[{"players":[{"playerId":2299591,"score":0,"energy":46},{"playerId":61319,"score":0,"energy":46},{"playerId":277917,"score":0,"energy":46},{"playerId":5722,"score":0,"energy":46}],"golds":[{"posx":8,"posy":4,"amount":50},{"posx":16,"posy":4,"amount":250},{"posx":7,"posy":4,"amount":750},{"posx":17,"posy":4,"amount":650},{"posx":4,"posy":4,"amount":450},{"posx":12,"posy":4,"amount":50},{"posx":9,"posy":1,"amount":600},{"posx":14,"posy":3,"amount":700},{"posx":12,"posy":2,"amount":600},{"posx":0,"posy":0,"amount":50},{"posx":6,"posy":7,"amount":150},{"posx":1,"posy":3,"amount":550},{"posx":3,"posy":1,"amount":400},{"posx":5,"posy":8,"amount":600},{"posx":3,"posy":5,"amount":600},{"posx":8,"posy":7,"amount":100},{"posx":5,"posy":3,"amount":700},{"posx":17,"posy":1,"amount":200},{"posx":15,"posy":2,"amount":300},{"posx":12,"posy":6,"amount":50}],"changedObstacles":[]},{"players":[{"playerId":2299591,"score":50,"energy":41},{"playerId":61319,"score":50,"energy":41},{"playerId":277917,"score":50,"energy":41},{"playerId":5722,"score":50,"energy":41}],"golds":[{"posx":0,"posy":0,"amount":50},{"posx":3,"posy":1,"amount":400},{"posx":9,"posy":1,"amount":600},{"posx":17,"posy":1,"amount":200},{"posx":12,"posy":2,"amount":600},{"posx":15,"posy":2,"amount":300},{"posx":1,"posy":3,"amount":550},{"posx":5,"posy":3,"amount":550},{"posx":14,"posy":3,"amount":700},{"posx":4,"posy":4,"amount":400},{"posx":7,"posy":4,"amount":750},{"posx":8,"posy":4,"amount":50},{"posx":12,"posy":4,"amount":50},{"posx":16,"posy":4,"amount":250},{"posx":17,"posy":4,"amount":650},{"posx":3,"posy":5,"amount":600},{"posx":12,"posy":6,"amount":50},{"posx":6,"posy":7,"amount":150},{"posx":8,"posy":7,"amount":100},{"posx":5,"posy":8,"amount":600}],"changedObstacles":[]},{"players":[{"playerId":2299591,"score":100,"energy":36},{"playerId":61319,"score":100,"energy":36},{"playerId":277917,"score":100,"energy":36},{"playerId":5722,"score":100,"energy":36}],"golds":[{"posx":0,"posy":0,"amount":50},{"posx":3,"posy":1,"amount":400},{"posx":9,"posy":1,"amount":600},{"posx":17,"posy":1,"amount":200},{"posx":12,"posy":2,"amount":600},{"posx":15,"posy":2,"amount":300},{"posx":1,"posy":3,"amount":550},{"posx":5,"posy":3,"amount":400},{"posx":14,"posy":3,"amount":700},{"posx":4,"posy":4,"amount":350},{"posx":7,"posy":4,"amount":750},{"posx":8,"posy":4,"amount":50},{"posx":12,"posy":4,"amount":50},{"posx":16,"posy":4,"amount":250},{"posx":17,"posy":4,"amount":650},{"posx":3,"posy":5,"amount":600},{"posx":12,"posy":6,"amount":50},{"posx":6,"posy":7,"amount":150},{"posx":8,"posy":7,"amount":100},{"posx":5,"posy":8,"amount":600}],"changedObstacles":[]},{"players":[{"playerId":2299591,"score":150,"energy":31},{"playerId":61319,"score":150,"energy":31},{"playerId":277917,"score":150,"energy":31},{"playerId":5722,"score":150,"energy":31}],"golds":[{"posx":0,"posy":0,"amount":50},{"posx":3,"posy":1,"amount":400},{"posx":9,"posy":1,"amount":600},{"posx":17,"posy":1,"amount":200},{"posx":12,"posy":2,"amount":600},{"posx":15,"posy":2,"amount":300},{"posx":1,"posy":3,"amount":550},{"posx":5,"posy":3,"amount":250},{"posx":14,"posy":3,"amount":700},{"posx":4,"posy":4,"amount":300},{"posx":7,"posy":4,"amount":750},{"posx":8,"posy":4,"amount":50},{"posx":12,"posy":4,"amount":50},{"posx":16,"posy":4,"amount":250},{"posx":17,"posy":4,"amount":650},{"posx":3,"posy":5,"amount":600},{"posx":12,"posy":6,"amount":50},{"posx":6,"posy":7,"amount":150},{"posx":8,"posy":7,"amount":100},{"posx":5,"posy":8,"amount":600}],"changedObstacles":[]},{"players":[{"playerId":2299591,"score":200,"energy":26},{"playerId":61319,"score":200,"energy":26},{"playerId":277917,"score":200,"energy":26},{"playerId":5722,"score":200,"energy":26}],"golds":[{"posx":0,"posy":0,"amount":50},{"posx":3,"posy":1,"amount":400},{"posx":9,"posy":1,"amount":600},{"posx":17,"posy":1,"amount":200},{"posx":12,"posy":2,"amount":600},{"posx":15,"posy":2,"amount":300},{"posx":1,"posy":3,"amount":550},{"posx":5,"posy":3,"amount":100},{"posx":14,"posy":3,"amount":700},{"posx":4,"posy":4,"amount":250},{"posx":7,"posy":4,"amount":750},{"posx":8,"posy":4,"amount":50},{"posx":12,"posy":4,"amount":50},{"posx":16,"posy":4,"amount":250},{"posx":17,"posy":4,"amount":650},{"posx":3,"posy":5,"amount":600},{"posx":12,"posy":6,"amount":50},{"posx":6,"posy":7,"amount":150},{"posx":8,"posy":7,"amount":100},{"posx":5,"posy":8,"amount":600}],"changedObstacles":[]},{"players":[{"playerId":2299591,"score":234,"energy":21},{"playerId":61319,"score":234,"energy":21},{"playerId":277917,"score":250,"energy":21},{"playerId":5722,"score":234,"energy":21}],"golds":[{"posx":0,"posy":0,"amount":50},{"posx":3,"posy":1,"amount":400},{"posx":9,"posy":1,"amount":600},{"posx":17,"posy":1,"amount":200},{"posx":12,"posy":2,"amount":600},{"posx":15,"posy":2,"amount":300},{"posx":1,"posy":3,"amount":550},{"posx":14,"posy":3,"amount":700},{"posx":4,"posy":4,"amount":200},{"posx":7,"posy":4,"amount":750},{"posx":8,"posy":4,"amount":50},{"posx":12,"posy":4,"amount":50},{"posx":16,"posy":4,"amount":250},{"posx":17,"posy":4,"amount":650},{"posx":3,"posy":5,"amount":600},{"posx":12,"posy":6,"amount":50},{"posx":6,"posy":7,"amount":150},{"posx":8,"posy":7,"amount":100},{"posx":5,"posy":8,"amount":600}],"changedObstacles":[{"type":0,"posx":5,"posy":3,"value":-1}]},{"players":[{"playerId":2299591,"score":234,"energy":20},{"playerId":61319,"score":234,"energy":16},{"playerId":277917,"score":300,"energy":16},{"playerId":5722,"score":234,"energy":20}],"golds":[{"posx":0,"posy":0,"amount":50},{"posx":3,"posy":1,"amount":400},{"posx":9,"posy":1,"amount":600},{"posx":17,"posy":1,"amount":200},{"posx":12,"posy":2,"amount":600},{"posx":15,"posy":2,"amount":300},{"posx":1,"posy":3,"amount":550},{"posx":14,"posy":3,"amount":700},{"posx":4,"posy":4,"amount":150},{"posx":7,"posy":4,"amount":750},{"posx":8,"posy":4,"amount":50},{"posx":12,"posy":4,"amount":50},{"posx":16,"posy":4,"amount":250},{"posx":17,"posy":4,"amount":650},{"posx":3,"posy":5,"amount":600},{"posx":12,"posy":6,"amount":50},{"posx":6,"posy":7,"amount":150},{"posx":8,"posy":7,"amount":100},{"posx":5,"posy":8,"amount":600}],"changedObstacles":[{"type":3,"posx":5,"posy":4,"value":-20}]},{"players":[{"playerId":2299591,"score":234,"energy":15},{"playerId":61319,"score":234,"energy":6},{"playerId":277917,"score":350,"energy":11},{"playerId":5722,"score":234,"energy":16}],"golds":[{"posx":0,"posy":0,"amount":50},{"posx":3,"posy":1,"amount":400},{"posx":9,"posy":1,"amount":600},{"posx":17,"posy":1,"amount":200},{"posx":12,"posy":2,"amount":600},{"posx":15,"posy":2,"amount":300},{"posx":1,"posy":3,"amount":550},{"posx":14,"posy":3,"amount":700},{"posx":4,"posy":4,"amount":100},{"posx":7,"posy":4,"amount":750},{"posx":8,"posy":4,"amount":50},{"posx":12,"posy":4,"amount":50},{"posx":16,"posy":4,"amount":250},{"posx":17,"posy":4,"amount":650},{"posx":3,"posy":5,"amount":600},{"posx":12,"posy":6,"amount":50},{"posx":6,"posy":7,"amount":150},{"posx":8,"posy":7,"amount":100},{"posx":5,"posy":8,"amount":600}],"changedObstacles":[{"type":0,"posx":6,"posy":4,"value":-1},{"type":3,"posx":4,"posy":2,"value":-20}]},{"players":[{"playerId":2299591,"score":234,"energy":27},{"playerId":61319,"score":234,"energy":2},{"playerId":277917,"score":350,"energy":23},{"playerId":5722,"score":284,"energy":11}],"golds":[{"posx":0,"posy":0,"amount":50},{"posx":3,"posy":1,"amount":400},{"posx":9,"posy":1,"amount":600},{"posx":17,"posy":1,"amount":200},{"posx":12,"posy":2,"amount":600},{"posx":15,"posy":2,"amount":300},{"posx":1,"posy":3,"amount":550},{"posx":14,"posy":3,"amount":700},{"posx":4,"posy":4,"amount":50},{"posx":7,"posy":4,"amount":750},{"posx":8,"posy":4,"amount":50},{"posx":12,"posy":4,"amount":50},{"posx":16,"posy":4,"amount":250},{"posx":17,"posy":4,"amount":650},{"posx":3,"posy":5,"amount":600},{"posx":12,"posy":6,"amount":50},{"posx":6,"posy":7,"amount":150},{"posx":8,"posy":7,"amount":100},{"posx":5,"posy":8,"amount":600}],"changedObstacles":[]},{"players":[{"playerId":2299591,"score":234,"energy":26},{"playerId":61319,"score":234,"energy":14},{"playerId":277917,"score":350,"energy":39},{"playerId":5722,"score":334,"energy":6}],"golds":[{"posx":0,"posy":0,"amount":50},{"posx":3,"posy":1,"amount":400},{"posx":9,"posy":1,"amount":600},{"posx":17,"posy":1,"amount":200},{"posx":12,"posy":2,"amount":600},{"posx":15,"posy":2,"amount":300},{"posx":1,"posy":3,"amount":550},{"posx":14,"posy":3,"amount":700},{"posx":7,"posy":4,"amount":750},{"posx":8,"posy":4,"amount":50},{"posx":12,"posy":4,"amount":50},{"posx":16,"posy":4,"amount":250},{"posx":17,"posy":4,"amount":650},{"posx":3,"posy":5,"amount":600},{"posx":12,"posy":6,"amount":50},{"posx":6,"posy":7,"amount":150},{"posx":8,"posy":7,"amount":100},{"posx":5,"posy":8,"amount":600}],"changedObstacles":[{"type":0,"posx":4,"posy":4,"value":-1}]},{"players":[{"playerId":2299591,"score":234,"energy":22},{"playerId":61319,"score":234,"energy":30},{"playerId":277917,"score":350,"energy":29},{"playerId":5722,"score":334,"energy":18}],"golds":[{"posx":0,"posy":0,"amount":50},{"posx":3,"posy":1,"amount":400},{"posx":9,"posy":1,"amount":600},{"posx":17,"posy":1,"amount":200},{"posx":12,"posy":2,"amount":600},{"posx":15,"posy":2,"amount":300},{"posx":1,"posy":3,"amount":550},{"posx":14,"posy":3,"amount":700},{"posx":7,"posy":4,"amount":750},{"posx":8,"posy":4,"amount":50},{"posx":12,"posy":4,"amount":50},{"posx":16,"posy":4,"amount":250},{"posx":17,"posy":4,"amount":650},{"posx":3,"posy":5,"amount":600},{"posx":12,"posy":6,"amount":50},{"posx":6,"posy":7,"amount":150},{"posx":8,"posy":7,"amount":100},{"posx":5,"posy":8,"amount":600}],"changedObstacles":[{"type":0,"posx":3,"posy":4,"value":-1}]},{"players":[{"playerId":2299591,"score":284,"energy":17},{"playerId":61319,"score":234,"energy":50},{"playerId":277917,"score":350,"energy":25},{"playerId":5722,"score":334,"energy":17}],"golds":[{"posx":0,"posy":0,"amount":50},{"posx":3,"posy":1,"amount":350},{"posx":9,"posy":1,"amount":600},{"posx":17,"posy":1,"amount":200},{"posx":12,"posy":2,"amount":600},{"posx":15,"posy":2,"amount":300},{"posx":1,"posy":3,"amount":550},{"posx":14,"posy":3,"amount":700},{"posx":7,"posy":4,"amount":750},{"posx":8,"posy":4,"amount":50},{"posx":12,"posy":4,"amount":50},{"posx":16,"posy":4,"amount":250},{"posx":17,"posy":4,"amount":650},{"posx":3,"posy":5,"amount":600},{"posx":12,"posy":6,"amount":50},{"posx":6,"posy":7,"amount":150},{"posx":8,"posy":7,"amount":100},{"posx":5,"posy":8,"amount":600}],"changedObstacles":[]},{"players":[{"playerId":2299591,"score":334,"energy":12},{"playerId":61319,"score":284,"energy":45},{"playerId":277917,"score":400,"energy":20},{"playerId":5722,"score":334,"energy":13}],"golds":[{"posx":0,"posy":0,"amount":50},{"posx":3,"posy":1,"amount":300},{"posx":9,"posy":1,"amount":600},{"posx":17,"posy":1,"amount":200},{"posx":12,"posy":2,"amount":600},{"posx":15,"posy":2,"amount":300},{"posx":1,"posy":3,"amount":550},{"posx":14,"posy":3,"amount":700},{"posx":7,"posy":4,"amount":700},{"posx":8,"posy":4,"amount":50},{"posx":12,"posy":4,"amount":50},{"posx":16,"posy":4,"amount":250},{"posx":17,"posy":4,"amount":650},{"posx":3,"posy":5,"amount":550},{"posx":12,"posy":6,"amount":50},{"posx":6,"posy":7,"amount":150},{"posx":8,"posy":7,"amount":100},{"posx":5,"posy":8,"amount":600}],"changedObstacles":[]},{"players":[{"playerId":2299591,"score":384,"energy":7},{"playerId":61319,"score":334,"energy":40},{"playerId":277917,"score":450,"energy":15},{"playerId":5722,"score":384,"energy":8}],"golds":[{"posx":0,"posy":0,"amount":50},{"posx":3,"posy":1,"amount":250},{"posx":9,"posy":1,"amount":600},{"posx":17,"posy":1,"amount":200},{"posx":12,"posy":2,"amount":600},{"posx":15,"posy":2,"amount":300},{"posx":1,"posy":3,"amount":550},{"posx":14,"posy":3,"amount":700},{"posx":7,"posy":4,"amount":650},{"posx":8,"posy":4,"amount":50},{"posx":12,"posy":4,"amount":50},{"posx":16,"posy":4,"amount":250},{"posx":17,"posy":4,"amount":650},{"posx":3,"posy":5,"amount":450},{"posx":12,"posy":6,"amount":50},{"posx":6,"posy":7,"amount":150},{"posx":8,"posy":7,"amount":100},{"posx":5,"posy":8,"amount":600}],"changedObstacles":[]},{"players":[{"playerId":2299591,"score":434,"energy":2},{"playerId":61319,"score":384,"energy":35},{"playerId":277917,"score":500,"energy":10},{"playerId":5722,"score":384,"energy":20}],"golds":[{"posx":0,"posy":0,"amount":50},{"posx":3,"posy":1,"amount":200},{"posx":9,"posy":1,"amount":600},{"posx":17,"posy":1,"amount":200},{"posx":12,"posy":2,"amount":600},{"posx":15,"posy":2,"amount":300},{"posx":1,"posy":3,"amount":550},{"posx":14,"posy":3,"amount":700},{"posx":7,"posy":4,"amount":600},{"posx":8,"posy":4,"amount":50},{"posx":12,"posy":4,"amount":50},{"posx":16,"posy":4,"amount":250},{"posx":17,"posy":4,"amount":650},{"posx":3,"posy":5,"amount":400},{"posx":12,"posy":6,"amount":50},{"posx":6,"posy":7,"amount":150},{"posx":8,"posy":7,"amount":100},{"posx":5,"posy":8,"amount":600}],"changedObstacles":[]},{"players":[{"playerId":2299591,"score":434,"energy":14},{"playerId":61319,"score":434,"energy":30},{"playerId":277917,"score":550,"energy":5},{"playerId":5722,"score":434,"energy":15}],"golds":[{"posx":0,"posy":0,"amount":50},{"posx":3,"posy":1,"amount":200},{"posx":9,"posy":1,"amount":600},{"posx":17,"posy":1,"amount":200},{"posx":12,"posy":2,"amount":600},{"posx":15,"posy":2,"amount":300},{"posx":1,"posy":3,"amount":550},{"posx":14,"posy":3,"amount":700},{"posx":7,"posy":4,"amount":550},{"posx":8,"posy":4,"amount":50},{"posx":12,"posy":4,"amount":50},{"posx":16,"posy":4,"amount":250},{"posx":17,"posy":4,"amount":650},{"posx":3,"posy":5,"amount":300},{"posx":12,"posy":6,"amount":50},{"posx":6,"posy":7,"amount":150},{"posx":8,"posy":7,"amount":100},{"posx":5,"posy":8,"amount":600}],"changedObstacles":[]},{"players":[{"playerId":2299591,"score":484,"energy":9},{"playerId":61319,"score":484,"energy":25},{"playerId":277917,"score":550,"energy":17},{"playerId":5722,"score":484,"energy":10}],"golds":[{"posx":0,"posy":0,"amount":50},{"posx":3,"posy":1,"amount":150},{"posx":9,"posy":1,"amount":600},{"posx":17,"posy":1,"amount":200},{"posx":12,"posy":2,"amount":600},{"posx":15,"posy":2,"amount":300},{"posx":1,"posy":3,"amount":550},{"posx":14,"posy":3,"amount":700},{"posx":7,"posy":4,"amount":500},{"posx":8,"posy":4,"amount":50},{"posx":12,"posy":4,"amount":50},{"posx":16,"posy":4,"amount":250},{"posx":17,"posy":4,"amount":650},{"posx":3,"posy":5,"amount":250},{"posx":12,"posy":6,"amount":50},{"posx":6,"posy":7,"amount":150},{"posx":8,"posy":7,"amount":100},{"posx":5,"posy":8,"amount":600}],"changedObstacles":[]},{"players":[{"playerId":2299591,"score":534,"energy":4},{"playerId":61319,"score":534,"energy":20},{"playerId":277917,"score":550,"energy":33},{"playerId":5722,"score":484,"energy":22}],"golds":[{"posx":0,"posy":0,"amount":50},{"posx":3,"posy":1,"amount":100},{"posx":9,"posy":1,"amount":600},{"posx":17,"posy":1,"amount":200},{"posx":12,"posy":2,"amount":600},{"posx":15,"posy":2,"amount":300},{"posx":1,"posy":3,"amount":550},{"posx":14,"posy":3,"amount":700},{"posx":7,"posy":4,"amount":450},{"posx":8,"posy":4,"amount":50},{"posx":12,"posy":4,"amount":50},{"posx":16,"posy":4,"amount":250},{"posx":17,"posy":4,"amount":650},{"posx":3,"posy":5,"amount":250},{"posx":12,"posy":6,"amount":50},{"posx":6,"posy":7,"amount":150},{"posx":8,"posy":7,"amount":100},{"posx":5,"posy":8,"amount":600}],"changedObstacles":[]},{"players":[{"playerId":2299591,"score":534,"energy":16},{"playerId":61319,"score":584,"energy":15},{"playerId":277917,"score":600,"energy":28},{"playerId":5722,"score":534,"energy":17}],"golds":[{"posx":0,"posy":0,"amount":50},{"posx":3,"posy":1,"amount":100},{"posx":9,"posy":1,"amount":600},{"posx":17,"posy":1,"amount":200},{"posx":12,"posy":2,"amount":600},{"posx":15,"posy":2,"amount":300},{"posx":1,"posy":3,"amount":550},{"posx":14,"posy":3,"amount":700},{"posx":7,"posy":4,"amount":400},{"posx":8,"posy":4,"amount":50},{"posx":12,"posy":4,"amount":50},{"posx":16,"posy":4,"amount":250},{"posx":17,"posy":4,"amount":650},{"posx":3,"posy":5,"amount":150},{"posx":12,"posy":6,"amount":50},{"posx":6,"posy":7,"amount":150},{"posx":8,"posy":7,"amount":100},{"posx":5,"posy":8,"amount":600}],"changedObstacles":[]},{"players":[{"playerId":2299591,"score":584,"energy":11},{"playerId":61319,"score":634,"energy":10},{"playerId":277917,"score":650,"energy":23},{"playerId":5722,"score":584,"energy":12}],"golds":[{"posx":0,"posy":0,"amount":50},{"posx":3,"posy":1,"amount":50},{"posx":9,"posy":1,"amount":600},{"posx":17,"posy":1,"amount":200},{"posx":12,"posy":2,"amount":600},{"posx":15,"posy":2,"amount":300},{"posx":1,"posy":3,"amount":550},{"posx":14,"posy":3,"amount":700},{"posx":7,"posy":4,"amount":350},{"posx":8,"posy":4,"amount":50},{"posx":12,"posy":4,"amount":50},{"posx":16,"posy":4,"amount":250},{"posx":17,"posy":4,"amount":650},{"posx":3,"posy":5,"amount":50},{"posx":12,"posy":6,"amount":50},{"posx":6,"posy":7,"amount":150},{"posx":8,"posy":7,"amount":100},{"posx":5,"posy":8,"amount":600}],"changedObstacles":[]},{"players":[{"playerId":2299591,"score":634,"energy":6},{"playerId":61319,"score":684,"energy":5},{"playerId":277917,"score":650,"energy":22},{"playerId":5722,"score":634,"energy":7}],"golds":[{"posx":0,"posy":0,"amount":50},{"posx":9,"posy":1,"amount":600},{"posx":17,"posy":1,"amount":200},{"posx":12,"posy":2,"amount":600},{"posx":15,"posy":2,"amount":300},{"posx":1,"posy":3,"amount":550},{"posx":14,"posy":3,"amount":700},{"posx":7,"posy":4,"amount":300},{"posx":8,"posy":4,"amount":50},{"posx":12,"posy":4,"amount":50},{"posx":16,"posy":4,"amount":250},{"posx":17,"posy":4,"amount":650},{"posx":12,"posy":6,"amount":50},{"posx":6,"posy":7,"amount":150},{"posx":8,"posy":7,"amount":100},{"posx":5,"posy":8,"amount":600}],"changedObstacles":[{"type":0,"posx":3,"posy":5,"value":-1},{"type":0,"posx":3,"posy":1,"value":-1}]},{"players":[{"playerId":2299591,"score":634,"energy":18},{"playerId":61319,"score":684,"energy":17},{"playerId":277917,"score":650,"energy":21},{"playerId":5722,"score":634,"energy":19}],"golds":[{"posx":0,"posy":0,"amount":50},{"posx":9,"posy":1,"amount":600},{"posx":17,"posy":1,"amount":200},{"posx":12,"posy":2,"amount":600},{"posx":15,"posy":2,"amount":300},{"posx":1,"posy":3,"amount":550},{"posx":14,"posy":3,"amount":700},{"posx":7,"posy":4,"amount":300},{"posx":8,"posy":4,"amount":50},{"posx":12,"posy":4,"amount":50},{"posx":16,"posy":4,"amount":250},{"posx":17,"posy":4,"amount":650},{"posx":12,"posy":6,"amount":50},{"posx":6,"posy":7,"amount":150},{"posx":8,"posy":7,"amount":100},{"posx":5,"posy":8,"amount":600}],"changedObstacles":[]},{"players":[{"playerId":2299591,"score":634,"energy":34},{"playerId":61319,"score":684,"energy":33},{"playerId":277917,"score":650,"energy":1},{"playerId":5722,"score":634,"energy":18}],"golds":[{"posx":0,"posy":0,"amount":50},{"posx":9,"posy":1,"amount":600},{"posx":17,"posy":1,"amount":200},{"posx":12,"posy":2,"amount":600},{"posx":15,"posy":2,"amount":300},{"posx":1,"posy":3,"amount":550},{"posx":14,"posy":3,"amount":700},{"posx":7,"posy":4,"amount":300},{"posx":8,"posy":4,"amount":50},{"posx":12,"posy":4,"amount":50},{"posx":16,"posy":4,"amount":250},{"posx":17,"posy":4,"amount":650},{"posx":12,"posy":6,"amount":50},{"posx":6,"posy":7,"amount":150},{"posx":8,"posy":7,"amount":100},{"posx":5,"posy":8,"amount":600}],"changedObstacles":[{"type":3,"posx":5,"posy":4,"value":-40}]},{"players":[{"playerId":2299591,"score":634,"energy":33},{"playerId":61319,"score":734,"energy":28},{"playerId":277917,"score":650,"energy":13},{"playerId":5722,"score":634,"energy":17}],"golds":[{"posx":0,"posy":0,"amount":50},{"posx":9,"posy":1,"amount":600},{"posx":17,"posy":1,"amount":200},{"posx":12,"posy":2,"amount":600},{"posx":15,"posy":2,"amount":300},{"posx":1,"posy":3,"amount":550},{"posx":14,"posy":3,"amount":700},{"posx":7,"posy":4,"amount":250},{"posx":8,"posy":4,"amount":50},{"posx":12,"posy":4,"amount":50},{"posx":16,"posy":4,"amount":250},{"posx":17,"posy":4,"amount":650},{"posx":12,"posy":6,"amount":50},{"posx":6,"posy":7,"amount":150},{"posx":8,"posy":7,"amount":100},{"posx":5,"posy":8,"amount":600}],"changedObstacles":[]},{"players":[{"playerId":2299591,"score":634,"energy":32},{"playerId":61319,"score":784,"energy":23},{"playerId":277917,"score":650,"energy":29},{"playerId":5722,"score":634,"energy":16}],"golds":[{"posx":0,"posy":0,"amount":50},{"posx":9,"posy":1,"amount":600},{"posx":17,"posy":1,"amount":200},{"posx":12,"posy":2,"amount":600},{"posx":15,"posy":2,"amount":300},{"posx":1,"posy":3,"amount":550},{"posx":14,"posy":3,"amount":700},{"posx":7,"posy":4,"amount":200},{"posx":8,"posy":4,"amount":50},{"posx":12,"posy":4,"amount":50},{"posx":16,"posy":4,"amount":250},{"posx":17,"posy":4,"amount":650},{"posx":12,"posy":6,"amount":50},{"posx":6,"posy":7,"amount":150},{"posx":8,"posy":7,"amount":100},{"posx":5,"posy":8,"amount":600}],"changedObstacles":[]},{"players":[{"playerId":2299591,"score":634,"energy":31},{"playerId":61319,"score":834,"energy":18},{"playerId":277917,"score":650,"energy":50},{"playerId":5722,"score":634,"energy":12}],"golds":[{"posx":0,"posy":0,"amount":50},{"posx":9,"posy":1,"amount":600},{"posx":17,"posy":1,"amount":200},{"posx":12,"posy":2,"amount":600},{"posx":15,"posy":2,"amount":300},{"posx":1,"posy":3,"amount":550},{"posx":14,"posy":3,"amount":700},{"posx":7,"posy":4,"amount":150},{"posx":8,"posy":4,"amount":50},{"posx":12,"posy":4,"amount":50},{"posx":16,"posy":4,"amount":250},{"posx":17,"posy":4,"amount":650},{"posx":12,"posy":6,"amount":50},{"posx":6,"posy":7,"amount":150},{"posx":8,"posy":7,"amount":100},{"posx":5,"posy":8,"amount":600}],"changedObstacles":[]},{"players":[{"playerId":2299591,"score":634,"energy":27},{"playerId":61319,"score":884,"energy":13},{"playerId":277917,"score":650,"energy":49},{"playerId":5722,"score":684,"energy":7}],"golds":[{"posx":0,"posy":0,"amount":50},{"posx":9,"posy":1,"amount":600},{"posx":17,"posy":1,"amount":200},{"posx":12,"posy":2,"amount":600},{"posx":15,"posy":2,"amount":300},{"posx":1,"posy":3,"amount":500},{"posx":14,"posy":3,"amount":700},{"posx":7,"posy":4,"amount":100},{"posx":8,"posy":4,"amount":50},{"posx":12,"posy":4,"amount":50},{"posx":16,"posy":4,"amount":250},{"posx":17,"posy":4,"amount":650},{"posx":12,"posy":6,"amount":50},{"posx":6,"posy":7,"amount":150},{"posx":8,"posy":7,"amount":100},{"posx":5,"posy":8,"amount":600}],"changedObstacles":[]},{"players":[{"playerId":2299591,"score":684,"energy":22},{"playerId":61319,"score":934,"energy":8},{"playerId":277917,"score":650,"energy":45},{"playerId":5722,"score":684,"energy":19}],"golds":[{"posx":0,"posy":0,"amount":50},{"posx":9,"posy":1,"amount":600},{"posx":17,"posy":1,"amount":200},{"posx":12,"posy":2,"amount":600},{"posx":15,"posy":2,"amount":300},{"posx":1,"posy":3,"amount":450},{"posx":14,"posy":3,"amount":700},{"posx":7,"posy":4,"amount":50},{"posx":8,"posy":4,"amount":50},{"posx":12,"posy":4,"amount":50},{"posx":16,"posy":4,"amount":250},{"posx":17,"posy":4,"amount":650},{"posx":12,"posy":6,"amount":50},{"posx":6,"posy":7,"amount":150},{"posx":8,"posy":7,"amount":100},{"posx":5,"posy":8,"amount":600}],"changedObstacles":[]},{"players":[{"playerId":2299591,"score":734,"energy":17},{"playerId":61319,"score":984,"energy":3},{"playerId":277917,"score":650,"energy":41},{"playerId":5722,"score":734,"energy":14}],"golds":[{"posx":0,"posy":0,"amount":50},{"posx":9,"posy":1,"amount":600},{"posx":17,"posy":1,"amount":200},{"posx":12,"posy":2,"amount":600},{"posx":15,"posy":2,"amount":300},{"posx":1,"posy":3,"amount":350},{"posx":14,"posy":3,"amount":700},{"posx":8,"posy":4,"amount":50},{"posx":12,"posy":4,"amount":50},{"posx":16,"posy":4,"amount":250},{"posx":17,"posy":4,"amount":650},{"posx":12,"posy":6,"amount":50},{"posx":6,"posy":7,"amount":150},{"posx":8,"posy":7,"amount":100},{"posx":5,"posy":8,"amount":600}],"changedObstacles":[{"type":0,"posx":7,"posy":4,"value":-1}]},{"players":[{"playerId":2299591,"score":784,"energy":12},{"playerId":61319,"score":984,"energy":15},{"playerId":277917,"score":700,"energy":36},{"playerId":5722,"score":784,"energy":9}],"golds":[{"posx":0,"posy":0,"amount":50},{"posx":9,"posy":1,"amount":600},{"posx":17,"posy":1,"amount":200},{"posx":12,"posy":2,"amount":600},{"posx":15,"posy":2,"amount":300},{"posx":1,"posy":3,"amount":250},{"posx":14,"posy":3,"amount":700},{"posx":12,"posy":4,"amount":50},{"posx":16,"posy":4,"amount":250},{"posx":17,"posy":4,"amount":650},{"posx":12,"posy":6,"amount":50},{"posx":6,"posy":7,"amount":150},{"posx":8,"posy":7,"amount":100},{"posx":5,"posy":8,"amount":600}],"changedObstacles":[{"type":0,"posx":8,"posy":4,"value":-1}]},{"players":[{"playerId":2299591,"score":834,"energy":7},{"playerId":61319,"score":984,"energy":14},{"playerId":277917,"score":700,"energy":35},{"playerId":5722,"score":784,"energy":21}],"golds":[{"posx":0,"posy":0,"amount":50},{"posx":9,"posy":1,"amount":600},{"posx":17,"posy":1,"amount":200},{"posx":12,"posy":2,"amount":600},{"posx":15,"posy":2,"amount":300},{"posx":1,"posy":3,"amount":200},{"posx":14,"posy":3,"amount":700},{"posx":12,"posy":4,"amount":50},{"posx":16,"posy":4,"amount":250},{"posx":17,"posy":4,"amount":650},{"posx":12,"posy":6,"amount":50},{"posx":6,"posy":7,"amount":150},{"posx":8,"posy":7,"amount":100},{"posx":5,"posy":8,"amount":600}],"changedObstacles":[]},{"players":[{"playerId":2299591,"score":884,"energy":2},{"playerId":61319,"score":984,"energy":13},{"playerId":277917,"score":700,"energy":25},{"playerId":5722,"score":834,"energy":16}],"golds":[{"posx":0,"posy":0,"amount":50},{"posx":9,"posy":1,"amount":600},{"posx":17,"posy":1,"amount":200},{"posx":12,"posy":2,"amount":600},{"posx":15,"posy":2,"amount":300},{"posx":1,"posy":3,"amount":100},{"posx":14,"posy":3,"amount":700},{"posx":12,"posy":4,"amount":50},{"posx":16,"posy":4,"amount":250},{"posx":17,"posy":4,"amount":650},{"posx":12,"posy":6,"amount":50},{"posx":6,"posy":7,"amount":150},{"posx":8,"posy":7,"amount":100},{"posx":5,"posy":8,"amount":600}],"changedObstacles":[{"type":0,"posx":10,"posy":4,"value":-1}]},{"players":[{"playerId":2299591,"score":884,"energy":14},{"playerId":61319,"score":984,"energy":12},{"playerId":277917,"score":700,"energy":24},{"playerId":5722,"score":884,"energy":11}],"golds":[{"posx":0,"posy":0,"amount":50},{"posx":9,"posy":1,"amount":600},{"posx":17,"posy":1,"amount":200},{"posx":12,"posy":2,"amount":600},{"posx":15,"posy":2,"amount":300},{"posx":1,"posy":3,"amount":50},{"posx":14,"posy":3,"amount":700},{"posx":12,"posy":4,"amount":50},{"posx":16,"posy":4,"amount":250},{"posx":17,"posy":4,"amount":650},{"posx":12,"posy":6,"amount":50},{"posx":6,"posy":7,"amount":150},{"posx":8,"posy":7,"amount":100},{"posx":5,"posy":8,"amount":600}],"changedObstacles":[]},{"players":[{"playerId":2299591,"score":909,"energy":9},{"playerId":61319,"score":984,"energy":11},{"playerId":277917,"score":700,"energy":20},{"playerId":5722,"score":909,"energy":6}],"golds":[{"posx":0,"posy":0,"amount":50},{"posx":9,"posy":1,"amount":600},{"posx":17,"posy":1,"amount":200},{"posx":12,"posy":2,"amount":600},{"posx":15,"posy":2,"amount":300},{"posx":14,"posy":3,"amount":700},{"posx":12,"posy":4,"amount":50},{"posx":16,"posy":4,"amount":250},{"posx":17,"posy":4,"amount":650},{"posx":12,"posy":6,"amount":50},{"posx":6,"posy":7,"amount":150},{"posx":8,"posy":7,"amount":100},{"posx":5,"posy":8,"amount":600}],"changedObstacles":[{"type":0,"posx":1,"posy":3,"value":-1}]},{"players":[{"playerId":2299591,"score":909,"energy":21},{"playerId":61319,"score":984,"energy":7},{"playerId":277917,"score":750,"energy":15},{"playerId":5722,"score":909,"energy":18}],"golds":[{"posx":0,"posy":0,"amount":50},{"posx":9,"posy":1,"amount":600},{"posx":17,"posy":1,"amount":200},{"posx":12,"posy":2,"amount":600},{"posx":15,"posy":2,"amount":300},{"posx":14,"posy":3,"amount":700},{"posx":16,"posy":4,"amount":250},{"posx":17,"posy":4,"amount":650},{"posx":12,"posy":6,"amount":50},{"posx":6,"posy":7,"amount":150},{"posx":8,"posy":7,"amount":100},{"posx":5,"posy":8,"amount":600}],"changedObstacles":[{"type":0,"posx":12,"posy":4,"value":-1}]},{"players":[{"playerId":2299591,"score":909,"energy":20},{"playerId":61319,"score":1034,"energy":2},{"playerId":277917,"score":750,"energy":10},{"playerId":5722,"score":909,"energy":34}],"golds":[{"posx":0,"posy":0,"amount":50},{"posx":9,"posy":1,"amount":550},{"posx":17,"posy":1,"amount":200},{"posx":12,"posy":2,"amount":600},{"posx":15,"posy":2,"amount":300},{"posx":14,"posy":3,"amount":700},{"posx":16,"posy":4,"amount":250},{"posx":17,"posy":4,"amount":650},{"posx":12,"posy":6,"amount":50},{"posx":6,"posy":7,"amount":150},{"posx":8,"posy":7,"amount":100},{"posx":5,"posy":8,"amount":600}],"changedObstacles":[{"type":3,"posx":13,"posy":4,"value":-20}]},{"players":[{"playerId":2299591,"score":909,"energy":19},{"playerId":61319,"score":1034,"energy":14},{"playerId":277917,"score":750,"energy":5},{"playerId":5722,"score":909,"energy":33}],"golds":[{"posx":0,"posy":0,"amount":50},{"posx":9,"posy":1,"amount":550},{"posx":17,"posy":1,"amount":200},{"posx":12,"posy":2,"amount":600},{"posx":15,"posy":2,"amount":300},{"posx":14,"posy":3,"amount":700},{"posx":16,"posy":4,"amount":250},{"posx":17,"posy":4,"amount":650},{"posx":12,"posy":6,"amount":50},{"posx":6,"posy":7,"amount":150},{"posx":8,"posy":7,"amount":100},{"posx":5,"posy":8,"amount":600}],"changedObstacles":[{"type":3,"posx":14,"posy":4,"value":-20}]},{"players":[{"playerId":2299591,"score":909,"energy":31},{"playerId":61319,"score":1034,"energy":30},{"playerId":277917,"score":750,"energy":1},{"playerId":5722,"score":909,"energy":32}],"golds":[{"posx":0,"posy":0,"amount":50},{"posx":9,"posy":1,"amount":550},{"posx":17,"posy":1,"amount":200},{"posx":12,"posy":2,"amount":600},{"posx":15,"posy":2,"amount":300},{"posx":14,"posy":3,"amount":700},{"posx":16,"posy":4,"amount":250},{"posx":17,"posy":4,"amount":650},{"posx":12,"posy":6,"amount":50},{"posx":6,"posy":7,"amount":150},{"posx":8,"posy":7,"amount":100},{"posx":5,"posy":8,"amount":600}],"changedObstacles":[]},{"players":[{"playerId":2299591,"score":909,"energy":30},{"playerId":61319,"score":1034,"energy":50},{"playerId":277917,"score":750,"energy":13},{"playerId":5722,"score":909,"energy":31}],"golds":[{"posx":0,"posy":0,"amount":50},{"posx":9,"posy":1,"amount":550},{"posx":17,"posy":1,"amount":200},{"posx":12,"posy":2,"amount":600},{"posx":15,"posy":2,"amount":300},{"posx":14,"posy":3,"amount":700},{"posx":16,"posy":4,"amount":250},{"posx":17,"posy":4,"amount":650},{"posx":12,"posy":6,"amount":50},{"posx":6,"posy":7,"amount":150},{"posx":8,"posy":7,"amount":100},{"posx":5,"posy":8,"amount":600}],"changedObstacles":[]},{"players":[{"playerId":2299591,"score":909,"energy":29},{"playerId":61319,"score":1084,"energy":45},{"playerId":277917,"score":750,"energy":29},{"playerId":5722,"score":909,"energy":30}],"golds":[{"posx":0,"posy":0,"amount":50},{"posx":9,"posy":1,"amount":500},{"posx":17,"posy":1,"amount":200},{"posx":12,"posy":2,"amount":600},{"posx":15,"posy":2,"amount":300},{"posx":14,"posy":3,"amount":700},{"posx":16,"posy":4,"amount":250},{"posx":17,"posy":4,"amount":650},{"posx":12,"posy":6,"amount":50},{"posx":6,"posy":7,"amount":150},{"posx":8,"posy":7,"amount":100},{"posx":5,"posy":8,"amount":600}],"changedObstacles":[]},{"players":[{"playerId":2299591,"score":909,"energy":28},{"playerId":61319,"score":1134,"energy":40},{"playerId":277917,"score":750,"energy":50},{"playerId":5722,"score":909,"energy":29}],"golds":[{"posx":0,"posy":0,"amount":50},{"posx":9,"posy":1,"amount":450},{"posx":17,"posy":1,"amount":200},{"posx":12,"posy":2,"amount":600},{"posx":15,"posy":2,"amount":300},{"posx":14,"posy":3,"amount":700},{"posx":16,"posy":4,"amount":250},{"posx":17,"posy":4,"amount":650},{"posx":12,"posy":6,"amount":50},{"posx":6,"posy":7,"amount":150},{"posx":8,"posy":7,"amount":100},{"posx":5,"posy":8,"amount":600}],"changedObstacles":[]},{"players":[{"playerId":2299591,"score":909,"energy":27},{"playerId":61319,"score":1184,"energy":35},{"playerId":277917,"score":800,"energy":45},{"playerId":5722,"score":909,"energy":19}],"golds":[{"posx":0,"posy":0,"amount":50},{"posx":9,"posy":1,"amount":400},{"posx":17,"posy":1,"amount":200},{"posx":12,"posy":2,"amount":600},{"posx":15,"posy":2,"amount":300},{"posx":14,"posy":3,"amount":650},{"posx":16,"posy":4,"amount":250},{"posx":17,"posy":4,"amount":650},{"posx":12,"posy":6,"amount":50},{"posx":6,"posy":7,"amount":150},{"posx":8,"posy":7,"amount":100},{"posx":5,"posy":8,"amount":600}],"changedObstacles":[{"type":0,"posx":1,"posy":1,"value":-1}]},{"players":[{"playerId":2299591,"score":909,"energy":26},{"playerId":61319,"score":1234,"energy":30},{"playerId":277917,"score":850,"energy":40},{"playerId":5722,"score":909,"energy":31}],"golds":[{"posx":0,"posy":0,"amount":50},{"posx":9,"posy":1,"amount":350},{"posx":17,"posy":1,"amount":200},{"posx":12,"posy":2,"amount":600},{"posx":15,"posy":2,"amount":300},{"posx":14,"posy":3,"amount":600},{"posx":16,"posy":4,"amount":250},{"posx":17,"posy":4,"amount":650},{"posx":12,"posy":6,"amount":50},{"posx":6,"posy":7,"amount":150},{"posx":8,"posy":7,"amount":100},{"posx":5,"posy":8,"amount":600}],"changedObstacles":[]},{"players":[{"playerId":2299591,"score":909,"energy":16},{"playerId":61319,"score":1284,"energy":25},{"playerId":277917,"score":900,"energy":35},{"playerId":5722,"score":909,"energy":30}],"golds":[{"posx":0,"posy":0,"amount":50},{"posx":9,"posy":1,"amount":300},{"posx":17,"posy":1,"amount":200},{"posx":12,"posy":2,"amount":600},{"posx":15,"posy":2,"amount":300},{"posx":14,"posy":3,"amount":550},{"posx":16,"posy":4,"amount":250},{"posx":17,"posy":4,"amount":650},{"posx":12,"posy":6,"amount":50},{"posx":6,"posy":7,"amount":150},{"posx":8,"posy":7,"amount":100},{"posx":5,"posy":8,"amount":600}],"changedObstacles":[{"type":0,"posx":6,"posy":2,"value":-1}]},{"players":[{"playerId":2299591,"score":909,"energy":28},{"playerId":61319,"score":1334,"energy":20},{"playerId":277917,"score":950,"energy":30},{"playerId":5722,"score":909,"energy":26}],"golds":[{"posx":0,"posy":0,"amount":50},{"posx":9,"posy":1,"amount":250},{"posx":17,"posy":1,"amount":200},{"posx":12,"posy":2,"amount":600},{"posx":15,"posy":2,"amount":300},{"posx":14,"posy":3,"amount":500},{"posx":16,"posy":4,"amount":250},{"posx":17,"posy":4,"amount":650},{"posx":12,"posy":6,"amount":50},{"posx":6,"posy":7,"amount":150},{"posx":8,"posy":7,"amount":100},{"posx":5,"posy":8,"amount":600}],"changedObstacles":[]},{"players":[{"playerId":2299591,"score":909,"energy":27},{"playerId":61319,"score":1384,"energy":15},{"playerId":277917,"score":1000,"energy":25},{"playerId":5722,"score":959,"energy":21}],"golds":[{"posx":9,"posy":1,"amount":200},{"posx":17,"posy":1,"amount":200},{"posx":12,"posy":2,"amount":600},{"posx":15,"posy":2,"amount":300},{"posx":14,"posy":3,"amount":450},{"posx":16,"posy":4,"amount":250},{"posx":17,"posy":4,"amount":650},{"posx":12,"posy":6,"amount":50},{"posx":6,"posy":7,"amount":150},{"posx":8,"posy":7,"amount":100},{"posx":5,"posy":8,"amount":600}],"changedObstacles":[{"type":0,"posx":0,"posy":0,"value":-1}]},{"players":[{"playerId":2299591,"score":909,"energy":26},{"playerId":61319,"score":1434,"energy":10},{"playerId":277917,"score":1050,"energy":20},{"playerId":5722,"score":959,"energy":20}],"golds":[{"posx":9,"posy":1,"amount":150},{"posx":17,"posy":1,"amount":200},{"posx":12,"posy":2,"amount":600},{"posx":15,"posy":2,"amount":300},{"posx":14,"posy":3,"amount":400},{"posx":16,"posy":4,"amount":250},{"posx":17,"posy":4,"amount":650},{"posx":12,"posy":6,"amount":50},{"posx":6,"posy":7,"amount":150},{"posx":8,"posy":7,"amount":100},{"posx":5,"posy":8,"amount":600}],"changedObstacles":[]},{"players":[{"playerId":2299591,"score":909,"energy":25},{"playerId":61319,"score":1484,"energy":5},{"playerId":277917,"score":1100,"energy":15},{"playerId":5722,"score":959,"energy":32}],"golds":[{"posx":9,"posy":1,"amount":100},{"posx":17,"posy":1,"amount":200},{"posx":12,"posy":2,"amount":600},{"posx":15,"posy":2,"amount":300},{"posx":14,"posy":3,"amount":350},{"posx":16,"posy":4,"amount":250},{"posx":17,"posy":4,"amount":650},{"posx":12,"posy":6,"amount":50},{"posx":6,"posy":7,"amount":150},{"posx":8,"posy":7,"amount":100},{"posx":5,"posy":8,"amount":600}],"changedObstacles":[]},{"players":[{"playerId":2299591,"score":909,"energy":24},{"playerId":61319,"score":1484,"energy":17},{"playerId":277917,"score":1150,"energy":10},{"playerId":5722,"score":959,"energy":31}],"golds":[{"posx":9,"posy":1,"amount":100},{"posx":17,"posy":1,"amount":200},{"posx":12,"posy":2,"amount":600},{"posx":15,"posy":2,"amount":300},{"posx":14,"posy":3,"amount":300},{"posx":16,"posy":4,"amount":250},{"posx":17,"posy":4,"amount":650},{"posx":12,"posy":6,"amount":50},{"posx":6,"posy":7,"amount":150},{"posx":8,"posy":7,"amount":100},{"posx":5,"posy":8,"amount":600}],"changedObstacles":[]},{"players":[{"playerId":2299591,"score":909,"energy":23},{"playerId":61319,"score":1534,"energy":12},{"playerId":277917,"score":1200,"energy":5},{"playerId":5722,"score":959,"energy":18}],"golds":[{"posx":9,"posy":1,"amount":50},{"posx":17,"posy":1,"amount":200},{"posx":12,"posy":2,"amount":600},{"posx":15,"posy":2,"amount":300},{"posx":14,"posy":3,"amount":250},{"posx":16,"posy":4,"amount":250},{"posx":17,"posy":4,"amount":650},{"posx":12,"posy":6,"amount":50},{"posx":6,"posy":7,"amount":150},{"posx":8,"posy":7,"amount":100},{"posx":5,"posy":8,"amount":600}],"changedObstacles":[]},{"players":[{"playerId":2299591,"score":909,"energy":22},{"playerId":61319,"score":1584,"energy":7},{"playerId":277917,"score":1200,"energy":17},{"playerId":5722,"score":959,"energy":17}],"golds":[{"posx":17,"posy":1,"amount":200},{"posx":12,"posy":2,"amount":600},{"posx":15,"posy":2,"amount":300},{"posx":14,"posy":3,"amount":250},{"posx":16,"posy":4,"amount":250},{"posx":17,"posy":4,"amount":650},{"posx":12,"posy":6,"amount":50},{"posx":6,"posy":7,"amount":150},{"posx":8,"posy":7,"amount":100},{"posx":5,"posy":8,"amount":600}],"changedObstacles":[{"type":0,"posx":9,"posy":1,"value":-1}]},{"players":[{"playerId":2299591,"score":909,"energy":21},{"playerId":61319,"score":1584,"energy":19},{"playerId":277917,"score":1200,"energy":33},{"playerId":5722,"score":959,"energy":29}],"golds":[{"posx":17,"posy":1,"amount":200},{"posx":12,"posy":2,"amount":600},{"posx":15,"posy":2,"amount":300},{"posx":14,"posy":3,"amount":250},{"posx":16,"posy":4,"amount":250},{"posx":17,"posy":4,"amount":650},{"posx":12,"posy":6,"amount":50},{"posx":6,"posy":7,"amount":150},{"posx":8,"posy":7,"amount":100},{"posx":5,"posy":8,"amount":600}],"changedObstacles":[]},{"players":[{"playerId":2299591,"score":909,"energy":20},{"playerId":61319,"score":1584,"energy":35},{"playerId":277917,"score":1200,"energy":50},{"playerId":5722,"score":959,"energy":28}],"golds":[{"posx":17,"posy":1,"amount":200},{"posx":12,"posy":2,"amount":600},{"posx":15,"posy":2,"amount":300},{"posx":14,"posy":3,"amount":250},{"posx":16,"posy":4,"amount":250},{"posx":17,"posy":4,"amount":650},{"posx":12,"posy":6,"amount":50},{"posx":6,"posy":7,"amount":150},{"posx":8,"posy":7,"amount":100},{"posx":5,"posy":8,"amount":600}],"changedObstacles":[]},{"players":[{"playerId":2299591,"score":909,"energy":19},{"playerId":61319,"score":1584,"energy":25},{"playerId":277917,"score":1250,"energy":45},{"playerId":5722,"score":959,"energy":27}],"golds":[{"posx":17,"posy":1,"amount":200},{"posx":12,"posy":2,"amount":600},{"posx":15,"posy":2,"amount":300},{"posx":14,"posy":3,"amount":200},{"posx":16,"posy":4,"amount":250},{"posx":17,"posy":4,"amount":650},{"posx":12,"posy":6,"amount":50},{"posx":6,"posy":7,"amount":150},{"posx":8,"posy":7,"amount":100},{"posx":5,"posy":8,"amount":600}],"changedObstacles":[{"type":0,"posx":9,"posy":2,"value":-1}]},{"players":[{"playerId":2299591,"score":909,"energy":31},{"playerId":61319,"score":1584,"energy":20},{"playerId":277917,"score":1300,"energy":40},{"playerId":5722,"score":959,"energy":26}],"golds":[{"posx":17,"posy":1,"amount":200},{"posx":12,"posy":2,"amount":600},{"posx":15,"posy":2,"amount":300},{"posx":14,"posy":3,"amount":150},{"posx":16,"posy":4,"amount":250},{"posx":17,"posy":4,"amount":650},{"posx":12,"posy":6,"amount":50},{"posx":6,"posy":7,"amount":150},{"posx":8,"posy":7,"amount":100},{"posx":5,"posy":8,"amount":600}],"changedObstacles":[{"type":3,"posx":10,"posy":2,"value":-20}]},{"players":[{"playerId":2299591,"score":909,"energy":27},{"playerId":61319,"score":1584,"energy":15},{"playerId":277917,"score":1350,"energy":35},{"playerId":5722,"score":959,"energy":25}],"golds":[{"posx":17,"posy":1,"amount":200},{"posx":12,"posy":2,"amount":600},{"posx":15,"posy":2,"amount":300},{"posx":14,"posy":3,"amount":100},{"posx":16,"posy":4,"amount":250},{"posx":17,"posy":4,"amount":650},{"posx":12,"posy":6,"amount":50},{"posx":6,"posy":7,"amount":150},{"posx":8,"posy":7,"amount":100},{"posx":5,"posy":8,"amount":600}],"changedObstacles":[{"type":3,"posx":11,"posy":2,"value":-20}]},{"players":[{"playerId":2299591,"score":959,"energy":22},{"playerId":61319,"score":1584,"energy":11},{"playerId":277917,"score":1400,"energy":30},{"playerId":5722,"score":959,"energy":24}],"golds":[{"posx":17,"posy":1,"amount":200},{"posx":12,"posy":2,"amount":550},{"posx":15,"posy":2,"amount":300},{"posx":14,"posy":3,"amount":50},{"posx":16,"posy":4,"amount":250},{"posx":17,"posy":4,"amount":650},{"posx":12,"posy":6,"amount":50},{"posx":6,"posy":7,"amount":150},{"posx":8,"posy":7,"amount":100},{"posx":5,"posy":8,"amount":600}],"changedObstacles":[]},{"players":[{"playerId":2299591,"score":1009,"energy":17},{"playerId":61319,"score":1634,"energy":6},{"playerId":277917,"score":1450,"energy":25},{"playerId":5722,"score":959,"energy":23}],"golds":[{"posx":17,"posy":1,"amount":200},{"posx":12,"posy":2,"amount":450},{"posx":15,"posy":2,"amount":300},{"posx":16,"posy":4,"amount":250},{"posx":17,"posy":4,"amount":650},{"posx":12,"posy":6,"amount":50},{"posx":6,"posy":7,"amount":150},{"posx":8,"posy":7,"amount":100},{"posx":5,"posy":8,"amount":600}],"changedObstacles":[{"type":0,"posx":14,"posy":3,"value":-1}]},{"players":[{"playerId":2299591,"score":1059,"energy":12},{"playerId":61319,"score":1684,"energy":1},{"playerId":277917,"score":1450,"energy":24},{"playerId":5722,"score":959,"energy":22}],"golds":[{"posx":17,"posy":1,"amount":200},{"posx":12,"posy":2,"amount":350},{"posx":15,"posy":2,"amount":300},{"posx":16,"posy":4,"amount":250},{"posx":17,"posy":4,"amount":650},{"posx":12,"posy":6,"amount":50},{"posx":6,"posy":7,"amount":150},{"posx":8,"posy":7,"amount":100},{"posx":5,"posy":8,"amount":600}],"changedObstacles":[]},{"players":[{"playerId":2299591,"score":1109,"energy":7},{"playerId":61319,"score":1684,"energy":13},{"playerId":277917,"score":1450,"energy":20},{"playerId":5722,"score":959,"energy":17}],"golds":[{"posx":17,"posy":1,"amount":200},{"posx":12,"posy":2,"amount":300},{"posx":15,"posy":2,"amount":300},{"posx":16,"posy":4,"amount":250},{"posx":17,"posy":4,"amount":650},{"posx":12,"posy":6,"amount":50},{"posx":6,"posy":7,"amount":150},{"posx":8,"posy":7,"amount":100},{"posx":5,"posy":8,"amount":600}],"changedObstacles":[{"type":3,"posx":3,"posy":7,"value":-20}]},{"players":[{"playerId":2299591,"score":1159,"energy":2},{"playerId":61319,"score":1684,"energy":29},{"playerId":277917,"score":1500,"energy":15},{"playerId":5722,"score":959,"energy":7}],"golds":[{"posx":17,"posy":1,"amount":200},{"posx":12,"posy":2,"amount":250},{"posx":15,"posy":2,"amount":250},{"posx":16,"posy":4,"amount":250},{"posx":17,"posy":4,"amount":650},{"posx":12,"posy":6,"amount":50},{"posx":6,"posy":7,"amount":150},{"posx":8,"posy":7,"amount":100},{"posx":5,"posy":8,"amount":600}],"changedObstacles":[{"type":0,"posx":4,"posy":7,"value":-1}]},{"players":[{"playerId":2299591,"score":1159,"energy":14},{"playerId":61319,"score":1734,"energy":24},{"playerId":277917,"score":1550,"energy":10},{"playerId":5722,"score":959,"energy":19}],"golds":[{"posx":17,"posy":1,"amount":200},{"posx":12,"posy":2,"amount":200},{"posx":15,"posy":2,"amount":200},{"posx":16,"posy":4,"amount":250},{"posx":17,"posy":4,"amount":650},{"posx":12,"posy":6,"amount":50},{"posx":6,"posy":7,"amount":150},{"posx":8,"posy":7,"amount":100},{"posx":5,"posy":8,"amount":600}],"changedObstacles":[]},{"players":[{"playerId":2299591,"score":1209,"energy":9},{"playerId":61319,"score":1784,"energy":19},{"playerId":277917,"score":1600,"energy":5},{"playerId":5722,"score":959,"energy":18}],"golds":[{"posx":17,"posy":1,"amount":200},{"posx":12,"posy":2,"amount":100},{"posx":15,"posy":2,"amount":150},{"posx":16,"posy":4,"amount":250},{"posx":17,"posy":4,"amount":650},{"posx":12,"posy":6,"amount":50},{"posx":6,"posy":7,"amount":150},{"posx":8,"posy":7,"amount":100},{"posx":5,"posy":8,"amount":600}],"changedObstacles":[]},{"players":[{"playerId":2299591,"score":1259,"energy":4},{"playerId":61319,"score":1834,"energy":14},{"playerId":277917,"score":1600,"energy":17},{"playerId":5722,"score":959,"energy":14}],"golds":[{"posx":17,"posy":1,"amount":200},{"posx":15,"posy":2,"amount":150},{"posx":16,"posy":4,"amount":250},{"posx":17,"posy":4,"amount":650},{"posx":12,"posy":6,"amount":50},{"posx":6,"posy":7,"amount":150},{"posx":8,"posy":7,"amount":100},{"posx":5,"posy":8,"amount":600}],"changedObstacles":[{"type":0,"posx":12,"posy":2,"value":-1}]},{"players":[{"playerId":2299591,"score":1259,"energy":16},{"playerId":61319,"score":1834,"energy":13},{"playerId":277917,"score":1600,"energy":33},{"playerId":5722,"score":1009,"energy":9}],"golds":[{"posx":17,"posy":1,"amount":200},{"posx":15,"posy":2,"amount":150},{"posx":16,"posy":4,"amount":250},{"posx":17,"posy":4,"amount":650},{"posx":12,"posy":6,"amount":50},{"posx":6,"posy":7,"amount":100},{"posx":8,"posy":7,"amount":100},{"posx":5,"posy":8,"amount":600}],"changedObstacles":[]},{"players":[{"playerId":2299591,"score":1259,"energy":32},{"playerId":61319,"score":1834,"energy":25},{"playerId":277917,"score":1600,"energy":50},{"playerId":5722,"score":1009,"energy":21}],"golds":[{"posx":17,"posy":1,"amount":200},{"posx":15,"posy":2,"amount":150},{"posx":16,"posy":4,"amount":250},{"posx":17,"posy":4,"amount":650},{"posx":12,"posy":6,"amount":50},{"posx":6,"posy":7,"amount":100},{"posx":8,"posy":7,"amount":100},{"posx":5,"posy":8,"amount":600}],"changedObstacles":[]},{"players":[{"playerId":2299591,"score":1259,"energy":31},{"playerId":61319,"score":1834,"energy":41},{"playerId":277917,"score":1650,"energy":45},{"playerId":5722,"score":1059,"energy":16}],"golds":[{"posx":17,"posy":1,"amount":200},{"posx":15,"posy":2,"amount":100},{"posx":16,"posy":4,"amount":250},{"posx":17,"posy":4,"amount":650},{"posx":12,"posy":6,"amount":50},{"posx":6,"posy":7,"amount":50},{"posx":8,"posy":7,"amount":100},{"posx":5,"posy":8,"amount":600}],"changedObstacles":[]},{"players":[{"playerId":2299591,"score":1259,"energy":30},{"playerId":61319,"score":1834,"energy":24},{"playerId":277917,"score":1700,"energy":40},{"playerId":5722,"score":1109,"energy":11}],"golds":[{"posx":17,"posy":1,"amount":200},{"posx":15,"posy":2,"amount":50},{"posx":16,"posy":4,"amount":250},{"posx":17,"posy":4,"amount":650},{"posx":12,"posy":6,"amount":50},{"posx":8,"posy":7,"amount":100},{"posx":5,"posy":8,"amount":600}],"changedObstacles":[{"type":0,"posx":6,"posy":7,"value":-1}]},{"players":[{"playerId":2299591,"score":1259,"energy":29},{"playerId":61319,"score":1834,"energy":23},{"playerId":277917,"score":1750,"energy":35},{"playerId":5722,"score":1109,"energy":10}],"golds":[{"posx":17,"posy":1,"amount":200},{"posx":16,"posy":4,"amount":250},{"posx":17,"posy":4,"amount":650},{"posx":12,"posy":6,"amount":50},{"posx":8,"posy":7,"amount":100},{"posx":5,"posy":8,"amount":600}],"changedObstacles":[{"type":0,"posx":15,"posy":2,"value":-1}]},{"players":[{"playerId":2299591,"score":1259,"energy":28},{"playerId":61319,"score":1834,"energy":22},{"playerId":277917,"score":1750,"energy":34},{"playerId":5722,"score":1109,"energy":22}],"golds":[{"posx":17,"posy":1,"amount":200},{"posx":16,"posy":4,"amount":250},{"posx":17,"posy":4,"amount":650},{"posx":12,"posy":6,"amount":50},{"posx":8,"posy":7,"amount":100},{"posx":5,"posy":8,"amount":600}],"changedObstacles":[]},{"players":[{"playerId":2299591,"score":1259,"energy":27},{"playerId":61319,"score":1834,"energy":21},{"playerId":277917,"score":1750,"energy":33},{"playerId":5722,"score":1109,"energy":18}],"golds":[{"posx":17,"posy":1,"amount":200},{"posx":16,"posy":4,"amount":250},{"posx":17,"posy":4,"amount":650},{"posx":12,"posy":6,"amount":50},{"posx":8,"posy":7,"amount":100},{"posx":5,"posy":8,"amount":600}],"changedObstacles":[]},{"players":[{"playerId":2299591,"score":1259,"energy":17},{"playerId":61319,"score":1834,"energy":17},{"playerId":277917,"score":1750,"energy":29},{"playerId":5722,"score":1159,"energy":13}],"golds":[{"posx":17,"posy":1,"amount":200},{"posx":16,"posy":4,"amount":250},{"posx":17,"posy":4,"amount":650},{"posx":12,"posy":6,"amount":50},{"posx":8,"posy":7,"amount":100},{"posx":5,"posy":8,"amount":550}],"changedObstacles":[{"type":0,"posx":15,"posy":5,"value":-1}]},{"players":[{"playerId":2299591,"score":1259,"energy":29},{"playerId":61319,"score":1884,"energy":12},{"playerId":277917,"score":1800,"energy":24},{"playerId":5722,"score":1209,"energy":8}],"golds":[{"posx":17,"posy":1,"amount":200},{"posx":16,"posy":4,"amount":150},{"posx":17,"posy":4,"amount":650},{"posx":12,"posy":6,"amount":50},{"posx":8,"posy":7,"amount":100},{"posx":5,"posy":8,"amount":500}],"changedObstacles":[]},{"players":[{"playerId":2299591,"score":1259,"energy":28},{"playerId":61319,"score":1934,"energy":7},{"playerId":277917,"score":1850,"energy":19},{"playerId":5722,"score":1209,"energy":20}],"golds":[{"posx":17,"posy":1,"amount":200},{"posx":16,"posy":4,"amount":50},{"posx":17,"posy":4,"amount":650},{"posx":12,"posy":6,"amount":50},{"posx":8,"posy":7,"amount":100},{"posx":5,"posy":8,"amount":500}],"changedObstacles":[]},{"players":[{"playerId":2299591,"score":1259,"energy":24},{"playerId":61319,"score":1959,"energy":2},{"playerId":277917,"score":1875,"energy":14},{"playerId":5722,"score":1259,"energy":15}],"golds":[{"posx":17,"posy":1,"amount":200},{"posx":17,"posy":4,"amount":650},{"posx":12,"posy":6,"amount":50},{"posx":8,"posy":7,"amount":100},{"posx":5,"posy":8,"amount":450}],"changedObstacles":[{"type":0,"posx":16,"posy":4,"value":-1}]},{"players":[{"playerId":2299591,"score":1259,"energy":20},{"playerId":61319,"score":1959,"energy":14},{"playerId":277917,"score":1875,"energy":10},{"playerId":5722,"score":1309,"energy":10}],"golds":[{"posx":17,"posy":1,"amount":200},{"posx":17,"posy":4,"amount":650},{"posx":12,"posy":6,"amount":50},{"posx":8,"posy":7,"amount":100},{"posx":5,"posy":8,"amount":400}],"changedObstacles":[]},{"players":[{"playerId":2299591,"score":1309,"energy":15},{"playerId":61319,"score":1959,"energy":10},{"playerId":277917,"score":1925,"energy":5},{"playerId":5722,"score":1309,"energy":22}],"golds":[{"posx":17,"posy":1,"amount":200},{"posx":17,"posy":4,"amount":550},{"posx":12,"posy":6,"amount":50},{"posx":8,"posy":7,"amount":100},{"posx":5,"posy":8,"amount":400}],"changedObstacles":[]},{"players":[{"playerId":2299591,"score":1359,"energy":10},{"playerId":61319,"score":2009,"energy":5},{"playerId":277917,"score":1925,"energy":17},{"playerId":5722,"score":1359,"energy":17}],"golds":[{"posx":17,"posy":1,"amount":200},{"posx":17,"posy":4,"amount":450},{"posx":12,"posy":6,"amount":50},{"posx":8,"posy":7,"amount":100},{"posx":5,"posy":8,"amount":350}],"changedObstacles":[]},{"players":[{"playerId":2299591,"score":1409,"energy":5},{"playerId":61319,"score":2009,"energy":17},{"playerId":277917,"score":1925,"energy":33},{"playerId":5722,"score":1409,"energy":12}],"golds":[{"posx":17,"posy":1,"amount":200},{"posx":17,"posy":4,"amount":400},{"posx":12,"posy":6,"amount":50},{"posx":8,"posy":7,"amount":100},{"posx":5,"posy":8,"amount":300}],"changedObstacles":[]},{"players":[{"playerId":2299591,"score":1409,"energy":17},{"playerId":61319,"score":2059,"energy":12},{"playerId":277917,"score":1975,"energy":28},{"playerId":5722,"score":1459,"energy":7}],"golds":[{"posx":17,"posy":1,"amount":200},{"posx":17,"posy":4,"amount":300},{"posx":12,"posy":6,"amount":50},{"posx":8,"posy":7,"amount":100},{"posx":5,"posy":8,"amount":250}],"changedObstacles":[]},{"players":[{"playerId":2299591,"score":1459,"energy":12},{"playerId":61319,"score":2109,"energy":7},{"playerId":277917,"score":2025,"energy":23},{"playerId":5722,"score":1459,"energy":19}],"golds":[{"posx":17,"posy":1,"amount":200},{"posx":17,"posy":4,"amount":150},{"posx":12,"posy":6,"amount":50},{"posx":8,"posy":7,"amount":100},{"posx":5,"posy":8,"amount":250}],"changedObstacles":[]},{"players":[{"playerId":2299591,"score":1509,"energy":7},{"playerId":61319,"score":2159,"energy":2},{"playerId":277917,"score":2075,"energy":18},{"playerId":5722,"score":1509,"energy":14}],"golds":[{"posx":17,"posy":1,"amount":200},{"posx":12,"posy":6,"amount":50},{"posx":8,"posy":7,"amount":100},{"posx":5,"posy":8,"amount":200}],"changedObstacles":[{"type":0,"posx":17,"posy":4,"value":-1}]},{"players":[{"playerId":2299591,"score":1509,"energy":19},{"playerId":61319,"score":2159,"energy":14},{"playerId":277917,"score":2075,"energy":30},{"playerId":5722,"score":1559,"energy":9}],"golds":[{"posx":17,"posy":1,"amount":200},{"posx":12,"posy":6,"amount":50},{"posx":8,"posy":7,"amount":100},{"posx":5,"posy":8,"amount":150}],"changedObstacles":[]},{"players":[{"playerId":2299591,"score":1509,"energy":35},{"playerId":61319,"score":2159,"energy":30},{"playerId":277917,"score":2075,"energy":46},{"playerId":5722,"score":1559,"energy":21}],"golds":[{"posx":17,"posy":1,"amount":200},{"posx":12,"posy":6,"amount":50},{"posx":8,"posy":7,"amount":100},{"posx":5,"posy":8,"amount":150}],"changedObstacles":[]},{"players":[{"playerId":2299591,"score":1509,"energy":34},{"playerId":61319,"score":2159,"energy":50},{"playerId":277917,"score":2075,"energy":29},{"playerId":5722,"score":1609,"energy":16}],"golds":[{"posx":17,"posy":1,"amount":200},{"posx":12,"posy":6,"amount":50},{"posx":8,"posy":7,"amount":100},{"posx":5,"posy":8,"amount":100}],"changedObstacles":[]},{"players":[{"playerId":2299591,"score":1509,"energy":33},{"playerId":61319,"score":2159,"energy":39},{"playerId":277917,"score":2075,"energy":16},{"playerId":5722,"score":1659,"energy":11}],"golds":[{"posx":17,"posy":1,"amount":200},{"posx":12,"posy":6,"amount":50},{"posx":8,"posy":7,"amount":100},{"posx":5,"posy":8,"amount":50}],"changedObstacles":[]},{"players":[{"playerId":2299591,"score":1509,"energy":32},{"playerId":61319,"score":2159,"energy":23},{"playerId":277917,"score":2075,"energy":12},{"playerId":5722,"score":1709,"energy":6}],"golds":[{"posx":17,"posy":1,"amount":200},{"posx":12,"posy":6,"amount":50},{"posx":8,"posy":7,"amount":100}],"changedObstacles":[{"type":0,"posx":5,"posy":8,"value":-1}]},{"players":[{"playerId":2299591,"score":1509,"energy":31},{"playerId":61319,"score":2159,"energy":19},{"playerId":277917,"score":2125,"energy":7},{"playerId":5722,"score":1709,"energy":18}],"golds":[{"posx":17,"posy":1,"amount":150},{"posx":12,"posy":6,"amount":50},{"posx":8,"posy":7,"amount":100}],"changedObstacles":[]},{"players":[{"playerId":2299591,"score":1509,"energy":30},{"playerId":61319,"score":2209,"energy":14},{"playerId":277917,"score":2175,"energy":2},{"playerId":5722,"score":1709,"energy":17}],"golds":[{"posx":17,"posy":1,"amount":50},{"posx":12,"posy":6,"amount":50},{"posx":8,"posy":7,"amount":100}],"changedObstacles":[]},{"players":[{"playerId":2299591,"score":1509,"energy":25},{"playerId":61319,"score":2259,"energy":9},{"playerId":277917,"score":2175,"energy":14},{"playerId":5722,"score":1709,"energy":16}],"golds":[{"posx":12,"posy":6,"amount":50},{"posx":8,"posy":7,"amount":100}],"changedObstacles":[{"type":3,"posx":16,"posy":1,"value":-20},{"type":0,"posx":17,"posy":1,"value":-1}]},{"players":[{"playerId":2299591,"score":1509,"energy":24},{"playerId":61319,"score":2259,"energy":21},{"playerId":277917,"score":2175,"energy":30},{"playerId":5722,"score":1709,"energy":6}],"golds":[{"posx":12,"posy":6,"amount":50},{"posx":8,"posy":7,"amount":100}],"changedObstacles":[{"type":0,"posx":7,"posy":7,"value":-1}]},{"players":[{"playerId":2299591,"score":1509,"energy":23},{"playerId":61319,"score":2259,"energy":1},{"playerId":277917,"score":2175,"energy":50},{"playerId":5722,"score":1709,"energy":18}],"golds":[{"posx":12,"posy":6,"amount":50},{"posx":8,"posy":7,"amount":100}],"changedObstacles":[{"type":3,"posx":16,"posy":1,"value":-40}]},{"players":[{"playerId":2299591,"score":1509,"energy":22},{"playerId":61319,"score":2259,"energy":13},{"playerId":277917,"score":2175,"energy":50},{"playerId":5722,"score":1709,"energy":14}],"golds":[{"posx":12,"posy":6,"amount":50},{"posx":8,"posy":7,"amount":100}],"changedObstacles":[]},{"players":[{"playerId":2299591,"score":1509,"energy":21},{"playerId":61319,"score":2259,"energy":12},{"playerId":277917,"score":2175,"energy":50},{"playerId":5722,"score":1759,"energy":9}],"golds":[{"posx":12,"posy":6,"amount":50},{"posx":8,"posy":7,"amount":50}],"changedObstacles":[]},{"players":[{"playerId":2299591,"score":1509,"energy":20},{"playerId":61319,"score":2259,"energy":11},{"playerId":277917,"score":2175,"energy":50},{"playerId":5722,"score":1759,"energy":21}],"golds":[{"posx":12,"posy":6,"amount":50},{"posx":8,"posy":7,"amount":50}],"changedObstacles":[]},{"players":[{"playerId":2299591,"score":1509,"energy":19},{"playerId":61319,"score":2259,"energy":10},{"playerId":277917,"score":2175,"energy":50},{"playerId":5722,"score":1809,"energy":16}],"golds":[{"posx":12,"posy":6,"amount":50}],"changedObstacles":[{"type":0,"posx":8,"posy":7,"value":-1}]},{"players":[{"playerId":2299591,"score":1509,"energy":31},{"playerId":61319,"score":2259,"energy":9},{"playerId":277917,"score":2175,"energy":50},{"playerId":5722,"score":1809,"energy":15}],"golds":[{"posx":12,"posy":6,"amount":50}],"changedObstacles":[]},{"players":[{"playerId":2299591,"score":1509,"energy":30},{"playerId":61319,"score":2259,"energy":8},{"playerId":277917,"score":2175,"energy":50},{"playerId":5722,"score":1809,"energy":14}],"golds":[{"posx":12,"posy":6,"amount":50}],"changedObstacles":[]},{"players":[{"playerId":2299591,"score":1509,"energy":29},{"playerId":61319,"score":2259,"energy":7},{"playerId":277917,"score":2175,"energy":50},{"playerId":5722,"score":1809,"energy":9}],"golds":[{"posx":12,"posy":6,"amount":50}],"changedObstacles":[{"type":3,"posx":10,"posy":8,"value":-20}]},{"players":[{"playerId":2299591,"score":1509,"energy":25},{"playerId":61319,"score":2259,"energy":6},{"playerId":277917,"score":2175,"energy":50},{"playerId":5722,"score":1809,"energy":21}],"golds":[{"posx":12,"posy":6,"amount":50}],"changedObstacles":[]}]