[{"players":[{"playerId":2237456,"score":0,"energy":46,"posx":4,"posy":4,"lastAction":3,"status":0},{"playerId":5588,"score":0,"energy":46,"posx":5,"posy":3,"lastAction":1,"status":0},{"playerId":2407150,"score":0,"energy":46,"posx":5,"posy":3,"lastAction":1,"status":0},{"playerId":2422729,"score":0,"energy":45,"posx":4,"posy":2,"lastAction":2,"status":0}],"golds":[{"posx":8,"posy":4,"amount":50},{"posx":16,"posy":4,"amount":250},{"posx":7,"posy":4,"amount":750},{"posx":17,"posy":4,"amount":650},{"posx":4,"posy":4,"amount":450},{"posx":12,"posy":4,"amount":50},{"posx":9,"posy":1,"amount":600},{"posx":14,"posy":3,"amount":700},{"posx":12,"posy":2,"amount":600},{"posx":0,"posy":0,"amount":50},{"posx":6,"posy":7,"amount":150},{"posx":1,"posy":3,"amount":550},{"posx":3,"posy":1,"amount":400},{"posx":5,"posy":8,"amount":600},{"posx":3,"posy":5,"amount":600},{"posx":8,"posy":7,"amount":100},{"posx":5,"posy":3,"amount":700},{"posx":17,"posy":1,"amount":200},{"posx":15,"posy":2,"amount":300},{"posx":12,"posy":6,"amount":50}],"changedObstacles":[{"type":3,"posx":4,"posy":2,"value":-20}]},{"players":[{"playerId":2237456,"score":50,"energy":41,"posx":4,"posy":4,"lastAction":5,"status":0},{"playerId":5588,"score":50,"energy":41,"posx":5,"posy":3,"lastAction":5,"status":0},{"playerId":2407150,"score":50,"energy":41,"posx":5,"posy":3,"lastAction":5,"status":0},{"playerId":2422729,"score":0,"energy":44,"posx":5,"posy":2,"lastAction":1,"status":0}],"golds":[{"posx":0,"posy":0,"amount":50},{"posx":3,"posy":1,"amount":400},{"posx":9,"posy":1,"amount":600},{"posx":17,"posy":1,"amount":200},{"posx":12,"posy":2,"amount":600},{"posx":15,"posy":2,"amount":300},{"posx":1,"posy":3,"amount":550},{"posx":5,"posy":3,"amount":600},{"posx":14,"posy":3,"amount":700},{"posx":4,"posy":4,"amount":400},{"posx":7,"posy":4,"amount":750},{"posx":8,"posy":4,"amount":50},{"posx":12,"posy":4,"amount":50},{"posx":16,"posy":4,"amount":250},{"posx":17,"posy":4,"amount":650},{"posx":3,"posy":5,"amount":600},{"posx":12,"posy":6,"amount":50},{"posx":6,"posy":7,"amount":150},{"posx":8,"posy":7,"amount":100},{"posx":5,"posy":8,"amount":600}],"changedObstacles":[]},{"players":[{"playerId":2237456,"score":100,"energy":36,"posx":4,"posy":4,"lastAction":5,"status":0},{"playerId":5588,"score":100,"energy":36,"posx":5,"posy":3,"lastAction":5,"status":0},{"playerId":2407150,"score":100,"energy":36,"posx":5,"posy":3,"lastAction":5,"status":0},{"playerId":2422729,"score":0,"energy":34,"posx":6,"posy":2,"lastAction":1,"status":0}],"golds":[{"posx":0,"posy":0,"amount":50},{"posx":3,"posy":1,"amount":400},{"posx":9,"posy":1,"amount":600},{"posx":17,"posy":1,"amount":200},{"posx":12,"posy":2,"amount":600},{"posx":15,"posy":2,"amount":300},{"posx":1,"posy":3,"amount":550},{"posx":5,"posy":3,"amount":500},{"posx":14,"posy":3,"amount":700},{"posx":4,"posy":4,"amount":350},{"posx":7,"posy":4,"amount":750},{"posx":8,"posy":4,"amount":50},{"posx":12,"posy":4,"amount":50},{"posx":16,"posy":4,"amount":250},{"posx":17,"posy":4,"amount":650},{"posx":3,"posy":5,"amount":600},{"posx":12,"posy":6,"amount":50},{"posx":6,"posy":7,"amount":150},{"posx":8,"posy":7,"amount":100},{"posx":5,"posy":8,"amount":600}],"changedObstacles":[{"type":0,"posx":6,"posy":2,"value":-1}]},{"players":[{"playerId":2237456,"score":150,"energy":31,"posx":4,"posy":4,"lastAction":5,"status":0},{"playerId":5588,"score":150,"energy":31,"posx":5,"posy":3,"lastAction":5,"status":0},{"playerId":2407150,"score":150,"energy":31,"posx":5,"posy":3,"lastAction":5,"status":0},{"playerId":2422729,"score":0,"energy":33,"posx":7,"posy":2,"lastAction":1,"status":0}],"golds":[{"posx":0,"posy":0,"amount":50},{"posx":3,"posy":1,"amount":400},{"posx":9,"posy":1,"amount":600},{"posx":17,"posy":1,"amount":200},{"posx":12,"posy":2,"amount":600},{"posx":15,"posy":2,"amount":300},{"posx":1,"posy":3,"amount":550},{"posx":5,"posy":3,"amount":400},{"posx":14,"posy":3,"amount":700},{"posx":4,"posy":4,"amount":300},{"posx":7,"posy":4,"amount":750},{"posx":8,"posy":4,"amount":50},{"posx":12,"posy":4,"amount":50},{"posx":16,"posy":4,"amount":250},{"posx":17,"posy":4,"amount":650},{"posx":3,"posy":5,"amount":600},{"posx":12,"posy":6,"amount":50},{"posx":6,"posy":7,"amount":150},{"posx":8,"posy":7,"amount":100},{"posx":5,"posy":8,"amount":600}],"changedObstacles":[]},{"players":[{"playerId":2237456,"score":200,"energy":26,"posx":4,"posy":4,"lastAction":5,"status":0},{"playerId":5588,"score":200,"energy":26,"posx":5,"posy":3,"lastAction":5,"status":0},{"playerId":2407150,"score":150,"energy":26,"posx":5,"posy":4,"lastAction":3,"status":0},{"playerId":2422729,"score":0,"energy":32,"posx":6,"posy":2,"lastAction":0,"status":0}],"golds":[{"posx":0,"posy":0,"amount":50},{"posx":3,"posy":1,"amount":400},{"posx":9,"posy":1,"amount":600},{"posx":17,"posy":1,"amount":200},{"posx":12,"posy":2,"amount":600},{"posx":15,"posy":2,"amount":300},{"posx":1,"posy":3,"amount":550},{"posx":5,"posy":3,"amount":350},{"posx":14,"posy":3,"amount":700},{"posx":4,"posy":4,"amount":250},{"posx":7,"posy":4,"amount":750},{"posx":8,"posy":4,"amount":50},{"posx":12,"posy":4,"amount":50},{"posx":16,"posy":4,"amount":250},{"posx":17,"posy":4,"amount":650},{"posx":3,"posy":5,"amount":600},{"posx":12,"posy":6,"amount":50},{"posx":6,"posy":7,"amount":150},{"posx":8,"posy":7,"amount":100},{"posx":5,"posy":8,"amount":600}],"changedObstacles":[{"type":3,"posx":5,"posy":4,"value":-20}]},{"players":[{"playerId":2237456,"score":250,"energy":21,"posx":4,"posy":4,"lastAction":5,"status":0},{"playerId":5588,"score":250,"energy":21,"posx":5,"posy":3,"lastAction":5,"status":0},{"playerId":2407150,"score":150,"energy":16,"posx":6,"posy":4,"lastAction":1,"status":0},{"playerId":2422729,"score":0,"energy":31,"posx":7,"posy":2,"lastAction":1,"status":0}],"golds":[{"posx":0,"posy":0,"amount":50},{"posx":3,"posy":1,"amount":400},{"posx":9,"posy":1,"amount":600},{"posx":17,"posy":1,"amount":200},{"posx":12,"posy":2,"amount":600},{"posx":15,"posy":2,"amount":300},{"posx":1,"posy":3,"amount":550},{"posx":5,"posy":3,"amount":300},{"posx":14,"posy":3,"amount":700},{"posx":4,"posy":4,"amount":200},{"posx":7,"posy":4,"amount":750},{"posx":8,"posy":4,"amount":50},{"posx":12,"posy":4,"amount":50},{"posx":16,"posy":4,"amount":250},{"posx":17,"posy":4,"amount":650},{"posx":3,"posy":5,"amount":600},{"posx":12,"posy":6,"amount":50},{"posx":6,"posy":7,"amount":150},{"posx":8,"posy":7,"amount":100},{"posx":5,"posy":8,"amount":600}],"changedObstacles":[{"type":0,"posx":6,"posy":4,"value":-1}]},{"players":[{"playerId":2237456,"score":300,"energy":16,"posx":4,"posy":4,"lastAction":5,"status":0},{"playerId":5588,"score":300,"energy":16,"posx":5,"posy":3,"lastAction":5,"status":0},{"playerId":2407150,"score":150,"energy":12,"posx":7,"posy":4,"lastAction":1,"status":0},{"playerId":2422729,"score":0,"energy":30,"posx":6,"posy":2,"lastAction":0,"status":0}],"golds":[{"posx":0,"posy":0,"amount":50},{"posx":3,"posy":1,"amount":400},{"posx":9,"posy":1,"amount":600},{"posx":17,"posy":1,"amount":200},{"posx":12,"posy":2,"amount":600},{"posx":15,"posy":2,"amount":300},{"posx":1,"posy":3,"amount":550},{"posx":5,"posy":3,"amount":250},{"posx":14,"posy":3,"amount":700},{"posx":4,"posy":4,"amount":150},{"posx":7,"posy":4,"amount":750},{"posx":8,"posy":4,"amount":50},{"posx":12,"posy":4,"amount":50},{"posx":16,"posy":4,"amount":250},{"posx":17,"posy":4,"amount":650},{"posx":3,"posy":5,"amount":600},{"posx":12,"posy":6,"amount":50},{"posx":6,"posy":7,"amount":150},{"posx":8,"posy":7,"amount":100},{"posx":5,"posy":8,"amount":600}],"changedObstacles":[]},{"players":[{"playerId":2237456,"score":350,"energy":11,"posx":4,"posy":4,"lastAction":5,"status":0},{"playerId":5588,"score":350,"energy":11,"posx":5,"posy":3,"lastAction":5,"status":0},{"playerId":2407150,"score":200,"energy":7,"posx":7,"posy":4,"lastAction":5,"status":0},{"playerId":2422729,"score":0,"energy":29,"posx":5,"posy":2,"lastAction":0,"status":0}],"golds":[{"posx":0,"posy":0,"amount":50},{"posx":3,"posy":1,"amount":400},{"posx":9,"posy":1,"amount":600},{"posx":17,"posy":1,"amount":200},{"posx":12,"posy":2,"amount":600},{"posx":15,"posy":2,"amount":300},{"posx":1,"posy":3,"amount":550},{"posx":5,"posy":3,"amount":200},{"posx":14,"posy":3,"amount":700},{"posx":4,"posy":4,"amount":100},{"posx":7,"posy":4,"amount":700},{"posx":8,"posy":4,"amount":50},{"posx":12,"posy":4,"amount":50},{"posx":16,"posy":4,"amount":250},{"posx":17,"posy":4,"amount":650},{"posx":3,"posy":5,"amount":600},{"posx":12,"posy":6,"amount":50},{"posx":6,"posy":7,"amount":150},{"posx":8,"posy":7,"amount":100},{"posx":5,"posy":8,"amount":600}],"changedObstacles":[]},{"players":[{"playerId":2237456,"score":400,"energy":6,"posx":4,"posy":4,"lastAction":5,"status":0},{"playerId":5588,"score":400,"energy":6,"posx":5,"posy":3,"lastAction":5,"status":0},{"playerId":2407150,"score":250,"energy":2,"posx":7,"posy":4,"lastAction":5,"status":0},{"playerId":2422729,"score":0,"energy":9,"posx":4,"posy":2,"lastAction":0,"status":0}],"golds":[{"posx":0,"posy":0,"amount":50},{"posx":3,"posy":1,"amount":400},{"posx":9,"posy":1,"amount":600},{"posx":17,"posy":1,"amount":200},{"posx":12,"posy":2,"amount":600},{"posx":15,"posy":2,"amount":300},{"posx":1,"posy":3,"amount":550},{"posx":5,"posy":3,"amount":150},{"posx":14,"posy":3,"amount":700},{"posx":4,"posy":4,"amount":50},{"posx":7,"posy":4,"amount":650},{"posx":8,"posy":4,"amount":50},{"posx":12,"posy":4,"amount":50},{"posx":16,"posy":4,"amount":250},{"posx":17,"posy":4,"amount":650},{"posx":3,"posy":5,"amount":600},{"posx":12,"posy":6,"amount":50},{"posx":6,"posy":7,"amount":150},{"posx":8,"posy":7,"amount":100},{"posx":5,"posy":8,"amount":600}],"changedObstacles":[{"type":3,"posx":4,"posy":2,"value":-40}]},{"players":[{"playerId":2237456,"score":450,"energy":1,"posx":4,"posy":4,"lastAction":5,"status":0},{"playerId":5588,"score":400,"energy":18,"posx":5,"posy":3,"lastAction":4,"status":0},{"playerId":2407150,"score":250,"energy":14,"posx":7,"posy":4,"lastAction":4,"status":0},{"playerId":2422729,"score":0,"energy":8,"posx":5,"posy":2,"lastAction":1,"status":0}],"golds":[{"posx":0,"posy":0,"amount":50},{"posx":3,"posy":1,"amount":400},{"posx":9,"posy":1,"amount":600},{"posx":17,"posy":1,"amount":200},{"posx":12,"posy":2,"amount":600},{"posx":15,"posy":2,"amount":300},{"posx":1,"posy":3,"amount":550},{"posx":5,"posy":3,"amount":150},{"posx":14,"posy":3,"amount":700},{"posx":7,"posy":4,"amount":650},{"posx":8,"posy":4,"amount":50},{"posx":12,"posy":4,"amount":50},{"posx":16,"posy":4,"amount":250},{"posx":17,"posy":4,"amount":650},{"posx":3,"posy":5,"amount":600},{"posx":12,"posy":6,"amount":50},{"posx":6,"posy":7,"amount":150},{"posx":8,"posy":7,"amount":100},{"posx":5,"posy":8,"amount":600}],"changedObstacles":[{"type":0,"posx":4,"posy":4,"value":-1}]},{"players":[{"playerId":2237456,"score":450,"energy":13,"posx":4,"posy":4,"lastAction":4,"status":0},{"playerId":5588,"score":450,"energy":13,"posx":5,"posy":3,"lastAction":5,"status":0},{"playerId":2407150,"score":250,"energy":30,"posx":7,"posy":4,"lastAction":4,"status":0},{"playerId":2422729,"score":0,"energy":20,"posx":5,"posy":2,"lastAction":4,"status":0}],"golds":[{"posx":0,"posy":0,"amount":50},{"posx":3,"posy":1,"amount":400},{"posx":9,"posy":1,"amount":600},{"posx":17,"posy":1,"amount":200},{"posx":12,"posy":2,"amount":600},{"posx":15,"posy":2,"amount":300},{"posx":1,"posy":3,"amount":550},{"posx":5,"posy":3,"amount":100},{"posx":14,"posy":3,"amount":700},{"posx":7,"posy":4,"amount":650},{"posx":8,"posy":4,"amount":50},{"posx":12,"posy":4,"amount":50},{"posx":16,"posy":4,"amount":250},{"posx":17,"posy":4,"amount":650},{"posx":3,"posy":5,"amount":600},{"posx":12,"posy":6,"amount":50},{"posx":6,"posy":7,"amount":150},{"posx":8,"posy":7,"amount":100},{"posx":5,"posy":8,"amount":600}],"changedObstacles":[]},{"players":[{"playerId":2237456,"score":450,"energy":29,"posx":4,"posy":4,"lastAction":4,"status":0},{"playerId":5588,"score":500,"energy":8,"posx":5,"posy":3,"lastAction":5,"status":0},{"playerId":2407150,"score":250,"energy":50,"posx":7,"posy":4,"lastAction":4,"status":0},{"playerId":2422729,"score":0,"energy":36,"posx":5,"posy":2,"lastAction":4,"status":0}],"golds":[{"posx":0,"posy":0,"amount":50},{"posx":3,"posy":1,"amount":400},{"posx":9,"posy":1,"amount":600},{"posx":17,"posy":1,"amount":200},{"posx":12,"posy":2,"amount":600},{"posx":15,"posy":2,"amount":300},{"posx":1,"posy":3,"amount":550},{"posx":5,"posy":3,"amount":50},{"posx":14,"posy":3,"amount":700},{"posx":7,"posy":4,"amount":650},{"posx":8,"posy":4,"amount":50},{"posx":12,"posy":4,"amount":50},{"posx":16,"posy":4,"amount":250},{"posx":17,"posy":4,"amount":650},{"posx":3,"posy":5,"amount":600},{"posx":12,"posy":6,"amount":50},{"posx":6,"posy":7,"amount":150},{"posx":8,"posy":7,"amount":100},{"posx":5,"posy":8,"amount":600}],"changedObstacles":[]},{"players":[{"playerId":2237456,"score":450,"energy":50,"posx":4,"posy":4,"lastAction":4,"status":0},{"playerId":5588,"score":500,"energy":20,"posx":5,"posy":3,"lastAction":4,"status":0},{"playerId":2407150,"score":300,"energy":45,"posx":7,"posy":4,"lastAction":5,"status":0},{"playerId":2422729,"score":0,"energy":50,"posx":5,"posy":2,"lastAction":4,"status":0}],"golds":[{"posx":0,"posy":0,"amount":50},{"posx":3,"posy":1,"amount":400},{"posx":9,"posy":1,"amount":600},{"posx":17,"posy":1,"amount":200},{"posx":12,"posy":2,"amount":600},{"posx":15,"posy":2,"amount":300},{"posx":1,"posy":3,"amount":550},{"posx":5,"posy":3,"amount":50},{"posx":14,"posy":3,"amount":700},{"posx":7,"posy":4,"amount":600},{"posx":8,"posy":4,"amount":50},{"posx":12,"posy":4,"amount":50},{"posx":16,"posy":4,"amount":250},{"posx":17,"posy":4,"amount":650},{"posx":3,"posy":5,"amount":600},{"posx":12,"posy":6,"amount":50},{"posx":6,"posy":7,"amount":150},{"posx":8,"posy":7,"amount":100},{"posx":5,"posy":8,"amount":600}],"changedObstacles":[]},{"players":[{"playerId":2237456,"score":450,"energy":40,"posx":3,"posy":4,"lastAction":0,"status":0},{"playerId":5588,"score":500,"energy":36,"posx":5,"posy":3,"lastAction":4,"status":0},{"playerId":2407150,"score":350,"energy":40,"posx":7,"posy":4,"lastAction":5,"status":0},{"playerId":2422729,"score":0,"energy":46,"posx":5,"posy":3,"lastAction":3,"status":0}],"golds":[{"posx":0,"posy":0,"amount":50},{"posx":3,"posy":1,"amount":400},{"posx":9,"posy":1,"amount":600},{"posx":17,"posy":1,"amount":200},{"posx":12,"posy":2,"amount":600},{"posx":15,"posy":2,"amount":300},{"posx":1,"posy":3,"amount":550},{"posx":5,"posy":3,"amount":50},{"posx":14,"posy":3,"amount":700},{"posx":7,"posy":4,"amount":550},{"posx":8,"posy":4,"amount":50},{"posx":12,"posy":4,"amount":50},{"posx":16,"posy":4,"amount":250},{"posx":17,"posy":4,"amount":650},{"posx":3,"posy":5,"amount":600},{"posx":12,"posy":6,"amount":50},{"posx":6,"posy":7,"amount":150},{"posx":8,"posy":7,"amount":100},{"posx":5,"posy":8,"amount":600}],"changedObstacles":[{"type":0,"posx":3,"posy":4,"value":-1}]},{"players":[{"playerId":2237456,"score":450,"energy":36,"posx":3,"posy":5,"lastAction":3,"status":0},{"playerId":5588,"score":500,"energy":16,"posx":5,"posy":4,"lastAction":3,"status":0},{"playerId":2407150,"score":400,"energy":35,"posx":7,"posy":4,"lastAction":5,"status":0},{"playerId":2422729,"score":50,"energy":41,"posx":5,"posy":3,"lastAction":5,"status":0}],"golds":[{"posx":0,"posy":0,"amount":50},{"posx":3,"posy":1,"amount":400},{"posx":9,"posy":1,"amount":600},{"posx":17,"posy":1,"amount":200},{"posx":12,"posy":2,"amount":600},{"posx":15,"posy":2,"amount":300},{"posx":1,"posy":3,"amount":550},{"posx":14,"posy":3,"amount":700},{"posx":7,"posy":4,"amount":500},{"posx":8,"posy":4,"amount":50},{"posx":12,"posy":4,"amount":50},{"posx":16,"posy":4,"amount":250},{"posx":17,"posy":4,"amount":650},{"posx":3,"posy":5,"amount":600},{"posx":12,"posy":6,"amount":50},{"posx":6,"posy":7,"amount":150},{"posx":8,"posy":7,"amount":100},{"posx":5,"posy":8,"amount":600}],"changedObstacles":[{"type":3,"posx":5,"posy":4,"value":-40},{"type":0,"posx":5,"posy":3,"value":-1}]},{"players":[{"playerId":2237456,"score":500,"energy":31,"posx":3,"posy":5,"lastAction":5,"status":0},{"playerId":5588,"score":500,"energy":15,"posx":6,"posy":4,"lastAction":1,"status":0},{"playerId":2407150,"score":450,"energy":30,"posx":7,"posy":4,"lastAction":5,"status":0},{"playerId":2422729,"score":50,"energy":1,"posx":5,"posy":4,"lastAction":3,"status":0}],"golds":[{"posx":0,"posy":0,"amount":50},{"posx":3,"posy":1,"amount":400},{"posx":9,"posy":1,"amount":600},{"posx":17,"posy":1,"amount":200},{"posx":12,"posy":2,"amount":600},{"posx":15,"posy":2,"amount":300},{"posx":1,"posy":3,"amount":550},{"posx":14,"posy":3,"amount":700},{"posx":7,"posy":4,"amount":450},{"posx":8,"posy":4,"amount":50},{"posx":12,"posy":4,"amount":50},{"posx":16,"posy":4,"amount":250},{"posx":17,"posy":4,"amount":650},{"posx":3,"posy":5,"amount":550},{"posx":12,"posy":6,"amount":50},{"posx":6,"posy":7,"amount":150},{"posx":8,"posy":7,"amount":100},{"posx":5,"posy":8,"amount":600}],"changedObstacles":[{"type":3,"posx":5,"posy":4,"value":-100}]},{"players":[{"playerId":2237456,"score":550,"energy":26,"posx":3,"posy":5,"lastAction":5,"status":0},{"playerId":5588,"score":500,"energy":11,"posx":7,"posy":4,"lastAction":1,"status":0},{"playerId":2407150,"score":500,"energy":25,"posx":7,"posy":4,"lastAction":5,"status":0},{"playerId":2422729,"score":50,"energy":13,"posx":5,"posy":4,"lastAction":4,"status":0}],"golds":[{"posx":0,"posy":0,"amount":50},{"posx":3,"posy":1,"amount":400},{"posx":9,"posy":1,"amount":600},{"posx":17,"posy":1,"amount":200},{"posx":12,"posy":2,"amount":600},{"posx":15,"posy":2,"amount":300},{"posx":1,"posy":3,"amount":550},{"posx":14,"posy":3,"amount":700},{"posx":7,"posy":4,"amount":400},{"posx":8,"posy":4,"amount":50},{"posx":12,"posy":4,"amount":50},{"posx":16,"posy":4,"amount":250},{"posx":17,"posy":4,"amount":650},{"posx":3,"posy":5,"amount":500},{"posx":12,"posy":6,"amount":50},{"posx":6,"posy":7,"amount":150},{"posx":8,"posy":7,"amount":100},{"posx":5,"posy":8,"amount":600}],"changedObstacles":[]},{"players":[{"playerId":2237456,"score":600,"energy":21,"posx":3,"posy":5,"lastAction":5,"status":0},{"playerId":5588,"score":550,"energy":6,"posx":7,"posy":4,"lastAction":5,"status":0},{"playerId":2407150,"score":550,"energy":20,"posx":7,"posy":4,"lastAction":5,"status":0},{"playerId":2422729,"score":50,"energy":29,"posx":5,"posy":4,"lastAction":4,"status":0}],"golds":[{"posx":0,"posy":0,"amount":50},{"posx":3,"posy":1,"amount":400},{"posx":9,"posy":1,"amount":600},{"posx":17,"posy":1,"amount":200},{"posx":12,"posy":2,"amount":600},{"posx":15,"posy":2,"amount":300},{"posx":1,"posy":3,"amount":550},{"posx":14,"posy":3,"amount":700},{"posx":7,"posy":4,"amount":300},{"posx":8,"posy":4,"amount":50},{"posx":12,"posy":4,"amount":50},{"posx":16,"posy":4,"amount":250},{"posx":17,"posy":4,"amount":650},{"posx":3,"posy":5,"amount":450},{"posx":12,"posy":6,"amount":50},{"posx":6,"posy":7,"amount":150},{"posx":8,"posy":7,"amount":100},{"posx":5,"posy":8,"amount":600}],"changedObstacles":[]},{"players":[{"playerId":2237456,"score":650,"energy":16,"posx":3,"posy":5,"lastAction":5,"status":0},{"playerId":5588,"score":550,"energy":18,"posx":7,"posy":4,"lastAction":4,"status":0},{"playerId":2407150,"score":600,"energy":15,"posx":7,"posy":4,"lastAction":5,"status":0},{"playerId":2422729,"score":50,"energy":28,"posx":5,"posy":3,"lastAction":2,"status":0}],"golds":[{"posx":0,"posy":0,"amount":50},{"posx":3,"posy":1,"amount":400},{"posx":9,"posy":1,"amount":600},{"posx":17,"posy":1,"amount":200},{"posx":12,"posy":2,"amount":600},{"posx":15,"posy":2,"amount":300},{"posx":1,"posy":3,"amount":550},{"posx":14,"posy":3,"amount":700},{"posx":7,"posy":4,"amount":250},{"posx":8,"posy":4,"amount":50},{"posx":12,"posy":4,"amount":50},{"posx":16,"posy":4,"amount":250},{"posx":17,"posy":4,"amount":650},{"posx":3,"posy":5,"amount":400},{"posx":12,"posy":6,"amount":50},{"posx":6,"posy":7,"amount":150},{"posx":8,"posy":7,"amount":100},{"posx":5,"posy":8,"amount":600}],"changedObstacles":[]},{"players":[{"playerId":2237456,"score":700,"energy":11,"posx":3,"posy":5,"lastAction":5,"status":0},{"playerId":5588,"score":600,"energy":13,"posx":7,"posy":4,"lastAction":5,"status":0},{"playerId":2407150,"score":650,"energy":10,"posx":7,"posy":4,"lastAction":5,"status":0},{"playerId":2422729,"score":50,"energy":18,"posx":6,"posy":3,"lastAction":1,"status":0}],"golds":[{"posx":0,"posy":0,"amount":50},{"posx":3,"posy":1,"amount":400},{"posx":9,"posy":1,"amount":600},{"posx":17,"posy":1,"amount":200},{"posx":12,"posy":2,"amount":600},{"posx":15,"posy":2,"amount":300},{"posx":1,"posy":3,"amount":550},{"posx":14,"posy":3,"amount":700},{"posx":7,"posy":4,"amount":150},{"posx":8,"posy":4,"amount":50},{"posx":12,"posy":4,"amount":50},{"posx":16,"posy":4,"amount":250},{"posx":17,"posy":4,"amount":650},{"posx":3,"posy":5,"amount":350},{"posx":12,"posy":6,"amount":50},{"posx":6,"posy":7,"amount":150},{"posx":8,"posy":7,"amount":100},{"posx":5,"posy":8,"amount":600}],"changedObstacles":[{"type":0,"posx":6,"posy":3,"value":-1}]},{"players":[{"playerId":2237456,"score":750,"energy":6,"posx":3,"posy":5,"lastAction":5,"status":0},{"playerId":5588,"score":650,"energy":8,"posx":7,"posy":4,"lastAction":5,"status":0},{"playerId":2407150,"score":650,"energy":6,"posx":8,"posy":4,"lastAction":1,"status":0},{"playerId":2422729,"score":50,"energy":17,"posx":6,"posy":2,"lastAction":2,"status":0}],"golds":[{"posx":0,"posy":0,"amount":50},{"posx":3,"posy":1,"amount":400},{"posx":9,"posy":1,"amount":600},{"posx":17,"posy":1,"amount":200},{"posx":12,"posy":2,"amount":600},{"posx":15,"posy":2,"amount":300},{"posx":1,"posy":3,"amount":550},{"posx":14,"posy":3,"amount":700},{"posx":7,"posy":4,"amount":100},{"posx":8,"posy":4,"amount":50},{"posx":12,"posy":4,"amount":50},{"posx":16,"posy":4,"amount":250},{"posx":17,"posy":4,"amount":650},{"posx":3,"posy":5,"amount":300},{"posx":12,"posy":6,"amount":50},{"posx":6,"posy":7,"amount":150},{"posx":8,"posy":7,"amount":100},{"posx":5,"posy":8,"amount":600}],"changedObstacles":[]},{"players":[{"playerId":2237456,"score":800,"energy":1,"posx":3,"posy":5,"lastAction":5,"status":0},{"playerId":5588,"score":650,"energy":20,"posx":7,"posy":4,"lastAction":4,"status":0},{"playerId":2407150,"score":700,"energy":1,"posx":8,"posy":4,"lastAction":5,"status":0},{"playerId":2422729,"score":50,"energy":16,"posx":6,"posy":3,"lastAction":3,"status":0}],"golds":[{"posx":0,"posy":0,"amount":50},{"posx":3,"posy":1,"amount":400},{"posx":9,"posy":1,"amount":600},{"posx":17,"posy":1,"amount":200},{"posx":12,"posy":2,"amount":600},{"posx":15,"posy":2,"amount":300},{"posx":1,"posy":3,"amount":550},{"posx":14,"posy":3,"amount":700},{"posx":7,"posy":4,"amount":100},{"posx":12,"posy":4,"amount":50},{"posx":16,"posy":4,"amount":250},{"posx":17,"posy":4,"amount":650},{"posx":3,"posy":5,"amount":250},{"posx":12,"posy":6,"amount":50},{"posx":6,"posy":7,"amount":150},{"posx":8,"posy":7,"amount":100},{"posx":5,"posy":8,"amount":600}],"changedObstacles":[{"type":0,"posx":8,"posy":4,"value":-1}]},{"players":[{"playerId":2237456,"score":800,"energy":13,"posx":3,"posy":5,"lastAction":4,"status":0},{"playerId":5588,"score":700,"energy":15,"posx":7,"posy":4,"lastAction":5,"status":0},{"playerId":2407150,"score":700,"energy":13,"posx":8,"posy":4,"lastAction":4,"status":0},{"playerId":2422729,"score":50,"energy":15,"posx":6,"posy":2,"lastAction":2,"status":0}],"golds":[{"posx":0,"posy":0,"amount":50},{"posx":3,"posy":1,"amount":400},{"posx":9,"posy":1,"amount":600},{"posx":17,"posy":1,"amount":200},{"posx":12,"posy":2,"amount":600},{"posx":15,"posy":2,"amount":300},{"posx":1,"posy":3,"amount":550},{"posx":14,"posy":3,"amount":700},{"posx":7,"posy":4,"amount":50},{"posx":12,"posy":4,"amount":50},{"posx":16,"posy":4,"amount":250},{"posx":17,"posy":4,"amount":650},{"posx":3,"posy":5,"amount":250},{"posx":12,"posy":6,"amount":50},{"posx":6,"posy":7,"amount":150},{"posx":8,"posy":7,"amount":100},{"posx":5,"posy":8,"amount":600}],"changedObstacles":[]},{"players":[{"playerId":2237456,"score":800,"energy":29,"posx":3,"posy":5,"lastAction":4,"status":0},{"playerId":5588,"score":700,"energy":27,"posx":7,"posy":4,"lastAction":4,"status":0},{"playerId":2407150,"score":700,"energy":29,"posx":8,"posy":4,"lastAction":4,"status":0},{"playerId":2422729,"score":50,"energy":14,"posx":6,"posy":3,"lastAction":3,"status":0}],"golds":[{"posx":0,"posy":0,"amount":50},{"posx":3,"posy":1,"amount":400},{"posx":9,"posy":1,"amount":600},{"posx":17,"posy":1,"amount":200},{"posx":12,"posy":2,"amount":600},{"posx":15,"posy":2,"amount":300},{"posx":1,"posy":3,"amount":550},{"posx":14,"posy":3,"amount":700},{"posx":7,"posy":4,"amount":50},{"posx":12,"posy":4,"amount":50},{"posx":16,"posy":4,"amount":250},{"posx":17,"posy":4,"amount":650},{"posx":3,"posy":5,"amount":250},{"posx":12,"posy":6,"amount":50},{"posx":6,"posy":7,"amount":150},{"posx":8,"posy":7,"amount":100},{"posx":5,"posy":8,"amount":600}],"changedObstacles":[]},{"players":[{"playerId":2237456,"score":800,"energy":50,"posx":3,"posy":5,"lastAction":4,"status":0},{"playerId":5588,"score":700,"energy":18,"posx":7,"posy":5,"lastAction":3,"status":0},{"playerId":2407150,"score":700,"energy":50,"posx":8,"posy":4,"lastAction":4,"status":0},{"playerId":2422729,"score":50,"energy":13,"posx":6,"posy":2,"lastAction":2,"status":0}],"golds":[{"posx":0,"posy":0,"amount":50},{"posx":3,"posy":1,"amount":400},{"posx":9,"posy":1,"amount":600},{"posx":17,"posy":1,"amount":200},{"posx":12,"posy":2,"amount":600},{"posx":15,"posy":2,"amount":300},{"posx":1,"posy":3,"amount":550},{"posx":14,"posy":3,"amount":700},{"posx":7,"posy":4,"amount":50},{"posx":12,"posy":4,"amount":50},{"posx":16,"posy":4,"amount":250},{"posx":17,"posy":4,"amount":650},{"posx":3,"posy":5,"amount":250},{"posx":12,"posy":6,"amount":50},{"posx":6,"posy":7,"amount":150},{"posx":8,"posy":7,"amount":100},{"posx":5,"posy":8,"amount":600}],"changedObstacles":[]},{"players":[{"playerId":2237456,"score":850,"energy":45,"posx":3,"posy":5,"lastAction":5,"status":0},{"playerId":5588,"score":700,"energy":13,"posx":7,"posy":6,"lastAction":3,"status":0},{"playerId":2407150,"score":700,"energy":49,"posx":8,"posy":3,"lastAction":2,"status":0},{"playerId":2422729,"score":50,"energy":12,"posx":6,"posy":3,"lastAction":3,"status":0}],"golds":[{"posx":0,"posy":0,"amount":50},{"posx":3,"posy":1,"amount":400},{"posx":9,"posy":1,"amount":600},{"posx":17,"posy":1,"amount":200},{"posx":12,"posy":2,"amount":600},{"posx":15,"posy":2,"amount":300},{"posx":1,"posy":3,"amount":550},{"posx":14,"posy":3,"amount":700},{"posx":7,"posy":4,"amount":50},{"posx":12,"posy":4,"amount":50},{"posx":16,"posy":4,"amount":250},{"posx":17,"posy":4,"amount":650},{"posx":3,"posy":5,"amount":200},{"posx":12,"posy":6,"amount":50},{"posx":6,"posy":7,"amount":150},{"posx":8,"posy":7,"amount":100},{"posx":5,"posy":8,"amount":600}],"changedObstacles":[{"type":3,"posx":7,"posy":6,"value":-20}]},{"players":[{"playerId":2237456,"score":900,"energy":40,"posx":3,"posy":5,"lastAction":5,"status":0},{"playerId":5588,"score":700,"energy":25,"posx":7,"posy":6,"lastAction":4,"status":0},{"playerId":2407150,"score":700,"energy":48,"posx":8,"posy":2,"lastAction":2,"status":0},{"playerId":2422729,"score":50,"energy":11,"posx":6,"posy":2,"lastAction":2,"status":0}],"golds":[{"posx":0,"posy":0,"amount":50},{"posx":3,"posy":1,"amount":400},{"posx":9,"posy":1,"amount":600},{"posx":17,"posy":1,"amount":200},{"posx":12,"posy":2,"amount":600},{"posx":15,"posy":2,"amount":300},{"posx":1,"posy":3,"amount":550},{"posx":14,"posy":3,"amount":700},{"posx":7,"posy":4,"amount":50},{"posx":12,"posy":4,"amount":50},{"posx":16,"posy":4,"amount":250},{"posx":17,"posy":4,"amount":650},{"posx":3,"posy":5,"amount":150},{"posx":12,"posy":6,"amount":50},{"posx":6,"posy":7,"amount":150},{"posx":8,"posy":7,"amount":100},{"posx":5,"posy":8,"amount":600}],"changedObstacles":[]},{"players":[{"playerId":2237456,"score":950,"energy":35,"posx":3,"posy":5,"lastAction":5,"status":0},{"playerId":5588,"score":700,"energy":15,"posx":7,"posy":7,"lastAction":3,"status":0},{"playerId":2407150,"score":700,"energy":47,"posx":8,"posy":1,"lastAction":2,"status":0},{"playerId":2422729,"score":50,"energy":10,"posx":6,"posy":3,"lastAction":3,"status":0}],"golds":[{"posx":0,"posy":0,"amount":50},{"posx":3,"posy":1,"amount":400},{"posx":9,"posy":1,"amount":600},{"posx":17,"posy":1,"amount":200},{"posx":12,"posy":2,"amount":600},{"posx":15,"posy":2,"amount":300},{"posx":1,"posy":3,"amount":550},{"posx":14,"posy":3,"amount":700},{"posx":7,"posy":4,"amount":50},{"posx":12,"posy":4,"amount":50},{"posx":16,"posy":4,"amount":250},{"posx":17,"posy":4,"amount":650},{"posx":3,"posy":5,"amount":100},{"posx":12,"posy":6,"amount":50},{"posx":6,"posy":7,"amount":150},{"posx":8,"posy":7,"amount":100},{"posx":5,"posy":8,"amount":600}],"changedObstacles":[{"type":0,"posx":7,"posy":7,"value":-1}]},{"players":[{"playerId":2237456,"score":1000,"energy":30,"posx":3,"posy":5,"lastAction":5,"status":0},{"playerId":5588,"score":700,"energy":11,"posx":6,"posy":7,"lastAction":0,"status":0},{"playerId":2407150,"score":700,"energy":43,"posx":9,"posy":1,"lastAction":1,"status":0},{"playerId":2422729,"score":50,"energy":9,"posx":6,"posy":4,"lastAction":3,"status":0}],"golds":[{"posx":0,"posy":0,"amount":50},{"posx":3,"posy":1,"amount":400},{"posx":9,"posy":1,"amount":600},{"posx":17,"posy":1,"amount":200},{"posx":12,"posy":2,"amount":600},{"posx":15,"posy":2,"amount":300},{"posx":1,"posy":3,"amount":550},{"posx":14,"posy":3,"amount":700},{"posx":7,"posy":4,"amount":50},{"posx":12,"posy":4,"amount":50},{"posx":16,"posy":4,"amount":250},{"posx":17,"posy":4,"amount":650},{"posx":3,"posy":5,"amount":50},{"posx":12,"posy":6,"amount":50},{"posx":6,"posy":7,"amount":150},{"posx":8,"posy":7,"amount":100},{"posx":5,"posy":8,"amount":600}],"changedObstacles":[]},{"players":[{"playerId":2237456,"score":1050,"energy":25,"posx":3,"posy":5,"lastAction":5,"status":0},{"playerId":5588,"score":750,"energy":6,"posx":6,"posy":7,"lastAction":5,"status":0},{"playerId":2407150,"score":750,"energy":38,"posx":9,"posy":1,"lastAction":5,"status":0},{"playerId":2422729,"score":50,"energy":5,"posx":7,"posy":4,"lastAction":1,"status":0}],"golds":[{"posx":0,"posy":0,"amount":50},{"posx":3,"posy":1,"amount":400},{"posx":9,"posy":1,"amount":550},{"posx":17,"posy":1,"amount":200},{"posx":12,"posy":2,"amount":600},{"posx":15,"posy":2,"amount":300},{"posx":1,"posy":3,"amount":550},{"posx":14,"posy":3,"amount":700},{"posx":7,"posy":4,"amount":50},{"posx":12,"posy":4,"amount":50},{"posx":16,"posy":4,"amount":250},{"posx":17,"posy":4,"amount":650},{"posx":12,"posy":6,"amount":50},{"posx":6,"posy":7,"amount":100},{"posx":8,"posy":7,"amount":100},{"posx":5,"posy":8,"amount":600}],"changedObstacles":[{"type":0,"posx":3,"posy":5,"value":-1}]},{"players":[{"playerId":2237456,"score":1050,"energy":24,"posx":3,"posy":4,"lastAction":2,"status":0},{"playerId":5588,"score":750,"energy":18,"posx":6,"posy":7,"lastAction":4,"status":0},{"playerId":2407150,"score":800,"energy":33,"posx":9,"posy":1,"lastAction":5,"status":0},{"playerId":2422729,"score":50,"energy":17,"posx":7,"posy":4,"lastAction":4,"status":0}],"golds":[{"posx":0,"posy":0,"amount":50},{"posx":3,"posy":1,"amount":400},{"posx":9,"posy":1,"amount":500},{"posx":17,"posy":1,"amount":200},{"posx":12,"posy":2,"amount":600},{"posx":15,"posy":2,"amount":300},{"posx":1,"posy":3,"amount":550},{"posx":14,"posy":3,"amount":700},{"posx":7,"posy":4,"amount":50},{"posx":12,"posy":4,"amount":50},{"posx":16,"posy":4,"amount":250},{"posx":17,"posy":4,"amount":650},{"posx":12,"posy":6,"amount":50},{"posx":6,"posy":7,"amount":100},{"posx":8,"posy":7,"amount":100},{"posx":5,"posy":8,"amount":600}],"changedObstacles":[]},{"players":[{"playerId":2237456,"score":1050,"energy":19,"posx":3,"posy":3,"lastAction":2,"status":0},{"playerId":5588,"score":800,"energy":13,"posx":6,"posy":7,"lastAction":5,"status":0},{"playerId":2407150,"score":850,"energy":28,"posx":9,"posy":1,"lastAction":5,"status":0},{"playerId":2422729,"score":50,"energy":33,"posx":7,"posy":4,"lastAction":4,"status":0}],"golds":[{"posx":0,"posy":0,"amount":50},{"posx":3,"posy":1,"amount":400},{"posx":9,"posy":1,"amount":450},{"posx":17,"posy":1,"amount":200},{"posx":12,"posy":2,"amount":600},{"posx":15,"posy":2,"amount":300},{"posx":1,"posy":3,"amount":550},{"posx":14,"posy":3,"amount":700},{"posx":7,"posy":4,"amount":50},{"posx":12,"posy":4,"amount":50},{"posx":16,"posy":4,"amount":250},{"posx":17,"posy":4,"amount":650},{"posx":12,"posy":6,"amount":50},{"posx":6,"posy":7,"amount":50},{"posx":8,"posy":7,"amount":100},{"posx":5,"posy":8,"amount":600}],"changedObstacles":[{"type":3,"posx":3,"posy":3,"value":-20}]},{"players":[{"playerId":2237456,"score":1050,"energy":18,"posx":4,"posy":3,"lastAction":1,"status":0},{"playerId":5588,"score":800,"energy":12,"posx":6,"posy":8,"lastAction":3,"status":0},{"playerId":2407150,"score":900,"energy":23,"posx":9,"posy":1,"lastAction":5,"status":0},{"playerId":2422729,"score":100,"energy":28,"posx":7,"posy":4,"lastAction":5,"status":0}],"golds":[{"posx":0,"posy":0,"amount":50},{"posx":3,"posy":1,"amount":400},{"posx":9,"posy":1,"amount":400},{"posx":17,"posy":1,"amount":200},{"posx":12,"posy":2,"amount":600},{"posx":15,"posy":2,"amount":300},{"posx":1,"posy":3,"amount":550},{"posx":14,"posy":3,"amount":700},{"posx":12,"posy":4,"amount":50},{"posx":16,"posy":4,"amount":250},{"posx":17,"posy":4,"amount":650},{"posx":12,"posy":6,"amount":50},{"posx":6,"posy":7,"amount":50},{"posx":8,"posy":7,"amount":100},{"posx":5,"posy":8,"amount":600}],"changedObstacles":[{"type":0,"posx":7,"posy":4,"value":-1}]},{"players":[{"playerId":2237456,"score":1050,"energy":17,"posx":5,"posy":3,"lastAction":1,"status":0},{"playerId":5588,"score":800,"energy":8,"posx":5,"posy":8,"lastAction":0,"status":0},{"playerId":2407150,"score":950,"energy":18,"posx":9,"posy":1,"lastAction":5,"status":0},{"playerId":2422729,"score":100,"energy":27,"posx":8,"posy":4,"lastAction":1,"status":0}],"golds":[{"posx":0,"posy":0,"amount":50},{"posx":3,"posy":1,"amount":400},{"posx":9,"posy":1,"amount":350},{"posx":17,"posy":1,"amount":200},{"posx":12,"posy":2,"amount":600},{"posx":15,"posy":2,"amount":300},{"posx":1,"posy":3,"amount":550},{"posx":14,"posy":3,"amount":700},{"posx":12,"posy":4,"amount":50},{"posx":16,"posy":4,"amount":250},{"posx":17,"posy":4,"amount":650},{"posx":12,"posy":6,"amount":50},{"posx":6,"posy":7,"amount":50},{"posx":8,"posy":7,"amount":100},{"posx":5,"posy":8,"amount":600}],"changedObstacles":[]},{"players":[{"playerId":2237456,"score":1050,"energy":16,"posx":6,"posy":3,"lastAction":1,"status":0},{"playerId":5588,"score":800,"energy":20,"posx":5,"posy":8,"lastAction":4,"status":0},{"playerId":2407150,"score":1000,"energy":13,"posx":9,"posy":1,"lastAction":5,"status":0},{"playerId":2422729,"score":100,"energy":26,"posx":9,"posy":4,"lastAction":1,"status":0}],"golds":[{"posx":0,"posy":0,"amount":50},{"posx":3,"posy":1,"amount":400},{"posx":9,"posy":1,"amount":300},{"posx":17,"posy":1,"amount":200},{"posx":12,"posy":2,"amount":600},{"posx":15,"posy":2,"amount":300},{"posx":1,"posy":3,"amount":550},{"posx":14,"posy":3,"amount":700},{"posx":12,"posy":4,"amount":50},{"posx":16,"posy":4,"amount":250},{"posx":17,"posy":4,"amount":650},{"posx":12,"posy":6,"amount":50},{"posx":6,"posy":7,"amount":50},{"posx":8,"posy":7,"amount":100},{"posx":5,"posy":8,"amount":600}],"changedObstacles":[]},{"players":[{"playerId":2237456,"score":1050,"energy":15,"posx":6,"posy":2,"lastAction":2,"status":0},{"playerId":5588,"score":850,"energy":15,"posx":5,"posy":8,"lastAction":5,"status":0},{"playerId":2407150,"score":1050,"energy":8,"posx":9,"posy":1,"lastAction":5,"status":0},{"playerId":2422729,"score":100,"energy":16,"posx":10,"posy":4,"lastAction":1,"status":0}],"golds":[{"posx":0,"posy":0,"amount":50},{"posx":3,"posy":1,"amount":400},{"posx":9,"posy":1,"amount":250},{"posx":17,"posy":1,"amount":200},{"posx":12,"posy":2,"amount":600},{"posx":15,"posy":2,"amount":300},{"posx":1,"posy":3,"amount":550},{"posx":14,"posy":3,"amount":700},{"posx":12,"posy":4,"amount":50},{"posx":16,"posy":4,"amount":250},{"posx":17,"posy":4,"amount":650},{"posx":12,"posy":6,"amount":50},{"posx":6,"posy":7,"amount":50},{"posx":8,"posy":7,"amount":100},{"posx":5,"posy":8,"amount":550}],"changedObstacles":[{"type":0,"posx":10,"posy":4,"value":-1}]},{"players":[{"playerId":2237456,"score":1050,"energy":14,"posx":7,"posy":2,"lastAction":1,"status":0},{"playerId":5588,"score":900,"energy":10,"posx":5,"posy":8,"lastAction":5,"status":0},{"playerId":2407150,"score":1100,"energy":3,"posx":9,"posy":1,"lastAction":5,"status":0},{"playerId":2422729,"score":100,"energy":15,"posx":11,"posy":4,"lastAction":1,"status":0}],"golds":[{"posx":0,"posy":0,"amount":50},{"posx":3,"posy":1,"amount":400},{"posx":9,"posy":1,"amount":200},{"posx":17,"posy":1,"amount":200},{"posx":12,"posy":2,"amount":600},{"posx":15,"posy":2,"amount":300},{"posx":1,"posy":3,"amount":550},{"posx":14,"posy":3,"amount":700},{"posx":12,"posy":4,"amount":50},{"posx":16,"posy":4,"amount":250},{"posx":17,"posy":4,"amount":650},{"posx":12,"posy":6,"amount":50},{"posx":6,"posy":7,"amount":50},{"posx":8,"posy":7,"amount":100},{"posx":5,"posy":8,"amount":500}],"changedObstacles":[]},{"players":[{"playerId":2237456,"score":1050,"energy":13,"posx":8,"posy":2,"lastAction":1,"status":0},{"playerId":5588,"score":900,"energy":22,"posx":5,"posy":8,"lastAction":4,"status":0},{"playerId":2407150,"score":1100,"energy":15,"posx":9,"posy":1,"lastAction":4,"status":0},{"playerId":2422729,"score":100,"energy":27,"posx":11,"posy":4,"lastAction":4,"status":0}],"golds":[{"posx":0,"posy":0,"amount":50},{"posx":3,"posy":1,"amount":400},{"posx":9,"posy":1,"amount":200},{"posx":17,"posy":1,"amount":200},{"posx":12,"posy":2,"amount":600},{"posx":15,"posy":2,"amount":300},{"posx":1,"posy":3,"amount":550},{"posx":14,"posy":3,"amount":700},{"posx":12,"posy":4,"amount":50},{"posx":16,"posy":4,"amount":250},{"posx":17,"posy":4,"amount":650},{"posx":12,"posy":6,"amount":50},{"posx":6,"posy":7,"amount":50},{"posx":8,"posy":7,"amount":100},{"posx":5,"posy":8,"amount":500}],"changedObstacles":[]},{"players":[{"playerId":2237456,"score":1050,"energy":3,"posx":9,"posy":2,"lastAction":1,"status":0},{"playerId":5588,"score":950,"energy":17,"posx":5,"posy":8,"lastAction":5,"status":0},{"playerId":2407150,"score":1100,"energy":31,"posx":9,"posy":1,"lastAction":4,"status":0},{"playerId":2422729,"score":100,"energy":43,"posx":11,"posy":4,"lastAction":4,"status":0}],"golds":[{"posx":0,"posy":0,"amount":50},{"posx":3,"posy":1,"amount":400},{"posx":9,"posy":1,"amount":200},{"posx":17,"posy":1,"amount":200},{"posx":12,"posy":2,"amount":600},{"posx":15,"posy":2,"amount":300},{"posx":1,"posy":3,"amount":550},{"posx":14,"posy":3,"amount":700},{"posx":12,"posy":4,"amount":50},{"posx":16,"posy":4,"amount":250},{"posx":17,"posy":4,"amount":650},{"posx":12,"posy":6,"amount":50},{"posx":6,"posy":7,"amount":50},{"posx":8,"posy":7,"amount":100},{"posx":5,"posy":8,"amount":450}],"changedObstacles":[{"type":0,"posx":9,"posy":2,"value":-1}]},{"players":[{"playerId":2237456,"score":1050,"energy":15,"posx":9,"posy":2,"lastAction":4,"status":0},{"playerId":5588,"score":1000,"energy":12,"posx":5,"posy":8,"lastAction":5,"status":0},{"playerId":2407150,"score":1100,"energy":50,"posx":9,"posy":1,"lastAction":4,"status":0},{"playerId":2422729,"score":100,"energy":24,"posx":11,"posy":3,"lastAction":2,"status":0}],"golds":[{"posx":0,"posy":0,"amount":50},{"posx":3,"posy":1,"amount":400},{"posx":9,"posy":1,"amount":200},{"posx":17,"posy":1,"amount":200},{"posx":12,"posy":2,"amount":600},{"posx":15,"posy":2,"amount":300},{"posx":1,"posy":3,"amount":550},{"posx":14,"posy":3,"amount":700},{"posx":12,"posy":4,"amount":50},{"posx":16,"posy":4,"amount":250},{"posx":17,"posy":4,"amount":650},{"posx":12,"posy":6,"amount":50},{"posx":6,"posy":7,"amount":50},{"posx":8,"posy":7,"amount":100},{"posx":5,"posy":8,"amount":400}],"changedObstacles":[]},{"players":[{"playerId":2237456,"score":1050,"energy":31,"posx":9,"posy":2,"lastAction":4,"status":0},{"playerId":5588,"score":1050,"energy":7,"posx":5,"posy":8,"lastAction":5,"status":0},{"playerId":2407150,"score":1150,"energy":45,"posx":9,"posy":1,"lastAction":5,"status":0},{"playerId":2422729,"score":100,"energy":19,"posx":11,"posy":2,"lastAction":2,"status":0}],"golds":[{"posx":0,"posy":0,"amount":50},{"posx":3,"posy":1,"amount":400},{"posx":9,"posy":1,"amount":150},{"posx":17,"posy":1,"amount":200},{"posx":12,"posy":2,"amount":600},{"posx":15,"posy":2,"amount":300},{"posx":1,"posy":3,"amount":550},{"posx":14,"posy":3,"amount":700},{"posx":12,"posy":4,"amount":50},{"posx":16,"posy":4,"amount":250},{"posx":17,"posy":4,"amount":650},{"posx":12,"posy":6,"amount":50},{"posx":6,"posy":7,"amount":50},{"posx":8,"posy":7,"amount":100},{"posx":5,"posy":8,"amount":350}],"changedObstacles":[{"type":3,"posx":11,"posy":2,"value":-20}]},{"players":[{"playerId":2237456,"score":1050,"energy":50,"posx":9,"posy":2,"lastAction":4,"status":0},{"playerId":5588,"score":1050,"energy":19,"posx":5,"posy":8,"lastAction":4,"status":0},{"playerId":2407150,"score":1200,"energy":40,"posx":9,"posy":1,"lastAction":5,"status":0},{"playerId":2422729,"score":100,"energy":15,"posx":12,"posy":2,"lastAction":1,"status":0}],"golds":[{"posx":0,"posy":0,"amount":50},{"posx":3,"posy":1,"amount":400},{"posx":9,"posy":1,"amount":100},{"posx":17,"posy":1,"amount":200},{"posx":12,"posy":2,"amount":600},{"posx":15,"posy":2,"amount":300},{"posx":1,"posy":3,"amount":550},{"posx":14,"posy":3,"amount":700},{"posx":12,"posy":4,"amount":50},{"posx":16,"posy":4,"amount":250},{"posx":17,"posy":4,"amount":650},{"posx":12,"posy":6,"amount":50},{"posx":6,"posy":7,"amount":50},{"posx":8,"posy":7,"amount":100},{"posx":5,"posy":8,"amount":350}],"changedObstacles":[]},{"players":[{"playerId":2237456,"score":1050,"energy":45,"posx":10,"posy":2,"lastAction":1,"status":0},{"playerId":5588,"score":1100,"energy":14,"posx":5,"posy":8,"lastAction":5,"status":0},{"playerId":2407150,"score":1250,"energy":35,"posx":9,"posy":1,"lastAction":5,"status":0},{"playerId":2422729,"score":150,"energy":10,"posx":12,"posy":2,"lastAction":5,"status":0}],"golds":[{"posx":0,"posy":0,"amount":50},{"posx":3,"posy":1,"amount":400},{"posx":9,"posy":1,"amount":50},{"posx":17,"posy":1,"amount":200},{"posx":12,"posy":2,"amount":550},{"posx":15,"posy":2,"amount":300},{"posx":1,"posy":3,"amount":550},{"posx":14,"posy":3,"amount":700},{"posx":12,"posy":4,"amount":50},{"posx":16,"posy":4,"amount":250},{"posx":17,"posy":4,"amount":650},{"posx":12,"posy":6,"amount":50},{"posx":6,"posy":7,"amount":50},{"posx":8,"posy":7,"amount":100},{"posx":5,"posy":8,"amount":300}],"changedObstacles":[{"type":3,"posx":10,"posy":2,"value":-20}]},{"players":[{"playerId":2237456,"score":1050,"energy":25,"posx":11,"posy":2,"lastAction":1,"status":0},{"playerId":5588,"score":1150,"energy":9,"posx":5,"posy":8,"lastAction":5,"status":0},{"playerId":2407150,"score":1300,"energy":30,"posx":9,"posy":1,"lastAction":5,"status":0},{"playerId":2422729,"score":200,"energy":5,"posx":12,"posy":2,"lastAction":5,"status":0}],"golds":[{"posx":0,"posy":0,"amount":50},{"posx":3,"posy":1,"amount":400},{"posx":17,"posy":1,"amount":200},{"posx":12,"posy":2,"amount":500},{"posx":15,"posy":2,"amount":300},{"posx":1,"posy":3,"amount":550},{"posx":14,"posy":3,"amount":700},{"posx":12,"posy":4,"amount":50},{"posx":16,"posy":4,"amount":250},{"posx":17,"posy":4,"amount":650},{"posx":12,"posy":6,"amount":50},{"posx":6,"posy":7,"amount":50},{"posx":8,"posy":7,"amount":100},{"posx":5,"posy":8,"amount":250}],"changedObstacles":[{"type":3,"posx":11,"posy":2,"value":-40},{"type":0,"posx":9,"posy":1,"value":-1}]},{"players":[{"playerId":2237456,"score":1050,"energy":21,"posx":12,"posy":2,"lastAction":1,"status":0},{"playerId":5588,"score":1150,"energy":21,"posx":5,"posy":8,"lastAction":4,"status":0},{"playerId":2407150,"score":1300,"energy":10,"posx":10,"posy":1,"lastAction":1,"status":0},{"playerId":2422729,"score":200,"energy":17,"posx":12,"posy":2,"lastAction":4,"status":0}],"golds":[{"posx":0,"posy":0,"amount":50},{"posx":3,"posy":1,"amount":400},{"posx":17,"posy":1,"amount":200},{"posx":12,"posy":2,"amount":500},{"posx":15,"posy":2,"amount":300},{"posx":1,"posy":3,"amount":550},{"posx":14,"posy":3,"amount":700},{"posx":12,"posy":4,"amount":50},{"posx":16,"posy":4,"amount":250},{"posx":17,"posy":4,"amount":650},{"posx":12,"posy":6,"amount":50},{"posx":6,"posy":7,"amount":50},{"posx":8,"posy":7,"amount":100},{"posx":5,"posy":8,"amount":250}],"changedObstacles":[]},{"players":[{"playerId":2237456,"score":1100,"energy":16,"posx":12,"posy":2,"lastAction":5,"status":0},{"playerId":5588,"score":1200,"energy":16,"posx":5,"posy":8,"lastAction":5,"status":0},{"playerId":2407150,"score":1300,"energy":9,"posx":11,"posy":1,"lastAction":1,"status":0},{"playerId":2422729,"score":200,"energy":33,"posx":12,"posy":2,"lastAction":4,"status":0}],"golds":[{"posx":0,"posy":0,"amount":50},{"posx":3,"posy":1,"amount":400},{"posx":17,"posy":1,"amount":200},{"posx":12,"posy":2,"amount":450},{"posx":15,"posy":2,"amount":300},{"posx":1,"posy":3,"amount":550},{"posx":14,"posy":3,"amount":700},{"posx":12,"posy":4,"amount":50},{"posx":16,"posy":4,"amount":250},{"posx":17,"posy":4,"amount":650},{"posx":12,"posy":6,"amount":50},{"posx":6,"posy":7,"amount":50},{"posx":8,"posy":7,"amount":100},{"posx":5,"posy":8,"amount":200}],"changedObstacles":[]},{"players":[{"playerId":2237456,"score":1150,"energy":11,"posx":12,"posy":2,"lastAction":5,"status":0},{"playerId":5588,"score":1250,"energy":11,"posx":5,"posy":8,"lastAction":5,"status":0},{"playerId":2407150,"score":1300,"energy":21,"posx":11,"posy":1,"lastAction":4,"status":0},{"playerId":2422729,"score":250,"energy":28,"posx":12,"posy":2,"lastAction":5,"status":0}],"golds":[{"posx":0,"posy":0,"amount":50},{"posx":3,"posy":1,"amount":400},{"posx":17,"posy":1,"amount":200},{"posx":12,"posy":2,"amount":350},{"posx":15,"posy":2,"amount":300},{"posx":1,"posy":3,"amount":550},{"posx":14,"posy":3,"amount":700},{"posx":12,"posy":4,"amount":50},{"posx":16,"posy":4,"amount":250},{"posx":17,"posy":4,"amount":650},{"posx":12,"posy":6,"amount":50},{"posx":6,"posy":7,"amount":50},{"posx":8,"posy":7,"amount":100},{"posx":5,"posy":8,"amount":150}],"changedObstacles":[]},{"players":[{"playerId":2237456,"score":1200,"energy":6,"posx":12,"posy":2,"lastAction":5,"status":0},{"playerId":5588,"score":1300,"energy":6,"posx":5,"posy":8,"lastAction":5,"status":0},{"playerId":2407150,"score":1300,"energy":37,"posx":11,"posy":1,"lastAction":4,"status":0},{"playerId":2422729,"score":300,"energy":23,"posx":12,"posy":2,"lastAction":5,"status":0}],"golds":[{"posx":0,"posy":0,"amount":50},{"posx":3,"posy":1,"amount":400},{"posx":17,"posy":1,"amount":200},{"posx":12,"posy":2,"amount":250},{"posx":15,"posy":2,"amount":300},{"posx":1,"posy":3,"amount":550},{"posx":14,"posy":3,"amount":700},{"posx":12,"posy":4,"amount":50},{"posx":16,"posy":4,"amount":250},{"posx":17,"posy":4,"amount":650},{"posx":12,"posy":6,"amount":50},{"posx":6,"posy":7,"amount":50},{"posx":8,"posy":7,"amount":100},{"posx":5,"posy":8,"amount":100}],"changedObstacles":[]},{"players":[{"playerId":2237456,"score":1250,"energy":1,"posx":12,"posy":2,"lastAction":5,"status":0},{"playerId":5588,"score":1300,"energy":18,"posx":5,"posy":8,"lastAction":4,"status":0},{"playerId":2407150,"score":1300,"energy":27,"posx":12,"posy":1,"lastAction":1,"status":0},{"playerId":2422729,"score":350,"energy":18,"posx":12,"posy":2,"lastAction":5,"status":0}],"golds":[{"posx":0,"posy":0,"amount":50},{"posx":3,"posy":1,"amount":400},{"posx":17,"posy":1,"amount":200},{"posx":12,"posy":2,"amount":150},{"posx":15,"posy":2,"amount":300},{"posx":1,"posy":3,"amount":550},{"posx":14,"posy":3,"amount":700},{"posx":12,"posy":4,"amount":50},{"posx":16,"posy":4,"amount":250},{"posx":17,"posy":4,"amount":650},{"posx":12,"posy":6,"amount":50},{"posx":6,"posy":7,"amount":50},{"posx":8,"posy":7,"amount":100},{"posx":5,"posy":8,"amount":100}],"changedObstacles":[{"type":0,"posx":12,"posy":1,"value":-1}]},{"players":[{"playerId":2237456,"score":1250,"energy":13,"posx":12,"posy":2,"lastAction":4,"status":0},{"playerId":5588,"score":1350,"energy":13,"posx":5,"posy":8,"lastAction":5,"status":0},{"playerId":2407150,"score":1300,"energy":26,"posx":13,"posy":1,"lastAction":1,"status":0},{"playerId":2422729,"score":400,"energy":13,"posx":12,"posy":2,"lastAction":5,"status":0}],"golds":[{"posx":0,"posy":0,"amount":50},{"posx":3,"posy":1,"amount":400},{"posx":17,"posy":1,"amount":200},{"posx":12,"posy":2,"amount":100},{"posx":15,"posy":2,"amount":300},{"posx":1,"posy":3,"amount":550},{"posx":14,"posy":3,"amount":700},{"posx":12,"posy":4,"amount":50},{"posx":16,"posy":4,"amount":250},{"posx":17,"posy":4,"amount":650},{"posx":12,"posy":6,"amount":50},{"posx":6,"posy":7,"amount":50},{"posx":8,"posy":7,"amount":100},{"posx":5,"posy":8,"amount":50}],"changedObstacles":[]},{"players":[{"playerId":2237456,"score":1250,"energy":29,"posx":12,"posy":2,"lastAction":4,"status":0},{"playerId":5588,"score":1350,"energy":12,"posx":6,"posy":8,"lastAction":1,"status":0},{"playerId":2407150,"score":1300,"energy":25,"posx":14,"posy":1,"lastAction":1,"status":0},{"playerId":2422729,"score":450,"energy":8,"posx":12,"posy":2,"lastAction":5,"status":0}],"golds":[{"posx":0,"posy":0,"amount":50},{"posx":3,"posy":1,"amount":400},{"posx":17,"posy":1,"amount":200},{"posx":12,"posy":2,"amount":50},{"posx":15,"posy":2,"amount":300},{"posx":1,"posy":3,"amount":550},{"posx":14,"posy":3,"amount":700},{"posx":12,"posy":4,"amount":50},{"posx":16,"posy":4,"amount":250},{"posx":17,"posy":4,"amount":650},{"posx":12,"posy":6,"amount":50},{"posx":6,"posy":7,"amount":50},{"posx":8,"posy":7,"amount":100},{"posx":5,"posy":8,"amount":50}],"changedObstacles":[]},{"players":[{"playerId":2237456,"score":1275,"energy":24,"posx":12,"posy":2,"lastAction":5,"status":0},{"playerId":5588,"score":1350,"energy":24,"posx":6,"posy":8,"lastAction":4,"status":0},{"playerId":2407150,"score":1300,"energy":15,"posx":14,"posy":2,"lastAction":3,"status":0},{"playerId":2422729,"score":475,"energy":3,"posx":12,"posy":2,"lastAction":5,"status":0}],"golds":[{"posx":0,"posy":0,"amount":50},{"posx":3,"posy":1,"amount":400},{"posx":17,"posy":1,"amount":200},{"posx":15,"posy":2,"amount":300},{"posx":1,"posy":3,"amount":550},{"posx":14,"posy":3,"amount":700},{"posx":12,"posy":4,"amount":50},{"posx":16,"posy":4,"amount":250},{"posx":17,"posy":4,"amount":650},{"posx":12,"posy":6,"amount":50},{"posx":6,"posy":7,"amount":50},{"posx":8,"posy":7,"amount":100},{"posx":5,"posy":8,"amount":50}],"changedObstacles":[{"type":0,"posx":14,"posy":2,"value":-1},{"type":0,"posx":12,"posy":2,"value":-1}]},{"players":[{"playerId":2237456,"score":1275,"energy":19,"posx":13,"posy":2,"lastAction":1,"status":0},{"playerId":5588,"score":1350,"energy":14,"posx":7,"posy":8,"lastAction":1,"status":0},{"playerId":2407150,"score":1300,"energy":11,"posx":14,"posy":3,"lastAction":3,"status":0},{"playerId":2422729,"score":475,"energy":15,"posx":12,"posy":2,"lastAction":4,"status":0}],"golds":[{"posx":0,"posy":0,"amount":50},{"posx":3,"posy":1,"amount":400},{"posx":17,"posy":1,"amount":200},{"posx":15,"posy":2,"amount":300},{"posx":1,"posy":3,"amount":550},{"posx":14,"posy":3,"amount":700},{"posx":12,"posy":4,"amount":50},{"posx":16,"posy":4,"amount":250},{"posx":17,"posy":4,"amount":650},{"posx":12,"posy":6,"amount":50},{"posx":6,"posy":7,"amount":50},{"posx":8,"posy":7,"amount":100},{"posx":5,"posy":8,"amount":50}],"changedObstacles":[{"type":0,"posx":7,"posy":8,"value":-1}]},{"players":[{"playerId":2237456,"score":1275,"energy":18,"posx":14,"posy":2,"lastAction":1,"status":0},{"playerId":5588,"score":1350,"energy":13,"posx":7,"posy":7,"lastAction":2,"status":0},{"playerId":2407150,"score":1350,"energy":6,"posx":14,"posy":3,"lastAction":5,"status":0},{"playerId":2422729,"score":475,"energy":31,"posx":12,"posy":2,"lastAction":4,"status":0}],"golds":[{"posx":0,"posy":0,"amount":50},{"posx":3,"posy":1,"amount":400},{"posx":17,"posy":1,"amount":200},{"posx":15,"posy":2,"amount":300},{"posx":1,"posy":3,"amount":550},{"posx":14,"posy":3,"amount":650},{"posx":12,"posy":4,"amount":50},{"posx":16,"posy":4,"amount":250},{"posx":17,"posy":4,"amount":650},{"posx":12,"posy":6,"amount":50},{"posx":6,"posy":7,"amount":50},{"posx":8,"posy":7,"amount":100},{"posx":5,"posy":8,"amount":50}],"changedObstacles":[]},{"players":[{"playerId":2237456,"score":1275,"energy":14,"posx":15,"posy":2,"lastAction":1,"status":0},{"playerId":5588,"score":1350,"energy":9,"posx":8,"posy":7,"lastAction":1,"status":0},{"playerId":2407150,"score":1400,"energy":1,"posx":14,"posy":3,"lastAction":5,"status":0},{"playerId":2422729,"score":475,"energy":50,"posx":12,"posy":2,"lastAction":4,"status":0}],"golds":[{"posx":0,"posy":0,"amount":50},{"posx":3,"posy":1,"amount":400},{"posx":17,"posy":1,"amount":200},{"posx":15,"posy":2,"amount":300},{"posx":1,"posy":3,"amount":550},{"posx":14,"posy":3,"amount":600},{"posx":12,"posy":4,"amount":50},{"posx":16,"posy":4,"amount":250},{"posx":17,"posy":4,"amount":650},{"posx":12,"posy":6,"amount":50},{"posx":6,"posy":7,"amount":50},{"posx":8,"posy":7,"amount":100},{"posx":5,"posy":8,"amount":50}],"changedObstacles":[]},{"players":[{"playerId":2237456,"score":1325,"energy":9,"posx":15,"posy":2,"lastAction":5,"status":0},{"playerId":5588,"score":1350,"energy":21,"posx":8,"posy":7,"lastAction":4,"status":0},{"playerId":2407150,"score":1400,"energy":13,"posx":14,"posy":3,"lastAction":4,"status":0},{"playerId":2422729,"score":475,"energy":37,"posx":13,"posy":2,"lastAction":1,"status":0}],"golds":[{"posx":0,"posy":0,"amount":50},{"posx":3,"posy":1,"amount":400},{"posx":17,"posy":1,"amount":200},{"posx":15,"posy":2,"amount":250},{"posx":1,"posy":3,"amount":550},{"posx":14,"posy":3,"amount":600},{"posx":12,"posy":4,"amount":50},{"posx":16,"posy":4,"amount":250},{"posx":17,"posy":4,"amount":650},{"posx":12,"posy":6,"amount":50},{"posx":6,"posy":7,"amount":50},{"posx":8,"posy":7,"amount":100},{"posx":5,"posy":8,"amount":50}],"changedObstacles":[]},{"players":[{"playerId":2237456,"score":1375,"energy":4,"posx":15,"posy":2,"lastAction":5,"status":0},{"playerId":5588,"score":1400,"energy":16,"posx":8,"posy":7,"lastAction":5,"status":0},{"playerId":2407150,"score":1400,"energy":29,"posx":14,"posy":3,"lastAction":4,"status":0},{"playerId":2422729,"score":475,"energy":36,"posx":14,"posy":2,"lastAction":1,"status":0}],"golds":[{"posx":0,"posy":0,"amount":50},{"posx":3,"posy":1,"amount":400},{"posx":17,"posy":1,"amount":200},{"posx":15,"posy":2,"amount":200},{"posx":1,"posy":3,"amount":550},{"posx":14,"posy":3,"amount":600},{"posx":12,"posy":4,"amount":50},{"posx":16,"posy":4,"amount":250},{"posx":17,"posy":4,"amount":650},{"posx":12,"posy":6,"amount":50},{"posx":6,"posy":7,"amount":50},{"posx":8,"posy":7,"amount":50},{"posx":5,"posy":8,"amount":50}],"changedObstacles":[]},{"players":[{"playerId":2237456,"score":1375,"energy":16,"posx":15,"posy":2,"lastAction":4,"status":0},{"playerId":5588,"score":1400,"energy":15,"posx":8,"posy":6,"lastAction":2,"status":0},{"playerId":2407150,"score":1400,"energy":50,"posx":14,"posy":3,"lastAction":4,"status":0},{"playerId":2422729,"score":475,"energy":32,"posx":14,"posy":3,"lastAction":3,"status":0}],"golds":[{"posx":0,"posy":0,"amount":50},{"posx":3,"posy":1,"amount":400},{"posx":17,"posy":1,"amount":200},{"posx":15,"posy":2,"amount":200},{"posx":1,"posy":3,"amount":550},{"posx":14,"posy":3,"amount":600},{"posx":12,"posy":4,"amount":50},{"posx":16,"posy":4,"amount":250},{"posx":17,"posy":4,"amount":650},{"posx":12,"posy":6,"amount":50},{"posx":6,"posy":7,"amount":50},{"posx":8,"posy":7,"amount":50},{"posx":5,"posy":8,"amount":50}],"changedObstacles":[]},{"players":[{"playerId":2237456,"score":1375,"energy":32,"posx":15,"posy":2,"lastAction":4,"status":0},{"playerId":5588,"score":1400,"energy":10,"posx":9,"posy":6,"lastAction":1,"status":0},{"playerId":2407150,"score":1450,"energy":45,"posx":14,"posy":3,"lastAction":5,"status":0},{"playerId":2422729,"score":525,"energy":27,"posx":14,"posy":3,"lastAction":5,"status":0}],"golds":[{"posx":0,"posy":0,"amount":50},{"posx":3,"posy":1,"amount":400},{"posx":17,"posy":1,"amount":200},{"posx":15,"posy":2,"amount":200},{"posx":1,"posy":3,"amount":550},{"posx":14,"posy":3,"amount":500},{"posx":12,"posy":4,"amount":50},{"posx":16,"posy":4,"amount":250},{"posx":17,"posy":4,"amount":650},{"posx":12,"posy":6,"amount":50},{"posx":6,"posy":7,"amount":50},{"posx":8,"posy":7,"amount":50},{"posx":5,"posy":8,"amount":50}],"changedObstacles":[{"type":3,"posx":9,"posy":6,"value":-20}]},{"players":[{"playerId":2237456,"score":1375,"energy":50,"posx":15,"posy":2,"lastAction":4,"status":0},{"playerId":5588,"score":1400,"energy":22,"posx":9,"posy":6,"lastAction":4,"status":0},{"playerId":2407150,"score":1500,"energy":40,"posx":14,"posy":3,"lastAction":5,"status":0},{"playerId":2422729,"score":575,"energy":22,"posx":14,"posy":3,"lastAction":5,"status":0}],"golds":[{"posx":0,"posy":0,"amount":50},{"posx":3,"posy":1,"amount":400},{"posx":17,"posy":1,"amount":200},{"posx":15,"posy":2,"amount":200},{"posx":1,"posy":3,"amount":550},{"posx":14,"posy":3,"amount":400},{"posx":12,"posy":4,"amount":50},{"posx":16,"posy":4,"amount":250},{"posx":17,"posy":4,"amount":650},{"posx":12,"posy":6,"amount":50},{"posx":6,"posy":7,"amount":50},{"posx":8,"posy":7,"amount":50},{"posx":5,"posy":8,"amount":50}],"changedObstacles":[]},{"players":[{"playerId":2237456,"score":1425,"energy":45,"posx":15,"posy":2,"lastAction":5,"status":0},{"playerId":5588,"score":1400,"energy":21,"posx":10,"posy":6,"lastAction":1,"status":0},{"playerId":2407150,"score":1550,"energy":35,"posx":14,"posy":3,"lastAction":5,"status":0},{"playerId":2422729,"score":625,"energy":17,"posx":14,"posy":3,"lastAction":5,"status":0}],"golds":[{"posx":0,"posy":0,"amount":50},{"posx":3,"posy":1,"amount":400},{"posx":17,"posy":1,"amount":200},{"posx":15,"posy":2,"amount":150},{"posx":1,"posy":3,"amount":550},{"posx":14,"posy":3,"amount":300},{"posx":12,"posy":4,"amount":50},{"posx":16,"posy":4,"amount":250},{"posx":17,"posy":4,"amount":650},{"posx":12,"posy":6,"amount":50},{"posx":6,"posy":7,"amount":50},{"posx":8,"posy":7,"amount":50},{"posx":5,"posy":8,"amount":50}],"changedObstacles":[]},{"players":[{"playerId":2237456,"score":1475,"energy":40,"posx":15,"posy":2,"lastAction":5,"status":0},{"playerId":5588,"score":1400,"energy":16,"posx":10,"posy":5,"lastAction":2,"status":0},{"playerId":2407150,"score":1600,"energy":30,"posx":14,"posy":3,"lastAction":5,"status":0},{"playerId":2422729,"score":675,"energy":12,"posx":14,"posy":3,"lastAction":5,"status":0}],"golds":[{"posx":0,"posy":0,"amount":50},{"posx":3,"posy":1,"amount":400},{"posx":17,"posy":1,"amount":200},{"posx":15,"posy":2,"amount":100},{"posx":1,"posy":3,"amount":550},{"posx":14,"posy":3,"amount":200},{"posx":12,"posy":4,"amount":50},{"posx":16,"posy":4,"amount":250},{"posx":17,"posy":4,"amount":650},{"posx":12,"posy":6,"amount":50},{"posx":6,"posy":7,"amount":50},{"posx":8,"posy":7,"amount":50},{"posx":5,"posy":8,"amount":50}],"changedObstacles":[{"type":3,"posx":10,"posy":5,"value":-20}]},{"players":[{"playerId":2237456,"score":1525,"energy":35,"posx":15,"posy":2,"lastAction":5,"status":0},{"playerId":5588,"score":1400,"energy":28,"posx":10,"posy":5,"lastAction":4,"status":0},{"playerId":2407150,"score":1600,"energy":29,"posx":15,"posy":3,"lastAction":1,"status":0},{"playerId":2422729,"score":725,"energy":7,"posx":14,"posy":3,"lastAction":5,"status":0}],"golds":[{"posx":0,"posy":0,"amount":50},{"posx":3,"posy":1,"amount":400},{"posx":17,"posy":1,"amount":200},{"posx":15,"posy":2,"amount":50},{"posx":1,"posy":3,"amount":550},{"posx":14,"posy":3,"amount":150},{"posx":12,"posy":4,"amount":50},{"posx":16,"posy":4,"amount":250},{"posx":17,"posy":4,"amount":650},{"posx":12,"posy":6,"amount":50},{"posx":6,"posy":7,"amount":50},{"posx":8,"posy":7,"amount":50},{"posx":5,"posy":8,"amount":50}],"changedObstacles":[]},{"players":[{"playerId":2237456,"score":1575,"energy":30,"posx":15,"posy":2,"lastAction":5,"status":0},{"playerId":5588,"score":1400,"energy":23,"posx":11,"posy":5,"lastAction":1,"status":0},{"playerId":2407150,"score":1600,"energy":28,"posx":15,"posy":4,"lastAction":3,"status":0},{"playerId":2422729,"score":775,"energy":2,"posx":14,"posy":3,"lastAction":5,"status":0}],"golds":[{"posx":0,"posy":0,"amount":50},{"posx":3,"posy":1,"amount":400},{"posx":17,"posy":1,"amount":200},{"posx":1,"posy":3,"amount":550},{"posx":14,"posy":3,"amount":100},{"posx":12,"posy":4,"amount":50},{"posx":16,"posy":4,"amount":250},{"posx":17,"posy":4,"amount":650},{"posx":12,"posy":6,"amount":50},{"posx":6,"posy":7,"amount":50},{"posx":8,"posy":7,"amount":50},{"posx":5,"posy":8,"amount":50}],"changedObstacles":[{"type":0,"posx":15,"posy":2,"value":-1}]},{"players":[{"playerId":2237456,"score":1575,"energy":29,"posx":14,"posy":2,"lastAction":0,"status":0},{"playerId":5588,"score":1400,"energy":22,"posx":12,"posy":5,"lastAction":1,"status":0},{"playerId":2407150,"score":1600,"energy":24,"posx":16,"posy":4,"lastAction":1,"status":0},{"playerId":2422729,"score":775,"energy":14,"posx":14,"posy":3,"lastAction":4,"status":0}],"golds":[{"posx":0,"posy":0,"amount":50},{"posx":3,"posy":1,"amount":400},{"posx":17,"posy":1,"amount":200},{"posx":1,"posy":3,"amount":550},{"posx":14,"posy":3,"amount":100},{"posx":12,"posy":4,"amount":50},{"posx":16,"posy":4,"amount":250},{"posx":17,"posy":4,"amount":650},{"posx":12,"posy":6,"amount":50},{"posx":6,"posy":7,"amount":50},{"posx":8,"posy":7,"amount":50},{"posx":5,"posy":8,"amount":50}],"changedObstacles":[]},{"players":[{"playerId":2237456,"score":1575,"energy":28,"posx":15,"posy":2,"lastAction":1,"status":0},{"playerId":5588,"score":1400,"energy":21,"posx":13,"posy":5,"lastAction":1,"status":0},{"playerId":2407150,"score":1650,"energy":19,"posx":16,"posy":4,"lastAction":5,"status":0},{"playerId":2422729,"score":825,"energy":9,"posx":14,"posy":3,"lastAction":5,"status":0}],"golds":[{"posx":0,"posy":0,"amount":50},{"posx":3,"posy":1,"amount":400},{"posx":17,"posy":1,"amount":200},{"posx":1,"posy":3,"amount":550},{"posx":14,"posy":3,"amount":50},{"posx":12,"posy":4,"amount":50},{"posx":16,"posy":4,"amount":200},{"posx":17,"posy":4,"amount":650},{"posx":12,"posy":6,"amount":50},{"posx":6,"posy":7,"amount":50},{"posx":8,"posy":7,"amount":50},{"posx":5,"posy":8,"amount":50}],"changedObstacles":[]},{"players":[{"playerId":2237456,"score":1575,"energy":27,"posx":15,"posy":3,"lastAction":3,"status":0},{"playerId":5588,"score":1400,"energy":20,"posx":14,"posy":5,"lastAction":1,"status":0},{"playerId":2407150,"score":1700,"energy":14,"posx":16,"posy":4,"lastAction":5,"status":0},{"playerId":2422729,"score":875,"energy":4,"posx":14,"posy":3,"lastAction":5,"status":0}],"golds":[{"posx":0,"posy":0,"amount":50},{"posx":3,"posy":1,"amount":400},{"posx":17,"posy":1,"amount":200},{"posx":1,"posy":3,"amount":550},{"posx":12,"posy":4,"amount":50},{"posx":16,"posy":4,"amount":150},{"posx":17,"posy":4,"amount":650},{"posx":12,"posy":6,"amount":50},{"posx":6,"posy":7,"amount":50},{"posx":8,"posy":7,"amount":50},{"posx":5,"posy":8,"amount":50}],"changedObstacles":[{"type":0,"posx":14,"posy":3,"value":-1}]},{"players":[{"playerId":2237456,"score":1575,"energy":26,"posx":15,"posy":4,"lastAction":3,"status":0},{"playerId":5588,"score":1400,"energy":10,"posx":15,"posy":5,"lastAction":1,"status":0},{"playerId":2407150,"score":1750,"energy":9,"posx":16,"posy":4,"lastAction":5,"status":0},{"playerId":2422729,"score":875,"energy":16,"posx":14,"posy":3,"lastAction":4,"status":0}],"golds":[{"posx":0,"posy":0,"amount":50},{"posx":3,"posy":1,"amount":400},{"posx":17,"posy":1,"amount":200},{"posx":1,"posy":3,"amount":550},{"posx":12,"posy":4,"amount":50},{"posx":16,"posy":4,"amount":100},{"posx":17,"posy":4,"amount":650},{"posx":12,"posy":6,"amount":50},{"posx":6,"posy":7,"amount":50},{"posx":8,"posy":7,"amount":50},{"posx":5,"posy":8,"amount":50}],"changedObstacles":[{"type":0,"posx":15,"posy":5,"value":-1}]},{"players":[{"playerId":2237456,"score":1575,"energy":22,"posx":16,"posy":4,"lastAction":1,"status":0},{"playerId":5588,"score":1400,"energy":22,"posx":15,"posy":5,"lastAction":4,"status":0},{"playerId":2407150,"score":1800,"energy":4,"posx":16,"posy":4,"lastAction":5,"status":0},{"playerId":2422729,"score":875,"energy":32,"posx":14,"posy":3,"lastAction":4,"status":0}],"golds":[{"posx":0,"posy":0,"amount":50},{"posx":3,"posy":1,"amount":400},{"posx":17,"posy":1,"amount":200},{"posx":1,"posy":3,"amount":550},{"posx":12,"posy":4,"amount":50},{"posx":16,"posy":4,"amount":50},{"posx":17,"posy":4,"amount":650},{"posx":12,"posy":6,"amount":50},{"posx":6,"posy":7,"amount":50},{"posx":8,"posy":7,"amount":50},{"posx":5,"posy":8,"amount":50}],"changedObstacles":[]},{"players":[{"playerId":2237456,"score":1625,"energy":17,"posx":16,"posy":4,"lastAction":5,"status":0},{"playerId":5588,"score":1400,"energy":17,"posx":16,"posy":5,"lastAction":1,"status":0},{"playerId":2407150,"score":1800,"energy":16,"posx":16,"posy":4,"lastAction":4,"status":0},{"playerId":2422729,"score":875,"energy":27,"posx":14,"posy":4,"lastAction":3,"status":0}],"golds":[{"posx":0,"posy":0,"amount":50},{"posx":3,"posy":1,"amount":400},{"posx":17,"posy":1,"amount":200},{"posx":1,"posy":3,"amount":550},{"posx":12,"posy":4,"amount":50},{"posx":17,"posy":4,"amount":650},{"posx":12,"posy":6,"amount":50},{"posx":6,"posy":7,"amount":50},{"posx":8,"posy":7,"amount":50},{"posx":5,"posy":8,"amount":50}],"changedObstacles":[{"type":3,"posx":16,"posy":5,"value":-20},{"type":3,"posx":14,"posy":4,"value":-20},{"type":0,"posx":16,"posy":4,"value":-1}]},{"players":[{"playerId":2237456,"score":1625,"energy":13,"posx":17,"posy":4,"lastAction":1,"status":0},{"playerId":5588,"score":1400,"energy":16,"posx":17,"posy":5,"lastAction":1,"status":0},{"playerId":2407150,"score":1800,"energy":32,"posx":16,"posy":4,"lastAction":4,"status":0},{"playerId":2422729,"score":875,"energy":26,"posx":15,"posy":4,"lastAction":1,"status":0}],"golds":[{"posx":0,"posy":0,"amount":50},{"posx":3,"posy":1,"amount":400},{"posx":17,"posy":1,"amount":200},{"posx":1,"posy":3,"amount":550},{"posx":12,"posy":4,"amount":50},{"posx":17,"posy":4,"amount":650},{"posx":12,"posy":6,"amount":50},{"posx":6,"posy":7,"amount":50},{"posx":8,"posy":7,"amount":50},{"posx":5,"posy":8,"amount":50}],"changedObstacles":[]},{"players":[{"playerId":2237456,"score":1675,"energy":8,"posx":17,"posy":4,"lastAction":5,"status":0},{"playerId":5588,"score":1400,"energy":12,"posx":17,"posy":4,"lastAction":2,"status":0},{"playerId":2407150,"score":1800,"energy":50,"posx":16,"posy":4,"lastAction":4,"status":0},{"playerId":2422729,"score":875,"energy":25,"posx":16,"posy":4,"lastAction":1,"status":0}],"golds":[{"posx":0,"posy":0,"amount":50},{"posx":3,"posy":1,"amount":400},{"posx":17,"posy":1,"amount":200},{"posx":1,"posy":3,"amount":550},{"posx":12,"posy":4,"amount":50},{"posx":17,"posy":4,"amount":600},{"posx":12,"posy":6,"amount":50},{"posx":6,"posy":7,"amount":50},{"posx":8,"posy":7,"amount":50},{"posx":5,"posy":8,"amount":50}],"changedObstacles":[]},{"players":[{"playerId":2237456,"score":1725,"energy":3,"posx":17,"posy":4,"lastAction":5,"status":0},{"playerId":5588,"score":1450,"energy":7,"posx":17,"posy":4,"lastAction":5,"status":0},{"playerId":2407150,"score":1800,"energy":49,"posx":15,"posy":4,"lastAction":0,"status":0},{"playerId":2422729,"score":875,"energy":15,"posx":16,"posy":3,"lastAction":2,"status":0}],"golds":[{"posx":0,"posy":0,"amount":50},{"posx":3,"posy":1,"amount":400},{"posx":17,"posy":1,"amount":200},{"posx":1,"posy":3,"amount":550},{"posx":12,"posy":4,"amount":50},{"posx":17,"posy":4,"amount":500},{"posx":12,"posy":6,"amount":50},{"posx":6,"posy":7,"amount":50},{"posx":8,"posy":7,"amount":50},{"posx":5,"posy":8,"amount":50}],"changedObstacles":[{"type":0,"posx":16,"posy":3,"value":-1}]},{"players":[{"playerId":2237456,"score":1725,"energy":15,"posx":17,"posy":4,"lastAction":4,"status":0},{"playerId":5588,"score":1450,"energy":19,"posx":17,"posy":4,"lastAction":4,"status":0},{"playerId":2407150,"score":1800,"energy":29,"posx":14,"posy":4,"lastAction":0,"status":0},{"playerId":2422729,"score":875,"energy":14,"posx":15,"posy":3,"lastAction":0,"status":0}],"golds":[{"posx":0,"posy":0,"amount":50},{"posx":3,"posy":1,"amount":400},{"posx":17,"posy":1,"amount":200},{"posx":1,"posy":3,"amount":550},{"posx":12,"posy":4,"amount":50},{"posx":17,"posy":4,"amount":500},{"posx":12,"posy":6,"amount":50},{"posx":6,"posy":7,"amount":50},{"posx":8,"posy":7,"amount":50},{"posx":5,"posy":8,"amount":50}],"changedObstacles":[{"type":3,"posx":14,"posy":4,"value":-40}]},{"players":[{"playerId":2237456,"score":1725,"energy":31,"posx":17,"posy":4,"lastAction":4,"status":0},{"playerId":5588,"score":1500,"energy":14,"posx":17,"posy":4,"lastAction":5,"status":0},{"playerId":2407150,"score":1800,"energy":24,"posx":13,"posy":4,"lastAction":0,"status":0},{"playerId":2422729,"score":875,"energy":13,"posx":14,"posy":3,"lastAction":0,"status":0}],"golds":[{"posx":0,"posy":0,"amount":50},{"posx":3,"posy":1,"amount":400},{"posx":17,"posy":1,"amount":200},{"posx":1,"posy":3,"amount":550},{"posx":12,"posy":4,"amount":50},{"posx":17,"posy":4,"amount":450},{"posx":12,"posy":6,"amount":50},{"posx":6,"posy":7,"amount":50},{"posx":8,"posy":7,"amount":50},{"posx":5,"posy":8,"amount":50}],"changedObstacles":[{"type":3,"posx":13,"posy":4,"value":-20}]},{"players":[{"playerId":2237456,"score":1725,"energy":50,"posx":17,"posy":4,"lastAction":4,"status":0},{"playerId":5588,"score":1550,"energy":9,"posx":17,"posy":4,"lastAction":5,"status":0},{"playerId":2407150,"score":1800,"energy":20,"posx":12,"posy":4,"lastAction":0,"status":0},{"playerId":2422729,"score":875,"energy":25,"posx":14,"posy":3,"lastAction":4,"status":0}],"golds":[{"posx":0,"posy":0,"amount":50},{"posx":3,"posy":1,"amount":400},{"posx":17,"posy":1,"amount":200},{"posx":1,"posy":3,"amount":550},{"posx":12,"posy":4,"amount":50},{"posx":17,"posy":4,"amount":400},{"posx":12,"posy":6,"amount":50},{"posx":6,"posy":7,"amount":50},{"posx":8,"posy":7,"amount":50},{"posx":5,"posy":8,"amount":50}],"changedObstacles":[]},{"players":[{"playerId":2237456,"score":1775,"energy":45,"posx":17,"posy":4,"lastAction":5,"status":0},{"playerId":5588,"score":1550,"energy":21,"posx":17,"posy":4,"lastAction":4,"status":0},{"playerId":2407150,"score":1850,"energy":15,"posx":12,"posy":4,"lastAction":5,"status":0},{"playerId":2422729,"score":875,"energy":41,"posx":14,"posy":3,"lastAction":4,"status":0}],"golds":[{"posx":0,"posy":0,"amount":50},{"posx":3,"posy":1,"amount":400},{"posx":17,"posy":1,"amount":200},{"posx":1,"posy":3,"amount":550},{"posx":17,"posy":4,"amount":350},{"posx":12,"posy":6,"amount":50},{"posx":6,"posy":7,"amount":50},{"posx":8,"posy":7,"amount":50},{"posx":5,"posy":8,"amount":50}],"changedObstacles":[{"type":0,"posx":12,"posy":4,"value":-1}]},{"players":[{"playerId":2237456,"score":1825,"energy":40,"posx":17,"posy":4,"lastAction":5,"status":0},{"playerId":5588,"score":1600,"energy":16,"posx":17,"posy":4,"lastAction":5,"status":0},{"playerId":2407150,"score":1850,"energy":14,"posx":12,"posy":5,"lastAction":3,"status":0},{"playerId":2422729,"score":875,"energy":40,"posx":14,"posy":2,"lastAction":2,"status":0}],"golds":[{"posx":0,"posy":0,"amount":50},{"posx":3,"posy":1,"amount":400},{"posx":17,"posy":1,"amount":200},{"posx":1,"posy":3,"amount":550},{"posx":17,"posy":4,"amount":250},{"posx":12,"posy":6,"amount":50},{"posx":6,"posy":7,"amount":50},{"posx":8,"posy":7,"amount":50},{"posx":5,"posy":8,"amount":50}],"changedObstacles":[]},{"players":[{"playerId":2237456,"score":1875,"energy":35,"posx":17,"posy":4,"lastAction":5,"status":0},{"playerId":5588,"score":1650,"energy":11,"posx":17,"posy":4,"lastAction":5,"status":0},{"playerId":2407150,"score":1850,"energy":10,"posx":12,"posy":6,"lastAction":3,"status":0},{"playerId":2422729,"score":875,"energy":39,"posx":15,"posy":2,"lastAction":1,"status":0}],"golds":[{"posx":0,"posy":0,"amount":50},{"posx":3,"posy":1,"amount":400},{"posx":17,"posy":1,"amount":200},{"posx":1,"posy":3,"amount":550},{"posx":17,"posy":4,"amount":150},{"posx":12,"posy":6,"amount":50},{"posx":6,"posy":7,"amount":50},{"posx":8,"posy":7,"amount":50},{"posx":5,"posy":8,"amount":50}],"changedObstacles":[]},{"players":[{"playerId":2237456,"score":1925,"energy":30,"posx":17,"posy":4,"lastAction":5,"status":0},{"playerId":5588,"score":1700,"energy":6,"posx":17,"posy":4,"lastAction":5,"status":0},{"playerId":2407150,"score":1900,"energy":5,"posx":12,"posy":6,"lastAction":5,"status":0},{"playerId":2422729,"score":875,"energy":38,"posx":16,"posy":2,"lastAction":1,"status":0}],"golds":[{"posx":0,"posy":0,"amount":50},{"posx":3,"posy":1,"amount":400},{"posx":17,"posy":1,"amount":200},{"posx":1,"posy":3,"amount":550},{"posx":17,"posy":4,"amount":50},{"posx":6,"posy":7,"amount":50},{"posx":8,"posy":7,"amount":50},{"posx":5,"posy":8,"amount":50}],"changedObstacles":[{"type":0,"posx":12,"posy":6,"value":-1}]},{"players":[{"playerId":2237456,"score":1975,"energy":25,"posx":17,"posy":4,"lastAction":5,"status":0},{"playerId":5588,"score":1700,"energy":18,"posx":17,"posy":4,"lastAction":4,"status":0},{"playerId":2407150,"score":1900,"energy":17,"posx":12,"posy":6,"lastAction":4,"status":0},{"playerId":2422729,"score":875,"energy":33,"posx":16,"posy":1,"lastAction":2,"status":0}],"golds":[{"posx":0,"posy":0,"amount":50},{"posx":3,"posy":1,"amount":400},{"posx":17,"posy":1,"amount":200},{"posx":1,"posy":3,"amount":550},{"posx":6,"posy":7,"amount":50},{"posx":8,"posy":7,"amount":50},{"posx":5,"posy":8,"amount":50}],"changedObstacles":[{"type":3,"posx":16,"posy":1,"value":-20},{"type":0,"posx":17,"posy":4,"value":-1}]},{"players":[{"playerId":2237456,"score":1975,"energy":24,"posx":16,"posy":4,"lastAction":0,"status":0},{"playerId":5588,"score":1700,"energy":34,"posx":17,"posy":4,"lastAction":4,"status":0},{"playerId":2407150,"score":1900,"energy":33,"posx":12,"posy":6,"lastAction":4,"status":0},{"playerId":2422729,"score":875,"energy":29,"posx":17,"posy":1,"lastAction":1,"status":0}],"golds":[{"posx":0,"posy":0,"amount":50},{"posx":3,"posy":1,"amount":400},{"posx":17,"posy":1,"amount":200},{"posx":1,"posy":3,"amount":550},{"posx":6,"posy":7,"amount":50},{"posx":8,"posy":7,"amount":50},{"posx":5,"posy":8,"amount":50}],"changedObstacles":[]},{"players":[{"playerId":2237456,"score":1975,"energy":23,"posx":15,"posy":4,"lastAction":0,"status":0},{"playerId":5588,"score":1700,"energy":14,"posx":17,"posy":3,"lastAction":2,"status":0},{"playerId":2407150,"score":1900,"energy":50,"posx":12,"posy":6,"lastAction":4,"status":0},{"playerId":2422729,"score":925,"energy":24,"posx":17,"posy":1,"lastAction":5,"status":0}],"golds":[{"posx":0,"posy":0,"amount":50},{"posx":3,"posy":1,"amount":400},{"posx":17,"posy":1,"amount":150},{"posx":1,"posy":3,"amount":550},{"posx":6,"posy":7,"amount":50},{"posx":8,"posy":7,"amount":50},{"posx":5,"posy":8,"amount":50}],"changedObstacles":[]},{"players":[{"playerId":2237456,"score":1975,"energy":22,"posx":15,"posy":3,"lastAction":2,"status":0},{"playerId":5588,"score":1700,"energy":26,"posx":17,"posy":3,"lastAction":4,"status":0},{"playerId":2407150,"score":1900,"energy":45,"posx":11,"posy":6,"lastAction":0,"status":0},{"playerId":2422729,"score":975,"energy":19,"posx":17,"posy":1,"lastAction":5,"status":0}],"golds":[{"posx":0,"posy":0,"amount":50},{"posx":3,"posy":1,"amount":400},{"posx":17,"posy":1,"amount":100},{"posx":1,"posy":3,"amount":550},{"posx":6,"posy":7,"amount":50},{"posx":8,"posy":7,"amount":50},{"posx":5,"posy":8,"amount":50}],"changedObstacles":[]},{"players":[{"playerId":2237456,"score":1975,"energy":21,"posx":14,"posy":3,"lastAction":0,"status":0},{"playerId":5588,"score":1700,"energy":10,"posx":17,"posy":2,"lastAction":2,"status":0},{"playerId":2407150,"score":1900,"energy":44,"posx":10,"posy":6,"lastAction":0,"status":0},{"playerId":2422729,"score":1025,"energy":14,"posx":17,"posy":1,"lastAction":5,"status":0}],"golds":[{"posx":0,"posy":0,"amount":50},{"posx":3,"posy":1,"amount":400},{"posx":17,"posy":1,"amount":50},{"posx":1,"posy":3,"amount":550},{"posx":6,"posy":7,"amount":50},{"posx":8,"posy":7,"amount":50},{"posx":5,"posy":8,"amount":50}],"changedObstacles":[]},{"players":[{"playerId":2237456,"score":1975,"energy":10,"posx":13,"posy":3,"lastAction":0,"status":0},{"playerId":5588,"score":1700,"energy":22,"posx":17,"posy":2,"lastAction":4,"status":0},{"playerId":2407150,"score":1900,"energy":34,"posx":10,"posy":7,"lastAction":3,"status":0},{"playerId":2422729,"score":1075,"energy":9,"posx":17,"posy":1,"lastAction":5,"status":0}],"golds":[{"posx":0,"posy":0,"amount":50},{"posx":3,"posy":1,"amount":400},{"posx":1,"posy":3,"amount":550},{"posx":6,"posy":7,"amount":50},{"posx":8,"posy":7,"amount":50},{"posx":5,"posy":8,"amount":50}],"changedObstacles":[{"type":0,"posx":10,"posy":7,"value":-1},{"type":0,"posx":17,"posy":1,"value":-1}]},{"players":[{"playerId":2237456,"score":1975,"energy":9,"posx":12,"posy":3,"lastAction":0,"status":0},{"playerId":5588,"score":1700,"energy":21,"posx":16,"posy":2,"lastAction":0,"status":0},{"playerId":2407150,"score":1900,"energy":29,"posx":9,"posy":7,"lastAction":0,"status":0},{"playerId":2422729,"score":1075,"energy":21,"posx":17,"posy":1,"lastAction":4,"status":0}],"golds":[{"posx":0,"posy":0,"amount":50},{"posx":3,"posy":1,"amount":400},{"posx":1,"posy":3,"amount":550},{"posx":6,"posy":7,"amount":50},{"posx":8,"posy":7,"amount":50},{"posx":5,"posy":8,"amount":50}],"changedObstacles":[{"type":3,"posx":9,"posy":7,"value":-20}]},{"players":[{"playerId":2237456,"score":1975,"energy":21,"posx":12,"posy":3,"lastAction":4,"status":0},{"playerId":5588,"score":1700,"energy":20,"posx":15,"posy":2,"lastAction":0,"status":0},{"playerId":2407150,"score":1900,"energy":25,"posx":8,"posy":7,"lastAction":0,"status":0},{"playerId":2422729,"score":1075,"energy":6,"posx":17,"posy":2,"lastAction":3,"status":0}],"golds":[{"posx":0,"posy":0,"amount":50},{"posx":3,"posy":1,"amount":400},{"posx":1,"posy":3,"amount":550},{"posx":6,"posy":7,"amount":50},{"posx":8,"posy":7,"amount":50},{"posx":5,"posy":8,"amount":50}],"changedObstacles":[]},{"players":[{"playerId":2237456,"score":1975,"energy":37,"posx":12,"posy":3,"lastAction":4,"status":0},{"playerId":5588,"score":1700,"energy":19,"posx":14,"posy":2,"lastAction":0,"status":0},{"playerId":2407150,"score":1950,"energy":20,"posx":8,"posy":7,"lastAction":5,"status":0},{"playerId":2422729,"score":1075,"energy":18,"posx":17,"posy":2,"lastAction":4,"status":0}],"golds":[{"posx":0,"posy":0,"amount":50},{"posx":3,"posy":1,"amount":400},{"posx":1,"posy":3,"amount":550},{"posx":6,"posy":7,"amount":50},{"posx":5,"posy":8,"amount":50}],"changedObstacles":[{"type":0,"posx":8,"posy":7,"value":-1}]},{"players":[{"playerId":2237456,"score":1975,"energy":31,"posx":11,"posy":3,"lastAction":0,"status":0},{"playerId":5588,"score":1700,"energy":31,"posx":14,"posy":2,"lastAction":4,"status":0},{"playerId":2407150,"score":1950,"energy":19,"posx":7,"posy":7,"lastAction":0,"status":0},{"playerId":2422729,"score":1075,"energy":34,"posx":17,"posy":2,"lastAction":4,"status":0}],"golds":[{"posx":0,"posy":0,"amount":50},{"posx":3,"posy":1,"amount":400},{"posx":1,"posy":3,"amount":550},{"posx":6,"posy":7,"amount":50},{"posx":5,"posy":8,"amount":50}],"changedObstacles":[]},{"players":[{"playerId":2237456,"score":1975,"energy":12,"posx":10,"posy":3,"lastAction":0,"status":0},{"playerId":5588,"score":1700,"energy":19,"posx":13,"posy":2,"lastAction":0,"status":0},{"playerId":2407150,"score":1950,"energy":15,"posx":6,"posy":7,"lastAction":0,"status":0},{"playerId":2422729,"score":1075,"energy":17,"posx":17,"posy":3,"lastAction":3,"status":0}],"golds":[{"posx":0,"posy":0,"amount":50},{"posx":3,"posy":1,"amount":400},{"posx":1,"posy":3,"amount":550},{"posx":6,"posy":7,"amount":50},{"posx":5,"posy":8,"amount":50}],"changedObstacles":[]},{"players":[{"playerId":2237456,"score":1975,"energy":11,"posx":9,"posy":3,"lastAction":0,"status":0},{"playerId":5588,"score":1700,"energy":18,"posx":12,"posy":2,"lastAction":0,"status":0},{"playerId":2407150,"score":2000,"energy":10,"posx":6,"posy":7,"lastAction":5,"status":0},{"playerId":2422729,"score":1075,"energy":16,"posx":17,"posy":4,"lastAction":3,"status":0}],"golds":[{"posx":0,"posy":0,"amount":50},{"posx":3,"posy":1,"amount":400},{"posx":1,"posy":3,"amount":550},{"posx":5,"posy":8,"amount":50}],"changedObstacles":[{"type":0,"posx":6,"posy":7,"value":-1}]},{"players":[{"playerId":2237456,"score":1975,"energy":10,"posx":8,"posy":3,"lastAction":0,"status":0},{"playerId":5588,"score":1700,"energy":30,"posx":12,"posy":2,"lastAction":4,"status":0},{"playerId":2407150,"score":2000,"energy":9,"posx":6,"posy":8,"lastAction":3,"status":0},{"playerId":2422729,"score":1075,"energy":15,"posx":17,"posy":5,"lastAction":3,"status":0}],"golds":[{"posx":0,"posy":0,"amount":50},{"posx":3,"posy":1,"amount":400},{"posx":1,"posy":3,"amount":550},{"posx":5,"posy":8,"amount":50}],"changedObstacles":[]},{"players":[{"playerId":2237456,"score":1975,"energy":22,"posx":8,"posy":3,"lastAction":4,"status":0},{"playerId":5588,"score":1700,"energy":46,"posx":12,"posy":2,"lastAction":4,"status":0},{"playerId":2407150,"score":2000,"energy":5,"posx":5,"posy":8,"lastAction":0,"status":0},{"playerId":2422729,"score":1075,"energy":5,"posx":17,"posy":6,"lastAction":3,"status":0}],"golds":[{"posx":0,"posy":0,"amount":50},{"posx":3,"posy":1,"amount":400},{"posx":1,"posy":3,"amount":550},{"posx":5,"posy":8,"amount":50}],"changedObstacles":[{"type":0,"posx":17,"posy":6,"value":-1}]},{"players":[{"playerId":2237456,"score":1975,"energy":38,"posx":8,"posy":3,"lastAction":4,"status":0},{"playerId":5588,"score":1700,"energy":6,"posx":11,"posy":2,"lastAction":0,"status":0},{"playerId":2407150,"score":2000,"energy":17,"posx":5,"posy":8,"lastAction":4,"status":0},{"playerId":2422729,"score":1075,"energy":4,"posx":17,"posy":7,"lastAction":3,"status":0}],"golds":[{"posx":0,"posy":0,"amount":50},{"posx":3,"posy":1,"amount":400},{"posx":1,"posy":3,"amount":550},{"posx":5,"posy":8,"amount":50}],"changedObstacles":[{"type":3,"posx":11,"posy":2,"value":-100}]},{"players":[{"playerId":2237456,"score":1975,"energy":23,"posx":7,"posy":3,"lastAction":0,"status":0},{"playerId":5588,"score":1700,"energy":18,"posx":11,"posy":2,"lastAction":4,"status":0},{"playerId":2407150,"score":2000,"energy":33,"posx":5,"posy":8,"lastAction":4,"status":0},{"playerId":2422729,"score":1075,"energy":16,"posx":17,"posy":7,"lastAction":4,"status":0}],"golds":[{"posx":0,"posy":0,"amount":50},{"posx":3,"posy":1,"amount":400},{"posx":1,"posy":3,"amount":550},{"posx":5,"posy":8,"amount":50}],"changedObstacles":[]},{"players":[{"playerId":2237456,"score":1975,"energy":22,"posx":6,"posy":3,"lastAction":0,"status":0},{"playerId":5588,"score":1700,"energy":34,"posx":11,"posy":2,"lastAction":4,"status":0},{"playerId":2407150,"score":2050,"energy":28,"posx":5,"posy":8,"lastAction":5,"status":0},{"playerId":2422729,"score":1075,"energy":11,"posx":17,"posy":8,"lastAction":3,"status":0}],"golds":[{"posx":0,"posy":0,"amount":50},{"posx":3,"posy":1,"amount":400},{"posx":1,"posy":3,"amount":550}],"changedObstacles":[{"type":3,"posx":17,"posy":8,"value":-20},{"type":0,"posx":5,"posy":8,"value":-1}]},{"players":[{"playerId":2237456,"score":1975,"energy":21,"posx":5,"posy":3,"lastAction":0,"status":0},{"playerId":5588,"score":1700,"energy":14,"posx":10,"posy":2,"lastAction":0,"status":0},{"playerId":2407150,"score":2050,"energy":40,"posx":5,"posy":8,"lastAction":4,"status":0},{"playerId":2422729,"score":1075,"energy":23,"posx":17,"posy":8,"lastAction":4,"status":0}],"golds":[{"posx":0,"posy":0,"amount":50},{"posx":3,"posy":1,"amount":400},{"posx":1,"posy":3,"amount":550}],"changedObstacles":[{"type":3,"posx":10,"posy":2,"value":-40}]},{"players":[{"playerId":2237456,"score":1975,"energy":20,"posx":4,"posy":3,"lastAction":0,"status":0},{"playerId":5588,"score":1700,"energy":13,"posx":9,"posy":2,"lastAction":0,"status":0},{"playerId":2407150,"score":2050,"energy":50,"posx":5,"posy":8,"lastAction":4,"status":0},{"playerId":2422729,"score":1075,"energy":39,"posx":17,"posy":8,"lastAction":4,"status":0}],"golds":[{"posx":0,"posy":0,"amount":50},{"posx":3,"posy":1,"amount":400},{"posx":1,"posy":3,"amount":550}],"changedObstacles":[]},{"players":[{"playerId":2237456,"score":1975,"energy":32,"posx":4,"posy":3,"lastAction":4,"status":0},{"playerId":5588,"score":1700,"energy":12,"posx":8,"posy":2,"lastAction":0,"status":0},{"playerId":2407150,"score":2050,"energy":50,"posx":5,"posy":8,"lastAction":4,"status":0},{"playerId":2422729,"score":1075,"energy":50,"posx":17,"posy":8,"lastAction":4,"status":0}],"golds":[{"posx":0,"posy":0,"amount":50},{"posx":3,"posy":1,"amount":400},{"posx":1,"posy":3,"amount":550}],"changedObstacles":[]}]