[{"players":[{"playerId":2237456,"score":0,"energy":46},{"playerId":5588,"score":0,"energy":46},{"playerId":2415753,"score":0,"energy":46},{"playerId":2422729,"score":0,"energy":45}],"golds":[{"posx":8,"posy":4,"amount":50},{"posx":16,"posy":4,"amount":250},{"posx":7,"posy":4,"amount":750},{"posx":17,"posy":4,"amount":650},{"posx":4,"posy":4,"amount":450},{"posx":12,"posy":4,"amount":50},{"posx":9,"posy":1,"amount":600},{"posx":14,"posy":3,"amount":700},{"posx":12,"posy":2,"amount":600},{"posx":0,"posy":0,"amount":50},{"posx":6,"posy":7,"amount":150},{"posx":1,"posy":3,"amount":550},{"posx":3,"posy":1,"amount":400},{"posx":5,"posy":8,"amount":600},{"posx":3,"posy":5,"amount":600},{"posx":8,"posy":7,"amount":100},{"posx":5,"posy":3,"amount":700},{"posx":17,"posy":1,"amount":200},{"posx":15,"posy":2,"amount":300},{"posx":12,"posy":6,"amount":50}],"changedObstacles":[{"type":3,"posx":4,"posy":2,"value":-20}]},{"players":[{"playerId":2237456,"score":50,"energy":41},{"playerId":5588,"score":50,"energy":41},{"playerId":2415753,"score":50,"energy":41},{"playerId":2422729,"score":0,"energy":44}],"golds":[{"posx":0,"posy":0,"amount":50},{"posx":3,"posy":1,"amount":400},{"posx":9,"posy":1,"amount":600},{"posx":17,"posy":1,"amount":200},{"posx":12,"posy":2,"amount":600},{"posx":15,"posy":2,"amount":300},{"posx":1,"posy":3,"amount":550},{"posx":5,"posy":3,"amount":600},{"posx":14,"posy":3,"amount":700},{"posx":4,"posy":4,"amount":400},{"posx":7,"posy":4,"amount":750},{"posx":8,"posy":4,"amount":50},{"posx":12,"posy":4,"amount":50},{"posx":16,"posy":4,"amount":250},{"posx":17,"posy":4,"amount":650},{"posx":3,"posy":5,"amount":600},{"posx":12,"posy":6,"amount":50},{"posx":6,"posy":7,"amount":150},{"posx":8,"posy":7,"amount":100},{"posx":5,"posy":8,"amount":600}],"changedObstacles":[]},{"players":[{"playerId":2237456,"score":100,"energy":36},{"playerId":5588,"score":100,"energy":36},{"playerId":2415753,"score":100,"energy":36},{"playerId":2422729,"score":0,"energy":34}],"golds":[{"posx":0,"posy":0,"amount":50},{"posx":3,"posy":1,"amount":400},{"posx":9,"posy":1,"amount":600},{"posx":17,"posy":1,"amount":200},{"posx":12,"posy":2,"amount":600},{"posx":15,"posy":2,"amount":300},{"posx":1,"posy":3,"amount":550},{"posx":5,"posy":3,"amount":500},{"posx":14,"posy":3,"amount":700},{"posx":4,"posy":4,"amount":350},{"posx":7,"posy":4,"amount":750},{"posx":8,"posy":4,"amount":50},{"posx":12,"posy":4,"amount":50},{"posx":16,"posy":4,"amount":250},{"posx":17,"posy":4,"amount":650},{"posx":3,"posy":5,"amount":600},{"posx":12,"posy":6,"amount":50},{"posx":6,"posy":7,"amount":150},{"posx":8,"posy":7,"amount":100},{"posx":5,"posy":8,"amount":600}],"changedObstacles":[{"type":0,"posx":6,"posy":2,"value":-1}]},{"players":[{"playerId":2237456,"score":150,"energy":31},{"playerId":5588,"score":150,"energy":31},{"playerId":2415753,"score":150,"energy":31},{"playerId":2422729,"score":0,"energy":33}],"golds":[{"posx":0,"posy":0,"amount":50},{"posx":3,"posy":1,"amount":400},{"posx":9,"posy":1,"amount":600},{"posx":17,"posy":1,"amount":200},{"posx":12,"posy":2,"amount":600},{"posx":15,"posy":2,"amount":300},{"posx":1,"posy":3,"amount":550},{"posx":5,"posy":3,"amount":400},{"posx":14,"posy":3,"amount":700},{"posx":4,"posy":4,"amount":300},{"posx":7,"posy":4,"amount":750},{"posx":8,"posy":4,"amount":50},{"posx":12,"posy":4,"amount":50},{"posx":16,"posy":4,"amount":250},{"posx":17,"posy":4,"amount":650},{"posx":3,"posy":5,"amount":600},{"posx":12,"posy":6,"amount":50},{"posx":6,"posy":7,"amount":150},{"posx":8,"posy":7,"amount":100},{"posx":5,"posy":8,"amount":600}],"changedObstacles":[]},{"players":[{"playerId":2237456,"score":200,"energy":26},{"playerId":5588,"score":200,"energy":26},{"playerId":2415753,"score":200,"energy":26},{"playerId":2422729,"score":0,"energy":32}],"golds":[{"posx":0,"posy":0,"amount":50},{"posx":3,"posy":1,"amount":400},{"posx":9,"posy":1,"amount":600},{"posx":17,"posy":1,"amount":200},{"posx":12,"posy":2,"amount":600},{"posx":15,"posy":2,"amount":300},{"posx":1,"posy":3,"amount":550},{"posx":5,"posy":3,"amount":300},{"posx":14,"posy":3,"amount":700},{"posx":4,"posy":4,"amount":250},{"posx":7,"posy":4,"amount":750},{"posx":8,"posy":4,"amount":50},{"posx":12,"posy":4,"amount":50},{"posx":16,"posy":4,"amount":250},{"posx":17,"posy":4,"amount":650},{"posx":3,"posy":5,"amount":600},{"posx":12,"posy":6,"amount":50},{"posx":6,"posy":7,"amount":150},{"posx":8,"posy":7,"amount":100},{"posx":5,"posy":8,"amount":600}],"changedObstacles":[]},{"players":[{"playerId":2237456,"score":250,"energy":21},{"playerId":5588,"score":250,"energy":21},{"playerId":2415753,"score":250,"energy":21},{"playerId":2422729,"score":0,"energy":31}],"golds":[{"posx":0,"posy":0,"amount":50},{"posx":3,"posy":1,"amount":400},{"posx":9,"posy":1,"amount":600},{"posx":17,"posy":1,"amount":200},{"posx":12,"posy":2,"amount":600},{"posx":15,"posy":2,"amount":300},{"posx":1,"posy":3,"amount":550},{"posx":5,"posy":3,"amount":200},{"posx":14,"posy":3,"amount":700},{"posx":4,"posy":4,"amount":200},{"posx":7,"posy":4,"amount":750},{"posx":8,"posy":4,"amount":50},{"posx":12,"posy":4,"amount":50},{"posx":16,"posy":4,"amount":250},{"posx":17,"posy":4,"amount":650},{"posx":3,"posy":5,"amount":600},{"posx":12,"posy":6,"amount":50},{"posx":6,"posy":7,"amount":150},{"posx":8,"posy":7,"amount":100},{"posx":5,"posy":8,"amount":600}],"changedObstacles":[]},{"players":[{"playerId":2237456,"score":300,"energy":16},{"playerId":5588,"score":300,"energy":16},{"playerId":2415753,"score":300,"energy":16},{"playerId":2422729,"score":0,"energy":30}],"golds":[{"posx":0,"posy":0,"amount":50},{"posx":3,"posy":1,"amount":400},{"posx":9,"posy":1,"amount":600},{"posx":17,"posy":1,"amount":200},{"posx":12,"posy":2,"amount":600},{"posx":15,"posy":2,"amount":300},{"posx":1,"posy":3,"amount":550},{"posx":5,"posy":3,"amount":100},{"posx":14,"posy":3,"amount":700},{"posx":4,"posy":4,"amount":150},{"posx":7,"posy":4,"amount":750},{"posx":8,"posy":4,"amount":50},{"posx":12,"posy":4,"amount":50},{"posx":16,"posy":4,"amount":250},{"posx":17,"posy":4,"amount":650},{"posx":3,"posy":5,"amount":600},{"posx":12,"posy":6,"amount":50},{"posx":6,"posy":7,"amount":150},{"posx":8,"posy":7,"amount":100},{"posx":5,"posy":8,"amount":600}],"changedObstacles":[]},{"players":[{"playerId":2237456,"score":350,"energy":11},{"playerId":5588,"score":350,"energy":11},{"playerId":2415753,"score":350,"energy":11},{"playerId":2422729,"score":0,"energy":29}],"golds":[{"posx":0,"posy":0,"amount":50},{"posx":3,"posy":1,"amount":400},{"posx":9,"posy":1,"amount":600},{"posx":17,"posy":1,"amount":200},{"posx":12,"posy":2,"amount":600},{"posx":15,"posy":2,"amount":300},{"posx":1,"posy":3,"amount":550},{"posx":14,"posy":3,"amount":700},{"posx":4,"posy":4,"amount":100},{"posx":7,"posy":4,"amount":750},{"posx":8,"posy":4,"amount":50},{"posx":12,"posy":4,"amount":50},{"posx":16,"posy":4,"amount":250},{"posx":17,"posy":4,"amount":650},{"posx":3,"posy":5,"amount":600},{"posx":12,"posy":6,"amount":50},{"posx":6,"posy":7,"amount":150},{"posx":8,"posy":7,"amount":100},{"posx":5,"posy":8,"amount":600}],"changedObstacles":[{"type":0,"posx":5,"posy":3,"value":-1}]},{"players":[{"playerId":2237456,"score":400,"energy":6},{"playerId":5588,"score":350,"energy":6},{"playerId":2415753,"score":350,"energy":6},{"playerId":2422729,"score":0,"energy":28}],"golds":[{"posx":0,"posy":0,"amount":50},{"posx":3,"posy":1,"amount":400},{"posx":9,"posy":1,"amount":600},{"posx":17,"posy":1,"amount":200},{"posx":12,"posy":2,"amount":600},{"posx":15,"posy":2,"amount":300},{"posx":1,"posy":3,"amount":550},{"posx":14,"posy":3,"amount":700},{"posx":4,"posy":4,"amount":50},{"posx":7,"posy":4,"amount":750},{"posx":8,"posy":4,"amount":50},{"posx":12,"posy":4,"amount":50},{"posx":16,"posy":4,"amount":250},{"posx":17,"posy":4,"amount":650},{"posx":3,"posy":5,"amount":600},{"posx":12,"posy":6,"amount":50},{"posx":6,"posy":7,"amount":150},{"posx":8,"posy":7,"amount":100},{"posx":5,"posy":8,"amount":600}],"changedObstacles":[{"type":3,"posx":5,"posy":4,"value":-20}]},{"players":[{"playerId":2237456,"score":450,"energy":1},{"playerId":5588,"score":350,"energy":18},{"playerId":2415753,"score":350,"energy":18},{"playerId":2422729,"score":0,"energy":27}],"golds":[{"posx":0,"posy":0,"amount":50},{"posx":3,"posy":1,"amount":400},{"posx":9,"posy":1,"amount":600},{"posx":17,"posy":1,"amount":200},{"posx":12,"posy":2,"amount":600},{"posx":15,"posy":2,"amount":300},{"posx":1,"posy":3,"amount":550},{"posx":14,"posy":3,"amount":700},{"posx":7,"posy":4,"amount":750},{"posx":8,"posy":4,"amount":50},{"posx":12,"posy":4,"amount":50},{"posx":16,"posy":4,"amount":250},{"posx":17,"posy":4,"amount":650},{"posx":3,"posy":5,"amount":600},{"posx":12,"posy":6,"amount":50},{"posx":6,"posy":7,"amount":150},{"posx":8,"posy":7,"amount":100},{"posx":5,"posy":8,"amount":600}],"changedObstacles":[{"type":0,"posx":4,"posy":4,"value":-1}]},{"players":[{"playerId":2237456,"score":450,"energy":13},{"playerId":5588,"score":350,"energy":8},{"playerId":2415753,"score":350,"energy":8},{"playerId":2422729,"score":0,"energy":26}],"golds":[{"posx":0,"posy":0,"amount":50},{"posx":3,"posy":1,"amount":400},{"posx":9,"posy":1,"amount":600},{"posx":17,"posy":1,"amount":200},{"posx":12,"posy":2,"amount":600},{"posx":15,"posy":2,"amount":300},{"posx":1,"posy":3,"amount":550},{"posx":14,"posy":3,"amount":700},{"posx":7,"posy":4,"amount":750},{"posx":8,"posy":4,"amount":50},{"posx":12,"posy":4,"amount":50},{"posx":16,"posy":4,"amount":250},{"posx":17,"posy":4,"amount":650},{"posx":3,"posy":5,"amount":600},{"posx":12,"posy":6,"amount":50},{"posx":6,"posy":7,"amount":150},{"posx":8,"posy":7,"amount":100},{"posx":5,"posy":8,"amount":600}],"changedObstacles":[{"type":0,"posx":6,"posy":4,"value":-1}]},{"players":[{"playerId":2237456,"score":450,"energy":29},{"playerId":5588,"score":350,"energy":20},{"playerId":2415753,"score":350,"energy":4},{"playerId":2422729,"score":0,"energy":25}],"golds":[{"posx":0,"posy":0,"amount":50},{"posx":3,"posy":1,"amount":400},{"posx":9,"posy":1,"amount":600},{"posx":17,"posy":1,"amount":200},{"posx":12,"posy":2,"amount":600},{"posx":15,"posy":2,"amount":300},{"posx":1,"posy":3,"amount":550},{"posx":14,"posy":3,"amount":700},{"posx":7,"posy":4,"amount":750},{"posx":8,"posy":4,"amount":50},{"posx":12,"posy":4,"amount":50},{"posx":16,"posy":4,"amount":250},{"posx":17,"posy":4,"amount":650},{"posx":3,"posy":5,"amount":600},{"posx":12,"posy":6,"amount":50},{"posx":6,"posy":7,"amount":150},{"posx":8,"posy":7,"amount":100},{"posx":5,"posy":8,"amount":600}],"changedObstacles":[]},{"players":[{"playerId":2237456,"score":450,"energy":50},{"playerId":5588,"score":350,"energy":16},{"playerId":2415753,"score":350,"energy":16},{"playerId":2422729,"score":0,"energy":24}],"golds":[{"posx":0,"posy":0,"amount":50},{"posx":3,"posy":1,"amount":400},{"posx":9,"posy":1,"amount":600},{"posx":17,"posy":1,"amount":200},{"posx":12,"posy":2,"amount":600},{"posx":15,"posy":2,"amount":300},{"posx":1,"posy":3,"amount":550},{"posx":14,"posy":3,"amount":700},{"posx":7,"posy":4,"amount":750},{"posx":8,"posy":4,"amount":50},{"posx":12,"posy":4,"amount":50},{"posx":16,"posy":4,"amount":250},{"posx":17,"posy":4,"amount":650},{"posx":3,"posy":5,"amount":600},{"posx":12,"posy":6,"amount":50},{"posx":6,"posy":7,"amount":150},{"posx":8,"posy":7,"amount":100},{"posx":5,"posy":8,"amount":600}],"changedObstacles":[]},{"players":[{"playerId":2237456,"score":450,"energy":40},{"playerId":5588,"score":400,"energy":11},{"playerId":2415753,"score":400,"energy":11},{"playerId":2422729,"score":0,"energy":14}],"golds":[{"posx":0,"posy":0,"amount":50},{"posx":3,"posy":1,"amount":400},{"posx":9,"posy":1,"amount":600},{"posx":17,"posy":1,"amount":200},{"posx":12,"posy":2,"amount":600},{"posx":15,"posy":2,"amount":300},{"posx":1,"posy":3,"amount":550},{"posx":14,"posy":3,"amount":700},{"posx":7,"posy":4,"amount":650},{"posx":8,"posy":4,"amount":50},{"posx":12,"posy":4,"amount":50},{"posx":16,"posy":4,"amount":250},{"posx":17,"posy":4,"amount":650},{"posx":3,"posy":5,"amount":600},{"posx":12,"posy":6,"amount":50},{"posx":6,"posy":7,"amount":150},{"posx":8,"posy":7,"amount":100},{"posx":5,"posy":8,"amount":600}],"changedObstacles":[{"type":0,"posx":3,"posy":4,"value":-1},{"type":0,"posx":6,"posy":3,"value":-1}]},{"players":[{"playerId":2237456,"score":450,"energy":36},{"playerId":5588,"score":450,"energy":6},{"playerId":2415753,"score":450,"energy":6},{"playerId":2422729,"score":0,"energy":13}],"golds":[{"posx":0,"posy":0,"amount":50},{"posx":3,"posy":1,"amount":400},{"posx":9,"posy":1,"amount":600},{"posx":17,"posy":1,"amount":200},{"posx":12,"posy":2,"amount":600},{"posx":15,"posy":2,"amount":300},{"posx":1,"posy":3,"amount":550},{"posx":14,"posy":3,"amount":700},{"posx":7,"posy":4,"amount":550},{"posx":8,"posy":4,"amount":50},{"posx":12,"posy":4,"amount":50},{"posx":16,"posy":4,"amount":250},{"posx":17,"posy":4,"amount":650},{"posx":3,"posy":5,"amount":600},{"posx":12,"posy":6,"amount":50},{"posx":6,"posy":7,"amount":150},{"posx":8,"posy":7,"amount":100},{"posx":5,"posy":8,"amount":600}],"changedObstacles":[]},{"players":[{"playerId":2237456,"score":500,"energy":31},{"playerId":5588,"score":450,"energy":18},{"playerId":2415753,"score":500,"energy":1},{"playerId":2422729,"score":0,"energy":12}],"golds":[{"posx":0,"posy":0,"amount":50},{"posx":3,"posy":1,"amount":400},{"posx":9,"posy":1,"amount":600},{"posx":17,"posy":1,"amount":200},{"posx":12,"posy":2,"amount":600},{"posx":15,"posy":2,"amount":300},{"posx":1,"posy":3,"amount":550},{"posx":14,"posy":3,"amount":700},{"posx":7,"posy":4,"amount":500},{"posx":8,"posy":4,"amount":50},{"posx":12,"posy":4,"amount":50},{"posx":16,"posy":4,"amount":250},{"posx":17,"posy":4,"amount":650},{"posx":3,"posy":5,"amount":550},{"posx":12,"posy":6,"amount":50},{"posx":6,"posy":7,"amount":150},{"posx":8,"posy":7,"amount":100},{"posx":5,"posy":8,"amount":600}],"changedObstacles":[]},{"players":[{"playerId":2237456,"score":550,"energy":26},{"playerId":5588,"score":500,"energy":13},{"playerId":2415753,"score":500,"energy":13},{"playerId":2422729,"score":0,"energy":11}],"golds":[{"posx":0,"posy":0,"amount":50},{"posx":3,"posy":1,"amount":400},{"posx":9,"posy":1,"amount":600},{"posx":17,"posy":1,"amount":200},{"posx":12,"posy":2,"amount":600},{"posx":15,"posy":2,"amount":300},{"posx":1,"posy":3,"amount":550},{"posx":14,"posy":3,"amount":700},{"posx":7,"posy":4,"amount":450},{"posx":8,"posy":4,"amount":50},{"posx":12,"posy":4,"amount":50},{"posx":16,"posy":4,"amount":250},{"posx":17,"posy":4,"amount":650},{"posx":3,"posy":5,"amount":500},{"posx":12,"posy":6,"amount":50},{"posx":6,"posy":7,"amount":150},{"posx":8,"posy":7,"amount":100},{"posx":5,"posy":8,"amount":600}],"changedObstacles":[]},{"players":[{"playerId":2237456,"score":600,"energy":21},{"playerId":5588,"score":550,"energy":8},{"playerId":2415753,"score":550,"energy":8},{"playerId":2422729,"score":0,"energy":10}],"golds":[{"posx":0,"posy":0,"amount":50},{"posx":3,"posy":1,"amount":400},{"posx":9,"posy":1,"amount":600},{"posx":17,"posy":1,"amount":200},{"posx":12,"posy":2,"amount":600},{"posx":15,"posy":2,"amount":300},{"posx":1,"posy":3,"amount":550},{"posx":14,"posy":3,"amount":700},{"posx":7,"posy":4,"amount":350},{"posx":8,"posy":4,"amount":50},{"posx":12,"posy":4,"amount":50},{"posx":16,"posy":4,"amount":250},{"posx":17,"posy":4,"amount":650},{"posx":3,"posy":5,"amount":450},{"posx":12,"posy":6,"amount":50},{"posx":6,"posy":7,"amount":150},{"posx":8,"posy":7,"amount":100},{"posx":5,"posy":8,"amount":600}],"changedObstacles":[]},{"players":[{"playerId":2237456,"score":650,"energy":16},{"playerId":5588,"score":550,"energy":20},{"playerId":2415753,"score":600,"energy":3},{"playerId":2422729,"score":0,"energy":9}],"golds":[{"posx":0,"posy":0,"amount":50},{"posx":3,"posy":1,"amount":400},{"posx":9,"posy":1,"amount":600},{"posx":17,"posy":1,"amount":200},{"posx":12,"posy":2,"amount":600},{"posx":15,"posy":2,"amount":300},{"posx":1,"posy":3,"amount":550},{"posx":14,"posy":3,"amount":700},{"posx":7,"posy":4,"amount":300},{"posx":8,"posy":4,"amount":50},{"posx":12,"posy":4,"amount":50},{"posx":16,"posy":4,"amount":250},{"posx":17,"posy":4,"amount":650},{"posx":3,"posy":5,"amount":400},{"posx":12,"posy":6,"amount":50},{"posx":6,"posy":7,"amount":150},{"posx":8,"posy":7,"amount":100},{"posx":5,"posy":8,"amount":600}],"changedObstacles":[]},{"players":[{"playerId":2237456,"score":700,"energy":11},{"playerId":5588,"score":600,"energy":15},{"playerId":2415753,"score":600,"energy":15},{"playerId":2422729,"score":0,"energy":8}],"golds":[{"posx":0,"posy":0,"amount":50},{"posx":3,"posy":1,"amount":400},{"posx":9,"posy":1,"amount":600},{"posx":17,"posy":1,"amount":200},{"posx":12,"posy":2,"amount":600},{"posx":15,"posy":2,"amount":300},{"posx":1,"posy":3,"amount":550},{"posx":14,"posy":3,"amount":700},{"posx":7,"posy":4,"amount":250},{"posx":8,"posy":4,"amount":50},{"posx":12,"posy":4,"amount":50},{"posx":16,"posy":4,"amount":250},{"posx":17,"posy":4,"amount":650},{"posx":3,"posy":5,"amount":350},{"posx":12,"posy":6,"amount":50},{"posx":6,"posy":7,"amount":150},{"posx":8,"posy":7,"amount":100},{"posx":5,"posy":8,"amount":600}],"changedObstacles":[]},{"players":[{"playerId":2237456,"score":750,"energy":6},{"playerId":5588,"score":650,"energy":10},{"playerId":2415753,"score":650,"energy":10},{"playerId":2422729,"score":0,"energy":7}],"golds":[{"posx":0,"posy":0,"amount":50},{"posx":3,"posy":1,"amount":400},{"posx":9,"posy":1,"amount":600},{"posx":17,"posy":1,"amount":200},{"posx":12,"posy":2,"amount":600},{"posx":15,"posy":2,"amount":300},{"posx":1,"posy":3,"amount":550},{"posx":14,"posy":3,"amount":700},{"posx":7,"posy":4,"amount":150},{"posx":8,"posy":4,"amount":50},{"posx":12,"posy":4,"amount":50},{"posx":16,"posy":4,"amount":250},{"posx":17,"posy":4,"amount":650},{"posx":3,"posy":5,"amount":300},{"posx":12,"posy":6,"amount":50},{"posx":6,"posy":7,"amount":150},{"posx":8,"posy":7,"amount":100},{"posx":5,"posy":8,"amount":600}],"changedObstacles":[]},{"players":[{"playerId":2237456,"score":800,"energy":1},{"playerId":5588,"score":650,"energy":22},{"playerId":2415753,"score":700,"energy":5},{"playerId":2422729,"score":0,"energy":6}],"golds":[{"posx":0,"posy":0,"amount":50},{"posx":3,"posy":1,"amount":400},{"posx":9,"posy":1,"amount":600},{"posx":17,"posy":1,"amount":200},{"posx":12,"posy":2,"amount":600},{"posx":15,"posy":2,"amount":300},{"posx":1,"posy":3,"amount":550},{"posx":14,"posy":3,"amount":700},{"posx":7,"posy":4,"amount":100},{"posx":8,"posy":4,"amount":50},{"posx":12,"posy":4,"amount":50},{"posx":16,"posy":4,"amount":250},{"posx":17,"posy":4,"amount":650},{"posx":3,"posy":5,"amount":250},{"posx":12,"posy":6,"amount":50},{"posx":6,"posy":7,"amount":150},{"posx":8,"posy":7,"amount":100},{"posx":5,"posy":8,"amount":600}],"changedObstacles":[]},{"players":[{"playerId":2237456,"score":800,"energy":13},{"playerId":5588,"score":700,"energy":17},{"playerId":2415753,"score":700,"energy":17},{"playerId":2422729,"score":0,"energy":5}],"golds":[{"posx":0,"posy":0,"amount":50},{"posx":3,"posy":1,"amount":400},{"posx":9,"posy":1,"amount":600},{"posx":17,"posy":1,"amount":200},{"posx":12,"posy":2,"amount":600},{"posx":15,"posy":2,"amount":300},{"posx":1,"posy":3,"amount":550},{"posx":14,"posy":3,"amount":700},{"posx":7,"posy":4,"amount":50},{"posx":8,"posy":4,"amount":50},{"posx":12,"posy":4,"amount":50},{"posx":16,"posy":4,"amount":250},{"posx":17,"posy":4,"amount":650},{"posx":3,"posy":5,"amount":250},{"posx":12,"posy":6,"amount":50},{"posx":6,"posy":7,"amount":150},{"posx":8,"posy":7,"amount":100},{"posx":5,"posy":8,"amount":600}],"changedObstacles":[]},{"players":[{"playerId":2237456,"score":800,"energy":29},{"playerId":5588,"score":700,"energy":29},{"playerId":2415753,"score":750,"energy":12},{"playerId":2422729,"score":0,"energy":4}],"golds":[{"posx":0,"posy":0,"amount":50},{"posx":3,"posy":1,"amount":400},{"posx":9,"posy":1,"amount":600},{"posx":17,"posy":1,"amount":200},{"posx":12,"posy":2,"amount":600},{"posx":15,"posy":2,"amount":300},{"posx":1,"posy":3,"amount":550},{"posx":14,"posy":3,"amount":700},{"posx":8,"posy":4,"amount":50},{"posx":12,"posy":4,"amount":50},{"posx":16,"posy":4,"amount":250},{"posx":17,"posy":4,"amount":650},{"posx":3,"posy":5,"amount":250},{"posx":12,"posy":6,"amount":50},{"posx":6,"posy":7,"amount":150},{"posx":8,"posy":7,"amount":100},{"posx":5,"posy":8,"amount":600}],"changedObstacles":[{"type":0,"posx":7,"posy":4,"value":-1}]},{"players":[{"playerId":2237456,"score":800,"energy":50},{"playerId":5588,"score":700,"energy":10},{"playerId":2415753,"score":750,"energy":8},{"playerId":2422729,"score":0,"energy":3}],"golds":[{"posx":0,"posy":0,"amount":50},{"posx":3,"posy":1,"amount":400},{"posx":9,"posy":1,"amount":600},{"posx":17,"posy":1,"amount":200},{"posx":12,"posy":2,"amount":600},{"posx":15,"posy":2,"amount":300},{"posx":1,"posy":3,"amount":550},{"posx":14,"posy":3,"amount":700},{"posx":8,"posy":4,"amount":50},{"posx":12,"posy":4,"amount":50},{"posx":16,"posy":4,"amount":250},{"posx":17,"posy":4,"amount":650},{"posx":3,"posy":5,"amount":250},{"posx":12,"posy":6,"amount":50},{"posx":6,"posy":7,"amount":150},{"posx":8,"posy":7,"amount":100},{"posx":5,"posy":8,"amount":600}],"changedObstacles":[]},{"players":[{"playerId":2237456,"score":850,"energy":45},{"playerId":5588,"score":700,"energy":22},{"playerId":2415753,"score":800,"energy":3},{"playerId":2422729,"score":0,"energy":2}],"golds":[{"posx":0,"posy":0,"amount":50},{"posx":3,"posy":1,"amount":400},{"posx":9,"posy":1,"amount":600},{"posx":17,"posy":1,"amount":200},{"posx":12,"posy":2,"amount":600},{"posx":15,"posy":2,"amount":300},{"posx":1,"posy":3,"amount":550},{"posx":14,"posy":3,"amount":700},{"posx":12,"posy":4,"amount":50},{"posx":16,"posy":4,"amount":250},{"posx":17,"posy":4,"amount":650},{"posx":3,"posy":5,"amount":200},{"posx":12,"posy":6,"amount":50},{"posx":6,"posy":7,"amount":150},{"posx":8,"posy":7,"amount":100},{"posx":5,"posy":8,"amount":600}],"changedObstacles":[{"type":0,"posx":8,"posy":4,"value":-1}]},{"players":[{"playerId":2237456,"score":900,"energy":40},{"playerId":5588,"score":700,"energy":17},{"playerId":2415753,"score":800,"energy":2},{"playerId":2422729,"score":0,"energy":1}],"golds":[{"posx":0,"posy":0,"amount":50},{"posx":3,"posy":1,"amount":400},{"posx":9,"posy":1,"amount":600},{"posx":17,"posy":1,"amount":200},{"posx":12,"posy":2,"amount":600},{"posx":15,"posy":2,"amount":300},{"posx":1,"posy":3,"amount":550},{"posx":14,"posy":3,"amount":700},{"posx":12,"posy":4,"amount":50},{"posx":16,"posy":4,"amount":250},{"posx":17,"posy":4,"amount":650},{"posx":3,"posy":5,"amount":150},{"posx":12,"posy":6,"amount":50},{"posx":6,"posy":7,"amount":150},{"posx":8,"posy":7,"amount":100},{"posx":5,"posy":8,"amount":600}],"changedObstacles":[{"type":3,"posx":7,"posy":6,"value":-20}]},{"players":[{"playerId":2237456,"score":950,"energy":35},{"playerId":5588,"score":700,"energy":7},{"playerId":2415753,"score":800,"energy":14},{"playerId":2422729,"score":0,"energy":13}],"golds":[{"posx":0,"posy":0,"amount":50},{"posx":3,"posy":1,"amount":400},{"posx":9,"posy":1,"amount":600},{"posx":17,"posy":1,"amount":200},{"posx":12,"posy":2,"amount":600},{"posx":15,"posy":2,"amount":300},{"posx":1,"posy":3,"amount":550},{"posx":14,"posy":3,"amount":700},{"posx":12,"posy":4,"amount":50},{"posx":16,"posy":4,"amount":250},{"posx":17,"posy":4,"amount":650},{"posx":3,"posy":5,"amount":100},{"posx":12,"posy":6,"amount":50},{"posx":6,"posy":7,"amount":150},{"posx":8,"posy":7,"amount":100},{"posx":5,"posy":8,"amount":600}],"changedObstacles":[{"type":0,"posx":7,"posy":7,"value":-1}]},{"players":[{"playerId":2237456,"score":1000,"energy":30},{"playerId":5588,"score":700,"energy":19},{"playerId":2415753,"score":800,"energy":4},{"playerId":2422729,"score":0,"energy":29}],"golds":[{"posx":0,"posy":0,"amount":50},{"posx":3,"posy":1,"amount":400},{"posx":9,"posy":1,"amount":600},{"posx":17,"posy":1,"amount":200},{"posx":12,"posy":2,"amount":600},{"posx":15,"posy":2,"amount":300},{"posx":1,"posy":3,"amount":550},{"posx":14,"posy":3,"amount":700},{"posx":12,"posy":4,"amount":50},{"posx":16,"posy":4,"amount":250},{"posx":17,"posy":4,"amount":650},{"posx":3,"posy":5,"amount":50},{"posx":12,"posy":6,"amount":50},{"posx":6,"posy":7,"amount":150},{"posx":8,"posy":7,"amount":100},{"posx":5,"posy":8,"amount":600}],"changedObstacles":[{"type":0,"posx":10,"posy":4,"value":-1}]},{"players":[{"playerId":2237456,"score":1050,"energy":25},{"playerId":5588,"score":700,"energy":15},{"playerId":2415753,"score":800,"energy":3},{"playerId":2422729,"score":0,"energy":50}],"golds":[{"posx":0,"posy":0,"amount":50},{"posx":3,"posy":1,"amount":400},{"posx":9,"posy":1,"amount":600},{"posx":17,"posy":1,"amount":200},{"posx":12,"posy":2,"amount":600},{"posx":15,"posy":2,"amount":300},{"posx":1,"posy":3,"amount":550},{"posx":14,"posy":3,"amount":700},{"posx":12,"posy":4,"amount":50},{"posx":16,"posy":4,"amount":250},{"posx":17,"posy":4,"amount":650},{"posx":12,"posy":6,"amount":50},{"posx":6,"posy":7,"amount":150},{"posx":8,"posy":7,"amount":100},{"posx":5,"posy":8,"amount":600}],"changedObstacles":[{"type":0,"posx":3,"posy":5,"value":-1}]},{"players":[{"playerId":2237456,"score":1050,"energy":24},{"playerId":5588,"score":750,"energy":10},{"playerId":2415753,"score":800,"energy":15},{"playerId":2422729,"score":0,"energy":49}],"golds":[{"posx":0,"posy":0,"amount":50},{"posx":3,"posy":1,"amount":400},{"posx":9,"posy":1,"amount":600},{"posx":17,"posy":1,"amount":200},{"posx":12,"posy":2,"amount":600},{"posx":15,"posy":2,"amount":300},{"posx":1,"posy":3,"amount":550},{"posx":14,"posy":3,"amount":700},{"posx":12,"posy":4,"amount":50},{"posx":16,"posy":4,"amount":250},{"posx":17,"posy":4,"amount":650},{"posx":12,"posy":6,"amount":50},{"posx":6,"posy":7,"amount":100},{"posx":8,"posy":7,"amount":100},{"posx":5,"posy":8,"amount":600}],"changedObstacles":[]},{"players":[{"playerId":2237456,"score":1050,"energy":23},{"playerId":5588,"score":750,"energy":22},{"playerId":2415753,"score":800,"energy":11},{"playerId":2422729,"score":0,"energy":48}],"golds":[{"posx":0,"posy":0,"amount":50},{"posx":3,"posy":1,"amount":400},{"posx":9,"posy":1,"amount":600},{"posx":17,"posy":1,"amount":200},{"posx":12,"posy":2,"amount":600},{"posx":15,"posy":2,"amount":300},{"posx":1,"posy":3,"amount":550},{"posx":14,"posy":3,"amount":700},{"posx":12,"posy":4,"amount":50},{"posx":16,"posy":4,"amount":250},{"posx":17,"posy":4,"amount":650},{"posx":12,"posy":6,"amount":50},{"posx":6,"posy":7,"amount":100},{"posx":8,"posy":7,"amount":100},{"posx":5,"posy":8,"amount":600}],"changedObstacles":[]},{"players":[{"playerId":2237456,"score":1050,"energy":3},{"playerId":5588,"score":800,"energy":17},{"playerId":2415753,"score":850,"energy":6},{"playerId":2422729,"score":0,"energy":47}],"golds":[{"posx":0,"posy":0,"amount":50},{"posx":3,"posy":1,"amount":400},{"posx":9,"posy":1,"amount":600},{"posx":17,"posy":1,"amount":200},{"posx":12,"posy":2,"amount":600},{"posx":15,"posy":2,"amount":300},{"posx":1,"posy":3,"amount":550},{"posx":14,"posy":3,"amount":700},{"posx":16,"posy":4,"amount":250},{"posx":17,"posy":4,"amount":650},{"posx":12,"posy":6,"amount":50},{"posx":6,"posy":7,"amount":50},{"posx":8,"posy":7,"amount":100},{"posx":5,"posy":8,"amount":600}],"changedObstacles":[{"type":3,"posx":5,"posy":4,"value":-40},{"type":0,"posx":12,"posy":4,"value":-1}]},{"players":[{"playerId":2237456,"score":1050,"energy":2},{"playerId":5588,"score":800,"energy":16},{"playerId":2415753,"score":850,"energy":1},{"playerId":2422729,"score":0,"energy":46}],"golds":[{"posx":0,"posy":0,"amount":50},{"posx":3,"posy":1,"amount":400},{"posx":9,"posy":1,"amount":600},{"posx":17,"posy":1,"amount":200},{"posx":12,"posy":2,"amount":600},{"posx":15,"posy":2,"amount":300},{"posx":1,"posy":3,"amount":550},{"posx":14,"posy":3,"amount":700},{"posx":16,"posy":4,"amount":250},{"posx":17,"posy":4,"amount":650},{"posx":12,"posy":6,"amount":50},{"posx":6,"posy":7,"amount":50},{"posx":8,"posy":7,"amount":100},{"posx":5,"posy":8,"amount":600}],"changedObstacles":[{"type":3,"posx":13,"posy":4,"value":-20}]},{"players":[{"playerId":2237456,"score":1050,"energy":1},{"playerId":5588,"score":800,"energy":12},{"playerId":2415753,"score":850,"energy":13},{"playerId":2422729,"score":0,"energy":45}],"golds":[{"posx":0,"posy":0,"amount":50},{"posx":3,"posy":1,"amount":400},{"posx":9,"posy":1,"amount":600},{"posx":17,"posy":1,"amount":200},{"posx":12,"posy":2,"amount":600},{"posx":15,"posy":2,"amount":300},{"posx":1,"posy":3,"amount":550},{"posx":14,"posy":3,"amount":700},{"posx":16,"posy":4,"amount":250},{"posx":17,"posy":4,"amount":650},{"posx":12,"posy":6,"amount":50},{"posx":6,"posy":7,"amount":50},{"posx":8,"posy":7,"amount":100},{"posx":5,"posy":8,"amount":600}],"changedObstacles":[]},{"players":[{"playerId":2237456,"score":1050,"energy":13},{"playerId":5588,"score":850,"energy":7},{"playerId":2415753,"score":850,"energy":8},{"playerId":2422729,"score":0,"energy":44}],"golds":[{"posx":0,"posy":0,"amount":50},{"posx":3,"posy":1,"amount":400},{"posx":9,"posy":1,"amount":600},{"posx":17,"posy":1,"amount":200},{"posx":12,"posy":2,"amount":600},{"posx":15,"posy":2,"amount":300},{"posx":1,"posy":3,"amount":550},{"posx":14,"posy":3,"amount":700},{"posx":16,"posy":4,"amount":250},{"posx":17,"posy":4,"amount":650},{"posx":12,"posy":6,"amount":50},{"posx":6,"posy":7,"amount":50},{"posx":8,"posy":7,"amount":100},{"posx":5,"posy":8,"amount":550}],"changedObstacles":[{"type":3,"posx":14,"posy":4,"value":-20}]},{"players":[{"playerId":2237456,"score":1050,"energy":29},{"playerId":5588,"score":850,"energy":19},{"playerId":2415753,"score":850,"energy":4},{"playerId":2422729,"score":0,"energy":43}],"golds":[{"posx":0,"posy":0,"amount":50},{"posx":3,"posy":1,"amount":400},{"posx":9,"posy":1,"amount":600},{"posx":17,"posy":1,"amount":200},{"posx":12,"posy":2,"amount":600},{"posx":15,"posy":2,"amount":300},{"posx":1,"posy":3,"amount":550},{"posx":14,"posy":3,"amount":700},{"posx":16,"posy":4,"amount":250},{"posx":17,"posy":4,"amount":650},{"posx":12,"posy":6,"amount":50},{"posx":6,"posy":7,"amount":50},{"posx":8,"posy":7,"amount":100},{"posx":5,"posy":8,"amount":550}],"changedObstacles":[]},{"players":[{"playerId":2237456,"score":1050,"energy":50},{"playerId":5588,"score":900,"energy":14},{"playerId":2415753,"score":850,"energy":16},{"playerId":2422729,"score":0,"energy":42}],"golds":[{"posx":0,"posy":0,"amount":50},{"posx":3,"posy":1,"amount":400},{"posx":9,"posy":1,"amount":600},{"posx":17,"posy":1,"amount":200},{"posx":12,"posy":2,"amount":600},{"posx":15,"posy":2,"amount":300},{"posx":1,"posy":3,"amount":550},{"posx":14,"posy":3,"amount":700},{"posx":16,"posy":4,"amount":250},{"posx":17,"posy":4,"amount":650},{"posx":12,"posy":6,"amount":50},{"posx":6,"posy":7,"amount":50},{"posx":8,"posy":7,"amount":100},{"posx":5,"posy":8,"amount":500}],"changedObstacles":[]},{"players":[{"playerId":2237456,"score":1050,"energy":49},{"playerId":5588,"score":950,"energy":9},{"playerId":2415753,"score":900,"energy":11},{"playerId":2422729,"score":0,"energy":41}],"golds":[{"posx":0,"posy":0,"amount":50},{"posx":3,"posy":1,"amount":400},{"posx":9,"posy":1,"amount":600},{"posx":17,"posy":1,"amount":200},{"posx":12,"posy":2,"amount":600},{"posx":15,"posy":2,"amount":300},{"posx":1,"posy":3,"amount":550},{"posx":14,"posy":3,"amount":650},{"posx":16,"posy":4,"amount":250},{"posx":17,"posy":4,"amount":650},{"posx":12,"posy":6,"amount":50},{"posx":6,"posy":7,"amount":50},{"posx":8,"posy":7,"amount":100},{"posx":5,"posy":8,"amount":450}],"changedObstacles":[]},{"players":[{"playerId":2237456,"score":1050,"energy":48},{"playerId":5588,"score":950,"energy":21},{"playerId":2415753,"score":950,"energy":6},{"playerId":2422729,"score":0,"energy":40}],"golds":[{"posx":0,"posy":0,"amount":50},{"posx":3,"posy":1,"amount":400},{"posx":9,"posy":1,"amount":600},{"posx":17,"posy":1,"amount":200},{"posx":12,"posy":2,"amount":600},{"posx":15,"posy":2,"amount":300},{"posx":1,"posy":3,"amount":550},{"posx":14,"posy":3,"amount":600},{"posx":16,"posy":4,"amount":250},{"posx":17,"posy":4,"amount":650},{"posx":12,"posy":6,"amount":50},{"posx":6,"posy":7,"amount":50},{"posx":8,"posy":7,"amount":100},{"posx":5,"posy":8,"amount":450}],"changedObstacles":[]},{"players":[{"playerId":2237456,"score":1050,"energy":47},{"playerId":5588,"score":1000,"energy":16},{"playerId":2415753,"score":1000,"energy":1},{"playerId":2422729,"score":0,"energy":39}],"golds":[{"posx":0,"posy":0,"amount":50},{"posx":3,"posy":1,"amount":400},{"posx":9,"posy":1,"amount":600},{"posx":17,"posy":1,"amount":200},{"posx":12,"posy":2,"amount":600},{"posx":15,"posy":2,"amount":300},{"posx":1,"posy":3,"amount":550},{"posx":14,"posy":3,"amount":550},{"posx":16,"posy":4,"amount":250},{"posx":17,"posy":4,"amount":650},{"posx":12,"posy":6,"amount":50},{"posx":6,"posy":7,"amount":50},{"posx":8,"posy":7,"amount":100},{"posx":5,"posy":8,"amount":400}],"changedObstacles":[]},{"players":[{"playerId":2237456,"score":1050,"energy":46},{"playerId":5588,"score":1050,"energy":11},{"playerId":2415753,"score":1000,"energy":13},{"playerId":2422729,"score":0,"energy":38}],"golds":[{"posx":0,"posy":0,"amount":50},{"posx":3,"posy":1,"amount":400},{"posx":9,"posy":1,"amount":600},{"posx":17,"posy":1,"amount":200},{"posx":12,"posy":2,"amount":600},{"posx":15,"posy":2,"amount":300},{"posx":1,"posy":3,"amount":550},{"posx":14,"posy":3,"amount":550},{"posx":16,"posy":4,"amount":250},{"posx":17,"posy":4,"amount":650},{"posx":12,"posy":6,"amount":50},{"posx":6,"posy":7,"amount":50},{"posx":8,"posy":7,"amount":100},{"posx":5,"posy":8,"amount":350}],"changedObstacles":[]},{"players":[{"playerId":2237456,"score":1050,"energy":45},{"playerId":5588,"score":1100,"energy":6},{"playerId":2415753,"score":1050,"energy":8},{"playerId":2422729,"score":0,"energy":37}],"golds":[{"posx":0,"posy":0,"amount":50},{"posx":3,"posy":1,"amount":400},{"posx":9,"posy":1,"amount":600},{"posx":17,"posy":1,"amount":200},{"posx":12,"posy":2,"amount":600},{"posx":15,"posy":2,"amount":300},{"posx":1,"posy":3,"amount":550},{"posx":14,"posy":3,"amount":500},{"posx":16,"posy":4,"amount":250},{"posx":17,"posy":4,"amount":650},{"posx":12,"posy":6,"amount":50},{"posx":6,"posy":7,"amount":50},{"posx":8,"posy":7,"amount":100},{"posx":5,"posy":8,"amount":300}],"changedObstacles":[]},{"players":[{"playerId":2237456,"score":1050,"energy":44},{"playerId":5588,"score":1100,"energy":18},{"playerId":2415753,"score":1100,"energy":3},{"playerId":2422729,"score":0,"energy":36}],"golds":[{"posx":0,"posy":0,"amount":50},{"posx":3,"posy":1,"amount":400},{"posx":9,"posy":1,"amount":600},{"posx":17,"posy":1,"amount":200},{"posx":12,"posy":2,"amount":600},{"posx":15,"posy":2,"amount":300},{"posx":1,"posy":3,"amount":550},{"posx":14,"posy":3,"amount":450},{"posx":16,"posy":4,"amount":250},{"posx":17,"posy":4,"amount":650},{"posx":12,"posy":6,"amount":50},{"posx":6,"posy":7,"amount":50},{"posx":8,"posy":7,"amount":100},{"posx":5,"posy":8,"amount":300}],"changedObstacles":[]},{"players":[{"playerId":2237456,"score":1050,"energy":39},{"playerId":5588,"score":1150,"energy":13},{"playerId":2415753,"score":1100,"energy":15},{"playerId":2422729,"score":0,"energy":16}],"golds":[{"posx":0,"posy":0,"amount":50},{"posx":3,"posy":1,"amount":400},{"posx":9,"posy":1,"amount":600},{"posx":17,"posy":1,"amount":200},{"posx":12,"posy":2,"amount":600},{"posx":15,"posy":2,"amount":300},{"posx":1,"posy":3,"amount":550},{"posx":14,"posy":3,"amount":450},{"posx":16,"posy":4,"amount":250},{"posx":17,"posy":4,"amount":650},{"posx":12,"posy":6,"amount":50},{"posx":6,"posy":7,"amount":50},{"posx":8,"posy":7,"amount":100},{"posx":5,"posy":8,"amount":250}],"changedObstacles":[{"type":3,"posx":13,"posy":4,"value":-40}]},{"players":[{"playerId":2237456,"score":1050,"energy":35},{"playerId":5588,"score":1200,"energy":8},{"playerId":2415753,"score":1150,"energy":10},{"playerId":2422729,"score":0,"energy":28}],"golds":[{"posx":0,"posy":0,"amount":50},{"posx":3,"posy":1,"amount":400},{"posx":9,"posy":1,"amount":600},{"posx":17,"posy":1,"amount":200},{"posx":12,"posy":2,"amount":600},{"posx":15,"posy":2,"amount":300},{"posx":1,"posy":3,"amount":550},{"posx":14,"posy":3,"amount":400},{"posx":16,"posy":4,"amount":250},{"posx":17,"posy":4,"amount":650},{"posx":12,"posy":6,"amount":50},{"posx":6,"posy":7,"amount":50},{"posx":8,"posy":7,"amount":100},{"posx":5,"posy":8,"amount":200}],"changedObstacles":[]},{"players":[{"playerId":2237456,"score":1100,"energy":30},{"playerId":5588,"score":1200,"energy":20},{"playerId":2415753,"score":1200,"energy":5},{"playerId":2422729,"score":0,"energy":8}],"golds":[{"posx":0,"posy":0,"amount":50},{"posx":3,"posy":1,"amount":400},{"posx":9,"posy":1,"amount":600},{"posx":17,"posy":1,"amount":200},{"posx":12,"posy":2,"amount":600},{"posx":15,"posy":2,"amount":300},{"posx":1,"posy":3,"amount":550},{"posx":14,"posy":3,"amount":300},{"posx":16,"posy":4,"amount":250},{"posx":17,"posy":4,"amount":650},{"posx":12,"posy":6,"amount":50},{"posx":6,"posy":7,"amount":50},{"posx":8,"posy":7,"amount":100},{"posx":5,"posy":8,"amount":200}],"changedObstacles":[{"type":3,"posx":14,"posy":4,"value":-40}]},{"players":[{"playerId":2237456,"score":1150,"energy":25},{"playerId":5588,"score":1250,"energy":15},{"playerId":2415753,"score":1200,"energy":17},{"playerId":2422729,"score":0,"energy":7}],"golds":[{"posx":0,"posy":0,"amount":50},{"posx":3,"posy":1,"amount":400},{"posx":9,"posy":1,"amount":600},{"posx":17,"posy":1,"amount":200},{"posx":12,"posy":2,"amount":600},{"posx":15,"posy":2,"amount":300},{"posx":1,"posy":3,"amount":550},{"posx":14,"posy":3,"amount":250},{"posx":16,"posy":4,"amount":250},{"posx":17,"posy":4,"amount":650},{"posx":12,"posy":6,"amount":50},{"posx":6,"posy":7,"amount":50},{"posx":8,"posy":7,"amount":100},{"posx":5,"posy":8,"amount":150}],"changedObstacles":[]},{"players":[{"playerId":2237456,"score":1200,"energy":20},{"playerId":5588,"score":1300,"energy":10},{"playerId":2415753,"score":1250,"energy":12},{"playerId":2422729,"score":0,"energy":3}],"golds":[{"posx":0,"posy":0,"amount":50},{"posx":3,"posy":1,"amount":400},{"posx":9,"posy":1,"amount":600},{"posx":17,"posy":1,"amount":200},{"posx":12,"posy":2,"amount":600},{"posx":15,"posy":2,"amount":300},{"posx":1,"posy":3,"amount":550},{"posx":14,"posy":3,"amount":150},{"posx":16,"posy":4,"amount":250},{"posx":17,"posy":4,"amount":650},{"posx":12,"posy":6,"amount":50},{"posx":6,"posy":7,"amount":50},{"posx":8,"posy":7,"amount":100},{"posx":5,"posy":8,"amount":100}],"changedObstacles":[]},{"players":[{"playerId":2237456,"score":1250,"energy":15},{"playerId":5588,"score":1300,"energy":22},{"playerId":2415753,"score":1300,"energy":7},{"playerId":2422729,"score":0,"energy":15}],"golds":[{"posx":0,"posy":0,"amount":50},{"posx":3,"posy":1,"amount":400},{"posx":9,"posy":1,"amount":600},{"posx":17,"posy":1,"amount":200},{"posx":12,"posy":2,"amount":600},{"posx":15,"posy":2,"amount":300},{"posx":1,"posy":3,"amount":550},{"posx":14,"posy":3,"amount":50},{"posx":16,"posy":4,"amount":250},{"posx":17,"posy":4,"amount":650},{"posx":12,"posy":6,"amount":50},{"posx":6,"posy":7,"amount":50},{"posx":8,"posy":7,"amount":100},{"posx":5,"posy":8,"amount":100}],"changedObstacles":[]},{"players":[{"playerId":2237456,"score":1275,"energy":10},{"playerId":5588,"score":1350,"energy":17},{"playerId":2415753,"score":1325,"energy":2},{"playerId":2422729,"score":0,"energy":31}],"golds":[{"posx":0,"posy":0,"amount":50},{"posx":3,"posy":1,"amount":400},{"posx":9,"posy":1,"amount":600},{"posx":17,"posy":1,"amount":200},{"posx":12,"posy":2,"amount":600},{"posx":15,"posy":2,"amount":300},{"posx":1,"posy":3,"amount":550},{"posx":16,"posy":4,"amount":250},{"posx":17,"posy":4,"amount":650},{"posx":12,"posy":6,"amount":50},{"posx":6,"posy":7,"amount":50},{"posx":8,"posy":7,"amount":100},{"posx":5,"posy":8,"amount":50}],"changedObstacles":[{"type":0,"posx":14,"posy":3,"value":-1}]},{"players":[{"playerId":2237456,"score":1275,"energy":9},{"playerId":5588,"score":1350,"energy":16},{"playerId":2415753,"score":1325,"energy":1},{"playerId":2422729,"score":50,"energy":26}],"golds":[{"posx":0,"posy":0,"amount":50},{"posx":3,"posy":1,"amount":400},{"posx":9,"posy":1,"amount":600},{"posx":17,"posy":1,"amount":200},{"posx":12,"posy":2,"amount":600},{"posx":15,"posy":2,"amount":300},{"posx":1,"posy":3,"amount":550},{"posx":16,"posy":4,"amount":200},{"posx":17,"posy":4,"amount":650},{"posx":12,"posy":6,"amount":50},{"posx":6,"posy":7,"amount":50},{"posx":8,"posy":7,"amount":100},{"posx":5,"posy":8,"amount":50}],"changedObstacles":[]},{"players":[{"playerId":2237456,"score":1275,"energy":5},{"playerId":5588,"score":1350,"energy":6},{"playerId":2415753,"score":1325,"energy":13},{"playerId":2422729,"score":100,"energy":21}],"golds":[{"posx":0,"posy":0,"amount":50},{"posx":3,"posy":1,"amount":400},{"posx":9,"posy":1,"amount":600},{"posx":17,"posy":1,"amount":200},{"posx":12,"posy":2,"amount":600},{"posx":15,"posy":2,"amount":300},{"posx":1,"posy":3,"amount":550},{"posx":16,"posy":4,"amount":150},{"posx":17,"posy":4,"amount":650},{"posx":12,"posy":6,"amount":50},{"posx":6,"posy":7,"amount":50},{"posx":8,"posy":7,"amount":100},{"posx":5,"posy":8,"amount":50}],"changedObstacles":[{"type":0,"posx":7,"posy":8,"value":-1}]},{"players":[{"playerId":2237456,"score":1275,"energy":17},{"playerId":5588,"score":1350,"energy":18},{"playerId":2415753,"score":1325,"energy":12},{"playerId":2422729,"score":150,"energy":16}],"golds":[{"posx":0,"posy":0,"amount":50},{"posx":3,"posy":1,"amount":400},{"posx":9,"posy":1,"amount":600},{"posx":17,"posy":1,"amount":200},{"posx":12,"posy":2,"amount":600},{"posx":15,"posy":2,"amount":300},{"posx":1,"posy":3,"amount":550},{"posx":16,"posy":4,"amount":100},{"posx":17,"posy":4,"amount":650},{"posx":12,"posy":6,"amount":50},{"posx":6,"posy":7,"amount":50},{"posx":8,"posy":7,"amount":100},{"posx":5,"posy":8,"amount":50}],"changedObstacles":[]},{"players":[{"playerId":2237456,"score":1275,"energy":33},{"playerId":5588,"score":1350,"energy":17},{"playerId":2415753,"score":1325,"energy":8},{"playerId":2422729,"score":200,"energy":11}],"golds":[{"posx":0,"posy":0,"amount":50},{"posx":3,"posy":1,"amount":400},{"posx":9,"posy":1,"amount":600},{"posx":17,"posy":1,"amount":200},{"posx":12,"posy":2,"amount":600},{"posx":15,"posy":2,"amount":300},{"posx":1,"posy":3,"amount":550},{"posx":16,"posy":4,"amount":50},{"posx":17,"posy":4,"amount":650},{"posx":12,"posy":6,"amount":50},{"posx":6,"posy":7,"amount":50},{"posx":8,"posy":7,"amount":100},{"posx":5,"posy":8,"amount":50}],"changedObstacles":[]},{"players":[{"playerId":2237456,"score":1275,"energy":50},{"playerId":5588,"score":1350,"energy":13},{"playerId":2415753,"score":1350,"energy":3},{"playerId":2422729,"score":225,"energy":6}],"golds":[{"posx":0,"posy":0,"amount":50},{"posx":3,"posy":1,"amount":400},{"posx":9,"posy":1,"amount":600},{"posx":17,"posy":1,"amount":200},{"posx":12,"posy":2,"amount":600},{"posx":15,"posy":2,"amount":300},{"posx":1,"posy":3,"amount":550},{"posx":17,"posy":4,"amount":650},{"posx":12,"posy":6,"amount":50},{"posx":6,"posy":7,"amount":50},{"posx":8,"posy":7,"amount":100},{"posx":5,"posy":8,"amount":50}],"changedObstacles":[{"type":0,"posx":16,"posy":4,"value":-1}]},{"players":[{"playerId":2237456,"score":1325,"energy":45},{"playerId":5588,"score":1400,"energy":8},{"playerId":2415753,"score":1350,"energy":15},{"playerId":2422729,"score":225,"energy":2}],"golds":[{"posx":0,"posy":0,"amount":50},{"posx":3,"posy":1,"amount":400},{"posx":9,"posy":1,"amount":600},{"posx":17,"posy":1,"amount":200},{"posx":12,"posy":2,"amount":600},{"posx":15,"posy":2,"amount":250},{"posx":1,"posy":3,"amount":550},{"posx":17,"posy":4,"amount":650},{"posx":12,"posy":6,"amount":50},{"posx":6,"posy":7,"amount":50},{"posx":8,"posy":7,"amount":50},{"posx":5,"posy":8,"amount":50}],"changedObstacles":[]},{"players":[{"playerId":2237456,"score":1375,"energy":40},{"playerId":5588,"score":1400,"energy":20},{"playerId":2415753,"score":1350,"energy":11},{"playerId":2422729,"score":225,"energy":14}],"golds":[{"posx":0,"posy":0,"amount":50},{"posx":3,"posy":1,"amount":400},{"posx":9,"posy":1,"amount":600},{"posx":17,"posy":1,"amount":200},{"posx":12,"posy":2,"amount":600},{"posx":15,"posy":2,"amount":200},{"posx":1,"posy":3,"amount":550},{"posx":17,"posy":4,"amount":650},{"posx":12,"posy":6,"amount":50},{"posx":6,"posy":7,"amount":50},{"posx":8,"posy":7,"amount":50},{"posx":5,"posy":8,"amount":50}],"changedObstacles":[]},{"players":[{"playerId":2237456,"score":1425,"energy":35},{"playerId":5588,"score":1400,"energy":15},{"playerId":2415753,"score":1400,"energy":6},{"playerId":2422729,"score":225,"energy":30}],"golds":[{"posx":0,"posy":0,"amount":50},{"posx":3,"posy":1,"amount":400},{"posx":9,"posy":1,"amount":600},{"posx":17,"posy":1,"amount":200},{"posx":12,"posy":2,"amount":600},{"posx":15,"posy":2,"amount":150},{"posx":1,"posy":3,"amount":550},{"posx":17,"posy":4,"amount":600},{"posx":12,"posy":6,"amount":50},{"posx":6,"posy":7,"amount":50},{"posx":8,"posy":7,"amount":50},{"posx":5,"posy":8,"amount":50}],"changedObstacles":[{"type":3,"posx":9,"posy":7,"value":-20}]},{"players":[{"playerId":2237456,"score":1475,"energy":30},{"playerId":5588,"score":1400,"energy":27},{"playerId":2415753,"score":1450,"energy":1},{"playerId":2422729,"score":275,"energy":25}],"golds":[{"posx":0,"posy":0,"amount":50},{"posx":3,"posy":1,"amount":400},{"posx":9,"posy":1,"amount":600},{"posx":17,"posy":1,"amount":200},{"posx":12,"posy":2,"amount":600},{"posx":15,"posy":2,"amount":100},{"posx":1,"posy":3,"amount":550},{"posx":17,"posy":4,"amount":500},{"posx":12,"posy":6,"amount":50},{"posx":6,"posy":7,"amount":50},{"posx":8,"posy":7,"amount":50},{"posx":5,"posy":8,"amount":50}],"changedObstacles":[]},{"players":[{"playerId":2237456,"score":1525,"energy":25},{"playerId":5588,"score":1400,"energy":17},{"playerId":2415753,"score":1450,"energy":13},{"playerId":2422729,"score":325,"energy":20}],"golds":[{"posx":0,"posy":0,"amount":50},{"posx":3,"posy":1,"amount":400},{"posx":9,"posy":1,"amount":600},{"posx":17,"posy":1,"amount":200},{"posx":12,"posy":2,"amount":600},{"posx":15,"posy":2,"amount":50},{"posx":1,"posy":3,"amount":550},{"posx":17,"posy":4,"amount":450},{"posx":12,"posy":6,"amount":50},{"posx":6,"posy":7,"amount":50},{"posx":8,"posy":7,"amount":50},{"posx":5,"posy":8,"amount":50}],"changedObstacles":[{"type":0,"posx":10,"posy":7,"value":-1}]},{"players":[{"playerId":2237456,"score":1575,"energy":20},{"playerId":5588,"score":1400,"energy":7},{"playerId":2415753,"score":1500,"energy":8},{"playerId":2422729,"score":375,"energy":15}],"golds":[{"posx":0,"posy":0,"amount":50},{"posx":3,"posy":1,"amount":400},{"posx":9,"posy":1,"amount":600},{"posx":17,"posy":1,"amount":200},{"posx":12,"posy":2,"amount":600},{"posx":1,"posy":3,"amount":550},{"posx":17,"posy":4,"amount":350},{"posx":12,"posy":6,"amount":50},{"posx":6,"posy":7,"amount":50},{"posx":8,"posy":7,"amount":50},{"posx":5,"posy":8,"amount":50}],"changedObstacles":[{"type":0,"posx":11,"posy":7,"value":-1},{"type":0,"posx":15,"posy":2,"value":-1}]},{"players":[{"playerId":2237456,"score":1575,"energy":10},{"playerId":5588,"score":1400,"energy":19},{"playerId":2415753,"score":1550,"energy":3},{"playerId":2422729,"score":425,"energy":10}],"golds":[{"posx":0,"posy":0,"amount":50},{"posx":3,"posy":1,"amount":400},{"posx":9,"posy":1,"amount":600},{"posx":17,"posy":1,"amount":200},{"posx":12,"posy":2,"amount":600},{"posx":1,"posy":3,"amount":550},{"posx":17,"posy":4,"amount":250},{"posx":12,"posy":6,"amount":50},{"posx":6,"posy":7,"amount":50},{"posx":8,"posy":7,"amount":50},{"posx":5,"posy":8,"amount":50}],"changedObstacles":[{"type":0,"posx":14,"posy":2,"value":-1}]},{"players":[{"playerId":2237456,"score":1575,"energy":22},{"playerId":5588,"score":1400,"energy":35},{"playerId":2415753,"score":1550,"energy":15},{"playerId":2422729,"score":475,"energy":5}],"golds":[{"posx":0,"posy":0,"amount":50},{"posx":3,"posy":1,"amount":400},{"posx":9,"posy":1,"amount":600},{"posx":17,"posy":1,"amount":200},{"posx":12,"posy":2,"amount":600},{"posx":1,"posy":3,"amount":550},{"posx":17,"posy":4,"amount":200},{"posx":12,"posy":6,"amount":50},{"posx":6,"posy":7,"amount":50},{"posx":8,"posy":7,"amount":50},{"posx":5,"posy":8,"amount":50}],"changedObstacles":[]},{"players":[{"playerId":2237456,"score":1575,"energy":38},{"playerId":5588,"score":1400,"energy":26},{"playerId":2415753,"score":1600,"energy":10},{"playerId":2422729,"score":475,"energy":17}],"golds":[{"posx":0,"posy":0,"amount":50},{"posx":3,"posy":1,"amount":400},{"posx":9,"posy":1,"amount":600},{"posx":17,"posy":1,"amount":200},{"posx":12,"posy":2,"amount":600},{"posx":1,"posy":3,"amount":550},{"posx":17,"posy":4,"amount":150},{"posx":12,"posy":6,"amount":50},{"posx":6,"posy":7,"amount":50},{"posx":8,"posy":7,"amount":50},{"posx":5,"posy":8,"amount":50}],"changedObstacles":[]},{"players":[{"playerId":2237456,"score":1575,"energy":26},{"playerId":5588,"score":1400,"energy":22},{"playerId":2415753,"score":1650,"energy":5},{"playerId":2422729,"score":525,"energy":12}],"golds":[{"posx":0,"posy":0,"amount":50},{"posx":3,"posy":1,"amount":400},{"posx":9,"posy":1,"amount":600},{"posx":17,"posy":1,"amount":200},{"posx":12,"posy":2,"amount":600},{"posx":1,"posy":3,"amount":550},{"posx":17,"posy":4,"amount":50},{"posx":12,"posy":6,"amount":50},{"posx":6,"posy":7,"amount":50},{"posx":8,"posy":7,"amount":50},{"posx":5,"posy":8,"amount":50}],"changedObstacles":[]},{"players":[{"playerId":2237456,"score":1575,"energy":22},{"playerId":5588,"score":1400,"energy":21},{"playerId":2415753,"score":1650,"energy":17},{"playerId":2422729,"score":575,"energy":7}],"golds":[{"posx":0,"posy":0,"amount":50},{"posx":3,"posy":1,"amount":400},{"posx":9,"posy":1,"amount":600},{"posx":17,"posy":1,"amount":200},{"posx":12,"posy":2,"amount":600},{"posx":1,"posy":3,"amount":550},{"posx":12,"posy":6,"amount":50},{"posx":6,"posy":7,"amount":50},{"posx":8,"posy":7,"amount":50},{"posx":5,"posy":8,"amount":50}],"changedObstacles":[{"type":0,"posx":17,"posy":4,"value":-1}]},{"players":[{"playerId":2237456,"score":1625,"energy":17},{"playerId":5588,"score":1400,"energy":20},{"playerId":2415753,"score":1650,"energy":16},{"playerId":2422729,"score":575,"energy":19}],"golds":[{"posx":0,"posy":0,"amount":50},{"posx":3,"posy":1,"amount":400},{"posx":9,"posy":1,"amount":600},{"posx":17,"posy":1,"amount":200},{"posx":12,"posy":2,"amount":550},{"posx":1,"posy":3,"amount":550},{"posx":12,"posy":6,"amount":50},{"posx":6,"posy":7,"amount":50},{"posx":8,"posy":7,"amount":50},{"posx":5,"posy":8,"amount":50}],"changedObstacles":[]},{"players":[{"playerId":2237456,"score":1675,"energy":12},{"playerId":5588,"score":1400,"energy":19},{"playerId":2415753,"score":1650,"energy":15},{"playerId":2422729,"score":575,"energy":35}],"golds":[{"posx":0,"posy":0,"amount":50},{"posx":3,"posy":1,"amount":400},{"posx":9,"posy":1,"amount":600},{"posx":17,"posy":1,"amount":200},{"posx":12,"posy":2,"amount":500},{"posx":1,"posy":3,"amount":550},{"posx":12,"posy":6,"amount":50},{"posx":6,"posy":7,"amount":50},{"posx":8,"posy":7,"amount":50},{"posx":5,"posy":8,"amount":50}],"changedObstacles":[]},{"players":[{"playerId":2237456,"score":1725,"energy":7},{"playerId":5588,"score":1400,"energy":15},{"playerId":2415753,"score":1650,"energy":14},{"playerId":2422729,"score":575,"energy":19}],"golds":[{"posx":0,"posy":0,"amount":50},{"posx":3,"posy":1,"amount":400},{"posx":9,"posy":1,"amount":600},{"posx":17,"posy":1,"amount":200},{"posx":12,"posy":2,"amount":450},{"posx":1,"posy":3,"amount":550},{"posx":12,"posy":6,"amount":50},{"posx":6,"posy":7,"amount":50},{"posx":8,"posy":7,"amount":50},{"posx":5,"posy":8,"amount":50}],"changedObstacles":[]},{"players":[{"playerId":2237456,"score":1775,"energy":2},{"playerId":5588,"score":1450,"energy":10},{"playerId":2415753,"score":1650,"energy":13},{"playerId":2422729,"score":575,"energy":31}],"golds":[{"posx":0,"posy":0,"amount":50},{"posx":3,"posy":1,"amount":400},{"posx":9,"posy":1,"amount":600},{"posx":17,"posy":1,"amount":200},{"posx":12,"posy":2,"amount":350},{"posx":1,"posy":3,"amount":550},{"posx":12,"posy":6,"amount":50},{"posx":6,"posy":7,"amount":50},{"posx":8,"posy":7,"amount":50},{"posx":5,"posy":8,"amount":50}],"changedObstacles":[]},{"players":[{"playerId":2237456,"score":1775,"energy":14},{"playerId":5588,"score":1450,"energy":22},{"playerId":2415753,"score":1650,"energy":25},{"playerId":2422729,"score":575,"energy":47}],"golds":[{"posx":0,"posy":0,"amount":50},{"posx":3,"posy":1,"amount":400},{"posx":9,"posy":1,"amount":600},{"posx":17,"posy":1,"amount":200},{"posx":12,"posy":2,"amount":350},{"posx":1,"posy":3,"amount":550},{"posx":12,"posy":6,"amount":50},{"posx":6,"posy":7,"amount":50},{"posx":8,"posy":7,"amount":50},{"posx":5,"posy":8,"amount":50}],"changedObstacles":[]},{"players":[{"playerId":2237456,"score":1775,"energy":30},{"playerId":5588,"score":1500,"energy":17},{"playerId":2415753,"score":1650,"energy":15},{"playerId":2422729,"score":575,"energy":40}],"golds":[{"posx":0,"posy":0,"amount":50},{"posx":3,"posy":1,"amount":400},{"posx":9,"posy":1,"amount":600},{"posx":17,"posy":1,"amount":200},{"posx":12,"posy":2,"amount":300},{"posx":1,"posy":3,"amount":550},{"posx":12,"posy":6,"amount":50},{"posx":6,"posy":7,"amount":50},{"posx":8,"posy":7,"amount":50},{"posx":5,"posy":8,"amount":50}],"changedObstacles":[]},{"players":[{"playerId":2237456,"score":1825,"energy":25},{"playerId":5588,"score":1550,"energy":12},{"playerId":2415753,"score":1650,"energy":14},{"playerId":2422729,"score":575,"energy":36}],"golds":[{"posx":0,"posy":0,"amount":50},{"posx":3,"posy":1,"amount":400},{"posx":9,"posy":1,"amount":600},{"posx":17,"posy":1,"amount":200},{"posx":12,"posy":2,"amount":200},{"posx":1,"posy":3,"amount":550},{"posx":12,"posy":6,"amount":50},{"posx":6,"posy":7,"amount":50},{"posx":8,"posy":7,"amount":50},{"posx":5,"posy":8,"amount":50}],"changedObstacles":[]},{"players":[{"playerId":2237456,"score":1875,"energy":20},{"playerId":5588,"score":1600,"energy":7},{"playerId":2415753,"score":1650,"energy":13},{"playerId":2422729,"score":625,"energy":31}],"golds":[{"posx":0,"posy":0,"amount":50},{"posx":3,"posy":1,"amount":400},{"posx":9,"posy":1,"amount":600},{"posx":17,"posy":1,"amount":150},{"posx":12,"posy":2,"amount":100},{"posx":1,"posy":3,"amount":550},{"posx":12,"posy":6,"amount":50},{"posx":6,"posy":7,"amount":50},{"posx":8,"posy":7,"amount":50},{"posx":5,"posy":8,"amount":50}],"changedObstacles":[]},{"players":[{"playerId":2237456,"score":1925,"energy":15},{"playerId":5588,"score":1600,"energy":19},{"playerId":2415753,"score":1650,"energy":12},{"playerId":2422729,"score":675,"energy":26}],"golds":[{"posx":0,"posy":0,"amount":50},{"posx":3,"posy":1,"amount":400},{"posx":9,"posy":1,"amount":600},{"posx":17,"posy":1,"amount":100},{"posx":12,"posy":2,"amount":50},{"posx":1,"posy":3,"amount":550},{"posx":12,"posy":6,"amount":50},{"posx":6,"posy":7,"amount":50},{"posx":8,"posy":7,"amount":50},{"posx":5,"posy":8,"amount":50}],"changedObstacles":[]},{"players":[{"playerId":2237456,"score":1975,"energy":10},{"playerId":5588,"score":1600,"energy":14},{"playerId":2415753,"score":1650,"energy":11},{"playerId":2422729,"score":725,"energy":21}],"golds":[{"posx":0,"posy":0,"amount":50},{"posx":3,"posy":1,"amount":400},{"posx":9,"posy":1,"amount":600},{"posx":17,"posy":1,"amount":50},{"posx":1,"posy":3,"amount":550},{"posx":12,"posy":6,"amount":50},{"posx":6,"posy":7,"amount":50},{"posx":8,"posy":7,"amount":50},{"posx":5,"posy":8,"amount":50}],"changedObstacles":[{"type":3,"posx":11,"posy":2,"value":-20},{"type":0,"posx":12,"posy":2,"value":-1}]},{"players":[{"playerId":2237456,"score":1975,"energy":9},{"playerId":5588,"score":1600,"energy":9},{"playerId":2415753,"score":1650,"energy":10},{"playerId":2422729,"score":775,"energy":16}],"golds":[{"posx":0,"posy":0,"amount":50},{"posx":3,"posy":1,"amount":400},{"posx":9,"posy":1,"amount":600},{"posx":1,"posy":3,"amount":550},{"posx":12,"posy":6,"amount":50},{"posx":6,"posy":7,"amount":50},{"posx":8,"posy":7,"amount":50},{"posx":5,"posy":8,"amount":50}],"changedObstacles":[{"type":3,"posx":10,"posy":2,"value":-20},{"type":0,"posx":17,"posy":1,"value":-1}]},{"players":[{"playerId":2237456,"score":1975,"energy":8},{"playerId":5588,"score":1600,"energy":21},{"playerId":2415753,"score":1650,"energy":9},{"playerId":2422729,"score":775,"energy":11}],"golds":[{"posx":0,"posy":0,"amount":50},{"posx":3,"posy":1,"amount":400},{"posx":9,"posy":1,"amount":600},{"posx":1,"posy":3,"amount":550},{"posx":12,"posy":6,"amount":50},{"posx":6,"posy":7,"amount":50},{"posx":8,"posy":7,"amount":50},{"posx":5,"posy":8,"amount":50}],"changedObstacles":[{"type":3,"posx":16,"posy":1,"value":-20}]},{"players":[{"playerId":2237456,"score":1975,"energy":7},{"playerId":5588,"score":1600,"energy":11},{"playerId":2415753,"score":1650,"energy":8},{"playerId":2422729,"score":775,"energy":10}],"golds":[{"posx":0,"posy":0,"amount":50},{"posx":3,"posy":1,"amount":400},{"posx":9,"posy":1,"amount":600},{"posx":1,"posy":3,"amount":550},{"posx":12,"posy":6,"amount":50},{"posx":6,"posy":7,"amount":50},{"posx":8,"posy":7,"amount":50},{"posx":5,"posy":8,"amount":50}],"changedObstacles":[{"type":0,"posx":9,"posy":2,"value":-1}]},{"players":[{"playerId":2237456,"score":1975,"energy":3},{"playerId":5588,"score":1600,"energy":7},{"playerId":2415753,"score":1650,"energy":7},{"playerId":2422729,"score":775,"energy":22}],"golds":[{"posx":0,"posy":0,"amount":50},{"posx":3,"posy":1,"amount":400},{"posx":9,"posy":1,"amount":600},{"posx":1,"posy":3,"amount":550},{"posx":12,"posy":6,"amount":50},{"posx":6,"posy":7,"amount":50},{"posx":8,"posy":7,"amount":50},{"posx":5,"posy":8,"amount":50}],"changedObstacles":[]},{"players":[{"playerId":2237456,"score":1975,"energy":15},{"playerId":5588,"score":1600,"energy":19},{"playerId":2415753,"score":1650,"energy":6},{"playerId":2422729,"score":775,"energy":38}],"golds":[{"posx":0,"posy":0,"amount":50},{"posx":3,"posy":1,"amount":400},{"posx":9,"posy":1,"amount":600},{"posx":1,"posy":3,"amount":550},{"posx":12,"posy":6,"amount":50},{"posx":6,"posy":7,"amount":50},{"posx":8,"posy":7,"amount":50},{"posx":5,"posy":8,"amount":50}],"changedObstacles":[]},{"players":[{"playerId":2237456,"score":1975,"energy":31},{"playerId":5588,"score":1650,"energy":14},{"playerId":2415753,"score":1650,"energy":5},{"playerId":2422729,"score":775,"energy":37}],"golds":[{"posx":0,"posy":0,"amount":50},{"posx":3,"posy":1,"amount":400},{"posx":9,"posy":1,"amount":550},{"posx":1,"posy":3,"amount":550},{"posx":12,"posy":6,"amount":50},{"posx":6,"posy":7,"amount":50},{"posx":8,"posy":7,"amount":50},{"posx":5,"posy":8,"amount":50}],"changedObstacles":[]},{"players":[{"playerId":2237456,"score":1975,"energy":50},{"playerId":5588,"score":1700,"energy":9},{"playerId":2415753,"score":1650,"energy":4},{"playerId":2422729,"score":775,"energy":36}],"golds":[{"posx":0,"posy":0,"amount":50},{"posx":3,"posy":1,"amount":400},{"posx":9,"posy":1,"amount":500},{"posx":1,"posy":3,"amount":550},{"posx":12,"posy":6,"amount":50},{"posx":6,"posy":7,"amount":50},{"posx":8,"posy":7,"amount":50},{"posx":5,"posy":8,"amount":50}],"changedObstacles":[]},{"players":[{"playerId":2237456,"score":2025,"energy":45},{"playerId":5588,"score":1700,"energy":21},{"playerId":2415753,"score":1650,"energy":3},{"playerId":2422729,"score":775,"energy":35}],"golds":[{"posx":0,"posy":0,"amount":50},{"posx":3,"posy":1,"amount":400},{"posx":9,"posy":1,"amount":500},{"posx":1,"posy":3,"amount":550},{"posx":6,"posy":7,"amount":50},{"posx":8,"posy":7,"amount":50},{"posx":5,"posy":8,"amount":50}],"changedObstacles":[{"type":0,"posx":12,"posy":6,"value":-1}]},{"players":[{"playerId":2237456,"score":2025,"energy":26},{"playerId":5588,"score":1750,"energy":16},{"playerId":2415753,"score":1650,"energy":2},{"playerId":2422729,"score":775,"energy":34}],"golds":[{"posx":0,"posy":0,"amount":50},{"posx":3,"posy":1,"amount":400},{"posx":9,"posy":1,"amount":450},{"posx":1,"posy":3,"amount":550},{"posx":6,"posy":7,"amount":50},{"posx":8,"posy":7,"amount":50},{"posx":5,"posy":8,"amount":50}],"changedObstacles":[]},{"players":[{"playerId":2237456,"score":2025,"energy":25},{"playerId":5588,"score":1800,"energy":11},{"playerId":2415753,"score":1650,"energy":1},{"playerId":2422729,"score":775,"energy":24}],"golds":[{"posx":0,"posy":0,"amount":50},{"posx":3,"posy":1,"amount":400},{"posx":9,"posy":1,"amount":400},{"posx":1,"posy":3,"amount":550},{"posx":6,"posy":7,"amount":50},{"posx":8,"posy":7,"amount":50},{"posx":5,"posy":8,"amount":50}],"changedObstacles":[{"type":0,"posx":12,"posy":1,"value":-1}]},{"players":[{"playerId":2237456,"score":2025,"energy":20},{"playerId":5588,"score":1850,"energy":6},{"playerId":2415753,"score":1650,"energy":0},{"playerId":2422729,"score":775,"energy":23}],"golds":[{"posx":0,"posy":0,"amount":50},{"posx":3,"posy":1,"amount":400},{"posx":9,"posy":1,"amount":350},{"posx":1,"posy":3,"amount":550},{"posx":6,"posy":7,"amount":50},{"posx":8,"posy":7,"amount":50},{"posx":5,"posy":8,"amount":50}],"changedObstacles":[{"type":3,"posx":9,"posy":6,"value":-20}]},{"players":[{"playerId":2237456,"score":2025,"energy":19},{"playerId":5588,"score":1850,"energy":18},{"playerId":2415753,"score":1650,"energy":0},{"playerId":2422729,"score":775,"energy":6}],"golds":[{"posx":0,"posy":0,"amount":50},{"posx":3,"posy":1,"amount":400},{"posx":9,"posy":1,"amount":350},{"posx":1,"posy":3,"amount":550},{"posx":6,"posy":7,"amount":50},{"posx":8,"posy":7,"amount":50},{"posx":5,"posy":8,"amount":50}],"changedObstacles":[]},{"players":[{"playerId":2237456,"score":2025,"energy":18},{"playerId":5588,"score":1900,"energy":13},{"playerId":2415753,"score":1650,"energy":0},{"playerId":2422729,"score":775,"energy":2}],"golds":[{"posx":0,"posy":0,"amount":50},{"posx":3,"posy":1,"amount":400},{"posx":9,"posy":1,"amount":300},{"posx":1,"posy":3,"amount":550},{"posx":6,"posy":7,"amount":50},{"posx":8,"posy":7,"amount":50},{"posx":5,"posy":8,"amount":50}],"changedObstacles":[]},{"players":[{"playerId":2237456,"score":2025,"energy":17},{"playerId":5588,"score":1950,"energy":8},{"playerId":2415753,"score":1650,"energy":0},{"playerId":2422729,"score":775,"energy":14}],"golds":[{"posx":0,"posy":0,"amount":50},{"posx":3,"posy":1,"amount":400},{"posx":9,"posy":1,"amount":250},{"posx":1,"posy":3,"amount":550},{"posx":6,"posy":7,"amount":50},{"posx":8,"posy":7,"amount":50},{"posx":5,"posy":8,"amount":50}],"changedObstacles":[]},{"players":[{"playerId":2237456,"score":2025,"energy":16},{"playerId":5588,"score":1950,"energy":20},{"playerId":2415753,"score":1650,"energy":0},{"playerId":2422729,"score":825,"energy":9}],"golds":[{"posx":0,"posy":0,"amount":50},{"posx":3,"posy":1,"amount":400},{"posx":9,"posy":1,"amount":200},{"posx":1,"posy":3,"amount":550},{"posx":6,"posy":7,"amount":50},{"posx":8,"posy":7,"amount":50},{"posx":5,"posy":8,"amount":50}],"changedObstacles":[]},{"players":[{"playerId":2237456,"score":2025,"energy":15},{"playerId":5588,"score":2000,"energy":15},{"playerId":2415753,"score":1650,"energy":0},{"playerId":2422729,"score":875,"energy":4}],"golds":[{"posx":0,"posy":0,"amount":50},{"posx":3,"posy":1,"amount":400},{"posx":9,"posy":1,"amount":100},{"posx":1,"posy":3,"amount":550},{"posx":6,"posy":7,"amount":50},{"posx":8,"posy":7,"amount":50},{"posx":5,"posy":8,"amount":50}],"changedObstacles":[]},{"players":[{"playerId":2237456,"score":2025,"energy":14},{"playerId":5588,"score":2050,"energy":10},{"playerId":2415753,"score":1650,"energy":0},{"playerId":2422729,"score":875,"energy":16}],"golds":[{"posx":0,"posy":0,"amount":50},{"posx":3,"posy":1,"amount":400},{"posx":9,"posy":1,"amount":50},{"posx":1,"posy":3,"amount":550},{"posx":6,"posy":7,"amount":50},{"posx":8,"posy":7,"amount":50},{"posx":5,"posy":8,"amount":50}],"changedObstacles":[]},{"players":[{"playerId":2237456,"score":2025,"energy":13},{"playerId":5588,"score":2050,"energy":22},{"playerId":2415753,"score":1650,"energy":0},{"playerId":2422729,"score":875,"energy":32}],"golds":[{"posx":0,"posy":0,"amount":50},{"posx":3,"posy":1,"amount":400},{"posx":9,"posy":1,"amount":50},{"posx":1,"posy":3,"amount":550},{"posx":6,"posy":7,"amount":50},{"posx":8,"posy":7,"amount":50},{"posx":5,"posy":8,"amount":50}],"changedObstacles":[]},{"players":[{"playerId":2237456,"score":2025,"energy":12},{"playerId":5588,"score":2050,"energy":21},{"playerId":2415753,"score":1650,"energy":0},{"playerId":2422729,"score":925,"energy":27}],"golds":[{"posx":0,"posy":0,"amount":50},{"posx":3,"posy":1,"amount":400},{"posx":1,"posy":3,"amount":550},{"posx":6,"posy":7,"amount":50},{"posx":8,"posy":7,"amount":50},{"posx":5,"posy":8,"amount":50}],"changedObstacles":[{"type":0,"posx":9,"posy":1,"value":-1}]},{"players":[{"playerId":2237456,"score":2025,"energy":7},{"playerId":5588,"score":2050,"energy":33},{"playerId":2415753,"score":1650,"energy":0},{"playerId":2422729,"score":925,"energy":26}],"golds":[{"posx":0,"posy":0,"amount":50},{"posx":3,"posy":1,"amount":400},{"posx":1,"posy":3,"amount":550},{"posx":6,"posy":7,"amount":50},{"posx":8,"posy":7,"amount":50},{"posx":5,"posy":8,"amount":50}],"changedObstacles":[{"type":3,"posx":3,"posy":3,"value":-20}]},{"players":[{"playerId":2237456,"score":2025,"energy":6},{"playerId":5588,"score":2050,"energy":15},{"playerId":2415753,"score":1650,"energy":0},{"playerId":2422729,"score":925,"energy":38}],"golds":[{"posx":0,"posy":0,"amount":50},{"posx":3,"posy":1,"amount":400},{"posx":1,"posy":3,"amount":550},{"posx":6,"posy":7,"amount":50},{"posx":8,"posy":7,"amount":50},{"posx":5,"posy":8,"amount":50}],"changedObstacles":[]},{"players":[{"playerId":2237456,"score":2025,"energy":2},{"playerId":5588,"score":2050,"energy":14},{"playerId":2415753,"score":1650,"energy":0},{"playerId":2422729,"score":925,"energy":50}],"golds":[{"posx":0,"posy":0,"amount":50},{"posx":3,"posy":1,"amount":400},{"posx":1,"posy":3,"amount":550},{"posx":6,"posy":7,"amount":50},{"posx":8,"posy":7,"amount":50},{"posx":5,"posy":8,"amount":50}],"changedObstacles":[]},{"players":[{"playerId":2237456,"score":2025,"energy":14},{"playerId":5588,"score":2050,"energy":9},{"playerId":2415753,"score":1650,"energy":0},{"playerId":2422729,"score":925,"energy":50}],"golds":[{"posx":0,"posy":0,"amount":50},{"posx":3,"posy":1,"amount":400},{"posx":1,"posy":3,"amount":550},{"posx":6,"posy":7,"amount":50},{"posx":8,"posy":7,"amount":50},{"posx":5,"posy":8,"amount":50}],"changedObstacles":[{"type":3,"posx":5,"posy":1,"value":-20}]}]