[{"players":[{"playerId":2299591,"score":0,"energy":46},{"playerId":61319,"score":0,"energy":46},{"playerId":5722,"score":0,"energy":46},{"playerId":2256302,"score":0,"energy":46}],"golds":[{"posx":8,"posy":4,"amount":50},{"posx":16,"posy":4,"amount":250},{"posx":7,"posy":4,"amount":750},{"posx":17,"posy":4,"amount":650},{"posx":4,"posy":4,"amount":450},{"posx":12,"posy":4,"amount":50},{"posx":9,"posy":1,"amount":600},{"posx":14,"posy":3,"amount":700},{"posx":12,"posy":2,"amount":600},{"posx":0,"posy":0,"amount":50},{"posx":6,"posy":7,"amount":150},{"posx":1,"posy":3,"amount":550},{"posx":3,"posy":1,"amount":400},{"posx":5,"posy":8,"amount":600},{"posx":3,"posy":5,"amount":600},{"posx":8,"posy":7,"amount":100},{"posx":5,"posy":3,"amount":700},{"posx":17,"posy":1,"amount":200},{"posx":15,"posy":2,"amount":300},{"posx":12,"posy":6,"amount":50}],"changedObstacles":[]},{"players":[{"playerId":2299591,"score":50,"energy":41},{"playerId":61319,"score":50,"energy":41},{"playerId":5722,"score":50,"energy":41},{"playerId":2256302,"score":50,"energy":41}],"golds":[{"posx":0,"posy":0,"amount":50},{"posx":3,"posy":1,"amount":400},{"posx":9,"posy":1,"amount":600},{"posx":17,"posy":1,"amount":200},{"posx":12,"posy":2,"amount":600},{"posx":15,"posy":2,"amount":300},{"posx":1,"posy":3,"amount":550},{"posx":5,"posy":3,"amount":500},{"posx":14,"posy":3,"amount":700},{"posx":4,"posy":4,"amount":450},{"posx":7,"posy":4,"amount":750},{"posx":8,"posy":4,"amount":50},{"posx":12,"posy":4,"amount":50},{"posx":16,"posy":4,"amount":250},{"posx":17,"posy":4,"amount":650},{"posx":3,"posy":5,"amount":600},{"posx":12,"posy":6,"amount":50},{"posx":6,"posy":7,"amount":150},{"posx":8,"posy":7,"amount":100},{"posx":5,"posy":8,"amount":600}],"changedObstacles":[]},{"players":[{"playerId":2299591,"score":100,"energy":36},{"playerId":61319,"score":100,"energy":36},{"playerId":5722,"score":100,"energy":36},{"playerId":2256302,"score":100,"energy":36}],"golds":[{"posx":0,"posy":0,"amount":50},{"posx":3,"posy":1,"amount":400},{"posx":9,"posy":1,"amount":600},{"posx":17,"posy":1,"amount":200},{"posx":12,"posy":2,"amount":600},{"posx":15,"posy":2,"amount":300},{"posx":1,"posy":3,"amount":550},{"posx":5,"posy":3,"amount":300},{"posx":14,"posy":3,"amount":700},{"posx":4,"posy":4,"amount":450},{"posx":7,"posy":4,"amount":750},{"posx":8,"posy":4,"amount":50},{"posx":12,"posy":4,"amount":50},{"posx":16,"posy":4,"amount":250},{"posx":17,"posy":4,"amount":650},{"posx":3,"posy":5,"amount":600},{"posx":12,"posy":6,"amount":50},{"posx":6,"posy":7,"amount":150},{"posx":8,"posy":7,"amount":100},{"posx":5,"posy":8,"amount":600}],"changedObstacles":[]},{"players":[{"playerId":2299591,"score":150,"energy":31},{"playerId":61319,"score":150,"energy":31},{"playerId":5722,"score":150,"energy":31},{"playerId":2256302,"score":150,"energy":31}],"golds":[{"posx":0,"posy":0,"amount":50},{"posx":3,"posy":1,"amount":400},{"posx":9,"posy":1,"amount":600},{"posx":17,"posy":1,"amount":200},{"posx":12,"posy":2,"amount":600},{"posx":15,"posy":2,"amount":300},{"posx":1,"posy":3,"amount":550},{"posx":5,"posy":3,"amount":100},{"posx":14,"posy":3,"amount":700},{"posx":4,"posy":4,"amount":450},{"posx":7,"posy":4,"amount":750},{"posx":8,"posy":4,"amount":50},{"posx":12,"posy":4,"amount":50},{"posx":16,"posy":4,"amount":250},{"posx":17,"posy":4,"amount":650},{"posx":3,"posy":5,"amount":600},{"posx":12,"posy":6,"amount":50},{"posx":6,"posy":7,"amount":150},{"posx":8,"posy":7,"amount":100},{"posx":5,"posy":8,"amount":600}],"changedObstacles":[]},{"players":[{"playerId":2299591,"score":175,"energy":26},{"playerId":61319,"score":175,"energy":26},{"playerId":5722,"score":175,"energy":26},{"playerId":2256302,"score":175,"energy":26}],"golds":[{"posx":0,"posy":0,"amount":50},{"posx":3,"posy":1,"amount":400},{"posx":9,"posy":1,"amount":600},{"posx":17,"posy":1,"amount":200},{"posx":12,"posy":2,"amount":600},{"posx":15,"posy":2,"amount":300},{"posx":1,"posy":3,"amount":550},{"posx":14,"posy":3,"amount":700},{"posx":4,"posy":4,"amount":450},{"posx":7,"posy":4,"amount":750},{"posx":8,"posy":4,"amount":50},{"posx":12,"posy":4,"amount":50},{"posx":16,"posy":4,"amount":250},{"posx":17,"posy":4,"amount":650},{"posx":3,"posy":5,"amount":600},{"posx":12,"posy":6,"amount":50},{"posx":6,"posy":7,"amount":150},{"posx":8,"posy":7,"amount":100},{"posx":5,"posy":8,"amount":600}],"changedObstacles":[{"type":0,"posx":5,"posy":3,"value":-1}]},{"players":[{"playerId":2299591,"score":175,"energy":25},{"playerId":61319,"score":175,"energy":21},{"playerId":5722,"score":175,"energy":25},{"playerId":2256302,"score":175,"energy":21}],"golds":[{"posx":0,"posy":0,"amount":50},{"posx":3,"posy":1,"amount":400},{"posx":9,"posy":1,"amount":600},{"posx":17,"posy":1,"amount":200},{"posx":12,"posy":2,"amount":600},{"posx":15,"posy":2,"amount":300},{"posx":1,"posy":3,"amount":550},{"posx":14,"posy":3,"amount":700},{"posx":4,"posy":4,"amount":450},{"posx":7,"posy":4,"amount":750},{"posx":8,"posy":4,"amount":50},{"posx":12,"posy":4,"amount":50},{"posx":16,"posy":4,"amount":250},{"posx":17,"posy":4,"amount":650},{"posx":3,"posy":5,"amount":600},{"posx":12,"posy":6,"amount":50},{"posx":6,"posy":7,"amount":150},{"posx":8,"posy":7,"amount":100},{"posx":5,"posy":8,"amount":600}],"changedObstacles":[{"type":3,"posx":5,"posy":4,"value":-20}]},{"players":[{"playerId":2299591,"score":175,"energy":21},{"playerId":61319,"score":175,"energy":17},{"playerId":5722,"score":175,"energy":21},{"playerId":2256302,"score":175,"energy":11}],"golds":[{"posx":0,"posy":0,"amount":50},{"posx":3,"posy":1,"amount":400},{"posx":9,"posy":1,"amount":600},{"posx":17,"posy":1,"amount":200},{"posx":12,"posy":2,"amount":600},{"posx":15,"posy":2,"amount":300},{"posx":1,"posy":3,"amount":550},{"posx":14,"posy":3,"amount":700},{"posx":4,"posy":4,"amount":450},{"posx":7,"posy":4,"amount":750},{"posx":8,"posy":4,"amount":50},{"posx":12,"posy":4,"amount":50},{"posx":16,"posy":4,"amount":250},{"posx":17,"posy":4,"amount":650},{"posx":3,"posy":5,"amount":600},{"posx":12,"posy":6,"amount":50},{"posx":6,"posy":7,"amount":150},{"posx":8,"posy":7,"amount":100},{"posx":5,"posy":8,"amount":600}],"changedObstacles":[{"type":0,"posx":6,"posy":4,"value":-1}]},{"players":[{"playerId":2299591,"score":225,"energy":16},{"playerId":61319,"score":225,"energy":12},{"playerId":5722,"score":225,"energy":16},{"playerId":2256302,"score":175,"energy":7}],"golds":[{"posx":0,"posy":0,"amount":50},{"posx":3,"posy":1,"amount":400},{"posx":9,"posy":1,"amount":600},{"posx":17,"posy":1,"amount":200},{"posx":12,"posy":2,"amount":600},{"posx":15,"posy":2,"amount":300},{"posx":1,"posy":3,"amount":550},{"posx":14,"posy":3,"amount":700},{"posx":4,"posy":4,"amount":300},{"posx":7,"posy":4,"amount":750},{"posx":8,"posy":4,"amount":50},{"posx":12,"posy":4,"amount":50},{"posx":16,"posy":4,"amount":250},{"posx":17,"posy":4,"amount":650},{"posx":3,"posy":5,"amount":600},{"posx":12,"posy":6,"amount":50},{"posx":6,"posy":7,"amount":150},{"posx":8,"posy":7,"amount":100},{"posx":5,"posy":8,"amount":600}],"changedObstacles":[]},{"players":[{"playerId":2299591,"score":275,"energy":11},{"playerId":61319,"score":275,"energy":7},{"playerId":5722,"score":275,"energy":11},{"playerId":2256302,"score":225,"energy":2}],"golds":[{"posx":0,"posy":0,"amount":50},{"posx":3,"posy":1,"amount":400},{"posx":9,"posy":1,"amount":600},{"posx":17,"posy":1,"amount":200},{"posx":12,"posy":2,"amount":600},{"posx":15,"posy":2,"amount":300},{"posx":1,"posy":3,"amount":550},{"posx":14,"posy":3,"amount":700},{"posx":4,"posy":4,"amount":150},{"posx":7,"posy":4,"amount":700},{"posx":8,"posy":4,"amount":50},{"posx":12,"posy":4,"amount":50},{"posx":16,"posy":4,"amount":250},{"posx":17,"posy":4,"amount":650},{"posx":3,"posy":5,"amount":600},{"posx":12,"posy":6,"amount":50},{"posx":6,"posy":7,"amount":150},{"posx":8,"posy":7,"amount":100},{"posx":5,"posy":8,"amount":600}],"changedObstacles":[]},{"players":[{"playerId":2299591,"score":325,"energy":6},{"playerId":61319,"score":325,"energy":2},{"playerId":5722,"score":325,"energy":6},{"playerId":2256302,"score":225,"energy":14}],"golds":[{"posx":0,"posy":0,"amount":50},{"posx":3,"posy":1,"amount":400},{"posx":9,"posy":1,"amount":600},{"posx":17,"posy":1,"amount":200},{"posx":12,"posy":2,"amount":600},{"posx":15,"posy":2,"amount":300},{"posx":1,"posy":3,"amount":550},{"posx":14,"posy":3,"amount":700},{"posx":7,"posy":4,"amount":700},{"posx":8,"posy":4,"amount":50},{"posx":12,"posy":4,"amount":50},{"posx":16,"posy":4,"amount":250},{"posx":17,"posy":4,"amount":650},{"posx":3,"posy":5,"amount":600},{"posx":12,"posy":6,"amount":50},{"posx":6,"posy":7,"amount":150},{"posx":8,"posy":7,"amount":100},{"posx":5,"posy":8,"amount":600}],"changedObstacles":[{"type":0,"posx":4,"posy":4,"value":-1}]},{"players":[{"playerId":2299591,"score":325,"energy":18},{"playerId":61319,"score":325,"energy":14},{"playerId":5722,"score":325,"energy":18},{"playerId":2256302,"score":225,"energy":30}],"golds":[{"posx":0,"posy":0,"amount":50},{"posx":3,"posy":1,"amount":400},{"posx":9,"posy":1,"amount":600},{"posx":17,"posy":1,"amount":200},{"posx":12,"posy":2,"amount":600},{"posx":15,"posy":2,"amount":300},{"posx":1,"posy":3,"amount":550},{"posx":14,"posy":3,"amount":700},{"posx":7,"posy":4,"amount":700},{"posx":8,"posy":4,"amount":50},{"posx":12,"posy":4,"amount":50},{"posx":16,"posy":4,"amount":250},{"posx":17,"posy":4,"amount":650},{"posx":3,"posy":5,"amount":600},{"posx":12,"posy":6,"amount":50},{"posx":6,"posy":7,"amount":150},{"posx":8,"posy":7,"amount":100},{"posx":5,"posy":8,"amount":600}],"changedObstacles":[]},{"players":[{"playerId":2299591,"score":325,"energy":34},{"playerId":61319,"score":325,"energy":30},{"playerId":5722,"score":325,"energy":8},{"playerId":2256302,"score":225,"energy":50}],"golds":[{"posx":0,"posy":0,"amount":50},{"posx":3,"posy":1,"amount":400},{"posx":9,"posy":1,"amount":600},{"posx":17,"posy":1,"amount":200},{"posx":12,"posy":2,"amount":600},{"posx":15,"posy":2,"amount":300},{"posx":1,"posy":3,"amount":550},{"posx":14,"posy":3,"amount":700},{"posx":7,"posy":4,"amount":700},{"posx":8,"posy":4,"amount":50},{"posx":12,"posy":4,"amount":50},{"posx":16,"posy":4,"amount":250},{"posx":17,"posy":4,"amount":650},{"posx":3,"posy":5,"amount":600},{"posx":12,"posy":6,"amount":50},{"posx":6,"posy":7,"amount":150},{"posx":8,"posy":7,"amount":100},{"posx":5,"posy":8,"amount":600}],"changedObstacles":[{"type":0,"posx":4,"posy":5,"value":-1}]},{"players":[{"playerId":2299591,"score":325,"energy":33},{"playerId":61319,"score":325,"energy":29},{"playerId":5722,"score":325,"energy":20},{"playerId":2256302,"score":275,"energy":45}],"golds":[{"posx":0,"posy":0,"amount":50},{"posx":3,"posy":1,"amount":400},{"posx":9,"posy":1,"amount":600},{"posx":17,"posy":1,"amount":200},{"posx":12,"posy":2,"amount":600},{"posx":15,"posy":2,"amount":300},{"posx":1,"posy":3,"amount":550},{"posx":14,"posy":3,"amount":700},{"posx":7,"posy":4,"amount":650},{"posx":8,"posy":4,"amount":50},{"posx":12,"posy":4,"amount":50},{"posx":16,"posy":4,"amount":250},{"posx":17,"posy":4,"amount":650},{"posx":3,"posy":5,"amount":600},{"posx":12,"posy":6,"amount":50},{"posx":6,"posy":7,"amount":150},{"posx":8,"posy":7,"amount":100},{"posx":5,"posy":8,"amount":600}],"changedObstacles":[]},{"players":[{"playerId":2299591,"score":325,"energy":29},{"playerId":61319,"score":325,"energy":25},{"playerId":5722,"score":325,"energy":16},{"playerId":2256302,"score":325,"energy":40}],"golds":[{"posx":0,"posy":0,"amount":50},{"posx":3,"posy":1,"amount":400},{"posx":9,"posy":1,"amount":600},{"posx":17,"posy":1,"amount":200},{"posx":12,"posy":2,"amount":600},{"posx":15,"posy":2,"amount":300},{"posx":1,"posy":3,"amount":550},{"posx":14,"posy":3,"amount":700},{"posx":7,"posy":4,"amount":600},{"posx":8,"posy":4,"amount":50},{"posx":12,"posy":4,"amount":50},{"posx":16,"posy":4,"amount":250},{"posx":17,"posy":4,"amount":650},{"posx":3,"posy":5,"amount":600},{"posx":12,"posy":6,"amount":50},{"posx":6,"posy":7,"amount":150},{"posx":8,"posy":7,"amount":100},{"posx":5,"posy":8,"amount":600}],"changedObstacles":[]},{"players":[{"playerId":2299591,"score":375,"energy":24},{"playerId":61319,"score":375,"energy":20},{"playerId":5722,"score":375,"energy":11},{"playerId":2256302,"score":375,"energy":35}],"golds":[{"posx":0,"posy":0,"amount":50},{"posx":3,"posy":1,"amount":400},{"posx":9,"posy":1,"amount":600},{"posx":17,"posy":1,"amount":200},{"posx":12,"posy":2,"amount":600},{"posx":15,"posy":2,"amount":300},{"posx":1,"posy":3,"amount":550},{"posx":14,"posy":3,"amount":700},{"posx":7,"posy":4,"amount":550},{"posx":8,"posy":4,"amount":50},{"posx":12,"posy":4,"amount":50},{"posx":16,"posy":4,"amount":250},{"posx":17,"posy":4,"amount":650},{"posx":3,"posy":5,"amount":450},{"posx":12,"posy":6,"amount":50},{"posx":6,"posy":7,"amount":150},{"posx":8,"posy":7,"amount":100},{"posx":5,"posy":8,"amount":600}],"changedObstacles":[]},{"players":[{"playerId":2299591,"score":425,"energy":19},{"playerId":61319,"score":425,"energy":15},{"playerId":5722,"score":425,"energy":6},{"playerId":2256302,"score":425,"energy":30}],"golds":[{"posx":0,"posy":0,"amount":50},{"posx":3,"posy":1,"amount":400},{"posx":9,"posy":1,"amount":600},{"posx":17,"posy":1,"amount":200},{"posx":12,"posy":2,"amount":600},{"posx":15,"posy":2,"amount":300},{"posx":1,"posy":3,"amount":550},{"posx":14,"posy":3,"amount":700},{"posx":7,"posy":4,"amount":500},{"posx":8,"posy":4,"amount":50},{"posx":12,"posy":4,"amount":50},{"posx":16,"posy":4,"amount":250},{"posx":17,"posy":4,"amount":650},{"posx":3,"posy":5,"amount":300},{"posx":12,"posy":6,"amount":50},{"posx":6,"posy":7,"amount":150},{"posx":8,"posy":7,"amount":100},{"posx":5,"posy":8,"amount":600}],"changedObstacles":[]},{"players":[{"playerId":2299591,"score":475,"energy":14},{"playerId":61319,"score":475,"energy":10},{"playerId":5722,"score":425,"energy":18},{"playerId":2256302,"score":475,"energy":25}],"golds":[{"posx":0,"posy":0,"amount":50},{"posx":3,"posy":1,"amount":400},{"posx":9,"posy":1,"amount":600},{"posx":17,"posy":1,"amount":200},{"posx":12,"posy":2,"amount":600},{"posx":15,"posy":2,"amount":300},{"posx":1,"posy":3,"amount":550},{"posx":14,"posy":3,"amount":700},{"posx":7,"posy":4,"amount":450},{"posx":8,"posy":4,"amount":50},{"posx":12,"posy":4,"amount":50},{"posx":16,"posy":4,"amount":250},{"posx":17,"posy":4,"amount":650},{"posx":3,"posy":5,"amount":200},{"posx":12,"posy":6,"amount":50},{"posx":6,"posy":7,"amount":150},{"posx":8,"posy":7,"amount":100},{"posx":5,"posy":8,"amount":600}],"changedObstacles":[]},{"players":[{"playerId":2299591,"score":525,"energy":9},{"playerId":61319,"score":525,"energy":5},{"playerId":5722,"score":475,"energy":13},{"playerId":2256302,"score":525,"energy":20}],"golds":[{"posx":0,"posy":0,"amount":50},{"posx":3,"posy":1,"amount":400},{"posx":9,"posy":1,"amount":600},{"posx":17,"posy":1,"amount":200},{"posx":12,"posy":2,"amount":600},{"posx":15,"posy":2,"amount":300},{"posx":1,"posy":3,"amount":550},{"posx":14,"posy":3,"amount":700},{"posx":7,"posy":4,"amount":400},{"posx":8,"posy":4,"amount":50},{"posx":12,"posy":4,"amount":50},{"posx":16,"posy":4,"amount":250},{"posx":17,"posy":4,"amount":650},{"posx":3,"posy":5,"amount":50},{"posx":12,"posy":6,"amount":50},{"posx":6,"posy":7,"amount":150},{"posx":8,"posy":7,"amount":100},{"posx":5,"posy":8,"amount":600}],"changedObstacles":[]},{"players":[{"playerId":2299591,"score":550,"energy":4},{"playerId":61319,"score":525,"energy":17},{"playerId":5722,"score":500,"energy":8},{"playerId":2256302,"score":575,"energy":15}],"golds":[{"posx":0,"posy":0,"amount":50},{"posx":3,"posy":1,"amount":400},{"posx":9,"posy":1,"amount":600},{"posx":17,"posy":1,"amount":200},{"posx":12,"posy":2,"amount":600},{"posx":15,"posy":2,"amount":300},{"posx":1,"posy":3,"amount":550},{"posx":14,"posy":3,"amount":700},{"posx":7,"posy":4,"amount":350},{"posx":8,"posy":4,"amount":50},{"posx":12,"posy":4,"amount":50},{"posx":16,"posy":4,"amount":250},{"posx":17,"posy":4,"amount":650},{"posx":12,"posy":6,"amount":50},{"posx":6,"posy":7,"amount":150},{"posx":8,"posy":7,"amount":100},{"posx":5,"posy":8,"amount":600}],"changedObstacles":[{"type":0,"posx":3,"posy":5,"value":-1}]},{"players":[{"playerId":2299591,"score":550,"energy":16},{"playerId":61319,"score":525,"energy":12},{"playerId":5722,"score":500,"energy":20},{"playerId":2256302,"score":625,"energy":10}],"golds":[{"posx":0,"posy":0,"amount":50},{"posx":3,"posy":1,"amount":400},{"posx":9,"posy":1,"amount":600},{"posx":17,"posy":1,"amount":200},{"posx":12,"posy":2,"amount":600},{"posx":15,"posy":2,"amount":300},{"posx":1,"posy":3,"amount":550},{"posx":14,"posy":3,"amount":700},{"posx":7,"posy":4,"amount":300},{"posx":8,"posy":4,"amount":50},{"posx":12,"posy":4,"amount":50},{"posx":16,"posy":4,"amount":250},{"posx":17,"posy":4,"amount":650},{"posx":12,"posy":6,"amount":50},{"posx":6,"posy":7,"amount":150},{"posx":8,"posy":7,"amount":100},{"posx":5,"posy":8,"amount":600}],"changedObstacles":[{"type":3,"posx":2,"posy":5,"value":-20}]},{"players":[{"playerId":2299591,"score":550,"energy":32},{"playerId":61319,"score":525,"energy":11},{"playerId":5722,"score":500,"energy":10},{"playerId":2256302,"score":675,"energy":5}],"golds":[{"posx":0,"posy":0,"amount":50},{"posx":3,"posy":1,"amount":400},{"posx":9,"posy":1,"amount":600},{"posx":17,"posy":1,"amount":200},{"posx":12,"posy":2,"amount":600},{"posx":15,"posy":2,"amount":300},{"posx":1,"posy":3,"amount":550},{"posx":14,"posy":3,"amount":700},{"posx":7,"posy":4,"amount":250},{"posx":8,"posy":4,"amount":50},{"posx":12,"posy":4,"amount":50},{"posx":16,"posy":4,"amount":250},{"posx":17,"posy":4,"amount":650},{"posx":12,"posy":6,"amount":50},{"posx":6,"posy":7,"amount":150},{"posx":8,"posy":7,"amount":100},{"posx":5,"posy":8,"amount":600}],"changedObstacles":[{"type":0,"posx":3,"posy":4,"value":-1}]},{"players":[{"playerId":2299591,"score":550,"energy":31},{"playerId":61319,"score":525,"energy":10},{"playerId":5722,"score":500,"energy":22},{"playerId":2256302,"score":675,"energy":17}],"golds":[{"posx":0,"posy":0,"amount":50},{"posx":3,"posy":1,"amount":400},{"posx":9,"posy":1,"amount":600},{"posx":17,"posy":1,"amount":200},{"posx":12,"posy":2,"amount":600},{"posx":15,"posy":2,"amount":300},{"posx":1,"posy":3,"amount":550},{"posx":14,"posy":3,"amount":700},{"posx":7,"posy":4,"amount":250},{"posx":8,"posy":4,"amount":50},{"posx":12,"posy":4,"amount":50},{"posx":16,"posy":4,"amount":250},{"posx":17,"posy":4,"amount":650},{"posx":12,"posy":6,"amount":50},{"posx":6,"posy":7,"amount":150},{"posx":8,"posy":7,"amount":100},{"posx":5,"posy":8,"amount":600}],"changedObstacles":[]},{"players":[{"playerId":2299591,"score":550,"energy":30},{"playerId":61319,"score":525,"energy":6},{"playerId":5722,"score":500,"energy":21},{"playerId":2256302,"score":675,"energy":33}],"golds":[{"posx":0,"posy":0,"amount":50},{"posx":3,"posy":1,"amount":400},{"posx":9,"posy":1,"amount":600},{"posx":17,"posy":1,"amount":200},{"posx":12,"posy":2,"amount":600},{"posx":15,"posy":2,"amount":300},{"posx":1,"posy":3,"amount":550},{"posx":14,"posy":3,"amount":700},{"posx":7,"posy":4,"amount":250},{"posx":8,"posy":4,"amount":50},{"posx":12,"posy":4,"amount":50},{"posx":16,"posy":4,"amount":250},{"posx":17,"posy":4,"amount":650},{"posx":12,"posy":6,"amount":50},{"posx":6,"posy":7,"amount":150},{"posx":8,"posy":7,"amount":100},{"posx":5,"posy":8,"amount":600}],"changedObstacles":[]},{"players":[{"playerId":2299591,"score":550,"energy":29},{"playerId":61319,"score":575,"energy":1},{"playerId":5722,"score":500,"energy":20},{"playerId":2256302,"score":675,"energy":50}],"golds":[{"posx":0,"posy":0,"amount":50},{"posx":3,"posy":1,"amount":400},{"posx":9,"posy":1,"amount":600},{"posx":17,"posy":1,"amount":200},{"posx":12,"posy":2,"amount":600},{"posx":15,"posy":2,"amount":300},{"posx":1,"posy":3,"amount":500},{"posx":14,"posy":3,"amount":700},{"posx":7,"posy":4,"amount":250},{"posx":8,"posy":4,"amount":50},{"posx":12,"posy":4,"amount":50},{"posx":16,"posy":4,"amount":250},{"posx":17,"posy":4,"amount":650},{"posx":12,"posy":6,"amount":50},{"posx":6,"posy":7,"amount":150},{"posx":8,"posy":7,"amount":100},{"posx":5,"posy":8,"amount":600}],"changedObstacles":[]},{"players":[{"playerId":2299591,"score":550,"energy":25},{"playerId":61319,"score":575,"energy":13},{"playerId":5722,"score":500,"energy":16},{"playerId":2256302,"score":725,"energy":45}],"golds":[{"posx":0,"posy":0,"amount":50},{"posx":3,"posy":1,"amount":400},{"posx":9,"posy":1,"amount":600},{"posx":17,"posy":1,"amount":200},{"posx":12,"posy":2,"amount":600},{"posx":15,"posy":2,"amount":300},{"posx":1,"posy":3,"amount":500},{"posx":14,"posy":3,"amount":700},{"posx":7,"posy":4,"amount":200},{"posx":8,"posy":4,"amount":50},{"posx":12,"posy":4,"amount":50},{"posx":16,"posy":4,"amount":250},{"posx":17,"posy":4,"amount":650},{"posx":12,"posy":6,"amount":50},{"posx":6,"posy":7,"amount":150},{"posx":8,"posy":7,"amount":100},{"posx":5,"posy":8,"amount":600}],"changedObstacles":[]},{"players":[{"playerId":2299591,"score":600,"energy":20},{"playerId":61319,"score":575,"energy":29},{"playerId":5722,"score":550,"energy":11},{"playerId":2256302,"score":775,"energy":40}],"golds":[{"posx":0,"posy":0,"amount":50},{"posx":3,"posy":1,"amount":400},{"posx":9,"posy":1,"amount":600},{"posx":17,"posy":1,"amount":200},{"posx":12,"posy":2,"amount":600},{"posx":15,"posy":2,"amount":300},{"posx":1,"posy":3,"amount":400},{"posx":14,"posy":3,"amount":700},{"posx":7,"posy":4,"amount":150},{"posx":8,"posy":4,"amount":50},{"posx":12,"posy":4,"amount":50},{"posx":16,"posy":4,"amount":250},{"posx":17,"posy":4,"amount":650},{"posx":12,"posy":6,"amount":50},{"posx":6,"posy":7,"amount":150},{"posx":8,"posy":7,"amount":100},{"posx":5,"posy":8,"amount":600}],"changedObstacles":[]},{"players":[{"playerId":2299591,"score":650,"energy":15},{"playerId":61319,"score":625,"energy":24},{"playerId":5722,"score":600,"energy":6},{"playerId":2256302,"score":825,"energy":35}],"golds":[{"posx":0,"posy":0,"amount":50},{"posx":3,"posy":1,"amount":400},{"posx":9,"posy":1,"amount":600},{"posx":17,"posy":1,"amount":200},{"posx":12,"posy":2,"amount":600},{"posx":15,"posy":2,"amount":300},{"posx":1,"posy":3,"amount":250},{"posx":14,"posy":3,"amount":700},{"posx":7,"posy":4,"amount":100},{"posx":8,"posy":4,"amount":50},{"posx":12,"posy":4,"amount":50},{"posx":16,"posy":4,"amount":250},{"posx":17,"posy":4,"amount":650},{"posx":12,"posy":6,"amount":50},{"posx":6,"posy":7,"amount":150},{"posx":8,"posy":7,"amount":100},{"posx":5,"posy":8,"amount":600}],"changedObstacles":[]},{"players":[{"playerId":2299591,"score":700,"energy":10},{"playerId":61319,"score":675,"energy":19},{"playerId":5722,"score":600,"energy":18},{"playerId":2256302,"score":875,"energy":30}],"golds":[{"posx":0,"posy":0,"amount":50},{"posx":3,"posy":1,"amount":400},{"posx":9,"posy":1,"amount":600},{"posx":17,"posy":1,"amount":200},{"posx":12,"posy":2,"amount":600},{"posx":15,"posy":2,"amount":300},{"posx":1,"posy":3,"amount":150},{"posx":14,"posy":3,"amount":700},{"posx":7,"posy":4,"amount":50},{"posx":8,"posy":4,"amount":50},{"posx":12,"posy":4,"amount":50},{"posx":16,"posy":4,"amount":250},{"posx":17,"posy":4,"amount":650},{"posx":12,"posy":6,"amount":50},{"posx":6,"posy":7,"amount":150},{"posx":8,"posy":7,"amount":100},{"posx":5,"posy":8,"amount":600}],"changedObstacles":[]},{"players":[{"playerId":2299591,"score":750,"energy":5},{"playerId":61319,"score":725,"energy":14},{"playerId":5722,"score":650,"energy":13},{"playerId":2256302,"score":925,"energy":25}],"golds":[{"posx":0,"posy":0,"amount":50},{"posx":3,"posy":1,"amount":400},{"posx":9,"posy":1,"amount":600},{"posx":17,"posy":1,"amount":200},{"posx":12,"posy":2,"amount":600},{"posx":15,"posy":2,"amount":300},{"posx":14,"posy":3,"amount":700},{"posx":8,"posy":4,"amount":50},{"posx":12,"posy":4,"amount":50},{"posx":16,"posy":4,"amount":250},{"posx":17,"posy":4,"amount":650},{"posx":12,"posy":6,"amount":50},{"posx":6,"posy":7,"amount":150},{"posx":8,"posy":7,"amount":100},{"posx":5,"posy":8,"amount":600}],"changedObstacles":[{"type":0,"posx":1,"posy":3,"value":-1},{"type":0,"posx":7,"posy":4,"value":-1}]},{"players":[{"playerId":2299591,"score":750,"energy":17},{"playerId":61319,"score":725,"energy":13},{"playerId":5722,"score":650,"energy":25},{"playerId":2256302,"score":925,"energy":21}],"golds":[{"posx":0,"posy":0,"amount":50},{"posx":3,"posy":1,"amount":400},{"posx":9,"posy":1,"amount":600},{"posx":17,"posy":1,"amount":200},{"posx":12,"posy":2,"amount":600},{"posx":15,"posy":2,"amount":300},{"posx":14,"posy":3,"amount":700},{"posx":8,"posy":4,"amount":50},{"posx":12,"posy":4,"amount":50},{"posx":16,"posy":4,"amount":250},{"posx":17,"posy":4,"amount":650},{"posx":12,"posy":6,"amount":50},{"posx":6,"posy":7,"amount":150},{"posx":8,"posy":7,"amount":100},{"posx":5,"posy":8,"amount":600}],"changedObstacles":[]},{"players":[{"playerId":2299591,"score":750,"energy":33},{"playerId":61319,"score":725,"energy":12},{"playerId":5722,"score":650,"energy":24},{"playerId":2256302,"score":975,"energy":16}],"golds":[{"posx":0,"posy":0,"amount":50},{"posx":3,"posy":1,"amount":400},{"posx":9,"posy":1,"amount":600},{"posx":17,"posy":1,"amount":200},{"posx":12,"posy":2,"amount":600},{"posx":15,"posy":2,"amount":300},{"posx":14,"posy":3,"amount":700},{"posx":12,"posy":4,"amount":50},{"posx":16,"posy":4,"amount":250},{"posx":17,"posy":4,"amount":650},{"posx":12,"posy":6,"amount":50},{"posx":6,"posy":7,"amount":150},{"posx":8,"posy":7,"amount":100},{"posx":5,"posy":8,"amount":600}],"changedObstacles":[{"type":0,"posx":8,"posy":4,"value":-1}]},{"players":[{"playerId":2299591,"score":750,"energy":32},{"playerId":61319,"score":725,"energy":11},{"playerId":5722,"score":650,"energy":23},{"playerId":2256302,"score":975,"energy":15}],"golds":[{"posx":0,"posy":0,"amount":50},{"posx":3,"posy":1,"amount":400},{"posx":9,"posy":1,"amount":600},{"posx":17,"posy":1,"amount":200},{"posx":12,"posy":2,"amount":600},{"posx":15,"posy":2,"amount":300},{"posx":14,"posy":3,"amount":700},{"posx":12,"posy":4,"amount":50},{"posx":16,"posy":4,"amount":250},{"posx":17,"posy":4,"amount":650},{"posx":12,"posy":6,"amount":50},{"posx":6,"posy":7,"amount":150},{"posx":8,"posy":7,"amount":100},{"posx":5,"posy":8,"amount":600}],"changedObstacles":[]},{"players":[{"playerId":2299591,"score":750,"energy":31},{"playerId":61319,"score":725,"energy":7},{"playerId":5722,"score":650,"energy":22},{"playerId":2256302,"score":975,"energy":5}],"golds":[{"posx":0,"posy":0,"amount":50},{"posx":3,"posy":1,"amount":400},{"posx":9,"posy":1,"amount":600},{"posx":17,"posy":1,"amount":200},{"posx":12,"posy":2,"amount":600},{"posx":15,"posy":2,"amount":300},{"posx":14,"posy":3,"amount":700},{"posx":12,"posy":4,"amount":50},{"posx":16,"posy":4,"amount":250},{"posx":17,"posy":4,"amount":650},{"posx":12,"posy":6,"amount":50},{"posx":6,"posy":7,"amount":150},{"posx":8,"posy":7,"amount":100},{"posx":5,"posy":8,"amount":600}],"changedObstacles":[{"type":0,"posx":10,"posy":4,"value":-1}]},{"players":[{"playerId":2299591,"score":750,"energy":30},{"playerId":61319,"score":775,"energy":2},{"playerId":5722,"score":650,"energy":21},{"playerId":2256302,"score":975,"energy":4}],"golds":[{"posx":0,"posy":0,"amount":50},{"posx":3,"posy":1,"amount":350},{"posx":9,"posy":1,"amount":600},{"posx":17,"posy":1,"amount":200},{"posx":12,"posy":2,"amount":600},{"posx":15,"posy":2,"amount":300},{"posx":14,"posy":3,"amount":700},{"posx":12,"posy":4,"amount":50},{"posx":16,"posy":4,"amount":250},{"posx":17,"posy":4,"amount":650},{"posx":12,"posy":6,"amount":50},{"posx":6,"posy":7,"amount":150},{"posx":8,"posy":7,"amount":100},{"posx":5,"posy":8,"amount":600}],"changedObstacles":[]},{"players":[{"playerId":2299591,"score":750,"energy":26},{"playerId":61319,"score":775,"energy":14},{"playerId":5722,"score":650,"energy":20},{"playerId":2256302,"score":975,"energy":16}],"golds":[{"posx":0,"posy":0,"amount":50},{"posx":3,"posy":1,"amount":350},{"posx":9,"posy":1,"amount":600},{"posx":17,"posy":1,"amount":200},{"posx":12,"posy":2,"amount":600},{"posx":15,"posy":2,"amount":300},{"posx":14,"posy":3,"amount":700},{"posx":12,"posy":4,"amount":50},{"posx":16,"posy":4,"amount":250},{"posx":17,"posy":4,"amount":650},{"posx":12,"posy":6,"amount":50},{"posx":6,"posy":7,"amount":150},{"posx":8,"posy":7,"amount":100},{"posx":5,"posy":8,"amount":600}],"changedObstacles":[]},{"players":[{"playerId":2299591,"score":800,"energy":21},{"playerId":61319,"score":775,"energy":30},{"playerId":5722,"score":650,"energy":16},{"playerId":2256302,"score":975,"energy":32}],"golds":[{"posx":0,"posy":0,"amount":50},{"posx":3,"posy":1,"amount":300},{"posx":9,"posy":1,"amount":600},{"posx":17,"posy":1,"amount":200},{"posx":12,"posy":2,"amount":600},{"posx":15,"posy":2,"amount":300},{"posx":14,"posy":3,"amount":700},{"posx":12,"posy":4,"amount":50},{"posx":16,"posy":4,"amount":250},{"posx":17,"posy":4,"amount":650},{"posx":12,"posy":6,"amount":50},{"posx":6,"posy":7,"amount":150},{"posx":8,"posy":7,"amount":100},{"posx":5,"posy":8,"amount":600}],"changedObstacles":[]},{"players":[{"playerId":2299591,"score":850,"energy":16},{"playerId":61319,"score":825,"energy":25},{"playerId":5722,"score":700,"energy":11},{"playerId":2256302,"score":975,"energy":50}],"golds":[{"posx":0,"posy":0,"amount":50},{"posx":3,"posy":1,"amount":150},{"posx":9,"posy":1,"amount":600},{"posx":17,"posy":1,"amount":200},{"posx":12,"posy":2,"amount":600},{"posx":15,"posy":2,"amount":300},{"posx":14,"posy":3,"amount":700},{"posx":12,"posy":4,"amount":50},{"posx":16,"posy":4,"amount":250},{"posx":17,"posy":4,"amount":650},{"posx":12,"posy":6,"amount":50},{"posx":6,"posy":7,"amount":150},{"posx":8,"posy":7,"amount":100},{"posx":5,"posy":8,"amount":600}],"changedObstacles":[]},{"players":[{"playerId":2299591,"score":900,"energy":11},{"playerId":61319,"score":875,"energy":20},{"playerId":5722,"score":750,"energy":6},{"playerId":2256302,"score":975,"energy":46}],"golds":[{"posx":0,"posy":0,"amount":50},{"posx":9,"posy":1,"amount":600},{"posx":17,"posy":1,"amount":200},{"posx":12,"posy":2,"amount":600},{"posx":15,"posy":2,"amount":300},{"posx":14,"posy":3,"amount":700},{"posx":12,"posy":4,"amount":50},{"posx":16,"posy":4,"amount":250},{"posx":17,"posy":4,"amount":650},{"posx":12,"posy":6,"amount":50},{"posx":6,"posy":7,"amount":150},{"posx":8,"posy":7,"amount":100},{"posx":5,"posy":8,"amount":600}],"changedObstacles":[{"type":0,"posx":3,"posy":1,"value":-1}]},{"players":[{"playerId":2299591,"score":900,"energy":23},{"playerId":61319,"score":875,"energy":32},{"playerId":5722,"score":750,"energy":18},{"playerId":2256302,"score":1025,"energy":41}],"golds":[{"posx":0,"posy":0,"amount":50},{"posx":9,"posy":1,"amount":600},{"posx":17,"posy":1,"amount":200},{"posx":12,"posy":2,"amount":600},{"posx":15,"posy":2,"amount":300},{"posx":14,"posy":3,"amount":700},{"posx":16,"posy":4,"amount":250},{"posx":17,"posy":4,"amount":650},{"posx":12,"posy":6,"amount":50},{"posx":6,"posy":7,"amount":150},{"posx":8,"posy":7,"amount":100},{"posx":5,"posy":8,"amount":600}],"changedObstacles":[{"type":0,"posx":12,"posy":4,"value":-1}]},{"players":[{"playerId":2299591,"score":900,"energy":22},{"playerId":61319,"score":875,"energy":16},{"playerId":5722,"score":750,"energy":34},{"playerId":2256302,"score":1025,"energy":40}],"golds":[{"posx":0,"posy":0,"amount":50},{"posx":9,"posy":1,"amount":600},{"posx":17,"posy":1,"amount":200},{"posx":12,"posy":2,"amount":600},{"posx":15,"posy":2,"amount":300},{"posx":14,"posy":3,"amount":700},{"posx":16,"posy":4,"amount":250},{"posx":17,"posy":4,"amount":650},{"posx":12,"posy":6,"amount":50},{"posx":6,"posy":7,"amount":150},{"posx":8,"posy":7,"amount":100},{"posx":5,"posy":8,"amount":600}],"changedObstacles":[]},{"players":[{"playerId":2299591,"score":900,"energy":17},{"playerId":61319,"score":875,"energy":11},{"playerId":5722,"score":750,"energy":33},{"playerId":2256302,"score":1025,"energy":36}],"golds":[{"posx":0,"posy":0,"amount":50},{"posx":9,"posy":1,"amount":600},{"posx":17,"posy":1,"amount":200},{"posx":12,"posy":2,"amount":600},{"posx":15,"posy":2,"amount":300},{"posx":14,"posy":3,"amount":700},{"posx":16,"posy":4,"amount":250},{"posx":17,"posy":4,"amount":650},{"posx":12,"posy":6,"amount":50},{"posx":6,"posy":7,"amount":150},{"posx":8,"posy":7,"amount":100},{"posx":5,"posy":8,"amount":600}],"changedObstacles":[{"type":3,"posx":5,"posy":1,"value":-20},{"type":3,"posx":4,"posy":2,"value":-20}]},{"players":[{"playerId":2299591,"score":900,"energy":29},{"playerId":61319,"score":875,"energy":10},{"playerId":5722,"score":750,"energy":32},{"playerId":2256302,"score":1075,"energy":31}],"golds":[{"posx":0,"posy":0,"amount":50},{"posx":9,"posy":1,"amount":600},{"posx":17,"posy":1,"amount":200},{"posx":12,"posy":2,"amount":550},{"posx":15,"posy":2,"amount":300},{"posx":14,"posy":3,"amount":700},{"posx":16,"posy":4,"amount":250},{"posx":17,"posy":4,"amount":650},{"posx":12,"posy":6,"amount":50},{"posx":6,"posy":7,"amount":150},{"posx":8,"posy":7,"amount":100},{"posx":5,"posy":8,"amount":600}],"changedObstacles":[]},{"players":[{"playerId":2299591,"score":900,"energy":28},{"playerId":61319,"score":875,"energy":22},{"playerId":5722,"score":750,"energy":31},{"playerId":2256302,"score":1125,"energy":26}],"golds":[{"posx":0,"posy":0,"amount":50},{"posx":9,"posy":1,"amount":600},{"posx":17,"posy":1,"amount":200},{"posx":12,"posy":2,"amount":500},{"posx":15,"posy":2,"amount":300},{"posx":14,"posy":3,"amount":700},{"posx":16,"posy":4,"amount":250},{"posx":17,"posy":4,"amount":650},{"posx":12,"posy":6,"amount":50},{"posx":6,"posy":7,"amount":150},{"posx":8,"posy":7,"amount":100},{"posx":5,"posy":8,"amount":600}],"changedObstacles":[]},{"players":[{"playerId":2299591,"score":900,"energy":18},{"playerId":61319,"score":875,"energy":38},{"playerId":5722,"score":750,"energy":21},{"playerId":2256302,"score":1175,"energy":21}],"golds":[{"posx":0,"posy":0,"amount":50},{"posx":9,"posy":1,"amount":600},{"posx":17,"posy":1,"amount":200},{"posx":12,"posy":2,"amount":450},{"posx":15,"posy":2,"amount":300},{"posx":14,"posy":3,"amount":700},{"posx":16,"posy":4,"amount":250},{"posx":17,"posy":4,"amount":650},{"posx":12,"posy":6,"amount":50},{"posx":6,"posy":7,"amount":150},{"posx":8,"posy":7,"amount":100},{"posx":5,"posy":8,"amount":600}],"changedObstacles":[{"type":0,"posx":1,"posy":1,"value":-1},{"type":0,"posx":6,"posy":2,"value":-1}]},{"players":[{"playerId":2299591,"score":900,"energy":30},{"playerId":61319,"score":875,"energy":29},{"playerId":5722,"score":750,"energy":20},{"playerId":2256302,"score":1225,"energy":16}],"golds":[{"posx":0,"posy":0,"amount":50},{"posx":9,"posy":1,"amount":600},{"posx":17,"posy":1,"amount":200},{"posx":12,"posy":2,"amount":400},{"posx":15,"posy":2,"amount":300},{"posx":14,"posy":3,"amount":700},{"posx":16,"posy":4,"amount":250},{"posx":17,"posy":4,"amount":650},{"posx":12,"posy":6,"amount":50},{"posx":6,"posy":7,"amount":150},{"posx":8,"posy":7,"amount":100},{"posx":5,"posy":8,"amount":600}],"changedObstacles":[]},{"players":[{"playerId":2299591,"score":900,"energy":29},{"playerId":61319,"score":875,"energy":28},{"playerId":5722,"score":750,"energy":32},{"playerId":2256302,"score":1275,"energy":11}],"golds":[{"posx":0,"posy":0,"amount":50},{"posx":9,"posy":1,"amount":600},{"posx":17,"posy":1,"amount":200},{"posx":12,"posy":2,"amount":350},{"posx":15,"posy":2,"amount":300},{"posx":14,"posy":3,"amount":700},{"posx":16,"posy":4,"amount":250},{"posx":17,"posy":4,"amount":650},{"posx":12,"posy":6,"amount":50},{"posx":6,"posy":7,"amount":150},{"posx":8,"posy":7,"amount":100},{"posx":5,"posy":8,"amount":600}],"changedObstacles":[]},{"players":[{"playerId":2299591,"score":900,"energy":28},{"playerId":61319,"score":875,"energy":24},{"playerId":5722,"score":750,"energy":28},{"playerId":2256302,"score":1325,"energy":6}],"golds":[{"posx":0,"posy":0,"amount":50},{"posx":9,"posy":1,"amount":600},{"posx":17,"posy":1,"amount":200},{"posx":12,"posy":2,"amount":300},{"posx":15,"posy":2,"amount":300},{"posx":14,"posy":3,"amount":700},{"posx":16,"posy":4,"amount":250},{"posx":17,"posy":4,"amount":650},{"posx":12,"posy":6,"amount":50},{"posx":6,"posy":7,"amount":150},{"posx":8,"posy":7,"amount":100},{"posx":5,"posy":8,"amount":600}],"changedObstacles":[]},{"players":[{"playerId":2299591,"score":900,"energy":27},{"playerId":61319,"score":925,"energy":19},{"playerId":5722,"score":800,"energy":23},{"playerId":2256302,"score":1375,"energy":1}],"golds":[{"posx":9,"posy":1,"amount":550},{"posx":17,"posy":1,"amount":200},{"posx":12,"posy":2,"amount":250},{"posx":15,"posy":2,"amount":300},{"posx":14,"posy":3,"amount":700},{"posx":16,"posy":4,"amount":250},{"posx":17,"posy":4,"amount":650},{"posx":12,"posy":6,"amount":50},{"posx":6,"posy":7,"amount":150},{"posx":8,"posy":7,"amount":100},{"posx":5,"posy":8,"amount":600}],"changedObstacles":[{"type":0,"posx":0,"posy":0,"value":-1}]},{"players":[{"playerId":2299591,"score":900,"energy":23},{"playerId":61319,"score":975,"energy":14},{"playerId":5722,"score":800,"energy":22},{"playerId":2256302,"score":1375,"energy":13}],"golds":[{"posx":9,"posy":1,"amount":500},{"posx":17,"posy":1,"amount":200},{"posx":12,"posy":2,"amount":250},{"posx":15,"posy":2,"amount":300},{"posx":14,"posy":3,"amount":700},{"posx":16,"posy":4,"amount":250},{"posx":17,"posy":4,"amount":650},{"posx":12,"posy":6,"amount":50},{"posx":6,"posy":7,"amount":150},{"posx":8,"posy":7,"amount":100},{"posx":5,"posy":8,"amount":600}],"changedObstacles":[]},{"players":[{"playerId":2299591,"score":950,"energy":18},{"playerId":61319,"score":1025,"energy":9},{"playerId":5722,"score":800,"energy":21},{"playerId":2256302,"score":1375,"energy":29}],"golds":[{"posx":9,"posy":1,"amount":400},{"posx":17,"posy":1,"amount":200},{"posx":12,"posy":2,"amount":250},{"posx":15,"posy":2,"amount":300},{"posx":14,"posy":3,"amount":700},{"posx":16,"posy":4,"amount":250},{"posx":17,"posy":4,"amount":650},{"posx":12,"posy":6,"amount":50},{"posx":6,"posy":7,"amount":150},{"posx":8,"posy":7,"amount":100},{"posx":5,"posy":8,"amount":600}],"changedObstacles":[]},{"players":[{"playerId":2299591,"score":1000,"energy":13},{"playerId":61319,"score":1075,"energy":4},{"playerId":5722,"score":800,"energy":20},{"playerId":2256302,"score":1375,"energy":50}],"golds":[{"posx":9,"posy":1,"amount":300},{"posx":17,"posy":1,"amount":200},{"posx":12,"posy":2,"amount":250},{"posx":15,"posy":2,"amount":300},{"posx":14,"posy":3,"amount":700},{"posx":16,"posy":4,"amount":250},{"posx":17,"posy":4,"amount":650},{"posx":12,"posy":6,"amount":50},{"posx":6,"posy":7,"amount":150},{"posx":8,"posy":7,"amount":100},{"posx":5,"posy":8,"amount":600}],"changedObstacles":[]},{"players":[{"playerId":2299591,"score":1050,"energy":8},{"playerId":61319,"score":1075,"energy":16},{"playerId":5722,"score":800,"energy":19},{"playerId":2256302,"score":1425,"energy":45}],"golds":[{"posx":9,"posy":1,"amount":250},{"posx":17,"posy":1,"amount":200},{"posx":12,"posy":2,"amount":200},{"posx":15,"posy":2,"amount":300},{"posx":14,"posy":3,"amount":700},{"posx":16,"posy":4,"amount":250},{"posx":17,"posy":4,"amount":650},{"posx":12,"posy":6,"amount":50},{"posx":6,"posy":7,"amount":150},{"posx":8,"posy":7,"amount":100},{"posx":5,"posy":8,"amount":600}],"changedObstacles":[]},{"players":[{"playerId":2299591,"score":1100,"energy":3},{"playerId":61319,"score":1125,"energy":11},{"playerId":5722,"score":800,"energy":31},{"playerId":2256302,"score":1475,"energy":40}],"golds":[{"posx":9,"posy":1,"amount":150},{"posx":17,"posy":1,"amount":200},{"posx":12,"posy":2,"amount":150},{"posx":15,"posy":2,"amount":300},{"posx":14,"posy":3,"amount":700},{"posx":16,"posy":4,"amount":250},{"posx":17,"posy":4,"amount":650},{"posx":12,"posy":6,"amount":50},{"posx":6,"posy":7,"amount":150},{"posx":8,"posy":7,"amount":100},{"posx":5,"posy":8,"amount":600}],"changedObstacles":[]},{"players":[{"playerId":2299591,"score":1100,"energy":15},{"playerId":61319,"score":1175,"energy":6},{"playerId":5722,"score":800,"energy":30},{"playerId":2256302,"score":1525,"energy":35}],"golds":[{"posx":9,"posy":1,"amount":100},{"posx":17,"posy":1,"amount":200},{"posx":12,"posy":2,"amount":100},{"posx":15,"posy":2,"amount":300},{"posx":14,"posy":3,"amount":700},{"posx":16,"posy":4,"amount":250},{"posx":17,"posy":4,"amount":650},{"posx":12,"posy":6,"amount":50},{"posx":6,"posy":7,"amount":150},{"posx":8,"posy":7,"amount":100},{"posx":5,"posy":8,"amount":600}],"changedObstacles":[]},{"players":[{"playerId":2299591,"score":1150,"energy":10},{"playerId":61319,"score":1225,"energy":1},{"playerId":5722,"score":800,"energy":29},{"playerId":2256302,"score":1575,"energy":30}],"golds":[{"posx":17,"posy":1,"amount":200},{"posx":12,"posy":2,"amount":50},{"posx":15,"posy":2,"amount":300},{"posx":14,"posy":3,"amount":700},{"posx":16,"posy":4,"amount":250},{"posx":17,"posy":4,"amount":650},{"posx":12,"posy":6,"amount":50},{"posx":6,"posy":7,"amount":150},{"posx":8,"posy":7,"amount":100},{"posx":5,"posy":8,"amount":600}],"changedObstacles":[{"type":0,"posx":9,"posy":1,"value":-1}]},{"players":[{"playerId":2299591,"score":1150,"energy":22},{"playerId":61319,"score":1225,"energy":13},{"playerId":5722,"score":800,"energy":28},{"playerId":2256302,"score":1625,"energy":25}],"golds":[{"posx":17,"posy":1,"amount":200},{"posx":15,"posy":2,"amount":300},{"posx":14,"posy":3,"amount":700},{"posx":16,"posy":4,"amount":250},{"posx":17,"posy":4,"amount":650},{"posx":12,"posy":6,"amount":50},{"posx":6,"posy":7,"amount":150},{"posx":8,"posy":7,"amount":100},{"posx":5,"posy":8,"amount":600}],"changedObstacles":[{"type":0,"posx":12,"posy":2,"value":-1}]},{"players":[{"playerId":2299591,"score":1150,"energy":21},{"playerId":61319,"score":1225,"energy":29},{"playerId":5722,"score":800,"energy":27},{"playerId":2256302,"score":1625,"energy":24}],"golds":[{"posx":17,"posy":1,"amount":200},{"posx":15,"posy":2,"amount":300},{"posx":14,"posy":3,"amount":700},{"posx":16,"posy":4,"amount":250},{"posx":17,"posy":4,"amount":650},{"posx":12,"posy":6,"amount":50},{"posx":6,"posy":7,"amount":150},{"posx":8,"posy":7,"amount":100},{"posx":5,"posy":8,"amount":600}],"changedObstacles":[]},{"players":[{"playerId":2299591,"score":1150,"energy":20},{"playerId":61319,"score":1225,"energy":50},{"playerId":5722,"score":800,"energy":26},{"playerId":2256302,"score":1625,"energy":6}],"golds":[{"posx":17,"posy":1,"amount":200},{"posx":15,"posy":2,"amount":300},{"posx":14,"posy":3,"amount":700},{"posx":16,"posy":4,"amount":250},{"posx":17,"posy":4,"amount":650},{"posx":12,"posy":6,"amount":50},{"posx":6,"posy":7,"amount":150},{"posx":8,"posy":7,"amount":100},{"posx":5,"posy":8,"amount":600}],"changedObstacles":[]},{"players":[{"playerId":2299591,"score":1150,"energy":19},{"playerId":61319,"score":1225,"energy":40},{"playerId":5722,"score":800,"energy":21},{"playerId":2256302,"score":1625,"energy":2}],"golds":[{"posx":17,"posy":1,"amount":200},{"posx":15,"posy":2,"amount":300},{"posx":14,"posy":3,"amount":700},{"posx":16,"posy":4,"amount":250},{"posx":17,"posy":4,"amount":650},{"posx":12,"posy":6,"amount":50},{"posx":6,"posy":7,"amount":150},{"posx":8,"posy":7,"amount":100},{"posx":5,"posy":8,"amount":600}],"changedObstacles":[{"type":0,"posx":9,"posy":2,"value":-1},{"type":3,"posx":3,"posy":7,"value":-20}]},{"players":[{"playerId":2299591,"score":1150,"energy":31},{"playerId":61319,"score":1225,"energy":39},{"playerId":5722,"score":800,"energy":11},{"playerId":2256302,"score":1625,"energy":14}],"golds":[{"posx":17,"posy":1,"amount":200},{"posx":15,"posy":2,"amount":300},{"posx":14,"posy":3,"amount":700},{"posx":16,"posy":4,"amount":250},{"posx":17,"posy":4,"amount":650},{"posx":12,"posy":6,"amount":50},{"posx":6,"posy":7,"amount":150},{"posx":8,"posy":7,"amount":100},{"posx":5,"posy":8,"amount":600}],"changedObstacles":[{"type":0,"posx":4,"posy":7,"value":-1}]},{"players":[{"playerId":2299591,"score":1150,"energy":30},{"playerId":61319,"score":1225,"energy":38},{"playerId":5722,"score":800,"energy":10},{"playerId":2256302,"score":1625,"energy":30}],"golds":[{"posx":17,"posy":1,"amount":200},{"posx":15,"posy":2,"amount":300},{"posx":14,"posy":3,"amount":700},{"posx":16,"posy":4,"amount":250},{"posx":17,"posy":4,"amount":650},{"posx":12,"posy":6,"amount":50},{"posx":6,"posy":7,"amount":150},{"posx":8,"posy":7,"amount":100},{"posx":5,"posy":8,"amount":600}],"changedObstacles":[]},{"players":[{"playerId":2299591,"score":1150,"energy":29},{"playerId":61319,"score":1225,"energy":37},{"playerId":5722,"score":800,"energy":22},{"playerId":2256302,"score":1625,"energy":50}],"golds":[{"posx":17,"posy":1,"amount":200},{"posx":15,"posy":2,"amount":300},{"posx":14,"posy":3,"amount":700},{"posx":16,"posy":4,"amount":250},{"posx":17,"posy":4,"amount":650},{"posx":12,"posy":6,"amount":50},{"posx":6,"posy":7,"amount":150},{"posx":8,"posy":7,"amount":100},{"posx":5,"posy":8,"amount":600}],"changedObstacles":[]},{"players":[{"playerId":2299591,"score":1150,"energy":28},{"playerId":61319,"score":1225,"energy":36},{"playerId":5722,"score":800,"energy":18},{"playerId":2256302,"score":1675,"energy":45}],"golds":[{"posx":17,"posy":1,"amount":200},{"posx":15,"posy":2,"amount":300},{"posx":14,"posy":3,"amount":650},{"posx":16,"posy":4,"amount":250},{"posx":17,"posy":4,"amount":650},{"posx":12,"posy":6,"amount":50},{"posx":6,"posy":7,"amount":150},{"posx":8,"posy":7,"amount":100},{"posx":5,"posy":8,"amount":600}],"changedObstacles":[]},{"players":[{"playerId":2299591,"score":1150,"energy":24},{"playerId":61319,"score":1225,"energy":35},{"playerId":5722,"score":850,"energy":13},{"playerId":2256302,"score":1725,"energy":40}],"golds":[{"posx":17,"posy":1,"amount":200},{"posx":15,"posy":2,"amount":300},{"posx":14,"posy":3,"amount":600},{"posx":16,"posy":4,"amount":250},{"posx":17,"posy":4,"amount":650},{"posx":12,"posy":6,"amount":50},{"posx":6,"posy":7,"amount":100},{"posx":8,"posy":7,"amount":100},{"posx":5,"posy":8,"amount":600}],"changedObstacles":[]},{"players":[{"playerId":2299591,"score":1200,"energy":19},{"playerId":61319,"score":1225,"energy":30},{"playerId":5722,"score":900,"energy":8},{"playerId":2256302,"score":1775,"energy":35}],"golds":[{"posx":17,"posy":1,"amount":200},{"posx":15,"posy":2,"amount":300},{"posx":14,"posy":3,"amount":550},{"posx":16,"posy":4,"amount":250},{"posx":17,"posy":4,"amount":650},{"posx":12,"posy":6,"amount":50},{"posx":6,"posy":7,"amount":50},{"posx":8,"posy":7,"amount":50},{"posx":5,"posy":8,"amount":600}],"changedObstacles":[{"type":3,"posx":13,"posy":4,"value":-20}]},{"players":[{"playerId":2299591,"score":1250,"energy":14},{"playerId":61319,"score":1225,"energy":25},{"playerId":5722,"score":900,"energy":20},{"playerId":2256302,"score":1825,"energy":30}],"golds":[{"posx":17,"posy":1,"amount":200},{"posx":15,"posy":2,"amount":300},{"posx":14,"posy":3,"amount":500},{"posx":16,"posy":4,"amount":250},{"posx":17,"posy":4,"amount":650},{"posx":12,"posy":6,"amount":50},{"posx":6,"posy":7,"amount":50},{"posx":5,"posy":8,"amount":600}],"changedObstacles":[{"type":3,"posx":14,"posy":4,"value":-20},{"type":0,"posx":8,"posy":7,"value":-1}]},{"players":[{"playerId":2299591,"score":1250,"energy":26},{"playerId":61319,"score":1225,"energy":24},{"playerId":5722,"score":950,"energy":15},{"playerId":2256302,"score":1875,"energy":25}],"golds":[{"posx":17,"posy":1,"amount":200},{"posx":15,"posy":2,"amount":300},{"posx":14,"posy":3,"amount":450},{"posx":16,"posy":4,"amount":250},{"posx":17,"posy":4,"amount":650},{"posx":12,"posy":6,"amount":50},{"posx":5,"posy":8,"amount":600}],"changedObstacles":[{"type":0,"posx":6,"posy":7,"value":-1}]},{"players":[{"playerId":2299591,"score":1250,"energy":25},{"playerId":61319,"score":1225,"energy":20},{"playerId":5722,"score":950,"energy":14},{"playerId":2256302,"score":1925,"energy":20}],"golds":[{"posx":17,"posy":1,"amount":200},{"posx":15,"posy":2,"amount":300},{"posx":14,"posy":3,"amount":400},{"posx":16,"posy":4,"amount":250},{"posx":17,"posy":4,"amount":650},{"posx":12,"posy":6,"amount":50},{"posx":5,"posy":8,"amount":600}],"changedObstacles":[]},{"players":[{"playerId":2299591,"score":1250,"energy":15},{"playerId":61319,"score":1275,"energy":15},{"playerId":5722,"score":950,"energy":10},{"playerId":2256302,"score":1975,"energy":15}],"golds":[{"posx":17,"posy":1,"amount":200},{"posx":15,"posy":2,"amount":300},{"posx":14,"posy":3,"amount":350},{"posx":16,"posy":4,"amount":200},{"posx":17,"posy":4,"amount":650},{"posx":12,"posy":6,"amount":50},{"posx":5,"posy":8,"amount":600}],"changedObstacles":[{"type":0,"posx":7,"posy":8,"value":-1}]},{"players":[{"playerId":2299591,"score":1250,"energy":27},{"playerId":61319,"score":1325,"energy":10},{"playerId":5722,"score":950,"energy":22},{"playerId":2256302,"score":2025,"energy":10}],"golds":[{"posx":17,"posy":1,"amount":200},{"posx":15,"posy":2,"amount":300},{"posx":14,"posy":3,"amount":300},{"posx":16,"posy":4,"amount":150},{"posx":17,"posy":4,"amount":650},{"posx":12,"posy":6,"amount":50},{"posx":5,"posy":8,"amount":600}],"changedObstacles":[]},{"players":[{"playerId":2299591,"score":1250,"energy":26},{"playerId":61319,"score":1375,"energy":5},{"playerId":5722,"score":1000,"energy":17},{"playerId":2256302,"score":2075,"energy":5}],"golds":[{"posx":17,"posy":1,"amount":200},{"posx":15,"posy":2,"amount":300},{"posx":14,"posy":3,"amount":250},{"posx":16,"posy":4,"amount":100},{"posx":17,"posy":4,"amount":650},{"posx":12,"posy":6,"amount":50},{"posx":5,"posy":8,"amount":550}],"changedObstacles":[]},{"players":[{"playerId":2299591,"score":1250,"energy":22},{"playerId":61319,"score":1375,"energy":17},{"playerId":5722,"score":1050,"energy":12},{"playerId":2256302,"score":2075,"energy":17}],"golds":[{"posx":17,"posy":1,"amount":200},{"posx":15,"posy":2,"amount":300},{"posx":14,"posy":3,"amount":250},{"posx":16,"posy":4,"amount":100},{"posx":17,"posy":4,"amount":650},{"posx":12,"posy":6,"amount":50},{"posx":5,"posy":8,"amount":500}],"changedObstacles":[]},{"players":[{"playerId":2299591,"score":1300,"energy":17},{"playerId":61319,"score":1425,"energy":12},{"playerId":5722,"score":1100,"energy":7},{"playerId":2256302,"score":2075,"energy":33}],"golds":[{"posx":17,"posy":1,"amount":200},{"posx":15,"posy":2,"amount":300},{"posx":14,"posy":3,"amount":250},{"posx":16,"posy":4,"amount":50},{"posx":17,"posy":4,"amount":650},{"posx":12,"posy":6,"amount":50},{"posx":5,"posy":8,"amount":400}],"changedObstacles":[]},{"players":[{"playerId":2299591,"score":1350,"energy":12},{"playerId":61319,"score":1475,"energy":7},{"playerId":5722,"score":1100,"energy":19},{"playerId":2256302,"score":2125,"energy":28}],"golds":[{"posx":17,"posy":1,"amount":200},{"posx":15,"posy":2,"amount":300},{"posx":14,"posy":3,"amount":200},{"posx":17,"posy":4,"amount":650},{"posx":12,"posy":6,"amount":50},{"posx":5,"posy":8,"amount":350}],"changedObstacles":[{"type":0,"posx":16,"posy":4,"value":-1}]},{"players":[{"playerId":2299591,"score":1400,"energy":7},{"playerId":61319,"score":1475,"energy":3},{"playerId":5722,"score":1150,"energy":14},{"playerId":2256302,"score":2175,"energy":23}],"golds":[{"posx":17,"posy":1,"amount":200},{"posx":15,"posy":2,"amount":300},{"posx":14,"posy":3,"amount":150},{"posx":17,"posy":4,"amount":650},{"posx":12,"posy":6,"amount":50},{"posx":5,"posy":8,"amount":250}],"changedObstacles":[]},{"players":[{"playerId":2299591,"score":1450,"energy":2},{"playerId":61319,"score":1475,"energy":15},{"playerId":5722,"score":1200,"energy":9},{"playerId":2256302,"score":2225,"energy":18}],"golds":[{"posx":17,"posy":1,"amount":200},{"posx":15,"posy":2,"amount":300},{"posx":14,"posy":3,"amount":100},{"posx":17,"posy":4,"amount":650},{"posx":12,"posy":6,"amount":50},{"posx":5,"posy":8,"amount":150}],"changedObstacles":[]},{"players":[{"playerId":2299591,"score":1450,"energy":14},{"playerId":61319,"score":1475,"energy":31},{"playerId":5722,"score":1200,"energy":21},{"playerId":2256302,"score":2275,"energy":13}],"golds":[{"posx":17,"posy":1,"amount":200},{"posx":15,"posy":2,"amount":300},{"posx":14,"posy":3,"amount":50},{"posx":17,"posy":4,"amount":650},{"posx":12,"posy":6,"amount":50},{"posx":5,"posy":8,"amount":150}],"changedObstacles":[]},{"players":[{"playerId":2299591,"score":1500,"energy":9},{"playerId":61319,"score":1525,"energy":26},{"playerId":5722,"score":1250,"energy":16},{"playerId":2256302,"score":2325,"energy":8}],"golds":[{"posx":17,"posy":1,"amount":200},{"posx":15,"posy":2,"amount":300},{"posx":17,"posy":4,"amount":600},{"posx":12,"posy":6,"amount":50},{"posx":5,"posy":8,"amount":50}],"changedObstacles":[{"type":0,"posx":14,"posy":3,"value":-1}]},{"players":[{"playerId":2299591,"score":1525,"energy":4},{"playerId":61319,"score":1575,"energy":21},{"playerId":5722,"score":1275,"energy":11},{"playerId":2256302,"score":2325,"energy":7}],"golds":[{"posx":17,"posy":1,"amount":200},{"posx":15,"posy":2,"amount":300},{"posx":17,"posy":4,"amount":550},{"posx":12,"posy":6,"amount":50}],"changedObstacles":[{"type":0,"posx":5,"posy":8,"value":-1}]},{"players":[{"playerId":2299591,"score":1525,"energy":16},{"playerId":61319,"score":1625,"energy":16},{"playerId":5722,"score":1275,"energy":10},{"playerId":2256302,"score":2325,"energy":3}],"golds":[{"posx":17,"posy":1,"amount":200},{"posx":15,"posy":2,"amount":300},{"posx":17,"posy":4,"amount":500},{"posx":12,"posy":6,"amount":50}],"changedObstacles":[]},{"players":[{"playerId":2299591,"score":1525,"energy":32},{"playerId":61319,"score":1675,"energy":11},{"playerId":5722,"score":1275,"energy":22},{"playerId":2256302,"score":2325,"energy":15}],"golds":[{"posx":17,"posy":1,"amount":200},{"posx":15,"posy":2,"amount":300},{"posx":17,"posy":4,"amount":450},{"posx":12,"posy":6,"amount":50}],"changedObstacles":[]},{"players":[{"playerId":2299591,"score":1525,"energy":31},{"playerId":61319,"score":1725,"energy":6},{"playerId":5722,"score":1275,"energy":21},{"playerId":2256302,"score":2325,"energy":31}],"golds":[{"posx":17,"posy":1,"amount":200},{"posx":15,"posy":2,"amount":300},{"posx":17,"posy":4,"amount":400},{"posx":12,"posy":6,"amount":50}],"changedObstacles":[]},{"players":[{"playerId":2299591,"score":1525,"energy":30},{"playerId":61319,"score":1775,"energy":1},{"playerId":5722,"score":1275,"energy":20},{"playerId":2256302,"score":2375,"energy":26}],"golds":[{"posx":17,"posy":1,"amount":200},{"posx":15,"posy":2,"amount":250},{"posx":17,"posy":4,"amount":350},{"posx":12,"posy":6,"amount":50}],"changedObstacles":[]},{"players":[{"playerId":2299591,"score":1525,"energy":29},{"playerId":61319,"score":1775,"energy":13},{"playerId":5722,"score":1275,"energy":19},{"playerId":2256302,"score":2425,"energy":21}],"golds":[{"posx":17,"posy":1,"amount":200},{"posx":15,"posy":2,"amount":200},{"posx":17,"posy":4,"amount":350},{"posx":12,"posy":6,"amount":50}],"changedObstacles":[]},{"players":[{"playerId":2299591,"score":1525,"energy":28},{"playerId":61319,"score":1775,"energy":29},{"playerId":5722,"score":1275,"energy":18},{"playerId":2256302,"score":2475,"energy":16}],"golds":[{"posx":17,"posy":1,"amount":200},{"posx":15,"posy":2,"amount":150},{"posx":17,"posy":4,"amount":350},{"posx":12,"posy":6,"amount":50}],"changedObstacles":[]},{"players":[{"playerId":2299591,"score":1525,"energy":27},{"playerId":61319,"score":1775,"energy":50},{"playerId":5722,"score":1275,"energy":17},{"playerId":2256302,"score":2525,"energy":11}],"golds":[{"posx":17,"posy":1,"amount":200},{"posx":15,"posy":2,"amount":100},{"posx":17,"posy":4,"amount":350},{"posx":12,"posy":6,"amount":50}],"changedObstacles":[]},{"players":[{"playerId":2299591,"score":1525,"energy":26},{"playerId":61319,"score":1825,"energy":45},{"playerId":5722,"score":1275,"energy":12},{"playerId":2256302,"score":2575,"energy":6}],"golds":[{"posx":17,"posy":1,"amount":200},{"posx":15,"posy":2,"amount":50},{"posx":17,"posy":4,"amount":300},{"posx":12,"posy":6,"amount":50}],"changedObstacles":[{"type":3,"posx":10,"posy":8,"value":-20}]},{"players":[{"playerId":2299591,"score":1525,"energy":25},{"playerId":61319,"score":1875,"energy":40},{"playerId":5722,"score":1275,"energy":2},{"playerId":2256302,"score":2625,"energy":1}],"golds":[{"posx":17,"posy":1,"amount":200},{"posx":17,"posy":4,"amount":250},{"posx":12,"posy":6,"amount":50}],"changedObstacles":[{"type":0,"posx":10,"posy":7,"value":-1},{"type":0,"posx":15,"posy":2,"value":-1}]},{"players":[{"playerId":2299591,"score":1525,"energy":24},{"playerId":61319,"score":1925,"energy":35},{"playerId":5722,"score":1275,"energy":14},{"playerId":2256302,"score":2625,"energy":13}],"golds":[{"posx":17,"posy":1,"amount":200},{"posx":17,"posy":4,"amount":200},{"posx":12,"posy":6,"amount":50}],"changedObstacles":[]},{"players":[{"playerId":2299591,"score":1525,"energy":23},{"playerId":61319,"score":1975,"energy":30},{"playerId":5722,"score":1275,"energy":4},{"playerId":2256302,"score":2625,"energy":29}],"golds":[{"posx":17,"posy":1,"amount":200},{"posx":17,"posy":4,"amount":150},{"posx":12,"posy":6,"amount":50}],"changedObstacles":[{"type":0,"posx":11,"posy":7,"value":-1}]},{"players":[{"playerId":2299591,"score":1525,"energy":22},{"playerId":61319,"score":2025,"energy":25},{"playerId":5722,"score":1275,"energy":16},{"playerId":2256302,"score":2625,"energy":28}],"golds":[{"posx":17,"posy":1,"amount":200},{"posx":17,"posy":4,"amount":100},{"posx":12,"posy":6,"amount":50}],"changedObstacles":[]},{"players":[{"playerId":2299591,"score":1525,"energy":21},{"playerId":61319,"score":2075,"energy":20},{"playerId":5722,"score":1275,"energy":32},{"playerId":2256302,"score":2625,"energy":23}],"golds":[{"posx":17,"posy":1,"amount":200},{"posx":17,"posy":4,"amount":50},{"posx":12,"posy":6,"amount":50}],"changedObstacles":[{"type":3,"posx":16,"posy":1,"value":-20}]},{"players":[{"playerId":2299591,"score":1525,"energy":20},{"playerId":61319,"score":2125,"energy":15},{"playerId":5722,"score":1275,"energy":12},{"playerId":2256302,"score":2625,"energy":19}],"golds":[{"posx":17,"posy":1,"amount":200},{"posx":12,"posy":6,"amount":50}],"changedObstacles":[{"type":0,"posx":17,"posy":4,"value":-1}]},{"players":[{"playerId":2299591,"score":1525,"energy":16},{"playerId":61319,"score":2125,"energy":27},{"playerId":5722,"score":1275,"energy":8},{"playerId":2256302,"score":2675,"energy":14}],"golds":[{"posx":17,"posy":1,"amount":150},{"posx":12,"posy":6,"amount":50}],"changedObstacles":[]},{"players":[{"playerId":2299591,"score":1575,"energy":11},{"playerId":61319,"score":2125,"energy":43},{"playerId":5722,"score":1275,"energy":20},{"playerId":2256302,"score":2725,"energy":9}],"golds":[{"posx":17,"posy":1,"amount":100}],"changedObstacles":[{"type":0,"posx":12,"posy":6,"value":-1}]},{"players":[{"playerId":2299591,"score":1575,"energy":23},{"playerId":61319,"score":2125,"energy":50},{"playerId":5722,"score":1275,"energy":36},{"playerId":2256302,"score":2775,"energy":4}],"golds":[{"posx":17,"posy":1,"amount":50}],"changedObstacles":[]},{"players":[{"playerId":2299591,"score":1575,"energy":22},{"playerId":61319,"score":2125,"energy":37},{"playerId":5722,"score":1275,"energy":35},{"playerId":2256302,"score":2775,"energy":16}],"golds":[{"posx":17,"posy":1,"amount":50}],"changedObstacles":[]},{"players":[{"playerId":2299591,"score":1575,"energy":21},{"playerId":61319,"score":2125,"energy":28},{"playerId":5722,"score":1275,"energy":34},{"playerId":2256302,"score":2825,"energy":11}],"golds":[],"changedObstacles":[{"type":0,"posx":17,"posy":1,"value":-1}]}]