[{"players":[{"playerId":2410245,"score":0,"energy":46},{"playerId":2636282,"score":0,"energy":46},{"playerId":239305,"score":0,"energy":46},{"playerId":2238718,"score":0,"energy":46}],"golds":[{"posx":8,"posy":4,"amount":50},{"posx":16,"posy":4,"amount":250},{"posx":7,"posy":4,"amount":750},{"posx":17,"posy":4,"amount":650},{"posx":4,"posy":4,"amount":450},{"posx":12,"posy":4,"amount":50},{"posx":9,"posy":1,"amount":600},{"posx":14,"posy":3,"amount":700},{"posx":12,"posy":2,"amount":600},{"posx":0,"posy":0,"amount":50},{"posx":6,"posy":7,"amount":150},{"posx":1,"posy":3,"amount":550},{"posx":3,"posy":1,"amount":400},{"posx":5,"posy":8,"amount":600},{"posx":3,"posy":5,"amount":600},{"posx":8,"posy":7,"amount":100},{"posx":5,"posy":3,"amount":700},{"posx":17,"posy":1,"amount":200},{"posx":15,"posy":2,"amount":300},{"posx":12,"posy":6,"amount":50}],"changedObstacles":[]},{"players":[{"playerId":2410245,"score":50,"energy":41},{"playerId":2636282,"score":50,"energy":41},{"playerId":239305,"score":50,"energy":41},{"playerId":2238718,"score":0,"energy":41}],"golds":[{"posx":0,"posy":0,"amount":50},{"posx":3,"posy":1,"amount":400},{"posx":9,"posy":1,"amount":600},{"posx":17,"posy":1,"amount":200},{"posx":12,"posy":2,"amount":600},{"posx":15,"posy":2,"amount":300},{"posx":1,"posy":3,"amount":550},{"posx":5,"posy":3,"amount":600},{"posx":14,"posy":3,"amount":700},{"posx":4,"posy":4,"amount":400},{"posx":7,"posy":4,"amount":750},{"posx":8,"posy":4,"amount":50},{"posx":12,"posy":4,"amount":50},{"posx":16,"posy":4,"amount":250},{"posx":17,"posy":4,"amount":650},{"posx":3,"posy":5,"amount":600},{"posx":12,"posy":6,"amount":50},{"posx":6,"posy":7,"amount":150},{"posx":8,"posy":7,"amount":100},{"posx":5,"posy":8,"amount":600}],"changedObstacles":[{"type":3,"posx":5,"posy":4,"value":-20}]},{"players":[{"playerId":2410245,"score":100,"energy":36},{"playerId":2636282,"score":100,"energy":36},{"playerId":239305,"score":100,"energy":36},{"playerId":2238718,"score":0,"energy":31}],"golds":[{"posx":0,"posy":0,"amount":50},{"posx":3,"posy":1,"amount":400},{"posx":9,"posy":1,"amount":600},{"posx":17,"posy":1,"amount":200},{"posx":12,"posy":2,"amount":600},{"posx":15,"posy":2,"amount":300},{"posx":1,"posy":3,"amount":550},{"posx":5,"posy":3,"amount":500},{"posx":14,"posy":3,"amount":700},{"posx":4,"posy":4,"amount":350},{"posx":7,"posy":4,"amount":750},{"posx":8,"posy":4,"amount":50},{"posx":12,"posy":4,"amount":50},{"posx":16,"posy":4,"amount":250},{"posx":17,"posy":4,"amount":650},{"posx":3,"posy":5,"amount":600},{"posx":12,"posy":6,"amount":50},{"posx":6,"posy":7,"amount":150},{"posx":8,"posy":7,"amount":100},{"posx":5,"posy":8,"amount":600}],"changedObstacles":[{"type":0,"posx":6,"posy":4,"value":-1}]},{"players":[{"playerId":2410245,"score":150,"energy":31},{"playerId":2636282,"score":150,"energy":31},{"playerId":239305,"score":150,"energy":31},{"playerId":2238718,"score":0,"energy":27}],"golds":[{"posx":0,"posy":0,"amount":50},{"posx":3,"posy":1,"amount":400},{"posx":9,"posy":1,"amount":600},{"posx":17,"posy":1,"amount":200},{"posx":12,"posy":2,"amount":600},{"posx":15,"posy":2,"amount":300},{"posx":1,"posy":3,"amount":550},{"posx":5,"posy":3,"amount":400},{"posx":14,"posy":3,"amount":700},{"posx":4,"posy":4,"amount":300},{"posx":7,"posy":4,"amount":750},{"posx":8,"posy":4,"amount":50},{"posx":12,"posy":4,"amount":50},{"posx":16,"posy":4,"amount":250},{"posx":17,"posy":4,"amount":650},{"posx":3,"posy":5,"amount":600},{"posx":12,"posy":6,"amount":50},{"posx":6,"posy":7,"amount":150},{"posx":8,"posy":7,"amount":100},{"posx":5,"posy":8,"amount":600}],"changedObstacles":[]},{"players":[{"playerId":2410245,"score":200,"energy":26},{"playerId":2636282,"score":200,"energy":26},{"playerId":239305,"score":200,"energy":26},{"playerId":2238718,"score":0,"energy":39}],"golds":[{"posx":0,"posy":0,"amount":50},{"posx":3,"posy":1,"amount":400},{"posx":9,"posy":1,"amount":600},{"posx":17,"posy":1,"amount":200},{"posx":12,"posy":2,"amount":600},{"posx":15,"posy":2,"amount":300},{"posx":1,"posy":3,"amount":550},{"posx":5,"posy":3,"amount":300},{"posx":14,"posy":3,"amount":700},{"posx":4,"posy":4,"amount":250},{"posx":7,"posy":4,"amount":750},{"posx":8,"posy":4,"amount":50},{"posx":12,"posy":4,"amount":50},{"posx":16,"posy":4,"amount":250},{"posx":17,"posy":4,"amount":650},{"posx":3,"posy":5,"amount":600},{"posx":12,"posy":6,"amount":50},{"posx":6,"posy":7,"amount":150},{"posx":8,"posy":7,"amount":100},{"posx":5,"posy":8,"amount":600}],"changedObstacles":[]},{"players":[{"playerId":2410245,"score":250,"energy":21},{"playerId":2636282,"score":250,"energy":21},{"playerId":239305,"score":250,"energy":21},{"playerId":2238718,"score":50,"energy":34}],"golds":[{"posx":0,"posy":0,"amount":50},{"posx":3,"posy":1,"amount":400},{"posx":9,"posy":1,"amount":600},{"posx":17,"posy":1,"amount":200},{"posx":12,"posy":2,"amount":600},{"posx":15,"posy":2,"amount":300},{"posx":1,"posy":3,"amount":550},{"posx":5,"posy":3,"amount":200},{"posx":14,"posy":3,"amount":700},{"posx":4,"posy":4,"amount":200},{"posx":7,"posy":4,"amount":700},{"posx":8,"posy":4,"amount":50},{"posx":12,"posy":4,"amount":50},{"posx":16,"posy":4,"amount":250},{"posx":17,"posy":4,"amount":650},{"posx":3,"posy":5,"amount":600},{"posx":12,"posy":6,"amount":50},{"posx":6,"posy":7,"amount":150},{"posx":8,"posy":7,"amount":100},{"posx":5,"posy":8,"amount":600}],"changedObstacles":[]},{"players":[{"playerId":2410245,"score":300,"energy":16},{"playerId":2636282,"score":300,"energy":16},{"playerId":239305,"score":300,"energy":16},{"playerId":2238718,"score":100,"energy":29}],"golds":[{"posx":0,"posy":0,"amount":50},{"posx":3,"posy":1,"amount":400},{"posx":9,"posy":1,"amount":600},{"posx":17,"posy":1,"amount":200},{"posx":12,"posy":2,"amount":600},{"posx":15,"posy":2,"amount":300},{"posx":1,"posy":3,"amount":550},{"posx":5,"posy":3,"amount":100},{"posx":14,"posy":3,"amount":700},{"posx":4,"posy":4,"amount":150},{"posx":7,"posy":4,"amount":650},{"posx":8,"posy":4,"amount":50},{"posx":12,"posy":4,"amount":50},{"posx":16,"posy":4,"amount":250},{"posx":17,"posy":4,"amount":650},{"posx":3,"posy":5,"amount":600},{"posx":12,"posy":6,"amount":50},{"posx":6,"posy":7,"amount":150},{"posx":8,"posy":7,"amount":100},{"posx":5,"posy":8,"amount":600}],"changedObstacles":[]},{"players":[{"playerId":2410245,"score":350,"energy":11},{"playerId":2636282,"score":350,"energy":11},{"playerId":239305,"score":350,"energy":11},{"playerId":2238718,"score":100,"energy":41}],"golds":[{"posx":0,"posy":0,"amount":50},{"posx":3,"posy":1,"amount":400},{"posx":9,"posy":1,"amount":600},{"posx":17,"posy":1,"amount":200},{"posx":12,"posy":2,"amount":600},{"posx":15,"posy":2,"amount":300},{"posx":1,"posy":3,"amount":550},{"posx":14,"posy":3,"amount":700},{"posx":4,"posy":4,"amount":100},{"posx":7,"posy":4,"amount":650},{"posx":8,"posy":4,"amount":50},{"posx":12,"posy":4,"amount":50},{"posx":16,"posy":4,"amount":250},{"posx":17,"posy":4,"amount":650},{"posx":3,"posy":5,"amount":600},{"posx":12,"posy":6,"amount":50},{"posx":6,"posy":7,"amount":150},{"posx":8,"posy":7,"amount":100},{"posx":5,"posy":8,"amount":600}],"changedObstacles":[{"type":0,"posx":5,"posy":3,"value":-1}]},{"players":[{"playerId":2410245,"score":350,"energy":10},{"playerId":2636282,"score":400,"energy":6},{"playerId":239305,"score":350,"energy":23},{"playerId":2238718,"score":150,"energy":36}],"golds":[{"posx":0,"posy":0,"amount":50},{"posx":3,"posy":1,"amount":400},{"posx":9,"posy":1,"amount":600},{"posx":17,"posy":1,"amount":200},{"posx":12,"posy":2,"amount":600},{"posx":15,"posy":2,"amount":300},{"posx":1,"posy":3,"amount":550},{"posx":14,"posy":3,"amount":700},{"posx":4,"posy":4,"amount":50},{"posx":7,"posy":4,"amount":600},{"posx":8,"posy":4,"amount":50},{"posx":12,"posy":4,"amount":50},{"posx":16,"posy":4,"amount":250},{"posx":17,"posy":4,"amount":650},{"posx":3,"posy":5,"amount":600},{"posx":12,"posy":6,"amount":50},{"posx":6,"posy":7,"amount":150},{"posx":8,"posy":7,"amount":100},{"posx":5,"posy":8,"amount":600}],"changedObstacles":[]},{"players":[{"playerId":2410245,"score":350,"energy":6},{"playerId":2636282,"score":450,"energy":1},{"playerId":239305,"score":350,"energy":39},{"playerId":2238718,"score":200,"energy":31}],"golds":[{"posx":0,"posy":0,"amount":50},{"posx":3,"posy":1,"amount":400},{"posx":9,"posy":1,"amount":600},{"posx":17,"posy":1,"amount":200},{"posx":12,"posy":2,"amount":600},{"posx":15,"posy":2,"amount":300},{"posx":1,"posy":3,"amount":550},{"posx":14,"posy":3,"amount":700},{"posx":7,"posy":4,"amount":550},{"posx":8,"posy":4,"amount":50},{"posx":12,"posy":4,"amount":50},{"posx":16,"posy":4,"amount":250},{"posx":17,"posy":4,"amount":650},{"posx":3,"posy":5,"amount":600},{"posx":12,"posy":6,"amount":50},{"posx":6,"posy":7,"amount":150},{"posx":8,"posy":7,"amount":100},{"posx":5,"posy":8,"amount":600}],"changedObstacles":[{"type":0,"posx":4,"posy":4,"value":-1}]},{"players":[{"playerId":2410245,"score":350,"energy":18},{"playerId":2636282,"score":450,"energy":13},{"playerId":239305,"score":350,"energy":29},{"playerId":2238718,"score":250,"energy":26}],"golds":[{"posx":0,"posy":0,"amount":50},{"posx":3,"posy":1,"amount":400},{"posx":9,"posy":1,"amount":600},{"posx":17,"posy":1,"amount":200},{"posx":12,"posy":2,"amount":600},{"posx":15,"posy":2,"amount":300},{"posx":1,"posy":3,"amount":550},{"posx":14,"posy":3,"amount":700},{"posx":7,"posy":4,"amount":500},{"posx":8,"posy":4,"amount":50},{"posx":12,"posy":4,"amount":50},{"posx":16,"posy":4,"amount":250},{"posx":17,"posy":4,"amount":650},{"posx":3,"posy":5,"amount":600},{"posx":12,"posy":6,"amount":50},{"posx":6,"posy":7,"amount":150},{"posx":8,"posy":7,"amount":100},{"posx":5,"posy":8,"amount":600}],"changedObstacles":[{"type":0,"posx":6,"posy":3,"value":-1}]},{"players":[{"playerId":2410245,"score":350,"energy":8},{"playerId":2636282,"score":450,"energy":29},{"playerId":239305,"score":350,"energy":28},{"playerId":2238718,"score":250,"energy":38}],"golds":[{"posx":0,"posy":0,"amount":50},{"posx":3,"posy":1,"amount":400},{"posx":9,"posy":1,"amount":600},{"posx":17,"posy":1,"amount":200},{"posx":12,"posy":2,"amount":600},{"posx":15,"posy":2,"amount":300},{"posx":1,"posy":3,"amount":550},{"posx":14,"posy":3,"amount":700},{"posx":7,"posy":4,"amount":500},{"posx":8,"posy":4,"amount":50},{"posx":12,"posy":4,"amount":50},{"posx":16,"posy":4,"amount":250},{"posx":17,"posy":4,"amount":650},{"posx":3,"posy":5,"amount":600},{"posx":12,"posy":6,"amount":50},{"posx":6,"posy":7,"amount":150},{"posx":8,"posy":7,"amount":100},{"posx":5,"posy":8,"amount":600}],"changedObstacles":[{"type":0,"posx":4,"posy":5,"value":-1}]},{"players":[{"playerId":2410245,"score":350,"energy":4},{"playerId":2636282,"score":450,"energy":50},{"playerId":239305,"score":350,"energy":24},{"playerId":2238718,"score":300,"energy":33}],"golds":[{"posx":0,"posy":0,"amount":50},{"posx":3,"posy":1,"amount":400},{"posx":9,"posy":1,"amount":600},{"posx":17,"posy":1,"amount":200},{"posx":12,"posy":2,"amount":600},{"posx":15,"posy":2,"amount":300},{"posx":1,"posy":3,"amount":550},{"posx":14,"posy":3,"amount":700},{"posx":7,"posy":4,"amount":450},{"posx":8,"posy":4,"amount":50},{"posx":12,"posy":4,"amount":50},{"posx":16,"posy":4,"amount":250},{"posx":17,"posy":4,"amount":650},{"posx":3,"posy":5,"amount":600},{"posx":12,"posy":6,"amount":50},{"posx":6,"posy":7,"amount":150},{"posx":8,"posy":7,"amount":100},{"posx":5,"posy":8,"amount":600}],"changedObstacles":[]},{"players":[{"playerId":2410245,"score":350,"energy":16},{"playerId":2636282,"score":450,"energy":49},{"playerId":239305,"score":400,"energy":19},{"playerId":2238718,"score":350,"energy":28}],"golds":[{"posx":0,"posy":0,"amount":50},{"posx":3,"posy":1,"amount":400},{"posx":9,"posy":1,"amount":600},{"posx":17,"posy":1,"amount":200},{"posx":12,"posy":2,"amount":600},{"posx":15,"posy":2,"amount":300},{"posx":1,"posy":3,"amount":550},{"posx":14,"posy":3,"amount":700},{"posx":7,"posy":4,"amount":350},{"posx":8,"posy":4,"amount":50},{"posx":12,"posy":4,"amount":50},{"posx":16,"posy":4,"amount":250},{"posx":17,"posy":4,"amount":650},{"posx":3,"posy":5,"amount":600},{"posx":12,"posy":6,"amount":50},{"posx":6,"posy":7,"amount":150},{"posx":8,"posy":7,"amount":100},{"posx":5,"posy":8,"amount":600}],"changedObstacles":[]},{"players":[{"playerId":2410245,"score":400,"energy":11},{"playerId":2636282,"score":450,"energy":48},{"playerId":239305,"score":450,"energy":14},{"playerId":2238718,"score":350,"energy":40}],"golds":[{"posx":0,"posy":0,"amount":50},{"posx":3,"posy":1,"amount":400},{"posx":9,"posy":1,"amount":600},{"posx":17,"posy":1,"amount":200},{"posx":12,"posy":2,"amount":600},{"posx":15,"posy":2,"amount":300},{"posx":1,"posy":3,"amount":550},{"posx":14,"posy":3,"amount":700},{"posx":7,"posy":4,"amount":300},{"posx":8,"posy":4,"amount":50},{"posx":12,"posy":4,"amount":50},{"posx":16,"posy":4,"amount":250},{"posx":17,"posy":4,"amount":650},{"posx":3,"posy":5,"amount":550},{"posx":12,"posy":6,"amount":50},{"posx":6,"posy":7,"amount":150},{"posx":8,"posy":7,"amount":100},{"posx":5,"posy":8,"amount":600}],"changedObstacles":[]},{"players":[{"playerId":2410245,"score":450,"energy":6},{"playerId":2636282,"score":450,"energy":38},{"playerId":239305,"score":500,"energy":9},{"playerId":2238718,"score":400,"energy":35}],"golds":[{"posx":0,"posy":0,"amount":50},{"posx":3,"posy":1,"amount":400},{"posx":9,"posy":1,"amount":600},{"posx":17,"posy":1,"amount":200},{"posx":12,"posy":2,"amount":600},{"posx":15,"posy":2,"amount":300},{"posx":1,"posy":3,"amount":550},{"posx":14,"posy":3,"amount":700},{"posx":7,"posy":4,"amount":200},{"posx":8,"posy":4,"amount":50},{"posx":12,"posy":4,"amount":50},{"posx":16,"posy":4,"amount":250},{"posx":17,"posy":4,"amount":650},{"posx":3,"posy":5,"amount":500},{"posx":12,"posy":6,"amount":50},{"posx":6,"posy":7,"amount":150},{"posx":8,"posy":7,"amount":100},{"posx":5,"posy":8,"amount":600}],"changedObstacles":[{"type":0,"posx":5,"posy":6,"value":-1}]},{"players":[{"playerId":2410245,"score":500,"energy":1},{"playerId":2636282,"score":450,"energy":37},{"playerId":239305,"score":550,"energy":4},{"playerId":2238718,"score":450,"energy":30}],"golds":[{"posx":0,"posy":0,"amount":50},{"posx":3,"posy":1,"amount":400},{"posx":9,"posy":1,"amount":600},{"posx":17,"posy":1,"amount":200},{"posx":12,"posy":2,"amount":600},{"posx":15,"posy":2,"amount":300},{"posx":1,"posy":3,"amount":550},{"posx":14,"posy":3,"amount":700},{"posx":7,"posy":4,"amount":100},{"posx":8,"posy":4,"amount":50},{"posx":12,"posy":4,"amount":50},{"posx":16,"posy":4,"amount":250},{"posx":17,"posy":4,"amount":650},{"posx":3,"posy":5,"amount":450},{"posx":12,"posy":6,"amount":50},{"posx":6,"posy":7,"amount":150},{"posx":8,"posy":7,"amount":100},{"posx":5,"posy":8,"amount":600}],"changedObstacles":[]},{"players":[{"playerId":2410245,"score":500,"energy":13},{"playerId":2636282,"score":450,"energy":33},{"playerId":239305,"score":550,"energy":16},{"playerId":2238718,"score":450,"energy":42}],"golds":[{"posx":0,"posy":0,"amount":50},{"posx":3,"posy":1,"amount":400},{"posx":9,"posy":1,"amount":600},{"posx":17,"posy":1,"amount":200},{"posx":12,"posy":2,"amount":600},{"posx":15,"posy":2,"amount":300},{"posx":1,"posy":3,"amount":550},{"posx":14,"posy":3,"amount":700},{"posx":7,"posy":4,"amount":100},{"posx":8,"posy":4,"amount":50},{"posx":12,"posy":4,"amount":50},{"posx":16,"posy":4,"amount":250},{"posx":17,"posy":4,"amount":650},{"posx":3,"posy":5,"amount":450},{"posx":12,"posy":6,"amount":50},{"posx":6,"posy":7,"amount":150},{"posx":8,"posy":7,"amount":100},{"posx":5,"posy":8,"amount":600}],"changedObstacles":[]},{"players":[{"playerId":2410245,"score":550,"energy":8},{"playerId":2636282,"score":500,"energy":28},{"playerId":239305,"score":600,"energy":11},{"playerId":2238718,"score":500,"energy":37}],"golds":[{"posx":0,"posy":0,"amount":50},{"posx":3,"posy":1,"amount":400},{"posx":9,"posy":1,"amount":600},{"posx":17,"posy":1,"amount":200},{"posx":12,"posy":2,"amount":600},{"posx":15,"posy":2,"amount":300},{"posx":1,"posy":3,"amount":550},{"posx":14,"posy":3,"amount":700},{"posx":8,"posy":4,"amount":50},{"posx":12,"posy":4,"amount":50},{"posx":16,"posy":4,"amount":250},{"posx":17,"posy":4,"amount":650},{"posx":3,"posy":5,"amount":400},{"posx":12,"posy":6,"amount":50},{"posx":6,"posy":7,"amount":150},{"posx":8,"posy":7,"amount":100},{"posx":5,"posy":8,"amount":550}],"changedObstacles":[{"type":0,"posx":7,"posy":4,"value":-1}]},{"players":[{"playerId":2410245,"score":600,"energy":3},{"playerId":2636282,"score":550,"energy":23},{"playerId":239305,"score":600,"energy":7},{"playerId":2238718,"score":500,"energy":33}],"golds":[{"posx":0,"posy":0,"amount":50},{"posx":3,"posy":1,"amount":400},{"posx":9,"posy":1,"amount":600},{"posx":17,"posy":1,"amount":200},{"posx":12,"posy":2,"amount":600},{"posx":15,"posy":2,"amount":300},{"posx":1,"posy":3,"amount":550},{"posx":14,"posy":3,"amount":700},{"posx":8,"posy":4,"amount":50},{"posx":12,"posy":4,"amount":50},{"posx":16,"posy":4,"amount":250},{"posx":17,"posy":4,"amount":650},{"posx":3,"posy":5,"amount":350},{"posx":12,"posy":6,"amount":50},{"posx":6,"posy":7,"amount":150},{"posx":8,"posy":7,"amount":100},{"posx":5,"posy":8,"amount":500}],"changedObstacles":[]},{"players":[{"playerId":2410245,"score":600,"energy":15},{"playerId":2636282,"score":600,"energy":18},{"playerId":239305,"score":650,"energy":2},{"playerId":2238718,"score":500,"energy":32}],"golds":[{"posx":0,"posy":0,"amount":50},{"posx":3,"posy":1,"amount":400},{"posx":9,"posy":1,"amount":600},{"posx":17,"posy":1,"amount":200},{"posx":12,"posy":2,"amount":600},{"posx":15,"posy":2,"amount":300},{"posx":1,"posy":3,"amount":550},{"posx":14,"posy":3,"amount":700},{"posx":12,"posy":4,"amount":50},{"posx":16,"posy":4,"amount":250},{"posx":17,"posy":4,"amount":650},{"posx":3,"posy":5,"amount":350},{"posx":12,"posy":6,"amount":50},{"posx":6,"posy":7,"amount":150},{"posx":8,"posy":7,"amount":100},{"posx":5,"posy":8,"amount":450}],"changedObstacles":[{"type":0,"posx":8,"posy":4,"value":-1}]},{"players":[{"playerId":2410245,"score":650,"energy":10},{"playerId":2636282,"score":650,"energy":13},{"playerId":239305,"score":650,"energy":1},{"playerId":2238718,"score":500,"energy":31}],"golds":[{"posx":0,"posy":0,"amount":50},{"posx":3,"posy":1,"amount":400},{"posx":9,"posy":1,"amount":600},{"posx":17,"posy":1,"amount":200},{"posx":12,"posy":2,"amount":600},{"posx":15,"posy":2,"amount":300},{"posx":1,"posy":3,"amount":550},{"posx":14,"posy":3,"amount":700},{"posx":12,"posy":4,"amount":50},{"posx":16,"posy":4,"amount":250},{"posx":17,"posy":4,"amount":650},{"posx":3,"posy":5,"amount":300},{"posx":12,"posy":6,"amount":50},{"posx":6,"posy":7,"amount":150},{"posx":8,"posy":7,"amount":100},{"posx":5,"posy":8,"amount":400}],"changedObstacles":[]},{"players":[{"playerId":2410245,"score":700,"energy":5},{"playerId":2636282,"score":700,"energy":8},{"playerId":239305,"score":650,"energy":13},{"playerId":2238718,"score":500,"energy":30}],"golds":[{"posx":0,"posy":0,"amount":50},{"posx":3,"posy":1,"amount":400},{"posx":9,"posy":1,"amount":600},{"posx":17,"posy":1,"amount":200},{"posx":12,"posy":2,"amount":600},{"posx":15,"posy":2,"amount":300},{"posx":1,"posy":3,"amount":550},{"posx":14,"posy":3,"amount":700},{"posx":12,"posy":4,"amount":50},{"posx":16,"posy":4,"amount":250},{"posx":17,"posy":4,"amount":650},{"posx":3,"posy":5,"amount":250},{"posx":12,"posy":6,"amount":50},{"posx":6,"posy":7,"amount":150},{"posx":8,"posy":7,"amount":100},{"posx":5,"posy":8,"amount":350}],"changedObstacles":[]},{"players":[{"playerId":2410245,"score":700,"energy":17},{"playerId":2636282,"score":750,"energy":3},{"playerId":239305,"score":650,"energy":29},{"playerId":2238718,"score":500,"energy":42}],"golds":[{"posx":0,"posy":0,"amount":50},{"posx":3,"posy":1,"amount":400},{"posx":9,"posy":1,"amount":600},{"posx":17,"posy":1,"amount":200},{"posx":12,"posy":2,"amount":600},{"posx":15,"posy":2,"amount":300},{"posx":1,"posy":3,"amount":550},{"posx":14,"posy":3,"amount":700},{"posx":12,"posy":4,"amount":50},{"posx":16,"posy":4,"amount":250},{"posx":17,"posy":4,"amount":650},{"posx":3,"posy":5,"amount":250},{"posx":12,"posy":6,"amount":50},{"posx":6,"posy":7,"amount":150},{"posx":8,"posy":7,"amount":100},{"posx":5,"posy":8,"amount":300}],"changedObstacles":[]},{"players":[{"playerId":2410245,"score":750,"energy":12},{"playerId":2636282,"score":750,"energy":15},{"playerId":239305,"score":650,"energy":50},{"playerId":2238718,"score":500,"energy":38}],"golds":[{"posx":0,"posy":0,"amount":50},{"posx":3,"posy":1,"amount":400},{"posx":9,"posy":1,"amount":600},{"posx":17,"posy":1,"amount":200},{"posx":12,"posy":2,"amount":600},{"posx":15,"posy":2,"amount":300},{"posx":1,"posy":3,"amount":550},{"posx":14,"posy":3,"amount":700},{"posx":12,"posy":4,"amount":50},{"posx":16,"posy":4,"amount":250},{"posx":17,"posy":4,"amount":650},{"posx":3,"posy":5,"amount":200},{"posx":12,"posy":6,"amount":50},{"posx":6,"posy":7,"amount":150},{"posx":8,"posy":7,"amount":100},{"posx":5,"posy":8,"amount":300}],"changedObstacles":[]},{"players":[{"playerId":2410245,"score":800,"energy":7},{"playerId":2636282,"score":750,"energy":31},{"playerId":239305,"score":650,"energy":49},{"playerId":2238718,"score":550,"energy":33}],"golds":[{"posx":0,"posy":0,"amount":50},{"posx":3,"posy":1,"amount":400},{"posx":9,"posy":1,"amount":550},{"posx":17,"posy":1,"amount":200},{"posx":12,"posy":2,"amount":600},{"posx":15,"posy":2,"amount":300},{"posx":1,"posy":3,"amount":550},{"posx":14,"posy":3,"amount":700},{"posx":12,"posy":4,"amount":50},{"posx":16,"posy":4,"amount":250},{"posx":17,"posy":4,"amount":650},{"posx":3,"posy":5,"amount":150},{"posx":12,"posy":6,"amount":50},{"posx":6,"posy":7,"amount":150},{"posx":8,"posy":7,"amount":100},{"posx":5,"posy":8,"amount":300}],"changedObstacles":[]},{"players":[{"playerId":2410245,"score":850,"energy":2},{"playerId":2636282,"score":800,"energy":26},{"playerId":239305,"score":650,"energy":39},{"playerId":2238718,"score":600,"energy":28}],"golds":[{"posx":0,"posy":0,"amount":50},{"posx":3,"posy":1,"amount":400},{"posx":9,"posy":1,"amount":500},{"posx":17,"posy":1,"amount":200},{"posx":12,"posy":2,"amount":600},{"posx":15,"posy":2,"amount":300},{"posx":1,"posy":3,"amount":550},{"posx":14,"posy":3,"amount":700},{"posx":12,"posy":4,"amount":50},{"posx":16,"posy":4,"amount":250},{"posx":17,"posy":4,"amount":650},{"posx":3,"posy":5,"amount":100},{"posx":12,"posy":6,"amount":50},{"posx":6,"posy":7,"amount":150},{"posx":8,"posy":7,"amount":100},{"posx":5,"posy":8,"amount":250}],"changedObstacles":[{"type":0,"posx":9,"posy":2,"value":-1}]},{"players":[{"playerId":2410245,"score":850,"energy":14},{"playerId":2636282,"score":850,"energy":21},{"playerId":239305,"score":650,"energy":35},{"playerId":2238718,"score":600,"energy":40}],"golds":[{"posx":0,"posy":0,"amount":50},{"posx":3,"posy":1,"amount":400},{"posx":9,"posy":1,"amount":500},{"posx":17,"posy":1,"amount":200},{"posx":12,"posy":2,"amount":600},{"posx":15,"posy":2,"amount":300},{"posx":1,"posy":3,"amount":550},{"posx":14,"posy":3,"amount":700},{"posx":12,"posy":4,"amount":50},{"posx":16,"posy":4,"amount":250},{"posx":17,"posy":4,"amount":650},{"posx":3,"posy":5,"amount":100},{"posx":12,"posy":6,"amount":50},{"posx":6,"posy":7,"amount":150},{"posx":8,"posy":7,"amount":100},{"posx":5,"posy":8,"amount":200}],"changedObstacles":[]},{"players":[{"playerId":2410245,"score":900,"energy":9},{"playerId":2636282,"score":900,"energy":16},{"playerId":239305,"score":700,"energy":30},{"playerId":2238718,"score":650,"energy":35}],"golds":[{"posx":0,"posy":0,"amount":50},{"posx":3,"posy":1,"amount":400},{"posx":9,"posy":1,"amount":400},{"posx":17,"posy":1,"amount":200},{"posx":12,"posy":2,"amount":600},{"posx":15,"posy":2,"amount":300},{"posx":1,"posy":3,"amount":550},{"posx":14,"posy":3,"amount":700},{"posx":12,"posy":4,"amount":50},{"posx":16,"posy":4,"amount":250},{"posx":17,"posy":4,"amount":650},{"posx":3,"posy":5,"amount":50},{"posx":12,"posy":6,"amount":50},{"posx":6,"posy":7,"amount":150},{"posx":8,"posy":7,"amount":100},{"posx":5,"posy":8,"amount":150}],"changedObstacles":[]},{"players":[{"playerId":2410245,"score":950,"energy":4},{"playerId":2636282,"score":950,"energy":11},{"playerId":239305,"score":750,"energy":25},{"playerId":2238718,"score":700,"energy":30}],"golds":[{"posx":0,"posy":0,"amount":50},{"posx":3,"posy":1,"amount":400},{"posx":9,"posy":1,"amount":300},{"posx":17,"posy":1,"amount":200},{"posx":12,"posy":2,"amount":600},{"posx":15,"posy":2,"amount":300},{"posx":1,"posy":3,"amount":550},{"posx":14,"posy":3,"amount":700},{"posx":12,"posy":4,"amount":50},{"posx":16,"posy":4,"amount":250},{"posx":17,"posy":4,"amount":650},{"posx":12,"posy":6,"amount":50},{"posx":6,"posy":7,"amount":150},{"posx":8,"posy":7,"amount":100},{"posx":5,"posy":8,"amount":100}],"changedObstacles":[{"type":0,"posx":3,"posy":5,"value":-1}]},{"players":[{"playerId":2410245,"score":950,"energy":16},{"playerId":2636282,"score":1000,"energy":6},{"playerId":239305,"score":800,"energy":20},{"playerId":2238718,"score":700,"energy":42}],"golds":[{"posx":0,"posy":0,"amount":50},{"posx":3,"posy":1,"amount":400},{"posx":9,"posy":1,"amount":250},{"posx":17,"posy":1,"amount":200},{"posx":12,"posy":2,"amount":600},{"posx":15,"posy":2,"amount":300},{"posx":1,"posy":3,"amount":550},{"posx":14,"posy":3,"amount":700},{"posx":12,"posy":4,"amount":50},{"posx":16,"posy":4,"amount":250},{"posx":17,"posy":4,"amount":650},{"posx":12,"posy":6,"amount":50},{"posx":6,"posy":7,"amount":150},{"posx":8,"posy":7,"amount":100},{"posx":5,"posy":8,"amount":50}],"changedObstacles":[]},{"players":[{"playerId":2410245,"score":950,"energy":11},{"playerId":2636282,"score":1050,"energy":1},{"playerId":239305,"score":850,"energy":15},{"playerId":2238718,"score":750,"energy":37}],"golds":[{"posx":0,"posy":0,"amount":50},{"posx":3,"posy":1,"amount":400},{"posx":9,"posy":1,"amount":150},{"posx":17,"posy":1,"amount":200},{"posx":12,"posy":2,"amount":600},{"posx":15,"posy":2,"amount":300},{"posx":1,"posy":3,"amount":550},{"posx":14,"posy":3,"amount":700},{"posx":12,"posy":4,"amount":50},{"posx":16,"posy":4,"amount":250},{"posx":17,"posy":4,"amount":650},{"posx":12,"posy":6,"amount":50},{"posx":6,"posy":7,"amount":150},{"posx":8,"posy":7,"amount":100}],"changedObstacles":[{"type":3,"posx":2,"posy":5,"value":-20},{"type":0,"posx":5,"posy":8,"value":-1}]},{"players":[{"playerId":2410245,"score":950,"energy":10},{"playerId":2636282,"score":1050,"energy":13},{"playerId":239305,"score":900,"energy":10},{"playerId":2238718,"score":800,"energy":32}],"golds":[{"posx":0,"posy":0,"amount":50},{"posx":3,"posy":1,"amount":400},{"posx":9,"posy":1,"amount":50},{"posx":17,"posy":1,"amount":200},{"posx":12,"posy":2,"amount":600},{"posx":15,"posy":2,"amount":300},{"posx":1,"posy":3,"amount":550},{"posx":14,"posy":3,"amount":700},{"posx":12,"posy":4,"amount":50},{"posx":16,"posy":4,"amount":250},{"posx":17,"posy":4,"amount":650},{"posx":12,"posy":6,"amount":50},{"posx":6,"posy":7,"amount":150},{"posx":8,"posy":7,"amount":100}],"changedObstacles":[]},{"players":[{"playerId":2410245,"score":950,"energy":9},{"playerId":2636282,"score":1050,"energy":29},{"playerId":239305,"score":925,"energy":5},{"playerId":2238718,"score":825,"energy":27}],"golds":[{"posx":0,"posy":0,"amount":50},{"posx":3,"posy":1,"amount":400},{"posx":17,"posy":1,"amount":200},{"posx":12,"posy":2,"amount":600},{"posx":15,"posy":2,"amount":300},{"posx":1,"posy":3,"amount":550},{"posx":14,"posy":3,"amount":700},{"posx":12,"posy":4,"amount":50},{"posx":16,"posy":4,"amount":250},{"posx":17,"posy":4,"amount":650},{"posx":12,"posy":6,"amount":50},{"posx":6,"posy":7,"amount":150},{"posx":8,"posy":7,"amount":100}],"changedObstacles":[{"type":0,"posx":9,"posy":1,"value":-1}]},{"players":[{"playerId":2410245,"score":950,"energy":5},{"playerId":2636282,"score":1050,"energy":28},{"playerId":239305,"score":925,"energy":4},{"playerId":2238718,"score":825,"energy":39}],"golds":[{"posx":0,"posy":0,"amount":50},{"posx":3,"posy":1,"amount":400},{"posx":17,"posy":1,"amount":200},{"posx":12,"posy":2,"amount":600},{"posx":15,"posy":2,"amount":300},{"posx":1,"posy":3,"amount":550},{"posx":14,"posy":3,"amount":700},{"posx":12,"posy":4,"amount":50},{"posx":16,"posy":4,"amount":250},{"posx":17,"posy":4,"amount":650},{"posx":12,"posy":6,"amount":50},{"posx":6,"posy":7,"amount":150},{"posx":8,"posy":7,"amount":100}],"changedObstacles":[]},{"players":[{"playerId":2410245,"score":950,"energy":17},{"playerId":2636282,"score":1050,"energy":18},{"playerId":239305,"score":925,"energy":16},{"playerId":2238718,"score":825,"energy":38}],"golds":[{"posx":0,"posy":0,"amount":50},{"posx":3,"posy":1,"amount":400},{"posx":17,"posy":1,"amount":200},{"posx":12,"posy":2,"amount":600},{"posx":15,"posy":2,"amount":300},{"posx":1,"posy":3,"amount":550},{"posx":14,"posy":3,"amount":700},{"posx":12,"posy":4,"amount":50},{"posx":16,"posy":4,"amount":250},{"posx":17,"posy":4,"amount":650},{"posx":12,"posy":6,"amount":50},{"posx":6,"posy":7,"amount":150},{"posx":8,"posy":7,"amount":100}],"changedObstacles":[{"type":0,"posx":7,"posy":8,"value":-1}]},{"players":[{"playerId":2410245,"score":1000,"energy":12},{"playerId":2636282,"score":1050,"energy":17},{"playerId":239305,"score":925,"energy":32},{"playerId":2238718,"score":825,"energy":37}],"golds":[{"posx":0,"posy":0,"amount":50},{"posx":3,"posy":1,"amount":400},{"posx":17,"posy":1,"amount":200},{"posx":12,"posy":2,"amount":600},{"posx":15,"posy":2,"amount":300},{"posx":1,"posy":3,"amount":500},{"posx":14,"posy":3,"amount":700},{"posx":12,"posy":4,"amount":50},{"posx":16,"posy":4,"amount":250},{"posx":17,"posy":4,"amount":650},{"posx":12,"posy":6,"amount":50},{"posx":6,"posy":7,"amount":150},{"posx":8,"posy":7,"amount":100}],"changedObstacles":[]},{"players":[{"playerId":2410245,"score":1050,"energy":7},{"playerId":2636282,"score":1050,"energy":13},{"playerId":239305,"score":925,"energy":50},{"playerId":2238718,"score":825,"energy":36}],"golds":[{"posx":0,"posy":0,"amount":50},{"posx":3,"posy":1,"amount":400},{"posx":17,"posy":1,"amount":200},{"posx":12,"posy":2,"amount":600},{"posx":15,"posy":2,"amount":300},{"posx":1,"posy":3,"amount":450},{"posx":14,"posy":3,"amount":700},{"posx":12,"posy":4,"amount":50},{"posx":16,"posy":4,"amount":250},{"posx":17,"posy":4,"amount":650},{"posx":12,"posy":6,"amount":50},{"posx":6,"posy":7,"amount":150},{"posx":8,"posy":7,"amount":100}],"changedObstacles":[]},{"players":[{"playerId":2410245,"score":1100,"energy":2},{"playerId":2636282,"score":1100,"energy":8},{"playerId":239305,"score":925,"energy":45},{"playerId":2238718,"score":825,"energy":26}],"golds":[{"posx":0,"posy":0,"amount":50},{"posx":3,"posy":1,"amount":400},{"posx":17,"posy":1,"amount":200},{"posx":12,"posy":2,"amount":600},{"posx":15,"posy":2,"amount":300},{"posx":1,"posy":3,"amount":400},{"posx":14,"posy":3,"amount":700},{"posx":12,"posy":4,"amount":50},{"posx":16,"posy":4,"amount":250},{"posx":17,"posy":4,"amount":650},{"posx":12,"posy":6,"amount":50},{"posx":6,"posy":7,"amount":150},{"posx":8,"posy":7,"amount":50}],"changedObstacles":[{"type":3,"posx":10,"posy":2,"value":-20},{"type":0,"posx":10,"posy":4,"value":-1}]},{"players":[{"playerId":2410245,"score":1100,"energy":14},{"playerId":2636282,"score":1150,"energy":3},{"playerId":239305,"score":925,"energy":40},{"playerId":2238718,"score":825,"energy":38}],"golds":[{"posx":0,"posy":0,"amount":50},{"posx":3,"posy":1,"amount":400},{"posx":17,"posy":1,"amount":200},{"posx":12,"posy":2,"amount":600},{"posx":15,"posy":2,"amount":300},{"posx":1,"posy":3,"amount":400},{"posx":14,"posy":3,"amount":700},{"posx":12,"posy":4,"amount":50},{"posx":16,"posy":4,"amount":250},{"posx":17,"posy":4,"amount":650},{"posx":12,"posy":6,"amount":50},{"posx":6,"posy":7,"amount":150}],"changedObstacles":[{"type":3,"posx":11,"posy":2,"value":-20},{"type":0,"posx":8,"posy":7,"value":-1}]},{"players":[{"playerId":2410245,"score":1150,"energy":9},{"playerId":2636282,"score":1150,"energy":15},{"playerId":239305,"score":925,"energy":36},{"playerId":2238718,"score":825,"energy":37}],"golds":[{"posx":0,"posy":0,"amount":50},{"posx":3,"posy":1,"amount":400},{"posx":17,"posy":1,"amount":200},{"posx":12,"posy":2,"amount":600},{"posx":15,"posy":2,"amount":300},{"posx":1,"posy":3,"amount":350},{"posx":14,"posy":3,"amount":700},{"posx":12,"posy":4,"amount":50},{"posx":16,"posy":4,"amount":250},{"posx":17,"posy":4,"amount":650},{"posx":12,"posy":6,"amount":50},{"posx":6,"posy":7,"amount":150}],"changedObstacles":[]},{"players":[{"playerId":2410245,"score":1200,"energy":4},{"playerId":2636282,"score":1150,"energy":31},{"playerId":239305,"score":975,"energy":31},{"playerId":2238718,"score":825,"energy":33}],"golds":[{"posx":0,"posy":0,"amount":50},{"posx":3,"posy":1,"amount":400},{"posx":17,"posy":1,"amount":200},{"posx":12,"posy":2,"amount":550},{"posx":15,"posy":2,"amount":300},{"posx":1,"posy":3,"amount":300},{"posx":14,"posy":3,"amount":700},{"posx":12,"posy":4,"amount":50},{"posx":16,"posy":4,"amount":250},{"posx":17,"posy":4,"amount":650},{"posx":12,"posy":6,"amount":50},{"posx":6,"posy":7,"amount":150}],"changedObstacles":[]},{"players":[{"playerId":2410245,"score":1200,"energy":16},{"playerId":2636282,"score":1150,"energy":21},{"playerId":239305,"score":1025,"energy":26},{"playerId":2238718,"score":825,"energy":32}],"golds":[{"posx":0,"posy":0,"amount":50},{"posx":3,"posy":1,"amount":400},{"posx":17,"posy":1,"amount":200},{"posx":12,"posy":2,"amount":500},{"posx":15,"posy":2,"amount":300},{"posx":1,"posy":3,"amount":300},{"posx":14,"posy":3,"amount":700},{"posx":12,"posy":4,"amount":50},{"posx":16,"posy":4,"amount":250},{"posx":17,"posy":4,"amount":650},{"posx":12,"posy":6,"amount":50},{"posx":6,"posy":7,"amount":150}],"changedObstacles":[{"type":0,"posx":7,"posy":7,"value":-1}]},{"players":[{"playerId":2410245,"score":1250,"energy":11},{"playerId":2636282,"score":1150,"energy":17},{"playerId":239305,"score":1075,"energy":21},{"playerId":2238718,"score":825,"energy":31}],"golds":[{"posx":0,"posy":0,"amount":50},{"posx":3,"posy":1,"amount":400},{"posx":17,"posy":1,"amount":200},{"posx":12,"posy":2,"amount":450},{"posx":15,"posy":2,"amount":300},{"posx":1,"posy":3,"amount":250},{"posx":14,"posy":3,"amount":700},{"posx":12,"posy":4,"amount":50},{"posx":16,"posy":4,"amount":250},{"posx":17,"posy":4,"amount":650},{"posx":12,"posy":6,"amount":50},{"posx":6,"posy":7,"amount":150}],"changedObstacles":[]},{"players":[{"playerId":2410245,"score":1300,"energy":6},{"playerId":2636282,"score":1200,"energy":12},{"playerId":239305,"score":1125,"energy":16},{"playerId":2238718,"score":825,"energy":30}],"golds":[{"posx":0,"posy":0,"amount":50},{"posx":3,"posy":1,"amount":400},{"posx":17,"posy":1,"amount":200},{"posx":12,"posy":2,"amount":400},{"posx":15,"posy":2,"amount":300},{"posx":1,"posy":3,"amount":200},{"posx":14,"posy":3,"amount":700},{"posx":12,"posy":4,"amount":50},{"posx":16,"posy":4,"amount":250},{"posx":17,"posy":4,"amount":650},{"posx":12,"posy":6,"amount":50},{"posx":6,"posy":7,"amount":100}],"changedObstacles":[]},{"players":[{"playerId":2410245,"score":1350,"energy":1},{"playerId":2636282,"score":1250,"energy":7},{"playerId":239305,"score":1175,"energy":11},{"playerId":2238718,"score":825,"energy":42}],"golds":[{"posx":0,"posy":0,"amount":50},{"posx":3,"posy":1,"amount":400},{"posx":17,"posy":1,"amount":200},{"posx":12,"posy":2,"amount":350},{"posx":15,"posy":2,"amount":300},{"posx":1,"posy":3,"amount":150},{"posx":14,"posy":3,"amount":700},{"posx":12,"posy":4,"amount":50},{"posx":16,"posy":4,"amount":250},{"posx":17,"posy":4,"amount":650},{"posx":12,"posy":6,"amount":50},{"posx":6,"posy":7,"amount":50}],"changedObstacles":[]},{"players":[{"playerId":2410245,"score":1350,"energy":13},{"playerId":2636282,"score":1300,"energy":2},{"playerId":239305,"score":1225,"energy":6},{"playerId":2238718,"score":825,"energy":32}],"golds":[{"posx":0,"posy":0,"amount":50},{"posx":3,"posy":1,"amount":400},{"posx":17,"posy":1,"amount":200},{"posx":12,"posy":2,"amount":300},{"posx":15,"posy":2,"amount":300},{"posx":1,"posy":3,"amount":150},{"posx":14,"posy":3,"amount":700},{"posx":12,"posy":4,"amount":50},{"posx":16,"posy":4,"amount":250},{"posx":17,"posy":4,"amount":650},{"posx":12,"posy":6,"amount":50}],"changedObstacles":[{"type":0,"posx":15,"posy":5,"value":-1},{"type":0,"posx":6,"posy":7,"value":-1}]},{"players":[{"playerId":2410245,"score":1400,"energy":8},{"playerId":2636282,"score":1300,"energy":14},{"playerId":239305,"score":1275,"energy":1},{"playerId":2238718,"score":825,"energy":31}],"golds":[{"posx":0,"posy":0,"amount":50},{"posx":3,"posy":1,"amount":400},{"posx":17,"posy":1,"amount":200},{"posx":12,"posy":2,"amount":250},{"posx":15,"posy":2,"amount":300},{"posx":1,"posy":3,"amount":100},{"posx":14,"posy":3,"amount":700},{"posx":12,"posy":4,"amount":50},{"posx":16,"posy":4,"amount":250},{"posx":17,"posy":4,"amount":650},{"posx":12,"posy":6,"amount":50}],"changedObstacles":[]},{"players":[{"playerId":2410245,"score":1450,"energy":3},{"playerId":2636282,"score":1300,"energy":30},{"playerId":239305,"score":1275,"energy":13},{"playerId":2238718,"score":825,"energy":30}],"golds":[{"posx":0,"posy":0,"amount":50},{"posx":3,"posy":1,"amount":400},{"posx":17,"posy":1,"amount":200},{"posx":12,"posy":2,"amount":250},{"posx":15,"posy":2,"amount":300},{"posx":1,"posy":3,"amount":50},{"posx":14,"posy":3,"amount":700},{"posx":12,"posy":4,"amount":50},{"posx":16,"posy":4,"amount":250},{"posx":17,"posy":4,"amount":650},{"posx":12,"posy":6,"amount":50}],"changedObstacles":[]},{"players":[{"playerId":2410245,"score":1450,"energy":15},{"playerId":2636282,"score":1300,"energy":25},{"playerId":239305,"score":1275,"energy":29},{"playerId":2238718,"score":825,"energy":42}],"golds":[{"posx":0,"posy":0,"amount":50},{"posx":3,"posy":1,"amount":400},{"posx":17,"posy":1,"amount":200},{"posx":12,"posy":2,"amount":250},{"posx":15,"posy":2,"amount":300},{"posx":1,"posy":3,"amount":50},{"posx":14,"posy":3,"amount":700},{"posx":12,"posy":4,"amount":50},{"posx":16,"posy":4,"amount":250},{"posx":17,"posy":4,"amount":650},{"posx":12,"posy":6,"amount":50}],"changedObstacles":[{"type":3,"posx":6,"posy":6,"value":-20}]},{"players":[{"playerId":2410245,"score":1500,"energy":10},{"playerId":2636282,"score":1300,"energy":20},{"playerId":239305,"score":1275,"energy":50},{"playerId":2238718,"score":825,"energy":38}],"golds":[{"posx":0,"posy":0,"amount":50},{"posx":3,"posy":1,"amount":400},{"posx":17,"posy":1,"amount":200},{"posx":12,"posy":2,"amount":250},{"posx":15,"posy":2,"amount":300},{"posx":14,"posy":3,"amount":700},{"posx":12,"posy":4,"amount":50},{"posx":16,"posy":4,"amount":250},{"posx":17,"posy":4,"amount":650},{"posx":12,"posy":6,"amount":50}],"changedObstacles":[{"type":3,"posx":7,"posy":6,"value":-20},{"type":0,"posx":1,"posy":3,"value":-1}]},{"players":[{"playerId":2410245,"score":1500,"energy":9},{"playerId":2636282,"score":1300,"energy":19},{"playerId":239305,"score":1325,"energy":45},{"playerId":2238718,"score":875,"energy":33}],"golds":[{"posx":0,"posy":0,"amount":50},{"posx":3,"posy":1,"amount":400},{"posx":17,"posy":1,"amount":200},{"posx":12,"posy":2,"amount":200},{"posx":15,"posy":2,"amount":300},{"posx":14,"posy":3,"amount":650},{"posx":12,"posy":4,"amount":50},{"posx":16,"posy":4,"amount":250},{"posx":17,"posy":4,"amount":650},{"posx":12,"posy":6,"amount":50}],"changedObstacles":[]},{"players":[{"playerId":2410245,"score":1500,"energy":8},{"playerId":2636282,"score":1300,"energy":14},{"playerId":239305,"score":1375,"energy":40},{"playerId":2238718,"score":925,"energy":28}],"golds":[{"posx":0,"posy":0,"amount":50},{"posx":3,"posy":1,"amount":400},{"posx":17,"posy":1,"amount":200},{"posx":12,"posy":2,"amount":150},{"posx":15,"posy":2,"amount":300},{"posx":14,"posy":3,"amount":600},{"posx":12,"posy":4,"amount":50},{"posx":16,"posy":4,"amount":250},{"posx":17,"posy":4,"amount":650},{"posx":12,"posy":6,"amount":50}],"changedObstacles":[{"type":3,"posx":9,"posy":6,"value":-20}]},{"players":[{"playerId":2410245,"score":1500,"energy":7},{"playerId":2636282,"score":1300,"energy":13},{"playerId":239305,"score":1425,"energy":35},{"playerId":2238718,"score":925,"energy":40}],"golds":[{"posx":0,"posy":0,"amount":50},{"posx":3,"posy":1,"amount":400},{"posx":17,"posy":1,"amount":200},{"posx":12,"posy":2,"amount":100},{"posx":15,"posy":2,"amount":300},{"posx":14,"posy":3,"amount":600},{"posx":12,"posy":4,"amount":50},{"posx":16,"posy":4,"amount":250},{"posx":17,"posy":4,"amount":650},{"posx":12,"posy":6,"amount":50}],"changedObstacles":[]},{"players":[{"playerId":2410245,"score":1500,"energy":3},{"playerId":2636282,"score":1300,"energy":25},{"playerId":239305,"score":1475,"energy":30},{"playerId":2238718,"score":975,"energy":35}],"golds":[{"posx":0,"posy":0,"amount":50},{"posx":3,"posy":1,"amount":400},{"posx":17,"posy":1,"amount":200},{"posx":12,"posy":2,"amount":50},{"posx":15,"posy":2,"amount":300},{"posx":14,"posy":3,"amount":550},{"posx":12,"posy":4,"amount":50},{"posx":16,"posy":4,"amount":250},{"posx":17,"posy":4,"amount":650},{"posx":12,"posy":6,"amount":50}],"changedObstacles":[]},{"players":[{"playerId":2410245,"score":1500,"energy":15},{"playerId":2636282,"score":1300,"energy":41},{"playerId":239305,"score":1525,"energy":25},{"playerId":2238718,"score":1025,"energy":30}],"golds":[{"posx":0,"posy":0,"amount":50},{"posx":3,"posy":1,"amount":400},{"posx":17,"posy":1,"amount":200},{"posx":15,"posy":2,"amount":300},{"posx":14,"posy":3,"amount":500},{"posx":12,"posy":4,"amount":50},{"posx":16,"posy":4,"amount":250},{"posx":17,"posy":4,"amount":650},{"posx":12,"posy":6,"amount":50}],"changedObstacles":[{"type":0,"posx":12,"posy":2,"value":-1}]},{"players":[{"playerId":2410245,"score":1550,"energy":10},{"playerId":2636282,"score":1300,"energy":35},{"playerId":239305,"score":1525,"energy":24},{"playerId":2238718,"score":1025,"energy":42}],"golds":[{"posx":0,"posy":0,"amount":50},{"posx":3,"posy":1,"amount":350},{"posx":17,"posy":1,"amount":200},{"posx":15,"posy":2,"amount":300},{"posx":14,"posy":3,"amount":500},{"posx":12,"posy":4,"amount":50},{"posx":16,"posy":4,"amount":250},{"posx":17,"posy":4,"amount":650},{"posx":12,"posy":6,"amount":50}],"changedObstacles":[]},{"players":[{"playerId":2410245,"score":1600,"energy":5},{"playerId":2636282,"score":1300,"energy":31},{"playerId":239305,"score":1525,"energy":16},{"playerId":2238718,"score":1075,"energy":37}],"golds":[{"posx":0,"posy":0,"amount":50},{"posx":3,"posy":1,"amount":300},{"posx":17,"posy":1,"amount":200},{"posx":15,"posy":2,"amount":300},{"posx":14,"posy":3,"amount":450},{"posx":12,"posy":4,"amount":50},{"posx":16,"posy":4,"amount":250},{"posx":17,"posy":4,"amount":650},{"posx":12,"posy":6,"amount":50}],"changedObstacles":[]},{"players":[{"playerId":2410245,"score":1600,"energy":17},{"playerId":2636282,"score":1350,"energy":26},{"playerId":239305,"score":1525,"energy":12},{"playerId":2238718,"score":1125,"energy":32}],"golds":[{"posx":0,"posy":0,"amount":50},{"posx":3,"posy":1,"amount":300},{"posx":17,"posy":1,"amount":200},{"posx":15,"posy":2,"amount":300},{"posx":14,"posy":3,"amount":400},{"posx":12,"posy":4,"amount":50},{"posx":16,"posy":4,"amount":250},{"posx":17,"posy":4,"amount":650}],"changedObstacles":[{"type":0,"posx":12,"posy":6,"value":-1}]},{"players":[{"playerId":2410245,"score":1650,"energy":12},{"playerId":2636282,"score":1350,"energy":25},{"playerId":239305,"score":1575,"energy":7},{"playerId":2238718,"score":1175,"energy":27}],"golds":[{"posx":0,"posy":0,"amount":50},{"posx":3,"posy":1,"amount":250},{"posx":17,"posy":1,"amount":200},{"posx":15,"posy":2,"amount":300},{"posx":14,"posy":3,"amount":300},{"posx":12,"posy":4,"amount":50},{"posx":16,"posy":4,"amount":250},{"posx":17,"posy":4,"amount":650}],"changedObstacles":[]},{"players":[{"playerId":2410245,"score":1700,"energy":7},{"playerId":2636282,"score":1350,"energy":24},{"playerId":239305,"score":1625,"energy":2},{"playerId":2238718,"score":1175,"energy":39}],"golds":[{"posx":0,"posy":0,"amount":50},{"posx":3,"posy":1,"amount":200},{"posx":17,"posy":1,"amount":200},{"posx":15,"posy":2,"amount":300},{"posx":14,"posy":3,"amount":250},{"posx":12,"posy":4,"amount":50},{"posx":16,"posy":4,"amount":250},{"posx":17,"posy":4,"amount":650}],"changedObstacles":[]},{"players":[{"playerId":2410245,"score":1750,"energy":2},{"playerId":2636282,"score":1350,"energy":23},{"playerId":239305,"score":1625,"energy":14},{"playerId":2238718,"score":1225,"energy":34}],"golds":[{"posx":0,"posy":0,"amount":50},{"posx":3,"posy":1,"amount":150},{"posx":17,"posy":1,"amount":200},{"posx":15,"posy":2,"amount":300},{"posx":14,"posy":3,"amount":200},{"posx":12,"posy":4,"amount":50},{"posx":16,"posy":4,"amount":250},{"posx":17,"posy":4,"amount":650}],"changedObstacles":[]},{"players":[{"playerId":2410245,"score":1750,"energy":14},{"playerId":2636282,"score":1350,"energy":22},{"playerId":239305,"score":1675,"energy":9},{"playerId":2238718,"score":1275,"energy":29}],"golds":[{"posx":0,"posy":0,"amount":50},{"posx":3,"posy":1,"amount":150},{"posx":17,"posy":1,"amount":200},{"posx":15,"posy":2,"amount":300},{"posx":14,"posy":3,"amount":100},{"posx":12,"posy":4,"amount":50},{"posx":16,"posy":4,"amount":250},{"posx":17,"posy":4,"amount":650}],"changedObstacles":[]},{"players":[{"playerId":2410245,"score":1800,"energy":9},{"playerId":2636282,"score":1350,"energy":21},{"playerId":239305,"score":1725,"energy":4},{"playerId":2238718,"score":1275,"energy":41}],"golds":[{"posx":0,"posy":0,"amount":50},{"posx":3,"posy":1,"amount":100},{"posx":17,"posy":1,"amount":200},{"posx":15,"posy":2,"amount":300},{"posx":14,"posy":3,"amount":50},{"posx":12,"posy":4,"amount":50},{"posx":16,"posy":4,"amount":250},{"posx":17,"posy":4,"amount":650}],"changedObstacles":[]},{"players":[{"playerId":2410245,"score":1850,"energy":4},{"playerId":2636282,"score":1350,"energy":17},{"playerId":239305,"score":1725,"energy":16},{"playerId":2238718,"score":1325,"energy":36}],"golds":[{"posx":0,"posy":0,"amount":50},{"posx":3,"posy":1,"amount":50},{"posx":17,"posy":1,"amount":200},{"posx":15,"posy":2,"amount":300},{"posx":12,"posy":4,"amount":50},{"posx":16,"posy":4,"amount":250},{"posx":17,"posy":4,"amount":650}],"changedObstacles":[{"type":0,"posx":14,"posy":3,"value":-1}]},{"players":[{"playerId":2410245,"score":1850,"energy":16},{"playerId":2636282,"score":1400,"energy":12},{"playerId":239305,"score":1725,"energy":32},{"playerId":2238718,"score":1325,"energy":35}],"golds":[{"posx":0,"posy":0,"amount":50},{"posx":3,"posy":1,"amount":50},{"posx":17,"posy":1,"amount":200},{"posx":15,"posy":2,"amount":300},{"posx":12,"posy":4,"amount":50},{"posx":16,"posy":4,"amount":200},{"posx":17,"posy":4,"amount":650}],"changedObstacles":[]},{"players":[{"playerId":2410245,"score":1900,"energy":11},{"playerId":2636282,"score":1450,"energy":7},{"playerId":239305,"score":1725,"energy":50},{"playerId":2238718,"score":1325,"energy":31}],"golds":[{"posx":0,"posy":0,"amount":50},{"posx":17,"posy":1,"amount":200},{"posx":15,"posy":2,"amount":300},{"posx":12,"posy":4,"amount":50},{"posx":16,"posy":4,"amount":150},{"posx":17,"posy":4,"amount":650}],"changedObstacles":[{"type":0,"posx":3,"posy":1,"value":-1}]},{"players":[{"playerId":2410245,"score":1900,"energy":23},{"playerId":2636282,"score":1500,"energy":2},{"playerId":239305,"score":1725,"energy":49},{"playerId":2238718,"score":1325,"energy":30}],"golds":[{"posx":0,"posy":0,"amount":50},{"posx":17,"posy":1,"amount":200},{"posx":15,"posy":2,"amount":300},{"posx":12,"posy":4,"amount":50},{"posx":16,"posy":4,"amount":100},{"posx":17,"posy":4,"amount":650}],"changedObstacles":[]},{"players":[{"playerId":2410245,"score":1900,"energy":16},{"playerId":2636282,"score":1500,"energy":14},{"playerId":239305,"score":1725,"energy":45},{"playerId":2238718,"score":1325,"energy":42}],"golds":[{"posx":0,"posy":0,"amount":50},{"posx":17,"posy":1,"amount":200},{"posx":15,"posy":2,"amount":300},{"posx":12,"posy":4,"amount":50},{"posx":16,"posy":4,"amount":100},{"posx":17,"posy":4,"amount":650}],"changedObstacles":[]},{"players":[{"playerId":2410245,"score":1900,"energy":11},{"playerId":2636282,"score":1500,"energy":30},{"playerId":239305,"score":1775,"energy":40},{"playerId":2238718,"score":1325,"energy":37}],"golds":[{"posx":0,"posy":0,"amount":50},{"posx":17,"posy":1,"amount":200},{"posx":15,"posy":2,"amount":250},{"posx":12,"posy":4,"amount":50},{"posx":16,"posy":4,"amount":100},{"posx":17,"posy":4,"amount":650}],"changedObstacles":[{"type":3,"posx":5,"posy":1,"value":-20},{"type":3,"posx":16,"posy":1,"value":-20}]},{"players":[{"playerId":2410245,"score":1900,"energy":10},{"playerId":2636282,"score":1550,"energy":25},{"playerId":239305,"score":1825,"energy":35},{"playerId":2238718,"score":1325,"energy":33}],"golds":[{"posx":0,"posy":0,"amount":50},{"posx":17,"posy":1,"amount":200},{"posx":15,"posy":2,"amount":200},{"posx":12,"posy":4,"amount":50},{"posx":16,"posy":4,"amount":50},{"posx":17,"posy":4,"amount":650}],"changedObstacles":[]},{"players":[{"playerId":2410245,"score":1900,"energy":22},{"playerId":2636282,"score":1600,"energy":20},{"playerId":239305,"score":1875,"energy":30},{"playerId":2238718,"score":1375,"energy":28}],"golds":[{"posx":0,"posy":0,"amount":50},{"posx":17,"posy":1,"amount":150},{"posx":15,"posy":2,"amount":150},{"posx":12,"posy":4,"amount":50},{"posx":17,"posy":4,"amount":650}],"changedObstacles":[{"type":0,"posx":16,"posy":4,"value":-1}]},{"players":[{"playerId":2410245,"score":1900,"energy":12},{"playerId":2636282,"score":1600,"energy":16},{"playerId":239305,"score":1925,"energy":25},{"playerId":2238718,"score":1375,"energy":40}],"golds":[{"posx":0,"posy":0,"amount":50},{"posx":17,"posy":1,"amount":150},{"posx":15,"posy":2,"amount":100},{"posx":12,"posy":4,"amount":50},{"posx":17,"posy":4,"amount":650}],"changedObstacles":[]},{"players":[{"playerId":2410245,"score":1900,"energy":11},{"playerId":2636282,"score":1650,"energy":11},{"playerId":239305,"score":1975,"energy":20},{"playerId":2238718,"score":1425,"energy":35}],"golds":[{"posx":0,"posy":0,"amount":50},{"posx":17,"posy":1,"amount":100},{"posx":15,"posy":2,"amount":50},{"posx":12,"posy":4,"amount":50},{"posx":17,"posy":4,"amount":600}],"changedObstacles":[]},{"players":[{"playerId":2410245,"score":1900,"energy":10},{"playerId":2636282,"score":1700,"energy":6},{"playerId":239305,"score":2025,"energy":15},{"playerId":2238718,"score":1475,"energy":30}],"golds":[{"posx":0,"posy":0,"amount":50},{"posx":17,"posy":1,"amount":50},{"posx":12,"posy":4,"amount":50},{"posx":17,"posy":4,"amount":550}],"changedObstacles":[{"type":0,"posx":15,"posy":2,"value":-1}]},{"players":[{"playerId":2410245,"score":1900,"energy":9},{"playerId":2636282,"score":1750,"energy":1},{"playerId":239305,"score":2025,"energy":14},{"playerId":2238718,"score":1475,"energy":42}],"golds":[{"posx":0,"posy":0,"amount":50},{"posx":17,"posy":1,"amount":50},{"posx":12,"posy":4,"amount":50},{"posx":17,"posy":4,"amount":500}],"changedObstacles":[]},{"players":[{"playerId":2410245,"score":1900,"energy":8},{"playerId":2636282,"score":1750,"energy":13},{"playerId":239305,"score":2025,"energy":13},{"playerId":2238718,"score":1525,"energy":37}],"golds":[{"posx":0,"posy":0,"amount":50},{"posx":12,"posy":4,"amount":50},{"posx":17,"posy":4,"amount":500}],"changedObstacles":[{"type":0,"posx":17,"posy":1,"value":-1}]},{"players":[{"playerId":2410245,"score":1900,"energy":7},{"playerId":2636282,"score":1750,"energy":29},{"playerId":239305,"score":2025,"energy":12},{"playerId":2238718,"score":1525,"energy":32}],"golds":[{"posx":0,"posy":0,"amount":50},{"posx":12,"posy":4,"amount":50},{"posx":17,"posy":4,"amount":500}],"changedObstacles":[]},{"players":[{"playerId":2410245,"score":1900,"energy":6},{"playerId":2636282,"score":1800,"energy":24},{"playerId":239305,"score":2025,"energy":8},{"playerId":2238718,"score":1525,"energy":31}],"golds":[{"posx":0,"posy":0,"amount":50},{"posx":12,"posy":4,"amount":50},{"posx":17,"posy":4,"amount":450}],"changedObstacles":[]},{"players":[{"playerId":2410245,"score":1900,"energy":5},{"playerId":2636282,"score":1850,"energy":19},{"playerId":239305,"score":2075,"energy":3},{"playerId":2238718,"score":1525,"energy":30}],"golds":[{"posx":0,"posy":0,"amount":50},{"posx":12,"posy":4,"amount":50},{"posx":17,"posy":4,"amount":350}],"changedObstacles":[]},{"players":[{"playerId":2410245,"score":1900,"energy":1},{"playerId":2636282,"score":1900,"energy":14},{"playerId":239305,"score":2075,"energy":15},{"playerId":2238718,"score":1525,"energy":42}],"golds":[{"posx":0,"posy":0,"amount":50},{"posx":12,"posy":4,"amount":50},{"posx":17,"posy":4,"amount":300}],"changedObstacles":[]},{"players":[{"playerId":2410245,"score":1900,"energy":13},{"playerId":2636282,"score":1950,"energy":9},{"playerId":239305,"score":2125,"energy":10},{"playerId":2238718,"score":1525,"energy":41}],"golds":[{"posx":0,"posy":0,"amount":50},{"posx":12,"posy":4,"amount":50},{"posx":17,"posy":4,"amount":200}],"changedObstacles":[]},{"players":[{"playerId":2410245,"score":1950,"energy":8},{"playerId":2636282,"score":2000,"energy":4},{"playerId":239305,"score":2175,"energy":5},{"playerId":2238718,"score":1525,"energy":40}],"golds":[{"posx":0,"posy":0,"amount":50},{"posx":17,"posy":4,"amount":100}],"changedObstacles":[{"type":0,"posx":12,"posy":4,"value":-1}]},{"players":[{"playerId":2410245,"score":1950,"energy":3},{"playerId":2636282,"score":2000,"energy":16},{"playerId":239305,"score":2175,"energy":17},{"playerId":2238718,"score":1525,"energy":39}],"golds":[{"posx":0,"posy":0,"amount":50},{"posx":17,"posy":4,"amount":100}],"changedObstacles":[{"type":3,"posx":13,"posy":4,"value":-20}]},{"players":[{"playerId":2410245,"score":1950,"energy":15},{"playerId":2636282,"score":2000,"energy":32},{"playerId":239305,"score":2225,"energy":12},{"playerId":2238718,"score":1525,"energy":35}],"golds":[{"posx":0,"posy":0,"amount":50},{"posx":17,"posy":4,"amount":50}],"changedObstacles":[]},{"players":[{"playerId":2410245,"score":1950,"energy":10},{"playerId":2636282,"score":2017,"energy":27},{"playerId":239305,"score":2242,"energy":7},{"playerId":2238718,"score":1542,"energy":30}],"golds":[{"posx":0,"posy":0,"amount":50}],"changedObstacles":[{"type":3,"posx":14,"posy":4,"value":-20},{"type":0,"posx":17,"posy":4,"value":-1}]},{"players":[{"playerId":2410245,"score":1950,"energy":22},{"playerId":2636282,"score":2017,"energy":26},{"playerId":239305,"score":2242,"energy":19},{"playerId":2238718,"score":1542,"energy":42}],"golds":[{"posx":0,"posy":0,"amount":50}],"changedObstacles":[]},{"players":[{"playerId":2410245,"score":1950,"energy":2},{"playerId":2636282,"score":2017,"energy":25},{"playerId":239305,"score":2242,"energy":35},{"playerId":2238718,"score":1542,"energy":50}],"golds":[{"posx":0,"posy":0,"amount":50}],"changedObstacles":[{"type":3,"posx":13,"posy":4,"value":-40}]},{"players":[{"playerId":2410245,"score":1950,"energy":14},{"playerId":2636282,"score":2017,"energy":5},{"playerId":239305,"score":2242,"energy":50},{"playerId":2238718,"score":1542,"energy":49}],"golds":[{"posx":0,"posy":0,"amount":50}],"changedObstacles":[{"type":3,"posx":14,"posy":4,"value":-40}]},{"players":[{"playerId":2410245,"score":1950,"energy":13},{"playerId":2636282,"score":2017,"energy":17},{"playerId":239305,"score":2242,"energy":50},{"playerId":2238718,"score":1542,"energy":48}],"golds":[{"posx":0,"posy":0,"amount":50}],"changedObstacles":[]},{"players":[{"playerId":2410245,"score":1950,"energy":12},{"playerId":2636282,"score":2017,"energy":33},{"playerId":239305,"score":2242,"energy":50},{"playerId":2238718,"score":1542,"energy":47}],"golds":[{"posx":0,"posy":0,"amount":50}],"changedObstacles":[]},{"players":[{"playerId":2410245,"score":1950,"energy":11},{"playerId":2636282,"score":2017,"energy":50},{"playerId":239305,"score":2242,"energy":50},{"playerId":2238718,"score":1542,"energy":46}],"golds":[{"posx":0,"posy":0,"amount":50}],"changedObstacles":[]},{"players":[{"playerId":2410245,"score":1950,"energy":10},{"playerId":2636282,"score":2017,"energy":10},{"playerId":239305,"score":2242,"energy":50},{"playerId":2238718,"score":1542,"energy":45}],"golds":[{"posx":0,"posy":0,"amount":50}],"changedObstacles":[{"type":3,"posx":13,"posy":4,"value":-100}]},{"players":[{"playerId":2410245,"score":1950,"energy":9},{"playerId":2636282,"score":2017,"energy":9},{"playerId":239305,"score":2242,"energy":50},{"playerId":2238718,"score":1542,"energy":44}],"golds":[{"posx":0,"posy":0,"amount":50}],"changedObstacles":[]},{"players":[{"playerId":2410245,"score":1950,"energy":8},{"playerId":2636282,"score":2017,"energy":8},{"playerId":239305,"score":2242,"energy":50},{"playerId":2238718,"score":1542,"energy":43}],"golds":[{"posx":0,"posy":0,"amount":50}],"changedObstacles":[]},{"players":[{"playerId":2410245,"score":1950,"energy":7},{"playerId":2636282,"score":2017,"energy":7},{"playerId":239305,"score":2242,"energy":50},{"playerId":2238718,"score":1542,"energy":42}],"golds":[{"posx":0,"posy":0,"amount":50}],"changedObstacles":[]},{"players":[{"playerId":2410245,"score":1950,"energy":6},{"playerId":2636282,"score":2017,"energy":6},{"playerId":239305,"score":2242,"energy":50},{"playerId":2238718,"score":1542,"energy":41}],"golds":[{"posx":0,"posy":0,"amount":50}],"changedObstacles":[]},{"players":[{"playerId":2410245,"score":1950,"energy":5},{"playerId":2636282,"score":2017,"energy":5},{"playerId":239305,"score":2242,"energy":50},{"playerId":2238718,"score":1542,"energy":40}],"golds":[{"posx":0,"posy":0,"amount":50}],"changedObstacles":[]},{"players":[{"playerId":2410245,"score":1950,"energy":4},{"playerId":2636282,"score":2017,"energy":4},{"playerId":239305,"score":2242,"energy":50},{"playerId":2238718,"score":1542,"energy":39}],"golds":[{"posx":0,"posy":0,"amount":50}],"changedObstacles":[]},{"players":[{"playerId":2410245,"score":1950,"energy":16},{"playerId":2636282,"score":2017,"energy":3},{"playerId":239305,"score":2242,"energy":50},{"playerId":2238718,"score":1542,"energy":38}],"golds":[{"posx":0,"posy":0,"amount":50}],"changedObstacles":[]}]