[{"players":[{"playerId":2663641,"score":0,"energy":46},{"playerId":3573,"score":0,"energy":46},{"playerId":2268490,"score":0,"energy":46},{"playerId":2294637,"score":0,"energy":46}],"golds":[{"posx":8,"posy":4,"amount":50},{"posx":16,"posy":4,"amount":250},{"posx":7,"posy":4,"amount":750},{"posx":17,"posy":4,"amount":650},{"posx":4,"posy":4,"amount":450},{"posx":12,"posy":4,"amount":50},{"posx":9,"posy":1,"amount":600},{"posx":14,"posy":3,"amount":700},{"posx":12,"posy":2,"amount":600},{"posx":0,"posy":0,"amount":50},{"posx":6,"posy":7,"amount":150},{"posx":1,"posy":3,"amount":550},{"posx":3,"posy":1,"amount":400},{"posx":5,"posy":8,"amount":600},{"posx":3,"posy":5,"amount":600},{"posx":8,"posy":7,"amount":100},{"posx":5,"posy":3,"amount":700},{"posx":17,"posy":1,"amount":200},{"posx":15,"posy":2,"amount":300},{"posx":12,"posy":6,"amount":50}],"changedObstacles":[]},{"players":[{"playerId":2663641,"score":50,"energy":41},{"playerId":3573,"score":50,"energy":41},{"playerId":2268490,"score":50,"energy":41},{"playerId":2294637,"score":50,"energy":41}],"golds":[{"posx":0,"posy":0,"amount":50},{"posx":3,"posy":1,"amount":400},{"posx":9,"posy":1,"amount":600},{"posx":17,"posy":1,"amount":200},{"posx":12,"posy":2,"amount":600},{"posx":15,"posy":2,"amount":300},{"posx":1,"posy":3,"amount":550},{"posx":5,"posy":3,"amount":550},{"posx":14,"posy":3,"amount":700},{"posx":4,"posy":4,"amount":400},{"posx":7,"posy":4,"amount":750},{"posx":8,"posy":4,"amount":50},{"posx":12,"posy":4,"amount":50},{"posx":16,"posy":4,"amount":250},{"posx":17,"posy":4,"amount":650},{"posx":3,"posy":5,"amount":600},{"posx":12,"posy":6,"amount":50},{"posx":6,"posy":7,"amount":150},{"posx":8,"posy":7,"amount":100},{"posx":5,"posy":8,"amount":600}],"changedObstacles":[]},{"players":[{"playerId":2663641,"score":100,"energy":36},{"playerId":3573,"score":100,"energy":36},{"playerId":2268490,"score":100,"energy":36},{"playerId":2294637,"score":100,"energy":36}],"golds":[{"posx":0,"posy":0,"amount":50},{"posx":3,"posy":1,"amount":400},{"posx":9,"posy":1,"amount":600},{"posx":17,"posy":1,"amount":200},{"posx":12,"posy":2,"amount":600},{"posx":15,"posy":2,"amount":300},{"posx":1,"posy":3,"amount":550},{"posx":5,"posy":3,"amount":400},{"posx":14,"posy":3,"amount":700},{"posx":4,"posy":4,"amount":350},{"posx":7,"posy":4,"amount":750},{"posx":8,"posy":4,"amount":50},{"posx":12,"posy":4,"amount":50},{"posx":16,"posy":4,"amount":250},{"posx":17,"posy":4,"amount":650},{"posx":3,"posy":5,"amount":600},{"posx":12,"posy":6,"amount":50},{"posx":6,"posy":7,"amount":150},{"posx":8,"posy":7,"amount":100},{"posx":5,"posy":8,"amount":600}],"changedObstacles":[]},{"players":[{"playerId":2663641,"score":150,"energy":31},{"playerId":3573,"score":150,"energy":31},{"playerId":2268490,"score":150,"energy":31},{"playerId":2294637,"score":150,"energy":31}],"golds":[{"posx":0,"posy":0,"amount":50},{"posx":3,"posy":1,"amount":400},{"posx":9,"posy":1,"amount":600},{"posx":17,"posy":1,"amount":200},{"posx":12,"posy":2,"amount":600},{"posx":15,"posy":2,"amount":300},{"posx":1,"posy":3,"amount":550},{"posx":5,"posy":3,"amount":250},{"posx":14,"posy":3,"amount":700},{"posx":4,"posy":4,"amount":300},{"posx":7,"posy":4,"amount":750},{"posx":8,"posy":4,"amount":50},{"posx":12,"posy":4,"amount":50},{"posx":16,"posy":4,"amount":250},{"posx":17,"posy":4,"amount":650},{"posx":3,"posy":5,"amount":600},{"posx":12,"posy":6,"amount":50},{"posx":6,"posy":7,"amount":150},{"posx":8,"posy":7,"amount":100},{"posx":5,"posy":8,"amount":600}],"changedObstacles":[]},{"players":[{"playerId":2663641,"score":200,"energy":26},{"playerId":3573,"score":200,"energy":26},{"playerId":2268490,"score":200,"energy":26},{"playerId":2294637,"score":200,"energy":26}],"golds":[{"posx":0,"posy":0,"amount":50},{"posx":3,"posy":1,"amount":400},{"posx":9,"posy":1,"amount":600},{"posx":17,"posy":1,"amount":200},{"posx":12,"posy":2,"amount":600},{"posx":15,"posy":2,"amount":300},{"posx":1,"posy":3,"amount":550},{"posx":5,"posy":3,"amount":100},{"posx":14,"posy":3,"amount":700},{"posx":4,"posy":4,"amount":250},{"posx":7,"posy":4,"amount":750},{"posx":8,"posy":4,"amount":50},{"posx":12,"posy":4,"amount":50},{"posx":16,"posy":4,"amount":250},{"posx":17,"posy":4,"amount":650},{"posx":3,"posy":5,"amount":600},{"posx":12,"posy":6,"amount":50},{"posx":6,"posy":7,"amount":150},{"posx":8,"posy":7,"amount":100},{"posx":5,"posy":8,"amount":600}],"changedObstacles":[]},{"players":[{"playerId":2663641,"score":250,"energy":21},{"playerId":3573,"score":234,"energy":21},{"playerId":2268490,"score":234,"energy":21},{"playerId":2294637,"score":234,"energy":21}],"golds":[{"posx":0,"posy":0,"amount":50},{"posx":3,"posy":1,"amount":400},{"posx":9,"posy":1,"amount":600},{"posx":17,"posy":1,"amount":200},{"posx":12,"posy":2,"amount":600},{"posx":15,"posy":2,"amount":300},{"posx":1,"posy":3,"amount":550},{"posx":14,"posy":3,"amount":700},{"posx":4,"posy":4,"amount":200},{"posx":7,"posy":4,"amount":750},{"posx":8,"posy":4,"amount":50},{"posx":12,"posy":4,"amount":50},{"posx":16,"posy":4,"amount":250},{"posx":17,"posy":4,"amount":650},{"posx":3,"posy":5,"amount":600},{"posx":12,"posy":6,"amount":50},{"posx":6,"posy":7,"amount":150},{"posx":8,"posy":7,"amount":100},{"posx":5,"posy":8,"amount":600}],"changedObstacles":[{"type":0,"posx":5,"posy":3,"value":-1}]},{"players":[{"playerId":2663641,"score":300,"energy":16},{"playerId":3573,"score":234,"energy":33},{"playerId":2268490,"score":234,"energy":20},{"playerId":2294637,"score":234,"energy":11}],"golds":[{"posx":0,"posy":0,"amount":50},{"posx":3,"posy":1,"amount":400},{"posx":9,"posy":1,"amount":600},{"posx":17,"posy":1,"amount":200},{"posx":12,"posy":2,"amount":600},{"posx":15,"posy":2,"amount":300},{"posx":1,"posy":3,"amount":550},{"posx":14,"posy":3,"amount":700},{"posx":4,"posy":4,"amount":150},{"posx":7,"posy":4,"amount":750},{"posx":8,"posy":4,"amount":50},{"posx":12,"posy":4,"amount":50},{"posx":16,"posy":4,"amount":250},{"posx":17,"posy":4,"amount":650},{"posx":3,"posy":5,"amount":600},{"posx":12,"posy":6,"amount":50},{"posx":6,"posy":7,"amount":150},{"posx":8,"posy":7,"amount":100},{"posx":5,"posy":8,"amount":600}],"changedObstacles":[{"type":0,"posx":6,"posy":3,"value":-1}]},{"players":[{"playerId":2663641,"score":350,"energy":11},{"playerId":3573,"score":234,"energy":49},{"playerId":2268490,"score":234,"energy":10},{"playerId":2294637,"score":234,"energy":23}],"golds":[{"posx":0,"posy":0,"amount":50},{"posx":3,"posy":1,"amount":400},{"posx":9,"posy":1,"amount":600},{"posx":17,"posy":1,"amount":200},{"posx":12,"posy":2,"amount":600},{"posx":15,"posy":2,"amount":300},{"posx":1,"posy":3,"amount":550},{"posx":14,"posy":3,"amount":700},{"posx":4,"posy":4,"amount":100},{"posx":7,"posy":4,"amount":750},{"posx":8,"posy":4,"amount":50},{"posx":12,"posy":4,"amount":50},{"posx":16,"posy":4,"amount":250},{"posx":17,"posy":4,"amount":650},{"posx":3,"posy":5,"amount":600},{"posx":12,"posy":6,"amount":50},{"posx":6,"posy":7,"amount":150},{"posx":8,"posy":7,"amount":100},{"posx":5,"posy":8,"amount":600}],"changedObstacles":[{"type":0,"posx":6,"posy":2,"value":-1}]},{"players":[{"playerId":2663641,"score":400,"energy":6},{"playerId":3573,"score":234,"energy":48},{"playerId":2268490,"score":234,"energy":9},{"playerId":2294637,"score":234,"energy":39}],"golds":[{"posx":0,"posy":0,"amount":50},{"posx":3,"posy":1,"amount":400},{"posx":9,"posy":1,"amount":600},{"posx":17,"posy":1,"amount":200},{"posx":12,"posy":2,"amount":600},{"posx":15,"posy":2,"amount":300},{"posx":1,"posy":3,"amount":550},{"posx":14,"posy":3,"amount":700},{"posx":4,"posy":4,"amount":50},{"posx":7,"posy":4,"amount":750},{"posx":8,"posy":4,"amount":50},{"posx":12,"posy":4,"amount":50},{"posx":16,"posy":4,"amount":250},{"posx":17,"posy":4,"amount":650},{"posx":3,"posy":5,"amount":600},{"posx":12,"posy":6,"amount":50},{"posx":6,"posy":7,"amount":150},{"posx":8,"posy":7,"amount":100},{"posx":5,"posy":8,"amount":600}],"changedObstacles":[]},{"players":[{"playerId":2663641,"score":450,"energy":1},{"playerId":3573,"score":234,"energy":32},{"playerId":2268490,"score":234,"energy":21},{"playerId":2294637,"score":234,"energy":24}],"golds":[{"posx":0,"posy":0,"amount":50},{"posx":3,"posy":1,"amount":400},{"posx":9,"posy":1,"amount":600},{"posx":17,"posy":1,"amount":200},{"posx":12,"posy":2,"amount":600},{"posx":15,"posy":2,"amount":300},{"posx":1,"posy":3,"amount":550},{"posx":14,"posy":3,"amount":700},{"posx":7,"posy":4,"amount":750},{"posx":8,"posy":4,"amount":50},{"posx":12,"posy":4,"amount":50},{"posx":16,"posy":4,"amount":250},{"posx":17,"posy":4,"amount":650},{"posx":3,"posy":5,"amount":600},{"posx":12,"posy":6,"amount":50},{"posx":6,"posy":7,"amount":150},{"posx":8,"posy":7,"amount":100},{"posx":5,"posy":8,"amount":600}],"changedObstacles":[{"type":0,"posx":4,"posy":4,"value":-1}]},{"players":[{"playerId":2663641,"score":450,"energy":13},{"playerId":3573,"score":234,"energy":28},{"playerId":2268490,"score":234,"energy":11},{"playerId":2294637,"score":234,"energy":20}],"golds":[{"posx":0,"posy":0,"amount":50},{"posx":3,"posy":1,"amount":400},{"posx":9,"posy":1,"amount":600},{"posx":17,"posy":1,"amount":200},{"posx":12,"posy":2,"amount":600},{"posx":15,"posy":2,"amount":300},{"posx":1,"posy":3,"amount":550},{"posx":14,"posy":3,"amount":700},{"posx":7,"posy":4,"amount":750},{"posx":8,"posy":4,"amount":50},{"posx":12,"posy":4,"amount":50},{"posx":16,"posy":4,"amount":250},{"posx":17,"posy":4,"amount":650},{"posx":3,"posy":5,"amount":600},{"posx":12,"posy":6,"amount":50},{"posx":6,"posy":7,"amount":150},{"posx":8,"posy":7,"amount":100},{"posx":5,"posy":8,"amount":600}],"changedObstacles":[]},{"players":[{"playerId":2663641,"score":450,"energy":3},{"playerId":3573,"score":284,"energy":23},{"playerId":2268490,"score":234,"energy":10},{"playerId":2294637,"score":284,"energy":15}],"golds":[{"posx":0,"posy":0,"amount":50},{"posx":3,"posy":1,"amount":400},{"posx":9,"posy":1,"amount":600},{"posx":17,"posy":1,"amount":200},{"posx":12,"posy":2,"amount":600},{"posx":15,"posy":2,"amount":300},{"posx":1,"posy":3,"amount":550},{"posx":14,"posy":3,"amount":700},{"posx":7,"posy":4,"amount":650},{"posx":8,"posy":4,"amount":50},{"posx":12,"posy":4,"amount":50},{"posx":16,"posy":4,"amount":250},{"posx":17,"posy":4,"amount":650},{"posx":3,"posy":5,"amount":600},{"posx":12,"posy":6,"amount":50},{"posx":6,"posy":7,"amount":150},{"posx":8,"posy":7,"amount":100},{"posx":5,"posy":8,"amount":600}],"changedObstacles":[{"type":0,"posx":4,"posy":5,"value":-1}]},{"players":[{"playerId":2663641,"score":450,"energy":15},{"playerId":3573,"score":334,"energy":18},{"playerId":2268490,"score":234,"energy":6},{"playerId":2294637,"score":334,"energy":10}],"golds":[{"posx":0,"posy":0,"amount":50},{"posx":3,"posy":1,"amount":400},{"posx":9,"posy":1,"amount":600},{"posx":17,"posy":1,"amount":200},{"posx":12,"posy":2,"amount":600},{"posx":15,"posy":2,"amount":300},{"posx":1,"posy":3,"amount":550},{"posx":14,"posy":3,"amount":700},{"posx":7,"posy":4,"amount":550},{"posx":8,"posy":4,"amount":50},{"posx":12,"posy":4,"amount":50},{"posx":16,"posy":4,"amount":250},{"posx":17,"posy":4,"amount":650},{"posx":3,"posy":5,"amount":600},{"posx":12,"posy":6,"amount":50},{"posx":6,"posy":7,"amount":150},{"posx":8,"posy":7,"amount":100},{"posx":5,"posy":8,"amount":600}],"changedObstacles":[]},{"players":[{"playerId":2663641,"score":450,"energy":11},{"playerId":3573,"score":384,"energy":13},{"playerId":2268490,"score":234,"energy":18},{"playerId":2294637,"score":384,"energy":5}],"golds":[{"posx":0,"posy":0,"amount":50},{"posx":3,"posy":1,"amount":400},{"posx":9,"posy":1,"amount":600},{"posx":17,"posy":1,"amount":200},{"posx":12,"posy":2,"amount":600},{"posx":15,"posy":2,"amount":300},{"posx":1,"posy":3,"amount":550},{"posx":14,"posy":3,"amount":700},{"posx":7,"posy":4,"amount":450},{"posx":8,"posy":4,"amount":50},{"posx":12,"posy":4,"amount":50},{"posx":16,"posy":4,"amount":250},{"posx":17,"posy":4,"amount":650},{"posx":3,"posy":5,"amount":600},{"posx":12,"posy":6,"amount":50},{"posx":6,"posy":7,"amount":150},{"posx":8,"posy":7,"amount":100},{"posx":5,"posy":8,"amount":600}],"changedObstacles":[]},{"players":[{"playerId":2663641,"score":500,"energy":6},{"playerId":3573,"score":434,"energy":8},{"playerId":2268490,"score":234,"energy":34},{"playerId":2294637,"score":384,"energy":17}],"golds":[{"posx":0,"posy":0,"amount":50},{"posx":3,"posy":1,"amount":400},{"posx":9,"posy":1,"amount":600},{"posx":17,"posy":1,"amount":200},{"posx":12,"posy":2,"amount":600},{"posx":15,"posy":2,"amount":300},{"posx":1,"posy":3,"amount":550},{"posx":14,"posy":3,"amount":700},{"posx":7,"posy":4,"amount":400},{"posx":8,"posy":4,"amount":50},{"posx":12,"posy":4,"amount":50},{"posx":16,"posy":4,"amount":250},{"posx":17,"posy":4,"amount":650},{"posx":3,"posy":5,"amount":550},{"posx":12,"posy":6,"amount":50},{"posx":6,"posy":7,"amount":150},{"posx":8,"posy":7,"amount":100},{"posx":5,"posy":8,"amount":600}],"changedObstacles":[]},{"players":[{"playerId":2663641,"score":550,"energy":1},{"playerId":3573,"score":484,"energy":3},{"playerId":2268490,"score":284,"energy":29},{"playerId":2294637,"score":434,"energy":12}],"golds":[{"posx":0,"posy":0,"amount":50},{"posx":3,"posy":1,"amount":400},{"posx":9,"posy":1,"amount":550},{"posx":17,"posy":1,"amount":200},{"posx":12,"posy":2,"amount":600},{"posx":15,"posy":2,"amount":300},{"posx":1,"posy":3,"amount":550},{"posx":14,"posy":3,"amount":700},{"posx":7,"posy":4,"amount":300},{"posx":8,"posy":4,"amount":50},{"posx":12,"posy":4,"amount":50},{"posx":16,"posy":4,"amount":250},{"posx":17,"posy":4,"amount":650},{"posx":3,"posy":5,"amount":500},{"posx":12,"posy":6,"amount":50},{"posx":6,"posy":7,"amount":150},{"posx":8,"posy":7,"amount":100},{"posx":5,"posy":8,"amount":600}],"changedObstacles":[]},{"players":[{"playerId":2663641,"score":550,"energy":13},{"playerId":3573,"score":484,"energy":15},{"playerId":2268490,"score":334,"energy":24},{"playerId":2294637,"score":484,"energy":7}],"golds":[{"posx":0,"posy":0,"amount":50},{"posx":3,"posy":1,"amount":400},{"posx":9,"posy":1,"amount":500},{"posx":17,"posy":1,"amount":200},{"posx":12,"posy":2,"amount":600},{"posx":15,"posy":2,"amount":300},{"posx":1,"posy":3,"amount":550},{"posx":14,"posy":3,"amount":700},{"posx":7,"posy":4,"amount":250},{"posx":8,"posy":4,"amount":50},{"posx":12,"posy":4,"amount":50},{"posx":16,"posy":4,"amount":250},{"posx":17,"posy":4,"amount":650},{"posx":3,"posy":5,"amount":500},{"posx":12,"posy":6,"amount":50},{"posx":6,"posy":7,"amount":150},{"posx":8,"posy":7,"amount":100},{"posx":5,"posy":8,"amount":600}],"changedObstacles":[]},{"players":[{"playerId":2663641,"score":550,"energy":29},{"playerId":3573,"score":534,"energy":10},{"playerId":2268490,"score":384,"energy":19},{"playerId":2294637,"score":534,"energy":2}],"golds":[{"posx":0,"posy":0,"amount":50},{"posx":3,"posy":1,"amount":400},{"posx":9,"posy":1,"amount":450},{"posx":17,"posy":1,"amount":200},{"posx":12,"posy":2,"amount":600},{"posx":15,"posy":2,"amount":300},{"posx":1,"posy":3,"amount":550},{"posx":14,"posy":3,"amount":700},{"posx":7,"posy":4,"amount":150},{"posx":8,"posy":4,"amount":50},{"posx":12,"posy":4,"amount":50},{"posx":16,"posy":4,"amount":250},{"posx":17,"posy":4,"amount":650},{"posx":3,"posy":5,"amount":500},{"posx":12,"posy":6,"amount":50},{"posx":6,"posy":7,"amount":150},{"posx":8,"posy":7,"amount":100},{"posx":5,"posy":8,"amount":600}],"changedObstacles":[]},{"players":[{"playerId":2663641,"score":600,"energy":24},{"playerId":3573,"score":584,"energy":5},{"playerId":2268490,"score":434,"energy":14},{"playerId":2294637,"score":534,"energy":14}],"golds":[{"posx":0,"posy":0,"amount":50},{"posx":3,"posy":1,"amount":400},{"posx":9,"posy":1,"amount":400},{"posx":17,"posy":1,"amount":200},{"posx":12,"posy":2,"amount":600},{"posx":15,"posy":2,"amount":300},{"posx":1,"posy":3,"amount":550},{"posx":14,"posy":3,"amount":700},{"posx":7,"posy":4,"amount":100},{"posx":8,"posy":4,"amount":50},{"posx":12,"posy":4,"amount":50},{"posx":16,"posy":4,"amount":250},{"posx":17,"posy":4,"amount":650},{"posx":3,"posy":5,"amount":450},{"posx":12,"posy":6,"amount":50},{"posx":6,"posy":7,"amount":150},{"posx":8,"posy":7,"amount":100},{"posx":5,"posy":8,"amount":600}],"changedObstacles":[]},{"players":[{"playerId":2663641,"score":650,"energy":19},{"playerId":3573,"score":584,"energy":17},{"playerId":2268490,"score":484,"energy":9},{"playerId":2294637,"score":584,"energy":9}],"golds":[{"posx":0,"posy":0,"amount":50},{"posx":3,"posy":1,"amount":400},{"posx":9,"posy":1,"amount":350},{"posx":17,"posy":1,"amount":200},{"posx":12,"posy":2,"amount":600},{"posx":15,"posy":2,"amount":300},{"posx":1,"posy":3,"amount":550},{"posx":14,"posy":3,"amount":700},{"posx":7,"posy":4,"amount":50},{"posx":8,"posy":4,"amount":50},{"posx":12,"posy":4,"amount":50},{"posx":16,"posy":4,"amount":250},{"posx":17,"posy":4,"amount":650},{"posx":3,"posy":5,"amount":400},{"posx":12,"posy":6,"amount":50},{"posx":6,"posy":7,"amount":150},{"posx":8,"posy":7,"amount":100},{"posx":5,"posy":8,"amount":600}],"changedObstacles":[]},{"players":[{"playerId":2663641,"score":700,"energy":14},{"playerId":3573,"score":609,"energy":12},{"playerId":2268490,"score":534,"energy":4},{"playerId":2294637,"score":609,"energy":4}],"golds":[{"posx":0,"posy":0,"amount":50},{"posx":3,"posy":1,"amount":400},{"posx":9,"posy":1,"amount":300},{"posx":17,"posy":1,"amount":200},{"posx":12,"posy":2,"amount":600},{"posx":15,"posy":2,"amount":300},{"posx":1,"posy":3,"amount":550},{"posx":14,"posy":3,"amount":700},{"posx":8,"posy":4,"amount":50},{"posx":12,"posy":4,"amount":50},{"posx":16,"posy":4,"amount":250},{"posx":17,"posy":4,"amount":650},{"posx":3,"posy":5,"amount":350},{"posx":12,"posy":6,"amount":50},{"posx":6,"posy":7,"amount":150},{"posx":8,"posy":7,"amount":100},{"posx":5,"posy":8,"amount":600}],"changedObstacles":[{"type":0,"posx":7,"posy":4,"value":-1}]},{"players":[{"playerId":2663641,"score":750,"energy":9},{"playerId":3573,"score":609,"energy":8},{"playerId":2268490,"score":534,"energy":16},{"playerId":2294637,"score":609,"energy":16}],"golds":[{"posx":0,"posy":0,"amount":50},{"posx":3,"posy":1,"amount":400},{"posx":9,"posy":1,"amount":300},{"posx":17,"posy":1,"amount":200},{"posx":12,"posy":2,"amount":600},{"posx":15,"posy":2,"amount":300},{"posx":1,"posy":3,"amount":550},{"posx":14,"posy":3,"amount":700},{"posx":8,"posy":4,"amount":50},{"posx":12,"posy":4,"amount":50},{"posx":16,"posy":4,"amount":250},{"posx":17,"posy":4,"amount":650},{"posx":3,"posy":5,"amount":300},{"posx":12,"posy":6,"amount":50},{"posx":6,"posy":7,"amount":150},{"posx":8,"posy":7,"amount":100},{"posx":5,"posy":8,"amount":600}],"changedObstacles":[]},{"players":[{"playerId":2663641,"score":800,"energy":4},{"playerId":3573,"score":659,"energy":3},{"playerId":2268490,"score":534,"energy":32},{"playerId":2294637,"score":609,"energy":32}],"golds":[{"posx":0,"posy":0,"amount":50},{"posx":3,"posy":1,"amount":400},{"posx":9,"posy":1,"amount":300},{"posx":17,"posy":1,"amount":200},{"posx":12,"posy":2,"amount":600},{"posx":15,"posy":2,"amount":300},{"posx":1,"posy":3,"amount":550},{"posx":14,"posy":3,"amount":700},{"posx":12,"posy":4,"amount":50},{"posx":16,"posy":4,"amount":250},{"posx":17,"posy":4,"amount":650},{"posx":3,"posy":5,"amount":250},{"posx":12,"posy":6,"amount":50},{"posx":6,"posy":7,"amount":150},{"posx":8,"posy":7,"amount":100},{"posx":5,"posy":8,"amount":600}],"changedObstacles":[{"type":0,"posx":8,"posy":4,"value":-1}]},{"players":[{"playerId":2663641,"score":800,"energy":16},{"playerId":3573,"score":659,"energy":15},{"playerId":2268490,"score":584,"energy":27},{"playerId":2294637,"score":609,"energy":50}],"golds":[{"posx":0,"posy":0,"amount":50},{"posx":3,"posy":1,"amount":400},{"posx":9,"posy":1,"amount":250},{"posx":17,"posy":1,"amount":200},{"posx":12,"posy":2,"amount":600},{"posx":15,"posy":2,"amount":300},{"posx":1,"posy":3,"amount":550},{"posx":14,"posy":3,"amount":700},{"posx":12,"posy":4,"amount":50},{"posx":16,"posy":4,"amount":250},{"posx":17,"posy":4,"amount":650},{"posx":3,"posy":5,"amount":250},{"posx":12,"posy":6,"amount":50},{"posx":6,"posy":7,"amount":150},{"posx":8,"posy":7,"amount":100},{"posx":5,"posy":8,"amount":600}],"changedObstacles":[]},{"players":[{"playerId":2663641,"score":800,"energy":32},{"playerId":3573,"score":659,"energy":31},{"playerId":2268490,"score":634,"energy":22},{"playerId":2294637,"score":609,"energy":49}],"golds":[{"posx":0,"posy":0,"amount":50},{"posx":3,"posy":1,"amount":400},{"posx":9,"posy":1,"amount":200},{"posx":17,"posy":1,"amount":200},{"posx":12,"posy":2,"amount":600},{"posx":15,"posy":2,"amount":300},{"posx":1,"posy":3,"amount":550},{"posx":14,"posy":3,"amount":700},{"posx":12,"posy":4,"amount":50},{"posx":16,"posy":4,"amount":250},{"posx":17,"posy":4,"amount":650},{"posx":3,"posy":5,"amount":250},{"posx":12,"posy":6,"amount":50},{"posx":6,"posy":7,"amount":150},{"posx":8,"posy":7,"amount":100},{"posx":5,"posy":8,"amount":600}],"changedObstacles":[]},{"players":[{"playerId":2663641,"score":850,"energy":27},{"playerId":3573,"score":659,"energy":50},{"playerId":2268490,"score":684,"energy":17},{"playerId":2294637,"score":609,"energy":48}],"golds":[{"posx":0,"posy":0,"amount":50},{"posx":3,"posy":1,"amount":400},{"posx":9,"posy":1,"amount":150},{"posx":17,"posy":1,"amount":200},{"posx":12,"posy":2,"amount":600},{"posx":15,"posy":2,"amount":300},{"posx":1,"posy":3,"amount":550},{"posx":14,"posy":3,"amount":700},{"posx":12,"posy":4,"amount":50},{"posx":16,"posy":4,"amount":250},{"posx":17,"posy":4,"amount":650},{"posx":3,"posy":5,"amount":200},{"posx":12,"posy":6,"amount":50},{"posx":6,"posy":7,"amount":150},{"posx":8,"posy":7,"amount":100},{"posx":5,"posy":8,"amount":600}],"changedObstacles":[]},{"players":[{"playerId":2663641,"score":900,"energy":22},{"playerId":3573,"score":659,"energy":49},{"playerId":2268490,"score":734,"energy":12},{"playerId":2294637,"score":609,"energy":47}],"golds":[{"posx":0,"posy":0,"amount":50},{"posx":3,"posy":1,"amount":400},{"posx":9,"posy":1,"amount":100},{"posx":17,"posy":1,"amount":200},{"posx":12,"posy":2,"amount":600},{"posx":15,"posy":2,"amount":300},{"posx":1,"posy":3,"amount":550},{"posx":14,"posy":3,"amount":700},{"posx":12,"posy":4,"amount":50},{"posx":16,"posy":4,"amount":250},{"posx":17,"posy":4,"amount":650},{"posx":3,"posy":5,"amount":150},{"posx":12,"posy":6,"amount":50},{"posx":6,"posy":7,"amount":150},{"posx":8,"posy":7,"amount":100},{"posx":5,"posy":8,"amount":600}],"changedObstacles":[]},{"players":[{"playerId":2663641,"score":950,"energy":17},{"playerId":3573,"score":659,"energy":48},{"playerId":2268490,"score":784,"energy":7},{"playerId":2294637,"score":609,"energy":39}],"golds":[{"posx":0,"posy":0,"amount":50},{"posx":3,"posy":1,"amount":400},{"posx":9,"posy":1,"amount":50},{"posx":17,"posy":1,"amount":200},{"posx":12,"posy":2,"amount":600},{"posx":15,"posy":2,"amount":300},{"posx":1,"posy":3,"amount":550},{"posx":14,"posy":3,"amount":700},{"posx":12,"posy":4,"amount":50},{"posx":16,"posy":4,"amount":250},{"posx":17,"posy":4,"amount":650},{"posx":3,"posy":5,"amount":100},{"posx":12,"posy":6,"amount":50},{"posx":6,"posy":7,"amount":150},{"posx":8,"posy":7,"amount":100},{"posx":5,"posy":8,"amount":600}],"changedObstacles":[]},{"players":[{"playerId":2663641,"score":1000,"energy":12},{"playerId":3573,"score":659,"energy":40},{"playerId":2268490,"score":834,"energy":2},{"playerId":2294637,"score":609,"energy":30}],"golds":[{"posx":0,"posy":0,"amount":50},{"posx":3,"posy":1,"amount":400},{"posx":17,"posy":1,"amount":200},{"posx":12,"posy":2,"amount":600},{"posx":15,"posy":2,"amount":300},{"posx":1,"posy":3,"amount":550},{"posx":14,"posy":3,"amount":700},{"posx":12,"posy":4,"amount":50},{"posx":16,"posy":4,"amount":250},{"posx":17,"posy":4,"amount":650},{"posx":3,"posy":5,"amount":50},{"posx":12,"posy":6,"amount":50},{"posx":6,"posy":7,"amount":150},{"posx":8,"posy":7,"amount":100},{"posx":5,"posy":8,"amount":600}],"changedObstacles":[{"type":0,"posx":9,"posy":1,"value":-1}]},{"players":[{"playerId":2663641,"score":1050,"energy":7},{"playerId":3573,"score":659,"energy":27},{"playerId":2268490,"score":834,"energy":14},{"playerId":2294637,"score":609,"energy":29}],"golds":[{"posx":0,"posy":0,"amount":50},{"posx":3,"posy":1,"amount":400},{"posx":17,"posy":1,"amount":200},{"posx":12,"posy":2,"amount":600},{"posx":15,"posy":2,"amount":300},{"posx":1,"posy":3,"amount":550},{"posx":14,"posy":3,"amount":700},{"posx":12,"posy":4,"amount":50},{"posx":16,"posy":4,"amount":250},{"posx":17,"posy":4,"amount":650},{"posx":12,"posy":6,"amount":50},{"posx":6,"posy":7,"amount":150},{"posx":8,"posy":7,"amount":100},{"posx":5,"posy":8,"amount":600}],"changedObstacles":[{"type":0,"posx":3,"posy":5,"value":-1}]},{"players":[{"playerId":2663641,"score":1050,"energy":19},{"playerId":3573,"score":659,"energy":39},{"playerId":2268490,"score":834,"energy":30},{"playerId":2294637,"score":609,"energy":19}],"golds":[{"posx":0,"posy":0,"amount":50},{"posx":3,"posy":1,"amount":400},{"posx":17,"posy":1,"amount":200},{"posx":12,"posy":2,"amount":600},{"posx":15,"posy":2,"amount":300},{"posx":1,"posy":3,"amount":550},{"posx":14,"posy":3,"amount":700},{"posx":12,"posy":4,"amount":50},{"posx":16,"posy":4,"amount":250},{"posx":17,"posy":4,"amount":650},{"posx":12,"posy":6,"amount":50},{"posx":6,"posy":7,"amount":150},{"posx":8,"posy":7,"amount":100},{"posx":5,"posy":8,"amount":600}],"changedObstacles":[]},{"players":[{"playerId":2663641,"score":1050,"energy":35},{"playerId":3573,"score":659,"energy":38},{"playerId":2268490,"score":834,"energy":13},{"playerId":2294637,"score":609,"energy":15}],"golds":[{"posx":0,"posy":0,"amount":50},{"posx":3,"posy":1,"amount":400},{"posx":17,"posy":1,"amount":200},{"posx":12,"posy":2,"amount":600},{"posx":15,"posy":2,"amount":300},{"posx":1,"posy":3,"amount":550},{"posx":14,"posy":3,"amount":700},{"posx":12,"posy":4,"amount":50},{"posx":16,"posy":4,"amount":250},{"posx":17,"posy":4,"amount":650},{"posx":12,"posy":6,"amount":50},{"posx":6,"posy":7,"amount":150},{"posx":8,"posy":7,"amount":100},{"posx":5,"posy":8,"amount":600}],"changedObstacles":[]},{"players":[{"playerId":2663641,"score":1050,"energy":25},{"playerId":3573,"score":659,"energy":34},{"playerId":2268490,"score":834,"energy":12},{"playerId":2294637,"score":659,"energy":10}],"golds":[{"posx":0,"posy":0,"amount":50},{"posx":3,"posy":1,"amount":400},{"posx":17,"posy":1,"amount":200},{"posx":12,"posy":2,"amount":600},{"posx":15,"posy":2,"amount":300},{"posx":1,"posy":3,"amount":550},{"posx":14,"posy":3,"amount":650},{"posx":12,"posy":4,"amount":50},{"posx":16,"posy":4,"amount":250},{"posx":17,"posy":4,"amount":650},{"posx":12,"posy":6,"amount":50},{"posx":6,"posy":7,"amount":150},{"posx":8,"posy":7,"amount":100},{"posx":5,"posy":8,"amount":600}],"changedObstacles":[{"type":0,"posx":3,"posy":4,"value":-1}]},{"players":[{"playerId":2663641,"score":1050,"energy":20},{"playerId":3573,"score":709,"energy":29},{"playerId":2268490,"score":834,"energy":7},{"playerId":2294637,"score":709,"energy":5}],"golds":[{"posx":0,"posy":0,"amount":50},{"posx":3,"posy":1,"amount":400},{"posx":17,"posy":1,"amount":200},{"posx":12,"posy":2,"amount":550},{"posx":15,"posy":2,"amount":300},{"posx":1,"posy":3,"amount":550},{"posx":14,"posy":3,"amount":600},{"posx":12,"posy":4,"amount":50},{"posx":16,"posy":4,"amount":250},{"posx":17,"posy":4,"amount":650},{"posx":12,"posy":6,"amount":50},{"posx":6,"posy":7,"amount":150},{"posx":8,"posy":7,"amount":100},{"posx":5,"posy":8,"amount":600}],"changedObstacles":[{"type":3,"posx":11,"posy":2,"value":-20},{"type":3,"posx":3,"posy":3,"value":-20}]},{"players":[{"playerId":2663641,"score":1050,"energy":19},{"playerId":3573,"score":759,"energy":24},{"playerId":2268490,"score":834,"energy":3},{"playerId":2294637,"score":709,"energy":17}],"golds":[{"posx":0,"posy":0,"amount":50},{"posx":3,"posy":1,"amount":400},{"posx":17,"posy":1,"amount":200},{"posx":12,"posy":2,"amount":500},{"posx":15,"posy":2,"amount":300},{"posx":1,"posy":3,"amount":550},{"posx":14,"posy":3,"amount":600},{"posx":12,"posy":4,"amount":50},{"posx":16,"posy":4,"amount":250},{"posx":17,"posy":4,"amount":650},{"posx":12,"posy":6,"amount":50},{"posx":6,"posy":7,"amount":150},{"posx":8,"posy":7,"amount":100},{"posx":5,"posy":8,"amount":600}],"changedObstacles":[]},{"players":[{"playerId":2663641,"score":1050,"energy":15},{"playerId":3573,"score":809,"energy":19},{"playerId":2268490,"score":834,"energy":15},{"playerId":2294637,"score":709,"energy":33}],"golds":[{"posx":0,"posy":0,"amount":50},{"posx":3,"posy":1,"amount":400},{"posx":17,"posy":1,"amount":200},{"posx":12,"posy":2,"amount":450},{"posx":15,"posy":2,"amount":300},{"posx":1,"posy":3,"amount":550},{"posx":14,"posy":3,"amount":600},{"posx":12,"posy":4,"amount":50},{"posx":16,"posy":4,"amount":250},{"posx":17,"posy":4,"amount":650},{"posx":12,"posy":6,"amount":50},{"posx":6,"posy":7,"amount":150},{"posx":8,"posy":7,"amount":100},{"posx":5,"posy":8,"amount":600}],"changedObstacles":[]},{"players":[{"playerId":2663641,"score":1100,"energy":10},{"playerId":3573,"score":859,"energy":14},{"playerId":2268490,"score":834,"energy":31},{"playerId":2294637,"score":709,"energy":50}],"golds":[{"posx":0,"posy":0,"amount":50},{"posx":3,"posy":1,"amount":350},{"posx":17,"posy":1,"amount":200},{"posx":12,"posy":2,"amount":400},{"posx":15,"posy":2,"amount":300},{"posx":1,"posy":3,"amount":550},{"posx":14,"posy":3,"amount":600},{"posx":12,"posy":4,"amount":50},{"posx":16,"posy":4,"amount":250},{"posx":17,"posy":4,"amount":650},{"posx":12,"posy":6,"amount":50},{"posx":6,"posy":7,"amount":150},{"posx":8,"posy":7,"amount":100},{"posx":5,"posy":8,"amount":600}],"changedObstacles":[]},{"players":[{"playerId":2663641,"score":1150,"energy":5},{"playerId":3573,"score":909,"energy":9},{"playerId":2268490,"score":884,"energy":26},{"playerId":2294637,"score":759,"energy":45}],"golds":[{"posx":0,"posy":0,"amount":50},{"posx":3,"posy":1,"amount":300},{"posx":17,"posy":1,"amount":200},{"posx":12,"posy":2,"amount":300},{"posx":15,"posy":2,"amount":300},{"posx":1,"posy":3,"amount":550},{"posx":14,"posy":3,"amount":550},{"posx":12,"posy":4,"amount":50},{"posx":16,"posy":4,"amount":250},{"posx":17,"posy":4,"amount":650},{"posx":12,"posy":6,"amount":50},{"posx":6,"posy":7,"amount":150},{"posx":8,"posy":7,"amount":100},{"posx":5,"posy":8,"amount":600}],"changedObstacles":[]},{"players":[{"playerId":2663641,"score":1150,"energy":17},{"playerId":3573,"score":959,"energy":4},{"playerId":2268490,"score":934,"energy":21},{"playerId":2294637,"score":809,"energy":40}],"golds":[{"posx":0,"posy":0,"amount":50},{"posx":3,"posy":1,"amount":300},{"posx":17,"posy":1,"amount":200},{"posx":12,"posy":2,"amount":200},{"posx":15,"posy":2,"amount":300},{"posx":1,"posy":3,"amount":550},{"posx":14,"posy":3,"amount":500},{"posx":12,"posy":4,"amount":50},{"posx":16,"posy":4,"amount":250},{"posx":17,"posy":4,"amount":650},{"posx":12,"posy":6,"amount":50},{"posx":6,"posy":7,"amount":150},{"posx":8,"posy":7,"amount":100},{"posx":5,"posy":8,"amount":600}],"changedObstacles":[]},{"players":[{"playerId":2663641,"score":1150,"energy":33},{"playerId":3573,"score":959,"energy":16},{"playerId":2268490,"score":984,"energy":16},{"playerId":2294637,"score":859,"energy":35}],"golds":[{"posx":0,"posy":0,"amount":50},{"posx":3,"posy":1,"amount":300},{"posx":17,"posy":1,"amount":200},{"posx":12,"posy":2,"amount":150},{"posx":15,"posy":2,"amount":300},{"posx":1,"posy":3,"amount":550},{"posx":14,"posy":3,"amount":450},{"posx":12,"posy":4,"amount":50},{"posx":16,"posy":4,"amount":250},{"posx":17,"posy":4,"amount":650},{"posx":12,"posy":6,"amount":50},{"posx":6,"posy":7,"amount":150},{"posx":8,"posy":7,"amount":100},{"posx":5,"posy":8,"amount":600}],"changedObstacles":[]},{"players":[{"playerId":2663641,"score":1200,"energy":28},{"playerId":3573,"score":1009,"energy":11},{"playerId":2268490,"score":1034,"energy":11},{"playerId":2294637,"score":909,"energy":30}],"golds":[{"posx":0,"posy":0,"amount":50},{"posx":3,"posy":1,"amount":250},{"posx":17,"posy":1,"amount":200},{"posx":12,"posy":2,"amount":50},{"posx":15,"posy":2,"amount":300},{"posx":1,"posy":3,"amount":550},{"posx":14,"posy":3,"amount":400},{"posx":12,"posy":4,"amount":50},{"posx":16,"posy":4,"amount":250},{"posx":17,"posy":4,"amount":650},{"posx":12,"posy":6,"amount":50},{"posx":6,"posy":7,"amount":150},{"posx":8,"posy":7,"amount":100},{"posx":5,"posy":8,"amount":600}],"changedObstacles":[]},{"players":[{"playerId":2663641,"score":1250,"energy":23},{"playerId":3573,"score":1034,"energy":6},{"playerId":2268490,"score":1059,"energy":6},{"playerId":2294637,"score":959,"energy":25}],"golds":[{"posx":0,"posy":0,"amount":50},{"posx":3,"posy":1,"amount":200},{"posx":17,"posy":1,"amount":200},{"posx":15,"posy":2,"amount":300},{"posx":1,"posy":3,"amount":550},{"posx":14,"posy":3,"amount":350},{"posx":12,"posy":4,"amount":50},{"posx":16,"posy":4,"amount":250},{"posx":17,"posy":4,"amount":650},{"posx":12,"posy":6,"amount":50},{"posx":6,"posy":7,"amount":150},{"posx":8,"posy":7,"amount":100},{"posx":5,"posy":8,"amount":600}],"changedObstacles":[{"type":0,"posx":12,"posy":2,"value":-1}]},{"players":[{"playerId":2663641,"score":1300,"energy":18},{"playerId":3573,"score":1034,"energy":18},{"playerId":2268490,"score":1059,"energy":5},{"playerId":2294637,"score":1009,"energy":20}],"golds":[{"posx":0,"posy":0,"amount":50},{"posx":3,"posy":1,"amount":150},{"posx":17,"posy":1,"amount":200},{"posx":15,"posy":2,"amount":300},{"posx":1,"posy":3,"amount":550},{"posx":14,"posy":3,"amount":300},{"posx":12,"posy":4,"amount":50},{"posx":16,"posy":4,"amount":250},{"posx":17,"posy":4,"amount":650},{"posx":12,"posy":6,"amount":50},{"posx":6,"posy":7,"amount":150},{"posx":8,"posy":7,"amount":100},{"posx":5,"posy":8,"amount":600}],"changedObstacles":[]},{"players":[{"playerId":2663641,"score":1350,"energy":13},{"playerId":3573,"score":1034,"energy":34},{"playerId":2268490,"score":1059,"energy":1},{"playerId":2294637,"score":1059,"energy":15}],"golds":[{"posx":0,"posy":0,"amount":50},{"posx":3,"posy":1,"amount":100},{"posx":17,"posy":1,"amount":200},{"posx":15,"posy":2,"amount":300},{"posx":1,"posy":3,"amount":550},{"posx":14,"posy":3,"amount":250},{"posx":12,"posy":4,"amount":50},{"posx":16,"posy":4,"amount":250},{"posx":17,"posy":4,"amount":650},{"posx":12,"posy":6,"amount":50},{"posx":6,"posy":7,"amount":150},{"posx":8,"posy":7,"amount":100},{"posx":5,"posy":8,"amount":600}],"changedObstacles":[]},{"players":[{"playerId":2663641,"score":1400,"energy":8},{"playerId":3573,"score":1034,"energy":50},{"playerId":2268490,"score":1059,"energy":13},{"playerId":2294637,"score":1109,"energy":10}],"golds":[{"posx":0,"posy":0,"amount":50},{"posx":3,"posy":1,"amount":50},{"posx":17,"posy":1,"amount":200},{"posx":15,"posy":2,"amount":300},{"posx":1,"posy":3,"amount":550},{"posx":14,"posy":3,"amount":200},{"posx":12,"posy":4,"amount":50},{"posx":16,"posy":4,"amount":250},{"posx":17,"posy":4,"amount":650},{"posx":12,"posy":6,"amount":50},{"posx":6,"posy":7,"amount":150},{"posx":8,"posy":7,"amount":100},{"posx":5,"posy":8,"amount":600}],"changedObstacles":[]},{"players":[{"playerId":2663641,"score":1450,"energy":3},{"playerId":3573,"score":1034,"energy":31},{"playerId":2268490,"score":1059,"energy":29},{"playerId":2294637,"score":1159,"energy":5}],"golds":[{"posx":0,"posy":0,"amount":50},{"posx":17,"posy":1,"amount":200},{"posx":15,"posy":2,"amount":300},{"posx":1,"posy":3,"amount":550},{"posx":14,"posy":3,"amount":150},{"posx":12,"posy":4,"amount":50},{"posx":16,"posy":4,"amount":250},{"posx":17,"posy":4,"amount":650},{"posx":12,"posy":6,"amount":50},{"posx":6,"posy":7,"amount":150},{"posx":8,"posy":7,"amount":100},{"posx":5,"posy":8,"amount":600}],"changedObstacles":[{"type":0,"posx":3,"posy":1,"value":-1}]},{"players":[{"playerId":2663641,"score":1450,"energy":2},{"playerId":3573,"score":1034,"energy":43},{"playerId":2268490,"score":1109,"energy":24},{"playerId":2294637,"score":1159,"energy":17}],"golds":[{"posx":0,"posy":0,"amount":50},{"posx":17,"posy":1,"amount":200},{"posx":15,"posy":2,"amount":300},{"posx":1,"posy":3,"amount":550},{"posx":14,"posy":3,"amount":150},{"posx":16,"posy":4,"amount":250},{"posx":17,"posy":4,"amount":650},{"posx":12,"posy":6,"amount":50},{"posx":6,"posy":7,"amount":150},{"posx":8,"posy":7,"amount":100},{"posx":5,"posy":8,"amount":600}],"changedObstacles":[{"type":0,"posx":12,"posy":4,"value":-1}]},{"players":[{"playerId":2663641,"score":1450,"energy":1},{"playerId":3573,"score":1034,"energy":33},{"playerId":2268490,"score":1109,"energy":23},{"playerId":2294637,"score":1209,"energy":12}],"golds":[{"posx":0,"posy":0,"amount":50},{"posx":17,"posy":1,"amount":200},{"posx":15,"posy":2,"amount":300},{"posx":1,"posy":3,"amount":550},{"posx":14,"posy":3,"amount":100},{"posx":16,"posy":4,"amount":250},{"posx":17,"posy":4,"amount":650},{"posx":12,"posy":6,"amount":50},{"posx":6,"posy":7,"amount":150},{"posx":8,"posy":7,"amount":100},{"posx":5,"posy":8,"amount":600}],"changedObstacles":[{"type":0,"posx":14,"posy":2,"value":-1}]},{"players":[{"playerId":2663641,"score":1450,"energy":13},{"playerId":3573,"score":1034,"energy":29},{"playerId":2268490,"score":1109,"energy":19},{"playerId":2294637,"score":1259,"energy":7}],"golds":[{"posx":0,"posy":0,"amount":50},{"posx":17,"posy":1,"amount":200},{"posx":15,"posy":2,"amount":300},{"posx":1,"posy":3,"amount":550},{"posx":14,"posy":3,"amount":50},{"posx":16,"posy":4,"amount":250},{"posx":17,"posy":4,"amount":650},{"posx":12,"posy":6,"amount":50},{"posx":6,"posy":7,"amount":150},{"posx":8,"posy":7,"amount":100},{"posx":5,"posy":8,"amount":600}],"changedObstacles":[]},{"players":[{"playerId":2663641,"score":1450,"energy":29},{"playerId":3573,"score":1084,"energy":24},{"playerId":2268490,"score":1159,"energy":14},{"playerId":2294637,"score":1309,"energy":2}],"golds":[{"posx":0,"posy":0,"amount":50},{"posx":17,"posy":1,"amount":200},{"posx":15,"posy":2,"amount":250},{"posx":1,"posy":3,"amount":550},{"posx":16,"posy":4,"amount":250},{"posx":17,"posy":4,"amount":650},{"posx":6,"posy":7,"amount":150},{"posx":8,"posy":7,"amount":100},{"posx":5,"posy":8,"amount":600}],"changedObstacles":[{"type":0,"posx":12,"posy":6,"value":-1},{"type":0,"posx":14,"posy":3,"value":-1}]},{"players":[{"playerId":2663641,"score":1450,"energy":28},{"playerId":3573,"score":1134,"energy":19},{"playerId":2268490,"score":1159,"energy":13},{"playerId":2294637,"score":1309,"energy":14}],"golds":[{"posx":0,"posy":0,"amount":50},{"posx":17,"posy":1,"amount":200},{"posx":15,"posy":2,"amount":200},{"posx":1,"posy":3,"amount":550},{"posx":16,"posy":4,"amount":250},{"posx":17,"posy":4,"amount":650},{"posx":6,"posy":7,"amount":150},{"posx":8,"posy":7,"amount":100},{"posx":5,"posy":8,"amount":600}],"changedObstacles":[]},{"players":[{"playerId":2663641,"score":1450,"energy":24},{"playerId":3573,"score":1184,"energy":14},{"playerId":2268490,"score":1159,"energy":12},{"playerId":2294637,"score":1309,"energy":30}],"golds":[{"posx":0,"posy":0,"amount":50},{"posx":17,"posy":1,"amount":200},{"posx":15,"posy":2,"amount":150},{"posx":1,"posy":3,"amount":550},{"posx":16,"posy":4,"amount":250},{"posx":17,"posy":4,"amount":650},{"posx":6,"posy":7,"amount":150},{"posx":8,"posy":7,"amount":100},{"posx":5,"posy":8,"amount":600}],"changedObstacles":[]},{"players":[{"playerId":2663641,"score":1500,"energy":19},{"playerId":3573,"score":1234,"energy":9},{"playerId":2268490,"score":1159,"energy":7},{"playerId":2294637,"score":1309,"energy":50}],"golds":[{"posx":0,"posy":0,"amount":50},{"posx":17,"posy":1,"amount":200},{"posx":15,"posy":2,"amount":100},{"posx":1,"posy":3,"amount":500},{"posx":16,"posy":4,"amount":250},{"posx":17,"posy":4,"amount":650},{"posx":6,"posy":7,"amount":150},{"posx":8,"posy":7,"amount":100},{"posx":5,"posy":8,"amount":600}],"changedObstacles":[{"type":3,"posx":13,"posy":4,"value":-20}]},{"players":[{"playerId":2663641,"score":1550,"energy":14},{"playerId":3573,"score":1284,"energy":4},{"playerId":2268490,"score":1159,"energy":2},{"playerId":2294637,"score":1309,"energy":49}],"golds":[{"posx":0,"posy":0,"amount":50},{"posx":17,"posy":1,"amount":200},{"posx":15,"posy":2,"amount":50},{"posx":1,"posy":3,"amount":450},{"posx":16,"posy":4,"amount":250},{"posx":17,"posy":4,"amount":650},{"posx":6,"posy":7,"amount":150},{"posx":8,"posy":7,"amount":100},{"posx":5,"posy":8,"amount":600}],"changedObstacles":[{"type":3,"posx":14,"posy":4,"value":-20}]},{"players":[{"playerId":2663641,"score":1600,"energy":9},{"playerId":3573,"score":1284,"energy":16},{"playerId":2268490,"score":1159,"energy":1},{"playerId":2294637,"score":1309,"energy":48}],"golds":[{"posx":0,"posy":0,"amount":50},{"posx":17,"posy":1,"amount":200},{"posx":15,"posy":2,"amount":50},{"posx":1,"posy":3,"amount":400},{"posx":16,"posy":4,"amount":250},{"posx":17,"posy":4,"amount":650},{"posx":6,"posy":7,"amount":150},{"posx":8,"posy":7,"amount":100},{"posx":5,"posy":8,"amount":600}],"changedObstacles":[]},{"players":[{"playerId":2663641,"score":1650,"energy":4},{"playerId":3573,"score":1334,"energy":11},{"playerId":2268490,"score":1159,"energy":13},{"playerId":2294637,"score":1309,"energy":44}],"golds":[{"posx":0,"posy":0,"amount":50},{"posx":17,"posy":1,"amount":200},{"posx":1,"posy":3,"amount":350},{"posx":16,"posy":4,"amount":250},{"posx":17,"posy":4,"amount":650},{"posx":6,"posy":7,"amount":150},{"posx":8,"posy":7,"amount":100},{"posx":5,"posy":8,"amount":600}],"changedObstacles":[{"type":0,"posx":15,"posy":2,"value":-1}]},{"players":[{"playerId":2663641,"score":1650,"energy":16},{"playerId":3573,"score":1334,"energy":23},{"playerId":2268490,"score":1159,"energy":29},{"playerId":2294637,"score":1359,"energy":39}],"golds":[{"posx":0,"posy":0,"amount":50},{"posx":17,"posy":1,"amount":200},{"posx":1,"posy":3,"amount":350},{"posx":16,"posy":4,"amount":200},{"posx":17,"posy":4,"amount":650},{"posx":6,"posy":7,"amount":150},{"posx":8,"posy":7,"amount":100},{"posx":5,"posy":8,"amount":600}],"changedObstacles":[]},{"players":[{"playerId":2663641,"score":1650,"energy":32},{"playerId":3573,"score":1334,"energy":39},{"playerId":2268490,"score":1159,"energy":25},{"playerId":2294637,"score":1409,"energy":34}],"golds":[{"posx":0,"posy":0,"amount":50},{"posx":17,"posy":1,"amount":200},{"posx":1,"posy":3,"amount":350},{"posx":16,"posy":4,"amount":150},{"posx":17,"posy":4,"amount":650},{"posx":6,"posy":7,"amount":150},{"posx":8,"posy":7,"amount":100},{"posx":5,"posy":8,"amount":600}],"changedObstacles":[]},{"players":[{"playerId":2663641,"score":1700,"energy":27},{"playerId":3573,"score":1334,"energy":38},{"playerId":2268490,"score":1209,"energy":20},{"playerId":2294637,"score":1459,"energy":29}],"golds":[{"posx":0,"posy":0,"amount":50},{"posx":17,"posy":1,"amount":200},{"posx":1,"posy":3,"amount":300},{"posx":16,"posy":4,"amount":50},{"posx":17,"posy":4,"amount":650},{"posx":6,"posy":7,"amount":150},{"posx":8,"posy":7,"amount":100},{"posx":5,"posy":8,"amount":600}],"changedObstacles":[]},{"players":[{"playerId":2663641,"score":1750,"energy":22},{"playerId":3573,"score":1334,"energy":27},{"playerId":2268490,"score":1234,"energy":15},{"playerId":2294637,"score":1484,"energy":24}],"golds":[{"posx":0,"posy":0,"amount":50},{"posx":17,"posy":1,"amount":200},{"posx":1,"posy":3,"amount":250},{"posx":17,"posy":4,"amount":650},{"posx":6,"posy":7,"amount":150},{"posx":8,"posy":7,"amount":100},{"posx":5,"posy":8,"amount":600}],"changedObstacles":[{"type":0,"posx":16,"posy":4,"value":-1}]},{"players":[{"playerId":2663641,"score":1800,"energy":17},{"playerId":3573,"score":1334,"energy":23},{"playerId":2268490,"score":1234,"energy":11},{"playerId":2294637,"score":1484,"energy":20}],"golds":[{"posx":0,"posy":0,"amount":50},{"posx":17,"posy":1,"amount":200},{"posx":1,"posy":3,"amount":200},{"posx":17,"posy":4,"amount":650},{"posx":6,"posy":7,"amount":150},{"posx":8,"posy":7,"amount":100},{"posx":5,"posy":8,"amount":600}],"changedObstacles":[]},{"players":[{"playerId":2663641,"score":1850,"energy":12},{"playerId":3573,"score":1384,"energy":18},{"playerId":2268490,"score":1284,"energy":6},{"playerId":2294637,"score":1534,"energy":15}],"golds":[{"posx":0,"posy":0,"amount":50},{"posx":17,"posy":1,"amount":150},{"posx":1,"posy":3,"amount":150},{"posx":17,"posy":4,"amount":550},{"posx":6,"posy":7,"amount":150},{"posx":8,"posy":7,"amount":100},{"posx":5,"posy":8,"amount":600}],"changedObstacles":[]},{"players":[{"playerId":2663641,"score":1900,"energy":7},{"playerId":3573,"score":1434,"energy":13},{"playerId":2268490,"score":1284,"energy":18},{"playerId":2294637,"score":1584,"energy":10}],"golds":[{"posx":0,"posy":0,"amount":50},{"posx":17,"posy":1,"amount":100},{"posx":1,"posy":3,"amount":100},{"posx":17,"posy":4,"amount":500},{"posx":6,"posy":7,"amount":150},{"posx":8,"posy":7,"amount":100},{"posx":5,"posy":8,"amount":600}],"changedObstacles":[]},{"players":[{"playerId":2663641,"score":1950,"energy":2},{"playerId":3573,"score":1484,"energy":8},{"playerId":2268490,"score":1284,"energy":34},{"playerId":2294637,"score":1634,"energy":5}],"golds":[{"posx":0,"posy":0,"amount":50},{"posx":17,"posy":1,"amount":50},{"posx":1,"posy":3,"amount":50},{"posx":17,"posy":4,"amount":450},{"posx":6,"posy":7,"amount":150},{"posx":8,"posy":7,"amount":100},{"posx":5,"posy":8,"amount":600}],"changedObstacles":[]},{"players":[{"playerId":2663641,"score":1950,"energy":14},{"playerId":3573,"score":1534,"energy":3},{"playerId":2268490,"score":1334,"energy":29},{"playerId":2294637,"score":1634,"energy":17}],"golds":[{"posx":0,"posy":0,"amount":50},{"posx":1,"posy":3,"amount":50},{"posx":17,"posy":4,"amount":400},{"posx":6,"posy":7,"amount":150},{"posx":8,"posy":7,"amount":100},{"posx":5,"posy":8,"amount":600}],"changedObstacles":[{"type":0,"posx":17,"posy":1,"value":-1}]},{"players":[{"playerId":2663641,"score":1950,"energy":30},{"playerId":3573,"score":1534,"energy":15},{"playerId":2268490,"score":1384,"energy":24},{"playerId":2294637,"score":1684,"energy":12}],"golds":[{"posx":0,"posy":0,"amount":50},{"posx":1,"posy":3,"amount":50},{"posx":17,"posy":4,"amount":300},{"posx":6,"posy":7,"amount":150},{"posx":8,"posy":7,"amount":100},{"posx":5,"posy":8,"amount":600}],"changedObstacles":[]},{"players":[{"playerId":2663641,"score":2000,"energy":25},{"playerId":3573,"score":1534,"energy":31},{"playerId":2268490,"score":1434,"energy":19},{"playerId":2294637,"score":1734,"energy":7}],"golds":[{"posx":0,"posy":0,"amount":50},{"posx":17,"posy":4,"amount":200},{"posx":6,"posy":7,"amount":150},{"posx":8,"posy":7,"amount":100},{"posx":5,"posy":8,"amount":600}],"changedObstacles":[{"type":0,"posx":1,"posy":3,"value":-1}]},{"players":[{"playerId":2663641,"score":2000,"energy":24},{"playerId":3573,"score":1534,"energy":50},{"playerId":2268490,"score":1484,"energy":14},{"playerId":2294637,"score":1784,"energy":2}],"golds":[{"posx":0,"posy":0,"amount":50},{"posx":17,"posy":4,"amount":100},{"posx":6,"posy":7,"amount":150},{"posx":8,"posy":7,"amount":100},{"posx":5,"posy":8,"amount":600}],"changedObstacles":[]},{"players":[{"playerId":2663641,"score":2000,"energy":23},{"playerId":3573,"score":1534,"energy":45},{"playerId":2268490,"score":1534,"energy":9},{"playerId":2294637,"score":1784,"energy":14}],"golds":[{"posx":0,"posy":0,"amount":50},{"posx":17,"posy":4,"amount":50},{"posx":6,"posy":7,"amount":150},{"posx":8,"posy":7,"amount":100},{"posx":5,"posy":8,"amount":600}],"changedObstacles":[{"type":3,"posx":16,"posy":1,"value":-20}]},{"players":[{"playerId":2663641,"score":2000,"energy":18},{"playerId":3573,"score":1534,"energy":44},{"playerId":2268490,"score":1559,"energy":4},{"playerId":2294637,"score":1809,"energy":9}],"golds":[{"posx":0,"posy":0,"amount":50},{"posx":6,"posy":7,"amount":150},{"posx":8,"posy":7,"amount":100},{"posx":5,"posy":8,"amount":600}],"changedObstacles":[{"type":3,"posx":2,"posy":5,"value":-20},{"type":0,"posx":17,"posy":4,"value":-1}]},{"players":[{"playerId":2663641,"score":2000,"energy":17},{"playerId":3573,"score":1534,"energy":34},{"playerId":2268490,"score":1559,"energy":3},{"playerId":2294637,"score":1809,"energy":8}],"golds":[{"posx":0,"posy":0,"amount":50},{"posx":6,"posy":7,"amount":150},{"posx":8,"posy":7,"amount":100},{"posx":5,"posy":8,"amount":600}],"changedObstacles":[{"type":0,"posx":16,"posy":3,"value":-1}]},{"players":[{"playerId":2663641,"score":2000,"energy":16},{"playerId":3573,"score":1534,"energy":46},{"playerId":2268490,"score":1559,"energy":15},{"playerId":2294637,"score":1809,"energy":20}],"golds":[{"posx":0,"posy":0,"amount":50},{"posx":6,"posy":7,"amount":150},{"posx":8,"posy":7,"amount":100},{"posx":5,"posy":8,"amount":600}],"changedObstacles":[]},{"players":[{"playerId":2663641,"score":2000,"energy":11},{"playerId":3573,"score":1534,"energy":45},{"playerId":2268490,"score":1559,"energy":10},{"playerId":2294637,"score":1809,"energy":36}],"golds":[{"posx":0,"posy":0,"amount":50},{"posx":6,"posy":7,"amount":150},{"posx":8,"posy":7,"amount":100},{"posx":5,"posy":8,"amount":600}],"changedObstacles":[{"type":3,"posx":16,"posy":5,"value":-20},{"type":3,"posx":3,"posy":7,"value":-20}]},{"players":[{"playerId":2663641,"score":2000,"energy":1},{"playerId":3573,"score":1534,"energy":25},{"playerId":2268490,"score":1559,"energy":22},{"playerId":2294637,"score":1809,"energy":50}],"golds":[{"posx":0,"posy":0,"amount":50},{"posx":6,"posy":7,"amount":150},{"posx":8,"posy":7,"amount":100},{"posx":5,"posy":8,"amount":600}],"changedObstacles":[{"type":0,"posx":4,"posy":7,"value":-1},{"type":3,"posx":16,"posy":5,"value":-40}]},{"players":[{"playerId":2663641,"score":2000,"energy":13},{"playerId":3573,"score":1534,"energy":37},{"playerId":2268490,"score":1559,"energy":12},{"playerId":2294637,"score":1809,"energy":49}],"golds":[{"posx":0,"posy":0,"amount":50},{"posx":6,"posy":7,"amount":150},{"posx":8,"posy":7,"amount":100},{"posx":5,"posy":8,"amount":600}],"changedObstacles":[{"type":0,"posx":15,"posy":5,"value":-1}]},{"players":[{"playerId":2663641,"score":2000,"energy":29},{"playerId":3573,"score":1534,"energy":32},{"playerId":2268490,"score":1559,"energy":11},{"playerId":2294637,"score":1809,"energy":48}],"golds":[{"posx":0,"posy":0,"amount":50},{"posx":6,"posy":7,"amount":150},{"posx":8,"posy":7,"amount":100},{"posx":5,"posy":8,"amount":600}],"changedObstacles":[{"type":3,"posx":16,"posy":6,"value":-20}]},{"players":[{"playerId":2663641,"score":2000,"energy":28},{"playerId":3573,"score":1534,"energy":44},{"playerId":2268490,"score":1559,"energy":10},{"playerId":2294637,"score":1809,"energy":47}],"golds":[{"posx":0,"posy":0,"amount":50},{"posx":6,"posy":7,"amount":150},{"posx":8,"posy":7,"amount":100},{"posx":5,"posy":8,"amount":600}],"changedObstacles":[]},{"players":[{"playerId":2663641,"score":2000,"energy":24},{"playerId":3573,"score":1534,"energy":39},{"playerId":2268490,"score":1559,"energy":9},{"playerId":2294637,"score":1809,"energy":46}],"golds":[{"posx":0,"posy":0,"amount":50},{"posx":6,"posy":7,"amount":150},{"posx":8,"posy":7,"amount":100},{"posx":5,"posy":8,"amount":600}],"changedObstacles":[{"type":3,"posx":16,"posy":7,"value":-20}]},{"players":[{"playerId":2663641,"score":2050,"energy":19},{"playerId":3573,"score":1534,"energy":29},{"playerId":2268490,"score":1559,"energy":8},{"playerId":2294637,"score":1809,"energy":45}],"golds":[{"posx":0,"posy":0,"amount":50},{"posx":6,"posy":7,"amount":150},{"posx":8,"posy":7,"amount":100},{"posx":5,"posy":8,"amount":550}],"changedObstacles":[{"type":0,"posx":15,"posy":7,"value":-1}]},{"players":[{"playerId":2663641,"score":2100,"energy":14},{"playerId":3573,"score":1534,"energy":41},{"playerId":2268490,"score":1559,"energy":7},{"playerId":2294637,"score":1809,"energy":44}],"golds":[{"posx":0,"posy":0,"amount":50},{"posx":6,"posy":7,"amount":150},{"posx":8,"posy":7,"amount":100},{"posx":5,"posy":8,"amount":500}],"changedObstacles":[]},{"players":[{"playerId":2663641,"score":2150,"energy":9},{"playerId":3573,"score":1534,"energy":40},{"playerId":2268490,"score":1559,"energy":19},{"playerId":2294637,"score":1809,"energy":34}],"golds":[{"posx":0,"posy":0,"amount":50},{"posx":6,"posy":7,"amount":150},{"posx":8,"posy":7,"amount":100},{"posx":5,"posy":8,"amount":450}],"changedObstacles":[]},{"players":[{"playerId":2663641,"score":2200,"energy":4},{"playerId":3573,"score":1534,"energy":39},{"playerId":2268490,"score":1559,"energy":9},{"playerId":2294637,"score":1809,"energy":33}],"golds":[{"posx":0,"posy":0,"amount":50},{"posx":6,"posy":7,"amount":150},{"posx":8,"posy":7,"amount":100},{"posx":5,"posy":8,"amount":400}],"changedObstacles":[{"type":0,"posx":12,"posy":8,"value":-1}]},{"players":[{"playerId":2663641,"score":2200,"energy":16},{"playerId":3573,"score":1534,"energy":20},{"playerId":2268490,"score":1559,"energy":8},{"playerId":2294637,"score":1809,"energy":28}],"golds":[{"posx":0,"posy":0,"amount":50},{"posx":6,"posy":7,"amount":150},{"posx":8,"posy":7,"amount":100},{"posx":5,"posy":8,"amount":400}],"changedObstacles":[{"type":3,"posx":9,"posy":6,"value":-20}]},{"players":[{"playerId":2663641,"score":2200,"energy":32},{"playerId":3573,"score":1534,"energy":32},{"playerId":2268490,"score":1559,"energy":3},{"playerId":2294637,"score":1809,"energy":27}],"golds":[{"posx":0,"posy":0,"amount":50},{"posx":6,"posy":7,"amount":150},{"posx":8,"posy":7,"amount":100},{"posx":5,"posy":8,"amount":400}],"changedObstacles":[{"type":3,"posx":10,"posy":8,"value":-20}]},{"players":[{"playerId":2663641,"score":2250,"energy":27},{"playerId":3573,"score":1534,"energy":48},{"playerId":2268490,"score":1559,"energy":2},{"playerId":2294637,"score":1809,"energy":23}],"golds":[{"posx":0,"posy":0,"amount":50},{"posx":6,"posy":7,"amount":150},{"posx":8,"posy":7,"amount":100},{"posx":5,"posy":8,"amount":350}],"changedObstacles":[]},{"players":[{"playerId":2663641,"score":2300,"energy":22},{"playerId":3573,"score":1534,"energy":38},{"playerId":2268490,"score":1559,"energy":1},{"playerId":2294637,"score":1859,"energy":18}],"golds":[{"posx":0,"posy":0,"amount":50},{"posx":6,"posy":7,"amount":150},{"posx":8,"posy":7,"amount":50},{"posx":5,"posy":8,"amount":300}],"changedObstacles":[{"type":0,"posx":11,"posy":7,"value":-1}]},{"players":[{"playerId":2663641,"score":2350,"energy":17},{"playerId":3573,"score":1534,"energy":28},{"playerId":2268490,"score":1559,"energy":13},{"playerId":2294637,"score":1909,"energy":13}],"golds":[{"posx":0,"posy":0,"amount":50},{"posx":6,"posy":7,"amount":150},{"posx":5,"posy":8,"amount":250}],"changedObstacles":[{"type":0,"posx":10,"posy":7,"value":-1},{"type":0,"posx":8,"posy":7,"value":-1}]},{"players":[{"playerId":2663641,"score":2400,"energy":12},{"playerId":3573,"score":1534,"energy":40},{"playerId":2268490,"score":1559,"energy":3},{"playerId":2294637,"score":1909,"energy":3}],"golds":[{"posx":0,"posy":0,"amount":50},{"posx":6,"posy":7,"amount":150},{"posx":5,"posy":8,"amount":200}],"changedObstacles":[{"type":0,"posx":7,"posy":8,"value":-1},{"type":0,"posx":7,"posy":7,"value":-1}]},{"players":[{"playerId":2663641,"score":2450,"energy":7},{"playerId":3573,"score":1534,"energy":20},{"playerId":2268490,"score":1559,"energy":2},{"playerId":2294637,"score":1909,"energy":15}],"golds":[{"posx":0,"posy":0,"amount":50},{"posx":6,"posy":7,"amount":150},{"posx":5,"posy":8,"amount":150}],"changedObstacles":[{"type":3,"posx":10,"posy":8,"value":-40}]},{"players":[{"playerId":2663641,"score":2500,"energy":2},{"playerId":3573,"score":1534,"energy":32},{"playerId":2268490,"score":1559,"energy":14},{"playerId":2294637,"score":1909,"energy":31}],"golds":[{"posx":0,"posy":0,"amount":50},{"posx":6,"posy":7,"amount":150},{"posx":5,"posy":8,"amount":100}],"changedObstacles":[]},{"players":[{"playerId":2663641,"score":2500,"energy":14},{"playerId":3573,"score":1534,"energy":48},{"playerId":2268490,"score":1559,"energy":30},{"playerId":2294637,"score":1909,"energy":50}],"golds":[{"posx":0,"posy":0,"amount":50},{"posx":6,"posy":7,"amount":150},{"posx":5,"posy":8,"amount":100}],"changedObstacles":[]},{"players":[{"playerId":2663641,"score":2500,"energy":30},{"playerId":3573,"score":1534,"energy":47},{"playerId":2268490,"score":1559,"energy":26},{"playerId":2294637,"score":1909,"energy":46}],"golds":[{"posx":0,"posy":0,"amount":50},{"posx":6,"posy":7,"amount":150},{"posx":5,"posy":8,"amount":100}],"changedObstacles":[]},{"players":[{"playerId":2663641,"score":2550,"energy":25},{"playerId":3573,"score":1534,"energy":42},{"playerId":2268490,"score":1609,"energy":21},{"playerId":2294637,"score":1959,"energy":41}],"golds":[{"posx":0,"posy":0,"amount":50},{"posx":6,"posy":7,"amount":100}],"changedObstacles":[{"type":3,"posx":9,"posy":7,"value":-20},{"type":0,"posx":5,"posy":8,"value":-1}]},{"players":[{"playerId":2663641,"score":2550,"energy":24},{"playerId":3573,"score":1534,"energy":41},{"playerId":2268490,"score":1609,"energy":20},{"playerId":2294637,"score":2009,"energy":36}],"golds":[{"posx":0,"posy":0,"amount":50},{"posx":6,"posy":7,"amount":50}],"changedObstacles":[]},{"players":[{"playerId":2663641,"score":2550,"energy":14},{"playerId":3573,"score":1534,"energy":40},{"playerId":2268490,"score":1609,"energy":19},{"playerId":2294637,"score":2059,"energy":31}],"golds":[{"posx":0,"posy":0,"amount":50}],"changedObstacles":[{"type":0,"posx":5,"posy":6,"value":-1},{"type":0,"posx":6,"posy":7,"value":-1}]},{"players":[{"playerId":2663641,"score":2550,"energy":13},{"playerId":3573,"score":1534,"energy":35},{"playerId":2268490,"score":1609,"energy":9},{"playerId":2294637,"score":2059,"energy":43}],"golds":[{"posx":0,"posy":0,"amount":50}],"changedObstacles":[{"type":0,"posx":4,"posy":6,"value":-1},{"type":3,"posx":7,"posy":6,"value":-20}]},{"players":[{"playerId":2663641,"score":2550,"energy":12},{"playerId":3573,"score":1534,"energy":27},{"playerId":2268490,"score":1609,"energy":8},{"playerId":2294637,"score":2059,"energy":50}],"golds":[{"posx":0,"posy":0,"amount":50}],"changedObstacles":[]},{"players":[{"playerId":2663641,"score":2550,"energy":11},{"playerId":3573,"score":1534,"energy":39},{"playerId":2268490,"score":1609,"energy":7},{"playerId":2294637,"score":2059,"energy":50}],"golds":[{"posx":0,"posy":0,"amount":50}],"changedObstacles":[]},{"players":[{"playerId":2663641,"score":2550,"energy":10},{"playerId":3573,"score":1534,"energy":38},{"playerId":2268490,"score":1609,"energy":19},{"playerId":2294637,"score":2059,"energy":50}],"golds":[{"posx":0,"posy":0,"amount":50}],"changedObstacles":[]},{"players":[{"playerId":2663641,"score":2550,"energy":5},{"playerId":3573,"score":1534,"energy":19},{"playerId":2268490,"score":1609,"energy":35},{"playerId":2294637,"score":2059,"energy":50}],"golds":[{"posx":0,"posy":0,"amount":50}],"changedObstacles":[{"type":3,"posx":4,"posy":2,"value":-20}]}]