[{"players":[{"playerId":2344466,"score":0,"energy":46,"posx":4,"posy":4,"lastAction":3,"status":0},{"playerId":3573,"score":0,"energy":46,"posx":5,"posy":3,"lastAction":1,"status":0},{"playerId":2268490,"score":0,"energy":46,"posx":5,"posy":3,"lastAction":1,"status":0},{"playerId":2241039,"score":0,"energy":46,"posx":5,"posy":3,"lastAction":1,"status":0}],"golds":[{"posx":8,"posy":4,"amount":50},{"posx":16,"posy":4,"amount":250},{"posx":7,"posy":4,"amount":750},{"posx":17,"posy":4,"amount":650},{"posx":4,"posy":4,"amount":450},{"posx":12,"posy":4,"amount":50},{"posx":9,"posy":1,"amount":600},{"posx":14,"posy":3,"amount":700},{"posx":12,"posy":2,"amount":600},{"posx":0,"posy":0,"amount":50},{"posx":6,"posy":7,"amount":150},{"posx":1,"posy":3,"amount":550},{"posx":3,"posy":1,"amount":400},{"posx":5,"posy":8,"amount":600},{"posx":3,"posy":5,"amount":600},{"posx":8,"posy":7,"amount":100},{"posx":5,"posy":3,"amount":700},{"posx":17,"posy":1,"amount":200},{"posx":15,"posy":2,"amount":300},{"posx":12,"posy":6,"amount":50}],"changedObstacles":[]},{"players":[{"playerId":2344466,"score":50,"energy":41,"posx":4,"posy":4,"lastAction":5,"status":0},{"playerId":3573,"score":50,"energy":41,"posx":5,"posy":3,"lastAction":5,"status":0},{"playerId":2268490,"score":50,"energy":41,"posx":5,"posy":3,"lastAction":5,"status":0},{"playerId":2241039,"score":50,"energy":41,"posx":5,"posy":3,"lastAction":5,"status":0}],"golds":[{"posx":0,"posy":0,"amount":50},{"posx":3,"posy":1,"amount":400},{"posx":9,"posy":1,"amount":600},{"posx":17,"posy":1,"amount":200},{"posx":12,"posy":2,"amount":600},{"posx":15,"posy":2,"amount":300},{"posx":1,"posy":3,"amount":550},{"posx":5,"posy":3,"amount":550},{"posx":14,"posy":3,"amount":700},{"posx":4,"posy":4,"amount":400},{"posx":7,"posy":4,"amount":750},{"posx":8,"posy":4,"amount":50},{"posx":12,"posy":4,"amount":50},{"posx":16,"posy":4,"amount":250},{"posx":17,"posy":4,"amount":650},{"posx":3,"posy":5,"amount":600},{"posx":12,"posy":6,"amount":50},{"posx":6,"posy":7,"amount":150},{"posx":8,"posy":7,"amount":100},{"posx":5,"posy":8,"amount":600}],"changedObstacles":[]},{"players":[{"playerId":2344466,"score":100,"energy":36,"posx":4,"posy":4,"lastAction":5,"status":0},{"playerId":3573,"score":100,"energy":36,"posx":5,"posy":3,"lastAction":5,"status":0},{"playerId":2268490,"score":100,"energy":36,"posx":5,"posy":3,"lastAction":5,"status":0},{"playerId":2241039,"score":100,"energy":36,"posx":5,"posy":3,"lastAction":5,"status":0}],"golds":[{"posx":0,"posy":0,"amount":50},{"posx":3,"posy":1,"amount":400},{"posx":9,"posy":1,"amount":600},{"posx":17,"posy":1,"amount":200},{"posx":12,"posy":2,"amount":600},{"posx":15,"posy":2,"amount":300},{"posx":1,"posy":3,"amount":550},{"posx":5,"posy":3,"amount":400},{"posx":14,"posy":3,"amount":700},{"posx":4,"posy":4,"amount":350},{"posx":7,"posy":4,"amount":750},{"posx":8,"posy":4,"amount":50},{"posx":12,"posy":4,"amount":50},{"posx":16,"posy":4,"amount":250},{"posx":17,"posy":4,"amount":650},{"posx":3,"posy":5,"amount":600},{"posx":12,"posy":6,"amount":50},{"posx":6,"posy":7,"amount":150},{"posx":8,"posy":7,"amount":100},{"posx":5,"posy":8,"amount":600}],"changedObstacles":[]},{"players":[{"playerId":2344466,"score":150,"energy":31,"posx":4,"posy":4,"lastAction":5,"status":0},{"playerId":3573,"score":150,"energy":31,"posx":5,"posy":3,"lastAction":5,"status":0},{"playerId":2268490,"score":150,"energy":31,"posx":5,"posy":3,"lastAction":5,"status":0},{"playerId":2241039,"score":150,"energy":31,"posx":5,"posy":3,"lastAction":5,"status":0}],"golds":[{"posx":0,"posy":0,"amount":50},{"posx":3,"posy":1,"amount":400},{"posx":9,"posy":1,"amount":600},{"posx":17,"posy":1,"amount":200},{"posx":12,"posy":2,"amount":600},{"posx":15,"posy":2,"amount":300},{"posx":1,"posy":3,"amount":550},{"posx":5,"posy":3,"amount":250},{"posx":14,"posy":3,"amount":700},{"posx":4,"posy":4,"amount":300},{"posx":7,"posy":4,"amount":750},{"posx":8,"posy":4,"amount":50},{"posx":12,"posy":4,"amount":50},{"posx":16,"posy":4,"amount":250},{"posx":17,"posy":4,"amount":650},{"posx":3,"posy":5,"amount":600},{"posx":12,"posy":6,"amount":50},{"posx":6,"posy":7,"amount":150},{"posx":8,"posy":7,"amount":100},{"posx":5,"posy":8,"amount":600}],"changedObstacles":[]},{"players":[{"playerId":2344466,"score":200,"energy":26,"posx":4,"posy":4,"lastAction":5,"status":0},{"playerId":3573,"score":200,"energy":26,"posx":5,"posy":3,"lastAction":5,"status":0},{"playerId":2268490,"score":200,"energy":26,"posx":5,"posy":3,"lastAction":5,"status":0},{"playerId":2241039,"score":200,"energy":26,"posx":5,"posy":3,"lastAction":5,"status":0}],"golds":[{"posx":0,"posy":0,"amount":50},{"posx":3,"posy":1,"amount":400},{"posx":9,"posy":1,"amount":600},{"posx":17,"posy":1,"amount":200},{"posx":12,"posy":2,"amount":600},{"posx":15,"posy":2,"amount":300},{"posx":1,"posy":3,"amount":550},{"posx":5,"posy":3,"amount":100},{"posx":14,"posy":3,"amount":700},{"posx":4,"posy":4,"amount":250},{"posx":7,"posy":4,"amount":750},{"posx":8,"posy":4,"amount":50},{"posx":12,"posy":4,"amount":50},{"posx":16,"posy":4,"amount":250},{"posx":17,"posy":4,"amount":650},{"posx":3,"posy":5,"amount":600},{"posx":12,"posy":6,"amount":50},{"posx":6,"posy":7,"amount":150},{"posx":8,"posy":7,"amount":100},{"posx":5,"posy":8,"amount":600}],"changedObstacles":[]},{"players":[{"playerId":2344466,"score":250,"energy":21,"posx":4,"posy":4,"lastAction":5,"status":0},{"playerId":3573,"score":234,"energy":21,"posx":5,"posy":3,"lastAction":5,"status":0},{"playerId":2268490,"score":234,"energy":21,"posx":5,"posy":3,"lastAction":5,"status":0},{"playerId":2241039,"score":234,"energy":21,"posx":5,"posy":3,"lastAction":5,"status":0}],"golds":[{"posx":0,"posy":0,"amount":50},{"posx":3,"posy":1,"amount":400},{"posx":9,"posy":1,"amount":600},{"posx":17,"posy":1,"amount":200},{"posx":12,"posy":2,"amount":600},{"posx":15,"posy":2,"amount":300},{"posx":1,"posy":3,"amount":550},{"posx":14,"posy":3,"amount":700},{"posx":4,"posy":4,"amount":200},{"posx":7,"posy":4,"amount":750},{"posx":8,"posy":4,"amount":50},{"posx":12,"posy":4,"amount":50},{"posx":16,"posy":4,"amount":250},{"posx":17,"posy":4,"amount":650},{"posx":3,"posy":5,"amount":600},{"posx":12,"posy":6,"amount":50},{"posx":6,"posy":7,"amount":150},{"posx":8,"posy":7,"amount":100},{"posx":5,"posy":8,"amount":600}],"changedObstacles":[{"type":0,"posx":5,"posy":3,"value":-1}]},{"players":[{"playerId":2344466,"score":300,"energy":16,"posx":4,"posy":4,"lastAction":5,"status":0},{"playerId":3573,"score":234,"energy":33,"posx":5,"posy":3,"lastAction":4,"status":0},{"playerId":2268490,"score":234,"energy":20,"posx":5,"posy":2,"lastAction":2,"status":0},{"playerId":2241039,"score":234,"energy":20,"posx":4,"posy":3,"lastAction":0,"status":0}],"golds":[{"posx":0,"posy":0,"amount":50},{"posx":3,"posy":1,"amount":400},{"posx":9,"posy":1,"amount":600},{"posx":17,"posy":1,"amount":200},{"posx":12,"posy":2,"amount":600},{"posx":15,"posy":2,"amount":300},{"posx":1,"posy":3,"amount":550},{"posx":14,"posy":3,"amount":700},{"posx":4,"posy":4,"amount":150},{"posx":7,"posy":4,"amount":750},{"posx":8,"posy":4,"amount":50},{"posx":12,"posy":4,"amount":50},{"posx":16,"posy":4,"amount":250},{"posx":17,"posy":4,"amount":650},{"posx":3,"posy":5,"amount":600},{"posx":12,"posy":6,"amount":50},{"posx":6,"posy":7,"amount":150},{"posx":8,"posy":7,"amount":100},{"posx":5,"posy":8,"amount":600}],"changedObstacles":[]},{"players":[{"playerId":2344466,"score":350,"energy":11,"posx":4,"posy":4,"lastAction":5,"status":0},{"playerId":3573,"score":234,"energy":49,"posx":5,"posy":3,"lastAction":4,"status":0},{"playerId":2268490,"score":234,"energy":10,"posx":6,"posy":2,"lastAction":1,"status":0},{"playerId":2241039,"score":234,"energy":15,"posx":3,"posy":3,"lastAction":0,"status":0}],"golds":[{"posx":0,"posy":0,"amount":50},{"posx":3,"posy":1,"amount":400},{"posx":9,"posy":1,"amount":600},{"posx":17,"posy":1,"amount":200},{"posx":12,"posy":2,"amount":600},{"posx":15,"posy":2,"amount":300},{"posx":1,"posy":3,"amount":550},{"posx":14,"posy":3,"amount":700},{"posx":4,"posy":4,"amount":100},{"posx":7,"posy":4,"amount":750},{"posx":8,"posy":4,"amount":50},{"posx":12,"posy":4,"amount":50},{"posx":16,"posy":4,"amount":250},{"posx":17,"posy":4,"amount":650},{"posx":3,"posy":5,"amount":600},{"posx":12,"posy":6,"amount":50},{"posx":6,"posy":7,"amount":150},{"posx":8,"posy":7,"amount":100},{"posx":5,"posy":8,"amount":600}],"changedObstacles":[{"type":3,"posx":3,"posy":3,"value":-20},{"type":0,"posx":6,"posy":2,"value":-1}]},{"players":[{"playerId":2344466,"score":400,"energy":6,"posx":4,"posy":4,"lastAction":5,"status":0},{"playerId":3573,"score":234,"energy":39,"posx":6,"posy":3,"lastAction":1,"status":0},{"playerId":2268490,"score":234,"energy":9,"posx":6,"posy":1,"lastAction":2,"status":0},{"playerId":2241039,"score":234,"energy":5,"posx":3,"posy":4,"lastAction":3,"status":0}],"golds":[{"posx":0,"posy":0,"amount":50},{"posx":3,"posy":1,"amount":400},{"posx":9,"posy":1,"amount":600},{"posx":17,"posy":1,"amount":200},{"posx":12,"posy":2,"amount":600},{"posx":15,"posy":2,"amount":300},{"posx":1,"posy":3,"amount":550},{"posx":14,"posy":3,"amount":700},{"posx":4,"posy":4,"amount":50},{"posx":7,"posy":4,"amount":750},{"posx":8,"posy":4,"amount":50},{"posx":12,"posy":4,"amount":50},{"posx":16,"posy":4,"amount":250},{"posx":17,"posy":4,"amount":650},{"posx":3,"posy":5,"amount":600},{"posx":12,"posy":6,"amount":50},{"posx":6,"posy":7,"amount":150},{"posx":8,"posy":7,"amount":100},{"posx":5,"posy":8,"amount":600}],"changedObstacles":[{"type":0,"posx":3,"posy":4,"value":-1},{"type":0,"posx":6,"posy":3,"value":-1}]},{"players":[{"playerId":2344466,"score":450,"energy":1,"posx":4,"posy":4,"lastAction":5,"status":0},{"playerId":3573,"score":234,"energy":27,"posx":7,"posy":3,"lastAction":1,"status":0},{"playerId":2268490,"score":234,"energy":21,"posx":6,"posy":1,"lastAction":4,"status":0},{"playerId":2241039,"score":234,"energy":1,"posx":3,"posy":5,"lastAction":3,"status":0}],"golds":[{"posx":0,"posy":0,"amount":50},{"posx":3,"posy":1,"amount":400},{"posx":9,"posy":1,"amount":600},{"posx":17,"posy":1,"amount":200},{"posx":12,"posy":2,"amount":600},{"posx":15,"posy":2,"amount":300},{"posx":1,"posy":3,"amount":550},{"posx":14,"posy":3,"amount":700},{"posx":7,"posy":4,"amount":750},{"posx":8,"posy":4,"amount":50},{"posx":12,"posy":4,"amount":50},{"posx":16,"posy":4,"amount":250},{"posx":17,"posy":4,"amount":650},{"posx":3,"posy":5,"amount":600},{"posx":12,"posy":6,"amount":50},{"posx":6,"posy":7,"amount":150},{"posx":8,"posy":7,"amount":100},{"posx":5,"posy":8,"amount":600}],"changedObstacles":[{"type":0,"posx":4,"posy":4,"value":-1}]},{"players":[{"playerId":2344466,"score":450,"energy":13,"posx":4,"posy":4,"lastAction":4,"status":0},{"playerId":3573,"score":234,"energy":23,"posx":7,"posy":4,"lastAction":3,"status":0},{"playerId":2268490,"score":234,"energy":10,"posx":7,"posy":1,"lastAction":1,"status":0},{"playerId":2241039,"score":234,"energy":13,"posx":3,"posy":5,"lastAction":4,"status":0}],"golds":[{"posx":0,"posy":0,"amount":50},{"posx":3,"posy":1,"amount":400},{"posx":9,"posy":1,"amount":600},{"posx":17,"posy":1,"amount":200},{"posx":12,"posy":2,"amount":600},{"posx":15,"posy":2,"amount":300},{"posx":1,"posy":3,"amount":550},{"posx":14,"posy":3,"amount":700},{"posx":7,"posy":4,"amount":750},{"posx":8,"posy":4,"amount":50},{"posx":12,"posy":4,"amount":50},{"posx":16,"posy":4,"amount":250},{"posx":17,"posy":4,"amount":650},{"posx":3,"posy":5,"amount":600},{"posx":12,"posy":6,"amount":50},{"posx":6,"posy":7,"amount":150},{"posx":8,"posy":7,"amount":100},{"posx":5,"posy":8,"amount":600}],"changedObstacles":[]},{"players":[{"playerId":2344466,"score":450,"energy":29,"posx":4,"posy":4,"lastAction":4,"status":0},{"playerId":3573,"score":284,"energy":18,"posx":7,"posy":4,"lastAction":5,"status":0},{"playerId":2268490,"score":234,"energy":9,"posx":8,"posy":1,"lastAction":1,"status":0},{"playerId":2241039,"score":284,"energy":8,"posx":3,"posy":5,"lastAction":5,"status":0}],"golds":[{"posx":0,"posy":0,"amount":50},{"posx":3,"posy":1,"amount":400},{"posx":9,"posy":1,"amount":600},{"posx":17,"posy":1,"amount":200},{"posx":12,"posy":2,"amount":600},{"posx":15,"posy":2,"amount":300},{"posx":1,"posy":3,"amount":550},{"posx":14,"posy":3,"amount":700},{"posx":7,"posy":4,"amount":700},{"posx":8,"posy":4,"amount":50},{"posx":12,"posy":4,"amount":50},{"posx":16,"posy":4,"amount":250},{"posx":17,"posy":4,"amount":650},{"posx":3,"posy":5,"amount":550},{"posx":12,"posy":6,"amount":50},{"posx":6,"posy":7,"amount":150},{"posx":8,"posy":7,"amount":100},{"posx":5,"posy":8,"amount":600}],"changedObstacles":[]},{"players":[{"playerId":2344466,"score":450,"energy":50,"posx":4,"posy":4,"lastAction":4,"status":0},{"playerId":3573,"score":334,"energy":13,"posx":7,"posy":4,"lastAction":5,"status":0},{"playerId":2268490,"score":234,"energy":5,"posx":9,"posy":1,"lastAction":1,"status":0},{"playerId":2241039,"score":334,"energy":3,"posx":3,"posy":5,"lastAction":5,"status":0}],"golds":[{"posx":0,"posy":0,"amount":50},{"posx":3,"posy":1,"amount":400},{"posx":9,"posy":1,"amount":600},{"posx":17,"posy":1,"amount":200},{"posx":12,"posy":2,"amount":600},{"posx":15,"posy":2,"amount":300},{"posx":1,"posy":3,"amount":550},{"posx":14,"posy":3,"amount":700},{"posx":7,"posy":4,"amount":650},{"posx":8,"posy":4,"amount":50},{"posx":12,"posy":4,"amount":50},{"posx":16,"posy":4,"amount":250},{"posx":17,"posy":4,"amount":650},{"posx":3,"posy":5,"amount":500},{"posx":12,"posy":6,"amount":50},{"posx":6,"posy":7,"amount":150},{"posx":8,"posy":7,"amount":100},{"posx":5,"posy":8,"amount":600}],"changedObstacles":[]},{"players":[{"playerId":2344466,"score":450,"energy":45,"posx":5,"posy":4,"lastAction":1,"status":0},{"playerId":3573,"score":384,"energy":8,"posx":7,"posy":4,"lastAction":5,"status":0},{"playerId":2268490,"score":234,"energy":17,"posx":9,"posy":1,"lastAction":4,"status":0},{"playerId":2241039,"score":334,"energy":15,"posx":3,"posy":5,"lastAction":4,"status":0}],"golds":[{"posx":0,"posy":0,"amount":50},{"posx":3,"posy":1,"amount":400},{"posx":9,"posy":1,"amount":600},{"posx":17,"posy":1,"amount":200},{"posx":12,"posy":2,"amount":600},{"posx":15,"posy":2,"amount":300},{"posx":1,"posy":3,"amount":550},{"posx":14,"posy":3,"amount":700},{"posx":7,"posy":4,"amount":600},{"posx":8,"posy":4,"amount":50},{"posx":12,"posy":4,"amount":50},{"posx":16,"posy":4,"amount":250},{"posx":17,"posy":4,"amount":650},{"posx":3,"posy":5,"amount":500},{"posx":12,"posy":6,"amount":50},{"posx":6,"posy":7,"amount":150},{"posx":8,"posy":7,"amount":100},{"posx":5,"posy":8,"amount":600}],"changedObstacles":[{"type":3,"posx":5,"posy":4,"value":-20}]},{"players":[{"playerId":2344466,"score":450,"energy":35,"posx":6,"posy":4,"lastAction":1,"status":0},{"playerId":3573,"score":434,"energy":3,"posx":7,"posy":4,"lastAction":5,"status":0},{"playerId":2268490,"score":234,"energy":33,"posx":9,"posy":1,"lastAction":4,"status":0},{"playerId":2241039,"score":384,"energy":10,"posx":3,"posy":5,"lastAction":5,"status":0}],"golds":[{"posx":0,"posy":0,"amount":50},{"posx":3,"posy":1,"amount":400},{"posx":9,"posy":1,"amount":600},{"posx":17,"posy":1,"amount":200},{"posx":12,"posy":2,"amount":600},{"posx":15,"posy":2,"amount":300},{"posx":1,"posy":3,"amount":550},{"posx":14,"posy":3,"amount":700},{"posx":7,"posy":4,"amount":550},{"posx":8,"posy":4,"amount":50},{"posx":12,"posy":4,"amount":50},{"posx":16,"posy":4,"amount":250},{"posx":17,"posy":4,"amount":650},{"posx":3,"posy":5,"amount":450},{"posx":12,"posy":6,"amount":50},{"posx":6,"posy":7,"amount":150},{"posx":8,"posy":7,"amount":100},{"posx":5,"posy":8,"amount":600}],"changedObstacles":[{"type":0,"posx":6,"posy":4,"value":-1}]},{"players":[{"playerId":2344466,"score":450,"energy":31,"posx":7,"posy":4,"lastAction":1,"status":0},{"playerId":3573,"score":434,"energy":15,"posx":7,"posy":4,"lastAction":4,"status":0},{"playerId":2268490,"score":284,"energy":28,"posx":9,"posy":1,"lastAction":5,"status":0},{"playerId":2241039,"score":434,"energy":5,"posx":3,"posy":5,"lastAction":5,"status":0}],"golds":[{"posx":0,"posy":0,"amount":50},{"posx":3,"posy":1,"amount":400},{"posx":9,"posy":1,"amount":550},{"posx":17,"posy":1,"amount":200},{"posx":12,"posy":2,"amount":600},{"posx":15,"posy":2,"amount":300},{"posx":1,"posy":3,"amount":550},{"posx":14,"posy":3,"amount":700},{"posx":7,"posy":4,"amount":550},{"posx":8,"posy":4,"amount":50},{"posx":12,"posy":4,"amount":50},{"posx":16,"posy":4,"amount":250},{"posx":17,"posy":4,"amount":650},{"posx":3,"posy":5,"amount":400},{"posx":12,"posy":6,"amount":50},{"posx":6,"posy":7,"amount":150},{"posx":8,"posy":7,"amount":100},{"posx":5,"posy":8,"amount":600}],"changedObstacles":[]},{"players":[{"playerId":2344466,"score":500,"energy":26,"posx":7,"posy":4,"lastAction":5,"status":0},{"playerId":3573,"score":484,"energy":10,"posx":7,"posy":4,"lastAction":5,"status":0},{"playerId":2268490,"score":334,"energy":23,"posx":9,"posy":1,"lastAction":5,"status":0},{"playerId":2241039,"score":434,"energy":17,"posx":3,"posy":5,"lastAction":4,"status":0}],"golds":[{"posx":0,"posy":0,"amount":50},{"posx":3,"posy":1,"amount":400},{"posx":9,"posy":1,"amount":500},{"posx":17,"posy":1,"amount":200},{"posx":12,"posy":2,"amount":600},{"posx":15,"posy":2,"amount":300},{"posx":1,"posy":3,"amount":550},{"posx":14,"posy":3,"amount":700},{"posx":7,"posy":4,"amount":450},{"posx":8,"posy":4,"amount":50},{"posx":12,"posy":4,"amount":50},{"posx":16,"posy":4,"amount":250},{"posx":17,"posy":4,"amount":650},{"posx":3,"posy":5,"amount":400},{"posx":12,"posy":6,"amount":50},{"posx":6,"posy":7,"amount":150},{"posx":8,"posy":7,"amount":100},{"posx":5,"posy":8,"amount":600}],"changedObstacles":[]},{"players":[{"playerId":2344466,"score":550,"energy":21,"posx":7,"posy":4,"lastAction":5,"status":0},{"playerId":3573,"score":534,"energy":5,"posx":7,"posy":4,"lastAction":5,"status":0},{"playerId":2268490,"score":384,"energy":18,"posx":9,"posy":1,"lastAction":5,"status":0},{"playerId":2241039,"score":484,"energy":12,"posx":3,"posy":5,"lastAction":5,"status":0}],"golds":[{"posx":0,"posy":0,"amount":50},{"posx":3,"posy":1,"amount":400},{"posx":9,"posy":1,"amount":450},{"posx":17,"posy":1,"amount":200},{"posx":12,"posy":2,"amount":600},{"posx":15,"posy":2,"amount":300},{"posx":1,"posy":3,"amount":550},{"posx":14,"posy":3,"amount":700},{"posx":7,"posy":4,"amount":350},{"posx":8,"posy":4,"amount":50},{"posx":12,"posy":4,"amount":50},{"posx":16,"posy":4,"amount":250},{"posx":17,"posy":4,"amount":650},{"posx":3,"posy":5,"amount":350},{"posx":12,"posy":6,"amount":50},{"posx":6,"posy":7,"amount":150},{"posx":8,"posy":7,"amount":100},{"posx":5,"posy":8,"amount":600}],"changedObstacles":[]},{"players":[{"playerId":2344466,"score":600,"energy":16,"posx":7,"posy":4,"lastAction":5,"status":0},{"playerId":3573,"score":534,"energy":17,"posx":7,"posy":4,"lastAction":4,"status":0},{"playerId":2268490,"score":434,"energy":13,"posx":9,"posy":1,"lastAction":5,"status":0},{"playerId":2241039,"score":534,"energy":7,"posx":3,"posy":5,"lastAction":5,"status":0}],"golds":[{"posx":0,"posy":0,"amount":50},{"posx":3,"posy":1,"amount":400},{"posx":9,"posy":1,"amount":400},{"posx":17,"posy":1,"amount":200},{"posx":12,"posy":2,"amount":600},{"posx":15,"posy":2,"amount":300},{"posx":1,"posy":3,"amount":550},{"posx":14,"posy":3,"amount":700},{"posx":7,"posy":4,"amount":300},{"posx":8,"posy":4,"amount":50},{"posx":12,"posy":4,"amount":50},{"posx":16,"posy":4,"amount":250},{"posx":17,"posy":4,"amount":650},{"posx":3,"posy":5,"amount":300},{"posx":12,"posy":6,"amount":50},{"posx":6,"posy":7,"amount":150},{"posx":8,"posy":7,"amount":100},{"posx":5,"posy":8,"amount":600}],"changedObstacles":[]},{"players":[{"playerId":2344466,"score":650,"energy":11,"posx":7,"posy":4,"lastAction":5,"status":0},{"playerId":3573,"score":584,"energy":12,"posx":7,"posy":4,"lastAction":5,"status":0},{"playerId":2268490,"score":484,"energy":8,"posx":9,"posy":1,"lastAction":5,"status":0},{"playerId":2241039,"score":584,"energy":2,"posx":3,"posy":5,"lastAction":5,"status":0}],"golds":[{"posx":0,"posy":0,"amount":50},{"posx":3,"posy":1,"amount":400},{"posx":9,"posy":1,"amount":350},{"posx":17,"posy":1,"amount":200},{"posx":12,"posy":2,"amount":600},{"posx":15,"posy":2,"amount":300},{"posx":1,"posy":3,"amount":550},{"posx":14,"posy":3,"amount":700},{"posx":7,"posy":4,"amount":200},{"posx":8,"posy":4,"amount":50},{"posx":12,"posy":4,"amount":50},{"posx":16,"posy":4,"amount":250},{"posx":17,"posy":4,"amount":650},{"posx":3,"posy":5,"amount":250},{"posx":12,"posy":6,"amount":50},{"posx":6,"posy":7,"amount":150},{"posx":8,"posy":7,"amount":100},{"posx":5,"posy":8,"amount":600}],"changedObstacles":[]},{"players":[{"playerId":2344466,"score":700,"energy":6,"posx":7,"posy":4,"lastAction":5,"status":0},{"playerId":3573,"score":634,"energy":7,"posx":7,"posy":4,"lastAction":5,"status":0},{"playerId":2268490,"score":534,"energy":3,"posx":9,"posy":1,"lastAction":5,"status":0},{"playerId":2241039,"score":584,"energy":14,"posx":3,"posy":5,"lastAction":4,"status":0}],"golds":[{"posx":0,"posy":0,"amount":50},{"posx":3,"posy":1,"amount":400},{"posx":9,"posy":1,"amount":300},{"posx":17,"posy":1,"amount":200},{"posx":12,"posy":2,"amount":600},{"posx":15,"posy":2,"amount":300},{"posx":1,"posy":3,"amount":550},{"posx":14,"posy":3,"amount":700},{"posx":7,"posy":4,"amount":100},{"posx":8,"posy":4,"amount":50},{"posx":12,"posy":4,"amount":50},{"posx":16,"posy":4,"amount":250},{"posx":17,"posy":4,"amount":650},{"posx":3,"posy":5,"amount":250},{"posx":12,"posy":6,"amount":50},{"posx":6,"posy":7,"amount":150},{"posx":8,"posy":7,"amount":100},{"posx":5,"posy":8,"amount":600}],"changedObstacles":[]},{"players":[{"playerId":2344466,"score":750,"energy":1,"posx":7,"posy":4,"lastAction":5,"status":0},{"playerId":3573,"score":684,"energy":2,"posx":7,"posy":4,"lastAction":5,"status":0},{"playerId":2268490,"score":534,"energy":15,"posx":9,"posy":1,"lastAction":4,"status":0},{"playerId":2241039,"score":634,"energy":9,"posx":3,"posy":5,"lastAction":5,"status":0}],"golds":[{"posx":0,"posy":0,"amount":50},{"posx":3,"posy":1,"amount":400},{"posx":9,"posy":1,"amount":300},{"posx":17,"posy":1,"amount":200},{"posx":12,"posy":2,"amount":600},{"posx":15,"posy":2,"amount":300},{"posx":1,"posy":3,"amount":550},{"posx":14,"posy":3,"amount":700},{"posx":8,"posy":4,"amount":50},{"posx":12,"posy":4,"amount":50},{"posx":16,"posy":4,"amount":250},{"posx":17,"posy":4,"amount":650},{"posx":3,"posy":5,"amount":200},{"posx":12,"posy":6,"amount":50},{"posx":6,"posy":7,"amount":150},{"posx":8,"posy":7,"amount":100},{"posx":5,"posy":8,"amount":600}],"changedObstacles":[{"type":0,"posx":7,"posy":4,"value":-1}]},{"players":[{"playerId":2344466,"score":750,"energy":13,"posx":7,"posy":4,"lastAction":4,"status":0},{"playerId":3573,"score":684,"energy":14,"posx":7,"posy":4,"lastAction":4,"status":0},{"playerId":2268490,"score":534,"energy":31,"posx":9,"posy":1,"lastAction":4,"status":0},{"playerId":2241039,"score":684,"energy":4,"posx":3,"posy":5,"lastAction":5,"status":0}],"golds":[{"posx":0,"posy":0,"amount":50},{"posx":3,"posy":1,"amount":400},{"posx":9,"posy":1,"amount":300},{"posx":17,"posy":1,"amount":200},{"posx":12,"posy":2,"amount":600},{"posx":15,"posy":2,"amount":300},{"posx":1,"posy":3,"amount":550},{"posx":14,"posy":3,"amount":700},{"posx":8,"posy":4,"amount":50},{"posx":12,"posy":4,"amount":50},{"posx":16,"posy":4,"amount":250},{"posx":17,"posy":4,"amount":650},{"posx":3,"posy":5,"amount":150},{"posx":12,"posy":6,"amount":50},{"posx":6,"posy":7,"amount":150},{"posx":8,"posy":7,"amount":100},{"posx":5,"posy":8,"amount":600}],"changedObstacles":[]},{"players":[{"playerId":2344466,"score":750,"energy":29,"posx":7,"posy":4,"lastAction":4,"status":0},{"playerId":3573,"score":684,"energy":10,"posx":8,"posy":4,"lastAction":1,"status":0},{"playerId":2268490,"score":584,"energy":26,"posx":9,"posy":1,"lastAction":5,"status":0},{"playerId":2241039,"score":684,"energy":16,"posx":3,"posy":5,"lastAction":4,"status":0}],"golds":[{"posx":0,"posy":0,"amount":50},{"posx":3,"posy":1,"amount":400},{"posx":9,"posy":1,"amount":250},{"posx":17,"posy":1,"amount":200},{"posx":12,"posy":2,"amount":600},{"posx":15,"posy":2,"amount":300},{"posx":1,"posy":3,"amount":550},{"posx":14,"posy":3,"amount":700},{"posx":8,"posy":4,"amount":50},{"posx":12,"posy":4,"amount":50},{"posx":16,"posy":4,"amount":250},{"posx":17,"posy":4,"amount":650},{"posx":3,"posy":5,"amount":150},{"posx":12,"posy":6,"amount":50},{"posx":6,"posy":7,"amount":150},{"posx":8,"posy":7,"amount":100},{"posx":5,"posy":8,"amount":600}],"changedObstacles":[]},{"players":[{"playerId":2344466,"score":750,"energy":50,"posx":7,"posy":4,"lastAction":4,"status":0},{"playerId":3573,"score":734,"energy":5,"posx":8,"posy":4,"lastAction":5,"status":0},{"playerId":2268490,"score":634,"energy":21,"posx":9,"posy":1,"lastAction":5,"status":0},{"playerId":2241039,"score":734,"energy":11,"posx":3,"posy":5,"lastAction":5,"status":0}],"golds":[{"posx":0,"posy":0,"amount":50},{"posx":3,"posy":1,"amount":400},{"posx":9,"posy":1,"amount":200},{"posx":17,"posy":1,"amount":200},{"posx":12,"posy":2,"amount":600},{"posx":15,"posy":2,"amount":300},{"posx":1,"posy":3,"amount":550},{"posx":14,"posy":3,"amount":700},{"posx":12,"posy":4,"amount":50},{"posx":16,"posy":4,"amount":250},{"posx":17,"posy":4,"amount":650},{"posx":3,"posy":5,"amount":100},{"posx":12,"posy":6,"amount":50},{"posx":6,"posy":7,"amount":150},{"posx":8,"posy":7,"amount":100},{"posx":5,"posy":8,"amount":600}],"changedObstacles":[{"type":0,"posx":8,"posy":4,"value":-1}]},{"players":[{"playerId":2344466,"score":750,"energy":49,"posx":8,"posy":4,"lastAction":1,"status":0},{"playerId":3573,"score":734,"energy":17,"posx":8,"posy":4,"lastAction":4,"status":0},{"playerId":2268490,"score":684,"energy":16,"posx":9,"posy":1,"lastAction":5,"status":0},{"playerId":2241039,"score":784,"energy":6,"posx":3,"posy":5,"lastAction":5,"status":0}],"golds":[{"posx":0,"posy":0,"amount":50},{"posx":3,"posy":1,"amount":400},{"posx":9,"posy":1,"amount":150},{"posx":17,"posy":1,"amount":200},{"posx":12,"posy":2,"amount":600},{"posx":15,"posy":2,"amount":300},{"posx":1,"posy":3,"amount":550},{"posx":14,"posy":3,"amount":700},{"posx":12,"posy":4,"amount":50},{"posx":16,"posy":4,"amount":250},{"posx":17,"posy":4,"amount":650},{"posx":3,"posy":5,"amount":50},{"posx":12,"posy":6,"amount":50},{"posx":6,"posy":7,"amount":150},{"posx":8,"posy":7,"amount":100},{"posx":5,"posy":8,"amount":600}],"changedObstacles":[]},{"players":[{"playerId":2344466,"score":750,"energy":48,"posx":9,"posy":4,"lastAction":1,"status":0},{"playerId":3573,"score":734,"energy":33,"posx":8,"posy":4,"lastAction":4,"status":0},{"playerId":2268490,"score":734,"energy":11,"posx":9,"posy":1,"lastAction":5,"status":0},{"playerId":2241039,"score":834,"energy":1,"posx":3,"posy":5,"lastAction":5,"status":0}],"golds":[{"posx":0,"posy":0,"amount":50},{"posx":3,"posy":1,"amount":400},{"posx":9,"posy":1,"amount":100},{"posx":17,"posy":1,"amount":200},{"posx":12,"posy":2,"amount":600},{"posx":15,"posy":2,"amount":300},{"posx":1,"posy":3,"amount":550},{"posx":14,"posy":3,"amount":700},{"posx":12,"posy":4,"amount":50},{"posx":16,"posy":4,"amount":250},{"posx":17,"posy":4,"amount":650},{"posx":12,"posy":6,"amount":50},{"posx":6,"posy":7,"amount":150},{"posx":8,"posy":7,"amount":100},{"posx":5,"posy":8,"amount":600}],"changedObstacles":[{"type":0,"posx":3,"posy":5,"value":-1}]},{"players":[{"playerId":2344466,"score":750,"energy":38,"posx":10,"posy":4,"lastAction":1,"status":0},{"playerId":3573,"score":734,"energy":50,"posx":8,"posy":4,"lastAction":4,"status":0},{"playerId":2268490,"score":784,"energy":6,"posx":9,"posy":1,"lastAction":5,"status":0},{"playerId":2241039,"score":834,"energy":13,"posx":3,"posy":5,"lastAction":4,"status":0}],"golds":[{"posx":0,"posy":0,"amount":50},{"posx":3,"posy":1,"amount":400},{"posx":9,"posy":1,"amount":50},{"posx":17,"posy":1,"amount":200},{"posx":12,"posy":2,"amount":600},{"posx":15,"posy":2,"amount":300},{"posx":1,"posy":3,"amount":550},{"posx":14,"posy":3,"amount":700},{"posx":12,"posy":4,"amount":50},{"posx":16,"posy":4,"amount":250},{"posx":17,"posy":4,"amount":650},{"posx":12,"posy":6,"amount":50},{"posx":6,"posy":7,"amount":150},{"posx":8,"posy":7,"amount":100},{"posx":5,"posy":8,"amount":600}],"changedObstacles":[{"type":0,"posx":10,"posy":4,"value":-1}]},{"players":[{"playerId":2344466,"score":750,"energy":37,"posx":11,"posy":4,"lastAction":1,"status":0},{"playerId":3573,"score":734,"energy":49,"posx":8,"posy":5,"lastAction":3,"status":0},{"playerId":2268490,"score":784,"energy":18,"posx":9,"posy":1,"lastAction":4,"status":0},{"playerId":2241039,"score":834,"energy":12,"posx":3,"posy":4,"lastAction":2,"status":0}],"golds":[{"posx":0,"posy":0,"amount":50},{"posx":3,"posy":1,"amount":400},{"posx":9,"posy":1,"amount":50},{"posx":17,"posy":1,"amount":200},{"posx":12,"posy":2,"amount":600},{"posx":15,"posy":2,"amount":300},{"posx":1,"posy":3,"amount":550},{"posx":14,"posy":3,"amount":700},{"posx":12,"posy":4,"amount":50},{"posx":16,"posy":4,"amount":250},{"posx":17,"posy":4,"amount":650},{"posx":12,"posy":6,"amount":50},{"posx":6,"posy":7,"amount":150},{"posx":8,"posy":7,"amount":100},{"posx":5,"posy":8,"amount":600}],"changedObstacles":[]},{"players":[{"playerId":2344466,"score":750,"energy":33,"posx":12,"posy":4,"lastAction":1,"status":0},{"playerId":3573,"score":734,"energy":48,"posx":8,"posy":6,"lastAction":3,"status":0},{"playerId":2268490,"score":784,"energy":34,"posx":9,"posy":1,"lastAction":4,"status":0},{"playerId":2241039,"score":834,"energy":24,"posx":3,"posy":4,"lastAction":4,"status":0}],"golds":[{"posx":0,"posy":0,"amount":50},{"posx":3,"posy":1,"amount":400},{"posx":9,"posy":1,"amount":50},{"posx":17,"posy":1,"amount":200},{"posx":12,"posy":2,"amount":600},{"posx":15,"posy":2,"amount":300},{"posx":1,"posy":3,"amount":550},{"posx":14,"posy":3,"amount":700},{"posx":12,"posy":4,"amount":50},{"posx":16,"posy":4,"amount":250},{"posx":17,"posy":4,"amount":650},{"posx":12,"posy":6,"amount":50},{"posx":6,"posy":7,"amount":150},{"posx":8,"posy":7,"amount":100},{"posx":5,"posy":8,"amount":600}],"changedObstacles":[]},{"players":[{"playerId":2344466,"score":800,"energy":28,"posx":12,"posy":4,"lastAction":5,"status":0},{"playerId":3573,"score":734,"energy":44,"posx":8,"posy":7,"lastAction":3,"status":0},{"playerId":2268490,"score":834,"energy":29,"posx":9,"posy":1,"lastAction":5,"status":0},{"playerId":2241039,"score":834,"energy":4,"posx":3,"posy":3,"lastAction":2,"status":0}],"golds":[{"posx":0,"posy":0,"amount":50},{"posx":3,"posy":1,"amount":400},{"posx":17,"posy":1,"amount":200},{"posx":12,"posy":2,"amount":600},{"posx":15,"posy":2,"amount":300},{"posx":1,"posy":3,"amount":550},{"posx":14,"posy":3,"amount":700},{"posx":16,"posy":4,"amount":250},{"posx":17,"posy":4,"amount":650},{"posx":12,"posy":6,"amount":50},{"posx":6,"posy":7,"amount":150},{"posx":8,"posy":7,"amount":100},{"posx":5,"posy":8,"amount":600}],"changedObstacles":[{"type":3,"posx":3,"posy":3,"value":-40},{"type":0,"posx":12,"posy":4,"value":-1},{"type":0,"posx":9,"posy":1,"value":-1}]},{"players":[{"playerId":2344466,"score":800,"energy":27,"posx":12,"posy":3,"lastAction":2,"status":0},{"playerId":3573,"score":784,"energy":39,"posx":8,"posy":7,"lastAction":5,"status":0},{"playerId":2268490,"score":834,"energy":9,"posx":10,"posy":1,"lastAction":1,"status":0},{"playerId":2241039,"score":834,"energy":16,"posx":3,"posy":3,"lastAction":4,"status":0}],"golds":[{"posx":0,"posy":0,"amount":50},{"posx":3,"posy":1,"amount":400},{"posx":17,"posy":1,"amount":200},{"posx":12,"posy":2,"amount":600},{"posx":15,"posy":2,"amount":300},{"posx":1,"posy":3,"amount":550},{"posx":14,"posy":3,"amount":700},{"posx":16,"posy":4,"amount":250},{"posx":17,"posy":4,"amount":650},{"posx":12,"posy":6,"amount":50},{"posx":6,"posy":7,"amount":150},{"posx":8,"posy":7,"amount":50},{"posx":5,"posy":8,"amount":600}],"changedObstacles":[]},{"players":[{"playerId":2344466,"score":800,"energy":23,"posx":12,"posy":2,"lastAction":2,"status":0},{"playerId":3573,"score":834,"energy":34,"posx":8,"posy":7,"lastAction":5,"status":0},{"playerId":2268490,"score":834,"energy":8,"posx":11,"posy":1,"lastAction":1,"status":0},{"playerId":2241039,"score":834,"energy":15,"posx":2,"posy":3,"lastAction":0,"status":0}],"golds":[{"posx":0,"posy":0,"amount":50},{"posx":3,"posy":1,"amount":400},{"posx":17,"posy":1,"amount":200},{"posx":12,"posy":2,"amount":600},{"posx":15,"posy":2,"amount":300},{"posx":1,"posy":3,"amount":550},{"posx":14,"posy":3,"amount":700},{"posx":16,"posy":4,"amount":250},{"posx":17,"posy":4,"amount":650},{"posx":12,"posy":6,"amount":50},{"posx":6,"posy":7,"amount":150},{"posx":5,"posy":8,"amount":600}],"changedObstacles":[{"type":0,"posx":8,"posy":7,"value":-1}]},{"players":[{"playerId":2344466,"score":850,"energy":18,"posx":12,"posy":2,"lastAction":5,"status":0},{"playerId":3573,"score":834,"energy":46,"posx":8,"posy":7,"lastAction":4,"status":0},{"playerId":2268490,"score":834,"energy":20,"posx":11,"posy":1,"lastAction":4,"status":0},{"playerId":2241039,"score":834,"energy":11,"posx":1,"posy":3,"lastAction":0,"status":0}],"golds":[{"posx":0,"posy":0,"amount":50},{"posx":3,"posy":1,"amount":400},{"posx":17,"posy":1,"amount":200},{"posx":12,"posy":2,"amount":550},{"posx":15,"posy":2,"amount":300},{"posx":1,"posy":3,"amount":550},{"posx":14,"posy":3,"amount":700},{"posx":16,"posy":4,"amount":250},{"posx":17,"posy":4,"amount":650},{"posx":12,"posy":6,"amount":50},{"posx":6,"posy":7,"amount":150},{"posx":5,"posy":8,"amount":600}],"changedObstacles":[]},{"players":[{"playerId":2344466,"score":900,"energy":13,"posx":12,"posy":2,"lastAction":5,"status":0},{"playerId":3573,"score":834,"energy":45,"posx":8,"posy":8,"lastAction":3,"status":0},{"playerId":2268490,"score":834,"energy":10,"posx":12,"posy":1,"lastAction":1,"status":0},{"playerId":2241039,"score":884,"energy":6,"posx":1,"posy":3,"lastAction":5,"status":0}],"golds":[{"posx":0,"posy":0,"amount":50},{"posx":3,"posy":1,"amount":400},{"posx":17,"posy":1,"amount":200},{"posx":12,"posy":2,"amount":500},{"posx":15,"posy":2,"amount":300},{"posx":1,"posy":3,"amount":500},{"posx":14,"posy":3,"amount":700},{"posx":16,"posy":4,"amount":250},{"posx":17,"posy":4,"amount":650},{"posx":12,"posy":6,"amount":50},{"posx":6,"posy":7,"amount":150},{"posx":5,"posy":8,"amount":600}],"changedObstacles":[{"type":0,"posx":12,"posy":1,"value":-1}]},{"players":[{"playerId":2344466,"score":950,"energy":8,"posx":12,"posy":2,"lastAction":5,"status":0},{"playerId":3573,"score":834,"energy":35,"posx":7,"posy":8,"lastAction":0,"status":0},{"playerId":2268490,"score":834,"energy":9,"posx":13,"posy":1,"lastAction":1,"status":0},{"playerId":2241039,"score":934,"energy":1,"posx":1,"posy":3,"lastAction":5,"status":0}],"golds":[{"posx":0,"posy":0,"amount":50},{"posx":3,"posy":1,"amount":400},{"posx":17,"posy":1,"amount":200},{"posx":12,"posy":2,"amount":450},{"posx":15,"posy":2,"amount":300},{"posx":1,"posy":3,"amount":450},{"posx":14,"posy":3,"amount":700},{"posx":16,"posy":4,"amount":250},{"posx":17,"posy":4,"amount":650},{"posx":12,"posy":6,"amount":50},{"posx":6,"posy":7,"amount":150},{"posx":5,"posy":8,"amount":600}],"changedObstacles":[{"type":0,"posx":7,"posy":8,"value":-1}]},{"players":[{"playerId":2344466,"score":1000,"energy":3,"posx":12,"posy":2,"lastAction":5,"status":0},{"playerId":3573,"score":834,"energy":34,"posx":6,"posy":8,"lastAction":0,"status":0},{"playerId":2268490,"score":834,"energy":8,"posx":14,"posy":1,"lastAction":1,"status":0},{"playerId":2241039,"score":934,"energy":13,"posx":1,"posy":3,"lastAction":4,"status":0}],"golds":[{"posx":0,"posy":0,"amount":50},{"posx":3,"posy":1,"amount":400},{"posx":17,"posy":1,"amount":200},{"posx":12,"posy":2,"amount":400},{"posx":15,"posy":2,"amount":300},{"posx":1,"posy":3,"amount":450},{"posx":14,"posy":3,"amount":700},{"posx":16,"posy":4,"amount":250},{"posx":17,"posy":4,"amount":650},{"posx":12,"posy":6,"amount":50},{"posx":6,"posy":7,"amount":150},{"posx":5,"posy":8,"amount":600}],"changedObstacles":[]},{"players":[{"playerId":2344466,"score":1000,"energy":15,"posx":12,"posy":2,"lastAction":4,"status":0},{"playerId":3573,"score":834,"energy":30,"posx":5,"posy":8,"lastAction":0,"status":0},{"playerId":2268490,"score":834,"energy":20,"posx":14,"posy":1,"lastAction":4,"status":0},{"playerId":2241039,"score":984,"energy":8,"posx":1,"posy":3,"lastAction":5,"status":0}],"golds":[{"posx":0,"posy":0,"amount":50},{"posx":3,"posy":1,"amount":400},{"posx":17,"posy":1,"amount":200},{"posx":12,"posy":2,"amount":400},{"posx":15,"posy":2,"amount":300},{"posx":1,"posy":3,"amount":400},{"posx":14,"posy":3,"amount":700},{"posx":16,"posy":4,"amount":250},{"posx":17,"posy":4,"amount":650},{"posx":12,"posy":6,"amount":50},{"posx":6,"posy":7,"amount":150},{"posx":5,"posy":8,"amount":600}],"changedObstacles":[]},{"players":[{"playerId":2344466,"score":1000,"energy":31,"posx":12,"posy":2,"lastAction":4,"status":0},{"playerId":3573,"score":884,"energy":25,"posx":5,"posy":8,"lastAction":5,"status":0},{"playerId":2268490,"score":834,"energy":36,"posx":14,"posy":1,"lastAction":4,"status":0},{"playerId":2241039,"score":1034,"energy":3,"posx":1,"posy":3,"lastAction":5,"status":0}],"golds":[{"posx":0,"posy":0,"amount":50},{"posx":3,"posy":1,"amount":400},{"posx":17,"posy":1,"amount":200},{"posx":12,"posy":2,"amount":400},{"posx":15,"posy":2,"amount":300},{"posx":1,"posy":3,"amount":350},{"posx":14,"posy":3,"amount":700},{"posx":16,"posy":4,"amount":250},{"posx":17,"posy":4,"amount":650},{"posx":12,"posy":6,"amount":50},{"posx":6,"posy":7,"amount":150},{"posx":5,"posy":8,"amount":550}],"changedObstacles":[]},{"players":[{"playerId":2344466,"score":1000,"energy":50,"posx":12,"posy":2,"lastAction":4,"status":0},{"playerId":3573,"score":934,"energy":20,"posx":5,"posy":8,"lastAction":5,"status":0},{"playerId":2268490,"score":834,"energy":21,"posx":15,"posy":1,"lastAction":1,"status":0},{"playerId":2241039,"score":1034,"energy":15,"posx":1,"posy":3,"lastAction":4,"status":0}],"golds":[{"posx":0,"posy":0,"amount":50},{"posx":3,"posy":1,"amount":400},{"posx":17,"posy":1,"amount":200},{"posx":12,"posy":2,"amount":400},{"posx":15,"posy":2,"amount":300},{"posx":1,"posy":3,"amount":350},{"posx":14,"posy":3,"amount":700},{"posx":16,"posy":4,"amount":250},{"posx":17,"posy":4,"amount":650},{"posx":12,"posy":6,"amount":50},{"posx":6,"posy":7,"amount":150},{"posx":5,"posy":8,"amount":500}],"changedObstacles":[]},{"players":[{"playerId":2344466,"score":1050,"energy":45,"posx":12,"posy":2,"lastAction":5,"status":0},{"playerId":3573,"score":984,"energy":15,"posx":5,"posy":8,"lastAction":5,"status":0},{"playerId":2268490,"score":834,"energy":17,"posx":15,"posy":2,"lastAction":3,"status":0},{"playerId":2241039,"score":1084,"energy":10,"posx":1,"posy":3,"lastAction":5,"status":0}],"golds":[{"posx":0,"posy":0,"amount":50},{"posx":3,"posy":1,"amount":400},{"posx":17,"posy":1,"amount":200},{"posx":12,"posy":2,"amount":350},{"posx":15,"posy":2,"amount":300},{"posx":1,"posy":3,"amount":300},{"posx":14,"posy":3,"amount":700},{"posx":16,"posy":4,"amount":250},{"posx":17,"posy":4,"amount":650},{"posx":12,"posy":6,"amount":50},{"posx":6,"posy":7,"amount":150},{"posx":5,"posy":8,"amount":450}],"changedObstacles":[]},{"players":[{"playerId":2344466,"score":1100,"energy":40,"posx":12,"posy":2,"lastAction":5,"status":0},{"playerId":3573,"score":1034,"energy":10,"posx":5,"posy":8,"lastAction":5,"status":0},{"playerId":2268490,"score":884,"energy":12,"posx":15,"posy":2,"lastAction":5,"status":0},{"playerId":2241039,"score":1134,"energy":5,"posx":1,"posy":3,"lastAction":5,"status":0}],"golds":[{"posx":0,"posy":0,"amount":50},{"posx":3,"posy":1,"amount":400},{"posx":17,"posy":1,"amount":200},{"posx":12,"posy":2,"amount":300},{"posx":15,"posy":2,"amount":250},{"posx":1,"posy":3,"amount":250},{"posx":14,"posy":3,"amount":700},{"posx":16,"posy":4,"amount":250},{"posx":17,"posy":4,"amount":650},{"posx":12,"posy":6,"amount":50},{"posx":6,"posy":7,"amount":150},{"posx":5,"posy":8,"amount":400}],"changedObstacles":[]},{"players":[{"playerId":2344466,"score":1150,"energy":35,"posx":12,"posy":2,"lastAction":5,"status":0},{"playerId":3573,"score":1084,"energy":5,"posx":5,"posy":8,"lastAction":5,"status":0},{"playerId":2268490,"score":934,"energy":7,"posx":15,"posy":2,"lastAction":5,"status":0},{"playerId":2241039,"score":1134,"energy":17,"posx":1,"posy":3,"lastAction":4,"status":0}],"golds":[{"posx":0,"posy":0,"amount":50},{"posx":3,"posy":1,"amount":400},{"posx":17,"posy":1,"amount":200},{"posx":12,"posy":2,"amount":250},{"posx":15,"posy":2,"amount":200},{"posx":1,"posy":3,"amount":250},{"posx":14,"posy":3,"amount":700},{"posx":16,"posy":4,"amount":250},{"posx":17,"posy":4,"amount":650},{"posx":12,"posy":6,"amount":50},{"posx":6,"posy":7,"amount":150},{"posx":5,"posy":8,"amount":350}],"changedObstacles":[]},{"players":[{"playerId":2344466,"score":1200,"energy":30,"posx":12,"posy":2,"lastAction":5,"status":0},{"playerId":3573,"score":1084,"energy":17,"posx":5,"posy":8,"lastAction":4,"status":0},{"playerId":2268490,"score":984,"energy":2,"posx":15,"posy":2,"lastAction":5,"status":0},{"playerId":2241039,"score":1184,"energy":12,"posx":1,"posy":3,"lastAction":5,"status":0}],"golds":[{"posx":0,"posy":0,"amount":50},{"posx":3,"posy":1,"amount":400},{"posx":17,"posy":1,"amount":200},{"posx":12,"posy":2,"amount":200},{"posx":15,"posy":2,"amount":150},{"posx":1,"posy":3,"amount":200},{"posx":14,"posy":3,"amount":700},{"posx":16,"posy":4,"amount":250},{"posx":17,"posy":4,"amount":650},{"posx":12,"posy":6,"amount":50},{"posx":6,"posy":7,"amount":150},{"posx":5,"posy":8,"amount":350}],"changedObstacles":[]},{"players":[{"playerId":2344466,"score":1250,"energy":25,"posx":12,"posy":2,"lastAction":5,"status":0},{"playerId":3573,"score":1134,"energy":12,"posx":5,"posy":8,"lastAction":5,"status":0},{"playerId":2268490,"score":984,"energy":14,"posx":15,"posy":2,"lastAction":4,"status":0},{"playerId":2241039,"score":1234,"energy":7,"posx":1,"posy":3,"lastAction":5,"status":0}],"golds":[{"posx":0,"posy":0,"amount":50},{"posx":3,"posy":1,"amount":400},{"posx":17,"posy":1,"amount":200},{"posx":12,"posy":2,"amount":150},{"posx":15,"posy":2,"amount":150},{"posx":1,"posy":3,"amount":150},{"posx":14,"posy":3,"amount":700},{"posx":16,"posy":4,"amount":250},{"posx":17,"posy":4,"amount":650},{"posx":12,"posy":6,"amount":50},{"posx":6,"posy":7,"amount":150},{"posx":5,"posy":8,"amount":300}],"changedObstacles":[]},{"players":[{"playerId":2344466,"score":1300,"energy":20,"posx":12,"posy":2,"lastAction":5,"status":0},{"playerId":3573,"score":1184,"energy":7,"posx":5,"posy":8,"lastAction":5,"status":0},{"playerId":2268490,"score":984,"energy":30,"posx":15,"posy":2,"lastAction":4,"status":0},{"playerId":2241039,"score":1284,"energy":2,"posx":1,"posy":3,"lastAction":5,"status":0}],"golds":[{"posx":0,"posy":0,"amount":50},{"posx":3,"posy":1,"amount":400},{"posx":17,"posy":1,"amount":200},{"posx":12,"posy":2,"amount":100},{"posx":15,"posy":2,"amount":150},{"posx":1,"posy":3,"amount":100},{"posx":14,"posy":3,"amount":700},{"posx":16,"posy":4,"amount":250},{"posx":17,"posy":4,"amount":650},{"posx":12,"posy":6,"amount":50},{"posx":6,"posy":7,"amount":150},{"posx":5,"posy":8,"amount":250}],"changedObstacles":[]},{"players":[{"playerId":2344466,"score":1350,"energy":15,"posx":12,"posy":2,"lastAction":5,"status":0},{"playerId":3573,"score":1234,"energy":2,"posx":5,"posy":8,"lastAction":5,"status":0},{"playerId":2268490,"score":1034,"energy":25,"posx":15,"posy":2,"lastAction":5,"status":0},{"playerId":2241039,"score":1284,"energy":14,"posx":1,"posy":3,"lastAction":4,"status":0}],"golds":[{"posx":0,"posy":0,"amount":50},{"posx":3,"posy":1,"amount":400},{"posx":17,"posy":1,"amount":200},{"posx":12,"posy":2,"amount":50},{"posx":15,"posy":2,"amount":100},{"posx":1,"posy":3,"amount":100},{"posx":14,"posy":3,"amount":700},{"posx":16,"posy":4,"amount":250},{"posx":17,"posy":4,"amount":650},{"posx":12,"posy":6,"amount":50},{"posx":6,"posy":7,"amount":150},{"posx":5,"posy":8,"amount":200}],"changedObstacles":[]},{"players":[{"playerId":2344466,"score":1400,"energy":10,"posx":12,"posy":2,"lastAction":5,"status":0},{"playerId":3573,"score":1234,"energy":14,"posx":5,"posy":8,"lastAction":4,"status":0},{"playerId":2268490,"score":1084,"energy":20,"posx":15,"posy":2,"lastAction":5,"status":0},{"playerId":2241039,"score":1334,"energy":9,"posx":1,"posy":3,"lastAction":5,"status":0}],"golds":[{"posx":0,"posy":0,"amount":50},{"posx":3,"posy":1,"amount":400},{"posx":17,"posy":1,"amount":200},{"posx":15,"posy":2,"amount":50},{"posx":1,"posy":3,"amount":50},{"posx":14,"posy":3,"amount":700},{"posx":16,"posy":4,"amount":250},{"posx":17,"posy":4,"amount":650},{"posx":12,"posy":6,"amount":50},{"posx":6,"posy":7,"amount":150},{"posx":5,"posy":8,"amount":200}],"changedObstacles":[{"type":0,"posx":12,"posy":2,"value":-1}]},{"players":[{"playerId":2344466,"score":1400,"energy":9,"posx":12,"posy":3,"lastAction":3,"status":0},{"playerId":3573,"score":1284,"energy":9,"posx":5,"posy":8,"lastAction":5,"status":0},{"playerId":2268490,"score":1134,"energy":15,"posx":15,"posy":2,"lastAction":5,"status":0},{"playerId":2241039,"score":1384,"energy":4,"posx":1,"posy":3,"lastAction":5,"status":0}],"golds":[{"posx":0,"posy":0,"amount":50},{"posx":3,"posy":1,"amount":400},{"posx":17,"posy":1,"amount":200},{"posx":14,"posy":3,"amount":700},{"posx":16,"posy":4,"amount":250},{"posx":17,"posy":4,"amount":650},{"posx":12,"posy":6,"amount":50},{"posx":6,"posy":7,"amount":150},{"posx":5,"posy":8,"amount":150}],"changedObstacles":[{"type":0,"posx":1,"posy":3,"value":-1},{"type":0,"posx":15,"posy":2,"value":-1}]},{"players":[{"playerId":2344466,"score":1400,"energy":21,"posx":12,"posy":3,"lastAction":4,"status":0},{"playerId":3573,"score":1334,"energy":4,"posx":5,"posy":8,"lastAction":5,"status":0},{"playerId":2268490,"score":1134,"energy":14,"posx":15,"posy":3,"lastAction":3,"status":0},{"playerId":2241039,"score":1384,"energy":16,"posx":1,"posy":3,"lastAction":4,"status":0}],"golds":[{"posx":0,"posy":0,"amount":50},{"posx":3,"posy":1,"amount":400},{"posx":17,"posy":1,"amount":200},{"posx":14,"posy":3,"amount":700},{"posx":16,"posy":4,"amount":250},{"posx":17,"posy":4,"amount":650},{"posx":12,"posy":6,"amount":50},{"posx":6,"posy":7,"amount":150},{"posx":5,"posy":8,"amount":100}],"changedObstacles":[]},{"players":[{"playerId":2344466,"score":1400,"energy":37,"posx":12,"posy":3,"lastAction":4,"status":0},{"playerId":3573,"score":1334,"energy":16,"posx":5,"posy":8,"lastAction":4,"status":0},{"playerId":2268490,"score":1134,"energy":13,"posx":15,"posy":4,"lastAction":3,"status":0},{"playerId":2241039,"score":1384,"energy":15,"posx":2,"posy":3,"lastAction":1,"status":0}],"golds":[{"posx":0,"posy":0,"amount":50},{"posx":3,"posy":1,"amount":400},{"posx":17,"posy":1,"amount":200},{"posx":14,"posy":3,"amount":700},{"posx":16,"posy":4,"amount":250},{"posx":17,"posy":4,"amount":650},{"posx":12,"posy":6,"amount":50},{"posx":6,"posy":7,"amount":150},{"posx":5,"posy":8,"amount":100}],"changedObstacles":[]},{"players":[{"playerId":2344466,"score":1400,"energy":50,"posx":12,"posy":3,"lastAction":4,"status":0},{"playerId":3573,"score":1384,"energy":11,"posx":5,"posy":8,"lastAction":5,"status":0},{"playerId":2268490,"score":1134,"energy":9,"posx":16,"posy":4,"lastAction":1,"status":0},{"playerId":2241039,"score":1384,"energy":27,"posx":2,"posy":3,"lastAction":4,"status":0}],"golds":[{"posx":0,"posy":0,"amount":50},{"posx":3,"posy":1,"amount":400},{"posx":17,"posy":1,"amount":200},{"posx":14,"posy":3,"amount":700},{"posx":16,"posy":4,"amount":250},{"posx":17,"posy":4,"amount":650},{"posx":12,"posy":6,"amount":50},{"posx":6,"posy":7,"amount":150},{"posx":5,"posy":8,"amount":50}],"changedObstacles":[]},{"players":[{"playerId":2344466,"score":1400,"energy":34,"posx":13,"posy":3,"lastAction":1,"status":0},{"playerId":3573,"score":1434,"energy":6,"posx":5,"posy":8,"lastAction":5,"status":0},{"playerId":2268490,"score":1184,"energy":4,"posx":16,"posy":4,"lastAction":5,"status":0},{"playerId":2241039,"score":1384,"energy":43,"posx":2,"posy":3,"lastAction":4,"status":0}],"golds":[{"posx":0,"posy":0,"amount":50},{"posx":3,"posy":1,"amount":400},{"posx":17,"posy":1,"amount":200},{"posx":14,"posy":3,"amount":700},{"posx":16,"posy":4,"amount":200},{"posx":17,"posy":4,"amount":650},{"posx":12,"posy":6,"amount":50},{"posx":6,"posy":7,"amount":150}],"changedObstacles":[{"type":0,"posx":5,"posy":8,"value":-1}]},{"players":[{"playerId":2344466,"score":1400,"energy":30,"posx":14,"posy":3,"lastAction":1,"status":0},{"playerId":3573,"score":1434,"energy":18,"posx":5,"posy":8,"lastAction":4,"status":0},{"playerId":2268490,"score":1184,"energy":16,"posx":16,"posy":4,"lastAction":4,"status":0},{"playerId":2241039,"score":1384,"energy":50,"posx":2,"posy":3,"lastAction":4,"status":0}],"golds":[{"posx":0,"posy":0,"amount":50},{"posx":3,"posy":1,"amount":400},{"posx":17,"posy":1,"amount":200},{"posx":14,"posy":3,"amount":700},{"posx":16,"posy":4,"amount":200},{"posx":17,"posy":4,"amount":650},{"posx":12,"posy":6,"amount":50},{"posx":6,"posy":7,"amount":150}],"changedObstacles":[]},{"players":[{"playerId":2344466,"score":1450,"energy":25,"posx":14,"posy":3,"lastAction":5,"status":0},{"playerId":3573,"score":1434,"energy":34,"posx":5,"posy":8,"lastAction":4,"status":0},{"playerId":2268490,"score":1184,"energy":32,"posx":16,"posy":4,"lastAction":4,"status":0},{"playerId":2241039,"score":1384,"energy":10,"posx":3,"posy":3,"lastAction":1,"status":0}],"golds":[{"posx":0,"posy":0,"amount":50},{"posx":3,"posy":1,"amount":400},{"posx":17,"posy":1,"amount":200},{"posx":14,"posy":3,"amount":650},{"posx":16,"posy":4,"amount":200},{"posx":17,"posy":4,"amount":650},{"posx":12,"posy":6,"amount":50},{"posx":6,"posy":7,"amount":150}],"changedObstacles":[{"type":3,"posx":3,"posy":3,"value":-100}]},{"players":[{"playerId":2344466,"score":1500,"energy":20,"posx":14,"posy":3,"lastAction":5,"status":0},{"playerId":3573,"score":1434,"energy":50,"posx":5,"posy":8,"lastAction":4,"status":0},{"playerId":2268490,"score":1234,"energy":27,"posx":16,"posy":4,"lastAction":5,"status":0},{"playerId":2241039,"score":1384,"energy":9,"posx":3,"posy":2,"lastAction":2,"status":0}],"golds":[{"posx":0,"posy":0,"amount":50},{"posx":3,"posy":1,"amount":400},{"posx":17,"posy":1,"amount":200},{"posx":14,"posy":3,"amount":600},{"posx":16,"posy":4,"amount":150},{"posx":17,"posy":4,"amount":650},{"posx":12,"posy":6,"amount":50},{"posx":6,"posy":7,"amount":150}],"changedObstacles":[]},{"players":[{"playerId":2344466,"score":1550,"energy":15,"posx":14,"posy":3,"lastAction":5,"status":0},{"playerId":3573,"score":1434,"energy":49,"posx":5,"posy":7,"lastAction":2,"status":0},{"playerId":2268490,"score":1284,"energy":22,"posx":16,"posy":4,"lastAction":5,"status":0},{"playerId":2241039,"score":1384,"energy":5,"posx":3,"posy":1,"lastAction":2,"status":0}],"golds":[{"posx":0,"posy":0,"amount":50},{"posx":3,"posy":1,"amount":400},{"posx":17,"posy":1,"amount":200},{"posx":14,"posy":3,"amount":550},{"posx":16,"posy":4,"amount":100},{"posx":17,"posy":4,"amount":650},{"posx":12,"posy":6,"amount":50},{"posx":6,"posy":7,"amount":150}],"changedObstacles":[]},{"players":[{"playerId":2344466,"score":1600,"energy":10,"posx":14,"posy":3,"lastAction":5,"status":0},{"playerId":3573,"score":1434,"energy":45,"posx":6,"posy":7,"lastAction":1,"status":0},{"playerId":2268490,"score":1334,"energy":17,"posx":16,"posy":4,"lastAction":5,"status":0},{"playerId":2241039,"score":1384,"energy":17,"posx":3,"posy":1,"lastAction":4,"status":0}],"golds":[{"posx":0,"posy":0,"amount":50},{"posx":3,"posy":1,"amount":400},{"posx":17,"posy":1,"amount":200},{"posx":14,"posy":3,"amount":500},{"posx":16,"posy":4,"amount":50},{"posx":17,"posy":4,"amount":650},{"posx":12,"posy":6,"amount":50},{"posx":6,"posy":7,"amount":150}],"changedObstacles":[]},{"players":[{"playerId":2344466,"score":1650,"energy":5,"posx":14,"posy":3,"lastAction":5,"status":0},{"playerId":3573,"score":1484,"energy":40,"posx":6,"posy":7,"lastAction":5,"status":0},{"playerId":2268490,"score":1384,"energy":12,"posx":16,"posy":4,"lastAction":5,"status":0},{"playerId":2241039,"score":1434,"energy":12,"posx":3,"posy":1,"lastAction":5,"status":0}],"golds":[{"posx":0,"posy":0,"amount":50},{"posx":3,"posy":1,"amount":350},{"posx":17,"posy":1,"amount":200},{"posx":14,"posy":3,"amount":450},{"posx":17,"posy":4,"amount":650},{"posx":12,"posy":6,"amount":50},{"posx":6,"posy":7,"amount":100}],"changedObstacles":[{"type":0,"posx":16,"posy":4,"value":-1}]},{"players":[{"playerId":2344466,"score":1650,"energy":17,"posx":14,"posy":3,"lastAction":4,"status":0},{"playerId":3573,"score":1534,"energy":35,"posx":6,"posy":7,"lastAction":5,"status":0},{"playerId":2268490,"score":1384,"energy":8,"posx":17,"posy":4,"lastAction":1,"status":0},{"playerId":2241039,"score":1484,"energy":7,"posx":3,"posy":1,"lastAction":5,"status":0}],"golds":[{"posx":0,"posy":0,"amount":50},{"posx":3,"posy":1,"amount":300},{"posx":17,"posy":1,"amount":200},{"posx":14,"posy":3,"amount":450},{"posx":17,"posy":4,"amount":650},{"posx":12,"posy":6,"amount":50},{"posx":6,"posy":7,"amount":50}],"changedObstacles":[]},{"players":[{"playerId":2344466,"score":1650,"energy":33,"posx":14,"posy":3,"lastAction":4,"status":0},{"playerId":3573,"score":1584,"energy":30,"posx":6,"posy":7,"lastAction":5,"status":0},{"playerId":2268490,"score":1434,"energy":3,"posx":17,"posy":4,"lastAction":5,"status":0},{"playerId":2241039,"score":1534,"energy":2,"posx":3,"posy":1,"lastAction":5,"status":0}],"golds":[{"posx":0,"posy":0,"amount":50},{"posx":3,"posy":1,"amount":250},{"posx":17,"posy":1,"amount":200},{"posx":14,"posy":3,"amount":450},{"posx":17,"posy":4,"amount":600},{"posx":12,"posy":6,"amount":50}],"changedObstacles":[{"type":0,"posx":6,"posy":7,"value":-1}]},{"players":[{"playerId":2344466,"score":1650,"energy":50,"posx":14,"posy":3,"lastAction":4,"status":0},{"playerId":3573,"score":1584,"energy":42,"posx":6,"posy":7,"lastAction":4,"status":0},{"playerId":2268490,"score":1434,"energy":15,"posx":17,"posy":4,"lastAction":4,"status":0},{"playerId":2241039,"score":1534,"energy":14,"posx":3,"posy":1,"lastAction":4,"status":0}],"golds":[{"posx":0,"posy":0,"amount":50},{"posx":3,"posy":1,"amount":250},{"posx":17,"posy":1,"amount":200},{"posx":14,"posy":3,"amount":450},{"posx":17,"posy":4,"amount":600},{"posx":12,"posy":6,"amount":50}],"changedObstacles":[]},{"players":[{"playerId":2344466,"score":1700,"energy":45,"posx":14,"posy":3,"lastAction":5,"status":0},{"playerId":3573,"score":1584,"energy":37,"posx":6,"posy":6,"lastAction":2,"status":0},{"playerId":2268490,"score":1434,"energy":31,"posx":17,"posy":4,"lastAction":4,"status":0},{"playerId":2241039,"score":1584,"energy":9,"posx":3,"posy":1,"lastAction":5,"status":0}],"golds":[{"posx":0,"posy":0,"amount":50},{"posx":3,"posy":1,"amount":200},{"posx":17,"posy":1,"amount":200},{"posx":14,"posy":3,"amount":400},{"posx":17,"posy":4,"amount":600},{"posx":12,"posy":6,"amount":50}],"changedObstacles":[{"type":3,"posx":6,"posy":6,"value":-20}]},{"players":[{"playerId":2344466,"score":1750,"energy":40,"posx":14,"posy":3,"lastAction":5,"status":0},{"playerId":3573,"score":1584,"energy":31,"posx":6,"posy":5,"lastAction":2,"status":0},{"playerId":2268490,"score":1484,"energy":26,"posx":17,"posy":4,"lastAction":5,"status":0},{"playerId":2241039,"score":1634,"energy":4,"posx":3,"posy":1,"lastAction":5,"status":0}],"golds":[{"posx":0,"posy":0,"amount":50},{"posx":3,"posy":1,"amount":150},{"posx":17,"posy":1,"amount":200},{"posx":14,"posy":3,"amount":350},{"posx":17,"posy":4,"amount":550},{"posx":12,"posy":6,"amount":50}],"changedObstacles":[]},{"players":[{"playerId":2344466,"score":1800,"energy":35,"posx":14,"posy":3,"lastAction":5,"status":0},{"playerId":3573,"score":1584,"energy":43,"posx":6,"posy":5,"lastAction":4,"status":0},{"playerId":2268490,"score":1534,"energy":21,"posx":17,"posy":4,"lastAction":5,"status":0},{"playerId":2241039,"score":1634,"energy":16,"posx":3,"posy":1,"lastAction":4,"status":0}],"golds":[{"posx":0,"posy":0,"amount":50},{"posx":3,"posy":1,"amount":150},{"posx":17,"posy":1,"amount":200},{"posx":14,"posy":3,"amount":300},{"posx":17,"posy":4,"amount":500},{"posx":12,"posy":6,"amount":50}],"changedObstacles":[]},{"players":[{"playerId":2344466,"score":1850,"energy":30,"posx":14,"posy":3,"lastAction":5,"status":0},{"playerId":3573,"score":1584,"energy":42,"posx":6,"posy":4,"lastAction":2,"status":0},{"playerId":2268490,"score":1584,"energy":16,"posx":17,"posy":4,"lastAction":5,"status":0},{"playerId":2241039,"score":1684,"energy":11,"posx":3,"posy":1,"lastAction":5,"status":0}],"golds":[{"posx":0,"posy":0,"amount":50},{"posx":3,"posy":1,"amount":100},{"posx":17,"posy":1,"amount":200},{"posx":14,"posy":3,"amount":250},{"posx":17,"posy":4,"amount":450},{"posx":12,"posy":6,"amount":50}],"changedObstacles":[]},{"players":[{"playerId":2344466,"score":1900,"energy":25,"posx":14,"posy":3,"lastAction":5,"status":0},{"playerId":3573,"score":1584,"energy":41,"posx":6,"posy":3,"lastAction":2,"status":0},{"playerId":2268490,"score":1634,"energy":11,"posx":17,"posy":4,"lastAction":5,"status":0},{"playerId":2241039,"score":1734,"energy":6,"posx":3,"posy":1,"lastAction":5,"status":0}],"golds":[{"posx":0,"posy":0,"amount":50},{"posx":3,"posy":1,"amount":50},{"posx":17,"posy":1,"amount":200},{"posx":14,"posy":3,"amount":200},{"posx":17,"posy":4,"amount":400},{"posx":12,"posy":6,"amount":50}],"changedObstacles":[]},{"players":[{"playerId":2344466,"score":1950,"energy":20,"posx":14,"posy":3,"lastAction":5,"status":0},{"playerId":3573,"score":1584,"energy":27,"posx":7,"posy":3,"lastAction":1,"status":0},{"playerId":2268490,"score":1684,"energy":6,"posx":17,"posy":4,"lastAction":5,"status":0},{"playerId":2241039,"score":1784,"energy":1,"posx":3,"posy":1,"lastAction":5,"status":0}],"golds":[{"posx":0,"posy":0,"amount":50},{"posx":17,"posy":1,"amount":200},{"posx":14,"posy":3,"amount":150},{"posx":17,"posy":4,"amount":350},{"posx":12,"posy":6,"amount":50}],"changedObstacles":[{"type":0,"posx":3,"posy":1,"value":-1}]},{"players":[{"playerId":2344466,"score":2000,"energy":15,"posx":14,"posy":3,"lastAction":5,"status":0},{"playerId":3573,"score":1584,"energy":39,"posx":7,"posy":3,"lastAction":4,"status":0},{"playerId":2268490,"score":1684,"energy":18,"posx":17,"posy":4,"lastAction":4,"status":0},{"playerId":2241039,"score":1784,"energy":13,"posx":3,"posy":1,"lastAction":4,"status":0}],"golds":[{"posx":0,"posy":0,"amount":50},{"posx":17,"posy":1,"amount":200},{"posx":14,"posy":3,"amount":100},{"posx":17,"posy":4,"amount":350},{"posx":12,"posy":6,"amount":50}],"changedObstacles":[]},{"players":[{"playerId":2344466,"score":2050,"energy":10,"posx":14,"posy":3,"lastAction":5,"status":0},{"playerId":3573,"score":1584,"energy":38,"posx":8,"posy":3,"lastAction":1,"status":0},{"playerId":2268490,"score":1684,"energy":34,"posx":17,"posy":4,"lastAction":4,"status":0},{"playerId":2241039,"score":1784,"energy":29,"posx":3,"posy":1,"lastAction":4,"status":0}],"golds":[{"posx":0,"posy":0,"amount":50},{"posx":17,"posy":1,"amount":200},{"posx":14,"posy":3,"amount":50},{"posx":17,"posy":4,"amount":350},{"posx":12,"posy":6,"amount":50}],"changedObstacles":[]},{"players":[{"playerId":2344466,"score":2100,"energy":5,"posx":14,"posy":3,"lastAction":5,"status":0},{"playerId":3573,"score":1584,"energy":37,"posx":9,"posy":3,"lastAction":1,"status":0},{"playerId":2268490,"score":1734,"energy":29,"posx":17,"posy":4,"lastAction":5,"status":0},{"playerId":2241039,"score":1784,"energy":50,"posx":3,"posy":1,"lastAction":4,"status":0}],"golds":[{"posx":0,"posy":0,"amount":50},{"posx":17,"posy":1,"amount":200},{"posx":17,"posy":4,"amount":300},{"posx":12,"posy":6,"amount":50}],"changedObstacles":[{"type":0,"posx":14,"posy":3,"value":-1}]},{"players":[{"playerId":2344466,"score":2100,"energy":4,"posx":15,"posy":3,"lastAction":1,"status":0},{"playerId":3573,"score":1584,"energy":19,"posx":10,"posy":3,"lastAction":1,"status":0},{"playerId":2268490,"score":1784,"energy":24,"posx":17,"posy":4,"lastAction":5,"status":0},{"playerId":2241039,"score":1784,"energy":39,"posx":4,"posy":1,"lastAction":1,"status":0}],"golds":[{"posx":0,"posy":0,"amount":50},{"posx":17,"posy":1,"amount":200},{"posx":17,"posy":4,"amount":250},{"posx":12,"posy":6,"amount":50}],"changedObstacles":[]},{"players":[{"playerId":2344466,"score":2100,"energy":3,"posx":15,"posy":4,"lastAction":3,"status":0},{"playerId":3573,"score":1584,"energy":31,"posx":10,"posy":3,"lastAction":4,"status":0},{"playerId":2268490,"score":1834,"energy":19,"posx":17,"posy":4,"lastAction":5,"status":0},{"playerId":2241039,"score":1784,"energy":50,"posx":4,"posy":1,"lastAction":4,"status":0}],"golds":[{"posx":0,"posy":0,"amount":50},{"posx":17,"posy":1,"amount":200},{"posx":17,"posy":4,"amount":200},{"posx":12,"posy":6,"amount":50}],"changedObstacles":[]},{"players":[{"playerId":2344466,"score":2100,"energy":2,"posx":16,"posy":4,"lastAction":1,"status":0},{"playerId":3573,"score":1584,"energy":47,"posx":10,"posy":3,"lastAction":4,"status":0},{"playerId":2268490,"score":1884,"energy":14,"posx":17,"posy":4,"lastAction":5,"status":0},{"playerId":2241039,"score":1784,"energy":45,"posx":5,"posy":1,"lastAction":1,"status":0}],"golds":[{"posx":0,"posy":0,"amount":50},{"posx":17,"posy":1,"amount":200},{"posx":17,"posy":4,"amount":150},{"posx":12,"posy":6,"amount":50}],"changedObstacles":[{"type":3,"posx":5,"posy":1,"value":-20}]},{"players":[{"playerId":2344466,"score":2100,"energy":14,"posx":16,"posy":4,"lastAction":4,"status":0},{"playerId":3573,"score":1584,"energy":36,"posx":11,"posy":3,"lastAction":1,"status":0},{"playerId":2268490,"score":1934,"energy":9,"posx":17,"posy":4,"lastAction":5,"status":0},{"playerId":2241039,"score":1784,"energy":50,"posx":5,"posy":1,"lastAction":4,"status":0}],"golds":[{"posx":0,"posy":0,"amount":50},{"posx":17,"posy":1,"amount":200},{"posx":17,"posy":4,"amount":100},{"posx":12,"posy":6,"amount":50}],"changedObstacles":[]},{"players":[{"playerId":2344466,"score":2100,"energy":30,"posx":16,"posy":4,"lastAction":4,"status":0},{"playerId":3573,"score":1584,"energy":35,"posx":12,"posy":3,"lastAction":1,"status":0},{"playerId":2268490,"score":1984,"energy":4,"posx":17,"posy":4,"lastAction":5,"status":0},{"playerId":2241039,"score":1784,"energy":49,"posx":6,"posy":1,"lastAction":1,"status":0}],"golds":[{"posx":0,"posy":0,"amount":50},{"posx":17,"posy":1,"amount":200},{"posx":17,"posy":4,"amount":50},{"posx":12,"posy":6,"amount":50}],"changedObstacles":[]},{"players":[{"playerId":2344466,"score":2100,"energy":50,"posx":16,"posy":4,"lastAction":4,"status":0},{"playerId":3573,"score":1584,"energy":34,"posx":12,"posy":4,"lastAction":3,"status":0},{"playerId":2268490,"score":1984,"energy":16,"posx":17,"posy":4,"lastAction":4,"status":0},{"playerId":2241039,"score":1784,"energy":50,"posx":6,"posy":1,"lastAction":4,"status":0}],"golds":[{"posx":0,"posy":0,"amount":50},{"posx":17,"posy":1,"amount":200},{"posx":17,"posy":4,"amount":50},{"posx":12,"posy":6,"amount":50}],"changedObstacles":[]},{"players":[{"playerId":2344466,"score":2100,"energy":46,"posx":17,"posy":4,"lastAction":1,"status":0},{"playerId":3573,"score":1584,"energy":46,"posx":12,"posy":4,"lastAction":4,"status":0},{"playerId":2268490,"score":1984,"energy":32,"posx":17,"posy":4,"lastAction":4,"status":0},{"playerId":2241039,"score":1784,"energy":38,"posx":7,"posy":1,"lastAction":1,"status":0}],"golds":[{"posx":0,"posy":0,"amount":50},{"posx":17,"posy":1,"amount":200},{"posx":17,"posy":4,"amount":50},{"posx":12,"posy":6,"amount":50}],"changedObstacles":[]},{"players":[{"playerId":2344466,"score":2125,"energy":41,"posx":17,"posy":4,"lastAction":5,"status":0},{"playerId":3573,"score":1584,"energy":45,"posx":12,"posy":5,"lastAction":3,"status":0},{"playerId":2268490,"score":2009,"energy":27,"posx":17,"posy":4,"lastAction":5,"status":0},{"playerId":2241039,"score":1784,"energy":50,"posx":7,"posy":1,"lastAction":4,"status":0}],"golds":[{"posx":0,"posy":0,"amount":50},{"posx":17,"posy":1,"amount":200},{"posx":12,"posy":6,"amount":50}],"changedObstacles":[{"type":0,"posx":17,"posy":4,"value":-1}]},{"players":[{"playerId":2344466,"score":2125,"energy":30,"posx":17,"posy":3,"lastAction":2,"status":0},{"playerId":3573,"score":1584,"energy":41,"posx":12,"posy":6,"lastAction":3,"status":0},{"playerId":2268490,"score":2009,"energy":17,"posx":17,"posy":3,"lastAction":2,"status":0},{"playerId":2241039,"score":1784,"energy":49,"posx":8,"posy":1,"lastAction":1,"status":0}],"golds":[{"posx":0,"posy":0,"amount":50},{"posx":17,"posy":1,"amount":200},{"posx":12,"posy":6,"amount":50}],"changedObstacles":[]},{"players":[{"playerId":2344466,"score":2125,"energy":10,"posx":17,"posy":2,"lastAction":2,"status":0},{"playerId":3573,"score":1634,"energy":36,"posx":12,"posy":6,"lastAction":5,"status":0},{"playerId":2268490,"score":2009,"energy":29,"posx":17,"posy":3,"lastAction":4,"status":0},{"playerId":2241039,"score":1784,"energy":50,"posx":8,"posy":1,"lastAction":4,"status":0}],"golds":[{"posx":0,"posy":0,"amount":50},{"posx":17,"posy":1,"amount":200}],"changedObstacles":[{"type":0,"posx":12,"posy":6,"value":-1}]},{"players":[{"playerId":2344466,"score":2125,"energy":6,"posx":17,"posy":1,"lastAction":2,"status":0},{"playerId":3573,"score":1634,"energy":26,"posx":13,"posy":6,"lastAction":1,"status":0},{"playerId":2268490,"score":2009,"energy":22,"posx":17,"posy":2,"lastAction":2,"status":0},{"playerId":2241039,"score":1784,"energy":49,"posx":9,"posy":1,"lastAction":1,"status":0}],"golds":[{"posx":0,"posy":0,"amount":50},{"posx":17,"posy":1,"amount":200}],"changedObstacles":[{"type":0,"posx":13,"posy":6,"value":-1}]},{"players":[{"playerId":2344466,"score":2175,"energy":1,"posx":17,"posy":1,"lastAction":5,"status":0},{"playerId":3573,"score":1634,"energy":38,"posx":13,"posy":6,"lastAction":4,"status":0},{"playerId":2268490,"score":2009,"energy":18,"posx":17,"posy":1,"lastAction":2,"status":0},{"playerId":2241039,"score":1784,"energy":50,"posx":9,"posy":1,"lastAction":4,"status":0}],"golds":[{"posx":0,"posy":0,"amount":50},{"posx":17,"posy":1,"amount":150}],"changedObstacles":[]},{"players":[{"playerId":2344466,"score":2175,"energy":13,"posx":17,"posy":1,"lastAction":4,"status":0},{"playerId":3573,"score":1634,"energy":37,"posx":14,"posy":6,"lastAction":1,"status":0},{"playerId":2268490,"score":2059,"energy":13,"posx":17,"posy":1,"lastAction":5,"status":0},{"playerId":2241039,"score":1784,"energy":31,"posx":10,"posy":1,"lastAction":1,"status":0}],"golds":[{"posx":0,"posy":0,"amount":50},{"posx":17,"posy":1,"amount":100}],"changedObstacles":[]},{"players":[{"playerId":2344466,"score":2175,"energy":29,"posx":17,"posy":1,"lastAction":4,"status":0},{"playerId":3573,"score":1634,"energy":36,"posx":15,"posy":6,"lastAction":1,"status":0},{"playerId":2268490,"score":2109,"energy":8,"posx":17,"posy":1,"lastAction":5,"status":0},{"playerId":2241039,"score":1784,"energy":43,"posx":10,"posy":1,"lastAction":4,"status":0}],"golds":[{"posx":0,"posy":0,"amount":50},{"posx":17,"posy":1,"amount":50}],"changedObstacles":[]},{"players":[{"playerId":2344466,"score":2175,"energy":50,"posx":17,"posy":1,"lastAction":4,"status":0},{"playerId":3573,"score":1634,"energy":31,"posx":16,"posy":6,"lastAction":1,"status":0},{"playerId":2268490,"score":2159,"energy":3,"posx":17,"posy":1,"lastAction":5,"status":0},{"playerId":2241039,"score":1784,"energy":42,"posx":11,"posy":1,"lastAction":1,"status":0}],"golds":[{"posx":0,"posy":0,"amount":50}],"changedObstacles":[{"type":3,"posx":16,"posy":6,"value":-20},{"type":0,"posx":17,"posy":1,"value":-1}]},{"players":[{"playerId":2344466,"score":2175,"energy":45,"posx":16,"posy":1,"lastAction":0,"status":0},{"playerId":3573,"score":1634,"energy":43,"posx":16,"posy":6,"lastAction":4,"status":0},{"playerId":2268490,"score":2159,"energy":15,"posx":17,"posy":1,"lastAction":4,"status":0},{"playerId":2241039,"score":1784,"energy":34,"posx":10,"posy":1,"lastAction":0,"status":0}],"golds":[{"posx":0,"posy":0,"amount":50}],"changedObstacles":[{"type":3,"posx":16,"posy":1,"value":-20}]},{"players":[{"playerId":2344466,"score":2175,"energy":35,"posx":15,"posy":1,"lastAction":0,"status":0},{"playerId":3573,"score":1634,"energy":38,"posx":16,"posy":5,"lastAction":2,"status":0},{"playerId":2268490,"score":2159,"energy":31,"posx":17,"posy":1,"lastAction":4,"status":0},{"playerId":2241039,"score":1784,"energy":33,"posx":9,"posy":1,"lastAction":0,"status":0}],"golds":[{"posx":0,"posy":0,"amount":50}],"changedObstacles":[{"type":3,"posx":16,"posy":5,"value":-20}]},{"players":[{"playerId":2344466,"score":2175,"energy":34,"posx":14,"posy":1,"lastAction":0,"status":0},{"playerId":3573,"score":1634,"energy":37,"posx":16,"posy":4,"lastAction":2,"status":0},{"playerId":2268490,"score":2159,"energy":11,"posx":16,"posy":1,"lastAction":0,"status":0},{"playerId":2241039,"score":1784,"energy":32,"posx":8,"posy":1,"lastAction":0,"status":0}],"golds":[{"posx":0,"posy":0,"amount":50}],"changedObstacles":[{"type":3,"posx":16,"posy":1,"value":-40}]},{"players":[{"playerId":2344466,"score":2175,"energy":33,"posx":13,"posy":1,"lastAction":0,"status":0},{"playerId":3573,"score":1634,"energy":27,"posx":16,"posy":3,"lastAction":2,"status":0},{"playerId":2268490,"score":2159,"energy":23,"posx":16,"posy":1,"lastAction":4,"status":0},{"playerId":2241039,"score":1784,"energy":22,"posx":7,"posy":1,"lastAction":0,"status":0}],"golds":[{"posx":0,"posy":0,"amount":50}],"changedObstacles":[{"type":0,"posx":16,"posy":3,"value":-1}]},{"players":[{"playerId":2344466,"score":2175,"energy":32,"posx":12,"posy":1,"lastAction":0,"status":0},{"playerId":3573,"score":1634,"energy":39,"posx":16,"posy":3,"lastAction":4,"status":0},{"playerId":2268490,"score":2159,"energy":4,"posx":15,"posy":1,"lastAction":0,"status":0},{"playerId":2241039,"score":1784,"energy":21,"posx":6,"posy":1,"lastAction":0,"status":0}],"golds":[{"posx":0,"posy":0,"amount":50}],"changedObstacles":[]},{"players":[{"playerId":2344466,"score":2175,"energy":31,"posx":11,"posy":1,"lastAction":0,"status":0},{"playerId":3573,"score":1634,"energy":38,"posx":16,"posy":2,"lastAction":2,"status":0},{"playerId":2268490,"score":2159,"energy":3,"posx":14,"posy":1,"lastAction":0,"status":0},{"playerId":2241039,"score":1784,"energy":1,"posx":5,"posy":1,"lastAction":0,"status":0}],"golds":[{"posx":0,"posy":0,"amount":50}],"changedObstacles":[{"type":3,"posx":5,"posy":1,"value":-40}]},{"players":[{"playerId":2344466,"score":2175,"energy":12,"posx":10,"posy":1,"lastAction":0,"status":0},{"playerId":3573,"score":1634,"energy":-2,"posx":16,"posy":1,"lastAction":2,"status":2},{"playerId":2268490,"score":2159,"energy":2,"posx":13,"posy":1,"lastAction":0,"status":0},{"playerId":2241039,"score":1784,"energy":13,"posx":5,"posy":1,"lastAction":4,"status":0}],"golds":[{"posx":0,"posy":0,"amount":50}],"changedObstacles":[{"type":3,"posx":16,"posy":1,"value":-100}]},{"players":[{"playerId":2344466,"score":2175,"energy":11,"posx":9,"posy":1,"lastAction":0,"status":0},{"playerId":3573,"score":1634,"energy":-2,"posx":16,"posy":1,"lastAction":6,"status":2},{"playerId":2268490,"score":2159,"energy":1,"posx":12,"posy":1,"lastAction":0,"status":0},{"playerId":2241039,"score":1784,"energy":29,"posx":5,"posy":1,"lastAction":4,"status":0}],"golds":[{"posx":0,"posy":0,"amount":50}],"changedObstacles":[]},{"players":[{"playerId":2344466,"score":2175,"energy":10,"posx":8,"posy":1,"lastAction":0,"status":0},{"playerId":3573,"score":1634,"energy":-2,"posx":16,"posy":1,"lastAction":6,"status":2},{"playerId":2268490,"score":2159,"energy":13,"posx":12,"posy":1,"lastAction":4,"status":0},{"playerId":2241039,"score":1784,"energy":19,"posx":4,"posy":1,"lastAction":0,"status":0}],"golds":[{"posx":0,"posy":0,"amount":50}],"changedObstacles":[]},{"players":[{"playerId":2344466,"score":2175,"energy":9,"posx":8,"posy":2,"lastAction":3,"status":0},{"playerId":3573,"score":1634,"energy":-2,"posx":16,"posy":1,"lastAction":6,"status":2},{"playerId":2268490,"score":2159,"energy":12,"posx":11,"posy":1,"lastAction":0,"status":0},{"playerId":2241039,"score":1784,"energy":18,"posx":3,"posy":1,"lastAction":0,"status":0}],"golds":[{"posx":0,"posy":0,"amount":50}],"changedObstacles":[]},{"players":[{"playerId":2344466,"score":2175,"energy":8,"posx":7,"posy":2,"lastAction":0,"status":0},{"playerId":3573,"score":1634,"energy":-2,"posx":16,"posy":1,"lastAction":6,"status":2},{"playerId":2268490,"score":2159,"energy":24,"posx":11,"posy":1,"lastAction":4,"status":0},{"playerId":2241039,"score":1784,"energy":17,"posx":2,"posy":1,"lastAction":0,"status":0}],"golds":[{"posx":0,"posy":0,"amount":50}],"changedObstacles":[]},{"players":[{"playerId":2344466,"score":2175,"energy":7,"posx":6,"posy":2,"lastAction":0,"status":0},{"playerId":3573,"score":1634,"energy":-2,"posx":16,"posy":1,"lastAction":6,"status":2},{"playerId":2268490,"score":2159,"energy":10,"posx":10,"posy":1,"lastAction":0,"status":0},{"playerId":2241039,"score":1784,"energy":7,"posx":1,"posy":1,"lastAction":0,"status":0}],"golds":[{"posx":0,"posy":0,"amount":50}],"changedObstacles":[{"type":0,"posx":1,"posy":1,"value":-1}]},{"players":[{"playerId":2344466,"score":2175,"energy":6,"posx":5,"posy":2,"lastAction":0,"status":0},{"playerId":3573,"score":1634,"energy":-2,"posx":16,"posy":1,"lastAction":6,"status":2},{"playerId":2268490,"score":2159,"energy":9,"posx":9,"posy":1,"lastAction":0,"status":0},{"playerId":2241039,"score":1784,"energy":6,"posx":0,"posy":1,"lastAction":0,"status":0}],"golds":[{"posx":0,"posy":0,"amount":50}],"changedObstacles":[]},{"players":[{"playerId":2344466,"score":2175,"energy":1,"posx":4,"posy":2,"lastAction":0,"status":0},{"playerId":3573,"score":1634,"energy":-2,"posx":16,"posy":1,"lastAction":6,"status":2},{"playerId":2268490,"score":2159,"energy":8,"posx":8,"posy":1,"lastAction":0,"status":0},{"playerId":2241039,"score":1784,"energy":2,"posx":0,"posy":0,"lastAction":2,"status":0}],"golds":[{"posx":0,"posy":0,"amount":50}],"changedObstacles":[{"type":3,"posx":4,"posy":2,"value":-20}]}]