[{"players":[{"playerId":2663641,"score":0,"energy":46,"posx":4,"posy":4,"lastAction":3,"status":0},{"playerId":2268490,"score":0,"energy":46,"posx":5,"posy":3,"lastAction":1,"status":0},{"playerId":2241039,"score":0,"energy":46,"posx":5,"posy":3,"lastAction":1,"status":0},{"playerId":2294637,"score":0,"energy":46,"posx":5,"posy":3,"lastAction":1,"status":0}],"golds":[{"posx":8,"posy":4,"amount":50},{"posx":16,"posy":4,"amount":250},{"posx":7,"posy":4,"amount":750},{"posx":17,"posy":4,"amount":650},{"posx":4,"posy":4,"amount":450},{"posx":12,"posy":4,"amount":50},{"posx":9,"posy":1,"amount":600},{"posx":14,"posy":3,"amount":700},{"posx":12,"posy":2,"amount":600},{"posx":0,"posy":0,"amount":50},{"posx":6,"posy":7,"amount":150},{"posx":1,"posy":3,"amount":550},{"posx":3,"posy":1,"amount":400},{"posx":5,"posy":8,"amount":600},{"posx":3,"posy":5,"amount":600},{"posx":8,"posy":7,"amount":100},{"posx":5,"posy":3,"amount":700},{"posx":17,"posy":1,"amount":200},{"posx":15,"posy":2,"amount":300},{"posx":12,"posy":6,"amount":50}],"changedObstacles":[]},{"players":[{"playerId":2663641,"score":50,"energy":41,"posx":4,"posy":4,"lastAction":5,"status":0},{"playerId":2268490,"score":50,"energy":41,"posx":5,"posy":3,"lastAction":5,"status":0},{"playerId":2241039,"score":50,"energy":41,"posx":5,"posy":3,"lastAction":5,"status":0},{"playerId":2294637,"score":50,"energy":41,"posx":5,"posy":3,"lastAction":5,"status":0}],"golds":[{"posx":0,"posy":0,"amount":50},{"posx":3,"posy":1,"amount":400},{"posx":9,"posy":1,"amount":600},{"posx":17,"posy":1,"amount":200},{"posx":12,"posy":2,"amount":600},{"posx":15,"posy":2,"amount":300},{"posx":1,"posy":3,"amount":550},{"posx":5,"posy":3,"amount":550},{"posx":14,"posy":3,"amount":700},{"posx":4,"posy":4,"amount":400},{"posx":7,"posy":4,"amount":750},{"posx":8,"posy":4,"amount":50},{"posx":12,"posy":4,"amount":50},{"posx":16,"posy":4,"amount":250},{"posx":17,"posy":4,"amount":650},{"posx":3,"posy":5,"amount":600},{"posx":12,"posy":6,"amount":50},{"posx":6,"posy":7,"amount":150},{"posx":8,"posy":7,"amount":100},{"posx":5,"posy":8,"amount":600}],"changedObstacles":[]},{"players":[{"playerId":2663641,"score":100,"energy":36,"posx":4,"posy":4,"lastAction":5,"status":0},{"playerId":2268490,"score":100,"energy":36,"posx":5,"posy":3,"lastAction":5,"status":0},{"playerId":2241039,"score":100,"energy":36,"posx":5,"posy":3,"lastAction":5,"status":0},{"playerId":2294637,"score":100,"energy":36,"posx":5,"posy":3,"lastAction":5,"status":0}],"golds":[{"posx":0,"posy":0,"amount":50},{"posx":3,"posy":1,"amount":400},{"posx":9,"posy":1,"amount":600},{"posx":17,"posy":1,"amount":200},{"posx":12,"posy":2,"amount":600},{"posx":15,"posy":2,"amount":300},{"posx":1,"posy":3,"amount":550},{"posx":5,"posy":3,"amount":400},{"posx":14,"posy":3,"amount":700},{"posx":4,"posy":4,"amount":350},{"posx":7,"posy":4,"amount":750},{"posx":8,"posy":4,"amount":50},{"posx":12,"posy":4,"amount":50},{"posx":16,"posy":4,"amount":250},{"posx":17,"posy":4,"amount":650},{"posx":3,"posy":5,"amount":600},{"posx":12,"posy":6,"amount":50},{"posx":6,"posy":7,"amount":150},{"posx":8,"posy":7,"amount":100},{"posx":5,"posy":8,"amount":600}],"changedObstacles":[]},{"players":[{"playerId":2663641,"score":150,"energy":31,"posx":4,"posy":4,"lastAction":5,"status":0},{"playerId":2268490,"score":150,"energy":31,"posx":5,"posy":3,"lastAction":5,"status":0},{"playerId":2241039,"score":150,"energy":31,"posx":5,"posy":3,"lastAction":5,"status":0},{"playerId":2294637,"score":150,"energy":31,"posx":5,"posy":3,"lastAction":5,"status":0}],"golds":[{"posx":0,"posy":0,"amount":50},{"posx":3,"posy":1,"amount":400},{"posx":9,"posy":1,"amount":600},{"posx":17,"posy":1,"amount":200},{"posx":12,"posy":2,"amount":600},{"posx":15,"posy":2,"amount":300},{"posx":1,"posy":3,"amount":550},{"posx":5,"posy":3,"amount":250},{"posx":14,"posy":3,"amount":700},{"posx":4,"posy":4,"amount":300},{"posx":7,"posy":4,"amount":750},{"posx":8,"posy":4,"amount":50},{"posx":12,"posy":4,"amount":50},{"posx":16,"posy":4,"amount":250},{"posx":17,"posy":4,"amount":650},{"posx":3,"posy":5,"amount":600},{"posx":12,"posy":6,"amount":50},{"posx":6,"posy":7,"amount":150},{"posx":8,"posy":7,"amount":100},{"posx":5,"posy":8,"amount":600}],"changedObstacles":[]},{"players":[{"playerId":2663641,"score":200,"energy":26,"posx":4,"posy":4,"lastAction":5,"status":0},{"playerId":2268490,"score":200,"energy":26,"posx":5,"posy":3,"lastAction":5,"status":0},{"playerId":2241039,"score":200,"energy":26,"posx":5,"posy":3,"lastAction":5,"status":0},{"playerId":2294637,"score":200,"energy":26,"posx":5,"posy":3,"lastAction":5,"status":0}],"golds":[{"posx":0,"posy":0,"amount":50},{"posx":3,"posy":1,"amount":400},{"posx":9,"posy":1,"amount":600},{"posx":17,"posy":1,"amount":200},{"posx":12,"posy":2,"amount":600},{"posx":15,"posy":2,"amount":300},{"posx":1,"posy":3,"amount":550},{"posx":5,"posy":3,"amount":100},{"posx":14,"posy":3,"amount":700},{"posx":4,"posy":4,"amount":250},{"posx":7,"posy":4,"amount":750},{"posx":8,"posy":4,"amount":50},{"posx":12,"posy":4,"amount":50},{"posx":16,"posy":4,"amount":250},{"posx":17,"posy":4,"amount":650},{"posx":3,"posy":5,"amount":600},{"posx":12,"posy":6,"amount":50},{"posx":6,"posy":7,"amount":150},{"posx":8,"posy":7,"amount":100},{"posx":5,"posy":8,"amount":600}],"changedObstacles":[]},{"players":[{"playerId":2663641,"score":250,"energy":21,"posx":4,"posy":4,"lastAction":5,"status":0},{"playerId":2268490,"score":234,"energy":21,"posx":5,"posy":3,"lastAction":5,"status":0},{"playerId":2241039,"score":234,"energy":21,"posx":5,"posy":3,"lastAction":5,"status":0},{"playerId":2294637,"score":234,"energy":21,"posx":5,"posy":3,"lastAction":5,"status":0}],"golds":[{"posx":0,"posy":0,"amount":50},{"posx":3,"posy":1,"amount":400},{"posx":9,"posy":1,"amount":600},{"posx":17,"posy":1,"amount":200},{"posx":12,"posy":2,"amount":600},{"posx":15,"posy":2,"amount":300},{"posx":1,"posy":3,"amount":550},{"posx":14,"posy":3,"amount":700},{"posx":4,"posy":4,"amount":200},{"posx":7,"posy":4,"amount":750},{"posx":8,"posy":4,"amount":50},{"posx":12,"posy":4,"amount":50},{"posx":16,"posy":4,"amount":250},{"posx":17,"posy":4,"amount":650},{"posx":3,"posy":5,"amount":600},{"posx":12,"posy":6,"amount":50},{"posx":6,"posy":7,"amount":150},{"posx":8,"posy":7,"amount":100},{"posx":5,"posy":8,"amount":600}],"changedObstacles":[{"type":0,"posx":5,"posy":3,"value":-1}]},{"players":[{"playerId":2663641,"score":300,"energy":16,"posx":4,"posy":4,"lastAction":5,"status":0},{"playerId":2268490,"score":234,"energy":20,"posx":5,"posy":2,"lastAction":2,"status":0},{"playerId":2241039,"score":234,"energy":20,"posx":4,"posy":3,"lastAction":0,"status":0},{"playerId":2294637,"score":234,"energy":11,"posx":6,"posy":3,"lastAction":1,"status":0}],"golds":[{"posx":0,"posy":0,"amount":50},{"posx":3,"posy":1,"amount":400},{"posx":9,"posy":1,"amount":600},{"posx":17,"posy":1,"amount":200},{"posx":12,"posy":2,"amount":600},{"posx":15,"posy":2,"amount":300},{"posx":1,"posy":3,"amount":550},{"posx":14,"posy":3,"amount":700},{"posx":4,"posy":4,"amount":150},{"posx":7,"posy":4,"amount":750},{"posx":8,"posy":4,"amount":50},{"posx":12,"posy":4,"amount":50},{"posx":16,"posy":4,"amount":250},{"posx":17,"posy":4,"amount":650},{"posx":3,"posy":5,"amount":600},{"posx":12,"posy":6,"amount":50},{"posx":6,"posy":7,"amount":150},{"posx":8,"posy":7,"amount":100},{"posx":5,"posy":8,"amount":600}],"changedObstacles":[{"type":0,"posx":6,"posy":3,"value":-1}]},{"players":[{"playerId":2663641,"score":350,"energy":11,"posx":4,"posy":4,"lastAction":5,"status":0},{"playerId":2268490,"score":234,"energy":10,"posx":6,"posy":2,"lastAction":1,"status":0},{"playerId":2241039,"score":234,"energy":15,"posx":3,"posy":3,"lastAction":0,"status":0},{"playerId":2294637,"score":234,"energy":23,"posx":6,"posy":3,"lastAction":4,"status":0}],"golds":[{"posx":0,"posy":0,"amount":50},{"posx":3,"posy":1,"amount":400},{"posx":9,"posy":1,"amount":600},{"posx":17,"posy":1,"amount":200},{"posx":12,"posy":2,"amount":600},{"posx":15,"posy":2,"amount":300},{"posx":1,"posy":3,"amount":550},{"posx":14,"posy":3,"amount":700},{"posx":4,"posy":4,"amount":100},{"posx":7,"posy":4,"amount":750},{"posx":8,"posy":4,"amount":50},{"posx":12,"posy":4,"amount":50},{"posx":16,"posy":4,"amount":250},{"posx":17,"posy":4,"amount":650},{"posx":3,"posy":5,"amount":600},{"posx":12,"posy":6,"amount":50},{"posx":6,"posy":7,"amount":150},{"posx":8,"posy":7,"amount":100},{"posx":5,"posy":8,"amount":600}],"changedObstacles":[{"type":3,"posx":3,"posy":3,"value":-20},{"type":0,"posx":6,"posy":2,"value":-1}]},{"players":[{"playerId":2663641,"score":400,"energy":6,"posx":4,"posy":4,"lastAction":5,"status":0},{"playerId":2268490,"score":234,"energy":9,"posx":6,"posy":1,"lastAction":2,"status":0},{"playerId":2241039,"score":234,"energy":5,"posx":3,"posy":4,"lastAction":3,"status":0},{"playerId":2294637,"score":234,"energy":39,"posx":6,"posy":3,"lastAction":4,"status":0}],"golds":[{"posx":0,"posy":0,"amount":50},{"posx":3,"posy":1,"amount":400},{"posx":9,"posy":1,"amount":600},{"posx":17,"posy":1,"amount":200},{"posx":12,"posy":2,"amount":600},{"posx":15,"posy":2,"amount":300},{"posx":1,"posy":3,"amount":550},{"posx":14,"posy":3,"amount":700},{"posx":4,"posy":4,"amount":50},{"posx":7,"posy":4,"amount":750},{"posx":8,"posy":4,"amount":50},{"posx":12,"posy":4,"amount":50},{"posx":16,"posy":4,"amount":250},{"posx":17,"posy":4,"amount":650},{"posx":3,"posy":5,"amount":600},{"posx":12,"posy":6,"amount":50},{"posx":6,"posy":7,"amount":150},{"posx":8,"posy":7,"amount":100},{"posx":5,"posy":8,"amount":600}],"changedObstacles":[{"type":0,"posx":3,"posy":4,"value":-1}]},{"players":[{"playerId":2663641,"score":450,"energy":1,"posx":4,"posy":4,"lastAction":5,"status":0},{"playerId":2268490,"score":234,"energy":21,"posx":6,"posy":1,"lastAction":4,"status":0},{"playerId":2241039,"score":234,"energy":1,"posx":3,"posy":5,"lastAction":3,"status":0},{"playerId":2294637,"score":234,"energy":27,"posx":7,"posy":3,"lastAction":1,"status":0}],"golds":[{"posx":0,"posy":0,"amount":50},{"posx":3,"posy":1,"amount":400},{"posx":9,"posy":1,"amount":600},{"posx":17,"posy":1,"amount":200},{"posx":12,"posy":2,"amount":600},{"posx":15,"posy":2,"amount":300},{"posx":1,"posy":3,"amount":550},{"posx":14,"posy":3,"amount":700},{"posx":7,"posy":4,"amount":750},{"posx":8,"posy":4,"amount":50},{"posx":12,"posy":4,"amount":50},{"posx":16,"posy":4,"amount":250},{"posx":17,"posy":4,"amount":650},{"posx":3,"posy":5,"amount":600},{"posx":12,"posy":6,"amount":50},{"posx":6,"posy":7,"amount":150},{"posx":8,"posy":7,"amount":100},{"posx":5,"posy":8,"amount":600}],"changedObstacles":[{"type":0,"posx":4,"posy":4,"value":-1}]},{"players":[{"playerId":2663641,"score":450,"energy":13,"posx":4,"posy":4,"lastAction":4,"status":0},{"playerId":2268490,"score":234,"energy":1,"posx":7,"posy":1,"lastAction":1,"status":0},{"playerId":2241039,"score":234,"energy":13,"posx":3,"posy":5,"lastAction":4,"status":0},{"playerId":2294637,"score":234,"energy":23,"posx":7,"posy":4,"lastAction":3,"status":0}],"golds":[{"posx":0,"posy":0,"amount":50},{"posx":3,"posy":1,"amount":400},{"posx":9,"posy":1,"amount":600},{"posx":17,"posy":1,"amount":200},{"posx":12,"posy":2,"amount":600},{"posx":15,"posy":2,"amount":300},{"posx":1,"posy":3,"amount":550},{"posx":14,"posy":3,"amount":700},{"posx":7,"posy":4,"amount":750},{"posx":8,"posy":4,"amount":50},{"posx":12,"posy":4,"amount":50},{"posx":16,"posy":4,"amount":250},{"posx":17,"posy":4,"amount":650},{"posx":3,"posy":5,"amount":600},{"posx":12,"posy":6,"amount":50},{"posx":6,"posy":7,"amount":150},{"posx":8,"posy":7,"amount":100},{"posx":5,"posy":8,"amount":600}],"changedObstacles":[]},{"players":[{"playerId":2663641,"score":450,"energy":12,"posx":3,"posy":4,"lastAction":0,"status":0},{"playerId":2268490,"score":234,"energy":13,"posx":7,"posy":1,"lastAction":4,"status":0},{"playerId":2241039,"score":284,"energy":8,"posx":3,"posy":5,"lastAction":5,"status":0},{"playerId":2294637,"score":284,"energy":18,"posx":7,"posy":4,"lastAction":5,"status":0}],"golds":[{"posx":0,"posy":0,"amount":50},{"posx":3,"posy":1,"amount":400},{"posx":9,"posy":1,"amount":600},{"posx":17,"posy":1,"amount":200},{"posx":12,"posy":2,"amount":600},{"posx":15,"posy":2,"amount":300},{"posx":1,"posy":3,"amount":550},{"posx":14,"posy":3,"amount":700},{"posx":7,"posy":4,"amount":700},{"posx":8,"posy":4,"amount":50},{"posx":12,"posy":4,"amount":50},{"posx":16,"posy":4,"amount":250},{"posx":17,"posy":4,"amount":650},{"posx":3,"posy":5,"amount":550},{"posx":12,"posy":6,"amount":50},{"posx":6,"posy":7,"amount":150},{"posx":8,"posy":7,"amount":100},{"posx":5,"posy":8,"amount":600}],"changedObstacles":[]},{"players":[{"playerId":2663641,"score":450,"energy":8,"posx":3,"posy":5,"lastAction":3,"status":0},{"playerId":2268490,"score":234,"energy":12,"posx":8,"posy":1,"lastAction":1,"status":0},{"playerId":2241039,"score":334,"energy":3,"posx":3,"posy":5,"lastAction":5,"status":0},{"playerId":2294637,"score":334,"energy":13,"posx":7,"posy":4,"lastAction":5,"status":0}],"golds":[{"posx":0,"posy":0,"amount":50},{"posx":3,"posy":1,"amount":400},{"posx":9,"posy":1,"amount":600},{"posx":17,"posy":1,"amount":200},{"posx":12,"posy":2,"amount":600},{"posx":15,"posy":2,"amount":300},{"posx":1,"posy":3,"amount":550},{"posx":14,"posy":3,"amount":700},{"posx":7,"posy":4,"amount":650},{"posx":8,"posy":4,"amount":50},{"posx":12,"posy":4,"amount":50},{"posx":16,"posy":4,"amount":250},{"posx":17,"posy":4,"amount":650},{"posx":3,"posy":5,"amount":500},{"posx":12,"posy":6,"amount":50},{"posx":6,"posy":7,"amount":150},{"posx":8,"posy":7,"amount":100},{"posx":5,"posy":8,"amount":600}],"changedObstacles":[]},{"players":[{"playerId":2663641,"score":500,"energy":3,"posx":3,"posy":5,"lastAction":5,"status":0},{"playerId":2268490,"score":234,"energy":8,"posx":9,"posy":1,"lastAction":1,"status":0},{"playerId":2241039,"score":334,"energy":15,"posx":3,"posy":5,"lastAction":4,"status":0},{"playerId":2294637,"score":384,"energy":8,"posx":7,"posy":4,"lastAction":5,"status":0}],"golds":[{"posx":0,"posy":0,"amount":50},{"posx":3,"posy":1,"amount":400},{"posx":9,"posy":1,"amount":600},{"posx":17,"posy":1,"amount":200},{"posx":12,"posy":2,"amount":600},{"posx":15,"posy":2,"amount":300},{"posx":1,"posy":3,"amount":550},{"posx":14,"posy":3,"amount":700},{"posx":7,"posy":4,"amount":600},{"posx":8,"posy":4,"amount":50},{"posx":12,"posy":4,"amount":50},{"posx":16,"posy":4,"amount":250},{"posx":17,"posy":4,"amount":650},{"posx":3,"posy":5,"amount":450},{"posx":12,"posy":6,"amount":50},{"posx":6,"posy":7,"amount":150},{"posx":8,"posy":7,"amount":100},{"posx":5,"posy":8,"amount":600}],"changedObstacles":[]},{"players":[{"playerId":2663641,"score":500,"energy":15,"posx":3,"posy":5,"lastAction":4,"status":0},{"playerId":2268490,"score":284,"energy":3,"posx":9,"posy":1,"lastAction":5,"status":0},{"playerId":2241039,"score":384,"energy":10,"posx":3,"posy":5,"lastAction":5,"status":0},{"playerId":2294637,"score":384,"energy":20,"posx":7,"posy":4,"lastAction":4,"status":0}],"golds":[{"posx":0,"posy":0,"amount":50},{"posx":3,"posy":1,"amount":400},{"posx":9,"posy":1,"amount":550},{"posx":17,"posy":1,"amount":200},{"posx":12,"posy":2,"amount":600},{"posx":15,"posy":2,"amount":300},{"posx":1,"posy":3,"amount":550},{"posx":14,"posy":3,"amount":700},{"posx":7,"posy":4,"amount":600},{"posx":8,"posy":4,"amount":50},{"posx":12,"posy":4,"amount":50},{"posx":16,"posy":4,"amount":250},{"posx":17,"posy":4,"amount":650},{"posx":3,"posy":5,"amount":400},{"posx":12,"posy":6,"amount":50},{"posx":6,"posy":7,"amount":150},{"posx":8,"posy":7,"amount":100},{"posx":5,"posy":8,"amount":600}],"changedObstacles":[]},{"players":[{"playerId":2663641,"score":500,"energy":31,"posx":3,"posy":5,"lastAction":4,"status":0},{"playerId":2268490,"score":284,"energy":15,"posx":9,"posy":1,"lastAction":4,"status":0},{"playerId":2241039,"score":434,"energy":5,"posx":3,"posy":5,"lastAction":5,"status":0},{"playerId":2294637,"score":384,"energy":36,"posx":7,"posy":4,"lastAction":4,"status":0}],"golds":[{"posx":0,"posy":0,"amount":50},{"posx":3,"posy":1,"amount":400},{"posx":9,"posy":1,"amount":550},{"posx":17,"posy":1,"amount":200},{"posx":12,"posy":2,"amount":600},{"posx":15,"posy":2,"amount":300},{"posx":1,"posy":3,"amount":550},{"posx":14,"posy":3,"amount":700},{"posx":7,"posy":4,"amount":600},{"posx":8,"posy":4,"amount":50},{"posx":12,"posy":4,"amount":50},{"posx":16,"posy":4,"amount":250},{"posx":17,"posy":4,"amount":650},{"posx":3,"posy":5,"amount":350},{"posx":12,"posy":6,"amount":50},{"posx":6,"posy":7,"amount":150},{"posx":8,"posy":7,"amount":100},{"posx":5,"posy":8,"amount":600}],"changedObstacles":[]},{"players":[{"playerId":2663641,"score":550,"energy":26,"posx":3,"posy":5,"lastAction":5,"status":0},{"playerId":2268490,"score":284,"energy":31,"posx":9,"posy":1,"lastAction":4,"status":0},{"playerId":2241039,"score":434,"energy":17,"posx":3,"posy":5,"lastAction":4,"status":0},{"playerId":2294637,"score":384,"energy":50,"posx":7,"posy":4,"lastAction":4,"status":0}],"golds":[{"posx":0,"posy":0,"amount":50},{"posx":3,"posy":1,"amount":400},{"posx":9,"posy":1,"amount":550},{"posx":17,"posy":1,"amount":200},{"posx":12,"posy":2,"amount":600},{"posx":15,"posy":2,"amount":300},{"posx":1,"posy":3,"amount":550},{"posx":14,"posy":3,"amount":700},{"posx":7,"posy":4,"amount":600},{"posx":8,"posy":4,"amount":50},{"posx":12,"posy":4,"amount":50},{"posx":16,"posy":4,"amount":250},{"posx":17,"posy":4,"amount":650},{"posx":3,"posy":5,"amount":300},{"posx":12,"posy":6,"amount":50},{"posx":6,"posy":7,"amount":150},{"posx":8,"posy":7,"amount":100},{"posx":5,"posy":8,"amount":600}],"changedObstacles":[]},{"players":[{"playerId":2663641,"score":600,"energy":21,"posx":3,"posy":5,"lastAction":5,"status":0},{"playerId":2268490,"score":334,"energy":26,"posx":9,"posy":1,"lastAction":5,"status":0},{"playerId":2241039,"score":484,"energy":12,"posx":3,"posy":5,"lastAction":5,"status":0},{"playerId":2294637,"score":434,"energy":45,"posx":7,"posy":4,"lastAction":5,"status":0}],"golds":[{"posx":0,"posy":0,"amount":50},{"posx":3,"posy":1,"amount":400},{"posx":9,"posy":1,"amount":500},{"posx":17,"posy":1,"amount":200},{"posx":12,"posy":2,"amount":600},{"posx":15,"posy":2,"amount":300},{"posx":1,"posy":3,"amount":550},{"posx":14,"posy":3,"amount":700},{"posx":7,"posy":4,"amount":550},{"posx":8,"posy":4,"amount":50},{"posx":12,"posy":4,"amount":50},{"posx":16,"posy":4,"amount":250},{"posx":17,"posy":4,"amount":650},{"posx":3,"posy":5,"amount":200},{"posx":12,"posy":6,"amount":50},{"posx":6,"posy":7,"amount":150},{"posx":8,"posy":7,"amount":100},{"posx":5,"posy":8,"amount":600}],"changedObstacles":[]},{"players":[{"playerId":2663641,"score":650,"energy":16,"posx":3,"posy":5,"lastAction":5,"status":0},{"playerId":2268490,"score":384,"energy":21,"posx":9,"posy":1,"lastAction":5,"status":0},{"playerId":2241039,"score":534,"energy":7,"posx":3,"posy":5,"lastAction":5,"status":0},{"playerId":2294637,"score":484,"energy":40,"posx":7,"posy":4,"lastAction":5,"status":0}],"golds":[{"posx":0,"posy":0,"amount":50},{"posx":3,"posy":1,"amount":400},{"posx":9,"posy":1,"amount":450},{"posx":17,"posy":1,"amount":200},{"posx":12,"posy":2,"amount":600},{"posx":15,"posy":2,"amount":300},{"posx":1,"posy":3,"amount":550},{"posx":14,"posy":3,"amount":700},{"posx":7,"posy":4,"amount":500},{"posx":8,"posy":4,"amount":50},{"posx":12,"posy":4,"amount":50},{"posx":16,"posy":4,"amount":250},{"posx":17,"posy":4,"amount":650},{"posx":3,"posy":5,"amount":100},{"posx":12,"posy":6,"amount":50},{"posx":6,"posy":7,"amount":150},{"posx":8,"posy":7,"amount":100},{"posx":5,"posy":8,"amount":600}],"changedObstacles":[]},{"players":[{"playerId":2663641,"score":700,"energy":11,"posx":3,"posy":5,"lastAction":5,"status":0},{"playerId":2268490,"score":434,"energy":16,"posx":9,"posy":1,"lastAction":5,"status":0},{"playerId":2241039,"score":584,"energy":2,"posx":3,"posy":5,"lastAction":5,"status":0},{"playerId":2294637,"score":534,"energy":35,"posx":7,"posy":4,"lastAction":5,"status":0}],"golds":[{"posx":0,"posy":0,"amount":50},{"posx":3,"posy":1,"amount":400},{"posx":9,"posy":1,"amount":400},{"posx":17,"posy":1,"amount":200},{"posx":12,"posy":2,"amount":600},{"posx":15,"posy":2,"amount":300},{"posx":1,"posy":3,"amount":550},{"posx":14,"posy":3,"amount":700},{"posx":7,"posy":4,"amount":450},{"posx":8,"posy":4,"amount":50},{"posx":12,"posy":4,"amount":50},{"posx":16,"posy":4,"amount":250},{"posx":17,"posy":4,"amount":650},{"posx":12,"posy":6,"amount":50},{"posx":6,"posy":7,"amount":150},{"posx":8,"posy":7,"amount":100},{"posx":5,"posy":8,"amount":600}],"changedObstacles":[{"type":0,"posx":3,"posy":5,"value":-1}]},{"players":[{"playerId":2663641,"score":700,"energy":10,"posx":3,"posy":4,"lastAction":2,"status":0},{"playerId":2268490,"score":484,"energy":11,"posx":9,"posy":1,"lastAction":5,"status":0},{"playerId":2241039,"score":584,"energy":14,"posx":3,"posy":5,"lastAction":4,"status":0},{"playerId":2294637,"score":584,"energy":30,"posx":7,"posy":4,"lastAction":5,"status":0}],"golds":[{"posx":0,"posy":0,"amount":50},{"posx":3,"posy":1,"amount":400},{"posx":9,"posy":1,"amount":350},{"posx":17,"posy":1,"amount":200},{"posx":12,"posy":2,"amount":600},{"posx":15,"posy":2,"amount":300},{"posx":1,"posy":3,"amount":550},{"posx":14,"posy":3,"amount":700},{"posx":7,"posy":4,"amount":400},{"posx":8,"posy":4,"amount":50},{"posx":12,"posy":4,"amount":50},{"posx":16,"posy":4,"amount":250},{"posx":17,"posy":4,"amount":650},{"posx":12,"posy":6,"amount":50},{"posx":6,"posy":7,"amount":150},{"posx":8,"posy":7,"amount":100},{"posx":5,"posy":8,"amount":600}],"changedObstacles":[]},{"players":[{"playerId":2663641,"score":700,"energy":9,"posx":2,"posy":4,"lastAction":0,"status":0},{"playerId":2268490,"score":534,"energy":6,"posx":9,"posy":1,"lastAction":5,"status":0},{"playerId":2241039,"score":584,"energy":13,"posx":3,"posy":4,"lastAction":2,"status":0},{"playerId":2294637,"score":634,"energy":25,"posx":7,"posy":4,"lastAction":5,"status":0}],"golds":[{"posx":0,"posy":0,"amount":50},{"posx":3,"posy":1,"amount":400},{"posx":9,"posy":1,"amount":300},{"posx":17,"posy":1,"amount":200},{"posx":12,"posy":2,"amount":600},{"posx":15,"posy":2,"amount":300},{"posx":1,"posy":3,"amount":550},{"posx":14,"posy":3,"amount":700},{"posx":7,"posy":4,"amount":350},{"posx":8,"posy":4,"amount":50},{"posx":12,"posy":4,"amount":50},{"posx":16,"posy":4,"amount":250},{"posx":17,"posy":4,"amount":650},{"posx":12,"posy":6,"amount":50},{"posx":6,"posy":7,"amount":150},{"posx":8,"posy":7,"amount":100},{"posx":5,"posy":8,"amount":600}],"changedObstacles":[]},{"players":[{"playerId":2663641,"score":700,"energy":8,"posx":2,"posy":3,"lastAction":2,"status":0},{"playerId":2268490,"score":534,"energy":18,"posx":9,"posy":1,"lastAction":4,"status":0},{"playerId":2241039,"score":584,"energy":25,"posx":3,"posy":4,"lastAction":4,"status":0},{"playerId":2294637,"score":684,"energy":20,"posx":7,"posy":4,"lastAction":5,"status":0}],"golds":[{"posx":0,"posy":0,"amount":50},{"posx":3,"posy":1,"amount":400},{"posx":9,"posy":1,"amount":300},{"posx":17,"posy":1,"amount":200},{"posx":12,"posy":2,"amount":600},{"posx":15,"posy":2,"amount":300},{"posx":1,"posy":3,"amount":550},{"posx":14,"posy":3,"amount":700},{"posx":7,"posy":4,"amount":300},{"posx":8,"posy":4,"amount":50},{"posx":12,"posy":4,"amount":50},{"posx":16,"posy":4,"amount":250},{"posx":17,"posy":4,"amount":650},{"posx":12,"posy":6,"amount":50},{"posx":6,"posy":7,"amount":150},{"posx":8,"posy":7,"amount":100},{"posx":5,"posy":8,"amount":600}],"changedObstacles":[]},{"players":[{"playerId":2663641,"score":700,"energy":7,"posx":2,"posy":2,"lastAction":2,"status":0},{"playerId":2268490,"score":534,"energy":34,"posx":9,"posy":1,"lastAction":4,"status":0},{"playerId":2241039,"score":584,"energy":5,"posx":3,"posy":3,"lastAction":2,"status":0},{"playerId":2294637,"score":734,"energy":15,"posx":7,"posy":4,"lastAction":5,"status":0}],"golds":[{"posx":0,"posy":0,"amount":50},{"posx":3,"posy":1,"amount":400},{"posx":9,"posy":1,"amount":300},{"posx":17,"posy":1,"amount":200},{"posx":12,"posy":2,"amount":600},{"posx":15,"posy":2,"amount":300},{"posx":1,"posy":3,"amount":550},{"posx":14,"posy":3,"amount":700},{"posx":7,"posy":4,"amount":250},{"posx":8,"posy":4,"amount":50},{"posx":12,"posy":4,"amount":50},{"posx":16,"posy":4,"amount":250},{"posx":17,"posy":4,"amount":650},{"posx":12,"posy":6,"amount":50},{"posx":6,"posy":7,"amount":150},{"posx":8,"posy":7,"amount":100},{"posx":5,"posy":8,"amount":600}],"changedObstacles":[{"type":3,"posx":3,"posy":3,"value":-40}]},{"players":[{"playerId":2663641,"score":700,"energy":6,"posx":2,"posy":1,"lastAction":2,"status":0},{"playerId":2268490,"score":584,"energy":29,"posx":9,"posy":1,"lastAction":5,"status":0},{"playerId":2241039,"score":584,"energy":4,"posx":2,"posy":3,"lastAction":0,"status":0},{"playerId":2294637,"score":784,"energy":10,"posx":7,"posy":4,"lastAction":5,"status":0}],"golds":[{"posx":0,"posy":0,"amount":50},{"posx":3,"posy":1,"amount":400},{"posx":9,"posy":1,"amount":250},{"posx":17,"posy":1,"amount":200},{"posx":12,"posy":2,"amount":600},{"posx":15,"posy":2,"amount":300},{"posx":1,"posy":3,"amount":550},{"posx":14,"posy":3,"amount":700},{"posx":7,"posy":4,"amount":200},{"posx":8,"posy":4,"amount":50},{"posx":12,"posy":4,"amount":50},{"posx":16,"posy":4,"amount":250},{"posx":17,"posy":4,"amount":650},{"posx":12,"posy":6,"amount":50},{"posx":6,"posy":7,"amount":150},{"posx":8,"posy":7,"amount":100},{"posx":5,"posy":8,"amount":600}],"changedObstacles":[]},{"players":[{"playerId":2663641,"score":700,"energy":18,"posx":2,"posy":1,"lastAction":4,"status":0},{"playerId":2268490,"score":634,"energy":24,"posx":9,"posy":1,"lastAction":5,"status":0},{"playerId":2241039,"score":584,"energy":16,"posx":2,"posy":3,"lastAction":4,"status":0},{"playerId":2294637,"score":834,"energy":5,"posx":7,"posy":4,"lastAction":5,"status":0}],"golds":[{"posx":0,"posy":0,"amount":50},{"posx":3,"posy":1,"amount":400},{"posx":9,"posy":1,"amount":200},{"posx":17,"posy":1,"amount":200},{"posx":12,"posy":2,"amount":600},{"posx":15,"posy":2,"amount":300},{"posx":1,"posy":3,"amount":550},{"posx":14,"posy":3,"amount":700},{"posx":7,"posy":4,"amount":150},{"posx":8,"posy":4,"amount":50},{"posx":12,"posy":4,"amount":50},{"posx":16,"posy":4,"amount":250},{"posx":17,"posy":4,"amount":650},{"posx":12,"posy":6,"amount":50},{"posx":6,"posy":7,"amount":150},{"posx":8,"posy":7,"amount":100},{"posx":5,"posy":8,"amount":600}],"changedObstacles":[]},{"players":[{"playerId":2663641,"score":700,"energy":34,"posx":2,"posy":1,"lastAction":4,"status":0},{"playerId":2268490,"score":684,"energy":19,"posx":9,"posy":1,"lastAction":5,"status":0},{"playerId":2241039,"score":584,"energy":12,"posx":1,"posy":3,"lastAction":0,"status":0},{"playerId":2294637,"score":834,"energy":17,"posx":7,"posy":4,"lastAction":4,"status":0}],"golds":[{"posx":0,"posy":0,"amount":50},{"posx":3,"posy":1,"amount":400},{"posx":9,"posy":1,"amount":150},{"posx":17,"posy":1,"amount":200},{"posx":12,"posy":2,"amount":600},{"posx":15,"posy":2,"amount":300},{"posx":1,"posy":3,"amount":550},{"posx":14,"posy":3,"amount":700},{"posx":7,"posy":4,"amount":150},{"posx":8,"posy":4,"amount":50},{"posx":12,"posy":4,"amount":50},{"posx":16,"posy":4,"amount":250},{"posx":17,"posy":4,"amount":650},{"posx":12,"posy":6,"amount":50},{"posx":6,"posy":7,"amount":150},{"posx":8,"posy":7,"amount":100},{"posx":5,"posy":8,"amount":600}],"changedObstacles":[]},{"players":[{"playerId":2663641,"score":700,"energy":24,"posx":1,"posy":1,"lastAction":0,"status":0},{"playerId":2268490,"score":734,"energy":14,"posx":9,"posy":1,"lastAction":5,"status":0},{"playerId":2241039,"score":634,"energy":7,"posx":1,"posy":3,"lastAction":5,"status":0},{"playerId":2294637,"score":884,"energy":12,"posx":7,"posy":4,"lastAction":5,"status":0}],"golds":[{"posx":0,"posy":0,"amount":50},{"posx":3,"posy":1,"amount":400},{"posx":9,"posy":1,"amount":100},{"posx":17,"posy":1,"amount":200},{"posx":12,"posy":2,"amount":600},{"posx":15,"posy":2,"amount":300},{"posx":1,"posy":3,"amount":500},{"posx":14,"posy":3,"amount":700},{"posx":7,"posy":4,"amount":100},{"posx":8,"posy":4,"amount":50},{"posx":12,"posy":4,"amount":50},{"posx":16,"posy":4,"amount":250},{"posx":17,"posy":4,"amount":650},{"posx":12,"posy":6,"amount":50},{"posx":6,"posy":7,"amount":150},{"posx":8,"posy":7,"amount":100},{"posx":5,"posy":8,"amount":600}],"changedObstacles":[{"type":0,"posx":1,"posy":1,"value":-1}]},{"players":[{"playerId":2663641,"score":700,"energy":23,"posx":0,"posy":1,"lastAction":0,"status":0},{"playerId":2268490,"score":784,"energy":9,"posx":9,"posy":1,"lastAction":5,"status":0},{"playerId":2241039,"score":684,"energy":2,"posx":1,"posy":3,"lastAction":5,"status":0},{"playerId":2294637,"score":934,"energy":7,"posx":7,"posy":4,"lastAction":5,"status":0}],"golds":[{"posx":0,"posy":0,"amount":50},{"posx":3,"posy":1,"amount":400},{"posx":9,"posy":1,"amount":50},{"posx":17,"posy":1,"amount":200},{"posx":12,"posy":2,"amount":600},{"posx":15,"posy":2,"amount":300},{"posx":1,"posy":3,"amount":450},{"posx":14,"posy":3,"amount":700},{"posx":7,"posy":4,"amount":50},{"posx":8,"posy":4,"amount":50},{"posx":12,"posy":4,"amount":50},{"posx":16,"posy":4,"amount":250},{"posx":17,"posy":4,"amount":650},{"posx":12,"posy":6,"amount":50},{"posx":6,"posy":7,"amount":150},{"posx":8,"posy":7,"amount":100},{"posx":5,"posy":8,"amount":600}],"changedObstacles":[]},{"players":[{"playerId":2663641,"score":700,"energy":19,"posx":0,"posy":0,"lastAction":2,"status":0},{"playerId":2268490,"score":834,"energy":4,"posx":9,"posy":1,"lastAction":5,"status":0},{"playerId":2241039,"score":684,"energy":14,"posx":1,"posy":3,"lastAction":4,"status":0},{"playerId":2294637,"score":984,"energy":2,"posx":7,"posy":4,"lastAction":5,"status":0}],"golds":[{"posx":0,"posy":0,"amount":50},{"posx":3,"posy":1,"amount":400},{"posx":17,"posy":1,"amount":200},{"posx":12,"posy":2,"amount":600},{"posx":15,"posy":2,"amount":300},{"posx":1,"posy":3,"amount":450},{"posx":14,"posy":3,"amount":700},{"posx":8,"posy":4,"amount":50},{"posx":12,"posy":4,"amount":50},{"posx":16,"posy":4,"amount":250},{"posx":17,"posy":4,"amount":650},{"posx":12,"posy":6,"amount":50},{"posx":6,"posy":7,"amount":150},{"posx":8,"posy":7,"amount":100},{"posx":5,"posy":8,"amount":600}],"changedObstacles":[{"type":0,"posx":9,"posy":1,"value":-1},{"type":0,"posx":7,"posy":4,"value":-1}]},{"players":[{"playerId":2663641,"score":750,"energy":14,"posx":0,"posy":0,"lastAction":5,"status":0},{"playerId":2268490,"score":834,"energy":16,"posx":9,"posy":1,"lastAction":4,"status":0},{"playerId":2241039,"score":734,"energy":9,"posx":1,"posy":3,"lastAction":5,"status":0},{"playerId":2294637,"score":984,"energy":14,"posx":7,"posy":4,"lastAction":4,"status":0}],"golds":[{"posx":3,"posy":1,"amount":400},{"posx":17,"posy":1,"amount":200},{"posx":12,"posy":2,"amount":600},{"posx":15,"posy":2,"amount":300},{"posx":1,"posy":3,"amount":400},{"posx":14,"posy":3,"amount":700},{"posx":8,"posy":4,"amount":50},{"posx":12,"posy":4,"amount":50},{"posx":16,"posy":4,"amount":250},{"posx":17,"posy":4,"amount":650},{"posx":12,"posy":6,"amount":50},{"posx":6,"posy":7,"amount":150},{"posx":8,"posy":7,"amount":100},{"posx":5,"posy":8,"amount":600}],"changedObstacles":[{"type":0,"posx":0,"posy":0,"value":-1}]},{"players":[{"playerId":2663641,"score":750,"energy":26,"posx":0,"posy":0,"lastAction":4,"status":0},{"playerId":2268490,"score":834,"energy":32,"posx":9,"posy":1,"lastAction":4,"status":0},{"playerId":2241039,"score":784,"energy":4,"posx":1,"posy":3,"lastAction":5,"status":0},{"playerId":2294637,"score":984,"energy":30,"posx":7,"posy":4,"lastAction":4,"status":0}],"golds":[{"posx":3,"posy":1,"amount":400},{"posx":17,"posy":1,"amount":200},{"posx":12,"posy":2,"amount":600},{"posx":15,"posy":2,"amount":300},{"posx":1,"posy":3,"amount":350},{"posx":14,"posy":3,"amount":700},{"posx":8,"posy":4,"amount":50},{"posx":12,"posy":4,"amount":50},{"posx":16,"posy":4,"amount":250},{"posx":17,"posy":4,"amount":650},{"posx":12,"posy":6,"amount":50},{"posx":6,"posy":7,"amount":150},{"posx":8,"posy":7,"amount":100},{"posx":5,"posy":8,"amount":600}],"changedObstacles":[]},{"players":[{"playerId":2663641,"score":750,"energy":11,"posx":1,"posy":0,"lastAction":1,"status":0},{"playerId":2268490,"score":834,"energy":23,"posx":10,"posy":1,"lastAction":1,"status":0},{"playerId":2241039,"score":784,"energy":16,"posx":1,"posy":3,"lastAction":4,"status":0},{"playerId":2294637,"score":984,"energy":50,"posx":7,"posy":4,"lastAction":4,"status":0}],"golds":[{"posx":3,"posy":1,"amount":400},{"posx":17,"posy":1,"amount":200},{"posx":12,"posy":2,"amount":600},{"posx":15,"posy":2,"amount":300},{"posx":1,"posy":3,"amount":350},{"posx":14,"posy":3,"amount":700},{"posx":8,"posy":4,"amount":50},{"posx":12,"posy":4,"amount":50},{"posx":16,"posy":4,"amount":250},{"posx":17,"posy":4,"amount":650},{"posx":12,"posy":6,"amount":50},{"posx":6,"posy":7,"amount":150},{"posx":8,"posy":7,"amount":100},{"posx":5,"posy":8,"amount":600}],"changedObstacles":[]},{"players":[{"playerId":2663641,"score":750,"energy":10,"posx":1,"posy":1,"lastAction":3,"status":0},{"playerId":2268490,"score":834,"energy":22,"posx":11,"posy":1,"lastAction":1,"status":0},{"playerId":2241039,"score":834,"energy":11,"posx":1,"posy":3,"lastAction":5,"status":0},{"playerId":2294637,"score":984,"energy":46,"posx":8,"posy":4,"lastAction":1,"status":0}],"golds":[{"posx":3,"posy":1,"amount":400},{"posx":17,"posy":1,"amount":200},{"posx":12,"posy":2,"amount":600},{"posx":15,"posy":2,"amount":300},{"posx":1,"posy":3,"amount":300},{"posx":14,"posy":3,"amount":700},{"posx":8,"posy":4,"amount":50},{"posx":12,"posy":4,"amount":50},{"posx":16,"posy":4,"amount":250},{"posx":17,"posy":4,"amount":650},{"posx":12,"posy":6,"amount":50},{"posx":6,"posy":7,"amount":150},{"posx":8,"posy":7,"amount":100},{"posx":5,"posy":8,"amount":600}],"changedObstacles":[]},{"players":[{"playerId":2663641,"score":750,"energy":9,"posx":2,"posy":1,"lastAction":1,"status":0},{"playerId":2268490,"score":834,"energy":12,"posx":12,"posy":1,"lastAction":1,"status":0},{"playerId":2241039,"score":884,"energy":6,"posx":1,"posy":3,"lastAction":5,"status":0},{"playerId":2294637,"score":1034,"energy":41,"posx":8,"posy":4,"lastAction":5,"status":0}],"golds":[{"posx":3,"posy":1,"amount":400},{"posx":17,"posy":1,"amount":200},{"posx":12,"posy":2,"amount":600},{"posx":15,"posy":2,"amount":300},{"posx":1,"posy":3,"amount":250},{"posx":14,"posy":3,"amount":700},{"posx":12,"posy":4,"amount":50},{"posx":16,"posy":4,"amount":250},{"posx":17,"posy":4,"amount":650},{"posx":12,"posy":6,"amount":50},{"posx":6,"posy":7,"amount":150},{"posx":8,"posy":7,"amount":100},{"posx":5,"posy":8,"amount":600}],"changedObstacles":[{"type":0,"posx":12,"posy":1,"value":-1},{"type":0,"posx":8,"posy":4,"value":-1}]},{"players":[{"playerId":2663641,"score":750,"energy":5,"posx":3,"posy":1,"lastAction":1,"status":0},{"playerId":2268490,"score":834,"energy":11,"posx":13,"posy":1,"lastAction":1,"status":0},{"playerId":2241039,"score":934,"energy":1,"posx":1,"posy":3,"lastAction":5,"status":0},{"playerId":2294637,"score":1034,"energy":40,"posx":9,"posy":4,"lastAction":1,"status":0}],"golds":[{"posx":3,"posy":1,"amount":400},{"posx":17,"posy":1,"amount":200},{"posx":12,"posy":2,"amount":600},{"posx":15,"posy":2,"amount":300},{"posx":1,"posy":3,"amount":200},{"posx":14,"posy":3,"amount":700},{"posx":12,"posy":4,"amount":50},{"posx":16,"posy":4,"amount":250},{"posx":17,"posy":4,"amount":650},{"posx":12,"posy":6,"amount":50},{"posx":6,"posy":7,"amount":150},{"posx":8,"posy":7,"amount":100},{"posx":5,"posy":8,"amount":600}],"changedObstacles":[]},{"players":[{"playerId":2663641,"score":750,"energy":17,"posx":3,"posy":1,"lastAction":4,"status":0},{"playerId":2268490,"score":834,"energy":10,"posx":14,"posy":1,"lastAction":1,"status":0},{"playerId":2241039,"score":934,"energy":13,"posx":1,"posy":3,"lastAction":4,"status":0},{"playerId":2294637,"score":1034,"energy":30,"posx":10,"posy":4,"lastAction":1,"status":0}],"golds":[{"posx":3,"posy":1,"amount":400},{"posx":17,"posy":1,"amount":200},{"posx":12,"posy":2,"amount":600},{"posx":15,"posy":2,"amount":300},{"posx":1,"posy":3,"amount":200},{"posx":14,"posy":3,"amount":700},{"posx":12,"posy":4,"amount":50},{"posx":16,"posy":4,"amount":250},{"posx":17,"posy":4,"amount":650},{"posx":12,"posy":6,"amount":50},{"posx":6,"posy":7,"amount":150},{"posx":8,"posy":7,"amount":100},{"posx":5,"posy":8,"amount":600}],"changedObstacles":[{"type":0,"posx":10,"posy":4,"value":-1}]},{"players":[{"playerId":2663641,"score":750,"energy":33,"posx":3,"posy":1,"lastAction":4,"status":0},{"playerId":2268490,"score":834,"energy":22,"posx":14,"posy":1,"lastAction":4,"status":0},{"playerId":2241039,"score":984,"energy":8,"posx":1,"posy":3,"lastAction":5,"status":0},{"playerId":2294637,"score":1034,"energy":29,"posx":11,"posy":4,"lastAction":1,"status":0}],"golds":[{"posx":3,"posy":1,"amount":400},{"posx":17,"posy":1,"amount":200},{"posx":12,"posy":2,"amount":600},{"posx":15,"posy":2,"amount":300},{"posx":1,"posy":3,"amount":150},{"posx":14,"posy":3,"amount":700},{"posx":12,"posy":4,"amount":50},{"posx":16,"posy":4,"amount":250},{"posx":17,"posy":4,"amount":650},{"posx":12,"posy":6,"amount":50},{"posx":6,"posy":7,"amount":150},{"posx":8,"posy":7,"amount":100},{"posx":5,"posy":8,"amount":600}],"changedObstacles":[]},{"players":[{"playerId":2663641,"score":800,"energy":28,"posx":3,"posy":1,"lastAction":5,"status":0},{"playerId":2268490,"score":834,"energy":3,"posx":15,"posy":1,"lastAction":1,"status":0},{"playerId":2241039,"score":1034,"energy":3,"posx":1,"posy":3,"lastAction":5,"status":0},{"playerId":2294637,"score":1034,"energy":25,"posx":12,"posy":4,"lastAction":1,"status":0}],"golds":[{"posx":3,"posy":1,"amount":350},{"posx":17,"posy":1,"amount":200},{"posx":12,"posy":2,"amount":600},{"posx":15,"posy":2,"amount":300},{"posx":1,"posy":3,"amount":100},{"posx":14,"posy":3,"amount":700},{"posx":12,"posy":4,"amount":50},{"posx":16,"posy":4,"amount":250},{"posx":17,"posy":4,"amount":650},{"posx":12,"posy":6,"amount":50},{"posx":6,"posy":7,"amount":150},{"posx":8,"posy":7,"amount":100},{"posx":5,"posy":8,"amount":600}],"changedObstacles":[]},{"players":[{"playerId":2663641,"score":850,"energy":23,"posx":3,"posy":1,"lastAction":5,"status":0},{"playerId":2268490,"score":834,"energy":15,"posx":15,"posy":1,"lastAction":4,"status":0},{"playerId":2241039,"score":1034,"energy":15,"posx":1,"posy":3,"lastAction":4,"status":0},{"playerId":2294637,"score":1084,"energy":20,"posx":12,"posy":4,"lastAction":5,"status":0}],"golds":[{"posx":3,"posy":1,"amount":300},{"posx":17,"posy":1,"amount":200},{"posx":12,"posy":2,"amount":600},{"posx":15,"posy":2,"amount":300},{"posx":1,"posy":3,"amount":100},{"posx":14,"posy":3,"amount":700},{"posx":16,"posy":4,"amount":250},{"posx":17,"posy":4,"amount":650},{"posx":12,"posy":6,"amount":50},{"posx":6,"posy":7,"amount":150},{"posx":8,"posy":7,"amount":100},{"posx":5,"posy":8,"amount":600}],"changedObstacles":[{"type":0,"posx":12,"posy":4,"value":-1}]},{"players":[{"playerId":2663641,"score":900,"energy":18,"posx":3,"posy":1,"lastAction":5,"status":0},{"playerId":2268490,"score":834,"energy":31,"posx":15,"posy":1,"lastAction":4,"status":0},{"playerId":2241039,"score":1084,"energy":10,"posx":1,"posy":3,"lastAction":5,"status":0},{"playerId":2294637,"score":1084,"energy":19,"posx":12,"posy":3,"lastAction":2,"status":0}],"golds":[{"posx":3,"posy":1,"amount":250},{"posx":17,"posy":1,"amount":200},{"posx":12,"posy":2,"amount":600},{"posx":15,"posy":2,"amount":300},{"posx":1,"posy":3,"amount":50},{"posx":14,"posy":3,"amount":700},{"posx":16,"posy":4,"amount":250},{"posx":17,"posy":4,"amount":650},{"posx":12,"posy":6,"amount":50},{"posx":6,"posy":7,"amount":150},{"posx":8,"posy":7,"amount":100},{"posx":5,"posy":8,"amount":600}],"changedObstacles":[]},{"players":[{"playerId":2663641,"score":950,"energy":13,"posx":3,"posy":1,"lastAction":5,"status":0},{"playerId":2268490,"score":834,"energy":27,"posx":15,"posy":2,"lastAction":3,"status":0},{"playerId":2241039,"score":1134,"energy":5,"posx":1,"posy":3,"lastAction":5,"status":0},{"playerId":2294637,"score":1084,"energy":31,"posx":12,"posy":3,"lastAction":4,"status":0}],"golds":[{"posx":3,"posy":1,"amount":200},{"posx":17,"posy":1,"amount":200},{"posx":12,"posy":2,"amount":600},{"posx":15,"posy":2,"amount":300},{"posx":14,"posy":3,"amount":700},{"posx":16,"posy":4,"amount":250},{"posx":17,"posy":4,"amount":650},{"posx":12,"posy":6,"amount":50},{"posx":6,"posy":7,"amount":150},{"posx":8,"posy":7,"amount":100},{"posx":5,"posy":8,"amount":600}],"changedObstacles":[{"type":0,"posx":1,"posy":3,"value":-1}]},{"players":[{"playerId":2663641,"score":1000,"energy":8,"posx":3,"posy":1,"lastAction":5,"status":0},{"playerId":2268490,"score":884,"energy":22,"posx":15,"posy":2,"lastAction":5,"status":0},{"playerId":2241039,"score":1134,"energy":17,"posx":1,"posy":3,"lastAction":4,"status":0},{"playerId":2294637,"score":1084,"energy":47,"posx":12,"posy":3,"lastAction":4,"status":0}],"golds":[{"posx":3,"posy":1,"amount":150},{"posx":17,"posy":1,"amount":200},{"posx":12,"posy":2,"amount":600},{"posx":15,"posy":2,"amount":250},{"posx":14,"posy":3,"amount":700},{"posx":16,"posy":4,"amount":250},{"posx":17,"posy":4,"amount":650},{"posx":12,"posy":6,"amount":50},{"posx":6,"posy":7,"amount":150},{"posx":8,"posy":7,"amount":100},{"posx":5,"posy":8,"amount":600}],"changedObstacles":[]},{"players":[{"playerId":2663641,"score":1050,"energy":3,"posx":3,"posy":1,"lastAction":5,"status":0},{"playerId":2268490,"score":934,"energy":17,"posx":15,"posy":2,"lastAction":5,"status":0},{"playerId":2241039,"score":1134,"energy":33,"posx":1,"posy":3,"lastAction":4,"status":0},{"playerId":2294637,"score":1084,"energy":40,"posx":13,"posy":3,"lastAction":1,"status":0}],"golds":[{"posx":3,"posy":1,"amount":100},{"posx":17,"posy":1,"amount":200},{"posx":12,"posy":2,"amount":600},{"posx":15,"posy":2,"amount":200},{"posx":14,"posy":3,"amount":700},{"posx":16,"posy":4,"amount":250},{"posx":17,"posy":4,"amount":650},{"posx":12,"posy":6,"amount":50},{"posx":6,"posy":7,"amount":150},{"posx":8,"posy":7,"amount":100},{"posx":5,"posy":8,"amount":600}],"changedObstacles":[]},{"players":[{"playerId":2663641,"score":1050,"energy":15,"posx":3,"posy":1,"lastAction":4,"status":0},{"playerId":2268490,"score":984,"energy":12,"posx":15,"posy":2,"lastAction":5,"status":0},{"playerId":2241039,"score":1134,"energy":50,"posx":1,"posy":3,"lastAction":4,"status":0},{"playerId":2294637,"score":1084,"energy":36,"posx":14,"posy":3,"lastAction":1,"status":0}],"golds":[{"posx":3,"posy":1,"amount":100},{"posx":17,"posy":1,"amount":200},{"posx":12,"posy":2,"amount":600},{"posx":15,"posy":2,"amount":150},{"posx":14,"posy":3,"amount":700},{"posx":16,"posy":4,"amount":250},{"posx":17,"posy":4,"amount":650},{"posx":12,"posy":6,"amount":50},{"posx":6,"posy":7,"amount":150},{"posx":8,"posy":7,"amount":100},{"posx":5,"posy":8,"amount":600}],"changedObstacles":[]},{"players":[{"playerId":2663641,"score":1050,"energy":31,"posx":3,"posy":1,"lastAction":4,"status":0},{"playerId":2268490,"score":1034,"energy":7,"posx":15,"posy":2,"lastAction":5,"status":0},{"playerId":2241039,"score":1134,"energy":49,"posx":2,"posy":3,"lastAction":1,"status":0},{"playerId":2294637,"score":1134,"energy":31,"posx":14,"posy":3,"lastAction":5,"status":0}],"golds":[{"posx":3,"posy":1,"amount":100},{"posx":17,"posy":1,"amount":200},{"posx":12,"posy":2,"amount":600},{"posx":15,"posy":2,"amount":100},{"posx":14,"posy":3,"amount":650},{"posx":16,"posy":4,"amount":250},{"posx":17,"posy":4,"amount":650},{"posx":12,"posy":6,"amount":50},{"posx":6,"posy":7,"amount":150},{"posx":8,"posy":7,"amount":100},{"posx":5,"posy":8,"amount":600}],"changedObstacles":[]},{"players":[{"playerId":2663641,"score":1100,"energy":26,"posx":3,"posy":1,"lastAction":5,"status":0},{"playerId":2268490,"score":1084,"energy":2,"posx":15,"posy":2,"lastAction":5,"status":0},{"playerId":2241039,"score":1134,"energy":50,"posx":2,"posy":3,"lastAction":4,"status":0},{"playerId":2294637,"score":1184,"energy":26,"posx":14,"posy":3,"lastAction":5,"status":0}],"golds":[{"posx":3,"posy":1,"amount":50},{"posx":17,"posy":1,"amount":200},{"posx":12,"posy":2,"amount":600},{"posx":15,"posy":2,"amount":50},{"posx":14,"posy":3,"amount":600},{"posx":16,"posy":4,"amount":250},{"posx":17,"posy":4,"amount":650},{"posx":12,"posy":6,"amount":50},{"posx":6,"posy":7,"amount":150},{"posx":8,"posy":7,"amount":100},{"posx":5,"posy":8,"amount":600}],"changedObstacles":[]},{"players":[{"playerId":2663641,"score":1150,"energy":21,"posx":3,"posy":1,"lastAction":5,"status":0},{"playerId":2268490,"score":1084,"energy":14,"posx":15,"posy":2,"lastAction":4,"status":0},{"playerId":2241039,"score":1134,"energy":10,"posx":3,"posy":3,"lastAction":1,"status":0},{"playerId":2294637,"score":1234,"energy":21,"posx":14,"posy":3,"lastAction":5,"status":0}],"golds":[{"posx":17,"posy":1,"amount":200},{"posx":12,"posy":2,"amount":600},{"posx":15,"posy":2,"amount":50},{"posx":14,"posy":3,"amount":550},{"posx":16,"posy":4,"amount":250},{"posx":17,"posy":4,"amount":650},{"posx":12,"posy":6,"amount":50},{"posx":6,"posy":7,"amount":150},{"posx":8,"posy":7,"amount":100},{"posx":5,"posy":8,"amount":600}],"changedObstacles":[{"type":3,"posx":3,"posy":3,"value":-100},{"type":0,"posx":3,"posy":1,"value":-1}]},{"players":[{"playerId":2663641,"score":1150,"energy":20,"posx":3,"posy":2,"lastAction":3,"status":0},{"playerId":2268490,"score":1084,"energy":30,"posx":15,"posy":2,"lastAction":4,"status":0},{"playerId":2241039,"score":1134,"energy":22,"posx":3,"posy":3,"lastAction":4,"status":0},{"playerId":2294637,"score":1284,"energy":16,"posx":14,"posy":3,"lastAction":5,"status":0}],"golds":[{"posx":17,"posy":1,"amount":200},{"posx":12,"posy":2,"amount":600},{"posx":15,"posy":2,"amount":50},{"posx":14,"posy":3,"amount":500},{"posx":16,"posy":4,"amount":250},{"posx":17,"posy":4,"amount":650},{"posx":12,"posy":6,"amount":50},{"posx":6,"posy":7,"amount":150},{"posx":8,"posy":7,"amount":100},{"posx":5,"posy":8,"amount":600}],"changedObstacles":[]},{"players":[{"playerId":2663641,"score":1150,"energy":15,"posx":4,"posy":2,"lastAction":1,"status":0},{"playerId":2268490,"score":1134,"energy":25,"posx":15,"posy":2,"lastAction":5,"status":0},{"playerId":2241039,"score":1134,"energy":38,"posx":3,"posy":3,"lastAction":4,"status":0},{"playerId":2294637,"score":1334,"energy":11,"posx":14,"posy":3,"lastAction":5,"status":0}],"golds":[{"posx":17,"posy":1,"amount":200},{"posx":12,"posy":2,"amount":600},{"posx":14,"posy":3,"amount":450},{"posx":16,"posy":4,"amount":250},{"posx":17,"posy":4,"amount":650},{"posx":12,"posy":6,"amount":50},{"posx":6,"posy":7,"amount":150},{"posx":8,"posy":7,"amount":100},{"posx":5,"posy":8,"amount":600}],"changedObstacles":[{"type":3,"posx":4,"posy":2,"value":-20},{"type":0,"posx":15,"posy":2,"value":-1}]},{"players":[{"playerId":2663641,"score":1150,"energy":14,"posx":4,"posy":3,"lastAction":3,"status":0},{"playerId":2268490,"score":1134,"energy":24,"posx":15,"posy":3,"lastAction":3,"status":0},{"playerId":2241039,"score":1134,"energy":50,"posx":3,"posy":3,"lastAction":4,"status":0},{"playerId":2294637,"score":1384,"energy":6,"posx":14,"posy":3,"lastAction":5,"status":0}],"golds":[{"posx":17,"posy":1,"amount":200},{"posx":12,"posy":2,"amount":600},{"posx":14,"posy":3,"amount":400},{"posx":16,"posy":4,"amount":250},{"posx":17,"posy":4,"amount":650},{"posx":12,"posy":6,"amount":50},{"posx":6,"posy":7,"amount":150},{"posx":8,"posy":7,"amount":100},{"posx":5,"posy":8,"amount":600}],"changedObstacles":[]},{"players":[{"playerId":2663641,"score":1150,"energy":13,"posx":4,"posy":4,"lastAction":3,"status":0},{"playerId":2268490,"score":1134,"energy":23,"posx":15,"posy":4,"lastAction":3,"status":0},{"playerId":2241039,"score":1134,"energy":49,"posx":4,"posy":3,"lastAction":1,"status":0},{"playerId":2294637,"score":1384,"energy":18,"posx":14,"posy":3,"lastAction":4,"status":0}],"golds":[{"posx":17,"posy":1,"amount":200},{"posx":12,"posy":2,"amount":600},{"posx":14,"posy":3,"amount":400},{"posx":16,"posy":4,"amount":250},{"posx":17,"posy":4,"amount":650},{"posx":12,"posy":6,"amount":50},{"posx":6,"posy":7,"amount":150},{"posx":8,"posy":7,"amount":100},{"posx":5,"posy":8,"amount":600}],"changedObstacles":[]},{"players":[{"playerId":2663641,"score":1150,"energy":3,"posx":4,"posy":5,"lastAction":3,"status":0},{"playerId":2268490,"score":1134,"energy":19,"posx":16,"posy":4,"lastAction":1,"status":0},{"playerId":2241039,"score":1134,"energy":50,"posx":4,"posy":3,"lastAction":4,"status":0},{"playerId":2294637,"score":1384,"energy":34,"posx":14,"posy":3,"lastAction":4,"status":0}],"golds":[{"posx":17,"posy":1,"amount":200},{"posx":12,"posy":2,"amount":600},{"posx":14,"posy":3,"amount":400},{"posx":16,"posy":4,"amount":250},{"posx":17,"posy":4,"amount":650},{"posx":12,"posy":6,"amount":50},{"posx":6,"posy":7,"amount":150},{"posx":8,"posy":7,"amount":100},{"posx":5,"posy":8,"amount":600}],"changedObstacles":[{"type":0,"posx":4,"posy":5,"value":-1}]},{"players":[{"playerId":2663641,"score":1150,"energy":15,"posx":4,"posy":5,"lastAction":4,"status":0},{"playerId":2268490,"score":1184,"energy":14,"posx":16,"posy":4,"lastAction":5,"status":0},{"playerId":2241039,"score":1134,"energy":49,"posx":5,"posy":3,"lastAction":1,"status":0},{"playerId":2294637,"score":1384,"energy":50,"posx":14,"posy":3,"lastAction":4,"status":0}],"golds":[{"posx":17,"posy":1,"amount":200},{"posx":12,"posy":2,"amount":600},{"posx":14,"posy":3,"amount":400},{"posx":16,"posy":4,"amount":200},{"posx":17,"posy":4,"amount":650},{"posx":12,"posy":6,"amount":50},{"posx":6,"posy":7,"amount":150},{"posx":8,"posy":7,"amount":100},{"posx":5,"posy":8,"amount":600}],"changedObstacles":[]},{"players":[{"playerId":2663641,"score":1150,"energy":5,"posx":4,"posy":6,"lastAction":3,"status":0},{"playerId":2268490,"score":1234,"energy":9,"posx":16,"posy":4,"lastAction":5,"status":0},{"playerId":2241039,"score":1134,"energy":44,"posx":5,"posy":4,"lastAction":3,"status":0},{"playerId":2294637,"score":1434,"energy":45,"posx":14,"posy":3,"lastAction":5,"status":0}],"golds":[{"posx":17,"posy":1,"amount":200},{"posx":12,"posy":2,"amount":600},{"posx":14,"posy":3,"amount":350},{"posx":16,"posy":4,"amount":150},{"posx":17,"posy":4,"amount":650},{"posx":12,"posy":6,"amount":50},{"posx":6,"posy":7,"amount":150},{"posx":8,"posy":7,"amount":100},{"posx":5,"posy":8,"amount":600}],"changedObstacles":[{"type":3,"posx":5,"posy":4,"value":-20},{"type":0,"posx":4,"posy":6,"value":-1}]},{"players":[{"playerId":2663641,"score":1150,"energy":17,"posx":4,"posy":6,"lastAction":4,"status":0},{"playerId":2268490,"score":1284,"energy":4,"posx":16,"posy":4,"lastAction":5,"status":0},{"playerId":2241039,"score":1134,"energy":43,"posx":5,"posy":5,"lastAction":3,"status":0},{"playerId":2294637,"score":1484,"energy":40,"posx":14,"posy":3,"lastAction":5,"status":0}],"golds":[{"posx":17,"posy":1,"amount":200},{"posx":12,"posy":2,"amount":600},{"posx":14,"posy":3,"amount":300},{"posx":16,"posy":4,"amount":100},{"posx":17,"posy":4,"amount":650},{"posx":12,"posy":6,"amount":50},{"posx":6,"posy":7,"amount":150},{"posx":8,"posy":7,"amount":100},{"posx":5,"posy":8,"amount":600}],"changedObstacles":[]},{"players":[{"playerId":2663641,"score":1150,"energy":7,"posx":4,"posy":7,"lastAction":3,"status":0},{"playerId":2268490,"score":1284,"energy":16,"posx":16,"posy":4,"lastAction":4,"status":0},{"playerId":2241039,"score":1134,"energy":33,"posx":5,"posy":6,"lastAction":3,"status":0},{"playerId":2294637,"score":1534,"energy":35,"posx":14,"posy":3,"lastAction":5,"status":0}],"golds":[{"posx":17,"posy":1,"amount":200},{"posx":12,"posy":2,"amount":600},{"posx":14,"posy":3,"amount":250},{"posx":16,"posy":4,"amount":100},{"posx":17,"posy":4,"amount":650},{"posx":12,"posy":6,"amount":50},{"posx":6,"posy":7,"amount":150},{"posx":8,"posy":7,"amount":100},{"posx":5,"posy":8,"amount":600}],"changedObstacles":[{"type":0,"posx":5,"posy":6,"value":-1},{"type":0,"posx":4,"posy":7,"value":-1}]},{"players":[{"playerId":2663641,"score":1150,"energy":6,"posx":5,"posy":7,"lastAction":1,"status":0},{"playerId":2268490,"score":1284,"energy":32,"posx":16,"posy":4,"lastAction":4,"status":0},{"playerId":2241039,"score":1134,"energy":32,"posx":5,"posy":7,"lastAction":3,"status":0},{"playerId":2294637,"score":1584,"energy":30,"posx":14,"posy":3,"lastAction":5,"status":0}],"golds":[{"posx":17,"posy":1,"amount":200},{"posx":12,"posy":2,"amount":600},{"posx":14,"posy":3,"amount":200},{"posx":16,"posy":4,"amount":100},{"posx":17,"posy":4,"amount":650},{"posx":12,"posy":6,"amount":50},{"posx":6,"posy":7,"amount":150},{"posx":8,"posy":7,"amount":100},{"posx":5,"posy":8,"amount":600}],"changedObstacles":[]},{"players":[{"playerId":2663641,"score":1150,"energy":2,"posx":5,"posy":8,"lastAction":3,"status":0},{"playerId":2268490,"score":1334,"energy":27,"posx":16,"posy":4,"lastAction":5,"status":0},{"playerId":2241039,"score":1134,"energy":28,"posx":5,"posy":8,"lastAction":3,"status":0},{"playerId":2294637,"score":1634,"energy":25,"posx":14,"posy":3,"lastAction":5,"status":0}],"golds":[{"posx":17,"posy":1,"amount":200},{"posx":12,"posy":2,"amount":600},{"posx":14,"posy":3,"amount":150},{"posx":16,"posy":4,"amount":50},{"posx":17,"posy":4,"amount":650},{"posx":12,"posy":6,"amount":50},{"posx":6,"posy":7,"amount":150},{"posx":8,"posy":7,"amount":100},{"posx":5,"posy":8,"amount":600}],"changedObstacles":[]},{"players":[{"playerId":2663641,"score":1150,"energy":14,"posx":5,"posy":8,"lastAction":4,"status":0},{"playerId":2268490,"score":1384,"energy":22,"posx":16,"posy":4,"lastAction":5,"status":0},{"playerId":2241039,"score":1184,"energy":23,"posx":5,"posy":8,"lastAction":5,"status":0},{"playerId":2294637,"score":1684,"energy":20,"posx":14,"posy":3,"lastAction":5,"status":0}],"golds":[{"posx":17,"posy":1,"amount":200},{"posx":12,"posy":2,"amount":600},{"posx":14,"posy":3,"amount":100},{"posx":17,"posy":4,"amount":650},{"posx":12,"posy":6,"amount":50},{"posx":6,"posy":7,"amount":150},{"posx":8,"posy":7,"amount":100},{"posx":5,"posy":8,"amount":550}],"changedObstacles":[{"type":0,"posx":16,"posy":4,"value":-1}]},{"players":[{"playerId":2663641,"score":1200,"energy":9,"posx":5,"posy":8,"lastAction":5,"status":0},{"playerId":2268490,"score":1384,"energy":18,"posx":17,"posy":4,"lastAction":1,"status":0},{"playerId":2241039,"score":1234,"energy":18,"posx":5,"posy":8,"lastAction":5,"status":0},{"playerId":2294637,"score":1734,"energy":15,"posx":14,"posy":3,"lastAction":5,"status":0}],"golds":[{"posx":17,"posy":1,"amount":200},{"posx":12,"posy":2,"amount":600},{"posx":14,"posy":3,"amount":50},{"posx":17,"posy":4,"amount":650},{"posx":12,"posy":6,"amount":50},{"posx":6,"posy":7,"amount":150},{"posx":8,"posy":7,"amount":100},{"posx":5,"posy":8,"amount":450}],"changedObstacles":[]},{"players":[{"playerId":2663641,"score":1250,"energy":4,"posx":5,"posy":8,"lastAction":5,"status":0},{"playerId":2268490,"score":1434,"energy":13,"posx":17,"posy":4,"lastAction":5,"status":0},{"playerId":2241039,"score":1284,"energy":13,"posx":5,"posy":8,"lastAction":5,"status":0},{"playerId":2294637,"score":1784,"energy":10,"posx":14,"posy":3,"lastAction":5,"status":0}],"golds":[{"posx":17,"posy":1,"amount":200},{"posx":12,"posy":2,"amount":600},{"posx":17,"posy":4,"amount":600},{"posx":12,"posy":6,"amount":50},{"posx":6,"posy":7,"amount":150},{"posx":8,"posy":7,"amount":100},{"posx":5,"posy":8,"amount":350}],"changedObstacles":[{"type":0,"posx":14,"posy":3,"value":-1}]},{"players":[{"playerId":2663641,"score":1250,"energy":16,"posx":5,"posy":8,"lastAction":4,"status":0},{"playerId":2268490,"score":1484,"energy":8,"posx":17,"posy":4,"lastAction":5,"status":0},{"playerId":2241039,"score":1334,"energy":8,"posx":5,"posy":8,"lastAction":5,"status":0},{"playerId":2294637,"score":1784,"energy":22,"posx":14,"posy":3,"lastAction":4,"status":0}],"golds":[{"posx":17,"posy":1,"amount":200},{"posx":12,"posy":2,"amount":600},{"posx":17,"posy":4,"amount":550},{"posx":12,"posy":6,"amount":50},{"posx":6,"posy":7,"amount":150},{"posx":8,"posy":7,"amount":100},{"posx":5,"posy":8,"amount":300}],"changedObstacles":[]},{"players":[{"playerId":2663641,"score":1300,"energy":11,"posx":5,"posy":8,"lastAction":5,"status":0},{"playerId":2268490,"score":1534,"energy":3,"posx":17,"posy":4,"lastAction":5,"status":0},{"playerId":2241039,"score":1334,"energy":20,"posx":5,"posy":8,"lastAction":4,"status":0},{"playerId":2294637,"score":1784,"energy":38,"posx":14,"posy":3,"lastAction":4,"status":0}],"golds":[{"posx":17,"posy":1,"amount":200},{"posx":12,"posy":2,"amount":600},{"posx":17,"posy":4,"amount":500},{"posx":12,"posy":6,"amount":50},{"posx":6,"posy":7,"amount":150},{"posx":8,"posy":7,"amount":100},{"posx":5,"posy":8,"amount":250}],"changedObstacles":[]},{"players":[{"playerId":2663641,"score":1350,"energy":6,"posx":5,"posy":8,"lastAction":5,"status":0},{"playerId":2268490,"score":1534,"energy":15,"posx":17,"posy":4,"lastAction":4,"status":0},{"playerId":2241039,"score":1334,"energy":36,"posx":5,"posy":8,"lastAction":4,"status":0},{"playerId":2294637,"score":1784,"energy":21,"posx":13,"posy":3,"lastAction":0,"status":0}],"golds":[{"posx":17,"posy":1,"amount":200},{"posx":12,"posy":2,"amount":600},{"posx":17,"posy":4,"amount":500},{"posx":12,"posy":6,"amount":50},{"posx":6,"posy":7,"amount":150},{"posx":8,"posy":7,"amount":100},{"posx":5,"posy":8,"amount":200}],"changedObstacles":[]},{"players":[{"playerId":2663641,"score":1400,"energy":1,"posx":5,"posy":8,"lastAction":5,"status":0},{"playerId":2268490,"score":1534,"energy":31,"posx":17,"posy":4,"lastAction":4,"status":0},{"playerId":2241039,"score":1384,"energy":31,"posx":5,"posy":8,"lastAction":5,"status":0},{"playerId":2294637,"score":1784,"energy":20,"posx":12,"posy":3,"lastAction":0,"status":0}],"golds":[{"posx":17,"posy":1,"amount":200},{"posx":12,"posy":2,"amount":600},{"posx":17,"posy":4,"amount":500},{"posx":12,"posy":6,"amount":50},{"posx":6,"posy":7,"amount":150},{"posx":8,"posy":7,"amount":100},{"posx":5,"posy":8,"amount":100}],"changedObstacles":[]},{"players":[{"playerId":2663641,"score":1400,"energy":13,"posx":5,"posy":8,"lastAction":4,"status":0},{"playerId":2268490,"score":1584,"energy":26,"posx":17,"posy":4,"lastAction":5,"status":0},{"playerId":2241039,"score":1434,"energy":26,"posx":5,"posy":8,"lastAction":5,"status":0},{"playerId":2294637,"score":1784,"energy":16,"posx":12,"posy":2,"lastAction":2,"status":0}],"golds":[{"posx":17,"posy":1,"amount":200},{"posx":12,"posy":2,"amount":600},{"posx":17,"posy":4,"amount":450},{"posx":12,"posy":6,"amount":50},{"posx":6,"posy":7,"amount":150},{"posx":8,"posy":7,"amount":100},{"posx":5,"posy":8,"amount":50}],"changedObstacles":[]},{"players":[{"playerId":2663641,"score":1425,"energy":8,"posx":5,"posy":8,"lastAction":5,"status":0},{"playerId":2268490,"score":1634,"energy":21,"posx":17,"posy":4,"lastAction":5,"status":0},{"playerId":2241039,"score":1459,"energy":21,"posx":5,"posy":8,"lastAction":5,"status":0},{"playerId":2294637,"score":1834,"energy":11,"posx":12,"posy":2,"lastAction":5,"status":0}],"golds":[{"posx":17,"posy":1,"amount":200},{"posx":12,"posy":2,"amount":550},{"posx":17,"posy":4,"amount":400},{"posx":12,"posy":6,"amount":50},{"posx":6,"posy":7,"amount":150},{"posx":8,"posy":7,"amount":100}],"changedObstacles":[{"type":0,"posx":5,"posy":8,"value":-1}]},{"players":[{"playerId":2663641,"score":1425,"energy":7,"posx":6,"posy":8,"lastAction":1,"status":0},{"playerId":2268490,"score":1684,"energy":16,"posx":17,"posy":4,"lastAction":5,"status":0},{"playerId":2241039,"score":1459,"energy":20,"posx":6,"posy":8,"lastAction":1,"status":0},{"playerId":2294637,"score":1884,"energy":6,"posx":12,"posy":2,"lastAction":5,"status":0}],"golds":[{"posx":17,"posy":1,"amount":200},{"posx":12,"posy":2,"amount":500},{"posx":17,"posy":4,"amount":350},{"posx":12,"posy":6,"amount":50},{"posx":6,"posy":7,"amount":150},{"posx":8,"posy":7,"amount":100}],"changedObstacles":[]},{"players":[{"playerId":2663641,"score":1425,"energy":19,"posx":6,"posy":8,"lastAction":4,"status":0},{"playerId":2268490,"score":1734,"energy":11,"posx":17,"posy":4,"lastAction":5,"status":0},{"playerId":2241039,"score":1459,"energy":16,"posx":6,"posy":7,"lastAction":2,"status":0},{"playerId":2294637,"score":1884,"energy":18,"posx":12,"posy":2,"lastAction":4,"status":0}],"golds":[{"posx":17,"posy":1,"amount":200},{"posx":12,"posy":2,"amount":500},{"posx":17,"posy":4,"amount":300},{"posx":12,"posy":6,"amount":50},{"posx":6,"posy":7,"amount":150},{"posx":8,"posy":7,"amount":100}],"changedObstacles":[]},{"players":[{"playerId":2663641,"score":1425,"energy":9,"posx":7,"posy":8,"lastAction":1,"status":0},{"playerId":2268490,"score":1784,"energy":6,"posx":17,"posy":4,"lastAction":5,"status":0},{"playerId":2241039,"score":1509,"energy":11,"posx":6,"posy":7,"lastAction":5,"status":0},{"playerId":2294637,"score":1884,"energy":34,"posx":12,"posy":2,"lastAction":4,"status":0}],"golds":[{"posx":17,"posy":1,"amount":200},{"posx":12,"posy":2,"amount":500},{"posx":17,"posy":4,"amount":250},{"posx":12,"posy":6,"amount":50},{"posx":6,"posy":7,"amount":100},{"posx":8,"posy":7,"amount":100}],"changedObstacles":[{"type":0,"posx":7,"posy":8,"value":-1}]},{"players":[{"playerId":2663641,"score":1425,"energy":8,"posx":8,"posy":8,"lastAction":1,"status":0},{"playerId":2268490,"score":1784,"energy":18,"posx":17,"posy":4,"lastAction":4,"status":0},{"playerId":2241039,"score":1559,"energy":6,"posx":6,"posy":7,"lastAction":5,"status":0},{"playerId":2294637,"score":1884,"energy":50,"posx":12,"posy":2,"lastAction":4,"status":0}],"golds":[{"posx":17,"posy":1,"amount":200},{"posx":12,"posy":2,"amount":500},{"posx":17,"posy":4,"amount":250},{"posx":12,"posy":6,"amount":50},{"posx":6,"posy":7,"amount":50},{"posx":8,"posy":7,"amount":100}],"changedObstacles":[]},{"players":[{"playerId":2663641,"score":1425,"energy":4,"posx":8,"posy":7,"lastAction":2,"status":0},{"playerId":2268490,"score":1784,"energy":34,"posx":17,"posy":4,"lastAction":4,"status":0},{"playerId":2241039,"score":1609,"energy":1,"posx":6,"posy":7,"lastAction":5,"status":0},{"playerId":2294637,"score":1934,"energy":45,"posx":12,"posy":2,"lastAction":5,"status":0}],"golds":[{"posx":17,"posy":1,"amount":200},{"posx":12,"posy":2,"amount":450},{"posx":17,"posy":4,"amount":250},{"posx":12,"posy":6,"amount":50},{"posx":8,"posy":7,"amount":100}],"changedObstacles":[{"type":0,"posx":6,"posy":7,"value":-1}]},{"players":[{"playerId":2663641,"score":1425,"energy":16,"posx":8,"posy":7,"lastAction":4,"status":0},{"playerId":2268490,"score":1834,"energy":29,"posx":17,"posy":4,"lastAction":5,"status":0},{"playerId":2241039,"score":1609,"energy":13,"posx":6,"posy":7,"lastAction":4,"status":0},{"playerId":2294637,"score":1984,"energy":40,"posx":12,"posy":2,"lastAction":5,"status":0}],"golds":[{"posx":17,"posy":1,"amount":200},{"posx":12,"posy":2,"amount":400},{"posx":17,"posy":4,"amount":200},{"posx":12,"posy":6,"amount":50},{"posx":8,"posy":7,"amount":100}],"changedObstacles":[]},{"players":[{"playerId":2663641,"score":1425,"energy":32,"posx":8,"posy":7,"lastAction":4,"status":0},{"playerId":2268490,"score":1884,"energy":24,"posx":17,"posy":4,"lastAction":5,"status":0},{"playerId":2241039,"score":1609,"energy":3,"posx":7,"posy":7,"lastAction":1,"status":0},{"playerId":2294637,"score":2034,"energy":35,"posx":12,"posy":2,"lastAction":5,"status":0}],"golds":[{"posx":17,"posy":1,"amount":200},{"posx":12,"posy":2,"amount":350},{"posx":17,"posy":4,"amount":150},{"posx":12,"posy":6,"amount":50},{"posx":8,"posy":7,"amount":100}],"changedObstacles":[{"type":0,"posx":7,"posy":7,"value":-1}]},{"players":[{"playerId":2663641,"score":1475,"energy":27,"posx":8,"posy":7,"lastAction":5,"status":0},{"playerId":2268490,"score":1934,"energy":19,"posx":17,"posy":4,"lastAction":5,"status":0},{"playerId":2241039,"score":1609,"energy":15,"posx":7,"posy":7,"lastAction":4,"status":0},{"playerId":2294637,"score":2084,"energy":30,"posx":12,"posy":2,"lastAction":5,"status":0}],"golds":[{"posx":17,"posy":1,"amount":200},{"posx":12,"posy":2,"amount":300},{"posx":17,"posy":4,"amount":100},{"posx":12,"posy":6,"amount":50},{"posx":8,"posy":7,"amount":50}],"changedObstacles":[]},{"players":[{"playerId":2663641,"score":1525,"energy":22,"posx":8,"posy":7,"lastAction":5,"status":0},{"playerId":2268490,"score":1984,"energy":14,"posx":17,"posy":4,"lastAction":5,"status":0},{"playerId":2241039,"score":1609,"energy":11,"posx":8,"posy":7,"lastAction":1,"status":0},{"playerId":2294637,"score":2134,"energy":25,"posx":12,"posy":2,"lastAction":5,"status":0}],"golds":[{"posx":17,"posy":1,"amount":200},{"posx":12,"posy":2,"amount":250},{"posx":17,"posy":4,"amount":50},{"posx":12,"posy":6,"amount":50}],"changedObstacles":[{"type":0,"posx":8,"posy":7,"value":-1}]},{"players":[{"playerId":2663641,"score":1525,"energy":17,"posx":9,"posy":7,"lastAction":1,"status":0},{"playerId":2268490,"score":2034,"energy":9,"posx":17,"posy":4,"lastAction":5,"status":0},{"playerId":2241039,"score":1609,"energy":6,"posx":9,"posy":7,"lastAction":1,"status":0},{"playerId":2294637,"score":2184,"energy":20,"posx":12,"posy":2,"lastAction":5,"status":0}],"golds":[{"posx":17,"posy":1,"amount":200},{"posx":12,"posy":2,"amount":200},{"posx":12,"posy":6,"amount":50}],"changedObstacles":[{"type":3,"posx":9,"posy":7,"value":-20},{"type":0,"posx":17,"posy":4,"value":-1}]},{"players":[{"playerId":2663641,"score":1525,"energy":7,"posx":10,"posy":7,"lastAction":1,"status":0},{"playerId":2268490,"score":2034,"energy":21,"posx":17,"posy":4,"lastAction":4,"status":0},{"playerId":2241039,"score":1609,"energy":18,"posx":9,"posy":7,"lastAction":4,"status":0},{"playerId":2294637,"score":2234,"energy":15,"posx":12,"posy":2,"lastAction":5,"status":0}],"golds":[{"posx":17,"posy":1,"amount":200},{"posx":12,"posy":2,"amount":150},{"posx":12,"posy":6,"amount":50}],"changedObstacles":[{"type":0,"posx":10,"posy":7,"value":-1}]},{"players":[{"playerId":2663641,"score":1525,"energy":6,"posx":10,"posy":6,"lastAction":2,"status":0},{"playerId":2268490,"score":2034,"energy":4,"posx":17,"posy":3,"lastAction":2,"status":0},{"playerId":2241039,"score":1609,"energy":17,"posx":10,"posy":7,"lastAction":1,"status":0},{"playerId":2294637,"score":2284,"energy":10,"posx":12,"posy":2,"lastAction":5,"status":0}],"golds":[{"posx":17,"posy":1,"amount":200},{"posx":12,"posy":2,"amount":100},{"posx":12,"posy":6,"amount":50}],"changedObstacles":[]},{"players":[{"playerId":2663641,"score":1525,"energy":18,"posx":10,"posy":6,"lastAction":4,"status":0},{"playerId":2268490,"score":2034,"energy":16,"posx":17,"posy":3,"lastAction":4,"status":0},{"playerId":2241039,"score":1609,"energy":7,"posx":11,"posy":7,"lastAction":1,"status":0},{"playerId":2294637,"score":2334,"energy":5,"posx":12,"posy":2,"lastAction":5,"status":0}],"golds":[{"posx":17,"posy":1,"amount":200},{"posx":12,"posy":2,"amount":50},{"posx":12,"posy":6,"amount":50}],"changedObstacles":[{"type":0,"posx":11,"posy":7,"value":-1}]},{"players":[{"playerId":2663641,"score":1525,"energy":34,"posx":10,"posy":6,"lastAction":4,"status":0},{"playerId":2268490,"score":2034,"energy":32,"posx":17,"posy":3,"lastAction":4,"status":0},{"playerId":2241039,"score":1609,"energy":19,"posx":11,"posy":7,"lastAction":4,"status":0},{"playerId":2294637,"score":2334,"energy":17,"posx":12,"posy":2,"lastAction":4,"status":0}],"golds":[{"posx":17,"posy":1,"amount":200},{"posx":12,"posy":2,"amount":50},{"posx":12,"posy":6,"amount":50}],"changedObstacles":[]},{"players":[{"playerId":2663641,"score":1525,"energy":19,"posx":11,"posy":6,"lastAction":1,"status":0},{"playerId":2268490,"score":2034,"energy":15,"posx":17,"posy":2,"lastAction":2,"status":0},{"playerId":2241039,"score":1609,"energy":35,"posx":11,"posy":7,"lastAction":4,"status":0},{"playerId":2294637,"score":2384,"energy":12,"posx":12,"posy":2,"lastAction":5,"status":0}],"golds":[{"posx":17,"posy":1,"amount":200},{"posx":12,"posy":6,"amount":50}],"changedObstacles":[{"type":0,"posx":12,"posy":2,"value":-1}]},{"players":[{"playerId":2663641,"score":1525,"energy":15,"posx":12,"posy":6,"lastAction":1,"status":0},{"playerId":2268490,"score":2034,"energy":11,"posx":17,"posy":1,"lastAction":2,"status":0},{"playerId":2241039,"score":1609,"energy":25,"posx":12,"posy":7,"lastAction":1,"status":0},{"playerId":2294637,"score":2384,"energy":24,"posx":12,"posy":2,"lastAction":4,"status":0}],"golds":[{"posx":17,"posy":1,"amount":200},{"posx":12,"posy":6,"amount":50}],"changedObstacles":[]},{"players":[{"playerId":2663641,"score":1575,"energy":10,"posx":12,"posy":6,"lastAction":5,"status":0},{"playerId":2268490,"score":2084,"energy":6,"posx":17,"posy":1,"lastAction":5,"status":0},{"playerId":2241039,"score":1609,"energy":21,"posx":12,"posy":6,"lastAction":2,"status":0},{"playerId":2294637,"score":2384,"energy":40,"posx":12,"posy":2,"lastAction":4,"status":0}],"golds":[{"posx":17,"posy":1,"amount":150}],"changedObstacles":[{"type":0,"posx":12,"posy":6,"value":-1}]},{"players":[{"playerId":2663641,"score":1575,"energy":9,"posx":12,"posy":5,"lastAction":2,"status":0},{"playerId":2268490,"score":2084,"energy":18,"posx":17,"posy":1,"lastAction":4,"status":0},{"playerId":2241039,"score":1609,"energy":11,"posx":13,"posy":6,"lastAction":1,"status":0},{"playerId":2294637,"score":2384,"energy":26,"posx":13,"posy":2,"lastAction":1,"status":0}],"golds":[{"posx":17,"posy":1,"amount":150}],"changedObstacles":[{"type":0,"posx":13,"posy":6,"value":-1}]},{"players":[{"playerId":2663641,"score":1575,"energy":8,"posx":13,"posy":5,"lastAction":1,"status":0},{"playerId":2268490,"score":2084,"energy":34,"posx":17,"posy":1,"lastAction":4,"status":0},{"playerId":2241039,"score":1609,"energy":10,"posx":14,"posy":6,"lastAction":1,"status":0},{"playerId":2294637,"score":2384,"energy":16,"posx":14,"posy":2,"lastAction":1,"status":0}],"golds":[{"posx":17,"posy":1,"amount":150}],"changedObstacles":[{"type":0,"posx":14,"posy":2,"value":-1}]},{"players":[{"playerId":2663641,"score":1575,"energy":7,"posx":14,"posy":5,"lastAction":1,"status":0},{"playerId":2268490,"score":2134,"energy":29,"posx":17,"posy":1,"lastAction":5,"status":0},{"playerId":2241039,"score":1609,"energy":9,"posx":15,"posy":6,"lastAction":1,"status":0},{"playerId":2294637,"score":2384,"energy":15,"posx":15,"posy":2,"lastAction":1,"status":0}],"golds":[{"posx":17,"posy":1,"amount":100}],"changedObstacles":[]},{"players":[{"playerId":2663641,"score":1575,"energy":2,"posx":14,"posy":4,"lastAction":2,"status":0},{"playerId":2268490,"score":2184,"energy":24,"posx":17,"posy":1,"lastAction":5,"status":0},{"playerId":2241039,"score":1609,"energy":21,"posx":15,"posy":6,"lastAction":4,"status":0},{"playerId":2294637,"score":2384,"energy":14,"posx":16,"posy":2,"lastAction":1,"status":0}],"golds":[{"posx":17,"posy":1,"amount":50}],"changedObstacles":[{"type":3,"posx":14,"posy":4,"value":-20}]},{"players":[{"playerId":2663641,"score":1575,"energy":1,"posx":14,"posy":3,"lastAction":2,"status":0},{"playerId":2268490,"score":2234,"energy":19,"posx":17,"posy":1,"lastAction":5,"status":0},{"playerId":2241039,"score":1609,"energy":16,"posx":16,"posy":6,"lastAction":1,"status":0},{"playerId":2294637,"score":2384,"energy":26,"posx":16,"posy":2,"lastAction":4,"status":0}],"golds":[],"changedObstacles":[{"type":3,"posx":16,"posy":6,"value":-20},{"type":0,"posx":17,"posy":1,"value":-1}]}]