[{"players":[{"playerId":2349571,"score":0,"energy":46,"posx":4,"posy":4,"lastAction":3,"status":0},{"playerId":2451990,"score":0,"energy":46,"posx":4,"posy":4,"lastAction":3,"status":0},{"playerId":2234905,"score":0,"energy":46,"posx":4,"posy":4,"lastAction":3,"status":0},{"playerId":2248990,"score":0,"energy":46,"posx":5,"posy":3,"lastAction":1,"status":0}],"golds":[{"posx":8,"posy":4,"amount":50},{"posx":16,"posy":4,"amount":250},{"posx":7,"posy":4,"amount":750},{"posx":17,"posy":4,"amount":650},{"posx":4,"posy":4,"amount":450},{"posx":12,"posy":4,"amount":50},{"posx":9,"posy":1,"amount":600},{"posx":14,"posy":3,"amount":700},{"posx":12,"posy":2,"amount":600},{"posx":0,"posy":0,"amount":50},{"posx":6,"posy":7,"amount":150},{"posx":1,"posy":3,"amount":550},{"posx":3,"posy":1,"amount":400},{"posx":5,"posy":8,"amount":600},{"posx":3,"posy":5,"amount":600},{"posx":8,"posy":7,"amount":100},{"posx":5,"posy":3,"amount":700},{"posx":17,"posy":1,"amount":200},{"posx":15,"posy":2,"amount":300},{"posx":12,"posy":6,"amount":50}],"changedObstacles":[]},{"players":[{"playerId":2349571,"score":50,"energy":41,"posx":4,"posy":4,"lastAction":5,"status":0},{"playerId":2451990,"score":50,"energy":41,"posx":4,"posy":4,"lastAction":5,"status":0},{"playerId":2234905,"score":50,"energy":41,"posx":4,"posy":4,"lastAction":5,"status":0},{"playerId":2248990,"score":50,"energy":41,"posx":5,"posy":3,"lastAction":5,"status":0}],"golds":[{"posx":0,"posy":0,"amount":50},{"posx":3,"posy":1,"amount":400},{"posx":9,"posy":1,"amount":600},{"posx":17,"posy":1,"amount":200},{"posx":12,"posy":2,"amount":600},{"posx":15,"posy":2,"amount":300},{"posx":1,"posy":3,"amount":550},{"posx":5,"posy":3,"amount":650},{"posx":14,"posy":3,"amount":700},{"posx":4,"posy":4,"amount":300},{"posx":7,"posy":4,"amount":750},{"posx":8,"posy":4,"amount":50},{"posx":12,"posy":4,"amount":50},{"posx":16,"posy":4,"amount":250},{"posx":17,"posy":4,"amount":650},{"posx":3,"posy":5,"amount":600},{"posx":12,"posy":6,"amount":50},{"posx":6,"posy":7,"amount":150},{"posx":8,"posy":7,"amount":100},{"posx":5,"posy":8,"amount":600}],"changedObstacles":[]},{"players":[{"playerId":2349571,"score":100,"energy":36,"posx":4,"posy":4,"lastAction":5,"status":0},{"playerId":2451990,"score":100,"energy":36,"posx":4,"posy":4,"lastAction":5,"status":0},{"playerId":2234905,"score":100,"energy":36,"posx":4,"posy":4,"lastAction":5,"status":0},{"playerId":2248990,"score":100,"energy":36,"posx":5,"posy":3,"lastAction":5,"status":0}],"golds":[{"posx":0,"posy":0,"amount":50},{"posx":3,"posy":1,"amount":400},{"posx":9,"posy":1,"amount":600},{"posx":17,"posy":1,"amount":200},{"posx":12,"posy":2,"amount":600},{"posx":15,"posy":2,"amount":300},{"posx":1,"posy":3,"amount":550},{"posx":5,"posy":3,"amount":600},{"posx":14,"posy":3,"amount":700},{"posx":4,"posy":4,"amount":150},{"posx":7,"posy":4,"amount":750},{"posx":8,"posy":4,"amount":50},{"posx":12,"posy":4,"amount":50},{"posx":16,"posy":4,"amount":250},{"posx":17,"posy":4,"amount":650},{"posx":3,"posy":5,"amount":600},{"posx":12,"posy":6,"amount":50},{"posx":6,"posy":7,"amount":150},{"posx":8,"posy":7,"amount":100},{"posx":5,"posy":8,"amount":600}],"changedObstacles":[]},{"players":[{"playerId":2349571,"score":150,"energy":31,"posx":4,"posy":4,"lastAction":5,"status":0},{"playerId":2451990,"score":150,"energy":31,"posx":4,"posy":4,"lastAction":5,"status":0},{"playerId":2234905,"score":150,"energy":31,"posx":4,"posy":4,"lastAction":5,"status":0},{"playerId":2248990,"score":150,"energy":31,"posx":5,"posy":3,"lastAction":5,"status":0}],"golds":[{"posx":0,"posy":0,"amount":50},{"posx":3,"posy":1,"amount":400},{"posx":9,"posy":1,"amount":600},{"posx":17,"posy":1,"amount":200},{"posx":12,"posy":2,"amount":600},{"posx":15,"posy":2,"amount":300},{"posx":1,"posy":3,"amount":550},{"posx":5,"posy":3,"amount":550},{"posx":14,"posy":3,"amount":700},{"posx":7,"posy":4,"amount":750},{"posx":8,"posy":4,"amount":50},{"posx":12,"posy":4,"amount":50},{"posx":16,"posy":4,"amount":250},{"posx":17,"posy":4,"amount":650},{"posx":3,"posy":5,"amount":600},{"posx":12,"posy":6,"amount":50},{"posx":6,"posy":7,"amount":150},{"posx":8,"posy":7,"amount":100},{"posx":5,"posy":8,"amount":600}],"changedObstacles":[{"type":0,"posx":4,"posy":4,"value":-1}]},{"players":[{"playerId":2349571,"score":150,"energy":26,"posx":5,"posy":4,"lastAction":1,"status":0},{"playerId":2451990,"score":150,"energy":30,"posx":4,"posy":3,"lastAction":2,"status":0},{"playerId":2234905,"score":150,"energy":21,"posx":3,"posy":4,"lastAction":0,"status":0},{"playerId":2248990,"score":200,"energy":26,"posx":5,"posy":3,"lastAction":5,"status":0}],"golds":[{"posx":0,"posy":0,"amount":50},{"posx":3,"posy":1,"amount":400},{"posx":9,"posy":1,"amount":600},{"posx":17,"posy":1,"amount":200},{"posx":12,"posy":2,"amount":600},{"posx":15,"posy":2,"amount":300},{"posx":1,"posy":3,"amount":550},{"posx":5,"posy":3,"amount":500},{"posx":14,"posy":3,"amount":700},{"posx":7,"posy":4,"amount":750},{"posx":8,"posy":4,"amount":50},{"posx":12,"posy":4,"amount":50},{"posx":16,"posy":4,"amount":250},{"posx":17,"posy":4,"amount":650},{"posx":3,"posy":5,"amount":600},{"posx":12,"posy":6,"amount":50},{"posx":6,"posy":7,"amount":150},{"posx":8,"posy":7,"amount":100},{"posx":5,"posy":8,"amount":600}],"changedObstacles":[{"type":0,"posx":3,"posy":4,"value":-1},{"type":3,"posx":5,"posy":4,"value":-20}]},{"players":[{"playerId":2349571,"score":150,"energy":25,"posx":5,"posy":5,"lastAction":3,"status":0},{"playerId":2451990,"score":150,"energy":25,"posx":4,"posy":2,"lastAction":2,"status":0},{"playerId":2234905,"score":150,"energy":20,"posx":2,"posy":4,"lastAction":0,"status":0},{"playerId":2248990,"score":250,"energy":21,"posx":5,"posy":3,"lastAction":5,"status":0}],"golds":[{"posx":0,"posy":0,"amount":50},{"posx":3,"posy":1,"amount":400},{"posx":9,"posy":1,"amount":600},{"posx":17,"posy":1,"amount":200},{"posx":12,"posy":2,"amount":600},{"posx":15,"posy":2,"amount":300},{"posx":1,"posy":3,"amount":550},{"posx":5,"posy":3,"amount":450},{"posx":14,"posy":3,"amount":700},{"posx":7,"posy":4,"amount":750},{"posx":8,"posy":4,"amount":50},{"posx":12,"posy":4,"amount":50},{"posx":16,"posy":4,"amount":250},{"posx":17,"posy":4,"amount":650},{"posx":3,"posy":5,"amount":600},{"posx":12,"posy":6,"amount":50},{"posx":6,"posy":7,"amount":150},{"posx":8,"posy":7,"amount":100},{"posx":5,"posy":8,"amount":600}],"changedObstacles":[{"type":3,"posx":4,"posy":2,"value":-20}]},{"players":[{"playerId":2349571,"score":150,"energy":16,"posx":6,"posy":5,"lastAction":1,"status":0},{"playerId":2451990,"score":150,"energy":8,"posx":4,"posy":1,"lastAction":2,"status":0},{"playerId":2234905,"score":150,"energy":19,"posx":1,"posy":4,"lastAction":0,"status":0},{"playerId":2248990,"score":300,"energy":16,"posx":5,"posy":3,"lastAction":5,"status":0}],"golds":[{"posx":0,"posy":0,"amount":50},{"posx":3,"posy":1,"amount":400},{"posx":9,"posy":1,"amount":600},{"posx":17,"posy":1,"amount":200},{"posx":12,"posy":2,"amount":600},{"posx":15,"posy":2,"amount":300},{"posx":1,"posy":3,"amount":550},{"posx":5,"posy":3,"amount":400},{"posx":14,"posy":3,"amount":700},{"posx":7,"posy":4,"amount":750},{"posx":8,"posy":4,"amount":50},{"posx":12,"posy":4,"amount":50},{"posx":16,"posy":4,"amount":250},{"posx":17,"posy":4,"amount":650},{"posx":3,"posy":5,"amount":600},{"posx":12,"posy":6,"amount":50},{"posx":6,"posy":7,"amount":150},{"posx":8,"posy":7,"amount":100},{"posx":5,"posy":8,"amount":600}],"changedObstacles":[]},{"players":[{"playerId":2349571,"score":150,"energy":28,"posx":6,"posy":5,"lastAction":4,"status":0},{"playerId":2451990,"score":150,"energy":4,"posx":3,"posy":1,"lastAction":0,"status":0},{"playerId":2234905,"score":150,"energy":14,"posx":0,"posy":4,"lastAction":0,"status":0},{"playerId":2248990,"score":350,"energy":11,"posx":5,"posy":3,"lastAction":5,"status":0}],"golds":[{"posx":0,"posy":0,"amount":50},{"posx":3,"posy":1,"amount":400},{"posx":9,"posy":1,"amount":600},{"posx":17,"posy":1,"amount":200},{"posx":12,"posy":2,"amount":600},{"posx":15,"posy":2,"amount":300},{"posx":1,"posy":3,"amount":550},{"posx":5,"posy":3,"amount":350},{"posx":14,"posy":3,"amount":700},{"posx":7,"posy":4,"amount":750},{"posx":8,"posy":4,"amount":50},{"posx":12,"posy":4,"amount":50},{"posx":16,"posy":4,"amount":250},{"posx":17,"posy":4,"amount":650},{"posx":3,"posy":5,"amount":600},{"posx":12,"posy":6,"amount":50},{"posx":6,"posy":7,"amount":150},{"posx":8,"posy":7,"amount":100},{"posx":5,"posy":8,"amount":600}],"changedObstacles":[{"type":3,"posx":0,"posy":4,"value":-20}]},{"players":[{"playerId":2349571,"score":150,"energy":20,"posx":7,"posy":5,"lastAction":1,"status":0},{"playerId":2451990,"score":150,"energy":16,"posx":3,"posy":1,"lastAction":4,"status":0},{"playerId":2234905,"score":150,"energy":13,"posx":0,"posy":5,"lastAction":3,"status":0},{"playerId":2248990,"score":350,"energy":23,"posx":5,"posy":3,"lastAction":4,"status":0}],"golds":[{"posx":0,"posy":0,"amount":50},{"posx":3,"posy":1,"amount":400},{"posx":9,"posy":1,"amount":600},{"posx":17,"posy":1,"amount":200},{"posx":12,"posy":2,"amount":600},{"posx":15,"posy":2,"amount":300},{"posx":1,"posy":3,"amount":550},{"posx":5,"posy":3,"amount":350},{"posx":14,"posy":3,"amount":700},{"posx":7,"posy":4,"amount":750},{"posx":8,"posy":4,"amount":50},{"posx":12,"posy":4,"amount":50},{"posx":16,"posy":4,"amount":250},{"posx":17,"posy":4,"amount":650},{"posx":3,"posy":5,"amount":600},{"posx":12,"posy":6,"amount":50},{"posx":6,"posy":7,"amount":150},{"posx":8,"posy":7,"amount":100},{"posx":5,"posy":8,"amount":600}],"changedObstacles":[]},{"players":[{"playerId":2349571,"score":150,"energy":19,"posx":8,"posy":5,"lastAction":1,"status":0},{"playerId":2451990,"score":150,"energy":32,"posx":3,"posy":1,"lastAction":4,"status":0},{"playerId":2234905,"score":150,"energy":12,"posx":0,"posy":6,"lastAction":3,"status":0},{"playerId":2248990,"score":400,"energy":18,"posx":5,"posy":3,"lastAction":5,"status":0}],"golds":[{"posx":0,"posy":0,"amount":50},{"posx":3,"posy":1,"amount":400},{"posx":9,"posy":1,"amount":600},{"posx":17,"posy":1,"amount":200},{"posx":12,"posy":2,"amount":600},{"posx":15,"posy":2,"amount":300},{"posx":1,"posy":3,"amount":550},{"posx":5,"posy":3,"amount":300},{"posx":14,"posy":3,"amount":700},{"posx":7,"posy":4,"amount":750},{"posx":8,"posy":4,"amount":50},{"posx":12,"posy":4,"amount":50},{"posx":16,"posy":4,"amount":250},{"posx":17,"posy":4,"amount":650},{"posx":3,"posy":5,"amount":600},{"posx":12,"posy":6,"amount":50},{"posx":6,"posy":7,"amount":150},{"posx":8,"posy":7,"amount":100},{"posx":5,"posy":8,"amount":600}],"changedObstacles":[]},{"players":[{"playerId":2349571,"score":150,"energy":31,"posx":8,"posy":5,"lastAction":4,"status":0},{"playerId":2451990,"score":150,"energy":50,"posx":3,"posy":1,"lastAction":4,"status":0},{"playerId":2234905,"score":150,"energy":11,"posx":0,"posy":7,"lastAction":3,"status":0},{"playerId":2248990,"score":400,"energy":30,"posx":5,"posy":3,"lastAction":4,"status":0}],"golds":[{"posx":0,"posy":0,"amount":50},{"posx":3,"posy":1,"amount":400},{"posx":9,"posy":1,"amount":600},{"posx":17,"posy":1,"amount":200},{"posx":12,"posy":2,"amount":600},{"posx":15,"posy":2,"amount":300},{"posx":1,"posy":3,"amount":550},{"posx":5,"posy":3,"amount":300},{"posx":14,"posy":3,"amount":700},{"posx":7,"posy":4,"amount":750},{"posx":8,"posy":4,"amount":50},{"posx":12,"posy":4,"amount":50},{"posx":16,"posy":4,"amount":250},{"posx":17,"posy":4,"amount":650},{"posx":3,"posy":5,"amount":600},{"posx":12,"posy":6,"amount":50},{"posx":6,"posy":7,"amount":150},{"posx":8,"posy":7,"amount":100},{"posx":5,"posy":8,"amount":600}],"changedObstacles":[]},{"players":[{"playerId":2349571,"score":150,"energy":30,"posx":8,"posy":6,"lastAction":3,"status":0},{"playerId":2451990,"score":200,"energy":45,"posx":3,"posy":1,"lastAction":5,"status":0},{"playerId":2234905,"score":150,"energy":6,"posx":0,"posy":8,"lastAction":3,"status":0},{"playerId":2248990,"score":450,"energy":25,"posx":5,"posy":3,"lastAction":5,"status":0}],"golds":[{"posx":0,"posy":0,"amount":50},{"posx":3,"posy":1,"amount":350},{"posx":9,"posy":1,"amount":600},{"posx":17,"posy":1,"amount":200},{"posx":12,"posy":2,"amount":600},{"posx":15,"posy":2,"amount":300},{"posx":1,"posy":3,"amount":550},{"posx":5,"posy":3,"amount":250},{"posx":14,"posy":3,"amount":700},{"posx":7,"posy":4,"amount":750},{"posx":8,"posy":4,"amount":50},{"posx":12,"posy":4,"amount":50},{"posx":16,"posy":4,"amount":250},{"posx":17,"posy":4,"amount":650},{"posx":3,"posy":5,"amount":600},{"posx":12,"posy":6,"amount":50},{"posx":6,"posy":7,"amount":150},{"posx":8,"posy":7,"amount":100},{"posx":5,"posy":8,"amount":600}],"changedObstacles":[{"type":3,"posx":0,"posy":8,"value":-20}]},{"players":[{"playerId":2349571,"score":150,"energy":25,"posx":9,"posy":6,"lastAction":1,"status":0},{"playerId":2451990,"score":250,"energy":40,"posx":3,"posy":1,"lastAction":5,"status":0},{"playerId":2234905,"score":150,"energy":18,"posx":0,"posy":8,"lastAction":4,"status":0},{"playerId":2248990,"score":500,"energy":20,"posx":5,"posy":3,"lastAction":5,"status":0}],"golds":[{"posx":0,"posy":0,"amount":50},{"posx":3,"posy":1,"amount":300},{"posx":9,"posy":1,"amount":600},{"posx":17,"posy":1,"amount":200},{"posx":12,"posy":2,"amount":600},{"posx":15,"posy":2,"amount":300},{"posx":1,"posy":3,"amount":550},{"posx":5,"posy":3,"amount":200},{"posx":14,"posy":3,"amount":700},{"posx":7,"posy":4,"amount":750},{"posx":8,"posy":4,"amount":50},{"posx":12,"posy":4,"amount":50},{"posx":16,"posy":4,"amount":250},{"posx":17,"posy":4,"amount":650},{"posx":3,"posy":5,"amount":600},{"posx":12,"posy":6,"amount":50},{"posx":6,"posy":7,"amount":150},{"posx":8,"posy":7,"amount":100},{"posx":5,"posy":8,"amount":600}],"changedObstacles":[{"type":3,"posx":9,"posy":6,"value":-20}]},{"players":[{"playerId":2349571,"score":150,"energy":24,"posx":10,"posy":6,"lastAction":1,"status":0},{"playerId":2451990,"score":300,"energy":35,"posx":3,"posy":1,"lastAction":5,"status":0},{"playerId":2234905,"score":150,"energy":34,"posx":0,"posy":8,"lastAction":4,"status":0},{"playerId":2248990,"score":550,"energy":15,"posx":5,"posy":3,"lastAction":5,"status":0}],"golds":[{"posx":0,"posy":0,"amount":50},{"posx":3,"posy":1,"amount":250},{"posx":9,"posy":1,"amount":600},{"posx":17,"posy":1,"amount":200},{"posx":12,"posy":2,"amount":600},{"posx":15,"posy":2,"amount":300},{"posx":1,"posy":3,"amount":550},{"posx":5,"posy":3,"amount":150},{"posx":14,"posy":3,"amount":700},{"posx":7,"posy":4,"amount":750},{"posx":8,"posy":4,"amount":50},{"posx":12,"posy":4,"amount":50},{"posx":16,"posy":4,"amount":250},{"posx":17,"posy":4,"amount":650},{"posx":3,"posy":5,"amount":600},{"posx":12,"posy":6,"amount":50},{"posx":6,"posy":7,"amount":150},{"posx":8,"posy":7,"amount":100},{"posx":5,"posy":8,"amount":600}],"changedObstacles":[]},{"players":[{"playerId":2349571,"score":150,"energy":4,"posx":11,"posy":6,"lastAction":1,"status":0},{"playerId":2451990,"score":350,"energy":30,"posx":3,"posy":1,"lastAction":5,"status":0},{"playerId":2234905,"score":150,"energy":29,"posx":1,"posy":8,"lastAction":1,"status":0},{"playerId":2248990,"score":600,"energy":10,"posx":5,"posy":3,"lastAction":5,"status":0}],"golds":[{"posx":0,"posy":0,"amount":50},{"posx":3,"posy":1,"amount":200},{"posx":9,"posy":1,"amount":600},{"posx":17,"posy":1,"amount":200},{"posx":12,"posy":2,"amount":600},{"posx":15,"posy":2,"amount":300},{"posx":1,"posy":3,"amount":550},{"posx":5,"posy":3,"amount":100},{"posx":14,"posy":3,"amount":700},{"posx":7,"posy":4,"amount":750},{"posx":8,"posy":4,"amount":50},{"posx":12,"posy":4,"amount":50},{"posx":16,"posy":4,"amount":250},{"posx":17,"posy":4,"amount":650},{"posx":3,"posy":5,"amount":600},{"posx":12,"posy":6,"amount":50},{"posx":6,"posy":7,"amount":150},{"posx":8,"posy":7,"amount":100},{"posx":5,"posy":8,"amount":600}],"changedObstacles":[]},{"players":[{"playerId":2349571,"score":150,"energy":16,"posx":11,"posy":6,"lastAction":4,"status":0},{"playerId":2451990,"score":400,"energy":25,"posx":3,"posy":1,"lastAction":5,"status":0},{"playerId":2234905,"score":150,"energy":28,"posx":2,"posy":8,"lastAction":1,"status":0},{"playerId":2248990,"score":600,"energy":22,"posx":5,"posy":3,"lastAction":4,"status":0}],"golds":[{"posx":0,"posy":0,"amount":50},{"posx":3,"posy":1,"amount":150},{"posx":9,"posy":1,"amount":600},{"posx":17,"posy":1,"amount":200},{"posx":12,"posy":2,"amount":600},{"posx":15,"posy":2,"amount":300},{"posx":1,"posy":3,"amount":550},{"posx":5,"posy":3,"amount":100},{"posx":14,"posy":3,"amount":700},{"posx":7,"posy":4,"amount":750},{"posx":8,"posy":4,"amount":50},{"posx":12,"posy":4,"amount":50},{"posx":16,"posy":4,"amount":250},{"posx":17,"posy":4,"amount":650},{"posx":3,"posy":5,"amount":600},{"posx":12,"posy":6,"amount":50},{"posx":6,"posy":7,"amount":150},{"posx":8,"posy":7,"amount":100},{"posx":5,"posy":8,"amount":600}],"changedObstacles":[]},{"players":[{"playerId":2349571,"score":150,"energy":32,"posx":11,"posy":6,"lastAction":4,"status":0},{"playerId":2451990,"score":450,"energy":20,"posx":3,"posy":1,"lastAction":5,"status":0},{"playerId":2234905,"score":150,"energy":27,"posx":3,"posy":8,"lastAction":1,"status":0},{"playerId":2248990,"score":650,"energy":17,"posx":5,"posy":3,"lastAction":5,"status":0}],"golds":[{"posx":0,"posy":0,"amount":50},{"posx":3,"posy":1,"amount":100},{"posx":9,"posy":1,"amount":600},{"posx":17,"posy":1,"amount":200},{"posx":12,"posy":2,"amount":600},{"posx":15,"posy":2,"amount":300},{"posx":1,"posy":3,"amount":550},{"posx":5,"posy":3,"amount":50},{"posx":14,"posy":3,"amount":700},{"posx":7,"posy":4,"amount":750},{"posx":8,"posy":4,"amount":50},{"posx":12,"posy":4,"amount":50},{"posx":16,"posy":4,"amount":250},{"posx":17,"posy":4,"amount":650},{"posx":3,"posy":5,"amount":600},{"posx":12,"posy":6,"amount":50},{"posx":6,"posy":7,"amount":150},{"posx":8,"posy":7,"amount":100},{"posx":5,"posy":8,"amount":600}],"changedObstacles":[]},{"players":[{"playerId":2349571,"score":150,"energy":28,"posx":12,"posy":6,"lastAction":1,"status":0},{"playerId":2451990,"score":500,"energy":15,"posx":3,"posy":1,"lastAction":5,"status":0},{"playerId":2234905,"score":150,"energy":17,"posx":4,"posy":8,"lastAction":1,"status":0},{"playerId":2248990,"score":700,"energy":12,"posx":5,"posy":3,"lastAction":5,"status":0}],"golds":[{"posx":0,"posy":0,"amount":50},{"posx":3,"posy":1,"amount":50},{"posx":9,"posy":1,"amount":600},{"posx":17,"posy":1,"amount":200},{"posx":12,"posy":2,"amount":600},{"posx":15,"posy":2,"amount":300},{"posx":1,"posy":3,"amount":550},{"posx":14,"posy":3,"amount":700},{"posx":7,"posy":4,"amount":750},{"posx":8,"posy":4,"amount":50},{"posx":12,"posy":4,"amount":50},{"posx":16,"posy":4,"amount":250},{"posx":17,"posy":4,"amount":650},{"posx":3,"posy":5,"amount":600},{"posx":12,"posy":6,"amount":50},{"posx":6,"posy":7,"amount":150},{"posx":8,"posy":7,"amount":100},{"posx":5,"posy":8,"amount":600}],"changedObstacles":[{"type":0,"posx":4,"posy":8,"value":-1},{"type":0,"posx":5,"posy":3,"value":-1}]},{"players":[{"playerId":2349571,"score":200,"energy":23,"posx":12,"posy":6,"lastAction":5,"status":0},{"playerId":2451990,"score":550,"energy":10,"posx":3,"posy":1,"lastAction":5,"status":0},{"playerId":2234905,"score":150,"energy":13,"posx":5,"posy":8,"lastAction":1,"status":0},{"playerId":2248990,"score":700,"energy":24,"posx":5,"posy":3,"lastAction":4,"status":0}],"golds":[{"posx":0,"posy":0,"amount":50},{"posx":9,"posy":1,"amount":600},{"posx":17,"posy":1,"amount":200},{"posx":12,"posy":2,"amount":600},{"posx":15,"posy":2,"amount":300},{"posx":1,"posy":3,"amount":550},{"posx":14,"posy":3,"amount":700},{"posx":7,"posy":4,"amount":750},{"posx":8,"posy":4,"amount":50},{"posx":12,"posy":4,"amount":50},{"posx":16,"posy":4,"amount":250},{"posx":17,"posy":4,"amount":650},{"posx":3,"posy":5,"amount":600},{"posx":6,"posy":7,"amount":150},{"posx":8,"posy":7,"amount":100},{"posx":5,"posy":8,"amount":600}],"changedObstacles":[{"type":0,"posx":12,"posy":6,"value":-1},{"type":0,"posx":3,"posy":1,"value":-1}]},{"players":[{"playerId":2349571,"score":200,"energy":3,"posx":12,"posy":7,"lastAction":3,"status":0},{"playerId":2451990,"score":550,"energy":22,"posx":3,"posy":1,"lastAction":4,"status":0},{"playerId":2234905,"score":200,"energy":8,"posx":5,"posy":8,"lastAction":5,"status":0},{"playerId":2248990,"score":700,"energy":14,"posx":6,"posy":3,"lastAction":1,"status":0}],"golds":[{"posx":0,"posy":0,"amount":50},{"posx":9,"posy":1,"amount":600},{"posx":17,"posy":1,"amount":200},{"posx":12,"posy":2,"amount":600},{"posx":15,"posy":2,"amount":300},{"posx":1,"posy":3,"amount":550},{"posx":14,"posy":3,"amount":700},{"posx":7,"posy":4,"amount":750},{"posx":8,"posy":4,"amount":50},{"posx":12,"posy":4,"amount":50},{"posx":16,"posy":4,"amount":250},{"posx":17,"posy":4,"amount":650},{"posx":3,"posy":5,"amount":600},{"posx":6,"posy":7,"amount":150},{"posx":8,"posy":7,"amount":100},{"posx":5,"posy":8,"amount":550}],"changedObstacles":[{"type":0,"posx":6,"posy":3,"value":-1}]},{"players":[{"playerId":2349571,"score":200,"energy":15,"posx":12,"posy":7,"lastAction":4,"status":0},{"playerId":2451990,"score":550,"energy":38,"posx":3,"posy":1,"lastAction":4,"status":0},{"playerId":2234905,"score":250,"energy":3,"posx":5,"posy":8,"lastAction":5,"status":0},{"playerId":2248990,"score":700,"energy":26,"posx":6,"posy":3,"lastAction":4,"status":0}],"golds":[{"posx":0,"posy":0,"amount":50},{"posx":9,"posy":1,"amount":600},{"posx":17,"posy":1,"amount":200},{"posx":12,"posy":2,"amount":600},{"posx":15,"posy":2,"amount":300},{"posx":1,"posy":3,"amount":550},{"posx":14,"posy":3,"amount":700},{"posx":7,"posy":4,"amount":750},{"posx":8,"posy":4,"amount":50},{"posx":12,"posy":4,"amount":50},{"posx":16,"posy":4,"amount":250},{"posx":17,"posy":4,"amount":650},{"posx":3,"posy":5,"amount":600},{"posx":6,"posy":7,"amount":150},{"posx":8,"posy":7,"amount":100},{"posx":5,"posy":8,"amount":500}],"changedObstacles":[]},{"players":[{"playerId":2349571,"score":200,"energy":31,"posx":12,"posy":7,"lastAction":4,"status":0},{"playerId":2451990,"score":550,"energy":22,"posx":4,"posy":1,"lastAction":1,"status":0},{"playerId":2234905,"score":250,"energy":15,"posx":5,"posy":8,"lastAction":4,"status":0},{"playerId":2248990,"score":700,"energy":13,"posx":7,"posy":3,"lastAction":1,"status":0}],"golds":[{"posx":0,"posy":0,"amount":50},{"posx":9,"posy":1,"amount":600},{"posx":17,"posy":1,"amount":200},{"posx":12,"posy":2,"amount":600},{"posx":15,"posy":2,"amount":300},{"posx":1,"posy":3,"amount":550},{"posx":14,"posy":3,"amount":700},{"posx":7,"posy":4,"amount":750},{"posx":8,"posy":4,"amount":50},{"posx":12,"posy":4,"amount":50},{"posx":16,"posy":4,"amount":250},{"posx":17,"posy":4,"amount":650},{"posx":3,"posy":5,"amount":600},{"posx":6,"posy":7,"amount":150},{"posx":8,"posy":7,"amount":100},{"posx":5,"posy":8,"amount":500}],"changedObstacles":[]},{"players":[{"playerId":2349571,"score":200,"energy":21,"posx":12,"posy":8,"lastAction":3,"status":0},{"playerId":2451990,"score":550,"energy":17,"posx":5,"posy":1,"lastAction":1,"status":0},{"playerId":2234905,"score":300,"energy":10,"posx":5,"posy":8,"lastAction":5,"status":0},{"playerId":2248990,"score":700,"energy":25,"posx":7,"posy":3,"lastAction":4,"status":0}],"golds":[{"posx":0,"posy":0,"amount":50},{"posx":9,"posy":1,"amount":600},{"posx":17,"posy":1,"amount":200},{"posx":12,"posy":2,"amount":600},{"posx":15,"posy":2,"amount":300},{"posx":1,"posy":3,"amount":550},{"posx":14,"posy":3,"amount":700},{"posx":7,"posy":4,"amount":750},{"posx":8,"posy":4,"amount":50},{"posx":12,"posy":4,"amount":50},{"posx":16,"posy":4,"amount":250},{"posx":17,"posy":4,"amount":650},{"posx":3,"posy":5,"amount":600},{"posx":6,"posy":7,"amount":150},{"posx":8,"posy":7,"amount":100},{"posx":5,"posy":8,"amount":450}],"changedObstacles":[{"type":0,"posx":12,"posy":8,"value":-1},{"type":3,"posx":5,"posy":1,"value":-20}]},{"players":[{"playerId":2349571,"score":200,"energy":20,"posx":11,"posy":8,"lastAction":0,"status":0},{"playerId":2451990,"score":550,"energy":16,"posx":6,"posy":1,"lastAction":1,"status":0},{"playerId":2234905,"score":350,"energy":5,"posx":5,"posy":8,"lastAction":5,"status":0},{"playerId":2248990,"score":700,"energy":41,"posx":7,"posy":3,"lastAction":4,"status":0}],"golds":[{"posx":0,"posy":0,"amount":50},{"posx":9,"posy":1,"amount":600},{"posx":17,"posy":1,"amount":200},{"posx":12,"posy":2,"amount":600},{"posx":15,"posy":2,"amount":300},{"posx":1,"posy":3,"amount":550},{"posx":14,"posy":3,"amount":700},{"posx":7,"posy":4,"amount":750},{"posx":8,"posy":4,"amount":50},{"posx":12,"posy":4,"amount":50},{"posx":16,"posy":4,"amount":250},{"posx":17,"posy":4,"amount":650},{"posx":3,"posy":5,"amount":600},{"posx":6,"posy":7,"amount":150},{"posx":8,"posy":7,"amount":100},{"posx":5,"posy":8,"amount":400}],"changedObstacles":[]},{"players":[{"playerId":2349571,"score":200,"energy":15,"posx":10,"posy":8,"lastAction":0,"status":0},{"playerId":2451990,"score":550,"energy":28,"posx":6,"posy":1,"lastAction":4,"status":0},{"playerId":2234905,"score":350,"energy":17,"posx":5,"posy":8,"lastAction":4,"status":0},{"playerId":2248990,"score":700,"energy":50,"posx":7,"posy":3,"lastAction":4,"status":0}],"golds":[{"posx":0,"posy":0,"amount":50},{"posx":9,"posy":1,"amount":600},{"posx":17,"posy":1,"amount":200},{"posx":12,"posy":2,"amount":600},{"posx":15,"posy":2,"amount":300},{"posx":1,"posy":3,"amount":550},{"posx":14,"posy":3,"amount":700},{"posx":7,"posy":4,"amount":750},{"posx":8,"posy":4,"amount":50},{"posx":12,"posy":4,"amount":50},{"posx":16,"posy":4,"amount":250},{"posx":17,"posy":4,"amount":650},{"posx":3,"posy":5,"amount":600},{"posx":6,"posy":7,"amount":150},{"posx":8,"posy":7,"amount":100},{"posx":5,"posy":8,"amount":400}],"changedObstacles":[{"type":3,"posx":10,"posy":8,"value":-20}]},{"players":[{"playerId":2349571,"score":200,"energy":27,"posx":10,"posy":8,"lastAction":4,"status":0},{"playerId":2451990,"score":550,"energy":44,"posx":6,"posy":1,"lastAction":4,"status":0},{"playerId":2234905,"score":400,"energy":12,"posx":5,"posy":8,"lastAction":5,"status":0},{"playerId":2248990,"score":700,"energy":46,"posx":7,"posy":4,"lastAction":3,"status":0}],"golds":[{"posx":0,"posy":0,"amount":50},{"posx":9,"posy":1,"amount":600},{"posx":17,"posy":1,"amount":200},{"posx":12,"posy":2,"amount":600},{"posx":15,"posy":2,"amount":300},{"posx":1,"posy":3,"amount":550},{"posx":14,"posy":3,"amount":700},{"posx":7,"posy":4,"amount":750},{"posx":8,"posy":4,"amount":50},{"posx":12,"posy":4,"amount":50},{"posx":16,"posy":4,"amount":250},{"posx":17,"posy":4,"amount":650},{"posx":3,"posy":5,"amount":600},{"posx":6,"posy":7,"amount":150},{"posx":8,"posy":7,"amount":100},{"posx":5,"posy":8,"amount":350}],"changedObstacles":[]},{"players":[{"playerId":2349571,"score":200,"energy":26,"posx":9,"posy":8,"lastAction":0,"status":0},{"playerId":2451990,"score":550,"energy":24,"posx":7,"posy":1,"lastAction":1,"status":0},{"playerId":2234905,"score":450,"energy":7,"posx":5,"posy":8,"lastAction":5,"status":0},{"playerId":2248990,"score":750,"energy":41,"posx":7,"posy":4,"lastAction":5,"status":0}],"golds":[{"posx":0,"posy":0,"amount":50},{"posx":9,"posy":1,"amount":600},{"posx":17,"posy":1,"amount":200},{"posx":12,"posy":2,"amount":600},{"posx":15,"posy":2,"amount":300},{"posx":1,"posy":3,"amount":550},{"posx":14,"posy":3,"amount":700},{"posx":7,"posy":4,"amount":700},{"posx":8,"posy":4,"amount":50},{"posx":12,"posy":4,"amount":50},{"posx":16,"posy":4,"amount":250},{"posx":17,"posy":4,"amount":650},{"posx":3,"posy":5,"amount":600},{"posx":6,"posy":7,"amount":150},{"posx":8,"posy":7,"amount":100},{"posx":5,"posy":8,"amount":300}],"changedObstacles":[]},{"players":[{"playerId":2349571,"score":200,"energy":25,"posx":8,"posy":8,"lastAction":0,"status":0},{"playerId":2451990,"score":550,"energy":23,"posx":8,"posy":1,"lastAction":1,"status":0},{"playerId":2234905,"score":500,"energy":2,"posx":5,"posy":8,"lastAction":5,"status":0},{"playerId":2248990,"score":800,"energy":36,"posx":7,"posy":4,"lastAction":5,"status":0}],"golds":[{"posx":0,"posy":0,"amount":50},{"posx":9,"posy":1,"amount":600},{"posx":17,"posy":1,"amount":200},{"posx":12,"posy":2,"amount":600},{"posx":15,"posy":2,"amount":300},{"posx":1,"posy":3,"amount":550},{"posx":14,"posy":3,"amount":700},{"posx":7,"posy":4,"amount":650},{"posx":8,"posy":4,"amount":50},{"posx":12,"posy":4,"amount":50},{"posx":16,"posy":4,"amount":250},{"posx":17,"posy":4,"amount":650},{"posx":3,"posy":5,"amount":600},{"posx":6,"posy":7,"amount":150},{"posx":8,"posy":7,"amount":100},{"posx":5,"posy":8,"amount":250}],"changedObstacles":[]},{"players":[{"playerId":2349571,"score":200,"energy":15,"posx":7,"posy":8,"lastAction":0,"status":0},{"playerId":2451990,"score":550,"energy":19,"posx":9,"posy":1,"lastAction":1,"status":0},{"playerId":2234905,"score":500,"energy":14,"posx":5,"posy":8,"lastAction":4,"status":0},{"playerId":2248990,"score":850,"energy":31,"posx":7,"posy":4,"lastAction":5,"status":0}],"golds":[{"posx":0,"posy":0,"amount":50},{"posx":9,"posy":1,"amount":600},{"posx":17,"posy":1,"amount":200},{"posx":12,"posy":2,"amount":600},{"posx":15,"posy":2,"amount":300},{"posx":1,"posy":3,"amount":550},{"posx":14,"posy":3,"amount":700},{"posx":7,"posy":4,"amount":600},{"posx":8,"posy":4,"amount":50},{"posx":12,"posy":4,"amount":50},{"posx":16,"posy":4,"amount":250},{"posx":17,"posy":4,"amount":650},{"posx":3,"posy":5,"amount":600},{"posx":6,"posy":7,"amount":150},{"posx":8,"posy":7,"amount":100},{"posx":5,"posy":8,"amount":250}],"changedObstacles":[{"type":0,"posx":7,"posy":8,"value":-1}]},{"players":[{"playerId":2349571,"score":200,"energy":27,"posx":7,"posy":8,"lastAction":4,"status":0},{"playerId":2451990,"score":600,"energy":14,"posx":9,"posy":1,"lastAction":5,"status":0},{"playerId":2234905,"score":550,"energy":9,"posx":5,"posy":8,"lastAction":5,"status":0},{"playerId":2248990,"score":900,"energy":26,"posx":7,"posy":4,"lastAction":5,"status":0}],"golds":[{"posx":0,"posy":0,"amount":50},{"posx":9,"posy":1,"amount":550},{"posx":17,"posy":1,"amount":200},{"posx":12,"posy":2,"amount":600},{"posx":15,"posy":2,"amount":300},{"posx":1,"posy":3,"amount":550},{"posx":14,"posy":3,"amount":700},{"posx":7,"posy":4,"amount":550},{"posx":8,"posy":4,"amount":50},{"posx":12,"posy":4,"amount":50},{"posx":16,"posy":4,"amount":250},{"posx":17,"posy":4,"amount":650},{"posx":3,"posy":5,"amount":600},{"posx":6,"posy":7,"amount":150},{"posx":8,"posy":7,"amount":100},{"posx":5,"posy":8,"amount":200}],"changedObstacles":[]},{"players":[{"playerId":2349571,"score":200,"energy":26,"posx":6,"posy":8,"lastAction":0,"status":0},{"playerId":2451990,"score":650,"energy":9,"posx":9,"posy":1,"lastAction":5,"status":0},{"playerId":2234905,"score":600,"energy":4,"posx":5,"posy":8,"lastAction":5,"status":0},{"playerId":2248990,"score":950,"energy":21,"posx":7,"posy":4,"lastAction":5,"status":0}],"golds":[{"posx":0,"posy":0,"amount":50},{"posx":9,"posy":1,"amount":500},{"posx":17,"posy":1,"amount":200},{"posx":12,"posy":2,"amount":600},{"posx":15,"posy":2,"amount":300},{"posx":1,"posy":3,"amount":550},{"posx":14,"posy":3,"amount":700},{"posx":7,"posy":4,"amount":500},{"posx":8,"posy":4,"amount":50},{"posx":12,"posy":4,"amount":50},{"posx":16,"posy":4,"amount":250},{"posx":17,"posy":4,"amount":650},{"posx":3,"posy":5,"amount":600},{"posx":6,"posy":7,"amount":150},{"posx":8,"posy":7,"amount":100},{"posx":5,"posy":8,"amount":150}],"changedObstacles":[]},{"players":[{"playerId":2349571,"score":200,"energy":22,"posx":5,"posy":8,"lastAction":0,"status":0},{"playerId":2451990,"score":700,"energy":4,"posx":9,"posy":1,"lastAction":5,"status":0},{"playerId":2234905,"score":600,"energy":16,"posx":5,"posy":8,"lastAction":4,"status":0},{"playerId":2248990,"score":1000,"energy":16,"posx":7,"posy":4,"lastAction":5,"status":0}],"golds":[{"posx":0,"posy":0,"amount":50},{"posx":9,"posy":1,"amount":450},{"posx":17,"posy":1,"amount":200},{"posx":12,"posy":2,"amount":600},{"posx":15,"posy":2,"amount":300},{"posx":1,"posy":3,"amount":550},{"posx":14,"posy":3,"amount":700},{"posx":7,"posy":4,"amount":450},{"posx":8,"posy":4,"amount":50},{"posx":12,"posy":4,"amount":50},{"posx":16,"posy":4,"amount":250},{"posx":17,"posy":4,"amount":650},{"posx":3,"posy":5,"amount":600},{"posx":6,"posy":7,"amount":150},{"posx":8,"posy":7,"amount":100},{"posx":5,"posy":8,"amount":150}],"changedObstacles":[]},{"players":[{"playerId":2349571,"score":250,"energy":17,"posx":5,"posy":8,"lastAction":5,"status":0},{"playerId":2451990,"score":700,"energy":16,"posx":9,"posy":1,"lastAction":4,"status":0},{"playerId":2234905,"score":650,"energy":11,"posx":5,"posy":8,"lastAction":5,"status":0},{"playerId":2248990,"score":1050,"energy":11,"posx":7,"posy":4,"lastAction":5,"status":0}],"golds":[{"posx":0,"posy":0,"amount":50},{"posx":9,"posy":1,"amount":450},{"posx":17,"posy":1,"amount":200},{"posx":12,"posy":2,"amount":600},{"posx":15,"posy":2,"amount":300},{"posx":1,"posy":3,"amount":550},{"posx":14,"posy":3,"amount":700},{"posx":7,"posy":4,"amount":400},{"posx":8,"posy":4,"amount":50},{"posx":12,"posy":4,"amount":50},{"posx":16,"posy":4,"amount":250},{"posx":17,"posy":4,"amount":650},{"posx":3,"posy":5,"amount":600},{"posx":6,"posy":7,"amount":150},{"posx":8,"posy":7,"amount":100},{"posx":5,"posy":8,"amount":50}],"changedObstacles":[]},{"players":[{"playerId":2349571,"score":250,"energy":29,"posx":5,"posy":8,"lastAction":4,"status":0},{"playerId":2451990,"score":700,"energy":32,"posx":9,"posy":1,"lastAction":4,"status":0},{"playerId":2234905,"score":700,"energy":6,"posx":5,"posy":8,"lastAction":5,"status":0},{"playerId":2248990,"score":1100,"energy":6,"posx":7,"posy":4,"lastAction":5,"status":0}],"golds":[{"posx":0,"posy":0,"amount":50},{"posx":9,"posy":1,"amount":450},{"posx":17,"posy":1,"amount":200},{"posx":12,"posy":2,"amount":600},{"posx":15,"posy":2,"amount":300},{"posx":1,"posy":3,"amount":550},{"posx":14,"posy":3,"amount":700},{"posx":7,"posy":4,"amount":350},{"posx":8,"posy":4,"amount":50},{"posx":12,"posy":4,"amount":50},{"posx":16,"posy":4,"amount":250},{"posx":17,"posy":4,"amount":650},{"posx":3,"posy":5,"amount":600},{"posx":6,"posy":7,"amount":150},{"posx":8,"posy":7,"amount":100}],"changedObstacles":[{"type":0,"posx":5,"posy":8,"value":-1}]},{"players":[{"playerId":2349571,"score":250,"energy":28,"posx":5,"posy":7,"lastAction":2,"status":0},{"playerId":2451990,"score":700,"energy":50,"posx":9,"posy":1,"lastAction":4,"status":0},{"playerId":2234905,"score":700,"energy":18,"posx":5,"posy":8,"lastAction":4,"status":0},{"playerId":2248990,"score":1100,"energy":18,"posx":7,"posy":4,"lastAction":4,"status":0}],"golds":[{"posx":0,"posy":0,"amount":50},{"posx":9,"posy":1,"amount":450},{"posx":17,"posy":1,"amount":200},{"posx":12,"posy":2,"amount":600},{"posx":15,"posy":2,"amount":300},{"posx":1,"posy":3,"amount":550},{"posx":14,"posy":3,"amount":700},{"posx":7,"posy":4,"amount":350},{"posx":8,"posy":4,"amount":50},{"posx":12,"posy":4,"amount":50},{"posx":16,"posy":4,"amount":250},{"posx":17,"posy":4,"amount":650},{"posx":3,"posy":5,"amount":600},{"posx":6,"posy":7,"amount":150},{"posx":8,"posy":7,"amount":100}],"changedObstacles":[]},{"players":[{"playerId":2349571,"score":250,"energy":24,"posx":6,"posy":7,"lastAction":1,"status":0},{"playerId":2451990,"score":750,"energy":45,"posx":9,"posy":1,"lastAction":5,"status":0},{"playerId":2234905,"score":700,"energy":17,"posx":4,"posy":8,"lastAction":0,"status":0},{"playerId":2248990,"score":1150,"energy":13,"posx":7,"posy":4,"lastAction":5,"status":0}],"golds":[{"posx":0,"posy":0,"amount":50},{"posx":9,"posy":1,"amount":400},{"posx":17,"posy":1,"amount":200},{"posx":12,"posy":2,"amount":600},{"posx":15,"posy":2,"amount":300},{"posx":1,"posy":3,"amount":550},{"posx":14,"posy":3,"amount":700},{"posx":7,"posy":4,"amount":300},{"posx":8,"posy":4,"amount":50},{"posx":12,"posy":4,"amount":50},{"posx":16,"posy":4,"amount":250},{"posx":17,"posy":4,"amount":650},{"posx":3,"posy":5,"amount":600},{"posx":6,"posy":7,"amount":150},{"posx":8,"posy":7,"amount":100}],"changedObstacles":[]},{"players":[{"playerId":2349571,"score":300,"energy":19,"posx":6,"posy":7,"lastAction":5,"status":0},{"playerId":2451990,"score":800,"energy":40,"posx":9,"posy":1,"lastAction":5,"status":0},{"playerId":2234905,"score":700,"energy":16,"posx":3,"posy":8,"lastAction":0,"status":0},{"playerId":2248990,"score":1200,"energy":8,"posx":7,"posy":4,"lastAction":5,"status":0}],"golds":[{"posx":0,"posy":0,"amount":50},{"posx":9,"posy":1,"amount":350},{"posx":17,"posy":1,"amount":200},{"posx":12,"posy":2,"amount":600},{"posx":15,"posy":2,"amount":300},{"posx":1,"posy":3,"amount":550},{"posx":14,"posy":3,"amount":700},{"posx":7,"posy":4,"amount":250},{"posx":8,"posy":4,"amount":50},{"posx":12,"posy":4,"amount":50},{"posx":16,"posy":4,"amount":250},{"posx":17,"posy":4,"amount":650},{"posx":3,"posy":5,"amount":600},{"posx":6,"posy":7,"amount":100},{"posx":8,"posy":7,"amount":100}],"changedObstacles":[]},{"players":[{"playerId":2349571,"score":300,"energy":31,"posx":6,"posy":7,"lastAction":4,"status":0},{"playerId":2451990,"score":850,"energy":35,"posx":9,"posy":1,"lastAction":5,"status":0},{"playerId":2234905,"score":700,"energy":28,"posx":3,"posy":8,"lastAction":4,"status":0},{"playerId":2248990,"score":1250,"energy":3,"posx":7,"posy":4,"lastAction":5,"status":0}],"golds":[{"posx":0,"posy":0,"amount":50},{"posx":9,"posy":1,"amount":300},{"posx":17,"posy":1,"amount":200},{"posx":12,"posy":2,"amount":600},{"posx":15,"posy":2,"amount":300},{"posx":1,"posy":3,"amount":550},{"posx":14,"posy":3,"amount":700},{"posx":7,"posy":4,"amount":200},{"posx":8,"posy":4,"amount":50},{"posx":12,"posy":4,"amount":50},{"posx":16,"posy":4,"amount":250},{"posx":17,"posy":4,"amount":650},{"posx":3,"posy":5,"amount":600},{"posx":6,"posy":7,"amount":100},{"posx":8,"posy":7,"amount":100}],"changedObstacles":[]},{"players":[{"playerId":2349571,"score":350,"energy":26,"posx":6,"posy":7,"lastAction":5,"status":0},{"playerId":2451990,"score":900,"energy":30,"posx":9,"posy":1,"lastAction":5,"status":0},{"playerId":2234905,"score":700,"energy":27,"posx":2,"posy":8,"lastAction":0,"status":0},{"playerId":2248990,"score":1250,"energy":15,"posx":7,"posy":4,"lastAction":4,"status":0}],"golds":[{"posx":0,"posy":0,"amount":50},{"posx":9,"posy":1,"amount":250},{"posx":17,"posy":1,"amount":200},{"posx":12,"posy":2,"amount":600},{"posx":15,"posy":2,"amount":300},{"posx":1,"posy":3,"amount":550},{"posx":14,"posy":3,"amount":700},{"posx":7,"posy":4,"amount":200},{"posx":8,"posy":4,"amount":50},{"posx":12,"posy":4,"amount":50},{"posx":16,"posy":4,"amount":250},{"posx":17,"posy":4,"amount":650},{"posx":3,"posy":5,"amount":600},{"posx":6,"posy":7,"amount":50},{"posx":8,"posy":7,"amount":100}],"changedObstacles":[]},{"players":[{"playerId":2349571,"score":400,"energy":21,"posx":6,"posy":7,"lastAction":5,"status":0},{"playerId":2451990,"score":950,"energy":25,"posx":9,"posy":1,"lastAction":5,"status":0},{"playerId":2234905,"score":700,"energy":8,"posx":1,"posy":8,"lastAction":0,"status":0},{"playerId":2248990,"score":1300,"energy":10,"posx":7,"posy":4,"lastAction":5,"status":0}],"golds":[{"posx":0,"posy":0,"amount":50},{"posx":9,"posy":1,"amount":200},{"posx":17,"posy":1,"amount":200},{"posx":12,"posy":2,"amount":600},{"posx":15,"posy":2,"amount":300},{"posx":1,"posy":3,"amount":550},{"posx":14,"posy":3,"amount":700},{"posx":7,"posy":4,"amount":150},{"posx":8,"posy":4,"amount":50},{"posx":12,"posy":4,"amount":50},{"posx":16,"posy":4,"amount":250},{"posx":17,"posy":4,"amount":650},{"posx":3,"posy":5,"amount":600},{"posx":8,"posy":7,"amount":100}],"changedObstacles":[{"type":0,"posx":6,"posy":7,"value":-1}]},{"players":[{"playerId":2349571,"score":400,"energy":11,"posx":7,"posy":7,"lastAction":1,"status":0},{"playerId":2451990,"score":1000,"energy":20,"posx":9,"posy":1,"lastAction":5,"status":0},{"playerId":2234905,"score":700,"energy":20,"posx":1,"posy":8,"lastAction":4,"status":0},{"playerId":2248990,"score":1350,"energy":5,"posx":7,"posy":4,"lastAction":5,"status":0}],"golds":[{"posx":0,"posy":0,"amount":50},{"posx":9,"posy":1,"amount":150},{"posx":17,"posy":1,"amount":200},{"posx":12,"posy":2,"amount":600},{"posx":15,"posy":2,"amount":300},{"posx":1,"posy":3,"amount":550},{"posx":14,"posy":3,"amount":700},{"posx":7,"posy":4,"amount":100},{"posx":8,"posy":4,"amount":50},{"posx":12,"posy":4,"amount":50},{"posx":16,"posy":4,"amount":250},{"posx":17,"posy":4,"amount":650},{"posx":3,"posy":5,"amount":600},{"posx":8,"posy":7,"amount":100}],"changedObstacles":[{"type":0,"posx":7,"posy":7,"value":-1}]},{"players":[{"playerId":2349571,"score":400,"energy":23,"posx":7,"posy":7,"lastAction":4,"status":0},{"playerId":2451990,"score":1050,"energy":15,"posx":9,"posy":1,"lastAction":5,"status":0},{"playerId":2234905,"score":700,"energy":36,"posx":1,"posy":8,"lastAction":4,"status":0},{"playerId":2248990,"score":1350,"energy":17,"posx":7,"posy":4,"lastAction":4,"status":0}],"golds":[{"posx":0,"posy":0,"amount":50},{"posx":9,"posy":1,"amount":100},{"posx":17,"posy":1,"amount":200},{"posx":12,"posy":2,"amount":600},{"posx":15,"posy":2,"amount":300},{"posx":1,"posy":3,"amount":550},{"posx":14,"posy":3,"amount":700},{"posx":7,"posy":4,"amount":100},{"posx":8,"posy":4,"amount":50},{"posx":12,"posy":4,"amount":50},{"posx":16,"posy":4,"amount":250},{"posx":17,"posy":4,"amount":650},{"posx":3,"posy":5,"amount":600},{"posx":8,"posy":7,"amount":100}],"changedObstacles":[]},{"players":[{"playerId":2349571,"score":400,"energy":19,"posx":8,"posy":7,"lastAction":1,"status":0},{"playerId":2451990,"score":1100,"energy":10,"posx":9,"posy":1,"lastAction":5,"status":0},{"playerId":2234905,"score":700,"energy":16,"posx":0,"posy":8,"lastAction":0,"status":0},{"playerId":2248990,"score":1400,"energy":12,"posx":7,"posy":4,"lastAction":5,"status":0}],"golds":[{"posx":0,"posy":0,"amount":50},{"posx":9,"posy":1,"amount":50},{"posx":17,"posy":1,"amount":200},{"posx":12,"posy":2,"amount":600},{"posx":15,"posy":2,"amount":300},{"posx":1,"posy":3,"amount":550},{"posx":14,"posy":3,"amount":700},{"posx":7,"posy":4,"amount":50},{"posx":8,"posy":4,"amount":50},{"posx":12,"posy":4,"amount":50},{"posx":16,"posy":4,"amount":250},{"posx":17,"posy":4,"amount":650},{"posx":3,"posy":5,"amount":600},{"posx":8,"posy":7,"amount":100}],"changedObstacles":[{"type":3,"posx":0,"posy":8,"value":-40}]},{"players":[{"playerId":2349571,"score":400,"energy":31,"posx":8,"posy":7,"lastAction":4,"status":0},{"playerId":2451990,"score":1150,"energy":5,"posx":9,"posy":1,"lastAction":5,"status":0},{"playerId":2234905,"score":700,"energy":15,"posx":0,"posy":7,"lastAction":2,"status":0},{"playerId":2248990,"score":1450,"energy":7,"posx":7,"posy":4,"lastAction":5,"status":0}],"golds":[{"posx":0,"posy":0,"amount":50},{"posx":17,"posy":1,"amount":200},{"posx":12,"posy":2,"amount":600},{"posx":15,"posy":2,"amount":300},{"posx":1,"posy":3,"amount":550},{"posx":14,"posy":3,"amount":700},{"posx":8,"posy":4,"amount":50},{"posx":12,"posy":4,"amount":50},{"posx":16,"posy":4,"amount":250},{"posx":17,"posy":4,"amount":650},{"posx":3,"posy":5,"amount":600},{"posx":8,"posy":7,"amount":100}],"changedObstacles":[{"type":0,"posx":9,"posy":1,"value":-1},{"type":0,"posx":7,"posy":4,"value":-1}]},{"players":[{"playerId":2349571,"score":450,"energy":26,"posx":8,"posy":7,"lastAction":5,"status":0},{"playerId":2451990,"score":1150,"energy":17,"posx":9,"posy":1,"lastAction":4,"status":0},{"playerId":2234905,"score":700,"energy":14,"posx":0,"posy":6,"lastAction":2,"status":0},{"playerId":2248990,"score":1450,"energy":19,"posx":7,"posy":4,"lastAction":4,"status":0}],"golds":[{"posx":0,"posy":0,"amount":50},{"posx":17,"posy":1,"amount":200},{"posx":12,"posy":2,"amount":600},{"posx":15,"posy":2,"amount":300},{"posx":1,"posy":3,"amount":550},{"posx":14,"posy":3,"amount":700},{"posx":8,"posy":4,"amount":50},{"posx":12,"posy":4,"amount":50},{"posx":16,"posy":4,"amount":250},{"posx":17,"posy":4,"amount":650},{"posx":3,"posy":5,"amount":600},{"posx":8,"posy":7,"amount":50}],"changedObstacles":[]},{"players":[{"playerId":2349571,"score":500,"energy":21,"posx":8,"posy":7,"lastAction":5,"status":0},{"playerId":2451990,"score":1150,"energy":33,"posx":9,"posy":1,"lastAction":4,"status":0},{"playerId":2234905,"score":700,"energy":13,"posx":0,"posy":5,"lastAction":2,"status":0},{"playerId":2248990,"score":1450,"energy":15,"posx":8,"posy":4,"lastAction":1,"status":0}],"golds":[{"posx":0,"posy":0,"amount":50},{"posx":17,"posy":1,"amount":200},{"posx":12,"posy":2,"amount":600},{"posx":15,"posy":2,"amount":300},{"posx":1,"posy":3,"amount":550},{"posx":14,"posy":3,"amount":700},{"posx":8,"posy":4,"amount":50},{"posx":12,"posy":4,"amount":50},{"posx":16,"posy":4,"amount":250},{"posx":17,"posy":4,"amount":650},{"posx":3,"posy":5,"amount":600}],"changedObstacles":[{"type":0,"posx":8,"posy":7,"value":-1}]},{"players":[{"playerId":2349571,"score":500,"energy":20,"posx":8,"posy":6,"lastAction":2,"status":0},{"playerId":2451990,"score":1150,"energy":50,"posx":9,"posy":1,"lastAction":4,"status":0},{"playerId":2234905,"score":700,"energy":25,"posx":0,"posy":5,"lastAction":4,"status":0},{"playerId":2248990,"score":1500,"energy":10,"posx":8,"posy":4,"lastAction":5,"status":0}],"golds":[{"posx":0,"posy":0,"amount":50},{"posx":17,"posy":1,"amount":200},{"posx":12,"posy":2,"amount":600},{"posx":15,"posy":2,"amount":300},{"posx":1,"posy":3,"amount":550},{"posx":14,"posy":3,"amount":700},{"posx":12,"posy":4,"amount":50},{"posx":16,"posy":4,"amount":250},{"posx":17,"posy":4,"amount":650},{"posx":3,"posy":5,"amount":600}],"changedObstacles":[{"type":0,"posx":8,"posy":4,"value":-1}]},{"players":[{"playerId":2349571,"score":500,"energy":19,"posx":8,"posy":5,"lastAction":2,"status":0},{"playerId":2451990,"score":1150,"energy":45,"posx":10,"posy":1,"lastAction":1,"status":0},{"playerId":2234905,"score":700,"energy":41,"posx":0,"posy":5,"lastAction":4,"status":0},{"playerId":2248990,"score":1500,"energy":22,"posx":8,"posy":4,"lastAction":4,"status":0}],"golds":[{"posx":0,"posy":0,"amount":50},{"posx":17,"posy":1,"amount":200},{"posx":12,"posy":2,"amount":600},{"posx":15,"posy":2,"amount":300},{"posx":1,"posy":3,"amount":550},{"posx":14,"posy":3,"amount":700},{"posx":12,"posy":4,"amount":50},{"posx":16,"posy":4,"amount":250},{"posx":17,"posy":4,"amount":650},{"posx":3,"posy":5,"amount":600}],"changedObstacles":[]},{"players":[{"playerId":2349571,"score":500,"energy":31,"posx":8,"posy":5,"lastAction":4,"status":0},{"playerId":2451990,"score":1150,"energy":44,"posx":11,"posy":1,"lastAction":1,"status":0},{"playerId":2234905,"score":700,"energy":21,"posx":0,"posy":4,"lastAction":2,"status":0},{"playerId":2248990,"score":1500,"energy":21,"posx":9,"posy":4,"lastAction":1,"status":0}],"golds":[{"posx":0,"posy":0,"amount":50},{"posx":17,"posy":1,"amount":200},{"posx":12,"posy":2,"amount":600},{"posx":15,"posy":2,"amount":300},{"posx":1,"posy":3,"amount":550},{"posx":14,"posy":3,"amount":700},{"posx":12,"posy":4,"amount":50},{"posx":16,"posy":4,"amount":250},{"posx":17,"posy":4,"amount":650},{"posx":3,"posy":5,"amount":600}],"changedObstacles":[{"type":3,"posx":0,"posy":4,"value":-40}]},{"players":[{"playerId":2349571,"score":500,"energy":20,"posx":7,"posy":5,"lastAction":0,"status":0},{"playerId":2451990,"score":1150,"energy":39,"posx":11,"posy":2,"lastAction":3,"status":0},{"playerId":2234905,"score":700,"energy":20,"posx":0,"posy":3,"lastAction":2,"status":0},{"playerId":2248990,"score":1500,"energy":11,"posx":10,"posy":4,"lastAction":1,"status":0}],"golds":[{"posx":0,"posy":0,"amount":50},{"posx":17,"posy":1,"amount":200},{"posx":12,"posy":2,"amount":600},{"posx":15,"posy":2,"amount":300},{"posx":1,"posy":3,"amount":550},{"posx":14,"posy":3,"amount":700},{"posx":12,"posy":4,"amount":50},{"posx":16,"posy":4,"amount":250},{"posx":17,"posy":4,"amount":650},{"posx":3,"posy":5,"amount":600}],"changedObstacles":[{"type":3,"posx":11,"posy":2,"value":-20},{"type":0,"posx":10,"posy":4,"value":-1}]},{"players":[{"playerId":2349571,"score":500,"energy":2,"posx":6,"posy":5,"lastAction":0,"status":0},{"playerId":2451990,"score":1150,"energy":35,"posx":12,"posy":2,"lastAction":1,"status":0},{"playerId":2234905,"score":700,"energy":32,"posx":0,"posy":3,"lastAction":4,"status":0},{"playerId":2248990,"score":1500,"energy":23,"posx":10,"posy":4,"lastAction":4,"status":0}],"golds":[{"posx":0,"posy":0,"amount":50},{"posx":17,"posy":1,"amount":200},{"posx":12,"posy":2,"amount":600},{"posx":15,"posy":2,"amount":300},{"posx":1,"posy":3,"amount":550},{"posx":14,"posy":3,"amount":700},{"posx":12,"posy":4,"amount":50},{"posx":16,"posy":4,"amount":250},{"posx":17,"posy":4,"amount":650},{"posx":3,"posy":5,"amount":600}],"changedObstacles":[]},{"players":[{"playerId":2349571,"score":500,"energy":14,"posx":6,"posy":5,"lastAction":4,"status":0},{"playerId":2451990,"score":1200,"energy":30,"posx":12,"posy":2,"lastAction":5,"status":0},{"playerId":2234905,"score":700,"energy":18,"posx":0,"posy":2,"lastAction":2,"status":0},{"playerId":2248990,"score":1500,"energy":22,"posx":11,"posy":4,"lastAction":1,"status":0}],"golds":[{"posx":0,"posy":0,"amount":50},{"posx":17,"posy":1,"amount":200},{"posx":12,"posy":2,"amount":550},{"posx":15,"posy":2,"amount":300},{"posx":1,"posy":3,"amount":550},{"posx":14,"posy":3,"amount":700},{"posx":12,"posy":4,"amount":50},{"posx":16,"posy":4,"amount":250},{"posx":17,"posy":4,"amount":650},{"posx":3,"posy":5,"amount":600}],"changedObstacles":[]},{"players":[{"playerId":2349571,"score":500,"energy":30,"posx":6,"posy":5,"lastAction":4,"status":0},{"playerId":2451990,"score":1250,"energy":25,"posx":12,"posy":2,"lastAction":5,"status":0},{"playerId":2234905,"score":700,"energy":17,"posx":0,"posy":1,"lastAction":2,"status":0},{"playerId":2248990,"score":1500,"energy":18,"posx":12,"posy":4,"lastAction":1,"status":0}],"golds":[{"posx":0,"posy":0,"amount":50},{"posx":17,"posy":1,"amount":200},{"posx":12,"posy":2,"amount":500},{"posx":15,"posy":2,"amount":300},{"posx":1,"posy":3,"amount":550},{"posx":14,"posy":3,"amount":700},{"posx":12,"posy":4,"amount":50},{"posx":16,"posy":4,"amount":250},{"posx":17,"posy":4,"amount":650},{"posx":3,"posy":5,"amount":600}],"changedObstacles":[]},{"players":[{"playerId":2349571,"score":500,"energy":29,"posx":5,"posy":5,"lastAction":0,"status":0},{"playerId":2451990,"score":1300,"energy":20,"posx":12,"posy":2,"lastAction":5,"status":0},{"playerId":2234905,"score":700,"energy":13,"posx":0,"posy":0,"lastAction":2,"status":0},{"playerId":2248990,"score":1550,"energy":13,"posx":12,"posy":4,"lastAction":5,"status":0}],"golds":[{"posx":0,"posy":0,"amount":50},{"posx":17,"posy":1,"amount":200},{"posx":12,"posy":2,"amount":450},{"posx":15,"posy":2,"amount":300},{"posx":1,"posy":3,"amount":550},{"posx":14,"posy":3,"amount":700},{"posx":16,"posy":4,"amount":250},{"posx":17,"posy":4,"amount":650},{"posx":3,"posy":5,"amount":600}],"changedObstacles":[{"type":0,"posx":12,"posy":4,"value":-1}]},{"players":[{"playerId":2349571,"score":500,"energy":19,"posx":4,"posy":5,"lastAction":0,"status":0},{"playerId":2451990,"score":1350,"energy":15,"posx":12,"posy":2,"lastAction":5,"status":0},{"playerId":2234905,"score":750,"energy":8,"posx":0,"posy":0,"lastAction":5,"status":0},{"playerId":2248990,"score":1550,"energy":25,"posx":12,"posy":4,"lastAction":4,"status":0}],"golds":[{"posx":17,"posy":1,"amount":200},{"posx":12,"posy":2,"amount":400},{"posx":15,"posy":2,"amount":300},{"posx":1,"posy":3,"amount":550},{"posx":14,"posy":3,"amount":700},{"posx":16,"posy":4,"amount":250},{"posx":17,"posy":4,"amount":650},{"posx":3,"posy":5,"amount":600}],"changedObstacles":[{"type":0,"posx":4,"posy":5,"value":-1},{"type":0,"posx":0,"posy":0,"value":-1}]},{"players":[{"playerId":2349571,"score":500,"energy":31,"posx":4,"posy":5,"lastAction":4,"status":0},{"playerId":2451990,"score":1400,"energy":10,"posx":12,"posy":2,"lastAction":5,"status":0},{"playerId":2234905,"score":750,"energy":7,"posx":0,"posy":1,"lastAction":3,"status":0},{"playerId":2248990,"score":1550,"energy":20,"posx":13,"posy":4,"lastAction":1,"status":0}],"golds":[{"posx":17,"posy":1,"amount":200},{"posx":12,"posy":2,"amount":350},{"posx":15,"posy":2,"amount":300},{"posx":1,"posy":3,"amount":550},{"posx":14,"posy":3,"amount":700},{"posx":16,"posy":4,"amount":250},{"posx":17,"posy":4,"amount":650},{"posx":3,"posy":5,"amount":600}],"changedObstacles":[{"type":3,"posx":13,"posy":4,"value":-20}]},{"players":[{"playerId":2349571,"score":500,"energy":27,"posx":3,"posy":5,"lastAction":0,"status":0},{"playerId":2451990,"score":1450,"energy":5,"posx":12,"posy":2,"lastAction":5,"status":0},{"playerId":2234905,"score":750,"energy":19,"posx":0,"posy":1,"lastAction":4,"status":0},{"playerId":2248990,"score":1550,"energy":32,"posx":13,"posy":4,"lastAction":4,"status":0}],"golds":[{"posx":17,"posy":1,"amount":200},{"posx":12,"posy":2,"amount":300},{"posx":15,"posy":2,"amount":300},{"posx":1,"posy":3,"amount":550},{"posx":14,"posy":3,"amount":700},{"posx":16,"posy":4,"amount":250},{"posx":17,"posy":4,"amount":650},{"posx":3,"posy":5,"amount":600}],"changedObstacles":[]},{"players":[{"playerId":2349571,"score":550,"energy":22,"posx":3,"posy":5,"lastAction":5,"status":0},{"playerId":2451990,"score":1450,"energy":17,"posx":12,"posy":2,"lastAction":4,"status":0},{"playerId":2234905,"score":750,"energy":35,"posx":0,"posy":1,"lastAction":4,"status":0},{"playerId":2248990,"score":1550,"energy":27,"posx":14,"posy":4,"lastAction":1,"status":0}],"golds":[{"posx":17,"posy":1,"amount":200},{"posx":12,"posy":2,"amount":300},{"posx":15,"posy":2,"amount":300},{"posx":1,"posy":3,"amount":550},{"posx":14,"posy":3,"amount":700},{"posx":16,"posy":4,"amount":250},{"posx":17,"posy":4,"amount":650},{"posx":3,"posy":5,"amount":550}],"changedObstacles":[{"type":3,"posx":14,"posy":4,"value":-20}]},{"players":[{"playerId":2349571,"score":600,"energy":17,"posx":3,"posy":5,"lastAction":5,"status":0},{"playerId":2451990,"score":1450,"energy":33,"posx":12,"posy":2,"lastAction":4,"status":0},{"playerId":2234905,"score":750,"energy":17,"posx":0,"posy":2,"lastAction":3,"status":0},{"playerId":2248990,"score":1550,"energy":23,"posx":14,"posy":3,"lastAction":2,"status":0}],"golds":[{"posx":17,"posy":1,"amount":200},{"posx":12,"posy":2,"amount":300},{"posx":15,"posy":2,"amount":300},{"posx":1,"posy":3,"amount":550},{"posx":14,"posy":3,"amount":700},{"posx":16,"posy":4,"amount":250},{"posx":17,"posy":4,"amount":650},{"posx":3,"posy":5,"amount":500}],"changedObstacles":[]},{"players":[{"playerId":2349571,"score":600,"energy":29,"posx":3,"posy":5,"lastAction":4,"status":0},{"playerId":2451990,"score":1450,"energy":50,"posx":12,"posy":2,"lastAction":4,"status":0},{"playerId":2234905,"score":750,"energy":16,"posx":0,"posy":3,"lastAction":3,"status":0},{"playerId":2248990,"score":1600,"energy":18,"posx":14,"posy":3,"lastAction":5,"status":0}],"golds":[{"posx":17,"posy":1,"amount":200},{"posx":12,"posy":2,"amount":300},{"posx":15,"posy":2,"amount":300},{"posx":1,"posy":3,"amount":550},{"posx":14,"posy":3,"amount":650},{"posx":16,"posy":4,"amount":250},{"posx":17,"posy":4,"amount":650},{"posx":3,"posy":5,"amount":500}],"changedObstacles":[]},{"players":[{"playerId":2349571,"score":650,"energy":24,"posx":3,"posy":5,"lastAction":5,"status":0},{"playerId":2451990,"score":1500,"energy":45,"posx":12,"posy":2,"lastAction":5,"status":0},{"playerId":2234905,"score":750,"energy":28,"posx":0,"posy":3,"lastAction":4,"status":0},{"playerId":2248990,"score":1650,"energy":13,"posx":14,"posy":3,"lastAction":5,"status":0}],"golds":[{"posx":17,"posy":1,"amount":200},{"posx":12,"posy":2,"amount":250},{"posx":15,"posy":2,"amount":300},{"posx":1,"posy":3,"amount":550},{"posx":14,"posy":3,"amount":600},{"posx":16,"posy":4,"amount":250},{"posx":17,"posy":4,"amount":650},{"posx":3,"posy":5,"amount":450}],"changedObstacles":[]},{"players":[{"playerId":2349571,"score":700,"energy":19,"posx":3,"posy":5,"lastAction":5,"status":0},{"playerId":2451990,"score":1550,"energy":40,"posx":12,"posy":2,"lastAction":5,"status":0},{"playerId":2234905,"score":750,"energy":15,"posx":0,"posy":2,"lastAction":2,"status":0},{"playerId":2248990,"score":1650,"energy":25,"posx":14,"posy":3,"lastAction":4,"status":0}],"golds":[{"posx":17,"posy":1,"amount":200},{"posx":12,"posy":2,"amount":200},{"posx":15,"posy":2,"amount":300},{"posx":1,"posy":3,"amount":550},{"posx":14,"posy":3,"amount":600},{"posx":16,"posy":4,"amount":250},{"posx":17,"posy":4,"amount":650},{"posx":3,"posy":5,"amount":400}],"changedObstacles":[]},{"players":[{"playerId":2349571,"score":700,"energy":31,"posx":3,"posy":5,"lastAction":4,"status":0},{"playerId":2451990,"score":1600,"energy":35,"posx":12,"posy":2,"lastAction":5,"status":0},{"playerId":2234905,"score":750,"energy":27,"posx":0,"posy":2,"lastAction":4,"status":0},{"playerId":2248990,"score":1700,"energy":20,"posx":14,"posy":3,"lastAction":5,"status":0}],"golds":[{"posx":17,"posy":1,"amount":200},{"posx":12,"posy":2,"amount":150},{"posx":15,"posy":2,"amount":300},{"posx":1,"posy":3,"amount":550},{"posx":14,"posy":3,"amount":550},{"posx":16,"posy":4,"amount":250},{"posx":17,"posy":4,"amount":650},{"posx":3,"posy":5,"amount":400}],"changedObstacles":[]},{"players":[{"playerId":2349571,"score":750,"energy":26,"posx":3,"posy":5,"lastAction":5,"status":0},{"playerId":2451990,"score":1650,"energy":30,"posx":12,"posy":2,"lastAction":5,"status":0},{"playerId":2234905,"score":750,"energy":26,"posx":0,"posy":1,"lastAction":2,"status":0},{"playerId":2248990,"score":1750,"energy":15,"posx":14,"posy":3,"lastAction":5,"status":0}],"golds":[{"posx":17,"posy":1,"amount":200},{"posx":12,"posy":2,"amount":100},{"posx":15,"posy":2,"amount":300},{"posx":1,"posy":3,"amount":550},{"posx":14,"posy":3,"amount":500},{"posx":16,"posy":4,"amount":250},{"posx":17,"posy":4,"amount":650},{"posx":3,"posy":5,"amount":350}],"changedObstacles":[]},{"players":[{"playerId":2349571,"score":800,"energy":21,"posx":3,"posy":5,"lastAction":5,"status":0},{"playerId":2451990,"score":1700,"energy":25,"posx":12,"posy":2,"lastAction":5,"status":0},{"playerId":2234905,"score":750,"energy":25,"posx":0,"posy":0,"lastAction":2,"status":0},{"playerId":2248990,"score":1800,"energy":10,"posx":14,"posy":3,"lastAction":5,"status":0}],"golds":[{"posx":17,"posy":1,"amount":200},{"posx":12,"posy":2,"amount":50},{"posx":15,"posy":2,"amount":300},{"posx":1,"posy":3,"amount":550},{"posx":14,"posy":3,"amount":450},{"posx":16,"posy":4,"amount":250},{"posx":17,"posy":4,"amount":650},{"posx":3,"posy":5,"amount":300}],"changedObstacles":[]},{"players":[{"playerId":2349571,"score":850,"energy":16,"posx":3,"posy":5,"lastAction":5,"status":0},{"playerId":2451990,"score":1750,"energy":20,"posx":12,"posy":2,"lastAction":5,"status":0},{"playerId":2234905,"score":750,"energy":24,"posx":0,"posy":1,"lastAction":3,"status":0},{"playerId":2248990,"score":1800,"energy":22,"posx":14,"posy":3,"lastAction":4,"status":0}],"golds":[{"posx":17,"posy":1,"amount":200},{"posx":15,"posy":2,"amount":300},{"posx":1,"posy":3,"amount":550},{"posx":14,"posy":3,"amount":450},{"posx":16,"posy":4,"amount":250},{"posx":17,"posy":4,"amount":650},{"posx":3,"posy":5,"amount":250}],"changedObstacles":[{"type":0,"posx":12,"posy":2,"value":-1}]},{"players":[{"playerId":2349571,"score":850,"energy":28,"posx":3,"posy":5,"lastAction":4,"status":0},{"playerId":2451990,"score":1750,"energy":32,"posx":12,"posy":2,"lastAction":4,"status":0},{"playerId":2234905,"score":750,"energy":12,"posx":0,"posy":2,"lastAction":3,"status":0},{"playerId":2248990,"score":1850,"energy":17,"posx":14,"posy":3,"lastAction":5,"status":0}],"golds":[{"posx":17,"posy":1,"amount":200},{"posx":15,"posy":2,"amount":300},{"posx":1,"posy":3,"amount":550},{"posx":14,"posy":3,"amount":400},{"posx":16,"posy":4,"amount":250},{"posx":17,"posy":4,"amount":650},{"posx":3,"posy":5,"amount":250}],"changedObstacles":[]},{"players":[{"playerId":2349571,"score":900,"energy":23,"posx":3,"posy":5,"lastAction":5,"status":0},{"playerId":2451990,"score":1750,"energy":48,"posx":12,"posy":2,"lastAction":4,"status":0},{"playerId":2234905,"score":750,"energy":11,"posx":0,"posy":3,"lastAction":3,"status":0},{"playerId":2248990,"score":1900,"energy":12,"posx":14,"posy":3,"lastAction":5,"status":0}],"golds":[{"posx":17,"posy":1,"amount":200},{"posx":15,"posy":2,"amount":300},{"posx":1,"posy":3,"amount":550},{"posx":14,"posy":3,"amount":350},{"posx":16,"posy":4,"amount":250},{"posx":17,"posy":4,"amount":650},{"posx":3,"posy":5,"amount":200}],"changedObstacles":[]},{"players":[{"playerId":2349571,"score":950,"energy":18,"posx":3,"posy":5,"lastAction":5,"status":0},{"playerId":2451990,"score":1750,"energy":30,"posx":13,"posy":2,"lastAction":1,"status":0},{"playerId":2234905,"score":750,"energy":7,"posx":1,"posy":3,"lastAction":1,"status":0},{"playerId":2248990,"score":1900,"energy":24,"posx":14,"posy":3,"lastAction":4,"status":0}],"golds":[{"posx":17,"posy":1,"amount":200},{"posx":15,"posy":2,"amount":300},{"posx":1,"posy":3,"amount":550},{"posx":14,"posy":3,"amount":350},{"posx":16,"posy":4,"amount":250},{"posx":17,"posy":4,"amount":650},{"posx":3,"posy":5,"amount":150}],"changedObstacles":[]},{"players":[{"playerId":2349571,"score":950,"energy":30,"posx":3,"posy":5,"lastAction":4,"status":0},{"playerId":2451990,"score":1750,"energy":20,"posx":14,"posy":2,"lastAction":1,"status":0},{"playerId":2234905,"score":800,"energy":2,"posx":1,"posy":3,"lastAction":5,"status":0},{"playerId":2248990,"score":1950,"energy":19,"posx":14,"posy":3,"lastAction":5,"status":0}],"golds":[{"posx":17,"posy":1,"amount":200},{"posx":15,"posy":2,"amount":300},{"posx":1,"posy":3,"amount":500},{"posx":14,"posy":3,"amount":300},{"posx":16,"posy":4,"amount":250},{"posx":17,"posy":4,"amount":650},{"posx":3,"posy":5,"amount":150}],"changedObstacles":[{"type":0,"posx":14,"posy":2,"value":-1}]},{"players":[{"playerId":2349571,"score":1000,"energy":25,"posx":3,"posy":5,"lastAction":5,"status":0},{"playerId":2451990,"score":1750,"energy":16,"posx":15,"posy":2,"lastAction":1,"status":0},{"playerId":2234905,"score":800,"energy":14,"posx":1,"posy":3,"lastAction":4,"status":0},{"playerId":2248990,"score":2000,"energy":14,"posx":14,"posy":3,"lastAction":5,"status":0}],"golds":[{"posx":17,"posy":1,"amount":200},{"posx":15,"posy":2,"amount":300},{"posx":1,"posy":3,"amount":500},{"posx":14,"posy":3,"amount":250},{"posx":16,"posy":4,"amount":250},{"posx":17,"posy":4,"amount":650},{"posx":3,"posy":5,"amount":100}],"changedObstacles":[]},{"players":[{"playerId":2349571,"score":1050,"energy":20,"posx":3,"posy":5,"lastAction":5,"status":0},{"playerId":2451990,"score":1800,"energy":11,"posx":15,"posy":2,"lastAction":5,"status":0},{"playerId":2234905,"score":850,"energy":9,"posx":1,"posy":3,"lastAction":5,"status":0},{"playerId":2248990,"score":2050,"energy":9,"posx":14,"posy":3,"lastAction":5,"status":0}],"golds":[{"posx":17,"posy":1,"amount":200},{"posx":15,"posy":2,"amount":250},{"posx":1,"posy":3,"amount":450},{"posx":14,"posy":3,"amount":200},{"posx":16,"posy":4,"amount":250},{"posx":17,"posy":4,"amount":650},{"posx":3,"posy":5,"amount":50}],"changedObstacles":[]},{"players":[{"playerId":2349571,"score":1100,"energy":15,"posx":3,"posy":5,"lastAction":5,"status":0},{"playerId":2451990,"score":1850,"energy":6,"posx":15,"posy":2,"lastAction":5,"status":0},{"playerId":2234905,"score":900,"energy":4,"posx":1,"posy":3,"lastAction":5,"status":0},{"playerId":2248990,"score":2050,"energy":21,"posx":14,"posy":3,"lastAction":4,"status":0}],"golds":[{"posx":17,"posy":1,"amount":200},{"posx":15,"posy":2,"amount":200},{"posx":1,"posy":3,"amount":400},{"posx":14,"posy":3,"amount":200},{"posx":16,"posy":4,"amount":250},{"posx":17,"posy":4,"amount":650}],"changedObstacles":[{"type":0,"posx":3,"posy":5,"value":-1}]},{"players":[{"playerId":2349571,"score":1100,"energy":27,"posx":3,"posy":5,"lastAction":4,"status":0},{"playerId":2451990,"score":1900,"energy":1,"posx":15,"posy":2,"lastAction":5,"status":0},{"playerId":2234905,"score":900,"energy":16,"posx":1,"posy":3,"lastAction":4,"status":0},{"playerId":2248990,"score":2100,"energy":16,"posx":14,"posy":3,"lastAction":5,"status":0}],"golds":[{"posx":17,"posy":1,"amount":200},{"posx":15,"posy":2,"amount":150},{"posx":1,"posy":3,"amount":400},{"posx":14,"posy":3,"amount":150},{"posx":16,"posy":4,"amount":250},{"posx":17,"posy":4,"amount":650}],"changedObstacles":[]},{"players":[{"playerId":2349571,"score":1100,"energy":26,"posx":3,"posy":4,"lastAction":2,"status":0},{"playerId":2451990,"score":1900,"energy":13,"posx":15,"posy":2,"lastAction":4,"status":0},{"playerId":2234905,"score":950,"energy":11,"posx":1,"posy":3,"lastAction":5,"status":0},{"playerId":2248990,"score":2150,"energy":11,"posx":14,"posy":3,"lastAction":5,"status":0}],"golds":[{"posx":17,"posy":1,"amount":200},{"posx":15,"posy":2,"amount":150},{"posx":1,"posy":3,"amount":350},{"posx":14,"posy":3,"amount":100},{"posx":16,"posy":4,"amount":250},{"posx":17,"posy":4,"amount":650}],"changedObstacles":[]},{"players":[{"playerId":2349571,"score":1100,"energy":25,"posx":4,"posy":4,"lastAction":1,"status":0},{"playerId":2451990,"score":1900,"energy":29,"posx":15,"posy":2,"lastAction":4,"status":0},{"playerId":2234905,"score":1000,"energy":6,"posx":1,"posy":3,"lastAction":5,"status":0},{"playerId":2248990,"score":2150,"energy":23,"posx":14,"posy":3,"lastAction":4,"status":0}],"golds":[{"posx":17,"posy":1,"amount":200},{"posx":15,"posy":2,"amount":150},{"posx":1,"posy":3,"amount":300},{"posx":14,"posy":3,"amount":100},{"posx":16,"posy":4,"amount":250},{"posx":17,"posy":4,"amount":650}],"changedObstacles":[]},{"players":[{"playerId":2349571,"score":1100,"energy":5,"posx":5,"posy":4,"lastAction":1,"status":0},{"playerId":2451990,"score":1900,"energy":50,"posx":15,"posy":2,"lastAction":4,"status":0},{"playerId":2234905,"score":1050,"energy":1,"posx":1,"posy":3,"lastAction":5,"status":0},{"playerId":2248990,"score":2200,"energy":18,"posx":14,"posy":3,"lastAction":5,"status":0}],"golds":[{"posx":17,"posy":1,"amount":200},{"posx":15,"posy":2,"amount":150},{"posx":1,"posy":3,"amount":250},{"posx":14,"posy":3,"amount":50},{"posx":16,"posy":4,"amount":250},{"posx":17,"posy":4,"amount":650}],"changedObstacles":[{"type":3,"posx":5,"posy":4,"value":-40}]},{"players":[{"playerId":2349571,"score":1100,"energy":17,"posx":5,"posy":4,"lastAction":4,"status":0},{"playerId":2451990,"score":1950,"energy":45,"posx":15,"posy":2,"lastAction":5,"status":0},{"playerId":2234905,"score":1050,"energy":13,"posx":1,"posy":3,"lastAction":4,"status":0},{"playerId":2248990,"score":2250,"energy":13,"posx":14,"posy":3,"lastAction":5,"status":0}],"golds":[{"posx":17,"posy":1,"amount":200},{"posx":15,"posy":2,"amount":100},{"posx":1,"posy":3,"amount":250},{"posx":16,"posy":4,"amount":250},{"posx":17,"posy":4,"amount":650}],"changedObstacles":[{"type":0,"posx":14,"posy":3,"value":-1}]},{"players":[{"playerId":2349571,"score":1100,"energy":33,"posx":5,"posy":4,"lastAction":4,"status":0},{"playerId":2451990,"score":2000,"energy":40,"posx":15,"posy":2,"lastAction":5,"status":0},{"playerId":2234905,"score":1100,"energy":8,"posx":1,"posy":3,"lastAction":5,"status":0},{"playerId":2248990,"score":2250,"energy":25,"posx":14,"posy":3,"lastAction":4,"status":0}],"golds":[{"posx":17,"posy":1,"amount":200},{"posx":15,"posy":2,"amount":50},{"posx":1,"posy":3,"amount":200},{"posx":16,"posy":4,"amount":250},{"posx":17,"posy":4,"amount":650}],"changedObstacles":[]},{"players":[{"playerId":2349571,"score":1100,"energy":23,"posx":6,"posy":4,"lastAction":1,"status":0},{"playerId":2451990,"score":2050,"energy":35,"posx":15,"posy":2,"lastAction":5,"status":0},{"playerId":2234905,"score":1150,"energy":3,"posx":1,"posy":3,"lastAction":5,"status":0},{"playerId":2248990,"score":2250,"energy":24,"posx":15,"posy":3,"lastAction":1,"status":0}],"golds":[{"posx":17,"posy":1,"amount":200},{"posx":1,"posy":3,"amount":150},{"posx":16,"posy":4,"amount":250},{"posx":17,"posy":4,"amount":650}],"changedObstacles":[{"type":0,"posx":6,"posy":4,"value":-1},{"type":0,"posx":15,"posy":2,"value":-1}]},{"players":[{"playerId":2349571,"score":1100,"energy":22,"posx":7,"posy":4,"lastAction":1,"status":0},{"playerId":2451990,"score":2050,"energy":34,"posx":15,"posy":3,"lastAction":3,"status":0},{"playerId":2234905,"score":1150,"energy":15,"posx":1,"posy":3,"lastAction":4,"status":0},{"playerId":2248990,"score":2250,"energy":14,"posx":16,"posy":3,"lastAction":1,"status":0}],"golds":[{"posx":17,"posy":1,"amount":200},{"posx":1,"posy":3,"amount":150},{"posx":16,"posy":4,"amount":250},{"posx":17,"posy":4,"amount":650}],"changedObstacles":[{"type":0,"posx":16,"posy":3,"value":-1}]},{"players":[{"playerId":2349571,"score":1100,"energy":21,"posx":8,"posy":4,"lastAction":1,"status":0},{"playerId":2451990,"score":2050,"energy":33,"posx":15,"posy":4,"lastAction":3,"status":0},{"playerId":2234905,"score":1200,"energy":10,"posx":1,"posy":3,"lastAction":5,"status":0},{"playerId":2248990,"score":2250,"energy":26,"posx":16,"posy":3,"lastAction":4,"status":0}],"golds":[{"posx":17,"posy":1,"amount":200},{"posx":1,"posy":3,"amount":100},{"posx":16,"posy":4,"amount":250},{"posx":17,"posy":4,"amount":650}],"changedObstacles":[]},{"players":[{"playerId":2349571,"score":1100,"energy":20,"posx":9,"posy":4,"lastAction":1,"status":0},{"playerId":2451990,"score":2050,"energy":29,"posx":16,"posy":4,"lastAction":1,"status":0},{"playerId":2234905,"score":1250,"energy":5,"posx":1,"posy":3,"lastAction":5,"status":0},{"playerId":2248990,"score":2250,"energy":22,"posx":16,"posy":4,"lastAction":3,"status":0}],"golds":[{"posx":17,"posy":1,"amount":200},{"posx":1,"posy":3,"amount":50},{"posx":16,"posy":4,"amount":250},{"posx":17,"posy":4,"amount":650}],"changedObstacles":[]},{"players":[{"playerId":2349571,"score":1100,"energy":19,"posx":10,"posy":4,"lastAction":1,"status":0},{"playerId":2451990,"score":2100,"energy":24,"posx":16,"posy":4,"lastAction":5,"status":0},{"playerId":2234905,"score":1250,"energy":17,"posx":1,"posy":3,"lastAction":4,"status":0},{"playerId":2248990,"score":2300,"energy":17,"posx":16,"posy":4,"lastAction":5,"status":0}],"golds":[{"posx":17,"posy":1,"amount":200},{"posx":1,"posy":3,"amount":50},{"posx":16,"posy":4,"amount":150},{"posx":17,"posy":4,"amount":650}],"changedObstacles":[]},{"players":[{"playerId":2349571,"score":1100,"energy":31,"posx":10,"posy":4,"lastAction":4,"status":0},{"playerId":2451990,"score":2150,"energy":19,"posx":16,"posy":4,"lastAction":5,"status":0},{"playerId":2234905,"score":1300,"energy":12,"posx":1,"posy":3,"lastAction":5,"status":0},{"playerId":2248990,"score":2350,"energy":12,"posx":16,"posy":4,"lastAction":5,"status":0}],"golds":[{"posx":17,"posy":1,"amount":200},{"posx":16,"posy":4,"amount":50},{"posx":17,"posy":4,"amount":650}],"changedObstacles":[{"type":0,"posx":1,"posy":3,"value":-1}]},{"players":[{"playerId":2349571,"score":1100,"energy":30,"posx":11,"posy":4,"lastAction":1,"status":0},{"playerId":2451990,"score":2175,"energy":14,"posx":16,"posy":4,"lastAction":5,"status":0},{"playerId":2234905,"score":1300,"energy":11,"posx":2,"posy":3,"lastAction":1,"status":0},{"playerId":2248990,"score":2375,"energy":7,"posx":16,"posy":4,"lastAction":5,"status":0}],"golds":[{"posx":17,"posy":1,"amount":200},{"posx":17,"posy":4,"amount":650}],"changedObstacles":[{"type":0,"posx":16,"posy":4,"value":-1}]},{"players":[{"playerId":2349571,"score":1100,"energy":29,"posx":12,"posy":4,"lastAction":1,"status":0},{"playerId":2451990,"score":2175,"energy":10,"posx":17,"posy":4,"lastAction":1,"status":0},{"playerId":2234905,"score":1300,"energy":6,"posx":3,"posy":3,"lastAction":1,"status":0},{"playerId":2248990,"score":2375,"energy":19,"posx":16,"posy":4,"lastAction":4,"status":0}],"golds":[{"posx":17,"posy":1,"amount":200},{"posx":17,"posy":4,"amount":650}],"changedObstacles":[{"type":3,"posx":3,"posy":3,"value":-20}]},{"players":[{"playerId":2349571,"score":1100,"energy":9,"posx":13,"posy":4,"lastAction":1,"status":0},{"playerId":2451990,"score":2225,"energy":5,"posx":17,"posy":4,"lastAction":5,"status":0},{"playerId":2234905,"score":1300,"energy":5,"posx":4,"posy":3,"lastAction":1,"status":0},{"playerId":2248990,"score":2375,"energy":15,"posx":17,"posy":4,"lastAction":1,"status":0}],"golds":[{"posx":17,"posy":1,"amount":200},{"posx":17,"posy":4,"amount":600}],"changedObstacles":[{"type":3,"posx":13,"posy":4,"value":-40}]},{"players":[{"playerId":2349571,"score":1100,"energy":21,"posx":13,"posy":4,"lastAction":4,"status":0},{"playerId":2451990,"score":2225,"energy":17,"posx":17,"posy":4,"lastAction":4,"status":0},{"playerId":2234905,"score":1300,"energy":4,"posx":5,"posy":3,"lastAction":1,"status":0},{"playerId":2248990,"score":2425,"energy":10,"posx":17,"posy":4,"lastAction":5,"status":0}],"golds":[{"posx":17,"posy":1,"amount":200},{"posx":17,"posy":4,"amount":550}],"changedObstacles":[]},{"players":[{"playerId":2349571,"score":1100,"energy":1,"posx":14,"posy":4,"lastAction":1,"status":0},{"playerId":2451990,"score":2225,"energy":33,"posx":17,"posy":4,"lastAction":4,"status":0},{"playerId":2234905,"score":1300,"energy":16,"posx":5,"posy":3,"lastAction":4,"status":0},{"playerId":2248990,"score":2425,"energy":22,"posx":17,"posy":4,"lastAction":4,"status":0}],"golds":[{"posx":17,"posy":1,"amount":200},{"posx":17,"posy":4,"amount":550}],"changedObstacles":[{"type":3,"posx":14,"posy":4,"value":-40}]},{"players":[{"playerId":2349571,"score":1100,"energy":13,"posx":14,"posy":4,"lastAction":4,"status":0},{"playerId":2451990,"score":2275,"energy":28,"posx":17,"posy":4,"lastAction":5,"status":0},{"playerId":2234905,"score":1300,"energy":15,"posx":6,"posy":3,"lastAction":1,"status":0},{"playerId":2248990,"score":2475,"energy":17,"posx":17,"posy":4,"lastAction":5,"status":0}],"golds":[{"posx":17,"posy":1,"amount":200},{"posx":17,"posy":4,"amount":450}],"changedObstacles":[]},{"players":[{"playerId":2349571,"score":1100,"energy":29,"posx":14,"posy":4,"lastAction":4,"status":0},{"playerId":2451990,"score":2325,"energy":23,"posx":17,"posy":4,"lastAction":5,"status":0},{"playerId":2234905,"score":1300,"energy":5,"posx":6,"posy":2,"lastAction":2,"status":0},{"playerId":2248990,"score":2525,"energy":12,"posx":17,"posy":4,"lastAction":5,"status":0}],"golds":[{"posx":17,"posy":1,"amount":200},{"posx":17,"posy":4,"amount":350}],"changedObstacles":[{"type":0,"posx":6,"posy":2,"value":-1}]},{"players":[{"playerId":2349571,"score":1100,"energy":28,"posx":15,"posy":4,"lastAction":1,"status":0},{"playerId":2451990,"score":2375,"energy":18,"posx":17,"posy":4,"lastAction":5,"status":0},{"playerId":2234905,"score":1300,"energy":4,"posx":7,"posy":2,"lastAction":1,"status":0},{"playerId":2248990,"score":2575,"energy":7,"posx":17,"posy":4,"lastAction":5,"status":0}],"golds":[{"posx":17,"posy":1,"amount":200},{"posx":17,"posy":4,"amount":250}],"changedObstacles":[]},{"players":[{"playerId":2349571,"score":1100,"energy":27,"posx":16,"posy":4,"lastAction":1,"status":0},{"playerId":2451990,"score":2425,"energy":13,"posx":17,"posy":4,"lastAction":5,"status":0},{"playerId":2234905,"score":1300,"energy":3,"posx":8,"posy":2,"lastAction":1,"status":0},{"playerId":2248990,"score":2575,"energy":19,"posx":17,"posy":4,"lastAction":4,"status":0}],"golds":[{"posx":17,"posy":1,"amount":200},{"posx":17,"posy":4,"amount":200}],"changedObstacles":[]},{"players":[{"playerId":2349571,"score":1100,"energy":23,"posx":17,"posy":4,"lastAction":1,"status":0},{"playerId":2451990,"score":2475,"energy":8,"posx":17,"posy":4,"lastAction":5,"status":0},{"playerId":2234905,"score":1300,"energy":2,"posx":8,"posy":3,"lastAction":3,"status":0},{"playerId":2248990,"score":2625,"energy":14,"posx":17,"posy":4,"lastAction":5,"status":0}],"golds":[{"posx":17,"posy":1,"amount":200},{"posx":17,"posy":4,"amount":100}],"changedObstacles":[]},{"players":[{"playerId":2349571,"score":1134,"energy":18,"posx":17,"posy":4,"lastAction":5,"status":0},{"playerId":2451990,"score":2509,"energy":3,"posx":17,"posy":4,"lastAction":5,"status":0},{"playerId":2234905,"score":1300,"energy":1,"posx":8,"posy":4,"lastAction":3,"status":0},{"playerId":2248990,"score":2659,"energy":9,"posx":17,"posy":4,"lastAction":5,"status":0}],"golds":[{"posx":17,"posy":1,"amount":200}],"changedObstacles":[{"type":0,"posx":17,"posy":4,"value":-1}]},{"players":[{"playerId":2349571,"score":1134,"energy":30,"posx":17,"posy":4,"lastAction":4,"status":0},{"playerId":2451990,"score":2509,"energy":15,"posx":17,"posy":4,"lastAction":4,"status":0},{"playerId":2234905,"score":1300,"energy":13,"posx":8,"posy":4,"lastAction":4,"status":0},{"playerId":2248990,"score":2659,"energy":21,"posx":17,"posy":4,"lastAction":4,"status":0}],"golds":[{"posx":17,"posy":1,"amount":200}],"changedObstacles":[]},{"players":[{"playerId":2349571,"score":1134,"energy":23,"posx":17,"posy":3,"lastAction":2,"status":0},{"playerId":2451990,"score":2509,"energy":31,"posx":17,"posy":4,"lastAction":4,"status":0},{"playerId":2234905,"score":1300,"energy":12,"posx":8,"posy":5,"lastAction":3,"status":0},{"playerId":2248990,"score":2659,"energy":37,"posx":17,"posy":4,"lastAction":4,"status":0}],"golds":[{"posx":17,"posy":1,"amount":200}],"changedObstacles":[]},{"players":[{"playerId":2349571,"score":1134,"energy":14,"posx":17,"posy":2,"lastAction":2,"status":0},{"playerId":2451990,"score":2509,"energy":13,"posx":17,"posy":3,"lastAction":2,"status":0},{"playerId":2234905,"score":1300,"energy":11,"posx":8,"posy":6,"lastAction":3,"status":0},{"playerId":2248990,"score":2659,"energy":18,"posx":17,"posy":3,"lastAction":2,"status":0}],"golds":[{"posx":17,"posy":1,"amount":200}],"changedObstacles":[]},{"players":[{"playerId":2349571,"score":1134,"energy":26,"posx":17,"posy":2,"lastAction":4,"status":0},{"playerId":2451990,"score":2509,"energy":25,"posx":17,"posy":3,"lastAction":4,"status":0},{"playerId":2234905,"score":1300,"energy":6,"posx":7,"posy":6,"lastAction":0,"status":0},{"playerId":2248990,"score":2659,"energy":30,"posx":17,"posy":3,"lastAction":4,"status":0}],"golds":[{"posx":17,"posy":1,"amount":200}],"changedObstacles":[{"type":3,"posx":7,"posy":6,"value":-20}]}]