[{"players":[{"playerId":2349571,"score":0,"energy":46},{"playerId":2450708,"score":0,"energy":46},{"playerId":2451990,"score":0,"energy":46},{"playerId":2233933,"score":0,"energy":46}],"golds":[{"posx":8,"posy":4,"amount":50},{"posx":16,"posy":4,"amount":250},{"posx":7,"posy":4,"amount":750},{"posx":17,"posy":4,"amount":650},{"posx":4,"posy":4,"amount":450},{"posx":12,"posy":4,"amount":50},{"posx":9,"posy":1,"amount":600},{"posx":14,"posy":3,"amount":700},{"posx":12,"posy":2,"amount":600},{"posx":0,"posy":0,"amount":50},{"posx":6,"posy":7,"amount":150},{"posx":1,"posy":3,"amount":550},{"posx":3,"posy":1,"amount":400},{"posx":5,"posy":8,"amount":600},{"posx":3,"posy":5,"amount":600},{"posx":8,"posy":7,"amount":100},{"posx":5,"posy":3,"amount":700},{"posx":17,"posy":1,"amount":200},{"posx":15,"posy":2,"amount":300},{"posx":12,"posy":6,"amount":50}],"changedObstacles":[]},{"players":[{"playerId":2349571,"score":50,"energy":41},{"playerId":2450708,"score":50,"energy":41},{"playerId":2451990,"score":50,"energy":41},{"playerId":2233933,"score":50,"energy":41}],"golds":[{"posx":0,"posy":0,"amount":50},{"posx":3,"posy":1,"amount":400},{"posx":9,"posy":1,"amount":600},{"posx":17,"posy":1,"amount":200},{"posx":12,"posy":2,"amount":600},{"posx":15,"posy":2,"amount":300},{"posx":1,"posy":3,"amount":550},{"posx":5,"posy":3,"amount":650},{"posx":14,"posy":3,"amount":700},{"posx":4,"posy":4,"amount":300},{"posx":7,"posy":4,"amount":750},{"posx":8,"posy":4,"amount":50},{"posx":12,"posy":4,"amount":50},{"posx":16,"posy":4,"amount":250},{"posx":17,"posy":4,"amount":650},{"posx":3,"posy":5,"amount":600},{"posx":12,"posy":6,"amount":50},{"posx":6,"posy":7,"amount":150},{"posx":8,"posy":7,"amount":100},{"posx":5,"posy":8,"amount":600}],"changedObstacles":[]},{"players":[{"playerId":2349571,"score":100,"energy":36},{"playerId":2450708,"score":100,"energy":36},{"playerId":2451990,"score":100,"energy":36},{"playerId":2233933,"score":100,"energy":36}],"golds":[{"posx":0,"posy":0,"amount":50},{"posx":3,"posy":1,"amount":400},{"posx":9,"posy":1,"amount":600},{"posx":17,"posy":1,"amount":200},{"posx":12,"posy":2,"amount":600},{"posx":15,"posy":2,"amount":300},{"posx":1,"posy":3,"amount":550},{"posx":5,"posy":3,"amount":600},{"posx":14,"posy":3,"amount":700},{"posx":4,"posy":4,"amount":150},{"posx":7,"posy":4,"amount":750},{"posx":8,"posy":4,"amount":50},{"posx":12,"posy":4,"amount":50},{"posx":16,"posy":4,"amount":250},{"posx":17,"posy":4,"amount":650},{"posx":3,"posy":5,"amount":600},{"posx":12,"posy":6,"amount":50},{"posx":6,"posy":7,"amount":150},{"posx":8,"posy":7,"amount":100},{"posx":5,"posy":8,"amount":600}],"changedObstacles":[]},{"players":[{"playerId":2349571,"score":150,"energy":31},{"playerId":2450708,"score":150,"energy":31},{"playerId":2451990,"score":150,"energy":31},{"playerId":2233933,"score":150,"energy":31}],"golds":[{"posx":0,"posy":0,"amount":50},{"posx":3,"posy":1,"amount":400},{"posx":9,"posy":1,"amount":600},{"posx":17,"posy":1,"amount":200},{"posx":12,"posy":2,"amount":600},{"posx":15,"posy":2,"amount":300},{"posx":1,"posy":3,"amount":550},{"posx":5,"posy":3,"amount":550},{"posx":14,"posy":3,"amount":700},{"posx":7,"posy":4,"amount":750},{"posx":8,"posy":4,"amount":50},{"posx":12,"posy":4,"amount":50},{"posx":16,"posy":4,"amount":250},{"posx":17,"posy":4,"amount":650},{"posx":3,"posy":5,"amount":600},{"posx":12,"posy":6,"amount":50},{"posx":6,"posy":7,"amount":150},{"posx":8,"posy":7,"amount":100},{"posx":5,"posy":8,"amount":600}],"changedObstacles":[{"type":0,"posx":4,"posy":4,"value":-1}]},{"players":[{"playerId":2349571,"score":150,"energy":26},{"playerId":2450708,"score":200,"energy":26},{"playerId":2451990,"score":150,"energy":26},{"playerId":2233933,"score":150,"energy":26}],"golds":[{"posx":0,"posy":0,"amount":50},{"posx":3,"posy":1,"amount":400},{"posx":9,"posy":1,"amount":600},{"posx":17,"posy":1,"amount":200},{"posx":12,"posy":2,"amount":600},{"posx":15,"posy":2,"amount":300},{"posx":1,"posy":3,"amount":550},{"posx":5,"posy":3,"amount":500},{"posx":14,"posy":3,"amount":700},{"posx":7,"posy":4,"amount":750},{"posx":8,"posy":4,"amount":50},{"posx":12,"posy":4,"amount":50},{"posx":16,"posy":4,"amount":250},{"posx":17,"posy":4,"amount":650},{"posx":3,"posy":5,"amount":600},{"posx":12,"posy":6,"amount":50},{"posx":6,"posy":7,"amount":150},{"posx":8,"posy":7,"amount":100},{"posx":5,"posy":8,"amount":600}],"changedObstacles":[{"type":3,"posx":5,"posy":4,"value":-20}]},{"players":[{"playerId":2349571,"score":150,"energy":25},{"playerId":2450708,"score":250,"energy":21},{"playerId":2451990,"score":150,"energy":16},{"playerId":2233933,"score":150,"energy":16}],"golds":[{"posx":0,"posy":0,"amount":50},{"posx":3,"posy":1,"amount":400},{"posx":9,"posy":1,"amount":600},{"posx":17,"posy":1,"amount":200},{"posx":12,"posy":2,"amount":600},{"posx":15,"posy":2,"amount":300},{"posx":1,"posy":3,"amount":550},{"posx":5,"posy":3,"amount":450},{"posx":14,"posy":3,"amount":700},{"posx":7,"posy":4,"amount":750},{"posx":8,"posy":4,"amount":50},{"posx":12,"posy":4,"amount":50},{"posx":16,"posy":4,"amount":250},{"posx":17,"posy":4,"amount":650},{"posx":3,"posy":5,"amount":600},{"posx":12,"posy":6,"amount":50},{"posx":6,"posy":7,"amount":150},{"posx":8,"posy":7,"amount":100},{"posx":5,"posy":8,"amount":600}],"changedObstacles":[{"type":0,"posx":6,"posy":4,"value":-1}]},{"players":[{"playerId":2349571,"score":150,"energy":7},{"playerId":2450708,"score":300,"energy":16},{"playerId":2451990,"score":150,"energy":12},{"playerId":2233933,"score":150,"energy":12}],"golds":[{"posx":0,"posy":0,"amount":50},{"posx":3,"posy":1,"amount":400},{"posx":9,"posy":1,"amount":600},{"posx":17,"posy":1,"amount":200},{"posx":12,"posy":2,"amount":600},{"posx":15,"posy":2,"amount":300},{"posx":1,"posy":3,"amount":550},{"posx":5,"posy":3,"amount":400},{"posx":14,"posy":3,"amount":700},{"posx":7,"posy":4,"amount":750},{"posx":8,"posy":4,"amount":50},{"posx":12,"posy":4,"amount":50},{"posx":16,"posy":4,"amount":250},{"posx":17,"posy":4,"amount":650},{"posx":3,"posy":5,"amount":600},{"posx":12,"posy":6,"amount":50},{"posx":6,"posy":7,"amount":150},{"posx":8,"posy":7,"amount":100},{"posx":5,"posy":8,"amount":600}],"changedObstacles":[]},{"players":[{"playerId":2349571,"score":150,"energy":19},{"playerId":2450708,"score":350,"energy":11},{"playerId":2451990,"score":200,"energy":7},{"playerId":2233933,"score":150,"energy":24}],"golds":[{"posx":0,"posy":0,"amount":50},{"posx":3,"posy":1,"amount":400},{"posx":9,"posy":1,"amount":600},{"posx":17,"posy":1,"amount":200},{"posx":12,"posy":2,"amount":600},{"posx":15,"posy":2,"amount":300},{"posx":1,"posy":3,"amount":550},{"posx":5,"posy":3,"amount":350},{"posx":14,"posy":3,"amount":700},{"posx":7,"posy":4,"amount":700},{"posx":8,"posy":4,"amount":50},{"posx":12,"posy":4,"amount":50},{"posx":16,"posy":4,"amount":250},{"posx":17,"posy":4,"amount":650},{"posx":3,"posy":5,"amount":600},{"posx":12,"posy":6,"amount":50},{"posx":6,"posy":7,"amount":150},{"posx":8,"posy":7,"amount":100},{"posx":5,"posy":8,"amount":600}],"changedObstacles":[]},{"players":[{"playerId":2349571,"score":150,"energy":35},{"playerId":2450708,"score":400,"energy":6},{"playerId":2451990,"score":250,"energy":2},{"playerId":2233933,"score":150,"energy":40}],"golds":[{"posx":0,"posy":0,"amount":50},{"posx":3,"posy":1,"amount":400},{"posx":9,"posy":1,"amount":600},{"posx":17,"posy":1,"amount":200},{"posx":12,"posy":2,"amount":600},{"posx":15,"posy":2,"amount":300},{"posx":1,"posy":3,"amount":550},{"posx":5,"posy":3,"amount":300},{"posx":14,"posy":3,"amount":700},{"posx":7,"posy":4,"amount":650},{"posx":8,"posy":4,"amount":50},{"posx":12,"posy":4,"amount":50},{"posx":16,"posy":4,"amount":250},{"posx":17,"posy":4,"amount":650},{"posx":3,"posy":5,"amount":600},{"posx":12,"posy":6,"amount":50},{"posx":6,"posy":7,"amount":150},{"posx":8,"posy":7,"amount":100},{"posx":5,"posy":8,"amount":600}],"changedObstacles":[]},{"players":[{"playerId":2349571,"score":150,"energy":18},{"playerId":2450708,"score":450,"energy":1},{"playerId":2451990,"score":250,"energy":14},{"playerId":2233933,"score":200,"energy":35}],"golds":[{"posx":0,"posy":0,"amount":50},{"posx":3,"posy":1,"amount":400},{"posx":9,"posy":1,"amount":600},{"posx":17,"posy":1,"amount":200},{"posx":12,"posy":2,"amount":600},{"posx":15,"posy":2,"amount":300},{"posx":1,"posy":3,"amount":550},{"posx":5,"posy":3,"amount":250},{"posx":14,"posy":3,"amount":700},{"posx":7,"posy":4,"amount":600},{"posx":8,"posy":4,"amount":50},{"posx":12,"posy":4,"amount":50},{"posx":16,"posy":4,"amount":250},{"posx":17,"posy":4,"amount":650},{"posx":3,"posy":5,"amount":600},{"posx":12,"posy":6,"amount":50},{"posx":6,"posy":7,"amount":150},{"posx":8,"posy":7,"amount":100},{"posx":5,"posy":8,"amount":600}],"changedObstacles":[]},{"players":[{"playerId":2349571,"score":150,"energy":30},{"playerId":2450708,"score":450,"energy":13},{"playerId":2451990,"score":250,"energy":30},{"playerId":2233933,"score":250,"energy":30}],"golds":[{"posx":0,"posy":0,"amount":50},{"posx":3,"posy":1,"amount":400},{"posx":9,"posy":1,"amount":600},{"posx":17,"posy":1,"amount":200},{"posx":12,"posy":2,"amount":600},{"posx":15,"posy":2,"amount":300},{"posx":1,"posy":3,"amount":550},{"posx":5,"posy":3,"amount":250},{"posx":14,"posy":3,"amount":700},{"posx":7,"posy":4,"amount":550},{"posx":8,"posy":4,"amount":50},{"posx":12,"posy":4,"amount":50},{"posx":16,"posy":4,"amount":250},{"posx":17,"posy":4,"amount":650},{"posx":3,"posy":5,"amount":600},{"posx":12,"posy":6,"amount":50},{"posx":6,"posy":7,"amount":150},{"posx":8,"posy":7,"amount":100},{"posx":5,"posy":8,"amount":600}],"changedObstacles":[]},{"players":[{"playerId":2349571,"score":150,"energy":29},{"playerId":2450708,"score":450,"energy":29},{"playerId":2451990,"score":250,"energy":50},{"playerId":2233933,"score":300,"energy":25}],"golds":[{"posx":0,"posy":0,"amount":50},{"posx":3,"posy":1,"amount":400},{"posx":9,"posy":1,"amount":600},{"posx":17,"posy":1,"amount":200},{"posx":12,"posy":2,"amount":600},{"posx":15,"posy":2,"amount":300},{"posx":1,"posy":3,"amount":550},{"posx":5,"posy":3,"amount":250},{"posx":14,"posy":3,"amount":700},{"posx":7,"posy":4,"amount":500},{"posx":8,"posy":4,"amount":50},{"posx":12,"posy":4,"amount":50},{"posx":16,"posy":4,"amount":250},{"posx":17,"posy":4,"amount":650},{"posx":3,"posy":5,"amount":600},{"posx":12,"posy":6,"amount":50},{"posx":6,"posy":7,"amount":150},{"posx":8,"posy":7,"amount":100},{"posx":5,"posy":8,"amount":600}],"changedObstacles":[]},{"players":[{"playerId":2349571,"score":150,"energy":28},{"playerId":2450708,"score":500,"energy":24},{"playerId":2451990,"score":300,"energy":45},{"playerId":2233933,"score":350,"energy":20}],"golds":[{"posx":0,"posy":0,"amount":50},{"posx":3,"posy":1,"amount":400},{"posx":9,"posy":1,"amount":600},{"posx":17,"posy":1,"amount":200},{"posx":12,"posy":2,"amount":600},{"posx":15,"posy":2,"amount":300},{"posx":1,"posy":3,"amount":550},{"posx":5,"posy":3,"amount":200},{"posx":14,"posy":3,"amount":700},{"posx":7,"posy":4,"amount":400},{"posx":8,"posy":4,"amount":50},{"posx":12,"posy":4,"amount":50},{"posx":16,"posy":4,"amount":250},{"posx":17,"posy":4,"amount":650},{"posx":3,"posy":5,"amount":600},{"posx":12,"posy":6,"amount":50},{"posx":6,"posy":7,"amount":150},{"posx":8,"posy":7,"amount":100},{"posx":5,"posy":8,"amount":600}],"changedObstacles":[]},{"players":[{"playerId":2349571,"score":150,"energy":23},{"playerId":2450708,"score":550,"energy":19},{"playerId":2451990,"score":350,"energy":40},{"playerId":2233933,"score":400,"energy":15}],"golds":[{"posx":0,"posy":0,"amount":50},{"posx":3,"posy":1,"amount":400},{"posx":9,"posy":1,"amount":600},{"posx":17,"posy":1,"amount":200},{"posx":12,"posy":2,"amount":600},{"posx":15,"posy":2,"amount":300},{"posx":1,"posy":3,"amount":550},{"posx":5,"posy":3,"amount":150},{"posx":14,"posy":3,"amount":700},{"posx":7,"posy":4,"amount":300},{"posx":8,"posy":4,"amount":50},{"posx":12,"posy":4,"amount":50},{"posx":16,"posy":4,"amount":250},{"posx":17,"posy":4,"amount":650},{"posx":3,"posy":5,"amount":600},{"posx":12,"posy":6,"amount":50},{"posx":6,"posy":7,"amount":150},{"posx":8,"posy":7,"amount":100},{"posx":5,"posy":8,"amount":600}],"changedObstacles":[{"type":3,"posx":9,"posy":6,"value":-20}]},{"players":[{"playerId":2349571,"score":150,"energy":22},{"playerId":2450708,"score":600,"energy":14},{"playerId":2451990,"score":400,"energy":35},{"playerId":2233933,"score":450,"energy":10}],"golds":[{"posx":0,"posy":0,"amount":50},{"posx":3,"posy":1,"amount":400},{"posx":9,"posy":1,"amount":600},{"posx":17,"posy":1,"amount":200},{"posx":12,"posy":2,"amount":600},{"posx":15,"posy":2,"amount":300},{"posx":1,"posy":3,"amount":550},{"posx":5,"posy":3,"amount":100},{"posx":14,"posy":3,"amount":700},{"posx":7,"posy":4,"amount":200},{"posx":8,"posy":4,"amount":50},{"posx":12,"posy":4,"amount":50},{"posx":16,"posy":4,"amount":250},{"posx":17,"posy":4,"amount":650},{"posx":3,"posy":5,"amount":600},{"posx":12,"posy":6,"amount":50},{"posx":6,"posy":7,"amount":150},{"posx":8,"posy":7,"amount":100},{"posx":5,"posy":8,"amount":600}],"changedObstacles":[]},{"players":[{"playerId":2349571,"score":150,"energy":8},{"playerId":2450708,"score":650,"energy":9},{"playerId":2451990,"score":450,"energy":30},{"playerId":2233933,"score":500,"energy":5}],"golds":[{"posx":0,"posy":0,"amount":50},{"posx":3,"posy":1,"amount":400},{"posx":9,"posy":1,"amount":600},{"posx":17,"posy":1,"amount":200},{"posx":12,"posy":2,"amount":600},{"posx":15,"posy":2,"amount":300},{"posx":1,"posy":3,"amount":550},{"posx":5,"posy":3,"amount":50},{"posx":14,"posy":3,"amount":700},{"posx":7,"posy":4,"amount":100},{"posx":8,"posy":4,"amount":50},{"posx":12,"posy":4,"amount":50},{"posx":16,"posy":4,"amount":250},{"posx":17,"posy":4,"amount":650},{"posx":3,"posy":5,"amount":600},{"posx":12,"posy":6,"amount":50},{"posx":6,"posy":7,"amount":150},{"posx":8,"posy":7,"amount":100},{"posx":5,"posy":8,"amount":600}],"changedObstacles":[]},{"players":[{"playerId":2349571,"score":150,"energy":20},{"playerId":2450708,"score":700,"energy":4},{"playerId":2451990,"score":500,"energy":25},{"playerId":2233933,"score":500,"energy":17}],"golds":[{"posx":0,"posy":0,"amount":50},{"posx":3,"posy":1,"amount":400},{"posx":9,"posy":1,"amount":600},{"posx":17,"posy":1,"amount":200},{"posx":12,"posy":2,"amount":600},{"posx":15,"posy":2,"amount":300},{"posx":1,"posy":3,"amount":550},{"posx":14,"posy":3,"amount":700},{"posx":7,"posy":4,"amount":50},{"posx":8,"posy":4,"amount":50},{"posx":12,"posy":4,"amount":50},{"posx":16,"posy":4,"amount":250},{"posx":17,"posy":4,"amount":650},{"posx":3,"posy":5,"amount":600},{"posx":12,"posy":6,"amount":50},{"posx":6,"posy":7,"amount":150},{"posx":8,"posy":7,"amount":100},{"posx":5,"posy":8,"amount":600}],"changedObstacles":[{"type":0,"posx":5,"posy":3,"value":-1}]},{"players":[{"playerId":2349571,"score":150,"energy":16},{"playerId":2450708,"score":700,"energy":16},{"playerId":2451990,"score":525,"energy":20},{"playerId":2233933,"score":525,"energy":12}],"golds":[{"posx":0,"posy":0,"amount":50},{"posx":3,"posy":1,"amount":400},{"posx":9,"posy":1,"amount":600},{"posx":17,"posy":1,"amount":200},{"posx":12,"posy":2,"amount":600},{"posx":15,"posy":2,"amount":300},{"posx":1,"posy":3,"amount":550},{"posx":14,"posy":3,"amount":700},{"posx":8,"posy":4,"amount":50},{"posx":12,"posy":4,"amount":50},{"posx":16,"posy":4,"amount":250},{"posx":17,"posy":4,"amount":650},{"posx":3,"posy":5,"amount":600},{"posx":12,"posy":6,"amount":50},{"posx":6,"posy":7,"amount":150},{"posx":8,"posy":7,"amount":100},{"posx":5,"posy":8,"amount":600}],"changedObstacles":[{"type":0,"posx":7,"posy":4,"value":-1}]},{"players":[{"playerId":2349571,"score":150,"energy":28},{"playerId":2450708,"score":700,"energy":15},{"playerId":2451990,"score":525,"energy":32},{"playerId":2233933,"score":525,"energy":24}],"golds":[{"posx":0,"posy":0,"amount":50},{"posx":3,"posy":1,"amount":400},{"posx":9,"posy":1,"amount":600},{"posx":17,"posy":1,"amount":200},{"posx":12,"posy":2,"amount":600},{"posx":15,"posy":2,"amount":300},{"posx":1,"posy":3,"amount":550},{"posx":14,"posy":3,"amount":700},{"posx":8,"posy":4,"amount":50},{"posx":12,"posy":4,"amount":50},{"posx":16,"posy":4,"amount":250},{"posx":17,"posy":4,"amount":650},{"posx":3,"posy":5,"amount":600},{"posx":12,"posy":6,"amount":50},{"posx":6,"posy":7,"amount":150},{"posx":8,"posy":7,"amount":100},{"posx":5,"posy":8,"amount":600}],"changedObstacles":[]},{"players":[{"playerId":2349571,"score":200,"energy":23},{"playerId":2450708,"score":700,"energy":10},{"playerId":2451990,"score":525,"energy":48},{"playerId":2233933,"score":525,"energy":20}],"golds":[{"posx":0,"posy":0,"amount":50},{"posx":3,"posy":1,"amount":400},{"posx":9,"posy":1,"amount":600},{"posx":17,"posy":1,"amount":200},{"posx":12,"posy":2,"amount":600},{"posx":15,"posy":2,"amount":300},{"posx":1,"posy":3,"amount":550},{"posx":14,"posy":3,"amount":700},{"posx":8,"posy":4,"amount":50},{"posx":12,"posy":4,"amount":50},{"posx":16,"posy":4,"amount":250},{"posx":17,"posy":4,"amount":650},{"posx":3,"posy":5,"amount":600},{"posx":6,"posy":7,"amount":150},{"posx":8,"posy":7,"amount":100},{"posx":5,"posy":8,"amount":600}],"changedObstacles":[{"type":3,"posx":4,"posy":2,"value":-20},{"type":0,"posx":12,"posy":6,"value":-1}]},{"players":[{"playerId":2349571,"score":200,"energy":5},{"playerId":2450708,"score":700,"energy":9},{"playerId":2451990,"score":525,"energy":28},{"playerId":2233933,"score":575,"energy":15}],"golds":[{"posx":0,"posy":0,"amount":50},{"posx":3,"posy":1,"amount":400},{"posx":9,"posy":1,"amount":600},{"posx":17,"posy":1,"amount":200},{"posx":12,"posy":2,"amount":600},{"posx":15,"posy":2,"amount":300},{"posx":1,"posy":3,"amount":550},{"posx":14,"posy":3,"amount":700},{"posx":12,"posy":4,"amount":50},{"posx":16,"posy":4,"amount":250},{"posx":17,"posy":4,"amount":650},{"posx":3,"posy":5,"amount":600},{"posx":6,"posy":7,"amount":150},{"posx":8,"posy":7,"amount":100},{"posx":5,"posy":8,"amount":600}],"changedObstacles":[{"type":0,"posx":8,"posy":4,"value":-1}]},{"players":[{"playerId":2349571,"score":200,"energy":17},{"playerId":2450708,"score":700,"energy":5},{"playerId":2451990,"score":525,"energy":27},{"playerId":2233933,"score":575,"energy":14}],"golds":[{"posx":0,"posy":0,"amount":50},{"posx":3,"posy":1,"amount":400},{"posx":9,"posy":1,"amount":600},{"posx":17,"posy":1,"amount":200},{"posx":12,"posy":2,"amount":600},{"posx":15,"posy":2,"amount":300},{"posx":1,"posy":3,"amount":550},{"posx":14,"posy":3,"amount":700},{"posx":12,"posy":4,"amount":50},{"posx":16,"posy":4,"amount":250},{"posx":17,"posy":4,"amount":650},{"posx":3,"posy":5,"amount":600},{"posx":6,"posy":7,"amount":150},{"posx":8,"posy":7,"amount":100},{"posx":5,"posy":8,"amount":600}],"changedObstacles":[]},{"players":[{"playerId":2349571,"score":200,"energy":33},{"playerId":2450708,"score":700,"energy":17},{"playerId":2451990,"score":525,"energy":10},{"playerId":2233933,"score":575,"energy":13}],"golds":[{"posx":0,"posy":0,"amount":50},{"posx":3,"posy":1,"amount":400},{"posx":9,"posy":1,"amount":600},{"posx":17,"posy":1,"amount":200},{"posx":12,"posy":2,"amount":600},{"posx":15,"posy":2,"amount":300},{"posx":1,"posy":3,"amount":550},{"posx":14,"posy":3,"amount":700},{"posx":12,"posy":4,"amount":50},{"posx":16,"posy":4,"amount":250},{"posx":17,"posy":4,"amount":650},{"posx":3,"posy":5,"amount":600},{"posx":6,"posy":7,"amount":150},{"posx":8,"posy":7,"amount":100},{"posx":5,"posy":8,"amount":600}],"changedObstacles":[]},{"players":[{"playerId":2349571,"score":200,"energy":23},{"playerId":2450708,"score":700,"energy":33},{"playerId":2451990,"score":525,"energy":9},{"playerId":2233933,"score":575,"energy":12}],"golds":[{"posx":0,"posy":0,"amount":50},{"posx":3,"posy":1,"amount":400},{"posx":9,"posy":1,"amount":600},{"posx":17,"posy":1,"amount":200},{"posx":12,"posy":2,"amount":600},{"posx":15,"posy":2,"amount":300},{"posx":1,"posy":3,"amount":550},{"posx":14,"posy":3,"amount":700},{"posx":12,"posy":4,"amount":50},{"posx":16,"posy":4,"amount":250},{"posx":17,"posy":4,"amount":650},{"posx":3,"posy":5,"amount":600},{"posx":6,"posy":7,"amount":150},{"posx":8,"posy":7,"amount":100},{"posx":5,"posy":8,"amount":600}],"changedObstacles":[{"type":0,"posx":12,"posy":8,"value":-1}]},{"players":[{"playerId":2349571,"score":200,"energy":22},{"playerId":2450708,"score":750,"energy":28},{"playerId":2451990,"score":525,"energy":5},{"playerId":2233933,"score":575,"energy":8}],"golds":[{"posx":0,"posy":0,"amount":50},{"posx":3,"posy":1,"amount":350},{"posx":9,"posy":1,"amount":600},{"posx":17,"posy":1,"amount":200},{"posx":12,"posy":2,"amount":600},{"posx":15,"posy":2,"amount":300},{"posx":1,"posy":3,"amount":550},{"posx":14,"posy":3,"amount":700},{"posx":12,"posy":4,"amount":50},{"posx":16,"posy":4,"amount":250},{"posx":17,"posy":4,"amount":650},{"posx":3,"posy":5,"amount":600},{"posx":6,"posy":7,"amount":150},{"posx":8,"posy":7,"amount":100},{"posx":5,"posy":8,"amount":600}],"changedObstacles":[]},{"players":[{"playerId":2349571,"score":200,"energy":17},{"playerId":2450708,"score":800,"energy":23},{"playerId":2451990,"score":525,"energy":17},{"playerId":2233933,"score":575,"energy":20}],"golds":[{"posx":0,"posy":0,"amount":50},{"posx":3,"posy":1,"amount":300},{"posx":9,"posy":1,"amount":600},{"posx":17,"posy":1,"amount":200},{"posx":12,"posy":2,"amount":600},{"posx":15,"posy":2,"amount":300},{"posx":1,"posy":3,"amount":550},{"posx":14,"posy":3,"amount":700},{"posx":12,"posy":4,"amount":50},{"posx":16,"posy":4,"amount":250},{"posx":17,"posy":4,"amount":650},{"posx":3,"posy":5,"amount":600},{"posx":6,"posy":7,"amount":150},{"posx":8,"posy":7,"amount":100},{"posx":5,"posy":8,"amount":600}],"changedObstacles":[{"type":3,"posx":10,"posy":8,"value":-20}]},{"players":[{"playerId":2349571,"score":200,"energy":29},{"playerId":2450708,"score":850,"energy":18},{"playerId":2451990,"score":525,"energy":33},{"playerId":2233933,"score":575,"energy":36}],"golds":[{"posx":0,"posy":0,"amount":50},{"posx":3,"posy":1,"amount":250},{"posx":9,"posy":1,"amount":600},{"posx":17,"posy":1,"amount":200},{"posx":12,"posy":2,"amount":600},{"posx":15,"posy":2,"amount":300},{"posx":1,"posy":3,"amount":550},{"posx":14,"posy":3,"amount":700},{"posx":12,"posy":4,"amount":50},{"posx":16,"posy":4,"amount":250},{"posx":17,"posy":4,"amount":650},{"posx":3,"posy":5,"amount":600},{"posx":6,"posy":7,"amount":150},{"posx":8,"posy":7,"amount":100},{"posx":5,"posy":8,"amount":600}],"changedObstacles":[]},{"players":[{"playerId":2349571,"score":200,"energy":28},{"playerId":2450708,"score":900,"energy":13},{"playerId":2451990,"score":525,"energy":50},{"playerId":2233933,"score":625,"energy":31}],"golds":[{"posx":0,"posy":0,"amount":50},{"posx":3,"posy":1,"amount":200},{"posx":9,"posy":1,"amount":550},{"posx":17,"posy":1,"amount":200},{"posx":12,"posy":2,"amount":600},{"posx":15,"posy":2,"amount":300},{"posx":1,"posy":3,"amount":550},{"posx":14,"posy":3,"amount":700},{"posx":12,"posy":4,"amount":50},{"posx":16,"posy":4,"amount":250},{"posx":17,"posy":4,"amount":650},{"posx":3,"posy":5,"amount":600},{"posx":6,"posy":7,"amount":150},{"posx":8,"posy":7,"amount":100},{"posx":5,"posy":8,"amount":600}],"changedObstacles":[]},{"players":[{"playerId":2349571,"score":200,"energy":27},{"playerId":2450708,"score":950,"energy":8},{"playerId":2451990,"score":575,"energy":45},{"playerId":2233933,"score":675,"energy":26}],"golds":[{"posx":0,"posy":0,"amount":50},{"posx":3,"posy":1,"amount":150},{"posx":9,"posy":1,"amount":450},{"posx":17,"posy":1,"amount":200},{"posx":12,"posy":2,"amount":600},{"posx":15,"posy":2,"amount":300},{"posx":1,"posy":3,"amount":550},{"posx":14,"posy":3,"amount":700},{"posx":12,"posy":4,"amount":50},{"posx":16,"posy":4,"amount":250},{"posx":17,"posy":4,"amount":650},{"posx":3,"posy":5,"amount":600},{"posx":6,"posy":7,"amount":150},{"posx":8,"posy":7,"amount":100},{"posx":5,"posy":8,"amount":600}],"changedObstacles":[]},{"players":[{"playerId":2349571,"score":200,"energy":17},{"playerId":2450708,"score":1000,"energy":3},{"playerId":2451990,"score":625,"energy":40},{"playerId":2233933,"score":725,"energy":21}],"golds":[{"posx":0,"posy":0,"amount":50},{"posx":3,"posy":1,"amount":100},{"posx":9,"posy":1,"amount":350},{"posx":17,"posy":1,"amount":200},{"posx":12,"posy":2,"amount":600},{"posx":15,"posy":2,"amount":300},{"posx":1,"posy":3,"amount":550},{"posx":14,"posy":3,"amount":700},{"posx":12,"posy":4,"amount":50},{"posx":16,"posy":4,"amount":250},{"posx":17,"posy":4,"amount":650},{"posx":3,"posy":5,"amount":600},{"posx":6,"posy":7,"amount":150},{"posx":8,"posy":7,"amount":100},{"posx":5,"posy":8,"amount":600}],"changedObstacles":[{"type":0,"posx":7,"posy":8,"value":-1}]},{"players":[{"playerId":2349571,"score":200,"energy":29},{"playerId":2450708,"score":1000,"energy":15},{"playerId":2451990,"score":675,"energy":35},{"playerId":2233933,"score":775,"energy":16}],"golds":[{"posx":0,"posy":0,"amount":50},{"posx":3,"posy":1,"amount":100},{"posx":9,"posy":1,"amount":250},{"posx":17,"posy":1,"amount":200},{"posx":12,"posy":2,"amount":600},{"posx":15,"posy":2,"amount":300},{"posx":1,"posy":3,"amount":550},{"posx":14,"posy":3,"amount":700},{"posx":12,"posy":4,"amount":50},{"posx":16,"posy":4,"amount":250},{"posx":17,"posy":4,"amount":650},{"posx":3,"posy":5,"amount":600},{"posx":6,"posy":7,"amount":150},{"posx":8,"posy":7,"amount":100},{"posx":5,"posy":8,"amount":600}],"changedObstacles":[]},{"players":[{"playerId":2349571,"score":200,"energy":28},{"playerId":2450708,"score":1050,"energy":10},{"playerId":2451990,"score":725,"energy":30},{"playerId":2233933,"score":825,"energy":11}],"golds":[{"posx":0,"posy":0,"amount":50},{"posx":3,"posy":1,"amount":50},{"posx":9,"posy":1,"amount":150},{"posx":17,"posy":1,"amount":200},{"posx":12,"posy":2,"amount":600},{"posx":15,"posy":2,"amount":300},{"posx":1,"posy":3,"amount":550},{"posx":14,"posy":3,"amount":700},{"posx":12,"posy":4,"amount":50},{"posx":16,"posy":4,"amount":250},{"posx":17,"posy":4,"amount":650},{"posx":3,"posy":5,"amount":600},{"posx":6,"posy":7,"amount":150},{"posx":8,"posy":7,"amount":100},{"posx":5,"posy":8,"amount":600}],"changedObstacles":[]},{"players":[{"playerId":2349571,"score":200,"energy":24},{"playerId":2450708,"score":1100,"energy":5},{"playerId":2451990,"score":775,"energy":25},{"playerId":2233933,"score":875,"energy":6}],"golds":[{"posx":0,"posy":0,"amount":50},{"posx":9,"posy":1,"amount":50},{"posx":17,"posy":1,"amount":200},{"posx":12,"posy":2,"amount":600},{"posx":15,"posy":2,"amount":300},{"posx":1,"posy":3,"amount":550},{"posx":14,"posy":3,"amount":700},{"posx":12,"posy":4,"amount":50},{"posx":16,"posy":4,"amount":250},{"posx":17,"posy":4,"amount":650},{"posx":3,"posy":5,"amount":600},{"posx":6,"posy":7,"amount":150},{"posx":8,"posy":7,"amount":100},{"posx":5,"posy":8,"amount":600}],"changedObstacles":[{"type":0,"posx":3,"posy":1,"value":-1}]},{"players":[{"playerId":2349571,"score":250,"energy":19},{"playerId":2450708,"score":1100,"energy":4},{"playerId":2451990,"score":800,"energy":20},{"playerId":2233933,"score":900,"energy":1}],"golds":[{"posx":0,"posy":0,"amount":50},{"posx":17,"posy":1,"amount":200},{"posx":12,"posy":2,"amount":600},{"posx":15,"posy":2,"amount":300},{"posx":1,"posy":3,"amount":550},{"posx":14,"posy":3,"amount":700},{"posx":12,"posy":4,"amount":50},{"posx":16,"posy":4,"amount":250},{"posx":17,"posy":4,"amount":650},{"posx":3,"posy":5,"amount":600},{"posx":6,"posy":7,"amount":150},{"posx":8,"posy":7,"amount":100},{"posx":5,"posy":8,"amount":550}],"changedObstacles":[{"type":0,"posx":9,"posy":1,"value":-1}]},{"players":[{"playerId":2349571,"score":250,"energy":31},{"playerId":2450708,"score":1100,"energy":16},{"playerId":2451990,"score":800,"energy":32},{"playerId":2233933,"score":900,"energy":13}],"golds":[{"posx":0,"posy":0,"amount":50},{"posx":17,"posy":1,"amount":200},{"posx":12,"posy":2,"amount":600},{"posx":15,"posy":2,"amount":300},{"posx":1,"posy":3,"amount":550},{"posx":14,"posy":3,"amount":700},{"posx":12,"posy":4,"amount":50},{"posx":16,"posy":4,"amount":250},{"posx":17,"posy":4,"amount":650},{"posx":3,"posy":5,"amount":600},{"posx":6,"posy":7,"amount":150},{"posx":8,"posy":7,"amount":100},{"posx":5,"posy":8,"amount":550}],"changedObstacles":[]},{"players":[{"playerId":2349571,"score":300,"energy":26},{"playerId":2450708,"score":1100,"energy":15},{"playerId":2451990,"score":800,"energy":48},{"playerId":2233933,"score":900,"energy":29}],"golds":[{"posx":0,"posy":0,"amount":50},{"posx":17,"posy":1,"amount":200},{"posx":12,"posy":2,"amount":600},{"posx":15,"posy":2,"amount":300},{"posx":1,"posy":3,"amount":550},{"posx":14,"posy":3,"amount":700},{"posx":12,"posy":4,"amount":50},{"posx":16,"posy":4,"amount":250},{"posx":17,"posy":4,"amount":650},{"posx":3,"posy":5,"amount":600},{"posx":6,"posy":7,"amount":150},{"posx":8,"posy":7,"amount":100},{"posx":5,"posy":8,"amount":500}],"changedObstacles":[]},{"players":[{"playerId":2349571,"score":350,"energy":21},{"playerId":2450708,"score":1100,"energy":14},{"playerId":2451990,"score":800,"energy":34},{"playerId":2233933,"score":900,"energy":12}],"golds":[{"posx":0,"posy":0,"amount":50},{"posx":17,"posy":1,"amount":200},{"posx":12,"posy":2,"amount":600},{"posx":15,"posy":2,"amount":300},{"posx":1,"posy":3,"amount":550},{"posx":14,"posy":3,"amount":700},{"posx":12,"posy":4,"amount":50},{"posx":16,"posy":4,"amount":250},{"posx":17,"posy":4,"amount":650},{"posx":3,"posy":5,"amount":600},{"posx":6,"posy":7,"amount":150},{"posx":8,"posy":7,"amount":100},{"posx":5,"posy":8,"amount":450}],"changedObstacles":[]},{"players":[{"playerId":2349571,"score":400,"energy":16},{"playerId":2450708,"score":1100,"energy":10},{"playerId":2451990,"score":800,"energy":33},{"playerId":2233933,"score":900,"energy":11}],"golds":[{"posx":0,"posy":0,"amount":50},{"posx":17,"posy":1,"amount":200},{"posx":12,"posy":2,"amount":600},{"posx":15,"posy":2,"amount":300},{"posx":1,"posy":3,"amount":550},{"posx":14,"posy":3,"amount":700},{"posx":12,"posy":4,"amount":50},{"posx":16,"posy":4,"amount":250},{"posx":17,"posy":4,"amount":650},{"posx":3,"posy":5,"amount":600},{"posx":6,"posy":7,"amount":150},{"posx":8,"posy":7,"amount":100},{"posx":5,"posy":8,"amount":400}],"changedObstacles":[]},{"players":[{"playerId":2349571,"score":400,"energy":28},{"playerId":2450708,"score":1150,"energy":5},{"playerId":2451990,"score":800,"energy":28},{"playerId":2233933,"score":900,"energy":6}],"golds":[{"posx":0,"posy":0,"amount":50},{"posx":17,"posy":1,"amount":200},{"posx":12,"posy":2,"amount":600},{"posx":15,"posy":2,"amount":300},{"posx":1,"posy":3,"amount":500},{"posx":14,"posy":3,"amount":700},{"posx":12,"posy":4,"amount":50},{"posx":16,"posy":4,"amount":250},{"posx":17,"posy":4,"amount":650},{"posx":3,"posy":5,"amount":600},{"posx":6,"posy":7,"amount":150},{"posx":8,"posy":7,"amount":100},{"posx":5,"posy":8,"amount":400}],"changedObstacles":[{"type":3,"posx":11,"posy":2,"value":-20}]},{"players":[{"playerId":2349571,"score":450,"energy":23},{"playerId":2450708,"score":1150,"energy":17},{"playerId":2451990,"score":800,"energy":24},{"playerId":2233933,"score":900,"energy":2}],"golds":[{"posx":0,"posy":0,"amount":50},{"posx":17,"posy":1,"amount":200},{"posx":12,"posy":2,"amount":600},{"posx":15,"posy":2,"amount":300},{"posx":1,"posy":3,"amount":500},{"posx":14,"posy":3,"amount":700},{"posx":12,"posy":4,"amount":50},{"posx":16,"posy":4,"amount":250},{"posx":17,"posy":4,"amount":650},{"posx":3,"posy":5,"amount":600},{"posx":6,"posy":7,"amount":150},{"posx":8,"posy":7,"amount":100},{"posx":5,"posy":8,"amount":350}],"changedObstacles":[]},{"players":[{"playerId":2349571,"score":500,"energy":18},{"playerId":2450708,"score":1150,"energy":33},{"playerId":2451990,"score":850,"energy":19},{"playerId":2233933,"score":900,"energy":14}],"golds":[{"posx":0,"posy":0,"amount":50},{"posx":17,"posy":1,"amount":200},{"posx":12,"posy":2,"amount":550},{"posx":15,"posy":2,"amount":300},{"posx":1,"posy":3,"amount":500},{"posx":14,"posy":3,"amount":700},{"posx":12,"posy":4,"amount":50},{"posx":16,"posy":4,"amount":250},{"posx":17,"posy":4,"amount":650},{"posx":3,"posy":5,"amount":600},{"posx":6,"posy":7,"amount":150},{"posx":8,"posy":7,"amount":100},{"posx":5,"posy":8,"amount":300}],"changedObstacles":[]},{"players":[{"playerId":2349571,"score":500,"energy":30},{"playerId":2450708,"score":1200,"energy":28},{"playerId":2451990,"score":900,"energy":14},{"playerId":2233933,"score":900,"energy":30}],"golds":[{"posx":0,"posy":0,"amount":50},{"posx":17,"posy":1,"amount":200},{"posx":12,"posy":2,"amount":500},{"posx":15,"posy":2,"amount":300},{"posx":1,"posy":3,"amount":450},{"posx":14,"posy":3,"amount":700},{"posx":12,"posy":4,"amount":50},{"posx":16,"posy":4,"amount":250},{"posx":17,"posy":4,"amount":650},{"posx":3,"posy":5,"amount":600},{"posx":6,"posy":7,"amount":150},{"posx":8,"posy":7,"amount":100},{"posx":5,"posy":8,"amount":300}],"changedObstacles":[]},{"players":[{"playerId":2349571,"score":550,"energy":25},{"playerId":2450708,"score":1250,"energy":23},{"playerId":2451990,"score":950,"energy":9},{"playerId":2233933,"score":950,"energy":25}],"golds":[{"posx":0,"posy":0,"amount":50},{"posx":17,"posy":1,"amount":200},{"posx":12,"posy":2,"amount":400},{"posx":15,"posy":2,"amount":300},{"posx":1,"posy":3,"amount":400},{"posx":14,"posy":3,"amount":700},{"posx":12,"posy":4,"amount":50},{"posx":16,"posy":4,"amount":250},{"posx":17,"posy":4,"amount":650},{"posx":3,"posy":5,"amount":600},{"posx":6,"posy":7,"amount":150},{"posx":8,"posy":7,"amount":100},{"posx":5,"posy":8,"amount":250}],"changedObstacles":[]},{"players":[{"playerId":2349571,"score":600,"energy":20},{"playerId":2450708,"score":1300,"energy":18},{"playerId":2451990,"score":1000,"energy":4},{"playerId":2233933,"score":1000,"energy":20}],"golds":[{"posx":0,"posy":0,"amount":50},{"posx":17,"posy":1,"amount":200},{"posx":12,"posy":2,"amount":300},{"posx":15,"posy":2,"amount":300},{"posx":1,"posy":3,"amount":350},{"posx":14,"posy":3,"amount":700},{"posx":12,"posy":4,"amount":50},{"posx":16,"posy":4,"amount":250},{"posx":17,"posy":4,"amount":650},{"posx":3,"posy":5,"amount":600},{"posx":6,"posy":7,"amount":150},{"posx":8,"posy":7,"amount":100},{"posx":5,"posy":8,"amount":200}],"changedObstacles":[]},{"players":[{"playerId":2349571,"score":650,"energy":15},{"playerId":2450708,"score":1350,"energy":13},{"playerId":2451990,"score":1000,"energy":16},{"playerId":2233933,"score":1050,"energy":15}],"golds":[{"posx":0,"posy":0,"amount":50},{"posx":17,"posy":1,"amount":200},{"posx":12,"posy":2,"amount":250},{"posx":15,"posy":2,"amount":300},{"posx":1,"posy":3,"amount":300},{"posx":14,"posy":3,"amount":700},{"posx":12,"posy":4,"amount":50},{"posx":16,"posy":4,"amount":250},{"posx":17,"posy":4,"amount":650},{"posx":3,"posy":5,"amount":600},{"posx":6,"posy":7,"amount":150},{"posx":8,"posy":7,"amount":100},{"posx":5,"posy":8,"amount":150}],"changedObstacles":[]},{"players":[{"playerId":2349571,"score":650,"energy":27},{"playerId":2450708,"score":1400,"energy":8},{"playerId":2451990,"score":1000,"energy":32},{"playerId":2233933,"score":1100,"energy":10}],"golds":[{"posx":0,"posy":0,"amount":50},{"posx":17,"posy":1,"amount":200},{"posx":12,"posy":2,"amount":200},{"posx":15,"posy":2,"amount":300},{"posx":1,"posy":3,"amount":250},{"posx":14,"posy":3,"amount":700},{"posx":12,"posy":4,"amount":50},{"posx":16,"posy":4,"amount":250},{"posx":17,"posy":4,"amount":650},{"posx":3,"posy":5,"amount":600},{"posx":6,"posy":7,"amount":150},{"posx":8,"posy":7,"amount":100},{"posx":5,"posy":8,"amount":150}],"changedObstacles":[]},{"players":[{"playerId":2349571,"score":700,"energy":22},{"playerId":2450708,"score":1450,"energy":3},{"playerId":2451990,"score":1000,"energy":50},{"playerId":2233933,"score":1150,"energy":5}],"golds":[{"posx":0,"posy":0,"amount":50},{"posx":17,"posy":1,"amount":200},{"posx":12,"posy":2,"amount":150},{"posx":15,"posy":2,"amount":300},{"posx":1,"posy":3,"amount":200},{"posx":14,"posy":3,"amount":700},{"posx":12,"posy":4,"amount":50},{"posx":16,"posy":4,"amount":250},{"posx":17,"posy":4,"amount":650},{"posx":3,"posy":5,"amount":600},{"posx":6,"posy":7,"amount":150},{"posx":8,"posy":7,"amount":100},{"posx":5,"posy":8,"amount":100}],"changedObstacles":[]},{"players":[{"playerId":2349571,"score":750,"energy":17},{"playerId":2450708,"score":1450,"energy":15},{"playerId":2451990,"score":1050,"energy":45},{"playerId":2233933,"score":1150,"energy":17}],"golds":[{"posx":0,"posy":0,"amount":50},{"posx":17,"posy":1,"amount":200},{"posx":12,"posy":2,"amount":100},{"posx":15,"posy":2,"amount":300},{"posx":1,"posy":3,"amount":200},{"posx":14,"posy":3,"amount":700},{"posx":12,"posy":4,"amount":50},{"posx":16,"posy":4,"amount":250},{"posx":17,"posy":4,"amount":650},{"posx":3,"posy":5,"amount":600},{"posx":6,"posy":7,"amount":150},{"posx":8,"posy":7,"amount":100},{"posx":5,"posy":8,"amount":50}],"changedObstacles":[]},{"players":[{"playerId":2349571,"score":750,"energy":29},{"playerId":2450708,"score":1450,"energy":31},{"playerId":2451990,"score":1100,"energy":40},{"playerId":2233933,"score":1200,"energy":12}],"golds":[{"posx":0,"posy":0,"amount":50},{"posx":17,"posy":1,"amount":200},{"posx":15,"posy":2,"amount":300},{"posx":1,"posy":3,"amount":200},{"posx":14,"posy":3,"amount":700},{"posx":12,"posy":4,"amount":50},{"posx":16,"posy":4,"amount":250},{"posx":17,"posy":4,"amount":650},{"posx":3,"posy":5,"amount":600},{"posx":6,"posy":7,"amount":150},{"posx":8,"posy":7,"amount":100},{"posx":5,"posy":8,"amount":50}],"changedObstacles":[{"type":0,"posx":12,"posy":2,"value":-1}]},{"players":[{"playerId":2349571,"score":800,"energy":24},{"playerId":2450708,"score":1500,"energy":26},{"playerId":2451990,"score":1100,"energy":39},{"playerId":2233933,"score":1200,"energy":11}],"golds":[{"posx":0,"posy":0,"amount":50},{"posx":17,"posy":1,"amount":200},{"posx":15,"posy":2,"amount":300},{"posx":1,"posy":3,"amount":150},{"posx":14,"posy":3,"amount":700},{"posx":12,"posy":4,"amount":50},{"posx":16,"posy":4,"amount":250},{"posx":17,"posy":4,"amount":650},{"posx":3,"posy":5,"amount":600},{"posx":6,"posy":7,"amount":150},{"posx":8,"posy":7,"amount":100}],"changedObstacles":[{"type":0,"posx":5,"posy":8,"value":-1}]},{"players":[{"playerId":2349571,"score":800,"energy":23},{"playerId":2450708,"score":1550,"energy":21},{"playerId":2451990,"score":1100,"energy":21},{"playerId":2233933,"score":1200,"energy":7}],"golds":[{"posx":0,"posy":0,"amount":50},{"posx":17,"posy":1,"amount":200},{"posx":15,"posy":2,"amount":300},{"posx":1,"posy":3,"amount":100},{"posx":14,"posy":3,"amount":700},{"posx":12,"posy":4,"amount":50},{"posx":16,"posy":4,"amount":250},{"posx":17,"posy":4,"amount":650},{"posx":3,"posy":5,"amount":600},{"posx":6,"posy":7,"amount":150},{"posx":8,"posy":7,"amount":100}],"changedObstacles":[]},{"players":[{"playerId":2349571,"score":800,"energy":19},{"playerId":2450708,"score":1600,"energy":16},{"playerId":2451990,"score":1100,"energy":17},{"playerId":2233933,"score":1250,"energy":2}],"golds":[{"posx":0,"posy":0,"amount":50},{"posx":17,"posy":1,"amount":200},{"posx":15,"posy":2,"amount":300},{"posx":1,"posy":3,"amount":50},{"posx":14,"posy":3,"amount":700},{"posx":16,"posy":4,"amount":250},{"posx":17,"posy":4,"amount":650},{"posx":3,"posy":5,"amount":600},{"posx":6,"posy":7,"amount":150},{"posx":8,"posy":7,"amount":100}],"changedObstacles":[{"type":0,"posx":12,"posy":4,"value":-1}]},{"players":[{"playerId":2349571,"score":800,"energy":31},{"playerId":2450708,"score":1650,"energy":11},{"playerId":2451990,"score":1150,"energy":12},{"playerId":2233933,"score":1250,"energy":14}],"golds":[{"posx":0,"posy":0,"amount":50},{"posx":17,"posy":1,"amount":200},{"posx":15,"posy":2,"amount":300},{"posx":14,"posy":3,"amount":650},{"posx":16,"posy":4,"amount":250},{"posx":17,"posy":4,"amount":650},{"posx":3,"posy":5,"amount":600},{"posx":6,"posy":7,"amount":150},{"posx":8,"posy":7,"amount":100}],"changedObstacles":[{"type":0,"posx":1,"posy":3,"value":-1}]},{"players":[{"playerId":2349571,"score":850,"energy":26},{"playerId":2450708,"score":1650,"energy":10},{"playerId":2451990,"score":1200,"energy":7},{"playerId":2233933,"score":1250,"energy":13}],"golds":[{"posx":0,"posy":0,"amount":50},{"posx":17,"posy":1,"amount":200},{"posx":15,"posy":2,"amount":300},{"posx":14,"posy":3,"amount":600},{"posx":16,"posy":4,"amount":250},{"posx":17,"posy":4,"amount":650},{"posx":3,"posy":5,"amount":600},{"posx":6,"posy":7,"amount":100},{"posx":8,"posy":7,"amount":100}],"changedObstacles":[]},{"players":[{"playerId":2349571,"score":900,"energy":21},{"playerId":2450708,"score":1650,"energy":9},{"playerId":2451990,"score":1250,"energy":2},{"playerId":2233933,"score":1250,"energy":25}],"golds":[{"posx":0,"posy":0,"amount":50},{"posx":17,"posy":1,"amount":200},{"posx":15,"posy":2,"amount":300},{"posx":14,"posy":3,"amount":550},{"posx":16,"posy":4,"amount":250},{"posx":17,"posy":4,"amount":650},{"posx":3,"posy":5,"amount":600},{"posx":6,"posy":7,"amount":50},{"posx":8,"posy":7,"amount":100}],"changedObstacles":[]},{"players":[{"playerId":2349571,"score":950,"energy":16},{"playerId":2450708,"score":1650,"energy":4},{"playerId":2451990,"score":1250,"energy":14},{"playerId":2233933,"score":1250,"energy":8}],"golds":[{"posx":0,"posy":0,"amount":50},{"posx":17,"posy":1,"amount":200},{"posx":15,"posy":2,"amount":300},{"posx":14,"posy":3,"amount":550},{"posx":16,"posy":4,"amount":250},{"posx":17,"posy":4,"amount":650},{"posx":3,"posy":5,"amount":600},{"posx":8,"posy":7,"amount":100}],"changedObstacles":[{"type":3,"posx":2,"posy":5,"value":-20},{"type":0,"posx":6,"posy":7,"value":-1}]},{"players":[{"playerId":2349571,"score":950,"energy":28},{"playerId":2450708,"score":1650,"energy":16},{"playerId":2451990,"score":1250,"energy":30},{"playerId":2233933,"score":1250,"energy":4}],"golds":[{"posx":0,"posy":0,"amount":50},{"posx":17,"posy":1,"amount":200},{"posx":15,"posy":2,"amount":300},{"posx":14,"posy":3,"amount":550},{"posx":16,"posy":4,"amount":250},{"posx":17,"posy":4,"amount":650},{"posx":3,"posy":5,"amount":600},{"posx":8,"posy":7,"amount":100}],"changedObstacles":[]},{"players":[{"playerId":2349571,"score":950,"energy":18},{"playerId":2450708,"score":1650,"energy":12},{"playerId":2451990,"score":1250,"energy":50},{"playerId":2233933,"score":1250,"energy":16}],"golds":[{"posx":0,"posy":0,"amount":50},{"posx":17,"posy":1,"amount":200},{"posx":15,"posy":2,"amount":300},{"posx":14,"posy":3,"amount":550},{"posx":16,"posy":4,"amount":250},{"posx":17,"posy":4,"amount":650},{"posx":3,"posy":5,"amount":600},{"posx":8,"posy":7,"amount":100}],"changedObstacles":[{"type":0,"posx":7,"posy":7,"value":-1}]},{"players":[{"playerId":2349571,"score":950,"energy":30},{"playerId":2450708,"score":1700,"energy":7},{"playerId":2451990,"score":1300,"energy":45},{"playerId":2233933,"score":1250,"energy":32}],"golds":[{"posx":0,"posy":0,"amount":50},{"posx":17,"posy":1,"amount":200},{"posx":15,"posy":2,"amount":300},{"posx":14,"posy":3,"amount":500},{"posx":16,"posy":4,"amount":250},{"posx":17,"posy":4,"amount":650},{"posx":3,"posy":5,"amount":550},{"posx":8,"posy":7,"amount":100}],"changedObstacles":[]},{"players":[{"playerId":2349571,"score":950,"energy":26},{"playerId":2450708,"score":1750,"energy":2},{"playerId":2451990,"score":1350,"energy":40},{"playerId":2233933,"score":1300,"energy":27}],"golds":[{"posx":0,"posy":0,"amount":50},{"posx":17,"posy":1,"amount":200},{"posx":15,"posy":2,"amount":300},{"posx":14,"posy":3,"amount":400},{"posx":16,"posy":4,"amount":250},{"posx":17,"posy":4,"amount":650},{"posx":3,"posy":5,"amount":500},{"posx":8,"posy":7,"amount":100}],"changedObstacles":[]},{"players":[{"playerId":2349571,"score":1000,"energy":21},{"playerId":2450708,"score":1750,"energy":14},{"playerId":2451990,"score":1400,"energy":35},{"playerId":2233933,"score":1350,"energy":22}],"golds":[{"posx":0,"posy":0,"amount":50},{"posx":17,"posy":1,"amount":200},{"posx":15,"posy":2,"amount":300},{"posx":14,"posy":3,"amount":300},{"posx":16,"posy":4,"amount":250},{"posx":17,"posy":4,"amount":650},{"posx":3,"posy":5,"amount":500},{"posx":8,"posy":7,"amount":50}],"changedObstacles":[]},{"players":[{"playerId":2349571,"score":1050,"energy":16},{"playerId":2450708,"score":1800,"energy":9},{"playerId":2451990,"score":1450,"energy":30},{"playerId":2233933,"score":1400,"energy":17}],"golds":[{"posx":0,"posy":0,"amount":50},{"posx":17,"posy":1,"amount":200},{"posx":15,"posy":2,"amount":300},{"posx":14,"posy":3,"amount":200},{"posx":16,"posy":4,"amount":250},{"posx":17,"posy":4,"amount":650},{"posx":3,"posy":5,"amount":450}],"changedObstacles":[{"type":0,"posx":8,"posy":7,"value":-1}]},{"players":[{"playerId":2349571,"score":1050,"energy":28},{"playerId":2450708,"score":1850,"energy":4},{"playerId":2451990,"score":1500,"energy":25},{"playerId":2233933,"score":1450,"energy":12}],"golds":[{"posx":0,"posy":0,"amount":50},{"posx":17,"posy":1,"amount":200},{"posx":15,"posy":2,"amount":300},{"posx":14,"posy":3,"amount":100},{"posx":16,"posy":4,"amount":250},{"posx":17,"posy":4,"amount":650},{"posx":3,"posy":5,"amount":400}],"changedObstacles":[]},{"players":[{"playerId":2349571,"score":1050,"energy":27},{"playerId":2450708,"score":1850,"energy":16},{"playerId":2451990,"score":1550,"energy":20},{"playerId":2233933,"score":1500,"energy":7}],"golds":[{"posx":0,"posy":0,"amount":50},{"posx":17,"posy":1,"amount":200},{"posx":15,"posy":2,"amount":300},{"posx":16,"posy":4,"amount":250},{"posx":17,"posy":4,"amount":650},{"posx":3,"posy":5,"amount":400}],"changedObstacles":[{"type":0,"posx":14,"posy":3,"value":-1}]},{"players":[{"playerId":2349571,"score":1050,"energy":26},{"playerId":2450708,"score":1900,"energy":11},{"playerId":2451990,"score":1550,"energy":10},{"playerId":2233933,"score":1500,"energy":19}],"golds":[{"posx":0,"posy":0,"amount":50},{"posx":17,"posy":1,"amount":200},{"posx":15,"posy":2,"amount":300},{"posx":16,"posy":4,"amount":250},{"posx":17,"posy":4,"amount":650},{"posx":3,"posy":5,"amount":350}],"changedObstacles":[{"type":0,"posx":14,"posy":2,"value":-1}]},{"players":[{"playerId":2349571,"score":1050,"energy":6},{"playerId":2450708,"score":1950,"energy":6},{"playerId":2451990,"score":1550,"energy":6},{"playerId":2233933,"score":1500,"energy":18}],"golds":[{"posx":0,"posy":0,"amount":50},{"posx":17,"posy":1,"amount":200},{"posx":15,"posy":2,"amount":300},{"posx":16,"posy":4,"amount":250},{"posx":17,"posy":4,"amount":650},{"posx":3,"posy":5,"amount":300}],"changedObstacles":[]},{"players":[{"playerId":2349571,"score":1050,"energy":18},{"playerId":2450708,"score":2000,"energy":1},{"playerId":2451990,"score":1600,"energy":1},{"playerId":2233933,"score":1500,"energy":14}],"golds":[{"posx":0,"posy":0,"amount":50},{"posx":17,"posy":1,"amount":200},{"posx":15,"posy":2,"amount":250},{"posx":16,"posy":4,"amount":250},{"posx":17,"posy":4,"amount":650},{"posx":3,"posy":5,"amount":250}],"changedObstacles":[]},{"players":[{"playerId":2349571,"score":1050,"energy":34},{"playerId":2450708,"score":2000,"energy":13},{"playerId":2451990,"score":1600,"energy":13},{"playerId":2233933,"score":1550,"energy":9}],"golds":[{"posx":0,"posy":0,"amount":50},{"posx":17,"posy":1,"amount":200},{"posx":15,"posy":2,"amount":200},{"posx":16,"posy":4,"amount":250},{"posx":17,"posy":4,"amount":650},{"posx":3,"posy":5,"amount":250}],"changedObstacles":[]},{"players":[{"playerId":2349571,"score":1050,"energy":25},{"playerId":2450708,"score":2050,"energy":8},{"playerId":2451990,"score":1600,"energy":29},{"playerId":2233933,"score":1550,"energy":21}],"golds":[{"posx":0,"posy":0,"amount":50},{"posx":17,"posy":1,"amount":200},{"posx":15,"posy":2,"amount":200},{"posx":16,"posy":4,"amount":250},{"posx":17,"posy":4,"amount":650},{"posx":3,"posy":5,"amount":200}],"changedObstacles":[]},{"players":[{"playerId":2349571,"score":1050,"energy":24},{"playerId":2450708,"score":2100,"energy":3},{"playerId":2451990,"score":1600,"energy":50},{"playerId":2233933,"score":1600,"energy":16}],"golds":[{"posx":0,"posy":0,"amount":50},{"posx":17,"posy":1,"amount":200},{"posx":15,"posy":2,"amount":150},{"posx":16,"posy":4,"amount":250},{"posx":17,"posy":4,"amount":650},{"posx":3,"posy":5,"amount":150}],"changedObstacles":[]},{"players":[{"playerId":2349571,"score":1050,"energy":14},{"playerId":2450708,"score":2100,"energy":15},{"playerId":2451990,"score":1650,"energy":45},{"playerId":2233933,"score":1650,"energy":11}],"golds":[{"posx":0,"posy":0,"amount":50},{"posx":17,"posy":1,"amount":200},{"posx":15,"posy":2,"amount":50},{"posx":16,"posy":4,"amount":250},{"posx":17,"posy":4,"amount":650},{"posx":3,"posy":5,"amount":150}],"changedObstacles":[{"type":0,"posx":4,"posy":5,"value":-1}]},{"players":[{"playerId":2349571,"score":1050,"energy":26},{"playerId":2450708,"score":2150,"energy":10},{"playerId":2451990,"score":1675,"energy":40},{"playerId":2233933,"score":1675,"energy":6}],"golds":[{"posx":0,"posy":0,"amount":50},{"posx":17,"posy":1,"amount":200},{"posx":16,"posy":4,"amount":250},{"posx":17,"posy":4,"amount":650},{"posx":3,"posy":5,"amount":100}],"changedObstacles":[{"type":0,"posx":15,"posy":2,"value":-1}]},{"players":[{"playerId":2349571,"score":1050,"energy":22},{"playerId":2450708,"score":2200,"energy":5},{"playerId":2451990,"score":1675,"energy":39},{"playerId":2233933,"score":1675,"energy":18}],"golds":[{"posx":0,"posy":0,"amount":50},{"posx":17,"posy":1,"amount":200},{"posx":16,"posy":4,"amount":250},{"posx":17,"posy":4,"amount":650},{"posx":3,"posy":5,"amount":50}],"changedObstacles":[]},{"players":[{"playerId":2349571,"score":1100,"energy":17},{"playerId":2450708,"score":2200,"energy":17},{"playerId":2451990,"score":1675,"energy":38},{"playerId":2233933,"score":1675,"energy":34}],"golds":[{"posx":0,"posy":0,"amount":50},{"posx":17,"posy":1,"amount":200},{"posx":16,"posy":4,"amount":250},{"posx":17,"posy":4,"amount":650}],"changedObstacles":[{"type":0,"posx":3,"posy":5,"value":-1}]},{"players":[{"playerId":2349571,"score":1100,"energy":29},{"playerId":2450708,"score":2200,"energy":16},{"playerId":2451990,"score":1675,"energy":34},{"playerId":2233933,"score":1675,"energy":33}],"golds":[{"posx":0,"posy":0,"amount":50},{"posx":17,"posy":1,"amount":200},{"posx":16,"posy":4,"amount":250},{"posx":17,"posy":4,"amount":650}],"changedObstacles":[]},{"players":[{"playerId":2349571,"score":1100,"energy":19},{"playerId":2450708,"score":2200,"energy":15},{"playerId":2451990,"score":1725,"energy":29},{"playerId":2233933,"score":1675,"energy":28}],"golds":[{"posx":0,"posy":0,"amount":50},{"posx":17,"posy":1,"amount":200},{"posx":16,"posy":4,"amount":200},{"posx":17,"posy":4,"amount":650}],"changedObstacles":[{"type":0,"posx":3,"posy":4,"value":-1},{"type":3,"posx":16,"posy":1,"value":-20}]},{"players":[{"playerId":2349571,"score":1100,"energy":31},{"playerId":2450708,"score":2200,"energy":27},{"playerId":2451990,"score":1775,"energy":24},{"playerId":2233933,"score":1675,"energy":24}],"golds":[{"posx":0,"posy":0,"amount":50},{"posx":17,"posy":1,"amount":200},{"posx":16,"posy":4,"amount":150},{"posx":17,"posy":4,"amount":650}],"changedObstacles":[]},{"players":[{"playerId":2349571,"score":1100,"energy":30},{"playerId":2450708,"score":2200,"energy":17},{"playerId":2451990,"score":1825,"energy":19},{"playerId":2233933,"score":1725,"energy":19}],"golds":[{"posx":0,"posy":0,"amount":50},{"posx":17,"posy":1,"amount":150},{"posx":16,"posy":4,"amount":100},{"posx":17,"posy":4,"amount":650}],"changedObstacles":[]},{"players":[{"playerId":2349571,"score":1100,"energy":10},{"playerId":2450708,"score":2200,"energy":16},{"playerId":2451990,"score":1875,"energy":14},{"playerId":2233933,"score":1775,"energy":14}],"golds":[{"posx":0,"posy":0,"amount":50},{"posx":17,"posy":1,"amount":100},{"posx":16,"posy":4,"amount":50},{"posx":17,"posy":4,"amount":650}],"changedObstacles":[{"type":3,"posx":5,"posy":4,"value":-40}]},{"players":[{"playerId":2349571,"score":1100,"energy":22},{"playerId":2450708,"score":2200,"energy":15},{"playerId":2451990,"score":1925,"energy":9},{"playerId":2233933,"score":1825,"energy":9}],"golds":[{"posx":0,"posy":0,"amount":50},{"posx":17,"posy":1,"amount":50},{"posx":17,"posy":4,"amount":650}],"changedObstacles":[{"type":0,"posx":16,"posy":4,"value":-1}]},{"players":[{"playerId":2349571,"score":1100,"energy":21},{"playerId":2450708,"score":2200,"energy":14},{"playerId":2451990,"score":1925,"energy":5},{"playerId":2233933,"score":1875,"energy":4}],"golds":[{"posx":0,"posy":0,"amount":50},{"posx":17,"posy":4,"amount":650}],"changedObstacles":[{"type":0,"posx":17,"posy":1,"value":-1}]},{"players":[{"playerId":2349571,"score":1100,"energy":20},{"playerId":2450708,"score":2200,"energy":13},{"playerId":2451990,"score":1925,"energy":17},{"playerId":2233933,"score":1875,"energy":16}],"golds":[{"posx":0,"posy":0,"amount":50},{"posx":17,"posy":4,"amount":650}],"changedObstacles":[]},{"players":[{"playerId":2349571,"score":1100,"energy":19},{"playerId":2450708,"score":2200,"energy":3},{"playerId":2451990,"score":1925,"energy":33},{"playerId":2233933,"score":1875,"energy":32}],"golds":[{"posx":0,"posy":0,"amount":50},{"posx":17,"posy":4,"amount":650}],"changedObstacles":[{"type":0,"posx":10,"posy":4,"value":-1}]},{"players":[{"playerId":2349571,"score":1100,"energy":31},{"playerId":2450708,"score":2200,"energy":15},{"playerId":2451990,"score":1925,"energy":50},{"playerId":2233933,"score":1875,"energy":31}],"golds":[{"posx":0,"posy":0,"amount":50},{"posx":17,"posy":4,"amount":650}],"changedObstacles":[]},{"players":[{"playerId":2349571,"score":1100,"energy":30},{"playerId":2450708,"score":2200,"energy":14},{"playerId":2451990,"score":1975,"energy":45},{"playerId":2233933,"score":1875,"energy":30}],"golds":[{"posx":0,"posy":0,"amount":50},{"posx":17,"posy":4,"amount":600}],"changedObstacles":[]},{"players":[{"playerId":2349571,"score":1100,"energy":29},{"playerId":2450708,"score":2200,"energy":13},{"playerId":2451990,"score":2025,"energy":40},{"playerId":2233933,"score":1875,"energy":25}],"golds":[{"posx":0,"posy":0,"amount":50},{"posx":17,"posy":4,"amount":550}],"changedObstacles":[{"type":3,"posx":18,"posy":3,"value":-20}]},{"players":[{"playerId":2349571,"score":1100,"energy":28},{"playerId":2450708,"score":2200,"energy":8},{"playerId":2451990,"score":2075,"energy":35},{"playerId":2233933,"score":1875,"energy":15}],"golds":[{"posx":0,"posy":0,"amount":50},{"posx":17,"posy":4,"amount":500}],"changedObstacles":[{"type":3,"posx":13,"posy":4,"value":-20}]},{"players":[{"playerId":2349571,"score":1100,"energy":27},{"playerId":2450708,"score":2200,"energy":3},{"playerId":2451990,"score":2125,"energy":30},{"playerId":2233933,"score":1875,"energy":11}],"golds":[{"posx":0,"posy":0,"amount":50},{"posx":17,"posy":4,"amount":450}],"changedObstacles":[{"type":3,"posx":14,"posy":4,"value":-20}]},{"players":[{"playerId":2349571,"score":1100,"energy":7},{"playerId":2450708,"score":2200,"energy":15},{"playerId":2451990,"score":2175,"energy":25},{"playerId":2233933,"score":1875,"energy":23}],"golds":[{"posx":0,"posy":0,"amount":50},{"posx":17,"posy":4,"amount":400}],"changedObstacles":[{"type":3,"posx":13,"posy":4,"value":-40}]},{"players":[{"playerId":2349571,"score":1100,"energy":19},{"playerId":2450708,"score":2200,"energy":14},{"playerId":2451990,"score":2225,"energy":20},{"playerId":2233933,"score":1925,"energy":18}],"golds":[{"posx":0,"posy":0,"amount":50},{"posx":17,"posy":4,"amount":300}],"changedObstacles":[]},{"players":[{"playerId":2349571,"score":1100,"energy":35},{"playerId":2450708,"score":2200,"energy":13},{"playerId":2451990,"score":2275,"energy":15},{"playerId":2233933,"score":1975,"energy":13}],"golds":[{"posx":0,"posy":0,"amount":50},{"posx":17,"posy":4,"amount":200}],"changedObstacles":[]},{"players":[{"playerId":2349571,"score":1100,"energy":15},{"playerId":2450708,"score":2200,"energy":9},{"playerId":2451990,"score":2325,"energy":10},{"playerId":2233933,"score":2025,"energy":8}],"golds":[{"posx":0,"posy":0,"amount":50},{"posx":17,"posy":4,"amount":100}],"changedObstacles":[{"type":3,"posx":14,"posy":4,"value":-40}]},{"players":[{"playerId":2349571,"score":1100,"energy":27},{"playerId":2450708,"score":2234,"energy":4},{"playerId":2451990,"score":2359,"energy":5},{"playerId":2233933,"score":2059,"energy":3}],"golds":[{"posx":0,"posy":0,"amount":50}],"changedObstacles":[{"type":0,"posx":17,"posy":4,"value":-1}]},{"players":[{"playerId":2349571,"score":1100,"energy":26},{"playerId":2450708,"score":2234,"energy":16},{"playerId":2451990,"score":2359,"energy":5},{"playerId":2233933,"score":2059,"energy":15}],"golds":[{"posx":0,"posy":0,"amount":50}],"changedObstacles":[]},{"players":[{"playerId":2349571,"score":1100,"energy":14},{"playerId":2450708,"score":2234,"energy":15},{"playerId":2451990,"score":2359,"energy":5},{"playerId":2233933,"score":2059,"energy":31}],"golds":[{"posx":0,"posy":0,"amount":50}],"changedObstacles":[]},{"players":[{"playerId":2349571,"score":1100,"energy":26},{"playerId":2450708,"score":2234,"energy":14},{"playerId":2451990,"score":2359,"energy":5},{"playerId":2233933,"score":2059,"energy":50}],"golds":[{"posx":0,"posy":0,"amount":50}],"changedObstacles":[]},{"players":[{"playerId":2349571,"score":1100,"energy":16},{"playerId":2450708,"score":2234,"energy":4},{"playerId":2451990,"score":2359,"energy":5},{"playerId":2233933,"score":2059,"energy":50}],"golds":[{"posx":0,"posy":0,"amount":50}],"changedObstacles":[{"type":0,"posx":15,"posy":5,"value":-1}]},{"players":[{"playerId":2349571,"score":1100,"energy":28},{"playerId":2450708,"score":2234,"energy":16},{"playerId":2451990,"score":2359,"energy":5},{"playerId":2233933,"score":2059,"energy":50}],"golds":[{"posx":0,"posy":0,"amount":50}],"changedObstacles":[]},{"players":[{"playerId":2349571,"score":1100,"energy":27},{"playerId":2450708,"score":2234,"energy":15},{"playerId":2451990,"score":2359,"energy":5},{"playerId":2233933,"score":2059,"energy":50}],"golds":[{"posx":0,"posy":0,"amount":50}],"changedObstacles":[]},{"players":[{"playerId":2349571,"score":1100,"energy":20},{"playerId":2450708,"score":2234,"energy":14},{"playerId":2451990,"score":2359,"energy":5},{"playerId":2233933,"score":2059,"energy":50}],"golds":[{"posx":0,"posy":0,"amount":50}],"changedObstacles":[]}]