[{"players":[{"playerId":157815,"score":0,"energy":46,"posx":5,"posy":3,"lastAction":1,"status":0},{"playerId":2483603,"score":0,"energy":46,"posx":4,"posy":4,"lastAction":3,"status":0},{"playerId":2534350,"score":0,"energy":46,"posx":5,"posy":3,"lastAction":1,"status":0},{"playerId":2287533,"score":0,"energy":46,"posx":5,"posy":3,"lastAction":1,"status":0}],"golds":[{"posx":8,"posy":4,"amount":50},{"posx":16,"posy":4,"amount":250},{"posx":7,"posy":4,"amount":750},{"posx":17,"posy":4,"amount":650},{"posx":4,"posy":4,"amount":450},{"posx":12,"posy":4,"amount":50},{"posx":9,"posy":1,"amount":600},{"posx":14,"posy":3,"amount":700},{"posx":12,"posy":2,"amount":600},{"posx":0,"posy":0,"amount":50},{"posx":6,"posy":7,"amount":150},{"posx":1,"posy":3,"amount":550},{"posx":3,"posy":1,"amount":400},{"posx":5,"posy":8,"amount":600},{"posx":3,"posy":5,"amount":600},{"posx":8,"posy":7,"amount":100},{"posx":5,"posy":3,"amount":700},{"posx":17,"posy":1,"amount":200},{"posx":15,"posy":2,"amount":300},{"posx":12,"posy":6,"amount":50}],"changedObstacles":[]},{"players":[{"playerId":157815,"score":50,"energy":41,"posx":5,"posy":3,"lastAction":5,"status":0},{"playerId":2483603,"score":50,"energy":41,"posx":4,"posy":4,"lastAction":5,"status":0},{"playerId":2534350,"score":50,"energy":41,"posx":5,"posy":3,"lastAction":5,"status":0},{"playerId":2287533,"score":50,"energy":41,"posx":5,"posy":3,"lastAction":5,"status":0}],"golds":[{"posx":0,"posy":0,"amount":50},{"posx":3,"posy":1,"amount":400},{"posx":9,"posy":1,"amount":600},{"posx":17,"posy":1,"amount":200},{"posx":12,"posy":2,"amount":600},{"posx":15,"posy":2,"amount":300},{"posx":1,"posy":3,"amount":550},{"posx":5,"posy":3,"amount":550},{"posx":14,"posy":3,"amount":700},{"posx":4,"posy":4,"amount":400},{"posx":7,"posy":4,"amount":750},{"posx":8,"posy":4,"amount":50},{"posx":12,"posy":4,"amount":50},{"posx":16,"posy":4,"amount":250},{"posx":17,"posy":4,"amount":650},{"posx":3,"posy":5,"amount":600},{"posx":12,"posy":6,"amount":50},{"posx":6,"posy":7,"amount":150},{"posx":8,"posy":7,"amount":100},{"posx":5,"posy":8,"amount":600}],"changedObstacles":[]},{"players":[{"playerId":157815,"score":100,"energy":36,"posx":5,"posy":3,"lastAction":5,"status":0},{"playerId":2483603,"score":100,"energy":36,"posx":4,"posy":4,"lastAction":5,"status":0},{"playerId":2534350,"score":100,"energy":36,"posx":5,"posy":3,"lastAction":5,"status":0},{"playerId":2287533,"score":100,"energy":36,"posx":5,"posy":3,"lastAction":5,"status":0}],"golds":[{"posx":0,"posy":0,"amount":50},{"posx":3,"posy":1,"amount":400},{"posx":9,"posy":1,"amount":600},{"posx":17,"posy":1,"amount":200},{"posx":12,"posy":2,"amount":600},{"posx":15,"posy":2,"amount":300},{"posx":1,"posy":3,"amount":550},{"posx":5,"posy":3,"amount":400},{"posx":14,"posy":3,"amount":700},{"posx":4,"posy":4,"amount":350},{"posx":7,"posy":4,"amount":750},{"posx":8,"posy":4,"amount":50},{"posx":12,"posy":4,"amount":50},{"posx":16,"posy":4,"amount":250},{"posx":17,"posy":4,"amount":650},{"posx":3,"posy":5,"amount":600},{"posx":12,"posy":6,"amount":50},{"posx":6,"posy":7,"amount":150},{"posx":8,"posy":7,"amount":100},{"posx":5,"posy":8,"amount":600}],"changedObstacles":[]},{"players":[{"playerId":157815,"score":150,"energy":31,"posx":5,"posy":3,"lastAction":5,"status":0},{"playerId":2483603,"score":150,"energy":31,"posx":4,"posy":4,"lastAction":5,"status":0},{"playerId":2534350,"score":150,"energy":31,"posx":5,"posy":3,"lastAction":5,"status":0},{"playerId":2287533,"score":150,"energy":31,"posx":5,"posy":3,"lastAction":5,"status":0}],"golds":[{"posx":0,"posy":0,"amount":50},{"posx":3,"posy":1,"amount":400},{"posx":9,"posy":1,"amount":600},{"posx":17,"posy":1,"amount":200},{"posx":12,"posy":2,"amount":600},{"posx":15,"posy":2,"amount":300},{"posx":1,"posy":3,"amount":550},{"posx":5,"posy":3,"amount":250},{"posx":14,"posy":3,"amount":700},{"posx":4,"posy":4,"amount":300},{"posx":7,"posy":4,"amount":750},{"posx":8,"posy":4,"amount":50},{"posx":12,"posy":4,"amount":50},{"posx":16,"posy":4,"amount":250},{"posx":17,"posy":4,"amount":650},{"posx":3,"posy":5,"amount":600},{"posx":12,"posy":6,"amount":50},{"posx":6,"posy":7,"amount":150},{"posx":8,"posy":7,"amount":100},{"posx":5,"posy":8,"amount":600}],"changedObstacles":[]},{"players":[{"playerId":157815,"score":200,"energy":26,"posx":5,"posy":3,"lastAction":5,"status":0},{"playerId":2483603,"score":200,"energy":26,"posx":4,"posy":4,"lastAction":5,"status":0},{"playerId":2534350,"score":200,"energy":26,"posx":5,"posy":3,"lastAction":5,"status":0},{"playerId":2287533,"score":200,"energy":26,"posx":5,"posy":3,"lastAction":5,"status":0}],"golds":[{"posx":0,"posy":0,"amount":50},{"posx":3,"posy":1,"amount":400},{"posx":9,"posy":1,"amount":600},{"posx":17,"posy":1,"amount":200},{"posx":12,"posy":2,"amount":600},{"posx":15,"posy":2,"amount":300},{"posx":1,"posy":3,"amount":550},{"posx":5,"posy":3,"amount":100},{"posx":14,"posy":3,"amount":700},{"posx":4,"posy":4,"amount":250},{"posx":7,"posy":4,"amount":750},{"posx":8,"posy":4,"amount":50},{"posx":12,"posy":4,"amount":50},{"posx":16,"posy":4,"amount":250},{"posx":17,"posy":4,"amount":650},{"posx":3,"posy":5,"amount":600},{"posx":12,"posy":6,"amount":50},{"posx":6,"posy":7,"amount":150},{"posx":8,"posy":7,"amount":100},{"posx":5,"posy":8,"amount":600}],"changedObstacles":[]},{"players":[{"playerId":157815,"score":234,"energy":21,"posx":5,"posy":3,"lastAction":5,"status":0},{"playerId":2483603,"score":250,"energy":21,"posx":4,"posy":4,"lastAction":5,"status":0},{"playerId":2534350,"score":234,"energy":21,"posx":5,"posy":3,"lastAction":5,"status":0},{"playerId":2287533,"score":234,"energy":21,"posx":5,"posy":3,"lastAction":5,"status":0}],"golds":[{"posx":0,"posy":0,"amount":50},{"posx":3,"posy":1,"amount":400},{"posx":9,"posy":1,"amount":600},{"posx":17,"posy":1,"amount":200},{"posx":12,"posy":2,"amount":600},{"posx":15,"posy":2,"amount":300},{"posx":1,"posy":3,"amount":550},{"posx":14,"posy":3,"amount":700},{"posx":4,"posy":4,"amount":200},{"posx":7,"posy":4,"amount":750},{"posx":8,"posy":4,"amount":50},{"posx":12,"posy":4,"amount":50},{"posx":16,"posy":4,"amount":250},{"posx":17,"posy":4,"amount":650},{"posx":3,"posy":5,"amount":600},{"posx":12,"posy":6,"amount":50},{"posx":6,"posy":7,"amount":150},{"posx":8,"posy":7,"amount":100},{"posx":5,"posy":8,"amount":600}],"changedObstacles":[{"type":0,"posx":5,"posy":3,"value":-1}]},{"players":[{"playerId":157815,"score":234,"energy":16,"posx":5,"posy":4,"lastAction":3,"status":0},{"playerId":2483603,"score":300,"energy":16,"posx":4,"posy":4,"lastAction":5,"status":0},{"playerId":2534350,"score":234,"energy":11,"posx":6,"posy":3,"lastAction":1,"status":0},{"playerId":2287533,"score":234,"energy":20,"posx":4,"posy":3,"lastAction":0,"status":0}],"golds":[{"posx":0,"posy":0,"amount":50},{"posx":3,"posy":1,"amount":400},{"posx":9,"posy":1,"amount":600},{"posx":17,"posy":1,"amount":200},{"posx":12,"posy":2,"amount":600},{"posx":15,"posy":2,"amount":300},{"posx":1,"posy":3,"amount":550},{"posx":14,"posy":3,"amount":700},{"posx":4,"posy":4,"amount":150},{"posx":7,"posy":4,"amount":750},{"posx":8,"posy":4,"amount":50},{"posx":12,"posy":4,"amount":50},{"posx":16,"posy":4,"amount":250},{"posx":17,"posy":4,"amount":650},{"posx":3,"posy":5,"amount":600},{"posx":12,"posy":6,"amount":50},{"posx":6,"posy":7,"amount":150},{"posx":8,"posy":7,"amount":100},{"posx":5,"posy":8,"amount":600}],"changedObstacles":[{"type":3,"posx":5,"posy":4,"value":-20},{"type":0,"posx":6,"posy":3,"value":-1}]},{"players":[{"playerId":157815,"score":234,"energy":6,"posx":6,"posy":4,"lastAction":1,"status":0},{"playerId":2483603,"score":350,"energy":11,"posx":4,"posy":4,"lastAction":5,"status":0},{"playerId":2534350,"score":234,"energy":23,"posx":6,"posy":3,"lastAction":4,"status":0},{"playerId":2287533,"score":234,"energy":32,"posx":4,"posy":3,"lastAction":4,"status":0}],"golds":[{"posx":0,"posy":0,"amount":50},{"posx":3,"posy":1,"amount":400},{"posx":9,"posy":1,"amount":600},{"posx":17,"posy":1,"amount":200},{"posx":12,"posy":2,"amount":600},{"posx":15,"posy":2,"amount":300},{"posx":1,"posy":3,"amount":550},{"posx":14,"posy":3,"amount":700},{"posx":4,"posy":4,"amount":100},{"posx":7,"posy":4,"amount":750},{"posx":8,"posy":4,"amount":50},{"posx":12,"posy":4,"amount":50},{"posx":16,"posy":4,"amount":250},{"posx":17,"posy":4,"amount":650},{"posx":3,"posy":5,"amount":600},{"posx":12,"posy":6,"amount":50},{"posx":6,"posy":7,"amount":150},{"posx":8,"posy":7,"amount":100},{"posx":5,"posy":8,"amount":600}],"changedObstacles":[{"type":0,"posx":6,"posy":4,"value":-1}]},{"players":[{"playerId":157815,"score":234,"energy":2,"posx":7,"posy":4,"lastAction":1,"status":0},{"playerId":2483603,"score":400,"energy":6,"posx":4,"posy":4,"lastAction":5,"status":0},{"playerId":2534350,"score":234,"energy":15,"posx":7,"posy":3,"lastAction":1,"status":0},{"playerId":2287533,"score":234,"energy":28,"posx":4,"posy":4,"lastAction":3,"status":0}],"golds":[{"posx":0,"posy":0,"amount":50},{"posx":3,"posy":1,"amount":400},{"posx":9,"posy":1,"amount":600},{"posx":17,"posy":1,"amount":200},{"posx":12,"posy":2,"amount":600},{"posx":15,"posy":2,"amount":300},{"posx":1,"posy":3,"amount":550},{"posx":14,"posy":3,"amount":700},{"posx":4,"posy":4,"amount":50},{"posx":7,"posy":4,"amount":750},{"posx":8,"posy":4,"amount":50},{"posx":12,"posy":4,"amount":50},{"posx":16,"posy":4,"amount":250},{"posx":17,"posy":4,"amount":650},{"posx":3,"posy":5,"amount":600},{"posx":12,"posy":6,"amount":50},{"posx":6,"posy":7,"amount":150},{"posx":8,"posy":7,"amount":100},{"posx":5,"posy":8,"amount":600}],"changedObstacles":[]},{"players":[{"playerId":157815,"score":234,"energy":14,"posx":7,"posy":4,"lastAction":4,"status":0},{"playerId":2483603,"score":425,"energy":1,"posx":4,"posy":4,"lastAction":5,"status":0},{"playerId":2534350,"score":234,"energy":27,"posx":7,"posy":3,"lastAction":4,"status":0},{"playerId":2287533,"score":259,"energy":23,"posx":4,"posy":4,"lastAction":5,"status":0}],"golds":[{"posx":0,"posy":0,"amount":50},{"posx":3,"posy":1,"amount":400},{"posx":9,"posy":1,"amount":600},{"posx":17,"posy":1,"amount":200},{"posx":12,"posy":2,"amount":600},{"posx":15,"posy":2,"amount":300},{"posx":1,"posy":3,"amount":550},{"posx":14,"posy":3,"amount":700},{"posx":7,"posy":4,"amount":750},{"posx":8,"posy":4,"amount":50},{"posx":12,"posy":4,"amount":50},{"posx":16,"posy":4,"amount":250},{"posx":17,"posy":4,"amount":650},{"posx":3,"posy":5,"amount":600},{"posx":12,"posy":6,"amount":50},{"posx":6,"posy":7,"amount":150},{"posx":8,"posy":7,"amount":100},{"posx":5,"posy":8,"amount":600}],"changedObstacles":[{"type":0,"posx":4,"posy":4,"value":-1}]},{"players":[{"playerId":157815,"score":234,"energy":30,"posx":7,"posy":4,"lastAction":4,"status":0},{"playerId":2483603,"score":425,"energy":13,"posx":4,"posy":4,"lastAction":4,"status":0},{"playerId":2534350,"score":234,"energy":26,"posx":8,"posy":3,"lastAction":1,"status":0},{"playerId":2287533,"score":259,"energy":13,"posx":3,"posy":4,"lastAction":0,"status":0}],"golds":[{"posx":0,"posy":0,"amount":50},{"posx":3,"posy":1,"amount":400},{"posx":9,"posy":1,"amount":600},{"posx":17,"posy":1,"amount":200},{"posx":12,"posy":2,"amount":600},{"posx":15,"posy":2,"amount":300},{"posx":1,"posy":3,"amount":550},{"posx":14,"posy":3,"amount":700},{"posx":7,"posy":4,"amount":750},{"posx":8,"posy":4,"amount":50},{"posx":12,"posy":4,"amount":50},{"posx":16,"posy":4,"amount":250},{"posx":17,"posy":4,"amount":650},{"posx":3,"posy":5,"amount":600},{"posx":12,"posy":6,"amount":50},{"posx":6,"posy":7,"amount":150},{"posx":8,"posy":7,"amount":100},{"posx":5,"posy":8,"amount":600}],"changedObstacles":[{"type":0,"posx":3,"posy":4,"value":-1}]},{"players":[{"playerId":157815,"score":234,"energy":50,"posx":7,"posy":4,"lastAction":4,"status":0},{"playerId":2483603,"score":425,"energy":29,"posx":4,"posy":4,"lastAction":4,"status":0},{"playerId":2534350,"score":234,"energy":25,"posx":9,"posy":3,"lastAction":1,"status":0},{"playerId":2287533,"score":259,"energy":25,"posx":3,"posy":4,"lastAction":4,"status":0}],"golds":[{"posx":0,"posy":0,"amount":50},{"posx":3,"posy":1,"amount":400},{"posx":9,"posy":1,"amount":600},{"posx":17,"posy":1,"amount":200},{"posx":12,"posy":2,"amount":600},{"posx":15,"posy":2,"amount":300},{"posx":1,"posy":3,"amount":550},{"posx":14,"posy":3,"amount":700},{"posx":7,"posy":4,"amount":750},{"posx":8,"posy":4,"amount":50},{"posx":12,"posy":4,"amount":50},{"posx":16,"posy":4,"amount":250},{"posx":17,"posy":4,"amount":650},{"posx":3,"posy":5,"amount":600},{"posx":12,"posy":6,"amount":50},{"posx":6,"posy":7,"amount":150},{"posx":8,"posy":7,"amount":100},{"posx":5,"posy":8,"amount":600}],"changedObstacles":[]},{"players":[{"playerId":157815,"score":284,"energy":45,"posx":7,"posy":4,"lastAction":5,"status":0},{"playerId":2483603,"score":425,"energy":28,"posx":3,"posy":4,"lastAction":0,"status":0},{"playerId":2534350,"score":234,"energy":9,"posx":10,"posy":3,"lastAction":1,"status":0},{"playerId":2287533,"score":259,"energy":21,"posx":3,"posy":5,"lastAction":3,"status":0}],"golds":[{"posx":0,"posy":0,"amount":50},{"posx":3,"posy":1,"amount":400},{"posx":9,"posy":1,"amount":600},{"posx":17,"posy":1,"amount":200},{"posx":12,"posy":2,"amount":600},{"posx":15,"posy":2,"amount":300},{"posx":1,"posy":3,"amount":550},{"posx":14,"posy":3,"amount":700},{"posx":7,"posy":4,"amount":700},{"posx":8,"posy":4,"amount":50},{"posx":12,"posy":4,"amount":50},{"posx":16,"posy":4,"amount":250},{"posx":17,"posy":4,"amount":650},{"posx":3,"posy":5,"amount":600},{"posx":12,"posy":6,"amount":50},{"posx":6,"posy":7,"amount":150},{"posx":8,"posy":7,"amount":100},{"posx":5,"posy":8,"amount":600}],"changedObstacles":[]},{"players":[{"playerId":157815,"score":334,"energy":40,"posx":7,"posy":4,"lastAction":5,"status":0},{"playerId":2483603,"score":425,"energy":24,"posx":3,"posy":5,"lastAction":3,"status":0},{"playerId":2534350,"score":234,"energy":21,"posx":10,"posy":3,"lastAction":4,"status":0},{"playerId":2287533,"score":309,"energy":16,"posx":3,"posy":5,"lastAction":5,"status":0}],"golds":[{"posx":0,"posy":0,"amount":50},{"posx":3,"posy":1,"amount":400},{"posx":9,"posy":1,"amount":600},{"posx":17,"posy":1,"amount":200},{"posx":12,"posy":2,"amount":600},{"posx":15,"posy":2,"amount":300},{"posx":1,"posy":3,"amount":550},{"posx":14,"posy":3,"amount":700},{"posx":7,"posy":4,"amount":650},{"posx":8,"posy":4,"amount":50},{"posx":12,"posy":4,"amount":50},{"posx":16,"posy":4,"amount":250},{"posx":17,"posy":4,"amount":650},{"posx":3,"posy":5,"amount":550},{"posx":12,"posy":6,"amount":50},{"posx":6,"posy":7,"amount":150},{"posx":8,"posy":7,"amount":100},{"posx":5,"posy":8,"amount":600}],"changedObstacles":[]},{"players":[{"playerId":157815,"score":384,"energy":35,"posx":7,"posy":4,"lastAction":5,"status":0},{"playerId":2483603,"score":475,"energy":19,"posx":3,"posy":5,"lastAction":5,"status":0},{"playerId":2534350,"score":234,"energy":2,"posx":11,"posy":3,"lastAction":1,"status":0},{"playerId":2287533,"score":359,"energy":11,"posx":3,"posy":5,"lastAction":5,"status":0}],"golds":[{"posx":0,"posy":0,"amount":50},{"posx":3,"posy":1,"amount":400},{"posx":9,"posy":1,"amount":600},{"posx":17,"posy":1,"amount":200},{"posx":12,"posy":2,"amount":600},{"posx":15,"posy":2,"amount":300},{"posx":1,"posy":3,"amount":550},{"posx":14,"posy":3,"amount":700},{"posx":7,"posy":4,"amount":600},{"posx":8,"posy":4,"amount":50},{"posx":12,"posy":4,"amount":50},{"posx":16,"posy":4,"amount":250},{"posx":17,"posy":4,"amount":650},{"posx":3,"posy":5,"amount":450},{"posx":12,"posy":6,"amount":50},{"posx":6,"posy":7,"amount":150},{"posx":8,"posy":7,"amount":100},{"posx":5,"posy":8,"amount":600}],"changedObstacles":[]},{"players":[{"playerId":157815,"score":434,"energy":30,"posx":7,"posy":4,"lastAction":5,"status":0},{"playerId":2483603,"score":525,"energy":14,"posx":3,"posy":5,"lastAction":5,"status":0},{"playerId":2534350,"score":234,"energy":14,"posx":11,"posy":3,"lastAction":4,"status":0},{"playerId":2287533,"score":409,"energy":6,"posx":3,"posy":5,"lastAction":5,"status":0}],"golds":[{"posx":0,"posy":0,"amount":50},{"posx":3,"posy":1,"amount":400},{"posx":9,"posy":1,"amount":600},{"posx":17,"posy":1,"amount":200},{"posx":12,"posy":2,"amount":600},{"posx":15,"posy":2,"amount":300},{"posx":1,"posy":3,"amount":550},{"posx":14,"posy":3,"amount":700},{"posx":7,"posy":4,"amount":550},{"posx":8,"posy":4,"amount":50},{"posx":12,"posy":4,"amount":50},{"posx":16,"posy":4,"amount":250},{"posx":17,"posy":4,"amount":650},{"posx":3,"posy":5,"amount":350},{"posx":12,"posy":6,"amount":50},{"posx":6,"posy":7,"amount":150},{"posx":8,"posy":7,"amount":100},{"posx":5,"posy":8,"amount":600}],"changedObstacles":[]},{"players":[{"playerId":157815,"score":484,"energy":25,"posx":7,"posy":4,"lastAction":5,"status":0},{"playerId":2483603,"score":575,"energy":9,"posx":3,"posy":5,"lastAction":5,"status":0},{"playerId":2534350,"score":234,"energy":30,"posx":11,"posy":3,"lastAction":4,"status":0},{"playerId":2287533,"score":459,"energy":1,"posx":3,"posy":5,"lastAction":5,"status":0}],"golds":[{"posx":0,"posy":0,"amount":50},{"posx":3,"posy":1,"amount":400},{"posx":9,"posy":1,"amount":600},{"posx":17,"posy":1,"amount":200},{"posx":12,"posy":2,"amount":600},{"posx":15,"posy":2,"amount":300},{"posx":1,"posy":3,"amount":550},{"posx":14,"posy":3,"amount":700},{"posx":7,"posy":4,"amount":500},{"posx":8,"posy":4,"amount":50},{"posx":12,"posy":4,"amount":50},{"posx":16,"posy":4,"amount":250},{"posx":17,"posy":4,"amount":650},{"posx":3,"posy":5,"amount":250},{"posx":12,"posy":6,"amount":50},{"posx":6,"posy":7,"amount":150},{"posx":8,"posy":7,"amount":100},{"posx":5,"posy":8,"amount":600}],"changedObstacles":[]},{"players":[{"playerId":157815,"score":534,"energy":20,"posx":7,"posy":4,"lastAction":5,"status":0},{"playerId":2483603,"score":625,"energy":4,"posx":3,"posy":5,"lastAction":5,"status":0},{"playerId":2534350,"score":234,"energy":29,"posx":12,"posy":3,"lastAction":1,"status":0},{"playerId":2287533,"score":459,"energy":13,"posx":3,"posy":5,"lastAction":4,"status":0}],"golds":[{"posx":0,"posy":0,"amount":50},{"posx":3,"posy":1,"amount":400},{"posx":9,"posy":1,"amount":600},{"posx":17,"posy":1,"amount":200},{"posx":12,"posy":2,"amount":600},{"posx":15,"posy":2,"amount":300},{"posx":1,"posy":3,"amount":550},{"posx":14,"posy":3,"amount":700},{"posx":7,"posy":4,"amount":450},{"posx":8,"posy":4,"amount":50},{"posx":12,"posy":4,"amount":50},{"posx":16,"posy":4,"amount":250},{"posx":17,"posy":4,"amount":650},{"posx":3,"posy":5,"amount":200},{"posx":12,"posy":6,"amount":50},{"posx":6,"posy":7,"amount":150},{"posx":8,"posy":7,"amount":100},{"posx":5,"posy":8,"amount":600}],"changedObstacles":[]},{"players":[{"playerId":157815,"score":584,"energy":15,"posx":7,"posy":4,"lastAction":5,"status":0},{"playerId":2483603,"score":625,"energy":16,"posx":3,"posy":5,"lastAction":4,"status":0},{"playerId":2534350,"score":234,"energy":14,"posx":13,"posy":3,"lastAction":1,"status":0},{"playerId":2287533,"score":509,"energy":8,"posx":3,"posy":5,"lastAction":5,"status":0}],"golds":[{"posx":0,"posy":0,"amount":50},{"posx":3,"posy":1,"amount":400},{"posx":9,"posy":1,"amount":600},{"posx":17,"posy":1,"amount":200},{"posx":12,"posy":2,"amount":600},{"posx":15,"posy":2,"amount":300},{"posx":1,"posy":3,"amount":550},{"posx":14,"posy":3,"amount":700},{"posx":7,"posy":4,"amount":400},{"posx":8,"posy":4,"amount":50},{"posx":12,"posy":4,"amount":50},{"posx":16,"posy":4,"amount":250},{"posx":17,"posy":4,"amount":650},{"posx":3,"posy":5,"amount":150},{"posx":12,"posy":6,"amount":50},{"posx":6,"posy":7,"amount":150},{"posx":8,"posy":7,"amount":100},{"posx":5,"posy":8,"amount":600}],"changedObstacles":[]},{"players":[{"playerId":157815,"score":634,"energy":10,"posx":7,"posy":4,"lastAction":5,"status":0},{"playerId":2483603,"score":625,"energy":32,"posx":3,"posy":5,"lastAction":4,"status":0},{"playerId":2534350,"score":234,"energy":10,"posx":14,"posy":3,"lastAction":1,"status":0},{"playerId":2287533,"score":559,"energy":3,"posx":3,"posy":5,"lastAction":5,"status":0}],"golds":[{"posx":0,"posy":0,"amount":50},{"posx":3,"posy":1,"amount":400},{"posx":9,"posy":1,"amount":600},{"posx":17,"posy":1,"amount":200},{"posx":12,"posy":2,"amount":600},{"posx":15,"posy":2,"amount":300},{"posx":1,"posy":3,"amount":550},{"posx":14,"posy":3,"amount":700},{"posx":7,"posy":4,"amount":350},{"posx":8,"posy":4,"amount":50},{"posx":12,"posy":4,"amount":50},{"posx":16,"posy":4,"amount":250},{"posx":17,"posy":4,"amount":650},{"posx":3,"posy":5,"amount":100},{"posx":12,"posy":6,"amount":50},{"posx":6,"posy":7,"amount":150},{"posx":8,"posy":7,"amount":100},{"posx":5,"posy":8,"amount":600}],"changedObstacles":[]},{"players":[{"playerId":157815,"score":684,"energy":5,"posx":7,"posy":4,"lastAction":5,"status":0},{"playerId":2483603,"score":675,"energy":27,"posx":3,"posy":5,"lastAction":5,"status":0},{"playerId":2534350,"score":284,"energy":5,"posx":14,"posy":3,"lastAction":5,"status":0},{"playerId":2287533,"score":559,"energy":15,"posx":3,"posy":5,"lastAction":4,"status":0}],"golds":[{"posx":0,"posy":0,"amount":50},{"posx":3,"posy":1,"amount":400},{"posx":9,"posy":1,"amount":600},{"posx":17,"posy":1,"amount":200},{"posx":12,"posy":2,"amount":600},{"posx":15,"posy":2,"amount":300},{"posx":1,"posy":3,"amount":550},{"posx":14,"posy":3,"amount":650},{"posx":7,"posy":4,"amount":300},{"posx":8,"posy":4,"amount":50},{"posx":12,"posy":4,"amount":50},{"posx":16,"posy":4,"amount":250},{"posx":17,"posy":4,"amount":650},{"posx":3,"posy":5,"amount":50},{"posx":12,"posy":6,"amount":50},{"posx":6,"posy":7,"amount":150},{"posx":8,"posy":7,"amount":100},{"posx":5,"posy":8,"amount":600}],"changedObstacles":[]},{"players":[{"playerId":157815,"score":684,"energy":17,"posx":7,"posy":4,"lastAction":4,"status":0},{"playerId":2483603,"score":700,"energy":22,"posx":3,"posy":5,"lastAction":5,"status":0},{"playerId":2534350,"score":284,"energy":17,"posx":14,"posy":3,"lastAction":4,"status":0},{"playerId":2287533,"score":584,"energy":10,"posx":3,"posy":5,"lastAction":5,"status":0}],"golds":[{"posx":0,"posy":0,"amount":50},{"posx":3,"posy":1,"amount":400},{"posx":9,"posy":1,"amount":600},{"posx":17,"posy":1,"amount":200},{"posx":12,"posy":2,"amount":600},{"posx":15,"posy":2,"amount":300},{"posx":1,"posy":3,"amount":550},{"posx":14,"posy":3,"amount":650},{"posx":7,"posy":4,"amount":300},{"posx":8,"posy":4,"amount":50},{"posx":12,"posy":4,"amount":50},{"posx":16,"posy":4,"amount":250},{"posx":17,"posy":4,"amount":650},{"posx":12,"posy":6,"amount":50},{"posx":6,"posy":7,"amount":150},{"posx":8,"posy":7,"amount":100},{"posx":5,"posy":8,"amount":600}],"changedObstacles":[{"type":0,"posx":3,"posy":5,"value":-1}]},{"players":[{"playerId":157815,"score":684,"energy":33,"posx":7,"posy":4,"lastAction":4,"status":0},{"playerId":2483603,"score":700,"energy":21,"posx":3,"posy":4,"lastAction":2,"status":0},{"playerId":2534350,"score":334,"energy":12,"posx":14,"posy":3,"lastAction":5,"status":0},{"playerId":2287533,"score":584,"energy":22,"posx":3,"posy":5,"lastAction":4,"status":0}],"golds":[{"posx":0,"posy":0,"amount":50},{"posx":3,"posy":1,"amount":400},{"posx":9,"posy":1,"amount":600},{"posx":17,"posy":1,"amount":200},{"posx":12,"posy":2,"amount":600},{"posx":15,"posy":2,"amount":300},{"posx":1,"posy":3,"amount":550},{"posx":14,"posy":3,"amount":600},{"posx":7,"posy":4,"amount":300},{"posx":8,"posy":4,"amount":50},{"posx":12,"posy":4,"amount":50},{"posx":16,"posy":4,"amount":250},{"posx":17,"posy":4,"amount":650},{"posx":12,"posy":6,"amount":50},{"posx":6,"posy":7,"amount":150},{"posx":8,"posy":7,"amount":100},{"posx":5,"posy":8,"amount":600}],"changedObstacles":[]},{"players":[{"playerId":157815,"score":684,"energy":50,"posx":7,"posy":4,"lastAction":4,"status":0},{"playerId":2483603,"score":700,"energy":20,"posx":2,"posy":4,"lastAction":0,"status":0},{"playerId":2534350,"score":384,"energy":7,"posx":14,"posy":3,"lastAction":5,"status":0},{"playerId":2287533,"score":584,"energy":21,"posx":3,"posy":4,"lastAction":2,"status":0}],"golds":[{"posx":0,"posy":0,"amount":50},{"posx":3,"posy":1,"amount":400},{"posx":9,"posy":1,"amount":600},{"posx":17,"posy":1,"amount":200},{"posx":12,"posy":2,"amount":600},{"posx":15,"posy":2,"amount":300},{"posx":1,"posy":3,"amount":550},{"posx":14,"posy":3,"amount":550},{"posx":7,"posy":4,"amount":300},{"posx":8,"posy":4,"amount":50},{"posx":12,"posy":4,"amount":50},{"posx":16,"posy":4,"amount":250},{"posx":17,"posy":4,"amount":650},{"posx":12,"posy":6,"amount":50},{"posx":6,"posy":7,"amount":150},{"posx":8,"posy":7,"amount":100},{"posx":5,"posy":8,"amount":600}],"changedObstacles":[]},{"players":[{"playerId":157815,"score":734,"energy":45,"posx":7,"posy":4,"lastAction":5,"status":0},{"playerId":2483603,"score":700,"energy":19,"posx":2,"posy":3,"lastAction":2,"status":0},{"playerId":2534350,"score":434,"energy":2,"posx":14,"posy":3,"lastAction":5,"status":0},{"playerId":2287533,"score":584,"energy":20,"posx":4,"posy":4,"lastAction":1,"status":0}],"golds":[{"posx":0,"posy":0,"amount":50},{"posx":3,"posy":1,"amount":400},{"posx":9,"posy":1,"amount":600},{"posx":17,"posy":1,"amount":200},{"posx":12,"posy":2,"amount":600},{"posx":15,"posy":2,"amount":300},{"posx":1,"posy":3,"amount":550},{"posx":14,"posy":3,"amount":500},{"posx":7,"posy":4,"amount":250},{"posx":8,"posy":4,"amount":50},{"posx":12,"posy":4,"amount":50},{"posx":16,"posy":4,"amount":250},{"posx":17,"posy":4,"amount":650},{"posx":12,"posy":6,"amount":50},{"posx":6,"posy":7,"amount":150},{"posx":8,"posy":7,"amount":100},{"posx":5,"posy":8,"amount":600}],"changedObstacles":[]},{"players":[{"playerId":157815,"score":784,"energy":40,"posx":7,"posy":4,"lastAction":5,"status":0},{"playerId":2483603,"score":700,"energy":15,"posx":1,"posy":3,"lastAction":0,"status":0},{"playerId":2534350,"score":434,"energy":14,"posx":14,"posy":3,"lastAction":4,"status":0},{"playerId":2287533,"score":584,"energy":32,"posx":4,"posy":4,"lastAction":4,"status":0}],"golds":[{"posx":0,"posy":0,"amount":50},{"posx":3,"posy":1,"amount":400},{"posx":9,"posy":1,"amount":600},{"posx":17,"posy":1,"amount":200},{"posx":12,"posy":2,"amount":600},{"posx":15,"posy":2,"amount":300},{"posx":1,"posy":3,"amount":550},{"posx":14,"posy":3,"amount":500},{"posx":7,"posy":4,"amount":200},{"posx":8,"posy":4,"amount":50},{"posx":12,"posy":4,"amount":50},{"posx":16,"posy":4,"amount":250},{"posx":17,"posy":4,"amount":650},{"posx":12,"posy":6,"amount":50},{"posx":6,"posy":7,"amount":150},{"posx":8,"posy":7,"amount":100},{"posx":5,"posy":8,"amount":600}],"changedObstacles":[]},{"players":[{"playerId":157815,"score":834,"energy":35,"posx":7,"posy":4,"lastAction":5,"status":0},{"playerId":2483603,"score":750,"energy":10,"posx":1,"posy":3,"lastAction":5,"status":0},{"playerId":2534350,"score":484,"energy":9,"posx":14,"posy":3,"lastAction":5,"status":0},{"playerId":2287533,"score":584,"energy":12,"posx":5,"posy":4,"lastAction":1,"status":0}],"golds":[{"posx":0,"posy":0,"amount":50},{"posx":3,"posy":1,"amount":400},{"posx":9,"posy":1,"amount":600},{"posx":17,"posy":1,"amount":200},{"posx":12,"posy":2,"amount":600},{"posx":15,"posy":2,"amount":300},{"posx":1,"posy":3,"amount":500},{"posx":14,"posy":3,"amount":450},{"posx":7,"posy":4,"amount":150},{"posx":8,"posy":4,"amount":50},{"posx":12,"posy":4,"amount":50},{"posx":16,"posy":4,"amount":250},{"posx":17,"posy":4,"amount":650},{"posx":12,"posy":6,"amount":50},{"posx":6,"posy":7,"amount":150},{"posx":8,"posy":7,"amount":100},{"posx":5,"posy":8,"amount":600}],"changedObstacles":[{"type":3,"posx":5,"posy":4,"value":-40}]},{"players":[{"playerId":157815,"score":884,"energy":30,"posx":7,"posy":4,"lastAction":5,"status":0},{"playerId":2483603,"score":800,"energy":5,"posx":1,"posy":3,"lastAction":5,"status":0},{"playerId":2534350,"score":534,"energy":4,"posx":14,"posy":3,"lastAction":5,"status":0},{"playerId":2287533,"score":584,"energy":24,"posx":5,"posy":4,"lastAction":4,"status":0}],"golds":[{"posx":0,"posy":0,"amount":50},{"posx":3,"posy":1,"amount":400},{"posx":9,"posy":1,"amount":600},{"posx":17,"posy":1,"amount":200},{"posx":12,"posy":2,"amount":600},{"posx":15,"posy":2,"amount":300},{"posx":1,"posy":3,"amount":450},{"posx":14,"posy":3,"amount":400},{"posx":7,"posy":4,"amount":100},{"posx":8,"posy":4,"amount":50},{"posx":12,"posy":4,"amount":50},{"posx":16,"posy":4,"amount":250},{"posx":17,"posy":4,"amount":650},{"posx":12,"posy":6,"amount":50},{"posx":6,"posy":7,"amount":150},{"posx":8,"posy":7,"amount":100},{"posx":5,"posy":8,"amount":600}],"changedObstacles":[]},{"players":[{"playerId":157815,"score":934,"energy":25,"posx":7,"posy":4,"lastAction":5,"status":0},{"playerId":2483603,"score":800,"energy":17,"posx":1,"posy":3,"lastAction":4,"status":0},{"playerId":2534350,"score":534,"energy":16,"posx":14,"posy":3,"lastAction":4,"status":0},{"playerId":2287533,"score":584,"energy":23,"posx":6,"posy":4,"lastAction":1,"status":0}],"golds":[{"posx":0,"posy":0,"amount":50},{"posx":3,"posy":1,"amount":400},{"posx":9,"posy":1,"amount":600},{"posx":17,"posy":1,"amount":200},{"posx":12,"posy":2,"amount":600},{"posx":15,"posy":2,"amount":300},{"posx":1,"posy":3,"amount":450},{"posx":14,"posy":3,"amount":400},{"posx":7,"posy":4,"amount":50},{"posx":8,"posy":4,"amount":50},{"posx":12,"posy":4,"amount":50},{"posx":16,"posy":4,"amount":250},{"posx":17,"posy":4,"amount":650},{"posx":12,"posy":6,"amount":50},{"posx":6,"posy":7,"amount":150},{"posx":8,"posy":7,"amount":100},{"posx":5,"posy":8,"amount":600}],"changedObstacles":[]},{"players":[{"playerId":157815,"score":984,"energy":20,"posx":7,"posy":4,"lastAction":5,"status":0},{"playerId":2483603,"score":800,"energy":33,"posx":1,"posy":3,"lastAction":4,"status":0},{"playerId":2534350,"score":584,"energy":11,"posx":14,"posy":3,"lastAction":5,"status":0},{"playerId":2287533,"score":584,"energy":19,"posx":7,"posy":4,"lastAction":1,"status":0}],"golds":[{"posx":0,"posy":0,"amount":50},{"posx":3,"posy":1,"amount":400},{"posx":9,"posy":1,"amount":600},{"posx":17,"posy":1,"amount":200},{"posx":12,"posy":2,"amount":600},{"posx":15,"posy":2,"amount":300},{"posx":1,"posy":3,"amount":450},{"posx":14,"posy":3,"amount":350},{"posx":8,"posy":4,"amount":50},{"posx":12,"posy":4,"amount":50},{"posx":16,"posy":4,"amount":250},{"posx":17,"posy":4,"amount":650},{"posx":12,"posy":6,"amount":50},{"posx":6,"posy":7,"amount":150},{"posx":8,"posy":7,"amount":100},{"posx":5,"posy":8,"amount":600}],"changedObstacles":[{"type":0,"posx":7,"posy":4,"value":-1}]},{"players":[{"playerId":157815,"score":984,"energy":16,"posx":8,"posy":4,"lastAction":1,"status":0},{"playerId":2483603,"score":850,"energy":28,"posx":1,"posy":3,"lastAction":5,"status":0},{"playerId":2534350,"score":634,"energy":6,"posx":14,"posy":3,"lastAction":5,"status":0},{"playerId":2287533,"score":584,"energy":31,"posx":7,"posy":4,"lastAction":4,"status":0}],"golds":[{"posx":0,"posy":0,"amount":50},{"posx":3,"posy":1,"amount":400},{"posx":9,"posy":1,"amount":600},{"posx":17,"posy":1,"amount":200},{"posx":12,"posy":2,"amount":600},{"posx":15,"posy":2,"amount":300},{"posx":1,"posy":3,"amount":400},{"posx":14,"posy":3,"amount":300},{"posx":8,"posy":4,"amount":50},{"posx":12,"posy":4,"amount":50},{"posx":16,"posy":4,"amount":250},{"posx":17,"posy":4,"amount":650},{"posx":12,"posy":6,"amount":50},{"posx":6,"posy":7,"amount":150},{"posx":8,"posy":7,"amount":100},{"posx":5,"posy":8,"amount":600}],"changedObstacles":[]},{"players":[{"playerId":157815,"score":1034,"energy":11,"posx":8,"posy":4,"lastAction":5,"status":0},{"playerId":2483603,"score":900,"energy":23,"posx":1,"posy":3,"lastAction":5,"status":0},{"playerId":2534350,"score":684,"energy":1,"posx":14,"posy":3,"lastAction":5,"status":0},{"playerId":2287533,"score":584,"energy":27,"posx":8,"posy":4,"lastAction":1,"status":0}],"golds":[{"posx":0,"posy":0,"amount":50},{"posx":3,"posy":1,"amount":400},{"posx":9,"posy":1,"amount":600},{"posx":17,"posy":1,"amount":200},{"posx":12,"posy":2,"amount":600},{"posx":15,"posy":2,"amount":300},{"posx":1,"posy":3,"amount":350},{"posx":14,"posy":3,"amount":250},{"posx":12,"posy":4,"amount":50},{"posx":16,"posy":4,"amount":250},{"posx":17,"posy":4,"amount":650},{"posx":12,"posy":6,"amount":50},{"posx":6,"posy":7,"amount":150},{"posx":8,"posy":7,"amount":100},{"posx":5,"posy":8,"amount":600}],"changedObstacles":[{"type":0,"posx":8,"posy":4,"value":-1}]},{"players":[{"playerId":157815,"score":1034,"energy":10,"posx":8,"posy":5,"lastAction":3,"status":0},{"playerId":2483603,"score":950,"energy":18,"posx":1,"posy":3,"lastAction":5,"status":0},{"playerId":2534350,"score":684,"energy":13,"posx":14,"posy":3,"lastAction":4,"status":0},{"playerId":2287533,"score":584,"energy":26,"posx":8,"posy":5,"lastAction":3,"status":0}],"golds":[{"posx":0,"posy":0,"amount":50},{"posx":3,"posy":1,"amount":400},{"posx":9,"posy":1,"amount":600},{"posx":17,"posy":1,"amount":200},{"posx":12,"posy":2,"amount":600},{"posx":15,"posy":2,"amount":300},{"posx":1,"posy":3,"amount":300},{"posx":14,"posy":3,"amount":250},{"posx":12,"posy":4,"amount":50},{"posx":16,"posy":4,"amount":250},{"posx":17,"posy":4,"amount":650},{"posx":12,"posy":6,"amount":50},{"posx":6,"posy":7,"amount":150},{"posx":8,"posy":7,"amount":100},{"posx":5,"posy":8,"amount":600}],"changedObstacles":[]},{"players":[{"playerId":157815,"score":1034,"energy":9,"posx":8,"posy":6,"lastAction":3,"status":0},{"playerId":2483603,"score":1000,"energy":13,"posx":1,"posy":3,"lastAction":5,"status":0},{"playerId":2534350,"score":734,"energy":8,"posx":14,"posy":3,"lastAction":5,"status":0},{"playerId":2287533,"score":584,"energy":25,"posx":8,"posy":6,"lastAction":3,"status":0}],"golds":[{"posx":0,"posy":0,"amount":50},{"posx":3,"posy":1,"amount":400},{"posx":9,"posy":1,"amount":600},{"posx":17,"posy":1,"amount":200},{"posx":12,"posy":2,"amount":600},{"posx":15,"posy":2,"amount":300},{"posx":1,"posy":3,"amount":250},{"posx":14,"posy":3,"amount":200},{"posx":12,"posy":4,"amount":50},{"posx":16,"posy":4,"amount":250},{"posx":17,"posy":4,"amount":650},{"posx":12,"posy":6,"amount":50},{"posx":6,"posy":7,"amount":150},{"posx":8,"posy":7,"amount":100},{"posx":5,"posy":8,"amount":600}],"changedObstacles":[]},{"players":[{"playerId":157815,"score":1034,"energy":5,"posx":8,"posy":7,"lastAction":3,"status":0},{"playerId":2483603,"score":1050,"energy":8,"posx":1,"posy":3,"lastAction":5,"status":0},{"playerId":2534350,"score":784,"energy":3,"posx":14,"posy":3,"lastAction":5,"status":0},{"playerId":2287533,"score":584,"energy":21,"posx":8,"posy":7,"lastAction":3,"status":0}],"golds":[{"posx":0,"posy":0,"amount":50},{"posx":3,"posy":1,"amount":400},{"posx":9,"posy":1,"amount":600},{"posx":17,"posy":1,"amount":200},{"posx":12,"posy":2,"amount":600},{"posx":15,"posy":2,"amount":300},{"posx":1,"posy":3,"amount":200},{"posx":14,"posy":3,"amount":150},{"posx":12,"posy":4,"amount":50},{"posx":16,"posy":4,"amount":250},{"posx":17,"posy":4,"amount":650},{"posx":12,"posy":6,"amount":50},{"posx":6,"posy":7,"amount":150},{"posx":8,"posy":7,"amount":100},{"posx":5,"posy":8,"amount":600}],"changedObstacles":[]},{"players":[{"playerId":157815,"score":1034,"energy":17,"posx":8,"posy":7,"lastAction":4,"status":0},{"playerId":2483603,"score":1100,"energy":3,"posx":1,"posy":3,"lastAction":5,"status":0},{"playerId":2534350,"score":784,"energy":15,"posx":14,"posy":3,"lastAction":4,"status":0},{"playerId":2287533,"score":634,"energy":16,"posx":8,"posy":7,"lastAction":5,"status":0}],"golds":[{"posx":0,"posy":0,"amount":50},{"posx":3,"posy":1,"amount":400},{"posx":9,"posy":1,"amount":600},{"posx":17,"posy":1,"amount":200},{"posx":12,"posy":2,"amount":600},{"posx":15,"posy":2,"amount":300},{"posx":1,"posy":3,"amount":150},{"posx":14,"posy":3,"amount":150},{"posx":12,"posy":4,"amount":50},{"posx":16,"posy":4,"amount":250},{"posx":17,"posy":4,"amount":650},{"posx":12,"posy":6,"amount":50},{"posx":6,"posy":7,"amount":150},{"posx":8,"posy":7,"amount":50},{"posx":5,"posy":8,"amount":600}],"changedObstacles":[]},{"players":[{"playerId":157815,"score":1034,"energy":33,"posx":8,"posy":7,"lastAction":4,"status":0},{"playerId":2483603,"score":1100,"energy":15,"posx":1,"posy":3,"lastAction":4,"status":0},{"playerId":2534350,"score":834,"energy":10,"posx":14,"posy":3,"lastAction":5,"status":0},{"playerId":2287533,"score":684,"energy":11,"posx":8,"posy":7,"lastAction":5,"status":0}],"golds":[{"posx":0,"posy":0,"amount":50},{"posx":3,"posy":1,"amount":400},{"posx":9,"posy":1,"amount":600},{"posx":17,"posy":1,"amount":200},{"posx":12,"posy":2,"amount":600},{"posx":15,"posy":2,"amount":300},{"posx":1,"posy":3,"amount":150},{"posx":14,"posy":3,"amount":100},{"posx":12,"posy":4,"amount":50},{"posx":16,"posy":4,"amount":250},{"posx":17,"posy":4,"amount":650},{"posx":12,"posy":6,"amount":50},{"posx":6,"posy":7,"amount":150},{"posx":5,"posy":8,"amount":600}],"changedObstacles":[{"type":0,"posx":8,"posy":7,"value":-1}]},{"players":[{"playerId":157815,"score":1034,"energy":50,"posx":8,"posy":7,"lastAction":4,"status":0},{"playerId":2483603,"score":1100,"energy":31,"posx":1,"posy":3,"lastAction":4,"status":0},{"playerId":2534350,"score":884,"energy":5,"posx":14,"posy":3,"lastAction":5,"status":0},{"playerId":2287533,"score":684,"energy":23,"posx":8,"posy":7,"lastAction":4,"status":0}],"golds":[{"posx":0,"posy":0,"amount":50},{"posx":3,"posy":1,"amount":400},{"posx":9,"posy":1,"amount":600},{"posx":17,"posy":1,"amount":200},{"posx":12,"posy":2,"amount":600},{"posx":15,"posy":2,"amount":300},{"posx":1,"posy":3,"amount":150},{"posx":14,"posy":3,"amount":50},{"posx":12,"posy":4,"amount":50},{"posx":16,"posy":4,"amount":250},{"posx":17,"posy":4,"amount":650},{"posx":12,"posy":6,"amount":50},{"posx":6,"posy":7,"amount":150},{"posx":5,"posy":8,"amount":600}],"changedObstacles":[]},{"players":[{"playerId":157815,"score":1034,"energy":49,"posx":8,"posy":6,"lastAction":2,"status":0},{"playerId":2483603,"score":1150,"energy":26,"posx":1,"posy":3,"lastAction":5,"status":0},{"playerId":2534350,"score":884,"energy":17,"posx":14,"posy":3,"lastAction":4,"status":0},{"playerId":2287533,"score":684,"energy":13,"posx":7,"posy":7,"lastAction":0,"status":0}],"golds":[{"posx":0,"posy":0,"amount":50},{"posx":3,"posy":1,"amount":400},{"posx":9,"posy":1,"amount":600},{"posx":17,"posy":1,"amount":200},{"posx":12,"posy":2,"amount":600},{"posx":15,"posy":2,"amount":300},{"posx":1,"posy":3,"amount":100},{"posx":14,"posy":3,"amount":50},{"posx":12,"posy":4,"amount":50},{"posx":16,"posy":4,"amount":250},{"posx":17,"posy":4,"amount":650},{"posx":12,"posy":6,"amount":50},{"posx":6,"posy":7,"amount":150},{"posx":5,"posy":8,"amount":600}],"changedObstacles":[{"type":0,"posx":7,"posy":7,"value":-1}]},{"players":[{"playerId":157815,"score":1034,"energy":44,"posx":9,"posy":6,"lastAction":1,"status":0},{"playerId":2483603,"score":1200,"energy":21,"posx":1,"posy":3,"lastAction":5,"status":0},{"playerId":2534350,"score":934,"energy":12,"posx":14,"posy":3,"lastAction":5,"status":0},{"playerId":2287533,"score":684,"energy":25,"posx":7,"posy":7,"lastAction":4,"status":0}],"golds":[{"posx":0,"posy":0,"amount":50},{"posx":3,"posy":1,"amount":400},{"posx":9,"posy":1,"amount":600},{"posx":17,"posy":1,"amount":200},{"posx":12,"posy":2,"amount":600},{"posx":15,"posy":2,"amount":300},{"posx":1,"posy":3,"amount":50},{"posx":12,"posy":4,"amount":50},{"posx":16,"posy":4,"amount":250},{"posx":17,"posy":4,"amount":650},{"posx":12,"posy":6,"amount":50},{"posx":6,"posy":7,"amount":150},{"posx":5,"posy":8,"amount":600}],"changedObstacles":[{"type":3,"posx":9,"posy":6,"value":-20},{"type":0,"posx":14,"posy":3,"value":-1}]},{"players":[{"playerId":157815,"score":1034,"energy":43,"posx":10,"posy":6,"lastAction":1,"status":0},{"playerId":2483603,"score":1250,"energy":16,"posx":1,"posy":3,"lastAction":5,"status":0},{"playerId":2534350,"score":934,"energy":24,"posx":14,"posy":3,"lastAction":4,"status":0},{"playerId":2287533,"score":684,"energy":21,"posx":6,"posy":7,"lastAction":0,"status":0}],"golds":[{"posx":0,"posy":0,"amount":50},{"posx":3,"posy":1,"amount":400},{"posx":9,"posy":1,"amount":600},{"posx":17,"posy":1,"amount":200},{"posx":12,"posy":2,"amount":600},{"posx":15,"posy":2,"amount":300},{"posx":12,"posy":4,"amount":50},{"posx":16,"posy":4,"amount":250},{"posx":17,"posy":4,"amount":650},{"posx":12,"posy":6,"amount":50},{"posx":6,"posy":7,"amount":150},{"posx":5,"posy":8,"amount":600}],"changedObstacles":[{"type":0,"posx":1,"posy":3,"value":-1}]},{"players":[{"playerId":157815,"score":1034,"energy":31,"posx":11,"posy":6,"lastAction":1,"status":0},{"playerId":2483603,"score":1250,"energy":15,"posx":2,"posy":3,"lastAction":1,"status":0},{"playerId":2534350,"score":934,"energy":23,"posx":15,"posy":3,"lastAction":1,"status":0},{"playerId":2287533,"score":734,"energy":16,"posx":6,"posy":7,"lastAction":5,"status":0}],"golds":[{"posx":0,"posy":0,"amount":50},{"posx":3,"posy":1,"amount":400},{"posx":9,"posy":1,"amount":600},{"posx":17,"posy":1,"amount":200},{"posx":12,"posy":2,"amount":600},{"posx":15,"posy":2,"amount":300},{"posx":12,"posy":4,"amount":50},{"posx":16,"posy":4,"amount":250},{"posx":17,"posy":4,"amount":650},{"posx":12,"posy":6,"amount":50},{"posx":6,"posy":7,"amount":100},{"posx":5,"posy":8,"amount":600}],"changedObstacles":[]},{"players":[{"playerId":157815,"score":1034,"energy":27,"posx":12,"posy":6,"lastAction":1,"status":0},{"playerId":2483603,"score":1250,"energy":14,"posx":2,"posy":2,"lastAction":2,"status":0},{"playerId":2534350,"score":934,"energy":13,"posx":16,"posy":3,"lastAction":1,"status":0},{"playerId":2287533,"score":784,"energy":11,"posx":6,"posy":7,"lastAction":5,"status":0}],"golds":[{"posx":0,"posy":0,"amount":50},{"posx":3,"posy":1,"amount":400},{"posx":9,"posy":1,"amount":600},{"posx":17,"posy":1,"amount":200},{"posx":12,"posy":2,"amount":600},{"posx":15,"posy":2,"amount":300},{"posx":12,"posy":4,"amount":50},{"posx":16,"posy":4,"amount":250},{"posx":17,"posy":4,"amount":650},{"posx":12,"posy":6,"amount":50},{"posx":6,"posy":7,"amount":50},{"posx":5,"posy":8,"amount":600}],"changedObstacles":[{"type":0,"posx":16,"posy":3,"value":-1}]},{"players":[{"playerId":157815,"score":1084,"energy":22,"posx":12,"posy":6,"lastAction":5,"status":0},{"playerId":2483603,"score":1250,"energy":13,"posx":2,"posy":1,"lastAction":2,"status":0},{"playerId":2534350,"score":934,"energy":25,"posx":16,"posy":3,"lastAction":4,"status":0},{"playerId":2287533,"score":834,"energy":6,"posx":6,"posy":7,"lastAction":5,"status":0}],"golds":[{"posx":0,"posy":0,"amount":50},{"posx":3,"posy":1,"amount":400},{"posx":9,"posy":1,"amount":600},{"posx":17,"posy":1,"amount":200},{"posx":12,"posy":2,"amount":600},{"posx":15,"posy":2,"amount":300},{"posx":12,"posy":4,"amount":50},{"posx":16,"posy":4,"amount":250},{"posx":17,"posy":4,"amount":650},{"posx":5,"posy":8,"amount":600}],"changedObstacles":[{"type":0,"posx":12,"posy":6,"value":-1},{"type":0,"posx":6,"posy":7,"value":-1}]},{"players":[{"playerId":157815,"score":1084,"energy":21,"posx":12,"posy":5,"lastAction":2,"status":0},{"playerId":2483603,"score":1250,"energy":9,"posx":3,"posy":1,"lastAction":1,"status":0},{"playerId":2534350,"score":934,"energy":16,"posx":17,"posy":3,"lastAction":1,"status":0},{"playerId":2287533,"score":834,"energy":18,"posx":6,"posy":7,"lastAction":4,"status":0}],"golds":[{"posx":0,"posy":0,"amount":50},{"posx":3,"posy":1,"amount":400},{"posx":9,"posy":1,"amount":600},{"posx":17,"posy":1,"amount":200},{"posx":12,"posy":2,"amount":600},{"posx":15,"posy":2,"amount":300},{"posx":12,"posy":4,"amount":50},{"posx":16,"posy":4,"amount":250},{"posx":17,"posy":4,"amount":650},{"posx":5,"posy":8,"amount":600}],"changedObstacles":[]},{"players":[{"playerId":157815,"score":1084,"energy":17,"posx":12,"posy":4,"lastAction":2,"status":0},{"playerId":2483603,"score":1300,"energy":4,"posx":3,"posy":1,"lastAction":5,"status":0},{"playerId":2534350,"score":934,"energy":12,"posx":17,"posy":4,"lastAction":3,"status":0},{"playerId":2287533,"score":834,"energy":34,"posx":6,"posy":7,"lastAction":4,"status":0}],"golds":[{"posx":0,"posy":0,"amount":50},{"posx":3,"posy":1,"amount":350},{"posx":9,"posy":1,"amount":600},{"posx":17,"posy":1,"amount":200},{"posx":12,"posy":2,"amount":600},{"posx":15,"posy":2,"amount":300},{"posx":12,"posy":4,"amount":50},{"posx":16,"posy":4,"amount":250},{"posx":17,"posy":4,"amount":650},{"posx":5,"posy":8,"amount":600}],"changedObstacles":[]},{"players":[{"playerId":157815,"score":1134,"energy":12,"posx":12,"posy":4,"lastAction":5,"status":0},{"playerId":2483603,"score":1300,"energy":16,"posx":3,"posy":1,"lastAction":4,"status":0},{"playerId":2534350,"score":984,"energy":7,"posx":17,"posy":4,"lastAction":5,"status":0},{"playerId":2287533,"score":834,"energy":33,"posx":5,"posy":7,"lastAction":0,"status":0}],"golds":[{"posx":0,"posy":0,"amount":50},{"posx":3,"posy":1,"amount":350},{"posx":9,"posy":1,"amount":600},{"posx":17,"posy":1,"amount":200},{"posx":12,"posy":2,"amount":600},{"posx":15,"posy":2,"amount":300},{"posx":16,"posy":4,"amount":250},{"posx":17,"posy":4,"amount":600},{"posx":5,"posy":8,"amount":600}],"changedObstacles":[{"type":0,"posx":12,"posy":4,"value":-1}]},{"players":[{"playerId":157815,"score":1134,"energy":11,"posx":12,"posy":3,"lastAction":2,"status":0},{"playerId":2483603,"score":1300,"energy":32,"posx":3,"posy":1,"lastAction":4,"status":0},{"playerId":2534350,"score":1034,"energy":2,"posx":17,"posy":4,"lastAction":5,"status":0},{"playerId":2287533,"score":834,"energy":29,"posx":5,"posy":8,"lastAction":3,"status":0}],"golds":[{"posx":0,"posy":0,"amount":50},{"posx":3,"posy":1,"amount":350},{"posx":9,"posy":1,"amount":600},{"posx":17,"posy":1,"amount":200},{"posx":12,"posy":2,"amount":600},{"posx":15,"posy":2,"amount":300},{"posx":16,"posy":4,"amount":250},{"posx":17,"posy":4,"amount":550},{"posx":5,"posy":8,"amount":600}],"changedObstacles":[]},{"players":[{"playerId":157815,"score":1134,"energy":7,"posx":12,"posy":2,"lastAction":2,"status":0},{"playerId":2483603,"score":1350,"energy":27,"posx":3,"posy":1,"lastAction":5,"status":0},{"playerId":2534350,"score":1034,"energy":14,"posx":17,"posy":4,"lastAction":4,"status":0},{"playerId":2287533,"score":884,"energy":24,"posx":5,"posy":8,"lastAction":5,"status":0}],"golds":[{"posx":0,"posy":0,"amount":50},{"posx":3,"posy":1,"amount":300},{"posx":9,"posy":1,"amount":600},{"posx":17,"posy":1,"amount":200},{"posx":12,"posy":2,"amount":600},{"posx":15,"posy":2,"amount":300},{"posx":16,"posy":4,"amount":250},{"posx":17,"posy":4,"amount":550},{"posx":5,"posy":8,"amount":550}],"changedObstacles":[]},{"players":[{"playerId":157815,"score":1184,"energy":2,"posx":12,"posy":2,"lastAction":5,"status":0},{"playerId":2483603,"score":1400,"energy":22,"posx":3,"posy":1,"lastAction":5,"status":0},{"playerId":2534350,"score":1084,"energy":9,"posx":17,"posy":4,"lastAction":5,"status":0},{"playerId":2287533,"score":934,"energy":19,"posx":5,"posy":8,"lastAction":5,"status":0}],"golds":[{"posx":0,"posy":0,"amount":50},{"posx":3,"posy":1,"amount":250},{"posx":9,"posy":1,"amount":600},{"posx":17,"posy":1,"amount":200},{"posx":12,"posy":2,"amount":550},{"posx":15,"posy":2,"amount":300},{"posx":16,"posy":4,"amount":250},{"posx":17,"posy":4,"amount":500},{"posx":5,"posy":8,"amount":500}],"changedObstacles":[]},{"players":[{"playerId":157815,"score":1184,"energy":14,"posx":12,"posy":2,"lastAction":4,"status":0},{"playerId":2483603,"score":1450,"energy":17,"posx":3,"posy":1,"lastAction":5,"status":0},{"playerId":2534350,"score":1134,"energy":4,"posx":17,"posy":4,"lastAction":5,"status":0},{"playerId":2287533,"score":984,"energy":14,"posx":5,"posy":8,"lastAction":5,"status":0}],"golds":[{"posx":0,"posy":0,"amount":50},{"posx":3,"posy":1,"amount":200},{"posx":9,"posy":1,"amount":600},{"posx":17,"posy":1,"amount":200},{"posx":12,"posy":2,"amount":550},{"posx":15,"posy":2,"amount":300},{"posx":16,"posy":4,"amount":250},{"posx":17,"posy":4,"amount":450},{"posx":5,"posy":8,"amount":450}],"changedObstacles":[]},{"players":[{"playerId":157815,"score":1184,"energy":30,"posx":12,"posy":2,"lastAction":4,"status":0},{"playerId":2483603,"score":1500,"energy":12,"posx":3,"posy":1,"lastAction":5,"status":0},{"playerId":2534350,"score":1134,"energy":16,"posx":17,"posy":4,"lastAction":4,"status":0},{"playerId":2287533,"score":1034,"energy":9,"posx":5,"posy":8,"lastAction":5,"status":0}],"golds":[{"posx":0,"posy":0,"amount":50},{"posx":3,"posy":1,"amount":150},{"posx":9,"posy":1,"amount":600},{"posx":17,"posy":1,"amount":200},{"posx":12,"posy":2,"amount":550},{"posx":15,"posy":2,"amount":300},{"posx":16,"posy":4,"amount":250},{"posx":17,"posy":4,"amount":450},{"posx":5,"posy":8,"amount":400}],"changedObstacles":[]},{"players":[{"playerId":157815,"score":1184,"energy":50,"posx":12,"posy":2,"lastAction":4,"status":0},{"playerId":2483603,"score":1550,"energy":7,"posx":3,"posy":1,"lastAction":5,"status":0},{"playerId":2534350,"score":1184,"energy":11,"posx":17,"posy":4,"lastAction":5,"status":0},{"playerId":2287533,"score":1084,"energy":4,"posx":5,"posy":8,"lastAction":5,"status":0}],"golds":[{"posx":0,"posy":0,"amount":50},{"posx":3,"posy":1,"amount":100},{"posx":9,"posy":1,"amount":600},{"posx":17,"posy":1,"amount":200},{"posx":12,"posy":2,"amount":550},{"posx":15,"posy":2,"amount":300},{"posx":16,"posy":4,"amount":250},{"posx":17,"posy":4,"amount":400},{"posx":5,"posy":8,"amount":350}],"changedObstacles":[]},{"players":[{"playerId":157815,"score":1234,"energy":45,"posx":12,"posy":2,"lastAction":5,"status":0},{"playerId":2483603,"score":1600,"energy":2,"posx":3,"posy":1,"lastAction":5,"status":0},{"playerId":2534350,"score":1234,"energy":6,"posx":17,"posy":4,"lastAction":5,"status":0},{"playerId":2287533,"score":1084,"energy":16,"posx":5,"posy":8,"lastAction":4,"status":0}],"golds":[{"posx":0,"posy":0,"amount":50},{"posx":3,"posy":1,"amount":50},{"posx":9,"posy":1,"amount":600},{"posx":17,"posy":1,"amount":200},{"posx":12,"posy":2,"amount":500},{"posx":15,"posy":2,"amount":300},{"posx":16,"posy":4,"amount":250},{"posx":17,"posy":4,"amount":350},{"posx":5,"posy":8,"amount":350}],"changedObstacles":[]},{"players":[{"playerId":157815,"score":1284,"energy":40,"posx":12,"posy":2,"lastAction":5,"status":0},{"playerId":2483603,"score":1600,"energy":14,"posx":3,"posy":1,"lastAction":4,"status":0},{"playerId":2534350,"score":1284,"energy":1,"posx":17,"posy":4,"lastAction":5,"status":0},{"playerId":2287533,"score":1134,"energy":11,"posx":5,"posy":8,"lastAction":5,"status":0}],"golds":[{"posx":0,"posy":0,"amount":50},{"posx":3,"posy":1,"amount":50},{"posx":9,"posy":1,"amount":600},{"posx":17,"posy":1,"amount":200},{"posx":12,"posy":2,"amount":450},{"posx":15,"posy":2,"amount":300},{"posx":16,"posy":4,"amount":250},{"posx":17,"posy":4,"amount":300},{"posx":5,"posy":8,"amount":300}],"changedObstacles":[]},{"players":[{"playerId":157815,"score":1334,"energy":35,"posx":12,"posy":2,"lastAction":5,"status":0},{"playerId":2483603,"score":1600,"energy":30,"posx":3,"posy":1,"lastAction":4,"status":0},{"playerId":2534350,"score":1284,"energy":13,"posx":17,"posy":4,"lastAction":4,"status":0},{"playerId":2287533,"score":1184,"energy":6,"posx":5,"posy":8,"lastAction":5,"status":0}],"golds":[{"posx":0,"posy":0,"amount":50},{"posx":3,"posy":1,"amount":50},{"posx":9,"posy":1,"amount":600},{"posx":17,"posy":1,"amount":200},{"posx":12,"posy":2,"amount":400},{"posx":15,"posy":2,"amount":300},{"posx":16,"posy":4,"amount":250},{"posx":17,"posy":4,"amount":300},{"posx":5,"posy":8,"amount":250}],"changedObstacles":[]},{"players":[{"playerId":157815,"score":1384,"energy":30,"posx":12,"posy":2,"lastAction":5,"status":0},{"playerId":2483603,"score":1650,"energy":25,"posx":3,"posy":1,"lastAction":5,"status":0},{"playerId":2534350,"score":1334,"energy":8,"posx":17,"posy":4,"lastAction":5,"status":0},{"playerId":2287533,"score":1234,"energy":1,"posx":5,"posy":8,"lastAction":5,"status":0}],"golds":[{"posx":0,"posy":0,"amount":50},{"posx":9,"posy":1,"amount":600},{"posx":17,"posy":1,"amount":200},{"posx":12,"posy":2,"amount":350},{"posx":15,"posy":2,"amount":300},{"posx":16,"posy":4,"amount":250},{"posx":17,"posy":4,"amount":250},{"posx":5,"posy":8,"amount":200}],"changedObstacles":[{"type":0,"posx":3,"posy":1,"value":-1}]},{"players":[{"playerId":157815,"score":1434,"energy":25,"posx":12,"posy":2,"lastAction":5,"status":0},{"playerId":2483603,"score":1650,"energy":10,"posx":4,"posy":1,"lastAction":1,"status":0},{"playerId":2534350,"score":1384,"energy":3,"posx":17,"posy":4,"lastAction":5,"status":0},{"playerId":2287533,"score":1234,"energy":13,"posx":5,"posy":8,"lastAction":4,"status":0}],"golds":[{"posx":0,"posy":0,"amount":50},{"posx":9,"posy":1,"amount":600},{"posx":17,"posy":1,"amount":200},{"posx":12,"posy":2,"amount":300},{"posx":15,"posy":2,"amount":300},{"posx":16,"posy":4,"amount":250},{"posx":17,"posy":4,"amount":200},{"posx":5,"posy":8,"amount":200}],"changedObstacles":[]},{"players":[{"playerId":157815,"score":1484,"energy":20,"posx":12,"posy":2,"lastAction":5,"status":0},{"playerId":2483603,"score":1650,"energy":5,"posx":5,"posy":1,"lastAction":1,"status":0},{"playerId":2534350,"score":1384,"energy":15,"posx":17,"posy":4,"lastAction":4,"status":0},{"playerId":2287533,"score":1284,"energy":8,"posx":5,"posy":8,"lastAction":5,"status":0}],"golds":[{"posx":0,"posy":0,"amount":50},{"posx":9,"posy":1,"amount":600},{"posx":17,"posy":1,"amount":200},{"posx":12,"posy":2,"amount":250},{"posx":15,"posy":2,"amount":300},{"posx":16,"posy":4,"amount":250},{"posx":17,"posy":4,"amount":200},{"posx":5,"posy":8,"amount":150}],"changedObstacles":[{"type":3,"posx":5,"posy":1,"value":-20}]},{"players":[{"playerId":157815,"score":1534,"energy":15,"posx":12,"posy":2,"lastAction":5,"status":0},{"playerId":2483603,"score":1650,"energy":4,"posx":6,"posy":1,"lastAction":1,"status":0},{"playerId":2534350,"score":1434,"energy":10,"posx":17,"posy":4,"lastAction":5,"status":0},{"playerId":2287533,"score":1334,"energy":3,"posx":5,"posy":8,"lastAction":5,"status":0}],"golds":[{"posx":0,"posy":0,"amount":50},{"posx":9,"posy":1,"amount":600},{"posx":17,"posy":1,"amount":200},{"posx":12,"posy":2,"amount":200},{"posx":15,"posy":2,"amount":300},{"posx":16,"posy":4,"amount":250},{"posx":17,"posy":4,"amount":150},{"posx":5,"posy":8,"amount":100}],"changedObstacles":[]},{"players":[{"playerId":157815,"score":1584,"energy":10,"posx":12,"posy":2,"lastAction":5,"status":0},{"playerId":2483603,"score":1650,"energy":16,"posx":6,"posy":1,"lastAction":4,"status":0},{"playerId":2534350,"score":1484,"energy":5,"posx":17,"posy":4,"lastAction":5,"status":0},{"playerId":2287533,"score":1334,"energy":15,"posx":5,"posy":8,"lastAction":4,"status":0}],"golds":[{"posx":0,"posy":0,"amount":50},{"posx":9,"posy":1,"amount":600},{"posx":17,"posy":1,"amount":200},{"posx":12,"posy":2,"amount":150},{"posx":15,"posy":2,"amount":300},{"posx":16,"posy":4,"amount":250},{"posx":17,"posy":4,"amount":100},{"posx":5,"posy":8,"amount":100}],"changedObstacles":[]},{"players":[{"playerId":157815,"score":1634,"energy":5,"posx":12,"posy":2,"lastAction":5,"status":0},{"playerId":2483603,"score":1650,"energy":32,"posx":6,"posy":1,"lastAction":4,"status":0},{"playerId":2534350,"score":1484,"energy":17,"posx":17,"posy":4,"lastAction":4,"status":0},{"playerId":2287533,"score":1384,"energy":10,"posx":5,"posy":8,"lastAction":5,"status":0}],"golds":[{"posx":0,"posy":0,"amount":50},{"posx":9,"posy":1,"amount":600},{"posx":17,"posy":1,"amount":200},{"posx":12,"posy":2,"amount":100},{"posx":15,"posy":2,"amount":300},{"posx":16,"posy":4,"amount":250},{"posx":17,"posy":4,"amount":100},{"posx":5,"posy":8,"amount":50}],"changedObstacles":[]},{"players":[{"playerId":157815,"score":1634,"energy":17,"posx":12,"posy":2,"lastAction":4,"status":0},{"playerId":2483603,"score":1650,"energy":25,"posx":7,"posy":1,"lastAction":1,"status":0},{"playerId":2534350,"score":1534,"energy":12,"posx":17,"posy":4,"lastAction":5,"status":0},{"playerId":2287533,"score":1434,"energy":5,"posx":5,"posy":8,"lastAction":5,"status":0}],"golds":[{"posx":0,"posy":0,"amount":50},{"posx":9,"posy":1,"amount":600},{"posx":17,"posy":1,"amount":200},{"posx":12,"posy":2,"amount":100},{"posx":15,"posy":2,"amount":300},{"posx":16,"posy":4,"amount":250},{"posx":17,"posy":4,"amount":50}],"changedObstacles":[{"type":0,"posx":5,"posy":8,"value":-1}]},{"players":[{"playerId":157815,"score":1634,"energy":33,"posx":12,"posy":2,"lastAction":4,"status":0},{"playerId":2483603,"score":1650,"energy":24,"posx":8,"posy":1,"lastAction":1,"status":0},{"playerId":2534350,"score":1584,"energy":7,"posx":17,"posy":4,"lastAction":5,"status":0},{"playerId":2287533,"score":1434,"energy":17,"posx":5,"posy":8,"lastAction":4,"status":0}],"golds":[{"posx":0,"posy":0,"amount":50},{"posx":9,"posy":1,"amount":600},{"posx":17,"posy":1,"amount":200},{"posx":12,"posy":2,"amount":100},{"posx":15,"posy":2,"amount":300},{"posx":16,"posy":4,"amount":250}],"changedObstacles":[{"type":0,"posx":17,"posy":4,"value":-1}]},{"players":[{"playerId":157815,"score":1634,"energy":50,"posx":12,"posy":2,"lastAction":4,"status":0},{"playerId":2483603,"score":1650,"energy":20,"posx":9,"posy":1,"lastAction":1,"status":0},{"playerId":2534350,"score":1584,"energy":3,"posx":16,"posy":4,"lastAction":0,"status":0},{"playerId":2287533,"score":1434,"energy":33,"posx":5,"posy":8,"lastAction":4,"status":0}],"golds":[{"posx":0,"posy":0,"amount":50},{"posx":9,"posy":1,"amount":600},{"posx":17,"posy":1,"amount":200},{"posx":12,"posy":2,"amount":100},{"posx":15,"posy":2,"amount":300},{"posx":16,"posy":4,"amount":250}],"changedObstacles":[]},{"players":[{"playerId":157815,"score":1684,"energy":45,"posx":12,"posy":2,"lastAction":5,"status":0},{"playerId":2483603,"score":1700,"energy":15,"posx":9,"posy":1,"lastAction":5,"status":0},{"playerId":2534350,"score":1584,"energy":15,"posx":16,"posy":4,"lastAction":4,"status":0},{"playerId":2287533,"score":1434,"energy":50,"posx":5,"posy":8,"lastAction":4,"status":0}],"golds":[{"posx":0,"posy":0,"amount":50},{"posx":9,"posy":1,"amount":550},{"posx":17,"posy":1,"amount":200},{"posx":12,"posy":2,"amount":50},{"posx":15,"posy":2,"amount":300},{"posx":16,"posy":4,"amount":250}],"changedObstacles":[]},{"players":[{"playerId":157815,"score":1734,"energy":40,"posx":12,"posy":2,"lastAction":5,"status":0},{"playerId":2483603,"score":1750,"energy":10,"posx":9,"posy":1,"lastAction":5,"status":0},{"playerId":2534350,"score":1634,"energy":10,"posx":16,"posy":4,"lastAction":5,"status":0},{"playerId":2287533,"score":1434,"energy":49,"posx":6,"posy":8,"lastAction":1,"status":0}],"golds":[{"posx":0,"posy":0,"amount":50},{"posx":9,"posy":1,"amount":500},{"posx":17,"posy":1,"amount":200},{"posx":15,"posy":2,"amount":300},{"posx":16,"posy":4,"amount":200}],"changedObstacles":[{"type":0,"posx":12,"posy":2,"value":-1}]},{"players":[{"playerId":157815,"score":1734,"energy":33,"posx":13,"posy":2,"lastAction":1,"status":0},{"playerId":2483603,"score":1800,"energy":5,"posx":9,"posy":1,"lastAction":5,"status":0},{"playerId":2534350,"score":1684,"energy":5,"posx":16,"posy":4,"lastAction":5,"status":0},{"playerId":2287533,"score":1434,"energy":39,"posx":7,"posy":8,"lastAction":1,"status":0}],"golds":[{"posx":0,"posy":0,"amount":50},{"posx":9,"posy":1,"amount":450},{"posx":17,"posy":1,"amount":200},{"posx":15,"posy":2,"amount":300},{"posx":16,"posy":4,"amount":150}],"changedObstacles":[{"type":0,"posx":7,"posy":8,"value":-1}]},{"players":[{"playerId":157815,"score":1734,"energy":23,"posx":14,"posy":2,"lastAction":1,"status":0},{"playerId":2483603,"score":1800,"energy":17,"posx":9,"posy":1,"lastAction":4,"status":0},{"playerId":2534350,"score":1684,"energy":17,"posx":16,"posy":4,"lastAction":4,"status":0},{"playerId":2287533,"score":1434,"energy":38,"posx":8,"posy":8,"lastAction":1,"status":0}],"golds":[{"posx":0,"posy":0,"amount":50},{"posx":9,"posy":1,"amount":450},{"posx":17,"posy":1,"amount":200},{"posx":15,"posy":2,"amount":300},{"posx":16,"posy":4,"amount":150}],"changedObstacles":[{"type":0,"posx":14,"posy":2,"value":-1}]},{"players":[{"playerId":157815,"score":1734,"energy":19,"posx":15,"posy":2,"lastAction":1,"status":0},{"playerId":2483603,"score":1800,"energy":33,"posx":9,"posy":1,"lastAction":4,"status":0},{"playerId":2534350,"score":1734,"energy":12,"posx":16,"posy":4,"lastAction":5,"status":0},{"playerId":2287533,"score":1434,"energy":37,"posx":9,"posy":8,"lastAction":1,"status":0}],"golds":[{"posx":0,"posy":0,"amount":50},{"posx":9,"posy":1,"amount":450},{"posx":17,"posy":1,"amount":200},{"posx":15,"posy":2,"amount":300},{"posx":16,"posy":4,"amount":100}],"changedObstacles":[]},{"players":[{"playerId":157815,"score":1784,"energy":14,"posx":15,"posy":2,"lastAction":5,"status":0},{"playerId":2483603,"score":1850,"energy":28,"posx":9,"posy":1,"lastAction":5,"status":0},{"playerId":2534350,"score":1784,"energy":7,"posx":16,"posy":4,"lastAction":5,"status":0},{"playerId":2287533,"score":1434,"energy":32,"posx":9,"posy":7,"lastAction":2,"status":0}],"golds":[{"posx":0,"posy":0,"amount":50},{"posx":9,"posy":1,"amount":400},{"posx":17,"posy":1,"amount":200},{"posx":15,"posy":2,"amount":250},{"posx":16,"posy":4,"amount":50}],"changedObstacles":[{"type":3,"posx":9,"posy":7,"value":-20}]},{"players":[{"playerId":157815,"score":1834,"energy":9,"posx":15,"posy":2,"lastAction":5,"status":0},{"playerId":2483603,"score":1900,"energy":23,"posx":9,"posy":1,"lastAction":5,"status":0},{"playerId":2534350,"score":1834,"energy":2,"posx":16,"posy":4,"lastAction":5,"status":0},{"playerId":2287533,"score":1434,"energy":12,"posx":9,"posy":6,"lastAction":2,"status":0}],"golds":[{"posx":0,"posy":0,"amount":50},{"posx":9,"posy":1,"amount":350},{"posx":17,"posy":1,"amount":200},{"posx":15,"posy":2,"amount":200}],"changedObstacles":[{"type":3,"posx":9,"posy":6,"value":-40},{"type":0,"posx":16,"posy":4,"value":-1}]},{"players":[{"playerId":157815,"score":1884,"energy":4,"posx":15,"posy":2,"lastAction":5,"status":0},{"playerId":2483603,"score":1950,"energy":18,"posx":9,"posy":1,"lastAction":5,"status":0},{"playerId":2534350,"score":1834,"energy":14,"posx":16,"posy":4,"lastAction":4,"status":0},{"playerId":2287533,"score":1434,"energy":24,"posx":9,"posy":6,"lastAction":4,"status":0}],"golds":[{"posx":0,"posy":0,"amount":50},{"posx":9,"posy":1,"amount":300},{"posx":17,"posy":1,"amount":200},{"posx":15,"posy":2,"amount":150}],"changedObstacles":[]},{"players":[{"playerId":157815,"score":1884,"energy":16,"posx":15,"posy":2,"lastAction":4,"status":0},{"playerId":2483603,"score":2000,"energy":13,"posx":9,"posy":1,"lastAction":5,"status":0},{"playerId":2534350,"score":1834,"energy":30,"posx":16,"posy":4,"lastAction":4,"status":0},{"playerId":2287533,"score":1434,"energy":23,"posx":9,"posy":5,"lastAction":2,"status":0}],"golds":[{"posx":0,"posy":0,"amount":50},{"posx":9,"posy":1,"amount":250},{"posx":17,"posy":1,"amount":200},{"posx":15,"posy":2,"amount":150}],"changedObstacles":[]},{"players":[{"playerId":157815,"score":1884,"energy":32,"posx":15,"posy":2,"lastAction":4,"status":0},{"playerId":2483603,"score":2050,"energy":8,"posx":9,"posy":1,"lastAction":5,"status":0},{"playerId":2534350,"score":1834,"energy":29,"posx":16,"posy":3,"lastAction":2,"status":0},{"playerId":2287533,"score":1434,"energy":22,"posx":9,"posy":4,"lastAction":2,"status":0}],"golds":[{"posx":0,"posy":0,"amount":50},{"posx":9,"posy":1,"amount":200},{"posx":17,"posy":1,"amount":200},{"posx":15,"posy":2,"amount":150}],"changedObstacles":[]},{"players":[{"playerId":157815,"score":1884,"energy":50,"posx":15,"posy":2,"lastAction":4,"status":0},{"playerId":2483603,"score":2100,"energy":3,"posx":9,"posy":1,"lastAction":5,"status":0},{"playerId":2534350,"score":1834,"energy":28,"posx":16,"posy":2,"lastAction":2,"status":0},{"playerId":2287533,"score":1434,"energy":21,"posx":9,"posy":3,"lastAction":2,"status":0}],"golds":[{"posx":0,"posy":0,"amount":50},{"posx":9,"posy":1,"amount":150},{"posx":17,"posy":1,"amount":200},{"posx":15,"posy":2,"amount":150}],"changedObstacles":[]},{"players":[{"playerId":157815,"score":1934,"energy":45,"posx":15,"posy":2,"lastAction":5,"status":0},{"playerId":2483603,"score":2100,"energy":15,"posx":9,"posy":1,"lastAction":4,"status":0},{"playerId":2534350,"score":1834,"energy":23,"posx":16,"posy":1,"lastAction":2,"status":0},{"playerId":2287533,"score":1434,"energy":11,"posx":9,"posy":2,"lastAction":2,"status":0}],"golds":[{"posx":0,"posy":0,"amount":50},{"posx":9,"posy":1,"amount":150},{"posx":17,"posy":1,"amount":200},{"posx":15,"posy":2,"amount":100}],"changedObstacles":[{"type":3,"posx":16,"posy":1,"value":-20},{"type":0,"posx":9,"posy":2,"value":-1}]},{"players":[{"playerId":157815,"score":1984,"energy":40,"posx":15,"posy":2,"lastAction":5,"status":0},{"playerId":2483603,"score":2100,"energy":31,"posx":9,"posy":1,"lastAction":4,"status":0},{"playerId":2534350,"score":1834,"energy":19,"posx":17,"posy":1,"lastAction":1,"status":0},{"playerId":2287533,"score":1434,"energy":23,"posx":9,"posy":2,"lastAction":4,"status":0}],"golds":[{"posx":0,"posy":0,"amount":50},{"posx":9,"posy":1,"amount":150},{"posx":17,"posy":1,"amount":200},{"posx":15,"posy":2,"amount":50}],"changedObstacles":[]},{"players":[{"playerId":157815,"score":2034,"energy":35,"posx":15,"posy":2,"lastAction":5,"status":0},{"playerId":2483603,"score":2150,"energy":26,"posx":9,"posy":1,"lastAction":5,"status":0},{"playerId":2534350,"score":1884,"energy":14,"posx":17,"posy":1,"lastAction":5,"status":0},{"playerId":2287533,"score":1434,"energy":19,"posx":9,"posy":1,"lastAction":2,"status":0}],"golds":[{"posx":0,"posy":0,"amount":50},{"posx":9,"posy":1,"amount":100},{"posx":17,"posy":1,"amount":150}],"changedObstacles":[{"type":0,"posx":15,"posy":2,"value":-1}]},{"players":[{"playerId":157815,"score":2034,"energy":34,"posx":16,"posy":2,"lastAction":1,"status":0},{"playerId":2483603,"score":2200,"energy":21,"posx":9,"posy":1,"lastAction":5,"status":0},{"playerId":2534350,"score":1934,"energy":9,"posx":17,"posy":1,"lastAction":5,"status":0},{"playerId":2287533,"score":1484,"energy":14,"posx":9,"posy":1,"lastAction":5,"status":0}],"golds":[{"posx":0,"posy":0,"amount":50},{"posx":17,"posy":1,"amount":100}],"changedObstacles":[{"type":0,"posx":9,"posy":1,"value":-1}]},{"players":[{"playerId":157815,"score":2034,"energy":23,"posx":17,"posy":2,"lastAction":1,"status":0},{"playerId":2483603,"score":2200,"energy":4,"posx":10,"posy":1,"lastAction":1,"status":0},{"playerId":2534350,"score":1984,"energy":4,"posx":17,"posy":1,"lastAction":5,"status":0},{"playerId":2287533,"score":1484,"energy":26,"posx":9,"posy":1,"lastAction":4,"status":0}],"golds":[{"posx":0,"posy":0,"amount":50},{"posx":17,"posy":1,"amount":50}],"changedObstacles":[]},{"players":[{"playerId":157815,"score":2034,"energy":19,"posx":17,"posy":1,"lastAction":2,"status":0},{"playerId":2483603,"score":2200,"energy":3,"posx":11,"posy":1,"lastAction":1,"status":0},{"playerId":2534350,"score":1984,"energy":16,"posx":17,"posy":1,"lastAction":4,"status":0},{"playerId":2287533,"score":1484,"energy":11,"posx":10,"posy":1,"lastAction":1,"status":0}],"golds":[{"posx":0,"posy":0,"amount":50},{"posx":17,"posy":1,"amount":50}],"changedObstacles":[]},{"players":[{"playerId":157815,"score":2059,"energy":14,"posx":17,"posy":1,"lastAction":5,"status":0},{"playerId":2483603,"score":2200,"energy":15,"posx":11,"posy":1,"lastAction":4,"status":0},{"playerId":2534350,"score":2009,"energy":11,"posx":17,"posy":1,"lastAction":5,"status":0},{"playerId":2287533,"score":1484,"energy":23,"posx":10,"posy":1,"lastAction":4,"status":0}],"golds":[{"posx":0,"posy":0,"amount":50}],"changedObstacles":[{"type":0,"posx":17,"posy":1,"value":-1}]},{"players":[{"playerId":157815,"score":2059,"energy":26,"posx":17,"posy":1,"lastAction":4,"status":0},{"playerId":2483603,"score":2200,"energy":31,"posx":11,"posy":1,"lastAction":4,"status":0},{"playerId":2534350,"score":2009,"energy":23,"posx":17,"posy":1,"lastAction":4,"status":0},{"playerId":2287533,"score":1484,"energy":39,"posx":10,"posy":1,"lastAction":4,"status":0}],"golds":[{"posx":0,"posy":0,"amount":50}],"changedObstacles":[]},{"players":[{"playerId":157815,"score":2059,"energy":42,"posx":17,"posy":1,"lastAction":4,"status":0},{"playerId":2483603,"score":2200,"energy":50,"posx":11,"posy":1,"lastAction":4,"status":0},{"playerId":2534350,"score":2009,"energy":3,"posx":16,"posy":1,"lastAction":0,"status":0},{"playerId":2287533,"score":1484,"energy":38,"posx":9,"posy":1,"lastAction":0,"status":0}],"golds":[{"posx":0,"posy":0,"amount":50}],"changedObstacles":[{"type":3,"posx":16,"posy":1,"value":-40}]},{"players":[{"playerId":157815,"score":2059,"energy":50,"posx":17,"posy":1,"lastAction":4,"status":0},{"playerId":2483603,"score":2200,"energy":50,"posx":11,"posy":1,"lastAction":4,"status":0},{"playerId":2534350,"score":2009,"energy":15,"posx":16,"posy":1,"lastAction":4,"status":0},{"playerId":2287533,"score":1484,"energy":37,"posx":8,"posy":1,"lastAction":0,"status":0}],"golds":[{"posx":0,"posy":0,"amount":50}],"changedObstacles":[]},{"players":[{"playerId":157815,"score":2059,"energy":50,"posx":17,"posy":1,"lastAction":4,"status":0},{"playerId":2483603,"score":2200,"energy":50,"posx":11,"posy":1,"lastAction":4,"status":0},{"playerId":2534350,"score":2009,"energy":31,"posx":16,"posy":1,"lastAction":4,"status":0},{"playerId":2287533,"score":1484,"energy":23,"posx":7,"posy":1,"lastAction":0,"status":0}],"golds":[{"posx":0,"posy":0,"amount":50}],"changedObstacles":[]},{"players":[{"playerId":157815,"score":2059,"energy":50,"posx":17,"posy":1,"lastAction":4,"status":0},{"playerId":2483603,"score":2200,"energy":50,"posx":11,"posy":1,"lastAction":4,"status":0},{"playerId":2534350,"score":2009,"energy":21,"posx":15,"posy":1,"lastAction":0,"status":0},{"playerId":2287533,"score":1484,"energy":35,"posx":7,"posy":1,"lastAction":4,"status":0}],"golds":[{"posx":0,"posy":0,"amount":50}],"changedObstacles":[]},{"players":[{"playerId":157815,"score":2059,"energy":50,"posx":17,"posy":1,"lastAction":4,"status":0},{"playerId":2483603,"score":2200,"energy":50,"posx":11,"posy":1,"lastAction":4,"status":0},{"playerId":2534350,"score":2009,"energy":20,"posx":14,"posy":1,"lastAction":0,"status":0},{"playerId":2287533,"score":1484,"energy":34,"posx":6,"posy":1,"lastAction":0,"status":0}],"golds":[{"posx":0,"posy":0,"amount":50}],"changedObstacles":[]},{"players":[{"playerId":157815,"score":2059,"energy":50,"posx":17,"posy":1,"lastAction":4,"status":0},{"playerId":2483603,"score":2200,"energy":50,"posx":11,"posy":1,"lastAction":4,"status":0},{"playerId":2534350,"score":2009,"energy":32,"posx":14,"posy":1,"lastAction":4,"status":0},{"playerId":2287533,"score":1484,"energy":14,"posx":5,"posy":1,"lastAction":0,"status":0}],"golds":[{"posx":0,"posy":0,"amount":50}],"changedObstacles":[{"type":3,"posx":5,"posy":1,"value":-40}]},{"players":[{"playerId":157815,"score":2059,"energy":50,"posx":17,"posy":1,"lastAction":4,"status":0},{"playerId":2483603,"score":2200,"energy":50,"posx":11,"posy":1,"lastAction":4,"status":0},{"playerId":2534350,"score":2009,"energy":31,"posx":13,"posy":1,"lastAction":0,"status":0},{"playerId":2287533,"score":1484,"energy":26,"posx":5,"posy":1,"lastAction":4,"status":0}],"golds":[{"posx":0,"posy":0,"amount":50}],"changedObstacles":[]},{"players":[{"playerId":157815,"score":2059,"energy":50,"posx":17,"posy":1,"lastAction":4,"status":0},{"playerId":2483603,"score":2200,"energy":50,"posx":11,"posy":1,"lastAction":4,"status":0},{"playerId":2534350,"score":2009,"energy":21,"posx":12,"posy":1,"lastAction":0,"status":0},{"playerId":2287533,"score":1484,"energy":18,"posx":4,"posy":1,"lastAction":0,"status":0}],"golds":[{"posx":0,"posy":0,"amount":50}],"changedObstacles":[{"type":0,"posx":12,"posy":1,"value":-1}]},{"players":[{"playerId":157815,"score":2059,"energy":50,"posx":17,"posy":1,"lastAction":4,"status":0},{"playerId":2483603,"score":2200,"energy":50,"posx":11,"posy":1,"lastAction":4,"status":0},{"playerId":2534350,"score":2009,"energy":20,"posx":11,"posy":1,"lastAction":0,"status":0},{"playerId":2287533,"score":1484,"energy":30,"posx":4,"posy":1,"lastAction":4,"status":0}],"golds":[{"posx":0,"posy":0,"amount":50}],"changedObstacles":[]},{"players":[{"playerId":157815,"score":2059,"energy":50,"posx":17,"posy":1,"lastAction":4,"status":0},{"playerId":2483603,"score":2200,"energy":50,"posx":11,"posy":1,"lastAction":4,"status":0},{"playerId":2534350,"score":2009,"energy":32,"posx":11,"posy":1,"lastAction":4,"status":0},{"playerId":2287533,"score":1484,"energy":29,"posx":3,"posy":1,"lastAction":0,"status":0}],"golds":[{"posx":0,"posy":0,"amount":50}],"changedObstacles":[]},{"players":[{"playerId":157815,"score":2059,"energy":50,"posx":17,"posy":1,"lastAction":4,"status":0},{"playerId":2483603,"score":2200,"energy":50,"posx":11,"posy":1,"lastAction":4,"status":0},{"playerId":2534350,"score":2009,"energy":17,"posx":10,"posy":1,"lastAction":0,"status":0},{"playerId":2287533,"score":1484,"energy":28,"posx":2,"posy":1,"lastAction":0,"status":0}],"golds":[{"posx":0,"posy":0,"amount":50}],"changedObstacles":[]},{"players":[{"playerId":157815,"score":2059,"energy":50,"posx":17,"posy":1,"lastAction":4,"status":0},{"playerId":2483603,"score":2200,"energy":50,"posx":11,"posy":1,"lastAction":4,"status":0},{"playerId":2534350,"score":2009,"energy":29,"posx":10,"posy":1,"lastAction":4,"status":0},{"playerId":2287533,"score":1484,"energy":18,"posx":1,"posy":1,"lastAction":0,"status":0}],"golds":[{"posx":0,"posy":0,"amount":50}],"changedObstacles":[{"type":0,"posx":1,"posy":1,"value":-1}]},{"players":[{"playerId":157815,"score":2059,"energy":50,"posx":17,"posy":1,"lastAction":4,"status":0},{"playerId":2483603,"score":2200,"energy":50,"posx":11,"posy":1,"lastAction":4,"status":0},{"playerId":2534350,"score":2009,"energy":28,"posx":9,"posy":1,"lastAction":0,"status":0},{"playerId":2287533,"score":1484,"energy":30,"posx":1,"posy":1,"lastAction":4,"status":0}],"golds":[{"posx":0,"posy":0,"amount":50}],"changedObstacles":[]},{"players":[{"playerId":157815,"score":2059,"energy":50,"posx":17,"posy":1,"lastAction":4,"status":0},{"playerId":2483603,"score":2200,"energy":50,"posx":11,"posy":1,"lastAction":4,"status":0},{"playerId":2534350,"score":2009,"energy":27,"posx":8,"posy":1,"lastAction":0,"status":0},{"playerId":2287533,"score":1484,"energy":14,"posx":1,"posy":0,"lastAction":2,"status":0}],"golds":[{"posx":0,"posy":0,"amount":50}],"changedObstacles":[]},{"players":[{"playerId":157815,"score":2059,"energy":50,"posx":17,"posy":1,"lastAction":4,"status":0},{"playerId":2483603,"score":2200,"energy":50,"posx":11,"posy":1,"lastAction":4,"status":0},{"playerId":2534350,"score":2009,"energy":8,"posx":7,"posy":1,"lastAction":0,"status":0},{"playerId":2287533,"score":1484,"energy":26,"posx":1,"posy":0,"lastAction":4,"status":0}],"golds":[{"posx":0,"posy":0,"amount":50}],"changedObstacles":[]},{"players":[{"playerId":157815,"score":2059,"energy":50,"posx":17,"posy":1,"lastAction":4,"status":0},{"playerId":2483603,"score":2200,"energy":50,"posx":11,"posy":1,"lastAction":4,"status":0},{"playerId":2534350,"score":2009,"energy":20,"posx":7,"posy":1,"lastAction":4,"status":0},{"playerId":2287533,"score":1484,"energy":22,"posx":0,"posy":0,"lastAction":0,"status":0}],"golds":[{"posx":0,"posy":0,"amount":50}],"changedObstacles":[]}]