[{"players":[{"playerId":2611188,"score":0,"energy":46},{"playerId":2483603,"score":0,"energy":46},{"playerId":1168092,"score":0,"energy":46},{"playerId":2287533,"score":0,"energy":46}],"golds":[{"posx":8,"posy":4,"amount":50},{"posx":16,"posy":4,"amount":250},{"posx":7,"posy":4,"amount":750},{"posx":17,"posy":4,"amount":650},{"posx":4,"posy":4,"amount":450},{"posx":12,"posy":4,"amount":50},{"posx":9,"posy":1,"amount":600},{"posx":14,"posy":3,"amount":700},{"posx":12,"posy":2,"amount":600},{"posx":0,"posy":0,"amount":50},{"posx":6,"posy":7,"amount":150},{"posx":1,"posy":3,"amount":550},{"posx":3,"posy":1,"amount":400},{"posx":5,"posy":8,"amount":600},{"posx":3,"posy":5,"amount":600},{"posx":8,"posy":7,"amount":100},{"posx":5,"posy":3,"amount":700},{"posx":17,"posy":1,"amount":200},{"posx":15,"posy":2,"amount":300},{"posx":12,"posy":6,"amount":50}],"changedObstacles":[]},{"players":[{"playerId":2611188,"score":50,"energy":41},{"playerId":2483603,"score":50,"energy":41},{"playerId":1168092,"score":50,"energy":41},{"playerId":2287533,"score":50,"energy":41}],"golds":[{"posx":0,"posy":0,"amount":50},{"posx":3,"posy":1,"amount":400},{"posx":9,"posy":1,"amount":600},{"posx":17,"posy":1,"amount":200},{"posx":12,"posy":2,"amount":600},{"posx":15,"posy":2,"amount":300},{"posx":1,"posy":3,"amount":550},{"posx":5,"posy":3,"amount":600},{"posx":14,"posy":3,"amount":700},{"posx":4,"posy":4,"amount":350},{"posx":7,"posy":4,"amount":750},{"posx":8,"posy":4,"amount":50},{"posx":12,"posy":4,"amount":50},{"posx":16,"posy":4,"amount":250},{"posx":17,"posy":4,"amount":650},{"posx":3,"posy":5,"amount":600},{"posx":12,"posy":6,"amount":50},{"posx":6,"posy":7,"amount":150},{"posx":8,"posy":7,"amount":100},{"posx":5,"posy":8,"amount":600}],"changedObstacles":[]},{"players":[{"playerId":2611188,"score":100,"energy":36},{"playerId":2483603,"score":100,"energy":36},{"playerId":1168092,"score":100,"energy":36},{"playerId":2287533,"score":100,"energy":36}],"golds":[{"posx":0,"posy":0,"amount":50},{"posx":3,"posy":1,"amount":400},{"posx":9,"posy":1,"amount":600},{"posx":17,"posy":1,"amount":200},{"posx":12,"posy":2,"amount":600},{"posx":15,"posy":2,"amount":300},{"posx":1,"posy":3,"amount":550},{"posx":5,"posy":3,"amount":500},{"posx":14,"posy":3,"amount":700},{"posx":4,"posy":4,"amount":250},{"posx":7,"posy":4,"amount":750},{"posx":8,"posy":4,"amount":50},{"posx":12,"posy":4,"amount":50},{"posx":16,"posy":4,"amount":250},{"posx":17,"posy":4,"amount":650},{"posx":3,"posy":5,"amount":600},{"posx":12,"posy":6,"amount":50},{"posx":6,"posy":7,"amount":150},{"posx":8,"posy":7,"amount":100},{"posx":5,"posy":8,"amount":600}],"changedObstacles":[]},{"players":[{"playerId":2611188,"score":150,"energy":31},{"playerId":2483603,"score":150,"energy":31},{"playerId":1168092,"score":150,"energy":31},{"playerId":2287533,"score":150,"energy":31}],"golds":[{"posx":0,"posy":0,"amount":50},{"posx":3,"posy":1,"amount":400},{"posx":9,"posy":1,"amount":600},{"posx":17,"posy":1,"amount":200},{"posx":12,"posy":2,"amount":600},{"posx":15,"posy":2,"amount":300},{"posx":1,"posy":3,"amount":550},{"posx":5,"posy":3,"amount":400},{"posx":14,"posy":3,"amount":700},{"posx":4,"posy":4,"amount":150},{"posx":7,"posy":4,"amount":750},{"posx":8,"posy":4,"amount":50},{"posx":12,"posy":4,"amount":50},{"posx":16,"posy":4,"amount":250},{"posx":17,"posy":4,"amount":650},{"posx":3,"posy":5,"amount":600},{"posx":12,"posy":6,"amount":50},{"posx":6,"posy":7,"amount":150},{"posx":8,"posy":7,"amount":100},{"posx":5,"posy":8,"amount":600}],"changedObstacles":[]},{"players":[{"playerId":2611188,"score":200,"energy":26},{"playerId":2483603,"score":200,"energy":26},{"playerId":1168092,"score":200,"energy":26},{"playerId":2287533,"score":200,"energy":26}],"golds":[{"posx":0,"posy":0,"amount":50},{"posx":3,"posy":1,"amount":400},{"posx":9,"posy":1,"amount":600},{"posx":17,"posy":1,"amount":200},{"posx":12,"posy":2,"amount":600},{"posx":15,"posy":2,"amount":300},{"posx":1,"posy":3,"amount":550},{"posx":5,"posy":3,"amount":300},{"posx":14,"posy":3,"amount":700},{"posx":4,"posy":4,"amount":50},{"posx":7,"posy":4,"amount":750},{"posx":8,"posy":4,"amount":50},{"posx":12,"posy":4,"amount":50},{"posx":16,"posy":4,"amount":250},{"posx":17,"posy":4,"amount":650},{"posx":3,"posy":5,"amount":600},{"posx":12,"posy":6,"amount":50},{"posx":6,"posy":7,"amount":150},{"posx":8,"posy":7,"amount":100},{"posx":5,"posy":8,"amount":600}],"changedObstacles":[]},{"players":[{"playerId":2611188,"score":225,"energy":21},{"playerId":2483603,"score":225,"energy":21},{"playerId":1168092,"score":250,"energy":21},{"playerId":2287533,"score":250,"energy":21}],"golds":[{"posx":0,"posy":0,"amount":50},{"posx":3,"posy":1,"amount":400},{"posx":9,"posy":1,"amount":600},{"posx":17,"posy":1,"amount":200},{"posx":12,"posy":2,"amount":600},{"posx":15,"posy":2,"amount":300},{"posx":1,"posy":3,"amount":550},{"posx":5,"posy":3,"amount":200},{"posx":14,"posy":3,"amount":700},{"posx":7,"posy":4,"amount":750},{"posx":8,"posy":4,"amount":50},{"posx":12,"posy":4,"amount":50},{"posx":16,"posy":4,"amount":250},{"posx":17,"posy":4,"amount":650},{"posx":3,"posy":5,"amount":600},{"posx":12,"posy":6,"amount":50},{"posx":6,"posy":7,"amount":150},{"posx":8,"posy":7,"amount":100},{"posx":5,"posy":8,"amount":600}],"changedObstacles":[{"type":0,"posx":4,"posy":4,"value":-1}]},{"players":[{"playerId":2611188,"score":225,"energy":11},{"playerId":2483603,"score":225,"energy":20},{"playerId":1168092,"score":300,"energy":16},{"playerId":2287533,"score":300,"energy":16}],"golds":[{"posx":0,"posy":0,"amount":50},{"posx":3,"posy":1,"amount":400},{"posx":9,"posy":1,"amount":600},{"posx":17,"posy":1,"amount":200},{"posx":12,"posy":2,"amount":600},{"posx":15,"posy":2,"amount":300},{"posx":1,"posy":3,"amount":550},{"posx":5,"posy":3,"amount":100},{"posx":14,"posy":3,"amount":700},{"posx":7,"posy":4,"amount":750},{"posx":8,"posy":4,"amount":50},{"posx":12,"posy":4,"amount":50},{"posx":16,"posy":4,"amount":250},{"posx":17,"posy":4,"amount":650},{"posx":3,"posy":5,"amount":600},{"posx":12,"posy":6,"amount":50},{"posx":6,"posy":7,"amount":150},{"posx":8,"posy":7,"amount":100},{"posx":5,"posy":8,"amount":600}],"changedObstacles":[{"type":0,"posx":3,"posy":4,"value":-1}]},{"players":[{"playerId":2611188,"score":225,"energy":7},{"playerId":2483603,"score":225,"energy":16},{"playerId":1168092,"score":350,"energy":11},{"playerId":2287533,"score":350,"energy":11}],"golds":[{"posx":0,"posy":0,"amount":50},{"posx":3,"posy":1,"amount":400},{"posx":9,"posy":1,"amount":600},{"posx":17,"posy":1,"amount":200},{"posx":12,"posy":2,"amount":600},{"posx":15,"posy":2,"amount":300},{"posx":1,"posy":3,"amount":550},{"posx":14,"posy":3,"amount":700},{"posx":7,"posy":4,"amount":750},{"posx":8,"posy":4,"amount":50},{"posx":12,"posy":4,"amount":50},{"posx":16,"posy":4,"amount":250},{"posx":17,"posy":4,"amount":650},{"posx":3,"posy":5,"amount":600},{"posx":12,"posy":6,"amount":50},{"posx":6,"posy":7,"amount":150},{"posx":8,"posy":7,"amount":100},{"posx":5,"posy":8,"amount":600}],"changedObstacles":[{"type":0,"posx":5,"posy":3,"value":-1}]},{"players":[{"playerId":2611188,"score":275,"energy":2},{"playerId":2483603,"score":225,"energy":11},{"playerId":1168092,"score":350,"energy":6},{"playerId":2287533,"score":350,"energy":23}],"golds":[{"posx":0,"posy":0,"amount":50},{"posx":3,"posy":1,"amount":400},{"posx":9,"posy":1,"amount":600},{"posx":17,"posy":1,"amount":200},{"posx":12,"posy":2,"amount":600},{"posx":15,"posy":2,"amount":300},{"posx":1,"posy":3,"amount":550},{"posx":14,"posy":3,"amount":700},{"posx":7,"posy":4,"amount":750},{"posx":8,"posy":4,"amount":50},{"posx":12,"posy":4,"amount":50},{"posx":16,"posy":4,"amount":250},{"posx":17,"posy":4,"amount":650},{"posx":3,"posy":5,"amount":550},{"posx":12,"posy":6,"amount":50},{"posx":6,"posy":7,"amount":150},{"posx":8,"posy":7,"amount":100},{"posx":5,"posy":8,"amount":600}],"changedObstacles":[{"type":3,"posx":5,"posy":4,"value":-20}]},{"players":[{"playerId":2611188,"score":275,"energy":14},{"playerId":2483603,"score":225,"energy":1},{"playerId":1168092,"score":350,"energy":5},{"playerId":2287533,"score":350,"energy":13}],"golds":[{"posx":0,"posy":0,"amount":50},{"posx":3,"posy":1,"amount":400},{"posx":9,"posy":1,"amount":600},{"posx":17,"posy":1,"amount":200},{"posx":12,"posy":2,"amount":600},{"posx":15,"posy":2,"amount":300},{"posx":1,"posy":3,"amount":550},{"posx":14,"posy":3,"amount":700},{"posx":7,"posy":4,"amount":750},{"posx":8,"posy":4,"amount":50},{"posx":12,"posy":4,"amount":50},{"posx":16,"posy":4,"amount":250},{"posx":17,"posy":4,"amount":650},{"posx":3,"posy":5,"amount":550},{"posx":12,"posy":6,"amount":50},{"posx":6,"posy":7,"amount":150},{"posx":8,"posy":7,"amount":100},{"posx":5,"posy":8,"amount":600}],"changedObstacles":[{"type":0,"posx":6,"posy":4,"value":-1},{"type":0,"posx":6,"posy":3,"value":-1}]},{"players":[{"playerId":2611188,"score":275,"energy":30},{"playerId":2483603,"score":225,"energy":13},{"playerId":1168092,"score":350,"energy":17},{"playerId":2287533,"score":350,"energy":25}],"golds":[{"posx":0,"posy":0,"amount":50},{"posx":3,"posy":1,"amount":400},{"posx":9,"posy":1,"amount":600},{"posx":17,"posy":1,"amount":200},{"posx":12,"posy":2,"amount":600},{"posx":15,"posy":2,"amount":300},{"posx":1,"posy":3,"amount":550},{"posx":14,"posy":3,"amount":700},{"posx":7,"posy":4,"amount":750},{"posx":8,"posy":4,"amount":50},{"posx":12,"posy":4,"amount":50},{"posx":16,"posy":4,"amount":250},{"posx":17,"posy":4,"amount":650},{"posx":3,"posy":5,"amount":550},{"posx":12,"posy":6,"amount":50},{"posx":6,"posy":7,"amount":150},{"posx":8,"posy":7,"amount":100},{"posx":5,"posy":8,"amount":600}],"changedObstacles":[]},{"players":[{"playerId":2611188,"score":275,"energy":50},{"playerId":2483603,"score":225,"energy":29},{"playerId":1168092,"score":350,"energy":7},{"playerId":2287533,"score":350,"energy":6}],"golds":[{"posx":0,"posy":0,"amount":50},{"posx":3,"posy":1,"amount":400},{"posx":9,"posy":1,"amount":600},{"posx":17,"posy":1,"amount":200},{"posx":12,"posy":2,"amount":600},{"posx":15,"posy":2,"amount":300},{"posx":1,"posy":3,"amount":550},{"posx":14,"posy":3,"amount":700},{"posx":7,"posy":4,"amount":750},{"posx":8,"posy":4,"amount":50},{"posx":12,"posy":4,"amount":50},{"posx":16,"posy":4,"amount":250},{"posx":17,"posy":4,"amount":650},{"posx":3,"posy":5,"amount":550},{"posx":12,"posy":6,"amount":50},{"posx":6,"posy":7,"amount":150},{"posx":8,"posy":7,"amount":100},{"posx":5,"posy":8,"amount":600}],"changedObstacles":[{"type":0,"posx":5,"posy":6,"value":-1}]},{"players":[{"playerId":2611188,"score":325,"energy":45},{"playerId":2483603,"score":225,"energy":25},{"playerId":1168092,"score":350,"energy":6},{"playerId":2287533,"score":350,"energy":18}],"golds":[{"posx":0,"posy":0,"amount":50},{"posx":3,"posy":1,"amount":400},{"posx":9,"posy":1,"amount":600},{"posx":17,"posy":1,"amount":200},{"posx":12,"posy":2,"amount":600},{"posx":15,"posy":2,"amount":300},{"posx":1,"posy":3,"amount":550},{"posx":14,"posy":3,"amount":700},{"posx":7,"posy":4,"amount":750},{"posx":8,"posy":4,"amount":50},{"posx":12,"posy":4,"amount":50},{"posx":16,"posy":4,"amount":250},{"posx":17,"posy":4,"amount":650},{"posx":3,"posy":5,"amount":500},{"posx":12,"posy":6,"amount":50},{"posx":6,"posy":7,"amount":150},{"posx":8,"posy":7,"amount":100},{"posx":5,"posy":8,"amount":600}],"changedObstacles":[]},{"players":[{"playerId":2611188,"score":375,"energy":40},{"playerId":2483603,"score":275,"energy":20},{"playerId":1168092,"score":350,"energy":2},{"playerId":2287533,"score":350,"energy":34}],"golds":[{"posx":0,"posy":0,"amount":50},{"posx":3,"posy":1,"amount":400},{"posx":9,"posy":1,"amount":600},{"posx":17,"posy":1,"amount":200},{"posx":12,"posy":2,"amount":600},{"posx":15,"posy":2,"amount":300},{"posx":1,"posy":3,"amount":550},{"posx":14,"posy":3,"amount":700},{"posx":7,"posy":4,"amount":700},{"posx":8,"posy":4,"amount":50},{"posx":12,"posy":4,"amount":50},{"posx":16,"posy":4,"amount":250},{"posx":17,"posy":4,"amount":650},{"posx":3,"posy":5,"amount":450},{"posx":12,"posy":6,"amount":50},{"posx":6,"posy":7,"amount":150},{"posx":8,"posy":7,"amount":100},{"posx":5,"posy":8,"amount":600}],"changedObstacles":[]},{"players":[{"playerId":2611188,"score":425,"energy":35},{"playerId":2483603,"score":325,"energy":15},{"playerId":1168092,"score":350,"energy":14},{"playerId":2287533,"score":350,"energy":30}],"golds":[{"posx":0,"posy":0,"amount":50},{"posx":3,"posy":1,"amount":400},{"posx":9,"posy":1,"amount":600},{"posx":17,"posy":1,"amount":200},{"posx":12,"posy":2,"amount":600},{"posx":15,"posy":2,"amount":300},{"posx":1,"posy":3,"amount":550},{"posx":14,"posy":3,"amount":700},{"posx":7,"posy":4,"amount":650},{"posx":8,"posy":4,"amount":50},{"posx":12,"posy":4,"amount":50},{"posx":16,"posy":4,"amount":250},{"posx":17,"posy":4,"amount":650},{"posx":3,"posy":5,"amount":400},{"posx":12,"posy":6,"amount":50},{"posx":6,"posy":7,"amount":150},{"posx":8,"posy":7,"amount":100},{"posx":5,"posy":8,"amount":600}],"changedObstacles":[]},{"players":[{"playerId":2611188,"score":475,"energy":30},{"playerId":2483603,"score":375,"energy":10},{"playerId":1168092,"score":400,"energy":9},{"playerId":2287533,"score":400,"energy":25}],"golds":[{"posx":0,"posy":0,"amount":50},{"posx":3,"posy":1,"amount":400},{"posx":9,"posy":1,"amount":600},{"posx":17,"posy":1,"amount":200},{"posx":12,"posy":2,"amount":600},{"posx":15,"posy":2,"amount":300},{"posx":1,"posy":3,"amount":550},{"posx":14,"posy":3,"amount":700},{"posx":7,"posy":4,"amount":550},{"posx":8,"posy":4,"amount":50},{"posx":12,"posy":4,"amount":50},{"posx":16,"posy":4,"amount":250},{"posx":17,"posy":4,"amount":650},{"posx":3,"posy":5,"amount":350},{"posx":12,"posy":6,"amount":50},{"posx":6,"posy":7,"amount":100},{"posx":8,"posy":7,"amount":100},{"posx":5,"posy":8,"amount":600}],"changedObstacles":[]},{"players":[{"playerId":2611188,"score":525,"energy":25},{"playerId":2483603,"score":425,"energy":5},{"playerId":1168092,"score":450,"energy":4},{"playerId":2287533,"score":450,"energy":20}],"golds":[{"posx":0,"posy":0,"amount":50},{"posx":3,"posy":1,"amount":400},{"posx":9,"posy":1,"amount":600},{"posx":17,"posy":1,"amount":200},{"posx":12,"posy":2,"amount":600},{"posx":15,"posy":2,"amount":300},{"posx":1,"posy":3,"amount":550},{"posx":14,"posy":3,"amount":700},{"posx":7,"posy":4,"amount":450},{"posx":8,"posy":4,"amount":50},{"posx":12,"posy":4,"amount":50},{"posx":16,"posy":4,"amount":250},{"posx":17,"posy":4,"amount":650},{"posx":3,"posy":5,"amount":300},{"posx":12,"posy":6,"amount":50},{"posx":6,"posy":7,"amount":50},{"posx":8,"posy":7,"amount":100},{"posx":5,"posy":8,"amount":600}],"changedObstacles":[]},{"players":[{"playerId":2611188,"score":575,"energy":20},{"playerId":2483603,"score":425,"energy":17},{"playerId":1168092,"score":450,"energy":16},{"playerId":2287533,"score":500,"energy":15}],"golds":[{"posx":0,"posy":0,"amount":50},{"posx":3,"posy":1,"amount":400},{"posx":9,"posy":1,"amount":600},{"posx":17,"posy":1,"amount":200},{"posx":12,"posy":2,"amount":600},{"posx":15,"posy":2,"amount":300},{"posx":1,"posy":3,"amount":550},{"posx":14,"posy":3,"amount":700},{"posx":7,"posy":4,"amount":400},{"posx":8,"posy":4,"amount":50},{"posx":12,"posy":4,"amount":50},{"posx":16,"posy":4,"amount":250},{"posx":17,"posy":4,"amount":650},{"posx":3,"posy":5,"amount":250},{"posx":12,"posy":6,"amount":50},{"posx":6,"posy":7,"amount":50},{"posx":8,"posy":7,"amount":100},{"posx":5,"posy":8,"amount":600}],"changedObstacles":[]},{"players":[{"playerId":2611188,"score":625,"energy":15},{"playerId":2483603,"score":425,"energy":33},{"playerId":1168092,"score":500,"energy":11},{"playerId":2287533,"score":550,"energy":10}],"golds":[{"posx":0,"posy":0,"amount":50},{"posx":3,"posy":1,"amount":400},{"posx":9,"posy":1,"amount":600},{"posx":17,"posy":1,"amount":200},{"posx":12,"posy":2,"amount":600},{"posx":15,"posy":2,"amount":300},{"posx":1,"posy":3,"amount":550},{"posx":14,"posy":3,"amount":700},{"posx":7,"posy":4,"amount":350},{"posx":8,"posy":4,"amount":50},{"posx":12,"posy":4,"amount":50},{"posx":16,"posy":4,"amount":250},{"posx":17,"posy":4,"amount":650},{"posx":3,"posy":5,"amount":200},{"posx":12,"posy":6,"amount":50},{"posx":8,"posy":7,"amount":100},{"posx":5,"posy":8,"amount":600}],"changedObstacles":[{"type":0,"posx":6,"posy":7,"value":-1}]},{"players":[{"playerId":2611188,"score":675,"energy":10},{"playerId":2483603,"score":475,"energy":28},{"playerId":1168092,"score":500,"energy":1},{"playerId":2287533,"score":600,"energy":5}],"golds":[{"posx":0,"posy":0,"amount":50},{"posx":3,"posy":1,"amount":400},{"posx":9,"posy":1,"amount":600},{"posx":17,"posy":1,"amount":200},{"posx":12,"posy":2,"amount":600},{"posx":15,"posy":2,"amount":300},{"posx":1,"posy":3,"amount":550},{"posx":14,"posy":3,"amount":700},{"posx":7,"posy":4,"amount":250},{"posx":8,"posy":4,"amount":50},{"posx":12,"posy":4,"amount":50},{"posx":16,"posy":4,"amount":250},{"posx":17,"posy":4,"amount":650},{"posx":3,"posy":5,"amount":150},{"posx":12,"posy":6,"amount":50},{"posx":8,"posy":7,"amount":100},{"posx":5,"posy":8,"amount":600}],"changedObstacles":[{"type":0,"posx":7,"posy":7,"value":-1}]},{"players":[{"playerId":2611188,"score":725,"energy":5},{"playerId":2483603,"score":525,"energy":23},{"playerId":1168092,"score":500,"energy":13},{"playerId":2287533,"score":600,"energy":17}],"golds":[{"posx":0,"posy":0,"amount":50},{"posx":3,"posy":1,"amount":400},{"posx":9,"posy":1,"amount":600},{"posx":17,"posy":1,"amount":200},{"posx":12,"posy":2,"amount":600},{"posx":15,"posy":2,"amount":300},{"posx":1,"posy":3,"amount":550},{"posx":14,"posy":3,"amount":700},{"posx":7,"posy":4,"amount":200},{"posx":8,"posy":4,"amount":50},{"posx":12,"posy":4,"amount":50},{"posx":16,"posy":4,"amount":250},{"posx":17,"posy":4,"amount":650},{"posx":3,"posy":5,"amount":100},{"posx":12,"posy":6,"amount":50},{"posx":8,"posy":7,"amount":100},{"posx":5,"posy":8,"amount":600}],"changedObstacles":[]},{"players":[{"playerId":2611188,"score":725,"energy":17},{"playerId":2483603,"score":575,"energy":18},{"playerId":1168092,"score":500,"energy":9},{"playerId":2287533,"score":650,"energy":12}],"golds":[{"posx":0,"posy":0,"amount":50},{"posx":3,"posy":1,"amount":400},{"posx":9,"posy":1,"amount":600},{"posx":17,"posy":1,"amount":200},{"posx":12,"posy":2,"amount":600},{"posx":15,"posy":2,"amount":300},{"posx":1,"posy":3,"amount":550},{"posx":14,"posy":3,"amount":700},{"posx":7,"posy":4,"amount":100},{"posx":8,"posy":4,"amount":50},{"posx":12,"posy":4,"amount":50},{"posx":16,"posy":4,"amount":250},{"posx":17,"posy":4,"amount":650},{"posx":3,"posy":5,"amount":100},{"posx":12,"posy":6,"amount":50},{"posx":8,"posy":7,"amount":100},{"posx":5,"posy":8,"amount":600}],"changedObstacles":[]},{"players":[{"playerId":2611188,"score":725,"energy":33},{"playerId":2483603,"score":625,"energy":13},{"playerId":1168092,"score":550,"energy":4},{"playerId":2287533,"score":700,"energy":7}],"golds":[{"posx":0,"posy":0,"amount":50},{"posx":3,"posy":1,"amount":400},{"posx":9,"posy":1,"amount":600},{"posx":17,"posy":1,"amount":200},{"posx":12,"posy":2,"amount":600},{"posx":15,"posy":2,"amount":300},{"posx":1,"posy":3,"amount":550},{"posx":14,"posy":3,"amount":700},{"posx":8,"posy":4,"amount":50},{"posx":12,"posy":4,"amount":50},{"posx":16,"posy":4,"amount":250},{"posx":17,"posy":4,"amount":650},{"posx":3,"posy":5,"amount":100},{"posx":12,"posy":6,"amount":50},{"posx":8,"posy":7,"amount":50},{"posx":5,"posy":8,"amount":600}],"changedObstacles":[{"type":0,"posx":7,"posy":4,"value":-1}]},{"players":[{"playerId":2611188,"score":725,"energy":50},{"playerId":2483603,"score":625,"energy":9},{"playerId":1168092,"score":550,"energy":16},{"playerId":2287533,"score":700,"energy":19}],"golds":[{"posx":0,"posy":0,"amount":50},{"posx":3,"posy":1,"amount":400},{"posx":9,"posy":1,"amount":600},{"posx":17,"posy":1,"amount":200},{"posx":12,"posy":2,"amount":600},{"posx":15,"posy":2,"amount":300},{"posx":1,"posy":3,"amount":550},{"posx":14,"posy":3,"amount":700},{"posx":8,"posy":4,"amount":50},{"posx":12,"posy":4,"amount":50},{"posx":16,"posy":4,"amount":250},{"posx":17,"posy":4,"amount":650},{"posx":3,"posy":5,"amount":100},{"posx":12,"posy":6,"amount":50},{"posx":8,"posy":7,"amount":50},{"posx":5,"posy":8,"amount":600}],"changedObstacles":[]},{"players":[{"playerId":2611188,"score":775,"energy":45},{"playerId":2483603,"score":675,"energy":4},{"playerId":1168092,"score":600,"energy":11},{"playerId":2287533,"score":700,"energy":35}],"golds":[{"posx":0,"posy":0,"amount":50},{"posx":3,"posy":1,"amount":400},{"posx":9,"posy":1,"amount":600},{"posx":17,"posy":1,"amount":200},{"posx":12,"posy":2,"amount":600},{"posx":15,"posy":2,"amount":300},{"posx":1,"posy":3,"amount":550},{"posx":14,"posy":3,"amount":700},{"posx":12,"posy":4,"amount":50},{"posx":16,"posy":4,"amount":250},{"posx":17,"posy":4,"amount":650},{"posx":3,"posy":5,"amount":50},{"posx":12,"posy":6,"amount":50},{"posx":5,"posy":8,"amount":600}],"changedObstacles":[{"type":0,"posx":8,"posy":4,"value":-1},{"type":0,"posx":8,"posy":7,"value":-1}]},{"players":[{"playerId":2611188,"score":825,"energy":40},{"playerId":2483603,"score":675,"energy":16},{"playerId":1168092,"score":600,"energy":6},{"playerId":2287533,"score":700,"energy":34}],"golds":[{"posx":0,"posy":0,"amount":50},{"posx":3,"posy":1,"amount":400},{"posx":9,"posy":1,"amount":600},{"posx":17,"posy":1,"amount":200},{"posx":12,"posy":2,"amount":600},{"posx":15,"posy":2,"amount":300},{"posx":1,"posy":3,"amount":550},{"posx":14,"posy":3,"amount":700},{"posx":12,"posy":4,"amount":50},{"posx":16,"posy":4,"amount":250},{"posx":17,"posy":4,"amount":650},{"posx":12,"posy":6,"amount":50},{"posx":5,"posy":8,"amount":600}],"changedObstacles":[{"type":3,"posx":9,"posy":7,"value":-20},{"type":0,"posx":3,"posy":5,"value":-1}]},{"players":[{"playerId":2611188,"score":825,"energy":39},{"playerId":2483603,"score":675,"energy":32},{"playerId":1168092,"score":600,"energy":1},{"playerId":2287533,"score":700,"energy":33}],"golds":[{"posx":0,"posy":0,"amount":50},{"posx":3,"posy":1,"amount":400},{"posx":9,"posy":1,"amount":600},{"posx":17,"posy":1,"amount":200},{"posx":12,"posy":2,"amount":600},{"posx":15,"posy":2,"amount":300},{"posx":1,"posy":3,"amount":550},{"posx":14,"posy":3,"amount":700},{"posx":12,"posy":4,"amount":50},{"posx":16,"posy":4,"amount":250},{"posx":17,"posy":4,"amount":650},{"posx":12,"posy":6,"amount":50},{"posx":5,"posy":8,"amount":600}],"changedObstacles":[{"type":3,"posx":9,"posy":6,"value":-20}]},{"players":[{"playerId":2611188,"score":825,"energy":38},{"playerId":2483603,"score":675,"energy":31},{"playerId":1168092,"score":600,"energy":13},{"playerId":2287533,"score":700,"energy":32}],"golds":[{"posx":0,"posy":0,"amount":50},{"posx":3,"posy":1,"amount":400},{"posx":9,"posy":1,"amount":600},{"posx":17,"posy":1,"amount":200},{"posx":12,"posy":2,"amount":600},{"posx":15,"posy":2,"amount":300},{"posx":1,"posy":3,"amount":550},{"posx":14,"posy":3,"amount":700},{"posx":12,"posy":4,"amount":50},{"posx":16,"posy":4,"amount":250},{"posx":17,"posy":4,"amount":650},{"posx":12,"posy":6,"amount":50},{"posx":5,"posy":8,"amount":600}],"changedObstacles":[]},{"players":[{"playerId":2611188,"score":825,"energy":18},{"playerId":2483603,"score":675,"energy":30},{"playerId":1168092,"score":600,"energy":12},{"playerId":2287533,"score":700,"energy":22}],"golds":[{"posx":0,"posy":0,"amount":50},{"posx":3,"posy":1,"amount":400},{"posx":9,"posy":1,"amount":600},{"posx":17,"posy":1,"amount":200},{"posx":12,"posy":2,"amount":600},{"posx":15,"posy":2,"amount":300},{"posx":1,"posy":3,"amount":550},{"posx":14,"posy":3,"amount":700},{"posx":12,"posy":4,"amount":50},{"posx":16,"posy":4,"amount":250},{"posx":17,"posy":4,"amount":650},{"posx":12,"posy":6,"amount":50},{"posx":5,"posy":8,"amount":600}],"changedObstacles":[{"type":3,"posx":5,"posy":4,"value":-40},{"type":0,"posx":9,"posy":2,"value":-1}]},{"players":[{"playerId":2611188,"score":825,"energy":17},{"playerId":2483603,"score":675,"energy":29},{"playerId":1168092,"score":600,"energy":11},{"playerId":2287533,"score":700,"energy":18}],"golds":[{"posx":0,"posy":0,"amount":50},{"posx":3,"posy":1,"amount":400},{"posx":9,"posy":1,"amount":600},{"posx":17,"posy":1,"amount":200},{"posx":12,"posy":2,"amount":600},{"posx":15,"posy":2,"amount":300},{"posx":1,"posy":3,"amount":550},{"posx":14,"posy":3,"amount":700},{"posx":12,"posy":4,"amount":50},{"posx":16,"posy":4,"amount":250},{"posx":17,"posy":4,"amount":650},{"posx":12,"posy":6,"amount":50},{"posx":5,"posy":8,"amount":600}],"changedObstacles":[]},{"players":[{"playerId":2611188,"score":825,"energy":16},{"playerId":2483603,"score":675,"energy":25},{"playerId":1168092,"score":600,"energy":10},{"playerId":2287533,"score":750,"energy":13}],"golds":[{"posx":0,"posy":0,"amount":50},{"posx":3,"posy":1,"amount":400},{"posx":9,"posy":1,"amount":550},{"posx":17,"posy":1,"amount":200},{"posx":12,"posy":2,"amount":600},{"posx":15,"posy":2,"amount":300},{"posx":1,"posy":3,"amount":550},{"posx":14,"posy":3,"amount":700},{"posx":12,"posy":4,"amount":50},{"posx":16,"posy":4,"amount":250},{"posx":17,"posy":4,"amount":650},{"posx":12,"posy":6,"amount":50},{"posx":5,"posy":8,"amount":600}],"changedObstacles":[]},{"players":[{"playerId":2611188,"score":825,"energy":15},{"playerId":2483603,"score":725,"energy":20},{"playerId":1168092,"score":600,"energy":9},{"playerId":2287533,"score":800,"energy":8}],"golds":[{"posx":0,"posy":0,"amount":50},{"posx":3,"posy":1,"amount":400},{"posx":9,"posy":1,"amount":450},{"posx":17,"posy":1,"amount":200},{"posx":12,"posy":2,"amount":600},{"posx":15,"posy":2,"amount":300},{"posx":1,"posy":3,"amount":550},{"posx":14,"posy":3,"amount":700},{"posx":12,"posy":4,"amount":50},{"posx":16,"posy":4,"amount":250},{"posx":17,"posy":4,"amount":650},{"posx":12,"posy":6,"amount":50},{"posx":5,"posy":8,"amount":600}],"changedObstacles":[]},{"players":[{"playerId":2611188,"score":825,"energy":14},{"playerId":2483603,"score":775,"energy":15},{"playerId":1168092,"score":600,"energy":5},{"playerId":2287533,"score":850,"energy":3}],"golds":[{"posx":0,"posy":0,"amount":50},{"posx":3,"posy":1,"amount":400},{"posx":9,"posy":1,"amount":350},{"posx":17,"posy":1,"amount":200},{"posx":12,"posy":2,"amount":600},{"posx":15,"posy":2,"amount":300},{"posx":1,"posy":3,"amount":550},{"posx":14,"posy":3,"amount":700},{"posx":12,"posy":4,"amount":50},{"posx":16,"posy":4,"amount":250},{"posx":17,"posy":4,"amount":650},{"posx":12,"posy":6,"amount":50},{"posx":5,"posy":8,"amount":600}],"changedObstacles":[]},{"players":[{"playerId":2611188,"score":825,"energy":4},{"playerId":2483603,"score":825,"energy":10},{"playerId":1168092,"score":600,"energy":17},{"playerId":2287533,"score":850,"energy":15}],"golds":[{"posx":0,"posy":0,"amount":50},{"posx":3,"posy":1,"amount":400},{"posx":9,"posy":1,"amount":300},{"posx":17,"posy":1,"amount":200},{"posx":12,"posy":2,"amount":600},{"posx":15,"posy":2,"amount":300},{"posx":1,"posy":3,"amount":550},{"posx":14,"posy":3,"amount":700},{"posx":12,"posy":4,"amount":50},{"posx":16,"posy":4,"amount":250},{"posx":17,"posy":4,"amount":650},{"posx":12,"posy":6,"amount":50},{"posx":5,"posy":8,"amount":600}],"changedObstacles":[{"type":0,"posx":10,"posy":4,"value":-1}]},{"players":[{"playerId":2611188,"score":825,"energy":3},{"playerId":2483603,"score":875,"energy":5},{"playerId":1168092,"score":650,"energy":12},{"playerId":2287533,"score":900,"energy":10}],"golds":[{"posx":0,"posy":0,"amount":50},{"posx":3,"posy":1,"amount":400},{"posx":9,"posy":1,"amount":150},{"posx":17,"posy":1,"amount":200},{"posx":12,"posy":2,"amount":600},{"posx":15,"posy":2,"amount":300},{"posx":1,"posy":3,"amount":550},{"posx":14,"posy":3,"amount":700},{"posx":12,"posy":4,"amount":50},{"posx":16,"posy":4,"amount":250},{"posx":17,"posy":4,"amount":650},{"posx":12,"posy":6,"amount":50},{"posx":5,"posy":8,"amount":600}],"changedObstacles":[]},{"players":[{"playerId":2611188,"score":825,"energy":15},{"playerId":2483603,"score":875,"energy":17},{"playerId":1168092,"score":700,"energy":7},{"playerId":2287533,"score":950,"energy":5}],"golds":[{"posx":0,"posy":0,"amount":50},{"posx":3,"posy":1,"amount":400},{"posx":9,"posy":1,"amount":50},{"posx":17,"posy":1,"amount":200},{"posx":12,"posy":2,"amount":600},{"posx":15,"posy":2,"amount":300},{"posx":1,"posy":3,"amount":550},{"posx":14,"posy":3,"amount":700},{"posx":12,"posy":4,"amount":50},{"posx":16,"posy":4,"amount":250},{"posx":17,"posy":4,"amount":650},{"posx":12,"posy":6,"amount":50},{"posx":5,"posy":8,"amount":600}],"changedObstacles":[]},{"players":[{"playerId":2611188,"score":825,"energy":31},{"playerId":2483603,"score":875,"energy":33},{"playerId":1168092,"score":750,"energy":2},{"playerId":2287533,"score":950,"energy":17}],"golds":[{"posx":0,"posy":0,"amount":50},{"posx":3,"posy":1,"amount":400},{"posx":17,"posy":1,"amount":200},{"posx":12,"posy":2,"amount":600},{"posx":15,"posy":2,"amount":300},{"posx":1,"posy":3,"amount":550},{"posx":14,"posy":3,"amount":700},{"posx":12,"posy":4,"amount":50},{"posx":16,"posy":4,"amount":250},{"posx":17,"posy":4,"amount":650},{"posx":12,"posy":6,"amount":50},{"posx":5,"posy":8,"amount":600}],"changedObstacles":[{"type":0,"posx":9,"posy":1,"value":-1}]},{"players":[{"playerId":2611188,"score":825,"energy":50},{"playerId":2483603,"score":875,"energy":32},{"playerId":1168092,"score":750,"energy":14},{"playerId":2287533,"score":950,"energy":33}],"golds":[{"posx":0,"posy":0,"amount":50},{"posx":3,"posy":1,"amount":400},{"posx":17,"posy":1,"amount":200},{"posx":12,"posy":2,"amount":600},{"posx":15,"posy":2,"amount":300},{"posx":1,"posy":3,"amount":550},{"posx":14,"posy":3,"amount":700},{"posx":12,"posy":4,"amount":50},{"posx":16,"posy":4,"amount":250},{"posx":17,"posy":4,"amount":650},{"posx":12,"posy":6,"amount":50},{"posx":5,"posy":8,"amount":600}],"changedObstacles":[]},{"players":[{"playerId":2611188,"score":825,"energy":46},{"playerId":2483603,"score":875,"energy":27},{"playerId":1168092,"score":750,"energy":30},{"playerId":2287533,"score":950,"energy":26}],"golds":[{"posx":0,"posy":0,"amount":50},{"posx":3,"posy":1,"amount":400},{"posx":17,"posy":1,"amount":200},{"posx":12,"posy":2,"amount":600},{"posx":15,"posy":2,"amount":300},{"posx":1,"posy":3,"amount":550},{"posx":14,"posy":3,"amount":700},{"posx":12,"posy":4,"amount":50},{"posx":16,"posy":4,"amount":250},{"posx":17,"posy":4,"amount":650},{"posx":12,"posy":6,"amount":50},{"posx":5,"posy":8,"amount":600}],"changedObstacles":[{"type":3,"posx":10,"posy":2,"value":-20}]},{"players":[{"playerId":2611188,"score":875,"energy":41},{"playerId":2483603,"score":875,"energy":22},{"playerId":1168092,"score":750,"energy":22},{"playerId":2287533,"score":950,"energy":25}],"golds":[{"posx":0,"posy":0,"amount":50},{"posx":3,"posy":1,"amount":400},{"posx":17,"posy":1,"amount":200},{"posx":12,"posy":2,"amount":600},{"posx":15,"posy":2,"amount":300},{"posx":1,"posy":3,"amount":550},{"posx":14,"posy":3,"amount":700},{"posx":16,"posy":4,"amount":250},{"posx":17,"posy":4,"amount":650},{"posx":12,"posy":6,"amount":50},{"posx":5,"posy":8,"amount":600}],"changedObstacles":[{"type":3,"posx":11,"posy":2,"value":-20},{"type":0,"posx":12,"posy":4,"value":-1}]},{"players":[{"playerId":2611188,"score":875,"energy":36},{"playerId":2483603,"score":875,"energy":18},{"playerId":1168092,"score":750,"energy":21},{"playerId":2287533,"score":950,"energy":15}],"golds":[{"posx":0,"posy":0,"amount":50},{"posx":3,"posy":1,"amount":400},{"posx":17,"posy":1,"amount":200},{"posx":12,"posy":2,"amount":600},{"posx":15,"posy":2,"amount":300},{"posx":1,"posy":3,"amount":550},{"posx":14,"posy":3,"amount":700},{"posx":16,"posy":4,"amount":250},{"posx":17,"posy":4,"amount":650},{"posx":12,"posy":6,"amount":50},{"posx":5,"posy":8,"amount":600}],"changedObstacles":[{"type":3,"posx":13,"posy":4,"value":-20},{"type":0,"posx":12,"posy":1,"value":-1}]},{"players":[{"playerId":2611188,"score":875,"energy":31},{"playerId":2483603,"score":925,"energy":13},{"playerId":1168092,"score":750,"energy":20},{"playerId":2287533,"score":950,"energy":27}],"golds":[{"posx":0,"posy":0,"amount":50},{"posx":3,"posy":1,"amount":400},{"posx":17,"posy":1,"amount":200},{"posx":12,"posy":2,"amount":550},{"posx":15,"posy":2,"amount":300},{"posx":1,"posy":3,"amount":550},{"posx":14,"posy":3,"amount":700},{"posx":16,"posy":4,"amount":250},{"posx":17,"posy":4,"amount":650},{"posx":12,"posy":6,"amount":50},{"posx":5,"posy":8,"amount":600}],"changedObstacles":[{"type":3,"posx":14,"posy":4,"value":-20}]},{"players":[{"playerId":2611188,"score":875,"energy":27},{"playerId":2483603,"score":975,"energy":8},{"playerId":1168092,"score":750,"energy":16},{"playerId":2287533,"score":950,"energy":23}],"golds":[{"posx":0,"posy":0,"amount":50},{"posx":3,"posy":1,"amount":400},{"posx":17,"posy":1,"amount":200},{"posx":12,"posy":2,"amount":500},{"posx":15,"posy":2,"amount":300},{"posx":1,"posy":3,"amount":550},{"posx":14,"posy":3,"amount":700},{"posx":16,"posy":4,"amount":250},{"posx":17,"posy":4,"amount":650},{"posx":12,"posy":6,"amount":50},{"posx":5,"posy":8,"amount":600}],"changedObstacles":[]},{"players":[{"playerId":2611188,"score":925,"energy":22},{"playerId":2483603,"score":1025,"energy":3},{"playerId":1168092,"score":800,"energy":11},{"playerId":2287533,"score":1000,"energy":18}],"golds":[{"posx":0,"posy":0,"amount":50},{"posx":3,"posy":1,"amount":400},{"posx":17,"posy":1,"amount":200},{"posx":12,"posy":2,"amount":350},{"posx":15,"posy":2,"amount":300},{"posx":1,"posy":3,"amount":550},{"posx":14,"posy":3,"amount":650},{"posx":16,"posy":4,"amount":250},{"posx":17,"posy":4,"amount":650},{"posx":12,"posy":6,"amount":50},{"posx":5,"posy":8,"amount":600}],"changedObstacles":[]},{"players":[{"playerId":2611188,"score":975,"energy":17},{"playerId":2483603,"score":1025,"energy":15},{"playerId":1168092,"score":850,"energy":6},{"playerId":2287533,"score":1050,"energy":13}],"golds":[{"posx":0,"posy":0,"amount":50},{"posx":3,"posy":1,"amount":400},{"posx":17,"posy":1,"amount":200},{"posx":12,"posy":2,"amount":250},{"posx":15,"posy":2,"amount":300},{"posx":1,"posy":3,"amount":550},{"posx":14,"posy":3,"amount":600},{"posx":16,"posy":4,"amount":250},{"posx":17,"posy":4,"amount":650},{"posx":12,"posy":6,"amount":50},{"posx":5,"posy":8,"amount":600}],"changedObstacles":[]},{"players":[{"playerId":2611188,"score":1025,"energy":12},{"playerId":2483603,"score":1025,"energy":31},{"playerId":1168092,"score":900,"energy":1},{"playerId":2287533,"score":1100,"energy":8}],"golds":[{"posx":0,"posy":0,"amount":50},{"posx":3,"posy":1,"amount":400},{"posx":17,"posy":1,"amount":200},{"posx":12,"posy":2,"amount":150},{"posx":15,"posy":2,"amount":300},{"posx":1,"posy":3,"amount":550},{"posx":14,"posy":3,"amount":550},{"posx":16,"posy":4,"amount":250},{"posx":17,"posy":4,"amount":650},{"posx":12,"posy":6,"amount":50},{"posx":5,"posy":8,"amount":600}],"changedObstacles":[]},{"players":[{"playerId":2611188,"score":1075,"energy":7},{"playerId":2483603,"score":1075,"energy":26},{"playerId":1168092,"score":900,"energy":13},{"playerId":2287533,"score":1150,"energy":3}],"golds":[{"posx":0,"posy":0,"amount":50},{"posx":3,"posy":1,"amount":400},{"posx":17,"posy":1,"amount":200},{"posx":12,"posy":2,"amount":50},{"posx":15,"posy":2,"amount":300},{"posx":1,"posy":3,"amount":550},{"posx":14,"posy":3,"amount":500},{"posx":16,"posy":4,"amount":250},{"posx":17,"posy":4,"amount":650},{"posx":12,"posy":6,"amount":50},{"posx":5,"posy":8,"amount":600}],"changedObstacles":[]},{"players":[{"playerId":2611188,"score":1125,"energy":2},{"playerId":2483603,"score":1100,"energy":21},{"playerId":1168092,"score":925,"energy":8},{"playerId":2287533,"score":1150,"energy":15}],"golds":[{"posx":0,"posy":0,"amount":50},{"posx":3,"posy":1,"amount":400},{"posx":17,"posy":1,"amount":200},{"posx":15,"posy":2,"amount":300},{"posx":1,"posy":3,"amount":550},{"posx":14,"posy":3,"amount":450},{"posx":16,"posy":4,"amount":250},{"posx":17,"posy":4,"amount":650},{"posx":12,"posy":6,"amount":50},{"posx":5,"posy":8,"amount":600}],"changedObstacles":[{"type":0,"posx":12,"posy":2,"value":-1}]},{"players":[{"playerId":2611188,"score":1125,"energy":14},{"playerId":2483603,"score":1100,"energy":20},{"playerId":1168092,"score":925,"energy":7},{"playerId":2287533,"score":1150,"energy":31}],"golds":[{"posx":0,"posy":0,"amount":50},{"posx":3,"posy":1,"amount":400},{"posx":17,"posy":1,"amount":200},{"posx":15,"posy":2,"amount":300},{"posx":1,"posy":3,"amount":550},{"posx":14,"posy":3,"amount":450},{"posx":16,"posy":4,"amount":250},{"posx":17,"posy":4,"amount":650},{"posx":12,"posy":6,"amount":50},{"posx":5,"posy":8,"amount":600}],"changedObstacles":[]},{"players":[{"playerId":2611188,"score":1125,"energy":30},{"playerId":2483603,"score":1100,"energy":32},{"playerId":1168092,"score":925,"energy":6},{"playerId":2287533,"score":1150,"energy":23}],"golds":[{"posx":0,"posy":0,"amount":50},{"posx":3,"posy":1,"amount":400},{"posx":17,"posy":1,"amount":200},{"posx":15,"posy":2,"amount":300},{"posx":1,"posy":3,"amount":550},{"posx":14,"posy":3,"amount":450},{"posx":16,"posy":4,"amount":250},{"posx":17,"posy":4,"amount":650},{"posx":12,"posy":6,"amount":50},{"posx":5,"posy":8,"amount":600}],"changedObstacles":[]},{"players":[{"playerId":2611188,"score":1125,"energy":50},{"playerId":2483603,"score":1100,"energy":18},{"playerId":1168092,"score":925,"energy":5},{"playerId":2287533,"score":1150,"energy":13}],"golds":[{"posx":0,"posy":0,"amount":50},{"posx":3,"posy":1,"amount":400},{"posx":17,"posy":1,"amount":200},{"posx":15,"posy":2,"amount":300},{"posx":1,"posy":3,"amount":550},{"posx":14,"posy":3,"amount":450},{"posx":16,"posy":4,"amount":250},{"posx":17,"posy":4,"amount":650},{"posx":12,"posy":6,"amount":50},{"posx":5,"posy":8,"amount":600}],"changedObstacles":[{"type":0,"posx":14,"posy":2,"value":-1}]},{"players":[{"playerId":2611188,"score":1175,"energy":45},{"playerId":2483603,"score":1100,"energy":14},{"playerId":1168092,"score":925,"energy":1},{"playerId":2287533,"score":1150,"energy":25}],"golds":[{"posx":0,"posy":0,"amount":50},{"posx":3,"posy":1,"amount":400},{"posx":17,"posy":1,"amount":200},{"posx":15,"posy":2,"amount":300},{"posx":1,"posy":3,"amount":550},{"posx":14,"posy":3,"amount":400},{"posx":16,"posy":4,"amount":250},{"posx":17,"posy":4,"amount":650},{"posx":12,"posy":6,"amount":50},{"posx":5,"posy":8,"amount":600}],"changedObstacles":[]},{"players":[{"playerId":2611188,"score":1225,"energy":40},{"playerId":2483603,"score":1150,"energy":9},{"playerId":1168092,"score":925,"energy":13},{"playerId":2287533,"score":1150,"energy":21}],"golds":[{"posx":0,"posy":0,"amount":50},{"posx":3,"posy":1,"amount":400},{"posx":17,"posy":1,"amount":200},{"posx":15,"posy":2,"amount":300},{"posx":1,"posy":3,"amount":550},{"posx":14,"posy":3,"amount":300},{"posx":16,"posy":4,"amount":250},{"posx":17,"posy":4,"amount":650},{"posx":12,"posy":6,"amount":50},{"posx":5,"posy":8,"amount":600}],"changedObstacles":[]},{"players":[{"playerId":2611188,"score":1275,"energy":35},{"playerId":2483603,"score":1200,"energy":4},{"playerId":1168092,"score":975,"energy":8},{"playerId":2287533,"score":1200,"energy":16}],"golds":[{"posx":0,"posy":0,"amount":50},{"posx":3,"posy":1,"amount":400},{"posx":17,"posy":1,"amount":200},{"posx":15,"posy":2,"amount":250},{"posx":1,"posy":3,"amount":550},{"posx":14,"posy":3,"amount":200},{"posx":16,"posy":4,"amount":250},{"posx":17,"posy":4,"amount":650},{"posx":5,"posy":8,"amount":600}],"changedObstacles":[{"type":0,"posx":12,"posy":6,"value":-1}]},{"players":[{"playerId":2611188,"score":1325,"energy":30},{"playerId":2483603,"score":1200,"energy":16},{"playerId":1168092,"score":975,"energy":20},{"playerId":2287533,"score":1250,"energy":11}],"golds":[{"posx":0,"posy":0,"amount":50},{"posx":3,"posy":1,"amount":400},{"posx":17,"posy":1,"amount":200},{"posx":15,"posy":2,"amount":200},{"posx":1,"posy":3,"amount":550},{"posx":14,"posy":3,"amount":150},{"posx":16,"posy":4,"amount":250},{"posx":17,"posy":4,"amount":650},{"posx":5,"posy":8,"amount":600}],"changedObstacles":[]},{"players":[{"playerId":2611188,"score":1375,"energy":25},{"playerId":2483603,"score":1200,"energy":32},{"playerId":1168092,"score":975,"energy":10},{"playerId":2287533,"score":1300,"energy":6}],"golds":[{"posx":0,"posy":0,"amount":50},{"posx":3,"posy":1,"amount":400},{"posx":17,"posy":1,"amount":200},{"posx":15,"posy":2,"amount":150},{"posx":1,"posy":3,"amount":550},{"posx":14,"posy":3,"amount":100},{"posx":16,"posy":4,"amount":250},{"posx":17,"posy":4,"amount":650},{"posx":5,"posy":8,"amount":600}],"changedObstacles":[{"type":0,"posx":13,"posy":6,"value":-1}]},{"players":[{"playerId":2611188,"score":1425,"energy":20},{"playerId":2483603,"score":1250,"energy":27},{"playerId":1168092,"score":975,"energy":9},{"playerId":2287533,"score":1350,"energy":1}],"golds":[{"posx":0,"posy":0,"amount":50},{"posx":3,"posy":1,"amount":400},{"posx":17,"posy":1,"amount":200},{"posx":15,"posy":2,"amount":100},{"posx":1,"posy":3,"amount":550},{"posx":16,"posy":4,"amount":250},{"posx":17,"posy":4,"amount":650},{"posx":5,"posy":8,"amount":600}],"changedObstacles":[{"type":0,"posx":14,"posy":3,"value":-1}]},{"players":[{"playerId":2611188,"score":1425,"energy":19},{"playerId":2483603,"score":1250,"energy":26},{"playerId":1168092,"score":975,"energy":8},{"playerId":2287533,"score":1350,"energy":13}],"golds":[{"posx":0,"posy":0,"amount":50},{"posx":3,"posy":1,"amount":400},{"posx":17,"posy":1,"amount":200},{"posx":15,"posy":2,"amount":100},{"posx":1,"posy":3,"amount":550},{"posx":16,"posy":4,"amount":250},{"posx":17,"posy":4,"amount":650},{"posx":5,"posy":8,"amount":600}],"changedObstacles":[]},{"players":[{"playerId":2611188,"score":1425,"energy":18},{"playerId":2483603,"score":1250,"energy":22},{"playerId":1168092,"score":975,"energy":20},{"playerId":2287533,"score":1400,"energy":8}],"golds":[{"posx":0,"posy":0,"amount":50},{"posx":3,"posy":1,"amount":400},{"posx":17,"posy":1,"amount":200},{"posx":15,"posy":2,"amount":50},{"posx":1,"posy":3,"amount":550},{"posx":16,"posy":4,"amount":250},{"posx":17,"posy":4,"amount":650},{"posx":5,"posy":8,"amount":600}],"changedObstacles":[]},{"players":[{"playerId":2611188,"score":1425,"energy":14},{"playerId":2483603,"score":1275,"energy":17},{"playerId":1168092,"score":975,"energy":10},{"playerId":2287533,"score":1425,"energy":3}],"golds":[{"posx":0,"posy":0,"amount":50},{"posx":3,"posy":1,"amount":400},{"posx":17,"posy":1,"amount":200},{"posx":1,"posy":3,"amount":550},{"posx":16,"posy":4,"amount":250},{"posx":17,"posy":4,"amount":650},{"posx":5,"posy":8,"amount":600}],"changedObstacles":[{"type":0,"posx":15,"posy":5,"value":-1},{"type":0,"posx":15,"posy":2,"value":-1}]},{"players":[{"playerId":2611188,"score":1475,"energy":9},{"playerId":2483603,"score":1275,"energy":16},{"playerId":1168092,"score":975,"energy":5},{"playerId":2287533,"score":1425,"energy":15}],"golds":[{"posx":0,"posy":0,"amount":50},{"posx":3,"posy":1,"amount":400},{"posx":17,"posy":1,"amount":200},{"posx":1,"posy":3,"amount":550},{"posx":16,"posy":4,"amount":200},{"posx":17,"posy":4,"amount":650},{"posx":5,"posy":8,"amount":600}],"changedObstacles":[{"type":3,"posx":16,"posy":5,"value":-20}]},{"players":[{"playerId":2611188,"score":1525,"energy":4},{"playerId":2483603,"score":1275,"energy":11},{"playerId":1168092,"score":975,"energy":1},{"playerId":2287533,"score":1425,"energy":31}],"golds":[{"posx":0,"posy":0,"amount":50},{"posx":3,"posy":1,"amount":400},{"posx":17,"posy":1,"amount":200},{"posx":1,"posy":3,"amount":550},{"posx":16,"posy":4,"amount":150},{"posx":17,"posy":4,"amount":650},{"posx":5,"posy":8,"amount":600}],"changedObstacles":[{"type":3,"posx":16,"posy":1,"value":-20}]},{"players":[{"playerId":2611188,"score":1525,"energy":16},{"playerId":2483603,"score":1275,"energy":7},{"playerId":1168092,"score":975,"energy":13},{"playerId":2287533,"score":1425,"energy":30}],"golds":[{"posx":0,"posy":0,"amount":50},{"posx":3,"posy":1,"amount":400},{"posx":17,"posy":1,"amount":200},{"posx":1,"posy":3,"amount":550},{"posx":16,"posy":4,"amount":150},{"posx":17,"posy":4,"amount":650},{"posx":5,"posy":8,"amount":600}],"changedObstacles":[]},{"players":[{"playerId":2611188,"score":1525,"energy":32},{"playerId":2483603,"score":1325,"energy":2},{"playerId":1168092,"score":1025,"energy":8},{"playerId":2287533,"score":1425,"energy":19}],"golds":[{"posx":0,"posy":0,"amount":50},{"posx":3,"posy":1,"amount":400},{"posx":17,"posy":1,"amount":150},{"posx":1,"posy":3,"amount":550},{"posx":16,"posy":4,"amount":100},{"posx":17,"posy":4,"amount":650},{"posx":5,"posy":8,"amount":600}],"changedObstacles":[]},{"players":[{"playerId":2611188,"score":1575,"energy":27},{"playerId":2483603,"score":1325,"energy":14},{"playerId":1168092,"score":1075,"energy":3},{"playerId":2287533,"score":1425,"energy":31}],"golds":[{"posx":0,"posy":0,"amount":50},{"posx":3,"posy":1,"amount":400},{"posx":17,"posy":1,"amount":150},{"posx":1,"posy":3,"amount":550},{"posx":17,"posy":4,"amount":650},{"posx":5,"posy":8,"amount":600}],"changedObstacles":[{"type":0,"posx":16,"posy":4,"value":-1}]},{"players":[{"playerId":2611188,"score":1575,"energy":23},{"playerId":2483603,"score":1325,"energy":30},{"playerId":1168092,"score":1075,"energy":15},{"playerId":2287533,"score":1425,"energy":27}],"golds":[{"posx":0,"posy":0,"amount":50},{"posx":3,"posy":1,"amount":400},{"posx":17,"posy":1,"amount":150},{"posx":1,"posy":3,"amount":550},{"posx":17,"posy":4,"amount":650},{"posx":5,"posy":8,"amount":600}],"changedObstacles":[]},{"players":[{"playerId":2611188,"score":1625,"energy":18},{"playerId":2483603,"score":1375,"energy":25},{"playerId":1168092,"score":1075,"energy":11},{"playerId":2287533,"score":1475,"energy":22}],"golds":[{"posx":0,"posy":0,"amount":50},{"posx":3,"posy":1,"amount":400},{"posx":17,"posy":1,"amount":50},{"posx":1,"posy":3,"amount":550},{"posx":17,"posy":4,"amount":600},{"posx":5,"posy":8,"amount":600}],"changedObstacles":[]},{"players":[{"playerId":2611188,"score":1675,"energy":13},{"playerId":2483603,"score":1400,"energy":20},{"playerId":1168092,"score":1125,"energy":6},{"playerId":2287533,"score":1500,"energy":17}],"golds":[{"posx":0,"posy":0,"amount":50},{"posx":3,"posy":1,"amount":400},{"posx":1,"posy":3,"amount":550},{"posx":17,"posy":4,"amount":500},{"posx":5,"posy":8,"amount":600}],"changedObstacles":[{"type":0,"posx":17,"posy":1,"value":-1}]},{"players":[{"playerId":2611188,"score":1725,"energy":8},{"playerId":2483603,"score":1400,"energy":32},{"playerId":1168092,"score":1175,"energy":1},{"playerId":2287533,"score":1500,"energy":29}],"golds":[{"posx":0,"posy":0,"amount":50},{"posx":3,"posy":1,"amount":400},{"posx":1,"posy":3,"amount":550},{"posx":17,"posy":4,"amount":400},{"posx":5,"posy":8,"amount":600}],"changedObstacles":[]},{"players":[{"playerId":2611188,"score":1775,"energy":3},{"playerId":2483603,"score":1400,"energy":12},{"playerId":1168092,"score":1175,"energy":13},{"playerId":2287533,"score":1500,"energy":19}],"golds":[{"posx":0,"posy":0,"amount":50},{"posx":3,"posy":1,"amount":400},{"posx":1,"posy":3,"amount":550},{"posx":17,"posy":4,"amount":350},{"posx":5,"posy":8,"amount":600}],"changedObstacles":[{"type":3,"posx":16,"posy":1,"value":-40}]},{"players":[{"playerId":2611188,"score":1775,"energy":15},{"playerId":2483603,"score":1400,"energy":11},{"playerId":1168092,"score":1225,"energy":8},{"playerId":2287533,"score":1500,"energy":31}],"golds":[{"posx":0,"posy":0,"amount":50},{"posx":3,"posy":1,"amount":400},{"posx":1,"posy":3,"amount":550},{"posx":17,"posy":4,"amount":300},{"posx":5,"posy":8,"amount":600}],"changedObstacles":[]},{"players":[{"playerId":2611188,"score":1775,"energy":31},{"playerId":2483603,"score":1400,"energy":1},{"playerId":1168092,"score":1275,"energy":3},{"playerId":2287533,"score":1500,"energy":23}],"golds":[{"posx":0,"posy":0,"amount":50},{"posx":3,"posy":1,"amount":400},{"posx":1,"posy":3,"amount":550},{"posx":17,"posy":4,"amount":250},{"posx":5,"posy":8,"amount":600}],"changedObstacles":[{"type":0,"posx":16,"posy":3,"value":-1}]},{"players":[{"playerId":2611188,"score":1825,"energy":26},{"playerId":2483603,"score":1400,"energy":13},{"playerId":1168092,"score":1275,"energy":15},{"playerId":2287533,"score":1500,"energy":19}],"golds":[{"posx":0,"posy":0,"amount":50},{"posx":3,"posy":1,"amount":400},{"posx":1,"posy":3,"amount":550},{"posx":17,"posy":4,"amount":200},{"posx":5,"posy":8,"amount":600}],"changedObstacles":[]},{"players":[{"playerId":2611188,"score":1875,"energy":21},{"playerId":2483603,"score":1400,"energy":29},{"playerId":1168092,"score":1325,"energy":10},{"playerId":2287533,"score":1550,"energy":14}],"golds":[{"posx":0,"posy":0,"amount":50},{"posx":3,"posy":1,"amount":400},{"posx":1,"posy":3,"amount":550},{"posx":17,"posy":4,"amount":50},{"posx":5,"posy":8,"amount":600}],"changedObstacles":[]},{"players":[{"playerId":2611188,"score":1875,"energy":20},{"playerId":2483603,"score":1400,"energy":28},{"playerId":1168092,"score":1350,"energy":5},{"playerId":2287533,"score":1575,"energy":9}],"golds":[{"posx":0,"posy":0,"amount":50},{"posx":3,"posy":1,"amount":400},{"posx":1,"posy":3,"amount":550},{"posx":5,"posy":8,"amount":600}],"changedObstacles":[{"type":0,"posx":17,"posy":4,"value":-1}]},{"players":[{"playerId":2611188,"score":1875,"energy":10},{"playerId":2483603,"score":1400,"energy":27},{"playerId":1168092,"score":1350,"energy":4},{"playerId":2287533,"score":1575,"energy":21}],"golds":[{"posx":0,"posy":0,"amount":50},{"posx":3,"posy":1,"amount":400},{"posx":1,"posy":3,"amount":550},{"posx":5,"posy":8,"amount":600}],"changedObstacles":[{"type":0,"posx":17,"posy":6,"value":-1}]},{"players":[{"playerId":2611188,"score":1875,"energy":9},{"playerId":2483603,"score":1400,"energy":26},{"playerId":1168092,"score":1350,"energy":3},{"playerId":2287533,"score":1575,"energy":37}],"golds":[{"posx":0,"posy":0,"amount":50},{"posx":3,"posy":1,"amount":400},{"posx":1,"posy":3,"amount":550},{"posx":5,"posy":8,"amount":600}],"changedObstacles":[]},{"players":[{"playerId":2611188,"score":1875,"energy":4},{"playerId":2483603,"score":1400,"energy":25},{"playerId":1168092,"score":1350,"energy":15},{"playerId":2287533,"score":1575,"energy":50}],"golds":[{"posx":0,"posy":0,"amount":50},{"posx":3,"posy":1,"amount":400},{"posx":1,"posy":3,"amount":550},{"posx":5,"posy":8,"amount":600}],"changedObstacles":[{"type":3,"posx":16,"posy":7,"value":-20}]},{"players":[{"playerId":2611188,"score":1875,"energy":3},{"playerId":2483603,"score":1400,"energy":24},{"playerId":1168092,"score":1350,"energy":31},{"playerId":2287533,"score":1575,"energy":50}],"golds":[{"posx":0,"posy":0,"amount":50},{"posx":3,"posy":1,"amount":400},{"posx":1,"posy":3,"amount":550},{"posx":5,"posy":8,"amount":600}],"changedObstacles":[]},{"players":[{"playerId":2611188,"score":1875,"energy":2},{"playerId":2483603,"score":1400,"energy":23},{"playerId":1168092,"score":1350,"energy":11},{"playerId":2287533,"score":1575,"energy":50}],"golds":[{"posx":0,"posy":0,"amount":50},{"posx":3,"posy":1,"amount":400},{"posx":1,"posy":3,"amount":550},{"posx":5,"posy":8,"amount":600}],"changedObstacles":[{"type":3,"posx":14,"posy":4,"value":-40}]},{"players":[{"playerId":2611188,"score":1875,"energy":1},{"playerId":2483603,"score":1400,"energy":22},{"playerId":1168092,"score":1350,"energy":23},{"playerId":2287533,"score":1575,"energy":50}],"golds":[{"posx":0,"posy":0,"amount":50},{"posx":3,"posy":1,"amount":400},{"posx":1,"posy":3,"amount":550},{"posx":5,"posy":8,"amount":600}],"changedObstacles":[]},{"players":[{"playerId":2611188,"score":1875,"energy":13},{"playerId":2483603,"score":1400,"energy":21},{"playerId":1168092,"score":1350,"energy":3},{"playerId":2287533,"score":1575,"energy":50}],"golds":[{"posx":0,"posy":0,"amount":50},{"posx":3,"posy":1,"amount":400},{"posx":1,"posy":3,"amount":550},{"posx":5,"posy":8,"amount":600}],"changedObstacles":[{"type":3,"posx":13,"posy":4,"value":-40}]},{"players":[{"playerId":2611188,"score":1875,"energy":29},{"playerId":2483603,"score":1400,"energy":11},{"playerId":1168092,"score":1350,"energy":2},{"playerId":2287533,"score":1575,"energy":50}],"golds":[{"posx":0,"posy":0,"amount":50},{"posx":3,"posy":1,"amount":400},{"posx":1,"posy":3,"amount":550},{"posx":5,"posy":8,"amount":600}],"changedObstacles":[{"type":0,"posx":12,"posy":8,"value":-1}]},{"players":[{"playerId":2611188,"score":1875,"energy":50},{"playerId":2483603,"score":1400,"energy":10},{"playerId":1168092,"score":1350,"energy":1},{"playerId":2287533,"score":1575,"energy":50}],"golds":[{"posx":0,"posy":0,"amount":50},{"posx":3,"posy":1,"amount":400},{"posx":1,"posy":3,"amount":550},{"posx":5,"posy":8,"amount":600}],"changedObstacles":[]},{"players":[{"playerId":2611188,"score":1875,"energy":49},{"playerId":2483603,"score":1400,"energy":5},{"playerId":1168092,"score":1350,"energy":13},{"playerId":2287533,"score":1575,"energy":50}],"golds":[{"posx":0,"posy":0,"amount":50},{"posx":3,"posy":1,"amount":400},{"posx":1,"posy":3,"amount":550},{"posx":5,"posy":8,"amount":600}],"changedObstacles":[{"type":3,"posx":10,"posy":8,"value":-20}]},{"players":[{"playerId":2611188,"score":1875,"energy":48},{"playerId":2483603,"score":1400,"energy":4},{"playerId":1168092,"score":1350,"energy":12},{"playerId":2287533,"score":1575,"energy":50}],"golds":[{"posx":0,"posy":0,"amount":50},{"posx":3,"posy":1,"amount":400},{"posx":1,"posy":3,"amount":550},{"posx":5,"posy":8,"amount":600}],"changedObstacles":[]},{"players":[{"playerId":2611188,"score":1875,"energy":47},{"playerId":2483603,"score":1400,"energy":3},{"playerId":1168092,"score":1350,"energy":11},{"playerId":2287533,"score":1575,"energy":50}],"golds":[{"posx":0,"posy":0,"amount":50},{"posx":3,"posy":1,"amount":400},{"posx":1,"posy":3,"amount":550},{"posx":5,"posy":8,"amount":600}],"changedObstacles":[]},{"players":[{"playerId":2611188,"score":1875,"energy":27},{"playerId":2483603,"score":1400,"energy":15},{"playerId":1168092,"score":1350,"energy":10},{"playerId":2287533,"score":1575,"energy":49}],"golds":[{"posx":0,"posy":0,"amount":50},{"posx":3,"posy":1,"amount":400},{"posx":1,"posy":3,"amount":550},{"posx":5,"posy":8,"amount":600}],"changedObstacles":[{"type":3,"posx":10,"posy":8,"value":-40}]},{"players":[{"playerId":2611188,"score":1875,"energy":26},{"playerId":2483603,"score":1400,"energy":31},{"playerId":1168092,"score":1350,"energy":9},{"playerId":2287533,"score":1575,"energy":50}],"golds":[{"posx":0,"posy":0,"amount":50},{"posx":3,"posy":1,"amount":400},{"posx":1,"posy":3,"amount":550},{"posx":5,"posy":8,"amount":600}],"changedObstacles":[]},{"players":[{"playerId":2611188,"score":1875,"energy":25},{"playerId":2483603,"score":1400,"energy":21},{"playerId":1168092,"score":1350,"energy":8},{"playerId":2287533,"score":1575,"energy":50}],"golds":[{"posx":0,"posy":0,"amount":50},{"posx":3,"posy":1,"amount":400},{"posx":1,"posy":3,"amount":550},{"posx":5,"posy":8,"amount":600}],"changedObstacles":[{"type":0,"posx":7,"posy":8,"value":-1}]},{"players":[{"playerId":2611188,"score":1875,"energy":24},{"playerId":2483603,"score":1400,"energy":20},{"playerId":1168092,"score":1350,"energy":20},{"playerId":2287533,"score":1575,"energy":50}],"golds":[{"posx":0,"posy":0,"amount":50},{"posx":3,"posy":1,"amount":400},{"posx":1,"posy":3,"amount":550},{"posx":5,"posy":8,"amount":600}],"changedObstacles":[]},{"players":[{"playerId":2611188,"score":1875,"energy":23},{"playerId":2483603,"score":1400,"energy":16},{"playerId":1168092,"score":1350,"energy":36},{"playerId":2287533,"score":1575,"energy":50}],"golds":[{"posx":0,"posy":0,"amount":50},{"posx":3,"posy":1,"amount":400},{"posx":1,"posy":3,"amount":550},{"posx":5,"posy":8,"amount":600}],"changedObstacles":[]},{"players":[{"playerId":2611188,"score":1875,"energy":19},{"playerId":2483603,"score":1450,"energy":11},{"playerId":1168092,"score":1350,"energy":50},{"playerId":2287533,"score":1575,"energy":50}],"golds":[{"posx":0,"posy":0,"amount":50},{"posx":3,"posy":1,"amount":400},{"posx":1,"posy":3,"amount":550},{"posx":5,"posy":8,"amount":550}],"changedObstacles":[]},{"players":[{"playerId":2611188,"score":1925,"energy":14},{"playerId":2483603,"score":1500,"energy":6},{"playerId":1168092,"score":1350,"energy":10},{"playerId":2287533,"score":1575,"energy":49}],"golds":[{"posx":0,"posy":0,"amount":50},{"posx":3,"posy":1,"amount":400},{"posx":1,"posy":3,"amount":550},{"posx":5,"posy":8,"amount":450}],"changedObstacles":[{"type":3,"posx":5,"posy":4,"value":-100}]},{"players":[{"playerId":2611188,"score":1975,"energy":9},{"playerId":2483603,"score":1550,"energy":1},{"playerId":1168092,"score":1350,"energy":9},{"playerId":2287533,"score":1575,"energy":39}],"golds":[{"posx":0,"posy":0,"amount":50},{"posx":3,"posy":1,"amount":400},{"posx":1,"posy":3,"amount":550},{"posx":5,"posy":8,"amount":350}],"changedObstacles":[]},{"players":[{"playerId":2611188,"score":2025,"energy":4},{"playerId":2483603,"score":1550,"energy":13},{"playerId":1168092,"score":1350,"energy":8},{"playerId":2287533,"score":1575,"energy":50}],"golds":[{"posx":0,"posy":0,"amount":50},{"posx":3,"posy":1,"amount":400},{"posx":1,"posy":3,"amount":550},{"posx":5,"posy":8,"amount":300}],"changedObstacles":[]},{"players":[{"playerId":2611188,"score":2025,"energy":16},{"playerId":2483603,"score":1550,"energy":29},{"playerId":1168092,"score":1350,"energy":7},{"playerId":2287533,"score":1575,"energy":50}],"golds":[{"posx":0,"posy":0,"amount":50},{"posx":3,"posy":1,"amount":400},{"posx":1,"posy":3,"amount":550},{"posx":5,"posy":8,"amount":300}],"changedObstacles":[]},{"players":[{"playerId":2611188,"score":2025,"energy":32},{"playerId":2483603,"score":1600,"energy":24},{"playerId":1168092,"score":1350,"energy":3},{"playerId":2287533,"score":1575,"energy":50}],"golds":[{"posx":0,"posy":0,"amount":50},{"posx":3,"posy":1,"amount":400},{"posx":1,"posy":3,"amount":550},{"posx":5,"posy":8,"amount":250}],"changedObstacles":[]},{"players":[{"playerId":2611188,"score":2075,"energy":27},{"playerId":2483603,"score":1650,"energy":19},{"playerId":1168092,"score":1350,"energy":15},{"playerId":2287533,"score":1575,"energy":40}],"golds":[{"posx":0,"posy":0,"amount":50},{"posx":3,"posy":1,"amount":400},{"posx":1,"posy":3,"amount":550},{"posx":5,"posy":8,"amount":150}],"changedObstacles":[]},{"players":[{"playerId":2611188,"score":2125,"energy":22},{"playerId":2483603,"score":1700,"energy":14},{"playerId":1168092,"score":1400,"energy":10},{"playerId":2287533,"score":1575,"energy":39}],"golds":[{"posx":0,"posy":0,"amount":50},{"posx":3,"posy":1,"amount":400},{"posx":1,"posy":3,"amount":550}],"changedObstacles":[{"type":0,"posx":5,"posy":8,"value":-1}]}]