[{"players":[{"playerId":2374229,"score":0,"energy":46},{"playerId":2611188,"score":0,"energy":46},{"playerId":2534350,"score":0,"energy":46},{"playerId":2287533,"score":0,"energy":46}],"golds":[{"posx":8,"posy":4,"amount":50},{"posx":16,"posy":4,"amount":250},{"posx":7,"posy":4,"amount":750},{"posx":17,"posy":4,"amount":650},{"posx":4,"posy":4,"amount":450},{"posx":12,"posy":4,"amount":50},{"posx":9,"posy":1,"amount":600},{"posx":14,"posy":3,"amount":700},{"posx":12,"posy":2,"amount":600},{"posx":0,"posy":0,"amount":50},{"posx":6,"posy":7,"amount":150},{"posx":1,"posy":3,"amount":550},{"posx":3,"posy":1,"amount":400},{"posx":5,"posy":8,"amount":600},{"posx":3,"posy":5,"amount":600},{"posx":8,"posy":7,"amount":100},{"posx":5,"posy":3,"amount":700},{"posx":17,"posy":1,"amount":200},{"posx":15,"posy":2,"amount":300},{"posx":12,"posy":6,"amount":50}],"changedObstacles":[]},{"players":[{"playerId":2374229,"score":50,"energy":41},{"playerId":2611188,"score":50,"energy":41},{"playerId":2534350,"score":50,"energy":41},{"playerId":2287533,"score":50,"energy":41}],"golds":[{"posx":0,"posy":0,"amount":50},{"posx":3,"posy":1,"amount":400},{"posx":9,"posy":1,"amount":600},{"posx":17,"posy":1,"amount":200},{"posx":12,"posy":2,"amount":600},{"posx":15,"posy":2,"amount":300},{"posx":1,"posy":3,"amount":550},{"posx":5,"posy":3,"amount":550},{"posx":14,"posy":3,"amount":700},{"posx":4,"posy":4,"amount":400},{"posx":7,"posy":4,"amount":750},{"posx":8,"posy":4,"amount":50},{"posx":12,"posy":4,"amount":50},{"posx":16,"posy":4,"amount":250},{"posx":17,"posy":4,"amount":650},{"posx":3,"posy":5,"amount":600},{"posx":12,"posy":6,"amount":50},{"posx":6,"posy":7,"amount":150},{"posx":8,"posy":7,"amount":100},{"posx":5,"posy":8,"amount":600}],"changedObstacles":[]},{"players":[{"playerId":2374229,"score":100,"energy":36},{"playerId":2611188,"score":100,"energy":36},{"playerId":2534350,"score":100,"energy":36},{"playerId":2287533,"score":100,"energy":36}],"golds":[{"posx":0,"posy":0,"amount":50},{"posx":3,"posy":1,"amount":400},{"posx":9,"posy":1,"amount":600},{"posx":17,"posy":1,"amount":200},{"posx":12,"posy":2,"amount":600},{"posx":15,"posy":2,"amount":300},{"posx":1,"posy":3,"amount":550},{"posx":5,"posy":3,"amount":400},{"posx":14,"posy":3,"amount":700},{"posx":4,"posy":4,"amount":350},{"posx":7,"posy":4,"amount":750},{"posx":8,"posy":4,"amount":50},{"posx":12,"posy":4,"amount":50},{"posx":16,"posy":4,"amount":250},{"posx":17,"posy":4,"amount":650},{"posx":3,"posy":5,"amount":600},{"posx":12,"posy":6,"amount":50},{"posx":6,"posy":7,"amount":150},{"posx":8,"posy":7,"amount":100},{"posx":5,"posy":8,"amount":600}],"changedObstacles":[]},{"players":[{"playerId":2374229,"score":150,"energy":31},{"playerId":2611188,"score":150,"energy":31},{"playerId":2534350,"score":150,"energy":31},{"playerId":2287533,"score":150,"energy":31}],"golds":[{"posx":0,"posy":0,"amount":50},{"posx":3,"posy":1,"amount":400},{"posx":9,"posy":1,"amount":600},{"posx":17,"posy":1,"amount":200},{"posx":12,"posy":2,"amount":600},{"posx":15,"posy":2,"amount":300},{"posx":1,"posy":3,"amount":550},{"posx":5,"posy":3,"amount":250},{"posx":14,"posy":3,"amount":700},{"posx":4,"posy":4,"amount":300},{"posx":7,"posy":4,"amount":750},{"posx":8,"posy":4,"amount":50},{"posx":12,"posy":4,"amount":50},{"posx":16,"posy":4,"amount":250},{"posx":17,"posy":4,"amount":650},{"posx":3,"posy":5,"amount":600},{"posx":12,"posy":6,"amount":50},{"posx":6,"posy":7,"amount":150},{"posx":8,"posy":7,"amount":100},{"posx":5,"posy":8,"amount":600}],"changedObstacles":[]},{"players":[{"playerId":2374229,"score":200,"energy":26},{"playerId":2611188,"score":200,"energy":26},{"playerId":2534350,"score":200,"energy":26},{"playerId":2287533,"score":200,"energy":26}],"golds":[{"posx":0,"posy":0,"amount":50},{"posx":3,"posy":1,"amount":400},{"posx":9,"posy":1,"amount":600},{"posx":17,"posy":1,"amount":200},{"posx":12,"posy":2,"amount":600},{"posx":15,"posy":2,"amount":300},{"posx":1,"posy":3,"amount":550},{"posx":5,"posy":3,"amount":100},{"posx":14,"posy":3,"amount":700},{"posx":4,"posy":4,"amount":250},{"posx":7,"posy":4,"amount":750},{"posx":8,"posy":4,"amount":50},{"posx":12,"posy":4,"amount":50},{"posx":16,"posy":4,"amount":250},{"posx":17,"posy":4,"amount":650},{"posx":3,"posy":5,"amount":600},{"posx":12,"posy":6,"amount":50},{"posx":6,"posy":7,"amount":150},{"posx":8,"posy":7,"amount":100},{"posx":5,"posy":8,"amount":600}],"changedObstacles":[]},{"players":[{"playerId":2374229,"score":234,"energy":21},{"playerId":2611188,"score":250,"energy":21},{"playerId":2534350,"score":234,"energy":21},{"playerId":2287533,"score":234,"energy":21}],"golds":[{"posx":0,"posy":0,"amount":50},{"posx":3,"posy":1,"amount":400},{"posx":9,"posy":1,"amount":600},{"posx":17,"posy":1,"amount":200},{"posx":12,"posy":2,"amount":600},{"posx":15,"posy":2,"amount":300},{"posx":1,"posy":3,"amount":550},{"posx":14,"posy":3,"amount":700},{"posx":4,"posy":4,"amount":200},{"posx":7,"posy":4,"amount":750},{"posx":8,"posy":4,"amount":50},{"posx":12,"posy":4,"amount":50},{"posx":16,"posy":4,"amount":250},{"posx":17,"posy":4,"amount":650},{"posx":3,"posy":5,"amount":600},{"posx":12,"posy":6,"amount":50},{"posx":6,"posy":7,"amount":150},{"posx":8,"posy":7,"amount":100},{"posx":5,"posy":8,"amount":600}],"changedObstacles":[{"type":0,"posx":5,"posy":3,"value":-1}]},{"players":[{"playerId":2374229,"score":234,"energy":20},{"playerId":2611188,"score":300,"energy":16},{"playerId":2534350,"score":234,"energy":11},{"playerId":2287533,"score":234,"energy":20}],"golds":[{"posx":0,"posy":0,"amount":50},{"posx":3,"posy":1,"amount":400},{"posx":9,"posy":1,"amount":600},{"posx":17,"posy":1,"amount":200},{"posx":12,"posy":2,"amount":600},{"posx":15,"posy":2,"amount":300},{"posx":1,"posy":3,"amount":550},{"posx":14,"posy":3,"amount":700},{"posx":4,"posy":4,"amount":150},{"posx":7,"posy":4,"amount":750},{"posx":8,"posy":4,"amount":50},{"posx":12,"posy":4,"amount":50},{"posx":16,"posy":4,"amount":250},{"posx":17,"posy":4,"amount":650},{"posx":3,"posy":5,"amount":600},{"posx":12,"posy":6,"amount":50},{"posx":6,"posy":7,"amount":150},{"posx":8,"posy":7,"amount":100},{"posx":5,"posy":8,"amount":600}],"changedObstacles":[{"type":0,"posx":6,"posy":3,"value":-1}]},{"players":[{"playerId":2374229,"score":234,"energy":32},{"playerId":2611188,"score":350,"energy":11},{"playerId":2534350,"score":234,"energy":23},{"playerId":2287533,"score":234,"energy":32}],"golds":[{"posx":0,"posy":0,"amount":50},{"posx":3,"posy":1,"amount":400},{"posx":9,"posy":1,"amount":600},{"posx":17,"posy":1,"amount":200},{"posx":12,"posy":2,"amount":600},{"posx":15,"posy":2,"amount":300},{"posx":1,"posy":3,"amount":550},{"posx":14,"posy":3,"amount":700},{"posx":4,"posy":4,"amount":100},{"posx":7,"posy":4,"amount":750},{"posx":8,"posy":4,"amount":50},{"posx":12,"posy":4,"amount":50},{"posx":16,"posy":4,"amount":250},{"posx":17,"posy":4,"amount":650},{"posx":3,"posy":5,"amount":600},{"posx":12,"posy":6,"amount":50},{"posx":6,"posy":7,"amount":150},{"posx":8,"posy":7,"amount":100},{"posx":5,"posy":8,"amount":600}],"changedObstacles":[]},{"players":[{"playerId":2374229,"score":234,"energy":28},{"playerId":2611188,"score":400,"energy":6},{"playerId":2534350,"score":234,"energy":7},{"playerId":2287533,"score":234,"energy":28}],"golds":[{"posx":0,"posy":0,"amount":50},{"posx":3,"posy":1,"amount":400},{"posx":9,"posy":1,"amount":600},{"posx":17,"posy":1,"amount":200},{"posx":12,"posy":2,"amount":600},{"posx":15,"posy":2,"amount":300},{"posx":1,"posy":3,"amount":550},{"posx":14,"posy":3,"amount":700},{"posx":4,"posy":4,"amount":50},{"posx":7,"posy":4,"amount":750},{"posx":8,"posy":4,"amount":50},{"posx":12,"posy":4,"amount":50},{"posx":16,"posy":4,"amount":250},{"posx":17,"posy":4,"amount":650},{"posx":3,"posy":5,"amount":600},{"posx":12,"posy":6,"amount":50},{"posx":6,"posy":7,"amount":150},{"posx":8,"posy":7,"amount":100},{"posx":5,"posy":8,"amount":600}],"changedObstacles":[]},{"players":[{"playerId":2374229,"score":259,"energy":23},{"playerId":2611188,"score":400,"energy":18},{"playerId":2534350,"score":234,"energy":19},{"playerId":2287533,"score":259,"energy":23}],"golds":[{"posx":0,"posy":0,"amount":50},{"posx":3,"posy":1,"amount":400},{"posx":9,"posy":1,"amount":600},{"posx":17,"posy":1,"amount":200},{"posx":12,"posy":2,"amount":600},{"posx":15,"posy":2,"amount":300},{"posx":1,"posy":3,"amount":550},{"posx":14,"posy":3,"amount":700},{"posx":7,"posy":4,"amount":750},{"posx":8,"posy":4,"amount":50},{"posx":12,"posy":4,"amount":50},{"posx":16,"posy":4,"amount":250},{"posx":17,"posy":4,"amount":650},{"posx":3,"posy":5,"amount":600},{"posx":12,"posy":6,"amount":50},{"posx":6,"posy":7,"amount":150},{"posx":8,"posy":7,"amount":100},{"posx":5,"posy":8,"amount":600}],"changedObstacles":[{"type":0,"posx":4,"posy":4,"value":-1}]},{"players":[{"playerId":2374229,"score":259,"energy":13},{"playerId":2611188,"score":400,"energy":34},{"playerId":2534350,"score":234,"energy":35},{"playerId":2287533,"score":259,"energy":13}],"golds":[{"posx":0,"posy":0,"amount":50},{"posx":3,"posy":1,"amount":400},{"posx":9,"posy":1,"amount":600},{"posx":17,"posy":1,"amount":200},{"posx":12,"posy":2,"amount":600},{"posx":15,"posy":2,"amount":300},{"posx":1,"posy":3,"amount":550},{"posx":14,"posy":3,"amount":700},{"posx":7,"posy":4,"amount":750},{"posx":8,"posy":4,"amount":50},{"posx":12,"posy":4,"amount":50},{"posx":16,"posy":4,"amount":250},{"posx":17,"posy":4,"amount":650},{"posx":3,"posy":5,"amount":600},{"posx":12,"posy":6,"amount":50},{"posx":6,"posy":7,"amount":150},{"posx":8,"posy":7,"amount":100},{"posx":5,"posy":8,"amount":600}],"changedObstacles":[{"type":0,"posx":3,"posy":4,"value":-1}]},{"players":[{"playerId":2374229,"score":259,"energy":25},{"playerId":2611188,"score":400,"energy":50},{"playerId":2534350,"score":234,"energy":34},{"playerId":2287533,"score":259,"energy":25}],"golds":[{"posx":0,"posy":0,"amount":50},{"posx":3,"posy":1,"amount":400},{"posx":9,"posy":1,"amount":600},{"posx":17,"posy":1,"amount":200},{"posx":12,"posy":2,"amount":600},{"posx":15,"posy":2,"amount":300},{"posx":1,"posy":3,"amount":550},{"posx":14,"posy":3,"amount":700},{"posx":7,"posy":4,"amount":750},{"posx":8,"posy":4,"amount":50},{"posx":12,"posy":4,"amount":50},{"posx":16,"posy":4,"amount":250},{"posx":17,"posy":4,"amount":650},{"posx":3,"posy":5,"amount":600},{"posx":12,"posy":6,"amount":50},{"posx":6,"posy":7,"amount":150},{"posx":8,"posy":7,"amount":100},{"posx":5,"posy":8,"amount":600}],"changedObstacles":[]},{"players":[{"playerId":2374229,"score":259,"energy":21},{"playerId":2611188,"score":400,"energy":49},{"playerId":2534350,"score":234,"energy":33},{"playerId":2287533,"score":259,"energy":21}],"golds":[{"posx":0,"posy":0,"amount":50},{"posx":3,"posy":1,"amount":400},{"posx":9,"posy":1,"amount":600},{"posx":17,"posy":1,"amount":200},{"posx":12,"posy":2,"amount":600},{"posx":15,"posy":2,"amount":300},{"posx":1,"posy":3,"amount":550},{"posx":14,"posy":3,"amount":700},{"posx":7,"posy":4,"amount":750},{"posx":8,"posy":4,"amount":50},{"posx":12,"posy":4,"amount":50},{"posx":16,"posy":4,"amount":250},{"posx":17,"posy":4,"amount":650},{"posx":3,"posy":5,"amount":600},{"posx":12,"posy":6,"amount":50},{"posx":6,"posy":7,"amount":150},{"posx":8,"posy":7,"amount":100},{"posx":5,"posy":8,"amount":600}],"changedObstacles":[]},{"players":[{"playerId":2374229,"score":309,"energy":16},{"playerId":2611188,"score":400,"energy":45},{"playerId":2534350,"score":234,"energy":15},{"playerId":2287533,"score":309,"energy":16}],"golds":[{"posx":0,"posy":0,"amount":50},{"posx":3,"posy":1,"amount":400},{"posx":9,"posy":1,"amount":600},{"posx":17,"posy":1,"amount":200},{"posx":12,"posy":2,"amount":600},{"posx":15,"posy":2,"amount":300},{"posx":1,"posy":3,"amount":550},{"posx":14,"posy":3,"amount":700},{"posx":7,"posy":4,"amount":750},{"posx":8,"posy":4,"amount":50},{"posx":12,"posy":4,"amount":50},{"posx":16,"posy":4,"amount":250},{"posx":17,"posy":4,"amount":650},{"posx":3,"posy":5,"amount":500},{"posx":12,"posy":6,"amount":50},{"posx":6,"posy":7,"amount":150},{"posx":8,"posy":7,"amount":100},{"posx":5,"posy":8,"amount":600}],"changedObstacles":[]},{"players":[{"playerId":2374229,"score":359,"energy":11},{"playerId":2611188,"score":450,"energy":40},{"playerId":2534350,"score":234,"energy":27},{"playerId":2287533,"score":359,"energy":11}],"golds":[{"posx":0,"posy":0,"amount":50},{"posx":3,"posy":1,"amount":400},{"posx":9,"posy":1,"amount":600},{"posx":17,"posy":1,"amount":200},{"posx":12,"posy":2,"amount":600},{"posx":15,"posy":2,"amount":300},{"posx":1,"posy":3,"amount":550},{"posx":14,"posy":3,"amount":700},{"posx":7,"posy":4,"amount":750},{"posx":8,"posy":4,"amount":50},{"posx":12,"posy":4,"amount":50},{"posx":16,"posy":4,"amount":250},{"posx":17,"posy":4,"amount":650},{"posx":3,"posy":5,"amount":350},{"posx":12,"posy":6,"amount":50},{"posx":6,"posy":7,"amount":150},{"posx":8,"posy":7,"amount":100},{"posx":5,"posy":8,"amount":600}],"changedObstacles":[]},{"players":[{"playerId":2374229,"score":409,"energy":6},{"playerId":2611188,"score":500,"energy":35},{"playerId":2534350,"score":234,"energy":14},{"playerId":2287533,"score":409,"energy":6}],"golds":[{"posx":0,"posy":0,"amount":50},{"posx":3,"posy":1,"amount":400},{"posx":9,"posy":1,"amount":600},{"posx":17,"posy":1,"amount":200},{"posx":12,"posy":2,"amount":600},{"posx":15,"posy":2,"amount":300},{"posx":1,"posy":3,"amount":550},{"posx":14,"posy":3,"amount":700},{"posx":7,"posy":4,"amount":750},{"posx":8,"posy":4,"amount":50},{"posx":12,"posy":4,"amount":50},{"posx":16,"posy":4,"amount":250},{"posx":17,"posy":4,"amount":650},{"posx":3,"posy":5,"amount":200},{"posx":12,"posy":6,"amount":50},{"posx":6,"posy":7,"amount":150},{"posx":8,"posy":7,"amount":100},{"posx":5,"posy":8,"amount":600}],"changedObstacles":[]},{"players":[{"playerId":2374229,"score":459,"energy":1},{"playerId":2611188,"score":550,"energy":30},{"playerId":2534350,"score":234,"energy":26},{"playerId":2287533,"score":459,"energy":1}],"golds":[{"posx":0,"posy":0,"amount":50},{"posx":3,"posy":1,"amount":400},{"posx":9,"posy":1,"amount":600},{"posx":17,"posy":1,"amount":200},{"posx":12,"posy":2,"amount":600},{"posx":15,"posy":2,"amount":300},{"posx":1,"posy":3,"amount":550},{"posx":14,"posy":3,"amount":700},{"posx":7,"posy":4,"amount":750},{"posx":8,"posy":4,"amount":50},{"posx":12,"posy":4,"amount":50},{"posx":16,"posy":4,"amount":250},{"posx":17,"posy":4,"amount":650},{"posx":3,"posy":5,"amount":50},{"posx":12,"posy":6,"amount":50},{"posx":6,"posy":7,"amount":150},{"posx":8,"posy":7,"amount":100},{"posx":5,"posy":8,"amount":600}],"changedObstacles":[]},{"players":[{"playerId":2374229,"score":459,"energy":13},{"playerId":2611188,"score":550,"energy":29},{"playerId":2534350,"score":234,"energy":25},{"playerId":2287533,"score":459,"energy":13}],"golds":[{"posx":0,"posy":0,"amount":50},{"posx":3,"posy":1,"amount":400},{"posx":9,"posy":1,"amount":600},{"posx":17,"posy":1,"amount":200},{"posx":12,"posy":2,"amount":600},{"posx":15,"posy":2,"amount":300},{"posx":1,"posy":3,"amount":550},{"posx":14,"posy":3,"amount":700},{"posx":7,"posy":4,"amount":750},{"posx":8,"posy":4,"amount":50},{"posx":12,"posy":4,"amount":50},{"posx":16,"posy":4,"amount":250},{"posx":17,"posy":4,"amount":650},{"posx":3,"posy":5,"amount":50},{"posx":12,"posy":6,"amount":50},{"posx":6,"posy":7,"amount":150},{"posx":8,"posy":7,"amount":100},{"posx":5,"posy":8,"amount":600}],"changedObstacles":[]},{"players":[{"playerId":2374229,"score":484,"energy":8},{"playerId":2611188,"score":550,"energy":28},{"playerId":2534350,"score":234,"energy":10},{"playerId":2287533,"score":484,"energy":8}],"golds":[{"posx":0,"posy":0,"amount":50},{"posx":3,"posy":1,"amount":400},{"posx":9,"posy":1,"amount":600},{"posx":17,"posy":1,"amount":200},{"posx":12,"posy":2,"amount":600},{"posx":15,"posy":2,"amount":300},{"posx":1,"posy":3,"amount":550},{"posx":14,"posy":3,"amount":700},{"posx":7,"posy":4,"amount":750},{"posx":8,"posy":4,"amount":50},{"posx":12,"posy":4,"amount":50},{"posx":16,"posy":4,"amount":250},{"posx":17,"posy":4,"amount":650},{"posx":12,"posy":6,"amount":50},{"posx":6,"posy":7,"amount":150},{"posx":8,"posy":7,"amount":100},{"posx":5,"posy":8,"amount":600}],"changedObstacles":[{"type":0,"posx":3,"posy":5,"value":-1}]},{"players":[{"playerId":2374229,"score":484,"energy":20},{"playerId":2611188,"score":550,"energy":23},{"playerId":2534350,"score":234,"energy":6},{"playerId":2287533,"score":484,"energy":20}],"golds":[{"posx":0,"posy":0,"amount":50},{"posx":3,"posy":1,"amount":400},{"posx":9,"posy":1,"amount":600},{"posx":17,"posy":1,"amount":200},{"posx":12,"posy":2,"amount":600},{"posx":15,"posy":2,"amount":300},{"posx":1,"posy":3,"amount":550},{"posx":14,"posy":3,"amount":700},{"posx":7,"posy":4,"amount":750},{"posx":8,"posy":4,"amount":50},{"posx":12,"posy":4,"amount":50},{"posx":16,"posy":4,"amount":250},{"posx":17,"posy":4,"amount":650},{"posx":12,"posy":6,"amount":50},{"posx":6,"posy":7,"amount":150},{"posx":8,"posy":7,"amount":100},{"posx":5,"posy":8,"amount":600}],"changedObstacles":[{"type":3,"posx":5,"posy":4,"value":-20}]},{"players":[{"playerId":2374229,"score":484,"energy":36},{"playerId":2611188,"score":550,"energy":13},{"playerId":2534350,"score":284,"energy":1},{"playerId":2287533,"score":484,"energy":36}],"golds":[{"posx":0,"posy":0,"amount":50},{"posx":3,"posy":1,"amount":400},{"posx":9,"posy":1,"amount":600},{"posx":17,"posy":1,"amount":200},{"posx":12,"posy":2,"amount":600},{"posx":15,"posy":2,"amount":300},{"posx":1,"posy":3,"amount":550},{"posx":14,"posy":3,"amount":650},{"posx":7,"posy":4,"amount":750},{"posx":8,"posy":4,"amount":50},{"posx":12,"posy":4,"amount":50},{"posx":16,"posy":4,"amount":250},{"posx":17,"posy":4,"amount":650},{"posx":12,"posy":6,"amount":50},{"posx":6,"posy":7,"amount":150},{"posx":8,"posy":7,"amount":100},{"posx":5,"posy":8,"amount":600}],"changedObstacles":[{"type":0,"posx":6,"posy":4,"value":-1}]},{"players":[{"playerId":2374229,"score":484,"energy":35},{"playerId":2611188,"score":550,"energy":9},{"playerId":2534350,"score":284,"energy":13},{"playerId":2287533,"score":484,"energy":26}],"golds":[{"posx":0,"posy":0,"amount":50},{"posx":3,"posy":1,"amount":400},{"posx":9,"posy":1,"amount":600},{"posx":17,"posy":1,"amount":200},{"posx":12,"posy":2,"amount":600},{"posx":15,"posy":2,"amount":300},{"posx":1,"posy":3,"amount":550},{"posx":14,"posy":3,"amount":650},{"posx":7,"posy":4,"amount":750},{"posx":8,"posy":4,"amount":50},{"posx":12,"posy":4,"amount":50},{"posx":16,"posy":4,"amount":250},{"posx":17,"posy":4,"amount":650},{"posx":12,"posy":6,"amount":50},{"posx":6,"posy":7,"amount":150},{"posx":8,"posy":7,"amount":100},{"posx":5,"posy":8,"amount":600}],"changedObstacles":[{"type":0,"posx":4,"posy":5,"value":-1}]},{"players":[{"playerId":2374229,"score":484,"energy":34},{"playerId":2611188,"score":600,"energy":4},{"playerId":2534350,"score":334,"energy":8},{"playerId":2287533,"score":484,"energy":25}],"golds":[{"posx":0,"posy":0,"amount":50},{"posx":3,"posy":1,"amount":400},{"posx":9,"posy":1,"amount":600},{"posx":17,"posy":1,"amount":200},{"posx":12,"posy":2,"amount":600},{"posx":15,"posy":2,"amount":300},{"posx":1,"posy":3,"amount":550},{"posx":14,"posy":3,"amount":600},{"posx":7,"posy":4,"amount":700},{"posx":8,"posy":4,"amount":50},{"posx":12,"posy":4,"amount":50},{"posx":16,"posy":4,"amount":250},{"posx":17,"posy":4,"amount":650},{"posx":12,"posy":6,"amount":50},{"posx":6,"posy":7,"amount":150},{"posx":8,"posy":7,"amount":100},{"posx":5,"posy":8,"amount":600}],"changedObstacles":[]},{"players":[{"playerId":2374229,"score":484,"energy":33},{"playerId":2611188,"score":600,"energy":16},{"playerId":2534350,"score":384,"energy":3},{"playerId":2287533,"score":484,"energy":7}],"golds":[{"posx":0,"posy":0,"amount":50},{"posx":3,"posy":1,"amount":400},{"posx":9,"posy":1,"amount":600},{"posx":17,"posy":1,"amount":200},{"posx":12,"posy":2,"amount":600},{"posx":15,"posy":2,"amount":300},{"posx":1,"posy":3,"amount":550},{"posx":14,"posy":3,"amount":550},{"posx":7,"posy":4,"amount":700},{"posx":8,"posy":4,"amount":50},{"posx":12,"posy":4,"amount":50},{"posx":16,"posy":4,"amount":250},{"posx":17,"posy":4,"amount":650},{"posx":12,"posy":6,"amount":50},{"posx":6,"posy":7,"amount":150},{"posx":8,"posy":7,"amount":100},{"posx":5,"posy":8,"amount":600}],"changedObstacles":[]},{"players":[{"playerId":2374229,"score":484,"energy":29},{"playerId":2611188,"score":600,"energy":32},{"playerId":2534350,"score":384,"energy":15},{"playerId":2287533,"score":484,"energy":19}],"golds":[{"posx":0,"posy":0,"amount":50},{"posx":3,"posy":1,"amount":400},{"posx":9,"posy":1,"amount":600},{"posx":17,"posy":1,"amount":200},{"posx":12,"posy":2,"amount":600},{"posx":15,"posy":2,"amount":300},{"posx":1,"posy":3,"amount":550},{"posx":14,"posy":3,"amount":550},{"posx":7,"posy":4,"amount":700},{"posx":8,"posy":4,"amount":50},{"posx":12,"posy":4,"amount":50},{"posx":16,"posy":4,"amount":250},{"posx":17,"posy":4,"amount":650},{"posx":12,"posy":6,"amount":50},{"posx":6,"posy":7,"amount":150},{"posx":8,"posy":7,"amount":100},{"posx":5,"posy":8,"amount":600}],"changedObstacles":[]},{"players":[{"playerId":2374229,"score":534,"energy":24},{"playerId":2611188,"score":600,"energy":50},{"playerId":2534350,"score":434,"energy":10},{"playerId":2287533,"score":484,"energy":35}],"golds":[{"posx":0,"posy":0,"amount":50},{"posx":3,"posy":1,"amount":400},{"posx":9,"posy":1,"amount":600},{"posx":17,"posy":1,"amount":200},{"posx":12,"posy":2,"amount":600},{"posx":15,"posy":2,"amount":300},{"posx":1,"posy":3,"amount":500},{"posx":14,"posy":3,"amount":500},{"posx":7,"posy":4,"amount":700},{"posx":8,"posy":4,"amount":50},{"posx":12,"posy":4,"amount":50},{"posx":16,"posy":4,"amount":250},{"posx":17,"posy":4,"amount":650},{"posx":12,"posy":6,"amount":50},{"posx":6,"posy":7,"amount":150},{"posx":8,"posy":7,"amount":100},{"posx":5,"posy":8,"amount":600}],"changedObstacles":[]},{"players":[{"playerId":2374229,"score":584,"energy":19},{"playerId":2611188,"score":650,"energy":45},{"playerId":2534350,"score":484,"energy":5},{"playerId":2287533,"score":484,"energy":18}],"golds":[{"posx":0,"posy":0,"amount":50},{"posx":3,"posy":1,"amount":400},{"posx":9,"posy":1,"amount":600},{"posx":17,"posy":1,"amount":200},{"posx":12,"posy":2,"amount":600},{"posx":15,"posy":2,"amount":300},{"posx":1,"posy":3,"amount":450},{"posx":14,"posy":3,"amount":450},{"posx":7,"posy":4,"amount":650},{"posx":8,"posy":4,"amount":50},{"posx":12,"posy":4,"amount":50},{"posx":16,"posy":4,"amount":250},{"posx":17,"posy":4,"amount":650},{"posx":12,"posy":6,"amount":50},{"posx":6,"posy":7,"amount":150},{"posx":8,"posy":7,"amount":100},{"posx":5,"posy":8,"amount":600}],"changedObstacles":[]},{"players":[{"playerId":2374229,"score":634,"energy":14},{"playerId":2611188,"score":700,"energy":40},{"playerId":2534350,"score":484,"energy":17},{"playerId":2287533,"score":484,"energy":30}],"golds":[{"posx":0,"posy":0,"amount":50},{"posx":3,"posy":1,"amount":400},{"posx":9,"posy":1,"amount":600},{"posx":17,"posy":1,"amount":200},{"posx":12,"posy":2,"amount":600},{"posx":15,"posy":2,"amount":300},{"posx":1,"posy":3,"amount":400},{"posx":14,"posy":3,"amount":450},{"posx":7,"posy":4,"amount":600},{"posx":8,"posy":4,"amount":50},{"posx":12,"posy":4,"amount":50},{"posx":16,"posy":4,"amount":250},{"posx":17,"posy":4,"amount":650},{"posx":12,"posy":6,"amount":50},{"posx":6,"posy":7,"amount":150},{"posx":8,"posy":7,"amount":100},{"posx":5,"posy":8,"amount":600}],"changedObstacles":[]},{"players":[{"playerId":2374229,"score":684,"energy":9},{"playerId":2611188,"score":750,"energy":35},{"playerId":2534350,"score":534,"energy":12},{"playerId":2287533,"score":484,"energy":26}],"golds":[{"posx":0,"posy":0,"amount":50},{"posx":3,"posy":1,"amount":400},{"posx":9,"posy":1,"amount":600},{"posx":17,"posy":1,"amount":200},{"posx":12,"posy":2,"amount":600},{"posx":15,"posy":2,"amount":300},{"posx":1,"posy":3,"amount":350},{"posx":14,"posy":3,"amount":400},{"posx":7,"posy":4,"amount":550},{"posx":8,"posy":4,"amount":50},{"posx":12,"posy":4,"amount":50},{"posx":16,"posy":4,"amount":250},{"posx":17,"posy":4,"amount":650},{"posx":12,"posy":6,"amount":50},{"posx":6,"posy":7,"amount":150},{"posx":8,"posy":7,"amount":100},{"posx":5,"posy":8,"amount":600}],"changedObstacles":[]},{"players":[{"playerId":2374229,"score":734,"energy":4},{"playerId":2611188,"score":800,"energy":30},{"playerId":2534350,"score":584,"energy":7},{"playerId":2287533,"score":534,"energy":21}],"golds":[{"posx":0,"posy":0,"amount":50},{"posx":3,"posy":1,"amount":400},{"posx":9,"posy":1,"amount":600},{"posx":17,"posy":1,"amount":200},{"posx":12,"posy":2,"amount":600},{"posx":15,"posy":2,"amount":300},{"posx":1,"posy":3,"amount":300},{"posx":14,"posy":3,"amount":350},{"posx":7,"posy":4,"amount":450},{"posx":8,"posy":4,"amount":50},{"posx":12,"posy":4,"amount":50},{"posx":16,"posy":4,"amount":250},{"posx":17,"posy":4,"amount":650},{"posx":12,"posy":6,"amount":50},{"posx":6,"posy":7,"amount":150},{"posx":8,"posy":7,"amount":100},{"posx":5,"posy":8,"amount":600}],"changedObstacles":[]},{"players":[{"playerId":2374229,"score":734,"energy":16},{"playerId":2611188,"score":850,"energy":25},{"playerId":2534350,"score":634,"energy":2},{"playerId":2287533,"score":584,"energy":16}],"golds":[{"posx":0,"posy":0,"amount":50},{"posx":3,"posy":1,"amount":400},{"posx":9,"posy":1,"amount":600},{"posx":17,"posy":1,"amount":200},{"posx":12,"posy":2,"amount":600},{"posx":15,"posy":2,"amount":300},{"posx":1,"posy":3,"amount":300},{"posx":14,"posy":3,"amount":300},{"posx":7,"posy":4,"amount":350},{"posx":8,"posy":4,"amount":50},{"posx":12,"posy":4,"amount":50},{"posx":16,"posy":4,"amount":250},{"posx":17,"posy":4,"amount":650},{"posx":12,"posy":6,"amount":50},{"posx":6,"posy":7,"amount":150},{"posx":8,"posy":7,"amount":100},{"posx":5,"posy":8,"amount":600}],"changedObstacles":[]},{"players":[{"playerId":2374229,"score":784,"energy":11},{"playerId":2611188,"score":900,"energy":20},{"playerId":2534350,"score":634,"energy":14},{"playerId":2287533,"score":634,"energy":11}],"golds":[{"posx":0,"posy":0,"amount":50},{"posx":3,"posy":1,"amount":400},{"posx":9,"posy":1,"amount":600},{"posx":17,"posy":1,"amount":200},{"posx":12,"posy":2,"amount":600},{"posx":15,"posy":2,"amount":300},{"posx":1,"posy":3,"amount":250},{"posx":14,"posy":3,"amount":300},{"posx":7,"posy":4,"amount":250},{"posx":8,"posy":4,"amount":50},{"posx":12,"posy":4,"amount":50},{"posx":16,"posy":4,"amount":250},{"posx":17,"posy":4,"amount":650},{"posx":12,"posy":6,"amount":50},{"posx":6,"posy":7,"amount":150},{"posx":8,"posy":7,"amount":100},{"posx":5,"posy":8,"amount":600}],"changedObstacles":[]},{"players":[{"playerId":2374229,"score":834,"energy":6},{"playerId":2611188,"score":950,"energy":15},{"playerId":2534350,"score":684,"energy":9},{"playerId":2287533,"score":684,"energy":6}],"golds":[{"posx":0,"posy":0,"amount":50},{"posx":3,"posy":1,"amount":400},{"posx":9,"posy":1,"amount":600},{"posx":17,"posy":1,"amount":200},{"posx":12,"posy":2,"amount":600},{"posx":15,"posy":2,"amount":300},{"posx":1,"posy":3,"amount":200},{"posx":14,"posy":3,"amount":250},{"posx":7,"posy":4,"amount":150},{"posx":8,"posy":4,"amount":50},{"posx":12,"posy":4,"amount":50},{"posx":16,"posy":4,"amount":250},{"posx":17,"posy":4,"amount":650},{"posx":12,"posy":6,"amount":50},{"posx":6,"posy":7,"amount":150},{"posx":8,"posy":7,"amount":100},{"posx":5,"posy":8,"amount":600}],"changedObstacles":[]},{"players":[{"playerId":2374229,"score":884,"energy":1},{"playerId":2611188,"score":1000,"energy":10},{"playerId":2534350,"score":734,"energy":4},{"playerId":2287533,"score":734,"energy":1}],"golds":[{"posx":0,"posy":0,"amount":50},{"posx":3,"posy":1,"amount":400},{"posx":9,"posy":1,"amount":600},{"posx":17,"posy":1,"amount":200},{"posx":12,"posy":2,"amount":600},{"posx":15,"posy":2,"amount":300},{"posx":1,"posy":3,"amount":150},{"posx":14,"posy":3,"amount":200},{"posx":7,"posy":4,"amount":50},{"posx":8,"posy":4,"amount":50},{"posx":12,"posy":4,"amount":50},{"posx":16,"posy":4,"amount":250},{"posx":17,"posy":4,"amount":650},{"posx":12,"posy":6,"amount":50},{"posx":6,"posy":7,"amount":150},{"posx":8,"posy":7,"amount":100},{"posx":5,"posy":8,"amount":600}],"changedObstacles":[]},{"players":[{"playerId":2374229,"score":884,"energy":13},{"playerId":2611188,"score":1050,"energy":5},{"playerId":2534350,"score":734,"energy":16},{"playerId":2287533,"score":734,"energy":13}],"golds":[{"posx":0,"posy":0,"amount":50},{"posx":3,"posy":1,"amount":400},{"posx":9,"posy":1,"amount":600},{"posx":17,"posy":1,"amount":200},{"posx":12,"posy":2,"amount":600},{"posx":15,"posy":2,"amount":300},{"posx":1,"posy":3,"amount":150},{"posx":14,"posy":3,"amount":200},{"posx":8,"posy":4,"amount":50},{"posx":12,"posy":4,"amount":50},{"posx":16,"posy":4,"amount":250},{"posx":17,"posy":4,"amount":650},{"posx":12,"posy":6,"amount":50},{"posx":6,"posy":7,"amount":150},{"posx":8,"posy":7,"amount":100},{"posx":5,"posy":8,"amount":600}],"changedObstacles":[{"type":0,"posx":7,"posy":4,"value":-1}]},{"players":[{"playerId":2374229,"score":934,"energy":8},{"playerId":2611188,"score":1050,"energy":1},{"playerId":2534350,"score":784,"energy":11},{"playerId":2287533,"score":734,"energy":29}],"golds":[{"posx":0,"posy":0,"amount":50},{"posx":3,"posy":1,"amount":400},{"posx":9,"posy":1,"amount":600},{"posx":17,"posy":1,"amount":200},{"posx":12,"posy":2,"amount":600},{"posx":15,"posy":2,"amount":300},{"posx":1,"posy":3,"amount":100},{"posx":14,"posy":3,"amount":150},{"posx":8,"posy":4,"amount":50},{"posx":12,"posy":4,"amount":50},{"posx":16,"posy":4,"amount":250},{"posx":17,"posy":4,"amount":650},{"posx":12,"posy":6,"amount":50},{"posx":6,"posy":7,"amount":150},{"posx":8,"posy":7,"amount":100},{"posx":5,"posy":8,"amount":600}],"changedObstacles":[]},{"players":[{"playerId":2374229,"score":984,"energy":3},{"playerId":2611188,"score":1050,"energy":13},{"playerId":2534350,"score":834,"energy":6},{"playerId":2287533,"score":734,"energy":25}],"golds":[{"posx":0,"posy":0,"amount":50},{"posx":3,"posy":1,"amount":400},{"posx":9,"posy":1,"amount":600},{"posx":17,"posy":1,"amount":200},{"posx":12,"posy":2,"amount":600},{"posx":15,"posy":2,"amount":300},{"posx":1,"posy":3,"amount":50},{"posx":14,"posy":3,"amount":100},{"posx":8,"posy":4,"amount":50},{"posx":12,"posy":4,"amount":50},{"posx":16,"posy":4,"amount":250},{"posx":17,"posy":4,"amount":650},{"posx":12,"posy":6,"amount":50},{"posx":6,"posy":7,"amount":150},{"posx":8,"posy":7,"amount":100},{"posx":5,"posy":8,"amount":600}],"changedObstacles":[]},{"players":[{"playerId":2374229,"score":984,"energy":15},{"playerId":2611188,"score":1050,"energy":29},{"playerId":2534350,"score":884,"energy":1},{"playerId":2287533,"score":784,"energy":20}],"golds":[{"posx":0,"posy":0,"amount":50},{"posx":3,"posy":1,"amount":400},{"posx":9,"posy":1,"amount":600},{"posx":17,"posy":1,"amount":200},{"posx":12,"posy":2,"amount":600},{"posx":15,"posy":2,"amount":300},{"posx":1,"posy":3,"amount":50},{"posx":14,"posy":3,"amount":50},{"posx":12,"posy":4,"amount":50},{"posx":16,"posy":4,"amount":250},{"posx":17,"posy":4,"amount":650},{"posx":12,"posy":6,"amount":50},{"posx":6,"posy":7,"amount":150},{"posx":8,"posy":7,"amount":100},{"posx":5,"posy":8,"amount":600}],"changedObstacles":[{"type":0,"posx":8,"posy":4,"value":-1}]},{"players":[{"playerId":2374229,"score":1034,"energy":10},{"playerId":2611188,"score":1050,"energy":50},{"playerId":2534350,"score":884,"energy":13},{"playerId":2287533,"score":784,"energy":32}],"golds":[{"posx":0,"posy":0,"amount":50},{"posx":3,"posy":1,"amount":400},{"posx":9,"posy":1,"amount":600},{"posx":17,"posy":1,"amount":200},{"posx":12,"posy":2,"amount":600},{"posx":15,"posy":2,"amount":300},{"posx":14,"posy":3,"amount":50},{"posx":12,"posy":4,"amount":50},{"posx":16,"posy":4,"amount":250},{"posx":17,"posy":4,"amount":650},{"posx":12,"posy":6,"amount":50},{"posx":6,"posy":7,"amount":150},{"posx":8,"posy":7,"amount":100},{"posx":5,"posy":8,"amount":600}],"changedObstacles":[{"type":0,"posx":1,"posy":3,"value":-1}]},{"players":[{"playerId":2374229,"score":1034,"energy":22},{"playerId":2611188,"score":1050,"energy":49},{"playerId":2534350,"score":934,"energy":8},{"playerId":2287533,"score":784,"energy":31}],"golds":[{"posx":0,"posy":0,"amount":50},{"posx":3,"posy":1,"amount":400},{"posx":9,"posy":1,"amount":600},{"posx":17,"posy":1,"amount":200},{"posx":12,"posy":2,"amount":600},{"posx":15,"posy":2,"amount":300},{"posx":12,"posy":4,"amount":50},{"posx":16,"posy":4,"amount":250},{"posx":17,"posy":4,"amount":650},{"posx":12,"posy":6,"amount":50},{"posx":6,"posy":7,"amount":150},{"posx":8,"posy":7,"amount":100},{"posx":5,"posy":8,"amount":600}],"changedObstacles":[{"type":0,"posx":14,"posy":3,"value":-1}]},{"players":[{"playerId":2374229,"score":1034,"energy":21},{"playerId":2611188,"score":1050,"energy":39},{"playerId":2534350,"score":934,"energy":20},{"playerId":2287533,"score":784,"energy":30}],"golds":[{"posx":0,"posy":0,"amount":50},{"posx":3,"posy":1,"amount":400},{"posx":9,"posy":1,"amount":600},{"posx":17,"posy":1,"amount":200},{"posx":12,"posy":2,"amount":600},{"posx":15,"posy":2,"amount":300},{"posx":12,"posy":4,"amount":50},{"posx":16,"posy":4,"amount":250},{"posx":17,"posy":4,"amount":650},{"posx":12,"posy":6,"amount":50},{"posx":6,"posy":7,"amount":150},{"posx":8,"posy":7,"amount":100},{"posx":5,"posy":8,"amount":600}],"changedObstacles":[{"type":0,"posx":10,"posy":4,"value":-1}]},{"players":[{"playerId":2374229,"score":1034,"energy":20},{"playerId":2611188,"score":1050,"energy":38},{"playerId":2534350,"score":934,"energy":36},{"playerId":2287533,"score":784,"energy":26}],"golds":[{"posx":0,"posy":0,"amount":50},{"posx":3,"posy":1,"amount":400},{"posx":9,"posy":1,"amount":600},{"posx":17,"posy":1,"amount":200},{"posx":12,"posy":2,"amount":600},{"posx":15,"posy":2,"amount":300},{"posx":12,"posy":4,"amount":50},{"posx":16,"posy":4,"amount":250},{"posx":17,"posy":4,"amount":650},{"posx":12,"posy":6,"amount":50},{"posx":6,"posy":7,"amount":150},{"posx":8,"posy":7,"amount":100},{"posx":5,"posy":8,"amount":600}],"changedObstacles":[]},{"players":[{"playerId":2374229,"score":1034,"energy":32},{"playerId":2611188,"score":1050,"energy":34},{"playerId":2534350,"score":934,"energy":35},{"playerId":2287533,"score":834,"energy":21}],"golds":[{"posx":0,"posy":0,"amount":50},{"posx":3,"posy":1,"amount":400},{"posx":9,"posy":1,"amount":600},{"posx":17,"posy":1,"amount":200},{"posx":12,"posy":2,"amount":600},{"posx":15,"posy":2,"amount":300},{"posx":12,"posy":4,"amount":50},{"posx":16,"posy":4,"amount":250},{"posx":17,"posy":4,"amount":650},{"posx":12,"posy":6,"amount":50},{"posx":6,"posy":7,"amount":150},{"posx":8,"posy":7,"amount":50},{"posx":5,"posy":8,"amount":600}],"changedObstacles":[]},{"players":[{"playerId":2374229,"score":1034,"energy":31},{"playerId":2611188,"score":1100,"energy":29},{"playerId":2534350,"score":934,"energy":25},{"playerId":2287533,"score":884,"energy":16}],"golds":[{"posx":0,"posy":0,"amount":50},{"posx":3,"posy":1,"amount":400},{"posx":9,"posy":1,"amount":600},{"posx":17,"posy":1,"amount":200},{"posx":12,"posy":2,"amount":600},{"posx":15,"posy":2,"amount":300},{"posx":16,"posy":4,"amount":250},{"posx":17,"posy":4,"amount":650},{"posx":12,"posy":6,"amount":50},{"posx":6,"posy":7,"amount":150},{"posx":5,"posy":8,"amount":600}],"changedObstacles":[{"type":0,"posx":16,"posy":3,"value":-1},{"type":0,"posx":12,"posy":4,"value":-1},{"type":0,"posx":8,"posy":7,"value":-1}]},{"players":[{"playerId":2374229,"score":1034,"energy":27},{"playerId":2611188,"score":1100,"energy":24},{"playerId":2534350,"score":934,"energy":9},{"playerId":2287533,"score":884,"energy":28}],"golds":[{"posx":0,"posy":0,"amount":50},{"posx":3,"posy":1,"amount":400},{"posx":9,"posy":1,"amount":600},{"posx":17,"posy":1,"amount":200},{"posx":12,"posy":2,"amount":600},{"posx":15,"posy":2,"amount":300},{"posx":16,"posy":4,"amount":250},{"posx":17,"posy":4,"amount":650},{"posx":12,"posy":6,"amount":50},{"posx":6,"posy":7,"amount":150},{"posx":5,"posy":8,"amount":600}],"changedObstacles":[{"type":3,"posx":13,"posy":4,"value":-20}]},{"players":[{"playerId":2374229,"score":1084,"energy":22},{"playerId":2611188,"score":1100,"energy":19},{"playerId":2534350,"score":934,"energy":5},{"playerId":2287533,"score":884,"energy":18}],"golds":[{"posx":0,"posy":0,"amount":50},{"posx":3,"posy":1,"amount":350},{"posx":9,"posy":1,"amount":600},{"posx":17,"posy":1,"amount":200},{"posx":12,"posy":2,"amount":600},{"posx":15,"posy":2,"amount":300},{"posx":16,"posy":4,"amount":250},{"posx":17,"posy":4,"amount":650},{"posx":12,"posy":6,"amount":50},{"posx":6,"posy":7,"amount":150},{"posx":5,"posy":8,"amount":600}],"changedObstacles":[{"type":3,"posx":14,"posy":4,"value":-20},{"type":0,"posx":7,"posy":7,"value":-1}]},{"players":[{"playerId":2374229,"score":1134,"energy":17},{"playerId":2611188,"score":1100,"energy":18},{"playerId":2534350,"score":934,"energy":17},{"playerId":2287533,"score":884,"energy":30}],"golds":[{"posx":0,"posy":0,"amount":50},{"posx":3,"posy":1,"amount":300},{"posx":9,"posy":1,"amount":600},{"posx":17,"posy":1,"amount":200},{"posx":12,"posy":2,"amount":600},{"posx":15,"posy":2,"amount":300},{"posx":16,"posy":4,"amount":250},{"posx":17,"posy":4,"amount":650},{"posx":12,"posy":6,"amount":50},{"posx":6,"posy":7,"amount":150},{"posx":5,"posy":8,"amount":600}],"changedObstacles":[]},{"players":[{"playerId":2374229,"score":1184,"energy":12},{"playerId":2611188,"score":1100,"energy":17},{"playerId":2534350,"score":984,"energy":12},{"playerId":2287533,"score":884,"energy":26}],"golds":[{"posx":0,"posy":0,"amount":50},{"posx":3,"posy":1,"amount":250},{"posx":9,"posy":1,"amount":600},{"posx":17,"posy":1,"amount":200},{"posx":12,"posy":2,"amount":600},{"posx":15,"posy":2,"amount":300},{"posx":16,"posy":4,"amount":250},{"posx":17,"posy":4,"amount":600},{"posx":12,"posy":6,"amount":50},{"posx":6,"posy":7,"amount":150},{"posx":5,"posy":8,"amount":600}],"changedObstacles":[]},{"players":[{"playerId":2374229,"score":1234,"energy":7},{"playerId":2611188,"score":1100,"energy":13},{"playerId":2534350,"score":1034,"energy":7},{"playerId":2287533,"score":934,"energy":21}],"golds":[{"posx":0,"posy":0,"amount":50},{"posx":3,"posy":1,"amount":200},{"posx":9,"posy":1,"amount":600},{"posx":17,"posy":1,"amount":200},{"posx":12,"posy":2,"amount":600},{"posx":15,"posy":2,"amount":300},{"posx":16,"posy":4,"amount":250},{"posx":17,"posy":4,"amount":550},{"posx":12,"posy":6,"amount":50},{"posx":6,"posy":7,"amount":100},{"posx":5,"posy":8,"amount":600}],"changedObstacles":[]},{"players":[{"playerId":2374229,"score":1284,"energy":2},{"playerId":2611188,"score":1150,"energy":8},{"playerId":2534350,"score":1084,"energy":2},{"playerId":2287533,"score":984,"energy":16}],"golds":[{"posx":0,"posy":0,"amount":50},{"posx":3,"posy":1,"amount":150},{"posx":9,"posy":1,"amount":600},{"posx":17,"posy":1,"amount":200},{"posx":12,"posy":2,"amount":600},{"posx":15,"posy":2,"amount":250},{"posx":16,"posy":4,"amount":250},{"posx":17,"posy":4,"amount":500},{"posx":12,"posy":6,"amount":50},{"posx":6,"posy":7,"amount":50},{"posx":5,"posy":8,"amount":600}],"changedObstacles":[]},{"players":[{"playerId":2374229,"score":1284,"energy":14},{"playerId":2611188,"score":1200,"energy":3},{"playerId":2534350,"score":1084,"energy":14},{"playerId":2287533,"score":1034,"energy":11}],"golds":[{"posx":0,"posy":0,"amount":50},{"posx":3,"posy":1,"amount":150},{"posx":9,"posy":1,"amount":600},{"posx":17,"posy":1,"amount":200},{"posx":12,"posy":2,"amount":600},{"posx":15,"posy":2,"amount":200},{"posx":16,"posy":4,"amount":250},{"posx":17,"posy":4,"amount":500},{"posx":12,"posy":6,"amount":50},{"posx":5,"posy":8,"amount":600}],"changedObstacles":[{"type":0,"posx":6,"posy":7,"value":-1}]},{"players":[{"playerId":2374229,"score":1334,"energy":9},{"playerId":2611188,"score":1200,"energy":15},{"playerId":2534350,"score":1134,"energy":9},{"playerId":2287533,"score":1034,"energy":23}],"golds":[{"posx":0,"posy":0,"amount":50},{"posx":3,"posy":1,"amount":100},{"posx":9,"posy":1,"amount":600},{"posx":17,"posy":1,"amount":200},{"posx":12,"posy":2,"amount":600},{"posx":15,"posy":2,"amount":200},{"posx":16,"posy":4,"amount":250},{"posx":17,"posy":4,"amount":450},{"posx":12,"posy":6,"amount":50},{"posx":5,"posy":8,"amount":600}],"changedObstacles":[]},{"players":[{"playerId":2374229,"score":1384,"energy":4},{"playerId":2611188,"score":1200,"energy":31},{"playerId":2534350,"score":1184,"energy":4},{"playerId":2287533,"score":1034,"energy":22}],"golds":[{"posx":0,"posy":0,"amount":50},{"posx":3,"posy":1,"amount":50},{"posx":9,"posy":1,"amount":600},{"posx":17,"posy":1,"amount":200},{"posx":12,"posy":2,"amount":600},{"posx":15,"posy":2,"amount":200},{"posx":16,"posy":4,"amount":250},{"posx":17,"posy":4,"amount":400},{"posx":12,"posy":6,"amount":50},{"posx":5,"posy":8,"amount":600}],"changedObstacles":[]},{"players":[{"playerId":2374229,"score":1384,"energy":16},{"playerId":2611188,"score":1200,"energy":50},{"playerId":2534350,"score":1184,"energy":16},{"playerId":2287533,"score":1034,"energy":18}],"golds":[{"posx":0,"posy":0,"amount":50},{"posx":3,"posy":1,"amount":50},{"posx":9,"posy":1,"amount":600},{"posx":17,"posy":1,"amount":200},{"posx":12,"posy":2,"amount":600},{"posx":15,"posy":2,"amount":200},{"posx":16,"posy":4,"amount":250},{"posx":17,"posy":4,"amount":400},{"posx":12,"posy":6,"amount":50},{"posx":5,"posy":8,"amount":600}],"changedObstacles":[]},{"players":[{"playerId":2374229,"score":1434,"energy":11},{"playerId":2611188,"score":1250,"energy":45},{"playerId":2534350,"score":1234,"energy":11},{"playerId":2287533,"score":1084,"energy":13}],"golds":[{"posx":0,"posy":0,"amount":50},{"posx":9,"posy":1,"amount":600},{"posx":17,"posy":1,"amount":200},{"posx":12,"posy":2,"amount":600},{"posx":15,"posy":2,"amount":150},{"posx":16,"posy":4,"amount":250},{"posx":17,"posy":4,"amount":350},{"posx":12,"posy":6,"amount":50},{"posx":5,"posy":8,"amount":550}],"changedObstacles":[{"type":0,"posx":3,"posy":1,"value":-1}]},{"players":[{"playerId":2374229,"score":1434,"energy":23},{"playerId":2611188,"score":1300,"energy":40},{"playerId":2534350,"score":1284,"energy":6},{"playerId":2287533,"score":1134,"energy":8}],"golds":[{"posx":0,"posy":0,"amount":50},{"posx":9,"posy":1,"amount":600},{"posx":17,"posy":1,"amount":200},{"posx":12,"posy":2,"amount":600},{"posx":15,"posy":2,"amount":100},{"posx":16,"posy":4,"amount":250},{"posx":17,"posy":4,"amount":300},{"posx":12,"posy":6,"amount":50},{"posx":5,"posy":8,"amount":500}],"changedObstacles":[]},{"players":[{"playerId":2374229,"score":1434,"energy":17},{"playerId":2611188,"score":1350,"energy":35},{"playerId":2534350,"score":1334,"energy":1},{"playerId":2287533,"score":1184,"energy":3}],"golds":[{"posx":0,"posy":0,"amount":50},{"posx":9,"posy":1,"amount":600},{"posx":17,"posy":1,"amount":200},{"posx":12,"posy":2,"amount":600},{"posx":15,"posy":2,"amount":50},{"posx":16,"posy":4,"amount":250},{"posx":17,"posy":4,"amount":250},{"posx":12,"posy":6,"amount":50},{"posx":5,"posy":8,"amount":450}],"changedObstacles":[]},{"players":[{"playerId":2374229,"score":1434,"energy":29},{"playerId":2611188,"score":1400,"energy":30},{"playerId":2534350,"score":1334,"energy":13},{"playerId":2287533,"score":1184,"energy":15}],"golds":[{"posx":0,"posy":0,"amount":50},{"posx":9,"posy":1,"amount":600},{"posx":17,"posy":1,"amount":200},{"posx":12,"posy":2,"amount":600},{"posx":16,"posy":4,"amount":250},{"posx":17,"posy":4,"amount":250},{"posx":12,"posy":6,"amount":50},{"posx":5,"posy":8,"amount":450}],"changedObstacles":[{"type":0,"posx":15,"posy":2,"value":-1}]},{"players":[{"playerId":2374229,"score":1434,"energy":24},{"playerId":2611188,"score":1400,"energy":20},{"playerId":2534350,"score":1384,"energy":8},{"playerId":2287533,"score":1234,"energy":10}],"golds":[{"posx":0,"posy":0,"amount":50},{"posx":9,"posy":1,"amount":600},{"posx":17,"posy":1,"amount":200},{"posx":12,"posy":2,"amount":600},{"posx":16,"posy":4,"amount":250},{"posx":17,"posy":4,"amount":200},{"posx":12,"posy":6,"amount":50},{"posx":5,"posy":8,"amount":400}],"changedObstacles":[{"type":3,"posx":5,"posy":1,"value":-20},{"type":0,"posx":14,"posy":2,"value":-1}]},{"players":[{"playerId":2374229,"score":1434,"energy":23},{"playerId":2611188,"score":1400,"energy":32},{"playerId":2534350,"score":1434,"energy":3},{"playerId":2287533,"score":1284,"energy":5}],"golds":[{"posx":0,"posy":0,"amount":50},{"posx":9,"posy":1,"amount":600},{"posx":17,"posy":1,"amount":200},{"posx":12,"posy":2,"amount":600},{"posx":16,"posy":4,"amount":250},{"posx":17,"posy":4,"amount":150},{"posx":12,"posy":6,"amount":50},{"posx":5,"posy":8,"amount":350}],"changedObstacles":[]},{"players":[{"playerId":2374229,"score":1434,"energy":13},{"playerId":2611188,"score":1400,"energy":48},{"playerId":2534350,"score":1434,"energy":15},{"playerId":2287533,"score":1284,"energy":17}],"golds":[{"posx":0,"posy":0,"amount":50},{"posx":9,"posy":1,"amount":600},{"posx":17,"posy":1,"amount":200},{"posx":12,"posy":2,"amount":600},{"posx":16,"posy":4,"amount":250},{"posx":17,"posy":4,"amount":150},{"posx":12,"posy":6,"amount":50},{"posx":5,"posy":8,"amount":350}],"changedObstacles":[]},{"players":[{"playerId":2374229,"score":1434,"energy":25},{"playerId":2611188,"score":1400,"energy":36},{"playerId":2534350,"score":1484,"energy":10},{"playerId":2287533,"score":1334,"energy":12}],"golds":[{"posx":0,"posy":0,"amount":50},{"posx":9,"posy":1,"amount":600},{"posx":17,"posy":1,"amount":200},{"posx":12,"posy":2,"amount":600},{"posx":16,"posy":4,"amount":250},{"posx":17,"posy":4,"amount":100},{"posx":12,"posy":6,"amount":50},{"posx":5,"posy":8,"amount":300}],"changedObstacles":[]},{"players":[{"playerId":2374229,"score":1434,"energy":24},{"playerId":2611188,"score":1400,"energy":32},{"playerId":2534350,"score":1534,"energy":5},{"playerId":2287533,"score":1384,"energy":7}],"golds":[{"posx":0,"posy":0,"amount":50},{"posx":9,"posy":1,"amount":600},{"posx":17,"posy":1,"amount":200},{"posx":12,"posy":2,"amount":600},{"posx":16,"posy":4,"amount":250},{"posx":17,"posy":4,"amount":50},{"posx":12,"posy":6,"amount":50},{"posx":5,"posy":8,"amount":250}],"changedObstacles":[]},{"players":[{"playerId":2374229,"score":1434,"energy":20},{"playerId":2611188,"score":1450,"energy":27},{"playerId":2534350,"score":1534,"energy":17},{"playerId":2287533,"score":1434,"energy":2}],"golds":[{"posx":0,"posy":0,"amount":50},{"posx":9,"posy":1,"amount":600},{"posx":17,"posy":1,"amount":200},{"posx":12,"posy":2,"amount":550},{"posx":16,"posy":4,"amount":250},{"posx":17,"posy":4,"amount":50},{"posx":12,"posy":6,"amount":50},{"posx":5,"posy":8,"amount":200}],"changedObstacles":[]},{"players":[{"playerId":2374229,"score":1484,"energy":15},{"playerId":2611188,"score":1500,"energy":22},{"playerId":2534350,"score":1584,"energy":12},{"playerId":2287533,"score":1434,"energy":14}],"golds":[{"posx":0,"posy":0,"amount":50},{"posx":9,"posy":1,"amount":550},{"posx":17,"posy":1,"amount":200},{"posx":12,"posy":2,"amount":500},{"posx":16,"posy":4,"amount":250},{"posx":12,"posy":6,"amount":50},{"posx":5,"posy":8,"amount":200}],"changedObstacles":[{"type":0,"posx":17,"posy":4,"value":-1}]},{"players":[{"playerId":2374229,"score":1534,"energy":10},{"playerId":2611188,"score":1550,"energy":17},{"playerId":2534350,"score":1584,"energy":8},{"playerId":2287533,"score":1484,"energy":9}],"golds":[{"posx":0,"posy":0,"amount":50},{"posx":9,"posy":1,"amount":500},{"posx":17,"posy":1,"amount":200},{"posx":12,"posy":2,"amount":450},{"posx":16,"posy":4,"amount":250},{"posx":12,"posy":6,"amount":50},{"posx":5,"posy":8,"amount":150}],"changedObstacles":[]},{"players":[{"playerId":2374229,"score":1584,"energy":5},{"playerId":2611188,"score":1600,"energy":12},{"playerId":2534350,"score":1634,"energy":3},{"playerId":2287533,"score":1534,"energy":4}],"golds":[{"posx":0,"posy":0,"amount":50},{"posx":9,"posy":1,"amount":450},{"posx":17,"posy":1,"amount":200},{"posx":12,"posy":2,"amount":400},{"posx":16,"posy":4,"amount":200},{"posx":12,"posy":6,"amount":50},{"posx":5,"posy":8,"amount":100}],"changedObstacles":[]},{"players":[{"playerId":2374229,"score":1584,"energy":17},{"playerId":2611188,"score":1650,"energy":7},{"playerId":2534350,"score":1634,"energy":15},{"playerId":2287533,"score":1534,"energy":16}],"golds":[{"posx":0,"posy":0,"amount":50},{"posx":9,"posy":1,"amount":450},{"posx":17,"posy":1,"amount":200},{"posx":12,"posy":2,"amount":350},{"posx":16,"posy":4,"amount":200},{"posx":12,"posy":6,"amount":50},{"posx":5,"posy":8,"amount":100}],"changedObstacles":[]},{"players":[{"playerId":2374229,"score":1634,"energy":12},{"playerId":2611188,"score":1700,"energy":2},{"playerId":2534350,"score":1684,"energy":10},{"playerId":2287533,"score":1584,"energy":11}],"golds":[{"posx":0,"posy":0,"amount":50},{"posx":9,"posy":1,"amount":400},{"posx":17,"posy":1,"amount":200},{"posx":12,"posy":2,"amount":300},{"posx":16,"posy":4,"amount":150},{"posx":12,"posy":6,"amount":50},{"posx":5,"posy":8,"amount":50}],"changedObstacles":[]},{"players":[{"playerId":2374229,"score":1684,"energy":7},{"playerId":2611188,"score":1700,"energy":14},{"playerId":2534350,"score":1734,"energy":5},{"playerId":2287533,"score":1634,"energy":6}],"golds":[{"posx":0,"posy":0,"amount":50},{"posx":9,"posy":1,"amount":350},{"posx":17,"posy":1,"amount":200},{"posx":12,"posy":2,"amount":300},{"posx":16,"posy":4,"amount":100},{"posx":12,"posy":6,"amount":50}],"changedObstacles":[{"type":0,"posx":5,"posy":8,"value":-1}]},{"players":[{"playerId":2374229,"score":1734,"energy":2},{"playerId":2611188,"score":1700,"energy":30},{"playerId":2534350,"score":1734,"energy":17},{"playerId":2287533,"score":1634,"energy":18}],"golds":[{"posx":0,"posy":0,"amount":50},{"posx":9,"posy":1,"amount":300},{"posx":17,"posy":1,"amount":200},{"posx":12,"posy":2,"amount":300},{"posx":16,"posy":4,"amount":100},{"posx":12,"posy":6,"amount":50}],"changedObstacles":[]},{"players":[{"playerId":2374229,"score":1734,"energy":14},{"playerId":2611188,"score":1700,"energy":50},{"playerId":2534350,"score":1784,"energy":12},{"playerId":2287533,"score":1634,"energy":34}],"golds":[{"posx":0,"posy":0,"amount":50},{"posx":9,"posy":1,"amount":300},{"posx":17,"posy":1,"amount":200},{"posx":12,"posy":2,"amount":300},{"posx":16,"posy":4,"amount":50},{"posx":12,"posy":6,"amount":50}],"changedObstacles":[]},{"players":[{"playerId":2374229,"score":1784,"energy":9},{"playerId":2611188,"score":1750,"energy":45},{"playerId":2534350,"score":1834,"energy":7},{"playerId":2287533,"score":1634,"energy":33}],"golds":[{"posx":0,"posy":0,"amount":50},{"posx":9,"posy":1,"amount":250},{"posx":17,"posy":1,"amount":200},{"posx":12,"posy":2,"amount":250},{"posx":12,"posy":6,"amount":50}],"changedObstacles":[{"type":0,"posx":16,"posy":4,"value":-1}]},{"players":[{"playerId":2374229,"score":1834,"energy":4},{"playerId":2611188,"score":1800,"energy":40},{"playerId":2534350,"score":1834,"energy":19},{"playerId":2287533,"score":1634,"energy":23}],"golds":[{"posx":0,"posy":0,"amount":50},{"posx":9,"posy":1,"amount":200},{"posx":17,"posy":1,"amount":200},{"posx":12,"posy":2,"amount":200},{"posx":12,"posy":6,"amount":50}],"changedObstacles":[{"type":0,"posx":7,"posy":8,"value":-1}]},{"players":[{"playerId":2374229,"score":1834,"energy":16},{"playerId":2611188,"score":1850,"energy":35},{"playerId":2534350,"score":1834,"energy":35},{"playerId":2287533,"score":1634,"energy":22}],"golds":[{"posx":0,"posy":0,"amount":50},{"posx":9,"posy":1,"amount":200},{"posx":17,"posy":1,"amount":200},{"posx":12,"posy":2,"amount":150},{"posx":12,"posy":6,"amount":50}],"changedObstacles":[]},{"players":[{"playerId":2374229,"score":1884,"energy":11},{"playerId":2611188,"score":1900,"energy":30},{"playerId":2534350,"score":1834,"energy":34},{"playerId":2287533,"score":1634,"energy":21}],"golds":[{"posx":0,"posy":0,"amount":50},{"posx":9,"posy":1,"amount":150},{"posx":17,"posy":1,"amount":200},{"posx":12,"posy":2,"amount":100},{"posx":12,"posy":6,"amount":50}],"changedObstacles":[]},{"players":[{"playerId":2374229,"score":1934,"energy":6},{"playerId":2611188,"score":1950,"energy":25},{"playerId":2534350,"score":1834,"energy":33},{"playerId":2287533,"score":1634,"energy":16}],"golds":[{"posx":0,"posy":0,"amount":50},{"posx":9,"posy":1,"amount":100},{"posx":17,"posy":1,"amount":200},{"posx":12,"posy":2,"amount":50},{"posx":12,"posy":6,"amount":50}],"changedObstacles":[{"type":3,"posx":10,"posy":8,"value":-20}]},{"players":[{"playerId":2374229,"score":1984,"energy":1},{"playerId":2611188,"score":2000,"energy":20},{"playerId":2534350,"score":1834,"energy":32},{"playerId":2287533,"score":1634,"energy":28}],"golds":[{"posx":0,"posy":0,"amount":50},{"posx":9,"posy":1,"amount":50},{"posx":17,"posy":1,"amount":200},{"posx":12,"posy":6,"amount":50}],"changedObstacles":[{"type":0,"posx":12,"posy":2,"value":-1}]},{"players":[{"playerId":2374229,"score":1984,"energy":13},{"playerId":2611188,"score":2000,"energy":19},{"playerId":2534350,"score":1834,"energy":31},{"playerId":2287533,"score":1634,"energy":27}],"golds":[{"posx":0,"posy":0,"amount":50},{"posx":9,"posy":1,"amount":50},{"posx":17,"posy":1,"amount":200},{"posx":12,"posy":6,"amount":50}],"changedObstacles":[]},{"players":[{"playerId":2374229,"score":2034,"energy":8},{"playerId":2611188,"score":2000,"energy":18},{"playerId":2534350,"score":1834,"energy":26},{"playerId":2287533,"score":1634,"energy":17}],"golds":[{"posx":0,"posy":0,"amount":50},{"posx":17,"posy":1,"amount":200},{"posx":12,"posy":6,"amount":50}],"changedObstacles":[{"type":3,"posx":16,"posy":1,"value":-20},{"type":0,"posx":12,"posy":8,"value":-1},{"type":0,"posx":9,"posy":1,"value":-1}]},{"players":[{"playerId":2374229,"score":2034,"energy":20},{"playerId":2611188,"score":2000,"energy":17},{"playerId":2534350,"score":1834,"energy":22},{"playerId":2287533,"score":1634,"energy":29}],"golds":[{"posx":0,"posy":0,"amount":50},{"posx":17,"posy":1,"amount":200},{"posx":12,"posy":6,"amount":50}],"changedObstacles":[]},{"players":[{"playerId":2374229,"score":2034,"energy":36},{"playerId":2611188,"score":2000,"energy":13},{"playerId":2534350,"score":1884,"energy":17},{"playerId":2287533,"score":1634,"energy":12}],"golds":[{"posx":0,"posy":0,"amount":50},{"posx":17,"posy":1,"amount":150},{"posx":12,"posy":6,"amount":50}],"changedObstacles":[]},{"players":[{"playerId":2374229,"score":2034,"energy":18},{"playerId":2611188,"score":2050,"energy":8},{"playerId":2534350,"score":1934,"energy":12},{"playerId":2287533,"score":1634,"energy":24}],"golds":[{"posx":0,"posy":0,"amount":50},{"posx":17,"posy":1,"amount":100}],"changedObstacles":[{"type":0,"posx":12,"posy":6,"value":-1}]},{"players":[{"playerId":2374229,"score":2034,"energy":30},{"playerId":2611188,"score":2050,"energy":20},{"playerId":2534350,"score":1984,"energy":7},{"playerId":2287533,"score":1634,"energy":23}],"golds":[{"posx":0,"posy":0,"amount":50},{"posx":17,"posy":1,"amount":50}],"changedObstacles":[]},{"players":[{"playerId":2374229,"score":2034,"energy":29},{"playerId":2611188,"score":2050,"energy":36},{"playerId":2534350,"score":2034,"energy":2},{"playerId":2287533,"score":1634,"energy":35}],"golds":[{"posx":0,"posy":0,"amount":50}],"changedObstacles":[{"type":0,"posx":17,"posy":1,"value":-1}]},{"players":[{"playerId":2374229,"score":2034,"energy":19},{"playerId":2611188,"score":2050,"energy":16},{"playerId":2534350,"score":2034,"energy":14},{"playerId":2287533,"score":1634,"energy":50}],"golds":[{"posx":0,"posy":0,"amount":50}],"changedObstacles":[{"type":0,"posx":12,"posy":1,"value":-1}]},{"players":[{"playerId":2374229,"score":2034,"energy":31},{"playerId":2611188,"score":2050,"energy":15},{"playerId":2534350,"score":2034,"energy":30},{"playerId":2287533,"score":1634,"energy":50}],"golds":[{"posx":0,"posy":0,"amount":50}],"changedObstacles":[]},{"players":[{"playerId":2374229,"score":2034,"energy":30},{"playerId":2611188,"score":2050,"energy":10},{"playerId":2534350,"score":2034,"energy":10},{"playerId":2287533,"score":1634,"energy":50}],"golds":[{"posx":0,"posy":0,"amount":50}],"changedObstacles":[{"type":3,"posx":9,"posy":6,"value":-20},{"type":3,"posx":16,"posy":1,"value":-40}]},{"players":[{"playerId":2374229,"score":2034,"energy":18},{"playerId":2611188,"score":2050,"energy":9},{"playerId":2534350,"score":2034,"energy":22},{"playerId":2287533,"score":1634,"energy":49}],"golds":[{"posx":0,"posy":0,"amount":50}],"changedObstacles":[]},{"players":[{"playerId":2374229,"score":2034,"energy":30},{"playerId":2611188,"score":2050,"energy":4},{"playerId":2534350,"score":2034,"energy":7},{"playerId":2287533,"score":1634,"energy":50}],"golds":[{"posx":0,"posy":0,"amount":50}],"changedObstacles":[{"type":3,"posx":7,"posy":6,"value":-20}]},{"players":[{"playerId":2374229,"score":2034,"energy":29},{"playerId":2611188,"score":2050,"energy":16},{"playerId":2534350,"score":2034,"energy":19},{"playerId":2287533,"score":1634,"energy":50}],"golds":[{"posx":0,"posy":0,"amount":50}],"changedObstacles":[]},{"players":[{"playerId":2374229,"score":2034,"energy":29},{"playerId":2611188,"score":2050,"energy":32},{"playerId":2534350,"score":2034,"energy":35},{"playerId":2287533,"score":1634,"energy":50}],"golds":[{"posx":0,"posy":0,"amount":50}],"changedObstacles":[]},{"players":[{"playerId":2374229,"score":2034,"energy":29},{"playerId":2611188,"score":2050,"energy":27},{"playerId":2534350,"score":2034,"energy":34},{"playerId":2287533,"score":1634,"energy":50}],"golds":[{"posx":0,"posy":0,"amount":50}],"changedObstacles":[{"type":3,"posx":6,"posy":6,"value":-20}]},{"players":[{"playerId":2374229,"score":2034,"energy":29},{"playerId":2611188,"score":2050,"energy":17},{"playerId":2534350,"score":2034,"energy":33},{"playerId":2287533,"score":1634,"energy":50}],"golds":[{"posx":0,"posy":0,"amount":50}],"changedObstacles":[{"type":0,"posx":5,"posy":6,"value":-1}]},{"players":[{"playerId":2374229,"score":2034,"energy":29},{"playerId":2611188,"score":2050,"energy":7},{"playerId":2534350,"score":2034,"energy":32},{"playerId":2287533,"score":1634,"energy":50}],"golds":[{"posx":0,"posy":0,"amount":50}],"changedObstacles":[{"type":0,"posx":4,"posy":6,"value":-1}]},{"players":[{"playerId":2374229,"score":2034,"energy":29},{"playerId":2611188,"score":2050,"energy":6},{"playerId":2534350,"score":2034,"energy":31},{"playerId":2287533,"score":1634,"energy":50}],"golds":[{"posx":0,"posy":0,"amount":50}],"changedObstacles":[]},{"players":[{"playerId":2374229,"score":2034,"energy":29},{"playerId":2611188,"score":2050,"energy":5},{"playerId":2534350,"score":2034,"energy":17},{"playerId":2287533,"score":1634,"energy":50}],"golds":[{"posx":0,"posy":0,"amount":50}],"changedObstacles":[]},{"players":[{"playerId":2374229,"score":2034,"energy":29},{"playerId":2611188,"score":2050,"energy":17},{"playerId":2534350,"score":2034,"energy":29},{"playerId":2287533,"score":1634,"energy":50}],"golds":[{"posx":0,"posy":0,"amount":50}],"changedObstacles":[]},{"players":[{"playerId":2374229,"score":2034,"energy":29},{"playerId":2611188,"score":2050,"energy":33},{"playerId":2534350,"score":2034,"energy":28},{"playerId":2287533,"score":1634,"energy":50}],"golds":[{"posx":0,"posy":0,"amount":50}],"changedObstacles":[]},{"players":[{"playerId":2374229,"score":2034,"energy":29},{"playerId":2611188,"score":2050,"energy":23},{"playerId":2534350,"score":2034,"energy":27},{"playerId":2287533,"score":1634,"energy":50}],"golds":[{"posx":0,"posy":0,"amount":50}],"changedObstacles":[{"type":0,"posx":1,"posy":6,"value":-1}]}]