[{"players":[{"playerId":1879247,"score":0,"energy":46,"posx":4,"posy":4,"lastAction":3,"status":0},{"playerId":2365650,"score":0,"energy":46,"posx":5,"posy":3,"lastAction":1,"status":0},{"playerId":2413234,"score":0,"energy":46,"posx":5,"posy":3,"lastAction":1,"status":0},{"playerId":2231262,"score":0,"energy":46,"posx":5,"posy":3,"lastAction":1,"status":0}],"golds":[{"posx":8,"posy":4,"amount":50},{"posx":16,"posy":4,"amount":250},{"posx":7,"posy":4,"amount":750},{"posx":17,"posy":4,"amount":650},{"posx":4,"posy":4,"amount":450},{"posx":12,"posy":4,"amount":50},{"posx":9,"posy":1,"amount":600},{"posx":14,"posy":3,"amount":700},{"posx":12,"posy":2,"amount":600},{"posx":0,"posy":0,"amount":50},{"posx":6,"posy":7,"amount":150},{"posx":1,"posy":3,"amount":550},{"posx":3,"posy":1,"amount":400},{"posx":5,"posy":8,"amount":600},{"posx":3,"posy":5,"amount":600},{"posx":8,"posy":7,"amount":100},{"posx":5,"posy":3,"amount":700},{"posx":17,"posy":1,"amount":200},{"posx":15,"posy":2,"amount":300},{"posx":12,"posy":6,"amount":50}],"changedObstacles":[]},{"players":[{"playerId":1879247,"score":50,"energy":41,"posx":4,"posy":4,"lastAction":5,"status":0},{"playerId":2365650,"score":50,"energy":41,"posx":5,"posy":3,"lastAction":5,"status":0},{"playerId":2413234,"score":50,"energy":41,"posx":5,"posy":3,"lastAction":5,"status":0},{"playerId":2231262,"score":50,"energy":41,"posx":5,"posy":3,"lastAction":5,"status":0}],"golds":[{"posx":0,"posy":0,"amount":50},{"posx":3,"posy":1,"amount":400},{"posx":9,"posy":1,"amount":600},{"posx":17,"posy":1,"amount":200},{"posx":12,"posy":2,"amount":600},{"posx":15,"posy":2,"amount":300},{"posx":1,"posy":3,"amount":550},{"posx":5,"posy":3,"amount":550},{"posx":14,"posy":3,"amount":700},{"posx":4,"posy":4,"amount":400},{"posx":7,"posy":4,"amount":750},{"posx":8,"posy":4,"amount":50},{"posx":12,"posy":4,"amount":50},{"posx":16,"posy":4,"amount":250},{"posx":17,"posy":4,"amount":650},{"posx":3,"posy":5,"amount":600},{"posx":12,"posy":6,"amount":50},{"posx":6,"posy":7,"amount":150},{"posx":8,"posy":7,"amount":100},{"posx":5,"posy":8,"amount":600}],"changedObstacles":[]},{"players":[{"playerId":1879247,"score":100,"energy":36,"posx":4,"posy":4,"lastAction":5,"status":0},{"playerId":2365650,"score":100,"energy":36,"posx":5,"posy":3,"lastAction":5,"status":0},{"playerId":2413234,"score":100,"energy":36,"posx":5,"posy":3,"lastAction":5,"status":0},{"playerId":2231262,"score":100,"energy":36,"posx":5,"posy":3,"lastAction":5,"status":0}],"golds":[{"posx":0,"posy":0,"amount":50},{"posx":3,"posy":1,"amount":400},{"posx":9,"posy":1,"amount":600},{"posx":17,"posy":1,"amount":200},{"posx":12,"posy":2,"amount":600},{"posx":15,"posy":2,"amount":300},{"posx":1,"posy":3,"amount":550},{"posx":5,"posy":3,"amount":400},{"posx":14,"posy":3,"amount":700},{"posx":4,"posy":4,"amount":350},{"posx":7,"posy":4,"amount":750},{"posx":8,"posy":4,"amount":50},{"posx":12,"posy":4,"amount":50},{"posx":16,"posy":4,"amount":250},{"posx":17,"posy":4,"amount":650},{"posx":3,"posy":5,"amount":600},{"posx":12,"posy":6,"amount":50},{"posx":6,"posy":7,"amount":150},{"posx":8,"posy":7,"amount":100},{"posx":5,"posy":8,"amount":600}],"changedObstacles":[]},{"players":[{"playerId":1879247,"score":150,"energy":31,"posx":4,"posy":4,"lastAction":5,"status":0},{"playerId":2365650,"score":150,"energy":31,"posx":5,"posy":3,"lastAction":5,"status":0},{"playerId":2413234,"score":150,"energy":31,"posx":5,"posy":3,"lastAction":5,"status":0},{"playerId":2231262,"score":150,"energy":31,"posx":5,"posy":3,"lastAction":5,"status":0}],"golds":[{"posx":0,"posy":0,"amount":50},{"posx":3,"posy":1,"amount":400},{"posx":9,"posy":1,"amount":600},{"posx":17,"posy":1,"amount":200},{"posx":12,"posy":2,"amount":600},{"posx":15,"posy":2,"amount":300},{"posx":1,"posy":3,"amount":550},{"posx":5,"posy":3,"amount":250},{"posx":14,"posy":3,"amount":700},{"posx":4,"posy":4,"amount":300},{"posx":7,"posy":4,"amount":750},{"posx":8,"posy":4,"amount":50},{"posx":12,"posy":4,"amount":50},{"posx":16,"posy":4,"amount":250},{"posx":17,"posy":4,"amount":650},{"posx":3,"posy":5,"amount":600},{"posx":12,"posy":6,"amount":50},{"posx":6,"posy":7,"amount":150},{"posx":8,"posy":7,"amount":100},{"posx":5,"posy":8,"amount":600}],"changedObstacles":[]},{"players":[{"playerId":1879247,"score":200,"energy":26,"posx":4,"posy":4,"lastAction":5,"status":0},{"playerId":2365650,"score":200,"energy":26,"posx":5,"posy":3,"lastAction":5,"status":0},{"playerId":2413234,"score":200,"energy":26,"posx":5,"posy":3,"lastAction":5,"status":0},{"playerId":2231262,"score":200,"energy":26,"posx":5,"posy":3,"lastAction":5,"status":0}],"golds":[{"posx":0,"posy":0,"amount":50},{"posx":3,"posy":1,"amount":400},{"posx":9,"posy":1,"amount":600},{"posx":17,"posy":1,"amount":200},{"posx":12,"posy":2,"amount":600},{"posx":15,"posy":2,"amount":300},{"posx":1,"posy":3,"amount":550},{"posx":5,"posy":3,"amount":100},{"posx":14,"posy":3,"amount":700},{"posx":4,"posy":4,"amount":250},{"posx":7,"posy":4,"amount":750},{"posx":8,"posy":4,"amount":50},{"posx":12,"posy":4,"amount":50},{"posx":16,"posy":4,"amount":250},{"posx":17,"posy":4,"amount":650},{"posx":3,"posy":5,"amount":600},{"posx":12,"posy":6,"amount":50},{"posx":6,"posy":7,"amount":150},{"posx":8,"posy":7,"amount":100},{"posx":5,"posy":8,"amount":600}],"changedObstacles":[]},{"players":[{"playerId":1879247,"score":250,"energy":21,"posx":4,"posy":4,"lastAction":5,"status":0},{"playerId":2365650,"score":234,"energy":21,"posx":5,"posy":3,"lastAction":5,"status":0},{"playerId":2413234,"score":234,"energy":21,"posx":5,"posy":3,"lastAction":5,"status":0},{"playerId":2231262,"score":234,"energy":21,"posx":5,"posy":3,"lastAction":5,"status":0}],"golds":[{"posx":0,"posy":0,"amount":50},{"posx":3,"posy":1,"amount":400},{"posx":9,"posy":1,"amount":600},{"posx":17,"posy":1,"amount":200},{"posx":12,"posy":2,"amount":600},{"posx":15,"posy":2,"amount":300},{"posx":1,"posy":3,"amount":550},{"posx":14,"posy":3,"amount":700},{"posx":4,"posy":4,"amount":200},{"posx":7,"posy":4,"amount":750},{"posx":8,"posy":4,"amount":50},{"posx":12,"posy":4,"amount":50},{"posx":16,"posy":4,"amount":250},{"posx":17,"posy":4,"amount":650},{"posx":3,"posy":5,"amount":600},{"posx":12,"posy":6,"amount":50},{"posx":6,"posy":7,"amount":150},{"posx":8,"posy":7,"amount":100},{"posx":5,"posy":8,"amount":600}],"changedObstacles":[{"type":0,"posx":5,"posy":3,"value":-1}]},{"players":[{"playerId":1879247,"score":300,"energy":16,"posx":4,"posy":4,"lastAction":5,"status":0},{"playerId":2365650,"score":234,"energy":20,"posx":5,"posy":2,"lastAction":2,"status":0},{"playerId":2413234,"score":234,"energy":16,"posx":5,"posy":4,"lastAction":3,"status":0},{"playerId":2231262,"score":234,"energy":20,"posx":5,"posy":2,"lastAction":2,"status":0}],"golds":[{"posx":0,"posy":0,"amount":50},{"posx":3,"posy":1,"amount":400},{"posx":9,"posy":1,"amount":600},{"posx":17,"posy":1,"amount":200},{"posx":12,"posy":2,"amount":600},{"posx":15,"posy":2,"amount":300},{"posx":1,"posy":3,"amount":550},{"posx":14,"posy":3,"amount":700},{"posx":4,"posy":4,"amount":150},{"posx":7,"posy":4,"amount":750},{"posx":8,"posy":4,"amount":50},{"posx":12,"posy":4,"amount":50},{"posx":16,"posy":4,"amount":250},{"posx":17,"posy":4,"amount":650},{"posx":3,"posy":5,"amount":600},{"posx":12,"posy":6,"amount":50},{"posx":6,"posy":7,"amount":150},{"posx":8,"posy":7,"amount":100},{"posx":5,"posy":8,"amount":600}],"changedObstacles":[{"type":3,"posx":5,"posy":4,"value":-20}]},{"players":[{"playerId":1879247,"score":350,"energy":11,"posx":4,"posy":4,"lastAction":5,"status":0},{"playerId":2365650,"score":234,"energy":15,"posx":4,"posy":2,"lastAction":0,"status":0},{"playerId":2413234,"score":234,"energy":6,"posx":6,"posy":4,"lastAction":1,"status":0},{"playerId":2231262,"score":234,"energy":15,"posx":5,"posy":1,"lastAction":2,"status":0}],"golds":[{"posx":0,"posy":0,"amount":50},{"posx":3,"posy":1,"amount":400},{"posx":9,"posy":1,"amount":600},{"posx":17,"posy":1,"amount":200},{"posx":12,"posy":2,"amount":600},{"posx":15,"posy":2,"amount":300},{"posx":1,"posy":3,"amount":550},{"posx":14,"posy":3,"amount":700},{"posx":4,"posy":4,"amount":100},{"posx":7,"posy":4,"amount":750},{"posx":8,"posy":4,"amount":50},{"posx":12,"posy":4,"amount":50},{"posx":16,"posy":4,"amount":250},{"posx":17,"posy":4,"amount":650},{"posx":3,"posy":5,"amount":600},{"posx":12,"posy":6,"amount":50},{"posx":6,"posy":7,"amount":150},{"posx":8,"posy":7,"amount":100},{"posx":5,"posy":8,"amount":600}],"changedObstacles":[{"type":3,"posx":4,"posy":2,"value":-20},{"type":3,"posx":5,"posy":1,"value":-20},{"type":0,"posx":6,"posy":4,"value":-1}]},{"players":[{"playerId":1879247,"score":400,"energy":6,"posx":4,"posy":4,"lastAction":5,"status":0},{"playerId":2365650,"score":234,"energy":14,"posx":3,"posy":2,"lastAction":0,"status":0},{"playerId":2413234,"score":234,"energy":2,"posx":7,"posy":4,"lastAction":1,"status":0},{"playerId":2231262,"score":234,"energy":27,"posx":5,"posy":1,"lastAction":4,"status":0}],"golds":[{"posx":0,"posy":0,"amount":50},{"posx":3,"posy":1,"amount":400},{"posx":9,"posy":1,"amount":600},{"posx":17,"posy":1,"amount":200},{"posx":12,"posy":2,"amount":600},{"posx":15,"posy":2,"amount":300},{"posx":1,"posy":3,"amount":550},{"posx":14,"posy":3,"amount":700},{"posx":4,"posy":4,"amount":50},{"posx":7,"posy":4,"amount":750},{"posx":8,"posy":4,"amount":50},{"posx":12,"posy":4,"amount":50},{"posx":16,"posy":4,"amount":250},{"posx":17,"posy":4,"amount":650},{"posx":3,"posy":5,"amount":600},{"posx":12,"posy":6,"amount":50},{"posx":6,"posy":7,"amount":150},{"posx":8,"posy":7,"amount":100},{"posx":5,"posy":8,"amount":600}],"changedObstacles":[]},{"players":[{"playerId":1879247,"score":450,"energy":1,"posx":4,"posy":4,"lastAction":5,"status":0},{"playerId":2365650,"score":234,"energy":10,"posx":3,"posy":1,"lastAction":2,"status":0},{"playerId":2413234,"score":234,"energy":14,"posx":7,"posy":4,"lastAction":4,"status":0},{"playerId":2231262,"score":234,"energy":26,"posx":6,"posy":1,"lastAction":1,"status":0}],"golds":[{"posx":0,"posy":0,"amount":50},{"posx":3,"posy":1,"amount":400},{"posx":9,"posy":1,"amount":600},{"posx":17,"posy":1,"amount":200},{"posx":12,"posy":2,"amount":600},{"posx":15,"posy":2,"amount":300},{"posx":1,"posy":3,"amount":550},{"posx":14,"posy":3,"amount":700},{"posx":7,"posy":4,"amount":750},{"posx":8,"posy":4,"amount":50},{"posx":12,"posy":4,"amount":50},{"posx":16,"posy":4,"amount":250},{"posx":17,"posy":4,"amount":650},{"posx":3,"posy":5,"amount":600},{"posx":12,"posy":6,"amount":50},{"posx":6,"posy":7,"amount":150},{"posx":8,"posy":7,"amount":100},{"posx":5,"posy":8,"amount":600}],"changedObstacles":[{"type":0,"posx":4,"posy":4,"value":-1}]},{"players":[{"playerId":1879247,"score":450,"energy":13,"posx":4,"posy":4,"lastAction":4,"status":0},{"playerId":2365650,"score":284,"energy":5,"posx":3,"posy":1,"lastAction":5,"status":0},{"playerId":2413234,"score":234,"energy":30,"posx":7,"posy":4,"lastAction":4,"status":0},{"playerId":2231262,"score":234,"energy":20,"posx":7,"posy":1,"lastAction":1,"status":0}],"golds":[{"posx":0,"posy":0,"amount":50},{"posx":3,"posy":1,"amount":350},{"posx":9,"posy":1,"amount":600},{"posx":17,"posy":1,"amount":200},{"posx":12,"posy":2,"amount":600},{"posx":15,"posy":2,"amount":300},{"posx":1,"posy":3,"amount":550},{"posx":14,"posy":3,"amount":700},{"posx":7,"posy":4,"amount":750},{"posx":8,"posy":4,"amount":50},{"posx":12,"posy":4,"amount":50},{"posx":16,"posy":4,"amount":250},{"posx":17,"posy":4,"amount":650},{"posx":3,"posy":5,"amount":600},{"posx":12,"posy":6,"amount":50},{"posx":6,"posy":7,"amount":150},{"posx":8,"posy":7,"amount":100},{"posx":5,"posy":8,"amount":600}],"changedObstacles":[]},{"players":[{"playerId":1879247,"score":450,"energy":3,"posx":3,"posy":4,"lastAction":0,"status":0},{"playerId":2365650,"score":284,"energy":17,"posx":3,"posy":1,"lastAction":4,"status":0},{"playerId":2413234,"score":284,"energy":25,"posx":7,"posy":4,"lastAction":5,"status":0},{"playerId":2231262,"score":234,"energy":19,"posx":8,"posy":1,"lastAction":1,"status":0}],"golds":[{"posx":0,"posy":0,"amount":50},{"posx":3,"posy":1,"amount":350},{"posx":9,"posy":1,"amount":600},{"posx":17,"posy":1,"amount":200},{"posx":12,"posy":2,"amount":600},{"posx":15,"posy":2,"amount":300},{"posx":1,"posy":3,"amount":550},{"posx":14,"posy":3,"amount":700},{"posx":7,"posy":4,"amount":700},{"posx":8,"posy":4,"amount":50},{"posx":12,"posy":4,"amount":50},{"posx":16,"posy":4,"amount":250},{"posx":17,"posy":4,"amount":650},{"posx":3,"posy":5,"amount":600},{"posx":12,"posy":6,"amount":50},{"posx":6,"posy":7,"amount":150},{"posx":8,"posy":7,"amount":100},{"posx":5,"posy":8,"amount":600}],"changedObstacles":[{"type":0,"posx":3,"posy":4,"value":-1}]},{"players":[{"playerId":1879247,"score":450,"energy":15,"posx":3,"posy":4,"lastAction":4,"status":0},{"playerId":2365650,"score":334,"energy":12,"posx":3,"posy":1,"lastAction":5,"status":0},{"playerId":2413234,"score":334,"energy":20,"posx":7,"posy":4,"lastAction":5,"status":0},{"playerId":2231262,"score":234,"energy":15,"posx":9,"posy":1,"lastAction":1,"status":0}],"golds":[{"posx":0,"posy":0,"amount":50},{"posx":3,"posy":1,"amount":300},{"posx":9,"posy":1,"amount":600},{"posx":17,"posy":1,"amount":200},{"posx":12,"posy":2,"amount":600},{"posx":15,"posy":2,"amount":300},{"posx":1,"posy":3,"amount":550},{"posx":14,"posy":3,"amount":700},{"posx":7,"posy":4,"amount":650},{"posx":8,"posy":4,"amount":50},{"posx":12,"posy":4,"amount":50},{"posx":16,"posy":4,"amount":250},{"posx":17,"posy":4,"amount":650},{"posx":3,"posy":5,"amount":600},{"posx":12,"posy":6,"amount":50},{"posx":6,"posy":7,"amount":150},{"posx":8,"posy":7,"amount":100},{"posx":5,"posy":8,"amount":600}],"changedObstacles":[]},{"players":[{"playerId":1879247,"score":450,"energy":11,"posx":3,"posy":5,"lastAction":3,"status":0},{"playerId":2365650,"score":384,"energy":7,"posx":3,"posy":1,"lastAction":5,"status":0},{"playerId":2413234,"score":384,"energy":15,"posx":7,"posy":4,"lastAction":5,"status":0},{"playerId":2231262,"score":234,"energy":27,"posx":9,"posy":1,"lastAction":4,"status":0}],"golds":[{"posx":0,"posy":0,"amount":50},{"posx":3,"posy":1,"amount":250},{"posx":9,"posy":1,"amount":600},{"posx":17,"posy":1,"amount":200},{"posx":12,"posy":2,"amount":600},{"posx":15,"posy":2,"amount":300},{"posx":1,"posy":3,"amount":550},{"posx":14,"posy":3,"amount":700},{"posx":7,"posy":4,"amount":600},{"posx":8,"posy":4,"amount":50},{"posx":12,"posy":4,"amount":50},{"posx":16,"posy":4,"amount":250},{"posx":17,"posy":4,"amount":650},{"posx":3,"posy":5,"amount":600},{"posx":12,"posy":6,"amount":50},{"posx":6,"posy":7,"amount":150},{"posx":8,"posy":7,"amount":100},{"posx":5,"posy":8,"amount":600}],"changedObstacles":[]},{"players":[{"playerId":1879247,"score":500,"energy":6,"posx":3,"posy":5,"lastAction":5,"status":0},{"playerId":2365650,"score":384,"energy":19,"posx":3,"posy":1,"lastAction":4,"status":0},{"playerId":2413234,"score":434,"energy":10,"posx":7,"posy":4,"lastAction":5,"status":0},{"playerId":2231262,"score":284,"energy":22,"posx":9,"posy":1,"lastAction":5,"status":0}],"golds":[{"posx":0,"posy":0,"amount":50},{"posx":3,"posy":1,"amount":250},{"posx":9,"posy":1,"amount":550},{"posx":17,"posy":1,"amount":200},{"posx":12,"posy":2,"amount":600},{"posx":15,"posy":2,"amount":300},{"posx":1,"posy":3,"amount":550},{"posx":14,"posy":3,"amount":700},{"posx":7,"posy":4,"amount":550},{"posx":8,"posy":4,"amount":50},{"posx":12,"posy":4,"amount":50},{"posx":16,"posy":4,"amount":250},{"posx":17,"posy":4,"amount":650},{"posx":3,"posy":5,"amount":550},{"posx":12,"posy":6,"amount":50},{"posx":6,"posy":7,"amount":150},{"posx":8,"posy":7,"amount":100},{"posx":5,"posy":8,"amount":600}],"changedObstacles":[]},{"players":[{"playerId":1879247,"score":550,"energy":1,"posx":3,"posy":5,"lastAction":5,"status":0},{"playerId":2365650,"score":434,"energy":14,"posx":3,"posy":1,"lastAction":5,"status":0},{"playerId":2413234,"score":484,"energy":5,"posx":7,"posy":4,"lastAction":5,"status":0},{"playerId":2231262,"score":334,"energy":17,"posx":9,"posy":1,"lastAction":5,"status":0}],"golds":[{"posx":0,"posy":0,"amount":50},{"posx":3,"posy":1,"amount":200},{"posx":9,"posy":1,"amount":500},{"posx":17,"posy":1,"amount":200},{"posx":12,"posy":2,"amount":600},{"posx":15,"posy":2,"amount":300},{"posx":1,"posy":3,"amount":550},{"posx":14,"posy":3,"amount":700},{"posx":7,"posy":4,"amount":500},{"posx":8,"posy":4,"amount":50},{"posx":12,"posy":4,"amount":50},{"posx":16,"posy":4,"amount":250},{"posx":17,"posy":4,"amount":650},{"posx":3,"posy":5,"amount":500},{"posx":12,"posy":6,"amount":50},{"posx":6,"posy":7,"amount":150},{"posx":8,"posy":7,"amount":100},{"posx":5,"posy":8,"amount":600}],"changedObstacles":[]},{"players":[{"playerId":1879247,"score":550,"energy":13,"posx":3,"posy":5,"lastAction":4,"status":0},{"playerId":2365650,"score":484,"energy":9,"posx":3,"posy":1,"lastAction":5,"status":0},{"playerId":2413234,"score":484,"energy":17,"posx":7,"posy":4,"lastAction":4,"status":0},{"playerId":2231262,"score":384,"energy":12,"posx":9,"posy":1,"lastAction":5,"status":0}],"golds":[{"posx":0,"posy":0,"amount":50},{"posx":3,"posy":1,"amount":150},{"posx":9,"posy":1,"amount":450},{"posx":17,"posy":1,"amount":200},{"posx":12,"posy":2,"amount":600},{"posx":15,"posy":2,"amount":300},{"posx":1,"posy":3,"amount":550},{"posx":14,"posy":3,"amount":700},{"posx":7,"posy":4,"amount":500},{"posx":8,"posy":4,"amount":50},{"posx":12,"posy":4,"amount":50},{"posx":16,"posy":4,"amount":250},{"posx":17,"posy":4,"amount":650},{"posx":3,"posy":5,"amount":500},{"posx":12,"posy":6,"amount":50},{"posx":6,"posy":7,"amount":150},{"posx":8,"posy":7,"amount":100},{"posx":5,"posy":8,"amount":600}],"changedObstacles":[]},{"players":[{"playerId":1879247,"score":600,"energy":8,"posx":3,"posy":5,"lastAction":5,"status":0},{"playerId":2365650,"score":484,"energy":21,"posx":3,"posy":1,"lastAction":4,"status":0},{"playerId":2413234,"score":484,"energy":33,"posx":7,"posy":4,"lastAction":4,"status":0},{"playerId":2231262,"score":384,"energy":24,"posx":9,"posy":1,"lastAction":4,"status":0}],"golds":[{"posx":0,"posy":0,"amount":50},{"posx":3,"posy":1,"amount":150},{"posx":9,"posy":1,"amount":450},{"posx":17,"posy":1,"amount":200},{"posx":12,"posy":2,"amount":600},{"posx":15,"posy":2,"amount":300},{"posx":1,"posy":3,"amount":550},{"posx":14,"posy":3,"amount":700},{"posx":7,"posy":4,"amount":500},{"posx":8,"posy":4,"amount":50},{"posx":12,"posy":4,"amount":50},{"posx":16,"posy":4,"amount":250},{"posx":17,"posy":4,"amount":650},{"posx":3,"posy":5,"amount":450},{"posx":12,"posy":6,"amount":50},{"posx":6,"posy":7,"amount":150},{"posx":8,"posy":7,"amount":100},{"posx":5,"posy":8,"amount":600}],"changedObstacles":[]},{"players":[{"playerId":1879247,"score":650,"energy":3,"posx":3,"posy":5,"lastAction":5,"status":0},{"playerId":2365650,"score":534,"energy":16,"posx":3,"posy":1,"lastAction":5,"status":0},{"playerId":2413234,"score":534,"energy":28,"posx":7,"posy":4,"lastAction":5,"status":0},{"playerId":2231262,"score":434,"energy":19,"posx":9,"posy":1,"lastAction":5,"status":0}],"golds":[{"posx":0,"posy":0,"amount":50},{"posx":3,"posy":1,"amount":100},{"posx":9,"posy":1,"amount":400},{"posx":17,"posy":1,"amount":200},{"posx":12,"posy":2,"amount":600},{"posx":15,"posy":2,"amount":300},{"posx":1,"posy":3,"amount":550},{"posx":14,"posy":3,"amount":700},{"posx":7,"posy":4,"amount":450},{"posx":8,"posy":4,"amount":50},{"posx":12,"posy":4,"amount":50},{"posx":16,"posy":4,"amount":250},{"posx":17,"posy":4,"amount":650},{"posx":3,"posy":5,"amount":400},{"posx":12,"posy":6,"amount":50},{"posx":6,"posy":7,"amount":150},{"posx":8,"posy":7,"amount":100},{"posx":5,"posy":8,"amount":600}],"changedObstacles":[]},{"players":[{"playerId":1879247,"score":650,"energy":15,"posx":3,"posy":5,"lastAction":4,"status":0},{"playerId":2365650,"score":584,"energy":11,"posx":3,"posy":1,"lastAction":5,"status":0},{"playerId":2413234,"score":584,"energy":23,"posx":7,"posy":4,"lastAction":5,"status":0},{"playerId":2231262,"score":484,"energy":14,"posx":9,"posy":1,"lastAction":5,"status":0}],"golds":[{"posx":0,"posy":0,"amount":50},{"posx":3,"posy":1,"amount":50},{"posx":9,"posy":1,"amount":350},{"posx":17,"posy":1,"amount":200},{"posx":12,"posy":2,"amount":600},{"posx":15,"posy":2,"amount":300},{"posx":1,"posy":3,"amount":550},{"posx":14,"posy":3,"amount":700},{"posx":7,"posy":4,"amount":400},{"posx":8,"posy":4,"amount":50},{"posx":12,"posy":4,"amount":50},{"posx":16,"posy":4,"amount":250},{"posx":17,"posy":4,"amount":650},{"posx":3,"posy":5,"amount":400},{"posx":12,"posy":6,"amount":50},{"posx":6,"posy":7,"amount":150},{"posx":8,"posy":7,"amount":100},{"posx":5,"posy":8,"amount":600}],"changedObstacles":[]},{"players":[{"playerId":1879247,"score":700,"energy":10,"posx":3,"posy":5,"lastAction":5,"status":0},{"playerId":2365650,"score":634,"energy":6,"posx":3,"posy":1,"lastAction":5,"status":0},{"playerId":2413234,"score":634,"energy":18,"posx":7,"posy":4,"lastAction":5,"status":0},{"playerId":2231262,"score":484,"energy":26,"posx":9,"posy":1,"lastAction":4,"status":0}],"golds":[{"posx":0,"posy":0,"amount":50},{"posx":9,"posy":1,"amount":350},{"posx":17,"posy":1,"amount":200},{"posx":12,"posy":2,"amount":600},{"posx":15,"posy":2,"amount":300},{"posx":1,"posy":3,"amount":550},{"posx":14,"posy":3,"amount":700},{"posx":7,"posy":4,"amount":350},{"posx":8,"posy":4,"amount":50},{"posx":12,"posy":4,"amount":50},{"posx":16,"posy":4,"amount":250},{"posx":17,"posy":4,"amount":650},{"posx":3,"posy":5,"amount":350},{"posx":12,"posy":6,"amount":50},{"posx":6,"posy":7,"amount":150},{"posx":8,"posy":7,"amount":100},{"posx":5,"posy":8,"amount":600}],"changedObstacles":[{"type":0,"posx":3,"posy":1,"value":-1}]},{"players":[{"playerId":1879247,"score":750,"energy":5,"posx":3,"posy":5,"lastAction":5,"status":0},{"playerId":2365650,"score":634,"energy":18,"posx":3,"posy":1,"lastAction":4,"status":0},{"playerId":2413234,"score":684,"energy":13,"posx":7,"posy":4,"lastAction":5,"status":0},{"playerId":2231262,"score":534,"energy":21,"posx":9,"posy":1,"lastAction":5,"status":0}],"golds":[{"posx":0,"posy":0,"amount":50},{"posx":9,"posy":1,"amount":300},{"posx":17,"posy":1,"amount":200},{"posx":12,"posy":2,"amount":600},{"posx":15,"posy":2,"amount":300},{"posx":1,"posy":3,"amount":550},{"posx":14,"posy":3,"amount":700},{"posx":7,"posy":4,"amount":300},{"posx":8,"posy":4,"amount":50},{"posx":12,"posy":4,"amount":50},{"posx":16,"posy":4,"amount":250},{"posx":17,"posy":4,"amount":650},{"posx":3,"posy":5,"amount":300},{"posx":12,"posy":6,"amount":50},{"posx":6,"posy":7,"amount":150},{"posx":8,"posy":7,"amount":100},{"posx":5,"posy":8,"amount":600}],"changedObstacles":[]},{"players":[{"playerId":1879247,"score":750,"energy":17,"posx":3,"posy":5,"lastAction":4,"status":0},{"playerId":2365650,"score":634,"energy":34,"posx":3,"posy":1,"lastAction":4,"status":0},{"playerId":2413234,"score":734,"energy":8,"posx":7,"posy":4,"lastAction":5,"status":0},{"playerId":2231262,"score":584,"energy":16,"posx":9,"posy":1,"lastAction":5,"status":0}],"golds":[{"posx":0,"posy":0,"amount":50},{"posx":9,"posy":1,"amount":250},{"posx":17,"posy":1,"amount":200},{"posx":12,"posy":2,"amount":600},{"posx":15,"posy":2,"amount":300},{"posx":1,"posy":3,"amount":550},{"posx":14,"posy":3,"amount":700},{"posx":7,"posy":4,"amount":250},{"posx":8,"posy":4,"amount":50},{"posx":12,"posy":4,"amount":50},{"posx":16,"posy":4,"amount":250},{"posx":17,"posy":4,"amount":650},{"posx":3,"posy":5,"amount":300},{"posx":12,"posy":6,"amount":50},{"posx":6,"posy":7,"amount":150},{"posx":8,"posy":7,"amount":100},{"posx":5,"posy":8,"amount":600}],"changedObstacles":[]},{"players":[{"playerId":1879247,"score":800,"energy":12,"posx":3,"posy":5,"lastAction":5,"status":0},{"playerId":2365650,"score":634,"energy":33,"posx":2,"posy":1,"lastAction":0,"status":0},{"playerId":2413234,"score":784,"energy":3,"posx":7,"posy":4,"lastAction":5,"status":0},{"playerId":2231262,"score":584,"energy":28,"posx":9,"posy":1,"lastAction":4,"status":0}],"golds":[{"posx":0,"posy":0,"amount":50},{"posx":9,"posy":1,"amount":250},{"posx":17,"posy":1,"amount":200},{"posx":12,"posy":2,"amount":600},{"posx":15,"posy":2,"amount":300},{"posx":1,"posy":3,"amount":550},{"posx":14,"posy":3,"amount":700},{"posx":7,"posy":4,"amount":200},{"posx":8,"posy":4,"amount":50},{"posx":12,"posy":4,"amount":50},{"posx":16,"posy":4,"amount":250},{"posx":17,"posy":4,"amount":650},{"posx":3,"posy":5,"amount":250},{"posx":12,"posy":6,"amount":50},{"posx":6,"posy":7,"amount":150},{"posx":8,"posy":7,"amount":100},{"posx":5,"posy":8,"amount":600}],"changedObstacles":[]},{"players":[{"playerId":1879247,"score":850,"energy":7,"posx":3,"posy":5,"lastAction":5,"status":0},{"playerId":2365650,"score":634,"energy":23,"posx":1,"posy":1,"lastAction":0,"status":0},{"playerId":2413234,"score":784,"energy":15,"posx":7,"posy":4,"lastAction":4,"status":0},{"playerId":2231262,"score":634,"energy":23,"posx":9,"posy":1,"lastAction":5,"status":0}],"golds":[{"posx":0,"posy":0,"amount":50},{"posx":9,"posy":1,"amount":200},{"posx":17,"posy":1,"amount":200},{"posx":12,"posy":2,"amount":600},{"posx":15,"posy":2,"amount":300},{"posx":1,"posy":3,"amount":550},{"posx":14,"posy":3,"amount":700},{"posx":7,"posy":4,"amount":200},{"posx":8,"posy":4,"amount":50},{"posx":12,"posy":4,"amount":50},{"posx":16,"posy":4,"amount":250},{"posx":17,"posy":4,"amount":650},{"posx":3,"posy":5,"amount":200},{"posx":12,"posy":6,"amount":50},{"posx":6,"posy":7,"amount":150},{"posx":8,"posy":7,"amount":100},{"posx":5,"posy":8,"amount":600}],"changedObstacles":[{"type":0,"posx":1,"posy":1,"value":-1}]},{"players":[{"playerId":1879247,"score":900,"energy":2,"posx":3,"posy":5,"lastAction":5,"status":0},{"playerId":2365650,"score":634,"energy":22,"posx":0,"posy":1,"lastAction":0,"status":0},{"playerId":2413234,"score":784,"energy":31,"posx":7,"posy":4,"lastAction":4,"status":0},{"playerId":2231262,"score":684,"energy":18,"posx":9,"posy":1,"lastAction":5,"status":0}],"golds":[{"posx":0,"posy":0,"amount":50},{"posx":9,"posy":1,"amount":150},{"posx":17,"posy":1,"amount":200},{"posx":12,"posy":2,"amount":600},{"posx":15,"posy":2,"amount":300},{"posx":1,"posy":3,"amount":550},{"posx":14,"posy":3,"amount":700},{"posx":7,"posy":4,"amount":200},{"posx":8,"posy":4,"amount":50},{"posx":12,"posy":4,"amount":50},{"posx":16,"posy":4,"amount":250},{"posx":17,"posy":4,"amount":650},{"posx":3,"posy":5,"amount":150},{"posx":12,"posy":6,"amount":50},{"posx":6,"posy":7,"amount":150},{"posx":8,"posy":7,"amount":100},{"posx":5,"posy":8,"amount":600}],"changedObstacles":[]},{"players":[{"playerId":1879247,"score":900,"energy":14,"posx":3,"posy":5,"lastAction":4,"status":0},{"playerId":2365650,"score":634,"energy":18,"posx":0,"posy":0,"lastAction":2,"status":0},{"playerId":2413234,"score":834,"energy":26,"posx":7,"posy":4,"lastAction":5,"status":0},{"playerId":2231262,"score":734,"energy":13,"posx":9,"posy":1,"lastAction":5,"status":0}],"golds":[{"posx":0,"posy":0,"amount":50},{"posx":9,"posy":1,"amount":100},{"posx":17,"posy":1,"amount":200},{"posx":12,"posy":2,"amount":600},{"posx":15,"posy":2,"amount":300},{"posx":1,"posy":3,"amount":550},{"posx":14,"posy":3,"amount":700},{"posx":7,"posy":4,"amount":150},{"posx":8,"posy":4,"amount":50},{"posx":12,"posy":4,"amount":50},{"posx":16,"posy":4,"amount":250},{"posx":17,"posy":4,"amount":650},{"posx":3,"posy":5,"amount":150},{"posx":12,"posy":6,"amount":50},{"posx":6,"posy":7,"amount":150},{"posx":8,"posy":7,"amount":100},{"posx":5,"posy":8,"amount":600}],"changedObstacles":[]},{"players":[{"playerId":1879247,"score":950,"energy":9,"posx":3,"posy":5,"lastAction":5,"status":0},{"playerId":2365650,"score":684,"energy":13,"posx":0,"posy":0,"lastAction":5,"status":0},{"playerId":2413234,"score":884,"energy":21,"posx":7,"posy":4,"lastAction":5,"status":0},{"playerId":2231262,"score":734,"energy":25,"posx":9,"posy":1,"lastAction":4,"status":0}],"golds":[{"posx":9,"posy":1,"amount":100},{"posx":17,"posy":1,"amount":200},{"posx":12,"posy":2,"amount":600},{"posx":15,"posy":2,"amount":300},{"posx":1,"posy":3,"amount":550},{"posx":14,"posy":3,"amount":700},{"posx":7,"posy":4,"amount":100},{"posx":8,"posy":4,"amount":50},{"posx":12,"posy":4,"amount":50},{"posx":16,"posy":4,"amount":250},{"posx":17,"posy":4,"amount":650},{"posx":3,"posy":5,"amount":100},{"posx":12,"posy":6,"amount":50},{"posx":6,"posy":7,"amount":150},{"posx":8,"posy":7,"amount":100},{"posx":5,"posy":8,"amount":600}],"changedObstacles":[{"type":0,"posx":0,"posy":0,"value":-1}]},{"players":[{"playerId":1879247,"score":1000,"energy":4,"posx":3,"posy":5,"lastAction":5,"status":0},{"playerId":2365650,"score":684,"energy":12,"posx":0,"posy":1,"lastAction":3,"status":0},{"playerId":2413234,"score":934,"energy":16,"posx":7,"posy":4,"lastAction":5,"status":0},{"playerId":2231262,"score":784,"energy":20,"posx":9,"posy":1,"lastAction":5,"status":0}],"golds":[{"posx":9,"posy":1,"amount":50},{"posx":17,"posy":1,"amount":200},{"posx":12,"posy":2,"amount":600},{"posx":15,"posy":2,"amount":300},{"posx":1,"posy":3,"amount":550},{"posx":14,"posy":3,"amount":700},{"posx":7,"posy":4,"amount":50},{"posx":8,"posy":4,"amount":50},{"posx":12,"posy":4,"amount":50},{"posx":16,"posy":4,"amount":250},{"posx":17,"posy":4,"amount":650},{"posx":3,"posy":5,"amount":50},{"posx":12,"posy":6,"amount":50},{"posx":6,"posy":7,"amount":150},{"posx":8,"posy":7,"amount":100},{"posx":5,"posy":8,"amount":600}],"changedObstacles":[]},{"players":[{"playerId":1879247,"score":1000,"energy":16,"posx":3,"posy":5,"lastAction":4,"status":0},{"playerId":2365650,"score":684,"energy":11,"posx":1,"posy":1,"lastAction":1,"status":0},{"playerId":2413234,"score":984,"energy":11,"posx":7,"posy":4,"lastAction":5,"status":0},{"playerId":2231262,"score":834,"energy":15,"posx":9,"posy":1,"lastAction":5,"status":0}],"golds":[{"posx":17,"posy":1,"amount":200},{"posx":12,"posy":2,"amount":600},{"posx":15,"posy":2,"amount":300},{"posx":1,"posy":3,"amount":550},{"posx":14,"posy":3,"amount":700},{"posx":8,"posy":4,"amount":50},{"posx":12,"posy":4,"amount":50},{"posx":16,"posy":4,"amount":250},{"posx":17,"posy":4,"amount":650},{"posx":3,"posy":5,"amount":50},{"posx":12,"posy":6,"amount":50},{"posx":6,"posy":7,"amount":150},{"posx":8,"posy":7,"amount":100},{"posx":5,"posy":8,"amount":600}],"changedObstacles":[{"type":0,"posx":9,"posy":1,"value":-1},{"type":0,"posx":7,"posy":4,"value":-1}]},{"players":[{"playerId":1879247,"score":1050,"energy":11,"posx":3,"posy":5,"lastAction":5,"status":0},{"playerId":2365650,"score":684,"energy":-1,"posx":1,"posy":2,"lastAction":3,"status":2},{"playerId":2413234,"score":984,"energy":7,"posx":8,"posy":4,"lastAction":1,"status":0},{"playerId":2231262,"score":834,"energy":27,"posx":9,"posy":1,"lastAction":4,"status":0}],"golds":[{"posx":17,"posy":1,"amount":200},{"posx":12,"posy":2,"amount":600},{"posx":15,"posy":2,"amount":300},{"posx":1,"posy":3,"amount":550},{"posx":14,"posy":3,"amount":700},{"posx":8,"posy":4,"amount":50},{"posx":12,"posy":4,"amount":50},{"posx":16,"posy":4,"amount":250},{"posx":17,"posy":4,"amount":650},{"posx":12,"posy":6,"amount":50},{"posx":6,"posy":7,"amount":150},{"posx":8,"posy":7,"amount":100},{"posx":5,"posy":8,"amount":600}],"changedObstacles":[{"type":0,"posx":3,"posy":5,"value":-1}]},{"players":[{"playerId":1879247,"score":1050,"energy":10,"posx":3,"posy":4,"lastAction":2,"status":0},{"playerId":2365650,"score":684,"energy":-1,"posx":1,"posy":2,"lastAction":6,"status":2},{"playerId":2413234,"score":1034,"energy":2,"posx":8,"posy":4,"lastAction":5,"status":0},{"playerId":2231262,"score":834,"energy":17,"posx":9,"posy":2,"lastAction":3,"status":0}],"golds":[{"posx":17,"posy":1,"amount":200},{"posx":12,"posy":2,"amount":600},{"posx":15,"posy":2,"amount":300},{"posx":1,"posy":3,"amount":550},{"posx":14,"posy":3,"amount":700},{"posx":12,"posy":4,"amount":50},{"posx":16,"posy":4,"amount":250},{"posx":17,"posy":4,"amount":650},{"posx":12,"posy":6,"amount":50},{"posx":6,"posy":7,"amount":150},{"posx":8,"posy":7,"amount":100},{"posx":5,"posy":8,"amount":600}],"changedObstacles":[{"type":0,"posx":9,"posy":2,"value":-1},{"type":0,"posx":8,"posy":4,"value":-1}]},{"players":[{"playerId":1879247,"score":1050,"energy":9,"posx":2,"posy":4,"lastAction":0,"status":0},{"playerId":2365650,"score":684,"energy":-1,"posx":1,"posy":2,"lastAction":6,"status":2},{"playerId":2413234,"score":1034,"energy":1,"posx":9,"posy":4,"lastAction":1,"status":0},{"playerId":2231262,"score":834,"energy":12,"posx":10,"posy":2,"lastAction":1,"status":0}],"golds":[{"posx":17,"posy":1,"amount":200},{"posx":12,"posy":2,"amount":600},{"posx":15,"posy":2,"amount":300},{"posx":1,"posy":3,"amount":550},{"posx":14,"posy":3,"amount":700},{"posx":12,"posy":4,"amount":50},{"posx":16,"posy":4,"amount":250},{"posx":17,"posy":4,"amount":650},{"posx":12,"posy":6,"amount":50},{"posx":6,"posy":7,"amount":150},{"posx":8,"posy":7,"amount":100},{"posx":5,"posy":8,"amount":600}],"changedObstacles":[{"type":3,"posx":10,"posy":2,"value":-20}]},{"players":[{"playerId":1879247,"score":1050,"energy":8,"posx":1,"posy":4,"lastAction":0,"status":0},{"playerId":2365650,"score":684,"energy":-1,"posx":1,"posy":2,"lastAction":6,"status":2},{"playerId":2413234,"score":1034,"energy":13,"posx":9,"posy":4,"lastAction":4,"status":0},{"playerId":2231262,"score":834,"energy":24,"posx":10,"posy":2,"lastAction":4,"status":0}],"golds":[{"posx":17,"posy":1,"amount":200},{"posx":12,"posy":2,"amount":600},{"posx":15,"posy":2,"amount":300},{"posx":1,"posy":3,"amount":550},{"posx":14,"posy":3,"amount":700},{"posx":12,"posy":4,"amount":50},{"posx":16,"posy":4,"amount":250},{"posx":17,"posy":4,"amount":650},{"posx":12,"posy":6,"amount":50},{"posx":6,"posy":7,"amount":150},{"posx":8,"posy":7,"amount":100},{"posx":5,"posy":8,"amount":600}],"changedObstacles":[]},{"players":[{"playerId":1879247,"score":1050,"energy":4,"posx":1,"posy":3,"lastAction":2,"status":0},{"playerId":2365650,"score":684,"energy":-1,"posx":1,"posy":2,"lastAction":6,"status":2},{"playerId":2413234,"score":1034,"energy":29,"posx":9,"posy":4,"lastAction":4,"status":0},{"playerId":2231262,"score":834,"energy":19,"posx":11,"posy":2,"lastAction":1,"status":0}],"golds":[{"posx":17,"posy":1,"amount":200},{"posx":12,"posy":2,"amount":600},{"posx":15,"posy":2,"amount":300},{"posx":1,"posy":3,"amount":550},{"posx":14,"posy":3,"amount":700},{"posx":12,"posy":4,"amount":50},{"posx":16,"posy":4,"amount":250},{"posx":17,"posy":4,"amount":650},{"posx":12,"posy":6,"amount":50},{"posx":6,"posy":7,"amount":150},{"posx":8,"posy":7,"amount":100},{"posx":5,"posy":8,"amount":600}],"changedObstacles":[{"type":3,"posx":11,"posy":2,"value":-20}]},{"players":[{"playerId":1879247,"score":1050,"energy":16,"posx":1,"posy":3,"lastAction":4,"status":0},{"playerId":2365650,"score":684,"energy":-1,"posx":1,"posy":2,"lastAction":6,"status":2},{"playerId":2413234,"score":1034,"energy":19,"posx":10,"posy":4,"lastAction":1,"status":0},{"playerId":2231262,"score":834,"energy":15,"posx":12,"posy":2,"lastAction":1,"status":0}],"golds":[{"posx":17,"posy":1,"amount":200},{"posx":12,"posy":2,"amount":600},{"posx":15,"posy":2,"amount":300},{"posx":1,"posy":3,"amount":550},{"posx":14,"posy":3,"amount":700},{"posx":12,"posy":4,"amount":50},{"posx":16,"posy":4,"amount":250},{"posx":17,"posy":4,"amount":650},{"posx":12,"posy":6,"amount":50},{"posx":6,"posy":7,"amount":150},{"posx":8,"posy":7,"amount":100},{"posx":5,"posy":8,"amount":600}],"changedObstacles":[{"type":0,"posx":10,"posy":4,"value":-1}]},{"players":[{"playerId":1879247,"score":1100,"energy":11,"posx":1,"posy":3,"lastAction":5,"status":0},{"playerId":2365650,"score":684,"energy":-1,"posx":1,"posy":2,"lastAction":6,"status":2},{"playerId":2413234,"score":1034,"energy":18,"posx":11,"posy":4,"lastAction":1,"status":0},{"playerId":2231262,"score":834,"energy":27,"posx":12,"posy":2,"lastAction":4,"status":0}],"golds":[{"posx":17,"posy":1,"amount":200},{"posx":12,"posy":2,"amount":600},{"posx":15,"posy":2,"amount":300},{"posx":1,"posy":3,"amount":500},{"posx":14,"posy":3,"amount":700},{"posx":12,"posy":4,"amount":50},{"posx":16,"posy":4,"amount":250},{"posx":17,"posy":4,"amount":650},{"posx":12,"posy":6,"amount":50},{"posx":6,"posy":7,"amount":150},{"posx":8,"posy":7,"amount":100},{"posx":5,"posy":8,"amount":600}],"changedObstacles":[]},{"players":[{"playerId":1879247,"score":1150,"energy":6,"posx":1,"posy":3,"lastAction":5,"status":0},{"playerId":2365650,"score":684,"energy":-1,"posx":1,"posy":2,"lastAction":6,"status":2},{"playerId":2413234,"score":1034,"energy":14,"posx":12,"posy":4,"lastAction":1,"status":0},{"playerId":2231262,"score":884,"energy":22,"posx":12,"posy":2,"lastAction":5,"status":0}],"golds":[{"posx":17,"posy":1,"amount":200},{"posx":12,"posy":2,"amount":550},{"posx":15,"posy":2,"amount":300},{"posx":1,"posy":3,"amount":450},{"posx":14,"posy":3,"amount":700},{"posx":12,"posy":4,"amount":50},{"posx":16,"posy":4,"amount":250},{"posx":17,"posy":4,"amount":650},{"posx":12,"posy":6,"amount":50},{"posx":6,"posy":7,"amount":150},{"posx":8,"posy":7,"amount":100},{"posx":5,"posy":8,"amount":600}],"changedObstacles":[]},{"players":[{"playerId":1879247,"score":1200,"energy":1,"posx":1,"posy":3,"lastAction":5,"status":0},{"playerId":2365650,"score":684,"energy":-1,"posx":1,"posy":2,"lastAction":6,"status":2},{"playerId":2413234,"score":1084,"energy":9,"posx":12,"posy":4,"lastAction":5,"status":0},{"playerId":2231262,"score":934,"energy":17,"posx":12,"posy":2,"lastAction":5,"status":0}],"golds":[{"posx":17,"posy":1,"amount":200},{"posx":12,"posy":2,"amount":500},{"posx":15,"posy":2,"amount":300},{"posx":1,"posy":3,"amount":400},{"posx":14,"posy":3,"amount":700},{"posx":16,"posy":4,"amount":250},{"posx":17,"posy":4,"amount":650},{"posx":12,"posy":6,"amount":50},{"posx":6,"posy":7,"amount":150},{"posx":8,"posy":7,"amount":100},{"posx":5,"posy":8,"amount":600}],"changedObstacles":[{"type":0,"posx":12,"posy":4,"value":-1}]},{"players":[{"playerId":1879247,"score":1200,"energy":13,"posx":1,"posy":3,"lastAction":4,"status":0},{"playerId":2365650,"score":684,"energy":-1,"posx":1,"posy":2,"lastAction":6,"status":2},{"playerId":2413234,"score":1084,"energy":4,"posx":13,"posy":4,"lastAction":1,"status":0},{"playerId":2231262,"score":984,"energy":12,"posx":12,"posy":2,"lastAction":5,"status":0}],"golds":[{"posx":17,"posy":1,"amount":200},{"posx":12,"posy":2,"amount":450},{"posx":15,"posy":2,"amount":300},{"posx":1,"posy":3,"amount":400},{"posx":14,"posy":3,"amount":700},{"posx":16,"posy":4,"amount":250},{"posx":17,"posy":4,"amount":650},{"posx":12,"posy":6,"amount":50},{"posx":6,"posy":7,"amount":150},{"posx":8,"posy":7,"amount":100},{"posx":5,"posy":8,"amount":600}],"changedObstacles":[{"type":3,"posx":13,"posy":4,"value":-20}]},{"players":[{"playerId":1879247,"score":1250,"energy":8,"posx":1,"posy":3,"lastAction":5,"status":0},{"playerId":2365650,"score":684,"energy":-1,"posx":1,"posy":2,"lastAction":6,"status":2},{"playerId":2413234,"score":1084,"energy":16,"posx":13,"posy":4,"lastAction":4,"status":0},{"playerId":2231262,"score":984,"energy":24,"posx":12,"posy":2,"lastAction":4,"status":0}],"golds":[{"posx":17,"posy":1,"amount":200},{"posx":12,"posy":2,"amount":450},{"posx":15,"posy":2,"amount":300},{"posx":1,"posy":3,"amount":350},{"posx":14,"posy":3,"amount":700},{"posx":16,"posy":4,"amount":250},{"posx":17,"posy":4,"amount":650},{"posx":12,"posy":6,"amount":50},{"posx":6,"posy":7,"amount":150},{"posx":8,"posy":7,"amount":100},{"posx":5,"posy":8,"amount":600}],"changedObstacles":[]},{"players":[{"playerId":1879247,"score":1300,"energy":3,"posx":1,"posy":3,"lastAction":5,"status":0},{"playerId":2365650,"score":684,"energy":-1,"posx":1,"posy":2,"lastAction":6,"status":2},{"playerId":2413234,"score":1084,"energy":32,"posx":13,"posy":4,"lastAction":4,"status":0},{"playerId":2231262,"score":1034,"energy":19,"posx":12,"posy":2,"lastAction":5,"status":0}],"golds":[{"posx":17,"posy":1,"amount":200},{"posx":12,"posy":2,"amount":400},{"posx":15,"posy":2,"amount":300},{"posx":1,"posy":3,"amount":300},{"posx":14,"posy":3,"amount":700},{"posx":16,"posy":4,"amount":250},{"posx":17,"posy":4,"amount":650},{"posx":12,"posy":6,"amount":50},{"posx":6,"posy":7,"amount":150},{"posx":8,"posy":7,"amount":100},{"posx":5,"posy":8,"amount":600}],"changedObstacles":[]},{"players":[{"playerId":1879247,"score":1300,"energy":15,"posx":1,"posy":3,"lastAction":4,"status":0},{"playerId":2365650,"score":684,"energy":-1,"posx":1,"posy":2,"lastAction":6,"status":2},{"playerId":2413234,"score":1084,"energy":27,"posx":14,"posy":4,"lastAction":1,"status":0},{"playerId":2231262,"score":1084,"energy":14,"posx":12,"posy":2,"lastAction":5,"status":0}],"golds":[{"posx":17,"posy":1,"amount":200},{"posx":12,"posy":2,"amount":350},{"posx":15,"posy":2,"amount":300},{"posx":1,"posy":3,"amount":300},{"posx":14,"posy":3,"amount":700},{"posx":16,"posy":4,"amount":250},{"posx":17,"posy":4,"amount":650},{"posx":12,"posy":6,"amount":50},{"posx":6,"posy":7,"amount":150},{"posx":8,"posy":7,"amount":100},{"posx":5,"posy":8,"amount":600}],"changedObstacles":[{"type":3,"posx":14,"posy":4,"value":-20}]},{"players":[{"playerId":1879247,"score":1350,"energy":10,"posx":1,"posy":3,"lastAction":5,"status":0},{"playerId":2365650,"score":684,"energy":-1,"posx":1,"posy":2,"lastAction":6,"status":2},{"playerId":2413234,"score":1084,"energy":23,"posx":14,"posy":3,"lastAction":2,"status":0},{"playerId":2231262,"score":1084,"energy":26,"posx":12,"posy":2,"lastAction":4,"status":0}],"golds":[{"posx":17,"posy":1,"amount":200},{"posx":12,"posy":2,"amount":350},{"posx":15,"posy":2,"amount":300},{"posx":1,"posy":3,"amount":250},{"posx":14,"posy":3,"amount":700},{"posx":16,"posy":4,"amount":250},{"posx":17,"posy":4,"amount":650},{"posx":12,"posy":6,"amount":50},{"posx":6,"posy":7,"amount":150},{"posx":8,"posy":7,"amount":100},{"posx":5,"posy":8,"amount":600}],"changedObstacles":[]},{"players":[{"playerId":1879247,"score":1400,"energy":5,"posx":1,"posy":3,"lastAction":5,"status":0},{"playerId":2365650,"score":684,"energy":-1,"posx":1,"posy":2,"lastAction":6,"status":2},{"playerId":2413234,"score":1134,"energy":18,"posx":14,"posy":3,"lastAction":5,"status":0},{"playerId":2231262,"score":1134,"energy":21,"posx":12,"posy":2,"lastAction":5,"status":0}],"golds":[{"posx":17,"posy":1,"amount":200},{"posx":12,"posy":2,"amount":300},{"posx":15,"posy":2,"amount":300},{"posx":1,"posy":3,"amount":200},{"posx":14,"posy":3,"amount":650},{"posx":16,"posy":4,"amount":250},{"posx":17,"posy":4,"amount":650},{"posx":12,"posy":6,"amount":50},{"posx":6,"posy":7,"amount":150},{"posx":8,"posy":7,"amount":100},{"posx":5,"posy":8,"amount":600}],"changedObstacles":[]},{"players":[{"playerId":1879247,"score":1400,"energy":17,"posx":1,"posy":3,"lastAction":4,"status":0},{"playerId":2365650,"score":684,"energy":-1,"posx":1,"posy":2,"lastAction":6,"status":2},{"playerId":2413234,"score":1184,"energy":13,"posx":14,"posy":3,"lastAction":5,"status":0},{"playerId":2231262,"score":1184,"energy":16,"posx":12,"posy":2,"lastAction":5,"status":0}],"golds":[{"posx":17,"posy":1,"amount":200},{"posx":12,"posy":2,"amount":250},{"posx":15,"posy":2,"amount":300},{"posx":1,"posy":3,"amount":200},{"posx":14,"posy":3,"amount":600},{"posx":16,"posy":4,"amount":250},{"posx":17,"posy":4,"amount":650},{"posx":12,"posy":6,"amount":50},{"posx":6,"posy":7,"amount":150},{"posx":8,"posy":7,"amount":100},{"posx":5,"posy":8,"amount":600}],"changedObstacles":[]},{"players":[{"playerId":1879247,"score":1450,"energy":12,"posx":1,"posy":3,"lastAction":5,"status":0},{"playerId":2365650,"score":684,"energy":-1,"posx":1,"posy":2,"lastAction":6,"status":2},{"playerId":2413234,"score":1234,"energy":8,"posx":14,"posy":3,"lastAction":5,"status":0},{"playerId":2231262,"score":1184,"energy":28,"posx":12,"posy":2,"lastAction":4,"status":0}],"golds":[{"posx":17,"posy":1,"amount":200},{"posx":12,"posy":2,"amount":250},{"posx":15,"posy":2,"amount":300},{"posx":1,"posy":3,"amount":150},{"posx":14,"posy":3,"amount":550},{"posx":16,"posy":4,"amount":250},{"posx":17,"posy":4,"amount":650},{"posx":12,"posy":6,"amount":50},{"posx":6,"posy":7,"amount":150},{"posx":8,"posy":7,"amount":100},{"posx":5,"posy":8,"amount":600}],"changedObstacles":[]},{"players":[{"playerId":1879247,"score":1500,"energy":7,"posx":1,"posy":3,"lastAction":5,"status":0},{"playerId":2365650,"score":684,"energy":-1,"posx":1,"posy":2,"lastAction":6,"status":2},{"playerId":2413234,"score":1284,"energy":3,"posx":14,"posy":3,"lastAction":5,"status":0},{"playerId":2231262,"score":1234,"energy":23,"posx":12,"posy":2,"lastAction":5,"status":0}],"golds":[{"posx":17,"posy":1,"amount":200},{"posx":12,"posy":2,"amount":200},{"posx":15,"posy":2,"amount":300},{"posx":1,"posy":3,"amount":100},{"posx":14,"posy":3,"amount":500},{"posx":16,"posy":4,"amount":250},{"posx":17,"posy":4,"amount":650},{"posx":12,"posy":6,"amount":50},{"posx":6,"posy":7,"amount":150},{"posx":8,"posy":7,"amount":100},{"posx":5,"posy":8,"amount":600}],"changedObstacles":[]},{"players":[{"playerId":1879247,"score":1550,"energy":2,"posx":1,"posy":3,"lastAction":5,"status":0},{"playerId":2365650,"score":684,"energy":-1,"posx":1,"posy":2,"lastAction":6,"status":2},{"playerId":2413234,"score":1284,"energy":15,"posx":14,"posy":3,"lastAction":4,"status":0},{"playerId":2231262,"score":1284,"energy":18,"posx":12,"posy":2,"lastAction":5,"status":0}],"golds":[{"posx":17,"posy":1,"amount":200},{"posx":12,"posy":2,"amount":150},{"posx":15,"posy":2,"amount":300},{"posx":1,"posy":3,"amount":50},{"posx":14,"posy":3,"amount":500},{"posx":16,"posy":4,"amount":250},{"posx":17,"posy":4,"amount":650},{"posx":12,"posy":6,"amount":50},{"posx":6,"posy":7,"amount":150},{"posx":8,"posy":7,"amount":100},{"posx":5,"posy":8,"amount":600}],"changedObstacles":[]},{"players":[{"playerId":1879247,"score":1550,"energy":14,"posx":1,"posy":3,"lastAction":4,"status":0},{"playerId":2365650,"score":684,"energy":-1,"posx":1,"posy":2,"lastAction":6,"status":2},{"playerId":2413234,"score":1284,"energy":31,"posx":14,"posy":3,"lastAction":4,"status":0},{"playerId":2231262,"score":1334,"energy":13,"posx":12,"posy":2,"lastAction":5,"status":0}],"golds":[{"posx":17,"posy":1,"amount":200},{"posx":12,"posy":2,"amount":100},{"posx":15,"posy":2,"amount":300},{"posx":1,"posy":3,"amount":50},{"posx":14,"posy":3,"amount":500},{"posx":16,"posy":4,"amount":250},{"posx":17,"posy":4,"amount":650},{"posx":12,"posy":6,"amount":50},{"posx":6,"posy":7,"amount":150},{"posx":8,"posy":7,"amount":100},{"posx":5,"posy":8,"amount":600}],"changedObstacles":[]},{"players":[{"playerId":1879247,"score":1600,"energy":9,"posx":1,"posy":3,"lastAction":5,"status":0},{"playerId":2365650,"score":684,"energy":-1,"posx":1,"posy":2,"lastAction":6,"status":2},{"playerId":2413234,"score":1334,"energy":26,"posx":14,"posy":3,"lastAction":5,"status":0},{"playerId":2231262,"score":1334,"energy":25,"posx":12,"posy":2,"lastAction":4,"status":0}],"golds":[{"posx":17,"posy":1,"amount":200},{"posx":12,"posy":2,"amount":100},{"posx":15,"posy":2,"amount":300},{"posx":14,"posy":3,"amount":450},{"posx":16,"posy":4,"amount":250},{"posx":17,"posy":4,"amount":650},{"posx":12,"posy":6,"amount":50},{"posx":6,"posy":7,"amount":150},{"posx":8,"posy":7,"amount":100},{"posx":5,"posy":8,"amount":600}],"changedObstacles":[{"type":0,"posx":1,"posy":3,"value":-1}]},{"players":[{"playerId":1879247,"score":1600,"energy":8,"posx":2,"posy":3,"lastAction":1,"status":0},{"playerId":2365650,"score":684,"energy":-1,"posx":1,"posy":2,"lastAction":6,"status":2},{"playerId":2413234,"score":1384,"energy":21,"posx":14,"posy":3,"lastAction":5,"status":0},{"playerId":2231262,"score":1384,"energy":20,"posx":12,"posy":2,"lastAction":5,"status":0}],"golds":[{"posx":17,"posy":1,"amount":200},{"posx":12,"posy":2,"amount":50},{"posx":15,"posy":2,"amount":300},{"posx":14,"posy":3,"amount":400},{"posx":16,"posy":4,"amount":250},{"posx":17,"posy":4,"amount":650},{"posx":12,"posy":6,"amount":50},{"posx":6,"posy":7,"amount":150},{"posx":8,"posy":7,"amount":100},{"posx":5,"posy":8,"amount":600}],"changedObstacles":[]},{"players":[{"playerId":1879247,"score":1600,"energy":7,"posx":2,"posy":4,"lastAction":3,"status":0},{"playerId":2365650,"score":684,"energy":-1,"posx":1,"posy":2,"lastAction":6,"status":2},{"playerId":2413234,"score":1434,"energy":16,"posx":14,"posy":3,"lastAction":5,"status":0},{"playerId":2231262,"score":1434,"energy":15,"posx":12,"posy":2,"lastAction":5,"status":0}],"golds":[{"posx":17,"posy":1,"amount":200},{"posx":15,"posy":2,"amount":300},{"posx":14,"posy":3,"amount":350},{"posx":16,"posy":4,"amount":250},{"posx":17,"posy":4,"amount":650},{"posx":12,"posy":6,"amount":50},{"posx":6,"posy":7,"amount":150},{"posx":8,"posy":7,"amount":100},{"posx":5,"posy":8,"amount":600}],"changedObstacles":[{"type":0,"posx":12,"posy":2,"value":-1}]},{"players":[{"playerId":1879247,"score":1600,"energy":6,"posx":3,"posy":4,"lastAction":1,"status":0},{"playerId":2365650,"score":684,"energy":-1,"posx":1,"posy":2,"lastAction":6,"status":2},{"playerId":2413234,"score":1484,"energy":11,"posx":14,"posy":3,"lastAction":5,"status":0},{"playerId":2231262,"score":1434,"energy":27,"posx":12,"posy":2,"lastAction":4,"status":0}],"golds":[{"posx":17,"posy":1,"amount":200},{"posx":15,"posy":2,"amount":300},{"posx":14,"posy":3,"amount":300},{"posx":16,"posy":4,"amount":250},{"posx":17,"posy":4,"amount":650},{"posx":12,"posy":6,"amount":50},{"posx":6,"posy":7,"amount":150},{"posx":8,"posy":7,"amount":100},{"posx":5,"posy":8,"amount":600}],"changedObstacles":[]},{"players":[{"playerId":1879247,"score":1600,"energy":5,"posx":4,"posy":4,"lastAction":1,"status":0},{"playerId":2365650,"score":684,"energy":-1,"posx":1,"posy":2,"lastAction":6,"status":2},{"playerId":2413234,"score":1534,"energy":6,"posx":14,"posy":3,"lastAction":5,"status":0},{"playerId":2231262,"score":1434,"energy":21,"posx":13,"posy":2,"lastAction":1,"status":0}],"golds":[{"posx":17,"posy":1,"amount":200},{"posx":15,"posy":2,"amount":300},{"posx":14,"posy":3,"amount":250},{"posx":16,"posy":4,"amount":250},{"posx":17,"posy":4,"amount":650},{"posx":12,"posy":6,"amount":50},{"posx":6,"posy":7,"amount":150},{"posx":8,"posy":7,"amount":100},{"posx":5,"posy":8,"amount":600}],"changedObstacles":[]},{"players":[{"playerId":1879247,"score":1600,"energy":17,"posx":4,"posy":4,"lastAction":4,"status":0},{"playerId":2365650,"score":684,"energy":-1,"posx":1,"posy":2,"lastAction":6,"status":2},{"playerId":2413234,"score":1584,"energy":1,"posx":14,"posy":3,"lastAction":5,"status":0},{"playerId":2231262,"score":1434,"energy":11,"posx":14,"posy":2,"lastAction":1,"status":0}],"golds":[{"posx":17,"posy":1,"amount":200},{"posx":15,"posy":2,"amount":300},{"posx":14,"posy":3,"amount":200},{"posx":16,"posy":4,"amount":250},{"posx":17,"posy":4,"amount":650},{"posx":12,"posy":6,"amount":50},{"posx":6,"posy":7,"amount":150},{"posx":8,"posy":7,"amount":100},{"posx":5,"posy":8,"amount":600}],"changedObstacles":[{"type":0,"posx":14,"posy":2,"value":-1}]},{"players":[{"playerId":1879247,"score":1600,"energy":7,"posx":4,"posy":5,"lastAction":3,"status":0},{"playerId":2365650,"score":684,"energy":-1,"posx":1,"posy":2,"lastAction":6,"status":2},{"playerId":2413234,"score":1584,"energy":13,"posx":14,"posy":3,"lastAction":4,"status":0},{"playerId":2231262,"score":1434,"energy":23,"posx":14,"posy":2,"lastAction":4,"status":0}],"golds":[{"posx":17,"posy":1,"amount":200},{"posx":15,"posy":2,"amount":300},{"posx":14,"posy":3,"amount":200},{"posx":16,"posy":4,"amount":250},{"posx":17,"posy":4,"amount":650},{"posx":12,"posy":6,"amount":50},{"posx":6,"posy":7,"amount":150},{"posx":8,"posy":7,"amount":100},{"posx":5,"posy":8,"amount":600}],"changedObstacles":[{"type":0,"posx":4,"posy":5,"value":-1}]},{"players":[{"playerId":1879247,"score":1600,"energy":6,"posx":5,"posy":5,"lastAction":1,"status":0},{"playerId":2365650,"score":684,"energy":-1,"posx":1,"posy":2,"lastAction":6,"status":2},{"playerId":2413234,"score":1584,"energy":29,"posx":14,"posy":3,"lastAction":4,"status":0},{"playerId":2231262,"score":1434,"energy":19,"posx":15,"posy":2,"lastAction":1,"status":0}],"golds":[{"posx":17,"posy":1,"amount":200},{"posx":15,"posy":2,"amount":300},{"posx":14,"posy":3,"amount":200},{"posx":16,"posy":4,"amount":250},{"posx":17,"posy":4,"amount":650},{"posx":12,"posy":6,"amount":50},{"posx":6,"posy":7,"amount":150},{"posx":8,"posy":7,"amount":100},{"posx":5,"posy":8,"amount":600}],"changedObstacles":[]},{"players":[{"playerId":1879247,"score":1600,"energy":18,"posx":5,"posy":5,"lastAction":4,"status":0},{"playerId":2365650,"score":684,"energy":-1,"posx":1,"posy":2,"lastAction":6,"status":2},{"playerId":2413234,"score":1634,"energy":24,"posx":14,"posy":3,"lastAction":5,"status":0},{"playerId":2231262,"score":1484,"energy":14,"posx":15,"posy":2,"lastAction":5,"status":0}],"golds":[{"posx":17,"posy":1,"amount":200},{"posx":15,"posy":2,"amount":250},{"posx":14,"posy":3,"amount":150},{"posx":16,"posy":4,"amount":250},{"posx":17,"posy":4,"amount":650},{"posx":12,"posy":6,"amount":50},{"posx":6,"posy":7,"amount":150},{"posx":8,"posy":7,"amount":100},{"posx":5,"posy":8,"amount":600}],"changedObstacles":[]},{"players":[{"playerId":1879247,"score":1600,"energy":8,"posx":5,"posy":6,"lastAction":3,"status":0},{"playerId":2365650,"score":684,"energy":-1,"posx":1,"posy":2,"lastAction":6,"status":2},{"playerId":2413234,"score":1684,"energy":19,"posx":14,"posy":3,"lastAction":5,"status":0},{"playerId":2231262,"score":1484,"energy":26,"posx":15,"posy":2,"lastAction":4,"status":0}],"golds":[{"posx":17,"posy":1,"amount":200},{"posx":15,"posy":2,"amount":250},{"posx":14,"posy":3,"amount":100},{"posx":16,"posy":4,"amount":250},{"posx":17,"posy":4,"amount":650},{"posx":12,"posy":6,"amount":50},{"posx":6,"posy":7,"amount":150},{"posx":8,"posy":7,"amount":100},{"posx":5,"posy":8,"amount":600}],"changedObstacles":[{"type":0,"posx":5,"posy":6,"value":-1}]},{"players":[{"playerId":1879247,"score":1600,"energy":7,"posx":5,"posy":7,"lastAction":3,"status":0},{"playerId":2365650,"score":684,"energy":-1,"posx":1,"posy":2,"lastAction":6,"status":2},{"playerId":2413234,"score":1734,"energy":14,"posx":14,"posy":3,"lastAction":5,"status":0},{"playerId":2231262,"score":1534,"energy":21,"posx":15,"posy":2,"lastAction":5,"status":0}],"golds":[{"posx":17,"posy":1,"amount":200},{"posx":15,"posy":2,"amount":200},{"posx":14,"posy":3,"amount":50},{"posx":16,"posy":4,"amount":250},{"posx":17,"posy":4,"amount":650},{"posx":12,"posy":6,"amount":50},{"posx":6,"posy":7,"amount":150},{"posx":8,"posy":7,"amount":100},{"posx":5,"posy":8,"amount":600}],"changedObstacles":[]},{"players":[{"playerId":1879247,"score":1600,"energy":3,"posx":6,"posy":7,"lastAction":1,"status":0},{"playerId":2365650,"score":684,"energy":-1,"posx":1,"posy":2,"lastAction":6,"status":2},{"playerId":2413234,"score":1784,"energy":9,"posx":14,"posy":3,"lastAction":5,"status":0},{"playerId":2231262,"score":1584,"energy":16,"posx":15,"posy":2,"lastAction":5,"status":0}],"golds":[{"posx":17,"posy":1,"amount":200},{"posx":15,"posy":2,"amount":150},{"posx":16,"posy":4,"amount":250},{"posx":17,"posy":4,"amount":650},{"posx":12,"posy":6,"amount":50},{"posx":6,"posy":7,"amount":150},{"posx":8,"posy":7,"amount":100},{"posx":5,"posy":8,"amount":600}],"changedObstacles":[{"type":0,"posx":14,"posy":3,"value":-1}]},{"players":[{"playerId":1879247,"score":1600,"energy":15,"posx":6,"posy":7,"lastAction":4,"status":0},{"playerId":2365650,"score":684,"energy":-1,"posx":1,"posy":2,"lastAction":6,"status":2},{"playerId":2413234,"score":1784,"energy":8,"posx":15,"posy":3,"lastAction":1,"status":0},{"playerId":2231262,"score":1584,"energy":28,"posx":15,"posy":2,"lastAction":4,"status":0}],"golds":[{"posx":17,"posy":1,"amount":200},{"posx":15,"posy":2,"amount":150},{"posx":16,"posy":4,"amount":250},{"posx":17,"posy":4,"amount":650},{"posx":12,"posy":6,"amount":50},{"posx":6,"posy":7,"amount":150},{"posx":8,"posy":7,"amount":100},{"posx":5,"posy":8,"amount":600}],"changedObstacles":[]},{"players":[{"playerId":1879247,"score":1650,"energy":10,"posx":6,"posy":7,"lastAction":5,"status":0},{"playerId":2365650,"score":684,"energy":-1,"posx":1,"posy":2,"lastAction":6,"status":2},{"playerId":2413234,"score":1784,"energy":7,"posx":15,"posy":4,"lastAction":3,"status":0},{"playerId":2231262,"score":1634,"energy":23,"posx":15,"posy":2,"lastAction":5,"status":0}],"golds":[{"posx":17,"posy":1,"amount":200},{"posx":15,"posy":2,"amount":100},{"posx":16,"posy":4,"amount":250},{"posx":17,"posy":4,"amount":650},{"posx":12,"posy":6,"amount":50},{"posx":6,"posy":7,"amount":100},{"posx":8,"posy":7,"amount":100},{"posx":5,"posy":8,"amount":600}],"changedObstacles":[]},{"players":[{"playerId":1879247,"score":1700,"energy":5,"posx":6,"posy":7,"lastAction":5,"status":0},{"playerId":2365650,"score":684,"energy":-1,"posx":1,"posy":2,"lastAction":6,"status":2},{"playerId":2413234,"score":1784,"energy":3,"posx":16,"posy":4,"lastAction":1,"status":0},{"playerId":2231262,"score":1684,"energy":18,"posx":15,"posy":2,"lastAction":5,"status":0}],"golds":[{"posx":17,"posy":1,"amount":200},{"posx":15,"posy":2,"amount":50},{"posx":16,"posy":4,"amount":250},{"posx":17,"posy":4,"amount":650},{"posx":12,"posy":6,"amount":50},{"posx":6,"posy":7,"amount":50},{"posx":8,"posy":7,"amount":100},{"posx":5,"posy":8,"amount":600}],"changedObstacles":[]},{"players":[{"playerId":1879247,"score":1700,"energy":17,"posx":6,"posy":7,"lastAction":4,"status":0},{"playerId":2365650,"score":684,"energy":-1,"posx":1,"posy":2,"lastAction":6,"status":2},{"playerId":2413234,"score":1784,"energy":15,"posx":16,"posy":4,"lastAction":4,"status":0},{"playerId":2231262,"score":1734,"energy":13,"posx":15,"posy":2,"lastAction":5,"status":0}],"golds":[{"posx":17,"posy":1,"amount":200},{"posx":16,"posy":4,"amount":250},{"posx":17,"posy":4,"amount":650},{"posx":12,"posy":6,"amount":50},{"posx":6,"posy":7,"amount":50},{"posx":8,"posy":7,"amount":100},{"posx":5,"posy":8,"amount":600}],"changedObstacles":[{"type":0,"posx":15,"posy":2,"value":-1}]},{"players":[{"playerId":1879247,"score":1750,"energy":12,"posx":6,"posy":7,"lastAction":5,"status":0},{"playerId":2365650,"score":684,"energy":-1,"posx":1,"posy":2,"lastAction":6,"status":2},{"playerId":2413234,"score":1784,"energy":31,"posx":16,"posy":4,"lastAction":4,"status":0},{"playerId":2231262,"score":1734,"energy":25,"posx":15,"posy":2,"lastAction":4,"status":0}],"golds":[{"posx":17,"posy":1,"amount":200},{"posx":16,"posy":4,"amount":250},{"posx":17,"posy":4,"amount":650},{"posx":12,"posy":6,"amount":50},{"posx":8,"posy":7,"amount":100},{"posx":5,"posy":8,"amount":600}],"changedObstacles":[{"type":0,"posx":6,"posy":7,"value":-1}]},{"players":[{"playerId":1879247,"score":1750,"energy":2,"posx":7,"posy":7,"lastAction":1,"status":0},{"playerId":2365650,"score":684,"energy":-1,"posx":1,"posy":2,"lastAction":6,"status":2},{"playerId":2413234,"score":1834,"energy":26,"posx":16,"posy":4,"lastAction":5,"status":0},{"playerId":2231262,"score":1734,"energy":24,"posx":16,"posy":2,"lastAction":1,"status":0}],"golds":[{"posx":17,"posy":1,"amount":200},{"posx":16,"posy":4,"amount":200},{"posx":17,"posy":4,"amount":650},{"posx":12,"posy":6,"amount":50},{"posx":8,"posy":7,"amount":100},{"posx":5,"posy":8,"amount":600}],"changedObstacles":[{"type":0,"posx":7,"posy":7,"value":-1}]},{"players":[{"playerId":1879247,"score":1750,"energy":14,"posx":7,"posy":7,"lastAction":4,"status":0},{"playerId":2365650,"score":684,"energy":-1,"posx":1,"posy":2,"lastAction":6,"status":2},{"playerId":2413234,"score":1884,"energy":21,"posx":16,"posy":4,"lastAction":5,"status":0},{"playerId":2231262,"score":1734,"energy":19,"posx":16,"posy":1,"lastAction":2,"status":0}],"golds":[{"posx":17,"posy":1,"amount":200},{"posx":16,"posy":4,"amount":150},{"posx":17,"posy":4,"amount":650},{"posx":12,"posy":6,"amount":50},{"posx":8,"posy":7,"amount":100},{"posx":5,"posy":8,"amount":600}],"changedObstacles":[{"type":3,"posx":16,"posy":1,"value":-20}]},{"players":[{"playerId":1879247,"score":1750,"energy":10,"posx":8,"posy":7,"lastAction":1,"status":0},{"playerId":2365650,"score":684,"energy":-1,"posx":1,"posy":2,"lastAction":6,"status":2},{"playerId":2413234,"score":1934,"energy":16,"posx":16,"posy":4,"lastAction":5,"status":0},{"playerId":2231262,"score":1734,"energy":15,"posx":17,"posy":1,"lastAction":1,"status":0}],"golds":[{"posx":17,"posy":1,"amount":200},{"posx":16,"posy":4,"amount":100},{"posx":17,"posy":4,"amount":650},{"posx":12,"posy":6,"amount":50},{"posx":8,"posy":7,"amount":100},{"posx":5,"posy":8,"amount":600}],"changedObstacles":[]},{"players":[{"playerId":1879247,"score":1800,"energy":5,"posx":8,"posy":7,"lastAction":5,"status":0},{"playerId":2365650,"score":684,"energy":-1,"posx":1,"posy":2,"lastAction":6,"status":2},{"playerId":2413234,"score":1984,"energy":11,"posx":16,"posy":4,"lastAction":5,"status":0},{"playerId":2231262,"score":1734,"energy":27,"posx":17,"posy":1,"lastAction":4,"status":0}],"golds":[{"posx":17,"posy":1,"amount":200},{"posx":16,"posy":4,"amount":50},{"posx":17,"posy":4,"amount":650},{"posx":12,"posy":6,"amount":50},{"posx":8,"posy":7,"amount":50},{"posx":5,"posy":8,"amount":600}],"changedObstacles":[]},{"players":[{"playerId":1879247,"score":1800,"energy":17,"posx":8,"posy":7,"lastAction":4,"status":0},{"playerId":2365650,"score":684,"energy":-1,"posx":1,"posy":2,"lastAction":6,"status":2},{"playerId":2413234,"score":2034,"energy":6,"posx":16,"posy":4,"lastAction":5,"status":0},{"playerId":2231262,"score":1784,"energy":22,"posx":17,"posy":1,"lastAction":5,"status":0}],"golds":[{"posx":17,"posy":1,"amount":150},{"posx":17,"posy":4,"amount":650},{"posx":12,"posy":6,"amount":50},{"posx":8,"posy":7,"amount":50},{"posx":5,"posy":8,"amount":600}],"changedObstacles":[{"type":0,"posx":16,"posy":4,"value":-1}]},{"players":[{"playerId":1879247,"score":1850,"energy":12,"posx":8,"posy":7,"lastAction":5,"status":0},{"playerId":2365650,"score":684,"energy":-1,"posx":1,"posy":2,"lastAction":6,"status":2},{"playerId":2413234,"score":2034,"energy":2,"posx":17,"posy":4,"lastAction":1,"status":0},{"playerId":2231262,"score":1834,"energy":17,"posx":17,"posy":1,"lastAction":5,"status":0}],"golds":[{"posx":17,"posy":1,"amount":100},{"posx":17,"posy":4,"amount":650},{"posx":12,"posy":6,"amount":50},{"posx":5,"posy":8,"amount":600}],"changedObstacles":[{"type":0,"posx":8,"posy":7,"value":-1}]},{"players":[{"playerId":1879247,"score":1850,"energy":11,"posx":7,"posy":7,"lastAction":0,"status":0},{"playerId":2365650,"score":684,"energy":-1,"posx":1,"posy":2,"lastAction":6,"status":2},{"playerId":2413234,"score":2034,"energy":14,"posx":17,"posy":4,"lastAction":4,"status":0},{"playerId":2231262,"score":1884,"energy":12,"posx":17,"posy":1,"lastAction":5,"status":0}],"golds":[{"posx":17,"posy":1,"amount":50},{"posx":17,"posy":4,"amount":650},{"posx":12,"posy":6,"amount":50},{"posx":5,"posy":8,"amount":600}],"changedObstacles":[]},{"players":[{"playerId":1879247,"score":1850,"energy":1,"posx":7,"posy":8,"lastAction":3,"status":0},{"playerId":2365650,"score":684,"energy":-1,"posx":1,"posy":2,"lastAction":6,"status":2},{"playerId":2413234,"score":2034,"energy":30,"posx":17,"posy":4,"lastAction":4,"status":0},{"playerId":2231262,"score":1884,"energy":24,"posx":17,"posy":1,"lastAction":4,"status":0}],"golds":[{"posx":17,"posy":1,"amount":50},{"posx":17,"posy":4,"amount":650},{"posx":12,"posy":6,"amount":50},{"posx":5,"posy":8,"amount":600}],"changedObstacles":[{"type":0,"posx":7,"posy":8,"value":-1}]},{"players":[{"playerId":1879247,"score":1850,"energy":13,"posx":7,"posy":8,"lastAction":4,"status":0},{"playerId":2365650,"score":684,"energy":-1,"posx":1,"posy":2,"lastAction":6,"status":2},{"playerId":2413234,"score":2084,"energy":25,"posx":17,"posy":4,"lastAction":5,"status":0},{"playerId":2231262,"score":1934,"energy":19,"posx":17,"posy":1,"lastAction":5,"status":0}],"golds":[{"posx":17,"posy":4,"amount":600},{"posx":12,"posy":6,"amount":50},{"posx":5,"posy":8,"amount":600}],"changedObstacles":[{"type":0,"posx":17,"posy":1,"value":-1}]},{"players":[{"playerId":1879247,"score":1850,"energy":12,"posx":6,"posy":8,"lastAction":0,"status":0},{"playerId":2365650,"score":684,"energy":-1,"posx":1,"posy":2,"lastAction":6,"status":2},{"playerId":2413234,"score":2134,"energy":20,"posx":17,"posy":4,"lastAction":5,"status":0},{"playerId":2231262,"score":1934,"energy":31,"posx":17,"posy":1,"lastAction":4,"status":0}],"golds":[{"posx":17,"posy":4,"amount":550},{"posx":12,"posy":6,"amount":50},{"posx":5,"posy":8,"amount":600}],"changedObstacles":[]},{"players":[{"playerId":1879247,"score":1850,"energy":8,"posx":5,"posy":8,"lastAction":0,"status":0},{"playerId":2365650,"score":684,"energy":-1,"posx":1,"posy":2,"lastAction":6,"status":2},{"playerId":2413234,"score":2184,"energy":15,"posx":17,"posy":4,"lastAction":5,"status":0},{"playerId":2231262,"score":1934,"energy":22,"posx":17,"posy":2,"lastAction":3,"status":0}],"golds":[{"posx":17,"posy":4,"amount":500},{"posx":12,"posy":6,"amount":50},{"posx":5,"posy":8,"amount":600}],"changedObstacles":[]},{"players":[{"playerId":1879247,"score":1900,"energy":3,"posx":5,"posy":8,"lastAction":5,"status":0},{"playerId":2365650,"score":684,"energy":-1,"posx":1,"posy":2,"lastAction":6,"status":2},{"playerId":2413234,"score":2234,"energy":10,"posx":17,"posy":4,"lastAction":5,"status":0},{"playerId":2231262,"score":1934,"energy":10,"posx":17,"posy":3,"lastAction":3,"status":0}],"golds":[{"posx":17,"posy":4,"amount":450},{"posx":12,"posy":6,"amount":50},{"posx":5,"posy":8,"amount":550}],"changedObstacles":[]},{"players":[{"playerId":1879247,"score":1900,"energy":15,"posx":5,"posy":8,"lastAction":4,"status":0},{"playerId":2365650,"score":684,"energy":-1,"posx":1,"posy":2,"lastAction":6,"status":2},{"playerId":2413234,"score":2284,"energy":5,"posx":17,"posy":4,"lastAction":5,"status":0},{"playerId":2231262,"score":1934,"energy":22,"posx":17,"posy":3,"lastAction":4,"status":0}],"golds":[{"posx":17,"posy":4,"amount":400},{"posx":12,"posy":6,"amount":50},{"posx":5,"posy":8,"amount":550}],"changedObstacles":[]},{"players":[{"playerId":1879247,"score":1950,"energy":10,"posx":5,"posy":8,"lastAction":5,"status":0},{"playerId":2365650,"score":684,"energy":-1,"posx":1,"posy":2,"lastAction":6,"status":2},{"playerId":2413234,"score":2284,"energy":17,"posx":17,"posy":4,"lastAction":4,"status":0},{"playerId":2231262,"score":1934,"energy":18,"posx":17,"posy":4,"lastAction":3,"status":0}],"golds":[{"posx":17,"posy":4,"amount":400},{"posx":12,"posy":6,"amount":50},{"posx":5,"posy":8,"amount":500}],"changedObstacles":[]},{"players":[{"playerId":1879247,"score":2000,"energy":5,"posx":5,"posy":8,"lastAction":5,"status":0},{"playerId":2365650,"score":684,"energy":-1,"posx":1,"posy":2,"lastAction":6,"status":2},{"playerId":2413234,"score":2284,"energy":33,"posx":17,"posy":4,"lastAction":4,"status":0},{"playerId":2231262,"score":1984,"energy":13,"posx":17,"posy":4,"lastAction":5,"status":0}],"golds":[{"posx":17,"posy":4,"amount":350},{"posx":12,"posy":6,"amount":50},{"posx":5,"posy":8,"amount":450}],"changedObstacles":[]},{"players":[{"playerId":1879247,"score":2000,"energy":17,"posx":5,"posy":8,"lastAction":4,"status":0},{"playerId":2365650,"score":684,"energy":-1,"posx":1,"posy":2,"lastAction":6,"status":2},{"playerId":2413234,"score":2334,"energy":28,"posx":17,"posy":4,"lastAction":5,"status":0},{"playerId":2231262,"score":1984,"energy":25,"posx":17,"posy":4,"lastAction":4,"status":0}],"golds":[{"posx":17,"posy":4,"amount":300},{"posx":12,"posy":6,"amount":50},{"posx":5,"posy":8,"amount":450}],"changedObstacles":[]},{"players":[{"playerId":1879247,"score":2050,"energy":12,"posx":5,"posy":8,"lastAction":5,"status":0},{"playerId":2365650,"score":684,"energy":-1,"posx":1,"posy":2,"lastAction":6,"status":2},{"playerId":2413234,"score":2384,"energy":23,"posx":17,"posy":4,"lastAction":5,"status":0},{"playerId":2231262,"score":2034,"energy":20,"posx":17,"posy":4,"lastAction":5,"status":0}],"golds":[{"posx":17,"posy":4,"amount":200},{"posx":12,"posy":6,"amount":50},{"posx":5,"posy":8,"amount":400}],"changedObstacles":[]},{"players":[{"playerId":1879247,"score":2100,"energy":7,"posx":5,"posy":8,"lastAction":5,"status":0},{"playerId":2365650,"score":684,"energy":-1,"posx":1,"posy":2,"lastAction":6,"status":2},{"playerId":2413234,"score":2434,"energy":18,"posx":17,"posy":4,"lastAction":5,"status":0},{"playerId":2231262,"score":2084,"energy":15,"posx":17,"posy":4,"lastAction":5,"status":0}],"golds":[{"posx":17,"posy":4,"amount":100},{"posx":12,"posy":6,"amount":50},{"posx":5,"posy":8,"amount":350}],"changedObstacles":[]},{"players":[{"playerId":1879247,"score":2150,"energy":2,"posx":5,"posy":8,"lastAction":5,"status":0},{"playerId":2365650,"score":684,"energy":-1,"posx":1,"posy":2,"lastAction":6,"status":2},{"playerId":2413234,"score":2484,"energy":13,"posx":17,"posy":4,"lastAction":5,"status":0},{"playerId":2231262,"score":2084,"energy":27,"posx":17,"posy":4,"lastAction":4,"status":0}],"golds":[{"posx":17,"posy":4,"amount":50},{"posx":12,"posy":6,"amount":50},{"posx":5,"posy":8,"amount":300}],"changedObstacles":[]},{"players":[{"playerId":1879247,"score":2150,"energy":14,"posx":5,"posy":8,"lastAction":4,"status":0},{"playerId":2365650,"score":684,"energy":-1,"posx":1,"posy":2,"lastAction":6,"status":2},{"playerId":2413234,"score":2509,"energy":8,"posx":17,"posy":4,"lastAction":5,"status":0},{"playerId":2231262,"score":2109,"energy":22,"posx":17,"posy":4,"lastAction":5,"status":0}],"golds":[{"posx":12,"posy":6,"amount":50},{"posx":5,"posy":8,"amount":300}],"changedObstacles":[{"type":0,"posx":17,"posy":4,"value":-1}]},{"players":[{"playerId":1879247,"score":2200,"energy":9,"posx":5,"posy":8,"lastAction":5,"status":0},{"playerId":2365650,"score":684,"energy":-1,"posx":1,"posy":2,"lastAction":6,"status":2},{"playerId":2413234,"score":2509,"energy":7,"posx":16,"posy":4,"lastAction":0,"status":0},{"playerId":2231262,"score":2109,"energy":21,"posx":17,"posy":5,"lastAction":3,"status":0}],"golds":[{"posx":12,"posy":6,"amount":50},{"posx":5,"posy":8,"amount":250}],"changedObstacles":[]},{"players":[{"playerId":1879247,"score":2250,"energy":4,"posx":5,"posy":8,"lastAction":5,"status":0},{"playerId":2365650,"score":684,"energy":-1,"posx":1,"posy":2,"lastAction":6,"status":2},{"playerId":2413234,"score":2509,"energy":6,"posx":15,"posy":4,"lastAction":0,"status":0},{"playerId":2231262,"score":2109,"energy":16,"posx":16,"posy":5,"lastAction":0,"status":0}],"golds":[{"posx":12,"posy":6,"amount":50},{"posx":5,"posy":8,"amount":200}],"changedObstacles":[{"type":3,"posx":16,"posy":5,"value":-20}]},{"players":[{"playerId":1879247,"score":2250,"energy":16,"posx":5,"posy":8,"lastAction":4,"status":0},{"playerId":2365650,"score":684,"energy":-1,"posx":1,"posy":2,"lastAction":6,"status":2},{"playerId":2413234,"score":2509,"energy":18,"posx":15,"posy":4,"lastAction":4,"status":0},{"playerId":2231262,"score":2109,"energy":28,"posx":16,"posy":5,"lastAction":4,"status":0}],"golds":[{"posx":12,"posy":6,"amount":50},{"posx":5,"posy":8,"amount":200}],"changedObstacles":[]},{"players":[{"playerId":1879247,"score":2300,"energy":11,"posx":5,"posy":8,"lastAction":5,"status":0},{"playerId":2365650,"score":684,"energy":-1,"posx":1,"posy":2,"lastAction":6,"status":2},{"playerId":2413234,"score":2509,"energy":34,"posx":15,"posy":4,"lastAction":4,"status":0},{"playerId":2231262,"score":2109,"energy":23,"posx":16,"posy":6,"lastAction":3,"status":0}],"golds":[{"posx":12,"posy":6,"amount":50},{"posx":5,"posy":8,"amount":150}],"changedObstacles":[{"type":3,"posx":16,"posy":6,"value":-20}]},{"players":[{"playerId":1879247,"score":2350,"energy":6,"posx":5,"posy":8,"lastAction":5,"status":0},{"playerId":2365650,"score":684,"energy":-1,"posx":1,"posy":2,"lastAction":6,"status":2},{"playerId":2413234,"score":2509,"energy":24,"posx":15,"posy":5,"lastAction":3,"status":0},{"playerId":2231262,"score":2109,"energy":22,"posx":15,"posy":6,"lastAction":0,"status":0}],"golds":[{"posx":12,"posy":6,"amount":50},{"posx":5,"posy":8,"amount":100}],"changedObstacles":[{"type":0,"posx":15,"posy":5,"value":-1}]},{"players":[{"playerId":1879247,"score":2400,"energy":1,"posx":5,"posy":8,"lastAction":5,"status":0},{"playerId":2365650,"score":684,"energy":-1,"posx":1,"posy":2,"lastAction":6,"status":2},{"playerId":2413234,"score":2509,"energy":23,"posx":14,"posy":5,"lastAction":0,"status":0},{"playerId":2231262,"score":2109,"energy":21,"posx":14,"posy":6,"lastAction":0,"status":0}],"golds":[{"posx":12,"posy":6,"amount":50},{"posx":5,"posy":8,"amount":50}],"changedObstacles":[]},{"players":[{"playerId":1879247,"score":2400,"energy":13,"posx":5,"posy":8,"lastAction":4,"status":0},{"playerId":2365650,"score":684,"energy":-1,"posx":1,"posy":2,"lastAction":6,"status":2},{"playerId":2413234,"score":2509,"energy":22,"posx":13,"posy":5,"lastAction":0,"status":0},{"playerId":2231262,"score":2109,"energy":11,"posx":13,"posy":6,"lastAction":0,"status":0}],"golds":[{"posx":12,"posy":6,"amount":50},{"posx":5,"posy":8,"amount":50}],"changedObstacles":[{"type":0,"posx":13,"posy":6,"value":-1}]},{"players":[{"playerId":1879247,"score":2450,"energy":8,"posx":5,"posy":8,"lastAction":5,"status":0},{"playerId":2365650,"score":684,"energy":-1,"posx":1,"posy":2,"lastAction":6,"status":2},{"playerId":2413234,"score":2509,"energy":21,"posx":12,"posy":5,"lastAction":0,"status":0},{"playerId":2231262,"score":2109,"energy":23,"posx":13,"posy":6,"lastAction":4,"status":0}],"golds":[{"posx":12,"posy":6,"amount":50}],"changedObstacles":[{"type":0,"posx":5,"posy":8,"value":-1}]},{"players":[{"playerId":1879247,"score":2450,"energy":7,"posx":6,"posy":8,"lastAction":1,"status":0},{"playerId":2365650,"score":684,"energy":-1,"posx":1,"posy":2,"lastAction":6,"status":2},{"playerId":2413234,"score":2509,"energy":17,"posx":12,"posy":6,"lastAction":3,"status":0},{"playerId":2231262,"score":2109,"energy":19,"posx":12,"posy":6,"lastAction":0,"status":0}],"golds":[{"posx":12,"posy":6,"amount":50}],"changedObstacles":[]},{"players":[{"playerId":1879247,"score":2450,"energy":6,"posx":7,"posy":8,"lastAction":1,"status":0},{"playerId":2365650,"score":684,"energy":-1,"posx":1,"posy":2,"lastAction":6,"status":2},{"playerId":2413234,"score":2534,"energy":12,"posx":12,"posy":6,"lastAction":5,"status":0},{"playerId":2231262,"score":2134,"energy":14,"posx":12,"posy":6,"lastAction":5,"status":0}],"golds":[],"changedObstacles":[{"type":0,"posx":12,"posy":6,"value":-1}]}]