[{"players":[{"playerId":2451397,"score":0,"energy":46},{"playerId":675419,"score":0,"energy":46},{"playerId":1658775,"score":0,"energy":46},{"playerId":69695,"score":0,"energy":46}],"golds":[{"posx":8,"posy":4,"amount":50},{"posx":16,"posy":4,"amount":250},{"posx":7,"posy":4,"amount":750},{"posx":17,"posy":4,"amount":650},{"posx":4,"posy":4,"amount":450},{"posx":12,"posy":4,"amount":50},{"posx":9,"posy":1,"amount":600},{"posx":14,"posy":3,"amount":700},{"posx":12,"posy":2,"amount":600},{"posx":0,"posy":0,"amount":50},{"posx":6,"posy":7,"amount":150},{"posx":1,"posy":3,"amount":550},{"posx":3,"posy":1,"amount":400},{"posx":5,"posy":8,"amount":600},{"posx":3,"posy":5,"amount":600},{"posx":8,"posy":7,"amount":100},{"posx":5,"posy":3,"amount":700},{"posx":17,"posy":1,"amount":200},{"posx":15,"posy":2,"amount":300},{"posx":12,"posy":6,"amount":50}],"changedObstacles":[]},{"players":[{"playerId":2451397,"score":50,"energy":41},{"playerId":675419,"score":50,"energy":41},{"playerId":1658775,"score":50,"energy":41},{"playerId":69695,"score":50,"energy":41}],"golds":[{"posx":0,"posy":0,"amount":50},{"posx":3,"posy":1,"amount":400},{"posx":9,"posy":1,"amount":600},{"posx":17,"posy":1,"amount":200},{"posx":12,"posy":2,"amount":600},{"posx":15,"posy":2,"amount":300},{"posx":1,"posy":3,"amount":550},{"posx":5,"posy":3,"amount":600},{"posx":14,"posy":3,"amount":700},{"posx":4,"posy":4,"amount":350},{"posx":7,"posy":4,"amount":750},{"posx":8,"posy":4,"amount":50},{"posx":12,"posy":4,"amount":50},{"posx":16,"posy":4,"amount":250},{"posx":17,"posy":4,"amount":650},{"posx":3,"posy":5,"amount":600},{"posx":12,"posy":6,"amount":50},{"posx":6,"posy":7,"amount":150},{"posx":8,"posy":7,"amount":100},{"posx":5,"posy":8,"amount":600}],"changedObstacles":[]},{"players":[{"playerId":2451397,"score":100,"energy":36},{"playerId":675419,"score":100,"energy":36},{"playerId":1658775,"score":100,"energy":36},{"playerId":69695,"score":100,"energy":36}],"golds":[{"posx":0,"posy":0,"amount":50},{"posx":3,"posy":1,"amount":400},{"posx":9,"posy":1,"amount":600},{"posx":17,"posy":1,"amount":200},{"posx":12,"posy":2,"amount":600},{"posx":15,"posy":2,"amount":300},{"posx":1,"posy":3,"amount":550},{"posx":5,"posy":3,"amount":500},{"posx":14,"posy":3,"amount":700},{"posx":4,"posy":4,"amount":250},{"posx":7,"posy":4,"amount":750},{"posx":8,"posy":4,"amount":50},{"posx":12,"posy":4,"amount":50},{"posx":16,"posy":4,"amount":250},{"posx":17,"posy":4,"amount":650},{"posx":3,"posy":5,"amount":600},{"posx":12,"posy":6,"amount":50},{"posx":6,"posy":7,"amount":150},{"posx":8,"posy":7,"amount":100},{"posx":5,"posy":8,"amount":600}],"changedObstacles":[]},{"players":[{"playerId":2451397,"score":150,"energy":31},{"playerId":675419,"score":150,"energy":31},{"playerId":1658775,"score":150,"energy":31},{"playerId":69695,"score":150,"energy":31}],"golds":[{"posx":0,"posy":0,"amount":50},{"posx":3,"posy":1,"amount":400},{"posx":9,"posy":1,"amount":600},{"posx":17,"posy":1,"amount":200},{"posx":12,"posy":2,"amount":600},{"posx":15,"posy":2,"amount":300},{"posx":1,"posy":3,"amount":550},{"posx":5,"posy":3,"amount":400},{"posx":14,"posy":3,"amount":700},{"posx":4,"posy":4,"amount":150},{"posx":7,"posy":4,"amount":750},{"posx":8,"posy":4,"amount":50},{"posx":12,"posy":4,"amount":50},{"posx":16,"posy":4,"amount":250},{"posx":17,"posy":4,"amount":650},{"posx":3,"posy":5,"amount":600},{"posx":12,"posy":6,"amount":50},{"posx":6,"posy":7,"amount":150},{"posx":8,"posy":7,"amount":100},{"posx":5,"posy":8,"amount":600}],"changedObstacles":[]},{"players":[{"playerId":2451397,"score":200,"energy":26},{"playerId":675419,"score":200,"energy":26},{"playerId":1658775,"score":200,"energy":26},{"playerId":69695,"score":200,"energy":26}],"golds":[{"posx":0,"posy":0,"amount":50},{"posx":3,"posy":1,"amount":400},{"posx":9,"posy":1,"amount":600},{"posx":17,"posy":1,"amount":200},{"posx":12,"posy":2,"amount":600},{"posx":15,"posy":2,"amount":300},{"posx":1,"posy":3,"amount":550},{"posx":5,"posy":3,"amount":300},{"posx":14,"posy":3,"amount":700},{"posx":4,"posy":4,"amount":50},{"posx":7,"posy":4,"amount":750},{"posx":8,"posy":4,"amount":50},{"posx":12,"posy":4,"amount":50},{"posx":16,"posy":4,"amount":250},{"posx":17,"posy":4,"amount":650},{"posx":3,"posy":5,"amount":600},{"posx":12,"posy":6,"amount":50},{"posx":6,"posy":7,"amount":150},{"posx":8,"posy":7,"amount":100},{"posx":5,"posy":8,"amount":600}],"changedObstacles":[]},{"players":[{"playerId":2451397,"score":225,"energy":21},{"playerId":675419,"score":225,"energy":21},{"playerId":1658775,"score":250,"energy":21},{"playerId":69695,"score":250,"energy":21}],"golds":[{"posx":0,"posy":0,"amount":50},{"posx":3,"posy":1,"amount":400},{"posx":9,"posy":1,"amount":600},{"posx":17,"posy":1,"amount":200},{"posx":12,"posy":2,"amount":600},{"posx":15,"posy":2,"amount":300},{"posx":1,"posy":3,"amount":550},{"posx":5,"posy":3,"amount":200},{"posx":14,"posy":3,"amount":700},{"posx":7,"posy":4,"amount":750},{"posx":8,"posy":4,"amount":50},{"posx":12,"posy":4,"amount":50},{"posx":16,"posy":4,"amount":250},{"posx":17,"posy":4,"amount":650},{"posx":3,"posy":5,"amount":600},{"posx":12,"posy":6,"amount":50},{"posx":6,"posy":7,"amount":150},{"posx":8,"posy":7,"amount":100},{"posx":5,"posy":8,"amount":600}],"changedObstacles":[{"type":0,"posx":4,"posy":4,"value":-1}]},{"players":[{"playerId":2451397,"score":225,"energy":16},{"playerId":675419,"score":225,"energy":20},{"playerId":1658775,"score":300,"energy":16},{"playerId":69695,"score":300,"energy":16}],"golds":[{"posx":0,"posy":0,"amount":50},{"posx":3,"posy":1,"amount":400},{"posx":9,"posy":1,"amount":600},{"posx":17,"posy":1,"amount":200},{"posx":12,"posy":2,"amount":600},{"posx":15,"posy":2,"amount":300},{"posx":1,"posy":3,"amount":550},{"posx":5,"posy":3,"amount":100},{"posx":14,"posy":3,"amount":700},{"posx":7,"posy":4,"amount":750},{"posx":8,"posy":4,"amount":50},{"posx":12,"posy":4,"amount":50},{"posx":16,"posy":4,"amount":250},{"posx":17,"posy":4,"amount":650},{"posx":3,"posy":5,"amount":600},{"posx":12,"posy":6,"amount":50},{"posx":6,"posy":7,"amount":150},{"posx":8,"posy":7,"amount":100},{"posx":5,"posy":8,"amount":600}],"changedObstacles":[{"type":3,"posx":5,"posy":4,"value":-20}]},{"players":[{"playerId":2451397,"score":225,"energy":6},{"playerId":675419,"score":225,"energy":32},{"playerId":1658775,"score":350,"energy":11},{"playerId":69695,"score":350,"energy":11}],"golds":[{"posx":0,"posy":0,"amount":50},{"posx":3,"posy":1,"amount":400},{"posx":9,"posy":1,"amount":600},{"posx":17,"posy":1,"amount":200},{"posx":12,"posy":2,"amount":600},{"posx":15,"posy":2,"amount":300},{"posx":1,"posy":3,"amount":550},{"posx":14,"posy":3,"amount":700},{"posx":7,"posy":4,"amount":750},{"posx":8,"posy":4,"amount":50},{"posx":12,"posy":4,"amount":50},{"posx":16,"posy":4,"amount":250},{"posx":17,"posy":4,"amount":650},{"posx":3,"posy":5,"amount":600},{"posx":12,"posy":6,"amount":50},{"posx":6,"posy":7,"amount":150},{"posx":8,"posy":7,"amount":100},{"posx":5,"posy":8,"amount":600}],"changedObstacles":[{"type":0,"posx":6,"posy":4,"value":-1},{"type":0,"posx":5,"posy":3,"value":-1}]},{"players":[{"playerId":2451397,"score":225,"energy":2},{"playerId":675419,"score":225,"energy":31},{"playerId":1658775,"score":350,"energy":1},{"playerId":69695,"score":350,"energy":23}],"golds":[{"posx":0,"posy":0,"amount":50},{"posx":3,"posy":1,"amount":400},{"posx":9,"posy":1,"amount":600},{"posx":17,"posy":1,"amount":200},{"posx":12,"posy":2,"amount":600},{"posx":15,"posy":2,"amount":300},{"posx":1,"posy":3,"amount":550},{"posx":14,"posy":3,"amount":700},{"posx":7,"posy":4,"amount":750},{"posx":8,"posy":4,"amount":50},{"posx":12,"posy":4,"amount":50},{"posx":16,"posy":4,"amount":250},{"posx":17,"posy":4,"amount":650},{"posx":3,"posy":5,"amount":600},{"posx":12,"posy":6,"amount":50},{"posx":6,"posy":7,"amount":150},{"posx":8,"posy":7,"amount":100},{"posx":5,"posy":8,"amount":600}],"changedObstacles":[{"type":0,"posx":6,"posy":3,"value":-1}]},{"players":[{"playerId":2451397,"score":225,"energy":14},{"playerId":675419,"score":225,"energy":21},{"playerId":1658775,"score":350,"energy":13},{"playerId":69695,"score":350,"energy":3}],"golds":[{"posx":0,"posy":0,"amount":50},{"posx":3,"posy":1,"amount":400},{"posx":9,"posy":1,"amount":600},{"posx":17,"posy":1,"amount":200},{"posx":12,"posy":2,"amount":600},{"posx":15,"posy":2,"amount":300},{"posx":1,"posy":3,"amount":550},{"posx":14,"posy":3,"amount":700},{"posx":7,"posy":4,"amount":750},{"posx":8,"posy":4,"amount":50},{"posx":12,"posy":4,"amount":50},{"posx":16,"posy":4,"amount":250},{"posx":17,"posy":4,"amount":650},{"posx":3,"posy":5,"amount":600},{"posx":12,"posy":6,"amount":50},{"posx":6,"posy":7,"amount":150},{"posx":8,"posy":7,"amount":100},{"posx":5,"posy":8,"amount":600}],"changedObstacles":[{"type":3,"posx":5,"posy":4,"value":-40},{"type":0,"posx":3,"posy":4,"value":-1}]},{"players":[{"playerId":2451397,"score":225,"energy":30},{"playerId":675419,"score":225,"energy":17},{"playerId":1658775,"score":350,"energy":12},{"playerId":69695,"score":350,"energy":15}],"golds":[{"posx":0,"posy":0,"amount":50},{"posx":3,"posy":1,"amount":400},{"posx":9,"posy":1,"amount":600},{"posx":17,"posy":1,"amount":200},{"posx":12,"posy":2,"amount":600},{"posx":15,"posy":2,"amount":300},{"posx":1,"posy":3,"amount":550},{"posx":14,"posy":3,"amount":700},{"posx":7,"posy":4,"amount":750},{"posx":8,"posy":4,"amount":50},{"posx":12,"posy":4,"amount":50},{"posx":16,"posy":4,"amount":250},{"posx":17,"posy":4,"amount":650},{"posx":3,"posy":5,"amount":600},{"posx":12,"posy":6,"amount":50},{"posx":6,"posy":7,"amount":150},{"posx":8,"posy":7,"amount":100},{"posx":5,"posy":8,"amount":600}],"changedObstacles":[]},{"players":[{"playerId":2451397,"score":225,"energy":50},{"playerId":675419,"score":275,"energy":12},{"playerId":1658775,"score":350,"energy":8},{"playerId":69695,"score":350,"energy":31}],"golds":[{"posx":0,"posy":0,"amount":50},{"posx":3,"posy":1,"amount":400},{"posx":9,"posy":1,"amount":600},{"posx":17,"posy":1,"amount":200},{"posx":12,"posy":2,"amount":600},{"posx":15,"posy":2,"amount":300},{"posx":1,"posy":3,"amount":550},{"posx":14,"posy":3,"amount":700},{"posx":7,"posy":4,"amount":750},{"posx":8,"posy":4,"amount":50},{"posx":12,"posy":4,"amount":50},{"posx":16,"posy":4,"amount":250},{"posx":17,"posy":4,"amount":650},{"posx":3,"posy":5,"amount":550},{"posx":12,"posy":6,"amount":50},{"posx":6,"posy":7,"amount":150},{"posx":8,"posy":7,"amount":100},{"posx":5,"posy":8,"amount":600}],"changedObstacles":[]},{"players":[{"playerId":2451397,"score":275,"energy":45},{"playerId":675419,"score":275,"energy":24},{"playerId":1658775,"score":400,"energy":3},{"playerId":69695,"score":350,"energy":30}],"golds":[{"posx":0,"posy":0,"amount":50},{"posx":3,"posy":1,"amount":400},{"posx":9,"posy":1,"amount":600},{"posx":17,"posy":1,"amount":200},{"posx":12,"posy":2,"amount":600},{"posx":15,"posy":2,"amount":300},{"posx":1,"posy":3,"amount":550},{"posx":14,"posy":3,"amount":700},{"posx":7,"posy":4,"amount":650},{"posx":8,"posy":4,"amount":50},{"posx":12,"posy":4,"amount":50},{"posx":16,"posy":4,"amount":250},{"posx":17,"posy":4,"amount":650},{"posx":3,"posy":5,"amount":550},{"posx":12,"posy":6,"amount":50},{"posx":6,"posy":7,"amount":150},{"posx":8,"posy":7,"amount":100},{"posx":5,"posy":8,"amount":600}],"changedObstacles":[]},{"players":[{"playerId":2451397,"score":325,"energy":40},{"playerId":675419,"score":325,"energy":19},{"playerId":1658775,"score":400,"energy":15},{"playerId":69695,"score":350,"energy":26}],"golds":[{"posx":0,"posy":0,"amount":50},{"posx":3,"posy":1,"amount":400},{"posx":9,"posy":1,"amount":600},{"posx":17,"posy":1,"amount":200},{"posx":12,"posy":2,"amount":600},{"posx":15,"posy":2,"amount":300},{"posx":1,"posy":3,"amount":550},{"posx":14,"posy":3,"amount":700},{"posx":7,"posy":4,"amount":600},{"posx":8,"posy":4,"amount":50},{"posx":12,"posy":4,"amount":50},{"posx":16,"posy":4,"amount":250},{"posx":17,"posy":4,"amount":650},{"posx":3,"posy":5,"amount":500},{"posx":12,"posy":6,"amount":50},{"posx":6,"posy":7,"amount":150},{"posx":8,"posy":7,"amount":100},{"posx":5,"posy":8,"amount":600}],"changedObstacles":[]},{"players":[{"playerId":2451397,"score":375,"energy":35},{"playerId":675419,"score":375,"energy":14},{"playerId":1658775,"score":450,"energy":10},{"playerId":69695,"score":400,"energy":21}],"golds":[{"posx":0,"posy":0,"amount":50},{"posx":3,"posy":1,"amount":400},{"posx":9,"posy":1,"amount":600},{"posx":17,"posy":1,"amount":200},{"posx":12,"posy":2,"amount":600},{"posx":15,"posy":2,"amount":300},{"posx":1,"posy":3,"amount":550},{"posx":14,"posy":3,"amount":700},{"posx":7,"posy":4,"amount":450},{"posx":8,"posy":4,"amount":50},{"posx":12,"posy":4,"amount":50},{"posx":16,"posy":4,"amount":250},{"posx":17,"posy":4,"amount":650},{"posx":3,"posy":5,"amount":450},{"posx":12,"posy":6,"amount":50},{"posx":6,"posy":7,"amount":150},{"posx":8,"posy":7,"amount":100},{"posx":5,"posy":8,"amount":600}],"changedObstacles":[]},{"players":[{"playerId":2451397,"score":425,"energy":30},{"playerId":675419,"score":375,"energy":26},{"playerId":1658775,"score":500,"energy":5},{"playerId":69695,"score":450,"energy":16}],"golds":[{"posx":0,"posy":0,"amount":50},{"posx":3,"posy":1,"amount":400},{"posx":9,"posy":1,"amount":600},{"posx":17,"posy":1,"amount":200},{"posx":12,"posy":2,"amount":600},{"posx":15,"posy":2,"amount":300},{"posx":1,"posy":3,"amount":550},{"posx":14,"posy":3,"amount":700},{"posx":7,"posy":4,"amount":300},{"posx":8,"posy":4,"amount":50},{"posx":12,"posy":4,"amount":50},{"posx":16,"posy":4,"amount":250},{"posx":17,"posy":4,"amount":650},{"posx":3,"posy":5,"amount":450},{"posx":12,"posy":6,"amount":50},{"posx":6,"posy":7,"amount":150},{"posx":8,"posy":7,"amount":100},{"posx":5,"posy":8,"amount":600}],"changedObstacles":[]},{"players":[{"playerId":2451397,"score":475,"energy":25},{"playerId":675419,"score":425,"energy":21},{"playerId":1658775,"score":500,"energy":17},{"playerId":69695,"score":500,"energy":11}],"golds":[{"posx":0,"posy":0,"amount":50},{"posx":3,"posy":1,"amount":400},{"posx":9,"posy":1,"amount":600},{"posx":17,"posy":1,"amount":200},{"posx":12,"posy":2,"amount":600},{"posx":15,"posy":2,"amount":300},{"posx":1,"posy":3,"amount":550},{"posx":14,"posy":3,"amount":700},{"posx":7,"posy":4,"amount":200},{"posx":8,"posy":4,"amount":50},{"posx":12,"posy":4,"amount":50},{"posx":16,"posy":4,"amount":250},{"posx":17,"posy":4,"amount":650},{"posx":3,"posy":5,"amount":400},{"posx":12,"posy":6,"amount":50},{"posx":6,"posy":7,"amount":150},{"posx":8,"posy":7,"amount":100},{"posx":5,"posy":8,"amount":600}],"changedObstacles":[]},{"players":[{"playerId":2451397,"score":525,"energy":20},{"playerId":675419,"score":475,"energy":16},{"playerId":1658775,"score":550,"energy":12},{"playerId":69695,"score":550,"energy":6}],"golds":[{"posx":0,"posy":0,"amount":50},{"posx":3,"posy":1,"amount":400},{"posx":9,"posy":1,"amount":600},{"posx":17,"posy":1,"amount":200},{"posx":12,"posy":2,"amount":600},{"posx":15,"posy":2,"amount":300},{"posx":1,"posy":3,"amount":550},{"posx":14,"posy":3,"amount":700},{"posx":7,"posy":4,"amount":50},{"posx":8,"posy":4,"amount":50},{"posx":12,"posy":4,"amount":50},{"posx":16,"posy":4,"amount":250},{"posx":17,"posy":4,"amount":650},{"posx":3,"posy":5,"amount":350},{"posx":12,"posy":6,"amount":50},{"posx":6,"posy":7,"amount":150},{"posx":8,"posy":7,"amount":100},{"posx":5,"posy":8,"amount":600}],"changedObstacles":[]},{"players":[{"playerId":2451397,"score":542,"energy":15},{"playerId":675419,"score":525,"energy":11},{"playerId":1658775,"score":567,"energy":7},{"playerId":69695,"score":567,"energy":1}],"golds":[{"posx":0,"posy":0,"amount":50},{"posx":3,"posy":1,"amount":400},{"posx":9,"posy":1,"amount":600},{"posx":17,"posy":1,"amount":200},{"posx":12,"posy":2,"amount":600},{"posx":15,"posy":2,"amount":300},{"posx":1,"posy":3,"amount":550},{"posx":14,"posy":3,"amount":700},{"posx":8,"posy":4,"amount":50},{"posx":12,"posy":4,"amount":50},{"posx":16,"posy":4,"amount":250},{"posx":17,"posy":4,"amount":650},{"posx":3,"posy":5,"amount":300},{"posx":12,"posy":6,"amount":50},{"posx":6,"posy":7,"amount":150},{"posx":8,"posy":7,"amount":100},{"posx":5,"posy":8,"amount":600}],"changedObstacles":[{"type":0,"posx":7,"posy":4,"value":-1}]},{"players":[{"playerId":2451397,"score":542,"energy":11},{"playerId":675419,"score":525,"energy":23},{"playerId":1658775,"score":567,"energy":19},{"playerId":69695,"score":567,"energy":13}],"golds":[{"posx":0,"posy":0,"amount":50},{"posx":3,"posy":1,"amount":400},{"posx":9,"posy":1,"amount":600},{"posx":17,"posy":1,"amount":200},{"posx":12,"posy":2,"amount":600},{"posx":15,"posy":2,"amount":300},{"posx":1,"posy":3,"amount":550},{"posx":14,"posy":3,"amount":700},{"posx":8,"posy":4,"amount":50},{"posx":12,"posy":4,"amount":50},{"posx":16,"posy":4,"amount":250},{"posx":17,"posy":4,"amount":650},{"posx":3,"posy":5,"amount":300},{"posx":12,"posy":6,"amount":50},{"posx":6,"posy":7,"amount":150},{"posx":8,"posy":7,"amount":100},{"posx":5,"posy":8,"amount":600}],"changedObstacles":[]},{"players":[{"playerId":2451397,"score":592,"energy":6},{"playerId":675419,"score":575,"energy":18},{"playerId":1658775,"score":567,"energy":15},{"playerId":69695,"score":567,"energy":29}],"golds":[{"posx":0,"posy":0,"amount":50},{"posx":3,"posy":1,"amount":400},{"posx":9,"posy":1,"amount":600},{"posx":17,"posy":1,"amount":200},{"posx":12,"posy":2,"amount":600},{"posx":15,"posy":2,"amount":300},{"posx":1,"posy":3,"amount":550},{"posx":14,"posy":3,"amount":700},{"posx":12,"posy":4,"amount":50},{"posx":16,"posy":4,"amount":250},{"posx":17,"posy":4,"amount":650},{"posx":3,"posy":5,"amount":250},{"posx":12,"posy":6,"amount":50},{"posx":6,"posy":7,"amount":150},{"posx":8,"posy":7,"amount":100},{"posx":5,"posy":8,"amount":600}],"changedObstacles":[{"type":0,"posx":8,"posy":4,"value":-1}]},{"players":[{"playerId":2451397,"score":592,"energy":5},{"playerId":675419,"score":625,"energy":13},{"playerId":1658775,"score":567,"energy":14},{"playerId":69695,"score":567,"energy":16}],"golds":[{"posx":0,"posy":0,"amount":50},{"posx":3,"posy":1,"amount":400},{"posx":9,"posy":1,"amount":600},{"posx":17,"posy":1,"amount":200},{"posx":12,"posy":2,"amount":600},{"posx":15,"posy":2,"amount":300},{"posx":1,"posy":3,"amount":550},{"posx":14,"posy":3,"amount":700},{"posx":12,"posy":4,"amount":50},{"posx":16,"posy":4,"amount":250},{"posx":17,"posy":4,"amount":650},{"posx":3,"posy":5,"amount":200},{"posx":12,"posy":6,"amount":50},{"posx":6,"posy":7,"amount":150},{"posx":8,"posy":7,"amount":100},{"posx":5,"posy":8,"amount":600}],"changedObstacles":[]},{"players":[{"playerId":2451397,"score":592,"energy":4},{"playerId":675419,"score":625,"energy":25},{"playerId":1658775,"score":567,"energy":13},{"playerId":69695,"score":567,"energy":11}],"golds":[{"posx":0,"posy":0,"amount":50},{"posx":3,"posy":1,"amount":400},{"posx":9,"posy":1,"amount":600},{"posx":17,"posy":1,"amount":200},{"posx":12,"posy":2,"amount":600},{"posx":15,"posy":2,"amount":300},{"posx":1,"posy":3,"amount":550},{"posx":14,"posy":3,"amount":700},{"posx":12,"posy":4,"amount":50},{"posx":16,"posy":4,"amount":250},{"posx":17,"posy":4,"amount":650},{"posx":3,"posy":5,"amount":200},{"posx":12,"posy":6,"amount":50},{"posx":6,"posy":7,"amount":150},{"posx":8,"posy":7,"amount":100},{"posx":5,"posy":8,"amount":600}],"changedObstacles":[{"type":3,"posx":7,"posy":6,"value":-20}]},{"players":[{"playerId":2451397,"score":592,"energy":3},{"playerId":675419,"score":675,"energy":20},{"playerId":1658775,"score":567,"energy":3},{"playerId":69695,"score":567,"energy":23}],"golds":[{"posx":0,"posy":0,"amount":50},{"posx":3,"posy":1,"amount":400},{"posx":9,"posy":1,"amount":600},{"posx":17,"posy":1,"amount":200},{"posx":12,"posy":2,"amount":600},{"posx":15,"posy":2,"amount":300},{"posx":1,"posy":3,"amount":550},{"posx":14,"posy":3,"amount":700},{"posx":12,"posy":4,"amount":50},{"posx":16,"posy":4,"amount":250},{"posx":17,"posy":4,"amount":650},{"posx":3,"posy":5,"amount":150},{"posx":12,"posy":6,"amount":50},{"posx":6,"posy":7,"amount":150},{"posx":8,"posy":7,"amount":100},{"posx":5,"posy":8,"amount":600}],"changedObstacles":[{"type":0,"posx":9,"posy":2,"value":-1}]},{"players":[{"playerId":2451397,"score":592,"energy":15},{"playerId":675419,"score":675,"energy":32},{"playerId":1658775,"score":567,"energy":15},{"playerId":69695,"score":567,"energy":13}],"golds":[{"posx":0,"posy":0,"amount":50},{"posx":3,"posy":1,"amount":400},{"posx":9,"posy":1,"amount":600},{"posx":17,"posy":1,"amount":200},{"posx":12,"posy":2,"amount":600},{"posx":15,"posy":2,"amount":300},{"posx":1,"posy":3,"amount":550},{"posx":14,"posy":3,"amount":700},{"posx":12,"posy":4,"amount":50},{"posx":16,"posy":4,"amount":250},{"posx":17,"posy":4,"amount":650},{"posx":3,"posy":5,"amount":150},{"posx":12,"posy":6,"amount":50},{"posx":6,"posy":7,"amount":150},{"posx":8,"posy":7,"amount":100},{"posx":5,"posy":8,"amount":600}],"changedObstacles":[{"type":0,"posx":7,"posy":7,"value":-1}]},{"players":[{"playerId":2451397,"score":592,"energy":11},{"playerId":675419,"score":725,"energy":27},{"playerId":1658775,"score":567,"energy":11},{"playerId":69695,"score":567,"energy":25}],"golds":[{"posx":0,"posy":0,"amount":50},{"posx":3,"posy":1,"amount":400},{"posx":9,"posy":1,"amount":600},{"posx":17,"posy":1,"amount":200},{"posx":12,"posy":2,"amount":600},{"posx":15,"posy":2,"amount":300},{"posx":1,"posy":3,"amount":550},{"posx":14,"posy":3,"amount":700},{"posx":12,"posy":4,"amount":50},{"posx":16,"posy":4,"amount":250},{"posx":17,"posy":4,"amount":650},{"posx":3,"posy":5,"amount":100},{"posx":12,"posy":6,"amount":50},{"posx":6,"posy":7,"amount":150},{"posx":8,"posy":7,"amount":100},{"posx":5,"posy":8,"amount":600}],"changedObstacles":[]},{"players":[{"playerId":2451397,"score":642,"energy":6},{"playerId":675419,"score":725,"energy":39},{"playerId":1658775,"score":617,"energy":6},{"playerId":69695,"score":567,"energy":21}],"golds":[{"posx":0,"posy":0,"amount":50},{"posx":3,"posy":1,"amount":400},{"posx":9,"posy":1,"amount":500},{"posx":17,"posy":1,"amount":200},{"posx":12,"posy":2,"amount":600},{"posx":15,"posy":2,"amount":300},{"posx":1,"posy":3,"amount":550},{"posx":14,"posy":3,"amount":700},{"posx":12,"posy":4,"amount":50},{"posx":16,"posy":4,"amount":250},{"posx":17,"posy":4,"amount":650},{"posx":3,"posy":5,"amount":100},{"posx":12,"posy":6,"amount":50},{"posx":6,"posy":7,"amount":150},{"posx":8,"posy":7,"amount":100},{"posx":5,"posy":8,"amount":600}],"changedObstacles":[]},{"players":[{"playerId":2451397,"score":692,"energy":1},{"playerId":675419,"score":775,"energy":34},{"playerId":1658775,"score":667,"energy":1},{"playerId":69695,"score":617,"energy":16}],"golds":[{"posx":0,"posy":0,"amount":50},{"posx":3,"posy":1,"amount":400},{"posx":9,"posy":1,"amount":400},{"posx":17,"posy":1,"amount":200},{"posx":12,"posy":2,"amount":600},{"posx":15,"posy":2,"amount":300},{"posx":1,"posy":3,"amount":550},{"posx":14,"posy":3,"amount":700},{"posx":12,"posy":4,"amount":50},{"posx":16,"posy":4,"amount":250},{"posx":17,"posy":4,"amount":650},{"posx":3,"posy":5,"amount":50},{"posx":12,"posy":6,"amount":50},{"posx":6,"posy":7,"amount":150},{"posx":8,"posy":7,"amount":50},{"posx":5,"posy":8,"amount":600}],"changedObstacles":[]},{"players":[{"playerId":2451397,"score":692,"energy":13},{"playerId":675419,"score":775,"energy":46},{"playerId":1658775,"score":667,"energy":13},{"playerId":69695,"score":667,"energy":11}],"golds":[{"posx":0,"posy":0,"amount":50},{"posx":3,"posy":1,"amount":400},{"posx":9,"posy":1,"amount":400},{"posx":17,"posy":1,"amount":200},{"posx":12,"posy":2,"amount":600},{"posx":15,"posy":2,"amount":300},{"posx":1,"posy":3,"amount":550},{"posx":14,"posy":3,"amount":700},{"posx":12,"posy":4,"amount":50},{"posx":16,"posy":4,"amount":250},{"posx":17,"posy":4,"amount":650},{"posx":3,"posy":5,"amount":50},{"posx":12,"posy":6,"amount":50},{"posx":6,"posy":7,"amount":150},{"posx":5,"posy":8,"amount":600}],"changedObstacles":[{"type":0,"posx":8,"posy":7,"value":-1}]},{"players":[{"playerId":2451397,"score":692,"energy":29},{"playerId":675419,"score":825,"energy":41},{"playerId":1658775,"score":717,"energy":8},{"playerId":69695,"score":667,"energy":23}],"golds":[{"posx":0,"posy":0,"amount":50},{"posx":3,"posy":1,"amount":400},{"posx":9,"posy":1,"amount":350},{"posx":17,"posy":1,"amount":200},{"posx":12,"posy":2,"amount":600},{"posx":15,"posy":2,"amount":300},{"posx":1,"posy":3,"amount":550},{"posx":14,"posy":3,"amount":700},{"posx":12,"posy":4,"amount":50},{"posx":16,"posy":4,"amount":250},{"posx":17,"posy":4,"amount":650},{"posx":12,"posy":6,"amount":50},{"posx":6,"posy":7,"amount":150},{"posx":5,"posy":8,"amount":600}],"changedObstacles":[{"type":0,"posx":3,"posy":5,"value":-1}]},{"players":[{"playerId":2451397,"score":692,"energy":50},{"playerId":675419,"score":825,"energy":40},{"playerId":1658775,"score":767,"energy":3},{"playerId":69695,"score":667,"energy":22}],"golds":[{"posx":0,"posy":0,"amount":50},{"posx":3,"posy":1,"amount":400},{"posx":9,"posy":1,"amount":300},{"posx":17,"posy":1,"amount":200},{"posx":12,"posy":2,"amount":600},{"posx":15,"posy":2,"amount":300},{"posx":1,"posy":3,"amount":550},{"posx":14,"posy":3,"amount":700},{"posx":12,"posy":4,"amount":50},{"posx":16,"posy":4,"amount":250},{"posx":17,"posy":4,"amount":650},{"posx":12,"posy":6,"amount":50},{"posx":6,"posy":7,"amount":150},{"posx":5,"posy":8,"amount":600}],"changedObstacles":[]},{"players":[{"playerId":2451397,"score":742,"energy":45},{"playerId":675419,"score":825,"energy":30},{"playerId":1658775,"score":767,"energy":15},{"playerId":69695,"score":667,"energy":18}],"golds":[{"posx":0,"posy":0,"amount":50},{"posx":3,"posy":1,"amount":400},{"posx":9,"posy":1,"amount":250},{"posx":17,"posy":1,"amount":200},{"posx":12,"posy":2,"amount":600},{"posx":15,"posy":2,"amount":300},{"posx":1,"posy":3,"amount":550},{"posx":14,"posy":3,"amount":700},{"posx":12,"posy":4,"amount":50},{"posx":16,"posy":4,"amount":250},{"posx":17,"posy":4,"amount":650},{"posx":12,"posy":6,"amount":50},{"posx":6,"posy":7,"amount":150},{"posx":5,"posy":8,"amount":600}],"changedObstacles":[{"type":0,"posx":4,"posy":6,"value":-1}]},{"players":[{"playerId":2451397,"score":792,"energy":40},{"playerId":675419,"score":825,"energy":42},{"playerId":1658775,"score":817,"energy":10},{"playerId":69695,"score":717,"energy":13}],"golds":[{"posx":0,"posy":0,"amount":50},{"posx":3,"posy":1,"amount":400},{"posx":9,"posy":1,"amount":150},{"posx":17,"posy":1,"amount":200},{"posx":12,"posy":2,"amount":600},{"posx":15,"posy":2,"amount":300},{"posx":1,"posy":3,"amount":550},{"posx":14,"posy":3,"amount":700},{"posx":12,"posy":4,"amount":50},{"posx":16,"posy":4,"amount":250},{"posx":17,"posy":4,"amount":650},{"posx":12,"posy":6,"amount":50},{"posx":6,"posy":7,"amount":100},{"posx":5,"posy":8,"amount":600}],"changedObstacles":[]},{"players":[{"playerId":2451397,"score":842,"energy":35},{"playerId":675419,"score":825,"energy":32},{"playerId":1658775,"score":867,"energy":5},{"playerId":69695,"score":767,"energy":8}],"golds":[{"posx":0,"posy":0,"amount":50},{"posx":3,"posy":1,"amount":400},{"posx":9,"posy":1,"amount":50},{"posx":17,"posy":1,"amount":200},{"posx":12,"posy":2,"amount":600},{"posx":15,"posy":2,"amount":300},{"posx":1,"posy":3,"amount":550},{"posx":14,"posy":3,"amount":700},{"posx":12,"posy":4,"amount":50},{"posx":16,"posy":4,"amount":250},{"posx":17,"posy":4,"amount":650},{"posx":12,"posy":6,"amount":50},{"posx":6,"posy":7,"amount":50},{"posx":5,"posy":8,"amount":600}],"changedObstacles":[{"type":0,"posx":4,"posy":7,"value":-1}]},{"players":[{"playerId":2451397,"score":892,"energy":30},{"playerId":675419,"score":825,"energy":31},{"playerId":1658775,"score":867,"energy":17},{"playerId":69695,"score":817,"energy":3}],"golds":[{"posx":0,"posy":0,"amount":50},{"posx":3,"posy":1,"amount":400},{"posx":17,"posy":1,"amount":200},{"posx":12,"posy":2,"amount":600},{"posx":15,"posy":2,"amount":300},{"posx":1,"posy":3,"amount":550},{"posx":14,"posy":3,"amount":700},{"posx":12,"posy":4,"amount":50},{"posx":16,"posy":4,"amount":250},{"posx":17,"posy":4,"amount":650},{"posx":12,"posy":6,"amount":50},{"posx":5,"posy":8,"amount":600}],"changedObstacles":[{"type":0,"posx":6,"posy":7,"value":-1},{"type":0,"posx":9,"posy":1,"value":-1}]},{"players":[{"playerId":2451397,"score":892,"energy":29},{"playerId":675419,"score":825,"energy":27},{"playerId":1658775,"score":867,"energy":16},{"playerId":69695,"score":817,"energy":15}],"golds":[{"posx":0,"posy":0,"amount":50},{"posx":3,"posy":1,"amount":400},{"posx":17,"posy":1,"amount":200},{"posx":12,"posy":2,"amount":600},{"posx":15,"posy":2,"amount":300},{"posx":1,"posy":3,"amount":550},{"posx":14,"posy":3,"amount":700},{"posx":12,"posy":4,"amount":50},{"posx":16,"posy":4,"amount":250},{"posx":17,"posy":4,"amount":650},{"posx":12,"posy":6,"amount":50},{"posx":5,"posy":8,"amount":600}],"changedObstacles":[]},{"players":[{"playerId":2451397,"score":892,"energy":24},{"playerId":675419,"score":875,"energy":22},{"playerId":1658775,"score":867,"energy":11},{"playerId":69695,"score":817,"energy":31}],"golds":[{"posx":0,"posy":0,"amount":50},{"posx":3,"posy":1,"amount":400},{"posx":17,"posy":1,"amount":200},{"posx":12,"posy":2,"amount":600},{"posx":15,"posy":2,"amount":300},{"posx":1,"posy":3,"amount":550},{"posx":14,"posy":3,"amount":700},{"posx":12,"posy":4,"amount":50},{"posx":16,"posy":4,"amount":250},{"posx":17,"posy":4,"amount":650},{"posx":12,"posy":6,"amount":50},{"posx":5,"posy":8,"amount":550}],"changedObstacles":[{"type":3,"posx":10,"posy":2,"value":-20}]},{"players":[{"playerId":2451397,"score":892,"energy":19},{"playerId":675419,"score":925,"energy":17},{"playerId":1658775,"score":867,"energy":6},{"playerId":69695,"score":817,"energy":30}],"golds":[{"posx":0,"posy":0,"amount":50},{"posx":3,"posy":1,"amount":400},{"posx":17,"posy":1,"amount":200},{"posx":12,"posy":2,"amount":600},{"posx":15,"posy":2,"amount":300},{"posx":1,"posy":3,"amount":550},{"posx":14,"posy":3,"amount":700},{"posx":12,"posy":4,"amount":50},{"posx":16,"posy":4,"amount":250},{"posx":17,"posy":4,"amount":650},{"posx":12,"posy":6,"amount":50},{"posx":5,"posy":8,"amount":500}],"changedObstacles":[{"type":3,"posx":11,"posy":2,"value":-20}]},{"players":[{"playerId":2451397,"score":892,"energy":15},{"playerId":675419,"score":925,"energy":29},{"playerId":1658775,"score":867,"energy":18},{"playerId":69695,"score":817,"energy":26}],"golds":[{"posx":0,"posy":0,"amount":50},{"posx":3,"posy":1,"amount":400},{"posx":17,"posy":1,"amount":200},{"posx":12,"posy":2,"amount":600},{"posx":15,"posy":2,"amount":300},{"posx":1,"posy":3,"amount":550},{"posx":14,"posy":3,"amount":700},{"posx":12,"posy":4,"amount":50},{"posx":16,"posy":4,"amount":250},{"posx":17,"posy":4,"amount":650},{"posx":12,"posy":6,"amount":50},{"posx":5,"posy":8,"amount":500}],"changedObstacles":[]},{"players":[{"playerId":2451397,"score":942,"energy":10},{"playerId":675419,"score":975,"energy":24},{"playerId":1658775,"score":867,"energy":14},{"playerId":69695,"score":867,"energy":21}],"golds":[{"posx":0,"posy":0,"amount":50},{"posx":3,"posy":1,"amount":400},{"posx":17,"posy":1,"amount":200},{"posx":12,"posy":2,"amount":550},{"posx":15,"posy":2,"amount":300},{"posx":1,"posy":3,"amount":550},{"posx":14,"posy":3,"amount":700},{"posx":12,"posy":4,"amount":50},{"posx":16,"posy":4,"amount":250},{"posx":17,"posy":4,"amount":650},{"posx":12,"posy":6,"amount":50},{"posx":5,"posy":8,"amount":400}],"changedObstacles":[]},{"players":[{"playerId":2451397,"score":992,"energy":5},{"playerId":675419,"score":1025,"energy":19},{"playerId":1658775,"score":917,"energy":9},{"playerId":69695,"score":917,"energy":16}],"golds":[{"posx":0,"posy":0,"amount":50},{"posx":3,"posy":1,"amount":400},{"posx":17,"posy":1,"amount":200},{"posx":12,"posy":2,"amount":450},{"posx":15,"posy":2,"amount":300},{"posx":1,"posy":3,"amount":550},{"posx":14,"posy":3,"amount":700},{"posx":12,"posy":4,"amount":50},{"posx":16,"posy":4,"amount":250},{"posx":17,"posy":4,"amount":650},{"posx":12,"posy":6,"amount":50},{"posx":5,"posy":8,"amount":300}],"changedObstacles":[]},{"players":[{"playerId":2451397,"score":992,"energy":17},{"playerId":675419,"score":1025,"energy":31},{"playerId":1658775,"score":967,"energy":4},{"playerId":69695,"score":967,"energy":11}],"golds":[{"posx":0,"posy":0,"amount":50},{"posx":3,"posy":1,"amount":400},{"posx":17,"posy":1,"amount":200},{"posx":12,"posy":2,"amount":400},{"posx":15,"posy":2,"amount":300},{"posx":1,"posy":3,"amount":550},{"posx":14,"posy":3,"amount":700},{"posx":12,"posy":4,"amount":50},{"posx":16,"posy":4,"amount":250},{"posx":17,"posy":4,"amount":650},{"posx":12,"posy":6,"amount":50},{"posx":5,"posy":8,"amount":250}],"changedObstacles":[]},{"players":[{"playerId":2451397,"score":992,"energy":33},{"playerId":675419,"score":1075,"energy":26},{"playerId":1658775,"score":967,"energy":16},{"playerId":69695,"score":1017,"energy":6}],"golds":[{"posx":0,"posy":0,"amount":50},{"posx":3,"posy":1,"amount":400},{"posx":17,"posy":1,"amount":200},{"posx":12,"posy":2,"amount":400},{"posx":15,"posy":2,"amount":300},{"posx":1,"posy":3,"amount":550},{"posx":14,"posy":3,"amount":700},{"posx":12,"posy":4,"amount":50},{"posx":16,"posy":4,"amount":250},{"posx":17,"posy":4,"amount":650},{"posx":12,"posy":6,"amount":50},{"posx":5,"posy":8,"amount":150}],"changedObstacles":[]},{"players":[{"playerId":2451397,"score":992,"energy":50},{"playerId":675419,"score":1125,"energy":21},{"playerId":1658775,"score":1017,"energy":11},{"playerId":69695,"score":1067,"energy":1}],"golds":[{"posx":0,"posy":0,"amount":50},{"posx":3,"posy":1,"amount":400},{"posx":17,"posy":1,"amount":200},{"posx":12,"posy":2,"amount":350},{"posx":15,"posy":2,"amount":300},{"posx":1,"posy":3,"amount":550},{"posx":14,"posy":3,"amount":700},{"posx":12,"posy":4,"amount":50},{"posx":16,"posy":4,"amount":250},{"posx":17,"posy":4,"amount":650},{"posx":12,"posy":6,"amount":50},{"posx":5,"posy":8,"amount":50}],"changedObstacles":[]},{"players":[{"playerId":2451397,"score":1042,"energy":45},{"playerId":675419,"score":1125,"energy":33},{"playerId":1658775,"score":1067,"energy":6},{"playerId":69695,"score":1067,"energy":13}],"golds":[{"posx":0,"posy":0,"amount":50},{"posx":3,"posy":1,"amount":400},{"posx":17,"posy":1,"amount":200},{"posx":12,"posy":2,"amount":250},{"posx":15,"posy":2,"amount":300},{"posx":1,"posy":3,"amount":550},{"posx":14,"posy":3,"amount":700},{"posx":12,"posy":4,"amount":50},{"posx":16,"posy":4,"amount":250},{"posx":17,"posy":4,"amount":650},{"posx":12,"posy":6,"amount":50},{"posx":5,"posy":8,"amount":50}],"changedObstacles":[]},{"players":[{"playerId":2451397,"score":1092,"energy":40},{"playerId":675419,"score":1150,"energy":28},{"playerId":1658775,"score":1117,"energy":1},{"playerId":69695,"score":1092,"energy":8}],"golds":[{"posx":0,"posy":0,"amount":50},{"posx":3,"posy":1,"amount":400},{"posx":17,"posy":1,"amount":200},{"posx":12,"posy":2,"amount":150},{"posx":15,"posy":2,"amount":300},{"posx":1,"posy":3,"amount":550},{"posx":14,"posy":3,"amount":700},{"posx":12,"posy":4,"amount":50},{"posx":16,"posy":4,"amount":250},{"posx":17,"posy":4,"amount":650},{"posx":12,"posy":6,"amount":50}],"changedObstacles":[{"type":0,"posx":5,"posy":8,"value":-1}]},{"players":[{"playerId":2451397,"score":1142,"energy":35},{"playerId":675419,"score":1150,"energy":27},{"playerId":1658775,"score":1117,"energy":13},{"playerId":69695,"score":1092,"energy":20}],"golds":[{"posx":0,"posy":0,"amount":50},{"posx":3,"posy":1,"amount":400},{"posx":17,"posy":1,"amount":200},{"posx":12,"posy":2,"amount":100},{"posx":15,"posy":2,"amount":300},{"posx":1,"posy":3,"amount":550},{"posx":14,"posy":3,"amount":700},{"posx":12,"posy":4,"amount":50},{"posx":16,"posy":4,"amount":250},{"posx":17,"posy":4,"amount":650},{"posx":12,"posy":6,"amount":50}],"changedObstacles":[]},{"players":[{"playerId":2451397,"score":1192,"energy":30},{"playerId":675419,"score":1150,"energy":39},{"playerId":1658775,"score":1167,"energy":8},{"playerId":69695,"score":1092,"energy":19}],"golds":[{"posx":0,"posy":0,"amount":50},{"posx":3,"posy":1,"amount":400},{"posx":17,"posy":1,"amount":200},{"posx":15,"posy":2,"amount":300},{"posx":1,"posy":3,"amount":550},{"posx":14,"posy":3,"amount":700},{"posx":12,"posy":4,"amount":50},{"posx":16,"posy":4,"amount":250},{"posx":17,"posy":4,"amount":650},{"posx":12,"posy":6,"amount":50}],"changedObstacles":[{"type":0,"posx":12,"posy":2,"value":-1}]},{"players":[{"playerId":2451397,"score":1192,"energy":29},{"playerId":675419,"score":1150,"energy":29},{"playerId":1658775,"score":1167,"energy":20},{"playerId":69695,"score":1092,"energy":9}],"golds":[{"posx":0,"posy":0,"amount":50},{"posx":3,"posy":1,"amount":400},{"posx":17,"posy":1,"amount":200},{"posx":15,"posy":2,"amount":300},{"posx":1,"posy":3,"amount":550},{"posx":14,"posy":3,"amount":700},{"posx":12,"posy":4,"amount":50},{"posx":16,"posy":4,"amount":250},{"posx":17,"posy":4,"amount":650},{"posx":12,"posy":6,"amount":50}],"changedObstacles":[{"type":0,"posx":5,"posy":6,"value":-1},{"type":0,"posx":7,"posy":8,"value":-1}]},{"players":[{"playerId":2451397,"score":1192,"energy":25},{"playerId":675419,"score":1150,"energy":28},{"playerId":1658775,"score":1167,"energy":19},{"playerId":69695,"score":1092,"energy":21}],"golds":[{"posx":0,"posy":0,"amount":50},{"posx":3,"posy":1,"amount":400},{"posx":17,"posy":1,"amount":200},{"posx":15,"posy":2,"amount":300},{"posx":1,"posy":3,"amount":550},{"posx":14,"posy":3,"amount":700},{"posx":12,"posy":4,"amount":50},{"posx":16,"posy":4,"amount":250},{"posx":17,"posy":4,"amount":650},{"posx":12,"posy":6,"amount":50}],"changedObstacles":[]},{"players":[{"playerId":2451397,"score":1242,"energy":20},{"playerId":675419,"score":1150,"energy":27},{"playerId":1658775,"score":1167,"energy":31},{"playerId":69695,"score":1092,"energy":16}],"golds":[{"posx":0,"posy":0,"amount":50},{"posx":3,"posy":1,"amount":400},{"posx":17,"posy":1,"amount":200},{"posx":15,"posy":2,"amount":300},{"posx":1,"posy":3,"amount":550},{"posx":14,"posy":3,"amount":700},{"posx":16,"posy":4,"amount":250},{"posx":17,"posy":4,"amount":650},{"posx":12,"posy":6,"amount":50}],"changedObstacles":[{"type":3,"posx":6,"posy":6,"value":-20},{"type":0,"posx":12,"posy":4,"value":-1}]},{"players":[{"playerId":2451397,"score":1242,"energy":15},{"playerId":675419,"score":1150,"energy":26},{"playerId":1658775,"score":1167,"energy":17},{"playerId":69695,"score":1092,"energy":-4}],"golds":[{"posx":0,"posy":0,"amount":50},{"posx":3,"posy":1,"amount":400},{"posx":17,"posy":1,"amount":200},{"posx":15,"posy":2,"amount":300},{"posx":1,"posy":3,"amount":550},{"posx":14,"posy":3,"amount":700},{"posx":16,"posy":4,"amount":250},{"posx":17,"posy":4,"amount":650},{"posx":12,"posy":6,"amount":50}],"changedObstacles":[{"type":3,"posx":7,"posy":6,"value":-40},{"type":3,"posx":13,"posy":4,"value":-20}]},{"players":[{"playerId":2451397,"score":1242,"energy":10},{"playerId":675419,"score":1150,"energy":25},{"playerId":1658775,"score":1167,"energy":13},{"playerId":69695,"score":1092,"energy":-4}],"golds":[{"posx":0,"posy":0,"amount":50},{"posx":3,"posy":1,"amount":400},{"posx":17,"posy":1,"amount":200},{"posx":15,"posy":2,"amount":300},{"posx":1,"posy":3,"amount":550},{"posx":14,"posy":3,"amount":700},{"posx":16,"posy":4,"amount":250},{"posx":17,"posy":4,"amount":650},{"posx":12,"posy":6,"amount":50}],"changedObstacles":[{"type":3,"posx":14,"posy":4,"value":-20}]},{"players":[{"playerId":2451397,"score":1242,"energy":6},{"playerId":675419,"score":1150,"energy":24},{"playerId":1658775,"score":1217,"energy":8},{"playerId":69695,"score":1092,"energy":-4}],"golds":[{"posx":0,"posy":0,"amount":50},{"posx":3,"posy":1,"amount":400},{"posx":17,"posy":1,"amount":200},{"posx":15,"posy":2,"amount":300},{"posx":1,"posy":3,"amount":550},{"posx":14,"posy":3,"amount":650},{"posx":16,"posy":4,"amount":250},{"posx":17,"posy":4,"amount":650},{"posx":12,"posy":6,"amount":50}],"changedObstacles":[]},{"players":[{"playerId":2451397,"score":1292,"energy":1},{"playerId":675419,"score":1150,"energy":23},{"playerId":1658775,"score":1267,"energy":3},{"playerId":69695,"score":1092,"energy":-4}],"golds":[{"posx":0,"posy":0,"amount":50},{"posx":3,"posy":1,"amount":400},{"posx":17,"posy":1,"amount":200},{"posx":15,"posy":2,"amount":300},{"posx":1,"posy":3,"amount":550},{"posx":14,"posy":3,"amount":550},{"posx":16,"posy":4,"amount":250},{"posx":17,"posy":4,"amount":650},{"posx":12,"posy":6,"amount":50}],"changedObstacles":[]},{"players":[{"playerId":2451397,"score":1292,"energy":13},{"playerId":675419,"score":1150,"energy":13},{"playerId":1658775,"score":1267,"energy":15},{"playerId":69695,"score":1092,"energy":-4}],"golds":[{"posx":0,"posy":0,"amount":50},{"posx":3,"posy":1,"amount":400},{"posx":17,"posy":1,"amount":200},{"posx":15,"posy":2,"amount":300},{"posx":1,"posy":3,"amount":550},{"posx":14,"posy":3,"amount":550},{"posx":16,"posy":4,"amount":250},{"posx":17,"posy":4,"amount":650},{"posx":12,"posy":6,"amount":50}],"changedObstacles":[{"type":0,"posx":4,"posy":8,"value":-1}]},{"players":[{"playerId":2451397,"score":1292,"energy":29},{"playerId":675419,"score":1150,"energy":12},{"playerId":1658775,"score":1317,"energy":10},{"playerId":69695,"score":1092,"energy":-4}],"golds":[{"posx":0,"posy":0,"amount":50},{"posx":3,"posy":1,"amount":400},{"posx":17,"posy":1,"amount":200},{"posx":15,"posy":2,"amount":300},{"posx":1,"posy":3,"amount":550},{"posx":14,"posy":3,"amount":500},{"posx":16,"posy":4,"amount":250},{"posx":17,"posy":4,"amount":650},{"posx":12,"posy":6,"amount":50}],"changedObstacles":[]},{"players":[{"playerId":2451397,"score":1292,"energy":50},{"playerId":675419,"score":1150,"energy":24},{"playerId":1658775,"score":1367,"energy":5},{"playerId":69695,"score":1092,"energy":-4}],"golds":[{"posx":0,"posy":0,"amount":50},{"posx":3,"posy":1,"amount":400},{"posx":17,"posy":1,"amount":200},{"posx":15,"posy":2,"amount":300},{"posx":1,"posy":3,"amount":550},{"posx":14,"posy":3,"amount":450},{"posx":16,"posy":4,"amount":250},{"posx":17,"posy":4,"amount":650},{"posx":12,"posy":6,"amount":50}],"changedObstacles":[]},{"players":[{"playerId":2451397,"score":1342,"energy":45},{"playerId":675419,"score":1150,"energy":23},{"playerId":1658775,"score":1367,"energy":17},{"playerId":69695,"score":1092,"energy":-4}],"golds":[{"posx":0,"posy":0,"amount":50},{"posx":3,"posy":1,"amount":400},{"posx":17,"posy":1,"amount":200},{"posx":15,"posy":2,"amount":300},{"posx":1,"posy":3,"amount":550},{"posx":14,"posy":3,"amount":400},{"posx":16,"posy":4,"amount":250},{"posx":17,"posy":4,"amount":650},{"posx":12,"posy":6,"amount":50}],"changedObstacles":[]},{"players":[{"playerId":2451397,"score":1392,"energy":40},{"playerId":675419,"score":1150,"energy":35},{"playerId":1658775,"score":1417,"energy":12},{"playerId":69695,"score":1092,"energy":-4}],"golds":[{"posx":0,"posy":0,"amount":50},{"posx":3,"posy":1,"amount":400},{"posx":17,"posy":1,"amount":200},{"posx":15,"posy":2,"amount":300},{"posx":1,"posy":3,"amount":550},{"posx":14,"posy":3,"amount":300},{"posx":16,"posy":4,"amount":250},{"posx":17,"posy":4,"amount":650},{"posx":12,"posy":6,"amount":50}],"changedObstacles":[]},{"players":[{"playerId":2451397,"score":1442,"energy":35},{"playerId":675419,"score":1150,"energy":50},{"playerId":1658775,"score":1467,"energy":7},{"playerId":69695,"score":1092,"energy":-4}],"golds":[{"posx":0,"posy":0,"amount":50},{"posx":3,"posy":1,"amount":400},{"posx":17,"posy":1,"amount":200},{"posx":15,"posy":2,"amount":300},{"posx":1,"posy":3,"amount":550},{"posx":14,"posy":3,"amount":200},{"posx":16,"posy":4,"amount":250},{"posx":17,"posy":4,"amount":650},{"posx":12,"posy":6,"amount":50}],"changedObstacles":[]},{"players":[{"playerId":2451397,"score":1492,"energy":30},{"playerId":675419,"score":1150,"energy":49},{"playerId":1658775,"score":1517,"energy":2},{"playerId":69695,"score":1092,"energy":-4}],"golds":[{"posx":0,"posy":0,"amount":50},{"posx":3,"posy":1,"amount":400},{"posx":17,"posy":1,"amount":200},{"posx":15,"posy":2,"amount":300},{"posx":1,"posy":3,"amount":550},{"posx":14,"posy":3,"amount":100},{"posx":16,"posy":4,"amount":250},{"posx":17,"posy":4,"amount":650},{"posx":12,"posy":6,"amount":50}],"changedObstacles":[]},{"players":[{"playerId":2451397,"score":1542,"energy":25},{"playerId":675419,"score":1150,"energy":48},{"playerId":1658775,"score":1517,"energy":14},{"playerId":69695,"score":1092,"energy":-4}],"golds":[{"posx":0,"posy":0,"amount":50},{"posx":3,"posy":1,"amount":400},{"posx":17,"posy":1,"amount":200},{"posx":15,"posy":2,"amount":300},{"posx":1,"posy":3,"amount":550},{"posx":14,"posy":3,"amount":50},{"posx":16,"posy":4,"amount":250},{"posx":17,"posy":4,"amount":650},{"posx":12,"posy":6,"amount":50}],"changedObstacles":[]},{"players":[{"playerId":2451397,"score":1567,"energy":20},{"playerId":675419,"score":1150,"energy":47},{"playerId":1658775,"score":1542,"energy":9},{"playerId":69695,"score":1092,"energy":-4}],"golds":[{"posx":0,"posy":0,"amount":50},{"posx":3,"posy":1,"amount":400},{"posx":17,"posy":1,"amount":200},{"posx":15,"posy":2,"amount":300},{"posx":1,"posy":3,"amount":550},{"posx":16,"posy":4,"amount":250},{"posx":17,"posy":4,"amount":650},{"posx":12,"posy":6,"amount":50}],"changedObstacles":[{"type":0,"posx":14,"posy":3,"value":-1}]},{"players":[{"playerId":2451397,"score":1567,"energy":19},{"playerId":675419,"score":1150,"energy":46},{"playerId":1658775,"score":1542,"energy":21},{"playerId":69695,"score":1092,"energy":-4}],"golds":[{"posx":0,"posy":0,"amount":50},{"posx":3,"posy":1,"amount":400},{"posx":17,"posy":1,"amount":200},{"posx":15,"posy":2,"amount":300},{"posx":1,"posy":3,"amount":550},{"posx":16,"posy":4,"amount":250},{"posx":17,"posy":4,"amount":650},{"posx":12,"posy":6,"amount":50}],"changedObstacles":[]},{"players":[{"playerId":2451397,"score":1567,"energy":15},{"playerId":675419,"score":1150,"energy":50},{"playerId":1658775,"score":1542,"energy":20},{"playerId":69695,"score":1092,"energy":-4}],"golds":[{"posx":0,"posy":0,"amount":50},{"posx":3,"posy":1,"amount":400},{"posx":17,"posy":1,"amount":200},{"posx":15,"posy":2,"amount":300},{"posx":1,"posy":3,"amount":550},{"posx":16,"posy":4,"amount":250},{"posx":17,"posy":4,"amount":650},{"posx":12,"posy":6,"amount":50}],"changedObstacles":[]},{"players":[{"playerId":2451397,"score":1617,"energy":10},{"playerId":675419,"score":1150,"energy":49},{"playerId":1658775,"score":1542,"energy":10},{"playerId":69695,"score":1092,"energy":-4}],"golds":[{"posx":0,"posy":0,"amount":50},{"posx":3,"posy":1,"amount":400},{"posx":17,"posy":1,"amount":200},{"posx":15,"posy":2,"amount":250},{"posx":1,"posy":3,"amount":550},{"posx":16,"posy":4,"amount":250},{"posx":17,"posy":4,"amount":650},{"posx":12,"posy":6,"amount":50}],"changedObstacles":[{"type":0,"posx":16,"posy":3,"value":-1}]},{"players":[{"playerId":2451397,"score":1667,"energy":5},{"playerId":675419,"score":1150,"energy":48},{"playerId":1658775,"score":1542,"energy":22},{"playerId":69695,"score":1092,"energy":-4}],"golds":[{"posx":0,"posy":0,"amount":50},{"posx":3,"posy":1,"amount":400},{"posx":17,"posy":1,"amount":200},{"posx":15,"posy":2,"amount":200},{"posx":1,"posy":3,"amount":550},{"posx":16,"posy":4,"amount":250},{"posx":17,"posy":4,"amount":650},{"posx":12,"posy":6,"amount":50}],"changedObstacles":[]},{"players":[{"playerId":2451397,"score":1667,"energy":17},{"playerId":675419,"score":1150,"energy":47},{"playerId":1658775,"score":1542,"energy":18},{"playerId":69695,"score":1092,"energy":-4}],"golds":[{"posx":0,"posy":0,"amount":50},{"posx":3,"posy":1,"amount":400},{"posx":17,"posy":1,"amount":200},{"posx":15,"posy":2,"amount":200},{"posx":1,"posy":3,"amount":550},{"posx":16,"posy":4,"amount":250},{"posx":17,"posy":4,"amount":650},{"posx":12,"posy":6,"amount":50}],"changedObstacles":[]},{"players":[{"playerId":2451397,"score":1667,"energy":33},{"playerId":675419,"score":1150,"energy":46},{"playerId":1658775,"score":1592,"energy":13},{"playerId":69695,"score":1092,"energy":-4}],"golds":[{"posx":0,"posy":0,"amount":50},{"posx":3,"posy":1,"amount":400},{"posx":17,"posy":1,"amount":200},{"posx":15,"posy":2,"amount":200},{"posx":1,"posy":3,"amount":550},{"posx":16,"posy":4,"amount":200},{"posx":17,"posy":4,"amount":650},{"posx":12,"posy":6,"amount":50}],"changedObstacles":[]},{"players":[{"playerId":2451397,"score":1717,"energy":28},{"playerId":675419,"score":1150,"energy":45},{"playerId":1658775,"score":1642,"energy":8},{"playerId":69695,"score":1092,"energy":-4}],"golds":[{"posx":0,"posy":0,"amount":50},{"posx":3,"posy":1,"amount":400},{"posx":17,"posy":1,"amount":200},{"posx":15,"posy":2,"amount":150},{"posx":1,"posy":3,"amount":550},{"posx":16,"posy":4,"amount":150},{"posx":17,"posy":4,"amount":650},{"posx":12,"posy":6,"amount":50}],"changedObstacles":[]},{"players":[{"playerId":2451397,"score":1767,"energy":23},{"playerId":675419,"score":1150,"energy":44},{"playerId":1658775,"score":1692,"energy":3},{"playerId":69695,"score":1092,"energy":-4}],"golds":[{"posx":0,"posy":0,"amount":50},{"posx":3,"posy":1,"amount":400},{"posx":17,"posy":1,"amount":200},{"posx":15,"posy":2,"amount":100},{"posx":1,"posy":3,"amount":550},{"posx":16,"posy":4,"amount":100},{"posx":17,"posy":4,"amount":650},{"posx":12,"posy":6,"amount":50}],"changedObstacles":[]},{"players":[{"playerId":2451397,"score":1817,"energy":18},{"playerId":675419,"score":1150,"energy":50},{"playerId":1658775,"score":1692,"energy":15},{"playerId":69695,"score":1092,"energy":-4}],"golds":[{"posx":0,"posy":0,"amount":50},{"posx":3,"posy":1,"amount":400},{"posx":17,"posy":1,"amount":200},{"posx":15,"posy":2,"amount":50},{"posx":1,"posy":3,"amount":550},{"posx":16,"posy":4,"amount":100},{"posx":17,"posy":4,"amount":650},{"posx":12,"posy":6,"amount":50}],"changedObstacles":[]},{"players":[{"playerId":2451397,"score":1867,"energy":13},{"playerId":675419,"score":1150,"energy":49},{"playerId":1658775,"score":1742,"energy":10},{"playerId":69695,"score":1092,"energy":-4}],"golds":[{"posx":0,"posy":0,"amount":50},{"posx":3,"posy":1,"amount":400},{"posx":17,"posy":1,"amount":200},{"posx":1,"posy":3,"amount":550},{"posx":16,"posy":4,"amount":50},{"posx":17,"posy":4,"amount":650},{"posx":12,"posy":6,"amount":50}],"changedObstacles":[{"type":0,"posx":15,"posy":2,"value":-1}]},{"players":[{"playerId":2451397,"score":1867,"energy":12},{"playerId":675419,"score":1150,"energy":48},{"playerId":1658775,"score":1792,"energy":5},{"playerId":69695,"score":1092,"energy":-4}],"golds":[{"posx":0,"posy":0,"amount":50},{"posx":3,"posy":1,"amount":400},{"posx":17,"posy":1,"amount":200},{"posx":1,"posy":3,"amount":550},{"posx":17,"posy":4,"amount":650},{"posx":12,"posy":6,"amount":50}],"changedObstacles":[{"type":0,"posx":16,"posy":4,"value":-1}]},{"players":[{"playerId":2451397,"score":1867,"energy":11},{"playerId":675419,"score":1150,"energy":47},{"playerId":1658775,"score":1792,"energy":17},{"playerId":69695,"score":1092,"energy":-4}],"golds":[{"posx":0,"posy":0,"amount":50},{"posx":3,"posy":1,"amount":400},{"posx":17,"posy":1,"amount":200},{"posx":1,"posy":3,"amount":550},{"posx":17,"posy":4,"amount":650},{"posx":12,"posy":6,"amount":50}],"changedObstacles":[]},{"players":[{"playerId":2451397,"score":1867,"energy":10},{"playerId":675419,"score":1150,"energy":50},{"playerId":1658775,"score":1792,"energy":13},{"playerId":69695,"score":1092,"energy":-4}],"golds":[{"posx":0,"posy":0,"amount":50},{"posx":3,"posy":1,"amount":400},{"posx":17,"posy":1,"amount":200},{"posx":1,"posy":3,"amount":550},{"posx":17,"posy":4,"amount":650},{"posx":12,"posy":6,"amount":50}],"changedObstacles":[]},{"players":[{"playerId":2451397,"score":1867,"energy":6},{"playerId":675419,"score":1150,"energy":45},{"playerId":1658775,"score":1842,"energy":8},{"playerId":69695,"score":1092,"energy":-4}],"golds":[{"posx":0,"posy":0,"amount":50},{"posx":3,"posy":1,"amount":400},{"posx":17,"posy":1,"amount":200},{"posx":1,"posy":3,"amount":550},{"posx":17,"posy":4,"amount":600},{"posx":12,"posy":6,"amount":50}],"changedObstacles":[{"type":3,"posx":10,"posy":8,"value":-20}]},{"players":[{"playerId":2451397,"score":1917,"energy":1},{"playerId":675419,"score":1150,"energy":35},{"playerId":1658775,"score":1892,"energy":3},{"playerId":69695,"score":1092,"energy":-4}],"golds":[{"posx":0,"posy":0,"amount":50},{"posx":3,"posy":1,"amount":400},{"posx":17,"posy":1,"amount":200},{"posx":1,"posy":3,"amount":550},{"posx":17,"posy":4,"amount":500},{"posx":12,"posy":6,"amount":50}],"changedObstacles":[{"type":0,"posx":10,"posy":7,"value":-1}]},{"players":[{"playerId":2451397,"score":1917,"energy":13},{"playerId":675419,"score":1150,"energy":34},{"playerId":1658775,"score":1892,"energy":15},{"playerId":69695,"score":1092,"energy":-4}],"golds":[{"posx":0,"posy":0,"amount":50},{"posx":3,"posy":1,"amount":400},{"posx":17,"posy":1,"amount":200},{"posx":1,"posy":3,"amount":550},{"posx":17,"posy":4,"amount":500},{"posx":12,"posy":6,"amount":50}],"changedObstacles":[]},{"players":[{"playerId":2451397,"score":1917,"energy":29},{"playerId":675419,"score":1150,"energy":46},{"playerId":1658775,"score":1942,"energy":10},{"playerId":69695,"score":1092,"energy":-4}],"golds":[{"posx":0,"posy":0,"amount":50},{"posx":3,"posy":1,"amount":400},{"posx":17,"posy":1,"amount":200},{"posx":1,"posy":3,"amount":550},{"posx":17,"posy":4,"amount":450},{"posx":12,"posy":6,"amount":50}],"changedObstacles":[]},{"players":[{"playerId":2451397,"score":1917,"energy":50},{"playerId":675419,"score":1150,"energy":41},{"playerId":1658775,"score":1992,"energy":5},{"playerId":69695,"score":1092,"energy":-4}],"golds":[{"posx":0,"posy":0,"amount":50},{"posx":3,"posy":1,"amount":400},{"posx":17,"posy":1,"amount":200},{"posx":1,"posy":3,"amount":550},{"posx":17,"posy":4,"amount":400},{"posx":12,"posy":6,"amount":50}],"changedObstacles":[{"type":3,"posx":10,"posy":5,"value":-20}]},{"players":[{"playerId":2451397,"score":1967,"energy":45},{"playerId":675419,"score":1150,"energy":40},{"playerId":1658775,"score":1992,"energy":17},{"playerId":69695,"score":1092,"energy":-4}],"golds":[{"posx":0,"posy":0,"amount":50},{"posx":3,"posy":1,"amount":400},{"posx":17,"posy":1,"amount":200},{"posx":1,"posy":3,"amount":550},{"posx":17,"posy":4,"amount":350},{"posx":12,"posy":6,"amount":50}],"changedObstacles":[]},{"players":[{"playerId":2451397,"score":2017,"energy":40},{"playerId":675419,"score":1150,"energy":50},{"playerId":1658775,"score":2042,"energy":12},{"playerId":69695,"score":1092,"energy":-4}],"golds":[{"posx":0,"posy":0,"amount":50},{"posx":3,"posy":1,"amount":400},{"posx":17,"posy":1,"amount":200},{"posx":1,"posy":3,"amount":550},{"posx":17,"posy":4,"amount":250},{"posx":12,"posy":6,"amount":50}],"changedObstacles":[]},{"players":[{"playerId":2451397,"score":2067,"energy":35},{"playerId":675419,"score":1150,"energy":36},{"playerId":1658775,"score":2092,"energy":7},{"playerId":69695,"score":1092,"energy":-4}],"golds":[{"posx":0,"posy":0,"amount":50},{"posx":3,"posy":1,"amount":400},{"posx":17,"posy":1,"amount":200},{"posx":1,"posy":3,"amount":550},{"posx":17,"posy":4,"amount":150},{"posx":12,"posy":6,"amount":50}],"changedObstacles":[]},{"players":[{"playerId":2451397,"score":2117,"energy":30},{"playerId":675419,"score":1150,"energy":32},{"playerId":1658775,"score":2142,"energy":2},{"playerId":69695,"score":1092,"energy":-4}],"golds":[{"posx":0,"posy":0,"amount":50},{"posx":3,"posy":1,"amount":400},{"posx":17,"posy":1,"amount":200},{"posx":1,"posy":3,"amount":550},{"posx":17,"posy":4,"amount":50},{"posx":12,"posy":6,"amount":50}],"changedObstacles":[]},{"players":[{"playerId":2451397,"score":2167,"energy":25},{"playerId":675419,"score":1150,"energy":44},{"playerId":1658775,"score":2142,"energy":14},{"playerId":69695,"score":1092,"energy":-4}],"golds":[{"posx":0,"posy":0,"amount":50},{"posx":3,"posy":1,"amount":400},{"posx":17,"posy":1,"amount":200},{"posx":1,"posy":3,"amount":550},{"posx":12,"posy":6,"amount":50}],"changedObstacles":[{"type":0,"posx":17,"posy":4,"value":-1}]},{"players":[{"playerId":2451397,"score":2167,"energy":19},{"playerId":675419,"score":1150,"energy":43},{"playerId":1658775,"score":2142,"energy":13},{"playerId":69695,"score":1092,"energy":-4}],"golds":[{"posx":0,"posy":0,"amount":50},{"posx":3,"posy":1,"amount":400},{"posx":17,"posy":1,"amount":200},{"posx":1,"posy":3,"amount":550},{"posx":12,"posy":6,"amount":50}],"changedObstacles":[]},{"players":[{"playerId":2451397,"score":2167,"energy":31},{"playerId":675419,"score":1150,"energy":50},{"playerId":1658775,"score":2142,"energy":12},{"playerId":69695,"score":1092,"energy":-4}],"golds":[{"posx":0,"posy":0,"amount":50},{"posx":3,"posy":1,"amount":400},{"posx":17,"posy":1,"amount":200},{"posx":1,"posy":3,"amount":550},{"posx":12,"posy":6,"amount":50}],"changedObstacles":[]},{"players":[{"playerId":2451397,"score":2167,"energy":15},{"playerId":675419,"score":1150,"energy":46},{"playerId":1658775,"score":2142,"energy":11},{"playerId":69695,"score":1092,"energy":-4}],"golds":[{"posx":0,"posy":0,"amount":50},{"posx":3,"posy":1,"amount":400},{"posx":17,"posy":1,"amount":200},{"posx":1,"posy":3,"amount":550},{"posx":12,"posy":6,"amount":50}],"changedObstacles":[]},{"players":[{"playerId":2451397,"score":2167,"energy":11},{"playerId":675419,"score":1150,"energy":50},{"playerId":1658775,"score":2142,"energy":10},{"playerId":69695,"score":1092,"energy":-4}],"golds":[{"posx":0,"posy":0,"amount":50},{"posx":3,"posy":1,"amount":400},{"posx":17,"posy":1,"amount":200},{"posx":1,"posy":3,"amount":550},{"posx":12,"posy":6,"amount":50}],"changedObstacles":[]},{"players":[{"playerId":2451397,"score":2217,"energy":6},{"playerId":675419,"score":1150,"energy":40},{"playerId":1658775,"score":2142,"energy":22},{"playerId":69695,"score":1092,"energy":-4}],"golds":[{"posx":0,"posy":0,"amount":50},{"posx":3,"posy":1,"amount":400},{"posx":17,"posy":1,"amount":150},{"posx":1,"posy":3,"amount":550},{"posx":12,"posy":6,"amount":50}],"changedObstacles":[{"type":0,"posx":13,"posy":6,"value":-1}]},{"players":[{"playerId":2451397,"score":2267,"energy":1},{"playerId":675419,"score":1150,"energy":36},{"playerId":1658775,"score":2142,"energy":21},{"playerId":69695,"score":1092,"energy":-4}],"golds":[{"posx":0,"posy":0,"amount":50},{"posx":3,"posy":1,"amount":400},{"posx":17,"posy":1,"amount":100},{"posx":1,"posy":3,"amount":550},{"posx":12,"posy":6,"amount":50}],"changedObstacles":[]},{"players":[{"playerId":2451397,"score":2267,"energy":13},{"playerId":675419,"score":1150,"energy":48},{"playerId":1658775,"score":2142,"energy":20},{"playerId":69695,"score":1092,"energy":-4}],"golds":[{"posx":0,"posy":0,"amount":50},{"posx":3,"posy":1,"amount":400},{"posx":17,"posy":1,"amount":100},{"posx":1,"posy":3,"amount":550},{"posx":12,"posy":6,"amount":50}],"changedObstacles":[]},{"players":[{"playerId":2451397,"score":2317,"energy":8},{"playerId":675419,"score":1150,"energy":50},{"playerId":1658775,"score":2142,"energy":32},{"playerId":69695,"score":1092,"energy":-4}],"golds":[{"posx":0,"posy":0,"amount":50},{"posx":3,"posy":1,"amount":400},{"posx":17,"posy":1,"amount":50},{"posx":1,"posy":3,"amount":550},{"posx":12,"posy":6,"amount":50}],"changedObstacles":[]},{"players":[{"playerId":2451397,"score":2367,"energy":3},{"playerId":675419,"score":1200,"energy":45},{"playerId":1658775,"score":2142,"energy":31},{"playerId":69695,"score":1092,"energy":-4}],"golds":[{"posx":0,"posy":0,"amount":50},{"posx":3,"posy":1,"amount":400},{"posx":1,"posy":3,"amount":550}],"changedObstacles":[{"type":0,"posx":12,"posy":6,"value":-1},{"type":0,"posx":17,"posy":1,"value":-1}]},{"players":[{"playerId":2451397,"score":2367,"energy":15},{"playerId":675419,"score":1200,"energy":50},{"playerId":1658775,"score":2142,"energy":30},{"playerId":69695,"score":1092,"energy":-4}],"golds":[{"posx":0,"posy":0,"amount":50},{"posx":3,"posy":1,"amount":400},{"posx":1,"posy":3,"amount":550}],"changedObstacles":[]},{"players":[{"playerId":2451397,"score":2367,"energy":10},{"playerId":675419,"score":1200,"energy":49},{"playerId":1658775,"score":2142,"energy":20},{"playerId":69695,"score":1092,"energy":-4}],"golds":[{"posx":0,"posy":0,"amount":50},{"posx":3,"posy":1,"amount":400},{"posx":1,"posy":3,"amount":550}],"changedObstacles":[{"type":0,"posx":14,"posy":2,"value":-1},{"type":3,"posx":16,"posy":1,"value":-20}]},{"players":[{"playerId":2451397,"score":2367,"energy":22},{"playerId":675419,"score":1200,"energy":48},{"playerId":1658775,"score":2142,"energy":19},{"playerId":69695,"score":1092,"energy":-4}],"golds":[{"posx":0,"posy":0,"amount":50},{"posx":3,"posy":1,"amount":400},{"posx":1,"posy":3,"amount":550}],"changedObstacles":[]},{"players":[{"playerId":2451397,"score":2367,"energy":12},{"playerId":675419,"score":1200,"energy":28},{"playerId":1658775,"score":2142,"energy":18},{"playerId":69695,"score":1092,"energy":-4}],"golds":[{"posx":0,"posy":0,"amount":50},{"posx":3,"posy":1,"amount":400},{"posx":1,"posy":3,"amount":550}],"changedObstacles":[{"type":0,"posx":16,"posy":0,"value":-1}]}]