[{"players":[{"playerId":2299591,"score":0,"energy":46,"posx":5,"posy":3,"lastAction":1,"status":0},{"playerId":61319,"score":0,"energy":46,"posx":5,"posy":3,"lastAction":1,"status":0},{"playerId":2256302,"score":0,"energy":46,"posx":5,"posy":3,"lastAction":1,"status":0},{"playerId":2241999,"score":0,"energy":46,"posx":5,"posy":3,"lastAction":1,"status":0}],"golds":[{"posx":8,"posy":4,"amount":50},{"posx":16,"posy":4,"amount":250},{"posx":7,"posy":4,"amount":750},{"posx":17,"posy":4,"amount":650},{"posx":4,"posy":4,"amount":450},{"posx":12,"posy":4,"amount":50},{"posx":9,"posy":1,"amount":600},{"posx":14,"posy":3,"amount":700},{"posx":12,"posy":2,"amount":600},{"posx":0,"posy":0,"amount":50},{"posx":6,"posy":7,"amount":150},{"posx":1,"posy":3,"amount":550},{"posx":3,"posy":1,"amount":400},{"posx":5,"posy":8,"amount":600},{"posx":3,"posy":5,"amount":600},{"posx":8,"posy":7,"amount":100},{"posx":5,"posy":3,"amount":700},{"posx":17,"posy":1,"amount":200},{"posx":15,"posy":2,"amount":300},{"posx":12,"posy":6,"amount":50}],"changedObstacles":[]},{"players":[{"playerId":2299591,"score":50,"energy":41,"posx":5,"posy":3,"lastAction":5,"status":0},{"playerId":61319,"score":50,"energy":41,"posx":5,"posy":3,"lastAction":5,"status":0},{"playerId":2256302,"score":50,"energy":41,"posx":5,"posy":3,"lastAction":5,"status":0},{"playerId":2241999,"score":50,"energy":41,"posx":5,"posy":3,"lastAction":5,"status":0}],"golds":[{"posx":0,"posy":0,"amount":50},{"posx":3,"posy":1,"amount":400},{"posx":9,"posy":1,"amount":600},{"posx":17,"posy":1,"amount":200},{"posx":12,"posy":2,"amount":600},{"posx":15,"posy":2,"amount":300},{"posx":1,"posy":3,"amount":550},{"posx":5,"posy":3,"amount":500},{"posx":14,"posy":3,"amount":700},{"posx":4,"posy":4,"amount":450},{"posx":7,"posy":4,"amount":750},{"posx":8,"posy":4,"amount":50},{"posx":12,"posy":4,"amount":50},{"posx":16,"posy":4,"amount":250},{"posx":17,"posy":4,"amount":650},{"posx":3,"posy":5,"amount":600},{"posx":12,"posy":6,"amount":50},{"posx":6,"posy":7,"amount":150},{"posx":8,"posy":7,"amount":100},{"posx":5,"posy":8,"amount":600}],"changedObstacles":[]},{"players":[{"playerId":2299591,"score":100,"energy":36,"posx":5,"posy":3,"lastAction":5,"status":0},{"playerId":61319,"score":100,"energy":36,"posx":5,"posy":3,"lastAction":5,"status":0},{"playerId":2256302,"score":100,"energy":36,"posx":5,"posy":3,"lastAction":5,"status":0},{"playerId":2241999,"score":100,"energy":36,"posx":5,"posy":3,"lastAction":5,"status":0}],"golds":[{"posx":0,"posy":0,"amount":50},{"posx":3,"posy":1,"amount":400},{"posx":9,"posy":1,"amount":600},{"posx":17,"posy":1,"amount":200},{"posx":12,"posy":2,"amount":600},{"posx":15,"posy":2,"amount":300},{"posx":1,"posy":3,"amount":550},{"posx":5,"posy":3,"amount":300},{"posx":14,"posy":3,"amount":700},{"posx":4,"posy":4,"amount":450},{"posx":7,"posy":4,"amount":750},{"posx":8,"posy":4,"amount":50},{"posx":12,"posy":4,"amount":50},{"posx":16,"posy":4,"amount":250},{"posx":17,"posy":4,"amount":650},{"posx":3,"posy":5,"amount":600},{"posx":12,"posy":6,"amount":50},{"posx":6,"posy":7,"amount":150},{"posx":8,"posy":7,"amount":100},{"posx":5,"posy":8,"amount":600}],"changedObstacles":[]},{"players":[{"playerId":2299591,"score":150,"energy":31,"posx":5,"posy":3,"lastAction":5,"status":0},{"playerId":61319,"score":150,"energy":31,"posx":5,"posy":3,"lastAction":5,"status":0},{"playerId":2256302,"score":150,"energy":31,"posx":5,"posy":3,"lastAction":5,"status":0},{"playerId":2241999,"score":150,"energy":31,"posx":5,"posy":3,"lastAction":5,"status":0}],"golds":[{"posx":0,"posy":0,"amount":50},{"posx":3,"posy":1,"amount":400},{"posx":9,"posy":1,"amount":600},{"posx":17,"posy":1,"amount":200},{"posx":12,"posy":2,"amount":600},{"posx":15,"posy":2,"amount":300},{"posx":1,"posy":3,"amount":550},{"posx":5,"posy":3,"amount":100},{"posx":14,"posy":3,"amount":700},{"posx":4,"posy":4,"amount":450},{"posx":7,"posy":4,"amount":750},{"posx":8,"posy":4,"amount":50},{"posx":12,"posy":4,"amount":50},{"posx":16,"posy":4,"amount":250},{"posx":17,"posy":4,"amount":650},{"posx":3,"posy":5,"amount":600},{"posx":12,"posy":6,"amount":50},{"posx":6,"posy":7,"amount":150},{"posx":8,"posy":7,"amount":100},{"posx":5,"posy":8,"amount":600}],"changedObstacles":[]},{"players":[{"playerId":2299591,"score":175,"energy":26,"posx":5,"posy":3,"lastAction":5,"status":0},{"playerId":61319,"score":175,"energy":26,"posx":5,"posy":3,"lastAction":5,"status":0},{"playerId":2256302,"score":175,"energy":26,"posx":5,"posy":3,"lastAction":5,"status":0},{"playerId":2241999,"score":175,"energy":26,"posx":5,"posy":3,"lastAction":5,"status":0}],"golds":[{"posx":0,"posy":0,"amount":50},{"posx":3,"posy":1,"amount":400},{"posx":9,"posy":1,"amount":600},{"posx":17,"posy":1,"amount":200},{"posx":12,"posy":2,"amount":600},{"posx":15,"posy":2,"amount":300},{"posx":1,"posy":3,"amount":550},{"posx":14,"posy":3,"amount":700},{"posx":4,"posy":4,"amount":450},{"posx":7,"posy":4,"amount":750},{"posx":8,"posy":4,"amount":50},{"posx":12,"posy":4,"amount":50},{"posx":16,"posy":4,"amount":250},{"posx":17,"posy":4,"amount":650},{"posx":3,"posy":5,"amount":600},{"posx":12,"posy":6,"amount":50},{"posx":6,"posy":7,"amount":150},{"posx":8,"posy":7,"amount":100},{"posx":5,"posy":8,"amount":600}],"changedObstacles":[{"type":0,"posx":5,"posy":3,"value":-1}]},{"players":[{"playerId":2299591,"score":175,"energy":25,"posx":4,"posy":3,"lastAction":0,"status":0},{"playerId":61319,"score":175,"energy":21,"posx":5,"posy":4,"lastAction":3,"status":0},{"playerId":2256302,"score":175,"energy":21,"posx":5,"posy":4,"lastAction":3,"status":0},{"playerId":2241999,"score":175,"energy":25,"posx":4,"posy":3,"lastAction":0,"status":0}],"golds":[{"posx":0,"posy":0,"amount":50},{"posx":3,"posy":1,"amount":400},{"posx":9,"posy":1,"amount":600},{"posx":17,"posy":1,"amount":200},{"posx":12,"posy":2,"amount":600},{"posx":15,"posy":2,"amount":300},{"posx":1,"posy":3,"amount":550},{"posx":14,"posy":3,"amount":700},{"posx":4,"posy":4,"amount":450},{"posx":7,"posy":4,"amount":750},{"posx":8,"posy":4,"amount":50},{"posx":12,"posy":4,"amount":50},{"posx":16,"posy":4,"amount":250},{"posx":17,"posy":4,"amount":650},{"posx":3,"posy":5,"amount":600},{"posx":12,"posy":6,"amount":50},{"posx":6,"posy":7,"amount":150},{"posx":8,"posy":7,"amount":100},{"posx":5,"posy":8,"amount":600}],"changedObstacles":[{"type":3,"posx":5,"posy":4,"value":-20}]},{"players":[{"playerId":2299591,"score":175,"energy":21,"posx":4,"posy":4,"lastAction":3,"status":0},{"playerId":61319,"score":175,"energy":17,"posx":4,"posy":4,"lastAction":0,"status":0},{"playerId":2256302,"score":175,"energy":11,"posx":6,"posy":4,"lastAction":1,"status":0},{"playerId":2241999,"score":175,"energy":21,"posx":4,"posy":4,"lastAction":3,"status":0}],"golds":[{"posx":0,"posy":0,"amount":50},{"posx":3,"posy":1,"amount":400},{"posx":9,"posy":1,"amount":600},{"posx":17,"posy":1,"amount":200},{"posx":12,"posy":2,"amount":600},{"posx":15,"posy":2,"amount":300},{"posx":1,"posy":3,"amount":550},{"posx":14,"posy":3,"amount":700},{"posx":4,"posy":4,"amount":450},{"posx":7,"posy":4,"amount":750},{"posx":8,"posy":4,"amount":50},{"posx":12,"posy":4,"amount":50},{"posx":16,"posy":4,"amount":250},{"posx":17,"posy":4,"amount":650},{"posx":3,"posy":5,"amount":600},{"posx":12,"posy":6,"amount":50},{"posx":6,"posy":7,"amount":150},{"posx":8,"posy":7,"amount":100},{"posx":5,"posy":8,"amount":600}],"changedObstacles":[{"type":0,"posx":6,"posy":4,"value":-1}]},{"players":[{"playerId":2299591,"score":225,"energy":16,"posx":4,"posy":4,"lastAction":5,"status":0},{"playerId":61319,"score":225,"energy":12,"posx":4,"posy":4,"lastAction":5,"status":0},{"playerId":2256302,"score":175,"energy":7,"posx":7,"posy":4,"lastAction":1,"status":0},{"playerId":2241999,"score":225,"energy":16,"posx":4,"posy":4,"lastAction":5,"status":0}],"golds":[{"posx":0,"posy":0,"amount":50},{"posx":3,"posy":1,"amount":400},{"posx":9,"posy":1,"amount":600},{"posx":17,"posy":1,"amount":200},{"posx":12,"posy":2,"amount":600},{"posx":15,"posy":2,"amount":300},{"posx":1,"posy":3,"amount":550},{"posx":14,"posy":3,"amount":700},{"posx":4,"posy":4,"amount":300},{"posx":7,"posy":4,"amount":750},{"posx":8,"posy":4,"amount":50},{"posx":12,"posy":4,"amount":50},{"posx":16,"posy":4,"amount":250},{"posx":17,"posy":4,"amount":650},{"posx":3,"posy":5,"amount":600},{"posx":12,"posy":6,"amount":50},{"posx":6,"posy":7,"amount":150},{"posx":8,"posy":7,"amount":100},{"posx":5,"posy":8,"amount":600}],"changedObstacles":[]},{"players":[{"playerId":2299591,"score":275,"energy":11,"posx":4,"posy":4,"lastAction":5,"status":0},{"playerId":61319,"score":275,"energy":7,"posx":4,"posy":4,"lastAction":5,"status":0},{"playerId":2256302,"score":225,"energy":2,"posx":7,"posy":4,"lastAction":5,"status":0},{"playerId":2241999,"score":275,"energy":11,"posx":4,"posy":4,"lastAction":5,"status":0}],"golds":[{"posx":0,"posy":0,"amount":50},{"posx":3,"posy":1,"amount":400},{"posx":9,"posy":1,"amount":600},{"posx":17,"posy":1,"amount":200},{"posx":12,"posy":2,"amount":600},{"posx":15,"posy":2,"amount":300},{"posx":1,"posy":3,"amount":550},{"posx":14,"posy":3,"amount":700},{"posx":4,"posy":4,"amount":150},{"posx":7,"posy":4,"amount":700},{"posx":8,"posy":4,"amount":50},{"posx":12,"posy":4,"amount":50},{"posx":16,"posy":4,"amount":250},{"posx":17,"posy":4,"amount":650},{"posx":3,"posy":5,"amount":600},{"posx":12,"posy":6,"amount":50},{"posx":6,"posy":7,"amount":150},{"posx":8,"posy":7,"amount":100},{"posx":5,"posy":8,"amount":600}],"changedObstacles":[]},{"players":[{"playerId":2299591,"score":325,"energy":6,"posx":4,"posy":4,"lastAction":5,"status":0},{"playerId":61319,"score":325,"energy":2,"posx":4,"posy":4,"lastAction":5,"status":0},{"playerId":2256302,"score":225,"energy":14,"posx":7,"posy":4,"lastAction":4,"status":0},{"playerId":2241999,"score":325,"energy":6,"posx":4,"posy":4,"lastAction":5,"status":0}],"golds":[{"posx":0,"posy":0,"amount":50},{"posx":3,"posy":1,"amount":400},{"posx":9,"posy":1,"amount":600},{"posx":17,"posy":1,"amount":200},{"posx":12,"posy":2,"amount":600},{"posx":15,"posy":2,"amount":300},{"posx":1,"posy":3,"amount":550},{"posx":14,"posy":3,"amount":700},{"posx":7,"posy":4,"amount":700},{"posx":8,"posy":4,"amount":50},{"posx":12,"posy":4,"amount":50},{"posx":16,"posy":4,"amount":250},{"posx":17,"posy":4,"amount":650},{"posx":3,"posy":5,"amount":600},{"posx":12,"posy":6,"amount":50},{"posx":6,"posy":7,"amount":150},{"posx":8,"posy":7,"amount":100},{"posx":5,"posy":8,"amount":600}],"changedObstacles":[{"type":0,"posx":4,"posy":4,"value":-1}]},{"players":[{"playerId":2299591,"score":325,"energy":18,"posx":4,"posy":4,"lastAction":4,"status":0},{"playerId":61319,"score":325,"energy":14,"posx":4,"posy":4,"lastAction":4,"status":0},{"playerId":2256302,"score":225,"energy":30,"posx":7,"posy":4,"lastAction":4,"status":0},{"playerId":2241999,"score":325,"energy":18,"posx":4,"posy":4,"lastAction":4,"status":0}],"golds":[{"posx":0,"posy":0,"amount":50},{"posx":3,"posy":1,"amount":400},{"posx":9,"posy":1,"amount":600},{"posx":17,"posy":1,"amount":200},{"posx":12,"posy":2,"amount":600},{"posx":15,"posy":2,"amount":300},{"posx":1,"posy":3,"amount":550},{"posx":14,"posy":3,"amount":700},{"posx":7,"posy":4,"amount":700},{"posx":8,"posy":4,"amount":50},{"posx":12,"posy":4,"amount":50},{"posx":16,"posy":4,"amount":250},{"posx":17,"posy":4,"amount":650},{"posx":3,"posy":5,"amount":600},{"posx":12,"posy":6,"amount":50},{"posx":6,"posy":7,"amount":150},{"posx":8,"posy":7,"amount":100},{"posx":5,"posy":8,"amount":600}],"changedObstacles":[]},{"players":[{"playerId":2299591,"score":325,"energy":34,"posx":4,"posy":4,"lastAction":4,"status":0},{"playerId":61319,"score":325,"energy":30,"posx":4,"posy":4,"lastAction":4,"status":0},{"playerId":2256302,"score":225,"energy":50,"posx":7,"posy":4,"lastAction":4,"status":0},{"playerId":2241999,"score":325,"energy":34,"posx":4,"posy":4,"lastAction":4,"status":0}],"golds":[{"posx":0,"posy":0,"amount":50},{"posx":3,"posy":1,"amount":400},{"posx":9,"posy":1,"amount":600},{"posx":17,"posy":1,"amount":200},{"posx":12,"posy":2,"amount":600},{"posx":15,"posy":2,"amount":300},{"posx":1,"posy":3,"amount":550},{"posx":14,"posy":3,"amount":700},{"posx":7,"posy":4,"amount":700},{"posx":8,"posy":4,"amount":50},{"posx":12,"posy":4,"amount":50},{"posx":16,"posy":4,"amount":250},{"posx":17,"posy":4,"amount":650},{"posx":3,"posy":5,"amount":600},{"posx":12,"posy":6,"amount":50},{"posx":6,"posy":7,"amount":150},{"posx":8,"posy":7,"amount":100},{"posx":5,"posy":8,"amount":600}],"changedObstacles":[]},{"players":[{"playerId":2299591,"score":325,"energy":24,"posx":3,"posy":4,"lastAction":0,"status":0},{"playerId":61319,"score":325,"energy":20,"posx":3,"posy":4,"lastAction":0,"status":0},{"playerId":2256302,"score":275,"energy":45,"posx":7,"posy":4,"lastAction":5,"status":0},{"playerId":2241999,"score":325,"energy":50,"posx":4,"posy":4,"lastAction":4,"status":0}],"golds":[{"posx":0,"posy":0,"amount":50},{"posx":3,"posy":1,"amount":400},{"posx":9,"posy":1,"amount":600},{"posx":17,"posy":1,"amount":200},{"posx":12,"posy":2,"amount":600},{"posx":15,"posy":2,"amount":300},{"posx":1,"posy":3,"amount":550},{"posx":14,"posy":3,"amount":700},{"posx":7,"posy":4,"amount":650},{"posx":8,"posy":4,"amount":50},{"posx":12,"posy":4,"amount":50},{"posx":16,"posy":4,"amount":250},{"posx":17,"posy":4,"amount":650},{"posx":3,"posy":5,"amount":600},{"posx":12,"posy":6,"amount":50},{"posx":6,"posy":7,"amount":150},{"posx":8,"posy":7,"amount":100},{"posx":5,"posy":8,"amount":600}],"changedObstacles":[{"type":0,"posx":3,"posy":4,"value":-1}]},{"players":[{"playerId":2299591,"score":325,"energy":20,"posx":3,"posy":5,"lastAction":3,"status":0},{"playerId":61319,"score":325,"energy":16,"posx":3,"posy":5,"lastAction":3,"status":0},{"playerId":2256302,"score":325,"energy":40,"posx":7,"posy":4,"lastAction":5,"status":0},{"playerId":2241999,"score":325,"energy":49,"posx":3,"posy":4,"lastAction":0,"status":0}],"golds":[{"posx":0,"posy":0,"amount":50},{"posx":3,"posy":1,"amount":400},{"posx":9,"posy":1,"amount":600},{"posx":17,"posy":1,"amount":200},{"posx":12,"posy":2,"amount":600},{"posx":15,"posy":2,"amount":300},{"posx":1,"posy":3,"amount":550},{"posx":14,"posy":3,"amount":700},{"posx":7,"posy":4,"amount":600},{"posx":8,"posy":4,"amount":50},{"posx":12,"posy":4,"amount":50},{"posx":16,"posy":4,"amount":250},{"posx":17,"posy":4,"amount":650},{"posx":3,"posy":5,"amount":600},{"posx":12,"posy":6,"amount":50},{"posx":6,"posy":7,"amount":150},{"posx":8,"posy":7,"amount":100},{"posx":5,"posy":8,"amount":600}],"changedObstacles":[]},{"players":[{"playerId":2299591,"score":375,"energy":15,"posx":3,"posy":5,"lastAction":5,"status":0},{"playerId":61319,"score":375,"energy":11,"posx":3,"posy":5,"lastAction":5,"status":0},{"playerId":2256302,"score":375,"energy":35,"posx":7,"posy":4,"lastAction":5,"status":0},{"playerId":2241999,"score":325,"energy":45,"posx":3,"posy":5,"lastAction":3,"status":0}],"golds":[{"posx":0,"posy":0,"amount":50},{"posx":3,"posy":1,"amount":400},{"posx":9,"posy":1,"amount":600},{"posx":17,"posy":1,"amount":200},{"posx":12,"posy":2,"amount":600},{"posx":15,"posy":2,"amount":300},{"posx":1,"posy":3,"amount":550},{"posx":14,"posy":3,"amount":700},{"posx":7,"posy":4,"amount":550},{"posx":8,"posy":4,"amount":50},{"posx":12,"posy":4,"amount":50},{"posx":16,"posy":4,"amount":250},{"posx":17,"posy":4,"amount":650},{"posx":3,"posy":5,"amount":500},{"posx":12,"posy":6,"amount":50},{"posx":6,"posy":7,"amount":150},{"posx":8,"posy":7,"amount":100},{"posx":5,"posy":8,"amount":600}],"changedObstacles":[]},{"players":[{"playerId":2299591,"score":425,"energy":10,"posx":3,"posy":5,"lastAction":5,"status":0},{"playerId":61319,"score":425,"energy":6,"posx":3,"posy":5,"lastAction":5,"status":0},{"playerId":2256302,"score":425,"energy":30,"posx":7,"posy":4,"lastAction":5,"status":0},{"playerId":2241999,"score":375,"energy":40,"posx":3,"posy":5,"lastAction":5,"status":0}],"golds":[{"posx":0,"posy":0,"amount":50},{"posx":3,"posy":1,"amount":400},{"posx":9,"posy":1,"amount":600},{"posx":17,"posy":1,"amount":200},{"posx":12,"posy":2,"amount":600},{"posx":15,"posy":2,"amount":300},{"posx":1,"posy":3,"amount":550},{"posx":14,"posy":3,"amount":700},{"posx":7,"posy":4,"amount":500},{"posx":8,"posy":4,"amount":50},{"posx":12,"posy":4,"amount":50},{"posx":16,"posy":4,"amount":250},{"posx":17,"posy":4,"amount":650},{"posx":3,"posy":5,"amount":350},{"posx":12,"posy":6,"amount":50},{"posx":6,"posy":7,"amount":150},{"posx":8,"posy":7,"amount":100},{"posx":5,"posy":8,"amount":600}],"changedObstacles":[]},{"players":[{"playerId":2299591,"score":475,"energy":5,"posx":3,"posy":5,"lastAction":5,"status":0},{"playerId":61319,"score":475,"energy":1,"posx":3,"posy":5,"lastAction":5,"status":0},{"playerId":2256302,"score":475,"energy":25,"posx":7,"posy":4,"lastAction":5,"status":0},{"playerId":2241999,"score":425,"energy":35,"posx":3,"posy":5,"lastAction":5,"status":0}],"golds":[{"posx":0,"posy":0,"amount":50},{"posx":3,"posy":1,"amount":400},{"posx":9,"posy":1,"amount":600},{"posx":17,"posy":1,"amount":200},{"posx":12,"posy":2,"amount":600},{"posx":15,"posy":2,"amount":300},{"posx":1,"posy":3,"amount":550},{"posx":14,"posy":3,"amount":700},{"posx":7,"posy":4,"amount":450},{"posx":8,"posy":4,"amount":50},{"posx":12,"posy":4,"amount":50},{"posx":16,"posy":4,"amount":250},{"posx":17,"posy":4,"amount":650},{"posx":3,"posy":5,"amount":200},{"posx":12,"posy":6,"amount":50},{"posx":6,"posy":7,"amount":150},{"posx":8,"posy":7,"amount":100},{"posx":5,"posy":8,"amount":600}],"changedObstacles":[]},{"players":[{"playerId":2299591,"score":475,"energy":17,"posx":3,"posy":5,"lastAction":4,"status":0},{"playerId":61319,"score":475,"energy":13,"posx":3,"posy":5,"lastAction":4,"status":0},{"playerId":2256302,"score":525,"energy":20,"posx":7,"posy":4,"lastAction":5,"status":0},{"playerId":2241999,"score":475,"energy":30,"posx":3,"posy":5,"lastAction":5,"status":0}],"golds":[{"posx":0,"posy":0,"amount":50},{"posx":3,"posy":1,"amount":400},{"posx":9,"posy":1,"amount":600},{"posx":17,"posy":1,"amount":200},{"posx":12,"posy":2,"amount":600},{"posx":15,"posy":2,"amount":300},{"posx":1,"posy":3,"amount":550},{"posx":14,"posy":3,"amount":700},{"posx":7,"posy":4,"amount":400},{"posx":8,"posy":4,"amount":50},{"posx":12,"posy":4,"amount":50},{"posx":16,"posy":4,"amount":250},{"posx":17,"posy":4,"amount":650},{"posx":3,"posy":5,"amount":150},{"posx":12,"posy":6,"amount":50},{"posx":6,"posy":7,"amount":150},{"posx":8,"posy":7,"amount":100},{"posx":5,"posy":8,"amount":600}],"changedObstacles":[]},{"players":[{"playerId":2299591,"score":525,"energy":12,"posx":3,"posy":5,"lastAction":5,"status":0},{"playerId":61319,"score":525,"energy":8,"posx":3,"posy":5,"lastAction":5,"status":0},{"playerId":2256302,"score":575,"energy":15,"posx":7,"posy":4,"lastAction":5,"status":0},{"playerId":2241999,"score":525,"energy":25,"posx":3,"posy":5,"lastAction":5,"status":0}],"golds":[{"posx":0,"posy":0,"amount":50},{"posx":3,"posy":1,"amount":400},{"posx":9,"posy":1,"amount":600},{"posx":17,"posy":1,"amount":200},{"posx":12,"posy":2,"amount":600},{"posx":15,"posy":2,"amount":300},{"posx":1,"posy":3,"amount":550},{"posx":14,"posy":3,"amount":700},{"posx":7,"posy":4,"amount":350},{"posx":8,"posy":4,"amount":50},{"posx":12,"posy":4,"amount":50},{"posx":16,"posy":4,"amount":250},{"posx":17,"posy":4,"amount":650},{"posx":12,"posy":6,"amount":50},{"posx":6,"posy":7,"amount":150},{"posx":8,"posy":7,"amount":100},{"posx":5,"posy":8,"amount":600}],"changedObstacles":[{"type":0,"posx":3,"posy":5,"value":-1}]},{"players":[{"playerId":2299591,"score":525,"energy":24,"posx":3,"posy":5,"lastAction":4,"status":0},{"playerId":61319,"score":525,"energy":7,"posx":3,"posy":4,"lastAction":2,"status":0},{"playerId":2256302,"score":625,"energy":10,"posx":7,"posy":4,"lastAction":5,"status":0},{"playerId":2241999,"score":525,"energy":24,"posx":3,"posy":4,"lastAction":2,"status":0}],"golds":[{"posx":0,"posy":0,"amount":50},{"posx":3,"posy":1,"amount":400},{"posx":9,"posy":1,"amount":600},{"posx":17,"posy":1,"amount":200},{"posx":12,"posy":2,"amount":600},{"posx":15,"posy":2,"amount":300},{"posx":1,"posy":3,"amount":550},{"posx":14,"posy":3,"amount":700},{"posx":7,"posy":4,"amount":300},{"posx":8,"posy":4,"amount":50},{"posx":12,"posy":4,"amount":50},{"posx":16,"posy":4,"amount":250},{"posx":17,"posy":4,"amount":650},{"posx":12,"posy":6,"amount":50},{"posx":6,"posy":7,"amount":150},{"posx":8,"posy":7,"amount":100},{"posx":5,"posy":8,"amount":600}],"changedObstacles":[]},{"players":[{"playerId":2299591,"score":525,"energy":23,"posx":3,"posy":4,"lastAction":2,"status":0},{"playerId":61319,"score":525,"energy":6,"posx":2,"posy":4,"lastAction":0,"status":0},{"playerId":2256302,"score":675,"energy":5,"posx":7,"posy":4,"lastAction":5,"status":0},{"playerId":2241999,"score":525,"energy":23,"posx":2,"posy":4,"lastAction":0,"status":0}],"golds":[{"posx":0,"posy":0,"amount":50},{"posx":3,"posy":1,"amount":400},{"posx":9,"posy":1,"amount":600},{"posx":17,"posy":1,"amount":200},{"posx":12,"posy":2,"amount":600},{"posx":15,"posy":2,"amount":300},{"posx":1,"posy":3,"amount":550},{"posx":14,"posy":3,"amount":700},{"posx":7,"posy":4,"amount":250},{"posx":8,"posy":4,"amount":50},{"posx":12,"posy":4,"amount":50},{"posx":16,"posy":4,"amount":250},{"posx":17,"posy":4,"amount":650},{"posx":12,"posy":6,"amount":50},{"posx":6,"posy":7,"amount":150},{"posx":8,"posy":7,"amount":100},{"posx":5,"posy":8,"amount":600}],"changedObstacles":[]},{"players":[{"playerId":2299591,"score":525,"energy":22,"posx":2,"posy":4,"lastAction":0,"status":0},{"playerId":61319,"score":525,"energy":5,"posx":1,"posy":4,"lastAction":0,"status":0},{"playerId":2256302,"score":675,"energy":17,"posx":7,"posy":4,"lastAction":4,"status":0},{"playerId":2241999,"score":525,"energy":22,"posx":2,"posy":3,"lastAction":2,"status":0}],"golds":[{"posx":0,"posy":0,"amount":50},{"posx":3,"posy":1,"amount":400},{"posx":9,"posy":1,"amount":600},{"posx":17,"posy":1,"amount":200},{"posx":12,"posy":2,"amount":600},{"posx":15,"posy":2,"amount":300},{"posx":1,"posy":3,"amount":550},{"posx":14,"posy":3,"amount":700},{"posx":7,"posy":4,"amount":250},{"posx":8,"posy":4,"amount":50},{"posx":12,"posy":4,"amount":50},{"posx":16,"posy":4,"amount":250},{"posx":17,"posy":4,"amount":650},{"posx":12,"posy":6,"amount":50},{"posx":6,"posy":7,"amount":150},{"posx":8,"posy":7,"amount":100},{"posx":5,"posy":8,"amount":600}],"changedObstacles":[]},{"players":[{"playerId":2299591,"score":525,"energy":21,"posx":1,"posy":4,"lastAction":0,"status":0},{"playerId":61319,"score":525,"energy":1,"posx":1,"posy":3,"lastAction":2,"status":0},{"playerId":2256302,"score":675,"energy":33,"posx":7,"posy":4,"lastAction":4,"status":0},{"playerId":2241999,"score":525,"energy":18,"posx":1,"posy":3,"lastAction":0,"status":0}],"golds":[{"posx":0,"posy":0,"amount":50},{"posx":3,"posy":1,"amount":400},{"posx":9,"posy":1,"amount":600},{"posx":17,"posy":1,"amount":200},{"posx":12,"posy":2,"amount":600},{"posx":15,"posy":2,"amount":300},{"posx":1,"posy":3,"amount":550},{"posx":14,"posy":3,"amount":700},{"posx":7,"posy":4,"amount":250},{"posx":8,"posy":4,"amount":50},{"posx":12,"posy":4,"amount":50},{"posx":16,"posy":4,"amount":250},{"posx":17,"posy":4,"amount":650},{"posx":12,"posy":6,"amount":50},{"posx":6,"posy":7,"amount":150},{"posx":8,"posy":7,"amount":100},{"posx":5,"posy":8,"amount":600}],"changedObstacles":[]},{"players":[{"playerId":2299591,"score":525,"energy":17,"posx":1,"posy":3,"lastAction":2,"status":0},{"playerId":61319,"score":525,"energy":13,"posx":1,"posy":3,"lastAction":4,"status":0},{"playerId":2256302,"score":675,"energy":50,"posx":7,"posy":4,"lastAction":4,"status":0},{"playerId":2241999,"score":575,"energy":13,"posx":1,"posy":3,"lastAction":5,"status":0}],"golds":[{"posx":0,"posy":0,"amount":50},{"posx":3,"posy":1,"amount":400},{"posx":9,"posy":1,"amount":600},{"posx":17,"posy":1,"amount":200},{"posx":12,"posy":2,"amount":600},{"posx":15,"posy":2,"amount":300},{"posx":1,"posy":3,"amount":500},{"posx":14,"posy":3,"amount":700},{"posx":7,"posy":4,"amount":250},{"posx":8,"posy":4,"amount":50},{"posx":12,"posy":4,"amount":50},{"posx":16,"posy":4,"amount":250},{"posx":17,"posy":4,"amount":650},{"posx":12,"posy":6,"amount":50},{"posx":6,"posy":7,"amount":150},{"posx":8,"posy":7,"amount":100},{"posx":5,"posy":8,"amount":600}],"changedObstacles":[]},{"players":[{"playerId":2299591,"score":575,"energy":12,"posx":1,"posy":3,"lastAction":5,"status":0},{"playerId":61319,"score":525,"energy":29,"posx":1,"posy":3,"lastAction":4,"status":0},{"playerId":2256302,"score":725,"energy":45,"posx":7,"posy":4,"lastAction":5,"status":0},{"playerId":2241999,"score":625,"energy":8,"posx":1,"posy":3,"lastAction":5,"status":0}],"golds":[{"posx":0,"posy":0,"amount":50},{"posx":3,"posy":1,"amount":400},{"posx":9,"posy":1,"amount":600},{"posx":17,"posy":1,"amount":200},{"posx":12,"posy":2,"amount":600},{"posx":15,"posy":2,"amount":300},{"posx":1,"posy":3,"amount":400},{"posx":14,"posy":3,"amount":700},{"posx":7,"posy":4,"amount":200},{"posx":8,"posy":4,"amount":50},{"posx":12,"posy":4,"amount":50},{"posx":16,"posy":4,"amount":250},{"posx":17,"posy":4,"amount":650},{"posx":12,"posy":6,"amount":50},{"posx":6,"posy":7,"amount":150},{"posx":8,"posy":7,"amount":100},{"posx":5,"posy":8,"amount":600}],"changedObstacles":[]},{"players":[{"playerId":2299591,"score":625,"energy":7,"posx":1,"posy":3,"lastAction":5,"status":0},{"playerId":61319,"score":575,"energy":24,"posx":1,"posy":3,"lastAction":5,"status":0},{"playerId":2256302,"score":775,"energy":40,"posx":7,"posy":4,"lastAction":5,"status":0},{"playerId":2241999,"score":675,"energy":3,"posx":1,"posy":3,"lastAction":5,"status":0}],"golds":[{"posx":0,"posy":0,"amount":50},{"posx":3,"posy":1,"amount":400},{"posx":9,"posy":1,"amount":600},{"posx":17,"posy":1,"amount":200},{"posx":12,"posy":2,"amount":600},{"posx":15,"posy":2,"amount":300},{"posx":1,"posy":3,"amount":250},{"posx":14,"posy":3,"amount":700},{"posx":7,"posy":4,"amount":150},{"posx":8,"posy":4,"amount":50},{"posx":12,"posy":4,"amount":50},{"posx":16,"posy":4,"amount":250},{"posx":17,"posy":4,"amount":650},{"posx":12,"posy":6,"amount":50},{"posx":6,"posy":7,"amount":150},{"posx":8,"posy":7,"amount":100},{"posx":5,"posy":8,"amount":600}],"changedObstacles":[]},{"players":[{"playerId":2299591,"score":675,"energy":2,"posx":1,"posy":3,"lastAction":5,"status":0},{"playerId":61319,"score":625,"energy":19,"posx":1,"posy":3,"lastAction":5,"status":0},{"playerId":2256302,"score":825,"energy":35,"posx":7,"posy":4,"lastAction":5,"status":0},{"playerId":2241999,"score":675,"energy":15,"posx":1,"posy":3,"lastAction":4,"status":0}],"golds":[{"posx":0,"posy":0,"amount":50},{"posx":3,"posy":1,"amount":400},{"posx":9,"posy":1,"amount":600},{"posx":17,"posy":1,"amount":200},{"posx":12,"posy":2,"amount":600},{"posx":15,"posy":2,"amount":300},{"posx":1,"posy":3,"amount":150},{"posx":14,"posy":3,"amount":700},{"posx":7,"posy":4,"amount":100},{"posx":8,"posy":4,"amount":50},{"posx":12,"posy":4,"amount":50},{"posx":16,"posy":4,"amount":250},{"posx":17,"posy":4,"amount":650},{"posx":12,"posy":6,"amount":50},{"posx":6,"posy":7,"amount":150},{"posx":8,"posy":7,"amount":100},{"posx":5,"posy":8,"amount":600}],"changedObstacles":[]},{"players":[{"playerId":2299591,"score":675,"energy":14,"posx":1,"posy":3,"lastAction":4,"status":0},{"playerId":61319,"score":675,"energy":14,"posx":1,"posy":3,"lastAction":5,"status":0},{"playerId":2256302,"score":875,"energy":30,"posx":7,"posy":4,"lastAction":5,"status":0},{"playerId":2241999,"score":725,"energy":10,"posx":1,"posy":3,"lastAction":5,"status":0}],"golds":[{"posx":0,"posy":0,"amount":50},{"posx":3,"posy":1,"amount":400},{"posx":9,"posy":1,"amount":600},{"posx":17,"posy":1,"amount":200},{"posx":12,"posy":2,"amount":600},{"posx":15,"posy":2,"amount":300},{"posx":1,"posy":3,"amount":50},{"posx":14,"posy":3,"amount":700},{"posx":7,"posy":4,"amount":50},{"posx":8,"posy":4,"amount":50},{"posx":12,"posy":4,"amount":50},{"posx":16,"posy":4,"amount":250},{"posx":17,"posy":4,"amount":650},{"posx":12,"posy":6,"amount":50},{"posx":6,"posy":7,"amount":150},{"posx":8,"posy":7,"amount":100},{"posx":5,"posy":8,"amount":600}],"changedObstacles":[]},{"players":[{"playerId":2299591,"score":692,"energy":9,"posx":1,"posy":3,"lastAction":5,"status":0},{"playerId":61319,"score":692,"energy":9,"posx":1,"posy":3,"lastAction":5,"status":0},{"playerId":2256302,"score":925,"energy":25,"posx":7,"posy":4,"lastAction":5,"status":0},{"playerId":2241999,"score":742,"energy":5,"posx":1,"posy":3,"lastAction":5,"status":0}],"golds":[{"posx":0,"posy":0,"amount":50},{"posx":3,"posy":1,"amount":400},{"posx":9,"posy":1,"amount":600},{"posx":17,"posy":1,"amount":200},{"posx":12,"posy":2,"amount":600},{"posx":15,"posy":2,"amount":300},{"posx":14,"posy":3,"amount":700},{"posx":8,"posy":4,"amount":50},{"posx":12,"posy":4,"amount":50},{"posx":16,"posy":4,"amount":250},{"posx":17,"posy":4,"amount":650},{"posx":12,"posy":6,"amount":50},{"posx":6,"posy":7,"amount":150},{"posx":8,"posy":7,"amount":100},{"posx":5,"posy":8,"amount":600}],"changedObstacles":[{"type":0,"posx":1,"posy":3,"value":-1},{"type":0,"posx":7,"posy":4,"value":-1}]},{"players":[{"playerId":2299591,"score":692,"energy":21,"posx":1,"posy":3,"lastAction":4,"status":0},{"playerId":61319,"score":692,"energy":8,"posx":2,"posy":3,"lastAction":1,"status":0},{"playerId":2256302,"score":925,"energy":21,"posx":8,"posy":4,"lastAction":1,"status":0},{"playerId":2241999,"score":742,"energy":4,"posx":2,"posy":3,"lastAction":1,"status":0}],"golds":[{"posx":0,"posy":0,"amount":50},{"posx":3,"posy":1,"amount":400},{"posx":9,"posy":1,"amount":600},{"posx":17,"posy":1,"amount":200},{"posx":12,"posy":2,"amount":600},{"posx":15,"posy":2,"amount":300},{"posx":14,"posy":3,"amount":700},{"posx":8,"posy":4,"amount":50},{"posx":12,"posy":4,"amount":50},{"posx":16,"posy":4,"amount":250},{"posx":17,"posy":4,"amount":650},{"posx":12,"posy":6,"amount":50},{"posx":6,"posy":7,"amount":150},{"posx":8,"posy":7,"amount":100},{"posx":5,"posy":8,"amount":600}],"changedObstacles":[]},{"players":[{"playerId":2299591,"score":692,"energy":20,"posx":2,"posy":3,"lastAction":1,"status":0},{"playerId":61319,"score":692,"energy":7,"posx":2,"posy":2,"lastAction":2,"status":0},{"playerId":2256302,"score":975,"energy":16,"posx":8,"posy":4,"lastAction":5,"status":0},{"playerId":2241999,"score":742,"energy":3,"posx":2,"posy":2,"lastAction":2,"status":0}],"golds":[{"posx":0,"posy":0,"amount":50},{"posx":3,"posy":1,"amount":400},{"posx":9,"posy":1,"amount":600},{"posx":17,"posy":1,"amount":200},{"posx":12,"posy":2,"amount":600},{"posx":15,"posy":2,"amount":300},{"posx":14,"posy":3,"amount":700},{"posx":12,"posy":4,"amount":50},{"posx":16,"posy":4,"amount":250},{"posx":17,"posy":4,"amount":650},{"posx":12,"posy":6,"amount":50},{"posx":6,"posy":7,"amount":150},{"posx":8,"posy":7,"amount":100},{"posx":5,"posy":8,"amount":600}],"changedObstacles":[{"type":0,"posx":8,"posy":4,"value":-1}]},{"players":[{"playerId":2299591,"score":692,"energy":19,"posx":2,"posy":2,"lastAction":2,"status":0},{"playerId":61319,"score":692,"energy":6,"posx":3,"posy":2,"lastAction":1,"status":0},{"playerId":2256302,"score":975,"energy":15,"posx":9,"posy":4,"lastAction":1,"status":0},{"playerId":2241999,"score":742,"energy":2,"posx":2,"posy":1,"lastAction":2,"status":0}],"golds":[{"posx":0,"posy":0,"amount":50},{"posx":3,"posy":1,"amount":400},{"posx":9,"posy":1,"amount":600},{"posx":17,"posy":1,"amount":200},{"posx":12,"posy":2,"amount":600},{"posx":15,"posy":2,"amount":300},{"posx":14,"posy":3,"amount":700},{"posx":12,"posy":4,"amount":50},{"posx":16,"posy":4,"amount":250},{"posx":17,"posy":4,"amount":650},{"posx":12,"posy":6,"amount":50},{"posx":6,"posy":7,"amount":150},{"posx":8,"posy":7,"amount":100},{"posx":5,"posy":8,"amount":600}],"changedObstacles":[]},{"players":[{"playerId":2299591,"score":692,"energy":31,"posx":2,"posy":2,"lastAction":4,"status":0},{"playerId":61319,"score":692,"energy":2,"posx":3,"posy":1,"lastAction":2,"status":0},{"playerId":2256302,"score":975,"energy":5,"posx":10,"posy":4,"lastAction":1,"status":0},{"playerId":2241999,"score":742,"energy":14,"posx":2,"posy":1,"lastAction":4,"status":0}],"golds":[{"posx":0,"posy":0,"amount":50},{"posx":3,"posy":1,"amount":400},{"posx":9,"posy":1,"amount":600},{"posx":17,"posy":1,"amount":200},{"posx":12,"posy":2,"amount":600},{"posx":15,"posy":2,"amount":300},{"posx":14,"posy":3,"amount":700},{"posx":12,"posy":4,"amount":50},{"posx":16,"posy":4,"amount":250},{"posx":17,"posy":4,"amount":650},{"posx":12,"posy":6,"amount":50},{"posx":6,"posy":7,"amount":150},{"posx":8,"posy":7,"amount":100},{"posx":5,"posy":8,"amount":600}],"changedObstacles":[{"type":0,"posx":10,"posy":4,"value":-1}]},{"players":[{"playerId":2299591,"score":692,"energy":30,"posx":2,"posy":1,"lastAction":2,"status":0},{"playerId":61319,"score":692,"energy":14,"posx":3,"posy":1,"lastAction":4,"status":0},{"playerId":2256302,"score":975,"energy":4,"posx":11,"posy":4,"lastAction":1,"status":0},{"playerId":2241999,"score":742,"energy":30,"posx":2,"posy":1,"lastAction":4,"status":0}],"golds":[{"posx":0,"posy":0,"amount":50},{"posx":3,"posy":1,"amount":400},{"posx":9,"posy":1,"amount":600},{"posx":17,"posy":1,"amount":200},{"posx":12,"posy":2,"amount":600},{"posx":15,"posy":2,"amount":300},{"posx":14,"posy":3,"amount":700},{"posx":12,"posy":4,"amount":50},{"posx":16,"posy":4,"amount":250},{"posx":17,"posy":4,"amount":650},{"posx":12,"posy":6,"amount":50},{"posx":6,"posy":7,"amount":150},{"posx":8,"posy":7,"amount":100},{"posx":5,"posy":8,"amount":600}],"changedObstacles":[]},{"players":[{"playerId":2299591,"score":692,"energy":26,"posx":3,"posy":1,"lastAction":1,"status":0},{"playerId":61319,"score":692,"energy":30,"posx":3,"posy":1,"lastAction":4,"status":0},{"playerId":2256302,"score":975,"energy":16,"posx":11,"posy":4,"lastAction":4,"status":0},{"playerId":2241999,"score":742,"energy":50,"posx":2,"posy":1,"lastAction":4,"status":0}],"golds":[{"posx":0,"posy":0,"amount":50},{"posx":3,"posy":1,"amount":400},{"posx":9,"posy":1,"amount":600},{"posx":17,"posy":1,"amount":200},{"posx":12,"posy":2,"amount":600},{"posx":15,"posy":2,"amount":300},{"posx":14,"posy":3,"amount":700},{"posx":12,"posy":4,"amount":50},{"posx":16,"posy":4,"amount":250},{"posx":17,"posy":4,"amount":650},{"posx":12,"posy":6,"amount":50},{"posx":6,"posy":7,"amount":150},{"posx":8,"posy":7,"amount":100},{"posx":5,"posy":8,"amount":600}],"changedObstacles":[]},{"players":[{"playerId":2299591,"score":742,"energy":21,"posx":3,"posy":1,"lastAction":5,"status":0},{"playerId":61319,"score":742,"energy":25,"posx":3,"posy":1,"lastAction":5,"status":0},{"playerId":2256302,"score":975,"energy":32,"posx":11,"posy":4,"lastAction":4,"status":0},{"playerId":2241999,"score":742,"energy":46,"posx":3,"posy":1,"lastAction":1,"status":0}],"golds":[{"posx":0,"posy":0,"amount":50},{"posx":3,"posy":1,"amount":300},{"posx":9,"posy":1,"amount":600},{"posx":17,"posy":1,"amount":200},{"posx":12,"posy":2,"amount":600},{"posx":15,"posy":2,"amount":300},{"posx":14,"posy":3,"amount":700},{"posx":12,"posy":4,"amount":50},{"posx":16,"posy":4,"amount":250},{"posx":17,"posy":4,"amount":650},{"posx":12,"posy":6,"amount":50},{"posx":6,"posy":7,"amount":150},{"posx":8,"posy":7,"amount":100},{"posx":5,"posy":8,"amount":600}],"changedObstacles":[]},{"players":[{"playerId":2299591,"score":792,"energy":16,"posx":3,"posy":1,"lastAction":5,"status":0},{"playerId":61319,"score":792,"energy":20,"posx":3,"posy":1,"lastAction":5,"status":0},{"playerId":2256302,"score":975,"energy":50,"posx":11,"posy":4,"lastAction":4,"status":0},{"playerId":2241999,"score":792,"energy":41,"posx":3,"posy":1,"lastAction":5,"status":0}],"golds":[{"posx":0,"posy":0,"amount":50},{"posx":3,"posy":1,"amount":150},{"posx":9,"posy":1,"amount":600},{"posx":17,"posy":1,"amount":200},{"posx":12,"posy":2,"amount":600},{"posx":15,"posy":2,"amount":300},{"posx":14,"posy":3,"amount":700},{"posx":12,"posy":4,"amount":50},{"posx":16,"posy":4,"amount":250},{"posx":17,"posy":4,"amount":650},{"posx":12,"posy":6,"amount":50},{"posx":6,"posy":7,"amount":150},{"posx":8,"posy":7,"amount":100},{"posx":5,"posy":8,"amount":600}],"changedObstacles":[]},{"players":[{"playerId":2299591,"score":842,"energy":11,"posx":3,"posy":1,"lastAction":5,"status":0},{"playerId":61319,"score":842,"energy":15,"posx":3,"posy":1,"lastAction":5,"status":0},{"playerId":2256302,"score":975,"energy":46,"posx":12,"posy":4,"lastAction":1,"status":0},{"playerId":2241999,"score":842,"energy":36,"posx":3,"posy":1,"lastAction":5,"status":0}],"golds":[{"posx":0,"posy":0,"amount":50},{"posx":9,"posy":1,"amount":600},{"posx":17,"posy":1,"amount":200},{"posx":12,"posy":2,"amount":600},{"posx":15,"posy":2,"amount":300},{"posx":14,"posy":3,"amount":700},{"posx":12,"posy":4,"amount":50},{"posx":16,"posy":4,"amount":250},{"posx":17,"posy":4,"amount":650},{"posx":12,"posy":6,"amount":50},{"posx":6,"posy":7,"amount":150},{"posx":8,"posy":7,"amount":100},{"posx":5,"posy":8,"amount":600}],"changedObstacles":[{"type":0,"posx":3,"posy":1,"value":-1}]},{"players":[{"playerId":2299591,"score":842,"energy":23,"posx":3,"posy":1,"lastAction":4,"status":0},{"playerId":61319,"score":842,"energy":27,"posx":3,"posy":1,"lastAction":4,"status":0},{"playerId":2256302,"score":1025,"energy":41,"posx":12,"posy":4,"lastAction":5,"status":0},{"playerId":2241999,"score":842,"energy":30,"posx":4,"posy":1,"lastAction":1,"status":0}],"golds":[{"posx":0,"posy":0,"amount":50},{"posx":9,"posy":1,"amount":600},{"posx":17,"posy":1,"amount":200},{"posx":12,"posy":2,"amount":600},{"posx":15,"posy":2,"amount":300},{"posx":14,"posy":3,"amount":700},{"posx":16,"posy":4,"amount":250},{"posx":17,"posy":4,"amount":650},{"posx":12,"posy":6,"amount":50},{"posx":6,"posy":7,"amount":150},{"posx":8,"posy":7,"amount":100},{"posx":5,"posy":8,"amount":600}],"changedObstacles":[{"type":0,"posx":12,"posy":4,"value":-1}]},{"players":[{"playerId":2299591,"score":842,"energy":22,"posx":3,"posy":2,"lastAction":3,"status":0},{"playerId":61319,"score":842,"energy":13,"posx":4,"posy":1,"lastAction":1,"status":0},{"playerId":2256302,"score":1025,"energy":40,"posx":12,"posy":3,"lastAction":2,"status":0},{"playerId":2241999,"score":842,"energy":25,"posx":5,"posy":1,"lastAction":1,"status":0}],"golds":[{"posx":0,"posy":0,"amount":50},{"posx":9,"posy":1,"amount":600},{"posx":17,"posy":1,"amount":200},{"posx":12,"posy":2,"amount":600},{"posx":15,"posy":2,"amount":300},{"posx":14,"posy":3,"amount":700},{"posx":16,"posy":4,"amount":250},{"posx":17,"posy":4,"amount":650},{"posx":12,"posy":6,"amount":50},{"posx":6,"posy":7,"amount":150},{"posx":8,"posy":7,"amount":100},{"posx":5,"posy":8,"amount":600}],"changedObstacles":[{"type":3,"posx":5,"posy":1,"value":-20}]},{"players":[{"playerId":2299591,"score":842,"energy":17,"posx":4,"posy":2,"lastAction":1,"status":0},{"playerId":61319,"score":842,"energy":25,"posx":4,"posy":1,"lastAction":4,"status":0},{"playerId":2256302,"score":1025,"energy":36,"posx":12,"posy":2,"lastAction":2,"status":0},{"playerId":2241999,"score":842,"energy":24,"posx":6,"posy":1,"lastAction":1,"status":0}],"golds":[{"posx":0,"posy":0,"amount":50},{"posx":9,"posy":1,"amount":600},{"posx":17,"posy":1,"amount":200},{"posx":12,"posy":2,"amount":600},{"posx":15,"posy":2,"amount":300},{"posx":14,"posy":3,"amount":700},{"posx":16,"posy":4,"amount":250},{"posx":17,"posy":4,"amount":650},{"posx":12,"posy":6,"amount":50},{"posx":6,"posy":7,"amount":150},{"posx":8,"posy":7,"amount":100},{"posx":5,"posy":8,"amount":600}],"changedObstacles":[{"type":3,"posx":4,"posy":2,"value":-20}]},{"players":[{"playerId":2299591,"score":842,"energy":29,"posx":4,"posy":2,"lastAction":4,"status":0},{"playerId":61319,"score":842,"energy":5,"posx":5,"posy":1,"lastAction":1,"status":0},{"playerId":2256302,"score":1075,"energy":31,"posx":12,"posy":2,"lastAction":5,"status":0},{"playerId":2241999,"score":842,"energy":19,"posx":7,"posy":1,"lastAction":1,"status":0}],"golds":[{"posx":0,"posy":0,"amount":50},{"posx":9,"posy":1,"amount":600},{"posx":17,"posy":1,"amount":200},{"posx":12,"posy":2,"amount":550},{"posx":15,"posy":2,"amount":300},{"posx":14,"posy":3,"amount":700},{"posx":16,"posy":4,"amount":250},{"posx":17,"posy":4,"amount":650},{"posx":12,"posy":6,"amount":50},{"posx":6,"posy":7,"amount":150},{"posx":8,"posy":7,"amount":100},{"posx":5,"posy":8,"amount":600}],"changedObstacles":[{"type":3,"posx":5,"posy":1,"value":-40}]},{"players":[{"playerId":2299591,"score":842,"energy":28,"posx":5,"posy":2,"lastAction":1,"status":0},{"playerId":61319,"score":842,"energy":4,"posx":6,"posy":1,"lastAction":1,"status":0},{"playerId":2256302,"score":1125,"energy":26,"posx":12,"posy":2,"lastAction":5,"status":0},{"playerId":2241999,"score":842,"energy":18,"posx":8,"posy":1,"lastAction":1,"status":0}],"golds":[{"posx":0,"posy":0,"amount":50},{"posx":9,"posy":1,"amount":600},{"posx":17,"posy":1,"amount":200},{"posx":12,"posy":2,"amount":500},{"posx":15,"posy":2,"amount":300},{"posx":14,"posy":3,"amount":700},{"posx":16,"posy":4,"amount":250},{"posx":17,"posy":4,"amount":650},{"posx":12,"posy":6,"amount":50},{"posx":6,"posy":7,"amount":150},{"posx":8,"posy":7,"amount":100},{"posx":5,"posy":8,"amount":600}],"changedObstacles":[]},{"players":[{"playerId":2299591,"score":842,"energy":18,"posx":6,"posy":2,"lastAction":1,"status":0},{"playerId":61319,"score":842,"energy":16,"posx":6,"posy":1,"lastAction":4,"status":0},{"playerId":2256302,"score":1175,"energy":21,"posx":12,"posy":2,"lastAction":5,"status":0},{"playerId":2241999,"score":842,"energy":14,"posx":9,"posy":1,"lastAction":1,"status":0}],"golds":[{"posx":0,"posy":0,"amount":50},{"posx":9,"posy":1,"amount":600},{"posx":17,"posy":1,"amount":200},{"posx":12,"posy":2,"amount":450},{"posx":15,"posy":2,"amount":300},{"posx":14,"posy":3,"amount":700},{"posx":16,"posy":4,"amount":250},{"posx":17,"posy":4,"amount":650},{"posx":12,"posy":6,"amount":50},{"posx":6,"posy":7,"amount":150},{"posx":8,"posy":7,"amount":100},{"posx":5,"posy":8,"amount":600}],"changedObstacles":[{"type":0,"posx":6,"posy":2,"value":-1}]},{"players":[{"playerId":2299591,"score":842,"energy":30,"posx":6,"posy":2,"lastAction":4,"status":0},{"playerId":61319,"score":842,"energy":32,"posx":6,"posy":1,"lastAction":4,"status":0},{"playerId":2256302,"score":1225,"energy":16,"posx":12,"posy":2,"lastAction":5,"status":0},{"playerId":2241999,"score":892,"energy":9,"posx":9,"posy":1,"lastAction":5,"status":0}],"golds":[{"posx":0,"posy":0,"amount":50},{"posx":9,"posy":1,"amount":550},{"posx":17,"posy":1,"amount":200},{"posx":12,"posy":2,"amount":400},{"posx":15,"posy":2,"amount":300},{"posx":14,"posy":3,"amount":700},{"posx":16,"posy":4,"amount":250},{"posx":17,"posy":4,"amount":650},{"posx":12,"posy":6,"amount":50},{"posx":6,"posy":7,"amount":150},{"posx":8,"posy":7,"amount":100},{"posx":5,"posy":8,"amount":600}],"changedObstacles":[]},{"players":[{"playerId":2299591,"score":842,"energy":29,"posx":7,"posy":2,"lastAction":1,"status":0},{"playerId":61319,"score":842,"energy":31,"posx":6,"posy":2,"lastAction":3,"status":0},{"playerId":2256302,"score":1275,"energy":11,"posx":12,"posy":2,"lastAction":5,"status":0},{"playerId":2241999,"score":942,"energy":4,"posx":9,"posy":1,"lastAction":5,"status":0}],"golds":[{"posx":0,"posy":0,"amount":50},{"posx":9,"posy":1,"amount":500},{"posx":17,"posy":1,"amount":200},{"posx":12,"posy":2,"amount":350},{"posx":15,"posy":2,"amount":300},{"posx":14,"posy":3,"amount":700},{"posx":16,"posy":4,"amount":250},{"posx":17,"posy":4,"amount":650},{"posx":12,"posy":6,"amount":50},{"posx":6,"posy":7,"amount":150},{"posx":8,"posy":7,"amount":100},{"posx":5,"posy":8,"amount":600}],"changedObstacles":[]},{"players":[{"playerId":2299591,"score":842,"energy":28,"posx":8,"posy":2,"lastAction":1,"status":0},{"playerId":61319,"score":842,"energy":30,"posx":5,"posy":2,"lastAction":0,"status":0},{"playerId":2256302,"score":1325,"energy":6,"posx":12,"posy":2,"lastAction":5,"status":0},{"playerId":2241999,"score":942,"energy":16,"posx":9,"posy":1,"lastAction":4,"status":0}],"golds":[{"posx":0,"posy":0,"amount":50},{"posx":9,"posy":1,"amount":500},{"posx":17,"posy":1,"amount":200},{"posx":12,"posy":2,"amount":300},{"posx":15,"posy":2,"amount":300},{"posx":14,"posy":3,"amount":700},{"posx":16,"posy":4,"amount":250},{"posx":17,"posy":4,"amount":650},{"posx":12,"posy":6,"amount":50},{"posx":6,"posy":7,"amount":150},{"posx":8,"posy":7,"amount":100},{"posx":5,"posy":8,"amount":600}],"changedObstacles":[]},{"players":[{"playerId":2299591,"score":842,"energy":27,"posx":8,"posy":1,"lastAction":2,"status":0},{"playerId":61319,"score":842,"energy":29,"posx":5,"posy":3,"lastAction":3,"status":0},{"playerId":2256302,"score":1375,"energy":1,"posx":12,"posy":2,"lastAction":5,"status":0},{"playerId":2241999,"score":992,"energy":11,"posx":9,"posy":1,"lastAction":5,"status":0}],"golds":[{"posx":0,"posy":0,"amount":50},{"posx":9,"posy":1,"amount":450},{"posx":17,"posy":1,"amount":200},{"posx":12,"posy":2,"amount":250},{"posx":15,"posy":2,"amount":300},{"posx":14,"posy":3,"amount":700},{"posx":16,"posy":4,"amount":250},{"posx":17,"posy":4,"amount":650},{"posx":12,"posy":6,"amount":50},{"posx":6,"posy":7,"amount":150},{"posx":8,"posy":7,"amount":100},{"posx":5,"posy":8,"amount":600}],"changedObstacles":[]},{"players":[{"playerId":2299591,"score":842,"energy":23,"posx":9,"posy":1,"lastAction":1,"status":0},{"playerId":61319,"score":842,"energy":9,"posx":5,"posy":4,"lastAction":3,"status":0},{"playerId":2256302,"score":1375,"energy":13,"posx":12,"posy":2,"lastAction":4,"status":0},{"playerId":2241999,"score":1042,"energy":6,"posx":9,"posy":1,"lastAction":5,"status":0}],"golds":[{"posx":0,"posy":0,"amount":50},{"posx":9,"posy":1,"amount":400},{"posx":17,"posy":1,"amount":200},{"posx":12,"posy":2,"amount":250},{"posx":15,"posy":2,"amount":300},{"posx":14,"posy":3,"amount":700},{"posx":16,"posy":4,"amount":250},{"posx":17,"posy":4,"amount":650},{"posx":12,"posy":6,"amount":50},{"posx":6,"posy":7,"amount":150},{"posx":8,"posy":7,"amount":100},{"posx":5,"posy":8,"amount":600}],"changedObstacles":[{"type":3,"posx":5,"posy":4,"value":-40}]},{"players":[{"playerId":2299591,"score":892,"energy":18,"posx":9,"posy":1,"lastAction":5,"status":0},{"playerId":61319,"score":842,"energy":8,"posx":5,"posy":5,"lastAction":3,"status":0},{"playerId":2256302,"score":1375,"energy":29,"posx":12,"posy":2,"lastAction":4,"status":0},{"playerId":2241999,"score":1092,"energy":1,"posx":9,"posy":1,"lastAction":5,"status":0}],"golds":[{"posx":0,"posy":0,"amount":50},{"posx":9,"posy":1,"amount":300},{"posx":17,"posy":1,"amount":200},{"posx":12,"posy":2,"amount":250},{"posx":15,"posy":2,"amount":300},{"posx":14,"posy":3,"amount":700},{"posx":16,"posy":4,"amount":250},{"posx":17,"posy":4,"amount":650},{"posx":12,"posy":6,"amount":50},{"posx":6,"posy":7,"amount":150},{"posx":8,"posy":7,"amount":100},{"posx":5,"posy":8,"amount":600}],"changedObstacles":[]},{"players":[{"playerId":2299591,"score":942,"energy":13,"posx":9,"posy":1,"lastAction":5,"status":0},{"playerId":61319,"score":842,"energy":20,"posx":5,"posy":5,"lastAction":4,"status":0},{"playerId":2256302,"score":1375,"energy":50,"posx":12,"posy":2,"lastAction":4,"status":0},{"playerId":2241999,"score":1092,"energy":13,"posx":9,"posy":1,"lastAction":4,"status":0}],"golds":[{"posx":0,"posy":0,"amount":50},{"posx":9,"posy":1,"amount":250},{"posx":17,"posy":1,"amount":200},{"posx":12,"posy":2,"amount":250},{"posx":15,"posy":2,"amount":300},{"posx":14,"posy":3,"amount":700},{"posx":16,"posy":4,"amount":250},{"posx":17,"posy":4,"amount":650},{"posx":12,"posy":6,"amount":50},{"posx":6,"posy":7,"amount":150},{"posx":8,"posy":7,"amount":100},{"posx":5,"posy":8,"amount":600}],"changedObstacles":[]},{"players":[{"playerId":2299591,"score":992,"energy":8,"posx":9,"posy":1,"lastAction":5,"status":0},{"playerId":61319,"score":842,"energy":10,"posx":5,"posy":6,"lastAction":3,"status":0},{"playerId":2256302,"score":1425,"energy":45,"posx":12,"posy":2,"lastAction":5,"status":0},{"playerId":2241999,"score":1142,"energy":8,"posx":9,"posy":1,"lastAction":5,"status":0}],"golds":[{"posx":0,"posy":0,"amount":50},{"posx":9,"posy":1,"amount":150},{"posx":17,"posy":1,"amount":200},{"posx":12,"posy":2,"amount":200},{"posx":15,"posy":2,"amount":300},{"posx":14,"posy":3,"amount":700},{"posx":16,"posy":4,"amount":250},{"posx":17,"posy":4,"amount":650},{"posx":12,"posy":6,"amount":50},{"posx":6,"posy":7,"amount":150},{"posx":8,"posy":7,"amount":100},{"posx":5,"posy":8,"amount":600}],"changedObstacles":[{"type":0,"posx":5,"posy":6,"value":-1}]},{"players":[{"playerId":2299591,"score":1042,"energy":3,"posx":9,"posy":1,"lastAction":5,"status":0},{"playerId":61319,"score":842,"energy":9,"posx":5,"posy":7,"lastAction":3,"status":0},{"playerId":2256302,"score":1475,"energy":40,"posx":12,"posy":2,"lastAction":5,"status":0},{"playerId":2241999,"score":1192,"energy":3,"posx":9,"posy":1,"lastAction":5,"status":0}],"golds":[{"posx":0,"posy":0,"amount":50},{"posx":9,"posy":1,"amount":50},{"posx":17,"posy":1,"amount":200},{"posx":12,"posy":2,"amount":150},{"posx":15,"posy":2,"amount":300},{"posx":14,"posy":3,"amount":700},{"posx":16,"posy":4,"amount":250},{"posx":17,"posy":4,"amount":650},{"posx":12,"posy":6,"amount":50},{"posx":6,"posy":7,"amount":150},{"posx":8,"posy":7,"amount":100},{"posx":5,"posy":8,"amount":600}],"changedObstacles":[]},{"players":[{"playerId":2299591,"score":1042,"energy":15,"posx":9,"posy":1,"lastAction":4,"status":0},{"playerId":61319,"score":842,"energy":5,"posx":5,"posy":8,"lastAction":3,"status":0},{"playerId":2256302,"score":1525,"energy":35,"posx":12,"posy":2,"lastAction":5,"status":0},{"playerId":2241999,"score":1192,"energy":15,"posx":9,"posy":1,"lastAction":4,"status":0}],"golds":[{"posx":0,"posy":0,"amount":50},{"posx":9,"posy":1,"amount":50},{"posx":17,"posy":1,"amount":200},{"posx":12,"posy":2,"amount":100},{"posx":15,"posy":2,"amount":300},{"posx":14,"posy":3,"amount":700},{"posx":16,"posy":4,"amount":250},{"posx":17,"posy":4,"amount":650},{"posx":12,"posy":6,"amount":50},{"posx":6,"posy":7,"amount":150},{"posx":8,"posy":7,"amount":100},{"posx":5,"posy":8,"amount":600}],"changedObstacles":[]},{"players":[{"playerId":2299591,"score":1067,"energy":10,"posx":9,"posy":1,"lastAction":5,"status":0},{"playerId":61319,"score":842,"energy":17,"posx":5,"posy":8,"lastAction":4,"status":0},{"playerId":2256302,"score":1575,"energy":30,"posx":12,"posy":2,"lastAction":5,"status":0},{"playerId":2241999,"score":1217,"energy":10,"posx":9,"posy":1,"lastAction":5,"status":0}],"golds":[{"posx":0,"posy":0,"amount":50},{"posx":17,"posy":1,"amount":200},{"posx":12,"posy":2,"amount":50},{"posx":15,"posy":2,"amount":300},{"posx":14,"posy":3,"amount":700},{"posx":16,"posy":4,"amount":250},{"posx":17,"posy":4,"amount":650},{"posx":12,"posy":6,"amount":50},{"posx":6,"posy":7,"amount":150},{"posx":8,"posy":7,"amount":100},{"posx":5,"posy":8,"amount":600}],"changedObstacles":[{"type":0,"posx":9,"posy":1,"value":-1}]},{"players":[{"playerId":2299591,"score":1067,"energy":22,"posx":9,"posy":1,"lastAction":4,"status":0},{"playerId":61319,"score":892,"energy":12,"posx":5,"posy":8,"lastAction":5,"status":0},{"playerId":2256302,"score":1625,"energy":25,"posx":12,"posy":2,"lastAction":5,"status":0},{"playerId":2241999,"score":1217,"energy":22,"posx":9,"posy":1,"lastAction":4,"status":0}],"golds":[{"posx":0,"posy":0,"amount":50},{"posx":17,"posy":1,"amount":200},{"posx":15,"posy":2,"amount":300},{"posx":14,"posy":3,"amount":700},{"posx":16,"posy":4,"amount":250},{"posx":17,"posy":4,"amount":650},{"posx":12,"posy":6,"amount":50},{"posx":6,"posy":7,"amount":150},{"posx":8,"posy":7,"amount":100},{"posx":5,"posy":8,"amount":550}],"changedObstacles":[{"type":0,"posx":12,"posy":2,"value":-1}]},{"players":[{"playerId":2299591,"score":1067,"energy":21,"posx":8,"posy":1,"lastAction":0,"status":0},{"playerId":61319,"score":942,"energy":7,"posx":5,"posy":8,"lastAction":5,"status":0},{"playerId":2256302,"score":1625,"energy":24,"posx":12,"posy":3,"lastAction":3,"status":0},{"playerId":2241999,"score":1217,"energy":38,"posx":9,"posy":1,"lastAction":4,"status":0}],"golds":[{"posx":0,"posy":0,"amount":50},{"posx":17,"posy":1,"amount":200},{"posx":15,"posy":2,"amount":300},{"posx":14,"posy":3,"amount":700},{"posx":16,"posy":4,"amount":250},{"posx":17,"posy":4,"amount":650},{"posx":12,"posy":6,"amount":50},{"posx":6,"posy":7,"amount":150},{"posx":8,"posy":7,"amount":100},{"posx":5,"posy":8,"amount":500}],"changedObstacles":[]},{"players":[{"playerId":2299591,"score":1067,"energy":20,"posx":8,"posy":2,"lastAction":3,"status":0},{"playerId":61319,"score":992,"energy":2,"posx":5,"posy":8,"lastAction":5,"status":0},{"playerId":2256302,"score":1625,"energy":16,"posx":13,"posy":3,"lastAction":1,"status":0},{"playerId":2241999,"score":1217,"energy":28,"posx":9,"posy":2,"lastAction":3,"status":0}],"golds":[{"posx":0,"posy":0,"amount":50},{"posx":17,"posy":1,"amount":200},{"posx":15,"posy":2,"amount":300},{"posx":14,"posy":3,"amount":700},{"posx":16,"posy":4,"amount":250},{"posx":17,"posy":4,"amount":650},{"posx":12,"posy":6,"amount":50},{"posx":6,"posy":7,"amount":150},{"posx":8,"posy":7,"amount":100},{"posx":5,"posy":8,"amount":450}],"changedObstacles":[{"type":0,"posx":9,"posy":2,"value":-1}]},{"players":[{"playerId":2299591,"score":1067,"energy":19,"posx":8,"posy":3,"lastAction":3,"status":0},{"playerId":61319,"score":992,"energy":14,"posx":5,"posy":8,"lastAction":4,"status":0},{"playerId":2256302,"score":1625,"energy":12,"posx":14,"posy":3,"lastAction":1,"status":0},{"playerId":2241999,"score":1217,"energy":23,"posx":10,"posy":2,"lastAction":1,"status":0}],"golds":[{"posx":0,"posy":0,"amount":50},{"posx":17,"posy":1,"amount":200},{"posx":15,"posy":2,"amount":300},{"posx":14,"posy":3,"amount":700},{"posx":16,"posy":4,"amount":250},{"posx":17,"posy":4,"amount":650},{"posx":12,"posy":6,"amount":50},{"posx":6,"posy":7,"amount":150},{"posx":8,"posy":7,"amount":100},{"posx":5,"posy":8,"amount":450}],"changedObstacles":[{"type":3,"posx":10,"posy":2,"value":-20}]},{"players":[{"playerId":2299591,"score":1067,"energy":31,"posx":8,"posy":3,"lastAction":4,"status":0},{"playerId":61319,"score":992,"energy":30,"posx":5,"posy":8,"lastAction":4,"status":0},{"playerId":2256302,"score":1675,"energy":7,"posx":14,"posy":3,"lastAction":5,"status":0},{"playerId":2241999,"score":1217,"energy":18,"posx":11,"posy":2,"lastAction":1,"status":0}],"golds":[{"posx":0,"posy":0,"amount":50},{"posx":17,"posy":1,"amount":200},{"posx":15,"posy":2,"amount":300},{"posx":14,"posy":3,"amount":650},{"posx":16,"posy":4,"amount":250},{"posx":17,"posy":4,"amount":650},{"posx":12,"posy":6,"amount":50},{"posx":6,"posy":7,"amount":150},{"posx":8,"posy":7,"amount":100},{"posx":5,"posy":8,"amount":450}],"changedObstacles":[{"type":3,"posx":11,"posy":2,"value":-20}]},{"players":[{"playerId":2299591,"score":1067,"energy":30,"posx":8,"posy":4,"lastAction":3,"status":0},{"playerId":61319,"score":992,"energy":50,"posx":5,"posy":8,"lastAction":4,"status":0},{"playerId":2256302,"score":1725,"energy":2,"posx":14,"posy":3,"lastAction":5,"status":0},{"playerId":2241999,"score":1217,"energy":17,"posx":12,"posy":2,"lastAction":1,"status":0}],"golds":[{"posx":0,"posy":0,"amount":50},{"posx":17,"posy":1,"amount":200},{"posx":15,"posy":2,"amount":300},{"posx":14,"posy":3,"amount":600},{"posx":16,"posy":4,"amount":250},{"posx":17,"posy":4,"amount":650},{"posx":12,"posy":6,"amount":50},{"posx":6,"posy":7,"amount":150},{"posx":8,"posy":7,"amount":100},{"posx":5,"posy":8,"amount":450}],"changedObstacles":[]},{"players":[{"playerId":2299591,"score":1067,"energy":29,"posx":8,"posy":5,"lastAction":3,"status":0},{"playerId":61319,"score":1042,"energy":45,"posx":5,"posy":8,"lastAction":5,"status":0},{"playerId":2256302,"score":1725,"energy":14,"posx":14,"posy":3,"lastAction":4,"status":0},{"playerId":2241999,"score":1217,"energy":16,"posx":12,"posy":3,"lastAction":3,"status":0}],"golds":[{"posx":0,"posy":0,"amount":50},{"posx":17,"posy":1,"amount":200},{"posx":15,"posy":2,"amount":300},{"posx":14,"posy":3,"amount":600},{"posx":16,"posy":4,"amount":250},{"posx":17,"posy":4,"amount":650},{"posx":12,"posy":6,"amount":50},{"posx":6,"posy":7,"amount":150},{"posx":8,"posy":7,"amount":100},{"posx":5,"posy":8,"amount":400}],"changedObstacles":[]},{"players":[{"playerId":2299591,"score":1067,"energy":28,"posx":8,"posy":6,"lastAction":3,"status":0},{"playerId":61319,"score":1092,"energy":40,"posx":5,"posy":8,"lastAction":5,"status":0},{"playerId":2256302,"score":1725,"energy":30,"posx":14,"posy":3,"lastAction":4,"status":0},{"playerId":2241999,"score":1217,"energy":28,"posx":12,"posy":3,"lastAction":4,"status":0}],"golds":[{"posx":0,"posy":0,"amount":50},{"posx":17,"posy":1,"amount":200},{"posx":15,"posy":2,"amount":300},{"posx":14,"posy":3,"amount":600},{"posx":16,"posy":4,"amount":250},{"posx":17,"posy":4,"amount":650},{"posx":12,"posy":6,"amount":50},{"posx":6,"posy":7,"amount":150},{"posx":8,"posy":7,"amount":100},{"posx":5,"posy":8,"amount":350}],"changedObstacles":[]},{"players":[{"playerId":2299591,"score":1067,"energy":24,"posx":8,"posy":7,"lastAction":3,"status":0},{"playerId":61319,"score":1142,"energy":35,"posx":5,"posy":8,"lastAction":5,"status":0},{"playerId":2256302,"score":1725,"energy":50,"posx":14,"posy":3,"lastAction":4,"status":0},{"playerId":2241999,"score":1217,"energy":18,"posx":13,"posy":3,"lastAction":1,"status":0}],"golds":[{"posx":0,"posy":0,"amount":50},{"posx":17,"posy":1,"amount":200},{"posx":15,"posy":2,"amount":300},{"posx":14,"posy":3,"amount":600},{"posx":16,"posy":4,"amount":250},{"posx":17,"posy":4,"amount":650},{"posx":12,"posy":6,"amount":50},{"posx":6,"posy":7,"amount":150},{"posx":8,"posy":7,"amount":100},{"posx":5,"posy":8,"amount":300}],"changedObstacles":[]},{"players":[{"playerId":2299591,"score":1117,"energy":19,"posx":8,"posy":7,"lastAction":5,"status":0},{"playerId":61319,"score":1192,"energy":30,"posx":5,"posy":8,"lastAction":5,"status":0},{"playerId":2256302,"score":1775,"energy":45,"posx":14,"posy":3,"lastAction":5,"status":0},{"playerId":2241999,"score":1217,"energy":14,"posx":14,"posy":3,"lastAction":1,"status":0}],"golds":[{"posx":0,"posy":0,"amount":50},{"posx":17,"posy":1,"amount":200},{"posx":15,"posy":2,"amount":300},{"posx":14,"posy":3,"amount":550},{"posx":16,"posy":4,"amount":250},{"posx":17,"posy":4,"amount":650},{"posx":12,"posy":6,"amount":50},{"posx":6,"posy":7,"amount":150},{"posx":8,"posy":7,"amount":50},{"posx":5,"posy":8,"amount":250}],"changedObstacles":[]},{"players":[{"playerId":2299591,"score":1167,"energy":14,"posx":8,"posy":7,"lastAction":5,"status":0},{"playerId":61319,"score":1242,"energy":25,"posx":5,"posy":8,"lastAction":5,"status":0},{"playerId":2256302,"score":1825,"energy":40,"posx":14,"posy":3,"lastAction":5,"status":0},{"playerId":2241999,"score":1267,"energy":9,"posx":14,"posy":3,"lastAction":5,"status":0}],"golds":[{"posx":0,"posy":0,"amount":50},{"posx":17,"posy":1,"amount":200},{"posx":15,"posy":2,"amount":300},{"posx":14,"posy":3,"amount":450},{"posx":16,"posy":4,"amount":250},{"posx":17,"posy":4,"amount":650},{"posx":12,"posy":6,"amount":50},{"posx":6,"posy":7,"amount":150},{"posx":5,"posy":8,"amount":200}],"changedObstacles":[{"type":0,"posx":8,"posy":7,"value":-1}]},{"players":[{"playerId":2299591,"score":1167,"energy":26,"posx":8,"posy":7,"lastAction":4,"status":0},{"playerId":61319,"score":1292,"energy":20,"posx":5,"posy":8,"lastAction":5,"status":0},{"playerId":2256302,"score":1875,"energy":35,"posx":14,"posy":3,"lastAction":5,"status":0},{"playerId":2241999,"score":1317,"energy":4,"posx":14,"posy":3,"lastAction":5,"status":0}],"golds":[{"posx":0,"posy":0,"amount":50},{"posx":17,"posy":1,"amount":200},{"posx":15,"posy":2,"amount":300},{"posx":14,"posy":3,"amount":350},{"posx":16,"posy":4,"amount":250},{"posx":17,"posy":4,"amount":650},{"posx":12,"posy":6,"amount":50},{"posx":6,"posy":7,"amount":150},{"posx":5,"posy":8,"amount":150}],"changedObstacles":[]},{"players":[{"playerId":2299591,"score":1167,"energy":16,"posx":7,"posy":7,"lastAction":0,"status":0},{"playerId":61319,"score":1342,"energy":15,"posx":5,"posy":8,"lastAction":5,"status":0},{"playerId":2256302,"score":1925,"energy":30,"posx":14,"posy":3,"lastAction":5,"status":0},{"playerId":2241999,"score":1317,"energy":16,"posx":14,"posy":3,"lastAction":4,"status":0}],"golds":[{"posx":0,"posy":0,"amount":50},{"posx":17,"posy":1,"amount":200},{"posx":15,"posy":2,"amount":300},{"posx":14,"posy":3,"amount":300},{"posx":16,"posy":4,"amount":250},{"posx":17,"posy":4,"amount":650},{"posx":12,"posy":6,"amount":50},{"posx":6,"posy":7,"amount":150},{"posx":5,"posy":8,"amount":100}],"changedObstacles":[{"type":0,"posx":7,"posy":7,"value":-1}]},{"players":[{"playerId":2299591,"score":1167,"energy":28,"posx":7,"posy":7,"lastAction":4,"status":0},{"playerId":61319,"score":1392,"energy":10,"posx":5,"posy":8,"lastAction":5,"status":0},{"playerId":2256302,"score":1975,"energy":25,"posx":14,"posy":3,"lastAction":5,"status":0},{"playerId":2241999,"score":1367,"energy":11,"posx":14,"posy":3,"lastAction":5,"status":0}],"golds":[{"posx":0,"posy":0,"amount":50},{"posx":17,"posy":1,"amount":200},{"posx":15,"posy":2,"amount":300},{"posx":14,"posy":3,"amount":200},{"posx":16,"posy":4,"amount":250},{"posx":17,"posy":4,"amount":650},{"posx":12,"posy":6,"amount":50},{"posx":6,"posy":7,"amount":150},{"posx":5,"posy":8,"amount":50}],"changedObstacles":[]},{"players":[{"playerId":2299591,"score":1167,"energy":24,"posx":6,"posy":7,"lastAction":0,"status":0},{"playerId":61319,"score":1442,"energy":5,"posx":5,"posy":8,"lastAction":5,"status":0},{"playerId":2256302,"score":2025,"energy":20,"posx":14,"posy":3,"lastAction":5,"status":0},{"playerId":2241999,"score":1417,"energy":6,"posx":14,"posy":3,"lastAction":5,"status":0}],"golds":[{"posx":0,"posy":0,"amount":50},{"posx":17,"posy":1,"amount":200},{"posx":15,"posy":2,"amount":300},{"posx":14,"posy":3,"amount":100},{"posx":16,"posy":4,"amount":250},{"posx":17,"posy":4,"amount":650},{"posx":12,"posy":6,"amount":50},{"posx":6,"posy":7,"amount":150}],"changedObstacles":[{"type":0,"posx":5,"posy":8,"value":-1}]},{"players":[{"playerId":2299591,"score":1217,"energy":19,"posx":6,"posy":7,"lastAction":5,"status":0},{"playerId":61319,"score":1442,"energy":4,"posx":6,"posy":8,"lastAction":1,"status":0},{"playerId":2256302,"score":2075,"energy":15,"posx":14,"posy":3,"lastAction":5,"status":0},{"playerId":2241999,"score":1467,"energy":1,"posx":14,"posy":3,"lastAction":5,"status":0}],"golds":[{"posx":0,"posy":0,"amount":50},{"posx":17,"posy":1,"amount":200},{"posx":15,"posy":2,"amount":300},{"posx":16,"posy":4,"amount":250},{"posx":17,"posy":4,"amount":650},{"posx":12,"posy":6,"amount":50},{"posx":6,"posy":7,"amount":100}],"changedObstacles":[{"type":0,"posx":14,"posy":3,"value":-1}]},{"players":[{"playerId":2299591,"score":1267,"energy":14,"posx":6,"posy":7,"lastAction":5,"status":0},{"playerId":61319,"score":1442,"energy":16,"posx":6,"posy":8,"lastAction":4,"status":0},{"playerId":2256302,"score":2075,"energy":14,"posx":15,"posy":3,"lastAction":1,"status":0},{"playerId":2241999,"score":1467,"energy":13,"posx":14,"posy":3,"lastAction":4,"status":0}],"golds":[{"posx":0,"posy":0,"amount":50},{"posx":17,"posy":1,"amount":200},{"posx":15,"posy":2,"amount":300},{"posx":16,"posy":4,"amount":250},{"posx":17,"posy":4,"amount":650},{"posx":12,"posy":6,"amount":50},{"posx":6,"posy":7,"amount":50}],"changedObstacles":[]},{"players":[{"playerId":2299591,"score":1317,"energy":9,"posx":6,"posy":7,"lastAction":5,"status":0},{"playerId":61319,"score":1442,"energy":32,"posx":6,"posy":8,"lastAction":4,"status":0},{"playerId":2256302,"score":2075,"energy":13,"posx":15,"posy":4,"lastAction":3,"status":0},{"playerId":2241999,"score":1467,"energy":12,"posx":15,"posy":3,"lastAction":1,"status":0}],"golds":[{"posx":0,"posy":0,"amount":50},{"posx":17,"posy":1,"amount":200},{"posx":15,"posy":2,"amount":300},{"posx":16,"posy":4,"amount":250},{"posx":17,"posy":4,"amount":650},{"posx":12,"posy":6,"amount":50}],"changedObstacles":[{"type":0,"posx":6,"posy":7,"value":-1}]},{"players":[{"playerId":2299591,"score":1317,"energy":21,"posx":6,"posy":7,"lastAction":4,"status":0},{"playerId":61319,"score":1442,"energy":31,"posx":6,"posy":7,"lastAction":2,"status":0},{"playerId":2256302,"score":2075,"energy":9,"posx":16,"posy":4,"lastAction":1,"status":0},{"playerId":2241999,"score":1467,"energy":8,"posx":15,"posy":2,"lastAction":2,"status":0}],"golds":[{"posx":0,"posy":0,"amount":50},{"posx":17,"posy":1,"amount":200},{"posx":15,"posy":2,"amount":300},{"posx":16,"posy":4,"amount":250},{"posx":17,"posy":4,"amount":650},{"posx":12,"posy":6,"amount":50}],"changedObstacles":[]},{"players":[{"playerId":2299591,"score":1317,"energy":20,"posx":7,"posy":7,"lastAction":1,"status":0},{"playerId":61319,"score":1442,"energy":30,"posx":7,"posy":7,"lastAction":1,"status":0},{"playerId":2256302,"score":2125,"energy":4,"posx":16,"posy":4,"lastAction":5,"status":0},{"playerId":2241999,"score":1517,"energy":3,"posx":15,"posy":2,"lastAction":5,"status":0}],"golds":[{"posx":0,"posy":0,"amount":50},{"posx":17,"posy":1,"amount":200},{"posx":15,"posy":2,"amount":250},{"posx":16,"posy":4,"amount":200},{"posx":17,"posy":4,"amount":650},{"posx":12,"posy":6,"amount":50}],"changedObstacles":[]},{"players":[{"playerId":2299591,"score":1317,"energy":19,"posx":8,"posy":7,"lastAction":1,"status":0},{"playerId":61319,"score":1442,"energy":29,"posx":8,"posy":7,"lastAction":1,"status":0},{"playerId":2256302,"score":2125,"energy":16,"posx":16,"posy":4,"lastAction":4,"status":0},{"playerId":2241999,"score":1517,"energy":15,"posx":15,"posy":2,"lastAction":4,"status":0}],"golds":[{"posx":0,"posy":0,"amount":50},{"posx":17,"posy":1,"amount":200},{"posx":15,"posy":2,"amount":250},{"posx":16,"posy":4,"amount":200},{"posx":17,"posy":4,"amount":650},{"posx":12,"posy":6,"amount":50}],"changedObstacles":[]},{"players":[{"playerId":2299591,"score":1317,"energy":31,"posx":8,"posy":7,"lastAction":4,"status":0},{"playerId":61319,"score":1442,"energy":28,"posx":8,"posy":6,"lastAction":2,"status":0},{"playerId":2256302,"score":2125,"energy":32,"posx":16,"posy":4,"lastAction":4,"status":0},{"playerId":2241999,"score":1567,"energy":10,"posx":15,"posy":2,"lastAction":5,"status":0}],"golds":[{"posx":0,"posy":0,"amount":50},{"posx":17,"posy":1,"amount":200},{"posx":15,"posy":2,"amount":200},{"posx":16,"posy":4,"amount":200},{"posx":17,"posy":4,"amount":650},{"posx":12,"posy":6,"amount":50}],"changedObstacles":[]},{"players":[{"playerId":2299591,"score":1317,"energy":30,"posx":8,"posy":6,"lastAction":2,"status":0},{"playerId":61319,"score":1442,"energy":27,"posx":8,"posy":5,"lastAction":2,"status":0},{"playerId":2256302,"score":2175,"energy":27,"posx":16,"posy":4,"lastAction":5,"status":0},{"playerId":2241999,"score":1617,"energy":5,"posx":15,"posy":2,"lastAction":5,"status":0}],"golds":[{"posx":0,"posy":0,"amount":50},{"posx":17,"posy":1,"amount":200},{"posx":15,"posy":2,"amount":150},{"posx":16,"posy":4,"amount":150},{"posx":17,"posy":4,"amount":650},{"posx":12,"posy":6,"amount":50}],"changedObstacles":[]},{"players":[{"playerId":2299591,"score":1317,"energy":29,"posx":8,"posy":5,"lastAction":2,"status":0},{"playerId":61319,"score":1442,"energy":26,"posx":9,"posy":5,"lastAction":1,"status":0},{"playerId":2256302,"score":2225,"energy":22,"posx":16,"posy":4,"lastAction":5,"status":0},{"playerId":2241999,"score":1617,"energy":17,"posx":15,"posy":2,"lastAction":4,"status":0}],"golds":[{"posx":0,"posy":0,"amount":50},{"posx":17,"posy":1,"amount":200},{"posx":15,"posy":2,"amount":150},{"posx":16,"posy":4,"amount":100},{"posx":17,"posy":4,"amount":650},{"posx":12,"posy":6,"amount":50}],"changedObstacles":[]},{"players":[{"playerId":2299591,"score":1317,"energy":28,"posx":9,"posy":5,"lastAction":1,"status":0},{"playerId":61319,"score":1442,"energy":25,"posx":9,"posy":4,"lastAction":2,"status":0},{"playerId":2256302,"score":2275,"energy":17,"posx":16,"posy":4,"lastAction":5,"status":0},{"playerId":2241999,"score":1667,"energy":12,"posx":15,"posy":2,"lastAction":5,"status":0}],"golds":[{"posx":0,"posy":0,"amount":50},{"posx":17,"posy":1,"amount":200},{"posx":15,"posy":2,"amount":100},{"posx":16,"posy":4,"amount":50},{"posx":17,"posy":4,"amount":650},{"posx":12,"posy":6,"amount":50}],"changedObstacles":[]},{"players":[{"playerId":2299591,"score":1317,"energy":27,"posx":9,"posy":4,"lastAction":2,"status":0},{"playerId":61319,"score":1442,"energy":24,"posx":10,"posy":4,"lastAction":1,"status":0},{"playerId":2256302,"score":2325,"energy":12,"posx":16,"posy":4,"lastAction":5,"status":0},{"playerId":2241999,"score":1717,"energy":7,"posx":15,"posy":2,"lastAction":5,"status":0}],"golds":[{"posx":0,"posy":0,"amount":50},{"posx":17,"posy":1,"amount":200},{"posx":15,"posy":2,"amount":50},{"posx":17,"posy":4,"amount":650},{"posx":12,"posy":6,"amount":50}],"changedObstacles":[{"type":0,"posx":16,"posy":4,"value":-1}]},{"players":[{"playerId":2299591,"score":1317,"energy":26,"posx":10,"posy":4,"lastAction":1,"status":0},{"playerId":61319,"score":1442,"energy":23,"posx":11,"posy":4,"lastAction":1,"status":0},{"playerId":2256302,"score":2325,"energy":8,"posx":17,"posy":4,"lastAction":1,"status":0},{"playerId":2241999,"score":1767,"energy":2,"posx":15,"posy":2,"lastAction":5,"status":0}],"golds":[{"posx":0,"posy":0,"amount":50},{"posx":17,"posy":1,"amount":200},{"posx":17,"posy":4,"amount":650},{"posx":12,"posy":6,"amount":50}],"changedObstacles":[{"type":0,"posx":15,"posy":2,"value":-1}]},{"players":[{"playerId":2299591,"score":1317,"energy":25,"posx":11,"posy":4,"lastAction":1,"status":0},{"playerId":61319,"score":1442,"energy":22,"posx":12,"posy":4,"lastAction":1,"status":0},{"playerId":2256302,"score":2375,"energy":3,"posx":17,"posy":4,"lastAction":5,"status":0},{"playerId":2241999,"score":1767,"energy":14,"posx":15,"posy":2,"lastAction":4,"status":0}],"golds":[{"posx":0,"posy":0,"amount":50},{"posx":17,"posy":1,"amount":200},{"posx":17,"posy":4,"amount":600},{"posx":12,"posy":6,"amount":50}],"changedObstacles":[]},{"players":[{"playerId":2299591,"score":1317,"energy":24,"posx":12,"posy":4,"lastAction":1,"status":0},{"playerId":61319,"score":1442,"energy":17,"posx":13,"posy":4,"lastAction":1,"status":0},{"playerId":2256302,"score":2375,"energy":15,"posx":17,"posy":4,"lastAction":4,"status":0},{"playerId":2241999,"score":1767,"energy":13,"posx":16,"posy":2,"lastAction":1,"status":0}],"golds":[{"posx":0,"posy":0,"amount":50},{"posx":17,"posy":1,"amount":200},{"posx":17,"posy":4,"amount":600},{"posx":12,"posy":6,"amount":50}],"changedObstacles":[{"type":3,"posx":13,"posy":4,"value":-20}]},{"players":[{"playerId":2299591,"score":1317,"energy":23,"posx":12,"posy":5,"lastAction":3,"status":0},{"playerId":61319,"score":1442,"energy":12,"posx":14,"posy":4,"lastAction":1,"status":0},{"playerId":2256302,"score":2375,"energy":31,"posx":17,"posy":4,"lastAction":4,"status":0},{"playerId":2241999,"score":1767,"energy":8,"posx":16,"posy":1,"lastAction":2,"status":0}],"golds":[{"posx":0,"posy":0,"amount":50},{"posx":17,"posy":1,"amount":200},{"posx":17,"posy":4,"amount":600},{"posx":12,"posy":6,"amount":50}],"changedObstacles":[{"type":3,"posx":14,"posy":4,"value":-20},{"type":3,"posx":16,"posy":1,"value":-20}]},{"players":[{"playerId":2299591,"score":1317,"energy":22,"posx":13,"posy":5,"lastAction":1,"status":0},{"playerId":61319,"score":1442,"energy":11,"posx":15,"posy":4,"lastAction":1,"status":0},{"playerId":2256302,"score":2425,"energy":26,"posx":17,"posy":4,"lastAction":5,"status":0},{"playerId":2241999,"score":1767,"energy":4,"posx":17,"posy":1,"lastAction":1,"status":0}],"golds":[{"posx":0,"posy":0,"amount":50},{"posx":17,"posy":1,"amount":200},{"posx":17,"posy":4,"amount":550},{"posx":12,"posy":6,"amount":50}],"changedObstacles":[]},{"players":[{"playerId":2299591,"score":1317,"energy":21,"posx":14,"posy":5,"lastAction":1,"status":0},{"playerId":61319,"score":1442,"energy":10,"posx":16,"posy":4,"lastAction":1,"status":0},{"playerId":2256302,"score":2475,"energy":21,"posx":17,"posy":4,"lastAction":5,"status":0},{"playerId":2241999,"score":1767,"energy":16,"posx":17,"posy":1,"lastAction":4,"status":0}],"golds":[{"posx":0,"posy":0,"amount":50},{"posx":17,"posy":1,"amount":200},{"posx":17,"posy":4,"amount":500},{"posx":12,"posy":6,"amount":50}],"changedObstacles":[]},{"players":[{"playerId":2299591,"score":1317,"energy":11,"posx":15,"posy":5,"lastAction":1,"status":0},{"playerId":61319,"score":1442,"energy":6,"posx":17,"posy":4,"lastAction":1,"status":0},{"playerId":2256302,"score":2525,"energy":16,"posx":17,"posy":4,"lastAction":5,"status":0},{"playerId":2241999,"score":1817,"energy":11,"posx":17,"posy":1,"lastAction":5,"status":0}],"golds":[{"posx":0,"posy":0,"amount":50},{"posx":17,"posy":1,"amount":150},{"posx":17,"posy":4,"amount":450},{"posx":12,"posy":6,"amount":50}],"changedObstacles":[{"type":0,"posx":15,"posy":5,"value":-1}]},{"players":[{"playerId":2299591,"score":1317,"energy":23,"posx":15,"posy":5,"lastAction":4,"status":0},{"playerId":61319,"score":1492,"energy":1,"posx":17,"posy":4,"lastAction":5,"status":0},{"playerId":2256302,"score":2575,"energy":11,"posx":17,"posy":4,"lastAction":5,"status":0},{"playerId":2241999,"score":1867,"energy":6,"posx":17,"posy":1,"lastAction":5,"status":0}],"golds":[{"posx":0,"posy":0,"amount":50},{"posx":17,"posy":1,"amount":100},{"posx":17,"posy":4,"amount":350},{"posx":12,"posy":6,"amount":50}],"changedObstacles":[]},{"players":[{"playerId":2299591,"score":1317,"energy":22,"posx":15,"posy":4,"lastAction":2,"status":0},{"playerId":61319,"score":1492,"energy":13,"posx":17,"posy":4,"lastAction":4,"status":0},{"playerId":2256302,"score":2625,"energy":6,"posx":17,"posy":4,"lastAction":5,"status":0},{"playerId":2241999,"score":1917,"energy":1,"posx":17,"posy":1,"lastAction":5,"status":0}],"golds":[{"posx":0,"posy":0,"amount":50},{"posx":17,"posy":1,"amount":50},{"posx":17,"posy":4,"amount":300},{"posx":12,"posy":6,"amount":50}],"changedObstacles":[]},{"players":[{"playerId":2299591,"score":1317,"energy":21,"posx":16,"posy":4,"lastAction":1,"status":0},{"playerId":61319,"score":1492,"energy":29,"posx":17,"posy":4,"lastAction":4,"status":0},{"playerId":2256302,"score":2675,"energy":1,"posx":17,"posy":4,"lastAction":5,"status":0},{"playerId":2241999,"score":1917,"energy":13,"posx":17,"posy":1,"lastAction":4,"status":0}],"golds":[{"posx":0,"posy":0,"amount":50},{"posx":17,"posy":1,"amount":50},{"posx":17,"posy":4,"amount":250},{"posx":12,"posy":6,"amount":50}],"changedObstacles":[]},{"players":[{"playerId":2299591,"score":1317,"energy":17,"posx":17,"posy":4,"lastAction":1,"status":0},{"playerId":61319,"score":1542,"energy":24,"posx":17,"posy":4,"lastAction":5,"status":0},{"playerId":2256302,"score":2675,"energy":13,"posx":17,"posy":4,"lastAction":4,"status":0},{"playerId":2241999,"score":1967,"energy":8,"posx":17,"posy":1,"lastAction":5,"status":0}],"golds":[{"posx":0,"posy":0,"amount":50},{"posx":17,"posy":4,"amount":200},{"posx":12,"posy":6,"amount":50}],"changedObstacles":[{"type":0,"posx":17,"posy":1,"value":-1}]},{"players":[{"playerId":2299591,"score":1367,"energy":12,"posx":17,"posy":4,"lastAction":5,"status":0},{"playerId":61319,"score":1592,"energy":19,"posx":17,"posy":4,"lastAction":5,"status":0},{"playerId":2256302,"score":2675,"energy":29,"posx":17,"posy":4,"lastAction":4,"status":0},{"playerId":2241999,"score":1967,"energy":20,"posx":17,"posy":1,"lastAction":4,"status":0}],"golds":[{"posx":0,"posy":0,"amount":50},{"posx":17,"posy":4,"amount":100},{"posx":12,"posy":6,"amount":50}],"changedObstacles":[]},{"players":[{"playerId":2299591,"score":1401,"energy":7,"posx":17,"posy":4,"lastAction":5,"status":0},{"playerId":61319,"score":1626,"energy":14,"posx":17,"posy":4,"lastAction":5,"status":0},{"playerId":2256302,"score":2709,"energy":24,"posx":17,"posy":4,"lastAction":5,"status":0},{"playerId":2241999,"score":1967,"energy":36,"posx":17,"posy":1,"lastAction":4,"status":0}],"golds":[{"posx":0,"posy":0,"amount":50},{"posx":12,"posy":6,"amount":50}],"changedObstacles":[{"type":0,"posx":17,"posy":4,"value":-1}]},{"players":[{"playerId":2299591,"score":1401,"energy":19,"posx":17,"posy":4,"lastAction":4,"status":0},{"playerId":61319,"score":1626,"energy":13,"posx":16,"posy":4,"lastAction":0,"status":0},{"playerId":2256302,"score":2709,"energy":23,"posx":16,"posy":4,"lastAction":0,"status":0},{"playerId":2241999,"score":1967,"energy":16,"posx":16,"posy":1,"lastAction":0,"status":0}],"golds":[{"posx":0,"posy":0,"amount":50},{"posx":12,"posy":6,"amount":50}],"changedObstacles":[{"type":3,"posx":16,"posy":1,"value":-40}]},{"players":[{"playerId":2299591,"score":1401,"energy":35,"posx":17,"posy":4,"lastAction":4,"status":0},{"playerId":61319,"score":1626,"energy":12,"posx":15,"posy":4,"lastAction":0,"status":0},{"playerId":2256302,"score":2709,"energy":22,"posx":15,"posy":4,"lastAction":0,"status":0},{"playerId":2241999,"score":1967,"energy":28,"posx":16,"posy":1,"lastAction":4,"status":0}],"golds":[{"posx":0,"posy":0,"amount":50},{"posx":12,"posy":6,"amount":50}],"changedObstacles":[]},{"players":[{"playerId":2299591,"score":1401,"energy":34,"posx":16,"posy":4,"lastAction":0,"status":0},{"playerId":61319,"score":1626,"energy":11,"posx":15,"posy":5,"lastAction":3,"status":0},{"playerId":2256302,"score":2709,"energy":21,"posx":15,"posy":5,"lastAction":3,"status":0},{"playerId":2241999,"score":1967,"energy":9,"posx":15,"posy":1,"lastAction":0,"status":0}],"golds":[{"posx":0,"posy":0,"amount":50},{"posx":12,"posy":6,"amount":50}],"changedObstacles":[]},{"players":[{"playerId":2299591,"score":1401,"energy":33,"posx":15,"posy":4,"lastAction":0,"status":0},{"playerId":61319,"score":1626,"energy":10,"posx":14,"posy":5,"lastAction":0,"status":0},{"playerId":2256302,"score":2709,"energy":20,"posx":14,"posy":5,"lastAction":0,"status":0},{"playerId":2241999,"score":1967,"energy":8,"posx":14,"posy":1,"lastAction":0,"status":0}],"golds":[{"posx":0,"posy":0,"amount":50},{"posx":12,"posy":6,"amount":50}],"changedObstacles":[]},{"players":[{"playerId":2299591,"score":1401,"energy":32,"posx":15,"posy":5,"lastAction":3,"status":0},{"playerId":61319,"score":1626,"energy":9,"posx":13,"posy":5,"lastAction":0,"status":0},{"playerId":2256302,"score":2709,"energy":19,"posx":13,"posy":5,"lastAction":0,"status":0},{"playerId":2241999,"score":1967,"energy":7,"posx":13,"posy":1,"lastAction":0,"status":0}],"golds":[{"posx":0,"posy":0,"amount":50},{"posx":12,"posy":6,"amount":50}],"changedObstacles":[]},{"players":[{"playerId":2299591,"score":1401,"energy":31,"posx":14,"posy":5,"lastAction":0,"status":0},{"playerId":61319,"score":1626,"energy":8,"posx":12,"posy":5,"lastAction":0,"status":0},{"playerId":2256302,"score":2709,"energy":18,"posx":12,"posy":5,"lastAction":0,"status":0},{"playerId":2241999,"score":1967,"energy":19,"posx":13,"posy":1,"lastAction":4,"status":0}],"golds":[{"posx":0,"posy":0,"amount":50},{"posx":12,"posy":6,"amount":50}],"changedObstacles":[]}]