[{"players":[{"playerId":2349571,"score":0,"energy":46,"posx":4,"posy":4,"lastAction":3,"status":0},{"playerId":2450708,"score":0,"energy":46,"posx":5,"posy":3,"lastAction":1,"status":0},{"playerId":2248990,"score":0,"energy":46,"posx":5,"posy":3,"lastAction":1,"status":0},{"playerId":2271981,"score":0,"energy":46,"posx":5,"posy":3,"lastAction":1,"status":0}],"golds":[{"posx":8,"posy":4,"amount":50},{"posx":16,"posy":4,"amount":250},{"posx":7,"posy":4,"amount":750},{"posx":17,"posy":4,"amount":650},{"posx":4,"posy":4,"amount":450},{"posx":12,"posy":4,"amount":50},{"posx":9,"posy":1,"amount":600},{"posx":14,"posy":3,"amount":700},{"posx":12,"posy":2,"amount":600},{"posx":0,"posy":0,"amount":50},{"posx":6,"posy":7,"amount":150},{"posx":1,"posy":3,"amount":550},{"posx":3,"posy":1,"amount":400},{"posx":5,"posy":8,"amount":600},{"posx":3,"posy":5,"amount":600},{"posx":8,"posy":7,"amount":100},{"posx":5,"posy":3,"amount":700},{"posx":17,"posy":1,"amount":200},{"posx":15,"posy":2,"amount":300},{"posx":12,"posy":6,"amount":50}],"changedObstacles":[]},{"players":[{"playerId":2349571,"score":50,"energy":41,"posx":4,"posy":4,"lastAction":5,"status":0},{"playerId":2450708,"score":50,"energy":41,"posx":5,"posy":3,"lastAction":5,"status":0},{"playerId":2248990,"score":50,"energy":41,"posx":5,"posy":3,"lastAction":5,"status":0},{"playerId":2271981,"score":0,"energy":41,"posx":5,"posy":4,"lastAction":3,"status":0}],"golds":[{"posx":0,"posy":0,"amount":50},{"posx":3,"posy":1,"amount":400},{"posx":9,"posy":1,"amount":600},{"posx":17,"posy":1,"amount":200},{"posx":12,"posy":2,"amount":600},{"posx":15,"posy":2,"amount":300},{"posx":1,"posy":3,"amount":550},{"posx":5,"posy":3,"amount":600},{"posx":14,"posy":3,"amount":700},{"posx":4,"posy":4,"amount":400},{"posx":7,"posy":4,"amount":750},{"posx":8,"posy":4,"amount":50},{"posx":12,"posy":4,"amount":50},{"posx":16,"posy":4,"amount":250},{"posx":17,"posy":4,"amount":650},{"posx":3,"posy":5,"amount":600},{"posx":12,"posy":6,"amount":50},{"posx":6,"posy":7,"amount":150},{"posx":8,"posy":7,"amount":100},{"posx":5,"posy":8,"amount":600}],"changedObstacles":[{"type":3,"posx":5,"posy":4,"value":-20}]},{"players":[{"playerId":2349571,"score":100,"energy":36,"posx":4,"posy":4,"lastAction":5,"status":0},{"playerId":2450708,"score":100,"energy":36,"posx":5,"posy":3,"lastAction":5,"status":0},{"playerId":2248990,"score":100,"energy":36,"posx":5,"posy":3,"lastAction":5,"status":0},{"playerId":2271981,"score":0,"energy":37,"posx":5,"posy":3,"lastAction":2,"status":0}],"golds":[{"posx":0,"posy":0,"amount":50},{"posx":3,"posy":1,"amount":400},{"posx":9,"posy":1,"amount":600},{"posx":17,"posy":1,"amount":200},{"posx":12,"posy":2,"amount":600},{"posx":15,"posy":2,"amount":300},{"posx":1,"posy":3,"amount":550},{"posx":5,"posy":3,"amount":500},{"posx":14,"posy":3,"amount":700},{"posx":4,"posy":4,"amount":350},{"posx":7,"posy":4,"amount":750},{"posx":8,"posy":4,"amount":50},{"posx":12,"posy":4,"amount":50},{"posx":16,"posy":4,"amount":250},{"posx":17,"posy":4,"amount":650},{"posx":3,"posy":5,"amount":600},{"posx":12,"posy":6,"amount":50},{"posx":6,"posy":7,"amount":150},{"posx":8,"posy":7,"amount":100},{"posx":5,"posy":8,"amount":600}],"changedObstacles":[]},{"players":[{"playerId":2349571,"score":150,"energy":31,"posx":4,"posy":4,"lastAction":5,"status":0},{"playerId":2450708,"score":150,"energy":31,"posx":5,"posy":3,"lastAction":5,"status":0},{"playerId":2248990,"score":150,"energy":31,"posx":5,"posy":3,"lastAction":5,"status":0},{"playerId":2271981,"score":0,"energy":27,"posx":6,"posy":3,"lastAction":1,"status":0}],"golds":[{"posx":0,"posy":0,"amount":50},{"posx":3,"posy":1,"amount":400},{"posx":9,"posy":1,"amount":600},{"posx":17,"posy":1,"amount":200},{"posx":12,"posy":2,"amount":600},{"posx":15,"posy":2,"amount":300},{"posx":1,"posy":3,"amount":550},{"posx":5,"posy":3,"amount":400},{"posx":14,"posy":3,"amount":700},{"posx":4,"posy":4,"amount":300},{"posx":7,"posy":4,"amount":750},{"posx":8,"posy":4,"amount":50},{"posx":12,"posy":4,"amount":50},{"posx":16,"posy":4,"amount":250},{"posx":17,"posy":4,"amount":650},{"posx":3,"posy":5,"amount":600},{"posx":12,"posy":6,"amount":50},{"posx":6,"posy":7,"amount":150},{"posx":8,"posy":7,"amount":100},{"posx":5,"posy":8,"amount":600}],"changedObstacles":[{"type":0,"posx":6,"posy":3,"value":-1}]},{"players":[{"playerId":2349571,"score":200,"energy":26,"posx":4,"posy":4,"lastAction":5,"status":0},{"playerId":2450708,"score":200,"energy":26,"posx":5,"posy":3,"lastAction":5,"status":0},{"playerId":2248990,"score":200,"energy":26,"posx":5,"posy":3,"lastAction":5,"status":0},{"playerId":2271981,"score":0,"energy":17,"posx":6,"posy":4,"lastAction":3,"status":0}],"golds":[{"posx":0,"posy":0,"amount":50},{"posx":3,"posy":1,"amount":400},{"posx":9,"posy":1,"amount":600},{"posx":17,"posy":1,"amount":200},{"posx":12,"posy":2,"amount":600},{"posx":15,"posy":2,"amount":300},{"posx":1,"posy":3,"amount":550},{"posx":5,"posy":3,"amount":300},{"posx":14,"posy":3,"amount":700},{"posx":4,"posy":4,"amount":250},{"posx":7,"posy":4,"amount":750},{"posx":8,"posy":4,"amount":50},{"posx":12,"posy":4,"amount":50},{"posx":16,"posy":4,"amount":250},{"posx":17,"posy":4,"amount":650},{"posx":3,"posy":5,"amount":600},{"posx":12,"posy":6,"amount":50},{"posx":6,"posy":7,"amount":150},{"posx":8,"posy":7,"amount":100},{"posx":5,"posy":8,"amount":600}],"changedObstacles":[{"type":0,"posx":6,"posy":4,"value":-1}]},{"players":[{"playerId":2349571,"score":250,"energy":21,"posx":4,"posy":4,"lastAction":5,"status":0},{"playerId":2450708,"score":250,"energy":21,"posx":5,"posy":3,"lastAction":5,"status":0},{"playerId":2248990,"score":250,"energy":21,"posx":5,"posy":3,"lastAction":5,"status":0},{"playerId":2271981,"score":0,"energy":13,"posx":7,"posy":4,"lastAction":1,"status":0}],"golds":[{"posx":0,"posy":0,"amount":50},{"posx":3,"posy":1,"amount":400},{"posx":9,"posy":1,"amount":600},{"posx":17,"posy":1,"amount":200},{"posx":12,"posy":2,"amount":600},{"posx":15,"posy":2,"amount":300},{"posx":1,"posy":3,"amount":550},{"posx":5,"posy":3,"amount":200},{"posx":14,"posy":3,"amount":700},{"posx":4,"posy":4,"amount":200},{"posx":7,"posy":4,"amount":750},{"posx":8,"posy":4,"amount":50},{"posx":12,"posy":4,"amount":50},{"posx":16,"posy":4,"amount":250},{"posx":17,"posy":4,"amount":650},{"posx":3,"posy":5,"amount":600},{"posx":12,"posy":6,"amount":50},{"posx":6,"posy":7,"amount":150},{"posx":8,"posy":7,"amount":100},{"posx":5,"posy":8,"amount":600}],"changedObstacles":[]},{"players":[{"playerId":2349571,"score":300,"energy":16,"posx":4,"posy":4,"lastAction":5,"status":0},{"playerId":2450708,"score":300,"energy":16,"posx":5,"posy":3,"lastAction":5,"status":0},{"playerId":2248990,"score":300,"energy":16,"posx":5,"posy":3,"lastAction":5,"status":0},{"playerId":2271981,"score":50,"energy":8,"posx":7,"posy":4,"lastAction":5,"status":0}],"golds":[{"posx":0,"posy":0,"amount":50},{"posx":3,"posy":1,"amount":400},{"posx":9,"posy":1,"amount":600},{"posx":17,"posy":1,"amount":200},{"posx":12,"posy":2,"amount":600},{"posx":15,"posy":2,"amount":300},{"posx":1,"posy":3,"amount":550},{"posx":5,"posy":3,"amount":100},{"posx":14,"posy":3,"amount":700},{"posx":4,"posy":4,"amount":150},{"posx":7,"posy":4,"amount":700},{"posx":8,"posy":4,"amount":50},{"posx":12,"posy":4,"amount":50},{"posx":16,"posy":4,"amount":250},{"posx":17,"posy":4,"amount":650},{"posx":3,"posy":5,"amount":600},{"posx":12,"posy":6,"amount":50},{"posx":6,"posy":7,"amount":150},{"posx":8,"posy":7,"amount":100},{"posx":5,"posy":8,"amount":600}],"changedObstacles":[]},{"players":[{"playerId":2349571,"score":300,"energy":28,"posx":4,"posy":4,"lastAction":4,"status":0},{"playerId":2450708,"score":350,"energy":11,"posx":5,"posy":3,"lastAction":5,"status":0},{"playerId":2248990,"score":350,"energy":11,"posx":5,"posy":3,"lastAction":5,"status":0},{"playerId":2271981,"score":100,"energy":3,"posx":7,"posy":4,"lastAction":5,"status":0}],"golds":[{"posx":0,"posy":0,"amount":50},{"posx":3,"posy":1,"amount":400},{"posx":9,"posy":1,"amount":600},{"posx":17,"posy":1,"amount":200},{"posx":12,"posy":2,"amount":600},{"posx":15,"posy":2,"amount":300},{"posx":1,"posy":3,"amount":550},{"posx":14,"posy":3,"amount":700},{"posx":4,"posy":4,"amount":150},{"posx":7,"posy":4,"amount":650},{"posx":8,"posy":4,"amount":50},{"posx":12,"posy":4,"amount":50},{"posx":16,"posy":4,"amount":250},{"posx":17,"posy":4,"amount":650},{"posx":3,"posy":5,"amount":600},{"posx":12,"posy":6,"amount":50},{"posx":6,"posy":7,"amount":150},{"posx":8,"posy":7,"amount":100},{"posx":5,"posy":8,"amount":600}],"changedObstacles":[{"type":0,"posx":5,"posy":3,"value":-1}]},{"players":[{"playerId":2349571,"score":350,"energy":23,"posx":4,"posy":4,"lastAction":5,"status":0},{"playerId":2450708,"score":350,"energy":10,"posx":6,"posy":3,"lastAction":1,"status":0},{"playerId":2248990,"score":350,"energy":23,"posx":5,"posy":3,"lastAction":4,"status":0},{"playerId":2271981,"score":100,"energy":15,"posx":7,"posy":4,"lastAction":4,"status":0}],"golds":[{"posx":0,"posy":0,"amount":50},{"posx":3,"posy":1,"amount":400},{"posx":9,"posy":1,"amount":600},{"posx":17,"posy":1,"amount":200},{"posx":12,"posy":2,"amount":600},{"posx":15,"posy":2,"amount":300},{"posx":1,"posy":3,"amount":550},{"posx":14,"posy":3,"amount":700},{"posx":4,"posy":4,"amount":100},{"posx":7,"posy":4,"amount":650},{"posx":8,"posy":4,"amount":50},{"posx":12,"posy":4,"amount":50},{"posx":16,"posy":4,"amount":250},{"posx":17,"posy":4,"amount":650},{"posx":3,"posy":5,"amount":600},{"posx":12,"posy":6,"amount":50},{"posx":6,"posy":7,"amount":150},{"posx":8,"posy":7,"amount":100},{"posx":5,"posy":8,"amount":600}],"changedObstacles":[]},{"players":[{"playerId":2349571,"score":400,"energy":18,"posx":4,"posy":4,"lastAction":5,"status":0},{"playerId":2450708,"score":350,"energy":9,"posx":6,"posy":4,"lastAction":3,"status":0},{"playerId":2248990,"score":350,"energy":22,"posx":6,"posy":3,"lastAction":1,"status":0},{"playerId":2271981,"score":150,"energy":10,"posx":7,"posy":4,"lastAction":5,"status":0}],"golds":[{"posx":0,"posy":0,"amount":50},{"posx":3,"posy":1,"amount":400},{"posx":9,"posy":1,"amount":600},{"posx":17,"posy":1,"amount":200},{"posx":12,"posy":2,"amount":600},{"posx":15,"posy":2,"amount":300},{"posx":1,"posy":3,"amount":550},{"posx":14,"posy":3,"amount":700},{"posx":4,"posy":4,"amount":50},{"posx":7,"posy":4,"amount":600},{"posx":8,"posy":4,"amount":50},{"posx":12,"posy":4,"amount":50},{"posx":16,"posy":4,"amount":250},{"posx":17,"posy":4,"amount":650},{"posx":3,"posy":5,"amount":600},{"posx":12,"posy":6,"amount":50},{"posx":6,"posy":7,"amount":150},{"posx":8,"posy":7,"amount":100},{"posx":5,"posy":8,"amount":600}],"changedObstacles":[]},{"players":[{"playerId":2349571,"score":400,"energy":30,"posx":4,"posy":4,"lastAction":4,"status":0},{"playerId":2450708,"score":350,"energy":5,"posx":7,"posy":4,"lastAction":1,"status":0},{"playerId":2248990,"score":350,"energy":34,"posx":6,"posy":3,"lastAction":4,"status":0},{"playerId":2271981,"score":200,"energy":5,"posx":7,"posy":4,"lastAction":5,"status":0}],"golds":[{"posx":0,"posy":0,"amount":50},{"posx":3,"posy":1,"amount":400},{"posx":9,"posy":1,"amount":600},{"posx":17,"posy":1,"amount":200},{"posx":12,"posy":2,"amount":600},{"posx":15,"posy":2,"amount":300},{"posx":1,"posy":3,"amount":550},{"posx":14,"posy":3,"amount":700},{"posx":4,"posy":4,"amount":50},{"posx":7,"posy":4,"amount":550},{"posx":8,"posy":4,"amount":50},{"posx":12,"posy":4,"amount":50},{"posx":16,"posy":4,"amount":250},{"posx":17,"posy":4,"amount":650},{"posx":3,"posy":5,"amount":600},{"posx":12,"posy":6,"amount":50},{"posx":6,"posy":7,"amount":150},{"posx":8,"posy":7,"amount":100},{"posx":5,"posy":8,"amount":600}],"changedObstacles":[]},{"players":[{"playerId":2349571,"score":450,"energy":25,"posx":4,"posy":4,"lastAction":5,"status":0},{"playerId":2450708,"score":350,"energy":17,"posx":7,"posy":4,"lastAction":4,"status":0},{"playerId":2248990,"score":350,"energy":19,"posx":7,"posy":3,"lastAction":1,"status":0},{"playerId":2271981,"score":200,"energy":17,"posx":7,"posy":4,"lastAction":4,"status":0}],"golds":[{"posx":0,"posy":0,"amount":50},{"posx":3,"posy":1,"amount":400},{"posx":9,"posy":1,"amount":600},{"posx":17,"posy":1,"amount":200},{"posx":12,"posy":2,"amount":600},{"posx":15,"posy":2,"amount":300},{"posx":1,"posy":3,"amount":550},{"posx":14,"posy":3,"amount":700},{"posx":7,"posy":4,"amount":550},{"posx":8,"posy":4,"amount":50},{"posx":12,"posy":4,"amount":50},{"posx":16,"posy":4,"amount":250},{"posx":17,"posy":4,"amount":650},{"posx":3,"posy":5,"amount":600},{"posx":12,"posy":6,"amount":50},{"posx":6,"posy":7,"amount":150},{"posx":8,"posy":7,"amount":100},{"posx":5,"posy":8,"amount":600}],"changedObstacles":[{"type":0,"posx":4,"posy":4,"value":-1}]},{"players":[{"playerId":2349571,"score":450,"energy":5,"posx":5,"posy":4,"lastAction":1,"status":0},{"playerId":2450708,"score":350,"energy":33,"posx":7,"posy":4,"lastAction":4,"status":0},{"playerId":2248990,"score":350,"energy":15,"posx":7,"posy":4,"lastAction":3,"status":0},{"playerId":2271981,"score":250,"energy":12,"posx":7,"posy":4,"lastAction":5,"status":0}],"golds":[{"posx":0,"posy":0,"amount":50},{"posx":3,"posy":1,"amount":400},{"posx":9,"posy":1,"amount":600},{"posx":17,"posy":1,"amount":200},{"posx":12,"posy":2,"amount":600},{"posx":15,"posy":2,"amount":300},{"posx":1,"posy":3,"amount":550},{"posx":14,"posy":3,"amount":700},{"posx":7,"posy":4,"amount":500},{"posx":8,"posy":4,"amount":50},{"posx":12,"posy":4,"amount":50},{"posx":16,"posy":4,"amount":250},{"posx":17,"posy":4,"amount":650},{"posx":3,"posy":5,"amount":600},{"posx":12,"posy":6,"amount":50},{"posx":6,"posy":7,"amount":150},{"posx":8,"posy":7,"amount":100},{"posx":5,"posy":8,"amount":600}],"changedObstacles":[{"type":3,"posx":5,"posy":4,"value":-40}]},{"players":[{"playerId":2349571,"score":450,"energy":17,"posx":5,"posy":4,"lastAction":4,"status":0},{"playerId":2450708,"score":400,"energy":28,"posx":7,"posy":4,"lastAction":5,"status":0},{"playerId":2248990,"score":400,"energy":10,"posx":7,"posy":4,"lastAction":5,"status":0},{"playerId":2271981,"score":250,"energy":-3,"posx":7,"posy":5,"lastAction":3,"status":2}],"golds":[{"posx":0,"posy":0,"amount":50},{"posx":3,"posy":1,"amount":400},{"posx":9,"posy":1,"amount":600},{"posx":17,"posy":1,"amount":200},{"posx":12,"posy":2,"amount":600},{"posx":15,"posy":2,"amount":300},{"posx":1,"posy":3,"amount":550},{"posx":14,"posy":3,"amount":700},{"posx":7,"posy":4,"amount":400},{"posx":8,"posy":4,"amount":50},{"posx":12,"posy":4,"amount":50},{"posx":16,"posy":4,"amount":250},{"posx":17,"posy":4,"amount":650},{"posx":3,"posy":5,"amount":600},{"posx":12,"posy":6,"amount":50},{"posx":6,"posy":7,"amount":150},{"posx":8,"posy":7,"amount":100},{"posx":5,"posy":8,"amount":600}],"changedObstacles":[]},{"players":[{"playerId":2349571,"score":450,"energy":33,"posx":5,"posy":4,"lastAction":4,"status":0},{"playerId":2450708,"score":450,"energy":23,"posx":7,"posy":4,"lastAction":5,"status":0},{"playerId":2248990,"score":400,"energy":22,"posx":7,"posy":4,"lastAction":4,"status":0},{"playerId":2271981,"score":250,"energy":-3,"posx":7,"posy":5,"lastAction":6,"status":2}],"golds":[{"posx":0,"posy":0,"amount":50},{"posx":3,"posy":1,"amount":400},{"posx":9,"posy":1,"amount":600},{"posx":17,"posy":1,"amount":200},{"posx":12,"posy":2,"amount":600},{"posx":15,"posy":2,"amount":300},{"posx":1,"posy":3,"amount":550},{"posx":14,"posy":3,"amount":700},{"posx":7,"posy":4,"amount":350},{"posx":8,"posy":4,"amount":50},{"posx":12,"posy":4,"amount":50},{"posx":16,"posy":4,"amount":250},{"posx":17,"posy":4,"amount":650},{"posx":3,"posy":5,"amount":600},{"posx":12,"posy":6,"amount":50},{"posx":6,"posy":7,"amount":150},{"posx":8,"posy":7,"amount":100},{"posx":5,"posy":8,"amount":600}],"changedObstacles":[]},{"players":[{"playerId":2349571,"score":450,"energy":32,"posx":5,"posy":5,"lastAction":3,"status":0},{"playerId":2450708,"score":500,"energy":18,"posx":7,"posy":4,"lastAction":5,"status":0},{"playerId":2248990,"score":450,"energy":17,"posx":7,"posy":4,"lastAction":5,"status":0},{"playerId":2271981,"score":250,"energy":-3,"posx":7,"posy":5,"lastAction":6,"status":2}],"golds":[{"posx":0,"posy":0,"amount":50},{"posx":3,"posy":1,"amount":400},{"posx":9,"posy":1,"amount":600},{"posx":17,"posy":1,"amount":200},{"posx":12,"posy":2,"amount":600},{"posx":15,"posy":2,"amount":300},{"posx":1,"posy":3,"amount":550},{"posx":14,"posy":3,"amount":700},{"posx":7,"posy":4,"amount":250},{"posx":8,"posy":4,"amount":50},{"posx":12,"posy":4,"amount":50},{"posx":16,"posy":4,"amount":250},{"posx":17,"posy":4,"amount":650},{"posx":3,"posy":5,"amount":600},{"posx":12,"posy":6,"amount":50},{"posx":6,"posy":7,"amount":150},{"posx":8,"posy":7,"amount":100},{"posx":5,"posy":8,"amount":600}],"changedObstacles":[]},{"players":[{"playerId":2349571,"score":450,"energy":22,"posx":6,"posy":5,"lastAction":1,"status":0},{"playerId":2450708,"score":550,"energy":13,"posx":7,"posy":4,"lastAction":5,"status":0},{"playerId":2248990,"score":500,"energy":12,"posx":7,"posy":4,"lastAction":5,"status":0},{"playerId":2271981,"score":250,"energy":-3,"posx":7,"posy":5,"lastAction":6,"status":2}],"golds":[{"posx":0,"posy":0,"amount":50},{"posx":3,"posy":1,"amount":400},{"posx":9,"posy":1,"amount":600},{"posx":17,"posy":1,"amount":200},{"posx":12,"posy":2,"amount":600},{"posx":15,"posy":2,"amount":300},{"posx":1,"posy":3,"amount":550},{"posx":14,"posy":3,"amount":700},{"posx":7,"posy":4,"amount":150},{"posx":8,"posy":4,"amount":50},{"posx":12,"posy":4,"amount":50},{"posx":16,"posy":4,"amount":250},{"posx":17,"posy":4,"amount":650},{"posx":3,"posy":5,"amount":600},{"posx":12,"posy":6,"amount":50},{"posx":6,"posy":7,"amount":150},{"posx":8,"posy":7,"amount":100},{"posx":5,"posy":8,"amount":600}],"changedObstacles":[]},{"players":[{"playerId":2349571,"score":450,"energy":7,"posx":7,"posy":5,"lastAction":1,"status":0},{"playerId":2450708,"score":600,"energy":8,"posx":7,"posy":4,"lastAction":5,"status":0},{"playerId":2248990,"score":500,"energy":24,"posx":7,"posy":4,"lastAction":4,"status":0},{"playerId":2271981,"score":250,"energy":-3,"posx":7,"posy":5,"lastAction":6,"status":2}],"golds":[{"posx":0,"posy":0,"amount":50},{"posx":3,"posy":1,"amount":400},{"posx":9,"posy":1,"amount":600},{"posx":17,"posy":1,"amount":200},{"posx":12,"posy":2,"amount":600},{"posx":15,"posy":2,"amount":300},{"posx":1,"posy":3,"amount":550},{"posx":14,"posy":3,"amount":700},{"posx":7,"posy":4,"amount":100},{"posx":8,"posy":4,"amount":50},{"posx":12,"posy":4,"amount":50},{"posx":16,"posy":4,"amount":250},{"posx":17,"posy":4,"amount":650},{"posx":3,"posy":5,"amount":600},{"posx":12,"posy":6,"amount":50},{"posx":6,"posy":7,"amount":150},{"posx":8,"posy":7,"amount":100},{"posx":5,"posy":8,"amount":600}],"changedObstacles":[]},{"players":[{"playerId":2349571,"score":450,"energy":19,"posx":7,"posy":5,"lastAction":4,"status":0},{"playerId":2450708,"score":650,"energy":3,"posx":7,"posy":4,"lastAction":5,"status":0},{"playerId":2248990,"score":550,"energy":19,"posx":7,"posy":4,"lastAction":5,"status":0},{"playerId":2271981,"score":250,"energy":-3,"posx":7,"posy":5,"lastAction":6,"status":2}],"golds":[{"posx":0,"posy":0,"amount":50},{"posx":3,"posy":1,"amount":400},{"posx":9,"posy":1,"amount":600},{"posx":17,"posy":1,"amount":200},{"posx":12,"posy":2,"amount":600},{"posx":15,"posy":2,"amount":300},{"posx":1,"posy":3,"amount":550},{"posx":14,"posy":3,"amount":700},{"posx":8,"posy":4,"amount":50},{"posx":12,"posy":4,"amount":50},{"posx":16,"posy":4,"amount":250},{"posx":17,"posy":4,"amount":650},{"posx":3,"posy":5,"amount":600},{"posx":12,"posy":6,"amount":50},{"posx":6,"posy":7,"amount":150},{"posx":8,"posy":7,"amount":100},{"posx":5,"posy":8,"amount":600}],"changedObstacles":[{"type":0,"posx":7,"posy":4,"value":-1}]},{"players":[{"playerId":2349571,"score":450,"energy":35,"posx":7,"posy":5,"lastAction":4,"status":0},{"playerId":2450708,"score":650,"energy":15,"posx":7,"posy":4,"lastAction":4,"status":0},{"playerId":2248990,"score":550,"energy":31,"posx":7,"posy":4,"lastAction":4,"status":0},{"playerId":2271981,"score":250,"energy":-3,"posx":7,"posy":5,"lastAction":6,"status":2}],"golds":[{"posx":0,"posy":0,"amount":50},{"posx":3,"posy":1,"amount":400},{"posx":9,"posy":1,"amount":600},{"posx":17,"posy":1,"amount":200},{"posx":12,"posy":2,"amount":600},{"posx":15,"posy":2,"amount":300},{"posx":1,"posy":3,"amount":550},{"posx":14,"posy":3,"amount":700},{"posx":8,"posy":4,"amount":50},{"posx":12,"posy":4,"amount":50},{"posx":16,"posy":4,"amount":250},{"posx":17,"posy":4,"amount":650},{"posx":3,"posy":5,"amount":600},{"posx":12,"posy":6,"amount":50},{"posx":6,"posy":7,"amount":150},{"posx":8,"posy":7,"amount":100},{"posx":5,"posy":8,"amount":600}],"changedObstacles":[]},{"players":[{"playerId":2349571,"score":450,"energy":34,"posx":8,"posy":5,"lastAction":1,"status":0},{"playerId":2450708,"score":650,"energy":11,"posx":8,"posy":4,"lastAction":1,"status":0},{"playerId":2248990,"score":550,"energy":27,"posx":8,"posy":4,"lastAction":1,"status":0},{"playerId":2271981,"score":250,"energy":-3,"posx":7,"posy":5,"lastAction":6,"status":2}],"golds":[{"posx":0,"posy":0,"amount":50},{"posx":3,"posy":1,"amount":400},{"posx":9,"posy":1,"amount":600},{"posx":17,"posy":1,"amount":200},{"posx":12,"posy":2,"amount":600},{"posx":15,"posy":2,"amount":300},{"posx":1,"posy":3,"amount":550},{"posx":14,"posy":3,"amount":700},{"posx":8,"posy":4,"amount":50},{"posx":12,"posy":4,"amount":50},{"posx":16,"posy":4,"amount":250},{"posx":17,"posy":4,"amount":650},{"posx":3,"posy":5,"amount":600},{"posx":12,"posy":6,"amount":50},{"posx":6,"posy":7,"amount":150},{"posx":8,"posy":7,"amount":100},{"posx":5,"posy":8,"amount":600}],"changedObstacles":[]},{"players":[{"playerId":2349571,"score":450,"energy":33,"posx":8,"posy":6,"lastAction":3,"status":0},{"playerId":2450708,"score":675,"energy":6,"posx":8,"posy":4,"lastAction":5,"status":0},{"playerId":2248990,"score":575,"energy":22,"posx":8,"posy":4,"lastAction":5,"status":0},{"playerId":2271981,"score":250,"energy":-3,"posx":7,"posy":5,"lastAction":6,"status":2}],"golds":[{"posx":0,"posy":0,"amount":50},{"posx":3,"posy":1,"amount":400},{"posx":9,"posy":1,"amount":600},{"posx":17,"posy":1,"amount":200},{"posx":12,"posy":2,"amount":600},{"posx":15,"posy":2,"amount":300},{"posx":1,"posy":3,"amount":550},{"posx":14,"posy":3,"amount":700},{"posx":12,"posy":4,"amount":50},{"posx":16,"posy":4,"amount":250},{"posx":17,"posy":4,"amount":650},{"posx":3,"posy":5,"amount":600},{"posx":12,"posy":6,"amount":50},{"posx":6,"posy":7,"amount":150},{"posx":8,"posy":7,"amount":100},{"posx":5,"posy":8,"amount":600}],"changedObstacles":[{"type":0,"posx":8,"posy":4,"value":-1}]},{"players":[{"playerId":2349571,"score":450,"energy":28,"posx":9,"posy":6,"lastAction":1,"status":0},{"playerId":2450708,"score":675,"energy":5,"posx":8,"posy":3,"lastAction":2,"status":0},{"playerId":2248990,"score":575,"energy":21,"posx":9,"posy":4,"lastAction":1,"status":0},{"playerId":2271981,"score":250,"energy":-3,"posx":7,"posy":5,"lastAction":6,"status":2}],"golds":[{"posx":0,"posy":0,"amount":50},{"posx":3,"posy":1,"amount":400},{"posx":9,"posy":1,"amount":600},{"posx":17,"posy":1,"amount":200},{"posx":12,"posy":2,"amount":600},{"posx":15,"posy":2,"amount":300},{"posx":1,"posy":3,"amount":550},{"posx":14,"posy":3,"amount":700},{"posx":12,"posy":4,"amount":50},{"posx":16,"posy":4,"amount":250},{"posx":17,"posy":4,"amount":650},{"posx":3,"posy":5,"amount":600},{"posx":12,"posy":6,"amount":50},{"posx":6,"posy":7,"amount":150},{"posx":8,"posy":7,"amount":100},{"posx":5,"posy":8,"amount":600}],"changedObstacles":[{"type":3,"posx":9,"posy":6,"value":-20}]},{"players":[{"playerId":2349571,"score":450,"energy":27,"posx":10,"posy":6,"lastAction":1,"status":0},{"playerId":2450708,"score":675,"energy":4,"posx":8,"posy":2,"lastAction":2,"status":0},{"playerId":2248990,"score":575,"energy":33,"posx":9,"posy":4,"lastAction":4,"status":0},{"playerId":2271981,"score":250,"energy":-3,"posx":7,"posy":5,"lastAction":6,"status":2}],"golds":[{"posx":0,"posy":0,"amount":50},{"posx":3,"posy":1,"amount":400},{"posx":9,"posy":1,"amount":600},{"posx":17,"posy":1,"amount":200},{"posx":12,"posy":2,"amount":600},{"posx":15,"posy":2,"amount":300},{"posx":1,"posy":3,"amount":550},{"posx":14,"posy":3,"amount":700},{"posx":12,"posy":4,"amount":50},{"posx":16,"posy":4,"amount":250},{"posx":17,"posy":4,"amount":650},{"posx":3,"posy":5,"amount":600},{"posx":12,"posy":6,"amount":50},{"posx":6,"posy":7,"amount":150},{"posx":8,"posy":7,"amount":100},{"posx":5,"posy":8,"amount":600}],"changedObstacles":[]},{"players":[{"playerId":2349571,"score":450,"energy":17,"posx":11,"posy":6,"lastAction":1,"status":0},{"playerId":2450708,"score":675,"energy":16,"posx":8,"posy":2,"lastAction":4,"status":0},{"playerId":2248990,"score":575,"energy":23,"posx":10,"posy":4,"lastAction":1,"status":0},{"playerId":2271981,"score":250,"energy":-3,"posx":7,"posy":5,"lastAction":6,"status":2}],"golds":[{"posx":0,"posy":0,"amount":50},{"posx":3,"posy":1,"amount":400},{"posx":9,"posy":1,"amount":600},{"posx":17,"posy":1,"amount":200},{"posx":12,"posy":2,"amount":600},{"posx":15,"posy":2,"amount":300},{"posx":1,"posy":3,"amount":550},{"posx":14,"posy":3,"amount":700},{"posx":12,"posy":4,"amount":50},{"posx":16,"posy":4,"amount":250},{"posx":17,"posy":4,"amount":650},{"posx":3,"posy":5,"amount":600},{"posx":12,"posy":6,"amount":50},{"posx":6,"posy":7,"amount":150},{"posx":8,"posy":7,"amount":100},{"posx":5,"posy":8,"amount":600}],"changedObstacles":[{"type":0,"posx":10,"posy":4,"value":-1}]},{"players":[{"playerId":2349571,"score":450,"energy":29,"posx":11,"posy":6,"lastAction":4,"status":0},{"playerId":2450708,"score":675,"energy":15,"posx":8,"posy":1,"lastAction":2,"status":0},{"playerId":2248990,"score":575,"energy":22,"posx":11,"posy":4,"lastAction":1,"status":0},{"playerId":2271981,"score":250,"energy":-3,"posx":7,"posy":5,"lastAction":6,"status":2}],"golds":[{"posx":0,"posy":0,"amount":50},{"posx":3,"posy":1,"amount":400},{"posx":9,"posy":1,"amount":600},{"posx":17,"posy":1,"amount":200},{"posx":12,"posy":2,"amount":600},{"posx":15,"posy":2,"amount":300},{"posx":1,"posy":3,"amount":550},{"posx":14,"posy":3,"amount":700},{"posx":12,"posy":4,"amount":50},{"posx":16,"posy":4,"amount":250},{"posx":17,"posy":4,"amount":650},{"posx":3,"posy":5,"amount":600},{"posx":12,"posy":6,"amount":50},{"posx":6,"posy":7,"amount":150},{"posx":8,"posy":7,"amount":100},{"posx":5,"posy":8,"amount":600}],"changedObstacles":[]},{"players":[{"playerId":2349571,"score":450,"energy":25,"posx":12,"posy":6,"lastAction":1,"status":0},{"playerId":2450708,"score":675,"energy":11,"posx":9,"posy":1,"lastAction":1,"status":0},{"playerId":2248990,"score":575,"energy":18,"posx":12,"posy":4,"lastAction":1,"status":0},{"playerId":2271981,"score":250,"energy":-3,"posx":7,"posy":5,"lastAction":6,"status":2}],"golds":[{"posx":0,"posy":0,"amount":50},{"posx":3,"posy":1,"amount":400},{"posx":9,"posy":1,"amount":600},{"posx":17,"posy":1,"amount":200},{"posx":12,"posy":2,"amount":600},{"posx":15,"posy":2,"amount":300},{"posx":1,"posy":3,"amount":550},{"posx":14,"posy":3,"amount":700},{"posx":12,"posy":4,"amount":50},{"posx":16,"posy":4,"amount":250},{"posx":17,"posy":4,"amount":650},{"posx":3,"posy":5,"amount":600},{"posx":12,"posy":6,"amount":50},{"posx":6,"posy":7,"amount":150},{"posx":8,"posy":7,"amount":100},{"posx":5,"posy":8,"amount":600}],"changedObstacles":[]},{"players":[{"playerId":2349571,"score":500,"energy":20,"posx":12,"posy":6,"lastAction":5,"status":0},{"playerId":2450708,"score":725,"energy":6,"posx":9,"posy":1,"lastAction":5,"status":0},{"playerId":2248990,"score":625,"energy":13,"posx":12,"posy":4,"lastAction":5,"status":0},{"playerId":2271981,"score":250,"energy":-3,"posx":7,"posy":5,"lastAction":6,"status":2}],"golds":[{"posx":0,"posy":0,"amount":50},{"posx":3,"posy":1,"amount":400},{"posx":9,"posy":1,"amount":550},{"posx":17,"posy":1,"amount":200},{"posx":12,"posy":2,"amount":600},{"posx":15,"posy":2,"amount":300},{"posx":1,"posy":3,"amount":550},{"posx":14,"posy":3,"amount":700},{"posx":16,"posy":4,"amount":250},{"posx":17,"posy":4,"amount":650},{"posx":3,"posy":5,"amount":600},{"posx":6,"posy":7,"amount":150},{"posx":8,"posy":7,"amount":100},{"posx":5,"posy":8,"amount":600}],"changedObstacles":[{"type":0,"posx":12,"posy":6,"value":-1},{"type":0,"posx":12,"posy":4,"value":-1}]},{"players":[{"playerId":2349571,"score":500,"energy":2,"posx":12,"posy":7,"lastAction":3,"status":0},{"playerId":2450708,"score":775,"energy":1,"posx":9,"posy":1,"lastAction":5,"status":0},{"playerId":2248990,"score":625,"energy":25,"posx":12,"posy":4,"lastAction":4,"status":0},{"playerId":2271981,"score":250,"energy":-3,"posx":7,"posy":5,"lastAction":6,"status":2}],"golds":[{"posx":0,"posy":0,"amount":50},{"posx":3,"posy":1,"amount":400},{"posx":9,"posy":1,"amount":500},{"posx":17,"posy":1,"amount":200},{"posx":12,"posy":2,"amount":600},{"posx":15,"posy":2,"amount":300},{"posx":1,"posy":3,"amount":550},{"posx":14,"posy":3,"amount":700},{"posx":16,"posy":4,"amount":250},{"posx":17,"posy":4,"amount":650},{"posx":3,"posy":5,"amount":600},{"posx":6,"posy":7,"amount":150},{"posx":8,"posy":7,"amount":100},{"posx":5,"posy":8,"amount":600}],"changedObstacles":[]},{"players":[{"playerId":2349571,"score":500,"energy":14,"posx":12,"posy":7,"lastAction":4,"status":0},{"playerId":2450708,"score":775,"energy":13,"posx":9,"posy":1,"lastAction":4,"status":0},{"playerId":2248990,"score":625,"energy":24,"posx":12,"posy":3,"lastAction":2,"status":0},{"playerId":2271981,"score":250,"energy":-3,"posx":7,"posy":5,"lastAction":6,"status":2}],"golds":[{"posx":0,"posy":0,"amount":50},{"posx":3,"posy":1,"amount":400},{"posx":9,"posy":1,"amount":500},{"posx":17,"posy":1,"amount":200},{"posx":12,"posy":2,"amount":600},{"posx":15,"posy":2,"amount":300},{"posx":1,"posy":3,"amount":550},{"posx":14,"posy":3,"amount":700},{"posx":16,"posy":4,"amount":250},{"posx":17,"posy":4,"amount":650},{"posx":3,"posy":5,"amount":600},{"posx":6,"posy":7,"amount":150},{"posx":8,"posy":7,"amount":100},{"posx":5,"posy":8,"amount":600}],"changedObstacles":[]},{"players":[{"playerId":2349571,"score":500,"energy":30,"posx":12,"posy":7,"lastAction":4,"status":0},{"playerId":2450708,"score":775,"energy":29,"posx":9,"posy":1,"lastAction":4,"status":0},{"playerId":2248990,"score":625,"energy":20,"posx":12,"posy":2,"lastAction":2,"status":0},{"playerId":2271981,"score":250,"energy":-3,"posx":7,"posy":5,"lastAction":6,"status":2}],"golds":[{"posx":0,"posy":0,"amount":50},{"posx":3,"posy":1,"amount":400},{"posx":9,"posy":1,"amount":500},{"posx":17,"posy":1,"amount":200},{"posx":12,"posy":2,"amount":600},{"posx":15,"posy":2,"amount":300},{"posx":1,"posy":3,"amount":550},{"posx":14,"posy":3,"amount":700},{"posx":16,"posy":4,"amount":250},{"posx":17,"posy":4,"amount":650},{"posx":3,"posy":5,"amount":600},{"posx":6,"posy":7,"amount":150},{"posx":8,"posy":7,"amount":100},{"posx":5,"posy":8,"amount":600}],"changedObstacles":[]},{"players":[{"playerId":2349571,"score":500,"energy":20,"posx":12,"posy":8,"lastAction":3,"status":0},{"playerId":2450708,"score":775,"energy":50,"posx":9,"posy":1,"lastAction":4,"status":0},{"playerId":2248990,"score":675,"energy":15,"posx":12,"posy":2,"lastAction":5,"status":0},{"playerId":2271981,"score":250,"energy":-3,"posx":7,"posy":5,"lastAction":6,"status":2}],"golds":[{"posx":0,"posy":0,"amount":50},{"posx":3,"posy":1,"amount":400},{"posx":9,"posy":1,"amount":500},{"posx":17,"posy":1,"amount":200},{"posx":12,"posy":2,"amount":550},{"posx":15,"posy":2,"amount":300},{"posx":1,"posy":3,"amount":550},{"posx":14,"posy":3,"amount":700},{"posx":16,"posy":4,"amount":250},{"posx":17,"posy":4,"amount":650},{"posx":3,"posy":5,"amount":600},{"posx":6,"posy":7,"amount":150},{"posx":8,"posy":7,"amount":100},{"posx":5,"posy":8,"amount":600}],"changedObstacles":[{"type":0,"posx":12,"posy":8,"value":-1}]},{"players":[{"playerId":2349571,"score":500,"energy":19,"posx":11,"posy":8,"lastAction":0,"status":0},{"playerId":2450708,"score":825,"energy":45,"posx":9,"posy":1,"lastAction":5,"status":0},{"playerId":2248990,"score":675,"energy":27,"posx":12,"posy":2,"lastAction":4,"status":0},{"playerId":2271981,"score":250,"energy":-3,"posx":7,"posy":5,"lastAction":6,"status":2}],"golds":[{"posx":0,"posy":0,"amount":50},{"posx":3,"posy":1,"amount":400},{"posx":9,"posy":1,"amount":450},{"posx":17,"posy":1,"amount":200},{"posx":12,"posy":2,"amount":550},{"posx":15,"posy":2,"amount":300},{"posx":1,"posy":3,"amount":550},{"posx":14,"posy":3,"amount":700},{"posx":16,"posy":4,"amount":250},{"posx":17,"posy":4,"amount":650},{"posx":3,"posy":5,"amount":600},{"posx":6,"posy":7,"amount":150},{"posx":8,"posy":7,"amount":100},{"posx":5,"posy":8,"amount":600}],"changedObstacles":[]},{"players":[{"playerId":2349571,"score":500,"energy":31,"posx":11,"posy":8,"lastAction":4,"status":0},{"playerId":2450708,"score":875,"energy":40,"posx":9,"posy":1,"lastAction":5,"status":0},{"playerId":2248990,"score":725,"energy":22,"posx":12,"posy":2,"lastAction":5,"status":0},{"playerId":2271981,"score":250,"energy":-3,"posx":7,"posy":5,"lastAction":6,"status":2}],"golds":[{"posx":0,"posy":0,"amount":50},{"posx":3,"posy":1,"amount":400},{"posx":9,"posy":1,"amount":400},{"posx":17,"posy":1,"amount":200},{"posx":12,"posy":2,"amount":500},{"posx":15,"posy":2,"amount":300},{"posx":1,"posy":3,"amount":550},{"posx":14,"posy":3,"amount":700},{"posx":16,"posy":4,"amount":250},{"posx":17,"posy":4,"amount":650},{"posx":3,"posy":5,"amount":600},{"posx":6,"posy":7,"amount":150},{"posx":8,"posy":7,"amount":100},{"posx":5,"posy":8,"amount":600}],"changedObstacles":[]},{"players":[{"playerId":2349571,"score":500,"energy":26,"posx":10,"posy":8,"lastAction":0,"status":0},{"playerId":2450708,"score":925,"energy":35,"posx":9,"posy":1,"lastAction":5,"status":0},{"playerId":2248990,"score":775,"energy":17,"posx":12,"posy":2,"lastAction":5,"status":0},{"playerId":2271981,"score":250,"energy":-3,"posx":7,"posy":5,"lastAction":6,"status":2}],"golds":[{"posx":0,"posy":0,"amount":50},{"posx":3,"posy":1,"amount":400},{"posx":9,"posy":1,"amount":350},{"posx":17,"posy":1,"amount":200},{"posx":12,"posy":2,"amount":450},{"posx":15,"posy":2,"amount":300},{"posx":1,"posy":3,"amount":550},{"posx":14,"posy":3,"amount":700},{"posx":16,"posy":4,"amount":250},{"posx":17,"posy":4,"amount":650},{"posx":3,"posy":5,"amount":600},{"posx":6,"posy":7,"amount":150},{"posx":8,"posy":7,"amount":100},{"posx":5,"posy":8,"amount":600}],"changedObstacles":[{"type":3,"posx":10,"posy":8,"value":-20}]},{"players":[{"playerId":2349571,"score":500,"energy":25,"posx":9,"posy":8,"lastAction":0,"status":0},{"playerId":2450708,"score":975,"energy":30,"posx":9,"posy":1,"lastAction":5,"status":0},{"playerId":2248990,"score":825,"energy":12,"posx":12,"posy":2,"lastAction":5,"status":0},{"playerId":2271981,"score":250,"energy":-3,"posx":7,"posy":5,"lastAction":6,"status":2}],"golds":[{"posx":0,"posy":0,"amount":50},{"posx":3,"posy":1,"amount":400},{"posx":9,"posy":1,"amount":300},{"posx":17,"posy":1,"amount":200},{"posx":12,"posy":2,"amount":400},{"posx":15,"posy":2,"amount":300},{"posx":1,"posy":3,"amount":550},{"posx":14,"posy":3,"amount":700},{"posx":16,"posy":4,"amount":250},{"posx":17,"posy":4,"amount":650},{"posx":3,"posy":5,"amount":600},{"posx":6,"posy":7,"amount":150},{"posx":8,"posy":7,"amount":100},{"posx":5,"posy":8,"amount":600}],"changedObstacles":[]},{"players":[{"playerId":2349571,"score":500,"energy":24,"posx":8,"posy":8,"lastAction":0,"status":0},{"playerId":2450708,"score":1025,"energy":25,"posx":9,"posy":1,"lastAction":5,"status":0},{"playerId":2248990,"score":825,"energy":24,"posx":12,"posy":2,"lastAction":4,"status":0},{"playerId":2271981,"score":250,"energy":-3,"posx":7,"posy":5,"lastAction":6,"status":2}],"golds":[{"posx":0,"posy":0,"amount":50},{"posx":3,"posy":1,"amount":400},{"posx":9,"posy":1,"amount":250},{"posx":17,"posy":1,"amount":200},{"posx":12,"posy":2,"amount":400},{"posx":15,"posy":2,"amount":300},{"posx":1,"posy":3,"amount":550},{"posx":14,"posy":3,"amount":700},{"posx":16,"posy":4,"amount":250},{"posx":17,"posy":4,"amount":650},{"posx":3,"posy":5,"amount":600},{"posx":6,"posy":7,"amount":150},{"posx":8,"posy":7,"amount":100},{"posx":5,"posy":8,"amount":600}],"changedObstacles":[]},{"players":[{"playerId":2349571,"score":500,"energy":14,"posx":7,"posy":8,"lastAction":0,"status":0},{"playerId":2450708,"score":1075,"energy":20,"posx":9,"posy":1,"lastAction":5,"status":0},{"playerId":2248990,"score":875,"energy":19,"posx":12,"posy":2,"lastAction":5,"status":0},{"playerId":2271981,"score":250,"energy":-3,"posx":7,"posy":5,"lastAction":6,"status":2}],"golds":[{"posx":0,"posy":0,"amount":50},{"posx":3,"posy":1,"amount":400},{"posx":9,"posy":1,"amount":200},{"posx":17,"posy":1,"amount":200},{"posx":12,"posy":2,"amount":350},{"posx":15,"posy":2,"amount":300},{"posx":1,"posy":3,"amount":550},{"posx":14,"posy":3,"amount":700},{"posx":16,"posy":4,"amount":250},{"posx":17,"posy":4,"amount":650},{"posx":3,"posy":5,"amount":600},{"posx":6,"posy":7,"amount":150},{"posx":8,"posy":7,"amount":100},{"posx":5,"posy":8,"amount":600}],"changedObstacles":[{"type":0,"posx":7,"posy":8,"value":-1}]},{"players":[{"playerId":2349571,"score":500,"energy":26,"posx":7,"posy":8,"lastAction":4,"status":0},{"playerId":2450708,"score":1125,"energy":15,"posx":9,"posy":1,"lastAction":5,"status":0},{"playerId":2248990,"score":925,"energy":14,"posx":12,"posy":2,"lastAction":5,"status":0},{"playerId":2271981,"score":250,"energy":-3,"posx":7,"posy":5,"lastAction":6,"status":2}],"golds":[{"posx":0,"posy":0,"amount":50},{"posx":3,"posy":1,"amount":400},{"posx":9,"posy":1,"amount":150},{"posx":17,"posy":1,"amount":200},{"posx":12,"posy":2,"amount":300},{"posx":15,"posy":2,"amount":300},{"posx":1,"posy":3,"amount":550},{"posx":14,"posy":3,"amount":700},{"posx":16,"posy":4,"amount":250},{"posx":17,"posy":4,"amount":650},{"posx":3,"posy":5,"amount":600},{"posx":6,"posy":7,"amount":150},{"posx":8,"posy":7,"amount":100},{"posx":5,"posy":8,"amount":600}],"changedObstacles":[]},{"players":[{"playerId":2349571,"score":500,"energy":25,"posx":6,"posy":8,"lastAction":0,"status":0},{"playerId":2450708,"score":1175,"energy":10,"posx":9,"posy":1,"lastAction":5,"status":0},{"playerId":2248990,"score":925,"energy":26,"posx":12,"posy":2,"lastAction":4,"status":0},{"playerId":2271981,"score":250,"energy":-3,"posx":7,"posy":5,"lastAction":6,"status":2}],"golds":[{"posx":0,"posy":0,"amount":50},{"posx":3,"posy":1,"amount":400},{"posx":9,"posy":1,"amount":100},{"posx":17,"posy":1,"amount":200},{"posx":12,"posy":2,"amount":300},{"posx":15,"posy":2,"amount":300},{"posx":1,"posy":3,"amount":550},{"posx":14,"posy":3,"amount":700},{"posx":16,"posy":4,"amount":250},{"posx":17,"posy":4,"amount":650},{"posx":3,"posy":5,"amount":600},{"posx":6,"posy":7,"amount":150},{"posx":8,"posy":7,"amount":100},{"posx":5,"posy":8,"amount":600}],"changedObstacles":[]},{"players":[{"playerId":2349571,"score":500,"energy":21,"posx":5,"posy":8,"lastAction":0,"status":0},{"playerId":2450708,"score":1225,"energy":5,"posx":9,"posy":1,"lastAction":5,"status":0},{"playerId":2248990,"score":975,"energy":21,"posx":12,"posy":2,"lastAction":5,"status":0},{"playerId":2271981,"score":250,"energy":-3,"posx":7,"posy":5,"lastAction":6,"status":2}],"golds":[{"posx":0,"posy":0,"amount":50},{"posx":3,"posy":1,"amount":400},{"posx":9,"posy":1,"amount":50},{"posx":17,"posy":1,"amount":200},{"posx":12,"posy":2,"amount":250},{"posx":15,"posy":2,"amount":300},{"posx":1,"posy":3,"amount":550},{"posx":14,"posy":3,"amount":700},{"posx":16,"posy":4,"amount":250},{"posx":17,"posy":4,"amount":650},{"posx":3,"posy":5,"amount":600},{"posx":6,"posy":7,"amount":150},{"posx":8,"posy":7,"amount":100},{"posx":5,"posy":8,"amount":600}],"changedObstacles":[]},{"players":[{"playerId":2349571,"score":550,"energy":16,"posx":5,"posy":8,"lastAction":5,"status":0},{"playerId":2450708,"score":1225,"energy":17,"posx":9,"posy":1,"lastAction":4,"status":0},{"playerId":2248990,"score":975,"energy":33,"posx":12,"posy":2,"lastAction":4,"status":0},{"playerId":2271981,"score":250,"energy":-3,"posx":7,"posy":5,"lastAction":6,"status":2}],"golds":[{"posx":0,"posy":0,"amount":50},{"posx":3,"posy":1,"amount":400},{"posx":9,"posy":1,"amount":50},{"posx":17,"posy":1,"amount":200},{"posx":12,"posy":2,"amount":250},{"posx":15,"posy":2,"amount":300},{"posx":1,"posy":3,"amount":550},{"posx":14,"posy":3,"amount":700},{"posx":16,"posy":4,"amount":250},{"posx":17,"posy":4,"amount":650},{"posx":3,"posy":5,"amount":600},{"posx":6,"posy":7,"amount":150},{"posx":8,"posy":7,"amount":100},{"posx":5,"posy":8,"amount":550}],"changedObstacles":[]},{"players":[{"playerId":2349571,"score":550,"energy":28,"posx":5,"posy":8,"lastAction":4,"status":0},{"playerId":2450708,"score":1275,"energy":12,"posx":9,"posy":1,"lastAction":5,"status":0},{"playerId":2248990,"score":1025,"energy":28,"posx":12,"posy":2,"lastAction":5,"status":0},{"playerId":2271981,"score":250,"energy":-3,"posx":7,"posy":5,"lastAction":6,"status":2}],"golds":[{"posx":0,"posy":0,"amount":50},{"posx":3,"posy":1,"amount":400},{"posx":17,"posy":1,"amount":200},{"posx":12,"posy":2,"amount":200},{"posx":15,"posy":2,"amount":300},{"posx":1,"posy":3,"amount":550},{"posx":14,"posy":3,"amount":700},{"posx":16,"posy":4,"amount":250},{"posx":17,"posy":4,"amount":650},{"posx":3,"posy":5,"amount":600},{"posx":6,"posy":7,"amount":150},{"posx":8,"posy":7,"amount":100},{"posx":5,"posy":8,"amount":550}],"changedObstacles":[{"type":0,"posx":9,"posy":1,"value":-1}]},{"players":[{"playerId":2349571,"score":600,"energy":23,"posx":5,"posy":8,"lastAction":5,"status":0},{"playerId":2450708,"score":1275,"energy":24,"posx":9,"posy":1,"lastAction":4,"status":0},{"playerId":2248990,"score":1075,"energy":23,"posx":12,"posy":2,"lastAction":5,"status":0},{"playerId":2271981,"score":250,"energy":-3,"posx":7,"posy":5,"lastAction":6,"status":2}],"golds":[{"posx":0,"posy":0,"amount":50},{"posx":3,"posy":1,"amount":400},{"posx":17,"posy":1,"amount":200},{"posx":12,"posy":2,"amount":150},{"posx":15,"posy":2,"amount":300},{"posx":1,"posy":3,"amount":550},{"posx":14,"posy":3,"amount":700},{"posx":16,"posy":4,"amount":250},{"posx":17,"posy":4,"amount":650},{"posx":3,"posy":5,"amount":600},{"posx":6,"posy":7,"amount":150},{"posx":8,"posy":7,"amount":100},{"posx":5,"posy":8,"amount":500}],"changedObstacles":[]},{"players":[{"playerId":2349571,"score":650,"energy":18,"posx":5,"posy":8,"lastAction":5,"status":0},{"playerId":2450708,"score":1275,"energy":16,"posx":10,"posy":1,"lastAction":1,"status":0},{"playerId":2248990,"score":1075,"energy":35,"posx":12,"posy":2,"lastAction":4,"status":0},{"playerId":2271981,"score":250,"energy":-3,"posx":7,"posy":5,"lastAction":6,"status":2}],"golds":[{"posx":0,"posy":0,"amount":50},{"posx":3,"posy":1,"amount":400},{"posx":17,"posy":1,"amount":200},{"posx":12,"posy":2,"amount":150},{"posx":15,"posy":2,"amount":300},{"posx":1,"posy":3,"amount":550},{"posx":14,"posy":3,"amount":700},{"posx":16,"posy":4,"amount":250},{"posx":17,"posy":4,"amount":650},{"posx":3,"posy":5,"amount":600},{"posx":6,"posy":7,"amount":150},{"posx":8,"posy":7,"amount":100},{"posx":5,"posy":8,"amount":450}],"changedObstacles":[]},{"players":[{"playerId":2349571,"score":650,"energy":30,"posx":5,"posy":8,"lastAction":4,"status":0},{"playerId":2450708,"score":1275,"energy":15,"posx":11,"posy":1,"lastAction":1,"status":0},{"playerId":2248990,"score":1125,"energy":30,"posx":12,"posy":2,"lastAction":5,"status":0},{"playerId":2271981,"score":250,"energy":-3,"posx":7,"posy":5,"lastAction":6,"status":2}],"golds":[{"posx":0,"posy":0,"amount":50},{"posx":3,"posy":1,"amount":400},{"posx":17,"posy":1,"amount":200},{"posx":12,"posy":2,"amount":100},{"posx":15,"posy":2,"amount":300},{"posx":1,"posy":3,"amount":550},{"posx":14,"posy":3,"amount":700},{"posx":16,"posy":4,"amount":250},{"posx":17,"posy":4,"amount":650},{"posx":3,"posy":5,"amount":600},{"posx":6,"posy":7,"amount":150},{"posx":8,"posy":7,"amount":100},{"posx":5,"posy":8,"amount":450}],"changedObstacles":[]},{"players":[{"playerId":2349571,"score":700,"energy":25,"posx":5,"posy":8,"lastAction":5,"status":0},{"playerId":2450708,"score":1275,"energy":10,"posx":11,"posy":2,"lastAction":3,"status":0},{"playerId":2248990,"score":1175,"energy":25,"posx":12,"posy":2,"lastAction":5,"status":0},{"playerId":2271981,"score":250,"energy":-3,"posx":7,"posy":5,"lastAction":6,"status":2}],"golds":[{"posx":0,"posy":0,"amount":50},{"posx":3,"posy":1,"amount":400},{"posx":17,"posy":1,"amount":200},{"posx":12,"posy":2,"amount":50},{"posx":15,"posy":2,"amount":300},{"posx":1,"posy":3,"amount":550},{"posx":14,"posy":3,"amount":700},{"posx":16,"posy":4,"amount":250},{"posx":17,"posy":4,"amount":650},{"posx":3,"posy":5,"amount":600},{"posx":6,"posy":7,"amount":150},{"posx":8,"posy":7,"amount":100},{"posx":5,"posy":8,"amount":400}],"changedObstacles":[{"type":3,"posx":11,"posy":2,"value":-20}]},{"players":[{"playerId":2349571,"score":750,"energy":20,"posx":5,"posy":8,"lastAction":5,"status":0},{"playerId":2450708,"score":1275,"energy":6,"posx":12,"posy":2,"lastAction":1,"status":0},{"playerId":2248990,"score":1175,"energy":37,"posx":12,"posy":2,"lastAction":4,"status":0},{"playerId":2271981,"score":250,"energy":-3,"posx":7,"posy":5,"lastAction":6,"status":2}],"golds":[{"posx":0,"posy":0,"amount":50},{"posx":3,"posy":1,"amount":400},{"posx":17,"posy":1,"amount":200},{"posx":12,"posy":2,"amount":50},{"posx":15,"posy":2,"amount":300},{"posx":1,"posy":3,"amount":550},{"posx":14,"posy":3,"amount":700},{"posx":16,"posy":4,"amount":250},{"posx":17,"posy":4,"amount":650},{"posx":3,"posy":5,"amount":600},{"posx":6,"posy":7,"amount":150},{"posx":8,"posy":7,"amount":100},{"posx":5,"posy":8,"amount":350}],"changedObstacles":[]},{"players":[{"playerId":2349571,"score":800,"energy":15,"posx":5,"posy":8,"lastAction":5,"status":0},{"playerId":2450708,"score":1300,"energy":1,"posx":12,"posy":2,"lastAction":5,"status":0},{"playerId":2248990,"score":1200,"energy":32,"posx":12,"posy":2,"lastAction":5,"status":0},{"playerId":2271981,"score":250,"energy":-3,"posx":7,"posy":5,"lastAction":6,"status":2}],"golds":[{"posx":0,"posy":0,"amount":50},{"posx":3,"posy":1,"amount":400},{"posx":17,"posy":1,"amount":200},{"posx":15,"posy":2,"amount":300},{"posx":1,"posy":3,"amount":550},{"posx":14,"posy":3,"amount":700},{"posx":16,"posy":4,"amount":250},{"posx":17,"posy":4,"amount":650},{"posx":3,"posy":5,"amount":600},{"posx":6,"posy":7,"amount":150},{"posx":8,"posy":7,"amount":100},{"posx":5,"posy":8,"amount":300}],"changedObstacles":[{"type":0,"posx":12,"posy":2,"value":-1}]},{"players":[{"playerId":2349571,"score":800,"energy":27,"posx":5,"posy":8,"lastAction":4,"status":0},{"playerId":2450708,"score":1300,"energy":13,"posx":12,"posy":2,"lastAction":4,"status":0},{"playerId":2248990,"score":1200,"energy":16,"posx":13,"posy":2,"lastAction":1,"status":0},{"playerId":2271981,"score":250,"energy":-3,"posx":7,"posy":5,"lastAction":6,"status":2}],"golds":[{"posx":0,"posy":0,"amount":50},{"posx":3,"posy":1,"amount":400},{"posx":17,"posy":1,"amount":200},{"posx":15,"posy":2,"amount":300},{"posx":1,"posy":3,"amount":550},{"posx":14,"posy":3,"amount":700},{"posx":16,"posy":4,"amount":250},{"posx":17,"posy":4,"amount":650},{"posx":3,"posy":5,"amount":600},{"posx":6,"posy":7,"amount":150},{"posx":8,"posy":7,"amount":100},{"posx":5,"posy":8,"amount":300}],"changedObstacles":[]},{"players":[{"playerId":2349571,"score":850,"energy":22,"posx":5,"posy":8,"lastAction":5,"status":0},{"playerId":2450708,"score":1300,"energy":29,"posx":12,"posy":2,"lastAction":4,"status":0},{"playerId":2248990,"score":1200,"energy":28,"posx":13,"posy":2,"lastAction":4,"status":0},{"playerId":2271981,"score":250,"energy":-3,"posx":7,"posy":5,"lastAction":6,"status":2}],"golds":[{"posx":0,"posy":0,"amount":50},{"posx":3,"posy":1,"amount":400},{"posx":17,"posy":1,"amount":200},{"posx":15,"posy":2,"amount":300},{"posx":1,"posy":3,"amount":550},{"posx":14,"posy":3,"amount":700},{"posx":16,"posy":4,"amount":250},{"posx":17,"posy":4,"amount":650},{"posx":3,"posy":5,"amount":600},{"posx":6,"posy":7,"amount":150},{"posx":8,"posy":7,"amount":100},{"posx":5,"posy":8,"amount":250}],"changedObstacles":[]},{"players":[{"playerId":2349571,"score":900,"energy":17,"posx":5,"posy":8,"lastAction":5,"status":0},{"playerId":2450708,"score":1300,"energy":28,"posx":12,"posy":3,"lastAction":3,"status":0},{"playerId":2248990,"score":1200,"energy":18,"posx":14,"posy":2,"lastAction":1,"status":0},{"playerId":2271981,"score":250,"energy":-3,"posx":7,"posy":5,"lastAction":6,"status":2}],"golds":[{"posx":0,"posy":0,"amount":50},{"posx":3,"posy":1,"amount":400},{"posx":17,"posy":1,"amount":200},{"posx":15,"posy":2,"amount":300},{"posx":1,"posy":3,"amount":550},{"posx":14,"posy":3,"amount":700},{"posx":16,"posy":4,"amount":250},{"posx":17,"posy":4,"amount":650},{"posx":3,"posy":5,"amount":600},{"posx":6,"posy":7,"amount":150},{"posx":8,"posy":7,"amount":100},{"posx":5,"posy":8,"amount":200}],"changedObstacles":[{"type":0,"posx":14,"posy":2,"value":-1}]},{"players":[{"playerId":2349571,"score":900,"energy":29,"posx":5,"posy":8,"lastAction":4,"status":0},{"playerId":2450708,"score":1300,"energy":22,"posx":13,"posy":3,"lastAction":1,"status":0},{"playerId":2248990,"score":1200,"energy":14,"posx":14,"posy":3,"lastAction":3,"status":0},{"playerId":2271981,"score":250,"energy":-3,"posx":7,"posy":5,"lastAction":6,"status":2}],"golds":[{"posx":0,"posy":0,"amount":50},{"posx":3,"posy":1,"amount":400},{"posx":17,"posy":1,"amount":200},{"posx":15,"posy":2,"amount":300},{"posx":1,"posy":3,"amount":550},{"posx":14,"posy":3,"amount":700},{"posx":16,"posy":4,"amount":250},{"posx":17,"posy":4,"amount":650},{"posx":3,"posy":5,"amount":600},{"posx":6,"posy":7,"amount":150},{"posx":8,"posy":7,"amount":100},{"posx":5,"posy":8,"amount":200}],"changedObstacles":[]},{"players":[{"playerId":2349571,"score":950,"energy":24,"posx":5,"posy":8,"lastAction":5,"status":0},{"playerId":2450708,"score":1300,"energy":18,"posx":14,"posy":3,"lastAction":1,"status":0},{"playerId":2248990,"score":1250,"energy":9,"posx":14,"posy":3,"lastAction":5,"status":0},{"playerId":2271981,"score":250,"energy":-3,"posx":7,"posy":5,"lastAction":6,"status":2}],"golds":[{"posx":0,"posy":0,"amount":50},{"posx":3,"posy":1,"amount":400},{"posx":17,"posy":1,"amount":200},{"posx":15,"posy":2,"amount":300},{"posx":1,"posy":3,"amount":550},{"posx":14,"posy":3,"amount":650},{"posx":16,"posy":4,"amount":250},{"posx":17,"posy":4,"amount":650},{"posx":3,"posy":5,"amount":600},{"posx":6,"posy":7,"amount":150},{"posx":8,"posy":7,"amount":100},{"posx":5,"posy":8,"amount":150}],"changedObstacles":[]},{"players":[{"playerId":2349571,"score":1000,"energy":19,"posx":5,"posy":8,"lastAction":5,"status":0},{"playerId":2450708,"score":1350,"energy":13,"posx":14,"posy":3,"lastAction":5,"status":0},{"playerId":2248990,"score":1250,"energy":21,"posx":14,"posy":3,"lastAction":4,"status":0},{"playerId":2271981,"score":250,"energy":-3,"posx":7,"posy":5,"lastAction":6,"status":2}],"golds":[{"posx":0,"posy":0,"amount":50},{"posx":3,"posy":1,"amount":400},{"posx":17,"posy":1,"amount":200},{"posx":15,"posy":2,"amount":300},{"posx":1,"posy":3,"amount":550},{"posx":14,"posy":3,"amount":600},{"posx":16,"posy":4,"amount":250},{"posx":17,"posy":4,"amount":650},{"posx":3,"posy":5,"amount":600},{"posx":6,"posy":7,"amount":150},{"posx":8,"posy":7,"amount":100},{"posx":5,"posy":8,"amount":100}],"changedObstacles":[]},{"players":[{"playerId":2349571,"score":1000,"energy":31,"posx":5,"posy":8,"lastAction":4,"status":0},{"playerId":2450708,"score":1400,"energy":8,"posx":14,"posy":3,"lastAction":5,"status":0},{"playerId":2248990,"score":1300,"energy":16,"posx":14,"posy":3,"lastAction":5,"status":0},{"playerId":2271981,"score":250,"energy":-3,"posx":7,"posy":5,"lastAction":6,"status":2}],"golds":[{"posx":0,"posy":0,"amount":50},{"posx":3,"posy":1,"amount":400},{"posx":17,"posy":1,"amount":200},{"posx":15,"posy":2,"amount":300},{"posx":1,"posy":3,"amount":550},{"posx":14,"posy":3,"amount":500},{"posx":16,"posy":4,"amount":250},{"posx":17,"posy":4,"amount":650},{"posx":3,"posy":5,"amount":600},{"posx":6,"posy":7,"amount":150},{"posx":8,"posy":7,"amount":100},{"posx":5,"posy":8,"amount":100}],"changedObstacles":[]},{"players":[{"playerId":2349571,"score":1050,"energy":26,"posx":5,"posy":8,"lastAction":5,"status":0},{"playerId":2450708,"score":1450,"energy":3,"posx":14,"posy":3,"lastAction":5,"status":0},{"playerId":2248990,"score":1350,"energy":11,"posx":14,"posy":3,"lastAction":5,"status":0},{"playerId":2271981,"score":250,"energy":-3,"posx":7,"posy":5,"lastAction":6,"status":2}],"golds":[{"posx":0,"posy":0,"amount":50},{"posx":3,"posy":1,"amount":400},{"posx":17,"posy":1,"amount":200},{"posx":15,"posy":2,"amount":300},{"posx":1,"posy":3,"amount":550},{"posx":14,"posy":3,"amount":400},{"posx":16,"posy":4,"amount":250},{"posx":17,"posy":4,"amount":650},{"posx":3,"posy":5,"amount":600},{"posx":6,"posy":7,"amount":150},{"posx":8,"posy":7,"amount":100},{"posx":5,"posy":8,"amount":50}],"changedObstacles":[]},{"players":[{"playerId":2349571,"score":1100,"energy":21,"posx":5,"posy":8,"lastAction":5,"status":0},{"playerId":2450708,"score":1450,"energy":15,"posx":14,"posy":3,"lastAction":4,"status":0},{"playerId":2248990,"score":1350,"energy":23,"posx":14,"posy":3,"lastAction":4,"status":0},{"playerId":2271981,"score":250,"energy":-3,"posx":7,"posy":5,"lastAction":6,"status":2}],"golds":[{"posx":0,"posy":0,"amount":50},{"posx":3,"posy":1,"amount":400},{"posx":17,"posy":1,"amount":200},{"posx":15,"posy":2,"amount":300},{"posx":1,"posy":3,"amount":550},{"posx":14,"posy":3,"amount":400},{"posx":16,"posy":4,"amount":250},{"posx":17,"posy":4,"amount":650},{"posx":3,"posy":5,"amount":600},{"posx":6,"posy":7,"amount":150},{"posx":8,"posy":7,"amount":100}],"changedObstacles":[{"type":0,"posx":5,"posy":8,"value":-1}]},{"players":[{"playerId":2349571,"score":1100,"energy":20,"posx":5,"posy":7,"lastAction":2,"status":0},{"playerId":2450708,"score":1500,"energy":10,"posx":14,"posy":3,"lastAction":5,"status":0},{"playerId":2248990,"score":1400,"energy":18,"posx":14,"posy":3,"lastAction":5,"status":0},{"playerId":2271981,"score":250,"energy":-3,"posx":7,"posy":5,"lastAction":6,"status":2}],"golds":[{"posx":0,"posy":0,"amount":50},{"posx":3,"posy":1,"amount":400},{"posx":17,"posy":1,"amount":200},{"posx":15,"posy":2,"amount":300},{"posx":1,"posy":3,"amount":550},{"posx":14,"posy":3,"amount":300},{"posx":16,"posy":4,"amount":250},{"posx":17,"posy":4,"amount":650},{"posx":3,"posy":5,"amount":600},{"posx":6,"posy":7,"amount":150},{"posx":8,"posy":7,"amount":100}],"changedObstacles":[]},{"players":[{"playerId":2349571,"score":1100,"energy":16,"posx":6,"posy":7,"lastAction":1,"status":0},{"playerId":2450708,"score":1550,"energy":5,"posx":14,"posy":3,"lastAction":5,"status":0},{"playerId":2248990,"score":1450,"energy":13,"posx":14,"posy":3,"lastAction":5,"status":0},{"playerId":2271981,"score":250,"energy":-3,"posx":7,"posy":5,"lastAction":6,"status":2}],"golds":[{"posx":0,"posy":0,"amount":50},{"posx":3,"posy":1,"amount":400},{"posx":17,"posy":1,"amount":200},{"posx":15,"posy":2,"amount":300},{"posx":1,"posy":3,"amount":550},{"posx":14,"posy":3,"amount":200},{"posx":16,"posy":4,"amount":250},{"posx":17,"posy":4,"amount":650},{"posx":3,"posy":5,"amount":600},{"posx":6,"posy":7,"amount":150},{"posx":8,"posy":7,"amount":100}],"changedObstacles":[]},{"players":[{"playerId":2349571,"score":1100,"energy":28,"posx":6,"posy":7,"lastAction":4,"status":0},{"playerId":2450708,"score":1550,"energy":17,"posx":14,"posy":3,"lastAction":4,"status":0},{"playerId":2248990,"score":1500,"energy":8,"posx":14,"posy":3,"lastAction":5,"status":0},{"playerId":2271981,"score":250,"energy":-3,"posx":7,"posy":5,"lastAction":6,"status":2}],"golds":[{"posx":0,"posy":0,"amount":50},{"posx":3,"posy":1,"amount":400},{"posx":17,"posy":1,"amount":200},{"posx":15,"posy":2,"amount":300},{"posx":1,"posy":3,"amount":550},{"posx":14,"posy":3,"amount":150},{"posx":16,"posy":4,"amount":250},{"posx":17,"posy":4,"amount":650},{"posx":3,"posy":5,"amount":600},{"posx":6,"posy":7,"amount":150},{"posx":8,"posy":7,"amount":100}],"changedObstacles":[]},{"players":[{"playerId":2349571,"score":1150,"energy":23,"posx":6,"posy":7,"lastAction":5,"status":0},{"playerId":2450708,"score":1600,"energy":12,"posx":14,"posy":3,"lastAction":5,"status":0},{"playerId":2248990,"score":1500,"energy":20,"posx":14,"posy":3,"lastAction":4,"status":0},{"playerId":2271981,"score":250,"energy":-3,"posx":7,"posy":5,"lastAction":6,"status":2}],"golds":[{"posx":0,"posy":0,"amount":50},{"posx":3,"posy":1,"amount":400},{"posx":17,"posy":1,"amount":200},{"posx":15,"posy":2,"amount":300},{"posx":1,"posy":3,"amount":550},{"posx":14,"posy":3,"amount":100},{"posx":16,"posy":4,"amount":250},{"posx":17,"posy":4,"amount":650},{"posx":3,"posy":5,"amount":600},{"posx":6,"posy":7,"amount":100},{"posx":8,"posy":7,"amount":100}],"changedObstacles":[]},{"players":[{"playerId":2349571,"score":1200,"energy":18,"posx":6,"posy":7,"lastAction":5,"status":0},{"playerId":2450708,"score":1650,"energy":7,"posx":14,"posy":3,"lastAction":5,"status":0},{"playerId":2248990,"score":1550,"energy":15,"posx":14,"posy":3,"lastAction":5,"status":0},{"playerId":2271981,"score":250,"energy":-3,"posx":7,"posy":5,"lastAction":6,"status":2}],"golds":[{"posx":0,"posy":0,"amount":50},{"posx":3,"posy":1,"amount":400},{"posx":17,"posy":1,"amount":200},{"posx":15,"posy":2,"amount":300},{"posx":1,"posy":3,"amount":550},{"posx":16,"posy":4,"amount":250},{"posx":17,"posy":4,"amount":650},{"posx":3,"posy":5,"amount":600},{"posx":6,"posy":7,"amount":50},{"posx":8,"posy":7,"amount":100}],"changedObstacles":[{"type":0,"posx":14,"posy":3,"value":-1}]},{"players":[{"playerId":2349571,"score":1200,"energy":30,"posx":6,"posy":7,"lastAction":4,"status":0},{"playerId":2450708,"score":1650,"energy":6,"posx":14,"posy":2,"lastAction":2,"status":0},{"playerId":2248990,"score":1550,"energy":27,"posx":14,"posy":3,"lastAction":4,"status":0},{"playerId":2271981,"score":250,"energy":-3,"posx":7,"posy":5,"lastAction":6,"status":2}],"golds":[{"posx":0,"posy":0,"amount":50},{"posx":3,"posy":1,"amount":400},{"posx":17,"posy":1,"amount":200},{"posx":15,"posy":2,"amount":300},{"posx":1,"posy":3,"amount":550},{"posx":16,"posy":4,"amount":250},{"posx":17,"posy":4,"amount":650},{"posx":3,"posy":5,"amount":600},{"posx":6,"posy":7,"amount":50},{"posx":8,"posy":7,"amount":100}],"changedObstacles":[]},{"players":[{"playerId":2349571,"score":1250,"energy":25,"posx":6,"posy":7,"lastAction":5,"status":0},{"playerId":2450708,"score":1650,"energy":2,"posx":15,"posy":2,"lastAction":1,"status":0},{"playerId":2248990,"score":1550,"energy":26,"posx":15,"posy":3,"lastAction":1,"status":0},{"playerId":2271981,"score":250,"energy":-3,"posx":7,"posy":5,"lastAction":6,"status":2}],"golds":[{"posx":0,"posy":0,"amount":50},{"posx":3,"posy":1,"amount":400},{"posx":17,"posy":1,"amount":200},{"posx":15,"posy":2,"amount":300},{"posx":1,"posy":3,"amount":550},{"posx":16,"posy":4,"amount":250},{"posx":17,"posy":4,"amount":650},{"posx":3,"posy":5,"amount":600},{"posx":8,"posy":7,"amount":100}],"changedObstacles":[{"type":0,"posx":6,"posy":7,"value":-1}]},{"players":[{"playerId":2349571,"score":1250,"energy":15,"posx":7,"posy":7,"lastAction":1,"status":0},{"playerId":2450708,"score":1650,"energy":14,"posx":15,"posy":2,"lastAction":4,"status":0},{"playerId":2248990,"score":1550,"energy":16,"posx":16,"posy":3,"lastAction":1,"status":0},{"playerId":2271981,"score":250,"energy":-3,"posx":7,"posy":5,"lastAction":6,"status":2}],"golds":[{"posx":0,"posy":0,"amount":50},{"posx":3,"posy":1,"amount":400},{"posx":17,"posy":1,"amount":200},{"posx":15,"posy":2,"amount":300},{"posx":1,"posy":3,"amount":550},{"posx":16,"posy":4,"amount":250},{"posx":17,"posy":4,"amount":650},{"posx":3,"posy":5,"amount":600},{"posx":8,"posy":7,"amount":100}],"changedObstacles":[{"type":0,"posx":7,"posy":7,"value":-1},{"type":0,"posx":16,"posy":3,"value":-1}]},{"players":[{"playerId":2349571,"score":1250,"energy":27,"posx":7,"posy":7,"lastAction":4,"status":0},{"playerId":2450708,"score":1700,"energy":9,"posx":15,"posy":2,"lastAction":5,"status":0},{"playerId":2248990,"score":1550,"energy":12,"posx":16,"posy":4,"lastAction":3,"status":0},{"playerId":2271981,"score":250,"energy":-3,"posx":7,"posy":5,"lastAction":6,"status":2}],"golds":[{"posx":0,"posy":0,"amount":50},{"posx":3,"posy":1,"amount":400},{"posx":17,"posy":1,"amount":200},{"posx":15,"posy":2,"amount":250},{"posx":1,"posy":3,"amount":550},{"posx":16,"posy":4,"amount":250},{"posx":17,"posy":4,"amount":650},{"posx":3,"posy":5,"amount":600},{"posx":8,"posy":7,"amount":100}],"changedObstacles":[]},{"players":[{"playerId":2349571,"score":1250,"energy":23,"posx":8,"posy":7,"lastAction":1,"status":0},{"playerId":2450708,"score":1750,"energy":4,"posx":15,"posy":2,"lastAction":5,"status":0},{"playerId":2248990,"score":1550,"energy":24,"posx":16,"posy":4,"lastAction":4,"status":0},{"playerId":2271981,"score":250,"energy":-3,"posx":7,"posy":5,"lastAction":6,"status":2}],"golds":[{"posx":0,"posy":0,"amount":50},{"posx":3,"posy":1,"amount":400},{"posx":17,"posy":1,"amount":200},{"posx":15,"posy":2,"amount":200},{"posx":1,"posy":3,"amount":550},{"posx":16,"posy":4,"amount":250},{"posx":17,"posy":4,"amount":650},{"posx":3,"posy":5,"amount":600},{"posx":8,"posy":7,"amount":100}],"changedObstacles":[]},{"players":[{"playerId":2349571,"score":1300,"energy":18,"posx":8,"posy":7,"lastAction":5,"status":0},{"playerId":2450708,"score":1750,"energy":16,"posx":15,"posy":2,"lastAction":4,"status":0},{"playerId":2248990,"score":1600,"energy":19,"posx":16,"posy":4,"lastAction":5,"status":0},{"playerId":2271981,"score":250,"energy":-3,"posx":7,"posy":5,"lastAction":6,"status":2}],"golds":[{"posx":0,"posy":0,"amount":50},{"posx":3,"posy":1,"amount":400},{"posx":17,"posy":1,"amount":200},{"posx":15,"posy":2,"amount":200},{"posx":1,"posy":3,"amount":550},{"posx":16,"posy":4,"amount":200},{"posx":17,"posy":4,"amount":650},{"posx":3,"posy":5,"amount":600},{"posx":8,"posy":7,"amount":50}],"changedObstacles":[]},{"players":[{"playerId":2349571,"score":1300,"energy":30,"posx":8,"posy":7,"lastAction":4,"status":0},{"playerId":2450708,"score":1800,"energy":11,"posx":15,"posy":2,"lastAction":5,"status":0},{"playerId":2248990,"score":1650,"energy":14,"posx":16,"posy":4,"lastAction":5,"status":0},{"playerId":2271981,"score":250,"energy":-3,"posx":7,"posy":5,"lastAction":6,"status":2}],"golds":[{"posx":0,"posy":0,"amount":50},{"posx":3,"posy":1,"amount":400},{"posx":17,"posy":1,"amount":200},{"posx":15,"posy":2,"amount":150},{"posx":1,"posy":3,"amount":550},{"posx":16,"posy":4,"amount":150},{"posx":17,"posy":4,"amount":650},{"posx":3,"posy":5,"amount":600},{"posx":8,"posy":7,"amount":50}],"changedObstacles":[]},{"players":[{"playerId":2349571,"score":1350,"energy":25,"posx":8,"posy":7,"lastAction":5,"status":0},{"playerId":2450708,"score":1850,"energy":6,"posx":15,"posy":2,"lastAction":5,"status":0},{"playerId":2248990,"score":1700,"energy":9,"posx":16,"posy":4,"lastAction":5,"status":0},{"playerId":2271981,"score":250,"energy":-3,"posx":7,"posy":5,"lastAction":6,"status":2}],"golds":[{"posx":0,"posy":0,"amount":50},{"posx":3,"posy":1,"amount":400},{"posx":17,"posy":1,"amount":200},{"posx":15,"posy":2,"amount":100},{"posx":1,"posy":3,"amount":550},{"posx":16,"posy":4,"amount":100},{"posx":17,"posy":4,"amount":650},{"posx":3,"posy":5,"amount":600}],"changedObstacles":[{"type":0,"posx":8,"posy":7,"value":-1}]},{"players":[{"playerId":2349571,"score":1350,"energy":24,"posx":8,"posy":6,"lastAction":2,"status":0},{"playerId":2450708,"score":1900,"energy":1,"posx":15,"posy":2,"lastAction":5,"status":0},{"playerId":2248990,"score":1700,"energy":21,"posx":16,"posy":4,"lastAction":4,"status":0},{"playerId":2271981,"score":250,"energy":-3,"posx":7,"posy":5,"lastAction":6,"status":2}],"golds":[{"posx":0,"posy":0,"amount":50},{"posx":3,"posy":1,"amount":400},{"posx":17,"posy":1,"amount":200},{"posx":15,"posy":2,"amount":50},{"posx":1,"posy":3,"amount":550},{"posx":16,"posy":4,"amount":100},{"posx":17,"posy":4,"amount":650},{"posx":3,"posy":5,"amount":600}],"changedObstacles":[]},{"players":[{"playerId":2349571,"score":1350,"energy":23,"posx":8,"posy":5,"lastAction":2,"status":0},{"playerId":2450708,"score":1900,"energy":13,"posx":15,"posy":2,"lastAction":4,"status":0},{"playerId":2248990,"score":1750,"energy":16,"posx":16,"posy":4,"lastAction":5,"status":0},{"playerId":2271981,"score":250,"energy":-3,"posx":7,"posy":5,"lastAction":6,"status":2}],"golds":[{"posx":0,"posy":0,"amount":50},{"posx":3,"posy":1,"amount":400},{"posx":17,"posy":1,"amount":200},{"posx":15,"posy":2,"amount":50},{"posx":1,"posy":3,"amount":550},{"posx":16,"posy":4,"amount":50},{"posx":17,"posy":4,"amount":650},{"posx":3,"posy":5,"amount":600}],"changedObstacles":[]},{"players":[{"playerId":2349571,"score":1350,"energy":12,"posx":7,"posy":5,"lastAction":0,"status":0},{"playerId":2450708,"score":1950,"energy":8,"posx":15,"posy":2,"lastAction":5,"status":0},{"playerId":2248990,"score":1800,"energy":11,"posx":16,"posy":4,"lastAction":5,"status":0},{"playerId":2271981,"score":250,"energy":-3,"posx":7,"posy":5,"lastAction":6,"status":2}],"golds":[{"posx":0,"posy":0,"amount":50},{"posx":3,"posy":1,"amount":400},{"posx":17,"posy":1,"amount":200},{"posx":1,"posy":3,"amount":550},{"posx":17,"posy":4,"amount":650},{"posx":3,"posy":5,"amount":600}],"changedObstacles":[{"type":0,"posx":15,"posy":2,"value":-1},{"type":0,"posx":16,"posy":4,"value":-1}]},{"players":[{"playerId":2349571,"score":1350,"energy":24,"posx":7,"posy":5,"lastAction":4,"status":0},{"playerId":2450708,"score":1950,"energy":7,"posx":16,"posy":2,"lastAction":1,"status":0},{"playerId":2248990,"score":1800,"energy":23,"posx":16,"posy":4,"lastAction":4,"status":0},{"playerId":2271981,"score":250,"energy":-3,"posx":7,"posy":5,"lastAction":6,"status":2}],"golds":[{"posx":0,"posy":0,"amount":50},{"posx":3,"posy":1,"amount":400},{"posx":17,"posy":1,"amount":200},{"posx":1,"posy":3,"amount":550},{"posx":17,"posy":4,"amount":650},{"posx":3,"posy":5,"amount":600}],"changedObstacles":[]},{"players":[{"playerId":2349571,"score":1350,"energy":13,"posx":6,"posy":5,"lastAction":0,"status":0},{"playerId":2450708,"score":1950,"energy":2,"posx":16,"posy":1,"lastAction":2,"status":0},{"playerId":2248990,"score":1800,"energy":19,"posx":17,"posy":4,"lastAction":1,"status":0},{"playerId":2271981,"score":250,"energy":-3,"posx":7,"posy":5,"lastAction":6,"status":2}],"golds":[{"posx":0,"posy":0,"amount":50},{"posx":3,"posy":1,"amount":400},{"posx":17,"posy":1,"amount":200},{"posx":1,"posy":3,"amount":550},{"posx":17,"posy":4,"amount":650},{"posx":3,"posy":5,"amount":600}],"changedObstacles":[{"type":3,"posx":16,"posy":1,"value":-20}]},{"players":[{"playerId":2349571,"score":1350,"energy":25,"posx":6,"posy":5,"lastAction":4,"status":0},{"playerId":2450708,"score":1950,"energy":14,"posx":16,"posy":1,"lastAction":4,"status":0},{"playerId":2248990,"score":1850,"energy":14,"posx":17,"posy":4,"lastAction":5,"status":0},{"playerId":2271981,"score":250,"energy":-3,"posx":7,"posy":5,"lastAction":6,"status":2}],"golds":[{"posx":0,"posy":0,"amount":50},{"posx":3,"posy":1,"amount":400},{"posx":17,"posy":1,"amount":200},{"posx":1,"posy":3,"amount":550},{"posx":17,"posy":4,"amount":600},{"posx":3,"posy":5,"amount":600}],"changedObstacles":[]},{"players":[{"playerId":2349571,"score":1350,"energy":24,"posx":5,"posy":5,"lastAction":0,"status":0},{"playerId":2450708,"score":1950,"energy":10,"posx":17,"posy":1,"lastAction":1,"status":0},{"playerId":2248990,"score":1900,"energy":9,"posx":17,"posy":4,"lastAction":5,"status":0},{"playerId":2271981,"score":250,"energy":-3,"posx":7,"posy":5,"lastAction":6,"status":2}],"golds":[{"posx":0,"posy":0,"amount":50},{"posx":3,"posy":1,"amount":400},{"posx":17,"posy":1,"amount":200},{"posx":1,"posy":3,"amount":550},{"posx":17,"posy":4,"amount":550},{"posx":3,"posy":5,"amount":600}],"changedObstacles":[]},{"players":[{"playerId":2349571,"score":1350,"energy":14,"posx":4,"posy":5,"lastAction":0,"status":0},{"playerId":2450708,"score":2000,"energy":5,"posx":17,"posy":1,"lastAction":5,"status":0},{"playerId":2248990,"score":1900,"energy":21,"posx":17,"posy":4,"lastAction":4,"status":0},{"playerId":2271981,"score":250,"energy":-3,"posx":7,"posy":5,"lastAction":6,"status":2}],"golds":[{"posx":0,"posy":0,"amount":50},{"posx":3,"posy":1,"amount":400},{"posx":17,"posy":1,"amount":150},{"posx":1,"posy":3,"amount":550},{"posx":17,"posy":4,"amount":550},{"posx":3,"posy":5,"amount":600}],"changedObstacles":[{"type":0,"posx":4,"posy":5,"value":-1}]},{"players":[{"playerId":2349571,"score":1350,"energy":26,"posx":4,"posy":5,"lastAction":4,"status":0},{"playerId":2450708,"score":2000,"energy":17,"posx":17,"posy":1,"lastAction":4,"status":0},{"playerId":2248990,"score":1950,"energy":16,"posx":17,"posy":4,"lastAction":5,"status":0},{"playerId":2271981,"score":250,"energy":-3,"posx":7,"posy":5,"lastAction":6,"status":2}],"golds":[{"posx":0,"posy":0,"amount":50},{"posx":3,"posy":1,"amount":400},{"posx":17,"posy":1,"amount":150},{"posx":1,"posy":3,"amount":550},{"posx":17,"posy":4,"amount":500},{"posx":3,"posy":5,"amount":600}],"changedObstacles":[]},{"players":[{"playerId":2349571,"score":1350,"energy":22,"posx":3,"posy":5,"lastAction":0,"status":0},{"playerId":2450708,"score":2050,"energy":12,"posx":17,"posy":1,"lastAction":5,"status":0},{"playerId":2248990,"score":2000,"energy":11,"posx":17,"posy":4,"lastAction":5,"status":0},{"playerId":2271981,"score":250,"energy":-3,"posx":7,"posy":5,"lastAction":6,"status":2}],"golds":[{"posx":0,"posy":0,"amount":50},{"posx":3,"posy":1,"amount":400},{"posx":17,"posy":1,"amount":100},{"posx":1,"posy":3,"amount":550},{"posx":17,"posy":4,"amount":450},{"posx":3,"posy":5,"amount":600}],"changedObstacles":[]},{"players":[{"playerId":2349571,"score":1400,"energy":17,"posx":3,"posy":5,"lastAction":5,"status":0},{"playerId":2450708,"score":2100,"energy":7,"posx":17,"posy":1,"lastAction":5,"status":0},{"playerId":2248990,"score":2000,"energy":23,"posx":17,"posy":4,"lastAction":4,"status":0},{"playerId":2271981,"score":250,"energy":-3,"posx":7,"posy":5,"lastAction":6,"status":2}],"golds":[{"posx":0,"posy":0,"amount":50},{"posx":3,"posy":1,"amount":400},{"posx":17,"posy":1,"amount":50},{"posx":1,"posy":3,"amount":550},{"posx":17,"posy":4,"amount":450},{"posx":3,"posy":5,"amount":550}],"changedObstacles":[]},{"players":[{"playerId":2349571,"score":1400,"energy":29,"posx":3,"posy":5,"lastAction":4,"status":0},{"playerId":2450708,"score":2150,"energy":2,"posx":17,"posy":1,"lastAction":5,"status":0},{"playerId":2248990,"score":2050,"energy":18,"posx":17,"posy":4,"lastAction":5,"status":0},{"playerId":2271981,"score":250,"energy":-3,"posx":7,"posy":5,"lastAction":6,"status":2}],"golds":[{"posx":0,"posy":0,"amount":50},{"posx":3,"posy":1,"amount":400},{"posx":1,"posy":3,"amount":550},{"posx":17,"posy":4,"amount":400},{"posx":3,"posy":5,"amount":550}],"changedObstacles":[{"type":0,"posx":17,"posy":1,"value":-1}]},{"players":[{"playerId":2349571,"score":1450,"energy":24,"posx":3,"posy":5,"lastAction":5,"status":0},{"playerId":2450708,"score":2150,"energy":14,"posx":17,"posy":1,"lastAction":4,"status":0},{"playerId":2248990,"score":2100,"energy":13,"posx":17,"posy":4,"lastAction":5,"status":0},{"playerId":2271981,"score":250,"energy":-3,"posx":7,"posy":5,"lastAction":6,"status":2}],"golds":[{"posx":0,"posy":0,"amount":50},{"posx":3,"posy":1,"amount":400},{"posx":1,"posy":3,"amount":550},{"posx":17,"posy":4,"amount":350},{"posx":3,"posy":5,"amount":500}],"changedObstacles":[]},{"players":[{"playerId":2349571,"score":1500,"energy":19,"posx":3,"posy":5,"lastAction":5,"status":0},{"playerId":2450708,"score":2150,"energy":30,"posx":17,"posy":1,"lastAction":4,"status":0},{"playerId":2248990,"score":2150,"energy":8,"posx":17,"posy":4,"lastAction":5,"status":0},{"playerId":2271981,"score":250,"energy":-3,"posx":7,"posy":5,"lastAction":6,"status":2}],"golds":[{"posx":0,"posy":0,"amount":50},{"posx":3,"posy":1,"amount":400},{"posx":1,"posy":3,"amount":550},{"posx":17,"posy":4,"amount":300},{"posx":3,"posy":5,"amount":450}],"changedObstacles":[]},{"players":[{"playerId":2349571,"score":1500,"energy":31,"posx":3,"posy":5,"lastAction":4,"status":0},{"playerId":2450708,"score":2150,"energy":14,"posx":17,"posy":2,"lastAction":3,"status":0},{"playerId":2248990,"score":2150,"energy":20,"posx":17,"posy":4,"lastAction":4,"status":0},{"playerId":2271981,"score":250,"energy":-3,"posx":7,"posy":5,"lastAction":6,"status":2}],"golds":[{"posx":0,"posy":0,"amount":50},{"posx":3,"posy":1,"amount":400},{"posx":1,"posy":3,"amount":550},{"posx":17,"posy":4,"amount":300},{"posx":3,"posy":5,"amount":450}],"changedObstacles":[]},{"players":[{"playerId":2349571,"score":1550,"energy":26,"posx":3,"posy":5,"lastAction":5,"status":0},{"playerId":2450708,"score":2150,"energy":26,"posx":17,"posy":2,"lastAction":4,"status":0},{"playerId":2248990,"score":2200,"energy":15,"posx":17,"posy":4,"lastAction":5,"status":0},{"playerId":2271981,"score":250,"energy":-3,"posx":7,"posy":5,"lastAction":6,"status":2}],"golds":[{"posx":0,"posy":0,"amount":50},{"posx":3,"posy":1,"amount":400},{"posx":1,"posy":3,"amount":550},{"posx":17,"posy":4,"amount":250},{"posx":3,"posy":5,"amount":400}],"changedObstacles":[]},{"players":[{"playerId":2349571,"score":1600,"energy":21,"posx":3,"posy":5,"lastAction":5,"status":0},{"playerId":2450708,"score":2150,"energy":6,"posx":17,"posy":3,"lastAction":3,"status":0},{"playerId":2248990,"score":2250,"energy":10,"posx":17,"posy":4,"lastAction":5,"status":0},{"playerId":2271981,"score":250,"energy":-3,"posx":7,"posy":5,"lastAction":6,"status":2}],"golds":[{"posx":0,"posy":0,"amount":50},{"posx":3,"posy":1,"amount":400},{"posx":1,"posy":3,"amount":550},{"posx":17,"posy":4,"amount":200},{"posx":3,"posy":5,"amount":350}],"changedObstacles":[]},{"players":[{"playerId":2349571,"score":1650,"energy":16,"posx":3,"posy":5,"lastAction":5,"status":0},{"playerId":2450708,"score":2150,"energy":2,"posx":17,"posy":4,"lastAction":3,"status":0},{"playerId":2248990,"score":2300,"energy":5,"posx":17,"posy":4,"lastAction":5,"status":0},{"playerId":2271981,"score":250,"energy":-3,"posx":7,"posy":5,"lastAction":6,"status":2}],"golds":[{"posx":0,"posy":0,"amount":50},{"posx":3,"posy":1,"amount":400},{"posx":1,"posy":3,"amount":550},{"posx":17,"posy":4,"amount":150},{"posx":3,"posy":5,"amount":300}],"changedObstacles":[]},{"players":[{"playerId":2349571,"score":1650,"energy":28,"posx":3,"posy":5,"lastAction":4,"status":0},{"playerId":2450708,"score":2150,"energy":14,"posx":17,"posy":4,"lastAction":4,"status":0},{"playerId":2248990,"score":2300,"energy":17,"posx":17,"posy":4,"lastAction":4,"status":0},{"playerId":2271981,"score":250,"energy":-3,"posx":7,"posy":5,"lastAction":6,"status":2}],"golds":[{"posx":0,"posy":0,"amount":50},{"posx":3,"posy":1,"amount":400},{"posx":1,"posy":3,"amount":550},{"posx":17,"posy":4,"amount":150},{"posx":3,"posy":5,"amount":300}],"changedObstacles":[]},{"players":[{"playerId":2349571,"score":1700,"energy":23,"posx":3,"posy":5,"lastAction":5,"status":0},{"playerId":2450708,"score":2200,"energy":9,"posx":17,"posy":4,"lastAction":5,"status":0},{"playerId":2248990,"score":2350,"energy":12,"posx":17,"posy":4,"lastAction":5,"status":0},{"playerId":2271981,"score":250,"energy":-3,"posx":7,"posy":5,"lastAction":6,"status":2}],"golds":[{"posx":0,"posy":0,"amount":50},{"posx":3,"posy":1,"amount":400},{"posx":1,"posy":3,"amount":550},{"posx":17,"posy":4,"amount":50},{"posx":3,"posy":5,"amount":250}],"changedObstacles":[]},{"players":[{"playerId":2349571,"score":1750,"energy":18,"posx":3,"posy":5,"lastAction":5,"status":0},{"playerId":2450708,"score":2225,"energy":4,"posx":17,"posy":4,"lastAction":5,"status":0},{"playerId":2248990,"score":2375,"energy":7,"posx":17,"posy":4,"lastAction":5,"status":0},{"playerId":2271981,"score":250,"energy":-3,"posx":7,"posy":5,"lastAction":6,"status":2}],"golds":[{"posx":0,"posy":0,"amount":50},{"posx":3,"posy":1,"amount":400},{"posx":1,"posy":3,"amount":550},{"posx":3,"posy":5,"amount":200}],"changedObstacles":[{"type":0,"posx":17,"posy":4,"value":-1}]},{"players":[{"playerId":2349571,"score":1750,"energy":30,"posx":3,"posy":5,"lastAction":4,"status":0},{"playerId":2450708,"score":2225,"energy":16,"posx":17,"posy":4,"lastAction":4,"status":0},{"playerId":2248990,"score":2375,"energy":19,"posx":17,"posy":4,"lastAction":4,"status":0},{"playerId":2271981,"score":250,"energy":-3,"posx":7,"posy":5,"lastAction":6,"status":2}],"golds":[{"posx":0,"posy":0,"amount":50},{"posx":3,"posy":1,"amount":400},{"posx":1,"posy":3,"amount":550},{"posx":3,"posy":5,"amount":200}],"changedObstacles":[]},{"players":[{"playerId":2349571,"score":1800,"energy":25,"posx":3,"posy":5,"lastAction":5,"status":0},{"playerId":2450708,"score":2225,"energy":15,"posx":16,"posy":4,"lastAction":0,"status":0},{"playerId":2248990,"score":2375,"energy":35,"posx":17,"posy":4,"lastAction":4,"status":0},{"playerId":2271981,"score":250,"energy":-3,"posx":7,"posy":5,"lastAction":6,"status":2}],"golds":[{"posx":0,"posy":0,"amount":50},{"posx":3,"posy":1,"amount":400},{"posx":1,"posy":3,"amount":550},{"posx":3,"posy":5,"amount":150}],"changedObstacles":[]},{"players":[{"playerId":2349571,"score":1850,"energy":20,"posx":3,"posy":5,"lastAction":5,"status":0},{"playerId":2450708,"score":2225,"energy":14,"posx":15,"posy":4,"lastAction":0,"status":0},{"playerId":2248990,"score":2375,"energy":34,"posx":16,"posy":4,"lastAction":0,"status":0},{"playerId":2271981,"score":250,"energy":-3,"posx":7,"posy":5,"lastAction":6,"status":2}],"golds":[{"posx":0,"posy":0,"amount":50},{"posx":3,"posy":1,"amount":400},{"posx":1,"posy":3,"amount":550},{"posx":3,"posy":5,"amount":100}],"changedObstacles":[]},{"players":[{"playerId":2349571,"score":1900,"energy":15,"posx":3,"posy":5,"lastAction":5,"status":0},{"playerId":2450708,"score":2225,"energy":9,"posx":14,"posy":4,"lastAction":0,"status":0},{"playerId":2248990,"score":2375,"energy":29,"posx":16,"posy":5,"lastAction":3,"status":0},{"playerId":2271981,"score":250,"energy":-3,"posx":7,"posy":5,"lastAction":6,"status":2}],"golds":[{"posx":0,"posy":0,"amount":50},{"posx":3,"posy":1,"amount":400},{"posx":1,"posy":3,"amount":550},{"posx":3,"posy":5,"amount":50}],"changedObstacles":[{"type":3,"posx":14,"posy":4,"value":-20},{"type":3,"posx":16,"posy":5,"value":-20}]},{"players":[{"playerId":2349571,"score":1900,"energy":27,"posx":3,"posy":5,"lastAction":4,"status":0},{"playerId":2450708,"score":2225,"energy":4,"posx":13,"posy":4,"lastAction":0,"status":0},{"playerId":2248990,"score":2375,"energy":19,"posx":15,"posy":5,"lastAction":0,"status":0},{"playerId":2271981,"score":250,"energy":-3,"posx":7,"posy":5,"lastAction":6,"status":2}],"golds":[{"posx":0,"posy":0,"amount":50},{"posx":3,"posy":1,"amount":400},{"posx":1,"posy":3,"amount":550},{"posx":3,"posy":5,"amount":50}],"changedObstacles":[{"type":3,"posx":13,"posy":4,"value":-20},{"type":0,"posx":15,"posy":5,"value":-1}]},{"players":[{"playerId":2349571,"score":1950,"energy":22,"posx":3,"posy":5,"lastAction":5,"status":0},{"playerId":2450708,"score":2225,"energy":16,"posx":13,"posy":4,"lastAction":4,"status":0},{"playerId":2248990,"score":2375,"energy":31,"posx":15,"posy":5,"lastAction":4,"status":0},{"playerId":2271981,"score":250,"energy":-3,"posx":7,"posy":5,"lastAction":6,"status":2}],"golds":[{"posx":0,"posy":0,"amount":50},{"posx":3,"posy":1,"amount":400},{"posx":1,"posy":3,"amount":550}],"changedObstacles":[{"type":0,"posx":3,"posy":5,"value":-1}]},{"players":[{"playerId":2349571,"score":1950,"energy":17,"posx":2,"posy":5,"lastAction":0,"status":0},{"playerId":2450708,"score":2225,"energy":15,"posx":12,"posy":4,"lastAction":0,"status":0},{"playerId":2248990,"score":2375,"energy":30,"posx":14,"posy":5,"lastAction":0,"status":0},{"playerId":2271981,"score":250,"energy":-3,"posx":7,"posy":5,"lastAction":6,"status":2}],"golds":[{"posx":0,"posy":0,"amount":50},{"posx":3,"posy":1,"amount":400},{"posx":1,"posy":3,"amount":550}],"changedObstacles":[{"type":3,"posx":2,"posy":5,"value":-20}]},{"players":[{"playerId":2349571,"score":1950,"energy":29,"posx":2,"posy":5,"lastAction":4,"status":0},{"playerId":2450708,"score":2225,"energy":14,"posx":11,"posy":4,"lastAction":0,"status":0},{"playerId":2248990,"score":2375,"energy":29,"posx":13,"posy":5,"lastAction":0,"status":0},{"playerId":2271981,"score":250,"energy":-3,"posx":7,"posy":5,"lastAction":6,"status":2}],"golds":[{"posx":0,"posy":0,"amount":50},{"posx":3,"posy":1,"amount":400},{"posx":1,"posy":3,"amount":550}],"changedObstacles":[]}]