[{"players":[{"playerId":2450708,"score":0,"energy":46},{"playerId":2234905,"score":0,"energy":46},{"playerId":2248990,"score":0,"energy":46},{"playerId":2271981,"score":0,"energy":46}],"golds":[{"posx":8,"posy":4,"amount":50},{"posx":16,"posy":4,"amount":250},{"posx":7,"posy":4,"amount":750},{"posx":17,"posy":4,"amount":650},{"posx":4,"posy":4,"amount":450},{"posx":12,"posy":4,"amount":50},{"posx":9,"posy":1,"amount":600},{"posx":14,"posy":3,"amount":700},{"posx":12,"posy":2,"amount":600},{"posx":0,"posy":0,"amount":50},{"posx":6,"posy":7,"amount":150},{"posx":1,"posy":3,"amount":550},{"posx":3,"posy":1,"amount":400},{"posx":5,"posy":8,"amount":600},{"posx":3,"posy":5,"amount":600},{"posx":8,"posy":7,"amount":100},{"posx":5,"posy":3,"amount":700},{"posx":17,"posy":1,"amount":200},{"posx":15,"posy":2,"amount":300},{"posx":12,"posy":6,"amount":50}],"changedObstacles":[]},{"players":[{"playerId":2450708,"score":50,"energy":41},{"playerId":2234905,"score":50,"energy":41},{"playerId":2248990,"score":50,"energy":41},{"playerId":2271981,"score":0,"energy":41}],"golds":[{"posx":0,"posy":0,"amount":50},{"posx":3,"posy":1,"amount":400},{"posx":9,"posy":1,"amount":600},{"posx":17,"posy":1,"amount":200},{"posx":12,"posy":2,"amount":600},{"posx":15,"posy":2,"amount":300},{"posx":1,"posy":3,"amount":550},{"posx":5,"posy":3,"amount":600},{"posx":14,"posy":3,"amount":700},{"posx":4,"posy":4,"amount":400},{"posx":7,"posy":4,"amount":750},{"posx":8,"posy":4,"amount":50},{"posx":12,"posy":4,"amount":50},{"posx":16,"posy":4,"amount":250},{"posx":17,"posy":4,"amount":650},{"posx":3,"posy":5,"amount":600},{"posx":12,"posy":6,"amount":50},{"posx":6,"posy":7,"amount":150},{"posx":8,"posy":7,"amount":100},{"posx":5,"posy":8,"amount":600}],"changedObstacles":[{"type":3,"posx":5,"posy":4,"value":-20}]},{"players":[{"playerId":2450708,"score":100,"energy":36},{"playerId":2234905,"score":100,"energy":36},{"playerId":2248990,"score":100,"energy":36},{"playerId":2271981,"score":0,"energy":37}],"golds":[{"posx":0,"posy":0,"amount":50},{"posx":3,"posy":1,"amount":400},{"posx":9,"posy":1,"amount":600},{"posx":17,"posy":1,"amount":200},{"posx":12,"posy":2,"amount":600},{"posx":15,"posy":2,"amount":300},{"posx":1,"posy":3,"amount":550},{"posx":5,"posy":3,"amount":500},{"posx":14,"posy":3,"amount":700},{"posx":4,"posy":4,"amount":350},{"posx":7,"posy":4,"amount":750},{"posx":8,"posy":4,"amount":50},{"posx":12,"posy":4,"amount":50},{"posx":16,"posy":4,"amount":250},{"posx":17,"posy":4,"amount":650},{"posx":3,"posy":5,"amount":600},{"posx":12,"posy":6,"amount":50},{"posx":6,"posy":7,"amount":150},{"posx":8,"posy":7,"amount":100},{"posx":5,"posy":8,"amount":600}],"changedObstacles":[]},{"players":[{"playerId":2450708,"score":150,"energy":31},{"playerId":2234905,"score":150,"energy":31},{"playerId":2248990,"score":150,"energy":31},{"playerId":2271981,"score":0,"energy":27}],"golds":[{"posx":0,"posy":0,"amount":50},{"posx":3,"posy":1,"amount":400},{"posx":9,"posy":1,"amount":600},{"posx":17,"posy":1,"amount":200},{"posx":12,"posy":2,"amount":600},{"posx":15,"posy":2,"amount":300},{"posx":1,"posy":3,"amount":550},{"posx":5,"posy":3,"amount":400},{"posx":14,"posy":3,"amount":700},{"posx":4,"posy":4,"amount":300},{"posx":7,"posy":4,"amount":750},{"posx":8,"posy":4,"amount":50},{"posx":12,"posy":4,"amount":50},{"posx":16,"posy":4,"amount":250},{"posx":17,"posy":4,"amount":650},{"posx":3,"posy":5,"amount":600},{"posx":12,"posy":6,"amount":50},{"posx":6,"posy":7,"amount":150},{"posx":8,"posy":7,"amount":100},{"posx":5,"posy":8,"amount":600}],"changedObstacles":[{"type":0,"posx":6,"posy":3,"value":-1}]},{"players":[{"playerId":2450708,"score":200,"energy":26},{"playerId":2234905,"score":200,"energy":26},{"playerId":2248990,"score":200,"energy":26},{"playerId":2271981,"score":0,"energy":17}],"golds":[{"posx":0,"posy":0,"amount":50},{"posx":3,"posy":1,"amount":400},{"posx":9,"posy":1,"amount":600},{"posx":17,"posy":1,"amount":200},{"posx":12,"posy":2,"amount":600},{"posx":15,"posy":2,"amount":300},{"posx":1,"posy":3,"amount":550},{"posx":5,"posy":3,"amount":300},{"posx":14,"posy":3,"amount":700},{"posx":4,"posy":4,"amount":250},{"posx":7,"posy":4,"amount":750},{"posx":8,"posy":4,"amount":50},{"posx":12,"posy":4,"amount":50},{"posx":16,"posy":4,"amount":250},{"posx":17,"posy":4,"amount":650},{"posx":3,"posy":5,"amount":600},{"posx":12,"posy":6,"amount":50},{"posx":6,"posy":7,"amount":150},{"posx":8,"posy":7,"amount":100},{"posx":5,"posy":8,"amount":600}],"changedObstacles":[{"type":0,"posx":6,"posy":4,"value":-1}]},{"players":[{"playerId":2450708,"score":250,"energy":21},{"playerId":2234905,"score":250,"energy":21},{"playerId":2248990,"score":250,"energy":21},{"playerId":2271981,"score":0,"energy":13}],"golds":[{"posx":0,"posy":0,"amount":50},{"posx":3,"posy":1,"amount":400},{"posx":9,"posy":1,"amount":600},{"posx":17,"posy":1,"amount":200},{"posx":12,"posy":2,"amount":600},{"posx":15,"posy":2,"amount":300},{"posx":1,"posy":3,"amount":550},{"posx":5,"posy":3,"amount":200},{"posx":14,"posy":3,"amount":700},{"posx":4,"posy":4,"amount":200},{"posx":7,"posy":4,"amount":750},{"posx":8,"posy":4,"amount":50},{"posx":12,"posy":4,"amount":50},{"posx":16,"posy":4,"amount":250},{"posx":17,"posy":4,"amount":650},{"posx":3,"posy":5,"amount":600},{"posx":12,"posy":6,"amount":50},{"posx":6,"posy":7,"amount":150},{"posx":8,"posy":7,"amount":100},{"posx":5,"posy":8,"amount":600}],"changedObstacles":[]},{"players":[{"playerId":2450708,"score":300,"energy":16},{"playerId":2234905,"score":300,"energy":16},{"playerId":2248990,"score":300,"energy":16},{"playerId":2271981,"score":50,"energy":8}],"golds":[{"posx":0,"posy":0,"amount":50},{"posx":3,"posy":1,"amount":400},{"posx":9,"posy":1,"amount":600},{"posx":17,"posy":1,"amount":200},{"posx":12,"posy":2,"amount":600},{"posx":15,"posy":2,"amount":300},{"posx":1,"posy":3,"amount":550},{"posx":5,"posy":3,"amount":100},{"posx":14,"posy":3,"amount":700},{"posx":4,"posy":4,"amount":150},{"posx":7,"posy":4,"amount":700},{"posx":8,"posy":4,"amount":50},{"posx":12,"posy":4,"amount":50},{"posx":16,"posy":4,"amount":250},{"posx":17,"posy":4,"amount":650},{"posx":3,"posy":5,"amount":600},{"posx":12,"posy":6,"amount":50},{"posx":6,"posy":7,"amount":150},{"posx":8,"posy":7,"amount":100},{"posx":5,"posy":8,"amount":600}],"changedObstacles":[]},{"players":[{"playerId":2450708,"score":350,"energy":11},{"playerId":2234905,"score":350,"energy":11},{"playerId":2248990,"score":350,"energy":11},{"playerId":2271981,"score":100,"energy":3}],"golds":[{"posx":0,"posy":0,"amount":50},{"posx":3,"posy":1,"amount":400},{"posx":9,"posy":1,"amount":600},{"posx":17,"posy":1,"amount":200},{"posx":12,"posy":2,"amount":600},{"posx":15,"posy":2,"amount":300},{"posx":1,"posy":3,"amount":550},{"posx":14,"posy":3,"amount":700},{"posx":4,"posy":4,"amount":100},{"posx":7,"posy":4,"amount":650},{"posx":8,"posy":4,"amount":50},{"posx":12,"posy":4,"amount":50},{"posx":16,"posy":4,"amount":250},{"posx":17,"posy":4,"amount":650},{"posx":3,"posy":5,"amount":600},{"posx":12,"posy":6,"amount":50},{"posx":6,"posy":7,"amount":150},{"posx":8,"posy":7,"amount":100},{"posx":5,"posy":8,"amount":600}],"changedObstacles":[{"type":0,"posx":5,"posy":3,"value":-1}]},{"players":[{"playerId":2450708,"score":350,"energy":10},{"playerId":2234905,"score":400,"energy":6},{"playerId":2248990,"score":350,"energy":23},{"playerId":2271981,"score":100,"energy":15}],"golds":[{"posx":0,"posy":0,"amount":50},{"posx":3,"posy":1,"amount":400},{"posx":9,"posy":1,"amount":600},{"posx":17,"posy":1,"amount":200},{"posx":12,"posy":2,"amount":600},{"posx":15,"posy":2,"amount":300},{"posx":1,"posy":3,"amount":550},{"posx":14,"posy":3,"amount":700},{"posx":4,"posy":4,"amount":50},{"posx":7,"posy":4,"amount":650},{"posx":8,"posy":4,"amount":50},{"posx":12,"posy":4,"amount":50},{"posx":16,"posy":4,"amount":250},{"posx":17,"posy":4,"amount":650},{"posx":3,"posy":5,"amount":600},{"posx":12,"posy":6,"amount":50},{"posx":6,"posy":7,"amount":150},{"posx":8,"posy":7,"amount":100},{"posx":5,"posy":8,"amount":600}],"changedObstacles":[]},{"players":[{"playerId":2450708,"score":350,"energy":9},{"playerId":2234905,"score":450,"energy":1},{"playerId":2248990,"score":350,"energy":22},{"playerId":2271981,"score":150,"energy":10}],"golds":[{"posx":0,"posy":0,"amount":50},{"posx":3,"posy":1,"amount":400},{"posx":9,"posy":1,"amount":600},{"posx":17,"posy":1,"amount":200},{"posx":12,"posy":2,"amount":600},{"posx":15,"posy":2,"amount":300},{"posx":1,"posy":3,"amount":550},{"posx":14,"posy":3,"amount":700},{"posx":7,"posy":4,"amount":600},{"posx":8,"posy":4,"amount":50},{"posx":12,"posy":4,"amount":50},{"posx":16,"posy":4,"amount":250},{"posx":17,"posy":4,"amount":650},{"posx":3,"posy":5,"amount":600},{"posx":12,"posy":6,"amount":50},{"posx":6,"posy":7,"amount":150},{"posx":8,"posy":7,"amount":100},{"posx":5,"posy":8,"amount":600}],"changedObstacles":[{"type":0,"posx":4,"posy":4,"value":-1}]},{"players":[{"playerId":2450708,"score":350,"energy":5},{"playerId":2234905,"score":450,"energy":13},{"playerId":2248990,"score":350,"energy":34},{"playerId":2271981,"score":200,"energy":5}],"golds":[{"posx":0,"posy":0,"amount":50},{"posx":3,"posy":1,"amount":400},{"posx":9,"posy":1,"amount":600},{"posx":17,"posy":1,"amount":200},{"posx":12,"posy":2,"amount":600},{"posx":15,"posy":2,"amount":300},{"posx":1,"posy":3,"amount":550},{"posx":14,"posy":3,"amount":700},{"posx":7,"posy":4,"amount":550},{"posx":8,"posy":4,"amount":50},{"posx":12,"posy":4,"amount":50},{"posx":16,"posy":4,"amount":250},{"posx":17,"posy":4,"amount":650},{"posx":3,"posy":5,"amount":600},{"posx":12,"posy":6,"amount":50},{"posx":6,"posy":7,"amount":150},{"posx":8,"posy":7,"amount":100},{"posx":5,"posy":8,"amount":600}],"changedObstacles":[]},{"players":[{"playerId":2450708,"score":350,"energy":17},{"playerId":2234905,"score":450,"energy":12},{"playerId":2248990,"score":350,"energy":19},{"playerId":2271981,"score":200,"energy":17}],"golds":[{"posx":0,"posy":0,"amount":50},{"posx":3,"posy":1,"amount":400},{"posx":9,"posy":1,"amount":600},{"posx":17,"posy":1,"amount":200},{"posx":12,"posy":2,"amount":600},{"posx":15,"posy":2,"amount":300},{"posx":1,"posy":3,"amount":550},{"posx":14,"posy":3,"amount":700},{"posx":7,"posy":4,"amount":550},{"posx":8,"posy":4,"amount":50},{"posx":12,"posy":4,"amount":50},{"posx":16,"posy":4,"amount":250},{"posx":17,"posy":4,"amount":650},{"posx":3,"posy":5,"amount":600},{"posx":12,"posy":6,"amount":50},{"posx":6,"posy":7,"amount":150},{"posx":8,"posy":7,"amount":100},{"posx":5,"posy":8,"amount":600}],"changedObstacles":[]},{"players":[{"playerId":2450708,"score":350,"energy":33},{"playerId":2234905,"score":450,"energy":24},{"playerId":2248990,"score":350,"energy":15},{"playerId":2271981,"score":250,"energy":12}],"golds":[{"posx":0,"posy":0,"amount":50},{"posx":3,"posy":1,"amount":400},{"posx":9,"posy":1,"amount":600},{"posx":17,"posy":1,"amount":200},{"posx":12,"posy":2,"amount":600},{"posx":15,"posy":2,"amount":300},{"posx":1,"posy":3,"amount":550},{"posx":14,"posy":3,"amount":700},{"posx":7,"posy":4,"amount":500},{"posx":8,"posy":4,"amount":50},{"posx":12,"posy":4,"amount":50},{"posx":16,"posy":4,"amount":250},{"posx":17,"posy":4,"amount":650},{"posx":3,"posy":5,"amount":600},{"posx":12,"posy":6,"amount":50},{"posx":6,"posy":7,"amount":150},{"posx":8,"posy":7,"amount":100},{"posx":5,"posy":8,"amount":600}],"changedObstacles":[]},{"players":[{"playerId":2450708,"score":400,"energy":28},{"playerId":2234905,"score":450,"energy":19},{"playerId":2248990,"score":400,"energy":10},{"playerId":2271981,"score":250,"energy":-1}],"golds":[{"posx":0,"posy":0,"amount":50},{"posx":3,"posy":1,"amount":400},{"posx":9,"posy":1,"amount":600},{"posx":17,"posy":1,"amount":200},{"posx":12,"posy":2,"amount":600},{"posx":15,"posy":2,"amount":300},{"posx":1,"posy":3,"amount":550},{"posx":14,"posy":3,"amount":700},{"posx":7,"posy":4,"amount":400},{"posx":8,"posy":4,"amount":50},{"posx":12,"posy":4,"amount":50},{"posx":16,"posy":4,"amount":250},{"posx":17,"posy":4,"amount":650},{"posx":3,"posy":5,"amount":600},{"posx":12,"posy":6,"amount":50},{"posx":6,"posy":7,"amount":150},{"posx":8,"posy":7,"amount":100},{"posx":5,"posy":8,"amount":600}],"changedObstacles":[{"type":3,"posx":4,"posy":2,"value":-20}]},{"players":[{"playerId":2450708,"score":450,"energy":23},{"playerId":2234905,"score":450,"energy":31},{"playerId":2248990,"score":400,"energy":22},{"playerId":2271981,"score":250,"energy":-1}],"golds":[{"posx":0,"posy":0,"amount":50},{"posx":3,"posy":1,"amount":400},{"posx":9,"posy":1,"amount":600},{"posx":17,"posy":1,"amount":200},{"posx":12,"posy":2,"amount":600},{"posx":15,"posy":2,"amount":300},{"posx":1,"posy":3,"amount":550},{"posx":14,"posy":3,"amount":700},{"posx":7,"posy":4,"amount":350},{"posx":8,"posy":4,"amount":50},{"posx":12,"posy":4,"amount":50},{"posx":16,"posy":4,"amount":250},{"posx":17,"posy":4,"amount":650},{"posx":3,"posy":5,"amount":600},{"posx":12,"posy":6,"amount":50},{"posx":6,"posy":7,"amount":150},{"posx":8,"posy":7,"amount":100},{"posx":5,"posy":8,"amount":600}],"changedObstacles":[]},{"players":[{"playerId":2450708,"score":500,"energy":18},{"playerId":2234905,"score":450,"energy":30},{"playerId":2248990,"score":450,"energy":17},{"playerId":2271981,"score":250,"energy":-1}],"golds":[{"posx":0,"posy":0,"amount":50},{"posx":3,"posy":1,"amount":400},{"posx":9,"posy":1,"amount":600},{"posx":17,"posy":1,"amount":200},{"posx":12,"posy":2,"amount":600},{"posx":15,"posy":2,"amount":300},{"posx":1,"posy":3,"amount":550},{"posx":14,"posy":3,"amount":700},{"posx":7,"posy":4,"amount":250},{"posx":8,"posy":4,"amount":50},{"posx":12,"posy":4,"amount":50},{"posx":16,"posy":4,"amount":250},{"posx":17,"posy":4,"amount":650},{"posx":3,"posy":5,"amount":600},{"posx":12,"posy":6,"amount":50},{"posx":6,"posy":7,"amount":150},{"posx":8,"posy":7,"amount":100},{"posx":5,"posy":8,"amount":600}],"changedObstacles":[]},{"players":[{"playerId":2450708,"score":550,"energy":13},{"playerId":2234905,"score":450,"energy":29},{"playerId":2248990,"score":500,"energy":12},{"playerId":2271981,"score":250,"energy":-1}],"golds":[{"posx":0,"posy":0,"amount":50},{"posx":3,"posy":1,"amount":400},{"posx":9,"posy":1,"amount":600},{"posx":17,"posy":1,"amount":200},{"posx":12,"posy":2,"amount":600},{"posx":15,"posy":2,"amount":300},{"posx":1,"posy":3,"amount":550},{"posx":14,"posy":3,"amount":700},{"posx":7,"posy":4,"amount":150},{"posx":8,"posy":4,"amount":50},{"posx":12,"posy":4,"amount":50},{"posx":16,"posy":4,"amount":250},{"posx":17,"posy":4,"amount":650},{"posx":3,"posy":5,"amount":600},{"posx":12,"posy":6,"amount":50},{"posx":6,"posy":7,"amount":150},{"posx":8,"posy":7,"amount":100},{"posx":5,"posy":8,"amount":600}],"changedObstacles":[]},{"players":[{"playerId":2450708,"score":600,"energy":8},{"playerId":2234905,"score":450,"energy":28},{"playerId":2248990,"score":500,"energy":24},{"playerId":2271981,"score":250,"energy":-1}],"golds":[{"posx":0,"posy":0,"amount":50},{"posx":3,"posy":1,"amount":400},{"posx":9,"posy":1,"amount":600},{"posx":17,"posy":1,"amount":200},{"posx":12,"posy":2,"amount":600},{"posx":15,"posy":2,"amount":300},{"posx":1,"posy":3,"amount":550},{"posx":14,"posy":3,"amount":700},{"posx":7,"posy":4,"amount":100},{"posx":8,"posy":4,"amount":50},{"posx":12,"posy":4,"amount":50},{"posx":16,"posy":4,"amount":250},{"posx":17,"posy":4,"amount":650},{"posx":3,"posy":5,"amount":600},{"posx":12,"posy":6,"amount":50},{"posx":6,"posy":7,"amount":150},{"posx":8,"posy":7,"amount":100},{"posx":5,"posy":8,"amount":600}],"changedObstacles":[]},{"players":[{"playerId":2450708,"score":650,"energy":3},{"playerId":2234905,"score":450,"energy":18},{"playerId":2248990,"score":550,"energy":19},{"playerId":2271981,"score":250,"energy":-1}],"golds":[{"posx":0,"posy":0,"amount":50},{"posx":3,"posy":1,"amount":400},{"posx":9,"posy":1,"amount":600},{"posx":17,"posy":1,"amount":200},{"posx":12,"posy":2,"amount":600},{"posx":15,"posy":2,"amount":300},{"posx":1,"posy":3,"amount":550},{"posx":14,"posy":3,"amount":700},{"posx":8,"posy":4,"amount":50},{"posx":12,"posy":4,"amount":50},{"posx":16,"posy":4,"amount":250},{"posx":17,"posy":4,"amount":650},{"posx":3,"posy":5,"amount":600},{"posx":12,"posy":6,"amount":50},{"posx":6,"posy":7,"amount":150},{"posx":8,"posy":7,"amount":100},{"posx":5,"posy":8,"amount":600}],"changedObstacles":[{"type":0,"posx":1,"posy":1,"value":-1},{"type":0,"posx":7,"posy":4,"value":-1}]},{"players":[{"playerId":2450708,"score":650,"energy":15},{"playerId":2234905,"score":450,"energy":17},{"playerId":2248990,"score":550,"energy":15},{"playerId":2271981,"score":250,"energy":-1}],"golds":[{"posx":0,"posy":0,"amount":50},{"posx":3,"posy":1,"amount":400},{"posx":9,"posy":1,"amount":600},{"posx":17,"posy":1,"amount":200},{"posx":12,"posy":2,"amount":600},{"posx":15,"posy":2,"amount":300},{"posx":1,"posy":3,"amount":550},{"posx":14,"posy":3,"amount":700},{"posx":8,"posy":4,"amount":50},{"posx":12,"posy":4,"amount":50},{"posx":16,"posy":4,"amount":250},{"posx":17,"posy":4,"amount":650},{"posx":3,"posy":5,"amount":600},{"posx":12,"posy":6,"amount":50},{"posx":6,"posy":7,"amount":150},{"posx":8,"posy":7,"amount":100},{"posx":5,"posy":8,"amount":600}],"changedObstacles":[]},{"players":[{"playerId":2450708,"score":650,"energy":11},{"playerId":2234905,"score":450,"energy":13},{"playerId":2248990,"score":600,"energy":10},{"playerId":2271981,"score":250,"energy":-1}],"golds":[{"posx":0,"posy":0,"amount":50},{"posx":3,"posy":1,"amount":400},{"posx":9,"posy":1,"amount":600},{"posx":17,"posy":1,"amount":200},{"posx":12,"posy":2,"amount":600},{"posx":15,"posy":2,"amount":300},{"posx":1,"posy":3,"amount":550},{"posx":14,"posy":3,"amount":700},{"posx":12,"posy":4,"amount":50},{"posx":16,"posy":4,"amount":250},{"posx":17,"posy":4,"amount":650},{"posx":3,"posy":5,"amount":600},{"posx":12,"posy":6,"amount":50},{"posx":6,"posy":7,"amount":150},{"posx":8,"posy":7,"amount":100},{"posx":5,"posy":8,"amount":600}],"changedObstacles":[{"type":0,"posx":8,"posy":4,"value":-1}]},{"players":[{"playerId":2450708,"score":650,"energy":10},{"playerId":2234905,"score":500,"energy":8},{"playerId":2248990,"score":600,"energy":22},{"playerId":2271981,"score":250,"energy":-1}],"golds":[{"posx":3,"posy":1,"amount":400},{"posx":9,"posy":1,"amount":600},{"posx":17,"posy":1,"amount":200},{"posx":12,"posy":2,"amount":600},{"posx":15,"posy":2,"amount":300},{"posx":1,"posy":3,"amount":550},{"posx":14,"posy":3,"amount":700},{"posx":12,"posy":4,"amount":50},{"posx":16,"posy":4,"amount":250},{"posx":17,"posy":4,"amount":650},{"posx":3,"posy":5,"amount":600},{"posx":12,"posy":6,"amount":50},{"posx":6,"posy":7,"amount":150},{"posx":8,"posy":7,"amount":100},{"posx":5,"posy":8,"amount":600}],"changedObstacles":[{"type":0,"posx":0,"posy":0,"value":-1}]},{"players":[{"playerId":2450708,"score":650,"energy":9},{"playerId":2234905,"score":500,"energy":7},{"playerId":2248990,"score":600,"energy":21},{"playerId":2271981,"score":250,"energy":-1}],"golds":[{"posx":3,"posy":1,"amount":400},{"posx":9,"posy":1,"amount":600},{"posx":17,"posy":1,"amount":200},{"posx":12,"posy":2,"amount":600},{"posx":15,"posy":2,"amount":300},{"posx":1,"posy":3,"amount":550},{"posx":14,"posy":3,"amount":700},{"posx":12,"posy":4,"amount":50},{"posx":16,"posy":4,"amount":250},{"posx":17,"posy":4,"amount":650},{"posx":3,"posy":5,"amount":600},{"posx":12,"posy":6,"amount":50},{"posx":6,"posy":7,"amount":150},{"posx":8,"posy":7,"amount":100},{"posx":5,"posy":8,"amount":600}],"changedObstacles":[]},{"players":[{"playerId":2450708,"score":650,"energy":5},{"playerId":2234905,"score":500,"energy":19},{"playerId":2248990,"score":600,"energy":33},{"playerId":2271981,"score":250,"energy":-1}],"golds":[{"posx":3,"posy":1,"amount":400},{"posx":9,"posy":1,"amount":600},{"posx":17,"posy":1,"amount":200},{"posx":12,"posy":2,"amount":600},{"posx":15,"posy":2,"amount":300},{"posx":1,"posy":3,"amount":550},{"posx":14,"posy":3,"amount":700},{"posx":12,"posy":4,"amount":50},{"posx":16,"posy":4,"amount":250},{"posx":17,"posy":4,"amount":650},{"posx":3,"posy":5,"amount":600},{"posx":12,"posy":6,"amount":50},{"posx":6,"posy":7,"amount":150},{"posx":8,"posy":7,"amount":100},{"posx":5,"posy":8,"amount":600}],"changedObstacles":[]},{"players":[{"playerId":2450708,"score":650,"energy":17},{"playerId":2234905,"score":500,"energy":35},{"playerId":2248990,"score":600,"energy":23},{"playerId":2271981,"score":250,"energy":-1}],"golds":[{"posx":3,"posy":1,"amount":400},{"posx":9,"posy":1,"amount":600},{"posx":17,"posy":1,"amount":200},{"posx":12,"posy":2,"amount":600},{"posx":15,"posy":2,"amount":300},{"posx":1,"posy":3,"amount":550},{"posx":14,"posy":3,"amount":700},{"posx":12,"posy":4,"amount":50},{"posx":16,"posy":4,"amount":250},{"posx":17,"posy":4,"amount":650},{"posx":3,"posy":5,"amount":600},{"posx":12,"posy":6,"amount":50},{"posx":6,"posy":7,"amount":150},{"posx":8,"posy":7,"amount":100},{"posx":5,"posy":8,"amount":600}],"changedObstacles":[{"type":0,"posx":10,"posy":4,"value":-1}]},{"players":[{"playerId":2450708,"score":700,"energy":12},{"playerId":2234905,"score":500,"energy":19},{"playerId":2248990,"score":600,"energy":22},{"playerId":2271981,"score":250,"energy":-1}],"golds":[{"posx":3,"posy":1,"amount":400},{"posx":9,"posy":1,"amount":600},{"posx":17,"posy":1,"amount":200},{"posx":12,"posy":2,"amount":600},{"posx":15,"posy":2,"amount":300},{"posx":1,"posy":3,"amount":550},{"posx":14,"posy":3,"amount":700},{"posx":12,"posy":4,"amount":50},{"posx":16,"posy":4,"amount":250},{"posx":17,"posy":4,"amount":650},{"posx":3,"posy":5,"amount":600},{"posx":12,"posy":6,"amount":50},{"posx":6,"posy":7,"amount":150},{"posx":8,"posy":7,"amount":50},{"posx":5,"posy":8,"amount":600}],"changedObstacles":[]},{"players":[{"playerId":2450708,"score":750,"energy":7},{"playerId":2234905,"score":500,"energy":18},{"playerId":2248990,"score":600,"energy":18},{"playerId":2271981,"score":250,"energy":-1}],"golds":[{"posx":3,"posy":1,"amount":400},{"posx":9,"posy":1,"amount":600},{"posx":17,"posy":1,"amount":200},{"posx":12,"posy":2,"amount":600},{"posx":15,"posy":2,"amount":300},{"posx":1,"posy":3,"amount":550},{"posx":14,"posy":3,"amount":700},{"posx":12,"posy":4,"amount":50},{"posx":16,"posy":4,"amount":250},{"posx":17,"posy":4,"amount":650},{"posx":3,"posy":5,"amount":600},{"posx":12,"posy":6,"amount":50},{"posx":6,"posy":7,"amount":150},{"posx":5,"posy":8,"amount":600}],"changedObstacles":[{"type":0,"posx":8,"posy":7,"value":-1}]},{"players":[{"playerId":2450708,"score":750,"energy":19},{"playerId":2234905,"score":500,"energy":13},{"playerId":2248990,"score":650,"energy":13},{"playerId":2271981,"score":250,"energy":-1}],"golds":[{"posx":3,"posy":1,"amount":400},{"posx":9,"posy":1,"amount":600},{"posx":17,"posy":1,"amount":200},{"posx":12,"posy":2,"amount":600},{"posx":15,"posy":2,"amount":300},{"posx":1,"posy":3,"amount":550},{"posx":14,"posy":3,"amount":700},{"posx":16,"posy":4,"amount":250},{"posx":17,"posy":4,"amount":650},{"posx":3,"posy":5,"amount":600},{"posx":12,"posy":6,"amount":50},{"posx":6,"posy":7,"amount":150},{"posx":5,"posy":8,"amount":600}],"changedObstacles":[{"type":3,"posx":0,"posy":4,"value":-20},{"type":0,"posx":12,"posy":4,"value":-1}]},{"players":[{"playerId":2450708,"score":750,"energy":9},{"playerId":2234905,"score":500,"energy":12},{"playerId":2248990,"score":650,"energy":25},{"playerId":2271981,"score":250,"energy":-1}],"golds":[{"posx":3,"posy":1,"amount":400},{"posx":9,"posy":1,"amount":600},{"posx":17,"posy":1,"amount":200},{"posx":12,"posy":2,"amount":600},{"posx":15,"posy":2,"amount":300},{"posx":1,"posy":3,"amount":550},{"posx":14,"posy":3,"amount":700},{"posx":16,"posy":4,"amount":250},{"posx":17,"posy":4,"amount":650},{"posx":3,"posy":5,"amount":600},{"posx":12,"posy":6,"amount":50},{"posx":6,"posy":7,"amount":150},{"posx":5,"posy":8,"amount":600}],"changedObstacles":[{"type":0,"posx":7,"posy":7,"value":-1}]},{"players":[{"playerId":2450708,"score":750,"energy":5},{"playerId":2234905,"score":500,"energy":11},{"playerId":2248990,"score":650,"energy":24},{"playerId":2271981,"score":250,"energy":-1}],"golds":[{"posx":3,"posy":1,"amount":400},{"posx":9,"posy":1,"amount":600},{"posx":17,"posy":1,"amount":200},{"posx":12,"posy":2,"amount":600},{"posx":15,"posy":2,"amount":300},{"posx":1,"posy":3,"amount":550},{"posx":14,"posy":3,"amount":700},{"posx":16,"posy":4,"amount":250},{"posx":17,"posy":4,"amount":650},{"posx":3,"posy":5,"amount":600},{"posx":12,"posy":6,"amount":50},{"posx":6,"posy":7,"amount":150},{"posx":5,"posy":8,"amount":600}],"changedObstacles":[]},{"players":[{"playerId":2450708,"score":750,"energy":17},{"playerId":2234905,"score":500,"energy":10},{"playerId":2248990,"score":650,"energy":20},{"playerId":2271981,"score":250,"energy":-1}],"golds":[{"posx":3,"posy":1,"amount":400},{"posx":9,"posy":1,"amount":600},{"posx":17,"posy":1,"amount":200},{"posx":12,"posy":2,"amount":600},{"posx":15,"posy":2,"amount":300},{"posx":1,"posy":3,"amount":550},{"posx":14,"posy":3,"amount":700},{"posx":16,"posy":4,"amount":250},{"posx":17,"posy":4,"amount":650},{"posx":3,"posy":5,"amount":600},{"posx":12,"posy":6,"amount":50},{"posx":6,"posy":7,"amount":150},{"posx":5,"posy":8,"amount":600}],"changedObstacles":[]},{"players":[{"playerId":2450708,"score":800,"energy":12},{"playerId":2234905,"score":500,"energy":5},{"playerId":2248990,"score":700,"energy":15},{"playerId":2271981,"score":250,"energy":-1}],"golds":[{"posx":3,"posy":1,"amount":400},{"posx":9,"posy":1,"amount":600},{"posx":17,"posy":1,"amount":200},{"posx":12,"posy":2,"amount":550},{"posx":15,"posy":2,"amount":300},{"posx":1,"posy":3,"amount":550},{"posx":14,"posy":3,"amount":700},{"posx":16,"posy":4,"amount":250},{"posx":17,"posy":4,"amount":650},{"posx":3,"posy":5,"amount":600},{"posx":12,"posy":6,"amount":50},{"posx":6,"posy":7,"amount":100},{"posx":5,"posy":8,"amount":600}],"changedObstacles":[{"type":3,"posx":0,"posy":8,"value":-20}]},{"players":[{"playerId":2450708,"score":850,"energy":7},{"playerId":2234905,"score":500,"energy":17},{"playerId":2248990,"score":700,"energy":27},{"playerId":2271981,"score":250,"energy":-1}],"golds":[{"posx":3,"posy":1,"amount":400},{"posx":9,"posy":1,"amount":600},{"posx":17,"posy":1,"amount":200},{"posx":12,"posy":2,"amount":550},{"posx":15,"posy":2,"amount":300},{"posx":1,"posy":3,"amount":550},{"posx":14,"posy":3,"amount":700},{"posx":16,"posy":4,"amount":250},{"posx":17,"posy":4,"amount":650},{"posx":3,"posy":5,"amount":600},{"posx":12,"posy":6,"amount":50},{"posx":6,"posy":7,"amount":50},{"posx":5,"posy":8,"amount":600}],"changedObstacles":[]},{"players":[{"playerId":2450708,"score":900,"energy":2},{"playerId":2234905,"score":500,"energy":16},{"playerId":2248990,"score":750,"energy":22},{"playerId":2271981,"score":250,"energy":-1}],"golds":[{"posx":3,"posy":1,"amount":400},{"posx":9,"posy":1,"amount":600},{"posx":17,"posy":1,"amount":200},{"posx":12,"posy":2,"amount":500},{"posx":15,"posy":2,"amount":300},{"posx":1,"posy":3,"amount":550},{"posx":14,"posy":3,"amount":700},{"posx":16,"posy":4,"amount":250},{"posx":17,"posy":4,"amount":650},{"posx":3,"posy":5,"amount":600},{"posx":12,"posy":6,"amount":50},{"posx":5,"posy":8,"amount":600}],"changedObstacles":[{"type":0,"posx":6,"posy":7,"value":-1}]},{"players":[{"playerId":2450708,"score":900,"energy":14},{"playerId":2234905,"score":500,"energy":28},{"playerId":2248990,"score":800,"energy":17},{"playerId":2271981,"score":250,"energy":-1}],"golds":[{"posx":3,"posy":1,"amount":400},{"posx":9,"posy":1,"amount":600},{"posx":17,"posy":1,"amount":200},{"posx":12,"posy":2,"amount":450},{"posx":15,"posy":2,"amount":300},{"posx":1,"posy":3,"amount":550},{"posx":14,"posy":3,"amount":700},{"posx":16,"posy":4,"amount":250},{"posx":17,"posy":4,"amount":650},{"posx":3,"posy":5,"amount":600},{"posx":12,"posy":6,"amount":50},{"posx":5,"posy":8,"amount":600}],"changedObstacles":[]},{"players":[{"playerId":2450708,"score":900,"energy":13},{"playerId":2234905,"score":500,"energy":8},{"playerId":2248990,"score":850,"energy":12},{"playerId":2271981,"score":250,"energy":-1}],"golds":[{"posx":3,"posy":1,"amount":400},{"posx":9,"posy":1,"amount":600},{"posx":17,"posy":1,"amount":200},{"posx":12,"posy":2,"amount":400},{"posx":15,"posy":2,"amount":300},{"posx":1,"posy":3,"amount":550},{"posx":14,"posy":3,"amount":700},{"posx":16,"posy":4,"amount":250},{"posx":17,"posy":4,"amount":650},{"posx":3,"posy":5,"amount":600},{"posx":12,"posy":6,"amount":50},{"posx":5,"posy":8,"amount":600}],"changedObstacles":[{"type":3,"posx":0,"posy":8,"value":-40}]},{"players":[{"playerId":2450708,"score":900,"energy":9},{"playerId":2234905,"score":500,"energy":7},{"playerId":2248990,"score":850,"energy":24},{"playerId":2271981,"score":250,"energy":-1}],"golds":[{"posx":3,"posy":1,"amount":400},{"posx":9,"posy":1,"amount":600},{"posx":17,"posy":1,"amount":200},{"posx":12,"posy":2,"amount":400},{"posx":15,"posy":2,"amount":300},{"posx":1,"posy":3,"amount":550},{"posx":14,"posy":3,"amount":700},{"posx":16,"posy":4,"amount":250},{"posx":17,"posy":4,"amount":650},{"posx":3,"posy":5,"amount":600},{"posx":12,"posy":6,"amount":50},{"posx":5,"posy":8,"amount":600}],"changedObstacles":[]},{"players":[{"playerId":2450708,"score":950,"energy":4},{"playerId":2234905,"score":500,"energy":6},{"playerId":2248990,"score":900,"energy":19},{"playerId":2271981,"score":250,"energy":-1}],"golds":[{"posx":3,"posy":1,"amount":400},{"posx":9,"posy":1,"amount":600},{"posx":17,"posy":1,"amount":200},{"posx":12,"posy":2,"amount":350},{"posx":15,"posy":2,"amount":300},{"posx":1,"posy":3,"amount":550},{"posx":14,"posy":3,"amount":700},{"posx":16,"posy":4,"amount":250},{"posx":17,"posy":4,"amount":650},{"posx":3,"posy":5,"amount":600},{"posx":12,"posy":6,"amount":50},{"posx":5,"posy":8,"amount":550}],"changedObstacles":[]},{"players":[{"playerId":2450708,"score":950,"energy":16},{"playerId":2234905,"score":500,"energy":5},{"playerId":2248990,"score":950,"energy":14},{"playerId":2271981,"score":250,"energy":-1}],"golds":[{"posx":3,"posy":1,"amount":400},{"posx":9,"posy":1,"amount":600},{"posx":17,"posy":1,"amount":200},{"posx":12,"posy":2,"amount":300},{"posx":15,"posy":2,"amount":300},{"posx":1,"posy":3,"amount":550},{"posx":14,"posy":3,"amount":700},{"posx":16,"posy":4,"amount":250},{"posx":17,"posy":4,"amount":650},{"posx":3,"posy":5,"amount":600},{"posx":12,"posy":6,"amount":50},{"posx":5,"posy":8,"amount":550}],"changedObstacles":[]},{"players":[{"playerId":2450708,"score":950,"energy":32},{"playerId":2234905,"score":500,"energy":17},{"playerId":2248990,"score":950,"energy":26},{"playerId":2271981,"score":250,"energy":-1}],"golds":[{"posx":3,"posy":1,"amount":400},{"posx":9,"posy":1,"amount":600},{"posx":17,"posy":1,"amount":200},{"posx":12,"posy":2,"amount":300},{"posx":15,"posy":2,"amount":300},{"posx":1,"posy":3,"amount":550},{"posx":14,"posy":3,"amount":700},{"posx":16,"posy":4,"amount":250},{"posx":17,"posy":4,"amount":650},{"posx":3,"posy":5,"amount":600},{"posx":12,"posy":6,"amount":50},{"posx":5,"posy":8,"amount":550}],"changedObstacles":[]},{"players":[{"playerId":2450708,"score":1000,"energy":27},{"playerId":2234905,"score":500,"energy":33},{"playerId":2248990,"score":1000,"energy":21},{"playerId":2271981,"score":250,"energy":-1}],"golds":[{"posx":3,"posy":1,"amount":400},{"posx":9,"posy":1,"amount":600},{"posx":17,"posy":1,"amount":200},{"posx":12,"posy":2,"amount":250},{"posx":15,"posy":2,"amount":300},{"posx":1,"posy":3,"amount":550},{"posx":14,"posy":3,"amount":700},{"posx":16,"posy":4,"amount":250},{"posx":17,"posy":4,"amount":650},{"posx":3,"posy":5,"amount":600},{"posx":12,"posy":6,"amount":50},{"posx":5,"posy":8,"amount":500}],"changedObstacles":[]},{"players":[{"playerId":2450708,"score":1050,"energy":22},{"playerId":2234905,"score":500,"energy":13},{"playerId":2248990,"score":1050,"energy":16},{"playerId":2271981,"score":250,"energy":-1}],"golds":[{"posx":3,"posy":1,"amount":400},{"posx":9,"posy":1,"amount":600},{"posx":17,"posy":1,"amount":200},{"posx":12,"posy":2,"amount":200},{"posx":15,"posy":2,"amount":300},{"posx":1,"posy":3,"amount":550},{"posx":14,"posy":3,"amount":700},{"posx":16,"posy":4,"amount":250},{"posx":17,"posy":4,"amount":650},{"posx":3,"posy":5,"amount":600},{"posx":12,"posy":6,"amount":50},{"posx":5,"posy":8,"amount":450}],"changedObstacles":[{"type":3,"posx":0,"posy":4,"value":-40}]},{"players":[{"playerId":2450708,"score":1100,"energy":17},{"playerId":2234905,"score":500,"energy":12},{"playerId":2248990,"score":1100,"energy":11},{"playerId":2271981,"score":250,"energy":-1}],"golds":[{"posx":3,"posy":1,"amount":400},{"posx":9,"posy":1,"amount":600},{"posx":17,"posy":1,"amount":200},{"posx":12,"posy":2,"amount":150},{"posx":15,"posy":2,"amount":300},{"posx":1,"posy":3,"amount":550},{"posx":14,"posy":3,"amount":700},{"posx":16,"posy":4,"amount":250},{"posx":17,"posy":4,"amount":650},{"posx":3,"posy":5,"amount":600},{"posx":12,"posy":6,"amount":50},{"posx":5,"posy":8,"amount":400}],"changedObstacles":[]},{"players":[{"playerId":2450708,"score":1150,"energy":12},{"playerId":2234905,"score":500,"energy":24},{"playerId":2248990,"score":1100,"energy":23},{"playerId":2271981,"score":250,"energy":-1}],"golds":[{"posx":3,"posy":1,"amount":400},{"posx":9,"posy":1,"amount":600},{"posx":17,"posy":1,"amount":200},{"posx":12,"posy":2,"amount":150},{"posx":15,"posy":2,"amount":300},{"posx":1,"posy":3,"amount":550},{"posx":14,"posy":3,"amount":700},{"posx":16,"posy":4,"amount":250},{"posx":17,"posy":4,"amount":650},{"posx":3,"posy":5,"amount":600},{"posx":12,"posy":6,"amount":50},{"posx":5,"posy":8,"amount":350}],"changedObstacles":[]},{"players":[{"playerId":2450708,"score":1200,"energy":7},{"playerId":2234905,"score":500,"energy":15},{"playerId":2248990,"score":1100,"energy":39},{"playerId":2271981,"score":250,"energy":-1}],"golds":[{"posx":3,"posy":1,"amount":400},{"posx":9,"posy":1,"amount":600},{"posx":17,"posy":1,"amount":200},{"posx":12,"posy":2,"amount":150},{"posx":15,"posy":2,"amount":300},{"posx":1,"posy":3,"amount":550},{"posx":14,"posy":3,"amount":700},{"posx":16,"posy":4,"amount":250},{"posx":17,"posy":4,"amount":650},{"posx":3,"posy":5,"amount":600},{"posx":12,"posy":6,"amount":50},{"posx":5,"posy":8,"amount":300}],"changedObstacles":[]},{"players":[{"playerId":2450708,"score":1250,"energy":2},{"playerId":2234905,"score":500,"energy":14},{"playerId":2248990,"score":1150,"energy":34},{"playerId":2271981,"score":250,"energy":-1}],"golds":[{"posx":3,"posy":1,"amount":400},{"posx":9,"posy":1,"amount":600},{"posx":17,"posy":1,"amount":200},{"posx":12,"posy":2,"amount":100},{"posx":15,"posy":2,"amount":300},{"posx":1,"posy":3,"amount":550},{"posx":14,"posy":3,"amount":700},{"posx":16,"posy":4,"amount":250},{"posx":17,"posy":4,"amount":650},{"posx":3,"posy":5,"amount":600},{"posx":12,"posy":6,"amount":50},{"posx":5,"posy":8,"amount":250}],"changedObstacles":[]},{"players":[{"playerId":2450708,"score":1250,"energy":14},{"playerId":2234905,"score":500,"energy":13},{"playerId":2248990,"score":1200,"energy":29},{"playerId":2271981,"score":250,"energy":-1}],"golds":[{"posx":3,"posy":1,"amount":400},{"posx":9,"posy":1,"amount":600},{"posx":17,"posy":1,"amount":200},{"posx":12,"posy":2,"amount":50},{"posx":15,"posy":2,"amount":300},{"posx":1,"posy":3,"amount":550},{"posx":14,"posy":3,"amount":700},{"posx":16,"posy":4,"amount":250},{"posx":17,"posy":4,"amount":650},{"posx":3,"posy":5,"amount":600},{"posx":12,"posy":6,"amount":50},{"posx":5,"posy":8,"amount":250}],"changedObstacles":[]},{"players":[{"playerId":2450708,"score":1250,"energy":30},{"playerId":2234905,"score":500,"energy":25},{"playerId":2248990,"score":1250,"energy":24},{"playerId":2271981,"score":250,"energy":-1}],"golds":[{"posx":3,"posy":1,"amount":400},{"posx":9,"posy":1,"amount":600},{"posx":17,"posy":1,"amount":200},{"posx":15,"posy":2,"amount":300},{"posx":1,"posy":3,"amount":550},{"posx":14,"posy":3,"amount":700},{"posx":16,"posy":4,"amount":250},{"posx":17,"posy":4,"amount":650},{"posx":3,"posy":5,"amount":600},{"posx":12,"posy":6,"amount":50},{"posx":5,"posy":8,"amount":250}],"changedObstacles":[{"type":0,"posx":12,"posy":2,"value":-1}]},{"players":[{"playerId":2450708,"score":1300,"energy":25},{"playerId":2234905,"score":500,"energy":24},{"playerId":2248990,"score":1250,"energy":36},{"playerId":2271981,"score":250,"energy":-1}],"golds":[{"posx":3,"posy":1,"amount":400},{"posx":9,"posy":1,"amount":600},{"posx":17,"posy":1,"amount":200},{"posx":15,"posy":2,"amount":300},{"posx":1,"posy":3,"amount":550},{"posx":14,"posy":3,"amount":700},{"posx":16,"posy":4,"amount":250},{"posx":17,"posy":4,"amount":650},{"posx":3,"posy":5,"amount":600},{"posx":12,"posy":6,"amount":50},{"posx":5,"posy":8,"amount":200}],"changedObstacles":[]},{"players":[{"playerId":2450708,"score":1350,"energy":20},{"playerId":2234905,"score":500,"energy":10},{"playerId":2248990,"score":1250,"energy":28},{"playerId":2271981,"score":250,"energy":-1}],"golds":[{"posx":3,"posy":1,"amount":400},{"posx":9,"posy":1,"amount":600},{"posx":17,"posy":1,"amount":200},{"posx":15,"posy":2,"amount":300},{"posx":1,"posy":3,"amount":550},{"posx":14,"posy":3,"amount":700},{"posx":16,"posy":4,"amount":250},{"posx":17,"posy":4,"amount":650},{"posx":3,"posy":5,"amount":600},{"posx":12,"posy":6,"amount":50},{"posx":5,"posy":8,"amount":150}],"changedObstacles":[]},{"players":[{"playerId":2450708,"score":1400,"energy":15},{"playerId":2234905,"score":500,"energy":9},{"playerId":2248990,"score":1250,"energy":18},{"playerId":2271981,"score":250,"energy":-1}],"golds":[{"posx":3,"posy":1,"amount":400},{"posx":9,"posy":1,"amount":600},{"posx":17,"posy":1,"amount":200},{"posx":15,"posy":2,"amount":300},{"posx":1,"posy":3,"amount":550},{"posx":14,"posy":3,"amount":700},{"posx":16,"posy":4,"amount":250},{"posx":17,"posy":4,"amount":650},{"posx":3,"posy":5,"amount":600},{"posx":12,"posy":6,"amount":50},{"posx":5,"posy":8,"amount":100}],"changedObstacles":[{"type":0,"posx":14,"posy":2,"value":-1}]},{"players":[{"playerId":2450708,"score":1450,"energy":10},{"playerId":2234905,"score":500,"energy":5},{"playerId":2248990,"score":1250,"energy":14},{"playerId":2271981,"score":250,"energy":-1}],"golds":[{"posx":3,"posy":1,"amount":400},{"posx":9,"posy":1,"amount":600},{"posx":17,"posy":1,"amount":200},{"posx":15,"posy":2,"amount":300},{"posx":1,"posy":3,"amount":550},{"posx":14,"posy":3,"amount":700},{"posx":16,"posy":4,"amount":250},{"posx":17,"posy":4,"amount":650},{"posx":3,"posy":5,"amount":600},{"posx":12,"posy":6,"amount":50},{"posx":5,"posy":8,"amount":50}],"changedObstacles":[]},{"players":[{"playerId":2450708,"score":1500,"energy":5},{"playerId":2234905,"score":500,"energy":17},{"playerId":2248990,"score":1250,"energy":26},{"playerId":2271981,"score":250,"energy":-1}],"golds":[{"posx":3,"posy":1,"amount":400},{"posx":9,"posy":1,"amount":600},{"posx":17,"posy":1,"amount":200},{"posx":15,"posy":2,"amount":300},{"posx":1,"posy":3,"amount":550},{"posx":14,"posy":3,"amount":700},{"posx":16,"posy":4,"amount":250},{"posx":17,"posy":4,"amount":650},{"posx":3,"posy":5,"amount":600},{"posx":12,"posy":6,"amount":50}],"changedObstacles":[{"type":0,"posx":5,"posy":8,"value":-1}]},{"players":[{"playerId":2450708,"score":1500,"energy":4},{"playerId":2234905,"score":550,"energy":12},{"playerId":2248990,"score":1300,"energy":21},{"playerId":2271981,"score":250,"energy":-1}],"golds":[{"posx":3,"posy":1,"amount":400},{"posx":9,"posy":1,"amount":600},{"posx":17,"posy":1,"amount":200},{"posx":15,"posy":2,"amount":300},{"posx":1,"posy":3,"amount":500},{"posx":14,"posy":3,"amount":650},{"posx":16,"posy":4,"amount":250},{"posx":17,"posy":4,"amount":650},{"posx":3,"posy":5,"amount":600},{"posx":12,"posy":6,"amount":50}],"changedObstacles":[]},{"players":[{"playerId":2450708,"score":1500,"energy":16},{"playerId":2234905,"score":600,"energy":7},{"playerId":2248990,"score":1350,"energy":16},{"playerId":2271981,"score":250,"energy":-1}],"golds":[{"posx":3,"posy":1,"amount":400},{"posx":9,"posy":1,"amount":600},{"posx":17,"posy":1,"amount":200},{"posx":15,"posy":2,"amount":300},{"posx":1,"posy":3,"amount":450},{"posx":14,"posy":3,"amount":600},{"posx":16,"posy":4,"amount":250},{"posx":17,"posy":4,"amount":650},{"posx":3,"posy":5,"amount":600},{"posx":12,"posy":6,"amount":50}],"changedObstacles":[]},{"players":[{"playerId":2450708,"score":1500,"energy":6},{"playerId":2234905,"score":650,"energy":2},{"playerId":2248990,"score":1400,"energy":11},{"playerId":2271981,"score":250,"energy":-1}],"golds":[{"posx":3,"posy":1,"amount":400},{"posx":9,"posy":1,"amount":600},{"posx":17,"posy":1,"amount":200},{"posx":15,"posy":2,"amount":300},{"posx":1,"posy":3,"amount":400},{"posx":14,"posy":3,"amount":550},{"posx":16,"posy":4,"amount":250},{"posx":17,"posy":4,"amount":650},{"posx":3,"posy":5,"amount":600},{"posx":12,"posy":6,"amount":50}],"changedObstacles":[{"type":0,"posx":4,"posy":7,"value":-1}]},{"players":[{"playerId":2450708,"score":1500,"energy":1},{"playerId":2234905,"score":650,"energy":14},{"playerId":2248990,"score":1400,"energy":23},{"playerId":2271981,"score":250,"energy":-1}],"golds":[{"posx":3,"posy":1,"amount":400},{"posx":9,"posy":1,"amount":600},{"posx":17,"posy":1,"amount":200},{"posx":15,"posy":2,"amount":300},{"posx":1,"posy":3,"amount":400},{"posx":14,"posy":3,"amount":550},{"posx":16,"posy":4,"amount":250},{"posx":17,"posy":4,"amount":650},{"posx":3,"posy":5,"amount":600},{"posx":12,"posy":6,"amount":50}],"changedObstacles":[{"type":3,"posx":3,"posy":7,"value":-20}]},{"players":[{"playerId":2450708,"score":1500,"energy":13},{"playerId":2234905,"score":700,"energy":9},{"playerId":2248990,"score":1450,"energy":18},{"playerId":2271981,"score":250,"energy":-1}],"golds":[{"posx":3,"posy":1,"amount":400},{"posx":9,"posy":1,"amount":600},{"posx":17,"posy":1,"amount":200},{"posx":15,"posy":2,"amount":300},{"posx":1,"posy":3,"amount":350},{"posx":14,"posy":3,"amount":500},{"posx":16,"posy":4,"amount":250},{"posx":17,"posy":4,"amount":650},{"posx":3,"posy":5,"amount":600},{"posx":12,"posy":6,"amount":50}],"changedObstacles":[]},{"players":[{"playerId":2450708,"score":1500,"energy":12},{"playerId":2234905,"score":750,"energy":4},{"playerId":2248990,"score":1500,"energy":13},{"playerId":2271981,"score":250,"energy":-1}],"golds":[{"posx":3,"posy":1,"amount":400},{"posx":9,"posy":1,"amount":600},{"posx":17,"posy":1,"amount":200},{"posx":15,"posy":2,"amount":300},{"posx":1,"posy":3,"amount":300},{"posx":14,"posy":3,"amount":450},{"posx":16,"posy":4,"amount":250},{"posx":17,"posy":4,"amount":650},{"posx":3,"posy":5,"amount":600},{"posx":12,"posy":6,"amount":50}],"changedObstacles":[]},{"players":[{"playerId":2450708,"score":1500,"energy":8},{"playerId":2234905,"score":750,"energy":16},{"playerId":2248990,"score":1500,"energy":25},{"playerId":2271981,"score":250,"energy":-1}],"golds":[{"posx":3,"posy":1,"amount":400},{"posx":9,"posy":1,"amount":600},{"posx":17,"posy":1,"amount":200},{"posx":15,"posy":2,"amount":300},{"posx":1,"posy":3,"amount":300},{"posx":14,"posy":3,"amount":450},{"posx":16,"posy":4,"amount":250},{"posx":17,"posy":4,"amount":650},{"posx":3,"posy":5,"amount":600},{"posx":12,"posy":6,"amount":50}],"changedObstacles":[]},{"players":[{"playerId":2450708,"score":1550,"energy":3},{"playerId":2234905,"score":800,"energy":11},{"playerId":2248990,"score":1550,"energy":20},{"playerId":2271981,"score":250,"energy":-1}],"golds":[{"posx":3,"posy":1,"amount":400},{"posx":9,"posy":1,"amount":600},{"posx":17,"posy":1,"amount":200},{"posx":15,"posy":2,"amount":300},{"posx":1,"posy":3,"amount":250},{"posx":14,"posy":3,"amount":400},{"posx":16,"posy":4,"amount":250},{"posx":17,"posy":4,"amount":650},{"posx":3,"posy":5,"amount":550},{"posx":12,"posy":6,"amount":50}],"changedObstacles":[]},{"players":[{"playerId":2450708,"score":1550,"energy":15},{"playerId":2234905,"score":850,"energy":6},{"playerId":2248990,"score":1600,"energy":15},{"playerId":2271981,"score":250,"energy":-1}],"golds":[{"posx":3,"posy":1,"amount":400},{"posx":9,"posy":1,"amount":600},{"posx":17,"posy":1,"amount":200},{"posx":15,"posy":2,"amount":300},{"posx":1,"posy":3,"amount":200},{"posx":14,"posy":3,"amount":350},{"posx":16,"posy":4,"amount":250},{"posx":17,"posy":4,"amount":650},{"posx":3,"posy":5,"amount":550},{"posx":12,"posy":6,"amount":50}],"changedObstacles":[]},{"players":[{"playerId":2450708,"score":1600,"energy":10},{"playerId":2234905,"score":900,"energy":1},{"playerId":2248990,"score":1650,"energy":10},{"playerId":2271981,"score":250,"energy":-1}],"golds":[{"posx":3,"posy":1,"amount":400},{"posx":9,"posy":1,"amount":600},{"posx":17,"posy":1,"amount":200},{"posx":15,"posy":2,"amount":300},{"posx":1,"posy":3,"amount":150},{"posx":14,"posy":3,"amount":300},{"posx":16,"posy":4,"amount":250},{"posx":17,"posy":4,"amount":650},{"posx":3,"posy":5,"amount":500},{"posx":12,"posy":6,"amount":50}],"changedObstacles":[]},{"players":[{"playerId":2450708,"score":1650,"energy":5},{"playerId":2234905,"score":900,"energy":13},{"playerId":2248990,"score":1650,"energy":22},{"playerId":2271981,"score":250,"energy":-1}],"golds":[{"posx":3,"posy":1,"amount":400},{"posx":9,"posy":1,"amount":600},{"posx":17,"posy":1,"amount":200},{"posx":15,"posy":2,"amount":300},{"posx":1,"posy":3,"amount":150},{"posx":14,"posy":3,"amount":300},{"posx":16,"posy":4,"amount":250},{"posx":17,"posy":4,"amount":650},{"posx":3,"posy":5,"amount":450},{"posx":12,"posy":6,"amount":50}],"changedObstacles":[]},{"players":[{"playerId":2450708,"score":1650,"energy":17},{"playerId":2234905,"score":950,"energy":8},{"playerId":2248990,"score":1700,"energy":17},{"playerId":2271981,"score":250,"energy":-1}],"golds":[{"posx":3,"posy":1,"amount":400},{"posx":9,"posy":1,"amount":600},{"posx":17,"posy":1,"amount":200},{"posx":15,"posy":2,"amount":300},{"posx":1,"posy":3,"amount":100},{"posx":14,"posy":3,"amount":250},{"posx":16,"posy":4,"amount":250},{"posx":17,"posy":4,"amount":650},{"posx":3,"posy":5,"amount":450},{"posx":12,"posy":6,"amount":50}],"changedObstacles":[]},{"players":[{"playerId":2450708,"score":1700,"energy":12},{"playerId":2234905,"score":1000,"energy":3},{"playerId":2248990,"score":1750,"energy":12},{"playerId":2271981,"score":250,"energy":-1}],"golds":[{"posx":3,"posy":1,"amount":400},{"posx":9,"posy":1,"amount":600},{"posx":17,"posy":1,"amount":200},{"posx":15,"posy":2,"amount":300},{"posx":1,"posy":3,"amount":50},{"posx":14,"posy":3,"amount":200},{"posx":16,"posy":4,"amount":250},{"posx":17,"posy":4,"amount":650},{"posx":3,"posy":5,"amount":400},{"posx":12,"posy":6,"amount":50}],"changedObstacles":[]},{"players":[{"playerId":2450708,"score":1750,"energy":7},{"playerId":2234905,"score":1000,"energy":15},{"playerId":2248990,"score":1750,"energy":24},{"playerId":2271981,"score":250,"energy":-1}],"golds":[{"posx":3,"posy":1,"amount":400},{"posx":9,"posy":1,"amount":600},{"posx":17,"posy":1,"amount":200},{"posx":15,"posy":2,"amount":300},{"posx":1,"posy":3,"amount":50},{"posx":14,"posy":3,"amount":200},{"posx":16,"posy":4,"amount":250},{"posx":17,"posy":4,"amount":650},{"posx":3,"posy":5,"amount":350},{"posx":12,"posy":6,"amount":50}],"changedObstacles":[]},{"players":[{"playerId":2450708,"score":1800,"energy":2},{"playerId":2234905,"score":1050,"energy":10},{"playerId":2248990,"score":1800,"energy":19},{"playerId":2271981,"score":250,"energy":-1}],"golds":[{"posx":3,"posy":1,"amount":400},{"posx":9,"posy":1,"amount":600},{"posx":17,"posy":1,"amount":200},{"posx":15,"posy":2,"amount":300},{"posx":14,"posy":3,"amount":150},{"posx":16,"posy":4,"amount":250},{"posx":17,"posy":4,"amount":650},{"posx":3,"posy":5,"amount":300},{"posx":12,"posy":6,"amount":50}],"changedObstacles":[{"type":0,"posx":1,"posy":3,"value":-1}]},{"players":[{"playerId":2450708,"score":1800,"energy":14},{"playerId":2234905,"score":1050,"energy":9},{"playerId":2248990,"score":1850,"energy":14},{"playerId":2271981,"score":250,"energy":-1}],"golds":[{"posx":3,"posy":1,"amount":400},{"posx":9,"posy":1,"amount":600},{"posx":17,"posy":1,"amount":200},{"posx":15,"posy":2,"amount":300},{"posx":14,"posy":3,"amount":100},{"posx":16,"posy":4,"amount":250},{"posx":17,"posy":4,"amount":650},{"posx":3,"posy":5,"amount":300},{"posx":12,"posy":6,"amount":50}],"changedObstacles":[]},{"players":[{"playerId":2450708,"score":1850,"energy":9},{"playerId":2234905,"score":1050,"energy":21},{"playerId":2248990,"score":1850,"energy":26},{"playerId":2271981,"score":250,"energy":-1}],"golds":[{"posx":3,"posy":1,"amount":400},{"posx":9,"posy":1,"amount":600},{"posx":17,"posy":1,"amount":200},{"posx":15,"posy":2,"amount":300},{"posx":14,"posy":3,"amount":100},{"posx":16,"posy":4,"amount":250},{"posx":17,"posy":4,"amount":650},{"posx":3,"posy":5,"amount":250},{"posx":12,"posy":6,"amount":50}],"changedObstacles":[]},{"players":[{"playerId":2450708,"score":1900,"energy":4},{"playerId":2234905,"score":1050,"energy":8},{"playerId":2248990,"score":1900,"energy":21},{"playerId":2271981,"score":250,"energy":-1}],"golds":[{"posx":3,"posy":1,"amount":400},{"posx":9,"posy":1,"amount":600},{"posx":17,"posy":1,"amount":200},{"posx":15,"posy":2,"amount":300},{"posx":14,"posy":3,"amount":50},{"posx":16,"posy":4,"amount":250},{"posx":17,"posy":4,"amount":650},{"posx":3,"posy":5,"amount":200},{"posx":12,"posy":6,"amount":50}],"changedObstacles":[]},{"players":[{"playerId":2450708,"score":1900,"energy":16},{"playerId":2234905,"score":1050,"energy":7},{"playerId":2248990,"score":1950,"energy":16},{"playerId":2271981,"score":250,"energy":-1}],"golds":[{"posx":3,"posy":1,"amount":400},{"posx":9,"posy":1,"amount":600},{"posx":17,"posy":1,"amount":200},{"posx":15,"posy":2,"amount":300},{"posx":16,"posy":4,"amount":250},{"posx":17,"posy":4,"amount":650},{"posx":3,"posy":5,"amount":200},{"posx":12,"posy":6,"amount":50}],"changedObstacles":[{"type":0,"posx":14,"posy":3,"value":-1}]},{"players":[{"playerId":2450708,"score":1950,"energy":11},{"playerId":2234905,"score":1050,"energy":6},{"playerId":2248990,"score":1950,"energy":28},{"playerId":2271981,"score":250,"energy":-1}],"golds":[{"posx":3,"posy":1,"amount":400},{"posx":9,"posy":1,"amount":600},{"posx":17,"posy":1,"amount":200},{"posx":15,"posy":2,"amount":300},{"posx":16,"posy":4,"amount":250},{"posx":17,"posy":4,"amount":650},{"posx":3,"posy":5,"amount":150},{"posx":12,"posy":6,"amount":50}],"changedObstacles":[]},{"players":[{"playerId":2450708,"score":2000,"energy":6},{"playerId":2234905,"score":1050,"energy":5},{"playerId":2248990,"score":1950,"energy":27},{"playerId":2271981,"score":250,"energy":-1}],"golds":[{"posx":3,"posy":1,"amount":400},{"posx":9,"posy":1,"amount":600},{"posx":17,"posy":1,"amount":200},{"posx":15,"posy":2,"amount":300},{"posx":16,"posy":4,"amount":250},{"posx":17,"posy":4,"amount":650},{"posx":3,"posy":5,"amount":100},{"posx":12,"posy":6,"amount":50}],"changedObstacles":[]},{"players":[{"playerId":2450708,"score":2050,"energy":1},{"playerId":2234905,"score":1050,"energy":17},{"playerId":2248990,"score":1950,"energy":23},{"playerId":2271981,"score":250,"energy":-1}],"golds":[{"posx":3,"posy":1,"amount":400},{"posx":9,"posy":1,"amount":600},{"posx":17,"posy":1,"amount":200},{"posx":15,"posy":2,"amount":300},{"posx":16,"posy":4,"amount":250},{"posx":17,"posy":4,"amount":650},{"posx":3,"posy":5,"amount":50},{"posx":12,"posy":6,"amount":50}],"changedObstacles":[]},{"players":[{"playerId":2450708,"score":2050,"energy":13},{"playerId":2234905,"score":1050,"energy":33},{"playerId":2248990,"score":2000,"energy":18},{"playerId":2271981,"score":250,"energy":-1}],"golds":[{"posx":3,"posy":1,"amount":400},{"posx":9,"posy":1,"amount":600},{"posx":17,"posy":1,"amount":200},{"posx":15,"posy":2,"amount":250},{"posx":16,"posy":4,"amount":250},{"posx":17,"posy":4,"amount":650},{"posx":3,"posy":5,"amount":50},{"posx":12,"posy":6,"amount":50}],"changedObstacles":[]},{"players":[{"playerId":2450708,"score":2100,"energy":8},{"playerId":2234905,"score":1050,"energy":13},{"playerId":2248990,"score":2050,"energy":13},{"playerId":2271981,"score":250,"energy":-1}],"golds":[{"posx":3,"posy":1,"amount":400},{"posx":9,"posy":1,"amount":600},{"posx":17,"posy":1,"amount":200},{"posx":15,"posy":2,"amount":200},{"posx":16,"posy":4,"amount":250},{"posx":17,"posy":4,"amount":650},{"posx":12,"posy":6,"amount":50}],"changedObstacles":[{"type":0,"posx":3,"posy":5,"value":-1}]},{"players":[{"playerId":2450708,"score":2100,"energy":20},{"playerId":2234905,"score":1050,"energy":12},{"playerId":2248990,"score":2050,"energy":25},{"playerId":2271981,"score":250,"energy":-1}],"golds":[{"posx":3,"posy":1,"amount":400},{"posx":9,"posy":1,"amount":600},{"posx":17,"posy":1,"amount":200},{"posx":15,"posy":2,"amount":200},{"posx":16,"posy":4,"amount":250},{"posx":17,"posy":4,"amount":650},{"posx":12,"posy":6,"amount":50}],"changedObstacles":[]},{"players":[{"playerId":2450708,"score":2100,"energy":10},{"playerId":2234905,"score":1050,"energy":24},{"playerId":2248990,"score":2100,"energy":20},{"playerId":2271981,"score":250,"energy":-1}],"golds":[{"posx":3,"posy":1,"amount":400},{"posx":9,"posy":1,"amount":600},{"posx":17,"posy":1,"amount":200},{"posx":15,"posy":2,"amount":150},{"posx":16,"posy":4,"amount":250},{"posx":17,"posy":4,"amount":650},{"posx":12,"posy":6,"amount":50}],"changedObstacles":[{"type":0,"posx":3,"posy":4,"value":-1}]},{"players":[{"playerId":2450708,"score":2100,"energy":5},{"playerId":2234905,"score":1050,"energy":11},{"playerId":2248990,"score":2150,"energy":15},{"playerId":2271981,"score":250,"energy":-1}],"golds":[{"posx":3,"posy":1,"amount":400},{"posx":9,"posy":1,"amount":600},{"posx":17,"posy":1,"amount":200},{"posx":15,"posy":2,"amount":100},{"posx":16,"posy":4,"amount":250},{"posx":17,"posy":4,"amount":650},{"posx":12,"posy":6,"amount":50}],"changedObstacles":[{"type":3,"posx":3,"posy":3,"value":-20}]},{"players":[{"playerId":2450708,"score":2100,"energy":4},{"playerId":2234905,"score":1050,"energy":10},{"playerId":2248990,"score":2150,"energy":27},{"playerId":2271981,"score":250,"energy":-1}],"golds":[{"posx":3,"posy":1,"amount":400},{"posx":9,"posy":1,"amount":600},{"posx":17,"posy":1,"amount":200},{"posx":15,"posy":2,"amount":100},{"posx":16,"posy":4,"amount":250},{"posx":17,"posy":4,"amount":650},{"posx":12,"posy":6,"amount":50}],"changedObstacles":[]},{"players":[{"playerId":2450708,"score":2100,"energy":16},{"playerId":2234905,"score":1050,"energy":22},{"playerId":2248990,"score":2200,"energy":22},{"playerId":2271981,"score":250,"energy":-1}],"golds":[{"posx":3,"posy":1,"amount":400},{"posx":9,"posy":1,"amount":600},{"posx":17,"posy":1,"amount":200},{"posx":15,"posy":2,"amount":50},{"posx":16,"posy":4,"amount":250},{"posx":17,"posy":4,"amount":650},{"posx":12,"posy":6,"amount":50}],"changedObstacles":[]},{"players":[{"playerId":2450708,"score":2100,"energy":12},{"playerId":2234905,"score":1050,"energy":13},{"playerId":2248990,"score":2250,"energy":17},{"playerId":2271981,"score":250,"energy":-1}],"golds":[{"posx":3,"posy":1,"amount":400},{"posx":9,"posy":1,"amount":600},{"posx":17,"posy":1,"amount":200},{"posx":16,"posy":4,"amount":250},{"posx":17,"posy":4,"amount":650},{"posx":12,"posy":6,"amount":50}],"changedObstacles":[{"type":0,"posx":15,"posy":2,"value":-1}]},{"players":[{"playerId":2450708,"score":2150,"energy":7},{"playerId":2234905,"score":1050,"energy":12},{"playerId":2248990,"score":2250,"energy":29},{"playerId":2271981,"score":250,"energy":-1}],"golds":[{"posx":3,"posy":1,"amount":350},{"posx":9,"posy":1,"amount":600},{"posx":17,"posy":1,"amount":200},{"posx":16,"posy":4,"amount":250},{"posx":17,"posy":4,"amount":650},{"posx":12,"posy":6,"amount":50}],"changedObstacles":[]},{"players":[{"playerId":2450708,"score":2200,"energy":2},{"playerId":2234905,"score":1050,"energy":24},{"playerId":2248990,"score":2250,"energy":28},{"playerId":2271981,"score":250,"energy":-1}],"golds":[{"posx":3,"posy":1,"amount":300},{"posx":9,"posy":1,"amount":600},{"posx":17,"posy":1,"amount":200},{"posx":16,"posy":4,"amount":250},{"posx":17,"posy":4,"amount":650},{"posx":12,"posy":6,"amount":50}],"changedObstacles":[]},{"players":[{"playerId":2450708,"score":2200,"energy":14},{"playerId":2234905,"score":1050,"energy":23},{"playerId":2248990,"score":2250,"energy":18},{"playerId":2271981,"score":250,"energy":-1}],"golds":[{"posx":3,"posy":1,"amount":300},{"posx":9,"posy":1,"amount":600},{"posx":17,"posy":1,"amount":200},{"posx":16,"posy":4,"amount":250},{"posx":17,"posy":4,"amount":650},{"posx":12,"posy":6,"amount":50}],"changedObstacles":[{"type":0,"posx":16,"posy":3,"value":-1}]},{"players":[{"playerId":2450708,"score":2250,"energy":9},{"playerId":2234905,"score":1050,"energy":22},{"playerId":2248990,"score":2250,"energy":14},{"playerId":2271981,"score":250,"energy":-1}],"golds":[{"posx":3,"posy":1,"amount":250},{"posx":9,"posy":1,"amount":600},{"posx":17,"posy":1,"amount":200},{"posx":16,"posy":4,"amount":250},{"posx":17,"posy":4,"amount":650},{"posx":12,"posy":6,"amount":50}],"changedObstacles":[]},{"players":[{"playerId":2450708,"score":2300,"energy":4},{"playerId":2234905,"score":1050,"energy":11},{"playerId":2248990,"score":2250,"energy":26},{"playerId":2271981,"score":250,"energy":-1}],"golds":[{"posx":3,"posy":1,"amount":200},{"posx":9,"posy":1,"amount":600},{"posx":17,"posy":1,"amount":200},{"posx":16,"posy":4,"amount":250},{"posx":17,"posy":4,"amount":650},{"posx":12,"posy":6,"amount":50}],"changedObstacles":[]},{"players":[{"playerId":2450708,"score":2300,"energy":16},{"playerId":2234905,"score":1050,"energy":1},{"playerId":2248990,"score":2300,"energy":21},{"playerId":2271981,"score":250,"energy":-1}],"golds":[{"posx":3,"posy":1,"amount":200},{"posx":9,"posy":1,"amount":600},{"posx":17,"posy":1,"amount":200},{"posx":16,"posy":4,"amount":200},{"posx":17,"posy":4,"amount":650},{"posx":12,"posy":6,"amount":50}],"changedObstacles":[{"type":0,"posx":1,"posy":6,"value":-1}]},{"players":[{"playerId":2450708,"score":2350,"energy":11},{"playerId":2234905,"score":1050,"energy":13},{"playerId":2248990,"score":2350,"energy":16},{"playerId":2271981,"score":250,"energy":-1}],"golds":[{"posx":3,"posy":1,"amount":150},{"posx":9,"posy":1,"amount":600},{"posx":17,"posy":1,"amount":200},{"posx":16,"posy":4,"amount":150},{"posx":17,"posy":4,"amount":650},{"posx":12,"posy":6,"amount":50}],"changedObstacles":[]},{"players":[{"playerId":2450708,"score":2400,"energy":6},{"playerId":2234905,"score":1050,"energy":12},{"playerId":2248990,"score":2400,"energy":11},{"playerId":2271981,"score":250,"energy":-1}],"golds":[{"posx":3,"posy":1,"amount":100},{"posx":9,"posy":1,"amount":600},{"posx":17,"posy":1,"amount":200},{"posx":16,"posy":4,"amount":100},{"posx":17,"posy":4,"amount":650},{"posx":12,"posy":6,"amount":50}],"changedObstacles":[]},{"players":[{"playerId":2450708,"score":2450,"energy":1},{"playerId":2234905,"score":1050,"energy":11},{"playerId":2248990,"score":2400,"energy":23},{"playerId":2271981,"score":250,"energy":-1}],"golds":[{"posx":3,"posy":1,"amount":50},{"posx":9,"posy":1,"amount":600},{"posx":17,"posy":1,"amount":200},{"posx":16,"posy":4,"amount":100},{"posx":17,"posy":4,"amount":650},{"posx":12,"posy":6,"amount":50}],"changedObstacles":[]},{"players":[{"playerId":2450708,"score":2450,"energy":13},{"playerId":2234905,"score":1050,"energy":23},{"playerId":2248990,"score":2450,"energy":18},{"playerId":2271981,"score":250,"energy":-1}],"golds":[{"posx":3,"posy":1,"amount":50},{"posx":9,"posy":1,"amount":600},{"posx":17,"posy":1,"amount":200},{"posx":16,"posy":4,"amount":50},{"posx":17,"posy":4,"amount":650},{"posx":12,"posy":6,"amount":50}],"changedObstacles":[]},{"players":[{"playerId":2450708,"score":2500,"energy":8},{"playerId":2234905,"score":1050,"energy":39},{"playerId":2248990,"score":2500,"energy":13},{"playerId":2271981,"score":250,"energy":-1}],"golds":[{"posx":9,"posy":1,"amount":600},{"posx":17,"posy":1,"amount":200},{"posx":17,"posy":4,"amount":650},{"posx":12,"posy":6,"amount":50}],"changedObstacles":[{"type":0,"posx":3,"posy":1,"value":-1},{"type":0,"posx":16,"posy":4,"value":-1}]},{"players":[{"playerId":2450708,"score":2500,"energy":20},{"playerId":2234905,"score":1050,"energy":38},{"playerId":2248990,"score":2500,"energy":25},{"playerId":2271981,"score":250,"energy":-1}],"golds":[{"posx":9,"posy":1,"amount":600},{"posx":17,"posy":1,"amount":200},{"posx":17,"posy":4,"amount":650},{"posx":12,"posy":6,"amount":50}],"changedObstacles":[]},{"players":[{"playerId":2450708,"score":2500,"energy":36},{"playerId":2234905,"score":1050,"energy":37},{"playerId":2248990,"score":2500,"energy":21},{"playerId":2271981,"score":250,"energy":-1}],"golds":[{"posx":9,"posy":1,"amount":600},{"posx":17,"posy":1,"amount":200},{"posx":17,"posy":4,"amount":650},{"posx":12,"posy":6,"amount":50}],"changedObstacles":[]},{"players":[{"playerId":2450708,"score":2500,"energy":22},{"playerId":2234905,"score":1050,"energy":49},{"playerId":2248990,"score":2550,"energy":16},{"playerId":2271981,"score":250,"energy":-1}],"golds":[{"posx":9,"posy":1,"amount":600},{"posx":17,"posy":1,"amount":200},{"posx":17,"posy":4,"amount":600},{"posx":12,"posy":6,"amount":50}],"changedObstacles":[]},{"players":[{"playerId":2450708,"score":2500,"energy":17},{"playerId":2234905,"score":1050,"energy":9},{"playerId":2248990,"score":2600,"energy":11},{"playerId":2271981,"score":250,"energy":-1}],"golds":[{"posx":9,"posy":1,"amount":600},{"posx":17,"posy":1,"amount":200},{"posx":17,"posy":4,"amount":550},{"posx":12,"posy":6,"amount":50}],"changedObstacles":[{"type":3,"posx":0,"posy":8,"value":-100},{"type":3,"posx":5,"posy":1,"value":-20}]},{"players":[{"playerId":2450708,"score":2500,"energy":16},{"playerId":2234905,"score":1050,"energy":8},{"playerId":2248990,"score":2600,"energy":23},{"playerId":2271981,"score":250,"energy":-1}],"golds":[{"posx":9,"posy":1,"amount":600},{"posx":17,"posy":1,"amount":200},{"posx":17,"posy":4,"amount":550},{"posx":12,"posy":6,"amount":50}],"changedObstacles":[]},{"players":[{"playerId":2450708,"score":2500,"energy":28},{"playerId":2234905,"score":1050,"energy":7},{"playerId":2248990,"score":2650,"energy":18},{"playerId":2271981,"score":250,"energy":-1}],"golds":[{"posx":9,"posy":1,"amount":600},{"posx":17,"posy":1,"amount":200},{"posx":17,"posy":4,"amount":500},{"posx":12,"posy":6,"amount":50}],"changedObstacles":[]}]