[{"players":[{"playerId":1879247,"score":0,"energy":46,"posx":4,"posy":4,"lastAction":3,"status":0},{"playerId":2413234,"score":0,"energy":46,"posx":5,"posy":3,"lastAction":1,"status":0},{"playerId":131454,"score":0,"energy":46,"posx":5,"posy":3,"lastAction":1,"status":0},{"playerId":803122,"score":0,"energy":46,"posx":5,"posy":3,"lastAction":1,"status":0}],"golds":[{"posx":8,"posy":4,"amount":50},{"posx":16,"posy":4,"amount":250},{"posx":7,"posy":4,"amount":750},{"posx":17,"posy":4,"amount":650},{"posx":4,"posy":4,"amount":450},{"posx":12,"posy":4,"amount":50},{"posx":9,"posy":1,"amount":600},{"posx":14,"posy":3,"amount":700},{"posx":12,"posy":2,"amount":600},{"posx":0,"posy":0,"amount":50},{"posx":6,"posy":7,"amount":150},{"posx":1,"posy":3,"amount":550},{"posx":3,"posy":1,"amount":400},{"posx":5,"posy":8,"amount":600},{"posx":3,"posy":5,"amount":600},{"posx":8,"posy":7,"amount":100},{"posx":5,"posy":3,"amount":700},{"posx":17,"posy":1,"amount":200},{"posx":15,"posy":2,"amount":300},{"posx":12,"posy":6,"amount":50}],"changedObstacles":[]},{"players":[{"playerId":1879247,"score":50,"energy":41,"posx":4,"posy":4,"lastAction":5,"status":0},{"playerId":2413234,"score":50,"energy":41,"posx":5,"posy":3,"lastAction":5,"status":0},{"playerId":131454,"score":50,"energy":41,"posx":5,"posy":3,"lastAction":5,"status":0},{"playerId":803122,"score":50,"energy":41,"posx":5,"posy":3,"lastAction":5,"status":0}],"golds":[{"posx":0,"posy":0,"amount":50},{"posx":3,"posy":1,"amount":400},{"posx":9,"posy":1,"amount":600},{"posx":17,"posy":1,"amount":200},{"posx":12,"posy":2,"amount":600},{"posx":15,"posy":2,"amount":300},{"posx":1,"posy":3,"amount":550},{"posx":5,"posy":3,"amount":550},{"posx":14,"posy":3,"amount":700},{"posx":4,"posy":4,"amount":400},{"posx":7,"posy":4,"amount":750},{"posx":8,"posy":4,"amount":50},{"posx":12,"posy":4,"amount":50},{"posx":16,"posy":4,"amount":250},{"posx":17,"posy":4,"amount":650},{"posx":3,"posy":5,"amount":600},{"posx":12,"posy":6,"amount":50},{"posx":6,"posy":7,"amount":150},{"posx":8,"posy":7,"amount":100},{"posx":5,"posy":8,"amount":600}],"changedObstacles":[]},{"players":[{"playerId":1879247,"score":100,"energy":36,"posx":4,"posy":4,"lastAction":5,"status":0},{"playerId":2413234,"score":100,"energy":36,"posx":5,"posy":3,"lastAction":5,"status":0},{"playerId":131454,"score":100,"energy":36,"posx":5,"posy":3,"lastAction":5,"status":0},{"playerId":803122,"score":100,"energy":36,"posx":5,"posy":3,"lastAction":5,"status":0}],"golds":[{"posx":0,"posy":0,"amount":50},{"posx":3,"posy":1,"amount":400},{"posx":9,"posy":1,"amount":600},{"posx":17,"posy":1,"amount":200},{"posx":12,"posy":2,"amount":600},{"posx":15,"posy":2,"amount":300},{"posx":1,"posy":3,"amount":550},{"posx":5,"posy":3,"amount":400},{"posx":14,"posy":3,"amount":700},{"posx":4,"posy":4,"amount":350},{"posx":7,"posy":4,"amount":750},{"posx":8,"posy":4,"amount":50},{"posx":12,"posy":4,"amount":50},{"posx":16,"posy":4,"amount":250},{"posx":17,"posy":4,"amount":650},{"posx":3,"posy":5,"amount":600},{"posx":12,"posy":6,"amount":50},{"posx":6,"posy":7,"amount":150},{"posx":8,"posy":7,"amount":100},{"posx":5,"posy":8,"amount":600}],"changedObstacles":[]},{"players":[{"playerId":1879247,"score":150,"energy":31,"posx":4,"posy":4,"lastAction":5,"status":0},{"playerId":2413234,"score":150,"energy":31,"posx":5,"posy":3,"lastAction":5,"status":0},{"playerId":131454,"score":150,"energy":31,"posx":5,"posy":3,"lastAction":5,"status":0},{"playerId":803122,"score":150,"energy":31,"posx":5,"posy":3,"lastAction":5,"status":0}],"golds":[{"posx":0,"posy":0,"amount":50},{"posx":3,"posy":1,"amount":400},{"posx":9,"posy":1,"amount":600},{"posx":17,"posy":1,"amount":200},{"posx":12,"posy":2,"amount":600},{"posx":15,"posy":2,"amount":300},{"posx":1,"posy":3,"amount":550},{"posx":5,"posy":3,"amount":250},{"posx":14,"posy":3,"amount":700},{"posx":4,"posy":4,"amount":300},{"posx":7,"posy":4,"amount":750},{"posx":8,"posy":4,"amount":50},{"posx":12,"posy":4,"amount":50},{"posx":16,"posy":4,"amount":250},{"posx":17,"posy":4,"amount":650},{"posx":3,"posy":5,"amount":600},{"posx":12,"posy":6,"amount":50},{"posx":6,"posy":7,"amount":150},{"posx":8,"posy":7,"amount":100},{"posx":5,"posy":8,"amount":600}],"changedObstacles":[]},{"players":[{"playerId":1879247,"score":200,"energy":26,"posx":4,"posy":4,"lastAction":5,"status":0},{"playerId":2413234,"score":200,"energy":26,"posx":5,"posy":3,"lastAction":5,"status":0},{"playerId":131454,"score":200,"energy":26,"posx":5,"posy":3,"lastAction":5,"status":0},{"playerId":803122,"score":200,"energy":26,"posx":5,"posy":3,"lastAction":5,"status":0}],"golds":[{"posx":0,"posy":0,"amount":50},{"posx":3,"posy":1,"amount":400},{"posx":9,"posy":1,"amount":600},{"posx":17,"posy":1,"amount":200},{"posx":12,"posy":2,"amount":600},{"posx":15,"posy":2,"amount":300},{"posx":1,"posy":3,"amount":550},{"posx":5,"posy":3,"amount":100},{"posx":14,"posy":3,"amount":700},{"posx":4,"posy":4,"amount":250},{"posx":7,"posy":4,"amount":750},{"posx":8,"posy":4,"amount":50},{"posx":12,"posy":4,"amount":50},{"posx":16,"posy":4,"amount":250},{"posx":17,"posy":4,"amount":650},{"posx":3,"posy":5,"amount":600},{"posx":12,"posy":6,"amount":50},{"posx":6,"posy":7,"amount":150},{"posx":8,"posy":7,"amount":100},{"posx":5,"posy":8,"amount":600}],"changedObstacles":[]},{"players":[{"playerId":1879247,"score":250,"energy":21,"posx":4,"posy":4,"lastAction":5,"status":0},{"playerId":2413234,"score":234,"energy":21,"posx":5,"posy":3,"lastAction":5,"status":0},{"playerId":131454,"score":234,"energy":21,"posx":5,"posy":3,"lastAction":5,"status":0},{"playerId":803122,"score":234,"energy":21,"posx":5,"posy":3,"lastAction":5,"status":0}],"golds":[{"posx":0,"posy":0,"amount":50},{"posx":3,"posy":1,"amount":400},{"posx":9,"posy":1,"amount":600},{"posx":17,"posy":1,"amount":200},{"posx":12,"posy":2,"amount":600},{"posx":15,"posy":2,"amount":300},{"posx":1,"posy":3,"amount":550},{"posx":14,"posy":3,"amount":700},{"posx":4,"posy":4,"amount":200},{"posx":7,"posy":4,"amount":750},{"posx":8,"posy":4,"amount":50},{"posx":12,"posy":4,"amount":50},{"posx":16,"posy":4,"amount":250},{"posx":17,"posy":4,"amount":650},{"posx":3,"posy":5,"amount":600},{"posx":12,"posy":6,"amount":50},{"posx":6,"posy":7,"amount":150},{"posx":8,"posy":7,"amount":100},{"posx":5,"posy":8,"amount":600}],"changedObstacles":[{"type":0,"posx":5,"posy":3,"value":-1}]},{"players":[{"playerId":1879247,"score":300,"energy":16,"posx":4,"posy":4,"lastAction":5,"status":0},{"playerId":2413234,"score":234,"energy":16,"posx":5,"posy":4,"lastAction":3,"status":0},{"playerId":131454,"score":234,"energy":11,"posx":6,"posy":3,"lastAction":1,"status":0},{"playerId":803122,"score":234,"energy":16,"posx":5,"posy":4,"lastAction":3,"status":0}],"golds":[{"posx":0,"posy":0,"amount":50},{"posx":3,"posy":1,"amount":400},{"posx":9,"posy":1,"amount":600},{"posx":17,"posy":1,"amount":200},{"posx":12,"posy":2,"amount":600},{"posx":15,"posy":2,"amount":300},{"posx":1,"posy":3,"amount":550},{"posx":14,"posy":3,"amount":700},{"posx":4,"posy":4,"amount":150},{"posx":7,"posy":4,"amount":750},{"posx":8,"posy":4,"amount":50},{"posx":12,"posy":4,"amount":50},{"posx":16,"posy":4,"amount":250},{"posx":17,"posy":4,"amount":650},{"posx":3,"posy":5,"amount":600},{"posx":12,"posy":6,"amount":50},{"posx":6,"posy":7,"amount":150},{"posx":8,"posy":7,"amount":100},{"posx":5,"posy":8,"amount":600}],"changedObstacles":[{"type":0,"posx":6,"posy":3,"value":-1},{"type":3,"posx":5,"posy":4,"value":-20}]},{"players":[{"playerId":1879247,"score":350,"energy":11,"posx":4,"posy":4,"lastAction":5,"status":0},{"playerId":2413234,"score":234,"energy":6,"posx":6,"posy":4,"lastAction":1,"status":0},{"playerId":131454,"score":234,"energy":23,"posx":6,"posy":3,"lastAction":4,"status":0},{"playerId":803122,"score":234,"energy":12,"posx":4,"posy":4,"lastAction":0,"status":0}],"golds":[{"posx":0,"posy":0,"amount":50},{"posx":3,"posy":1,"amount":400},{"posx":9,"posy":1,"amount":600},{"posx":17,"posy":1,"amount":200},{"posx":12,"posy":2,"amount":600},{"posx":15,"posy":2,"amount":300},{"posx":1,"posy":3,"amount":550},{"posx":14,"posy":3,"amount":700},{"posx":4,"posy":4,"amount":100},{"posx":7,"posy":4,"amount":750},{"posx":8,"posy":4,"amount":50},{"posx":12,"posy":4,"amount":50},{"posx":16,"posy":4,"amount":250},{"posx":17,"posy":4,"amount":650},{"posx":3,"posy":5,"amount":600},{"posx":12,"posy":6,"amount":50},{"posx":6,"posy":7,"amount":150},{"posx":8,"posy":7,"amount":100},{"posx":5,"posy":8,"amount":600}],"changedObstacles":[{"type":0,"posx":6,"posy":4,"value":-1}]},{"players":[{"playerId":1879247,"score":400,"energy":6,"posx":4,"posy":4,"lastAction":5,"status":0},{"playerId":2413234,"score":234,"energy":2,"posx":7,"posy":4,"lastAction":1,"status":0},{"playerId":131454,"score":234,"energy":6,"posx":7,"posy":3,"lastAction":1,"status":0},{"playerId":803122,"score":284,"energy":7,"posx":4,"posy":4,"lastAction":5,"status":0}],"golds":[{"posx":0,"posy":0,"amount":50},{"posx":3,"posy":1,"amount":400},{"posx":9,"posy":1,"amount":600},{"posx":17,"posy":1,"amount":200},{"posx":12,"posy":2,"amount":600},{"posx":15,"posy":2,"amount":300},{"posx":1,"posy":3,"amount":550},{"posx":14,"posy":3,"amount":700},{"posx":7,"posy":4,"amount":750},{"posx":8,"posy":4,"amount":50},{"posx":12,"posy":4,"amount":50},{"posx":16,"posy":4,"amount":250},{"posx":17,"posy":4,"amount":650},{"posx":3,"posy":5,"amount":600},{"posx":12,"posy":6,"amount":50},{"posx":6,"posy":7,"amount":150},{"posx":8,"posy":7,"amount":100},{"posx":5,"posy":8,"amount":600}],"changedObstacles":[{"type":0,"posx":4,"posy":4,"value":-1}]},{"players":[{"playerId":1879247,"score":400,"energy":18,"posx":4,"posy":4,"lastAction":4,"status":0},{"playerId":2413234,"score":234,"energy":14,"posx":7,"posy":4,"lastAction":4,"status":0},{"playerId":131454,"score":234,"energy":2,"posx":7,"posy":4,"lastAction":3,"status":0},{"playerId":803122,"score":284,"energy":19,"posx":4,"posy":4,"lastAction":4,"status":0}],"golds":[{"posx":0,"posy":0,"amount":50},{"posx":3,"posy":1,"amount":400},{"posx":9,"posy":1,"amount":600},{"posx":17,"posy":1,"amount":200},{"posx":12,"posy":2,"amount":600},{"posx":15,"posy":2,"amount":300},{"posx":1,"posy":3,"amount":550},{"posx":14,"posy":3,"amount":700},{"posx":7,"posy":4,"amount":750},{"posx":8,"posy":4,"amount":50},{"posx":12,"posy":4,"amount":50},{"posx":16,"posy":4,"amount":250},{"posx":17,"posy":4,"amount":650},{"posx":3,"posy":5,"amount":600},{"posx":12,"posy":6,"amount":50},{"posx":6,"posy":7,"amount":150},{"posx":8,"posy":7,"amount":100},{"posx":5,"posy":8,"amount":600}],"changedObstacles":[]},{"players":[{"playerId":1879247,"score":400,"energy":8,"posx":3,"posy":4,"lastAction":0,"status":0},{"playerId":2413234,"score":234,"energy":30,"posx":7,"posy":4,"lastAction":4,"status":0},{"playerId":131454,"score":234,"energy":14,"posx":7,"posy":4,"lastAction":4,"status":0},{"playerId":803122,"score":284,"energy":9,"posx":3,"posy":4,"lastAction":0,"status":0}],"golds":[{"posx":0,"posy":0,"amount":50},{"posx":3,"posy":1,"amount":400},{"posx":9,"posy":1,"amount":600},{"posx":17,"posy":1,"amount":200},{"posx":12,"posy":2,"amount":600},{"posx":15,"posy":2,"amount":300},{"posx":1,"posy":3,"amount":550},{"posx":14,"posy":3,"amount":700},{"posx":7,"posy":4,"amount":750},{"posx":8,"posy":4,"amount":50},{"posx":12,"posy":4,"amount":50},{"posx":16,"posy":4,"amount":250},{"posx":17,"posy":4,"amount":650},{"posx":3,"posy":5,"amount":600},{"posx":12,"posy":6,"amount":50},{"posx":6,"posy":7,"amount":150},{"posx":8,"posy":7,"amount":100},{"posx":5,"posy":8,"amount":600}],"changedObstacles":[{"type":0,"posx":3,"posy":4,"value":-1}]},{"players":[{"playerId":1879247,"score":400,"energy":4,"posx":3,"posy":5,"lastAction":3,"status":0},{"playerId":2413234,"score":284,"energy":25,"posx":7,"posy":4,"lastAction":5,"status":0},{"playerId":131454,"score":234,"energy":30,"posx":7,"posy":4,"lastAction":4,"status":0},{"playerId":803122,"score":284,"energy":5,"posx":3,"posy":5,"lastAction":3,"status":0}],"golds":[{"posx":0,"posy":0,"amount":50},{"posx":3,"posy":1,"amount":400},{"posx":9,"posy":1,"amount":600},{"posx":17,"posy":1,"amount":200},{"posx":12,"posy":2,"amount":600},{"posx":15,"posy":2,"amount":300},{"posx":1,"posy":3,"amount":550},{"posx":14,"posy":3,"amount":700},{"posx":7,"posy":4,"amount":700},{"posx":8,"posy":4,"amount":50},{"posx":12,"posy":4,"amount":50},{"posx":16,"posy":4,"amount":250},{"posx":17,"posy":4,"amount":650},{"posx":3,"posy":5,"amount":600},{"posx":12,"posy":6,"amount":50},{"posx":6,"posy":7,"amount":150},{"posx":8,"posy":7,"amount":100},{"posx":5,"posy":8,"amount":600}],"changedObstacles":[]},{"players":[{"playerId":1879247,"score":400,"energy":16,"posx":3,"posy":5,"lastAction":4,"status":0},{"playerId":2413234,"score":334,"energy":20,"posx":7,"posy":4,"lastAction":5,"status":0},{"playerId":131454,"score":234,"energy":50,"posx":7,"posy":4,"lastAction":4,"status":0},{"playerId":803122,"score":284,"energy":17,"posx":3,"posy":5,"lastAction":4,"status":0}],"golds":[{"posx":0,"posy":0,"amount":50},{"posx":3,"posy":1,"amount":400},{"posx":9,"posy":1,"amount":600},{"posx":17,"posy":1,"amount":200},{"posx":12,"posy":2,"amount":600},{"posx":15,"posy":2,"amount":300},{"posx":1,"posy":3,"amount":550},{"posx":14,"posy":3,"amount":700},{"posx":7,"posy":4,"amount":650},{"posx":8,"posy":4,"amount":50},{"posx":12,"posy":4,"amount":50},{"posx":16,"posy":4,"amount":250},{"posx":17,"posy":4,"amount":650},{"posx":3,"posy":5,"amount":600},{"posx":12,"posy":6,"amount":50},{"posx":6,"posy":7,"amount":150},{"posx":8,"posy":7,"amount":100},{"posx":5,"posy":8,"amount":600}],"changedObstacles":[]},{"players":[{"playerId":1879247,"score":450,"energy":11,"posx":3,"posy":5,"lastAction":5,"status":0},{"playerId":2413234,"score":384,"energy":15,"posx":7,"posy":4,"lastAction":5,"status":0},{"playerId":131454,"score":284,"energy":45,"posx":7,"posy":4,"lastAction":5,"status":0},{"playerId":803122,"score":334,"energy":12,"posx":3,"posy":5,"lastAction":5,"status":0}],"golds":[{"posx":0,"posy":0,"amount":50},{"posx":3,"posy":1,"amount":400},{"posx":9,"posy":1,"amount":600},{"posx":17,"posy":1,"amount":200},{"posx":12,"posy":2,"amount":600},{"posx":15,"posy":2,"amount":300},{"posx":1,"posy":3,"amount":550},{"posx":14,"posy":3,"amount":700},{"posx":7,"posy":4,"amount":550},{"posx":8,"posy":4,"amount":50},{"posx":12,"posy":4,"amount":50},{"posx":16,"posy":4,"amount":250},{"posx":17,"posy":4,"amount":650},{"posx":3,"posy":5,"amount":500},{"posx":12,"posy":6,"amount":50},{"posx":6,"posy":7,"amount":150},{"posx":8,"posy":7,"amount":100},{"posx":5,"posy":8,"amount":600}],"changedObstacles":[]},{"players":[{"playerId":1879247,"score":500,"energy":6,"posx":3,"posy":5,"lastAction":5,"status":0},{"playerId":2413234,"score":434,"energy":10,"posx":7,"posy":4,"lastAction":5,"status":0},{"playerId":131454,"score":334,"energy":40,"posx":7,"posy":4,"lastAction":5,"status":0},{"playerId":803122,"score":384,"energy":7,"posx":3,"posy":5,"lastAction":5,"status":0}],"golds":[{"posx":0,"posy":0,"amount":50},{"posx":3,"posy":1,"amount":400},{"posx":9,"posy":1,"amount":600},{"posx":17,"posy":1,"amount":200},{"posx":12,"posy":2,"amount":600},{"posx":15,"posy":2,"amount":300},{"posx":1,"posy":3,"amount":550},{"posx":14,"posy":3,"amount":700},{"posx":7,"posy":4,"amount":450},{"posx":8,"posy":4,"amount":50},{"posx":12,"posy":4,"amount":50},{"posx":16,"posy":4,"amount":250},{"posx":17,"posy":4,"amount":650},{"posx":3,"posy":5,"amount":400},{"posx":12,"posy":6,"amount":50},{"posx":6,"posy":7,"amount":150},{"posx":8,"posy":7,"amount":100},{"posx":5,"posy":8,"amount":600}],"changedObstacles":[]},{"players":[{"playerId":1879247,"score":550,"energy":1,"posx":3,"posy":5,"lastAction":5,"status":0},{"playerId":2413234,"score":484,"energy":5,"posx":7,"posy":4,"lastAction":5,"status":0},{"playerId":131454,"score":384,"energy":35,"posx":7,"posy":4,"lastAction":5,"status":0},{"playerId":803122,"score":434,"energy":2,"posx":3,"posy":5,"lastAction":5,"status":0}],"golds":[{"posx":0,"posy":0,"amount":50},{"posx":3,"posy":1,"amount":400},{"posx":9,"posy":1,"amount":600},{"posx":17,"posy":1,"amount":200},{"posx":12,"posy":2,"amount":600},{"posx":15,"posy":2,"amount":300},{"posx":1,"posy":3,"amount":550},{"posx":14,"posy":3,"amount":700},{"posx":7,"posy":4,"amount":350},{"posx":8,"posy":4,"amount":50},{"posx":12,"posy":4,"amount":50},{"posx":16,"posy":4,"amount":250},{"posx":17,"posy":4,"amount":650},{"posx":3,"posy":5,"amount":300},{"posx":12,"posy":6,"amount":50},{"posx":6,"posy":7,"amount":150},{"posx":8,"posy":7,"amount":100},{"posx":5,"posy":8,"amount":600}],"changedObstacles":[]},{"players":[{"playerId":1879247,"score":550,"energy":13,"posx":3,"posy":5,"lastAction":4,"status":0},{"playerId":2413234,"score":484,"energy":17,"posx":7,"posy":4,"lastAction":4,"status":0},{"playerId":131454,"score":434,"energy":30,"posx":7,"posy":4,"lastAction":5,"status":0},{"playerId":803122,"score":434,"energy":14,"posx":3,"posy":5,"lastAction":4,"status":0}],"golds":[{"posx":0,"posy":0,"amount":50},{"posx":3,"posy":1,"amount":400},{"posx":9,"posy":1,"amount":600},{"posx":17,"posy":1,"amount":200},{"posx":12,"posy":2,"amount":600},{"posx":15,"posy":2,"amount":300},{"posx":1,"posy":3,"amount":550},{"posx":14,"posy":3,"amount":700},{"posx":7,"posy":4,"amount":300},{"posx":8,"posy":4,"amount":50},{"posx":12,"posy":4,"amount":50},{"posx":16,"posy":4,"amount":250},{"posx":17,"posy":4,"amount":650},{"posx":3,"posy":5,"amount":300},{"posx":12,"posy":6,"amount":50},{"posx":6,"posy":7,"amount":150},{"posx":8,"posy":7,"amount":100},{"posx":5,"posy":8,"amount":600}],"changedObstacles":[]},{"players":[{"playerId":1879247,"score":600,"energy":8,"posx":3,"posy":5,"lastAction":5,"status":0},{"playerId":2413234,"score":484,"energy":33,"posx":7,"posy":4,"lastAction":4,"status":0},{"playerId":131454,"score":484,"energy":25,"posx":7,"posy":4,"lastAction":5,"status":0},{"playerId":803122,"score":484,"energy":9,"posx":3,"posy":5,"lastAction":5,"status":0}],"golds":[{"posx":0,"posy":0,"amount":50},{"posx":3,"posy":1,"amount":400},{"posx":9,"posy":1,"amount":600},{"posx":17,"posy":1,"amount":200},{"posx":12,"posy":2,"amount":600},{"posx":15,"posy":2,"amount":300},{"posx":1,"posy":3,"amount":550},{"posx":14,"posy":3,"amount":700},{"posx":7,"posy":4,"amount":250},{"posx":8,"posy":4,"amount":50},{"posx":12,"posy":4,"amount":50},{"posx":16,"posy":4,"amount":250},{"posx":17,"posy":4,"amount":650},{"posx":3,"posy":5,"amount":200},{"posx":12,"posy":6,"amount":50},{"posx":6,"posy":7,"amount":150},{"posx":8,"posy":7,"amount":100},{"posx":5,"posy":8,"amount":600}],"changedObstacles":[]},{"players":[{"playerId":1879247,"score":650,"energy":3,"posx":3,"posy":5,"lastAction":5,"status":0},{"playerId":2413234,"score":534,"energy":28,"posx":7,"posy":4,"lastAction":5,"status":0},{"playerId":131454,"score":534,"energy":20,"posx":7,"posy":4,"lastAction":5,"status":0},{"playerId":803122,"score":534,"energy":4,"posx":3,"posy":5,"lastAction":5,"status":0}],"golds":[{"posx":0,"posy":0,"amount":50},{"posx":3,"posy":1,"amount":400},{"posx":9,"posy":1,"amount":600},{"posx":17,"posy":1,"amount":200},{"posx":12,"posy":2,"amount":600},{"posx":15,"posy":2,"amount":300},{"posx":1,"posy":3,"amount":550},{"posx":14,"posy":3,"amount":700},{"posx":7,"posy":4,"amount":150},{"posx":8,"posy":4,"amount":50},{"posx":12,"posy":4,"amount":50},{"posx":16,"posy":4,"amount":250},{"posx":17,"posy":4,"amount":650},{"posx":3,"posy":5,"amount":100},{"posx":12,"posy":6,"amount":50},{"posx":6,"posy":7,"amount":150},{"posx":8,"posy":7,"amount":100},{"posx":5,"posy":8,"amount":600}],"changedObstacles":[]},{"players":[{"playerId":1879247,"score":650,"energy":15,"posx":3,"posy":5,"lastAction":4,"status":0},{"playerId":2413234,"score":584,"energy":23,"posx":7,"posy":4,"lastAction":5,"status":0},{"playerId":131454,"score":584,"energy":15,"posx":7,"posy":4,"lastAction":5,"status":0},{"playerId":803122,"score":534,"energy":16,"posx":3,"posy":5,"lastAction":4,"status":0}],"golds":[{"posx":0,"posy":0,"amount":50},{"posx":3,"posy":1,"amount":400},{"posx":9,"posy":1,"amount":600},{"posx":17,"posy":1,"amount":200},{"posx":12,"posy":2,"amount":600},{"posx":15,"posy":2,"amount":300},{"posx":1,"posy":3,"amount":550},{"posx":14,"posy":3,"amount":700},{"posx":7,"posy":4,"amount":50},{"posx":8,"posy":4,"amount":50},{"posx":12,"posy":4,"amount":50},{"posx":16,"posy":4,"amount":250},{"posx":17,"posy":4,"amount":650},{"posx":3,"posy":5,"amount":100},{"posx":12,"posy":6,"amount":50},{"posx":6,"posy":7,"amount":150},{"posx":8,"posy":7,"amount":100},{"posx":5,"posy":8,"amount":600}],"changedObstacles":[]},{"players":[{"playerId":1879247,"score":700,"energy":10,"posx":3,"posy":5,"lastAction":5,"status":0},{"playerId":2413234,"score":609,"energy":18,"posx":7,"posy":4,"lastAction":5,"status":0},{"playerId":131454,"score":609,"energy":10,"posx":7,"posy":4,"lastAction":5,"status":0},{"playerId":803122,"score":584,"energy":11,"posx":3,"posy":5,"lastAction":5,"status":0}],"golds":[{"posx":0,"posy":0,"amount":50},{"posx":3,"posy":1,"amount":400},{"posx":9,"posy":1,"amount":600},{"posx":17,"posy":1,"amount":200},{"posx":12,"posy":2,"amount":600},{"posx":15,"posy":2,"amount":300},{"posx":1,"posy":3,"amount":550},{"posx":14,"posy":3,"amount":700},{"posx":8,"posy":4,"amount":50},{"posx":12,"posy":4,"amount":50},{"posx":16,"posy":4,"amount":250},{"posx":17,"posy":4,"amount":650},{"posx":12,"posy":6,"amount":50},{"posx":6,"posy":7,"amount":150},{"posx":8,"posy":7,"amount":100},{"posx":5,"posy":8,"amount":600}],"changedObstacles":[{"type":0,"posx":7,"posy":4,"value":-1},{"type":0,"posx":3,"posy":5,"value":-1}]},{"players":[{"playerId":1879247,"score":700,"energy":9,"posx":3,"posy":4,"lastAction":2,"status":0},{"playerId":2413234,"score":609,"energy":14,"posx":8,"posy":4,"lastAction":1,"status":0},{"playerId":131454,"score":609,"energy":22,"posx":7,"posy":4,"lastAction":4,"status":0},{"playerId":803122,"score":584,"energy":10,"posx":3,"posy":4,"lastAction":2,"status":0}],"golds":[{"posx":0,"posy":0,"amount":50},{"posx":3,"posy":1,"amount":400},{"posx":9,"posy":1,"amount":600},{"posx":17,"posy":1,"amount":200},{"posx":12,"posy":2,"amount":600},{"posx":15,"posy":2,"amount":300},{"posx":1,"posy":3,"amount":550},{"posx":14,"posy":3,"amount":700},{"posx":8,"posy":4,"amount":50},{"posx":12,"posy":4,"amount":50},{"posx":16,"posy":4,"amount":250},{"posx":17,"posy":4,"amount":650},{"posx":12,"posy":6,"amount":50},{"posx":6,"posy":7,"amount":150},{"posx":8,"posy":7,"amount":100},{"posx":5,"posy":8,"amount":600}],"changedObstacles":[]},{"players":[{"playerId":1879247,"score":700,"energy":4,"posx":3,"posy":3,"lastAction":2,"status":0},{"playerId":2413234,"score":659,"energy":9,"posx":8,"posy":4,"lastAction":5,"status":0},{"playerId":131454,"score":609,"energy":5,"posx":7,"posy":3,"lastAction":2,"status":0},{"playerId":803122,"score":584,"energy":5,"posx":3,"posy":3,"lastAction":2,"status":0}],"golds":[{"posx":0,"posy":0,"amount":50},{"posx":3,"posy":1,"amount":400},{"posx":9,"posy":1,"amount":600},{"posx":17,"posy":1,"amount":200},{"posx":12,"posy":2,"amount":600},{"posx":15,"posy":2,"amount":300},{"posx":1,"posy":3,"amount":550},{"posx":14,"posy":3,"amount":700},{"posx":12,"posy":4,"amount":50},{"posx":16,"posy":4,"amount":250},{"posx":17,"posy":4,"amount":650},{"posx":12,"posy":6,"amount":50},{"posx":6,"posy":7,"amount":150},{"posx":8,"posy":7,"amount":100},{"posx":5,"posy":8,"amount":600}],"changedObstacles":[{"type":3,"posx":3,"posy":3,"value":-20},{"type":0,"posx":8,"posy":4,"value":-1}]},{"players":[{"playerId":1879247,"score":700,"energy":3,"posx":3,"posy":2,"lastAction":2,"status":0},{"playerId":2413234,"score":659,"energy":8,"posx":9,"posy":4,"lastAction":1,"status":0},{"playerId":131454,"score":609,"energy":17,"posx":7,"posy":3,"lastAction":4,"status":0},{"playerId":803122,"score":584,"energy":4,"posx":2,"posy":3,"lastAction":0,"status":0}],"golds":[{"posx":0,"posy":0,"amount":50},{"posx":3,"posy":1,"amount":400},{"posx":9,"posy":1,"amount":600},{"posx":17,"posy":1,"amount":200},{"posx":12,"posy":2,"amount":600},{"posx":15,"posy":2,"amount":300},{"posx":1,"posy":3,"amount":550},{"posx":14,"posy":3,"amount":700},{"posx":12,"posy":4,"amount":50},{"posx":16,"posy":4,"amount":250},{"posx":17,"posy":4,"amount":650},{"posx":12,"posy":6,"amount":50},{"posx":6,"posy":7,"amount":150},{"posx":8,"posy":7,"amount":100},{"posx":5,"posy":8,"amount":600}],"changedObstacles":[]},{"players":[{"playerId":1879247,"score":700,"energy":15,"posx":3,"posy":2,"lastAction":4,"status":0},{"playerId":2413234,"score":659,"energy":20,"posx":9,"posy":4,"lastAction":4,"status":0},{"playerId":131454,"score":609,"energy":33,"posx":7,"posy":3,"lastAction":4,"status":0},{"playerId":803122,"score":584,"energy":16,"posx":2,"posy":3,"lastAction":4,"status":0}],"golds":[{"posx":0,"posy":0,"amount":50},{"posx":3,"posy":1,"amount":400},{"posx":9,"posy":1,"amount":600},{"posx":17,"posy":1,"amount":200},{"posx":12,"posy":2,"amount":600},{"posx":15,"posy":2,"amount":300},{"posx":1,"posy":3,"amount":550},{"posx":14,"posy":3,"amount":700},{"posx":12,"posy":4,"amount":50},{"posx":16,"posy":4,"amount":250},{"posx":17,"posy":4,"amount":650},{"posx":12,"posy":6,"amount":50},{"posx":6,"posy":7,"amount":150},{"posx":8,"posy":7,"amount":100},{"posx":5,"posy":8,"amount":600}],"changedObstacles":[]},{"players":[{"playerId":1879247,"score":700,"energy":11,"posx":3,"posy":1,"lastAction":2,"status":0},{"playerId":2413234,"score":659,"energy":36,"posx":9,"posy":4,"lastAction":4,"status":0},{"playerId":131454,"score":609,"energy":50,"posx":7,"posy":3,"lastAction":4,"status":0},{"playerId":803122,"score":584,"energy":12,"posx":1,"posy":3,"lastAction":0,"status":0}],"golds":[{"posx":0,"posy":0,"amount":50},{"posx":3,"posy":1,"amount":400},{"posx":9,"posy":1,"amount":600},{"posx":17,"posy":1,"amount":200},{"posx":12,"posy":2,"amount":600},{"posx":15,"posy":2,"amount":300},{"posx":1,"posy":3,"amount":550},{"posx":14,"posy":3,"amount":700},{"posx":12,"posy":4,"amount":50},{"posx":16,"posy":4,"amount":250},{"posx":17,"posy":4,"amount":650},{"posx":12,"posy":6,"amount":50},{"posx":6,"posy":7,"amount":150},{"posx":8,"posy":7,"amount":100},{"posx":5,"posy":8,"amount":600}],"changedObstacles":[]},{"players":[{"playerId":1879247,"score":750,"energy":6,"posx":3,"posy":1,"lastAction":5,"status":0},{"playerId":2413234,"score":659,"energy":26,"posx":10,"posy":4,"lastAction":1,"status":0},{"playerId":131454,"score":609,"energy":49,"posx":8,"posy":3,"lastAction":1,"status":0},{"playerId":803122,"score":634,"energy":7,"posx":1,"posy":3,"lastAction":5,"status":0}],"golds":[{"posx":0,"posy":0,"amount":50},{"posx":3,"posy":1,"amount":350},{"posx":9,"posy":1,"amount":600},{"posx":17,"posy":1,"amount":200},{"posx":12,"posy":2,"amount":600},{"posx":15,"posy":2,"amount":300},{"posx":1,"posy":3,"amount":500},{"posx":14,"posy":3,"amount":700},{"posx":12,"posy":4,"amount":50},{"posx":16,"posy":4,"amount":250},{"posx":17,"posy":4,"amount":650},{"posx":12,"posy":6,"amount":50},{"posx":6,"posy":7,"amount":150},{"posx":8,"posy":7,"amount":100},{"posx":5,"posy":8,"amount":600}],"changedObstacles":[{"type":0,"posx":10,"posy":4,"value":-1}]},{"players":[{"playerId":1879247,"score":800,"energy":1,"posx":3,"posy":1,"lastAction":5,"status":0},{"playerId":2413234,"score":659,"energy":25,"posx":11,"posy":4,"lastAction":1,"status":0},{"playerId":131454,"score":609,"energy":48,"posx":9,"posy":3,"lastAction":1,"status":0},{"playerId":803122,"score":684,"energy":2,"posx":1,"posy":3,"lastAction":5,"status":0}],"golds":[{"posx":0,"posy":0,"amount":50},{"posx":3,"posy":1,"amount":300},{"posx":9,"posy":1,"amount":600},{"posx":17,"posy":1,"amount":200},{"posx":12,"posy":2,"amount":600},{"posx":15,"posy":2,"amount":300},{"posx":1,"posy":3,"amount":450},{"posx":14,"posy":3,"amount":700},{"posx":12,"posy":4,"amount":50},{"posx":16,"posy":4,"amount":250},{"posx":17,"posy":4,"amount":650},{"posx":12,"posy":6,"amount":50},{"posx":6,"posy":7,"amount":150},{"posx":8,"posy":7,"amount":100},{"posx":5,"posy":8,"amount":600}],"changedObstacles":[]},{"players":[{"playerId":1879247,"score":800,"energy":13,"posx":3,"posy":1,"lastAction":4,"status":0},{"playerId":2413234,"score":659,"energy":21,"posx":12,"posy":4,"lastAction":1,"status":0},{"playerId":131454,"score":609,"energy":38,"posx":9,"posy":2,"lastAction":2,"status":0},{"playerId":803122,"score":684,"energy":14,"posx":1,"posy":3,"lastAction":4,"status":0}],"golds":[{"posx":0,"posy":0,"amount":50},{"posx":3,"posy":1,"amount":300},{"posx":9,"posy":1,"amount":600},{"posx":17,"posy":1,"amount":200},{"posx":12,"posy":2,"amount":600},{"posx":15,"posy":2,"amount":300},{"posx":1,"posy":3,"amount":450},{"posx":14,"posy":3,"amount":700},{"posx":12,"posy":4,"amount":50},{"posx":16,"posy":4,"amount":250},{"posx":17,"posy":4,"amount":650},{"posx":12,"posy":6,"amount":50},{"posx":6,"posy":7,"amount":150},{"posx":8,"posy":7,"amount":100},{"posx":5,"posy":8,"amount":600}],"changedObstacles":[{"type":0,"posx":9,"posy":2,"value":-1}]},{"players":[{"playerId":1879247,"score":850,"energy":8,"posx":3,"posy":1,"lastAction":5,"status":0},{"playerId":2413234,"score":709,"energy":16,"posx":12,"posy":4,"lastAction":5,"status":0},{"playerId":131454,"score":609,"energy":34,"posx":9,"posy":1,"lastAction":2,"status":0},{"playerId":803122,"score":734,"energy":9,"posx":1,"posy":3,"lastAction":5,"status":0}],"golds":[{"posx":0,"posy":0,"amount":50},{"posx":3,"posy":1,"amount":250},{"posx":9,"posy":1,"amount":600},{"posx":17,"posy":1,"amount":200},{"posx":12,"posy":2,"amount":600},{"posx":15,"posy":2,"amount":300},{"posx":1,"posy":3,"amount":400},{"posx":14,"posy":3,"amount":700},{"posx":16,"posy":4,"amount":250},{"posx":17,"posy":4,"amount":650},{"posx":12,"posy":6,"amount":50},{"posx":6,"posy":7,"amount":150},{"posx":8,"posy":7,"amount":100},{"posx":5,"posy":8,"amount":600}],"changedObstacles":[{"type":0,"posx":12,"posy":4,"value":-1}]},{"players":[{"playerId":1879247,"score":900,"energy":3,"posx":3,"posy":1,"lastAction":5,"status":0},{"playerId":2413234,"score":709,"energy":11,"posx":13,"posy":4,"lastAction":1,"status":0},{"playerId":131454,"score":659,"energy":29,"posx":9,"posy":1,"lastAction":5,"status":0},{"playerId":803122,"score":784,"energy":4,"posx":1,"posy":3,"lastAction":5,"status":0}],"golds":[{"posx":0,"posy":0,"amount":50},{"posx":3,"posy":1,"amount":200},{"posx":9,"posy":1,"amount":550},{"posx":17,"posy":1,"amount":200},{"posx":12,"posy":2,"amount":600},{"posx":15,"posy":2,"amount":300},{"posx":1,"posy":3,"amount":350},{"posx":14,"posy":3,"amount":700},{"posx":16,"posy":4,"amount":250},{"posx":17,"posy":4,"amount":650},{"posx":12,"posy":6,"amount":50},{"posx":6,"posy":7,"amount":150},{"posx":8,"posy":7,"amount":100},{"posx":5,"posy":8,"amount":600}],"changedObstacles":[{"type":3,"posx":13,"posy":4,"value":-20}]},{"players":[{"playerId":1879247,"score":900,"energy":15,"posx":3,"posy":1,"lastAction":4,"status":0},{"playerId":2413234,"score":709,"energy":6,"posx":14,"posy":4,"lastAction":1,"status":0},{"playerId":131454,"score":709,"energy":24,"posx":9,"posy":1,"lastAction":5,"status":0},{"playerId":803122,"score":784,"energy":16,"posx":1,"posy":3,"lastAction":4,"status":0}],"golds":[{"posx":0,"posy":0,"amount":50},{"posx":3,"posy":1,"amount":200},{"posx":9,"posy":1,"amount":500},{"posx":17,"posy":1,"amount":200},{"posx":12,"posy":2,"amount":600},{"posx":15,"posy":2,"amount":300},{"posx":1,"posy":3,"amount":350},{"posx":14,"posy":3,"amount":700},{"posx":16,"posy":4,"amount":250},{"posx":17,"posy":4,"amount":650},{"posx":12,"posy":6,"amount":50},{"posx":6,"posy":7,"amount":150},{"posx":8,"posy":7,"amount":100},{"posx":5,"posy":8,"amount":600}],"changedObstacles":[{"type":3,"posx":14,"posy":4,"value":-20}]},{"players":[{"playerId":1879247,"score":950,"energy":10,"posx":3,"posy":1,"lastAction":5,"status":0},{"playerId":2413234,"score":709,"energy":2,"posx":14,"posy":3,"lastAction":2,"status":0},{"playerId":131454,"score":759,"energy":19,"posx":9,"posy":1,"lastAction":5,"status":0},{"playerId":803122,"score":834,"energy":11,"posx":1,"posy":3,"lastAction":5,"status":0}],"golds":[{"posx":0,"posy":0,"amount":50},{"posx":3,"posy":1,"amount":150},{"posx":9,"posy":1,"amount":450},{"posx":17,"posy":1,"amount":200},{"posx":12,"posy":2,"amount":600},{"posx":15,"posy":2,"amount":300},{"posx":1,"posy":3,"amount":300},{"posx":14,"posy":3,"amount":700},{"posx":16,"posy":4,"amount":250},{"posx":17,"posy":4,"amount":650},{"posx":12,"posy":6,"amount":50},{"posx":6,"posy":7,"amount":150},{"posx":8,"posy":7,"amount":100},{"posx":5,"posy":8,"amount":600}],"changedObstacles":[]},{"players":[{"playerId":1879247,"score":1000,"energy":5,"posx":3,"posy":1,"lastAction":5,"status":0},{"playerId":2413234,"score":709,"energy":14,"posx":14,"posy":3,"lastAction":4,"status":0},{"playerId":131454,"score":809,"energy":14,"posx":9,"posy":1,"lastAction":5,"status":0},{"playerId":803122,"score":884,"energy":6,"posx":1,"posy":3,"lastAction":5,"status":0}],"golds":[{"posx":0,"posy":0,"amount":50},{"posx":3,"posy":1,"amount":100},{"posx":9,"posy":1,"amount":400},{"posx":17,"posy":1,"amount":200},{"posx":12,"posy":2,"amount":600},{"posx":15,"posy":2,"amount":300},{"posx":1,"posy":3,"amount":250},{"posx":14,"posy":3,"amount":700},{"posx":16,"posy":4,"amount":250},{"posx":17,"posy":4,"amount":650},{"posx":12,"posy":6,"amount":50},{"posx":6,"posy":7,"amount":150},{"posx":8,"posy":7,"amount":100},{"posx":5,"posy":8,"amount":600}],"changedObstacles":[]},{"players":[{"playerId":1879247,"score":1000,"energy":17,"posx":3,"posy":1,"lastAction":4,"status":0},{"playerId":2413234,"score":709,"energy":30,"posx":14,"posy":3,"lastAction":4,"status":0},{"playerId":131454,"score":859,"energy":9,"posx":9,"posy":1,"lastAction":5,"status":0},{"playerId":803122,"score":934,"energy":1,"posx":1,"posy":3,"lastAction":5,"status":0}],"golds":[{"posx":0,"posy":0,"amount":50},{"posx":3,"posy":1,"amount":100},{"posx":9,"posy":1,"amount":350},{"posx":17,"posy":1,"amount":200},{"posx":12,"posy":2,"amount":600},{"posx":15,"posy":2,"amount":300},{"posx":1,"posy":3,"amount":200},{"posx":14,"posy":3,"amount":700},{"posx":16,"posy":4,"amount":250},{"posx":17,"posy":4,"amount":650},{"posx":12,"posy":6,"amount":50},{"posx":6,"posy":7,"amount":150},{"posx":8,"posy":7,"amount":100},{"posx":5,"posy":8,"amount":600}],"changedObstacles":[]},{"players":[{"playerId":1879247,"score":1050,"energy":12,"posx":3,"posy":1,"lastAction":5,"status":0},{"playerId":2413234,"score":759,"energy":25,"posx":14,"posy":3,"lastAction":5,"status":0},{"playerId":131454,"score":909,"energy":4,"posx":9,"posy":1,"lastAction":5,"status":0},{"playerId":803122,"score":934,"energy":13,"posx":1,"posy":3,"lastAction":4,"status":0}],"golds":[{"posx":0,"posy":0,"amount":50},{"posx":3,"posy":1,"amount":50},{"posx":9,"posy":1,"amount":300},{"posx":17,"posy":1,"amount":200},{"posx":12,"posy":2,"amount":600},{"posx":15,"posy":2,"amount":300},{"posx":1,"posy":3,"amount":200},{"posx":14,"posy":3,"amount":650},{"posx":16,"posy":4,"amount":250},{"posx":17,"posy":4,"amount":650},{"posx":12,"posy":6,"amount":50},{"posx":6,"posy":7,"amount":150},{"posx":8,"posy":7,"amount":100},{"posx":5,"posy":8,"amount":600}],"changedObstacles":[]},{"players":[{"playerId":1879247,"score":1100,"energy":7,"posx":3,"posy":1,"lastAction":5,"status":0},{"playerId":2413234,"score":809,"energy":20,"posx":14,"posy":3,"lastAction":5,"status":0},{"playerId":131454,"score":909,"energy":16,"posx":9,"posy":1,"lastAction":4,"status":0},{"playerId":803122,"score":984,"energy":8,"posx":1,"posy":3,"lastAction":5,"status":0}],"golds":[{"posx":0,"posy":0,"amount":50},{"posx":9,"posy":1,"amount":300},{"posx":17,"posy":1,"amount":200},{"posx":12,"posy":2,"amount":600},{"posx":15,"posy":2,"amount":300},{"posx":1,"posy":3,"amount":150},{"posx":14,"posy":3,"amount":600},{"posx":16,"posy":4,"amount":250},{"posx":17,"posy":4,"amount":650},{"posx":12,"posy":6,"amount":50},{"posx":6,"posy":7,"amount":150},{"posx":8,"posy":7,"amount":100},{"posx":5,"posy":8,"amount":600}],"changedObstacles":[{"type":0,"posx":3,"posy":1,"value":-1}]},{"players":[{"playerId":1879247,"score":1100,"energy":6,"posx":2,"posy":1,"lastAction":0,"status":0},{"playerId":2413234,"score":859,"energy":15,"posx":14,"posy":3,"lastAction":5,"status":0},{"playerId":131454,"score":909,"energy":32,"posx":9,"posy":1,"lastAction":4,"status":0},{"playerId":803122,"score":1034,"energy":3,"posx":1,"posy":3,"lastAction":5,"status":0}],"golds":[{"posx":0,"posy":0,"amount":50},{"posx":9,"posy":1,"amount":300},{"posx":17,"posy":1,"amount":200},{"posx":12,"posy":2,"amount":600},{"posx":15,"posy":2,"amount":300},{"posx":1,"posy":3,"amount":100},{"posx":14,"posy":3,"amount":550},{"posx":16,"posy":4,"amount":250},{"posx":17,"posy":4,"amount":650},{"posx":12,"posy":6,"amount":50},{"posx":6,"posy":7,"amount":150},{"posx":8,"posy":7,"amount":100},{"posx":5,"posy":8,"amount":600}],"changedObstacles":[]},{"players":[{"playerId":1879247,"score":1100,"energy":18,"posx":2,"posy":1,"lastAction":4,"status":0},{"playerId":2413234,"score":909,"energy":10,"posx":14,"posy":3,"lastAction":5,"status":0},{"playerId":131454,"score":909,"energy":50,"posx":9,"posy":1,"lastAction":4,"status":0},{"playerId":803122,"score":1034,"energy":15,"posx":1,"posy":3,"lastAction":4,"status":0}],"golds":[{"posx":0,"posy":0,"amount":50},{"posx":9,"posy":1,"amount":300},{"posx":17,"posy":1,"amount":200},{"posx":12,"posy":2,"amount":600},{"posx":15,"posy":2,"amount":300},{"posx":1,"posy":3,"amount":100},{"posx":14,"posy":3,"amount":500},{"posx":16,"posy":4,"amount":250},{"posx":17,"posy":4,"amount":650},{"posx":12,"posy":6,"amount":50},{"posx":6,"posy":7,"amount":150},{"posx":8,"posy":7,"amount":100},{"posx":5,"posy":8,"amount":600}],"changedObstacles":[]},{"players":[{"playerId":1879247,"score":1100,"energy":8,"posx":2,"posy":0,"lastAction":2,"status":0},{"playerId":2413234,"score":959,"energy":5,"posx":14,"posy":3,"lastAction":5,"status":0},{"playerId":131454,"score":959,"energy":45,"posx":9,"posy":1,"lastAction":5,"status":0},{"playerId":803122,"score":1084,"energy":10,"posx":1,"posy":3,"lastAction":5,"status":0}],"golds":[{"posx":0,"posy":0,"amount":50},{"posx":9,"posy":1,"amount":250},{"posx":17,"posy":1,"amount":200},{"posx":12,"posy":2,"amount":600},{"posx":15,"posy":2,"amount":300},{"posx":1,"posy":3,"amount":50},{"posx":14,"posy":3,"amount":450},{"posx":16,"posy":4,"amount":250},{"posx":17,"posy":4,"amount":650},{"posx":12,"posy":6,"amount":50},{"posx":6,"posy":7,"amount":150},{"posx":8,"posy":7,"amount":100},{"posx":5,"posy":8,"amount":600}],"changedObstacles":[{"type":0,"posx":2,"posy":0,"value":-1}]},{"players":[{"playerId":1879247,"score":1100,"energy":20,"posx":2,"posy":0,"lastAction":4,"status":0},{"playerId":2413234,"score":959,"energy":17,"posx":14,"posy":3,"lastAction":4,"status":0},{"playerId":131454,"score":1009,"energy":40,"posx":9,"posy":1,"lastAction":5,"status":0},{"playerId":803122,"score":1134,"energy":5,"posx":1,"posy":3,"lastAction":5,"status":0}],"golds":[{"posx":0,"posy":0,"amount":50},{"posx":9,"posy":1,"amount":200},{"posx":17,"posy":1,"amount":200},{"posx":12,"posy":2,"amount":600},{"posx":15,"posy":2,"amount":300},{"posx":14,"posy":3,"amount":450},{"posx":16,"posy":4,"amount":250},{"posx":17,"posy":4,"amount":650},{"posx":12,"posy":6,"amount":50},{"posx":6,"posy":7,"amount":150},{"posx":8,"posy":7,"amount":100},{"posx":5,"posy":8,"amount":600}],"changedObstacles":[{"type":0,"posx":1,"posy":3,"value":-1}]},{"players":[{"playerId":1879247,"score":1100,"energy":36,"posx":2,"posy":0,"lastAction":4,"status":0},{"playerId":2413234,"score":959,"energy":33,"posx":14,"posy":3,"lastAction":4,"status":0},{"playerId":131454,"score":1059,"energy":35,"posx":9,"posy":1,"lastAction":5,"status":0},{"playerId":803122,"score":1134,"energy":4,"posx":0,"posy":3,"lastAction":0,"status":0}],"golds":[{"posx":0,"posy":0,"amount":50},{"posx":9,"posy":1,"amount":150},{"posx":17,"posy":1,"amount":200},{"posx":12,"posy":2,"amount":600},{"posx":15,"posy":2,"amount":300},{"posx":14,"posy":3,"amount":450},{"posx":16,"posy":4,"amount":250},{"posx":17,"posy":4,"amount":650},{"posx":12,"posy":6,"amount":50},{"posx":6,"posy":7,"amount":150},{"posx":8,"posy":7,"amount":100},{"posx":5,"posy":8,"amount":600}],"changedObstacles":[]},{"players":[{"playerId":1879247,"score":1100,"energy":20,"posx":1,"posy":0,"lastAction":0,"status":0},{"playerId":2413234,"score":1009,"energy":28,"posx":14,"posy":3,"lastAction":5,"status":0},{"playerId":131454,"score":1109,"energy":30,"posx":9,"posy":1,"lastAction":5,"status":0},{"playerId":803122,"score":1134,"energy":16,"posx":0,"posy":3,"lastAction":4,"status":0}],"golds":[{"posx":0,"posy":0,"amount":50},{"posx":9,"posy":1,"amount":100},{"posx":17,"posy":1,"amount":200},{"posx":12,"posy":2,"amount":600},{"posx":15,"posy":2,"amount":300},{"posx":14,"posy":3,"amount":400},{"posx":16,"posy":4,"amount":250},{"posx":17,"posy":4,"amount":650},{"posx":12,"posy":6,"amount":50},{"posx":6,"posy":7,"amount":150},{"posx":8,"posy":7,"amount":100},{"posx":5,"posy":8,"amount":600}],"changedObstacles":[]},{"players":[{"playerId":1879247,"score":1100,"energy":16,"posx":0,"posy":0,"lastAction":0,"status":0},{"playerId":2413234,"score":1059,"energy":23,"posx":14,"posy":3,"lastAction":5,"status":0},{"playerId":131454,"score":1159,"energy":25,"posx":9,"posy":1,"lastAction":5,"status":0},{"playerId":803122,"score":1134,"energy":32,"posx":0,"posy":3,"lastAction":4,"status":0}],"golds":[{"posx":0,"posy":0,"amount":50},{"posx":9,"posy":1,"amount":50},{"posx":17,"posy":1,"amount":200},{"posx":12,"posy":2,"amount":600},{"posx":15,"posy":2,"amount":300},{"posx":14,"posy":3,"amount":350},{"posx":16,"posy":4,"amount":250},{"posx":17,"posy":4,"amount":650},{"posx":12,"posy":6,"amount":50},{"posx":6,"posy":7,"amount":150},{"posx":8,"posy":7,"amount":100},{"posx":5,"posy":8,"amount":600}],"changedObstacles":[]},{"players":[{"playerId":1879247,"score":1150,"energy":11,"posx":0,"posy":0,"lastAction":5,"status":0},{"playerId":2413234,"score":1109,"energy":18,"posx":14,"posy":3,"lastAction":5,"status":0},{"playerId":131454,"score":1209,"energy":20,"posx":9,"posy":1,"lastAction":5,"status":0},{"playerId":803122,"score":1134,"energy":27,"posx":0,"posy":2,"lastAction":2,"status":0}],"golds":[{"posx":17,"posy":1,"amount":200},{"posx":12,"posy":2,"amount":600},{"posx":15,"posy":2,"amount":300},{"posx":14,"posy":3,"amount":300},{"posx":16,"posy":4,"amount":250},{"posx":17,"posy":4,"amount":650},{"posx":12,"posy":6,"amount":50},{"posx":6,"posy":7,"amount":150},{"posx":8,"posy":7,"amount":100},{"posx":5,"posy":8,"amount":600}],"changedObstacles":[{"type":0,"posx":9,"posy":1,"value":-1},{"type":0,"posx":0,"posy":0,"value":-1}]},{"players":[{"playerId":1879247,"score":1150,"energy":10,"posx":0,"posy":1,"lastAction":3,"status":0},{"playerId":2413234,"score":1159,"energy":13,"posx":14,"posy":3,"lastAction":5,"status":0},{"playerId":131454,"score":1209,"energy":32,"posx":9,"posy":1,"lastAction":4,"status":0},{"playerId":803122,"score":1134,"energy":26,"posx":0,"posy":1,"lastAction":2,"status":0}],"golds":[{"posx":17,"posy":1,"amount":200},{"posx":12,"posy":2,"amount":600},{"posx":15,"posy":2,"amount":300},{"posx":14,"posy":3,"amount":250},{"posx":16,"posy":4,"amount":250},{"posx":17,"posy":4,"amount":650},{"posx":12,"posy":6,"amount":50},{"posx":6,"posy":7,"amount":150},{"posx":8,"posy":7,"amount":100},{"posx":5,"posy":8,"amount":600}],"changedObstacles":[]},{"players":[{"playerId":1879247,"score":1150,"energy":22,"posx":0,"posy":1,"lastAction":4,"status":0},{"playerId":2413234,"score":1209,"energy":8,"posx":14,"posy":3,"lastAction":5,"status":0},{"playerId":131454,"score":1209,"energy":24,"posx":10,"posy":1,"lastAction":1,"status":0},{"playerId":803122,"score":1134,"energy":16,"posx":1,"posy":1,"lastAction":1,"status":0}],"golds":[{"posx":17,"posy":1,"amount":200},{"posx":12,"posy":2,"amount":600},{"posx":15,"posy":2,"amount":300},{"posx":14,"posy":3,"amount":200},{"posx":16,"posy":4,"amount":250},{"posx":17,"posy":4,"amount":650},{"posx":12,"posy":6,"amount":50},{"posx":6,"posy":7,"amount":150},{"posx":8,"posy":7,"amount":100},{"posx":5,"posy":8,"amount":600}],"changedObstacles":[{"type":0,"posx":1,"posy":1,"value":-1}]},{"players":[{"playerId":1879247,"score":1150,"energy":21,"posx":1,"posy":1,"lastAction":1,"status":0},{"playerId":2413234,"score":1259,"energy":3,"posx":14,"posy":3,"lastAction":5,"status":0},{"playerId":131454,"score":1209,"energy":19,"posx":10,"posy":2,"lastAction":3,"status":0},{"playerId":803122,"score":1134,"energy":28,"posx":1,"posy":1,"lastAction":4,"status":0}],"golds":[{"posx":17,"posy":1,"amount":200},{"posx":12,"posy":2,"amount":600},{"posx":15,"posy":2,"amount":300},{"posx":14,"posy":3,"amount":150},{"posx":16,"posy":4,"amount":250},{"posx":17,"posy":4,"amount":650},{"posx":12,"posy":6,"amount":50},{"posx":6,"posy":7,"amount":150},{"posx":8,"posy":7,"amount":100},{"posx":5,"posy":8,"amount":600}],"changedObstacles":[{"type":3,"posx":10,"posy":2,"value":-20}]},{"players":[{"playerId":1879247,"score":1150,"energy":7,"posx":1,"posy":2,"lastAction":3,"status":0},{"playerId":2413234,"score":1259,"energy":15,"posx":14,"posy":3,"lastAction":4,"status":0},{"playerId":131454,"score":1209,"energy":14,"posx":11,"posy":2,"lastAction":1,"status":0},{"playerId":803122,"score":1134,"energy":17,"posx":1,"posy":2,"lastAction":3,"status":0}],"golds":[{"posx":17,"posy":1,"amount":200},{"posx":12,"posy":2,"amount":600},{"posx":15,"posy":2,"amount":300},{"posx":14,"posy":3,"amount":150},{"posx":16,"posy":4,"amount":250},{"posx":17,"posy":4,"amount":650},{"posx":12,"posy":6,"amount":50},{"posx":6,"posy":7,"amount":150},{"posx":8,"posy":7,"amount":100},{"posx":5,"posy":8,"amount":600}],"changedObstacles":[{"type":3,"posx":11,"posy":2,"value":-20}]},{"players":[{"playerId":1879247,"score":1150,"energy":6,"posx":2,"posy":2,"lastAction":1,"status":0},{"playerId":2413234,"score":1259,"energy":31,"posx":14,"posy":3,"lastAction":4,"status":0},{"playerId":131454,"score":1209,"energy":10,"posx":12,"posy":2,"lastAction":1,"status":0},{"playerId":803122,"score":1134,"energy":16,"posx":2,"posy":2,"lastAction":1,"status":0}],"golds":[{"posx":17,"posy":1,"amount":200},{"posx":12,"posy":2,"amount":600},{"posx":15,"posy":2,"amount":300},{"posx":14,"posy":3,"amount":150},{"posx":16,"posy":4,"amount":250},{"posx":17,"posy":4,"amount":650},{"posx":12,"posy":6,"amount":50},{"posx":6,"posy":7,"amount":150},{"posx":8,"posy":7,"amount":100},{"posx":5,"posy":8,"amount":600}],"changedObstacles":[]},{"players":[{"playerId":1879247,"score":1150,"energy":5,"posx":3,"posy":2,"lastAction":1,"status":0},{"playerId":2413234,"score":1309,"energy":26,"posx":14,"posy":3,"lastAction":5,"status":0},{"playerId":131454,"score":1259,"energy":5,"posx":12,"posy":2,"lastAction":5,"status":0},{"playerId":803122,"score":1134,"energy":15,"posx":3,"posy":2,"lastAction":1,"status":0}],"golds":[{"posx":17,"posy":1,"amount":200},{"posx":12,"posy":2,"amount":550},{"posx":15,"posy":2,"amount":300},{"posx":14,"posy":3,"amount":100},{"posx":16,"posy":4,"amount":250},{"posx":17,"posy":4,"amount":650},{"posx":12,"posy":6,"amount":50},{"posx":6,"posy":7,"amount":150},{"posx":8,"posy":7,"amount":100},{"posx":5,"posy":8,"amount":600}],"changedObstacles":[]},{"players":[{"playerId":1879247,"score":1150,"energy":17,"posx":3,"posy":2,"lastAction":4,"status":0},{"playerId":2413234,"score":1359,"energy":21,"posx":14,"posy":3,"lastAction":5,"status":0},{"playerId":131454,"score":1259,"energy":17,"posx":12,"posy":2,"lastAction":4,"status":0},{"playerId":803122,"score":1134,"energy":27,"posx":3,"posy":2,"lastAction":4,"status":0}],"golds":[{"posx":17,"posy":1,"amount":200},{"posx":12,"posy":2,"amount":550},{"posx":15,"posy":2,"amount":300},{"posx":14,"posy":3,"amount":50},{"posx":16,"posy":4,"amount":250},{"posx":17,"posy":4,"amount":650},{"posx":12,"posy":6,"amount":50},{"posx":6,"posy":7,"amount":150},{"posx":8,"posy":7,"amount":100},{"posx":5,"posy":8,"amount":600}],"changedObstacles":[]},{"players":[{"playerId":1879247,"score":1150,"energy":12,"posx":4,"posy":2,"lastAction":1,"status":0},{"playerId":2413234,"score":1409,"energy":16,"posx":14,"posy":3,"lastAction":5,"status":0},{"playerId":131454,"score":1259,"energy":33,"posx":12,"posy":2,"lastAction":4,"status":0},{"playerId":803122,"score":1134,"energy":7,"posx":3,"posy":3,"lastAction":3,"status":0}],"golds":[{"posx":17,"posy":1,"amount":200},{"posx":12,"posy":2,"amount":550},{"posx":15,"posy":2,"amount":300},{"posx":16,"posy":4,"amount":250},{"posx":17,"posy":4,"amount":650},{"posx":12,"posy":6,"amount":50},{"posx":6,"posy":7,"amount":150},{"posx":8,"posy":7,"amount":100},{"posx":5,"posy":8,"amount":600}],"changedObstacles":[{"type":3,"posx":4,"posy":2,"value":-20},{"type":3,"posx":3,"posy":3,"value":-40},{"type":0,"posx":14,"posy":3,"value":-1}]},{"players":[{"playerId":1879247,"score":1150,"energy":11,"posx":5,"posy":2,"lastAction":1,"status":0},{"playerId":2413234,"score":1409,"energy":15,"posx":15,"posy":3,"lastAction":1,"status":0},{"playerId":131454,"score":1259,"energy":50,"posx":12,"posy":2,"lastAction":4,"status":0},{"playerId":803122,"score":1134,"energy":6,"posx":4,"posy":3,"lastAction":1,"status":0}],"golds":[{"posx":17,"posy":1,"amount":200},{"posx":12,"posy":2,"amount":550},{"posx":15,"posy":2,"amount":300},{"posx":16,"posy":4,"amount":250},{"posx":17,"posy":4,"amount":650},{"posx":12,"posy":6,"amount":50},{"posx":6,"posy":7,"amount":150},{"posx":8,"posy":7,"amount":100},{"posx":5,"posy":8,"amount":600}],"changedObstacles":[]},{"players":[{"playerId":1879247,"score":1150,"energy":1,"posx":6,"posy":2,"lastAction":1,"status":0},{"playerId":2413234,"score":1409,"energy":11,"posx":15,"posy":2,"lastAction":2,"status":0},{"playerId":131454,"score":1309,"energy":45,"posx":12,"posy":2,"lastAction":5,"status":0},{"playerId":803122,"score":1134,"energy":5,"posx":5,"posy":3,"lastAction":1,"status":0}],"golds":[{"posx":17,"posy":1,"amount":200},{"posx":12,"posy":2,"amount":500},{"posx":15,"posy":2,"amount":300},{"posx":16,"posy":4,"amount":250},{"posx":17,"posy":4,"amount":650},{"posx":12,"posy":6,"amount":50},{"posx":6,"posy":7,"amount":150},{"posx":8,"posy":7,"amount":100},{"posx":5,"posy":8,"amount":600}],"changedObstacles":[{"type":0,"posx":6,"posy":2,"value":-1}]},{"players":[{"playerId":1879247,"score":1150,"energy":13,"posx":6,"posy":2,"lastAction":4,"status":0},{"playerId":2413234,"score":1459,"energy":6,"posx":15,"posy":2,"lastAction":5,"status":0},{"playerId":131454,"score":1359,"energy":40,"posx":12,"posy":2,"lastAction":5,"status":0},{"playerId":803122,"score":1134,"energy":17,"posx":5,"posy":3,"lastAction":4,"status":0}],"golds":[{"posx":17,"posy":1,"amount":200},{"posx":12,"posy":2,"amount":450},{"posx":15,"posy":2,"amount":250},{"posx":16,"posy":4,"amount":250},{"posx":17,"posy":4,"amount":650},{"posx":12,"posy":6,"amount":50},{"posx":6,"posy":7,"amount":150},{"posx":8,"posy":7,"amount":100},{"posx":5,"posy":8,"amount":600}],"changedObstacles":[]},{"players":[{"playerId":1879247,"score":1150,"energy":12,"posx":6,"posy":3,"lastAction":3,"status":0},{"playerId":2413234,"score":1509,"energy":1,"posx":15,"posy":2,"lastAction":5,"status":0},{"playerId":131454,"score":1409,"energy":35,"posx":12,"posy":2,"lastAction":5,"status":0},{"playerId":803122,"score":1134,"energy":33,"posx":5,"posy":3,"lastAction":4,"status":0}],"golds":[{"posx":17,"posy":1,"amount":200},{"posx":12,"posy":2,"amount":400},{"posx":15,"posy":2,"amount":200},{"posx":16,"posy":4,"amount":250},{"posx":17,"posy":4,"amount":650},{"posx":12,"posy":6,"amount":50},{"posx":6,"posy":7,"amount":150},{"posx":8,"posy":7,"amount":100},{"posx":5,"posy":8,"amount":600}],"changedObstacles":[]},{"players":[{"playerId":1879247,"score":1150,"energy":11,"posx":6,"posy":4,"lastAction":3,"status":0},{"playerId":2413234,"score":1509,"energy":13,"posx":15,"posy":2,"lastAction":4,"status":0},{"playerId":131454,"score":1459,"energy":30,"posx":12,"posy":2,"lastAction":5,"status":0},{"playerId":803122,"score":1134,"energy":13,"posx":5,"posy":4,"lastAction":3,"status":0}],"golds":[{"posx":17,"posy":1,"amount":200},{"posx":12,"posy":2,"amount":350},{"posx":15,"posy":2,"amount":200},{"posx":16,"posy":4,"amount":250},{"posx":17,"posy":4,"amount":650},{"posx":12,"posy":6,"amount":50},{"posx":6,"posy":7,"amount":150},{"posx":8,"posy":7,"amount":100},{"posx":5,"posy":8,"amount":600}],"changedObstacles":[{"type":3,"posx":5,"posy":4,"value":-40}]},{"players":[{"playerId":1879247,"score":1150,"energy":23,"posx":6,"posy":4,"lastAction":4,"status":0},{"playerId":2413234,"score":1509,"energy":29,"posx":15,"posy":2,"lastAction":4,"status":0},{"playerId":131454,"score":1509,"energy":25,"posx":12,"posy":2,"lastAction":5,"status":0},{"playerId":803122,"score":1134,"energy":12,"posx":5,"posy":5,"lastAction":3,"status":0}],"golds":[{"posx":17,"posy":1,"amount":200},{"posx":12,"posy":2,"amount":300},{"posx":15,"posy":2,"amount":200},{"posx":16,"posy":4,"amount":250},{"posx":17,"posy":4,"amount":650},{"posx":12,"posy":6,"amount":50},{"posx":6,"posy":7,"amount":150},{"posx":8,"posy":7,"amount":100},{"posx":5,"posy":8,"amount":600}],"changedObstacles":[]},{"players":[{"playerId":1879247,"score":1150,"energy":8,"posx":6,"posy":5,"lastAction":3,"status":0},{"playerId":2413234,"score":1559,"energy":24,"posx":15,"posy":2,"lastAction":5,"status":0},{"playerId":131454,"score":1559,"energy":20,"posx":12,"posy":2,"lastAction":5,"status":0},{"playerId":803122,"score":1134,"energy":2,"posx":5,"posy":6,"lastAction":3,"status":0}],"golds":[{"posx":17,"posy":1,"amount":200},{"posx":12,"posy":2,"amount":250},{"posx":15,"posy":2,"amount":150},{"posx":16,"posy":4,"amount":250},{"posx":17,"posy":4,"amount":650},{"posx":12,"posy":6,"amount":50},{"posx":6,"posy":7,"amount":150},{"posx":8,"posy":7,"amount":100},{"posx":5,"posy":8,"amount":600}],"changedObstacles":[{"type":0,"posx":5,"posy":6,"value":-1}]},{"players":[{"playerId":1879247,"score":1150,"energy":3,"posx":6,"posy":6,"lastAction":3,"status":0},{"playerId":2413234,"score":1609,"energy":19,"posx":15,"posy":2,"lastAction":5,"status":0},{"playerId":131454,"score":1609,"energy":15,"posx":12,"posy":2,"lastAction":5,"status":0},{"playerId":803122,"score":1134,"energy":1,"posx":5,"posy":7,"lastAction":3,"status":0}],"golds":[{"posx":17,"posy":1,"amount":200},{"posx":12,"posy":2,"amount":200},{"posx":15,"posy":2,"amount":100},{"posx":16,"posy":4,"amount":250},{"posx":17,"posy":4,"amount":650},{"posx":12,"posy":6,"amount":50},{"posx":6,"posy":7,"amount":150},{"posx":8,"posy":7,"amount":100},{"posx":5,"posy":8,"amount":600}],"changedObstacles":[{"type":3,"posx":6,"posy":6,"value":-20}]},{"players":[{"playerId":1879247,"score":1150,"energy":15,"posx":6,"posy":6,"lastAction":4,"status":0},{"playerId":2413234,"score":1659,"energy":14,"posx":15,"posy":2,"lastAction":5,"status":0},{"playerId":131454,"score":1659,"energy":10,"posx":12,"posy":2,"lastAction":5,"status":0},{"playerId":803122,"score":1134,"energy":13,"posx":5,"posy":7,"lastAction":4,"status":0}],"golds":[{"posx":17,"posy":1,"amount":200},{"posx":12,"posy":2,"amount":150},{"posx":15,"posy":2,"amount":50},{"posx":16,"posy":4,"amount":250},{"posx":17,"posy":4,"amount":650},{"posx":12,"posy":6,"amount":50},{"posx":6,"posy":7,"amount":150},{"posx":8,"posy":7,"amount":100},{"posx":5,"posy":8,"amount":600}],"changedObstacles":[]},{"players":[{"playerId":1879247,"score":1150,"energy":11,"posx":6,"posy":7,"lastAction":3,"status":0},{"playerId":2413234,"score":1709,"energy":9,"posx":15,"posy":2,"lastAction":5,"status":0},{"playerId":131454,"score":1709,"energy":5,"posx":12,"posy":2,"lastAction":5,"status":0},{"playerId":803122,"score":1134,"energy":9,"posx":6,"posy":7,"lastAction":1,"status":0}],"golds":[{"posx":17,"posy":1,"amount":200},{"posx":12,"posy":2,"amount":100},{"posx":16,"posy":4,"amount":250},{"posx":17,"posy":4,"amount":650},{"posx":12,"posy":6,"amount":50},{"posx":6,"posy":7,"amount":150},{"posx":8,"posy":7,"amount":100},{"posx":5,"posy":8,"amount":600}],"changedObstacles":[{"type":0,"posx":15,"posy":2,"value":-1}]},{"players":[{"playerId":1879247,"score":1200,"energy":6,"posx":6,"posy":7,"lastAction":5,"status":0},{"playerId":2413234,"score":1709,"energy":8,"posx":15,"posy":3,"lastAction":3,"status":0},{"playerId":131454,"score":1709,"energy":17,"posx":12,"posy":2,"lastAction":4,"status":0},{"playerId":803122,"score":1184,"energy":4,"posx":6,"posy":7,"lastAction":5,"status":0}],"golds":[{"posx":17,"posy":1,"amount":200},{"posx":12,"posy":2,"amount":100},{"posx":16,"posy":4,"amount":250},{"posx":17,"posy":4,"amount":650},{"posx":12,"posy":6,"amount":50},{"posx":6,"posy":7,"amount":50},{"posx":8,"posy":7,"amount":100},{"posx":5,"posy":8,"amount":600}],"changedObstacles":[]},{"players":[{"playerId":1879247,"score":1250,"energy":1,"posx":6,"posy":7,"lastAction":5,"status":0},{"playerId":2413234,"score":1709,"energy":7,"posx":15,"posy":4,"lastAction":3,"status":0},{"playerId":131454,"score":1709,"energy":33,"posx":12,"posy":2,"lastAction":4,"status":0},{"playerId":803122,"score":1184,"energy":16,"posx":6,"posy":7,"lastAction":4,"status":0}],"golds":[{"posx":17,"posy":1,"amount":200},{"posx":12,"posy":2,"amount":100},{"posx":16,"posy":4,"amount":250},{"posx":17,"posy":4,"amount":650},{"posx":12,"posy":6,"amount":50},{"posx":8,"posy":7,"amount":100},{"posx":5,"posy":8,"amount":600}],"changedObstacles":[{"type":0,"posx":6,"posy":7,"value":-1}]},{"players":[{"playerId":1879247,"score":1250,"energy":13,"posx":6,"posy":7,"lastAction":4,"status":0},{"playerId":2413234,"score":1709,"energy":3,"posx":16,"posy":4,"lastAction":1,"status":0},{"playerId":131454,"score":1709,"energy":50,"posx":12,"posy":2,"lastAction":4,"status":0},{"playerId":803122,"score":1184,"energy":6,"posx":7,"posy":7,"lastAction":1,"status":0}],"golds":[{"posx":17,"posy":1,"amount":200},{"posx":12,"posy":2,"amount":100},{"posx":16,"posy":4,"amount":250},{"posx":17,"posy":4,"amount":650},{"posx":12,"posy":6,"amount":50},{"posx":8,"posy":7,"amount":100},{"posx":5,"posy":8,"amount":600}],"changedObstacles":[{"type":0,"posx":7,"posy":7,"value":-1}]},{"players":[{"playerId":1879247,"score":1250,"energy":12,"posx":7,"posy":7,"lastAction":1,"status":0},{"playerId":2413234,"score":1709,"energy":15,"posx":16,"posy":4,"lastAction":4,"status":0},{"playerId":131454,"score":1759,"energy":45,"posx":12,"posy":2,"lastAction":5,"status":0},{"playerId":803122,"score":1184,"energy":2,"posx":8,"posy":7,"lastAction":1,"status":0}],"golds":[{"posx":17,"posy":1,"amount":200},{"posx":12,"posy":2,"amount":50},{"posx":16,"posy":4,"amount":250},{"posx":17,"posy":4,"amount":650},{"posx":12,"posy":6,"amount":50},{"posx":8,"posy":7,"amount":100},{"posx":5,"posy":8,"amount":600}],"changedObstacles":[]},{"players":[{"playerId":1879247,"score":1250,"energy":8,"posx":8,"posy":7,"lastAction":1,"status":0},{"playerId":2413234,"score":1709,"energy":31,"posx":16,"posy":4,"lastAction":4,"status":0},{"playerId":131454,"score":1809,"energy":40,"posx":12,"posy":2,"lastAction":5,"status":0},{"playerId":803122,"score":1184,"energy":14,"posx":8,"posy":7,"lastAction":4,"status":0}],"golds":[{"posx":17,"posy":1,"amount":200},{"posx":16,"posy":4,"amount":250},{"posx":17,"posy":4,"amount":650},{"posx":12,"posy":6,"amount":50},{"posx":8,"posy":7,"amount":100},{"posx":5,"posy":8,"amount":600}],"changedObstacles":[{"type":0,"posx":12,"posy":2,"value":-1}]},{"players":[{"playerId":1879247,"score":1300,"energy":3,"posx":8,"posy":7,"lastAction":5,"status":0},{"playerId":2413234,"score":1759,"energy":26,"posx":16,"posy":4,"lastAction":5,"status":0},{"playerId":131454,"score":1809,"energy":34,"posx":13,"posy":2,"lastAction":1,"status":0},{"playerId":803122,"score":1234,"energy":9,"posx":8,"posy":7,"lastAction":5,"status":0}],"golds":[{"posx":17,"posy":1,"amount":200},{"posx":16,"posy":4,"amount":200},{"posx":17,"posy":4,"amount":650},{"posx":12,"posy":6,"amount":50},{"posx":5,"posy":8,"amount":600}],"changedObstacles":[{"type":0,"posx":8,"posy":7,"value":-1}]},{"players":[{"playerId":1879247,"score":1300,"energy":2,"posx":8,"posy":8,"lastAction":3,"status":0},{"playerId":2413234,"score":1809,"energy":21,"posx":16,"posy":4,"lastAction":5,"status":0},{"playerId":131454,"score":1809,"energy":17,"posx":13,"posy":3,"lastAction":3,"status":0},{"playerId":803122,"score":1234,"energy":8,"posx":7,"posy":7,"lastAction":0,"status":0}],"golds":[{"posx":17,"posy":1,"amount":200},{"posx":16,"posy":4,"amount":150},{"posx":17,"posy":4,"amount":650},{"posx":12,"posy":6,"amount":50},{"posx":5,"posy":8,"amount":600}],"changedObstacles":[]},{"players":[{"playerId":1879247,"score":1300,"energy":14,"posx":8,"posy":8,"lastAction":4,"status":0},{"playerId":2413234,"score":1859,"energy":16,"posx":16,"posy":4,"lastAction":5,"status":0},{"playerId":131454,"score":1809,"energy":29,"posx":13,"posy":3,"lastAction":4,"status":0},{"playerId":803122,"score":1234,"energy":3,"posx":7,"posy":6,"lastAction":2,"status":0}],"golds":[{"posx":17,"posy":1,"amount":200},{"posx":16,"posy":4,"amount":100},{"posx":17,"posy":4,"amount":650},{"posx":12,"posy":6,"amount":50},{"posx":5,"posy":8,"amount":600}],"changedObstacles":[{"type":3,"posx":7,"posy":6,"value":-20}]},{"players":[{"playerId":1879247,"score":1300,"energy":4,"posx":7,"posy":8,"lastAction":0,"status":0},{"playerId":2413234,"score":1909,"energy":11,"posx":16,"posy":4,"lastAction":5,"status":0},{"playerId":131454,"score":1809,"energy":9,"posx":13,"posy":4,"lastAction":3,"status":0},{"playerId":803122,"score":1234,"energy":2,"posx":8,"posy":6,"lastAction":1,"status":0}],"golds":[{"posx":17,"posy":1,"amount":200},{"posx":16,"posy":4,"amount":50},{"posx":17,"posy":4,"amount":650},{"posx":12,"posy":6,"amount":50},{"posx":5,"posy":8,"amount":600}],"changedObstacles":[{"type":3,"posx":13,"posy":4,"value":-40},{"type":0,"posx":7,"posy":8,"value":-1}]},{"players":[{"playerId":1879247,"score":1300,"energy":3,"posx":6,"posy":8,"lastAction":0,"status":0},{"playerId":2413234,"score":1959,"energy":6,"posx":16,"posy":4,"lastAction":5,"status":0},{"playerId":131454,"score":1809,"energy":21,"posx":13,"posy":4,"lastAction":4,"status":0},{"playerId":803122,"score":1234,"energy":14,"posx":8,"posy":6,"lastAction":4,"status":0}],"golds":[{"posx":17,"posy":1,"amount":200},{"posx":17,"posy":4,"amount":650},{"posx":12,"posy":6,"amount":50},{"posx":5,"posy":8,"amount":600}],"changedObstacles":[{"type":0,"posx":16,"posy":4,"value":-1}]},{"players":[{"playerId":1879247,"score":1300,"energy":15,"posx":6,"posy":8,"lastAction":4,"status":0},{"playerId":2413234,"score":1959,"energy":2,"posx":17,"posy":4,"lastAction":1,"status":0},{"playerId":131454,"score":1809,"energy":1,"posx":14,"posy":4,"lastAction":1,"status":0},{"playerId":803122,"score":1234,"energy":9,"posx":9,"posy":6,"lastAction":1,"status":0}],"golds":[{"posx":17,"posy":1,"amount":200},{"posx":17,"posy":4,"amount":650},{"posx":12,"posy":6,"amount":50},{"posx":5,"posy":8,"amount":600}],"changedObstacles":[{"type":3,"posx":14,"posy":4,"value":-40},{"type":3,"posx":9,"posy":6,"value":-20}]},{"players":[{"playerId":1879247,"score":1300,"energy":11,"posx":5,"posy":8,"lastAction":0,"status":0},{"playerId":2413234,"score":1959,"energy":14,"posx":17,"posy":4,"lastAction":4,"status":0},{"playerId":131454,"score":1809,"energy":13,"posx":14,"posy":4,"lastAction":4,"status":0},{"playerId":803122,"score":1234,"energy":8,"posx":10,"posy":6,"lastAction":1,"status":0}],"golds":[{"posx":17,"posy":1,"amount":200},{"posx":17,"posy":4,"amount":650},{"posx":12,"posy":6,"amount":50},{"posx":5,"posy":8,"amount":600}],"changedObstacles":[]},{"players":[{"playerId":1879247,"score":1350,"energy":6,"posx":5,"posy":8,"lastAction":5,"status":0},{"playerId":2413234,"score":1959,"energy":30,"posx":17,"posy":4,"lastAction":4,"status":0},{"playerId":131454,"score":1809,"energy":29,"posx":14,"posy":4,"lastAction":4,"status":0},{"playerId":803122,"score":1234,"energy":20,"posx":10,"posy":6,"lastAction":4,"status":0}],"golds":[{"posx":17,"posy":1,"amount":200},{"posx":17,"posy":4,"amount":650},{"posx":12,"posy":6,"amount":50},{"posx":5,"posy":8,"amount":550}],"changedObstacles":[]},{"players":[{"playerId":1879247,"score":1400,"energy":1,"posx":5,"posy":8,"lastAction":5,"status":0},{"playerId":2413234,"score":2009,"energy":25,"posx":17,"posy":4,"lastAction":5,"status":0},{"playerId":131454,"score":1809,"energy":50,"posx":14,"posy":4,"lastAction":4,"status":0},{"playerId":803122,"score":1234,"energy":36,"posx":10,"posy":6,"lastAction":4,"status":0}],"golds":[{"posx":17,"posy":1,"amount":200},{"posx":17,"posy":4,"amount":600},{"posx":12,"posy":6,"amount":50},{"posx":5,"posy":8,"amount":500}],"changedObstacles":[]},{"players":[{"playerId":1879247,"score":1400,"energy":13,"posx":5,"posy":8,"lastAction":4,"status":0},{"playerId":2413234,"score":2059,"energy":20,"posx":17,"posy":4,"lastAction":5,"status":0},{"playerId":131454,"score":1809,"energy":49,"posx":15,"posy":4,"lastAction":1,"status":0},{"playerId":803122,"score":1234,"energy":21,"posx":11,"posy":6,"lastAction":1,"status":0}],"golds":[{"posx":17,"posy":1,"amount":200},{"posx":17,"posy":4,"amount":550},{"posx":12,"posy":6,"amount":50},{"posx":5,"posy":8,"amount":500}],"changedObstacles":[]},{"players":[{"playerId":1879247,"score":1450,"energy":8,"posx":5,"posy":8,"lastAction":5,"status":0},{"playerId":2413234,"score":2109,"energy":15,"posx":17,"posy":4,"lastAction":5,"status":0},{"playerId":131454,"score":1809,"energy":48,"posx":16,"posy":4,"lastAction":1,"status":0},{"playerId":803122,"score":1234,"energy":17,"posx":12,"posy":6,"lastAction":1,"status":0}],"golds":[{"posx":17,"posy":1,"amount":200},{"posx":17,"posy":4,"amount":500},{"posx":12,"posy":6,"amount":50},{"posx":5,"posy":8,"amount":450}],"changedObstacles":[]},{"players":[{"playerId":1879247,"score":1500,"energy":3,"posx":5,"posy":8,"lastAction":5,"status":0},{"playerId":2413234,"score":2159,"energy":10,"posx":17,"posy":4,"lastAction":5,"status":0},{"playerId":131454,"score":1809,"energy":44,"posx":17,"posy":4,"lastAction":1,"status":0},{"playerId":803122,"score":1284,"energy":12,"posx":12,"posy":6,"lastAction":5,"status":0}],"golds":[{"posx":17,"posy":1,"amount":200},{"posx":17,"posy":4,"amount":450},{"posx":5,"posy":8,"amount":400}],"changedObstacles":[{"type":0,"posx":12,"posy":6,"value":-1}]},{"players":[{"playerId":1879247,"score":1500,"energy":15,"posx":5,"posy":8,"lastAction":4,"status":0},{"playerId":2413234,"score":2209,"energy":5,"posx":17,"posy":4,"lastAction":5,"status":0},{"playerId":131454,"score":1859,"energy":39,"posx":17,"posy":4,"lastAction":5,"status":0},{"playerId":803122,"score":1284,"energy":2,"posx":13,"posy":6,"lastAction":1,"status":0}],"golds":[{"posx":17,"posy":1,"amount":200},{"posx":17,"posy":4,"amount":350},{"posx":5,"posy":8,"amount":400}],"changedObstacles":[{"type":0,"posx":13,"posy":6,"value":-1}]},{"players":[{"playerId":1879247,"score":1550,"energy":10,"posx":5,"posy":8,"lastAction":5,"status":0},{"playerId":2413234,"score":2209,"energy":17,"posx":17,"posy":4,"lastAction":4,"status":0},{"playerId":131454,"score":1909,"energy":34,"posx":17,"posy":4,"lastAction":5,"status":0},{"playerId":803122,"score":1284,"energy":1,"posx":14,"posy":6,"lastAction":1,"status":0}],"golds":[{"posx":17,"posy":1,"amount":200},{"posx":17,"posy":4,"amount":300},{"posx":5,"posy":8,"amount":350}],"changedObstacles":[]},{"players":[{"playerId":1879247,"score":1600,"energy":5,"posx":5,"posy":8,"lastAction":5,"status":0},{"playerId":2413234,"score":2209,"energy":33,"posx":17,"posy":4,"lastAction":4,"status":0},{"playerId":131454,"score":1959,"energy":29,"posx":17,"posy":4,"lastAction":5,"status":0},{"playerId":803122,"score":1284,"energy":13,"posx":14,"posy":6,"lastAction":4,"status":0}],"golds":[{"posx":17,"posy":1,"amount":200},{"posx":17,"posy":4,"amount":250},{"posx":5,"posy":8,"amount":300}],"changedObstacles":[]},{"players":[{"playerId":1879247,"score":1600,"energy":17,"posx":5,"posy":8,"lastAction":4,"status":0},{"playerId":2413234,"score":2259,"energy":28,"posx":17,"posy":4,"lastAction":5,"status":0},{"playerId":131454,"score":2009,"energy":24,"posx":17,"posy":4,"lastAction":5,"status":0},{"playerId":803122,"score":1284,"energy":12,"posx":14,"posy":5,"lastAction":2,"status":0}],"golds":[{"posx":17,"posy":1,"amount":200},{"posx":17,"posy":4,"amount":150},{"posx":5,"posy":8,"amount":300}],"changedObstacles":[]},{"players":[{"playerId":1879247,"score":1650,"energy":12,"posx":5,"posy":8,"lastAction":5,"status":0},{"playerId":2413234,"score":2309,"energy":23,"posx":17,"posy":4,"lastAction":5,"status":0},{"playerId":131454,"score":2059,"energy":19,"posx":17,"posy":4,"lastAction":5,"status":0},{"playerId":803122,"score":1284,"energy":24,"posx":14,"posy":5,"lastAction":4,"status":0}],"golds":[{"posx":17,"posy":1,"amount":200},{"posx":17,"posy":4,"amount":50},{"posx":5,"posy":8,"amount":250}],"changedObstacles":[]},{"players":[{"playerId":1879247,"score":1700,"energy":7,"posx":5,"posy":8,"lastAction":5,"status":0},{"playerId":2413234,"score":2334,"energy":18,"posx":17,"posy":4,"lastAction":5,"status":0},{"playerId":131454,"score":2084,"energy":14,"posx":17,"posy":4,"lastAction":5,"status":0},{"playerId":803122,"score":1284,"energy":14,"posx":15,"posy":5,"lastAction":1,"status":0}],"golds":[{"posx":17,"posy":1,"amount":200},{"posx":5,"posy":8,"amount":200}],"changedObstacles":[{"type":0,"posx":15,"posy":5,"value":-1},{"type":0,"posx":17,"posy":4,"value":-1}]},{"players":[{"playerId":1879247,"score":1750,"energy":2,"posx":5,"posy":8,"lastAction":5,"status":0},{"playerId":2413234,"score":2334,"energy":30,"posx":17,"posy":4,"lastAction":4,"status":0},{"playerId":131454,"score":2084,"energy":14,"posx":17,"posy":4,"lastAction":5,"status":3},{"playerId":803122,"score":1284,"energy":9,"posx":16,"posy":5,"lastAction":1,"status":0}],"golds":[{"posx":17,"posy":1,"amount":200},{"posx":5,"posy":8,"amount":150}],"changedObstacles":[{"type":3,"posx":16,"posy":5,"value":-20}]},{"players":[{"playerId":1879247,"score":1750,"energy":14,"posx":5,"posy":8,"lastAction":4,"status":0},{"playerId":2413234,"score":2334,"energy":46,"posx":17,"posy":4,"lastAction":4,"status":0},{"playerId":131454,"score":2084,"energy":14,"posx":17,"posy":4,"lastAction":6,"status":3},{"playerId":803122,"score":1284,"energy":8,"posx":16,"posy":4,"lastAction":2,"status":0}],"golds":[{"posx":17,"posy":1,"amount":200},{"posx":5,"posy":8,"amount":150}],"changedObstacles":[]},{"players":[{"playerId":1879247,"score":1800,"energy":9,"posx":5,"posy":8,"lastAction":5,"status":0},{"playerId":2413234,"score":2334,"energy":41,"posx":17,"posy":3,"lastAction":2,"status":0},{"playerId":131454,"score":2084,"energy":14,"posx":17,"posy":4,"lastAction":6,"status":3},{"playerId":803122,"score":1284,"energy":20,"posx":16,"posy":4,"lastAction":4,"status":0}],"golds":[{"posx":17,"posy":1,"amount":200},{"posx":5,"posy":8,"amount":100}],"changedObstacles":[]},{"players":[{"playerId":1879247,"score":1850,"energy":4,"posx":5,"posy":8,"lastAction":5,"status":0},{"playerId":2413234,"score":2334,"energy":21,"posx":17,"posy":2,"lastAction":2,"status":0},{"playerId":131454,"score":2084,"energy":14,"posx":17,"posy":4,"lastAction":6,"status":3},{"playerId":803122,"score":1284,"energy":10,"posx":16,"posy":3,"lastAction":2,"status":0}],"golds":[{"posx":17,"posy":1,"amount":200},{"posx":5,"posy":8,"amount":50}],"changedObstacles":[{"type":0,"posx":16,"posy":3,"value":-1}]},{"players":[{"playerId":1879247,"score":1850,"energy":16,"posx":5,"posy":8,"lastAction":4,"status":0},{"playerId":2413234,"score":2334,"energy":17,"posx":17,"posy":1,"lastAction":2,"status":0},{"playerId":131454,"score":2084,"energy":14,"posx":17,"posy":4,"lastAction":6,"status":3},{"playerId":803122,"score":1284,"energy":9,"posx":16,"posy":2,"lastAction":2,"status":0}],"golds":[{"posx":17,"posy":1,"amount":200},{"posx":5,"posy":8,"amount":50}],"changedObstacles":[]},{"players":[{"playerId":1879247,"score":1900,"energy":11,"posx":5,"posy":8,"lastAction":5,"status":0},{"playerId":2413234,"score":2384,"energy":12,"posx":17,"posy":1,"lastAction":5,"status":0},{"playerId":131454,"score":2084,"energy":14,"posx":17,"posy":4,"lastAction":6,"status":3},{"playerId":803122,"score":1284,"energy":4,"posx":16,"posy":1,"lastAction":2,"status":0}],"golds":[{"posx":17,"posy":1,"amount":150}],"changedObstacles":[{"type":3,"posx":16,"posy":1,"value":-20},{"type":0,"posx":5,"posy":8,"value":-1}]},{"players":[{"playerId":1879247,"score":1900,"energy":10,"posx":6,"posy":8,"lastAction":1,"status":0},{"playerId":2413234,"score":2434,"energy":7,"posx":17,"posy":1,"lastAction":5,"status":0},{"playerId":131454,"score":2084,"energy":14,"posx":17,"posy":4,"lastAction":6,"status":3},{"playerId":803122,"score":1284,"energy":16,"posx":16,"posy":1,"lastAction":4,"status":0}],"golds":[{"posx":17,"posy":1,"amount":100}],"changedObstacles":[]},{"players":[{"playerId":1879247,"score":1900,"energy":9,"posx":7,"posy":8,"lastAction":1,"status":0},{"playerId":2413234,"score":2484,"energy":2,"posx":17,"posy":1,"lastAction":5,"status":0},{"playerId":131454,"score":2084,"energy":14,"posx":17,"posy":4,"lastAction":6,"status":3},{"playerId":803122,"score":1284,"energy":12,"posx":17,"posy":1,"lastAction":1,"status":0}],"golds":[{"posx":17,"posy":1,"amount":50}],"changedObstacles":[]},{"players":[{"playerId":1879247,"score":1900,"energy":8,"posx":8,"posy":8,"lastAction":1,"status":0},{"playerId":2413234,"score":2484,"energy":14,"posx":17,"posy":1,"lastAction":4,"status":0},{"playerId":131454,"score":2084,"energy":14,"posx":17,"posy":4,"lastAction":6,"status":3},{"playerId":803122,"score":1334,"energy":7,"posx":17,"posy":1,"lastAction":5,"status":0}],"golds":[],"changedObstacles":[{"type":0,"posx":17,"posy":1,"value":-1}]}]