[{"players":[{"playerId":2299591,"score":0,"energy":49,"posx":8,"posy":7,"lastAction":2,"status":0},{"playerId":5588,"score":0,"energy":49,"posx":8,"posy":7,"lastAction":2,"status":0},{"playerId":157815,"score":0,"energy":49,"posx":8,"posy":7,"lastAction":2,"status":0},{"playerId":2415753,"score":0,"energy":49,"posx":7,"posy":8,"lastAction":0,"status":0}],"golds":[{"posx":20,"posy":2,"amount":150},{"posx":8,"posy":6,"amount":700},{"posx":19,"posy":4,"amount":300},{"posx":16,"posy":5,"amount":250},{"posx":17,"posy":0,"amount":700},{"posx":18,"posy":8,"amount":300},{"posx":8,"posy":4,"amount":250},{"posx":11,"posy":1,"amount":750},{"posx":12,"posy":8,"amount":500},{"posx":9,"posy":6,"amount":600},{"posx":6,"posy":5,"amount":750},{"posx":4,"posy":8,"amount":600},{"posx":19,"posy":6,"amount":300},{"posx":7,"posy":0,"amount":550},{"posx":7,"posy":4,"amount":450},{"posx":15,"posy":6,"amount":550},{"posx":6,"posy":3,"amount":250},{"posx":12,"posy":3,"amount":500},{"posx":2,"posy":3,"amount":100},{"posx":4,"posy":7,"amount":650}],"changedObstacles":[]},{"players":[{"playerId":2299591,"score":0,"energy":45,"posx":8,"posy":6,"lastAction":2,"status":0},{"playerId":5588,"score":0,"energy":45,"posx":8,"posy":6,"lastAction":2,"status":0},{"playerId":157815,"score":0,"energy":45,"posx":8,"posy":6,"lastAction":2,"status":0},{"playerId":2415753,"score":0,"energy":48,"posx":6,"posy":8,"lastAction":0,"status":0}],"golds":[{"posx":20,"posy":2,"amount":150},{"posx":8,"posy":6,"amount":700},{"posx":19,"posy":4,"amount":300},{"posx":16,"posy":5,"amount":250},{"posx":17,"posy":0,"amount":700},{"posx":18,"posy":8,"amount":300},{"posx":8,"posy":4,"amount":250},{"posx":11,"posy":1,"amount":750},{"posx":12,"posy":8,"amount":500},{"posx":9,"posy":6,"amount":600},{"posx":6,"posy":5,"amount":750},{"posx":4,"posy":8,"amount":600},{"posx":19,"posy":6,"amount":300},{"posx":7,"posy":0,"amount":550},{"posx":7,"posy":4,"amount":450},{"posx":15,"posy":6,"amount":550},{"posx":6,"posy":3,"amount":250},{"posx":12,"posy":3,"amount":500},{"posx":2,"posy":3,"amount":100},{"posx":4,"posy":7,"amount":650}],"changedObstacles":[]},{"players":[{"playerId":2299591,"score":50,"energy":40,"posx":8,"posy":6,"lastAction":5,"status":0},{"playerId":5588,"score":50,"energy":40,"posx":8,"posy":6,"lastAction":5,"status":0},{"playerId":157815,"score":50,"energy":40,"posx":8,"posy":6,"lastAction":5,"status":0},{"playerId":2415753,"score":0,"energy":47,"posx":5,"posy":8,"lastAction":0,"status":0}],"golds":[{"posx":7,"posy":0,"amount":550},{"posx":17,"posy":0,"amount":700},{"posx":11,"posy":1,"amount":750},{"posx":20,"posy":2,"amount":150},{"posx":2,"posy":3,"amount":100},{"posx":6,"posy":3,"amount":250},{"posx":12,"posy":3,"amount":500},{"posx":7,"posy":4,"amount":450},{"posx":8,"posy":4,"amount":250},{"posx":19,"posy":4,"amount":300},{"posx":6,"posy":5,"amount":750},{"posx":16,"posy":5,"amount":250},{"posx":8,"posy":6,"amount":550},{"posx":9,"posy":6,"amount":600},{"posx":15,"posy":6,"amount":550},{"posx":19,"posy":6,"amount":300},{"posx":4,"posy":7,"amount":650},{"posx":4,"posy":8,"amount":600},{"posx":12,"posy":8,"amount":500},{"posx":18,"posy":8,"amount":300}],"changedObstacles":[]},{"players":[{"playerId":2299591,"score":100,"energy":35,"posx":8,"posy":6,"lastAction":5,"status":0},{"playerId":5588,"score":100,"energy":35,"posx":8,"posy":6,"lastAction":5,"status":0},{"playerId":157815,"score":100,"energy":35,"posx":8,"posy":6,"lastAction":5,"status":0},{"playerId":2415753,"score":0,"energy":43,"posx":4,"posy":8,"lastAction":0,"status":0}],"golds":[{"posx":7,"posy":0,"amount":550},{"posx":17,"posy":0,"amount":700},{"posx":11,"posy":1,"amount":750},{"posx":20,"posy":2,"amount":150},{"posx":2,"posy":3,"amount":100},{"posx":6,"posy":3,"amount":250},{"posx":12,"posy":3,"amount":500},{"posx":7,"posy":4,"amount":450},{"posx":8,"posy":4,"amount":250},{"posx":19,"posy":4,"amount":300},{"posx":6,"posy":5,"amount":750},{"posx":16,"posy":5,"amount":250},{"posx":8,"posy":6,"amount":400},{"posx":9,"posy":6,"amount":600},{"posx":15,"posy":6,"amount":550},{"posx":19,"posy":6,"amount":300},{"posx":4,"posy":7,"amount":650},{"posx":4,"posy":8,"amount":600},{"posx":12,"posy":8,"amount":500},{"posx":18,"posy":8,"amount":300}],"changedObstacles":[]},{"players":[{"playerId":2299591,"score":150,"energy":30,"posx":8,"posy":6,"lastAction":5,"status":0},{"playerId":5588,"score":150,"energy":30,"posx":8,"posy":6,"lastAction":5,"status":0},{"playerId":157815,"score":150,"energy":30,"posx":8,"posy":6,"lastAction":5,"status":0},{"playerId":2415753,"score":50,"energy":38,"posx":4,"posy":8,"lastAction":5,"status":0}],"golds":[{"posx":7,"posy":0,"amount":550},{"posx":17,"posy":0,"amount":700},{"posx":11,"posy":1,"amount":750},{"posx":20,"posy":2,"amount":150},{"posx":2,"posy":3,"amount":100},{"posx":6,"posy":3,"amount":250},{"posx":12,"posy":3,"amount":500},{"posx":7,"posy":4,"amount":450},{"posx":8,"posy":4,"amount":250},{"posx":19,"posy":4,"amount":300},{"posx":6,"posy":5,"amount":750},{"posx":16,"posy":5,"amount":250},{"posx":8,"posy":6,"amount":250},{"posx":9,"posy":6,"amount":600},{"posx":15,"posy":6,"amount":550},{"posx":19,"posy":6,"amount":300},{"posx":4,"posy":7,"amount":650},{"posx":4,"posy":8,"amount":550},{"posx":12,"posy":8,"amount":500},{"posx":18,"posy":8,"amount":300}],"changedObstacles":[]},{"players":[{"playerId":2299591,"score":200,"energy":25,"posx":8,"posy":6,"lastAction":5,"status":0},{"playerId":5588,"score":200,"energy":25,"posx":8,"posy":6,"lastAction":5,"status":0},{"playerId":157815,"score":200,"energy":25,"posx":8,"posy":6,"lastAction":5,"status":0},{"playerId":2415753,"score":100,"energy":33,"posx":4,"posy":8,"lastAction":5,"status":0}],"golds":[{"posx":7,"posy":0,"amount":550},{"posx":17,"posy":0,"amount":700},{"posx":11,"posy":1,"amount":750},{"posx":20,"posy":2,"amount":150},{"posx":2,"posy":3,"amount":100},{"posx":6,"posy":3,"amount":250},{"posx":12,"posy":3,"amount":500},{"posx":7,"posy":4,"amount":450},{"posx":8,"posy":4,"amount":250},{"posx":19,"posy":4,"amount":300},{"posx":6,"posy":5,"amount":750},{"posx":16,"posy":5,"amount":250},{"posx":8,"posy":6,"amount":100},{"posx":9,"posy":6,"amount":600},{"posx":15,"posy":6,"amount":550},{"posx":19,"posy":6,"amount":300},{"posx":4,"posy":7,"amount":650},{"posx":4,"posy":8,"amount":500},{"posx":12,"posy":8,"amount":500},{"posx":18,"posy":8,"amount":300}],"changedObstacles":[]},{"players":[{"playerId":2299591,"score":234,"energy":20,"posx":8,"posy":6,"lastAction":5,"status":0},{"playerId":5588,"score":234,"energy":20,"posx":8,"posy":6,"lastAction":5,"status":0},{"playerId":157815,"score":234,"energy":20,"posx":8,"posy":6,"lastAction":5,"status":0},{"playerId":2415753,"score":150,"energy":28,"posx":4,"posy":8,"lastAction":5,"status":0}],"golds":[{"posx":7,"posy":0,"amount":550},{"posx":17,"posy":0,"amount":700},{"posx":11,"posy":1,"amount":750},{"posx":20,"posy":2,"amount":150},{"posx":2,"posy":3,"amount":100},{"posx":6,"posy":3,"amount":250},{"posx":12,"posy":3,"amount":500},{"posx":7,"posy":4,"amount":450},{"posx":8,"posy":4,"amount":250},{"posx":19,"posy":4,"amount":300},{"posx":6,"posy":5,"amount":750},{"posx":16,"posy":5,"amount":250},{"posx":9,"posy":6,"amount":600},{"posx":15,"posy":6,"amount":550},{"posx":19,"posy":6,"amount":300},{"posx":4,"posy":7,"amount":650},{"posx":4,"posy":8,"amount":450},{"posx":12,"posy":8,"amount":500},{"posx":18,"posy":8,"amount":300}],"changedObstacles":[{"type":0,"posx":8,"posy":6,"value":-1}]},{"players":[{"playerId":2299591,"score":234,"energy":16,"posx":9,"posy":6,"lastAction":1,"status":0},{"playerId":5588,"score":234,"energy":16,"posx":9,"posy":6,"lastAction":1,"status":0},{"playerId":157815,"score":234,"energy":16,"posx":9,"posy":6,"lastAction":1,"status":0},{"playerId":2415753,"score":200,"energy":23,"posx":4,"posy":8,"lastAction":5,"status":0}],"golds":[{"posx":7,"posy":0,"amount":550},{"posx":17,"posy":0,"amount":700},{"posx":11,"posy":1,"amount":750},{"posx":20,"posy":2,"amount":150},{"posx":2,"posy":3,"amount":100},{"posx":6,"posy":3,"amount":250},{"posx":12,"posy":3,"amount":500},{"posx":7,"posy":4,"amount":450},{"posx":8,"posy":4,"amount":250},{"posx":19,"posy":4,"amount":300},{"posx":6,"posy":5,"amount":750},{"posx":16,"posy":5,"amount":250},{"posx":9,"posy":6,"amount":600},{"posx":15,"posy":6,"amount":550},{"posx":19,"posy":6,"amount":300},{"posx":4,"posy":7,"amount":650},{"posx":4,"posy":8,"amount":400},{"posx":12,"posy":8,"amount":500},{"posx":18,"posy":8,"amount":300}],"changedObstacles":[]},{"players":[{"playerId":2299591,"score":284,"energy":11,"posx":9,"posy":6,"lastAction":5,"status":0},{"playerId":5588,"score":284,"energy":11,"posx":9,"posy":6,"lastAction":5,"status":0},{"playerId":157815,"score":284,"energy":11,"posx":9,"posy":6,"lastAction":5,"status":0},{"playerId":2415753,"score":250,"energy":18,"posx":4,"posy":8,"lastAction":5,"status":0}],"golds":[{"posx":7,"posy":0,"amount":550},{"posx":17,"posy":0,"amount":700},{"posx":11,"posy":1,"amount":750},{"posx":20,"posy":2,"amount":150},{"posx":2,"posy":3,"amount":100},{"posx":6,"posy":3,"amount":250},{"posx":12,"posy":3,"amount":500},{"posx":7,"posy":4,"amount":450},{"posx":8,"posy":4,"amount":250},{"posx":19,"posy":4,"amount":300},{"posx":6,"posy":5,"amount":750},{"posx":16,"posy":5,"amount":250},{"posx":9,"posy":6,"amount":450},{"posx":15,"posy":6,"amount":550},{"posx":19,"posy":6,"amount":300},{"posx":4,"posy":7,"amount":650},{"posx":4,"posy":8,"amount":350},{"posx":12,"posy":8,"amount":500},{"posx":18,"posy":8,"amount":300}],"changedObstacles":[]},{"players":[{"playerId":2299591,"score":334,"energy":6,"posx":9,"posy":6,"lastAction":5,"status":0},{"playerId":5588,"score":334,"energy":6,"posx":9,"posy":6,"lastAction":5,"status":0},{"playerId":157815,"score":334,"energy":6,"posx":9,"posy":6,"lastAction":5,"status":0},{"playerId":2415753,"score":300,"energy":13,"posx":4,"posy":8,"lastAction":5,"status":0}],"golds":[{"posx":7,"posy":0,"amount":550},{"posx":17,"posy":0,"amount":700},{"posx":11,"posy":1,"amount":750},{"posx":20,"posy":2,"amount":150},{"posx":2,"posy":3,"amount":100},{"posx":6,"posy":3,"amount":250},{"posx":12,"posy":3,"amount":500},{"posx":7,"posy":4,"amount":450},{"posx":8,"posy":4,"amount":250},{"posx":19,"posy":4,"amount":300},{"posx":6,"posy":5,"amount":750},{"posx":16,"posy":5,"amount":250},{"posx":9,"posy":6,"amount":300},{"posx":15,"posy":6,"amount":550},{"posx":19,"posy":6,"amount":300},{"posx":4,"posy":7,"amount":650},{"posx":4,"posy":8,"amount":300},{"posx":12,"posy":8,"amount":500},{"posx":18,"posy":8,"amount":300}],"changedObstacles":[]},{"players":[{"playerId":2299591,"score":384,"energy":1,"posx":9,"posy":6,"lastAction":5,"status":0},{"playerId":5588,"score":334,"energy":18,"posx":9,"posy":6,"lastAction":4,"status":0},{"playerId":157815,"score":384,"energy":1,"posx":9,"posy":6,"lastAction":5,"status":0},{"playerId":2415753,"score":350,"energy":8,"posx":4,"posy":8,"lastAction":5,"status":0}],"golds":[{"posx":7,"posy":0,"amount":550},{"posx":17,"posy":0,"amount":700},{"posx":11,"posy":1,"amount":750},{"posx":20,"posy":2,"amount":150},{"posx":2,"posy":3,"amount":100},{"posx":6,"posy":3,"amount":250},{"posx":12,"posy":3,"amount":500},{"posx":7,"posy":4,"amount":450},{"posx":8,"posy":4,"amount":250},{"posx":19,"posy":4,"amount":300},{"posx":6,"posy":5,"amount":750},{"posx":16,"posy":5,"amount":250},{"posx":9,"posy":6,"amount":200},{"posx":15,"posy":6,"amount":550},{"posx":19,"posy":6,"amount":300},{"posx":4,"posy":7,"amount":650},{"posx":4,"posy":8,"amount":250},{"posx":12,"posy":8,"amount":500},{"posx":18,"posy":8,"amount":300}],"changedObstacles":[]},{"players":[{"playerId":2299591,"score":384,"energy":13,"posx":9,"posy":6,"lastAction":4,"status":0},{"playerId":5588,"score":384,"energy":13,"posx":9,"posy":6,"lastAction":5,"status":0},{"playerId":157815,"score":384,"energy":13,"posx":9,"posy":6,"lastAction":4,"status":0},{"playerId":2415753,"score":400,"energy":3,"posx":4,"posy":8,"lastAction":5,"status":0}],"golds":[{"posx":7,"posy":0,"amount":550},{"posx":17,"posy":0,"amount":700},{"posx":11,"posy":1,"amount":750},{"posx":20,"posy":2,"amount":150},{"posx":2,"posy":3,"amount":100},{"posx":6,"posy":3,"amount":250},{"posx":12,"posy":3,"amount":500},{"posx":7,"posy":4,"amount":450},{"posx":8,"posy":4,"amount":250},{"posx":19,"posy":4,"amount":300},{"posx":6,"posy":5,"amount":750},{"posx":16,"posy":5,"amount":250},{"posx":9,"posy":6,"amount":150},{"posx":15,"posy":6,"amount":550},{"posx":19,"posy":6,"amount":300},{"posx":4,"posy":7,"amount":650},{"posx":4,"posy":8,"amount":200},{"posx":12,"posy":8,"amount":500},{"posx":18,"posy":8,"amount":300}],"changedObstacles":[]},{"players":[{"playerId":2299591,"score":434,"energy":8,"posx":9,"posy":6,"lastAction":5,"status":0},{"playerId":5588,"score":434,"energy":8,"posx":9,"posy":6,"lastAction":5,"status":0},{"playerId":157815,"score":434,"energy":8,"posx":9,"posy":6,"lastAction":5,"status":0},{"playerId":2415753,"score":400,"energy":15,"posx":4,"posy":8,"lastAction":4,"status":0}],"golds":[{"posx":7,"posy":0,"amount":550},{"posx":17,"posy":0,"amount":700},{"posx":11,"posy":1,"amount":750},{"posx":20,"posy":2,"amount":150},{"posx":2,"posy":3,"amount":100},{"posx":6,"posy":3,"amount":250},{"posx":12,"posy":3,"amount":500},{"posx":7,"posy":4,"amount":450},{"posx":8,"posy":4,"amount":250},{"posx":19,"posy":4,"amount":300},{"posx":6,"posy":5,"amount":750},{"posx":16,"posy":5,"amount":250},{"posx":15,"posy":6,"amount":550},{"posx":19,"posy":6,"amount":300},{"posx":4,"posy":7,"amount":650},{"posx":4,"posy":8,"amount":200},{"posx":12,"posy":8,"amount":500},{"posx":18,"posy":8,"amount":300}],"changedObstacles":[{"type":0,"posx":9,"posy":6,"value":-1}]},{"players":[{"playerId":2299591,"score":434,"energy":20,"posx":9,"posy":6,"lastAction":4,"status":0},{"playerId":5588,"score":434,"energy":20,"posx":9,"posy":6,"lastAction":4,"status":0},{"playerId":157815,"score":434,"energy":7,"posx":8,"posy":6,"lastAction":0,"status":0},{"playerId":2415753,"score":400,"energy":31,"posx":4,"posy":8,"lastAction":4,"status":0}],"golds":[{"posx":7,"posy":0,"amount":550},{"posx":17,"posy":0,"amount":700},{"posx":11,"posy":1,"amount":750},{"posx":20,"posy":2,"amount":150},{"posx":2,"posy":3,"amount":100},{"posx":6,"posy":3,"amount":250},{"posx":12,"posy":3,"amount":500},{"posx":7,"posy":4,"amount":450},{"posx":8,"posy":4,"amount":250},{"posx":19,"posy":4,"amount":300},{"posx":6,"posy":5,"amount":750},{"posx":16,"posy":5,"amount":250},{"posx":15,"posy":6,"amount":550},{"posx":19,"posy":6,"amount":300},{"posx":4,"posy":7,"amount":650},{"posx":4,"posy":8,"amount":200},{"posx":12,"posy":8,"amount":500},{"posx":18,"posy":8,"amount":300}],"changedObstacles":[]},{"players":[{"playerId":2299591,"score":434,"energy":19,"posx":9,"posy":5,"lastAction":2,"status":0},{"playerId":5588,"score":434,"energy":19,"posx":8,"posy":6,"lastAction":0,"status":0},{"playerId":157815,"score":434,"energy":6,"posx":8,"posy":5,"lastAction":2,"status":0},{"playerId":2415753,"score":400,"energy":50,"posx":4,"posy":8,"lastAction":4,"status":0}],"golds":[{"posx":7,"posy":0,"amount":550},{"posx":17,"posy":0,"amount":700},{"posx":11,"posy":1,"amount":750},{"posx":20,"posy":2,"amount":150},{"posx":2,"posy":3,"amount":100},{"posx":6,"posy":3,"amount":250},{"posx":12,"posy":3,"amount":500},{"posx":7,"posy":4,"amount":450},{"posx":8,"posy":4,"amount":250},{"posx":19,"posy":4,"amount":300},{"posx":6,"posy":5,"amount":750},{"posx":16,"posy":5,"amount":250},{"posx":15,"posy":6,"amount":550},{"posx":19,"posy":6,"amount":300},{"posx":4,"posy":7,"amount":650},{"posx":4,"posy":8,"amount":200},{"posx":12,"posy":8,"amount":500},{"posx":18,"posy":8,"amount":300}],"changedObstacles":[]},{"players":[{"playerId":2299591,"score":434,"energy":31,"posx":9,"posy":5,"lastAction":4,"status":0},{"playerId":5588,"score":434,"energy":18,"posx":8,"posy":5,"lastAction":2,"status":0},{"playerId":157815,"score":434,"energy":2,"posx":8,"posy":4,"lastAction":2,"status":0},{"playerId":2415753,"score":450,"energy":45,"posx":4,"posy":8,"lastAction":5,"status":0}],"golds":[{"posx":7,"posy":0,"amount":550},{"posx":17,"posy":0,"amount":700},{"posx":11,"posy":1,"amount":750},{"posx":20,"posy":2,"amount":150},{"posx":2,"posy":3,"amount":100},{"posx":6,"posy":3,"amount":250},{"posx":12,"posy":3,"amount":500},{"posx":7,"posy":4,"amount":450},{"posx":8,"posy":4,"amount":250},{"posx":19,"posy":4,"amount":300},{"posx":6,"posy":5,"amount":750},{"posx":16,"posy":5,"amount":250},{"posx":15,"posy":6,"amount":550},{"posx":19,"posy":6,"amount":300},{"posx":4,"posy":7,"amount":650},{"posx":4,"posy":8,"amount":150},{"posx":12,"posy":8,"amount":500},{"posx":18,"posy":8,"amount":300}],"changedObstacles":[]},{"players":[{"playerId":2299591,"score":434,"energy":30,"posx":8,"posy":5,"lastAction":0,"status":0},{"playerId":5588,"score":434,"energy":14,"posx":8,"posy":4,"lastAction":2,"status":0},{"playerId":157815,"score":434,"energy":14,"posx":8,"posy":4,"lastAction":4,"status":0},{"playerId":2415753,"score":500,"energy":40,"posx":4,"posy":8,"lastAction":5,"status":0}],"golds":[{"posx":7,"posy":0,"amount":550},{"posx":17,"posy":0,"amount":700},{"posx":11,"posy":1,"amount":750},{"posx":20,"posy":2,"amount":150},{"posx":2,"posy":3,"amount":100},{"posx":6,"posy":3,"amount":250},{"posx":12,"posy":3,"amount":500},{"posx":7,"posy":4,"amount":450},{"posx":8,"posy":4,"amount":250},{"posx":19,"posy":4,"amount":300},{"posx":6,"posy":5,"amount":750},{"posx":16,"posy":5,"amount":250},{"posx":15,"posy":6,"amount":550},{"posx":19,"posy":6,"amount":300},{"posx":4,"posy":7,"amount":650},{"posx":4,"posy":8,"amount":100},{"posx":12,"posy":8,"amount":500},{"posx":18,"posy":8,"amount":300}],"changedObstacles":[]},{"players":[{"playerId":2299591,"score":434,"energy":26,"posx":8,"posy":4,"lastAction":2,"status":0},{"playerId":5588,"score":484,"energy":9,"posx":8,"posy":4,"lastAction":5,"status":0},{"playerId":157815,"score":484,"energy":9,"posx":8,"posy":4,"lastAction":5,"status":0},{"playerId":2415753,"score":550,"energy":35,"posx":4,"posy":8,"lastAction":5,"status":0}],"golds":[{"posx":7,"posy":0,"amount":550},{"posx":17,"posy":0,"amount":700},{"posx":11,"posy":1,"amount":750},{"posx":20,"posy":2,"amount":150},{"posx":2,"posy":3,"amount":100},{"posx":6,"posy":3,"amount":250},{"posx":12,"posy":3,"amount":500},{"posx":7,"posy":4,"amount":450},{"posx":8,"posy":4,"amount":150},{"posx":19,"posy":4,"amount":300},{"posx":6,"posy":5,"amount":750},{"posx":16,"posy":5,"amount":250},{"posx":15,"posy":6,"amount":550},{"posx":19,"posy":6,"amount":300},{"posx":4,"posy":7,"amount":650},{"posx":4,"posy":8,"amount":50},{"posx":12,"posy":8,"amount":500},{"posx":18,"posy":8,"amount":300}],"changedObstacles":[]},{"players":[{"playerId":2299591,"score":484,"energy":21,"posx":8,"posy":4,"lastAction":5,"status":0},{"playerId":5588,"score":484,"energy":21,"posx":8,"posy":4,"lastAction":4,"status":0},{"playerId":157815,"score":534,"energy":4,"posx":8,"posy":4,"lastAction":5,"status":0},{"playerId":2415753,"score":600,"energy":30,"posx":4,"posy":8,"lastAction":5,"status":0}],"golds":[{"posx":7,"posy":0,"amount":550},{"posx":17,"posy":0,"amount":700},{"posx":11,"posy":1,"amount":750},{"posx":20,"posy":2,"amount":150},{"posx":2,"posy":3,"amount":100},{"posx":6,"posy":3,"amount":250},{"posx":12,"posy":3,"amount":500},{"posx":7,"posy":4,"amount":450},{"posx":8,"posy":4,"amount":50},{"posx":19,"posy":4,"amount":300},{"posx":6,"posy":5,"amount":750},{"posx":16,"posy":5,"amount":250},{"posx":15,"posy":6,"amount":550},{"posx":19,"posy":6,"amount":300},{"posx":4,"posy":7,"amount":650},{"posx":12,"posy":8,"amount":500},{"posx":18,"posy":8,"amount":300}],"changedObstacles":[{"type":0,"posx":4,"posy":8,"value":-1}]},{"players":[{"playerId":2299591,"score":509,"energy":16,"posx":8,"posy":4,"lastAction":5,"status":0},{"playerId":5588,"score":509,"energy":16,"posx":8,"posy":4,"lastAction":5,"status":0},{"playerId":157815,"score":534,"energy":16,"posx":8,"posy":4,"lastAction":4,"status":0},{"playerId":2415753,"score":600,"energy":26,"posx":4,"posy":7,"lastAction":2,"status":0}],"golds":[{"posx":7,"posy":0,"amount":550},{"posx":17,"posy":0,"amount":700},{"posx":11,"posy":1,"amount":750},{"posx":20,"posy":2,"amount":150},{"posx":2,"posy":3,"amount":100},{"posx":6,"posy":3,"amount":250},{"posx":12,"posy":3,"amount":500},{"posx":7,"posy":4,"amount":450},{"posx":19,"posy":4,"amount":300},{"posx":6,"posy":5,"amount":750},{"posx":16,"posy":5,"amount":250},{"posx":15,"posy":6,"amount":550},{"posx":19,"posy":6,"amount":300},{"posx":4,"posy":7,"amount":650},{"posx":12,"posy":8,"amount":500},{"posx":18,"posy":8,"amount":300}],"changedObstacles":[{"type":0,"posx":8,"posy":4,"value":-1}]},{"players":[{"playerId":2299591,"score":509,"energy":28,"posx":8,"posy":4,"lastAction":4,"status":0},{"playerId":5588,"score":509,"energy":12,"posx":7,"posy":4,"lastAction":0,"status":0},{"playerId":157815,"score":534,"energy":32,"posx":8,"posy":4,"lastAction":4,"status":0},{"playerId":2415753,"score":650,"energy":21,"posx":4,"posy":7,"lastAction":5,"status":0}],"golds":[{"posx":7,"posy":0,"amount":550},{"posx":17,"posy":0,"amount":700},{"posx":11,"posy":1,"amount":750},{"posx":20,"posy":2,"amount":150},{"posx":2,"posy":3,"amount":100},{"posx":6,"posy":3,"amount":250},{"posx":12,"posy":3,"amount":500},{"posx":7,"posy":4,"amount":450},{"posx":19,"posy":4,"amount":300},{"posx":6,"posy":5,"amount":750},{"posx":16,"posy":5,"amount":250},{"posx":15,"posy":6,"amount":550},{"posx":19,"posy":6,"amount":300},{"posx":4,"posy":7,"amount":600},{"posx":12,"posy":8,"amount":500},{"posx":18,"posy":8,"amount":300}],"changedObstacles":[]},{"players":[{"playerId":2299591,"score":509,"energy":24,"posx":7,"posy":4,"lastAction":0,"status":0},{"playerId":5588,"score":559,"energy":7,"posx":7,"posy":4,"lastAction":5,"status":0},{"playerId":157815,"score":534,"energy":50,"posx":8,"posy":4,"lastAction":4,"status":0},{"playerId":2415753,"score":700,"energy":16,"posx":4,"posy":7,"lastAction":5,"status":0}],"golds":[{"posx":7,"posy":0,"amount":550},{"posx":17,"posy":0,"amount":700},{"posx":11,"posy":1,"amount":750},{"posx":20,"posy":2,"amount":150},{"posx":2,"posy":3,"amount":100},{"posx":6,"posy":3,"amount":250},{"posx":12,"posy":3,"amount":500},{"posx":7,"posy":4,"amount":400},{"posx":19,"posy":4,"amount":300},{"posx":6,"posy":5,"amount":750},{"posx":16,"posy":5,"amount":250},{"posx":15,"posy":6,"amount":550},{"posx":19,"posy":6,"amount":300},{"posx":4,"posy":7,"amount":550},{"posx":12,"posy":8,"amount":500},{"posx":18,"posy":8,"amount":300}],"changedObstacles":[]},{"players":[{"playerId":2299591,"score":559,"energy":19,"posx":7,"posy":4,"lastAction":5,"status":0},{"playerId":5588,"score":559,"energy":19,"posx":7,"posy":4,"lastAction":4,"status":0},{"playerId":157815,"score":534,"energy":49,"posx":9,"posy":4,"lastAction":1,"status":0},{"playerId":2415753,"score":750,"energy":11,"posx":4,"posy":7,"lastAction":5,"status":0}],"golds":[{"posx":7,"posy":0,"amount":550},{"posx":17,"posy":0,"amount":700},{"posx":11,"posy":1,"amount":750},{"posx":20,"posy":2,"amount":150},{"posx":2,"posy":3,"amount":100},{"posx":6,"posy":3,"amount":250},{"posx":12,"posy":3,"amount":500},{"posx":7,"posy":4,"amount":350},{"posx":19,"posy":4,"amount":300},{"posx":6,"posy":5,"amount":750},{"posx":16,"posy":5,"amount":250},{"posx":15,"posy":6,"amount":550},{"posx":19,"posy":6,"amount":300},{"posx":4,"posy":7,"amount":500},{"posx":12,"posy":8,"amount":500},{"posx":18,"posy":8,"amount":300}],"changedObstacles":[]},{"players":[{"playerId":2299591,"score":609,"energy":14,"posx":7,"posy":4,"lastAction":5,"status":0},{"playerId":5588,"score":609,"energy":14,"posx":7,"posy":4,"lastAction":5,"status":0},{"playerId":157815,"score":534,"energy":48,"posx":9,"posy":3,"lastAction":2,"status":0},{"playerId":2415753,"score":800,"energy":6,"posx":4,"posy":7,"lastAction":5,"status":0}],"golds":[{"posx":7,"posy":0,"amount":550},{"posx":17,"posy":0,"amount":700},{"posx":11,"posy":1,"amount":750},{"posx":20,"posy":2,"amount":150},{"posx":2,"posy":3,"amount":100},{"posx":6,"posy":3,"amount":250},{"posx":12,"posy":3,"amount":500},{"posx":7,"posy":4,"amount":250},{"posx":19,"posy":4,"amount":300},{"posx":6,"posy":5,"amount":750},{"posx":16,"posy":5,"amount":250},{"posx":15,"posy":6,"amount":550},{"posx":19,"posy":6,"amount":300},{"posx":4,"posy":7,"amount":450},{"posx":12,"posy":8,"amount":500},{"posx":18,"posy":8,"amount":300}],"changedObstacles":[]},{"players":[{"playerId":2299591,"score":659,"energy":9,"posx":7,"posy":4,"lastAction":5,"status":0},{"playerId":5588,"score":659,"energy":9,"posx":7,"posy":4,"lastAction":5,"status":0},{"playerId":157815,"score":534,"energy":47,"posx":10,"posy":3,"lastAction":1,"status":0},{"playerId":2415753,"score":850,"energy":1,"posx":4,"posy":7,"lastAction":5,"status":0}],"golds":[{"posx":7,"posy":0,"amount":550},{"posx":17,"posy":0,"amount":700},{"posx":11,"posy":1,"amount":750},{"posx":20,"posy":2,"amount":150},{"posx":2,"posy":3,"amount":100},{"posx":6,"posy":3,"amount":250},{"posx":12,"posy":3,"amount":500},{"posx":7,"posy":4,"amount":150},{"posx":19,"posy":4,"amount":300},{"posx":6,"posy":5,"amount":750},{"posx":16,"posy":5,"amount":250},{"posx":15,"posy":6,"amount":550},{"posx":19,"posy":6,"amount":300},{"posx":4,"posy":7,"amount":400},{"posx":12,"posy":8,"amount":500},{"posx":18,"posy":8,"amount":300}],"changedObstacles":[]},{"players":[{"playerId":2299591,"score":709,"energy":4,"posx":7,"posy":4,"lastAction":5,"status":0},{"playerId":5588,"score":659,"energy":21,"posx":7,"posy":4,"lastAction":4,"status":0},{"playerId":157815,"score":534,"energy":46,"posx":10,"posy":2,"lastAction":2,"status":0},{"playerId":2415753,"score":850,"energy":13,"posx":4,"posy":7,"lastAction":4,"status":0}],"golds":[{"posx":7,"posy":0,"amount":550},{"posx":17,"posy":0,"amount":700},{"posx":11,"posy":1,"amount":750},{"posx":20,"posy":2,"amount":150},{"posx":2,"posy":3,"amount":100},{"posx":6,"posy":3,"amount":250},{"posx":12,"posy":3,"amount":500},{"posx":7,"posy":4,"amount":100},{"posx":19,"posy":4,"amount":300},{"posx":6,"posy":5,"amount":750},{"posx":16,"posy":5,"amount":250},{"posx":15,"posy":6,"amount":550},{"posx":19,"posy":6,"amount":300},{"posx":4,"posy":7,"amount":400},{"posx":12,"posy":8,"amount":500},{"posx":18,"posy":8,"amount":300}],"changedObstacles":[]},{"players":[{"playerId":2299591,"score":709,"energy":16,"posx":7,"posy":4,"lastAction":4,"status":0},{"playerId":5588,"score":709,"energy":16,"posx":7,"posy":4,"lastAction":5,"status":0},{"playerId":157815,"score":534,"energy":45,"posx":10,"posy":1,"lastAction":2,"status":0},{"playerId":2415753,"score":850,"energy":29,"posx":4,"posy":7,"lastAction":4,"status":0}],"golds":[{"posx":7,"posy":0,"amount":550},{"posx":17,"posy":0,"amount":700},{"posx":11,"posy":1,"amount":750},{"posx":20,"posy":2,"amount":150},{"posx":2,"posy":3,"amount":100},{"posx":6,"posy":3,"amount":250},{"posx":12,"posy":3,"amount":500},{"posx":7,"posy":4,"amount":50},{"posx":19,"posy":4,"amount":300},{"posx":6,"posy":5,"amount":750},{"posx":16,"posy":5,"amount":250},{"posx":15,"posy":6,"amount":550},{"posx":19,"posy":6,"amount":300},{"posx":4,"posy":7,"amount":400},{"posx":12,"posy":8,"amount":500},{"posx":18,"posy":8,"amount":300}],"changedObstacles":[]},{"players":[{"playerId":2299591,"score":734,"energy":11,"posx":7,"posy":4,"lastAction":5,"status":0},{"playerId":5588,"score":734,"energy":11,"posx":7,"posy":4,"lastAction":5,"status":0},{"playerId":157815,"score":534,"energy":41,"posx":11,"posy":1,"lastAction":1,"status":0},{"playerId":2415753,"score":850,"energy":50,"posx":4,"posy":7,"lastAction":4,"status":0}],"golds":[{"posx":7,"posy":0,"amount":550},{"posx":17,"posy":0,"amount":700},{"posx":11,"posy":1,"amount":750},{"posx":20,"posy":2,"amount":150},{"posx":2,"posy":3,"amount":100},{"posx":6,"posy":3,"amount":250},{"posx":12,"posy":3,"amount":500},{"posx":19,"posy":4,"amount":300},{"posx":6,"posy":5,"amount":750},{"posx":16,"posy":5,"amount":250},{"posx":15,"posy":6,"amount":550},{"posx":19,"posy":6,"amount":300},{"posx":4,"posy":7,"amount":400},{"posx":12,"posy":8,"amount":500},{"posx":18,"posy":8,"amount":300}],"changedObstacles":[{"type":0,"posx":7,"posy":4,"value":-1}]},{"players":[{"playerId":2299591,"score":734,"energy":23,"posx":7,"posy":4,"lastAction":4,"status":0},{"playerId":5588,"score":734,"energy":23,"posx":7,"posy":4,"lastAction":4,"status":0},{"playerId":157815,"score":584,"energy":36,"posx":11,"posy":1,"lastAction":5,"status":0},{"playerId":2415753,"score":900,"energy":45,"posx":4,"posy":7,"lastAction":5,"status":0}],"golds":[{"posx":7,"posy":0,"amount":550},{"posx":17,"posy":0,"amount":700},{"posx":11,"posy":1,"amount":700},{"posx":20,"posy":2,"amount":150},{"posx":2,"posy":3,"amount":100},{"posx":6,"posy":3,"amount":250},{"posx":12,"posy":3,"amount":500},{"posx":19,"posy":4,"amount":300},{"posx":6,"posy":5,"amount":750},{"posx":16,"posy":5,"amount":250},{"posx":15,"posy":6,"amount":550},{"posx":19,"posy":6,"amount":300},{"posx":4,"posy":7,"amount":350},{"posx":12,"posy":8,"amount":500},{"posx":18,"posy":8,"amount":300}],"changedObstacles":[]},{"players":[{"playerId":2299591,"score":734,"energy":18,"posx":6,"posy":4,"lastAction":0,"status":0},{"playerId":5588,"score":734,"energy":11,"posx":7,"posy":3,"lastAction":2,"status":0},{"playerId":157815,"score":634,"energy":31,"posx":11,"posy":1,"lastAction":5,"status":0},{"playerId":2415753,"score":950,"energy":40,"posx":4,"posy":7,"lastAction":5,"status":0}],"golds":[{"posx":7,"posy":0,"amount":550},{"posx":17,"posy":0,"amount":700},{"posx":11,"posy":1,"amount":650},{"posx":20,"posy":2,"amount":150},{"posx":2,"posy":3,"amount":100},{"posx":6,"posy":3,"amount":250},{"posx":12,"posy":3,"amount":500},{"posx":19,"posy":4,"amount":300},{"posx":6,"posy":5,"amount":750},{"posx":16,"posy":5,"amount":250},{"posx":15,"posy":6,"amount":550},{"posx":19,"posy":6,"amount":300},{"posx":4,"posy":7,"amount":300},{"posx":12,"posy":8,"amount":500},{"posx":18,"posy":8,"amount":300}],"changedObstacles":[{"type":3,"posx":6,"posy":4,"value":-20}]},{"players":[{"playerId":2299591,"score":734,"energy":30,"posx":6,"posy":4,"lastAction":4,"status":0},{"playerId":5588,"score":734,"energy":7,"posx":6,"posy":3,"lastAction":0,"status":0},{"playerId":157815,"score":684,"energy":26,"posx":11,"posy":1,"lastAction":5,"status":0},{"playerId":2415753,"score":1000,"energy":35,"posx":4,"posy":7,"lastAction":5,"status":0}],"golds":[{"posx":7,"posy":0,"amount":550},{"posx":17,"posy":0,"amount":700},{"posx":11,"posy":1,"amount":600},{"posx":20,"posy":2,"amount":150},{"posx":2,"posy":3,"amount":100},{"posx":6,"posy":3,"amount":250},{"posx":12,"posy":3,"amount":500},{"posx":19,"posy":4,"amount":300},{"posx":6,"posy":5,"amount":750},{"posx":16,"posy":5,"amount":250},{"posx":15,"posy":6,"amount":550},{"posx":19,"posy":6,"amount":300},{"posx":4,"posy":7,"amount":250},{"posx":12,"posy":8,"amount":500},{"posx":18,"posy":8,"amount":300}],"changedObstacles":[]},{"players":[{"playerId":2299591,"score":734,"energy":26,"posx":6,"posy":3,"lastAction":2,"status":0},{"playerId":5588,"score":734,"energy":19,"posx":6,"posy":3,"lastAction":4,"status":0},{"playerId":157815,"score":734,"energy":21,"posx":11,"posy":1,"lastAction":5,"status":0},{"playerId":2415753,"score":1050,"energy":30,"posx":4,"posy":7,"lastAction":5,"status":0}],"golds":[{"posx":7,"posy":0,"amount":550},{"posx":17,"posy":0,"amount":700},{"posx":11,"posy":1,"amount":550},{"posx":20,"posy":2,"amount":150},{"posx":2,"posy":3,"amount":100},{"posx":6,"posy":3,"amount":250},{"posx":12,"posy":3,"amount":500},{"posx":19,"posy":4,"amount":300},{"posx":6,"posy":5,"amount":750},{"posx":16,"posy":5,"amount":250},{"posx":15,"posy":6,"amount":550},{"posx":19,"posy":6,"amount":300},{"posx":4,"posy":7,"amount":200},{"posx":12,"posy":8,"amount":500},{"posx":18,"posy":8,"amount":300}],"changedObstacles":[]},{"players":[{"playerId":2299591,"score":784,"energy":21,"posx":6,"posy":3,"lastAction":5,"status":0},{"playerId":5588,"score":784,"energy":14,"posx":6,"posy":3,"lastAction":5,"status":0},{"playerId":157815,"score":784,"energy":16,"posx":11,"posy":1,"lastAction":5,"status":0},{"playerId":2415753,"score":1100,"energy":25,"posx":4,"posy":7,"lastAction":5,"status":0}],"golds":[{"posx":7,"posy":0,"amount":550},{"posx":17,"posy":0,"amount":700},{"posx":11,"posy":1,"amount":500},{"posx":20,"posy":2,"amount":150},{"posx":2,"posy":3,"amount":100},{"posx":6,"posy":3,"amount":150},{"posx":12,"posy":3,"amount":500},{"posx":19,"posy":4,"amount":300},{"posx":6,"posy":5,"amount":750},{"posx":16,"posy":5,"amount":250},{"posx":15,"posy":6,"amount":550},{"posx":19,"posy":6,"amount":300},{"posx":4,"posy":7,"amount":150},{"posx":12,"posy":8,"amount":500},{"posx":18,"posy":8,"amount":300}],"changedObstacles":[]},{"players":[{"playerId":2299591,"score":834,"energy":16,"posx":6,"posy":3,"lastAction":5,"status":0},{"playerId":5588,"score":834,"energy":9,"posx":6,"posy":3,"lastAction":5,"status":0},{"playerId":157815,"score":834,"energy":11,"posx":11,"posy":1,"lastAction":5,"status":0},{"playerId":2415753,"score":1150,"energy":20,"posx":4,"posy":7,"lastAction":5,"status":0}],"golds":[{"posx":7,"posy":0,"amount":550},{"posx":17,"posy":0,"amount":700},{"posx":11,"posy":1,"amount":450},{"posx":20,"posy":2,"amount":150},{"posx":2,"posy":3,"amount":100},{"posx":6,"posy":3,"amount":50},{"posx":12,"posy":3,"amount":500},{"posx":19,"posy":4,"amount":300},{"posx":6,"posy":5,"amount":750},{"posx":16,"posy":5,"amount":250},{"posx":15,"posy":6,"amount":550},{"posx":19,"posy":6,"amount":300},{"posx":4,"posy":7,"amount":100},{"posx":12,"posy":8,"amount":500},{"posx":18,"posy":8,"amount":300}],"changedObstacles":[]},{"players":[{"playerId":2299591,"score":884,"energy":11,"posx":6,"posy":3,"lastAction":5,"status":0},{"playerId":5588,"score":834,"energy":21,"posx":6,"posy":3,"lastAction":4,"status":0},{"playerId":157815,"score":884,"energy":6,"posx":11,"posy":1,"lastAction":5,"status":0},{"playerId":2415753,"score":1200,"energy":15,"posx":4,"posy":7,"lastAction":5,"status":0}],"golds":[{"posx":7,"posy":0,"amount":550},{"posx":17,"posy":0,"amount":700},{"posx":11,"posy":1,"amount":400},{"posx":20,"posy":2,"amount":150},{"posx":2,"posy":3,"amount":100},{"posx":12,"posy":3,"amount":500},{"posx":19,"posy":4,"amount":300},{"posx":6,"posy":5,"amount":750},{"posx":16,"posy":5,"amount":250},{"posx":15,"posy":6,"amount":550},{"posx":19,"posy":6,"amount":300},{"posx":4,"posy":7,"amount":50},{"posx":12,"posy":8,"amount":500},{"posx":18,"posy":8,"amount":300}],"changedObstacles":[{"type":0,"posx":6,"posy":3,"value":-1}]},{"players":[{"playerId":2299591,"score":884,"energy":23,"posx":6,"posy":3,"lastAction":4,"status":0},{"playerId":5588,"score":834,"energy":20,"posx":5,"posy":3,"lastAction":0,"status":0},{"playerId":157815,"score":934,"energy":1,"posx":11,"posy":1,"lastAction":5,"status":0},{"playerId":2415753,"score":1250,"energy":10,"posx":4,"posy":7,"lastAction":5,"status":0}],"golds":[{"posx":7,"posy":0,"amount":550},{"posx":17,"posy":0,"amount":700},{"posx":11,"posy":1,"amount":350},{"posx":20,"posy":2,"amount":150},{"posx":2,"posy":3,"amount":100},{"posx":12,"posy":3,"amount":500},{"posx":19,"posy":4,"amount":300},{"posx":6,"posy":5,"amount":750},{"posx":16,"posy":5,"amount":250},{"posx":15,"posy":6,"amount":550},{"posx":19,"posy":6,"amount":300},{"posx":12,"posy":8,"amount":500},{"posx":18,"posy":8,"amount":300}],"changedObstacles":[{"type":0,"posx":4,"posy":7,"value":-1}]},{"players":[{"playerId":2299591,"score":884,"energy":16,"posx":7,"posy":3,"lastAction":1,"status":0},{"playerId":5588,"score":834,"energy":15,"posx":5,"posy":4,"lastAction":3,"status":0},{"playerId":157815,"score":934,"energy":13,"posx":11,"posy":1,"lastAction":4,"status":0},{"playerId":2415753,"score":1250,"energy":9,"posx":4,"posy":6,"lastAction":2,"status":0}],"golds":[{"posx":7,"posy":0,"amount":550},{"posx":17,"posy":0,"amount":700},{"posx":11,"posy":1,"amount":350},{"posx":20,"posy":2,"amount":150},{"posx":2,"posy":3,"amount":100},{"posx":12,"posy":3,"amount":500},{"posx":19,"posy":4,"amount":300},{"posx":6,"posy":5,"amount":750},{"posx":16,"posy":5,"amount":250},{"posx":15,"posy":6,"amount":550},{"posx":19,"posy":6,"amount":300},{"posx":12,"posy":8,"amount":500},{"posx":18,"posy":8,"amount":300}],"changedObstacles":[{"type":3,"posx":5,"posy":4,"value":-20}]},{"players":[{"playerId":2299591,"score":884,"energy":28,"posx":7,"posy":3,"lastAction":4,"status":0},{"playerId":5588,"score":834,"energy":27,"posx":5,"posy":4,"lastAction":4,"status":0},{"playerId":157815,"score":934,"energy":29,"posx":11,"posy":1,"lastAction":4,"status":0},{"playerId":2415753,"score":1250,"energy":8,"posx":5,"posy":6,"lastAction":1,"status":0}],"golds":[{"posx":7,"posy":0,"amount":550},{"posx":17,"posy":0,"amount":700},{"posx":11,"posy":1,"amount":350},{"posx":20,"posy":2,"amount":150},{"posx":2,"posy":3,"amount":100},{"posx":12,"posy":3,"amount":500},{"posx":19,"posy":4,"amount":300},{"posx":6,"posy":5,"amount":750},{"posx":16,"posy":5,"amount":250},{"posx":15,"posy":6,"amount":550},{"posx":19,"posy":6,"amount":300},{"posx":12,"posy":8,"amount":500},{"posx":18,"posy":8,"amount":300}],"changedObstacles":[]},{"players":[{"playerId":2299591,"score":884,"energy":27,"posx":7,"posy":4,"lastAction":3,"status":0},{"playerId":5588,"score":834,"energy":20,"posx":5,"posy":5,"lastAction":3,"status":0},{"playerId":157815,"score":934,"energy":50,"posx":11,"posy":1,"lastAction":4,"status":0},{"playerId":2415753,"score":1250,"energy":7,"posx":6,"posy":6,"lastAction":1,"status":0}],"golds":[{"posx":7,"posy":0,"amount":550},{"posx":17,"posy":0,"amount":700},{"posx":11,"posy":1,"amount":350},{"posx":20,"posy":2,"amount":150},{"posx":2,"posy":3,"amount":100},{"posx":12,"posy":3,"amount":500},{"posx":19,"posy":4,"amount":300},{"posx":6,"posy":5,"amount":750},{"posx":16,"posy":5,"amount":250},{"posx":15,"posy":6,"amount":550},{"posx":19,"posy":6,"amount":300},{"posx":12,"posy":8,"amount":500},{"posx":18,"posy":8,"amount":300}],"changedObstacles":[]},{"players":[{"playerId":2299591,"score":884,"energy":26,"posx":7,"posy":5,"lastAction":3,"status":0},{"playerId":5588,"score":834,"energy":16,"posx":6,"posy":5,"lastAction":1,"status":0},{"playerId":157815,"score":984,"energy":45,"posx":11,"posy":1,"lastAction":5,"status":0},{"playerId":2415753,"score":1250,"energy":3,"posx":6,"posy":5,"lastAction":2,"status":0}],"golds":[{"posx":7,"posy":0,"amount":550},{"posx":17,"posy":0,"amount":700},{"posx":11,"posy":1,"amount":300},{"posx":20,"posy":2,"amount":150},{"posx":2,"posy":3,"amount":100},{"posx":12,"posy":3,"amount":500},{"posx":19,"posy":4,"amount":300},{"posx":6,"posy":5,"amount":750},{"posx":16,"posy":5,"amount":250},{"posx":15,"posy":6,"amount":550},{"posx":19,"posy":6,"amount":300},{"posx":12,"posy":8,"amount":500},{"posx":18,"posy":8,"amount":300}],"changedObstacles":[]},{"players":[{"playerId":2299591,"score":884,"energy":22,"posx":6,"posy":5,"lastAction":0,"status":0},{"playerId":5588,"score":884,"energy":11,"posx":6,"posy":5,"lastAction":5,"status":0},{"playerId":157815,"score":1034,"energy":40,"posx":11,"posy":1,"lastAction":5,"status":0},{"playerId":2415753,"score":1250,"energy":15,"posx":6,"posy":5,"lastAction":4,"status":0}],"golds":[{"posx":7,"posy":0,"amount":550},{"posx":17,"posy":0,"amount":700},{"posx":11,"posy":1,"amount":250},{"posx":20,"posy":2,"amount":150},{"posx":2,"posy":3,"amount":100},{"posx":12,"posy":3,"amount":500},{"posx":19,"posy":4,"amount":300},{"posx":6,"posy":5,"amount":700},{"posx":16,"posy":5,"amount":250},{"posx":15,"posy":6,"amount":550},{"posx":19,"posy":6,"amount":300},{"posx":12,"posy":8,"amount":500},{"posx":18,"posy":8,"amount":300}],"changedObstacles":[]},{"players":[{"playerId":2299591,"score":934,"energy":17,"posx":6,"posy":5,"lastAction":5,"status":0},{"playerId":5588,"score":934,"energy":6,"posx":6,"posy":5,"lastAction":5,"status":0},{"playerId":157815,"score":1084,"energy":35,"posx":11,"posy":1,"lastAction":5,"status":0},{"playerId":2415753,"score":1250,"energy":31,"posx":6,"posy":5,"lastAction":4,"status":0}],"golds":[{"posx":7,"posy":0,"amount":550},{"posx":17,"posy":0,"amount":700},{"posx":11,"posy":1,"amount":200},{"posx":20,"posy":2,"amount":150},{"posx":2,"posy":3,"amount":100},{"posx":12,"posy":3,"amount":500},{"posx":19,"posy":4,"amount":300},{"posx":6,"posy":5,"amount":600},{"posx":16,"posy":5,"amount":250},{"posx":15,"posy":6,"amount":550},{"posx":19,"posy":6,"amount":300},{"posx":12,"posy":8,"amount":500},{"posx":18,"posy":8,"amount":300}],"changedObstacles":[]},{"players":[{"playerId":2299591,"score":984,"energy":12,"posx":6,"posy":5,"lastAction":5,"status":0},{"playerId":5588,"score":934,"energy":18,"posx":6,"posy":5,"lastAction":4,"status":0},{"playerId":157815,"score":1134,"energy":30,"posx":11,"posy":1,"lastAction":5,"status":0},{"playerId":2415753,"score":1300,"energy":26,"posx":6,"posy":5,"lastAction":5,"status":0}],"golds":[{"posx":7,"posy":0,"amount":550},{"posx":17,"posy":0,"amount":700},{"posx":11,"posy":1,"amount":150},{"posx":20,"posy":2,"amount":150},{"posx":2,"posy":3,"amount":100},{"posx":12,"posy":3,"amount":500},{"posx":19,"posy":4,"amount":300},{"posx":6,"posy":5,"amount":500},{"posx":16,"posy":5,"amount":250},{"posx":15,"posy":6,"amount":550},{"posx":19,"posy":6,"amount":300},{"posx":12,"posy":8,"amount":500},{"posx":18,"posy":8,"amount":300}],"changedObstacles":[]},{"players":[{"playerId":2299591,"score":1034,"energy":7,"posx":6,"posy":5,"lastAction":5,"status":0},{"playerId":5588,"score":984,"energy":13,"posx":6,"posy":5,"lastAction":5,"status":0},{"playerId":157815,"score":1184,"energy":25,"posx":11,"posy":1,"lastAction":5,"status":0},{"playerId":2415753,"score":1350,"energy":21,"posx":6,"posy":5,"lastAction":5,"status":0}],"golds":[{"posx":7,"posy":0,"amount":550},{"posx":17,"posy":0,"amount":700},{"posx":11,"posy":1,"amount":100},{"posx":20,"posy":2,"amount":150},{"posx":2,"posy":3,"amount":100},{"posx":12,"posy":3,"amount":500},{"posx":19,"posy":4,"amount":300},{"posx":6,"posy":5,"amount":350},{"posx":16,"posy":5,"amount":250},{"posx":15,"posy":6,"amount":550},{"posx":19,"posy":6,"amount":300},{"posx":12,"posy":8,"amount":500},{"posx":18,"posy":8,"amount":300}],"changedObstacles":[]},{"players":[{"playerId":2299591,"score":1084,"energy":2,"posx":6,"posy":5,"lastAction":5,"status":0},{"playerId":5588,"score":1034,"energy":8,"posx":6,"posy":5,"lastAction":5,"status":0},{"playerId":157815,"score":1234,"energy":20,"posx":11,"posy":1,"lastAction":5,"status":0},{"playerId":2415753,"score":1400,"energy":16,"posx":6,"posy":5,"lastAction":5,"status":0}],"golds":[{"posx":7,"posy":0,"amount":550},{"posx":17,"posy":0,"amount":700},{"posx":11,"posy":1,"amount":50},{"posx":20,"posy":2,"amount":150},{"posx":2,"posy":3,"amount":100},{"posx":12,"posy":3,"amount":500},{"posx":19,"posy":4,"amount":300},{"posx":6,"posy":5,"amount":200},{"posx":16,"posy":5,"amount":250},{"posx":15,"posy":6,"amount":550},{"posx":19,"posy":6,"amount":300},{"posx":12,"posy":8,"amount":500},{"posx":18,"posy":8,"amount":300}],"changedObstacles":[]},{"players":[{"playerId":2299591,"score":1084,"energy":14,"posx":6,"posy":5,"lastAction":4,"status":0},{"playerId":5588,"score":1034,"energy":20,"posx":6,"posy":5,"lastAction":4,"status":0},{"playerId":157815,"score":1284,"energy":15,"posx":11,"posy":1,"lastAction":5,"status":0},{"playerId":2415753,"score":1450,"energy":11,"posx":6,"posy":5,"lastAction":5,"status":0}],"golds":[{"posx":7,"posy":0,"amount":550},{"posx":17,"posy":0,"amount":700},{"posx":20,"posy":2,"amount":150},{"posx":2,"posy":3,"amount":100},{"posx":12,"posy":3,"amount":500},{"posx":19,"posy":4,"amount":300},{"posx":6,"posy":5,"amount":150},{"posx":16,"posy":5,"amount":250},{"posx":15,"posy":6,"amount":550},{"posx":19,"posy":6,"amount":300},{"posx":12,"posy":8,"amount":500},{"posx":18,"posy":8,"amount":300}],"changedObstacles":[{"type":0,"posx":11,"posy":1,"value":-1}]},{"players":[{"playerId":2299591,"score":1134,"energy":9,"posx":6,"posy":5,"lastAction":5,"status":0},{"playerId":5588,"score":1084,"energy":15,"posx":6,"posy":5,"lastAction":5,"status":0},{"playerId":157815,"score":1284,"energy":14,"posx":11,"posy":2,"lastAction":3,"status":0},{"playerId":2415753,"score":1500,"energy":6,"posx":6,"posy":5,"lastAction":5,"status":0}],"golds":[{"posx":7,"posy":0,"amount":550},{"posx":17,"posy":0,"amount":700},{"posx":20,"posy":2,"amount":150},{"posx":2,"posy":3,"amount":100},{"posx":12,"posy":3,"amount":500},{"posx":19,"posy":4,"amount":300},{"posx":16,"posy":5,"amount":250},{"posx":15,"posy":6,"amount":550},{"posx":19,"posy":6,"amount":300},{"posx":12,"posy":8,"amount":500},{"posx":18,"posy":8,"amount":300}],"changedObstacles":[{"type":0,"posx":6,"posy":5,"value":-1}]},{"players":[{"playerId":2299591,"score":1134,"energy":21,"posx":6,"posy":5,"lastAction":4,"status":0},{"playerId":5588,"score":1084,"energy":14,"posx":6,"posy":6,"lastAction":3,"status":0},{"playerId":157815,"score":1284,"energy":13,"posx":11,"posy":3,"lastAction":3,"status":0},{"playerId":2415753,"score":1500,"energy":5,"posx":7,"posy":5,"lastAction":1,"status":0}],"golds":[{"posx":7,"posy":0,"amount":550},{"posx":17,"posy":0,"amount":700},{"posx":20,"posy":2,"amount":150},{"posx":2,"posy":3,"amount":100},{"posx":12,"posy":3,"amount":500},{"posx":19,"posy":4,"amount":300},{"posx":16,"posy":5,"amount":250},{"posx":15,"posy":6,"amount":550},{"posx":19,"posy":6,"amount":300},{"posx":12,"posy":8,"amount":500},{"posx":18,"posy":8,"amount":300}],"changedObstacles":[]},{"players":[{"playerId":2299591,"score":1134,"energy":20,"posx":7,"posy":5,"lastAction":1,"status":0},{"playerId":5588,"score":1084,"energy":13,"posx":5,"posy":6,"lastAction":0,"status":0},{"playerId":157815,"score":1284,"energy":9,"posx":12,"posy":3,"lastAction":1,"status":0},{"playerId":2415753,"score":1500,"energy":4,"posx":8,"posy":5,"lastAction":1,"status":0}],"golds":[{"posx":7,"posy":0,"amount":550},{"posx":17,"posy":0,"amount":700},{"posx":20,"posy":2,"amount":150},{"posx":2,"posy":3,"amount":100},{"posx":12,"posy":3,"amount":500},{"posx":19,"posy":4,"amount":300},{"posx":16,"posy":5,"amount":250},{"posx":15,"posy":6,"amount":550},{"posx":19,"posy":6,"amount":300},{"posx":12,"posy":8,"amount":500},{"posx":18,"posy":8,"amount":300}],"changedObstacles":[]},{"players":[{"playerId":2299591,"score":1134,"energy":19,"posx":7,"posy":4,"lastAction":2,"status":0},{"playerId":5588,"score":1084,"energy":12,"posx":4,"posy":6,"lastAction":0,"status":0},{"playerId":157815,"score":1334,"energy":4,"posx":12,"posy":3,"lastAction":5,"status":0},{"playerId":2415753,"score":1500,"energy":3,"posx":9,"posy":5,"lastAction":1,"status":0}],"golds":[{"posx":7,"posy":0,"amount":550},{"posx":17,"posy":0,"amount":700},{"posx":20,"posy":2,"amount":150},{"posx":2,"posy":3,"amount":100},{"posx":12,"posy":3,"amount":450},{"posx":19,"posy":4,"amount":300},{"posx":16,"posy":5,"amount":250},{"posx":15,"posy":6,"amount":550},{"posx":19,"posy":6,"amount":300},{"posx":12,"posy":8,"amount":500},{"posx":18,"posy":8,"amount":300}],"changedObstacles":[]},{"players":[{"playerId":2299591,"score":1134,"energy":31,"posx":7,"posy":4,"lastAction":4,"status":0},{"playerId":5588,"score":1084,"energy":11,"posx":3,"posy":6,"lastAction":0,"status":0},{"playerId":157815,"score":1334,"energy":16,"posx":12,"posy":3,"lastAction":4,"status":0},{"playerId":2415753,"score":1500,"energy":2,"posx":10,"posy":5,"lastAction":1,"status":0}],"golds":[{"posx":7,"posy":0,"amount":550},{"posx":17,"posy":0,"amount":700},{"posx":20,"posy":2,"amount":150},{"posx":2,"posy":3,"amount":100},{"posx":12,"posy":3,"amount":450},{"posx":19,"posy":4,"amount":300},{"posx":16,"posy":5,"amount":250},{"posx":15,"posy":6,"amount":550},{"posx":19,"posy":6,"amount":300},{"posx":12,"posy":8,"amount":500},{"posx":18,"posy":8,"amount":300}],"changedObstacles":[]},{"players":[{"playerId":2299591,"score":1134,"energy":30,"posx":8,"posy":4,"lastAction":1,"status":0},{"playerId":5588,"score":1084,"energy":10,"posx":2,"posy":6,"lastAction":0,"status":0},{"playerId":157815,"score":1334,"energy":32,"posx":12,"posy":3,"lastAction":4,"status":0},{"playerId":2415753,"score":1500,"energy":1,"posx":11,"posy":5,"lastAction":1,"status":0}],"golds":[{"posx":7,"posy":0,"amount":550},{"posx":17,"posy":0,"amount":700},{"posx":20,"posy":2,"amount":150},{"posx":2,"posy":3,"amount":100},{"posx":12,"posy":3,"amount":450},{"posx":19,"posy":4,"amount":300},{"posx":16,"posy":5,"amount":250},{"posx":15,"posy":6,"amount":550},{"posx":19,"posy":6,"amount":300},{"posx":12,"posy":8,"amount":500},{"posx":18,"posy":8,"amount":300}],"changedObstacles":[]},{"players":[{"playerId":2299591,"score":1134,"energy":29,"posx":9,"posy":4,"lastAction":1,"status":0},{"playerId":5588,"score":1084,"energy":9,"posx":2,"posy":5,"lastAction":2,"status":0},{"playerId":157815,"score":1334,"energy":50,"posx":12,"posy":3,"lastAction":4,"status":0},{"playerId":2415753,"score":1500,"energy":13,"posx":11,"posy":5,"lastAction":4,"status":0}],"golds":[{"posx":7,"posy":0,"amount":550},{"posx":17,"posy":0,"amount":700},{"posx":20,"posy":2,"amount":150},{"posx":2,"posy":3,"amount":100},{"posx":12,"posy":3,"amount":450},{"posx":19,"posy":4,"amount":300},{"posx":16,"posy":5,"amount":250},{"posx":15,"posy":6,"amount":550},{"posx":19,"posy":6,"amount":300},{"posx":12,"posy":8,"amount":500},{"posx":18,"posy":8,"amount":300}],"changedObstacles":[]},{"players":[{"playerId":2299591,"score":1134,"energy":28,"posx":9,"posy":3,"lastAction":2,"status":0},{"playerId":5588,"score":1084,"energy":21,"posx":2,"posy":5,"lastAction":4,"status":0},{"playerId":157815,"score":1384,"energy":45,"posx":12,"posy":3,"lastAction":5,"status":0},{"playerId":2415753,"score":1500,"energy":29,"posx":11,"posy":5,"lastAction":4,"status":0}],"golds":[{"posx":7,"posy":0,"amount":550},{"posx":17,"posy":0,"amount":700},{"posx":20,"posy":2,"amount":150},{"posx":2,"posy":3,"amount":100},{"posx":12,"posy":3,"amount":400},{"posx":19,"posy":4,"amount":300},{"posx":16,"posy":5,"amount":250},{"posx":15,"posy":6,"amount":550},{"posx":19,"posy":6,"amount":300},{"posx":12,"posy":8,"amount":500},{"posx":18,"posy":8,"amount":300}],"changedObstacles":[]},{"players":[{"playerId":2299591,"score":1134,"energy":27,"posx":9,"posy":2,"lastAction":2,"status":0},{"playerId":5588,"score":1084,"energy":20,"posx":2,"posy":4,"lastAction":2,"status":0},{"playerId":157815,"score":1434,"energy":40,"posx":12,"posy":3,"lastAction":5,"status":0},{"playerId":2415753,"score":1500,"energy":50,"posx":11,"posy":5,"lastAction":4,"status":0}],"golds":[{"posx":7,"posy":0,"amount":550},{"posx":17,"posy":0,"amount":700},{"posx":20,"posy":2,"amount":150},{"posx":2,"posy":3,"amount":100},{"posx":12,"posy":3,"amount":350},{"posx":19,"posy":4,"amount":300},{"posx":16,"posy":5,"amount":250},{"posx":15,"posy":6,"amount":550},{"posx":19,"posy":6,"amount":300},{"posx":12,"posy":8,"amount":500},{"posx":18,"posy":8,"amount":300}],"changedObstacles":[]},{"players":[{"playerId":2299591,"score":1134,"energy":26,"posx":8,"posy":2,"lastAction":0,"status":0},{"playerId":5588,"score":1084,"energy":16,"posx":2,"posy":3,"lastAction":2,"status":0},{"playerId":157815,"score":1484,"energy":35,"posx":12,"posy":3,"lastAction":5,"status":0},{"playerId":2415753,"score":1500,"energy":49,"posx":12,"posy":5,"lastAction":1,"status":0}],"golds":[{"posx":7,"posy":0,"amount":550},{"posx":17,"posy":0,"amount":700},{"posx":20,"posy":2,"amount":150},{"posx":2,"posy":3,"amount":100},{"posx":12,"posy":3,"amount":300},{"posx":19,"posy":4,"amount":300},{"posx":16,"posy":5,"amount":250},{"posx":15,"posy":6,"amount":550},{"posx":19,"posy":6,"amount":300},{"posx":12,"posy":8,"amount":500},{"posx":18,"posy":8,"amount":300}],"changedObstacles":[]},{"players":[{"playerId":2299591,"score":1134,"energy":25,"posx":7,"posy":2,"lastAction":0,"status":0},{"playerId":5588,"score":1134,"energy":11,"posx":2,"posy":3,"lastAction":5,"status":0},{"playerId":157815,"score":1534,"energy":30,"posx":12,"posy":3,"lastAction":5,"status":0},{"playerId":2415753,"score":1500,"energy":48,"posx":13,"posy":5,"lastAction":1,"status":0}],"golds":[{"posx":7,"posy":0,"amount":550},{"posx":17,"posy":0,"amount":700},{"posx":20,"posy":2,"amount":150},{"posx":2,"posy":3,"amount":50},{"posx":12,"posy":3,"amount":250},{"posx":19,"posy":4,"amount":300},{"posx":16,"posy":5,"amount":250},{"posx":15,"posy":6,"amount":550},{"posx":19,"posy":6,"amount":300},{"posx":12,"posy":8,"amount":500},{"posx":18,"posy":8,"amount":300}],"changedObstacles":[]},{"players":[{"playerId":2299591,"score":1134,"energy":24,"posx":7,"posy":1,"lastAction":2,"status":0},{"playerId":5588,"score":1184,"energy":6,"posx":2,"posy":3,"lastAction":5,"status":0},{"playerId":157815,"score":1584,"energy":25,"posx":12,"posy":3,"lastAction":5,"status":0},{"playerId":2415753,"score":1500,"energy":47,"posx":13,"posy":6,"lastAction":3,"status":0}],"golds":[{"posx":7,"posy":0,"amount":550},{"posx":17,"posy":0,"amount":700},{"posx":20,"posy":2,"amount":150},{"posx":12,"posy":3,"amount":200},{"posx":19,"posy":4,"amount":300},{"posx":16,"posy":5,"amount":250},{"posx":15,"posy":6,"amount":550},{"posx":19,"posy":6,"amount":300},{"posx":12,"posy":8,"amount":500},{"posx":18,"posy":8,"amount":300}],"changedObstacles":[{"type":0,"posx":2,"posy":3,"value":-1}]},{"players":[{"playerId":2299591,"score":1134,"energy":20,"posx":7,"posy":0,"lastAction":2,"status":0},{"playerId":5588,"score":1184,"energy":18,"posx":2,"posy":3,"lastAction":4,"status":0},{"playerId":157815,"score":1634,"energy":20,"posx":12,"posy":3,"lastAction":5,"status":0},{"playerId":2415753,"score":1500,"energy":46,"posx":14,"posy":6,"lastAction":1,"status":0}],"golds":[{"posx":7,"posy":0,"amount":550},{"posx":17,"posy":0,"amount":700},{"posx":20,"posy":2,"amount":150},{"posx":12,"posy":3,"amount":150},{"posx":19,"posy":4,"amount":300},{"posx":16,"posy":5,"amount":250},{"posx":15,"posy":6,"amount":550},{"posx":19,"posy":6,"amount":300},{"posx":12,"posy":8,"amount":500},{"posx":18,"posy":8,"amount":300}],"changedObstacles":[]},{"players":[{"playerId":2299591,"score":1184,"energy":15,"posx":7,"posy":0,"lastAction":5,"status":0},{"playerId":5588,"score":1184,"energy":17,"posx":1,"posy":3,"lastAction":0,"status":0},{"playerId":157815,"score":1684,"energy":15,"posx":12,"posy":3,"lastAction":5,"status":0},{"playerId":2415753,"score":1500,"energy":42,"posx":15,"posy":6,"lastAction":1,"status":0}],"golds":[{"posx":7,"posy":0,"amount":500},{"posx":17,"posy":0,"amount":700},{"posx":20,"posy":2,"amount":150},{"posx":12,"posy":3,"amount":100},{"posx":19,"posy":4,"amount":300},{"posx":16,"posy":5,"amount":250},{"posx":15,"posy":6,"amount":550},{"posx":19,"posy":6,"amount":300},{"posx":12,"posy":8,"amount":500},{"posx":18,"posy":8,"amount":300}],"changedObstacles":[]},{"players":[{"playerId":2299591,"score":1234,"energy":10,"posx":7,"posy":0,"lastAction":5,"status":0},{"playerId":5588,"score":1184,"energy":16,"posx":1,"posy":2,"lastAction":2,"status":0},{"playerId":157815,"score":1734,"energy":10,"posx":12,"posy":3,"lastAction":5,"status":0},{"playerId":2415753,"score":1550,"energy":37,"posx":15,"posy":6,"lastAction":5,"status":0}],"golds":[{"posx":7,"posy":0,"amount":450},{"posx":17,"posy":0,"amount":700},{"posx":20,"posy":2,"amount":150},{"posx":12,"posy":3,"amount":50},{"posx":19,"posy":4,"amount":300},{"posx":16,"posy":5,"amount":250},{"posx":15,"posy":6,"amount":500},{"posx":19,"posy":6,"amount":300},{"posx":12,"posy":8,"amount":500},{"posx":18,"posy":8,"amount":300}],"changedObstacles":[]},{"players":[{"playerId":2299591,"score":1284,"energy":5,"posx":7,"posy":0,"lastAction":5,"status":0},{"playerId":5588,"score":1184,"energy":15,"posx":1,"posy":1,"lastAction":2,"status":0},{"playerId":157815,"score":1784,"energy":5,"posx":12,"posy":3,"lastAction":5,"status":0},{"playerId":2415753,"score":1600,"energy":32,"posx":15,"posy":6,"lastAction":5,"status":0}],"golds":[{"posx":7,"posy":0,"amount":400},{"posx":17,"posy":0,"amount":700},{"posx":20,"posy":2,"amount":150},{"posx":19,"posy":4,"amount":300},{"posx":16,"posy":5,"amount":250},{"posx":15,"posy":6,"amount":450},{"posx":19,"posy":6,"amount":300},{"posx":12,"posy":8,"amount":500},{"posx":18,"posy":8,"amount":300}],"changedObstacles":[{"type":0,"posx":12,"posy":3,"value":-1}]},{"players":[{"playerId":2299591,"score":1284,"energy":17,"posx":7,"posy":0,"lastAction":4,"status":0},{"playerId":5588,"score":1184,"energy":14,"posx":1,"posy":0,"lastAction":2,"status":0},{"playerId":157815,"score":1784,"energy":4,"posx":12,"posy":2,"lastAction":2,"status":0},{"playerId":2415753,"score":1650,"energy":27,"posx":15,"posy":6,"lastAction":5,"status":0}],"golds":[{"posx":7,"posy":0,"amount":400},{"posx":17,"posy":0,"amount":700},{"posx":20,"posy":2,"amount":150},{"posx":19,"posy":4,"amount":300},{"posx":16,"posy":5,"amount":250},{"posx":15,"posy":6,"amount":400},{"posx":19,"posy":6,"amount":300},{"posx":12,"posy":8,"amount":500},{"posx":18,"posy":8,"amount":300}],"changedObstacles":[]},{"players":[{"playerId":2299591,"score":1334,"energy":12,"posx":7,"posy":0,"lastAction":5,"status":0},{"playerId":5588,"score":1184,"energy":13,"posx":2,"posy":0,"lastAction":1,"status":0},{"playerId":157815,"score":1784,"energy":3,"posx":12,"posy":1,"lastAction":2,"status":0},{"playerId":2415753,"score":1700,"energy":22,"posx":15,"posy":6,"lastAction":5,"status":0}],"golds":[{"posx":7,"posy":0,"amount":350},{"posx":17,"posy":0,"amount":700},{"posx":20,"posy":2,"amount":150},{"posx":19,"posy":4,"amount":300},{"posx":16,"posy":5,"amount":250},{"posx":15,"posy":6,"amount":350},{"posx":19,"posy":6,"amount":300},{"posx":12,"posy":8,"amount":500},{"posx":18,"posy":8,"amount":300}],"changedObstacles":[]},{"players":[{"playerId":2299591,"score":1384,"energy":7,"posx":7,"posy":0,"lastAction":5,"status":0},{"playerId":5588,"score":1184,"energy":12,"posx":3,"posy":0,"lastAction":1,"status":0},{"playerId":157815,"score":1784,"energy":2,"posx":13,"posy":1,"lastAction":1,"status":0},{"playerId":2415753,"score":1750,"energy":17,"posx":15,"posy":6,"lastAction":5,"status":0}],"golds":[{"posx":7,"posy":0,"amount":300},{"posx":17,"posy":0,"amount":700},{"posx":20,"posy":2,"amount":150},{"posx":19,"posy":4,"amount":300},{"posx":16,"posy":5,"amount":250},{"posx":15,"posy":6,"amount":300},{"posx":19,"posy":6,"amount":300},{"posx":12,"posy":8,"amount":500},{"posx":18,"posy":8,"amount":300}],"changedObstacles":[]},{"players":[{"playerId":2299591,"score":1434,"energy":2,"posx":7,"posy":0,"lastAction":5,"status":0},{"playerId":5588,"score":1184,"energy":11,"posx":4,"posy":0,"lastAction":1,"status":0},{"playerId":157815,"score":1784,"energy":1,"posx":14,"posy":1,"lastAction":1,"status":0},{"playerId":2415753,"score":1800,"energy":12,"posx":15,"posy":6,"lastAction":5,"status":0}],"golds":[{"posx":7,"posy":0,"amount":250},{"posx":17,"posy":0,"amount":700},{"posx":20,"posy":2,"amount":150},{"posx":19,"posy":4,"amount":300},{"posx":16,"posy":5,"amount":250},{"posx":15,"posy":6,"amount":250},{"posx":19,"posy":6,"amount":300},{"posx":12,"posy":8,"amount":500},{"posx":18,"posy":8,"amount":300}],"changedObstacles":[]},{"players":[{"playerId":2299591,"score":1434,"energy":14,"posx":7,"posy":0,"lastAction":4,"status":0},{"playerId":5588,"score":1184,"energy":10,"posx":4,"posy":1,"lastAction":3,"status":0},{"playerId":157815,"score":1784,"energy":13,"posx":14,"posy":1,"lastAction":4,"status":0},{"playerId":2415753,"score":1850,"energy":7,"posx":15,"posy":6,"lastAction":5,"status":0}],"golds":[{"posx":7,"posy":0,"amount":250},{"posx":17,"posy":0,"amount":700},{"posx":20,"posy":2,"amount":150},{"posx":19,"posy":4,"amount":300},{"posx":16,"posy":5,"amount":250},{"posx":15,"posy":6,"amount":200},{"posx":19,"posy":6,"amount":300},{"posx":12,"posy":8,"amount":500},{"posx":18,"posy":8,"amount":300}],"changedObstacles":[]},{"players":[{"playerId":2299591,"score":1484,"energy":9,"posx":7,"posy":0,"lastAction":5,"status":0},{"playerId":5588,"score":1184,"energy":9,"posx":4,"posy":0,"lastAction":2,"status":0},{"playerId":157815,"score":1784,"energy":29,"posx":14,"posy":1,"lastAction":4,"status":0},{"playerId":2415753,"score":1900,"energy":2,"posx":15,"posy":6,"lastAction":5,"status":0}],"golds":[{"posx":7,"posy":0,"amount":200},{"posx":17,"posy":0,"amount":700},{"posx":20,"posy":2,"amount":150},{"posx":19,"posy":4,"amount":300},{"posx":16,"posy":5,"amount":250},{"posx":15,"posy":6,"amount":150},{"posx":19,"posy":6,"amount":300},{"posx":12,"posy":8,"amount":500},{"posx":18,"posy":8,"amount":300}],"changedObstacles":[]},{"players":[{"playerId":2299591,"score":1534,"energy":4,"posx":7,"posy":0,"lastAction":5,"status":0},{"playerId":5588,"score":1184,"energy":21,"posx":4,"posy":0,"lastAction":4,"status":0},{"playerId":157815,"score":1784,"energy":50,"posx":14,"posy":1,"lastAction":4,"status":0},{"playerId":2415753,"score":1900,"energy":14,"posx":15,"posy":6,"lastAction":4,"status":0}],"golds":[{"posx":7,"posy":0,"amount":150},{"posx":17,"posy":0,"amount":700},{"posx":20,"posy":2,"amount":150},{"posx":19,"posy":4,"amount":300},{"posx":16,"posy":5,"amount":250},{"posx":15,"posy":6,"amount":150},{"posx":19,"posy":6,"amount":300},{"posx":12,"posy":8,"amount":500},{"posx":18,"posy":8,"amount":300}],"changedObstacles":[]},{"players":[{"playerId":2299591,"score":1534,"energy":16,"posx":7,"posy":0,"lastAction":4,"status":0},{"playerId":5588,"score":1184,"energy":20,"posx":4,"posy":1,"lastAction":3,"status":0},{"playerId":157815,"score":1784,"energy":49,"posx":15,"posy":1,"lastAction":1,"status":0},{"playerId":2415753,"score":1900,"energy":30,"posx":15,"posy":6,"lastAction":4,"status":0}],"golds":[{"posx":7,"posy":0,"amount":150},{"posx":17,"posy":0,"amount":700},{"posx":20,"posy":2,"amount":150},{"posx":19,"posy":4,"amount":300},{"posx":16,"posy":5,"amount":250},{"posx":15,"posy":6,"amount":150},{"posx":19,"posy":6,"amount":300},{"posx":12,"posy":8,"amount":500},{"posx":18,"posy":8,"amount":300}],"changedObstacles":[]},{"players":[{"playerId":2299591,"score":1584,"energy":11,"posx":7,"posy":0,"lastAction":5,"status":0},{"playerId":5588,"score":1184,"energy":19,"posx":4,"posy":0,"lastAction":2,"status":0},{"playerId":157815,"score":1784,"energy":48,"posx":15,"posy":0,"lastAction":2,"status":0},{"playerId":2415753,"score":1900,"energy":50,"posx":15,"posy":6,"lastAction":4,"status":0}],"golds":[{"posx":7,"posy":0,"amount":100},{"posx":17,"posy":0,"amount":700},{"posx":20,"posy":2,"amount":150},{"posx":19,"posy":4,"amount":300},{"posx":16,"posy":5,"amount":250},{"posx":15,"posy":6,"amount":150},{"posx":19,"posy":6,"amount":300},{"posx":12,"posy":8,"amount":500},{"posx":18,"posy":8,"amount":300}],"changedObstacles":[]},{"players":[{"playerId":2299591,"score":1634,"energy":6,"posx":7,"posy":0,"lastAction":5,"status":0},{"playerId":5588,"score":1184,"energy":18,"posx":4,"posy":1,"lastAction":3,"status":0},{"playerId":157815,"score":1784,"energy":38,"posx":16,"posy":0,"lastAction":1,"status":0},{"playerId":2415753,"score":1950,"energy":45,"posx":15,"posy":6,"lastAction":5,"status":0}],"golds":[{"posx":7,"posy":0,"amount":50},{"posx":17,"posy":0,"amount":700},{"posx":20,"posy":2,"amount":150},{"posx":19,"posy":4,"amount":300},{"posx":16,"posy":5,"amount":250},{"posx":15,"posy":6,"amount":100},{"posx":19,"posy":6,"amount":300},{"posx":12,"posy":8,"amount":500},{"posx":18,"posy":8,"amount":300}],"changedObstacles":[{"type":0,"posx":16,"posy":0,"value":-1}]},{"players":[{"playerId":2299591,"score":1684,"energy":1,"posx":7,"posy":0,"lastAction":5,"status":0},{"playerId":5588,"score":1184,"energy":17,"posx":4,"posy":0,"lastAction":2,"status":0},{"playerId":157815,"score":1784,"energy":34,"posx":17,"posy":0,"lastAction":1,"status":0},{"playerId":2415753,"score":2000,"energy":40,"posx":15,"posy":6,"lastAction":5,"status":0}],"golds":[{"posx":17,"posy":0,"amount":700},{"posx":20,"posy":2,"amount":150},{"posx":19,"posy":4,"amount":300},{"posx":16,"posy":5,"amount":250},{"posx":15,"posy":6,"amount":50},{"posx":19,"posy":6,"amount":300},{"posx":12,"posy":8,"amount":500},{"posx":18,"posy":8,"amount":300}],"changedObstacles":[{"type":0,"posx":7,"posy":0,"value":-1}]},{"players":[{"playerId":2299591,"score":1684,"energy":13,"posx":7,"posy":0,"lastAction":4,"status":0},{"playerId":5588,"score":1184,"energy":16,"posx":5,"posy":0,"lastAction":1,"status":0},{"playerId":157815,"score":1834,"energy":29,"posx":17,"posy":0,"lastAction":5,"status":0},{"playerId":2415753,"score":2050,"energy":35,"posx":15,"posy":6,"lastAction":5,"status":0}],"golds":[{"posx":17,"posy":0,"amount":650},{"posx":20,"posy":2,"amount":150},{"posx":19,"posy":4,"amount":300},{"posx":16,"posy":5,"amount":250},{"posx":19,"posy":6,"amount":300},{"posx":12,"posy":8,"amount":500},{"posx":18,"posy":8,"amount":300}],"changedObstacles":[{"type":0,"posx":15,"posy":6,"value":-1}]},{"players":[{"playerId":2299591,"score":1684,"energy":29,"posx":7,"posy":0,"lastAction":4,"status":0},{"playerId":5588,"score":1184,"energy":15,"posx":6,"posy":0,"lastAction":1,"status":0},{"playerId":157815,"score":1884,"energy":24,"posx":17,"posy":0,"lastAction":5,"status":0},{"playerId":2415753,"score":2050,"energy":34,"posx":14,"posy":6,"lastAction":0,"status":0}],"golds":[{"posx":17,"posy":0,"amount":600},{"posx":20,"posy":2,"amount":150},{"posx":19,"posy":4,"amount":300},{"posx":16,"posy":5,"amount":250},{"posx":19,"posy":6,"amount":300},{"posx":12,"posy":8,"amount":500},{"posx":18,"posy":8,"amount":300}],"changedObstacles":[]},{"players":[{"playerId":2299591,"score":1684,"energy":28,"posx":7,"posy":1,"lastAction":3,"status":0},{"playerId":5588,"score":1184,"energy":14,"posx":7,"posy":0,"lastAction":1,"status":0},{"playerId":157815,"score":1934,"energy":19,"posx":17,"posy":0,"lastAction":5,"status":0},{"playerId":2415753,"score":2050,"energy":33,"posx":13,"posy":6,"lastAction":0,"status":0}],"golds":[{"posx":17,"posy":0,"amount":550},{"posx":20,"posy":2,"amount":150},{"posx":19,"posy":4,"amount":300},{"posx":16,"posy":5,"amount":250},{"posx":19,"posy":6,"amount":300},{"posx":12,"posy":8,"amount":500},{"posx":18,"posy":8,"amount":300}],"changedObstacles":[]},{"players":[{"playerId":2299591,"score":1684,"energy":27,"posx":8,"posy":1,"lastAction":1,"status":0},{"playerId":5588,"score":1184,"energy":13,"posx":7,"posy":1,"lastAction":3,"status":0},{"playerId":157815,"score":1984,"energy":14,"posx":17,"posy":0,"lastAction":5,"status":0},{"playerId":2415753,"score":2050,"energy":32,"posx":13,"posy":7,"lastAction":3,"status":0}],"golds":[{"posx":17,"posy":0,"amount":500},{"posx":20,"posy":2,"amount":150},{"posx":19,"posy":4,"amount":300},{"posx":16,"posy":5,"amount":250},{"posx":19,"posy":6,"amount":300},{"posx":12,"posy":8,"amount":500},{"posx":18,"posy":8,"amount":300}],"changedObstacles":[]},{"players":[{"playerId":2299591,"score":1684,"energy":26,"posx":8,"posy":2,"lastAction":3,"status":0},{"playerId":5588,"score":1184,"energy":12,"posx":8,"posy":1,"lastAction":1,"status":0},{"playerId":157815,"score":2034,"energy":9,"posx":17,"posy":0,"lastAction":5,"status":0},{"playerId":2415753,"score":2050,"energy":31,"posx":12,"posy":7,"lastAction":0,"status":0}],"golds":[{"posx":17,"posy":0,"amount":450},{"posx":20,"posy":2,"amount":150},{"posx":19,"posy":4,"amount":300},{"posx":16,"posy":5,"amount":250},{"posx":19,"posy":6,"amount":300},{"posx":12,"posy":8,"amount":500},{"posx":18,"posy":8,"amount":300}],"changedObstacles":[]},{"players":[{"playerId":2299591,"score":1684,"energy":25,"posx":9,"posy":2,"lastAction":1,"status":0},{"playerId":5588,"score":1184,"energy":11,"posx":8,"posy":2,"lastAction":3,"status":0},{"playerId":157815,"score":2084,"energy":4,"posx":17,"posy":0,"lastAction":5,"status":0},{"playerId":2415753,"score":2050,"energy":27,"posx":12,"posy":8,"lastAction":3,"status":0}],"golds":[{"posx":17,"posy":0,"amount":400},{"posx":20,"posy":2,"amount":150},{"posx":19,"posy":4,"amount":300},{"posx":16,"posy":5,"amount":250},{"posx":19,"posy":6,"amount":300},{"posx":12,"posy":8,"amount":500},{"posx":18,"posy":8,"amount":300}],"changedObstacles":[]},{"players":[{"playerId":2299591,"score":1684,"energy":24,"posx":10,"posy":2,"lastAction":1,"status":0},{"playerId":5588,"score":1184,"energy":10,"posx":9,"posy":2,"lastAction":1,"status":0},{"playerId":157815,"score":2084,"energy":16,"posx":17,"posy":0,"lastAction":4,"status":0},{"playerId":2415753,"score":2100,"energy":22,"posx":12,"posy":8,"lastAction":5,"status":0}],"golds":[{"posx":17,"posy":0,"amount":400},{"posx":20,"posy":2,"amount":150},{"posx":19,"posy":4,"amount":300},{"posx":16,"posy":5,"amount":250},{"posx":19,"posy":6,"amount":300},{"posx":12,"posy":8,"amount":450},{"posx":18,"posy":8,"amount":300}],"changedObstacles":[]},{"players":[{"playerId":2299591,"score":1684,"energy":23,"posx":11,"posy":2,"lastAction":1,"status":0},{"playerId":5588,"score":1184,"energy":9,"posx":10,"posy":2,"lastAction":1,"status":0},{"playerId":157815,"score":2084,"energy":32,"posx":17,"posy":0,"lastAction":4,"status":0},{"playerId":2415753,"score":2150,"energy":17,"posx":12,"posy":8,"lastAction":5,"status":0}],"golds":[{"posx":17,"posy":0,"amount":400},{"posx":20,"posy":2,"amount":150},{"posx":19,"posy":4,"amount":300},{"posx":16,"posy":5,"amount":250},{"posx":19,"posy":6,"amount":300},{"posx":12,"posy":8,"amount":400},{"posx":18,"posy":8,"amount":300}],"changedObstacles":[]},{"players":[{"playerId":2299591,"score":1684,"energy":22,"posx":11,"posy":3,"lastAction":3,"status":0},{"playerId":5588,"score":1184,"energy":21,"posx":10,"posy":2,"lastAction":4,"status":0},{"playerId":157815,"score":2084,"energy":50,"posx":17,"posy":0,"lastAction":4,"status":0},{"playerId":2415753,"score":2200,"energy":12,"posx":12,"posy":8,"lastAction":5,"status":0}],"golds":[{"posx":17,"posy":0,"amount":400},{"posx":20,"posy":2,"amount":150},{"posx":19,"posy":4,"amount":300},{"posx":16,"posy":5,"amount":250},{"posx":19,"posy":6,"amount":300},{"posx":12,"posy":8,"amount":350},{"posx":18,"posy":8,"amount":300}],"changedObstacles":[]},{"players":[{"playerId":2299591,"score":1684,"energy":21,"posx":11,"posy":4,"lastAction":3,"status":0},{"playerId":5588,"score":1184,"energy":20,"posx":10,"posy":3,"lastAction":3,"status":0},{"playerId":157815,"score":2134,"energy":45,"posx":17,"posy":0,"lastAction":5,"status":0},{"playerId":2415753,"score":2250,"energy":7,"posx":12,"posy":8,"lastAction":5,"status":0}],"golds":[{"posx":17,"posy":0,"amount":350},{"posx":20,"posy":2,"amount":150},{"posx":19,"posy":4,"amount":300},{"posx":16,"posy":5,"amount":250},{"posx":19,"posy":6,"amount":300},{"posx":12,"posy":8,"amount":300},{"posx":18,"posy":8,"amount":300}],"changedObstacles":[]},{"players":[{"playerId":2299591,"score":1684,"energy":20,"posx":11,"posy":5,"lastAction":3,"status":0},{"playerId":5588,"score":1184,"energy":19,"posx":10,"posy":4,"lastAction":3,"status":0},{"playerId":157815,"score":2184,"energy":40,"posx":17,"posy":0,"lastAction":5,"status":0},{"playerId":2415753,"score":2300,"energy":2,"posx":12,"posy":8,"lastAction":5,"status":0}],"golds":[{"posx":17,"posy":0,"amount":300},{"posx":20,"posy":2,"amount":150},{"posx":19,"posy":4,"amount":300},{"posx":16,"posy":5,"amount":250},{"posx":19,"posy":6,"amount":300},{"posx":12,"posy":8,"amount":250},{"posx":18,"posy":8,"amount":300}],"changedObstacles":[]},{"players":[{"playerId":2299591,"score":1684,"energy":19,"posx":11,"posy":6,"lastAction":3,"status":0},{"playerId":5588,"score":1184,"energy":18,"posx":10,"posy":5,"lastAction":3,"status":0},{"playerId":157815,"score":2234,"energy":35,"posx":17,"posy":0,"lastAction":5,"status":0},{"playerId":2415753,"score":2300,"energy":14,"posx":12,"posy":8,"lastAction":4,"status":0}],"golds":[{"posx":17,"posy":0,"amount":250},{"posx":20,"posy":2,"amount":150},{"posx":19,"posy":4,"amount":300},{"posx":16,"posy":5,"amount":250},{"posx":19,"posy":6,"amount":300},{"posx":12,"posy":8,"amount":250},{"posx":18,"posy":8,"amount":300}],"changedObstacles":[]},{"players":[{"playerId":2299591,"score":1684,"energy":31,"posx":11,"posy":6,"lastAction":4,"status":0},{"playerId":5588,"score":1184,"energy":17,"posx":10,"posy":6,"lastAction":3,"status":0},{"playerId":157815,"score":2284,"energy":30,"posx":17,"posy":0,"lastAction":5,"status":0},{"playerId":2415753,"score":2300,"energy":30,"posx":12,"posy":8,"lastAction":4,"status":0}],"golds":[{"posx":17,"posy":0,"amount":200},{"posx":20,"posy":2,"amount":150},{"posx":19,"posy":4,"amount":300},{"posx":16,"posy":5,"amount":250},{"posx":19,"posy":6,"amount":300},{"posx":12,"posy":8,"amount":250},{"posx":18,"posy":8,"amount":300}],"changedObstacles":[]},{"players":[{"playerId":2299591,"score":1684,"energy":30,"posx":11,"posy":7,"lastAction":3,"status":0},{"playerId":5588,"score":1184,"energy":16,"posx":11,"posy":6,"lastAction":1,"status":0},{"playerId":157815,"score":2334,"energy":25,"posx":17,"posy":0,"lastAction":5,"status":0},{"playerId":2415753,"score":2300,"energy":50,"posx":12,"posy":8,"lastAction":4,"status":0}],"golds":[{"posx":17,"posy":0,"amount":150},{"posx":20,"posy":2,"amount":150},{"posx":19,"posy":4,"amount":300},{"posx":16,"posy":5,"amount":250},{"posx":19,"posy":6,"amount":300},{"posx":12,"posy":8,"amount":250},{"posx":18,"posy":8,"amount":300}],"changedObstacles":[]},{"players":[{"playerId":2299591,"score":1684,"energy":29,"posx":12,"posy":7,"lastAction":1,"status":0},{"playerId":5588,"score":1184,"energy":15,"posx":11,"posy":7,"lastAction":3,"status":0},{"playerId":157815,"score":2384,"energy":20,"posx":17,"posy":0,"lastAction":5,"status":0},{"playerId":2415753,"score":2350,"energy":45,"posx":12,"posy":8,"lastAction":5,"status":0}],"golds":[{"posx":17,"posy":0,"amount":100},{"posx":20,"posy":2,"amount":150},{"posx":19,"posy":4,"amount":300},{"posx":16,"posy":5,"amount":250},{"posx":19,"posy":6,"amount":300},{"posx":12,"posy":8,"amount":200},{"posx":18,"posy":8,"amount":300}],"changedObstacles":[]},{"players":[{"playerId":2299591,"score":1684,"energy":25,"posx":12,"posy":8,"lastAction":3,"status":0},{"playerId":5588,"score":1184,"energy":14,"posx":12,"posy":7,"lastAction":1,"status":0},{"playerId":157815,"score":2434,"energy":15,"posx":17,"posy":0,"lastAction":5,"status":0},{"playerId":2415753,"score":2400,"energy":40,"posx":12,"posy":8,"lastAction":5,"status":0}],"golds":[{"posx":17,"posy":0,"amount":50},{"posx":20,"posy":2,"amount":150},{"posx":19,"posy":4,"amount":300},{"posx":16,"posy":5,"amount":250},{"posx":19,"posy":6,"amount":300},{"posx":12,"posy":8,"amount":150},{"posx":18,"posy":8,"amount":300}],"changedObstacles":[]},{"players":[{"playerId":2299591,"score":1734,"energy":20,"posx":12,"posy":8,"lastAction":5,"status":0},{"playerId":5588,"score":1184,"energy":10,"posx":12,"posy":8,"lastAction":3,"status":0},{"playerId":157815,"score":2484,"energy":10,"posx":17,"posy":0,"lastAction":5,"status":0},{"playerId":2415753,"score":2450,"energy":35,"posx":12,"posy":8,"lastAction":5,"status":0}],"golds":[{"posx":20,"posy":2,"amount":150},{"posx":19,"posy":4,"amount":300},{"posx":16,"posy":5,"amount":250},{"posx":19,"posy":6,"amount":300},{"posx":12,"posy":8,"amount":50},{"posx":18,"posy":8,"amount":300}],"changedObstacles":[{"type":0,"posx":17,"posy":0,"value":-1}]},{"players":[{"playerId":2299591,"score":1751,"energy":15,"posx":12,"posy":8,"lastAction":5,"status":0},{"playerId":5588,"score":1201,"energy":5,"posx":12,"posy":8,"lastAction":5,"status":0},{"playerId":157815,"score":2484,"energy":9,"posx":18,"posy":0,"lastAction":1,"status":0},{"playerId":2415753,"score":2467,"energy":30,"posx":12,"posy":8,"lastAction":5,"status":0}],"golds":[{"posx":20,"posy":2,"amount":150},{"posx":19,"posy":4,"amount":300},{"posx":16,"posy":5,"amount":250},{"posx":19,"posy":6,"amount":300},{"posx":18,"posy":8,"amount":300}],"changedObstacles":[{"type":0,"posx":12,"posy":8,"value":-1}]},{"players":[{"playerId":2299591,"score":1751,"energy":27,"posx":12,"posy":8,"lastAction":4,"status":0},{"playerId":5588,"score":1201,"energy":17,"posx":12,"posy":8,"lastAction":4,"status":0},{"playerId":157815,"score":2484,"energy":8,"posx":19,"posy":0,"lastAction":1,"status":0},{"playerId":2415753,"score":2467,"energy":29,"posx":12,"posy":7,"lastAction":2,"status":0}],"golds":[{"posx":20,"posy":2,"amount":150},{"posx":19,"posy":4,"amount":300},{"posx":16,"posy":5,"amount":250},{"posx":19,"posy":6,"amount":300},{"posx":18,"posy":8,"amount":300}],"changedObstacles":[]},{"players":[{"playerId":2299591,"score":1751,"energy":26,"posx":12,"posy":7,"lastAction":2,"status":0},{"playerId":5588,"score":1201,"energy":16,"posx":12,"posy":7,"lastAction":2,"status":0},{"playerId":157815,"score":2484,"energy":7,"posx":19,"posy":1,"lastAction":3,"status":0},{"playerId":2415753,"score":2467,"energy":28,"posx":13,"posy":7,"lastAction":1,"status":0}],"golds":[{"posx":20,"posy":2,"amount":150},{"posx":19,"posy":4,"amount":300},{"posx":16,"posy":5,"amount":250},{"posx":19,"posy":6,"amount":300},{"posx":18,"posy":8,"amount":300}],"changedObstacles":[]},{"players":[{"playerId":2299591,"score":1751,"energy":25,"posx":13,"posy":7,"lastAction":1,"status":0},{"playerId":5588,"score":1201,"energy":15,"posx":13,"posy":7,"lastAction":1,"status":0},{"playerId":157815,"score":2484,"energy":6,"posx":19,"posy":2,"lastAction":3,"status":0},{"playerId":2415753,"score":2467,"energy":27,"posx":13,"posy":6,"lastAction":2,"status":0}],"golds":[{"posx":20,"posy":2,"amount":150},{"posx":19,"posy":4,"amount":300},{"posx":16,"posy":5,"amount":250},{"posx":19,"posy":6,"amount":300},{"posx":18,"posy":8,"amount":300}],"changedObstacles":[]},{"players":[{"playerId":2299591,"score":1751,"energy":24,"posx":13,"posy":6,"lastAction":2,"status":0},{"playerId":5588,"score":1201,"energy":14,"posx":13,"posy":6,"lastAction":2,"status":0},{"playerId":157815,"score":2484,"energy":5,"posx":19,"posy":3,"lastAction":3,"status":0},{"playerId":2415753,"score":2467,"energy":26,"posx":14,"posy":6,"lastAction":1,"status":0}],"golds":[{"posx":20,"posy":2,"amount":150},{"posx":19,"posy":4,"amount":300},{"posx":16,"posy":5,"amount":250},{"posx":19,"posy":6,"amount":300},{"posx":18,"posy":8,"amount":300}],"changedObstacles":[]},{"players":[{"playerId":2299591,"score":1751,"energy":23,"posx":14,"posy":6,"lastAction":1,"status":0},{"playerId":5588,"score":1201,"energy":13,"posx":14,"posy":6,"lastAction":1,"status":0},{"playerId":157815,"score":2484,"energy":1,"posx":19,"posy":4,"lastAction":3,"status":0},{"playerId":2415753,"score":2467,"energy":25,"posx":15,"posy":6,"lastAction":1,"status":0}],"golds":[{"posx":20,"posy":2,"amount":150},{"posx":19,"posy":4,"amount":300},{"posx":16,"posy":5,"amount":250},{"posx":19,"posy":6,"amount":300},{"posx":18,"posy":8,"amount":300}],"changedObstacles":[]},{"players":[{"playerId":2299591,"score":1751,"energy":22,"posx":15,"posy":6,"lastAction":1,"status":0},{"playerId":5588,"score":1201,"energy":12,"posx":15,"posy":6,"lastAction":1,"status":0},{"playerId":157815,"score":2484,"energy":13,"posx":19,"posy":4,"lastAction":4,"status":0},{"playerId":2415753,"score":2467,"energy":24,"posx":16,"posy":6,"lastAction":1,"status":0}],"golds":[{"posx":20,"posy":2,"amount":150},{"posx":19,"posy":4,"amount":300},{"posx":16,"posy":5,"amount":250},{"posx":19,"posy":6,"amount":300},{"posx":18,"posy":8,"amount":300}],"changedObstacles":[]},{"players":[{"playerId":2299591,"score":1751,"energy":21,"posx":16,"posy":6,"lastAction":1,"status":0},{"playerId":5588,"score":1201,"energy":24,"posx":15,"posy":6,"lastAction":4,"status":0},{"playerId":157815,"score":2484,"energy":29,"posx":19,"posy":4,"lastAction":4,"status":0},{"playerId":2415753,"score":2467,"energy":20,"posx":16,"posy":5,"lastAction":2,"status":0}],"golds":[{"posx":20,"posy":2,"amount":150},{"posx":19,"posy":4,"amount":300},{"posx":16,"posy":5,"amount":250},{"posx":19,"posy":6,"amount":300},{"posx":18,"posy":8,"amount":300}],"changedObstacles":[]},{"players":[{"playerId":2299591,"score":1751,"energy":17,"posx":16,"posy":5,"lastAction":2,"status":0},{"playerId":5588,"score":1201,"energy":5,"posx":15,"posy":5,"lastAction":2,"status":0},{"playerId":157815,"score":2484,"energy":50,"posx":19,"posy":4,"lastAction":4,"status":0},{"playerId":2415753,"score":2517,"energy":15,"posx":16,"posy":5,"lastAction":5,"status":0}],"golds":[{"posx":20,"posy":2,"amount":150},{"posx":19,"posy":4,"amount":300},{"posx":16,"posy":5,"amount":200},{"posx":19,"posy":6,"amount":300},{"posx":18,"posy":8,"amount":300}],"changedObstacles":[]},{"players":[{"playerId":2299591,"score":1801,"energy":12,"posx":16,"posy":5,"lastAction":5,"status":0},{"playerId":5588,"score":1201,"energy":17,"posx":15,"posy":5,"lastAction":4,"status":0},{"playerId":157815,"score":2534,"energy":45,"posx":19,"posy":4,"lastAction":5,"status":0},{"playerId":2415753,"score":2567,"energy":10,"posx":16,"posy":5,"lastAction":5,"status":0}],"golds":[{"posx":20,"posy":2,"amount":150},{"posx":19,"posy":4,"amount":250},{"posx":16,"posy":5,"amount":100},{"posx":19,"posy":6,"amount":300},{"posx":18,"posy":8,"amount":300}],"changedObstacles":[]}]