[{"players":[{"playerId":675419,"score":0,"energy":49,"posx":7,"posy":8,"lastAction":0,"status":0},{"playerId":5588,"score":0,"energy":49,"posx":8,"posy":7,"lastAction":2,"status":0},{"playerId":2415753,"score":0,"energy":49,"posx":7,"posy":8,"lastAction":0,"status":0},{"playerId":1166,"score":0,"energy":49,"posx":8,"posy":7,"lastAction":2,"status":0}],"golds":[{"posx":20,"posy":2,"amount":150},{"posx":8,"posy":6,"amount":700},{"posx":19,"posy":4,"amount":300},{"posx":16,"posy":5,"amount":250},{"posx":17,"posy":0,"amount":700},{"posx":18,"posy":8,"amount":300},{"posx":8,"posy":4,"amount":250},{"posx":11,"posy":1,"amount":750},{"posx":12,"posy":8,"amount":500},{"posx":9,"posy":6,"amount":600},{"posx":6,"posy":5,"amount":750},{"posx":4,"posy":8,"amount":600},{"posx":19,"posy":6,"amount":300},{"posx":7,"posy":0,"amount":550},{"posx":7,"posy":4,"amount":450},{"posx":15,"posy":6,"amount":550},{"posx":6,"posy":3,"amount":250},{"posx":12,"posy":3,"amount":500},{"posx":2,"posy":3,"amount":100},{"posx":4,"posy":7,"amount":650}],"changedObstacles":[]},{"players":[{"playerId":675419,"score":0,"energy":48,"posx":6,"posy":8,"lastAction":0,"status":0},{"playerId":5588,"score":0,"energy":45,"posx":8,"posy":6,"lastAction":2,"status":0},{"playerId":2415753,"score":0,"energy":48,"posx":6,"posy":8,"lastAction":0,"status":0},{"playerId":1166,"score":0,"energy":45,"posx":8,"posy":6,"lastAction":2,"status":0}],"golds":[{"posx":20,"posy":2,"amount":150},{"posx":8,"posy":6,"amount":700},{"posx":19,"posy":4,"amount":300},{"posx":16,"posy":5,"amount":250},{"posx":17,"posy":0,"amount":700},{"posx":18,"posy":8,"amount":300},{"posx":8,"posy":4,"amount":250},{"posx":11,"posy":1,"amount":750},{"posx":12,"posy":8,"amount":500},{"posx":9,"posy":6,"amount":600},{"posx":6,"posy":5,"amount":750},{"posx":4,"posy":8,"amount":600},{"posx":19,"posy":6,"amount":300},{"posx":7,"posy":0,"amount":550},{"posx":7,"posy":4,"amount":450},{"posx":15,"posy":6,"amount":550},{"posx":6,"posy":3,"amount":250},{"posx":12,"posy":3,"amount":500},{"posx":2,"posy":3,"amount":100},{"posx":4,"posy":7,"amount":650}],"changedObstacles":[]},{"players":[{"playerId":675419,"score":0,"energy":47,"posx":6,"posy":7,"lastAction":2,"status":0},{"playerId":5588,"score":50,"energy":40,"posx":8,"posy":6,"lastAction":5,"status":0},{"playerId":2415753,"score":0,"energy":47,"posx":5,"posy":8,"lastAction":0,"status":0},{"playerId":1166,"score":50,"energy":40,"posx":8,"posy":6,"lastAction":5,"status":0}],"golds":[{"posx":7,"posy":0,"amount":550},{"posx":17,"posy":0,"amount":700},{"posx":11,"posy":1,"amount":750},{"posx":20,"posy":2,"amount":150},{"posx":2,"posy":3,"amount":100},{"posx":6,"posy":3,"amount":250},{"posx":12,"posy":3,"amount":500},{"posx":7,"posy":4,"amount":450},{"posx":8,"posy":4,"amount":250},{"posx":19,"posy":4,"amount":300},{"posx":6,"posy":5,"amount":750},{"posx":16,"posy":5,"amount":250},{"posx":8,"posy":6,"amount":600},{"posx":9,"posy":6,"amount":600},{"posx":15,"posy":6,"amount":550},{"posx":19,"posy":6,"amount":300},{"posx":4,"posy":7,"amount":650},{"posx":4,"posy":8,"amount":600},{"posx":12,"posy":8,"amount":500},{"posx":18,"posy":8,"amount":300}],"changedObstacles":[]},{"players":[{"playerId":675419,"score":0,"energy":46,"posx":6,"posy":6,"lastAction":2,"status":0},{"playerId":5588,"score":100,"energy":35,"posx":8,"posy":6,"lastAction":5,"status":0},{"playerId":2415753,"score":0,"energy":43,"posx":4,"posy":8,"lastAction":0,"status":0},{"playerId":1166,"score":100,"energy":35,"posx":8,"posy":6,"lastAction":5,"status":0}],"golds":[{"posx":7,"posy":0,"amount":550},{"posx":17,"posy":0,"amount":700},{"posx":11,"posy":1,"amount":750},{"posx":20,"posy":2,"amount":150},{"posx":2,"posy":3,"amount":100},{"posx":6,"posy":3,"amount":250},{"posx":12,"posy":3,"amount":500},{"posx":7,"posy":4,"amount":450},{"posx":8,"posy":4,"amount":250},{"posx":19,"posy":4,"amount":300},{"posx":6,"posy":5,"amount":750},{"posx":16,"posy":5,"amount":250},{"posx":8,"posy":6,"amount":500},{"posx":9,"posy":6,"amount":600},{"posx":15,"posy":6,"amount":550},{"posx":19,"posy":6,"amount":300},{"posx":4,"posy":7,"amount":650},{"posx":4,"posy":8,"amount":600},{"posx":12,"posy":8,"amount":500},{"posx":18,"posy":8,"amount":300}],"changedObstacles":[]},{"players":[{"playerId":675419,"score":0,"energy":42,"posx":6,"posy":5,"lastAction":2,"status":0},{"playerId":5588,"score":150,"energy":30,"posx":8,"posy":6,"lastAction":5,"status":0},{"playerId":2415753,"score":50,"energy":38,"posx":4,"posy":8,"lastAction":5,"status":0},{"playerId":1166,"score":150,"energy":30,"posx":8,"posy":6,"lastAction":5,"status":0}],"golds":[{"posx":7,"posy":0,"amount":550},{"posx":17,"posy":0,"amount":700},{"posx":11,"posy":1,"amount":750},{"posx":20,"posy":2,"amount":150},{"posx":2,"posy":3,"amount":100},{"posx":6,"posy":3,"amount":250},{"posx":12,"posy":3,"amount":500},{"posx":7,"posy":4,"amount":450},{"posx":8,"posy":4,"amount":250},{"posx":19,"posy":4,"amount":300},{"posx":6,"posy":5,"amount":750},{"posx":16,"posy":5,"amount":250},{"posx":8,"posy":6,"amount":400},{"posx":9,"posy":6,"amount":600},{"posx":15,"posy":6,"amount":550},{"posx":19,"posy":6,"amount":300},{"posx":4,"posy":7,"amount":650},{"posx":4,"posy":8,"amount":550},{"posx":12,"posy":8,"amount":500},{"posx":18,"posy":8,"amount":300}],"changedObstacles":[]},{"players":[{"playerId":675419,"score":50,"energy":37,"posx":6,"posy":5,"lastAction":5,"status":0},{"playerId":5588,"score":200,"energy":25,"posx":8,"posy":6,"lastAction":5,"status":0},{"playerId":2415753,"score":100,"energy":33,"posx":4,"posy":8,"lastAction":5,"status":0},{"playerId":1166,"score":200,"energy":25,"posx":8,"posy":6,"lastAction":5,"status":0}],"golds":[{"posx":7,"posy":0,"amount":550},{"posx":17,"posy":0,"amount":700},{"posx":11,"posy":1,"amount":750},{"posx":20,"posy":2,"amount":150},{"posx":2,"posy":3,"amount":100},{"posx":6,"posy":3,"amount":250},{"posx":12,"posy":3,"amount":500},{"posx":7,"posy":4,"amount":450},{"posx":8,"posy":4,"amount":250},{"posx":19,"posy":4,"amount":300},{"posx":6,"posy":5,"amount":700},{"posx":16,"posy":5,"amount":250},{"posx":8,"posy":6,"amount":300},{"posx":9,"posy":6,"amount":600},{"posx":15,"posy":6,"amount":550},{"posx":19,"posy":6,"amount":300},{"posx":4,"posy":7,"amount":650},{"posx":4,"posy":8,"amount":500},{"posx":12,"posy":8,"amount":500},{"posx":18,"posy":8,"amount":300}],"changedObstacles":[]},{"players":[{"playerId":675419,"score":100,"energy":32,"posx":6,"posy":5,"lastAction":5,"status":0},{"playerId":5588,"score":250,"energy":20,"posx":8,"posy":6,"lastAction":5,"status":0},{"playerId":2415753,"score":150,"energy":28,"posx":4,"posy":8,"lastAction":5,"status":0},{"playerId":1166,"score":250,"energy":20,"posx":8,"posy":6,"lastAction":5,"status":0}],"golds":[{"posx":7,"posy":0,"amount":550},{"posx":17,"posy":0,"amount":700},{"posx":11,"posy":1,"amount":750},{"posx":20,"posy":2,"amount":150},{"posx":2,"posy":3,"amount":100},{"posx":6,"posy":3,"amount":250},{"posx":12,"posy":3,"amount":500},{"posx":7,"posy":4,"amount":450},{"posx":8,"posy":4,"amount":250},{"posx":19,"posy":4,"amount":300},{"posx":6,"posy":5,"amount":650},{"posx":16,"posy":5,"amount":250},{"posx":8,"posy":6,"amount":200},{"posx":9,"posy":6,"amount":600},{"posx":15,"posy":6,"amount":550},{"posx":19,"posy":6,"amount":300},{"posx":4,"posy":7,"amount":650},{"posx":4,"posy":8,"amount":450},{"posx":12,"posy":8,"amount":500},{"posx":18,"posy":8,"amount":300}],"changedObstacles":[]},{"players":[{"playerId":675419,"score":150,"energy":27,"posx":6,"posy":5,"lastAction":5,"status":0},{"playerId":5588,"score":300,"energy":15,"posx":8,"posy":6,"lastAction":5,"status":0},{"playerId":2415753,"score":200,"energy":23,"posx":4,"posy":8,"lastAction":5,"status":0},{"playerId":1166,"score":300,"energy":15,"posx":8,"posy":6,"lastAction":5,"status":0}],"golds":[{"posx":7,"posy":0,"amount":550},{"posx":17,"posy":0,"amount":700},{"posx":11,"posy":1,"amount":750},{"posx":20,"posy":2,"amount":150},{"posx":2,"posy":3,"amount":100},{"posx":6,"posy":3,"amount":250},{"posx":12,"posy":3,"amount":500},{"posx":7,"posy":4,"amount":450},{"posx":8,"posy":4,"amount":250},{"posx":19,"posy":4,"amount":300},{"posx":6,"posy":5,"amount":600},{"posx":16,"posy":5,"amount":250},{"posx":8,"posy":6,"amount":100},{"posx":9,"posy":6,"amount":600},{"posx":15,"posy":6,"amount":550},{"posx":19,"posy":6,"amount":300},{"posx":4,"posy":7,"amount":650},{"posx":4,"posy":8,"amount":400},{"posx":12,"posy":8,"amount":500},{"posx":18,"posy":8,"amount":300}],"changedObstacles":[]},{"players":[{"playerId":675419,"score":200,"energy":22,"posx":6,"posy":5,"lastAction":5,"status":0},{"playerId":5588,"score":350,"energy":10,"posx":8,"posy":6,"lastAction":5,"status":0},{"playerId":2415753,"score":250,"energy":18,"posx":4,"posy":8,"lastAction":5,"status":0},{"playerId":1166,"score":350,"energy":10,"posx":8,"posy":6,"lastAction":5,"status":0}],"golds":[{"posx":7,"posy":0,"amount":550},{"posx":17,"posy":0,"amount":700},{"posx":11,"posy":1,"amount":750},{"posx":20,"posy":2,"amount":150},{"posx":2,"posy":3,"amount":100},{"posx":6,"posy":3,"amount":250},{"posx":12,"posy":3,"amount":500},{"posx":7,"posy":4,"amount":450},{"posx":8,"posy":4,"amount":250},{"posx":19,"posy":4,"amount":300},{"posx":6,"posy":5,"amount":550},{"posx":16,"posy":5,"amount":250},{"posx":9,"posy":6,"amount":600},{"posx":15,"posy":6,"amount":550},{"posx":19,"posy":6,"amount":300},{"posx":4,"posy":7,"amount":650},{"posx":4,"posy":8,"amount":350},{"posx":12,"posy":8,"amount":500},{"posx":18,"posy":8,"amount":300}],"changedObstacles":[{"type":0,"posx":8,"posy":6,"value":-1}]},{"players":[{"playerId":675419,"score":250,"energy":17,"posx":6,"posy":5,"lastAction":5,"status":0},{"playerId":5588,"score":350,"energy":6,"posx":9,"posy":6,"lastAction":1,"status":0},{"playerId":2415753,"score":300,"energy":13,"posx":4,"posy":8,"lastAction":5,"status":0},{"playerId":1166,"score":350,"energy":6,"posx":9,"posy":6,"lastAction":1,"status":0}],"golds":[{"posx":7,"posy":0,"amount":550},{"posx":17,"posy":0,"amount":700},{"posx":11,"posy":1,"amount":750},{"posx":20,"posy":2,"amount":150},{"posx":2,"posy":3,"amount":100},{"posx":6,"posy":3,"amount":250},{"posx":12,"posy":3,"amount":500},{"posx":7,"posy":4,"amount":450},{"posx":8,"posy":4,"amount":250},{"posx":19,"posy":4,"amount":300},{"posx":6,"posy":5,"amount":500},{"posx":16,"posy":5,"amount":250},{"posx":9,"posy":6,"amount":600},{"posx":15,"posy":6,"amount":550},{"posx":19,"posy":6,"amount":300},{"posx":4,"posy":7,"amount":650},{"posx":4,"posy":8,"amount":300},{"posx":12,"posy":8,"amount":500},{"posx":18,"posy":8,"amount":300}],"changedObstacles":[]},{"players":[{"playerId":675419,"score":300,"energy":12,"posx":6,"posy":5,"lastAction":5,"status":0},{"playerId":5588,"score":350,"energy":18,"posx":9,"posy":6,"lastAction":4,"status":0},{"playerId":2415753,"score":350,"energy":8,"posx":4,"posy":8,"lastAction":5,"status":0},{"playerId":1166,"score":400,"energy":1,"posx":9,"posy":6,"lastAction":5,"status":0}],"golds":[{"posx":7,"posy":0,"amount":550},{"posx":17,"posy":0,"amount":700},{"posx":11,"posy":1,"amount":750},{"posx":20,"posy":2,"amount":150},{"posx":2,"posy":3,"amount":100},{"posx":6,"posy":3,"amount":250},{"posx":12,"posy":3,"amount":500},{"posx":7,"posy":4,"amount":450},{"posx":8,"posy":4,"amount":250},{"posx":19,"posy":4,"amount":300},{"posx":6,"posy":5,"amount":450},{"posx":16,"posy":5,"amount":250},{"posx":9,"posy":6,"amount":550},{"posx":15,"posy":6,"amount":550},{"posx":19,"posy":6,"amount":300},{"posx":4,"posy":7,"amount":650},{"posx":4,"posy":8,"amount":250},{"posx":12,"posy":8,"amount":500},{"posx":18,"posy":8,"amount":300}],"changedObstacles":[]},{"players":[{"playerId":675419,"score":350,"energy":7,"posx":6,"posy":5,"lastAction":5,"status":0},{"playerId":5588,"score":400,"energy":13,"posx":9,"posy":6,"lastAction":5,"status":0},{"playerId":2415753,"score":400,"energy":3,"posx":4,"posy":8,"lastAction":5,"status":0},{"playerId":1166,"score":400,"energy":13,"posx":9,"posy":6,"lastAction":4,"status":0}],"golds":[{"posx":7,"posy":0,"amount":550},{"posx":17,"posy":0,"amount":700},{"posx":11,"posy":1,"amount":750},{"posx":20,"posy":2,"amount":150},{"posx":2,"posy":3,"amount":100},{"posx":6,"posy":3,"amount":250},{"posx":12,"posy":3,"amount":500},{"posx":7,"posy":4,"amount":450},{"posx":8,"posy":4,"amount":250},{"posx":19,"posy":4,"amount":300},{"posx":6,"posy":5,"amount":400},{"posx":16,"posy":5,"amount":250},{"posx":9,"posy":6,"amount":500},{"posx":15,"posy":6,"amount":550},{"posx":19,"posy":6,"amount":300},{"posx":4,"posy":7,"amount":650},{"posx":4,"posy":8,"amount":200},{"posx":12,"posy":8,"amount":500},{"posx":18,"posy":8,"amount":300}],"changedObstacles":[]},{"players":[{"playerId":675419,"score":400,"energy":2,"posx":6,"posy":5,"lastAction":5,"status":0},{"playerId":5588,"score":450,"energy":8,"posx":9,"posy":6,"lastAction":5,"status":0},{"playerId":2415753,"score":400,"energy":15,"posx":4,"posy":8,"lastAction":4,"status":0},{"playerId":1166,"score":400,"energy":29,"posx":9,"posy":6,"lastAction":4,"status":0}],"golds":[{"posx":7,"posy":0,"amount":550},{"posx":17,"posy":0,"amount":700},{"posx":11,"posy":1,"amount":750},{"posx":20,"posy":2,"amount":150},{"posx":2,"posy":3,"amount":100},{"posx":6,"posy":3,"amount":250},{"posx":12,"posy":3,"amount":500},{"posx":7,"posy":4,"amount":450},{"posx":8,"posy":4,"amount":250},{"posx":19,"posy":4,"amount":300},{"posx":6,"posy":5,"amount":350},{"posx":16,"posy":5,"amount":250},{"posx":9,"posy":6,"amount":450},{"posx":15,"posy":6,"amount":550},{"posx":19,"posy":6,"amount":300},{"posx":4,"posy":7,"amount":650},{"posx":4,"posy":8,"amount":200},{"posx":12,"posy":8,"amount":500},{"posx":18,"posy":8,"amount":300}],"changedObstacles":[]},{"players":[{"playerId":675419,"score":400,"energy":14,"posx":6,"posy":5,"lastAction":4,"status":0},{"playerId":5588,"score":450,"energy":20,"posx":9,"posy":6,"lastAction":4,"status":0},{"playerId":2415753,"score":400,"energy":31,"posx":4,"posy":8,"lastAction":4,"status":0},{"playerId":1166,"score":450,"energy":24,"posx":9,"posy":6,"lastAction":5,"status":0}],"golds":[{"posx":7,"posy":0,"amount":550},{"posx":17,"posy":0,"amount":700},{"posx":11,"posy":1,"amount":750},{"posx":20,"posy":2,"amount":150},{"posx":2,"posy":3,"amount":100},{"posx":6,"posy":3,"amount":250},{"posx":12,"posy":3,"amount":500},{"posx":7,"posy":4,"amount":450},{"posx":8,"posy":4,"amount":250},{"posx":19,"posy":4,"amount":300},{"posx":6,"posy":5,"amount":350},{"posx":16,"posy":5,"amount":250},{"posx":9,"posy":6,"amount":400},{"posx":15,"posy":6,"amount":550},{"posx":19,"posy":6,"amount":300},{"posx":4,"posy":7,"amount":650},{"posx":4,"posy":8,"amount":200},{"posx":12,"posy":8,"amount":500},{"posx":18,"posy":8,"amount":300}],"changedObstacles":[]},{"players":[{"playerId":675419,"score":400,"energy":30,"posx":6,"posy":5,"lastAction":4,"status":0},{"playerId":5588,"score":500,"energy":15,"posx":9,"posy":6,"lastAction":5,"status":0},{"playerId":2415753,"score":400,"energy":50,"posx":4,"posy":8,"lastAction":4,"status":0},{"playerId":1166,"score":500,"energy":19,"posx":9,"posy":6,"lastAction":5,"status":0}],"golds":[{"posx":7,"posy":0,"amount":550},{"posx":17,"posy":0,"amount":700},{"posx":11,"posy":1,"amount":750},{"posx":20,"posy":2,"amount":150},{"posx":2,"posy":3,"amount":100},{"posx":6,"posy":3,"amount":250},{"posx":12,"posy":3,"amount":500},{"posx":7,"posy":4,"amount":450},{"posx":8,"posy":4,"amount":250},{"posx":19,"posy":4,"amount":300},{"posx":6,"posy":5,"amount":350},{"posx":16,"posy":5,"amount":250},{"posx":9,"posy":6,"amount":300},{"posx":15,"posy":6,"amount":550},{"posx":19,"posy":6,"amount":300},{"posx":4,"posy":7,"amount":650},{"posx":4,"posy":8,"amount":200},{"posx":12,"posy":8,"amount":500},{"posx":18,"posy":8,"amount":300}],"changedObstacles":[]},{"players":[{"playerId":675419,"score":450,"energy":25,"posx":6,"posy":5,"lastAction":5,"status":0},{"playerId":5588,"score":550,"energy":10,"posx":9,"posy":6,"lastAction":5,"status":0},{"playerId":2415753,"score":450,"energy":45,"posx":4,"posy":8,"lastAction":5,"status":0},{"playerId":1166,"score":550,"energy":14,"posx":9,"posy":6,"lastAction":5,"status":0}],"golds":[{"posx":7,"posy":0,"amount":550},{"posx":17,"posy":0,"amount":700},{"posx":11,"posy":1,"amount":750},{"posx":20,"posy":2,"amount":150},{"posx":2,"posy":3,"amount":100},{"posx":6,"posy":3,"amount":250},{"posx":12,"posy":3,"amount":500},{"posx":7,"posy":4,"amount":450},{"posx":8,"posy":4,"amount":250},{"posx":19,"posy":4,"amount":300},{"posx":6,"posy":5,"amount":300},{"posx":16,"posy":5,"amount":250},{"posx":9,"posy":6,"amount":200},{"posx":15,"posy":6,"amount":550},{"posx":19,"posy":6,"amount":300},{"posx":4,"posy":7,"amount":650},{"posx":4,"posy":8,"amount":150},{"posx":12,"posy":8,"amount":500},{"posx":18,"posy":8,"amount":300}],"changedObstacles":[]},{"players":[{"playerId":675419,"score":500,"energy":20,"posx":6,"posy":5,"lastAction":5,"status":0},{"playerId":5588,"score":600,"energy":5,"posx":9,"posy":6,"lastAction":5,"status":0},{"playerId":2415753,"score":500,"energy":40,"posx":4,"posy":8,"lastAction":5,"status":0},{"playerId":1166,"score":600,"energy":9,"posx":9,"posy":6,"lastAction":5,"status":0}],"golds":[{"posx":7,"posy":0,"amount":550},{"posx":17,"posy":0,"amount":700},{"posx":11,"posy":1,"amount":750},{"posx":20,"posy":2,"amount":150},{"posx":2,"posy":3,"amount":100},{"posx":6,"posy":3,"amount":250},{"posx":12,"posy":3,"amount":500},{"posx":7,"posy":4,"amount":450},{"posx":8,"posy":4,"amount":250},{"posx":19,"posy":4,"amount":300},{"posx":6,"posy":5,"amount":250},{"posx":16,"posy":5,"amount":250},{"posx":9,"posy":6,"amount":100},{"posx":15,"posy":6,"amount":550},{"posx":19,"posy":6,"amount":300},{"posx":4,"posy":7,"amount":650},{"posx":4,"posy":8,"amount":100},{"posx":12,"posy":8,"amount":500},{"posx":18,"posy":8,"amount":300}],"changedObstacles":[]},{"players":[{"playerId":675419,"score":550,"energy":15,"posx":6,"posy":5,"lastAction":5,"status":0},{"playerId":5588,"score":600,"energy":17,"posx":9,"posy":6,"lastAction":4,"status":0},{"playerId":2415753,"score":550,"energy":35,"posx":4,"posy":8,"lastAction":5,"status":0},{"playerId":1166,"score":650,"energy":4,"posx":9,"posy":6,"lastAction":5,"status":0}],"golds":[{"posx":7,"posy":0,"amount":550},{"posx":17,"posy":0,"amount":700},{"posx":11,"posy":1,"amount":750},{"posx":20,"posy":2,"amount":150},{"posx":2,"posy":3,"amount":100},{"posx":6,"posy":3,"amount":250},{"posx":12,"posy":3,"amount":500},{"posx":7,"posy":4,"amount":450},{"posx":8,"posy":4,"amount":250},{"posx":19,"posy":4,"amount":300},{"posx":6,"posy":5,"amount":200},{"posx":16,"posy":5,"amount":250},{"posx":9,"posy":6,"amount":50},{"posx":15,"posy":6,"amount":550},{"posx":19,"posy":6,"amount":300},{"posx":4,"posy":7,"amount":650},{"posx":4,"posy":8,"amount":50},{"posx":12,"posy":8,"amount":500},{"posx":18,"posy":8,"amount":300}],"changedObstacles":[]},{"players":[{"playerId":675419,"score":600,"energy":10,"posx":6,"posy":5,"lastAction":5,"status":0},{"playerId":5588,"score":650,"energy":12,"posx":9,"posy":6,"lastAction":5,"status":0},{"playerId":2415753,"score":600,"energy":30,"posx":4,"posy":8,"lastAction":5,"status":0},{"playerId":1166,"score":650,"energy":16,"posx":9,"posy":6,"lastAction":4,"status":0}],"golds":[{"posx":7,"posy":0,"amount":550},{"posx":17,"posy":0,"amount":700},{"posx":11,"posy":1,"amount":750},{"posx":20,"posy":2,"amount":150},{"posx":2,"posy":3,"amount":100},{"posx":6,"posy":3,"amount":250},{"posx":12,"posy":3,"amount":500},{"posx":7,"posy":4,"amount":450},{"posx":8,"posy":4,"amount":250},{"posx":19,"posy":4,"amount":300},{"posx":6,"posy":5,"amount":150},{"posx":16,"posy":5,"amount":250},{"posx":15,"posy":6,"amount":550},{"posx":19,"posy":6,"amount":300},{"posx":4,"posy":7,"amount":650},{"posx":12,"posy":8,"amount":500},{"posx":18,"posy":8,"amount":300}],"changedObstacles":[{"type":0,"posx":9,"posy":6,"value":-1},{"type":0,"posx":4,"posy":8,"value":-1}]},{"players":[{"playerId":675419,"score":650,"energy":5,"posx":6,"posy":5,"lastAction":5,"status":0},{"playerId":5588,"score":650,"energy":11,"posx":8,"posy":6,"lastAction":0,"status":0},{"playerId":2415753,"score":600,"energy":26,"posx":4,"posy":7,"lastAction":2,"status":0},{"playerId":1166,"score":650,"energy":32,"posx":9,"posy":6,"lastAction":4,"status":0}],"golds":[{"posx":7,"posy":0,"amount":550},{"posx":17,"posy":0,"amount":700},{"posx":11,"posy":1,"amount":750},{"posx":20,"posy":2,"amount":150},{"posx":2,"posy":3,"amount":100},{"posx":6,"posy":3,"amount":250},{"posx":12,"posy":3,"amount":500},{"posx":7,"posy":4,"amount":450},{"posx":8,"posy":4,"amount":250},{"posx":19,"posy":4,"amount":300},{"posx":6,"posy":5,"amount":100},{"posx":16,"posy":5,"amount":250},{"posx":15,"posy":6,"amount":550},{"posx":19,"posy":6,"amount":300},{"posx":4,"posy":7,"amount":650},{"posx":12,"posy":8,"amount":500},{"posx":18,"posy":8,"amount":300}],"changedObstacles":[]},{"players":[{"playerId":675419,"score":650,"energy":17,"posx":6,"posy":5,"lastAction":4,"status":0},{"playerId":5588,"score":650,"energy":10,"posx":8,"posy":5,"lastAction":2,"status":0},{"playerId":2415753,"score":650,"energy":21,"posx":4,"posy":7,"lastAction":5,"status":0},{"playerId":1166,"score":650,"energy":50,"posx":9,"posy":6,"lastAction":4,"status":0}],"golds":[{"posx":7,"posy":0,"amount":550},{"posx":17,"posy":0,"amount":700},{"posx":11,"posy":1,"amount":750},{"posx":20,"posy":2,"amount":150},{"posx":2,"posy":3,"amount":100},{"posx":6,"posy":3,"amount":250},{"posx":12,"posy":3,"amount":500},{"posx":7,"posy":4,"amount":450},{"posx":8,"posy":4,"amount":250},{"posx":19,"posy":4,"amount":300},{"posx":6,"posy":5,"amount":100},{"posx":16,"posy":5,"amount":250},{"posx":15,"posy":6,"amount":550},{"posx":19,"posy":6,"amount":300},{"posx":4,"posy":7,"amount":600},{"posx":12,"posy":8,"amount":500},{"posx":18,"posy":8,"amount":300}],"changedObstacles":[]},{"players":[{"playerId":675419,"score":650,"energy":33,"posx":6,"posy":5,"lastAction":4,"status":0},{"playerId":5588,"score":650,"energy":6,"posx":8,"posy":4,"lastAction":2,"status":0},{"playerId":2415753,"score":700,"energy":16,"posx":4,"posy":7,"lastAction":5,"status":0},{"playerId":1166,"score":650,"energy":49,"posx":10,"posy":6,"lastAction":1,"status":0}],"golds":[{"posx":7,"posy":0,"amount":550},{"posx":17,"posy":0,"amount":700},{"posx":11,"posy":1,"amount":750},{"posx":20,"posy":2,"amount":150},{"posx":2,"posy":3,"amount":100},{"posx":6,"posy":3,"amount":250},{"posx":12,"posy":3,"amount":500},{"posx":7,"posy":4,"amount":450},{"posx":8,"posy":4,"amount":250},{"posx":19,"posy":4,"amount":300},{"posx":6,"posy":5,"amount":100},{"posx":16,"posy":5,"amount":250},{"posx":15,"posy":6,"amount":550},{"posx":19,"posy":6,"amount":300},{"posx":4,"posy":7,"amount":550},{"posx":12,"posy":8,"amount":500},{"posx":18,"posy":8,"amount":300}],"changedObstacles":[]},{"players":[{"playerId":675419,"score":700,"energy":28,"posx":6,"posy":5,"lastAction":5,"status":0},{"playerId":5588,"score":650,"energy":18,"posx":8,"posy":4,"lastAction":4,"status":0},{"playerId":2415753,"score":750,"energy":11,"posx":4,"posy":7,"lastAction":5,"status":0},{"playerId":1166,"score":650,"energy":48,"posx":11,"posy":6,"lastAction":1,"status":0}],"golds":[{"posx":7,"posy":0,"amount":550},{"posx":17,"posy":0,"amount":700},{"posx":11,"posy":1,"amount":750},{"posx":20,"posy":2,"amount":150},{"posx":2,"posy":3,"amount":100},{"posx":6,"posy":3,"amount":250},{"posx":12,"posy":3,"amount":500},{"posx":7,"posy":4,"amount":450},{"posx":8,"posy":4,"amount":250},{"posx":19,"posy":4,"amount":300},{"posx":6,"posy":5,"amount":50},{"posx":16,"posy":5,"amount":250},{"posx":15,"posy":6,"amount":550},{"posx":19,"posy":6,"amount":300},{"posx":4,"posy":7,"amount":500},{"posx":12,"posy":8,"amount":500},{"posx":18,"posy":8,"amount":300}],"changedObstacles":[]},{"players":[{"playerId":675419,"score":750,"energy":23,"posx":6,"posy":5,"lastAction":5,"status":0},{"playerId":5588,"score":700,"energy":13,"posx":8,"posy":4,"lastAction":5,"status":0},{"playerId":2415753,"score":800,"energy":6,"posx":4,"posy":7,"lastAction":5,"status":0},{"playerId":1166,"score":650,"energy":47,"posx":11,"posy":5,"lastAction":2,"status":0}],"golds":[{"posx":7,"posy":0,"amount":550},{"posx":17,"posy":0,"amount":700},{"posx":11,"posy":1,"amount":750},{"posx":20,"posy":2,"amount":150},{"posx":2,"posy":3,"amount":100},{"posx":6,"posy":3,"amount":250},{"posx":12,"posy":3,"amount":500},{"posx":7,"posy":4,"amount":450},{"posx":8,"posy":4,"amount":200},{"posx":19,"posy":4,"amount":300},{"posx":16,"posy":5,"amount":250},{"posx":15,"posy":6,"amount":550},{"posx":19,"posy":6,"amount":300},{"posx":4,"posy":7,"amount":450},{"posx":12,"posy":8,"amount":500},{"posx":18,"posy":8,"amount":300}],"changedObstacles":[{"type":0,"posx":6,"posy":5,"value":-1}]},{"players":[{"playerId":675419,"score":750,"energy":22,"posx":7,"posy":5,"lastAction":1,"status":0},{"playerId":5588,"score":750,"energy":8,"posx":8,"posy":4,"lastAction":5,"status":0},{"playerId":2415753,"score":850,"energy":1,"posx":4,"posy":7,"lastAction":5,"status":0},{"playerId":1166,"score":650,"energy":46,"posx":11,"posy":4,"lastAction":2,"status":0}],"golds":[{"posx":7,"posy":0,"amount":550},{"posx":17,"posy":0,"amount":700},{"posx":11,"posy":1,"amount":750},{"posx":20,"posy":2,"amount":150},{"posx":2,"posy":3,"amount":100},{"posx":6,"posy":3,"amount":250},{"posx":12,"posy":3,"amount":500},{"posx":7,"posy":4,"amount":450},{"posx":8,"posy":4,"amount":150},{"posx":19,"posy":4,"amount":300},{"posx":16,"posy":5,"amount":250},{"posx":15,"posy":6,"amount":550},{"posx":19,"posy":6,"amount":300},{"posx":4,"posy":7,"amount":400},{"posx":12,"posy":8,"amount":500},{"posx":18,"posy":8,"amount":300}],"changedObstacles":[]},{"players":[{"playerId":675419,"score":750,"energy":18,"posx":7,"posy":4,"lastAction":2,"status":0},{"playerId":5588,"score":750,"energy":20,"posx":8,"posy":4,"lastAction":4,"status":0},{"playerId":2415753,"score":850,"energy":13,"posx":4,"posy":7,"lastAction":4,"status":0},{"playerId":1166,"score":650,"energy":45,"posx":11,"posy":3,"lastAction":2,"status":0}],"golds":[{"posx":7,"posy":0,"amount":550},{"posx":17,"posy":0,"amount":700},{"posx":11,"posy":1,"amount":750},{"posx":20,"posy":2,"amount":150},{"posx":2,"posy":3,"amount":100},{"posx":6,"posy":3,"amount":250},{"posx":12,"posy":3,"amount":500},{"posx":7,"posy":4,"amount":450},{"posx":8,"posy":4,"amount":150},{"posx":19,"posy":4,"amount":300},{"posx":16,"posy":5,"amount":250},{"posx":15,"posy":6,"amount":550},{"posx":19,"posy":6,"amount":300},{"posx":4,"posy":7,"amount":400},{"posx":12,"posy":8,"amount":500},{"posx":18,"posy":8,"amount":300}],"changedObstacles":[]},{"players":[{"playerId":675419,"score":800,"energy":13,"posx":7,"posy":4,"lastAction":5,"status":0},{"playerId":5588,"score":800,"energy":15,"posx":8,"posy":4,"lastAction":5,"status":0},{"playerId":2415753,"score":850,"energy":29,"posx":4,"posy":7,"lastAction":4,"status":0},{"playerId":1166,"score":650,"energy":41,"posx":12,"posy":3,"lastAction":1,"status":0}],"golds":[{"posx":7,"posy":0,"amount":550},{"posx":17,"posy":0,"amount":700},{"posx":11,"posy":1,"amount":750},{"posx":20,"posy":2,"amount":150},{"posx":2,"posy":3,"amount":100},{"posx":6,"posy":3,"amount":250},{"posx":12,"posy":3,"amount":500},{"posx":7,"posy":4,"amount":400},{"posx":8,"posy":4,"amount":100},{"posx":19,"posy":4,"amount":300},{"posx":16,"posy":5,"amount":250},{"posx":15,"posy":6,"amount":550},{"posx":19,"posy":6,"amount":300},{"posx":4,"posy":7,"amount":400},{"posx":12,"posy":8,"amount":500},{"posx":18,"posy":8,"amount":300}],"changedObstacles":[]},{"players":[{"playerId":675419,"score":850,"energy":8,"posx":7,"posy":4,"lastAction":5,"status":0},{"playerId":5588,"score":850,"energy":10,"posx":8,"posy":4,"lastAction":5,"status":0},{"playerId":2415753,"score":850,"energy":50,"posx":4,"posy":7,"lastAction":4,"status":0},{"playerId":1166,"score":700,"energy":36,"posx":12,"posy":3,"lastAction":5,"status":0}],"golds":[{"posx":7,"posy":0,"amount":550},{"posx":17,"posy":0,"amount":700},{"posx":11,"posy":1,"amount":750},{"posx":20,"posy":2,"amount":150},{"posx":2,"posy":3,"amount":100},{"posx":6,"posy":3,"amount":250},{"posx":12,"posy":3,"amount":450},{"posx":7,"posy":4,"amount":350},{"posx":8,"posy":4,"amount":50},{"posx":19,"posy":4,"amount":300},{"posx":16,"posy":5,"amount":250},{"posx":15,"posy":6,"amount":550},{"posx":19,"posy":6,"amount":300},{"posx":4,"posy":7,"amount":400},{"posx":12,"posy":8,"amount":500},{"posx":18,"posy":8,"amount":300}],"changedObstacles":[]},{"players":[{"playerId":675419,"score":900,"energy":3,"posx":7,"posy":4,"lastAction":5,"status":0},{"playerId":5588,"score":900,"energy":5,"posx":8,"posy":4,"lastAction":5,"status":0},{"playerId":2415753,"score":900,"energy":45,"posx":4,"posy":7,"lastAction":5,"status":0},{"playerId":1166,"score":750,"energy":31,"posx":12,"posy":3,"lastAction":5,"status":0}],"golds":[{"posx":7,"posy":0,"amount":550},{"posx":17,"posy":0,"amount":700},{"posx":11,"posy":1,"amount":750},{"posx":20,"posy":2,"amount":150},{"posx":2,"posy":3,"amount":100},{"posx":6,"posy":3,"amount":250},{"posx":12,"posy":3,"amount":400},{"posx":7,"posy":4,"amount":300},{"posx":19,"posy":4,"amount":300},{"posx":16,"posy":5,"amount":250},{"posx":15,"posy":6,"amount":550},{"posx":19,"posy":6,"amount":300},{"posx":4,"posy":7,"amount":350},{"posx":12,"posy":8,"amount":500},{"posx":18,"posy":8,"amount":300}],"changedObstacles":[{"type":0,"posx":8,"posy":4,"value":-1}]},{"players":[{"playerId":675419,"score":900,"energy":15,"posx":7,"posy":4,"lastAction":4,"status":0},{"playerId":5588,"score":900,"energy":17,"posx":8,"posy":4,"lastAction":4,"status":0},{"playerId":2415753,"score":950,"energy":40,"posx":4,"posy":7,"lastAction":5,"status":0},{"playerId":1166,"score":800,"energy":26,"posx":12,"posy":3,"lastAction":5,"status":0}],"golds":[{"posx":7,"posy":0,"amount":550},{"posx":17,"posy":0,"amount":700},{"posx":11,"posy":1,"amount":750},{"posx":20,"posy":2,"amount":150},{"posx":2,"posy":3,"amount":100},{"posx":6,"posy":3,"amount":250},{"posx":12,"posy":3,"amount":350},{"posx":7,"posy":4,"amount":300},{"posx":19,"posy":4,"amount":300},{"posx":16,"posy":5,"amount":250},{"posx":15,"posy":6,"amount":550},{"posx":19,"posy":6,"amount":300},{"posx":4,"posy":7,"amount":300},{"posx":12,"posy":8,"amount":500},{"posx":18,"posy":8,"amount":300}],"changedObstacles":[]},{"players":[{"playerId":675419,"score":900,"energy":31,"posx":7,"posy":4,"lastAction":4,"status":0},{"playerId":5588,"score":900,"energy":13,"posx":7,"posy":4,"lastAction":0,"status":0},{"playerId":2415753,"score":1000,"energy":35,"posx":4,"posy":7,"lastAction":5,"status":0},{"playerId":1166,"score":850,"energy":21,"posx":12,"posy":3,"lastAction":5,"status":0}],"golds":[{"posx":7,"posy":0,"amount":550},{"posx":17,"posy":0,"amount":700},{"posx":11,"posy":1,"amount":750},{"posx":20,"posy":2,"amount":150},{"posx":2,"posy":3,"amount":100},{"posx":6,"posy":3,"amount":250},{"posx":12,"posy":3,"amount":300},{"posx":7,"posy":4,"amount":300},{"posx":19,"posy":4,"amount":300},{"posx":16,"posy":5,"amount":250},{"posx":15,"posy":6,"amount":550},{"posx":19,"posy":6,"amount":300},{"posx":4,"posy":7,"amount":250},{"posx":12,"posy":8,"amount":500},{"posx":18,"posy":8,"amount":300}],"changedObstacles":[]},{"players":[{"playerId":675419,"score":950,"energy":26,"posx":7,"posy":4,"lastAction":5,"status":0},{"playerId":5588,"score":950,"energy":8,"posx":7,"posy":4,"lastAction":5,"status":0},{"playerId":2415753,"score":1050,"energy":30,"posx":4,"posy":7,"lastAction":5,"status":0},{"playerId":1166,"score":900,"energy":16,"posx":12,"posy":3,"lastAction":5,"status":0}],"golds":[{"posx":7,"posy":0,"amount":550},{"posx":17,"posy":0,"amount":700},{"posx":11,"posy":1,"amount":750},{"posx":20,"posy":2,"amount":150},{"posx":2,"posy":3,"amount":100},{"posx":6,"posy":3,"amount":250},{"posx":12,"posy":3,"amount":250},{"posx":7,"posy":4,"amount":200},{"posx":19,"posy":4,"amount":300},{"posx":16,"posy":5,"amount":250},{"posx":15,"posy":6,"amount":550},{"posx":19,"posy":6,"amount":300},{"posx":4,"posy":7,"amount":200},{"posx":12,"posy":8,"amount":500},{"posx":18,"posy":8,"amount":300}],"changedObstacles":[]},{"players":[{"playerId":675419,"score":1000,"energy":21,"posx":7,"posy":4,"lastAction":5,"status":0},{"playerId":5588,"score":950,"energy":20,"posx":7,"posy":4,"lastAction":4,"status":0},{"playerId":2415753,"score":1100,"energy":25,"posx":4,"posy":7,"lastAction":5,"status":0},{"playerId":1166,"score":950,"energy":11,"posx":12,"posy":3,"lastAction":5,"status":0}],"golds":[{"posx":7,"posy":0,"amount":550},{"posx":17,"posy":0,"amount":700},{"posx":11,"posy":1,"amount":750},{"posx":20,"posy":2,"amount":150},{"posx":2,"posy":3,"amount":100},{"posx":6,"posy":3,"amount":250},{"posx":12,"posy":3,"amount":200},{"posx":7,"posy":4,"amount":150},{"posx":19,"posy":4,"amount":300},{"posx":16,"posy":5,"amount":250},{"posx":15,"posy":6,"amount":550},{"posx":19,"posy":6,"amount":300},{"posx":4,"posy":7,"amount":150},{"posx":12,"posy":8,"amount":500},{"posx":18,"posy":8,"amount":300}],"changedObstacles":[]},{"players":[{"playerId":675419,"score":1050,"energy":16,"posx":7,"posy":4,"lastAction":5,"status":0},{"playerId":5588,"score":1000,"energy":15,"posx":7,"posy":4,"lastAction":5,"status":0},{"playerId":2415753,"score":1150,"energy":20,"posx":4,"posy":7,"lastAction":5,"status":0},{"playerId":1166,"score":1000,"energy":6,"posx":12,"posy":3,"lastAction":5,"status":0}],"golds":[{"posx":7,"posy":0,"amount":550},{"posx":17,"posy":0,"amount":700},{"posx":11,"posy":1,"amount":750},{"posx":20,"posy":2,"amount":150},{"posx":2,"posy":3,"amount":100},{"posx":6,"posy":3,"amount":250},{"posx":12,"posy":3,"amount":150},{"posx":7,"posy":4,"amount":50},{"posx":19,"posy":4,"amount":300},{"posx":16,"posy":5,"amount":250},{"posx":15,"posy":6,"amount":550},{"posx":19,"posy":6,"amount":300},{"posx":4,"posy":7,"amount":100},{"posx":12,"posy":8,"amount":500},{"posx":18,"posy":8,"amount":300}],"changedObstacles":[]},{"players":[{"playerId":675419,"score":1075,"energy":11,"posx":7,"posy":4,"lastAction":5,"status":0},{"playerId":5588,"score":1025,"energy":10,"posx":7,"posy":4,"lastAction":5,"status":0},{"playerId":2415753,"score":1200,"energy":15,"posx":4,"posy":7,"lastAction":5,"status":0},{"playerId":1166,"score":1050,"energy":1,"posx":12,"posy":3,"lastAction":5,"status":0}],"golds":[{"posx":7,"posy":0,"amount":550},{"posx":17,"posy":0,"amount":700},{"posx":11,"posy":1,"amount":750},{"posx":20,"posy":2,"amount":150},{"posx":2,"posy":3,"amount":100},{"posx":6,"posy":3,"amount":250},{"posx":12,"posy":3,"amount":100},{"posx":19,"posy":4,"amount":300},{"posx":16,"posy":5,"amount":250},{"posx":15,"posy":6,"amount":550},{"posx":19,"posy":6,"amount":300},{"posx":4,"posy":7,"amount":50},{"posx":12,"posy":8,"amount":500},{"posx":18,"posy":8,"amount":300}],"changedObstacles":[{"type":0,"posx":7,"posy":4,"value":-1}]},{"players":[{"playerId":675419,"score":1075,"energy":23,"posx":7,"posy":4,"lastAction":4,"status":0},{"playerId":5588,"score":1025,"energy":22,"posx":7,"posy":4,"lastAction":4,"status":0},{"playerId":2415753,"score":1250,"energy":10,"posx":4,"posy":7,"lastAction":5,"status":0},{"playerId":1166,"score":1050,"energy":13,"posx":12,"posy":3,"lastAction":4,"status":0}],"golds":[{"posx":7,"posy":0,"amount":550},{"posx":17,"posy":0,"amount":700},{"posx":11,"posy":1,"amount":750},{"posx":20,"posy":2,"amount":150},{"posx":2,"posy":3,"amount":100},{"posx":6,"posy":3,"amount":250},{"posx":12,"posy":3,"amount":100},{"posx":19,"posy":4,"amount":300},{"posx":16,"posy":5,"amount":250},{"posx":15,"posy":6,"amount":550},{"posx":19,"posy":6,"amount":300},{"posx":12,"posy":8,"amount":500},{"posx":18,"posy":8,"amount":300}],"changedObstacles":[{"type":0,"posx":4,"posy":7,"value":-1}]},{"players":[{"playerId":675419,"score":1075,"energy":9,"posx":7,"posy":3,"lastAction":2,"status":0},{"playerId":5588,"score":1025,"energy":6,"posx":7,"posy":3,"lastAction":2,"status":0},{"playerId":2415753,"score":1250,"energy":9,"posx":3,"posy":7,"lastAction":0,"status":0},{"playerId":1166,"score":1100,"energy":8,"posx":12,"posy":3,"lastAction":5,"status":0}],"golds":[{"posx":7,"posy":0,"amount":550},{"posx":17,"posy":0,"amount":700},{"posx":11,"posy":1,"amount":750},{"posx":20,"posy":2,"amount":150},{"posx":2,"posy":3,"amount":100},{"posx":6,"posy":3,"amount":250},{"posx":12,"posy":3,"amount":50},{"posx":19,"posy":4,"amount":300},{"posx":16,"posy":5,"amount":250},{"posx":15,"posy":6,"amount":550},{"posx":19,"posy":6,"amount":300},{"posx":12,"posy":8,"amount":500},{"posx":18,"posy":8,"amount":300}],"changedObstacles":[]},{"players":[{"playerId":675419,"score":1075,"energy":8,"posx":7,"posy":2,"lastAction":2,"status":0},{"playerId":5588,"score":1025,"energy":18,"posx":7,"posy":3,"lastAction":4,"status":0},{"playerId":2415753,"score":1250,"energy":8,"posx":2,"posy":7,"lastAction":0,"status":0},{"playerId":1166,"score":1150,"energy":3,"posx":12,"posy":3,"lastAction":5,"status":0}],"golds":[{"posx":7,"posy":0,"amount":550},{"posx":17,"posy":0,"amount":700},{"posx":11,"posy":1,"amount":750},{"posx":20,"posy":2,"amount":150},{"posx":2,"posy":3,"amount":100},{"posx":6,"posy":3,"amount":250},{"posx":19,"posy":4,"amount":300},{"posx":16,"posy":5,"amount":250},{"posx":15,"posy":6,"amount":550},{"posx":19,"posy":6,"amount":300},{"posx":12,"posy":8,"amount":500},{"posx":18,"posy":8,"amount":300}],"changedObstacles":[{"type":0,"posx":12,"posy":3,"value":-1}]},{"players":[{"playerId":675419,"score":1075,"energy":7,"posx":7,"posy":1,"lastAction":2,"status":0},{"playerId":5588,"score":1025,"energy":14,"posx":6,"posy":3,"lastAction":0,"status":0},{"playerId":2415753,"score":1250,"energy":7,"posx":2,"posy":6,"lastAction":2,"status":0},{"playerId":1166,"score":1150,"energy":2,"posx":11,"posy":3,"lastAction":0,"status":0}],"golds":[{"posx":7,"posy":0,"amount":550},{"posx":17,"posy":0,"amount":700},{"posx":11,"posy":1,"amount":750},{"posx":20,"posy":2,"amount":150},{"posx":2,"posy":3,"amount":100},{"posx":6,"posy":3,"amount":250},{"posx":19,"posy":4,"amount":300},{"posx":16,"posy":5,"amount":250},{"posx":15,"posy":6,"amount":550},{"posx":19,"posy":6,"amount":300},{"posx":12,"posy":8,"amount":500},{"posx":18,"posy":8,"amount":300}],"changedObstacles":[]},{"players":[{"playerId":675419,"score":1075,"energy":3,"posx":7,"posy":0,"lastAction":2,"status":0},{"playerId":5588,"score":1075,"energy":9,"posx":6,"posy":3,"lastAction":5,"status":0},{"playerId":2415753,"score":1250,"energy":6,"posx":2,"posy":5,"lastAction":2,"status":0},{"playerId":1166,"score":1150,"energy":1,"posx":11,"posy":2,"lastAction":2,"status":0}],"golds":[{"posx":7,"posy":0,"amount":550},{"posx":17,"posy":0,"amount":700},{"posx":11,"posy":1,"amount":750},{"posx":20,"posy":2,"amount":150},{"posx":2,"posy":3,"amount":100},{"posx":6,"posy":3,"amount":200},{"posx":19,"posy":4,"amount":300},{"posx":16,"posy":5,"amount":250},{"posx":15,"posy":6,"amount":550},{"posx":19,"posy":6,"amount":300},{"posx":12,"posy":8,"amount":500},{"posx":18,"posy":8,"amount":300}],"changedObstacles":[]},{"players":[{"playerId":675419,"score":1075,"energy":15,"posx":7,"posy":0,"lastAction":4,"status":0},{"playerId":5588,"score":1075,"energy":21,"posx":6,"posy":3,"lastAction":4,"status":0},{"playerId":2415753,"score":1250,"energy":5,"posx":2,"posy":4,"lastAction":2,"status":0},{"playerId":1166,"score":1150,"energy":13,"posx":11,"posy":2,"lastAction":4,"status":0}],"golds":[{"posx":7,"posy":0,"amount":550},{"posx":17,"posy":0,"amount":700},{"posx":11,"posy":1,"amount":750},{"posx":20,"posy":2,"amount":150},{"posx":2,"posy":3,"amount":100},{"posx":6,"posy":3,"amount":200},{"posx":19,"posy":4,"amount":300},{"posx":16,"posy":5,"amount":250},{"posx":15,"posy":6,"amount":550},{"posx":19,"posy":6,"amount":300},{"posx":12,"posy":8,"amount":500},{"posx":18,"posy":8,"amount":300}],"changedObstacles":[]},{"players":[{"playerId":675419,"score":1075,"energy":31,"posx":7,"posy":0,"lastAction":4,"status":0},{"playerId":5588,"score":1125,"energy":16,"posx":6,"posy":3,"lastAction":5,"status":0},{"playerId":2415753,"score":1250,"energy":1,"posx":2,"posy":3,"lastAction":2,"status":0},{"playerId":1166,"score":1150,"energy":29,"posx":11,"posy":2,"lastAction":4,"status":0}],"golds":[{"posx":7,"posy":0,"amount":550},{"posx":17,"posy":0,"amount":700},{"posx":11,"posy":1,"amount":750},{"posx":20,"posy":2,"amount":150},{"posx":2,"posy":3,"amount":100},{"posx":6,"posy":3,"amount":150},{"posx":19,"posy":4,"amount":300},{"posx":16,"posy":5,"amount":250},{"posx":15,"posy":6,"amount":550},{"posx":19,"posy":6,"amount":300},{"posx":12,"posy":8,"amount":500},{"posx":18,"posy":8,"amount":300}],"changedObstacles":[]},{"players":[{"playerId":675419,"score":1125,"energy":26,"posx":7,"posy":0,"lastAction":5,"status":0},{"playerId":5588,"score":1175,"energy":11,"posx":6,"posy":3,"lastAction":5,"status":0},{"playerId":2415753,"score":1250,"energy":13,"posx":2,"posy":3,"lastAction":4,"status":0},{"playerId":1166,"score":1150,"energy":50,"posx":11,"posy":2,"lastAction":4,"status":0}],"golds":[{"posx":7,"posy":0,"amount":500},{"posx":17,"posy":0,"amount":700},{"posx":11,"posy":1,"amount":750},{"posx":20,"posy":2,"amount":150},{"posx":2,"posy":3,"amount":100},{"posx":6,"posy":3,"amount":100},{"posx":19,"posy":4,"amount":300},{"posx":16,"posy":5,"amount":250},{"posx":15,"posy":6,"amount":550},{"posx":19,"posy":6,"amount":300},{"posx":12,"posy":8,"amount":500},{"posx":18,"posy":8,"amount":300}],"changedObstacles":[]},{"players":[{"playerId":675419,"score":1175,"energy":21,"posx":7,"posy":0,"lastAction":5,"status":0},{"playerId":5588,"score":1225,"energy":6,"posx":6,"posy":3,"lastAction":5,"status":0},{"playerId":2415753,"score":1250,"energy":29,"posx":2,"posy":3,"lastAction":4,"status":0},{"playerId":1166,"score":1150,"energy":46,"posx":11,"posy":1,"lastAction":2,"status":0}],"golds":[{"posx":7,"posy":0,"amount":450},{"posx":17,"posy":0,"amount":700},{"posx":11,"posy":1,"amount":750},{"posx":20,"posy":2,"amount":150},{"posx":2,"posy":3,"amount":100},{"posx":6,"posy":3,"amount":50},{"posx":19,"posy":4,"amount":300},{"posx":16,"posy":5,"amount":250},{"posx":15,"posy":6,"amount":550},{"posx":19,"posy":6,"amount":300},{"posx":12,"posy":8,"amount":500},{"posx":18,"posy":8,"amount":300}],"changedObstacles":[]},{"players":[{"playerId":675419,"score":1225,"energy":16,"posx":7,"posy":0,"lastAction":5,"status":0},{"playerId":5588,"score":1225,"energy":18,"posx":6,"posy":3,"lastAction":4,"status":0},{"playerId":2415753,"score":1250,"energy":50,"posx":2,"posy":3,"lastAction":4,"status":0},{"playerId":1166,"score":1200,"energy":41,"posx":11,"posy":1,"lastAction":5,"status":0}],"golds":[{"posx":7,"posy":0,"amount":400},{"posx":17,"posy":0,"amount":700},{"posx":11,"posy":1,"amount":700},{"posx":20,"posy":2,"amount":150},{"posx":2,"posy":3,"amount":100},{"posx":6,"posy":3,"amount":50},{"posx":19,"posy":4,"amount":300},{"posx":16,"posy":5,"amount":250},{"posx":15,"posy":6,"amount":550},{"posx":19,"posy":6,"amount":300},{"posx":12,"posy":8,"amount":500},{"posx":18,"posy":8,"amount":300}],"changedObstacles":[]},{"players":[{"playerId":675419,"score":1275,"energy":11,"posx":7,"posy":0,"lastAction":5,"status":0},{"playerId":5588,"score":1275,"energy":13,"posx":6,"posy":3,"lastAction":5,"status":0},{"playerId":2415753,"score":1300,"energy":45,"posx":2,"posy":3,"lastAction":5,"status":0},{"playerId":1166,"score":1250,"energy":36,"posx":11,"posy":1,"lastAction":5,"status":0}],"golds":[{"posx":7,"posy":0,"amount":350},{"posx":17,"posy":0,"amount":700},{"posx":11,"posy":1,"amount":650},{"posx":20,"posy":2,"amount":150},{"posx":2,"posy":3,"amount":50},{"posx":19,"posy":4,"amount":300},{"posx":16,"posy":5,"amount":250},{"posx":15,"posy":6,"amount":550},{"posx":19,"posy":6,"amount":300},{"posx":12,"posy":8,"amount":500},{"posx":18,"posy":8,"amount":300}],"changedObstacles":[{"type":0,"posx":6,"posy":3,"value":-1}]},{"players":[{"playerId":675419,"score":1325,"energy":6,"posx":7,"posy":0,"lastAction":5,"status":0},{"playerId":5588,"score":1275,"energy":12,"posx":5,"posy":3,"lastAction":0,"status":0},{"playerId":2415753,"score":1350,"energy":40,"posx":2,"posy":3,"lastAction":5,"status":0},{"playerId":1166,"score":1300,"energy":31,"posx":11,"posy":1,"lastAction":5,"status":0}],"golds":[{"posx":7,"posy":0,"amount":300},{"posx":17,"posy":0,"amount":700},{"posx":11,"posy":1,"amount":600},{"posx":20,"posy":2,"amount":150},{"posx":19,"posy":4,"amount":300},{"posx":16,"posy":5,"amount":250},{"posx":15,"posy":6,"amount":550},{"posx":19,"posy":6,"amount":300},{"posx":12,"posy":8,"amount":500},{"posx":18,"posy":8,"amount":300}],"changedObstacles":[{"type":0,"posx":2,"posy":3,"value":-1}]},{"players":[{"playerId":675419,"score":1375,"energy":1,"posx":7,"posy":0,"lastAction":5,"status":0},{"playerId":5588,"score":1275,"energy":11,"posx":5,"posy":2,"lastAction":2,"status":0},{"playerId":2415753,"score":1350,"energy":39,"posx":2,"posy":4,"lastAction":3,"status":0},{"playerId":1166,"score":1350,"energy":26,"posx":11,"posy":1,"lastAction":5,"status":0}],"golds":[{"posx":7,"posy":0,"amount":250},{"posx":17,"posy":0,"amount":700},{"posx":11,"posy":1,"amount":550},{"posx":20,"posy":2,"amount":150},{"posx":19,"posy":4,"amount":300},{"posx":16,"posy":5,"amount":250},{"posx":15,"posy":6,"amount":550},{"posx":19,"posy":6,"amount":300},{"posx":12,"posy":8,"amount":500},{"posx":18,"posy":8,"amount":300}],"changedObstacles":[]},{"players":[{"playerId":675419,"score":1375,"energy":13,"posx":7,"posy":0,"lastAction":4,"status":0},{"playerId":5588,"score":1275,"energy":10,"posx":4,"posy":2,"lastAction":0,"status":0},{"playerId":2415753,"score":1350,"energy":38,"posx":2,"posy":5,"lastAction":3,"status":0},{"playerId":1166,"score":1400,"energy":21,"posx":11,"posy":1,"lastAction":5,"status":0}],"golds":[{"posx":7,"posy":0,"amount":250},{"posx":17,"posy":0,"amount":700},{"posx":11,"posy":1,"amount":500},{"posx":20,"posy":2,"amount":150},{"posx":19,"posy":4,"amount":300},{"posx":16,"posy":5,"amount":250},{"posx":15,"posy":6,"amount":550},{"posx":19,"posy":6,"amount":300},{"posx":12,"posy":8,"amount":500},{"posx":18,"posy":8,"amount":300}],"changedObstacles":[]},{"players":[{"playerId":675419,"score":1375,"energy":29,"posx":7,"posy":0,"lastAction":4,"status":0},{"playerId":5588,"score":1275,"energy":9,"posx":4,"posy":1,"lastAction":2,"status":0},{"playerId":2415753,"score":1350,"energy":37,"posx":2,"posy":6,"lastAction":3,"status":0},{"playerId":1166,"score":1450,"energy":16,"posx":11,"posy":1,"lastAction":5,"status":0}],"golds":[{"posx":7,"posy":0,"amount":250},{"posx":17,"posy":0,"amount":700},{"posx":11,"posy":1,"amount":450},{"posx":20,"posy":2,"amount":150},{"posx":19,"posy":4,"amount":300},{"posx":16,"posy":5,"amount":250},{"posx":15,"posy":6,"amount":550},{"posx":19,"posy":6,"amount":300},{"posx":12,"posy":8,"amount":500},{"posx":18,"posy":8,"amount":300}],"changedObstacles":[]},{"players":[{"playerId":675419,"score":1425,"energy":24,"posx":7,"posy":0,"lastAction":5,"status":0},{"playerId":5588,"score":1275,"energy":21,"posx":4,"posy":1,"lastAction":4,"status":0},{"playerId":2415753,"score":1350,"energy":36,"posx":3,"posy":6,"lastAction":1,"status":0},{"playerId":1166,"score":1500,"energy":11,"posx":11,"posy":1,"lastAction":5,"status":0}],"golds":[{"posx":7,"posy":0,"amount":200},{"posx":17,"posy":0,"amount":700},{"posx":11,"posy":1,"amount":400},{"posx":20,"posy":2,"amount":150},{"posx":19,"posy":4,"amount":300},{"posx":16,"posy":5,"amount":250},{"posx":15,"posy":6,"amount":550},{"posx":19,"posy":6,"amount":300},{"posx":12,"posy":8,"amount":500},{"posx":18,"posy":8,"amount":300}],"changedObstacles":[]},{"players":[{"playerId":675419,"score":1475,"energy":19,"posx":7,"posy":0,"lastAction":5,"status":0},{"playerId":5588,"score":1275,"energy":20,"posx":4,"posy":0,"lastAction":2,"status":0},{"playerId":2415753,"score":1350,"energy":35,"posx":4,"posy":6,"lastAction":1,"status":0},{"playerId":1166,"score":1550,"energy":6,"posx":11,"posy":1,"lastAction":5,"status":0}],"golds":[{"posx":7,"posy":0,"amount":150},{"posx":17,"posy":0,"amount":700},{"posx":11,"posy":1,"amount":350},{"posx":20,"posy":2,"amount":150},{"posx":19,"posy":4,"amount":300},{"posx":16,"posy":5,"amount":250},{"posx":15,"posy":6,"amount":550},{"posx":19,"posy":6,"amount":300},{"posx":12,"posy":8,"amount":500},{"posx":18,"posy":8,"amount":300}],"changedObstacles":[]},{"players":[{"playerId":675419,"score":1525,"energy":14,"posx":7,"posy":0,"lastAction":5,"status":0},{"playerId":5588,"score":1275,"energy":19,"posx":4,"posy":1,"lastAction":3,"status":0},{"playerId":2415753,"score":1350,"energy":34,"posx":5,"posy":6,"lastAction":1,"status":0},{"playerId":1166,"score":1600,"energy":1,"posx":11,"posy":1,"lastAction":5,"status":0}],"golds":[{"posx":7,"posy":0,"amount":100},{"posx":17,"posy":0,"amount":700},{"posx":11,"posy":1,"amount":300},{"posx":20,"posy":2,"amount":150},{"posx":19,"posy":4,"amount":300},{"posx":16,"posy":5,"amount":250},{"posx":15,"posy":6,"amount":550},{"posx":19,"posy":6,"amount":300},{"posx":12,"posy":8,"amount":500},{"posx":18,"posy":8,"amount":300}],"changedObstacles":[]},{"players":[{"playerId":675419,"score":1575,"energy":9,"posx":7,"posy":0,"lastAction":5,"status":0},{"playerId":5588,"score":1275,"energy":18,"posx":4,"posy":0,"lastAction":2,"status":0},{"playerId":2415753,"score":1350,"energy":33,"posx":6,"posy":6,"lastAction":1,"status":0},{"playerId":1166,"score":1600,"energy":13,"posx":11,"posy":1,"lastAction":4,"status":0}],"golds":[{"posx":7,"posy":0,"amount":50},{"posx":17,"posy":0,"amount":700},{"posx":11,"posy":1,"amount":300},{"posx":20,"posy":2,"amount":150},{"posx":19,"posy":4,"amount":300},{"posx":16,"posy":5,"amount":250},{"posx":15,"posy":6,"amount":550},{"posx":19,"posy":6,"amount":300},{"posx":12,"posy":8,"amount":500},{"posx":18,"posy":8,"amount":300}],"changedObstacles":[]},{"players":[{"playerId":675419,"score":1625,"energy":4,"posx":7,"posy":0,"lastAction":5,"status":0},{"playerId":5588,"score":1275,"energy":17,"posx":4,"posy":1,"lastAction":3,"status":0},{"playerId":2415753,"score":1350,"energy":32,"posx":6,"posy":7,"lastAction":3,"status":0},{"playerId":1166,"score":1600,"energy":29,"posx":11,"posy":1,"lastAction":4,"status":0}],"golds":[{"posx":17,"posy":0,"amount":700},{"posx":11,"posy":1,"amount":300},{"posx":20,"posy":2,"amount":150},{"posx":19,"posy":4,"amount":300},{"posx":16,"posy":5,"amount":250},{"posx":15,"posy":6,"amount":550},{"posx":19,"posy":6,"amount":300},{"posx":12,"posy":8,"amount":500},{"posx":18,"posy":8,"amount":300}],"changedObstacles":[{"type":0,"posx":7,"posy":0,"value":-1}]},{"players":[{"playerId":675419,"score":1625,"energy":16,"posx":7,"posy":0,"lastAction":4,"status":0},{"playerId":5588,"score":1275,"energy":16,"posx":4,"posy":0,"lastAction":2,"status":0},{"playerId":2415753,"score":1350,"energy":31,"posx":7,"posy":7,"lastAction":1,"status":0},{"playerId":1166,"score":1650,"energy":24,"posx":11,"posy":1,"lastAction":5,"status":0}],"golds":[{"posx":17,"posy":0,"amount":700},{"posx":11,"posy":1,"amount":250},{"posx":20,"posy":2,"amount":150},{"posx":19,"posy":4,"amount":300},{"posx":16,"posy":5,"amount":250},{"posx":15,"posy":6,"amount":550},{"posx":19,"posy":6,"amount":300},{"posx":12,"posy":8,"amount":500},{"posx":18,"posy":8,"amount":300}],"changedObstacles":[]},{"players":[{"playerId":675419,"score":1625,"energy":11,"posx":8,"posy":0,"lastAction":1,"status":0},{"playerId":5588,"score":1275,"energy":15,"posx":4,"posy":1,"lastAction":3,"status":0},{"playerId":2415753,"score":1350,"energy":30,"posx":8,"posy":7,"lastAction":1,"status":0},{"playerId":1166,"score":1700,"energy":19,"posx":11,"posy":1,"lastAction":5,"status":0}],"golds":[{"posx":17,"posy":0,"amount":700},{"posx":11,"posy":1,"amount":200},{"posx":20,"posy":2,"amount":150},{"posx":19,"posy":4,"amount":300},{"posx":16,"posy":5,"amount":250},{"posx":15,"posy":6,"amount":550},{"posx":19,"posy":6,"amount":300},{"posx":12,"posy":8,"amount":500},{"posx":18,"posy":8,"amount":300}],"changedObstacles":[{"type":3,"posx":8,"posy":0,"value":-20}]},{"players":[{"playerId":675419,"score":1625,"energy":6,"posx":9,"posy":0,"lastAction":1,"status":0},{"playerId":5588,"score":1275,"energy":14,"posx":4,"posy":0,"lastAction":2,"status":0},{"playerId":2415753,"score":1350,"energy":29,"posx":8,"posy":6,"lastAction":2,"status":0},{"playerId":1166,"score":1750,"energy":14,"posx":11,"posy":1,"lastAction":5,"status":0}],"golds":[{"posx":17,"posy":0,"amount":700},{"posx":11,"posy":1,"amount":150},{"posx":20,"posy":2,"amount":150},{"posx":19,"posy":4,"amount":300},{"posx":16,"posy":5,"amount":250},{"posx":15,"posy":6,"amount":550},{"posx":19,"posy":6,"amount":300},{"posx":12,"posy":8,"amount":500},{"posx":18,"posy":8,"amount":300}],"changedObstacles":[{"type":3,"posx":9,"posy":0,"value":-20}]},{"players":[{"playerId":675419,"score":1625,"energy":5,"posx":10,"posy":0,"lastAction":1,"status":0},{"playerId":5588,"score":1275,"energy":13,"posx":4,"posy":1,"lastAction":3,"status":0},{"playerId":2415753,"score":1350,"energy":28,"posx":9,"posy":6,"lastAction":1,"status":0},{"playerId":1166,"score":1800,"energy":9,"posx":11,"posy":1,"lastAction":5,"status":0}],"golds":[{"posx":17,"posy":0,"amount":700},{"posx":11,"posy":1,"amount":100},{"posx":20,"posy":2,"amount":150},{"posx":19,"posy":4,"amount":300},{"posx":16,"posy":5,"amount":250},{"posx":15,"posy":6,"amount":550},{"posx":19,"posy":6,"amount":300},{"posx":12,"posy":8,"amount":500},{"posx":18,"posy":8,"amount":300}],"changedObstacles":[]},{"players":[{"playerId":675419,"score":1625,"energy":4,"posx":11,"posy":0,"lastAction":1,"status":0},{"playerId":5588,"score":1275,"energy":12,"posx":4,"posy":0,"lastAction":2,"status":0},{"playerId":2415753,"score":1350,"energy":27,"posx":10,"posy":6,"lastAction":1,"status":0},{"playerId":1166,"score":1850,"energy":4,"posx":11,"posy":1,"lastAction":5,"status":0}],"golds":[{"posx":17,"posy":0,"amount":700},{"posx":11,"posy":1,"amount":50},{"posx":20,"posy":2,"amount":150},{"posx":19,"posy":4,"amount":300},{"posx":16,"posy":5,"amount":250},{"posx":15,"posy":6,"amount":550},{"posx":19,"posy":6,"amount":300},{"posx":12,"posy":8,"amount":500},{"posx":18,"posy":8,"amount":300}],"changedObstacles":[]},{"players":[{"playerId":675419,"score":1625,"energy":3,"posx":12,"posy":0,"lastAction":1,"status":0},{"playerId":5588,"score":1275,"energy":11,"posx":4,"posy":1,"lastAction":3,"status":0},{"playerId":2415753,"score":1350,"energy":26,"posx":11,"posy":6,"lastAction":1,"status":0},{"playerId":1166,"score":1850,"energy":16,"posx":11,"posy":1,"lastAction":4,"status":0}],"golds":[{"posx":17,"posy":0,"amount":700},{"posx":11,"posy":1,"amount":50},{"posx":20,"posy":2,"amount":150},{"posx":19,"posy":4,"amount":300},{"posx":16,"posy":5,"amount":250},{"posx":15,"posy":6,"amount":550},{"posx":19,"posy":6,"amount":300},{"posx":12,"posy":8,"amount":500},{"posx":18,"posy":8,"amount":300}],"changedObstacles":[]},{"players":[{"playerId":675419,"score":1625,"energy":2,"posx":13,"posy":0,"lastAction":1,"status":0},{"playerId":5588,"score":1275,"energy":10,"posx":4,"posy":0,"lastAction":2,"status":0},{"playerId":2415753,"score":1350,"energy":25,"posx":11,"posy":7,"lastAction":3,"status":0},{"playerId":1166,"score":1900,"energy":11,"posx":11,"posy":1,"lastAction":5,"status":0}],"golds":[{"posx":17,"posy":0,"amount":700},{"posx":20,"posy":2,"amount":150},{"posx":19,"posy":4,"amount":300},{"posx":16,"posy":5,"amount":250},{"posx":15,"posy":6,"amount":550},{"posx":19,"posy":6,"amount":300},{"posx":12,"posy":8,"amount":500},{"posx":18,"posy":8,"amount":300}],"changedObstacles":[{"type":0,"posx":11,"posy":1,"value":-1}]},{"players":[{"playerId":675419,"score":1625,"energy":14,"posx":13,"posy":0,"lastAction":4,"status":0},{"playerId":5588,"score":1275,"energy":9,"posx":5,"posy":0,"lastAction":1,"status":0},{"playerId":2415753,"score":1350,"energy":24,"posx":11,"posy":8,"lastAction":3,"status":0},{"playerId":1166,"score":1900,"energy":10,"posx":12,"posy":1,"lastAction":1,"status":0}],"golds":[{"posx":17,"posy":0,"amount":700},{"posx":20,"posy":2,"amount":150},{"posx":19,"posy":4,"amount":300},{"posx":16,"posy":5,"amount":250},{"posx":15,"posy":6,"amount":550},{"posx":19,"posy":6,"amount":300},{"posx":12,"posy":8,"amount":500},{"posx":18,"posy":8,"amount":300}],"changedObstacles":[]},{"players":[{"playerId":675419,"score":1625,"energy":4,"posx":14,"posy":0,"lastAction":1,"status":0},{"playerId":5588,"score":1275,"energy":21,"posx":5,"posy":0,"lastAction":4,"status":0},{"playerId":2415753,"score":1350,"energy":20,"posx":12,"posy":8,"lastAction":1,"status":0},{"playerId":1166,"score":1900,"energy":9,"posx":13,"posy":1,"lastAction":1,"status":0}],"golds":[{"posx":17,"posy":0,"amount":700},{"posx":20,"posy":2,"amount":150},{"posx":19,"posy":4,"amount":300},{"posx":16,"posy":5,"amount":250},{"posx":15,"posy":6,"amount":550},{"posx":19,"posy":6,"amount":300},{"posx":12,"posy":8,"amount":500},{"posx":18,"posy":8,"amount":300}],"changedObstacles":[{"type":0,"posx":14,"posy":0,"value":-1}]},{"players":[{"playerId":675419,"score":1625,"energy":3,"posx":15,"posy":0,"lastAction":1,"status":0},{"playerId":5588,"score":1275,"energy":20,"posx":6,"posy":0,"lastAction":1,"status":0},{"playerId":2415753,"score":1400,"energy":15,"posx":12,"posy":8,"lastAction":5,"status":0},{"playerId":1166,"score":1900,"energy":8,"posx":14,"posy":1,"lastAction":1,"status":0}],"golds":[{"posx":17,"posy":0,"amount":700},{"posx":20,"posy":2,"amount":150},{"posx":19,"posy":4,"amount":300},{"posx":16,"posy":5,"amount":250},{"posx":15,"posy":6,"amount":550},{"posx":19,"posy":6,"amount":300},{"posx":12,"posy":8,"amount":450},{"posx":18,"posy":8,"amount":300}],"changedObstacles":[]},{"players":[{"playerId":675419,"score":1625,"energy":15,"posx":15,"posy":0,"lastAction":4,"status":0},{"playerId":5588,"score":1275,"energy":19,"posx":7,"posy":0,"lastAction":1,"status":0},{"playerId":2415753,"score":1450,"energy":10,"posx":12,"posy":8,"lastAction":5,"status":0},{"playerId":1166,"score":1900,"energy":7,"posx":15,"posy":1,"lastAction":1,"status":0}],"golds":[{"posx":17,"posy":0,"amount":700},{"posx":20,"posy":2,"amount":150},{"posx":19,"posy":4,"amount":300},{"posx":16,"posy":5,"amount":250},{"posx":15,"posy":6,"amount":550},{"posx":19,"posy":6,"amount":300},{"posx":12,"posy":8,"amount":400},{"posx":18,"posy":8,"amount":300}],"changedObstacles":[]},{"players":[{"playerId":675419,"score":1625,"energy":5,"posx":16,"posy":0,"lastAction":1,"status":0},{"playerId":5588,"score":1275,"energy":18,"posx":7,"posy":1,"lastAction":3,"status":0},{"playerId":2415753,"score":1500,"energy":5,"posx":12,"posy":8,"lastAction":5,"status":0},{"playerId":1166,"score":1900,"energy":6,"posx":15,"posy":2,"lastAction":3,"status":0}],"golds":[{"posx":17,"posy":0,"amount":700},{"posx":20,"posy":2,"amount":150},{"posx":19,"posy":4,"amount":300},{"posx":16,"posy":5,"amount":250},{"posx":15,"posy":6,"amount":550},{"posx":19,"posy":6,"amount":300},{"posx":12,"posy":8,"amount":350},{"posx":18,"posy":8,"amount":300}],"changedObstacles":[{"type":0,"posx":16,"posy":0,"value":-1}]},{"players":[{"playerId":675419,"score":1625,"energy":17,"posx":16,"posy":0,"lastAction":4,"status":0},{"playerId":5588,"score":1275,"energy":17,"posx":8,"posy":1,"lastAction":1,"status":0},{"playerId":2415753,"score":1500,"energy":17,"posx":12,"posy":8,"lastAction":4,"status":0},{"playerId":1166,"score":1900,"energy":5,"posx":15,"posy":3,"lastAction":3,"status":0}],"golds":[{"posx":17,"posy":0,"amount":700},{"posx":20,"posy":2,"amount":150},{"posx":19,"posy":4,"amount":300},{"posx":16,"posy":5,"amount":250},{"posx":15,"posy":6,"amount":550},{"posx":19,"posy":6,"amount":300},{"posx":12,"posy":8,"amount":350},{"posx":18,"posy":8,"amount":300}],"changedObstacles":[]},{"players":[{"playerId":675419,"score":1625,"energy":13,"posx":17,"posy":0,"lastAction":1,"status":0},{"playerId":5588,"score":1275,"energy":16,"posx":8,"posy":2,"lastAction":3,"status":0},{"playerId":2415753,"score":1500,"energy":33,"posx":12,"posy":8,"lastAction":4,"status":0},{"playerId":1166,"score":1900,"energy":4,"posx":15,"posy":4,"lastAction":3,"status":0}],"golds":[{"posx":17,"posy":0,"amount":700},{"posx":20,"posy":2,"amount":150},{"posx":19,"posy":4,"amount":300},{"posx":16,"posy":5,"amount":250},{"posx":15,"posy":6,"amount":550},{"posx":19,"posy":6,"amount":300},{"posx":12,"posy":8,"amount":350},{"posx":18,"posy":8,"amount":300}],"changedObstacles":[]},{"players":[{"playerId":675419,"score":1675,"energy":8,"posx":17,"posy":0,"lastAction":5,"status":0},{"playerId":5588,"score":1275,"energy":15,"posx":9,"posy":2,"lastAction":1,"status":0},{"playerId":2415753,"score":1500,"energy":50,"posx":12,"posy":8,"lastAction":4,"status":0},{"playerId":1166,"score":1900,"energy":16,"posx":15,"posy":4,"lastAction":4,"status":0}],"golds":[{"posx":17,"posy":0,"amount":650},{"posx":20,"posy":2,"amount":150},{"posx":19,"posy":4,"amount":300},{"posx":16,"posy":5,"amount":250},{"posx":15,"posy":6,"amount":550},{"posx":19,"posy":6,"amount":300},{"posx":12,"posy":8,"amount":350},{"posx":18,"posy":8,"amount":300}],"changedObstacles":[]},{"players":[{"playerId":675419,"score":1725,"energy":3,"posx":17,"posy":0,"lastAction":5,"status":0},{"playerId":5588,"score":1275,"energy":14,"posx":10,"posy":2,"lastAction":1,"status":0},{"playerId":2415753,"score":1550,"energy":45,"posx":12,"posy":8,"lastAction":5,"status":0},{"playerId":1166,"score":1900,"energy":32,"posx":15,"posy":4,"lastAction":4,"status":0}],"golds":[{"posx":17,"posy":0,"amount":600},{"posx":20,"posy":2,"amount":150},{"posx":19,"posy":4,"amount":300},{"posx":16,"posy":5,"amount":250},{"posx":15,"posy":6,"amount":550},{"posx":19,"posy":6,"amount":300},{"posx":12,"posy":8,"amount":300},{"posx":18,"posy":8,"amount":300}],"changedObstacles":[]},{"players":[{"playerId":675419,"score":1725,"energy":15,"posx":17,"posy":0,"lastAction":4,"status":0},{"playerId":5588,"score":1275,"energy":13,"posx":10,"posy":3,"lastAction":3,"status":0},{"playerId":2415753,"score":1600,"energy":40,"posx":12,"posy":8,"lastAction":5,"status":0},{"playerId":1166,"score":1900,"energy":50,"posx":15,"posy":4,"lastAction":4,"status":0}],"golds":[{"posx":17,"posy":0,"amount":600},{"posx":20,"posy":2,"amount":150},{"posx":19,"posy":4,"amount":300},{"posx":16,"posy":5,"amount":250},{"posx":15,"posy":6,"amount":550},{"posx":19,"posy":6,"amount":300},{"posx":12,"posy":8,"amount":250},{"posx":18,"posy":8,"amount":300}],"changedObstacles":[]},{"players":[{"playerId":675419,"score":1725,"energy":31,"posx":17,"posy":0,"lastAction":4,"status":0},{"playerId":5588,"score":1275,"energy":12,"posx":10,"posy":4,"lastAction":3,"status":0},{"playerId":2415753,"score":1650,"energy":35,"posx":12,"posy":8,"lastAction":5,"status":0},{"playerId":1166,"score":1900,"energy":31,"posx":15,"posy":5,"lastAction":3,"status":0}],"golds":[{"posx":17,"posy":0,"amount":600},{"posx":20,"posy":2,"amount":150},{"posx":19,"posy":4,"amount":300},{"posx":16,"posy":5,"amount":250},{"posx":15,"posy":6,"amount":550},{"posx":19,"posy":6,"amount":300},{"posx":12,"posy":8,"amount":200},{"posx":18,"posy":8,"amount":300}],"changedObstacles":[]},{"players":[{"playerId":675419,"score":1775,"energy":26,"posx":17,"posy":0,"lastAction":5,"status":0},{"playerId":5588,"score":1275,"energy":11,"posx":10,"posy":5,"lastAction":3,"status":0},{"playerId":2415753,"score":1700,"energy":30,"posx":12,"posy":8,"lastAction":5,"status":0},{"playerId":1166,"score":1900,"energy":27,"posx":15,"posy":6,"lastAction":3,"status":0}],"golds":[{"posx":17,"posy":0,"amount":550},{"posx":20,"posy":2,"amount":150},{"posx":19,"posy":4,"amount":300},{"posx":16,"posy":5,"amount":250},{"posx":15,"posy":6,"amount":550},{"posx":19,"posy":6,"amount":300},{"posx":12,"posy":8,"amount":150},{"posx":18,"posy":8,"amount":300}],"changedObstacles":[]},{"players":[{"playerId":675419,"score":1825,"energy":21,"posx":17,"posy":0,"lastAction":5,"status":0},{"playerId":5588,"score":1275,"energy":10,"posx":10,"posy":6,"lastAction":3,"status":0},{"playerId":2415753,"score":1750,"energy":25,"posx":12,"posy":8,"lastAction":5,"status":0},{"playerId":1166,"score":1950,"energy":22,"posx":15,"posy":6,"lastAction":5,"status":0}],"golds":[{"posx":17,"posy":0,"amount":500},{"posx":20,"posy":2,"amount":150},{"posx":19,"posy":4,"amount":300},{"posx":16,"posy":5,"amount":250},{"posx":15,"posy":6,"amount":500},{"posx":19,"posy":6,"amount":300},{"posx":12,"posy":8,"amount":100},{"posx":18,"posy":8,"amount":300}],"changedObstacles":[]},{"players":[{"playerId":675419,"score":1875,"energy":16,"posx":17,"posy":0,"lastAction":5,"status":0},{"playerId":5588,"score":1275,"energy":9,"posx":11,"posy":6,"lastAction":1,"status":0},{"playerId":2415753,"score":1800,"energy":20,"posx":12,"posy":8,"lastAction":5,"status":0},{"playerId":1166,"score":2000,"energy":17,"posx":15,"posy":6,"lastAction":5,"status":0}],"golds":[{"posx":17,"posy":0,"amount":450},{"posx":20,"posy":2,"amount":150},{"posx":19,"posy":4,"amount":300},{"posx":16,"posy":5,"amount":250},{"posx":15,"posy":6,"amount":450},{"posx":19,"posy":6,"amount":300},{"posx":12,"posy":8,"amount":50},{"posx":18,"posy":8,"amount":300}],"changedObstacles":[]},{"players":[{"playerId":675419,"score":1925,"energy":11,"posx":17,"posy":0,"lastAction":5,"status":0},{"playerId":5588,"score":1275,"energy":21,"posx":11,"posy":6,"lastAction":4,"status":0},{"playerId":2415753,"score":1850,"energy":15,"posx":12,"posy":8,"lastAction":5,"status":0},{"playerId":1166,"score":2050,"energy":12,"posx":15,"posy":6,"lastAction":5,"status":0}],"golds":[{"posx":17,"posy":0,"amount":400},{"posx":20,"posy":2,"amount":150},{"posx":19,"posy":4,"amount":300},{"posx":16,"posy":5,"amount":250},{"posx":15,"posy":6,"amount":400},{"posx":19,"posy":6,"amount":300},{"posx":18,"posy":8,"amount":300}],"changedObstacles":[{"type":0,"posx":12,"posy":8,"value":-1}]},{"players":[{"playerId":675419,"score":1975,"energy":6,"posx":17,"posy":0,"lastAction":5,"status":0},{"playerId":5588,"score":1275,"energy":1,"posx":12,"posy":6,"lastAction":1,"status":0},{"playerId":2415753,"score":1850,"energy":14,"posx":12,"posy":7,"lastAction":2,"status":0},{"playerId":1166,"score":2100,"energy":7,"posx":15,"posy":6,"lastAction":5,"status":0}],"golds":[{"posx":17,"posy":0,"amount":350},{"posx":20,"posy":2,"amount":150},{"posx":19,"posy":4,"amount":300},{"posx":16,"posy":5,"amount":250},{"posx":15,"posy":6,"amount":350},{"posx":19,"posy":6,"amount":300},{"posx":18,"posy":8,"amount":300}],"changedObstacles":[]},{"players":[{"playerId":675419,"score":2025,"energy":1,"posx":17,"posy":0,"lastAction":5,"status":0},{"playerId":5588,"score":1275,"energy":13,"posx":12,"posy":6,"lastAction":4,"status":0},{"playerId":2415753,"score":1850,"energy":13,"posx":13,"posy":7,"lastAction":1,"status":0},{"playerId":1166,"score":2150,"energy":2,"posx":15,"posy":6,"lastAction":5,"status":0}],"golds":[{"posx":17,"posy":0,"amount":300},{"posx":20,"posy":2,"amount":150},{"posx":19,"posy":4,"amount":300},{"posx":16,"posy":5,"amount":250},{"posx":15,"posy":6,"amount":300},{"posx":19,"posy":6,"amount":300},{"posx":18,"posy":8,"amount":300}],"changedObstacles":[]},{"players":[{"playerId":675419,"score":2025,"energy":13,"posx":17,"posy":0,"lastAction":4,"status":0},{"playerId":5588,"score":1275,"energy":12,"posx":13,"posy":6,"lastAction":1,"status":0},{"playerId":2415753,"score":1850,"energy":12,"posx":13,"posy":6,"lastAction":2,"status":0},{"playerId":1166,"score":2150,"energy":14,"posx":15,"posy":6,"lastAction":4,"status":0}],"golds":[{"posx":17,"posy":0,"amount":300},{"posx":20,"posy":2,"amount":150},{"posx":19,"posy":4,"amount":300},{"posx":16,"posy":5,"amount":250},{"posx":15,"posy":6,"amount":300},{"posx":19,"posy":6,"amount":300},{"posx":18,"posy":8,"amount":300}],"changedObstacles":[]},{"players":[{"playerId":675419,"score":2025,"energy":29,"posx":17,"posy":0,"lastAction":4,"status":0},{"playerId":5588,"score":1275,"energy":11,"posx":14,"posy":6,"lastAction":1,"status":0},{"playerId":2415753,"score":1850,"energy":11,"posx":14,"posy":6,"lastAction":1,"status":0},{"playerId":1166,"score":2150,"energy":30,"posx":15,"posy":6,"lastAction":4,"status":0}],"golds":[{"posx":17,"posy":0,"amount":300},{"posx":20,"posy":2,"amount":150},{"posx":19,"posy":4,"amount":300},{"posx":16,"posy":5,"amount":250},{"posx":15,"posy":6,"amount":300},{"posx":19,"posy":6,"amount":300},{"posx":18,"posy":8,"amount":300}],"changedObstacles":[]},{"players":[{"playerId":675419,"score":2075,"energy":24,"posx":17,"posy":0,"lastAction":5,"status":0},{"playerId":5588,"score":1275,"energy":7,"posx":15,"posy":6,"lastAction":1,"status":0},{"playerId":2415753,"score":1850,"energy":7,"posx":15,"posy":6,"lastAction":1,"status":0},{"playerId":1166,"score":2200,"energy":25,"posx":15,"posy":6,"lastAction":5,"status":0}],"golds":[{"posx":17,"posy":0,"amount":250},{"posx":20,"posy":2,"amount":150},{"posx":19,"posy":4,"amount":300},{"posx":16,"posy":5,"amount":250},{"posx":15,"posy":6,"amount":250},{"posx":19,"posy":6,"amount":300},{"posx":18,"posy":8,"amount":300}],"changedObstacles":[]},{"players":[{"playerId":675419,"score":2125,"energy":19,"posx":17,"posy":0,"lastAction":5,"status":0},{"playerId":5588,"score":1275,"energy":19,"posx":15,"posy":6,"lastAction":4,"status":0},{"playerId":2415753,"score":1900,"energy":2,"posx":15,"posy":6,"lastAction":5,"status":0},{"playerId":1166,"score":2250,"energy":20,"posx":15,"posy":6,"lastAction":5,"status":0}],"golds":[{"posx":17,"posy":0,"amount":200},{"posx":20,"posy":2,"amount":150},{"posx":19,"posy":4,"amount":300},{"posx":16,"posy":5,"amount":250},{"posx":15,"posy":6,"amount":150},{"posx":19,"posy":6,"amount":300},{"posx":18,"posy":8,"amount":300}],"changedObstacles":[]},{"players":[{"playerId":675419,"score":2175,"energy":14,"posx":17,"posy":0,"lastAction":5,"status":0},{"playerId":5588,"score":1325,"energy":14,"posx":15,"posy":6,"lastAction":5,"status":0},{"playerId":2415753,"score":1900,"energy":14,"posx":15,"posy":6,"lastAction":4,"status":0},{"playerId":1166,"score":2300,"energy":15,"posx":15,"posy":6,"lastAction":5,"status":0}],"golds":[{"posx":17,"posy":0,"amount":150},{"posx":20,"posy":2,"amount":150},{"posx":19,"posy":4,"amount":300},{"posx":16,"posy":5,"amount":250},{"posx":15,"posy":6,"amount":50},{"posx":19,"posy":6,"amount":300},{"posx":18,"posy":8,"amount":300}],"changedObstacles":[]},{"players":[{"playerId":675419,"score":2225,"energy":9,"posx":17,"posy":0,"lastAction":5,"status":0},{"playerId":5588,"score":1350,"energy":9,"posx":15,"posy":6,"lastAction":5,"status":0},{"playerId":2415753,"score":1900,"energy":30,"posx":15,"posy":6,"lastAction":4,"status":0},{"playerId":1166,"score":2325,"energy":10,"posx":15,"posy":6,"lastAction":5,"status":0}],"golds":[{"posx":17,"posy":0,"amount":100},{"posx":20,"posy":2,"amount":150},{"posx":19,"posy":4,"amount":300},{"posx":16,"posy":5,"amount":250},{"posx":19,"posy":6,"amount":300},{"posx":18,"posy":8,"amount":300}],"changedObstacles":[{"type":0,"posx":15,"posy":6,"value":-1}]},{"players":[{"playerId":675419,"score":2275,"energy":4,"posx":17,"posy":0,"lastAction":5,"status":0},{"playerId":5588,"score":1350,"energy":21,"posx":15,"posy":6,"lastAction":4,"status":0},{"playerId":2415753,"score":1900,"energy":29,"posx":16,"posy":6,"lastAction":1,"status":0},{"playerId":1166,"score":2325,"energy":9,"posx":16,"posy":6,"lastAction":1,"status":0}],"golds":[{"posx":17,"posy":0,"amount":50},{"posx":20,"posy":2,"amount":150},{"posx":19,"posy":4,"amount":300},{"posx":16,"posy":5,"amount":250},{"posx":19,"posy":6,"amount":300},{"posx":18,"posy":8,"amount":300}],"changedObstacles":[]},{"players":[{"playerId":675419,"score":2275,"energy":16,"posx":17,"posy":0,"lastAction":4,"status":0},{"playerId":5588,"score":1350,"energy":2,"posx":15,"posy":5,"lastAction":2,"status":0},{"playerId":2415753,"score":1900,"energy":28,"posx":17,"posy":6,"lastAction":1,"status":0},{"playerId":1166,"score":2325,"energy":8,"posx":17,"posy":6,"lastAction":1,"status":0}],"golds":[{"posx":17,"posy":0,"amount":50},{"posx":20,"posy":2,"amount":150},{"posx":19,"posy":4,"amount":300},{"posx":16,"posy":5,"amount":250},{"posx":19,"posy":6,"amount":300},{"posx":18,"posy":8,"amount":300}],"changedObstacles":[]},{"players":[{"playerId":675419,"score":2275,"energy":32,"posx":17,"posy":0,"lastAction":4,"status":0},{"playerId":5588,"score":1350,"energy":14,"posx":15,"posy":5,"lastAction":4,"status":0},{"playerId":2415753,"score":1900,"energy":27,"posx":18,"posy":6,"lastAction":1,"status":0},{"playerId":1166,"score":2325,"energy":7,"posx":18,"posy":6,"lastAction":1,"status":0}],"golds":[{"posx":17,"posy":0,"amount":50},{"posx":20,"posy":2,"amount":150},{"posx":19,"posy":4,"amount":300},{"posx":16,"posy":5,"amount":250},{"posx":19,"posy":6,"amount":300},{"posx":18,"posy":8,"amount":300}],"changedObstacles":[]},{"players":[{"playerId":675419,"score":2325,"energy":27,"posx":17,"posy":0,"lastAction":5,"status":0},{"playerId":5588,"score":1350,"energy":10,"posx":16,"posy":5,"lastAction":1,"status":0},{"playerId":2415753,"score":1900,"energy":23,"posx":19,"posy":6,"lastAction":1,"status":0},{"playerId":1166,"score":2325,"energy":3,"posx":19,"posy":6,"lastAction":1,"status":0}],"golds":[{"posx":20,"posy":2,"amount":150},{"posx":19,"posy":4,"amount":300},{"posx":16,"posy":5,"amount":250},{"posx":19,"posy":6,"amount":300},{"posx":18,"posy":8,"amount":300}],"changedObstacles":[{"type":0,"posx":17,"posy":0,"value":-1}]},{"players":[{"playerId":675419,"score":2325,"energy":26,"posx":18,"posy":0,"lastAction":1,"status":0},{"playerId":5588,"score":1400,"energy":5,"posx":16,"posy":5,"lastAction":5,"status":0},{"playerId":2415753,"score":1950,"energy":18,"posx":19,"posy":6,"lastAction":5,"status":0},{"playerId":1166,"score":2325,"energy":15,"posx":19,"posy":6,"lastAction":4,"status":0}],"golds":[{"posx":20,"posy":2,"amount":150},{"posx":19,"posy":4,"amount":300},{"posx":16,"posy":5,"amount":200},{"posx":19,"posy":6,"amount":250},{"posx":18,"posy":8,"amount":300}],"changedObstacles":[]},{"players":[{"playerId":675419,"score":2325,"energy":25,"posx":19,"posy":0,"lastAction":1,"status":0},{"playerId":5588,"score":1400,"energy":17,"posx":16,"posy":5,"lastAction":4,"status":0},{"playerId":2415753,"score":2000,"energy":13,"posx":19,"posy":6,"lastAction":5,"status":0},{"playerId":1166,"score":2375,"energy":10,"posx":19,"posy":6,"lastAction":5,"status":0}],"golds":[{"posx":20,"posy":2,"amount":150},{"posx":19,"posy":4,"amount":300},{"posx":16,"posy":5,"amount":200},{"posx":19,"posy":6,"amount":150},{"posx":18,"posy":8,"amount":300}],"changedObstacles":[]},{"players":[{"playerId":675419,"score":2325,"energy":24,"posx":19,"posy":1,"lastAction":3,"status":0},{"playerId":5588,"score":1450,"energy":12,"posx":16,"posy":5,"lastAction":5,"status":0},{"playerId":2415753,"score":2050,"energy":8,"posx":19,"posy":6,"lastAction":5,"status":0},{"playerId":1166,"score":2425,"energy":5,"posx":19,"posy":6,"lastAction":5,"status":0}],"golds":[{"posx":20,"posy":2,"amount":150},{"posx":19,"posy":4,"amount":300},{"posx":16,"posy":5,"amount":150},{"posx":19,"posy":6,"amount":50},{"posx":18,"posy":8,"amount":300}],"changedObstacles":[]},{"players":[{"playerId":675419,"score":2325,"energy":23,"posx":19,"posy":2,"lastAction":3,"status":0},{"playerId":5588,"score":1500,"energy":7,"posx":16,"posy":5,"lastAction":5,"status":0},{"playerId":2415753,"score":2100,"energy":3,"posx":19,"posy":6,"lastAction":5,"status":0},{"playerId":1166,"score":2425,"energy":17,"posx":19,"posy":6,"lastAction":4,"status":0}],"golds":[{"posx":20,"posy":2,"amount":150},{"posx":19,"posy":4,"amount":300},{"posx":16,"posy":5,"amount":100},{"posx":18,"posy":8,"amount":300}],"changedObstacles":[{"type":0,"posx":19,"posy":6,"value":-1}]},{"players":[{"playerId":675419,"score":2325,"energy":22,"posx":19,"posy":3,"lastAction":3,"status":0},{"playerId":5588,"score":1500,"energy":19,"posx":16,"posy":5,"lastAction":4,"status":0},{"playerId":2415753,"score":2100,"energy":2,"posx":19,"posy":5,"lastAction":2,"status":0},{"playerId":1166,"score":2425,"energy":33,"posx":19,"posy":6,"lastAction":4,"status":0}],"golds":[{"posx":20,"posy":2,"amount":150},{"posx":19,"posy":4,"amount":300},{"posx":16,"posy":5,"amount":100},{"posx":18,"posy":8,"amount":300}],"changedObstacles":[]},{"players":[{"playerId":675419,"score":2325,"energy":18,"posx":19,"posy":4,"lastAction":3,"status":0},{"playerId":5588,"score":1550,"energy":14,"posx":16,"posy":5,"lastAction":5,"status":0},{"playerId":2415753,"score":2100,"energy":14,"posx":19,"posy":5,"lastAction":4,"status":0},{"playerId":1166,"score":2425,"energy":50,"posx":19,"posy":6,"lastAction":4,"status":0}],"golds":[{"posx":20,"posy":2,"amount":150},{"posx":19,"posy":4,"amount":300},{"posx":16,"posy":5,"amount":50},{"posx":18,"posy":8,"amount":300}],"changedObstacles":[]},{"players":[{"playerId":675419,"score":2375,"energy":13,"posx":19,"posy":4,"lastAction":5,"status":0},{"playerId":5588,"score":1600,"energy":9,"posx":16,"posy":5,"lastAction":5,"status":0},{"playerId":2415753,"score":2100,"energy":30,"posx":19,"posy":5,"lastAction":4,"status":0},{"playerId":1166,"score":2425,"energy":49,"posx":19,"posy":5,"lastAction":2,"status":0}],"golds":[{"posx":20,"posy":2,"amount":150},{"posx":19,"posy":4,"amount":250},{"posx":18,"posy":8,"amount":300}],"changedObstacles":[{"type":0,"posx":16,"posy":5,"value":-1}]},{"players":[{"playerId":675419,"score":2425,"energy":8,"posx":19,"posy":4,"lastAction":5,"status":0},{"playerId":5588,"score":1600,"energy":21,"posx":16,"posy":5,"lastAction":4,"status":0},{"playerId":2415753,"score":2100,"energy":50,"posx":19,"posy":5,"lastAction":4,"status":0},{"playerId":1166,"score":2425,"energy":45,"posx":19,"posy":4,"lastAction":2,"status":0}],"golds":[{"posx":20,"posy":2,"amount":150},{"posx":19,"posy":4,"amount":200},{"posx":18,"posy":8,"amount":300}],"changedObstacles":[]},{"players":[{"playerId":675419,"score":2475,"energy":3,"posx":19,"posy":4,"lastAction":5,"status":0},{"playerId":5588,"score":1600,"energy":20,"posx":16,"posy":4,"lastAction":2,"status":0},{"playerId":2415753,"score":2100,"energy":49,"posx":19,"posy":6,"lastAction":3,"status":0},{"playerId":1166,"score":2475,"energy":40,"posx":19,"posy":4,"lastAction":5,"status":0}],"golds":[{"posx":20,"posy":2,"amount":150},{"posx":19,"posy":4,"amount":100},{"posx":18,"posy":8,"amount":300}],"changedObstacles":[]},{"players":[{"playerId":675419,"score":2475,"energy":15,"posx":19,"posy":4,"lastAction":4,"status":0},{"playerId":5588,"score":1600,"energy":19,"posx":17,"posy":4,"lastAction":1,"status":0},{"playerId":2415753,"score":2100,"energy":48,"posx":18,"posy":6,"lastAction":0,"status":0},{"playerId":1166,"score":2525,"energy":35,"posx":19,"posy":4,"lastAction":5,"status":0}],"golds":[{"posx":20,"posy":2,"amount":150},{"posx":19,"posy":4,"amount":50},{"posx":18,"posy":8,"amount":300}],"changedObstacles":[]},{"players":[{"playerId":675419,"score":2475,"energy":31,"posx":19,"posy":4,"lastAction":4,"status":0},{"playerId":5588,"score":1600,"energy":14,"posx":18,"posy":4,"lastAction":1,"status":0},{"playerId":2415753,"score":2100,"energy":47,"posx":18,"posy":7,"lastAction":3,"status":0},{"playerId":1166,"score":2575,"energy":30,"posx":19,"posy":4,"lastAction":5,"status":0}],"golds":[{"posx":20,"posy":2,"amount":150},{"posx":18,"posy":8,"amount":300}],"changedObstacles":[{"type":3,"posx":18,"posy":4,"value":-20},{"type":0,"posx":19,"posy":4,"value":-1}]}]