[{"players":[{"playerId":2451990,"score":0,"energy":49,"posx":8,"posy":7,"lastAction":2,"status":0},{"playerId":239305,"score":0,"energy":49,"posx":8,"posy":7,"lastAction":2,"status":0},{"playerId":5722,"score":0,"energy":49,"posx":8,"posy":7,"lastAction":2,"status":0},{"playerId":2422729,"score":0,"energy":49,"posx":9,"posy":8,"lastAction":1,"status":0}],"golds":[{"posx":20,"posy":2,"amount":150},{"posx":8,"posy":6,"amount":700},{"posx":19,"posy":4,"amount":300},{"posx":16,"posy":5,"amount":250},{"posx":17,"posy":0,"amount":700},{"posx":18,"posy":8,"amount":300},{"posx":8,"posy":4,"amount":250},{"posx":11,"posy":1,"amount":750},{"posx":12,"posy":8,"amount":500},{"posx":9,"posy":6,"amount":600},{"posx":6,"posy":5,"amount":750},{"posx":4,"posy":8,"amount":600},{"posx":19,"posy":6,"amount":300},{"posx":7,"posy":0,"amount":550},{"posx":7,"posy":4,"amount":450},{"posx":15,"posy":6,"amount":550},{"posx":6,"posy":3,"amount":250},{"posx":12,"posy":3,"amount":500},{"posx":2,"posy":3,"amount":100},{"posx":4,"posy":7,"amount":650}],"changedObstacles":[]},{"players":[{"playerId":2451990,"score":0,"energy":45,"posx":8,"posy":6,"lastAction":2,"status":0},{"playerId":239305,"score":0,"energy":45,"posx":8,"posy":6,"lastAction":2,"status":0},{"playerId":5722,"score":0,"energy":45,"posx":8,"posy":6,"lastAction":2,"status":0},{"playerId":2422729,"score":0,"energy":48,"posx":8,"posy":8,"lastAction":0,"status":0}],"golds":[{"posx":20,"posy":2,"amount":150},{"posx":8,"posy":6,"amount":700},{"posx":19,"posy":4,"amount":300},{"posx":16,"posy":5,"amount":250},{"posx":17,"posy":0,"amount":700},{"posx":18,"posy":8,"amount":300},{"posx":8,"posy":4,"amount":250},{"posx":11,"posy":1,"amount":750},{"posx":12,"posy":8,"amount":500},{"posx":9,"posy":6,"amount":600},{"posx":6,"posy":5,"amount":750},{"posx":4,"posy":8,"amount":600},{"posx":19,"posy":6,"amount":300},{"posx":7,"posy":0,"amount":550},{"posx":7,"posy":4,"amount":450},{"posx":15,"posy":6,"amount":550},{"posx":6,"posy":3,"amount":250},{"posx":12,"posy":3,"amount":500},{"posx":2,"posy":3,"amount":100},{"posx":4,"posy":7,"amount":650}],"changedObstacles":[]},{"players":[{"playerId":2451990,"score":50,"energy":40,"posx":8,"posy":6,"lastAction":5,"status":0},{"playerId":239305,"score":50,"energy":40,"posx":8,"posy":6,"lastAction":5,"status":0},{"playerId":5722,"score":50,"energy":40,"posx":8,"posy":6,"lastAction":5,"status":0},{"playerId":2422729,"score":0,"energy":47,"posx":9,"posy":8,"lastAction":1,"status":0}],"golds":[{"posx":7,"posy":0,"amount":550},{"posx":17,"posy":0,"amount":700},{"posx":11,"posy":1,"amount":750},{"posx":20,"posy":2,"amount":150},{"posx":2,"posy":3,"amount":100},{"posx":6,"posy":3,"amount":250},{"posx":12,"posy":3,"amount":500},{"posx":7,"posy":4,"amount":450},{"posx":8,"posy":4,"amount":250},{"posx":19,"posy":4,"amount":300},{"posx":6,"posy":5,"amount":750},{"posx":16,"posy":5,"amount":250},{"posx":8,"posy":6,"amount":550},{"posx":9,"posy":6,"amount":600},{"posx":15,"posy":6,"amount":550},{"posx":19,"posy":6,"amount":300},{"posx":4,"posy":7,"amount":650},{"posx":4,"posy":8,"amount":600},{"posx":12,"posy":8,"amount":500},{"posx":18,"posy":8,"amount":300}],"changedObstacles":[]},{"players":[{"playerId":2451990,"score":100,"energy":35,"posx":8,"posy":6,"lastAction":5,"status":0},{"playerId":239305,"score":100,"energy":35,"posx":8,"posy":6,"lastAction":5,"status":0},{"playerId":5722,"score":100,"energy":35,"posx":8,"posy":6,"lastAction":5,"status":0},{"playerId":2422729,"score":0,"energy":46,"posx":8,"posy":8,"lastAction":0,"status":0}],"golds":[{"posx":7,"posy":0,"amount":550},{"posx":17,"posy":0,"amount":700},{"posx":11,"posy":1,"amount":750},{"posx":20,"posy":2,"amount":150},{"posx":2,"posy":3,"amount":100},{"posx":6,"posy":3,"amount":250},{"posx":12,"posy":3,"amount":500},{"posx":7,"posy":4,"amount":450},{"posx":8,"posy":4,"amount":250},{"posx":19,"posy":4,"amount":300},{"posx":6,"posy":5,"amount":750},{"posx":16,"posy":5,"amount":250},{"posx":8,"posy":6,"amount":400},{"posx":9,"posy":6,"amount":600},{"posx":15,"posy":6,"amount":550},{"posx":19,"posy":6,"amount":300},{"posx":4,"posy":7,"amount":650},{"posx":4,"posy":8,"amount":600},{"posx":12,"posy":8,"amount":500},{"posx":18,"posy":8,"amount":300}],"changedObstacles":[]},{"players":[{"playerId":2451990,"score":150,"energy":30,"posx":8,"posy":6,"lastAction":5,"status":0},{"playerId":239305,"score":150,"energy":30,"posx":8,"posy":6,"lastAction":5,"status":0},{"playerId":5722,"score":150,"energy":30,"posx":8,"posy":6,"lastAction":5,"status":0},{"playerId":2422729,"score":0,"energy":45,"posx":9,"posy":8,"lastAction":1,"status":0}],"golds":[{"posx":7,"posy":0,"amount":550},{"posx":17,"posy":0,"amount":700},{"posx":11,"posy":1,"amount":750},{"posx":20,"posy":2,"amount":150},{"posx":2,"posy":3,"amount":100},{"posx":6,"posy":3,"amount":250},{"posx":12,"posy":3,"amount":500},{"posx":7,"posy":4,"amount":450},{"posx":8,"posy":4,"amount":250},{"posx":19,"posy":4,"amount":300},{"posx":6,"posy":5,"amount":750},{"posx":16,"posy":5,"amount":250},{"posx":8,"posy":6,"amount":250},{"posx":9,"posy":6,"amount":600},{"posx":15,"posy":6,"amount":550},{"posx":19,"posy":6,"amount":300},{"posx":4,"posy":7,"amount":650},{"posx":4,"posy":8,"amount":600},{"posx":12,"posy":8,"amount":500},{"posx":18,"posy":8,"amount":300}],"changedObstacles":[]},{"players":[{"playerId":2451990,"score":200,"energy":25,"posx":8,"posy":6,"lastAction":5,"status":0},{"playerId":239305,"score":200,"energy":25,"posx":8,"posy":6,"lastAction":5,"status":0},{"playerId":5722,"score":200,"energy":25,"posx":8,"posy":6,"lastAction":5,"status":0},{"playerId":2422729,"score":0,"energy":44,"posx":8,"posy":8,"lastAction":0,"status":0}],"golds":[{"posx":7,"posy":0,"amount":550},{"posx":17,"posy":0,"amount":700},{"posx":11,"posy":1,"amount":750},{"posx":20,"posy":2,"amount":150},{"posx":2,"posy":3,"amount":100},{"posx":6,"posy":3,"amount":250},{"posx":12,"posy":3,"amount":500},{"posx":7,"posy":4,"amount":450},{"posx":8,"posy":4,"amount":250},{"posx":19,"posy":4,"amount":300},{"posx":6,"posy":5,"amount":750},{"posx":16,"posy":5,"amount":250},{"posx":8,"posy":6,"amount":100},{"posx":9,"posy":6,"amount":600},{"posx":15,"posy":6,"amount":550},{"posx":19,"posy":6,"amount":300},{"posx":4,"posy":7,"amount":650},{"posx":4,"posy":8,"amount":600},{"posx":12,"posy":8,"amount":500},{"posx":18,"posy":8,"amount":300}],"changedObstacles":[]},{"players":[{"playerId":2451990,"score":200,"energy":10,"posx":7,"posy":6,"lastAction":0,"status":0},{"playerId":239305,"score":250,"energy":20,"posx":8,"posy":6,"lastAction":5,"status":0},{"playerId":5722,"score":250,"energy":20,"posx":8,"posy":6,"lastAction":5,"status":0},{"playerId":2422729,"score":0,"energy":43,"posx":9,"posy":8,"lastAction":1,"status":0}],"golds":[{"posx":7,"posy":0,"amount":550},{"posx":17,"posy":0,"amount":700},{"posx":11,"posy":1,"amount":750},{"posx":20,"posy":2,"amount":150},{"posx":2,"posy":3,"amount":100},{"posx":6,"posy":3,"amount":250},{"posx":12,"posy":3,"amount":500},{"posx":7,"posy":4,"amount":450},{"posx":8,"posy":4,"amount":250},{"posx":19,"posy":4,"amount":300},{"posx":6,"posy":5,"amount":750},{"posx":16,"posy":5,"amount":250},{"posx":9,"posy":6,"amount":600},{"posx":15,"posy":6,"amount":550},{"posx":19,"posy":6,"amount":300},{"posx":4,"posy":7,"amount":650},{"posx":4,"posy":8,"amount":600},{"posx":12,"posy":8,"amount":500},{"posx":18,"posy":8,"amount":300}],"changedObstacles":[{"type":0,"posx":8,"posy":6,"value":-1}]},{"players":[{"playerId":2451990,"score":200,"energy":9,"posx":6,"posy":6,"lastAction":0,"status":0},{"playerId":239305,"score":250,"energy":16,"posx":9,"posy":6,"lastAction":1,"status":0},{"playerId":5722,"score":250,"energy":32,"posx":8,"posy":6,"lastAction":4,"status":0},{"playerId":2422729,"score":0,"energy":28,"posx":10,"posy":8,"lastAction":1,"status":0}],"golds":[{"posx":7,"posy":0,"amount":550},{"posx":17,"posy":0,"amount":700},{"posx":11,"posy":1,"amount":750},{"posx":20,"posy":2,"amount":150},{"posx":2,"posy":3,"amount":100},{"posx":6,"posy":3,"amount":250},{"posx":12,"posy":3,"amount":500},{"posx":7,"posy":4,"amount":450},{"posx":8,"posy":4,"amount":250},{"posx":19,"posy":4,"amount":300},{"posx":6,"posy":5,"amount":750},{"posx":16,"posy":5,"amount":250},{"posx":9,"posy":6,"amount":600},{"posx":15,"posy":6,"amount":550},{"posx":19,"posy":6,"amount":300},{"posx":4,"posy":7,"amount":650},{"posx":4,"posy":8,"amount":600},{"posx":12,"posy":8,"amount":500},{"posx":18,"posy":8,"amount":300}],"changedObstacles":[]},{"players":[{"playerId":2451990,"score":200,"energy":5,"posx":6,"posy":5,"lastAction":2,"status":0},{"playerId":239305,"score":300,"energy":11,"posx":9,"posy":6,"lastAction":5,"status":0},{"playerId":5722,"score":250,"energy":28,"posx":9,"posy":6,"lastAction":1,"status":0},{"playerId":2422729,"score":0,"energy":27,"posx":9,"posy":8,"lastAction":0,"status":0}],"golds":[{"posx":7,"posy":0,"amount":550},{"posx":17,"posy":0,"amount":700},{"posx":11,"posy":1,"amount":750},{"posx":20,"posy":2,"amount":150},{"posx":2,"posy":3,"amount":100},{"posx":6,"posy":3,"amount":250},{"posx":12,"posy":3,"amount":500},{"posx":7,"posy":4,"amount":450},{"posx":8,"posy":4,"amount":250},{"posx":19,"posy":4,"amount":300},{"posx":6,"posy":5,"amount":750},{"posx":16,"posy":5,"amount":250},{"posx":9,"posy":6,"amount":550},{"posx":15,"posy":6,"amount":550},{"posx":19,"posy":6,"amount":300},{"posx":4,"posy":7,"amount":650},{"posx":4,"posy":8,"amount":600},{"posx":12,"posy":8,"amount":500},{"posx":18,"posy":8,"amount":300}],"changedObstacles":[]},{"players":[{"playerId":2451990,"score":200,"energy":17,"posx":6,"posy":5,"lastAction":4,"status":0},{"playerId":239305,"score":350,"energy":6,"posx":9,"posy":6,"lastAction":5,"status":0},{"playerId":5722,"score":300,"energy":23,"posx":9,"posy":6,"lastAction":5,"status":0},{"playerId":2422729,"score":0,"energy":15,"posx":10,"posy":8,"lastAction":1,"status":0}],"golds":[{"posx":7,"posy":0,"amount":550},{"posx":17,"posy":0,"amount":700},{"posx":11,"posy":1,"amount":750},{"posx":20,"posy":2,"amount":150},{"posx":2,"posy":3,"amount":100},{"posx":6,"posy":3,"amount":250},{"posx":12,"posy":3,"amount":500},{"posx":7,"posy":4,"amount":450},{"posx":8,"posy":4,"amount":250},{"posx":19,"posy":4,"amount":300},{"posx":6,"posy":5,"amount":750},{"posx":16,"posy":5,"amount":250},{"posx":9,"posy":6,"amount":450},{"posx":15,"posy":6,"amount":550},{"posx":19,"posy":6,"amount":300},{"posx":4,"posy":7,"amount":650},{"posx":4,"posy":8,"amount":600},{"posx":12,"posy":8,"amount":500},{"posx":18,"posy":8,"amount":300}],"changedObstacles":[]},{"players":[{"playerId":2451990,"score":200,"energy":33,"posx":6,"posy":5,"lastAction":4,"status":0},{"playerId":239305,"score":400,"energy":1,"posx":9,"posy":6,"lastAction":5,"status":0},{"playerId":5722,"score":350,"energy":18,"posx":9,"posy":6,"lastAction":5,"status":0},{"playerId":2422729,"score":0,"energy":14,"posx":9,"posy":8,"lastAction":0,"status":0}],"golds":[{"posx":7,"posy":0,"amount":550},{"posx":17,"posy":0,"amount":700},{"posx":11,"posy":1,"amount":750},{"posx":20,"posy":2,"amount":150},{"posx":2,"posy":3,"amount":100},{"posx":6,"posy":3,"amount":250},{"posx":12,"posy":3,"amount":500},{"posx":7,"posy":4,"amount":450},{"posx":8,"posy":4,"amount":250},{"posx":19,"posy":4,"amount":300},{"posx":6,"posy":5,"amount":750},{"posx":16,"posy":5,"amount":250},{"posx":9,"posy":6,"amount":350},{"posx":15,"posy":6,"amount":550},{"posx":19,"posy":6,"amount":300},{"posx":4,"posy":7,"amount":650},{"posx":4,"posy":8,"amount":600},{"posx":12,"posy":8,"amount":500},{"posx":18,"posy":8,"amount":300}],"changedObstacles":[]},{"players":[{"playerId":2451990,"score":200,"energy":50,"posx":6,"posy":5,"lastAction":4,"status":0},{"playerId":239305,"score":400,"energy":13,"posx":9,"posy":6,"lastAction":4,"status":0},{"playerId":5722,"score":400,"energy":13,"posx":9,"posy":6,"lastAction":5,"status":0},{"playerId":2422729,"score":0,"energy":26,"posx":9,"posy":8,"lastAction":4,"status":0}],"golds":[{"posx":7,"posy":0,"amount":550},{"posx":17,"posy":0,"amount":700},{"posx":11,"posy":1,"amount":750},{"posx":20,"posy":2,"amount":150},{"posx":2,"posy":3,"amount":100},{"posx":6,"posy":3,"amount":250},{"posx":12,"posy":3,"amount":500},{"posx":7,"posy":4,"amount":450},{"posx":8,"posy":4,"amount":250},{"posx":19,"posy":4,"amount":300},{"posx":6,"posy":5,"amount":750},{"posx":16,"posy":5,"amount":250},{"posx":9,"posy":6,"amount":300},{"posx":15,"posy":6,"amount":550},{"posx":19,"posy":6,"amount":300},{"posx":4,"posy":7,"amount":650},{"posx":4,"posy":8,"amount":600},{"posx":12,"posy":8,"amount":500},{"posx":18,"posy":8,"amount":300}],"changedObstacles":[]},{"players":[{"playerId":2451990,"score":250,"energy":45,"posx":6,"posy":5,"lastAction":5,"status":0},{"playerId":239305,"score":450,"energy":8,"posx":9,"posy":6,"lastAction":5,"status":0},{"playerId":5722,"score":450,"energy":8,"posx":9,"posy":6,"lastAction":5,"status":0},{"playerId":2422729,"score":0,"energy":12,"posx":10,"posy":8,"lastAction":1,"status":0}],"golds":[{"posx":7,"posy":0,"amount":550},{"posx":17,"posy":0,"amount":700},{"posx":11,"posy":1,"amount":750},{"posx":20,"posy":2,"amount":150},{"posx":2,"posy":3,"amount":100},{"posx":6,"posy":3,"amount":250},{"posx":12,"posy":3,"amount":500},{"posx":7,"posy":4,"amount":450},{"posx":8,"posy":4,"amount":250},{"posx":19,"posy":4,"amount":300},{"posx":6,"posy":5,"amount":700},{"posx":16,"posy":5,"amount":250},{"posx":9,"posy":6,"amount":200},{"posx":15,"posy":6,"amount":550},{"posx":19,"posy":6,"amount":300},{"posx":4,"posy":7,"amount":650},{"posx":4,"posy":8,"amount":600},{"posx":12,"posy":8,"amount":500},{"posx":18,"posy":8,"amount":300}],"changedObstacles":[]},{"players":[{"playerId":2451990,"score":300,"energy":40,"posx":6,"posy":5,"lastAction":5,"status":0},{"playerId":239305,"score":500,"energy":3,"posx":9,"posy":6,"lastAction":5,"status":0},{"playerId":5722,"score":450,"energy":20,"posx":9,"posy":6,"lastAction":4,"status":0},{"playerId":2422729,"score":0,"energy":11,"posx":11,"posy":8,"lastAction":1,"status":0}],"golds":[{"posx":7,"posy":0,"amount":550},{"posx":17,"posy":0,"amount":700},{"posx":11,"posy":1,"amount":750},{"posx":20,"posy":2,"amount":150},{"posx":2,"posy":3,"amount":100},{"posx":6,"posy":3,"amount":250},{"posx":12,"posy":3,"amount":500},{"posx":7,"posy":4,"amount":450},{"posx":8,"posy":4,"amount":250},{"posx":19,"posy":4,"amount":300},{"posx":6,"posy":5,"amount":650},{"posx":16,"posy":5,"amount":250},{"posx":9,"posy":6,"amount":150},{"posx":15,"posy":6,"amount":550},{"posx":19,"posy":6,"amount":300},{"posx":4,"posy":7,"amount":650},{"posx":4,"posy":8,"amount":600},{"posx":12,"posy":8,"amount":500},{"posx":18,"posy":8,"amount":300}],"changedObstacles":[]},{"players":[{"playerId":2451990,"score":350,"energy":35,"posx":6,"posy":5,"lastAction":5,"status":0},{"playerId":239305,"score":500,"energy":15,"posx":9,"posy":6,"lastAction":4,"status":0},{"playerId":5722,"score":500,"energy":15,"posx":9,"posy":6,"lastAction":5,"status":0},{"playerId":2422729,"score":0,"energy":7,"posx":12,"posy":8,"lastAction":1,"status":0}],"golds":[{"posx":7,"posy":0,"amount":550},{"posx":17,"posy":0,"amount":700},{"posx":11,"posy":1,"amount":750},{"posx":20,"posy":2,"amount":150},{"posx":2,"posy":3,"amount":100},{"posx":6,"posy":3,"amount":250},{"posx":12,"posy":3,"amount":500},{"posx":7,"posy":4,"amount":450},{"posx":8,"posy":4,"amount":250},{"posx":19,"posy":4,"amount":300},{"posx":6,"posy":5,"amount":600},{"posx":16,"posy":5,"amount":250},{"posx":9,"posy":6,"amount":100},{"posx":15,"posy":6,"amount":550},{"posx":19,"posy":6,"amount":300},{"posx":4,"posy":7,"amount":650},{"posx":4,"posy":8,"amount":600},{"posx":12,"posy":8,"amount":500},{"posx":18,"posy":8,"amount":300}],"changedObstacles":[]},{"players":[{"playerId":2451990,"score":400,"energy":30,"posx":6,"posy":5,"lastAction":5,"status":0},{"playerId":239305,"score":550,"energy":10,"posx":9,"posy":6,"lastAction":5,"status":0},{"playerId":5722,"score":550,"energy":10,"posx":9,"posy":6,"lastAction":5,"status":0},{"playerId":2422729,"score":50,"energy":2,"posx":12,"posy":8,"lastAction":5,"status":0}],"golds":[{"posx":7,"posy":0,"amount":550},{"posx":17,"posy":0,"amount":700},{"posx":11,"posy":1,"amount":750},{"posx":20,"posy":2,"amount":150},{"posx":2,"posy":3,"amount":100},{"posx":6,"posy":3,"amount":250},{"posx":12,"posy":3,"amount":500},{"posx":7,"posy":4,"amount":450},{"posx":8,"posy":4,"amount":250},{"posx":19,"posy":4,"amount":300},{"posx":6,"posy":5,"amount":550},{"posx":16,"posy":5,"amount":250},{"posx":15,"posy":6,"amount":550},{"posx":19,"posy":6,"amount":300},{"posx":4,"posy":7,"amount":650},{"posx":4,"posy":8,"amount":600},{"posx":12,"posy":8,"amount":450},{"posx":18,"posy":8,"amount":300}],"changedObstacles":[{"type":0,"posx":9,"posy":6,"value":-1}]},{"players":[{"playerId":2451990,"score":450,"energy":25,"posx":6,"posy":5,"lastAction":5,"status":0},{"playerId":239305,"score":550,"energy":9,"posx":9,"posy":5,"lastAction":2,"status":0},{"playerId":5722,"score":550,"energy":22,"posx":9,"posy":6,"lastAction":4,"status":0},{"playerId":2422729,"score":50,"energy":14,"posx":12,"posy":8,"lastAction":4,"status":0}],"golds":[{"posx":7,"posy":0,"amount":550},{"posx":17,"posy":0,"amount":700},{"posx":11,"posy":1,"amount":750},{"posx":20,"posy":2,"amount":150},{"posx":2,"posy":3,"amount":100},{"posx":6,"posy":3,"amount":250},{"posx":12,"posy":3,"amount":500},{"posx":7,"posy":4,"amount":450},{"posx":8,"posy":4,"amount":250},{"posx":19,"posy":4,"amount":300},{"posx":6,"posy":5,"amount":500},{"posx":16,"posy":5,"amount":250},{"posx":15,"posy":6,"amount":550},{"posx":19,"posy":6,"amount":300},{"posx":4,"posy":7,"amount":650},{"posx":4,"posy":8,"amount":600},{"posx":12,"posy":8,"amount":450},{"posx":18,"posy":8,"amount":300}],"changedObstacles":[]},{"players":[{"playerId":2451990,"score":500,"energy":20,"posx":6,"posy":5,"lastAction":5,"status":0},{"playerId":239305,"score":550,"energy":8,"posx":9,"posy":4,"lastAction":2,"status":0},{"playerId":5722,"score":550,"energy":21,"posx":9,"posy":5,"lastAction":2,"status":0},{"playerId":2422729,"score":50,"energy":30,"posx":12,"posy":8,"lastAction":4,"status":0}],"golds":[{"posx":7,"posy":0,"amount":550},{"posx":17,"posy":0,"amount":700},{"posx":11,"posy":1,"amount":750},{"posx":20,"posy":2,"amount":150},{"posx":2,"posy":3,"amount":100},{"posx":6,"posy":3,"amount":250},{"posx":12,"posy":3,"amount":500},{"posx":7,"posy":4,"amount":450},{"posx":8,"posy":4,"amount":250},{"posx":19,"posy":4,"amount":300},{"posx":6,"posy":5,"amount":450},{"posx":16,"posy":5,"amount":250},{"posx":15,"posy":6,"amount":550},{"posx":19,"posy":6,"amount":300},{"posx":4,"posy":7,"amount":650},{"posx":4,"posy":8,"amount":600},{"posx":12,"posy":8,"amount":450},{"posx":18,"posy":8,"amount":300}],"changedObstacles":[]},{"players":[{"playerId":2451990,"score":550,"energy":15,"posx":6,"posy":5,"lastAction":5,"status":0},{"playerId":239305,"score":550,"energy":4,"posx":8,"posy":4,"lastAction":0,"status":0},{"playerId":5722,"score":550,"energy":20,"posx":9,"posy":4,"lastAction":2,"status":0},{"playerId":2422729,"score":50,"energy":50,"posx":12,"posy":8,"lastAction":4,"status":0}],"golds":[{"posx":7,"posy":0,"amount":550},{"posx":17,"posy":0,"amount":700},{"posx":11,"posy":1,"amount":750},{"posx":20,"posy":2,"amount":150},{"posx":2,"posy":3,"amount":100},{"posx":6,"posy":3,"amount":250},{"posx":12,"posy":3,"amount":500},{"posx":7,"posy":4,"amount":450},{"posx":8,"posy":4,"amount":250},{"posx":19,"posy":4,"amount":300},{"posx":6,"posy":5,"amount":400},{"posx":16,"posy":5,"amount":250},{"posx":15,"posy":6,"amount":550},{"posx":19,"posy":6,"amount":300},{"posx":4,"posy":7,"amount":650},{"posx":4,"posy":8,"amount":600},{"posx":12,"posy":8,"amount":450},{"posx":18,"posy":8,"amount":300}],"changedObstacles":[]},{"players":[{"playerId":2451990,"score":600,"energy":10,"posx":6,"posy":5,"lastAction":5,"status":0},{"playerId":239305,"score":550,"energy":16,"posx":8,"posy":4,"lastAction":4,"status":0},{"playerId":5722,"score":550,"energy":16,"posx":8,"posy":4,"lastAction":0,"status":0},{"playerId":2422729,"score":100,"energy":45,"posx":12,"posy":8,"lastAction":5,"status":0}],"golds":[{"posx":7,"posy":0,"amount":550},{"posx":17,"posy":0,"amount":700},{"posx":11,"posy":1,"amount":750},{"posx":20,"posy":2,"amount":150},{"posx":2,"posy":3,"amount":100},{"posx":6,"posy":3,"amount":250},{"posx":12,"posy":3,"amount":500},{"posx":7,"posy":4,"amount":450},{"posx":8,"posy":4,"amount":250},{"posx":19,"posy":4,"amount":300},{"posx":6,"posy":5,"amount":350},{"posx":16,"posy":5,"amount":250},{"posx":15,"posy":6,"amount":550},{"posx":19,"posy":6,"amount":300},{"posx":4,"posy":7,"amount":650},{"posx":4,"posy":8,"amount":600},{"posx":12,"posy":8,"amount":400},{"posx":18,"posy":8,"amount":300}],"changedObstacles":[]},{"players":[{"playerId":2451990,"score":650,"energy":5,"posx":6,"posy":5,"lastAction":5,"status":0},{"playerId":239305,"score":600,"energy":11,"posx":8,"posy":4,"lastAction":5,"status":0},{"playerId":5722,"score":600,"energy":11,"posx":8,"posy":4,"lastAction":5,"status":0},{"playerId":2422729,"score":150,"energy":40,"posx":12,"posy":8,"lastAction":5,"status":0}],"golds":[{"posx":7,"posy":0,"amount":550},{"posx":17,"posy":0,"amount":700},{"posx":11,"posy":1,"amount":750},{"posx":20,"posy":2,"amount":150},{"posx":2,"posy":3,"amount":100},{"posx":6,"posy":3,"amount":250},{"posx":12,"posy":3,"amount":500},{"posx":7,"posy":4,"amount":450},{"posx":8,"posy":4,"amount":150},{"posx":19,"posy":4,"amount":300},{"posx":6,"posy":5,"amount":300},{"posx":16,"posy":5,"amount":250},{"posx":15,"posy":6,"amount":550},{"posx":19,"posy":6,"amount":300},{"posx":4,"posy":7,"amount":650},{"posx":4,"posy":8,"amount":600},{"posx":12,"posy":8,"amount":350},{"posx":18,"posy":8,"amount":300}],"changedObstacles":[]},{"players":[{"playerId":2451990,"score":650,"energy":17,"posx":6,"posy":5,"lastAction":4,"status":0},{"playerId":239305,"score":650,"energy":6,"posx":8,"posy":4,"lastAction":5,"status":0},{"playerId":5722,"score":650,"energy":6,"posx":8,"posy":4,"lastAction":5,"status":0},{"playerId":2422729,"score":200,"energy":35,"posx":12,"posy":8,"lastAction":5,"status":0}],"golds":[{"posx":7,"posy":0,"amount":550},{"posx":17,"posy":0,"amount":700},{"posx":11,"posy":1,"amount":750},{"posx":20,"posy":2,"amount":150},{"posx":2,"posy":3,"amount":100},{"posx":6,"posy":3,"amount":250},{"posx":12,"posy":3,"amount":500},{"posx":7,"posy":4,"amount":450},{"posx":8,"posy":4,"amount":50},{"posx":19,"posy":4,"amount":300},{"posx":6,"posy":5,"amount":300},{"posx":16,"posy":5,"amount":250},{"posx":15,"posy":6,"amount":550},{"posx":19,"posy":6,"amount":300},{"posx":4,"posy":7,"amount":650},{"posx":4,"posy":8,"amount":600},{"posx":12,"posy":8,"amount":300},{"posx":18,"posy":8,"amount":300}],"changedObstacles":[]},{"players":[{"playerId":2451990,"score":650,"energy":33,"posx":6,"posy":5,"lastAction":4,"status":0},{"playerId":239305,"score":700,"energy":1,"posx":8,"posy":4,"lastAction":5,"status":0},{"playerId":5722,"score":650,"energy":18,"posx":8,"posy":4,"lastAction":4,"status":0},{"playerId":2422729,"score":250,"energy":30,"posx":12,"posy":8,"lastAction":5,"status":0}],"golds":[{"posx":7,"posy":0,"amount":550},{"posx":17,"posy":0,"amount":700},{"posx":11,"posy":1,"amount":750},{"posx":20,"posy":2,"amount":150},{"posx":2,"posy":3,"amount":100},{"posx":6,"posy":3,"amount":250},{"posx":12,"posy":3,"amount":500},{"posx":7,"posy":4,"amount":450},{"posx":19,"posy":4,"amount":300},{"posx":6,"posy":5,"amount":300},{"posx":16,"posy":5,"amount":250},{"posx":15,"posy":6,"amount":550},{"posx":19,"posy":6,"amount":300},{"posx":4,"posy":7,"amount":650},{"posx":4,"posy":8,"amount":600},{"posx":12,"posy":8,"amount":250},{"posx":18,"posy":8,"amount":300}],"changedObstacles":[{"type":0,"posx":8,"posy":4,"value":-1}]},{"players":[{"playerId":2451990,"score":650,"energy":50,"posx":6,"posy":5,"lastAction":4,"status":0},{"playerId":239305,"score":700,"energy":13,"posx":8,"posy":4,"lastAction":4,"status":0},{"playerId":5722,"score":650,"energy":34,"posx":8,"posy":4,"lastAction":4,"status":0},{"playerId":2422729,"score":300,"energy":25,"posx":12,"posy":8,"lastAction":5,"status":0}],"golds":[{"posx":7,"posy":0,"amount":550},{"posx":17,"posy":0,"amount":700},{"posx":11,"posy":1,"amount":750},{"posx":20,"posy":2,"amount":150},{"posx":2,"posy":3,"amount":100},{"posx":6,"posy":3,"amount":250},{"posx":12,"posy":3,"amount":500},{"posx":7,"posy":4,"amount":450},{"posx":19,"posy":4,"amount":300},{"posx":6,"posy":5,"amount":300},{"posx":16,"posy":5,"amount":250},{"posx":15,"posy":6,"amount":550},{"posx":19,"posy":6,"amount":300},{"posx":4,"posy":7,"amount":650},{"posx":4,"posy":8,"amount":600},{"posx":12,"posy":8,"amount":200},{"posx":18,"posy":8,"amount":300}],"changedObstacles":[]},{"players":[{"playerId":2451990,"score":700,"energy":45,"posx":6,"posy":5,"lastAction":5,"status":0},{"playerId":239305,"score":700,"energy":29,"posx":8,"posy":4,"lastAction":4,"status":0},{"playerId":5722,"score":650,"energy":30,"posx":7,"posy":4,"lastAction":0,"status":0},{"playerId":2422729,"score":350,"energy":20,"posx":12,"posy":8,"lastAction":5,"status":0}],"golds":[{"posx":7,"posy":0,"amount":550},{"posx":17,"posy":0,"amount":700},{"posx":11,"posy":1,"amount":750},{"posx":20,"posy":2,"amount":150},{"posx":2,"posy":3,"amount":100},{"posx":6,"posy":3,"amount":250},{"posx":12,"posy":3,"amount":500},{"posx":7,"posy":4,"amount":450},{"posx":19,"posy":4,"amount":300},{"posx":6,"posy":5,"amount":250},{"posx":16,"posy":5,"amount":250},{"posx":15,"posy":6,"amount":550},{"posx":19,"posy":6,"amount":300},{"posx":4,"posy":7,"amount":650},{"posx":4,"posy":8,"amount":600},{"posx":12,"posy":8,"amount":150},{"posx":18,"posy":8,"amount":300}],"changedObstacles":[]},{"players":[{"playerId":2451990,"score":750,"energy":40,"posx":6,"posy":5,"lastAction":5,"status":0},{"playerId":239305,"score":700,"energy":50,"posx":8,"posy":4,"lastAction":4,"status":0},{"playerId":5722,"score":700,"energy":25,"posx":7,"posy":4,"lastAction":5,"status":0},{"playerId":2422729,"score":400,"energy":15,"posx":12,"posy":8,"lastAction":5,"status":0}],"golds":[{"posx":7,"posy":0,"amount":550},{"posx":17,"posy":0,"amount":700},{"posx":11,"posy":1,"amount":750},{"posx":20,"posy":2,"amount":150},{"posx":2,"posy":3,"amount":100},{"posx":6,"posy":3,"amount":250},{"posx":12,"posy":3,"amount":500},{"posx":7,"posy":4,"amount":400},{"posx":19,"posy":4,"amount":300},{"posx":6,"posy":5,"amount":200},{"posx":16,"posy":5,"amount":250},{"posx":15,"posy":6,"amount":550},{"posx":19,"posy":6,"amount":300},{"posx":4,"posy":7,"amount":650},{"posx":4,"posy":8,"amount":600},{"posx":12,"posy":8,"amount":100},{"posx":18,"posy":8,"amount":300}],"changedObstacles":[]},{"players":[{"playerId":2451990,"score":800,"energy":35,"posx":6,"posy":5,"lastAction":5,"status":0},{"playerId":239305,"score":700,"energy":46,"posx":7,"posy":4,"lastAction":0,"status":0},{"playerId":5722,"score":750,"energy":20,"posx":7,"posy":4,"lastAction":5,"status":0},{"playerId":2422729,"score":450,"energy":10,"posx":12,"posy":8,"lastAction":5,"status":0}],"golds":[{"posx":7,"posy":0,"amount":550},{"posx":17,"posy":0,"amount":700},{"posx":11,"posy":1,"amount":750},{"posx":20,"posy":2,"amount":150},{"posx":2,"posy":3,"amount":100},{"posx":6,"posy":3,"amount":250},{"posx":12,"posy":3,"amount":500},{"posx":7,"posy":4,"amount":350},{"posx":19,"posy":4,"amount":300},{"posx":6,"posy":5,"amount":150},{"posx":16,"posy":5,"amount":250},{"posx":15,"posy":6,"amount":550},{"posx":19,"posy":6,"amount":300},{"posx":4,"posy":7,"amount":650},{"posx":4,"posy":8,"amount":600},{"posx":12,"posy":8,"amount":50},{"posx":18,"posy":8,"amount":300}],"changedObstacles":[]},{"players":[{"playerId":2451990,"score":850,"energy":30,"posx":6,"posy":5,"lastAction":5,"status":0},{"playerId":239305,"score":750,"energy":41,"posx":7,"posy":4,"lastAction":5,"status":0},{"playerId":5722,"score":800,"energy":15,"posx":7,"posy":4,"lastAction":5,"status":0},{"playerId":2422729,"score":500,"energy":5,"posx":12,"posy":8,"lastAction":5,"status":0}],"golds":[{"posx":7,"posy":0,"amount":550},{"posx":17,"posy":0,"amount":700},{"posx":11,"posy":1,"amount":750},{"posx":20,"posy":2,"amount":150},{"posx":2,"posy":3,"amount":100},{"posx":6,"posy":3,"amount":250},{"posx":12,"posy":3,"amount":500},{"posx":7,"posy":4,"amount":250},{"posx":19,"posy":4,"amount":300},{"posx":6,"posy":5,"amount":100},{"posx":16,"posy":5,"amount":250},{"posx":15,"posy":6,"amount":550},{"posx":19,"posy":6,"amount":300},{"posx":4,"posy":7,"amount":650},{"posx":4,"posy":8,"amount":600},{"posx":18,"posy":8,"amount":300}],"changedObstacles":[{"type":0,"posx":12,"posy":8,"value":-1}]},{"players":[{"playerId":2451990,"score":900,"energy":25,"posx":6,"posy":5,"lastAction":5,"status":0},{"playerId":239305,"score":800,"energy":36,"posx":7,"posy":4,"lastAction":5,"status":0},{"playerId":5722,"score":850,"energy":10,"posx":7,"posy":4,"lastAction":5,"status":0},{"playerId":2422729,"score":500,"energy":4,"posx":12,"posy":7,"lastAction":2,"status":0}],"golds":[{"posx":7,"posy":0,"amount":550},{"posx":17,"posy":0,"amount":700},{"posx":11,"posy":1,"amount":750},{"posx":20,"posy":2,"amount":150},{"posx":2,"posy":3,"amount":100},{"posx":6,"posy":3,"amount":250},{"posx":12,"posy":3,"amount":500},{"posx":7,"posy":4,"amount":150},{"posx":19,"posy":4,"amount":300},{"posx":6,"posy":5,"amount":50},{"posx":16,"posy":5,"amount":250},{"posx":15,"posy":6,"amount":550},{"posx":19,"posy":6,"amount":300},{"posx":4,"posy":7,"amount":650},{"posx":4,"posy":8,"amount":600},{"posx":18,"posy":8,"amount":300}],"changedObstacles":[]},{"players":[{"playerId":2451990,"score":950,"energy":20,"posx":6,"posy":5,"lastAction":5,"status":0},{"playerId":239305,"score":850,"energy":31,"posx":7,"posy":4,"lastAction":5,"status":0},{"playerId":5722,"score":850,"energy":22,"posx":7,"posy":4,"lastAction":4,"status":0},{"playerId":2422729,"score":500,"energy":16,"posx":12,"posy":7,"lastAction":4,"status":0}],"golds":[{"posx":7,"posy":0,"amount":550},{"posx":17,"posy":0,"amount":700},{"posx":11,"posy":1,"amount":750},{"posx":20,"posy":2,"amount":150},{"posx":2,"posy":3,"amount":100},{"posx":6,"posy":3,"amount":250},{"posx":12,"posy":3,"amount":500},{"posx":7,"posy":4,"amount":100},{"posx":19,"posy":4,"amount":300},{"posx":16,"posy":5,"amount":250},{"posx":15,"posy":6,"amount":550},{"posx":19,"posy":6,"amount":300},{"posx":4,"posy":7,"amount":650},{"posx":4,"posy":8,"amount":600},{"posx":18,"posy":8,"amount":300}],"changedObstacles":[{"type":0,"posx":6,"posy":5,"value":-1}]},{"players":[{"playerId":2451990,"score":950,"energy":15,"posx":6,"posy":4,"lastAction":2,"status":0},{"playerId":239305,"score":900,"energy":26,"posx":7,"posy":4,"lastAction":5,"status":0},{"playerId":5722,"score":900,"energy":17,"posx":7,"posy":4,"lastAction":5,"status":0},{"playerId":2422729,"score":500,"energy":32,"posx":12,"posy":7,"lastAction":4,"status":0}],"golds":[{"posx":7,"posy":0,"amount":550},{"posx":17,"posy":0,"amount":700},{"posx":11,"posy":1,"amount":750},{"posx":20,"posy":2,"amount":150},{"posx":2,"posy":3,"amount":100},{"posx":6,"posy":3,"amount":250},{"posx":12,"posy":3,"amount":500},{"posx":19,"posy":4,"amount":300},{"posx":16,"posy":5,"amount":250},{"posx":15,"posy":6,"amount":550},{"posx":19,"posy":6,"amount":300},{"posx":4,"posy":7,"amount":650},{"posx":4,"posy":8,"amount":600},{"posx":18,"posy":8,"amount":300}],"changedObstacles":[{"type":3,"posx":6,"posy":4,"value":-20},{"type":0,"posx":7,"posy":4,"value":-1}]},{"players":[{"playerId":2451990,"score":950,"energy":11,"posx":6,"posy":3,"lastAction":2,"status":0},{"playerId":239305,"score":900,"energy":16,"posx":7,"posy":3,"lastAction":2,"status":0},{"playerId":5722,"score":900,"energy":29,"posx":7,"posy":4,"lastAction":4,"status":0},{"playerId":2422729,"score":500,"energy":50,"posx":12,"posy":7,"lastAction":4,"status":0}],"golds":[{"posx":7,"posy":0,"amount":550},{"posx":17,"posy":0,"amount":700},{"posx":11,"posy":1,"amount":750},{"posx":20,"posy":2,"amount":150},{"posx":2,"posy":3,"amount":100},{"posx":6,"posy":3,"amount":250},{"posx":12,"posy":3,"amount":500},{"posx":19,"posy":4,"amount":300},{"posx":16,"posy":5,"amount":250},{"posx":15,"posy":6,"amount":550},{"posx":19,"posy":6,"amount":300},{"posx":4,"posy":7,"amount":650},{"posx":4,"posy":8,"amount":600},{"posx":18,"posy":8,"amount":300}],"changedObstacles":[]},{"players":[{"playerId":2451990,"score":1000,"energy":6,"posx":6,"posy":3,"lastAction":5,"status":0},{"playerId":239305,"score":900,"energy":12,"posx":6,"posy":3,"lastAction":0,"status":0},{"playerId":5722,"score":900,"energy":17,"posx":7,"posy":3,"lastAction":2,"status":0},{"playerId":2422729,"score":500,"energy":49,"posx":13,"posy":7,"lastAction":1,"status":0}],"golds":[{"posx":7,"posy":0,"amount":550},{"posx":17,"posy":0,"amount":700},{"posx":11,"posy":1,"amount":750},{"posx":20,"posy":2,"amount":150},{"posx":2,"posy":3,"amount":100},{"posx":6,"posy":3,"amount":200},{"posx":12,"posy":3,"amount":500},{"posx":19,"posy":4,"amount":300},{"posx":16,"posy":5,"amount":250},{"posx":15,"posy":6,"amount":550},{"posx":19,"posy":6,"amount":300},{"posx":4,"posy":7,"amount":650},{"posx":4,"posy":8,"amount":600},{"posx":18,"posy":8,"amount":300}],"changedObstacles":[]},{"players":[{"playerId":2451990,"score":1050,"energy":1,"posx":6,"posy":3,"lastAction":5,"status":0},{"playerId":239305,"score":950,"energy":7,"posx":6,"posy":3,"lastAction":5,"status":0},{"playerId":5722,"score":900,"energy":29,"posx":7,"posy":3,"lastAction":4,"status":0},{"playerId":2422729,"score":500,"energy":48,"posx":13,"posy":6,"lastAction":2,"status":0}],"golds":[{"posx":7,"posy":0,"amount":550},{"posx":17,"posy":0,"amount":700},{"posx":11,"posy":1,"amount":750},{"posx":20,"posy":2,"amount":150},{"posx":2,"posy":3,"amount":100},{"posx":6,"posy":3,"amount":100},{"posx":12,"posy":3,"amount":500},{"posx":19,"posy":4,"amount":300},{"posx":16,"posy":5,"amount":250},{"posx":15,"posy":6,"amount":550},{"posx":19,"posy":6,"amount":300},{"posx":4,"posy":7,"amount":650},{"posx":4,"posy":8,"amount":600},{"posx":18,"posy":8,"amount":300}],"changedObstacles":[]},{"players":[{"playerId":2451990,"score":1050,"energy":13,"posx":6,"posy":3,"lastAction":4,"status":0},{"playerId":239305,"score":1000,"energy":2,"posx":6,"posy":3,"lastAction":5,"status":0},{"playerId":5722,"score":900,"energy":25,"posx":6,"posy":3,"lastAction":0,"status":0},{"playerId":2422729,"score":500,"energy":47,"posx":14,"posy":6,"lastAction":1,"status":0}],"golds":[{"posx":7,"posy":0,"amount":550},{"posx":17,"posy":0,"amount":700},{"posx":11,"posy":1,"amount":750},{"posx":20,"posy":2,"amount":150},{"posx":2,"posy":3,"amount":100},{"posx":6,"posy":3,"amount":50},{"posx":12,"posy":3,"amount":500},{"posx":19,"posy":4,"amount":300},{"posx":16,"posy":5,"amount":250},{"posx":15,"posy":6,"amount":550},{"posx":19,"posy":6,"amount":300},{"posx":4,"posy":7,"amount":650},{"posx":4,"posy":8,"amount":600},{"posx":18,"posy":8,"amount":300}],"changedObstacles":[]},{"players":[{"playerId":2451990,"score":1050,"energy":29,"posx":6,"posy":3,"lastAction":4,"status":0},{"playerId":239305,"score":1000,"energy":14,"posx":6,"posy":3,"lastAction":4,"status":0},{"playerId":5722,"score":950,"energy":20,"posx":6,"posy":3,"lastAction":5,"status":0},{"playerId":2422729,"score":500,"energy":43,"posx":15,"posy":6,"lastAction":1,"status":0}],"golds":[{"posx":7,"posy":0,"amount":550},{"posx":17,"posy":0,"amount":700},{"posx":11,"posy":1,"amount":750},{"posx":20,"posy":2,"amount":150},{"posx":2,"posy":3,"amount":100},{"posx":12,"posy":3,"amount":500},{"posx":19,"posy":4,"amount":300},{"posx":16,"posy":5,"amount":250},{"posx":15,"posy":6,"amount":550},{"posx":19,"posy":6,"amount":300},{"posx":4,"posy":7,"amount":650},{"posx":4,"posy":8,"amount":600},{"posx":18,"posy":8,"amount":300}],"changedObstacles":[{"type":0,"posx":6,"posy":3,"value":-1}]},{"players":[{"playerId":2451990,"score":1050,"energy":50,"posx":6,"posy":3,"lastAction":4,"status":0},{"playerId":239305,"score":1000,"energy":30,"posx":6,"posy":3,"lastAction":4,"status":0},{"playerId":5722,"score":950,"energy":32,"posx":6,"posy":3,"lastAction":4,"status":0},{"playerId":2422729,"score":550,"energy":38,"posx":15,"posy":6,"lastAction":5,"status":0}],"golds":[{"posx":7,"posy":0,"amount":550},{"posx":17,"posy":0,"amount":700},{"posx":11,"posy":1,"amount":750},{"posx":20,"posy":2,"amount":150},{"posx":2,"posy":3,"amount":100},{"posx":12,"posy":3,"amount":500},{"posx":19,"posy":4,"amount":300},{"posx":16,"posy":5,"amount":250},{"posx":15,"posy":6,"amount":500},{"posx":19,"posy":6,"amount":300},{"posx":4,"posy":7,"amount":650},{"posx":4,"posy":8,"amount":600},{"posx":18,"posy":8,"amount":300}],"changedObstacles":[]},{"players":[{"playerId":2451990,"score":1050,"energy":40,"posx":6,"posy":2,"lastAction":2,"status":0},{"playerId":239305,"score":1000,"energy":50,"posx":6,"posy":3,"lastAction":4,"status":0},{"playerId":5722,"score":950,"energy":31,"posx":5,"posy":3,"lastAction":0,"status":0},{"playerId":2422729,"score":600,"energy":33,"posx":15,"posy":6,"lastAction":5,"status":0}],"golds":[{"posx":7,"posy":0,"amount":550},{"posx":17,"posy":0,"amount":700},{"posx":11,"posy":1,"amount":750},{"posx":20,"posy":2,"amount":150},{"posx":2,"posy":3,"amount":100},{"posx":12,"posy":3,"amount":500},{"posx":19,"posy":4,"amount":300},{"posx":16,"posy":5,"amount":250},{"posx":15,"posy":6,"amount":450},{"posx":19,"posy":6,"amount":300},{"posx":4,"posy":7,"amount":650},{"posx":4,"posy":8,"amount":600},{"posx":18,"posy":8,"amount":300}],"changedObstacles":[{"type":0,"posx":6,"posy":2,"value":-1}]},{"players":[{"playerId":2451990,"score":1050,"energy":39,"posx":6,"posy":1,"lastAction":2,"status":0},{"playerId":239305,"score":1000,"energy":49,"posx":6,"posy":2,"lastAction":2,"status":0},{"playerId":5722,"score":950,"energy":30,"posx":5,"posy":2,"lastAction":2,"status":0},{"playerId":2422729,"score":650,"energy":28,"posx":15,"posy":6,"lastAction":5,"status":0}],"golds":[{"posx":7,"posy":0,"amount":550},{"posx":17,"posy":0,"amount":700},{"posx":11,"posy":1,"amount":750},{"posx":20,"posy":2,"amount":150},{"posx":2,"posy":3,"amount":100},{"posx":12,"posy":3,"amount":500},{"posx":19,"posy":4,"amount":300},{"posx":16,"posy":5,"amount":250},{"posx":15,"posy":6,"amount":400},{"posx":19,"posy":6,"amount":300},{"posx":4,"posy":7,"amount":650},{"posx":4,"posy":8,"amount":600},{"posx":18,"posy":8,"amount":300}],"changedObstacles":[]},{"players":[{"playerId":2451990,"score":1050,"energy":38,"posx":6,"posy":0,"lastAction":2,"status":0},{"playerId":239305,"score":1000,"energy":48,"posx":6,"posy":1,"lastAction":2,"status":0},{"playerId":5722,"score":950,"energy":25,"posx":5,"posy":1,"lastAction":2,"status":0},{"playerId":2422729,"score":700,"energy":23,"posx":15,"posy":6,"lastAction":5,"status":0}],"golds":[{"posx":7,"posy":0,"amount":550},{"posx":17,"posy":0,"amount":700},{"posx":11,"posy":1,"amount":750},{"posx":20,"posy":2,"amount":150},{"posx":2,"posy":3,"amount":100},{"posx":12,"posy":3,"amount":500},{"posx":19,"posy":4,"amount":300},{"posx":16,"posy":5,"amount":250},{"posx":15,"posy":6,"amount":350},{"posx":19,"posy":6,"amount":300},{"posx":4,"posy":7,"amount":650},{"posx":4,"posy":8,"amount":600},{"posx":18,"posy":8,"amount":300}],"changedObstacles":[{"type":3,"posx":5,"posy":1,"value":-20}]},{"players":[{"playerId":2451990,"score":1050,"energy":34,"posx":7,"posy":0,"lastAction":1,"status":0},{"playerId":239305,"score":1000,"energy":47,"posx":6,"posy":0,"lastAction":2,"status":0},{"playerId":5722,"score":950,"energy":24,"posx":6,"posy":1,"lastAction":1,"status":0},{"playerId":2422729,"score":750,"energy":18,"posx":15,"posy":6,"lastAction":5,"status":0}],"golds":[{"posx":7,"posy":0,"amount":550},{"posx":17,"posy":0,"amount":700},{"posx":11,"posy":1,"amount":750},{"posx":20,"posy":2,"amount":150},{"posx":2,"posy":3,"amount":100},{"posx":12,"posy":3,"amount":500},{"posx":19,"posy":4,"amount":300},{"posx":16,"posy":5,"amount":250},{"posx":15,"posy":6,"amount":300},{"posx":19,"posy":6,"amount":300},{"posx":4,"posy":7,"amount":650},{"posx":4,"posy":8,"amount":600},{"posx":18,"posy":8,"amount":300}],"changedObstacles":[]},{"players":[{"playerId":2451990,"score":1100,"energy":29,"posx":7,"posy":0,"lastAction":5,"status":0},{"playerId":239305,"score":1000,"energy":43,"posx":7,"posy":0,"lastAction":1,"status":0},{"playerId":5722,"score":950,"energy":23,"posx":6,"posy":0,"lastAction":2,"status":0},{"playerId":2422729,"score":800,"energy":13,"posx":15,"posy":6,"lastAction":5,"status":0}],"golds":[{"posx":7,"posy":0,"amount":500},{"posx":17,"posy":0,"amount":700},{"posx":11,"posy":1,"amount":750},{"posx":20,"posy":2,"amount":150},{"posx":2,"posy":3,"amount":100},{"posx":12,"posy":3,"amount":500},{"posx":19,"posy":4,"amount":300},{"posx":16,"posy":5,"amount":250},{"posx":15,"posy":6,"amount":250},{"posx":19,"posy":6,"amount":300},{"posx":4,"posy":7,"amount":650},{"posx":4,"posy":8,"amount":600},{"posx":18,"posy":8,"amount":300}],"changedObstacles":[]},{"players":[{"playerId":2451990,"score":1150,"energy":24,"posx":7,"posy":0,"lastAction":5,"status":0},{"playerId":239305,"score":1050,"energy":38,"posx":7,"posy":0,"lastAction":5,"status":0},{"playerId":5722,"score":950,"energy":19,"posx":7,"posy":0,"lastAction":1,"status":0},{"playerId":2422729,"score":850,"energy":8,"posx":15,"posy":6,"lastAction":5,"status":0}],"golds":[{"posx":7,"posy":0,"amount":400},{"posx":17,"posy":0,"amount":700},{"posx":11,"posy":1,"amount":750},{"posx":20,"posy":2,"amount":150},{"posx":2,"posy":3,"amount":100},{"posx":12,"posy":3,"amount":500},{"posx":19,"posy":4,"amount":300},{"posx":16,"posy":5,"amount":250},{"posx":15,"posy":6,"amount":200},{"posx":19,"posy":6,"amount":300},{"posx":4,"posy":7,"amount":650},{"posx":4,"posy":8,"amount":600},{"posx":18,"posy":8,"amount":300}],"changedObstacles":[]},{"players":[{"playerId":2451990,"score":1200,"energy":19,"posx":7,"posy":0,"lastAction":5,"status":0},{"playerId":239305,"score":1100,"energy":33,"posx":7,"posy":0,"lastAction":5,"status":0},{"playerId":5722,"score":1000,"energy":14,"posx":7,"posy":0,"lastAction":5,"status":0},{"playerId":2422729,"score":900,"energy":3,"posx":15,"posy":6,"lastAction":5,"status":0}],"golds":[{"posx":7,"posy":0,"amount":250},{"posx":17,"posy":0,"amount":700},{"posx":11,"posy":1,"amount":750},{"posx":20,"posy":2,"amount":150},{"posx":2,"posy":3,"amount":100},{"posx":12,"posy":3,"amount":500},{"posx":19,"posy":4,"amount":300},{"posx":16,"posy":5,"amount":250},{"posx":15,"posy":6,"amount":150},{"posx":19,"posy":6,"amount":300},{"posx":4,"posy":7,"amount":650},{"posx":4,"posy":8,"amount":600},{"posx":18,"posy":8,"amount":300}],"changedObstacles":[]},{"players":[{"playerId":2451990,"score":1250,"energy":14,"posx":7,"posy":0,"lastAction":5,"status":0},{"playerId":239305,"score":1150,"energy":28,"posx":7,"posy":0,"lastAction":5,"status":0},{"playerId":5722,"score":1050,"energy":9,"posx":7,"posy":0,"lastAction":5,"status":0},{"playerId":2422729,"score":900,"energy":15,"posx":15,"posy":6,"lastAction":4,"status":0}],"golds":[{"posx":7,"posy":0,"amount":100},{"posx":17,"posy":0,"amount":700},{"posx":11,"posy":1,"amount":750},{"posx":20,"posy":2,"amount":150},{"posx":2,"posy":3,"amount":100},{"posx":12,"posy":3,"amount":500},{"posx":19,"posy":4,"amount":300},{"posx":16,"posy":5,"amount":250},{"posx":15,"posy":6,"amount":150},{"posx":19,"posy":6,"amount":300},{"posx":4,"posy":7,"amount":650},{"posx":4,"posy":8,"amount":600},{"posx":18,"posy":8,"amount":300}],"changedObstacles":[]},{"players":[{"playerId":2451990,"score":1300,"energy":9,"posx":7,"posy":0,"lastAction":5,"status":0},{"playerId":239305,"score":1200,"energy":23,"posx":7,"posy":0,"lastAction":5,"status":0},{"playerId":5722,"score":1050,"energy":21,"posx":7,"posy":0,"lastAction":4,"status":0},{"playerId":2422729,"score":900,"energy":31,"posx":15,"posy":6,"lastAction":4,"status":0}],"golds":[{"posx":17,"posy":0,"amount":700},{"posx":11,"posy":1,"amount":750},{"posx":20,"posy":2,"amount":150},{"posx":2,"posy":3,"amount":100},{"posx":12,"posy":3,"amount":500},{"posx":19,"posy":4,"amount":300},{"posx":16,"posy":5,"amount":250},{"posx":15,"posy":6,"amount":150},{"posx":19,"posy":6,"amount":300},{"posx":4,"posy":7,"amount":650},{"posx":4,"posy":8,"amount":600},{"posx":18,"posy":8,"amount":300}],"changedObstacles":[{"type":0,"posx":7,"posy":0,"value":-1}]},{"players":[{"playerId":2451990,"score":1300,"energy":8,"posx":7,"posy":1,"lastAction":3,"status":0},{"playerId":239305,"score":1200,"energy":22,"posx":7,"posy":1,"lastAction":3,"status":0},{"playerId":5722,"score":1050,"energy":20,"posx":7,"posy":1,"lastAction":3,"status":0},{"playerId":2422729,"score":900,"energy":50,"posx":15,"posy":6,"lastAction":4,"status":0}],"golds":[{"posx":17,"posy":0,"amount":700},{"posx":11,"posy":1,"amount":750},{"posx":20,"posy":2,"amount":150},{"posx":2,"posy":3,"amount":100},{"posx":12,"posy":3,"amount":500},{"posx":19,"posy":4,"amount":300},{"posx":16,"posy":5,"amount":250},{"posx":15,"posy":6,"amount":150},{"posx":19,"posy":6,"amount":300},{"posx":4,"posy":7,"amount":650},{"posx":4,"posy":8,"amount":600},{"posx":18,"posy":8,"amount":300}],"changedObstacles":[]},{"players":[{"playerId":2451990,"score":1300,"energy":7,"posx":8,"posy":1,"lastAction":1,"status":0},{"playerId":239305,"score":1200,"energy":21,"posx":8,"posy":1,"lastAction":1,"status":0},{"playerId":5722,"score":1050,"energy":19,"posx":7,"posy":2,"lastAction":3,"status":0},{"playerId":2422729,"score":950,"energy":45,"posx":15,"posy":6,"lastAction":5,"status":0}],"golds":[{"posx":17,"posy":0,"amount":700},{"posx":11,"posy":1,"amount":750},{"posx":20,"posy":2,"amount":150},{"posx":2,"posy":3,"amount":100},{"posx":12,"posy":3,"amount":500},{"posx":19,"posy":4,"amount":300},{"posx":16,"posy":5,"amount":250},{"posx":15,"posy":6,"amount":100},{"posx":19,"posy":6,"amount":300},{"posx":4,"posy":7,"amount":650},{"posx":4,"posy":8,"amount":600},{"posx":18,"posy":8,"amount":300}],"changedObstacles":[]},{"players":[{"playerId":2451990,"score":1300,"energy":2,"posx":9,"posy":1,"lastAction":1,"status":0},{"playerId":239305,"score":1200,"energy":16,"posx":9,"posy":1,"lastAction":1,"status":0},{"playerId":5722,"score":1050,"energy":31,"posx":7,"posy":2,"lastAction":4,"status":0},{"playerId":2422729,"score":1000,"energy":40,"posx":15,"posy":6,"lastAction":5,"status":0}],"golds":[{"posx":17,"posy":0,"amount":700},{"posx":11,"posy":1,"amount":750},{"posx":20,"posy":2,"amount":150},{"posx":2,"posy":3,"amount":100},{"posx":12,"posy":3,"amount":500},{"posx":19,"posy":4,"amount":300},{"posx":16,"posy":5,"amount":250},{"posx":15,"posy":6,"amount":50},{"posx":19,"posy":6,"amount":300},{"posx":4,"posy":7,"amount":650},{"posx":4,"posy":8,"amount":600},{"posx":18,"posy":8,"amount":300}],"changedObstacles":[{"type":3,"posx":9,"posy":1,"value":-20}]},{"players":[{"playerId":2451990,"score":1300,"energy":1,"posx":10,"posy":1,"lastAction":1,"status":0},{"playerId":239305,"score":1200,"energy":15,"posx":10,"posy":1,"lastAction":1,"status":0},{"playerId":5722,"score":1050,"energy":30,"posx":7,"posy":1,"lastAction":2,"status":0},{"playerId":2422729,"score":1050,"energy":35,"posx":15,"posy":6,"lastAction":5,"status":0}],"golds":[{"posx":17,"posy":0,"amount":700},{"posx":11,"posy":1,"amount":750},{"posx":20,"posy":2,"amount":150},{"posx":2,"posy":3,"amount":100},{"posx":12,"posy":3,"amount":500},{"posx":19,"posy":4,"amount":300},{"posx":16,"posy":5,"amount":250},{"posx":19,"posy":6,"amount":300},{"posx":4,"posy":7,"amount":650},{"posx":4,"posy":8,"amount":600},{"posx":18,"posy":8,"amount":300}],"changedObstacles":[{"type":0,"posx":15,"posy":6,"value":-1}]},{"players":[{"playerId":2451990,"score":1300,"energy":13,"posx":10,"posy":1,"lastAction":4,"status":0},{"playerId":239305,"score":1200,"energy":11,"posx":11,"posy":1,"lastAction":1,"status":0},{"playerId":5722,"score":1050,"energy":29,"posx":7,"posy":0,"lastAction":2,"status":0},{"playerId":2422729,"score":1050,"energy":34,"posx":16,"posy":6,"lastAction":1,"status":0}],"golds":[{"posx":17,"posy":0,"amount":700},{"posx":11,"posy":1,"amount":750},{"posx":20,"posy":2,"amount":150},{"posx":2,"posy":3,"amount":100},{"posx":12,"posy":3,"amount":500},{"posx":19,"posy":4,"amount":300},{"posx":16,"posy":5,"amount":250},{"posx":19,"posy":6,"amount":300},{"posx":4,"posy":7,"amount":650},{"posx":4,"posy":8,"amount":600},{"posx":18,"posy":8,"amount":300}],"changedObstacles":[]},{"players":[{"playerId":2451990,"score":1300,"energy":29,"posx":10,"posy":1,"lastAction":4,"status":0},{"playerId":239305,"score":1250,"energy":6,"posx":11,"posy":1,"lastAction":5,"status":0},{"playerId":5722,"score":1050,"energy":28,"posx":6,"posy":0,"lastAction":0,"status":0},{"playerId":2422729,"score":1050,"energy":33,"posx":17,"posy":6,"lastAction":1,"status":0}],"golds":[{"posx":17,"posy":0,"amount":700},{"posx":11,"posy":1,"amount":700},{"posx":20,"posy":2,"amount":150},{"posx":2,"posy":3,"amount":100},{"posx":12,"posy":3,"amount":500},{"posx":19,"posy":4,"amount":300},{"posx":16,"posy":5,"amount":250},{"posx":19,"posy":6,"amount":300},{"posx":4,"posy":7,"amount":650},{"posx":4,"posy":8,"amount":600},{"posx":18,"posy":8,"amount":300}],"changedObstacles":[]},{"players":[{"playerId":2451990,"score":1300,"energy":50,"posx":10,"posy":1,"lastAction":4,"status":0},{"playerId":239305,"score":1300,"energy":1,"posx":11,"posy":1,"lastAction":5,"status":0},{"playerId":5722,"score":1050,"energy":27,"posx":5,"posy":0,"lastAction":0,"status":0},{"playerId":2422729,"score":1050,"energy":32,"posx":17,"posy":5,"lastAction":2,"status":0}],"golds":[{"posx":17,"posy":0,"amount":700},{"posx":11,"posy":1,"amount":650},{"posx":20,"posy":2,"amount":150},{"posx":2,"posy":3,"amount":100},{"posx":12,"posy":3,"amount":500},{"posx":19,"posy":4,"amount":300},{"posx":16,"posy":5,"amount":250},{"posx":19,"posy":6,"amount":300},{"posx":4,"posy":7,"amount":650},{"posx":4,"posy":8,"amount":600},{"posx":18,"posy":8,"amount":300}],"changedObstacles":[]},{"players":[{"playerId":2451990,"score":1300,"energy":49,"posx":10,"posy":2,"lastAction":3,"status":0},{"playerId":239305,"score":1300,"energy":13,"posx":11,"posy":1,"lastAction":4,"status":0},{"playerId":5722,"score":1050,"energy":26,"posx":4,"posy":0,"lastAction":0,"status":0},{"playerId":2422729,"score":1050,"energy":31,"posx":17,"posy":4,"lastAction":2,"status":0}],"golds":[{"posx":17,"posy":0,"amount":700},{"posx":11,"posy":1,"amount":650},{"posx":20,"posy":2,"amount":150},{"posx":2,"posy":3,"amount":100},{"posx":12,"posy":3,"amount":500},{"posx":19,"posy":4,"amount":300},{"posx":16,"posy":5,"amount":250},{"posx":19,"posy":6,"amount":300},{"posx":4,"posy":7,"amount":650},{"posx":4,"posy":8,"amount":600},{"posx":18,"posy":8,"amount":300}],"changedObstacles":[]},{"players":[{"playerId":2451990,"score":1300,"energy":48,"posx":10,"posy":1,"lastAction":2,"status":0},{"playerId":239305,"score":1300,"energy":29,"posx":11,"posy":1,"lastAction":4,"status":0},{"playerId":5722,"score":1050,"energy":25,"posx":3,"posy":0,"lastAction":0,"status":0},{"playerId":2422729,"score":1050,"energy":26,"posx":18,"posy":4,"lastAction":1,"status":0}],"golds":[{"posx":17,"posy":0,"amount":700},{"posx":11,"posy":1,"amount":650},{"posx":20,"posy":2,"amount":150},{"posx":2,"posy":3,"amount":100},{"posx":12,"posy":3,"amount":500},{"posx":19,"posy":4,"amount":300},{"posx":16,"posy":5,"amount":250},{"posx":19,"posy":6,"amount":300},{"posx":4,"posy":7,"amount":650},{"posx":4,"posy":8,"amount":600},{"posx":18,"posy":8,"amount":300}],"changedObstacles":[{"type":3,"posx":18,"posy":4,"value":-20}]},{"players":[{"playerId":2451990,"score":1300,"energy":47,"posx":10,"posy":2,"lastAction":3,"status":0},{"playerId":239305,"score":1350,"energy":24,"posx":11,"posy":1,"lastAction":5,"status":0},{"playerId":5722,"score":1050,"energy":24,"posx":2,"posy":0,"lastAction":0,"status":0},{"playerId":2422729,"score":1050,"energy":25,"posx":18,"posy":3,"lastAction":2,"status":0}],"golds":[{"posx":17,"posy":0,"amount":700},{"posx":11,"posy":1,"amount":600},{"posx":20,"posy":2,"amount":150},{"posx":2,"posy":3,"amount":100},{"posx":12,"posy":3,"amount":500},{"posx":19,"posy":4,"amount":300},{"posx":16,"posy":5,"amount":250},{"posx":19,"posy":6,"amount":300},{"posx":4,"posy":7,"amount":650},{"posx":4,"posy":8,"amount":600},{"posx":18,"posy":8,"amount":300}],"changedObstacles":[]},{"players":[{"playerId":2451990,"score":1300,"energy":46,"posx":10,"posy":1,"lastAction":2,"status":0},{"playerId":239305,"score":1400,"energy":19,"posx":11,"posy":1,"lastAction":5,"status":0},{"playerId":5722,"score":1050,"energy":23,"posx":1,"posy":0,"lastAction":0,"status":0},{"playerId":2422729,"score":1050,"energy":5,"posx":18,"posy":4,"lastAction":3,"status":0}],"golds":[{"posx":17,"posy":0,"amount":700},{"posx":11,"posy":1,"amount":550},{"posx":20,"posy":2,"amount":150},{"posx":2,"posy":3,"amount":100},{"posx":12,"posy":3,"amount":500},{"posx":19,"posy":4,"amount":300},{"posx":16,"posy":5,"amount":250},{"posx":19,"posy":6,"amount":300},{"posx":4,"posy":7,"amount":650},{"posx":4,"posy":8,"amount":600},{"posx":18,"posy":8,"amount":300}],"changedObstacles":[{"type":3,"posx":18,"posy":4,"value":-40}]},{"players":[{"playerId":2451990,"score":1300,"energy":45,"posx":10,"posy":2,"lastAction":3,"status":0},{"playerId":239305,"score":1450,"energy":14,"posx":11,"posy":1,"lastAction":5,"status":0},{"playerId":5722,"score":1050,"energy":22,"posx":0,"posy":0,"lastAction":0,"status":0},{"playerId":2422729,"score":1050,"energy":4,"posx":18,"posy":3,"lastAction":2,"status":0}],"golds":[{"posx":17,"posy":0,"amount":700},{"posx":11,"posy":1,"amount":500},{"posx":20,"posy":2,"amount":150},{"posx":2,"posy":3,"amount":100},{"posx":12,"posy":3,"amount":500},{"posx":19,"posy":4,"amount":300},{"posx":16,"posy":5,"amount":250},{"posx":19,"posy":6,"amount":300},{"posx":4,"posy":7,"amount":650},{"posx":4,"posy":8,"amount":600},{"posx":18,"posy":8,"amount":300}],"changedObstacles":[]},{"players":[{"playerId":2451990,"score":1300,"energy":44,"posx":9,"posy":2,"lastAction":0,"status":0},{"playerId":239305,"score":1500,"energy":9,"posx":11,"posy":1,"lastAction":5,"status":0},{"playerId":5722,"score":1050,"energy":21,"posx":0,"posy":1,"lastAction":3,"status":0},{"playerId":2422729,"score":1050,"energy":16,"posx":18,"posy":3,"lastAction":4,"status":0}],"golds":[{"posx":17,"posy":0,"amount":700},{"posx":11,"posy":1,"amount":450},{"posx":20,"posy":2,"amount":150},{"posx":2,"posy":3,"amount":100},{"posx":12,"posy":3,"amount":500},{"posx":19,"posy":4,"amount":300},{"posx":16,"posy":5,"amount":250},{"posx":19,"posy":6,"amount":300},{"posx":4,"posy":7,"amount":650},{"posx":4,"posy":8,"amount":600},{"posx":18,"posy":8,"amount":300}],"changedObstacles":[]},{"players":[{"playerId":2451990,"score":1300,"energy":43,"posx":9,"posy":3,"lastAction":3,"status":0},{"playerId":239305,"score":1550,"energy":4,"posx":11,"posy":1,"lastAction":5,"status":0},{"playerId":5722,"score":1050,"energy":20,"posx":1,"posy":1,"lastAction":1,"status":0},{"playerId":2422729,"score":1050,"energy":32,"posx":18,"posy":3,"lastAction":4,"status":0}],"golds":[{"posx":17,"posy":0,"amount":700},{"posx":11,"posy":1,"amount":400},{"posx":20,"posy":2,"amount":150},{"posx":2,"posy":3,"amount":100},{"posx":12,"posy":3,"amount":500},{"posx":19,"posy":4,"amount":300},{"posx":16,"posy":5,"amount":250},{"posx":19,"posy":6,"amount":300},{"posx":4,"posy":7,"amount":650},{"posx":4,"posy":8,"amount":600},{"posx":18,"posy":8,"amount":300}],"changedObstacles":[]},{"players":[{"playerId":2451990,"score":1300,"energy":42,"posx":9,"posy":4,"lastAction":3,"status":0},{"playerId":239305,"score":1550,"energy":16,"posx":11,"posy":1,"lastAction":4,"status":0},{"playerId":5722,"score":1050,"energy":19,"posx":1,"posy":2,"lastAction":3,"status":0},{"playerId":2422729,"score":1050,"energy":31,"posx":18,"posy":2,"lastAction":2,"status":0}],"golds":[{"posx":17,"posy":0,"amount":700},{"posx":11,"posy":1,"amount":400},{"posx":20,"posy":2,"amount":150},{"posx":2,"posy":3,"amount":100},{"posx":12,"posy":3,"amount":500},{"posx":19,"posy":4,"amount":300},{"posx":16,"posy":5,"amount":250},{"posx":19,"posy":6,"amount":300},{"posx":4,"posy":7,"amount":650},{"posx":4,"posy":8,"amount":600},{"posx":18,"posy":8,"amount":300}],"changedObstacles":[]},{"players":[{"playerId":2451990,"score":1300,"energy":41,"posx":8,"posy":4,"lastAction":0,"status":0},{"playerId":239305,"score":1550,"energy":32,"posx":11,"posy":1,"lastAction":4,"status":0},{"playerId":5722,"score":1050,"energy":31,"posx":1,"posy":2,"lastAction":4,"status":0},{"playerId":2422729,"score":1050,"energy":26,"posx":18,"posy":1,"lastAction":2,"status":0}],"golds":[{"posx":17,"posy":0,"amount":700},{"posx":11,"posy":1,"amount":400},{"posx":20,"posy":2,"amount":150},{"posx":2,"posy":3,"amount":100},{"posx":12,"posy":3,"amount":500},{"posx":19,"posy":4,"amount":300},{"posx":16,"posy":5,"amount":250},{"posx":19,"posy":6,"amount":300},{"posx":4,"posy":7,"amount":650},{"posx":4,"posy":8,"amount":600},{"posx":18,"posy":8,"amount":300}],"changedObstacles":[{"type":3,"posx":18,"posy":1,"value":-20}]},{"players":[{"playerId":2451990,"score":1300,"energy":40,"posx":7,"posy":4,"lastAction":0,"status":0},{"playerId":239305,"score":1550,"energy":50,"posx":11,"posy":1,"lastAction":4,"status":0},{"playerId":5722,"score":1050,"energy":30,"posx":1,"posy":3,"lastAction":3,"status":0},{"playerId":2422729,"score":1050,"energy":25,"posx":18,"posy":0,"lastAction":2,"status":0}],"golds":[{"posx":17,"posy":0,"amount":700},{"posx":11,"posy":1,"amount":400},{"posx":20,"posy":2,"amount":150},{"posx":2,"posy":3,"amount":100},{"posx":12,"posy":3,"amount":500},{"posx":19,"posy":4,"amount":300},{"posx":16,"posy":5,"amount":250},{"posx":19,"posy":6,"amount":300},{"posx":4,"posy":7,"amount":650},{"posx":4,"posy":8,"amount":600},{"posx":18,"posy":8,"amount":300}],"changedObstacles":[]},{"players":[{"playerId":2451990,"score":1300,"energy":39,"posx":7,"posy":5,"lastAction":3,"status":0},{"playerId":239305,"score":1600,"energy":45,"posx":11,"posy":1,"lastAction":5,"status":0},{"playerId":5722,"score":1050,"energy":26,"posx":2,"posy":3,"lastAction":1,"status":0},{"playerId":2422729,"score":1050,"energy":21,"posx":17,"posy":0,"lastAction":0,"status":0}],"golds":[{"posx":17,"posy":0,"amount":700},{"posx":11,"posy":1,"amount":350},{"posx":20,"posy":2,"amount":150},{"posx":2,"posy":3,"amount":100},{"posx":12,"posy":3,"amount":500},{"posx":19,"posy":4,"amount":300},{"posx":16,"posy":5,"amount":250},{"posx":19,"posy":6,"amount":300},{"posx":4,"posy":7,"amount":650},{"posx":4,"posy":8,"amount":600},{"posx":18,"posy":8,"amount":300}],"changedObstacles":[]},{"players":[{"playerId":2451990,"score":1300,"energy":38,"posx":6,"posy":5,"lastAction":0,"status":0},{"playerId":239305,"score":1650,"energy":40,"posx":11,"posy":1,"lastAction":5,"status":0},{"playerId":5722,"score":1100,"energy":21,"posx":2,"posy":3,"lastAction":5,"status":0},{"playerId":2422729,"score":1100,"energy":16,"posx":17,"posy":0,"lastAction":5,"status":0}],"golds":[{"posx":17,"posy":0,"amount":650},{"posx":11,"posy":1,"amount":300},{"posx":20,"posy":2,"amount":150},{"posx":2,"posy":3,"amount":50},{"posx":12,"posy":3,"amount":500},{"posx":19,"posy":4,"amount":300},{"posx":16,"posy":5,"amount":250},{"posx":19,"posy":6,"amount":300},{"posx":4,"posy":7,"amount":650},{"posx":4,"posy":8,"amount":600},{"posx":18,"posy":8,"amount":300}],"changedObstacles":[]},{"players":[{"playerId":2451990,"score":1300,"energy":37,"posx":6,"posy":6,"lastAction":3,"status":0},{"playerId":239305,"score":1700,"energy":35,"posx":11,"posy":1,"lastAction":5,"status":0},{"playerId":5722,"score":1150,"energy":16,"posx":2,"posy":3,"lastAction":5,"status":0},{"playerId":2422729,"score":1150,"energy":11,"posx":17,"posy":0,"lastAction":5,"status":0}],"golds":[{"posx":17,"posy":0,"amount":600},{"posx":11,"posy":1,"amount":250},{"posx":20,"posy":2,"amount":150},{"posx":12,"posy":3,"amount":500},{"posx":19,"posy":4,"amount":300},{"posx":16,"posy":5,"amount":250},{"posx":19,"posy":6,"amount":300},{"posx":4,"posy":7,"amount":650},{"posx":4,"posy":8,"amount":600},{"posx":18,"posy":8,"amount":300}],"changedObstacles":[{"type":0,"posx":2,"posy":3,"value":-1}]},{"players":[{"playerId":2451990,"score":1300,"energy":36,"posx":5,"posy":6,"lastAction":0,"status":0},{"playerId":239305,"score":1750,"energy":30,"posx":11,"posy":1,"lastAction":5,"status":0},{"playerId":5722,"score":1150,"energy":28,"posx":2,"posy":3,"lastAction":4,"status":0},{"playerId":2422729,"score":1200,"energy":6,"posx":17,"posy":0,"lastAction":5,"status":0}],"golds":[{"posx":17,"posy":0,"amount":550},{"posx":11,"posy":1,"amount":200},{"posx":20,"posy":2,"amount":150},{"posx":12,"posy":3,"amount":500},{"posx":19,"posy":4,"amount":300},{"posx":16,"posy":5,"amount":250},{"posx":19,"posy":6,"amount":300},{"posx":4,"posy":7,"amount":650},{"posx":4,"posy":8,"amount":600},{"posx":18,"posy":8,"amount":300}],"changedObstacles":[]},{"players":[{"playerId":2451990,"score":1300,"energy":35,"posx":4,"posy":6,"lastAction":0,"status":0},{"playerId":239305,"score":1800,"energy":25,"posx":11,"posy":1,"lastAction":5,"status":0},{"playerId":5722,"score":1150,"energy":27,"posx":2,"posy":4,"lastAction":3,"status":0},{"playerId":2422729,"score":1250,"energy":1,"posx":17,"posy":0,"lastAction":5,"status":0}],"golds":[{"posx":17,"posy":0,"amount":500},{"posx":11,"posy":1,"amount":150},{"posx":20,"posy":2,"amount":150},{"posx":12,"posy":3,"amount":500},{"posx":19,"posy":4,"amount":300},{"posx":16,"posy":5,"amount":250},{"posx":19,"posy":6,"amount":300},{"posx":4,"posy":7,"amount":650},{"posx":4,"posy":8,"amount":600},{"posx":18,"posy":8,"amount":300}],"changedObstacles":[]},{"players":[{"playerId":2451990,"score":1300,"energy":31,"posx":4,"posy":7,"lastAction":3,"status":0},{"playerId":239305,"score":1850,"energy":20,"posx":11,"posy":1,"lastAction":5,"status":0},{"playerId":5722,"score":1150,"energy":26,"posx":2,"posy":5,"lastAction":3,"status":0},{"playerId":2422729,"score":1250,"energy":13,"posx":17,"posy":0,"lastAction":4,"status":0}],"golds":[{"posx":17,"posy":0,"amount":500},{"posx":11,"posy":1,"amount":100},{"posx":20,"posy":2,"amount":150},{"posx":12,"posy":3,"amount":500},{"posx":19,"posy":4,"amount":300},{"posx":16,"posy":5,"amount":250},{"posx":19,"posy":6,"amount":300},{"posx":4,"posy":7,"amount":650},{"posx":4,"posy":8,"amount":600},{"posx":18,"posy":8,"amount":300}],"changedObstacles":[]},{"players":[{"playerId":2451990,"score":1350,"energy":26,"posx":4,"posy":7,"lastAction":5,"status":0},{"playerId":239305,"score":1900,"energy":15,"posx":11,"posy":1,"lastAction":5,"status":0},{"playerId":5722,"score":1150,"energy":25,"posx":2,"posy":6,"lastAction":3,"status":0},{"playerId":2422729,"score":1300,"energy":8,"posx":17,"posy":0,"lastAction":5,"status":0}],"golds":[{"posx":17,"posy":0,"amount":450},{"posx":11,"posy":1,"amount":50},{"posx":20,"posy":2,"amount":150},{"posx":12,"posy":3,"amount":500},{"posx":19,"posy":4,"amount":300},{"posx":16,"posy":5,"amount":250},{"posx":19,"posy":6,"amount":300},{"posx":4,"posy":7,"amount":600},{"posx":4,"posy":8,"amount":600},{"posx":18,"posy":8,"amount":300}],"changedObstacles":[]},{"players":[{"playerId":2451990,"score":1400,"energy":21,"posx":4,"posy":7,"lastAction":5,"status":0},{"playerId":239305,"score":1950,"energy":10,"posx":11,"posy":1,"lastAction":5,"status":0},{"playerId":5722,"score":1150,"energy":24,"posx":2,"posy":7,"lastAction":3,"status":0},{"playerId":2422729,"score":1350,"energy":3,"posx":17,"posy":0,"lastAction":5,"status":0}],"golds":[{"posx":17,"posy":0,"amount":400},{"posx":20,"posy":2,"amount":150},{"posx":12,"posy":3,"amount":500},{"posx":19,"posy":4,"amount":300},{"posx":16,"posy":5,"amount":250},{"posx":19,"posy":6,"amount":300},{"posx":4,"posy":7,"amount":550},{"posx":4,"posy":8,"amount":600},{"posx":18,"posy":8,"amount":300}],"changedObstacles":[{"type":0,"posx":11,"posy":1,"value":-1}]},{"players":[{"playerId":2451990,"score":1450,"energy":16,"posx":4,"posy":7,"lastAction":5,"status":0},{"playerId":239305,"score":1950,"energy":9,"posx":12,"posy":1,"lastAction":1,"status":0},{"playerId":5722,"score":1150,"energy":23,"posx":3,"posy":7,"lastAction":1,"status":0},{"playerId":2422729,"score":1350,"energy":15,"posx":17,"posy":0,"lastAction":4,"status":0}],"golds":[{"posx":17,"posy":0,"amount":400},{"posx":20,"posy":2,"amount":150},{"posx":12,"posy":3,"amount":500},{"posx":19,"posy":4,"amount":300},{"posx":16,"posy":5,"amount":250},{"posx":19,"posy":6,"amount":300},{"posx":4,"posy":7,"amount":500},{"posx":4,"posy":8,"amount":600},{"posx":18,"posy":8,"amount":300}],"changedObstacles":[]},{"players":[{"playerId":2451990,"score":1500,"energy":11,"posx":4,"posy":7,"lastAction":5,"status":0},{"playerId":239305,"score":1950,"energy":8,"posx":12,"posy":2,"lastAction":3,"status":0},{"playerId":5722,"score":1150,"energy":19,"posx":4,"posy":7,"lastAction":1,"status":0},{"playerId":2422729,"score":1350,"energy":31,"posx":17,"posy":0,"lastAction":4,"status":0}],"golds":[{"posx":17,"posy":0,"amount":400},{"posx":20,"posy":2,"amount":150},{"posx":12,"posy":3,"amount":500},{"posx":19,"posy":4,"amount":300},{"posx":16,"posy":5,"amount":250},{"posx":19,"posy":6,"amount":300},{"posx":4,"posy":7,"amount":450},{"posx":4,"posy":8,"amount":600},{"posx":18,"posy":8,"amount":300}],"changedObstacles":[]},{"players":[{"playerId":2451990,"score":1550,"energy":6,"posx":4,"posy":7,"lastAction":5,"status":0},{"playerId":239305,"score":1950,"energy":4,"posx":12,"posy":3,"lastAction":3,"status":0},{"playerId":5722,"score":1200,"energy":14,"posx":4,"posy":7,"lastAction":5,"status":0},{"playerId":2422729,"score":1350,"energy":50,"posx":17,"posy":0,"lastAction":4,"status":0}],"golds":[{"posx":17,"posy":0,"amount":400},{"posx":20,"posy":2,"amount":150},{"posx":12,"posy":3,"amount":500},{"posx":19,"posy":4,"amount":300},{"posx":16,"posy":5,"amount":250},{"posx":19,"posy":6,"amount":300},{"posx":4,"posy":7,"amount":350},{"posx":4,"posy":8,"amount":600},{"posx":18,"posy":8,"amount":300}],"changedObstacles":[]},{"players":[{"playerId":2451990,"score":1600,"energy":1,"posx":4,"posy":7,"lastAction":5,"status":0},{"playerId":239305,"score":1950,"energy":16,"posx":12,"posy":3,"lastAction":4,"status":0},{"playerId":5722,"score":1250,"energy":9,"posx":4,"posy":7,"lastAction":5,"status":0},{"playerId":2422729,"score":1400,"energy":45,"posx":17,"posy":0,"lastAction":5,"status":0}],"golds":[{"posx":17,"posy":0,"amount":350},{"posx":20,"posy":2,"amount":150},{"posx":12,"posy":3,"amount":500},{"posx":19,"posy":4,"amount":300},{"posx":16,"posy":5,"amount":250},{"posx":19,"posy":6,"amount":300},{"posx":4,"posy":7,"amount":250},{"posx":4,"posy":8,"amount":600},{"posx":18,"posy":8,"amount":300}],"changedObstacles":[]},{"players":[{"playerId":2451990,"score":1600,"energy":13,"posx":4,"posy":7,"lastAction":4,"status":0},{"playerId":239305,"score":1950,"energy":32,"posx":12,"posy":3,"lastAction":4,"status":0},{"playerId":5722,"score":1250,"energy":21,"posx":4,"posy":7,"lastAction":4,"status":0},{"playerId":2422729,"score":1450,"energy":40,"posx":17,"posy":0,"lastAction":5,"status":0}],"golds":[{"posx":17,"posy":0,"amount":300},{"posx":20,"posy":2,"amount":150},{"posx":12,"posy":3,"amount":500},{"posx":19,"posy":4,"amount":300},{"posx":16,"posy":5,"amount":250},{"posx":19,"posy":6,"amount":300},{"posx":4,"posy":7,"amount":250},{"posx":4,"posy":8,"amount":600},{"posx":18,"posy":8,"amount":300}],"changedObstacles":[]},{"players":[{"playerId":2451990,"score":1650,"energy":8,"posx":4,"posy":7,"lastAction":5,"status":0},{"playerId":239305,"score":1950,"energy":50,"posx":12,"posy":3,"lastAction":4,"status":0},{"playerId":5722,"score":1300,"energy":16,"posx":4,"posy":7,"lastAction":5,"status":0},{"playerId":2422729,"score":1500,"energy":35,"posx":17,"posy":0,"lastAction":5,"status":0}],"golds":[{"posx":17,"posy":0,"amount":250},{"posx":20,"posy":2,"amount":150},{"posx":12,"posy":3,"amount":500},{"posx":19,"posy":4,"amount":300},{"posx":16,"posy":5,"amount":250},{"posx":19,"posy":6,"amount":300},{"posx":4,"posy":7,"amount":150},{"posx":4,"posy":8,"amount":600},{"posx":18,"posy":8,"amount":300}],"changedObstacles":[]},{"players":[{"playerId":2451990,"score":1700,"energy":3,"posx":4,"posy":7,"lastAction":5,"status":0},{"playerId":239305,"score":2000,"energy":45,"posx":12,"posy":3,"lastAction":5,"status":0},{"playerId":5722,"score":1350,"energy":11,"posx":4,"posy":7,"lastAction":5,"status":0},{"playerId":2422729,"score":1550,"energy":30,"posx":17,"posy":0,"lastAction":5,"status":0}],"golds":[{"posx":17,"posy":0,"amount":200},{"posx":20,"posy":2,"amount":150},{"posx":12,"posy":3,"amount":450},{"posx":19,"posy":4,"amount":300},{"posx":16,"posy":5,"amount":250},{"posx":19,"posy":6,"amount":300},{"posx":4,"posy":7,"amount":50},{"posx":4,"posy":8,"amount":600},{"posx":18,"posy":8,"amount":300}],"changedObstacles":[]},{"players":[{"playerId":2451990,"score":1700,"energy":15,"posx":4,"posy":7,"lastAction":4,"status":0},{"playerId":239305,"score":2050,"energy":40,"posx":12,"posy":3,"lastAction":5,"status":0},{"playerId":5722,"score":1400,"energy":6,"posx":4,"posy":7,"lastAction":5,"status":0},{"playerId":2422729,"score":1600,"energy":25,"posx":17,"posy":0,"lastAction":5,"status":0}],"golds":[{"posx":17,"posy":0,"amount":150},{"posx":20,"posy":2,"amount":150},{"posx":12,"posy":3,"amount":400},{"posx":19,"posy":4,"amount":300},{"posx":16,"posy":5,"amount":250},{"posx":19,"posy":6,"amount":300},{"posx":4,"posy":8,"amount":600},{"posx":18,"posy":8,"amount":300}],"changedObstacles":[{"type":0,"posx":4,"posy":7,"value":-1}]},{"players":[{"playerId":2451990,"score":1700,"energy":31,"posx":4,"posy":7,"lastAction":4,"status":0},{"playerId":239305,"score":2100,"energy":35,"posx":12,"posy":3,"lastAction":5,"status":0},{"playerId":5722,"score":1400,"energy":18,"posx":4,"posy":7,"lastAction":4,"status":0},{"playerId":2422729,"score":1650,"energy":20,"posx":17,"posy":0,"lastAction":5,"status":0}],"golds":[{"posx":17,"posy":0,"amount":100},{"posx":20,"posy":2,"amount":150},{"posx":12,"posy":3,"amount":350},{"posx":19,"posy":4,"amount":300},{"posx":16,"posy":5,"amount":250},{"posx":19,"posy":6,"amount":300},{"posx":4,"posy":8,"amount":600},{"posx":18,"posy":8,"amount":300}],"changedObstacles":[]},{"players":[{"playerId":2451990,"score":1700,"energy":50,"posx":4,"posy":7,"lastAction":4,"status":0},{"playerId":239305,"score":2150,"energy":30,"posx":12,"posy":3,"lastAction":5,"status":0},{"playerId":5722,"score":1400,"energy":34,"posx":4,"posy":7,"lastAction":4,"status":0},{"playerId":2422729,"score":1700,"energy":15,"posx":17,"posy":0,"lastAction":5,"status":0}],"golds":[{"posx":17,"posy":0,"amount":50},{"posx":20,"posy":2,"amount":150},{"posx":12,"posy":3,"amount":300},{"posx":19,"posy":4,"amount":300},{"posx":16,"posy":5,"amount":250},{"posx":19,"posy":6,"amount":300},{"posx":4,"posy":8,"amount":600},{"posx":18,"posy":8,"amount":300}],"changedObstacles":[]},{"players":[{"playerId":2451990,"score":1700,"energy":46,"posx":4,"posy":8,"lastAction":3,"status":0},{"playerId":239305,"score":2200,"energy":25,"posx":12,"posy":3,"lastAction":5,"status":0},{"playerId":5722,"score":1400,"energy":30,"posx":4,"posy":8,"lastAction":3,"status":0},{"playerId":2422729,"score":1750,"energy":10,"posx":17,"posy":0,"lastAction":5,"status":0}],"golds":[{"posx":20,"posy":2,"amount":150},{"posx":12,"posy":3,"amount":250},{"posx":19,"posy":4,"amount":300},{"posx":16,"posy":5,"amount":250},{"posx":19,"posy":6,"amount":300},{"posx":4,"posy":8,"amount":600},{"posx":18,"posy":8,"amount":300}],"changedObstacles":[{"type":0,"posx":17,"posy":0,"value":-1}]},{"players":[{"playerId":2451990,"score":1750,"energy":41,"posx":4,"posy":8,"lastAction":5,"status":0},{"playerId":239305,"score":2250,"energy":20,"posx":12,"posy":3,"lastAction":5,"status":0},{"playerId":5722,"score":1450,"energy":25,"posx":4,"posy":8,"lastAction":5,"status":0},{"playerId":2422729,"score":1750,"energy":9,"posx":18,"posy":0,"lastAction":1,"status":0}],"golds":[{"posx":20,"posy":2,"amount":150},{"posx":12,"posy":3,"amount":200},{"posx":19,"posy":4,"amount":300},{"posx":16,"posy":5,"amount":250},{"posx":19,"posy":6,"amount":300},{"posx":4,"posy":8,"amount":500},{"posx":18,"posy":8,"amount":300}],"changedObstacles":[]},{"players":[{"playerId":2451990,"score":1800,"energy":36,"posx":4,"posy":8,"lastAction":5,"status":0},{"playerId":239305,"score":2300,"energy":15,"posx":12,"posy":3,"lastAction":5,"status":0},{"playerId":5722,"score":1500,"energy":20,"posx":4,"posy":8,"lastAction":5,"status":0},{"playerId":2422729,"score":1750,"energy":8,"posx":19,"posy":0,"lastAction":1,"status":0}],"golds":[{"posx":20,"posy":2,"amount":150},{"posx":12,"posy":3,"amount":150},{"posx":19,"posy":4,"amount":300},{"posx":16,"posy":5,"amount":250},{"posx":19,"posy":6,"amount":300},{"posx":4,"posy":8,"amount":400},{"posx":18,"posy":8,"amount":300}],"changedObstacles":[]},{"players":[{"playerId":2451990,"score":1850,"energy":31,"posx":4,"posy":8,"lastAction":5,"status":0},{"playerId":239305,"score":2350,"energy":10,"posx":12,"posy":3,"lastAction":5,"status":0},{"playerId":5722,"score":1550,"energy":15,"posx":4,"posy":8,"lastAction":5,"status":0},{"playerId":2422729,"score":1750,"energy":7,"posx":19,"posy":1,"lastAction":3,"status":0}],"golds":[{"posx":20,"posy":2,"amount":150},{"posx":12,"posy":3,"amount":100},{"posx":19,"posy":4,"amount":300},{"posx":16,"posy":5,"amount":250},{"posx":19,"posy":6,"amount":300},{"posx":4,"posy":8,"amount":300},{"posx":18,"posy":8,"amount":300}],"changedObstacles":[]},{"players":[{"playerId":2451990,"score":1900,"energy":26,"posx":4,"posy":8,"lastAction":5,"status":0},{"playerId":239305,"score":2400,"energy":5,"posx":12,"posy":3,"lastAction":5,"status":0},{"playerId":5722,"score":1600,"energy":10,"posx":4,"posy":8,"lastAction":5,"status":0},{"playerId":2422729,"score":1750,"energy":6,"posx":19,"posy":2,"lastAction":3,"status":0}],"golds":[{"posx":20,"posy":2,"amount":150},{"posx":12,"posy":3,"amount":50},{"posx":19,"posy":4,"amount":300},{"posx":16,"posy":5,"amount":250},{"posx":19,"posy":6,"amount":300},{"posx":4,"posy":8,"amount":200},{"posx":18,"posy":8,"amount":300}],"changedObstacles":[]},{"players":[{"playerId":2451990,"score":1950,"energy":21,"posx":4,"posy":8,"lastAction":5,"status":0},{"playerId":239305,"score":2400,"energy":17,"posx":12,"posy":3,"lastAction":4,"status":0},{"playerId":5722,"score":1600,"energy":22,"posx":4,"posy":8,"lastAction":4,"status":0},{"playerId":2422729,"score":1750,"energy":5,"posx":19,"posy":3,"lastAction":3,"status":0}],"golds":[{"posx":20,"posy":2,"amount":150},{"posx":12,"posy":3,"amount":50},{"posx":19,"posy":4,"amount":300},{"posx":16,"posy":5,"amount":250},{"posx":19,"posy":6,"amount":300},{"posx":4,"posy":8,"amount":150},{"posx":18,"posy":8,"amount":300}],"changedObstacles":[]},{"players":[{"playerId":2451990,"score":2000,"energy":16,"posx":4,"posy":8,"lastAction":5,"status":0},{"playerId":239305,"score":2400,"energy":33,"posx":12,"posy":3,"lastAction":4,"status":0},{"playerId":5722,"score":1650,"energy":17,"posx":4,"posy":8,"lastAction":5,"status":0},{"playerId":2422729,"score":1750,"energy":1,"posx":19,"posy":4,"lastAction":3,"status":0}],"golds":[{"posx":20,"posy":2,"amount":150},{"posx":12,"posy":3,"amount":50},{"posx":19,"posy":4,"amount":300},{"posx":16,"posy":5,"amount":250},{"posx":19,"posy":6,"amount":300},{"posx":4,"posy":8,"amount":50},{"posx":18,"posy":8,"amount":300}],"changedObstacles":[]},{"players":[{"playerId":2451990,"score":2025,"energy":11,"posx":4,"posy":8,"lastAction":5,"status":0},{"playerId":239305,"score":2400,"energy":50,"posx":12,"posy":3,"lastAction":4,"status":0},{"playerId":5722,"score":1675,"energy":12,"posx":4,"posy":8,"lastAction":5,"status":0},{"playerId":2422729,"score":1750,"energy":13,"posx":19,"posy":4,"lastAction":4,"status":0}],"golds":[{"posx":20,"posy":2,"amount":150},{"posx":12,"posy":3,"amount":50},{"posx":19,"posy":4,"amount":300},{"posx":16,"posy":5,"amount":250},{"posx":19,"posy":6,"amount":300},{"posx":18,"posy":8,"amount":300}],"changedObstacles":[{"type":0,"posx":4,"posy":8,"value":-1}]},{"players":[{"playerId":2451990,"score":2025,"energy":10,"posx":5,"posy":8,"lastAction":1,"status":0},{"playerId":239305,"score":2450,"energy":45,"posx":12,"posy":3,"lastAction":5,"status":0},{"playerId":5722,"score":1675,"energy":24,"posx":4,"posy":8,"lastAction":4,"status":0},{"playerId":2422729,"score":1750,"energy":29,"posx":19,"posy":4,"lastAction":4,"status":0}],"golds":[{"posx":20,"posy":2,"amount":150},{"posx":19,"posy":4,"amount":300},{"posx":16,"posy":5,"amount":250},{"posx":19,"posy":6,"amount":300},{"posx":18,"posy":8,"amount":300}],"changedObstacles":[{"type":0,"posx":12,"posy":3,"value":-1}]},{"players":[{"playerId":2451990,"score":2025,"energy":9,"posx":6,"posy":8,"lastAction":1,"status":0},{"playerId":239305,"score":2450,"energy":37,"posx":13,"posy":3,"lastAction":1,"status":0},{"playerId":5722,"score":1675,"energy":23,"posx":4,"posy":7,"lastAction":2,"status":0},{"playerId":2422729,"score":1750,"energy":50,"posx":19,"posy":4,"lastAction":4,"status":0}],"golds":[{"posx":20,"posy":2,"amount":150},{"posx":19,"posy":4,"amount":300},{"posx":16,"posy":5,"amount":250},{"posx":19,"posy":6,"amount":300},{"posx":18,"posy":8,"amount":300}],"changedObstacles":[]},{"players":[{"playerId":2451990,"score":2025,"energy":8,"posx":7,"posy":8,"lastAction":1,"status":0},{"playerId":239305,"score":2450,"energy":36,"posx":14,"posy":3,"lastAction":1,"status":0},{"playerId":5722,"score":1675,"energy":22,"posx":4,"posy":6,"lastAction":2,"status":0},{"playerId":2422729,"score":1800,"energy":45,"posx":19,"posy":4,"lastAction":5,"status":0}],"golds":[{"posx":20,"posy":2,"amount":150},{"posx":19,"posy":4,"amount":250},{"posx":16,"posy":5,"amount":250},{"posx":19,"posy":6,"amount":300},{"posx":18,"posy":8,"amount":300}],"changedObstacles":[]},{"players":[{"playerId":2451990,"score":2025,"energy":7,"posx":8,"posy":8,"lastAction":1,"status":0},{"playerId":239305,"score":2450,"energy":35,"posx":15,"posy":3,"lastAction":1,"status":0},{"playerId":5722,"score":1675,"energy":21,"posx":5,"posy":6,"lastAction":1,"status":0},{"playerId":2422729,"score":1850,"energy":40,"posx":19,"posy":4,"lastAction":5,"status":0}],"golds":[{"posx":20,"posy":2,"amount":150},{"posx":19,"posy":4,"amount":200},{"posx":16,"posy":5,"amount":250},{"posx":19,"posy":6,"amount":300},{"posx":18,"posy":8,"amount":300}],"changedObstacles":[]},{"players":[{"playerId":2451990,"score":2025,"energy":6,"posx":9,"posy":8,"lastAction":1,"status":0},{"playerId":239305,"score":2450,"energy":34,"posx":16,"posy":3,"lastAction":1,"status":0},{"playerId":5722,"score":1675,"energy":20,"posx":6,"posy":6,"lastAction":1,"status":0},{"playerId":2422729,"score":1900,"energy":35,"posx":19,"posy":4,"lastAction":5,"status":0}],"golds":[{"posx":20,"posy":2,"amount":150},{"posx":19,"posy":4,"amount":150},{"posx":16,"posy":5,"amount":250},{"posx":19,"posy":6,"amount":300},{"posx":18,"posy":8,"amount":300}],"changedObstacles":[]},{"players":[{"playerId":2451990,"score":2025,"energy":18,"posx":9,"posy":8,"lastAction":4,"status":0},{"playerId":239305,"score":2450,"energy":33,"posx":16,"posy":4,"lastAction":3,"status":0},{"playerId":5722,"score":1675,"energy":32,"posx":6,"posy":6,"lastAction":4,"status":0},{"playerId":2422729,"score":1950,"energy":30,"posx":19,"posy":4,"lastAction":5,"status":0}],"golds":[{"posx":20,"posy":2,"amount":150},{"posx":19,"posy":4,"amount":100},{"posx":16,"posy":5,"amount":250},{"posx":19,"posy":6,"amount":300},{"posx":18,"posy":8,"amount":300}],"changedObstacles":[]},{"players":[{"playerId":2451990,"score":2025,"energy":34,"posx":9,"posy":8,"lastAction":4,"status":0},{"playerId":239305,"score":2450,"energy":29,"posx":16,"posy":5,"lastAction":3,"status":0},{"playerId":5722,"score":1675,"energy":31,"posx":6,"posy":7,"lastAction":3,"status":0},{"playerId":2422729,"score":2000,"energy":25,"posx":19,"posy":4,"lastAction":5,"status":0}],"golds":[{"posx":20,"posy":2,"amount":150},{"posx":19,"posy":4,"amount":50},{"posx":16,"posy":5,"amount":250},{"posx":19,"posy":6,"amount":300},{"posx":18,"posy":8,"amount":300}],"changedObstacles":[]},{"players":[{"playerId":2451990,"score":2025,"energy":19,"posx":10,"posy":8,"lastAction":1,"status":0},{"playerId":239305,"score":2500,"energy":24,"posx":16,"posy":5,"lastAction":5,"status":0},{"playerId":5722,"score":1675,"energy":30,"posx":6,"posy":8,"lastAction":3,"status":0},{"playerId":2422729,"score":2050,"energy":20,"posx":19,"posy":4,"lastAction":5,"status":0}],"golds":[{"posx":20,"posy":2,"amount":150},{"posx":16,"posy":5,"amount":200},{"posx":19,"posy":6,"amount":300},{"posx":18,"posy":8,"amount":300}],"changedObstacles":[{"type":0,"posx":19,"posy":4,"value":-1}]},{"players":[{"playerId":2451990,"score":2025,"energy":18,"posx":11,"posy":8,"lastAction":1,"status":0},{"playerId":239305,"score":2550,"energy":19,"posx":16,"posy":5,"lastAction":5,"status":0},{"playerId":5722,"score":1675,"energy":29,"posx":5,"posy":8,"lastAction":0,"status":0},{"playerId":2422729,"score":2050,"energy":19,"posx":19,"posy":5,"lastAction":3,"status":0}],"golds":[{"posx":20,"posy":2,"amount":150},{"posx":16,"posy":5,"amount":150},{"posx":19,"posy":6,"amount":300},{"posx":18,"posy":8,"amount":300}],"changedObstacles":[]},{"players":[{"playerId":2451990,"score":2025,"energy":17,"posx":12,"posy":8,"lastAction":1,"status":0},{"playerId":239305,"score":2600,"energy":14,"posx":16,"posy":5,"lastAction":5,"status":0},{"playerId":5722,"score":1675,"energy":28,"posx":4,"posy":8,"lastAction":0,"status":0},{"playerId":2422729,"score":2050,"energy":15,"posx":19,"posy":6,"lastAction":3,"status":0}],"golds":[{"posx":20,"posy":2,"amount":150},{"posx":16,"posy":5,"amount":100},{"posx":19,"posy":6,"amount":300},{"posx":18,"posy":8,"amount":300}],"changedObstacles":[]},{"players":[{"playerId":2451990,"score":2025,"energy":29,"posx":12,"posy":8,"lastAction":4,"status":0},{"playerId":239305,"score":2650,"energy":9,"posx":16,"posy":5,"lastAction":5,"status":0},{"playerId":5722,"score":1675,"energy":27,"posx":4,"posy":7,"lastAction":2,"status":0},{"playerId":2422729,"score":2100,"energy":10,"posx":19,"posy":6,"lastAction":5,"status":0}],"golds":[{"posx":20,"posy":2,"amount":150},{"posx":16,"posy":5,"amount":50},{"posx":19,"posy":6,"amount":250},{"posx":18,"posy":8,"amount":300}],"changedObstacles":[]}]