[{"players":[{"playerId":2636282,"score":0,"energy":49,"posx":8,"posy":7,"lastAction":2,"status":0},{"playerId":2268490,"score":0,"energy":49,"posx":8,"posy":7,"lastAction":2,"status":0},{"playerId":2534350,"score":0,"energy":49,"posx":8,"posy":7,"lastAction":2,"status":0},{"playerId":803122,"score":0,"energy":49,"posx":8,"posy":7,"lastAction":2,"status":0}],"golds":[{"posx":20,"posy":2,"amount":150},{"posx":8,"posy":6,"amount":700},{"posx":19,"posy":4,"amount":300},{"posx":16,"posy":5,"amount":250},{"posx":17,"posy":0,"amount":700},{"posx":18,"posy":8,"amount":300},{"posx":8,"posy":4,"amount":250},{"posx":11,"posy":1,"amount":750},{"posx":12,"posy":8,"amount":500},{"posx":9,"posy":6,"amount":600},{"posx":6,"posy":5,"amount":750},{"posx":4,"posy":8,"amount":600},{"posx":19,"posy":6,"amount":300},{"posx":7,"posy":0,"amount":550},{"posx":7,"posy":4,"amount":450},{"posx":15,"posy":6,"amount":550},{"posx":6,"posy":3,"amount":250},{"posx":12,"posy":3,"amount":500},{"posx":2,"posy":3,"amount":100},{"posx":4,"posy":7,"amount":650}],"changedObstacles":[]},{"players":[{"playerId":2636282,"score":0,"energy":45,"posx":8,"posy":6,"lastAction":2,"status":0},{"playerId":2268490,"score":0,"energy":45,"posx":8,"posy":6,"lastAction":2,"status":0},{"playerId":2534350,"score":0,"energy":45,"posx":8,"posy":6,"lastAction":2,"status":0},{"playerId":803122,"score":0,"energy":45,"posx":8,"posy":6,"lastAction":2,"status":0}],"golds":[{"posx":20,"posy":2,"amount":150},{"posx":8,"posy":6,"amount":700},{"posx":19,"posy":4,"amount":300},{"posx":16,"posy":5,"amount":250},{"posx":17,"posy":0,"amount":700},{"posx":18,"posy":8,"amount":300},{"posx":8,"posy":4,"amount":250},{"posx":11,"posy":1,"amount":750},{"posx":12,"posy":8,"amount":500},{"posx":9,"posy":6,"amount":600},{"posx":6,"posy":5,"amount":750},{"posx":4,"posy":8,"amount":600},{"posx":19,"posy":6,"amount":300},{"posx":7,"posy":0,"amount":550},{"posx":7,"posy":4,"amount":450},{"posx":15,"posy":6,"amount":550},{"posx":6,"posy":3,"amount":250},{"posx":12,"posy":3,"amount":500},{"posx":2,"posy":3,"amount":100},{"posx":4,"posy":7,"amount":650}],"changedObstacles":[]},{"players":[{"playerId":2636282,"score":50,"energy":40,"posx":8,"posy":6,"lastAction":5,"status":0},{"playerId":2268490,"score":50,"energy":40,"posx":8,"posy":6,"lastAction":5,"status":0},{"playerId":2534350,"score":50,"energy":40,"posx":8,"posy":6,"lastAction":5,"status":0},{"playerId":803122,"score":50,"energy":40,"posx":8,"posy":6,"lastAction":5,"status":0}],"golds":[{"posx":7,"posy":0,"amount":550},{"posx":17,"posy":0,"amount":700},{"posx":11,"posy":1,"amount":750},{"posx":20,"posy":2,"amount":150},{"posx":2,"posy":3,"amount":100},{"posx":6,"posy":3,"amount":250},{"posx":12,"posy":3,"amount":500},{"posx":7,"posy":4,"amount":450},{"posx":8,"posy":4,"amount":250},{"posx":19,"posy":4,"amount":300},{"posx":6,"posy":5,"amount":750},{"posx":16,"posy":5,"amount":250},{"posx":8,"posy":6,"amount":500},{"posx":9,"posy":6,"amount":600},{"posx":15,"posy":6,"amount":550},{"posx":19,"posy":6,"amount":300},{"posx":4,"posy":7,"amount":650},{"posx":4,"posy":8,"amount":600},{"posx":12,"posy":8,"amount":500},{"posx":18,"posy":8,"amount":300}],"changedObstacles":[]},{"players":[{"playerId":2636282,"score":100,"energy":35,"posx":8,"posy":6,"lastAction":5,"status":0},{"playerId":2268490,"score":100,"energy":35,"posx":8,"posy":6,"lastAction":5,"status":0},{"playerId":2534350,"score":100,"energy":35,"posx":8,"posy":6,"lastAction":5,"status":0},{"playerId":803122,"score":100,"energy":35,"posx":8,"posy":6,"lastAction":5,"status":0}],"golds":[{"posx":7,"posy":0,"amount":550},{"posx":17,"posy":0,"amount":700},{"posx":11,"posy":1,"amount":750},{"posx":20,"posy":2,"amount":150},{"posx":2,"posy":3,"amount":100},{"posx":6,"posy":3,"amount":250},{"posx":12,"posy":3,"amount":500},{"posx":7,"posy":4,"amount":450},{"posx":8,"posy":4,"amount":250},{"posx":19,"posy":4,"amount":300},{"posx":6,"posy":5,"amount":750},{"posx":16,"posy":5,"amount":250},{"posx":8,"posy":6,"amount":300},{"posx":9,"posy":6,"amount":600},{"posx":15,"posy":6,"amount":550},{"posx":19,"posy":6,"amount":300},{"posx":4,"posy":7,"amount":650},{"posx":4,"posy":8,"amount":600},{"posx":12,"posy":8,"amount":500},{"posx":18,"posy":8,"amount":300}],"changedObstacles":[]},{"players":[{"playerId":2636282,"score":150,"energy":30,"posx":8,"posy":6,"lastAction":5,"status":0},{"playerId":2268490,"score":150,"energy":30,"posx":8,"posy":6,"lastAction":5,"status":0},{"playerId":2534350,"score":150,"energy":30,"posx":8,"posy":6,"lastAction":5,"status":0},{"playerId":803122,"score":150,"energy":30,"posx":8,"posy":6,"lastAction":5,"status":0}],"golds":[{"posx":7,"posy":0,"amount":550},{"posx":17,"posy":0,"amount":700},{"posx":11,"posy":1,"amount":750},{"posx":20,"posy":2,"amount":150},{"posx":2,"posy":3,"amount":100},{"posx":6,"posy":3,"amount":250},{"posx":12,"posy":3,"amount":500},{"posx":7,"posy":4,"amount":450},{"posx":8,"posy":4,"amount":250},{"posx":19,"posy":4,"amount":300},{"posx":6,"posy":5,"amount":750},{"posx":16,"posy":5,"amount":250},{"posx":8,"posy":6,"amount":100},{"posx":9,"posy":6,"amount":600},{"posx":15,"posy":6,"amount":550},{"posx":19,"posy":6,"amount":300},{"posx":4,"posy":7,"amount":650},{"posx":4,"posy":8,"amount":600},{"posx":12,"posy":8,"amount":500},{"posx":18,"posy":8,"amount":300}],"changedObstacles":[]},{"players":[{"playerId":2636282,"score":175,"energy":25,"posx":8,"posy":6,"lastAction":5,"status":0},{"playerId":2268490,"score":175,"energy":25,"posx":8,"posy":6,"lastAction":5,"status":0},{"playerId":2534350,"score":175,"energy":25,"posx":8,"posy":6,"lastAction":5,"status":0},{"playerId":803122,"score":175,"energy":25,"posx":8,"posy":6,"lastAction":5,"status":0}],"golds":[{"posx":7,"posy":0,"amount":550},{"posx":17,"posy":0,"amount":700},{"posx":11,"posy":1,"amount":750},{"posx":20,"posy":2,"amount":150},{"posx":2,"posy":3,"amount":100},{"posx":6,"posy":3,"amount":250},{"posx":12,"posy":3,"amount":500},{"posx":7,"posy":4,"amount":450},{"posx":8,"posy":4,"amount":250},{"posx":19,"posy":4,"amount":300},{"posx":6,"posy":5,"amount":750},{"posx":16,"posy":5,"amount":250},{"posx":9,"posy":6,"amount":600},{"posx":15,"posy":6,"amount":550},{"posx":19,"posy":6,"amount":300},{"posx":4,"posy":7,"amount":650},{"posx":4,"posy":8,"amount":600},{"posx":12,"posy":8,"amount":500},{"posx":18,"posy":8,"amount":300}],"changedObstacles":[{"type":0,"posx":8,"posy":6,"value":-1}]},{"players":[{"playerId":2636282,"score":175,"energy":21,"posx":9,"posy":6,"lastAction":1,"status":0},{"playerId":2268490,"score":175,"energy":24,"posx":8,"posy":5,"lastAction":2,"status":0},{"playerId":2534350,"score":175,"energy":5,"posx":7,"posy":6,"lastAction":0,"status":0},{"playerId":803122,"score":175,"energy":21,"posx":9,"posy":6,"lastAction":1,"status":0}],"golds":[{"posx":7,"posy":0,"amount":550},{"posx":17,"posy":0,"amount":700},{"posx":11,"posy":1,"amount":750},{"posx":20,"posy":2,"amount":150},{"posx":2,"posy":3,"amount":100},{"posx":6,"posy":3,"amount":250},{"posx":12,"posy":3,"amount":500},{"posx":7,"posy":4,"amount":450},{"posx":8,"posy":4,"amount":250},{"posx":19,"posy":4,"amount":300},{"posx":6,"posy":5,"amount":750},{"posx":16,"posy":5,"amount":250},{"posx":9,"posy":6,"amount":600},{"posx":15,"posy":6,"amount":550},{"posx":19,"posy":6,"amount":300},{"posx":4,"posy":7,"amount":650},{"posx":4,"posy":8,"amount":600},{"posx":12,"posy":8,"amount":500},{"posx":18,"posy":8,"amount":300}],"changedObstacles":[]},{"players":[{"playerId":2636282,"score":225,"energy":16,"posx":9,"posy":6,"lastAction":5,"status":0},{"playerId":2268490,"score":175,"energy":20,"posx":8,"posy":4,"lastAction":2,"status":0},{"playerId":2534350,"score":175,"energy":17,"posx":7,"posy":6,"lastAction":4,"status":0},{"playerId":803122,"score":225,"energy":16,"posx":9,"posy":6,"lastAction":5,"status":0}],"golds":[{"posx":7,"posy":0,"amount":550},{"posx":17,"posy":0,"amount":700},{"posx":11,"posy":1,"amount":750},{"posx":20,"posy":2,"amount":150},{"posx":2,"posy":3,"amount":100},{"posx":6,"posy":3,"amount":250},{"posx":12,"posy":3,"amount":500},{"posx":7,"posy":4,"amount":450},{"posx":8,"posy":4,"amount":250},{"posx":19,"posy":4,"amount":300},{"posx":6,"posy":5,"amount":750},{"posx":16,"posy":5,"amount":250},{"posx":9,"posy":6,"amount":500},{"posx":15,"posy":6,"amount":550},{"posx":19,"posy":6,"amount":300},{"posx":4,"posy":7,"amount":650},{"posx":4,"posy":8,"amount":600},{"posx":12,"posy":8,"amount":500},{"posx":18,"posy":8,"amount":300}],"changedObstacles":[]},{"players":[{"playerId":2636282,"score":275,"energy":11,"posx":9,"posy":6,"lastAction":5,"status":0},{"playerId":2268490,"score":225,"energy":15,"posx":8,"posy":4,"lastAction":5,"status":0},{"playerId":2534350,"score":175,"energy":33,"posx":7,"posy":6,"lastAction":4,"status":0},{"playerId":803122,"score":275,"energy":11,"posx":9,"posy":6,"lastAction":5,"status":0}],"golds":[{"posx":7,"posy":0,"amount":550},{"posx":17,"posy":0,"amount":700},{"posx":11,"posy":1,"amount":750},{"posx":20,"posy":2,"amount":150},{"posx":2,"posy":3,"amount":100},{"posx":6,"posy":3,"amount":250},{"posx":12,"posy":3,"amount":500},{"posx":7,"posy":4,"amount":450},{"posx":8,"posy":4,"amount":200},{"posx":19,"posy":4,"amount":300},{"posx":6,"posy":5,"amount":750},{"posx":16,"posy":5,"amount":250},{"posx":9,"posy":6,"amount":400},{"posx":15,"posy":6,"amount":550},{"posx":19,"posy":6,"amount":300},{"posx":4,"posy":7,"amount":650},{"posx":4,"posy":8,"amount":600},{"posx":12,"posy":8,"amount":500},{"posx":18,"posy":8,"amount":300}],"changedObstacles":[]},{"players":[{"playerId":2636282,"score":325,"energy":6,"posx":9,"posy":6,"lastAction":5,"status":0},{"playerId":2268490,"score":275,"energy":10,"posx":8,"posy":4,"lastAction":5,"status":0},{"playerId":2534350,"score":175,"energy":32,"posx":7,"posy":5,"lastAction":2,"status":0},{"playerId":803122,"score":325,"energy":6,"posx":9,"posy":6,"lastAction":5,"status":0}],"golds":[{"posx":7,"posy":0,"amount":550},{"posx":17,"posy":0,"amount":700},{"posx":11,"posy":1,"amount":750},{"posx":20,"posy":2,"amount":150},{"posx":2,"posy":3,"amount":100},{"posx":6,"posy":3,"amount":250},{"posx":12,"posy":3,"amount":500},{"posx":7,"posy":4,"amount":450},{"posx":8,"posy":4,"amount":150},{"posx":19,"posy":4,"amount":300},{"posx":6,"posy":5,"amount":750},{"posx":16,"posy":5,"amount":250},{"posx":9,"posy":6,"amount":300},{"posx":15,"posy":6,"amount":550},{"posx":19,"posy":6,"amount":300},{"posx":4,"posy":7,"amount":650},{"posx":4,"posy":8,"amount":600},{"posx":12,"posy":8,"amount":500},{"posx":18,"posy":8,"amount":300}],"changedObstacles":[]},{"players":[{"playerId":2636282,"score":375,"energy":1,"posx":9,"posy":6,"lastAction":5,"status":0},{"playerId":2268490,"score":275,"energy":22,"posx":8,"posy":4,"lastAction":4,"status":0},{"playerId":2534350,"score":175,"energy":28,"posx":6,"posy":5,"lastAction":0,"status":0},{"playerId":803122,"score":375,"energy":1,"posx":9,"posy":6,"lastAction":5,"status":0}],"golds":[{"posx":7,"posy":0,"amount":550},{"posx":17,"posy":0,"amount":700},{"posx":11,"posy":1,"amount":750},{"posx":20,"posy":2,"amount":150},{"posx":2,"posy":3,"amount":100},{"posx":6,"posy":3,"amount":250},{"posx":12,"posy":3,"amount":500},{"posx":7,"posy":4,"amount":450},{"posx":8,"posy":4,"amount":150},{"posx":19,"posy":4,"amount":300},{"posx":6,"posy":5,"amount":750},{"posx":16,"posy":5,"amount":250},{"posx":9,"posy":6,"amount":200},{"posx":15,"posy":6,"amount":550},{"posx":19,"posy":6,"amount":300},{"posx":4,"posy":7,"amount":650},{"posx":4,"posy":8,"amount":600},{"posx":12,"posy":8,"amount":500},{"posx":18,"posy":8,"amount":300}],"changedObstacles":[]},{"players":[{"playerId":2636282,"score":375,"energy":13,"posx":9,"posy":6,"lastAction":4,"status":0},{"playerId":2268490,"score":275,"energy":38,"posx":8,"posy":4,"lastAction":4,"status":0},{"playerId":2534350,"score":225,"energy":23,"posx":6,"posy":5,"lastAction":5,"status":0},{"playerId":803122,"score":375,"energy":13,"posx":9,"posy":6,"lastAction":4,"status":0}],"golds":[{"posx":7,"posy":0,"amount":550},{"posx":17,"posy":0,"amount":700},{"posx":11,"posy":1,"amount":750},{"posx":20,"posy":2,"amount":150},{"posx":2,"posy":3,"amount":100},{"posx":6,"posy":3,"amount":250},{"posx":12,"posy":3,"amount":500},{"posx":7,"posy":4,"amount":450},{"posx":8,"posy":4,"amount":150},{"posx":19,"posy":4,"amount":300},{"posx":6,"posy":5,"amount":700},{"posx":16,"posy":5,"amount":250},{"posx":9,"posy":6,"amount":200},{"posx":15,"posy":6,"amount":550},{"posx":19,"posy":6,"amount":300},{"posx":4,"posy":7,"amount":650},{"posx":4,"posy":8,"amount":600},{"posx":12,"posy":8,"amount":500},{"posx":18,"posy":8,"amount":300}],"changedObstacles":[]},{"players":[{"playerId":2636282,"score":425,"energy":8,"posx":9,"posy":6,"lastAction":5,"status":0},{"playerId":2268490,"score":325,"energy":33,"posx":8,"posy":4,"lastAction":5,"status":0},{"playerId":2534350,"score":275,"energy":18,"posx":6,"posy":5,"lastAction":5,"status":0},{"playerId":803122,"score":425,"energy":8,"posx":9,"posy":6,"lastAction":5,"status":0}],"golds":[{"posx":7,"posy":0,"amount":550},{"posx":17,"posy":0,"amount":700},{"posx":11,"posy":1,"amount":750},{"posx":20,"posy":2,"amount":150},{"posx":2,"posy":3,"amount":100},{"posx":6,"posy":3,"amount":250},{"posx":12,"posy":3,"amount":500},{"posx":7,"posy":4,"amount":450},{"posx":8,"posy":4,"amount":100},{"posx":19,"posy":4,"amount":300},{"posx":6,"posy":5,"amount":650},{"posx":16,"posy":5,"amount":250},{"posx":9,"posy":6,"amount":100},{"posx":15,"posy":6,"amount":550},{"posx":19,"posy":6,"amount":300},{"posx":4,"posy":7,"amount":650},{"posx":4,"posy":8,"amount":600},{"posx":12,"posy":8,"amount":500},{"posx":18,"posy":8,"amount":300}],"changedObstacles":[]},{"players":[{"playerId":2636282,"score":475,"energy":3,"posx":9,"posy":6,"lastAction":5,"status":0},{"playerId":2268490,"score":375,"energy":28,"posx":8,"posy":4,"lastAction":5,"status":0},{"playerId":2534350,"score":325,"energy":13,"posx":6,"posy":5,"lastAction":5,"status":0},{"playerId":803122,"score":475,"energy":3,"posx":9,"posy":6,"lastAction":5,"status":0}],"golds":[{"posx":7,"posy":0,"amount":550},{"posx":17,"posy":0,"amount":700},{"posx":11,"posy":1,"amount":750},{"posx":20,"posy":2,"amount":150},{"posx":2,"posy":3,"amount":100},{"posx":6,"posy":3,"amount":250},{"posx":12,"posy":3,"amount":500},{"posx":7,"posy":4,"amount":450},{"posx":8,"posy":4,"amount":50},{"posx":19,"posy":4,"amount":300},{"posx":6,"posy":5,"amount":600},{"posx":16,"posy":5,"amount":250},{"posx":15,"posy":6,"amount":550},{"posx":19,"posy":6,"amount":300},{"posx":4,"posy":7,"amount":650},{"posx":4,"posy":8,"amount":600},{"posx":12,"posy":8,"amount":500},{"posx":18,"posy":8,"amount":300}],"changedObstacles":[{"type":0,"posx":9,"posy":6,"value":-1}]},{"players":[{"playerId":2636282,"score":475,"energy":2,"posx":9,"posy":5,"lastAction":2,"status":0},{"playerId":2268490,"score":425,"energy":23,"posx":8,"posy":4,"lastAction":5,"status":0},{"playerId":2534350,"score":375,"energy":8,"posx":6,"posy":5,"lastAction":5,"status":0},{"playerId":803122,"score":475,"energy":2,"posx":8,"posy":6,"lastAction":0,"status":0}],"golds":[{"posx":7,"posy":0,"amount":550},{"posx":17,"posy":0,"amount":700},{"posx":11,"posy":1,"amount":750},{"posx":20,"posy":2,"amount":150},{"posx":2,"posy":3,"amount":100},{"posx":6,"posy":3,"amount":250},{"posx":12,"posy":3,"amount":500},{"posx":7,"posy":4,"amount":450},{"posx":19,"posy":4,"amount":300},{"posx":6,"posy":5,"amount":550},{"posx":16,"posy":5,"amount":250},{"posx":15,"posy":6,"amount":550},{"posx":19,"posy":6,"amount":300},{"posx":4,"posy":7,"amount":650},{"posx":4,"posy":8,"amount":600},{"posx":12,"posy":8,"amount":500},{"posx":18,"posy":8,"amount":300}],"changedObstacles":[{"type":0,"posx":8,"posy":4,"value":-1}]},{"players":[{"playerId":2636282,"score":475,"energy":1,"posx":8,"posy":5,"lastAction":0,"status":0},{"playerId":2268490,"score":425,"energy":22,"posx":9,"posy":4,"lastAction":1,"status":0},{"playerId":2534350,"score":425,"energy":3,"posx":6,"posy":5,"lastAction":5,"status":0},{"playerId":803122,"score":475,"energy":14,"posx":8,"posy":6,"lastAction":4,"status":0}],"golds":[{"posx":7,"posy":0,"amount":550},{"posx":17,"posy":0,"amount":700},{"posx":11,"posy":1,"amount":750},{"posx":20,"posy":2,"amount":150},{"posx":2,"posy":3,"amount":100},{"posx":6,"posy":3,"amount":250},{"posx":12,"posy":3,"amount":500},{"posx":7,"posy":4,"amount":450},{"posx":19,"posy":4,"amount":300},{"posx":6,"posy":5,"amount":500},{"posx":16,"posy":5,"amount":250},{"posx":15,"posy":6,"amount":550},{"posx":19,"posy":6,"amount":300},{"posx":4,"posy":7,"amount":650},{"posx":4,"posy":8,"amount":600},{"posx":12,"posy":8,"amount":500},{"posx":18,"posy":8,"amount":300}],"changedObstacles":[]},{"players":[{"playerId":2636282,"score":475,"energy":13,"posx":8,"posy":5,"lastAction":4,"status":0},{"playerId":2268490,"score":425,"energy":21,"posx":10,"posy":4,"lastAction":1,"status":0},{"playerId":2534350,"score":425,"energy":15,"posx":6,"posy":5,"lastAction":4,"status":0},{"playerId":803122,"score":475,"energy":30,"posx":8,"posy":6,"lastAction":4,"status":0}],"golds":[{"posx":7,"posy":0,"amount":550},{"posx":17,"posy":0,"amount":700},{"posx":11,"posy":1,"amount":750},{"posx":20,"posy":2,"amount":150},{"posx":2,"posy":3,"amount":100},{"posx":6,"posy":3,"amount":250},{"posx":12,"posy":3,"amount":500},{"posx":7,"posy":4,"amount":450},{"posx":19,"posy":4,"amount":300},{"posx":6,"posy":5,"amount":500},{"posx":16,"posy":5,"amount":250},{"posx":15,"posy":6,"amount":550},{"posx":19,"posy":6,"amount":300},{"posx":4,"posy":7,"amount":650},{"posx":4,"posy":8,"amount":600},{"posx":12,"posy":8,"amount":500},{"posx":18,"posy":8,"amount":300}],"changedObstacles":[]},{"players":[{"playerId":2636282,"score":475,"energy":29,"posx":8,"posy":5,"lastAction":4,"status":0},{"playerId":2268490,"score":425,"energy":20,"posx":11,"posy":4,"lastAction":1,"status":0},{"playerId":2534350,"score":475,"energy":10,"posx":6,"posy":5,"lastAction":5,"status":0},{"playerId":803122,"score":475,"energy":24,"posx":7,"posy":6,"lastAction":0,"status":0}],"golds":[{"posx":7,"posy":0,"amount":550},{"posx":17,"posy":0,"amount":700},{"posx":11,"posy":1,"amount":750},{"posx":20,"posy":2,"amount":150},{"posx":2,"posy":3,"amount":100},{"posx":6,"posy":3,"amount":250},{"posx":12,"posy":3,"amount":500},{"posx":7,"posy":4,"amount":450},{"posx":19,"posy":4,"amount":300},{"posx":6,"posy":5,"amount":450},{"posx":16,"posy":5,"amount":250},{"posx":15,"posy":6,"amount":550},{"posx":19,"posy":6,"amount":300},{"posx":4,"posy":7,"amount":650},{"posx":4,"posy":8,"amount":600},{"posx":12,"posy":8,"amount":500},{"posx":18,"posy":8,"amount":300}],"changedObstacles":[]},{"players":[{"playerId":2636282,"score":475,"energy":28,"posx":7,"posy":5,"lastAction":0,"status":0},{"playerId":2268490,"score":425,"energy":19,"posx":11,"posy":3,"lastAction":2,"status":0},{"playerId":2534350,"score":525,"energy":5,"posx":6,"posy":5,"lastAction":5,"status":0},{"playerId":803122,"score":475,"energy":23,"posx":7,"posy":5,"lastAction":2,"status":0}],"golds":[{"posx":7,"posy":0,"amount":550},{"posx":17,"posy":0,"amount":700},{"posx":11,"posy":1,"amount":750},{"posx":20,"posy":2,"amount":150},{"posx":2,"posy":3,"amount":100},{"posx":6,"posy":3,"amount":250},{"posx":12,"posy":3,"amount":500},{"posx":7,"posy":4,"amount":450},{"posx":19,"posy":4,"amount":300},{"posx":6,"posy":5,"amount":400},{"posx":16,"posy":5,"amount":250},{"posx":15,"posy":6,"amount":550},{"posx":19,"posy":6,"amount":300},{"posx":4,"posy":7,"amount":650},{"posx":4,"posy":8,"amount":600},{"posx":12,"posy":8,"amount":500},{"posx":18,"posy":8,"amount":300}],"changedObstacles":[]},{"players":[{"playerId":2636282,"score":475,"energy":24,"posx":7,"posy":4,"lastAction":2,"status":0},{"playerId":2268490,"score":425,"energy":15,"posx":12,"posy":3,"lastAction":1,"status":0},{"playerId":2534350,"score":525,"energy":17,"posx":6,"posy":5,"lastAction":4,"status":0},{"playerId":803122,"score":475,"energy":19,"posx":7,"posy":4,"lastAction":2,"status":0}],"golds":[{"posx":7,"posy":0,"amount":550},{"posx":17,"posy":0,"amount":700},{"posx":11,"posy":1,"amount":750},{"posx":20,"posy":2,"amount":150},{"posx":2,"posy":3,"amount":100},{"posx":6,"posy":3,"amount":250},{"posx":12,"posy":3,"amount":500},{"posx":7,"posy":4,"amount":450},{"posx":19,"posy":4,"amount":300},{"posx":6,"posy":5,"amount":400},{"posx":16,"posy":5,"amount":250},{"posx":15,"posy":6,"amount":550},{"posx":19,"posy":6,"amount":300},{"posx":4,"posy":7,"amount":650},{"posx":4,"posy":8,"amount":600},{"posx":12,"posy":8,"amount":500},{"posx":18,"posy":8,"amount":300}],"changedObstacles":[]},{"players":[{"playerId":2636282,"score":525,"energy":19,"posx":7,"posy":4,"lastAction":5,"status":0},{"playerId":2268490,"score":475,"energy":10,"posx":12,"posy":3,"lastAction":5,"status":0},{"playerId":2534350,"score":575,"energy":12,"posx":6,"posy":5,"lastAction":5,"status":0},{"playerId":803122,"score":525,"energy":14,"posx":7,"posy":4,"lastAction":5,"status":0}],"golds":[{"posx":7,"posy":0,"amount":550},{"posx":17,"posy":0,"amount":700},{"posx":11,"posy":1,"amount":750},{"posx":20,"posy":2,"amount":150},{"posx":2,"posy":3,"amount":100},{"posx":6,"posy":3,"amount":250},{"posx":12,"posy":3,"amount":450},{"posx":7,"posy":4,"amount":350},{"posx":19,"posy":4,"amount":300},{"posx":6,"posy":5,"amount":350},{"posx":16,"posy":5,"amount":250},{"posx":15,"posy":6,"amount":550},{"posx":19,"posy":6,"amount":300},{"posx":4,"posy":7,"amount":650},{"posx":4,"posy":8,"amount":600},{"posx":12,"posy":8,"amount":500},{"posx":18,"posy":8,"amount":300}],"changedObstacles":[]},{"players":[{"playerId":2636282,"score":575,"energy":14,"posx":7,"posy":4,"lastAction":5,"status":0},{"playerId":2268490,"score":475,"energy":22,"posx":12,"posy":3,"lastAction":4,"status":0},{"playerId":2534350,"score":625,"energy":7,"posx":6,"posy":5,"lastAction":5,"status":0},{"playerId":803122,"score":575,"energy":9,"posx":7,"posy":4,"lastAction":5,"status":0}],"golds":[{"posx":7,"posy":0,"amount":550},{"posx":17,"posy":0,"amount":700},{"posx":11,"posy":1,"amount":750},{"posx":20,"posy":2,"amount":150},{"posx":2,"posy":3,"amount":100},{"posx":6,"posy":3,"amount":250},{"posx":12,"posy":3,"amount":450},{"posx":7,"posy":4,"amount":250},{"posx":19,"posy":4,"amount":300},{"posx":6,"posy":5,"amount":300},{"posx":16,"posy":5,"amount":250},{"posx":15,"posy":6,"amount":550},{"posx":19,"posy":6,"amount":300},{"posx":4,"posy":7,"amount":650},{"posx":4,"posy":8,"amount":600},{"posx":12,"posy":8,"amount":500},{"posx":18,"posy":8,"amount":300}],"changedObstacles":[]},{"players":[{"playerId":2636282,"score":625,"energy":9,"posx":7,"posy":4,"lastAction":5,"status":0},{"playerId":2268490,"score":475,"energy":38,"posx":12,"posy":3,"lastAction":4,"status":0},{"playerId":2534350,"score":675,"energy":2,"posx":6,"posy":5,"lastAction":5,"status":0},{"playerId":803122,"score":625,"energy":4,"posx":7,"posy":4,"lastAction":5,"status":0}],"golds":[{"posx":7,"posy":0,"amount":550},{"posx":17,"posy":0,"amount":700},{"posx":11,"posy":1,"amount":750},{"posx":20,"posy":2,"amount":150},{"posx":2,"posy":3,"amount":100},{"posx":6,"posy":3,"amount":250},{"posx":12,"posy":3,"amount":450},{"posx":7,"posy":4,"amount":150},{"posx":19,"posy":4,"amount":300},{"posx":6,"posy":5,"amount":250},{"posx":16,"posy":5,"amount":250},{"posx":15,"posy":6,"amount":550},{"posx":19,"posy":6,"amount":300},{"posx":4,"posy":7,"amount":650},{"posx":4,"posy":8,"amount":600},{"posx":12,"posy":8,"amount":500},{"posx":18,"posy":8,"amount":300}],"changedObstacles":[]},{"players":[{"playerId":2636282,"score":675,"energy":4,"posx":7,"posy":4,"lastAction":5,"status":0},{"playerId":2268490,"score":525,"energy":33,"posx":12,"posy":3,"lastAction":5,"status":0},{"playerId":2534350,"score":675,"energy":14,"posx":6,"posy":5,"lastAction":4,"status":0},{"playerId":803122,"score":625,"energy":16,"posx":7,"posy":4,"lastAction":4,"status":0}],"golds":[{"posx":7,"posy":0,"amount":550},{"posx":17,"posy":0,"amount":700},{"posx":11,"posy":1,"amount":750},{"posx":20,"posy":2,"amount":150},{"posx":2,"posy":3,"amount":100},{"posx":6,"posy":3,"amount":250},{"posx":12,"posy":3,"amount":400},{"posx":7,"posy":4,"amount":100},{"posx":19,"posy":4,"amount":300},{"posx":6,"posy":5,"amount":250},{"posx":16,"posy":5,"amount":250},{"posx":15,"posy":6,"amount":550},{"posx":19,"posy":6,"amount":300},{"posx":4,"posy":7,"amount":650},{"posx":4,"posy":8,"amount":600},{"posx":12,"posy":8,"amount":500},{"posx":18,"posy":8,"amount":300}],"changedObstacles":[]},{"players":[{"playerId":2636282,"score":675,"energy":16,"posx":7,"posy":4,"lastAction":4,"status":0},{"playerId":2268490,"score":575,"energy":28,"posx":12,"posy":3,"lastAction":5,"status":0},{"playerId":2534350,"score":725,"energy":9,"posx":6,"posy":5,"lastAction":5,"status":0},{"playerId":803122,"score":675,"energy":11,"posx":7,"posy":4,"lastAction":5,"status":0}],"golds":[{"posx":7,"posy":0,"amount":550},{"posx":17,"posy":0,"amount":700},{"posx":11,"posy":1,"amount":750},{"posx":20,"posy":2,"amount":150},{"posx":2,"posy":3,"amount":100},{"posx":6,"posy":3,"amount":250},{"posx":12,"posy":3,"amount":350},{"posx":7,"posy":4,"amount":50},{"posx":19,"posy":4,"amount":300},{"posx":6,"posy":5,"amount":200},{"posx":16,"posy":5,"amount":250},{"posx":15,"posy":6,"amount":550},{"posx":19,"posy":6,"amount":300},{"posx":4,"posy":7,"amount":650},{"posx":4,"posy":8,"amount":600},{"posx":12,"posy":8,"amount":500},{"posx":18,"posy":8,"amount":300}],"changedObstacles":[]},{"players":[{"playerId":2636282,"score":675,"energy":32,"posx":7,"posy":4,"lastAction":4,"status":0},{"playerId":2268490,"score":625,"energy":23,"posx":12,"posy":3,"lastAction":5,"status":0},{"playerId":2534350,"score":775,"energy":4,"posx":6,"posy":5,"lastAction":5,"status":0},{"playerId":803122,"score":725,"energy":6,"posx":7,"posy":4,"lastAction":5,"status":0}],"golds":[{"posx":7,"posy":0,"amount":550},{"posx":17,"posy":0,"amount":700},{"posx":11,"posy":1,"amount":750},{"posx":20,"posy":2,"amount":150},{"posx":2,"posy":3,"amount":100},{"posx":6,"posy":3,"amount":250},{"posx":12,"posy":3,"amount":300},{"posx":19,"posy":4,"amount":300},{"posx":6,"posy":5,"amount":150},{"posx":16,"posy":5,"amount":250},{"posx":15,"posy":6,"amount":550},{"posx":19,"posy":6,"amount":300},{"posx":4,"posy":7,"amount":650},{"posx":4,"posy":8,"amount":600},{"posx":12,"posy":8,"amount":500},{"posx":18,"posy":8,"amount":300}],"changedObstacles":[{"type":0,"posx":7,"posy":4,"value":-1}]},{"players":[{"playerId":2636282,"score":675,"energy":50,"posx":7,"posy":4,"lastAction":4,"status":0},{"playerId":2268490,"score":675,"energy":18,"posx":12,"posy":3,"lastAction":5,"status":0},{"playerId":2534350,"score":775,"energy":16,"posx":6,"posy":5,"lastAction":4,"status":0},{"playerId":803122,"score":725,"energy":1,"posx":6,"posy":4,"lastAction":0,"status":0}],"golds":[{"posx":7,"posy":0,"amount":550},{"posx":17,"posy":0,"amount":700},{"posx":11,"posy":1,"amount":750},{"posx":20,"posy":2,"amount":150},{"posx":2,"posy":3,"amount":100},{"posx":6,"posy":3,"amount":250},{"posx":12,"posy":3,"amount":250},{"posx":19,"posy":4,"amount":300},{"posx":6,"posy":5,"amount":150},{"posx":16,"posy":5,"amount":250},{"posx":15,"posy":6,"amount":550},{"posx":19,"posy":6,"amount":300},{"posx":4,"posy":7,"amount":650},{"posx":4,"posy":8,"amount":600},{"posx":12,"posy":8,"amount":500},{"posx":18,"posy":8,"amount":300}],"changedObstacles":[{"type":3,"posx":6,"posy":4,"value":-20}]},{"players":[{"playerId":2636282,"score":675,"energy":39,"posx":7,"posy":3,"lastAction":2,"status":0},{"playerId":2268490,"score":725,"energy":13,"posx":12,"posy":3,"lastAction":5,"status":0},{"playerId":2534350,"score":825,"energy":11,"posx":6,"posy":5,"lastAction":5,"status":0},{"playerId":803122,"score":725,"energy":13,"posx":6,"posy":4,"lastAction":4,"status":0}],"golds":[{"posx":7,"posy":0,"amount":550},{"posx":17,"posy":0,"amount":700},{"posx":11,"posy":1,"amount":750},{"posx":20,"posy":2,"amount":150},{"posx":2,"posy":3,"amount":100},{"posx":6,"posy":3,"amount":250},{"posx":12,"posy":3,"amount":200},{"posx":19,"posy":4,"amount":300},{"posx":6,"posy":5,"amount":100},{"posx":16,"posy":5,"amount":250},{"posx":15,"posy":6,"amount":550},{"posx":19,"posy":6,"amount":300},{"posx":4,"posy":7,"amount":650},{"posx":4,"posy":8,"amount":600},{"posx":12,"posy":8,"amount":500},{"posx":18,"posy":8,"amount":300}],"changedObstacles":[]},{"players":[{"playerId":2636282,"score":675,"energy":35,"posx":6,"posy":3,"lastAction":0,"status":0},{"playerId":2268490,"score":775,"energy":8,"posx":12,"posy":3,"lastAction":5,"status":0},{"playerId":2534350,"score":875,"energy":6,"posx":6,"posy":5,"lastAction":5,"status":0},{"playerId":803122,"score":725,"energy":9,"posx":6,"posy":3,"lastAction":2,"status":0}],"golds":[{"posx":7,"posy":0,"amount":550},{"posx":17,"posy":0,"amount":700},{"posx":11,"posy":1,"amount":750},{"posx":20,"posy":2,"amount":150},{"posx":2,"posy":3,"amount":100},{"posx":6,"posy":3,"amount":250},{"posx":12,"posy":3,"amount":150},{"posx":19,"posy":4,"amount":300},{"posx":6,"posy":5,"amount":50},{"posx":16,"posy":5,"amount":250},{"posx":15,"posy":6,"amount":550},{"posx":19,"posy":6,"amount":300},{"posx":4,"posy":7,"amount":650},{"posx":4,"posy":8,"amount":600},{"posx":12,"posy":8,"amount":500},{"posx":18,"posy":8,"amount":300}],"changedObstacles":[]},{"players":[{"playerId":2636282,"score":725,"energy":30,"posx":6,"posy":3,"lastAction":5,"status":0},{"playerId":2268490,"score":775,"energy":20,"posx":12,"posy":3,"lastAction":4,"status":0},{"playerId":2534350,"score":925,"energy":1,"posx":6,"posy":5,"lastAction":5,"status":0},{"playerId":803122,"score":775,"energy":4,"posx":6,"posy":3,"lastAction":5,"status":0}],"golds":[{"posx":7,"posy":0,"amount":550},{"posx":17,"posy":0,"amount":700},{"posx":11,"posy":1,"amount":750},{"posx":20,"posy":2,"amount":150},{"posx":2,"posy":3,"amount":100},{"posx":6,"posy":3,"amount":150},{"posx":12,"posy":3,"amount":150},{"posx":19,"posy":4,"amount":300},{"posx":16,"posy":5,"amount":250},{"posx":15,"posy":6,"amount":550},{"posx":19,"posy":6,"amount":300},{"posx":4,"posy":7,"amount":650},{"posx":4,"posy":8,"amount":600},{"posx":12,"posy":8,"amount":500},{"posx":18,"posy":8,"amount":300}],"changedObstacles":[{"type":0,"posx":6,"posy":5,"value":-1}]},{"players":[{"playerId":2636282,"score":775,"energy":25,"posx":6,"posy":3,"lastAction":5,"status":0},{"playerId":2268490,"score":775,"energy":36,"posx":12,"posy":3,"lastAction":4,"status":0},{"playerId":2534350,"score":925,"energy":13,"posx":6,"posy":5,"lastAction":4,"status":0},{"playerId":803122,"score":775,"energy":16,"posx":6,"posy":3,"lastAction":4,"status":0}],"golds":[{"posx":7,"posy":0,"amount":550},{"posx":17,"posy":0,"amount":700},{"posx":11,"posy":1,"amount":750},{"posx":20,"posy":2,"amount":150},{"posx":2,"posy":3,"amount":100},{"posx":6,"posy":3,"amount":100},{"posx":12,"posy":3,"amount":150},{"posx":19,"posy":4,"amount":300},{"posx":16,"posy":5,"amount":250},{"posx":15,"posy":6,"amount":550},{"posx":19,"posy":6,"amount":300},{"posx":4,"posy":7,"amount":650},{"posx":4,"posy":8,"amount":600},{"posx":12,"posy":8,"amount":500},{"posx":18,"posy":8,"amount":300}],"changedObstacles":[]},{"players":[{"playerId":2636282,"score":825,"energy":20,"posx":6,"posy":3,"lastAction":5,"status":0},{"playerId":2268490,"score":825,"energy":31,"posx":12,"posy":3,"lastAction":5,"status":0},{"playerId":2534350,"score":925,"energy":29,"posx":6,"posy":5,"lastAction":4,"status":0},{"playerId":803122,"score":825,"energy":11,"posx":6,"posy":3,"lastAction":5,"status":0}],"golds":[{"posx":7,"posy":0,"amount":550},{"posx":17,"posy":0,"amount":700},{"posx":11,"posy":1,"amount":750},{"posx":20,"posy":2,"amount":150},{"posx":2,"posy":3,"amount":100},{"posx":12,"posy":3,"amount":100},{"posx":19,"posy":4,"amount":300},{"posx":16,"posy":5,"amount":250},{"posx":15,"posy":6,"amount":550},{"posx":19,"posy":6,"amount":300},{"posx":4,"posy":7,"amount":650},{"posx":4,"posy":8,"amount":600},{"posx":12,"posy":8,"amount":500},{"posx":18,"posy":8,"amount":300}],"changedObstacles":[{"type":0,"posx":6,"posy":3,"value":-1}]},{"players":[{"playerId":2636282,"score":825,"energy":10,"posx":6,"posy":2,"lastAction":2,"status":0},{"playerId":2268490,"score":875,"energy":26,"posx":12,"posy":3,"lastAction":5,"status":0},{"playerId":2534350,"score":925,"energy":28,"posx":6,"posy":6,"lastAction":3,"status":0},{"playerId":803122,"score":825,"energy":23,"posx":6,"posy":3,"lastAction":4,"status":0}],"golds":[{"posx":7,"posy":0,"amount":550},{"posx":17,"posy":0,"amount":700},{"posx":11,"posy":1,"amount":750},{"posx":20,"posy":2,"amount":150},{"posx":2,"posy":3,"amount":100},{"posx":12,"posy":3,"amount":50},{"posx":19,"posy":4,"amount":300},{"posx":16,"posy":5,"amount":250},{"posx":15,"posy":6,"amount":550},{"posx":19,"posy":6,"amount":300},{"posx":4,"posy":7,"amount":650},{"posx":4,"posy":8,"amount":600},{"posx":12,"posy":8,"amount":500},{"posx":18,"posy":8,"amount":300}],"changedObstacles":[{"type":0,"posx":6,"posy":2,"value":-1}]},{"players":[{"playerId":2636282,"score":825,"energy":9,"posx":7,"posy":2,"lastAction":1,"status":0},{"playerId":2268490,"score":925,"energy":21,"posx":12,"posy":3,"lastAction":5,"status":0},{"playerId":2534350,"score":925,"energy":27,"posx":5,"posy":6,"lastAction":0,"status":0},{"playerId":803122,"score":825,"energy":8,"posx":7,"posy":3,"lastAction":1,"status":0}],"golds":[{"posx":7,"posy":0,"amount":550},{"posx":17,"posy":0,"amount":700},{"posx":11,"posy":1,"amount":750},{"posx":20,"posy":2,"amount":150},{"posx":2,"posy":3,"amount":100},{"posx":19,"posy":4,"amount":300},{"posx":16,"posy":5,"amount":250},{"posx":15,"posy":6,"amount":550},{"posx":19,"posy":6,"amount":300},{"posx":4,"posy":7,"amount":650},{"posx":4,"posy":8,"amount":600},{"posx":12,"posy":8,"amount":500},{"posx":18,"posy":8,"amount":300}],"changedObstacles":[{"type":0,"posx":12,"posy":3,"value":-1}]},{"players":[{"playerId":2636282,"score":825,"energy":8,"posx":7,"posy":1,"lastAction":2,"status":0},{"playerId":2268490,"score":925,"energy":13,"posx":13,"posy":3,"lastAction":1,"status":0},{"playerId":2534350,"score":925,"energy":7,"posx":5,"posy":7,"lastAction":3,"status":0},{"playerId":803122,"score":825,"energy":7,"posx":7,"posy":2,"lastAction":2,"status":0}],"golds":[{"posx":7,"posy":0,"amount":550},{"posx":17,"posy":0,"amount":700},{"posx":11,"posy":1,"amount":750},{"posx":20,"posy":2,"amount":150},{"posx":2,"posy":3,"amount":100},{"posx":19,"posy":4,"amount":300},{"posx":16,"posy":5,"amount":250},{"posx":15,"posy":6,"amount":550},{"posx":19,"posy":6,"amount":300},{"posx":4,"posy":7,"amount":650},{"posx":4,"posy":8,"amount":600},{"posx":12,"posy":8,"amount":500},{"posx":18,"posy":8,"amount":300}],"changedObstacles":[]},{"players":[{"playerId":2636282,"score":825,"energy":4,"posx":7,"posy":0,"lastAction":2,"status":0},{"playerId":2268490,"score":925,"energy":12,"posx":14,"posy":3,"lastAction":1,"status":0},{"playerId":2534350,"score":925,"energy":3,"posx":4,"posy":7,"lastAction":0,"status":0},{"playerId":803122,"score":825,"energy":6,"posx":7,"posy":1,"lastAction":2,"status":0}],"golds":[{"posx":7,"posy":0,"amount":550},{"posx":17,"posy":0,"amount":700},{"posx":11,"posy":1,"amount":750},{"posx":20,"posy":2,"amount":150},{"posx":2,"posy":3,"amount":100},{"posx":19,"posy":4,"amount":300},{"posx":16,"posy":5,"amount":250},{"posx":15,"posy":6,"amount":550},{"posx":19,"posy":6,"amount":300},{"posx":4,"posy":7,"amount":650},{"posx":4,"posy":8,"amount":600},{"posx":12,"posy":8,"amount":500},{"posx":18,"posy":8,"amount":300}],"changedObstacles":[]},{"players":[{"playerId":2636282,"score":825,"energy":16,"posx":7,"posy":0,"lastAction":4,"status":0},{"playerId":2268490,"score":925,"energy":11,"posx":15,"posy":3,"lastAction":1,"status":0},{"playerId":2534350,"score":925,"energy":15,"posx":4,"posy":7,"lastAction":4,"status":0},{"playerId":803122,"score":825,"energy":2,"posx":7,"posy":0,"lastAction":2,"status":0}],"golds":[{"posx":7,"posy":0,"amount":550},{"posx":17,"posy":0,"amount":700},{"posx":11,"posy":1,"amount":750},{"posx":20,"posy":2,"amount":150},{"posx":2,"posy":3,"amount":100},{"posx":19,"posy":4,"amount":300},{"posx":16,"posy":5,"amount":250},{"posx":15,"posy":6,"amount":550},{"posx":19,"posy":6,"amount":300},{"posx":4,"posy":7,"amount":650},{"posx":4,"posy":8,"amount":600},{"posx":12,"posy":8,"amount":500},{"posx":18,"posy":8,"amount":300}],"changedObstacles":[]},{"players":[{"playerId":2636282,"score":825,"energy":32,"posx":7,"posy":0,"lastAction":4,"status":0},{"playerId":2268490,"score":925,"energy":10,"posx":15,"posy":4,"lastAction":3,"status":0},{"playerId":2534350,"score":975,"energy":10,"posx":4,"posy":7,"lastAction":5,"status":0},{"playerId":803122,"score":825,"energy":14,"posx":7,"posy":0,"lastAction":4,"status":0}],"golds":[{"posx":7,"posy":0,"amount":550},{"posx":17,"posy":0,"amount":700},{"posx":11,"posy":1,"amount":750},{"posx":20,"posy":2,"amount":150},{"posx":2,"posy":3,"amount":100},{"posx":19,"posy":4,"amount":300},{"posx":16,"posy":5,"amount":250},{"posx":15,"posy":6,"amount":550},{"posx":19,"posy":6,"amount":300},{"posx":4,"posy":7,"amount":600},{"posx":4,"posy":8,"amount":600},{"posx":12,"posy":8,"amount":500},{"posx":18,"posy":8,"amount":300}],"changedObstacles":[]},{"players":[{"playerId":2636282,"score":825,"energy":50,"posx":7,"posy":0,"lastAction":4,"status":0},{"playerId":2268490,"score":925,"energy":9,"posx":16,"posy":4,"lastAction":1,"status":0},{"playerId":2534350,"score":1025,"energy":5,"posx":4,"posy":7,"lastAction":5,"status":0},{"playerId":803122,"score":875,"energy":9,"posx":7,"posy":0,"lastAction":5,"status":0}],"golds":[{"posx":7,"posy":0,"amount":500},{"posx":17,"posy":0,"amount":700},{"posx":11,"posy":1,"amount":750},{"posx":20,"posy":2,"amount":150},{"posx":2,"posy":3,"amount":100},{"posx":19,"posy":4,"amount":300},{"posx":16,"posy":5,"amount":250},{"posx":15,"posy":6,"amount":550},{"posx":19,"posy":6,"amount":300},{"posx":4,"posy":7,"amount":550},{"posx":4,"posy":8,"amount":600},{"posx":12,"posy":8,"amount":500},{"posx":18,"posy":8,"amount":300}],"changedObstacles":[]},{"players":[{"playerId":2636282,"score":875,"energy":45,"posx":7,"posy":0,"lastAction":5,"status":0},{"playerId":2268490,"score":925,"energy":5,"posx":16,"posy":5,"lastAction":3,"status":0},{"playerId":2534350,"score":1025,"energy":17,"posx":4,"posy":7,"lastAction":4,"status":0},{"playerId":803122,"score":925,"energy":4,"posx":7,"posy":0,"lastAction":5,"status":0}],"golds":[{"posx":7,"posy":0,"amount":400},{"posx":17,"posy":0,"amount":700},{"posx":11,"posy":1,"amount":750},{"posx":20,"posy":2,"amount":150},{"posx":2,"posy":3,"amount":100},{"posx":19,"posy":4,"amount":300},{"posx":16,"posy":5,"amount":250},{"posx":15,"posy":6,"amount":550},{"posx":19,"posy":6,"amount":300},{"posx":4,"posy":7,"amount":550},{"posx":4,"posy":8,"amount":600},{"posx":12,"posy":8,"amount":500},{"posx":18,"posy":8,"amount":300}],"changedObstacles":[]},{"players":[{"playerId":2636282,"score":925,"energy":40,"posx":7,"posy":0,"lastAction":5,"status":0},{"playerId":2268490,"score":925,"energy":17,"posx":16,"posy":5,"lastAction":4,"status":0},{"playerId":2534350,"score":1075,"energy":12,"posx":4,"posy":7,"lastAction":5,"status":0},{"playerId":803122,"score":925,"energy":16,"posx":7,"posy":0,"lastAction":4,"status":0}],"golds":[{"posx":7,"posy":0,"amount":350},{"posx":17,"posy":0,"amount":700},{"posx":11,"posy":1,"amount":750},{"posx":20,"posy":2,"amount":150},{"posx":2,"posy":3,"amount":100},{"posx":19,"posy":4,"amount":300},{"posx":16,"posy":5,"amount":250},{"posx":15,"posy":6,"amount":550},{"posx":19,"posy":6,"amount":300},{"posx":4,"posy":7,"amount":500},{"posx":4,"posy":8,"amount":600},{"posx":12,"posy":8,"amount":500},{"posx":18,"posy":8,"amount":300}],"changedObstacles":[]},{"players":[{"playerId":2636282,"score":975,"energy":35,"posx":7,"posy":0,"lastAction":5,"status":0},{"playerId":2268490,"score":925,"energy":33,"posx":16,"posy":5,"lastAction":4,"status":0},{"playerId":2534350,"score":1125,"energy":7,"posx":4,"posy":7,"lastAction":5,"status":0},{"playerId":803122,"score":975,"energy":11,"posx":7,"posy":0,"lastAction":5,"status":0}],"golds":[{"posx":7,"posy":0,"amount":250},{"posx":17,"posy":0,"amount":700},{"posx":11,"posy":1,"amount":750},{"posx":20,"posy":2,"amount":150},{"posx":2,"posy":3,"amount":100},{"posx":19,"posy":4,"amount":300},{"posx":16,"posy":5,"amount":250},{"posx":15,"posy":6,"amount":550},{"posx":19,"posy":6,"amount":300},{"posx":4,"posy":7,"amount":450},{"posx":4,"posy":8,"amount":600},{"posx":12,"posy":8,"amount":500},{"posx":18,"posy":8,"amount":300}],"changedObstacles":[]},{"players":[{"playerId":2636282,"score":1025,"energy":30,"posx":7,"posy":0,"lastAction":5,"status":0},{"playerId":2268490,"score":975,"energy":28,"posx":16,"posy":5,"lastAction":5,"status":0},{"playerId":2534350,"score":1175,"energy":2,"posx":4,"posy":7,"lastAction":5,"status":0},{"playerId":803122,"score":1025,"energy":6,"posx":7,"posy":0,"lastAction":5,"status":0}],"golds":[{"posx":7,"posy":0,"amount":150},{"posx":17,"posy":0,"amount":700},{"posx":11,"posy":1,"amount":750},{"posx":20,"posy":2,"amount":150},{"posx":2,"posy":3,"amount":100},{"posx":19,"posy":4,"amount":300},{"posx":16,"posy":5,"amount":200},{"posx":15,"posy":6,"amount":550},{"posx":19,"posy":6,"amount":300},{"posx":4,"posy":7,"amount":400},{"posx":4,"posy":8,"amount":600},{"posx":12,"posy":8,"amount":500},{"posx":18,"posy":8,"amount":300}],"changedObstacles":[]},{"players":[{"playerId":2636282,"score":1075,"energy":25,"posx":7,"posy":0,"lastAction":5,"status":0},{"playerId":2268490,"score":1025,"energy":23,"posx":16,"posy":5,"lastAction":5,"status":0},{"playerId":2534350,"score":1175,"energy":14,"posx":4,"posy":7,"lastAction":4,"status":0},{"playerId":803122,"score":1075,"energy":1,"posx":7,"posy":0,"lastAction":5,"status":0}],"golds":[{"posx":7,"posy":0,"amount":50},{"posx":17,"posy":0,"amount":700},{"posx":11,"posy":1,"amount":750},{"posx":20,"posy":2,"amount":150},{"posx":2,"posy":3,"amount":100},{"posx":19,"posy":4,"amount":300},{"posx":16,"posy":5,"amount":150},{"posx":15,"posy":6,"amount":550},{"posx":19,"posy":6,"amount":300},{"posx":4,"posy":7,"amount":400},{"posx":4,"posy":8,"amount":600},{"posx":12,"posy":8,"amount":500},{"posx":18,"posy":8,"amount":300}],"changedObstacles":[]},{"players":[{"playerId":2636282,"score":1125,"energy":20,"posx":7,"posy":0,"lastAction":5,"status":0},{"playerId":2268490,"score":1075,"energy":18,"posx":16,"posy":5,"lastAction":5,"status":0},{"playerId":2534350,"score":1225,"energy":9,"posx":4,"posy":7,"lastAction":5,"status":0},{"playerId":803122,"score":1075,"energy":13,"posx":7,"posy":0,"lastAction":4,"status":0}],"golds":[{"posx":17,"posy":0,"amount":700},{"posx":11,"posy":1,"amount":750},{"posx":20,"posy":2,"amount":150},{"posx":2,"posy":3,"amount":100},{"posx":19,"posy":4,"amount":300},{"posx":16,"posy":5,"amount":100},{"posx":15,"posy":6,"amount":550},{"posx":19,"posy":6,"amount":300},{"posx":4,"posy":7,"amount":350},{"posx":4,"posy":8,"amount":600},{"posx":12,"posy":8,"amount":500},{"posx":18,"posy":8,"amount":300}],"changedObstacles":[{"type":0,"posx":7,"posy":0,"value":-1}]},{"players":[{"playerId":2636282,"score":1125,"energy":19,"posx":7,"posy":1,"lastAction":3,"status":0},{"playerId":2268490,"score":1125,"energy":13,"posx":16,"posy":5,"lastAction":5,"status":0},{"playerId":2534350,"score":1275,"energy":4,"posx":4,"posy":7,"lastAction":5,"status":0},{"playerId":803122,"score":1075,"energy":8,"posx":8,"posy":0,"lastAction":1,"status":0}],"golds":[{"posx":17,"posy":0,"amount":700},{"posx":11,"posy":1,"amount":750},{"posx":20,"posy":2,"amount":150},{"posx":2,"posy":3,"amount":100},{"posx":19,"posy":4,"amount":300},{"posx":16,"posy":5,"amount":50},{"posx":15,"posy":6,"amount":550},{"posx":19,"posy":6,"amount":300},{"posx":4,"posy":7,"amount":300},{"posx":4,"posy":8,"amount":600},{"posx":12,"posy":8,"amount":500},{"posx":18,"posy":8,"amount":300}],"changedObstacles":[{"type":3,"posx":8,"posy":0,"value":-20}]},{"players":[{"playerId":2636282,"score":1125,"energy":18,"posx":7,"posy":2,"lastAction":3,"status":0},{"playerId":2268490,"score":1175,"energy":8,"posx":16,"posy":5,"lastAction":5,"status":0},{"playerId":2534350,"score":1275,"energy":16,"posx":4,"posy":7,"lastAction":4,"status":0},{"playerId":803122,"score":1075,"energy":7,"posx":8,"posy":1,"lastAction":3,"status":0}],"golds":[{"posx":17,"posy":0,"amount":700},{"posx":11,"posy":1,"amount":750},{"posx":20,"posy":2,"amount":150},{"posx":2,"posy":3,"amount":100},{"posx":19,"posy":4,"amount":300},{"posx":15,"posy":6,"amount":550},{"posx":19,"posy":6,"amount":300},{"posx":4,"posy":7,"amount":300},{"posx":4,"posy":8,"amount":600},{"posx":12,"posy":8,"amount":500},{"posx":18,"posy":8,"amount":300}],"changedObstacles":[{"type":0,"posx":16,"posy":5,"value":-1}]},{"players":[{"playerId":2636282,"score":1125,"energy":17,"posx":8,"posy":2,"lastAction":1,"status":0},{"playerId":2268490,"score":1175,"energy":7,"posx":16,"posy":6,"lastAction":3,"status":0},{"playerId":2534350,"score":1325,"energy":11,"posx":4,"posy":7,"lastAction":5,"status":0},{"playerId":803122,"score":1075,"energy":2,"posx":9,"posy":1,"lastAction":1,"status":0}],"golds":[{"posx":17,"posy":0,"amount":700},{"posx":11,"posy":1,"amount":750},{"posx":20,"posy":2,"amount":150},{"posx":2,"posy":3,"amount":100},{"posx":19,"posy":4,"amount":300},{"posx":15,"posy":6,"amount":550},{"posx":19,"posy":6,"amount":300},{"posx":4,"posy":7,"amount":250},{"posx":4,"posy":8,"amount":600},{"posx":12,"posy":8,"amount":500},{"posx":18,"posy":8,"amount":300}],"changedObstacles":[{"type":3,"posx":9,"posy":1,"value":-20}]},{"players":[{"playerId":2636282,"score":1125,"energy":16,"posx":9,"posy":2,"lastAction":1,"status":0},{"playerId":2268490,"score":1175,"energy":3,"posx":15,"posy":6,"lastAction":0,"status":0},{"playerId":2534350,"score":1375,"energy":6,"posx":4,"posy":7,"lastAction":5,"status":0},{"playerId":803122,"score":1075,"energy":1,"posx":10,"posy":1,"lastAction":1,"status":0}],"golds":[{"posx":17,"posy":0,"amount":700},{"posx":11,"posy":1,"amount":750},{"posx":20,"posy":2,"amount":150},{"posx":2,"posy":3,"amount":100},{"posx":19,"posy":4,"amount":300},{"posx":15,"posy":6,"amount":550},{"posx":19,"posy":6,"amount":300},{"posx":4,"posy":7,"amount":200},{"posx":4,"posy":8,"amount":600},{"posx":12,"posy":8,"amount":500},{"posx":18,"posy":8,"amount":300}],"changedObstacles":[]},{"players":[{"playerId":2636282,"score":1125,"energy":15,"posx":10,"posy":2,"lastAction":1,"status":0},{"playerId":2268490,"score":1175,"energy":15,"posx":15,"posy":6,"lastAction":4,"status":0},{"playerId":2534350,"score":1425,"energy":1,"posx":4,"posy":7,"lastAction":5,"status":0},{"playerId":803122,"score":1075,"energy":13,"posx":10,"posy":1,"lastAction":4,"status":0}],"golds":[{"posx":17,"posy":0,"amount":700},{"posx":11,"posy":1,"amount":750},{"posx":20,"posy":2,"amount":150},{"posx":2,"posy":3,"amount":100},{"posx":19,"posy":4,"amount":300},{"posx":15,"posy":6,"amount":550},{"posx":19,"posy":6,"amount":300},{"posx":4,"posy":7,"amount":150},{"posx":4,"posy":8,"amount":600},{"posx":12,"posy":8,"amount":500},{"posx":18,"posy":8,"amount":300}],"changedObstacles":[]},{"players":[{"playerId":2636282,"score":1125,"energy":14,"posx":11,"posy":2,"lastAction":1,"status":0},{"playerId":2268490,"score":1175,"energy":31,"posx":15,"posy":6,"lastAction":4,"status":0},{"playerId":2534350,"score":1425,"energy":13,"posx":4,"posy":7,"lastAction":4,"status":0},{"playerId":803122,"score":1075,"energy":9,"posx":11,"posy":1,"lastAction":1,"status":0}],"golds":[{"posx":17,"posy":0,"amount":700},{"posx":11,"posy":1,"amount":750},{"posx":20,"posy":2,"amount":150},{"posx":2,"posy":3,"amount":100},{"posx":19,"posy":4,"amount":300},{"posx":15,"posy":6,"amount":550},{"posx":19,"posy":6,"amount":300},{"posx":4,"posy":7,"amount":150},{"posx":4,"posy":8,"amount":600},{"posx":12,"posy":8,"amount":500},{"posx":18,"posy":8,"amount":300}],"changedObstacles":[]},{"players":[{"playerId":2636282,"score":1125,"energy":10,"posx":11,"posy":1,"lastAction":2,"status":0},{"playerId":2268490,"score":1225,"energy":26,"posx":15,"posy":6,"lastAction":5,"status":0},{"playerId":2534350,"score":1475,"energy":8,"posx":4,"posy":7,"lastAction":5,"status":0},{"playerId":803122,"score":1125,"energy":4,"posx":11,"posy":1,"lastAction":5,"status":0}],"golds":[{"posx":17,"posy":0,"amount":700},{"posx":11,"posy":1,"amount":700},{"posx":20,"posy":2,"amount":150},{"posx":2,"posy":3,"amount":100},{"posx":19,"posy":4,"amount":300},{"posx":15,"posy":6,"amount":500},{"posx":19,"posy":6,"amount":300},{"posx":4,"posy":7,"amount":100},{"posx":4,"posy":8,"amount":600},{"posx":12,"posy":8,"amount":500},{"posx":18,"posy":8,"amount":300}],"changedObstacles":[]},{"players":[{"playerId":2636282,"score":1175,"energy":5,"posx":11,"posy":1,"lastAction":5,"status":0},{"playerId":2268490,"score":1275,"energy":21,"posx":15,"posy":6,"lastAction":5,"status":0},{"playerId":2534350,"score":1525,"energy":3,"posx":4,"posy":7,"lastAction":5,"status":0},{"playerId":803122,"score":1125,"energy":16,"posx":11,"posy":1,"lastAction":4,"status":0}],"golds":[{"posx":17,"posy":0,"amount":700},{"posx":11,"posy":1,"amount":650},{"posx":20,"posy":2,"amount":150},{"posx":2,"posy":3,"amount":100},{"posx":19,"posy":4,"amount":300},{"posx":15,"posy":6,"amount":450},{"posx":19,"posy":6,"amount":300},{"posx":4,"posy":7,"amount":50},{"posx":4,"posy":8,"amount":600},{"posx":12,"posy":8,"amount":500},{"posx":18,"posy":8,"amount":300}],"changedObstacles":[]},{"players":[{"playerId":2636282,"score":1175,"energy":17,"posx":11,"posy":1,"lastAction":4,"status":0},{"playerId":2268490,"score":1325,"energy":16,"posx":15,"posy":6,"lastAction":5,"status":0},{"playerId":2534350,"score":1525,"energy":15,"posx":4,"posy":7,"lastAction":4,"status":0},{"playerId":803122,"score":1175,"energy":11,"posx":11,"posy":1,"lastAction":5,"status":0}],"golds":[{"posx":17,"posy":0,"amount":700},{"posx":11,"posy":1,"amount":600},{"posx":20,"posy":2,"amount":150},{"posx":2,"posy":3,"amount":100},{"posx":19,"posy":4,"amount":300},{"posx":15,"posy":6,"amount":400},{"posx":19,"posy":6,"amount":300},{"posx":4,"posy":7,"amount":50},{"posx":4,"posy":8,"amount":600},{"posx":12,"posy":8,"amount":500},{"posx":18,"posy":8,"amount":300}],"changedObstacles":[]},{"players":[{"playerId":2636282,"score":1175,"energy":33,"posx":11,"posy":1,"lastAction":4,"status":0},{"playerId":2268490,"score":1375,"energy":11,"posx":15,"posy":6,"lastAction":5,"status":0},{"playerId":2534350,"score":1575,"energy":10,"posx":4,"posy":7,"lastAction":5,"status":0},{"playerId":803122,"score":1225,"energy":6,"posx":11,"posy":1,"lastAction":5,"status":0}],"golds":[{"posx":17,"posy":0,"amount":700},{"posx":11,"posy":1,"amount":550},{"posx":20,"posy":2,"amount":150},{"posx":2,"posy":3,"amount":100},{"posx":19,"posy":4,"amount":300},{"posx":15,"posy":6,"amount":350},{"posx":19,"posy":6,"amount":300},{"posx":4,"posy":8,"amount":600},{"posx":12,"posy":8,"amount":500},{"posx":18,"posy":8,"amount":300}],"changedObstacles":[{"type":0,"posx":4,"posy":7,"value":-1}]},{"players":[{"playerId":2636282,"score":1175,"energy":50,"posx":11,"posy":1,"lastAction":4,"status":0},{"playerId":2268490,"score":1425,"energy":6,"posx":15,"posy":6,"lastAction":5,"status":0},{"playerId":2534350,"score":1575,"energy":22,"posx":4,"posy":7,"lastAction":4,"status":0},{"playerId":803122,"score":1275,"energy":1,"posx":11,"posy":1,"lastAction":5,"status":0}],"golds":[{"posx":17,"posy":0,"amount":700},{"posx":11,"posy":1,"amount":500},{"posx":20,"posy":2,"amount":150},{"posx":2,"posy":3,"amount":100},{"posx":19,"posy":4,"amount":300},{"posx":15,"posy":6,"amount":300},{"posx":19,"posy":6,"amount":300},{"posx":4,"posy":8,"amount":600},{"posx":12,"posy":8,"amount":500},{"posx":18,"posy":8,"amount":300}],"changedObstacles":[]},{"players":[{"playerId":2636282,"score":1225,"energy":45,"posx":11,"posy":1,"lastAction":5,"status":0},{"playerId":2268490,"score":1425,"energy":18,"posx":15,"posy":6,"lastAction":4,"status":0},{"playerId":2534350,"score":1575,"energy":2,"posx":5,"posy":7,"lastAction":1,"status":0},{"playerId":803122,"score":1275,"energy":13,"posx":11,"posy":1,"lastAction":4,"status":0}],"golds":[{"posx":17,"posy":0,"amount":700},{"posx":11,"posy":1,"amount":450},{"posx":20,"posy":2,"amount":150},{"posx":2,"posy":3,"amount":100},{"posx":19,"posy":4,"amount":300},{"posx":15,"posy":6,"amount":300},{"posx":19,"posy":6,"amount":300},{"posx":4,"posy":8,"amount":600},{"posx":12,"posy":8,"amount":500},{"posx":18,"posy":8,"amount":300}],"changedObstacles":[]},{"players":[{"playerId":2636282,"score":1275,"energy":40,"posx":11,"posy":1,"lastAction":5,"status":0},{"playerId":2268490,"score":1425,"energy":34,"posx":15,"posy":6,"lastAction":4,"status":0},{"playerId":2534350,"score":1575,"energy":14,"posx":5,"posy":7,"lastAction":4,"status":0},{"playerId":803122,"score":1325,"energy":8,"posx":11,"posy":1,"lastAction":5,"status":0}],"golds":[{"posx":17,"posy":0,"amount":700},{"posx":11,"posy":1,"amount":350},{"posx":20,"posy":2,"amount":150},{"posx":2,"posy":3,"amount":100},{"posx":19,"posy":4,"amount":300},{"posx":15,"posy":6,"amount":300},{"posx":19,"posy":6,"amount":300},{"posx":4,"posy":8,"amount":600},{"posx":12,"posy":8,"amount":500},{"posx":18,"posy":8,"amount":300}],"changedObstacles":[]},{"players":[{"playerId":2636282,"score":1325,"energy":35,"posx":11,"posy":1,"lastAction":5,"status":0},{"playerId":2268490,"score":1475,"energy":29,"posx":15,"posy":6,"lastAction":5,"status":0},{"playerId":2534350,"score":1575,"energy":30,"posx":5,"posy":7,"lastAction":4,"status":0},{"playerId":803122,"score":1375,"energy":3,"posx":11,"posy":1,"lastAction":5,"status":0}],"golds":[{"posx":17,"posy":0,"amount":700},{"posx":11,"posy":1,"amount":250},{"posx":20,"posy":2,"amount":150},{"posx":2,"posy":3,"amount":100},{"posx":19,"posy":4,"amount":300},{"posx":15,"posy":6,"amount":250},{"posx":19,"posy":6,"amount":300},{"posx":4,"posy":8,"amount":600},{"posx":12,"posy":8,"amount":500},{"posx":18,"posy":8,"amount":300}],"changedObstacles":[]},{"players":[{"playerId":2636282,"score":1375,"energy":30,"posx":11,"posy":1,"lastAction":5,"status":0},{"playerId":2268490,"score":1525,"energy":24,"posx":15,"posy":6,"lastAction":5,"status":0},{"playerId":2534350,"score":1575,"energy":29,"posx":6,"posy":7,"lastAction":1,"status":0},{"playerId":803122,"score":1375,"energy":15,"posx":11,"posy":1,"lastAction":4,"status":0}],"golds":[{"posx":17,"posy":0,"amount":700},{"posx":11,"posy":1,"amount":200},{"posx":20,"posy":2,"amount":150},{"posx":2,"posy":3,"amount":100},{"posx":19,"posy":4,"amount":300},{"posx":15,"posy":6,"amount":200},{"posx":19,"posy":6,"amount":300},{"posx":4,"posy":8,"amount":600},{"posx":12,"posy":8,"amount":500},{"posx":18,"posy":8,"amount":300}],"changedObstacles":[]},{"players":[{"playerId":2636282,"score":1425,"energy":25,"posx":11,"posy":1,"lastAction":5,"status":0},{"playerId":2268490,"score":1575,"energy":19,"posx":15,"posy":6,"lastAction":5,"status":0},{"playerId":2534350,"score":1575,"energy":28,"posx":7,"posy":7,"lastAction":1,"status":0},{"playerId":803122,"score":1425,"energy":10,"posx":11,"posy":1,"lastAction":5,"status":0}],"golds":[{"posx":17,"posy":0,"amount":700},{"posx":11,"posy":1,"amount":100},{"posx":20,"posy":2,"amount":150},{"posx":2,"posy":3,"amount":100},{"posx":19,"posy":4,"amount":300},{"posx":15,"posy":6,"amount":150},{"posx":19,"posy":6,"amount":300},{"posx":4,"posy":8,"amount":600},{"posx":12,"posy":8,"amount":500},{"posx":18,"posy":8,"amount":300}],"changedObstacles":[]},{"players":[{"playerId":2636282,"score":1475,"energy":20,"posx":11,"posy":1,"lastAction":5,"status":0},{"playerId":2268490,"score":1625,"energy":14,"posx":15,"posy":6,"lastAction":5,"status":0},{"playerId":2534350,"score":1575,"energy":27,"posx":8,"posy":7,"lastAction":1,"status":0},{"playerId":803122,"score":1475,"energy":5,"posx":11,"posy":1,"lastAction":5,"status":0}],"golds":[{"posx":17,"posy":0,"amount":700},{"posx":20,"posy":2,"amount":150},{"posx":2,"posy":3,"amount":100},{"posx":19,"posy":4,"amount":300},{"posx":15,"posy":6,"amount":100},{"posx":19,"posy":6,"amount":300},{"posx":4,"posy":8,"amount":600},{"posx":12,"posy":8,"amount":500},{"posx":18,"posy":8,"amount":300}],"changedObstacles":[{"type":0,"posx":11,"posy":1,"value":-1}]},{"players":[{"playerId":2636282,"score":1475,"energy":19,"posx":12,"posy":1,"lastAction":1,"status":0},{"playerId":2268490,"score":1675,"energy":9,"posx":15,"posy":6,"lastAction":5,"status":0},{"playerId":2534350,"score":1575,"energy":17,"posx":9,"posy":7,"lastAction":1,"status":0},{"playerId":803122,"score":1475,"energy":4,"posx":12,"posy":1,"lastAction":1,"status":0}],"golds":[{"posx":17,"posy":0,"amount":700},{"posx":20,"posy":2,"amount":150},{"posx":2,"posy":3,"amount":100},{"posx":19,"posy":4,"amount":300},{"posx":15,"posy":6,"amount":50},{"posx":19,"posy":6,"amount":300},{"posx":4,"posy":8,"amount":600},{"posx":12,"posy":8,"amount":500},{"posx":18,"posy":8,"amount":300}],"changedObstacles":[{"type":0,"posx":9,"posy":7,"value":-1}]},{"players":[{"playerId":2636282,"score":1475,"energy":18,"posx":13,"posy":1,"lastAction":1,"status":0},{"playerId":2268490,"score":1675,"energy":21,"posx":15,"posy":6,"lastAction":4,"status":0},{"playerId":2534350,"score":1575,"energy":29,"posx":9,"posy":7,"lastAction":4,"status":0},{"playerId":803122,"score":1475,"energy":3,"posx":13,"posy":1,"lastAction":1,"status":0}],"golds":[{"posx":17,"posy":0,"amount":700},{"posx":20,"posy":2,"amount":150},{"posx":2,"posy":3,"amount":100},{"posx":19,"posy":4,"amount":300},{"posx":15,"posy":6,"amount":50},{"posx":19,"posy":6,"amount":300},{"posx":4,"posy":8,"amount":600},{"posx":12,"posy":8,"amount":500},{"posx":18,"posy":8,"amount":300}],"changedObstacles":[]},{"players":[{"playerId":2636282,"score":1475,"energy":17,"posx":14,"posy":1,"lastAction":1,"status":0},{"playerId":2268490,"score":1675,"energy":37,"posx":15,"posy":6,"lastAction":4,"status":0},{"playerId":2534350,"score":1575,"energy":24,"posx":10,"posy":7,"lastAction":1,"status":0},{"playerId":803122,"score":1475,"energy":2,"posx":14,"posy":1,"lastAction":1,"status":0}],"golds":[{"posx":17,"posy":0,"amount":700},{"posx":20,"posy":2,"amount":150},{"posx":2,"posy":3,"amount":100},{"posx":19,"posy":4,"amount":300},{"posx":15,"posy":6,"amount":50},{"posx":19,"posy":6,"amount":300},{"posx":4,"posy":8,"amount":600},{"posx":12,"posy":8,"amount":500},{"posx":18,"posy":8,"amount":300}],"changedObstacles":[{"type":3,"posx":10,"posy":7,"value":-20}]},{"players":[{"playerId":2636282,"score":1475,"energy":16,"posx":15,"posy":1,"lastAction":1,"status":0},{"playerId":2268490,"score":1725,"energy":32,"posx":15,"posy":6,"lastAction":5,"status":0},{"playerId":2534350,"score":1575,"energy":23,"posx":10,"posy":6,"lastAction":2,"status":0},{"playerId":803122,"score":1475,"energy":14,"posx":14,"posy":1,"lastAction":4,"status":0}],"golds":[{"posx":17,"posy":0,"amount":700},{"posx":20,"posy":2,"amount":150},{"posx":2,"posy":3,"amount":100},{"posx":19,"posy":4,"amount":300},{"posx":19,"posy":6,"amount":300},{"posx":4,"posy":8,"amount":600},{"posx":12,"posy":8,"amount":500},{"posx":18,"posy":8,"amount":300}],"changedObstacles":[{"type":0,"posx":15,"posy":6,"value":-1}]},{"players":[{"playerId":2636282,"score":1475,"energy":15,"posx":16,"posy":1,"lastAction":1,"status":0},{"playerId":2268490,"score":1725,"energy":31,"posx":16,"posy":6,"lastAction":1,"status":0},{"playerId":2534350,"score":1575,"energy":22,"posx":11,"posy":6,"lastAction":1,"status":0},{"playerId":803122,"score":1475,"energy":4,"posx":14,"posy":0,"lastAction":2,"status":0}],"golds":[{"posx":17,"posy":0,"amount":700},{"posx":20,"posy":2,"amount":150},{"posx":2,"posy":3,"amount":100},{"posx":19,"posy":4,"amount":300},{"posx":19,"posy":6,"amount":300},{"posx":4,"posy":8,"amount":600},{"posx":12,"posy":8,"amount":500},{"posx":18,"posy":8,"amount":300}],"changedObstacles":[{"type":0,"posx":14,"posy":0,"value":-1}]},{"players":[{"playerId":2636282,"score":1475,"energy":5,"posx":17,"posy":1,"lastAction":1,"status":0},{"playerId":2268490,"score":1725,"energy":30,"posx":17,"posy":6,"lastAction":1,"status":0},{"playerId":2534350,"score":1575,"energy":21,"posx":11,"posy":5,"lastAction":2,"status":0},{"playerId":803122,"score":1475,"energy":3,"posx":15,"posy":0,"lastAction":1,"status":0}],"golds":[{"posx":17,"posy":0,"amount":700},{"posx":20,"posy":2,"amount":150},{"posx":2,"posy":3,"amount":100},{"posx":19,"posy":4,"amount":300},{"posx":19,"posy":6,"amount":300},{"posx":4,"posy":8,"amount":600},{"posx":12,"posy":8,"amount":500},{"posx":18,"posy":8,"amount":300}],"changedObstacles":[{"type":0,"posx":17,"posy":1,"value":-1}]},{"players":[{"playerId":2636282,"score":1475,"energy":1,"posx":17,"posy":0,"lastAction":2,"status":0},{"playerId":2268490,"score":1725,"energy":29,"posx":18,"posy":6,"lastAction":1,"status":0},{"playerId":2534350,"score":1575,"energy":20,"posx":12,"posy":5,"lastAction":1,"status":0},{"playerId":803122,"score":1475,"energy":15,"posx":15,"posy":0,"lastAction":4,"status":0}],"golds":[{"posx":17,"posy":0,"amount":700},{"posx":20,"posy":2,"amount":150},{"posx":2,"posy":3,"amount":100},{"posx":19,"posy":4,"amount":300},{"posx":19,"posy":6,"amount":300},{"posx":4,"posy":8,"amount":600},{"posx":12,"posy":8,"amount":500},{"posx":18,"posy":8,"amount":300}],"changedObstacles":[]},{"players":[{"playerId":2636282,"score":1475,"energy":13,"posx":17,"posy":0,"lastAction":4,"status":0},{"playerId":2268490,"score":1725,"energy":25,"posx":19,"posy":6,"lastAction":1,"status":0},{"playerId":2534350,"score":1575,"energy":32,"posx":12,"posy":5,"lastAction":4,"status":0},{"playerId":803122,"score":1475,"energy":5,"posx":16,"posy":0,"lastAction":1,"status":0}],"golds":[{"posx":17,"posy":0,"amount":700},{"posx":20,"posy":2,"amount":150},{"posx":2,"posy":3,"amount":100},{"posx":19,"posy":4,"amount":300},{"posx":19,"posy":6,"amount":300},{"posx":4,"posy":8,"amount":600},{"posx":12,"posy":8,"amount":500},{"posx":18,"posy":8,"amount":300}],"changedObstacles":[{"type":0,"posx":16,"posy":0,"value":-1}]},{"players":[{"playerId":2636282,"score":1525,"energy":8,"posx":17,"posy":0,"lastAction":5,"status":0},{"playerId":2268490,"score":1775,"energy":20,"posx":19,"posy":6,"lastAction":5,"status":0},{"playerId":2534350,"score":1575,"energy":15,"posx":12,"posy":4,"lastAction":2,"status":0},{"playerId":803122,"score":1475,"energy":1,"posx":17,"posy":0,"lastAction":1,"status":0}],"golds":[{"posx":17,"posy":0,"amount":650},{"posx":20,"posy":2,"amount":150},{"posx":2,"posy":3,"amount":100},{"posx":19,"posy":4,"amount":300},{"posx":19,"posy":6,"amount":250},{"posx":4,"posy":8,"amount":600},{"posx":12,"posy":8,"amount":500},{"posx":18,"posy":8,"amount":300}],"changedObstacles":[]},{"players":[{"playerId":2636282,"score":1575,"energy":3,"posx":17,"posy":0,"lastAction":5,"status":0},{"playerId":2268490,"score":1825,"energy":15,"posx":19,"posy":6,"lastAction":5,"status":0},{"playerId":2534350,"score":1575,"energy":27,"posx":12,"posy":4,"lastAction":4,"status":0},{"playerId":803122,"score":1475,"energy":13,"posx":17,"posy":0,"lastAction":4,"status":0}],"golds":[{"posx":17,"posy":0,"amount":600},{"posx":20,"posy":2,"amount":150},{"posx":2,"posy":3,"amount":100},{"posx":19,"posy":4,"amount":300},{"posx":19,"posy":6,"amount":200},{"posx":4,"posy":8,"amount":600},{"posx":12,"posy":8,"amount":500},{"posx":18,"posy":8,"amount":300}],"changedObstacles":[]},{"players":[{"playerId":2636282,"score":1575,"energy":15,"posx":17,"posy":0,"lastAction":4,"status":0},{"playerId":2268490,"score":1875,"energy":10,"posx":19,"posy":6,"lastAction":5,"status":0},{"playerId":2534350,"score":1575,"energy":26,"posx":11,"posy":4,"lastAction":0,"status":0},{"playerId":803122,"score":1525,"energy":8,"posx":17,"posy":0,"lastAction":5,"status":0}],"golds":[{"posx":17,"posy":0,"amount":550},{"posx":20,"posy":2,"amount":150},{"posx":2,"posy":3,"amount":100},{"posx":19,"posy":4,"amount":300},{"posx":19,"posy":6,"amount":150},{"posx":4,"posy":8,"amount":600},{"posx":12,"posy":8,"amount":500},{"posx":18,"posy":8,"amount":300}],"changedObstacles":[]},{"players":[{"playerId":2636282,"score":1625,"energy":10,"posx":17,"posy":0,"lastAction":5,"status":0},{"playerId":2268490,"score":1875,"energy":22,"posx":19,"posy":6,"lastAction":4,"status":0},{"playerId":2534350,"score":1575,"energy":25,"posx":10,"posy":4,"lastAction":0,"status":0},{"playerId":803122,"score":1575,"energy":3,"posx":17,"posy":0,"lastAction":5,"status":0}],"golds":[{"posx":17,"posy":0,"amount":450},{"posx":20,"posy":2,"amount":150},{"posx":2,"posy":3,"amount":100},{"posx":19,"posy":4,"amount":300},{"posx":19,"posy":6,"amount":150},{"posx":4,"posy":8,"amount":600},{"posx":12,"posy":8,"amount":500},{"posx":18,"posy":8,"amount":300}],"changedObstacles":[]},{"players":[{"playerId":2636282,"score":1675,"energy":5,"posx":17,"posy":0,"lastAction":5,"status":0},{"playerId":2268490,"score":1875,"energy":38,"posx":19,"posy":6,"lastAction":4,"status":0},{"playerId":2534350,"score":1575,"energy":24,"posx":9,"posy":4,"lastAction":0,"status":0},{"playerId":803122,"score":1575,"energy":15,"posx":17,"posy":0,"lastAction":4,"status":0}],"golds":[{"posx":17,"posy":0,"amount":400},{"posx":20,"posy":2,"amount":150},{"posx":2,"posy":3,"amount":100},{"posx":19,"posy":4,"amount":300},{"posx":19,"posy":6,"amount":150},{"posx":4,"posy":8,"amount":600},{"posx":12,"posy":8,"amount":500},{"posx":18,"posy":8,"amount":300}],"changedObstacles":[]},{"players":[{"playerId":2636282,"score":1675,"energy":17,"posx":17,"posy":0,"lastAction":4,"status":0},{"playerId":2268490,"score":1925,"energy":33,"posx":19,"posy":6,"lastAction":5,"status":0},{"playerId":2534350,"score":1575,"energy":23,"posx":8,"posy":4,"lastAction":0,"status":0},{"playerId":803122,"score":1625,"energy":10,"posx":17,"posy":0,"lastAction":5,"status":0}],"golds":[{"posx":17,"posy":0,"amount":350},{"posx":20,"posy":2,"amount":150},{"posx":2,"posy":3,"amount":100},{"posx":19,"posy":4,"amount":300},{"posx":19,"posy":6,"amount":100},{"posx":4,"posy":8,"amount":600},{"posx":12,"posy":8,"amount":500},{"posx":18,"posy":8,"amount":300}],"changedObstacles":[]},{"players":[{"playerId":2636282,"score":1675,"energy":33,"posx":17,"posy":0,"lastAction":4,"status":0},{"playerId":2268490,"score":1975,"energy":28,"posx":19,"posy":6,"lastAction":5,"status":0},{"playerId":2534350,"score":1575,"energy":22,"posx":8,"posy":5,"lastAction":3,"status":0},{"playerId":803122,"score":1675,"energy":5,"posx":17,"posy":0,"lastAction":5,"status":0}],"golds":[{"posx":17,"posy":0,"amount":300},{"posx":20,"posy":2,"amount":150},{"posx":2,"posy":3,"amount":100},{"posx":19,"posy":4,"amount":300},{"posx":19,"posy":6,"amount":50},{"posx":4,"posy":8,"amount":600},{"posx":12,"posy":8,"amount":500},{"posx":18,"posy":8,"amount":300}],"changedObstacles":[]},{"players":[{"playerId":2636282,"score":1675,"energy":50,"posx":17,"posy":0,"lastAction":4,"status":0},{"playerId":2268490,"score":2025,"energy":23,"posx":19,"posy":6,"lastAction":5,"status":0},{"playerId":2534350,"score":1575,"energy":21,"posx":7,"posy":5,"lastAction":0,"status":0},{"playerId":803122,"score":1675,"energy":17,"posx":17,"posy":0,"lastAction":4,"status":0}],"golds":[{"posx":17,"posy":0,"amount":300},{"posx":20,"posy":2,"amount":150},{"posx":2,"posy":3,"amount":100},{"posx":19,"posy":4,"amount":300},{"posx":4,"posy":8,"amount":600},{"posx":12,"posy":8,"amount":500},{"posx":18,"posy":8,"amount":300}],"changedObstacles":[{"type":0,"posx":19,"posy":6,"value":-1}]},{"players":[{"playerId":2636282,"score":1725,"energy":45,"posx":17,"posy":0,"lastAction":5,"status":0},{"playerId":2268490,"score":2025,"energy":22,"posx":19,"posy":5,"lastAction":2,"status":0},{"playerId":2534350,"score":1575,"energy":6,"posx":7,"posy":6,"lastAction":3,"status":0},{"playerId":803122,"score":1725,"energy":12,"posx":17,"posy":0,"lastAction":5,"status":0}],"golds":[{"posx":17,"posy":0,"amount":200},{"posx":20,"posy":2,"amount":150},{"posx":2,"posy":3,"amount":100},{"posx":19,"posy":4,"amount":300},{"posx":4,"posy":8,"amount":600},{"posx":12,"posy":8,"amount":500},{"posx":18,"posy":8,"amount":300}],"changedObstacles":[]},{"players":[{"playerId":2636282,"score":1775,"energy":40,"posx":17,"posy":0,"lastAction":5,"status":0},{"playerId":2268490,"score":2025,"energy":18,"posx":19,"posy":4,"lastAction":2,"status":0},{"playerId":2534350,"score":1575,"energy":18,"posx":7,"posy":6,"lastAction":4,"status":0},{"playerId":803122,"score":1775,"energy":7,"posx":17,"posy":0,"lastAction":5,"status":0}],"golds":[{"posx":17,"posy":0,"amount":100},{"posx":20,"posy":2,"amount":150},{"posx":2,"posy":3,"amount":100},{"posx":19,"posy":4,"amount":300},{"posx":4,"posy":8,"amount":600},{"posx":12,"posy":8,"amount":500},{"posx":18,"posy":8,"amount":300}],"changedObstacles":[]},{"players":[{"playerId":2636282,"score":1825,"energy":35,"posx":17,"posy":0,"lastAction":5,"status":0},{"playerId":2268490,"score":2075,"energy":13,"posx":19,"posy":4,"lastAction":5,"status":0},{"playerId":2534350,"score":1575,"energy":34,"posx":7,"posy":6,"lastAction":4,"status":0},{"playerId":803122,"score":1825,"energy":2,"posx":17,"posy":0,"lastAction":5,"status":0}],"golds":[{"posx":20,"posy":2,"amount":150},{"posx":2,"posy":3,"amount":100},{"posx":19,"posy":4,"amount":250},{"posx":4,"posy":8,"amount":600},{"posx":12,"posy":8,"amount":500},{"posx":18,"posy":8,"amount":300}],"changedObstacles":[{"type":0,"posx":17,"posy":0,"value":-1}]},{"players":[{"playerId":2636282,"score":1825,"energy":34,"posx":17,"posy":1,"lastAction":3,"status":0},{"playerId":2268490,"score":2125,"energy":8,"posx":19,"posy":4,"lastAction":5,"status":0},{"playerId":2534350,"score":1575,"energy":33,"posx":6,"posy":6,"lastAction":0,"status":0},{"playerId":803122,"score":1825,"energy":1,"posx":17,"posy":1,"lastAction":3,"status":0}],"golds":[{"posx":20,"posy":2,"amount":150},{"posx":2,"posy":3,"amount":100},{"posx":19,"posy":4,"amount":200},{"posx":4,"posy":8,"amount":600},{"posx":12,"posy":8,"amount":500},{"posx":18,"posy":8,"amount":300}],"changedObstacles":[]},{"players":[{"playerId":2636282,"score":1825,"energy":33,"posx":17,"posy":2,"lastAction":3,"status":0},{"playerId":2268490,"score":2125,"energy":20,"posx":19,"posy":4,"lastAction":4,"status":0},{"playerId":2534350,"score":1575,"energy":32,"posx":6,"posy":7,"lastAction":3,"status":0},{"playerId":803122,"score":1825,"energy":13,"posx":17,"posy":1,"lastAction":4,"status":0}],"golds":[{"posx":20,"posy":2,"amount":150},{"posx":2,"posy":3,"amount":100},{"posx":19,"posy":4,"amount":200},{"posx":4,"posy":8,"amount":600},{"posx":12,"posy":8,"amount":500},{"posx":18,"posy":8,"amount":300}],"changedObstacles":[]},{"players":[{"playerId":2636282,"score":1825,"energy":32,"posx":18,"posy":2,"lastAction":1,"status":0},{"playerId":2268490,"score":2125,"energy":36,"posx":19,"posy":4,"lastAction":4,"status":0},{"playerId":2534350,"score":1575,"energy":20,"posx":5,"posy":7,"lastAction":0,"status":0},{"playerId":803122,"score":1825,"energy":8,"posx":18,"posy":1,"lastAction":1,"status":0}],"golds":[{"posx":20,"posy":2,"amount":150},{"posx":2,"posy":3,"amount":100},{"posx":19,"posy":4,"amount":200},{"posx":4,"posy":8,"amount":600},{"posx":12,"posy":8,"amount":500},{"posx":18,"posy":8,"amount":300}],"changedObstacles":[{"type":3,"posx":18,"posy":1,"value":-20}]},{"players":[{"playerId":2636282,"score":1825,"energy":31,"posx":19,"posy":2,"lastAction":1,"status":0},{"playerId":2268490,"score":2175,"energy":31,"posx":19,"posy":4,"lastAction":5,"status":0},{"playerId":2534350,"score":1575,"energy":32,"posx":5,"posy":7,"lastAction":4,"status":0},{"playerId":803122,"score":1825,"energy":7,"posx":18,"posy":2,"lastAction":3,"status":0}],"golds":[{"posx":20,"posy":2,"amount":150},{"posx":2,"posy":3,"amount":100},{"posx":19,"posy":4,"amount":150},{"posx":4,"posy":8,"amount":600},{"posx":12,"posy":8,"amount":500},{"posx":18,"posy":8,"amount":300}],"changedObstacles":[]},{"players":[{"playerId":2636282,"score":1825,"energy":27,"posx":20,"posy":2,"lastAction":1,"status":0},{"playerId":2268490,"score":2225,"energy":26,"posx":19,"posy":4,"lastAction":5,"status":0},{"playerId":2534350,"score":1575,"energy":31,"posx":5,"posy":8,"lastAction":3,"status":0},{"playerId":803122,"score":1825,"energy":6,"posx":19,"posy":2,"lastAction":1,"status":0}],"golds":[{"posx":20,"posy":2,"amount":150},{"posx":2,"posy":3,"amount":100},{"posx":19,"posy":4,"amount":100},{"posx":4,"posy":8,"amount":600},{"posx":12,"posy":8,"amount":500},{"posx":18,"posy":8,"amount":300}],"changedObstacles":[]},{"players":[{"playerId":2636282,"score":1875,"energy":22,"posx":20,"posy":2,"lastAction":5,"status":0},{"playerId":2268490,"score":2275,"energy":21,"posx":19,"posy":4,"lastAction":5,"status":0},{"playerId":2534350,"score":1575,"energy":27,"posx":4,"posy":8,"lastAction":0,"status":0},{"playerId":803122,"score":1825,"energy":5,"posx":19,"posy":3,"lastAction":3,"status":0}],"golds":[{"posx":20,"posy":2,"amount":100},{"posx":2,"posy":3,"amount":100},{"posx":19,"posy":4,"amount":50},{"posx":4,"posy":8,"amount":600},{"posx":12,"posy":8,"amount":500},{"posx":18,"posy":8,"amount":300}],"changedObstacles":[]},{"players":[{"playerId":2636282,"score":1925,"energy":17,"posx":20,"posy":2,"lastAction":5,"status":0},{"playerId":2268490,"score":2325,"energy":16,"posx":19,"posy":4,"lastAction":5,"status":0},{"playerId":2534350,"score":1625,"energy":22,"posx":4,"posy":8,"lastAction":5,"status":0},{"playerId":803122,"score":1825,"energy":1,"posx":19,"posy":4,"lastAction":3,"status":0}],"golds":[{"posx":20,"posy":2,"amount":50},{"posx":2,"posy":3,"amount":100},{"posx":4,"posy":8,"amount":550},{"posx":12,"posy":8,"amount":500},{"posx":18,"posy":8,"amount":300}],"changedObstacles":[{"type":0,"posx":19,"posy":4,"value":-1}]},{"players":[{"playerId":2636282,"score":1975,"energy":12,"posx":20,"posy":2,"lastAction":5,"status":0},{"playerId":2268490,"score":2325,"energy":15,"posx":19,"posy":5,"lastAction":3,"status":0},{"playerId":2534350,"score":1675,"energy":17,"posx":4,"posy":8,"lastAction":5,"status":0},{"playerId":803122,"score":1825,"energy":13,"posx":19,"posy":4,"lastAction":4,"status":0}],"golds":[{"posx":2,"posy":3,"amount":100},{"posx":4,"posy":8,"amount":500},{"posx":12,"posy":8,"amount":500},{"posx":18,"posy":8,"amount":300}],"changedObstacles":[{"type":0,"posx":20,"posy":2,"value":-1}]},{"players":[{"playerId":2636282,"score":1975,"energy":11,"posx":20,"posy":3,"lastAction":3,"status":0},{"playerId":2268490,"score":2325,"energy":14,"posx":19,"posy":6,"lastAction":3,"status":0},{"playerId":2534350,"score":1725,"energy":12,"posx":4,"posy":8,"lastAction":5,"status":0},{"playerId":803122,"score":1825,"energy":8,"posx":18,"posy":4,"lastAction":0,"status":0}],"golds":[{"posx":2,"posy":3,"amount":100},{"posx":4,"posy":8,"amount":450},{"posx":12,"posy":8,"amount":500},{"posx":18,"posy":8,"amount":300}],"changedObstacles":[{"type":3,"posx":18,"posy":4,"value":-20}]},{"players":[{"playerId":2636282,"score":1975,"energy":10,"posx":20,"posy":4,"lastAction":3,"status":0},{"playerId":2268490,"score":2325,"energy":13,"posx":19,"posy":7,"lastAction":3,"status":0},{"playerId":2534350,"score":1775,"energy":7,"posx":4,"posy":8,"lastAction":5,"status":0},{"playerId":803122,"score":1825,"energy":7,"posx":17,"posy":4,"lastAction":0,"status":0}],"golds":[{"posx":2,"posy":3,"amount":100},{"posx":4,"posy":8,"amount":400},{"posx":12,"posy":8,"amount":500},{"posx":18,"posy":8,"amount":300}],"changedObstacles":[]},{"players":[{"playerId":2636282,"score":1975,"energy":9,"posx":20,"posy":5,"lastAction":3,"status":0},{"playerId":2268490,"score":2325,"energy":12,"posx":18,"posy":7,"lastAction":0,"status":0},{"playerId":2534350,"score":1825,"energy":2,"posx":4,"posy":8,"lastAction":5,"status":0},{"playerId":803122,"score":1825,"energy":6,"posx":16,"posy":4,"lastAction":0,"status":0}],"golds":[{"posx":2,"posy":3,"amount":100},{"posx":4,"posy":8,"amount":350},{"posx":12,"posy":8,"amount":500},{"posx":18,"posy":8,"amount":300}],"changedObstacles":[]},{"players":[{"playerId":2636282,"score":1975,"energy":8,"posx":20,"posy":6,"lastAction":3,"status":0},{"playerId":2268490,"score":2325,"energy":8,"posx":18,"posy":8,"lastAction":3,"status":0},{"playerId":2534350,"score":1825,"energy":14,"posx":4,"posy":8,"lastAction":4,"status":0},{"playerId":803122,"score":1825,"energy":5,"posx":16,"posy":5,"lastAction":3,"status":0}],"golds":[{"posx":2,"posy":3,"amount":100},{"posx":4,"posy":8,"amount":350},{"posx":12,"posy":8,"amount":500},{"posx":18,"posy":8,"amount":300}],"changedObstacles":[]},{"players":[{"playerId":2636282,"score":1975,"energy":7,"posx":19,"posy":6,"lastAction":0,"status":0},{"playerId":2268490,"score":2325,"energy":20,"posx":18,"posy":8,"lastAction":4,"status":0},{"playerId":2534350,"score":1875,"energy":9,"posx":4,"posy":8,"lastAction":5,"status":0},{"playerId":803122,"score":1825,"energy":17,"posx":16,"posy":5,"lastAction":4,"status":0}],"golds":[{"posx":2,"posy":3,"amount":100},{"posx":4,"posy":8,"amount":300},{"posx":12,"posy":8,"amount":500},{"posx":18,"posy":8,"amount":300}],"changedObstacles":[]},{"players":[{"playerId":2636282,"score":1975,"energy":6,"posx":18,"posy":6,"lastAction":0,"status":0},{"playerId":2268490,"score":2325,"energy":36,"posx":18,"posy":8,"lastAction":4,"status":0},{"playerId":2534350,"score":1925,"energy":4,"posx":4,"posy":8,"lastAction":5,"status":0},{"playerId":803122,"score":1825,"energy":16,"posx":16,"posy":4,"lastAction":2,"status":0}],"golds":[{"posx":2,"posy":3,"amount":100},{"posx":4,"posy":8,"amount":250},{"posx":12,"posy":8,"amount":500},{"posx":18,"posy":8,"amount":300}],"changedObstacles":[]},{"players":[{"playerId":2636282,"score":1975,"energy":5,"posx":17,"posy":6,"lastAction":0,"status":0},{"playerId":2268490,"score":2375,"energy":31,"posx":18,"posy":8,"lastAction":5,"status":0},{"playerId":2534350,"score":1925,"energy":16,"posx":4,"posy":8,"lastAction":4,"status":0},{"playerId":803122,"score":1825,"energy":15,"posx":15,"posy":4,"lastAction":0,"status":0}],"golds":[{"posx":2,"posy":3,"amount":100},{"posx":4,"posy":8,"amount":250},{"posx":12,"posy":8,"amount":500},{"posx":18,"posy":8,"amount":250}],"changedObstacles":[]},{"players":[{"playerId":2636282,"score":1975,"energy":4,"posx":17,"posy":7,"lastAction":3,"status":0},{"playerId":2268490,"score":2425,"energy":26,"posx":18,"posy":8,"lastAction":5,"status":0},{"playerId":2534350,"score":1975,"energy":11,"posx":4,"posy":8,"lastAction":5,"status":0},{"playerId":803122,"score":1825,"energy":10,"posx":14,"posy":4,"lastAction":0,"status":0}],"golds":[{"posx":2,"posy":3,"amount":100},{"posx":4,"posy":8,"amount":200},{"posx":12,"posy":8,"amount":500},{"posx":18,"posy":8,"amount":200}],"changedObstacles":[{"type":3,"posx":14,"posy":4,"value":-20}]},{"players":[{"playerId":2636282,"score":1975,"energy":3,"posx":17,"posy":8,"lastAction":3,"status":0},{"playerId":2268490,"score":2475,"energy":21,"posx":18,"posy":8,"lastAction":5,"status":0},{"playerId":2534350,"score":2025,"energy":6,"posx":4,"posy":8,"lastAction":5,"status":0},{"playerId":803122,"score":1825,"energy":9,"posx":13,"posy":4,"lastAction":0,"status":0}],"golds":[{"posx":2,"posy":3,"amount":100},{"posx":4,"posy":8,"amount":150},{"posx":12,"posy":8,"amount":500},{"posx":18,"posy":8,"amount":150}],"changedObstacles":[]},{"players":[{"playerId":2636282,"score":1975,"energy":2,"posx":16,"posy":8,"lastAction":0,"status":0},{"playerId":2268490,"score":2525,"energy":16,"posx":18,"posy":8,"lastAction":5,"status":0},{"playerId":2534350,"score":2075,"energy":1,"posx":4,"posy":8,"lastAction":5,"status":0},{"playerId":803122,"score":1825,"energy":21,"posx":13,"posy":4,"lastAction":4,"status":0}],"golds":[{"posx":2,"posy":3,"amount":100},{"posx":4,"posy":8,"amount":100},{"posx":12,"posy":8,"amount":500},{"posx":18,"posy":8,"amount":100}],"changedObstacles":[]},{"players":[{"playerId":2636282,"score":1975,"energy":1,"posx":15,"posy":8,"lastAction":0,"status":0},{"playerId":2268490,"score":2575,"energy":11,"posx":18,"posy":8,"lastAction":5,"status":0},{"playerId":2534350,"score":2075,"energy":13,"posx":4,"posy":8,"lastAction":4,"status":0},{"playerId":803122,"score":1825,"energy":2,"posx":12,"posy":4,"lastAction":0,"status":0}],"golds":[{"posx":2,"posy":3,"amount":100},{"posx":4,"posy":8,"amount":100},{"posx":12,"posy":8,"amount":500},{"posx":18,"posy":8,"amount":50}],"changedObstacles":[]}]