[{"players":[{"playerId":2450708,"score":0,"energy":49,"posx":8,"posy":7,"lastAction":2,"status":0},{"playerId":2636282,"score":0,"energy":49,"posx":8,"posy":7,"lastAction":2,"status":0},{"playerId":2268490,"score":0,"energy":49,"posx":8,"posy":7,"lastAction":2,"status":0},{"playerId":803122,"score":0,"energy":49,"posx":8,"posy":7,"lastAction":2,"status":0}],"golds":[{"posx":20,"posy":2,"amount":150},{"posx":8,"posy":6,"amount":700},{"posx":19,"posy":4,"amount":300},{"posx":16,"posy":5,"amount":250},{"posx":17,"posy":0,"amount":700},{"posx":18,"posy":8,"amount":300},{"posx":8,"posy":4,"amount":250},{"posx":11,"posy":1,"amount":750},{"posx":12,"posy":8,"amount":500},{"posx":9,"posy":6,"amount":600},{"posx":6,"posy":5,"amount":750},{"posx":4,"posy":8,"amount":600},{"posx":19,"posy":6,"amount":300},{"posx":7,"posy":0,"amount":550},{"posx":7,"posy":4,"amount":450},{"posx":15,"posy":6,"amount":550},{"posx":6,"posy":3,"amount":250},{"posx":12,"posy":3,"amount":500},{"posx":2,"posy":3,"amount":100},{"posx":4,"posy":7,"amount":650}],"changedObstacles":[]},{"players":[{"playerId":2450708,"score":0,"energy":45,"posx":8,"posy":6,"lastAction":2,"status":0},{"playerId":2636282,"score":0,"energy":45,"posx":8,"posy":6,"lastAction":2,"status":0},{"playerId":2268490,"score":0,"energy":45,"posx":8,"posy":6,"lastAction":2,"status":0},{"playerId":803122,"score":0,"energy":45,"posx":8,"posy":6,"lastAction":2,"status":0}],"golds":[{"posx":20,"posy":2,"amount":150},{"posx":8,"posy":6,"amount":700},{"posx":19,"posy":4,"amount":300},{"posx":16,"posy":5,"amount":250},{"posx":17,"posy":0,"amount":700},{"posx":18,"posy":8,"amount":300},{"posx":8,"posy":4,"amount":250},{"posx":11,"posy":1,"amount":750},{"posx":12,"posy":8,"amount":500},{"posx":9,"posy":6,"amount":600},{"posx":6,"posy":5,"amount":750},{"posx":4,"posy":8,"amount":600},{"posx":19,"posy":6,"amount":300},{"posx":7,"posy":0,"amount":550},{"posx":7,"posy":4,"amount":450},{"posx":15,"posy":6,"amount":550},{"posx":6,"posy":3,"amount":250},{"posx":12,"posy":3,"amount":500},{"posx":2,"posy":3,"amount":100},{"posx":4,"posy":7,"amount":650}],"changedObstacles":[]},{"players":[{"playerId":2450708,"score":50,"energy":40,"posx":8,"posy":6,"lastAction":5,"status":0},{"playerId":2636282,"score":50,"energy":40,"posx":8,"posy":6,"lastAction":5,"status":0},{"playerId":2268490,"score":50,"energy":40,"posx":8,"posy":6,"lastAction":5,"status":0},{"playerId":803122,"score":50,"energy":40,"posx":8,"posy":6,"lastAction":5,"status":0}],"golds":[{"posx":7,"posy":0,"amount":550},{"posx":17,"posy":0,"amount":700},{"posx":11,"posy":1,"amount":750},{"posx":20,"posy":2,"amount":150},{"posx":2,"posy":3,"amount":100},{"posx":6,"posy":3,"amount":250},{"posx":12,"posy":3,"amount":500},{"posx":7,"posy":4,"amount":450},{"posx":8,"posy":4,"amount":250},{"posx":19,"posy":4,"amount":300},{"posx":6,"posy":5,"amount":750},{"posx":16,"posy":5,"amount":250},{"posx":8,"posy":6,"amount":500},{"posx":9,"posy":6,"amount":600},{"posx":15,"posy":6,"amount":550},{"posx":19,"posy":6,"amount":300},{"posx":4,"posy":7,"amount":650},{"posx":4,"posy":8,"amount":600},{"posx":12,"posy":8,"amount":500},{"posx":18,"posy":8,"amount":300}],"changedObstacles":[]},{"players":[{"playerId":2450708,"score":100,"energy":35,"posx":8,"posy":6,"lastAction":5,"status":0},{"playerId":2636282,"score":100,"energy":35,"posx":8,"posy":6,"lastAction":5,"status":0},{"playerId":2268490,"score":100,"energy":35,"posx":8,"posy":6,"lastAction":5,"status":0},{"playerId":803122,"score":100,"energy":35,"posx":8,"posy":6,"lastAction":5,"status":0}],"golds":[{"posx":7,"posy":0,"amount":550},{"posx":17,"posy":0,"amount":700},{"posx":11,"posy":1,"amount":750},{"posx":20,"posy":2,"amount":150},{"posx":2,"posy":3,"amount":100},{"posx":6,"posy":3,"amount":250},{"posx":12,"posy":3,"amount":500},{"posx":7,"posy":4,"amount":450},{"posx":8,"posy":4,"amount":250},{"posx":19,"posy":4,"amount":300},{"posx":6,"posy":5,"amount":750},{"posx":16,"posy":5,"amount":250},{"posx":8,"posy":6,"amount":300},{"posx":9,"posy":6,"amount":600},{"posx":15,"posy":6,"amount":550},{"posx":19,"posy":6,"amount":300},{"posx":4,"posy":7,"amount":650},{"posx":4,"posy":8,"amount":600},{"posx":12,"posy":8,"amount":500},{"posx":18,"posy":8,"amount":300}],"changedObstacles":[]},{"players":[{"playerId":2450708,"score":150,"energy":30,"posx":8,"posy":6,"lastAction":5,"status":0},{"playerId":2636282,"score":150,"energy":30,"posx":8,"posy":6,"lastAction":5,"status":0},{"playerId":2268490,"score":150,"energy":30,"posx":8,"posy":6,"lastAction":5,"status":0},{"playerId":803122,"score":150,"energy":30,"posx":8,"posy":6,"lastAction":5,"status":0}],"golds":[{"posx":7,"posy":0,"amount":550},{"posx":17,"posy":0,"amount":700},{"posx":11,"posy":1,"amount":750},{"posx":20,"posy":2,"amount":150},{"posx":2,"posy":3,"amount":100},{"posx":6,"posy":3,"amount":250},{"posx":12,"posy":3,"amount":500},{"posx":7,"posy":4,"amount":450},{"posx":8,"posy":4,"amount":250},{"posx":19,"posy":4,"amount":300},{"posx":6,"posy":5,"amount":750},{"posx":16,"posy":5,"amount":250},{"posx":8,"posy":6,"amount":100},{"posx":9,"posy":6,"amount":600},{"posx":15,"posy":6,"amount":550},{"posx":19,"posy":6,"amount":300},{"posx":4,"posy":7,"amount":650},{"posx":4,"posy":8,"amount":600},{"posx":12,"posy":8,"amount":500},{"posx":18,"posy":8,"amount":300}],"changedObstacles":[]},{"players":[{"playerId":2450708,"score":175,"energy":25,"posx":8,"posy":6,"lastAction":5,"status":0},{"playerId":2636282,"score":175,"energy":25,"posx":8,"posy":6,"lastAction":5,"status":0},{"playerId":2268490,"score":175,"energy":25,"posx":8,"posy":6,"lastAction":5,"status":0},{"playerId":803122,"score":175,"energy":25,"posx":8,"posy":6,"lastAction":5,"status":0}],"golds":[{"posx":7,"posy":0,"amount":550},{"posx":17,"posy":0,"amount":700},{"posx":11,"posy":1,"amount":750},{"posx":20,"posy":2,"amount":150},{"posx":2,"posy":3,"amount":100},{"posx":6,"posy":3,"amount":250},{"posx":12,"posy":3,"amount":500},{"posx":7,"posy":4,"amount":450},{"posx":8,"posy":4,"amount":250},{"posx":19,"posy":4,"amount":300},{"posx":6,"posy":5,"amount":750},{"posx":16,"posy":5,"amount":250},{"posx":9,"posy":6,"amount":600},{"posx":15,"posy":6,"amount":550},{"posx":19,"posy":6,"amount":300},{"posx":4,"posy":7,"amount":650},{"posx":4,"posy":8,"amount":600},{"posx":12,"posy":8,"amount":500},{"posx":18,"posy":8,"amount":300}],"changedObstacles":[{"type":0,"posx":8,"posy":6,"value":-1}]},{"players":[{"playerId":2450708,"score":175,"energy":21,"posx":9,"posy":6,"lastAction":1,"status":0},{"playerId":2636282,"score":175,"energy":21,"posx":9,"posy":6,"lastAction":1,"status":0},{"playerId":2268490,"score":175,"energy":24,"posx":8,"posy":5,"lastAction":2,"status":0},{"playerId":803122,"score":175,"energy":21,"posx":9,"posy":6,"lastAction":1,"status":0}],"golds":[{"posx":7,"posy":0,"amount":550},{"posx":17,"posy":0,"amount":700},{"posx":11,"posy":1,"amount":750},{"posx":20,"posy":2,"amount":150},{"posx":2,"posy":3,"amount":100},{"posx":6,"posy":3,"amount":250},{"posx":12,"posy":3,"amount":500},{"posx":7,"posy":4,"amount":450},{"posx":8,"posy":4,"amount":250},{"posx":19,"posy":4,"amount":300},{"posx":6,"posy":5,"amount":750},{"posx":16,"posy":5,"amount":250},{"posx":9,"posy":6,"amount":600},{"posx":15,"posy":6,"amount":550},{"posx":19,"posy":6,"amount":300},{"posx":4,"posy":7,"amount":650},{"posx":4,"posy":8,"amount":600},{"posx":12,"posy":8,"amount":500},{"posx":18,"posy":8,"amount":300}],"changedObstacles":[]},{"players":[{"playerId":2450708,"score":225,"energy":16,"posx":9,"posy":6,"lastAction":5,"status":0},{"playerId":2636282,"score":225,"energy":16,"posx":9,"posy":6,"lastAction":5,"status":0},{"playerId":2268490,"score":175,"energy":20,"posx":8,"posy":4,"lastAction":2,"status":0},{"playerId":803122,"score":225,"energy":16,"posx":9,"posy":6,"lastAction":5,"status":0}],"golds":[{"posx":7,"posy":0,"amount":550},{"posx":17,"posy":0,"amount":700},{"posx":11,"posy":1,"amount":750},{"posx":20,"posy":2,"amount":150},{"posx":2,"posy":3,"amount":100},{"posx":6,"posy":3,"amount":250},{"posx":12,"posy":3,"amount":500},{"posx":7,"posy":4,"amount":450},{"posx":8,"posy":4,"amount":250},{"posx":19,"posy":4,"amount":300},{"posx":6,"posy":5,"amount":750},{"posx":16,"posy":5,"amount":250},{"posx":9,"posy":6,"amount":450},{"posx":15,"posy":6,"amount":550},{"posx":19,"posy":6,"amount":300},{"posx":4,"posy":7,"amount":650},{"posx":4,"posy":8,"amount":600},{"posx":12,"posy":8,"amount":500},{"posx":18,"posy":8,"amount":300}],"changedObstacles":[]},{"players":[{"playerId":2450708,"score":275,"energy":11,"posx":9,"posy":6,"lastAction":5,"status":0},{"playerId":2636282,"score":275,"energy":11,"posx":9,"posy":6,"lastAction":5,"status":0},{"playerId":2268490,"score":225,"energy":15,"posx":8,"posy":4,"lastAction":5,"status":0},{"playerId":803122,"score":275,"energy":11,"posx":9,"posy":6,"lastAction":5,"status":0}],"golds":[{"posx":7,"posy":0,"amount":550},{"posx":17,"posy":0,"amount":700},{"posx":11,"posy":1,"amount":750},{"posx":20,"posy":2,"amount":150},{"posx":2,"posy":3,"amount":100},{"posx":6,"posy":3,"amount":250},{"posx":12,"posy":3,"amount":500},{"posx":7,"posy":4,"amount":450},{"posx":8,"posy":4,"amount":200},{"posx":19,"posy":4,"amount":300},{"posx":6,"posy":5,"amount":750},{"posx":16,"posy":5,"amount":250},{"posx":9,"posy":6,"amount":300},{"posx":15,"posy":6,"amount":550},{"posx":19,"posy":6,"amount":300},{"posx":4,"posy":7,"amount":650},{"posx":4,"posy":8,"amount":600},{"posx":12,"posy":8,"amount":500},{"posx":18,"posy":8,"amount":300}],"changedObstacles":[]},{"players":[{"playerId":2450708,"score":325,"energy":6,"posx":9,"posy":6,"lastAction":5,"status":0},{"playerId":2636282,"score":325,"energy":6,"posx":9,"posy":6,"lastAction":5,"status":0},{"playerId":2268490,"score":275,"energy":10,"posx":8,"posy":4,"lastAction":5,"status":0},{"playerId":803122,"score":325,"energy":6,"posx":9,"posy":6,"lastAction":5,"status":0}],"golds":[{"posx":7,"posy":0,"amount":550},{"posx":17,"posy":0,"amount":700},{"posx":11,"posy":1,"amount":750},{"posx":20,"posy":2,"amount":150},{"posx":2,"posy":3,"amount":100},{"posx":6,"posy":3,"amount":250},{"posx":12,"posy":3,"amount":500},{"posx":7,"posy":4,"amount":450},{"posx":8,"posy":4,"amount":150},{"posx":19,"posy":4,"amount":300},{"posx":6,"posy":5,"amount":750},{"posx":16,"posy":5,"amount":250},{"posx":9,"posy":6,"amount":150},{"posx":15,"posy":6,"amount":550},{"posx":19,"posy":6,"amount":300},{"posx":4,"posy":7,"amount":650},{"posx":4,"posy":8,"amount":600},{"posx":12,"posy":8,"amount":500},{"posx":18,"posy":8,"amount":300}],"changedObstacles":[]},{"players":[{"playerId":2450708,"score":375,"energy":1,"posx":9,"posy":6,"lastAction":5,"status":0},{"playerId":2636282,"score":375,"energy":1,"posx":9,"posy":6,"lastAction":5,"status":0},{"playerId":2268490,"score":275,"energy":22,"posx":8,"posy":4,"lastAction":4,"status":0},{"playerId":803122,"score":375,"energy":1,"posx":9,"posy":6,"lastAction":5,"status":0}],"golds":[{"posx":7,"posy":0,"amount":550},{"posx":17,"posy":0,"amount":700},{"posx":11,"posy":1,"amount":750},{"posx":20,"posy":2,"amount":150},{"posx":2,"posy":3,"amount":100},{"posx":6,"posy":3,"amount":250},{"posx":12,"posy":3,"amount":500},{"posx":7,"posy":4,"amount":450},{"posx":8,"posy":4,"amount":150},{"posx":19,"posy":4,"amount":300},{"posx":6,"posy":5,"amount":750},{"posx":16,"posy":5,"amount":250},{"posx":15,"posy":6,"amount":550},{"posx":19,"posy":6,"amount":300},{"posx":4,"posy":7,"amount":650},{"posx":4,"posy":8,"amount":600},{"posx":12,"posy":8,"amount":500},{"posx":18,"posy":8,"amount":300}],"changedObstacles":[{"type":0,"posx":9,"posy":6,"value":-1}]},{"players":[{"playerId":2450708,"score":375,"energy":13,"posx":9,"posy":6,"lastAction":4,"status":0},{"playerId":2636282,"score":375,"energy":13,"posx":9,"posy":6,"lastAction":4,"status":0},{"playerId":2268490,"score":275,"energy":38,"posx":8,"posy":4,"lastAction":4,"status":0},{"playerId":803122,"score":375,"energy":13,"posx":9,"posy":6,"lastAction":4,"status":0}],"golds":[{"posx":7,"posy":0,"amount":550},{"posx":17,"posy":0,"amount":700},{"posx":11,"posy":1,"amount":750},{"posx":20,"posy":2,"amount":150},{"posx":2,"posy":3,"amount":100},{"posx":6,"posy":3,"amount":250},{"posx":12,"posy":3,"amount":500},{"posx":7,"posy":4,"amount":450},{"posx":8,"posy":4,"amount":150},{"posx":19,"posy":4,"amount":300},{"posx":6,"posy":5,"amount":750},{"posx":16,"posy":5,"amount":250},{"posx":15,"posy":6,"amount":550},{"posx":19,"posy":6,"amount":300},{"posx":4,"posy":7,"amount":650},{"posx":4,"posy":8,"amount":600},{"posx":12,"posy":8,"amount":500},{"posx":18,"posy":8,"amount":300}],"changedObstacles":[]},{"players":[{"playerId":2450708,"score":375,"energy":29,"posx":9,"posy":6,"lastAction":4,"status":0},{"playerId":2636282,"score":375,"energy":29,"posx":9,"posy":6,"lastAction":4,"status":0},{"playerId":2268490,"score":325,"energy":33,"posx":8,"posy":4,"lastAction":5,"status":0},{"playerId":803122,"score":375,"energy":12,"posx":8,"posy":6,"lastAction":0,"status":0}],"golds":[{"posx":7,"posy":0,"amount":550},{"posx":17,"posy":0,"amount":700},{"posx":11,"posy":1,"amount":750},{"posx":20,"posy":2,"amount":150},{"posx":2,"posy":3,"amount":100},{"posx":6,"posy":3,"amount":250},{"posx":12,"posy":3,"amount":500},{"posx":7,"posy":4,"amount":450},{"posx":8,"posy":4,"amount":100},{"posx":19,"posy":4,"amount":300},{"posx":6,"posy":5,"amount":750},{"posx":16,"posy":5,"amount":250},{"posx":15,"posy":6,"amount":550},{"posx":19,"posy":6,"amount":300},{"posx":4,"posy":7,"amount":650},{"posx":4,"posy":8,"amount":600},{"posx":12,"posy":8,"amount":500},{"posx":18,"posy":8,"amount":300}],"changedObstacles":[]},{"players":[{"playerId":2450708,"score":375,"energy":50,"posx":9,"posy":6,"lastAction":4,"status":0},{"playerId":2636282,"score":375,"energy":28,"posx":9,"posy":5,"lastAction":2,"status":0},{"playerId":2268490,"score":375,"energy":28,"posx":8,"posy":4,"lastAction":5,"status":0},{"playerId":803122,"score":375,"energy":11,"posx":8,"posy":5,"lastAction":2,"status":0}],"golds":[{"posx":7,"posy":0,"amount":550},{"posx":17,"posy":0,"amount":700},{"posx":11,"posy":1,"amount":750},{"posx":20,"posy":2,"amount":150},{"posx":2,"posy":3,"amount":100},{"posx":6,"posy":3,"amount":250},{"posx":12,"posy":3,"amount":500},{"posx":7,"posy":4,"amount":450},{"posx":8,"posy":4,"amount":50},{"posx":19,"posy":4,"amount":300},{"posx":6,"posy":5,"amount":750},{"posx":16,"posy":5,"amount":250},{"posx":15,"posy":6,"amount":550},{"posx":19,"posy":6,"amount":300},{"posx":4,"posy":7,"amount":650},{"posx":4,"posy":8,"amount":600},{"posx":12,"posy":8,"amount":500},{"posx":18,"posy":8,"amount":300}],"changedObstacles":[]},{"players":[{"playerId":2450708,"score":375,"energy":49,"posx":9,"posy":5,"lastAction":2,"status":0},{"playerId":2636282,"score":375,"energy":27,"posx":8,"posy":5,"lastAction":0,"status":0},{"playerId":2268490,"score":425,"energy":23,"posx":8,"posy":4,"lastAction":5,"status":0},{"playerId":803122,"score":375,"energy":10,"posx":7,"posy":5,"lastAction":0,"status":0}],"golds":[{"posx":7,"posy":0,"amount":550},{"posx":17,"posy":0,"amount":700},{"posx":11,"posy":1,"amount":750},{"posx":20,"posy":2,"amount":150},{"posx":2,"posy":3,"amount":100},{"posx":6,"posy":3,"amount":250},{"posx":12,"posy":3,"amount":500},{"posx":7,"posy":4,"amount":450},{"posx":19,"posy":4,"amount":300},{"posx":6,"posy":5,"amount":750},{"posx":16,"posy":5,"amount":250},{"posx":15,"posy":6,"amount":550},{"posx":19,"posy":6,"amount":300},{"posx":4,"posy":7,"amount":650},{"posx":4,"posy":8,"amount":600},{"posx":12,"posy":8,"amount":500},{"posx":18,"posy":8,"amount":300}],"changedObstacles":[{"type":0,"posx":8,"posy":4,"value":-1}]},{"players":[{"playerId":2450708,"score":375,"energy":48,"posx":9,"posy":4,"lastAction":2,"status":0},{"playerId":2636282,"score":375,"energy":26,"posx":7,"posy":5,"lastAction":0,"status":0},{"playerId":2268490,"score":425,"energy":22,"posx":9,"posy":4,"lastAction":1,"status":0},{"playerId":803122,"score":375,"energy":6,"posx":6,"posy":5,"lastAction":0,"status":0}],"golds":[{"posx":7,"posy":0,"amount":550},{"posx":17,"posy":0,"amount":700},{"posx":11,"posy":1,"amount":750},{"posx":20,"posy":2,"amount":150},{"posx":2,"posy":3,"amount":100},{"posx":6,"posy":3,"amount":250},{"posx":12,"posy":3,"amount":500},{"posx":7,"posy":4,"amount":450},{"posx":19,"posy":4,"amount":300},{"posx":6,"posy":5,"amount":750},{"posx":16,"posy":5,"amount":250},{"posx":15,"posy":6,"amount":550},{"posx":19,"posy":6,"amount":300},{"posx":4,"posy":7,"amount":650},{"posx":4,"posy":8,"amount":600},{"posx":12,"posy":8,"amount":500},{"posx":18,"posy":8,"amount":300}],"changedObstacles":[]},{"players":[{"playerId":2450708,"score":375,"energy":47,"posx":9,"posy":3,"lastAction":2,"status":0},{"playerId":2636282,"score":375,"energy":22,"posx":7,"posy":4,"lastAction":2,"status":0},{"playerId":2268490,"score":425,"energy":21,"posx":10,"posy":4,"lastAction":1,"status":0},{"playerId":803122,"score":425,"energy":1,"posx":6,"posy":5,"lastAction":5,"status":0}],"golds":[{"posx":7,"posy":0,"amount":550},{"posx":17,"posy":0,"amount":700},{"posx":11,"posy":1,"amount":750},{"posx":20,"posy":2,"amount":150},{"posx":2,"posy":3,"amount":100},{"posx":6,"posy":3,"amount":250},{"posx":12,"posy":3,"amount":500},{"posx":7,"posy":4,"amount":450},{"posx":19,"posy":4,"amount":300},{"posx":6,"posy":5,"amount":700},{"posx":16,"posy":5,"amount":250},{"posx":15,"posy":6,"amount":550},{"posx":19,"posy":6,"amount":300},{"posx":4,"posy":7,"amount":650},{"posx":4,"posy":8,"amount":600},{"posx":12,"posy":8,"amount":500},{"posx":18,"posy":8,"amount":300}],"changedObstacles":[]},{"players":[{"playerId":2450708,"score":375,"energy":46,"posx":9,"posy":2,"lastAction":2,"status":0},{"playerId":2636282,"score":425,"energy":17,"posx":7,"posy":4,"lastAction":5,"status":0},{"playerId":2268490,"score":425,"energy":20,"posx":11,"posy":4,"lastAction":1,"status":0},{"playerId":803122,"score":425,"energy":13,"posx":6,"posy":5,"lastAction":4,"status":0}],"golds":[{"posx":7,"posy":0,"amount":550},{"posx":17,"posy":0,"amount":700},{"posx":11,"posy":1,"amount":750},{"posx":20,"posy":2,"amount":150},{"posx":2,"posy":3,"amount":100},{"posx":6,"posy":3,"amount":250},{"posx":12,"posy":3,"amount":500},{"posx":7,"posy":4,"amount":400},{"posx":19,"posy":4,"amount":300},{"posx":6,"posy":5,"amount":700},{"posx":16,"posy":5,"amount":250},{"posx":15,"posy":6,"amount":550},{"posx":19,"posy":6,"amount":300},{"posx":4,"posy":7,"amount":650},{"posx":4,"posy":8,"amount":600},{"posx":12,"posy":8,"amount":500},{"posx":18,"posy":8,"amount":300}],"changedObstacles":[]},{"players":[{"playerId":2450708,"score":375,"energy":45,"posx":10,"posy":2,"lastAction":1,"status":0},{"playerId":2636282,"score":475,"energy":12,"posx":7,"posy":4,"lastAction":5,"status":0},{"playerId":2268490,"score":425,"energy":19,"posx":11,"posy":3,"lastAction":2,"status":0},{"playerId":803122,"score":475,"energy":8,"posx":6,"posy":5,"lastAction":5,"status":0}],"golds":[{"posx":7,"posy":0,"amount":550},{"posx":17,"posy":0,"amount":700},{"posx":11,"posy":1,"amount":750},{"posx":20,"posy":2,"amount":150},{"posx":2,"posy":3,"amount":100},{"posx":6,"posy":3,"amount":250},{"posx":12,"posy":3,"amount":500},{"posx":7,"posy":4,"amount":350},{"posx":19,"posy":4,"amount":300},{"posx":6,"posy":5,"amount":650},{"posx":16,"posy":5,"amount":250},{"posx":15,"posy":6,"amount":550},{"posx":19,"posy":6,"amount":300},{"posx":4,"posy":7,"amount":650},{"posx":4,"posy":8,"amount":600},{"posx":12,"posy":8,"amount":500},{"posx":18,"posy":8,"amount":300}],"changedObstacles":[]},{"players":[{"playerId":2450708,"score":375,"energy":44,"posx":10,"posy":1,"lastAction":2,"status":0},{"playerId":2636282,"score":525,"energy":7,"posx":7,"posy":4,"lastAction":5,"status":0},{"playerId":2268490,"score":425,"energy":15,"posx":12,"posy":3,"lastAction":1,"status":0},{"playerId":803122,"score":525,"energy":3,"posx":6,"posy":5,"lastAction":5,"status":0}],"golds":[{"posx":7,"posy":0,"amount":550},{"posx":17,"posy":0,"amount":700},{"posx":11,"posy":1,"amount":750},{"posx":20,"posy":2,"amount":150},{"posx":2,"posy":3,"amount":100},{"posx":6,"posy":3,"amount":250},{"posx":12,"posy":3,"amount":500},{"posx":7,"posy":4,"amount":300},{"posx":19,"posy":4,"amount":300},{"posx":6,"posy":5,"amount":600},{"posx":16,"posy":5,"amount":250},{"posx":15,"posy":6,"amount":550},{"posx":19,"posy":6,"amount":300},{"posx":4,"posy":7,"amount":650},{"posx":4,"posy":8,"amount":600},{"posx":12,"posy":8,"amount":500},{"posx":18,"posy":8,"amount":300}],"changedObstacles":[]},{"players":[{"playerId":2450708,"score":375,"energy":40,"posx":11,"posy":1,"lastAction":1,"status":0},{"playerId":2636282,"score":575,"energy":2,"posx":7,"posy":4,"lastAction":5,"status":0},{"playerId":2268490,"score":475,"energy":10,"posx":12,"posy":3,"lastAction":5,"status":0},{"playerId":803122,"score":525,"energy":15,"posx":6,"posy":5,"lastAction":4,"status":0}],"golds":[{"posx":7,"posy":0,"amount":550},{"posx":17,"posy":0,"amount":700},{"posx":11,"posy":1,"amount":750},{"posx":20,"posy":2,"amount":150},{"posx":2,"posy":3,"amount":100},{"posx":6,"posy":3,"amount":250},{"posx":12,"posy":3,"amount":450},{"posx":7,"posy":4,"amount":250},{"posx":19,"posy":4,"amount":300},{"posx":6,"posy":5,"amount":600},{"posx":16,"posy":5,"amount":250},{"posx":15,"posy":6,"amount":550},{"posx":19,"posy":6,"amount":300},{"posx":4,"posy":7,"amount":650},{"posx":4,"posy":8,"amount":600},{"posx":12,"posy":8,"amount":500},{"posx":18,"posy":8,"amount":300}],"changedObstacles":[]},{"players":[{"playerId":2450708,"score":425,"energy":35,"posx":11,"posy":1,"lastAction":5,"status":0},{"playerId":2636282,"score":575,"energy":14,"posx":7,"posy":4,"lastAction":4,"status":0},{"playerId":2268490,"score":475,"energy":22,"posx":12,"posy":3,"lastAction":4,"status":0},{"playerId":803122,"score":575,"energy":10,"posx":6,"posy":5,"lastAction":5,"status":0}],"golds":[{"posx":7,"posy":0,"amount":550},{"posx":17,"posy":0,"amount":700},{"posx":11,"posy":1,"amount":700},{"posx":20,"posy":2,"amount":150},{"posx":2,"posy":3,"amount":100},{"posx":6,"posy":3,"amount":250},{"posx":12,"posy":3,"amount":450},{"posx":7,"posy":4,"amount":250},{"posx":19,"posy":4,"amount":300},{"posx":6,"posy":5,"amount":550},{"posx":16,"posy":5,"amount":250},{"posx":15,"posy":6,"amount":550},{"posx":19,"posy":6,"amount":300},{"posx":4,"posy":7,"amount":650},{"posx":4,"posy":8,"amount":600},{"posx":12,"posy":8,"amount":500},{"posx":18,"posy":8,"amount":300}],"changedObstacles":[]},{"players":[{"playerId":2450708,"score":475,"energy":30,"posx":11,"posy":1,"lastAction":5,"status":0},{"playerId":2636282,"score":625,"energy":9,"posx":7,"posy":4,"lastAction":5,"status":0},{"playerId":2268490,"score":475,"energy":38,"posx":12,"posy":3,"lastAction":4,"status":0},{"playerId":803122,"score":625,"energy":5,"posx":6,"posy":5,"lastAction":5,"status":0}],"golds":[{"posx":7,"posy":0,"amount":550},{"posx":17,"posy":0,"amount":700},{"posx":11,"posy":1,"amount":650},{"posx":20,"posy":2,"amount":150},{"posx":2,"posy":3,"amount":100},{"posx":6,"posy":3,"amount":250},{"posx":12,"posy":3,"amount":450},{"posx":7,"posy":4,"amount":200},{"posx":19,"posy":4,"amount":300},{"posx":6,"posy":5,"amount":500},{"posx":16,"posy":5,"amount":250},{"posx":15,"posy":6,"amount":550},{"posx":19,"posy":6,"amount":300},{"posx":4,"posy":7,"amount":650},{"posx":4,"posy":8,"amount":600},{"posx":12,"posy":8,"amount":500},{"posx":18,"posy":8,"amount":300}],"changedObstacles":[]},{"players":[{"playerId":2450708,"score":525,"energy":25,"posx":11,"posy":1,"lastAction":5,"status":0},{"playerId":2636282,"score":675,"energy":4,"posx":7,"posy":4,"lastAction":5,"status":0},{"playerId":2268490,"score":525,"energy":33,"posx":12,"posy":3,"lastAction":5,"status":0},{"playerId":803122,"score":625,"energy":17,"posx":6,"posy":5,"lastAction":4,"status":0}],"golds":[{"posx":7,"posy":0,"amount":550},{"posx":17,"posy":0,"amount":700},{"posx":11,"posy":1,"amount":600},{"posx":20,"posy":2,"amount":150},{"posx":2,"posy":3,"amount":100},{"posx":6,"posy":3,"amount":250},{"posx":12,"posy":3,"amount":400},{"posx":7,"posy":4,"amount":150},{"posx":19,"posy":4,"amount":300},{"posx":6,"posy":5,"amount":500},{"posx":16,"posy":5,"amount":250},{"posx":15,"posy":6,"amount":550},{"posx":19,"posy":6,"amount":300},{"posx":4,"posy":7,"amount":650},{"posx":4,"posy":8,"amount":600},{"posx":12,"posy":8,"amount":500},{"posx":18,"posy":8,"amount":300}],"changedObstacles":[]},{"players":[{"playerId":2450708,"score":575,"energy":20,"posx":11,"posy":1,"lastAction":5,"status":0},{"playerId":2636282,"score":675,"energy":16,"posx":7,"posy":4,"lastAction":4,"status":0},{"playerId":2268490,"score":575,"energy":28,"posx":12,"posy":3,"lastAction":5,"status":0},{"playerId":803122,"score":675,"energy":12,"posx":6,"posy":5,"lastAction":5,"status":0}],"golds":[{"posx":7,"posy":0,"amount":550},{"posx":17,"posy":0,"amount":700},{"posx":11,"posy":1,"amount":550},{"posx":20,"posy":2,"amount":150},{"posx":2,"posy":3,"amount":100},{"posx":6,"posy":3,"amount":250},{"posx":12,"posy":3,"amount":350},{"posx":7,"posy":4,"amount":150},{"posx":19,"posy":4,"amount":300},{"posx":6,"posy":5,"amount":450},{"posx":16,"posy":5,"amount":250},{"posx":15,"posy":6,"amount":550},{"posx":19,"posy":6,"amount":300},{"posx":4,"posy":7,"amount":650},{"posx":4,"posy":8,"amount":600},{"posx":12,"posy":8,"amount":500},{"posx":18,"posy":8,"amount":300}],"changedObstacles":[]},{"players":[{"playerId":2450708,"score":625,"energy":15,"posx":11,"posy":1,"lastAction":5,"status":0},{"playerId":2636282,"score":675,"energy":32,"posx":7,"posy":4,"lastAction":4,"status":0},{"playerId":2268490,"score":625,"energy":23,"posx":12,"posy":3,"lastAction":5,"status":0},{"playerId":803122,"score":725,"energy":7,"posx":6,"posy":5,"lastAction":5,"status":0}],"golds":[{"posx":7,"posy":0,"amount":550},{"posx":17,"posy":0,"amount":700},{"posx":11,"posy":1,"amount":500},{"posx":20,"posy":2,"amount":150},{"posx":2,"posy":3,"amount":100},{"posx":6,"posy":3,"amount":250},{"posx":12,"posy":3,"amount":300},{"posx":7,"posy":4,"amount":150},{"posx":19,"posy":4,"amount":300},{"posx":6,"posy":5,"amount":400},{"posx":16,"posy":5,"amount":250},{"posx":15,"posy":6,"amount":550},{"posx":19,"posy":6,"amount":300},{"posx":4,"posy":7,"amount":650},{"posx":4,"posy":8,"amount":600},{"posx":12,"posy":8,"amount":500},{"posx":18,"posy":8,"amount":300}],"changedObstacles":[]},{"players":[{"playerId":2450708,"score":675,"energy":10,"posx":11,"posy":1,"lastAction":5,"status":0},{"playerId":2636282,"score":725,"energy":27,"posx":7,"posy":4,"lastAction":5,"status":0},{"playerId":2268490,"score":675,"energy":18,"posx":12,"posy":3,"lastAction":5,"status":0},{"playerId":803122,"score":775,"energy":2,"posx":6,"posy":5,"lastAction":5,"status":0}],"golds":[{"posx":7,"posy":0,"amount":550},{"posx":17,"posy":0,"amount":700},{"posx":11,"posy":1,"amount":450},{"posx":20,"posy":2,"amount":150},{"posx":2,"posy":3,"amount":100},{"posx":6,"posy":3,"amount":250},{"posx":12,"posy":3,"amount":250},{"posx":7,"posy":4,"amount":100},{"posx":19,"posy":4,"amount":300},{"posx":6,"posy":5,"amount":350},{"posx":16,"posy":5,"amount":250},{"posx":15,"posy":6,"amount":550},{"posx":19,"posy":6,"amount":300},{"posx":4,"posy":7,"amount":650},{"posx":4,"posy":8,"amount":600},{"posx":12,"posy":8,"amount":500},{"posx":18,"posy":8,"amount":300}],"changedObstacles":[]},{"players":[{"playerId":2450708,"score":725,"energy":5,"posx":11,"posy":1,"lastAction":5,"status":0},{"playerId":2636282,"score":775,"energy":22,"posx":7,"posy":4,"lastAction":5,"status":0},{"playerId":2268490,"score":725,"energy":13,"posx":12,"posy":3,"lastAction":5,"status":0},{"playerId":803122,"score":775,"energy":14,"posx":6,"posy":5,"lastAction":4,"status":0}],"golds":[{"posx":7,"posy":0,"amount":550},{"posx":17,"posy":0,"amount":700},{"posx":11,"posy":1,"amount":400},{"posx":20,"posy":2,"amount":150},{"posx":2,"posy":3,"amount":100},{"posx":6,"posy":3,"amount":250},{"posx":12,"posy":3,"amount":200},{"posx":7,"posy":4,"amount":50},{"posx":19,"posy":4,"amount":300},{"posx":6,"posy":5,"amount":350},{"posx":16,"posy":5,"amount":250},{"posx":15,"posy":6,"amount":550},{"posx":19,"posy":6,"amount":300},{"posx":4,"posy":7,"amount":650},{"posx":4,"posy":8,"amount":600},{"posx":12,"posy":8,"amount":500},{"posx":18,"posy":8,"amount":300}],"changedObstacles":[]},{"players":[{"playerId":2450708,"score":725,"energy":17,"posx":11,"posy":1,"lastAction":4,"status":0},{"playerId":2636282,"score":825,"energy":17,"posx":7,"posy":4,"lastAction":5,"status":0},{"playerId":2268490,"score":775,"energy":8,"posx":12,"posy":3,"lastAction":5,"status":0},{"playerId":803122,"score":825,"energy":9,"posx":6,"posy":5,"lastAction":5,"status":0}],"golds":[{"posx":7,"posy":0,"amount":550},{"posx":17,"posy":0,"amount":700},{"posx":11,"posy":1,"amount":400},{"posx":20,"posy":2,"amount":150},{"posx":2,"posy":3,"amount":100},{"posx":6,"posy":3,"amount":250},{"posx":12,"posy":3,"amount":150},{"posx":19,"posy":4,"amount":300},{"posx":6,"posy":5,"amount":300},{"posx":16,"posy":5,"amount":250},{"posx":15,"posy":6,"amount":550},{"posx":19,"posy":6,"amount":300},{"posx":4,"posy":7,"amount":650},{"posx":4,"posy":8,"amount":600},{"posx":12,"posy":8,"amount":500},{"posx":18,"posy":8,"amount":300}],"changedObstacles":[{"type":0,"posx":7,"posy":4,"value":-1}]},{"players":[{"playerId":2450708,"score":725,"energy":33,"posx":11,"posy":1,"lastAction":4,"status":0},{"playerId":2636282,"score":825,"energy":12,"posx":6,"posy":4,"lastAction":0,"status":0},{"playerId":2268490,"score":775,"energy":20,"posx":12,"posy":3,"lastAction":4,"status":0},{"playerId":803122,"score":875,"energy":4,"posx":6,"posy":5,"lastAction":5,"status":0}],"golds":[{"posx":7,"posy":0,"amount":550},{"posx":17,"posy":0,"amount":700},{"posx":11,"posy":1,"amount":400},{"posx":20,"posy":2,"amount":150},{"posx":2,"posy":3,"amount":100},{"posx":6,"posy":3,"amount":250},{"posx":12,"posy":3,"amount":150},{"posx":19,"posy":4,"amount":300},{"posx":6,"posy":5,"amount":250},{"posx":16,"posy":5,"amount":250},{"posx":15,"posy":6,"amount":550},{"posx":19,"posy":6,"amount":300},{"posx":4,"posy":7,"amount":650},{"posx":4,"posy":8,"amount":600},{"posx":12,"posy":8,"amount":500},{"posx":18,"posy":8,"amount":300}],"changedObstacles":[{"type":3,"posx":6,"posy":4,"value":-20}]},{"players":[{"playerId":2450708,"score":725,"energy":50,"posx":11,"posy":1,"lastAction":4,"status":0},{"playerId":2636282,"score":825,"energy":8,"posx":6,"posy":3,"lastAction":2,"status":0},{"playerId":2268490,"score":775,"energy":36,"posx":12,"posy":3,"lastAction":4,"status":0},{"playerId":803122,"score":875,"energy":16,"posx":6,"posy":5,"lastAction":4,"status":0}],"golds":[{"posx":7,"posy":0,"amount":550},{"posx":17,"posy":0,"amount":700},{"posx":11,"posy":1,"amount":400},{"posx":20,"posy":2,"amount":150},{"posx":2,"posy":3,"amount":100},{"posx":6,"posy":3,"amount":250},{"posx":12,"posy":3,"amount":150},{"posx":19,"posy":4,"amount":300},{"posx":6,"posy":5,"amount":250},{"posx":16,"posy":5,"amount":250},{"posx":15,"posy":6,"amount":550},{"posx":19,"posy":6,"amount":300},{"posx":4,"posy":7,"amount":650},{"posx":4,"posy":8,"amount":600},{"posx":12,"posy":8,"amount":500},{"posx":18,"posy":8,"amount":300}],"changedObstacles":[]},{"players":[{"playerId":2450708,"score":775,"energy":45,"posx":11,"posy":1,"lastAction":5,"status":0},{"playerId":2636282,"score":875,"energy":3,"posx":6,"posy":3,"lastAction":5,"status":0},{"playerId":2268490,"score":825,"energy":31,"posx":12,"posy":3,"lastAction":5,"status":0},{"playerId":803122,"score":925,"energy":11,"posx":6,"posy":5,"lastAction":5,"status":0}],"golds":[{"posx":7,"posy":0,"amount":550},{"posx":17,"posy":0,"amount":700},{"posx":11,"posy":1,"amount":350},{"posx":20,"posy":2,"amount":150},{"posx":2,"posy":3,"amount":100},{"posx":6,"posy":3,"amount":200},{"posx":12,"posy":3,"amount":100},{"posx":19,"posy":4,"amount":300},{"posx":6,"posy":5,"amount":200},{"posx":16,"posy":5,"amount":250},{"posx":15,"posy":6,"amount":550},{"posx":19,"posy":6,"amount":300},{"posx":4,"posy":7,"amount":650},{"posx":4,"posy":8,"amount":600},{"posx":12,"posy":8,"amount":500},{"posx":18,"posy":8,"amount":300}],"changedObstacles":[]},{"players":[{"playerId":2450708,"score":825,"energy":40,"posx":11,"posy":1,"lastAction":5,"status":0},{"playerId":2636282,"score":875,"energy":15,"posx":6,"posy":3,"lastAction":4,"status":0},{"playerId":2268490,"score":875,"energy":26,"posx":12,"posy":3,"lastAction":5,"status":0},{"playerId":803122,"score":975,"energy":6,"posx":6,"posy":5,"lastAction":5,"status":0}],"golds":[{"posx":7,"posy":0,"amount":550},{"posx":17,"posy":0,"amount":700},{"posx":11,"posy":1,"amount":300},{"posx":20,"posy":2,"amount":150},{"posx":2,"posy":3,"amount":100},{"posx":6,"posy":3,"amount":200},{"posx":12,"posy":3,"amount":50},{"posx":19,"posy":4,"amount":300},{"posx":6,"posy":5,"amount":150},{"posx":16,"posy":5,"amount":250},{"posx":15,"posy":6,"amount":550},{"posx":19,"posy":6,"amount":300},{"posx":4,"posy":7,"amount":650},{"posx":4,"posy":8,"amount":600},{"posx":12,"posy":8,"amount":500},{"posx":18,"posy":8,"amount":300}],"changedObstacles":[]},{"players":[{"playerId":2450708,"score":875,"energy":35,"posx":11,"posy":1,"lastAction":5,"status":0},{"playerId":2636282,"score":875,"energy":31,"posx":6,"posy":3,"lastAction":4,"status":0},{"playerId":2268490,"score":925,"energy":21,"posx":12,"posy":3,"lastAction":5,"status":0},{"playerId":803122,"score":1025,"energy":1,"posx":6,"posy":5,"lastAction":5,"status":0}],"golds":[{"posx":7,"posy":0,"amount":550},{"posx":17,"posy":0,"amount":700},{"posx":11,"posy":1,"amount":250},{"posx":20,"posy":2,"amount":150},{"posx":2,"posy":3,"amount":100},{"posx":6,"posy":3,"amount":200},{"posx":19,"posy":4,"amount":300},{"posx":6,"posy":5,"amount":100},{"posx":16,"posy":5,"amount":250},{"posx":15,"posy":6,"amount":550},{"posx":19,"posy":6,"amount":300},{"posx":4,"posy":7,"amount":650},{"posx":4,"posy":8,"amount":600},{"posx":12,"posy":8,"amount":500},{"posx":18,"posy":8,"amount":300}],"changedObstacles":[{"type":0,"posx":12,"posy":3,"value":-1}]},{"players":[{"playerId":2450708,"score":925,"energy":30,"posx":11,"posy":1,"lastAction":5,"status":0},{"playerId":2636282,"score":925,"energy":26,"posx":6,"posy":3,"lastAction":5,"status":0},{"playerId":2268490,"score":925,"energy":7,"posx":13,"posy":3,"lastAction":1,"status":0},{"playerId":803122,"score":1025,"energy":13,"posx":6,"posy":5,"lastAction":4,"status":0}],"golds":[{"posx":7,"posy":0,"amount":550},{"posx":17,"posy":0,"amount":700},{"posx":11,"posy":1,"amount":200},{"posx":20,"posy":2,"amount":150},{"posx":2,"posy":3,"amount":100},{"posx":6,"posy":3,"amount":150},{"posx":19,"posy":4,"amount":300},{"posx":6,"posy":5,"amount":100},{"posx":16,"posy":5,"amount":250},{"posx":15,"posy":6,"amount":550},{"posx":19,"posy":6,"amount":300},{"posx":4,"posy":7,"amount":650},{"posx":4,"posy":8,"amount":600},{"posx":12,"posy":8,"amount":500},{"posx":18,"posy":8,"amount":300}],"changedObstacles":[]},{"players":[{"playerId":2450708,"score":975,"energy":25,"posx":11,"posy":1,"lastAction":5,"status":0},{"playerId":2636282,"score":975,"energy":21,"posx":6,"posy":3,"lastAction":5,"status":0},{"playerId":2268490,"score":925,"energy":6,"posx":14,"posy":3,"lastAction":1,"status":0},{"playerId":803122,"score":1075,"energy":8,"posx":6,"posy":5,"lastAction":5,"status":0}],"golds":[{"posx":7,"posy":0,"amount":550},{"posx":17,"posy":0,"amount":700},{"posx":11,"posy":1,"amount":150},{"posx":20,"posy":2,"amount":150},{"posx":2,"posy":3,"amount":100},{"posx":6,"posy":3,"amount":100},{"posx":19,"posy":4,"amount":300},{"posx":6,"posy":5,"amount":50},{"posx":16,"posy":5,"amount":250},{"posx":15,"posy":6,"amount":550},{"posx":19,"posy":6,"amount":300},{"posx":4,"posy":7,"amount":650},{"posx":4,"posy":8,"amount":600},{"posx":12,"posy":8,"amount":500},{"posx":18,"posy":8,"amount":300}],"changedObstacles":[]},{"players":[{"playerId":2450708,"score":1025,"energy":20,"posx":11,"posy":1,"lastAction":5,"status":0},{"playerId":2636282,"score":1025,"energy":16,"posx":6,"posy":3,"lastAction":5,"status":0},{"playerId":2268490,"score":925,"energy":5,"posx":15,"posy":3,"lastAction":1,"status":0},{"playerId":803122,"score":1125,"energy":3,"posx":6,"posy":5,"lastAction":5,"status":0}],"golds":[{"posx":7,"posy":0,"amount":550},{"posx":17,"posy":0,"amount":700},{"posx":11,"posy":1,"amount":100},{"posx":20,"posy":2,"amount":150},{"posx":2,"posy":3,"amount":100},{"posx":6,"posy":3,"amount":50},{"posx":19,"posy":4,"amount":300},{"posx":16,"posy":5,"amount":250},{"posx":15,"posy":6,"amount":550},{"posx":19,"posy":6,"amount":300},{"posx":4,"posy":7,"amount":650},{"posx":4,"posy":8,"amount":600},{"posx":12,"posy":8,"amount":500},{"posx":18,"posy":8,"amount":300}],"changedObstacles":[{"type":0,"posx":6,"posy":5,"value":-1}]},{"players":[{"playerId":2450708,"score":1075,"energy":15,"posx":11,"posy":1,"lastAction":5,"status":0},{"playerId":2636282,"score":1075,"energy":11,"posx":6,"posy":3,"lastAction":5,"status":0},{"playerId":2268490,"score":925,"energy":4,"posx":15,"posy":4,"lastAction":3,"status":0},{"playerId":803122,"score":1125,"energy":15,"posx":6,"posy":5,"lastAction":4,"status":0}],"golds":[{"posx":7,"posy":0,"amount":550},{"posx":17,"posy":0,"amount":700},{"posx":11,"posy":1,"amount":50},{"posx":20,"posy":2,"amount":150},{"posx":2,"posy":3,"amount":100},{"posx":19,"posy":4,"amount":300},{"posx":16,"posy":5,"amount":250},{"posx":15,"posy":6,"amount":550},{"posx":19,"posy":6,"amount":300},{"posx":4,"posy":7,"amount":650},{"posx":4,"posy":8,"amount":600},{"posx":12,"posy":8,"amount":500},{"posx":18,"posy":8,"amount":300}],"changedObstacles":[{"type":0,"posx":6,"posy":3,"value":-1}]},{"players":[{"playerId":2450708,"score":1125,"energy":10,"posx":11,"posy":1,"lastAction":5,"status":0},{"playerId":2636282,"score":1075,"energy":1,"posx":6,"posy":2,"lastAction":2,"status":0},{"playerId":2268490,"score":925,"energy":3,"posx":16,"posy":4,"lastAction":1,"status":0},{"playerId":803122,"score":1125,"energy":31,"posx":6,"posy":5,"lastAction":4,"status":0}],"golds":[{"posx":7,"posy":0,"amount":550},{"posx":17,"posy":0,"amount":700},{"posx":20,"posy":2,"amount":150},{"posx":2,"posy":3,"amount":100},{"posx":19,"posy":4,"amount":300},{"posx":16,"posy":5,"amount":250},{"posx":15,"posy":6,"amount":550},{"posx":19,"posy":6,"amount":300},{"posx":4,"posy":7,"amount":650},{"posx":4,"posy":8,"amount":600},{"posx":12,"posy":8,"amount":500},{"posx":18,"posy":8,"amount":300}],"changedObstacles":[{"type":0,"posx":6,"posy":2,"value":-1},{"type":0,"posx":11,"posy":1,"value":-1}]},{"players":[{"playerId":2450708,"score":1125,"energy":9,"posx":10,"posy":1,"lastAction":0,"status":0},{"playerId":2636282,"score":1075,"energy":13,"posx":6,"posy":2,"lastAction":4,"status":0},{"playerId":2268490,"score":925,"energy":15,"posx":16,"posy":4,"lastAction":4,"status":0},{"playerId":803122,"score":1125,"energy":14,"posx":5,"posy":5,"lastAction":0,"status":0}],"golds":[{"posx":7,"posy":0,"amount":550},{"posx":17,"posy":0,"amount":700},{"posx":20,"posy":2,"amount":150},{"posx":2,"posy":3,"amount":100},{"posx":19,"posy":4,"amount":300},{"posx":16,"posy":5,"amount":250},{"posx":15,"posy":6,"amount":550},{"posx":19,"posy":6,"amount":300},{"posx":4,"posy":7,"amount":650},{"posx":4,"posy":8,"amount":600},{"posx":12,"posy":8,"amount":500},{"posx":18,"posy":8,"amount":300}],"changedObstacles":[]},{"players":[{"playerId":2450708,"score":1125,"energy":4,"posx":9,"posy":1,"lastAction":0,"status":0},{"playerId":2636282,"score":1075,"energy":29,"posx":6,"posy":2,"lastAction":4,"status":0},{"playerId":2268490,"score":925,"energy":11,"posx":16,"posy":5,"lastAction":3,"status":0},{"playerId":803122,"score":1125,"energy":13,"posx":5,"posy":6,"lastAction":3,"status":0}],"golds":[{"posx":7,"posy":0,"amount":550},{"posx":17,"posy":0,"amount":700},{"posx":20,"posy":2,"amount":150},{"posx":2,"posy":3,"amount":100},{"posx":19,"posy":4,"amount":300},{"posx":16,"posy":5,"amount":250},{"posx":15,"posy":6,"amount":550},{"posx":19,"posy":6,"amount":300},{"posx":4,"posy":7,"amount":650},{"posx":4,"posy":8,"amount":600},{"posx":12,"posy":8,"amount":500},{"posx":18,"posy":8,"amount":300}],"changedObstacles":[{"type":3,"posx":9,"posy":1,"value":-20}]},{"players":[{"playerId":2450708,"score":1125,"energy":3,"posx":8,"posy":1,"lastAction":0,"status":0},{"playerId":2636282,"score":1075,"energy":50,"posx":6,"posy":2,"lastAction":4,"status":0},{"playerId":2268490,"score":975,"energy":6,"posx":16,"posy":5,"lastAction":5,"status":0},{"playerId":803122,"score":1125,"energy":25,"posx":5,"posy":6,"lastAction":4,"status":0}],"golds":[{"posx":7,"posy":0,"amount":550},{"posx":17,"posy":0,"amount":700},{"posx":20,"posy":2,"amount":150},{"posx":2,"posy":3,"amount":100},{"posx":19,"posy":4,"amount":300},{"posx":16,"posy":5,"amount":200},{"posx":15,"posy":6,"amount":550},{"posx":19,"posy":6,"amount":300},{"posx":4,"posy":7,"amount":650},{"posx":4,"posy":8,"amount":600},{"posx":12,"posy":8,"amount":500},{"posx":18,"posy":8,"amount":300}],"changedObstacles":[]},{"players":[{"playerId":2450708,"score":1125,"energy":2,"posx":7,"posy":1,"lastAction":0,"status":0},{"playerId":2636282,"score":1075,"energy":49,"posx":7,"posy":2,"lastAction":1,"status":0},{"playerId":2268490,"score":975,"energy":18,"posx":16,"posy":5,"lastAction":4,"status":0},{"playerId":803122,"score":1125,"energy":8,"posx":5,"posy":7,"lastAction":3,"status":0}],"golds":[{"posx":7,"posy":0,"amount":550},{"posx":17,"posy":0,"amount":700},{"posx":20,"posy":2,"amount":150},{"posx":2,"posy":3,"amount":100},{"posx":19,"posy":4,"amount":300},{"posx":16,"posy":5,"amount":200},{"posx":15,"posy":6,"amount":550},{"posx":19,"posy":6,"amount":300},{"posx":4,"posy":7,"amount":650},{"posx":4,"posy":8,"amount":600},{"posx":12,"posy":8,"amount":500},{"posx":18,"posy":8,"amount":300}],"changedObstacles":[]},{"players":[{"playerId":2450708,"score":1125,"energy":14,"posx":7,"posy":1,"lastAction":4,"status":0},{"playerId":2636282,"score":1075,"energy":48,"posx":7,"posy":1,"lastAction":2,"status":0},{"playerId":2268490,"score":975,"energy":34,"posx":16,"posy":5,"lastAction":4,"status":0},{"playerId":803122,"score":1125,"energy":4,"posx":4,"posy":7,"lastAction":0,"status":0}],"golds":[{"posx":7,"posy":0,"amount":550},{"posx":17,"posy":0,"amount":700},{"posx":20,"posy":2,"amount":150},{"posx":2,"posy":3,"amount":100},{"posx":19,"posy":4,"amount":300},{"posx":16,"posy":5,"amount":200},{"posx":15,"posy":6,"amount":550},{"posx":19,"posy":6,"amount":300},{"posx":4,"posy":7,"amount":650},{"posx":4,"posy":8,"amount":600},{"posx":12,"posy":8,"amount":500},{"posx":18,"posy":8,"amount":300}],"changedObstacles":[]},{"players":[{"playerId":2450708,"score":1125,"energy":30,"posx":7,"posy":1,"lastAction":4,"status":0},{"playerId":2636282,"score":1075,"energy":44,"posx":7,"posy":0,"lastAction":2,"status":0},{"playerId":2268490,"score":1025,"energy":29,"posx":16,"posy":5,"lastAction":5,"status":0},{"playerId":803122,"score":1125,"energy":16,"posx":4,"posy":7,"lastAction":4,"status":0}],"golds":[{"posx":7,"posy":0,"amount":550},{"posx":17,"posy":0,"amount":700},{"posx":20,"posy":2,"amount":150},{"posx":2,"posy":3,"amount":100},{"posx":19,"posy":4,"amount":300},{"posx":16,"posy":5,"amount":150},{"posx":15,"posy":6,"amount":550},{"posx":19,"posy":6,"amount":300},{"posx":4,"posy":7,"amount":650},{"posx":4,"posy":8,"amount":600},{"posx":12,"posy":8,"amount":500},{"posx":18,"posy":8,"amount":300}],"changedObstacles":[]},{"players":[{"playerId":2450708,"score":1125,"energy":50,"posx":7,"posy":1,"lastAction":4,"status":0},{"playerId":2636282,"score":1125,"energy":39,"posx":7,"posy":0,"lastAction":5,"status":0},{"playerId":2268490,"score":1075,"energy":24,"posx":16,"posy":5,"lastAction":5,"status":0},{"playerId":803122,"score":1175,"energy":11,"posx":4,"posy":7,"lastAction":5,"status":0}],"golds":[{"posx":7,"posy":0,"amount":500},{"posx":17,"posy":0,"amount":700},{"posx":20,"posy":2,"amount":150},{"posx":2,"posy":3,"amount":100},{"posx":19,"posy":4,"amount":300},{"posx":16,"posy":5,"amount":100},{"posx":15,"posy":6,"amount":550},{"posx":19,"posy":6,"amount":300},{"posx":4,"posy":7,"amount":600},{"posx":4,"posy":8,"amount":600},{"posx":12,"posy":8,"amount":500},{"posx":18,"posy":8,"amount":300}],"changedObstacles":[]},{"players":[{"playerId":2450708,"score":1125,"energy":46,"posx":7,"posy":0,"lastAction":2,"status":0},{"playerId":2636282,"score":1175,"energy":34,"posx":7,"posy":0,"lastAction":5,"status":0},{"playerId":2268490,"score":1125,"energy":19,"posx":16,"posy":5,"lastAction":5,"status":0},{"playerId":803122,"score":1225,"energy":6,"posx":4,"posy":7,"lastAction":5,"status":0}],"golds":[{"posx":7,"posy":0,"amount":450},{"posx":17,"posy":0,"amount":700},{"posx":20,"posy":2,"amount":150},{"posx":2,"posy":3,"amount":100},{"posx":19,"posy":4,"amount":300},{"posx":16,"posy":5,"amount":50},{"posx":15,"posy":6,"amount":550},{"posx":19,"posy":6,"amount":300},{"posx":4,"posy":7,"amount":550},{"posx":4,"posy":8,"amount":600},{"posx":12,"posy":8,"amount":500},{"posx":18,"posy":8,"amount":300}],"changedObstacles":[]},{"players":[{"playerId":2450708,"score":1175,"energy":41,"posx":7,"posy":0,"lastAction":5,"status":0},{"playerId":2636282,"score":1225,"energy":29,"posx":7,"posy":0,"lastAction":5,"status":0},{"playerId":2268490,"score":1175,"energy":14,"posx":16,"posy":5,"lastAction":5,"status":0},{"playerId":803122,"score":1275,"energy":1,"posx":4,"posy":7,"lastAction":5,"status":0}],"golds":[{"posx":7,"posy":0,"amount":350},{"posx":17,"posy":0,"amount":700},{"posx":20,"posy":2,"amount":150},{"posx":2,"posy":3,"amount":100},{"posx":19,"posy":4,"amount":300},{"posx":15,"posy":6,"amount":550},{"posx":19,"posy":6,"amount":300},{"posx":4,"posy":7,"amount":500},{"posx":4,"posy":8,"amount":600},{"posx":12,"posy":8,"amount":500},{"posx":18,"posy":8,"amount":300}],"changedObstacles":[{"type":0,"posx":16,"posy":5,"value":-1}]},{"players":[{"playerId":2450708,"score":1225,"energy":36,"posx":7,"posy":0,"lastAction":5,"status":0},{"playerId":2636282,"score":1275,"energy":24,"posx":7,"posy":0,"lastAction":5,"status":0},{"playerId":2268490,"score":1175,"energy":13,"posx":16,"posy":6,"lastAction":3,"status":0},{"playerId":803122,"score":1275,"energy":13,"posx":4,"posy":7,"lastAction":4,"status":0}],"golds":[{"posx":7,"posy":0,"amount":250},{"posx":17,"posy":0,"amount":700},{"posx":20,"posy":2,"amount":150},{"posx":2,"posy":3,"amount":100},{"posx":19,"posy":4,"amount":300},{"posx":15,"posy":6,"amount":550},{"posx":19,"posy":6,"amount":300},{"posx":4,"posy":7,"amount":500},{"posx":4,"posy":8,"amount":600},{"posx":12,"posy":8,"amount":500},{"posx":18,"posy":8,"amount":300}],"changedObstacles":[]},{"players":[{"playerId":2450708,"score":1275,"energy":31,"posx":7,"posy":0,"lastAction":5,"status":0},{"playerId":2636282,"score":1325,"energy":19,"posx":7,"posy":0,"lastAction":5,"status":0},{"playerId":2268490,"score":1175,"energy":9,"posx":15,"posy":6,"lastAction":0,"status":0},{"playerId":803122,"score":1325,"energy":8,"posx":4,"posy":7,"lastAction":5,"status":0}],"golds":[{"posx":7,"posy":0,"amount":150},{"posx":17,"posy":0,"amount":700},{"posx":20,"posy":2,"amount":150},{"posx":2,"posy":3,"amount":100},{"posx":19,"posy":4,"amount":300},{"posx":15,"posy":6,"amount":550},{"posx":19,"posy":6,"amount":300},{"posx":4,"posy":7,"amount":450},{"posx":4,"posy":8,"amount":600},{"posx":12,"posy":8,"amount":500},{"posx":18,"posy":8,"amount":300}],"changedObstacles":[]},{"players":[{"playerId":2450708,"score":1325,"energy":26,"posx":7,"posy":0,"lastAction":5,"status":0},{"playerId":2636282,"score":1375,"energy":14,"posx":7,"posy":0,"lastAction":5,"status":0},{"playerId":2268490,"score":1175,"energy":21,"posx":15,"posy":6,"lastAction":4,"status":0},{"playerId":803122,"score":1375,"energy":3,"posx":4,"posy":7,"lastAction":5,"status":0}],"golds":[{"posx":7,"posy":0,"amount":50},{"posx":17,"posy":0,"amount":700},{"posx":20,"posy":2,"amount":150},{"posx":2,"posy":3,"amount":100},{"posx":19,"posy":4,"amount":300},{"posx":15,"posy":6,"amount":550},{"posx":19,"posy":6,"amount":300},{"posx":4,"posy":7,"amount":400},{"posx":4,"posy":8,"amount":600},{"posx":12,"posy":8,"amount":500},{"posx":18,"posy":8,"amount":300}],"changedObstacles":[]},{"players":[{"playerId":2450708,"score":1350,"energy":21,"posx":7,"posy":0,"lastAction":5,"status":0},{"playerId":2636282,"score":1400,"energy":9,"posx":7,"posy":0,"lastAction":5,"status":0},{"playerId":2268490,"score":1175,"energy":37,"posx":15,"posy":6,"lastAction":4,"status":0},{"playerId":803122,"score":1375,"energy":15,"posx":4,"posy":7,"lastAction":4,"status":0}],"golds":[{"posx":17,"posy":0,"amount":700},{"posx":20,"posy":2,"amount":150},{"posx":2,"posy":3,"amount":100},{"posx":19,"posy":4,"amount":300},{"posx":15,"posy":6,"amount":550},{"posx":19,"posy":6,"amount":300},{"posx":4,"posy":7,"amount":400},{"posx":4,"posy":8,"amount":600},{"posx":12,"posy":8,"amount":500},{"posx":18,"posy":8,"amount":300}],"changedObstacles":[{"type":0,"posx":7,"posy":0,"value":-1}]},{"players":[{"playerId":2450708,"score":1350,"energy":16,"posx":8,"posy":0,"lastAction":1,"status":0},{"playerId":2636282,"score":1400,"energy":4,"posx":8,"posy":0,"lastAction":1,"status":0},{"playerId":2268490,"score":1225,"energy":32,"posx":15,"posy":6,"lastAction":5,"status":0},{"playerId":803122,"score":1425,"energy":10,"posx":4,"posy":7,"lastAction":5,"status":0}],"golds":[{"posx":17,"posy":0,"amount":700},{"posx":20,"posy":2,"amount":150},{"posx":2,"posy":3,"amount":100},{"posx":19,"posy":4,"amount":300},{"posx":15,"posy":6,"amount":500},{"posx":19,"posy":6,"amount":300},{"posx":4,"posy":7,"amount":350},{"posx":4,"posy":8,"amount":600},{"posx":12,"posy":8,"amount":500},{"posx":18,"posy":8,"amount":300}],"changedObstacles":[{"type":3,"posx":8,"posy":0,"value":-20}]},{"players":[{"playerId":2450708,"score":1350,"energy":11,"posx":9,"posy":0,"lastAction":1,"status":0},{"playerId":2636282,"score":1400,"energy":16,"posx":8,"posy":0,"lastAction":4,"status":0},{"playerId":2268490,"score":1275,"energy":27,"posx":15,"posy":6,"lastAction":5,"status":0},{"playerId":803122,"score":1475,"energy":5,"posx":4,"posy":7,"lastAction":5,"status":0}],"golds":[{"posx":17,"posy":0,"amount":700},{"posx":20,"posy":2,"amount":150},{"posx":2,"posy":3,"amount":100},{"posx":19,"posy":4,"amount":300},{"posx":15,"posy":6,"amount":450},{"posx":19,"posy":6,"amount":300},{"posx":4,"posy":7,"amount":300},{"posx":4,"posy":8,"amount":600},{"posx":12,"posy":8,"amount":500},{"posx":18,"posy":8,"amount":300}],"changedObstacles":[{"type":3,"posx":9,"posy":0,"value":-20}]},{"players":[{"playerId":2450708,"score":1350,"energy":10,"posx":10,"posy":0,"lastAction":1,"status":0},{"playerId":2636282,"score":1400,"energy":32,"posx":8,"posy":0,"lastAction":4,"status":0},{"playerId":2268490,"score":1325,"energy":22,"posx":15,"posy":6,"lastAction":5,"status":0},{"playerId":803122,"score":1475,"energy":17,"posx":4,"posy":7,"lastAction":4,"status":0}],"golds":[{"posx":17,"posy":0,"amount":700},{"posx":20,"posy":2,"amount":150},{"posx":2,"posy":3,"amount":100},{"posx":19,"posy":4,"amount":300},{"posx":15,"posy":6,"amount":400},{"posx":19,"posy":6,"amount":300},{"posx":4,"posy":7,"amount":300},{"posx":4,"posy":8,"amount":600},{"posx":12,"posy":8,"amount":500},{"posx":18,"posy":8,"amount":300}],"changedObstacles":[]},{"players":[{"playerId":2450708,"score":1350,"energy":9,"posx":11,"posy":0,"lastAction":1,"status":0},{"playerId":2636282,"score":1400,"energy":50,"posx":8,"posy":0,"lastAction":4,"status":0},{"playerId":2268490,"score":1375,"energy":17,"posx":15,"posy":6,"lastAction":5,"status":0},{"playerId":803122,"score":1525,"energy":12,"posx":4,"posy":7,"lastAction":5,"status":0}],"golds":[{"posx":17,"posy":0,"amount":700},{"posx":20,"posy":2,"amount":150},{"posx":2,"posy":3,"amount":100},{"posx":19,"posy":4,"amount":300},{"posx":15,"posy":6,"amount":350},{"posx":19,"posy":6,"amount":300},{"posx":4,"posy":7,"amount":250},{"posx":4,"posy":8,"amount":600},{"posx":12,"posy":8,"amount":500},{"posx":18,"posy":8,"amount":300}],"changedObstacles":[]},{"players":[{"playerId":2450708,"score":1350,"energy":8,"posx":12,"posy":0,"lastAction":1,"status":0},{"playerId":2636282,"score":1400,"energy":49,"posx":8,"posy":1,"lastAction":3,"status":0},{"playerId":2268490,"score":1425,"energy":12,"posx":15,"posy":6,"lastAction":5,"status":0},{"playerId":803122,"score":1575,"energy":7,"posx":4,"posy":7,"lastAction":5,"status":0}],"golds":[{"posx":17,"posy":0,"amount":700},{"posx":20,"posy":2,"amount":150},{"posx":2,"posy":3,"amount":100},{"posx":19,"posy":4,"amount":300},{"posx":15,"posy":6,"amount":300},{"posx":19,"posy":6,"amount":300},{"posx":4,"posy":7,"amount":200},{"posx":4,"posy":8,"amount":600},{"posx":12,"posy":8,"amount":500},{"posx":18,"posy":8,"amount":300}],"changedObstacles":[]},{"players":[{"playerId":2450708,"score":1350,"energy":7,"posx":13,"posy":0,"lastAction":1,"status":0},{"playerId":2636282,"score":1400,"energy":29,"posx":9,"posy":1,"lastAction":1,"status":0},{"playerId":2268490,"score":1475,"energy":7,"posx":15,"posy":6,"lastAction":5,"status":0},{"playerId":803122,"score":1625,"energy":2,"posx":4,"posy":7,"lastAction":5,"status":0}],"golds":[{"posx":17,"posy":0,"amount":700},{"posx":20,"posy":2,"amount":150},{"posx":2,"posy":3,"amount":100},{"posx":19,"posy":4,"amount":300},{"posx":15,"posy":6,"amount":250},{"posx":19,"posy":6,"amount":300},{"posx":4,"posy":7,"amount":150},{"posx":4,"posy":8,"amount":600},{"posx":12,"posy":8,"amount":500},{"posx":18,"posy":8,"amount":300}],"changedObstacles":[{"type":3,"posx":9,"posy":1,"value":-40}]},{"players":[{"playerId":2450708,"score":1350,"energy":19,"posx":13,"posy":0,"lastAction":4,"status":0},{"playerId":2636282,"score":1400,"energy":28,"posx":10,"posy":1,"lastAction":1,"status":0},{"playerId":2268490,"score":1475,"energy":19,"posx":15,"posy":6,"lastAction":4,"status":0},{"playerId":803122,"score":1625,"energy":14,"posx":4,"posy":7,"lastAction":4,"status":0}],"golds":[{"posx":17,"posy":0,"amount":700},{"posx":20,"posy":2,"amount":150},{"posx":2,"posy":3,"amount":100},{"posx":19,"posy":4,"amount":300},{"posx":15,"posy":6,"amount":250},{"posx":19,"posy":6,"amount":300},{"posx":4,"posy":7,"amount":150},{"posx":4,"posy":8,"amount":600},{"posx":12,"posy":8,"amount":500},{"posx":18,"posy":8,"amount":300}],"changedObstacles":[]},{"players":[{"playerId":2450708,"score":1350,"energy":35,"posx":13,"posy":0,"lastAction":4,"status":0},{"playerId":2636282,"score":1400,"energy":27,"posx":11,"posy":1,"lastAction":1,"status":0},{"playerId":2268490,"score":1475,"energy":35,"posx":15,"posy":6,"lastAction":4,"status":0},{"playerId":803122,"score":1675,"energy":9,"posx":4,"posy":7,"lastAction":5,"status":0}],"golds":[{"posx":17,"posy":0,"amount":700},{"posx":20,"posy":2,"amount":150},{"posx":2,"posy":3,"amount":100},{"posx":19,"posy":4,"amount":300},{"posx":15,"posy":6,"amount":250},{"posx":19,"posy":6,"amount":300},{"posx":4,"posy":7,"amount":100},{"posx":4,"posy":8,"amount":600},{"posx":12,"posy":8,"amount":500},{"posx":18,"posy":8,"amount":300}],"changedObstacles":[]},{"players":[{"playerId":2450708,"score":1350,"energy":50,"posx":13,"posy":0,"lastAction":4,"status":0},{"playerId":2636282,"score":1400,"energy":26,"posx":12,"posy":1,"lastAction":1,"status":0},{"playerId":2268490,"score":1525,"energy":30,"posx":15,"posy":6,"lastAction":5,"status":0},{"playerId":803122,"score":1725,"energy":4,"posx":4,"posy":7,"lastAction":5,"status":0}],"golds":[{"posx":17,"posy":0,"amount":700},{"posx":20,"posy":2,"amount":150},{"posx":2,"posy":3,"amount":100},{"posx":19,"posy":4,"amount":300},{"posx":15,"posy":6,"amount":200},{"posx":19,"posy":6,"amount":300},{"posx":4,"posy":7,"amount":50},{"posx":4,"posy":8,"amount":600},{"posx":12,"posy":8,"amount":500},{"posx":18,"posy":8,"amount":300}],"changedObstacles":[]},{"players":[{"playerId":2450708,"score":1350,"energy":40,"posx":14,"posy":0,"lastAction":1,"status":0},{"playerId":2636282,"score":1400,"energy":25,"posx":13,"posy":1,"lastAction":1,"status":0},{"playerId":2268490,"score":1575,"energy":25,"posx":15,"posy":6,"lastAction":5,"status":0},{"playerId":803122,"score":1725,"energy":16,"posx":4,"posy":7,"lastAction":4,"status":0}],"golds":[{"posx":17,"posy":0,"amount":700},{"posx":20,"posy":2,"amount":150},{"posx":2,"posy":3,"amount":100},{"posx":19,"posy":4,"amount":300},{"posx":15,"posy":6,"amount":150},{"posx":19,"posy":6,"amount":300},{"posx":4,"posy":7,"amount":50},{"posx":4,"posy":8,"amount":600},{"posx":12,"posy":8,"amount":500},{"posx":18,"posy":8,"amount":300}],"changedObstacles":[{"type":0,"posx":14,"posy":0,"value":-1}]},{"players":[{"playerId":2450708,"score":1350,"energy":39,"posx":15,"posy":0,"lastAction":1,"status":0},{"playerId":2636282,"score":1400,"energy":24,"posx":13,"posy":0,"lastAction":2,"status":0},{"playerId":2268490,"score":1625,"energy":20,"posx":15,"posy":6,"lastAction":5,"status":0},{"playerId":803122,"score":1775,"energy":11,"posx":4,"posy":7,"lastAction":5,"status":0}],"golds":[{"posx":17,"posy":0,"amount":700},{"posx":20,"posy":2,"amount":150},{"posx":2,"posy":3,"amount":100},{"posx":19,"posy":4,"amount":300},{"posx":15,"posy":6,"amount":100},{"posx":19,"posy":6,"amount":300},{"posx":4,"posy":8,"amount":600},{"posx":12,"posy":8,"amount":500},{"posx":18,"posy":8,"amount":300}],"changedObstacles":[{"type":0,"posx":4,"posy":7,"value":-1}]},{"players":[{"playerId":2450708,"score":1350,"energy":29,"posx":16,"posy":0,"lastAction":1,"status":0},{"playerId":2636282,"score":1400,"energy":23,"posx":14,"posy":0,"lastAction":1,"status":0},{"playerId":2268490,"score":1675,"energy":15,"posx":15,"posy":6,"lastAction":5,"status":0},{"playerId":803122,"score":1775,"energy":10,"posx":3,"posy":7,"lastAction":0,"status":0}],"golds":[{"posx":17,"posy":0,"amount":700},{"posx":20,"posy":2,"amount":150},{"posx":2,"posy":3,"amount":100},{"posx":19,"posy":4,"amount":300},{"posx":15,"posy":6,"amount":50},{"posx":19,"posy":6,"amount":300},{"posx":4,"posy":8,"amount":600},{"posx":12,"posy":8,"amount":500},{"posx":18,"posy":8,"amount":300}],"changedObstacles":[{"type":0,"posx":16,"posy":0,"value":-1}]},{"players":[{"playerId":2450708,"score":1350,"energy":25,"posx":17,"posy":0,"lastAction":1,"status":0},{"playerId":2636282,"score":1400,"energy":22,"posx":15,"posy":0,"lastAction":1,"status":0},{"playerId":2268490,"score":1725,"energy":10,"posx":15,"posy":6,"lastAction":5,"status":0},{"playerId":803122,"score":1775,"energy":9,"posx":2,"posy":7,"lastAction":0,"status":0}],"golds":[{"posx":17,"posy":0,"amount":700},{"posx":20,"posy":2,"amount":150},{"posx":2,"posy":3,"amount":100},{"posx":19,"posy":4,"amount":300},{"posx":19,"posy":6,"amount":300},{"posx":4,"posy":8,"amount":600},{"posx":12,"posy":8,"amount":500},{"posx":18,"posy":8,"amount":300}],"changedObstacles":[{"type":0,"posx":15,"posy":6,"value":-1}]},{"players":[{"playerId":2450708,"score":1400,"energy":20,"posx":17,"posy":0,"lastAction":5,"status":0},{"playerId":2636282,"score":1400,"energy":21,"posx":14,"posy":0,"lastAction":0,"status":0},{"playerId":2268490,"score":1725,"energy":9,"posx":16,"posy":6,"lastAction":1,"status":0},{"playerId":803122,"score":1775,"energy":8,"posx":2,"posy":6,"lastAction":2,"status":0}],"golds":[{"posx":17,"posy":0,"amount":650},{"posx":20,"posy":2,"amount":150},{"posx":2,"posy":3,"amount":100},{"posx":19,"posy":4,"amount":300},{"posx":19,"posy":6,"amount":300},{"posx":4,"posy":8,"amount":600},{"posx":12,"posy":8,"amount":500},{"posx":18,"posy":8,"amount":300}],"changedObstacles":[]},{"players":[{"playerId":2450708,"score":1450,"energy":15,"posx":17,"posy":0,"lastAction":5,"status":0},{"playerId":2636282,"score":1400,"energy":20,"posx":13,"posy":0,"lastAction":0,"status":0},{"playerId":2268490,"score":1725,"energy":8,"posx":17,"posy":6,"lastAction":1,"status":0},{"playerId":803122,"score":1775,"energy":7,"posx":2,"posy":5,"lastAction":2,"status":0}],"golds":[{"posx":17,"posy":0,"amount":600},{"posx":20,"posy":2,"amount":150},{"posx":2,"posy":3,"amount":100},{"posx":19,"posy":4,"amount":300},{"posx":19,"posy":6,"amount":300},{"posx":4,"posy":8,"amount":600},{"posx":12,"posy":8,"amount":500},{"posx":18,"posy":8,"amount":300}],"changedObstacles":[]},{"players":[{"playerId":2450708,"score":1500,"energy":10,"posx":17,"posy":0,"lastAction":5,"status":0},{"playerId":2636282,"score":1400,"energy":19,"posx":13,"posy":1,"lastAction":3,"status":0},{"playerId":2268490,"score":1725,"energy":7,"posx":18,"posy":6,"lastAction":1,"status":0},{"playerId":803122,"score":1775,"energy":6,"posx":2,"posy":4,"lastAction":2,"status":0}],"golds":[{"posx":17,"posy":0,"amount":550},{"posx":20,"posy":2,"amount":150},{"posx":2,"posy":3,"amount":100},{"posx":19,"posy":4,"amount":300},{"posx":19,"posy":6,"amount":300},{"posx":4,"posy":8,"amount":600},{"posx":12,"posy":8,"amount":500},{"posx":18,"posy":8,"amount":300}],"changedObstacles":[]},{"players":[{"playerId":2450708,"score":1550,"energy":5,"posx":17,"posy":0,"lastAction":5,"status":0},{"playerId":2636282,"score":1400,"energy":18,"posx":13,"posy":2,"lastAction":3,"status":0},{"playerId":2268490,"score":1725,"energy":3,"posx":19,"posy":6,"lastAction":1,"status":0},{"playerId":803122,"score":1775,"energy":2,"posx":2,"posy":3,"lastAction":2,"status":0}],"golds":[{"posx":17,"posy":0,"amount":500},{"posx":20,"posy":2,"amount":150},{"posx":2,"posy":3,"amount":100},{"posx":19,"posy":4,"amount":300},{"posx":19,"posy":6,"amount":300},{"posx":4,"posy":8,"amount":600},{"posx":12,"posy":8,"amount":500},{"posx":18,"posy":8,"amount":300}],"changedObstacles":[]},{"players":[{"playerId":2450708,"score":1550,"energy":17,"posx":17,"posy":0,"lastAction":4,"status":0},{"playerId":2636282,"score":1400,"energy":30,"posx":13,"posy":2,"lastAction":4,"status":0},{"playerId":2268490,"score":1725,"energy":15,"posx":19,"posy":6,"lastAction":4,"status":0},{"playerId":803122,"score":1775,"energy":14,"posx":2,"posy":3,"lastAction":4,"status":0}],"golds":[{"posx":17,"posy":0,"amount":500},{"posx":20,"posy":2,"amount":150},{"posx":2,"posy":3,"amount":100},{"posx":19,"posy":4,"amount":300},{"posx":19,"posy":6,"amount":300},{"posx":4,"posy":8,"amount":600},{"posx":12,"posy":8,"amount":500},{"posx":18,"posy":8,"amount":300}],"changedObstacles":[]},{"players":[{"playerId":2450708,"score":1550,"energy":33,"posx":17,"posy":0,"lastAction":4,"status":0},{"playerId":2636282,"score":1400,"energy":46,"posx":13,"posy":2,"lastAction":4,"status":0},{"playerId":2268490,"score":1725,"energy":31,"posx":19,"posy":6,"lastAction":4,"status":0},{"playerId":803122,"score":1825,"energy":9,"posx":2,"posy":3,"lastAction":5,"status":0}],"golds":[{"posx":17,"posy":0,"amount":500},{"posx":20,"posy":2,"amount":150},{"posx":2,"posy":3,"amount":50},{"posx":19,"posy":4,"amount":300},{"posx":19,"posy":6,"amount":300},{"posx":4,"posy":8,"amount":600},{"posx":12,"posy":8,"amount":500},{"posx":18,"posy":8,"amount":300}],"changedObstacles":[]},{"players":[{"playerId":2450708,"score":1550,"energy":50,"posx":17,"posy":0,"lastAction":4,"status":0},{"playerId":2636282,"score":1400,"energy":36,"posx":13,"posy":3,"lastAction":3,"status":0},{"playerId":2268490,"score":1775,"energy":26,"posx":19,"posy":6,"lastAction":5,"status":0},{"playerId":803122,"score":1875,"energy":4,"posx":2,"posy":3,"lastAction":5,"status":0}],"golds":[{"posx":17,"posy":0,"amount":500},{"posx":20,"posy":2,"amount":150},{"posx":19,"posy":4,"amount":300},{"posx":19,"posy":6,"amount":250},{"posx":4,"posy":8,"amount":600},{"posx":12,"posy":8,"amount":500},{"posx":18,"posy":8,"amount":300}],"changedObstacles":[{"type":0,"posx":2,"posy":3,"value":-1}]},{"players":[{"playerId":2450708,"score":1600,"energy":45,"posx":17,"posy":0,"lastAction":5,"status":0},{"playerId":2636282,"score":1400,"energy":35,"posx":13,"posy":4,"lastAction":3,"status":0},{"playerId":2268490,"score":1825,"energy":21,"posx":19,"posy":6,"lastAction":5,"status":0},{"playerId":803122,"score":1875,"energy":16,"posx":2,"posy":3,"lastAction":4,"status":0}],"golds":[{"posx":17,"posy":0,"amount":450},{"posx":20,"posy":2,"amount":150},{"posx":19,"posy":4,"amount":300},{"posx":19,"posy":6,"amount":200},{"posx":4,"posy":8,"amount":600},{"posx":12,"posy":8,"amount":500},{"posx":18,"posy":8,"amount":300}],"changedObstacles":[]},{"players":[{"playerId":2450708,"score":1650,"energy":40,"posx":17,"posy":0,"lastAction":5,"status":0},{"playerId":2636282,"score":1400,"energy":34,"posx":13,"posy":5,"lastAction":3,"status":0},{"playerId":2268490,"score":1875,"energy":16,"posx":19,"posy":6,"lastAction":5,"status":0},{"playerId":803122,"score":1875,"energy":32,"posx":2,"posy":3,"lastAction":4,"status":0}],"golds":[{"posx":17,"posy":0,"amount":400},{"posx":20,"posy":2,"amount":150},{"posx":19,"posy":4,"amount":300},{"posx":19,"posy":6,"amount":150},{"posx":4,"posy":8,"amount":600},{"posx":12,"posy":8,"amount":500},{"posx":18,"posy":8,"amount":300}],"changedObstacles":[]},{"players":[{"playerId":2450708,"score":1700,"energy":35,"posx":17,"posy":0,"lastAction":5,"status":0},{"playerId":2636282,"score":1400,"energy":33,"posx":13,"posy":6,"lastAction":3,"status":0},{"playerId":2268490,"score":1925,"energy":11,"posx":19,"posy":6,"lastAction":5,"status":0},{"playerId":803122,"score":1875,"energy":19,"posx":2,"posy":2,"lastAction":2,"status":0}],"golds":[{"posx":17,"posy":0,"amount":350},{"posx":20,"posy":2,"amount":150},{"posx":19,"posy":4,"amount":300},{"posx":19,"posy":6,"amount":100},{"posx":4,"posy":8,"amount":600},{"posx":12,"posy":8,"amount":500},{"posx":18,"posy":8,"amount":300}],"changedObstacles":[]},{"players":[{"playerId":2450708,"score":1750,"energy":30,"posx":17,"posy":0,"lastAction":5,"status":0},{"playerId":2636282,"score":1400,"energy":32,"posx":13,"posy":7,"lastAction":3,"status":0},{"playerId":2268490,"score":1975,"energy":6,"posx":19,"posy":6,"lastAction":5,"status":0},{"playerId":803122,"score":1875,"energy":18,"posx":3,"posy":2,"lastAction":1,"status":0}],"golds":[{"posx":17,"posy":0,"amount":300},{"posx":20,"posy":2,"amount":150},{"posx":19,"posy":4,"amount":300},{"posx":19,"posy":6,"amount":50},{"posx":4,"posy":8,"amount":600},{"posx":12,"posy":8,"amount":500},{"posx":18,"posy":8,"amount":300}],"changedObstacles":[]},{"players":[{"playerId":2450708,"score":1800,"energy":25,"posx":17,"posy":0,"lastAction":5,"status":0},{"playerId":2636282,"score":1400,"energy":31,"posx":12,"posy":7,"lastAction":0,"status":0},{"playerId":2268490,"score":1975,"energy":18,"posx":19,"posy":6,"lastAction":4,"status":0},{"playerId":803122,"score":1875,"energy":17,"posx":4,"posy":2,"lastAction":1,"status":0}],"golds":[{"posx":17,"posy":0,"amount":250},{"posx":20,"posy":2,"amount":150},{"posx":19,"posy":4,"amount":300},{"posx":19,"posy":6,"amount":50},{"posx":4,"posy":8,"amount":600},{"posx":12,"posy":8,"amount":500},{"posx":18,"posy":8,"amount":300}],"changedObstacles":[]},{"players":[{"playerId":2450708,"score":1850,"energy":20,"posx":17,"posy":0,"lastAction":5,"status":0},{"playerId":2636282,"score":1400,"energy":27,"posx":12,"posy":8,"lastAction":3,"status":0},{"playerId":2268490,"score":1975,"energy":34,"posx":19,"posy":6,"lastAction":4,"status":0},{"playerId":803122,"score":1875,"energy":16,"posx":5,"posy":2,"lastAction":1,"status":0}],"golds":[{"posx":17,"posy":0,"amount":200},{"posx":20,"posy":2,"amount":150},{"posx":19,"posy":4,"amount":300},{"posx":19,"posy":6,"amount":50},{"posx":4,"posy":8,"amount":600},{"posx":12,"posy":8,"amount":500},{"posx":18,"posy":8,"amount":300}],"changedObstacles":[]},{"players":[{"playerId":2450708,"score":1900,"energy":15,"posx":17,"posy":0,"lastAction":5,"status":0},{"playerId":2636282,"score":1450,"energy":22,"posx":12,"posy":8,"lastAction":5,"status":0},{"playerId":2268490,"score":2025,"energy":29,"posx":19,"posy":6,"lastAction":5,"status":0},{"playerId":803122,"score":1875,"energy":15,"posx":6,"posy":2,"lastAction":1,"status":0}],"golds":[{"posx":17,"posy":0,"amount":150},{"posx":20,"posy":2,"amount":150},{"posx":19,"posy":4,"amount":300},{"posx":4,"posy":8,"amount":600},{"posx":12,"posy":8,"amount":450},{"posx":18,"posy":8,"amount":300}],"changedObstacles":[{"type":0,"posx":19,"posy":6,"value":-1}]},{"players":[{"playerId":2450708,"score":1950,"energy":10,"posx":17,"posy":0,"lastAction":5,"status":0},{"playerId":2636282,"score":1500,"energy":17,"posx":12,"posy":8,"lastAction":5,"status":0},{"playerId":2268490,"score":2025,"energy":28,"posx":19,"posy":5,"lastAction":2,"status":0},{"playerId":803122,"score":1875,"energy":14,"posx":6,"posy":3,"lastAction":3,"status":0}],"golds":[{"posx":17,"posy":0,"amount":100},{"posx":20,"posy":2,"amount":150},{"posx":19,"posy":4,"amount":300},{"posx":4,"posy":8,"amount":600},{"posx":12,"posy":8,"amount":400},{"posx":18,"posy":8,"amount":300}],"changedObstacles":[]},{"players":[{"playerId":2450708,"score":2000,"energy":5,"posx":17,"posy":0,"lastAction":5,"status":0},{"playerId":2636282,"score":1550,"energy":12,"posx":12,"posy":8,"lastAction":5,"status":0},{"playerId":2268490,"score":2025,"energy":24,"posx":19,"posy":4,"lastAction":2,"status":0},{"playerId":803122,"score":1875,"energy":26,"posx":6,"posy":3,"lastAction":4,"status":0}],"golds":[{"posx":17,"posy":0,"amount":50},{"posx":20,"posy":2,"amount":150},{"posx":19,"posy":4,"amount":300},{"posx":4,"posy":8,"amount":600},{"posx":12,"posy":8,"amount":350},{"posx":18,"posy":8,"amount":300}],"changedObstacles":[]},{"players":[{"playerId":2450708,"score":2000,"energy":17,"posx":17,"posy":0,"lastAction":4,"status":0},{"playerId":2636282,"score":1600,"energy":7,"posx":12,"posy":8,"lastAction":5,"status":0},{"playerId":2268490,"score":2075,"energy":19,"posx":19,"posy":4,"lastAction":5,"status":0},{"playerId":803122,"score":1875,"energy":14,"posx":7,"posy":3,"lastAction":1,"status":0}],"golds":[{"posx":17,"posy":0,"amount":50},{"posx":20,"posy":2,"amount":150},{"posx":19,"posy":4,"amount":250},{"posx":4,"posy":8,"amount":600},{"posx":12,"posy":8,"amount":300},{"posx":18,"posy":8,"amount":300}],"changedObstacles":[]},{"players":[{"playerId":2450708,"score":2050,"energy":12,"posx":17,"posy":0,"lastAction":5,"status":0},{"playerId":2636282,"score":1650,"energy":2,"posx":12,"posy":8,"lastAction":5,"status":0},{"playerId":2268490,"score":2125,"energy":14,"posx":19,"posy":4,"lastAction":5,"status":0},{"playerId":803122,"score":1875,"energy":13,"posx":7,"posy":4,"lastAction":3,"status":0}],"golds":[{"posx":20,"posy":2,"amount":150},{"posx":19,"posy":4,"amount":200},{"posx":4,"posy":8,"amount":600},{"posx":12,"posy":8,"amount":250},{"posx":18,"posy":8,"amount":300}],"changedObstacles":[{"type":0,"posx":17,"posy":0,"value":-1}]},{"players":[{"playerId":2450708,"score":2050,"energy":2,"posx":17,"posy":1,"lastAction":3,"status":0},{"playerId":2636282,"score":1650,"energy":14,"posx":12,"posy":8,"lastAction":4,"status":0},{"playerId":2268490,"score":2175,"energy":9,"posx":19,"posy":4,"lastAction":5,"status":0},{"playerId":803122,"score":1875,"energy":12,"posx":8,"posy":4,"lastAction":1,"status":0}],"golds":[{"posx":20,"posy":2,"amount":150},{"posx":19,"posy":4,"amount":150},{"posx":4,"posy":8,"amount":600},{"posx":12,"posy":8,"amount":250},{"posx":18,"posy":8,"amount":300}],"changedObstacles":[{"type":0,"posx":17,"posy":1,"value":-1}]},{"players":[{"playerId":2450708,"score":2050,"energy":1,"posx":17,"posy":2,"lastAction":3,"status":0},{"playerId":2636282,"score":1650,"energy":30,"posx":12,"posy":8,"lastAction":4,"status":0},{"playerId":2268490,"score":2175,"energy":21,"posx":19,"posy":4,"lastAction":4,"status":0},{"playerId":803122,"score":1875,"energy":11,"posx":9,"posy":4,"lastAction":1,"status":0}],"golds":[{"posx":20,"posy":2,"amount":150},{"posx":19,"posy":4,"amount":150},{"posx":4,"posy":8,"amount":600},{"posx":12,"posy":8,"amount":250},{"posx":18,"posy":8,"amount":300}],"changedObstacles":[]},{"players":[{"playerId":2450708,"score":2050,"energy":13,"posx":17,"posy":2,"lastAction":4,"status":0},{"playerId":2636282,"score":1700,"energy":25,"posx":12,"posy":8,"lastAction":5,"status":0},{"playerId":2268490,"score":2175,"energy":37,"posx":19,"posy":4,"lastAction":4,"status":0},{"playerId":803122,"score":1875,"energy":10,"posx":10,"posy":4,"lastAction":1,"status":0}],"golds":[{"posx":20,"posy":2,"amount":150},{"posx":19,"posy":4,"amount":150},{"posx":4,"posy":8,"amount":600},{"posx":12,"posy":8,"amount":200},{"posx":18,"posy":8,"amount":300}],"changedObstacles":[]},{"players":[{"playerId":2450708,"score":2050,"energy":29,"posx":17,"posy":2,"lastAction":4,"status":0},{"playerId":2636282,"score":1750,"energy":20,"posx":12,"posy":8,"lastAction":5,"status":0},{"playerId":2268490,"score":2225,"energy":32,"posx":19,"posy":4,"lastAction":5,"status":0},{"playerId":803122,"score":1875,"energy":9,"posx":11,"posy":4,"lastAction":1,"status":0}],"golds":[{"posx":20,"posy":2,"amount":150},{"posx":19,"posy":4,"amount":100},{"posx":4,"posy":8,"amount":600},{"posx":12,"posy":8,"amount":150},{"posx":18,"posy":8,"amount":300}],"changedObstacles":[]},{"players":[{"playerId":2450708,"score":2050,"energy":28,"posx":17,"posy":3,"lastAction":3,"status":0},{"playerId":2636282,"score":1800,"energy":15,"posx":12,"posy":8,"lastAction":5,"status":0},{"playerId":2268490,"score":2275,"energy":27,"posx":19,"posy":4,"lastAction":5,"status":0},{"playerId":803122,"score":1875,"energy":21,"posx":11,"posy":4,"lastAction":4,"status":0}],"golds":[{"posx":20,"posy":2,"amount":150},{"posx":19,"posy":4,"amount":50},{"posx":4,"posy":8,"amount":600},{"posx":12,"posy":8,"amount":100},{"posx":18,"posy":8,"amount":300}],"changedObstacles":[]},{"players":[{"playerId":2450708,"score":2050,"energy":27,"posx":17,"posy":4,"lastAction":3,"status":0},{"playerId":2636282,"score":1850,"energy":10,"posx":12,"posy":8,"lastAction":5,"status":0},{"playerId":2268490,"score":2325,"energy":22,"posx":19,"posy":4,"lastAction":5,"status":0},{"playerId":803122,"score":1875,"energy":4,"posx":12,"posy":4,"lastAction":1,"status":0}],"golds":[{"posx":20,"posy":2,"amount":150},{"posx":4,"posy":8,"amount":600},{"posx":12,"posy":8,"amount":50},{"posx":18,"posy":8,"amount":300}],"changedObstacles":[{"type":0,"posx":19,"posy":4,"value":-1}]},{"players":[{"playerId":2450708,"score":2050,"energy":26,"posx":17,"posy":5,"lastAction":3,"status":0},{"playerId":2636282,"score":1900,"energy":5,"posx":12,"posy":8,"lastAction":5,"status":0},{"playerId":2268490,"score":2325,"energy":21,"posx":20,"posy":4,"lastAction":1,"status":0},{"playerId":803122,"score":1875,"energy":16,"posx":12,"posy":4,"lastAction":4,"status":0}],"golds":[{"posx":20,"posy":2,"amount":150},{"posx":4,"posy":8,"amount":600},{"posx":18,"posy":8,"amount":300}],"changedObstacles":[{"type":0,"posx":12,"posy":8,"value":-1}]},{"players":[{"playerId":2450708,"score":2050,"energy":25,"posx":17,"posy":6,"lastAction":3,"status":0},{"playerId":2636282,"score":1900,"energy":4,"posx":11,"posy":8,"lastAction":0,"status":0},{"playerId":2268490,"score":2325,"energy":20,"posx":20,"posy":3,"lastAction":2,"status":0},{"playerId":803122,"score":1875,"energy":32,"posx":12,"posy":4,"lastAction":4,"status":0}],"golds":[{"posx":20,"posy":2,"amount":150},{"posx":4,"posy":8,"amount":600},{"posx":18,"posy":8,"amount":300}],"changedObstacles":[]},{"players":[{"playerId":2450708,"score":2050,"energy":24,"posx":18,"posy":6,"lastAction":1,"status":0},{"playerId":2636282,"score":1900,"energy":16,"posx":11,"posy":8,"lastAction":4,"status":0},{"playerId":2268490,"score":2325,"energy":16,"posx":20,"posy":2,"lastAction":2,"status":0},{"playerId":803122,"score":1875,"energy":50,"posx":12,"posy":4,"lastAction":4,"status":0}],"golds":[{"posx":20,"posy":2,"amount":150},{"posx":4,"posy":8,"amount":600},{"posx":18,"posy":8,"amount":300}],"changedObstacles":[]},{"players":[{"playerId":2450708,"score":2050,"energy":23,"posx":18,"posy":7,"lastAction":3,"status":0},{"playerId":2636282,"score":1900,"energy":32,"posx":11,"posy":8,"lastAction":4,"status":0},{"playerId":2268490,"score":2375,"energy":11,"posx":20,"posy":2,"lastAction":5,"status":0},{"playerId":803122,"score":1875,"energy":50,"posx":12,"posy":4,"lastAction":4,"status":0}],"golds":[{"posx":20,"posy":2,"amount":100},{"posx":4,"posy":8,"amount":600},{"posx":18,"posy":8,"amount":300}],"changedObstacles":[]},{"players":[{"playerId":2450708,"score":2050,"energy":19,"posx":18,"posy":8,"lastAction":3,"status":0},{"playerId":2636282,"score":1900,"energy":50,"posx":11,"posy":8,"lastAction":4,"status":0},{"playerId":2268490,"score":2425,"energy":6,"posx":20,"posy":2,"lastAction":5,"status":0},{"playerId":803122,"score":1875,"energy":50,"posx":12,"posy":4,"lastAction":4,"status":0}],"golds":[{"posx":20,"posy":2,"amount":50},{"posx":4,"posy":8,"amount":600},{"posx":18,"posy":8,"amount":300}],"changedObstacles":[]},{"players":[{"playerId":2450708,"score":2100,"energy":14,"posx":18,"posy":8,"lastAction":5,"status":0},{"playerId":2636282,"score":1900,"energy":30,"posx":10,"posy":8,"lastAction":0,"status":0},{"playerId":2268490,"score":2425,"energy":18,"posx":20,"posy":2,"lastAction":4,"status":0},{"playerId":803122,"score":1875,"energy":50,"posx":12,"posy":4,"lastAction":4,"status":0}],"golds":[{"posx":20,"posy":2,"amount":50},{"posx":4,"posy":8,"amount":600},{"posx":18,"posy":8,"amount":250}],"changedObstacles":[]},{"players":[{"playerId":2450708,"score":2150,"energy":9,"posx":18,"posy":8,"lastAction":5,"status":0},{"playerId":2636282,"score":1900,"energy":29,"posx":9,"posy":8,"lastAction":0,"status":0},{"playerId":2268490,"score":2425,"energy":34,"posx":20,"posy":2,"lastAction":4,"status":0},{"playerId":803122,"score":1875,"energy":50,"posx":12,"posy":4,"lastAction":4,"status":0}],"golds":[{"posx":20,"posy":2,"amount":50},{"posx":4,"posy":8,"amount":600},{"posx":18,"posy":8,"amount":200}],"changedObstacles":[]},{"players":[{"playerId":2450708,"score":2200,"energy":4,"posx":18,"posy":8,"lastAction":5,"status":0},{"playerId":2636282,"score":1900,"energy":28,"posx":8,"posy":8,"lastAction":0,"status":0},{"playerId":2268490,"score":2475,"energy":29,"posx":20,"posy":2,"lastAction":5,"status":0},{"playerId":803122,"score":1875,"energy":50,"posx":12,"posy":4,"lastAction":4,"status":0}],"golds":[{"posx":4,"posy":8,"amount":600},{"posx":18,"posy":8,"amount":150}],"changedObstacles":[{"type":0,"posx":20,"posy":2,"value":-1}]},{"players":[{"playerId":2450708,"score":2200,"energy":16,"posx":18,"posy":8,"lastAction":4,"status":0},{"playerId":2636282,"score":1900,"energy":27,"posx":7,"posy":8,"lastAction":0,"status":0},{"playerId":2268490,"score":2475,"energy":28,"posx":19,"posy":2,"lastAction":0,"status":0},{"playerId":803122,"score":1875,"energy":50,"posx":12,"posy":4,"lastAction":4,"status":0}],"golds":[{"posx":4,"posy":8,"amount":600},{"posx":18,"posy":8,"amount":150}],"changedObstacles":[]},{"players":[{"playerId":2450708,"score":2250,"energy":11,"posx":18,"posy":8,"lastAction":5,"status":0},{"playerId":2636282,"score":1900,"energy":26,"posx":6,"posy":8,"lastAction":0,"status":0},{"playerId":2268490,"score":2475,"energy":27,"posx":18,"posy":2,"lastAction":0,"status":0},{"playerId":803122,"score":1875,"energy":50,"posx":12,"posy":4,"lastAction":4,"status":0}],"golds":[{"posx":4,"posy":8,"amount":600},{"posx":18,"posy":8,"amount":100}],"changedObstacles":[]},{"players":[{"playerId":2450708,"score":2300,"energy":6,"posx":18,"posy":8,"lastAction":5,"status":0},{"playerId":2636282,"score":1900,"energy":25,"posx":5,"posy":8,"lastAction":0,"status":0},{"playerId":2268490,"score":2475,"energy":26,"posx":17,"posy":2,"lastAction":0,"status":0},{"playerId":803122,"score":1875,"energy":50,"posx":12,"posy":4,"lastAction":4,"status":0}],"golds":[{"posx":4,"posy":8,"amount":600},{"posx":18,"posy":8,"amount":50}],"changedObstacles":[]}]