[{"players":[{"playerId":61319,"score":0,"energy":49,"posx":8,"posy":7,"lastAction":2,"status":0},{"playerId":2234905,"score":0,"energy":49,"posx":8,"posy":7,"lastAction":2,"status":0},{"playerId":131454,"score":0,"energy":49,"posx":8,"posy":7,"lastAction":2,"status":0},{"playerId":2271981,"score":0,"energy":49,"posx":8,"posy":7,"lastAction":2,"status":0}],"golds":[{"posx":20,"posy":2,"amount":150},{"posx":8,"posy":6,"amount":700},{"posx":19,"posy":4,"amount":300},{"posx":16,"posy":5,"amount":250},{"posx":17,"posy":0,"amount":700},{"posx":18,"posy":8,"amount":300},{"posx":8,"posy":4,"amount":250},{"posx":11,"posy":1,"amount":750},{"posx":12,"posy":8,"amount":500},{"posx":9,"posy":6,"amount":600},{"posx":6,"posy":5,"amount":750},{"posx":4,"posy":8,"amount":600},{"posx":19,"posy":6,"amount":300},{"posx":7,"posy":0,"amount":550},{"posx":7,"posy":4,"amount":450},{"posx":15,"posy":6,"amount":550},{"posx":6,"posy":3,"amount":250},{"posx":12,"posy":3,"amount":500},{"posx":2,"posy":3,"amount":100},{"posx":4,"posy":7,"amount":650}],"changedObstacles":[]},{"players":[{"playerId":61319,"score":0,"energy":45,"posx":8,"posy":6,"lastAction":2,"status":0},{"playerId":2234905,"score":0,"energy":45,"posx":8,"posy":6,"lastAction":2,"status":0},{"playerId":131454,"score":0,"energy":45,"posx":8,"posy":6,"lastAction":2,"status":0},{"playerId":2271981,"score":0,"energy":45,"posx":8,"posy":6,"lastAction":2,"status":0}],"golds":[{"posx":20,"posy":2,"amount":150},{"posx":8,"posy":6,"amount":700},{"posx":19,"posy":4,"amount":300},{"posx":16,"posy":5,"amount":250},{"posx":17,"posy":0,"amount":700},{"posx":18,"posy":8,"amount":300},{"posx":8,"posy":4,"amount":250},{"posx":11,"posy":1,"amount":750},{"posx":12,"posy":8,"amount":500},{"posx":9,"posy":6,"amount":600},{"posx":6,"posy":5,"amount":750},{"posx":4,"posy":8,"amount":600},{"posx":19,"posy":6,"amount":300},{"posx":7,"posy":0,"amount":550},{"posx":7,"posy":4,"amount":450},{"posx":15,"posy":6,"amount":550},{"posx":6,"posy":3,"amount":250},{"posx":12,"posy":3,"amount":500},{"posx":2,"posy":3,"amount":100},{"posx":4,"posy":7,"amount":650}],"changedObstacles":[]},{"players":[{"playerId":61319,"score":50,"energy":40,"posx":8,"posy":6,"lastAction":5,"status":0},{"playerId":2234905,"score":50,"energy":40,"posx":8,"posy":6,"lastAction":5,"status":0},{"playerId":131454,"score":50,"energy":40,"posx":8,"posy":6,"lastAction":5,"status":0},{"playerId":2271981,"score":0,"energy":41,"posx":9,"posy":6,"lastAction":1,"status":0}],"golds":[{"posx":7,"posy":0,"amount":550},{"posx":17,"posy":0,"amount":700},{"posx":11,"posy":1,"amount":750},{"posx":20,"posy":2,"amount":150},{"posx":2,"posy":3,"amount":100},{"posx":6,"posy":3,"amount":250},{"posx":12,"posy":3,"amount":500},{"posx":7,"posy":4,"amount":450},{"posx":8,"posy":4,"amount":250},{"posx":19,"posy":4,"amount":300},{"posx":6,"posy":5,"amount":750},{"posx":16,"posy":5,"amount":250},{"posx":8,"posy":6,"amount":550},{"posx":9,"posy":6,"amount":600},{"posx":15,"posy":6,"amount":550},{"posx":19,"posy":6,"amount":300},{"posx":4,"posy":7,"amount":650},{"posx":4,"posy":8,"amount":600},{"posx":12,"posy":8,"amount":500},{"posx":18,"posy":8,"amount":300}],"changedObstacles":[]},{"players":[{"playerId":61319,"score":100,"energy":35,"posx":8,"posy":6,"lastAction":5,"status":0},{"playerId":2234905,"score":100,"energy":35,"posx":8,"posy":6,"lastAction":5,"status":0},{"playerId":131454,"score":100,"energy":35,"posx":8,"posy":6,"lastAction":5,"status":0},{"playerId":2271981,"score":50,"energy":36,"posx":9,"posy":6,"lastAction":5,"status":0}],"golds":[{"posx":7,"posy":0,"amount":550},{"posx":17,"posy":0,"amount":700},{"posx":11,"posy":1,"amount":750},{"posx":20,"posy":2,"amount":150},{"posx":2,"posy":3,"amount":100},{"posx":6,"posy":3,"amount":250},{"posx":12,"posy":3,"amount":500},{"posx":7,"posy":4,"amount":450},{"posx":8,"posy":4,"amount":250},{"posx":19,"posy":4,"amount":300},{"posx":6,"posy":5,"amount":750},{"posx":16,"posy":5,"amount":250},{"posx":8,"posy":6,"amount":400},{"posx":9,"posy":6,"amount":550},{"posx":15,"posy":6,"amount":550},{"posx":19,"posy":6,"amount":300},{"posx":4,"posy":7,"amount":650},{"posx":4,"posy":8,"amount":600},{"posx":12,"posy":8,"amount":500},{"posx":18,"posy":8,"amount":300}],"changedObstacles":[]},{"players":[{"playerId":61319,"score":150,"energy":30,"posx":8,"posy":6,"lastAction":5,"status":0},{"playerId":2234905,"score":100,"energy":47,"posx":8,"posy":6,"lastAction":4,"status":0},{"playerId":131454,"score":150,"energy":30,"posx":8,"posy":6,"lastAction":5,"status":0},{"playerId":2271981,"score":100,"energy":31,"posx":9,"posy":6,"lastAction":5,"status":0}],"golds":[{"posx":7,"posy":0,"amount":550},{"posx":17,"posy":0,"amount":700},{"posx":11,"posy":1,"amount":750},{"posx":20,"posy":2,"amount":150},{"posx":2,"posy":3,"amount":100},{"posx":6,"posy":3,"amount":250},{"posx":12,"posy":3,"amount":500},{"posx":7,"posy":4,"amount":450},{"posx":8,"posy":4,"amount":250},{"posx":19,"posy":4,"amount":300},{"posx":6,"posy":5,"amount":750},{"posx":16,"posy":5,"amount":250},{"posx":8,"posy":6,"amount":300},{"posx":9,"posy":6,"amount":500},{"posx":15,"posy":6,"amount":550},{"posx":19,"posy":6,"amount":300},{"posx":4,"posy":7,"amount":650},{"posx":4,"posy":8,"amount":600},{"posx":12,"posy":8,"amount":500},{"posx":18,"posy":8,"amount":300}],"changedObstacles":[]},{"players":[{"playerId":61319,"score":200,"energy":25,"posx":8,"posy":6,"lastAction":5,"status":0},{"playerId":2234905,"score":150,"energy":42,"posx":8,"posy":6,"lastAction":5,"status":0},{"playerId":131454,"score":200,"energy":25,"posx":8,"posy":6,"lastAction":5,"status":0},{"playerId":2271981,"score":150,"energy":26,"posx":9,"posy":6,"lastAction":5,"status":0}],"golds":[{"posx":7,"posy":0,"amount":550},{"posx":17,"posy":0,"amount":700},{"posx":11,"posy":1,"amount":750},{"posx":20,"posy":2,"amount":150},{"posx":2,"posy":3,"amount":100},{"posx":6,"posy":3,"amount":250},{"posx":12,"posy":3,"amount":500},{"posx":7,"posy":4,"amount":450},{"posx":8,"posy":4,"amount":250},{"posx":19,"posy":4,"amount":300},{"posx":6,"posy":5,"amount":750},{"posx":16,"posy":5,"amount":250},{"posx":8,"posy":6,"amount":150},{"posx":9,"posy":6,"amount":450},{"posx":15,"posy":6,"amount":550},{"posx":19,"posy":6,"amount":300},{"posx":4,"posy":7,"amount":650},{"posx":4,"posy":8,"amount":600},{"posx":12,"posy":8,"amount":500},{"posx":18,"posy":8,"amount":300}],"changedObstacles":[]},{"players":[{"playerId":61319,"score":250,"energy":20,"posx":8,"posy":6,"lastAction":5,"status":0},{"playerId":2234905,"score":200,"energy":37,"posx":8,"posy":6,"lastAction":5,"status":0},{"playerId":131454,"score":250,"energy":20,"posx":8,"posy":6,"lastAction":5,"status":0},{"playerId":2271981,"score":200,"energy":21,"posx":9,"posy":6,"lastAction":5,"status":0}],"golds":[{"posx":7,"posy":0,"amount":550},{"posx":17,"posy":0,"amount":700},{"posx":11,"posy":1,"amount":750},{"posx":20,"posy":2,"amount":150},{"posx":2,"posy":3,"amount":100},{"posx":6,"posy":3,"amount":250},{"posx":12,"posy":3,"amount":500},{"posx":7,"posy":4,"amount":450},{"posx":8,"posy":4,"amount":250},{"posx":19,"posy":4,"amount":300},{"posx":6,"posy":5,"amount":750},{"posx":16,"posy":5,"amount":250},{"posx":9,"posy":6,"amount":400},{"posx":15,"posy":6,"amount":550},{"posx":19,"posy":6,"amount":300},{"posx":4,"posy":7,"amount":650},{"posx":4,"posy":8,"amount":600},{"posx":12,"posy":8,"amount":500},{"posx":18,"posy":8,"amount":300}],"changedObstacles":[{"type":0,"posx":8,"posy":6,"value":-1}]},{"players":[{"playerId":61319,"score":250,"energy":16,"posx":9,"posy":6,"lastAction":1,"status":0},{"playerId":2234905,"score":200,"energy":49,"posx":8,"posy":6,"lastAction":4,"status":0},{"playerId":131454,"score":250,"energy":16,"posx":9,"posy":6,"lastAction":1,"status":0},{"playerId":2271981,"score":250,"energy":16,"posx":9,"posy":6,"lastAction":5,"status":0}],"golds":[{"posx":7,"posy":0,"amount":550},{"posx":17,"posy":0,"amount":700},{"posx":11,"posy":1,"amount":750},{"posx":20,"posy":2,"amount":150},{"posx":2,"posy":3,"amount":100},{"posx":6,"posy":3,"amount":250},{"posx":12,"posy":3,"amount":500},{"posx":7,"posy":4,"amount":450},{"posx":8,"posy":4,"amount":250},{"posx":19,"posy":4,"amount":300},{"posx":6,"posy":5,"amount":750},{"posx":16,"posy":5,"amount":250},{"posx":9,"posy":6,"amount":350},{"posx":15,"posy":6,"amount":550},{"posx":19,"posy":6,"amount":300},{"posx":4,"posy":7,"amount":650},{"posx":4,"posy":8,"amount":600},{"posx":12,"posy":8,"amount":500},{"posx":18,"posy":8,"amount":300}],"changedObstacles":[]},{"players":[{"playerId":61319,"score":300,"energy":11,"posx":9,"posy":6,"lastAction":5,"status":0},{"playerId":2234905,"score":200,"energy":48,"posx":8,"posy":5,"lastAction":2,"status":0},{"playerId":131454,"score":300,"energy":11,"posx":9,"posy":6,"lastAction":5,"status":0},{"playerId":2271981,"score":250,"energy":15,"posx":9,"posy":5,"lastAction":2,"status":0}],"golds":[{"posx":7,"posy":0,"amount":550},{"posx":17,"posy":0,"amount":700},{"posx":11,"posy":1,"amount":750},{"posx":20,"posy":2,"amount":150},{"posx":2,"posy":3,"amount":100},{"posx":6,"posy":3,"amount":250},{"posx":12,"posy":3,"amount":500},{"posx":7,"posy":4,"amount":450},{"posx":8,"posy":4,"amount":250},{"posx":19,"posy":4,"amount":300},{"posx":6,"posy":5,"amount":750},{"posx":16,"posy":5,"amount":250},{"posx":9,"posy":6,"amount":250},{"posx":15,"posy":6,"amount":550},{"posx":19,"posy":6,"amount":300},{"posx":4,"posy":7,"amount":650},{"posx":4,"posy":8,"amount":600},{"posx":12,"posy":8,"amount":500},{"posx":18,"posy":8,"amount":300}],"changedObstacles":[]},{"players":[{"playerId":61319,"score":350,"energy":6,"posx":9,"posy":6,"lastAction":5,"status":0},{"playerId":2234905,"score":200,"energy":47,"posx":7,"posy":5,"lastAction":0,"status":0},{"playerId":131454,"score":350,"energy":6,"posx":9,"posy":6,"lastAction":5,"status":0},{"playerId":2271981,"score":250,"energy":14,"posx":9,"posy":4,"lastAction":2,"status":0}],"golds":[{"posx":7,"posy":0,"amount":550},{"posx":17,"posy":0,"amount":700},{"posx":11,"posy":1,"amount":750},{"posx":20,"posy":2,"amount":150},{"posx":2,"posy":3,"amount":100},{"posx":6,"posy":3,"amount":250},{"posx":12,"posy":3,"amount":500},{"posx":7,"posy":4,"amount":450},{"posx":8,"posy":4,"amount":250},{"posx":19,"posy":4,"amount":300},{"posx":6,"posy":5,"amount":750},{"posx":16,"posy":5,"amount":250},{"posx":9,"posy":6,"amount":150},{"posx":15,"posy":6,"amount":550},{"posx":19,"posy":6,"amount":300},{"posx":4,"posy":7,"amount":650},{"posx":4,"posy":8,"amount":600},{"posx":12,"posy":8,"amount":500},{"posx":18,"posy":8,"amount":300}],"changedObstacles":[]},{"players":[{"playerId":61319,"score":400,"energy":1,"posx":9,"posy":6,"lastAction":5,"status":0},{"playerId":2234905,"score":200,"energy":43,"posx":6,"posy":5,"lastAction":0,"status":0},{"playerId":131454,"score":400,"energy":1,"posx":9,"posy":6,"lastAction":5,"status":0},{"playerId":2271981,"score":250,"energy":10,"posx":8,"posy":4,"lastAction":0,"status":0}],"golds":[{"posx":7,"posy":0,"amount":550},{"posx":17,"posy":0,"amount":700},{"posx":11,"posy":1,"amount":750},{"posx":20,"posy":2,"amount":150},{"posx":2,"posy":3,"amount":100},{"posx":6,"posy":3,"amount":250},{"posx":12,"posy":3,"amount":500},{"posx":7,"posy":4,"amount":450},{"posx":8,"posy":4,"amount":250},{"posx":19,"posy":4,"amount":300},{"posx":6,"posy":5,"amount":750},{"posx":16,"posy":5,"amount":250},{"posx":9,"posy":6,"amount":50},{"posx":15,"posy":6,"amount":550},{"posx":19,"posy":6,"amount":300},{"posx":4,"posy":7,"amount":650},{"posx":4,"posy":8,"amount":600},{"posx":12,"posy":8,"amount":500},{"posx":18,"posy":8,"amount":300}],"changedObstacles":[]},{"players":[{"playerId":61319,"score":400,"energy":13,"posx":9,"posy":6,"lastAction":4,"status":0},{"playerId":2234905,"score":250,"energy":38,"posx":6,"posy":5,"lastAction":5,"status":0},{"playerId":131454,"score":400,"energy":13,"posx":9,"posy":6,"lastAction":4,"status":0},{"playerId":2271981,"score":300,"energy":5,"posx":8,"posy":4,"lastAction":5,"status":0}],"golds":[{"posx":7,"posy":0,"amount":550},{"posx":17,"posy":0,"amount":700},{"posx":11,"posy":1,"amount":750},{"posx":20,"posy":2,"amount":150},{"posx":2,"posy":3,"amount":100},{"posx":6,"posy":3,"amount":250},{"posx":12,"posy":3,"amount":500},{"posx":7,"posy":4,"amount":450},{"posx":8,"posy":4,"amount":200},{"posx":19,"posy":4,"amount":300},{"posx":6,"posy":5,"amount":700},{"posx":16,"posy":5,"amount":250},{"posx":9,"posy":6,"amount":50},{"posx":15,"posy":6,"amount":550},{"posx":19,"posy":6,"amount":300},{"posx":4,"posy":7,"amount":650},{"posx":4,"posy":8,"amount":600},{"posx":12,"posy":8,"amount":500},{"posx":18,"posy":8,"amount":300}],"changedObstacles":[]},{"players":[{"playerId":61319,"score":450,"energy":8,"posx":9,"posy":6,"lastAction":5,"status":0},{"playerId":2234905,"score":300,"energy":33,"posx":6,"posy":5,"lastAction":5,"status":0},{"playerId":131454,"score":400,"energy":29,"posx":9,"posy":6,"lastAction":4,"status":0},{"playerId":2271981,"score":300,"energy":17,"posx":8,"posy":4,"lastAction":4,"status":0}],"golds":[{"posx":7,"posy":0,"amount":550},{"posx":17,"posy":0,"amount":700},{"posx":11,"posy":1,"amount":750},{"posx":20,"posy":2,"amount":150},{"posx":2,"posy":3,"amount":100},{"posx":6,"posy":3,"amount":250},{"posx":12,"posy":3,"amount":500},{"posx":7,"posy":4,"amount":450},{"posx":8,"posy":4,"amount":200},{"posx":19,"posy":4,"amount":300},{"posx":6,"posy":5,"amount":650},{"posx":16,"posy":5,"amount":250},{"posx":15,"posy":6,"amount":550},{"posx":19,"posy":6,"amount":300},{"posx":4,"posy":7,"amount":650},{"posx":4,"posy":8,"amount":600},{"posx":12,"posy":8,"amount":500},{"posx":18,"posy":8,"amount":300}],"changedObstacles":[{"type":0,"posx":9,"posy":6,"value":-1}]},{"players":[{"playerId":61319,"score":450,"energy":7,"posx":8,"posy":6,"lastAction":0,"status":0},{"playerId":2234905,"score":350,"energy":28,"posx":6,"posy":5,"lastAction":5,"status":0},{"playerId":131454,"score":400,"energy":50,"posx":9,"posy":6,"lastAction":4,"status":0},{"playerId":2271981,"score":300,"energy":33,"posx":8,"posy":4,"lastAction":4,"status":0}],"golds":[{"posx":7,"posy":0,"amount":550},{"posx":17,"posy":0,"amount":700},{"posx":11,"posy":1,"amount":750},{"posx":20,"posy":2,"amount":150},{"posx":2,"posy":3,"amount":100},{"posx":6,"posy":3,"amount":250},{"posx":12,"posy":3,"amount":500},{"posx":7,"posy":4,"amount":450},{"posx":8,"posy":4,"amount":200},{"posx":19,"posy":4,"amount":300},{"posx":6,"posy":5,"amount":600},{"posx":16,"posy":5,"amount":250},{"posx":15,"posy":6,"amount":550},{"posx":19,"posy":6,"amount":300},{"posx":4,"posy":7,"amount":650},{"posx":4,"posy":8,"amount":600},{"posx":12,"posy":8,"amount":500},{"posx":18,"posy":8,"amount":300}],"changedObstacles":[]},{"players":[{"playerId":61319,"score":450,"energy":6,"posx":8,"posy":5,"lastAction":2,"status":0},{"playerId":2234905,"score":400,"energy":23,"posx":6,"posy":5,"lastAction":5,"status":0},{"playerId":131454,"score":400,"energy":49,"posx":9,"posy":5,"lastAction":2,"status":0},{"playerId":2271981,"score":300,"energy":50,"posx":8,"posy":4,"lastAction":4,"status":0}],"golds":[{"posx":7,"posy":0,"amount":550},{"posx":17,"posy":0,"amount":700},{"posx":11,"posy":1,"amount":750},{"posx":20,"posy":2,"amount":150},{"posx":2,"posy":3,"amount":100},{"posx":6,"posy":3,"amount":250},{"posx":12,"posy":3,"amount":500},{"posx":7,"posy":4,"amount":450},{"posx":8,"posy":4,"amount":200},{"posx":19,"posy":4,"amount":300},{"posx":6,"posy":5,"amount":550},{"posx":16,"posy":5,"amount":250},{"posx":15,"posy":6,"amount":550},{"posx":19,"posy":6,"amount":300},{"posx":4,"posy":7,"amount":650},{"posx":4,"posy":8,"amount":600},{"posx":12,"posy":8,"amount":500},{"posx":18,"posy":8,"amount":300}],"changedObstacles":[]},{"players":[{"playerId":61319,"score":450,"energy":2,"posx":8,"posy":4,"lastAction":2,"status":0},{"playerId":2234905,"score":450,"energy":18,"posx":6,"posy":5,"lastAction":5,"status":0},{"playerId":131454,"score":400,"energy":48,"posx":9,"posy":4,"lastAction":2,"status":0},{"playerId":2271981,"score":350,"energy":45,"posx":8,"posy":4,"lastAction":5,"status":0}],"golds":[{"posx":7,"posy":0,"amount":550},{"posx":17,"posy":0,"amount":700},{"posx":11,"posy":1,"amount":750},{"posx":20,"posy":2,"amount":150},{"posx":2,"posy":3,"amount":100},{"posx":6,"posy":3,"amount":250},{"posx":12,"posy":3,"amount":500},{"posx":7,"posy":4,"amount":450},{"posx":8,"posy":4,"amount":150},{"posx":19,"posy":4,"amount":300},{"posx":6,"posy":5,"amount":500},{"posx":16,"posy":5,"amount":250},{"posx":15,"posy":6,"amount":550},{"posx":19,"posy":6,"amount":300},{"posx":4,"posy":7,"amount":650},{"posx":4,"posy":8,"amount":600},{"posx":12,"posy":8,"amount":500},{"posx":18,"posy":8,"amount":300}],"changedObstacles":[]},{"players":[{"playerId":61319,"score":450,"energy":14,"posx":8,"posy":4,"lastAction":4,"status":0},{"playerId":2234905,"score":500,"energy":13,"posx":6,"posy":5,"lastAction":5,"status":0},{"playerId":131454,"score":400,"energy":44,"posx":8,"posy":4,"lastAction":0,"status":0},{"playerId":2271981,"score":350,"energy":41,"posx":7,"posy":4,"lastAction":0,"status":0}],"golds":[{"posx":7,"posy":0,"amount":550},{"posx":17,"posy":0,"amount":700},{"posx":11,"posy":1,"amount":750},{"posx":20,"posy":2,"amount":150},{"posx":2,"posy":3,"amount":100},{"posx":6,"posy":3,"amount":250},{"posx":12,"posy":3,"amount":500},{"posx":7,"posy":4,"amount":450},{"posx":8,"posy":4,"amount":150},{"posx":19,"posy":4,"amount":300},{"posx":6,"posy":5,"amount":450},{"posx":16,"posy":5,"amount":250},{"posx":15,"posy":6,"amount":550},{"posx":19,"posy":6,"amount":300},{"posx":4,"posy":7,"amount":650},{"posx":4,"posy":8,"amount":600},{"posx":12,"posy":8,"amount":500},{"posx":18,"posy":8,"amount":300}],"changedObstacles":[]},{"players":[{"playerId":61319,"score":500,"energy":9,"posx":8,"posy":4,"lastAction":5,"status":0},{"playerId":2234905,"score":550,"energy":8,"posx":6,"posy":5,"lastAction":5,"status":0},{"playerId":131454,"score":450,"energy":39,"posx":8,"posy":4,"lastAction":5,"status":0},{"playerId":2271981,"score":400,"energy":36,"posx":7,"posy":4,"lastAction":5,"status":0}],"golds":[{"posx":7,"posy":0,"amount":550},{"posx":17,"posy":0,"amount":700},{"posx":11,"posy":1,"amount":750},{"posx":20,"posy":2,"amount":150},{"posx":2,"posy":3,"amount":100},{"posx":6,"posy":3,"amount":250},{"posx":12,"posy":3,"amount":500},{"posx":7,"posy":4,"amount":400},{"posx":8,"posy":4,"amount":50},{"posx":19,"posy":4,"amount":300},{"posx":6,"posy":5,"amount":400},{"posx":16,"posy":5,"amount":250},{"posx":15,"posy":6,"amount":550},{"posx":19,"posy":6,"amount":300},{"posx":4,"posy":7,"amount":650},{"posx":4,"posy":8,"amount":600},{"posx":12,"posy":8,"amount":500},{"posx":18,"posy":8,"amount":300}],"changedObstacles":[]},{"players":[{"playerId":61319,"score":525,"energy":4,"posx":8,"posy":4,"lastAction":5,"status":0},{"playerId":2234905,"score":600,"energy":3,"posx":6,"posy":5,"lastAction":5,"status":0},{"playerId":131454,"score":475,"energy":34,"posx":8,"posy":4,"lastAction":5,"status":0},{"playerId":2271981,"score":450,"energy":31,"posx":7,"posy":4,"lastAction":5,"status":0}],"golds":[{"posx":7,"posy":0,"amount":550},{"posx":17,"posy":0,"amount":700},{"posx":11,"posy":1,"amount":750},{"posx":20,"posy":2,"amount":150},{"posx":2,"posy":3,"amount":100},{"posx":6,"posy":3,"amount":250},{"posx":12,"posy":3,"amount":500},{"posx":7,"posy":4,"amount":350},{"posx":19,"posy":4,"amount":300},{"posx":6,"posy":5,"amount":350},{"posx":16,"posy":5,"amount":250},{"posx":15,"posy":6,"amount":550},{"posx":19,"posy":6,"amount":300},{"posx":4,"posy":7,"amount":650},{"posx":4,"posy":8,"amount":600},{"posx":12,"posy":8,"amount":500},{"posx":18,"posy":8,"amount":300}],"changedObstacles":[{"type":0,"posx":8,"posy":4,"value":-1}]},{"players":[{"playerId":61319,"score":525,"energy":16,"posx":8,"posy":4,"lastAction":4,"status":0},{"playerId":2234905,"score":600,"energy":15,"posx":6,"posy":5,"lastAction":4,"status":0},{"playerId":131454,"score":475,"energy":30,"posx":7,"posy":4,"lastAction":0,"status":0},{"playerId":2271981,"score":500,"energy":26,"posx":7,"posy":4,"lastAction":5,"status":0}],"golds":[{"posx":7,"posy":0,"amount":550},{"posx":17,"posy":0,"amount":700},{"posx":11,"posy":1,"amount":750},{"posx":20,"posy":2,"amount":150},{"posx":2,"posy":3,"amount":100},{"posx":6,"posy":3,"amount":250},{"posx":12,"posy":3,"amount":500},{"posx":7,"posy":4,"amount":300},{"posx":19,"posy":4,"amount":300},{"posx":6,"posy":5,"amount":350},{"posx":16,"posy":5,"amount":250},{"posx":15,"posy":6,"amount":550},{"posx":19,"posy":6,"amount":300},{"posx":4,"posy":7,"amount":650},{"posx":4,"posy":8,"amount":600},{"posx":12,"posy":8,"amount":500},{"posx":18,"posy":8,"amount":300}],"changedObstacles":[]},{"players":[{"playerId":61319,"score":525,"energy":12,"posx":7,"posy":4,"lastAction":0,"status":0},{"playerId":2234905,"score":650,"energy":10,"posx":6,"posy":5,"lastAction":5,"status":0},{"playerId":131454,"score":525,"energy":25,"posx":7,"posy":4,"lastAction":5,"status":0},{"playerId":2271981,"score":500,"energy":25,"posx":7,"posy":5,"lastAction":3,"status":0}],"golds":[{"posx":7,"posy":0,"amount":550},{"posx":17,"posy":0,"amount":700},{"posx":11,"posy":1,"amount":750},{"posx":20,"posy":2,"amount":150},{"posx":2,"posy":3,"amount":100},{"posx":6,"posy":3,"amount":250},{"posx":12,"posy":3,"amount":500},{"posx":7,"posy":4,"amount":250},{"posx":19,"posy":4,"amount":300},{"posx":6,"posy":5,"amount":300},{"posx":16,"posy":5,"amount":250},{"posx":15,"posy":6,"amount":550},{"posx":19,"posy":6,"amount":300},{"posx":4,"posy":7,"amount":650},{"posx":4,"posy":8,"amount":600},{"posx":12,"posy":8,"amount":500},{"posx":18,"posy":8,"amount":300}],"changedObstacles":[]},{"players":[{"playerId":61319,"score":575,"energy":7,"posx":7,"posy":4,"lastAction":5,"status":0},{"playerId":2234905,"score":700,"energy":5,"posx":6,"posy":5,"lastAction":5,"status":0},{"playerId":131454,"score":575,"energy":20,"posx":7,"posy":4,"lastAction":5,"status":0},{"playerId":2271981,"score":500,"energy":21,"posx":6,"posy":5,"lastAction":0,"status":0}],"golds":[{"posx":7,"posy":0,"amount":550},{"posx":17,"posy":0,"amount":700},{"posx":11,"posy":1,"amount":750},{"posx":20,"posy":2,"amount":150},{"posx":2,"posy":3,"amount":100},{"posx":6,"posy":3,"amount":250},{"posx":12,"posy":3,"amount":500},{"posx":7,"posy":4,"amount":150},{"posx":19,"posy":4,"amount":300},{"posx":6,"posy":5,"amount":250},{"posx":16,"posy":5,"amount":250},{"posx":15,"posy":6,"amount":550},{"posx":19,"posy":6,"amount":300},{"posx":4,"posy":7,"amount":650},{"posx":4,"posy":8,"amount":600},{"posx":12,"posy":8,"amount":500},{"posx":18,"posy":8,"amount":300}],"changedObstacles":[]},{"players":[{"playerId":61319,"score":625,"energy":2,"posx":7,"posy":4,"lastAction":5,"status":0},{"playerId":2234905,"score":700,"energy":17,"posx":6,"posy":5,"lastAction":4,"status":0},{"playerId":131454,"score":625,"energy":15,"posx":7,"posy":4,"lastAction":5,"status":0},{"playerId":2271981,"score":500,"energy":20,"posx":6,"posy":6,"lastAction":3,"status":0}],"golds":[{"posx":7,"posy":0,"amount":550},{"posx":17,"posy":0,"amount":700},{"posx":11,"posy":1,"amount":750},{"posx":20,"posy":2,"amount":150},{"posx":2,"posy":3,"amount":100},{"posx":6,"posy":3,"amount":250},{"posx":12,"posy":3,"amount":500},{"posx":7,"posy":4,"amount":50},{"posx":19,"posy":4,"amount":300},{"posx":6,"posy":5,"amount":250},{"posx":16,"posy":5,"amount":250},{"posx":15,"posy":6,"amount":550},{"posx":19,"posy":6,"amount":300},{"posx":4,"posy":7,"amount":650},{"posx":4,"posy":8,"amount":600},{"posx":12,"posy":8,"amount":500},{"posx":18,"posy":8,"amount":300}],"changedObstacles":[]},{"players":[{"playerId":61319,"score":625,"energy":14,"posx":7,"posy":4,"lastAction":4,"status":0},{"playerId":2234905,"score":750,"energy":12,"posx":6,"posy":5,"lastAction":5,"status":0},{"playerId":131454,"score":675,"energy":10,"posx":7,"posy":4,"lastAction":5,"status":0},{"playerId":2271981,"score":500,"energy":19,"posx":6,"posy":7,"lastAction":3,"status":0}],"golds":[{"posx":7,"posy":0,"amount":550},{"posx":17,"posy":0,"amount":700},{"posx":11,"posy":1,"amount":750},{"posx":20,"posy":2,"amount":150},{"posx":2,"posy":3,"amount":100},{"posx":6,"posy":3,"amount":250},{"posx":12,"posy":3,"amount":500},{"posx":19,"posy":4,"amount":300},{"posx":6,"posy":5,"amount":200},{"posx":16,"posy":5,"amount":250},{"posx":15,"posy":6,"amount":550},{"posx":19,"posy":6,"amount":300},{"posx":4,"posy":7,"amount":650},{"posx":4,"posy":8,"amount":600},{"posx":12,"posy":8,"amount":500},{"posx":18,"posy":8,"amount":300}],"changedObstacles":[{"type":0,"posx":7,"posy":4,"value":-1}]},{"players":[{"playerId":61319,"score":625,"energy":9,"posx":6,"posy":4,"lastAction":0,"status":0},{"playerId":2234905,"score":800,"energy":7,"posx":6,"posy":5,"lastAction":5,"status":0},{"playerId":131454,"score":675,"energy":5,"posx":6,"posy":4,"lastAction":0,"status":0},{"playerId":2271981,"score":500,"energy":31,"posx":6,"posy":7,"lastAction":4,"status":0}],"golds":[{"posx":7,"posy":0,"amount":550},{"posx":17,"posy":0,"amount":700},{"posx":11,"posy":1,"amount":750},{"posx":20,"posy":2,"amount":150},{"posx":2,"posy":3,"amount":100},{"posx":6,"posy":3,"amount":250},{"posx":12,"posy":3,"amount":500},{"posx":19,"posy":4,"amount":300},{"posx":6,"posy":5,"amount":150},{"posx":16,"posy":5,"amount":250},{"posx":15,"posy":6,"amount":550},{"posx":19,"posy":6,"amount":300},{"posx":4,"posy":7,"amount":650},{"posx":4,"posy":8,"amount":600},{"posx":12,"posy":8,"amount":500},{"posx":18,"posy":8,"amount":300}],"changedObstacles":[{"type":3,"posx":6,"posy":4,"value":-20}]},{"players":[{"playerId":61319,"score":625,"energy":5,"posx":6,"posy":3,"lastAction":2,"status":0},{"playerId":2234905,"score":850,"energy":2,"posx":6,"posy":5,"lastAction":5,"status":0},{"playerId":131454,"score":675,"energy":17,"posx":6,"posy":4,"lastAction":4,"status":0},{"playerId":2271981,"score":500,"energy":47,"posx":6,"posy":7,"lastAction":4,"status":0}],"golds":[{"posx":7,"posy":0,"amount":550},{"posx":17,"posy":0,"amount":700},{"posx":11,"posy":1,"amount":750},{"posx":20,"posy":2,"amount":150},{"posx":2,"posy":3,"amount":100},{"posx":6,"posy":3,"amount":250},{"posx":12,"posy":3,"amount":500},{"posx":19,"posy":4,"amount":300},{"posx":6,"posy":5,"amount":100},{"posx":16,"posy":5,"amount":250},{"posx":15,"posy":6,"amount":550},{"posx":19,"posy":6,"amount":300},{"posx":4,"posy":7,"amount":650},{"posx":4,"posy":8,"amount":600},{"posx":12,"posy":8,"amount":500},{"posx":18,"posy":8,"amount":300}],"changedObstacles":[]},{"players":[{"playerId":61319,"score":625,"energy":17,"posx":6,"posy":3,"lastAction":4,"status":0},{"playerId":2234905,"score":850,"energy":14,"posx":6,"posy":5,"lastAction":4,"status":0},{"playerId":131454,"score":675,"energy":33,"posx":6,"posy":4,"lastAction":4,"status":0},{"playerId":2271981,"score":500,"energy":50,"posx":6,"posy":7,"lastAction":4,"status":0}],"golds":[{"posx":7,"posy":0,"amount":550},{"posx":17,"posy":0,"amount":700},{"posx":11,"posy":1,"amount":750},{"posx":20,"posy":2,"amount":150},{"posx":2,"posy":3,"amount":100},{"posx":6,"posy":3,"amount":250},{"posx":12,"posy":3,"amount":500},{"posx":19,"posy":4,"amount":300},{"posx":6,"posy":5,"amount":100},{"posx":16,"posy":5,"amount":250},{"posx":15,"posy":6,"amount":550},{"posx":19,"posy":6,"amount":300},{"posx":4,"posy":7,"amount":650},{"posx":4,"posy":8,"amount":600},{"posx":12,"posy":8,"amount":500},{"posx":18,"posy":8,"amount":300}],"changedObstacles":[]},{"players":[{"playerId":61319,"score":625,"energy":33,"posx":6,"posy":3,"lastAction":4,"status":0},{"playerId":2234905,"score":900,"energy":9,"posx":6,"posy":5,"lastAction":5,"status":0},{"playerId":131454,"score":675,"energy":50,"posx":6,"posy":4,"lastAction":4,"status":0},{"playerId":2271981,"score":500,"energy":39,"posx":5,"posy":7,"lastAction":0,"status":0}],"golds":[{"posx":7,"posy":0,"amount":550},{"posx":17,"posy":0,"amount":700},{"posx":11,"posy":1,"amount":750},{"posx":20,"posy":2,"amount":150},{"posx":2,"posy":3,"amount":100},{"posx":6,"posy":3,"amount":250},{"posx":12,"posy":3,"amount":500},{"posx":19,"posy":4,"amount":300},{"posx":6,"posy":5,"amount":50},{"posx":16,"posy":5,"amount":250},{"posx":15,"posy":6,"amount":550},{"posx":19,"posy":6,"amount":300},{"posx":4,"posy":7,"amount":650},{"posx":4,"posy":8,"amount":600},{"posx":12,"posy":8,"amount":500},{"posx":18,"posy":8,"amount":300}],"changedObstacles":[]},{"players":[{"playerId":61319,"score":675,"energy":28,"posx":6,"posy":3,"lastAction":5,"status":0},{"playerId":2234905,"score":950,"energy":4,"posx":6,"posy":5,"lastAction":5,"status":0},{"playerId":131454,"score":675,"energy":46,"posx":6,"posy":3,"lastAction":2,"status":0},{"playerId":2271981,"score":500,"energy":35,"posx":4,"posy":7,"lastAction":0,"status":0}],"golds":[{"posx":7,"posy":0,"amount":550},{"posx":17,"posy":0,"amount":700},{"posx":11,"posy":1,"amount":750},{"posx":20,"posy":2,"amount":150},{"posx":2,"posy":3,"amount":100},{"posx":6,"posy":3,"amount":200},{"posx":12,"posy":3,"amount":500},{"posx":19,"posy":4,"amount":300},{"posx":16,"posy":5,"amount":250},{"posx":15,"posy":6,"amount":550},{"posx":19,"posy":6,"amount":300},{"posx":4,"posy":7,"amount":650},{"posx":4,"posy":8,"amount":600},{"posx":12,"posy":8,"amount":500},{"posx":18,"posy":8,"amount":300}],"changedObstacles":[{"type":0,"posx":6,"posy":5,"value":-1}]},{"players":[{"playerId":61319,"score":725,"energy":23,"posx":6,"posy":3,"lastAction":5,"status":0},{"playerId":2234905,"score":950,"energy":3,"posx":7,"posy":5,"lastAction":1,"status":0},{"playerId":131454,"score":725,"energy":41,"posx":6,"posy":3,"lastAction":5,"status":0},{"playerId":2271981,"score":550,"energy":30,"posx":4,"posy":7,"lastAction":5,"status":0}],"golds":[{"posx":7,"posy":0,"amount":550},{"posx":17,"posy":0,"amount":700},{"posx":11,"posy":1,"amount":750},{"posx":20,"posy":2,"amount":150},{"posx":2,"posy":3,"amount":100},{"posx":6,"posy":3,"amount":100},{"posx":12,"posy":3,"amount":500},{"posx":19,"posy":4,"amount":300},{"posx":16,"posy":5,"amount":250},{"posx":15,"posy":6,"amount":550},{"posx":19,"posy":6,"amount":300},{"posx":4,"posy":7,"amount":600},{"posx":4,"posy":8,"amount":600},{"posx":12,"posy":8,"amount":500},{"posx":18,"posy":8,"amount":300}],"changedObstacles":[]},{"players":[{"playerId":61319,"score":775,"energy":18,"posx":6,"posy":3,"lastAction":5,"status":0},{"playerId":2234905,"score":950,"energy":2,"posx":8,"posy":5,"lastAction":1,"status":0},{"playerId":131454,"score":775,"energy":36,"posx":6,"posy":3,"lastAction":5,"status":0},{"playerId":2271981,"score":600,"energy":25,"posx":4,"posy":7,"lastAction":5,"status":0}],"golds":[{"posx":7,"posy":0,"amount":550},{"posx":17,"posy":0,"amount":700},{"posx":11,"posy":1,"amount":750},{"posx":20,"posy":2,"amount":150},{"posx":2,"posy":3,"amount":100},{"posx":12,"posy":3,"amount":500},{"posx":19,"posy":4,"amount":300},{"posx":16,"posy":5,"amount":250},{"posx":15,"posy":6,"amount":550},{"posx":19,"posy":6,"amount":300},{"posx":4,"posy":7,"amount":550},{"posx":4,"posy":8,"amount":600},{"posx":12,"posy":8,"amount":500},{"posx":18,"posy":8,"amount":300}],"changedObstacles":[{"type":0,"posx":6,"posy":3,"value":-1}]},{"players":[{"playerId":61319,"score":775,"energy":8,"posx":6,"posy":2,"lastAction":2,"status":0},{"playerId":2234905,"score":950,"energy":1,"posx":9,"posy":5,"lastAction":1,"status":0},{"playerId":131454,"score":775,"energy":26,"posx":6,"posy":2,"lastAction":2,"status":0},{"playerId":2271981,"score":650,"energy":20,"posx":4,"posy":7,"lastAction":5,"status":0}],"golds":[{"posx":7,"posy":0,"amount":550},{"posx":17,"posy":0,"amount":700},{"posx":11,"posy":1,"amount":750},{"posx":20,"posy":2,"amount":150},{"posx":2,"posy":3,"amount":100},{"posx":12,"posy":3,"amount":500},{"posx":19,"posy":4,"amount":300},{"posx":16,"posy":5,"amount":250},{"posx":15,"posy":6,"amount":550},{"posx":19,"posy":6,"amount":300},{"posx":4,"posy":7,"amount":500},{"posx":4,"posy":8,"amount":600},{"posx":12,"posy":8,"amount":500},{"posx":18,"posy":8,"amount":300}],"changedObstacles":[{"type":0,"posx":6,"posy":2,"value":-1}]},{"players":[{"playerId":61319,"score":775,"energy":7,"posx":7,"posy":2,"lastAction":1,"status":0},{"playerId":2234905,"score":950,"energy":13,"posx":9,"posy":5,"lastAction":4,"status":0},{"playerId":131454,"score":775,"energy":25,"posx":6,"posy":1,"lastAction":2,"status":0},{"playerId":2271981,"score":700,"energy":15,"posx":4,"posy":7,"lastAction":5,"status":0}],"golds":[{"posx":7,"posy":0,"amount":550},{"posx":17,"posy":0,"amount":700},{"posx":11,"posy":1,"amount":750},{"posx":20,"posy":2,"amount":150},{"posx":2,"posy":3,"amount":100},{"posx":12,"posy":3,"amount":500},{"posx":19,"posy":4,"amount":300},{"posx":16,"posy":5,"amount":250},{"posx":15,"posy":6,"amount":550},{"posx":19,"posy":6,"amount":300},{"posx":4,"posy":7,"amount":450},{"posx":4,"posy":8,"amount":600},{"posx":12,"posy":8,"amount":500},{"posx":18,"posy":8,"amount":300}],"changedObstacles":[]},{"players":[{"playerId":61319,"score":775,"energy":6,"posx":7,"posy":1,"lastAction":2,"status":0},{"playerId":2234905,"score":950,"energy":12,"posx":9,"posy":4,"lastAction":2,"status":0},{"playerId":131454,"score":775,"energy":24,"posx":7,"posy":1,"lastAction":1,"status":0},{"playerId":2271981,"score":750,"energy":10,"posx":4,"posy":7,"lastAction":5,"status":0}],"golds":[{"posx":7,"posy":0,"amount":550},{"posx":17,"posy":0,"amount":700},{"posx":11,"posy":1,"amount":750},{"posx":20,"posy":2,"amount":150},{"posx":2,"posy":3,"amount":100},{"posx":12,"posy":3,"amount":500},{"posx":19,"posy":4,"amount":300},{"posx":16,"posy":5,"amount":250},{"posx":15,"posy":6,"amount":550},{"posx":19,"posy":6,"amount":300},{"posx":4,"posy":7,"amount":400},{"posx":4,"posy":8,"amount":600},{"posx":12,"posy":8,"amount":500},{"posx":18,"posy":8,"amount":300}],"changedObstacles":[]},{"players":[{"playerId":61319,"score":775,"energy":2,"posx":7,"posy":0,"lastAction":2,"status":0},{"playerId":2234905,"score":950,"energy":11,"posx":10,"posy":4,"lastAction":1,"status":0},{"playerId":131454,"score":775,"energy":20,"posx":7,"posy":0,"lastAction":2,"status":0},{"playerId":2271981,"score":800,"energy":5,"posx":4,"posy":7,"lastAction":5,"status":0}],"golds":[{"posx":7,"posy":0,"amount":550},{"posx":17,"posy":0,"amount":700},{"posx":11,"posy":1,"amount":750},{"posx":20,"posy":2,"amount":150},{"posx":2,"posy":3,"amount":100},{"posx":12,"posy":3,"amount":500},{"posx":19,"posy":4,"amount":300},{"posx":16,"posy":5,"amount":250},{"posx":15,"posy":6,"amount":550},{"posx":19,"posy":6,"amount":300},{"posx":4,"posy":7,"amount":350},{"posx":4,"posy":8,"amount":600},{"posx":12,"posy":8,"amount":500},{"posx":18,"posy":8,"amount":300}],"changedObstacles":[]},{"players":[{"playerId":61319,"score":775,"energy":14,"posx":7,"posy":0,"lastAction":4,"status":0},{"playerId":2234905,"score":950,"energy":10,"posx":11,"posy":4,"lastAction":1,"status":0},{"playerId":131454,"score":825,"energy":15,"posx":7,"posy":0,"lastAction":5,"status":0},{"playerId":2271981,"score":800,"energy":17,"posx":4,"posy":7,"lastAction":4,"status":0}],"golds":[{"posx":7,"posy":0,"amount":500},{"posx":17,"posy":0,"amount":700},{"posx":11,"posy":1,"amount":750},{"posx":20,"posy":2,"amount":150},{"posx":2,"posy":3,"amount":100},{"posx":12,"posy":3,"amount":500},{"posx":19,"posy":4,"amount":300},{"posx":16,"posy":5,"amount":250},{"posx":15,"posy":6,"amount":550},{"posx":19,"posy":6,"amount":300},{"posx":4,"posy":7,"amount":350},{"posx":4,"posy":8,"amount":600},{"posx":12,"posy":8,"amount":500},{"posx":18,"posy":8,"amount":300}],"changedObstacles":[]},{"players":[{"playerId":61319,"score":775,"energy":30,"posx":7,"posy":0,"lastAction":4,"status":0},{"playerId":2234905,"score":950,"energy":9,"posx":11,"posy":3,"lastAction":2,"status":0},{"playerId":131454,"score":875,"energy":10,"posx":7,"posy":0,"lastAction":5,"status":0},{"playerId":2271981,"score":800,"energy":33,"posx":4,"posy":7,"lastAction":4,"status":0}],"golds":[{"posx":7,"posy":0,"amount":450},{"posx":17,"posy":0,"amount":700},{"posx":11,"posy":1,"amount":750},{"posx":20,"posy":2,"amount":150},{"posx":2,"posy":3,"amount":100},{"posx":12,"posy":3,"amount":500},{"posx":19,"posy":4,"amount":300},{"posx":16,"posy":5,"amount":250},{"posx":15,"posy":6,"amount":550},{"posx":19,"posy":6,"amount":300},{"posx":4,"posy":7,"amount":350},{"posx":4,"posy":8,"amount":600},{"posx":12,"posy":8,"amount":500},{"posx":18,"posy":8,"amount":300}],"changedObstacles":[]},{"players":[{"playerId":61319,"score":825,"energy":25,"posx":7,"posy":0,"lastAction":5,"status":0},{"playerId":2234905,"score":950,"energy":5,"posx":12,"posy":3,"lastAction":1,"status":0},{"playerId":131454,"score":925,"energy":5,"posx":7,"posy":0,"lastAction":5,"status":0},{"playerId":2271981,"score":800,"energy":50,"posx":4,"posy":7,"lastAction":4,"status":0}],"golds":[{"posx":7,"posy":0,"amount":350},{"posx":17,"posy":0,"amount":700},{"posx":11,"posy":1,"amount":750},{"posx":20,"posy":2,"amount":150},{"posx":2,"posy":3,"amount":100},{"posx":12,"posy":3,"amount":500},{"posx":19,"posy":4,"amount":300},{"posx":16,"posy":5,"amount":250},{"posx":15,"posy":6,"amount":550},{"posx":19,"posy":6,"amount":300},{"posx":4,"posy":7,"amount":350},{"posx":4,"posy":8,"amount":600},{"posx":12,"posy":8,"amount":500},{"posx":18,"posy":8,"amount":300}],"changedObstacles":[]},{"players":[{"playerId":61319,"score":875,"energy":20,"posx":7,"posy":0,"lastAction":5,"status":0},{"playerId":2234905,"score":950,"energy":17,"posx":12,"posy":3,"lastAction":4,"status":0},{"playerId":131454,"score":925,"energy":17,"posx":7,"posy":0,"lastAction":4,"status":0},{"playerId":2271981,"score":850,"energy":45,"posx":4,"posy":7,"lastAction":5,"status":0}],"golds":[{"posx":7,"posy":0,"amount":300},{"posx":17,"posy":0,"amount":700},{"posx":11,"posy":1,"amount":750},{"posx":20,"posy":2,"amount":150},{"posx":2,"posy":3,"amount":100},{"posx":12,"posy":3,"amount":500},{"posx":19,"posy":4,"amount":300},{"posx":16,"posy":5,"amount":250},{"posx":15,"posy":6,"amount":550},{"posx":19,"posy":6,"amount":300},{"posx":4,"posy":7,"amount":300},{"posx":4,"posy":8,"amount":600},{"posx":12,"posy":8,"amount":500},{"posx":18,"posy":8,"amount":300}],"changedObstacles":[]},{"players":[{"playerId":61319,"score":925,"energy":15,"posx":7,"posy":0,"lastAction":5,"status":0},{"playerId":2234905,"score":950,"energy":33,"posx":12,"posy":3,"lastAction":4,"status":0},{"playerId":131454,"score":925,"energy":33,"posx":7,"posy":0,"lastAction":4,"status":0},{"playerId":2271981,"score":900,"energy":40,"posx":4,"posy":7,"lastAction":5,"status":0}],"golds":[{"posx":7,"posy":0,"amount":250},{"posx":17,"posy":0,"amount":700},{"posx":11,"posy":1,"amount":750},{"posx":20,"posy":2,"amount":150},{"posx":2,"posy":3,"amount":100},{"posx":12,"posy":3,"amount":500},{"posx":19,"posy":4,"amount":300},{"posx":16,"posy":5,"amount":250},{"posx":15,"posy":6,"amount":550},{"posx":19,"posy":6,"amount":300},{"posx":4,"posy":7,"amount":250},{"posx":4,"posy":8,"amount":600},{"posx":12,"posy":8,"amount":500},{"posx":18,"posy":8,"amount":300}],"changedObstacles":[]},{"players":[{"playerId":61319,"score":975,"energy":10,"posx":7,"posy":0,"lastAction":5,"status":0},{"playerId":2234905,"score":1000,"energy":28,"posx":12,"posy":3,"lastAction":5,"status":0},{"playerId":131454,"score":925,"energy":50,"posx":7,"posy":0,"lastAction":4,"status":0},{"playerId":2271981,"score":950,"energy":35,"posx":4,"posy":7,"lastAction":5,"status":0}],"golds":[{"posx":7,"posy":0,"amount":200},{"posx":17,"posy":0,"amount":700},{"posx":11,"posy":1,"amount":750},{"posx":20,"posy":2,"amount":150},{"posx":2,"posy":3,"amount":100},{"posx":12,"posy":3,"amount":450},{"posx":19,"posy":4,"amount":300},{"posx":16,"posy":5,"amount":250},{"posx":15,"posy":6,"amount":550},{"posx":19,"posy":6,"amount":300},{"posx":4,"posy":7,"amount":200},{"posx":4,"posy":8,"amount":600},{"posx":12,"posy":8,"amount":500},{"posx":18,"posy":8,"amount":300}],"changedObstacles":[]},{"players":[{"playerId":61319,"score":1025,"energy":5,"posx":7,"posy":0,"lastAction":5,"status":0},{"playerId":2234905,"score":1000,"energy":40,"posx":12,"posy":3,"lastAction":4,"status":0},{"playerId":131454,"score":975,"energy":45,"posx":7,"posy":0,"lastAction":5,"status":0},{"playerId":2271981,"score":1000,"energy":30,"posx":4,"posy":7,"lastAction":5,"status":0}],"golds":[{"posx":7,"posy":0,"amount":100},{"posx":17,"posy":0,"amount":700},{"posx":11,"posy":1,"amount":750},{"posx":20,"posy":2,"amount":150},{"posx":2,"posy":3,"amount":100},{"posx":12,"posy":3,"amount":450},{"posx":19,"posy":4,"amount":300},{"posx":16,"posy":5,"amount":250},{"posx":15,"posy":6,"amount":550},{"posx":19,"posy":6,"amount":300},{"posx":4,"posy":7,"amount":150},{"posx":4,"posy":8,"amount":600},{"posx":12,"posy":8,"amount":500},{"posx":18,"posy":8,"amount":300}],"changedObstacles":[]},{"players":[{"playerId":61319,"score":1025,"energy":17,"posx":7,"posy":0,"lastAction":4,"status":0},{"playerId":2234905,"score":1050,"energy":35,"posx":12,"posy":3,"lastAction":5,"status":0},{"playerId":131454,"score":1025,"energy":40,"posx":7,"posy":0,"lastAction":5,"status":0},{"playerId":2271981,"score":1050,"energy":25,"posx":4,"posy":7,"lastAction":5,"status":0}],"golds":[{"posx":7,"posy":0,"amount":50},{"posx":17,"posy":0,"amount":700},{"posx":11,"posy":1,"amount":750},{"posx":20,"posy":2,"amount":150},{"posx":2,"posy":3,"amount":100},{"posx":12,"posy":3,"amount":400},{"posx":19,"posy":4,"amount":300},{"posx":16,"posy":5,"amount":250},{"posx":15,"posy":6,"amount":550},{"posx":19,"posy":6,"amount":300},{"posx":4,"posy":7,"amount":100},{"posx":4,"posy":8,"amount":600},{"posx":12,"posy":8,"amount":500},{"posx":18,"posy":8,"amount":300}],"changedObstacles":[]},{"players":[{"playerId":61319,"score":1050,"energy":12,"posx":7,"posy":0,"lastAction":5,"status":0},{"playerId":2234905,"score":1050,"energy":47,"posx":12,"posy":3,"lastAction":4,"status":0},{"playerId":131454,"score":1050,"energy":35,"posx":7,"posy":0,"lastAction":5,"status":0},{"playerId":2271981,"score":1100,"energy":20,"posx":4,"posy":7,"lastAction":5,"status":0}],"golds":[{"posx":17,"posy":0,"amount":700},{"posx":11,"posy":1,"amount":750},{"posx":20,"posy":2,"amount":150},{"posx":2,"posy":3,"amount":100},{"posx":12,"posy":3,"amount":400},{"posx":19,"posy":4,"amount":300},{"posx":16,"posy":5,"amount":250},{"posx":15,"posy":6,"amount":550},{"posx":19,"posy":6,"amount":300},{"posx":4,"posy":7,"amount":50},{"posx":4,"posy":8,"amount":600},{"posx":12,"posy":8,"amount":500},{"posx":18,"posy":8,"amount":300}],"changedObstacles":[{"type":0,"posx":7,"posy":0,"value":-1}]},{"players":[{"playerId":61319,"score":1050,"energy":11,"posx":7,"posy":1,"lastAction":3,"status":0},{"playerId":2234905,"score":1100,"energy":42,"posx":12,"posy":3,"lastAction":5,"status":0},{"playerId":131454,"score":1050,"energy":34,"posx":7,"posy":1,"lastAction":3,"status":0},{"playerId":2271981,"score":1150,"energy":15,"posx":4,"posy":7,"lastAction":5,"status":0}],"golds":[{"posx":17,"posy":0,"amount":700},{"posx":11,"posy":1,"amount":750},{"posx":20,"posy":2,"amount":150},{"posx":2,"posy":3,"amount":100},{"posx":12,"posy":3,"amount":350},{"posx":19,"posy":4,"amount":300},{"posx":16,"posy":5,"amount":250},{"posx":15,"posy":6,"amount":550},{"posx":19,"posy":6,"amount":300},{"posx":4,"posy":8,"amount":600},{"posx":12,"posy":8,"amount":500},{"posx":18,"posy":8,"amount":300}],"changedObstacles":[{"type":0,"posx":4,"posy":7,"value":-1}]},{"players":[{"playerId":61319,"score":1050,"energy":10,"posx":8,"posy":1,"lastAction":1,"status":0},{"playerId":2234905,"score":1150,"energy":37,"posx":12,"posy":3,"lastAction":5,"status":0},{"playerId":131454,"score":1050,"energy":33,"posx":8,"posy":1,"lastAction":1,"status":0},{"playerId":2271981,"score":1150,"energy":11,"posx":4,"posy":8,"lastAction":3,"status":0}],"golds":[{"posx":17,"posy":0,"amount":700},{"posx":11,"posy":1,"amount":750},{"posx":20,"posy":2,"amount":150},{"posx":2,"posy":3,"amount":100},{"posx":12,"posy":3,"amount":300},{"posx":19,"posy":4,"amount":300},{"posx":16,"posy":5,"amount":250},{"posx":15,"posy":6,"amount":550},{"posx":19,"posy":6,"amount":300},{"posx":4,"posy":8,"amount":600},{"posx":12,"posy":8,"amount":500},{"posx":18,"posy":8,"amount":300}],"changedObstacles":[]},{"players":[{"playerId":61319,"score":1050,"energy":5,"posx":9,"posy":1,"lastAction":1,"status":0},{"playerId":2234905,"score":1150,"energy":49,"posx":12,"posy":3,"lastAction":4,"status":0},{"playerId":131454,"score":1050,"energy":28,"posx":9,"posy":1,"lastAction":1,"status":0},{"playerId":2271981,"score":1200,"energy":6,"posx":4,"posy":8,"lastAction":5,"status":0}],"golds":[{"posx":17,"posy":0,"amount":700},{"posx":11,"posy":1,"amount":750},{"posx":20,"posy":2,"amount":150},{"posx":2,"posy":3,"amount":100},{"posx":12,"posy":3,"amount":300},{"posx":19,"posy":4,"amount":300},{"posx":16,"posy":5,"amount":250},{"posx":15,"posy":6,"amount":550},{"posx":19,"posy":6,"amount":300},{"posx":4,"posy":8,"amount":550},{"posx":12,"posy":8,"amount":500},{"posx":18,"posy":8,"amount":300}],"changedObstacles":[{"type":3,"posx":9,"posy":1,"value":-20}]},{"players":[{"playerId":61319,"score":1050,"energy":4,"posx":10,"posy":1,"lastAction":1,"status":0},{"playerId":2234905,"score":1200,"energy":44,"posx":12,"posy":3,"lastAction":5,"status":0},{"playerId":131454,"score":1050,"energy":27,"posx":10,"posy":1,"lastAction":1,"status":0},{"playerId":2271981,"score":1250,"energy":1,"posx":4,"posy":8,"lastAction":5,"status":0}],"golds":[{"posx":17,"posy":0,"amount":700},{"posx":11,"posy":1,"amount":750},{"posx":20,"posy":2,"amount":150},{"posx":2,"posy":3,"amount":100},{"posx":12,"posy":3,"amount":250},{"posx":19,"posy":4,"amount":300},{"posx":16,"posy":5,"amount":250},{"posx":15,"posy":6,"amount":550},{"posx":19,"posy":6,"amount":300},{"posx":4,"posy":8,"amount":500},{"posx":12,"posy":8,"amount":500},{"posx":18,"posy":8,"amount":300}],"changedObstacles":[]},{"players":[{"playerId":61319,"score":1050,"energy":16,"posx":10,"posy":1,"lastAction":4,"status":0},{"playerId":2234905,"score":1250,"energy":39,"posx":12,"posy":3,"lastAction":5,"status":0},{"playerId":131454,"score":1050,"energy":23,"posx":11,"posy":1,"lastAction":1,"status":0},{"playerId":2271981,"score":1250,"energy":13,"posx":4,"posy":8,"lastAction":4,"status":0}],"golds":[{"posx":17,"posy":0,"amount":700},{"posx":11,"posy":1,"amount":750},{"posx":20,"posy":2,"amount":150},{"posx":2,"posy":3,"amount":100},{"posx":12,"posy":3,"amount":200},{"posx":19,"posy":4,"amount":300},{"posx":16,"posy":5,"amount":250},{"posx":15,"posy":6,"amount":550},{"posx":19,"posy":6,"amount":300},{"posx":4,"posy":8,"amount":500},{"posx":12,"posy":8,"amount":500},{"posx":18,"posy":8,"amount":300}],"changedObstacles":[]},{"players":[{"playerId":61319,"score":1050,"energy":12,"posx":11,"posy":1,"lastAction":1,"status":0},{"playerId":2234905,"score":1300,"energy":34,"posx":12,"posy":3,"lastAction":5,"status":0},{"playerId":131454,"score":1100,"energy":18,"posx":11,"posy":1,"lastAction":5,"status":0},{"playerId":2271981,"score":1250,"energy":29,"posx":4,"posy":8,"lastAction":4,"status":0}],"golds":[{"posx":17,"posy":0,"amount":700},{"posx":11,"posy":1,"amount":700},{"posx":20,"posy":2,"amount":150},{"posx":2,"posy":3,"amount":100},{"posx":12,"posy":3,"amount":150},{"posx":19,"posy":4,"amount":300},{"posx":16,"posy":5,"amount":250},{"posx":15,"posy":6,"amount":550},{"posx":19,"posy":6,"amount":300},{"posx":4,"posy":8,"amount":500},{"posx":12,"posy":8,"amount":500},{"posx":18,"posy":8,"amount":300}],"changedObstacles":[]},{"players":[{"playerId":61319,"score":1100,"energy":7,"posx":11,"posy":1,"lastAction":5,"status":0},{"playerId":2234905,"score":1300,"energy":46,"posx":12,"posy":3,"lastAction":4,"status":0},{"playerId":131454,"score":1150,"energy":13,"posx":11,"posy":1,"lastAction":5,"status":0},{"playerId":2271981,"score":1250,"energy":50,"posx":4,"posy":8,"lastAction":4,"status":0}],"golds":[{"posx":17,"posy":0,"amount":700},{"posx":11,"posy":1,"amount":600},{"posx":20,"posy":2,"amount":150},{"posx":2,"posy":3,"amount":100},{"posx":12,"posy":3,"amount":150},{"posx":19,"posy":4,"amount":300},{"posx":16,"posy":5,"amount":250},{"posx":15,"posy":6,"amount":550},{"posx":19,"posy":6,"amount":300},{"posx":4,"posy":8,"amount":500},{"posx":12,"posy":8,"amount":500},{"posx":18,"posy":8,"amount":300}],"changedObstacles":[]},{"players":[{"playerId":61319,"score":1150,"energy":2,"posx":11,"posy":1,"lastAction":5,"status":0},{"playerId":2234905,"score":1350,"energy":41,"posx":12,"posy":3,"lastAction":5,"status":0},{"playerId":131454,"score":1200,"energy":8,"posx":11,"posy":1,"lastAction":5,"status":0},{"playerId":2271981,"score":1300,"energy":45,"posx":4,"posy":8,"lastAction":5,"status":0}],"golds":[{"posx":17,"posy":0,"amount":700},{"posx":11,"posy":1,"amount":500},{"posx":20,"posy":2,"amount":150},{"posx":2,"posy":3,"amount":100},{"posx":12,"posy":3,"amount":100},{"posx":19,"posy":4,"amount":300},{"posx":16,"posy":5,"amount":250},{"posx":15,"posy":6,"amount":550},{"posx":19,"posy":6,"amount":300},{"posx":4,"posy":8,"amount":450},{"posx":12,"posy":8,"amount":500},{"posx":18,"posy":8,"amount":300}],"changedObstacles":[]},{"players":[{"playerId":61319,"score":1150,"energy":14,"posx":11,"posy":1,"lastAction":4,"status":0},{"playerId":2234905,"score":1400,"energy":36,"posx":12,"posy":3,"lastAction":5,"status":0},{"playerId":131454,"score":1250,"energy":3,"posx":11,"posy":1,"lastAction":5,"status":0},{"playerId":2271981,"score":1350,"energy":40,"posx":4,"posy":8,"lastAction":5,"status":0}],"golds":[{"posx":17,"posy":0,"amount":700},{"posx":11,"posy":1,"amount":450},{"posx":20,"posy":2,"amount":150},{"posx":2,"posy":3,"amount":100},{"posx":12,"posy":3,"amount":50},{"posx":19,"posy":4,"amount":300},{"posx":16,"posy":5,"amount":250},{"posx":15,"posy":6,"amount":550},{"posx":19,"posy":6,"amount":300},{"posx":4,"posy":8,"amount":400},{"posx":12,"posy":8,"amount":500},{"posx":18,"posy":8,"amount":300}],"changedObstacles":[]},{"players":[{"playerId":61319,"score":1150,"energy":30,"posx":11,"posy":1,"lastAction":4,"status":0},{"playerId":2234905,"score":1400,"energy":48,"posx":12,"posy":3,"lastAction":4,"status":0},{"playerId":131454,"score":1250,"energy":15,"posx":11,"posy":1,"lastAction":4,"status":0},{"playerId":2271981,"score":1400,"energy":35,"posx":4,"posy":8,"lastAction":5,"status":0}],"golds":[{"posx":17,"posy":0,"amount":700},{"posx":11,"posy":1,"amount":450},{"posx":20,"posy":2,"amount":150},{"posx":2,"posy":3,"amount":100},{"posx":12,"posy":3,"amount":50},{"posx":19,"posy":4,"amount":300},{"posx":16,"posy":5,"amount":250},{"posx":15,"posy":6,"amount":550},{"posx":19,"posy":6,"amount":300},{"posx":4,"posy":8,"amount":350},{"posx":12,"posy":8,"amount":500},{"posx":18,"posy":8,"amount":300}],"changedObstacles":[]},{"players":[{"playerId":61319,"score":1200,"energy":25,"posx":11,"posy":1,"lastAction":5,"status":0},{"playerId":2234905,"score":1450,"energy":43,"posx":12,"posy":3,"lastAction":5,"status":0},{"playerId":131454,"score":1250,"energy":31,"posx":11,"posy":1,"lastAction":4,"status":0},{"playerId":2271981,"score":1450,"energy":30,"posx":4,"posy":8,"lastAction":5,"status":0}],"golds":[{"posx":17,"posy":0,"amount":700},{"posx":11,"posy":1,"amount":400},{"posx":20,"posy":2,"amount":150},{"posx":2,"posy":3,"amount":100},{"posx":19,"posy":4,"amount":300},{"posx":16,"posy":5,"amount":250},{"posx":15,"posy":6,"amount":550},{"posx":19,"posy":6,"amount":300},{"posx":4,"posy":8,"amount":300},{"posx":12,"posy":8,"amount":500},{"posx":18,"posy":8,"amount":300}],"changedObstacles":[{"type":0,"posx":12,"posy":3,"value":-1}]},{"players":[{"playerId":61319,"score":1250,"energy":20,"posx":11,"posy":1,"lastAction":5,"status":0},{"playerId":2234905,"score":1450,"energy":30,"posx":13,"posy":3,"lastAction":1,"status":0},{"playerId":131454,"score":1250,"energy":50,"posx":11,"posy":1,"lastAction":4,"status":0},{"playerId":2271981,"score":1500,"energy":25,"posx":4,"posy":8,"lastAction":5,"status":0}],"golds":[{"posx":17,"posy":0,"amount":700},{"posx":11,"posy":1,"amount":350},{"posx":20,"posy":2,"amount":150},{"posx":2,"posy":3,"amount":100},{"posx":19,"posy":4,"amount":300},{"posx":16,"posy":5,"amount":250},{"posx":15,"posy":6,"amount":550},{"posx":19,"posy":6,"amount":300},{"posx":4,"posy":8,"amount":250},{"posx":12,"posy":8,"amount":500},{"posx":18,"posy":8,"amount":300}],"changedObstacles":[]},{"players":[{"playerId":61319,"score":1300,"energy":15,"posx":11,"posy":1,"lastAction":5,"status":0},{"playerId":2234905,"score":1450,"energy":29,"posx":13,"posy":2,"lastAction":2,"status":0},{"playerId":131454,"score":1300,"energy":45,"posx":11,"posy":1,"lastAction":5,"status":0},{"playerId":2271981,"score":1550,"energy":20,"posx":4,"posy":8,"lastAction":5,"status":0}],"golds":[{"posx":17,"posy":0,"amount":700},{"posx":11,"posy":1,"amount":250},{"posx":20,"posy":2,"amount":150},{"posx":2,"posy":3,"amount":100},{"posx":19,"posy":4,"amount":300},{"posx":16,"posy":5,"amount":250},{"posx":15,"posy":6,"amount":550},{"posx":19,"posy":6,"amount":300},{"posx":4,"posy":8,"amount":200},{"posx":12,"posy":8,"amount":500},{"posx":18,"posy":8,"amount":300}],"changedObstacles":[]},{"players":[{"playerId":61319,"score":1350,"energy":10,"posx":11,"posy":1,"lastAction":5,"status":0},{"playerId":2234905,"score":1450,"energy":18,"posx":14,"posy":2,"lastAction":1,"status":0},{"playerId":131454,"score":1350,"energy":40,"posx":11,"posy":1,"lastAction":5,"status":0},{"playerId":2271981,"score":1600,"energy":15,"posx":4,"posy":8,"lastAction":5,"status":0}],"golds":[{"posx":17,"posy":0,"amount":700},{"posx":11,"posy":1,"amount":150},{"posx":20,"posy":2,"amount":150},{"posx":2,"posy":3,"amount":100},{"posx":19,"posy":4,"amount":300},{"posx":16,"posy":5,"amount":250},{"posx":15,"posy":6,"amount":550},{"posx":19,"posy":6,"amount":300},{"posx":4,"posy":8,"amount":150},{"posx":12,"posy":8,"amount":500},{"posx":18,"posy":8,"amount":300}],"changedObstacles":[]},{"players":[{"playerId":61319,"score":1400,"energy":5,"posx":11,"posy":1,"lastAction":5,"status":0},{"playerId":2234905,"score":1450,"energy":17,"posx":15,"posy":2,"lastAction":1,"status":0},{"playerId":131454,"score":1400,"energy":35,"posx":11,"posy":1,"lastAction":5,"status":0},{"playerId":2271981,"score":1650,"energy":10,"posx":4,"posy":8,"lastAction":5,"status":0}],"golds":[{"posx":17,"posy":0,"amount":700},{"posx":11,"posy":1,"amount":50},{"posx":20,"posy":2,"amount":150},{"posx":2,"posy":3,"amount":100},{"posx":19,"posy":4,"amount":300},{"posx":16,"posy":5,"amount":250},{"posx":15,"posy":6,"amount":550},{"posx":19,"posy":6,"amount":300},{"posx":4,"posy":8,"amount":100},{"posx":12,"posy":8,"amount":500},{"posx":18,"posy":8,"amount":300}],"changedObstacles":[]},{"players":[{"playerId":61319,"score":1400,"energy":17,"posx":11,"posy":1,"lastAction":4,"status":0},{"playerId":2234905,"score":1450,"energy":12,"posx":16,"posy":2,"lastAction":1,"status":0},{"playerId":131454,"score":1450,"energy":30,"posx":11,"posy":1,"lastAction":5,"status":0},{"playerId":2271981,"score":1700,"energy":5,"posx":4,"posy":8,"lastAction":5,"status":0}],"golds":[{"posx":17,"posy":0,"amount":700},{"posx":20,"posy":2,"amount":150},{"posx":2,"posy":3,"amount":100},{"posx":19,"posy":4,"amount":300},{"posx":16,"posy":5,"amount":250},{"posx":15,"posy":6,"amount":550},{"posx":19,"posy":6,"amount":300},{"posx":4,"posy":8,"amount":50},{"posx":12,"posy":8,"amount":500},{"posx":18,"posy":8,"amount":300}],"changedObstacles":[{"type":3,"posx":16,"posy":2,"value":-20},{"type":0,"posx":11,"posy":1,"value":-1}]},{"players":[{"playerId":61319,"score":1400,"energy":16,"posx":12,"posy":1,"lastAction":1,"status":0},{"playerId":2234905,"score":1450,"energy":11,"posx":17,"posy":2,"lastAction":1,"status":0},{"playerId":131454,"score":1450,"energy":29,"posx":12,"posy":1,"lastAction":1,"status":0},{"playerId":2271981,"score":1700,"energy":17,"posx":4,"posy":8,"lastAction":4,"status":0}],"golds":[{"posx":17,"posy":0,"amount":700},{"posx":20,"posy":2,"amount":150},{"posx":2,"posy":3,"amount":100},{"posx":19,"posy":4,"amount":300},{"posx":16,"posy":5,"amount":250},{"posx":15,"posy":6,"amount":550},{"posx":19,"posy":6,"amount":300},{"posx":4,"posy":8,"amount":50},{"posx":12,"posy":8,"amount":500},{"posx":18,"posy":8,"amount":300}],"changedObstacles":[]},{"players":[{"playerId":61319,"score":1400,"energy":15,"posx":13,"posy":1,"lastAction":1,"status":0},{"playerId":2234905,"score":1450,"energy":23,"posx":17,"posy":2,"lastAction":4,"status":0},{"playerId":131454,"score":1450,"energy":28,"posx":13,"posy":1,"lastAction":1,"status":0},{"playerId":2271981,"score":1700,"energy":33,"posx":4,"posy":8,"lastAction":4,"status":0}],"golds":[{"posx":17,"posy":0,"amount":700},{"posx":20,"posy":2,"amount":150},{"posx":2,"posy":3,"amount":100},{"posx":19,"posy":4,"amount":300},{"posx":16,"posy":5,"amount":250},{"posx":15,"posy":6,"amount":550},{"posx":19,"posy":6,"amount":300},{"posx":4,"posy":8,"amount":50},{"posx":12,"posy":8,"amount":500},{"posx":18,"posy":8,"amount":300}],"changedObstacles":[]},{"players":[{"playerId":61319,"score":1400,"energy":14,"posx":14,"posy":1,"lastAction":1,"status":0},{"playerId":2234905,"score":1450,"energy":13,"posx":17,"posy":1,"lastAction":2,"status":0},{"playerId":131454,"score":1450,"energy":27,"posx":14,"posy":1,"lastAction":1,"status":0},{"playerId":2271981,"score":1700,"energy":50,"posx":4,"posy":8,"lastAction":4,"status":0}],"golds":[{"posx":17,"posy":0,"amount":700},{"posx":20,"posy":2,"amount":150},{"posx":2,"posy":3,"amount":100},{"posx":19,"posy":4,"amount":300},{"posx":16,"posy":5,"amount":250},{"posx":15,"posy":6,"amount":550},{"posx":19,"posy":6,"amount":300},{"posx":4,"posy":8,"amount":50},{"posx":12,"posy":8,"amount":500},{"posx":18,"posy":8,"amount":300}],"changedObstacles":[{"type":0,"posx":17,"posy":1,"value":-1}]},{"players":[{"playerId":61319,"score":1400,"energy":13,"posx":15,"posy":1,"lastAction":1,"status":0},{"playerId":2234905,"score":1450,"energy":25,"posx":17,"posy":1,"lastAction":4,"status":0},{"playerId":131454,"score":1450,"energy":26,"posx":15,"posy":1,"lastAction":1,"status":0},{"playerId":2271981,"score":1750,"energy":45,"posx":4,"posy":8,"lastAction":5,"status":0}],"golds":[{"posx":17,"posy":0,"amount":700},{"posx":20,"posy":2,"amount":150},{"posx":2,"posy":3,"amount":100},{"posx":19,"posy":4,"amount":300},{"posx":16,"posy":5,"amount":250},{"posx":15,"posy":6,"amount":550},{"posx":19,"posy":6,"amount":300},{"posx":12,"posy":8,"amount":500},{"posx":18,"posy":8,"amount":300}],"changedObstacles":[{"type":0,"posx":4,"posy":8,"value":-1}]},{"players":[{"playerId":61319,"score":1400,"energy":12,"posx":16,"posy":1,"lastAction":1,"status":0},{"playerId":2234905,"score":1450,"energy":41,"posx":17,"posy":1,"lastAction":4,"status":0},{"playerId":131454,"score":1450,"energy":25,"posx":15,"posy":2,"lastAction":3,"status":0},{"playerId":2271981,"score":1750,"energy":44,"posx":5,"posy":8,"lastAction":1,"status":0}],"golds":[{"posx":17,"posy":0,"amount":700},{"posx":20,"posy":2,"amount":150},{"posx":2,"posy":3,"amount":100},{"posx":19,"posy":4,"amount":300},{"posx":16,"posy":5,"amount":250},{"posx":15,"posy":6,"amount":550},{"posx":19,"posy":6,"amount":300},{"posx":12,"posy":8,"amount":500},{"posx":18,"posy":8,"amount":300}],"changedObstacles":[]},{"players":[{"playerId":61319,"score":1400,"energy":11,"posx":17,"posy":1,"lastAction":1,"status":0},{"playerId":2234905,"score":1450,"energy":37,"posx":17,"posy":0,"lastAction":2,"status":0},{"playerId":131454,"score":1450,"energy":24,"posx":15,"posy":3,"lastAction":3,"status":0},{"playerId":2271981,"score":1750,"energy":43,"posx":6,"posy":8,"lastAction":1,"status":0}],"golds":[{"posx":17,"posy":0,"amount":700},{"posx":20,"posy":2,"amount":150},{"posx":2,"posy":3,"amount":100},{"posx":19,"posy":4,"amount":300},{"posx":16,"posy":5,"amount":250},{"posx":15,"posy":6,"amount":550},{"posx":19,"posy":6,"amount":300},{"posx":12,"posy":8,"amount":500},{"posx":18,"posy":8,"amount":300}],"changedObstacles":[]},{"players":[{"playerId":61319,"score":1400,"energy":7,"posx":17,"posy":0,"lastAction":2,"status":0},{"playerId":2234905,"score":1500,"energy":32,"posx":17,"posy":0,"lastAction":5,"status":0},{"playerId":131454,"score":1450,"energy":23,"posx":16,"posy":3,"lastAction":1,"status":0},{"playerId":2271981,"score":1750,"energy":42,"posx":7,"posy":8,"lastAction":1,"status":0}],"golds":[{"posx":17,"posy":0,"amount":650},{"posx":20,"posy":2,"amount":150},{"posx":2,"posy":3,"amount":100},{"posx":19,"posy":4,"amount":300},{"posx":16,"posy":5,"amount":250},{"posx":15,"posy":6,"amount":550},{"posx":19,"posy":6,"amount":300},{"posx":12,"posy":8,"amount":500},{"posx":18,"posy":8,"amount":300}],"changedObstacles":[]},{"players":[{"playerId":61319,"score":1450,"energy":2,"posx":17,"posy":0,"lastAction":5,"status":0},{"playerId":2234905,"score":1550,"energy":27,"posx":17,"posy":0,"lastAction":5,"status":0},{"playerId":131454,"score":1450,"energy":22,"posx":16,"posy":4,"lastAction":3,"status":0},{"playerId":2271981,"score":1750,"energy":41,"posx":8,"posy":8,"lastAction":1,"status":0}],"golds":[{"posx":17,"posy":0,"amount":550},{"posx":20,"posy":2,"amount":150},{"posx":2,"posy":3,"amount":100},{"posx":19,"posy":4,"amount":300},{"posx":16,"posy":5,"amount":250},{"posx":15,"posy":6,"amount":550},{"posx":19,"posy":6,"amount":300},{"posx":12,"posy":8,"amount":500},{"posx":18,"posy":8,"amount":300}],"changedObstacles":[]},{"players":[{"playerId":61319,"score":1450,"energy":14,"posx":17,"posy":0,"lastAction":4,"status":0},{"playerId":2234905,"score":1600,"energy":22,"posx":17,"posy":0,"lastAction":5,"status":0},{"playerId":131454,"score":1450,"energy":18,"posx":16,"posy":5,"lastAction":3,"status":0},{"playerId":2271981,"score":1750,"energy":40,"posx":9,"posy":8,"lastAction":1,"status":0}],"golds":[{"posx":17,"posy":0,"amount":500},{"posx":20,"posy":2,"amount":150},{"posx":2,"posy":3,"amount":100},{"posx":19,"posy":4,"amount":300},{"posx":16,"posy":5,"amount":250},{"posx":15,"posy":6,"amount":550},{"posx":19,"posy":6,"amount":300},{"posx":12,"posy":8,"amount":500},{"posx":18,"posy":8,"amount":300}],"changedObstacles":[]},{"players":[{"playerId":61319,"score":1450,"energy":30,"posx":17,"posy":0,"lastAction":4,"status":0},{"playerId":2234905,"score":1650,"energy":17,"posx":17,"posy":0,"lastAction":5,"status":0},{"playerId":131454,"score":1500,"energy":13,"posx":16,"posy":5,"lastAction":5,"status":0},{"playerId":2271981,"score":1750,"energy":23,"posx":10,"posy":8,"lastAction":1,"status":0}],"golds":[{"posx":17,"posy":0,"amount":450},{"posx":20,"posy":2,"amount":150},{"posx":2,"posy":3,"amount":100},{"posx":19,"posy":4,"amount":300},{"posx":16,"posy":5,"amount":200},{"posx":15,"posy":6,"amount":550},{"posx":19,"posy":6,"amount":300},{"posx":12,"posy":8,"amount":500},{"posx":18,"posy":8,"amount":300}],"changedObstacles":[]},{"players":[{"playerId":61319,"score":1500,"energy":25,"posx":17,"posy":0,"lastAction":5,"status":0},{"playerId":2234905,"score":1700,"energy":12,"posx":17,"posy":0,"lastAction":5,"status":0},{"playerId":131454,"score":1550,"energy":8,"posx":16,"posy":5,"lastAction":5,"status":0},{"playerId":2271981,"score":1750,"energy":22,"posx":11,"posy":8,"lastAction":1,"status":0}],"golds":[{"posx":17,"posy":0,"amount":350},{"posx":20,"posy":2,"amount":150},{"posx":2,"posy":3,"amount":100},{"posx":19,"posy":4,"amount":300},{"posx":16,"posy":5,"amount":150},{"posx":15,"posy":6,"amount":550},{"posx":19,"posy":6,"amount":300},{"posx":12,"posy":8,"amount":500},{"posx":18,"posy":8,"amount":300}],"changedObstacles":[]},{"players":[{"playerId":61319,"score":1550,"energy":20,"posx":17,"posy":0,"lastAction":5,"status":0},{"playerId":2234905,"score":1750,"energy":7,"posx":17,"posy":0,"lastAction":5,"status":0},{"playerId":131454,"score":1600,"energy":3,"posx":16,"posy":5,"lastAction":5,"status":0},{"playerId":2271981,"score":1750,"energy":18,"posx":12,"posy":8,"lastAction":1,"status":0}],"golds":[{"posx":17,"posy":0,"amount":250},{"posx":20,"posy":2,"amount":150},{"posx":2,"posy":3,"amount":100},{"posx":19,"posy":4,"amount":300},{"posx":16,"posy":5,"amount":100},{"posx":15,"posy":6,"amount":550},{"posx":19,"posy":6,"amount":300},{"posx":12,"posy":8,"amount":500},{"posx":18,"posy":8,"amount":300}],"changedObstacles":[]},{"players":[{"playerId":61319,"score":1600,"energy":15,"posx":17,"posy":0,"lastAction":5,"status":0},{"playerId":2234905,"score":1800,"energy":2,"posx":17,"posy":0,"lastAction":5,"status":0},{"playerId":131454,"score":1600,"energy":15,"posx":16,"posy":5,"lastAction":4,"status":0},{"playerId":2271981,"score":1800,"energy":13,"posx":12,"posy":8,"lastAction":5,"status":0}],"golds":[{"posx":17,"posy":0,"amount":150},{"posx":20,"posy":2,"amount":150},{"posx":2,"posy":3,"amount":100},{"posx":19,"posy":4,"amount":300},{"posx":16,"posy":5,"amount":100},{"posx":15,"posy":6,"amount":550},{"posx":19,"posy":6,"amount":300},{"posx":12,"posy":8,"amount":450},{"posx":18,"posy":8,"amount":300}],"changedObstacles":[]},{"players":[{"playerId":61319,"score":1650,"energy":10,"posx":17,"posy":0,"lastAction":5,"status":0},{"playerId":2234905,"score":1800,"energy":14,"posx":17,"posy":0,"lastAction":4,"status":0},{"playerId":131454,"score":1600,"energy":31,"posx":16,"posy":5,"lastAction":4,"status":0},{"playerId":2271981,"score":1850,"energy":8,"posx":12,"posy":8,"lastAction":5,"status":0}],"golds":[{"posx":17,"posy":0,"amount":100},{"posx":20,"posy":2,"amount":150},{"posx":2,"posy":3,"amount":100},{"posx":19,"posy":4,"amount":300},{"posx":16,"posy":5,"amount":100},{"posx":15,"posy":6,"amount":550},{"posx":19,"posy":6,"amount":300},{"posx":12,"posy":8,"amount":400},{"posx":18,"posy":8,"amount":300}],"changedObstacles":[]},{"players":[{"playerId":61319,"score":1700,"energy":5,"posx":17,"posy":0,"lastAction":5,"status":0},{"playerId":2234905,"score":1850,"energy":9,"posx":17,"posy":0,"lastAction":5,"status":0},{"playerId":131454,"score":1600,"energy":50,"posx":16,"posy":5,"lastAction":4,"status":0},{"playerId":2271981,"score":1900,"energy":3,"posx":12,"posy":8,"lastAction":5,"status":0}],"golds":[{"posx":20,"posy":2,"amount":150},{"posx":2,"posy":3,"amount":100},{"posx":19,"posy":4,"amount":300},{"posx":16,"posy":5,"amount":100},{"posx":15,"posy":6,"amount":550},{"posx":19,"posy":6,"amount":300},{"posx":12,"posy":8,"amount":350},{"posx":18,"posy":8,"amount":300}],"changedObstacles":[{"type":0,"posx":17,"posy":0,"value":-1}]},{"players":[{"playerId":61319,"score":1700,"energy":4,"posx":18,"posy":0,"lastAction":1,"status":0},{"playerId":2234905,"score":1850,"energy":8,"posx":17,"posy":1,"lastAction":3,"status":0},{"playerId":131454,"score":1650,"energy":45,"posx":16,"posy":5,"lastAction":5,"status":0},{"playerId":2271981,"score":1900,"energy":15,"posx":12,"posy":8,"lastAction":4,"status":0}],"golds":[{"posx":20,"posy":2,"amount":150},{"posx":2,"posy":3,"amount":100},{"posx":19,"posy":4,"amount":300},{"posx":16,"posy":5,"amount":50},{"posx":15,"posy":6,"amount":550},{"posx":19,"posy":6,"amount":300},{"posx":12,"posy":8,"amount":350},{"posx":18,"posy":8,"amount":300}],"changedObstacles":[]},{"players":[{"playerId":61319,"score":1700,"energy":3,"posx":19,"posy":0,"lastAction":1,"status":0},{"playerId":2234905,"score":1850,"energy":7,"posx":17,"posy":2,"lastAction":3,"status":0},{"playerId":131454,"score":1700,"energy":40,"posx":16,"posy":5,"lastAction":5,"status":0},{"playerId":2271981,"score":1900,"energy":31,"posx":12,"posy":8,"lastAction":4,"status":0}],"golds":[{"posx":20,"posy":2,"amount":150},{"posx":2,"posy":3,"amount":100},{"posx":19,"posy":4,"amount":300},{"posx":15,"posy":6,"amount":550},{"posx":19,"posy":6,"amount":300},{"posx":12,"posy":8,"amount":350},{"posx":18,"posy":8,"amount":300}],"changedObstacles":[{"type":0,"posx":16,"posy":5,"value":-1}]},{"players":[{"playerId":61319,"score":1700,"energy":2,"posx":19,"posy":1,"lastAction":3,"status":0},{"playerId":2234905,"score":1850,"energy":6,"posx":17,"posy":3,"lastAction":3,"status":0},{"playerId":131454,"score":1700,"energy":39,"posx":16,"posy":6,"lastAction":3,"status":0},{"playerId":2271981,"score":1900,"energy":50,"posx":12,"posy":8,"lastAction":4,"status":0}],"golds":[{"posx":20,"posy":2,"amount":150},{"posx":2,"posy":3,"amount":100},{"posx":19,"posy":4,"amount":300},{"posx":15,"posy":6,"amount":550},{"posx":19,"posy":6,"amount":300},{"posx":12,"posy":8,"amount":350},{"posx":18,"posy":8,"amount":300}],"changedObstacles":[]},{"players":[{"playerId":61319,"score":1700,"energy":1,"posx":19,"posy":2,"lastAction":3,"status":0},{"playerId":2234905,"score":1850,"energy":5,"posx":17,"posy":4,"lastAction":3,"status":0},{"playerId":131454,"score":1700,"energy":35,"posx":15,"posy":6,"lastAction":0,"status":0},{"playerId":2271981,"score":1950,"energy":45,"posx":12,"posy":8,"lastAction":5,"status":0}],"golds":[{"posx":20,"posy":2,"amount":150},{"posx":2,"posy":3,"amount":100},{"posx":19,"posy":4,"amount":300},{"posx":15,"posy":6,"amount":550},{"posx":19,"posy":6,"amount":300},{"posx":12,"posy":8,"amount":300},{"posx":18,"posy":8,"amount":300}],"changedObstacles":[]},{"players":[{"playerId":61319,"score":1700,"energy":13,"posx":19,"posy":2,"lastAction":4,"status":0},{"playerId":2234905,"score":1850,"energy":17,"posx":17,"posy":4,"lastAction":4,"status":0},{"playerId":131454,"score":1750,"energy":30,"posx":15,"posy":6,"lastAction":5,"status":0},{"playerId":2271981,"score":2000,"energy":40,"posx":12,"posy":8,"lastAction":5,"status":0}],"golds":[{"posx":20,"posy":2,"amount":150},{"posx":2,"posy":3,"amount":100},{"posx":19,"posy":4,"amount":300},{"posx":15,"posy":6,"amount":500},{"posx":19,"posy":6,"amount":300},{"posx":12,"posy":8,"amount":250},{"posx":18,"posy":8,"amount":300}],"changedObstacles":[]},{"players":[{"playerId":61319,"score":1700,"energy":9,"posx":20,"posy":2,"lastAction":1,"status":0},{"playerId":2234905,"score":1850,"energy":12,"posx":18,"posy":4,"lastAction":1,"status":0},{"playerId":131454,"score":1800,"energy":25,"posx":15,"posy":6,"lastAction":5,"status":0},{"playerId":2271981,"score":2050,"energy":35,"posx":12,"posy":8,"lastAction":5,"status":0}],"golds":[{"posx":20,"posy":2,"amount":150},{"posx":2,"posy":3,"amount":100},{"posx":19,"posy":4,"amount":300},{"posx":15,"posy":6,"amount":450},{"posx":19,"posy":6,"amount":300},{"posx":12,"posy":8,"amount":200},{"posx":18,"posy":8,"amount":300}],"changedObstacles":[{"type":3,"posx":18,"posy":4,"value":-20}]},{"players":[{"playerId":61319,"score":1750,"energy":4,"posx":20,"posy":2,"lastAction":5,"status":0},{"playerId":2234905,"score":1850,"energy":8,"posx":19,"posy":4,"lastAction":1,"status":0},{"playerId":131454,"score":1850,"energy":20,"posx":15,"posy":6,"lastAction":5,"status":0},{"playerId":2271981,"score":2100,"energy":30,"posx":12,"posy":8,"lastAction":5,"status":0}],"golds":[{"posx":20,"posy":2,"amount":100},{"posx":2,"posy":3,"amount":100},{"posx":19,"posy":4,"amount":300},{"posx":15,"posy":6,"amount":400},{"posx":19,"posy":6,"amount":300},{"posx":12,"posy":8,"amount":150},{"posx":18,"posy":8,"amount":300}],"changedObstacles":[]},{"players":[{"playerId":61319,"score":1750,"energy":16,"posx":20,"posy":2,"lastAction":4,"status":0},{"playerId":2234905,"score":1900,"energy":3,"posx":19,"posy":4,"lastAction":5,"status":0},{"playerId":131454,"score":1900,"energy":15,"posx":15,"posy":6,"lastAction":5,"status":0},{"playerId":2271981,"score":2150,"energy":25,"posx":12,"posy":8,"lastAction":5,"status":0}],"golds":[{"posx":20,"posy":2,"amount":100},{"posx":2,"posy":3,"amount":100},{"posx":19,"posy":4,"amount":250},{"posx":15,"posy":6,"amount":350},{"posx":19,"posy":6,"amount":300},{"posx":12,"posy":8,"amount":100},{"posx":18,"posy":8,"amount":300}],"changedObstacles":[]},{"players":[{"playerId":61319,"score":1800,"energy":11,"posx":20,"posy":2,"lastAction":5,"status":0},{"playerId":2234905,"score":1900,"energy":15,"posx":19,"posy":4,"lastAction":4,"status":0},{"playerId":131454,"score":1950,"energy":10,"posx":15,"posy":6,"lastAction":5,"status":0},{"playerId":2271981,"score":2200,"energy":20,"posx":12,"posy":8,"lastAction":5,"status":0}],"golds":[{"posx":20,"posy":2,"amount":50},{"posx":2,"posy":3,"amount":100},{"posx":19,"posy":4,"amount":250},{"posx":15,"posy":6,"amount":300},{"posx":19,"posy":6,"amount":300},{"posx":12,"posy":8,"amount":50},{"posx":18,"posy":8,"amount":300}],"changedObstacles":[]},{"players":[{"playerId":61319,"score":1850,"energy":6,"posx":20,"posy":2,"lastAction":5,"status":0},{"playerId":2234905,"score":1950,"energy":10,"posx":19,"posy":4,"lastAction":5,"status":0},{"playerId":131454,"score":2000,"energy":5,"posx":15,"posy":6,"lastAction":5,"status":0},{"playerId":2271981,"score":2250,"energy":15,"posx":12,"posy":8,"lastAction":5,"status":0}],"golds":[{"posx":2,"posy":3,"amount":100},{"posx":19,"posy":4,"amount":200},{"posx":15,"posy":6,"amount":250},{"posx":19,"posy":6,"amount":300},{"posx":18,"posy":8,"amount":300}],"changedObstacles":[{"type":0,"posx":12,"posy":8,"value":-1},{"type":0,"posx":20,"posy":2,"value":-1}]},{"players":[{"playerId":61319,"score":1850,"energy":5,"posx":20,"posy":3,"lastAction":3,"status":0},{"playerId":2234905,"score":2000,"energy":5,"posx":19,"posy":4,"lastAction":5,"status":0},{"playerId":131454,"score":2000,"energy":17,"posx":15,"posy":6,"lastAction":4,"status":0},{"playerId":2271981,"score":2250,"energy":5,"posx":13,"posy":8,"lastAction":1,"status":0}],"golds":[{"posx":2,"posy":3,"amount":100},{"posx":19,"posy":4,"amount":150},{"posx":15,"posy":6,"amount":250},{"posx":19,"posy":6,"amount":300},{"posx":18,"posy":8,"amount":300}],"changedObstacles":[{"type":0,"posx":13,"posy":8,"value":-1}]},{"players":[{"playerId":61319,"score":1850,"energy":4,"posx":20,"posy":4,"lastAction":3,"status":0},{"playerId":2234905,"score":2000,"energy":17,"posx":19,"posy":4,"lastAction":4,"status":0},{"playerId":131454,"score":2000,"energy":33,"posx":15,"posy":6,"lastAction":4,"status":0},{"playerId":2271981,"score":2250,"energy":17,"posx":13,"posy":8,"lastAction":4,"status":0}],"golds":[{"posx":2,"posy":3,"amount":100},{"posx":19,"posy":4,"amount":150},{"posx":15,"posy":6,"amount":250},{"posx":19,"posy":6,"amount":300},{"posx":18,"posy":8,"amount":300}],"changedObstacles":[]},{"players":[{"playerId":61319,"score":1850,"energy":16,"posx":20,"posy":4,"lastAction":4,"status":0},{"playerId":2234905,"score":2050,"energy":12,"posx":19,"posy":4,"lastAction":5,"status":0},{"playerId":131454,"score":2000,"energy":50,"posx":15,"posy":6,"lastAction":4,"status":0},{"playerId":2271981,"score":2250,"energy":33,"posx":13,"posy":8,"lastAction":4,"status":0}],"golds":[{"posx":2,"posy":3,"amount":100},{"posx":19,"posy":4,"amount":100},{"posx":15,"posy":6,"amount":250},{"posx":19,"posy":6,"amount":300},{"posx":18,"posy":8,"amount":300}],"changedObstacles":[]},{"players":[{"playerId":61319,"score":1850,"energy":12,"posx":19,"posy":4,"lastAction":0,"status":0},{"playerId":2234905,"score":2100,"energy":7,"posx":19,"posy":4,"lastAction":5,"status":0},{"playerId":131454,"score":2050,"energy":45,"posx":15,"posy":6,"lastAction":5,"status":0},{"playerId":2271981,"score":2250,"energy":50,"posx":13,"posy":8,"lastAction":4,"status":0}],"golds":[{"posx":2,"posy":3,"amount":100},{"posx":19,"posy":4,"amount":50},{"posx":15,"posy":6,"amount":200},{"posx":19,"posy":6,"amount":300},{"posx":18,"posy":8,"amount":300}],"changedObstacles":[]},{"players":[{"playerId":61319,"score":1875,"energy":7,"posx":19,"posy":4,"lastAction":5,"status":0},{"playerId":2234905,"score":2125,"energy":2,"posx":19,"posy":4,"lastAction":5,"status":0},{"playerId":131454,"score":2100,"energy":40,"posx":15,"posy":6,"lastAction":5,"status":0},{"playerId":2271981,"score":2250,"energy":40,"posx":14,"posy":8,"lastAction":1,"status":0}],"golds":[{"posx":2,"posy":3,"amount":100},{"posx":15,"posy":6,"amount":150},{"posx":19,"posy":6,"amount":300},{"posx":18,"posy":8,"amount":300}],"changedObstacles":[{"type":0,"posx":14,"posy":8,"value":-1},{"type":0,"posx":19,"posy":4,"value":-1}]},{"players":[{"playerId":61319,"score":1875,"energy":6,"posx":19,"posy":5,"lastAction":3,"status":0},{"playerId":2234905,"score":2125,"energy":1,"posx":19,"posy":5,"lastAction":3,"status":0},{"playerId":131454,"score":2150,"energy":35,"posx":15,"posy":6,"lastAction":5,"status":0},{"playerId":2271981,"score":2250,"energy":39,"posx":15,"posy":8,"lastAction":1,"status":0}],"golds":[{"posx":2,"posy":3,"amount":100},{"posx":15,"posy":6,"amount":100},{"posx":19,"posy":6,"amount":300},{"posx":18,"posy":8,"amount":300}],"changedObstacles":[]},{"players":[{"playerId":61319,"score":1875,"energy":2,"posx":19,"posy":6,"lastAction":3,"status":0},{"playerId":2234905,"score":2125,"energy":13,"posx":19,"posy":5,"lastAction":4,"status":0},{"playerId":131454,"score":2200,"energy":30,"posx":15,"posy":6,"lastAction":5,"status":0},{"playerId":2271981,"score":2250,"energy":38,"posx":16,"posy":8,"lastAction":1,"status":0}],"golds":[{"posx":2,"posy":3,"amount":100},{"posx":15,"posy":6,"amount":50},{"posx":19,"posy":6,"amount":300},{"posx":18,"posy":8,"amount":300}],"changedObstacles":[]},{"players":[{"playerId":61319,"score":1875,"energy":14,"posx":19,"posy":6,"lastAction":4,"status":0},{"playerId":2234905,"score":2125,"energy":9,"posx":19,"posy":6,"lastAction":3,"status":0},{"playerId":131454,"score":2250,"energy":25,"posx":15,"posy":6,"lastAction":5,"status":0},{"playerId":2271981,"score":2250,"energy":37,"posx":17,"posy":8,"lastAction":1,"status":0}],"golds":[{"posx":2,"posy":3,"amount":100},{"posx":19,"posy":6,"amount":300},{"posx":18,"posy":8,"amount":300}],"changedObstacles":[{"type":0,"posx":15,"posy":6,"value":-1}]},{"players":[{"playerId":61319,"score":1875,"energy":30,"posx":19,"posy":6,"lastAction":4,"status":0},{"playerId":2234905,"score":2175,"energy":4,"posx":19,"posy":6,"lastAction":5,"status":0},{"playerId":131454,"score":2250,"energy":24,"posx":16,"posy":6,"lastAction":1,"status":0},{"playerId":2271981,"score":2250,"energy":33,"posx":18,"posy":8,"lastAction":1,"status":0}],"golds":[{"posx":2,"posy":3,"amount":100},{"posx":19,"posy":6,"amount":250},{"posx":18,"posy":8,"amount":300}],"changedObstacles":[]},{"players":[{"playerId":61319,"score":1925,"energy":25,"posx":19,"posy":6,"lastAction":5,"status":0},{"playerId":2234905,"score":2175,"energy":16,"posx":19,"posy":6,"lastAction":4,"status":0},{"playerId":131454,"score":2250,"energy":23,"posx":17,"posy":6,"lastAction":1,"status":0},{"playerId":2271981,"score":2300,"energy":28,"posx":18,"posy":8,"lastAction":5,"status":0}],"golds":[{"posx":2,"posy":3,"amount":100},{"posx":19,"posy":6,"amount":200},{"posx":18,"posy":8,"amount":250}],"changedObstacles":[]},{"players":[{"playerId":61319,"score":1975,"energy":20,"posx":19,"posy":6,"lastAction":5,"status":0},{"playerId":2234905,"score":2225,"energy":11,"posx":19,"posy":6,"lastAction":5,"status":0},{"playerId":131454,"score":2250,"energy":22,"posx":18,"posy":6,"lastAction":1,"status":0},{"playerId":2271981,"score":2350,"energy":23,"posx":18,"posy":8,"lastAction":5,"status":0}],"golds":[{"posx":2,"posy":3,"amount":100},{"posx":19,"posy":6,"amount":100},{"posx":18,"posy":8,"amount":200}],"changedObstacles":[]},{"players":[{"playerId":61319,"score":2025,"energy":15,"posx":19,"posy":6,"lastAction":5,"status":0},{"playerId":2234905,"score":2275,"energy":6,"posx":19,"posy":6,"lastAction":5,"status":0},{"playerId":131454,"score":2250,"energy":18,"posx":19,"posy":6,"lastAction":1,"status":0},{"playerId":2271981,"score":2400,"energy":18,"posx":18,"posy":8,"lastAction":5,"status":0}],"golds":[{"posx":2,"posy":3,"amount":100},{"posx":18,"posy":8,"amount":150}],"changedObstacles":[{"type":0,"posx":19,"posy":6,"value":-1}]},{"players":[{"playerId":61319,"score":2025,"energy":14,"posx":18,"posy":6,"lastAction":0,"status":0},{"playerId":2234905,"score":2275,"energy":18,"posx":19,"posy":6,"lastAction":4,"status":0},{"playerId":131454,"score":2250,"energy":17,"posx":18,"posy":6,"lastAction":0,"status":0},{"playerId":2271981,"score":2450,"energy":13,"posx":18,"posy":8,"lastAction":5,"status":0}],"golds":[{"posx":2,"posy":3,"amount":100},{"posx":18,"posy":8,"amount":100}],"changedObstacles":[]},{"players":[{"playerId":61319,"score":2025,"energy":13,"posx":18,"posy":7,"lastAction":3,"status":0},{"playerId":2234905,"score":2275,"energy":34,"posx":19,"posy":6,"lastAction":4,"status":0},{"playerId":131454,"score":2250,"energy":16,"posx":18,"posy":7,"lastAction":3,"status":0},{"playerId":2271981,"score":2500,"energy":8,"posx":18,"posy":8,"lastAction":5,"status":0}],"golds":[{"posx":2,"posy":3,"amount":100},{"posx":18,"posy":8,"amount":50}],"changedObstacles":[]},{"players":[{"playerId":61319,"score":2025,"energy":9,"posx":18,"posy":8,"lastAction":3,"status":0},{"playerId":2234905,"score":2275,"energy":50,"posx":19,"posy":6,"lastAction":4,"status":0},{"playerId":131454,"score":2250,"energy":12,"posx":18,"posy":8,"lastAction":3,"status":0},{"playerId":2271981,"score":2550,"energy":3,"posx":18,"posy":8,"lastAction":5,"status":0}],"golds":[{"posx":2,"posy":3,"amount":100}],"changedObstacles":[{"type":0,"posx":18,"posy":8,"value":-1}]}]