[{"players":[{"playerId":2277,"score":0,"energy":40,"posx":18,"posy":7,"lastAction":1,"status":0},{"playerId":2375363,"score":0,"energy":44,"posx":16,"posy":7,"lastAction":0,"status":0},{"playerId":2407150,"score":0,"energy":38,"posx":16,"posy":7,"lastAction":0,"status":0},{"playerId":1168092,"score":0,"energy":31,"posx":16,"posy":7,"lastAction":0,"status":0}],"golds":[{"posx":6,"posy":4,"amount":450},{"posx":9,"posy":1,"amount":450},{"posx":18,"posy":3,"amount":250},{"posx":0,"posy":2,"amount":50},{"posx":20,"posy":7,"amount":700},{"posx":6,"posy":6,"amount":100},{"posx":7,"posy":1,"amount":150},{"posx":14,"posy":6,"amount":250},{"posx":6,"posy":7,"amount":50},{"posx":13,"posy":5,"amount":500},{"posx":9,"posy":8,"amount":200},{"posx":11,"posy":8,"amount":200},{"posx":7,"posy":2,"amount":700},{"posx":14,"posy":7,"amount":500},{"posx":15,"posy":3,"amount":250},{"posx":20,"posy":3,"amount":750},{"posx":10,"posy":6,"amount":400},{"posx":0,"posy":6,"amount":750},{"posx":2,"posy":5,"amount":650},{"posx":5,"posy":1,"amount":350}],"changedObstacles":[{"type":0,"posx":18,"posy":7,"value":-1}]},{"players":[{"playerId":2277,"score":0,"energy":39,"posx":19,"posy":7,"lastAction":1,"status":0},{"playerId":2375363,"score":0,"energy":43,"posx":16,"posy":6,"lastAction":2,"status":0},{"playerId":2407150,"score":0,"energy":28,"posx":15,"posy":7,"lastAction":0,"status":0},{"playerId":1168092,"score":0,"energy":30,"posx":16,"posy":6,"lastAction":2,"status":0}],"golds":[{"posx":6,"posy":4,"amount":450},{"posx":9,"posy":1,"amount":450},{"posx":18,"posy":3,"amount":250},{"posx":0,"posy":2,"amount":50},{"posx":20,"posy":7,"amount":700},{"posx":6,"posy":6,"amount":100},{"posx":7,"posy":1,"amount":150},{"posx":14,"posy":6,"amount":250},{"posx":6,"posy":7,"amount":50},{"posx":13,"posy":5,"amount":500},{"posx":9,"posy":8,"amount":200},{"posx":11,"posy":8,"amount":200},{"posx":7,"posy":2,"amount":700},{"posx":14,"posy":7,"amount":500},{"posx":15,"posy":3,"amount":250},{"posx":20,"posy":3,"amount":750},{"posx":10,"posy":6,"amount":400},{"posx":0,"posy":6,"amount":750},{"posx":2,"posy":5,"amount":650},{"posx":5,"posy":1,"amount":350}],"changedObstacles":[{"type":0,"posx":15,"posy":7,"value":-1}]},{"players":[{"playerId":2277,"score":0,"energy":35,"posx":20,"posy":7,"lastAction":1,"status":0},{"playerId":2375363,"score":0,"energy":42,"posx":16,"posy":5,"lastAction":2,"status":0},{"playerId":2407150,"score":0,"energy":24,"posx":14,"posy":7,"lastAction":0,"status":0},{"playerId":1168092,"score":0,"energy":29,"posx":16,"posy":5,"lastAction":2,"status":0}],"golds":[{"posx":6,"posy":4,"amount":450},{"posx":9,"posy":1,"amount":450},{"posx":18,"posy":3,"amount":250},{"posx":0,"posy":2,"amount":50},{"posx":20,"posy":7,"amount":700},{"posx":6,"posy":6,"amount":100},{"posx":7,"posy":1,"amount":150},{"posx":14,"posy":6,"amount":250},{"posx":6,"posy":7,"amount":50},{"posx":13,"posy":5,"amount":500},{"posx":9,"posy":8,"amount":200},{"posx":11,"posy":8,"amount":200},{"posx":7,"posy":2,"amount":700},{"posx":14,"posy":7,"amount":500},{"posx":15,"posy":3,"amount":250},{"posx":20,"posy":3,"amount":750},{"posx":10,"posy":6,"amount":400},{"posx":0,"posy":6,"amount":750},{"posx":2,"posy":5,"amount":650},{"posx":5,"posy":1,"amount":350}],"changedObstacles":[]},{"players":[{"playerId":2277,"score":50,"energy":30,"posx":20,"posy":7,"lastAction":5,"status":0},{"playerId":2375363,"score":0,"energy":41,"posx":16,"posy":4,"lastAction":2,"status":0},{"playerId":2407150,"score":50,"energy":19,"posx":14,"posy":7,"lastAction":5,"status":0},{"playerId":1168092,"score":0,"energy":28,"posx":15,"posy":5,"lastAction":0,"status":0}],"golds":[{"posx":5,"posy":1,"amount":350},{"posx":7,"posy":1,"amount":150},{"posx":9,"posy":1,"amount":450},{"posx":0,"posy":2,"amount":50},{"posx":7,"posy":2,"amount":700},{"posx":15,"posy":3,"amount":250},{"posx":18,"posy":3,"amount":250},{"posx":20,"posy":3,"amount":750},{"posx":6,"posy":4,"amount":450},{"posx":2,"posy":5,"amount":650},{"posx":13,"posy":5,"amount":500},{"posx":0,"posy":6,"amount":750},{"posx":6,"posy":6,"amount":100},{"posx":10,"posy":6,"amount":400},{"posx":14,"posy":6,"amount":250},{"posx":6,"posy":7,"amount":50},{"posx":14,"posy":7,"amount":450},{"posx":20,"posy":7,"amount":650},{"posx":9,"posy":8,"amount":200},{"posx":11,"posy":8,"amount":200}],"changedObstacles":[]},{"players":[{"playerId":2277,"score":100,"energy":25,"posx":20,"posy":7,"lastAction":5,"status":0},{"playerId":2375363,"score":0,"energy":40,"posx":15,"posy":4,"lastAction":0,"status":0},{"playerId":2407150,"score":100,"energy":14,"posx":14,"posy":7,"lastAction":5,"status":0},{"playerId":1168092,"score":0,"energy":27,"posx":14,"posy":5,"lastAction":0,"status":0}],"golds":[{"posx":5,"posy":1,"amount":350},{"posx":7,"posy":1,"amount":150},{"posx":9,"posy":1,"amount":450},{"posx":0,"posy":2,"amount":50},{"posx":7,"posy":2,"amount":700},{"posx":15,"posy":3,"amount":250},{"posx":18,"posy":3,"amount":250},{"posx":20,"posy":3,"amount":750},{"posx":6,"posy":4,"amount":450},{"posx":2,"posy":5,"amount":650},{"posx":13,"posy":5,"amount":500},{"posx":0,"posy":6,"amount":750},{"posx":6,"posy":6,"amount":100},{"posx":10,"posy":6,"amount":400},{"posx":14,"posy":6,"amount":250},{"posx":6,"posy":7,"amount":50},{"posx":14,"posy":7,"amount":400},{"posx":20,"posy":7,"amount":600},{"posx":9,"posy":8,"amount":200},{"posx":11,"posy":8,"amount":200}],"changedObstacles":[]},{"players":[{"playerId":2277,"score":150,"energy":20,"posx":20,"posy":7,"lastAction":5,"status":0},{"playerId":2375363,"score":0,"energy":36,"posx":15,"posy":3,"lastAction":2,"status":0},{"playerId":2407150,"score":150,"energy":9,"posx":14,"posy":7,"lastAction":5,"status":0},{"playerId":1168092,"score":0,"energy":23,"posx":13,"posy":5,"lastAction":0,"status":0}],"golds":[{"posx":5,"posy":1,"amount":350},{"posx":7,"posy":1,"amount":150},{"posx":9,"posy":1,"amount":450},{"posx":0,"posy":2,"amount":50},{"posx":7,"posy":2,"amount":700},{"posx":15,"posy":3,"amount":250},{"posx":18,"posy":3,"amount":250},{"posx":20,"posy":3,"amount":750},{"posx":6,"posy":4,"amount":450},{"posx":2,"posy":5,"amount":650},{"posx":13,"posy":5,"amount":500},{"posx":0,"posy":6,"amount":750},{"posx":6,"posy":6,"amount":100},{"posx":10,"posy":6,"amount":400},{"posx":14,"posy":6,"amount":250},{"posx":6,"posy":7,"amount":50},{"posx":14,"posy":7,"amount":350},{"posx":20,"posy":7,"amount":550},{"posx":9,"posy":8,"amount":200},{"posx":11,"posy":8,"amount":200}],"changedObstacles":[]},{"players":[{"playerId":2277,"score":200,"energy":15,"posx":20,"posy":7,"lastAction":5,"status":0},{"playerId":2375363,"score":50,"energy":31,"posx":15,"posy":3,"lastAction":5,"status":0},{"playerId":2407150,"score":200,"energy":4,"posx":14,"posy":7,"lastAction":5,"status":0},{"playerId":1168092,"score":50,"energy":18,"posx":13,"posy":5,"lastAction":5,"status":0}],"golds":[{"posx":5,"posy":1,"amount":350},{"posx":7,"posy":1,"amount":150},{"posx":9,"posy":1,"amount":450},{"posx":0,"posy":2,"amount":50},{"posx":7,"posy":2,"amount":700},{"posx":15,"posy":3,"amount":200},{"posx":18,"posy":3,"amount":250},{"posx":20,"posy":3,"amount":750},{"posx":6,"posy":4,"amount":450},{"posx":2,"posy":5,"amount":650},{"posx":13,"posy":5,"amount":450},{"posx":0,"posy":6,"amount":750},{"posx":6,"posy":6,"amount":100},{"posx":10,"posy":6,"amount":400},{"posx":14,"posy":6,"amount":250},{"posx":6,"posy":7,"amount":50},{"posx":14,"posy":7,"amount":300},{"posx":20,"posy":7,"amount":500},{"posx":9,"posy":8,"amount":200},{"posx":11,"posy":8,"amount":200}],"changedObstacles":[]},{"players":[{"playerId":2277,"score":250,"energy":10,"posx":20,"posy":7,"lastAction":5,"status":0},{"playerId":2375363,"score":100,"energy":26,"posx":15,"posy":3,"lastAction":5,"status":0},{"playerId":2407150,"score":200,"energy":16,"posx":14,"posy":7,"lastAction":4,"status":0},{"playerId":1168092,"score":100,"energy":13,"posx":13,"posy":5,"lastAction":5,"status":0}],"golds":[{"posx":5,"posy":1,"amount":350},{"posx":7,"posy":1,"amount":150},{"posx":9,"posy":1,"amount":450},{"posx":0,"posy":2,"amount":50},{"posx":7,"posy":2,"amount":700},{"posx":15,"posy":3,"amount":150},{"posx":18,"posy":3,"amount":250},{"posx":20,"posy":3,"amount":750},{"posx":6,"posy":4,"amount":450},{"posx":2,"posy":5,"amount":650},{"posx":13,"posy":5,"amount":400},{"posx":0,"posy":6,"amount":750},{"posx":6,"posy":6,"amount":100},{"posx":10,"posy":6,"amount":400},{"posx":14,"posy":6,"amount":250},{"posx":6,"posy":7,"amount":50},{"posx":14,"posy":7,"amount":300},{"posx":20,"posy":7,"amount":450},{"posx":9,"posy":8,"amount":200},{"posx":11,"posy":8,"amount":200}],"changedObstacles":[]},{"players":[{"playerId":2277,"score":300,"energy":5,"posx":20,"posy":7,"lastAction":5,"status":0},{"playerId":2375363,"score":150,"energy":21,"posx":15,"posy":3,"lastAction":5,"status":0},{"playerId":2407150,"score":200,"energy":32,"posx":14,"posy":7,"lastAction":4,"status":0},{"playerId":1168092,"score":150,"energy":8,"posx":13,"posy":5,"lastAction":5,"status":0}],"golds":[{"posx":5,"posy":1,"amount":350},{"posx":7,"posy":1,"amount":150},{"posx":9,"posy":1,"amount":450},{"posx":0,"posy":2,"amount":50},{"posx":7,"posy":2,"amount":700},{"posx":15,"posy":3,"amount":100},{"posx":18,"posy":3,"amount":250},{"posx":20,"posy":3,"amount":750},{"posx":6,"posy":4,"amount":450},{"posx":2,"posy":5,"amount":650},{"posx":13,"posy":5,"amount":350},{"posx":0,"posy":6,"amount":750},{"posx":6,"posy":6,"amount":100},{"posx":10,"posy":6,"amount":400},{"posx":14,"posy":6,"amount":250},{"posx":6,"posy":7,"amount":50},{"posx":14,"posy":7,"amount":300},{"posx":20,"posy":7,"amount":400},{"posx":9,"posy":8,"amount":200},{"posx":11,"posy":8,"amount":200}],"changedObstacles":[]},{"players":[{"playerId":2277,"score":300,"energy":17,"posx":20,"posy":7,"lastAction":4,"status":0},{"playerId":2375363,"score":200,"energy":16,"posx":15,"posy":3,"lastAction":5,"status":0},{"playerId":2407150,"score":200,"energy":50,"posx":14,"posy":7,"lastAction":4,"status":0},{"playerId":1168092,"score":200,"energy":3,"posx":13,"posy":5,"lastAction":5,"status":0}],"golds":[{"posx":5,"posy":1,"amount":350},{"posx":7,"posy":1,"amount":150},{"posx":9,"posy":1,"amount":450},{"posx":0,"posy":2,"amount":50},{"posx":7,"posy":2,"amount":700},{"posx":15,"posy":3,"amount":50},{"posx":18,"posy":3,"amount":250},{"posx":20,"posy":3,"amount":750},{"posx":6,"posy":4,"amount":450},{"posx":2,"posy":5,"amount":650},{"posx":13,"posy":5,"amount":300},{"posx":0,"posy":6,"amount":750},{"posx":6,"posy":6,"amount":100},{"posx":10,"posy":6,"amount":400},{"posx":14,"posy":6,"amount":250},{"posx":6,"posy":7,"amount":50},{"posx":14,"posy":7,"amount":300},{"posx":20,"posy":7,"amount":400},{"posx":9,"posy":8,"amount":200},{"posx":11,"posy":8,"amount":200}],"changedObstacles":[]},{"players":[{"playerId":2277,"score":300,"energy":33,"posx":20,"posy":7,"lastAction":4,"status":0},{"playerId":2375363,"score":200,"energy":6,"posx":14,"posy":3,"lastAction":0,"status":0},{"playerId":2407150,"score":250,"energy":45,"posx":14,"posy":7,"lastAction":5,"status":0},{"playerId":1168092,"score":200,"energy":15,"posx":13,"posy":5,"lastAction":4,"status":0}],"golds":[{"posx":5,"posy":1,"amount":350},{"posx":7,"posy":1,"amount":150},{"posx":9,"posy":1,"amount":450},{"posx":0,"posy":2,"amount":50},{"posx":7,"posy":2,"amount":700},{"posx":15,"posy":3,"amount":50},{"posx":18,"posy":3,"amount":250},{"posx":20,"posy":3,"amount":750},{"posx":6,"posy":4,"amount":450},{"posx":2,"posy":5,"amount":650},{"posx":13,"posy":5,"amount":300},{"posx":0,"posy":6,"amount":750},{"posx":6,"posy":6,"amount":100},{"posx":10,"posy":6,"amount":400},{"posx":14,"posy":6,"amount":250},{"posx":6,"posy":7,"amount":50},{"posx":14,"posy":7,"amount":250},{"posx":20,"posy":7,"amount":400},{"posx":9,"posy":8,"amount":200},{"posx":11,"posy":8,"amount":200}],"changedObstacles":[{"type":0,"posx":14,"posy":3,"value":-1}]},{"players":[{"playerId":2277,"score":300,"energy":50,"posx":20,"posy":7,"lastAction":4,"status":0},{"playerId":2375363,"score":200,"energy":18,"posx":14,"posy":3,"lastAction":4,"status":0},{"playerId":2407150,"score":300,"energy":40,"posx":14,"posy":7,"lastAction":5,"status":0},{"playerId":1168092,"score":250,"energy":10,"posx":13,"posy":5,"lastAction":5,"status":0}],"golds":[{"posx":5,"posy":1,"amount":350},{"posx":7,"posy":1,"amount":150},{"posx":9,"posy":1,"amount":450},{"posx":0,"posy":2,"amount":50},{"posx":7,"posy":2,"amount":700},{"posx":15,"posy":3,"amount":50},{"posx":18,"posy":3,"amount":250},{"posx":20,"posy":3,"amount":750},{"posx":6,"posy":4,"amount":450},{"posx":2,"posy":5,"amount":650},{"posx":13,"posy":5,"amount":250},{"posx":0,"posy":6,"amount":750},{"posx":6,"posy":6,"amount":100},{"posx":10,"posy":6,"amount":400},{"posx":14,"posy":6,"amount":250},{"posx":6,"posy":7,"amount":50},{"posx":14,"posy":7,"amount":200},{"posx":20,"posy":7,"amount":400},{"posx":9,"posy":8,"amount":200},{"posx":11,"posy":8,"amount":200}],"changedObstacles":[]},{"players":[{"playerId":2277,"score":350,"energy":45,"posx":20,"posy":7,"lastAction":5,"status":0},{"playerId":2375363,"score":200,"energy":34,"posx":14,"posy":3,"lastAction":4,"status":0},{"playerId":2407150,"score":350,"energy":35,"posx":14,"posy":7,"lastAction":5,"status":0},{"playerId":1168092,"score":300,"energy":5,"posx":13,"posy":5,"lastAction":5,"status":0}],"golds":[{"posx":5,"posy":1,"amount":350},{"posx":7,"posy":1,"amount":150},{"posx":9,"posy":1,"amount":450},{"posx":0,"posy":2,"amount":50},{"posx":7,"posy":2,"amount":700},{"posx":15,"posy":3,"amount":50},{"posx":18,"posy":3,"amount":250},{"posx":20,"posy":3,"amount":750},{"posx":6,"posy":4,"amount":450},{"posx":2,"posy":5,"amount":650},{"posx":13,"posy":5,"amount":200},{"posx":0,"posy":6,"amount":750},{"posx":6,"posy":6,"amount":100},{"posx":10,"posy":6,"amount":400},{"posx":14,"posy":6,"amount":250},{"posx":6,"posy":7,"amount":50},{"posx":14,"posy":7,"amount":150},{"posx":20,"posy":7,"amount":350},{"posx":9,"posy":8,"amount":200},{"posx":11,"posy":8,"amount":200}],"changedObstacles":[]},{"players":[{"playerId":2277,"score":400,"energy":40,"posx":20,"posy":7,"lastAction":5,"status":0},{"playerId":2375363,"score":200,"energy":29,"posx":14,"posy":4,"lastAction":3,"status":0},{"playerId":2407150,"score":400,"energy":30,"posx":14,"posy":7,"lastAction":5,"status":0},{"playerId":1168092,"score":300,"energy":17,"posx":13,"posy":5,"lastAction":4,"status":0}],"golds":[{"posx":5,"posy":1,"amount":350},{"posx":7,"posy":1,"amount":150},{"posx":9,"posy":1,"amount":450},{"posx":0,"posy":2,"amount":50},{"posx":7,"posy":2,"amount":700},{"posx":15,"posy":3,"amount":50},{"posx":18,"posy":3,"amount":250},{"posx":20,"posy":3,"amount":750},{"posx":6,"posy":4,"amount":450},{"posx":2,"posy":5,"amount":650},{"posx":13,"posy":5,"amount":200},{"posx":0,"posy":6,"amount":750},{"posx":6,"posy":6,"amount":100},{"posx":10,"posy":6,"amount":400},{"posx":14,"posy":6,"amount":250},{"posx":6,"posy":7,"amount":50},{"posx":14,"posy":7,"amount":100},{"posx":20,"posy":7,"amount":300},{"posx":9,"posy":8,"amount":200},{"posx":11,"posy":8,"amount":200}],"changedObstacles":[{"type":3,"posx":14,"posy":4,"value":-20}]},{"players":[{"playerId":2277,"score":450,"energy":35,"posx":20,"posy":7,"lastAction":5,"status":0},{"playerId":2375363,"score":200,"energy":41,"posx":14,"posy":4,"lastAction":4,"status":0},{"playerId":2407150,"score":450,"energy":25,"posx":14,"posy":7,"lastAction":5,"status":0},{"playerId":1168092,"score":350,"energy":12,"posx":13,"posy":5,"lastAction":5,"status":0}],"golds":[{"posx":5,"posy":1,"amount":350},{"posx":7,"posy":1,"amount":150},{"posx":9,"posy":1,"amount":450},{"posx":0,"posy":2,"amount":50},{"posx":7,"posy":2,"amount":700},{"posx":15,"posy":3,"amount":50},{"posx":18,"posy":3,"amount":250},{"posx":20,"posy":3,"amount":750},{"posx":6,"posy":4,"amount":450},{"posx":2,"posy":5,"amount":650},{"posx":13,"posy":5,"amount":150},{"posx":0,"posy":6,"amount":750},{"posx":6,"posy":6,"amount":100},{"posx":10,"posy":6,"amount":400},{"posx":14,"posy":6,"amount":250},{"posx":6,"posy":7,"amount":50},{"posx":14,"posy":7,"amount":50},{"posx":20,"posy":7,"amount":250},{"posx":9,"posy":8,"amount":200},{"posx":11,"posy":8,"amount":200}],"changedObstacles":[]},{"players":[{"playerId":2277,"score":500,"energy":30,"posx":20,"posy":7,"lastAction":5,"status":0},{"playerId":2375363,"score":200,"energy":40,"posx":14,"posy":5,"lastAction":3,"status":0},{"playerId":2407150,"score":500,"energy":20,"posx":14,"posy":7,"lastAction":5,"status":0},{"playerId":1168092,"score":400,"energy":7,"posx":13,"posy":5,"lastAction":5,"status":0}],"golds":[{"posx":5,"posy":1,"amount":350},{"posx":7,"posy":1,"amount":150},{"posx":9,"posy":1,"amount":450},{"posx":0,"posy":2,"amount":50},{"posx":7,"posy":2,"amount":700},{"posx":15,"posy":3,"amount":50},{"posx":18,"posy":3,"amount":250},{"posx":20,"posy":3,"amount":750},{"posx":6,"posy":4,"amount":450},{"posx":2,"posy":5,"amount":650},{"posx":13,"posy":5,"amount":100},{"posx":0,"posy":6,"amount":750},{"posx":6,"posy":6,"amount":100},{"posx":10,"posy":6,"amount":400},{"posx":14,"posy":6,"amount":250},{"posx":6,"posy":7,"amount":50},{"posx":20,"posy":7,"amount":200},{"posx":9,"posy":8,"amount":200},{"posx":11,"posy":8,"amount":200}],"changedObstacles":[{"type":0,"posx":14,"posy":7,"value":-1}]},{"players":[{"playerId":2277,"score":550,"energy":25,"posx":20,"posy":7,"lastAction":5,"status":0},{"playerId":2375363,"score":200,"energy":36,"posx":14,"posy":6,"lastAction":3,"status":0},{"playerId":2407150,"score":500,"energy":19,"posx":13,"posy":7,"lastAction":0,"status":0},{"playerId":1168092,"score":450,"energy":2,"posx":13,"posy":5,"lastAction":5,"status":0}],"golds":[{"posx":5,"posy":1,"amount":350},{"posx":7,"posy":1,"amount":150},{"posx":9,"posy":1,"amount":450},{"posx":0,"posy":2,"amount":50},{"posx":7,"posy":2,"amount":700},{"posx":15,"posy":3,"amount":50},{"posx":18,"posy":3,"amount":250},{"posx":20,"posy":3,"amount":750},{"posx":6,"posy":4,"amount":450},{"posx":2,"posy":5,"amount":650},{"posx":13,"posy":5,"amount":50},{"posx":0,"posy":6,"amount":750},{"posx":6,"posy":6,"amount":100},{"posx":10,"posy":6,"amount":400},{"posx":14,"posy":6,"amount":250},{"posx":6,"posy":7,"amount":50},{"posx":20,"posy":7,"amount":150},{"posx":9,"posy":8,"amount":200},{"posx":11,"posy":8,"amount":200}],"changedObstacles":[]},{"players":[{"playerId":2277,"score":600,"energy":20,"posx":20,"posy":7,"lastAction":5,"status":0},{"playerId":2375363,"score":250,"energy":31,"posx":14,"posy":6,"lastAction":5,"status":0},{"playerId":2407150,"score":500,"energy":14,"posx":12,"posy":7,"lastAction":0,"status":0},{"playerId":1168092,"score":450,"energy":14,"posx":13,"posy":5,"lastAction":4,"status":0}],"golds":[{"posx":5,"posy":1,"amount":350},{"posx":7,"posy":1,"amount":150},{"posx":9,"posy":1,"amount":450},{"posx":0,"posy":2,"amount":50},{"posx":7,"posy":2,"amount":700},{"posx":15,"posy":3,"amount":50},{"posx":18,"posy":3,"amount":250},{"posx":20,"posy":3,"amount":750},{"posx":6,"posy":4,"amount":450},{"posx":2,"posy":5,"amount":650},{"posx":13,"posy":5,"amount":50},{"posx":0,"posy":6,"amount":750},{"posx":6,"posy":6,"amount":100},{"posx":10,"posy":6,"amount":400},{"posx":14,"posy":6,"amount":200},{"posx":6,"posy":7,"amount":50},{"posx":20,"posy":7,"amount":100},{"posx":9,"posy":8,"amount":200},{"posx":11,"posy":8,"amount":200}],"changedObstacles":[{"type":3,"posx":12,"posy":7,"value":-20}]},{"players":[{"playerId":2277,"score":650,"energy":15,"posx":20,"posy":7,"lastAction":5,"status":0},{"playerId":2375363,"score":300,"energy":26,"posx":14,"posy":6,"lastAction":5,"status":0},{"playerId":2407150,"score":500,"energy":4,"posx":11,"posy":7,"lastAction":0,"status":0},{"playerId":1168092,"score":500,"energy":9,"posx":13,"posy":5,"lastAction":5,"status":0}],"golds":[{"posx":5,"posy":1,"amount":350},{"posx":7,"posy":1,"amount":150},{"posx":9,"posy":1,"amount":450},{"posx":0,"posy":2,"amount":50},{"posx":7,"posy":2,"amount":700},{"posx":15,"posy":3,"amount":50},{"posx":18,"posy":3,"amount":250},{"posx":20,"posy":3,"amount":750},{"posx":6,"posy":4,"amount":450},{"posx":2,"posy":5,"amount":650},{"posx":0,"posy":6,"amount":750},{"posx":6,"posy":6,"amount":100},{"posx":10,"posy":6,"amount":400},{"posx":14,"posy":6,"amount":150},{"posx":6,"posy":7,"amount":50},{"posx":20,"posy":7,"amount":50},{"posx":9,"posy":8,"amount":200},{"posx":11,"posy":8,"amount":200}],"changedObstacles":[{"type":0,"posx":11,"posy":7,"value":-1},{"type":0,"posx":13,"posy":5,"value":-1}]},{"players":[{"playerId":2277,"score":700,"energy":10,"posx":20,"posy":7,"lastAction":5,"status":0},{"playerId":2375363,"score":350,"energy":21,"posx":14,"posy":6,"lastAction":5,"status":0},{"playerId":2407150,"score":500,"energy":16,"posx":11,"posy":7,"lastAction":4,"status":0},{"playerId":1168092,"score":500,"energy":21,"posx":13,"posy":5,"lastAction":4,"status":0}],"golds":[{"posx":5,"posy":1,"amount":350},{"posx":7,"posy":1,"amount":150},{"posx":9,"posy":1,"amount":450},{"posx":0,"posy":2,"amount":50},{"posx":7,"posy":2,"amount":700},{"posx":15,"posy":3,"amount":50},{"posx":18,"posy":3,"amount":250},{"posx":20,"posy":3,"amount":750},{"posx":6,"posy":4,"amount":450},{"posx":2,"posy":5,"amount":650},{"posx":0,"posy":6,"amount":750},{"posx":6,"posy":6,"amount":100},{"posx":10,"posy":6,"amount":400},{"posx":14,"posy":6,"amount":100},{"posx":6,"posy":7,"amount":50},{"posx":9,"posy":8,"amount":200},{"posx":11,"posy":8,"amount":200}],"changedObstacles":[{"type":0,"posx":20,"posy":7,"value":-1}]},{"players":[{"playerId":2277,"score":700,"energy":9,"posx":20,"posy":6,"lastAction":2,"status":0},{"playerId":2375363,"score":350,"energy":20,"posx":13,"posy":6,"lastAction":0,"status":0},{"playerId":2407150,"score":500,"energy":32,"posx":11,"posy":7,"lastAction":4,"status":0},{"playerId":1168092,"score":500,"energy":11,"posx":12,"posy":5,"lastAction":0,"status":0}],"golds":[{"posx":5,"posy":1,"amount":350},{"posx":7,"posy":1,"amount":150},{"posx":9,"posy":1,"amount":450},{"posx":0,"posy":2,"amount":50},{"posx":7,"posy":2,"amount":700},{"posx":15,"posy":3,"amount":50},{"posx":18,"posy":3,"amount":250},{"posx":20,"posy":3,"amount":750},{"posx":6,"posy":4,"amount":450},{"posx":2,"posy":5,"amount":650},{"posx":0,"posy":6,"amount":750},{"posx":6,"posy":6,"amount":100},{"posx":10,"posy":6,"amount":400},{"posx":14,"posy":6,"amount":100},{"posx":6,"posy":7,"amount":50},{"posx":9,"posy":8,"amount":200},{"posx":11,"posy":8,"amount":200}],"changedObstacles":[{"type":0,"posx":12,"posy":5,"value":-1}]},{"players":[{"playerId":2277,"score":700,"energy":21,"posx":20,"posy":6,"lastAction":4,"status":0},{"playerId":2375363,"score":350,"energy":32,"posx":13,"posy":6,"lastAction":4,"status":0},{"playerId":2407150,"score":500,"energy":50,"posx":11,"posy":7,"lastAction":4,"status":0},{"playerId":1168092,"score":500,"energy":10,"posx":11,"posy":5,"lastAction":0,"status":0}],"golds":[{"posx":5,"posy":1,"amount":350},{"posx":7,"posy":1,"amount":150},{"posx":9,"posy":1,"amount":450},{"posx":0,"posy":2,"amount":50},{"posx":7,"posy":2,"amount":700},{"posx":15,"posy":3,"amount":50},{"posx":18,"posy":3,"amount":250},{"posx":20,"posy":3,"amount":750},{"posx":6,"posy":4,"amount":450},{"posx":2,"posy":5,"amount":650},{"posx":0,"posy":6,"amount":750},{"posx":6,"posy":6,"amount":100},{"posx":10,"posy":6,"amount":400},{"posx":14,"posy":6,"amount":100},{"posx":6,"posy":7,"amount":50},{"posx":9,"posy":8,"amount":200},{"posx":11,"posy":8,"amount":200}],"changedObstacles":[]},{"players":[{"playerId":2277,"score":700,"energy":37,"posx":20,"posy":6,"lastAction":4,"status":0},{"playerId":2375363,"score":350,"energy":48,"posx":13,"posy":6,"lastAction":4,"status":0},{"playerId":2407150,"score":500,"energy":49,"posx":10,"posy":7,"lastAction":0,"status":0},{"playerId":1168092,"score":500,"energy":22,"posx":11,"posy":5,"lastAction":4,"status":0}],"golds":[{"posx":5,"posy":1,"amount":350},{"posx":7,"posy":1,"amount":150},{"posx":9,"posy":1,"amount":450},{"posx":0,"posy":2,"amount":50},{"posx":7,"posy":2,"amount":700},{"posx":15,"posy":3,"amount":50},{"posx":18,"posy":3,"amount":250},{"posx":20,"posy":3,"amount":750},{"posx":6,"posy":4,"amount":450},{"posx":2,"posy":5,"amount":650},{"posx":0,"posy":6,"amount":750},{"posx":6,"posy":6,"amount":100},{"posx":10,"posy":6,"amount":400},{"posx":14,"posy":6,"amount":100},{"posx":6,"posy":7,"amount":50},{"posx":9,"posy":8,"amount":200},{"posx":11,"posy":8,"amount":200}],"changedObstacles":[]},{"players":[{"playerId":2277,"score":700,"energy":50,"posx":20,"posy":6,"lastAction":4,"status":0},{"playerId":2375363,"score":350,"energy":47,"posx":12,"posy":6,"lastAction":0,"status":0},{"playerId":2407150,"score":500,"energy":45,"posx":10,"posy":6,"lastAction":2,"status":0},{"playerId":1168092,"score":500,"energy":9,"posx":10,"posy":5,"lastAction":0,"status":0}],"golds":[{"posx":5,"posy":1,"amount":350},{"posx":7,"posy":1,"amount":150},{"posx":9,"posy":1,"amount":450},{"posx":0,"posy":2,"amount":50},{"posx":7,"posy":2,"amount":700},{"posx":15,"posy":3,"amount":50},{"posx":18,"posy":3,"amount":250},{"posx":20,"posy":3,"amount":750},{"posx":6,"posy":4,"amount":450},{"posx":2,"posy":5,"amount":650},{"posx":0,"posy":6,"amount":750},{"posx":6,"posy":6,"amount":100},{"posx":10,"posy":6,"amount":400},{"posx":14,"posy":6,"amount":100},{"posx":6,"posy":7,"amount":50},{"posx":9,"posy":8,"amount":200},{"posx":11,"posy":8,"amount":200}],"changedObstacles":[]},{"players":[{"playerId":2277,"score":700,"energy":45,"posx":20,"posy":5,"lastAction":2,"status":0},{"playerId":2375363,"score":350,"energy":46,"posx":12,"posy":5,"lastAction":2,"status":0},{"playerId":2407150,"score":550,"energy":40,"posx":10,"posy":6,"lastAction":5,"status":0},{"playerId":1168092,"score":500,"energy":5,"posx":10,"posy":6,"lastAction":3,"status":0}],"golds":[{"posx":5,"posy":1,"amount":350},{"posx":7,"posy":1,"amount":150},{"posx":9,"posy":1,"amount":450},{"posx":0,"posy":2,"amount":50},{"posx":7,"posy":2,"amount":700},{"posx":15,"posy":3,"amount":50},{"posx":18,"posy":3,"amount":250},{"posx":20,"posy":3,"amount":750},{"posx":6,"posy":4,"amount":450},{"posx":2,"posy":5,"amount":650},{"posx":0,"posy":6,"amount":750},{"posx":6,"posy":6,"amount":100},{"posx":10,"posy":6,"amount":350},{"posx":14,"posy":6,"amount":100},{"posx":6,"posy":7,"amount":50},{"posx":9,"posy":8,"amount":200},{"posx":11,"posy":8,"amount":200}],"changedObstacles":[]},{"players":[{"playerId":2277,"score":700,"energy":44,"posx":20,"posy":4,"lastAction":2,"status":0},{"playerId":2375363,"score":350,"energy":45,"posx":12,"posy":4,"lastAction":2,"status":0},{"playerId":2407150,"score":550,"energy":35,"posx":9,"posy":6,"lastAction":0,"status":0},{"playerId":1168092,"score":500,"energy":17,"posx":10,"posy":6,"lastAction":4,"status":0}],"golds":[{"posx":5,"posy":1,"amount":350},{"posx":7,"posy":1,"amount":150},{"posx":9,"posy":1,"amount":450},{"posx":0,"posy":2,"amount":50},{"posx":7,"posy":2,"amount":700},{"posx":15,"posy":3,"amount":50},{"posx":18,"posy":3,"amount":250},{"posx":20,"posy":3,"amount":750},{"posx":6,"posy":4,"amount":450},{"posx":2,"posy":5,"amount":650},{"posx":0,"posy":6,"amount":750},{"posx":6,"posy":6,"amount":100},{"posx":10,"posy":6,"amount":350},{"posx":14,"posy":6,"amount":100},{"posx":6,"posy":7,"amount":50},{"posx":9,"posy":8,"amount":200},{"posx":11,"posy":8,"amount":200}],"changedObstacles":[{"type":3,"posx":9,"posy":6,"value":-20}]},{"players":[{"playerId":2277,"score":700,"energy":40,"posx":20,"posy":3,"lastAction":2,"status":0},{"playerId":2375363,"score":350,"energy":40,"posx":12,"posy":3,"lastAction":2,"status":0},{"playerId":2407150,"score":550,"energy":15,"posx":8,"posy":6,"lastAction":0,"status":0},{"playerId":1168092,"score":550,"energy":12,"posx":10,"posy":6,"lastAction":5,"status":0}],"golds":[{"posx":5,"posy":1,"amount":350},{"posx":7,"posy":1,"amount":150},{"posx":9,"posy":1,"amount":450},{"posx":0,"posy":2,"amount":50},{"posx":7,"posy":2,"amount":700},{"posx":15,"posy":3,"amount":50},{"posx":18,"posy":3,"amount":250},{"posx":20,"posy":3,"amount":750},{"posx":6,"posy":4,"amount":450},{"posx":2,"posy":5,"amount":650},{"posx":0,"posy":6,"amount":750},{"posx":6,"posy":6,"amount":100},{"posx":10,"posy":6,"amount":300},{"posx":14,"posy":6,"amount":100},{"posx":6,"posy":7,"amount":50},{"posx":9,"posy":8,"amount":200},{"posx":11,"posy":8,"amount":200}],"changedObstacles":[{"type":3,"posx":12,"posy":3,"value":-20}]},{"players":[{"playerId":2277,"score":750,"energy":35,"posx":20,"posy":3,"lastAction":5,"status":0},{"playerId":2375363,"score":350,"energy":39,"posx":12,"posy":2,"lastAction":2,"status":0},{"playerId":2407150,"score":550,"energy":14,"posx":7,"posy":6,"lastAction":0,"status":0},{"playerId":1168092,"score":600,"energy":7,"posx":10,"posy":6,"lastAction":5,"status":0}],"golds":[{"posx":5,"posy":1,"amount":350},{"posx":7,"posy":1,"amount":150},{"posx":9,"posy":1,"amount":450},{"posx":0,"posy":2,"amount":50},{"posx":7,"posy":2,"amount":700},{"posx":15,"posy":3,"amount":50},{"posx":18,"posy":3,"amount":250},{"posx":20,"posy":3,"amount":700},{"posx":6,"posy":4,"amount":450},{"posx":2,"posy":5,"amount":650},{"posx":0,"posy":6,"amount":750},{"posx":6,"posy":6,"amount":100},{"posx":10,"posy":6,"amount":250},{"posx":14,"posy":6,"amount":100},{"posx":6,"posy":7,"amount":50},{"posx":9,"posy":8,"amount":200},{"posx":11,"posy":8,"amount":200}],"changedObstacles":[]},{"players":[{"playerId":2277,"score":800,"energy":30,"posx":20,"posy":3,"lastAction":5,"status":0},{"playerId":2375363,"score":350,"energy":38,"posx":12,"posy":1,"lastAction":2,"status":0},{"playerId":2407150,"score":550,"energy":10,"posx":6,"posy":6,"lastAction":0,"status":0},{"playerId":1168092,"score":650,"energy":2,"posx":10,"posy":6,"lastAction":5,"status":0}],"golds":[{"posx":5,"posy":1,"amount":350},{"posx":7,"posy":1,"amount":150},{"posx":9,"posy":1,"amount":450},{"posx":0,"posy":2,"amount":50},{"posx":7,"posy":2,"amount":700},{"posx":15,"posy":3,"amount":50},{"posx":18,"posy":3,"amount":250},{"posx":20,"posy":3,"amount":650},{"posx":6,"posy":4,"amount":450},{"posx":2,"posy":5,"amount":650},{"posx":0,"posy":6,"amount":750},{"posx":6,"posy":6,"amount":100},{"posx":10,"posy":6,"amount":200},{"posx":14,"posy":6,"amount":100},{"posx":6,"posy":7,"amount":50},{"posx":9,"posy":8,"amount":200},{"posx":11,"posy":8,"amount":200}],"changedObstacles":[]},{"players":[{"playerId":2277,"score":850,"energy":25,"posx":20,"posy":3,"lastAction":5,"status":0},{"playerId":2375363,"score":350,"energy":50,"posx":12,"posy":1,"lastAction":4,"status":0},{"playerId":2407150,"score":600,"energy":5,"posx":6,"posy":6,"lastAction":5,"status":0},{"playerId":1168092,"score":650,"energy":14,"posx":10,"posy":6,"lastAction":4,"status":0}],"golds":[{"posx":5,"posy":1,"amount":350},{"posx":7,"posy":1,"amount":150},{"posx":9,"posy":1,"amount":450},{"posx":0,"posy":2,"amount":50},{"posx":7,"posy":2,"amount":700},{"posx":15,"posy":3,"amount":50},{"posx":18,"posy":3,"amount":250},{"posx":20,"posy":3,"amount":600},{"posx":6,"posy":4,"amount":450},{"posx":2,"posy":5,"amount":650},{"posx":0,"posy":6,"amount":750},{"posx":6,"posy":6,"amount":50},{"posx":10,"posy":6,"amount":200},{"posx":14,"posy":6,"amount":100},{"posx":6,"posy":7,"amount":50},{"posx":9,"posy":8,"amount":200},{"posx":11,"posy":8,"amount":200}],"changedObstacles":[]},{"players":[{"playerId":2277,"score":900,"energy":20,"posx":20,"posy":3,"lastAction":5,"status":0},{"playerId":2375363,"score":350,"energy":49,"posx":11,"posy":1,"lastAction":0,"status":0},{"playerId":2407150,"score":600,"energy":17,"posx":6,"posy":6,"lastAction":4,"status":0},{"playerId":1168092,"score":700,"energy":9,"posx":10,"posy":6,"lastAction":5,"status":0}],"golds":[{"posx":5,"posy":1,"amount":350},{"posx":7,"posy":1,"amount":150},{"posx":9,"posy":1,"amount":450},{"posx":0,"posy":2,"amount":50},{"posx":7,"posy":2,"amount":700},{"posx":15,"posy":3,"amount":50},{"posx":18,"posy":3,"amount":250},{"posx":20,"posy":3,"amount":550},{"posx":6,"posy":4,"amount":450},{"posx":2,"posy":5,"amount":650},{"posx":0,"posy":6,"amount":750},{"posx":6,"posy":6,"amount":50},{"posx":10,"posy":6,"amount":150},{"posx":14,"posy":6,"amount":100},{"posx":6,"posy":7,"amount":50},{"posx":9,"posy":8,"amount":200},{"posx":11,"posy":8,"amount":200}],"changedObstacles":[]},{"players":[{"playerId":2277,"score":950,"energy":15,"posx":20,"posy":3,"lastAction":5,"status":0},{"playerId":2375363,"score":350,"energy":48,"posx":10,"posy":1,"lastAction":0,"status":0},{"playerId":2407150,"score":600,"energy":33,"posx":6,"posy":6,"lastAction":4,"status":0},{"playerId":1168092,"score":750,"energy":4,"posx":10,"posy":6,"lastAction":5,"status":0}],"golds":[{"posx":5,"posy":1,"amount":350},{"posx":7,"posy":1,"amount":150},{"posx":9,"posy":1,"amount":450},{"posx":0,"posy":2,"amount":50},{"posx":7,"posy":2,"amount":700},{"posx":15,"posy":3,"amount":50},{"posx":18,"posy":3,"amount":250},{"posx":20,"posy":3,"amount":500},{"posx":6,"posy":4,"amount":450},{"posx":2,"posy":5,"amount":650},{"posx":0,"posy":6,"amount":750},{"posx":6,"posy":6,"amount":50},{"posx":10,"posy":6,"amount":100},{"posx":14,"posy":6,"amount":100},{"posx":6,"posy":7,"amount":50},{"posx":9,"posy":8,"amount":200},{"posx":11,"posy":8,"amount":200}],"changedObstacles":[]},{"players":[{"playerId":2277,"score":1000,"energy":10,"posx":20,"posy":3,"lastAction":5,"status":0},{"playerId":2375363,"score":350,"energy":44,"posx":9,"posy":1,"lastAction":0,"status":0},{"playerId":2407150,"score":600,"energy":50,"posx":6,"posy":6,"lastAction":4,"status":0},{"playerId":1168092,"score":750,"energy":16,"posx":10,"posy":6,"lastAction":4,"status":0}],"golds":[{"posx":5,"posy":1,"amount":350},{"posx":7,"posy":1,"amount":150},{"posx":9,"posy":1,"amount":450},{"posx":0,"posy":2,"amount":50},{"posx":7,"posy":2,"amount":700},{"posx":15,"posy":3,"amount":50},{"posx":18,"posy":3,"amount":250},{"posx":20,"posy":3,"amount":450},{"posx":6,"posy":4,"amount":450},{"posx":2,"posy":5,"amount":650},{"posx":0,"posy":6,"amount":750},{"posx":6,"posy":6,"amount":50},{"posx":10,"posy":6,"amount":100},{"posx":14,"posy":6,"amount":100},{"posx":6,"posy":7,"amount":50},{"posx":9,"posy":8,"amount":200},{"posx":11,"posy":8,"amount":200}],"changedObstacles":[]},{"players":[{"playerId":2277,"score":1050,"energy":5,"posx":20,"posy":3,"lastAction":5,"status":0},{"playerId":2375363,"score":400,"energy":39,"posx":9,"posy":1,"lastAction":5,"status":0},{"playerId":2407150,"score":650,"energy":45,"posx":6,"posy":6,"lastAction":5,"status":0},{"playerId":1168092,"score":800,"energy":11,"posx":10,"posy":6,"lastAction":5,"status":0}],"golds":[{"posx":5,"posy":1,"amount":350},{"posx":7,"posy":1,"amount":150},{"posx":9,"posy":1,"amount":400},{"posx":0,"posy":2,"amount":50},{"posx":7,"posy":2,"amount":700},{"posx":15,"posy":3,"amount":50},{"posx":18,"posy":3,"amount":250},{"posx":20,"posy":3,"amount":400},{"posx":6,"posy":4,"amount":450},{"posx":2,"posy":5,"amount":650},{"posx":0,"posy":6,"amount":750},{"posx":10,"posy":6,"amount":50},{"posx":14,"posy":6,"amount":100},{"posx":6,"posy":7,"amount":50},{"posx":9,"posy":8,"amount":200},{"posx":11,"posy":8,"amount":200}],"changedObstacles":[{"type":0,"posx":6,"posy":6,"value":-1}]},{"players":[{"playerId":2277,"score":1050,"energy":17,"posx":20,"posy":3,"lastAction":4,"status":0},{"playerId":2375363,"score":450,"energy":34,"posx":9,"posy":1,"lastAction":5,"status":0},{"playerId":2407150,"score":650,"energy":44,"posx":6,"posy":5,"lastAction":2,"status":0},{"playerId":1168092,"score":850,"energy":6,"posx":10,"posy":6,"lastAction":5,"status":0}],"golds":[{"posx":5,"posy":1,"amount":350},{"posx":7,"posy":1,"amount":150},{"posx":9,"posy":1,"amount":350},{"posx":0,"posy":2,"amount":50},{"posx":7,"posy":2,"amount":700},{"posx":15,"posy":3,"amount":50},{"posx":18,"posy":3,"amount":250},{"posx":20,"posy":3,"amount":400},{"posx":6,"posy":4,"amount":450},{"posx":2,"posy":5,"amount":650},{"posx":0,"posy":6,"amount":750},{"posx":14,"posy":6,"amount":100},{"posx":6,"posy":7,"amount":50},{"posx":9,"posy":8,"amount":200},{"posx":11,"posy":8,"amount":200}],"changedObstacles":[{"type":0,"posx":10,"posy":6,"value":-1}]},{"players":[{"playerId":2277,"score":1050,"energy":33,"posx":20,"posy":3,"lastAction":4,"status":0},{"playerId":2375363,"score":500,"energy":29,"posx":9,"posy":1,"lastAction":5,"status":0},{"playerId":2407150,"score":650,"energy":40,"posx":6,"posy":4,"lastAction":2,"status":0},{"playerId":1168092,"score":850,"energy":18,"posx":10,"posy":6,"lastAction":4,"status":0}],"golds":[{"posx":5,"posy":1,"amount":350},{"posx":7,"posy":1,"amount":150},{"posx":9,"posy":1,"amount":300},{"posx":0,"posy":2,"amount":50},{"posx":7,"posy":2,"amount":700},{"posx":15,"posy":3,"amount":50},{"posx":18,"posy":3,"amount":250},{"posx":20,"posy":3,"amount":400},{"posx":6,"posy":4,"amount":450},{"posx":2,"posy":5,"amount":650},{"posx":0,"posy":6,"amount":750},{"posx":14,"posy":6,"amount":100},{"posx":6,"posy":7,"amount":50},{"posx":9,"posy":8,"amount":200},{"posx":11,"posy":8,"amount":200}],"changedObstacles":[]},{"players":[{"playerId":2277,"score":1050,"energy":50,"posx":20,"posy":3,"lastAction":4,"status":0},{"playerId":2375363,"score":550,"energy":24,"posx":9,"posy":1,"lastAction":5,"status":0},{"playerId":2407150,"score":700,"energy":35,"posx":6,"posy":4,"lastAction":5,"status":0},{"playerId":1168092,"score":850,"energy":34,"posx":10,"posy":6,"lastAction":4,"status":0}],"golds":[{"posx":5,"posy":1,"amount":350},{"posx":7,"posy":1,"amount":150},{"posx":9,"posy":1,"amount":250},{"posx":0,"posy":2,"amount":50},{"posx":7,"posy":2,"amount":700},{"posx":15,"posy":3,"amount":50},{"posx":18,"posy":3,"amount":250},{"posx":20,"posy":3,"amount":400},{"posx":6,"posy":4,"amount":400},{"posx":2,"posy":5,"amount":650},{"posx":0,"posy":6,"amount":750},{"posx":14,"posy":6,"amount":100},{"posx":6,"posy":7,"amount":50},{"posx":9,"posy":8,"amount":200},{"posx":11,"posy":8,"amount":200}],"changedObstacles":[]},{"players":[{"playerId":2277,"score":1100,"energy":45,"posx":20,"posy":3,"lastAction":5,"status":0},{"playerId":2375363,"score":600,"energy":19,"posx":9,"posy":1,"lastAction":5,"status":0},{"playerId":2407150,"score":750,"energy":30,"posx":6,"posy":4,"lastAction":5,"status":0},{"playerId":1168092,"score":850,"energy":20,"posx":10,"posy":5,"lastAction":2,"status":0}],"golds":[{"posx":5,"posy":1,"amount":350},{"posx":7,"posy":1,"amount":150},{"posx":9,"posy":1,"amount":200},{"posx":0,"posy":2,"amount":50},{"posx":7,"posy":2,"amount":700},{"posx":15,"posy":3,"amount":50},{"posx":18,"posy":3,"amount":250},{"posx":20,"posy":3,"amount":350},{"posx":6,"posy":4,"amount":350},{"posx":2,"posy":5,"amount":650},{"posx":0,"posy":6,"amount":750},{"posx":14,"posy":6,"amount":100},{"posx":6,"posy":7,"amount":50},{"posx":9,"posy":8,"amount":200},{"posx":11,"posy":8,"amount":200}],"changedObstacles":[]},{"players":[{"playerId":2277,"score":1150,"energy":40,"posx":20,"posy":3,"lastAction":5,"status":0},{"playerId":2375363,"score":650,"energy":14,"posx":9,"posy":1,"lastAction":5,"status":0},{"playerId":2407150,"score":800,"energy":25,"posx":6,"posy":4,"lastAction":5,"status":0},{"playerId":1168092,"score":850,"energy":32,"posx":10,"posy":5,"lastAction":4,"status":0}],"golds":[{"posx":5,"posy":1,"amount":350},{"posx":7,"posy":1,"amount":150},{"posx":9,"posy":1,"amount":150},{"posx":0,"posy":2,"amount":50},{"posx":7,"posy":2,"amount":700},{"posx":15,"posy":3,"amount":50},{"posx":18,"posy":3,"amount":250},{"posx":20,"posy":3,"amount":300},{"posx":6,"posy":4,"amount":300},{"posx":2,"posy":5,"amount":650},{"posx":0,"posy":6,"amount":750},{"posx":14,"posy":6,"amount":100},{"posx":6,"posy":7,"amount":50},{"posx":9,"posy":8,"amount":200},{"posx":11,"posy":8,"amount":200}],"changedObstacles":[]},{"players":[{"playerId":2277,"score":1200,"energy":35,"posx":20,"posy":3,"lastAction":5,"status":0},{"playerId":2375363,"score":700,"energy":9,"posx":9,"posy":1,"lastAction":5,"status":0},{"playerId":2407150,"score":850,"energy":20,"posx":6,"posy":4,"lastAction":5,"status":0},{"playerId":1168092,"score":850,"energy":24,"posx":9,"posy":5,"lastAction":0,"status":0}],"golds":[{"posx":5,"posy":1,"amount":350},{"posx":7,"posy":1,"amount":150},{"posx":9,"posy":1,"amount":100},{"posx":0,"posy":2,"amount":50},{"posx":7,"posy":2,"amount":700},{"posx":15,"posy":3,"amount":50},{"posx":18,"posy":3,"amount":250},{"posx":20,"posy":3,"amount":250},{"posx":6,"posy":4,"amount":250},{"posx":2,"posy":5,"amount":650},{"posx":0,"posy":6,"amount":750},{"posx":14,"posy":6,"amount":100},{"posx":6,"posy":7,"amount":50},{"posx":9,"posy":8,"amount":200},{"posx":11,"posy":8,"amount":200}],"changedObstacles":[]},{"players":[{"playerId":2277,"score":1250,"energy":30,"posx":20,"posy":3,"lastAction":5,"status":0},{"playerId":2375363,"score":750,"energy":4,"posx":9,"posy":1,"lastAction":5,"status":0},{"playerId":2407150,"score":900,"energy":15,"posx":6,"posy":4,"lastAction":5,"status":0},{"playerId":1168092,"score":850,"energy":23,"posx":8,"posy":5,"lastAction":0,"status":0}],"golds":[{"posx":5,"posy":1,"amount":350},{"posx":7,"posy":1,"amount":150},{"posx":9,"posy":1,"amount":50},{"posx":0,"posy":2,"amount":50},{"posx":7,"posy":2,"amount":700},{"posx":15,"posy":3,"amount":50},{"posx":18,"posy":3,"amount":250},{"posx":20,"posy":3,"amount":200},{"posx":6,"posy":4,"amount":200},{"posx":2,"posy":5,"amount":650},{"posx":0,"posy":6,"amount":750},{"posx":14,"posy":6,"amount":100},{"posx":6,"posy":7,"amount":50},{"posx":9,"posy":8,"amount":200},{"posx":11,"posy":8,"amount":200}],"changedObstacles":[]},{"players":[{"playerId":2277,"score":1300,"energy":25,"posx":20,"posy":3,"lastAction":5,"status":0},{"playerId":2375363,"score":750,"energy":16,"posx":9,"posy":1,"lastAction":4,"status":0},{"playerId":2407150,"score":950,"energy":10,"posx":6,"posy":4,"lastAction":5,"status":0},{"playerId":1168092,"score":850,"energy":22,"posx":7,"posy":5,"lastAction":0,"status":0}],"golds":[{"posx":5,"posy":1,"amount":350},{"posx":7,"posy":1,"amount":150},{"posx":9,"posy":1,"amount":50},{"posx":0,"posy":2,"amount":50},{"posx":7,"posy":2,"amount":700},{"posx":15,"posy":3,"amount":50},{"posx":18,"posy":3,"amount":250},{"posx":20,"posy":3,"amount":150},{"posx":6,"posy":4,"amount":150},{"posx":2,"posy":5,"amount":650},{"posx":0,"posy":6,"amount":750},{"posx":14,"posy":6,"amount":100},{"posx":6,"posy":7,"amount":50},{"posx":9,"posy":8,"amount":200},{"posx":11,"posy":8,"amount":200}],"changedObstacles":[]},{"players":[{"playerId":2277,"score":1350,"energy":20,"posx":20,"posy":3,"lastAction":5,"status":0},{"playerId":2375363,"score":750,"energy":15,"posx":8,"posy":1,"lastAction":0,"status":0},{"playerId":2407150,"score":1000,"energy":5,"posx":6,"posy":4,"lastAction":5,"status":0},{"playerId":1168092,"score":850,"energy":21,"posx":6,"posy":5,"lastAction":0,"status":0}],"golds":[{"posx":5,"posy":1,"amount":350},{"posx":7,"posy":1,"amount":150},{"posx":9,"posy":1,"amount":50},{"posx":0,"posy":2,"amount":50},{"posx":7,"posy":2,"amount":700},{"posx":15,"posy":3,"amount":50},{"posx":18,"posy":3,"amount":250},{"posx":20,"posy":3,"amount":100},{"posx":6,"posy":4,"amount":100},{"posx":2,"posy":5,"amount":650},{"posx":0,"posy":6,"amount":750},{"posx":14,"posy":6,"amount":100},{"posx":6,"posy":7,"amount":50},{"posx":9,"posy":8,"amount":200},{"posx":11,"posy":8,"amount":200}],"changedObstacles":[]},{"players":[{"playerId":2277,"score":1400,"energy":15,"posx":20,"posy":3,"lastAction":5,"status":0},{"playerId":2375363,"score":750,"energy":27,"posx":8,"posy":1,"lastAction":4,"status":0},{"playerId":2407150,"score":1000,"energy":17,"posx":6,"posy":4,"lastAction":4,"status":0},{"playerId":1168092,"score":850,"energy":17,"posx":6,"posy":4,"lastAction":2,"status":0}],"golds":[{"posx":5,"posy":1,"amount":350},{"posx":7,"posy":1,"amount":150},{"posx":9,"posy":1,"amount":50},{"posx":0,"posy":2,"amount":50},{"posx":7,"posy":2,"amount":700},{"posx":15,"posy":3,"amount":50},{"posx":18,"posy":3,"amount":250},{"posx":20,"posy":3,"amount":50},{"posx":6,"posy":4,"amount":100},{"posx":2,"posy":5,"amount":650},{"posx":0,"posy":6,"amount":750},{"posx":14,"posy":6,"amount":100},{"posx":6,"posy":7,"amount":50},{"posx":9,"posy":8,"amount":200},{"posx":11,"posy":8,"amount":200}],"changedObstacles":[]},{"players":[{"playerId":2277,"score":1450,"energy":10,"posx":20,"posy":3,"lastAction":5,"status":0},{"playerId":2375363,"score":750,"energy":43,"posx":8,"posy":1,"lastAction":4,"status":0},{"playerId":2407150,"score":1000,"energy":33,"posx":6,"posy":4,"lastAction":4,"status":0},{"playerId":1168092,"score":900,"energy":12,"posx":6,"posy":4,"lastAction":5,"status":0}],"golds":[{"posx":5,"posy":1,"amount":350},{"posx":7,"posy":1,"amount":150},{"posx":9,"posy":1,"amount":50},{"posx":0,"posy":2,"amount":50},{"posx":7,"posy":2,"amount":700},{"posx":15,"posy":3,"amount":50},{"posx":18,"posy":3,"amount":250},{"posx":6,"posy":4,"amount":50},{"posx":2,"posy":5,"amount":650},{"posx":0,"posy":6,"amount":750},{"posx":14,"posy":6,"amount":100},{"posx":6,"posy":7,"amount":50},{"posx":9,"posy":8,"amount":200},{"posx":11,"posy":8,"amount":200}],"changedObstacles":[{"type":0,"posx":20,"posy":3,"value":-1}]},{"players":[{"playerId":2277,"score":1450,"energy":9,"posx":19,"posy":3,"lastAction":0,"status":0},{"playerId":2375363,"score":750,"energy":39,"posx":7,"posy":1,"lastAction":0,"status":0},{"playerId":2407150,"score":1000,"energy":50,"posx":6,"posy":4,"lastAction":4,"status":0},{"playerId":1168092,"score":950,"energy":7,"posx":6,"posy":4,"lastAction":5,"status":0}],"golds":[{"posx":5,"posy":1,"amount":350},{"posx":7,"posy":1,"amount":150},{"posx":9,"posy":1,"amount":50},{"posx":0,"posy":2,"amount":50},{"posx":7,"posy":2,"amount":700},{"posx":15,"posy":3,"amount":50},{"posx":18,"posy":3,"amount":250},{"posx":2,"posy":5,"amount":650},{"posx":0,"posy":6,"amount":750},{"posx":14,"posy":6,"amount":100},{"posx":6,"posy":7,"amount":50},{"posx":9,"posy":8,"amount":200},{"posx":11,"posy":8,"amount":200}],"changedObstacles":[{"type":0,"posx":6,"posy":4,"value":-1}]},{"players":[{"playerId":2277,"score":1450,"energy":5,"posx":18,"posy":3,"lastAction":0,"status":0},{"playerId":2375363,"score":750,"energy":38,"posx":6,"posy":1,"lastAction":0,"status":0},{"playerId":2407150,"score":1000,"energy":49,"posx":6,"posy":3,"lastAction":2,"status":0},{"playerId":1168092,"score":950,"energy":6,"posx":6,"posy":5,"lastAction":3,"status":0}],"golds":[{"posx":5,"posy":1,"amount":350},{"posx":7,"posy":1,"amount":150},{"posx":9,"posy":1,"amount":50},{"posx":0,"posy":2,"amount":50},{"posx":7,"posy":2,"amount":700},{"posx":15,"posy":3,"amount":50},{"posx":18,"posy":3,"amount":250},{"posx":2,"posy":5,"amount":650},{"posx":0,"posy":6,"amount":750},{"posx":14,"posy":6,"amount":100},{"posx":6,"posy":7,"amount":50},{"posx":9,"posy":8,"amount":200},{"posx":11,"posy":8,"amount":200}],"changedObstacles":[]},{"players":[{"playerId":2277,"score":1450,"energy":17,"posx":18,"posy":3,"lastAction":4,"status":0},{"playerId":2375363,"score":750,"energy":34,"posx":5,"posy":1,"lastAction":0,"status":0},{"playerId":2407150,"score":1000,"energy":48,"posx":7,"posy":3,"lastAction":1,"status":0},{"playerId":1168092,"score":950,"energy":5,"posx":5,"posy":5,"lastAction":0,"status":0}],"golds":[{"posx":5,"posy":1,"amount":350},{"posx":7,"posy":1,"amount":150},{"posx":9,"posy":1,"amount":50},{"posx":0,"posy":2,"amount":50},{"posx":7,"posy":2,"amount":700},{"posx":15,"posy":3,"amount":50},{"posx":18,"posy":3,"amount":250},{"posx":2,"posy":5,"amount":650},{"posx":0,"posy":6,"amount":750},{"posx":14,"posy":6,"amount":100},{"posx":6,"posy":7,"amount":50},{"posx":9,"posy":8,"amount":200},{"posx":11,"posy":8,"amount":200}],"changedObstacles":[]},{"players":[{"playerId":2277,"score":1450,"energy":33,"posx":18,"posy":3,"lastAction":4,"status":0},{"playerId":2375363,"score":800,"energy":29,"posx":5,"posy":1,"lastAction":5,"status":0},{"playerId":2407150,"score":1000,"energy":44,"posx":7,"posy":2,"lastAction":2,"status":0},{"playerId":1168092,"score":950,"energy":17,"posx":5,"posy":5,"lastAction":4,"status":0}],"golds":[{"posx":5,"posy":1,"amount":300},{"posx":7,"posy":1,"amount":150},{"posx":9,"posy":1,"amount":50},{"posx":0,"posy":2,"amount":50},{"posx":7,"posy":2,"amount":700},{"posx":15,"posy":3,"amount":50},{"posx":18,"posy":3,"amount":250},{"posx":2,"posy":5,"amount":650},{"posx":0,"posy":6,"amount":750},{"posx":14,"posy":6,"amount":100},{"posx":6,"posy":7,"amount":50},{"posx":9,"posy":8,"amount":200},{"posx":11,"posy":8,"amount":200}],"changedObstacles":[]},{"players":[{"playerId":2277,"score":1450,"energy":50,"posx":18,"posy":3,"lastAction":4,"status":0},{"playerId":2375363,"score":850,"energy":24,"posx":5,"posy":1,"lastAction":5,"status":0},{"playerId":2407150,"score":1050,"energy":39,"posx":7,"posy":2,"lastAction":5,"status":0},{"playerId":1168092,"score":950,"energy":33,"posx":5,"posy":5,"lastAction":4,"status":0}],"golds":[{"posx":5,"posy":1,"amount":250},{"posx":7,"posy":1,"amount":150},{"posx":9,"posy":1,"amount":50},{"posx":0,"posy":2,"amount":50},{"posx":7,"posy":2,"amount":650},{"posx":15,"posy":3,"amount":50},{"posx":18,"posy":3,"amount":250},{"posx":2,"posy":5,"amount":650},{"posx":0,"posy":6,"amount":750},{"posx":14,"posy":6,"amount":100},{"posx":6,"posy":7,"amount":50},{"posx":9,"posy":8,"amount":200},{"posx":11,"posy":8,"amount":200}],"changedObstacles":[]},{"players":[{"playerId":2277,"score":1500,"energy":45,"posx":18,"posy":3,"lastAction":5,"status":0},{"playerId":2375363,"score":900,"energy":19,"posx":5,"posy":1,"lastAction":5,"status":0},{"playerId":2407150,"score":1100,"energy":34,"posx":7,"posy":2,"lastAction":5,"status":0},{"playerId":1168092,"score":950,"energy":13,"posx":4,"posy":5,"lastAction":0,"status":0}],"golds":[{"posx":5,"posy":1,"amount":200},{"posx":7,"posy":1,"amount":150},{"posx":9,"posy":1,"amount":50},{"posx":0,"posy":2,"amount":50},{"posx":7,"posy":2,"amount":600},{"posx":15,"posy":3,"amount":50},{"posx":18,"posy":3,"amount":200},{"posx":2,"posy":5,"amount":650},{"posx":0,"posy":6,"amount":750},{"posx":14,"posy":6,"amount":100},{"posx":6,"posy":7,"amount":50},{"posx":9,"posy":8,"amount":200},{"posx":11,"posy":8,"amount":200}],"changedObstacles":[]},{"players":[{"playerId":2277,"score":1550,"energy":40,"posx":18,"posy":3,"lastAction":5,"status":0},{"playerId":2375363,"score":950,"energy":14,"posx":5,"posy":1,"lastAction":5,"status":0},{"playerId":2407150,"score":1150,"energy":29,"posx":7,"posy":2,"lastAction":5,"status":0},{"playerId":1168092,"score":950,"energy":3,"posx":3,"posy":5,"lastAction":0,"status":0}],"golds":[{"posx":5,"posy":1,"amount":150},{"posx":7,"posy":1,"amount":150},{"posx":9,"posy":1,"amount":50},{"posx":0,"posy":2,"amount":50},{"posx":7,"posy":2,"amount":550},{"posx":15,"posy":3,"amount":50},{"posx":18,"posy":3,"amount":150},{"posx":2,"posy":5,"amount":650},{"posx":0,"posy":6,"amount":750},{"posx":14,"posy":6,"amount":100},{"posx":6,"posy":7,"amount":50},{"posx":9,"posy":8,"amount":200},{"posx":11,"posy":8,"amount":200}],"changedObstacles":[{"type":0,"posx":3,"posy":5,"value":-1}]},{"players":[{"playerId":2277,"score":1600,"energy":35,"posx":18,"posy":3,"lastAction":5,"status":0},{"playerId":2375363,"score":1000,"energy":9,"posx":5,"posy":1,"lastAction":5,"status":0},{"playerId":2407150,"score":1200,"energy":24,"posx":7,"posy":2,"lastAction":5,"status":0},{"playerId":1168092,"score":950,"energy":15,"posx":3,"posy":5,"lastAction":4,"status":0}],"golds":[{"posx":5,"posy":1,"amount":100},{"posx":7,"posy":1,"amount":150},{"posx":9,"posy":1,"amount":50},{"posx":0,"posy":2,"amount":50},{"posx":7,"posy":2,"amount":500},{"posx":15,"posy":3,"amount":50},{"posx":18,"posy":3,"amount":100},{"posx":2,"posy":5,"amount":650},{"posx":0,"posy":6,"amount":750},{"posx":14,"posy":6,"amount":100},{"posx":6,"posy":7,"amount":50},{"posx":9,"posy":8,"amount":200},{"posx":11,"posy":8,"amount":200}],"changedObstacles":[]},{"players":[{"playerId":2277,"score":1650,"energy":30,"posx":18,"posy":3,"lastAction":5,"status":0},{"playerId":2375363,"score":1050,"energy":4,"posx":5,"posy":1,"lastAction":5,"status":0},{"playerId":2407150,"score":1250,"energy":19,"posx":7,"posy":2,"lastAction":5,"status":0},{"playerId":1168092,"score":950,"energy":11,"posx":2,"posy":5,"lastAction":0,"status":0}],"golds":[{"posx":5,"posy":1,"amount":50},{"posx":7,"posy":1,"amount":150},{"posx":9,"posy":1,"amount":50},{"posx":0,"posy":2,"amount":50},{"posx":7,"posy":2,"amount":450},{"posx":15,"posy":3,"amount":50},{"posx":18,"posy":3,"amount":50},{"posx":2,"posy":5,"amount":650},{"posx":0,"posy":6,"amount":750},{"posx":14,"posy":6,"amount":100},{"posx":6,"posy":7,"amount":50},{"posx":9,"posy":8,"amount":200},{"posx":11,"posy":8,"amount":200}],"changedObstacles":[]},{"players":[{"playerId":2277,"score":1700,"energy":25,"posx":18,"posy":3,"lastAction":5,"status":0},{"playerId":2375363,"score":1050,"energy":16,"posx":5,"posy":1,"lastAction":4,"status":0},{"playerId":2407150,"score":1300,"energy":14,"posx":7,"posy":2,"lastAction":5,"status":0},{"playerId":1168092,"score":1000,"energy":6,"posx":2,"posy":5,"lastAction":5,"status":0}],"golds":[{"posx":5,"posy":1,"amount":50},{"posx":7,"posy":1,"amount":150},{"posx":9,"posy":1,"amount":50},{"posx":0,"posy":2,"amount":50},{"posx":7,"posy":2,"amount":400},{"posx":15,"posy":3,"amount":50},{"posx":2,"posy":5,"amount":600},{"posx":0,"posy":6,"amount":750},{"posx":14,"posy":6,"amount":100},{"posx":6,"posy":7,"amount":50},{"posx":9,"posy":8,"amount":200},{"posx":11,"posy":8,"amount":200}],"changedObstacles":[{"type":0,"posx":18,"posy":3,"value":-1}]},{"players":[{"playerId":2277,"score":1700,"energy":20,"posx":18,"posy":4,"lastAction":3,"status":0},{"playerId":2375363,"score":1050,"energy":15,"posx":6,"posy":1,"lastAction":1,"status":0},{"playerId":2407150,"score":1350,"energy":9,"posx":7,"posy":2,"lastAction":5,"status":0},{"playerId":1168092,"score":1050,"energy":1,"posx":2,"posy":5,"lastAction":5,"status":0}],"golds":[{"posx":5,"posy":1,"amount":50},{"posx":7,"posy":1,"amount":150},{"posx":9,"posy":1,"amount":50},{"posx":0,"posy":2,"amount":50},{"posx":7,"posy":2,"amount":350},{"posx":15,"posy":3,"amount":50},{"posx":2,"posy":5,"amount":550},{"posx":0,"posy":6,"amount":750},{"posx":14,"posy":6,"amount":100},{"posx":6,"posy":7,"amount":50},{"posx":9,"posy":8,"amount":200},{"posx":11,"posy":8,"amount":200}],"changedObstacles":[{"type":3,"posx":18,"posy":4,"value":-20}]},{"players":[{"playerId":2277,"score":1700,"energy":19,"posx":17,"posy":4,"lastAction":0,"status":0},{"playerId":2375363,"score":1050,"energy":27,"posx":6,"posy":1,"lastAction":4,"status":0},{"playerId":2407150,"score":1400,"energy":4,"posx":7,"posy":2,"lastAction":5,"status":0},{"playerId":1168092,"score":1050,"energy":13,"posx":2,"posy":5,"lastAction":4,"status":0}],"golds":[{"posx":5,"posy":1,"amount":50},{"posx":7,"posy":1,"amount":150},{"posx":9,"posy":1,"amount":50},{"posx":0,"posy":2,"amount":50},{"posx":7,"posy":2,"amount":300},{"posx":15,"posy":3,"amount":50},{"posx":2,"posy":5,"amount":550},{"posx":0,"posy":6,"amount":750},{"posx":14,"posy":6,"amount":100},{"posx":6,"posy":7,"amount":50},{"posx":9,"posy":8,"amount":200},{"posx":11,"posy":8,"amount":200}],"changedObstacles":[]},{"players":[{"playerId":2277,"score":1700,"energy":18,"posx":16,"posy":4,"lastAction":0,"status":0},{"playerId":2375363,"score":1050,"energy":23,"posx":7,"posy":1,"lastAction":1,"status":0},{"playerId":2407150,"score":1400,"energy":16,"posx":7,"posy":2,"lastAction":4,"status":0},{"playerId":1168092,"score":1100,"energy":8,"posx":2,"posy":5,"lastAction":5,"status":0}],"golds":[{"posx":5,"posy":1,"amount":50},{"posx":7,"posy":1,"amount":150},{"posx":9,"posy":1,"amount":50},{"posx":0,"posy":2,"amount":50},{"posx":7,"posy":2,"amount":300},{"posx":15,"posy":3,"amount":50},{"posx":2,"posy":5,"amount":500},{"posx":0,"posy":6,"amount":750},{"posx":14,"posy":6,"amount":100},{"posx":6,"posy":7,"amount":50},{"posx":9,"posy":8,"amount":200},{"posx":11,"posy":8,"amount":200}],"changedObstacles":[]},{"players":[{"playerId":2277,"score":1700,"energy":17,"posx":15,"posy":4,"lastAction":0,"status":0},{"playerId":2375363,"score":1100,"energy":18,"posx":7,"posy":1,"lastAction":5,"status":0},{"playerId":2407150,"score":1400,"energy":32,"posx":7,"posy":2,"lastAction":4,"status":0},{"playerId":1168092,"score":1150,"energy":3,"posx":2,"posy":5,"lastAction":5,"status":0}],"golds":[{"posx":5,"posy":1,"amount":50},{"posx":7,"posy":1,"amount":100},{"posx":9,"posy":1,"amount":50},{"posx":0,"posy":2,"amount":50},{"posx":7,"posy":2,"amount":300},{"posx":15,"posy":3,"amount":50},{"posx":2,"posy":5,"amount":450},{"posx":0,"posy":6,"amount":750},{"posx":14,"posy":6,"amount":100},{"posx":6,"posy":7,"amount":50},{"posx":9,"posy":8,"amount":200},{"posx":11,"posy":8,"amount":200}],"changedObstacles":[]},{"players":[{"playerId":2277,"score":1700,"energy":29,"posx":15,"posy":4,"lastAction":4,"status":0},{"playerId":2375363,"score":1150,"energy":13,"posx":7,"posy":1,"lastAction":5,"status":0},{"playerId":2407150,"score":1400,"energy":50,"posx":7,"posy":2,"lastAction":4,"status":0},{"playerId":1168092,"score":1150,"energy":15,"posx":2,"posy":5,"lastAction":4,"status":0}],"golds":[{"posx":5,"posy":1,"amount":50},{"posx":7,"posy":1,"amount":50},{"posx":9,"posy":1,"amount":50},{"posx":0,"posy":2,"amount":50},{"posx":7,"posy":2,"amount":300},{"posx":15,"posy":3,"amount":50},{"posx":2,"posy":5,"amount":450},{"posx":0,"posy":6,"amount":750},{"posx":14,"posy":6,"amount":100},{"posx":6,"posy":7,"amount":50},{"posx":9,"posy":8,"amount":200},{"posx":11,"posy":8,"amount":200}],"changedObstacles":[]},{"players":[{"playerId":2277,"score":1700,"energy":45,"posx":15,"posy":4,"lastAction":4,"status":0},{"playerId":2375363,"score":1200,"energy":8,"posx":7,"posy":1,"lastAction":5,"status":0},{"playerId":2407150,"score":1450,"energy":45,"posx":7,"posy":2,"lastAction":5,"status":0},{"playerId":1168092,"score":1200,"energy":10,"posx":2,"posy":5,"lastAction":5,"status":0}],"golds":[{"posx":5,"posy":1,"amount":50},{"posx":9,"posy":1,"amount":50},{"posx":0,"posy":2,"amount":50},{"posx":7,"posy":2,"amount":250},{"posx":15,"posy":3,"amount":50},{"posx":2,"posy":5,"amount":400},{"posx":0,"posy":6,"amount":750},{"posx":14,"posy":6,"amount":100},{"posx":6,"posy":7,"amount":50},{"posx":9,"posy":8,"amount":200},{"posx":11,"posy":8,"amount":200}],"changedObstacles":[{"type":0,"posx":7,"posy":1,"value":-1}]},{"players":[{"playerId":2277,"score":1700,"energy":50,"posx":15,"posy":4,"lastAction":4,"status":0},{"playerId":2375363,"score":1200,"energy":20,"posx":7,"posy":1,"lastAction":4,"status":0},{"playerId":2407150,"score":1500,"energy":40,"posx":7,"posy":2,"lastAction":5,"status":0},{"playerId":1168092,"score":1250,"energy":5,"posx":2,"posy":5,"lastAction":5,"status":0}],"golds":[{"posx":5,"posy":1,"amount":50},{"posx":9,"posy":1,"amount":50},{"posx":0,"posy":2,"amount":50},{"posx":7,"posy":2,"amount":200},{"posx":15,"posy":3,"amount":50},{"posx":2,"posy":5,"amount":350},{"posx":0,"posy":6,"amount":750},{"posx":14,"posy":6,"amount":100},{"posx":6,"posy":7,"amount":50},{"posx":9,"posy":8,"amount":200},{"posx":11,"posy":8,"amount":200}],"changedObstacles":[]},{"players":[{"playerId":2277,"score":1700,"energy":30,"posx":14,"posy":4,"lastAction":0,"status":0},{"playerId":2375363,"score":1200,"energy":36,"posx":7,"posy":1,"lastAction":4,"status":0},{"playerId":2407150,"score":1550,"energy":35,"posx":7,"posy":2,"lastAction":5,"status":0},{"playerId":1168092,"score":1250,"energy":17,"posx":2,"posy":5,"lastAction":4,"status":0}],"golds":[{"posx":5,"posy":1,"amount":50},{"posx":9,"posy":1,"amount":50},{"posx":0,"posy":2,"amount":50},{"posx":7,"posy":2,"amount":150},{"posx":15,"posy":3,"amount":50},{"posx":2,"posy":5,"amount":350},{"posx":0,"posy":6,"amount":750},{"posx":14,"posy":6,"amount":100},{"posx":6,"posy":7,"amount":50},{"posx":9,"posy":8,"amount":200},{"posx":11,"posy":8,"amount":200}],"changedObstacles":[{"type":3,"posx":14,"posy":4,"value":-40}]},{"players":[{"playerId":2277,"score":1700,"energy":29,"posx":13,"posy":4,"lastAction":0,"status":0},{"playerId":2375363,"score":1200,"energy":32,"posx":7,"posy":2,"lastAction":3,"status":0},{"playerId":2407150,"score":1600,"energy":30,"posx":7,"posy":2,"lastAction":5,"status":0},{"playerId":1168092,"score":1300,"energy":12,"posx":2,"posy":5,"lastAction":5,"status":0}],"golds":[{"posx":5,"posy":1,"amount":50},{"posx":9,"posy":1,"amount":50},{"posx":0,"posy":2,"amount":50},{"posx":7,"posy":2,"amount":100},{"posx":15,"posy":3,"amount":50},{"posx":2,"posy":5,"amount":300},{"posx":0,"posy":6,"amount":750},{"posx":14,"posy":6,"amount":100},{"posx":6,"posy":7,"amount":50},{"posx":9,"posy":8,"amount":200},{"posx":11,"posy":8,"amount":200}],"changedObstacles":[]},{"players":[{"playerId":2277,"score":1700,"energy":28,"posx":12,"posy":4,"lastAction":0,"status":0},{"playerId":2375363,"score":1200,"energy":20,"posx":8,"posy":2,"lastAction":1,"status":0},{"playerId":2407150,"score":1650,"energy":25,"posx":7,"posy":2,"lastAction":5,"status":0},{"playerId":1168092,"score":1350,"energy":7,"posx":2,"posy":5,"lastAction":5,"status":0}],"golds":[{"posx":5,"posy":1,"amount":50},{"posx":9,"posy":1,"amount":50},{"posx":0,"posy":2,"amount":50},{"posx":7,"posy":2,"amount":50},{"posx":15,"posy":3,"amount":50},{"posx":2,"posy":5,"amount":250},{"posx":0,"posy":6,"amount":750},{"posx":14,"posy":6,"amount":100},{"posx":6,"posy":7,"amount":50},{"posx":9,"posy":8,"amount":200},{"posx":11,"posy":8,"amount":200}],"changedObstacles":[]},{"players":[{"playerId":2277,"score":1700,"energy":27,"posx":11,"posy":4,"lastAction":0,"status":0},{"playerId":2375363,"score":1200,"energy":19,"posx":8,"posy":1,"lastAction":2,"status":0},{"playerId":2407150,"score":1700,"energy":20,"posx":7,"posy":2,"lastAction":5,"status":0},{"playerId":1168092,"score":1400,"energy":2,"posx":2,"posy":5,"lastAction":5,"status":0}],"golds":[{"posx":5,"posy":1,"amount":50},{"posx":9,"posy":1,"amount":50},{"posx":0,"posy":2,"amount":50},{"posx":15,"posy":3,"amount":50},{"posx":2,"posy":5,"amount":200},{"posx":0,"posy":6,"amount":750},{"posx":14,"posy":6,"amount":100},{"posx":6,"posy":7,"amount":50},{"posx":9,"posy":8,"amount":200},{"posx":11,"posy":8,"amount":200}],"changedObstacles":[{"type":0,"posx":7,"posy":2,"value":-1}]},{"players":[{"playerId":2277,"score":1700,"energy":22,"posx":10,"posy":4,"lastAction":0,"status":0},{"playerId":2375363,"score":1200,"energy":31,"posx":8,"posy":1,"lastAction":4,"status":0},{"playerId":2407150,"score":1700,"energy":19,"posx":7,"posy":1,"lastAction":2,"status":0},{"playerId":1168092,"score":1400,"energy":14,"posx":2,"posy":5,"lastAction":4,"status":0}],"golds":[{"posx":5,"posy":1,"amount":50},{"posx":9,"posy":1,"amount":50},{"posx":0,"posy":2,"amount":50},{"posx":15,"posy":3,"amount":50},{"posx":2,"posy":5,"amount":200},{"posx":0,"posy":6,"amount":750},{"posx":14,"posy":6,"amount":100},{"posx":6,"posy":7,"amount":50},{"posx":9,"posy":8,"amount":200},{"posx":11,"posy":8,"amount":200}],"changedObstacles":[{"type":3,"posx":10,"posy":4,"value":-20}]},{"players":[{"playerId":2277,"score":1700,"energy":17,"posx":9,"posy":4,"lastAction":0,"status":0},{"playerId":2375363,"score":1200,"energy":47,"posx":8,"posy":1,"lastAction":4,"status":0},{"playerId":2407150,"score":1700,"energy":18,"posx":8,"posy":1,"lastAction":1,"status":0},{"playerId":1168092,"score":1450,"energy":9,"posx":2,"posy":5,"lastAction":5,"status":0}],"golds":[{"posx":5,"posy":1,"amount":50},{"posx":9,"posy":1,"amount":50},{"posx":0,"posy":2,"amount":50},{"posx":15,"posy":3,"amount":50},{"posx":2,"posy":5,"amount":150},{"posx":0,"posy":6,"amount":750},{"posx":14,"posy":6,"amount":100},{"posx":6,"posy":7,"amount":50},{"posx":9,"posy":8,"amount":200},{"posx":11,"posy":8,"amount":200}],"changedObstacles":[{"type":3,"posx":9,"posy":4,"value":-20}]},{"players":[{"playerId":2277,"score":1700,"energy":16,"posx":8,"posy":4,"lastAction":0,"status":0},{"playerId":2375363,"score":1200,"energy":37,"posx":8,"posy":0,"lastAction":2,"status":0},{"playerId":2407150,"score":1700,"energy":14,"posx":9,"posy":1,"lastAction":1,"status":0},{"playerId":1168092,"score":1500,"energy":4,"posx":2,"posy":5,"lastAction":5,"status":0}],"golds":[{"posx":5,"posy":1,"amount":50},{"posx":9,"posy":1,"amount":50},{"posx":0,"posy":2,"amount":50},{"posx":15,"posy":3,"amount":50},{"posx":2,"posy":5,"amount":100},{"posx":0,"posy":6,"amount":750},{"posx":14,"posy":6,"amount":100},{"posx":6,"posy":7,"amount":50},{"posx":9,"posy":8,"amount":200},{"posx":11,"posy":8,"amount":200}],"changedObstacles":[{"type":0,"posx":8,"posy":0,"value":-1}]},{"players":[{"playerId":2277,"score":1700,"energy":15,"posx":7,"posy":4,"lastAction":0,"status":0},{"playerId":2375363,"score":1200,"energy":49,"posx":8,"posy":0,"lastAction":4,"status":0},{"playerId":2407150,"score":1750,"energy":9,"posx":9,"posy":1,"lastAction":5,"status":0},{"playerId":1168092,"score":1500,"energy":16,"posx":2,"posy":5,"lastAction":4,"status":0}],"golds":[{"posx":5,"posy":1,"amount":50},{"posx":0,"posy":2,"amount":50},{"posx":15,"posy":3,"amount":50},{"posx":2,"posy":5,"amount":100},{"posx":0,"posy":6,"amount":750},{"posx":14,"posy":6,"amount":100},{"posx":6,"posy":7,"amount":50},{"posx":9,"posy":8,"amount":200},{"posx":11,"posy":8,"amount":200}],"changedObstacles":[{"type":0,"posx":9,"posy":1,"value":-1}]},{"players":[{"playerId":2277,"score":1700,"energy":14,"posx":6,"posy":4,"lastAction":0,"status":0},{"playerId":2375363,"score":1200,"energy":48,"posx":7,"posy":0,"lastAction":0,"status":0},{"playerId":2407150,"score":1750,"energy":8,"posx":9,"posy":2,"lastAction":3,"status":0},{"playerId":1168092,"score":1550,"energy":11,"posx":2,"posy":5,"lastAction":5,"status":0}],"golds":[{"posx":5,"posy":1,"amount":50},{"posx":0,"posy":2,"amount":50},{"posx":15,"posy":3,"amount":50},{"posx":2,"posy":5,"amount":50},{"posx":0,"posy":6,"amount":750},{"posx":14,"posy":6,"amount":100},{"posx":6,"posy":7,"amount":50},{"posx":9,"posy":8,"amount":200},{"posx":11,"posy":8,"amount":200}],"changedObstacles":[]},{"players":[{"playerId":2277,"score":1700,"energy":13,"posx":5,"posy":4,"lastAction":0,"status":0},{"playerId":2375363,"score":1200,"energy":47,"posx":7,"posy":1,"lastAction":3,"status":0},{"playerId":2407150,"score":1750,"energy":7,"posx":9,"posy":3,"lastAction":3,"status":0},{"playerId":1168092,"score":1600,"energy":6,"posx":2,"posy":5,"lastAction":5,"status":0}],"golds":[{"posx":5,"posy":1,"amount":50},{"posx":0,"posy":2,"amount":50},{"posx":15,"posy":3,"amount":50},{"posx":0,"posy":6,"amount":750},{"posx":14,"posy":6,"amount":100},{"posx":6,"posy":7,"amount":50},{"posx":9,"posy":8,"amount":200},{"posx":11,"posy":8,"amount":200}],"changedObstacles":[{"type":0,"posx":2,"posy":5,"value":-1}]},{"players":[{"playerId":2277,"score":1700,"energy":12,"posx":4,"posy":4,"lastAction":0,"status":0},{"playerId":2375363,"score":1200,"energy":46,"posx":7,"posy":2,"lastAction":3,"status":0},{"playerId":2407150,"score":1750,"energy":19,"posx":9,"posy":3,"lastAction":4,"status":0},{"playerId":1168092,"score":1600,"energy":5,"posx":1,"posy":5,"lastAction":0,"status":0}],"golds":[{"posx":5,"posy":1,"amount":50},{"posx":0,"posy":2,"amount":50},{"posx":15,"posy":3,"amount":50},{"posx":0,"posy":6,"amount":750},{"posx":14,"posy":6,"amount":100},{"posx":6,"posy":7,"amount":50},{"posx":9,"posy":8,"amount":200},{"posx":11,"posy":8,"amount":200}],"changedObstacles":[]},{"players":[{"playerId":2277,"score":1700,"energy":11,"posx":3,"posy":4,"lastAction":0,"status":0},{"playerId":2375363,"score":1200,"energy":45,"posx":7,"posy":3,"lastAction":3,"status":0},{"playerId":2407150,"score":1750,"energy":35,"posx":9,"posy":3,"lastAction":4,"status":0},{"playerId":1168092,"score":1600,"energy":4,"posx":1,"posy":6,"lastAction":3,"status":0}],"golds":[{"posx":5,"posy":1,"amount":50},{"posx":0,"posy":2,"amount":50},{"posx":15,"posy":3,"amount":50},{"posx":0,"posy":6,"amount":750},{"posx":14,"posy":6,"amount":100},{"posx":6,"posy":7,"amount":50},{"posx":9,"posy":8,"amount":200},{"posx":11,"posy":8,"amount":200}],"changedObstacles":[]},{"players":[{"playerId":2277,"score":1700,"energy":10,"posx":2,"posy":4,"lastAction":0,"status":0},{"playerId":2375363,"score":1200,"energy":44,"posx":7,"posy":4,"lastAction":3,"status":0},{"playerId":2407150,"score":1750,"energy":50,"posx":9,"posy":3,"lastAction":4,"status":0},{"playerId":1168092,"score":1600,"energy":16,"posx":1,"posy":6,"lastAction":4,"status":0}],"golds":[{"posx":5,"posy":1,"amount":50},{"posx":0,"posy":2,"amount":50},{"posx":15,"posy":3,"amount":50},{"posx":0,"posy":6,"amount":750},{"posx":14,"posy":6,"amount":100},{"posx":6,"posy":7,"amount":50},{"posx":9,"posy":8,"amount":200},{"posx":11,"posy":8,"amount":200}],"changedObstacles":[]},{"players":[{"playerId":2277,"score":1700,"energy":9,"posx":1,"posy":4,"lastAction":0,"status":0},{"playerId":2375363,"score":1200,"energy":43,"posx":7,"posy":5,"lastAction":3,"status":0},{"playerId":2407150,"score":1750,"energy":30,"posx":9,"posy":4,"lastAction":3,"status":0},{"playerId":1168092,"score":1600,"energy":12,"posx":0,"posy":6,"lastAction":0,"status":0}],"golds":[{"posx":5,"posy":1,"amount":50},{"posx":0,"posy":2,"amount":50},{"posx":15,"posy":3,"amount":50},{"posx":0,"posy":6,"amount":750},{"posx":14,"posy":6,"amount":100},{"posx":6,"posy":7,"amount":50},{"posx":9,"posy":8,"amount":200},{"posx":11,"posy":8,"amount":200}],"changedObstacles":[{"type":3,"posx":9,"posy":4,"value":-40}]},{"players":[{"playerId":2277,"score":1700,"energy":8,"posx":1,"posy":5,"lastAction":3,"status":0},{"playerId":2375363,"score":1200,"energy":42,"posx":7,"posy":6,"lastAction":3,"status":0},{"playerId":2407150,"score":1750,"energy":21,"posx":9,"posy":5,"lastAction":3,"status":0},{"playerId":1168092,"score":1650,"energy":7,"posx":0,"posy":6,"lastAction":5,"status":0}],"golds":[{"posx":5,"posy":1,"amount":50},{"posx":0,"posy":2,"amount":50},{"posx":15,"posy":3,"amount":50},{"posx":0,"posy":6,"amount":700},{"posx":14,"posy":6,"amount":100},{"posx":6,"posy":7,"amount":50},{"posx":9,"posy":8,"amount":200},{"posx":11,"posy":8,"amount":200}],"changedObstacles":[]},{"players":[{"playerId":2277,"score":1700,"energy":7,"posx":0,"posy":5,"lastAction":0,"status":0},{"playerId":2375363,"score":1200,"energy":41,"posx":7,"posy":7,"lastAction":3,"status":0},{"playerId":2407150,"score":1750,"energy":1,"posx":9,"posy":6,"lastAction":3,"status":0},{"playerId":1168092,"score":1700,"energy":2,"posx":0,"posy":6,"lastAction":5,"status":0}],"golds":[{"posx":5,"posy":1,"amount":50},{"posx":0,"posy":2,"amount":50},{"posx":15,"posy":3,"amount":50},{"posx":0,"posy":6,"amount":650},{"posx":14,"posy":6,"amount":100},{"posx":6,"posy":7,"amount":50},{"posx":9,"posy":8,"amount":200},{"posx":11,"posy":8,"amount":200}],"changedObstacles":[{"type":3,"posx":9,"posy":6,"value":-40}]},{"players":[{"playerId":2277,"score":1700,"energy":3,"posx":0,"posy":6,"lastAction":3,"status":0},{"playerId":2375363,"score":1200,"energy":37,"posx":6,"posy":7,"lastAction":0,"status":0},{"playerId":2407150,"score":1750,"energy":13,"posx":9,"posy":6,"lastAction":4,"status":0},{"playerId":1168092,"score":1700,"energy":14,"posx":0,"posy":6,"lastAction":4,"status":0}],"golds":[{"posx":5,"posy":1,"amount":50},{"posx":0,"posy":2,"amount":50},{"posx":15,"posy":3,"amount":50},{"posx":0,"posy":6,"amount":650},{"posx":14,"posy":6,"amount":100},{"posx":6,"posy":7,"amount":50},{"posx":9,"posy":8,"amount":200},{"posx":11,"posy":8,"amount":200}],"changedObstacles":[]},{"players":[{"playerId":2277,"score":1700,"energy":15,"posx":0,"posy":6,"lastAction":4,"status":0},{"playerId":2375363,"score":1200,"energy":36,"posx":5,"posy":7,"lastAction":0,"status":0},{"playerId":2407150,"score":1750,"energy":29,"posx":9,"posy":6,"lastAction":4,"status":0},{"playerId":1168092,"score":1750,"energy":9,"posx":0,"posy":6,"lastAction":5,"status":0}],"golds":[{"posx":5,"posy":1,"amount":50},{"posx":0,"posy":2,"amount":50},{"posx":15,"posy":3,"amount":50},{"posx":0,"posy":6,"amount":600},{"posx":14,"posy":6,"amount":100},{"posx":6,"posy":7,"amount":50},{"posx":9,"posy":8,"amount":200},{"posx":11,"posy":8,"amount":200}],"changedObstacles":[]},{"players":[{"playerId":2277,"score":1700,"energy":31,"posx":0,"posy":6,"lastAction":4,"status":0},{"playerId":2375363,"score":1200,"energy":48,"posx":5,"posy":7,"lastAction":4,"status":0},{"playerId":2407150,"score":1750,"energy":50,"posx":9,"posy":6,"lastAction":4,"status":0},{"playerId":1168092,"score":1800,"energy":4,"posx":0,"posy":6,"lastAction":5,"status":0}],"golds":[{"posx":5,"posy":1,"amount":50},{"posx":0,"posy":2,"amount":50},{"posx":15,"posy":3,"amount":50},{"posx":0,"posy":6,"amount":550},{"posx":14,"posy":6,"amount":100},{"posx":6,"posy":7,"amount":50},{"posx":9,"posy":8,"amount":200},{"posx":11,"posy":8,"amount":200}],"changedObstacles":[]},{"players":[{"playerId":2277,"score":1700,"energy":50,"posx":0,"posy":6,"lastAction":4,"status":0},{"playerId":2375363,"score":1200,"energy":38,"posx":5,"posy":6,"lastAction":2,"status":0},{"playerId":2407150,"score":1750,"energy":40,"posx":9,"posy":7,"lastAction":3,"status":0},{"playerId":1168092,"score":1800,"energy":16,"posx":0,"posy":6,"lastAction":4,"status":0}],"golds":[{"posx":5,"posy":1,"amount":50},{"posx":0,"posy":2,"amount":50},{"posx":15,"posy":3,"amount":50},{"posx":0,"posy":6,"amount":550},{"posx":14,"posy":6,"amount":100},{"posx":6,"posy":7,"amount":50},{"posx":9,"posy":8,"amount":200},{"posx":11,"posy":8,"amount":200}],"changedObstacles":[{"type":0,"posx":5,"posy":6,"value":-1},{"type":0,"posx":9,"posy":7,"value":-1}]},{"players":[{"playerId":2277,"score":1750,"energy":45,"posx":0,"posy":6,"lastAction":5,"status":0},{"playerId":2375363,"score":1200,"energy":37,"posx":5,"posy":5,"lastAction":2,"status":0},{"playerId":2407150,"score":1750,"energy":36,"posx":9,"posy":8,"lastAction":3,"status":0},{"playerId":1168092,"score":1850,"energy":11,"posx":0,"posy":6,"lastAction":5,"status":0}],"golds":[{"posx":5,"posy":1,"amount":50},{"posx":0,"posy":2,"amount":50},{"posx":15,"posy":3,"amount":50},{"posx":0,"posy":6,"amount":450},{"posx":14,"posy":6,"amount":100},{"posx":6,"posy":7,"amount":50},{"posx":9,"posy":8,"amount":200},{"posx":11,"posy":8,"amount":200}],"changedObstacles":[]},{"players":[{"playerId":2277,"score":1800,"energy":40,"posx":0,"posy":6,"lastAction":5,"status":0},{"playerId":2375363,"score":1200,"energy":36,"posx":5,"posy":4,"lastAction":2,"status":0},{"playerId":2407150,"score":1800,"energy":31,"posx":9,"posy":8,"lastAction":5,"status":0},{"playerId":1168092,"score":1900,"energy":6,"posx":0,"posy":6,"lastAction":5,"status":0}],"golds":[{"posx":5,"posy":1,"amount":50},{"posx":0,"posy":2,"amount":50},{"posx":15,"posy":3,"amount":50},{"posx":0,"posy":6,"amount":350},{"posx":14,"posy":6,"amount":100},{"posx":6,"posy":7,"amount":50},{"posx":9,"posy":8,"amount":150},{"posx":11,"posy":8,"amount":200}],"changedObstacles":[]},{"players":[{"playerId":2277,"score":1850,"energy":35,"posx":0,"posy":6,"lastAction":5,"status":0},{"playerId":2375363,"score":1200,"energy":31,"posx":5,"posy":3,"lastAction":2,"status":0},{"playerId":2407150,"score":1850,"energy":26,"posx":9,"posy":8,"lastAction":5,"status":0},{"playerId":1168092,"score":1950,"energy":1,"posx":0,"posy":6,"lastAction":5,"status":0}],"golds":[{"posx":5,"posy":1,"amount":50},{"posx":0,"posy":2,"amount":50},{"posx":15,"posy":3,"amount":50},{"posx":0,"posy":6,"amount":250},{"posx":14,"posy":6,"amount":100},{"posx":6,"posy":7,"amount":50},{"posx":9,"posy":8,"amount":100},{"posx":11,"posy":8,"amount":200}],"changedObstacles":[{"type":3,"posx":5,"posy":3,"value":-20}]},{"players":[{"playerId":2277,"score":1900,"energy":30,"posx":0,"posy":6,"lastAction":5,"status":0},{"playerId":2375363,"score":1200,"energy":43,"posx":5,"posy":3,"lastAction":4,"status":0},{"playerId":2407150,"score":1900,"energy":21,"posx":9,"posy":8,"lastAction":5,"status":0},{"playerId":1168092,"score":1950,"energy":13,"posx":0,"posy":6,"lastAction":4,"status":0}],"golds":[{"posx":5,"posy":1,"amount":50},{"posx":0,"posy":2,"amount":50},{"posx":15,"posy":3,"amount":50},{"posx":0,"posy":6,"amount":200},{"posx":14,"posy":6,"amount":100},{"posx":6,"posy":7,"amount":50},{"posx":9,"posy":8,"amount":50},{"posx":11,"posy":8,"amount":200}],"changedObstacles":[]},{"players":[{"playerId":2277,"score":1950,"energy":25,"posx":0,"posy":6,"lastAction":5,"status":0},{"playerId":2375363,"score":1200,"energy":42,"posx":5,"posy":2,"lastAction":2,"status":0},{"playerId":2407150,"score":1950,"energy":16,"posx":9,"posy":8,"lastAction":5,"status":0},{"playerId":1168092,"score":2000,"energy":8,"posx":0,"posy":6,"lastAction":5,"status":0}],"golds":[{"posx":5,"posy":1,"amount":50},{"posx":0,"posy":2,"amount":50},{"posx":15,"posy":3,"amount":50},{"posx":0,"posy":6,"amount":100},{"posx":14,"posy":6,"amount":100},{"posx":6,"posy":7,"amount":50},{"posx":11,"posy":8,"amount":200}],"changedObstacles":[{"type":0,"posx":9,"posy":8,"value":-1}]},{"players":[{"playerId":2277,"score":2000,"energy":20,"posx":0,"posy":6,"lastAction":5,"status":0},{"playerId":2375363,"score":1200,"energy":38,"posx":5,"posy":1,"lastAction":2,"status":0},{"playerId":2407150,"score":1950,"energy":15,"posx":10,"posy":8,"lastAction":1,"status":0},{"playerId":1168092,"score":2050,"energy":3,"posx":0,"posy":6,"lastAction":5,"status":0}],"golds":[{"posx":5,"posy":1,"amount":50},{"posx":0,"posy":2,"amount":50},{"posx":15,"posy":3,"amount":50},{"posx":14,"posy":6,"amount":100},{"posx":6,"posy":7,"amount":50},{"posx":11,"posy":8,"amount":200}],"changedObstacles":[{"type":0,"posx":0,"posy":6,"value":-1}]},{"players":[{"playerId":2277,"score":2000,"energy":19,"posx":1,"posy":6,"lastAction":1,"status":0},{"playerId":2375363,"score":1200,"energy":37,"posx":6,"posy":1,"lastAction":1,"status":0},{"playerId":2407150,"score":1950,"energy":11,"posx":11,"posy":8,"lastAction":1,"status":0},{"playerId":1168092,"score":2050,"energy":2,"posx":0,"posy":5,"lastAction":2,"status":0}],"golds":[{"posx":5,"posy":1,"amount":50},{"posx":0,"posy":2,"amount":50},{"posx":15,"posy":3,"amount":50},{"posx":14,"posy":6,"amount":100},{"posx":6,"posy":7,"amount":50},{"posx":11,"posy":8,"amount":200}],"changedObstacles":[]},{"players":[{"playerId":2277,"score":2000,"energy":14,"posx":1,"posy":7,"lastAction":3,"status":0},{"playerId":2375363,"score":1200,"energy":49,"posx":6,"posy":1,"lastAction":4,"status":0},{"playerId":2407150,"score":2000,"energy":6,"posx":11,"posy":8,"lastAction":5,"status":0},{"playerId":1168092,"score":2050,"energy":14,"posx":0,"posy":5,"lastAction":4,"status":0}],"golds":[{"posx":5,"posy":1,"amount":50},{"posx":0,"posy":2,"amount":50},{"posx":15,"posy":3,"amount":50},{"posx":14,"posy":6,"amount":100},{"posx":6,"posy":7,"amount":50},{"posx":11,"posy":8,"amount":150}],"changedObstacles":[{"type":3,"posx":1,"posy":7,"value":-20}]},{"players":[{"playerId":2277,"score":2000,"energy":26,"posx":1,"posy":7,"lastAction":4,"status":0},{"playerId":2375363,"score":1200,"energy":48,"posx":6,"posy":0,"lastAction":2,"status":0},{"playerId":2407150,"score":2050,"energy":1,"posx":11,"posy":8,"lastAction":5,"status":0},{"playerId":1168092,"score":2050,"energy":4,"posx":0,"posy":4,"lastAction":2,"status":0}],"golds":[{"posx":5,"posy":1,"amount":50},{"posx":0,"posy":2,"amount":50},{"posx":15,"posy":3,"amount":50},{"posx":14,"posy":6,"amount":100},{"posx":6,"posy":7,"amount":50},{"posx":11,"posy":8,"amount":100}],"changedObstacles":[{"type":0,"posx":0,"posy":4,"value":-1}]},{"players":[{"playerId":2277,"score":2000,"energy":42,"posx":1,"posy":7,"lastAction":4,"status":0},{"playerId":2375363,"score":1200,"energy":47,"posx":7,"posy":0,"lastAction":1,"status":0},{"playerId":2407150,"score":2050,"energy":13,"posx":11,"posy":8,"lastAction":4,"status":0},{"playerId":1168092,"score":2050,"energy":3,"posx":0,"posy":3,"lastAction":2,"status":0}],"golds":[{"posx":5,"posy":1,"amount":50},{"posx":0,"posy":2,"amount":50},{"posx":15,"posy":3,"amount":50},{"posx":14,"posy":6,"amount":100},{"posx":6,"posy":7,"amount":50},{"posx":11,"posy":8,"amount":100}],"changedObstacles":[]},{"players":[{"playerId":2277,"score":2000,"energy":50,"posx":1,"posy":7,"lastAction":4,"status":0},{"playerId":2375363,"score":1200,"energy":46,"posx":7,"posy":1,"lastAction":3,"status":0},{"playerId":2407150,"score":2050,"energy":29,"posx":11,"posy":8,"lastAction":4,"status":0},{"playerId":1168092,"score":2050,"energy":15,"posx":0,"posy":3,"lastAction":4,"status":0}],"golds":[{"posx":5,"posy":1,"amount":50},{"posx":0,"posy":2,"amount":50},{"posx":15,"posy":3,"amount":50},{"posx":14,"posy":6,"amount":100},{"posx":6,"posy":7,"amount":50},{"posx":11,"posy":8,"amount":100}],"changedObstacles":[]},{"players":[{"playerId":2277,"score":2000,"energy":33,"posx":2,"posy":7,"lastAction":1,"status":0},{"playerId":2375363,"score":1200,"energy":45,"posx":7,"posy":2,"lastAction":3,"status":0},{"playerId":2407150,"score":2050,"energy":50,"posx":11,"posy":8,"lastAction":4,"status":0},{"playerId":1168092,"score":2050,"energy":11,"posx":0,"posy":2,"lastAction":2,"status":0}],"golds":[{"posx":5,"posy":1,"amount":50},{"posx":0,"posy":2,"amount":50},{"posx":15,"posy":3,"amount":50},{"posx":14,"posy":6,"amount":100},{"posx":6,"posy":7,"amount":50},{"posx":11,"posy":8,"amount":100}],"changedObstacles":[]},{"players":[{"playerId":2277,"score":2000,"energy":32,"posx":3,"posy":7,"lastAction":1,"status":0},{"playerId":2375363,"score":1200,"energy":44,"posx":7,"posy":3,"lastAction":3,"status":0},{"playerId":2407150,"score":2100,"energy":45,"posx":11,"posy":8,"lastAction":5,"status":0},{"playerId":1168092,"score":2100,"energy":6,"posx":0,"posy":2,"lastAction":5,"status":0}],"golds":[{"posx":5,"posy":1,"amount":50},{"posx":15,"posy":3,"amount":50},{"posx":14,"posy":6,"amount":100},{"posx":6,"posy":7,"amount":50},{"posx":11,"posy":8,"amount":50}],"changedObstacles":[{"type":0,"posx":0,"posy":2,"value":-1}]},{"players":[{"playerId":2277,"score":2000,"energy":22,"posx":4,"posy":7,"lastAction":1,"status":0},{"playerId":2375363,"score":1200,"energy":43,"posx":7,"posy":4,"lastAction":3,"status":0},{"playerId":2407150,"score":2150,"energy":40,"posx":11,"posy":8,"lastAction":5,"status":0},{"playerId":1168092,"score":2100,"energy":5,"posx":0,"posy":1,"lastAction":2,"status":0}],"golds":[{"posx":5,"posy":1,"amount":50},{"posx":15,"posy":3,"amount":50},{"posx":14,"posy":6,"amount":100},{"posx":6,"posy":7,"amount":50}],"changedObstacles":[{"type":0,"posx":4,"posy":7,"value":-1},{"type":0,"posx":11,"posy":8,"value":-1}]},{"players":[{"playerId":2277,"score":2000,"energy":21,"posx":5,"posy":7,"lastAction":1,"status":0},{"playerId":2375363,"score":1200,"energy":50,"posx":7,"posy":4,"lastAction":4,"status":0},{"playerId":2407150,"score":2150,"energy":50,"posx":11,"posy":8,"lastAction":4,"status":0},{"playerId":1168092,"score":2100,"energy":17,"posx":0,"posy":1,"lastAction":4,"status":0}],"golds":[{"posx":5,"posy":1,"amount":50},{"posx":15,"posy":3,"amount":50},{"posx":14,"posy":6,"amount":100},{"posx":6,"posy":7,"amount":50}],"changedObstacles":[]},{"players":[{"playerId":2277,"score":2000,"energy":17,"posx":6,"posy":7,"lastAction":1,"status":0},{"playerId":2375363,"score":1200,"energy":50,"posx":7,"posy":4,"lastAction":4,"status":0},{"playerId":2407150,"score":2150,"energy":50,"posx":11,"posy":8,"lastAction":4,"status":0},{"playerId":1168092,"score":2100,"energy":7,"posx":1,"posy":1,"lastAction":1,"status":0}],"golds":[{"posx":5,"posy":1,"amount":50},{"posx":15,"posy":3,"amount":50},{"posx":14,"posy":6,"amount":100},{"posx":6,"posy":7,"amount":50}],"changedObstacles":[{"type":0,"posx":1,"posy":1,"value":-1}]},{"players":[{"playerId":2277,"score":2050,"energy":12,"posx":6,"posy":7,"lastAction":5,"status":0},{"playerId":2375363,"score":1200,"energy":50,"posx":7,"posy":4,"lastAction":4,"status":0},{"playerId":2407150,"score":2150,"energy":50,"posx":11,"posy":8,"lastAction":4,"status":0},{"playerId":1168092,"score":2100,"energy":2,"posx":2,"posy":1,"lastAction":1,"status":0}],"golds":[{"posx":5,"posy":1,"amount":50},{"posx":15,"posy":3,"amount":50},{"posx":14,"posy":6,"amount":100}],"changedObstacles":[{"type":3,"posx":2,"posy":1,"value":-20},{"type":0,"posx":6,"posy":7,"value":-1}]},{"players":[{"playerId":2277,"score":2050,"energy":11,"posx":6,"posy":6,"lastAction":2,"status":0},{"playerId":2375363,"score":1200,"energy":50,"posx":7,"posy":4,"lastAction":4,"status":0},{"playerId":2407150,"score":2150,"energy":50,"posx":11,"posy":8,"lastAction":4,"status":0},{"playerId":1168092,"score":2100,"energy":1,"posx":3,"posy":1,"lastAction":1,"status":0}],"golds":[{"posx":5,"posy":1,"amount":50},{"posx":15,"posy":3,"amount":50},{"posx":14,"posy":6,"amount":100}],"changedObstacles":[]}]