[{"players":[{"playerId":2410245,"score":0,"energy":40,"posx":18,"posy":7,"lastAction":1,"status":0},{"playerId":239305,"score":0,"energy":40,"posx":18,"posy":7,"lastAction":1,"status":0},{"playerId":2415753,"score":0,"energy":30,"posx":16,"posy":7,"lastAction":0,"status":0},{"playerId":2271981,"score":0,"energy":44,"posx":17,"posy":6,"lastAction":2,"status":0}],"golds":[{"posx":6,"posy":4,"amount":450},{"posx":9,"posy":1,"amount":450},{"posx":18,"posy":3,"amount":250},{"posx":0,"posy":2,"amount":50},{"posx":20,"posy":7,"amount":700},{"posx":6,"posy":6,"amount":100},{"posx":7,"posy":1,"amount":150},{"posx":14,"posy":6,"amount":250},{"posx":6,"posy":7,"amount":50},{"posx":13,"posy":5,"amount":500},{"posx":9,"posy":8,"amount":200},{"posx":11,"posy":8,"amount":200},{"posx":7,"posy":2,"amount":700},{"posx":14,"posy":7,"amount":500},{"posx":15,"posy":3,"amount":250},{"posx":20,"posy":3,"amount":750},{"posx":10,"posy":6,"amount":400},{"posx":0,"posy":6,"amount":750},{"posx":2,"posy":5,"amount":650},{"posx":5,"posy":1,"amount":350}],"changedObstacles":[{"type":0,"posx":18,"posy":7,"value":-1}]},{"players":[{"playerId":2410245,"score":0,"energy":39,"posx":19,"posy":7,"lastAction":1,"status":0},{"playerId":239305,"score":0,"energy":39,"posx":19,"posy":7,"lastAction":1,"status":0},{"playerId":2415753,"score":0,"energy":29,"posx":16,"posy":6,"lastAction":2,"status":0},{"playerId":2271981,"score":0,"energy":43,"posx":16,"posy":6,"lastAction":0,"status":0}],"golds":[{"posx":6,"posy":4,"amount":450},{"posx":9,"posy":1,"amount":450},{"posx":18,"posy":3,"amount":250},{"posx":0,"posy":2,"amount":50},{"posx":20,"posy":7,"amount":700},{"posx":6,"posy":6,"amount":100},{"posx":7,"posy":1,"amount":150},{"posx":14,"posy":6,"amount":250},{"posx":6,"posy":7,"amount":50},{"posx":13,"posy":5,"amount":500},{"posx":9,"posy":8,"amount":200},{"posx":11,"posy":8,"amount":200},{"posx":7,"posy":2,"amount":700},{"posx":14,"posy":7,"amount":500},{"posx":15,"posy":3,"amount":250},{"posx":20,"posy":3,"amount":750},{"posx":10,"posy":6,"amount":400},{"posx":0,"posy":6,"amount":750},{"posx":2,"posy":5,"amount":650},{"posx":5,"posy":1,"amount":350}],"changedObstacles":[]},{"players":[{"playerId":2410245,"score":0,"energy":35,"posx":20,"posy":7,"lastAction":1,"status":0},{"playerId":239305,"score":0,"energy":35,"posx":20,"posy":7,"lastAction":1,"status":0},{"playerId":2415753,"score":0,"energy":28,"posx":15,"posy":6,"lastAction":0,"status":0},{"playerId":2271981,"score":0,"energy":42,"posx":15,"posy":6,"lastAction":0,"status":0}],"golds":[{"posx":6,"posy":4,"amount":450},{"posx":9,"posy":1,"amount":450},{"posx":18,"posy":3,"amount":250},{"posx":0,"posy":2,"amount":50},{"posx":20,"posy":7,"amount":700},{"posx":6,"posy":6,"amount":100},{"posx":7,"posy":1,"amount":150},{"posx":14,"posy":6,"amount":250},{"posx":6,"posy":7,"amount":50},{"posx":13,"posy":5,"amount":500},{"posx":9,"posy":8,"amount":200},{"posx":11,"posy":8,"amount":200},{"posx":7,"posy":2,"amount":700},{"posx":14,"posy":7,"amount":500},{"posx":15,"posy":3,"amount":250},{"posx":20,"posy":3,"amount":750},{"posx":10,"posy":6,"amount":400},{"posx":0,"posy":6,"amount":750},{"posx":2,"posy":5,"amount":650},{"posx":5,"posy":1,"amount":350}],"changedObstacles":[]},{"players":[{"playerId":2410245,"score":50,"energy":30,"posx":20,"posy":7,"lastAction":5,"status":0},{"playerId":239305,"score":50,"energy":30,"posx":20,"posy":7,"lastAction":5,"status":0},{"playerId":2415753,"score":0,"energy":27,"posx":15,"posy":5,"lastAction":2,"status":0},{"playerId":2271981,"score":0,"energy":38,"posx":14,"posy":6,"lastAction":0,"status":0}],"golds":[{"posx":5,"posy":1,"amount":350},{"posx":7,"posy":1,"amount":150},{"posx":9,"posy":1,"amount":450},{"posx":0,"posy":2,"amount":50},{"posx":7,"posy":2,"amount":700},{"posx":15,"posy":3,"amount":250},{"posx":18,"posy":3,"amount":250},{"posx":20,"posy":3,"amount":750},{"posx":6,"posy":4,"amount":450},{"posx":2,"posy":5,"amount":650},{"posx":13,"posy":5,"amount":500},{"posx":0,"posy":6,"amount":750},{"posx":6,"posy":6,"amount":100},{"posx":10,"posy":6,"amount":400},{"posx":14,"posy":6,"amount":250},{"posx":6,"posy":7,"amount":50},{"posx":14,"posy":7,"amount":500},{"posx":20,"posy":7,"amount":600},{"posx":9,"posy":8,"amount":200},{"posx":11,"posy":8,"amount":200}],"changedObstacles":[]},{"players":[{"playerId":2410245,"score":100,"energy":25,"posx":20,"posy":7,"lastAction":5,"status":0},{"playerId":239305,"score":100,"energy":25,"posx":20,"posy":7,"lastAction":5,"status":0},{"playerId":2415753,"score":0,"energy":26,"posx":14,"posy":5,"lastAction":0,"status":0},{"playerId":2271981,"score":50,"energy":33,"posx":14,"posy":6,"lastAction":5,"status":0}],"golds":[{"posx":5,"posy":1,"amount":350},{"posx":7,"posy":1,"amount":150},{"posx":9,"posy":1,"amount":450},{"posx":0,"posy":2,"amount":50},{"posx":7,"posy":2,"amount":700},{"posx":15,"posy":3,"amount":250},{"posx":18,"posy":3,"amount":250},{"posx":20,"posy":3,"amount":750},{"posx":6,"posy":4,"amount":450},{"posx":2,"posy":5,"amount":650},{"posx":13,"posy":5,"amount":500},{"posx":0,"posy":6,"amount":750},{"posx":6,"posy":6,"amount":100},{"posx":10,"posy":6,"amount":400},{"posx":14,"posy":6,"amount":200},{"posx":6,"posy":7,"amount":50},{"posx":14,"posy":7,"amount":500},{"posx":20,"posy":7,"amount":500},{"posx":9,"posy":8,"amount":200},{"posx":11,"posy":8,"amount":200}],"changedObstacles":[]},{"players":[{"playerId":2410245,"score":150,"energy":20,"posx":20,"posy":7,"lastAction":5,"status":0},{"playerId":239305,"score":150,"energy":20,"posx":20,"posy":7,"lastAction":5,"status":0},{"playerId":2415753,"score":0,"energy":22,"posx":13,"posy":5,"lastAction":0,"status":0},{"playerId":2271981,"score":100,"energy":28,"posx":14,"posy":6,"lastAction":5,"status":0}],"golds":[{"posx":5,"posy":1,"amount":350},{"posx":7,"posy":1,"amount":150},{"posx":9,"posy":1,"amount":450},{"posx":0,"posy":2,"amount":50},{"posx":7,"posy":2,"amount":700},{"posx":15,"posy":3,"amount":250},{"posx":18,"posy":3,"amount":250},{"posx":20,"posy":3,"amount":750},{"posx":6,"posy":4,"amount":450},{"posx":2,"posy":5,"amount":650},{"posx":13,"posy":5,"amount":500},{"posx":0,"posy":6,"amount":750},{"posx":6,"posy":6,"amount":100},{"posx":10,"posy":6,"amount":400},{"posx":14,"posy":6,"amount":150},{"posx":6,"posy":7,"amount":50},{"posx":14,"posy":7,"amount":500},{"posx":20,"posy":7,"amount":400},{"posx":9,"posy":8,"amount":200},{"posx":11,"posy":8,"amount":200}],"changedObstacles":[]},{"players":[{"playerId":2410245,"score":200,"energy":15,"posx":20,"posy":7,"lastAction":5,"status":0},{"playerId":239305,"score":200,"energy":15,"posx":20,"posy":7,"lastAction":5,"status":0},{"playerId":2415753,"score":50,"energy":17,"posx":13,"posy":5,"lastAction":5,"status":0},{"playerId":2271981,"score":150,"energy":23,"posx":14,"posy":6,"lastAction":5,"status":0}],"golds":[{"posx":5,"posy":1,"amount":350},{"posx":7,"posy":1,"amount":150},{"posx":9,"posy":1,"amount":450},{"posx":0,"posy":2,"amount":50},{"posx":7,"posy":2,"amount":700},{"posx":15,"posy":3,"amount":250},{"posx":18,"posy":3,"amount":250},{"posx":20,"posy":3,"amount":750},{"posx":6,"posy":4,"amount":450},{"posx":2,"posy":5,"amount":650},{"posx":13,"posy":5,"amount":450},{"posx":0,"posy":6,"amount":750},{"posx":6,"posy":6,"amount":100},{"posx":10,"posy":6,"amount":400},{"posx":14,"posy":6,"amount":100},{"posx":6,"posy":7,"amount":50},{"posx":14,"posy":7,"amount":500},{"posx":20,"posy":7,"amount":300},{"posx":9,"posy":8,"amount":200},{"posx":11,"posy":8,"amount":200}],"changedObstacles":[]},{"players":[{"playerId":2410245,"score":250,"energy":10,"posx":20,"posy":7,"lastAction":5,"status":0},{"playerId":239305,"score":250,"energy":10,"posx":20,"posy":7,"lastAction":5,"status":0},{"playerId":2415753,"score":100,"energy":12,"posx":13,"posy":5,"lastAction":5,"status":0},{"playerId":2271981,"score":200,"energy":18,"posx":14,"posy":6,"lastAction":5,"status":0}],"golds":[{"posx":5,"posy":1,"amount":350},{"posx":7,"posy":1,"amount":150},{"posx":9,"posy":1,"amount":450},{"posx":0,"posy":2,"amount":50},{"posx":7,"posy":2,"amount":700},{"posx":15,"posy":3,"amount":250},{"posx":18,"posy":3,"amount":250},{"posx":20,"posy":3,"amount":750},{"posx":6,"posy":4,"amount":450},{"posx":2,"posy":5,"amount":650},{"posx":13,"posy":5,"amount":400},{"posx":0,"posy":6,"amount":750},{"posx":6,"posy":6,"amount":100},{"posx":10,"posy":6,"amount":400},{"posx":14,"posy":6,"amount":50},{"posx":6,"posy":7,"amount":50},{"posx":14,"posy":7,"amount":500},{"posx":20,"posy":7,"amount":200},{"posx":9,"posy":8,"amount":200},{"posx":11,"posy":8,"amount":200}],"changedObstacles":[]},{"players":[{"playerId":2410245,"score":300,"energy":5,"posx":20,"posy":7,"lastAction":5,"status":0},{"playerId":239305,"score":300,"energy":5,"posx":20,"posy":7,"lastAction":5,"status":0},{"playerId":2415753,"score":150,"energy":7,"posx":13,"posy":5,"lastAction":5,"status":0},{"playerId":2271981,"score":250,"energy":13,"posx":14,"posy":6,"lastAction":5,"status":0}],"golds":[{"posx":5,"posy":1,"amount":350},{"posx":7,"posy":1,"amount":150},{"posx":9,"posy":1,"amount":450},{"posx":0,"posy":2,"amount":50},{"posx":7,"posy":2,"amount":700},{"posx":15,"posy":3,"amount":250},{"posx":18,"posy":3,"amount":250},{"posx":20,"posy":3,"amount":750},{"posx":6,"posy":4,"amount":450},{"posx":2,"posy":5,"amount":650},{"posx":13,"posy":5,"amount":350},{"posx":0,"posy":6,"amount":750},{"posx":6,"posy":6,"amount":100},{"posx":10,"posy":6,"amount":400},{"posx":6,"posy":7,"amount":50},{"posx":14,"posy":7,"amount":500},{"posx":20,"posy":7,"amount":100},{"posx":9,"posy":8,"amount":200},{"posx":11,"posy":8,"amount":200}],"changedObstacles":[{"type":0,"posx":14,"posy":6,"value":-1}]},{"players":[{"playerId":2410245,"score":300,"energy":17,"posx":20,"posy":7,"lastAction":4,"status":0},{"playerId":239305,"score":300,"energy":17,"posx":20,"posy":7,"lastAction":4,"status":0},{"playerId":2415753,"score":200,"energy":2,"posx":13,"posy":5,"lastAction":5,"status":0},{"playerId":2271981,"score":250,"energy":9,"posx":14,"posy":7,"lastAction":3,"status":0}],"golds":[{"posx":5,"posy":1,"amount":350},{"posx":7,"posy":1,"amount":150},{"posx":9,"posy":1,"amount":450},{"posx":0,"posy":2,"amount":50},{"posx":7,"posy":2,"amount":700},{"posx":15,"posy":3,"amount":250},{"posx":18,"posy":3,"amount":250},{"posx":20,"posy":3,"amount":750},{"posx":6,"posy":4,"amount":450},{"posx":2,"posy":5,"amount":650},{"posx":13,"posy":5,"amount":300},{"posx":0,"posy":6,"amount":750},{"posx":6,"posy":6,"amount":100},{"posx":10,"posy":6,"amount":400},{"posx":6,"posy":7,"amount":50},{"posx":14,"posy":7,"amount":500},{"posx":20,"posy":7,"amount":100},{"posx":9,"posy":8,"amount":200},{"posx":11,"posy":8,"amount":200}],"changedObstacles":[]},{"players":[{"playerId":2410245,"score":350,"energy":12,"posx":20,"posy":7,"lastAction":5,"status":0},{"playerId":239305,"score":350,"energy":12,"posx":20,"posy":7,"lastAction":5,"status":0},{"playerId":2415753,"score":200,"energy":14,"posx":13,"posy":5,"lastAction":4,"status":0},{"playerId":2271981,"score":300,"energy":4,"posx":14,"posy":7,"lastAction":5,"status":0}],"golds":[{"posx":5,"posy":1,"amount":350},{"posx":7,"posy":1,"amount":150},{"posx":9,"posy":1,"amount":450},{"posx":0,"posy":2,"amount":50},{"posx":7,"posy":2,"amount":700},{"posx":15,"posy":3,"amount":250},{"posx":18,"posy":3,"amount":250},{"posx":20,"posy":3,"amount":750},{"posx":6,"posy":4,"amount":450},{"posx":2,"posy":5,"amount":650},{"posx":13,"posy":5,"amount":300},{"posx":0,"posy":6,"amount":750},{"posx":6,"posy":6,"amount":100},{"posx":10,"posy":6,"amount":400},{"posx":6,"posy":7,"amount":50},{"posx":14,"posy":7,"amount":450},{"posx":9,"posy":8,"amount":200},{"posx":11,"posy":8,"amount":200}],"changedObstacles":[{"type":0,"posx":20,"posy":7,"value":-1}]},{"players":[{"playerId":2410245,"score":350,"energy":11,"posx":20,"posy":6,"lastAction":2,"status":0},{"playerId":239305,"score":350,"energy":11,"posx":20,"posy":6,"lastAction":2,"status":0},{"playerId":2415753,"score":250,"energy":9,"posx":13,"posy":5,"lastAction":5,"status":0},{"playerId":2271981,"score":300,"energy":16,"posx":14,"posy":7,"lastAction":4,"status":0}],"golds":[{"posx":5,"posy":1,"amount":350},{"posx":7,"posy":1,"amount":150},{"posx":9,"posy":1,"amount":450},{"posx":0,"posy":2,"amount":50},{"posx":7,"posy":2,"amount":700},{"posx":15,"posy":3,"amount":250},{"posx":18,"posy":3,"amount":250},{"posx":20,"posy":3,"amount":750},{"posx":6,"posy":4,"amount":450},{"posx":2,"posy":5,"amount":650},{"posx":13,"posy":5,"amount":250},{"posx":0,"posy":6,"amount":750},{"posx":6,"posy":6,"amount":100},{"posx":10,"posy":6,"amount":400},{"posx":6,"posy":7,"amount":50},{"posx":14,"posy":7,"amount":450},{"posx":9,"posy":8,"amount":200},{"posx":11,"posy":8,"amount":200}],"changedObstacles":[]},{"players":[{"playerId":2410245,"score":350,"energy":10,"posx":19,"posy":6,"lastAction":0,"status":0},{"playerId":239305,"score":350,"energy":23,"posx":20,"posy":6,"lastAction":4,"status":0},{"playerId":2415753,"score":300,"energy":4,"posx":13,"posy":5,"lastAction":5,"status":0},{"playerId":2271981,"score":300,"energy":32,"posx":14,"posy":7,"lastAction":4,"status":0}],"golds":[{"posx":5,"posy":1,"amount":350},{"posx":7,"posy":1,"amount":150},{"posx":9,"posy":1,"amount":450},{"posx":0,"posy":2,"amount":50},{"posx":7,"posy":2,"amount":700},{"posx":15,"posy":3,"amount":250},{"posx":18,"posy":3,"amount":250},{"posx":20,"posy":3,"amount":750},{"posx":6,"posy":4,"amount":450},{"posx":2,"posy":5,"amount":650},{"posx":13,"posy":5,"amount":200},{"posx":0,"posy":6,"amount":750},{"posx":6,"posy":6,"amount":100},{"posx":10,"posy":6,"amount":400},{"posx":6,"posy":7,"amount":50},{"posx":14,"posy":7,"amount":450},{"posx":9,"posy":8,"amount":200},{"posx":11,"posy":8,"amount":200}],"changedObstacles":[]},{"players":[{"playerId":2410245,"score":350,"energy":5,"posx":19,"posy":5,"lastAction":2,"status":0},{"playerId":239305,"score":350,"energy":39,"posx":20,"posy":6,"lastAction":4,"status":0},{"playerId":2415753,"score":300,"energy":16,"posx":13,"posy":5,"lastAction":4,"status":0},{"playerId":2271981,"score":300,"energy":50,"posx":14,"posy":7,"lastAction":4,"status":0}],"golds":[{"posx":5,"posy":1,"amount":350},{"posx":7,"posy":1,"amount":150},{"posx":9,"posy":1,"amount":450},{"posx":0,"posy":2,"amount":50},{"posx":7,"posy":2,"amount":700},{"posx":15,"posy":3,"amount":250},{"posx":18,"posy":3,"amount":250},{"posx":20,"posy":3,"amount":750},{"posx":6,"posy":4,"amount":450},{"posx":2,"posy":5,"amount":650},{"posx":13,"posy":5,"amount":200},{"posx":0,"posy":6,"amount":750},{"posx":6,"posy":6,"amount":100},{"posx":10,"posy":6,"amount":400},{"posx":6,"posy":7,"amount":50},{"posx":14,"posy":7,"amount":450},{"posx":9,"posy":8,"amount":200},{"posx":11,"posy":8,"amount":200}],"changedObstacles":[{"type":3,"posx":19,"posy":5,"value":-20}]},{"players":[{"playerId":2410245,"score":350,"energy":4,"posx":19,"posy":4,"lastAction":2,"status":0},{"playerId":239305,"score":350,"energy":29,"posx":20,"posy":5,"lastAction":2,"status":0},{"playerId":2415753,"score":350,"energy":11,"posx":13,"posy":5,"lastAction":5,"status":0},{"playerId":2271981,"score":350,"energy":45,"posx":14,"posy":7,"lastAction":5,"status":0}],"golds":[{"posx":5,"posy":1,"amount":350},{"posx":7,"posy":1,"amount":150},{"posx":9,"posy":1,"amount":450},{"posx":0,"posy":2,"amount":50},{"posx":7,"posy":2,"amount":700},{"posx":15,"posy":3,"amount":250},{"posx":18,"posy":3,"amount":250},{"posx":20,"posy":3,"amount":750},{"posx":6,"posy":4,"amount":450},{"posx":2,"posy":5,"amount":650},{"posx":13,"posy":5,"amount":150},{"posx":0,"posy":6,"amount":750},{"posx":6,"posy":6,"amount":100},{"posx":10,"posy":6,"amount":400},{"posx":6,"posy":7,"amount":50},{"posx":14,"posy":7,"amount":400},{"posx":9,"posy":8,"amount":200},{"posx":11,"posy":8,"amount":200}],"changedObstacles":[]},{"players":[{"playerId":2410245,"score":350,"energy":16,"posx":19,"posy":4,"lastAction":4,"status":0},{"playerId":239305,"score":350,"energy":28,"posx":20,"posy":4,"lastAction":2,"status":0},{"playerId":2415753,"score":400,"energy":6,"posx":13,"posy":5,"lastAction":5,"status":0},{"playerId":2271981,"score":400,"energy":40,"posx":14,"posy":7,"lastAction":5,"status":0}],"golds":[{"posx":5,"posy":1,"amount":350},{"posx":7,"posy":1,"amount":150},{"posx":9,"posy":1,"amount":450},{"posx":0,"posy":2,"amount":50},{"posx":7,"posy":2,"amount":700},{"posx":15,"posy":3,"amount":250},{"posx":18,"posy":3,"amount":250},{"posx":20,"posy":3,"amount":750},{"posx":6,"posy":4,"amount":450},{"posx":2,"posy":5,"amount":650},{"posx":13,"posy":5,"amount":100},{"posx":0,"posy":6,"amount":750},{"posx":6,"posy":6,"amount":100},{"posx":10,"posy":6,"amount":400},{"posx":6,"posy":7,"amount":50},{"posx":14,"posy":7,"amount":350},{"posx":9,"posy":8,"amount":200},{"posx":11,"posy":8,"amount":200}],"changedObstacles":[]},{"players":[{"playerId":2410245,"score":350,"energy":15,"posx":19,"posy":3,"lastAction":2,"status":0},{"playerId":239305,"score":350,"energy":24,"posx":20,"posy":3,"lastAction":2,"status":0},{"playerId":2415753,"score":450,"energy":1,"posx":13,"posy":5,"lastAction":5,"status":0},{"playerId":2271981,"score":450,"energy":35,"posx":14,"posy":7,"lastAction":5,"status":0}],"golds":[{"posx":5,"posy":1,"amount":350},{"posx":7,"posy":1,"amount":150},{"posx":9,"posy":1,"amount":450},{"posx":0,"posy":2,"amount":50},{"posx":7,"posy":2,"amount":700},{"posx":15,"posy":3,"amount":250},{"posx":18,"posy":3,"amount":250},{"posx":20,"posy":3,"amount":750},{"posx":6,"posy":4,"amount":450},{"posx":2,"posy":5,"amount":650},{"posx":13,"posy":5,"amount":50},{"posx":0,"posy":6,"amount":750},{"posx":6,"posy":6,"amount":100},{"posx":10,"posy":6,"amount":400},{"posx":6,"posy":7,"amount":50},{"posx":14,"posy":7,"amount":300},{"posx":9,"posy":8,"amount":200},{"posx":11,"posy":8,"amount":200}],"changedObstacles":[]},{"players":[{"playerId":2410245,"score":350,"energy":11,"posx":20,"posy":3,"lastAction":1,"status":0},{"playerId":239305,"score":400,"energy":19,"posx":20,"posy":3,"lastAction":5,"status":0},{"playerId":2415753,"score":450,"energy":13,"posx":13,"posy":5,"lastAction":4,"status":0},{"playerId":2271981,"score":500,"energy":30,"posx":14,"posy":7,"lastAction":5,"status":0}],"golds":[{"posx":5,"posy":1,"amount":350},{"posx":7,"posy":1,"amount":150},{"posx":9,"posy":1,"amount":450},{"posx":0,"posy":2,"amount":50},{"posx":7,"posy":2,"amount":700},{"posx":15,"posy":3,"amount":250},{"posx":18,"posy":3,"amount":250},{"posx":20,"posy":3,"amount":700},{"posx":6,"posy":4,"amount":450},{"posx":2,"posy":5,"amount":650},{"posx":13,"posy":5,"amount":50},{"posx":0,"posy":6,"amount":750},{"posx":6,"posy":6,"amount":100},{"posx":10,"posy":6,"amount":400},{"posx":6,"posy":7,"amount":50},{"posx":14,"posy":7,"amount":250},{"posx":9,"posy":8,"amount":200},{"posx":11,"posy":8,"amount":200}],"changedObstacles":[]},{"players":[{"playerId":2410245,"score":400,"energy":6,"posx":20,"posy":3,"lastAction":5,"status":0},{"playerId":239305,"score":450,"energy":14,"posx":20,"posy":3,"lastAction":5,"status":0},{"playerId":2415753,"score":500,"energy":8,"posx":13,"posy":5,"lastAction":5,"status":0},{"playerId":2271981,"score":550,"energy":25,"posx":14,"posy":7,"lastAction":5,"status":0}],"golds":[{"posx":5,"posy":1,"amount":350},{"posx":7,"posy":1,"amount":150},{"posx":9,"posy":1,"amount":450},{"posx":0,"posy":2,"amount":50},{"posx":7,"posy":2,"amount":700},{"posx":15,"posy":3,"amount":250},{"posx":18,"posy":3,"amount":250},{"posx":20,"posy":3,"amount":600},{"posx":6,"posy":4,"amount":450},{"posx":2,"posy":5,"amount":650},{"posx":0,"posy":6,"amount":750},{"posx":6,"posy":6,"amount":100},{"posx":10,"posy":6,"amount":400},{"posx":6,"posy":7,"amount":50},{"posx":14,"posy":7,"amount":200},{"posx":9,"posy":8,"amount":200},{"posx":11,"posy":8,"amount":200}],"changedObstacles":[{"type":0,"posx":13,"posy":5,"value":-1}]},{"players":[{"playerId":2410245,"score":450,"energy":1,"posx":20,"posy":3,"lastAction":5,"status":0},{"playerId":239305,"score":500,"energy":9,"posx":20,"posy":3,"lastAction":5,"status":0},{"playerId":2415753,"score":500,"energy":7,"posx":13,"posy":4,"lastAction":2,"status":0},{"playerId":2271981,"score":600,"energy":20,"posx":14,"posy":7,"lastAction":5,"status":0}],"golds":[{"posx":5,"posy":1,"amount":350},{"posx":7,"posy":1,"amount":150},{"posx":9,"posy":1,"amount":450},{"posx":0,"posy":2,"amount":50},{"posx":7,"posy":2,"amount":700},{"posx":15,"posy":3,"amount":250},{"posx":18,"posy":3,"amount":250},{"posx":20,"posy":3,"amount":500},{"posx":6,"posy":4,"amount":450},{"posx":2,"posy":5,"amount":650},{"posx":0,"posy":6,"amount":750},{"posx":6,"posy":6,"amount":100},{"posx":10,"posy":6,"amount":400},{"posx":6,"posy":7,"amount":50},{"posx":14,"posy":7,"amount":150},{"posx":9,"posy":8,"amount":200},{"posx":11,"posy":8,"amount":200}],"changedObstacles":[]},{"players":[{"playerId":2410245,"score":450,"energy":13,"posx":20,"posy":3,"lastAction":4,"status":0},{"playerId":239305,"score":550,"energy":4,"posx":20,"posy":3,"lastAction":5,"status":0},{"playerId":2415753,"score":500,"energy":6,"posx":12,"posy":4,"lastAction":0,"status":0},{"playerId":2271981,"score":650,"energy":15,"posx":14,"posy":7,"lastAction":5,"status":0}],"golds":[{"posx":5,"posy":1,"amount":350},{"posx":7,"posy":1,"amount":150},{"posx":9,"posy":1,"amount":450},{"posx":0,"posy":2,"amount":50},{"posx":7,"posy":2,"amount":700},{"posx":15,"posy":3,"amount":250},{"posx":18,"posy":3,"amount":250},{"posx":20,"posy":3,"amount":450},{"posx":6,"posy":4,"amount":450},{"posx":2,"posy":5,"amount":650},{"posx":0,"posy":6,"amount":750},{"posx":6,"posy":6,"amount":100},{"posx":10,"posy":6,"amount":400},{"posx":6,"posy":7,"amount":50},{"posx":14,"posy":7,"amount":100},{"posx":9,"posy":8,"amount":200},{"posx":11,"posy":8,"amount":200}],"changedObstacles":[]},{"players":[{"playerId":2410245,"score":500,"energy":8,"posx":20,"posy":3,"lastAction":5,"status":0},{"playerId":239305,"score":550,"energy":16,"posx":20,"posy":3,"lastAction":4,"status":0},{"playerId":2415753,"score":500,"energy":1,"posx":12,"posy":3,"lastAction":2,"status":0},{"playerId":2271981,"score":700,"energy":10,"posx":14,"posy":7,"lastAction":5,"status":0}],"golds":[{"posx":5,"posy":1,"amount":350},{"posx":7,"posy":1,"amount":150},{"posx":9,"posy":1,"amount":450},{"posx":0,"posy":2,"amount":50},{"posx":7,"posy":2,"amount":700},{"posx":15,"posy":3,"amount":250},{"posx":18,"posy":3,"amount":250},{"posx":20,"posy":3,"amount":400},{"posx":6,"posy":4,"amount":450},{"posx":2,"posy":5,"amount":650},{"posx":0,"posy":6,"amount":750},{"posx":6,"posy":6,"amount":100},{"posx":10,"posy":6,"amount":400},{"posx":6,"posy":7,"amount":50},{"posx":14,"posy":7,"amount":50},{"posx":9,"posy":8,"amount":200},{"posx":11,"posy":8,"amount":200}],"changedObstacles":[{"type":3,"posx":12,"posy":3,"value":-20}]},{"players":[{"playerId":2410245,"score":550,"energy":3,"posx":20,"posy":3,"lastAction":5,"status":0},{"playerId":239305,"score":600,"energy":11,"posx":20,"posy":3,"lastAction":5,"status":0},{"playerId":2415753,"score":500,"energy":0,"posx":12,"posy":2,"lastAction":2,"status":2},{"playerId":2271981,"score":750,"energy":5,"posx":14,"posy":7,"lastAction":5,"status":0}],"golds":[{"posx":5,"posy":1,"amount":350},{"posx":7,"posy":1,"amount":150},{"posx":9,"posy":1,"amount":450},{"posx":0,"posy":2,"amount":50},{"posx":7,"posy":2,"amount":700},{"posx":15,"posy":3,"amount":250},{"posx":18,"posy":3,"amount":250},{"posx":20,"posy":3,"amount":300},{"posx":6,"posy":4,"amount":450},{"posx":2,"posy":5,"amount":650},{"posx":0,"posy":6,"amount":750},{"posx":6,"posy":6,"amount":100},{"posx":10,"posy":6,"amount":400},{"posx":6,"posy":7,"amount":50},{"posx":9,"posy":8,"amount":200},{"posx":11,"posy":8,"amount":200}],"changedObstacles":[{"type":0,"posx":14,"posy":7,"value":-1}]},{"players":[{"playerId":2410245,"score":550,"energy":15,"posx":20,"posy":3,"lastAction":4,"status":0},{"playerId":239305,"score":650,"energy":6,"posx":20,"posy":3,"lastAction":5,"status":0},{"playerId":2415753,"score":500,"energy":0,"posx":12,"posy":2,"lastAction":6,"status":2},{"playerId":2271981,"score":750,"energy":17,"posx":14,"posy":7,"lastAction":4,"status":0}],"golds":[{"posx":5,"posy":1,"amount":350},{"posx":7,"posy":1,"amount":150},{"posx":9,"posy":1,"amount":450},{"posx":0,"posy":2,"amount":50},{"posx":7,"posy":2,"amount":700},{"posx":15,"posy":3,"amount":250},{"posx":18,"posy":3,"amount":250},{"posx":20,"posy":3,"amount":250},{"posx":6,"posy":4,"amount":450},{"posx":2,"posy":5,"amount":650},{"posx":0,"posy":6,"amount":750},{"posx":6,"posy":6,"amount":100},{"posx":10,"posy":6,"amount":400},{"posx":6,"posy":7,"amount":50},{"posx":9,"posy":8,"amount":200},{"posx":11,"posy":8,"amount":200}],"changedObstacles":[]},{"players":[{"playerId":2410245,"score":600,"energy":10,"posx":20,"posy":3,"lastAction":5,"status":0},{"playerId":239305,"score":700,"energy":1,"posx":20,"posy":3,"lastAction":5,"status":0},{"playerId":2415753,"score":500,"energy":0,"posx":12,"posy":2,"lastAction":6,"status":2},{"playerId":2271981,"score":750,"energy":33,"posx":14,"posy":7,"lastAction":4,"status":0}],"golds":[{"posx":5,"posy":1,"amount":350},{"posx":7,"posy":1,"amount":150},{"posx":9,"posy":1,"amount":450},{"posx":0,"posy":2,"amount":50},{"posx":7,"posy":2,"amount":700},{"posx":15,"posy":3,"amount":250},{"posx":18,"posy":3,"amount":250},{"posx":20,"posy":3,"amount":150},{"posx":6,"posy":4,"amount":450},{"posx":2,"posy":5,"amount":650},{"posx":0,"posy":6,"amount":750},{"posx":6,"posy":6,"amount":100},{"posx":10,"posy":6,"amount":400},{"posx":6,"posy":7,"amount":50},{"posx":9,"posy":8,"amount":200},{"posx":11,"posy":8,"amount":200}],"changedObstacles":[]},{"players":[{"playerId":2410245,"score":650,"energy":5,"posx":20,"posy":3,"lastAction":5,"status":0},{"playerId":239305,"score":700,"energy":13,"posx":20,"posy":3,"lastAction":4,"status":0},{"playerId":2415753,"score":500,"energy":0,"posx":12,"posy":2,"lastAction":6,"status":2},{"playerId":2271981,"score":750,"energy":50,"posx":14,"posy":7,"lastAction":4,"status":0}],"golds":[{"posx":5,"posy":1,"amount":350},{"posx":7,"posy":1,"amount":150},{"posx":9,"posy":1,"amount":450},{"posx":0,"posy":2,"amount":50},{"posx":7,"posy":2,"amount":700},{"posx":15,"posy":3,"amount":250},{"posx":18,"posy":3,"amount":250},{"posx":20,"posy":3,"amount":100},{"posx":6,"posy":4,"amount":450},{"posx":2,"posy":5,"amount":650},{"posx":0,"posy":6,"amount":750},{"posx":6,"posy":6,"amount":100},{"posx":10,"posy":6,"amount":400},{"posx":6,"posy":7,"amount":50},{"posx":9,"posy":8,"amount":200},{"posx":11,"posy":8,"amount":200}],"changedObstacles":[]},{"players":[{"playerId":2410245,"score":650,"energy":17,"posx":20,"posy":3,"lastAction":4,"status":0},{"playerId":239305,"score":750,"energy":8,"posx":20,"posy":3,"lastAction":5,"status":0},{"playerId":2415753,"score":500,"energy":0,"posx":12,"posy":2,"lastAction":6,"status":2},{"playerId":2271981,"score":750,"energy":49,"posx":14,"posy":6,"lastAction":2,"status":0}],"golds":[{"posx":5,"posy":1,"amount":350},{"posx":7,"posy":1,"amount":150},{"posx":9,"posy":1,"amount":450},{"posx":0,"posy":2,"amount":50},{"posx":7,"posy":2,"amount":700},{"posx":15,"posy":3,"amount":250},{"posx":18,"posy":3,"amount":250},{"posx":20,"posy":3,"amount":50},{"posx":6,"posy":4,"amount":450},{"posx":2,"posy":5,"amount":650},{"posx":0,"posy":6,"amount":750},{"posx":6,"posy":6,"amount":100},{"posx":10,"posy":6,"amount":400},{"posx":6,"posy":7,"amount":50},{"posx":9,"posy":8,"amount":200},{"posx":11,"posy":8,"amount":200}],"changedObstacles":[]},{"players":[{"playerId":2410245,"score":675,"energy":12,"posx":20,"posy":3,"lastAction":5,"status":0},{"playerId":239305,"score":775,"energy":3,"posx":20,"posy":3,"lastAction":5,"status":0},{"playerId":2415753,"score":500,"energy":0,"posx":12,"posy":2,"lastAction":6,"status":2},{"playerId":2271981,"score":750,"energy":48,"posx":13,"posy":6,"lastAction":0,"status":0}],"golds":[{"posx":5,"posy":1,"amount":350},{"posx":7,"posy":1,"amount":150},{"posx":9,"posy":1,"amount":450},{"posx":0,"posy":2,"amount":50},{"posx":7,"posy":2,"amount":700},{"posx":15,"posy":3,"amount":250},{"posx":18,"posy":3,"amount":250},{"posx":6,"posy":4,"amount":450},{"posx":2,"posy":5,"amount":650},{"posx":0,"posy":6,"amount":750},{"posx":6,"posy":6,"amount":100},{"posx":10,"posy":6,"amount":400},{"posx":6,"posy":7,"amount":50},{"posx":9,"posy":8,"amount":200},{"posx":11,"posy":8,"amount":200}],"changedObstacles":[{"type":0,"posx":20,"posy":3,"value":-1}]},{"players":[{"playerId":2410245,"score":675,"energy":11,"posx":19,"posy":3,"lastAction":0,"status":0},{"playerId":239305,"score":775,"energy":2,"posx":19,"posy":3,"lastAction":0,"status":0},{"playerId":2415753,"score":500,"energy":0,"posx":12,"posy":2,"lastAction":6,"status":2},{"playerId":2271981,"score":750,"energy":47,"posx":12,"posy":6,"lastAction":0,"status":0}],"golds":[{"posx":5,"posy":1,"amount":350},{"posx":7,"posy":1,"amount":150},{"posx":9,"posy":1,"amount":450},{"posx":0,"posy":2,"amount":50},{"posx":7,"posy":2,"amount":700},{"posx":15,"posy":3,"amount":250},{"posx":18,"posy":3,"amount":250},{"posx":6,"posy":4,"amount":450},{"posx":2,"posy":5,"amount":650},{"posx":0,"posy":6,"amount":750},{"posx":6,"posy":6,"amount":100},{"posx":10,"posy":6,"amount":400},{"posx":6,"posy":7,"amount":50},{"posx":9,"posy":8,"amount":200},{"posx":11,"posy":8,"amount":200}],"changedObstacles":[]},{"players":[{"playerId":2410245,"score":675,"energy":7,"posx":18,"posy":3,"lastAction":0,"status":0},{"playerId":239305,"score":775,"energy":14,"posx":19,"posy":3,"lastAction":4,"status":0},{"playerId":2415753,"score":500,"energy":0,"posx":12,"posy":2,"lastAction":6,"status":2},{"playerId":2271981,"score":750,"energy":28,"posx":11,"posy":6,"lastAction":0,"status":0}],"golds":[{"posx":5,"posy":1,"amount":350},{"posx":7,"posy":1,"amount":150},{"posx":9,"posy":1,"amount":450},{"posx":0,"posy":2,"amount":50},{"posx":7,"posy":2,"amount":700},{"posx":15,"posy":3,"amount":250},{"posx":18,"posy":3,"amount":250},{"posx":6,"posy":4,"amount":450},{"posx":2,"posy":5,"amount":650},{"posx":0,"posy":6,"amount":750},{"posx":6,"posy":6,"amount":100},{"posx":10,"posy":6,"amount":400},{"posx":6,"posy":7,"amount":50},{"posx":9,"posy":8,"amount":200},{"posx":11,"posy":8,"amount":200}],"changedObstacles":[]},{"players":[{"playerId":2410245,"score":725,"energy":2,"posx":18,"posy":3,"lastAction":5,"status":0},{"playerId":239305,"score":775,"energy":30,"posx":19,"posy":3,"lastAction":4,"status":0},{"playerId":2415753,"score":500,"energy":0,"posx":12,"posy":2,"lastAction":6,"status":2},{"playerId":2271981,"score":750,"energy":24,"posx":10,"posy":6,"lastAction":0,"status":0}],"golds":[{"posx":5,"posy":1,"amount":350},{"posx":7,"posy":1,"amount":150},{"posx":9,"posy":1,"amount":450},{"posx":0,"posy":2,"amount":50},{"posx":7,"posy":2,"amount":700},{"posx":15,"posy":3,"amount":250},{"posx":18,"posy":3,"amount":200},{"posx":6,"posy":4,"amount":450},{"posx":2,"posy":5,"amount":650},{"posx":0,"posy":6,"amount":750},{"posx":6,"posy":6,"amount":100},{"posx":10,"posy":6,"amount":400},{"posx":6,"posy":7,"amount":50},{"posx":9,"posy":8,"amount":200},{"posx":11,"posy":8,"amount":200}],"changedObstacles":[]},{"players":[{"playerId":2410245,"score":725,"energy":14,"posx":18,"posy":3,"lastAction":4,"status":0},{"playerId":239305,"score":775,"energy":50,"posx":19,"posy":3,"lastAction":4,"status":0},{"playerId":2415753,"score":500,"energy":0,"posx":12,"posy":2,"lastAction":6,"status":2},{"playerId":2271981,"score":800,"energy":19,"posx":10,"posy":6,"lastAction":5,"status":0}],"golds":[{"posx":5,"posy":1,"amount":350},{"posx":7,"posy":1,"amount":150},{"posx":9,"posy":1,"amount":450},{"posx":0,"posy":2,"amount":50},{"posx":7,"posy":2,"amount":700},{"posx":15,"posy":3,"amount":250},{"posx":18,"posy":3,"amount":200},{"posx":6,"posy":4,"amount":450},{"posx":2,"posy":5,"amount":650},{"posx":0,"posy":6,"amount":750},{"posx":6,"posy":6,"amount":100},{"posx":10,"posy":6,"amount":350},{"posx":6,"posy":7,"amount":50},{"posx":9,"posy":8,"amount":200},{"posx":11,"posy":8,"amount":200}],"changedObstacles":[]},{"players":[{"playerId":2410245,"score":775,"energy":9,"posx":18,"posy":3,"lastAction":5,"status":0},{"playerId":239305,"score":775,"energy":46,"posx":18,"posy":3,"lastAction":0,"status":0},{"playerId":2415753,"score":500,"energy":0,"posx":12,"posy":2,"lastAction":6,"status":2},{"playerId":2271981,"score":850,"energy":14,"posx":10,"posy":6,"lastAction":5,"status":0}],"golds":[{"posx":5,"posy":1,"amount":350},{"posx":7,"posy":1,"amount":150},{"posx":9,"posy":1,"amount":450},{"posx":0,"posy":2,"amount":50},{"posx":7,"posy":2,"amount":700},{"posx":15,"posy":3,"amount":250},{"posx":18,"posy":3,"amount":150},{"posx":6,"posy":4,"amount":450},{"posx":2,"posy":5,"amount":650},{"posx":0,"posy":6,"amount":750},{"posx":6,"posy":6,"amount":100},{"posx":10,"posy":6,"amount":300},{"posx":6,"posy":7,"amount":50},{"posx":9,"posy":8,"amount":200},{"posx":11,"posy":8,"amount":200}],"changedObstacles":[]},{"players":[{"playerId":2410245,"score":825,"energy":4,"posx":18,"posy":3,"lastAction":5,"status":0},{"playerId":239305,"score":825,"energy":41,"posx":18,"posy":3,"lastAction":5,"status":0},{"playerId":2415753,"score":500,"energy":0,"posx":12,"posy":2,"lastAction":6,"status":2},{"playerId":2271981,"score":900,"energy":9,"posx":10,"posy":6,"lastAction":5,"status":0}],"golds":[{"posx":5,"posy":1,"amount":350},{"posx":7,"posy":1,"amount":150},{"posx":9,"posy":1,"amount":450},{"posx":0,"posy":2,"amount":50},{"posx":7,"posy":2,"amount":700},{"posx":15,"posy":3,"amount":250},{"posx":18,"posy":3,"amount":50},{"posx":6,"posy":4,"amount":450},{"posx":2,"posy":5,"amount":650},{"posx":0,"posy":6,"amount":750},{"posx":6,"posy":6,"amount":100},{"posx":10,"posy":6,"amount":250},{"posx":6,"posy":7,"amount":50},{"posx":9,"posy":8,"amount":200},{"posx":11,"posy":8,"amount":200}],"changedObstacles":[]},{"players":[{"playerId":2410245,"score":825,"energy":16,"posx":18,"posy":3,"lastAction":4,"status":0},{"playerId":239305,"score":875,"energy":36,"posx":18,"posy":3,"lastAction":5,"status":0},{"playerId":2415753,"score":500,"energy":0,"posx":12,"posy":2,"lastAction":6,"status":2},{"playerId":2271981,"score":950,"energy":4,"posx":10,"posy":6,"lastAction":5,"status":0}],"golds":[{"posx":5,"posy":1,"amount":350},{"posx":7,"posy":1,"amount":150},{"posx":9,"posy":1,"amount":450},{"posx":0,"posy":2,"amount":50},{"posx":7,"posy":2,"amount":700},{"posx":15,"posy":3,"amount":250},{"posx":6,"posy":4,"amount":450},{"posx":2,"posy":5,"amount":650},{"posx":0,"posy":6,"amount":750},{"posx":6,"posy":6,"amount":100},{"posx":10,"posy":6,"amount":200},{"posx":6,"posy":7,"amount":50},{"posx":9,"posy":8,"amount":200},{"posx":11,"posy":8,"amount":200}],"changedObstacles":[{"type":0,"posx":18,"posy":3,"value":-1}]},{"players":[{"playerId":2410245,"score":825,"energy":11,"posx":18,"posy":4,"lastAction":3,"status":0},{"playerId":239305,"score":875,"energy":31,"posx":17,"posy":3,"lastAction":0,"status":0},{"playerId":2415753,"score":500,"energy":0,"posx":12,"posy":2,"lastAction":6,"status":2},{"playerId":2271981,"score":950,"energy":16,"posx":10,"posy":6,"lastAction":4,"status":0}],"golds":[{"posx":5,"posy":1,"amount":350},{"posx":7,"posy":1,"amount":150},{"posx":9,"posy":1,"amount":450},{"posx":0,"posy":2,"amount":50},{"posx":7,"posy":2,"amount":700},{"posx":15,"posy":3,"amount":250},{"posx":6,"posy":4,"amount":450},{"posx":2,"posy":5,"amount":650},{"posx":0,"posy":6,"amount":750},{"posx":6,"posy":6,"amount":100},{"posx":10,"posy":6,"amount":200},{"posx":6,"posy":7,"amount":50},{"posx":9,"posy":8,"amount":200},{"posx":11,"posy":8,"amount":200}],"changedObstacles":[{"type":3,"posx":18,"posy":4,"value":-20}]},{"players":[{"playerId":2410245,"score":825,"energy":10,"posx":17,"posy":4,"lastAction":0,"status":0},{"playerId":239305,"score":875,"energy":16,"posx":16,"posy":3,"lastAction":0,"status":0},{"playerId":2415753,"score":500,"energy":0,"posx":12,"posy":2,"lastAction":6,"status":2},{"playerId":2271981,"score":950,"energy":32,"posx":10,"posy":6,"lastAction":4,"status":0}],"golds":[{"posx":5,"posy":1,"amount":350},{"posx":7,"posy":1,"amount":150},{"posx":9,"posy":1,"amount":450},{"posx":0,"posy":2,"amount":50},{"posx":7,"posy":2,"amount":700},{"posx":15,"posy":3,"amount":250},{"posx":6,"posy":4,"amount":450},{"posx":2,"posy":5,"amount":650},{"posx":0,"posy":6,"amount":750},{"posx":6,"posy":6,"amount":100},{"posx":10,"posy":6,"amount":200},{"posx":6,"posy":7,"amount":50},{"posx":9,"posy":8,"amount":200},{"posx":11,"posy":8,"amount":200}],"changedObstacles":[]},{"players":[{"playerId":2410245,"score":825,"energy":9,"posx":16,"posy":4,"lastAction":0,"status":0},{"playerId":239305,"score":875,"energy":12,"posx":15,"posy":3,"lastAction":0,"status":0},{"playerId":2415753,"score":500,"energy":0,"posx":12,"posy":2,"lastAction":6,"status":2},{"playerId":2271981,"score":950,"energy":50,"posx":10,"posy":6,"lastAction":4,"status":0}],"golds":[{"posx":5,"posy":1,"amount":350},{"posx":7,"posy":1,"amount":150},{"posx":9,"posy":1,"amount":450},{"posx":0,"posy":2,"amount":50},{"posx":7,"posy":2,"amount":700},{"posx":15,"posy":3,"amount":250},{"posx":6,"posy":4,"amount":450},{"posx":2,"posy":5,"amount":650},{"posx":0,"posy":6,"amount":750},{"posx":6,"posy":6,"amount":100},{"posx":10,"posy":6,"amount":200},{"posx":6,"posy":7,"amount":50},{"posx":9,"posy":8,"amount":200},{"posx":11,"posy":8,"amount":200}],"changedObstacles":[]},{"players":[{"playerId":2410245,"score":825,"energy":8,"posx":15,"posy":4,"lastAction":0,"status":0},{"playerId":239305,"score":925,"energy":7,"posx":15,"posy":3,"lastAction":5,"status":0},{"playerId":2415753,"score":500,"energy":0,"posx":12,"posy":2,"lastAction":6,"status":2},{"playerId":2271981,"score":1000,"energy":45,"posx":10,"posy":6,"lastAction":5,"status":0}],"golds":[{"posx":5,"posy":1,"amount":350},{"posx":7,"posy":1,"amount":150},{"posx":9,"posy":1,"amount":450},{"posx":0,"posy":2,"amount":50},{"posx":7,"posy":2,"amount":700},{"posx":15,"posy":3,"amount":200},{"posx":6,"posy":4,"amount":450},{"posx":2,"posy":5,"amount":650},{"posx":0,"posy":6,"amount":750},{"posx":6,"posy":6,"amount":100},{"posx":10,"posy":6,"amount":150},{"posx":6,"posy":7,"amount":50},{"posx":9,"posy":8,"amount":200},{"posx":11,"posy":8,"amount":200}],"changedObstacles":[]},{"players":[{"playerId":2410245,"score":825,"energy":4,"posx":15,"posy":3,"lastAction":2,"status":0},{"playerId":239305,"score":975,"energy":2,"posx":15,"posy":3,"lastAction":5,"status":0},{"playerId":2415753,"score":500,"energy":0,"posx":12,"posy":2,"lastAction":6,"status":2},{"playerId":2271981,"score":1050,"energy":40,"posx":10,"posy":6,"lastAction":5,"status":0}],"golds":[{"posx":5,"posy":1,"amount":350},{"posx":7,"posy":1,"amount":150},{"posx":9,"posy":1,"amount":450},{"posx":0,"posy":2,"amount":50},{"posx":7,"posy":2,"amount":700},{"posx":15,"posy":3,"amount":150},{"posx":6,"posy":4,"amount":450},{"posx":2,"posy":5,"amount":650},{"posx":0,"posy":6,"amount":750},{"posx":6,"posy":6,"amount":100},{"posx":10,"posy":6,"amount":100},{"posx":6,"posy":7,"amount":50},{"posx":9,"posy":8,"amount":200},{"posx":11,"posy":8,"amount":200}],"changedObstacles":[]},{"players":[{"playerId":2410245,"score":825,"energy":16,"posx":15,"posy":3,"lastAction":4,"status":0},{"playerId":239305,"score":975,"energy":14,"posx":15,"posy":3,"lastAction":4,"status":0},{"playerId":2415753,"score":500,"energy":0,"posx":12,"posy":2,"lastAction":6,"status":2},{"playerId":2271981,"score":1100,"energy":35,"posx":10,"posy":6,"lastAction":5,"status":0}],"golds":[{"posx":5,"posy":1,"amount":350},{"posx":7,"posy":1,"amount":150},{"posx":9,"posy":1,"amount":450},{"posx":0,"posy":2,"amount":50},{"posx":7,"posy":2,"amount":700},{"posx":15,"posy":3,"amount":150},{"posx":6,"posy":4,"amount":450},{"posx":2,"posy":5,"amount":650},{"posx":0,"posy":6,"amount":750},{"posx":6,"posy":6,"amount":100},{"posx":10,"posy":6,"amount":50},{"posx":6,"posy":7,"amount":50},{"posx":9,"posy":8,"amount":200},{"posx":11,"posy":8,"amount":200}],"changedObstacles":[]},{"players":[{"playerId":2410245,"score":875,"energy":11,"posx":15,"posy":3,"lastAction":5,"status":0},{"playerId":239305,"score":1025,"energy":9,"posx":15,"posy":3,"lastAction":5,"status":0},{"playerId":2415753,"score":500,"energy":0,"posx":12,"posy":2,"lastAction":6,"status":2},{"playerId":2271981,"score":1150,"energy":30,"posx":10,"posy":6,"lastAction":5,"status":0}],"golds":[{"posx":5,"posy":1,"amount":350},{"posx":7,"posy":1,"amount":150},{"posx":9,"posy":1,"amount":450},{"posx":0,"posy":2,"amount":50},{"posx":7,"posy":2,"amount":700},{"posx":15,"posy":3,"amount":50},{"posx":6,"posy":4,"amount":450},{"posx":2,"posy":5,"amount":650},{"posx":0,"posy":6,"amount":750},{"posx":6,"posy":6,"amount":100},{"posx":6,"posy":7,"amount":50},{"posx":9,"posy":8,"amount":200},{"posx":11,"posy":8,"amount":200}],"changedObstacles":[{"type":0,"posx":10,"posy":6,"value":-1}]},{"players":[{"playerId":2410245,"score":900,"energy":6,"posx":15,"posy":3,"lastAction":5,"status":0},{"playerId":239305,"score":1050,"energy":4,"posx":15,"posy":3,"lastAction":5,"status":0},{"playerId":2415753,"score":500,"energy":0,"posx":12,"posy":2,"lastAction":6,"status":2},{"playerId":2271981,"score":1150,"energy":25,"posx":9,"posy":6,"lastAction":0,"status":0}],"golds":[{"posx":5,"posy":1,"amount":350},{"posx":7,"posy":1,"amount":150},{"posx":9,"posy":1,"amount":450},{"posx":0,"posy":2,"amount":50},{"posx":7,"posy":2,"amount":700},{"posx":6,"posy":4,"amount":450},{"posx":2,"posy":5,"amount":650},{"posx":0,"posy":6,"amount":750},{"posx":6,"posy":6,"amount":100},{"posx":6,"posy":7,"amount":50},{"posx":9,"posy":8,"amount":200},{"posx":11,"posy":8,"amount":200}],"changedObstacles":[{"type":3,"posx":9,"posy":6,"value":-20},{"type":0,"posx":15,"posy":3,"value":-1}]},{"players":[{"playerId":2410245,"score":900,"energy":18,"posx":15,"posy":3,"lastAction":4,"status":0},{"playerId":239305,"score":1050,"energy":3,"posx":15,"posy":2,"lastAction":2,"status":0},{"playerId":2415753,"score":500,"energy":0,"posx":12,"posy":2,"lastAction":6,"status":2},{"playerId":2271981,"score":1150,"energy":18,"posx":9,"posy":5,"lastAction":2,"status":0}],"golds":[{"posx":5,"posy":1,"amount":350},{"posx":7,"posy":1,"amount":150},{"posx":9,"posy":1,"amount":450},{"posx":0,"posy":2,"amount":50},{"posx":7,"posy":2,"amount":700},{"posx":6,"posy":4,"amount":450},{"posx":2,"posy":5,"amount":650},{"posx":0,"posy":6,"amount":750},{"posx":6,"posy":6,"amount":100},{"posx":6,"posy":7,"amount":50},{"posx":9,"posy":8,"amount":200},{"posx":11,"posy":8,"amount":200}],"changedObstacles":[]},{"players":[{"playerId":2410245,"score":900,"energy":8,"posx":14,"posy":3,"lastAction":0,"status":0},{"playerId":239305,"score":1050,"energy":2,"posx":14,"posy":2,"lastAction":0,"status":0},{"playerId":2415753,"score":500,"energy":0,"posx":12,"posy":2,"lastAction":6,"status":2},{"playerId":2271981,"score":1150,"energy":17,"posx":8,"posy":5,"lastAction":0,"status":0}],"golds":[{"posx":5,"posy":1,"amount":350},{"posx":7,"posy":1,"amount":150},{"posx":9,"posy":1,"amount":450},{"posx":0,"posy":2,"amount":50},{"posx":7,"posy":2,"amount":700},{"posx":6,"posy":4,"amount":450},{"posx":2,"posy":5,"amount":650},{"posx":0,"posy":6,"amount":750},{"posx":6,"posy":6,"amount":100},{"posx":6,"posy":7,"amount":50},{"posx":9,"posy":8,"amount":200},{"posx":11,"posy":8,"amount":200}],"changedObstacles":[{"type":0,"posx":14,"posy":3,"value":-1}]},{"players":[{"playerId":2410245,"score":900,"energy":3,"posx":13,"posy":3,"lastAction":0,"status":0},{"playerId":239305,"score":1050,"energy":14,"posx":14,"posy":2,"lastAction":4,"status":0},{"playerId":2415753,"score":500,"energy":0,"posx":12,"posy":2,"lastAction":6,"status":2},{"playerId":2271981,"score":1150,"energy":16,"posx":8,"posy":4,"lastAction":2,"status":0}],"golds":[{"posx":5,"posy":1,"amount":350},{"posx":7,"posy":1,"amount":150},{"posx":9,"posy":1,"amount":450},{"posx":0,"posy":2,"amount":50},{"posx":7,"posy":2,"amount":700},{"posx":6,"posy":4,"amount":450},{"posx":2,"posy":5,"amount":650},{"posx":0,"posy":6,"amount":750},{"posx":6,"posy":6,"amount":100},{"posx":6,"posy":7,"amount":50},{"posx":9,"posy":8,"amount":200},{"posx":11,"posy":8,"amount":200}],"changedObstacles":[{"type":3,"posx":13,"posy":3,"value":-20}]},{"players":[{"playerId":2410245,"score":900,"energy":15,"posx":13,"posy":3,"lastAction":4,"status":0},{"playerId":239305,"score":1050,"energy":30,"posx":14,"posy":2,"lastAction":4,"status":0},{"playerId":2415753,"score":500,"energy":0,"posx":12,"posy":2,"lastAction":6,"status":2},{"playerId":2271981,"score":1150,"energy":15,"posx":8,"posy":3,"lastAction":2,"status":0}],"golds":[{"posx":5,"posy":1,"amount":350},{"posx":7,"posy":1,"amount":150},{"posx":9,"posy":1,"amount":450},{"posx":0,"posy":2,"amount":50},{"posx":7,"posy":2,"amount":700},{"posx":6,"posy":4,"amount":450},{"posx":2,"posy":5,"amount":650},{"posx":0,"posy":6,"amount":750},{"posx":6,"posy":6,"amount":100},{"posx":6,"posy":7,"amount":50},{"posx":9,"posy":8,"amount":200},{"posx":11,"posy":8,"amount":200}],"changedObstacles":[]},{"players":[{"playerId":2410245,"score":900,"energy":14,"posx":13,"posy":4,"lastAction":3,"status":0},{"playerId":239305,"score":1050,"energy":50,"posx":14,"posy":2,"lastAction":4,"status":0},{"playerId":2415753,"score":500,"energy":0,"posx":12,"posy":2,"lastAction":6,"status":2},{"playerId":2271981,"score":1150,"energy":14,"posx":7,"posy":3,"lastAction":0,"status":0}],"golds":[{"posx":5,"posy":1,"amount":350},{"posx":7,"posy":1,"amount":150},{"posx":9,"posy":1,"amount":450},{"posx":0,"posy":2,"amount":50},{"posx":7,"posy":2,"amount":700},{"posx":6,"posy":4,"amount":450},{"posx":2,"posy":5,"amount":650},{"posx":0,"posy":6,"amount":750},{"posx":6,"posy":6,"amount":100},{"posx":6,"posy":7,"amount":50},{"posx":9,"posy":8,"amount":200},{"posx":11,"posy":8,"amount":200}],"changedObstacles":[]},{"players":[{"playerId":2410245,"score":900,"energy":13,"posx":12,"posy":4,"lastAction":0,"status":0},{"playerId":239305,"score":1050,"energy":40,"posx":13,"posy":2,"lastAction":0,"status":0},{"playerId":2415753,"score":500,"energy":0,"posx":12,"posy":2,"lastAction":6,"status":2},{"playerId":2271981,"score":1150,"energy":10,"posx":7,"posy":2,"lastAction":2,"status":0}],"golds":[{"posx":5,"posy":1,"amount":350},{"posx":7,"posy":1,"amount":150},{"posx":9,"posy":1,"amount":450},{"posx":0,"posy":2,"amount":50},{"posx":7,"posy":2,"amount":700},{"posx":6,"posy":4,"amount":450},{"posx":2,"posy":5,"amount":650},{"posx":0,"posy":6,"amount":750},{"posx":6,"posy":6,"amount":100},{"posx":6,"posy":7,"amount":50},{"posx":9,"posy":8,"amount":200},{"posx":11,"posy":8,"amount":200}],"changedObstacles":[{"type":0,"posx":13,"posy":2,"value":-1}]},{"players":[{"playerId":2410245,"score":900,"energy":12,"posx":11,"posy":4,"lastAction":0,"status":0},{"playerId":239305,"score":1050,"energy":39,"posx":12,"posy":2,"lastAction":0,"status":0},{"playerId":2415753,"score":500,"energy":0,"posx":12,"posy":2,"lastAction":6,"status":2},{"playerId":2271981,"score":1200,"energy":5,"posx":7,"posy":2,"lastAction":5,"status":0}],"golds":[{"posx":5,"posy":1,"amount":350},{"posx":7,"posy":1,"amount":150},{"posx":9,"posy":1,"amount":450},{"posx":0,"posy":2,"amount":50},{"posx":7,"posy":2,"amount":650},{"posx":6,"posy":4,"amount":450},{"posx":2,"posy":5,"amount":650},{"posx":0,"posy":6,"amount":750},{"posx":6,"posy":6,"amount":100},{"posx":6,"posy":7,"amount":50},{"posx":9,"posy":8,"amount":200},{"posx":11,"posy":8,"amount":200}],"changedObstacles":[]},{"players":[{"playerId":2410245,"score":900,"energy":7,"posx":10,"posy":4,"lastAction":0,"status":0},{"playerId":239305,"score":1050,"energy":38,"posx":11,"posy":2,"lastAction":0,"status":0},{"playerId":2415753,"score":500,"energy":0,"posx":12,"posy":2,"lastAction":6,"status":2},{"playerId":2271981,"score":1200,"energy":17,"posx":7,"posy":2,"lastAction":4,"status":0}],"golds":[{"posx":5,"posy":1,"amount":350},{"posx":7,"posy":1,"amount":150},{"posx":9,"posy":1,"amount":450},{"posx":0,"posy":2,"amount":50},{"posx":7,"posy":2,"amount":650},{"posx":6,"posy":4,"amount":450},{"posx":2,"posy":5,"amount":650},{"posx":0,"posy":6,"amount":750},{"posx":6,"posy":6,"amount":100},{"posx":6,"posy":7,"amount":50},{"posx":9,"posy":8,"amount":200},{"posx":11,"posy":8,"amount":200}],"changedObstacles":[{"type":3,"posx":10,"posy":4,"value":-20}]},{"players":[{"playerId":2410245,"score":900,"energy":6,"posx":10,"posy":3,"lastAction":2,"status":0},{"playerId":239305,"score":1050,"energy":37,"posx":11,"posy":1,"lastAction":2,"status":0},{"playerId":2415753,"score":500,"energy":0,"posx":12,"posy":2,"lastAction":6,"status":2},{"playerId":2271981,"score":1200,"energy":33,"posx":7,"posy":2,"lastAction":4,"status":0}],"golds":[{"posx":5,"posy":1,"amount":350},{"posx":7,"posy":1,"amount":150},{"posx":9,"posy":1,"amount":450},{"posx":0,"posy":2,"amount":50},{"posx":7,"posy":2,"amount":650},{"posx":6,"posy":4,"amount":450},{"posx":2,"posy":5,"amount":650},{"posx":0,"posy":6,"amount":750},{"posx":6,"posy":6,"amount":100},{"posx":6,"posy":7,"amount":50},{"posx":9,"posy":8,"amount":200},{"posx":11,"posy":8,"amount":200}],"changedObstacles":[]},{"players":[{"playerId":2410245,"score":900,"energy":5,"posx":9,"posy":3,"lastAction":0,"status":0},{"playerId":239305,"score":1050,"energy":36,"posx":10,"posy":1,"lastAction":0,"status":0},{"playerId":2415753,"score":500,"energy":0,"posx":12,"posy":2,"lastAction":6,"status":2},{"playerId":2271981,"score":1200,"energy":50,"posx":7,"posy":2,"lastAction":4,"status":0}],"golds":[{"posx":5,"posy":1,"amount":350},{"posx":7,"posy":1,"amount":150},{"posx":9,"posy":1,"amount":450},{"posx":0,"posy":2,"amount":50},{"posx":7,"posy":2,"amount":650},{"posx":6,"posy":4,"amount":450},{"posx":2,"posy":5,"amount":650},{"posx":0,"posy":6,"amount":750},{"posx":6,"posy":6,"amount":100},{"posx":6,"posy":7,"amount":50},{"posx":9,"posy":8,"amount":200},{"posx":11,"posy":8,"amount":200}],"changedObstacles":[]},{"players":[{"playerId":2410245,"score":900,"energy":4,"posx":9,"posy":2,"lastAction":2,"status":0},{"playerId":239305,"score":1050,"energy":32,"posx":9,"posy":1,"lastAction":0,"status":0},{"playerId":2415753,"score":500,"energy":0,"posx":12,"posy":2,"lastAction":6,"status":2},{"playerId":2271981,"score":1250,"energy":45,"posx":7,"posy":2,"lastAction":5,"status":0}],"golds":[{"posx":5,"posy":1,"amount":350},{"posx":7,"posy":1,"amount":150},{"posx":9,"posy":1,"amount":450},{"posx":0,"posy":2,"amount":50},{"posx":7,"posy":2,"amount":600},{"posx":6,"posy":4,"amount":450},{"posx":2,"posy":5,"amount":650},{"posx":0,"posy":6,"amount":750},{"posx":6,"posy":6,"amount":100},{"posx":6,"posy":7,"amount":50},{"posx":9,"posy":8,"amount":200},{"posx":11,"posy":8,"amount":200}],"changedObstacles":[]},{"players":[{"playerId":2410245,"score":900,"energy":16,"posx":9,"posy":2,"lastAction":4,"status":0},{"playerId":239305,"score":1100,"energy":27,"posx":9,"posy":1,"lastAction":5,"status":0},{"playerId":2415753,"score":500,"energy":0,"posx":12,"posy":2,"lastAction":6,"status":2},{"playerId":2271981,"score":1300,"energy":40,"posx":7,"posy":2,"lastAction":5,"status":0}],"golds":[{"posx":5,"posy":1,"amount":350},{"posx":7,"posy":1,"amount":150},{"posx":9,"posy":1,"amount":400},{"posx":0,"posy":2,"amount":50},{"posx":7,"posy":2,"amount":550},{"posx":6,"posy":4,"amount":450},{"posx":2,"posy":5,"amount":650},{"posx":0,"posy":6,"amount":750},{"posx":6,"posy":6,"amount":100},{"posx":6,"posy":7,"amount":50},{"posx":9,"posy":8,"amount":200},{"posx":11,"posy":8,"amount":200}],"changedObstacles":[]},{"players":[{"playerId":2410245,"score":900,"energy":12,"posx":9,"posy":1,"lastAction":2,"status":0},{"playerId":239305,"score":1150,"energy":22,"posx":9,"posy":1,"lastAction":5,"status":0},{"playerId":2415753,"score":500,"energy":0,"posx":12,"posy":2,"lastAction":6,"status":2},{"playerId":2271981,"score":1350,"energy":35,"posx":7,"posy":2,"lastAction":5,"status":0}],"golds":[{"posx":5,"posy":1,"amount":350},{"posx":7,"posy":1,"amount":150},{"posx":9,"posy":1,"amount":350},{"posx":0,"posy":2,"amount":50},{"posx":7,"posy":2,"amount":500},{"posx":6,"posy":4,"amount":450},{"posx":2,"posy":5,"amount":650},{"posx":0,"posy":6,"amount":750},{"posx":6,"posy":6,"amount":100},{"posx":6,"posy":7,"amount":50},{"posx":9,"posy":8,"amount":200},{"posx":11,"posy":8,"amount":200}],"changedObstacles":[]},{"players":[{"playerId":2410245,"score":950,"energy":7,"posx":9,"posy":1,"lastAction":5,"status":0},{"playerId":239305,"score":1200,"energy":17,"posx":9,"posy":1,"lastAction":5,"status":0},{"playerId":2415753,"score":500,"energy":0,"posx":12,"posy":2,"lastAction":6,"status":2},{"playerId":2271981,"score":1400,"energy":30,"posx":7,"posy":2,"lastAction":5,"status":0}],"golds":[{"posx":5,"posy":1,"amount":350},{"posx":7,"posy":1,"amount":150},{"posx":9,"posy":1,"amount":250},{"posx":0,"posy":2,"amount":50},{"posx":7,"posy":2,"amount":450},{"posx":6,"posy":4,"amount":450},{"posx":2,"posy":5,"amount":650},{"posx":0,"posy":6,"amount":750},{"posx":6,"posy":6,"amount":100},{"posx":6,"posy":7,"amount":50},{"posx":9,"posy":8,"amount":200},{"posx":11,"posy":8,"amount":200}],"changedObstacles":[]},{"players":[{"playerId":2410245,"score":1000,"energy":2,"posx":9,"posy":1,"lastAction":5,"status":0},{"playerId":239305,"score":1250,"energy":12,"posx":9,"posy":1,"lastAction":5,"status":0},{"playerId":2415753,"score":500,"energy":0,"posx":12,"posy":2,"lastAction":6,"status":2},{"playerId":2271981,"score":1450,"energy":25,"posx":7,"posy":2,"lastAction":5,"status":0}],"golds":[{"posx":5,"posy":1,"amount":350},{"posx":7,"posy":1,"amount":150},{"posx":9,"posy":1,"amount":150},{"posx":0,"posy":2,"amount":50},{"posx":7,"posy":2,"amount":400},{"posx":6,"posy":4,"amount":450},{"posx":2,"posy":5,"amount":650},{"posx":0,"posy":6,"amount":750},{"posx":6,"posy":6,"amount":100},{"posx":6,"posy":7,"amount":50},{"posx":9,"posy":8,"amount":200},{"posx":11,"posy":8,"amount":200}],"changedObstacles":[]},{"players":[{"playerId":2410245,"score":1000,"energy":14,"posx":9,"posy":1,"lastAction":4,"status":0},{"playerId":239305,"score":1300,"energy":7,"posx":9,"posy":1,"lastAction":5,"status":0},{"playerId":2415753,"score":500,"energy":0,"posx":12,"posy":2,"lastAction":6,"status":2},{"playerId":2271981,"score":1500,"energy":20,"posx":7,"posy":2,"lastAction":5,"status":0}],"golds":[{"posx":5,"posy":1,"amount":350},{"posx":7,"posy":1,"amount":150},{"posx":9,"posy":1,"amount":100},{"posx":0,"posy":2,"amount":50},{"posx":7,"posy":2,"amount":350},{"posx":6,"posy":4,"amount":450},{"posx":2,"posy":5,"amount":650},{"posx":0,"posy":6,"amount":750},{"posx":6,"posy":6,"amount":100},{"posx":6,"posy":7,"amount":50},{"posx":9,"posy":8,"amount":200},{"posx":11,"posy":8,"amount":200}],"changedObstacles":[]},{"players":[{"playerId":2410245,"score":1050,"energy":9,"posx":9,"posy":1,"lastAction":5,"status":0},{"playerId":239305,"score":1350,"energy":2,"posx":9,"posy":1,"lastAction":5,"status":0},{"playerId":2415753,"score":500,"energy":0,"posx":12,"posy":2,"lastAction":6,"status":2},{"playerId":2271981,"score":1550,"energy":15,"posx":7,"posy":2,"lastAction":5,"status":0}],"golds":[{"posx":5,"posy":1,"amount":350},{"posx":7,"posy":1,"amount":150},{"posx":0,"posy":2,"amount":50},{"posx":7,"posy":2,"amount":300},{"posx":6,"posy":4,"amount":450},{"posx":2,"posy":5,"amount":650},{"posx":0,"posy":6,"amount":750},{"posx":6,"posy":6,"amount":100},{"posx":6,"posy":7,"amount":50},{"posx":9,"posy":8,"amount":200},{"posx":11,"posy":8,"amount":200}],"changedObstacles":[{"type":0,"posx":9,"posy":1,"value":-1}]},{"players":[{"playerId":2410245,"score":1050,"energy":8,"posx":8,"posy":1,"lastAction":0,"status":0},{"playerId":239305,"score":1350,"energy":1,"posx":8,"posy":1,"lastAction":0,"status":0},{"playerId":2415753,"score":500,"energy":0,"posx":12,"posy":2,"lastAction":6,"status":2},{"playerId":2271981,"score":1600,"energy":10,"posx":7,"posy":2,"lastAction":5,"status":0}],"golds":[{"posx":5,"posy":1,"amount":350},{"posx":7,"posy":1,"amount":150},{"posx":0,"posy":2,"amount":50},{"posx":7,"posy":2,"amount":250},{"posx":6,"posy":4,"amount":450},{"posx":2,"posy":5,"amount":650},{"posx":0,"posy":6,"amount":750},{"posx":6,"posy":6,"amount":100},{"posx":6,"posy":7,"amount":50},{"posx":9,"posy":8,"amount":200},{"posx":11,"posy":8,"amount":200}],"changedObstacles":[]},{"players":[{"playerId":2410245,"score":1050,"energy":4,"posx":7,"posy":1,"lastAction":0,"status":0},{"playerId":239305,"score":1350,"energy":13,"posx":8,"posy":1,"lastAction":4,"status":0},{"playerId":2415753,"score":500,"energy":0,"posx":12,"posy":2,"lastAction":6,"status":2},{"playerId":2271981,"score":1650,"energy":5,"posx":7,"posy":2,"lastAction":5,"status":0}],"golds":[{"posx":5,"posy":1,"amount":350},{"posx":7,"posy":1,"amount":150},{"posx":0,"posy":2,"amount":50},{"posx":7,"posy":2,"amount":200},{"posx":6,"posy":4,"amount":450},{"posx":2,"posy":5,"amount":650},{"posx":0,"posy":6,"amount":750},{"posx":6,"posy":6,"amount":100},{"posx":6,"posy":7,"amount":50},{"posx":9,"posy":8,"amount":200},{"posx":11,"posy":8,"amount":200}],"changedObstacles":[]},{"players":[{"playerId":2410245,"score":1050,"energy":16,"posx":7,"posy":1,"lastAction":4,"status":0},{"playerId":239305,"score":1350,"energy":29,"posx":8,"posy":1,"lastAction":4,"status":0},{"playerId":2415753,"score":500,"energy":0,"posx":12,"posy":2,"lastAction":6,"status":2},{"playerId":2271981,"score":1650,"energy":17,"posx":7,"posy":2,"lastAction":4,"status":0}],"golds":[{"posx":5,"posy":1,"amount":350},{"posx":7,"posy":1,"amount":150},{"posx":0,"posy":2,"amount":50},{"posx":7,"posy":2,"amount":200},{"posx":6,"posy":4,"amount":450},{"posx":2,"posy":5,"amount":650},{"posx":0,"posy":6,"amount":750},{"posx":6,"posy":6,"amount":100},{"posx":6,"posy":7,"amount":50},{"posx":9,"posy":8,"amount":200},{"posx":11,"posy":8,"amount":200}],"changedObstacles":[]},{"players":[{"playerId":2410245,"score":1100,"energy":11,"posx":7,"posy":1,"lastAction":5,"status":0},{"playerId":239305,"score":1350,"energy":50,"posx":8,"posy":1,"lastAction":4,"status":0},{"playerId":2415753,"score":500,"energy":0,"posx":12,"posy":2,"lastAction":6,"status":2},{"playerId":2271981,"score":1700,"energy":12,"posx":7,"posy":2,"lastAction":5,"status":0}],"golds":[{"posx":5,"posy":1,"amount":350},{"posx":7,"posy":1,"amount":100},{"posx":0,"posy":2,"amount":50},{"posx":7,"posy":2,"amount":150},{"posx":6,"posy":4,"amount":450},{"posx":2,"posy":5,"amount":650},{"posx":0,"posy":6,"amount":750},{"posx":6,"posy":6,"amount":100},{"posx":6,"posy":7,"amount":50},{"posx":9,"posy":8,"amount":200},{"posx":11,"posy":8,"amount":200}],"changedObstacles":[]},{"players":[{"playerId":2410245,"score":1150,"energy":6,"posx":7,"posy":1,"lastAction":5,"status":0},{"playerId":239305,"score":1350,"energy":46,"posx":7,"posy":1,"lastAction":0,"status":0},{"playerId":2415753,"score":500,"energy":0,"posx":12,"posy":2,"lastAction":6,"status":2},{"playerId":2271981,"score":1750,"energy":7,"posx":7,"posy":2,"lastAction":5,"status":0}],"golds":[{"posx":5,"posy":1,"amount":350},{"posx":7,"posy":1,"amount":50},{"posx":0,"posy":2,"amount":50},{"posx":7,"posy":2,"amount":100},{"posx":6,"posy":4,"amount":450},{"posx":2,"posy":5,"amount":650},{"posx":0,"posy":6,"amount":750},{"posx":6,"posy":6,"amount":100},{"posx":6,"posy":7,"amount":50},{"posx":9,"posy":8,"amount":200},{"posx":11,"posy":8,"amount":200}],"changedObstacles":[]},{"players":[{"playerId":2410245,"score":1175,"energy":1,"posx":7,"posy":1,"lastAction":5,"status":0},{"playerId":239305,"score":1375,"energy":41,"posx":7,"posy":1,"lastAction":5,"status":0},{"playerId":2415753,"score":500,"energy":0,"posx":12,"posy":2,"lastAction":6,"status":2},{"playerId":2271981,"score":1800,"energy":2,"posx":7,"posy":2,"lastAction":5,"status":0}],"golds":[{"posx":5,"posy":1,"amount":350},{"posx":0,"posy":2,"amount":50},{"posx":7,"posy":2,"amount":50},{"posx":6,"posy":4,"amount":450},{"posx":2,"posy":5,"amount":650},{"posx":0,"posy":6,"amount":750},{"posx":6,"posy":6,"amount":100},{"posx":6,"posy":7,"amount":50},{"posx":9,"posy":8,"amount":200},{"posx":11,"posy":8,"amount":200}],"changedObstacles":[{"type":0,"posx":7,"posy":1,"value":-1}]},{"players":[{"playerId":2410245,"score":1175,"energy":13,"posx":7,"posy":1,"lastAction":4,"status":0},{"playerId":239305,"score":1375,"energy":40,"posx":6,"posy":1,"lastAction":0,"status":0},{"playerId":2415753,"score":500,"energy":0,"posx":12,"posy":2,"lastAction":6,"status":2},{"playerId":2271981,"score":1800,"energy":14,"posx":7,"posy":2,"lastAction":4,"status":0}],"golds":[{"posx":5,"posy":1,"amount":350},{"posx":0,"posy":2,"amount":50},{"posx":7,"posy":2,"amount":50},{"posx":6,"posy":4,"amount":450},{"posx":2,"posy":5,"amount":650},{"posx":0,"posy":6,"amount":750},{"posx":6,"posy":6,"amount":100},{"posx":6,"posy":7,"amount":50},{"posx":9,"posy":8,"amount":200},{"posx":11,"posy":8,"amount":200}],"changedObstacles":[]},{"players":[{"playerId":2410245,"score":1175,"energy":9,"posx":7,"posy":2,"lastAction":3,"status":0},{"playerId":239305,"score":1375,"energy":36,"posx":5,"posy":1,"lastAction":0,"status":0},{"playerId":2415753,"score":500,"energy":0,"posx":12,"posy":2,"lastAction":6,"status":2},{"playerId":2271981,"score":1850,"energy":9,"posx":7,"posy":2,"lastAction":5,"status":0}],"golds":[{"posx":5,"posy":1,"amount":350},{"posx":0,"posy":2,"amount":50},{"posx":6,"posy":4,"amount":450},{"posx":2,"posy":5,"amount":650},{"posx":0,"posy":6,"amount":750},{"posx":6,"posy":6,"amount":100},{"posx":6,"posy":7,"amount":50},{"posx":9,"posy":8,"amount":200},{"posx":11,"posy":8,"amount":200}],"changedObstacles":[{"type":0,"posx":7,"posy":2,"value":-1}]},{"players":[{"playerId":2410245,"score":1175,"energy":8,"posx":7,"posy":3,"lastAction":3,"status":0},{"playerId":239305,"score":1425,"energy":31,"posx":5,"posy":1,"lastAction":5,"status":0},{"playerId":2415753,"score":500,"energy":0,"posx":12,"posy":2,"lastAction":6,"status":2},{"playerId":2271981,"score":1850,"energy":8,"posx":7,"posy":3,"lastAction":3,"status":0}],"golds":[{"posx":5,"posy":1,"amount":300},{"posx":0,"posy":2,"amount":50},{"posx":6,"posy":4,"amount":450},{"posx":2,"posy":5,"amount":650},{"posx":0,"posy":6,"amount":750},{"posx":6,"posy":6,"amount":100},{"posx":6,"posy":7,"amount":50},{"posx":9,"posy":8,"amount":200},{"posx":11,"posy":8,"amount":200}],"changedObstacles":[]},{"players":[{"playerId":2410245,"score":1175,"energy":7,"posx":7,"posy":4,"lastAction":3,"status":0},{"playerId":239305,"score":1475,"energy":26,"posx":5,"posy":1,"lastAction":5,"status":0},{"playerId":2415753,"score":500,"energy":0,"posx":12,"posy":2,"lastAction":6,"status":2},{"playerId":2271981,"score":1850,"energy":7,"posx":7,"posy":4,"lastAction":3,"status":0}],"golds":[{"posx":5,"posy":1,"amount":250},{"posx":0,"posy":2,"amount":50},{"posx":6,"posy":4,"amount":450},{"posx":2,"posy":5,"amount":650},{"posx":0,"posy":6,"amount":750},{"posx":6,"posy":6,"amount":100},{"posx":6,"posy":7,"amount":50},{"posx":9,"posy":8,"amount":200},{"posx":11,"posy":8,"amount":200}],"changedObstacles":[]},{"players":[{"playerId":2410245,"score":1175,"energy":3,"posx":6,"posy":4,"lastAction":0,"status":0},{"playerId":239305,"score":1525,"energy":21,"posx":5,"posy":1,"lastAction":5,"status":0},{"playerId":2415753,"score":500,"energy":0,"posx":12,"posy":2,"lastAction":6,"status":2},{"playerId":2271981,"score":1850,"energy":3,"posx":6,"posy":4,"lastAction":0,"status":0}],"golds":[{"posx":5,"posy":1,"amount":200},{"posx":0,"posy":2,"amount":50},{"posx":6,"posy":4,"amount":450},{"posx":2,"posy":5,"amount":650},{"posx":0,"posy":6,"amount":750},{"posx":6,"posy":6,"amount":100},{"posx":6,"posy":7,"amount":50},{"posx":9,"posy":8,"amount":200},{"posx":11,"posy":8,"amount":200}],"changedObstacles":[]},{"players":[{"playerId":2410245,"score":1175,"energy":15,"posx":6,"posy":4,"lastAction":4,"status":0},{"playerId":239305,"score":1575,"energy":16,"posx":5,"posy":1,"lastAction":5,"status":0},{"playerId":2415753,"score":500,"energy":0,"posx":12,"posy":2,"lastAction":6,"status":2},{"playerId":2271981,"score":1850,"energy":15,"posx":6,"posy":4,"lastAction":4,"status":0}],"golds":[{"posx":5,"posy":1,"amount":150},{"posx":0,"posy":2,"amount":50},{"posx":6,"posy":4,"amount":450},{"posx":2,"posy":5,"amount":650},{"posx":0,"posy":6,"amount":750},{"posx":6,"posy":6,"amount":100},{"posx":6,"posy":7,"amount":50},{"posx":9,"posy":8,"amount":200},{"posx":11,"posy":8,"amount":200}],"changedObstacles":[]},{"players":[{"playerId":2410245,"score":1225,"energy":10,"posx":6,"posy":4,"lastAction":5,"status":0},{"playerId":239305,"score":1625,"energy":11,"posx":5,"posy":1,"lastAction":5,"status":0},{"playerId":2415753,"score":500,"energy":0,"posx":12,"posy":2,"lastAction":6,"status":2},{"playerId":2271981,"score":1850,"energy":14,"posx":6,"posy":5,"lastAction":3,"status":0}],"golds":[{"posx":5,"posy":1,"amount":100},{"posx":0,"posy":2,"amount":50},{"posx":6,"posy":4,"amount":400},{"posx":2,"posy":5,"amount":650},{"posx":0,"posy":6,"amount":750},{"posx":6,"posy":6,"amount":100},{"posx":6,"posy":7,"amount":50},{"posx":9,"posy":8,"amount":200},{"posx":11,"posy":8,"amount":200}],"changedObstacles":[]},{"players":[{"playerId":2410245,"score":1275,"energy":5,"posx":6,"posy":4,"lastAction":5,"status":0},{"playerId":239305,"score":1675,"energy":6,"posx":5,"posy":1,"lastAction":5,"status":0},{"playerId":2415753,"score":500,"energy":0,"posx":12,"posy":2,"lastAction":6,"status":2},{"playerId":2271981,"score":1850,"energy":13,"posx":5,"posy":5,"lastAction":0,"status":0}],"golds":[{"posx":5,"posy":1,"amount":50},{"posx":0,"posy":2,"amount":50},{"posx":6,"posy":4,"amount":350},{"posx":2,"posy":5,"amount":650},{"posx":0,"posy":6,"amount":750},{"posx":6,"posy":6,"amount":100},{"posx":6,"posy":7,"amount":50},{"posx":9,"posy":8,"amount":200},{"posx":11,"posy":8,"amount":200}],"changedObstacles":[]},{"players":[{"playerId":2410245,"score":1275,"energy":17,"posx":6,"posy":4,"lastAction":4,"status":0},{"playerId":239305,"score":1725,"energy":1,"posx":5,"posy":1,"lastAction":5,"status":0},{"playerId":2415753,"score":500,"energy":0,"posx":12,"posy":2,"lastAction":6,"status":2},{"playerId":2271981,"score":1850,"energy":25,"posx":5,"posy":5,"lastAction":4,"status":0}],"golds":[{"posx":0,"posy":2,"amount":50},{"posx":6,"posy":4,"amount":350},{"posx":2,"posy":5,"amount":650},{"posx":0,"posy":6,"amount":750},{"posx":6,"posy":6,"amount":100},{"posx":6,"posy":7,"amount":50},{"posx":9,"posy":8,"amount":200},{"posx":11,"posy":8,"amount":200}],"changedObstacles":[{"type":0,"posx":5,"posy":1,"value":-1}]},{"players":[{"playerId":2410245,"score":1325,"energy":12,"posx":6,"posy":4,"lastAction":5,"status":0},{"playerId":239305,"score":1725,"energy":13,"posx":5,"posy":1,"lastAction":4,"status":0},{"playerId":2415753,"score":500,"energy":0,"posx":12,"posy":2,"lastAction":6,"status":2},{"playerId":2271981,"score":1850,"energy":41,"posx":5,"posy":5,"lastAction":4,"status":0}],"golds":[{"posx":0,"posy":2,"amount":50},{"posx":6,"posy":4,"amount":300},{"posx":2,"posy":5,"amount":650},{"posx":0,"posy":6,"amount":750},{"posx":6,"posy":6,"amount":100},{"posx":6,"posy":7,"amount":50},{"posx":9,"posy":8,"amount":200},{"posx":11,"posy":8,"amount":200}],"changedObstacles":[]},{"players":[{"playerId":2410245,"score":1375,"energy":7,"posx":6,"posy":4,"lastAction":5,"status":0},{"playerId":239305,"score":1725,"energy":29,"posx":5,"posy":1,"lastAction":4,"status":0},{"playerId":2415753,"score":500,"energy":0,"posx":12,"posy":2,"lastAction":6,"status":2},{"playerId":2271981,"score":1850,"energy":50,"posx":5,"posy":5,"lastAction":4,"status":0}],"golds":[{"posx":0,"posy":2,"amount":50},{"posx":6,"posy":4,"amount":250},{"posx":2,"posy":5,"amount":650},{"posx":0,"posy":6,"amount":750},{"posx":6,"posy":6,"amount":100},{"posx":6,"posy":7,"amount":50},{"posx":9,"posy":8,"amount":200},{"posx":11,"posy":8,"amount":200}],"changedObstacles":[]},{"players":[{"playerId":2410245,"score":1425,"energy":2,"posx":6,"posy":4,"lastAction":5,"status":0},{"playerId":239305,"score":1725,"energy":50,"posx":5,"posy":1,"lastAction":4,"status":0},{"playerId":2415753,"score":500,"energy":0,"posx":12,"posy":2,"lastAction":6,"status":2},{"playerId":2271981,"score":1850,"energy":39,"posx":4,"posy":5,"lastAction":0,"status":0}],"golds":[{"posx":0,"posy":2,"amount":50},{"posx":6,"posy":4,"amount":200},{"posx":2,"posy":5,"amount":650},{"posx":0,"posy":6,"amount":750},{"posx":6,"posy":6,"amount":100},{"posx":6,"posy":7,"amount":50},{"posx":9,"posy":8,"amount":200},{"posx":11,"posy":8,"amount":200}],"changedObstacles":[]},{"players":[{"playerId":2410245,"score":1425,"energy":14,"posx":6,"posy":4,"lastAction":4,"status":0},{"playerId":239305,"score":1725,"energy":49,"posx":5,"posy":2,"lastAction":3,"status":0},{"playerId":2415753,"score":500,"energy":0,"posx":12,"posy":2,"lastAction":6,"status":2},{"playerId":2271981,"score":1850,"energy":29,"posx":3,"posy":5,"lastAction":0,"status":0}],"golds":[{"posx":0,"posy":2,"amount":50},{"posx":6,"posy":4,"amount":200},{"posx":2,"posy":5,"amount":650},{"posx":0,"posy":6,"amount":750},{"posx":6,"posy":6,"amount":100},{"posx":6,"posy":7,"amount":50},{"posx":9,"posy":8,"amount":200},{"posx":11,"posy":8,"amount":200}],"changedObstacles":[{"type":0,"posx":3,"posy":5,"value":-1}]},{"players":[{"playerId":2410245,"score":1475,"energy":9,"posx":6,"posy":4,"lastAction":5,"status":0},{"playerId":239305,"score":1725,"energy":44,"posx":5,"posy":3,"lastAction":3,"status":0},{"playerId":2415753,"score":500,"energy":0,"posx":12,"posy":2,"lastAction":6,"status":2},{"playerId":2271981,"score":1850,"energy":25,"posx":2,"posy":5,"lastAction":0,"status":0}],"golds":[{"posx":0,"posy":2,"amount":50},{"posx":6,"posy":4,"amount":150},{"posx":2,"posy":5,"amount":650},{"posx":0,"posy":6,"amount":750},{"posx":6,"posy":6,"amount":100},{"posx":6,"posy":7,"amount":50},{"posx":9,"posy":8,"amount":200},{"posx":11,"posy":8,"amount":200}],"changedObstacles":[{"type":3,"posx":5,"posy":3,"value":-20}]},{"players":[{"playerId":2410245,"score":1525,"energy":4,"posx":6,"posy":4,"lastAction":5,"status":0},{"playerId":239305,"score":1725,"energy":43,"posx":6,"posy":3,"lastAction":1,"status":0},{"playerId":2415753,"score":500,"energy":0,"posx":12,"posy":2,"lastAction":6,"status":2},{"playerId":2271981,"score":1900,"energy":20,"posx":2,"posy":5,"lastAction":5,"status":0}],"golds":[{"posx":0,"posy":2,"amount":50},{"posx":6,"posy":4,"amount":100},{"posx":2,"posy":5,"amount":600},{"posx":0,"posy":6,"amount":750},{"posx":6,"posy":6,"amount":100},{"posx":6,"posy":7,"amount":50},{"posx":9,"posy":8,"amount":200},{"posx":11,"posy":8,"amount":200}],"changedObstacles":[]},{"players":[{"playerId":2410245,"score":1525,"energy":16,"posx":6,"posy":4,"lastAction":4,"status":0},{"playerId":239305,"score":1725,"energy":39,"posx":6,"posy":4,"lastAction":3,"status":0},{"playerId":2415753,"score":500,"energy":0,"posx":12,"posy":2,"lastAction":6,"status":2},{"playerId":2271981,"score":1950,"energy":15,"posx":2,"posy":5,"lastAction":5,"status":0}],"golds":[{"posx":0,"posy":2,"amount":50},{"posx":6,"posy":4,"amount":100},{"posx":2,"posy":5,"amount":550},{"posx":0,"posy":6,"amount":750},{"posx":6,"posy":6,"amount":100},{"posx":6,"posy":7,"amount":50},{"posx":9,"posy":8,"amount":200},{"posx":11,"posy":8,"amount":200}],"changedObstacles":[]},{"players":[{"playerId":2410245,"score":1575,"energy":11,"posx":6,"posy":4,"lastAction":5,"status":0},{"playerId":239305,"score":1775,"energy":34,"posx":6,"posy":4,"lastAction":5,"status":0},{"playerId":2415753,"score":500,"energy":0,"posx":12,"posy":2,"lastAction":6,"status":2},{"playerId":2271981,"score":2000,"energy":10,"posx":2,"posy":5,"lastAction":5,"status":0}],"golds":[{"posx":0,"posy":2,"amount":50},{"posx":2,"posy":5,"amount":500},{"posx":0,"posy":6,"amount":750},{"posx":6,"posy":6,"amount":100},{"posx":6,"posy":7,"amount":50},{"posx":9,"posy":8,"amount":200},{"posx":11,"posy":8,"amount":200}],"changedObstacles":[{"type":0,"posx":6,"posy":4,"value":-1}]},{"players":[{"playerId":2410245,"score":1575,"energy":10,"posx":5,"posy":4,"lastAction":0,"status":0},{"playerId":239305,"score":1775,"energy":33,"posx":6,"posy":5,"lastAction":3,"status":0},{"playerId":2415753,"score":500,"energy":0,"posx":12,"posy":2,"lastAction":6,"status":2},{"playerId":2271981,"score":2050,"energy":5,"posx":2,"posy":5,"lastAction":5,"status":0}],"golds":[{"posx":0,"posy":2,"amount":50},{"posx":2,"posy":5,"amount":450},{"posx":0,"posy":6,"amount":750},{"posx":6,"posy":6,"amount":100},{"posx":6,"posy":7,"amount":50},{"posx":9,"posy":8,"amount":200},{"posx":11,"posy":8,"amount":200}],"changedObstacles":[]},{"players":[{"playerId":2410245,"score":1575,"energy":9,"posx":4,"posy":4,"lastAction":0,"status":0},{"playerId":239305,"score":1775,"energy":29,"posx":6,"posy":6,"lastAction":3,"status":0},{"playerId":2415753,"score":500,"energy":0,"posx":12,"posy":2,"lastAction":6,"status":2},{"playerId":2271981,"score":2050,"energy":17,"posx":2,"posy":5,"lastAction":4,"status":0}],"golds":[{"posx":0,"posy":2,"amount":50},{"posx":2,"posy":5,"amount":450},{"posx":0,"posy":6,"amount":750},{"posx":6,"posy":6,"amount":100},{"posx":6,"posy":7,"amount":50},{"posx":9,"posy":8,"amount":200},{"posx":11,"posy":8,"amount":200}],"changedObstacles":[]},{"players":[{"playerId":2410245,"score":1575,"energy":8,"posx":3,"posy":4,"lastAction":0,"status":0},{"playerId":239305,"score":1825,"energy":24,"posx":6,"posy":6,"lastAction":5,"status":0},{"playerId":2415753,"score":500,"energy":0,"posx":12,"posy":2,"lastAction":6,"status":2},{"playerId":2271981,"score":2050,"energy":33,"posx":2,"posy":5,"lastAction":4,"status":0}],"golds":[{"posx":0,"posy":2,"amount":50},{"posx":2,"posy":5,"amount":450},{"posx":0,"posy":6,"amount":750},{"posx":6,"posy":6,"amount":50},{"posx":6,"posy":7,"amount":50},{"posx":9,"posy":8,"amount":200},{"posx":11,"posy":8,"amount":200}],"changedObstacles":[]},{"players":[{"playerId":2410245,"score":1575,"energy":7,"posx":3,"posy":5,"lastAction":3,"status":0},{"playerId":239305,"score":1875,"energy":19,"posx":6,"posy":6,"lastAction":5,"status":0},{"playerId":2415753,"score":500,"energy":0,"posx":12,"posy":2,"lastAction":6,"status":2},{"playerId":2271981,"score":2100,"energy":28,"posx":2,"posy":5,"lastAction":5,"status":0}],"golds":[{"posx":0,"posy":2,"amount":50},{"posx":2,"posy":5,"amount":400},{"posx":0,"posy":6,"amount":750},{"posx":6,"posy":7,"amount":50},{"posx":9,"posy":8,"amount":200},{"posx":11,"posy":8,"amount":200}],"changedObstacles":[{"type":0,"posx":6,"posy":6,"value":-1}]},{"players":[{"playerId":2410245,"score":1575,"energy":3,"posx":2,"posy":5,"lastAction":0,"status":0},{"playerId":239305,"score":1875,"energy":15,"posx":6,"posy":7,"lastAction":3,"status":0},{"playerId":2415753,"score":500,"energy":0,"posx":12,"posy":2,"lastAction":6,"status":2},{"playerId":2271981,"score":2150,"energy":23,"posx":2,"posy":5,"lastAction":5,"status":0}],"golds":[{"posx":0,"posy":2,"amount":50},{"posx":2,"posy":5,"amount":350},{"posx":0,"posy":6,"amount":750},{"posx":6,"posy":7,"amount":50},{"posx":9,"posy":8,"amount":200},{"posx":11,"posy":8,"amount":200}],"changedObstacles":[]},{"players":[{"playerId":2410245,"score":1575,"energy":15,"posx":2,"posy":5,"lastAction":4,"status":0},{"playerId":239305,"score":1925,"energy":10,"posx":6,"posy":7,"lastAction":5,"status":0},{"playerId":2415753,"score":500,"energy":0,"posx":12,"posy":2,"lastAction":6,"status":2},{"playerId":2271981,"score":2150,"energy":22,"posx":1,"posy":5,"lastAction":0,"status":0}],"golds":[{"posx":0,"posy":2,"amount":50},{"posx":2,"posy":5,"amount":350},{"posx":0,"posy":6,"amount":750},{"posx":9,"posy":8,"amount":200},{"posx":11,"posy":8,"amount":200}],"changedObstacles":[{"type":0,"posx":6,"posy":7,"value":-1}]},{"players":[{"playerId":2410245,"score":1625,"energy":10,"posx":2,"posy":5,"lastAction":5,"status":0},{"playerId":239305,"score":1925,"energy":9,"posx":7,"posy":7,"lastAction":1,"status":0},{"playerId":2415753,"score":500,"energy":0,"posx":12,"posy":2,"lastAction":6,"status":2},{"playerId":2271981,"score":2150,"energy":21,"posx":1,"posy":6,"lastAction":3,"status":0}],"golds":[{"posx":0,"posy":2,"amount":50},{"posx":2,"posy":5,"amount":300},{"posx":0,"posy":6,"amount":750},{"posx":9,"posy":8,"amount":200},{"posx":11,"posy":8,"amount":200}],"changedObstacles":[]},{"players":[{"playerId":2410245,"score":1675,"energy":5,"posx":2,"posy":5,"lastAction":5,"status":0},{"playerId":239305,"score":1925,"energy":8,"posx":7,"posy":8,"lastAction":3,"status":0},{"playerId":2415753,"score":500,"energy":0,"posx":12,"posy":2,"lastAction":6,"status":2},{"playerId":2271981,"score":2150,"energy":17,"posx":0,"posy":6,"lastAction":0,"status":0}],"golds":[{"posx":0,"posy":2,"amount":50},{"posx":2,"posy":5,"amount":250},{"posx":0,"posy":6,"amount":750},{"posx":9,"posy":8,"amount":200},{"posx":11,"posy":8,"amount":200}],"changedObstacles":[]},{"players":[{"playerId":2410245,"score":1675,"energy":17,"posx":2,"posy":5,"lastAction":4,"status":0},{"playerId":239305,"score":1925,"energy":7,"posx":8,"posy":8,"lastAction":1,"status":0},{"playerId":2415753,"score":500,"energy":0,"posx":12,"posy":2,"lastAction":6,"status":2},{"playerId":2271981,"score":2200,"energy":12,"posx":0,"posy":6,"lastAction":5,"status":0}],"golds":[{"posx":0,"posy":2,"amount":50},{"posx":2,"posy":5,"amount":250},{"posx":0,"posy":6,"amount":700},{"posx":9,"posy":8,"amount":200},{"posx":11,"posy":8,"amount":200}],"changedObstacles":[]},{"players":[{"playerId":2410245,"score":1725,"energy":12,"posx":2,"posy":5,"lastAction":5,"status":0},{"playerId":239305,"score":1925,"energy":3,"posx":9,"posy":8,"lastAction":1,"status":0},{"playerId":2415753,"score":500,"energy":0,"posx":12,"posy":2,"lastAction":6,"status":2},{"playerId":2271981,"score":2250,"energy":7,"posx":0,"posy":6,"lastAction":5,"status":0}],"golds":[{"posx":0,"posy":2,"amount":50},{"posx":2,"posy":5,"amount":200},{"posx":0,"posy":6,"amount":650},{"posx":9,"posy":8,"amount":200},{"posx":11,"posy":8,"amount":200}],"changedObstacles":[]},{"players":[{"playerId":2410245,"score":1775,"energy":7,"posx":2,"posy":5,"lastAction":5,"status":0},{"playerId":239305,"score":1925,"energy":15,"posx":9,"posy":8,"lastAction":4,"status":0},{"playerId":2415753,"score":500,"energy":0,"posx":12,"posy":2,"lastAction":6,"status":2},{"playerId":2271981,"score":2300,"energy":2,"posx":0,"posy":6,"lastAction":5,"status":0}],"golds":[{"posx":0,"posy":2,"amount":50},{"posx":2,"posy":5,"amount":150},{"posx":0,"posy":6,"amount":600},{"posx":9,"posy":8,"amount":200},{"posx":11,"posy":8,"amount":200}],"changedObstacles":[]},{"players":[{"playerId":2410245,"score":1825,"energy":2,"posx":2,"posy":5,"lastAction":5,"status":0},{"playerId":239305,"score":1925,"energy":31,"posx":9,"posy":8,"lastAction":4,"status":0},{"playerId":2415753,"score":500,"energy":0,"posx":12,"posy":2,"lastAction":6,"status":2},{"playerId":2271981,"score":2300,"energy":14,"posx":0,"posy":6,"lastAction":4,"status":0}],"golds":[{"posx":0,"posy":2,"amount":50},{"posx":2,"posy":5,"amount":100},{"posx":0,"posy":6,"amount":600},{"posx":9,"posy":8,"amount":200},{"posx":11,"posy":8,"amount":200}],"changedObstacles":[]},{"players":[{"playerId":2410245,"score":1825,"energy":14,"posx":2,"posy":5,"lastAction":4,"status":0},{"playerId":239305,"score":1975,"energy":26,"posx":9,"posy":8,"lastAction":5,"status":0},{"playerId":2415753,"score":500,"energy":0,"posx":12,"posy":2,"lastAction":6,"status":2},{"playerId":2271981,"score":2350,"energy":9,"posx":0,"posy":6,"lastAction":5,"status":0}],"golds":[{"posx":0,"posy":2,"amount":50},{"posx":2,"posy":5,"amount":100},{"posx":0,"posy":6,"amount":550},{"posx":9,"posy":8,"amount":150},{"posx":11,"posy":8,"amount":200}],"changedObstacles":[]},{"players":[{"playerId":2410245,"score":1875,"energy":9,"posx":2,"posy":5,"lastAction":5,"status":0},{"playerId":239305,"score":2025,"energy":21,"posx":9,"posy":8,"lastAction":5,"status":0},{"playerId":2415753,"score":500,"energy":0,"posx":12,"posy":2,"lastAction":6,"status":2},{"playerId":2271981,"score":2400,"energy":4,"posx":0,"posy":6,"lastAction":5,"status":0}],"golds":[{"posx":0,"posy":2,"amount":50},{"posx":2,"posy":5,"amount":50},{"posx":0,"posy":6,"amount":500},{"posx":9,"posy":8,"amount":100},{"posx":11,"posy":8,"amount":200}],"changedObstacles":[]},{"players":[{"playerId":2410245,"score":1925,"energy":4,"posx":2,"posy":5,"lastAction":5,"status":0},{"playerId":239305,"score":2075,"energy":16,"posx":9,"posy":8,"lastAction":5,"status":0},{"playerId":2415753,"score":500,"energy":0,"posx":12,"posy":2,"lastAction":6,"status":2},{"playerId":2271981,"score":2400,"energy":16,"posx":0,"posy":6,"lastAction":4,"status":0}],"golds":[{"posx":0,"posy":2,"amount":50},{"posx":0,"posy":6,"amount":500},{"posx":9,"posy":8,"amount":50},{"posx":11,"posy":8,"amount":200}],"changedObstacles":[{"type":0,"posx":2,"posy":5,"value":-1}]},{"players":[{"playerId":2410245,"score":1925,"energy":16,"posx":2,"posy":5,"lastAction":4,"status":0},{"playerId":239305,"score":2125,"energy":11,"posx":9,"posy":8,"lastAction":5,"status":0},{"playerId":2415753,"score":500,"energy":0,"posx":12,"posy":2,"lastAction":6,"status":2},{"playerId":2271981,"score":2450,"energy":11,"posx":0,"posy":6,"lastAction":5,"status":0}],"golds":[{"posx":0,"posy":2,"amount":50},{"posx":0,"posy":6,"amount":450},{"posx":11,"posy":8,"amount":200}],"changedObstacles":[{"type":0,"posx":9,"posy":8,"value":-1}]},{"players":[{"playerId":2410245,"score":1925,"energy":15,"posx":1,"posy":5,"lastAction":0,"status":0},{"playerId":239305,"score":2125,"energy":23,"posx":9,"posy":8,"lastAction":4,"status":0},{"playerId":2415753,"score":500,"energy":0,"posx":12,"posy":2,"lastAction":6,"status":2},{"playerId":2271981,"score":2500,"energy":6,"posx":0,"posy":6,"lastAction":5,"status":0}],"golds":[{"posx":0,"posy":2,"amount":50},{"posx":0,"posy":6,"amount":400},{"posx":11,"posy":8,"amount":200}],"changedObstacles":[]}]