[{"players":[{"playerId":2483603,"score":0,"energy":40,"posx":18,"posy":7,"lastAction":1,"status":0},{"playerId":2268490,"score":0,"energy":38,"posx":16,"posy":7,"lastAction":0,"status":0},{"playerId":2422729,"score":0,"energy":38,"posx":16,"posy":7,"lastAction":0,"status":0},{"playerId":1658775,"score":0,"energy":40,"posx":18,"posy":7,"lastAction":1,"status":0}],"golds":[{"posx":6,"posy":4,"amount":450},{"posx":9,"posy":1,"amount":450},{"posx":18,"posy":3,"amount":250},{"posx":0,"posy":2,"amount":50},{"posx":20,"posy":7,"amount":700},{"posx":6,"posy":6,"amount":100},{"posx":7,"posy":1,"amount":150},{"posx":14,"posy":6,"amount":250},{"posx":6,"posy":7,"amount":50},{"posx":13,"posy":5,"amount":500},{"posx":9,"posy":8,"amount":200},{"posx":11,"posy":8,"amount":200},{"posx":7,"posy":2,"amount":700},{"posx":14,"posy":7,"amount":500},{"posx":15,"posy":3,"amount":250},{"posx":20,"posy":3,"amount":750},{"posx":10,"posy":6,"amount":400},{"posx":0,"posy":6,"amount":750},{"posx":2,"posy":5,"amount":650},{"posx":5,"posy":1,"amount":350}],"changedObstacles":[{"type":0,"posx":18,"posy":7,"value":-1}]},{"players":[{"playerId":2483603,"score":0,"energy":39,"posx":19,"posy":7,"lastAction":1,"status":0},{"playerId":2268490,"score":0,"energy":37,"posx":16,"posy":6,"lastAction":2,"status":0},{"playerId":2422729,"score":0,"energy":37,"posx":16,"posy":6,"lastAction":2,"status":0},{"playerId":1658775,"score":0,"energy":30,"posx":18,"posy":7,"lastAction":5,"status":0}],"golds":[{"posx":6,"posy":4,"amount":450},{"posx":9,"posy":1,"amount":450},{"posx":18,"posy":3,"amount":250},{"posx":0,"posy":2,"amount":50},{"posx":20,"posy":7,"amount":700},{"posx":6,"posy":6,"amount":100},{"posx":7,"posy":1,"amount":150},{"posx":14,"posy":6,"amount":250},{"posx":6,"posy":7,"amount":50},{"posx":13,"posy":5,"amount":500},{"posx":9,"posy":8,"amount":200},{"posx":11,"posy":8,"amount":200},{"posx":7,"posy":2,"amount":700},{"posx":14,"posy":7,"amount":500},{"posx":15,"posy":3,"amount":250},{"posx":20,"posy":3,"amount":750},{"posx":10,"posy":6,"amount":400},{"posx":0,"posy":6,"amount":750},{"posx":2,"posy":5,"amount":650},{"posx":5,"posy":1,"amount":350}],"changedObstacles":[]},{"players":[{"playerId":2483603,"score":0,"energy":35,"posx":20,"posy":7,"lastAction":1,"status":0},{"playerId":2268490,"score":0,"energy":36,"posx":15,"posy":6,"lastAction":0,"status":0},{"playerId":2422729,"score":0,"energy":36,"posx":16,"posy":5,"lastAction":2,"status":0},{"playerId":1658775,"score":0,"energy":29,"posx":19,"posy":7,"lastAction":1,"status":0}],"golds":[{"posx":6,"posy":4,"amount":450},{"posx":9,"posy":1,"amount":450},{"posx":18,"posy":3,"amount":250},{"posx":0,"posy":2,"amount":50},{"posx":20,"posy":7,"amount":700},{"posx":6,"posy":6,"amount":100},{"posx":7,"posy":1,"amount":150},{"posx":14,"posy":6,"amount":250},{"posx":6,"posy":7,"amount":50},{"posx":13,"posy":5,"amount":500},{"posx":9,"posy":8,"amount":200},{"posx":11,"posy":8,"amount":200},{"posx":7,"posy":2,"amount":700},{"posx":14,"posy":7,"amount":500},{"posx":15,"posy":3,"amount":250},{"posx":20,"posy":3,"amount":750},{"posx":10,"posy":6,"amount":400},{"posx":0,"posy":6,"amount":750},{"posx":2,"posy":5,"amount":650},{"posx":5,"posy":1,"amount":350}],"changedObstacles":[]},{"players":[{"playerId":2483603,"score":50,"energy":30,"posx":20,"posy":7,"lastAction":5,"status":0},{"playerId":2268490,"score":0,"energy":35,"posx":15,"posy":5,"lastAction":2,"status":0},{"playerId":2422729,"score":0,"energy":35,"posx":16,"posy":6,"lastAction":3,"status":0},{"playerId":1658775,"score":0,"energy":25,"posx":20,"posy":7,"lastAction":1,"status":0}],"golds":[{"posx":5,"posy":1,"amount":350},{"posx":7,"posy":1,"amount":150},{"posx":9,"posy":1,"amount":450},{"posx":0,"posy":2,"amount":50},{"posx":7,"posy":2,"amount":700},{"posx":15,"posy":3,"amount":250},{"posx":18,"posy":3,"amount":250},{"posx":20,"posy":3,"amount":750},{"posx":6,"posy":4,"amount":450},{"posx":2,"posy":5,"amount":650},{"posx":13,"posy":5,"amount":500},{"posx":0,"posy":6,"amount":750},{"posx":6,"posy":6,"amount":100},{"posx":10,"posy":6,"amount":400},{"posx":14,"posy":6,"amount":250},{"posx":6,"posy":7,"amount":50},{"posx":14,"posy":7,"amount":500},{"posx":20,"posy":7,"amount":650},{"posx":9,"posy":8,"amount":200},{"posx":11,"posy":8,"amount":200}],"changedObstacles":[]},{"players":[{"playerId":2483603,"score":100,"energy":25,"posx":20,"posy":7,"lastAction":5,"status":0},{"playerId":2268490,"score":0,"energy":34,"posx":14,"posy":5,"lastAction":0,"status":0},{"playerId":2422729,"score":0,"energy":34,"posx":16,"posy":5,"lastAction":2,"status":0},{"playerId":1658775,"score":50,"energy":20,"posx":20,"posy":7,"lastAction":5,"status":0}],"golds":[{"posx":5,"posy":1,"amount":350},{"posx":7,"posy":1,"amount":150},{"posx":9,"posy":1,"amount":450},{"posx":0,"posy":2,"amount":50},{"posx":7,"posy":2,"amount":700},{"posx":15,"posy":3,"amount":250},{"posx":18,"posy":3,"amount":250},{"posx":20,"posy":3,"amount":750},{"posx":6,"posy":4,"amount":450},{"posx":2,"posy":5,"amount":650},{"posx":13,"posy":5,"amount":500},{"posx":0,"posy":6,"amount":750},{"posx":6,"posy":6,"amount":100},{"posx":10,"posy":6,"amount":400},{"posx":14,"posy":6,"amount":250},{"posx":6,"posy":7,"amount":50},{"posx":14,"posy":7,"amount":500},{"posx":20,"posy":7,"amount":550},{"posx":9,"posy":8,"amount":200},{"posx":11,"posy":8,"amount":200}],"changedObstacles":[]},{"players":[{"playerId":2483603,"score":150,"energy":20,"posx":20,"posy":7,"lastAction":5,"status":0},{"playerId":2268490,"score":0,"energy":30,"posx":13,"posy":5,"lastAction":0,"status":0},{"playerId":2422729,"score":0,"energy":33,"posx":16,"posy":4,"lastAction":2,"status":0},{"playerId":1658775,"score":100,"energy":15,"posx":20,"posy":7,"lastAction":5,"status":0}],"golds":[{"posx":5,"posy":1,"amount":350},{"posx":7,"posy":1,"amount":150},{"posx":9,"posy":1,"amount":450},{"posx":0,"posy":2,"amount":50},{"posx":7,"posy":2,"amount":700},{"posx":15,"posy":3,"amount":250},{"posx":18,"posy":3,"amount":250},{"posx":20,"posy":3,"amount":750},{"posx":6,"posy":4,"amount":450},{"posx":2,"posy":5,"amount":650},{"posx":13,"posy":5,"amount":500},{"posx":0,"posy":6,"amount":750},{"posx":6,"posy":6,"amount":100},{"posx":10,"posy":6,"amount":400},{"posx":14,"posy":6,"amount":250},{"posx":6,"posy":7,"amount":50},{"posx":14,"posy":7,"amount":500},{"posx":20,"posy":7,"amount":450},{"posx":9,"posy":8,"amount":200},{"posx":11,"posy":8,"amount":200}],"changedObstacles":[]},{"players":[{"playerId":2483603,"score":200,"energy":15,"posx":20,"posy":7,"lastAction":5,"status":0},{"playerId":2268490,"score":50,"energy":25,"posx":13,"posy":5,"lastAction":5,"status":0},{"playerId":2422729,"score":0,"energy":32,"posx":15,"posy":4,"lastAction":0,"status":0},{"playerId":1658775,"score":150,"energy":10,"posx":20,"posy":7,"lastAction":5,"status":0}],"golds":[{"posx":5,"posy":1,"amount":350},{"posx":7,"posy":1,"amount":150},{"posx":9,"posy":1,"amount":450},{"posx":0,"posy":2,"amount":50},{"posx":7,"posy":2,"amount":700},{"posx":15,"posy":3,"amount":250},{"posx":18,"posy":3,"amount":250},{"posx":20,"posy":3,"amount":750},{"posx":6,"posy":4,"amount":450},{"posx":2,"posy":5,"amount":650},{"posx":13,"posy":5,"amount":450},{"posx":0,"posy":6,"amount":750},{"posx":6,"posy":6,"amount":100},{"posx":10,"posy":6,"amount":400},{"posx":14,"posy":6,"amount":250},{"posx":6,"posy":7,"amount":50},{"posx":14,"posy":7,"amount":500},{"posx":20,"posy":7,"amount":350},{"posx":9,"posy":8,"amount":200},{"posx":11,"posy":8,"amount":200}],"changedObstacles":[]},{"players":[{"playerId":2483603,"score":250,"energy":10,"posx":20,"posy":7,"lastAction":5,"status":0},{"playerId":2268490,"score":100,"energy":20,"posx":13,"posy":5,"lastAction":5,"status":0},{"playerId":2422729,"score":0,"energy":31,"posx":15,"posy":5,"lastAction":3,"status":0},{"playerId":1658775,"score":200,"energy":5,"posx":20,"posy":7,"lastAction":5,"status":0}],"golds":[{"posx":5,"posy":1,"amount":350},{"posx":7,"posy":1,"amount":150},{"posx":9,"posy":1,"amount":450},{"posx":0,"posy":2,"amount":50},{"posx":7,"posy":2,"amount":700},{"posx":15,"posy":3,"amount":250},{"posx":18,"posy":3,"amount":250},{"posx":20,"posy":3,"amount":750},{"posx":6,"posy":4,"amount":450},{"posx":2,"posy":5,"amount":650},{"posx":13,"posy":5,"amount":400},{"posx":0,"posy":6,"amount":750},{"posx":6,"posy":6,"amount":100},{"posx":10,"posy":6,"amount":400},{"posx":14,"posy":6,"amount":250},{"posx":6,"posy":7,"amount":50},{"posx":14,"posy":7,"amount":500},{"posx":20,"posy":7,"amount":250},{"posx":9,"posy":8,"amount":200},{"posx":11,"posy":8,"amount":200}],"changedObstacles":[]},{"players":[{"playerId":2483603,"score":300,"energy":5,"posx":20,"posy":7,"lastAction":5,"status":0},{"playerId":2268490,"score":150,"energy":15,"posx":13,"posy":5,"lastAction":5,"status":0},{"playerId":2422729,"score":0,"energy":30,"posx":15,"posy":6,"lastAction":3,"status":0},{"playerId":1658775,"score":200,"energy":17,"posx":20,"posy":7,"lastAction":4,"status":0}],"golds":[{"posx":5,"posy":1,"amount":350},{"posx":7,"posy":1,"amount":150},{"posx":9,"posy":1,"amount":450},{"posx":0,"posy":2,"amount":50},{"posx":7,"posy":2,"amount":700},{"posx":15,"posy":3,"amount":250},{"posx":18,"posy":3,"amount":250},{"posx":20,"posy":3,"amount":750},{"posx":6,"posy":4,"amount":450},{"posx":2,"posy":5,"amount":650},{"posx":13,"posy":5,"amount":350},{"posx":0,"posy":6,"amount":750},{"posx":6,"posy":6,"amount":100},{"posx":10,"posy":6,"amount":400},{"posx":14,"posy":6,"amount":250},{"posx":6,"posy":7,"amount":50},{"posx":14,"posy":7,"amount":500},{"posx":20,"posy":7,"amount":200},{"posx":9,"posy":8,"amount":200},{"posx":11,"posy":8,"amount":200}],"changedObstacles":[]},{"players":[{"playerId":2483603,"score":300,"energy":17,"posx":20,"posy":7,"lastAction":4,"status":0},{"playerId":2268490,"score":200,"energy":10,"posx":13,"posy":5,"lastAction":5,"status":0},{"playerId":2422729,"score":0,"energy":20,"posx":15,"posy":7,"lastAction":3,"status":0},{"playerId":1658775,"score":250,"energy":12,"posx":20,"posy":7,"lastAction":5,"status":0}],"golds":[{"posx":5,"posy":1,"amount":350},{"posx":7,"posy":1,"amount":150},{"posx":9,"posy":1,"amount":450},{"posx":0,"posy":2,"amount":50},{"posx":7,"posy":2,"amount":700},{"posx":15,"posy":3,"amount":250},{"posx":18,"posy":3,"amount":250},{"posx":20,"posy":3,"amount":750},{"posx":6,"posy":4,"amount":450},{"posx":2,"posy":5,"amount":650},{"posx":13,"posy":5,"amount":300},{"posx":0,"posy":6,"amount":750},{"posx":6,"posy":6,"amount":100},{"posx":10,"posy":6,"amount":400},{"posx":14,"posy":6,"amount":250},{"posx":6,"posy":7,"amount":50},{"posx":14,"posy":7,"amount":500},{"posx":20,"posy":7,"amount":150},{"posx":9,"posy":8,"amount":200},{"posx":11,"posy":8,"amount":200}],"changedObstacles":[{"type":0,"posx":15,"posy":7,"value":-1}]},{"players":[{"playerId":2483603,"score":300,"energy":33,"posx":20,"posy":7,"lastAction":4,"status":0},{"playerId":2268490,"score":200,"energy":22,"posx":13,"posy":5,"lastAction":4,"status":0},{"playerId":2422729,"score":0,"energy":16,"posx":14,"posy":7,"lastAction":0,"status":0},{"playerId":1658775,"score":300,"energy":7,"posx":20,"posy":7,"lastAction":5,"status":0}],"golds":[{"posx":5,"posy":1,"amount":350},{"posx":7,"posy":1,"amount":150},{"posx":9,"posy":1,"amount":450},{"posx":0,"posy":2,"amount":50},{"posx":7,"posy":2,"amount":700},{"posx":15,"posy":3,"amount":250},{"posx":18,"posy":3,"amount":250},{"posx":20,"posy":3,"amount":750},{"posx":6,"posy":4,"amount":450},{"posx":2,"posy":5,"amount":650},{"posx":13,"posy":5,"amount":300},{"posx":0,"posy":6,"amount":750},{"posx":6,"posy":6,"amount":100},{"posx":10,"posy":6,"amount":400},{"posx":14,"posy":6,"amount":250},{"posx":6,"posy":7,"amount":50},{"posx":14,"posy":7,"amount":500},{"posx":20,"posy":7,"amount":100},{"posx":9,"posy":8,"amount":200},{"posx":11,"posy":8,"amount":200}],"changedObstacles":[]},{"players":[{"playerId":2483603,"score":350,"energy":28,"posx":20,"posy":7,"lastAction":5,"status":0},{"playerId":2268490,"score":200,"energy":38,"posx":13,"posy":5,"lastAction":4,"status":0},{"playerId":2422729,"score":50,"energy":11,"posx":14,"posy":7,"lastAction":5,"status":0},{"playerId":1658775,"score":350,"energy":2,"posx":20,"posy":7,"lastAction":5,"status":0}],"golds":[{"posx":5,"posy":1,"amount":350},{"posx":7,"posy":1,"amount":150},{"posx":9,"posy":1,"amount":450},{"posx":0,"posy":2,"amount":50},{"posx":7,"posy":2,"amount":700},{"posx":15,"posy":3,"amount":250},{"posx":18,"posy":3,"amount":250},{"posx":20,"posy":3,"amount":750},{"posx":6,"posy":4,"amount":450},{"posx":2,"posy":5,"amount":650},{"posx":13,"posy":5,"amount":300},{"posx":0,"posy":6,"amount":750},{"posx":6,"posy":6,"amount":100},{"posx":10,"posy":6,"amount":400},{"posx":14,"posy":6,"amount":250},{"posx":6,"posy":7,"amount":50},{"posx":14,"posy":7,"amount":450},{"posx":9,"posy":8,"amount":200},{"posx":11,"posy":8,"amount":200}],"changedObstacles":[{"type":0,"posx":20,"posy":7,"value":-1}]},{"players":[{"playerId":2483603,"score":350,"energy":27,"posx":20,"posy":6,"lastAction":2,"status":0},{"playerId":2268490,"score":250,"energy":33,"posx":13,"posy":5,"lastAction":5,"status":0},{"playerId":2422729,"score":100,"energy":6,"posx":14,"posy":7,"lastAction":5,"status":0},{"playerId":1658775,"score":350,"energy":14,"posx":20,"posy":7,"lastAction":4,"status":0}],"golds":[{"posx":5,"posy":1,"amount":350},{"posx":7,"posy":1,"amount":150},{"posx":9,"posy":1,"amount":450},{"posx":0,"posy":2,"amount":50},{"posx":7,"posy":2,"amount":700},{"posx":15,"posy":3,"amount":250},{"posx":18,"posy":3,"amount":250},{"posx":20,"posy":3,"amount":750},{"posx":6,"posy":4,"amount":450},{"posx":2,"posy":5,"amount":650},{"posx":13,"posy":5,"amount":250},{"posx":0,"posy":6,"amount":750},{"posx":6,"posy":6,"amount":100},{"posx":10,"posy":6,"amount":400},{"posx":14,"posy":6,"amount":250},{"posx":6,"posy":7,"amount":50},{"posx":14,"posy":7,"amount":400},{"posx":9,"posy":8,"amount":200},{"posx":11,"posy":8,"amount":200}],"changedObstacles":[]},{"players":[{"playerId":2483603,"score":350,"energy":19,"posx":20,"posy":5,"lastAction":2,"status":0},{"playerId":2268490,"score":300,"energy":28,"posx":13,"posy":5,"lastAction":5,"status":0},{"playerId":2422729,"score":150,"energy":1,"posx":14,"posy":7,"lastAction":5,"status":0},{"playerId":1658775,"score":350,"energy":13,"posx":20,"posy":6,"lastAction":2,"status":0}],"golds":[{"posx":5,"posy":1,"amount":350},{"posx":7,"posy":1,"amount":150},{"posx":9,"posy":1,"amount":450},{"posx":0,"posy":2,"amount":50},{"posx":7,"posy":2,"amount":700},{"posx":15,"posy":3,"amount":250},{"posx":18,"posy":3,"amount":250},{"posx":20,"posy":3,"amount":750},{"posx":6,"posy":4,"amount":450},{"posx":2,"posy":5,"amount":650},{"posx":13,"posy":5,"amount":200},{"posx":0,"posy":6,"amount":750},{"posx":6,"posy":6,"amount":100},{"posx":10,"posy":6,"amount":400},{"posx":14,"posy":6,"amount":250},{"posx":6,"posy":7,"amount":50},{"posx":14,"posy":7,"amount":350},{"posx":9,"posy":8,"amount":200},{"posx":11,"posy":8,"amount":200}],"changedObstacles":[]},{"players":[{"playerId":2483603,"score":350,"energy":18,"posx":20,"posy":4,"lastAction":2,"status":0},{"playerId":2268490,"score":350,"energy":23,"posx":13,"posy":5,"lastAction":5,"status":0},{"playerId":2422729,"score":150,"energy":13,"posx":14,"posy":7,"lastAction":4,"status":0},{"playerId":1658775,"score":350,"energy":25,"posx":20,"posy":6,"lastAction":4,"status":0}],"golds":[{"posx":5,"posy":1,"amount":350},{"posx":7,"posy":1,"amount":150},{"posx":9,"posy":1,"amount":450},{"posx":0,"posy":2,"amount":50},{"posx":7,"posy":2,"amount":700},{"posx":15,"posy":3,"amount":250},{"posx":18,"posy":3,"amount":250},{"posx":20,"posy":3,"amount":750},{"posx":6,"posy":4,"amount":450},{"posx":2,"posy":5,"amount":650},{"posx":13,"posy":5,"amount":150},{"posx":0,"posy":6,"amount":750},{"posx":6,"posy":6,"amount":100},{"posx":10,"posy":6,"amount":400},{"posx":14,"posy":6,"amount":250},{"posx":6,"posy":7,"amount":50},{"posx":14,"posy":7,"amount":350},{"posx":9,"posy":8,"amount":200},{"posx":11,"posy":8,"amount":200}],"changedObstacles":[]},{"players":[{"playerId":2483603,"score":350,"energy":14,"posx":20,"posy":3,"lastAction":2,"status":0},{"playerId":2268490,"score":400,"energy":18,"posx":13,"posy":5,"lastAction":5,"status":0},{"playerId":2422729,"score":150,"energy":29,"posx":14,"posy":7,"lastAction":4,"status":0},{"playerId":1658775,"score":350,"energy":13,"posx":20,"posy":5,"lastAction":2,"status":0}],"golds":[{"posx":5,"posy":1,"amount":350},{"posx":7,"posy":1,"amount":150},{"posx":9,"posy":1,"amount":450},{"posx":0,"posy":2,"amount":50},{"posx":7,"posy":2,"amount":700},{"posx":15,"posy":3,"amount":250},{"posx":18,"posy":3,"amount":250},{"posx":20,"posy":3,"amount":750},{"posx":6,"posy":4,"amount":450},{"posx":2,"posy":5,"amount":650},{"posx":13,"posy":5,"amount":100},{"posx":0,"posy":6,"amount":750},{"posx":6,"posy":6,"amount":100},{"posx":10,"posy":6,"amount":400},{"posx":14,"posy":6,"amount":250},{"posx":6,"posy":7,"amount":50},{"posx":14,"posy":7,"amount":350},{"posx":9,"posy":8,"amount":200},{"posx":11,"posy":8,"amount":200}],"changedObstacles":[]},{"players":[{"playerId":2483603,"score":400,"energy":9,"posx":20,"posy":3,"lastAction":5,"status":0},{"playerId":2268490,"score":450,"energy":13,"posx":13,"posy":5,"lastAction":5,"status":0},{"playerId":2422729,"score":200,"energy":24,"posx":14,"posy":7,"lastAction":5,"status":0},{"playerId":1658775,"score":350,"energy":12,"posx":20,"posy":4,"lastAction":2,"status":0}],"golds":[{"posx":5,"posy":1,"amount":350},{"posx":7,"posy":1,"amount":150},{"posx":9,"posy":1,"amount":450},{"posx":0,"posy":2,"amount":50},{"posx":7,"posy":2,"amount":700},{"posx":15,"posy":3,"amount":250},{"posx":18,"posy":3,"amount":250},{"posx":20,"posy":3,"amount":700},{"posx":6,"posy":4,"amount":450},{"posx":2,"posy":5,"amount":650},{"posx":13,"posy":5,"amount":50},{"posx":0,"posy":6,"amount":750},{"posx":6,"posy":6,"amount":100},{"posx":10,"posy":6,"amount":400},{"posx":14,"posy":6,"amount":250},{"posx":6,"posy":7,"amount":50},{"posx":14,"posy":7,"amount":300},{"posx":9,"posy":8,"amount":200},{"posx":11,"posy":8,"amount":200}],"changedObstacles":[]},{"players":[{"playerId":2483603,"score":450,"energy":4,"posx":20,"posy":3,"lastAction":5,"status":0},{"playerId":2268490,"score":500,"energy":8,"posx":13,"posy":5,"lastAction":5,"status":0},{"playerId":2422729,"score":250,"energy":19,"posx":14,"posy":7,"lastAction":5,"status":0},{"playerId":1658775,"score":350,"energy":8,"posx":20,"posy":3,"lastAction":2,"status":0}],"golds":[{"posx":5,"posy":1,"amount":350},{"posx":7,"posy":1,"amount":150},{"posx":9,"posy":1,"amount":450},{"posx":0,"posy":2,"amount":50},{"posx":7,"posy":2,"amount":700},{"posx":15,"posy":3,"amount":250},{"posx":18,"posy":3,"amount":250},{"posx":20,"posy":3,"amount":650},{"posx":6,"posy":4,"amount":450},{"posx":2,"posy":5,"amount":650},{"posx":0,"posy":6,"amount":750},{"posx":6,"posy":6,"amount":100},{"posx":10,"posy":6,"amount":400},{"posx":14,"posy":6,"amount":250},{"posx":6,"posy":7,"amount":50},{"posx":14,"posy":7,"amount":250},{"posx":9,"posy":8,"amount":200},{"posx":11,"posy":8,"amount":200}],"changedObstacles":[{"type":0,"posx":13,"posy":5,"value":-1}]},{"players":[{"playerId":2483603,"score":450,"energy":16,"posx":20,"posy":3,"lastAction":4,"status":0},{"playerId":2268490,"score":500,"energy":7,"posx":13,"posy":6,"lastAction":3,"status":0},{"playerId":2422729,"score":300,"energy":14,"posx":14,"posy":7,"lastAction":5,"status":0},{"playerId":1658775,"score":400,"energy":3,"posx":20,"posy":3,"lastAction":5,"status":0}],"golds":[{"posx":5,"posy":1,"amount":350},{"posx":7,"posy":1,"amount":150},{"posx":9,"posy":1,"amount":450},{"posx":0,"posy":2,"amount":50},{"posx":7,"posy":2,"amount":700},{"posx":15,"posy":3,"amount":250},{"posx":18,"posy":3,"amount":250},{"posx":20,"posy":3,"amount":600},{"posx":6,"posy":4,"amount":450},{"posx":2,"posy":5,"amount":650},{"posx":0,"posy":6,"amount":750},{"posx":6,"posy":6,"amount":100},{"posx":10,"posy":6,"amount":400},{"posx":14,"posy":6,"amount":250},{"posx":6,"posy":7,"amount":50},{"posx":14,"posy":7,"amount":200},{"posx":9,"posy":8,"amount":200},{"posx":11,"posy":8,"amount":200}],"changedObstacles":[]},{"players":[{"playerId":2483603,"score":450,"energy":32,"posx":20,"posy":3,"lastAction":4,"status":0},{"playerId":2268490,"score":500,"energy":3,"posx":14,"posy":6,"lastAction":1,"status":0},{"playerId":2422729,"score":350,"energy":9,"posx":14,"posy":7,"lastAction":5,"status":0},{"playerId":1658775,"score":400,"energy":15,"posx":20,"posy":3,"lastAction":4,"status":0}],"golds":[{"posx":5,"posy":1,"amount":350},{"posx":7,"posy":1,"amount":150},{"posx":9,"posy":1,"amount":450},{"posx":0,"posy":2,"amount":50},{"posx":7,"posy":2,"amount":700},{"posx":15,"posy":3,"amount":250},{"posx":18,"posy":3,"amount":250},{"posx":20,"posy":3,"amount":600},{"posx":6,"posy":4,"amount":450},{"posx":2,"posy":5,"amount":650},{"posx":0,"posy":6,"amount":750},{"posx":6,"posy":6,"amount":100},{"posx":10,"posy":6,"amount":400},{"posx":14,"posy":6,"amount":250},{"posx":6,"posy":7,"amount":50},{"posx":14,"posy":7,"amount":150},{"posx":9,"posy":8,"amount":200},{"posx":11,"posy":8,"amount":200}],"changedObstacles":[]},{"players":[{"playerId":2483603,"score":500,"energy":27,"posx":20,"posy":3,"lastAction":5,"status":0},{"playerId":2268490,"score":500,"energy":15,"posx":14,"posy":6,"lastAction":4,"status":0},{"playerId":2422729,"score":400,"energy":4,"posx":14,"posy":7,"lastAction":5,"status":0},{"playerId":1658775,"score":450,"energy":10,"posx":20,"posy":3,"lastAction":5,"status":0}],"golds":[{"posx":5,"posy":1,"amount":350},{"posx":7,"posy":1,"amount":150},{"posx":9,"posy":1,"amount":450},{"posx":0,"posy":2,"amount":50},{"posx":7,"posy":2,"amount":700},{"posx":15,"posy":3,"amount":250},{"posx":18,"posy":3,"amount":250},{"posx":20,"posy":3,"amount":500},{"posx":6,"posy":4,"amount":450},{"posx":2,"posy":5,"amount":650},{"posx":0,"posy":6,"amount":750},{"posx":6,"posy":6,"amount":100},{"posx":10,"posy":6,"amount":400},{"posx":14,"posy":6,"amount":250},{"posx":6,"posy":7,"amount":50},{"posx":14,"posy":7,"amount":100},{"posx":9,"posy":8,"amount":200},{"posx":11,"posy":8,"amount":200}],"changedObstacles":[]},{"players":[{"playerId":2483603,"score":550,"energy":22,"posx":20,"posy":3,"lastAction":5,"status":0},{"playerId":2268490,"score":500,"energy":31,"posx":14,"posy":6,"lastAction":4,"status":0},{"playerId":2422729,"score":400,"energy":16,"posx":14,"posy":7,"lastAction":4,"status":0},{"playerId":1658775,"score":500,"energy":5,"posx":20,"posy":3,"lastAction":5,"status":0}],"golds":[{"posx":5,"posy":1,"amount":350},{"posx":7,"posy":1,"amount":150},{"posx":9,"posy":1,"amount":450},{"posx":0,"posy":2,"amount":50},{"posx":7,"posy":2,"amount":700},{"posx":15,"posy":3,"amount":250},{"posx":18,"posy":3,"amount":250},{"posx":20,"posy":3,"amount":400},{"posx":6,"posy":4,"amount":450},{"posx":2,"posy":5,"amount":650},{"posx":0,"posy":6,"amount":750},{"posx":6,"posy":6,"amount":100},{"posx":10,"posy":6,"amount":400},{"posx":14,"posy":6,"amount":250},{"posx":6,"posy":7,"amount":50},{"posx":14,"posy":7,"amount":100},{"posx":9,"posy":8,"amount":200},{"posx":11,"posy":8,"amount":200}],"changedObstacles":[]},{"players":[{"playerId":2483603,"score":600,"energy":17,"posx":20,"posy":3,"lastAction":5,"status":0},{"playerId":2268490,"score":550,"energy":26,"posx":14,"posy":6,"lastAction":5,"status":0},{"playerId":2422729,"score":450,"energy":11,"posx":14,"posy":7,"lastAction":5,"status":0},{"playerId":1658775,"score":500,"energy":17,"posx":20,"posy":3,"lastAction":4,"status":0}],"golds":[{"posx":5,"posy":1,"amount":350},{"posx":7,"posy":1,"amount":150},{"posx":9,"posy":1,"amount":450},{"posx":0,"posy":2,"amount":50},{"posx":7,"posy":2,"amount":700},{"posx":15,"posy":3,"amount":250},{"posx":18,"posy":3,"amount":250},{"posx":20,"posy":3,"amount":350},{"posx":6,"posy":4,"amount":450},{"posx":2,"posy":5,"amount":650},{"posx":0,"posy":6,"amount":750},{"posx":6,"posy":6,"amount":100},{"posx":10,"posy":6,"amount":400},{"posx":14,"posy":6,"amount":200},{"posx":6,"posy":7,"amount":50},{"posx":14,"posy":7,"amount":50},{"posx":9,"posy":8,"amount":200},{"posx":11,"posy":8,"amount":200}],"changedObstacles":[]},{"players":[{"playerId":2483603,"score":650,"energy":12,"posx":20,"posy":3,"lastAction":5,"status":0},{"playerId":2268490,"score":600,"energy":21,"posx":14,"posy":6,"lastAction":5,"status":0},{"playerId":2422729,"score":500,"energy":6,"posx":14,"posy":7,"lastAction":5,"status":0},{"playerId":1658775,"score":550,"energy":12,"posx":20,"posy":3,"lastAction":5,"status":0}],"golds":[{"posx":5,"posy":1,"amount":350},{"posx":7,"posy":1,"amount":150},{"posx":9,"posy":1,"amount":450},{"posx":0,"posy":2,"amount":50},{"posx":7,"posy":2,"amount":700},{"posx":15,"posy":3,"amount":250},{"posx":18,"posy":3,"amount":250},{"posx":20,"posy":3,"amount":250},{"posx":6,"posy":4,"amount":450},{"posx":2,"posy":5,"amount":650},{"posx":0,"posy":6,"amount":750},{"posx":6,"posy":6,"amount":100},{"posx":10,"posy":6,"amount":400},{"posx":14,"posy":6,"amount":150},{"posx":6,"posy":7,"amount":50},{"posx":9,"posy":8,"amount":200},{"posx":11,"posy":8,"amount":200}],"changedObstacles":[{"type":0,"posx":14,"posy":7,"value":-1}]},{"players":[{"playerId":2483603,"score":700,"energy":7,"posx":20,"posy":3,"lastAction":5,"status":0},{"playerId":2268490,"score":650,"energy":16,"posx":14,"posy":6,"lastAction":5,"status":0},{"playerId":2422729,"score":500,"energy":5,"posx":13,"posy":7,"lastAction":0,"status":0},{"playerId":1658775,"score":600,"energy":7,"posx":20,"posy":3,"lastAction":5,"status":0}],"golds":[{"posx":5,"posy":1,"amount":350},{"posx":7,"posy":1,"amount":150},{"posx":9,"posy":1,"amount":450},{"posx":0,"posy":2,"amount":50},{"posx":7,"posy":2,"amount":700},{"posx":15,"posy":3,"amount":250},{"posx":18,"posy":3,"amount":250},{"posx":20,"posy":3,"amount":150},{"posx":6,"posy":4,"amount":450},{"posx":2,"posy":5,"amount":650},{"posx":0,"posy":6,"amount":750},{"posx":6,"posy":6,"amount":100},{"posx":10,"posy":6,"amount":400},{"posx":14,"posy":6,"amount":100},{"posx":6,"posy":7,"amount":50},{"posx":9,"posy":8,"amount":200},{"posx":11,"posy":8,"amount":200}],"changedObstacles":[]},{"players":[{"playerId":2483603,"score":750,"energy":2,"posx":20,"posy":3,"lastAction":5,"status":0},{"playerId":2268490,"score":700,"energy":11,"posx":14,"posy":6,"lastAction":5,"status":0},{"playerId":2422729,"score":500,"energy":4,"posx":13,"posy":6,"lastAction":2,"status":0},{"playerId":1658775,"score":650,"energy":2,"posx":20,"posy":3,"lastAction":5,"status":0}],"golds":[{"posx":5,"posy":1,"amount":350},{"posx":7,"posy":1,"amount":150},{"posx":9,"posy":1,"amount":450},{"posx":0,"posy":2,"amount":50},{"posx":7,"posy":2,"amount":700},{"posx":15,"posy":3,"amount":250},{"posx":18,"posy":3,"amount":250},{"posx":20,"posy":3,"amount":50},{"posx":6,"posy":4,"amount":450},{"posx":2,"posy":5,"amount":650},{"posx":0,"posy":6,"amount":750},{"posx":6,"posy":6,"amount":100},{"posx":10,"posy":6,"amount":400},{"posx":14,"posy":6,"amount":50},{"posx":6,"posy":7,"amount":50},{"posx":9,"posy":8,"amount":200},{"posx":11,"posy":8,"amount":200}],"changedObstacles":[]},{"players":[{"playerId":2483603,"score":750,"energy":14,"posx":20,"posy":3,"lastAction":4,"status":0},{"playerId":2268490,"score":750,"energy":6,"posx":14,"posy":6,"lastAction":5,"status":0},{"playerId":2422729,"score":500,"energy":3,"posx":13,"posy":5,"lastAction":2,"status":0},{"playerId":1658775,"score":650,"energy":14,"posx":20,"posy":3,"lastAction":4,"status":0}],"golds":[{"posx":5,"posy":1,"amount":350},{"posx":7,"posy":1,"amount":150},{"posx":9,"posy":1,"amount":450},{"posx":0,"posy":2,"amount":50},{"posx":7,"posy":2,"amount":700},{"posx":15,"posy":3,"amount":250},{"posx":18,"posy":3,"amount":250},{"posx":20,"posy":3,"amount":50},{"posx":6,"posy":4,"amount":450},{"posx":2,"posy":5,"amount":650},{"posx":0,"posy":6,"amount":750},{"posx":6,"posy":6,"amount":100},{"posx":10,"posy":6,"amount":400},{"posx":6,"posy":7,"amount":50},{"posx":9,"posy":8,"amount":200},{"posx":11,"posy":8,"amount":200}],"changedObstacles":[{"type":0,"posx":14,"posy":6,"value":-1}]},{"players":[{"playerId":2483603,"score":750,"energy":30,"posx":20,"posy":3,"lastAction":4,"status":0},{"playerId":2268490,"score":750,"energy":5,"posx":13,"posy":6,"lastAction":0,"status":0},{"playerId":2422729,"score":500,"energy":2,"posx":13,"posy":4,"lastAction":2,"status":0},{"playerId":1658775,"score":700,"energy":9,"posx":20,"posy":3,"lastAction":5,"status":0}],"golds":[{"posx":5,"posy":1,"amount":350},{"posx":7,"posy":1,"amount":150},{"posx":9,"posy":1,"amount":450},{"posx":0,"posy":2,"amount":50},{"posx":7,"posy":2,"amount":700},{"posx":15,"posy":3,"amount":250},{"posx":18,"posy":3,"amount":250},{"posx":6,"posy":4,"amount":450},{"posx":2,"posy":5,"amount":650},{"posx":0,"posy":6,"amount":750},{"posx":6,"posy":6,"amount":100},{"posx":10,"posy":6,"amount":400},{"posx":6,"posy":7,"amount":50},{"posx":9,"posy":8,"amount":200},{"posx":11,"posy":8,"amount":200}],"changedObstacles":[{"type":0,"posx":20,"posy":3,"value":-1}]},{"players":[{"playerId":2483603,"score":750,"energy":29,"posx":19,"posy":3,"lastAction":0,"status":0},{"playerId":2268490,"score":750,"energy":4,"posx":12,"posy":6,"lastAction":0,"status":0},{"playerId":2422729,"score":500,"energy":1,"posx":13,"posy":5,"lastAction":3,"status":0},{"playerId":1658775,"score":700,"energy":21,"posx":20,"posy":3,"lastAction":4,"status":0}],"golds":[{"posx":5,"posy":1,"amount":350},{"posx":7,"posy":1,"amount":150},{"posx":9,"posy":1,"amount":450},{"posx":0,"posy":2,"amount":50},{"posx":7,"posy":2,"amount":700},{"posx":15,"posy":3,"amount":250},{"posx":18,"posy":3,"amount":250},{"posx":6,"posy":4,"amount":450},{"posx":2,"posy":5,"amount":650},{"posx":0,"posy":6,"amount":750},{"posx":6,"posy":6,"amount":100},{"posx":10,"posy":6,"amount":400},{"posx":6,"posy":7,"amount":50},{"posx":9,"posy":8,"amount":200},{"posx":11,"posy":8,"amount":200}],"changedObstacles":[]},{"players":[{"playerId":2483603,"score":750,"energy":25,"posx":18,"posy":3,"lastAction":0,"status":0},{"playerId":2268490,"score":750,"energy":16,"posx":12,"posy":6,"lastAction":4,"status":0},{"playerId":2422729,"score":500,"energy":13,"posx":13,"posy":5,"lastAction":4,"status":0},{"playerId":1658775,"score":700,"energy":20,"posx":19,"posy":3,"lastAction":0,"status":0}],"golds":[{"posx":5,"posy":1,"amount":350},{"posx":7,"posy":1,"amount":150},{"posx":9,"posy":1,"amount":450},{"posx":0,"posy":2,"amount":50},{"posx":7,"posy":2,"amount":700},{"posx":15,"posy":3,"amount":250},{"posx":18,"posy":3,"amount":250},{"posx":6,"posy":4,"amount":450},{"posx":2,"posy":5,"amount":650},{"posx":0,"posy":6,"amount":750},{"posx":6,"posy":6,"amount":100},{"posx":10,"posy":6,"amount":400},{"posx":6,"posy":7,"amount":50},{"posx":9,"posy":8,"amount":200},{"posx":11,"posy":8,"amount":200}],"changedObstacles":[]},{"players":[{"playerId":2483603,"score":800,"energy":20,"posx":18,"posy":3,"lastAction":5,"status":0},{"playerId":2268490,"score":750,"energy":32,"posx":12,"posy":6,"lastAction":4,"status":0},{"playerId":2422729,"score":500,"energy":29,"posx":13,"posy":5,"lastAction":4,"status":0},{"playerId":1658775,"score":700,"energy":19,"posx":20,"posy":3,"lastAction":1,"status":0}],"golds":[{"posx":5,"posy":1,"amount":350},{"posx":7,"posy":1,"amount":150},{"posx":9,"posy":1,"amount":450},{"posx":0,"posy":2,"amount":50},{"posx":7,"posy":2,"amount":700},{"posx":15,"posy":3,"amount":250},{"posx":18,"posy":3,"amount":200},{"posx":6,"posy":4,"amount":450},{"posx":2,"posy":5,"amount":650},{"posx":0,"posy":6,"amount":750},{"posx":6,"posy":6,"amount":100},{"posx":10,"posy":6,"amount":400},{"posx":6,"posy":7,"amount":50},{"posx":9,"posy":8,"amount":200},{"posx":11,"posy":8,"amount":200}],"changedObstacles":[]},{"players":[{"playerId":2483603,"score":850,"energy":15,"posx":18,"posy":3,"lastAction":5,"status":0},{"playerId":2268490,"score":750,"energy":12,"posx":11,"posy":6,"lastAction":0,"status":0},{"playerId":2422729,"score":500,"energy":50,"posx":13,"posy":5,"lastAction":4,"status":0},{"playerId":1658775,"score":700,"energy":18,"posx":19,"posy":3,"lastAction":0,"status":0}],"golds":[{"posx":5,"posy":1,"amount":350},{"posx":7,"posy":1,"amount":150},{"posx":9,"posy":1,"amount":450},{"posx":0,"posy":2,"amount":50},{"posx":7,"posy":2,"amount":700},{"posx":15,"posy":3,"amount":250},{"posx":18,"posy":3,"amount":150},{"posx":6,"posy":4,"amount":450},{"posx":2,"posy":5,"amount":650},{"posx":0,"posy":6,"amount":750},{"posx":6,"posy":6,"amount":100},{"posx":10,"posy":6,"amount":400},{"posx":6,"posy":7,"amount":50},{"posx":9,"posy":8,"amount":200},{"posx":11,"posy":8,"amount":200}],"changedObstacles":[]},{"players":[{"playerId":2483603,"score":900,"energy":10,"posx":18,"posy":3,"lastAction":5,"status":0},{"playerId":2268490,"score":750,"energy":8,"posx":10,"posy":6,"lastAction":0,"status":0},{"playerId":2422729,"score":500,"energy":49,"posx":13,"posy":4,"lastAction":2,"status":0},{"playerId":1658775,"score":700,"energy":17,"posx":19,"posy":4,"lastAction":3,"status":0}],"golds":[{"posx":5,"posy":1,"amount":350},{"posx":7,"posy":1,"amount":150},{"posx":9,"posy":1,"amount":450},{"posx":0,"posy":2,"amount":50},{"posx":7,"posy":2,"amount":700},{"posx":15,"posy":3,"amount":250},{"posx":18,"posy":3,"amount":100},{"posx":6,"posy":4,"amount":450},{"posx":2,"posy":5,"amount":650},{"posx":0,"posy":6,"amount":750},{"posx":6,"posy":6,"amount":100},{"posx":10,"posy":6,"amount":400},{"posx":6,"posy":7,"amount":50},{"posx":9,"posy":8,"amount":200},{"posx":11,"posy":8,"amount":200}],"changedObstacles":[]},{"players":[{"playerId":2483603,"score":950,"energy":5,"posx":18,"posy":3,"lastAction":5,"status":0},{"playerId":2268490,"score":750,"energy":20,"posx":10,"posy":6,"lastAction":4,"status":0},{"playerId":2422729,"score":500,"energy":48,"posx":12,"posy":4,"lastAction":0,"status":0},{"playerId":1658775,"score":700,"energy":12,"posx":18,"posy":4,"lastAction":0,"status":0}],"golds":[{"posx":5,"posy":1,"amount":350},{"posx":7,"posy":1,"amount":150},{"posx":9,"posy":1,"amount":450},{"posx":0,"posy":2,"amount":50},{"posx":7,"posy":2,"amount":700},{"posx":15,"posy":3,"amount":250},{"posx":18,"posy":3,"amount":50},{"posx":6,"posy":4,"amount":450},{"posx":2,"posy":5,"amount":650},{"posx":0,"posy":6,"amount":750},{"posx":6,"posy":6,"amount":100},{"posx":10,"posy":6,"amount":400},{"posx":6,"posy":7,"amount":50},{"posx":9,"posy":8,"amount":200},{"posx":11,"posy":8,"amount":200}],"changedObstacles":[{"type":3,"posx":18,"posy":4,"value":-20}]},{"players":[{"playerId":2483603,"score":950,"energy":17,"posx":18,"posy":3,"lastAction":4,"status":0},{"playerId":2268490,"score":750,"energy":36,"posx":10,"posy":6,"lastAction":4,"status":0},{"playerId":2422729,"score":500,"energy":47,"posx":11,"posy":4,"lastAction":0,"status":0},{"playerId":1658775,"score":700,"energy":8,"posx":18,"posy":3,"lastAction":2,"status":0}],"golds":[{"posx":5,"posy":1,"amount":350},{"posx":7,"posy":1,"amount":150},{"posx":9,"posy":1,"amount":450},{"posx":0,"posy":2,"amount":50},{"posx":7,"posy":2,"amount":700},{"posx":15,"posy":3,"amount":250},{"posx":18,"posy":3,"amount":50},{"posx":6,"posy":4,"amount":450},{"posx":2,"posy":5,"amount":650},{"posx":0,"posy":6,"amount":750},{"posx":6,"posy":6,"amount":100},{"posx":10,"posy":6,"amount":400},{"posx":6,"posy":7,"amount":50},{"posx":9,"posy":8,"amount":200},{"posx":11,"posy":8,"amount":200}],"changedObstacles":[]},{"players":[{"playerId":2483603,"score":950,"energy":33,"posx":18,"posy":3,"lastAction":4,"status":0},{"playerId":2268490,"score":800,"energy":31,"posx":10,"posy":6,"lastAction":5,"status":0},{"playerId":2422729,"score":500,"energy":42,"posx":10,"posy":4,"lastAction":0,"status":0},{"playerId":1658775,"score":750,"energy":3,"posx":18,"posy":3,"lastAction":5,"status":0}],"golds":[{"posx":5,"posy":1,"amount":350},{"posx":7,"posy":1,"amount":150},{"posx":9,"posy":1,"amount":450},{"posx":0,"posy":2,"amount":50},{"posx":7,"posy":2,"amount":700},{"posx":15,"posy":3,"amount":250},{"posx":6,"posy":4,"amount":450},{"posx":2,"posy":5,"amount":650},{"posx":0,"posy":6,"amount":750},{"posx":6,"posy":6,"amount":100},{"posx":10,"posy":6,"amount":350},{"posx":6,"posy":7,"amount":50},{"posx":9,"posy":8,"amount":200},{"posx":11,"posy":8,"amount":200}],"changedObstacles":[{"type":3,"posx":10,"posy":4,"value":-20},{"type":0,"posx":18,"posy":3,"value":-1}]},{"players":[{"playerId":2483603,"score":950,"energy":28,"posx":18,"posy":2,"lastAction":2,"status":0},{"playerId":2268490,"score":850,"energy":26,"posx":10,"posy":6,"lastAction":5,"status":0},{"playerId":2422729,"score":500,"energy":37,"posx":9,"posy":4,"lastAction":0,"status":0},{"playerId":1658775,"score":750,"energy":15,"posx":18,"posy":3,"lastAction":4,"status":0}],"golds":[{"posx":5,"posy":1,"amount":350},{"posx":7,"posy":1,"amount":150},{"posx":9,"posy":1,"amount":450},{"posx":0,"posy":2,"amount":50},{"posx":7,"posy":2,"amount":700},{"posx":15,"posy":3,"amount":250},{"posx":6,"posy":4,"amount":450},{"posx":2,"posy":5,"amount":650},{"posx":0,"posy":6,"amount":750},{"posx":6,"posy":6,"amount":100},{"posx":10,"posy":6,"amount":300},{"posx":6,"posy":7,"amount":50},{"posx":9,"posy":8,"amount":200},{"posx":11,"posy":8,"amount":200}],"changedObstacles":[{"type":3,"posx":9,"posy":4,"value":-20},{"type":3,"posx":18,"posy":2,"value":-20}]},{"players":[{"playerId":2483603,"score":950,"energy":18,"posx":17,"posy":2,"lastAction":0,"status":0},{"playerId":2268490,"score":900,"energy":21,"posx":10,"posy":6,"lastAction":5,"status":0},{"playerId":2422729,"score":500,"energy":36,"posx":8,"posy":4,"lastAction":0,"status":0},{"playerId":1658775,"score":750,"energy":31,"posx":18,"posy":3,"lastAction":4,"status":0}],"golds":[{"posx":5,"posy":1,"amount":350},{"posx":7,"posy":1,"amount":150},{"posx":9,"posy":1,"amount":450},{"posx":0,"posy":2,"amount":50},{"posx":7,"posy":2,"amount":700},{"posx":15,"posy":3,"amount":250},{"posx":6,"posy":4,"amount":450},{"posx":2,"posy":5,"amount":650},{"posx":0,"posy":6,"amount":750},{"posx":6,"posy":6,"amount":100},{"posx":10,"posy":6,"amount":250},{"posx":6,"posy":7,"amount":50},{"posx":9,"posy":8,"amount":200},{"posx":11,"posy":8,"amount":200}],"changedObstacles":[{"type":0,"posx":17,"posy":2,"value":-1}]},{"players":[{"playerId":2483603,"score":950,"energy":17,"posx":16,"posy":2,"lastAction":0,"status":0},{"playerId":2268490,"score":950,"energy":16,"posx":10,"posy":6,"lastAction":5,"status":0},{"playerId":2422729,"score":500,"energy":35,"posx":7,"posy":4,"lastAction":0,"status":0},{"playerId":1658775,"score":750,"energy":24,"posx":17,"posy":3,"lastAction":0,"status":0}],"golds":[{"posx":5,"posy":1,"amount":350},{"posx":7,"posy":1,"amount":150},{"posx":9,"posy":1,"amount":450},{"posx":0,"posy":2,"amount":50},{"posx":7,"posy":2,"amount":700},{"posx":15,"posy":3,"amount":250},{"posx":6,"posy":4,"amount":450},{"posx":2,"posy":5,"amount":650},{"posx":0,"posy":6,"amount":750},{"posx":6,"posy":6,"amount":100},{"posx":10,"posy":6,"amount":200},{"posx":6,"posy":7,"amount":50},{"posx":9,"posy":8,"amount":200},{"posx":11,"posy":8,"amount":200}],"changedObstacles":[]},{"players":[{"playerId":2483603,"score":950,"energy":16,"posx":15,"posy":2,"lastAction":0,"status":0},{"playerId":2268490,"score":1000,"energy":11,"posx":10,"posy":6,"lastAction":5,"status":0},{"playerId":2422729,"score":500,"energy":31,"posx":6,"posy":4,"lastAction":0,"status":0},{"playerId":1658775,"score":750,"energy":12,"posx":16,"posy":3,"lastAction":0,"status":0}],"golds":[{"posx":5,"posy":1,"amount":350},{"posx":7,"posy":1,"amount":150},{"posx":9,"posy":1,"amount":450},{"posx":0,"posy":2,"amount":50},{"posx":7,"posy":2,"amount":700},{"posx":15,"posy":3,"amount":250},{"posx":6,"posy":4,"amount":450},{"posx":2,"posy":5,"amount":650},{"posx":0,"posy":6,"amount":750},{"posx":6,"posy":6,"amount":100},{"posx":10,"posy":6,"amount":150},{"posx":6,"posy":7,"amount":50},{"posx":9,"posy":8,"amount":200},{"posx":11,"posy":8,"amount":200}],"changedObstacles":[]},{"players":[{"playerId":2483603,"score":950,"energy":12,"posx":15,"posy":3,"lastAction":3,"status":0},{"playerId":2268490,"score":1050,"energy":6,"posx":10,"posy":6,"lastAction":5,"status":0},{"playerId":2422729,"score":550,"energy":26,"posx":6,"posy":4,"lastAction":5,"status":0},{"playerId":1658775,"score":750,"energy":8,"posx":15,"posy":3,"lastAction":0,"status":0}],"golds":[{"posx":5,"posy":1,"amount":350},{"posx":7,"posy":1,"amount":150},{"posx":9,"posy":1,"amount":450},{"posx":0,"posy":2,"amount":50},{"posx":7,"posy":2,"amount":700},{"posx":15,"posy":3,"amount":250},{"posx":6,"posy":4,"amount":400},{"posx":2,"posy":5,"amount":650},{"posx":0,"posy":6,"amount":750},{"posx":6,"posy":6,"amount":100},{"posx":10,"posy":6,"amount":100},{"posx":6,"posy":7,"amount":50},{"posx":9,"posy":8,"amount":200},{"posx":11,"posy":8,"amount":200}],"changedObstacles":[]},{"players":[{"playerId":2483603,"score":1000,"energy":7,"posx":15,"posy":3,"lastAction":5,"status":0},{"playerId":2268490,"score":1050,"energy":18,"posx":10,"posy":6,"lastAction":4,"status":0},{"playerId":2422729,"score":600,"energy":21,"posx":6,"posy":4,"lastAction":5,"status":0},{"playerId":1658775,"score":800,"energy":3,"posx":15,"posy":3,"lastAction":5,"status":0}],"golds":[{"posx":5,"posy":1,"amount":350},{"posx":7,"posy":1,"amount":150},{"posx":9,"posy":1,"amount":450},{"posx":0,"posy":2,"amount":50},{"posx":7,"posy":2,"amount":700},{"posx":15,"posy":3,"amount":150},{"posx":6,"posy":4,"amount":350},{"posx":2,"posy":5,"amount":650},{"posx":0,"posy":6,"amount":750},{"posx":6,"posy":6,"amount":100},{"posx":10,"posy":6,"amount":100},{"posx":6,"posy":7,"amount":50},{"posx":9,"posy":8,"amount":200},{"posx":11,"posy":8,"amount":200}],"changedObstacles":[]},{"players":[{"playerId":2483603,"score":1050,"energy":2,"posx":15,"posy":3,"lastAction":5,"status":0},{"playerId":2268490,"score":1050,"energy":34,"posx":10,"posy":6,"lastAction":4,"status":0},{"playerId":2422729,"score":650,"energy":16,"posx":6,"posy":4,"lastAction":5,"status":0},{"playerId":1658775,"score":800,"energy":15,"posx":15,"posy":3,"lastAction":4,"status":0}],"golds":[{"posx":5,"posy":1,"amount":350},{"posx":7,"posy":1,"amount":150},{"posx":9,"posy":1,"amount":450},{"posx":0,"posy":2,"amount":50},{"posx":7,"posy":2,"amount":700},{"posx":15,"posy":3,"amount":100},{"posx":6,"posy":4,"amount":300},{"posx":2,"posy":5,"amount":650},{"posx":0,"posy":6,"amount":750},{"posx":6,"posy":6,"amount":100},{"posx":10,"posy":6,"amount":100},{"posx":6,"posy":7,"amount":50},{"posx":9,"posy":8,"amount":200},{"posx":11,"posy":8,"amount":200}],"changedObstacles":[]},{"players":[{"playerId":2483603,"score":1050,"energy":14,"posx":15,"posy":3,"lastAction":4,"status":0},{"playerId":2268490,"score":1100,"energy":29,"posx":10,"posy":6,"lastAction":5,"status":0},{"playerId":2422729,"score":700,"energy":11,"posx":6,"posy":4,"lastAction":5,"status":0},{"playerId":1658775,"score":850,"energy":10,"posx":15,"posy":3,"lastAction":5,"status":0}],"golds":[{"posx":5,"posy":1,"amount":350},{"posx":7,"posy":1,"amount":150},{"posx":9,"posy":1,"amount":450},{"posx":0,"posy":2,"amount":50},{"posx":7,"posy":2,"amount":700},{"posx":15,"posy":3,"amount":50},{"posx":6,"posy":4,"amount":250},{"posx":2,"posy":5,"amount":650},{"posx":0,"posy":6,"amount":750},{"posx":6,"posy":6,"amount":100},{"posx":10,"posy":6,"amount":50},{"posx":6,"posy":7,"amount":50},{"posx":9,"posy":8,"amount":200},{"posx":11,"posy":8,"amount":200}],"changedObstacles":[]},{"players":[{"playerId":2483603,"score":1050,"energy":30,"posx":15,"posy":3,"lastAction":4,"status":0},{"playerId":2268490,"score":1150,"energy":24,"posx":10,"posy":6,"lastAction":5,"status":0},{"playerId":2422729,"score":750,"energy":6,"posx":6,"posy":4,"lastAction":5,"status":0},{"playerId":1658775,"score":900,"energy":5,"posx":15,"posy":3,"lastAction":5,"status":0}],"golds":[{"posx":5,"posy":1,"amount":350},{"posx":7,"posy":1,"amount":150},{"posx":9,"posy":1,"amount":450},{"posx":0,"posy":2,"amount":50},{"posx":7,"posy":2,"amount":700},{"posx":6,"posy":4,"amount":200},{"posx":2,"posy":5,"amount":650},{"posx":0,"posy":6,"amount":750},{"posx":6,"posy":6,"amount":100},{"posx":6,"posy":7,"amount":50},{"posx":9,"posy":8,"amount":200},{"posx":11,"posy":8,"amount":200}],"changedObstacles":[{"type":0,"posx":10,"posy":6,"value":-1},{"type":0,"posx":15,"posy":3,"value":-1}]},{"players":[{"playerId":2483603,"score":1050,"energy":20,"posx":14,"posy":3,"lastAction":0,"status":0},{"playerId":2268490,"score":1150,"energy":23,"posx":10,"posy":7,"lastAction":3,"status":0},{"playerId":2422729,"score":800,"energy":1,"posx":6,"posy":4,"lastAction":5,"status":0},{"playerId":1658775,"score":900,"energy":17,"posx":15,"posy":3,"lastAction":4,"status":0}],"golds":[{"posx":5,"posy":1,"amount":350},{"posx":7,"posy":1,"amount":150},{"posx":9,"posy":1,"amount":450},{"posx":0,"posy":2,"amount":50},{"posx":7,"posy":2,"amount":700},{"posx":6,"posy":4,"amount":150},{"posx":2,"posy":5,"amount":650},{"posx":0,"posy":6,"amount":750},{"posx":6,"posy":6,"amount":100},{"posx":6,"posy":7,"amount":50},{"posx":9,"posy":8,"amount":200},{"posx":11,"posy":8,"amount":200}],"changedObstacles":[{"type":0,"posx":14,"posy":3,"value":-1}]},{"players":[{"playerId":2483603,"score":1050,"energy":15,"posx":13,"posy":3,"lastAction":0,"status":0},{"playerId":2268490,"score":1150,"energy":22,"posx":10,"posy":8,"lastAction":3,"status":0},{"playerId":2422729,"score":800,"energy":13,"posx":6,"posy":4,"lastAction":4,"status":0},{"playerId":1658775,"score":900,"energy":16,"posx":14,"posy":3,"lastAction":0,"status":0}],"golds":[{"posx":5,"posy":1,"amount":350},{"posx":7,"posy":1,"amount":150},{"posx":9,"posy":1,"amount":450},{"posx":0,"posy":2,"amount":50},{"posx":7,"posy":2,"amount":700},{"posx":6,"posy":4,"amount":150},{"posx":2,"posy":5,"amount":650},{"posx":0,"posy":6,"amount":750},{"posx":6,"posy":6,"amount":100},{"posx":6,"posy":7,"amount":50},{"posx":9,"posy":8,"amount":200},{"posx":11,"posy":8,"amount":200}],"changedObstacles":[{"type":3,"posx":13,"posy":3,"value":-20}]},{"players":[{"playerId":2483603,"score":1050,"energy":10,"posx":12,"posy":3,"lastAction":0,"status":0},{"playerId":2268490,"score":1150,"energy":18,"posx":9,"posy":8,"lastAction":0,"status":0},{"playerId":2422729,"score":850,"energy":8,"posx":6,"posy":4,"lastAction":5,"status":0},{"playerId":1658775,"score":900,"energy":15,"posx":14,"posy":2,"lastAction":2,"status":0}],"golds":[{"posx":5,"posy":1,"amount":350},{"posx":7,"posy":1,"amount":150},{"posx":9,"posy":1,"amount":450},{"posx":0,"posy":2,"amount":50},{"posx":7,"posy":2,"amount":700},{"posx":6,"posy":4,"amount":100},{"posx":2,"posy":5,"amount":650},{"posx":0,"posy":6,"amount":750},{"posx":6,"posy":6,"amount":100},{"posx":6,"posy":7,"amount":50},{"posx":9,"posy":8,"amount":200},{"posx":11,"posy":8,"amount":200}],"changedObstacles":[{"type":3,"posx":12,"posy":3,"value":-20}]},{"players":[{"playerId":2483603,"score":1050,"energy":22,"posx":12,"posy":3,"lastAction":4,"status":0},{"playerId":2268490,"score":1200,"energy":13,"posx":9,"posy":8,"lastAction":5,"status":0},{"playerId":2422729,"score":900,"energy":3,"posx":6,"posy":4,"lastAction":5,"status":0},{"playerId":1658775,"score":900,"energy":5,"posx":13,"posy":2,"lastAction":0,"status":0}],"golds":[{"posx":5,"posy":1,"amount":350},{"posx":7,"posy":1,"amount":150},{"posx":9,"posy":1,"amount":450},{"posx":0,"posy":2,"amount":50},{"posx":7,"posy":2,"amount":700},{"posx":6,"posy":4,"amount":50},{"posx":2,"posy":5,"amount":650},{"posx":0,"posy":6,"amount":750},{"posx":6,"posy":6,"amount":100},{"posx":6,"posy":7,"amount":50},{"posx":9,"posy":8,"amount":150},{"posx":11,"posy":8,"amount":200}],"changedObstacles":[{"type":0,"posx":13,"posy":2,"value":-1}]},{"players":[{"playerId":2483603,"score":1050,"energy":12,"posx":11,"posy":3,"lastAction":0,"status":0},{"playerId":2268490,"score":1250,"energy":8,"posx":9,"posy":8,"lastAction":5,"status":0},{"playerId":2422729,"score":900,"energy":15,"posx":6,"posy":4,"lastAction":4,"status":0},{"playerId":1658775,"score":900,"energy":17,"posx":13,"posy":2,"lastAction":4,"status":0}],"golds":[{"posx":5,"posy":1,"amount":350},{"posx":7,"posy":1,"amount":150},{"posx":9,"posy":1,"amount":450},{"posx":0,"posy":2,"amount":50},{"posx":7,"posy":2,"amount":700},{"posx":6,"posy":4,"amount":50},{"posx":2,"posy":5,"amount":650},{"posx":0,"posy":6,"amount":750},{"posx":6,"posy":6,"amount":100},{"posx":6,"posy":7,"amount":50},{"posx":9,"posy":8,"amount":100},{"posx":11,"posy":8,"amount":200}],"changedObstacles":[{"type":0,"posx":11,"posy":3,"value":-1}]},{"players":[{"playerId":2483603,"score":1050,"energy":11,"posx":10,"posy":3,"lastAction":0,"status":0},{"playerId":2268490,"score":1250,"energy":20,"posx":9,"posy":8,"lastAction":4,"status":0},{"playerId":2422729,"score":900,"energy":31,"posx":6,"posy":4,"lastAction":4,"status":0},{"playerId":1658775,"score":900,"energy":16,"posx":12,"posy":2,"lastAction":0,"status":0}],"golds":[{"posx":5,"posy":1,"amount":350},{"posx":7,"posy":1,"amount":150},{"posx":9,"posy":1,"amount":450},{"posx":0,"posy":2,"amount":50},{"posx":7,"posy":2,"amount":700},{"posx":6,"posy":4,"amount":50},{"posx":2,"posy":5,"amount":650},{"posx":0,"posy":6,"amount":750},{"posx":6,"posy":6,"amount":100},{"posx":6,"posy":7,"amount":50},{"posx":9,"posy":8,"amount":100},{"posx":11,"posy":8,"amount":200}],"changedObstacles":[]},{"players":[{"playerId":2483603,"score":1050,"energy":10,"posx":9,"posy":3,"lastAction":0,"status":0},{"playerId":2268490,"score":1250,"energy":36,"posx":9,"posy":8,"lastAction":4,"status":0},{"playerId":2422729,"score":900,"energy":50,"posx":6,"posy":4,"lastAction":4,"status":0},{"playerId":1658775,"score":900,"energy":15,"posx":11,"posy":2,"lastAction":0,"status":0}],"golds":[{"posx":5,"posy":1,"amount":350},{"posx":7,"posy":1,"amount":150},{"posx":9,"posy":1,"amount":450},{"posx":0,"posy":2,"amount":50},{"posx":7,"posy":2,"amount":700},{"posx":6,"posy":4,"amount":50},{"posx":2,"posy":5,"amount":650},{"posx":0,"posy":6,"amount":750},{"posx":6,"posy":6,"amount":100},{"posx":6,"posy":7,"amount":50},{"posx":9,"posy":8,"amount":100},{"posx":11,"posy":8,"amount":200}],"changedObstacles":[]},{"players":[{"playerId":2483603,"score":1050,"energy":9,"posx":9,"posy":2,"lastAction":2,"status":0},{"playerId":2268490,"score":1300,"energy":31,"posx":9,"posy":8,"lastAction":5,"status":0},{"playerId":2422729,"score":950,"energy":45,"posx":6,"posy":4,"lastAction":5,"status":0},{"playerId":1658775,"score":900,"energy":14,"posx":10,"posy":2,"lastAction":0,"status":0}],"golds":[{"posx":5,"posy":1,"amount":350},{"posx":7,"posy":1,"amount":150},{"posx":9,"posy":1,"amount":450},{"posx":0,"posy":2,"amount":50},{"posx":7,"posy":2,"amount":700},{"posx":2,"posy":5,"amount":650},{"posx":0,"posy":6,"amount":750},{"posx":6,"posy":6,"amount":100},{"posx":6,"posy":7,"amount":50},{"posx":9,"posy":8,"amount":50},{"posx":11,"posy":8,"amount":200}],"changedObstacles":[{"type":0,"posx":6,"posy":4,"value":-1}]},{"players":[{"playerId":2483603,"score":1050,"energy":5,"posx":9,"posy":1,"lastAction":2,"status":0},{"playerId":2268490,"score":1350,"energy":26,"posx":9,"posy":8,"lastAction":5,"status":0},{"playerId":2422729,"score":950,"energy":44,"posx":6,"posy":5,"lastAction":3,"status":0},{"playerId":1658775,"score":900,"energy":13,"posx":9,"posy":2,"lastAction":0,"status":0}],"golds":[{"posx":5,"posy":1,"amount":350},{"posx":7,"posy":1,"amount":150},{"posx":9,"posy":1,"amount":450},{"posx":0,"posy":2,"amount":50},{"posx":7,"posy":2,"amount":700},{"posx":2,"posy":5,"amount":650},{"posx":0,"posy":6,"amount":750},{"posx":6,"posy":6,"amount":100},{"posx":6,"posy":7,"amount":50},{"posx":11,"posy":8,"amount":200}],"changedObstacles":[{"type":0,"posx":9,"posy":8,"value":-1}]},{"players":[{"playerId":2483603,"score":1050,"energy":17,"posx":9,"posy":1,"lastAction":4,"status":0},{"playerId":2268490,"score":1350,"energy":25,"posx":10,"posy":8,"lastAction":1,"status":0},{"playerId":2422729,"score":950,"energy":43,"posx":5,"posy":5,"lastAction":0,"status":0},{"playerId":1658775,"score":900,"energy":25,"posx":9,"posy":2,"lastAction":4,"status":0}],"golds":[{"posx":5,"posy":1,"amount":350},{"posx":7,"posy":1,"amount":150},{"posx":9,"posy":1,"amount":450},{"posx":0,"posy":2,"amount":50},{"posx":7,"posy":2,"amount":700},{"posx":2,"posy":5,"amount":650},{"posx":0,"posy":6,"amount":750},{"posx":6,"posy":6,"amount":100},{"posx":6,"posy":7,"amount":50},{"posx":11,"posy":8,"amount":200}],"changedObstacles":[]},{"players":[{"playerId":2483603,"score":1050,"energy":33,"posx":9,"posy":1,"lastAction":4,"status":0},{"playerId":2268490,"score":1350,"energy":21,"posx":11,"posy":8,"lastAction":1,"status":0},{"playerId":2422729,"score":950,"energy":30,"posx":4,"posy":5,"lastAction":0,"status":0},{"playerId":1658775,"score":900,"energy":21,"posx":9,"posy":1,"lastAction":2,"status":0}],"golds":[{"posx":5,"posy":1,"amount":350},{"posx":7,"posy":1,"amount":150},{"posx":9,"posy":1,"amount":450},{"posx":0,"posy":2,"amount":50},{"posx":7,"posy":2,"amount":700},{"posx":2,"posy":5,"amount":650},{"posx":0,"posy":6,"amount":750},{"posx":6,"posy":6,"amount":100},{"posx":6,"posy":7,"amount":50},{"posx":11,"posy":8,"amount":200}],"changedObstacles":[]},{"players":[{"playerId":2483603,"score":1100,"energy":28,"posx":9,"posy":1,"lastAction":5,"status":0},{"playerId":2268490,"score":1400,"energy":16,"posx":11,"posy":8,"lastAction":5,"status":0},{"playerId":2422729,"score":950,"energy":20,"posx":3,"posy":5,"lastAction":0,"status":0},{"playerId":1658775,"score":950,"energy":16,"posx":9,"posy":1,"lastAction":5,"status":0}],"golds":[{"posx":5,"posy":1,"amount":350},{"posx":7,"posy":1,"amount":150},{"posx":9,"posy":1,"amount":350},{"posx":0,"posy":2,"amount":50},{"posx":7,"posy":2,"amount":700},{"posx":2,"posy":5,"amount":650},{"posx":0,"posy":6,"amount":750},{"posx":6,"posy":6,"amount":100},{"posx":6,"posy":7,"amount":50},{"posx":11,"posy":8,"amount":150}],"changedObstacles":[{"type":0,"posx":3,"posy":5,"value":-1}]},{"players":[{"playerId":2483603,"score":1150,"energy":23,"posx":9,"posy":1,"lastAction":5,"status":0},{"playerId":2268490,"score":1450,"energy":11,"posx":11,"posy":8,"lastAction":5,"status":0},{"playerId":2422729,"score":950,"energy":16,"posx":2,"posy":5,"lastAction":0,"status":0},{"playerId":1658775,"score":1000,"energy":11,"posx":9,"posy":1,"lastAction":5,"status":0}],"golds":[{"posx":5,"posy":1,"amount":350},{"posx":7,"posy":1,"amount":150},{"posx":9,"posy":1,"amount":250},{"posx":0,"posy":2,"amount":50},{"posx":7,"posy":2,"amount":700},{"posx":2,"posy":5,"amount":650},{"posx":0,"posy":6,"amount":750},{"posx":6,"posy":6,"amount":100},{"posx":6,"posy":7,"amount":50},{"posx":11,"posy":8,"amount":100}],"changedObstacles":[]},{"players":[{"playerId":2483603,"score":1200,"energy":18,"posx":9,"posy":1,"lastAction":5,"status":0},{"playerId":2268490,"score":1500,"energy":6,"posx":11,"posy":8,"lastAction":5,"status":0},{"playerId":2422729,"score":1000,"energy":11,"posx":2,"posy":5,"lastAction":5,"status":0},{"playerId":1658775,"score":1050,"energy":6,"posx":9,"posy":1,"lastAction":5,"status":0}],"golds":[{"posx":5,"posy":1,"amount":350},{"posx":7,"posy":1,"amount":150},{"posx":9,"posy":1,"amount":150},{"posx":0,"posy":2,"amount":50},{"posx":7,"posy":2,"amount":700},{"posx":2,"posy":5,"amount":600},{"posx":0,"posy":6,"amount":750},{"posx":6,"posy":6,"amount":100},{"posx":6,"posy":7,"amount":50},{"posx":11,"posy":8,"amount":50}],"changedObstacles":[]},{"players":[{"playerId":2483603,"score":1250,"energy":13,"posx":9,"posy":1,"lastAction":5,"status":0},{"playerId":2268490,"score":1500,"energy":18,"posx":11,"posy":8,"lastAction":4,"status":0},{"playerId":2422729,"score":1050,"energy":6,"posx":2,"posy":5,"lastAction":5,"status":0},{"playerId":1658775,"score":1100,"energy":1,"posx":9,"posy":1,"lastAction":5,"status":0}],"golds":[{"posx":5,"posy":1,"amount":350},{"posx":7,"posy":1,"amount":150},{"posx":9,"posy":1,"amount":50},{"posx":0,"posy":2,"amount":50},{"posx":7,"posy":2,"amount":700},{"posx":2,"posy":5,"amount":550},{"posx":0,"posy":6,"amount":750},{"posx":6,"posy":6,"amount":100},{"posx":6,"posy":7,"amount":50},{"posx":11,"posy":8,"amount":50}],"changedObstacles":[]},{"players":[{"playerId":2483603,"score":1300,"energy":8,"posx":9,"posy":1,"lastAction":5,"status":0},{"playerId":2268490,"score":1500,"energy":34,"posx":11,"posy":8,"lastAction":4,"status":0},{"playerId":2422729,"score":1100,"energy":1,"posx":2,"posy":5,"lastAction":5,"status":0},{"playerId":1658775,"score":1100,"energy":13,"posx":9,"posy":1,"lastAction":4,"status":0}],"golds":[{"posx":5,"posy":1,"amount":350},{"posx":7,"posy":1,"amount":150},{"posx":0,"posy":2,"amount":50},{"posx":7,"posy":2,"amount":700},{"posx":2,"posy":5,"amount":500},{"posx":0,"posy":6,"amount":750},{"posx":6,"posy":6,"amount":100},{"posx":6,"posy":7,"amount":50},{"posx":11,"posy":8,"amount":50}],"changedObstacles":[{"type":0,"posx":9,"posy":1,"value":-1}]},{"players":[{"playerId":2483603,"score":1300,"energy":7,"posx":8,"posy":1,"lastAction":0,"status":0},{"playerId":2268490,"score":1550,"energy":29,"posx":11,"posy":8,"lastAction":5,"status":0},{"playerId":2422729,"score":1100,"energy":13,"posx":2,"posy":5,"lastAction":4,"status":0},{"playerId":1658775,"score":1100,"energy":12,"posx":8,"posy":1,"lastAction":0,"status":0}],"golds":[{"posx":5,"posy":1,"amount":350},{"posx":7,"posy":1,"amount":150},{"posx":0,"posy":2,"amount":50},{"posx":7,"posy":2,"amount":700},{"posx":2,"posy":5,"amount":500},{"posx":0,"posy":6,"amount":750},{"posx":6,"posy":6,"amount":100},{"posx":6,"posy":7,"amount":50}],"changedObstacles":[{"type":0,"posx":11,"posy":8,"value":-1}]},{"players":[{"playerId":2483603,"score":1300,"energy":3,"posx":7,"posy":1,"lastAction":0,"status":0},{"playerId":2268490,"score":1550,"energy":28,"posx":10,"posy":8,"lastAction":0,"status":0},{"playerId":2422729,"score":1150,"energy":8,"posx":2,"posy":5,"lastAction":5,"status":0},{"playerId":1658775,"score":1100,"energy":8,"posx":7,"posy":1,"lastAction":0,"status":0}],"golds":[{"posx":5,"posy":1,"amount":350},{"posx":7,"posy":1,"amount":150},{"posx":0,"posy":2,"amount":50},{"posx":7,"posy":2,"amount":700},{"posx":2,"posy":5,"amount":450},{"posx":0,"posy":6,"amount":750},{"posx":6,"posy":6,"amount":100},{"posx":6,"posy":7,"amount":50}],"changedObstacles":[]},{"players":[{"playerId":2483603,"score":1300,"energy":15,"posx":7,"posy":1,"lastAction":4,"status":0},{"playerId":2268490,"score":1550,"energy":27,"posx":9,"posy":8,"lastAction":0,"status":0},{"playerId":2422729,"score":1200,"energy":3,"posx":2,"posy":5,"lastAction":5,"status":0},{"playerId":1658775,"score":1150,"energy":3,"posx":7,"posy":1,"lastAction":5,"status":0}],"golds":[{"posx":5,"posy":1,"amount":350},{"posx":7,"posy":1,"amount":100},{"posx":0,"posy":2,"amount":50},{"posx":7,"posy":2,"amount":700},{"posx":2,"posy":5,"amount":400},{"posx":0,"posy":6,"amount":750},{"posx":6,"posy":6,"amount":100},{"posx":6,"posy":7,"amount":50}],"changedObstacles":[]},{"players":[{"playerId":2483603,"score":1300,"energy":31,"posx":7,"posy":1,"lastAction":4,"status":0},{"playerId":2268490,"score":1550,"energy":26,"posx":8,"posy":8,"lastAction":0,"status":0},{"playerId":2422729,"score":1200,"energy":15,"posx":2,"posy":5,"lastAction":4,"status":0},{"playerId":1658775,"score":1150,"energy":15,"posx":7,"posy":1,"lastAction":4,"status":0}],"golds":[{"posx":5,"posy":1,"amount":350},{"posx":7,"posy":1,"amount":100},{"posx":0,"posy":2,"amount":50},{"posx":7,"posy":2,"amount":700},{"posx":2,"posy":5,"amount":400},{"posx":0,"posy":6,"amount":750},{"posx":6,"posy":6,"amount":100},{"posx":6,"posy":7,"amount":50}],"changedObstacles":[]},{"players":[{"playerId":2483603,"score":1350,"energy":26,"posx":7,"posy":1,"lastAction":5,"status":0},{"playerId":2268490,"score":1550,"energy":25,"posx":7,"posy":8,"lastAction":0,"status":0},{"playerId":2422729,"score":1200,"energy":31,"posx":2,"posy":5,"lastAction":4,"status":0},{"playerId":1658775,"score":1200,"energy":10,"posx":7,"posy":1,"lastAction":5,"status":0}],"golds":[{"posx":5,"posy":1,"amount":350},{"posx":0,"posy":2,"amount":50},{"posx":7,"posy":2,"amount":700},{"posx":2,"posy":5,"amount":400},{"posx":0,"posy":6,"amount":750},{"posx":6,"posy":6,"amount":100},{"posx":6,"posy":7,"amount":50}],"changedObstacles":[{"type":0,"posx":7,"posy":1,"value":-1}]},{"players":[{"playerId":2483603,"score":1350,"energy":22,"posx":7,"posy":2,"lastAction":3,"status":0},{"playerId":2268490,"score":1550,"energy":24,"posx":7,"posy":7,"lastAction":2,"status":0},{"playerId":2422729,"score":1250,"energy":26,"posx":2,"posy":5,"lastAction":5,"status":0},{"playerId":1658775,"score":1200,"energy":22,"posx":7,"posy":1,"lastAction":4,"status":0}],"golds":[{"posx":5,"posy":1,"amount":350},{"posx":0,"posy":2,"amount":50},{"posx":7,"posy":2,"amount":700},{"posx":2,"posy":5,"amount":350},{"posx":0,"posy":6,"amount":750},{"posx":6,"posy":6,"amount":100},{"posx":6,"posy":7,"amount":50}],"changedObstacles":[]},{"players":[{"playerId":2483603,"score":1400,"energy":17,"posx":7,"posy":2,"lastAction":5,"status":0},{"playerId":2268490,"score":1550,"energy":20,"posx":6,"posy":7,"lastAction":0,"status":0},{"playerId":2422729,"score":1300,"energy":21,"posx":2,"posy":5,"lastAction":5,"status":0},{"playerId":1658775,"score":1200,"energy":18,"posx":7,"posy":2,"lastAction":3,"status":0}],"golds":[{"posx":5,"posy":1,"amount":350},{"posx":0,"posy":2,"amount":50},{"posx":7,"posy":2,"amount":650},{"posx":2,"posy":5,"amount":300},{"posx":0,"posy":6,"amount":750},{"posx":6,"posy":6,"amount":100},{"posx":6,"posy":7,"amount":50}],"changedObstacles":[]},{"players":[{"playerId":2483603,"score":1450,"energy":12,"posx":7,"posy":2,"lastAction":5,"status":0},{"playerId":2268490,"score":1600,"energy":15,"posx":6,"posy":7,"lastAction":5,"status":0},{"playerId":2422729,"score":1350,"energy":16,"posx":2,"posy":5,"lastAction":5,"status":0},{"playerId":1658775,"score":1250,"energy":13,"posx":7,"posy":2,"lastAction":5,"status":0}],"golds":[{"posx":5,"posy":1,"amount":350},{"posx":0,"posy":2,"amount":50},{"posx":7,"posy":2,"amount":550},{"posx":2,"posy":5,"amount":250},{"posx":0,"posy":6,"amount":750},{"posx":6,"posy":6,"amount":100}],"changedObstacles":[{"type":0,"posx":6,"posy":7,"value":-1}]},{"players":[{"playerId":2483603,"score":1500,"energy":7,"posx":7,"posy":2,"lastAction":5,"status":0},{"playerId":2268490,"score":1600,"energy":11,"posx":6,"posy":6,"lastAction":2,"status":0},{"playerId":2422729,"score":1400,"energy":11,"posx":2,"posy":5,"lastAction":5,"status":0},{"playerId":1658775,"score":1300,"energy":8,"posx":7,"posy":2,"lastAction":5,"status":0}],"golds":[{"posx":5,"posy":1,"amount":350},{"posx":0,"posy":2,"amount":50},{"posx":7,"posy":2,"amount":450},{"posx":2,"posy":5,"amount":200},{"posx":0,"posy":6,"amount":750},{"posx":6,"posy":6,"amount":100}],"changedObstacles":[]},{"players":[{"playerId":2483603,"score":1550,"energy":2,"posx":7,"posy":2,"lastAction":5,"status":0},{"playerId":2268490,"score":1650,"energy":6,"posx":6,"posy":6,"lastAction":5,"status":0},{"playerId":2422729,"score":1450,"energy":6,"posx":2,"posy":5,"lastAction":5,"status":0},{"playerId":1658775,"score":1350,"energy":3,"posx":7,"posy":2,"lastAction":5,"status":0}],"golds":[{"posx":5,"posy":1,"amount":350},{"posx":0,"posy":2,"amount":50},{"posx":7,"posy":2,"amount":350},{"posx":2,"posy":5,"amount":150},{"posx":0,"posy":6,"amount":750},{"posx":6,"posy":6,"amount":50}],"changedObstacles":[]},{"players":[{"playerId":2483603,"score":1550,"energy":14,"posx":7,"posy":2,"lastAction":4,"status":0},{"playerId":2268490,"score":1650,"energy":18,"posx":6,"posy":6,"lastAction":4,"status":0},{"playerId":2422729,"score":1500,"energy":1,"posx":2,"posy":5,"lastAction":5,"status":0},{"playerId":1658775,"score":1350,"energy":15,"posx":7,"posy":2,"lastAction":4,"status":0}],"golds":[{"posx":5,"posy":1,"amount":350},{"posx":0,"posy":2,"amount":50},{"posx":7,"posy":2,"amount":350},{"posx":2,"posy":5,"amount":100},{"posx":0,"posy":6,"amount":750},{"posx":6,"posy":6,"amount":50}],"changedObstacles":[]},{"players":[{"playerId":2483603,"score":1550,"energy":30,"posx":7,"posy":2,"lastAction":4,"status":0},{"playerId":2268490,"score":1650,"energy":34,"posx":6,"posy":6,"lastAction":4,"status":0},{"playerId":2422729,"score":1500,"energy":13,"posx":2,"posy":5,"lastAction":4,"status":0},{"playerId":1658775,"score":1400,"energy":10,"posx":7,"posy":2,"lastAction":5,"status":0}],"golds":[{"posx":5,"posy":1,"amount":350},{"posx":0,"posy":2,"amount":50},{"posx":7,"posy":2,"amount":300},{"posx":2,"posy":5,"amount":100},{"posx":0,"posy":6,"amount":750},{"posx":6,"posy":6,"amount":50}],"changedObstacles":[]},{"players":[{"playerId":2483603,"score":1600,"energy":25,"posx":7,"posy":2,"lastAction":5,"status":0},{"playerId":2268490,"score":1700,"energy":29,"posx":6,"posy":6,"lastAction":5,"status":0},{"playerId":2422729,"score":1550,"energy":8,"posx":2,"posy":5,"lastAction":5,"status":0},{"playerId":1658775,"score":1450,"energy":5,"posx":7,"posy":2,"lastAction":5,"status":0}],"golds":[{"posx":5,"posy":1,"amount":350},{"posx":0,"posy":2,"amount":50},{"posx":7,"posy":2,"amount":200},{"posx":2,"posy":5,"amount":50},{"posx":0,"posy":6,"amount":750}],"changedObstacles":[{"type":0,"posx":6,"posy":6,"value":-1}]},{"players":[{"playerId":2483603,"score":1650,"energy":20,"posx":7,"posy":2,"lastAction":5,"status":0},{"playerId":2268490,"score":1700,"energy":28,"posx":6,"posy":5,"lastAction":2,"status":0},{"playerId":2422729,"score":1600,"energy":3,"posx":2,"posy":5,"lastAction":5,"status":0},{"playerId":1658775,"score":1450,"energy":17,"posx":7,"posy":2,"lastAction":4,"status":0}],"golds":[{"posx":5,"posy":1,"amount":350},{"posx":0,"posy":2,"amount":50},{"posx":7,"posy":2,"amount":150},{"posx":0,"posy":6,"amount":750}],"changedObstacles":[{"type":0,"posx":2,"posy":5,"value":-1}]},{"players":[{"playerId":2483603,"score":1700,"energy":15,"posx":7,"posy":2,"lastAction":5,"status":0},{"playerId":2268490,"score":1700,"energy":27,"posx":6,"posy":4,"lastAction":2,"status":0},{"playerId":2422729,"score":1600,"energy":2,"posx":1,"posy":5,"lastAction":0,"status":0},{"playerId":1658775,"score":1500,"energy":12,"posx":7,"posy":2,"lastAction":5,"status":0}],"golds":[{"posx":5,"posy":1,"amount":350},{"posx":0,"posy":2,"amount":50},{"posx":7,"posy":2,"amount":50},{"posx":0,"posy":6,"amount":750}],"changedObstacles":[]},{"players":[{"playerId":2483603,"score":1725,"energy":10,"posx":7,"posy":2,"lastAction":5,"status":0},{"playerId":2268490,"score":1700,"energy":26,"posx":6,"posy":3,"lastAction":2,"status":0},{"playerId":2422729,"score":1600,"energy":1,"posx":1,"posy":6,"lastAction":3,"status":0},{"playerId":1658775,"score":1525,"energy":7,"posx":7,"posy":2,"lastAction":5,"status":0}],"golds":[{"posx":5,"posy":1,"amount":350},{"posx":0,"posy":2,"amount":50},{"posx":0,"posy":6,"amount":750}],"changedObstacles":[{"type":0,"posx":7,"posy":2,"value":-1}]},{"players":[{"playerId":2483603,"score":1725,"energy":9,"posx":7,"posy":1,"lastAction":2,"status":0},{"playerId":2268490,"score":1700,"energy":16,"posx":6,"posy":2,"lastAction":2,"status":0},{"playerId":2422729,"score":1600,"energy":13,"posx":1,"posy":6,"lastAction":4,"status":0},{"playerId":1658775,"score":1525,"energy":19,"posx":7,"posy":2,"lastAction":4,"status":0}],"golds":[{"posx":5,"posy":1,"amount":350},{"posx":0,"posy":2,"amount":50},{"posx":0,"posy":6,"amount":750}],"changedObstacles":[{"type":0,"posx":6,"posy":2,"value":-1}]},{"players":[{"playerId":2483603,"score":1725,"energy":8,"posx":6,"posy":1,"lastAction":0,"status":0},{"playerId":2268490,"score":1700,"energy":15,"posx":5,"posy":2,"lastAction":0,"status":0},{"playerId":2422729,"score":1600,"energy":9,"posx":0,"posy":6,"lastAction":0,"status":0},{"playerId":1658775,"score":1525,"energy":18,"posx":6,"posy":2,"lastAction":0,"status":0}],"golds":[{"posx":5,"posy":1,"amount":350},{"posx":0,"posy":2,"amount":50},{"posx":0,"posy":6,"amount":750}],"changedObstacles":[]},{"players":[{"playerId":2483603,"score":1725,"energy":4,"posx":5,"posy":1,"lastAction":0,"status":0},{"playerId":2268490,"score":1700,"energy":11,"posx":5,"posy":1,"lastAction":2,"status":0},{"playerId":2422729,"score":1650,"energy":4,"posx":0,"posy":6,"lastAction":5,"status":0},{"playerId":1658775,"score":1525,"energy":17,"posx":5,"posy":2,"lastAction":0,"status":0}],"golds":[{"posx":5,"posy":1,"amount":350},{"posx":0,"posy":2,"amount":50},{"posx":0,"posy":6,"amount":700}],"changedObstacles":[]},{"players":[{"playerId":2483603,"score":1725,"energy":16,"posx":5,"posy":1,"lastAction":4,"status":0},{"playerId":2268490,"score":1750,"energy":6,"posx":5,"posy":1,"lastAction":5,"status":0},{"playerId":2422729,"score":1650,"energy":16,"posx":0,"posy":6,"lastAction":4,"status":0},{"playerId":1658775,"score":1525,"energy":16,"posx":6,"posy":2,"lastAction":1,"status":0}],"golds":[{"posx":5,"posy":1,"amount":300},{"posx":0,"posy":2,"amount":50},{"posx":0,"posy":6,"amount":700}],"changedObstacles":[]},{"players":[{"playerId":2483603,"score":1725,"energy":32,"posx":5,"posy":1,"lastAction":4,"status":0},{"playerId":2268490,"score":1750,"energy":18,"posx":5,"posy":1,"lastAction":4,"status":0},{"playerId":2422729,"score":1650,"energy":32,"posx":0,"posy":6,"lastAction":4,"status":0},{"playerId":1658775,"score":1525,"energy":15,"posx":5,"posy":2,"lastAction":0,"status":0}],"golds":[{"posx":5,"posy":1,"amount":300},{"posx":0,"posy":2,"amount":50},{"posx":0,"posy":6,"amount":700}],"changedObstacles":[]},{"players":[{"playerId":2483603,"score":1775,"energy":27,"posx":5,"posy":1,"lastAction":5,"status":0},{"playerId":2268490,"score":1750,"energy":34,"posx":5,"posy":1,"lastAction":4,"status":0},{"playerId":2422729,"score":1650,"energy":50,"posx":0,"posy":6,"lastAction":4,"status":0},{"playerId":1658775,"score":1525,"energy":14,"posx":6,"posy":2,"lastAction":1,"status":0}],"golds":[{"posx":5,"posy":1,"amount":250},{"posx":0,"posy":2,"amount":50},{"posx":0,"posy":6,"amount":700}],"changedObstacles":[]},{"players":[{"playerId":2483603,"score":1825,"energy":22,"posx":5,"posy":1,"lastAction":5,"status":0},{"playerId":2268490,"score":1800,"energy":29,"posx":5,"posy":1,"lastAction":5,"status":0},{"playerId":2422729,"score":1700,"energy":45,"posx":0,"posy":6,"lastAction":5,"status":0},{"playerId":1658775,"score":1525,"energy":13,"posx":5,"posy":2,"lastAction":0,"status":0}],"golds":[{"posx":5,"posy":1,"amount":150},{"posx":0,"posy":2,"amount":50},{"posx":0,"posy":6,"amount":650}],"changedObstacles":[]},{"players":[{"playerId":2483603,"score":1875,"energy":17,"posx":5,"posy":1,"lastAction":5,"status":0},{"playerId":2268490,"score":1850,"energy":24,"posx":5,"posy":1,"lastAction":5,"status":0},{"playerId":2422729,"score":1750,"energy":40,"posx":0,"posy":6,"lastAction":5,"status":0},{"playerId":1658775,"score":1525,"energy":8,"posx":5,"posy":3,"lastAction":3,"status":0}],"golds":[{"posx":5,"posy":1,"amount":50},{"posx":0,"posy":2,"amount":50},{"posx":0,"posy":6,"amount":600}],"changedObstacles":[{"type":3,"posx":5,"posy":3,"value":-20}]},{"players":[{"playerId":2483603,"score":1900,"energy":12,"posx":5,"posy":1,"lastAction":5,"status":0},{"playerId":2268490,"score":1875,"energy":19,"posx":5,"posy":1,"lastAction":5,"status":0},{"playerId":2422729,"score":1800,"energy":35,"posx":0,"posy":6,"lastAction":5,"status":0},{"playerId":1658775,"score":1525,"energy":20,"posx":5,"posy":3,"lastAction":4,"status":0}],"golds":[{"posx":0,"posy":2,"amount":50},{"posx":0,"posy":6,"amount":550}],"changedObstacles":[{"type":0,"posx":5,"posy":1,"value":-1}]},{"players":[{"playerId":2483603,"score":1900,"energy":11,"posx":5,"posy":2,"lastAction":3,"status":0},{"playerId":2268490,"score":1875,"energy":31,"posx":5,"posy":1,"lastAction":4,"status":0},{"playerId":2422729,"score":1850,"energy":30,"posx":0,"posy":6,"lastAction":5,"status":0},{"playerId":1658775,"score":1525,"energy":19,"posx":4,"posy":3,"lastAction":0,"status":0}],"golds":[{"posx":0,"posy":2,"amount":50},{"posx":0,"posy":6,"amount":500}],"changedObstacles":[]},{"players":[{"playerId":2483603,"score":1900,"energy":23,"posx":5,"posy":2,"lastAction":4,"status":0},{"playerId":2268490,"score":1875,"energy":17,"posx":4,"posy":1,"lastAction":0,"status":0},{"playerId":2422729,"score":1900,"energy":25,"posx":0,"posy":6,"lastAction":5,"status":0},{"playerId":1658775,"score":1525,"energy":18,"posx":3,"posy":3,"lastAction":0,"status":0}],"golds":[{"posx":0,"posy":2,"amount":50},{"posx":0,"posy":6,"amount":450}],"changedObstacles":[]},{"players":[{"playerId":2483603,"score":1900,"energy":4,"posx":4,"posy":2,"lastAction":0,"status":0},{"playerId":2268490,"score":1875,"energy":16,"posx":3,"posy":1,"lastAction":0,"status":0},{"playerId":2422729,"score":1950,"energy":20,"posx":0,"posy":6,"lastAction":5,"status":0},{"playerId":1658775,"score":1525,"energy":17,"posx":2,"posy":3,"lastAction":0,"status":0}],"golds":[{"posx":0,"posy":2,"amount":50},{"posx":0,"posy":6,"amount":400}],"changedObstacles":[]},{"players":[{"playerId":2483603,"score":1900,"energy":16,"posx":4,"posy":2,"lastAction":4,"status":0},{"playerId":2268490,"score":1875,"energy":11,"posx":2,"posy":1,"lastAction":0,"status":0},{"playerId":2422729,"score":2000,"energy":15,"posx":0,"posy":6,"lastAction":5,"status":0},{"playerId":1658775,"score":1525,"energy":16,"posx":1,"posy":3,"lastAction":0,"status":0}],"golds":[{"posx":0,"posy":2,"amount":50},{"posx":0,"posy":6,"amount":350}],"changedObstacles":[{"type":3,"posx":2,"posy":1,"value":-20}]},{"players":[{"playerId":2483603,"score":1900,"energy":32,"posx":4,"posy":2,"lastAction":4,"status":0},{"playerId":2268490,"score":1875,"energy":1,"posx":1,"posy":1,"lastAction":0,"status":0},{"playerId":2422729,"score":2050,"energy":10,"posx":0,"posy":6,"lastAction":5,"status":0},{"playerId":1658775,"score":1525,"energy":15,"posx":0,"posy":3,"lastAction":0,"status":0}],"golds":[{"posx":0,"posy":2,"amount":50},{"posx":0,"posy":6,"amount":300}],"changedObstacles":[{"type":0,"posx":1,"posy":1,"value":-1}]},{"players":[{"playerId":2483603,"score":1900,"energy":22,"posx":3,"posy":2,"lastAction":0,"status":0},{"playerId":2268490,"score":1875,"energy":0,"posx":0,"posy":1,"lastAction":0,"status":2},{"playerId":2422729,"score":2100,"energy":5,"posx":0,"posy":6,"lastAction":5,"status":0},{"playerId":1658775,"score":1525,"energy":14,"posx":1,"posy":3,"lastAction":1,"status":0}],"golds":[{"posx":0,"posy":2,"amount":50},{"posx":0,"posy":6,"amount":250}],"changedObstacles":[{"type":0,"posx":3,"posy":2,"value":-1}]},{"players":[{"playerId":2483603,"score":1900,"energy":21,"posx":2,"posy":2,"lastAction":0,"status":0},{"playerId":2268490,"score":1875,"energy":0,"posx":0,"posy":1,"lastAction":6,"status":2},{"playerId":2422729,"score":2100,"energy":17,"posx":0,"posy":6,"lastAction":4,"status":0},{"playerId":1658775,"score":1525,"energy":13,"posx":1,"posy":4,"lastAction":3,"status":0}],"golds":[{"posx":0,"posy":2,"amount":50},{"posx":0,"posy":6,"amount":250}],"changedObstacles":[]},{"players":[{"playerId":2483603,"score":1900,"energy":11,"posx":1,"posy":2,"lastAction":0,"status":0},{"playerId":2268490,"score":1875,"energy":0,"posx":0,"posy":1,"lastAction":6,"status":2},{"playerId":2422729,"score":2150,"energy":12,"posx":0,"posy":6,"lastAction":5,"status":0},{"playerId":1658775,"score":1525,"energy":3,"posx":0,"posy":4,"lastAction":0,"status":0}],"golds":[{"posx":0,"posy":2,"amount":50},{"posx":0,"posy":6,"amount":200}],"changedObstacles":[{"type":0,"posx":1,"posy":2,"value":-1},{"type":0,"posx":0,"posy":4,"value":-1}]},{"players":[{"playerId":2483603,"score":1900,"energy":7,"posx":0,"posy":2,"lastAction":0,"status":0},{"playerId":2268490,"score":1875,"energy":0,"posx":0,"posy":1,"lastAction":6,"status":2},{"playerId":2422729,"score":2200,"energy":7,"posx":0,"posy":6,"lastAction":5,"status":0},{"playerId":1658775,"score":1525,"energy":15,"posx":0,"posy":4,"lastAction":4,"status":0}],"golds":[{"posx":0,"posy":2,"amount":50},{"posx":0,"posy":6,"amount":150}],"changedObstacles":[]},{"players":[{"playerId":2483603,"score":1950,"energy":2,"posx":0,"posy":2,"lastAction":5,"status":0},{"playerId":2268490,"score":1875,"energy":0,"posx":0,"posy":1,"lastAction":6,"status":2},{"playerId":2422729,"score":2250,"energy":2,"posx":0,"posy":6,"lastAction":5,"status":0},{"playerId":1658775,"score":1525,"energy":14,"posx":0,"posy":3,"lastAction":2,"status":0}],"golds":[{"posx":0,"posy":6,"amount":100}],"changedObstacles":[{"type":0,"posx":0,"posy":2,"value":-1}]},{"players":[{"playerId":2483603,"score":1950,"energy":14,"posx":0,"posy":2,"lastAction":4,"status":0},{"playerId":2268490,"score":1875,"energy":0,"posx":0,"posy":1,"lastAction":6,"status":2},{"playerId":2422729,"score":2250,"energy":14,"posx":0,"posy":6,"lastAction":4,"status":0},{"playerId":1658775,"score":1525,"energy":13,"posx":0,"posy":4,"lastAction":3,"status":0}],"golds":[{"posx":0,"posy":6,"amount":100}],"changedObstacles":[]},{"players":[{"playerId":2483603,"score":1950,"energy":30,"posx":0,"posy":2,"lastAction":4,"status":0},{"playerId":2268490,"score":1875,"energy":0,"posx":0,"posy":1,"lastAction":6,"status":2},{"playerId":2422729,"score":2250,"energy":30,"posx":0,"posy":6,"lastAction":4,"status":0},{"playerId":1658775,"score":1525,"energy":12,"posx":0,"posy":5,"lastAction":3,"status":0}],"golds":[{"posx":0,"posy":6,"amount":100}],"changedObstacles":[]},{"players":[{"playerId":2483603,"score":1950,"energy":50,"posx":0,"posy":2,"lastAction":4,"status":0},{"playerId":2268490,"score":1875,"energy":0,"posx":0,"posy":1,"lastAction":6,"status":2},{"playerId":2422729,"score":2300,"energy":25,"posx":0,"posy":6,"lastAction":5,"status":0},{"playerId":1658775,"score":1525,"energy":11,"posx":1,"posy":5,"lastAction":1,"status":0}],"golds":[{"posx":0,"posy":6,"amount":50}],"changedObstacles":[]},{"players":[{"playerId":2483603,"score":1950,"energy":50,"posx":0,"posy":2,"lastAction":4,"status":0},{"playerId":2268490,"score":1875,"energy":0,"posx":0,"posy":1,"lastAction":6,"status":2},{"playerId":2422729,"score":2350,"energy":20,"posx":0,"posy":6,"lastAction":5,"status":0},{"playerId":1658775,"score":1525,"energy":10,"posx":0,"posy":5,"lastAction":0,"status":0}],"golds":[],"changedObstacles":[{"type":0,"posx":0,"posy":6,"value":-1}]}]