[{"players":[{"playerId":2344466,"score":0,"energy":40,"posx":18,"posy":7,"lastAction":1,"status":0},{"playerId":2268490,"score":0,"energy":31,"posx":16,"posy":7,"lastAction":0,"status":0},{"playerId":2422729,"score":0,"energy":33,"posx":16,"posy":7,"lastAction":0,"status":0},{"playerId":803122,"score":0,"energy":42,"posx":16,"posy":7,"lastAction":0,"status":0}],"golds":[{"posx":6,"posy":4,"amount":450},{"posx":9,"posy":1,"amount":450},{"posx":18,"posy":3,"amount":250},{"posx":0,"posy":2,"amount":50},{"posx":20,"posy":7,"amount":700},{"posx":6,"posy":6,"amount":100},{"posx":7,"posy":1,"amount":150},{"posx":14,"posy":6,"amount":250},{"posx":6,"posy":7,"amount":50},{"posx":13,"posy":5,"amount":500},{"posx":9,"posy":8,"amount":200},{"posx":11,"posy":8,"amount":200},{"posx":7,"posy":2,"amount":700},{"posx":14,"posy":7,"amount":500},{"posx":15,"posy":3,"amount":250},{"posx":20,"posy":3,"amount":750},{"posx":10,"posy":6,"amount":400},{"posx":0,"posy":6,"amount":750},{"posx":2,"posy":5,"amount":650},{"posx":5,"posy":1,"amount":350}],"changedObstacles":[{"type":0,"posx":18,"posy":7,"value":-1}]},{"players":[{"playerId":2344466,"score":0,"energy":39,"posx":19,"posy":7,"lastAction":1,"status":0},{"playerId":2268490,"score":0,"energy":30,"posx":16,"posy":6,"lastAction":2,"status":0},{"playerId":2422729,"score":0,"energy":32,"posx":16,"posy":6,"lastAction":2,"status":0},{"playerId":803122,"score":0,"energy":41,"posx":16,"posy":6,"lastAction":2,"status":0}],"golds":[{"posx":6,"posy":4,"amount":450},{"posx":9,"posy":1,"amount":450},{"posx":18,"posy":3,"amount":250},{"posx":0,"posy":2,"amount":50},{"posx":20,"posy":7,"amount":700},{"posx":6,"posy":6,"amount":100},{"posx":7,"posy":1,"amount":150},{"posx":14,"posy":6,"amount":250},{"posx":6,"posy":7,"amount":50},{"posx":13,"posy":5,"amount":500},{"posx":9,"posy":8,"amount":200},{"posx":11,"posy":8,"amount":200},{"posx":7,"posy":2,"amount":700},{"posx":14,"posy":7,"amount":500},{"posx":15,"posy":3,"amount":250},{"posx":20,"posy":3,"amount":750},{"posx":10,"posy":6,"amount":400},{"posx":0,"posy":6,"amount":750},{"posx":2,"posy":5,"amount":650},{"posx":5,"posy":1,"amount":350}],"changedObstacles":[]},{"players":[{"playerId":2344466,"score":0,"energy":35,"posx":20,"posy":7,"lastAction":1,"status":0},{"playerId":2268490,"score":0,"energy":29,"posx":15,"posy":6,"lastAction":0,"status":0},{"playerId":2422729,"score":0,"energy":31,"posx":16,"posy":5,"lastAction":2,"status":0},{"playerId":803122,"score":0,"energy":40,"posx":15,"posy":6,"lastAction":0,"status":0}],"golds":[{"posx":6,"posy":4,"amount":450},{"posx":9,"posy":1,"amount":450},{"posx":18,"posy":3,"amount":250},{"posx":0,"posy":2,"amount":50},{"posx":20,"posy":7,"amount":700},{"posx":6,"posy":6,"amount":100},{"posx":7,"posy":1,"amount":150},{"posx":14,"posy":6,"amount":250},{"posx":6,"posy":7,"amount":50},{"posx":13,"posy":5,"amount":500},{"posx":9,"posy":8,"amount":200},{"posx":11,"posy":8,"amount":200},{"posx":7,"posy":2,"amount":700},{"posx":14,"posy":7,"amount":500},{"posx":15,"posy":3,"amount":250},{"posx":20,"posy":3,"amount":750},{"posx":10,"posy":6,"amount":400},{"posx":0,"posy":6,"amount":750},{"posx":2,"posy":5,"amount":650},{"posx":5,"posy":1,"amount":350}],"changedObstacles":[]},{"players":[{"playerId":2344466,"score":50,"energy":30,"posx":20,"posy":7,"lastAction":5,"status":0},{"playerId":2268490,"score":0,"energy":28,"posx":15,"posy":5,"lastAction":2,"status":0},{"playerId":2422729,"score":0,"energy":30,"posx":16,"posy":6,"lastAction":3,"status":0},{"playerId":803122,"score":0,"energy":36,"posx":14,"posy":6,"lastAction":0,"status":0}],"golds":[{"posx":5,"posy":1,"amount":350},{"posx":7,"posy":1,"amount":150},{"posx":9,"posy":1,"amount":450},{"posx":0,"posy":2,"amount":50},{"posx":7,"posy":2,"amount":700},{"posx":15,"posy":3,"amount":250},{"posx":18,"posy":3,"amount":250},{"posx":20,"posy":3,"amount":750},{"posx":6,"posy":4,"amount":450},{"posx":2,"posy":5,"amount":650},{"posx":13,"posy":5,"amount":500},{"posx":0,"posy":6,"amount":750},{"posx":6,"posy":6,"amount":100},{"posx":10,"posy":6,"amount":400},{"posx":14,"posy":6,"amount":250},{"posx":6,"posy":7,"amount":50},{"posx":14,"posy":7,"amount":500},{"posx":20,"posy":7,"amount":650},{"posx":9,"posy":8,"amount":200},{"posx":11,"posy":8,"amount":200}],"changedObstacles":[]},{"players":[{"playerId":2344466,"score":100,"energy":25,"posx":20,"posy":7,"lastAction":5,"status":0},{"playerId":2268490,"score":0,"energy":27,"posx":14,"posy":5,"lastAction":0,"status":0},{"playerId":2422729,"score":0,"energy":29,"posx":16,"posy":5,"lastAction":2,"status":0},{"playerId":803122,"score":50,"energy":31,"posx":14,"posy":6,"lastAction":5,"status":0}],"golds":[{"posx":5,"posy":1,"amount":350},{"posx":7,"posy":1,"amount":150},{"posx":9,"posy":1,"amount":450},{"posx":0,"posy":2,"amount":50},{"posx":7,"posy":2,"amount":700},{"posx":15,"posy":3,"amount":250},{"posx":18,"posy":3,"amount":250},{"posx":20,"posy":3,"amount":750},{"posx":6,"posy":4,"amount":450},{"posx":2,"posy":5,"amount":650},{"posx":13,"posy":5,"amount":500},{"posx":0,"posy":6,"amount":750},{"posx":6,"posy":6,"amount":100},{"posx":10,"posy":6,"amount":400},{"posx":14,"posy":6,"amount":200},{"posx":6,"posy":7,"amount":50},{"posx":14,"posy":7,"amount":500},{"posx":20,"posy":7,"amount":600},{"posx":9,"posy":8,"amount":200},{"posx":11,"posy":8,"amount":200}],"changedObstacles":[]},{"players":[{"playerId":2344466,"score":150,"energy":20,"posx":20,"posy":7,"lastAction":5,"status":0},{"playerId":2268490,"score":0,"energy":23,"posx":13,"posy":5,"lastAction":0,"status":0},{"playerId":2422729,"score":0,"energy":28,"posx":16,"posy":6,"lastAction":3,"status":0},{"playerId":803122,"score":100,"energy":26,"posx":14,"posy":6,"lastAction":5,"status":0}],"golds":[{"posx":5,"posy":1,"amount":350},{"posx":7,"posy":1,"amount":150},{"posx":9,"posy":1,"amount":450},{"posx":0,"posy":2,"amount":50},{"posx":7,"posy":2,"amount":700},{"posx":15,"posy":3,"amount":250},{"posx":18,"posy":3,"amount":250},{"posx":20,"posy":3,"amount":750},{"posx":6,"posy":4,"amount":450},{"posx":2,"posy":5,"amount":650},{"posx":13,"posy":5,"amount":500},{"posx":0,"posy":6,"amount":750},{"posx":6,"posy":6,"amount":100},{"posx":10,"posy":6,"amount":400},{"posx":14,"posy":6,"amount":150},{"posx":6,"posy":7,"amount":50},{"posx":14,"posy":7,"amount":500},{"posx":20,"posy":7,"amount":550},{"posx":9,"posy":8,"amount":200},{"posx":11,"posy":8,"amount":200}],"changedObstacles":[]},{"players":[{"playerId":2344466,"score":200,"energy":15,"posx":20,"posy":7,"lastAction":5,"status":0},{"playerId":2268490,"score":50,"energy":18,"posx":13,"posy":5,"lastAction":5,"status":0},{"playerId":2422729,"score":0,"energy":27,"posx":15,"posy":6,"lastAction":0,"status":0},{"playerId":803122,"score":150,"energy":21,"posx":14,"posy":6,"lastAction":5,"status":0}],"golds":[{"posx":5,"posy":1,"amount":350},{"posx":7,"posy":1,"amount":150},{"posx":9,"posy":1,"amount":450},{"posx":0,"posy":2,"amount":50},{"posx":7,"posy":2,"amount":700},{"posx":15,"posy":3,"amount":250},{"posx":18,"posy":3,"amount":250},{"posx":20,"posy":3,"amount":750},{"posx":6,"posy":4,"amount":450},{"posx":2,"posy":5,"amount":650},{"posx":13,"posy":5,"amount":450},{"posx":0,"posy":6,"amount":750},{"posx":6,"posy":6,"amount":100},{"posx":10,"posy":6,"amount":400},{"posx":14,"posy":6,"amount":100},{"posx":6,"posy":7,"amount":50},{"posx":14,"posy":7,"amount":500},{"posx":20,"posy":7,"amount":500},{"posx":9,"posy":8,"amount":200},{"posx":11,"posy":8,"amount":200}],"changedObstacles":[]},{"players":[{"playerId":2344466,"score":250,"energy":10,"posx":20,"posy":7,"lastAction":5,"status":0},{"playerId":2268490,"score":100,"energy":13,"posx":13,"posy":5,"lastAction":5,"status":0},{"playerId":2422729,"score":0,"energy":17,"posx":15,"posy":7,"lastAction":3,"status":0},{"playerId":803122,"score":200,"energy":16,"posx":14,"posy":6,"lastAction":5,"status":0}],"golds":[{"posx":5,"posy":1,"amount":350},{"posx":7,"posy":1,"amount":150},{"posx":9,"posy":1,"amount":450},{"posx":0,"posy":2,"amount":50},{"posx":7,"posy":2,"amount":700},{"posx":15,"posy":3,"amount":250},{"posx":18,"posy":3,"amount":250},{"posx":20,"posy":3,"amount":750},{"posx":6,"posy":4,"amount":450},{"posx":2,"posy":5,"amount":650},{"posx":13,"posy":5,"amount":400},{"posx":0,"posy":6,"amount":750},{"posx":6,"posy":6,"amount":100},{"posx":10,"posy":6,"amount":400},{"posx":14,"posy":6,"amount":50},{"posx":6,"posy":7,"amount":50},{"posx":14,"posy":7,"amount":500},{"posx":20,"posy":7,"amount":450},{"posx":9,"posy":8,"amount":200},{"posx":11,"posy":8,"amount":200}],"changedObstacles":[{"type":0,"posx":15,"posy":7,"value":-1}]},{"players":[{"playerId":2344466,"score":300,"energy":5,"posx":20,"posy":7,"lastAction":5,"status":0},{"playerId":2268490,"score":150,"energy":8,"posx":13,"posy":5,"lastAction":5,"status":0},{"playerId":2422729,"score":0,"energy":13,"posx":14,"posy":7,"lastAction":0,"status":0},{"playerId":803122,"score":250,"energy":11,"posx":14,"posy":6,"lastAction":5,"status":0}],"golds":[{"posx":5,"posy":1,"amount":350},{"posx":7,"posy":1,"amount":150},{"posx":9,"posy":1,"amount":450},{"posx":0,"posy":2,"amount":50},{"posx":7,"posy":2,"amount":700},{"posx":15,"posy":3,"amount":250},{"posx":18,"posy":3,"amount":250},{"posx":20,"posy":3,"amount":750},{"posx":6,"posy":4,"amount":450},{"posx":2,"posy":5,"amount":650},{"posx":13,"posy":5,"amount":350},{"posx":0,"posy":6,"amount":750},{"posx":6,"posy":6,"amount":100},{"posx":10,"posy":6,"amount":400},{"posx":6,"posy":7,"amount":50},{"posx":14,"posy":7,"amount":500},{"posx":20,"posy":7,"amount":400},{"posx":9,"posy":8,"amount":200},{"posx":11,"posy":8,"amount":200}],"changedObstacles":[{"type":0,"posx":14,"posy":6,"value":-1}]},{"players":[{"playerId":2344466,"score":300,"energy":17,"posx":20,"posy":7,"lastAction":4,"status":0},{"playerId":2268490,"score":150,"energy":20,"posx":13,"posy":5,"lastAction":4,"status":0},{"playerId":2422729,"score":50,"energy":8,"posx":14,"posy":7,"lastAction":5,"status":0},{"playerId":803122,"score":250,"energy":7,"posx":14,"posy":7,"lastAction":3,"status":0}],"golds":[{"posx":5,"posy":1,"amount":350},{"posx":7,"posy":1,"amount":150},{"posx":9,"posy":1,"amount":450},{"posx":0,"posy":2,"amount":50},{"posx":7,"posy":2,"amount":700},{"posx":15,"posy":3,"amount":250},{"posx":18,"posy":3,"amount":250},{"posx":20,"posy":3,"amount":750},{"posx":6,"posy":4,"amount":450},{"posx":2,"posy":5,"amount":650},{"posx":13,"posy":5,"amount":350},{"posx":0,"posy":6,"amount":750},{"posx":6,"posy":6,"amount":100},{"posx":10,"posy":6,"amount":400},{"posx":6,"posy":7,"amount":50},{"posx":14,"posy":7,"amount":450},{"posx":20,"posy":7,"amount":400},{"posx":9,"posy":8,"amount":200},{"posx":11,"posy":8,"amount":200}],"changedObstacles":[]},{"players":[{"playerId":2344466,"score":300,"energy":33,"posx":20,"posy":7,"lastAction":4,"status":0},{"playerId":2268490,"score":150,"energy":36,"posx":13,"posy":5,"lastAction":4,"status":0},{"playerId":2422729,"score":100,"energy":3,"posx":14,"posy":7,"lastAction":5,"status":0},{"playerId":803122,"score":300,"energy":2,"posx":14,"posy":7,"lastAction":5,"status":0}],"golds":[{"posx":5,"posy":1,"amount":350},{"posx":7,"posy":1,"amount":150},{"posx":9,"posy":1,"amount":450},{"posx":0,"posy":2,"amount":50},{"posx":7,"posy":2,"amount":700},{"posx":15,"posy":3,"amount":250},{"posx":18,"posy":3,"amount":250},{"posx":20,"posy":3,"amount":750},{"posx":6,"posy":4,"amount":450},{"posx":2,"posy":5,"amount":650},{"posx":13,"posy":5,"amount":350},{"posx":0,"posy":6,"amount":750},{"posx":6,"posy":6,"amount":100},{"posx":10,"posy":6,"amount":400},{"posx":6,"posy":7,"amount":50},{"posx":14,"posy":7,"amount":350},{"posx":20,"posy":7,"amount":400},{"posx":9,"posy":8,"amount":200},{"posx":11,"posy":8,"amount":200}],"changedObstacles":[]},{"players":[{"playerId":2344466,"score":300,"energy":50,"posx":20,"posy":7,"lastAction":4,"status":0},{"playerId":2268490,"score":200,"energy":31,"posx":13,"posy":5,"lastAction":5,"status":0},{"playerId":2422729,"score":100,"energy":15,"posx":14,"posy":7,"lastAction":4,"status":0},{"playerId":803122,"score":300,"energy":14,"posx":14,"posy":7,"lastAction":4,"status":0}],"golds":[{"posx":5,"posy":1,"amount":350},{"posx":7,"posy":1,"amount":150},{"posx":9,"posy":1,"amount":450},{"posx":0,"posy":2,"amount":50},{"posx":7,"posy":2,"amount":700},{"posx":15,"posy":3,"amount":250},{"posx":18,"posy":3,"amount":250},{"posx":20,"posy":3,"amount":750},{"posx":6,"posy":4,"amount":450},{"posx":2,"posy":5,"amount":650},{"posx":13,"posy":5,"amount":300},{"posx":0,"posy":6,"amount":750},{"posx":6,"posy":6,"amount":100},{"posx":10,"posy":6,"amount":400},{"posx":6,"posy":7,"amount":50},{"posx":14,"posy":7,"amount":350},{"posx":20,"posy":7,"amount":400},{"posx":9,"posy":8,"amount":200},{"posx":11,"posy":8,"amount":200}],"changedObstacles":[]},{"players":[{"playerId":2344466,"score":350,"energy":45,"posx":20,"posy":7,"lastAction":5,"status":0},{"playerId":2268490,"score":250,"energy":26,"posx":13,"posy":5,"lastAction":5,"status":0},{"playerId":2422729,"score":150,"energy":10,"posx":14,"posy":7,"lastAction":5,"status":0},{"playerId":803122,"score":350,"energy":9,"posx":14,"posy":7,"lastAction":5,"status":0}],"golds":[{"posx":5,"posy":1,"amount":350},{"posx":7,"posy":1,"amount":150},{"posx":9,"posy":1,"amount":450},{"posx":0,"posy":2,"amount":50},{"posx":7,"posy":2,"amount":700},{"posx":15,"posy":3,"amount":250},{"posx":18,"posy":3,"amount":250},{"posx":20,"posy":3,"amount":750},{"posx":6,"posy":4,"amount":450},{"posx":2,"posy":5,"amount":650},{"posx":13,"posy":5,"amount":250},{"posx":0,"posy":6,"amount":750},{"posx":6,"posy":6,"amount":100},{"posx":10,"posy":6,"amount":400},{"posx":6,"posy":7,"amount":50},{"posx":14,"posy":7,"amount":250},{"posx":20,"posy":7,"amount":350},{"posx":9,"posy":8,"amount":200},{"posx":11,"posy":8,"amount":200}],"changedObstacles":[]},{"players":[{"playerId":2344466,"score":400,"energy":40,"posx":20,"posy":7,"lastAction":5,"status":0},{"playerId":2268490,"score":300,"energy":21,"posx":13,"posy":5,"lastAction":5,"status":0},{"playerId":2422729,"score":200,"energy":5,"posx":14,"posy":7,"lastAction":5,"status":0},{"playerId":803122,"score":400,"energy":4,"posx":14,"posy":7,"lastAction":5,"status":0}],"golds":[{"posx":5,"posy":1,"amount":350},{"posx":7,"posy":1,"amount":150},{"posx":9,"posy":1,"amount":450},{"posx":0,"posy":2,"amount":50},{"posx":7,"posy":2,"amount":700},{"posx":15,"posy":3,"amount":250},{"posx":18,"posy":3,"amount":250},{"posx":20,"posy":3,"amount":750},{"posx":6,"posy":4,"amount":450},{"posx":2,"posy":5,"amount":650},{"posx":13,"posy":5,"amount":200},{"posx":0,"posy":6,"amount":750},{"posx":6,"posy":6,"amount":100},{"posx":10,"posy":6,"amount":400},{"posx":6,"posy":7,"amount":50},{"posx":14,"posy":7,"amount":150},{"posx":20,"posy":7,"amount":300},{"posx":9,"posy":8,"amount":200},{"posx":11,"posy":8,"amount":200}],"changedObstacles":[]},{"players":[{"playerId":2344466,"score":450,"energy":35,"posx":20,"posy":7,"lastAction":5,"status":0},{"playerId":2268490,"score":350,"energy":16,"posx":13,"posy":5,"lastAction":5,"status":0},{"playerId":2422729,"score":200,"energy":17,"posx":14,"posy":7,"lastAction":4,"status":0},{"playerId":803122,"score":400,"energy":16,"posx":14,"posy":7,"lastAction":4,"status":0}],"golds":[{"posx":5,"posy":1,"amount":350},{"posx":7,"posy":1,"amount":150},{"posx":9,"posy":1,"amount":450},{"posx":0,"posy":2,"amount":50},{"posx":7,"posy":2,"amount":700},{"posx":15,"posy":3,"amount":250},{"posx":18,"posy":3,"amount":250},{"posx":20,"posy":3,"amount":750},{"posx":6,"posy":4,"amount":450},{"posx":2,"posy":5,"amount":650},{"posx":13,"posy":5,"amount":150},{"posx":0,"posy":6,"amount":750},{"posx":6,"posy":6,"amount":100},{"posx":10,"posy":6,"amount":400},{"posx":6,"posy":7,"amount":50},{"posx":14,"posy":7,"amount":150},{"posx":20,"posy":7,"amount":250},{"posx":9,"posy":8,"amount":200},{"posx":11,"posy":8,"amount":200}],"changedObstacles":[]},{"players":[{"playerId":2344466,"score":500,"energy":30,"posx":20,"posy":7,"lastAction":5,"status":0},{"playerId":2268490,"score":400,"energy":11,"posx":13,"posy":5,"lastAction":5,"status":0},{"playerId":2422729,"score":250,"energy":12,"posx":14,"posy":7,"lastAction":5,"status":0},{"playerId":803122,"score":450,"energy":11,"posx":14,"posy":7,"lastAction":5,"status":0}],"golds":[{"posx":5,"posy":1,"amount":350},{"posx":7,"posy":1,"amount":150},{"posx":9,"posy":1,"amount":450},{"posx":0,"posy":2,"amount":50},{"posx":7,"posy":2,"amount":700},{"posx":15,"posy":3,"amount":250},{"posx":18,"posy":3,"amount":250},{"posx":20,"posy":3,"amount":750},{"posx":6,"posy":4,"amount":450},{"posx":2,"posy":5,"amount":650},{"posx":13,"posy":5,"amount":100},{"posx":0,"posy":6,"amount":750},{"posx":6,"posy":6,"amount":100},{"posx":10,"posy":6,"amount":400},{"posx":6,"posy":7,"amount":50},{"posx":14,"posy":7,"amount":50},{"posx":20,"posy":7,"amount":200},{"posx":9,"posy":8,"amount":200},{"posx":11,"posy":8,"amount":200}],"changedObstacles":[]},{"players":[{"playerId":2344466,"score":550,"energy":25,"posx":20,"posy":7,"lastAction":5,"status":0},{"playerId":2268490,"score":450,"energy":6,"posx":13,"posy":5,"lastAction":5,"status":0},{"playerId":2422729,"score":275,"energy":7,"posx":14,"posy":7,"lastAction":5,"status":0},{"playerId":803122,"score":475,"energy":6,"posx":14,"posy":7,"lastAction":5,"status":0}],"golds":[{"posx":5,"posy":1,"amount":350},{"posx":7,"posy":1,"amount":150},{"posx":9,"posy":1,"amount":450},{"posx":0,"posy":2,"amount":50},{"posx":7,"posy":2,"amount":700},{"posx":15,"posy":3,"amount":250},{"posx":18,"posy":3,"amount":250},{"posx":20,"posy":3,"amount":750},{"posx":6,"posy":4,"amount":450},{"posx":2,"posy":5,"amount":650},{"posx":13,"posy":5,"amount":50},{"posx":0,"posy":6,"amount":750},{"posx":6,"posy":6,"amount":100},{"posx":10,"posy":6,"amount":400},{"posx":6,"posy":7,"amount":50},{"posx":20,"posy":7,"amount":150},{"posx":9,"posy":8,"amount":200},{"posx":11,"posy":8,"amount":200}],"changedObstacles":[{"type":0,"posx":14,"posy":7,"value":-1}]},{"players":[{"playerId":2344466,"score":600,"energy":20,"posx":20,"posy":7,"lastAction":5,"status":0},{"playerId":2268490,"score":450,"energy":18,"posx":13,"posy":5,"lastAction":4,"status":0},{"playerId":2422729,"score":275,"energy":6,"posx":13,"posy":7,"lastAction":0,"status":0},{"playerId":803122,"score":475,"energy":5,"posx":13,"posy":7,"lastAction":0,"status":0}],"golds":[{"posx":5,"posy":1,"amount":350},{"posx":7,"posy":1,"amount":150},{"posx":9,"posy":1,"amount":450},{"posx":0,"posy":2,"amount":50},{"posx":7,"posy":2,"amount":700},{"posx":15,"posy":3,"amount":250},{"posx":18,"posy":3,"amount":250},{"posx":20,"posy":3,"amount":750},{"posx":6,"posy":4,"amount":450},{"posx":2,"posy":5,"amount":650},{"posx":13,"posy":5,"amount":50},{"posx":0,"posy":6,"amount":750},{"posx":6,"posy":6,"amount":100},{"posx":10,"posy":6,"amount":400},{"posx":6,"posy":7,"amount":50},{"posx":20,"posy":7,"amount":100},{"posx":9,"posy":8,"amount":200},{"posx":11,"posy":8,"amount":200}],"changedObstacles":[]},{"players":[{"playerId":2344466,"score":650,"energy":15,"posx":20,"posy":7,"lastAction":5,"status":0},{"playerId":2268490,"score":450,"energy":34,"posx":13,"posy":5,"lastAction":4,"status":0},{"playerId":2422729,"score":275,"energy":5,"posx":13,"posy":6,"lastAction":2,"status":0},{"playerId":803122,"score":475,"energy":17,"posx":13,"posy":7,"lastAction":4,"status":0}],"golds":[{"posx":5,"posy":1,"amount":350},{"posx":7,"posy":1,"amount":150},{"posx":9,"posy":1,"amount":450},{"posx":0,"posy":2,"amount":50},{"posx":7,"posy":2,"amount":700},{"posx":15,"posy":3,"amount":250},{"posx":18,"posy":3,"amount":250},{"posx":20,"posy":3,"amount":750},{"posx":6,"posy":4,"amount":450},{"posx":2,"posy":5,"amount":650},{"posx":13,"posy":5,"amount":50},{"posx":0,"posy":6,"amount":750},{"posx":6,"posy":6,"amount":100},{"posx":10,"posy":6,"amount":400},{"posx":6,"posy":7,"amount":50},{"posx":20,"posy":7,"amount":50},{"posx":9,"posy":8,"amount":200},{"posx":11,"posy":8,"amount":200}],"changedObstacles":[]},{"players":[{"playerId":2344466,"score":700,"energy":10,"posx":20,"posy":7,"lastAction":5,"status":0},{"playerId":2268490,"score":500,"energy":29,"posx":13,"posy":5,"lastAction":5,"status":0},{"playerId":2422729,"score":275,"energy":4,"posx":12,"posy":6,"lastAction":0,"status":0},{"playerId":803122,"score":475,"energy":12,"posx":12,"posy":7,"lastAction":0,"status":0}],"golds":[{"posx":5,"posy":1,"amount":350},{"posx":7,"posy":1,"amount":150},{"posx":9,"posy":1,"amount":450},{"posx":0,"posy":2,"amount":50},{"posx":7,"posy":2,"amount":700},{"posx":15,"posy":3,"amount":250},{"posx":18,"posy":3,"amount":250},{"posx":20,"posy":3,"amount":750},{"posx":6,"posy":4,"amount":450},{"posx":2,"posy":5,"amount":650},{"posx":0,"posy":6,"amount":750},{"posx":6,"posy":6,"amount":100},{"posx":10,"posy":6,"amount":400},{"posx":6,"posy":7,"amount":50},{"posx":9,"posy":8,"amount":200},{"posx":11,"posy":8,"amount":200}],"changedObstacles":[{"type":3,"posx":12,"posy":7,"value":-20},{"type":0,"posx":13,"posy":5,"value":-1},{"type":0,"posx":20,"posy":7,"value":-1}]},{"players":[{"playerId":2344466,"score":700,"energy":9,"posx":20,"posy":6,"lastAction":2,"status":0},{"playerId":2268490,"score":500,"energy":28,"posx":13,"posy":6,"lastAction":3,"status":0},{"playerId":2422729,"score":275,"energy":16,"posx":12,"posy":6,"lastAction":4,"status":0},{"playerId":803122,"score":475,"energy":11,"posx":12,"posy":6,"lastAction":2,"status":0}],"golds":[{"posx":5,"posy":1,"amount":350},{"posx":7,"posy":1,"amount":150},{"posx":9,"posy":1,"amount":450},{"posx":0,"posy":2,"amount":50},{"posx":7,"posy":2,"amount":700},{"posx":15,"posy":3,"amount":250},{"posx":18,"posy":3,"amount":250},{"posx":20,"posy":3,"amount":750},{"posx":6,"posy":4,"amount":450},{"posx":2,"posy":5,"amount":650},{"posx":0,"posy":6,"amount":750},{"posx":6,"posy":6,"amount":100},{"posx":10,"posy":6,"amount":400},{"posx":6,"posy":7,"amount":50},{"posx":9,"posy":8,"amount":200},{"posx":11,"posy":8,"amount":200}],"changedObstacles":[]},{"players":[{"playerId":2344466,"score":700,"energy":21,"posx":20,"posy":6,"lastAction":4,"status":0},{"playerId":2268490,"score":500,"energy":27,"posx":12,"posy":6,"lastAction":0,"status":0},{"playerId":2422729,"score":275,"energy":32,"posx":12,"posy":6,"lastAction":4,"status":0},{"playerId":803122,"score":475,"energy":23,"posx":12,"posy":6,"lastAction":4,"status":0}],"golds":[{"posx":5,"posy":1,"amount":350},{"posx":7,"posy":1,"amount":150},{"posx":9,"posy":1,"amount":450},{"posx":0,"posy":2,"amount":50},{"posx":7,"posy":2,"amount":700},{"posx":15,"posy":3,"amount":250},{"posx":18,"posy":3,"amount":250},{"posx":20,"posy":3,"amount":750},{"posx":6,"posy":4,"amount":450},{"posx":2,"posy":5,"amount":650},{"posx":0,"posy":6,"amount":750},{"posx":6,"posy":6,"amount":100},{"posx":10,"posy":6,"amount":400},{"posx":6,"posy":7,"amount":50},{"posx":9,"posy":8,"amount":200},{"posx":11,"posy":8,"amount":200}],"changedObstacles":[]},{"players":[{"playerId":2344466,"score":700,"energy":37,"posx":20,"posy":6,"lastAction":4,"status":0},{"playerId":2268490,"score":500,"energy":12,"posx":11,"posy":6,"lastAction":0,"status":0},{"playerId":2422729,"score":275,"energy":50,"posx":12,"posy":6,"lastAction":4,"status":0},{"playerId":803122,"score":475,"energy":5,"posx":11,"posy":6,"lastAction":0,"status":0}],"golds":[{"posx":5,"posy":1,"amount":350},{"posx":7,"posy":1,"amount":150},{"posx":9,"posy":1,"amount":450},{"posx":0,"posy":2,"amount":50},{"posx":7,"posy":2,"amount":700},{"posx":15,"posy":3,"amount":250},{"posx":18,"posy":3,"amount":250},{"posx":20,"posy":3,"amount":750},{"posx":6,"posy":4,"amount":450},{"posx":2,"posy":5,"amount":650},{"posx":0,"posy":6,"amount":750},{"posx":6,"posy":6,"amount":100},{"posx":10,"posy":6,"amount":400},{"posx":6,"posy":7,"amount":50},{"posx":9,"posy":8,"amount":200},{"posx":11,"posy":8,"amount":200}],"changedObstacles":[]},{"players":[{"playerId":2344466,"score":700,"energy":50,"posx":20,"posy":6,"lastAction":4,"status":0},{"playerId":2268490,"score":500,"energy":8,"posx":10,"posy":6,"lastAction":0,"status":0},{"playerId":2422729,"score":275,"energy":40,"posx":12,"posy":5,"lastAction":2,"status":0},{"playerId":803122,"score":475,"energy":1,"posx":10,"posy":6,"lastAction":0,"status":0}],"golds":[{"posx":5,"posy":1,"amount":350},{"posx":7,"posy":1,"amount":150},{"posx":9,"posy":1,"amount":450},{"posx":0,"posy":2,"amount":50},{"posx":7,"posy":2,"amount":700},{"posx":15,"posy":3,"amount":250},{"posx":18,"posy":3,"amount":250},{"posx":20,"posy":3,"amount":750},{"posx":6,"posy":4,"amount":450},{"posx":2,"posy":5,"amount":650},{"posx":0,"posy":6,"amount":750},{"posx":6,"posy":6,"amount":100},{"posx":10,"posy":6,"amount":400},{"posx":6,"posy":7,"amount":50},{"posx":9,"posy":8,"amount":200},{"posx":11,"posy":8,"amount":200}],"changedObstacles":[{"type":0,"posx":12,"posy":5,"value":-1}]},{"players":[{"playerId":2344466,"score":700,"energy":39,"posx":20,"posy":5,"lastAction":2,"status":0},{"playerId":2268490,"score":500,"energy":20,"posx":10,"posy":6,"lastAction":4,"status":0},{"playerId":2422729,"score":275,"energy":39,"posx":11,"posy":5,"lastAction":0,"status":0},{"playerId":803122,"score":475,"energy":13,"posx":10,"posy":6,"lastAction":4,"status":0}],"golds":[{"posx":5,"posy":1,"amount":350},{"posx":7,"posy":1,"amount":150},{"posx":9,"posy":1,"amount":450},{"posx":0,"posy":2,"amount":50},{"posx":7,"posy":2,"amount":700},{"posx":15,"posy":3,"amount":250},{"posx":18,"posy":3,"amount":250},{"posx":20,"posy":3,"amount":750},{"posx":6,"posy":4,"amount":450},{"posx":2,"posy":5,"amount":650},{"posx":0,"posy":6,"amount":750},{"posx":6,"posy":6,"amount":100},{"posx":10,"posy":6,"amount":400},{"posx":6,"posy":7,"amount":50},{"posx":9,"posy":8,"amount":200},{"posx":11,"posy":8,"amount":200}],"changedObstacles":[]},{"players":[{"playerId":2344466,"score":700,"energy":38,"posx":20,"posy":4,"lastAction":2,"status":0},{"playerId":2268490,"score":500,"energy":36,"posx":10,"posy":6,"lastAction":4,"status":0},{"playerId":2422729,"score":275,"energy":38,"posx":11,"posy":4,"lastAction":2,"status":0},{"playerId":803122,"score":525,"energy":8,"posx":10,"posy":6,"lastAction":5,"status":0}],"golds":[{"posx":5,"posy":1,"amount":350},{"posx":7,"posy":1,"amount":150},{"posx":9,"posy":1,"amount":450},{"posx":0,"posy":2,"amount":50},{"posx":7,"posy":2,"amount":700},{"posx":15,"posy":3,"amount":250},{"posx":18,"posy":3,"amount":250},{"posx":20,"posy":3,"amount":750},{"posx":6,"posy":4,"amount":450},{"posx":2,"posy":5,"amount":650},{"posx":0,"posy":6,"amount":750},{"posx":6,"posy":6,"amount":100},{"posx":10,"posy":6,"amount":350},{"posx":6,"posy":7,"amount":50},{"posx":9,"posy":8,"amount":200},{"posx":11,"posy":8,"amount":200}],"changedObstacles":[]},{"players":[{"playerId":2344466,"score":700,"energy":34,"posx":20,"posy":3,"lastAction":2,"status":0},{"playerId":2268490,"score":550,"energy":31,"posx":10,"posy":6,"lastAction":5,"status":0},{"playerId":2422729,"score":275,"energy":33,"posx":10,"posy":4,"lastAction":0,"status":0},{"playerId":803122,"score":575,"energy":3,"posx":10,"posy":6,"lastAction":5,"status":0}],"golds":[{"posx":5,"posy":1,"amount":350},{"posx":7,"posy":1,"amount":150},{"posx":9,"posy":1,"amount":450},{"posx":0,"posy":2,"amount":50},{"posx":7,"posy":2,"amount":700},{"posx":15,"posy":3,"amount":250},{"posx":18,"posy":3,"amount":250},{"posx":20,"posy":3,"amount":750},{"posx":6,"posy":4,"amount":450},{"posx":2,"posy":5,"amount":650},{"posx":0,"posy":6,"amount":750},{"posx":6,"posy":6,"amount":100},{"posx":10,"posy":6,"amount":250},{"posx":6,"posy":7,"amount":50},{"posx":9,"posy":8,"amount":200},{"posx":11,"posy":8,"amount":200}],"changedObstacles":[{"type":3,"posx":10,"posy":4,"value":-20}]},{"players":[{"playerId":2344466,"score":750,"energy":29,"posx":20,"posy":3,"lastAction":5,"status":0},{"playerId":2268490,"score":600,"energy":26,"posx":10,"posy":6,"lastAction":5,"status":0},{"playerId":2422729,"score":275,"energy":28,"posx":9,"posy":4,"lastAction":0,"status":0},{"playerId":803122,"score":575,"energy":15,"posx":10,"posy":6,"lastAction":4,"status":0}],"golds":[{"posx":5,"posy":1,"amount":350},{"posx":7,"posy":1,"amount":150},{"posx":9,"posy":1,"amount":450},{"posx":0,"posy":2,"amount":50},{"posx":7,"posy":2,"amount":700},{"posx":15,"posy":3,"amount":250},{"posx":18,"posy":3,"amount":250},{"posx":20,"posy":3,"amount":700},{"posx":6,"posy":4,"amount":450},{"posx":2,"posy":5,"amount":650},{"posx":0,"posy":6,"amount":750},{"posx":6,"posy":6,"amount":100},{"posx":10,"posy":6,"amount":200},{"posx":6,"posy":7,"amount":50},{"posx":9,"posy":8,"amount":200},{"posx":11,"posy":8,"amount":200}],"changedObstacles":[{"type":3,"posx":9,"posy":4,"value":-20}]},{"players":[{"playerId":2344466,"score":800,"energy":24,"posx":20,"posy":3,"lastAction":5,"status":0},{"playerId":2268490,"score":650,"energy":21,"posx":10,"posy":6,"lastAction":5,"status":0},{"playerId":2422729,"score":275,"energy":27,"posx":8,"posy":4,"lastAction":0,"status":0},{"playerId":803122,"score":625,"energy":10,"posx":10,"posy":6,"lastAction":5,"status":0}],"golds":[{"posx":5,"posy":1,"amount":350},{"posx":7,"posy":1,"amount":150},{"posx":9,"posy":1,"amount":450},{"posx":0,"posy":2,"amount":50},{"posx":7,"posy":2,"amount":700},{"posx":15,"posy":3,"amount":250},{"posx":18,"posy":3,"amount":250},{"posx":20,"posy":3,"amount":650},{"posx":6,"posy":4,"amount":450},{"posx":2,"posy":5,"amount":650},{"posx":0,"posy":6,"amount":750},{"posx":6,"posy":6,"amount":100},{"posx":10,"posy":6,"amount":100},{"posx":6,"posy":7,"amount":50},{"posx":9,"posy":8,"amount":200},{"posx":11,"posy":8,"amount":200}],"changedObstacles":[]},{"players":[{"playerId":2344466,"score":850,"energy":19,"posx":20,"posy":3,"lastAction":5,"status":0},{"playerId":2268490,"score":700,"energy":16,"posx":10,"posy":6,"lastAction":5,"status":0},{"playerId":2422729,"score":275,"energy":26,"posx":7,"posy":4,"lastAction":0,"status":0},{"playerId":803122,"score":675,"energy":5,"posx":10,"posy":6,"lastAction":5,"status":0}],"golds":[{"posx":5,"posy":1,"amount":350},{"posx":7,"posy":1,"amount":150},{"posx":9,"posy":1,"amount":450},{"posx":0,"posy":2,"amount":50},{"posx":7,"posy":2,"amount":700},{"posx":15,"posy":3,"amount":250},{"posx":18,"posy":3,"amount":250},{"posx":20,"posy":3,"amount":600},{"posx":6,"posy":4,"amount":450},{"posx":2,"posy":5,"amount":650},{"posx":0,"posy":6,"amount":750},{"posx":6,"posy":6,"amount":100},{"posx":6,"posy":7,"amount":50},{"posx":9,"posy":8,"amount":200},{"posx":11,"posy":8,"amount":200}],"changedObstacles":[{"type":0,"posx":10,"posy":6,"value":-1}]},{"players":[{"playerId":2344466,"score":900,"energy":14,"posx":20,"posy":3,"lastAction":5,"status":0},{"playerId":2268490,"score":700,"energy":15,"posx":10,"posy":7,"lastAction":3,"status":0},{"playerId":2422729,"score":275,"energy":22,"posx":6,"posy":4,"lastAction":0,"status":0},{"playerId":803122,"score":675,"energy":17,"posx":10,"posy":6,"lastAction":4,"status":0}],"golds":[{"posx":5,"posy":1,"amount":350},{"posx":7,"posy":1,"amount":150},{"posx":9,"posy":1,"amount":450},{"posx":0,"posy":2,"amount":50},{"posx":7,"posy":2,"amount":700},{"posx":15,"posy":3,"amount":250},{"posx":18,"posy":3,"amount":250},{"posx":20,"posy":3,"amount":550},{"posx":6,"posy":4,"amount":450},{"posx":2,"posy":5,"amount":650},{"posx":0,"posy":6,"amount":750},{"posx":6,"posy":6,"amount":100},{"posx":6,"posy":7,"amount":50},{"posx":9,"posy":8,"amount":200},{"posx":11,"posy":8,"amount":200}],"changedObstacles":[]},{"players":[{"playerId":2344466,"score":950,"energy":9,"posx":20,"posy":3,"lastAction":5,"status":0},{"playerId":2268490,"score":700,"energy":14,"posx":10,"posy":8,"lastAction":3,"status":0},{"playerId":2422729,"score":325,"energy":17,"posx":6,"posy":4,"lastAction":5,"status":0},{"playerId":803122,"score":675,"energy":33,"posx":10,"posy":6,"lastAction":4,"status":0}],"golds":[{"posx":5,"posy":1,"amount":350},{"posx":7,"posy":1,"amount":150},{"posx":9,"posy":1,"amount":450},{"posx":0,"posy":2,"amount":50},{"posx":7,"posy":2,"amount":700},{"posx":15,"posy":3,"amount":250},{"posx":18,"posy":3,"amount":250},{"posx":20,"posy":3,"amount":500},{"posx":6,"posy":4,"amount":400},{"posx":2,"posy":5,"amount":650},{"posx":0,"posy":6,"amount":750},{"posx":6,"posy":6,"amount":100},{"posx":6,"posy":7,"amount":50},{"posx":9,"posy":8,"amount":200},{"posx":11,"posy":8,"amount":200}],"changedObstacles":[]},{"players":[{"playerId":2344466,"score":1000,"energy":4,"posx":20,"posy":3,"lastAction":5,"status":0},{"playerId":2268490,"score":700,"energy":10,"posx":9,"posy":8,"lastAction":0,"status":0},{"playerId":2422729,"score":375,"energy":12,"posx":6,"posy":4,"lastAction":5,"status":0},{"playerId":803122,"score":675,"energy":24,"posx":10,"posy":5,"lastAction":2,"status":0}],"golds":[{"posx":5,"posy":1,"amount":350},{"posx":7,"posy":1,"amount":150},{"posx":9,"posy":1,"amount":450},{"posx":0,"posy":2,"amount":50},{"posx":7,"posy":2,"amount":700},{"posx":15,"posy":3,"amount":250},{"posx":18,"posy":3,"amount":250},{"posx":20,"posy":3,"amount":450},{"posx":6,"posy":4,"amount":350},{"posx":2,"posy":5,"amount":650},{"posx":0,"posy":6,"amount":750},{"posx":6,"posy":6,"amount":100},{"posx":6,"posy":7,"amount":50},{"posx":9,"posy":8,"amount":200},{"posx":11,"posy":8,"amount":200}],"changedObstacles":[]},{"players":[{"playerId":2344466,"score":1000,"energy":16,"posx":20,"posy":3,"lastAction":4,"status":0},{"playerId":2268490,"score":700,"energy":22,"posx":9,"posy":8,"lastAction":4,"status":0},{"playerId":2422729,"score":425,"energy":7,"posx":6,"posy":4,"lastAction":5,"status":0},{"playerId":803122,"score":675,"energy":23,"posx":11,"posy":5,"lastAction":1,"status":0}],"golds":[{"posx":5,"posy":1,"amount":350},{"posx":7,"posy":1,"amount":150},{"posx":9,"posy":1,"amount":450},{"posx":0,"posy":2,"amount":50},{"posx":7,"posy":2,"amount":700},{"posx":15,"posy":3,"amount":250},{"posx":18,"posy":3,"amount":250},{"posx":20,"posy":3,"amount":450},{"posx":6,"posy":4,"amount":300},{"posx":2,"posy":5,"amount":650},{"posx":0,"posy":6,"amount":750},{"posx":6,"posy":6,"amount":100},{"posx":6,"posy":7,"amount":50},{"posx":9,"posy":8,"amount":200},{"posx":11,"posy":8,"amount":200}],"changedObstacles":[]},{"players":[{"playerId":2344466,"score":1000,"energy":32,"posx":20,"posy":3,"lastAction":4,"status":0},{"playerId":2268490,"score":700,"energy":38,"posx":9,"posy":8,"lastAction":4,"status":0},{"playerId":2422729,"score":475,"energy":2,"posx":6,"posy":4,"lastAction":5,"status":0},{"playerId":803122,"score":675,"energy":22,"posx":11,"posy":4,"lastAction":2,"status":0}],"golds":[{"posx":5,"posy":1,"amount":350},{"posx":7,"posy":1,"amount":150},{"posx":9,"posy":1,"amount":450},{"posx":0,"posy":2,"amount":50},{"posx":7,"posy":2,"amount":700},{"posx":15,"posy":3,"amount":250},{"posx":18,"posy":3,"amount":250},{"posx":20,"posy":3,"amount":450},{"posx":6,"posy":4,"amount":250},{"posx":2,"posy":5,"amount":650},{"posx":0,"posy":6,"amount":750},{"posx":6,"posy":6,"amount":100},{"posx":6,"posy":7,"amount":50},{"posx":9,"posy":8,"amount":200},{"posx":11,"posy":8,"amount":200}],"changedObstacles":[]},{"players":[{"playerId":2344466,"score":1000,"energy":50,"posx":20,"posy":3,"lastAction":4,"status":0},{"playerId":2268490,"score":750,"energy":33,"posx":9,"posy":8,"lastAction":5,"status":0},{"playerId":2422729,"score":475,"energy":14,"posx":6,"posy":4,"lastAction":4,"status":0},{"playerId":803122,"score":675,"energy":2,"posx":10,"posy":4,"lastAction":0,"status":0}],"golds":[{"posx":5,"posy":1,"amount":350},{"posx":7,"posy":1,"amount":150},{"posx":9,"posy":1,"amount":450},{"posx":0,"posy":2,"amount":50},{"posx":7,"posy":2,"amount":700},{"posx":15,"posy":3,"amount":250},{"posx":18,"posy":3,"amount":250},{"posx":20,"posy":3,"amount":450},{"posx":6,"posy":4,"amount":250},{"posx":2,"posy":5,"amount":650},{"posx":0,"posy":6,"amount":750},{"posx":6,"posy":6,"amount":100},{"posx":6,"posy":7,"amount":50},{"posx":9,"posy":8,"amount":150},{"posx":11,"posy":8,"amount":200}],"changedObstacles":[{"type":3,"posx":10,"posy":4,"value":-40}]},{"players":[{"playerId":2344466,"score":1050,"energy":45,"posx":20,"posy":3,"lastAction":5,"status":0},{"playerId":2268490,"score":800,"energy":28,"posx":9,"posy":8,"lastAction":5,"status":0},{"playerId":2422729,"score":475,"energy":30,"posx":6,"posy":4,"lastAction":4,"status":0},{"playerId":803122,"score":675,"energy":1,"posx":10,"posy":3,"lastAction":2,"status":0}],"golds":[{"posx":5,"posy":1,"amount":350},{"posx":7,"posy":1,"amount":150},{"posx":9,"posy":1,"amount":450},{"posx":0,"posy":2,"amount":50},{"posx":7,"posy":2,"amount":700},{"posx":15,"posy":3,"amount":250},{"posx":18,"posy":3,"amount":250},{"posx":20,"posy":3,"amount":400},{"posx":6,"posy":4,"amount":250},{"posx":2,"posy":5,"amount":650},{"posx":0,"posy":6,"amount":750},{"posx":6,"posy":6,"amount":100},{"posx":6,"posy":7,"amount":50},{"posx":9,"posy":8,"amount":100},{"posx":11,"posy":8,"amount":200}],"changedObstacles":[]},{"players":[{"playerId":2344466,"score":1100,"energy":40,"posx":20,"posy":3,"lastAction":5,"status":0},{"playerId":2268490,"score":850,"energy":23,"posx":9,"posy":8,"lastAction":5,"status":0},{"playerId":2422729,"score":475,"energy":50,"posx":6,"posy":4,"lastAction":4,"status":0},{"playerId":803122,"score":675,"energy":13,"posx":10,"posy":3,"lastAction":4,"status":0}],"golds":[{"posx":5,"posy":1,"amount":350},{"posx":7,"posy":1,"amount":150},{"posx":9,"posy":1,"amount":450},{"posx":0,"posy":2,"amount":50},{"posx":7,"posy":2,"amount":700},{"posx":15,"posy":3,"amount":250},{"posx":18,"posy":3,"amount":250},{"posx":20,"posy":3,"amount":350},{"posx":6,"posy":4,"amount":250},{"posx":2,"posy":5,"amount":650},{"posx":0,"posy":6,"amount":750},{"posx":6,"posy":6,"amount":100},{"posx":6,"posy":7,"amount":50},{"posx":9,"posy":8,"amount":50},{"posx":11,"posy":8,"amount":200}],"changedObstacles":[]},{"players":[{"playerId":2344466,"score":1150,"energy":35,"posx":20,"posy":3,"lastAction":5,"status":0},{"playerId":2268490,"score":900,"energy":18,"posx":9,"posy":8,"lastAction":5,"status":0},{"playerId":2422729,"score":525,"energy":45,"posx":6,"posy":4,"lastAction":5,"status":0},{"playerId":803122,"score":675,"energy":12,"posx":9,"posy":3,"lastAction":0,"status":0}],"golds":[{"posx":5,"posy":1,"amount":350},{"posx":7,"posy":1,"amount":150},{"posx":9,"posy":1,"amount":450},{"posx":0,"posy":2,"amount":50},{"posx":7,"posy":2,"amount":700},{"posx":15,"posy":3,"amount":250},{"posx":18,"posy":3,"amount":250},{"posx":20,"posy":3,"amount":300},{"posx":6,"posy":4,"amount":200},{"posx":2,"posy":5,"amount":650},{"posx":0,"posy":6,"amount":750},{"posx":6,"posy":6,"amount":100},{"posx":6,"posy":7,"amount":50},{"posx":11,"posy":8,"amount":200}],"changedObstacles":[{"type":0,"posx":9,"posy":8,"value":-1}]},{"players":[{"playerId":2344466,"score":1200,"energy":30,"posx":20,"posy":3,"lastAction":5,"status":0},{"playerId":2268490,"score":900,"energy":17,"posx":10,"posy":8,"lastAction":1,"status":0},{"playerId":2422729,"score":575,"energy":40,"posx":6,"posy":4,"lastAction":5,"status":0},{"playerId":803122,"score":675,"energy":11,"posx":9,"posy":2,"lastAction":2,"status":0}],"golds":[{"posx":5,"posy":1,"amount":350},{"posx":7,"posy":1,"amount":150},{"posx":9,"posy":1,"amount":450},{"posx":0,"posy":2,"amount":50},{"posx":7,"posy":2,"amount":700},{"posx":15,"posy":3,"amount":250},{"posx":18,"posy":3,"amount":250},{"posx":20,"posy":3,"amount":250},{"posx":6,"posy":4,"amount":150},{"posx":2,"posy":5,"amount":650},{"posx":0,"posy":6,"amount":750},{"posx":6,"posy":6,"amount":100},{"posx":6,"posy":7,"amount":50},{"posx":11,"posy":8,"amount":200}],"changedObstacles":[]},{"players":[{"playerId":2344466,"score":1250,"energy":25,"posx":20,"posy":3,"lastAction":5,"status":0},{"playerId":2268490,"score":900,"energy":13,"posx":11,"posy":8,"lastAction":1,"status":0},{"playerId":2422729,"score":625,"energy":35,"posx":6,"posy":4,"lastAction":5,"status":0},{"playerId":803122,"score":675,"energy":7,"posx":9,"posy":1,"lastAction":2,"status":0}],"golds":[{"posx":5,"posy":1,"amount":350},{"posx":7,"posy":1,"amount":150},{"posx":9,"posy":1,"amount":450},{"posx":0,"posy":2,"amount":50},{"posx":7,"posy":2,"amount":700},{"posx":15,"posy":3,"amount":250},{"posx":18,"posy":3,"amount":250},{"posx":20,"posy":3,"amount":200},{"posx":6,"posy":4,"amount":100},{"posx":2,"posy":5,"amount":650},{"posx":0,"posy":6,"amount":750},{"posx":6,"posy":6,"amount":100},{"posx":6,"posy":7,"amount":50},{"posx":11,"posy":8,"amount":200}],"changedObstacles":[]},{"players":[{"playerId":2344466,"score":1300,"energy":20,"posx":20,"posy":3,"lastAction":5,"status":0},{"playerId":2268490,"score":950,"energy":8,"posx":11,"posy":8,"lastAction":5,"status":0},{"playerId":2422729,"score":675,"energy":30,"posx":6,"posy":4,"lastAction":5,"status":0},{"playerId":803122,"score":725,"energy":2,"posx":9,"posy":1,"lastAction":5,"status":0}],"golds":[{"posx":5,"posy":1,"amount":350},{"posx":7,"posy":1,"amount":150},{"posx":9,"posy":1,"amount":400},{"posx":0,"posy":2,"amount":50},{"posx":7,"posy":2,"amount":700},{"posx":15,"posy":3,"amount":250},{"posx":18,"posy":3,"amount":250},{"posx":20,"posy":3,"amount":150},{"posx":6,"posy":4,"amount":50},{"posx":2,"posy":5,"amount":650},{"posx":0,"posy":6,"amount":750},{"posx":6,"posy":6,"amount":100},{"posx":6,"posy":7,"amount":50},{"posx":11,"posy":8,"amount":150}],"changedObstacles":[]},{"players":[{"playerId":2344466,"score":1350,"energy":15,"posx":20,"posy":3,"lastAction":5,"status":0},{"playerId":2268490,"score":950,"energy":20,"posx":11,"posy":8,"lastAction":4,"status":0},{"playerId":2422729,"score":725,"energy":25,"posx":6,"posy":4,"lastAction":5,"status":0},{"playerId":803122,"score":725,"energy":14,"posx":9,"posy":1,"lastAction":4,"status":0}],"golds":[{"posx":5,"posy":1,"amount":350},{"posx":7,"posy":1,"amount":150},{"posx":9,"posy":1,"amount":400},{"posx":0,"posy":2,"amount":50},{"posx":7,"posy":2,"amount":700},{"posx":15,"posy":3,"amount":250},{"posx":18,"posy":3,"amount":250},{"posx":20,"posy":3,"amount":100},{"posx":2,"posy":5,"amount":650},{"posx":0,"posy":6,"amount":750},{"posx":6,"posy":6,"amount":100},{"posx":6,"posy":7,"amount":50},{"posx":11,"posy":8,"amount":150}],"changedObstacles":[{"type":0,"posx":6,"posy":4,"value":-1}]},{"players":[{"playerId":2344466,"score":1400,"energy":10,"posx":20,"posy":3,"lastAction":5,"status":0},{"playerId":2268490,"score":950,"energy":36,"posx":11,"posy":8,"lastAction":4,"status":0},{"playerId":2422729,"score":725,"energy":24,"posx":5,"posy":4,"lastAction":0,"status":0},{"playerId":803122,"score":775,"energy":9,"posx":9,"posy":1,"lastAction":5,"status":0}],"golds":[{"posx":5,"posy":1,"amount":350},{"posx":7,"posy":1,"amount":150},{"posx":9,"posy":1,"amount":350},{"posx":0,"posy":2,"amount":50},{"posx":7,"posy":2,"amount":700},{"posx":15,"posy":3,"amount":250},{"posx":18,"posy":3,"amount":250},{"posx":20,"posy":3,"amount":50},{"posx":2,"posy":5,"amount":650},{"posx":0,"posy":6,"amount":750},{"posx":6,"posy":6,"amount":100},{"posx":6,"posy":7,"amount":50},{"posx":11,"posy":8,"amount":150}],"changedObstacles":[]},{"players":[{"playerId":2344466,"score":1450,"energy":5,"posx":20,"posy":3,"lastAction":5,"status":0},{"playerId":2268490,"score":1000,"energy":31,"posx":11,"posy":8,"lastAction":5,"status":0},{"playerId":2422729,"score":725,"energy":23,"posx":4,"posy":4,"lastAction":0,"status":0},{"playerId":803122,"score":825,"energy":4,"posx":9,"posy":1,"lastAction":5,"status":0}],"golds":[{"posx":5,"posy":1,"amount":350},{"posx":7,"posy":1,"amount":150},{"posx":9,"posy":1,"amount":300},{"posx":0,"posy":2,"amount":50},{"posx":7,"posy":2,"amount":700},{"posx":15,"posy":3,"amount":250},{"posx":18,"posy":3,"amount":250},{"posx":2,"posy":5,"amount":650},{"posx":0,"posy":6,"amount":750},{"posx":6,"posy":6,"amount":100},{"posx":6,"posy":7,"amount":50},{"posx":11,"posy":8,"amount":100}],"changedObstacles":[{"type":0,"posx":20,"posy":3,"value":-1}]},{"players":[{"playerId":2344466,"score":1450,"energy":4,"posx":19,"posy":3,"lastAction":0,"status":0},{"playerId":2268490,"score":1050,"energy":26,"posx":11,"posy":8,"lastAction":5,"status":0},{"playerId":2422729,"score":725,"energy":22,"posx":3,"posy":4,"lastAction":0,"status":0},{"playerId":803122,"score":825,"energy":16,"posx":9,"posy":1,"lastAction":4,"status":0}],"golds":[{"posx":5,"posy":1,"amount":350},{"posx":7,"posy":1,"amount":150},{"posx":9,"posy":1,"amount":300},{"posx":0,"posy":2,"amount":50},{"posx":7,"posy":2,"amount":700},{"posx":15,"posy":3,"amount":250},{"posx":18,"posy":3,"amount":250},{"posx":2,"posy":5,"amount":650},{"posx":0,"posy":6,"amount":750},{"posx":6,"posy":6,"amount":100},{"posx":6,"posy":7,"amount":50},{"posx":11,"posy":8,"amount":50}],"changedObstacles":[]},{"players":[{"playerId":2344466,"score":1450,"energy":16,"posx":19,"posy":3,"lastAction":4,"status":0},{"playerId":2268490,"score":1100,"energy":21,"posx":11,"posy":8,"lastAction":5,"status":0},{"playerId":2422729,"score":725,"energy":21,"posx":2,"posy":4,"lastAction":0,"status":0},{"playerId":803122,"score":875,"energy":11,"posx":9,"posy":1,"lastAction":5,"status":0}],"golds":[{"posx":5,"posy":1,"amount":350},{"posx":7,"posy":1,"amount":150},{"posx":9,"posy":1,"amount":250},{"posx":0,"posy":2,"amount":50},{"posx":7,"posy":2,"amount":700},{"posx":15,"posy":3,"amount":250},{"posx":18,"posy":3,"amount":250},{"posx":2,"posy":5,"amount":650},{"posx":0,"posy":6,"amount":750},{"posx":6,"posy":6,"amount":100},{"posx":6,"posy":7,"amount":50}],"changedObstacles":[{"type":0,"posx":11,"posy":8,"value":-1}]},{"players":[{"playerId":2344466,"score":1450,"energy":32,"posx":19,"posy":3,"lastAction":4,"status":0},{"playerId":2268490,"score":1100,"energy":20,"posx":10,"posy":8,"lastAction":0,"status":0},{"playerId":2422729,"score":725,"energy":17,"posx":2,"posy":5,"lastAction":3,"status":0},{"playerId":803122,"score":925,"energy":6,"posx":9,"posy":1,"lastAction":5,"status":0}],"golds":[{"posx":5,"posy":1,"amount":350},{"posx":7,"posy":1,"amount":150},{"posx":9,"posy":1,"amount":200},{"posx":0,"posy":2,"amount":50},{"posx":7,"posy":2,"amount":700},{"posx":15,"posy":3,"amount":250},{"posx":18,"posy":3,"amount":250},{"posx":2,"posy":5,"amount":650},{"posx":0,"posy":6,"amount":750},{"posx":6,"posy":6,"amount":100},{"posx":6,"posy":7,"amount":50}],"changedObstacles":[]},{"players":[{"playerId":2344466,"score":1450,"energy":50,"posx":19,"posy":3,"lastAction":4,"status":0},{"playerId":2268490,"score":1100,"energy":19,"posx":9,"posy":8,"lastAction":0,"status":0},{"playerId":2422729,"score":775,"energy":12,"posx":2,"posy":5,"lastAction":5,"status":0},{"playerId":803122,"score":975,"energy":1,"posx":9,"posy":1,"lastAction":5,"status":0}],"golds":[{"posx":5,"posy":1,"amount":350},{"posx":7,"posy":1,"amount":150},{"posx":9,"posy":1,"amount":150},{"posx":0,"posy":2,"amount":50},{"posx":7,"posy":2,"amount":700},{"posx":15,"posy":3,"amount":250},{"posx":18,"posy":3,"amount":250},{"posx":2,"posy":5,"amount":600},{"posx":0,"posy":6,"amount":750},{"posx":6,"posy":6,"amount":100},{"posx":6,"posy":7,"amount":50}],"changedObstacles":[]},{"players":[{"playerId":2344466,"score":1450,"energy":46,"posx":18,"posy":3,"lastAction":0,"status":0},{"playerId":2268490,"score":1100,"energy":18,"posx":8,"posy":8,"lastAction":0,"status":0},{"playerId":2422729,"score":825,"energy":7,"posx":2,"posy":5,"lastAction":5,"status":0},{"playerId":803122,"score":975,"energy":13,"posx":9,"posy":1,"lastAction":4,"status":0}],"golds":[{"posx":5,"posy":1,"amount":350},{"posx":7,"posy":1,"amount":150},{"posx":9,"posy":1,"amount":150},{"posx":0,"posy":2,"amount":50},{"posx":7,"posy":2,"amount":700},{"posx":15,"posy":3,"amount":250},{"posx":18,"posy":3,"amount":250},{"posx":2,"posy":5,"amount":550},{"posx":0,"posy":6,"amount":750},{"posx":6,"posy":6,"amount":100},{"posx":6,"posy":7,"amount":50}],"changedObstacles":[]},{"players":[{"playerId":2344466,"score":1500,"energy":41,"posx":18,"posy":3,"lastAction":5,"status":0},{"playerId":2268490,"score":1100,"energy":17,"posx":7,"posy":8,"lastAction":0,"status":0},{"playerId":2422729,"score":875,"energy":2,"posx":2,"posy":5,"lastAction":5,"status":0},{"playerId":803122,"score":1025,"energy":8,"posx":9,"posy":1,"lastAction":5,"status":0}],"golds":[{"posx":5,"posy":1,"amount":350},{"posx":7,"posy":1,"amount":150},{"posx":9,"posy":1,"amount":100},{"posx":0,"posy":2,"amount":50},{"posx":7,"posy":2,"amount":700},{"posx":15,"posy":3,"amount":250},{"posx":18,"posy":3,"amount":200},{"posx":2,"posy":5,"amount":500},{"posx":0,"posy":6,"amount":750},{"posx":6,"posy":6,"amount":100},{"posx":6,"posy":7,"amount":50}],"changedObstacles":[]},{"players":[{"playerId":2344466,"score":1550,"energy":36,"posx":18,"posy":3,"lastAction":5,"status":0},{"playerId":2268490,"score":1100,"energy":16,"posx":7,"posy":7,"lastAction":2,"status":0},{"playerId":2422729,"score":875,"energy":14,"posx":2,"posy":5,"lastAction":4,"status":0},{"playerId":803122,"score":1075,"energy":3,"posx":9,"posy":1,"lastAction":5,"status":0}],"golds":[{"posx":5,"posy":1,"amount":350},{"posx":7,"posy":1,"amount":150},{"posx":9,"posy":1,"amount":50},{"posx":0,"posy":2,"amount":50},{"posx":7,"posy":2,"amount":700},{"posx":15,"posy":3,"amount":250},{"posx":18,"posy":3,"amount":150},{"posx":2,"posy":5,"amount":500},{"posx":0,"posy":6,"amount":750},{"posx":6,"posy":6,"amount":100},{"posx":6,"posy":7,"amount":50}],"changedObstacles":[]},{"players":[{"playerId":2344466,"score":1600,"energy":31,"posx":18,"posy":3,"lastAction":5,"status":0},{"playerId":2268490,"score":1100,"energy":12,"posx":6,"posy":7,"lastAction":0,"status":0},{"playerId":2422729,"score":875,"energy":30,"posx":2,"posy":5,"lastAction":4,"status":0},{"playerId":803122,"score":1075,"energy":15,"posx":9,"posy":1,"lastAction":4,"status":0}],"golds":[{"posx":5,"posy":1,"amount":350},{"posx":7,"posy":1,"amount":150},{"posx":9,"posy":1,"amount":50},{"posx":0,"posy":2,"amount":50},{"posx":7,"posy":2,"amount":700},{"posx":15,"posy":3,"amount":250},{"posx":18,"posy":3,"amount":100},{"posx":2,"posy":5,"amount":500},{"posx":0,"posy":6,"amount":750},{"posx":6,"posy":6,"amount":100},{"posx":6,"posy":7,"amount":50}],"changedObstacles":[]},{"players":[{"playerId":2344466,"score":1650,"energy":26,"posx":18,"posy":3,"lastAction":5,"status":0},{"playerId":2268490,"score":1150,"energy":7,"posx":6,"posy":7,"lastAction":5,"status":0},{"playerId":2422729,"score":875,"energy":50,"posx":2,"posy":5,"lastAction":4,"status":0},{"playerId":803122,"score":1125,"energy":10,"posx":9,"posy":1,"lastAction":5,"status":0}],"golds":[{"posx":5,"posy":1,"amount":350},{"posx":7,"posy":1,"amount":150},{"posx":0,"posy":2,"amount":50},{"posx":7,"posy":2,"amount":700},{"posx":15,"posy":3,"amount":250},{"posx":18,"posy":3,"amount":50},{"posx":2,"posy":5,"amount":500},{"posx":0,"posy":6,"amount":750},{"posx":6,"posy":6,"amount":100}],"changedObstacles":[{"type":0,"posx":6,"posy":7,"value":-1},{"type":0,"posx":9,"posy":1,"value":-1}]},{"players":[{"playerId":2344466,"score":1700,"energy":21,"posx":18,"posy":3,"lastAction":5,"status":0},{"playerId":2268490,"score":1150,"energy":3,"posx":6,"posy":6,"lastAction":2,"status":0},{"playerId":2422729,"score":925,"energy":45,"posx":2,"posy":5,"lastAction":5,"status":0},{"playerId":803122,"score":1125,"energy":9,"posx":8,"posy":1,"lastAction":0,"status":0}],"golds":[{"posx":5,"posy":1,"amount":350},{"posx":7,"posy":1,"amount":150},{"posx":0,"posy":2,"amount":50},{"posx":7,"posy":2,"amount":700},{"posx":15,"posy":3,"amount":250},{"posx":2,"posy":5,"amount":450},{"posx":0,"posy":6,"amount":750},{"posx":6,"posy":6,"amount":100}],"changedObstacles":[{"type":0,"posx":18,"posy":3,"value":-1}]},{"players":[{"playerId":2344466,"score":1700,"energy":10,"posx":17,"posy":3,"lastAction":0,"status":0},{"playerId":2268490,"score":1150,"energy":15,"posx":6,"posy":6,"lastAction":4,"status":0},{"playerId":2422729,"score":975,"energy":40,"posx":2,"posy":5,"lastAction":5,"status":0},{"playerId":803122,"score":1125,"energy":5,"posx":7,"posy":1,"lastAction":0,"status":0}],"golds":[{"posx":5,"posy":1,"amount":350},{"posx":7,"posy":1,"amount":150},{"posx":0,"posy":2,"amount":50},{"posx":7,"posy":2,"amount":700},{"posx":15,"posy":3,"amount":250},{"posx":2,"posy":5,"amount":400},{"posx":0,"posy":6,"amount":750},{"posx":6,"posy":6,"amount":100}],"changedObstacles":[]},{"players":[{"playerId":2344466,"score":1700,"energy":22,"posx":17,"posy":3,"lastAction":4,"status":0},{"playerId":2268490,"score":1150,"energy":31,"posx":6,"posy":6,"lastAction":4,"status":0},{"playerId":2422729,"score":1025,"energy":35,"posx":2,"posy":5,"lastAction":5,"status":0},{"playerId":803122,"score":1125,"energy":17,"posx":7,"posy":1,"lastAction":4,"status":0}],"golds":[{"posx":5,"posy":1,"amount":350},{"posx":7,"posy":1,"amount":150},{"posx":0,"posy":2,"amount":50},{"posx":7,"posy":2,"amount":700},{"posx":15,"posy":3,"amount":250},{"posx":2,"posy":5,"amount":350},{"posx":0,"posy":6,"amount":750},{"posx":6,"posy":6,"amount":100}],"changedObstacles":[]},{"players":[{"playerId":2344466,"score":1700,"energy":38,"posx":17,"posy":3,"lastAction":4,"status":0},{"playerId":2268490,"score":1200,"energy":26,"posx":6,"posy":6,"lastAction":5,"status":0},{"playerId":2422729,"score":1075,"energy":30,"posx":2,"posy":5,"lastAction":5,"status":0},{"playerId":803122,"score":1175,"energy":12,"posx":7,"posy":1,"lastAction":5,"status":0}],"golds":[{"posx":5,"posy":1,"amount":350},{"posx":7,"posy":1,"amount":100},{"posx":0,"posy":2,"amount":50},{"posx":7,"posy":2,"amount":700},{"posx":15,"posy":3,"amount":250},{"posx":2,"posy":5,"amount":300},{"posx":0,"posy":6,"amount":750},{"posx":6,"posy":6,"amount":50}],"changedObstacles":[]},{"players":[{"playerId":2344466,"score":1700,"energy":50,"posx":17,"posy":3,"lastAction":4,"status":0},{"playerId":2268490,"score":1250,"energy":21,"posx":6,"posy":6,"lastAction":5,"status":0},{"playerId":2422729,"score":1125,"energy":25,"posx":2,"posy":5,"lastAction":5,"status":0},{"playerId":803122,"score":1225,"energy":7,"posx":7,"posy":1,"lastAction":5,"status":0}],"golds":[{"posx":5,"posy":1,"amount":350},{"posx":7,"posy":1,"amount":50},{"posx":0,"posy":2,"amount":50},{"posx":7,"posy":2,"amount":700},{"posx":15,"posy":3,"amount":250},{"posx":2,"posy":5,"amount":250},{"posx":0,"posy":6,"amount":750}],"changedObstacles":[{"type":0,"posx":6,"posy":6,"value":-1}]},{"players":[{"playerId":2344466,"score":1700,"energy":37,"posx":16,"posy":3,"lastAction":0,"status":0},{"playerId":2268490,"score":1250,"energy":20,"posx":6,"posy":5,"lastAction":2,"status":0},{"playerId":2422729,"score":1175,"energy":20,"posx":2,"posy":5,"lastAction":5,"status":0},{"playerId":803122,"score":1275,"energy":2,"posx":7,"posy":1,"lastAction":5,"status":0}],"golds":[{"posx":5,"posy":1,"amount":350},{"posx":0,"posy":2,"amount":50},{"posx":7,"posy":2,"amount":700},{"posx":15,"posy":3,"amount":250},{"posx":2,"posy":5,"amount":200},{"posx":0,"posy":6,"amount":750}],"changedObstacles":[{"type":0,"posx":7,"posy":1,"value":-1}]},{"players":[{"playerId":2344466,"score":1700,"energy":33,"posx":15,"posy":3,"lastAction":0,"status":0},{"playerId":2268490,"score":1250,"energy":19,"posx":7,"posy":5,"lastAction":1,"status":0},{"playerId":2422729,"score":1225,"energy":15,"posx":2,"posy":5,"lastAction":5,"status":0},{"playerId":803122,"score":1275,"energy":14,"posx":7,"posy":1,"lastAction":4,"status":0}],"golds":[{"posx":5,"posy":1,"amount":350},{"posx":0,"posy":2,"amount":50},{"posx":7,"posy":2,"amount":700},{"posx":15,"posy":3,"amount":250},{"posx":2,"posy":5,"amount":150},{"posx":0,"posy":6,"amount":750}],"changedObstacles":[]},{"players":[{"playerId":2344466,"score":1750,"energy":28,"posx":15,"posy":3,"lastAction":5,"status":0},{"playerId":2268490,"score":1250,"energy":18,"posx":7,"posy":4,"lastAction":2,"status":0},{"playerId":2422729,"score":1275,"energy":10,"posx":2,"posy":5,"lastAction":5,"status":0},{"playerId":803122,"score":1275,"energy":10,"posx":7,"posy":2,"lastAction":3,"status":0}],"golds":[{"posx":5,"posy":1,"amount":350},{"posx":0,"posy":2,"amount":50},{"posx":7,"posy":2,"amount":700},{"posx":15,"posy":3,"amount":200},{"posx":2,"posy":5,"amount":100},{"posx":0,"posy":6,"amount":750}],"changedObstacles":[]},{"players":[{"playerId":2344466,"score":1800,"energy":23,"posx":15,"posy":3,"lastAction":5,"status":0},{"playerId":2268490,"score":1250,"energy":17,"posx":7,"posy":3,"lastAction":2,"status":0},{"playerId":2422729,"score":1325,"energy":5,"posx":2,"posy":5,"lastAction":5,"status":0},{"playerId":803122,"score":1325,"energy":5,"posx":7,"posy":2,"lastAction":5,"status":0}],"golds":[{"posx":5,"posy":1,"amount":350},{"posx":0,"posy":2,"amount":50},{"posx":7,"posy":2,"amount":650},{"posx":15,"posy":3,"amount":150},{"posx":2,"posy":5,"amount":50},{"posx":0,"posy":6,"amount":750}],"changedObstacles":[]},{"players":[{"playerId":2344466,"score":1850,"energy":18,"posx":15,"posy":3,"lastAction":5,"status":0},{"playerId":2268490,"score":1250,"energy":13,"posx":7,"posy":2,"lastAction":2,"status":0},{"playerId":2422729,"score":1325,"energy":17,"posx":2,"posy":5,"lastAction":4,"status":0},{"playerId":803122,"score":1325,"energy":17,"posx":7,"posy":2,"lastAction":4,"status":0}],"golds":[{"posx":5,"posy":1,"amount":350},{"posx":0,"posy":2,"amount":50},{"posx":7,"posy":2,"amount":650},{"posx":15,"posy":3,"amount":100},{"posx":2,"posy":5,"amount":50},{"posx":0,"posy":6,"amount":750}],"changedObstacles":[]},{"players":[{"playerId":2344466,"score":1900,"energy":13,"posx":15,"posy":3,"lastAction":5,"status":0},{"playerId":2268490,"score":1300,"energy":8,"posx":7,"posy":2,"lastAction":5,"status":0},{"playerId":2422729,"score":1325,"energy":33,"posx":2,"posy":5,"lastAction":4,"status":0},{"playerId":803122,"score":1375,"energy":12,"posx":7,"posy":2,"lastAction":5,"status":0}],"golds":[{"posx":5,"posy":1,"amount":350},{"posx":0,"posy":2,"amount":50},{"posx":7,"posy":2,"amount":550},{"posx":15,"posy":3,"amount":50},{"posx":2,"posy":5,"amount":50},{"posx":0,"posy":6,"amount":750}],"changedObstacles":[]},{"players":[{"playerId":2344466,"score":1950,"energy":8,"posx":15,"posy":3,"lastAction":5,"status":0},{"playerId":2268490,"score":1300,"energy":20,"posx":7,"posy":2,"lastAction":4,"status":0},{"playerId":2422729,"score":1375,"energy":28,"posx":2,"posy":5,"lastAction":5,"status":0},{"playerId":803122,"score":1425,"energy":7,"posx":7,"posy":2,"lastAction":5,"status":0}],"golds":[{"posx":5,"posy":1,"amount":350},{"posx":0,"posy":2,"amount":50},{"posx":7,"posy":2,"amount":500},{"posx":0,"posy":6,"amount":750}],"changedObstacles":[{"type":0,"posx":2,"posy":5,"value":-1},{"type":0,"posx":15,"posy":3,"value":-1}]},{"players":[{"playerId":2344466,"score":1950,"energy":7,"posx":15,"posy":2,"lastAction":2,"status":0},{"playerId":2268490,"score":1300,"energy":36,"posx":7,"posy":2,"lastAction":4,"status":0},{"playerId":2422729,"score":1375,"energy":27,"posx":1,"posy":5,"lastAction":0,"status":0},{"playerId":803122,"score":1475,"energy":2,"posx":7,"posy":2,"lastAction":5,"status":0}],"golds":[{"posx":5,"posy":1,"amount":350},{"posx":0,"posy":2,"amount":50},{"posx":7,"posy":2,"amount":450},{"posx":0,"posy":6,"amount":750}],"changedObstacles":[]},{"players":[{"playerId":2344466,"score":1950,"energy":6,"posx":14,"posy":2,"lastAction":0,"status":0},{"playerId":2268490,"score":1350,"energy":31,"posx":7,"posy":2,"lastAction":5,"status":0},{"playerId":2422729,"score":1375,"energy":26,"posx":1,"posy":6,"lastAction":3,"status":0},{"playerId":803122,"score":1475,"energy":14,"posx":7,"posy":2,"lastAction":4,"status":0}],"golds":[{"posx":5,"posy":1,"amount":350},{"posx":0,"posy":2,"amount":50},{"posx":7,"posy":2,"amount":400},{"posx":0,"posy":6,"amount":750}],"changedObstacles":[]},{"players":[{"playerId":2344466,"score":1950,"energy":18,"posx":14,"posy":2,"lastAction":4,"status":0},{"playerId":2268490,"score":1400,"energy":26,"posx":7,"posy":2,"lastAction":5,"status":0},{"playerId":2422729,"score":1375,"energy":22,"posx":0,"posy":6,"lastAction":0,"status":0},{"playerId":803122,"score":1525,"energy":9,"posx":7,"posy":2,"lastAction":5,"status":0}],"golds":[{"posx":5,"posy":1,"amount":350},{"posx":0,"posy":2,"amount":50},{"posx":7,"posy":2,"amount":300},{"posx":0,"posy":6,"amount":750}],"changedObstacles":[]},{"players":[{"playerId":2344466,"score":1950,"energy":34,"posx":14,"posy":2,"lastAction":4,"status":0},{"playerId":2268490,"score":1450,"energy":21,"posx":7,"posy":2,"lastAction":5,"status":0},{"playerId":2422729,"score":1425,"energy":17,"posx":0,"posy":6,"lastAction":5,"status":0},{"playerId":803122,"score":1575,"energy":4,"posx":7,"posy":2,"lastAction":5,"status":0}],"golds":[{"posx":5,"posy":1,"amount":350},{"posx":0,"posy":2,"amount":50},{"posx":7,"posy":2,"amount":200},{"posx":0,"posy":6,"amount":700}],"changedObstacles":[]},{"players":[{"playerId":2344466,"score":1950,"energy":50,"posx":14,"posy":2,"lastAction":4,"status":0},{"playerId":2268490,"score":1500,"energy":16,"posx":7,"posy":2,"lastAction":5,"status":0},{"playerId":2422729,"score":1475,"energy":12,"posx":0,"posy":6,"lastAction":5,"status":0},{"playerId":803122,"score":1575,"energy":16,"posx":7,"posy":2,"lastAction":4,"status":0}],"golds":[{"posx":5,"posy":1,"amount":350},{"posx":0,"posy":2,"amount":50},{"posx":7,"posy":2,"amount":150},{"posx":0,"posy":6,"amount":650}],"changedObstacles":[]},{"players":[{"playerId":2344466,"score":1950,"energy":40,"posx":13,"posy":2,"lastAction":0,"status":0},{"playerId":2268490,"score":1550,"energy":11,"posx":7,"posy":2,"lastAction":5,"status":0},{"playerId":2422729,"score":1525,"energy":7,"posx":0,"posy":6,"lastAction":5,"status":0},{"playerId":803122,"score":1625,"energy":11,"posx":7,"posy":2,"lastAction":5,"status":0}],"golds":[{"posx":5,"posy":1,"amount":350},{"posx":0,"posy":2,"amount":50},{"posx":7,"posy":2,"amount":50},{"posx":0,"posy":6,"amount":600}],"changedObstacles":[{"type":0,"posx":13,"posy":2,"value":-1}]},{"players":[{"playerId":2344466,"score":1950,"energy":39,"posx":12,"posy":2,"lastAction":0,"status":0},{"playerId":2268490,"score":1575,"energy":6,"posx":7,"posy":2,"lastAction":5,"status":0},{"playerId":2422729,"score":1575,"energy":2,"posx":0,"posy":6,"lastAction":5,"status":0},{"playerId":803122,"score":1650,"energy":6,"posx":7,"posy":2,"lastAction":5,"status":0}],"golds":[{"posx":5,"posy":1,"amount":350},{"posx":0,"posy":2,"amount":50},{"posx":0,"posy":6,"amount":550}],"changedObstacles":[{"type":0,"posx":7,"posy":2,"value":-1}]},{"players":[{"playerId":2344466,"score":1950,"energy":38,"posx":11,"posy":2,"lastAction":0,"status":0},{"playerId":2268490,"score":1575,"energy":5,"posx":7,"posy":1,"lastAction":2,"status":0},{"playerId":2422729,"score":1575,"energy":14,"posx":0,"posy":6,"lastAction":4,"status":0},{"playerId":803122,"score":1650,"energy":18,"posx":7,"posy":2,"lastAction":4,"status":0}],"golds":[{"posx":5,"posy":1,"amount":350},{"posx":0,"posy":2,"amount":50},{"posx":0,"posy":6,"amount":550}],"changedObstacles":[]},{"players":[{"playerId":2344466,"score":1950,"energy":37,"posx":10,"posy":2,"lastAction":0,"status":0},{"playerId":2268490,"score":1575,"energy":4,"posx":6,"posy":1,"lastAction":0,"status":0},{"playerId":2422729,"score":1575,"energy":30,"posx":0,"posy":6,"lastAction":4,"status":0},{"playerId":803122,"score":1650,"energy":8,"posx":6,"posy":2,"lastAction":0,"status":0}],"golds":[{"posx":5,"posy":1,"amount":350},{"posx":0,"posy":2,"amount":50},{"posx":0,"posy":6,"amount":550}],"changedObstacles":[{"type":0,"posx":6,"posy":2,"value":-1}]},{"players":[{"playerId":2344466,"score":1950,"energy":36,"posx":9,"posy":2,"lastAction":0,"status":0},{"playerId":2268490,"score":1575,"energy":16,"posx":6,"posy":1,"lastAction":4,"status":0},{"playerId":2422729,"score":1575,"energy":50,"posx":0,"posy":6,"lastAction":4,"status":0},{"playerId":803122,"score":1650,"energy":7,"posx":5,"posy":2,"lastAction":0,"status":0}],"golds":[{"posx":5,"posy":1,"amount":350},{"posx":0,"posy":2,"amount":50},{"posx":0,"posy":6,"amount":550}],"changedObstacles":[]},{"players":[{"playerId":2344466,"score":1950,"energy":35,"posx":9,"posy":1,"lastAction":2,"status":0},{"playerId":2268490,"score":1575,"energy":12,"posx":5,"posy":1,"lastAction":0,"status":0},{"playerId":2422729,"score":1625,"energy":45,"posx":0,"posy":6,"lastAction":5,"status":0},{"playerId":803122,"score":1650,"energy":3,"posx":5,"posy":1,"lastAction":2,"status":0}],"golds":[{"posx":5,"posy":1,"amount":350},{"posx":0,"posy":2,"amount":50},{"posx":0,"posy":6,"amount":500}],"changedObstacles":[]},{"players":[{"playerId":2344466,"score":1950,"energy":34,"posx":8,"posy":1,"lastAction":0,"status":0},{"playerId":2268490,"score":1625,"energy":7,"posx":5,"posy":1,"lastAction":5,"status":0},{"playerId":2422729,"score":1675,"energy":40,"posx":0,"posy":6,"lastAction":5,"status":0},{"playerId":803122,"score":1650,"energy":15,"posx":5,"posy":1,"lastAction":4,"status":0}],"golds":[{"posx":5,"posy":1,"amount":300},{"posx":0,"posy":2,"amount":50},{"posx":0,"posy":6,"amount":450}],"changedObstacles":[]},{"players":[{"playerId":2344466,"score":1950,"energy":33,"posx":7,"posy":1,"lastAction":0,"status":0},{"playerId":2268490,"score":1625,"energy":19,"posx":5,"posy":1,"lastAction":4,"status":0},{"playerId":2422729,"score":1725,"energy":35,"posx":0,"posy":6,"lastAction":5,"status":0},{"playerId":803122,"score":1700,"energy":10,"posx":5,"posy":1,"lastAction":5,"status":0}],"golds":[{"posx":5,"posy":1,"amount":250},{"posx":0,"posy":2,"amount":50},{"posx":0,"posy":6,"amount":400}],"changedObstacles":[]},{"players":[{"playerId":2344466,"score":1950,"energy":32,"posx":6,"posy":1,"lastAction":0,"status":0},{"playerId":2268490,"score":1625,"energy":35,"posx":5,"posy":1,"lastAction":4,"status":0},{"playerId":2422729,"score":1775,"energy":30,"posx":0,"posy":6,"lastAction":5,"status":0},{"playerId":803122,"score":1750,"energy":5,"posx":5,"posy":1,"lastAction":5,"status":0}],"golds":[{"posx":5,"posy":1,"amount":200},{"posx":0,"posy":2,"amount":50},{"posx":0,"posy":6,"amount":350}],"changedObstacles":[]},{"players":[{"playerId":2344466,"score":1950,"energy":28,"posx":5,"posy":1,"lastAction":0,"status":0},{"playerId":2268490,"score":1675,"energy":30,"posx":5,"posy":1,"lastAction":5,"status":0},{"playerId":2422729,"score":1825,"energy":25,"posx":0,"posy":6,"lastAction":5,"status":0},{"playerId":803122,"score":1750,"energy":17,"posx":5,"posy":1,"lastAction":4,"status":0}],"golds":[{"posx":5,"posy":1,"amount":150},{"posx":0,"posy":2,"amount":50},{"posx":0,"posy":6,"amount":300}],"changedObstacles":[]},{"players":[{"playerId":2344466,"score":2000,"energy":23,"posx":5,"posy":1,"lastAction":5,"status":0},{"playerId":2268490,"score":1725,"energy":25,"posx":5,"posy":1,"lastAction":5,"status":0},{"playerId":2422729,"score":1875,"energy":20,"posx":0,"posy":6,"lastAction":5,"status":0},{"playerId":803122,"score":1800,"energy":12,"posx":5,"posy":1,"lastAction":5,"status":0}],"golds":[{"posx":0,"posy":2,"amount":50},{"posx":0,"posy":6,"amount":250}],"changedObstacles":[{"type":0,"posx":5,"posy":1,"value":-1}]},{"players":[{"playerId":2344466,"score":2000,"energy":22,"posx":5,"posy":2,"lastAction":3,"status":0},{"playerId":2268490,"score":1725,"energy":11,"posx":4,"posy":1,"lastAction":0,"status":0},{"playerId":2422729,"score":1925,"energy":15,"posx":0,"posy":6,"lastAction":5,"status":0},{"playerId":803122,"score":1800,"energy":24,"posx":5,"posy":1,"lastAction":4,"status":0}],"golds":[{"posx":0,"posy":2,"amount":50},{"posx":0,"posy":6,"amount":200}],"changedObstacles":[]},{"players":[{"playerId":2344466,"score":2000,"energy":17,"posx":5,"posy":3,"lastAction":3,"status":0},{"playerId":2268490,"score":1725,"energy":10,"posx":3,"posy":1,"lastAction":0,"status":0},{"playerId":2422729,"score":1975,"energy":10,"posx":0,"posy":6,"lastAction":5,"status":0},{"playerId":803122,"score":1800,"energy":12,"posx":4,"posy":1,"lastAction":0,"status":0}],"golds":[{"posx":0,"posy":2,"amount":50},{"posx":0,"posy":6,"amount":150}],"changedObstacles":[{"type":3,"posx":5,"posy":3,"value":-20}]},{"players":[{"playerId":2344466,"score":2000,"energy":16,"posx":4,"posy":3,"lastAction":0,"status":0},{"playerId":2268490,"score":1725,"energy":5,"posx":2,"posy":1,"lastAction":0,"status":0},{"playerId":2422729,"score":2025,"energy":5,"posx":0,"posy":6,"lastAction":5,"status":0},{"playerId":803122,"score":1800,"energy":11,"posx":3,"posy":1,"lastAction":0,"status":0}],"golds":[{"posx":0,"posy":2,"amount":50},{"posx":0,"posy":6,"amount":100}],"changedObstacles":[{"type":3,"posx":2,"posy":1,"value":-20}]},{"players":[{"playerId":2344466,"score":2000,"energy":15,"posx":3,"posy":3,"lastAction":0,"status":0},{"playerId":2268490,"score":1725,"energy":17,"posx":2,"posy":1,"lastAction":4,"status":0},{"playerId":2422729,"score":2025,"energy":17,"posx":0,"posy":6,"lastAction":4,"status":0},{"playerId":803122,"score":1800,"energy":1,"posx":3,"posy":2,"lastAction":3,"status":0}],"golds":[{"posx":0,"posy":2,"amount":50},{"posx":0,"posy":6,"amount":100}],"changedObstacles":[{"type":0,"posx":3,"posy":2,"value":-1}]},{"players":[{"playerId":2344466,"score":2000,"energy":14,"posx":2,"posy":3,"lastAction":0,"status":0},{"playerId":2268490,"score":1725,"energy":7,"posx":1,"posy":1,"lastAction":0,"status":0},{"playerId":2422729,"score":2075,"energy":12,"posx":0,"posy":6,"lastAction":5,"status":0},{"playerId":803122,"score":1800,"energy":13,"posx":3,"posy":2,"lastAction":4,"status":0}],"golds":[{"posx":0,"posy":2,"amount":50},{"posx":0,"posy":6,"amount":50}],"changedObstacles":[{"type":0,"posx":1,"posy":1,"value":-1}]},{"players":[{"playerId":2344466,"score":2000,"energy":13,"posx":1,"posy":3,"lastAction":0,"status":0},{"playerId":2268490,"score":1725,"energy":6,"posx":0,"posy":1,"lastAction":0,"status":0},{"playerId":2422729,"score":2125,"energy":7,"posx":0,"posy":6,"lastAction":5,"status":0},{"playerId":803122,"score":1800,"energy":12,"posx":2,"posy":2,"lastAction":0,"status":0}],"golds":[{"posx":0,"posy":2,"amount":50}],"changedObstacles":[{"type":0,"posx":0,"posy":6,"value":-1}]},{"players":[{"playerId":2344466,"score":2000,"energy":12,"posx":0,"posy":3,"lastAction":0,"status":0},{"playerId":2268490,"score":1725,"energy":2,"posx":0,"posy":2,"lastAction":3,"status":0},{"playerId":2422729,"score":2125,"energy":6,"posx":0,"posy":5,"lastAction":2,"status":0},{"playerId":803122,"score":1800,"energy":2,"posx":1,"posy":2,"lastAction":0,"status":0}],"golds":[{"posx":0,"posy":2,"amount":50}],"changedObstacles":[{"type":0,"posx":1,"posy":2,"value":-1}]},{"players":[{"playerId":2344466,"score":2000,"energy":8,"posx":0,"posy":2,"lastAction":2,"status":0},{"playerId":2268490,"score":1725,"energy":14,"posx":0,"posy":2,"lastAction":4,"status":0},{"playerId":2422729,"score":2125,"energy":18,"posx":0,"posy":5,"lastAction":4,"status":0},{"playerId":803122,"score":1800,"energy":14,"posx":1,"posy":2,"lastAction":4,"status":0}],"golds":[{"posx":0,"posy":2,"amount":50}],"changedObstacles":[]},{"players":[{"playerId":2344466,"score":2050,"energy":3,"posx":0,"posy":2,"lastAction":5,"status":0},{"playerId":2268490,"score":1725,"energy":30,"posx":0,"posy":2,"lastAction":4,"status":0},{"playerId":2422729,"score":2125,"energy":34,"posx":0,"posy":5,"lastAction":4,"status":0},{"playerId":803122,"score":1800,"energy":10,"posx":0,"posy":2,"lastAction":0,"status":0}],"golds":[],"changedObstacles":[{"type":0,"posx":0,"posy":2,"value":-1}]}]