[{"players":[{"playerId":2451990,"score":0,"energy":38,"posx":16,"posy":7,"lastAction":0,"status":0},{"playerId":2583616,"score":0,"energy":40,"posx":18,"posy":7,"lastAction":1,"status":0},{"playerId":2619262,"score":0,"energy":40,"posx":18,"posy":7,"lastAction":1,"status":0},{"playerId":2241999,"score":0,"energy":42,"posx":16,"posy":7,"lastAction":0,"status":0}],"golds":[{"posx":6,"posy":4,"amount":450},{"posx":9,"posy":1,"amount":450},{"posx":18,"posy":3,"amount":250},{"posx":0,"posy":2,"amount":50},{"posx":20,"posy":7,"amount":700},{"posx":6,"posy":6,"amount":100},{"posx":7,"posy":1,"amount":150},{"posx":14,"posy":6,"amount":250},{"posx":6,"posy":7,"amount":50},{"posx":13,"posy":5,"amount":500},{"posx":9,"posy":8,"amount":200},{"posx":11,"posy":8,"amount":200},{"posx":7,"posy":2,"amount":700},{"posx":14,"posy":7,"amount":500},{"posx":15,"posy":3,"amount":250},{"posx":20,"posy":3,"amount":750},{"posx":10,"posy":6,"amount":400},{"posx":0,"posy":6,"amount":750},{"posx":2,"posy":5,"amount":650},{"posx":5,"posy":1,"amount":350}],"changedObstacles":[{"type":0,"posx":18,"posy":7,"value":-1}]},{"players":[{"playerId":2451990,"score":0,"energy":28,"posx":15,"posy":7,"lastAction":0,"status":0},{"playerId":2583616,"score":0,"energy":39,"posx":19,"posy":7,"lastAction":1,"status":0},{"playerId":2619262,"score":0,"energy":39,"posx":19,"posy":7,"lastAction":1,"status":0},{"playerId":2241999,"score":0,"energy":32,"posx":15,"posy":7,"lastAction":0,"status":0}],"golds":[{"posx":6,"posy":4,"amount":450},{"posx":9,"posy":1,"amount":450},{"posx":18,"posy":3,"amount":250},{"posx":0,"posy":2,"amount":50},{"posx":20,"posy":7,"amount":700},{"posx":6,"posy":6,"amount":100},{"posx":7,"posy":1,"amount":150},{"posx":14,"posy":6,"amount":250},{"posx":6,"posy":7,"amount":50},{"posx":13,"posy":5,"amount":500},{"posx":9,"posy":8,"amount":200},{"posx":11,"posy":8,"amount":200},{"posx":7,"posy":2,"amount":700},{"posx":14,"posy":7,"amount":500},{"posx":15,"posy":3,"amount":250},{"posx":20,"posy":3,"amount":750},{"posx":10,"posy":6,"amount":400},{"posx":0,"posy":6,"amount":750},{"posx":2,"posy":5,"amount":650},{"posx":5,"posy":1,"amount":350}],"changedObstacles":[{"type":0,"posx":15,"posy":7,"value":-1}]},{"players":[{"playerId":2451990,"score":0,"energy":24,"posx":14,"posy":7,"lastAction":0,"status":0},{"playerId":2583616,"score":0,"energy":35,"posx":20,"posy":7,"lastAction":1,"status":0},{"playerId":2619262,"score":0,"energy":35,"posx":20,"posy":7,"lastAction":1,"status":0},{"playerId":2241999,"score":0,"energy":28,"posx":14,"posy":7,"lastAction":0,"status":0}],"golds":[{"posx":6,"posy":4,"amount":450},{"posx":9,"posy":1,"amount":450},{"posx":18,"posy":3,"amount":250},{"posx":0,"posy":2,"amount":50},{"posx":20,"posy":7,"amount":700},{"posx":6,"posy":6,"amount":100},{"posx":7,"posy":1,"amount":150},{"posx":14,"posy":6,"amount":250},{"posx":6,"posy":7,"amount":50},{"posx":13,"posy":5,"amount":500},{"posx":9,"posy":8,"amount":200},{"posx":11,"posy":8,"amount":200},{"posx":7,"posy":2,"amount":700},{"posx":14,"posy":7,"amount":500},{"posx":15,"posy":3,"amount":250},{"posx":20,"posy":3,"amount":750},{"posx":10,"posy":6,"amount":400},{"posx":0,"posy":6,"amount":750},{"posx":2,"posy":5,"amount":650},{"posx":5,"posy":1,"amount":350}],"changedObstacles":[]},{"players":[{"playerId":2451990,"score":50,"energy":19,"posx":14,"posy":7,"lastAction":5,"status":0},{"playerId":2583616,"score":50,"energy":30,"posx":20,"posy":7,"lastAction":5,"status":0},{"playerId":2619262,"score":50,"energy":30,"posx":20,"posy":7,"lastAction":5,"status":0},{"playerId":2241999,"score":50,"energy":23,"posx":14,"posy":7,"lastAction":5,"status":0}],"golds":[{"posx":5,"posy":1,"amount":350},{"posx":7,"posy":1,"amount":150},{"posx":9,"posy":1,"amount":450},{"posx":0,"posy":2,"amount":50},{"posx":7,"posy":2,"amount":700},{"posx":15,"posy":3,"amount":250},{"posx":18,"posy":3,"amount":250},{"posx":20,"posy":3,"amount":750},{"posx":6,"posy":4,"amount":450},{"posx":2,"posy":5,"amount":650},{"posx":13,"posy":5,"amount":500},{"posx":0,"posy":6,"amount":750},{"posx":6,"posy":6,"amount":100},{"posx":10,"posy":6,"amount":400},{"posx":14,"posy":6,"amount":250},{"posx":6,"posy":7,"amount":50},{"posx":14,"posy":7,"amount":400},{"posx":20,"posy":7,"amount":600},{"posx":9,"posy":8,"amount":200},{"posx":11,"posy":8,"amount":200}],"changedObstacles":[]},{"players":[{"playerId":2451990,"score":100,"energy":14,"posx":14,"posy":7,"lastAction":5,"status":0},{"playerId":2583616,"score":100,"energy":25,"posx":20,"posy":7,"lastAction":5,"status":0},{"playerId":2619262,"score":100,"energy":25,"posx":20,"posy":7,"lastAction":5,"status":0},{"playerId":2241999,"score":100,"energy":18,"posx":14,"posy":7,"lastAction":5,"status":0}],"golds":[{"posx":5,"posy":1,"amount":350},{"posx":7,"posy":1,"amount":150},{"posx":9,"posy":1,"amount":450},{"posx":0,"posy":2,"amount":50},{"posx":7,"posy":2,"amount":700},{"posx":15,"posy":3,"amount":250},{"posx":18,"posy":3,"amount":250},{"posx":20,"posy":3,"amount":750},{"posx":6,"posy":4,"amount":450},{"posx":2,"posy":5,"amount":650},{"posx":13,"posy":5,"amount":500},{"posx":0,"posy":6,"amount":750},{"posx":6,"posy":6,"amount":100},{"posx":10,"posy":6,"amount":400},{"posx":14,"posy":6,"amount":250},{"posx":6,"posy":7,"amount":50},{"posx":14,"posy":7,"amount":300},{"posx":20,"posy":7,"amount":500},{"posx":9,"posy":8,"amount":200},{"posx":11,"posy":8,"amount":200}],"changedObstacles":[]},{"players":[{"playerId":2451990,"score":150,"energy":9,"posx":14,"posy":7,"lastAction":5,"status":0},{"playerId":2583616,"score":150,"energy":20,"posx":20,"posy":7,"lastAction":5,"status":0},{"playerId":2619262,"score":150,"energy":20,"posx":20,"posy":7,"lastAction":5,"status":0},{"playerId":2241999,"score":150,"energy":13,"posx":14,"posy":7,"lastAction":5,"status":0}],"golds":[{"posx":5,"posy":1,"amount":350},{"posx":7,"posy":1,"amount":150},{"posx":9,"posy":1,"amount":450},{"posx":0,"posy":2,"amount":50},{"posx":7,"posy":2,"amount":700},{"posx":15,"posy":3,"amount":250},{"posx":18,"posy":3,"amount":250},{"posx":20,"posy":3,"amount":750},{"posx":6,"posy":4,"amount":450},{"posx":2,"posy":5,"amount":650},{"posx":13,"posy":5,"amount":500},{"posx":0,"posy":6,"amount":750},{"posx":6,"posy":6,"amount":100},{"posx":10,"posy":6,"amount":400},{"posx":14,"posy":6,"amount":250},{"posx":6,"posy":7,"amount":50},{"posx":14,"posy":7,"amount":200},{"posx":20,"posy":7,"amount":400},{"posx":9,"posy":8,"amount":200},{"posx":11,"posy":8,"amount":200}],"changedObstacles":[]},{"players":[{"playerId":2451990,"score":200,"energy":4,"posx":14,"posy":7,"lastAction":5,"status":0},{"playerId":2583616,"score":200,"energy":15,"posx":20,"posy":7,"lastAction":5,"status":0},{"playerId":2619262,"score":200,"energy":15,"posx":20,"posy":7,"lastAction":5,"status":0},{"playerId":2241999,"score":200,"energy":8,"posx":14,"posy":7,"lastAction":5,"status":0}],"golds":[{"posx":5,"posy":1,"amount":350},{"posx":7,"posy":1,"amount":150},{"posx":9,"posy":1,"amount":450},{"posx":0,"posy":2,"amount":50},{"posx":7,"posy":2,"amount":700},{"posx":15,"posy":3,"amount":250},{"posx":18,"posy":3,"amount":250},{"posx":20,"posy":3,"amount":750},{"posx":6,"posy":4,"amount":450},{"posx":2,"posy":5,"amount":650},{"posx":13,"posy":5,"amount":500},{"posx":0,"posy":6,"amount":750},{"posx":6,"posy":6,"amount":100},{"posx":10,"posy":6,"amount":400},{"posx":14,"posy":6,"amount":250},{"posx":6,"posy":7,"amount":50},{"posx":14,"posy":7,"amount":100},{"posx":20,"posy":7,"amount":300},{"posx":9,"posy":8,"amount":200},{"posx":11,"posy":8,"amount":200}],"changedObstacles":[]},{"players":[{"playerId":2451990,"score":200,"energy":16,"posx":14,"posy":7,"lastAction":4,"status":0},{"playerId":2583616,"score":250,"energy":10,"posx":20,"posy":7,"lastAction":5,"status":0},{"playerId":2619262,"score":250,"energy":10,"posx":20,"posy":7,"lastAction":5,"status":0},{"playerId":2241999,"score":250,"energy":3,"posx":14,"posy":7,"lastAction":5,"status":0}],"golds":[{"posx":5,"posy":1,"amount":350},{"posx":7,"posy":1,"amount":150},{"posx":9,"posy":1,"amount":450},{"posx":0,"posy":2,"amount":50},{"posx":7,"posy":2,"amount":700},{"posx":15,"posy":3,"amount":250},{"posx":18,"posy":3,"amount":250},{"posx":20,"posy":3,"amount":750},{"posx":6,"posy":4,"amount":450},{"posx":2,"posy":5,"amount":650},{"posx":13,"posy":5,"amount":500},{"posx":0,"posy":6,"amount":750},{"posx":6,"posy":6,"amount":100},{"posx":10,"posy":6,"amount":400},{"posx":14,"posy":6,"amount":250},{"posx":6,"posy":7,"amount":50},{"posx":14,"posy":7,"amount":50},{"posx":20,"posy":7,"amount":200},{"posx":9,"posy":8,"amount":200},{"posx":11,"posy":8,"amount":200}],"changedObstacles":[]},{"players":[{"playerId":2451990,"score":200,"energy":32,"posx":14,"posy":7,"lastAction":4,"status":0},{"playerId":2583616,"score":300,"energy":5,"posx":20,"posy":7,"lastAction":5,"status":0},{"playerId":2619262,"score":300,"energy":5,"posx":20,"posy":7,"lastAction":5,"status":0},{"playerId":2241999,"score":250,"energy":15,"posx":14,"posy":7,"lastAction":4,"status":0}],"golds":[{"posx":5,"posy":1,"amount":350},{"posx":7,"posy":1,"amount":150},{"posx":9,"posy":1,"amount":450},{"posx":0,"posy":2,"amount":50},{"posx":7,"posy":2,"amount":700},{"posx":15,"posy":3,"amount":250},{"posx":18,"posy":3,"amount":250},{"posx":20,"posy":3,"amount":750},{"posx":6,"posy":4,"amount":450},{"posx":2,"posy":5,"amount":650},{"posx":13,"posy":5,"amount":500},{"posx":0,"posy":6,"amount":750},{"posx":6,"posy":6,"amount":100},{"posx":10,"posy":6,"amount":400},{"posx":14,"posy":6,"amount":250},{"posx":6,"posy":7,"amount":50},{"posx":14,"posy":7,"amount":50},{"posx":20,"posy":7,"amount":100},{"posx":9,"posy":8,"amount":200},{"posx":11,"posy":8,"amount":200}],"changedObstacles":[]},{"players":[{"playerId":2451990,"score":200,"energy":50,"posx":14,"posy":7,"lastAction":4,"status":0},{"playerId":2583616,"score":300,"energy":17,"posx":20,"posy":7,"lastAction":4,"status":0},{"playerId":2619262,"score":300,"energy":17,"posx":20,"posy":7,"lastAction":4,"status":0},{"playerId":2241999,"score":300,"energy":10,"posx":14,"posy":7,"lastAction":5,"status":0}],"golds":[{"posx":5,"posy":1,"amount":350},{"posx":7,"posy":1,"amount":150},{"posx":9,"posy":1,"amount":450},{"posx":0,"posy":2,"amount":50},{"posx":7,"posy":2,"amount":700},{"posx":15,"posy":3,"amount":250},{"posx":18,"posy":3,"amount":250},{"posx":20,"posy":3,"amount":750},{"posx":6,"posy":4,"amount":450},{"posx":2,"posy":5,"amount":650},{"posx":13,"posy":5,"amount":500},{"posx":0,"posy":6,"amount":750},{"posx":6,"posy":6,"amount":100},{"posx":10,"posy":6,"amount":400},{"posx":14,"posy":6,"amount":250},{"posx":6,"posy":7,"amount":50},{"posx":20,"posy":7,"amount":100},{"posx":9,"posy":8,"amount":200},{"posx":11,"posy":8,"amount":200}],"changedObstacles":[{"type":0,"posx":14,"posy":7,"value":-1}]},{"players":[{"playerId":2451990,"score":200,"energy":46,"posx":14,"posy":6,"lastAction":2,"status":0},{"playerId":2583616,"score":300,"energy":33,"posx":20,"posy":7,"lastAction":4,"status":0},{"playerId":2619262,"score":350,"energy":12,"posx":20,"posy":7,"lastAction":5,"status":0},{"playerId":2241999,"score":300,"energy":6,"posx":14,"posy":6,"lastAction":2,"status":0}],"golds":[{"posx":5,"posy":1,"amount":350},{"posx":7,"posy":1,"amount":150},{"posx":9,"posy":1,"amount":450},{"posx":0,"posy":2,"amount":50},{"posx":7,"posy":2,"amount":700},{"posx":15,"posy":3,"amount":250},{"posx":18,"posy":3,"amount":250},{"posx":20,"posy":3,"amount":750},{"posx":6,"posy":4,"amount":450},{"posx":2,"posy":5,"amount":650},{"posx":13,"posy":5,"amount":500},{"posx":0,"posy":6,"amount":750},{"posx":6,"posy":6,"amount":100},{"posx":10,"posy":6,"amount":400},{"posx":14,"posy":6,"amount":250},{"posx":6,"posy":7,"amount":50},{"posx":20,"posy":7,"amount":50},{"posx":9,"posy":8,"amount":200},{"posx":11,"posy":8,"amount":200}],"changedObstacles":[]},{"players":[{"playerId":2451990,"score":250,"energy":41,"posx":14,"posy":6,"lastAction":5,"status":0},{"playerId":2583616,"score":300,"energy":50,"posx":20,"posy":7,"lastAction":4,"status":0},{"playerId":2619262,"score":400,"energy":7,"posx":20,"posy":7,"lastAction":5,"status":0},{"playerId":2241999,"score":350,"energy":1,"posx":14,"posy":6,"lastAction":5,"status":0}],"golds":[{"posx":5,"posy":1,"amount":350},{"posx":7,"posy":1,"amount":150},{"posx":9,"posy":1,"amount":450},{"posx":0,"posy":2,"amount":50},{"posx":7,"posy":2,"amount":700},{"posx":15,"posy":3,"amount":250},{"posx":18,"posy":3,"amount":250},{"posx":20,"posy":3,"amount":750},{"posx":6,"posy":4,"amount":450},{"posx":2,"posy":5,"amount":650},{"posx":13,"posy":5,"amount":500},{"posx":0,"posy":6,"amount":750},{"posx":6,"posy":6,"amount":100},{"posx":10,"posy":6,"amount":400},{"posx":14,"posy":6,"amount":150},{"posx":6,"posy":7,"amount":50},{"posx":9,"posy":8,"amount":200},{"posx":11,"posy":8,"amount":200}],"changedObstacles":[{"type":0,"posx":20,"posy":7,"value":-1}]},{"players":[{"playerId":2451990,"score":300,"energy":36,"posx":14,"posy":6,"lastAction":5,"status":0},{"playerId":2583616,"score":300,"energy":49,"posx":20,"posy":6,"lastAction":2,"status":0},{"playerId":2619262,"score":400,"energy":6,"posx":19,"posy":7,"lastAction":0,"status":0},{"playerId":2241999,"score":350,"energy":13,"posx":14,"posy":6,"lastAction":4,"status":0}],"golds":[{"posx":5,"posy":1,"amount":350},{"posx":7,"posy":1,"amount":150},{"posx":9,"posy":1,"amount":450},{"posx":0,"posy":2,"amount":50},{"posx":7,"posy":2,"amount":700},{"posx":15,"posy":3,"amount":250},{"posx":18,"posy":3,"amount":250},{"posx":20,"posy":3,"amount":750},{"posx":6,"posy":4,"amount":450},{"posx":2,"posy":5,"amount":650},{"posx":13,"posy":5,"amount":500},{"posx":0,"posy":6,"amount":750},{"posx":6,"posy":6,"amount":100},{"posx":10,"posy":6,"amount":400},{"posx":14,"posy":6,"amount":100},{"posx":6,"posy":7,"amount":50},{"posx":9,"posy":8,"amount":200},{"posx":11,"posy":8,"amount":200}],"changedObstacles":[]},{"players":[{"playerId":2451990,"score":300,"energy":35,"posx":14,"posy":5,"lastAction":2,"status":0},{"playerId":2583616,"score":300,"energy":37,"posx":20,"posy":5,"lastAction":2,"status":0},{"playerId":2619262,"score":400,"energy":5,"posx":19,"posy":6,"lastAction":2,"status":0},{"playerId":2241999,"score":400,"energy":8,"posx":14,"posy":6,"lastAction":5,"status":0}],"golds":[{"posx":5,"posy":1,"amount":350},{"posx":7,"posy":1,"amount":150},{"posx":9,"posy":1,"amount":450},{"posx":0,"posy":2,"amount":50},{"posx":7,"posy":2,"amount":700},{"posx":15,"posy":3,"amount":250},{"posx":18,"posy":3,"amount":250},{"posx":20,"posy":3,"amount":750},{"posx":6,"posy":4,"amount":450},{"posx":2,"posy":5,"amount":650},{"posx":13,"posy":5,"amount":500},{"posx":0,"posy":6,"amount":750},{"posx":6,"posy":6,"amount":100},{"posx":10,"posy":6,"amount":400},{"posx":14,"posy":6,"amount":50},{"posx":6,"posy":7,"amount":50},{"posx":9,"posy":8,"amount":200},{"posx":11,"posy":8,"amount":200}],"changedObstacles":[]},{"players":[{"playerId":2451990,"score":300,"energy":31,"posx":13,"posy":5,"lastAction":0,"status":0},{"playerId":2583616,"score":300,"energy":36,"posx":20,"posy":4,"lastAction":2,"status":0},{"playerId":2619262,"score":400,"energy":17,"posx":19,"posy":6,"lastAction":4,"status":0},{"playerId":2241999,"score":450,"energy":3,"posx":14,"posy":6,"lastAction":5,"status":0}],"golds":[{"posx":5,"posy":1,"amount":350},{"posx":7,"posy":1,"amount":150},{"posx":9,"posy":1,"amount":450},{"posx":0,"posy":2,"amount":50},{"posx":7,"posy":2,"amount":700},{"posx":15,"posy":3,"amount":250},{"posx":18,"posy":3,"amount":250},{"posx":20,"posy":3,"amount":750},{"posx":6,"posy":4,"amount":450},{"posx":2,"posy":5,"amount":650},{"posx":13,"posy":5,"amount":500},{"posx":0,"posy":6,"amount":750},{"posx":6,"posy":6,"amount":100},{"posx":10,"posy":6,"amount":400},{"posx":6,"posy":7,"amount":50},{"posx":9,"posy":8,"amount":200},{"posx":11,"posy":8,"amount":200}],"changedObstacles":[{"type":0,"posx":14,"posy":6,"value":-1}]},{"players":[{"playerId":2451990,"score":350,"energy":26,"posx":13,"posy":5,"lastAction":5,"status":0},{"playerId":2583616,"score":300,"energy":32,"posx":20,"posy":3,"lastAction":2,"status":0},{"playerId":2619262,"score":400,"energy":12,"posx":19,"posy":5,"lastAction":2,"status":0},{"playerId":2241999,"score":450,"energy":2,"posx":14,"posy":5,"lastAction":2,"status":0}],"golds":[{"posx":5,"posy":1,"amount":350},{"posx":7,"posy":1,"amount":150},{"posx":9,"posy":1,"amount":450},{"posx":0,"posy":2,"amount":50},{"posx":7,"posy":2,"amount":700},{"posx":15,"posy":3,"amount":250},{"posx":18,"posy":3,"amount":250},{"posx":20,"posy":3,"amount":750},{"posx":6,"posy":4,"amount":450},{"posx":2,"posy":5,"amount":650},{"posx":13,"posy":5,"amount":450},{"posx":0,"posy":6,"amount":750},{"posx":6,"posy":6,"amount":100},{"posx":10,"posy":6,"amount":400},{"posx":6,"posy":7,"amount":50},{"posx":9,"posy":8,"amount":200},{"posx":11,"posy":8,"amount":200}],"changedObstacles":[{"type":3,"posx":19,"posy":5,"value":-20}]},{"players":[{"playerId":2451990,"score":400,"energy":21,"posx":13,"posy":5,"lastAction":5,"status":0},{"playerId":2583616,"score":350,"energy":27,"posx":20,"posy":3,"lastAction":5,"status":0},{"playerId":2619262,"score":400,"energy":11,"posx":19,"posy":4,"lastAction":2,"status":0},{"playerId":2241999,"score":450,"energy":14,"posx":14,"posy":5,"lastAction":4,"status":0}],"golds":[{"posx":5,"posy":1,"amount":350},{"posx":7,"posy":1,"amount":150},{"posx":9,"posy":1,"amount":450},{"posx":0,"posy":2,"amount":50},{"posx":7,"posy":2,"amount":700},{"posx":15,"posy":3,"amount":250},{"posx":18,"posy":3,"amount":250},{"posx":20,"posy":3,"amount":700},{"posx":6,"posy":4,"amount":450},{"posx":2,"posy":5,"amount":650},{"posx":13,"posy":5,"amount":400},{"posx":0,"posy":6,"amount":750},{"posx":6,"posy":6,"amount":100},{"posx":10,"posy":6,"amount":400},{"posx":6,"posy":7,"amount":50},{"posx":9,"posy":8,"amount":200},{"posx":11,"posy":8,"amount":200}],"changedObstacles":[]},{"players":[{"playerId":2451990,"score":450,"energy":16,"posx":13,"posy":5,"lastAction":5,"status":0},{"playerId":2583616,"score":400,"energy":22,"posx":20,"posy":3,"lastAction":5,"status":0},{"playerId":2619262,"score":400,"energy":10,"posx":20,"posy":4,"lastAction":1,"status":0},{"playerId":2241999,"score":450,"energy":30,"posx":14,"posy":5,"lastAction":4,"status":0}],"golds":[{"posx":5,"posy":1,"amount":350},{"posx":7,"posy":1,"amount":150},{"posx":9,"posy":1,"amount":450},{"posx":0,"posy":2,"amount":50},{"posx":7,"posy":2,"amount":700},{"posx":15,"posy":3,"amount":250},{"posx":18,"posy":3,"amount":250},{"posx":20,"posy":3,"amount":650},{"posx":6,"posy":4,"amount":450},{"posx":2,"posy":5,"amount":650},{"posx":13,"posy":5,"amount":350},{"posx":0,"posy":6,"amount":750},{"posx":6,"posy":6,"amount":100},{"posx":10,"posy":6,"amount":400},{"posx":6,"posy":7,"amount":50},{"posx":9,"posy":8,"amount":200},{"posx":11,"posy":8,"amount":200}],"changedObstacles":[]},{"players":[{"playerId":2451990,"score":500,"energy":11,"posx":13,"posy":5,"lastAction":5,"status":0},{"playerId":2583616,"score":450,"energy":17,"posx":20,"posy":3,"lastAction":5,"status":0},{"playerId":2619262,"score":400,"energy":6,"posx":20,"posy":3,"lastAction":2,"status":0},{"playerId":2241999,"score":450,"energy":50,"posx":14,"posy":5,"lastAction":4,"status":0}],"golds":[{"posx":5,"posy":1,"amount":350},{"posx":7,"posy":1,"amount":150},{"posx":9,"posy":1,"amount":450},{"posx":0,"posy":2,"amount":50},{"posx":7,"posy":2,"amount":700},{"posx":15,"posy":3,"amount":250},{"posx":18,"posy":3,"amount":250},{"posx":20,"posy":3,"amount":600},{"posx":6,"posy":4,"amount":450},{"posx":2,"posy":5,"amount":650},{"posx":13,"posy":5,"amount":300},{"posx":0,"posy":6,"amount":750},{"posx":6,"posy":6,"amount":100},{"posx":10,"posy":6,"amount":400},{"posx":6,"posy":7,"amount":50},{"posx":9,"posy":8,"amount":200},{"posx":11,"posy":8,"amount":200}],"changedObstacles":[]},{"players":[{"playerId":2451990,"score":550,"energy":6,"posx":13,"posy":5,"lastAction":5,"status":0},{"playerId":2583616,"score":500,"energy":12,"posx":20,"posy":3,"lastAction":5,"status":0},{"playerId":2619262,"score":450,"energy":1,"posx":20,"posy":3,"lastAction":5,"status":0},{"playerId":2241999,"score":450,"energy":46,"posx":13,"posy":5,"lastAction":0,"status":0}],"golds":[{"posx":5,"posy":1,"amount":350},{"posx":7,"posy":1,"amount":150},{"posx":9,"posy":1,"amount":450},{"posx":0,"posy":2,"amount":50},{"posx":7,"posy":2,"amount":700},{"posx":15,"posy":3,"amount":250},{"posx":18,"posy":3,"amount":250},{"posx":20,"posy":3,"amount":500},{"posx":6,"posy":4,"amount":450},{"posx":2,"posy":5,"amount":650},{"posx":13,"posy":5,"amount":250},{"posx":0,"posy":6,"amount":750},{"posx":6,"posy":6,"amount":100},{"posx":10,"posy":6,"amount":400},{"posx":6,"posy":7,"amount":50},{"posx":9,"posy":8,"amount":200},{"posx":11,"posy":8,"amount":200}],"changedObstacles":[]},{"players":[{"playerId":2451990,"score":600,"energy":1,"posx":13,"posy":5,"lastAction":5,"status":0},{"playerId":2583616,"score":550,"energy":7,"posx":20,"posy":3,"lastAction":5,"status":0},{"playerId":2619262,"score":450,"energy":13,"posx":20,"posy":3,"lastAction":4,"status":0},{"playerId":2241999,"score":500,"energy":41,"posx":13,"posy":5,"lastAction":5,"status":0}],"golds":[{"posx":5,"posy":1,"amount":350},{"posx":7,"posy":1,"amount":150},{"posx":9,"posy":1,"amount":450},{"posx":0,"posy":2,"amount":50},{"posx":7,"posy":2,"amount":700},{"posx":15,"posy":3,"amount":250},{"posx":18,"posy":3,"amount":250},{"posx":20,"posy":3,"amount":450},{"posx":6,"posy":4,"amount":450},{"posx":2,"posy":5,"amount":650},{"posx":13,"posy":5,"amount":150},{"posx":0,"posy":6,"amount":750},{"posx":6,"posy":6,"amount":100},{"posx":10,"posy":6,"amount":400},{"posx":6,"posy":7,"amount":50},{"posx":9,"posy":8,"amount":200},{"posx":11,"posy":8,"amount":200}],"changedObstacles":[]},{"players":[{"playerId":2451990,"score":600,"energy":13,"posx":13,"posy":5,"lastAction":4,"status":0},{"playerId":2583616,"score":600,"energy":2,"posx":20,"posy":3,"lastAction":5,"status":0},{"playerId":2619262,"score":500,"energy":8,"posx":20,"posy":3,"lastAction":5,"status":0},{"playerId":2241999,"score":550,"energy":36,"posx":13,"posy":5,"lastAction":5,"status":0}],"golds":[{"posx":5,"posy":1,"amount":350},{"posx":7,"posy":1,"amount":150},{"posx":9,"posy":1,"amount":450},{"posx":0,"posy":2,"amount":50},{"posx":7,"posy":2,"amount":700},{"posx":15,"posy":3,"amount":250},{"posx":18,"posy":3,"amount":250},{"posx":20,"posy":3,"amount":350},{"posx":6,"posy":4,"amount":450},{"posx":2,"posy":5,"amount":650},{"posx":13,"posy":5,"amount":100},{"posx":0,"posy":6,"amount":750},{"posx":6,"posy":6,"amount":100},{"posx":10,"posy":6,"amount":400},{"posx":6,"posy":7,"amount":50},{"posx":9,"posy":8,"amount":200},{"posx":11,"posy":8,"amount":200}],"changedObstacles":[]},{"players":[{"playerId":2451990,"score":650,"energy":8,"posx":13,"posy":5,"lastAction":5,"status":0},{"playerId":2583616,"score":600,"energy":14,"posx":20,"posy":3,"lastAction":4,"status":0},{"playerId":2619262,"score":550,"energy":3,"posx":20,"posy":3,"lastAction":5,"status":0},{"playerId":2241999,"score":600,"energy":31,"posx":13,"posy":5,"lastAction":5,"status":0}],"golds":[{"posx":5,"posy":1,"amount":350},{"posx":7,"posy":1,"amount":150},{"posx":9,"posy":1,"amount":450},{"posx":0,"posy":2,"amount":50},{"posx":7,"posy":2,"amount":700},{"posx":15,"posy":3,"amount":250},{"posx":18,"posy":3,"amount":250},{"posx":20,"posy":3,"amount":300},{"posx":6,"posy":4,"amount":450},{"posx":2,"posy":5,"amount":650},{"posx":0,"posy":6,"amount":750},{"posx":6,"posy":6,"amount":100},{"posx":10,"posy":6,"amount":400},{"posx":6,"posy":7,"amount":50},{"posx":9,"posy":8,"amount":200},{"posx":11,"posy":8,"amount":200}],"changedObstacles":[{"type":0,"posx":13,"posy":5,"value":-1}]},{"players":[{"playerId":2451990,"score":650,"energy":7,"posx":13,"posy":4,"lastAction":2,"status":0},{"playerId":2583616,"score":600,"energy":30,"posx":20,"posy":3,"lastAction":4,"status":0},{"playerId":2619262,"score":550,"energy":15,"posx":20,"posy":3,"lastAction":4,"status":0},{"playerId":2241999,"score":600,"energy":30,"posx":13,"posy":6,"lastAction":3,"status":0}],"golds":[{"posx":5,"posy":1,"amount":350},{"posx":7,"posy":1,"amount":150},{"posx":9,"posy":1,"amount":450},{"posx":0,"posy":2,"amount":50},{"posx":7,"posy":2,"amount":700},{"posx":15,"posy":3,"amount":250},{"posx":18,"posy":3,"amount":250},{"posx":20,"posy":3,"amount":300},{"posx":6,"posy":4,"amount":450},{"posx":2,"posy":5,"amount":650},{"posx":0,"posy":6,"amount":750},{"posx":6,"posy":6,"amount":100},{"posx":10,"posy":6,"amount":400},{"posx":6,"posy":7,"amount":50},{"posx":9,"posy":8,"amount":200},{"posx":11,"posy":8,"amount":200}],"changedObstacles":[]},{"players":[{"playerId":2451990,"score":650,"energy":6,"posx":12,"posy":4,"lastAction":0,"status":0},{"playerId":2583616,"score":600,"energy":50,"posx":20,"posy":3,"lastAction":4,"status":0},{"playerId":2619262,"score":600,"energy":10,"posx":20,"posy":3,"lastAction":5,"status":0},{"playerId":2241999,"score":600,"energy":29,"posx":12,"posy":6,"lastAction":0,"status":0}],"golds":[{"posx":5,"posy":1,"amount":350},{"posx":7,"posy":1,"amount":150},{"posx":9,"posy":1,"amount":450},{"posx":0,"posy":2,"amount":50},{"posx":7,"posy":2,"amount":700},{"posx":15,"posy":3,"amount":250},{"posx":18,"posy":3,"amount":250},{"posx":20,"posy":3,"amount":250},{"posx":6,"posy":4,"amount":450},{"posx":2,"posy":5,"amount":650},{"posx":0,"posy":6,"amount":750},{"posx":6,"posy":6,"amount":100},{"posx":10,"posy":6,"amount":400},{"posx":6,"posy":7,"amount":50},{"posx":9,"posy":8,"amount":200},{"posx":11,"posy":8,"amount":200}],"changedObstacles":[]},{"players":[{"playerId":2451990,"score":650,"energy":5,"posx":11,"posy":4,"lastAction":0,"status":0},{"playerId":2583616,"score":650,"energy":45,"posx":20,"posy":3,"lastAction":5,"status":0},{"playerId":2619262,"score":650,"energy":5,"posx":20,"posy":3,"lastAction":5,"status":0},{"playerId":2241999,"score":600,"energy":15,"posx":11,"posy":6,"lastAction":0,"status":0}],"golds":[{"posx":5,"posy":1,"amount":350},{"posx":7,"posy":1,"amount":150},{"posx":9,"posy":1,"amount":450},{"posx":0,"posy":2,"amount":50},{"posx":7,"posy":2,"amount":700},{"posx":15,"posy":3,"amount":250},{"posx":18,"posy":3,"amount":250},{"posx":20,"posy":3,"amount":150},{"posx":6,"posy":4,"amount":450},{"posx":2,"posy":5,"amount":650},{"posx":0,"posy":6,"amount":750},{"posx":6,"posy":6,"amount":100},{"posx":10,"posy":6,"amount":400},{"posx":6,"posy":7,"amount":50},{"posx":9,"posy":8,"amount":200},{"posx":11,"posy":8,"amount":200}],"changedObstacles":[]},{"players":[{"playerId":2451990,"score":650,"energy":17,"posx":11,"posy":4,"lastAction":4,"status":0},{"playerId":2583616,"score":700,"energy":40,"posx":20,"posy":3,"lastAction":5,"status":0},{"playerId":2619262,"score":650,"energy":17,"posx":20,"posy":3,"lastAction":4,"status":0},{"playerId":2241999,"score":600,"energy":11,"posx":10,"posy":6,"lastAction":0,"status":0}],"golds":[{"posx":5,"posy":1,"amount":350},{"posx":7,"posy":1,"amount":150},{"posx":9,"posy":1,"amount":450},{"posx":0,"posy":2,"amount":50},{"posx":7,"posy":2,"amount":700},{"posx":15,"posy":3,"amount":250},{"posx":18,"posy":3,"amount":250},{"posx":20,"posy":3,"amount":100},{"posx":6,"posy":4,"amount":450},{"posx":2,"posy":5,"amount":650},{"posx":0,"posy":6,"amount":750},{"posx":6,"posy":6,"amount":100},{"posx":10,"posy":6,"amount":400},{"posx":6,"posy":7,"amount":50},{"posx":9,"posy":8,"amount":200},{"posx":11,"posy":8,"amount":200}],"changedObstacles":[]},{"players":[{"playerId":2451990,"score":650,"energy":33,"posx":11,"posy":4,"lastAction":4,"status":0},{"playerId":2583616,"score":750,"energy":35,"posx":20,"posy":3,"lastAction":5,"status":0},{"playerId":2619262,"score":700,"energy":12,"posx":20,"posy":3,"lastAction":5,"status":0},{"playerId":2241999,"score":650,"energy":6,"posx":10,"posy":6,"lastAction":5,"status":0}],"golds":[{"posx":5,"posy":1,"amount":350},{"posx":7,"posy":1,"amount":150},{"posx":9,"posy":1,"amount":450},{"posx":0,"posy":2,"amount":50},{"posx":7,"posy":2,"amount":700},{"posx":15,"posy":3,"amount":250},{"posx":18,"posy":3,"amount":250},{"posx":6,"posy":4,"amount":450},{"posx":2,"posy":5,"amount":650},{"posx":0,"posy":6,"amount":750},{"posx":6,"posy":6,"amount":100},{"posx":10,"posy":6,"amount":350},{"posx":6,"posy":7,"amount":50},{"posx":9,"posy":8,"amount":200},{"posx":11,"posy":8,"amount":200}],"changedObstacles":[{"type":0,"posx":20,"posy":3,"value":-1}]},{"players":[{"playerId":2451990,"score":650,"energy":50,"posx":11,"posy":4,"lastAction":4,"status":0},{"playerId":2583616,"score":750,"energy":34,"posx":19,"posy":3,"lastAction":0,"status":0},{"playerId":2619262,"score":700,"energy":11,"posx":19,"posy":3,"lastAction":0,"status":0},{"playerId":2241999,"score":700,"energy":1,"posx":10,"posy":6,"lastAction":5,"status":0}],"golds":[{"posx":5,"posy":1,"amount":350},{"posx":7,"posy":1,"amount":150},{"posx":9,"posy":1,"amount":450},{"posx":0,"posy":2,"amount":50},{"posx":7,"posy":2,"amount":700},{"posx":15,"posy":3,"amount":250},{"posx":18,"posy":3,"amount":250},{"posx":6,"posy":4,"amount":450},{"posx":2,"posy":5,"amount":650},{"posx":0,"posy":6,"amount":750},{"posx":6,"posy":6,"amount":100},{"posx":10,"posy":6,"amount":300},{"posx":6,"posy":7,"amount":50},{"posx":9,"posy":8,"amount":200},{"posx":11,"posy":8,"amount":200}],"changedObstacles":[]},{"players":[{"playerId":2451990,"score":650,"energy":45,"posx":10,"posy":4,"lastAction":0,"status":0},{"playerId":2583616,"score":750,"energy":30,"posx":18,"posy":3,"lastAction":0,"status":0},{"playerId":2619262,"score":700,"energy":7,"posx":18,"posy":3,"lastAction":0,"status":0},{"playerId":2241999,"score":700,"energy":13,"posx":10,"posy":6,"lastAction":4,"status":0}],"golds":[{"posx":5,"posy":1,"amount":350},{"posx":7,"posy":1,"amount":150},{"posx":9,"posy":1,"amount":450},{"posx":0,"posy":2,"amount":50},{"posx":7,"posy":2,"amount":700},{"posx":15,"posy":3,"amount":250},{"posx":18,"posy":3,"amount":250},{"posx":6,"posy":4,"amount":450},{"posx":2,"posy":5,"amount":650},{"posx":0,"posy":6,"amount":750},{"posx":6,"posy":6,"amount":100},{"posx":10,"posy":6,"amount":300},{"posx":6,"posy":7,"amount":50},{"posx":9,"posy":8,"amount":200},{"posx":11,"posy":8,"amount":200}],"changedObstacles":[{"type":3,"posx":10,"posy":4,"value":-20}]},{"players":[{"playerId":2451990,"score":650,"energy":40,"posx":9,"posy":4,"lastAction":0,"status":0},{"playerId":2583616,"score":800,"energy":25,"posx":18,"posy":3,"lastAction":5,"status":0},{"playerId":2619262,"score":750,"energy":2,"posx":18,"posy":3,"lastAction":5,"status":0},{"playerId":2241999,"score":750,"energy":8,"posx":10,"posy":6,"lastAction":5,"status":0}],"golds":[{"posx":5,"posy":1,"amount":350},{"posx":7,"posy":1,"amount":150},{"posx":9,"posy":1,"amount":450},{"posx":0,"posy":2,"amount":50},{"posx":7,"posy":2,"amount":700},{"posx":15,"posy":3,"amount":250},{"posx":18,"posy":3,"amount":150},{"posx":6,"posy":4,"amount":450},{"posx":2,"posy":5,"amount":650},{"posx":0,"posy":6,"amount":750},{"posx":6,"posy":6,"amount":100},{"posx":10,"posy":6,"amount":250},{"posx":6,"posy":7,"amount":50},{"posx":9,"posy":8,"amount":200},{"posx":11,"posy":8,"amount":200}],"changedObstacles":[{"type":3,"posx":9,"posy":4,"value":-20}]},{"players":[{"playerId":2451990,"score":650,"energy":39,"posx":8,"posy":4,"lastAction":0,"status":0},{"playerId":2583616,"score":850,"energy":20,"posx":18,"posy":3,"lastAction":5,"status":0},{"playerId":2619262,"score":750,"energy":14,"posx":18,"posy":3,"lastAction":4,"status":0},{"playerId":2241999,"score":800,"energy":3,"posx":10,"posy":6,"lastAction":5,"status":0}],"golds":[{"posx":5,"posy":1,"amount":350},{"posx":7,"posy":1,"amount":150},{"posx":9,"posy":1,"amount":450},{"posx":0,"posy":2,"amount":50},{"posx":7,"posy":2,"amount":700},{"posx":15,"posy":3,"amount":250},{"posx":18,"posy":3,"amount":100},{"posx":6,"posy":4,"amount":450},{"posx":2,"posy":5,"amount":650},{"posx":0,"posy":6,"amount":750},{"posx":6,"posy":6,"amount":100},{"posx":10,"posy":6,"amount":200},{"posx":6,"posy":7,"amount":50},{"posx":9,"posy":8,"amount":200},{"posx":11,"posy":8,"amount":200}],"changedObstacles":[]},{"players":[{"playerId":2451990,"score":650,"energy":38,"posx":7,"posy":4,"lastAction":0,"status":0},{"playerId":2583616,"score":900,"energy":15,"posx":18,"posy":3,"lastAction":5,"status":0},{"playerId":2619262,"score":800,"energy":9,"posx":18,"posy":3,"lastAction":5,"status":0},{"playerId":2241999,"score":800,"energy":15,"posx":10,"posy":6,"lastAction":4,"status":0}],"golds":[{"posx":5,"posy":1,"amount":350},{"posx":7,"posy":1,"amount":150},{"posx":9,"posy":1,"amount":450},{"posx":0,"posy":2,"amount":50},{"posx":7,"posy":2,"amount":700},{"posx":15,"posy":3,"amount":250},{"posx":6,"posy":4,"amount":450},{"posx":2,"posy":5,"amount":650},{"posx":0,"posy":6,"amount":750},{"posx":6,"posy":6,"amount":100},{"posx":10,"posy":6,"amount":200},{"posx":6,"posy":7,"amount":50},{"posx":9,"posy":8,"amount":200},{"posx":11,"posy":8,"amount":200}],"changedObstacles":[{"type":0,"posx":18,"posy":3,"value":-1}]},{"players":[{"playerId":2451990,"score":650,"energy":34,"posx":6,"posy":4,"lastAction":0,"status":0},{"playerId":2583616,"score":900,"energy":27,"posx":18,"posy":3,"lastAction":4,"status":0},{"playerId":2619262,"score":800,"energy":4,"posx":18,"posy":2,"lastAction":2,"status":0},{"playerId":2241999,"score":850,"energy":10,"posx":10,"posy":6,"lastAction":5,"status":0}],"golds":[{"posx":5,"posy":1,"amount":350},{"posx":7,"posy":1,"amount":150},{"posx":9,"posy":1,"amount":450},{"posx":0,"posy":2,"amount":50},{"posx":7,"posy":2,"amount":700},{"posx":15,"posy":3,"amount":250},{"posx":6,"posy":4,"amount":450},{"posx":2,"posy":5,"amount":650},{"posx":0,"posy":6,"amount":750},{"posx":6,"posy":6,"amount":100},{"posx":10,"posy":6,"amount":150},{"posx":6,"posy":7,"amount":50},{"posx":9,"posy":8,"amount":200},{"posx":11,"posy":8,"amount":200}],"changedObstacles":[{"type":3,"posx":18,"posy":2,"value":-20}]},{"players":[{"playerId":2451990,"score":700,"energy":29,"posx":6,"posy":4,"lastAction":5,"status":0},{"playerId":2583616,"score":900,"energy":43,"posx":18,"posy":3,"lastAction":4,"status":0},{"playerId":2619262,"score":800,"energy":16,"posx":18,"posy":2,"lastAction":4,"status":0},{"playerId":2241999,"score":900,"energy":5,"posx":10,"posy":6,"lastAction":5,"status":0}],"golds":[{"posx":5,"posy":1,"amount":350},{"posx":7,"posy":1,"amount":150},{"posx":9,"posy":1,"amount":450},{"posx":0,"posy":2,"amount":50},{"posx":7,"posy":2,"amount":700},{"posx":15,"posy":3,"amount":250},{"posx":6,"posy":4,"amount":400},{"posx":2,"posy":5,"amount":650},{"posx":0,"posy":6,"amount":750},{"posx":6,"posy":6,"amount":100},{"posx":10,"posy":6,"amount":100},{"posx":6,"posy":7,"amount":50},{"posx":9,"posy":8,"amount":200},{"posx":11,"posy":8,"amount":200}],"changedObstacles":[]},{"players":[{"playerId":2451990,"score":750,"energy":24,"posx":6,"posy":4,"lastAction":5,"status":0},{"playerId":2583616,"score":900,"energy":23,"posx":18,"posy":2,"lastAction":2,"status":0},{"playerId":2619262,"score":800,"energy":6,"posx":17,"posy":2,"lastAction":0,"status":0},{"playerId":2241999,"score":900,"energy":17,"posx":10,"posy":6,"lastAction":4,"status":0}],"golds":[{"posx":5,"posy":1,"amount":350},{"posx":7,"posy":1,"amount":150},{"posx":9,"posy":1,"amount":450},{"posx":0,"posy":2,"amount":50},{"posx":7,"posy":2,"amount":700},{"posx":15,"posy":3,"amount":250},{"posx":6,"posy":4,"amount":350},{"posx":2,"posy":5,"amount":650},{"posx":0,"posy":6,"amount":750},{"posx":6,"posy":6,"amount":100},{"posx":10,"posy":6,"amount":100},{"posx":6,"posy":7,"amount":50},{"posx":9,"posy":8,"amount":200},{"posx":11,"posy":8,"amount":200}],"changedObstacles":[{"type":3,"posx":18,"posy":2,"value":-40},{"type":0,"posx":17,"posy":2,"value":-1}]},{"players":[{"playerId":2451990,"score":800,"energy":19,"posx":6,"posy":4,"lastAction":5,"status":0},{"playerId":2583616,"score":900,"energy":22,"posx":17,"posy":2,"lastAction":0,"status":0},{"playerId":2619262,"score":800,"energy":5,"posx":16,"posy":2,"lastAction":0,"status":0},{"playerId":2241999,"score":950,"energy":12,"posx":10,"posy":6,"lastAction":5,"status":0}],"golds":[{"posx":5,"posy":1,"amount":350},{"posx":7,"posy":1,"amount":150},{"posx":9,"posy":1,"amount":450},{"posx":0,"posy":2,"amount":50},{"posx":7,"posy":2,"amount":700},{"posx":15,"posy":3,"amount":250},{"posx":6,"posy":4,"amount":300},{"posx":2,"posy":5,"amount":650},{"posx":0,"posy":6,"amount":750},{"posx":6,"posy":6,"amount":100},{"posx":10,"posy":6,"amount":50},{"posx":6,"posy":7,"amount":50},{"posx":9,"posy":8,"amount":200},{"posx":11,"posy":8,"amount":200}],"changedObstacles":[]},{"players":[{"playerId":2451990,"score":850,"energy":14,"posx":6,"posy":4,"lastAction":5,"status":0},{"playerId":2583616,"score":900,"energy":21,"posx":16,"posy":2,"lastAction":0,"status":0},{"playerId":2619262,"score":800,"energy":4,"posx":15,"posy":2,"lastAction":0,"status":0},{"playerId":2241999,"score":1000,"energy":7,"posx":10,"posy":6,"lastAction":5,"status":0}],"golds":[{"posx":5,"posy":1,"amount":350},{"posx":7,"posy":1,"amount":150},{"posx":9,"posy":1,"amount":450},{"posx":0,"posy":2,"amount":50},{"posx":7,"posy":2,"amount":700},{"posx":15,"posy":3,"amount":250},{"posx":6,"posy":4,"amount":250},{"posx":2,"posy":5,"amount":650},{"posx":0,"posy":6,"amount":750},{"posx":6,"posy":6,"amount":100},{"posx":6,"posy":7,"amount":50},{"posx":9,"posy":8,"amount":200},{"posx":11,"posy":8,"amount":200}],"changedObstacles":[{"type":0,"posx":10,"posy":6,"value":-1}]},{"players":[{"playerId":2451990,"score":900,"energy":9,"posx":6,"posy":4,"lastAction":5,"status":0},{"playerId":2583616,"score":900,"energy":20,"posx":15,"posy":2,"lastAction":0,"status":0},{"playerId":2619262,"score":800,"energy":16,"posx":15,"posy":2,"lastAction":4,"status":0},{"playerId":2241999,"score":1000,"energy":6,"posx":10,"posy":7,"lastAction":3,"status":0}],"golds":[{"posx":5,"posy":1,"amount":350},{"posx":7,"posy":1,"amount":150},{"posx":9,"posy":1,"amount":450},{"posx":0,"posy":2,"amount":50},{"posx":7,"posy":2,"amount":700},{"posx":15,"posy":3,"amount":250},{"posx":6,"posy":4,"amount":200},{"posx":2,"posy":5,"amount":650},{"posx":0,"posy":6,"amount":750},{"posx":6,"posy":6,"amount":100},{"posx":6,"posy":7,"amount":50},{"posx":9,"posy":8,"amount":200},{"posx":11,"posy":8,"amount":200}],"changedObstacles":[]},{"players":[{"playerId":2451990,"score":950,"energy":4,"posx":6,"posy":4,"lastAction":5,"status":0},{"playerId":2583616,"score":900,"energy":32,"posx":15,"posy":2,"lastAction":4,"status":0},{"playerId":2619262,"score":800,"energy":12,"posx":15,"posy":3,"lastAction":3,"status":0},{"playerId":2241999,"score":1000,"energy":5,"posx":10,"posy":8,"lastAction":3,"status":0}],"golds":[{"posx":5,"posy":1,"amount":350},{"posx":7,"posy":1,"amount":150},{"posx":9,"posy":1,"amount":450},{"posx":0,"posy":2,"amount":50},{"posx":7,"posy":2,"amount":700},{"posx":15,"posy":3,"amount":250},{"posx":6,"posy":4,"amount":150},{"posx":2,"posy":5,"amount":650},{"posx":0,"posy":6,"amount":750},{"posx":6,"posy":6,"amount":100},{"posx":6,"posy":7,"amount":50},{"posx":9,"posy":8,"amount":200},{"posx":11,"posy":8,"amount":200}],"changedObstacles":[]},{"players":[{"playerId":2451990,"score":950,"energy":16,"posx":6,"posy":4,"lastAction":4,"status":0},{"playerId":2583616,"score":900,"energy":48,"posx":15,"posy":2,"lastAction":4,"status":0},{"playerId":2619262,"score":850,"energy":7,"posx":15,"posy":3,"lastAction":5,"status":0},{"playerId":2241999,"score":1000,"energy":17,"posx":10,"posy":8,"lastAction":4,"status":0}],"golds":[{"posx":5,"posy":1,"amount":350},{"posx":7,"posy":1,"amount":150},{"posx":9,"posy":1,"amount":450},{"posx":0,"posy":2,"amount":50},{"posx":7,"posy":2,"amount":700},{"posx":15,"posy":3,"amount":200},{"posx":6,"posy":4,"amount":150},{"posx":2,"posy":5,"amount":650},{"posx":0,"posy":6,"amount":750},{"posx":6,"posy":6,"amount":100},{"posx":6,"posy":7,"amount":50},{"posx":9,"posy":8,"amount":200},{"posx":11,"posy":8,"amount":200}],"changedObstacles":[]},{"players":[{"playerId":2451990,"score":1000,"energy":11,"posx":6,"posy":4,"lastAction":5,"status":0},{"playerId":2583616,"score":900,"energy":47,"posx":14,"posy":2,"lastAction":0,"status":0},{"playerId":2619262,"score":900,"energy":2,"posx":15,"posy":3,"lastAction":5,"status":0},{"playerId":2241999,"score":1000,"energy":33,"posx":10,"posy":8,"lastAction":4,"status":0}],"golds":[{"posx":5,"posy":1,"amount":350},{"posx":7,"posy":1,"amount":150},{"posx":9,"posy":1,"amount":450},{"posx":0,"posy":2,"amount":50},{"posx":7,"posy":2,"amount":700},{"posx":15,"posy":3,"amount":150},{"posx":6,"posy":4,"amount":100},{"posx":2,"posy":5,"amount":650},{"posx":0,"posy":6,"amount":750},{"posx":6,"posy":6,"amount":100},{"posx":6,"posy":7,"amount":50},{"posx":9,"posy":8,"amount":200},{"posx":11,"posy":8,"amount":200}],"changedObstacles":[]},{"players":[{"playerId":2451990,"score":1050,"energy":6,"posx":6,"posy":4,"lastAction":5,"status":0},{"playerId":2583616,"score":900,"energy":37,"posx":13,"posy":2,"lastAction":0,"status":0},{"playerId":2619262,"score":900,"energy":14,"posx":15,"posy":3,"lastAction":4,"status":0},{"playerId":2241999,"score":1000,"energy":50,"posx":10,"posy":8,"lastAction":4,"status":0}],"golds":[{"posx":5,"posy":1,"amount":350},{"posx":7,"posy":1,"amount":150},{"posx":9,"posy":1,"amount":450},{"posx":0,"posy":2,"amount":50},{"posx":7,"posy":2,"amount":700},{"posx":15,"posy":3,"amount":150},{"posx":6,"posy":4,"amount":50},{"posx":2,"posy":5,"amount":650},{"posx":0,"posy":6,"amount":750},{"posx":6,"posy":6,"amount":100},{"posx":6,"posy":7,"amount":50},{"posx":9,"posy":8,"amount":200},{"posx":11,"posy":8,"amount":200}],"changedObstacles":[{"type":0,"posx":13,"posy":2,"value":-1}]},{"players":[{"playerId":2451990,"score":1100,"energy":1,"posx":6,"posy":4,"lastAction":5,"status":0},{"playerId":2583616,"score":900,"energy":36,"posx":12,"posy":2,"lastAction":0,"status":0},{"playerId":2619262,"score":950,"energy":9,"posx":15,"posy":3,"lastAction":5,"status":0},{"playerId":2241999,"score":1000,"energy":46,"posx":9,"posy":8,"lastAction":0,"status":0}],"golds":[{"posx":5,"posy":1,"amount":350},{"posx":7,"posy":1,"amount":150},{"posx":9,"posy":1,"amount":450},{"posx":0,"posy":2,"amount":50},{"posx":7,"posy":2,"amount":700},{"posx":15,"posy":3,"amount":100},{"posx":2,"posy":5,"amount":650},{"posx":0,"posy":6,"amount":750},{"posx":6,"posy":6,"amount":100},{"posx":6,"posy":7,"amount":50},{"posx":9,"posy":8,"amount":200},{"posx":11,"posy":8,"amount":200}],"changedObstacles":[{"type":0,"posx":6,"posy":4,"value":-1}]},{"players":[{"playerId":2451990,"score":1100,"energy":13,"posx":6,"posy":4,"lastAction":4,"status":0},{"playerId":2583616,"score":900,"energy":35,"posx":11,"posy":2,"lastAction":0,"status":0},{"playerId":2619262,"score":1000,"energy":4,"posx":15,"posy":3,"lastAction":5,"status":0},{"playerId":2241999,"score":1050,"energy":41,"posx":9,"posy":8,"lastAction":5,"status":0}],"golds":[{"posx":5,"posy":1,"amount":350},{"posx":7,"posy":1,"amount":150},{"posx":9,"posy":1,"amount":450},{"posx":0,"posy":2,"amount":50},{"posx":7,"posy":2,"amount":700},{"posx":15,"posy":3,"amount":50},{"posx":2,"posy":5,"amount":650},{"posx":0,"posy":6,"amount":750},{"posx":6,"posy":6,"amount":100},{"posx":6,"posy":7,"amount":50},{"posx":9,"posy":8,"amount":150},{"posx":11,"posy":8,"amount":200}],"changedObstacles":[]},{"players":[{"playerId":2451990,"score":1100,"energy":29,"posx":6,"posy":4,"lastAction":4,"status":0},{"playerId":2583616,"score":900,"energy":34,"posx":10,"posy":2,"lastAction":0,"status":0},{"playerId":2619262,"score":1000,"energy":16,"posx":15,"posy":3,"lastAction":4,"status":0},{"playerId":2241999,"score":1100,"energy":36,"posx":9,"posy":8,"lastAction":5,"status":0}],"golds":[{"posx":5,"posy":1,"amount":350},{"posx":7,"posy":1,"amount":150},{"posx":9,"posy":1,"amount":450},{"posx":0,"posy":2,"amount":50},{"posx":7,"posy":2,"amount":700},{"posx":15,"posy":3,"amount":50},{"posx":2,"posy":5,"amount":650},{"posx":0,"posy":6,"amount":750},{"posx":6,"posy":6,"amount":100},{"posx":6,"posy":7,"amount":50},{"posx":9,"posy":8,"amount":100},{"posx":11,"posy":8,"amount":200}],"changedObstacles":[]},{"players":[{"playerId":2451990,"score":1100,"energy":50,"posx":6,"posy":4,"lastAction":4,"status":0},{"playerId":2583616,"score":900,"energy":33,"posx":9,"posy":2,"lastAction":0,"status":0},{"playerId":2619262,"score":1050,"energy":11,"posx":15,"posy":3,"lastAction":5,"status":0},{"playerId":2241999,"score":1150,"energy":31,"posx":9,"posy":8,"lastAction":5,"status":0}],"golds":[{"posx":5,"posy":1,"amount":350},{"posx":7,"posy":1,"amount":150},{"posx":9,"posy":1,"amount":450},{"posx":0,"posy":2,"amount":50},{"posx":7,"posy":2,"amount":700},{"posx":2,"posy":5,"amount":650},{"posx":0,"posy":6,"amount":750},{"posx":6,"posy":6,"amount":100},{"posx":6,"posy":7,"amount":50},{"posx":9,"posy":8,"amount":50},{"posx":11,"posy":8,"amount":200}],"changedObstacles":[{"type":0,"posx":15,"posy":3,"value":-1}]},{"players":[{"playerId":2451990,"score":1100,"energy":49,"posx":5,"posy":4,"lastAction":0,"status":0},{"playerId":2583616,"score":900,"energy":24,"posx":8,"posy":2,"lastAction":0,"status":0},{"playerId":2619262,"score":1050,"energy":1,"posx":14,"posy":3,"lastAction":0,"status":0},{"playerId":2241999,"score":1200,"energy":26,"posx":9,"posy":8,"lastAction":5,"status":0}],"golds":[{"posx":5,"posy":1,"amount":350},{"posx":7,"posy":1,"amount":150},{"posx":9,"posy":1,"amount":450},{"posx":0,"posy":2,"amount":50},{"posx":7,"posy":2,"amount":700},{"posx":2,"posy":5,"amount":650},{"posx":0,"posy":6,"amount":750},{"posx":6,"posy":6,"amount":100},{"posx":6,"posy":7,"amount":50},{"posx":11,"posy":8,"amount":200}],"changedObstacles":[{"type":0,"posx":14,"posy":3,"value":-1},{"type":0,"posx":9,"posy":8,"value":-1}]},{"players":[{"playerId":2451990,"score":1100,"energy":48,"posx":4,"posy":4,"lastAction":0,"status":0},{"playerId":2583616,"score":900,"energy":20,"posx":7,"posy":2,"lastAction":0,"status":0},{"playerId":2619262,"score":1050,"energy":13,"posx":14,"posy":3,"lastAction":4,"status":0},{"playerId":2241999,"score":1200,"energy":25,"posx":10,"posy":8,"lastAction":1,"status":0}],"golds":[{"posx":5,"posy":1,"amount":350},{"posx":7,"posy":1,"amount":150},{"posx":9,"posy":1,"amount":450},{"posx":0,"posy":2,"amount":50},{"posx":7,"posy":2,"amount":700},{"posx":2,"posy":5,"amount":650},{"posx":0,"posy":6,"amount":750},{"posx":6,"posy":6,"amount":100},{"posx":6,"posy":7,"amount":50},{"posx":11,"posy":8,"amount":200}],"changedObstacles":[]},{"players":[{"playerId":2451990,"score":1100,"energy":47,"posx":3,"posy":4,"lastAction":0,"status":0},{"playerId":2583616,"score":950,"energy":15,"posx":7,"posy":2,"lastAction":5,"status":0},{"playerId":2619262,"score":1050,"energy":8,"posx":13,"posy":3,"lastAction":0,"status":0},{"playerId":2241999,"score":1200,"energy":21,"posx":11,"posy":8,"lastAction":1,"status":0}],"golds":[{"posx":5,"posy":1,"amount":350},{"posx":7,"posy":1,"amount":150},{"posx":9,"posy":1,"amount":450},{"posx":0,"posy":2,"amount":50},{"posx":7,"posy":2,"amount":650},{"posx":2,"posy":5,"amount":650},{"posx":0,"posy":6,"amount":750},{"posx":6,"posy":6,"amount":100},{"posx":6,"posy":7,"amount":50},{"posx":11,"posy":8,"amount":200}],"changedObstacles":[{"type":3,"posx":13,"posy":3,"value":-20}]},{"players":[{"playerId":2451990,"score":1100,"energy":46,"posx":2,"posy":4,"lastAction":0,"status":0},{"playerId":2583616,"score":1000,"energy":10,"posx":7,"posy":2,"lastAction":5,"status":0},{"playerId":2619262,"score":1050,"energy":3,"posx":12,"posy":3,"lastAction":0,"status":0},{"playerId":2241999,"score":1250,"energy":16,"posx":11,"posy":8,"lastAction":5,"status":0}],"golds":[{"posx":5,"posy":1,"amount":350},{"posx":7,"posy":1,"amount":150},{"posx":9,"posy":1,"amount":450},{"posx":0,"posy":2,"amount":50},{"posx":7,"posy":2,"amount":600},{"posx":2,"posy":5,"amount":650},{"posx":0,"posy":6,"amount":750},{"posx":6,"posy":6,"amount":100},{"posx":6,"posy":7,"amount":50},{"posx":11,"posy":8,"amount":150}],"changedObstacles":[{"type":3,"posx":12,"posy":3,"value":-20}]},{"players":[{"playerId":2451990,"score":1100,"energy":42,"posx":2,"posy":5,"lastAction":3,"status":0},{"playerId":2583616,"score":1050,"energy":5,"posx":7,"posy":2,"lastAction":5,"status":0},{"playerId":2619262,"score":1050,"energy":15,"posx":12,"posy":3,"lastAction":4,"status":0},{"playerId":2241999,"score":1300,"energy":11,"posx":11,"posy":8,"lastAction":5,"status":0}],"golds":[{"posx":5,"posy":1,"amount":350},{"posx":7,"posy":1,"amount":150},{"posx":9,"posy":1,"amount":450},{"posx":0,"posy":2,"amount":50},{"posx":7,"posy":2,"amount":550},{"posx":2,"posy":5,"amount":650},{"posx":0,"posy":6,"amount":750},{"posx":6,"posy":6,"amount":100},{"posx":6,"posy":7,"amount":50},{"posx":11,"posy":8,"amount":100}],"changedObstacles":[]},{"players":[{"playerId":2451990,"score":1150,"energy":37,"posx":2,"posy":5,"lastAction":5,"status":0},{"playerId":2583616,"score":1050,"energy":17,"posx":7,"posy":2,"lastAction":4,"status":0},{"playerId":2619262,"score":1050,"energy":5,"posx":11,"posy":3,"lastAction":0,"status":0},{"playerId":2241999,"score":1350,"energy":6,"posx":11,"posy":8,"lastAction":5,"status":0}],"golds":[{"posx":5,"posy":1,"amount":350},{"posx":7,"posy":1,"amount":150},{"posx":9,"posy":1,"amount":450},{"posx":0,"posy":2,"amount":50},{"posx":7,"posy":2,"amount":550},{"posx":2,"posy":5,"amount":600},{"posx":0,"posy":6,"amount":750},{"posx":6,"posy":6,"amount":100},{"posx":6,"posy":7,"amount":50},{"posx":11,"posy":8,"amount":50}],"changedObstacles":[{"type":0,"posx":11,"posy":3,"value":-1}]},{"players":[{"playerId":2451990,"score":1200,"energy":32,"posx":2,"posy":5,"lastAction":5,"status":0},{"playerId":2583616,"score":1050,"energy":33,"posx":7,"posy":2,"lastAction":4,"status":0},{"playerId":2619262,"score":1050,"energy":4,"posx":10,"posy":3,"lastAction":0,"status":0},{"playerId":2241999,"score":1400,"energy":1,"posx":11,"posy":8,"lastAction":5,"status":0}],"golds":[{"posx":5,"posy":1,"amount":350},{"posx":7,"posy":1,"amount":150},{"posx":9,"posy":1,"amount":450},{"posx":0,"posy":2,"amount":50},{"posx":7,"posy":2,"amount":550},{"posx":2,"posy":5,"amount":550},{"posx":0,"posy":6,"amount":750},{"posx":6,"posy":6,"amount":100},{"posx":6,"posy":7,"amount":50}],"changedObstacles":[{"type":0,"posx":11,"posy":8,"value":-1}]},{"players":[{"playerId":2451990,"score":1250,"energy":27,"posx":2,"posy":5,"lastAction":5,"status":0},{"playerId":2583616,"score":1050,"energy":50,"posx":7,"posy":2,"lastAction":4,"status":0},{"playerId":2619262,"score":1050,"energy":3,"posx":9,"posy":3,"lastAction":0,"status":0},{"playerId":2241999,"score":1400,"energy":13,"posx":11,"posy":8,"lastAction":4,"status":0}],"golds":[{"posx":5,"posy":1,"amount":350},{"posx":7,"posy":1,"amount":150},{"posx":9,"posy":1,"amount":450},{"posx":0,"posy":2,"amount":50},{"posx":7,"posy":2,"amount":550},{"posx":2,"posy":5,"amount":500},{"posx":0,"posy":6,"amount":750},{"posx":6,"posy":6,"amount":100},{"posx":6,"posy":7,"amount":50}],"changedObstacles":[]},{"players":[{"playerId":2451990,"score":1300,"energy":22,"posx":2,"posy":5,"lastAction":5,"status":0},{"playerId":2583616,"score":1100,"energy":45,"posx":7,"posy":2,"lastAction":5,"status":0},{"playerId":2619262,"score":1050,"energy":2,"posx":9,"posy":2,"lastAction":2,"status":0},{"playerId":2241999,"score":1400,"energy":29,"posx":11,"posy":8,"lastAction":4,"status":0}],"golds":[{"posx":5,"posy":1,"amount":350},{"posx":7,"posy":1,"amount":150},{"posx":9,"posy":1,"amount":450},{"posx":0,"posy":2,"amount":50},{"posx":7,"posy":2,"amount":500},{"posx":2,"posy":5,"amount":450},{"posx":0,"posy":6,"amount":750},{"posx":6,"posy":6,"amount":100},{"posx":6,"posy":7,"amount":50}],"changedObstacles":[]},{"players":[{"playerId":2451990,"score":1350,"energy":17,"posx":2,"posy":5,"lastAction":5,"status":0},{"playerId":2583616,"score":1150,"energy":40,"posx":7,"posy":2,"lastAction":5,"status":0},{"playerId":2619262,"score":1050,"energy":14,"posx":9,"posy":2,"lastAction":4,"status":0},{"playerId":2241999,"score":1400,"energy":50,"posx":11,"posy":8,"lastAction":4,"status":0}],"golds":[{"posx":5,"posy":1,"amount":350},{"posx":7,"posy":1,"amount":150},{"posx":9,"posy":1,"amount":450},{"posx":0,"posy":2,"amount":50},{"posx":7,"posy":2,"amount":450},{"posx":2,"posy":5,"amount":400},{"posx":0,"posy":6,"amount":750},{"posx":6,"posy":6,"amount":100},{"posx":6,"posy":7,"amount":50}],"changedObstacles":[]},{"players":[{"playerId":2451990,"score":1400,"energy":12,"posx":2,"posy":5,"lastAction":5,"status":0},{"playerId":2583616,"score":1200,"energy":35,"posx":7,"posy":2,"lastAction":5,"status":0},{"playerId":2619262,"score":1050,"energy":10,"posx":9,"posy":1,"lastAction":2,"status":0},{"playerId":2241999,"score":1400,"energy":49,"posx":10,"posy":8,"lastAction":0,"status":0}],"golds":[{"posx":5,"posy":1,"amount":350},{"posx":7,"posy":1,"amount":150},{"posx":9,"posy":1,"amount":450},{"posx":0,"posy":2,"amount":50},{"posx":7,"posy":2,"amount":400},{"posx":2,"posy":5,"amount":350},{"posx":0,"posy":6,"amount":750},{"posx":6,"posy":6,"amount":100},{"posx":6,"posy":7,"amount":50}],"changedObstacles":[]},{"players":[{"playerId":2451990,"score":1450,"energy":7,"posx":2,"posy":5,"lastAction":5,"status":0},{"playerId":2583616,"score":1250,"energy":30,"posx":7,"posy":2,"lastAction":5,"status":0},{"playerId":2619262,"score":1100,"energy":5,"posx":9,"posy":1,"lastAction":5,"status":0},{"playerId":2241999,"score":1400,"energy":48,"posx":9,"posy":8,"lastAction":0,"status":0}],"golds":[{"posx":5,"posy":1,"amount":350},{"posx":7,"posy":1,"amount":150},{"posx":9,"posy":1,"amount":400},{"posx":0,"posy":2,"amount":50},{"posx":7,"posy":2,"amount":350},{"posx":2,"posy":5,"amount":300},{"posx":0,"posy":6,"amount":750},{"posx":6,"posy":6,"amount":100},{"posx":6,"posy":7,"amount":50}],"changedObstacles":[]},{"players":[{"playerId":2451990,"score":1500,"energy":2,"posx":2,"posy":5,"lastAction":5,"status":0},{"playerId":2583616,"score":1300,"energy":25,"posx":7,"posy":2,"lastAction":5,"status":0},{"playerId":2619262,"score":1100,"energy":17,"posx":9,"posy":1,"lastAction":4,"status":0},{"playerId":2241999,"score":1400,"energy":47,"posx":8,"posy":8,"lastAction":0,"status":0}],"golds":[{"posx":5,"posy":1,"amount":350},{"posx":7,"posy":1,"amount":150},{"posx":9,"posy":1,"amount":400},{"posx":0,"posy":2,"amount":50},{"posx":7,"posy":2,"amount":300},{"posx":2,"posy":5,"amount":250},{"posx":0,"posy":6,"amount":750},{"posx":6,"posy":6,"amount":100},{"posx":6,"posy":7,"amount":50}],"changedObstacles":[]},{"players":[{"playerId":2451990,"score":1500,"energy":14,"posx":2,"posy":5,"lastAction":4,"status":0},{"playerId":2583616,"score":1350,"energy":20,"posx":7,"posy":2,"lastAction":5,"status":0},{"playerId":2619262,"score":1150,"energy":12,"posx":9,"posy":1,"lastAction":5,"status":0},{"playerId":2241999,"score":1400,"energy":46,"posx":7,"posy":8,"lastAction":0,"status":0}],"golds":[{"posx":5,"posy":1,"amount":350},{"posx":7,"posy":1,"amount":150},{"posx":9,"posy":1,"amount":350},{"posx":0,"posy":2,"amount":50},{"posx":7,"posy":2,"amount":250},{"posx":2,"posy":5,"amount":250},{"posx":0,"posy":6,"amount":750},{"posx":6,"posy":6,"amount":100},{"posx":6,"posy":7,"amount":50}],"changedObstacles":[]},{"players":[{"playerId":2451990,"score":1500,"energy":30,"posx":2,"posy":5,"lastAction":4,"status":0},{"playerId":2583616,"score":1400,"energy":15,"posx":7,"posy":2,"lastAction":5,"status":0},{"playerId":2619262,"score":1200,"energy":7,"posx":9,"posy":1,"lastAction":5,"status":0},{"playerId":2241999,"score":1400,"energy":45,"posx":7,"posy":7,"lastAction":2,"status":0}],"golds":[{"posx":5,"posy":1,"amount":350},{"posx":7,"posy":1,"amount":150},{"posx":9,"posy":1,"amount":300},{"posx":0,"posy":2,"amount":50},{"posx":7,"posy":2,"amount":200},{"posx":2,"posy":5,"amount":250},{"posx":0,"posy":6,"amount":750},{"posx":6,"posy":6,"amount":100},{"posx":6,"posy":7,"amount":50}],"changedObstacles":[]},{"players":[{"playerId":2451990,"score":1550,"energy":25,"posx":2,"posy":5,"lastAction":5,"status":0},{"playerId":2583616,"score":1450,"energy":10,"posx":7,"posy":2,"lastAction":5,"status":0},{"playerId":2619262,"score":1250,"energy":2,"posx":9,"posy":1,"lastAction":5,"status":0},{"playerId":2241999,"score":1400,"energy":41,"posx":6,"posy":7,"lastAction":0,"status":0}],"golds":[{"posx":5,"posy":1,"amount":350},{"posx":7,"posy":1,"amount":150},{"posx":9,"posy":1,"amount":250},{"posx":0,"posy":2,"amount":50},{"posx":7,"posy":2,"amount":150},{"posx":2,"posy":5,"amount":200},{"posx":0,"posy":6,"amount":750},{"posx":6,"posy":6,"amount":100},{"posx":6,"posy":7,"amount":50}],"changedObstacles":[]},{"players":[{"playerId":2451990,"score":1600,"energy":20,"posx":2,"posy":5,"lastAction":5,"status":0},{"playerId":2583616,"score":1500,"energy":5,"posx":7,"posy":2,"lastAction":5,"status":0},{"playerId":2619262,"score":1250,"energy":14,"posx":9,"posy":1,"lastAction":4,"status":0},{"playerId":2241999,"score":1450,"energy":36,"posx":6,"posy":7,"lastAction":5,"status":0}],"golds":[{"posx":5,"posy":1,"amount":350},{"posx":7,"posy":1,"amount":150},{"posx":9,"posy":1,"amount":250},{"posx":0,"posy":2,"amount":50},{"posx":7,"posy":2,"amount":100},{"posx":2,"posy":5,"amount":150},{"posx":0,"posy":6,"amount":750},{"posx":6,"posy":6,"amount":100}],"changedObstacles":[{"type":0,"posx":6,"posy":7,"value":-1}]},{"players":[{"playerId":2451990,"score":1650,"energy":15,"posx":2,"posy":5,"lastAction":5,"status":0},{"playerId":2583616,"score":1500,"energy":17,"posx":7,"posy":2,"lastAction":4,"status":0},{"playerId":2619262,"score":1300,"energy":9,"posx":9,"posy":1,"lastAction":5,"status":0},{"playerId":2241999,"score":1450,"energy":32,"posx":6,"posy":6,"lastAction":2,"status":0}],"golds":[{"posx":5,"posy":1,"amount":350},{"posx":7,"posy":1,"amount":150},{"posx":9,"posy":1,"amount":200},{"posx":0,"posy":2,"amount":50},{"posx":7,"posy":2,"amount":100},{"posx":2,"posy":5,"amount":100},{"posx":0,"posy":6,"amount":750},{"posx":6,"posy":6,"amount":100}],"changedObstacles":[]},{"players":[{"playerId":2451990,"score":1700,"energy":10,"posx":2,"posy":5,"lastAction":5,"status":0},{"playerId":2583616,"score":1500,"energy":33,"posx":7,"posy":2,"lastAction":4,"status":0},{"playerId":2619262,"score":1350,"energy":4,"posx":9,"posy":1,"lastAction":5,"status":0},{"playerId":2241999,"score":1500,"energy":27,"posx":6,"posy":6,"lastAction":5,"status":0}],"golds":[{"posx":5,"posy":1,"amount":350},{"posx":7,"posy":1,"amount":150},{"posx":9,"posy":1,"amount":150},{"posx":0,"posy":2,"amount":50},{"posx":7,"posy":2,"amount":100},{"posx":2,"posy":5,"amount":50},{"posx":0,"posy":6,"amount":750},{"posx":6,"posy":6,"amount":50}],"changedObstacles":[]},{"players":[{"playerId":2451990,"score":1750,"energy":5,"posx":2,"posy":5,"lastAction":5,"status":0},{"playerId":2583616,"score":1500,"energy":50,"posx":7,"posy":2,"lastAction":4,"status":0},{"playerId":2619262,"score":1350,"energy":16,"posx":9,"posy":1,"lastAction":4,"status":0},{"playerId":2241999,"score":1550,"energy":22,"posx":6,"posy":6,"lastAction":5,"status":0}],"golds":[{"posx":5,"posy":1,"amount":350},{"posx":7,"posy":1,"amount":150},{"posx":9,"posy":1,"amount":150},{"posx":0,"posy":2,"amount":50},{"posx":7,"posy":2,"amount":100},{"posx":0,"posy":6,"amount":750}],"changedObstacles":[{"type":0,"posx":2,"posy":5,"value":-1},{"type":0,"posx":6,"posy":6,"value":-1}]},{"players":[{"playerId":2451990,"score":1750,"energy":4,"posx":1,"posy":5,"lastAction":0,"status":0},{"playerId":2583616,"score":1550,"energy":45,"posx":7,"posy":2,"lastAction":5,"status":0},{"playerId":2619262,"score":1400,"energy":11,"posx":9,"posy":1,"lastAction":5,"status":0},{"playerId":2241999,"score":1550,"energy":12,"posx":5,"posy":6,"lastAction":0,"status":0}],"golds":[{"posx":5,"posy":1,"amount":350},{"posx":7,"posy":1,"amount":150},{"posx":9,"posy":1,"amount":100},{"posx":0,"posy":2,"amount":50},{"posx":7,"posy":2,"amount":50},{"posx":0,"posy":6,"amount":750}],"changedObstacles":[{"type":0,"posx":5,"posy":6,"value":-1}]},{"players":[{"playerId":2451990,"score":1750,"energy":3,"posx":0,"posy":5,"lastAction":0,"status":0},{"playerId":2583616,"score":1600,"energy":40,"posx":7,"posy":2,"lastAction":5,"status":0},{"playerId":2619262,"score":1450,"energy":6,"posx":9,"posy":1,"lastAction":5,"status":0},{"playerId":2241999,"score":1550,"energy":2,"posx":4,"posy":6,"lastAction":0,"status":0}],"golds":[{"posx":5,"posy":1,"amount":350},{"posx":7,"posy":1,"amount":150},{"posx":9,"posy":1,"amount":50},{"posx":0,"posy":2,"amount":50},{"posx":0,"posy":6,"amount":750}],"changedObstacles":[{"type":0,"posx":4,"posy":6,"value":-1},{"type":0,"posx":7,"posy":2,"value":-1}]},{"players":[{"playerId":2451990,"score":1750,"energy":15,"posx":0,"posy":5,"lastAction":4,"status":0},{"playerId":2583616,"score":1600,"energy":36,"posx":7,"posy":1,"lastAction":2,"status":0},{"playerId":2619262,"score":1500,"energy":1,"posx":9,"posy":1,"lastAction":5,"status":0},{"playerId":2241999,"score":1550,"energy":14,"posx":4,"posy":6,"lastAction":4,"status":0}],"golds":[{"posx":5,"posy":1,"amount":350},{"posx":7,"posy":1,"amount":150},{"posx":0,"posy":2,"amount":50},{"posx":0,"posy":6,"amount":750}],"changedObstacles":[{"type":0,"posx":9,"posy":1,"value":-1}]},{"players":[{"playerId":2451990,"score":1750,"energy":31,"posx":0,"posy":5,"lastAction":4,"status":0},{"playerId":2583616,"score":1650,"energy":31,"posx":7,"posy":1,"lastAction":5,"status":0},{"playerId":2619262,"score":1500,"energy":13,"posx":9,"posy":1,"lastAction":4,"status":0},{"playerId":2241999,"score":1550,"energy":4,"posx":3,"posy":6,"lastAction":0,"status":0}],"golds":[{"posx":5,"posy":1,"amount":350},{"posx":7,"posy":1,"amount":100},{"posx":0,"posy":2,"amount":50},{"posx":0,"posy":6,"amount":750}],"changedObstacles":[{"type":0,"posx":3,"posy":6,"value":-1}]},{"players":[{"playerId":2451990,"score":1750,"energy":50,"posx":0,"posy":5,"lastAction":4,"status":0},{"playerId":2583616,"score":1700,"energy":26,"posx":7,"posy":1,"lastAction":5,"status":0},{"playerId":2619262,"score":1500,"energy":12,"posx":8,"posy":1,"lastAction":0,"status":0},{"playerId":2241999,"score":1550,"energy":16,"posx":3,"posy":6,"lastAction":4,"status":0}],"golds":[{"posx":5,"posy":1,"amount":350},{"posx":7,"posy":1,"amount":50},{"posx":0,"posy":2,"amount":50},{"posx":0,"posy":6,"amount":750}],"changedObstacles":[]},{"players":[{"playerId":2451990,"score":1750,"energy":46,"posx":0,"posy":6,"lastAction":3,"status":0},{"playerId":2583616,"score":1750,"energy":21,"posx":7,"posy":1,"lastAction":5,"status":0},{"playerId":2619262,"score":1500,"energy":8,"posx":7,"posy":1,"lastAction":0,"status":0},{"playerId":2241999,"score":1550,"energy":32,"posx":3,"posy":6,"lastAction":4,"status":0}],"golds":[{"posx":5,"posy":1,"amount":350},{"posx":0,"posy":2,"amount":50},{"posx":0,"posy":6,"amount":750}],"changedObstacles":[{"type":0,"posx":7,"posy":1,"value":-1}]},{"players":[{"playerId":2451990,"score":1800,"energy":41,"posx":0,"posy":6,"lastAction":5,"status":0},{"playerId":2583616,"score":1750,"energy":20,"posx":6,"posy":1,"lastAction":0,"status":0},{"playerId":2619262,"score":1500,"energy":7,"posx":6,"posy":1,"lastAction":0,"status":0},{"playerId":2241999,"score":1550,"energy":21,"posx":2,"posy":6,"lastAction":0,"status":0}],"golds":[{"posx":5,"posy":1,"amount":350},{"posx":0,"posy":2,"amount":50},{"posx":0,"posy":6,"amount":700}],"changedObstacles":[]},{"players":[{"playerId":2451990,"score":1850,"energy":36,"posx":0,"posy":6,"lastAction":5,"status":0},{"playerId":2583616,"score":1750,"energy":32,"posx":6,"posy":1,"lastAction":4,"status":0},{"playerId":2619262,"score":1500,"energy":3,"posx":5,"posy":1,"lastAction":0,"status":0},{"playerId":2241999,"score":1550,"energy":20,"posx":1,"posy":6,"lastAction":0,"status":0}],"golds":[{"posx":5,"posy":1,"amount":350},{"posx":0,"posy":2,"amount":50},{"posx":0,"posy":6,"amount":650}],"changedObstacles":[]},{"players":[{"playerId":2451990,"score":1900,"energy":31,"posx":0,"posy":6,"lastAction":5,"status":0},{"playerId":2583616,"score":1750,"energy":48,"posx":6,"posy":1,"lastAction":4,"status":0},{"playerId":2619262,"score":1500,"energy":15,"posx":5,"posy":1,"lastAction":4,"status":0},{"playerId":2241999,"score":1550,"energy":16,"posx":0,"posy":6,"lastAction":0,"status":0}],"golds":[{"posx":5,"posy":1,"amount":350},{"posx":0,"posy":2,"amount":50},{"posx":0,"posy":6,"amount":600}],"changedObstacles":[]},{"players":[{"playerId":2451990,"score":1950,"energy":26,"posx":0,"posy":6,"lastAction":5,"status":0},{"playerId":2583616,"score":1750,"energy":44,"posx":5,"posy":1,"lastAction":0,"status":0},{"playerId":2619262,"score":1550,"energy":10,"posx":5,"posy":1,"lastAction":5,"status":0},{"playerId":2241999,"score":1600,"energy":11,"posx":0,"posy":6,"lastAction":5,"status":0}],"golds":[{"posx":5,"posy":1,"amount":300},{"posx":0,"posy":2,"amount":50},{"posx":0,"posy":6,"amount":500}],"changedObstacles":[]},{"players":[{"playerId":2451990,"score":2000,"energy":21,"posx":0,"posy":6,"lastAction":5,"status":0},{"playerId":2583616,"score":1800,"energy":39,"posx":5,"posy":1,"lastAction":5,"status":0},{"playerId":2619262,"score":1600,"energy":5,"posx":5,"posy":1,"lastAction":5,"status":0},{"playerId":2241999,"score":1650,"energy":6,"posx":0,"posy":6,"lastAction":5,"status":0}],"golds":[{"posx":5,"posy":1,"amount":200},{"posx":0,"posy":2,"amount":50},{"posx":0,"posy":6,"amount":400}],"changedObstacles":[]},{"players":[{"playerId":2451990,"score":2050,"energy":16,"posx":0,"posy":6,"lastAction":5,"status":0},{"playerId":2583616,"score":1850,"energy":34,"posx":5,"posy":1,"lastAction":5,"status":0},{"playerId":2619262,"score":1600,"energy":17,"posx":5,"posy":1,"lastAction":4,"status":0},{"playerId":2241999,"score":1700,"energy":1,"posx":0,"posy":6,"lastAction":5,"status":0}],"golds":[{"posx":5,"posy":1,"amount":150},{"posx":0,"posy":2,"amount":50},{"posx":0,"posy":6,"amount":300}],"changedObstacles":[]},{"players":[{"playerId":2451990,"score":2100,"energy":11,"posx":0,"posy":6,"lastAction":5,"status":0},{"playerId":2583616,"score":1900,"energy":29,"posx":5,"posy":1,"lastAction":5,"status":0},{"playerId":2619262,"score":1650,"energy":12,"posx":5,"posy":1,"lastAction":5,"status":0},{"playerId":2241999,"score":1700,"energy":13,"posx":0,"posy":6,"lastAction":4,"status":0}],"golds":[{"posx":5,"posy":1,"amount":50},{"posx":0,"posy":2,"amount":50},{"posx":0,"posy":6,"amount":250}],"changedObstacles":[]},{"players":[{"playerId":2451990,"score":2150,"energy":6,"posx":0,"posy":6,"lastAction":5,"status":0},{"playerId":2583616,"score":1925,"energy":24,"posx":5,"posy":1,"lastAction":5,"status":0},{"playerId":2619262,"score":1675,"energy":7,"posx":5,"posy":1,"lastAction":5,"status":0},{"playerId":2241999,"score":1750,"energy":8,"posx":0,"posy":6,"lastAction":5,"status":0}],"golds":[{"posx":0,"posy":2,"amount":50},{"posx":0,"posy":6,"amount":150}],"changedObstacles":[{"type":0,"posx":5,"posy":1,"value":-1}]},{"players":[{"playerId":2451990,"score":2200,"energy":1,"posx":0,"posy":6,"lastAction":5,"status":0},{"playerId":2583616,"score":1925,"energy":23,"posx":5,"posy":2,"lastAction":3,"status":0},{"playerId":2619262,"score":1675,"energy":6,"posx":5,"posy":0,"lastAction":2,"status":0},{"playerId":2241999,"score":1800,"energy":3,"posx":0,"posy":6,"lastAction":5,"status":0}],"golds":[{"posx":0,"posy":2,"amount":50},{"posx":0,"posy":6,"amount":50}],"changedObstacles":[]},{"players":[{"playerId":2451990,"score":2200,"energy":13,"posx":0,"posy":6,"lastAction":4,"status":0},{"playerId":2583616,"score":1925,"energy":15,"posx":4,"posy":2,"lastAction":0,"status":0},{"playerId":2619262,"score":1675,"energy":1,"posx":4,"posy":0,"lastAction":0,"status":0},{"playerId":2241999,"score":1800,"energy":15,"posx":0,"posy":6,"lastAction":4,"status":0}],"golds":[{"posx":0,"posy":2,"amount":50},{"posx":0,"posy":6,"amount":50}],"changedObstacles":[{"type":3,"posx":4,"posy":0,"value":-20}]},{"players":[{"playerId":2451990,"score":2225,"energy":8,"posx":0,"posy":6,"lastAction":5,"status":0},{"playerId":2583616,"score":1925,"energy":27,"posx":4,"posy":2,"lastAction":4,"status":0},{"playerId":2619262,"score":1675,"energy":13,"posx":4,"posy":0,"lastAction":4,"status":0},{"playerId":2241999,"score":1825,"energy":10,"posx":0,"posy":6,"lastAction":5,"status":0}],"golds":[{"posx":0,"posy":2,"amount":50}],"changedObstacles":[{"type":0,"posx":0,"posy":6,"value":-1}]},{"players":[{"playerId":2451990,"score":2225,"energy":7,"posx":0,"posy":5,"lastAction":2,"status":0},{"playerId":2583616,"score":1925,"energy":43,"posx":4,"posy":2,"lastAction":4,"status":0},{"playerId":2619262,"score":1675,"energy":3,"posx":3,"posy":0,"lastAction":0,"status":0},{"playerId":2241999,"score":1825,"energy":9,"posx":0,"posy":5,"lastAction":2,"status":0}],"golds":[{"posx":0,"posy":2,"amount":50}],"changedObstacles":[{"type":0,"posx":3,"posy":0,"value":-1}]},{"players":[{"playerId":2451990,"score":2225,"energy":19,"posx":0,"posy":5,"lastAction":4,"status":0},{"playerId":2583616,"score":1925,"energy":33,"posx":3,"posy":2,"lastAction":0,"status":0},{"playerId":2619262,"score":1675,"energy":2,"posx":3,"posy":1,"lastAction":3,"status":0},{"playerId":2241999,"score":1825,"energy":21,"posx":0,"posy":5,"lastAction":4,"status":0}],"golds":[{"posx":0,"posy":2,"amount":50}],"changedObstacles":[{"type":0,"posx":3,"posy":2,"value":-1}]},{"players":[{"playerId":2451990,"score":2225,"energy":35,"posx":0,"posy":5,"lastAction":4,"status":0},{"playerId":2583616,"score":1925,"energy":32,"posx":2,"posy":2,"lastAction":0,"status":0},{"playerId":2619262,"score":1675,"energy":14,"posx":3,"posy":1,"lastAction":4,"status":0},{"playerId":2241999,"score":1825,"energy":11,"posx":0,"posy":4,"lastAction":2,"status":0}],"golds":[{"posx":0,"posy":2,"amount":50}],"changedObstacles":[{"type":0,"posx":0,"posy":4,"value":-1}]},{"players":[{"playerId":2451990,"score":2225,"energy":34,"posx":0,"posy":4,"lastAction":2,"status":0},{"playerId":2583616,"score":1925,"energy":22,"posx":1,"posy":2,"lastAction":0,"status":0},{"playerId":2619262,"score":1675,"energy":9,"posx":2,"posy":1,"lastAction":0,"status":0},{"playerId":2241999,"score":1825,"energy":10,"posx":0,"posy":3,"lastAction":2,"status":0}],"golds":[{"posx":0,"posy":2,"amount":50}],"changedObstacles":[{"type":0,"posx":1,"posy":2,"value":-1},{"type":3,"posx":2,"posy":1,"value":-20}]},{"players":[{"playerId":2451990,"score":2225,"energy":33,"posx":0,"posy":3,"lastAction":2,"status":0},{"playerId":2583616,"score":1925,"energy":18,"posx":0,"posy":2,"lastAction":0,"status":0},{"playerId":2619262,"score":1675,"energy":21,"posx":2,"posy":1,"lastAction":4,"status":0},{"playerId":2241999,"score":1825,"energy":6,"posx":0,"posy":2,"lastAction":2,"status":0}],"golds":[{"posx":0,"posy":2,"amount":50}],"changedObstacles":[]},{"players":[{"playerId":2451990,"score":2225,"energy":29,"posx":0,"posy":2,"lastAction":2,"status":0},{"playerId":2583616,"score":1950,"energy":13,"posx":0,"posy":2,"lastAction":5,"status":0},{"playerId":2619262,"score":1675,"energy":11,"posx":1,"posy":1,"lastAction":0,"status":0},{"playerId":2241999,"score":1850,"energy":1,"posx":0,"posy":2,"lastAction":5,"status":0}],"golds":[],"changedObstacles":[{"type":0,"posx":1,"posy":1,"value":-1},{"type":0,"posx":0,"posy":2,"value":-1}]}]