[{"players":[{"playerId":675419,"score":0,"energy":36,"posx":16,"posy":7,"lastAction":0,"status":0},{"playerId":2611188,"score":0,"energy":34,"posx":16,"posy":7,"lastAction":0,"status":0},{"playerId":206247,"score":0,"energy":34,"posx":16,"posy":7,"lastAction":0,"status":0},{"playerId":2248990,"score":0,"energy":44,"posx":16,"posy":7,"lastAction":0,"status":0}],"golds":[{"posx":6,"posy":4,"amount":450},{"posx":9,"posy":1,"amount":450},{"posx":18,"posy":3,"amount":250},{"posx":0,"posy":2,"amount":50},{"posx":20,"posy":7,"amount":700},{"posx":6,"posy":6,"amount":100},{"posx":7,"posy":1,"amount":150},{"posx":14,"posy":6,"amount":250},{"posx":6,"posy":7,"amount":50},{"posx":13,"posy":5,"amount":500},{"posx":9,"posy":8,"amount":200},{"posx":11,"posy":8,"amount":200},{"posx":7,"posy":2,"amount":700},{"posx":14,"posy":7,"amount":500},{"posx":15,"posy":3,"amount":250},{"posx":20,"posy":3,"amount":750},{"posx":10,"posy":6,"amount":400},{"posx":0,"posy":6,"amount":750},{"posx":2,"posy":5,"amount":650},{"posx":5,"posy":1,"amount":350}],"changedObstacles":[]},{"players":[{"playerId":675419,"score":0,"energy":26,"posx":15,"posy":7,"lastAction":0,"status":0},{"playerId":2611188,"score":0,"energy":33,"posx":16,"posy":6,"lastAction":2,"status":0},{"playerId":206247,"score":0,"energy":33,"posx":16,"posy":6,"lastAction":2,"status":0},{"playerId":2248990,"score":0,"energy":34,"posx":15,"posy":7,"lastAction":0,"status":0}],"golds":[{"posx":6,"posy":4,"amount":450},{"posx":9,"posy":1,"amount":450},{"posx":18,"posy":3,"amount":250},{"posx":0,"posy":2,"amount":50},{"posx":20,"posy":7,"amount":700},{"posx":6,"posy":6,"amount":100},{"posx":7,"posy":1,"amount":150},{"posx":14,"posy":6,"amount":250},{"posx":6,"posy":7,"amount":50},{"posx":13,"posy":5,"amount":500},{"posx":9,"posy":8,"amount":200},{"posx":11,"posy":8,"amount":200},{"posx":7,"posy":2,"amount":700},{"posx":14,"posy":7,"amount":500},{"posx":15,"posy":3,"amount":250},{"posx":20,"posy":3,"amount":750},{"posx":10,"posy":6,"amount":400},{"posx":0,"posy":6,"amount":750},{"posx":2,"posy":5,"amount":650},{"posx":5,"posy":1,"amount":350}],"changedObstacles":[{"type":0,"posx":15,"posy":7,"value":-1}]},{"players":[{"playerId":675419,"score":0,"energy":22,"posx":14,"posy":7,"lastAction":0,"status":0},{"playerId":2611188,"score":0,"energy":32,"posx":15,"posy":6,"lastAction":0,"status":0},{"playerId":206247,"score":0,"energy":32,"posx":15,"posy":6,"lastAction":0,"status":0},{"playerId":2248990,"score":0,"energy":30,"posx":14,"posy":7,"lastAction":0,"status":0}],"golds":[{"posx":6,"posy":4,"amount":450},{"posx":9,"posy":1,"amount":450},{"posx":18,"posy":3,"amount":250},{"posx":0,"posy":2,"amount":50},{"posx":20,"posy":7,"amount":700},{"posx":6,"posy":6,"amount":100},{"posx":7,"posy":1,"amount":150},{"posx":14,"posy":6,"amount":250},{"posx":6,"posy":7,"amount":50},{"posx":13,"posy":5,"amount":500},{"posx":9,"posy":8,"amount":200},{"posx":11,"posy":8,"amount":200},{"posx":7,"posy":2,"amount":700},{"posx":14,"posy":7,"amount":500},{"posx":15,"posy":3,"amount":250},{"posx":20,"posy":3,"amount":750},{"posx":10,"posy":6,"amount":400},{"posx":0,"posy":6,"amount":750},{"posx":2,"posy":5,"amount":650},{"posx":5,"posy":1,"amount":350}],"changedObstacles":[]},{"players":[{"playerId":675419,"score":50,"energy":17,"posx":14,"posy":7,"lastAction":5,"status":0},{"playerId":2611188,"score":0,"energy":31,"posx":15,"posy":5,"lastAction":2,"status":0},{"playerId":206247,"score":0,"energy":31,"posx":15,"posy":5,"lastAction":2,"status":0},{"playerId":2248990,"score":50,"energy":25,"posx":14,"posy":7,"lastAction":5,"status":0}],"golds":[{"posx":5,"posy":1,"amount":350},{"posx":7,"posy":1,"amount":150},{"posx":9,"posy":1,"amount":450},{"posx":0,"posy":2,"amount":50},{"posx":7,"posy":2,"amount":700},{"posx":15,"posy":3,"amount":250},{"posx":18,"posy":3,"amount":250},{"posx":20,"posy":3,"amount":750},{"posx":6,"posy":4,"amount":450},{"posx":2,"posy":5,"amount":650},{"posx":13,"posy":5,"amount":500},{"posx":0,"posy":6,"amount":750},{"posx":6,"posy":6,"amount":100},{"posx":10,"posy":6,"amount":400},{"posx":14,"posy":6,"amount":250},{"posx":6,"posy":7,"amount":50},{"posx":14,"posy":7,"amount":400},{"posx":20,"posy":7,"amount":700},{"posx":9,"posy":8,"amount":200},{"posx":11,"posy":8,"amount":200}],"changedObstacles":[]},{"players":[{"playerId":675419,"score":100,"energy":12,"posx":14,"posy":7,"lastAction":5,"status":0},{"playerId":2611188,"score":0,"energy":30,"posx":15,"posy":4,"lastAction":2,"status":0},{"playerId":206247,"score":0,"energy":30,"posx":14,"posy":5,"lastAction":0,"status":0},{"playerId":2248990,"score":100,"energy":20,"posx":14,"posy":7,"lastAction":5,"status":0}],"golds":[{"posx":5,"posy":1,"amount":350},{"posx":7,"posy":1,"amount":150},{"posx":9,"posy":1,"amount":450},{"posx":0,"posy":2,"amount":50},{"posx":7,"posy":2,"amount":700},{"posx":15,"posy":3,"amount":250},{"posx":18,"posy":3,"amount":250},{"posx":20,"posy":3,"amount":750},{"posx":6,"posy":4,"amount":450},{"posx":2,"posy":5,"amount":650},{"posx":13,"posy":5,"amount":500},{"posx":0,"posy":6,"amount":750},{"posx":6,"posy":6,"amount":100},{"posx":10,"posy":6,"amount":400},{"posx":14,"posy":6,"amount":250},{"posx":6,"posy":7,"amount":50},{"posx":14,"posy":7,"amount":300},{"posx":20,"posy":7,"amount":700},{"posx":9,"posy":8,"amount":200},{"posx":11,"posy":8,"amount":200}],"changedObstacles":[]},{"players":[{"playerId":675419,"score":150,"energy":7,"posx":14,"posy":7,"lastAction":5,"status":0},{"playerId":2611188,"score":0,"energy":26,"posx":15,"posy":3,"lastAction":2,"status":0},{"playerId":206247,"score":0,"energy":26,"posx":13,"posy":5,"lastAction":0,"status":0},{"playerId":2248990,"score":150,"energy":15,"posx":14,"posy":7,"lastAction":5,"status":0}],"golds":[{"posx":5,"posy":1,"amount":350},{"posx":7,"posy":1,"amount":150},{"posx":9,"posy":1,"amount":450},{"posx":0,"posy":2,"amount":50},{"posx":7,"posy":2,"amount":700},{"posx":15,"posy":3,"amount":250},{"posx":18,"posy":3,"amount":250},{"posx":20,"posy":3,"amount":750},{"posx":6,"posy":4,"amount":450},{"posx":2,"posy":5,"amount":650},{"posx":13,"posy":5,"amount":500},{"posx":0,"posy":6,"amount":750},{"posx":6,"posy":6,"amount":100},{"posx":10,"posy":6,"amount":400},{"posx":14,"posy":6,"amount":250},{"posx":6,"posy":7,"amount":50},{"posx":14,"posy":7,"amount":200},{"posx":20,"posy":7,"amount":700},{"posx":9,"posy":8,"amount":200},{"posx":11,"posy":8,"amount":200}],"changedObstacles":[]},{"players":[{"playerId":675419,"score":200,"energy":2,"posx":14,"posy":7,"lastAction":5,"status":0},{"playerId":2611188,"score":50,"energy":21,"posx":15,"posy":3,"lastAction":5,"status":0},{"playerId":206247,"score":0,"energy":25,"posx":13,"posy":4,"lastAction":2,"status":0},{"playerId":2248990,"score":200,"energy":10,"posx":14,"posy":7,"lastAction":5,"status":0}],"golds":[{"posx":5,"posy":1,"amount":350},{"posx":7,"posy":1,"amount":150},{"posx":9,"posy":1,"amount":450},{"posx":0,"posy":2,"amount":50},{"posx":7,"posy":2,"amount":700},{"posx":15,"posy":3,"amount":200},{"posx":18,"posy":3,"amount":250},{"posx":20,"posy":3,"amount":750},{"posx":6,"posy":4,"amount":450},{"posx":2,"posy":5,"amount":650},{"posx":13,"posy":5,"amount":500},{"posx":0,"posy":6,"amount":750},{"posx":6,"posy":6,"amount":100},{"posx":10,"posy":6,"amount":400},{"posx":14,"posy":6,"amount":250},{"posx":6,"posy":7,"amount":50},{"posx":14,"posy":7,"amount":100},{"posx":20,"posy":7,"amount":700},{"posx":9,"posy":8,"amount":200},{"posx":11,"posy":8,"amount":200}],"changedObstacles":[]},{"players":[{"playerId":675419,"score":200,"energy":14,"posx":14,"posy":7,"lastAction":4,"status":0},{"playerId":2611188,"score":100,"energy":16,"posx":15,"posy":3,"lastAction":5,"status":0},{"playerId":206247,"score":0,"energy":24,"posx":12,"posy":4,"lastAction":0,"status":0},{"playerId":2248990,"score":250,"energy":5,"posx":14,"posy":7,"lastAction":5,"status":0}],"golds":[{"posx":5,"posy":1,"amount":350},{"posx":7,"posy":1,"amount":150},{"posx":9,"posy":1,"amount":450},{"posx":0,"posy":2,"amount":50},{"posx":7,"posy":2,"amount":700},{"posx":15,"posy":3,"amount":150},{"posx":18,"posy":3,"amount":250},{"posx":20,"posy":3,"amount":750},{"posx":6,"posy":4,"amount":450},{"posx":2,"posy":5,"amount":650},{"posx":13,"posy":5,"amount":500},{"posx":0,"posy":6,"amount":750},{"posx":6,"posy":6,"amount":100},{"posx":10,"posy":6,"amount":400},{"posx":14,"posy":6,"amount":250},{"posx":6,"posy":7,"amount":50},{"posx":14,"posy":7,"amount":50},{"posx":20,"posy":7,"amount":700},{"posx":9,"posy":8,"amount":200},{"posx":11,"posy":8,"amount":200}],"changedObstacles":[]},{"players":[{"playerId":675419,"score":200,"energy":30,"posx":14,"posy":7,"lastAction":4,"status":0},{"playerId":2611188,"score":150,"energy":11,"posx":15,"posy":3,"lastAction":5,"status":0},{"playerId":206247,"score":0,"energy":23,"posx":11,"posy":4,"lastAction":0,"status":0},{"playerId":2248990,"score":250,"energy":17,"posx":14,"posy":7,"lastAction":4,"status":0}],"golds":[{"posx":5,"posy":1,"amount":350},{"posx":7,"posy":1,"amount":150},{"posx":9,"posy":1,"amount":450},{"posx":0,"posy":2,"amount":50},{"posx":7,"posy":2,"amount":700},{"posx":15,"posy":3,"amount":100},{"posx":18,"posy":3,"amount":250},{"posx":20,"posy":3,"amount":750},{"posx":6,"posy":4,"amount":450},{"posx":2,"posy":5,"amount":650},{"posx":13,"posy":5,"amount":500},{"posx":0,"posy":6,"amount":750},{"posx":6,"posy":6,"amount":100},{"posx":10,"posy":6,"amount":400},{"posx":14,"posy":6,"amount":250},{"posx":6,"posy":7,"amount":50},{"posx":14,"posy":7,"amount":50},{"posx":20,"posy":7,"amount":700},{"posx":9,"posy":8,"amount":200},{"posx":11,"posy":8,"amount":200}],"changedObstacles":[]},{"players":[{"playerId":675419,"score":225,"energy":25,"posx":14,"posy":7,"lastAction":5,"status":0},{"playerId":2611188,"score":200,"energy":6,"posx":15,"posy":3,"lastAction":5,"status":0},{"playerId":206247,"score":0,"energy":18,"posx":10,"posy":4,"lastAction":0,"status":0},{"playerId":2248990,"score":275,"energy":12,"posx":14,"posy":7,"lastAction":5,"status":0}],"golds":[{"posx":5,"posy":1,"amount":350},{"posx":7,"posy":1,"amount":150},{"posx":9,"posy":1,"amount":450},{"posx":0,"posy":2,"amount":50},{"posx":7,"posy":2,"amount":700},{"posx":15,"posy":3,"amount":50},{"posx":18,"posy":3,"amount":250},{"posx":20,"posy":3,"amount":750},{"posx":6,"posy":4,"amount":450},{"posx":2,"posy":5,"amount":650},{"posx":13,"posy":5,"amount":500},{"posx":0,"posy":6,"amount":750},{"posx":6,"posy":6,"amount":100},{"posx":10,"posy":6,"amount":400},{"posx":14,"posy":6,"amount":250},{"posx":6,"posy":7,"amount":50},{"posx":20,"posy":7,"amount":700},{"posx":9,"posy":8,"amount":200},{"posx":11,"posy":8,"amount":200}],"changedObstacles":[{"type":3,"posx":10,"posy":4,"value":-20},{"type":0,"posx":14,"posy":7,"value":-1}]},{"players":[{"playerId":675419,"score":225,"energy":21,"posx":14,"posy":6,"lastAction":2,"status":0},{"playerId":2611188,"score":250,"energy":1,"posx":15,"posy":3,"lastAction":5,"status":0},{"playerId":206247,"score":0,"energy":17,"posx":10,"posy":3,"lastAction":2,"status":0},{"playerId":2248990,"score":275,"energy":24,"posx":14,"posy":7,"lastAction":4,"status":0}],"golds":[{"posx":5,"posy":1,"amount":350},{"posx":7,"posy":1,"amount":150},{"posx":9,"posy":1,"amount":450},{"posx":0,"posy":2,"amount":50},{"posx":7,"posy":2,"amount":700},{"posx":18,"posy":3,"amount":250},{"posx":20,"posy":3,"amount":750},{"posx":6,"posy":4,"amount":450},{"posx":2,"posy":5,"amount":650},{"posx":13,"posy":5,"amount":500},{"posx":0,"posy":6,"amount":750},{"posx":6,"posy":6,"amount":100},{"posx":10,"posy":6,"amount":400},{"posx":14,"posy":6,"amount":250},{"posx":6,"posy":7,"amount":50},{"posx":20,"posy":7,"amount":700},{"posx":9,"posy":8,"amount":200},{"posx":11,"posy":8,"amount":200}],"changedObstacles":[{"type":0,"posx":15,"posy":3,"value":-1}]},{"players":[{"playerId":675419,"score":225,"energy":20,"posx":13,"posy":6,"lastAction":0,"status":0},{"playerId":2611188,"score":250,"energy":13,"posx":15,"posy":3,"lastAction":4,"status":0},{"playerId":206247,"score":0,"energy":16,"posx":9,"posy":3,"lastAction":0,"status":0},{"playerId":2248990,"score":275,"energy":20,"posx":14,"posy":6,"lastAction":2,"status":0}],"golds":[{"posx":5,"posy":1,"amount":350},{"posx":7,"posy":1,"amount":150},{"posx":9,"posy":1,"amount":450},{"posx":0,"posy":2,"amount":50},{"posx":7,"posy":2,"amount":700},{"posx":18,"posy":3,"amount":250},{"posx":20,"posy":3,"amount":750},{"posx":6,"posy":4,"amount":450},{"posx":2,"posy":5,"amount":650},{"posx":13,"posy":5,"amount":500},{"posx":0,"posy":6,"amount":750},{"posx":6,"posy":6,"amount":100},{"posx":10,"posy":6,"amount":400},{"posx":14,"posy":6,"amount":250},{"posx":6,"posy":7,"amount":50},{"posx":20,"posy":7,"amount":700},{"posx":9,"posy":8,"amount":200},{"posx":11,"posy":8,"amount":200}],"changedObstacles":[]},{"players":[{"playerId":675419,"score":225,"energy":16,"posx":13,"posy":5,"lastAction":2,"status":0},{"playerId":2611188,"score":250,"energy":29,"posx":15,"posy":3,"lastAction":4,"status":0},{"playerId":206247,"score":0,"energy":15,"posx":8,"posy":3,"lastAction":0,"status":0},{"playerId":2248990,"score":325,"energy":15,"posx":14,"posy":6,"lastAction":5,"status":0}],"golds":[{"posx":5,"posy":1,"amount":350},{"posx":7,"posy":1,"amount":150},{"posx":9,"posy":1,"amount":450},{"posx":0,"posy":2,"amount":50},{"posx":7,"posy":2,"amount":700},{"posx":18,"posy":3,"amount":250},{"posx":20,"posy":3,"amount":750},{"posx":6,"posy":4,"amount":450},{"posx":2,"posy":5,"amount":650},{"posx":13,"posy":5,"amount":500},{"posx":0,"posy":6,"amount":750},{"posx":6,"posy":6,"amount":100},{"posx":10,"posy":6,"amount":400},{"posx":14,"posy":6,"amount":200},{"posx":6,"posy":7,"amount":50},{"posx":20,"posy":7,"amount":700},{"posx":9,"posy":8,"amount":200},{"posx":11,"posy":8,"amount":200}],"changedObstacles":[]},{"players":[{"playerId":675419,"score":275,"energy":11,"posx":13,"posy":5,"lastAction":5,"status":0},{"playerId":2611188,"score":250,"energy":50,"posx":15,"posy":3,"lastAction":4,"status":0},{"playerId":206247,"score":0,"energy":14,"posx":7,"posy":3,"lastAction":0,"status":0},{"playerId":2248990,"score":375,"energy":10,"posx":14,"posy":6,"lastAction":5,"status":0}],"golds":[{"posx":5,"posy":1,"amount":350},{"posx":7,"posy":1,"amount":150},{"posx":9,"posy":1,"amount":450},{"posx":0,"posy":2,"amount":50},{"posx":7,"posy":2,"amount":700},{"posx":18,"posy":3,"amount":250},{"posx":20,"posy":3,"amount":750},{"posx":6,"posy":4,"amount":450},{"posx":2,"posy":5,"amount":650},{"posx":13,"posy":5,"amount":450},{"posx":0,"posy":6,"amount":750},{"posx":6,"posy":6,"amount":100},{"posx":10,"posy":6,"amount":400},{"posx":14,"posy":6,"amount":150},{"posx":6,"posy":7,"amount":50},{"posx":20,"posy":7,"amount":700},{"posx":9,"posy":8,"amount":200},{"posx":11,"posy":8,"amount":200}],"changedObstacles":[]},{"players":[{"playerId":675419,"score":325,"energy":6,"posx":13,"posy":5,"lastAction":5,"status":0},{"playerId":2611188,"score":250,"energy":49,"posx":15,"posy":2,"lastAction":2,"status":0},{"playerId":206247,"score":0,"energy":10,"posx":7,"posy":2,"lastAction":2,"status":0},{"playerId":2248990,"score":375,"energy":22,"posx":14,"posy":6,"lastAction":4,"status":0}],"golds":[{"posx":5,"posy":1,"amount":350},{"posx":7,"posy":1,"amount":150},{"posx":9,"posy":1,"amount":450},{"posx":0,"posy":2,"amount":50},{"posx":7,"posy":2,"amount":700},{"posx":18,"posy":3,"amount":250},{"posx":20,"posy":3,"amount":750},{"posx":6,"posy":4,"amount":450},{"posx":2,"posy":5,"amount":650},{"posx":13,"posy":5,"amount":400},{"posx":0,"posy":6,"amount":750},{"posx":6,"posy":6,"amount":100},{"posx":10,"posy":6,"amount":400},{"posx":14,"posy":6,"amount":150},{"posx":6,"posy":7,"amount":50},{"posx":20,"posy":7,"amount":700},{"posx":9,"posy":8,"amount":200},{"posx":11,"posy":8,"amount":200}],"changedObstacles":[]},{"players":[{"playerId":675419,"score":375,"energy":1,"posx":13,"posy":5,"lastAction":5,"status":0},{"playerId":2611188,"score":250,"energy":48,"posx":14,"posy":2,"lastAction":0,"status":0},{"playerId":206247,"score":50,"energy":5,"posx":7,"posy":2,"lastAction":5,"status":0},{"playerId":2248990,"score":425,"energy":17,"posx":14,"posy":6,"lastAction":5,"status":0}],"golds":[{"posx":5,"posy":1,"amount":350},{"posx":7,"posy":1,"amount":150},{"posx":9,"posy":1,"amount":450},{"posx":0,"posy":2,"amount":50},{"posx":7,"posy":2,"amount":650},{"posx":18,"posy":3,"amount":250},{"posx":20,"posy":3,"amount":750},{"posx":6,"posy":4,"amount":450},{"posx":2,"posy":5,"amount":650},{"posx":13,"posy":5,"amount":350},{"posx":0,"posy":6,"amount":750},{"posx":6,"posy":6,"amount":100},{"posx":10,"posy":6,"amount":400},{"posx":14,"posy":6,"amount":100},{"posx":6,"posy":7,"amount":50},{"posx":20,"posy":7,"amount":700},{"posx":9,"posy":8,"amount":200},{"posx":11,"posy":8,"amount":200}],"changedObstacles":[]},{"players":[{"playerId":675419,"score":375,"energy":13,"posx":13,"posy":5,"lastAction":4,"status":0},{"playerId":2611188,"score":250,"energy":47,"posx":14,"posy":1,"lastAction":2,"status":0},{"playerId":206247,"score":50,"energy":17,"posx":7,"posy":2,"lastAction":4,"status":0},{"playerId":2248990,"score":475,"energy":12,"posx":14,"posy":6,"lastAction":5,"status":0}],"golds":[{"posx":5,"posy":1,"amount":350},{"posx":7,"posy":1,"amount":150},{"posx":9,"posy":1,"amount":450},{"posx":0,"posy":2,"amount":50},{"posx":7,"posy":2,"amount":650},{"posx":18,"posy":3,"amount":250},{"posx":20,"posy":3,"amount":750},{"posx":6,"posy":4,"amount":450},{"posx":2,"posy":5,"amount":650},{"posx":13,"posy":5,"amount":350},{"posx":0,"posy":6,"amount":750},{"posx":6,"posy":6,"amount":100},{"posx":10,"posy":6,"amount":400},{"posx":14,"posy":6,"amount":50},{"posx":6,"posy":7,"amount":50},{"posx":20,"posy":7,"amount":700},{"posx":9,"posy":8,"amount":200},{"posx":11,"posy":8,"amount":200}],"changedObstacles":[]},{"players":[{"playerId":675419,"score":375,"energy":29,"posx":13,"posy":5,"lastAction":4,"status":0},{"playerId":2611188,"score":250,"energy":46,"posx":13,"posy":1,"lastAction":0,"status":0},{"playerId":206247,"score":50,"energy":33,"posx":7,"posy":2,"lastAction":4,"status":0},{"playerId":2248990,"score":525,"energy":7,"posx":14,"posy":6,"lastAction":5,"status":0}],"golds":[{"posx":5,"posy":1,"amount":350},{"posx":7,"posy":1,"amount":150},{"posx":9,"posy":1,"amount":450},{"posx":0,"posy":2,"amount":50},{"posx":7,"posy":2,"amount":650},{"posx":18,"posy":3,"amount":250},{"posx":20,"posy":3,"amount":750},{"posx":6,"posy":4,"amount":450},{"posx":2,"posy":5,"amount":650},{"posx":13,"posy":5,"amount":350},{"posx":0,"posy":6,"amount":750},{"posx":6,"posy":6,"amount":100},{"posx":10,"posy":6,"amount":400},{"posx":6,"posy":7,"amount":50},{"posx":20,"posy":7,"amount":700},{"posx":9,"posy":8,"amount":200},{"posx":11,"posy":8,"amount":200}],"changedObstacles":[{"type":0,"posx":14,"posy":6,"value":-1}]},{"players":[{"playerId":675419,"score":425,"energy":24,"posx":13,"posy":5,"lastAction":5,"status":0},{"playerId":2611188,"score":250,"energy":45,"posx":12,"posy":1,"lastAction":0,"status":0},{"playerId":206247,"score":50,"energy":50,"posx":7,"posy":2,"lastAction":4,"status":0},{"playerId":2248990,"score":525,"energy":19,"posx":14,"posy":6,"lastAction":4,"status":0}],"golds":[{"posx":5,"posy":1,"amount":350},{"posx":7,"posy":1,"amount":150},{"posx":9,"posy":1,"amount":450},{"posx":0,"posy":2,"amount":50},{"posx":7,"posy":2,"amount":650},{"posx":18,"posy":3,"amount":250},{"posx":20,"posy":3,"amount":750},{"posx":6,"posy":4,"amount":450},{"posx":2,"posy":5,"amount":650},{"posx":13,"posy":5,"amount":300},{"posx":0,"posy":6,"amount":750},{"posx":6,"posy":6,"amount":100},{"posx":10,"posy":6,"amount":400},{"posx":6,"posy":7,"amount":50},{"posx":20,"posy":7,"amount":700},{"posx":9,"posy":8,"amount":200},{"posx":11,"posy":8,"amount":200}],"changedObstacles":[]},{"players":[{"playerId":675419,"score":475,"energy":19,"posx":13,"posy":5,"lastAction":5,"status":0},{"playerId":2611188,"score":250,"energy":44,"posx":11,"posy":1,"lastAction":0,"status":0},{"playerId":206247,"score":100,"energy":45,"posx":7,"posy":2,"lastAction":5,"status":0},{"playerId":2248990,"score":525,"energy":35,"posx":14,"posy":6,"lastAction":4,"status":0}],"golds":[{"posx":5,"posy":1,"amount":350},{"posx":7,"posy":1,"amount":150},{"posx":9,"posy":1,"amount":450},{"posx":0,"posy":2,"amount":50},{"posx":7,"posy":2,"amount":600},{"posx":18,"posy":3,"amount":250},{"posx":20,"posy":3,"amount":750},{"posx":6,"posy":4,"amount":450},{"posx":2,"posy":5,"amount":650},{"posx":13,"posy":5,"amount":250},{"posx":0,"posy":6,"amount":750},{"posx":6,"posy":6,"amount":100},{"posx":10,"posy":6,"amount":400},{"posx":6,"posy":7,"amount":50},{"posx":20,"posy":7,"amount":700},{"posx":9,"posy":8,"amount":200},{"posx":11,"posy":8,"amount":200}],"changedObstacles":[]},{"players":[{"playerId":675419,"score":525,"energy":14,"posx":13,"posy":5,"lastAction":5,"status":0},{"playerId":2611188,"score":250,"energy":43,"posx":10,"posy":1,"lastAction":0,"status":0},{"playerId":206247,"score":150,"energy":40,"posx":7,"posy":2,"lastAction":5,"status":0},{"playerId":2248990,"score":525,"energy":34,"posx":15,"posy":6,"lastAction":1,"status":0}],"golds":[{"posx":5,"posy":1,"amount":350},{"posx":7,"posy":1,"amount":150},{"posx":9,"posy":1,"amount":450},{"posx":0,"posy":2,"amount":50},{"posx":7,"posy":2,"amount":550},{"posx":18,"posy":3,"amount":250},{"posx":20,"posy":3,"amount":750},{"posx":6,"posy":4,"amount":450},{"posx":2,"posy":5,"amount":650},{"posx":13,"posy":5,"amount":200},{"posx":0,"posy":6,"amount":750},{"posx":6,"posy":6,"amount":100},{"posx":10,"posy":6,"amount":400},{"posx":6,"posy":7,"amount":50},{"posx":20,"posy":7,"amount":700},{"posx":9,"posy":8,"amount":200},{"posx":11,"posy":8,"amount":200}],"changedObstacles":[]},{"players":[{"playerId":675419,"score":575,"energy":9,"posx":13,"posy":5,"lastAction":5,"status":0},{"playerId":2611188,"score":250,"energy":39,"posx":9,"posy":1,"lastAction":0,"status":0},{"playerId":206247,"score":200,"energy":35,"posx":7,"posy":2,"lastAction":5,"status":0},{"playerId":2248990,"score":525,"energy":33,"posx":16,"posy":6,"lastAction":1,"status":0}],"golds":[{"posx":5,"posy":1,"amount":350},{"posx":7,"posy":1,"amount":150},{"posx":9,"posy":1,"amount":450},{"posx":0,"posy":2,"amount":50},{"posx":7,"posy":2,"amount":500},{"posx":18,"posy":3,"amount":250},{"posx":20,"posy":3,"amount":750},{"posx":6,"posy":4,"amount":450},{"posx":2,"posy":5,"amount":650},{"posx":13,"posy":5,"amount":150},{"posx":0,"posy":6,"amount":750},{"posx":6,"posy":6,"amount":100},{"posx":10,"posy":6,"amount":400},{"posx":6,"posy":7,"amount":50},{"posx":20,"posy":7,"amount":700},{"posx":9,"posy":8,"amount":200},{"posx":11,"posy":8,"amount":200}],"changedObstacles":[]},{"players":[{"playerId":675419,"score":625,"energy":4,"posx":13,"posy":5,"lastAction":5,"status":0},{"playerId":2611188,"score":300,"energy":34,"posx":9,"posy":1,"lastAction":5,"status":0},{"playerId":206247,"score":250,"energy":30,"posx":7,"posy":2,"lastAction":5,"status":0},{"playerId":2248990,"score":525,"energy":45,"posx":16,"posy":6,"lastAction":4,"status":0}],"golds":[{"posx":5,"posy":1,"amount":350},{"posx":7,"posy":1,"amount":150},{"posx":9,"posy":1,"amount":400},{"posx":0,"posy":2,"amount":50},{"posx":7,"posy":2,"amount":450},{"posx":18,"posy":3,"amount":250},{"posx":20,"posy":3,"amount":750},{"posx":6,"posy":4,"amount":450},{"posx":2,"posy":5,"amount":650},{"posx":13,"posy":5,"amount":100},{"posx":0,"posy":6,"amount":750},{"posx":6,"posy":6,"amount":100},{"posx":10,"posy":6,"amount":400},{"posx":6,"posy":7,"amount":50},{"posx":20,"posy":7,"amount":700},{"posx":9,"posy":8,"amount":200},{"posx":11,"posy":8,"amount":200}],"changedObstacles":[]},{"players":[{"playerId":675419,"score":625,"energy":16,"posx":13,"posy":5,"lastAction":4,"status":0},{"playerId":2611188,"score":350,"energy":29,"posx":9,"posy":1,"lastAction":5,"status":0},{"playerId":206247,"score":300,"energy":25,"posx":7,"posy":2,"lastAction":5,"status":0},{"playerId":2248990,"score":525,"energy":39,"posx":17,"posy":6,"lastAction":1,"status":0}],"golds":[{"posx":5,"posy":1,"amount":350},{"posx":7,"posy":1,"amount":150},{"posx":9,"posy":1,"amount":350},{"posx":0,"posy":2,"amount":50},{"posx":7,"posy":2,"amount":400},{"posx":18,"posy":3,"amount":250},{"posx":20,"posy":3,"amount":750},{"posx":6,"posy":4,"amount":450},{"posx":2,"posy":5,"amount":650},{"posx":13,"posy":5,"amount":100},{"posx":0,"posy":6,"amount":750},{"posx":6,"posy":6,"amount":100},{"posx":10,"posy":6,"amount":400},{"posx":6,"posy":7,"amount":50},{"posx":20,"posy":7,"amount":700},{"posx":9,"posy":8,"amount":200},{"posx":11,"posy":8,"amount":200}],"changedObstacles":[]},{"players":[{"playerId":675419,"score":625,"energy":32,"posx":13,"posy":5,"lastAction":4,"status":0},{"playerId":2611188,"score":400,"energy":24,"posx":9,"posy":1,"lastAction":5,"status":0},{"playerId":206247,"score":350,"energy":20,"posx":7,"posy":2,"lastAction":5,"status":0},{"playerId":2248990,"score":525,"energy":38,"posx":18,"posy":6,"lastAction":1,"status":0}],"golds":[{"posx":5,"posy":1,"amount":350},{"posx":7,"posy":1,"amount":150},{"posx":9,"posy":1,"amount":300},{"posx":0,"posy":2,"amount":50},{"posx":7,"posy":2,"amount":350},{"posx":18,"posy":3,"amount":250},{"posx":20,"posy":3,"amount":750},{"posx":6,"posy":4,"amount":450},{"posx":2,"posy":5,"amount":650},{"posx":13,"posy":5,"amount":100},{"posx":0,"posy":6,"amount":750},{"posx":6,"posy":6,"amount":100},{"posx":10,"posy":6,"amount":400},{"posx":6,"posy":7,"amount":50},{"posx":20,"posy":7,"amount":700},{"posx":9,"posy":8,"amount":200},{"posx":11,"posy":8,"amount":200}],"changedObstacles":[]},{"players":[{"playerId":675419,"score":675,"energy":27,"posx":13,"posy":5,"lastAction":5,"status":0},{"playerId":2611188,"score":450,"energy":19,"posx":9,"posy":1,"lastAction":5,"status":0},{"playerId":206247,"score":400,"energy":15,"posx":7,"posy":2,"lastAction":5,"status":0},{"playerId":2248990,"score":525,"energy":18,"posx":18,"posy":5,"lastAction":2,"status":0}],"golds":[{"posx":5,"posy":1,"amount":350},{"posx":7,"posy":1,"amount":150},{"posx":9,"posy":1,"amount":250},{"posx":0,"posy":2,"amount":50},{"posx":7,"posy":2,"amount":300},{"posx":18,"posy":3,"amount":250},{"posx":20,"posy":3,"amount":750},{"posx":6,"posy":4,"amount":450},{"posx":2,"posy":5,"amount":650},{"posx":13,"posy":5,"amount":50},{"posx":0,"posy":6,"amount":750},{"posx":6,"posy":6,"amount":100},{"posx":10,"posy":6,"amount":400},{"posx":6,"posy":7,"amount":50},{"posx":20,"posy":7,"amount":700},{"posx":9,"posy":8,"amount":200},{"posx":11,"posy":8,"amount":200}],"changedObstacles":[]},{"players":[{"playerId":675419,"score":725,"energy":22,"posx":13,"posy":5,"lastAction":5,"status":0},{"playerId":2611188,"score":500,"energy":14,"posx":9,"posy":1,"lastAction":5,"status":0},{"playerId":206247,"score":450,"energy":10,"posx":7,"posy":2,"lastAction":5,"status":0},{"playerId":2248990,"score":525,"energy":30,"posx":18,"posy":5,"lastAction":4,"status":0}],"golds":[{"posx":5,"posy":1,"amount":350},{"posx":7,"posy":1,"amount":150},{"posx":9,"posy":1,"amount":200},{"posx":0,"posy":2,"amount":50},{"posx":7,"posy":2,"amount":250},{"posx":18,"posy":3,"amount":250},{"posx":20,"posy":3,"amount":750},{"posx":6,"posy":4,"amount":450},{"posx":2,"posy":5,"amount":650},{"posx":0,"posy":6,"amount":750},{"posx":6,"posy":6,"amount":100},{"posx":10,"posy":6,"amount":400},{"posx":6,"posy":7,"amount":50},{"posx":20,"posy":7,"amount":700},{"posx":9,"posy":8,"amount":200},{"posx":11,"posy":8,"amount":200}],"changedObstacles":[{"type":0,"posx":13,"posy":5,"value":-1}]},{"players":[{"playerId":675419,"score":725,"energy":12,"posx":12,"posy":5,"lastAction":0,"status":0},{"playerId":2611188,"score":550,"energy":9,"posx":9,"posy":1,"lastAction":5,"status":0},{"playerId":206247,"score":500,"energy":5,"posx":7,"posy":2,"lastAction":5,"status":0},{"playerId":2248990,"score":525,"energy":25,"posx":18,"posy":4,"lastAction":2,"status":0}],"golds":[{"posx":5,"posy":1,"amount":350},{"posx":7,"posy":1,"amount":150},{"posx":9,"posy":1,"amount":150},{"posx":0,"posy":2,"amount":50},{"posx":7,"posy":2,"amount":200},{"posx":18,"posy":3,"amount":250},{"posx":20,"posy":3,"amount":750},{"posx":6,"posy":4,"amount":450},{"posx":2,"posy":5,"amount":650},{"posx":0,"posy":6,"amount":750},{"posx":6,"posy":6,"amount":100},{"posx":10,"posy":6,"amount":400},{"posx":6,"posy":7,"amount":50},{"posx":20,"posy":7,"amount":700},{"posx":9,"posy":8,"amount":200},{"posx":11,"posy":8,"amount":200}],"changedObstacles":[{"type":0,"posx":12,"posy":5,"value":-1},{"type":3,"posx":18,"posy":4,"value":-20}]},{"players":[{"playerId":675419,"score":725,"energy":24,"posx":12,"posy":5,"lastAction":4,"status":0},{"playerId":2611188,"score":600,"energy":4,"posx":9,"posy":1,"lastAction":5,"status":0},{"playerId":206247,"score":500,"energy":17,"posx":7,"posy":2,"lastAction":4,"status":0},{"playerId":2248990,"score":525,"energy":21,"posx":18,"posy":3,"lastAction":2,"status":0}],"golds":[{"posx":5,"posy":1,"amount":350},{"posx":7,"posy":1,"amount":150},{"posx":9,"posy":1,"amount":100},{"posx":0,"posy":2,"amount":50},{"posx":7,"posy":2,"amount":200},{"posx":18,"posy":3,"amount":250},{"posx":20,"posy":3,"amount":750},{"posx":6,"posy":4,"amount":450},{"posx":2,"posy":5,"amount":650},{"posx":0,"posy":6,"amount":750},{"posx":6,"posy":6,"amount":100},{"posx":10,"posy":6,"amount":400},{"posx":6,"posy":7,"amount":50},{"posx":20,"posy":7,"amount":700},{"posx":9,"posy":8,"amount":200},{"posx":11,"posy":8,"amount":200}],"changedObstacles":[]},{"players":[{"playerId":675419,"score":725,"energy":23,"posx":11,"posy":5,"lastAction":0,"status":0},{"playerId":2611188,"score":600,"energy":16,"posx":9,"posy":1,"lastAction":4,"status":0},{"playerId":206247,"score":500,"energy":33,"posx":7,"posy":2,"lastAction":4,"status":0},{"playerId":2248990,"score":575,"energy":16,"posx":18,"posy":3,"lastAction":5,"status":0}],"golds":[{"posx":5,"posy":1,"amount":350},{"posx":7,"posy":1,"amount":150},{"posx":9,"posy":1,"amount":100},{"posx":0,"posy":2,"amount":50},{"posx":7,"posy":2,"amount":200},{"posx":18,"posy":3,"amount":200},{"posx":20,"posy":3,"amount":750},{"posx":6,"posy":4,"amount":450},{"posx":2,"posy":5,"amount":650},{"posx":0,"posy":6,"amount":750},{"posx":6,"posy":6,"amount":100},{"posx":10,"posy":6,"amount":400},{"posx":6,"posy":7,"amount":50},{"posx":20,"posy":7,"amount":700},{"posx":9,"posy":8,"amount":200},{"posx":11,"posy":8,"amount":200}],"changedObstacles":[]},{"players":[{"playerId":675419,"score":725,"energy":9,"posx":10,"posy":5,"lastAction":0,"status":0},{"playerId":2611188,"score":600,"energy":32,"posx":9,"posy":1,"lastAction":4,"status":0},{"playerId":206247,"score":500,"energy":50,"posx":7,"posy":2,"lastAction":4,"status":0},{"playerId":2248990,"score":625,"energy":11,"posx":18,"posy":3,"lastAction":5,"status":0}],"golds":[{"posx":5,"posy":1,"amount":350},{"posx":7,"posy":1,"amount":150},{"posx":9,"posy":1,"amount":100},{"posx":0,"posy":2,"amount":50},{"posx":7,"posy":2,"amount":200},{"posx":18,"posy":3,"amount":150},{"posx":20,"posy":3,"amount":750},{"posx":6,"posy":4,"amount":450},{"posx":2,"posy":5,"amount":650},{"posx":0,"posy":6,"amount":750},{"posx":6,"posy":6,"amount":100},{"posx":10,"posy":6,"amount":400},{"posx":6,"posy":7,"amount":50},{"posx":20,"posy":7,"amount":700},{"posx":9,"posy":8,"amount":200},{"posx":11,"posy":8,"amount":200}],"changedObstacles":[]},{"players":[{"playerId":675419,"score":725,"energy":5,"posx":10,"posy":6,"lastAction":3,"status":0},{"playerId":2611188,"score":600,"energy":50,"posx":9,"posy":1,"lastAction":4,"status":0},{"playerId":206247,"score":550,"energy":45,"posx":7,"posy":2,"lastAction":5,"status":0},{"playerId":2248990,"score":625,"energy":23,"posx":18,"posy":3,"lastAction":4,"status":0}],"golds":[{"posx":5,"posy":1,"amount":350},{"posx":7,"posy":1,"amount":150},{"posx":9,"posy":1,"amount":100},{"posx":0,"posy":2,"amount":50},{"posx":7,"posy":2,"amount":150},{"posx":18,"posy":3,"amount":150},{"posx":20,"posy":3,"amount":750},{"posx":6,"posy":4,"amount":450},{"posx":2,"posy":5,"amount":650},{"posx":0,"posy":6,"amount":750},{"posx":6,"posy":6,"amount":100},{"posx":10,"posy":6,"amount":400},{"posx":6,"posy":7,"amount":50},{"posx":20,"posy":7,"amount":700},{"posx":9,"posy":8,"amount":200},{"posx":11,"posy":8,"amount":200}],"changedObstacles":[]},{"players":[{"playerId":675419,"score":725,"energy":17,"posx":10,"posy":6,"lastAction":4,"status":0},{"playerId":2611188,"score":650,"energy":45,"posx":9,"posy":1,"lastAction":5,"status":0},{"playerId":206247,"score":600,"energy":40,"posx":7,"posy":2,"lastAction":5,"status":0},{"playerId":2248990,"score":675,"energy":18,"posx":18,"posy":3,"lastAction":5,"status":0}],"golds":[{"posx":5,"posy":1,"amount":350},{"posx":7,"posy":1,"amount":150},{"posx":9,"posy":1,"amount":50},{"posx":0,"posy":2,"amount":50},{"posx":7,"posy":2,"amount":100},{"posx":18,"posy":3,"amount":100},{"posx":20,"posy":3,"amount":750},{"posx":6,"posy":4,"amount":450},{"posx":2,"posy":5,"amount":650},{"posx":0,"posy":6,"amount":750},{"posx":6,"posy":6,"amount":100},{"posx":10,"posy":6,"amount":400},{"posx":6,"posy":7,"amount":50},{"posx":20,"posy":7,"amount":700},{"posx":9,"posy":8,"amount":200},{"posx":11,"posy":8,"amount":200}],"changedObstacles":[]},{"players":[{"playerId":675419,"score":725,"energy":33,"posx":10,"posy":6,"lastAction":4,"status":0},{"playerId":2611188,"score":700,"energy":40,"posx":9,"posy":1,"lastAction":5,"status":0},{"playerId":206247,"score":650,"energy":35,"posx":7,"posy":2,"lastAction":5,"status":0},{"playerId":2248990,"score":725,"energy":13,"posx":18,"posy":3,"lastAction":5,"status":0}],"golds":[{"posx":5,"posy":1,"amount":350},{"posx":7,"posy":1,"amount":150},{"posx":0,"posy":2,"amount":50},{"posx":7,"posy":2,"amount":50},{"posx":18,"posy":3,"amount":50},{"posx":20,"posy":3,"amount":750},{"posx":6,"posy":4,"amount":450},{"posx":2,"posy":5,"amount":650},{"posx":0,"posy":6,"amount":750},{"posx":6,"posy":6,"amount":100},{"posx":10,"posy":6,"amount":400},{"posx":6,"posy":7,"amount":50},{"posx":20,"posy":7,"amount":700},{"posx":9,"posy":8,"amount":200},{"posx":11,"posy":8,"amount":200}],"changedObstacles":[{"type":0,"posx":9,"posy":1,"value":-1}]},{"players":[{"playerId":675419,"score":775,"energy":28,"posx":10,"posy":6,"lastAction":5,"status":0},{"playerId":2611188,"score":700,"energy":39,"posx":8,"posy":1,"lastAction":0,"status":0},{"playerId":206247,"score":700,"energy":30,"posx":7,"posy":2,"lastAction":5,"status":0},{"playerId":2248990,"score":775,"energy":8,"posx":18,"posy":3,"lastAction":5,"status":0}],"golds":[{"posx":5,"posy":1,"amount":350},{"posx":7,"posy":1,"amount":150},{"posx":0,"posy":2,"amount":50},{"posx":20,"posy":3,"amount":750},{"posx":6,"posy":4,"amount":450},{"posx":2,"posy":5,"amount":650},{"posx":0,"posy":6,"amount":750},{"posx":6,"posy":6,"amount":100},{"posx":10,"posy":6,"amount":350},{"posx":6,"posy":7,"amount":50},{"posx":20,"posy":7,"amount":700},{"posx":9,"posy":8,"amount":200},{"posx":11,"posy":8,"amount":200}],"changedObstacles":[{"type":0,"posx":7,"posy":2,"value":-1},{"type":0,"posx":18,"posy":3,"value":-1}]},{"players":[{"playerId":675419,"score":825,"energy":23,"posx":10,"posy":6,"lastAction":5,"status":0},{"playerId":2611188,"score":700,"energy":35,"posx":7,"posy":1,"lastAction":0,"status":0},{"playerId":206247,"score":700,"energy":26,"posx":7,"posy":1,"lastAction":2,"status":0},{"playerId":2248990,"score":775,"energy":20,"posx":18,"posy":3,"lastAction":4,"status":0}],"golds":[{"posx":5,"posy":1,"amount":350},{"posx":7,"posy":1,"amount":150},{"posx":0,"posy":2,"amount":50},{"posx":20,"posy":3,"amount":750},{"posx":6,"posy":4,"amount":450},{"posx":2,"posy":5,"amount":650},{"posx":0,"posy":6,"amount":750},{"posx":6,"posy":6,"amount":100},{"posx":10,"posy":6,"amount":300},{"posx":6,"posy":7,"amount":50},{"posx":20,"posy":7,"amount":700},{"posx":9,"posy":8,"amount":200},{"posx":11,"posy":8,"amount":200}],"changedObstacles":[]},{"players":[{"playerId":675419,"score":875,"energy":18,"posx":10,"posy":6,"lastAction":5,"status":0},{"playerId":2611188,"score":750,"energy":30,"posx":7,"posy":1,"lastAction":5,"status":0},{"playerId":206247,"score":750,"energy":21,"posx":7,"posy":1,"lastAction":5,"status":0},{"playerId":2248990,"score":775,"energy":36,"posx":18,"posy":3,"lastAction":4,"status":0}],"golds":[{"posx":5,"posy":1,"amount":350},{"posx":7,"posy":1,"amount":50},{"posx":0,"posy":2,"amount":50},{"posx":20,"posy":3,"amount":750},{"posx":6,"posy":4,"amount":450},{"posx":2,"posy":5,"amount":650},{"posx":0,"posy":6,"amount":750},{"posx":6,"posy":6,"amount":100},{"posx":10,"posy":6,"amount":250},{"posx":6,"posy":7,"amount":50},{"posx":20,"posy":7,"amount":700},{"posx":9,"posy":8,"amount":200},{"posx":11,"posy":8,"amount":200}],"changedObstacles":[]},{"players":[{"playerId":675419,"score":925,"energy":13,"posx":10,"posy":6,"lastAction":5,"status":0},{"playerId":2611188,"score":775,"energy":25,"posx":7,"posy":1,"lastAction":5,"status":0},{"playerId":206247,"score":775,"energy":16,"posx":7,"posy":1,"lastAction":5,"status":0},{"playerId":2248990,"score":775,"energy":35,"posx":19,"posy":3,"lastAction":1,"status":0}],"golds":[{"posx":5,"posy":1,"amount":350},{"posx":0,"posy":2,"amount":50},{"posx":20,"posy":3,"amount":750},{"posx":6,"posy":4,"amount":450},{"posx":2,"posy":5,"amount":650},{"posx":0,"posy":6,"amount":750},{"posx":6,"posy":6,"amount":100},{"posx":10,"posy":6,"amount":200},{"posx":6,"posy":7,"amount":50},{"posx":20,"posy":7,"amount":700},{"posx":9,"posy":8,"amount":200},{"posx":11,"posy":8,"amount":200}],"changedObstacles":[{"type":0,"posx":7,"posy":1,"value":-1}]},{"players":[{"playerId":675419,"score":975,"energy":8,"posx":10,"posy":6,"lastAction":5,"status":0},{"playerId":2611188,"score":775,"energy":24,"posx":6,"posy":1,"lastAction":0,"status":0},{"playerId":206247,"score":775,"energy":15,"posx":6,"posy":1,"lastAction":0,"status":0},{"playerId":2248990,"score":775,"energy":31,"posx":20,"posy":3,"lastAction":1,"status":0}],"golds":[{"posx":5,"posy":1,"amount":350},{"posx":0,"posy":2,"amount":50},{"posx":20,"posy":3,"amount":750},{"posx":6,"posy":4,"amount":450},{"posx":2,"posy":5,"amount":650},{"posx":0,"posy":6,"amount":750},{"posx":6,"posy":6,"amount":100},{"posx":10,"posy":6,"amount":150},{"posx":6,"posy":7,"amount":50},{"posx":20,"posy":7,"amount":700},{"posx":9,"posy":8,"amount":200},{"posx":11,"posy":8,"amount":200}],"changedObstacles":[]},{"players":[{"playerId":675419,"score":1025,"energy":3,"posx":10,"posy":6,"lastAction":5,"status":0},{"playerId":2611188,"score":775,"energy":20,"posx":5,"posy":1,"lastAction":0,"status":0},{"playerId":206247,"score":775,"energy":11,"posx":5,"posy":1,"lastAction":0,"status":0},{"playerId":2248990,"score":825,"energy":26,"posx":20,"posy":3,"lastAction":5,"status":0}],"golds":[{"posx":5,"posy":1,"amount":350},{"posx":0,"posy":2,"amount":50},{"posx":20,"posy":3,"amount":700},{"posx":6,"posy":4,"amount":450},{"posx":2,"posy":5,"amount":650},{"posx":0,"posy":6,"amount":750},{"posx":6,"posy":6,"amount":100},{"posx":10,"posy":6,"amount":100},{"posx":6,"posy":7,"amount":50},{"posx":20,"posy":7,"amount":700},{"posx":9,"posy":8,"amount":200},{"posx":11,"posy":8,"amount":200}],"changedObstacles":[]},{"players":[{"playerId":675419,"score":1025,"energy":15,"posx":10,"posy":6,"lastAction":4,"status":0},{"playerId":2611188,"score":825,"energy":15,"posx":5,"posy":1,"lastAction":5,"status":0},{"playerId":206247,"score":825,"energy":6,"posx":5,"posy":1,"lastAction":5,"status":0},{"playerId":2248990,"score":875,"energy":21,"posx":20,"posy":3,"lastAction":5,"status":0}],"golds":[{"posx":5,"posy":1,"amount":250},{"posx":0,"posy":2,"amount":50},{"posx":20,"posy":3,"amount":650},{"posx":6,"posy":4,"amount":450},{"posx":2,"posy":5,"amount":650},{"posx":0,"posy":6,"amount":750},{"posx":6,"posy":6,"amount":100},{"posx":10,"posy":6,"amount":100},{"posx":6,"posy":7,"amount":50},{"posx":20,"posy":7,"amount":700},{"posx":9,"posy":8,"amount":200},{"posx":11,"posy":8,"amount":200}],"changedObstacles":[]},{"players":[{"playerId":675419,"score":1025,"energy":31,"posx":10,"posy":6,"lastAction":4,"status":0},{"playerId":2611188,"score":875,"energy":10,"posx":5,"posy":1,"lastAction":5,"status":0},{"playerId":206247,"score":875,"energy":1,"posx":5,"posy":1,"lastAction":5,"status":0},{"playerId":2248990,"score":925,"energy":16,"posx":20,"posy":3,"lastAction":5,"status":0}],"golds":[{"posx":5,"posy":1,"amount":150},{"posx":0,"posy":2,"amount":50},{"posx":20,"posy":3,"amount":600},{"posx":6,"posy":4,"amount":450},{"posx":2,"posy":5,"amount":650},{"posx":0,"posy":6,"amount":750},{"posx":6,"posy":6,"amount":100},{"posx":10,"posy":6,"amount":100},{"posx":6,"posy":7,"amount":50},{"posx":20,"posy":7,"amount":700},{"posx":9,"posy":8,"amount":200},{"posx":11,"posy":8,"amount":200}],"changedObstacles":[]},{"players":[{"playerId":675419,"score":1075,"energy":26,"posx":10,"posy":6,"lastAction":5,"status":0},{"playerId":2611188,"score":925,"energy":5,"posx":5,"posy":1,"lastAction":5,"status":0},{"playerId":206247,"score":875,"energy":13,"posx":5,"posy":1,"lastAction":4,"status":0},{"playerId":2248990,"score":975,"energy":11,"posx":20,"posy":3,"lastAction":5,"status":0}],"golds":[{"posx":5,"posy":1,"amount":100},{"posx":0,"posy":2,"amount":50},{"posx":20,"posy":3,"amount":550},{"posx":6,"posy":4,"amount":450},{"posx":2,"posy":5,"amount":650},{"posx":0,"posy":6,"amount":750},{"posx":6,"posy":6,"amount":100},{"posx":10,"posy":6,"amount":50},{"posx":6,"posy":7,"amount":50},{"posx":20,"posy":7,"amount":700},{"posx":9,"posy":8,"amount":200},{"posx":11,"posy":8,"amount":200}],"changedObstacles":[]},{"players":[{"playerId":675419,"score":1125,"energy":21,"posx":10,"posy":6,"lastAction":5,"status":0},{"playerId":2611188,"score":925,"energy":17,"posx":5,"posy":1,"lastAction":4,"status":0},{"playerId":206247,"score":875,"energy":29,"posx":5,"posy":1,"lastAction":4,"status":0},{"playerId":2248990,"score":975,"energy":23,"posx":20,"posy":3,"lastAction":4,"status":0}],"golds":[{"posx":5,"posy":1,"amount":100},{"posx":0,"posy":2,"amount":50},{"posx":20,"posy":3,"amount":550},{"posx":6,"posy":4,"amount":450},{"posx":2,"posy":5,"amount":650},{"posx":0,"posy":6,"amount":750},{"posx":6,"posy":6,"amount":100},{"posx":6,"posy":7,"amount":50},{"posx":20,"posy":7,"amount":700},{"posx":9,"posy":8,"amount":200},{"posx":11,"posy":8,"amount":200}],"changedObstacles":[{"type":0,"posx":10,"posy":6,"value":-1}]},{"players":[{"playerId":675419,"score":1125,"energy":2,"posx":11,"posy":6,"lastAction":1,"status":0},{"playerId":2611188,"score":925,"energy":33,"posx":5,"posy":1,"lastAction":4,"status":0},{"playerId":206247,"score":875,"energy":50,"posx":5,"posy":1,"lastAction":4,"status":0},{"playerId":2248990,"score":1025,"energy":18,"posx":20,"posy":3,"lastAction":5,"status":0}],"golds":[{"posx":5,"posy":1,"amount":100},{"posx":0,"posy":2,"amount":50},{"posx":20,"posy":3,"amount":500},{"posx":6,"posy":4,"amount":450},{"posx":2,"posy":5,"amount":650},{"posx":0,"posy":6,"amount":750},{"posx":6,"posy":6,"amount":100},{"posx":6,"posy":7,"amount":50},{"posx":20,"posy":7,"amount":700},{"posx":9,"posy":8,"amount":200},{"posx":11,"posy":8,"amount":200}],"changedObstacles":[]},{"players":[{"playerId":675419,"score":1125,"energy":14,"posx":11,"posy":6,"lastAction":4,"status":0},{"playerId":2611188,"score":975,"energy":28,"posx":5,"posy":1,"lastAction":5,"status":0},{"playerId":206247,"score":925,"energy":45,"posx":5,"posy":1,"lastAction":5,"status":0},{"playerId":2248990,"score":1075,"energy":13,"posx":20,"posy":3,"lastAction":5,"status":0}],"golds":[{"posx":0,"posy":2,"amount":50},{"posx":20,"posy":3,"amount":450},{"posx":6,"posy":4,"amount":450},{"posx":2,"posy":5,"amount":650},{"posx":0,"posy":6,"amount":750},{"posx":6,"posy":6,"amount":100},{"posx":6,"posy":7,"amount":50},{"posx":20,"posy":7,"amount":700},{"posx":9,"posy":8,"amount":200},{"posx":11,"posy":8,"amount":200}],"changedObstacles":[{"type":0,"posx":5,"posy":1,"value":-1}]},{"players":[{"playerId":675419,"score":1125,"energy":4,"posx":11,"posy":7,"lastAction":3,"status":0},{"playerId":2611188,"score":975,"energy":27,"posx":5,"posy":2,"lastAction":3,"status":0},{"playerId":206247,"score":925,"energy":44,"posx":6,"posy":1,"lastAction":1,"status":0},{"playerId":2248990,"score":1125,"energy":8,"posx":20,"posy":3,"lastAction":5,"status":0}],"golds":[{"posx":0,"posy":2,"amount":50},{"posx":20,"posy":3,"amount":400},{"posx":6,"posy":4,"amount":450},{"posx":2,"posy":5,"amount":650},{"posx":0,"posy":6,"amount":750},{"posx":6,"posy":6,"amount":100},{"posx":6,"posy":7,"amount":50},{"posx":20,"posy":7,"amount":700},{"posx":9,"posy":8,"amount":200},{"posx":11,"posy":8,"amount":200}],"changedObstacles":[{"type":0,"posx":11,"posy":7,"value":-1}]},{"players":[{"playerId":675419,"score":1125,"energy":16,"posx":11,"posy":7,"lastAction":4,"status":0},{"playerId":2611188,"score":975,"energy":22,"posx":5,"posy":3,"lastAction":3,"status":0},{"playerId":206247,"score":925,"energy":34,"posx":6,"posy":2,"lastAction":3,"status":0},{"playerId":2248990,"score":1125,"energy":20,"posx":20,"posy":3,"lastAction":4,"status":0}],"golds":[{"posx":0,"posy":2,"amount":50},{"posx":20,"posy":3,"amount":400},{"posx":6,"posy":4,"amount":450},{"posx":2,"posy":5,"amount":650},{"posx":0,"posy":6,"amount":750},{"posx":6,"posy":6,"amount":100},{"posx":6,"posy":7,"amount":50},{"posx":20,"posy":7,"amount":700},{"posx":9,"posy":8,"amount":200},{"posx":11,"posy":8,"amount":200}],"changedObstacles":[{"type":0,"posx":6,"posy":2,"value":-1},{"type":3,"posx":5,"posy":3,"value":-20}]},{"players":[{"playerId":675419,"score":1125,"energy":12,"posx":11,"posy":8,"lastAction":3,"status":0},{"playerId":2611188,"score":975,"energy":21,"posx":4,"posy":3,"lastAction":0,"status":0},{"playerId":206247,"score":925,"energy":33,"posx":6,"posy":3,"lastAction":3,"status":0},{"playerId":2248990,"score":1175,"energy":15,"posx":20,"posy":3,"lastAction":5,"status":0}],"golds":[{"posx":0,"posy":2,"amount":50},{"posx":20,"posy":3,"amount":350},{"posx":6,"posy":4,"amount":450},{"posx":2,"posy":5,"amount":650},{"posx":0,"posy":6,"amount":750},{"posx":6,"posy":6,"amount":100},{"posx":6,"posy":7,"amount":50},{"posx":20,"posy":7,"amount":700},{"posx":9,"posy":8,"amount":200},{"posx":11,"posy":8,"amount":200}],"changedObstacles":[]},{"players":[{"playerId":675419,"score":1175,"energy":7,"posx":11,"posy":8,"lastAction":5,"status":0},{"playerId":2611188,"score":975,"energy":20,"posx":3,"posy":3,"lastAction":0,"status":0},{"playerId":206247,"score":925,"energy":29,"posx":6,"posy":4,"lastAction":3,"status":0},{"playerId":2248990,"score":1225,"energy":10,"posx":20,"posy":3,"lastAction":5,"status":0}],"golds":[{"posx":0,"posy":2,"amount":50},{"posx":20,"posy":3,"amount":300},{"posx":6,"posy":4,"amount":450},{"posx":2,"posy":5,"amount":650},{"posx":0,"posy":6,"amount":750},{"posx":6,"posy":6,"amount":100},{"posx":6,"posy":7,"amount":50},{"posx":20,"posy":7,"amount":700},{"posx":9,"posy":8,"amount":200},{"posx":11,"posy":8,"amount":150}],"changedObstacles":[]},{"players":[{"playerId":675419,"score":1225,"energy":2,"posx":11,"posy":8,"lastAction":5,"status":0},{"playerId":2611188,"score":975,"energy":19,"posx":2,"posy":3,"lastAction":0,"status":0},{"playerId":206247,"score":975,"energy":24,"posx":6,"posy":4,"lastAction":5,"status":0},{"playerId":2248990,"score":1225,"energy":22,"posx":20,"posy":3,"lastAction":4,"status":0}],"golds":[{"posx":0,"posy":2,"amount":50},{"posx":20,"posy":3,"amount":300},{"posx":6,"posy":4,"amount":400},{"posx":2,"posy":5,"amount":650},{"posx":0,"posy":6,"amount":750},{"posx":6,"posy":6,"amount":100},{"posx":6,"posy":7,"amount":50},{"posx":20,"posy":7,"amount":700},{"posx":9,"posy":8,"amount":200},{"posx":11,"posy":8,"amount":100}],"changedObstacles":[]},{"players":[{"playerId":675419,"score":1225,"energy":14,"posx":11,"posy":8,"lastAction":4,"status":0},{"playerId":2611188,"score":975,"energy":18,"posx":1,"posy":3,"lastAction":0,"status":0},{"playerId":206247,"score":1025,"energy":19,"posx":6,"posy":4,"lastAction":5,"status":0},{"playerId":2248990,"score":1275,"energy":17,"posx":20,"posy":3,"lastAction":5,"status":0}],"golds":[{"posx":0,"posy":2,"amount":50},{"posx":20,"posy":3,"amount":250},{"posx":6,"posy":4,"amount":350},{"posx":2,"posy":5,"amount":650},{"posx":0,"posy":6,"amount":750},{"posx":6,"posy":6,"amount":100},{"posx":6,"posy":7,"amount":50},{"posx":20,"posy":7,"amount":700},{"posx":9,"posy":8,"amount":200},{"posx":11,"posy":8,"amount":100}],"changedObstacles":[]},{"players":[{"playerId":675419,"score":1225,"energy":30,"posx":11,"posy":8,"lastAction":4,"status":0},{"playerId":2611188,"score":975,"energy":17,"posx":1,"posy":4,"lastAction":3,"status":0},{"playerId":206247,"score":1075,"energy":14,"posx":6,"posy":4,"lastAction":5,"status":0},{"playerId":2248990,"score":1325,"energy":12,"posx":20,"posy":3,"lastAction":5,"status":0}],"golds":[{"posx":0,"posy":2,"amount":50},{"posx":20,"posy":3,"amount":200},{"posx":6,"posy":4,"amount":300},{"posx":2,"posy":5,"amount":650},{"posx":0,"posy":6,"amount":750},{"posx":6,"posy":6,"amount":100},{"posx":6,"posy":7,"amount":50},{"posx":20,"posy":7,"amount":700},{"posx":9,"posy":8,"amount":200},{"posx":11,"posy":8,"amount":100}],"changedObstacles":[]},{"players":[{"playerId":675419,"score":1275,"energy":25,"posx":11,"posy":8,"lastAction":5,"status":0},{"playerId":2611188,"score":975,"energy":16,"posx":1,"posy":5,"lastAction":3,"status":0},{"playerId":206247,"score":1125,"energy":9,"posx":6,"posy":4,"lastAction":5,"status":0},{"playerId":2248990,"score":1375,"energy":7,"posx":20,"posy":3,"lastAction":5,"status":0}],"golds":[{"posx":0,"posy":2,"amount":50},{"posx":20,"posy":3,"amount":150},{"posx":6,"posy":4,"amount":250},{"posx":2,"posy":5,"amount":650},{"posx":0,"posy":6,"amount":750},{"posx":6,"posy":6,"amount":100},{"posx":6,"posy":7,"amount":50},{"posx":20,"posy":7,"amount":700},{"posx":9,"posy":8,"amount":200},{"posx":11,"posy":8,"amount":50}],"changedObstacles":[]},{"players":[{"playerId":675419,"score":1325,"energy":20,"posx":11,"posy":8,"lastAction":5,"status":0},{"playerId":2611188,"score":975,"energy":15,"posx":0,"posy":5,"lastAction":0,"status":0},{"playerId":206247,"score":1175,"energy":4,"posx":6,"posy":4,"lastAction":5,"status":0},{"playerId":2248990,"score":1375,"energy":19,"posx":20,"posy":3,"lastAction":4,"status":0}],"golds":[{"posx":0,"posy":2,"amount":50},{"posx":20,"posy":3,"amount":150},{"posx":6,"posy":4,"amount":200},{"posx":2,"posy":5,"amount":650},{"posx":0,"posy":6,"amount":750},{"posx":6,"posy":6,"amount":100},{"posx":6,"posy":7,"amount":50},{"posx":20,"posy":7,"amount":700},{"posx":9,"posy":8,"amount":200}],"changedObstacles":[{"type":0,"posx":11,"posy":8,"value":-1}]},{"players":[{"playerId":675419,"score":1325,"energy":32,"posx":11,"posy":8,"lastAction":4,"status":0},{"playerId":2611188,"score":975,"energy":11,"posx":0,"posy":6,"lastAction":3,"status":0},{"playerId":206247,"score":1175,"energy":16,"posx":6,"posy":4,"lastAction":4,"status":0},{"playerId":2248990,"score":1425,"energy":14,"posx":20,"posy":3,"lastAction":5,"status":0}],"golds":[{"posx":0,"posy":2,"amount":50},{"posx":20,"posy":3,"amount":100},{"posx":6,"posy":4,"amount":200},{"posx":2,"posy":5,"amount":650},{"posx":0,"posy":6,"amount":750},{"posx":6,"posy":6,"amount":100},{"posx":6,"posy":7,"amount":50},{"posx":20,"posy":7,"amount":700},{"posx":9,"posy":8,"amount":200}],"changedObstacles":[]},{"players":[{"playerId":675419,"score":1325,"energy":31,"posx":10,"posy":8,"lastAction":0,"status":0},{"playerId":2611188,"score":1025,"energy":6,"posx":0,"posy":6,"lastAction":5,"status":0},{"playerId":206247,"score":1175,"energy":32,"posx":6,"posy":4,"lastAction":4,"status":0},{"playerId":2248990,"score":1475,"energy":9,"posx":20,"posy":3,"lastAction":5,"status":0}],"golds":[{"posx":0,"posy":2,"amount":50},{"posx":20,"posy":3,"amount":50},{"posx":6,"posy":4,"amount":200},{"posx":2,"posy":5,"amount":650},{"posx":0,"posy":6,"amount":700},{"posx":6,"posy":6,"amount":100},{"posx":6,"posy":7,"amount":50},{"posx":20,"posy":7,"amount":700},{"posx":9,"posy":8,"amount":200}],"changedObstacles":[]},{"players":[{"playerId":675419,"score":1325,"energy":27,"posx":9,"posy":8,"lastAction":0,"status":0},{"playerId":2611188,"score":1075,"energy":1,"posx":0,"posy":6,"lastAction":5,"status":0},{"playerId":206247,"score":1175,"energy":50,"posx":6,"posy":4,"lastAction":4,"status":0},{"playerId":2248990,"score":1475,"energy":21,"posx":20,"posy":3,"lastAction":4,"status":0}],"golds":[{"posx":0,"posy":2,"amount":50},{"posx":20,"posy":3,"amount":50},{"posx":6,"posy":4,"amount":200},{"posx":2,"posy":5,"amount":650},{"posx":0,"posy":6,"amount":650},{"posx":6,"posy":6,"amount":100},{"posx":6,"posy":7,"amount":50},{"posx":20,"posy":7,"amount":700},{"posx":9,"posy":8,"amount":200}],"changedObstacles":[]},{"players":[{"playerId":675419,"score":1375,"energy":22,"posx":9,"posy":8,"lastAction":5,"status":0},{"playerId":2611188,"score":1075,"energy":13,"posx":0,"posy":6,"lastAction":4,"status":0},{"playerId":206247,"score":1225,"energy":45,"posx":6,"posy":4,"lastAction":5,"status":0},{"playerId":2248990,"score":1525,"energy":16,"posx":20,"posy":3,"lastAction":5,"status":0}],"golds":[{"posx":0,"posy":2,"amount":50},{"posx":6,"posy":4,"amount":150},{"posx":2,"posy":5,"amount":650},{"posx":0,"posy":6,"amount":650},{"posx":6,"posy":6,"amount":100},{"posx":6,"posy":7,"amount":50},{"posx":20,"posy":7,"amount":700},{"posx":9,"posy":8,"amount":150}],"changedObstacles":[{"type":0,"posx":20,"posy":3,"value":-1}]},{"players":[{"playerId":675419,"score":1425,"energy":17,"posx":9,"posy":8,"lastAction":5,"status":0},{"playerId":2611188,"score":1075,"energy":29,"posx":0,"posy":6,"lastAction":4,"status":0},{"playerId":206247,"score":1275,"energy":40,"posx":6,"posy":4,"lastAction":5,"status":0},{"playerId":2248990,"score":1525,"energy":28,"posx":20,"posy":3,"lastAction":4,"status":0}],"golds":[{"posx":0,"posy":2,"amount":50},{"posx":6,"posy":4,"amount":100},{"posx":2,"posy":5,"amount":650},{"posx":0,"posy":6,"amount":650},{"posx":6,"posy":6,"amount":100},{"posx":6,"posy":7,"amount":50},{"posx":20,"posy":7,"amount":700},{"posx":9,"posy":8,"amount":100}],"changedObstacles":[]},{"players":[{"playerId":675419,"score":1475,"energy":12,"posx":9,"posy":8,"lastAction":5,"status":0},{"playerId":2611188,"score":1075,"energy":50,"posx":0,"posy":6,"lastAction":4,"status":0},{"playerId":206247,"score":1325,"energy":35,"posx":6,"posy":4,"lastAction":5,"status":0},{"playerId":2248990,"score":1525,"energy":27,"posx":20,"posy":4,"lastAction":3,"status":0}],"golds":[{"posx":0,"posy":2,"amount":50},{"posx":6,"posy":4,"amount":50},{"posx":2,"posy":5,"amount":650},{"posx":0,"posy":6,"amount":650},{"posx":6,"posy":6,"amount":100},{"posx":6,"posy":7,"amount":50},{"posx":20,"posy":7,"amount":700},{"posx":9,"posy":8,"amount":50}],"changedObstacles":[]},{"players":[{"playerId":675419,"score":1525,"energy":7,"posx":9,"posy":8,"lastAction":5,"status":0},{"playerId":2611188,"score":1125,"energy":45,"posx":0,"posy":6,"lastAction":5,"status":0},{"playerId":206247,"score":1325,"energy":34,"posx":5,"posy":4,"lastAction":0,"status":0},{"playerId":2248990,"score":1525,"energy":22,"posx":20,"posy":5,"lastAction":3,"status":0}],"golds":[{"posx":0,"posy":2,"amount":50},{"posx":6,"posy":4,"amount":50},{"posx":2,"posy":5,"amount":650},{"posx":0,"posy":6,"amount":600},{"posx":6,"posy":6,"amount":100},{"posx":6,"posy":7,"amount":50},{"posx":20,"posy":7,"amount":700}],"changedObstacles":[{"type":0,"posx":9,"posy":8,"value":-1}]},{"players":[{"playerId":675419,"score":1525,"energy":6,"posx":8,"posy":8,"lastAction":0,"status":0},{"playerId":2611188,"score":1175,"energy":40,"posx":0,"posy":6,"lastAction":5,"status":0},{"playerId":206247,"score":1325,"energy":33,"posx":4,"posy":4,"lastAction":0,"status":0},{"playerId":2248990,"score":1525,"energy":21,"posx":20,"posy":6,"lastAction":3,"status":0}],"golds":[{"posx":0,"posy":2,"amount":50},{"posx":6,"posy":4,"amount":50},{"posx":2,"posy":5,"amount":650},{"posx":0,"posy":6,"amount":550},{"posx":6,"posy":6,"amount":100},{"posx":6,"posy":7,"amount":50},{"posx":20,"posy":7,"amount":700}],"changedObstacles":[]},{"players":[{"playerId":675419,"score":1525,"energy":18,"posx":8,"posy":8,"lastAction":4,"status":0},{"playerId":2611188,"score":1225,"energy":35,"posx":0,"posy":6,"lastAction":5,"status":0},{"playerId":206247,"score":1325,"energy":32,"posx":3,"posy":4,"lastAction":0,"status":0},{"playerId":2248990,"score":1525,"energy":17,"posx":20,"posy":7,"lastAction":3,"status":0}],"golds":[{"posx":0,"posy":2,"amount":50},{"posx":6,"posy":4,"amount":50},{"posx":2,"posy":5,"amount":650},{"posx":0,"posy":6,"amount":500},{"posx":6,"posy":6,"amount":100},{"posx":6,"posy":7,"amount":50},{"posx":20,"posy":7,"amount":700}],"changedObstacles":[]},{"players":[{"playerId":675419,"score":1525,"energy":34,"posx":8,"posy":8,"lastAction":4,"status":0},{"playerId":2611188,"score":1275,"energy":30,"posx":0,"posy":6,"lastAction":5,"status":0},{"playerId":206247,"score":1325,"energy":31,"posx":2,"posy":4,"lastAction":0,"status":0},{"playerId":2248990,"score":1575,"energy":12,"posx":20,"posy":7,"lastAction":5,"status":0}],"golds":[{"posx":0,"posy":2,"amount":50},{"posx":6,"posy":4,"amount":50},{"posx":2,"posy":5,"amount":650},{"posx":0,"posy":6,"amount":450},{"posx":6,"posy":6,"amount":100},{"posx":6,"posy":7,"amount":50},{"posx":20,"posy":7,"amount":650}],"changedObstacles":[]},{"players":[{"playerId":675419,"score":1525,"energy":33,"posx":7,"posy":8,"lastAction":0,"status":0},{"playerId":2611188,"score":1325,"energy":25,"posx":0,"posy":6,"lastAction":5,"status":0},{"playerId":206247,"score":1325,"energy":27,"posx":2,"posy":5,"lastAction":3,"status":0},{"playerId":2248990,"score":1625,"energy":7,"posx":20,"posy":7,"lastAction":5,"status":0}],"golds":[{"posx":0,"posy":2,"amount":50},{"posx":6,"posy":4,"amount":50},{"posx":2,"posy":5,"amount":650},{"posx":0,"posy":6,"amount":400},{"posx":6,"posy":6,"amount":100},{"posx":6,"posy":7,"amount":50},{"posx":20,"posy":7,"amount":600}],"changedObstacles":[]},{"players":[{"playerId":675419,"score":1525,"energy":21,"posx":6,"posy":8,"lastAction":0,"status":0},{"playerId":2611188,"score":1375,"energy":20,"posx":0,"posy":6,"lastAction":5,"status":0},{"playerId":206247,"score":1375,"energy":22,"posx":2,"posy":5,"lastAction":5,"status":0},{"playerId":2248990,"score":1625,"energy":19,"posx":20,"posy":7,"lastAction":4,"status":0}],"golds":[{"posx":0,"posy":2,"amount":50},{"posx":6,"posy":4,"amount":50},{"posx":2,"posy":5,"amount":600},{"posx":0,"posy":6,"amount":350},{"posx":6,"posy":6,"amount":100},{"posx":6,"posy":7,"amount":50},{"posx":20,"posy":7,"amount":600}],"changedObstacles":[]},{"players":[{"playerId":675419,"score":1525,"energy":17,"posx":6,"posy":7,"lastAction":2,"status":0},{"playerId":2611188,"score":1425,"energy":15,"posx":0,"posy":6,"lastAction":5,"status":0},{"playerId":206247,"score":1425,"energy":17,"posx":2,"posy":5,"lastAction":5,"status":0},{"playerId":2248990,"score":1675,"energy":14,"posx":20,"posy":7,"lastAction":5,"status":0}],"golds":[{"posx":0,"posy":2,"amount":50},{"posx":6,"posy":4,"amount":50},{"posx":2,"posy":5,"amount":550},{"posx":0,"posy":6,"amount":300},{"posx":6,"posy":6,"amount":100},{"posx":6,"posy":7,"amount":50},{"posx":20,"posy":7,"amount":550}],"changedObstacles":[]},{"players":[{"playerId":675419,"score":1525,"energy":13,"posx":6,"posy":6,"lastAction":2,"status":0},{"playerId":2611188,"score":1475,"energy":10,"posx":0,"posy":6,"lastAction":5,"status":0},{"playerId":206247,"score":1475,"energy":12,"posx":2,"posy":5,"lastAction":5,"status":0},{"playerId":2248990,"score":1725,"energy":9,"posx":20,"posy":7,"lastAction":5,"status":0}],"golds":[{"posx":0,"posy":2,"amount":50},{"posx":6,"posy":4,"amount":50},{"posx":2,"posy":5,"amount":500},{"posx":0,"posy":6,"amount":250},{"posx":6,"posy":6,"amount":100},{"posx":6,"posy":7,"amount":50},{"posx":20,"posy":7,"amount":500}],"changedObstacles":[]},{"players":[{"playerId":675419,"score":1575,"energy":8,"posx":6,"posy":6,"lastAction":5,"status":0},{"playerId":2611188,"score":1525,"energy":5,"posx":0,"posy":6,"lastAction":5,"status":0},{"playerId":206247,"score":1525,"energy":7,"posx":2,"posy":5,"lastAction":5,"status":0},{"playerId":2248990,"score":1725,"energy":21,"posx":20,"posy":7,"lastAction":4,"status":0}],"golds":[{"posx":0,"posy":2,"amount":50},{"posx":6,"posy":4,"amount":50},{"posx":2,"posy":5,"amount":450},{"posx":0,"posy":6,"amount":200},{"posx":6,"posy":6,"amount":50},{"posx":6,"posy":7,"amount":50},{"posx":20,"posy":7,"amount":500}],"changedObstacles":[]},{"players":[{"playerId":675419,"score":1625,"energy":3,"posx":6,"posy":6,"lastAction":5,"status":0},{"playerId":2611188,"score":1525,"energy":17,"posx":0,"posy":6,"lastAction":4,"status":0},{"playerId":206247,"score":1575,"energy":2,"posx":2,"posy":5,"lastAction":5,"status":0},{"playerId":2248990,"score":1775,"energy":16,"posx":20,"posy":7,"lastAction":5,"status":0}],"golds":[{"posx":0,"posy":2,"amount":50},{"posx":6,"posy":4,"amount":50},{"posx":2,"posy":5,"amount":400},{"posx":0,"posy":6,"amount":200},{"posx":6,"posy":7,"amount":50},{"posx":20,"posy":7,"amount":450}],"changedObstacles":[{"type":0,"posx":6,"posy":6,"value":-1}]},{"players":[{"playerId":675419,"score":1625,"energy":15,"posx":6,"posy":6,"lastAction":4,"status":0},{"playerId":2611188,"score":1525,"energy":33,"posx":0,"posy":6,"lastAction":4,"status":0},{"playerId":206247,"score":1575,"energy":14,"posx":2,"posy":5,"lastAction":4,"status":0},{"playerId":2248990,"score":1825,"energy":11,"posx":20,"posy":7,"lastAction":5,"status":0}],"golds":[{"posx":0,"posy":2,"amount":50},{"posx":6,"posy":4,"amount":50},{"posx":2,"posy":5,"amount":400},{"posx":0,"posy":6,"amount":200},{"posx":6,"posy":7,"amount":50},{"posx":20,"posy":7,"amount":400}],"changedObstacles":[]},{"players":[{"playerId":675419,"score":1625,"energy":5,"posx":5,"posy":6,"lastAction":0,"status":0},{"playerId":2611188,"score":1525,"energy":50,"posx":0,"posy":6,"lastAction":4,"status":0},{"playerId":206247,"score":1575,"energy":30,"posx":2,"posy":5,"lastAction":4,"status":0},{"playerId":2248990,"score":1875,"energy":6,"posx":20,"posy":7,"lastAction":5,"status":0}],"golds":[{"posx":0,"posy":2,"amount":50},{"posx":6,"posy":4,"amount":50},{"posx":2,"posy":5,"amount":400},{"posx":0,"posy":6,"amount":200},{"posx":6,"posy":7,"amount":50},{"posx":20,"posy":7,"amount":350}],"changedObstacles":[{"type":0,"posx":5,"posy":6,"value":-1}]},{"players":[{"playerId":675419,"score":1625,"energy":17,"posx":5,"posy":6,"lastAction":4,"status":0},{"playerId":2611188,"score":1575,"energy":45,"posx":0,"posy":6,"lastAction":5,"status":0},{"playerId":206247,"score":1575,"energy":50,"posx":2,"posy":5,"lastAction":4,"status":0},{"playerId":2248990,"score":1875,"energy":18,"posx":20,"posy":7,"lastAction":4,"status":0}],"golds":[{"posx":0,"posy":2,"amount":50},{"posx":6,"posy":4,"amount":50},{"posx":2,"posy":5,"amount":400},{"posx":0,"posy":6,"amount":150},{"posx":6,"posy":7,"amount":50},{"posx":20,"posy":7,"amount":350}],"changedObstacles":[]},{"players":[{"playerId":675419,"score":1625,"energy":7,"posx":4,"posy":6,"lastAction":0,"status":0},{"playerId":2611188,"score":1625,"energy":40,"posx":0,"posy":6,"lastAction":5,"status":0},{"playerId":206247,"score":1625,"energy":45,"posx":2,"posy":5,"lastAction":5,"status":0},{"playerId":2248990,"score":1925,"energy":13,"posx":20,"posy":7,"lastAction":5,"status":0}],"golds":[{"posx":0,"posy":2,"amount":50},{"posx":6,"posy":4,"amount":50},{"posx":2,"posy":5,"amount":350},{"posx":0,"posy":6,"amount":100},{"posx":6,"posy":7,"amount":50},{"posx":20,"posy":7,"amount":300}],"changedObstacles":[{"type":0,"posx":4,"posy":6,"value":-1}]},{"players":[{"playerId":675419,"score":1625,"energy":19,"posx":4,"posy":6,"lastAction":4,"status":0},{"playerId":2611188,"score":1675,"energy":35,"posx":0,"posy":6,"lastAction":5,"status":0},{"playerId":206247,"score":1675,"energy":40,"posx":2,"posy":5,"lastAction":5,"status":0},{"playerId":2248990,"score":1975,"energy":8,"posx":20,"posy":7,"lastAction":5,"status":0}],"golds":[{"posx":0,"posy":2,"amount":50},{"posx":6,"posy":4,"amount":50},{"posx":2,"posy":5,"amount":300},{"posx":0,"posy":6,"amount":50},{"posx":6,"posy":7,"amount":50},{"posx":20,"posy":7,"amount":250}],"changedObstacles":[]},{"players":[{"playerId":675419,"score":1625,"energy":9,"posx":3,"posy":6,"lastAction":0,"status":0},{"playerId":2611188,"score":1725,"energy":30,"posx":0,"posy":6,"lastAction":5,"status":0},{"playerId":206247,"score":1725,"energy":35,"posx":2,"posy":5,"lastAction":5,"status":0},{"playerId":2248990,"score":1975,"energy":20,"posx":20,"posy":7,"lastAction":4,"status":0}],"golds":[{"posx":0,"posy":2,"amount":50},{"posx":6,"posy":4,"amount":50},{"posx":2,"posy":5,"amount":250},{"posx":6,"posy":7,"amount":50},{"posx":20,"posy":7,"amount":250}],"changedObstacles":[{"type":0,"posx":3,"posy":6,"value":-1},{"type":0,"posx":0,"posy":6,"value":-1}]},{"players":[{"playerId":675419,"score":1625,"energy":21,"posx":3,"posy":6,"lastAction":4,"status":0},{"playerId":2611188,"score":1725,"energy":29,"posx":1,"posy":6,"lastAction":1,"status":0},{"playerId":206247,"score":1775,"energy":30,"posx":2,"posy":5,"lastAction":5,"status":0},{"playerId":2248990,"score":2025,"energy":15,"posx":20,"posy":7,"lastAction":5,"status":0}],"golds":[{"posx":0,"posy":2,"amount":50},{"posx":6,"posy":4,"amount":50},{"posx":2,"posy":5,"amount":200},{"posx":6,"posy":7,"amount":50},{"posx":20,"posy":7,"amount":200}],"changedObstacles":[]},{"players":[{"playerId":675419,"score":1625,"energy":11,"posx":3,"posy":5,"lastAction":2,"status":0},{"playerId":2611188,"score":1725,"energy":28,"posx":1,"posy":5,"lastAction":2,"status":0},{"playerId":206247,"score":1825,"energy":25,"posx":2,"posy":5,"lastAction":5,"status":0},{"playerId":2248990,"score":2075,"energy":10,"posx":20,"posy":7,"lastAction":5,"status":0}],"golds":[{"posx":0,"posy":2,"amount":50},{"posx":6,"posy":4,"amount":50},{"posx":2,"posy":5,"amount":150},{"posx":6,"posy":7,"amount":50},{"posx":20,"posy":7,"amount":150}],"changedObstacles":[{"type":0,"posx":3,"posy":5,"value":-1}]},{"players":[{"playerId":675419,"score":1625,"energy":7,"posx":2,"posy":5,"lastAction":0,"status":0},{"playerId":2611188,"score":1725,"energy":27,"posx":1,"posy":4,"lastAction":2,"status":0},{"playerId":206247,"score":1875,"energy":20,"posx":2,"posy":5,"lastAction":5,"status":0},{"playerId":2248990,"score":2125,"energy":5,"posx":20,"posy":7,"lastAction":5,"status":0}],"golds":[{"posx":0,"posy":2,"amount":50},{"posx":6,"posy":4,"amount":50},{"posx":2,"posy":5,"amount":100},{"posx":6,"posy":7,"amount":50},{"posx":20,"posy":7,"amount":100}],"changedObstacles":[]},{"players":[{"playerId":675419,"score":1675,"energy":2,"posx":2,"posy":5,"lastAction":5,"status":0},{"playerId":2611188,"score":1725,"energy":26,"posx":2,"posy":4,"lastAction":1,"status":0},{"playerId":206247,"score":1925,"energy":15,"posx":2,"posy":5,"lastAction":5,"status":0},{"playerId":2248990,"score":2125,"energy":17,"posx":20,"posy":7,"lastAction":4,"status":0}],"golds":[{"posx":0,"posy":2,"amount":50},{"posx":6,"posy":4,"amount":50},{"posx":6,"posy":7,"amount":50},{"posx":20,"posy":7,"amount":100}],"changedObstacles":[{"type":0,"posx":2,"posy":5,"value":-1}]},{"players":[{"playerId":675419,"score":1675,"energy":1,"posx":3,"posy":5,"lastAction":1,"status":0},{"playerId":2611188,"score":1725,"energy":25,"posx":3,"posy":4,"lastAction":1,"status":0},{"playerId":206247,"score":1925,"energy":14,"posx":3,"posy":5,"lastAction":1,"status":0},{"playerId":2248990,"score":2175,"energy":12,"posx":20,"posy":7,"lastAction":5,"status":0}],"golds":[{"posx":0,"posy":2,"amount":50},{"posx":6,"posy":4,"amount":50},{"posx":6,"posy":7,"amount":50},{"posx":20,"posy":7,"amount":50}],"changedObstacles":[]},{"players":[{"playerId":675419,"score":1675,"energy":13,"posx":3,"posy":5,"lastAction":4,"status":0},{"playerId":2611188,"score":1725,"energy":24,"posx":4,"posy":4,"lastAction":1,"status":0},{"playerId":206247,"score":1925,"energy":13,"posx":2,"posy":5,"lastAction":0,"status":0},{"playerId":2248990,"score":2225,"energy":7,"posx":20,"posy":7,"lastAction":5,"status":0}],"golds":[{"posx":0,"posy":2,"amount":50},{"posx":6,"posy":4,"amount":50},{"posx":6,"posy":7,"amount":50}],"changedObstacles":[{"type":0,"posx":20,"posy":7,"value":-1}]},{"players":[{"playerId":675419,"score":1675,"energy":12,"posx":3,"posy":6,"lastAction":3,"status":0},{"playerId":2611188,"score":1725,"energy":23,"posx":5,"posy":4,"lastAction":1,"status":0},{"playerId":206247,"score":1925,"energy":12,"posx":1,"posy":5,"lastAction":0,"status":0},{"playerId":2248990,"score":2225,"energy":19,"posx":20,"posy":7,"lastAction":4,"status":0}],"golds":[{"posx":0,"posy":2,"amount":50},{"posx":6,"posy":4,"amount":50},{"posx":6,"posy":7,"amount":50}],"changedObstacles":[]},{"players":[{"playerId":675419,"score":1675,"energy":11,"posx":4,"posy":6,"lastAction":1,"status":0},{"playerId":2611188,"score":1725,"energy":19,"posx":6,"posy":4,"lastAction":1,"status":0},{"playerId":206247,"score":1925,"energy":11,"posx":0,"posy":5,"lastAction":0,"status":0},{"playerId":2248990,"score":2225,"energy":35,"posx":20,"posy":7,"lastAction":4,"status":0}],"golds":[{"posx":0,"posy":2,"amount":50},{"posx":6,"posy":4,"amount":50},{"posx":6,"posy":7,"amount":50}],"changedObstacles":[]},{"players":[{"playerId":675419,"score":1675,"energy":10,"posx":5,"posy":6,"lastAction":1,"status":0},{"playerId":2611188,"score":1775,"energy":14,"posx":6,"posy":4,"lastAction":5,"status":0},{"playerId":206247,"score":1925,"energy":1,"posx":0,"posy":4,"lastAction":2,"status":0},{"playerId":2248990,"score":2225,"energy":34,"posx":20,"posy":8,"lastAction":3,"status":0}],"golds":[{"posx":0,"posy":2,"amount":50},{"posx":6,"posy":7,"amount":50}],"changedObstacles":[{"type":0,"posx":0,"posy":4,"value":-1},{"type":0,"posx":6,"posy":4,"value":-1}]},{"players":[{"playerId":675419,"score":1675,"energy":9,"posx":6,"posy":6,"lastAction":1,"status":0},{"playerId":2611188,"score":1775,"energy":13,"posx":6,"posy":5,"lastAction":3,"status":0},{"playerId":206247,"score":1925,"energy":13,"posx":0,"posy":4,"lastAction":4,"status":0},{"playerId":2248990,"score":2225,"energy":21,"posx":19,"posy":8,"lastAction":0,"status":0}],"golds":[{"posx":0,"posy":2,"amount":50},{"posx":6,"posy":7,"amount":50}],"changedObstacles":[]},{"players":[{"playerId":675419,"score":1675,"energy":5,"posx":6,"posy":7,"lastAction":3,"status":0},{"playerId":2611188,"score":1775,"energy":12,"posx":6,"posy":6,"lastAction":3,"status":0},{"playerId":206247,"score":1925,"energy":29,"posx":0,"posy":4,"lastAction":4,"status":0},{"playerId":2248990,"score":2225,"energy":33,"posx":19,"posy":8,"lastAction":4,"status":0}],"golds":[{"posx":0,"posy":2,"amount":50},{"posx":6,"posy":7,"amount":50}],"changedObstacles":[]},{"players":[{"playerId":675419,"score":1675,"energy":17,"posx":6,"posy":7,"lastAction":4,"status":0},{"playerId":2611188,"score":1775,"energy":8,"posx":6,"posy":7,"lastAction":3,"status":0},{"playerId":206247,"score":1925,"energy":50,"posx":0,"posy":4,"lastAction":4,"status":0},{"playerId":2248990,"score":2225,"energy":32,"posx":20,"posy":8,"lastAction":1,"status":0}],"golds":[{"posx":0,"posy":2,"amount":50},{"posx":6,"posy":7,"amount":50}],"changedObstacles":[]},{"players":[{"playerId":675419,"score":1675,"energy":33,"posx":6,"posy":7,"lastAction":4,"status":0},{"playerId":2611188,"score":1825,"energy":3,"posx":6,"posy":7,"lastAction":5,"status":0},{"playerId":206247,"score":1925,"energy":49,"posx":0,"posy":3,"lastAction":2,"status":0},{"playerId":2248990,"score":2225,"energy":25,"posx":19,"posy":8,"lastAction":0,"status":0}],"golds":[{"posx":0,"posy":2,"amount":50}],"changedObstacles":[{"type":0,"posx":6,"posy":7,"value":-1}]},{"players":[{"playerId":675419,"score":1675,"energy":33,"posx":6,"posy":7,"lastAction":4,"status":3},{"playerId":2611188,"score":1825,"energy":2,"posx":5,"posy":7,"lastAction":0,"status":0},{"playerId":206247,"score":1925,"energy":45,"posx":0,"posy":2,"lastAction":2,"status":0},{"playerId":2248990,"score":2225,"energy":24,"posx":20,"posy":8,"lastAction":1,"status":0}],"golds":[{"posx":0,"posy":2,"amount":50}],"changedObstacles":[]},{"players":[{"playerId":675419,"score":1675,"energy":33,"posx":6,"posy":7,"lastAction":6,"status":3},{"playerId":2611188,"score":1825,"energy":1,"posx":5,"posy":6,"lastAction":2,"status":0},{"playerId":206247,"score":1975,"energy":40,"posx":0,"posy":2,"lastAction":5,"status":0},{"playerId":2248990,"score":2225,"energy":15,"posx":19,"posy":8,"lastAction":0,"status":0}],"golds":[],"changedObstacles":[{"type":0,"posx":0,"posy":2,"value":-1}]}]