[{"players":[{"playerId":2365650,"score":0,"energy":36,"posx":16,"posy":7,"lastAction":0,"status":0},{"playerId":2260837,"score":0,"energy":40,"posx":18,"posy":7,"lastAction":1,"status":0},{"playerId":4120,"score":0,"energy":39,"posx":16,"posy":7,"lastAction":0,"status":0},{"playerId":131454,"score":0,"energy":44,"posx":17,"posy":6,"lastAction":2,"status":0}],"golds":[{"posx":6,"posy":4,"amount":450},{"posx":9,"posy":1,"amount":450},{"posx":18,"posy":3,"amount":250},{"posx":0,"posy":2,"amount":50},{"posx":20,"posy":7,"amount":700},{"posx":6,"posy":6,"amount":100},{"posx":7,"posy":1,"amount":150},{"posx":14,"posy":6,"amount":250},{"posx":6,"posy":7,"amount":50},{"posx":13,"posy":5,"amount":500},{"posx":9,"posy":8,"amount":200},{"posx":11,"posy":8,"amount":200},{"posx":7,"posy":2,"amount":700},{"posx":14,"posy":7,"amount":500},{"posx":15,"posy":3,"amount":250},{"posx":20,"posy":3,"amount":750},{"posx":10,"posy":6,"amount":400},{"posx":0,"posy":6,"amount":750},{"posx":2,"posy":5,"amount":650},{"posx":5,"posy":1,"amount":350}],"changedObstacles":[{"type":0,"posx":18,"posy":7,"value":-1}]},{"players":[{"playerId":2365650,"score":0,"energy":35,"posx":16,"posy":6,"lastAction":2,"status":0},{"playerId":2260837,"score":0,"energy":35,"posx":17,"posy":7,"lastAction":0,"status":0},{"playerId":4120,"score":0,"energy":29,"posx":15,"posy":7,"lastAction":0,"status":0},{"playerId":131454,"score":0,"energy":43,"posx":16,"posy":6,"lastAction":0,"status":0}],"golds":[{"posx":6,"posy":4,"amount":450},{"posx":9,"posy":1,"amount":450},{"posx":18,"posy":3,"amount":250},{"posx":0,"posy":2,"amount":50},{"posx":20,"posy":7,"amount":700},{"posx":6,"posy":6,"amount":100},{"posx":7,"posy":1,"amount":150},{"posx":14,"posy":6,"amount":250},{"posx":6,"posy":7,"amount":50},{"posx":13,"posy":5,"amount":500},{"posx":9,"posy":8,"amount":200},{"posx":11,"posy":8,"amount":200},{"posx":7,"posy":2,"amount":700},{"posx":14,"posy":7,"amount":500},{"posx":15,"posy":3,"amount":250},{"posx":20,"posy":3,"amount":750},{"posx":10,"posy":6,"amount":400},{"posx":0,"posy":6,"amount":750},{"posx":2,"posy":5,"amount":650},{"posx":5,"posy":1,"amount":350}],"changedObstacles":[{"type":3,"posx":17,"posy":7,"value":-20},{"type":0,"posx":15,"posy":7,"value":-1}]},{"players":[{"playerId":2365650,"score":0,"energy":34,"posx":15,"posy":6,"lastAction":0,"status":0},{"playerId":2260837,"score":0,"energy":34,"posx":18,"posy":7,"lastAction":1,"status":0},{"playerId":4120,"score":0,"energy":25,"posx":14,"posy":7,"lastAction":0,"status":0},{"playerId":131454,"score":0,"energy":42,"posx":15,"posy":6,"lastAction":0,"status":0}],"golds":[{"posx":6,"posy":4,"amount":450},{"posx":9,"posy":1,"amount":450},{"posx":18,"posy":3,"amount":250},{"posx":0,"posy":2,"amount":50},{"posx":20,"posy":7,"amount":700},{"posx":6,"posy":6,"amount":100},{"posx":7,"posy":1,"amount":150},{"posx":14,"posy":6,"amount":250},{"posx":6,"posy":7,"amount":50},{"posx":13,"posy":5,"amount":500},{"posx":9,"posy":8,"amount":200},{"posx":11,"posy":8,"amount":200},{"posx":7,"posy":2,"amount":700},{"posx":14,"posy":7,"amount":500},{"posx":15,"posy":3,"amount":250},{"posx":20,"posy":3,"amount":750},{"posx":10,"posy":6,"amount":400},{"posx":0,"posy":6,"amount":750},{"posx":2,"posy":5,"amount":650},{"posx":5,"posy":1,"amount":350}],"changedObstacles":[]},{"players":[{"playerId":2365650,"score":0,"energy":30,"posx":14,"posy":6,"lastAction":0,"status":0},{"playerId":2260837,"score":0,"energy":33,"posx":19,"posy":7,"lastAction":1,"status":0},{"playerId":4120,"score":50,"energy":20,"posx":14,"posy":7,"lastAction":5,"status":0},{"playerId":131454,"score":0,"energy":38,"posx":14,"posy":6,"lastAction":0,"status":0}],"golds":[{"posx":5,"posy":1,"amount":350},{"posx":7,"posy":1,"amount":150},{"posx":9,"posy":1,"amount":450},{"posx":0,"posy":2,"amount":50},{"posx":7,"posy":2,"amount":700},{"posx":15,"posy":3,"amount":250},{"posx":18,"posy":3,"amount":250},{"posx":20,"posy":3,"amount":750},{"posx":6,"posy":4,"amount":450},{"posx":2,"posy":5,"amount":650},{"posx":13,"posy":5,"amount":500},{"posx":0,"posy":6,"amount":750},{"posx":6,"posy":6,"amount":100},{"posx":10,"posy":6,"amount":400},{"posx":14,"posy":6,"amount":250},{"posx":6,"posy":7,"amount":50},{"posx":14,"posy":7,"amount":450},{"posx":20,"posy":7,"amount":700},{"posx":9,"posy":8,"amount":200},{"posx":11,"posy":8,"amount":200}],"changedObstacles":[]},{"players":[{"playerId":2365650,"score":50,"energy":25,"posx":14,"posy":6,"lastAction":5,"status":0},{"playerId":2260837,"score":0,"energy":29,"posx":20,"posy":7,"lastAction":1,"status":0},{"playerId":4120,"score":100,"energy":15,"posx":14,"posy":7,"lastAction":5,"status":0},{"playerId":131454,"score":50,"energy":33,"posx":14,"posy":6,"lastAction":5,"status":0}],"golds":[{"posx":5,"posy":1,"amount":350},{"posx":7,"posy":1,"amount":150},{"posx":9,"posy":1,"amount":450},{"posx":0,"posy":2,"amount":50},{"posx":7,"posy":2,"amount":700},{"posx":15,"posy":3,"amount":250},{"posx":18,"posy":3,"amount":250},{"posx":20,"posy":3,"amount":750},{"posx":6,"posy":4,"amount":450},{"posx":2,"posy":5,"amount":650},{"posx":13,"posy":5,"amount":500},{"posx":0,"posy":6,"amount":750},{"posx":6,"posy":6,"amount":100},{"posx":10,"posy":6,"amount":400},{"posx":14,"posy":6,"amount":150},{"posx":6,"posy":7,"amount":50},{"posx":14,"posy":7,"amount":400},{"posx":20,"posy":7,"amount":700},{"posx":9,"posy":8,"amount":200},{"posx":11,"posy":8,"amount":200}],"changedObstacles":[]},{"players":[{"playerId":2365650,"score":100,"energy":20,"posx":14,"posy":6,"lastAction":5,"status":0},{"playerId":2260837,"score":50,"energy":24,"posx":20,"posy":7,"lastAction":5,"status":0},{"playerId":4120,"score":150,"energy":10,"posx":14,"posy":7,"lastAction":5,"status":0},{"playerId":131454,"score":100,"energy":28,"posx":14,"posy":6,"lastAction":5,"status":0}],"golds":[{"posx":5,"posy":1,"amount":350},{"posx":7,"posy":1,"amount":150},{"posx":9,"posy":1,"amount":450},{"posx":0,"posy":2,"amount":50},{"posx":7,"posy":2,"amount":700},{"posx":15,"posy":3,"amount":250},{"posx":18,"posy":3,"amount":250},{"posx":20,"posy":3,"amount":750},{"posx":6,"posy":4,"amount":450},{"posx":2,"posy":5,"amount":650},{"posx":13,"posy":5,"amount":500},{"posx":0,"posy":6,"amount":750},{"posx":6,"posy":6,"amount":100},{"posx":10,"posy":6,"amount":400},{"posx":14,"posy":6,"amount":50},{"posx":6,"posy":7,"amount":50},{"posx":14,"posy":7,"amount":350},{"posx":20,"posy":7,"amount":650},{"posx":9,"posy":8,"amount":200},{"posx":11,"posy":8,"amount":200}],"changedObstacles":[]},{"players":[{"playerId":2365650,"score":125,"energy":15,"posx":14,"posy":6,"lastAction":5,"status":0},{"playerId":2260837,"score":100,"energy":19,"posx":20,"posy":7,"lastAction":5,"status":0},{"playerId":4120,"score":200,"energy":5,"posx":14,"posy":7,"lastAction":5,"status":0},{"playerId":131454,"score":125,"energy":23,"posx":14,"posy":6,"lastAction":5,"status":0}],"golds":[{"posx":5,"posy":1,"amount":350},{"posx":7,"posy":1,"amount":150},{"posx":9,"posy":1,"amount":450},{"posx":0,"posy":2,"amount":50},{"posx":7,"posy":2,"amount":700},{"posx":15,"posy":3,"amount":250},{"posx":18,"posy":3,"amount":250},{"posx":20,"posy":3,"amount":750},{"posx":6,"posy":4,"amount":450},{"posx":2,"posy":5,"amount":650},{"posx":13,"posy":5,"amount":500},{"posx":0,"posy":6,"amount":750},{"posx":6,"posy":6,"amount":100},{"posx":10,"posy":6,"amount":400},{"posx":6,"posy":7,"amount":50},{"posx":14,"posy":7,"amount":300},{"posx":20,"posy":7,"amount":600},{"posx":9,"posy":8,"amount":200},{"posx":11,"posy":8,"amount":200}],"changedObstacles":[{"type":0,"posx":14,"posy":6,"value":-1}]},{"players":[{"playerId":2365650,"score":125,"energy":11,"posx":14,"posy":7,"lastAction":3,"status":0},{"playerId":2260837,"score":150,"energy":14,"posx":20,"posy":7,"lastAction":5,"status":0},{"playerId":4120,"score":200,"energy":17,"posx":14,"posy":7,"lastAction":4,"status":0},{"playerId":131454,"score":125,"energy":22,"posx":13,"posy":6,"lastAction":0,"status":0}],"golds":[{"posx":5,"posy":1,"amount":350},{"posx":7,"posy":1,"amount":150},{"posx":9,"posy":1,"amount":450},{"posx":0,"posy":2,"amount":50},{"posx":7,"posy":2,"amount":700},{"posx":15,"posy":3,"amount":250},{"posx":18,"posy":3,"amount":250},{"posx":20,"posy":3,"amount":750},{"posx":6,"posy":4,"amount":450},{"posx":2,"posy":5,"amount":650},{"posx":13,"posy":5,"amount":500},{"posx":0,"posy":6,"amount":750},{"posx":6,"posy":6,"amount":100},{"posx":10,"posy":6,"amount":400},{"posx":6,"posy":7,"amount":50},{"posx":14,"posy":7,"amount":300},{"posx":20,"posy":7,"amount":550},{"posx":9,"posy":8,"amount":200},{"posx":11,"posy":8,"amount":200}],"changedObstacles":[]},{"players":[{"playerId":2365650,"score":175,"energy":6,"posx":14,"posy":7,"lastAction":5,"status":0},{"playerId":2260837,"score":200,"energy":9,"posx":20,"posy":7,"lastAction":5,"status":0},{"playerId":4120,"score":200,"energy":33,"posx":14,"posy":7,"lastAction":4,"status":0},{"playerId":131454,"score":125,"energy":18,"posx":13,"posy":5,"lastAction":2,"status":0}],"golds":[{"posx":5,"posy":1,"amount":350},{"posx":7,"posy":1,"amount":150},{"posx":9,"posy":1,"amount":450},{"posx":0,"posy":2,"amount":50},{"posx":7,"posy":2,"amount":700},{"posx":15,"posy":3,"amount":250},{"posx":18,"posy":3,"amount":250},{"posx":20,"posy":3,"amount":750},{"posx":6,"posy":4,"amount":450},{"posx":2,"posy":5,"amount":650},{"posx":13,"posy":5,"amount":500},{"posx":0,"posy":6,"amount":750},{"posx":6,"posy":6,"amount":100},{"posx":10,"posy":6,"amount":400},{"posx":6,"posy":7,"amount":50},{"posx":14,"posy":7,"amount":250},{"posx":20,"posy":7,"amount":500},{"posx":9,"posy":8,"amount":200},{"posx":11,"posy":8,"amount":200}],"changedObstacles":[]},{"players":[{"playerId":2365650,"score":225,"energy":1,"posx":14,"posy":7,"lastAction":5,"status":0},{"playerId":2260837,"score":250,"energy":4,"posx":20,"posy":7,"lastAction":5,"status":0},{"playerId":4120,"score":200,"energy":50,"posx":14,"posy":7,"lastAction":4,"status":0},{"playerId":131454,"score":175,"energy":13,"posx":13,"posy":5,"lastAction":5,"status":0}],"golds":[{"posx":5,"posy":1,"amount":350},{"posx":7,"posy":1,"amount":150},{"posx":9,"posy":1,"amount":450},{"posx":0,"posy":2,"amount":50},{"posx":7,"posy":2,"amount":700},{"posx":15,"posy":3,"amount":250},{"posx":18,"posy":3,"amount":250},{"posx":20,"posy":3,"amount":750},{"posx":6,"posy":4,"amount":450},{"posx":2,"posy":5,"amount":650},{"posx":13,"posy":5,"amount":450},{"posx":0,"posy":6,"amount":750},{"posx":6,"posy":6,"amount":100},{"posx":10,"posy":6,"amount":400},{"posx":6,"posy":7,"amount":50},{"posx":14,"posy":7,"amount":200},{"posx":20,"posy":7,"amount":450},{"posx":9,"posy":8,"amount":200},{"posx":11,"posy":8,"amount":200}],"changedObstacles":[]},{"players":[{"playerId":2365650,"score":225,"energy":13,"posx":14,"posy":7,"lastAction":4,"status":0},{"playerId":2260837,"score":250,"energy":16,"posx":20,"posy":7,"lastAction":4,"status":0},{"playerId":4120,"score":250,"energy":45,"posx":14,"posy":7,"lastAction":5,"status":0},{"playerId":131454,"score":225,"energy":8,"posx":13,"posy":5,"lastAction":5,"status":0}],"golds":[{"posx":5,"posy":1,"amount":350},{"posx":7,"posy":1,"amount":150},{"posx":9,"posy":1,"amount":450},{"posx":0,"posy":2,"amount":50},{"posx":7,"posy":2,"amount":700},{"posx":15,"posy":3,"amount":250},{"posx":18,"posy":3,"amount":250},{"posx":20,"posy":3,"amount":750},{"posx":6,"posy":4,"amount":450},{"posx":2,"posy":5,"amount":650},{"posx":13,"posy":5,"amount":400},{"posx":0,"posy":6,"amount":750},{"posx":6,"posy":6,"amount":100},{"posx":10,"posy":6,"amount":400},{"posx":6,"posy":7,"amount":50},{"posx":14,"posy":7,"amount":150},{"posx":20,"posy":7,"amount":450},{"posx":9,"posy":8,"amount":200},{"posx":11,"posy":8,"amount":200}],"changedObstacles":[]},{"players":[{"playerId":2365650,"score":275,"energy":8,"posx":14,"posy":7,"lastAction":5,"status":0},{"playerId":2260837,"score":250,"energy":32,"posx":20,"posy":7,"lastAction":4,"status":0},{"playerId":4120,"score":300,"energy":40,"posx":14,"posy":7,"lastAction":5,"status":0},{"playerId":131454,"score":275,"energy":3,"posx":13,"posy":5,"lastAction":5,"status":0}],"golds":[{"posx":5,"posy":1,"amount":350},{"posx":7,"posy":1,"amount":150},{"posx":9,"posy":1,"amount":450},{"posx":0,"posy":2,"amount":50},{"posx":7,"posy":2,"amount":700},{"posx":15,"posy":3,"amount":250},{"posx":18,"posy":3,"amount":250},{"posx":20,"posy":3,"amount":750},{"posx":6,"posy":4,"amount":450},{"posx":2,"posy":5,"amount":650},{"posx":13,"posy":5,"amount":350},{"posx":0,"posy":6,"amount":750},{"posx":6,"posy":6,"amount":100},{"posx":10,"posy":6,"amount":400},{"posx":6,"posy":7,"amount":50},{"posx":14,"posy":7,"amount":50},{"posx":20,"posy":7,"amount":450},{"posx":9,"posy":8,"amount":200},{"posx":11,"posy":8,"amount":200}],"changedObstacles":[]},{"players":[{"playerId":2365650,"score":300,"energy":3,"posx":14,"posy":7,"lastAction":5,"status":0},{"playerId":2260837,"score":250,"energy":50,"posx":20,"posy":7,"lastAction":4,"status":0},{"playerId":4120,"score":325,"energy":35,"posx":14,"posy":7,"lastAction":5,"status":0},{"playerId":131454,"score":275,"energy":15,"posx":13,"posy":5,"lastAction":4,"status":0}],"golds":[{"posx":5,"posy":1,"amount":350},{"posx":7,"posy":1,"amount":150},{"posx":9,"posy":1,"amount":450},{"posx":0,"posy":2,"amount":50},{"posx":7,"posy":2,"amount":700},{"posx":15,"posy":3,"amount":250},{"posx":18,"posy":3,"amount":250},{"posx":20,"posy":3,"amount":750},{"posx":6,"posy":4,"amount":450},{"posx":2,"posy":5,"amount":650},{"posx":13,"posy":5,"amount":350},{"posx":0,"posy":6,"amount":750},{"posx":6,"posy":6,"amount":100},{"posx":10,"posy":6,"amount":400},{"posx":6,"posy":7,"amount":50},{"posx":20,"posy":7,"amount":450},{"posx":9,"posy":8,"amount":200},{"posx":11,"posy":8,"amount":200}],"changedObstacles":[{"type":0,"posx":14,"posy":7,"value":-1}]},{"players":[{"playerId":2365650,"score":300,"energy":15,"posx":14,"posy":7,"lastAction":4,"status":0},{"playerId":2260837,"score":300,"energy":45,"posx":20,"posy":7,"lastAction":5,"status":0},{"playerId":4120,"score":325,"energy":34,"posx":13,"posy":7,"lastAction":0,"status":0},{"playerId":131454,"score":275,"energy":31,"posx":13,"posy":5,"lastAction":4,"status":0}],"golds":[{"posx":5,"posy":1,"amount":350},{"posx":7,"posy":1,"amount":150},{"posx":9,"posy":1,"amount":450},{"posx":0,"posy":2,"amount":50},{"posx":7,"posy":2,"amount":700},{"posx":15,"posy":3,"amount":250},{"posx":18,"posy":3,"amount":250},{"posx":20,"posy":3,"amount":750},{"posx":6,"posy":4,"amount":450},{"posx":2,"posy":5,"amount":650},{"posx":13,"posy":5,"amount":350},{"posx":0,"posy":6,"amount":750},{"posx":6,"posy":6,"amount":100},{"posx":10,"posy":6,"amount":400},{"posx":6,"posy":7,"amount":50},{"posx":20,"posy":7,"amount":400},{"posx":9,"posy":8,"amount":200},{"posx":11,"posy":8,"amount":200}],"changedObstacles":[]},{"players":[{"playerId":2365650,"score":300,"energy":31,"posx":14,"posy":7,"lastAction":4,"status":0},{"playerId":2260837,"score":350,"energy":40,"posx":20,"posy":7,"lastAction":5,"status":0},{"playerId":4120,"score":325,"energy":29,"posx":12,"posy":7,"lastAction":0,"status":0},{"playerId":131454,"score":275,"energy":50,"posx":13,"posy":5,"lastAction":4,"status":0}],"golds":[{"posx":5,"posy":1,"amount":350},{"posx":7,"posy":1,"amount":150},{"posx":9,"posy":1,"amount":450},{"posx":0,"posy":2,"amount":50},{"posx":7,"posy":2,"amount":700},{"posx":15,"posy":3,"amount":250},{"posx":18,"posy":3,"amount":250},{"posx":20,"posy":3,"amount":750},{"posx":6,"posy":4,"amount":450},{"posx":2,"posy":5,"amount":650},{"posx":13,"posy":5,"amount":350},{"posx":0,"posy":6,"amount":750},{"posx":6,"posy":6,"amount":100},{"posx":10,"posy":6,"amount":400},{"posx":6,"posy":7,"amount":50},{"posx":20,"posy":7,"amount":350},{"posx":9,"posy":8,"amount":200},{"posx":11,"posy":8,"amount":200}],"changedObstacles":[{"type":3,"posx":12,"posy":7,"value":-20}]},{"players":[{"playerId":2365650,"score":300,"energy":30,"posx":13,"posy":7,"lastAction":0,"status":0},{"playerId":2260837,"score":400,"energy":35,"posx":20,"posy":7,"lastAction":5,"status":0},{"playerId":4120,"score":325,"energy":24,"posx":12,"posy":8,"lastAction":3,"status":0},{"playerId":131454,"score":325,"energy":45,"posx":13,"posy":5,"lastAction":5,"status":0}],"golds":[{"posx":5,"posy":1,"amount":350},{"posx":7,"posy":1,"amount":150},{"posx":9,"posy":1,"amount":450},{"posx":0,"posy":2,"amount":50},{"posx":7,"posy":2,"amount":700},{"posx":15,"posy":3,"amount":250},{"posx":18,"posy":3,"amount":250},{"posx":20,"posy":3,"amount":750},{"posx":6,"posy":4,"amount":450},{"posx":2,"posy":5,"amount":650},{"posx":13,"posy":5,"amount":300},{"posx":0,"posy":6,"amount":750},{"posx":6,"posy":6,"amount":100},{"posx":10,"posy":6,"amount":400},{"posx":6,"posy":7,"amount":50},{"posx":20,"posy":7,"amount":300},{"posx":9,"posy":8,"amount":200},{"posx":11,"posy":8,"amount":200}],"changedObstacles":[{"type":3,"posx":12,"posy":8,"value":-20}]},{"players":[{"playerId":2365650,"score":300,"energy":29,"posx":13,"posy":6,"lastAction":2,"status":0},{"playerId":2260837,"score":450,"energy":30,"posx":20,"posy":7,"lastAction":5,"status":0},{"playerId":4120,"score":325,"energy":20,"posx":11,"posy":8,"lastAction":0,"status":0},{"playerId":131454,"score":375,"energy":40,"posx":13,"posy":5,"lastAction":5,"status":0}],"golds":[{"posx":5,"posy":1,"amount":350},{"posx":7,"posy":1,"amount":150},{"posx":9,"posy":1,"amount":450},{"posx":0,"posy":2,"amount":50},{"posx":7,"posy":2,"amount":700},{"posx":15,"posy":3,"amount":250},{"posx":18,"posy":3,"amount":250},{"posx":20,"posy":3,"amount":750},{"posx":6,"posy":4,"amount":450},{"posx":2,"posy":5,"amount":650},{"posx":13,"posy":5,"amount":250},{"posx":0,"posy":6,"amount":750},{"posx":6,"posy":6,"amount":100},{"posx":10,"posy":6,"amount":400},{"posx":6,"posy":7,"amount":50},{"posx":20,"posy":7,"amount":250},{"posx":9,"posy":8,"amount":200},{"posx":11,"posy":8,"amount":200}],"changedObstacles":[]},{"players":[{"playerId":2365650,"score":300,"energy":25,"posx":13,"posy":5,"lastAction":2,"status":0},{"playerId":2260837,"score":500,"energy":25,"posx":20,"posy":7,"lastAction":5,"status":0},{"playerId":4120,"score":375,"energy":15,"posx":11,"posy":8,"lastAction":5,"status":0},{"playerId":131454,"score":425,"energy":35,"posx":13,"posy":5,"lastAction":5,"status":0}],"golds":[{"posx":5,"posy":1,"amount":350},{"posx":7,"posy":1,"amount":150},{"posx":9,"posy":1,"amount":450},{"posx":0,"posy":2,"amount":50},{"posx":7,"posy":2,"amount":700},{"posx":15,"posy":3,"amount":250},{"posx":18,"posy":3,"amount":250},{"posx":20,"posy":3,"amount":750},{"posx":6,"posy":4,"amount":450},{"posx":2,"posy":5,"amount":650},{"posx":13,"posy":5,"amount":200},{"posx":0,"posy":6,"amount":750},{"posx":6,"posy":6,"amount":100},{"posx":10,"posy":6,"amount":400},{"posx":6,"posy":7,"amount":50},{"posx":20,"posy":7,"amount":200},{"posx":9,"posy":8,"amount":200},{"posx":11,"posy":8,"amount":150}],"changedObstacles":[]},{"players":[{"playerId":2365650,"score":350,"energy":20,"posx":13,"posy":5,"lastAction":5,"status":0},{"playerId":2260837,"score":550,"energy":20,"posx":20,"posy":7,"lastAction":5,"status":0},{"playerId":4120,"score":425,"energy":10,"posx":11,"posy":8,"lastAction":5,"status":0},{"playerId":131454,"score":475,"energy":30,"posx":13,"posy":5,"lastAction":5,"status":0}],"golds":[{"posx":5,"posy":1,"amount":350},{"posx":7,"posy":1,"amount":150},{"posx":9,"posy":1,"amount":450},{"posx":0,"posy":2,"amount":50},{"posx":7,"posy":2,"amount":700},{"posx":15,"posy":3,"amount":250},{"posx":18,"posy":3,"amount":250},{"posx":20,"posy":3,"amount":750},{"posx":6,"posy":4,"amount":450},{"posx":2,"posy":5,"amount":650},{"posx":13,"posy":5,"amount":100},{"posx":0,"posy":6,"amount":750},{"posx":6,"posy":6,"amount":100},{"posx":10,"posy":6,"amount":400},{"posx":6,"posy":7,"amount":50},{"posx":20,"posy":7,"amount":150},{"posx":9,"posy":8,"amount":200},{"posx":11,"posy":8,"amount":100}],"changedObstacles":[]},{"players":[{"playerId":2365650,"score":400,"energy":15,"posx":13,"posy":5,"lastAction":5,"status":0},{"playerId":2260837,"score":600,"energy":15,"posx":20,"posy":7,"lastAction":5,"status":0},{"playerId":4120,"score":475,"energy":5,"posx":11,"posy":8,"lastAction":5,"status":0},{"playerId":131454,"score":525,"energy":25,"posx":13,"posy":5,"lastAction":5,"status":0}],"golds":[{"posx":5,"posy":1,"amount":350},{"posx":7,"posy":1,"amount":150},{"posx":9,"posy":1,"amount":450},{"posx":0,"posy":2,"amount":50},{"posx":7,"posy":2,"amount":700},{"posx":15,"posy":3,"amount":250},{"posx":18,"posy":3,"amount":250},{"posx":20,"posy":3,"amount":750},{"posx":6,"posy":4,"amount":450},{"posx":2,"posy":5,"amount":650},{"posx":0,"posy":6,"amount":750},{"posx":6,"posy":6,"amount":100},{"posx":10,"posy":6,"amount":400},{"posx":6,"posy":7,"amount":50},{"posx":20,"posy":7,"amount":100},{"posx":9,"posy":8,"amount":200},{"posx":11,"posy":8,"amount":50}],"changedObstacles":[{"type":0,"posx":13,"posy":5,"value":-1}]},{"players":[{"playerId":2365650,"score":400,"energy":14,"posx":14,"posy":5,"lastAction":1,"status":0},{"playerId":2260837,"score":650,"energy":10,"posx":20,"posy":7,"lastAction":5,"status":0},{"playerId":4120,"score":475,"energy":17,"posx":11,"posy":8,"lastAction":4,"status":0},{"playerId":131454,"score":525,"energy":15,"posx":12,"posy":5,"lastAction":0,"status":0}],"golds":[{"posx":5,"posy":1,"amount":350},{"posx":7,"posy":1,"amount":150},{"posx":9,"posy":1,"amount":450},{"posx":0,"posy":2,"amount":50},{"posx":7,"posy":2,"amount":700},{"posx":15,"posy":3,"amount":250},{"posx":18,"posy":3,"amount":250},{"posx":20,"posy":3,"amount":750},{"posx":6,"posy":4,"amount":450},{"posx":2,"posy":5,"amount":650},{"posx":0,"posy":6,"amount":750},{"posx":6,"posy":6,"amount":100},{"posx":10,"posy":6,"amount":400},{"posx":6,"posy":7,"amount":50},{"posx":20,"posy":7,"amount":50},{"posx":9,"posy":8,"amount":200},{"posx":11,"posy":8,"amount":50}],"changedObstacles":[{"type":0,"posx":12,"posy":5,"value":-1}]},{"players":[{"playerId":2365650,"score":400,"energy":13,"posx":15,"posy":5,"lastAction":1,"status":0},{"playerId":2260837,"score":700,"energy":5,"posx":20,"posy":7,"lastAction":5,"status":0},{"playerId":4120,"score":475,"energy":33,"posx":11,"posy":8,"lastAction":4,"status":0},{"playerId":131454,"score":525,"energy":14,"posx":11,"posy":5,"lastAction":0,"status":0}],"golds":[{"posx":5,"posy":1,"amount":350},{"posx":7,"posy":1,"amount":150},{"posx":9,"posy":1,"amount":450},{"posx":0,"posy":2,"amount":50},{"posx":7,"posy":2,"amount":700},{"posx":15,"posy":3,"amount":250},{"posx":18,"posy":3,"amount":250},{"posx":20,"posy":3,"amount":750},{"posx":6,"posy":4,"amount":450},{"posx":2,"posy":5,"amount":650},{"posx":0,"posy":6,"amount":750},{"posx":6,"posy":6,"amount":100},{"posx":10,"posy":6,"amount":400},{"posx":6,"posy":7,"amount":50},{"posx":9,"posy":8,"amount":200},{"posx":11,"posy":8,"amount":50}],"changedObstacles":[{"type":0,"posx":20,"posy":7,"value":-1}]},{"players":[{"playerId":2365650,"score":400,"energy":12,"posx":15,"posy":4,"lastAction":2,"status":0},{"playerId":2260837,"score":700,"energy":4,"posx":20,"posy":6,"lastAction":2,"status":0},{"playerId":4120,"score":475,"energy":50,"posx":11,"posy":8,"lastAction":4,"status":0},{"playerId":131454,"score":525,"energy":26,"posx":11,"posy":5,"lastAction":4,"status":0}],"golds":[{"posx":5,"posy":1,"amount":350},{"posx":7,"posy":1,"amount":150},{"posx":9,"posy":1,"amount":450},{"posx":0,"posy":2,"amount":50},{"posx":7,"posy":2,"amount":700},{"posx":15,"posy":3,"amount":250},{"posx":18,"posy":3,"amount":250},{"posx":20,"posy":3,"amount":750},{"posx":6,"posy":4,"amount":450},{"posx":2,"posy":5,"amount":650},{"posx":0,"posy":6,"amount":750},{"posx":6,"posy":6,"amount":100},{"posx":10,"posy":6,"amount":400},{"posx":6,"posy":7,"amount":50},{"posx":9,"posy":8,"amount":200},{"posx":11,"posy":8,"amount":50}],"changedObstacles":[]},{"players":[{"playerId":2365650,"score":400,"energy":8,"posx":15,"posy":3,"lastAction":2,"status":0},{"playerId":2260837,"score":700,"energy":16,"posx":20,"posy":6,"lastAction":4,"status":0},{"playerId":4120,"score":525,"energy":45,"posx":11,"posy":8,"lastAction":5,"status":0},{"playerId":131454,"score":525,"energy":16,"posx":10,"posy":5,"lastAction":0,"status":0}],"golds":[{"posx":5,"posy":1,"amount":350},{"posx":7,"posy":1,"amount":150},{"posx":9,"posy":1,"amount":450},{"posx":0,"posy":2,"amount":50},{"posx":7,"posy":2,"amount":700},{"posx":15,"posy":3,"amount":250},{"posx":18,"posy":3,"amount":250},{"posx":20,"posy":3,"amount":750},{"posx":6,"posy":4,"amount":450},{"posx":2,"posy":5,"amount":650},{"posx":0,"posy":6,"amount":750},{"posx":6,"posy":6,"amount":100},{"posx":10,"posy":6,"amount":400},{"posx":6,"posy":7,"amount":50},{"posx":9,"posy":8,"amount":200}],"changedObstacles":[{"type":0,"posx":11,"posy":8,"value":-1}]},{"players":[{"playerId":2365650,"score":450,"energy":3,"posx":15,"posy":3,"lastAction":5,"status":0},{"playerId":2260837,"score":700,"energy":32,"posx":20,"posy":6,"lastAction":4,"status":0},{"playerId":4120,"score":525,"energy":44,"posx":10,"posy":8,"lastAction":0,"status":0},{"playerId":131454,"score":525,"energy":28,"posx":10,"posy":5,"lastAction":4,"status":0}],"golds":[{"posx":5,"posy":1,"amount":350},{"posx":7,"posy":1,"amount":150},{"posx":9,"posy":1,"amount":450},{"posx":0,"posy":2,"amount":50},{"posx":7,"posy":2,"amount":700},{"posx":15,"posy":3,"amount":200},{"posx":18,"posy":3,"amount":250},{"posx":20,"posy":3,"amount":750},{"posx":6,"posy":4,"amount":450},{"posx":2,"posy":5,"amount":650},{"posx":0,"posy":6,"amount":750},{"posx":6,"posy":6,"amount":100},{"posx":10,"posy":6,"amount":400},{"posx":6,"posy":7,"amount":50},{"posx":9,"posy":8,"amount":200}],"changedObstacles":[]},{"players":[{"playerId":2365650,"score":450,"energy":15,"posx":15,"posy":3,"lastAction":4,"status":0},{"playerId":2260837,"score":700,"energy":17,"posx":20,"posy":5,"lastAction":2,"status":0},{"playerId":4120,"score":525,"energy":40,"posx":9,"posy":8,"lastAction":0,"status":0},{"playerId":131454,"score":525,"energy":8,"posx":9,"posy":5,"lastAction":0,"status":0}],"golds":[{"posx":5,"posy":1,"amount":350},{"posx":7,"posy":1,"amount":150},{"posx":9,"posy":1,"amount":450},{"posx":0,"posy":2,"amount":50},{"posx":7,"posy":2,"amount":700},{"posx":15,"posy":3,"amount":200},{"posx":18,"posy":3,"amount":250},{"posx":20,"posy":3,"amount":750},{"posx":6,"posy":4,"amount":450},{"posx":2,"posy":5,"amount":650},{"posx":0,"posy":6,"amount":750},{"posx":6,"posy":6,"amount":100},{"posx":10,"posy":6,"amount":400},{"posx":6,"posy":7,"amount":50},{"posx":9,"posy":8,"amount":200}],"changedObstacles":[]},{"players":[{"playerId":2365650,"score":450,"energy":31,"posx":15,"posy":3,"lastAction":4,"status":0},{"playerId":2260837,"score":700,"energy":16,"posx":20,"posy":4,"lastAction":2,"status":0},{"playerId":4120,"score":575,"energy":35,"posx":9,"posy":8,"lastAction":5,"status":0},{"playerId":131454,"score":525,"energy":7,"posx":8,"posy":5,"lastAction":0,"status":0}],"golds":[{"posx":5,"posy":1,"amount":350},{"posx":7,"posy":1,"amount":150},{"posx":9,"posy":1,"amount":450},{"posx":0,"posy":2,"amount":50},{"posx":7,"posy":2,"amount":700},{"posx":15,"posy":3,"amount":200},{"posx":18,"posy":3,"amount":250},{"posx":20,"posy":3,"amount":750},{"posx":6,"posy":4,"amount":450},{"posx":2,"posy":5,"amount":650},{"posx":0,"posy":6,"amount":750},{"posx":6,"posy":6,"amount":100},{"posx":10,"posy":6,"amount":400},{"posx":6,"posy":7,"amount":50},{"posx":9,"posy":8,"amount":150}],"changedObstacles":[]},{"players":[{"playerId":2365650,"score":500,"energy":26,"posx":15,"posy":3,"lastAction":5,"status":0},{"playerId":2260837,"score":700,"energy":12,"posx":20,"posy":3,"lastAction":2,"status":0},{"playerId":4120,"score":625,"energy":30,"posx":9,"posy":8,"lastAction":5,"status":0},{"playerId":131454,"score":525,"energy":6,"posx":7,"posy":5,"lastAction":0,"status":0}],"golds":[{"posx":5,"posy":1,"amount":350},{"posx":7,"posy":1,"amount":150},{"posx":9,"posy":1,"amount":450},{"posx":0,"posy":2,"amount":50},{"posx":7,"posy":2,"amount":700},{"posx":15,"posy":3,"amount":150},{"posx":18,"posy":3,"amount":250},{"posx":20,"posy":3,"amount":750},{"posx":6,"posy":4,"amount":450},{"posx":2,"posy":5,"amount":650},{"posx":0,"posy":6,"amount":750},{"posx":6,"posy":6,"amount":100},{"posx":10,"posy":6,"amount":400},{"posx":6,"posy":7,"amount":50},{"posx":9,"posy":8,"amount":100}],"changedObstacles":[]},{"players":[{"playerId":2365650,"score":550,"energy":21,"posx":15,"posy":3,"lastAction":5,"status":0},{"playerId":2260837,"score":750,"energy":7,"posx":20,"posy":3,"lastAction":5,"status":0},{"playerId":4120,"score":675,"energy":25,"posx":9,"posy":8,"lastAction":5,"status":0},{"playerId":131454,"score":525,"energy":5,"posx":6,"posy":5,"lastAction":0,"status":0}],"golds":[{"posx":5,"posy":1,"amount":350},{"posx":7,"posy":1,"amount":150},{"posx":9,"posy":1,"amount":450},{"posx":0,"posy":2,"amount":50},{"posx":7,"posy":2,"amount":700},{"posx":15,"posy":3,"amount":100},{"posx":18,"posy":3,"amount":250},{"posx":20,"posy":3,"amount":700},{"posx":6,"posy":4,"amount":450},{"posx":2,"posy":5,"amount":650},{"posx":0,"posy":6,"amount":750},{"posx":6,"posy":6,"amount":100},{"posx":10,"posy":6,"amount":400},{"posx":6,"posy":7,"amount":50},{"posx":9,"posy":8,"amount":50}],"changedObstacles":[]},{"players":[{"playerId":2365650,"score":600,"energy":16,"posx":15,"posy":3,"lastAction":5,"status":0},{"playerId":2260837,"score":800,"energy":2,"posx":20,"posy":3,"lastAction":5,"status":0},{"playerId":4120,"score":725,"energy":20,"posx":9,"posy":8,"lastAction":5,"status":0},{"playerId":131454,"score":525,"energy":17,"posx":6,"posy":5,"lastAction":4,"status":0}],"golds":[{"posx":5,"posy":1,"amount":350},{"posx":7,"posy":1,"amount":150},{"posx":9,"posy":1,"amount":450},{"posx":0,"posy":2,"amount":50},{"posx":7,"posy":2,"amount":700},{"posx":15,"posy":3,"amount":50},{"posx":18,"posy":3,"amount":250},{"posx":20,"posy":3,"amount":650},{"posx":6,"posy":4,"amount":450},{"posx":2,"posy":5,"amount":650},{"posx":0,"posy":6,"amount":750},{"posx":6,"posy":6,"amount":100},{"posx":10,"posy":6,"amount":400},{"posx":6,"posy":7,"amount":50}],"changedObstacles":[{"type":0,"posx":9,"posy":8,"value":-1}]},{"players":[{"playerId":2365650,"score":650,"energy":11,"posx":15,"posy":3,"lastAction":5,"status":0},{"playerId":2260837,"score":800,"energy":14,"posx":20,"posy":3,"lastAction":4,"status":0},{"playerId":4120,"score":725,"energy":19,"posx":8,"posy":8,"lastAction":0,"status":0},{"playerId":131454,"score":525,"energy":33,"posx":6,"posy":5,"lastAction":4,"status":0}],"golds":[{"posx":5,"posy":1,"amount":350},{"posx":7,"posy":1,"amount":150},{"posx":9,"posy":1,"amount":450},{"posx":0,"posy":2,"amount":50},{"posx":7,"posy":2,"amount":700},{"posx":18,"posy":3,"amount":250},{"posx":20,"posy":3,"amount":650},{"posx":6,"posy":4,"amount":450},{"posx":2,"posy":5,"amount":650},{"posx":0,"posy":6,"amount":750},{"posx":6,"posy":6,"amount":100},{"posx":10,"posy":6,"amount":400},{"posx":6,"posy":7,"amount":50}],"changedObstacles":[{"type":0,"posx":15,"posy":3,"value":-1}]},{"players":[{"playerId":2365650,"score":650,"energy":23,"posx":15,"posy":3,"lastAction":4,"status":0},{"playerId":2260837,"score":800,"energy":30,"posx":20,"posy":3,"lastAction":4,"status":0},{"playerId":4120,"score":725,"energy":18,"posx":7,"posy":8,"lastAction":0,"status":0},{"playerId":131454,"score":525,"energy":50,"posx":6,"posy":5,"lastAction":4,"status":0}],"golds":[{"posx":5,"posy":1,"amount":350},{"posx":7,"posy":1,"amount":150},{"posx":9,"posy":1,"amount":450},{"posx":0,"posy":2,"amount":50},{"posx":7,"posy":2,"amount":700},{"posx":18,"posy":3,"amount":250},{"posx":20,"posy":3,"amount":650},{"posx":6,"posy":4,"amount":450},{"posx":2,"posy":5,"amount":650},{"posx":0,"posy":6,"amount":750},{"posx":6,"posy":6,"amount":100},{"posx":10,"posy":6,"amount":400},{"posx":6,"posy":7,"amount":50}],"changedObstacles":[]},{"players":[{"playerId":2365650,"score":650,"energy":39,"posx":15,"posy":3,"lastAction":4,"status":0},{"playerId":2260837,"score":800,"energy":50,"posx":20,"posy":3,"lastAction":4,"status":0},{"playerId":4120,"score":725,"energy":17,"posx":7,"posy":7,"lastAction":2,"status":0},{"playerId":131454,"score":525,"energy":46,"posx":6,"posy":4,"lastAction":2,"status":0}],"golds":[{"posx":5,"posy":1,"amount":350},{"posx":7,"posy":1,"amount":150},{"posx":9,"posy":1,"amount":450},{"posx":0,"posy":2,"amount":50},{"posx":7,"posy":2,"amount":700},{"posx":18,"posy":3,"amount":250},{"posx":20,"posy":3,"amount":650},{"posx":6,"posy":4,"amount":450},{"posx":2,"posy":5,"amount":650},{"posx":0,"posy":6,"amount":750},{"posx":6,"posy":6,"amount":100},{"posx":10,"posy":6,"amount":400},{"posx":6,"posy":7,"amount":50}],"changedObstacles":[]},{"players":[{"playerId":2365650,"score":650,"energy":19,"posx":16,"posy":3,"lastAction":1,"status":0},{"playerId":2260837,"score":850,"energy":45,"posx":20,"posy":3,"lastAction":5,"status":0},{"playerId":4120,"score":725,"energy":13,"posx":6,"posy":7,"lastAction":0,"status":0},{"playerId":131454,"score":575,"energy":41,"posx":6,"posy":4,"lastAction":5,"status":0}],"golds":[{"posx":5,"posy":1,"amount":350},{"posx":7,"posy":1,"amount":150},{"posx":9,"posy":1,"amount":450},{"posx":0,"posy":2,"amount":50},{"posx":7,"posy":2,"amount":700},{"posx":18,"posy":3,"amount":250},{"posx":20,"posy":3,"amount":600},{"posx":6,"posy":4,"amount":400},{"posx":2,"posy":5,"amount":650},{"posx":0,"posy":6,"amount":750},{"posx":6,"posy":6,"amount":100},{"posx":10,"posy":6,"amount":400},{"posx":6,"posy":7,"amount":50}],"changedObstacles":[]},{"players":[{"playerId":2365650,"score":650,"energy":31,"posx":16,"posy":3,"lastAction":4,"status":0},{"playerId":2260837,"score":900,"energy":40,"posx":20,"posy":3,"lastAction":5,"status":0},{"playerId":4120,"score":775,"energy":8,"posx":6,"posy":7,"lastAction":5,"status":0},{"playerId":131454,"score":625,"energy":36,"posx":6,"posy":4,"lastAction":5,"status":0}],"golds":[{"posx":5,"posy":1,"amount":350},{"posx":7,"posy":1,"amount":150},{"posx":9,"posy":1,"amount":450},{"posx":0,"posy":2,"amount":50},{"posx":7,"posy":2,"amount":700},{"posx":18,"posy":3,"amount":250},{"posx":20,"posy":3,"amount":550},{"posx":6,"posy":4,"amount":350},{"posx":2,"posy":5,"amount":650},{"posx":0,"posy":6,"amount":750},{"posx":6,"posy":6,"amount":100},{"posx":10,"posy":6,"amount":400}],"changedObstacles":[{"type":0,"posx":6,"posy":7,"value":-1}]},{"players":[{"playerId":2365650,"score":650,"energy":16,"posx":17,"posy":3,"lastAction":1,"status":0},{"playerId":2260837,"score":950,"energy":35,"posx":20,"posy":3,"lastAction":5,"status":0},{"playerId":4120,"score":775,"energy":4,"posx":6,"posy":6,"lastAction":2,"status":0},{"playerId":131454,"score":675,"energy":31,"posx":6,"posy":4,"lastAction":5,"status":0}],"golds":[{"posx":5,"posy":1,"amount":350},{"posx":7,"posy":1,"amount":150},{"posx":9,"posy":1,"amount":450},{"posx":0,"posy":2,"amount":50},{"posx":7,"posy":2,"amount":700},{"posx":18,"posy":3,"amount":250},{"posx":20,"posy":3,"amount":500},{"posx":6,"posy":4,"amount":300},{"posx":2,"posy":5,"amount":650},{"posx":0,"posy":6,"amount":750},{"posx":6,"posy":6,"amount":100},{"posx":10,"posy":6,"amount":400}],"changedObstacles":[]},{"players":[{"playerId":2365650,"score":650,"energy":12,"posx":18,"posy":3,"lastAction":1,"status":0},{"playerId":2260837,"score":1000,"energy":30,"posx":20,"posy":3,"lastAction":5,"status":0},{"playerId":4120,"score":775,"energy":16,"posx":6,"posy":6,"lastAction":4,"status":0},{"playerId":131454,"score":725,"energy":26,"posx":6,"posy":4,"lastAction":5,"status":0}],"golds":[{"posx":5,"posy":1,"amount":350},{"posx":7,"posy":1,"amount":150},{"posx":9,"posy":1,"amount":450},{"posx":0,"posy":2,"amount":50},{"posx":7,"posy":2,"amount":700},{"posx":18,"posy":3,"amount":250},{"posx":20,"posy":3,"amount":450},{"posx":6,"posy":4,"amount":250},{"posx":2,"posy":5,"amount":650},{"posx":0,"posy":6,"amount":750},{"posx":6,"posy":6,"amount":100},{"posx":10,"posy":6,"amount":400}],"changedObstacles":[]},{"players":[{"playerId":2365650,"score":700,"energy":7,"posx":18,"posy":3,"lastAction":5,"status":0},{"playerId":2260837,"score":1050,"energy":25,"posx":20,"posy":3,"lastAction":5,"status":0},{"playerId":4120,"score":775,"energy":32,"posx":6,"posy":6,"lastAction":4,"status":0},{"playerId":131454,"score":775,"energy":21,"posx":6,"posy":4,"lastAction":5,"status":0}],"golds":[{"posx":5,"posy":1,"amount":350},{"posx":7,"posy":1,"amount":150},{"posx":9,"posy":1,"amount":450},{"posx":0,"posy":2,"amount":50},{"posx":7,"posy":2,"amount":700},{"posx":18,"posy":3,"amount":200},{"posx":20,"posy":3,"amount":400},{"posx":6,"posy":4,"amount":200},{"posx":2,"posy":5,"amount":650},{"posx":0,"posy":6,"amount":750},{"posx":6,"posy":6,"amount":100},{"posx":10,"posy":6,"amount":400}],"changedObstacles":[]},{"players":[{"playerId":2365650,"score":750,"energy":2,"posx":18,"posy":3,"lastAction":5,"status":0},{"playerId":2260837,"score":1100,"energy":20,"posx":20,"posy":3,"lastAction":5,"status":0},{"playerId":4120,"score":775,"energy":50,"posx":6,"posy":6,"lastAction":4,"status":0},{"playerId":131454,"score":825,"energy":16,"posx":6,"posy":4,"lastAction":5,"status":0}],"golds":[{"posx":5,"posy":1,"amount":350},{"posx":7,"posy":1,"amount":150},{"posx":9,"posy":1,"amount":450},{"posx":0,"posy":2,"amount":50},{"posx":7,"posy":2,"amount":700},{"posx":18,"posy":3,"amount":150},{"posx":20,"posy":3,"amount":350},{"posx":6,"posy":4,"amount":150},{"posx":2,"posy":5,"amount":650},{"posx":0,"posy":6,"amount":750},{"posx":6,"posy":6,"amount":100},{"posx":10,"posy":6,"amount":400}],"changedObstacles":[]},{"players":[{"playerId":2365650,"score":750,"energy":14,"posx":18,"posy":3,"lastAction":4,"status":0},{"playerId":2260837,"score":1150,"energy":15,"posx":20,"posy":3,"lastAction":5,"status":0},{"playerId":4120,"score":825,"energy":45,"posx":6,"posy":6,"lastAction":5,"status":0},{"playerId":131454,"score":875,"energy":11,"posx":6,"posy":4,"lastAction":5,"status":0}],"golds":[{"posx":5,"posy":1,"amount":350},{"posx":7,"posy":1,"amount":150},{"posx":9,"posy":1,"amount":450},{"posx":0,"posy":2,"amount":50},{"posx":7,"posy":2,"amount":700},{"posx":18,"posy":3,"amount":150},{"posx":20,"posy":3,"amount":300},{"posx":6,"posy":4,"amount":100},{"posx":2,"posy":5,"amount":650},{"posx":0,"posy":6,"amount":750},{"posx":6,"posy":6,"amount":50},{"posx":10,"posy":6,"amount":400}],"changedObstacles":[]},{"players":[{"playerId":2365650,"score":800,"energy":9,"posx":18,"posy":3,"lastAction":5,"status":0},{"playerId":2260837,"score":1200,"energy":10,"posx":20,"posy":3,"lastAction":5,"status":0},{"playerId":4120,"score":875,"energy":40,"posx":6,"posy":6,"lastAction":5,"status":0},{"playerId":131454,"score":925,"energy":6,"posx":6,"posy":4,"lastAction":5,"status":0}],"golds":[{"posx":5,"posy":1,"amount":350},{"posx":7,"posy":1,"amount":150},{"posx":9,"posy":1,"amount":450},{"posx":0,"posy":2,"amount":50},{"posx":7,"posy":2,"amount":700},{"posx":18,"posy":3,"amount":100},{"posx":20,"posy":3,"amount":250},{"posx":6,"posy":4,"amount":50},{"posx":2,"posy":5,"amount":650},{"posx":0,"posy":6,"amount":750},{"posx":10,"posy":6,"amount":400}],"changedObstacles":[{"type":0,"posx":6,"posy":6,"value":-1}]},{"players":[{"playerId":2365650,"score":850,"energy":4,"posx":18,"posy":3,"lastAction":5,"status":0},{"playerId":2260837,"score":1250,"energy":5,"posx":20,"posy":3,"lastAction":5,"status":0},{"playerId":4120,"score":875,"energy":39,"posx":7,"posy":6,"lastAction":1,"status":0},{"playerId":131454,"score":975,"energy":1,"posx":6,"posy":4,"lastAction":5,"status":0}],"golds":[{"posx":5,"posy":1,"amount":350},{"posx":7,"posy":1,"amount":150},{"posx":9,"posy":1,"amount":450},{"posx":0,"posy":2,"amount":50},{"posx":7,"posy":2,"amount":700},{"posx":18,"posy":3,"amount":50},{"posx":20,"posy":3,"amount":200},{"posx":2,"posy":5,"amount":650},{"posx":0,"posy":6,"amount":750},{"posx":10,"posy":6,"amount":400}],"changedObstacles":[{"type":0,"posx":6,"posy":4,"value":-1}]},{"players":[{"playerId":2365650,"score":850,"energy":16,"posx":18,"posy":3,"lastAction":4,"status":0},{"playerId":2260837,"score":1250,"energy":17,"posx":20,"posy":3,"lastAction":4,"status":0},{"playerId":4120,"score":875,"energy":27,"posx":8,"posy":6,"lastAction":1,"status":0},{"playerId":131454,"score":975,"energy":13,"posx":6,"posy":4,"lastAction":4,"status":0}],"golds":[{"posx":5,"posy":1,"amount":350},{"posx":7,"posy":1,"amount":150},{"posx":9,"posy":1,"amount":450},{"posx":0,"posy":2,"amount":50},{"posx":7,"posy":2,"amount":700},{"posx":18,"posy":3,"amount":50},{"posx":20,"posy":3,"amount":200},{"posx":2,"posy":5,"amount":650},{"posx":0,"posy":6,"amount":750},{"posx":10,"posy":6,"amount":400}],"changedObstacles":[]},{"players":[{"playerId":2365650,"score":900,"energy":11,"posx":18,"posy":3,"lastAction":5,"status":0},{"playerId":2260837,"score":1250,"energy":33,"posx":20,"posy":3,"lastAction":4,"status":0},{"playerId":4120,"score":875,"energy":22,"posx":9,"posy":6,"lastAction":1,"status":0},{"playerId":131454,"score":975,"energy":29,"posx":6,"posy":4,"lastAction":4,"status":0}],"golds":[{"posx":5,"posy":1,"amount":350},{"posx":7,"posy":1,"amount":150},{"posx":9,"posy":1,"amount":450},{"posx":0,"posy":2,"amount":50},{"posx":7,"posy":2,"amount":700},{"posx":20,"posy":3,"amount":200},{"posx":2,"posy":5,"amount":650},{"posx":0,"posy":6,"amount":750},{"posx":10,"posy":6,"amount":400}],"changedObstacles":[{"type":3,"posx":9,"posy":6,"value":-20},{"type":0,"posx":18,"posy":3,"value":-1}]},{"players":[{"playerId":2365650,"score":900,"energy":10,"posx":19,"posy":3,"lastAction":1,"status":0},{"playerId":2260837,"score":1250,"energy":50,"posx":20,"posy":3,"lastAction":4,"status":0},{"playerId":4120,"score":875,"energy":18,"posx":10,"posy":6,"lastAction":1,"status":0},{"playerId":131454,"score":975,"energy":50,"posx":6,"posy":4,"lastAction":4,"status":0}],"golds":[{"posx":5,"posy":1,"amount":350},{"posx":7,"posy":1,"amount":150},{"posx":9,"posy":1,"amount":450},{"posx":0,"posy":2,"amount":50},{"posx":7,"posy":2,"amount":700},{"posx":20,"posy":3,"amount":200},{"posx":2,"posy":5,"amount":650},{"posx":0,"posy":6,"amount":750},{"posx":10,"posy":6,"amount":400}],"changedObstacles":[]},{"players":[{"playerId":2365650,"score":900,"energy":6,"posx":20,"posy":3,"lastAction":1,"status":0},{"playerId":2260837,"score":1300,"energy":45,"posx":20,"posy":3,"lastAction":5,"status":0},{"playerId":4120,"score":925,"energy":13,"posx":10,"posy":6,"lastAction":5,"status":0},{"playerId":131454,"score":975,"energy":49,"posx":7,"posy":4,"lastAction":1,"status":0}],"golds":[{"posx":5,"posy":1,"amount":350},{"posx":7,"posy":1,"amount":150},{"posx":9,"posy":1,"amount":450},{"posx":0,"posy":2,"amount":50},{"posx":7,"posy":2,"amount":700},{"posx":20,"posy":3,"amount":150},{"posx":2,"posy":5,"amount":650},{"posx":0,"posy":6,"amount":750},{"posx":10,"posy":6,"amount":350}],"changedObstacles":[]},{"players":[{"playerId":2365650,"score":950,"energy":1,"posx":20,"posy":3,"lastAction":5,"status":0},{"playerId":2260837,"score":1350,"energy":40,"posx":20,"posy":3,"lastAction":5,"status":0},{"playerId":4120,"score":975,"energy":8,"posx":10,"posy":6,"lastAction":5,"status":0},{"playerId":131454,"score":975,"energy":48,"posx":7,"posy":3,"lastAction":2,"status":0}],"golds":[{"posx":5,"posy":1,"amount":350},{"posx":7,"posy":1,"amount":150},{"posx":9,"posy":1,"amount":450},{"posx":0,"posy":2,"amount":50},{"posx":7,"posy":2,"amount":700},{"posx":20,"posy":3,"amount":50},{"posx":2,"posy":5,"amount":650},{"posx":0,"posy":6,"amount":750},{"posx":10,"posy":6,"amount":300}],"changedObstacles":[]},{"players":[{"playerId":2365650,"score":950,"energy":13,"posx":20,"posy":3,"lastAction":4,"status":0},{"playerId":2260837,"score":1400,"energy":35,"posx":20,"posy":3,"lastAction":5,"status":0},{"playerId":4120,"score":1025,"energy":3,"posx":10,"posy":6,"lastAction":5,"status":0},{"playerId":131454,"score":975,"energy":44,"posx":7,"posy":2,"lastAction":2,"status":0}],"golds":[{"posx":5,"posy":1,"amount":350},{"posx":7,"posy":1,"amount":150},{"posx":9,"posy":1,"amount":450},{"posx":0,"posy":2,"amount":50},{"posx":7,"posy":2,"amount":700},{"posx":2,"posy":5,"amount":650},{"posx":0,"posy":6,"amount":750},{"posx":10,"posy":6,"amount":250}],"changedObstacles":[{"type":0,"posx":20,"posy":3,"value":-1}]},{"players":[{"playerId":2365650,"score":950,"energy":29,"posx":20,"posy":3,"lastAction":4,"status":0},{"playerId":2260837,"score":1400,"energy":34,"posx":19,"posy":3,"lastAction":0,"status":0},{"playerId":4120,"score":1025,"energy":15,"posx":10,"posy":6,"lastAction":4,"status":0},{"playerId":131454,"score":1025,"energy":39,"posx":7,"posy":2,"lastAction":5,"status":0}],"golds":[{"posx":5,"posy":1,"amount":350},{"posx":7,"posy":1,"amount":150},{"posx":9,"posy":1,"amount":450},{"posx":0,"posy":2,"amount":50},{"posx":7,"posy":2,"amount":650},{"posx":2,"posy":5,"amount":650},{"posx":0,"posy":6,"amount":750},{"posx":10,"posy":6,"amount":250}],"changedObstacles":[]},{"players":[{"playerId":2365650,"score":950,"energy":50,"posx":20,"posy":3,"lastAction":4,"status":0},{"playerId":2260837,"score":1400,"energy":33,"posx":18,"posy":3,"lastAction":0,"status":0},{"playerId":4120,"score":1025,"energy":31,"posx":10,"posy":6,"lastAction":4,"status":0},{"playerId":131454,"score":1075,"energy":34,"posx":7,"posy":2,"lastAction":5,"status":0}],"golds":[{"posx":5,"posy":1,"amount":350},{"posx":7,"posy":1,"amount":150},{"posx":9,"posy":1,"amount":450},{"posx":0,"posy":2,"amount":50},{"posx":7,"posy":2,"amount":600},{"posx":2,"posy":5,"amount":650},{"posx":0,"posy":6,"amount":750},{"posx":10,"posy":6,"amount":250}],"changedObstacles":[]},{"players":[{"playerId":2365650,"score":950,"energy":45,"posx":20,"posy":2,"lastAction":2,"status":0},{"playerId":2260837,"score":1400,"energy":28,"posx":18,"posy":4,"lastAction":3,"status":0},{"playerId":4120,"score":1025,"energy":50,"posx":10,"posy":6,"lastAction":4,"status":0},{"playerId":131454,"score":1125,"energy":29,"posx":7,"posy":2,"lastAction":5,"status":0}],"golds":[{"posx":5,"posy":1,"amount":350},{"posx":7,"posy":1,"amount":150},{"posx":9,"posy":1,"amount":450},{"posx":0,"posy":2,"amount":50},{"posx":7,"posy":2,"amount":550},{"posx":2,"posy":5,"amount":650},{"posx":0,"posy":6,"amount":750},{"posx":10,"posy":6,"amount":250}],"changedObstacles":[{"type":3,"posx":18,"posy":4,"value":-20},{"type":3,"posx":20,"posy":2,"value":-20}]},{"players":[{"playerId":2365650,"score":950,"energy":44,"posx":19,"posy":2,"lastAction":0,"status":0},{"playerId":2260837,"score":1400,"energy":27,"posx":17,"posy":4,"lastAction":0,"status":0},{"playerId":4120,"score":1075,"energy":45,"posx":10,"posy":6,"lastAction":5,"status":0},{"playerId":131454,"score":1175,"energy":24,"posx":7,"posy":2,"lastAction":5,"status":0}],"golds":[{"posx":5,"posy":1,"amount":350},{"posx":7,"posy":1,"amount":150},{"posx":9,"posy":1,"amount":450},{"posx":0,"posy":2,"amount":50},{"posx":7,"posy":2,"amount":500},{"posx":2,"posy":5,"amount":650},{"posx":0,"posy":6,"amount":750},{"posx":10,"posy":6,"amount":200}],"changedObstacles":[]},{"players":[{"playerId":2365650,"score":950,"energy":43,"posx":19,"posy":1,"lastAction":2,"status":0},{"playerId":2260837,"score":1400,"energy":26,"posx":16,"posy":4,"lastAction":0,"status":0},{"playerId":4120,"score":1125,"energy":40,"posx":10,"posy":6,"lastAction":5,"status":0},{"playerId":131454,"score":1225,"energy":19,"posx":7,"posy":2,"lastAction":5,"status":0}],"golds":[{"posx":5,"posy":1,"amount":350},{"posx":7,"posy":1,"amount":150},{"posx":9,"posy":1,"amount":450},{"posx":0,"posy":2,"amount":50},{"posx":7,"posy":2,"amount":450},{"posx":2,"posy":5,"amount":650},{"posx":0,"posy":6,"amount":750},{"posx":10,"posy":6,"amount":150}],"changedObstacles":[]},{"players":[{"playerId":2365650,"score":950,"energy":38,"posx":18,"posy":1,"lastAction":0,"status":0},{"playerId":2260837,"score":1400,"energy":25,"posx":15,"posy":4,"lastAction":0,"status":0},{"playerId":4120,"score":1175,"energy":35,"posx":10,"posy":6,"lastAction":5,"status":0},{"playerId":131454,"score":1275,"energy":14,"posx":7,"posy":2,"lastAction":5,"status":0}],"golds":[{"posx":5,"posy":1,"amount":350},{"posx":7,"posy":1,"amount":150},{"posx":9,"posy":1,"amount":450},{"posx":0,"posy":2,"amount":50},{"posx":7,"posy":2,"amount":400},{"posx":2,"posy":5,"amount":650},{"posx":0,"posy":6,"amount":750},{"posx":10,"posy":6,"amount":100}],"changedObstacles":[{"type":3,"posx":18,"posy":1,"value":-20}]},{"players":[{"playerId":2365650,"score":950,"energy":37,"posx":17,"posy":1,"lastAction":0,"status":0},{"playerId":2260837,"score":1400,"energy":20,"posx":14,"posy":4,"lastAction":0,"status":0},{"playerId":4120,"score":1225,"energy":30,"posx":10,"posy":6,"lastAction":5,"status":0},{"playerId":131454,"score":1325,"energy":9,"posx":7,"posy":2,"lastAction":5,"status":0}],"golds":[{"posx":5,"posy":1,"amount":350},{"posx":7,"posy":1,"amount":150},{"posx":9,"posy":1,"amount":450},{"posx":0,"posy":2,"amount":50},{"posx":7,"posy":2,"amount":350},{"posx":2,"posy":5,"amount":650},{"posx":0,"posy":6,"amount":750},{"posx":10,"posy":6,"amount":50}],"changedObstacles":[{"type":3,"posx":14,"posy":4,"value":-20}]},{"players":[{"playerId":2365650,"score":950,"energy":36,"posx":16,"posy":1,"lastAction":0,"status":0},{"playerId":2260837,"score":1400,"energy":19,"posx":13,"posy":4,"lastAction":0,"status":0},{"playerId":4120,"score":1275,"energy":25,"posx":10,"posy":6,"lastAction":5,"status":0},{"playerId":131454,"score":1375,"energy":4,"posx":7,"posy":2,"lastAction":5,"status":0}],"golds":[{"posx":5,"posy":1,"amount":350},{"posx":7,"posy":1,"amount":150},{"posx":9,"posy":1,"amount":450},{"posx":0,"posy":2,"amount":50},{"posx":7,"posy":2,"amount":300},{"posx":2,"posy":5,"amount":650},{"posx":0,"posy":6,"amount":750}],"changedObstacles":[{"type":0,"posx":10,"posy":6,"value":-1}]},{"players":[{"playerId":2365650,"score":950,"energy":31,"posx":15,"posy":1,"lastAction":0,"status":0},{"playerId":2260837,"score":1400,"energy":18,"posx":12,"posy":4,"lastAction":0,"status":0},{"playerId":4120,"score":1275,"energy":5,"posx":9,"posy":6,"lastAction":0,"status":0},{"playerId":131454,"score":1375,"energy":16,"posx":7,"posy":2,"lastAction":4,"status":0}],"golds":[{"posx":5,"posy":1,"amount":350},{"posx":7,"posy":1,"amount":150},{"posx":9,"posy":1,"amount":450},{"posx":0,"posy":2,"amount":50},{"posx":7,"posy":2,"amount":300},{"posx":2,"posy":5,"amount":650},{"posx":0,"posy":6,"amount":750}],"changedObstacles":[{"type":3,"posx":15,"posy":1,"value":-20},{"type":3,"posx":9,"posy":6,"value":-40}]},{"players":[{"playerId":2365650,"score":950,"energy":30,"posx":14,"posy":1,"lastAction":0,"status":0},{"playerId":2260837,"score":1400,"energy":17,"posx":11,"posy":4,"lastAction":0,"status":0},{"playerId":4120,"score":1275,"energy":17,"posx":9,"posy":6,"lastAction":4,"status":0},{"playerId":131454,"score":1375,"energy":32,"posx":7,"posy":2,"lastAction":4,"status":0}],"golds":[{"posx":5,"posy":1,"amount":350},{"posx":7,"posy":1,"amount":150},{"posx":9,"posy":1,"amount":450},{"posx":0,"posy":2,"amount":50},{"posx":7,"posy":2,"amount":300},{"posx":2,"posy":5,"amount":650},{"posx":0,"posy":6,"amount":750}],"changedObstacles":[]},{"players":[{"playerId":2365650,"score":950,"energy":29,"posx":13,"posy":1,"lastAction":0,"status":0},{"playerId":2260837,"score":1400,"energy":12,"posx":10,"posy":4,"lastAction":0,"status":0},{"playerId":4120,"score":1275,"energy":33,"posx":9,"posy":6,"lastAction":4,"status":0},{"playerId":131454,"score":1375,"energy":50,"posx":7,"posy":2,"lastAction":4,"status":0}],"golds":[{"posx":5,"posy":1,"amount":350},{"posx":7,"posy":1,"amount":150},{"posx":9,"posy":1,"amount":450},{"posx":0,"posy":2,"amount":50},{"posx":7,"posy":2,"amount":300},{"posx":2,"posy":5,"amount":650},{"posx":0,"posy":6,"amount":750}],"changedObstacles":[{"type":3,"posx":10,"posy":4,"value":-20}]},{"players":[{"playerId":2365650,"score":950,"energy":28,"posx":12,"posy":1,"lastAction":0,"status":0},{"playerId":2260837,"score":1400,"energy":7,"posx":9,"posy":4,"lastAction":0,"status":0},{"playerId":4120,"score":1275,"energy":50,"posx":9,"posy":6,"lastAction":4,"status":0},{"playerId":131454,"score":1425,"energy":45,"posx":7,"posy":2,"lastAction":5,"status":0}],"golds":[{"posx":5,"posy":1,"amount":350},{"posx":7,"posy":1,"amount":150},{"posx":9,"posy":1,"amount":450},{"posx":0,"posy":2,"amount":50},{"posx":7,"posy":2,"amount":250},{"posx":2,"posy":5,"amount":650},{"posx":0,"posy":6,"amount":750}],"changedObstacles":[{"type":3,"posx":9,"posy":4,"value":-20}]},{"players":[{"playerId":2365650,"score":950,"energy":27,"posx":11,"posy":1,"lastAction":0,"status":0},{"playerId":2260837,"score":1400,"energy":6,"posx":8,"posy":4,"lastAction":0,"status":0},{"playerId":4120,"score":1275,"energy":40,"posx":8,"posy":6,"lastAction":0,"status":0},{"playerId":131454,"score":1475,"energy":40,"posx":7,"posy":2,"lastAction":5,"status":0}],"golds":[{"posx":5,"posy":1,"amount":350},{"posx":7,"posy":1,"amount":150},{"posx":9,"posy":1,"amount":450},{"posx":0,"posy":2,"amount":50},{"posx":7,"posy":2,"amount":200},{"posx":2,"posy":5,"amount":650},{"posx":0,"posy":6,"amount":750}],"changedObstacles":[]},{"players":[{"playerId":2365650,"score":950,"energy":26,"posx":10,"posy":1,"lastAction":0,"status":0},{"playerId":2260837,"score":1400,"energy":5,"posx":7,"posy":4,"lastAction":0,"status":0},{"playerId":4120,"score":1275,"energy":39,"posx":7,"posy":6,"lastAction":0,"status":0},{"playerId":131454,"score":1525,"energy":35,"posx":7,"posy":2,"lastAction":5,"status":0}],"golds":[{"posx":5,"posy":1,"amount":350},{"posx":7,"posy":1,"amount":150},{"posx":9,"posy":1,"amount":450},{"posx":0,"posy":2,"amount":50},{"posx":7,"posy":2,"amount":150},{"posx":2,"posy":5,"amount":650},{"posx":0,"posy":6,"amount":750}],"changedObstacles":[]},{"players":[{"playerId":2365650,"score":950,"energy":22,"posx":9,"posy":1,"lastAction":0,"status":0},{"playerId":2260837,"score":1400,"energy":4,"posx":6,"posy":4,"lastAction":0,"status":0},{"playerId":4120,"score":1275,"energy":38,"posx":6,"posy":6,"lastAction":0,"status":0},{"playerId":131454,"score":1575,"energy":30,"posx":7,"posy":2,"lastAction":5,"status":0}],"golds":[{"posx":5,"posy":1,"amount":350},{"posx":7,"posy":1,"amount":150},{"posx":9,"posy":1,"amount":450},{"posx":0,"posy":2,"amount":50},{"posx":7,"posy":2,"amount":100},{"posx":2,"posy":5,"amount":650},{"posx":0,"posy":6,"amount":750}],"changedObstacles":[]},{"players":[{"playerId":2365650,"score":1000,"energy":17,"posx":9,"posy":1,"lastAction":5,"status":0},{"playerId":2260837,"score":1400,"energy":3,"posx":5,"posy":4,"lastAction":0,"status":0},{"playerId":4120,"score":1275,"energy":28,"posx":5,"posy":6,"lastAction":0,"status":0},{"playerId":131454,"score":1625,"energy":25,"posx":7,"posy":2,"lastAction":5,"status":0}],"golds":[{"posx":5,"posy":1,"amount":350},{"posx":7,"posy":1,"amount":150},{"posx":9,"posy":1,"amount":400},{"posx":0,"posy":2,"amount":50},{"posx":7,"posy":2,"amount":50},{"posx":2,"posy":5,"amount":650},{"posx":0,"posy":6,"amount":750}],"changedObstacles":[{"type":0,"posx":5,"posy":6,"value":-1}]},{"players":[{"playerId":2365650,"score":1050,"energy":12,"posx":9,"posy":1,"lastAction":5,"status":0},{"playerId":2260837,"score":1400,"energy":2,"posx":4,"posy":4,"lastAction":0,"status":0},{"playerId":4120,"score":1275,"energy":18,"posx":4,"posy":6,"lastAction":0,"status":0},{"playerId":131454,"score":1675,"energy":20,"posx":7,"posy":2,"lastAction":5,"status":0}],"golds":[{"posx":5,"posy":1,"amount":350},{"posx":7,"posy":1,"amount":150},{"posx":9,"posy":1,"amount":350},{"posx":0,"posy":2,"amount":50},{"posx":2,"posy":5,"amount":650},{"posx":0,"posy":6,"amount":750}],"changedObstacles":[{"type":0,"posx":4,"posy":6,"value":-1},{"type":0,"posx":7,"posy":2,"value":-1}]},{"players":[{"playerId":2365650,"score":1100,"energy":7,"posx":9,"posy":1,"lastAction":5,"status":0},{"playerId":2260837,"score":1400,"energy":1,"posx":3,"posy":4,"lastAction":0,"status":0},{"playerId":4120,"score":1275,"energy":8,"posx":3,"posy":6,"lastAction":0,"status":0},{"playerId":131454,"score":1675,"energy":16,"posx":7,"posy":1,"lastAction":2,"status":0}],"golds":[{"posx":5,"posy":1,"amount":350},{"posx":7,"posy":1,"amount":150},{"posx":9,"posy":1,"amount":300},{"posx":0,"posy":2,"amount":50},{"posx":2,"posy":5,"amount":650},{"posx":0,"posy":6,"amount":750}],"changedObstacles":[{"type":0,"posx":3,"posy":6,"value":-1}]},{"players":[{"playerId":2365650,"score":1150,"energy":2,"posx":9,"posy":1,"lastAction":5,"status":0},{"playerId":2260837,"score":1400,"energy":13,"posx":3,"posy":4,"lastAction":4,"status":0},{"playerId":4120,"score":1275,"energy":20,"posx":3,"posy":6,"lastAction":4,"status":0},{"playerId":131454,"score":1725,"energy":11,"posx":7,"posy":1,"lastAction":5,"status":0}],"golds":[{"posx":5,"posy":1,"amount":350},{"posx":7,"posy":1,"amount":100},{"posx":9,"posy":1,"amount":250},{"posx":0,"posy":2,"amount":50},{"posx":2,"posy":5,"amount":650},{"posx":0,"posy":6,"amount":750}],"changedObstacles":[]},{"players":[{"playerId":2365650,"score":1150,"energy":14,"posx":9,"posy":1,"lastAction":4,"status":0},{"playerId":2260837,"score":1400,"energy":29,"posx":3,"posy":4,"lastAction":4,"status":0},{"playerId":4120,"score":1275,"energy":36,"posx":3,"posy":6,"lastAction":4,"status":0},{"playerId":131454,"score":1775,"energy":6,"posx":7,"posy":1,"lastAction":5,"status":0}],"golds":[{"posx":5,"posy":1,"amount":350},{"posx":7,"posy":1,"amount":50},{"posx":9,"posy":1,"amount":250},{"posx":0,"posy":2,"amount":50},{"posx":2,"posy":5,"amount":650},{"posx":0,"posy":6,"amount":750}],"changedObstacles":[]},{"players":[{"playerId":2365650,"score":1150,"energy":30,"posx":9,"posy":1,"lastAction":4,"status":0},{"playerId":2260837,"score":1400,"energy":28,"posx":2,"posy":4,"lastAction":0,"status":0},{"playerId":4120,"score":1275,"energy":50,"posx":3,"posy":6,"lastAction":4,"status":0},{"playerId":131454,"score":1825,"energy":1,"posx":7,"posy":1,"lastAction":5,"status":0}],"golds":[{"posx":5,"posy":1,"amount":350},{"posx":9,"posy":1,"amount":250},{"posx":0,"posy":2,"amount":50},{"posx":2,"posy":5,"amount":650},{"posx":0,"posy":6,"amount":750}],"changedObstacles":[{"type":0,"posx":7,"posy":1,"value":-1}]},{"players":[{"playerId":2365650,"score":1200,"energy":25,"posx":9,"posy":1,"lastAction":5,"status":0},{"playerId":2260837,"score":1400,"energy":24,"posx":2,"posy":5,"lastAction":3,"status":0},{"playerId":4120,"score":1275,"energy":32,"posx":2,"posy":6,"lastAction":0,"status":0},{"playerId":131454,"score":1825,"energy":13,"posx":7,"posy":1,"lastAction":4,"status":0}],"golds":[{"posx":5,"posy":1,"amount":350},{"posx":9,"posy":1,"amount":200},{"posx":0,"posy":2,"amount":50},{"posx":2,"posy":5,"amount":650},{"posx":0,"posy":6,"amount":750}],"changedObstacles":[]},{"players":[{"playerId":2365650,"score":1250,"energy":20,"posx":9,"posy":1,"lastAction":5,"status":0},{"playerId":2260837,"score":1450,"energy":19,"posx":2,"posy":5,"lastAction":5,"status":0},{"playerId":4120,"score":1275,"energy":28,"posx":2,"posy":5,"lastAction":2,"status":0},{"playerId":131454,"score":1825,"energy":29,"posx":7,"posy":1,"lastAction":4,"status":0}],"golds":[{"posx":5,"posy":1,"amount":350},{"posx":9,"posy":1,"amount":150},{"posx":0,"posy":2,"amount":50},{"posx":2,"posy":5,"amount":600},{"posx":0,"posy":6,"amount":750}],"changedObstacles":[]},{"players":[{"playerId":2365650,"score":1300,"energy":15,"posx":9,"posy":1,"lastAction":5,"status":0},{"playerId":2260837,"score":1500,"energy":14,"posx":2,"posy":5,"lastAction":5,"status":0},{"playerId":4120,"score":1325,"energy":23,"posx":2,"posy":5,"lastAction":5,"status":0},{"playerId":131454,"score":1825,"energy":50,"posx":7,"posy":1,"lastAction":4,"status":0}],"golds":[{"posx":5,"posy":1,"amount":350},{"posx":9,"posy":1,"amount":100},{"posx":0,"posy":2,"amount":50},{"posx":2,"posy":5,"amount":500},{"posx":0,"posy":6,"amount":750}],"changedObstacles":[]},{"players":[{"playerId":2365650,"score":1350,"energy":10,"posx":9,"posy":1,"lastAction":5,"status":0},{"playerId":2260837,"score":1550,"energy":9,"posx":2,"posy":5,"lastAction":5,"status":0},{"playerId":4120,"score":1375,"energy":18,"posx":2,"posy":5,"lastAction":5,"status":0},{"playerId":131454,"score":1825,"energy":49,"posx":8,"posy":1,"lastAction":1,"status":0}],"golds":[{"posx":5,"posy":1,"amount":350},{"posx":9,"posy":1,"amount":50},{"posx":0,"posy":2,"amount":50},{"posx":2,"posy":5,"amount":400},{"posx":0,"posy":6,"amount":750}],"changedObstacles":[]},{"players":[{"playerId":2365650,"score":1400,"energy":5,"posx":9,"posy":1,"lastAction":5,"status":0},{"playerId":2260837,"score":1600,"energy":4,"posx":2,"posy":5,"lastAction":5,"status":0},{"playerId":4120,"score":1425,"energy":13,"posx":2,"posy":5,"lastAction":5,"status":0},{"playerId":131454,"score":1825,"energy":45,"posx":9,"posy":1,"lastAction":1,"status":0}],"golds":[{"posx":5,"posy":1,"amount":350},{"posx":0,"posy":2,"amount":50},{"posx":2,"posy":5,"amount":300},{"posx":0,"posy":6,"amount":750}],"changedObstacles":[{"type":0,"posx":9,"posy":1,"value":-1}]},{"players":[{"playerId":2365650,"score":1400,"energy":17,"posx":9,"posy":1,"lastAction":4,"status":0},{"playerId":2260837,"score":1600,"energy":16,"posx":2,"posy":5,"lastAction":4,"status":0},{"playerId":4120,"score":1475,"energy":8,"posx":2,"posy":5,"lastAction":5,"status":0},{"playerId":131454,"score":1825,"energy":45,"posx":9,"posy":1,"lastAction":1,"status":3}],"golds":[{"posx":5,"posy":1,"amount":350},{"posx":0,"posy":2,"amount":50},{"posx":2,"posy":5,"amount":250},{"posx":0,"posy":6,"amount":750}],"changedObstacles":[]},{"players":[{"playerId":2365650,"score":1400,"energy":33,"posx":9,"posy":1,"lastAction":4,"status":0},{"playerId":2260837,"score":1650,"energy":11,"posx":2,"posy":5,"lastAction":5,"status":0},{"playerId":4120,"score":1525,"energy":3,"posx":2,"posy":5,"lastAction":5,"status":0},{"playerId":131454,"score":1825,"energy":45,"posx":9,"posy":1,"lastAction":6,"status":3}],"golds":[{"posx":5,"posy":1,"amount":350},{"posx":0,"posy":2,"amount":50},{"posx":2,"posy":5,"amount":150},{"posx":0,"posy":6,"amount":750}],"changedObstacles":[]},{"players":[{"playerId":2365650,"score":1400,"energy":32,"posx":8,"posy":1,"lastAction":0,"status":0},{"playerId":2260837,"score":1700,"energy":6,"posx":2,"posy":5,"lastAction":5,"status":0},{"playerId":4120,"score":1525,"energy":15,"posx":2,"posy":5,"lastAction":4,"status":0},{"playerId":131454,"score":1825,"energy":45,"posx":9,"posy":1,"lastAction":6,"status":3}],"golds":[{"posx":5,"posy":1,"amount":350},{"posx":0,"posy":2,"amount":50},{"posx":2,"posy":5,"amount":100},{"posx":0,"posy":6,"amount":750}],"changedObstacles":[]},{"players":[{"playerId":2365650,"score":1400,"energy":31,"posx":7,"posy":1,"lastAction":0,"status":0},{"playerId":2260837,"score":1750,"energy":1,"posx":2,"posy":5,"lastAction":5,"status":0},{"playerId":4120,"score":1525,"energy":31,"posx":2,"posy":5,"lastAction":4,"status":0},{"playerId":131454,"score":1825,"energy":45,"posx":9,"posy":1,"lastAction":6,"status":3}],"golds":[{"posx":5,"posy":1,"amount":350},{"posx":0,"posy":2,"amount":50},{"posx":2,"posy":5,"amount":50},{"posx":0,"posy":6,"amount":750}],"changedObstacles":[]},{"players":[{"playerId":2365650,"score":1400,"energy":30,"posx":6,"posy":1,"lastAction":0,"status":0},{"playerId":2260837,"score":1750,"energy":13,"posx":2,"posy":5,"lastAction":4,"status":0},{"playerId":4120,"score":1525,"energy":50,"posx":2,"posy":5,"lastAction":4,"status":0},{"playerId":131454,"score":1825,"energy":45,"posx":9,"posy":1,"lastAction":6,"status":3}],"golds":[{"posx":5,"posy":1,"amount":350},{"posx":0,"posy":2,"amount":50},{"posx":2,"posy":5,"amount":50},{"posx":0,"posy":6,"amount":750}],"changedObstacles":[]},{"players":[{"playerId":2365650,"score":1400,"energy":26,"posx":5,"posy":1,"lastAction":0,"status":0},{"playerId":2260837,"score":1775,"energy":8,"posx":2,"posy":5,"lastAction":5,"status":0},{"playerId":4120,"score":1550,"energy":45,"posx":2,"posy":5,"lastAction":5,"status":0},{"playerId":131454,"score":1825,"energy":45,"posx":9,"posy":1,"lastAction":6,"status":3}],"golds":[{"posx":5,"posy":1,"amount":350},{"posx":0,"posy":2,"amount":50},{"posx":0,"posy":6,"amount":750}],"changedObstacles":[{"type":0,"posx":2,"posy":5,"value":-1}]},{"players":[{"playerId":2365650,"score":1450,"energy":21,"posx":5,"posy":1,"lastAction":5,"status":0},{"playerId":2260837,"score":1775,"energy":7,"posx":1,"posy":5,"lastAction":0,"status":0},{"playerId":4120,"score":1550,"energy":44,"posx":1,"posy":5,"lastAction":0,"status":0},{"playerId":131454,"score":1825,"energy":45,"posx":9,"posy":1,"lastAction":6,"status":3}],"golds":[{"posx":5,"posy":1,"amount":300},{"posx":0,"posy":2,"amount":50},{"posx":0,"posy":6,"amount":750}],"changedObstacles":[]},{"players":[{"playerId":2365650,"score":1500,"energy":16,"posx":5,"posy":1,"lastAction":5,"status":0},{"playerId":2260837,"score":1775,"energy":6,"posx":0,"posy":5,"lastAction":0,"status":0},{"playerId":4120,"score":1550,"energy":43,"posx":0,"posy":5,"lastAction":0,"status":0},{"playerId":131454,"score":1825,"energy":45,"posx":9,"posy":1,"lastAction":6,"status":3}],"golds":[{"posx":5,"posy":1,"amount":250},{"posx":0,"posy":2,"amount":50},{"posx":0,"posy":6,"amount":750}],"changedObstacles":[]},{"players":[{"playerId":2365650,"score":1550,"energy":11,"posx":5,"posy":1,"lastAction":5,"status":0},{"playerId":2260837,"score":1775,"energy":2,"posx":0,"posy":6,"lastAction":3,"status":0},{"playerId":4120,"score":1550,"energy":39,"posx":0,"posy":6,"lastAction":3,"status":0},{"playerId":131454,"score":1825,"energy":45,"posx":9,"posy":1,"lastAction":6,"status":3}],"golds":[{"posx":5,"posy":1,"amount":200},{"posx":0,"posy":2,"amount":50},{"posx":0,"posy":6,"amount":750}],"changedObstacles":[]},{"players":[{"playerId":2365650,"score":1600,"energy":6,"posx":5,"posy":1,"lastAction":5,"status":0},{"playerId":2260837,"score":1775,"energy":14,"posx":0,"posy":6,"lastAction":4,"status":0},{"playerId":4120,"score":1600,"energy":34,"posx":0,"posy":6,"lastAction":5,"status":0},{"playerId":131454,"score":1825,"energy":45,"posx":9,"posy":1,"lastAction":6,"status":3}],"golds":[{"posx":5,"posy":1,"amount":150},{"posx":0,"posy":2,"amount":50},{"posx":0,"posy":6,"amount":700}],"changedObstacles":[]},{"players":[{"playerId":2365650,"score":1650,"energy":1,"posx":5,"posy":1,"lastAction":5,"status":0},{"playerId":2260837,"score":1775,"energy":30,"posx":0,"posy":6,"lastAction":4,"status":0},{"playerId":4120,"score":1650,"energy":29,"posx":0,"posy":6,"lastAction":5,"status":0},{"playerId":131454,"score":1825,"energy":45,"posx":9,"posy":1,"lastAction":6,"status":3}],"golds":[{"posx":5,"posy":1,"amount":100},{"posx":0,"posy":2,"amount":50},{"posx":0,"posy":6,"amount":650}],"changedObstacles":[]},{"players":[{"playerId":2365650,"score":1650,"energy":13,"posx":5,"posy":1,"lastAction":4,"status":0},{"playerId":2260837,"score":1775,"energy":50,"posx":0,"posy":6,"lastAction":4,"status":0},{"playerId":4120,"score":1700,"energy":24,"posx":0,"posy":6,"lastAction":5,"status":0},{"playerId":131454,"score":1825,"energy":45,"posx":9,"posy":1,"lastAction":6,"status":3}],"golds":[{"posx":5,"posy":1,"amount":100},{"posx":0,"posy":2,"amount":50},{"posx":0,"posy":6,"amount":600}],"changedObstacles":[]},{"players":[{"playerId":2365650,"score":1700,"energy":8,"posx":5,"posy":1,"lastAction":5,"status":0},{"playerId":2260837,"score":1825,"energy":45,"posx":0,"posy":6,"lastAction":5,"status":0},{"playerId":4120,"score":1750,"energy":19,"posx":0,"posy":6,"lastAction":5,"status":0},{"playerId":131454,"score":1825,"energy":45,"posx":9,"posy":1,"lastAction":6,"status":3}],"golds":[{"posx":5,"posy":1,"amount":50},{"posx":0,"posy":2,"amount":50},{"posx":0,"posy":6,"amount":500}],"changedObstacles":[]},{"players":[{"playerId":2365650,"score":1750,"energy":3,"posx":5,"posy":1,"lastAction":5,"status":0},{"playerId":2260837,"score":1875,"energy":40,"posx":0,"posy":6,"lastAction":5,"status":0},{"playerId":4120,"score":1800,"energy":14,"posx":0,"posy":6,"lastAction":5,"status":0},{"playerId":131454,"score":1825,"energy":45,"posx":9,"posy":1,"lastAction":6,"status":3}],"golds":[{"posx":0,"posy":2,"amount":50},{"posx":0,"posy":6,"amount":400}],"changedObstacles":[{"type":0,"posx":5,"posy":1,"value":-1}]},{"players":[{"playerId":2365650,"score":1750,"energy":15,"posx":5,"posy":1,"lastAction":4,"status":0},{"playerId":2260837,"score":1925,"energy":35,"posx":0,"posy":6,"lastAction":5,"status":0},{"playerId":4120,"score":1850,"energy":9,"posx":0,"posy":6,"lastAction":5,"status":0},{"playerId":131454,"score":1825,"energy":45,"posx":9,"posy":1,"lastAction":6,"status":3}],"golds":[{"posx":0,"posy":2,"amount":50},{"posx":0,"posy":6,"amount":300}],"changedObstacles":[]},{"players":[{"playerId":2365650,"score":1750,"energy":31,"posx":5,"posy":1,"lastAction":4,"status":0},{"playerId":2260837,"score":1975,"energy":30,"posx":0,"posy":6,"lastAction":5,"status":0},{"playerId":4120,"score":1900,"energy":4,"posx":0,"posy":6,"lastAction":5,"status":0},{"playerId":131454,"score":1825,"energy":45,"posx":9,"posy":1,"lastAction":6,"status":3}],"golds":[{"posx":0,"posy":2,"amount":50},{"posx":0,"posy":6,"amount":200}],"changedObstacles":[]},{"players":[{"playerId":2365650,"score":1750,"energy":30,"posx":5,"posy":2,"lastAction":3,"status":0},{"playerId":2260837,"score":2025,"energy":25,"posx":0,"posy":6,"lastAction":5,"status":0},{"playerId":4120,"score":1900,"energy":16,"posx":0,"posy":6,"lastAction":4,"status":0},{"playerId":131454,"score":1825,"energy":45,"posx":9,"posy":1,"lastAction":6,"status":3}],"golds":[{"posx":0,"posy":2,"amount":50},{"posx":0,"posy":6,"amount":150}],"changedObstacles":[]},{"players":[{"playerId":2365650,"score":1750,"energy":11,"posx":4,"posy":2,"lastAction":0,"status":0},{"playerId":2260837,"score":2075,"energy":20,"posx":0,"posy":6,"lastAction":5,"status":0},{"playerId":4120,"score":1900,"energy":32,"posx":0,"posy":6,"lastAction":4,"status":0},{"playerId":131454,"score":1825,"energy":45,"posx":9,"posy":1,"lastAction":6,"status":3}],"golds":[{"posx":0,"posy":2,"amount":50},{"posx":0,"posy":6,"amount":100}],"changedObstacles":[]},{"players":[{"playerId":2365650,"score":1750,"energy":1,"posx":3,"posy":2,"lastAction":0,"status":0},{"playerId":2260837,"score":2125,"energy":15,"posx":0,"posy":6,"lastAction":5,"status":0},{"playerId":4120,"score":1900,"energy":50,"posx":0,"posy":6,"lastAction":4,"status":0},{"playerId":131454,"score":1825,"energy":45,"posx":9,"posy":1,"lastAction":6,"status":3}],"golds":[{"posx":0,"posy":2,"amount":50},{"posx":0,"posy":6,"amount":50}],"changedObstacles":[{"type":0,"posx":3,"posy":2,"value":-1}]},{"players":[{"playerId":2365650,"score":1750,"energy":13,"posx":3,"posy":2,"lastAction":4,"status":0},{"playerId":2260837,"score":2150,"energy":10,"posx":0,"posy":6,"lastAction":5,"status":0},{"playerId":4120,"score":1925,"energy":45,"posx":0,"posy":6,"lastAction":5,"status":0},{"playerId":131454,"score":1825,"energy":45,"posx":9,"posy":1,"lastAction":6,"status":3}],"golds":[{"posx":0,"posy":2,"amount":50}],"changedObstacles":[{"type":0,"posx":0,"posy":6,"value":-1}]},{"players":[{"playerId":2365650,"score":1750,"energy":29,"posx":3,"posy":2,"lastAction":4,"status":0},{"playerId":2260837,"score":2150,"energy":9,"posx":0,"posy":5,"lastAction":2,"status":0},{"playerId":4120,"score":1925,"energy":44,"posx":0,"posy":5,"lastAction":2,"status":0},{"playerId":131454,"score":1825,"energy":45,"posx":9,"posy":1,"lastAction":6,"status":3}],"golds":[{"posx":0,"posy":2,"amount":50}],"changedObstacles":[]},{"players":[{"playerId":2365650,"score":1750,"energy":50,"posx":3,"posy":2,"lastAction":4,"status":0},{"playerId":2260837,"score":2150,"energy":21,"posx":0,"posy":5,"lastAction":4,"status":0},{"playerId":4120,"score":1925,"energy":34,"posx":0,"posy":4,"lastAction":2,"status":0},{"playerId":131454,"score":1825,"energy":45,"posx":9,"posy":1,"lastAction":6,"status":3}],"golds":[{"posx":0,"posy":2,"amount":50}],"changedObstacles":[{"type":0,"posx":0,"posy":4,"value":-1}]},{"players":[{"playerId":2365650,"score":1750,"energy":49,"posx":2,"posy":2,"lastAction":0,"status":0},{"playerId":2260837,"score":2150,"energy":37,"posx":0,"posy":5,"lastAction":4,"status":0},{"playerId":4120,"score":1925,"energy":33,"posx":0,"posy":3,"lastAction":2,"status":0},{"playerId":131454,"score":1825,"energy":45,"posx":9,"posy":1,"lastAction":6,"status":3}],"golds":[{"posx":0,"posy":2,"amount":50}],"changedObstacles":[]},{"players":[{"playerId":2365650,"score":1750,"energy":39,"posx":1,"posy":2,"lastAction":0,"status":0},{"playerId":2260837,"score":2150,"energy":50,"posx":0,"posy":5,"lastAction":4,"status":0},{"playerId":4120,"score":1925,"energy":29,"posx":0,"posy":2,"lastAction":2,"status":0},{"playerId":131454,"score":1825,"energy":45,"posx":9,"posy":1,"lastAction":6,"status":3}],"golds":[{"posx":0,"posy":2,"amount":50}],"changedObstacles":[{"type":0,"posx":1,"posy":2,"value":-1}]},{"players":[{"playerId":2365650,"score":1750,"energy":35,"posx":0,"posy":2,"lastAction":0,"status":0},{"playerId":2260837,"score":2150,"energy":49,"posx":0,"posy":4,"lastAction":2,"status":0},{"playerId":4120,"score":1975,"energy":24,"posx":0,"posy":2,"lastAction":5,"status":0},{"playerId":131454,"score":1825,"energy":45,"posx":9,"posy":1,"lastAction":6,"status":3}],"golds":[],"changedObstacles":[{"type":0,"posx":0,"posy":2,"value":-1}]}]