[{"players":[{"playerId":2451397,"score":0,"energy":40,"posx":18,"posy":7,"lastAction":1,"status":0},{"playerId":2277,"score":0,"energy":40,"posx":18,"posy":7,"lastAction":1,"status":0},{"playerId":2441331,"score":0,"energy":32,"posx":16,"posy":7,"lastAction":0,"status":0},{"playerId":1168092,"score":0,"energy":37,"posx":16,"posy":7,"lastAction":0,"status":0}],"golds":[{"posx":6,"posy":4,"amount":450},{"posx":9,"posy":1,"amount":450},{"posx":18,"posy":3,"amount":250},{"posx":0,"posy":2,"amount":50},{"posx":20,"posy":7,"amount":700},{"posx":6,"posy":6,"amount":100},{"posx":7,"posy":1,"amount":150},{"posx":14,"posy":6,"amount":250},{"posx":6,"posy":7,"amount":50},{"posx":13,"posy":5,"amount":500},{"posx":9,"posy":8,"amount":200},{"posx":11,"posy":8,"amount":200},{"posx":7,"posy":2,"amount":700},{"posx":14,"posy":7,"amount":500},{"posx":15,"posy":3,"amount":250},{"posx":20,"posy":3,"amount":750},{"posx":10,"posy":6,"amount":400},{"posx":0,"posy":6,"amount":750},{"posx":2,"posy":5,"amount":650},{"posx":5,"posy":1,"amount":350}],"changedObstacles":[{"type":0,"posx":18,"posy":7,"value":-1}]},{"players":[{"playerId":2451397,"score":0,"energy":39,"posx":19,"posy":7,"lastAction":1,"status":0},{"playerId":2277,"score":0,"energy":39,"posx":19,"posy":7,"lastAction":1,"status":0},{"playerId":2441331,"score":0,"energy":22,"posx":15,"posy":7,"lastAction":0,"status":0},{"playerId":1168092,"score":0,"energy":36,"posx":16,"posy":6,"lastAction":2,"status":0}],"golds":[{"posx":6,"posy":4,"amount":450},{"posx":9,"posy":1,"amount":450},{"posx":18,"posy":3,"amount":250},{"posx":0,"posy":2,"amount":50},{"posx":20,"posy":7,"amount":700},{"posx":6,"posy":6,"amount":100},{"posx":7,"posy":1,"amount":150},{"posx":14,"posy":6,"amount":250},{"posx":6,"posy":7,"amount":50},{"posx":13,"posy":5,"amount":500},{"posx":9,"posy":8,"amount":200},{"posx":11,"posy":8,"amount":200},{"posx":7,"posy":2,"amount":700},{"posx":14,"posy":7,"amount":500},{"posx":15,"posy":3,"amount":250},{"posx":20,"posy":3,"amount":750},{"posx":10,"posy":6,"amount":400},{"posx":0,"posy":6,"amount":750},{"posx":2,"posy":5,"amount":650},{"posx":5,"posy":1,"amount":350}],"changedObstacles":[{"type":0,"posx":15,"posy":7,"value":-1}]},{"players":[{"playerId":2451397,"score":0,"energy":35,"posx":20,"posy":7,"lastAction":1,"status":0},{"playerId":2277,"score":0,"energy":35,"posx":20,"posy":7,"lastAction":1,"status":0},{"playerId":2441331,"score":0,"energy":18,"posx":14,"posy":7,"lastAction":0,"status":0},{"playerId":1168092,"score":0,"energy":35,"posx":16,"posy":5,"lastAction":2,"status":0}],"golds":[{"posx":6,"posy":4,"amount":450},{"posx":9,"posy":1,"amount":450},{"posx":18,"posy":3,"amount":250},{"posx":0,"posy":2,"amount":50},{"posx":20,"posy":7,"amount":700},{"posx":6,"posy":6,"amount":100},{"posx":7,"posy":1,"amount":150},{"posx":14,"posy":6,"amount":250},{"posx":6,"posy":7,"amount":50},{"posx":13,"posy":5,"amount":500},{"posx":9,"posy":8,"amount":200},{"posx":11,"posy":8,"amount":200},{"posx":7,"posy":2,"amount":700},{"posx":14,"posy":7,"amount":500},{"posx":15,"posy":3,"amount":250},{"posx":20,"posy":3,"amount":750},{"posx":10,"posy":6,"amount":400},{"posx":0,"posy":6,"amount":750},{"posx":2,"posy":5,"amount":650},{"posx":5,"posy":1,"amount":350}],"changedObstacles":[]},{"players":[{"playerId":2451397,"score":50,"energy":30,"posx":20,"posy":7,"lastAction":5,"status":0},{"playerId":2277,"score":50,"energy":30,"posx":20,"posy":7,"lastAction":5,"status":0},{"playerId":2441331,"score":50,"energy":13,"posx":14,"posy":7,"lastAction":5,"status":0},{"playerId":1168092,"score":0,"energy":34,"posx":15,"posy":5,"lastAction":0,"status":0}],"golds":[{"posx":5,"posy":1,"amount":350},{"posx":7,"posy":1,"amount":150},{"posx":9,"posy":1,"amount":450},{"posx":0,"posy":2,"amount":50},{"posx":7,"posy":2,"amount":700},{"posx":15,"posy":3,"amount":250},{"posx":18,"posy":3,"amount":250},{"posx":20,"posy":3,"amount":750},{"posx":6,"posy":4,"amount":450},{"posx":2,"posy":5,"amount":650},{"posx":13,"posy":5,"amount":500},{"posx":0,"posy":6,"amount":750},{"posx":6,"posy":6,"amount":100},{"posx":10,"posy":6,"amount":400},{"posx":14,"posy":6,"amount":250},{"posx":6,"posy":7,"amount":50},{"posx":14,"posy":7,"amount":450},{"posx":20,"posy":7,"amount":600},{"posx":9,"posy":8,"amount":200},{"posx":11,"posy":8,"amount":200}],"changedObstacles":[]},{"players":[{"playerId":2451397,"score":100,"energy":25,"posx":20,"posy":7,"lastAction":5,"status":0},{"playerId":2277,"score":100,"energy":25,"posx":20,"posy":7,"lastAction":5,"status":0},{"playerId":2441331,"score":100,"energy":8,"posx":14,"posy":7,"lastAction":5,"status":0},{"playerId":1168092,"score":0,"energy":33,"posx":14,"posy":5,"lastAction":0,"status":0}],"golds":[{"posx":5,"posy":1,"amount":350},{"posx":7,"posy":1,"amount":150},{"posx":9,"posy":1,"amount":450},{"posx":0,"posy":2,"amount":50},{"posx":7,"posy":2,"amount":700},{"posx":15,"posy":3,"amount":250},{"posx":18,"posy":3,"amount":250},{"posx":20,"posy":3,"amount":750},{"posx":6,"posy":4,"amount":450},{"posx":2,"posy":5,"amount":650},{"posx":13,"posy":5,"amount":500},{"posx":0,"posy":6,"amount":750},{"posx":6,"posy":6,"amount":100},{"posx":10,"posy":6,"amount":400},{"posx":14,"posy":6,"amount":250},{"posx":6,"posy":7,"amount":50},{"posx":14,"posy":7,"amount":400},{"posx":20,"posy":7,"amount":500},{"posx":9,"posy":8,"amount":200},{"posx":11,"posy":8,"amount":200}],"changedObstacles":[]},{"players":[{"playerId":2451397,"score":150,"energy":20,"posx":20,"posy":7,"lastAction":5,"status":0},{"playerId":2277,"score":150,"energy":20,"posx":20,"posy":7,"lastAction":5,"status":0},{"playerId":2441331,"score":150,"energy":3,"posx":14,"posy":7,"lastAction":5,"status":0},{"playerId":1168092,"score":0,"energy":29,"posx":13,"posy":5,"lastAction":0,"status":0}],"golds":[{"posx":5,"posy":1,"amount":350},{"posx":7,"posy":1,"amount":150},{"posx":9,"posy":1,"amount":450},{"posx":0,"posy":2,"amount":50},{"posx":7,"posy":2,"amount":700},{"posx":15,"posy":3,"amount":250},{"posx":18,"posy":3,"amount":250},{"posx":20,"posy":3,"amount":750},{"posx":6,"posy":4,"amount":450},{"posx":2,"posy":5,"amount":650},{"posx":13,"posy":5,"amount":500},{"posx":0,"posy":6,"amount":750},{"posx":6,"posy":6,"amount":100},{"posx":10,"posy":6,"amount":400},{"posx":14,"posy":6,"amount":250},{"posx":6,"posy":7,"amount":50},{"posx":14,"posy":7,"amount":350},{"posx":20,"posy":7,"amount":400},{"posx":9,"posy":8,"amount":200},{"posx":11,"posy":8,"amount":200}],"changedObstacles":[]},{"players":[{"playerId":2451397,"score":200,"energy":15,"posx":20,"posy":7,"lastAction":5,"status":0},{"playerId":2277,"score":200,"energy":15,"posx":20,"posy":7,"lastAction":5,"status":0},{"playerId":2441331,"score":150,"energy":15,"posx":14,"posy":7,"lastAction":4,"status":0},{"playerId":1168092,"score":50,"energy":24,"posx":13,"posy":5,"lastAction":5,"status":0}],"golds":[{"posx":5,"posy":1,"amount":350},{"posx":7,"posy":1,"amount":150},{"posx":9,"posy":1,"amount":450},{"posx":0,"posy":2,"amount":50},{"posx":7,"posy":2,"amount":700},{"posx":15,"posy":3,"amount":250},{"posx":18,"posy":3,"amount":250},{"posx":20,"posy":3,"amount":750},{"posx":6,"posy":4,"amount":450},{"posx":2,"posy":5,"amount":650},{"posx":13,"posy":5,"amount":450},{"posx":0,"posy":6,"amount":750},{"posx":6,"posy":6,"amount":100},{"posx":10,"posy":6,"amount":400},{"posx":14,"posy":6,"amount":250},{"posx":6,"posy":7,"amount":50},{"posx":14,"posy":7,"amount":350},{"posx":20,"posy":7,"amount":300},{"posx":9,"posy":8,"amount":200},{"posx":11,"posy":8,"amount":200}],"changedObstacles":[]},{"players":[{"playerId":2451397,"score":250,"energy":10,"posx":20,"posy":7,"lastAction":5,"status":0},{"playerId":2277,"score":250,"energy":10,"posx":20,"posy":7,"lastAction":5,"status":0},{"playerId":2441331,"score":150,"energy":31,"posx":14,"posy":7,"lastAction":4,"status":0},{"playerId":1168092,"score":100,"energy":19,"posx":13,"posy":5,"lastAction":5,"status":0}],"golds":[{"posx":5,"posy":1,"amount":350},{"posx":7,"posy":1,"amount":150},{"posx":9,"posy":1,"amount":450},{"posx":0,"posy":2,"amount":50},{"posx":7,"posy":2,"amount":700},{"posx":15,"posy":3,"amount":250},{"posx":18,"posy":3,"amount":250},{"posx":20,"posy":3,"amount":750},{"posx":6,"posy":4,"amount":450},{"posx":2,"posy":5,"amount":650},{"posx":13,"posy":5,"amount":400},{"posx":0,"posy":6,"amount":750},{"posx":6,"posy":6,"amount":100},{"posx":10,"posy":6,"amount":400},{"posx":14,"posy":6,"amount":250},{"posx":6,"posy":7,"amount":50},{"posx":14,"posy":7,"amount":350},{"posx":20,"posy":7,"amount":200},{"posx":9,"posy":8,"amount":200},{"posx":11,"posy":8,"amount":200}],"changedObstacles":[]},{"players":[{"playerId":2451397,"score":300,"energy":5,"posx":20,"posy":7,"lastAction":5,"status":0},{"playerId":2277,"score":300,"energy":5,"posx":20,"posy":7,"lastAction":5,"status":0},{"playerId":2441331,"score":150,"energy":50,"posx":14,"posy":7,"lastAction":4,"status":0},{"playerId":1168092,"score":150,"energy":14,"posx":13,"posy":5,"lastAction":5,"status":0}],"golds":[{"posx":5,"posy":1,"amount":350},{"posx":7,"posy":1,"amount":150},{"posx":9,"posy":1,"amount":450},{"posx":0,"posy":2,"amount":50},{"posx":7,"posy":2,"amount":700},{"posx":15,"posy":3,"amount":250},{"posx":18,"posy":3,"amount":250},{"posx":20,"posy":3,"amount":750},{"posx":6,"posy":4,"amount":450},{"posx":2,"posy":5,"amount":650},{"posx":13,"posy":5,"amount":350},{"posx":0,"posy":6,"amount":750},{"posx":6,"posy":6,"amount":100},{"posx":10,"posy":6,"amount":400},{"posx":14,"posy":6,"amount":250},{"posx":6,"posy":7,"amount":50},{"posx":14,"posy":7,"amount":350},{"posx":20,"posy":7,"amount":100},{"posx":9,"posy":8,"amount":200},{"posx":11,"posy":8,"amount":200}],"changedObstacles":[]},{"players":[{"playerId":2451397,"score":300,"energy":17,"posx":20,"posy":7,"lastAction":4,"status":0},{"playerId":2277,"score":300,"energy":17,"posx":20,"posy":7,"lastAction":4,"status":0},{"playerId":2441331,"score":200,"energy":45,"posx":14,"posy":7,"lastAction":5,"status":0},{"playerId":1168092,"score":200,"energy":9,"posx":13,"posy":5,"lastAction":5,"status":0}],"golds":[{"posx":5,"posy":1,"amount":350},{"posx":7,"posy":1,"amount":150},{"posx":9,"posy":1,"amount":450},{"posx":0,"posy":2,"amount":50},{"posx":7,"posy":2,"amount":700},{"posx":15,"posy":3,"amount":250},{"posx":18,"posy":3,"amount":250},{"posx":20,"posy":3,"amount":750},{"posx":6,"posy":4,"amount":450},{"posx":2,"posy":5,"amount":650},{"posx":13,"posy":5,"amount":300},{"posx":0,"posy":6,"amount":750},{"posx":6,"posy":6,"amount":100},{"posx":10,"posy":6,"amount":400},{"posx":14,"posy":6,"amount":250},{"posx":6,"posy":7,"amount":50},{"posx":14,"posy":7,"amount":300},{"posx":20,"posy":7,"amount":100},{"posx":9,"posy":8,"amount":200},{"posx":11,"posy":8,"amount":200}],"changedObstacles":[]},{"players":[{"playerId":2451397,"score":350,"energy":12,"posx":20,"posy":7,"lastAction":5,"status":0},{"playerId":2277,"score":300,"energy":33,"posx":20,"posy":7,"lastAction":4,"status":0},{"playerId":2441331,"score":250,"energy":40,"posx":14,"posy":7,"lastAction":5,"status":0},{"playerId":1168092,"score":250,"energy":4,"posx":13,"posy":5,"lastAction":5,"status":0}],"golds":[{"posx":5,"posy":1,"amount":350},{"posx":7,"posy":1,"amount":150},{"posx":9,"posy":1,"amount":450},{"posx":0,"posy":2,"amount":50},{"posx":7,"posy":2,"amount":700},{"posx":15,"posy":3,"amount":250},{"posx":18,"posy":3,"amount":250},{"posx":20,"posy":3,"amount":750},{"posx":6,"posy":4,"amount":450},{"posx":2,"posy":5,"amount":650},{"posx":13,"posy":5,"amount":250},{"posx":0,"posy":6,"amount":750},{"posx":6,"posy":6,"amount":100},{"posx":10,"posy":6,"amount":400},{"posx":14,"posy":6,"amount":250},{"posx":6,"posy":7,"amount":50},{"posx":14,"posy":7,"amount":250},{"posx":20,"posy":7,"amount":50},{"posx":9,"posy":8,"amount":200},{"posx":11,"posy":8,"amount":200}],"changedObstacles":[]},{"players":[{"playerId":2451397,"score":400,"energy":7,"posx":20,"posy":7,"lastAction":5,"status":0},{"playerId":2277,"score":300,"energy":50,"posx":20,"posy":7,"lastAction":4,"status":0},{"playerId":2441331,"score":300,"energy":35,"posx":14,"posy":7,"lastAction":5,"status":0},{"playerId":1168092,"score":250,"energy":16,"posx":13,"posy":5,"lastAction":4,"status":0}],"golds":[{"posx":5,"posy":1,"amount":350},{"posx":7,"posy":1,"amount":150},{"posx":9,"posy":1,"amount":450},{"posx":0,"posy":2,"amount":50},{"posx":7,"posy":2,"amount":700},{"posx":15,"posy":3,"amount":250},{"posx":18,"posy":3,"amount":250},{"posx":20,"posy":3,"amount":750},{"posx":6,"posy":4,"amount":450},{"posx":2,"posy":5,"amount":650},{"posx":13,"posy":5,"amount":250},{"posx":0,"posy":6,"amount":750},{"posx":6,"posy":6,"amount":100},{"posx":10,"posy":6,"amount":400},{"posx":14,"posy":6,"amount":250},{"posx":6,"posy":7,"amount":50},{"posx":14,"posy":7,"amount":200},{"posx":9,"posy":8,"amount":200},{"posx":11,"posy":8,"amount":200}],"changedObstacles":[{"type":0,"posx":20,"posy":7,"value":-1}]},{"players":[{"playerId":2451397,"score":400,"energy":6,"posx":20,"posy":6,"lastAction":2,"status":0},{"playerId":2277,"score":300,"energy":49,"posx":20,"posy":6,"lastAction":2,"status":0},{"playerId":2441331,"score":350,"energy":30,"posx":14,"posy":7,"lastAction":5,"status":0},{"playerId":1168092,"score":300,"energy":11,"posx":13,"posy":5,"lastAction":5,"status":0}],"golds":[{"posx":5,"posy":1,"amount":350},{"posx":7,"posy":1,"amount":150},{"posx":9,"posy":1,"amount":450},{"posx":0,"posy":2,"amount":50},{"posx":7,"posy":2,"amount":700},{"posx":15,"posy":3,"amount":250},{"posx":18,"posy":3,"amount":250},{"posx":20,"posy":3,"amount":750},{"posx":6,"posy":4,"amount":450},{"posx":2,"posy":5,"amount":650},{"posx":13,"posy":5,"amount":200},{"posx":0,"posy":6,"amount":750},{"posx":6,"posy":6,"amount":100},{"posx":10,"posy":6,"amount":400},{"posx":14,"posy":6,"amount":250},{"posx":6,"posy":7,"amount":50},{"posx":14,"posy":7,"amount":150},{"posx":9,"posy":8,"amount":200},{"posx":11,"posy":8,"amount":200}],"changedObstacles":[]},{"players":[{"playerId":2451397,"score":400,"energy":18,"posx":20,"posy":6,"lastAction":4,"status":0},{"playerId":2277,"score":300,"energy":43,"posx":20,"posy":5,"lastAction":2,"status":0},{"playerId":2441331,"score":400,"energy":25,"posx":14,"posy":7,"lastAction":5,"status":0},{"playerId":1168092,"score":350,"energy":6,"posx":13,"posy":5,"lastAction":5,"status":0}],"golds":[{"posx":5,"posy":1,"amount":350},{"posx":7,"posy":1,"amount":150},{"posx":9,"posy":1,"amount":450},{"posx":0,"posy":2,"amount":50},{"posx":7,"posy":2,"amount":700},{"posx":15,"posy":3,"amount":250},{"posx":18,"posy":3,"amount":250},{"posx":20,"posy":3,"amount":750},{"posx":6,"posy":4,"amount":450},{"posx":2,"posy":5,"amount":650},{"posx":13,"posy":5,"amount":150},{"posx":0,"posy":6,"amount":750},{"posx":6,"posy":6,"amount":100},{"posx":10,"posy":6,"amount":400},{"posx":14,"posy":6,"amount":250},{"posx":6,"posy":7,"amount":50},{"posx":14,"posy":7,"amount":100},{"posx":9,"posy":8,"amount":200},{"posx":11,"posy":8,"amount":200}],"changedObstacles":[]},{"players":[{"playerId":2451397,"score":400,"energy":34,"posx":20,"posy":6,"lastAction":4,"status":0},{"playerId":2277,"score":300,"energy":42,"posx":20,"posy":4,"lastAction":2,"status":0},{"playerId":2441331,"score":450,"energy":20,"posx":14,"posy":7,"lastAction":5,"status":0},{"playerId":1168092,"score":400,"energy":1,"posx":13,"posy":5,"lastAction":5,"status":0}],"golds":[{"posx":5,"posy":1,"amount":350},{"posx":7,"posy":1,"amount":150},{"posx":9,"posy":1,"amount":450},{"posx":0,"posy":2,"amount":50},{"posx":7,"posy":2,"amount":700},{"posx":15,"posy":3,"amount":250},{"posx":18,"posy":3,"amount":250},{"posx":20,"posy":3,"amount":750},{"posx":6,"posy":4,"amount":450},{"posx":2,"posy":5,"amount":650},{"posx":13,"posy":5,"amount":100},{"posx":0,"posy":6,"amount":750},{"posx":6,"posy":6,"amount":100},{"posx":10,"posy":6,"amount":400},{"posx":14,"posy":6,"amount":250},{"posx":6,"posy":7,"amount":50},{"posx":14,"posy":7,"amount":50},{"posx":9,"posy":8,"amount":200},{"posx":11,"posy":8,"amount":200}],"changedObstacles":[]},{"players":[{"playerId":2451397,"score":400,"energy":16,"posx":20,"posy":5,"lastAction":2,"status":0},{"playerId":2277,"score":300,"energy":38,"posx":20,"posy":3,"lastAction":2,"status":0},{"playerId":2441331,"score":500,"energy":15,"posx":14,"posy":7,"lastAction":5,"status":0},{"playerId":1168092,"score":400,"energy":13,"posx":13,"posy":5,"lastAction":4,"status":0}],"golds":[{"posx":5,"posy":1,"amount":350},{"posx":7,"posy":1,"amount":150},{"posx":9,"posy":1,"amount":450},{"posx":0,"posy":2,"amount":50},{"posx":7,"posy":2,"amount":700},{"posx":15,"posy":3,"amount":250},{"posx":18,"posy":3,"amount":250},{"posx":20,"posy":3,"amount":750},{"posx":6,"posy":4,"amount":450},{"posx":2,"posy":5,"amount":650},{"posx":13,"posy":5,"amount":100},{"posx":0,"posy":6,"amount":750},{"posx":6,"posy":6,"amount":100},{"posx":10,"posy":6,"amount":400},{"posx":14,"posy":6,"amount":250},{"posx":6,"posy":7,"amount":50},{"posx":9,"posy":8,"amount":200},{"posx":11,"posy":8,"amount":200}],"changedObstacles":[{"type":0,"posx":14,"posy":7,"value":-1}]},{"players":[{"playerId":2451397,"score":400,"energy":15,"posx":20,"posy":4,"lastAction":2,"status":0},{"playerId":2277,"score":350,"energy":33,"posx":20,"posy":3,"lastAction":5,"status":0},{"playerId":2441331,"score":500,"energy":11,"posx":14,"posy":6,"lastAction":2,"status":0},{"playerId":1168092,"score":450,"energy":8,"posx":13,"posy":5,"lastAction":5,"status":0}],"golds":[{"posx":5,"posy":1,"amount":350},{"posx":7,"posy":1,"amount":150},{"posx":9,"posy":1,"amount":450},{"posx":0,"posy":2,"amount":50},{"posx":7,"posy":2,"amount":700},{"posx":15,"posy":3,"amount":250},{"posx":18,"posy":3,"amount":250},{"posx":20,"posy":3,"amount":700},{"posx":6,"posy":4,"amount":450},{"posx":2,"posy":5,"amount":650},{"posx":13,"posy":5,"amount":50},{"posx":0,"posy":6,"amount":750},{"posx":6,"posy":6,"amount":100},{"posx":10,"posy":6,"amount":400},{"posx":14,"posy":6,"amount":250},{"posx":6,"posy":7,"amount":50},{"posx":9,"posy":8,"amount":200},{"posx":11,"posy":8,"amount":200}],"changedObstacles":[]},{"players":[{"playerId":2451397,"score":400,"energy":11,"posx":20,"posy":3,"lastAction":2,"status":0},{"playerId":2277,"score":400,"energy":28,"posx":20,"posy":3,"lastAction":5,"status":0},{"playerId":2441331,"score":550,"energy":6,"posx":14,"posy":6,"lastAction":5,"status":0},{"playerId":1168092,"score":500,"energy":3,"posx":13,"posy":5,"lastAction":5,"status":0}],"golds":[{"posx":5,"posy":1,"amount":350},{"posx":7,"posy":1,"amount":150},{"posx":9,"posy":1,"amount":450},{"posx":0,"posy":2,"amount":50},{"posx":7,"posy":2,"amount":700},{"posx":15,"posy":3,"amount":250},{"posx":18,"posy":3,"amount":250},{"posx":20,"posy":3,"amount":650},{"posx":6,"posy":4,"amount":450},{"posx":2,"posy":5,"amount":650},{"posx":0,"posy":6,"amount":750},{"posx":6,"posy":6,"amount":100},{"posx":10,"posy":6,"amount":400},{"posx":14,"posy":6,"amount":200},{"posx":6,"posy":7,"amount":50},{"posx":9,"posy":8,"amount":200},{"posx":11,"posy":8,"amount":200}],"changedObstacles":[{"type":0,"posx":13,"posy":5,"value":-1}]},{"players":[{"playerId":2451397,"score":450,"energy":6,"posx":20,"posy":3,"lastAction":5,"status":0},{"playerId":2277,"score":450,"energy":23,"posx":20,"posy":3,"lastAction":5,"status":0},{"playerId":2441331,"score":600,"energy":1,"posx":14,"posy":6,"lastAction":5,"status":0},{"playerId":1168092,"score":500,"energy":15,"posx":13,"posy":5,"lastAction":4,"status":0}],"golds":[{"posx":5,"posy":1,"amount":350},{"posx":7,"posy":1,"amount":150},{"posx":9,"posy":1,"amount":450},{"posx":0,"posy":2,"amount":50},{"posx":7,"posy":2,"amount":700},{"posx":15,"posy":3,"amount":250},{"posx":18,"posy":3,"amount":250},{"posx":20,"posy":3,"amount":550},{"posx":6,"posy":4,"amount":450},{"posx":2,"posy":5,"amount":650},{"posx":0,"posy":6,"amount":750},{"posx":6,"posy":6,"amount":100},{"posx":10,"posy":6,"amount":400},{"posx":14,"posy":6,"amount":150},{"posx":6,"posy":7,"amount":50},{"posx":9,"posy":8,"amount":200},{"posx":11,"posy":8,"amount":200}],"changedObstacles":[]},{"players":[{"playerId":2451397,"score":500,"energy":1,"posx":20,"posy":3,"lastAction":5,"status":0},{"playerId":2277,"score":500,"energy":18,"posx":20,"posy":3,"lastAction":5,"status":0},{"playerId":2441331,"score":600,"energy":13,"posx":14,"posy":6,"lastAction":4,"status":0},{"playerId":1168092,"score":500,"energy":5,"posx":12,"posy":5,"lastAction":0,"status":0}],"golds":[{"posx":5,"posy":1,"amount":350},{"posx":7,"posy":1,"amount":150},{"posx":9,"posy":1,"amount":450},{"posx":0,"posy":2,"amount":50},{"posx":7,"posy":2,"amount":700},{"posx":15,"posy":3,"amount":250},{"posx":18,"posy":3,"amount":250},{"posx":20,"posy":3,"amount":450},{"posx":6,"posy":4,"amount":450},{"posx":2,"posy":5,"amount":650},{"posx":0,"posy":6,"amount":750},{"posx":6,"posy":6,"amount":100},{"posx":10,"posy":6,"amount":400},{"posx":14,"posy":6,"amount":150},{"posx":6,"posy":7,"amount":50},{"posx":9,"posy":8,"amount":200},{"posx":11,"posy":8,"amount":200}],"changedObstacles":[{"type":0,"posx":12,"posy":5,"value":-1}]},{"players":[{"playerId":2451397,"score":500,"energy":13,"posx":20,"posy":3,"lastAction":4,"status":0},{"playerId":2277,"score":550,"energy":13,"posx":20,"posy":3,"lastAction":5,"status":0},{"playerId":2441331,"score":600,"energy":29,"posx":14,"posy":6,"lastAction":4,"status":0},{"playerId":1168092,"score":500,"energy":4,"posx":11,"posy":5,"lastAction":0,"status":0}],"golds":[{"posx":5,"posy":1,"amount":350},{"posx":7,"posy":1,"amount":150},{"posx":9,"posy":1,"amount":450},{"posx":0,"posy":2,"amount":50},{"posx":7,"posy":2,"amount":700},{"posx":15,"posy":3,"amount":250},{"posx":18,"posy":3,"amount":250},{"posx":20,"posy":3,"amount":400},{"posx":6,"posy":4,"amount":450},{"posx":2,"posy":5,"amount":650},{"posx":0,"posy":6,"amount":750},{"posx":6,"posy":6,"amount":100},{"posx":10,"posy":6,"amount":400},{"posx":14,"posy":6,"amount":150},{"posx":6,"posy":7,"amount":50},{"posx":9,"posy":8,"amount":200},{"posx":11,"posy":8,"amount":200}],"changedObstacles":[]},{"players":[{"playerId":2451397,"score":500,"energy":29,"posx":20,"posy":3,"lastAction":4,"status":0},{"playerId":2277,"score":600,"energy":8,"posx":20,"posy":3,"lastAction":5,"status":0},{"playerId":2441331,"score":650,"energy":24,"posx":14,"posy":6,"lastAction":5,"status":0},{"playerId":1168092,"score":500,"energy":16,"posx":11,"posy":5,"lastAction":4,"status":0}],"golds":[{"posx":5,"posy":1,"amount":350},{"posx":7,"posy":1,"amount":150},{"posx":9,"posy":1,"amount":450},{"posx":0,"posy":2,"amount":50},{"posx":7,"posy":2,"amount":700},{"posx":15,"posy":3,"amount":250},{"posx":18,"posy":3,"amount":250},{"posx":20,"posy":3,"amount":350},{"posx":6,"posy":4,"amount":450},{"posx":2,"posy":5,"amount":650},{"posx":0,"posy":6,"amount":750},{"posx":6,"posy":6,"amount":100},{"posx":10,"posy":6,"amount":400},{"posx":14,"posy":6,"amount":100},{"posx":6,"posy":7,"amount":50},{"posx":9,"posy":8,"amount":200},{"posx":11,"posy":8,"amount":200}],"changedObstacles":[]},{"players":[{"playerId":2451397,"score":500,"energy":50,"posx":20,"posy":3,"lastAction":4,"status":0},{"playerId":2277,"score":650,"energy":3,"posx":20,"posy":3,"lastAction":5,"status":0},{"playerId":2441331,"score":700,"energy":19,"posx":14,"posy":6,"lastAction":5,"status":0},{"playerId":1168092,"score":500,"energy":32,"posx":11,"posy":5,"lastAction":4,"status":0}],"golds":[{"posx":5,"posy":1,"amount":350},{"posx":7,"posy":1,"amount":150},{"posx":9,"posy":1,"amount":450},{"posx":0,"posy":2,"amount":50},{"posx":7,"posy":2,"amount":700},{"posx":15,"posy":3,"amount":250},{"posx":18,"posy":3,"amount":250},{"posx":20,"posy":3,"amount":300},{"posx":6,"posy":4,"amount":450},{"posx":2,"posy":5,"amount":650},{"posx":0,"posy":6,"amount":750},{"posx":6,"posy":6,"amount":100},{"posx":10,"posy":6,"amount":400},{"posx":14,"posy":6,"amount":50},{"posx":6,"posy":7,"amount":50},{"posx":9,"posy":8,"amount":200},{"posx":11,"posy":8,"amount":200}],"changedObstacles":[]},{"players":[{"playerId":2451397,"score":550,"energy":45,"posx":20,"posy":3,"lastAction":5,"status":0},{"playerId":2277,"score":650,"energy":15,"posx":20,"posy":3,"lastAction":4,"status":0},{"playerId":2441331,"score":750,"energy":14,"posx":14,"posy":6,"lastAction":5,"status":0},{"playerId":1168092,"score":500,"energy":21,"posx":10,"posy":5,"lastAction":0,"status":0}],"golds":[{"posx":5,"posy":1,"amount":350},{"posx":7,"posy":1,"amount":150},{"posx":9,"posy":1,"amount":450},{"posx":0,"posy":2,"amount":50},{"posx":7,"posy":2,"amount":700},{"posx":15,"posy":3,"amount":250},{"posx":18,"posy":3,"amount":250},{"posx":20,"posy":3,"amount":250},{"posx":6,"posy":4,"amount":450},{"posx":2,"posy":5,"amount":650},{"posx":0,"posy":6,"amount":750},{"posx":6,"posy":6,"amount":100},{"posx":10,"posy":6,"amount":400},{"posx":6,"posy":7,"amount":50},{"posx":9,"posy":8,"amount":200},{"posx":11,"posy":8,"amount":200}],"changedObstacles":[{"type":0,"posx":14,"posy":6,"value":-1}]},{"players":[{"playerId":2451397,"score":600,"energy":40,"posx":20,"posy":3,"lastAction":5,"status":0},{"playerId":2277,"score":650,"energy":31,"posx":20,"posy":3,"lastAction":4,"status":0},{"playerId":2441331,"score":750,"energy":13,"posx":13,"posy":6,"lastAction":0,"status":0},{"playerId":1168092,"score":500,"energy":17,"posx":10,"posy":6,"lastAction":3,"status":0}],"golds":[{"posx":5,"posy":1,"amount":350},{"posx":7,"posy":1,"amount":150},{"posx":9,"posy":1,"amount":450},{"posx":0,"posy":2,"amount":50},{"posx":7,"posy":2,"amount":700},{"posx":15,"posy":3,"amount":250},{"posx":18,"posy":3,"amount":250},{"posx":20,"posy":3,"amount":200},{"posx":6,"posy":4,"amount":450},{"posx":2,"posy":5,"amount":650},{"posx":0,"posy":6,"amount":750},{"posx":6,"posy":6,"amount":100},{"posx":10,"posy":6,"amount":400},{"posx":6,"posy":7,"amount":50},{"posx":9,"posy":8,"amount":200},{"posx":11,"posy":8,"amount":200}],"changedObstacles":[]},{"players":[{"playerId":2451397,"score":650,"energy":35,"posx":20,"posy":3,"lastAction":5,"status":0},{"playerId":2277,"score":650,"energy":50,"posx":20,"posy":3,"lastAction":4,"status":0},{"playerId":2441331,"score":750,"energy":12,"posx":12,"posy":6,"lastAction":0,"status":0},{"playerId":1168092,"score":550,"energy":12,"posx":10,"posy":6,"lastAction":5,"status":0}],"golds":[{"posx":5,"posy":1,"amount":350},{"posx":7,"posy":1,"amount":150},{"posx":9,"posy":1,"amount":450},{"posx":0,"posy":2,"amount":50},{"posx":7,"posy":2,"amount":700},{"posx":15,"posy":3,"amount":250},{"posx":18,"posy":3,"amount":250},{"posx":20,"posy":3,"amount":150},{"posx":6,"posy":4,"amount":450},{"posx":2,"posy":5,"amount":650},{"posx":0,"posy":6,"amount":750},{"posx":6,"posy":6,"amount":100},{"posx":10,"posy":6,"amount":350},{"posx":6,"posy":7,"amount":50},{"posx":9,"posy":8,"amount":200},{"posx":11,"posy":8,"amount":200}],"changedObstacles":[]},{"players":[{"playerId":2451397,"score":700,"energy":30,"posx":20,"posy":3,"lastAction":5,"status":0},{"playerId":2277,"score":700,"energy":45,"posx":20,"posy":3,"lastAction":5,"status":0},{"playerId":2441331,"score":750,"energy":11,"posx":12,"posy":5,"lastAction":2,"status":0},{"playerId":1168092,"score":600,"energy":7,"posx":10,"posy":6,"lastAction":5,"status":0}],"golds":[{"posx":5,"posy":1,"amount":350},{"posx":7,"posy":1,"amount":150},{"posx":9,"posy":1,"amount":450},{"posx":0,"posy":2,"amount":50},{"posx":7,"posy":2,"amount":700},{"posx":15,"posy":3,"amount":250},{"posx":18,"posy":3,"amount":250},{"posx":20,"posy":3,"amount":50},{"posx":6,"posy":4,"amount":450},{"posx":2,"posy":5,"amount":650},{"posx":0,"posy":6,"amount":750},{"posx":6,"posy":6,"amount":100},{"posx":10,"posy":6,"amount":300},{"posx":6,"posy":7,"amount":50},{"posx":9,"posy":8,"amount":200},{"posx":11,"posy":8,"amount":200}],"changedObstacles":[]},{"players":[{"playerId":2451397,"score":725,"energy":25,"posx":20,"posy":3,"lastAction":5,"status":0},{"playerId":2277,"score":725,"energy":40,"posx":20,"posy":3,"lastAction":5,"status":0},{"playerId":2441331,"score":750,"energy":10,"posx":11,"posy":5,"lastAction":0,"status":0},{"playerId":1168092,"score":650,"energy":2,"posx":10,"posy":6,"lastAction":5,"status":0}],"golds":[{"posx":5,"posy":1,"amount":350},{"posx":7,"posy":1,"amount":150},{"posx":9,"posy":1,"amount":450},{"posx":0,"posy":2,"amount":50},{"posx":7,"posy":2,"amount":700},{"posx":15,"posy":3,"amount":250},{"posx":18,"posy":3,"amount":250},{"posx":6,"posy":4,"amount":450},{"posx":2,"posy":5,"amount":650},{"posx":0,"posy":6,"amount":750},{"posx":6,"posy":6,"amount":100},{"posx":10,"posy":6,"amount":250},{"posx":6,"posy":7,"amount":50},{"posx":9,"posy":8,"amount":200},{"posx":11,"posy":8,"amount":200}],"changedObstacles":[{"type":0,"posx":20,"posy":3,"value":-1}]},{"players":[{"playerId":2451397,"score":725,"energy":24,"posx":19,"posy":3,"lastAction":0,"status":0},{"playerId":2277,"score":725,"energy":39,"posx":19,"posy":3,"lastAction":0,"status":0},{"playerId":2441331,"score":750,"energy":9,"posx":11,"posy":4,"lastAction":2,"status":0},{"playerId":1168092,"score":650,"energy":14,"posx":10,"posy":6,"lastAction":4,"status":0}],"golds":[{"posx":5,"posy":1,"amount":350},{"posx":7,"posy":1,"amount":150},{"posx":9,"posy":1,"amount":450},{"posx":0,"posy":2,"amount":50},{"posx":7,"posy":2,"amount":700},{"posx":15,"posy":3,"amount":250},{"posx":18,"posy":3,"amount":250},{"posx":6,"posy":4,"amount":450},{"posx":2,"posy":5,"amount":650},{"posx":0,"posy":6,"amount":750},{"posx":6,"posy":6,"amount":100},{"posx":10,"posy":6,"amount":250},{"posx":6,"posy":7,"amount":50},{"posx":9,"posy":8,"amount":200},{"posx":11,"posy":8,"amount":200}],"changedObstacles":[]},{"players":[{"playerId":2451397,"score":725,"energy":20,"posx":18,"posy":3,"lastAction":0,"status":0},{"playerId":2277,"score":725,"energy":35,"posx":18,"posy":3,"lastAction":0,"status":0},{"playerId":2441331,"score":750,"energy":4,"posx":10,"posy":4,"lastAction":0,"status":0},{"playerId":1168092,"score":700,"energy":9,"posx":10,"posy":6,"lastAction":5,"status":0}],"golds":[{"posx":5,"posy":1,"amount":350},{"posx":7,"posy":1,"amount":150},{"posx":9,"posy":1,"amount":450},{"posx":0,"posy":2,"amount":50},{"posx":7,"posy":2,"amount":700},{"posx":15,"posy":3,"amount":250},{"posx":18,"posy":3,"amount":250},{"posx":6,"posy":4,"amount":450},{"posx":2,"posy":5,"amount":650},{"posx":0,"posy":6,"amount":750},{"posx":6,"posy":6,"amount":100},{"posx":10,"posy":6,"amount":200},{"posx":6,"posy":7,"amount":50},{"posx":9,"posy":8,"amount":200},{"posx":11,"posy":8,"amount":200}],"changedObstacles":[{"type":3,"posx":10,"posy":4,"value":-20}]},{"players":[{"playerId":2451397,"score":775,"energy":15,"posx":18,"posy":3,"lastAction":5,"status":0},{"playerId":2277,"score":775,"energy":30,"posx":18,"posy":3,"lastAction":5,"status":0},{"playerId":2441331,"score":750,"energy":3,"posx":10,"posy":3,"lastAction":2,"status":0},{"playerId":1168092,"score":750,"energy":4,"posx":10,"posy":6,"lastAction":5,"status":0}],"golds":[{"posx":5,"posy":1,"amount":350},{"posx":7,"posy":1,"amount":150},{"posx":9,"posy":1,"amount":450},{"posx":0,"posy":2,"amount":50},{"posx":7,"posy":2,"amount":700},{"posx":15,"posy":3,"amount":250},{"posx":18,"posy":3,"amount":150},{"posx":6,"posy":4,"amount":450},{"posx":2,"posy":5,"amount":650},{"posx":0,"posy":6,"amount":750},{"posx":6,"posy":6,"amount":100},{"posx":10,"posy":6,"amount":150},{"posx":6,"posy":7,"amount":50},{"posx":9,"posy":8,"amount":200},{"posx":11,"posy":8,"amount":200}],"changedObstacles":[]},{"players":[{"playerId":2451397,"score":825,"energy":10,"posx":18,"posy":3,"lastAction":5,"status":0},{"playerId":2277,"score":825,"energy":25,"posx":18,"posy":3,"lastAction":5,"status":0},{"playerId":2441331,"score":750,"energy":2,"posx":9,"posy":3,"lastAction":0,"status":0},{"playerId":1168092,"score":750,"energy":16,"posx":10,"posy":6,"lastAction":4,"status":0}],"golds":[{"posx":5,"posy":1,"amount":350},{"posx":7,"posy":1,"amount":150},{"posx":9,"posy":1,"amount":450},{"posx":0,"posy":2,"amount":50},{"posx":7,"posy":2,"amount":700},{"posx":15,"posy":3,"amount":250},{"posx":18,"posy":3,"amount":50},{"posx":6,"posy":4,"amount":450},{"posx":2,"posy":5,"amount":650},{"posx":0,"posy":6,"amount":750},{"posx":6,"posy":6,"amount":100},{"posx":10,"posy":6,"amount":150},{"posx":6,"posy":7,"amount":50},{"posx":9,"posy":8,"amount":200},{"posx":11,"posy":8,"amount":200}],"changedObstacles":[]},{"players":[{"playerId":2451397,"score":850,"energy":5,"posx":18,"posy":3,"lastAction":5,"status":0},{"playerId":2277,"score":850,"energy":20,"posx":18,"posy":3,"lastAction":5,"status":0},{"playerId":2441331,"score":750,"energy":1,"posx":8,"posy":3,"lastAction":0,"status":0},{"playerId":1168092,"score":800,"energy":11,"posx":10,"posy":6,"lastAction":5,"status":0}],"golds":[{"posx":5,"posy":1,"amount":350},{"posx":7,"posy":1,"amount":150},{"posx":9,"posy":1,"amount":450},{"posx":0,"posy":2,"amount":50},{"posx":7,"posy":2,"amount":700},{"posx":15,"posy":3,"amount":250},{"posx":6,"posy":4,"amount":450},{"posx":2,"posy":5,"amount":650},{"posx":0,"posy":6,"amount":750},{"posx":6,"posy":6,"amount":100},{"posx":10,"posy":6,"amount":100},{"posx":6,"posy":7,"amount":50},{"posx":9,"posy":8,"amount":200},{"posx":11,"posy":8,"amount":200}],"changedObstacles":[{"type":0,"posx":18,"posy":3,"value":-1}]},{"players":[{"playerId":2451397,"score":850,"energy":17,"posx":18,"posy":3,"lastAction":4,"status":0},{"playerId":2277,"score":850,"energy":32,"posx":18,"posy":3,"lastAction":4,"status":0},{"playerId":2441331,"score":750,"energy":13,"posx":8,"posy":3,"lastAction":4,"status":0},{"playerId":1168092,"score":850,"energy":6,"posx":10,"posy":6,"lastAction":5,"status":0}],"golds":[{"posx":5,"posy":1,"amount":350},{"posx":7,"posy":1,"amount":150},{"posx":9,"posy":1,"amount":450},{"posx":0,"posy":2,"amount":50},{"posx":7,"posy":2,"amount":700},{"posx":15,"posy":3,"amount":250},{"posx":6,"posy":4,"amount":450},{"posx":2,"posy":5,"amount":650},{"posx":0,"posy":6,"amount":750},{"posx":6,"posy":6,"amount":100},{"posx":10,"posy":6,"amount":50},{"posx":6,"posy":7,"amount":50},{"posx":9,"posy":8,"amount":200},{"posx":11,"posy":8,"amount":200}],"changedObstacles":[]},{"players":[{"playerId":2451397,"score":850,"energy":12,"posx":18,"posy":2,"lastAction":2,"status":0},{"playerId":2277,"score":850,"energy":48,"posx":18,"posy":3,"lastAction":4,"status":0},{"playerId":2441331,"score":750,"energy":12,"posx":7,"posy":3,"lastAction":0,"status":0},{"playerId":1168092,"score":900,"energy":1,"posx":10,"posy":6,"lastAction":5,"status":0}],"golds":[{"posx":5,"posy":1,"amount":350},{"posx":7,"posy":1,"amount":150},{"posx":9,"posy":1,"amount":450},{"posx":0,"posy":2,"amount":50},{"posx":7,"posy":2,"amount":700},{"posx":15,"posy":3,"amount":250},{"posx":6,"posy":4,"amount":450},{"posx":2,"posy":5,"amount":650},{"posx":0,"posy":6,"amount":750},{"posx":6,"posy":6,"amount":100},{"posx":6,"posy":7,"amount":50},{"posx":9,"posy":8,"amount":200},{"posx":11,"posy":8,"amount":200}],"changedObstacles":[{"type":3,"posx":18,"posy":2,"value":-20},{"type":0,"posx":10,"posy":6,"value":-1}]},{"players":[{"playerId":2451397,"score":850,"energy":2,"posx":17,"posy":2,"lastAction":0,"status":0},{"playerId":2277,"score":850,"energy":50,"posx":18,"posy":3,"lastAction":4,"status":0},{"playerId":2441331,"score":750,"energy":8,"posx":7,"posy":2,"lastAction":2,"status":0},{"playerId":1168092,"score":900,"energy":13,"posx":10,"posy":6,"lastAction":4,"status":0}],"golds":[{"posx":5,"posy":1,"amount":350},{"posx":7,"posy":1,"amount":150},{"posx":9,"posy":1,"amount":450},{"posx":0,"posy":2,"amount":50},{"posx":7,"posy":2,"amount":700},{"posx":15,"posy":3,"amount":250},{"posx":6,"posy":4,"amount":450},{"posx":2,"posy":5,"amount":650},{"posx":0,"posy":6,"amount":750},{"posx":6,"posy":6,"amount":100},{"posx":6,"posy":7,"amount":50},{"posx":9,"posy":8,"amount":200},{"posx":11,"posy":8,"amount":200}],"changedObstacles":[{"type":0,"posx":17,"posy":2,"value":-1}]},{"players":[{"playerId":2451397,"score":850,"energy":1,"posx":16,"posy":2,"lastAction":0,"status":0},{"playerId":2277,"score":850,"energy":36,"posx":17,"posy":3,"lastAction":0,"status":0},{"playerId":2441331,"score":800,"energy":3,"posx":7,"posy":2,"lastAction":5,"status":0},{"playerId":1168092,"score":900,"energy":29,"posx":10,"posy":6,"lastAction":4,"status":0}],"golds":[{"posx":5,"posy":1,"amount":350},{"posx":7,"posy":1,"amount":150},{"posx":9,"posy":1,"amount":450},{"posx":0,"posy":2,"amount":50},{"posx":7,"posy":2,"amount":650},{"posx":15,"posy":3,"amount":250},{"posx":6,"posy":4,"amount":450},{"posx":2,"posy":5,"amount":650},{"posx":0,"posy":6,"amount":750},{"posx":6,"posy":6,"amount":100},{"posx":6,"posy":7,"amount":50},{"posx":9,"posy":8,"amount":200},{"posx":11,"posy":8,"amount":200}],"changedObstacles":[]},{"players":[{"playerId":2451397,"score":850,"energy":13,"posx":16,"posy":2,"lastAction":4,"status":0},{"playerId":2277,"score":850,"energy":20,"posx":16,"posy":3,"lastAction":0,"status":0},{"playerId":2441331,"score":800,"energy":15,"posx":7,"posy":2,"lastAction":4,"status":0},{"playerId":1168092,"score":900,"energy":9,"posx":10,"posy":5,"lastAction":2,"status":0}],"golds":[{"posx":5,"posy":1,"amount":350},{"posx":7,"posy":1,"amount":150},{"posx":9,"posy":1,"amount":450},{"posx":0,"posy":2,"amount":50},{"posx":7,"posy":2,"amount":650},{"posx":15,"posy":3,"amount":250},{"posx":6,"posy":4,"amount":450},{"posx":2,"posy":5,"amount":650},{"posx":0,"posy":6,"amount":750},{"posx":6,"posy":6,"amount":100},{"posx":6,"posy":7,"amount":50},{"posx":9,"posy":8,"amount":200},{"posx":11,"posy":8,"amount":200}],"changedObstacles":[]},{"players":[{"playerId":2451397,"score":850,"energy":12,"posx":15,"posy":2,"lastAction":0,"status":0},{"playerId":2277,"score":850,"energy":16,"posx":15,"posy":3,"lastAction":0,"status":0},{"playerId":2441331,"score":800,"energy":31,"posx":7,"posy":2,"lastAction":4,"status":0},{"playerId":1168092,"score":900,"energy":21,"posx":10,"posy":5,"lastAction":4,"status":0}],"golds":[{"posx":5,"posy":1,"amount":350},{"posx":7,"posy":1,"amount":150},{"posx":9,"posy":1,"amount":450},{"posx":0,"posy":2,"amount":50},{"posx":7,"posy":2,"amount":650},{"posx":15,"posy":3,"amount":250},{"posx":6,"posy":4,"amount":450},{"posx":2,"posy":5,"amount":650},{"posx":0,"posy":6,"amount":750},{"posx":6,"posy":6,"amount":100},{"posx":6,"posy":7,"amount":50},{"posx":9,"posy":8,"amount":200},{"posx":11,"posy":8,"amount":200}],"changedObstacles":[]},{"players":[{"playerId":2451397,"score":850,"energy":8,"posx":15,"posy":3,"lastAction":3,"status":0},{"playerId":2277,"score":900,"energy":11,"posx":15,"posy":3,"lastAction":5,"status":0},{"playerId":2441331,"score":800,"energy":50,"posx":7,"posy":2,"lastAction":4,"status":0},{"playerId":1168092,"score":900,"energy":7,"posx":9,"posy":5,"lastAction":0,"status":0}],"golds":[{"posx":5,"posy":1,"amount":350},{"posx":7,"posy":1,"amount":150},{"posx":9,"posy":1,"amount":450},{"posx":0,"posy":2,"amount":50},{"posx":7,"posy":2,"amount":650},{"posx":15,"posy":3,"amount":200},{"posx":6,"posy":4,"amount":450},{"posx":2,"posy":5,"amount":650},{"posx":0,"posy":6,"amount":750},{"posx":6,"posy":6,"amount":100},{"posx":6,"posy":7,"amount":50},{"posx":9,"posy":8,"amount":200},{"posx":11,"posy":8,"amount":200}],"changedObstacles":[]},{"players":[{"playerId":2451397,"score":900,"energy":3,"posx":15,"posy":3,"lastAction":5,"status":0},{"playerId":2277,"score":950,"energy":6,"posx":15,"posy":3,"lastAction":5,"status":0},{"playerId":2441331,"score":850,"energy":45,"posx":7,"posy":2,"lastAction":5,"status":0},{"playerId":1168092,"score":900,"energy":6,"posx":8,"posy":5,"lastAction":0,"status":0}],"golds":[{"posx":5,"posy":1,"amount":350},{"posx":7,"posy":1,"amount":150},{"posx":9,"posy":1,"amount":450},{"posx":0,"posy":2,"amount":50},{"posx":7,"posy":2,"amount":600},{"posx":15,"posy":3,"amount":100},{"posx":6,"posy":4,"amount":450},{"posx":2,"posy":5,"amount":650},{"posx":0,"posy":6,"amount":750},{"posx":6,"posy":6,"amount":100},{"posx":6,"posy":7,"amount":50},{"posx":9,"posy":8,"amount":200},{"posx":11,"posy":8,"amount":200}],"changedObstacles":[]},{"players":[{"playerId":2451397,"score":900,"energy":15,"posx":15,"posy":3,"lastAction":4,"status":0},{"playerId":2277,"score":1000,"energy":1,"posx":15,"posy":3,"lastAction":5,"status":0},{"playerId":2441331,"score":900,"energy":40,"posx":7,"posy":2,"lastAction":5,"status":0},{"playerId":1168092,"score":900,"energy":5,"posx":7,"posy":5,"lastAction":0,"status":0}],"golds":[{"posx":5,"posy":1,"amount":350},{"posx":7,"posy":1,"amount":150},{"posx":9,"posy":1,"amount":450},{"posx":0,"posy":2,"amount":50},{"posx":7,"posy":2,"amount":550},{"posx":15,"posy":3,"amount":50},{"posx":6,"posy":4,"amount":450},{"posx":2,"posy":5,"amount":650},{"posx":0,"posy":6,"amount":750},{"posx":6,"posy":6,"amount":100},{"posx":6,"posy":7,"amount":50},{"posx":9,"posy":8,"amount":200},{"posx":11,"posy":8,"amount":200}],"changedObstacles":[]},{"players":[{"playerId":2451397,"score":950,"energy":10,"posx":15,"posy":3,"lastAction":5,"status":0},{"playerId":2277,"score":1000,"energy":13,"posx":15,"posy":3,"lastAction":4,"status":0},{"playerId":2441331,"score":950,"energy":35,"posx":7,"posy":2,"lastAction":5,"status":0},{"playerId":1168092,"score":900,"energy":4,"posx":6,"posy":5,"lastAction":0,"status":0}],"golds":[{"posx":5,"posy":1,"amount":350},{"posx":7,"posy":1,"amount":150},{"posx":9,"posy":1,"amount":450},{"posx":0,"posy":2,"amount":50},{"posx":7,"posy":2,"amount":500},{"posx":6,"posy":4,"amount":450},{"posx":2,"posy":5,"amount":650},{"posx":0,"posy":6,"amount":750},{"posx":6,"posy":6,"amount":100},{"posx":6,"posy":7,"amount":50},{"posx":9,"posy":8,"amount":200},{"posx":11,"posy":8,"amount":200}],"changedObstacles":[{"type":0,"posx":15,"posy":3,"value":-1}]},{"players":[{"playerId":2451397,"score":950,"energy":9,"posx":15,"posy":4,"lastAction":3,"status":0},{"playerId":2277,"score":1000,"energy":29,"posx":15,"posy":3,"lastAction":4,"status":0},{"playerId":2441331,"score":1000,"energy":30,"posx":7,"posy":2,"lastAction":5,"status":0},{"playerId":1168092,"score":900,"energy":16,"posx":6,"posy":5,"lastAction":4,"status":0}],"golds":[{"posx":5,"posy":1,"amount":350},{"posx":7,"posy":1,"amount":150},{"posx":9,"posy":1,"amount":450},{"posx":0,"posy":2,"amount":50},{"posx":7,"posy":2,"amount":450},{"posx":6,"posy":4,"amount":450},{"posx":2,"posy":5,"amount":650},{"posx":0,"posy":6,"amount":750},{"posx":6,"posy":6,"amount":100},{"posx":6,"posy":7,"amount":50},{"posx":9,"posy":8,"amount":200},{"posx":11,"posy":8,"amount":200}],"changedObstacles":[]},{"players":[{"playerId":2451397,"score":950,"energy":8,"posx":15,"posy":5,"lastAction":3,"status":0},{"playerId":2277,"score":1000,"energy":50,"posx":15,"posy":3,"lastAction":4,"status":0},{"playerId":2441331,"score":1050,"energy":25,"posx":7,"posy":2,"lastAction":5,"status":0},{"playerId":1168092,"score":900,"energy":12,"posx":6,"posy":6,"lastAction":3,"status":0}],"golds":[{"posx":5,"posy":1,"amount":350},{"posx":7,"posy":1,"amount":150},{"posx":9,"posy":1,"amount":450},{"posx":0,"posy":2,"amount":50},{"posx":7,"posy":2,"amount":400},{"posx":6,"posy":4,"amount":450},{"posx":2,"posy":5,"amount":650},{"posx":0,"posy":6,"amount":750},{"posx":6,"posy":6,"amount":100},{"posx":6,"posy":7,"amount":50},{"posx":9,"posy":8,"amount":200},{"posx":11,"posy":8,"amount":200}],"changedObstacles":[]},{"players":[{"playerId":2451397,"score":950,"energy":7,"posx":14,"posy":5,"lastAction":0,"status":0},{"playerId":2277,"score":1000,"energy":40,"posx":14,"posy":3,"lastAction":0,"status":0},{"playerId":2441331,"score":1100,"energy":20,"posx":7,"posy":2,"lastAction":5,"status":0},{"playerId":1168092,"score":950,"energy":7,"posx":6,"posy":6,"lastAction":5,"status":0}],"golds":[{"posx":5,"posy":1,"amount":350},{"posx":7,"posy":1,"amount":150},{"posx":9,"posy":1,"amount":450},{"posx":0,"posy":2,"amount":50},{"posx":7,"posy":2,"amount":350},{"posx":6,"posy":4,"amount":450},{"posx":2,"posy":5,"amount":650},{"posx":0,"posy":6,"amount":750},{"posx":6,"posy":6,"amount":50},{"posx":6,"posy":7,"amount":50},{"posx":9,"posy":8,"amount":200},{"posx":11,"posy":8,"amount":200}],"changedObstacles":[{"type":0,"posx":14,"posy":3,"value":-1}]},{"players":[{"playerId":2451397,"score":950,"energy":6,"posx":13,"posy":5,"lastAction":0,"status":0},{"playerId":2277,"score":1000,"energy":35,"posx":13,"posy":3,"lastAction":0,"status":0},{"playerId":2441331,"score":1150,"energy":15,"posx":7,"posy":2,"lastAction":5,"status":0},{"playerId":1168092,"score":1000,"energy":2,"posx":6,"posy":6,"lastAction":5,"status":0}],"golds":[{"posx":5,"posy":1,"amount":350},{"posx":7,"posy":1,"amount":150},{"posx":9,"posy":1,"amount":450},{"posx":0,"posy":2,"amount":50},{"posx":7,"posy":2,"amount":300},{"posx":6,"posy":4,"amount":450},{"posx":2,"posy":5,"amount":650},{"posx":0,"posy":6,"amount":750},{"posx":6,"posy":7,"amount":50},{"posx":9,"posy":8,"amount":200},{"posx":11,"posy":8,"amount":200}],"changedObstacles":[{"type":3,"posx":13,"posy":3,"value":-20},{"type":0,"posx":6,"posy":6,"value":-1}]},{"players":[{"playerId":2451397,"score":950,"energy":5,"posx":12,"posy":5,"lastAction":0,"status":0},{"playerId":2277,"score":1000,"energy":30,"posx":12,"posy":3,"lastAction":0,"status":0},{"playerId":2441331,"score":1200,"energy":10,"posx":7,"posy":2,"lastAction":5,"status":0},{"playerId":1168092,"score":1000,"energy":14,"posx":6,"posy":6,"lastAction":4,"status":0}],"golds":[{"posx":5,"posy":1,"amount":350},{"posx":7,"posy":1,"amount":150},{"posx":9,"posy":1,"amount":450},{"posx":0,"posy":2,"amount":50},{"posx":7,"posy":2,"amount":250},{"posx":6,"posy":4,"amount":450},{"posx":2,"posy":5,"amount":650},{"posx":0,"posy":6,"amount":750},{"posx":6,"posy":7,"amount":50},{"posx":9,"posy":8,"amount":200},{"posx":11,"posy":8,"amount":200}],"changedObstacles":[{"type":3,"posx":12,"posy":3,"value":-20}]},{"players":[{"playerId":2451397,"score":950,"energy":4,"posx":11,"posy":5,"lastAction":0,"status":0},{"playerId":2277,"score":1000,"energy":20,"posx":11,"posy":3,"lastAction":0,"status":0},{"playerId":2441331,"score":1250,"energy":5,"posx":7,"posy":2,"lastAction":5,"status":0},{"playerId":1168092,"score":1000,"energy":10,"posx":6,"posy":7,"lastAction":3,"status":0}],"golds":[{"posx":5,"posy":1,"amount":350},{"posx":7,"posy":1,"amount":150},{"posx":9,"posy":1,"amount":450},{"posx":0,"posy":2,"amount":50},{"posx":7,"posy":2,"amount":200},{"posx":6,"posy":4,"amount":450},{"posx":2,"posy":5,"amount":650},{"posx":0,"posy":6,"amount":750},{"posx":6,"posy":7,"amount":50},{"posx":9,"posy":8,"amount":200},{"posx":11,"posy":8,"amount":200}],"changedObstacles":[{"type":0,"posx":11,"posy":3,"value":-1}]},{"players":[{"playerId":2451397,"score":950,"energy":3,"posx":11,"posy":4,"lastAction":2,"status":0},{"playerId":2277,"score":1000,"energy":19,"posx":10,"posy":3,"lastAction":0,"status":0},{"playerId":2441331,"score":1250,"energy":17,"posx":7,"posy":2,"lastAction":4,"status":0},{"playerId":1168092,"score":1050,"energy":5,"posx":6,"posy":7,"lastAction":5,"status":0}],"golds":[{"posx":5,"posy":1,"amount":350},{"posx":7,"posy":1,"amount":150},{"posx":9,"posy":1,"amount":450},{"posx":0,"posy":2,"amount":50},{"posx":7,"posy":2,"amount":200},{"posx":6,"posy":4,"amount":450},{"posx":2,"posy":5,"amount":650},{"posx":0,"posy":6,"amount":750},{"posx":9,"posy":8,"amount":200},{"posx":11,"posy":8,"amount":200}],"changedObstacles":[{"type":0,"posx":6,"posy":7,"value":-1}]},{"players":[{"playerId":2451397,"score":950,"energy":2,"posx":11,"posy":3,"lastAction":2,"status":0},{"playerId":2277,"score":1000,"energy":18,"posx":9,"posy":3,"lastAction":0,"status":0},{"playerId":2441331,"score":1250,"energy":33,"posx":7,"posy":2,"lastAction":4,"status":0},{"playerId":1168092,"score":1050,"energy":4,"posx":6,"posy":6,"lastAction":2,"status":0}],"golds":[{"posx":5,"posy":1,"amount":350},{"posx":7,"posy":1,"amount":150},{"posx":9,"posy":1,"amount":450},{"posx":0,"posy":2,"amount":50},{"posx":7,"posy":2,"amount":200},{"posx":6,"posy":4,"amount":450},{"posx":2,"posy":5,"amount":650},{"posx":0,"posy":6,"amount":750},{"posx":9,"posy":8,"amount":200},{"posx":11,"posy":8,"amount":200}],"changedObstacles":[]},{"players":[{"playerId":2451397,"score":950,"energy":1,"posx":10,"posy":3,"lastAction":0,"status":0},{"playerId":2277,"score":1000,"energy":17,"posx":8,"posy":3,"lastAction":0,"status":0},{"playerId":2441331,"score":1300,"energy":28,"posx":7,"posy":2,"lastAction":5,"status":0},{"playerId":1168092,"score":1050,"energy":3,"posx":6,"posy":5,"lastAction":2,"status":0}],"golds":[{"posx":5,"posy":1,"amount":350},{"posx":7,"posy":1,"amount":150},{"posx":9,"posy":1,"amount":450},{"posx":0,"posy":2,"amount":50},{"posx":7,"posy":2,"amount":150},{"posx":6,"posy":4,"amount":450},{"posx":2,"posy":5,"amount":650},{"posx":0,"posy":6,"amount":750},{"posx":9,"posy":8,"amount":200},{"posx":11,"posy":8,"amount":200}],"changedObstacles":[]},{"players":[{"playerId":2451397,"score":950,"energy":13,"posx":10,"posy":3,"lastAction":4,"status":0},{"playerId":2277,"score":1000,"energy":16,"posx":7,"posy":3,"lastAction":0,"status":0},{"playerId":2441331,"score":1350,"energy":23,"posx":7,"posy":2,"lastAction":5,"status":0},{"playerId":1168092,"score":1050,"energy":15,"posx":6,"posy":5,"lastAction":4,"status":0}],"golds":[{"posx":5,"posy":1,"amount":350},{"posx":7,"posy":1,"amount":150},{"posx":9,"posy":1,"amount":450},{"posx":0,"posy":2,"amount":50},{"posx":7,"posy":2,"amount":100},{"posx":6,"posy":4,"amount":450},{"posx":2,"posy":5,"amount":650},{"posx":0,"posy":6,"amount":750},{"posx":9,"posy":8,"amount":200},{"posx":11,"posy":8,"amount":200}],"changedObstacles":[]},{"players":[{"playerId":2451397,"score":950,"energy":12,"posx":9,"posy":3,"lastAction":0,"status":0},{"playerId":2277,"score":1000,"energy":15,"posx":6,"posy":3,"lastAction":0,"status":0},{"playerId":2441331,"score":1400,"energy":18,"posx":7,"posy":2,"lastAction":5,"status":0},{"playerId":1168092,"score":1050,"energy":11,"posx":6,"posy":4,"lastAction":2,"status":0}],"golds":[{"posx":5,"posy":1,"amount":350},{"posx":7,"posy":1,"amount":150},{"posx":9,"posy":1,"amount":450},{"posx":0,"posy":2,"amount":50},{"posx":7,"posy":2,"amount":50},{"posx":6,"posy":4,"amount":450},{"posx":2,"posy":5,"amount":650},{"posx":0,"posy":6,"amount":750},{"posx":9,"posy":8,"amount":200},{"posx":11,"posy":8,"amount":200}],"changedObstacles":[]},{"players":[{"playerId":2451397,"score":950,"energy":11,"posx":9,"posy":2,"lastAction":2,"status":0},{"playerId":2277,"score":1000,"energy":11,"posx":6,"posy":4,"lastAction":3,"status":0},{"playerId":2441331,"score":1450,"energy":13,"posx":7,"posy":2,"lastAction":5,"status":0},{"playerId":1168092,"score":1100,"energy":6,"posx":6,"posy":4,"lastAction":5,"status":0}],"golds":[{"posx":5,"posy":1,"amount":350},{"posx":7,"posy":1,"amount":150},{"posx":9,"posy":1,"amount":450},{"posx":0,"posy":2,"amount":50},{"posx":6,"posy":4,"amount":400},{"posx":2,"posy":5,"amount":650},{"posx":0,"posy":6,"amount":750},{"posx":9,"posy":8,"amount":200},{"posx":11,"posy":8,"amount":200}],"changedObstacles":[{"type":0,"posx":7,"posy":2,"value":-1}]},{"players":[{"playerId":2451397,"score":950,"energy":7,"posx":9,"posy":1,"lastAction":2,"status":0},{"playerId":2277,"score":1050,"energy":6,"posx":6,"posy":4,"lastAction":5,"status":0},{"playerId":2441331,"score":1450,"energy":9,"posx":7,"posy":1,"lastAction":2,"status":0},{"playerId":1168092,"score":1150,"energy":1,"posx":6,"posy":4,"lastAction":5,"status":0}],"golds":[{"posx":5,"posy":1,"amount":350},{"posx":7,"posy":1,"amount":150},{"posx":9,"posy":1,"amount":450},{"posx":0,"posy":2,"amount":50},{"posx":6,"posy":4,"amount":300},{"posx":2,"posy":5,"amount":650},{"posx":0,"posy":6,"amount":750},{"posx":9,"posy":8,"amount":200},{"posx":11,"posy":8,"amount":200}],"changedObstacles":[]},{"players":[{"playerId":2451397,"score":1000,"energy":2,"posx":9,"posy":1,"lastAction":5,"status":0},{"playerId":2277,"score":1100,"energy":1,"posx":6,"posy":4,"lastAction":5,"status":0},{"playerId":2441331,"score":1500,"energy":4,"posx":7,"posy":1,"lastAction":5,"status":0},{"playerId":1168092,"score":1150,"energy":13,"posx":6,"posy":4,"lastAction":4,"status":0}],"golds":[{"posx":5,"posy":1,"amount":350},{"posx":7,"posy":1,"amount":100},{"posx":9,"posy":1,"amount":400},{"posx":0,"posy":2,"amount":50},{"posx":6,"posy":4,"amount":250},{"posx":2,"posy":5,"amount":650},{"posx":0,"posy":6,"amount":750},{"posx":9,"posy":8,"amount":200},{"posx":11,"posy":8,"amount":200}],"changedObstacles":[]},{"players":[{"playerId":2451397,"score":1000,"energy":14,"posx":9,"posy":1,"lastAction":4,"status":0},{"playerId":2277,"score":1100,"energy":13,"posx":6,"posy":4,"lastAction":4,"status":0},{"playerId":2441331,"score":1500,"energy":16,"posx":7,"posy":1,"lastAction":4,"status":0},{"playerId":1168092,"score":1200,"energy":8,"posx":6,"posy":4,"lastAction":5,"status":0}],"golds":[{"posx":5,"posy":1,"amount":350},{"posx":7,"posy":1,"amount":100},{"posx":9,"posy":1,"amount":400},{"posx":0,"posy":2,"amount":50},{"posx":6,"posy":4,"amount":200},{"posx":2,"posy":5,"amount":650},{"posx":0,"posy":6,"amount":750},{"posx":9,"posy":8,"amount":200},{"posx":11,"posy":8,"amount":200}],"changedObstacles":[]},{"players":[{"playerId":2451397,"score":1000,"energy":30,"posx":9,"posy":1,"lastAction":4,"status":0},{"playerId":2277,"score":1100,"energy":29,"posx":6,"posy":4,"lastAction":4,"status":0},{"playerId":2441331,"score":1550,"energy":11,"posx":7,"posy":1,"lastAction":5,"status":0},{"playerId":1168092,"score":1250,"energy":3,"posx":6,"posy":4,"lastAction":5,"status":0}],"golds":[{"posx":5,"posy":1,"amount":350},{"posx":7,"posy":1,"amount":50},{"posx":9,"posy":1,"amount":400},{"posx":0,"posy":2,"amount":50},{"posx":6,"posy":4,"amount":150},{"posx":2,"posy":5,"amount":650},{"posx":0,"posy":6,"amount":750},{"posx":9,"posy":8,"amount":200},{"posx":11,"posy":8,"amount":200}],"changedObstacles":[]},{"players":[{"playerId":2451397,"score":1000,"energy":50,"posx":9,"posy":1,"lastAction":4,"status":0},{"playerId":2277,"score":1100,"energy":50,"posx":6,"posy":4,"lastAction":4,"status":0},{"playerId":2441331,"score":1600,"energy":6,"posx":7,"posy":1,"lastAction":5,"status":0},{"playerId":1168092,"score":1250,"energy":15,"posx":6,"posy":4,"lastAction":4,"status":0}],"golds":[{"posx":5,"posy":1,"amount":350},{"posx":9,"posy":1,"amount":400},{"posx":0,"posy":2,"amount":50},{"posx":6,"posy":4,"amount":150},{"posx":2,"posy":5,"amount":650},{"posx":0,"posy":6,"amount":750},{"posx":9,"posy":8,"amount":200},{"posx":11,"posy":8,"amount":200}],"changedObstacles":[{"type":0,"posx":7,"posy":1,"value":-1}]},{"players":[{"playerId":2451397,"score":1050,"energy":45,"posx":9,"posy":1,"lastAction":5,"status":0},{"playerId":2277,"score":1150,"energy":45,"posx":6,"posy":4,"lastAction":5,"status":0},{"playerId":2441331,"score":1600,"energy":5,"posx":6,"posy":1,"lastAction":0,"status":0},{"playerId":1168092,"score":1300,"energy":10,"posx":6,"posy":4,"lastAction":5,"status":0}],"golds":[{"posx":5,"posy":1,"amount":350},{"posx":9,"posy":1,"amount":350},{"posx":0,"posy":2,"amount":50},{"posx":6,"posy":4,"amount":50},{"posx":2,"posy":5,"amount":650},{"posx":0,"posy":6,"amount":750},{"posx":9,"posy":8,"amount":200},{"posx":11,"posy":8,"amount":200}],"changedObstacles":[]},{"players":[{"playerId":2451397,"score":1100,"energy":40,"posx":9,"posy":1,"lastAction":5,"status":0},{"playerId":2277,"score":1175,"energy":40,"posx":6,"posy":4,"lastAction":5,"status":0},{"playerId":2441331,"score":1600,"energy":1,"posx":5,"posy":1,"lastAction":0,"status":0},{"playerId":1168092,"score":1325,"energy":5,"posx":6,"posy":4,"lastAction":5,"status":0}],"golds":[{"posx":5,"posy":1,"amount":350},{"posx":9,"posy":1,"amount":300},{"posx":0,"posy":2,"amount":50},{"posx":2,"posy":5,"amount":650},{"posx":0,"posy":6,"amount":750},{"posx":9,"posy":8,"amount":200},{"posx":11,"posy":8,"amount":200}],"changedObstacles":[{"type":0,"posx":6,"posy":4,"value":-1}]},{"players":[{"playerId":2451397,"score":1150,"energy":35,"posx":9,"posy":1,"lastAction":5,"status":0},{"playerId":2277,"score":1175,"energy":39,"posx":5,"posy":4,"lastAction":0,"status":0},{"playerId":2441331,"score":1600,"energy":13,"posx":5,"posy":1,"lastAction":4,"status":0},{"playerId":1168092,"score":1325,"energy":4,"posx":6,"posy":5,"lastAction":3,"status":0}],"golds":[{"posx":5,"posy":1,"amount":350},{"posx":9,"posy":1,"amount":250},{"posx":0,"posy":2,"amount":50},{"posx":2,"posy":5,"amount":650},{"posx":0,"posy":6,"amount":750},{"posx":9,"posy":8,"amount":200},{"posx":11,"posy":8,"amount":200}],"changedObstacles":[]},{"players":[{"playerId":2451397,"score":1200,"energy":30,"posx":9,"posy":1,"lastAction":5,"status":0},{"playerId":2277,"score":1175,"energy":38,"posx":4,"posy":4,"lastAction":0,"status":0},{"playerId":2441331,"score":1600,"energy":29,"posx":5,"posy":1,"lastAction":4,"status":0},{"playerId":1168092,"score":1325,"energy":3,"posx":5,"posy":5,"lastAction":0,"status":0}],"golds":[{"posx":5,"posy":1,"amount":350},{"posx":9,"posy":1,"amount":200},{"posx":0,"posy":2,"amount":50},{"posx":2,"posy":5,"amount":650},{"posx":0,"posy":6,"amount":750},{"posx":9,"posy":8,"amount":200},{"posx":11,"posy":8,"amount":200}],"changedObstacles":[]},{"players":[{"playerId":2451397,"score":1250,"energy":25,"posx":9,"posy":1,"lastAction":5,"status":0},{"playerId":2277,"score":1175,"energy":37,"posx":3,"posy":4,"lastAction":0,"status":0},{"playerId":2441331,"score":1600,"energy":50,"posx":5,"posy":1,"lastAction":4,"status":0},{"playerId":1168092,"score":1325,"energy":15,"posx":5,"posy":5,"lastAction":4,"status":0}],"golds":[{"posx":5,"posy":1,"amount":350},{"posx":9,"posy":1,"amount":150},{"posx":0,"posy":2,"amount":50},{"posx":2,"posy":5,"amount":650},{"posx":0,"posy":6,"amount":750},{"posx":9,"posy":8,"amount":200},{"posx":11,"posy":8,"amount":200}],"changedObstacles":[]},{"players":[{"playerId":2451397,"score":1300,"energy":20,"posx":9,"posy":1,"lastAction":5,"status":0},{"playerId":2277,"score":1175,"energy":36,"posx":2,"posy":4,"lastAction":0,"status":0},{"playerId":2441331,"score":1650,"energy":45,"posx":5,"posy":1,"lastAction":5,"status":0},{"playerId":1168092,"score":1325,"energy":31,"posx":5,"posy":5,"lastAction":4,"status":0}],"golds":[{"posx":5,"posy":1,"amount":300},{"posx":9,"posy":1,"amount":100},{"posx":0,"posy":2,"amount":50},{"posx":2,"posy":5,"amount":650},{"posx":0,"posy":6,"amount":750},{"posx":9,"posy":8,"amount":200},{"posx":11,"posy":8,"amount":200}],"changedObstacles":[]},{"players":[{"playerId":2451397,"score":1350,"energy":15,"posx":9,"posy":1,"lastAction":5,"status":0},{"playerId":2277,"score":1175,"energy":32,"posx":2,"posy":5,"lastAction":3,"status":0},{"playerId":2441331,"score":1700,"energy":40,"posx":5,"posy":1,"lastAction":5,"status":0},{"playerId":1168092,"score":1325,"energy":23,"posx":4,"posy":5,"lastAction":0,"status":0}],"golds":[{"posx":5,"posy":1,"amount":250},{"posx":9,"posy":1,"amount":50},{"posx":0,"posy":2,"amount":50},{"posx":2,"posy":5,"amount":650},{"posx":0,"posy":6,"amount":750},{"posx":9,"posy":8,"amount":200},{"posx":11,"posy":8,"amount":200}],"changedObstacles":[]},{"players":[{"playerId":2451397,"score":1400,"energy":10,"posx":9,"posy":1,"lastAction":5,"status":0},{"playerId":2277,"score":1225,"energy":27,"posx":2,"posy":5,"lastAction":5,"status":0},{"playerId":2441331,"score":1750,"energy":35,"posx":5,"posy":1,"lastAction":5,"status":0},{"playerId":1168092,"score":1325,"energy":13,"posx":3,"posy":5,"lastAction":0,"status":0}],"golds":[{"posx":5,"posy":1,"amount":200},{"posx":0,"posy":2,"amount":50},{"posx":2,"posy":5,"amount":600},{"posx":0,"posy":6,"amount":750},{"posx":9,"posy":8,"amount":200},{"posx":11,"posy":8,"amount":200}],"changedObstacles":[{"type":0,"posx":3,"posy":5,"value":-1},{"type":0,"posx":9,"posy":1,"value":-1}]},{"players":[{"playerId":2451397,"score":1400,"energy":9,"posx":9,"posy":2,"lastAction":3,"status":0},{"playerId":2277,"score":1275,"energy":22,"posx":2,"posy":5,"lastAction":5,"status":0},{"playerId":2441331,"score":1800,"energy":30,"posx":5,"posy":1,"lastAction":5,"status":0},{"playerId":1168092,"score":1325,"energy":9,"posx":2,"posy":5,"lastAction":0,"status":0}],"golds":[{"posx":5,"posy":1,"amount":150},{"posx":0,"posy":2,"amount":50},{"posx":2,"posy":5,"amount":550},{"posx":0,"posy":6,"amount":750},{"posx":9,"posy":8,"amount":200},{"posx":11,"posy":8,"amount":200}],"changedObstacles":[]},{"players":[{"playerId":2451397,"score":1400,"energy":8,"posx":9,"posy":3,"lastAction":3,"status":0},{"playerId":2277,"score":1325,"energy":17,"posx":2,"posy":5,"lastAction":5,"status":0},{"playerId":2441331,"score":1850,"energy":25,"posx":5,"posy":1,"lastAction":5,"status":0},{"playerId":1168092,"score":1375,"energy":4,"posx":2,"posy":5,"lastAction":5,"status":0}],"golds":[{"posx":5,"posy":1,"amount":100},{"posx":0,"posy":2,"amount":50},{"posx":2,"posy":5,"amount":450},{"posx":0,"posy":6,"amount":750},{"posx":9,"posy":8,"amount":200},{"posx":11,"posy":8,"amount":200}],"changedObstacles":[]},{"players":[{"playerId":2451397,"score":1400,"energy":7,"posx":8,"posy":3,"lastAction":0,"status":0},{"playerId":2277,"score":1375,"energy":12,"posx":2,"posy":5,"lastAction":5,"status":0},{"playerId":2441331,"score":1900,"energy":20,"posx":5,"posy":1,"lastAction":5,"status":0},{"playerId":1168092,"score":1375,"energy":16,"posx":2,"posy":5,"lastAction":4,"status":0}],"golds":[{"posx":5,"posy":1,"amount":50},{"posx":0,"posy":2,"amount":50},{"posx":2,"posy":5,"amount":400},{"posx":0,"posy":6,"amount":750},{"posx":9,"posy":8,"amount":200},{"posx":11,"posy":8,"amount":200}],"changedObstacles":[]},{"players":[{"playerId":2451397,"score":1400,"energy":6,"posx":7,"posy":3,"lastAction":0,"status":0},{"playerId":2277,"score":1425,"energy":7,"posx":2,"posy":5,"lastAction":5,"status":0},{"playerId":2441331,"score":1950,"energy":15,"posx":5,"posy":1,"lastAction":5,"status":0},{"playerId":1168092,"score":1425,"energy":11,"posx":2,"posy":5,"lastAction":5,"status":0}],"golds":[{"posx":0,"posy":2,"amount":50},{"posx":2,"posy":5,"amount":300},{"posx":0,"posy":6,"amount":750},{"posx":9,"posy":8,"amount":200},{"posx":11,"posy":8,"amount":200}],"changedObstacles":[{"type":0,"posx":5,"posy":1,"value":-1}]},{"players":[{"playerId":2451397,"score":1400,"energy":5,"posx":7,"posy":4,"lastAction":3,"status":0},{"playerId":2277,"score":1475,"energy":2,"posx":2,"posy":5,"lastAction":5,"status":0},{"playerId":2441331,"score":1950,"energy":14,"posx":5,"posy":2,"lastAction":3,"status":0},{"playerId":1168092,"score":1475,"energy":6,"posx":2,"posy":5,"lastAction":5,"status":0}],"golds":[{"posx":0,"posy":2,"amount":50},{"posx":2,"posy":5,"amount":200},{"posx":0,"posy":6,"amount":750},{"posx":9,"posy":8,"amount":200},{"posx":11,"posy":8,"amount":200}],"changedObstacles":[]},{"players":[{"playerId":2451397,"score":1400,"energy":4,"posx":6,"posy":4,"lastAction":0,"status":0},{"playerId":2277,"score":1475,"energy":14,"posx":2,"posy":5,"lastAction":4,"status":0},{"playerId":2441331,"score":1950,"energy":9,"posx":5,"posy":3,"lastAction":3,"status":0},{"playerId":1168092,"score":1525,"energy":1,"posx":2,"posy":5,"lastAction":5,"status":0}],"golds":[{"posx":0,"posy":2,"amount":50},{"posx":2,"posy":5,"amount":150},{"posx":0,"posy":6,"amount":750},{"posx":9,"posy":8,"amount":200},{"posx":11,"posy":8,"amount":200}],"changedObstacles":[{"type":3,"posx":5,"posy":3,"value":-20}]},{"players":[{"playerId":2451397,"score":1400,"energy":3,"posx":5,"posy":4,"lastAction":0,"status":0},{"playerId":2277,"score":1475,"energy":30,"posx":2,"posy":5,"lastAction":4,"status":0},{"playerId":2441331,"score":1950,"energy":8,"posx":4,"posy":3,"lastAction":0,"status":0},{"playerId":1168092,"score":1525,"energy":13,"posx":2,"posy":5,"lastAction":4,"status":0}],"golds":[{"posx":0,"posy":2,"amount":50},{"posx":2,"posy":5,"amount":150},{"posx":0,"posy":6,"amount":750},{"posx":9,"posy":8,"amount":200},{"posx":11,"posy":8,"amount":200}],"changedObstacles":[]},{"players":[{"playerId":2451397,"score":1400,"energy":2,"posx":4,"posy":4,"lastAction":0,"status":0},{"playerId":2277,"score":1475,"energy":50,"posx":2,"posy":5,"lastAction":4,"status":0},{"playerId":2441331,"score":1950,"energy":7,"posx":3,"posy":3,"lastAction":0,"status":0},{"playerId":1168092,"score":1575,"energy":8,"posx":2,"posy":5,"lastAction":5,"status":0}],"golds":[{"posx":0,"posy":2,"amount":50},{"posx":2,"posy":5,"amount":100},{"posx":0,"posy":6,"amount":750},{"posx":9,"posy":8,"amount":200},{"posx":11,"posy":8,"amount":200}],"changedObstacles":[]},{"players":[{"playerId":2451397,"score":1400,"energy":1,"posx":3,"posy":4,"lastAction":0,"status":0},{"playerId":2277,"score":1525,"energy":45,"posx":2,"posy":5,"lastAction":5,"status":0},{"playerId":2441331,"score":1950,"energy":6,"posx":2,"posy":3,"lastAction":0,"status":0},{"playerId":1168092,"score":1625,"energy":3,"posx":2,"posy":5,"lastAction":5,"status":0}],"golds":[{"posx":0,"posy":2,"amount":50},{"posx":0,"posy":6,"amount":750},{"posx":9,"posy":8,"amount":200},{"posx":11,"posy":8,"amount":200}],"changedObstacles":[{"type":0,"posx":2,"posy":5,"value":-1}]},{"players":[{"playerId":2451397,"score":1400,"energy":13,"posx":3,"posy":4,"lastAction":4,"status":0},{"playerId":2277,"score":1525,"energy":44,"posx":1,"posy":5,"lastAction":0,"status":0},{"playerId":2441331,"score":1950,"energy":5,"posx":1,"posy":3,"lastAction":0,"status":0},{"playerId":1168092,"score":1625,"energy":2,"posx":1,"posy":5,"lastAction":0,"status":0}],"golds":[{"posx":0,"posy":2,"amount":50},{"posx":0,"posy":6,"amount":750},{"posx":9,"posy":8,"amount":200},{"posx":11,"posy":8,"amount":200}],"changedObstacles":[]},{"players":[{"playerId":2451397,"score":1400,"energy":12,"posx":2,"posy":4,"lastAction":0,"status":0},{"playerId":2277,"score":1525,"energy":43,"posx":0,"posy":5,"lastAction":0,"status":0},{"playerId":2441331,"score":1950,"energy":4,"posx":1,"posy":4,"lastAction":3,"status":0},{"playerId":1168092,"score":1625,"energy":1,"posx":1,"posy":6,"lastAction":3,"status":0}],"golds":[{"posx":0,"posy":2,"amount":50},{"posx":0,"posy":6,"amount":750},{"posx":9,"posy":8,"amount":200},{"posx":11,"posy":8,"amount":200}],"changedObstacles":[]},{"players":[{"playerId":2451397,"score":1400,"energy":11,"posx":1,"posy":4,"lastAction":0,"status":0},{"playerId":2277,"score":1525,"energy":39,"posx":0,"posy":6,"lastAction":3,"status":0},{"playerId":2441331,"score":1950,"energy":3,"posx":1,"posy":5,"lastAction":3,"status":0},{"playerId":1168092,"score":1625,"energy":13,"posx":1,"posy":6,"lastAction":4,"status":0}],"golds":[{"posx":0,"posy":2,"amount":50},{"posx":0,"posy":6,"amount":750},{"posx":9,"posy":8,"amount":200},{"posx":11,"posy":8,"amount":200}],"changedObstacles":[]},{"players":[{"playerId":2451397,"score":1400,"energy":10,"posx":1,"posy":5,"lastAction":3,"status":0},{"playerId":2277,"score":1575,"energy":34,"posx":0,"posy":6,"lastAction":5,"status":0},{"playerId":2441331,"score":1950,"energy":2,"posx":0,"posy":5,"lastAction":0,"status":0},{"playerId":1168092,"score":1625,"energy":9,"posx":0,"posy":6,"lastAction":0,"status":0}],"golds":[{"posx":0,"posy":2,"amount":50},{"posx":0,"posy":6,"amount":700},{"posx":9,"posy":8,"amount":200},{"posx":11,"posy":8,"amount":200}],"changedObstacles":[]},{"players":[{"playerId":2451397,"score":1400,"energy":9,"posx":1,"posy":6,"lastAction":3,"status":0},{"playerId":2277,"score":1625,"energy":29,"posx":0,"posy":6,"lastAction":5,"status":0},{"playerId":2441331,"score":1950,"energy":14,"posx":0,"posy":5,"lastAction":4,"status":0},{"playerId":1168092,"score":1675,"energy":4,"posx":0,"posy":6,"lastAction":5,"status":0}],"golds":[{"posx":0,"posy":2,"amount":50},{"posx":0,"posy":6,"amount":600},{"posx":9,"posy":8,"amount":200},{"posx":11,"posy":8,"amount":200}],"changedObstacles":[]},{"players":[{"playerId":2451397,"score":1400,"energy":5,"posx":0,"posy":6,"lastAction":0,"status":0},{"playerId":2277,"score":1675,"energy":24,"posx":0,"posy":6,"lastAction":5,"status":0},{"playerId":2441331,"score":1950,"energy":10,"posx":0,"posy":6,"lastAction":3,"status":0},{"playerId":1168092,"score":1675,"energy":16,"posx":0,"posy":6,"lastAction":4,"status":0}],"golds":[{"posx":0,"posy":2,"amount":50},{"posx":0,"posy":6,"amount":550},{"posx":9,"posy":8,"amount":200},{"posx":11,"posy":8,"amount":200}],"changedObstacles":[]},{"players":[{"playerId":2451397,"score":1400,"energy":17,"posx":0,"posy":6,"lastAction":4,"status":0},{"playerId":2277,"score":1725,"energy":19,"posx":0,"posy":6,"lastAction":5,"status":0},{"playerId":2441331,"score":2000,"energy":5,"posx":0,"posy":6,"lastAction":5,"status":0},{"playerId":1168092,"score":1725,"energy":11,"posx":0,"posy":6,"lastAction":5,"status":0}],"golds":[{"posx":0,"posy":2,"amount":50},{"posx":0,"posy":6,"amount":400},{"posx":9,"posy":8,"amount":200},{"posx":11,"posy":8,"amount":200}],"changedObstacles":[]},{"players":[{"playerId":2451397,"score":1400,"energy":33,"posx":0,"posy":6,"lastAction":4,"status":0},{"playerId":2277,"score":1775,"energy":14,"posx":0,"posy":6,"lastAction":5,"status":0},{"playerId":2441331,"score":2000,"energy":17,"posx":0,"posy":6,"lastAction":4,"status":0},{"playerId":1168092,"score":1775,"energy":6,"posx":0,"posy":6,"lastAction":5,"status":0}],"golds":[{"posx":0,"posy":2,"amount":50},{"posx":0,"posy":6,"amount":300},{"posx":9,"posy":8,"amount":200},{"posx":11,"posy":8,"amount":200}],"changedObstacles":[]},{"players":[{"playerId":2451397,"score":1400,"energy":50,"posx":0,"posy":6,"lastAction":4,"status":0},{"playerId":2277,"score":1825,"energy":9,"posx":0,"posy":6,"lastAction":5,"status":0},{"playerId":2441331,"score":2050,"energy":12,"posx":0,"posy":6,"lastAction":5,"status":0},{"playerId":1168092,"score":1825,"energy":1,"posx":0,"posy":6,"lastAction":5,"status":0}],"golds":[{"posx":0,"posy":2,"amount":50},{"posx":0,"posy":6,"amount":150},{"posx":9,"posy":8,"amount":200},{"posx":11,"posy":8,"amount":200}],"changedObstacles":[]},{"players":[{"playerId":2451397,"score":1450,"energy":45,"posx":0,"posy":6,"lastAction":5,"status":0},{"playerId":2277,"score":1875,"energy":4,"posx":0,"posy":6,"lastAction":5,"status":0},{"playerId":2441331,"score":2100,"energy":7,"posx":0,"posy":6,"lastAction":5,"status":0},{"playerId":1168092,"score":1825,"energy":13,"posx":0,"posy":6,"lastAction":4,"status":0}],"golds":[{"posx":0,"posy":2,"amount":50},{"posx":9,"posy":8,"amount":200},{"posx":11,"posy":8,"amount":200}],"changedObstacles":[{"type":0,"posx":0,"posy":6,"value":-1}]},{"players":[{"playerId":2451397,"score":1450,"energy":44,"posx":0,"posy":7,"lastAction":3,"status":0},{"playerId":2277,"score":1875,"energy":16,"posx":0,"posy":6,"lastAction":4,"status":0},{"playerId":2441331,"score":2100,"energy":6,"posx":0,"posy":5,"lastAction":2,"status":0},{"playerId":1168092,"score":1825,"energy":12,"posx":0,"posy":5,"lastAction":2,"status":0}],"golds":[{"posx":0,"posy":2,"amount":50},{"posx":9,"posy":8,"amount":200},{"posx":11,"posy":8,"amount":200}],"changedObstacles":[]},{"players":[{"playerId":2451397,"score":1450,"energy":39,"posx":1,"posy":7,"lastAction":1,"status":0},{"playerId":2277,"score":1875,"energy":32,"posx":0,"posy":6,"lastAction":4,"status":0},{"playerId":2441331,"score":2100,"energy":18,"posx":0,"posy":5,"lastAction":4,"status":0},{"playerId":1168092,"score":1825,"energy":2,"posx":0,"posy":4,"lastAction":2,"status":0}],"golds":[{"posx":0,"posy":2,"amount":50},{"posx":9,"posy":8,"amount":200},{"posx":11,"posy":8,"amount":200}],"changedObstacles":[{"type":3,"posx":1,"posy":7,"value":-20},{"type":0,"posx":0,"posy":4,"value":-1}]},{"players":[{"playerId":2451397,"score":1450,"energy":28,"posx":2,"posy":7,"lastAction":1,"status":0},{"playerId":2277,"score":1875,"energy":50,"posx":0,"posy":6,"lastAction":4,"status":0},{"playerId":2441331,"score":2100,"energy":17,"posx":0,"posy":4,"lastAction":2,"status":0},{"playerId":1168092,"score":1825,"energy":1,"posx":0,"posy":3,"lastAction":2,"status":0}],"golds":[{"posx":0,"posy":2,"amount":50},{"posx":9,"posy":8,"amount":200},{"posx":11,"posy":8,"amount":200}],"changedObstacles":[]},{"players":[{"playerId":2451397,"score":1450,"energy":27,"posx":3,"posy":7,"lastAction":1,"status":0},{"playerId":2277,"score":1875,"energy":49,"posx":1,"posy":6,"lastAction":1,"status":0},{"playerId":2441331,"score":2100,"energy":16,"posx":0,"posy":3,"lastAction":2,"status":0},{"playerId":1168092,"score":1825,"energy":13,"posx":0,"posy":3,"lastAction":4,"status":0}],"golds":[{"posx":0,"posy":2,"amount":50},{"posx":9,"posy":8,"amount":200},{"posx":11,"posy":8,"amount":200}],"changedObstacles":[]},{"players":[{"playerId":2451397,"score":1450,"energy":17,"posx":4,"posy":7,"lastAction":1,"status":0},{"playerId":2277,"score":1875,"energy":31,"posx":2,"posy":6,"lastAction":1,"status":0},{"playerId":2441331,"score":2100,"energy":12,"posx":0,"posy":2,"lastAction":2,"status":0},{"playerId":1168092,"score":1825,"energy":9,"posx":0,"posy":2,"lastAction":2,"status":0}],"golds":[{"posx":0,"posy":2,"amount":50},{"posx":9,"posy":8,"amount":200},{"posx":11,"posy":8,"amount":200}],"changedObstacles":[{"type":0,"posx":4,"posy":7,"value":-1}]},{"players":[{"playerId":2451397,"score":1450,"energy":16,"posx":5,"posy":7,"lastAction":1,"status":0},{"playerId":2277,"score":1875,"energy":30,"posx":1,"posy":6,"lastAction":0,"status":0},{"playerId":2441331,"score":2125,"energy":7,"posx":0,"posy":2,"lastAction":5,"status":0},{"playerId":1168092,"score":1850,"energy":4,"posx":0,"posy":2,"lastAction":5,"status":0}],"golds":[{"posx":9,"posy":8,"amount":200},{"posx":11,"posy":8,"amount":200}],"changedObstacles":[{"type":0,"posx":0,"posy":2,"value":-1}]},{"players":[{"playerId":2451397,"score":1450,"energy":15,"posx":6,"posy":7,"lastAction":1,"status":0},{"playerId":2277,"score":1875,"energy":20,"posx":2,"posy":6,"lastAction":1,"status":0},{"playerId":2441331,"score":2125,"energy":6,"posx":0,"posy":3,"lastAction":3,"status":0},{"playerId":1168092,"score":1850,"energy":3,"posx":0,"posy":3,"lastAction":3,"status":0}],"golds":[{"posx":9,"posy":8,"amount":200},{"posx":11,"posy":8,"amount":200}],"changedObstacles":[]},{"players":[{"playerId":2451397,"score":1450,"energy":14,"posx":7,"posy":7,"lastAction":1,"status":0},{"playerId":2277,"score":1875,"energy":10,"posx":3,"posy":6,"lastAction":1,"status":0},{"playerId":2441331,"score":2125,"energy":5,"posx":1,"posy":3,"lastAction":1,"status":0},{"playerId":1168092,"score":1850,"energy":2,"posx":0,"posy":4,"lastAction":3,"status":0}],"golds":[{"posx":9,"posy":8,"amount":200},{"posx":11,"posy":8,"amount":200}],"changedObstacles":[{"type":0,"posx":3,"posy":6,"value":-1}]},{"players":[{"playerId":2451397,"score":1450,"energy":13,"posx":7,"posy":8,"lastAction":3,"status":0},{"playerId":2277,"score":1875,"energy":9,"posx":3,"posy":7,"lastAction":3,"status":0},{"playerId":2441331,"score":2125,"energy":4,"posx":2,"posy":3,"lastAction":1,"status":0},{"playerId":1168092,"score":1850,"energy":1,"posx":0,"posy":5,"lastAction":3,"status":0}],"golds":[{"posx":9,"posy":8,"amount":200},{"posx":11,"posy":8,"amount":200}],"changedObstacles":[]},{"players":[{"playerId":2451397,"score":1450,"energy":12,"posx":8,"posy":8,"lastAction":1,"status":0},{"playerId":2277,"score":1875,"energy":8,"posx":4,"posy":7,"lastAction":1,"status":0},{"playerId":2441331,"score":2125,"energy":3,"posx":3,"posy":3,"lastAction":1,"status":0},{"playerId":1168092,"score":1850,"energy":13,"posx":0,"posy":5,"lastAction":4,"status":0}],"golds":[{"posx":9,"posy":8,"amount":200},{"posx":11,"posy":8,"amount":200}],"changedObstacles":[]},{"players":[{"playerId":2451397,"score":1450,"energy":8,"posx":9,"posy":8,"lastAction":1,"status":0},{"playerId":2277,"score":1875,"energy":7,"posx":5,"posy":7,"lastAction":1,"status":0},{"playerId":2441331,"score":2125,"energy":2,"posx":4,"posy":3,"lastAction":1,"status":0},{"playerId":1168092,"score":1850,"energy":12,"posx":0,"posy":6,"lastAction":3,"status":0}],"golds":[{"posx":9,"posy":8,"amount":200},{"posx":11,"posy":8,"amount":200}],"changedObstacles":[]},{"players":[{"playerId":2451397,"score":1500,"energy":3,"posx":9,"posy":8,"lastAction":5,"status":0},{"playerId":2277,"score":1875,"energy":6,"posx":6,"posy":7,"lastAction":1,"status":0},{"playerId":2441331,"score":2125,"energy":1,"posx":4,"posy":4,"lastAction":3,"status":0},{"playerId":1168092,"score":1850,"energy":11,"posx":0,"posy":7,"lastAction":3,"status":0}],"golds":[{"posx":9,"posy":8,"amount":150},{"posx":11,"posy":8,"amount":200}],"changedObstacles":[]},{"players":[{"playerId":2451397,"score":1500,"energy":15,"posx":9,"posy":8,"lastAction":4,"status":0},{"playerId":2277,"score":1875,"energy":5,"posx":7,"posy":7,"lastAction":1,"status":0},{"playerId":2441331,"score":2125,"energy":13,"posx":4,"posy":4,"lastAction":4,"status":0},{"playerId":1168092,"score":1850,"energy":23,"posx":0,"posy":7,"lastAction":4,"status":0}],"golds":[{"posx":9,"posy":8,"amount":150},{"posx":11,"posy":8,"amount":200}],"changedObstacles":[]}]