[{"players":[{"playerId":67457,"score":0,"energy":40,"posx":18,"posy":7,"lastAction":1,"status":0},{"playerId":2450708,"score":0,"energy":40,"posx":18,"posy":7,"lastAction":1,"status":0},{"playerId":2370542,"score":0,"energy":50,"posx":17,"posy":7,"lastAction":4,"status":0},{"playerId":2241039,"score":0,"energy":40,"posx":18,"posy":7,"lastAction":1,"status":0}],"golds":[{"posx":6,"posy":4,"amount":450},{"posx":9,"posy":1,"amount":450},{"posx":18,"posy":3,"amount":250},{"posx":0,"posy":2,"amount":50},{"posx":20,"posy":7,"amount":700},{"posx":6,"posy":6,"amount":100},{"posx":7,"posy":1,"amount":150},{"posx":14,"posy":6,"amount":250},{"posx":6,"posy":7,"amount":50},{"posx":13,"posy":5,"amount":500},{"posx":9,"posy":8,"amount":200},{"posx":11,"posy":8,"amount":200},{"posx":7,"posy":2,"amount":700},{"posx":14,"posy":7,"amount":500},{"posx":15,"posy":3,"amount":250},{"posx":20,"posy":3,"amount":750},{"posx":10,"posy":6,"amount":400},{"posx":0,"posy":6,"amount":750},{"posx":2,"posy":5,"amount":650},{"posx":5,"posy":1,"amount":350}],"changedObstacles":[{"type":0,"posx":18,"posy":7,"value":-1}]},{"players":[{"playerId":67457,"score":0,"energy":39,"posx":19,"posy":7,"lastAction":1,"status":0},{"playerId":2450708,"score":0,"energy":39,"posx":19,"posy":7,"lastAction":1,"status":0},{"playerId":2370542,"score":0,"energy":50,"posx":17,"posy":7,"lastAction":4,"status":0},{"playerId":2241039,"score":0,"energy":39,"posx":19,"posy":7,"lastAction":1,"status":0}],"golds":[{"posx":6,"posy":4,"amount":450},{"posx":9,"posy":1,"amount":450},{"posx":18,"posy":3,"amount":250},{"posx":0,"posy":2,"amount":50},{"posx":20,"posy":7,"amount":700},{"posx":6,"posy":6,"amount":100},{"posx":7,"posy":1,"amount":150},{"posx":14,"posy":6,"amount":250},{"posx":6,"posy":7,"amount":50},{"posx":13,"posy":5,"amount":500},{"posx":9,"posy":8,"amount":200},{"posx":11,"posy":8,"amount":200},{"posx":7,"posy":2,"amount":700},{"posx":14,"posy":7,"amount":500},{"posx":15,"posy":3,"amount":250},{"posx":20,"posy":3,"amount":750},{"posx":10,"posy":6,"amount":400},{"posx":0,"posy":6,"amount":750},{"posx":2,"posy":5,"amount":650},{"posx":5,"posy":1,"amount":350}],"changedObstacles":[]},{"players":[{"playerId":67457,"score":0,"energy":35,"posx":20,"posy":7,"lastAction":1,"status":0},{"playerId":2450708,"score":0,"energy":35,"posx":20,"posy":7,"lastAction":1,"status":0},{"playerId":2370542,"score":0,"energy":50,"posx":17,"posy":7,"lastAction":4,"status":0},{"playerId":2241039,"score":0,"energy":35,"posx":20,"posy":7,"lastAction":1,"status":0}],"golds":[{"posx":6,"posy":4,"amount":450},{"posx":9,"posy":1,"amount":450},{"posx":18,"posy":3,"amount":250},{"posx":0,"posy":2,"amount":50},{"posx":20,"posy":7,"amount":700},{"posx":6,"posy":6,"amount":100},{"posx":7,"posy":1,"amount":150},{"posx":14,"posy":6,"amount":250},{"posx":6,"posy":7,"amount":50},{"posx":13,"posy":5,"amount":500},{"posx":9,"posy":8,"amount":200},{"posx":11,"posy":8,"amount":200},{"posx":7,"posy":2,"amount":700},{"posx":14,"posy":7,"amount":500},{"posx":15,"posy":3,"amount":250},{"posx":20,"posy":3,"amount":750},{"posx":10,"posy":6,"amount":400},{"posx":0,"posy":6,"amount":750},{"posx":2,"posy":5,"amount":650},{"posx":5,"posy":1,"amount":350}],"changedObstacles":[]},{"players":[{"playerId":67457,"score":50,"energy":30,"posx":20,"posy":7,"lastAction":5,"status":0},{"playerId":2450708,"score":50,"energy":30,"posx":20,"posy":7,"lastAction":5,"status":0},{"playerId":2370542,"score":0,"energy":50,"posx":17,"posy":7,"lastAction":4,"status":0},{"playerId":2241039,"score":50,"energy":30,"posx":20,"posy":7,"lastAction":5,"status":0}],"golds":[{"posx":5,"posy":1,"amount":350},{"posx":7,"posy":1,"amount":150},{"posx":9,"posy":1,"amount":450},{"posx":0,"posy":2,"amount":50},{"posx":7,"posy":2,"amount":700},{"posx":15,"posy":3,"amount":250},{"posx":18,"posy":3,"amount":250},{"posx":20,"posy":3,"amount":750},{"posx":6,"posy":4,"amount":450},{"posx":2,"posy":5,"amount":650},{"posx":13,"posy":5,"amount":500},{"posx":0,"posy":6,"amount":750},{"posx":6,"posy":6,"amount":100},{"posx":10,"posy":6,"amount":400},{"posx":14,"posy":6,"amount":250},{"posx":6,"posy":7,"amount":50},{"posx":14,"posy":7,"amount":500},{"posx":20,"posy":7,"amount":550},{"posx":9,"posy":8,"amount":200},{"posx":11,"posy":8,"amount":200}],"changedObstacles":[]},{"players":[{"playerId":67457,"score":100,"energy":25,"posx":20,"posy":7,"lastAction":5,"status":0},{"playerId":2450708,"score":100,"energy":25,"posx":20,"posy":7,"lastAction":5,"status":0},{"playerId":2370542,"score":0,"energy":50,"posx":17,"posy":7,"lastAction":4,"status":0},{"playerId":2241039,"score":100,"energy":25,"posx":20,"posy":7,"lastAction":5,"status":0}],"golds":[{"posx":5,"posy":1,"amount":350},{"posx":7,"posy":1,"amount":150},{"posx":9,"posy":1,"amount":450},{"posx":0,"posy":2,"amount":50},{"posx":7,"posy":2,"amount":700},{"posx":15,"posy":3,"amount":250},{"posx":18,"posy":3,"amount":250},{"posx":20,"posy":3,"amount":750},{"posx":6,"posy":4,"amount":450},{"posx":2,"posy":5,"amount":650},{"posx":13,"posy":5,"amount":500},{"posx":0,"posy":6,"amount":750},{"posx":6,"posy":6,"amount":100},{"posx":10,"posy":6,"amount":400},{"posx":14,"posy":6,"amount":250},{"posx":6,"posy":7,"amount":50},{"posx":14,"posy":7,"amount":500},{"posx":20,"posy":7,"amount":400},{"posx":9,"posy":8,"amount":200},{"posx":11,"posy":8,"amount":200}],"changedObstacles":[]},{"players":[{"playerId":67457,"score":150,"energy":20,"posx":20,"posy":7,"lastAction":5,"status":0},{"playerId":2450708,"score":150,"energy":20,"posx":20,"posy":7,"lastAction":5,"status":0},{"playerId":2370542,"score":0,"energy":50,"posx":17,"posy":7,"lastAction":4,"status":0},{"playerId":2241039,"score":150,"energy":20,"posx":20,"posy":7,"lastAction":5,"status":0}],"golds":[{"posx":5,"posy":1,"amount":350},{"posx":7,"posy":1,"amount":150},{"posx":9,"posy":1,"amount":450},{"posx":0,"posy":2,"amount":50},{"posx":7,"posy":2,"amount":700},{"posx":15,"posy":3,"amount":250},{"posx":18,"posy":3,"amount":250},{"posx":20,"posy":3,"amount":750},{"posx":6,"posy":4,"amount":450},{"posx":2,"posy":5,"amount":650},{"posx":13,"posy":5,"amount":500},{"posx":0,"posy":6,"amount":750},{"posx":6,"posy":6,"amount":100},{"posx":10,"posy":6,"amount":400},{"posx":14,"posy":6,"amount":250},{"posx":6,"posy":7,"amount":50},{"posx":14,"posy":7,"amount":500},{"posx":20,"posy":7,"amount":250},{"posx":9,"posy":8,"amount":200},{"posx":11,"posy":8,"amount":200}],"changedObstacles":[]},{"players":[{"playerId":67457,"score":200,"energy":15,"posx":20,"posy":7,"lastAction":5,"status":0},{"playerId":2450708,"score":200,"energy":15,"posx":20,"posy":7,"lastAction":5,"status":0},{"playerId":2370542,"score":0,"energy":50,"posx":17,"posy":7,"lastAction":4,"status":0},{"playerId":2241039,"score":200,"energy":15,"posx":20,"posy":7,"lastAction":5,"status":0}],"golds":[{"posx":5,"posy":1,"amount":350},{"posx":7,"posy":1,"amount":150},{"posx":9,"posy":1,"amount":450},{"posx":0,"posy":2,"amount":50},{"posx":7,"posy":2,"amount":700},{"posx":15,"posy":3,"amount":250},{"posx":18,"posy":3,"amount":250},{"posx":20,"posy":3,"amount":750},{"posx":6,"posy":4,"amount":450},{"posx":2,"posy":5,"amount":650},{"posx":13,"posy":5,"amount":500},{"posx":0,"posy":6,"amount":750},{"posx":6,"posy":6,"amount":100},{"posx":10,"posy":6,"amount":400},{"posx":14,"posy":6,"amount":250},{"posx":6,"posy":7,"amount":50},{"posx":14,"posy":7,"amount":500},{"posx":20,"posy":7,"amount":100},{"posx":9,"posy":8,"amount":200},{"posx":11,"posy":8,"amount":200}],"changedObstacles":[]},{"players":[{"playerId":67457,"score":200,"energy":14,"posx":20,"posy":6,"lastAction":2,"status":0},{"playerId":2450708,"score":250,"energy":10,"posx":20,"posy":7,"lastAction":5,"status":0},{"playerId":2370542,"score":0,"energy":50,"posx":17,"posy":7,"lastAction":4,"status":0},{"playerId":2241039,"score":250,"energy":10,"posx":20,"posy":7,"lastAction":5,"status":0}],"golds":[{"posx":5,"posy":1,"amount":350},{"posx":7,"posy":1,"amount":150},{"posx":9,"posy":1,"amount":450},{"posx":0,"posy":2,"amount":50},{"posx":7,"posy":2,"amount":700},{"posx":15,"posy":3,"amount":250},{"posx":18,"posy":3,"amount":250},{"posx":20,"posy":3,"amount":750},{"posx":6,"posy":4,"amount":450},{"posx":2,"posy":5,"amount":650},{"posx":13,"posy":5,"amount":500},{"posx":0,"posy":6,"amount":750},{"posx":6,"posy":6,"amount":100},{"posx":10,"posy":6,"amount":400},{"posx":14,"posy":6,"amount":250},{"posx":6,"posy":7,"amount":50},{"posx":14,"posy":7,"amount":500},{"posx":9,"posy":8,"amount":200},{"posx":11,"posy":8,"amount":200}],"changedObstacles":[{"type":0,"posx":20,"posy":7,"value":-1}]},{"players":[{"playerId":67457,"score":200,"energy":26,"posx":20,"posy":6,"lastAction":4,"status":0},{"playerId":2450708,"score":250,"energy":9,"posx":20,"posy":6,"lastAction":2,"status":0},{"playerId":2370542,"score":0,"energy":50,"posx":17,"posy":7,"lastAction":4,"status":0},{"playerId":2241039,"score":250,"energy":22,"posx":20,"posy":7,"lastAction":4,"status":0}],"golds":[{"posx":5,"posy":1,"amount":350},{"posx":7,"posy":1,"amount":150},{"posx":9,"posy":1,"amount":450},{"posx":0,"posy":2,"amount":50},{"posx":7,"posy":2,"amount":700},{"posx":15,"posy":3,"amount":250},{"posx":18,"posy":3,"amount":250},{"posx":20,"posy":3,"amount":750},{"posx":6,"posy":4,"amount":450},{"posx":2,"posy":5,"amount":650},{"posx":13,"posy":5,"amount":500},{"posx":0,"posy":6,"amount":750},{"posx":6,"posy":6,"amount":100},{"posx":10,"posy":6,"amount":400},{"posx":14,"posy":6,"amount":250},{"posx":6,"posy":7,"amount":50},{"posx":14,"posy":7,"amount":500},{"posx":9,"posy":8,"amount":200},{"posx":11,"posy":8,"amount":200}],"changedObstacles":[]},{"players":[{"playerId":67457,"score":200,"energy":42,"posx":20,"posy":6,"lastAction":4,"status":0},{"playerId":2450708,"score":250,"energy":21,"posx":20,"posy":6,"lastAction":4,"status":0},{"playerId":2370542,"score":0,"energy":50,"posx":17,"posy":7,"lastAction":4,"status":0},{"playerId":2241039,"score":250,"energy":21,"posx":20,"posy":6,"lastAction":2,"status":0}],"golds":[{"posx":5,"posy":1,"amount":350},{"posx":7,"posy":1,"amount":150},{"posx":9,"posy":1,"amount":450},{"posx":0,"posy":2,"amount":50},{"posx":7,"posy":2,"amount":700},{"posx":15,"posy":3,"amount":250},{"posx":18,"posy":3,"amount":250},{"posx":20,"posy":3,"amount":750},{"posx":6,"posy":4,"amount":450},{"posx":2,"posy":5,"amount":650},{"posx":13,"posy":5,"amount":500},{"posx":0,"posy":6,"amount":750},{"posx":6,"posy":6,"amount":100},{"posx":10,"posy":6,"amount":400},{"posx":14,"posy":6,"amount":250},{"posx":6,"posy":7,"amount":50},{"posx":14,"posy":7,"amount":500},{"posx":9,"posy":8,"amount":200},{"posx":11,"posy":8,"amount":200}],"changedObstacles":[]},{"players":[{"playerId":67457,"score":200,"energy":31,"posx":20,"posy":5,"lastAction":2,"status":0},{"playerId":2450708,"score":250,"energy":37,"posx":20,"posy":6,"lastAction":4,"status":0},{"playerId":2370542,"score":0,"energy":50,"posx":17,"posy":7,"lastAction":4,"status":0},{"playerId":2241039,"score":250,"energy":14,"posx":20,"posy":5,"lastAction":2,"status":0}],"golds":[{"posx":5,"posy":1,"amount":350},{"posx":7,"posy":1,"amount":150},{"posx":9,"posy":1,"amount":450},{"posx":0,"posy":2,"amount":50},{"posx":7,"posy":2,"amount":700},{"posx":15,"posy":3,"amount":250},{"posx":18,"posy":3,"amount":250},{"posx":20,"posy":3,"amount":750},{"posx":6,"posy":4,"amount":450},{"posx":2,"posy":5,"amount":650},{"posx":13,"posy":5,"amount":500},{"posx":0,"posy":6,"amount":750},{"posx":6,"posy":6,"amount":100},{"posx":10,"posy":6,"amount":400},{"posx":14,"posy":6,"amount":250},{"posx":6,"posy":7,"amount":50},{"posx":14,"posy":7,"amount":500},{"posx":9,"posy":8,"amount":200},{"posx":11,"posy":8,"amount":200}],"changedObstacles":[]},{"players":[{"playerId":67457,"score":200,"energy":30,"posx":20,"posy":4,"lastAction":2,"status":0},{"playerId":2450708,"score":250,"energy":28,"posx":20,"posy":5,"lastAction":2,"status":0},{"playerId":2370542,"score":0,"energy":50,"posx":17,"posy":7,"lastAction":4,"status":0},{"playerId":2241039,"score":250,"energy":13,"posx":20,"posy":4,"lastAction":2,"status":0}],"golds":[{"posx":5,"posy":1,"amount":350},{"posx":7,"posy":1,"amount":150},{"posx":9,"posy":1,"amount":450},{"posx":0,"posy":2,"amount":50},{"posx":7,"posy":2,"amount":700},{"posx":15,"posy":3,"amount":250},{"posx":18,"posy":3,"amount":250},{"posx":20,"posy":3,"amount":750},{"posx":6,"posy":4,"amount":450},{"posx":2,"posy":5,"amount":650},{"posx":13,"posy":5,"amount":500},{"posx":0,"posy":6,"amount":750},{"posx":6,"posy":6,"amount":100},{"posx":10,"posy":6,"amount":400},{"posx":14,"posy":6,"amount":250},{"posx":6,"posy":7,"amount":50},{"posx":14,"posy":7,"amount":500},{"posx":9,"posy":8,"amount":200},{"posx":11,"posy":8,"amount":200}],"changedObstacles":[]},{"players":[{"playerId":67457,"score":200,"energy":26,"posx":20,"posy":3,"lastAction":2,"status":0},{"playerId":2450708,"score":250,"energy":27,"posx":20,"posy":4,"lastAction":2,"status":0},{"playerId":2370542,"score":0,"energy":50,"posx":17,"posy":7,"lastAction":4,"status":0},{"playerId":2241039,"score":250,"energy":25,"posx":20,"posy":4,"lastAction":4,"status":0}],"golds":[{"posx":5,"posy":1,"amount":350},{"posx":7,"posy":1,"amount":150},{"posx":9,"posy":1,"amount":450},{"posx":0,"posy":2,"amount":50},{"posx":7,"posy":2,"amount":700},{"posx":15,"posy":3,"amount":250},{"posx":18,"posy":3,"amount":250},{"posx":20,"posy":3,"amount":750},{"posx":6,"posy":4,"amount":450},{"posx":2,"posy":5,"amount":650},{"posx":13,"posy":5,"amount":500},{"posx":0,"posy":6,"amount":750},{"posx":6,"posy":6,"amount":100},{"posx":10,"posy":6,"amount":400},{"posx":14,"posy":6,"amount":250},{"posx":6,"posy":7,"amount":50},{"posx":14,"posy":7,"amount":500},{"posx":9,"posy":8,"amount":200},{"posx":11,"posy":8,"amount":200}],"changedObstacles":[]},{"players":[{"playerId":67457,"score":250,"energy":21,"posx":20,"posy":3,"lastAction":5,"status":0},{"playerId":2450708,"score":250,"energy":23,"posx":20,"posy":3,"lastAction":2,"status":0},{"playerId":2370542,"score":0,"energy":50,"posx":17,"posy":7,"lastAction":4,"status":0},{"playerId":2241039,"score":250,"energy":21,"posx":20,"posy":3,"lastAction":2,"status":0}],"golds":[{"posx":5,"posy":1,"amount":350},{"posx":7,"posy":1,"amount":150},{"posx":9,"posy":1,"amount":450},{"posx":0,"posy":2,"amount":50},{"posx":7,"posy":2,"amount":700},{"posx":15,"posy":3,"amount":250},{"posx":18,"posy":3,"amount":250},{"posx":20,"posy":3,"amount":700},{"posx":6,"posy":4,"amount":450},{"posx":2,"posy":5,"amount":650},{"posx":13,"posy":5,"amount":500},{"posx":0,"posy":6,"amount":750},{"posx":6,"posy":6,"amount":100},{"posx":10,"posy":6,"amount":400},{"posx":14,"posy":6,"amount":250},{"posx":6,"posy":7,"amount":50},{"posx":14,"posy":7,"amount":500},{"posx":9,"posy":8,"amount":200},{"posx":11,"posy":8,"amount":200}],"changedObstacles":[]},{"players":[{"playerId":67457,"score":300,"energy":16,"posx":20,"posy":3,"lastAction":5,"status":0},{"playerId":2450708,"score":300,"energy":18,"posx":20,"posy":3,"lastAction":5,"status":0},{"playerId":2370542,"score":0,"energy":50,"posx":17,"posy":7,"lastAction":4,"status":0},{"playerId":2241039,"score":300,"energy":16,"posx":20,"posy":3,"lastAction":5,"status":0}],"golds":[{"posx":5,"posy":1,"amount":350},{"posx":7,"posy":1,"amount":150},{"posx":9,"posy":1,"amount":450},{"posx":0,"posy":2,"amount":50},{"posx":7,"posy":2,"amount":700},{"posx":15,"posy":3,"amount":250},{"posx":18,"posy":3,"amount":250},{"posx":20,"posy":3,"amount":550},{"posx":6,"posy":4,"amount":450},{"posx":2,"posy":5,"amount":650},{"posx":13,"posy":5,"amount":500},{"posx":0,"posy":6,"amount":750},{"posx":6,"posy":6,"amount":100},{"posx":10,"posy":6,"amount":400},{"posx":14,"posy":6,"amount":250},{"posx":6,"posy":7,"amount":50},{"posx":14,"posy":7,"amount":500},{"posx":9,"posy":8,"amount":200},{"posx":11,"posy":8,"amount":200}],"changedObstacles":[]},{"players":[{"playerId":67457,"score":350,"energy":11,"posx":20,"posy":3,"lastAction":5,"status":0},{"playerId":2450708,"score":350,"energy":13,"posx":20,"posy":3,"lastAction":5,"status":0},{"playerId":2370542,"score":0,"energy":50,"posx":17,"posy":7,"lastAction":4,"status":0},{"playerId":2241039,"score":350,"energy":11,"posx":20,"posy":3,"lastAction":5,"status":0}],"golds":[{"posx":5,"posy":1,"amount":350},{"posx":7,"posy":1,"amount":150},{"posx":9,"posy":1,"amount":450},{"posx":0,"posy":2,"amount":50},{"posx":7,"posy":2,"amount":700},{"posx":15,"posy":3,"amount":250},{"posx":18,"posy":3,"amount":250},{"posx":20,"posy":3,"amount":400},{"posx":6,"posy":4,"amount":450},{"posx":2,"posy":5,"amount":650},{"posx":13,"posy":5,"amount":500},{"posx":0,"posy":6,"amount":750},{"posx":6,"posy":6,"amount":100},{"posx":10,"posy":6,"amount":400},{"posx":14,"posy":6,"amount":250},{"posx":6,"posy":7,"amount":50},{"posx":14,"posy":7,"amount":500},{"posx":9,"posy":8,"amount":200},{"posx":11,"posy":8,"amount":200}],"changedObstacles":[]},{"players":[{"playerId":67457,"score":400,"energy":6,"posx":20,"posy":3,"lastAction":5,"status":0},{"playerId":2450708,"score":400,"energy":8,"posx":20,"posy":3,"lastAction":5,"status":0},{"playerId":2370542,"score":0,"energy":50,"posx":17,"posy":7,"lastAction":4,"status":0},{"playerId":2241039,"score":400,"energy":6,"posx":20,"posy":3,"lastAction":5,"status":0}],"golds":[{"posx":5,"posy":1,"amount":350},{"posx":7,"posy":1,"amount":150},{"posx":9,"posy":1,"amount":450},{"posx":0,"posy":2,"amount":50},{"posx":7,"posy":2,"amount":700},{"posx":15,"posy":3,"amount":250},{"posx":18,"posy":3,"amount":250},{"posx":20,"posy":3,"amount":250},{"posx":6,"posy":4,"amount":450},{"posx":2,"posy":5,"amount":650},{"posx":13,"posy":5,"amount":500},{"posx":0,"posy":6,"amount":750},{"posx":6,"posy":6,"amount":100},{"posx":10,"posy":6,"amount":400},{"posx":14,"posy":6,"amount":250},{"posx":6,"posy":7,"amount":50},{"posx":14,"posy":7,"amount":500},{"posx":9,"posy":8,"amount":200},{"posx":11,"posy":8,"amount":200}],"changedObstacles":[]},{"players":[{"playerId":67457,"score":450,"energy":1,"posx":20,"posy":3,"lastAction":5,"status":0},{"playerId":2450708,"score":450,"energy":3,"posx":20,"posy":3,"lastAction":5,"status":0},{"playerId":2370542,"score":0,"energy":50,"posx":17,"posy":7,"lastAction":4,"status":0},{"playerId":2241039,"score":450,"energy":1,"posx":20,"posy":3,"lastAction":5,"status":0}],"golds":[{"posx":5,"posy":1,"amount":350},{"posx":7,"posy":1,"amount":150},{"posx":9,"posy":1,"amount":450},{"posx":0,"posy":2,"amount":50},{"posx":7,"posy":2,"amount":700},{"posx":15,"posy":3,"amount":250},{"posx":18,"posy":3,"amount":250},{"posx":20,"posy":3,"amount":100},{"posx":6,"posy":4,"amount":450},{"posx":2,"posy":5,"amount":650},{"posx":13,"posy":5,"amount":500},{"posx":0,"posy":6,"amount":750},{"posx":6,"posy":6,"amount":100},{"posx":10,"posy":6,"amount":400},{"posx":14,"posy":6,"amount":250},{"posx":6,"posy":7,"amount":50},{"posx":14,"posy":7,"amount":500},{"posx":9,"posy":8,"amount":200},{"posx":11,"posy":8,"amount":200}],"changedObstacles":[]},{"players":[{"playerId":67457,"score":450,"energy":13,"posx":20,"posy":3,"lastAction":4,"status":0},{"playerId":2450708,"score":450,"energy":15,"posx":20,"posy":3,"lastAction":4,"status":0},{"playerId":2370542,"score":0,"energy":40,"posx":17,"posy":7,"lastAction":5,"status":0},{"playerId":2241039,"score":450,"energy":13,"posx":20,"posy":3,"lastAction":4,"status":0}],"golds":[{"posx":5,"posy":1,"amount":350},{"posx":7,"posy":1,"amount":150},{"posx":9,"posy":1,"amount":450},{"posx":0,"posy":2,"amount":50},{"posx":7,"posy":2,"amount":700},{"posx":15,"posy":3,"amount":250},{"posx":18,"posy":3,"amount":250},{"posx":20,"posy":3,"amount":100},{"posx":6,"posy":4,"amount":450},{"posx":2,"posy":5,"amount":650},{"posx":13,"posy":5,"amount":500},{"posx":0,"posy":6,"amount":750},{"posx":6,"posy":6,"amount":100},{"posx":10,"posy":6,"amount":400},{"posx":14,"posy":6,"amount":250},{"posx":6,"posy":7,"amount":50},{"posx":14,"posy":7,"amount":500},{"posx":9,"posy":8,"amount":200},{"posx":11,"posy":8,"amount":200}],"changedObstacles":[]},{"players":[{"playerId":67457,"score":450,"energy":12,"posx":19,"posy":3,"lastAction":0,"status":0},{"playerId":2450708,"score":450,"energy":31,"posx":20,"posy":3,"lastAction":4,"status":0},{"playerId":2370542,"score":0,"energy":50,"posx":17,"posy":7,"lastAction":4,"status":0},{"playerId":2241039,"score":500,"energy":8,"posx":20,"posy":3,"lastAction":5,"status":0}],"golds":[{"posx":5,"posy":1,"amount":350},{"posx":7,"posy":1,"amount":150},{"posx":9,"posy":1,"amount":450},{"posx":0,"posy":2,"amount":50},{"posx":7,"posy":2,"amount":700},{"posx":15,"posy":3,"amount":250},{"posx":18,"posy":3,"amount":250},{"posx":20,"posy":3,"amount":50},{"posx":6,"posy":4,"amount":450},{"posx":2,"posy":5,"amount":650},{"posx":13,"posy":5,"amount":500},{"posx":0,"posy":6,"amount":750},{"posx":6,"posy":6,"amount":100},{"posx":10,"posy":6,"amount":400},{"posx":14,"posy":6,"amount":250},{"posx":6,"posy":7,"amount":50},{"posx":14,"posy":7,"amount":500},{"posx":9,"posy":8,"amount":200},{"posx":11,"posy":8,"amount":200}],"changedObstacles":[]},{"players":[{"playerId":67457,"score":450,"energy":8,"posx":18,"posy":3,"lastAction":0,"status":0},{"playerId":2450708,"score":450,"energy":50,"posx":20,"posy":3,"lastAction":4,"status":0},{"playerId":2370542,"score":0,"energy":50,"posx":17,"posy":7,"lastAction":4,"status":0},{"playerId":2241039,"score":550,"energy":3,"posx":20,"posy":3,"lastAction":5,"status":0}],"golds":[{"posx":5,"posy":1,"amount":350},{"posx":7,"posy":1,"amount":150},{"posx":9,"posy":1,"amount":450},{"posx":0,"posy":2,"amount":50},{"posx":7,"posy":2,"amount":700},{"posx":15,"posy":3,"amount":250},{"posx":18,"posy":3,"amount":250},{"posx":6,"posy":4,"amount":450},{"posx":2,"posy":5,"amount":650},{"posx":13,"posy":5,"amount":500},{"posx":0,"posy":6,"amount":750},{"posx":6,"posy":6,"amount":100},{"posx":10,"posy":6,"amount":400},{"posx":14,"posy":6,"amount":250},{"posx":6,"posy":7,"amount":50},{"posx":14,"posy":7,"amount":500},{"posx":9,"posy":8,"amount":200},{"posx":11,"posy":8,"amount":200}],"changedObstacles":[{"type":0,"posx":20,"posy":3,"value":-1}]},{"players":[{"playerId":67457,"score":500,"energy":3,"posx":18,"posy":3,"lastAction":5,"status":0},{"playerId":2450708,"score":450,"energy":49,"posx":19,"posy":3,"lastAction":0,"status":0},{"playerId":2370542,"score":0,"energy":50,"posx":17,"posy":7,"lastAction":4,"status":0},{"playerId":2241039,"score":550,"energy":15,"posx":20,"posy":3,"lastAction":4,"status":0}],"golds":[{"posx":5,"posy":1,"amount":350},{"posx":7,"posy":1,"amount":150},{"posx":9,"posy":1,"amount":450},{"posx":0,"posy":2,"amount":50},{"posx":7,"posy":2,"amount":700},{"posx":15,"posy":3,"amount":250},{"posx":18,"posy":3,"amount":200},{"posx":6,"posy":4,"amount":450},{"posx":2,"posy":5,"amount":650},{"posx":13,"posy":5,"amount":500},{"posx":0,"posy":6,"amount":750},{"posx":6,"posy":6,"amount":100},{"posx":10,"posy":6,"amount":400},{"posx":14,"posy":6,"amount":250},{"posx":6,"posy":7,"amount":50},{"posx":14,"posy":7,"amount":500},{"posx":9,"posy":8,"amount":200},{"posx":11,"posy":8,"amount":200}],"changedObstacles":[]},{"players":[{"playerId":67457,"score":500,"energy":15,"posx":18,"posy":3,"lastAction":4,"status":0},{"playerId":2450708,"score":450,"energy":48,"posx":19,"posy":4,"lastAction":3,"status":0},{"playerId":2370542,"score":0,"energy":50,"posx":17,"posy":7,"lastAction":4,"status":0},{"playerId":2241039,"score":550,"energy":14,"posx":20,"posy":4,"lastAction":3,"status":0}],"golds":[{"posx":5,"posy":1,"amount":350},{"posx":7,"posy":1,"amount":150},{"posx":9,"posy":1,"amount":450},{"posx":0,"posy":2,"amount":50},{"posx":7,"posy":2,"amount":700},{"posx":15,"posy":3,"amount":250},{"posx":18,"posy":3,"amount":200},{"posx":6,"posy":4,"amount":450},{"posx":2,"posy":5,"amount":650},{"posx":13,"posy":5,"amount":500},{"posx":0,"posy":6,"amount":750},{"posx":6,"posy":6,"amount":100},{"posx":10,"posy":6,"amount":400},{"posx":14,"posy":6,"amount":250},{"posx":6,"posy":7,"amount":50},{"posx":14,"posy":7,"amount":500},{"posx":9,"posy":8,"amount":200},{"posx":11,"posy":8,"amount":200}],"changedObstacles":[]},{"players":[{"playerId":67457,"score":500,"energy":31,"posx":18,"posy":3,"lastAction":4,"status":0},{"playerId":2450708,"score":450,"energy":43,"posx":18,"posy":4,"lastAction":0,"status":0},{"playerId":2370542,"score":0,"energy":50,"posx":17,"posy":7,"lastAction":4,"status":0},{"playerId":2241039,"score":550,"energy":13,"posx":19,"posy":4,"lastAction":0,"status":0}],"golds":[{"posx":5,"posy":1,"amount":350},{"posx":7,"posy":1,"amount":150},{"posx":9,"posy":1,"amount":450},{"posx":0,"posy":2,"amount":50},{"posx":7,"posy":2,"amount":700},{"posx":15,"posy":3,"amount":250},{"posx":18,"posy":3,"amount":200},{"posx":6,"posy":4,"amount":450},{"posx":2,"posy":5,"amount":650},{"posx":13,"posy":5,"amount":500},{"posx":0,"posy":6,"amount":750},{"posx":6,"posy":6,"amount":100},{"posx":10,"posy":6,"amount":400},{"posx":14,"posy":6,"amount":250},{"posx":6,"posy":7,"amount":50},{"posx":14,"posy":7,"amount":500},{"posx":9,"posy":8,"amount":200},{"posx":11,"posy":8,"amount":200}],"changedObstacles":[{"type":3,"posx":18,"posy":4,"value":-20}]},{"players":[{"playerId":67457,"score":500,"energy":50,"posx":18,"posy":3,"lastAction":4,"status":0},{"playerId":2450708,"score":450,"energy":42,"posx":17,"posy":4,"lastAction":0,"status":0},{"playerId":2370542,"score":0,"energy":50,"posx":17,"posy":7,"lastAction":4,"status":0},{"playerId":2241039,"score":550,"energy":12,"posx":19,"posy":3,"lastAction":2,"status":0}],"golds":[{"posx":5,"posy":1,"amount":350},{"posx":7,"posy":1,"amount":150},{"posx":9,"posy":1,"amount":450},{"posx":0,"posy":2,"amount":50},{"posx":7,"posy":2,"amount":700},{"posx":15,"posy":3,"amount":250},{"posx":18,"posy":3,"amount":200},{"posx":6,"posy":4,"amount":450},{"posx":2,"posy":5,"amount":650},{"posx":13,"posy":5,"amount":500},{"posx":0,"posy":6,"amount":750},{"posx":6,"posy":6,"amount":100},{"posx":10,"posy":6,"amount":400},{"posx":14,"posy":6,"amount":250},{"posx":6,"posy":7,"amount":50},{"posx":14,"posy":7,"amount":500},{"posx":9,"posy":8,"amount":200},{"posx":11,"posy":8,"amount":200}],"changedObstacles":[]},{"players":[{"playerId":67457,"score":550,"energy":45,"posx":18,"posy":3,"lastAction":5,"status":0},{"playerId":2450708,"score":450,"energy":41,"posx":16,"posy":4,"lastAction":0,"status":0},{"playerId":2370542,"score":0,"energy":40,"posx":17,"posy":7,"lastAction":5,"status":0},{"playerId":2241039,"score":550,"energy":11,"posx":19,"posy":2,"lastAction":2,"status":0}],"golds":[{"posx":5,"posy":1,"amount":350},{"posx":7,"posy":1,"amount":150},{"posx":9,"posy":1,"amount":450},{"posx":0,"posy":2,"amount":50},{"posx":7,"posy":2,"amount":700},{"posx":15,"posy":3,"amount":250},{"posx":18,"posy":3,"amount":150},{"posx":6,"posy":4,"amount":450},{"posx":2,"posy":5,"amount":650},{"posx":13,"posy":5,"amount":500},{"posx":0,"posy":6,"amount":750},{"posx":6,"posy":6,"amount":100},{"posx":10,"posy":6,"amount":400},{"posx":14,"posy":6,"amount":250},{"posx":6,"posy":7,"amount":50},{"posx":14,"posy":7,"amount":500},{"posx":9,"posy":8,"amount":200},{"posx":11,"posy":8,"amount":200}],"changedObstacles":[]},{"players":[{"playerId":67457,"score":600,"energy":40,"posx":18,"posy":3,"lastAction":5,"status":0},{"playerId":2450708,"score":450,"energy":40,"posx":15,"posy":4,"lastAction":0,"status":0},{"playerId":2370542,"score":0,"energy":30,"posx":17,"posy":7,"lastAction":5,"status":0},{"playerId":2241039,"score":550,"energy":10,"posx":19,"posy":1,"lastAction":2,"status":0}],"golds":[{"posx":5,"posy":1,"amount":350},{"posx":7,"posy":1,"amount":150},{"posx":9,"posy":1,"amount":450},{"posx":0,"posy":2,"amount":50},{"posx":7,"posy":2,"amount":700},{"posx":15,"posy":3,"amount":250},{"posx":18,"posy":3,"amount":100},{"posx":6,"posy":4,"amount":450},{"posx":2,"posy":5,"amount":650},{"posx":13,"posy":5,"amount":500},{"posx":0,"posy":6,"amount":750},{"posx":6,"posy":6,"amount":100},{"posx":10,"posy":6,"amount":400},{"posx":14,"posy":6,"amount":250},{"posx":6,"posy":7,"amount":50},{"posx":14,"posy":7,"amount":500},{"posx":9,"posy":8,"amount":200},{"posx":11,"posy":8,"amount":200}],"changedObstacles":[]},{"players":[{"playerId":67457,"score":650,"energy":35,"posx":18,"posy":3,"lastAction":5,"status":0},{"playerId":2450708,"score":450,"energy":39,"posx":15,"posy":5,"lastAction":3,"status":0},{"playerId":2370542,"score":0,"energy":20,"posx":17,"posy":7,"lastAction":5,"status":0},{"playerId":2241039,"score":550,"energy":5,"posx":18,"posy":1,"lastAction":0,"status":0}],"golds":[{"posx":5,"posy":1,"amount":350},{"posx":7,"posy":1,"amount":150},{"posx":9,"posy":1,"amount":450},{"posx":0,"posy":2,"amount":50},{"posx":7,"posy":2,"amount":700},{"posx":15,"posy":3,"amount":250},{"posx":18,"posy":3,"amount":50},{"posx":6,"posy":4,"amount":450},{"posx":2,"posy":5,"amount":650},{"posx":13,"posy":5,"amount":500},{"posx":0,"posy":6,"amount":750},{"posx":6,"posy":6,"amount":100},{"posx":10,"posy":6,"amount":400},{"posx":14,"posy":6,"amount":250},{"posx":6,"posy":7,"amount":50},{"posx":14,"posy":7,"amount":500},{"posx":9,"posy":8,"amount":200},{"posx":11,"posy":8,"amount":200}],"changedObstacles":[{"type":3,"posx":18,"posy":1,"value":-20}]},{"players":[{"playerId":67457,"score":700,"energy":30,"posx":18,"posy":3,"lastAction":5,"status":0},{"playerId":2450708,"score":450,"energy":38,"posx":14,"posy":5,"lastAction":0,"status":0},{"playerId":2370542,"score":0,"energy":10,"posx":17,"posy":7,"lastAction":5,"status":0},{"playerId":2241039,"score":550,"energy":17,"posx":18,"posy":1,"lastAction":4,"status":0}],"golds":[{"posx":5,"posy":1,"amount":350},{"posx":7,"posy":1,"amount":150},{"posx":9,"posy":1,"amount":450},{"posx":0,"posy":2,"amount":50},{"posx":7,"posy":2,"amount":700},{"posx":15,"posy":3,"amount":250},{"posx":6,"posy":4,"amount":450},{"posx":2,"posy":5,"amount":650},{"posx":13,"posy":5,"amount":500},{"posx":0,"posy":6,"amount":750},{"posx":6,"posy":6,"amount":100},{"posx":10,"posy":6,"amount":400},{"posx":14,"posy":6,"amount":250},{"posx":6,"posy":7,"amount":50},{"posx":14,"posy":7,"amount":500},{"posx":9,"posy":8,"amount":200},{"posx":11,"posy":8,"amount":200}],"changedObstacles":[{"type":0,"posx":18,"posy":3,"value":-1}]},{"players":[{"playerId":67457,"score":700,"energy":11,"posx":17,"posy":3,"lastAction":0,"status":0},{"playerId":2450708,"score":450,"energy":34,"posx":13,"posy":5,"lastAction":0,"status":0},{"playerId":2370542,"score":0,"energy":0,"posx":17,"posy":7,"lastAction":5,"status":2},{"playerId":2241039,"score":550,"energy":16,"posx":17,"posy":1,"lastAction":0,"status":0}],"golds":[{"posx":5,"posy":1,"amount":350},{"posx":7,"posy":1,"amount":150},{"posx":9,"posy":1,"amount":450},{"posx":0,"posy":2,"amount":50},{"posx":7,"posy":2,"amount":700},{"posx":15,"posy":3,"amount":250},{"posx":6,"posy":4,"amount":450},{"posx":2,"posy":5,"amount":650},{"posx":13,"posy":5,"amount":500},{"posx":0,"posy":6,"amount":750},{"posx":6,"posy":6,"amount":100},{"posx":10,"posy":6,"amount":400},{"posx":14,"posy":6,"amount":250},{"posx":6,"posy":7,"amount":50},{"posx":14,"posy":7,"amount":500},{"posx":9,"posy":8,"amount":200},{"posx":11,"posy":8,"amount":200}],"changedObstacles":[]},{"players":[{"playerId":67457,"score":700,"energy":10,"posx":17,"posy":4,"lastAction":3,"status":0},{"playerId":2450708,"score":500,"energy":29,"posx":13,"posy":5,"lastAction":5,"status":0},{"playerId":2370542,"score":0,"energy":0,"posx":17,"posy":7,"lastAction":6,"status":2},{"playerId":2241039,"score":550,"energy":15,"posx":16,"posy":1,"lastAction":0,"status":0}],"golds":[{"posx":5,"posy":1,"amount":350},{"posx":7,"posy":1,"amount":150},{"posx":9,"posy":1,"amount":450},{"posx":0,"posy":2,"amount":50},{"posx":7,"posy":2,"amount":700},{"posx":15,"posy":3,"amount":250},{"posx":6,"posy":4,"amount":450},{"posx":2,"posy":5,"amount":650},{"posx":13,"posy":5,"amount":450},{"posx":0,"posy":6,"amount":750},{"posx":6,"posy":6,"amount":100},{"posx":10,"posy":6,"amount":400},{"posx":14,"posy":6,"amount":250},{"posx":6,"posy":7,"amount":50},{"posx":14,"posy":7,"amount":500},{"posx":9,"posy":8,"amount":200},{"posx":11,"posy":8,"amount":200}],"changedObstacles":[]},{"players":[{"playerId":67457,"score":700,"energy":9,"posx":16,"posy":4,"lastAction":0,"status":0},{"playerId":2450708,"score":550,"energy":24,"posx":13,"posy":5,"lastAction":5,"status":0},{"playerId":2370542,"score":0,"energy":0,"posx":17,"posy":7,"lastAction":6,"status":2},{"playerId":2241039,"score":550,"energy":10,"posx":15,"posy":1,"lastAction":0,"status":0}],"golds":[{"posx":5,"posy":1,"amount":350},{"posx":7,"posy":1,"amount":150},{"posx":9,"posy":1,"amount":450},{"posx":0,"posy":2,"amount":50},{"posx":7,"posy":2,"amount":700},{"posx":15,"posy":3,"amount":250},{"posx":6,"posy":4,"amount":450},{"posx":2,"posy":5,"amount":650},{"posx":13,"posy":5,"amount":400},{"posx":0,"posy":6,"amount":750},{"posx":6,"posy":6,"amount":100},{"posx":10,"posy":6,"amount":400},{"posx":14,"posy":6,"amount":250},{"posx":6,"posy":7,"amount":50},{"posx":14,"posy":7,"amount":500},{"posx":9,"posy":8,"amount":200},{"posx":11,"posy":8,"amount":200}],"changedObstacles":[{"type":3,"posx":15,"posy":1,"value":-20}]},{"players":[{"playerId":67457,"score":700,"energy":8,"posx":15,"posy":4,"lastAction":0,"status":0},{"playerId":2450708,"score":600,"energy":19,"posx":13,"posy":5,"lastAction":5,"status":0},{"playerId":2370542,"score":0,"energy":0,"posx":17,"posy":7,"lastAction":6,"status":2},{"playerId":2241039,"score":550,"energy":22,"posx":15,"posy":1,"lastAction":4,"status":0}],"golds":[{"posx":5,"posy":1,"amount":350},{"posx":7,"posy":1,"amount":150},{"posx":9,"posy":1,"amount":450},{"posx":0,"posy":2,"amount":50},{"posx":7,"posy":2,"amount":700},{"posx":15,"posy":3,"amount":250},{"posx":6,"posy":4,"amount":450},{"posx":2,"posy":5,"amount":650},{"posx":13,"posy":5,"amount":350},{"posx":0,"posy":6,"amount":750},{"posx":6,"posy":6,"amount":100},{"posx":10,"posy":6,"amount":400},{"posx":14,"posy":6,"amount":250},{"posx":6,"posy":7,"amount":50},{"posx":14,"posy":7,"amount":500},{"posx":9,"posy":8,"amount":200},{"posx":11,"posy":8,"amount":200}],"changedObstacles":[]},{"players":[{"playerId":67457,"score":700,"energy":4,"posx":15,"posy":3,"lastAction":2,"status":0},{"playerId":2450708,"score":650,"energy":14,"posx":13,"posy":5,"lastAction":5,"status":0},{"playerId":2370542,"score":0,"energy":0,"posx":17,"posy":7,"lastAction":6,"status":2},{"playerId":2241039,"score":550,"energy":21,"posx":14,"posy":1,"lastAction":0,"status":0}],"golds":[{"posx":5,"posy":1,"amount":350},{"posx":7,"posy":1,"amount":150},{"posx":9,"posy":1,"amount":450},{"posx":0,"posy":2,"amount":50},{"posx":7,"posy":2,"amount":700},{"posx":15,"posy":3,"amount":250},{"posx":6,"posy":4,"amount":450},{"posx":2,"posy":5,"amount":650},{"posx":13,"posy":5,"amount":300},{"posx":0,"posy":6,"amount":750},{"posx":6,"posy":6,"amount":100},{"posx":10,"posy":6,"amount":400},{"posx":14,"posy":6,"amount":250},{"posx":6,"posy":7,"amount":50},{"posx":14,"posy":7,"amount":500},{"posx":9,"posy":8,"amount":200},{"posx":11,"posy":8,"amount":200}],"changedObstacles":[]},{"players":[{"playerId":67457,"score":700,"energy":16,"posx":15,"posy":3,"lastAction":4,"status":0},{"playerId":2450708,"score":700,"energy":9,"posx":13,"posy":5,"lastAction":5,"status":0},{"playerId":2370542,"score":0,"energy":0,"posx":17,"posy":7,"lastAction":6,"status":2},{"playerId":2241039,"score":550,"energy":20,"posx":13,"posy":1,"lastAction":0,"status":0}],"golds":[{"posx":5,"posy":1,"amount":350},{"posx":7,"posy":1,"amount":150},{"posx":9,"posy":1,"amount":450},{"posx":0,"posy":2,"amount":50},{"posx":7,"posy":2,"amount":700},{"posx":15,"posy":3,"amount":250},{"posx":6,"posy":4,"amount":450},{"posx":2,"posy":5,"amount":650},{"posx":13,"posy":5,"amount":250},{"posx":0,"posy":6,"amount":750},{"posx":6,"posy":6,"amount":100},{"posx":10,"posy":6,"amount":400},{"posx":14,"posy":6,"amount":250},{"posx":6,"posy":7,"amount":50},{"posx":14,"posy":7,"amount":500},{"posx":9,"posy":8,"amount":200},{"posx":11,"posy":8,"amount":200}],"changedObstacles":[]},{"players":[{"playerId":67457,"score":700,"energy":32,"posx":15,"posy":3,"lastAction":4,"status":0},{"playerId":2450708,"score":750,"energy":4,"posx":13,"posy":5,"lastAction":5,"status":0},{"playerId":2370542,"score":0,"energy":0,"posx":17,"posy":7,"lastAction":6,"status":2},{"playerId":2241039,"score":550,"energy":19,"posx":12,"posy":1,"lastAction":0,"status":0}],"golds":[{"posx":5,"posy":1,"amount":350},{"posx":7,"posy":1,"amount":150},{"posx":9,"posy":1,"amount":450},{"posx":0,"posy":2,"amount":50},{"posx":7,"posy":2,"amount":700},{"posx":15,"posy":3,"amount":250},{"posx":6,"posy":4,"amount":450},{"posx":2,"posy":5,"amount":650},{"posx":13,"posy":5,"amount":200},{"posx":0,"posy":6,"amount":750},{"posx":6,"posy":6,"amount":100},{"posx":10,"posy":6,"amount":400},{"posx":14,"posy":6,"amount":250},{"posx":6,"posy":7,"amount":50},{"posx":14,"posy":7,"amount":500},{"posx":9,"posy":8,"amount":200},{"posx":11,"posy":8,"amount":200}],"changedObstacles":[]},{"players":[{"playerId":67457,"score":700,"energy":50,"posx":15,"posy":3,"lastAction":4,"status":0},{"playerId":2450708,"score":750,"energy":16,"posx":13,"posy":5,"lastAction":4,"status":0},{"playerId":2370542,"score":0,"energy":0,"posx":17,"posy":7,"lastAction":6,"status":2},{"playerId":2241039,"score":550,"energy":18,"posx":11,"posy":1,"lastAction":0,"status":0}],"golds":[{"posx":5,"posy":1,"amount":350},{"posx":7,"posy":1,"amount":150},{"posx":9,"posy":1,"amount":450},{"posx":0,"posy":2,"amount":50},{"posx":7,"posy":2,"amount":700},{"posx":15,"posy":3,"amount":250},{"posx":6,"posy":4,"amount":450},{"posx":2,"posy":5,"amount":650},{"posx":13,"posy":5,"amount":200},{"posx":0,"posy":6,"amount":750},{"posx":6,"posy":6,"amount":100},{"posx":10,"posy":6,"amount":400},{"posx":14,"posy":6,"amount":250},{"posx":6,"posy":7,"amount":50},{"posx":14,"posy":7,"amount":500},{"posx":9,"posy":8,"amount":200},{"posx":11,"posy":8,"amount":200}],"changedObstacles":[]},{"players":[{"playerId":67457,"score":750,"energy":45,"posx":15,"posy":3,"lastAction":5,"status":0},{"playerId":2450708,"score":750,"energy":32,"posx":13,"posy":5,"lastAction":4,"status":0},{"playerId":2370542,"score":0,"energy":0,"posx":17,"posy":7,"lastAction":6,"status":2},{"playerId":2241039,"score":550,"energy":17,"posx":10,"posy":1,"lastAction":0,"status":0}],"golds":[{"posx":5,"posy":1,"amount":350},{"posx":7,"posy":1,"amount":150},{"posx":9,"posy":1,"amount":450},{"posx":0,"posy":2,"amount":50},{"posx":7,"posy":2,"amount":700},{"posx":15,"posy":3,"amount":200},{"posx":6,"posy":4,"amount":450},{"posx":2,"posy":5,"amount":650},{"posx":13,"posy":5,"amount":200},{"posx":0,"posy":6,"amount":750},{"posx":6,"posy":6,"amount":100},{"posx":10,"posy":6,"amount":400},{"posx":14,"posy":6,"amount":250},{"posx":6,"posy":7,"amount":50},{"posx":14,"posy":7,"amount":500},{"posx":9,"posy":8,"amount":200},{"posx":11,"posy":8,"amount":200}],"changedObstacles":[]},{"players":[{"playerId":67457,"score":800,"energy":40,"posx":15,"posy":3,"lastAction":5,"status":0},{"playerId":2450708,"score":750,"energy":50,"posx":13,"posy":5,"lastAction":4,"status":0},{"playerId":2370542,"score":0,"energy":0,"posx":17,"posy":7,"lastAction":6,"status":2},{"playerId":2241039,"score":550,"energy":13,"posx":9,"posy":1,"lastAction":0,"status":0}],"golds":[{"posx":5,"posy":1,"amount":350},{"posx":7,"posy":1,"amount":150},{"posx":9,"posy":1,"amount":450},{"posx":0,"posy":2,"amount":50},{"posx":7,"posy":2,"amount":700},{"posx":15,"posy":3,"amount":150},{"posx":6,"posy":4,"amount":450},{"posx":2,"posy":5,"amount":650},{"posx":13,"posy":5,"amount":200},{"posx":0,"posy":6,"amount":750},{"posx":6,"posy":6,"amount":100},{"posx":10,"posy":6,"amount":400},{"posx":14,"posy":6,"amount":250},{"posx":6,"posy":7,"amount":50},{"posx":14,"posy":7,"amount":500},{"posx":9,"posy":8,"amount":200},{"posx":11,"posy":8,"amount":200}],"changedObstacles":[]},{"players":[{"playerId":67457,"score":850,"energy":35,"posx":15,"posy":3,"lastAction":5,"status":0},{"playerId":2450708,"score":800,"energy":45,"posx":13,"posy":5,"lastAction":5,"status":0},{"playerId":2370542,"score":0,"energy":0,"posx":17,"posy":7,"lastAction":6,"status":2},{"playerId":2241039,"score":600,"energy":8,"posx":9,"posy":1,"lastAction":5,"status":0}],"golds":[{"posx":5,"posy":1,"amount":350},{"posx":7,"posy":1,"amount":150},{"posx":9,"posy":1,"amount":400},{"posx":0,"posy":2,"amount":50},{"posx":7,"posy":2,"amount":700},{"posx":15,"posy":3,"amount":100},{"posx":6,"posy":4,"amount":450},{"posx":2,"posy":5,"amount":650},{"posx":13,"posy":5,"amount":150},{"posx":0,"posy":6,"amount":750},{"posx":6,"posy":6,"amount":100},{"posx":10,"posy":6,"amount":400},{"posx":14,"posy":6,"amount":250},{"posx":6,"posy":7,"amount":50},{"posx":14,"posy":7,"amount":500},{"posx":9,"posy":8,"amount":200},{"posx":11,"posy":8,"amount":200}],"changedObstacles":[]},{"players":[{"playerId":67457,"score":900,"energy":30,"posx":15,"posy":3,"lastAction":5,"status":0},{"playerId":2450708,"score":850,"energy":40,"posx":13,"posy":5,"lastAction":5,"status":0},{"playerId":2370542,"score":0,"energy":0,"posx":17,"posy":7,"lastAction":6,"status":2},{"playerId":2241039,"score":650,"energy":3,"posx":9,"posy":1,"lastAction":5,"status":0}],"golds":[{"posx":5,"posy":1,"amount":350},{"posx":7,"posy":1,"amount":150},{"posx":9,"posy":1,"amount":350},{"posx":0,"posy":2,"amount":50},{"posx":7,"posy":2,"amount":700},{"posx":15,"posy":3,"amount":50},{"posx":6,"posy":4,"amount":450},{"posx":2,"posy":5,"amount":650},{"posx":13,"posy":5,"amount":100},{"posx":0,"posy":6,"amount":750},{"posx":6,"posy":6,"amount":100},{"posx":10,"posy":6,"amount":400},{"posx":14,"posy":6,"amount":250},{"posx":6,"posy":7,"amount":50},{"posx":14,"posy":7,"amount":500},{"posx":9,"posy":8,"amount":200},{"posx":11,"posy":8,"amount":200}],"changedObstacles":[]},{"players":[{"playerId":67457,"score":950,"energy":25,"posx":15,"posy":3,"lastAction":5,"status":0},{"playerId":2450708,"score":900,"energy":35,"posx":13,"posy":5,"lastAction":5,"status":0},{"playerId":2370542,"score":0,"energy":0,"posx":17,"posy":7,"lastAction":6,"status":2},{"playerId":2241039,"score":650,"energy":15,"posx":9,"posy":1,"lastAction":4,"status":0}],"golds":[{"posx":5,"posy":1,"amount":350},{"posx":7,"posy":1,"amount":150},{"posx":9,"posy":1,"amount":350},{"posx":0,"posy":2,"amount":50},{"posx":7,"posy":2,"amount":700},{"posx":6,"posy":4,"amount":450},{"posx":2,"posy":5,"amount":650},{"posx":13,"posy":5,"amount":50},{"posx":0,"posy":6,"amount":750},{"posx":6,"posy":6,"amount":100},{"posx":10,"posy":6,"amount":400},{"posx":14,"posy":6,"amount":250},{"posx":6,"posy":7,"amount":50},{"posx":14,"posy":7,"amount":500},{"posx":9,"posy":8,"amount":200},{"posx":11,"posy":8,"amount":200}],"changedObstacles":[{"type":0,"posx":15,"posy":3,"value":-1}]},{"players":[{"playerId":67457,"score":950,"energy":24,"posx":15,"posy":4,"lastAction":3,"status":0},{"playerId":2450708,"score":950,"energy":30,"posx":13,"posy":5,"lastAction":5,"status":0},{"playerId":2370542,"score":0,"energy":0,"posx":17,"posy":7,"lastAction":6,"status":2},{"playerId":2241039,"score":700,"energy":10,"posx":9,"posy":1,"lastAction":5,"status":0}],"golds":[{"posx":5,"posy":1,"amount":350},{"posx":7,"posy":1,"amount":150},{"posx":9,"posy":1,"amount":300},{"posx":0,"posy":2,"amount":50},{"posx":7,"posy":2,"amount":700},{"posx":6,"posy":4,"amount":450},{"posx":2,"posy":5,"amount":650},{"posx":0,"posy":6,"amount":750},{"posx":6,"posy":6,"amount":100},{"posx":10,"posy":6,"amount":400},{"posx":14,"posy":6,"amount":250},{"posx":6,"posy":7,"amount":50},{"posx":14,"posy":7,"amount":500},{"posx":9,"posy":8,"amount":200},{"posx":11,"posy":8,"amount":200}],"changedObstacles":[{"type":0,"posx":13,"posy":5,"value":-1}]},{"players":[{"playerId":67457,"score":950,"energy":19,"posx":14,"posy":4,"lastAction":0,"status":0},{"playerId":2450708,"score":950,"energy":29,"posx":13,"posy":6,"lastAction":3,"status":0},{"playerId":2370542,"score":0,"energy":0,"posx":17,"posy":7,"lastAction":6,"status":2},{"playerId":2241039,"score":750,"energy":5,"posx":9,"posy":1,"lastAction":5,"status":0}],"golds":[{"posx":5,"posy":1,"amount":350},{"posx":7,"posy":1,"amount":150},{"posx":9,"posy":1,"amount":250},{"posx":0,"posy":2,"amount":50},{"posx":7,"posy":2,"amount":700},{"posx":6,"posy":4,"amount":450},{"posx":2,"posy":5,"amount":650},{"posx":0,"posy":6,"amount":750},{"posx":6,"posy":6,"amount":100},{"posx":10,"posy":6,"amount":400},{"posx":14,"posy":6,"amount":250},{"posx":6,"posy":7,"amount":50},{"posx":14,"posy":7,"amount":500},{"posx":9,"posy":8,"amount":200},{"posx":11,"posy":8,"amount":200}],"changedObstacles":[{"type":3,"posx":14,"posy":4,"value":-20}]},{"players":[{"playerId":67457,"score":950,"energy":18,"posx":14,"posy":5,"lastAction":3,"status":0},{"playerId":2450708,"score":950,"energy":28,"posx":13,"posy":7,"lastAction":3,"status":0},{"playerId":2370542,"score":0,"energy":0,"posx":17,"posy":7,"lastAction":6,"status":2},{"playerId":2241039,"score":750,"energy":17,"posx":9,"posy":1,"lastAction":4,"status":0}],"golds":[{"posx":5,"posy":1,"amount":350},{"posx":7,"posy":1,"amount":150},{"posx":9,"posy":1,"amount":250},{"posx":0,"posy":2,"amount":50},{"posx":7,"posy":2,"amount":700},{"posx":6,"posy":4,"amount":450},{"posx":2,"posy":5,"amount":650},{"posx":0,"posy":6,"amount":750},{"posx":6,"posy":6,"amount":100},{"posx":10,"posy":6,"amount":400},{"posx":14,"posy":6,"amount":250},{"posx":6,"posy":7,"amount":50},{"posx":14,"posy":7,"amount":500},{"posx":9,"posy":8,"amount":200},{"posx":11,"posy":8,"amount":200}],"changedObstacles":[]},{"players":[{"playerId":67457,"score":950,"energy":14,"posx":14,"posy":6,"lastAction":3,"status":0},{"playerId":2450708,"score":950,"energy":24,"posx":14,"posy":7,"lastAction":1,"status":0},{"playerId":2370542,"score":0,"energy":0,"posx":17,"posy":7,"lastAction":6,"status":2},{"playerId":2241039,"score":800,"energy":12,"posx":9,"posy":1,"lastAction":5,"status":0}],"golds":[{"posx":5,"posy":1,"amount":350},{"posx":7,"posy":1,"amount":150},{"posx":9,"posy":1,"amount":200},{"posx":0,"posy":2,"amount":50},{"posx":7,"posy":2,"amount":700},{"posx":6,"posy":4,"amount":450},{"posx":2,"posy":5,"amount":650},{"posx":0,"posy":6,"amount":750},{"posx":6,"posy":6,"amount":100},{"posx":10,"posy":6,"amount":400},{"posx":14,"posy":6,"amount":250},{"posx":6,"posy":7,"amount":50},{"posx":14,"posy":7,"amount":500},{"posx":9,"posy":8,"amount":200},{"posx":11,"posy":8,"amount":200}],"changedObstacles":[]},{"players":[{"playerId":67457,"score":1000,"energy":9,"posx":14,"posy":6,"lastAction":5,"status":0},{"playerId":2450708,"score":1000,"energy":19,"posx":14,"posy":7,"lastAction":5,"status":0},{"playerId":2370542,"score":0,"energy":0,"posx":17,"posy":7,"lastAction":6,"status":2},{"playerId":2241039,"score":850,"energy":7,"posx":9,"posy":1,"lastAction":5,"status":0}],"golds":[{"posx":5,"posy":1,"amount":350},{"posx":7,"posy":1,"amount":150},{"posx":9,"posy":1,"amount":150},{"posx":0,"posy":2,"amount":50},{"posx":7,"posy":2,"amount":700},{"posx":6,"posy":4,"amount":450},{"posx":2,"posy":5,"amount":650},{"posx":0,"posy":6,"amount":750},{"posx":6,"posy":6,"amount":100},{"posx":10,"posy":6,"amount":400},{"posx":14,"posy":6,"amount":200},{"posx":6,"posy":7,"amount":50},{"posx":14,"posy":7,"amount":450},{"posx":9,"posy":8,"amount":200},{"posx":11,"posy":8,"amount":200}],"changedObstacles":[]},{"players":[{"playerId":67457,"score":1050,"energy":4,"posx":14,"posy":6,"lastAction":5,"status":0},{"playerId":2450708,"score":1050,"energy":14,"posx":14,"posy":7,"lastAction":5,"status":0},{"playerId":2370542,"score":0,"energy":0,"posx":17,"posy":7,"lastAction":6,"status":2},{"playerId":2241039,"score":900,"energy":2,"posx":9,"posy":1,"lastAction":5,"status":0}],"golds":[{"posx":5,"posy":1,"amount":350},{"posx":7,"posy":1,"amount":150},{"posx":9,"posy":1,"amount":100},{"posx":0,"posy":2,"amount":50},{"posx":7,"posy":2,"amount":700},{"posx":6,"posy":4,"amount":450},{"posx":2,"posy":5,"amount":650},{"posx":0,"posy":6,"amount":750},{"posx":6,"posy":6,"amount":100},{"posx":10,"posy":6,"amount":400},{"posx":14,"posy":6,"amount":150},{"posx":6,"posy":7,"amount":50},{"posx":14,"posy":7,"amount":400},{"posx":9,"posy":8,"amount":200},{"posx":11,"posy":8,"amount":200}],"changedObstacles":[]},{"players":[{"playerId":67457,"score":1050,"energy":16,"posx":14,"posy":6,"lastAction":4,"status":0},{"playerId":2450708,"score":1100,"energy":9,"posx":14,"posy":7,"lastAction":5,"status":0},{"playerId":2370542,"score":0,"energy":0,"posx":17,"posy":7,"lastAction":6,"status":2},{"playerId":2241039,"score":900,"energy":14,"posx":9,"posy":1,"lastAction":4,"status":0}],"golds":[{"posx":5,"posy":1,"amount":350},{"posx":7,"posy":1,"amount":150},{"posx":9,"posy":1,"amount":100},{"posx":0,"posy":2,"amount":50},{"posx":7,"posy":2,"amount":700},{"posx":6,"posy":4,"amount":450},{"posx":2,"posy":5,"amount":650},{"posx":0,"posy":6,"amount":750},{"posx":6,"posy":6,"amount":100},{"posx":10,"posy":6,"amount":400},{"posx":14,"posy":6,"amount":150},{"posx":6,"posy":7,"amount":50},{"posx":14,"posy":7,"amount":350},{"posx":9,"posy":8,"amount":200},{"posx":11,"posy":8,"amount":200}],"changedObstacles":[]},{"players":[{"playerId":67457,"score":1050,"energy":32,"posx":14,"posy":6,"lastAction":4,"status":0},{"playerId":2450708,"score":1150,"energy":4,"posx":14,"posy":7,"lastAction":5,"status":0},{"playerId":2370542,"score":0,"energy":0,"posx":17,"posy":7,"lastAction":6,"status":2},{"playerId":2241039,"score":950,"energy":9,"posx":9,"posy":1,"lastAction":5,"status":0}],"golds":[{"posx":5,"posy":1,"amount":350},{"posx":7,"posy":1,"amount":150},{"posx":9,"posy":1,"amount":50},{"posx":0,"posy":2,"amount":50},{"posx":7,"posy":2,"amount":700},{"posx":6,"posy":4,"amount":450},{"posx":2,"posy":5,"amount":650},{"posx":0,"posy":6,"amount":750},{"posx":6,"posy":6,"amount":100},{"posx":10,"posy":6,"amount":400},{"posx":14,"posy":6,"amount":150},{"posx":6,"posy":7,"amount":50},{"posx":14,"posy":7,"amount":300},{"posx":9,"posy":8,"amount":200},{"posx":11,"posy":8,"amount":200}],"changedObstacles":[]},{"players":[{"playerId":67457,"score":1050,"energy":50,"posx":14,"posy":6,"lastAction":4,"status":0},{"playerId":2450708,"score":1150,"energy":16,"posx":14,"posy":7,"lastAction":4,"status":0},{"playerId":2370542,"score":0,"energy":0,"posx":17,"posy":7,"lastAction":6,"status":2},{"playerId":2241039,"score":1000,"energy":4,"posx":9,"posy":1,"lastAction":5,"status":0}],"golds":[{"posx":5,"posy":1,"amount":350},{"posx":7,"posy":1,"amount":150},{"posx":0,"posy":2,"amount":50},{"posx":7,"posy":2,"amount":700},{"posx":6,"posy":4,"amount":450},{"posx":2,"posy":5,"amount":650},{"posx":0,"posy":6,"amount":750},{"posx":6,"posy":6,"amount":100},{"posx":10,"posy":6,"amount":400},{"posx":14,"posy":6,"amount":150},{"posx":6,"posy":7,"amount":50},{"posx":14,"posy":7,"amount":300},{"posx":9,"posy":8,"amount":200},{"posx":11,"posy":8,"amount":200}],"changedObstacles":[{"type":0,"posx":9,"posy":1,"value":-1}]},{"players":[{"playerId":67457,"score":1100,"energy":45,"posx":14,"posy":6,"lastAction":5,"status":0},{"playerId":2450708,"score":1150,"energy":32,"posx":14,"posy":7,"lastAction":4,"status":0},{"playerId":2370542,"score":0,"energy":0,"posx":17,"posy":7,"lastAction":6,"status":2},{"playerId":2241039,"score":1000,"energy":16,"posx":9,"posy":1,"lastAction":4,"status":0}],"golds":[{"posx":5,"posy":1,"amount":350},{"posx":7,"posy":1,"amount":150},{"posx":0,"posy":2,"amount":50},{"posx":7,"posy":2,"amount":700},{"posx":6,"posy":4,"amount":450},{"posx":2,"posy":5,"amount":650},{"posx":0,"posy":6,"amount":750},{"posx":6,"posy":6,"amount":100},{"posx":10,"posy":6,"amount":400},{"posx":14,"posy":6,"amount":100},{"posx":6,"posy":7,"amount":50},{"posx":14,"posy":7,"amount":300},{"posx":9,"posy":8,"amount":200},{"posx":11,"posy":8,"amount":200}],"changedObstacles":[]},{"players":[{"playerId":67457,"score":1150,"energy":40,"posx":14,"posy":6,"lastAction":5,"status":0},{"playerId":2450708,"score":1150,"energy":50,"posx":14,"posy":7,"lastAction":4,"status":0},{"playerId":2370542,"score":0,"energy":0,"posx":17,"posy":7,"lastAction":6,"status":2},{"playerId":2241039,"score":1000,"energy":15,"posx":8,"posy":1,"lastAction":0,"status":0}],"golds":[{"posx":5,"posy":1,"amount":350},{"posx":7,"posy":1,"amount":150},{"posx":0,"posy":2,"amount":50},{"posx":7,"posy":2,"amount":700},{"posx":6,"posy":4,"amount":450},{"posx":2,"posy":5,"amount":650},{"posx":0,"posy":6,"amount":750},{"posx":6,"posy":6,"amount":100},{"posx":10,"posy":6,"amount":400},{"posx":14,"posy":6,"amount":50},{"posx":6,"posy":7,"amount":50},{"posx":14,"posy":7,"amount":300},{"posx":9,"posy":8,"amount":200},{"posx":11,"posy":8,"amount":200}],"changedObstacles":[]},{"players":[{"playerId":67457,"score":1200,"energy":35,"posx":14,"posy":6,"lastAction":5,"status":0},{"playerId":2450708,"score":1200,"energy":45,"posx":14,"posy":7,"lastAction":5,"status":0},{"playerId":2370542,"score":0,"energy":0,"posx":17,"posy":7,"lastAction":6,"status":2},{"playerId":2241039,"score":1000,"energy":11,"posx":7,"posy":1,"lastAction":0,"status":0}],"golds":[{"posx":5,"posy":1,"amount":350},{"posx":7,"posy":1,"amount":150},{"posx":0,"posy":2,"amount":50},{"posx":7,"posy":2,"amount":700},{"posx":6,"posy":4,"amount":450},{"posx":2,"posy":5,"amount":650},{"posx":0,"posy":6,"amount":750},{"posx":6,"posy":6,"amount":100},{"posx":10,"posy":6,"amount":400},{"posx":6,"posy":7,"amount":50},{"posx":14,"posy":7,"amount":250},{"posx":9,"posy":8,"amount":200},{"posx":11,"posy":8,"amount":200}],"changedObstacles":[{"type":0,"posx":14,"posy":6,"value":-1}]},{"players":[{"playerId":67457,"score":1200,"energy":31,"posx":14,"posy":7,"lastAction":3,"status":0},{"playerId":2450708,"score":1250,"energy":40,"posx":14,"posy":7,"lastAction":5,"status":0},{"playerId":2370542,"score":0,"energy":0,"posx":17,"posy":7,"lastAction":6,"status":2},{"playerId":2241039,"score":1050,"energy":6,"posx":7,"posy":1,"lastAction":5,"status":0}],"golds":[{"posx":5,"posy":1,"amount":350},{"posx":7,"posy":1,"amount":100},{"posx":0,"posy":2,"amount":50},{"posx":7,"posy":2,"amount":700},{"posx":6,"posy":4,"amount":450},{"posx":2,"posy":5,"amount":650},{"posx":0,"posy":6,"amount":750},{"posx":6,"posy":6,"amount":100},{"posx":10,"posy":6,"amount":400},{"posx":6,"posy":7,"amount":50},{"posx":14,"posy":7,"amount":200},{"posx":9,"posy":8,"amount":200},{"posx":11,"posy":8,"amount":200}],"changedObstacles":[]},{"players":[{"playerId":67457,"score":1250,"energy":26,"posx":14,"posy":7,"lastAction":5,"status":0},{"playerId":2450708,"score":1300,"energy":35,"posx":14,"posy":7,"lastAction":5,"status":0},{"playerId":2370542,"score":0,"energy":0,"posx":17,"posy":7,"lastAction":6,"status":2},{"playerId":2241039,"score":1100,"energy":1,"posx":7,"posy":1,"lastAction":5,"status":0}],"golds":[{"posx":5,"posy":1,"amount":350},{"posx":7,"posy":1,"amount":50},{"posx":0,"posy":2,"amount":50},{"posx":7,"posy":2,"amount":700},{"posx":6,"posy":4,"amount":450},{"posx":2,"posy":5,"amount":650},{"posx":0,"posy":6,"amount":750},{"posx":6,"posy":6,"amount":100},{"posx":10,"posy":6,"amount":400},{"posx":6,"posy":7,"amount":50},{"posx":14,"posy":7,"amount":100},{"posx":9,"posy":8,"amount":200},{"posx":11,"posy":8,"amount":200}],"changedObstacles":[]},{"players":[{"playerId":67457,"score":1300,"energy":21,"posx":14,"posy":7,"lastAction":5,"status":0},{"playerId":2450708,"score":1350,"energy":30,"posx":14,"posy":7,"lastAction":5,"status":0},{"playerId":2370542,"score":0,"energy":0,"posx":17,"posy":7,"lastAction":6,"status":2},{"playerId":2241039,"score":1100,"energy":13,"posx":7,"posy":1,"lastAction":4,"status":0}],"golds":[{"posx":5,"posy":1,"amount":350},{"posx":7,"posy":1,"amount":50},{"posx":0,"posy":2,"amount":50},{"posx":7,"posy":2,"amount":700},{"posx":6,"posy":4,"amount":450},{"posx":2,"posy":5,"amount":650},{"posx":0,"posy":6,"amount":750},{"posx":6,"posy":6,"amount":100},{"posx":10,"posy":6,"amount":400},{"posx":6,"posy":7,"amount":50},{"posx":9,"posy":8,"amount":200},{"posx":11,"posy":8,"amount":200}],"changedObstacles":[{"type":0,"posx":14,"posy":7,"value":-1}]},{"players":[{"playerId":67457,"score":1300,"energy":20,"posx":13,"posy":7,"lastAction":0,"status":0},{"playerId":2450708,"score":1350,"energy":29,"posx":14,"posy":6,"lastAction":2,"status":0},{"playerId":2370542,"score":0,"energy":0,"posx":17,"posy":7,"lastAction":6,"status":2},{"playerId":2241039,"score":1150,"energy":8,"posx":7,"posy":1,"lastAction":5,"status":0}],"golds":[{"posx":5,"posy":1,"amount":350},{"posx":0,"posy":2,"amount":50},{"posx":7,"posy":2,"amount":700},{"posx":6,"posy":4,"amount":450},{"posx":2,"posy":5,"amount":650},{"posx":0,"posy":6,"amount":750},{"posx":6,"posy":6,"amount":100},{"posx":10,"posy":6,"amount":400},{"posx":6,"posy":7,"amount":50},{"posx":9,"posy":8,"amount":200},{"posx":11,"posy":8,"amount":200}],"changedObstacles":[{"type":0,"posx":7,"posy":1,"value":-1}]},{"players":[{"playerId":67457,"score":1300,"energy":15,"posx":12,"posy":7,"lastAction":0,"status":0},{"playerId":2450708,"score":1350,"energy":28,"posx":14,"posy":5,"lastAction":2,"status":0},{"playerId":2370542,"score":0,"energy":0,"posx":17,"posy":7,"lastAction":6,"status":2},{"playerId":2241039,"score":1150,"energy":4,"posx":7,"posy":2,"lastAction":3,"status":0}],"golds":[{"posx":5,"posy":1,"amount":350},{"posx":0,"posy":2,"amount":50},{"posx":7,"posy":2,"amount":700},{"posx":6,"posy":4,"amount":450},{"posx":2,"posy":5,"amount":650},{"posx":0,"posy":6,"amount":750},{"posx":6,"posy":6,"amount":100},{"posx":10,"posy":6,"amount":400},{"posx":6,"posy":7,"amount":50},{"posx":9,"posy":8,"amount":200},{"posx":11,"posy":8,"amount":200}],"changedObstacles":[{"type":3,"posx":12,"posy":7,"value":-20}]},{"players":[{"playerId":67457,"score":1300,"energy":5,"posx":11,"posy":7,"lastAction":0,"status":0},{"playerId":2450708,"score":1350,"energy":27,"posx":13,"posy":5,"lastAction":0,"status":0},{"playerId":2370542,"score":0,"energy":0,"posx":17,"posy":7,"lastAction":6,"status":2},{"playerId":2241039,"score":1150,"energy":16,"posx":7,"posy":2,"lastAction":4,"status":0}],"golds":[{"posx":5,"posy":1,"amount":350},{"posx":0,"posy":2,"amount":50},{"posx":7,"posy":2,"amount":700},{"posx":6,"posy":4,"amount":450},{"posx":2,"posy":5,"amount":650},{"posx":0,"posy":6,"amount":750},{"posx":6,"posy":6,"amount":100},{"posx":10,"posy":6,"amount":400},{"posx":6,"posy":7,"amount":50},{"posx":9,"posy":8,"amount":200},{"posx":11,"posy":8,"amount":200}],"changedObstacles":[{"type":0,"posx":11,"posy":7,"value":-1}]},{"players":[{"playerId":67457,"score":1300,"energy":1,"posx":11,"posy":8,"lastAction":3,"status":0},{"playerId":2450708,"score":1350,"energy":26,"posx":13,"posy":4,"lastAction":2,"status":0},{"playerId":2370542,"score":0,"energy":0,"posx":17,"posy":7,"lastAction":6,"status":2},{"playerId":2241039,"score":1200,"energy":11,"posx":7,"posy":2,"lastAction":5,"status":0}],"golds":[{"posx":5,"posy":1,"amount":350},{"posx":0,"posy":2,"amount":50},{"posx":7,"posy":2,"amount":650},{"posx":6,"posy":4,"amount":450},{"posx":2,"posy":5,"amount":650},{"posx":0,"posy":6,"amount":750},{"posx":6,"posy":6,"amount":100},{"posx":10,"posy":6,"amount":400},{"posx":6,"posy":7,"amount":50},{"posx":9,"posy":8,"amount":200},{"posx":11,"posy":8,"amount":200}],"changedObstacles":[]},{"players":[{"playerId":67457,"score":1300,"energy":13,"posx":11,"posy":8,"lastAction":4,"status":0},{"playerId":2450708,"score":1350,"energy":25,"posx":12,"posy":4,"lastAction":0,"status":0},{"playerId":2370542,"score":0,"energy":0,"posx":17,"posy":7,"lastAction":6,"status":2},{"playerId":2241039,"score":1250,"energy":6,"posx":7,"posy":2,"lastAction":5,"status":0}],"golds":[{"posx":5,"posy":1,"amount":350},{"posx":0,"posy":2,"amount":50},{"posx":7,"posy":2,"amount":600},{"posx":6,"posy":4,"amount":450},{"posx":2,"posy":5,"amount":650},{"posx":0,"posy":6,"amount":750},{"posx":6,"posy":6,"amount":100},{"posx":10,"posy":6,"amount":400},{"posx":6,"posy":7,"amount":50},{"posx":9,"posy":8,"amount":200},{"posx":11,"posy":8,"amount":200}],"changedObstacles":[]},{"players":[{"playerId":67457,"score":1300,"energy":29,"posx":11,"posy":8,"lastAction":4,"status":0},{"playerId":2450708,"score":1350,"energy":24,"posx":11,"posy":4,"lastAction":0,"status":0},{"playerId":2370542,"score":0,"energy":0,"posx":17,"posy":7,"lastAction":6,"status":2},{"playerId":2241039,"score":1300,"energy":1,"posx":7,"posy":2,"lastAction":5,"status":0}],"golds":[{"posx":5,"posy":1,"amount":350},{"posx":0,"posy":2,"amount":50},{"posx":7,"posy":2,"amount":550},{"posx":6,"posy":4,"amount":450},{"posx":2,"posy":5,"amount":650},{"posx":0,"posy":6,"amount":750},{"posx":6,"posy":6,"amount":100},{"posx":10,"posy":6,"amount":400},{"posx":6,"posy":7,"amount":50},{"posx":9,"posy":8,"amount":200},{"posx":11,"posy":8,"amount":200}],"changedObstacles":[]},{"players":[{"playerId":67457,"score":1300,"energy":50,"posx":11,"posy":8,"lastAction":4,"status":0},{"playerId":2450708,"score":1350,"energy":19,"posx":10,"posy":4,"lastAction":0,"status":0},{"playerId":2370542,"score":0,"energy":0,"posx":17,"posy":7,"lastAction":6,"status":2},{"playerId":2241039,"score":1300,"energy":13,"posx":7,"posy":2,"lastAction":4,"status":0}],"golds":[{"posx":5,"posy":1,"amount":350},{"posx":0,"posy":2,"amount":50},{"posx":7,"posy":2,"amount":550},{"posx":6,"posy":4,"amount":450},{"posx":2,"posy":5,"amount":650},{"posx":0,"posy":6,"amount":750},{"posx":6,"posy":6,"amount":100},{"posx":10,"posy":6,"amount":400},{"posx":6,"posy":7,"amount":50},{"posx":9,"posy":8,"amount":200},{"posx":11,"posy":8,"amount":200}],"changedObstacles":[{"type":3,"posx":10,"posy":4,"value":-20}]},{"players":[{"playerId":67457,"score":1350,"energy":45,"posx":11,"posy":8,"lastAction":5,"status":0},{"playerId":2450708,"score":1350,"energy":14,"posx":9,"posy":4,"lastAction":0,"status":0},{"playerId":2370542,"score":0,"energy":0,"posx":17,"posy":7,"lastAction":6,"status":2},{"playerId":2241039,"score":1350,"energy":8,"posx":7,"posy":2,"lastAction":5,"status":0}],"golds":[{"posx":5,"posy":1,"amount":350},{"posx":0,"posy":2,"amount":50},{"posx":7,"posy":2,"amount":500},{"posx":6,"posy":4,"amount":450},{"posx":2,"posy":5,"amount":650},{"posx":0,"posy":6,"amount":750},{"posx":6,"posy":6,"amount":100},{"posx":10,"posy":6,"amount":400},{"posx":6,"posy":7,"amount":50},{"posx":9,"posy":8,"amount":200},{"posx":11,"posy":8,"amount":150}],"changedObstacles":[{"type":3,"posx":9,"posy":4,"value":-20}]},{"players":[{"playerId":67457,"score":1400,"energy":40,"posx":11,"posy":8,"lastAction":5,"status":0},{"playerId":2450708,"score":1350,"energy":13,"posx":8,"posy":4,"lastAction":0,"status":0},{"playerId":2370542,"score":0,"energy":0,"posx":17,"posy":7,"lastAction":6,"status":2},{"playerId":2241039,"score":1400,"energy":3,"posx":7,"posy":2,"lastAction":5,"status":0}],"golds":[{"posx":5,"posy":1,"amount":350},{"posx":0,"posy":2,"amount":50},{"posx":7,"posy":2,"amount":450},{"posx":6,"posy":4,"amount":450},{"posx":2,"posy":5,"amount":650},{"posx":0,"posy":6,"amount":750},{"posx":6,"posy":6,"amount":100},{"posx":10,"posy":6,"amount":400},{"posx":6,"posy":7,"amount":50},{"posx":9,"posy":8,"amount":200},{"posx":11,"posy":8,"amount":100}],"changedObstacles":[]},{"players":[{"playerId":67457,"score":1450,"energy":35,"posx":11,"posy":8,"lastAction":5,"status":0},{"playerId":2450708,"score":1350,"energy":12,"posx":7,"posy":4,"lastAction":0,"status":0},{"playerId":2370542,"score":0,"energy":0,"posx":17,"posy":7,"lastAction":6,"status":2},{"playerId":2241039,"score":1400,"energy":15,"posx":7,"posy":2,"lastAction":4,"status":0}],"golds":[{"posx":5,"posy":1,"amount":350},{"posx":0,"posy":2,"amount":50},{"posx":7,"posy":2,"amount":450},{"posx":6,"posy":4,"amount":450},{"posx":2,"posy":5,"amount":650},{"posx":0,"posy":6,"amount":750},{"posx":6,"posy":6,"amount":100},{"posx":10,"posy":6,"amount":400},{"posx":6,"posy":7,"amount":50},{"posx":9,"posy":8,"amount":200},{"posx":11,"posy":8,"amount":50}],"changedObstacles":[]},{"players":[{"playerId":67457,"score":1500,"energy":30,"posx":11,"posy":8,"lastAction":5,"status":0},{"playerId":2450708,"score":1350,"energy":8,"posx":6,"posy":4,"lastAction":0,"status":0},{"playerId":2370542,"score":0,"energy":0,"posx":17,"posy":7,"lastAction":6,"status":2},{"playerId":2241039,"score":1450,"energy":10,"posx":7,"posy":2,"lastAction":5,"status":0}],"golds":[{"posx":5,"posy":1,"amount":350},{"posx":0,"posy":2,"amount":50},{"posx":7,"posy":2,"amount":400},{"posx":6,"posy":4,"amount":450},{"posx":2,"posy":5,"amount":650},{"posx":0,"posy":6,"amount":750},{"posx":6,"posy":6,"amount":100},{"posx":10,"posy":6,"amount":400},{"posx":6,"posy":7,"amount":50},{"posx":9,"posy":8,"amount":200}],"changedObstacles":[{"type":0,"posx":11,"posy":8,"value":-1}]},{"players":[{"playerId":67457,"score":1500,"energy":29,"posx":10,"posy":8,"lastAction":0,"status":0},{"playerId":2450708,"score":1400,"energy":3,"posx":6,"posy":4,"lastAction":5,"status":0},{"playerId":2370542,"score":0,"energy":0,"posx":17,"posy":7,"lastAction":6,"status":2},{"playerId":2241039,"score":1500,"energy":5,"posx":7,"posy":2,"lastAction":5,"status":0}],"golds":[{"posx":5,"posy":1,"amount":350},{"posx":0,"posy":2,"amount":50},{"posx":7,"posy":2,"amount":350},{"posx":6,"posy":4,"amount":400},{"posx":2,"posy":5,"amount":650},{"posx":0,"posy":6,"amount":750},{"posx":6,"posy":6,"amount":100},{"posx":10,"posy":6,"amount":400},{"posx":6,"posy":7,"amount":50},{"posx":9,"posy":8,"amount":200}],"changedObstacles":[]},{"players":[{"playerId":67457,"score":1500,"energy":25,"posx":9,"posy":8,"lastAction":0,"status":0},{"playerId":2450708,"score":1400,"energy":15,"posx":6,"posy":4,"lastAction":4,"status":0},{"playerId":2370542,"score":0,"energy":0,"posx":17,"posy":7,"lastAction":6,"status":2},{"playerId":2241039,"score":1500,"energy":17,"posx":7,"posy":2,"lastAction":4,"status":0}],"golds":[{"posx":5,"posy":1,"amount":350},{"posx":0,"posy":2,"amount":50},{"posx":7,"posy":2,"amount":350},{"posx":6,"posy":4,"amount":400},{"posx":2,"posy":5,"amount":650},{"posx":0,"posy":6,"amount":750},{"posx":6,"posy":6,"amount":100},{"posx":10,"posy":6,"amount":400},{"posx":6,"posy":7,"amount":50},{"posx":9,"posy":8,"amount":200}],"changedObstacles":[]},{"players":[{"playerId":67457,"score":1550,"energy":20,"posx":9,"posy":8,"lastAction":5,"status":0},{"playerId":2450708,"score":1400,"energy":31,"posx":6,"posy":4,"lastAction":4,"status":0},{"playerId":2370542,"score":0,"energy":0,"posx":17,"posy":7,"lastAction":6,"status":2},{"playerId":2241039,"score":1550,"energy":12,"posx":7,"posy":2,"lastAction":5,"status":0}],"golds":[{"posx":5,"posy":1,"amount":350},{"posx":0,"posy":2,"amount":50},{"posx":7,"posy":2,"amount":300},{"posx":6,"posy":4,"amount":400},{"posx":2,"posy":5,"amount":650},{"posx":0,"posy":6,"amount":750},{"posx":6,"posy":6,"amount":100},{"posx":10,"posy":6,"amount":400},{"posx":6,"posy":7,"amount":50},{"posx":9,"posy":8,"amount":150}],"changedObstacles":[]},{"players":[{"playerId":67457,"score":1600,"energy":15,"posx":9,"posy":8,"lastAction":5,"status":0},{"playerId":2450708,"score":1450,"energy":26,"posx":6,"posy":4,"lastAction":5,"status":0},{"playerId":2370542,"score":0,"energy":0,"posx":17,"posy":7,"lastAction":6,"status":2},{"playerId":2241039,"score":1600,"energy":7,"posx":7,"posy":2,"lastAction":5,"status":0}],"golds":[{"posx":5,"posy":1,"amount":350},{"posx":0,"posy":2,"amount":50},{"posx":7,"posy":2,"amount":250},{"posx":6,"posy":4,"amount":350},{"posx":2,"posy":5,"amount":650},{"posx":0,"posy":6,"amount":750},{"posx":6,"posy":6,"amount":100},{"posx":10,"posy":6,"amount":400},{"posx":6,"posy":7,"amount":50},{"posx":9,"posy":8,"amount":100}],"changedObstacles":[]},{"players":[{"playerId":67457,"score":1650,"energy":10,"posx":9,"posy":8,"lastAction":5,"status":0},{"playerId":2450708,"score":1500,"energy":21,"posx":6,"posy":4,"lastAction":5,"status":0},{"playerId":2370542,"score":0,"energy":0,"posx":17,"posy":7,"lastAction":6,"status":2},{"playerId":2241039,"score":1650,"energy":2,"posx":7,"posy":2,"lastAction":5,"status":0}],"golds":[{"posx":5,"posy":1,"amount":350},{"posx":0,"posy":2,"amount":50},{"posx":7,"posy":2,"amount":200},{"posx":6,"posy":4,"amount":300},{"posx":2,"posy":5,"amount":650},{"posx":0,"posy":6,"amount":750},{"posx":6,"posy":6,"amount":100},{"posx":10,"posy":6,"amount":400},{"posx":6,"posy":7,"amount":50},{"posx":9,"posy":8,"amount":50}],"changedObstacles":[]},{"players":[{"playerId":67457,"score":1700,"energy":5,"posx":9,"posy":8,"lastAction":5,"status":0},{"playerId":2450708,"score":1550,"energy":16,"posx":6,"posy":4,"lastAction":5,"status":0},{"playerId":2370542,"score":0,"energy":0,"posx":17,"posy":7,"lastAction":6,"status":2},{"playerId":2241039,"score":1650,"energy":14,"posx":7,"posy":2,"lastAction":4,"status":0}],"golds":[{"posx":5,"posy":1,"amount":350},{"posx":0,"posy":2,"amount":50},{"posx":7,"posy":2,"amount":200},{"posx":6,"posy":4,"amount":250},{"posx":2,"posy":5,"amount":650},{"posx":0,"posy":6,"amount":750},{"posx":6,"posy":6,"amount":100},{"posx":10,"posy":6,"amount":400},{"posx":6,"posy":7,"amount":50}],"changedObstacles":[{"type":0,"posx":9,"posy":8,"value":-1}]},{"players":[{"playerId":67457,"score":1700,"energy":4,"posx":10,"posy":8,"lastAction":1,"status":0},{"playerId":2450708,"score":1600,"energy":11,"posx":6,"posy":4,"lastAction":5,"status":0},{"playerId":2370542,"score":0,"energy":0,"posx":17,"posy":7,"lastAction":6,"status":2},{"playerId":2241039,"score":1700,"energy":9,"posx":7,"posy":2,"lastAction":5,"status":0}],"golds":[{"posx":5,"posy":1,"amount":350},{"posx":0,"posy":2,"amount":50},{"posx":7,"posy":2,"amount":150},{"posx":6,"posy":4,"amount":200},{"posx":2,"posy":5,"amount":650},{"posx":0,"posy":6,"amount":750},{"posx":6,"posy":6,"amount":100},{"posx":10,"posy":6,"amount":400},{"posx":6,"posy":7,"amount":50}],"changedObstacles":[]},{"players":[{"playerId":67457,"score":1700,"energy":3,"posx":10,"posy":7,"lastAction":2,"status":0},{"playerId":2450708,"score":1650,"energy":6,"posx":6,"posy":4,"lastAction":5,"status":0},{"playerId":2370542,"score":0,"energy":0,"posx":17,"posy":7,"lastAction":6,"status":2},{"playerId":2241039,"score":1750,"energy":4,"posx":7,"posy":2,"lastAction":5,"status":0}],"golds":[{"posx":5,"posy":1,"amount":350},{"posx":0,"posy":2,"amount":50},{"posx":7,"posy":2,"amount":100},{"posx":6,"posy":4,"amount":150},{"posx":2,"posy":5,"amount":650},{"posx":0,"posy":6,"amount":750},{"posx":6,"posy":6,"amount":100},{"posx":10,"posy":6,"amount":400},{"posx":6,"posy":7,"amount":50}],"changedObstacles":[]},{"players":[{"playerId":67457,"score":1700,"energy":15,"posx":10,"posy":7,"lastAction":4,"status":0},{"playerId":2450708,"score":1700,"energy":1,"posx":6,"posy":4,"lastAction":5,"status":0},{"playerId":2370542,"score":0,"energy":0,"posx":17,"posy":7,"lastAction":6,"status":2},{"playerId":2241039,"score":1750,"energy":16,"posx":7,"posy":2,"lastAction":4,"status":0}],"golds":[{"posx":5,"posy":1,"amount":350},{"posx":0,"posy":2,"amount":50},{"posx":7,"posy":2,"amount":100},{"posx":6,"posy":4,"amount":100},{"posx":2,"posy":5,"amount":650},{"posx":0,"posy":6,"amount":750},{"posx":6,"posy":6,"amount":100},{"posx":10,"posy":6,"amount":400},{"posx":6,"posy":7,"amount":50}],"changedObstacles":[]},{"players":[{"playerId":67457,"score":1700,"energy":31,"posx":10,"posy":7,"lastAction":4,"status":0},{"playerId":2450708,"score":1700,"energy":13,"posx":6,"posy":4,"lastAction":4,"status":0},{"playerId":2370542,"score":0,"energy":0,"posx":17,"posy":7,"lastAction":6,"status":2},{"playerId":2241039,"score":1800,"energy":11,"posx":7,"posy":2,"lastAction":5,"status":0}],"golds":[{"posx":5,"posy":1,"amount":350},{"posx":0,"posy":2,"amount":50},{"posx":7,"posy":2,"amount":50},{"posx":6,"posy":4,"amount":100},{"posx":2,"posy":5,"amount":650},{"posx":0,"posy":6,"amount":750},{"posx":6,"posy":6,"amount":100},{"posx":10,"posy":6,"amount":400},{"posx":6,"posy":7,"amount":50}],"changedObstacles":[]},{"players":[{"playerId":67457,"score":1700,"energy":50,"posx":10,"posy":7,"lastAction":4,"status":0},{"playerId":2450708,"score":1750,"energy":8,"posx":6,"posy":4,"lastAction":5,"status":0},{"playerId":2370542,"score":0,"energy":0,"posx":17,"posy":7,"lastAction":6,"status":2},{"playerId":2241039,"score":1850,"energy":6,"posx":7,"posy":2,"lastAction":5,"status":0}],"golds":[{"posx":5,"posy":1,"amount":350},{"posx":0,"posy":2,"amount":50},{"posx":6,"posy":4,"amount":50},{"posx":2,"posy":5,"amount":650},{"posx":0,"posy":6,"amount":750},{"posx":6,"posy":6,"amount":100},{"posx":10,"posy":6,"amount":400},{"posx":6,"posy":7,"amount":50}],"changedObstacles":[{"type":0,"posx":7,"posy":2,"value":-1}]},{"players":[{"playerId":67457,"score":1700,"energy":46,"posx":10,"posy":6,"lastAction":2,"status":0},{"playerId":2450708,"score":1800,"energy":3,"posx":6,"posy":4,"lastAction":5,"status":0},{"playerId":2370542,"score":0,"energy":0,"posx":17,"posy":7,"lastAction":6,"status":2},{"playerId":2241039,"score":1850,"energy":5,"posx":7,"posy":1,"lastAction":2,"status":0}],"golds":[{"posx":5,"posy":1,"amount":350},{"posx":0,"posy":2,"amount":50},{"posx":2,"posy":5,"amount":650},{"posx":0,"posy":6,"amount":750},{"posx":6,"posy":6,"amount":100},{"posx":10,"posy":6,"amount":400},{"posx":6,"posy":7,"amount":50}],"changedObstacles":[{"type":0,"posx":6,"posy":4,"value":-1}]},{"players":[{"playerId":67457,"score":1750,"energy":41,"posx":10,"posy":6,"lastAction":5,"status":0},{"playerId":2450708,"score":1800,"energy":15,"posx":6,"posy":4,"lastAction":4,"status":0},{"playerId":2370542,"score":0,"energy":0,"posx":17,"posy":7,"lastAction":6,"status":2},{"playerId":2241039,"score":1850,"energy":4,"posx":6,"posy":1,"lastAction":0,"status":0}],"golds":[{"posx":5,"posy":1,"amount":350},{"posx":0,"posy":2,"amount":50},{"posx":2,"posy":5,"amount":650},{"posx":0,"posy":6,"amount":750},{"posx":6,"posy":6,"amount":100},{"posx":10,"posy":6,"amount":350},{"posx":6,"posy":7,"amount":50}],"changedObstacles":[]},{"players":[{"playerId":67457,"score":1800,"energy":36,"posx":10,"posy":6,"lastAction":5,"status":0},{"playerId":2450708,"score":1800,"energy":14,"posx":5,"posy":4,"lastAction":0,"status":0},{"playerId":2370542,"score":0,"energy":0,"posx":17,"posy":7,"lastAction":6,"status":2},{"playerId":2241039,"score":1850,"energy":16,"posx":6,"posy":1,"lastAction":4,"status":0}],"golds":[{"posx":5,"posy":1,"amount":350},{"posx":0,"posy":2,"amount":50},{"posx":2,"posy":5,"amount":650},{"posx":0,"posy":6,"amount":750},{"posx":6,"posy":6,"amount":100},{"posx":10,"posy":6,"amount":300},{"posx":6,"posy":7,"amount":50}],"changedObstacles":[]},{"players":[{"playerId":67457,"score":1850,"energy":31,"posx":10,"posy":6,"lastAction":5,"status":0},{"playerId":2450708,"score":1800,"energy":13,"posx":4,"posy":4,"lastAction":0,"status":0},{"playerId":2370542,"score":0,"energy":0,"posx":17,"posy":7,"lastAction":6,"status":2},{"playerId":2241039,"score":1850,"energy":12,"posx":5,"posy":1,"lastAction":0,"status":0}],"golds":[{"posx":5,"posy":1,"amount":350},{"posx":0,"posy":2,"amount":50},{"posx":2,"posy":5,"amount":650},{"posx":0,"posy":6,"amount":750},{"posx":6,"posy":6,"amount":100},{"posx":10,"posy":6,"amount":250},{"posx":6,"posy":7,"amount":50}],"changedObstacles":[]},{"players":[{"playerId":67457,"score":1900,"energy":26,"posx":10,"posy":6,"lastAction":5,"status":0},{"playerId":2450708,"score":1800,"energy":12,"posx":3,"posy":4,"lastAction":0,"status":0},{"playerId":2370542,"score":0,"energy":0,"posx":17,"posy":7,"lastAction":6,"status":2},{"playerId":2241039,"score":1900,"energy":7,"posx":5,"posy":1,"lastAction":5,"status":0}],"golds":[{"posx":5,"posy":1,"amount":300},{"posx":0,"posy":2,"amount":50},{"posx":2,"posy":5,"amount":650},{"posx":0,"posy":6,"amount":750},{"posx":6,"posy":6,"amount":100},{"posx":10,"posy":6,"amount":200},{"posx":6,"posy":7,"amount":50}],"changedObstacles":[]},{"players":[{"playerId":67457,"score":1950,"energy":21,"posx":10,"posy":6,"lastAction":5,"status":0},{"playerId":2450708,"score":1800,"energy":11,"posx":2,"posy":4,"lastAction":0,"status":0},{"playerId":2370542,"score":0,"energy":0,"posx":17,"posy":7,"lastAction":6,"status":2},{"playerId":2241039,"score":1950,"energy":2,"posx":5,"posy":1,"lastAction":5,"status":0}],"golds":[{"posx":5,"posy":1,"amount":250},{"posx":0,"posy":2,"amount":50},{"posx":2,"posy":5,"amount":650},{"posx":0,"posy":6,"amount":750},{"posx":6,"posy":6,"amount":100},{"posx":10,"posy":6,"amount":150},{"posx":6,"posy":7,"amount":50}],"changedObstacles":[]},{"players":[{"playerId":67457,"score":2000,"energy":16,"posx":10,"posy":6,"lastAction":5,"status":0},{"playerId":2450708,"score":1800,"energy":10,"posx":1,"posy":4,"lastAction":0,"status":0},{"playerId":2370542,"score":0,"energy":0,"posx":17,"posy":7,"lastAction":6,"status":2},{"playerId":2241039,"score":1950,"energy":14,"posx":5,"posy":1,"lastAction":4,"status":0}],"golds":[{"posx":5,"posy":1,"amount":250},{"posx":0,"posy":2,"amount":50},{"posx":2,"posy":5,"amount":650},{"posx":0,"posy":6,"amount":750},{"posx":6,"posy":6,"amount":100},{"posx":10,"posy":6,"amount":100},{"posx":6,"posy":7,"amount":50}],"changedObstacles":[]},{"players":[{"playerId":67457,"score":2050,"energy":11,"posx":10,"posy":6,"lastAction":5,"status":0},{"playerId":2450708,"score":1800,"energy":9,"posx":1,"posy":5,"lastAction":3,"status":0},{"playerId":2370542,"score":0,"energy":0,"posx":17,"posy":7,"lastAction":6,"status":2},{"playerId":2241039,"score":2000,"energy":9,"posx":5,"posy":1,"lastAction":5,"status":0}],"golds":[{"posx":5,"posy":1,"amount":200},{"posx":0,"posy":2,"amount":50},{"posx":2,"posy":5,"amount":650},{"posx":0,"posy":6,"amount":750},{"posx":6,"posy":6,"amount":100},{"posx":10,"posy":6,"amount":50},{"posx":6,"posy":7,"amount":50}],"changedObstacles":[]},{"players":[{"playerId":67457,"score":2100,"energy":6,"posx":10,"posy":6,"lastAction":5,"status":0},{"playerId":2450708,"score":1800,"energy":8,"posx":0,"posy":5,"lastAction":0,"status":0},{"playerId":2370542,"score":0,"energy":0,"posx":17,"posy":7,"lastAction":6,"status":2},{"playerId":2241039,"score":2050,"energy":4,"posx":5,"posy":1,"lastAction":5,"status":0}],"golds":[{"posx":5,"posy":1,"amount":150},{"posx":0,"posy":2,"amount":50},{"posx":2,"posy":5,"amount":650},{"posx":0,"posy":6,"amount":750},{"posx":6,"posy":6,"amount":100},{"posx":6,"posy":7,"amount":50}],"changedObstacles":[{"type":0,"posx":10,"posy":6,"value":-1}]},{"players":[{"playerId":67457,"score":2100,"energy":1,"posx":9,"posy":6,"lastAction":0,"status":0},{"playerId":2450708,"score":1800,"energy":4,"posx":0,"posy":6,"lastAction":3,"status":0},{"playerId":2370542,"score":0,"energy":0,"posx":17,"posy":7,"lastAction":6,"status":2},{"playerId":2241039,"score":2050,"energy":16,"posx":5,"posy":1,"lastAction":4,"status":0}],"golds":[{"posx":5,"posy":1,"amount":150},{"posx":0,"posy":2,"amount":50},{"posx":2,"posy":5,"amount":650},{"posx":0,"posy":6,"amount":750},{"posx":6,"posy":6,"amount":100},{"posx":6,"posy":7,"amount":50}],"changedObstacles":[{"type":3,"posx":9,"posy":6,"value":-20}]},{"players":[{"playerId":67457,"score":2100,"energy":13,"posx":9,"posy":6,"lastAction":4,"status":0},{"playerId":2450708,"score":1800,"energy":16,"posx":0,"posy":6,"lastAction":4,"status":0},{"playerId":2370542,"score":0,"energy":0,"posx":17,"posy":7,"lastAction":6,"status":2},{"playerId":2241039,"score":2100,"energy":11,"posx":5,"posy":1,"lastAction":5,"status":0}],"golds":[{"posx":5,"posy":1,"amount":100},{"posx":0,"posy":2,"amount":50},{"posx":2,"posy":5,"amount":650},{"posx":0,"posy":6,"amount":750},{"posx":6,"posy":6,"amount":100},{"posx":6,"posy":7,"amount":50}],"changedObstacles":[]},{"players":[{"playerId":67457,"score":2100,"energy":29,"posx":9,"posy":6,"lastAction":4,"status":0},{"playerId":2450708,"score":1800,"energy":32,"posx":0,"posy":6,"lastAction":4,"status":0},{"playerId":2370542,"score":0,"energy":0,"posx":17,"posy":7,"lastAction":6,"status":2},{"playerId":2241039,"score":2150,"energy":6,"posx":5,"posy":1,"lastAction":5,"status":0}],"golds":[{"posx":5,"posy":1,"amount":50},{"posx":0,"posy":2,"amount":50},{"posx":2,"posy":5,"amount":650},{"posx":0,"posy":6,"amount":750},{"posx":6,"posy":6,"amount":100},{"posx":6,"posy":7,"amount":50}],"changedObstacles":[]},{"players":[{"playerId":67457,"score":2100,"energy":50,"posx":9,"posy":6,"lastAction":4,"status":0},{"playerId":2450708,"score":1800,"energy":50,"posx":0,"posy":6,"lastAction":4,"status":0},{"playerId":2370542,"score":0,"energy":0,"posx":17,"posy":7,"lastAction":6,"status":2},{"playerId":2241039,"score":2200,"energy":1,"posx":5,"posy":1,"lastAction":5,"status":0}],"golds":[{"posx":0,"posy":2,"amount":50},{"posx":2,"posy":5,"amount":650},{"posx":0,"posy":6,"amount":750},{"posx":6,"posy":6,"amount":100},{"posx":6,"posy":7,"amount":50}],"changedObstacles":[{"type":0,"posx":5,"posy":1,"value":-1}]},{"players":[{"playerId":67457,"score":2100,"energy":44,"posx":8,"posy":6,"lastAction":0,"status":0},{"playerId":2450708,"score":1850,"energy":45,"posx":0,"posy":6,"lastAction":5,"status":0},{"playerId":2370542,"score":0,"energy":0,"posx":17,"posy":7,"lastAction":6,"status":2},{"playerId":2241039,"score":2200,"energy":13,"posx":5,"posy":1,"lastAction":4,"status":0}],"golds":[{"posx":0,"posy":2,"amount":50},{"posx":2,"posy":5,"amount":650},{"posx":0,"posy":6,"amount":700},{"posx":6,"posy":6,"amount":100},{"posx":6,"posy":7,"amount":50}],"changedObstacles":[]},{"players":[{"playerId":67457,"score":2100,"energy":43,"posx":7,"posy":6,"lastAction":0,"status":0},{"playerId":2450708,"score":1900,"energy":40,"posx":0,"posy":6,"lastAction":5,"status":0},{"playerId":2370542,"score":0,"energy":0,"posx":17,"posy":7,"lastAction":6,"status":2},{"playerId":2241039,"score":2200,"energy":29,"posx":5,"posy":1,"lastAction":4,"status":0}],"golds":[{"posx":0,"posy":2,"amount":50},{"posx":2,"posy":5,"amount":650},{"posx":0,"posy":6,"amount":650},{"posx":6,"posy":6,"amount":100},{"posx":6,"posy":7,"amount":50}],"changedObstacles":[]},{"players":[{"playerId":67457,"score":2100,"energy":39,"posx":6,"posy":6,"lastAction":0,"status":0},{"playerId":2450708,"score":1950,"energy":35,"posx":0,"posy":6,"lastAction":5,"status":0},{"playerId":2370542,"score":0,"energy":0,"posx":17,"posy":7,"lastAction":6,"status":2},{"playerId":2241039,"score":2200,"energy":14,"posx":4,"posy":1,"lastAction":0,"status":0}],"golds":[{"posx":0,"posy":2,"amount":50},{"posx":2,"posy":5,"amount":650},{"posx":0,"posy":6,"amount":600},{"posx":6,"posy":6,"amount":100},{"posx":6,"posy":7,"amount":50}],"changedObstacles":[]},{"players":[{"playerId":67457,"score":2150,"energy":34,"posx":6,"posy":6,"lastAction":5,"status":0},{"playerId":2450708,"score":2000,"energy":30,"posx":0,"posy":6,"lastAction":5,"status":0},{"playerId":2370542,"score":0,"energy":0,"posx":17,"posy":7,"lastAction":6,"status":2},{"playerId":2241039,"score":2200,"energy":13,"posx":3,"posy":1,"lastAction":0,"status":0}],"golds":[{"posx":0,"posy":2,"amount":50},{"posx":2,"posy":5,"amount":650},{"posx":0,"posy":6,"amount":550},{"posx":6,"posy":6,"amount":50},{"posx":6,"posy":7,"amount":50}],"changedObstacles":[]},{"players":[{"playerId":67457,"score":2200,"energy":29,"posx":6,"posy":6,"lastAction":5,"status":0},{"playerId":2450708,"score":2050,"energy":25,"posx":0,"posy":6,"lastAction":5,"status":0},{"playerId":2370542,"score":0,"energy":0,"posx":17,"posy":7,"lastAction":6,"status":2},{"playerId":2241039,"score":2200,"energy":8,"posx":2,"posy":1,"lastAction":0,"status":0}],"golds":[{"posx":0,"posy":2,"amount":50},{"posx":2,"posy":5,"amount":650},{"posx":0,"posy":6,"amount":500},{"posx":6,"posy":7,"amount":50}],"changedObstacles":[{"type":3,"posx":2,"posy":1,"value":-20},{"type":0,"posx":6,"posy":6,"value":-1}]},{"players":[{"playerId":67457,"score":2200,"energy":25,"posx":6,"posy":7,"lastAction":3,"status":0},{"playerId":2450708,"score":2100,"energy":20,"posx":0,"posy":6,"lastAction":5,"status":0},{"playerId":2370542,"score":0,"energy":0,"posx":17,"posy":7,"lastAction":6,"status":2},{"playerId":2241039,"score":2200,"energy":20,"posx":2,"posy":1,"lastAction":4,"status":0}],"golds":[{"posx":0,"posy":2,"amount":50},{"posx":2,"posy":5,"amount":650},{"posx":0,"posy":6,"amount":450},{"posx":6,"posy":7,"amount":50}],"changedObstacles":[]},{"players":[{"playerId":67457,"score":2250,"energy":20,"posx":6,"posy":7,"lastAction":5,"status":0},{"playerId":2450708,"score":2150,"energy":15,"posx":0,"posy":6,"lastAction":5,"status":0},{"playerId":2370542,"score":0,"energy":0,"posx":17,"posy":7,"lastAction":6,"status":2},{"playerId":2241039,"score":2200,"energy":19,"posx":2,"posy":2,"lastAction":3,"status":0}],"golds":[{"posx":0,"posy":2,"amount":50},{"posx":2,"posy":5,"amount":650},{"posx":0,"posy":6,"amount":400}],"changedObstacles":[{"type":0,"posx":6,"posy":7,"value":-1}]},{"players":[{"playerId":67457,"score":2250,"energy":19,"posx":5,"posy":7,"lastAction":0,"status":0},{"playerId":2450708,"score":2200,"energy":10,"posx":0,"posy":6,"lastAction":5,"status":0},{"playerId":2370542,"score":0,"energy":0,"posx":17,"posy":7,"lastAction":6,"status":2},{"playerId":2241039,"score":2200,"energy":18,"posx":2,"posy":3,"lastAction":3,"status":0}],"golds":[{"posx":0,"posy":2,"amount":50},{"posx":2,"posy":5,"amount":650},{"posx":0,"posy":6,"amount":350}],"changedObstacles":[]}]