[{"players":[{"playerId":3099802,"score":0,"energy":31,"posx":17,"posy":6,"lastAction":2,"status":0},{"playerId":3573,"score":0,"energy":40,"posx":18,"posy":7,"lastAction":1,"status":0},{"playerId":75082,"score":0,"energy":39,"posx":17,"posy":8,"lastAction":3,"status":0},{"playerId":2294637,"score":0,"energy":40,"posx":18,"posy":7,"lastAction":1,"status":0}],"golds":[{"posx":6,"posy":4,"amount":450},{"posx":9,"posy":1,"amount":450},{"posx":18,"posy":3,"amount":250},{"posx":0,"posy":2,"amount":50},{"posx":20,"posy":7,"amount":700},{"posx":6,"posy":6,"amount":100},{"posx":7,"posy":1,"amount":150},{"posx":14,"posy":6,"amount":250},{"posx":6,"posy":7,"amount":50},{"posx":13,"posy":5,"amount":500},{"posx":9,"posy":8,"amount":200},{"posx":11,"posy":8,"amount":200},{"posx":7,"posy":2,"amount":700},{"posx":14,"posy":7,"amount":500},{"posx":15,"posy":3,"amount":250},{"posx":20,"posy":3,"amount":750},{"posx":10,"posy":6,"amount":400},{"posx":0,"posy":6,"amount":750},{"posx":2,"posy":5,"amount":650},{"posx":5,"posy":1,"amount":350}],"changedObstacles":[{"type":0,"posx":18,"posy":7,"value":-1}]},{"players":[{"playerId":3099802,"score":0,"energy":30,"posx":16,"posy":6,"lastAction":0,"status":0},{"playerId":3573,"score":0,"energy":39,"posx":19,"posy":7,"lastAction":1,"status":0},{"playerId":75082,"score":0,"energy":29,"posx":16,"posy":8,"lastAction":0,"status":0},{"playerId":2294637,"score":0,"energy":39,"posx":19,"posy":7,"lastAction":1,"status":0}],"golds":[{"posx":6,"posy":4,"amount":450},{"posx":9,"posy":1,"amount":450},{"posx":18,"posy":3,"amount":250},{"posx":0,"posy":2,"amount":50},{"posx":20,"posy":7,"amount":700},{"posx":6,"posy":6,"amount":100},{"posx":7,"posy":1,"amount":150},{"posx":14,"posy":6,"amount":250},{"posx":6,"posy":7,"amount":50},{"posx":13,"posy":5,"amount":500},{"posx":9,"posy":8,"amount":200},{"posx":11,"posy":8,"amount":200},{"posx":7,"posy":2,"amount":700},{"posx":14,"posy":7,"amount":500},{"posx":15,"posy":3,"amount":250},{"posx":20,"posy":3,"amount":750},{"posx":10,"posy":6,"amount":400},{"posx":0,"posy":6,"amount":750},{"posx":2,"posy":5,"amount":650},{"posx":5,"posy":1,"amount":350}],"changedObstacles":[{"type":0,"posx":16,"posy":8,"value":-1}]},{"players":[{"playerId":3099802,"score":0,"energy":29,"posx":15,"posy":6,"lastAction":0,"status":0},{"playerId":3573,"score":0,"energy":35,"posx":20,"posy":7,"lastAction":1,"status":0},{"playerId":75082,"score":0,"energy":17,"posx":15,"posy":8,"lastAction":0,"status":0},{"playerId":2294637,"score":0,"energy":35,"posx":20,"posy":7,"lastAction":1,"status":0}],"golds":[{"posx":6,"posy":4,"amount":450},{"posx":9,"posy":1,"amount":450},{"posx":18,"posy":3,"amount":250},{"posx":0,"posy":2,"amount":50},{"posx":20,"posy":7,"amount":700},{"posx":6,"posy":6,"amount":100},{"posx":7,"posy":1,"amount":150},{"posx":14,"posy":6,"amount":250},{"posx":6,"posy":7,"amount":50},{"posx":13,"posy":5,"amount":500},{"posx":9,"posy":8,"amount":200},{"posx":11,"posy":8,"amount":200},{"posx":7,"posy":2,"amount":700},{"posx":14,"posy":7,"amount":500},{"posx":15,"posy":3,"amount":250},{"posx":20,"posy":3,"amount":750},{"posx":10,"posy":6,"amount":400},{"posx":0,"posy":6,"amount":750},{"posx":2,"posy":5,"amount":650},{"posx":5,"posy":1,"amount":350}],"changedObstacles":[]},{"players":[{"playerId":3099802,"score":0,"energy":28,"posx":15,"posy":5,"lastAction":2,"status":0},{"playerId":3573,"score":50,"energy":30,"posx":20,"posy":7,"lastAction":5,"status":0},{"playerId":75082,"score":0,"energy":29,"posx":15,"posy":8,"lastAction":4,"status":0},{"playerId":2294637,"score":50,"energy":30,"posx":20,"posy":7,"lastAction":5,"status":0}],"golds":[{"posx":5,"posy":1,"amount":350},{"posx":7,"posy":1,"amount":150},{"posx":9,"posy":1,"amount":450},{"posx":0,"posy":2,"amount":50},{"posx":7,"posy":2,"amount":700},{"posx":15,"posy":3,"amount":250},{"posx":18,"posy":3,"amount":250},{"posx":20,"posy":3,"amount":750},{"posx":6,"posy":4,"amount":450},{"posx":2,"posy":5,"amount":650},{"posx":13,"posy":5,"amount":500},{"posx":0,"posy":6,"amount":750},{"posx":6,"posy":6,"amount":100},{"posx":10,"posy":6,"amount":400},{"posx":14,"posy":6,"amount":250},{"posx":6,"posy":7,"amount":50},{"posx":14,"posy":7,"amount":500},{"posx":20,"posy":7,"amount":600},{"posx":9,"posy":8,"amount":200},{"posx":11,"posy":8,"amount":200}],"changedObstacles":[]},{"players":[{"playerId":3099802,"score":0,"energy":27,"posx":14,"posy":5,"lastAction":0,"status":0},{"playerId":3573,"score":100,"energy":25,"posx":20,"posy":7,"lastAction":5,"status":0},{"playerId":75082,"score":0,"energy":45,"posx":15,"posy":8,"lastAction":4,"status":0},{"playerId":2294637,"score":100,"energy":25,"posx":20,"posy":7,"lastAction":5,"status":0}],"golds":[{"posx":5,"posy":1,"amount":350},{"posx":7,"posy":1,"amount":150},{"posx":9,"posy":1,"amount":450},{"posx":0,"posy":2,"amount":50},{"posx":7,"posy":2,"amount":700},{"posx":15,"posy":3,"amount":250},{"posx":18,"posy":3,"amount":250},{"posx":20,"posy":3,"amount":750},{"posx":6,"posy":4,"amount":450},{"posx":2,"posy":5,"amount":650},{"posx":13,"posy":5,"amount":500},{"posx":0,"posy":6,"amount":750},{"posx":6,"posy":6,"amount":100},{"posx":10,"posy":6,"amount":400},{"posx":14,"posy":6,"amount":250},{"posx":6,"posy":7,"amount":50},{"posx":14,"posy":7,"amount":500},{"posx":20,"posy":7,"amount":500},{"posx":9,"posy":8,"amount":200},{"posx":11,"posy":8,"amount":200}],"changedObstacles":[]},{"players":[{"playerId":3099802,"score":0,"energy":23,"posx":13,"posy":5,"lastAction":0,"status":0},{"playerId":3573,"score":150,"energy":20,"posx":20,"posy":7,"lastAction":5,"status":0},{"playerId":75082,"score":0,"energy":25,"posx":14,"posy":8,"lastAction":0,"status":0},{"playerId":2294637,"score":150,"energy":20,"posx":20,"posy":7,"lastAction":5,"status":0}],"golds":[{"posx":5,"posy":1,"amount":350},{"posx":7,"posy":1,"amount":150},{"posx":9,"posy":1,"amount":450},{"posx":0,"posy":2,"amount":50},{"posx":7,"posy":2,"amount":700},{"posx":15,"posy":3,"amount":250},{"posx":18,"posy":3,"amount":250},{"posx":20,"posy":3,"amount":750},{"posx":6,"posy":4,"amount":450},{"posx":2,"posy":5,"amount":650},{"posx":13,"posy":5,"amount":500},{"posx":0,"posy":6,"amount":750},{"posx":6,"posy":6,"amount":100},{"posx":10,"posy":6,"amount":400},{"posx":14,"posy":6,"amount":250},{"posx":6,"posy":7,"amount":50},{"posx":14,"posy":7,"amount":500},{"posx":20,"posy":7,"amount":400},{"posx":9,"posy":8,"amount":200},{"posx":11,"posy":8,"amount":200}],"changedObstacles":[]},{"players":[{"playerId":3099802,"score":0,"energy":35,"posx":13,"posy":5,"lastAction":4,"status":0},{"playerId":3573,"score":200,"energy":15,"posx":20,"posy":7,"lastAction":5,"status":0},{"playerId":75082,"score":0,"energy":21,"posx":14,"posy":7,"lastAction":2,"status":0},{"playerId":2294637,"score":200,"energy":15,"posx":20,"posy":7,"lastAction":5,"status":0}],"golds":[{"posx":5,"posy":1,"amount":350},{"posx":7,"posy":1,"amount":150},{"posx":9,"posy":1,"amount":450},{"posx":0,"posy":2,"amount":50},{"posx":7,"posy":2,"amount":700},{"posx":15,"posy":3,"amount":250},{"posx":18,"posy":3,"amount":250},{"posx":20,"posy":3,"amount":750},{"posx":6,"posy":4,"amount":450},{"posx":2,"posy":5,"amount":650},{"posx":13,"posy":5,"amount":500},{"posx":0,"posy":6,"amount":750},{"posx":6,"posy":6,"amount":100},{"posx":10,"posy":6,"amount":400},{"posx":14,"posy":6,"amount":250},{"posx":6,"posy":7,"amount":50},{"posx":14,"posy":7,"amount":500},{"posx":20,"posy":7,"amount":300},{"posx":9,"posy":8,"amount":200},{"posx":11,"posy":8,"amount":200}],"changedObstacles":[]},{"players":[{"playerId":3099802,"score":0,"energy":50,"posx":13,"posy":5,"lastAction":4,"status":0},{"playerId":3573,"score":250,"energy":10,"posx":20,"posy":7,"lastAction":5,"status":0},{"playerId":75082,"score":50,"energy":16,"posx":14,"posy":7,"lastAction":5,"status":0},{"playerId":2294637,"score":250,"energy":10,"posx":20,"posy":7,"lastAction":5,"status":0}],"golds":[{"posx":5,"posy":1,"amount":350},{"posx":7,"posy":1,"amount":150},{"posx":9,"posy":1,"amount":450},{"posx":0,"posy":2,"amount":50},{"posx":7,"posy":2,"amount":700},{"posx":15,"posy":3,"amount":250},{"posx":18,"posy":3,"amount":250},{"posx":20,"posy":3,"amount":750},{"posx":6,"posy":4,"amount":450},{"posx":2,"posy":5,"amount":650},{"posx":13,"posy":5,"amount":500},{"posx":0,"posy":6,"amount":750},{"posx":6,"posy":6,"amount":100},{"posx":10,"posy":6,"amount":400},{"posx":14,"posy":6,"amount":250},{"posx":6,"posy":7,"amount":50},{"posx":14,"posy":7,"amount":450},{"posx":20,"posy":7,"amount":200},{"posx":9,"posy":8,"amount":200},{"posx":11,"posy":8,"amount":200}],"changedObstacles":[]},{"players":[{"playerId":3099802,"score":50,"energy":45,"posx":13,"posy":5,"lastAction":5,"status":0},{"playerId":3573,"score":300,"energy":5,"posx":20,"posy":7,"lastAction":5,"status":0},{"playerId":75082,"score":100,"energy":11,"posx":14,"posy":7,"lastAction":5,"status":0},{"playerId":2294637,"score":300,"energy":5,"posx":20,"posy":7,"lastAction":5,"status":0}],"golds":[{"posx":5,"posy":1,"amount":350},{"posx":7,"posy":1,"amount":150},{"posx":9,"posy":1,"amount":450},{"posx":0,"posy":2,"amount":50},{"posx":7,"posy":2,"amount":700},{"posx":15,"posy":3,"amount":250},{"posx":18,"posy":3,"amount":250},{"posx":20,"posy":3,"amount":750},{"posx":6,"posy":4,"amount":450},{"posx":2,"posy":5,"amount":650},{"posx":13,"posy":5,"amount":450},{"posx":0,"posy":6,"amount":750},{"posx":6,"posy":6,"amount":100},{"posx":10,"posy":6,"amount":400},{"posx":14,"posy":6,"amount":250},{"posx":6,"posy":7,"amount":50},{"posx":14,"posy":7,"amount":400},{"posx":20,"posy":7,"amount":100},{"posx":9,"posy":8,"amount":200},{"posx":11,"posy":8,"amount":200}],"changedObstacles":[]},{"players":[{"playerId":3099802,"score":100,"energy":40,"posx":13,"posy":5,"lastAction":5,"status":0},{"playerId":3573,"score":300,"energy":17,"posx":20,"posy":7,"lastAction":4,"status":0},{"playerId":75082,"score":150,"energy":6,"posx":14,"posy":7,"lastAction":5,"status":0},{"playerId":2294637,"score":300,"energy":17,"posx":20,"posy":7,"lastAction":4,"status":0}],"golds":[{"posx":5,"posy":1,"amount":350},{"posx":7,"posy":1,"amount":150},{"posx":9,"posy":1,"amount":450},{"posx":0,"posy":2,"amount":50},{"posx":7,"posy":2,"amount":700},{"posx":15,"posy":3,"amount":250},{"posx":18,"posy":3,"amount":250},{"posx":20,"posy":3,"amount":750},{"posx":6,"posy":4,"amount":450},{"posx":2,"posy":5,"amount":650},{"posx":13,"posy":5,"amount":400},{"posx":0,"posy":6,"amount":750},{"posx":6,"posy":6,"amount":100},{"posx":10,"posy":6,"amount":400},{"posx":14,"posy":6,"amount":250},{"posx":6,"posy":7,"amount":50},{"posx":14,"posy":7,"amount":350},{"posx":20,"posy":7,"amount":100},{"posx":9,"posy":8,"amount":200},{"posx":11,"posy":8,"amount":200}],"changedObstacles":[]},{"players":[{"playerId":3099802,"score":150,"energy":35,"posx":13,"posy":5,"lastAction":5,"status":0},{"playerId":3573,"score":300,"energy":33,"posx":20,"posy":7,"lastAction":4,"status":0},{"playerId":75082,"score":200,"energy":1,"posx":14,"posy":7,"lastAction":5,"status":0},{"playerId":2294637,"score":350,"energy":12,"posx":20,"posy":7,"lastAction":5,"status":0}],"golds":[{"posx":5,"posy":1,"amount":350},{"posx":7,"posy":1,"amount":150},{"posx":9,"posy":1,"amount":450},{"posx":0,"posy":2,"amount":50},{"posx":7,"posy":2,"amount":700},{"posx":15,"posy":3,"amount":250},{"posx":18,"posy":3,"amount":250},{"posx":20,"posy":3,"amount":750},{"posx":6,"posy":4,"amount":450},{"posx":2,"posy":5,"amount":650},{"posx":13,"posy":5,"amount":350},{"posx":0,"posy":6,"amount":750},{"posx":6,"posy":6,"amount":100},{"posx":10,"posy":6,"amount":400},{"posx":14,"posy":6,"amount":250},{"posx":6,"posy":7,"amount":50},{"posx":14,"posy":7,"amount":300},{"posx":20,"posy":7,"amount":50},{"posx":9,"posy":8,"amount":200},{"posx":11,"posy":8,"amount":200}],"changedObstacles":[]},{"players":[{"playerId":3099802,"score":200,"energy":30,"posx":13,"posy":5,"lastAction":5,"status":0},{"playerId":3573,"score":300,"energy":50,"posx":20,"posy":7,"lastAction":4,"status":0},{"playerId":75082,"score":200,"energy":13,"posx":14,"posy":7,"lastAction":4,"status":0},{"playerId":2294637,"score":400,"energy":7,"posx":20,"posy":7,"lastAction":5,"status":0}],"golds":[{"posx":5,"posy":1,"amount":350},{"posx":7,"posy":1,"amount":150},{"posx":9,"posy":1,"amount":450},{"posx":0,"posy":2,"amount":50},{"posx":7,"posy":2,"amount":700},{"posx":15,"posy":3,"amount":250},{"posx":18,"posy":3,"amount":250},{"posx":20,"posy":3,"amount":750},{"posx":6,"posy":4,"amount":450},{"posx":2,"posy":5,"amount":650},{"posx":13,"posy":5,"amount":300},{"posx":0,"posy":6,"amount":750},{"posx":6,"posy":6,"amount":100},{"posx":10,"posy":6,"amount":400},{"posx":14,"posy":6,"amount":250},{"posx":6,"posy":7,"amount":50},{"posx":14,"posy":7,"amount":300},{"posx":9,"posy":8,"amount":200},{"posx":11,"posy":8,"amount":200}],"changedObstacles":[{"type":0,"posx":20,"posy":7,"value":-1}]},{"players":[{"playerId":3099802,"score":250,"energy":25,"posx":13,"posy":5,"lastAction":5,"status":0},{"playerId":3573,"score":300,"energy":49,"posx":20,"posy":6,"lastAction":2,"status":0},{"playerId":75082,"score":250,"energy":8,"posx":14,"posy":7,"lastAction":5,"status":0},{"playerId":2294637,"score":400,"energy":19,"posx":20,"posy":7,"lastAction":4,"status":0}],"golds":[{"posx":5,"posy":1,"amount":350},{"posx":7,"posy":1,"amount":150},{"posx":9,"posy":1,"amount":450},{"posx":0,"posy":2,"amount":50},{"posx":7,"posy":2,"amount":700},{"posx":15,"posy":3,"amount":250},{"posx":18,"posy":3,"amount":250},{"posx":20,"posy":3,"amount":750},{"posx":6,"posy":4,"amount":450},{"posx":2,"posy":5,"amount":650},{"posx":13,"posy":5,"amount":250},{"posx":0,"posy":6,"amount":750},{"posx":6,"posy":6,"amount":100},{"posx":10,"posy":6,"amount":400},{"posx":14,"posy":6,"amount":250},{"posx":6,"posy":7,"amount":50},{"posx":14,"posy":7,"amount":250},{"posx":9,"posy":8,"amount":200},{"posx":11,"posy":8,"amount":200}],"changedObstacles":[]},{"players":[{"playerId":3099802,"score":300,"energy":20,"posx":13,"posy":5,"lastAction":5,"status":0},{"playerId":3573,"score":300,"energy":30,"posx":20,"posy":5,"lastAction":2,"status":0},{"playerId":75082,"score":300,"energy":3,"posx":14,"posy":7,"lastAction":5,"status":0},{"playerId":2294637,"score":400,"energy":35,"posx":20,"posy":7,"lastAction":4,"status":0}],"golds":[{"posx":5,"posy":1,"amount":350},{"posx":7,"posy":1,"amount":150},{"posx":9,"posy":1,"amount":450},{"posx":0,"posy":2,"amount":50},{"posx":7,"posy":2,"amount":700},{"posx":15,"posy":3,"amount":250},{"posx":18,"posy":3,"amount":250},{"posx":20,"posy":3,"amount":750},{"posx":6,"posy":4,"amount":450},{"posx":2,"posy":5,"amount":650},{"posx":13,"posy":5,"amount":200},{"posx":0,"posy":6,"amount":750},{"posx":6,"posy":6,"amount":100},{"posx":10,"posy":6,"amount":400},{"posx":14,"posy":6,"amount":250},{"posx":6,"posy":7,"amount":50},{"posx":14,"posy":7,"amount":200},{"posx":9,"posy":8,"amount":200},{"posx":11,"posy":8,"amount":200}],"changedObstacles":[]},{"players":[{"playerId":3099802,"score":350,"energy":15,"posx":13,"posy":5,"lastAction":5,"status":0},{"playerId":3573,"score":300,"energy":29,"posx":20,"posy":4,"lastAction":2,"status":0},{"playerId":75082,"score":300,"energy":2,"posx":13,"posy":7,"lastAction":0,"status":0},{"playerId":2294637,"score":400,"energy":50,"posx":20,"posy":7,"lastAction":4,"status":0}],"golds":[{"posx":5,"posy":1,"amount":350},{"posx":7,"posy":1,"amount":150},{"posx":9,"posy":1,"amount":450},{"posx":0,"posy":2,"amount":50},{"posx":7,"posy":2,"amount":700},{"posx":15,"posy":3,"amount":250},{"posx":18,"posy":3,"amount":250},{"posx":20,"posy":3,"amount":750},{"posx":6,"posy":4,"amount":450},{"posx":2,"posy":5,"amount":650},{"posx":13,"posy":5,"amount":150},{"posx":0,"posy":6,"amount":750},{"posx":6,"posy":6,"amount":100},{"posx":10,"posy":6,"amount":400},{"posx":14,"posy":6,"amount":250},{"posx":6,"posy":7,"amount":50},{"posx":14,"posy":7,"amount":200},{"posx":9,"posy":8,"amount":200},{"posx":11,"posy":8,"amount":200}],"changedObstacles":[]},{"players":[{"playerId":3099802,"score":400,"energy":10,"posx":13,"posy":5,"lastAction":5,"status":0},{"playerId":3573,"score":300,"energy":25,"posx":20,"posy":3,"lastAction":2,"status":0},{"playerId":75082,"score":300,"energy":14,"posx":13,"posy":7,"lastAction":4,"status":0},{"playerId":2294637,"score":400,"energy":49,"posx":20,"posy":6,"lastAction":2,"status":0}],"golds":[{"posx":5,"posy":1,"amount":350},{"posx":7,"posy":1,"amount":150},{"posx":9,"posy":1,"amount":450},{"posx":0,"posy":2,"amount":50},{"posx":7,"posy":2,"amount":700},{"posx":15,"posy":3,"amount":250},{"posx":18,"posy":3,"amount":250},{"posx":20,"posy":3,"amount":750},{"posx":6,"posy":4,"amount":450},{"posx":2,"posy":5,"amount":650},{"posx":13,"posy":5,"amount":100},{"posx":0,"posy":6,"amount":750},{"posx":6,"posy":6,"amount":100},{"posx":10,"posy":6,"amount":400},{"posx":14,"posy":6,"amount":250},{"posx":6,"posy":7,"amount":50},{"posx":14,"posy":7,"amount":200},{"posx":9,"posy":8,"amount":200},{"posx":11,"posy":8,"amount":200}],"changedObstacles":[]},{"players":[{"playerId":3099802,"score":450,"energy":5,"posx":13,"posy":5,"lastAction":5,"status":0},{"playerId":3573,"score":350,"energy":20,"posx":20,"posy":3,"lastAction":5,"status":0},{"playerId":75082,"score":300,"energy":9,"posx":12,"posy":7,"lastAction":0,"status":0},{"playerId":2294637,"score":400,"energy":43,"posx":20,"posy":5,"lastAction":2,"status":0}],"golds":[{"posx":5,"posy":1,"amount":350},{"posx":7,"posy":1,"amount":150},{"posx":9,"posy":1,"amount":450},{"posx":0,"posy":2,"amount":50},{"posx":7,"posy":2,"amount":700},{"posx":15,"posy":3,"amount":250},{"posx":18,"posy":3,"amount":250},{"posx":20,"posy":3,"amount":700},{"posx":6,"posy":4,"amount":450},{"posx":2,"posy":5,"amount":650},{"posx":13,"posy":5,"amount":50},{"posx":0,"posy":6,"amount":750},{"posx":6,"posy":6,"amount":100},{"posx":10,"posy":6,"amount":400},{"posx":14,"posy":6,"amount":250},{"posx":6,"posy":7,"amount":50},{"posx":14,"posy":7,"amount":200},{"posx":9,"posy":8,"amount":200},{"posx":11,"posy":8,"amount":200}],"changedObstacles":[{"type":3,"posx":12,"posy":7,"value":-20}]},{"players":[{"playerId":3099802,"score":450,"energy":17,"posx":13,"posy":5,"lastAction":4,"status":0},{"playerId":3573,"score":400,"energy":15,"posx":20,"posy":3,"lastAction":5,"status":0},{"playerId":75082,"score":300,"energy":21,"posx":12,"posy":7,"lastAction":4,"status":0},{"playerId":2294637,"score":400,"energy":42,"posx":20,"posy":4,"lastAction":2,"status":0}],"golds":[{"posx":5,"posy":1,"amount":350},{"posx":7,"posy":1,"amount":150},{"posx":9,"posy":1,"amount":450},{"posx":0,"posy":2,"amount":50},{"posx":7,"posy":2,"amount":700},{"posx":15,"posy":3,"amount":250},{"posx":18,"posy":3,"amount":250},{"posx":20,"posy":3,"amount":650},{"posx":6,"posy":4,"amount":450},{"posx":2,"posy":5,"amount":650},{"posx":13,"posy":5,"amount":50},{"posx":0,"posy":6,"amount":750},{"posx":6,"posy":6,"amount":100},{"posx":10,"posy":6,"amount":400},{"posx":14,"posy":6,"amount":250},{"posx":6,"posy":7,"amount":50},{"posx":14,"posy":7,"amount":200},{"posx":9,"posy":8,"amount":200},{"posx":11,"posy":8,"amount":200}],"changedObstacles":[]},{"players":[{"playerId":3099802,"score":500,"energy":12,"posx":13,"posy":5,"lastAction":5,"status":0},{"playerId":3573,"score":450,"energy":10,"posx":20,"posy":3,"lastAction":5,"status":0},{"playerId":75082,"score":300,"energy":11,"posx":11,"posy":7,"lastAction":0,"status":0},{"playerId":2294637,"score":400,"energy":38,"posx":20,"posy":3,"lastAction":2,"status":0}],"golds":[{"posx":5,"posy":1,"amount":350},{"posx":7,"posy":1,"amount":150},{"posx":9,"posy":1,"amount":450},{"posx":0,"posy":2,"amount":50},{"posx":7,"posy":2,"amount":700},{"posx":15,"posy":3,"amount":250},{"posx":18,"posy":3,"amount":250},{"posx":20,"posy":3,"amount":600},{"posx":6,"posy":4,"amount":450},{"posx":2,"posy":5,"amount":650},{"posx":0,"posy":6,"amount":750},{"posx":6,"posy":6,"amount":100},{"posx":10,"posy":6,"amount":400},{"posx":14,"posy":6,"amount":250},{"posx":6,"posy":7,"amount":50},{"posx":14,"posy":7,"amount":200},{"posx":9,"posy":8,"amount":200},{"posx":11,"posy":8,"amount":200}],"changedObstacles":[{"type":0,"posx":11,"posy":7,"value":-1},{"type":0,"posx":13,"posy":5,"value":-1}]},{"players":[{"playerId":3099802,"score":500,"energy":11,"posx":13,"posy":4,"lastAction":2,"status":0},{"playerId":3573,"score":500,"energy":5,"posx":20,"posy":3,"lastAction":5,"status":0},{"playerId":75082,"score":300,"energy":7,"posx":11,"posy":8,"lastAction":3,"status":0},{"playerId":2294637,"score":450,"energy":33,"posx":20,"posy":3,"lastAction":5,"status":0}],"golds":[{"posx":5,"posy":1,"amount":350},{"posx":7,"posy":1,"amount":150},{"posx":9,"posy":1,"amount":450},{"posx":0,"posy":2,"amount":50},{"posx":7,"posy":2,"amount":700},{"posx":15,"posy":3,"amount":250},{"posx":18,"posy":3,"amount":250},{"posx":20,"posy":3,"amount":500},{"posx":6,"posy":4,"amount":450},{"posx":2,"posy":5,"amount":650},{"posx":0,"posy":6,"amount":750},{"posx":6,"posy":6,"amount":100},{"posx":10,"posy":6,"amount":400},{"posx":14,"posy":6,"amount":250},{"posx":6,"posy":7,"amount":50},{"posx":14,"posy":7,"amount":200},{"posx":9,"posy":8,"amount":200},{"posx":11,"posy":8,"amount":200}],"changedObstacles":[]},{"players":[{"playerId":3099802,"score":500,"energy":10,"posx":12,"posy":4,"lastAction":0,"status":0},{"playerId":3573,"score":500,"energy":17,"posx":20,"posy":3,"lastAction":4,"status":0},{"playerId":75082,"score":350,"energy":2,"posx":11,"posy":8,"lastAction":5,"status":0},{"playerId":2294637,"score":500,"energy":28,"posx":20,"posy":3,"lastAction":5,"status":0}],"golds":[{"posx":5,"posy":1,"amount":350},{"posx":7,"posy":1,"amount":150},{"posx":9,"posy":1,"amount":450},{"posx":0,"posy":2,"amount":50},{"posx":7,"posy":2,"amount":700},{"posx":15,"posy":3,"amount":250},{"posx":18,"posy":3,"amount":250},{"posx":20,"posy":3,"amount":450},{"posx":6,"posy":4,"amount":450},{"posx":2,"posy":5,"amount":650},{"posx":0,"posy":6,"amount":750},{"posx":6,"posy":6,"amount":100},{"posx":10,"posy":6,"amount":400},{"posx":14,"posy":6,"amount":250},{"posx":6,"posy":7,"amount":50},{"posx":14,"posy":7,"amount":200},{"posx":9,"posy":8,"amount":200},{"posx":11,"posy":8,"amount":150}],"changedObstacles":[]},{"players":[{"playerId":3099802,"score":500,"energy":9,"posx":11,"posy":4,"lastAction":0,"status":0},{"playerId":3573,"score":500,"energy":33,"posx":20,"posy":3,"lastAction":4,"status":0},{"playerId":75082,"score":350,"energy":1,"posx":10,"posy":8,"lastAction":0,"status":0},{"playerId":2294637,"score":550,"energy":23,"posx":20,"posy":3,"lastAction":5,"status":0}],"golds":[{"posx":5,"posy":1,"amount":350},{"posx":7,"posy":1,"amount":150},{"posx":9,"posy":1,"amount":450},{"posx":0,"posy":2,"amount":50},{"posx":7,"posy":2,"amount":700},{"posx":15,"posy":3,"amount":250},{"posx":18,"posy":3,"amount":250},{"posx":20,"posy":3,"amount":400},{"posx":6,"posy":4,"amount":450},{"posx":2,"posy":5,"amount":650},{"posx":0,"posy":6,"amount":750},{"posx":6,"posy":6,"amount":100},{"posx":10,"posy":6,"amount":400},{"posx":14,"posy":6,"amount":250},{"posx":6,"posy":7,"amount":50},{"posx":14,"posy":7,"amount":200},{"posx":9,"posy":8,"amount":200},{"posx":11,"posy":8,"amount":150}],"changedObstacles":[]},{"players":[{"playerId":3099802,"score":500,"energy":4,"posx":10,"posy":4,"lastAction":0,"status":0},{"playerId":3573,"score":500,"energy":50,"posx":20,"posy":3,"lastAction":4,"status":0},{"playerId":75082,"score":350,"energy":13,"posx":10,"posy":8,"lastAction":4,"status":0},{"playerId":2294637,"score":600,"energy":18,"posx":20,"posy":3,"lastAction":5,"status":0}],"golds":[{"posx":5,"posy":1,"amount":350},{"posx":7,"posy":1,"amount":150},{"posx":9,"posy":1,"amount":450},{"posx":0,"posy":2,"amount":50},{"posx":7,"posy":2,"amount":700},{"posx":15,"posy":3,"amount":250},{"posx":18,"posy":3,"amount":250},{"posx":20,"posy":3,"amount":350},{"posx":6,"posy":4,"amount":450},{"posx":2,"posy":5,"amount":650},{"posx":0,"posy":6,"amount":750},{"posx":6,"posy":6,"amount":100},{"posx":10,"posy":6,"amount":400},{"posx":14,"posy":6,"amount":250},{"posx":6,"posy":7,"amount":50},{"posx":14,"posy":7,"amount":200},{"posx":9,"posy":8,"amount":200},{"posx":11,"posy":8,"amount":150}],"changedObstacles":[{"type":3,"posx":10,"posy":4,"value":-20}]},{"players":[{"playerId":3099802,"score":500,"energy":16,"posx":10,"posy":4,"lastAction":4,"status":0},{"playerId":3573,"score":550,"energy":45,"posx":20,"posy":3,"lastAction":5,"status":0},{"playerId":75082,"score":350,"energy":9,"posx":9,"posy":8,"lastAction":0,"status":0},{"playerId":2294637,"score":650,"energy":13,"posx":20,"posy":3,"lastAction":5,"status":0}],"golds":[{"posx":5,"posy":1,"amount":350},{"posx":7,"posy":1,"amount":150},{"posx":9,"posy":1,"amount":450},{"posx":0,"posy":2,"amount":50},{"posx":7,"posy":2,"amount":700},{"posx":15,"posy":3,"amount":250},{"posx":18,"posy":3,"amount":250},{"posx":20,"posy":3,"amount":250},{"posx":6,"posy":4,"amount":450},{"posx":2,"posy":5,"amount":650},{"posx":0,"posy":6,"amount":750},{"posx":6,"posy":6,"amount":100},{"posx":10,"posy":6,"amount":400},{"posx":14,"posy":6,"amount":250},{"posx":6,"posy":7,"amount":50},{"posx":14,"posy":7,"amount":200},{"posx":9,"posy":8,"amount":200},{"posx":11,"posy":8,"amount":150}],"changedObstacles":[]},{"players":[{"playerId":3099802,"score":500,"energy":11,"posx":9,"posy":4,"lastAction":0,"status":0},{"playerId":3573,"score":600,"energy":40,"posx":20,"posy":3,"lastAction":5,"status":0},{"playerId":75082,"score":400,"energy":4,"posx":9,"posy":8,"lastAction":5,"status":0},{"playerId":2294637,"score":700,"energy":8,"posx":20,"posy":3,"lastAction":5,"status":0}],"golds":[{"posx":5,"posy":1,"amount":350},{"posx":7,"posy":1,"amount":150},{"posx":9,"posy":1,"amount":450},{"posx":0,"posy":2,"amount":50},{"posx":7,"posy":2,"amount":700},{"posx":15,"posy":3,"amount":250},{"posx":18,"posy":3,"amount":250},{"posx":20,"posy":3,"amount":150},{"posx":6,"posy":4,"amount":450},{"posx":2,"posy":5,"amount":650},{"posx":0,"posy":6,"amount":750},{"posx":6,"posy":6,"amount":100},{"posx":10,"posy":6,"amount":400},{"posx":14,"posy":6,"amount":250},{"posx":6,"posy":7,"amount":50},{"posx":14,"posy":7,"amount":200},{"posx":9,"posy":8,"amount":150},{"posx":11,"posy":8,"amount":150}],"changedObstacles":[{"type":3,"posx":9,"posy":4,"value":-20}]},{"players":[{"playerId":3099802,"score":500,"energy":10,"posx":8,"posy":4,"lastAction":0,"status":0},{"playerId":3573,"score":650,"energy":35,"posx":20,"posy":3,"lastAction":5,"status":0},{"playerId":75082,"score":400,"energy":3,"posx":8,"posy":8,"lastAction":0,"status":0},{"playerId":2294637,"score":750,"energy":3,"posx":20,"posy":3,"lastAction":5,"status":0}],"golds":[{"posx":5,"posy":1,"amount":350},{"posx":7,"posy":1,"amount":150},{"posx":9,"posy":1,"amount":450},{"posx":0,"posy":2,"amount":50},{"posx":7,"posy":2,"amount":700},{"posx":15,"posy":3,"amount":250},{"posx":18,"posy":3,"amount":250},{"posx":20,"posy":3,"amount":50},{"posx":6,"posy":4,"amount":450},{"posx":2,"posy":5,"amount":650},{"posx":0,"posy":6,"amount":750},{"posx":6,"posy":6,"amount":100},{"posx":10,"posy":6,"amount":400},{"posx":14,"posy":6,"amount":250},{"posx":6,"posy":7,"amount":50},{"posx":14,"posy":7,"amount":200},{"posx":9,"posy":8,"amount":150},{"posx":11,"posy":8,"amount":150}],"changedObstacles":[]},{"players":[{"playerId":3099802,"score":500,"energy":9,"posx":7,"posy":4,"lastAction":0,"status":0},{"playerId":3573,"score":700,"energy":30,"posx":20,"posy":3,"lastAction":5,"status":0},{"playerId":75082,"score":400,"energy":2,"posx":7,"posy":8,"lastAction":0,"status":0},{"playerId":2294637,"score":750,"energy":15,"posx":20,"posy":3,"lastAction":4,"status":0}],"golds":[{"posx":5,"posy":1,"amount":350},{"posx":7,"posy":1,"amount":150},{"posx":9,"posy":1,"amount":450},{"posx":0,"posy":2,"amount":50},{"posx":7,"posy":2,"amount":700},{"posx":15,"posy":3,"amount":250},{"posx":18,"posy":3,"amount":250},{"posx":6,"posy":4,"amount":450},{"posx":2,"posy":5,"amount":650},{"posx":0,"posy":6,"amount":750},{"posx":6,"posy":6,"amount":100},{"posx":10,"posy":6,"amount":400},{"posx":14,"posy":6,"amount":250},{"posx":6,"posy":7,"amount":50},{"posx":14,"posy":7,"amount":200},{"posx":9,"posy":8,"amount":150},{"posx":11,"posy":8,"amount":150}],"changedObstacles":[{"type":0,"posx":20,"posy":3,"value":-1}]},{"players":[{"playerId":3099802,"score":500,"energy":5,"posx":6,"posy":4,"lastAction":0,"status":0},{"playerId":3573,"score":700,"energy":29,"posx":19,"posy":3,"lastAction":0,"status":0},{"playerId":75082,"score":400,"energy":14,"posx":7,"posy":8,"lastAction":4,"status":0},{"playerId":2294637,"score":750,"energy":14,"posx":19,"posy":3,"lastAction":0,"status":0}],"golds":[{"posx":5,"posy":1,"amount":350},{"posx":7,"posy":1,"amount":150},{"posx":9,"posy":1,"amount":450},{"posx":0,"posy":2,"amount":50},{"posx":7,"posy":2,"amount":700},{"posx":15,"posy":3,"amount":250},{"posx":18,"posy":3,"amount":250},{"posx":6,"posy":4,"amount":450},{"posx":2,"posy":5,"amount":650},{"posx":0,"posy":6,"amount":750},{"posx":6,"posy":6,"amount":100},{"posx":10,"posy":6,"amount":400},{"posx":14,"posy":6,"amount":250},{"posx":6,"posy":7,"amount":50},{"posx":14,"posy":7,"amount":200},{"posx":9,"posy":8,"amount":150},{"posx":11,"posy":8,"amount":150}],"changedObstacles":[]},{"players":[{"playerId":3099802,"score":500,"energy":17,"posx":6,"posy":4,"lastAction":4,"status":0},{"playerId":3573,"score":700,"energy":25,"posx":18,"posy":3,"lastAction":0,"status":0},{"playerId":75082,"score":400,"energy":30,"posx":7,"posy":8,"lastAction":4,"status":0},{"playerId":2294637,"score":750,"energy":10,"posx":18,"posy":3,"lastAction":0,"status":0}],"golds":[{"posx":5,"posy":1,"amount":350},{"posx":7,"posy":1,"amount":150},{"posx":9,"posy":1,"amount":450},{"posx":0,"posy":2,"amount":50},{"posx":7,"posy":2,"amount":700},{"posx":15,"posy":3,"amount":250},{"posx":18,"posy":3,"amount":250},{"posx":6,"posy":4,"amount":450},{"posx":2,"posy":5,"amount":650},{"posx":0,"posy":6,"amount":750},{"posx":6,"posy":6,"amount":100},{"posx":10,"posy":6,"amount":400},{"posx":14,"posy":6,"amount":250},{"posx":6,"posy":7,"amount":50},{"posx":14,"posy":7,"amount":200},{"posx":9,"posy":8,"amount":150},{"posx":11,"posy":8,"amount":150}],"changedObstacles":[]},{"players":[{"playerId":3099802,"score":500,"energy":33,"posx":6,"posy":4,"lastAction":4,"status":0},{"playerId":3573,"score":750,"energy":20,"posx":18,"posy":3,"lastAction":5,"status":0},{"playerId":75082,"score":400,"energy":10,"posx":6,"posy":8,"lastAction":0,"status":0},{"playerId":2294637,"score":800,"energy":5,"posx":18,"posy":3,"lastAction":5,"status":0}],"golds":[{"posx":5,"posy":1,"amount":350},{"posx":7,"posy":1,"amount":150},{"posx":9,"posy":1,"amount":450},{"posx":0,"posy":2,"amount":50},{"posx":7,"posy":2,"amount":700},{"posx":15,"posy":3,"amount":250},{"posx":18,"posy":3,"amount":150},{"posx":6,"posy":4,"amount":450},{"posx":2,"posy":5,"amount":650},{"posx":0,"posy":6,"amount":750},{"posx":6,"posy":6,"amount":100},{"posx":10,"posy":6,"amount":400},{"posx":14,"posy":6,"amount":250},{"posx":6,"posy":7,"amount":50},{"posx":14,"posy":7,"amount":200},{"posx":9,"posy":8,"amount":150},{"posx":11,"posy":8,"amount":150}],"changedObstacles":[]},{"players":[{"playerId":3099802,"score":500,"energy":50,"posx":6,"posy":4,"lastAction":4,"status":0},{"playerId":3573,"score":800,"energy":15,"posx":18,"posy":3,"lastAction":5,"status":0},{"playerId":75082,"score":400,"energy":5,"posx":5,"posy":8,"lastAction":0,"status":0},{"playerId":2294637,"score":800,"energy":17,"posx":18,"posy":3,"lastAction":4,"status":0}],"golds":[{"posx":5,"posy":1,"amount":350},{"posx":7,"posy":1,"amount":150},{"posx":9,"posy":1,"amount":450},{"posx":0,"posy":2,"amount":50},{"posx":7,"posy":2,"amount":700},{"posx":15,"posy":3,"amount":250},{"posx":18,"posy":3,"amount":100},{"posx":6,"posy":4,"amount":450},{"posx":2,"posy":5,"amount":650},{"posx":0,"posy":6,"amount":750},{"posx":6,"posy":6,"amount":100},{"posx":10,"posy":6,"amount":400},{"posx":14,"posy":6,"amount":250},{"posx":6,"posy":7,"amount":50},{"posx":14,"posy":7,"amount":200},{"posx":9,"posy":8,"amount":150},{"posx":11,"posy":8,"amount":150}],"changedObstacles":[{"type":3,"posx":5,"posy":8,"value":-20}]},{"players":[{"playerId":3099802,"score":550,"energy":45,"posx":6,"posy":4,"lastAction":5,"status":0},{"playerId":3573,"score":850,"energy":10,"posx":18,"posy":3,"lastAction":5,"status":0},{"playerId":75082,"score":400,"energy":17,"posx":5,"posy":8,"lastAction":4,"status":0},{"playerId":2294637,"score":850,"energy":12,"posx":18,"posy":3,"lastAction":5,"status":0}],"golds":[{"posx":5,"posy":1,"amount":350},{"posx":7,"posy":1,"amount":150},{"posx":9,"posy":1,"amount":450},{"posx":0,"posy":2,"amount":50},{"posx":7,"posy":2,"amount":700},{"posx":15,"posy":3,"amount":250},{"posx":6,"posy":4,"amount":400},{"posx":2,"posy":5,"amount":650},{"posx":0,"posy":6,"amount":750},{"posx":6,"posy":6,"amount":100},{"posx":10,"posy":6,"amount":400},{"posx":14,"posy":6,"amount":250},{"posx":6,"posy":7,"amount":50},{"posx":14,"posy":7,"amount":200},{"posx":9,"posy":8,"amount":150},{"posx":11,"posy":8,"amount":150}],"changedObstacles":[{"type":0,"posx":18,"posy":3,"value":-1}]},{"players":[{"playerId":3099802,"score":600,"energy":40,"posx":6,"posy":4,"lastAction":5,"status":0},{"playerId":3573,"score":850,"energy":22,"posx":18,"posy":3,"lastAction":4,"status":0},{"playerId":75082,"score":400,"energy":7,"posx":4,"posy":8,"lastAction":0,"status":0},{"playerId":2294637,"score":850,"energy":7,"posx":18,"posy":2,"lastAction":2,"status":0}],"golds":[{"posx":5,"posy":1,"amount":350},{"posx":7,"posy":1,"amount":150},{"posx":9,"posy":1,"amount":450},{"posx":0,"posy":2,"amount":50},{"posx":7,"posy":2,"amount":700},{"posx":15,"posy":3,"amount":250},{"posx":6,"posy":4,"amount":350},{"posx":2,"posy":5,"amount":650},{"posx":0,"posy":6,"amount":750},{"posx":6,"posy":6,"amount":100},{"posx":10,"posy":6,"amount":400},{"posx":14,"posy":6,"amount":250},{"posx":6,"posy":7,"amount":50},{"posx":14,"posy":7,"amount":200},{"posx":9,"posy":8,"amount":150},{"posx":11,"posy":8,"amount":150}],"changedObstacles":[{"type":3,"posx":18,"posy":2,"value":-20},{"type":0,"posx":4,"posy":8,"value":-1}]},{"players":[{"playerId":3099802,"score":650,"energy":35,"posx":6,"posy":4,"lastAction":5,"status":0},{"playerId":3573,"score":850,"energy":38,"posx":18,"posy":3,"lastAction":4,"status":0},{"playerId":75082,"score":400,"energy":19,"posx":4,"posy":8,"lastAction":4,"status":0},{"playerId":2294637,"score":850,"energy":19,"posx":18,"posy":2,"lastAction":4,"status":0}],"golds":[{"posx":5,"posy":1,"amount":350},{"posx":7,"posy":1,"amount":150},{"posx":9,"posy":1,"amount":450},{"posx":0,"posy":2,"amount":50},{"posx":7,"posy":2,"amount":700},{"posx":15,"posy":3,"amount":250},{"posx":6,"posy":4,"amount":300},{"posx":2,"posy":5,"amount":650},{"posx":0,"posy":6,"amount":750},{"posx":6,"posy":6,"amount":100},{"posx":10,"posy":6,"amount":400},{"posx":14,"posy":6,"amount":250},{"posx":6,"posy":7,"amount":50},{"posx":14,"posy":7,"amount":200},{"posx":9,"posy":8,"amount":150},{"posx":11,"posy":8,"amount":150}],"changedObstacles":[]},{"players":[{"playerId":3099802,"score":700,"energy":30,"posx":6,"posy":4,"lastAction":5,"status":0},{"playerId":3573,"score":850,"energy":20,"posx":17,"posy":3,"lastAction":0,"status":0},{"playerId":75082,"score":400,"energy":35,"posx":4,"posy":8,"lastAction":4,"status":0},{"playerId":2294637,"score":850,"energy":35,"posx":18,"posy":2,"lastAction":4,"status":0}],"golds":[{"posx":5,"posy":1,"amount":350},{"posx":7,"posy":1,"amount":150},{"posx":9,"posy":1,"amount":450},{"posx":0,"posy":2,"amount":50},{"posx":7,"posy":2,"amount":700},{"posx":15,"posy":3,"amount":250},{"posx":6,"posy":4,"amount":250},{"posx":2,"posy":5,"amount":650},{"posx":0,"posy":6,"amount":750},{"posx":6,"posy":6,"amount":100},{"posx":10,"posy":6,"amount":400},{"posx":14,"posy":6,"amount":250},{"posx":6,"posy":7,"amount":50},{"posx":14,"posy":7,"amount":200},{"posx":9,"posy":8,"amount":150},{"posx":11,"posy":8,"amount":150}],"changedObstacles":[]},{"players":[{"playerId":3099802,"score":750,"energy":25,"posx":6,"posy":4,"lastAction":5,"status":0},{"playerId":3573,"score":850,"energy":32,"posx":17,"posy":3,"lastAction":4,"status":0},{"playerId":75082,"score":400,"energy":34,"posx":3,"posy":8,"lastAction":0,"status":0},{"playerId":2294637,"score":850,"energy":25,"posx":17,"posy":2,"lastAction":0,"status":0}],"golds":[{"posx":5,"posy":1,"amount":350},{"posx":7,"posy":1,"amount":150},{"posx":9,"posy":1,"amount":450},{"posx":0,"posy":2,"amount":50},{"posx":7,"posy":2,"amount":700},{"posx":15,"posy":3,"amount":250},{"posx":6,"posy":4,"amount":200},{"posx":2,"posy":5,"amount":650},{"posx":0,"posy":6,"amount":750},{"posx":6,"posy":6,"amount":100},{"posx":10,"posy":6,"amount":400},{"posx":14,"posy":6,"amount":250},{"posx":6,"posy":7,"amount":50},{"posx":14,"posy":7,"amount":200},{"posx":9,"posy":8,"amount":150},{"posx":11,"posy":8,"amount":150}],"changedObstacles":[{"type":0,"posx":17,"posy":2,"value":-1}]},{"players":[{"playerId":3099802,"score":800,"energy":20,"posx":6,"posy":4,"lastAction":5,"status":0},{"playerId":3573,"score":850,"energy":48,"posx":17,"posy":3,"lastAction":4,"status":0},{"playerId":75082,"score":400,"energy":46,"posx":3,"posy":8,"lastAction":4,"status":0},{"playerId":2294637,"score":850,"energy":24,"posx":16,"posy":2,"lastAction":0,"status":0}],"golds":[{"posx":5,"posy":1,"amount":350},{"posx":7,"posy":1,"amount":150},{"posx":9,"posy":1,"amount":450},{"posx":0,"posy":2,"amount":50},{"posx":7,"posy":2,"amount":700},{"posx":15,"posy":3,"amount":250},{"posx":6,"posy":4,"amount":150},{"posx":2,"posy":5,"amount":650},{"posx":0,"posy":6,"amount":750},{"posx":6,"posy":6,"amount":100},{"posx":10,"posy":6,"amount":400},{"posx":14,"posy":6,"amount":250},{"posx":6,"posy":7,"amount":50},{"posx":14,"posy":7,"amount":200},{"posx":9,"posy":8,"amount":150},{"posx":11,"posy":8,"amount":150}],"changedObstacles":[]},{"players":[{"playerId":3099802,"score":850,"energy":15,"posx":6,"posy":4,"lastAction":5,"status":0},{"playerId":3573,"score":850,"energy":33,"posx":16,"posy":3,"lastAction":0,"status":0},{"playerId":75082,"score":400,"energy":45,"posx":2,"posy":8,"lastAction":0,"status":0},{"playerId":2294637,"score":850,"energy":23,"posx":15,"posy":2,"lastAction":0,"status":0}],"golds":[{"posx":5,"posy":1,"amount":350},{"posx":7,"posy":1,"amount":150},{"posx":9,"posy":1,"amount":450},{"posx":0,"posy":2,"amount":50},{"posx":7,"posy":2,"amount":700},{"posx":15,"posy":3,"amount":250},{"posx":6,"posy":4,"amount":100},{"posx":2,"posy":5,"amount":650},{"posx":0,"posy":6,"amount":750},{"posx":6,"posy":6,"amount":100},{"posx":10,"posy":6,"amount":400},{"posx":14,"posy":6,"amount":250},{"posx":6,"posy":7,"amount":50},{"posx":14,"posy":7,"amount":200},{"posx":9,"posy":8,"amount":150},{"posx":11,"posy":8,"amount":150}],"changedObstacles":[]},{"players":[{"playerId":3099802,"score":900,"energy":10,"posx":6,"posy":4,"lastAction":5,"status":0},{"playerId":3573,"score":850,"energy":29,"posx":15,"posy":3,"lastAction":0,"status":0},{"playerId":75082,"score":400,"energy":35,"posx":1,"posy":8,"lastAction":0,"status":0},{"playerId":2294637,"score":850,"energy":22,"posx":14,"posy":2,"lastAction":0,"status":0}],"golds":[{"posx":5,"posy":1,"amount":350},{"posx":7,"posy":1,"amount":150},{"posx":9,"posy":1,"amount":450},{"posx":0,"posy":2,"amount":50},{"posx":7,"posy":2,"amount":700},{"posx":15,"posy":3,"amount":250},{"posx":6,"posy":4,"amount":50},{"posx":2,"posy":5,"amount":650},{"posx":0,"posy":6,"amount":750},{"posx":6,"posy":6,"amount":100},{"posx":10,"posy":6,"amount":400},{"posx":14,"posy":6,"amount":250},{"posx":6,"posy":7,"amount":50},{"posx":14,"posy":7,"amount":200},{"posx":9,"posy":8,"amount":150},{"posx":11,"posy":8,"amount":150}],"changedObstacles":[{"type":0,"posx":1,"posy":8,"value":-1}]},{"players":[{"playerId":3099802,"score":950,"energy":5,"posx":6,"posy":4,"lastAction":5,"status":0},{"playerId":3573,"score":900,"energy":24,"posx":15,"posy":3,"lastAction":5,"status":0},{"playerId":75082,"score":400,"energy":28,"posx":0,"posy":8,"lastAction":0,"status":0},{"playerId":2294637,"score":850,"energy":12,"posx":13,"posy":2,"lastAction":0,"status":0}],"golds":[{"posx":5,"posy":1,"amount":350},{"posx":7,"posy":1,"amount":150},{"posx":9,"posy":1,"amount":450},{"posx":0,"posy":2,"amount":50},{"posx":7,"posy":2,"amount":700},{"posx":15,"posy":3,"amount":200},{"posx":2,"posy":5,"amount":650},{"posx":0,"posy":6,"amount":750},{"posx":6,"posy":6,"amount":100},{"posx":10,"posy":6,"amount":400},{"posx":14,"posy":6,"amount":250},{"posx":6,"posy":7,"amount":50},{"posx":14,"posy":7,"amount":200},{"posx":9,"posy":8,"amount":150},{"posx":11,"posy":8,"amount":150}],"changedObstacles":[{"type":0,"posx":13,"posy":2,"value":-1},{"type":0,"posx":6,"posy":4,"value":-1}]},{"players":[{"playerId":3099802,"score":950,"energy":4,"posx":6,"posy":3,"lastAction":2,"status":0},{"playerId":3573,"score":950,"energy":19,"posx":15,"posy":3,"lastAction":5,"status":0},{"playerId":75082,"score":400,"energy":40,"posx":0,"posy":8,"lastAction":4,"status":0},{"playerId":2294637,"score":850,"energy":11,"posx":12,"posy":2,"lastAction":0,"status":0}],"golds":[{"posx":5,"posy":1,"amount":350},{"posx":7,"posy":1,"amount":150},{"posx":9,"posy":1,"amount":450},{"posx":0,"posy":2,"amount":50},{"posx":7,"posy":2,"amount":700},{"posx":15,"posy":3,"amount":150},{"posx":2,"posy":5,"amount":650},{"posx":0,"posy":6,"amount":750},{"posx":6,"posy":6,"amount":100},{"posx":10,"posy":6,"amount":400},{"posx":14,"posy":6,"amount":250},{"posx":6,"posy":7,"amount":50},{"posx":14,"posy":7,"amount":200},{"posx":9,"posy":8,"amount":150},{"posx":11,"posy":8,"amount":150}],"changedObstacles":[]},{"players":[{"playerId":3099802,"score":950,"energy":16,"posx":6,"posy":3,"lastAction":4,"status":0},{"playerId":3573,"score":1000,"energy":14,"posx":15,"posy":3,"lastAction":5,"status":0},{"playerId":75082,"score":400,"energy":50,"posx":0,"posy":8,"lastAction":4,"status":0},{"playerId":2294637,"score":850,"energy":10,"posx":11,"posy":2,"lastAction":0,"status":0}],"golds":[{"posx":5,"posy":1,"amount":350},{"posx":7,"posy":1,"amount":150},{"posx":9,"posy":1,"amount":450},{"posx":0,"posy":2,"amount":50},{"posx":7,"posy":2,"amount":700},{"posx":15,"posy":3,"amount":100},{"posx":2,"posy":5,"amount":650},{"posx":0,"posy":6,"amount":750},{"posx":6,"posy":6,"amount":100},{"posx":10,"posy":6,"amount":400},{"posx":14,"posy":6,"amount":250},{"posx":6,"posy":7,"amount":50},{"posx":14,"posy":7,"amount":200},{"posx":9,"posy":8,"amount":150},{"posx":11,"posy":8,"amount":150}],"changedObstacles":[]},{"players":[{"playerId":3099802,"score":950,"energy":15,"posx":7,"posy":3,"lastAction":1,"status":0},{"playerId":3573,"score":1050,"energy":9,"posx":15,"posy":3,"lastAction":5,"status":0},{"playerId":75082,"score":400,"energy":49,"posx":0,"posy":7,"lastAction":2,"status":0},{"playerId":2294637,"score":850,"energy":9,"posx":10,"posy":2,"lastAction":0,"status":0}],"golds":[{"posx":5,"posy":1,"amount":350},{"posx":7,"posy":1,"amount":150},{"posx":9,"posy":1,"amount":450},{"posx":0,"posy":2,"amount":50},{"posx":7,"posy":2,"amount":700},{"posx":15,"posy":3,"amount":50},{"posx":2,"posy":5,"amount":650},{"posx":0,"posy":6,"amount":750},{"posx":6,"posy":6,"amount":100},{"posx":10,"posy":6,"amount":400},{"posx":14,"posy":6,"amount":250},{"posx":6,"posy":7,"amount":50},{"posx":14,"posy":7,"amount":200},{"posx":9,"posy":8,"amount":150},{"posx":11,"posy":8,"amount":150}],"changedObstacles":[]},{"players":[{"playerId":3099802,"score":950,"energy":11,"posx":7,"posy":2,"lastAction":2,"status":0},{"playerId":3573,"score":1100,"energy":4,"posx":15,"posy":3,"lastAction":5,"status":0},{"playerId":75082,"score":400,"energy":45,"posx":0,"posy":6,"lastAction":2,"status":0},{"playerId":2294637,"score":850,"energy":8,"posx":9,"posy":2,"lastAction":0,"status":0}],"golds":[{"posx":5,"posy":1,"amount":350},{"posx":7,"posy":1,"amount":150},{"posx":9,"posy":1,"amount":450},{"posx":0,"posy":2,"amount":50},{"posx":7,"posy":2,"amount":700},{"posx":2,"posy":5,"amount":650},{"posx":0,"posy":6,"amount":750},{"posx":6,"posy":6,"amount":100},{"posx":10,"posy":6,"amount":400},{"posx":14,"posy":6,"amount":250},{"posx":6,"posy":7,"amount":50},{"posx":14,"posy":7,"amount":200},{"posx":9,"posy":8,"amount":150},{"posx":11,"posy":8,"amount":150}],"changedObstacles":[{"type":0,"posx":15,"posy":3,"value":-1}]},{"players":[{"playerId":3099802,"score":950,"energy":23,"posx":7,"posy":2,"lastAction":4,"status":0},{"playerId":3573,"score":1100,"energy":16,"posx":15,"posy":3,"lastAction":4,"status":0},{"playerId":75082,"score":450,"energy":40,"posx":0,"posy":6,"lastAction":5,"status":0},{"playerId":2294637,"score":850,"energy":20,"posx":9,"posy":2,"lastAction":4,"status":0}],"golds":[{"posx":5,"posy":1,"amount":350},{"posx":7,"posy":1,"amount":150},{"posx":9,"posy":1,"amount":450},{"posx":0,"posy":2,"amount":50},{"posx":7,"posy":2,"amount":700},{"posx":2,"posy":5,"amount":650},{"posx":0,"posy":6,"amount":700},{"posx":6,"posy":6,"amount":100},{"posx":10,"posy":6,"amount":400},{"posx":14,"posy":6,"amount":250},{"posx":6,"posy":7,"amount":50},{"posx":14,"posy":7,"amount":200},{"posx":9,"posy":8,"amount":150},{"posx":11,"posy":8,"amount":150}],"changedObstacles":[]},{"players":[{"playerId":3099802,"score":950,"energy":39,"posx":7,"posy":2,"lastAction":4,"status":0},{"playerId":3573,"score":1100,"energy":32,"posx":15,"posy":3,"lastAction":4,"status":0},{"playerId":75082,"score":500,"energy":35,"posx":0,"posy":6,"lastAction":5,"status":0},{"playerId":2294637,"score":850,"energy":36,"posx":9,"posy":2,"lastAction":4,"status":0}],"golds":[{"posx":5,"posy":1,"amount":350},{"posx":7,"posy":1,"amount":150},{"posx":9,"posy":1,"amount":450},{"posx":0,"posy":2,"amount":50},{"posx":7,"posy":2,"amount":700},{"posx":2,"posy":5,"amount":650},{"posx":0,"posy":6,"amount":650},{"posx":6,"posy":6,"amount":100},{"posx":10,"posy":6,"amount":400},{"posx":14,"posy":6,"amount":250},{"posx":6,"posy":7,"amount":50},{"posx":14,"posy":7,"amount":200},{"posx":9,"posy":8,"amount":150},{"posx":11,"posy":8,"amount":150}],"changedObstacles":[]},{"players":[{"playerId":3099802,"score":1000,"energy":34,"posx":7,"posy":2,"lastAction":5,"status":0},{"playerId":3573,"score":1100,"energy":50,"posx":15,"posy":3,"lastAction":4,"status":0},{"playerId":75082,"score":550,"energy":30,"posx":0,"posy":6,"lastAction":5,"status":0},{"playerId":2294637,"score":850,"energy":16,"posx":8,"posy":2,"lastAction":0,"status":0}],"golds":[{"posx":5,"posy":1,"amount":350},{"posx":7,"posy":1,"amount":150},{"posx":9,"posy":1,"amount":450},{"posx":0,"posy":2,"amount":50},{"posx":7,"posy":2,"amount":650},{"posx":2,"posy":5,"amount":650},{"posx":0,"posy":6,"amount":600},{"posx":6,"posy":6,"amount":100},{"posx":10,"posy":6,"amount":400},{"posx":14,"posy":6,"amount":250},{"posx":6,"posy":7,"amount":50},{"posx":14,"posy":7,"amount":200},{"posx":9,"posy":8,"amount":150},{"posx":11,"posy":8,"amount":150}],"changedObstacles":[]},{"players":[{"playerId":3099802,"score":1050,"energy":29,"posx":7,"posy":2,"lastAction":5,"status":0},{"playerId":3573,"score":1100,"energy":49,"posx":15,"posy":2,"lastAction":2,"status":0},{"playerId":75082,"score":600,"energy":25,"posx":0,"posy":6,"lastAction":5,"status":0},{"playerId":2294637,"score":850,"energy":12,"posx":7,"posy":2,"lastAction":0,"status":0}],"golds":[{"posx":5,"posy":1,"amount":350},{"posx":7,"posy":1,"amount":150},{"posx":9,"posy":1,"amount":450},{"posx":0,"posy":2,"amount":50},{"posx":7,"posy":2,"amount":600},{"posx":2,"posy":5,"amount":650},{"posx":0,"posy":6,"amount":550},{"posx":6,"posy":6,"amount":100},{"posx":10,"posy":6,"amount":400},{"posx":14,"posy":6,"amount":250},{"posx":6,"posy":7,"amount":50},{"posx":14,"posy":7,"amount":200},{"posx":9,"posy":8,"amount":150},{"posx":11,"posy":8,"amount":150}],"changedObstacles":[]},{"players":[{"playerId":3099802,"score":1100,"energy":24,"posx":7,"posy":2,"lastAction":5,"status":0},{"playerId":3573,"score":1100,"energy":48,"posx":14,"posy":2,"lastAction":0,"status":0},{"playerId":75082,"score":650,"energy":20,"posx":0,"posy":6,"lastAction":5,"status":0},{"playerId":2294637,"score":900,"energy":7,"posx":7,"posy":2,"lastAction":5,"status":0}],"golds":[{"posx":5,"posy":1,"amount":350},{"posx":7,"posy":1,"amount":150},{"posx":9,"posy":1,"amount":450},{"posx":0,"posy":2,"amount":50},{"posx":7,"posy":2,"amount":500},{"posx":2,"posy":5,"amount":650},{"posx":0,"posy":6,"amount":500},{"posx":6,"posy":6,"amount":100},{"posx":10,"posy":6,"amount":400},{"posx":14,"posy":6,"amount":250},{"posx":6,"posy":7,"amount":50},{"posx":14,"posy":7,"amount":200},{"posx":9,"posy":8,"amount":150},{"posx":11,"posy":8,"amount":150}],"changedObstacles":[]},{"players":[{"playerId":3099802,"score":1150,"energy":19,"posx":7,"posy":2,"lastAction":5,"status":0},{"playerId":3573,"score":1100,"energy":47,"posx":14,"posy":1,"lastAction":2,"status":0},{"playerId":75082,"score":700,"energy":15,"posx":0,"posy":6,"lastAction":5,"status":0},{"playerId":2294637,"score":950,"energy":2,"posx":7,"posy":2,"lastAction":5,"status":0}],"golds":[{"posx":5,"posy":1,"amount":350},{"posx":7,"posy":1,"amount":150},{"posx":9,"posy":1,"amount":450},{"posx":0,"posy":2,"amount":50},{"posx":7,"posy":2,"amount":400},{"posx":2,"posy":5,"amount":650},{"posx":0,"posy":6,"amount":450},{"posx":6,"posy":6,"amount":100},{"posx":10,"posy":6,"amount":400},{"posx":14,"posy":6,"amount":250},{"posx":6,"posy":7,"amount":50},{"posx":14,"posy":7,"amount":200},{"posx":9,"posy":8,"amount":150},{"posx":11,"posy":8,"amount":150}],"changedObstacles":[]},{"players":[{"playerId":3099802,"score":1200,"energy":14,"posx":7,"posy":2,"lastAction":5,"status":0},{"playerId":3573,"score":1100,"energy":46,"posx":13,"posy":1,"lastAction":0,"status":0},{"playerId":75082,"score":750,"energy":10,"posx":0,"posy":6,"lastAction":5,"status":0},{"playerId":2294637,"score":950,"energy":14,"posx":7,"posy":2,"lastAction":4,"status":0}],"golds":[{"posx":5,"posy":1,"amount":350},{"posx":7,"posy":1,"amount":150},{"posx":9,"posy":1,"amount":450},{"posx":0,"posy":2,"amount":50},{"posx":7,"posy":2,"amount":350},{"posx":2,"posy":5,"amount":650},{"posx":0,"posy":6,"amount":400},{"posx":6,"posy":6,"amount":100},{"posx":10,"posy":6,"amount":400},{"posx":14,"posy":6,"amount":250},{"posx":6,"posy":7,"amount":50},{"posx":14,"posy":7,"amount":200},{"posx":9,"posy":8,"amount":150},{"posx":11,"posy":8,"amount":150}],"changedObstacles":[]},{"players":[{"playerId":3099802,"score":1250,"energy":9,"posx":7,"posy":2,"lastAction":5,"status":0},{"playerId":3573,"score":1100,"energy":45,"posx":12,"posy":1,"lastAction":0,"status":0},{"playerId":75082,"score":800,"energy":5,"posx":0,"posy":6,"lastAction":5,"status":0},{"playerId":2294637,"score":1000,"energy":9,"posx":7,"posy":2,"lastAction":5,"status":0}],"golds":[{"posx":5,"posy":1,"amount":350},{"posx":7,"posy":1,"amount":150},{"posx":9,"posy":1,"amount":450},{"posx":0,"posy":2,"amount":50},{"posx":7,"posy":2,"amount":250},{"posx":2,"posy":5,"amount":650},{"posx":0,"posy":6,"amount":350},{"posx":6,"posy":6,"amount":100},{"posx":10,"posy":6,"amount":400},{"posx":14,"posy":6,"amount":250},{"posx":6,"posy":7,"amount":50},{"posx":14,"posy":7,"amount":200},{"posx":9,"posy":8,"amount":150},{"posx":11,"posy":8,"amount":150}],"changedObstacles":[]},{"players":[{"playerId":3099802,"score":1300,"energy":4,"posx":7,"posy":2,"lastAction":5,"status":0},{"playerId":3573,"score":1100,"energy":44,"posx":11,"posy":1,"lastAction":0,"status":0},{"playerId":75082,"score":800,"energy":17,"posx":0,"posy":6,"lastAction":4,"status":0},{"playerId":2294637,"score":1050,"energy":4,"posx":7,"posy":2,"lastAction":5,"status":0}],"golds":[{"posx":5,"posy":1,"amount":350},{"posx":7,"posy":1,"amount":150},{"posx":9,"posy":1,"amount":450},{"posx":0,"posy":2,"amount":50},{"posx":7,"posy":2,"amount":150},{"posx":2,"posy":5,"amount":650},{"posx":0,"posy":6,"amount":350},{"posx":6,"posy":6,"amount":100},{"posx":10,"posy":6,"amount":400},{"posx":14,"posy":6,"amount":250},{"posx":6,"posy":7,"amount":50},{"posx":14,"posy":7,"amount":200},{"posx":9,"posy":8,"amount":150},{"posx":11,"posy":8,"amount":150}],"changedObstacles":[]},{"players":[{"playerId":3099802,"score":1300,"energy":16,"posx":7,"posy":2,"lastAction":4,"status":0},{"playerId":3573,"score":1100,"energy":43,"posx":10,"posy":1,"lastAction":0,"status":0},{"playerId":75082,"score":850,"energy":12,"posx":0,"posy":6,"lastAction":5,"status":0},{"playerId":2294637,"score":1050,"energy":16,"posx":7,"posy":2,"lastAction":4,"status":0}],"golds":[{"posx":5,"posy":1,"amount":350},{"posx":7,"posy":1,"amount":150},{"posx":9,"posy":1,"amount":450},{"posx":0,"posy":2,"amount":50},{"posx":7,"posy":2,"amount":150},{"posx":2,"posy":5,"amount":650},{"posx":0,"posy":6,"amount":300},{"posx":6,"posy":6,"amount":100},{"posx":10,"posy":6,"amount":400},{"posx":14,"posy":6,"amount":250},{"posx":6,"posy":7,"amount":50},{"posx":14,"posy":7,"amount":200},{"posx":9,"posy":8,"amount":150},{"posx":11,"posy":8,"amount":150}],"changedObstacles":[]},{"players":[{"playerId":3099802,"score":1350,"energy":11,"posx":7,"posy":2,"lastAction":5,"status":0},{"playerId":3573,"score":1100,"energy":39,"posx":9,"posy":1,"lastAction":0,"status":0},{"playerId":75082,"score":900,"energy":7,"posx":0,"posy":6,"lastAction":5,"status":0},{"playerId":2294637,"score":1100,"energy":11,"posx":7,"posy":2,"lastAction":5,"status":0}],"golds":[{"posx":5,"posy":1,"amount":350},{"posx":7,"posy":1,"amount":150},{"posx":9,"posy":1,"amount":450},{"posx":0,"posy":2,"amount":50},{"posx":7,"posy":2,"amount":50},{"posx":2,"posy":5,"amount":650},{"posx":0,"posy":6,"amount":250},{"posx":6,"posy":6,"amount":100},{"posx":10,"posy":6,"amount":400},{"posx":14,"posy":6,"amount":250},{"posx":6,"posy":7,"amount":50},{"posx":14,"posy":7,"amount":200},{"posx":9,"posy":8,"amount":150},{"posx":11,"posy":8,"amount":150}],"changedObstacles":[]},{"players":[{"playerId":3099802,"score":1375,"energy":6,"posx":7,"posy":2,"lastAction":5,"status":0},{"playerId":3573,"score":1150,"energy":34,"posx":9,"posy":1,"lastAction":5,"status":0},{"playerId":75082,"score":950,"energy":2,"posx":0,"posy":6,"lastAction":5,"status":0},{"playerId":2294637,"score":1125,"energy":6,"posx":7,"posy":2,"lastAction":5,"status":0}],"golds":[{"posx":5,"posy":1,"amount":350},{"posx":7,"posy":1,"amount":150},{"posx":9,"posy":1,"amount":400},{"posx":0,"posy":2,"amount":50},{"posx":2,"posy":5,"amount":650},{"posx":0,"posy":6,"amount":200},{"posx":6,"posy":6,"amount":100},{"posx":10,"posy":6,"amount":400},{"posx":14,"posy":6,"amount":250},{"posx":6,"posy":7,"amount":50},{"posx":14,"posy":7,"amount":200},{"posx":9,"posy":8,"amount":150},{"posx":11,"posy":8,"amount":150}],"changedObstacles":[{"type":0,"posx":7,"posy":2,"value":-1}]},{"players":[{"playerId":3099802,"score":1375,"energy":2,"posx":7,"posy":1,"lastAction":2,"status":0},{"playerId":3573,"score":1200,"energy":29,"posx":9,"posy":1,"lastAction":5,"status":0},{"playerId":75082,"score":950,"energy":14,"posx":0,"posy":6,"lastAction":4,"status":0},{"playerId":2294637,"score":1125,"energy":18,"posx":7,"posy":2,"lastAction":4,"status":0}],"golds":[{"posx":5,"posy":1,"amount":350},{"posx":7,"posy":1,"amount":150},{"posx":9,"posy":1,"amount":350},{"posx":0,"posy":2,"amount":50},{"posx":2,"posy":5,"amount":650},{"posx":0,"posy":6,"amount":200},{"posx":6,"posy":6,"amount":100},{"posx":10,"posy":6,"amount":400},{"posx":14,"posy":6,"amount":250},{"posx":6,"posy":7,"amount":50},{"posx":14,"posy":7,"amount":200},{"posx":9,"posy":8,"amount":150},{"posx":11,"posy":8,"amount":150}],"changedObstacles":[]},{"players":[{"playerId":3099802,"score":1375,"energy":14,"posx":7,"posy":1,"lastAction":4,"status":0},{"playerId":3573,"score":1250,"energy":24,"posx":9,"posy":1,"lastAction":5,"status":0},{"playerId":75082,"score":1000,"energy":9,"posx":0,"posy":6,"lastAction":5,"status":0},{"playerId":2294637,"score":1125,"energy":34,"posx":7,"posy":2,"lastAction":4,"status":0}],"golds":[{"posx":5,"posy":1,"amount":350},{"posx":7,"posy":1,"amount":150},{"posx":9,"posy":1,"amount":300},{"posx":0,"posy":2,"amount":50},{"posx":2,"posy":5,"amount":650},{"posx":0,"posy":6,"amount":150},{"posx":6,"posy":6,"amount":100},{"posx":10,"posy":6,"amount":400},{"posx":14,"posy":6,"amount":250},{"posx":6,"posy":7,"amount":50},{"posx":14,"posy":7,"amount":200},{"posx":9,"posy":8,"amount":150},{"posx":11,"posy":8,"amount":150}],"changedObstacles":[]},{"players":[{"playerId":3099802,"score":1375,"energy":30,"posx":7,"posy":1,"lastAction":4,"status":0},{"playerId":3573,"score":1300,"energy":19,"posx":9,"posy":1,"lastAction":5,"status":0},{"playerId":75082,"score":1050,"energy":4,"posx":0,"posy":6,"lastAction":5,"status":0},{"playerId":2294637,"score":1125,"energy":50,"posx":7,"posy":2,"lastAction":4,"status":0}],"golds":[{"posx":5,"posy":1,"amount":350},{"posx":7,"posy":1,"amount":150},{"posx":9,"posy":1,"amount":250},{"posx":0,"posy":2,"amount":50},{"posx":2,"posy":5,"amount":650},{"posx":0,"posy":6,"amount":100},{"posx":6,"posy":6,"amount":100},{"posx":10,"posy":6,"amount":400},{"posx":14,"posy":6,"amount":250},{"posx":6,"posy":7,"amount":50},{"posx":14,"posy":7,"amount":200},{"posx":9,"posy":8,"amount":150},{"posx":11,"posy":8,"amount":150}],"changedObstacles":[]},{"players":[{"playerId":3099802,"score":1425,"energy":25,"posx":7,"posy":1,"lastAction":5,"status":0},{"playerId":3573,"score":1350,"energy":14,"posx":9,"posy":1,"lastAction":5,"status":0},{"playerId":75082,"score":1050,"energy":16,"posx":0,"posy":6,"lastAction":4,"status":0},{"playerId":2294637,"score":1125,"energy":49,"posx":7,"posy":3,"lastAction":3,"status":0}],"golds":[{"posx":5,"posy":1,"amount":350},{"posx":7,"posy":1,"amount":100},{"posx":9,"posy":1,"amount":200},{"posx":0,"posy":2,"amount":50},{"posx":2,"posy":5,"amount":650},{"posx":0,"posy":6,"amount":100},{"posx":6,"posy":6,"amount":100},{"posx":10,"posy":6,"amount":400},{"posx":14,"posy":6,"amount":250},{"posx":6,"posy":7,"amount":50},{"posx":14,"posy":7,"amount":200},{"posx":9,"posy":8,"amount":150},{"posx":11,"posy":8,"amount":150}],"changedObstacles":[]},{"players":[{"playerId":3099802,"score":1475,"energy":20,"posx":7,"posy":1,"lastAction":5,"status":0},{"playerId":3573,"score":1400,"energy":9,"posx":9,"posy":1,"lastAction":5,"status":0},{"playerId":75082,"score":1100,"energy":11,"posx":0,"posy":6,"lastAction":5,"status":0},{"playerId":2294637,"score":1125,"energy":48,"posx":6,"posy":3,"lastAction":0,"status":0}],"golds":[{"posx":5,"posy":1,"amount":350},{"posx":7,"posy":1,"amount":50},{"posx":9,"posy":1,"amount":150},{"posx":0,"posy":2,"amount":50},{"posx":2,"posy":5,"amount":650},{"posx":0,"posy":6,"amount":50},{"posx":6,"posy":6,"amount":100},{"posx":10,"posy":6,"amount":400},{"posx":14,"posy":6,"amount":250},{"posx":6,"posy":7,"amount":50},{"posx":14,"posy":7,"amount":200},{"posx":9,"posy":8,"amount":150},{"posx":11,"posy":8,"amount":150}],"changedObstacles":[]},{"players":[{"playerId":3099802,"score":1525,"energy":15,"posx":7,"posy":1,"lastAction":5,"status":0},{"playerId":3573,"score":1450,"energy":4,"posx":9,"posy":1,"lastAction":5,"status":0},{"playerId":75082,"score":1150,"energy":6,"posx":0,"posy":6,"lastAction":5,"status":0},{"playerId":2294637,"score":1125,"energy":47,"posx":6,"posy":4,"lastAction":3,"status":0}],"golds":[{"posx":5,"posy":1,"amount":350},{"posx":9,"posy":1,"amount":100},{"posx":0,"posy":2,"amount":50},{"posx":2,"posy":5,"amount":650},{"posx":6,"posy":6,"amount":100},{"posx":10,"posy":6,"amount":400},{"posx":14,"posy":6,"amount":250},{"posx":6,"posy":7,"amount":50},{"posx":14,"posy":7,"amount":200},{"posx":9,"posy":8,"amount":150},{"posx":11,"posy":8,"amount":150}],"changedObstacles":[{"type":0,"posx":7,"posy":1,"value":-1},{"type":0,"posx":0,"posy":6,"value":-1}]},{"players":[{"playerId":3099802,"score":1525,"energy":14,"posx":6,"posy":1,"lastAction":0,"status":0},{"playerId":3573,"score":1450,"energy":16,"posx":9,"posy":1,"lastAction":4,"status":0},{"playerId":75082,"score":1150,"energy":5,"posx":0,"posy":7,"lastAction":3,"status":0},{"playerId":2294637,"score":1125,"energy":46,"posx":5,"posy":4,"lastAction":0,"status":0}],"golds":[{"posx":5,"posy":1,"amount":350},{"posx":9,"posy":1,"amount":100},{"posx":0,"posy":2,"amount":50},{"posx":2,"posy":5,"amount":650},{"posx":6,"posy":6,"amount":100},{"posx":10,"posy":6,"amount":400},{"posx":14,"posy":6,"amount":250},{"posx":6,"posy":7,"amount":50},{"posx":14,"posy":7,"amount":200},{"posx":9,"posy":8,"amount":150},{"posx":11,"posy":8,"amount":150}],"changedObstacles":[]},{"players":[{"playerId":3099802,"score":1525,"energy":10,"posx":5,"posy":1,"lastAction":0,"status":0},{"playerId":3573,"score":1450,"energy":32,"posx":9,"posy":1,"lastAction":4,"status":0},{"playerId":75082,"score":1150,"energy":17,"posx":0,"posy":7,"lastAction":4,"status":0},{"playerId":2294637,"score":1125,"energy":45,"posx":4,"posy":4,"lastAction":0,"status":0}],"golds":[{"posx":5,"posy":1,"amount":350},{"posx":9,"posy":1,"amount":100},{"posx":0,"posy":2,"amount":50},{"posx":2,"posy":5,"amount":650},{"posx":6,"posy":6,"amount":100},{"posx":10,"posy":6,"amount":400},{"posx":14,"posy":6,"amount":250},{"posx":6,"posy":7,"amount":50},{"posx":14,"posy":7,"amount":200},{"posx":9,"posy":8,"amount":150},{"posx":11,"posy":8,"amount":150}],"changedObstacles":[]},{"players":[{"playerId":3099802,"score":1525,"energy":22,"posx":5,"posy":1,"lastAction":4,"status":0},{"playerId":3573,"score":1450,"energy":50,"posx":9,"posy":1,"lastAction":4,"status":0},{"playerId":75082,"score":1150,"energy":33,"posx":0,"posy":7,"lastAction":4,"status":0},{"playerId":2294637,"score":1125,"energy":44,"posx":3,"posy":4,"lastAction":0,"status":0}],"golds":[{"posx":5,"posy":1,"amount":350},{"posx":9,"posy":1,"amount":100},{"posx":0,"posy":2,"amount":50},{"posx":2,"posy":5,"amount":650},{"posx":6,"posy":6,"amount":100},{"posx":10,"posy":6,"amount":400},{"posx":14,"posy":6,"amount":250},{"posx":6,"posy":7,"amount":50},{"posx":14,"posy":7,"amount":200},{"posx":9,"posy":8,"amount":150},{"posx":11,"posy":8,"amount":150}],"changedObstacles":[]},{"players":[{"playerId":3099802,"score":1525,"energy":38,"posx":5,"posy":1,"lastAction":4,"status":0},{"playerId":3573,"score":1500,"energy":45,"posx":9,"posy":1,"lastAction":5,"status":0},{"playerId":75082,"score":1150,"energy":28,"posx":1,"posy":7,"lastAction":1,"status":0},{"playerId":2294637,"score":1125,"energy":43,"posx":2,"posy":4,"lastAction":0,"status":0}],"golds":[{"posx":5,"posy":1,"amount":350},{"posx":9,"posy":1,"amount":50},{"posx":0,"posy":2,"amount":50},{"posx":2,"posy":5,"amount":650},{"posx":6,"posy":6,"amount":100},{"posx":10,"posy":6,"amount":400},{"posx":14,"posy":6,"amount":250},{"posx":6,"posy":7,"amount":50},{"posx":14,"posy":7,"amount":200},{"posx":9,"posy":8,"amount":150},{"posx":11,"posy":8,"amount":150}],"changedObstacles":[{"type":3,"posx":1,"posy":7,"value":-20}]},{"players":[{"playerId":3099802,"score":1575,"energy":33,"posx":5,"posy":1,"lastAction":5,"status":0},{"playerId":3573,"score":1550,"energy":40,"posx":9,"posy":1,"lastAction":5,"status":0},{"playerId":75082,"score":1150,"energy":22,"posx":2,"posy":7,"lastAction":1,"status":0},{"playerId":2294637,"score":1125,"energy":39,"posx":2,"posy":5,"lastAction":3,"status":0}],"golds":[{"posx":5,"posy":1,"amount":300},{"posx":0,"posy":2,"amount":50},{"posx":2,"posy":5,"amount":650},{"posx":6,"posy":6,"amount":100},{"posx":10,"posy":6,"amount":400},{"posx":14,"posy":6,"amount":250},{"posx":6,"posy":7,"amount":50},{"posx":14,"posy":7,"amount":200},{"posx":9,"posy":8,"amount":150},{"posx":11,"posy":8,"amount":150}],"changedObstacles":[{"type":0,"posx":9,"posy":1,"value":-1}]},{"players":[{"playerId":3099802,"score":1625,"energy":28,"posx":5,"posy":1,"lastAction":5,"status":0},{"playerId":3573,"score":1550,"energy":39,"posx":8,"posy":1,"lastAction":0,"status":0},{"playerId":75082,"score":1150,"energy":21,"posx":2,"posy":8,"lastAction":3,"status":0},{"playerId":2294637,"score":1175,"energy":34,"posx":2,"posy":5,"lastAction":5,"status":0}],"golds":[{"posx":5,"posy":1,"amount":250},{"posx":0,"posy":2,"amount":50},{"posx":2,"posy":5,"amount":600},{"posx":6,"posy":6,"amount":100},{"posx":10,"posy":6,"amount":400},{"posx":14,"posy":6,"amount":250},{"posx":6,"posy":7,"amount":50},{"posx":14,"posy":7,"amount":200},{"posx":9,"posy":8,"amount":150},{"posx":11,"posy":8,"amount":150}],"changedObstacles":[]},{"players":[{"playerId":3099802,"score":1675,"energy":23,"posx":5,"posy":1,"lastAction":5,"status":0},{"playerId":3573,"score":1550,"energy":38,"posx":7,"posy":1,"lastAction":0,"status":0},{"playerId":75082,"score":1150,"energy":33,"posx":2,"posy":8,"lastAction":4,"status":0},{"playerId":2294637,"score":1225,"energy":29,"posx":2,"posy":5,"lastAction":5,"status":0}],"golds":[{"posx":5,"posy":1,"amount":200},{"posx":0,"posy":2,"amount":50},{"posx":2,"posy":5,"amount":550},{"posx":6,"posy":6,"amount":100},{"posx":10,"posy":6,"amount":400},{"posx":14,"posy":6,"amount":250},{"posx":6,"posy":7,"amount":50},{"posx":14,"posy":7,"amount":200},{"posx":9,"posy":8,"amount":150},{"posx":11,"posy":8,"amount":150}],"changedObstacles":[]},{"players":[{"playerId":3099802,"score":1725,"energy":18,"posx":5,"posy":1,"lastAction":5,"status":0},{"playerId":3573,"score":1550,"energy":37,"posx":6,"posy":1,"lastAction":0,"status":0},{"playerId":75082,"score":1150,"energy":32,"posx":3,"posy":8,"lastAction":1,"status":0},{"playerId":2294637,"score":1275,"energy":24,"posx":2,"posy":5,"lastAction":5,"status":0}],"golds":[{"posx":5,"posy":1,"amount":150},{"posx":0,"posy":2,"amount":50},{"posx":2,"posy":5,"amount":500},{"posx":6,"posy":6,"amount":100},{"posx":10,"posy":6,"amount":400},{"posx":14,"posy":6,"amount":250},{"posx":6,"posy":7,"amount":50},{"posx":14,"posy":7,"amount":200},{"posx":9,"posy":8,"amount":150},{"posx":11,"posy":8,"amount":150}],"changedObstacles":[]},{"players":[{"playerId":3099802,"score":1775,"energy":13,"posx":5,"posy":1,"lastAction":5,"status":0},{"playerId":3573,"score":1550,"energy":33,"posx":5,"posy":1,"lastAction":0,"status":0},{"playerId":75082,"score":1150,"energy":44,"posx":3,"posy":8,"lastAction":4,"status":0},{"playerId":2294637,"score":1325,"energy":19,"posx":2,"posy":5,"lastAction":5,"status":0}],"golds":[{"posx":5,"posy":1,"amount":100},{"posx":0,"posy":2,"amount":50},{"posx":2,"posy":5,"amount":450},{"posx":6,"posy":6,"amount":100},{"posx":10,"posy":6,"amount":400},{"posx":14,"posy":6,"amount":250},{"posx":6,"posy":7,"amount":50},{"posx":14,"posy":7,"amount":200},{"posx":9,"posy":8,"amount":150},{"posx":11,"posy":8,"amount":150}],"changedObstacles":[]},{"players":[{"playerId":3099802,"score":1825,"energy":8,"posx":5,"posy":1,"lastAction":5,"status":0},{"playerId":3573,"score":1600,"energy":28,"posx":5,"posy":1,"lastAction":5,"status":0},{"playerId":75082,"score":1150,"energy":43,"posx":4,"posy":8,"lastAction":1,"status":0},{"playerId":2294637,"score":1375,"energy":14,"posx":2,"posy":5,"lastAction":5,"status":0}],"golds":[{"posx":0,"posy":2,"amount":50},{"posx":2,"posy":5,"amount":400},{"posx":6,"posy":6,"amount":100},{"posx":10,"posy":6,"amount":400},{"posx":14,"posy":6,"amount":250},{"posx":6,"posy":7,"amount":50},{"posx":14,"posy":7,"amount":200},{"posx":9,"posy":8,"amount":150},{"posx":11,"posy":8,"amount":150}],"changedObstacles":[{"type":0,"posx":5,"posy":1,"value":-1}]},{"players":[{"playerId":3099802,"score":1825,"energy":7,"posx":6,"posy":1,"lastAction":1,"status":0},{"playerId":3573,"score":1600,"energy":27,"posx":5,"posy":2,"lastAction":3,"status":0},{"playerId":75082,"score":1150,"energy":42,"posx":3,"posy":8,"lastAction":0,"status":0},{"playerId":2294637,"score":1425,"energy":9,"posx":2,"posy":5,"lastAction":5,"status":0}],"golds":[{"posx":0,"posy":2,"amount":50},{"posx":2,"posy":5,"amount":350},{"posx":6,"posy":6,"amount":100},{"posx":10,"posy":6,"amount":400},{"posx":14,"posy":6,"amount":250},{"posx":6,"posy":7,"amount":50},{"posx":14,"posy":7,"amount":200},{"posx":9,"posy":8,"amount":150},{"posx":11,"posy":8,"amount":150}],"changedObstacles":[]},{"players":[{"playerId":3099802,"score":1825,"energy":6,"posx":7,"posy":1,"lastAction":1,"status":0},{"playerId":3573,"score":1600,"energy":16,"posx":4,"posy":2,"lastAction":0,"status":0},{"playerId":75082,"score":1150,"energy":41,"posx":4,"posy":8,"lastAction":1,"status":0},{"playerId":2294637,"score":1475,"energy":4,"posx":2,"posy":5,"lastAction":5,"status":0}],"golds":[{"posx":0,"posy":2,"amount":50},{"posx":2,"posy":5,"amount":300},{"posx":6,"posy":6,"amount":100},{"posx":10,"posy":6,"amount":400},{"posx":14,"posy":6,"amount":250},{"posx":6,"posy":7,"amount":50},{"posx":14,"posy":7,"amount":200},{"posx":9,"posy":8,"amount":150},{"posx":11,"posy":8,"amount":150}],"changedObstacles":[]},{"players":[{"playerId":3099802,"score":1825,"energy":5,"posx":7,"posy":2,"lastAction":3,"status":0},{"playerId":3573,"score":1600,"energy":28,"posx":4,"posy":2,"lastAction":4,"status":0},{"playerId":75082,"score":1150,"energy":21,"posx":5,"posy":8,"lastAction":1,"status":0},{"playerId":2294637,"score":1475,"energy":16,"posx":2,"posy":5,"lastAction":4,"status":0}],"golds":[{"posx":0,"posy":2,"amount":50},{"posx":2,"posy":5,"amount":300},{"posx":6,"posy":6,"amount":100},{"posx":10,"posy":6,"amount":400},{"posx":14,"posy":6,"amount":250},{"posx":6,"posy":7,"amount":50},{"posx":14,"posy":7,"amount":200},{"posx":9,"posy":8,"amount":150},{"posx":11,"posy":8,"amount":150}],"changedObstacles":[{"type":3,"posx":5,"posy":8,"value":-40}]},{"players":[{"playerId":3099802,"score":1825,"energy":4,"posx":7,"posy":3,"lastAction":3,"status":0},{"playerId":3573,"score":1600,"energy":44,"posx":4,"posy":2,"lastAction":4,"status":0},{"playerId":75082,"score":1150,"energy":33,"posx":5,"posy":8,"lastAction":4,"status":0},{"playerId":2294637,"score":1475,"energy":32,"posx":2,"posy":5,"lastAction":4,"status":0}],"golds":[{"posx":0,"posy":2,"amount":50},{"posx":2,"posy":5,"amount":300},{"posx":6,"posy":6,"amount":100},{"posx":10,"posy":6,"amount":400},{"posx":14,"posy":6,"amount":250},{"posx":6,"posy":7,"amount":50},{"posx":14,"posy":7,"amount":200},{"posx":9,"posy":8,"amount":150},{"posx":11,"posy":8,"amount":150}],"changedObstacles":[]},{"players":[{"playerId":3099802,"score":1825,"energy":3,"posx":7,"posy":4,"lastAction":3,"status":0},{"playerId":3573,"score":1600,"energy":43,"posx":4,"posy":3,"lastAction":3,"status":0},{"playerId":75082,"score":1150,"energy":32,"posx":4,"posy":8,"lastAction":0,"status":0},{"playerId":2294637,"score":1475,"energy":50,"posx":2,"posy":5,"lastAction":4,"status":0}],"golds":[{"posx":0,"posy":2,"amount":50},{"posx":2,"posy":5,"amount":300},{"posx":6,"posy":6,"amount":100},{"posx":10,"posy":6,"amount":400},{"posx":14,"posy":6,"amount":250},{"posx":6,"posy":7,"amount":50},{"posx":14,"posy":7,"amount":200},{"posx":9,"posy":8,"amount":150},{"posx":11,"posy":8,"amount":150}],"changedObstacles":[]},{"players":[{"playerId":3099802,"score":1825,"energy":2,"posx":7,"posy":5,"lastAction":3,"status":0},{"playerId":3573,"score":1600,"energy":42,"posx":4,"posy":4,"lastAction":3,"status":0},{"playerId":75082,"score":1150,"energy":31,"posx":3,"posy":8,"lastAction":0,"status":0},{"playerId":2294637,"score":1525,"energy":45,"posx":2,"posy":5,"lastAction":5,"status":0}],"golds":[{"posx":0,"posy":2,"amount":50},{"posx":2,"posy":5,"amount":250},{"posx":6,"posy":6,"amount":100},{"posx":10,"posy":6,"amount":400},{"posx":14,"posy":6,"amount":250},{"posx":6,"posy":7,"amount":50},{"posx":14,"posy":7,"amount":200},{"posx":9,"posy":8,"amount":150},{"posx":11,"posy":8,"amount":150}],"changedObstacles":[]},{"players":[{"playerId":3099802,"score":1825,"energy":1,"posx":7,"posy":6,"lastAction":3,"status":0},{"playerId":3573,"score":1600,"energy":41,"posx":3,"posy":4,"lastAction":0,"status":0},{"playerId":75082,"score":1150,"energy":30,"posx":4,"posy":8,"lastAction":1,"status":0},{"playerId":2294637,"score":1575,"energy":40,"posx":2,"posy":5,"lastAction":5,"status":0}],"golds":[{"posx":0,"posy":2,"amount":50},{"posx":2,"posy":5,"amount":200},{"posx":6,"posy":6,"amount":100},{"posx":10,"posy":6,"amount":400},{"posx":14,"posy":6,"amount":250},{"posx":6,"posy":7,"amount":50},{"posx":14,"posy":7,"amount":200},{"posx":9,"posy":8,"amount":150},{"posx":11,"posy":8,"amount":150}],"changedObstacles":[]},{"players":[{"playerId":3099802,"score":1825,"energy":13,"posx":7,"posy":6,"lastAction":4,"status":0},{"playerId":3573,"score":1600,"energy":40,"posx":2,"posy":4,"lastAction":0,"status":0},{"playerId":75082,"score":1150,"energy":42,"posx":4,"posy":8,"lastAction":4,"status":0},{"playerId":2294637,"score":1625,"energy":35,"posx":2,"posy":5,"lastAction":5,"status":0}],"golds":[{"posx":0,"posy":2,"amount":50},{"posx":2,"posy":5,"amount":150},{"posx":6,"posy":6,"amount":100},{"posx":10,"posy":6,"amount":400},{"posx":14,"posy":6,"amount":250},{"posx":6,"posy":7,"amount":50},{"posx":14,"posy":7,"amount":200},{"posx":9,"posy":8,"amount":150},{"posx":11,"posy":8,"amount":150}],"changedObstacles":[]},{"players":[{"playerId":3099802,"score":1825,"energy":29,"posx":7,"posy":6,"lastAction":4,"status":0},{"playerId":3573,"score":1600,"energy":36,"posx":2,"posy":5,"lastAction":3,"status":0},{"playerId":75082,"score":1150,"energy":2,"posx":5,"posy":8,"lastAction":1,"status":0},{"playerId":2294637,"score":1675,"energy":30,"posx":2,"posy":5,"lastAction":5,"status":0}],"golds":[{"posx":0,"posy":2,"amount":50},{"posx":2,"posy":5,"amount":100},{"posx":6,"posy":6,"amount":100},{"posx":10,"posy":6,"amount":400},{"posx":14,"posy":6,"amount":250},{"posx":6,"posy":7,"amount":50},{"posx":14,"posy":7,"amount":200},{"posx":9,"posy":8,"amount":150},{"posx":11,"posy":8,"amount":150}],"changedObstacles":[{"type":3,"posx":5,"posy":8,"value":-100}]},{"players":[{"playerId":3099802,"score":1825,"energy":15,"posx":8,"posy":6,"lastAction":1,"status":0},{"playerId":3573,"score":1650,"energy":31,"posx":2,"posy":5,"lastAction":5,"status":0},{"playerId":75082,"score":1150,"energy":14,"posx":5,"posy":8,"lastAction":4,"status":0},{"playerId":2294637,"score":1725,"energy":25,"posx":2,"posy":5,"lastAction":5,"status":0}],"golds":[{"posx":0,"posy":2,"amount":50},{"posx":6,"posy":6,"amount":100},{"posx":10,"posy":6,"amount":400},{"posx":14,"posy":6,"amount":250},{"posx":6,"posy":7,"amount":50},{"posx":14,"posy":7,"amount":200},{"posx":9,"posy":8,"amount":150},{"posx":11,"posy":8,"amount":150}],"changedObstacles":[{"type":0,"posx":2,"posy":5,"value":-1}]},{"players":[{"playerId":3099802,"score":1825,"energy":10,"posx":9,"posy":6,"lastAction":1,"status":0},{"playerId":3573,"score":1650,"energy":21,"posx":2,"posy":6,"lastAction":3,"status":0},{"playerId":75082,"score":1150,"energy":13,"posx":4,"posy":8,"lastAction":0,"status":0},{"playerId":2294637,"score":1725,"energy":15,"posx":3,"posy":5,"lastAction":1,"status":0}],"golds":[{"posx":0,"posy":2,"amount":50},{"posx":6,"posy":6,"amount":100},{"posx":10,"posy":6,"amount":400},{"posx":14,"posy":6,"amount":250},{"posx":6,"posy":7,"amount":50},{"posx":14,"posy":7,"amount":200},{"posx":9,"posy":8,"amount":150},{"posx":11,"posy":8,"amount":150}],"changedObstacles":[{"type":0,"posx":3,"posy":5,"value":-1},{"type":3,"posx":9,"posy":6,"value":-20}]},{"players":[{"playerId":3099802,"score":1825,"energy":6,"posx":10,"posy":6,"lastAction":1,"status":0},{"playerId":3573,"score":1650,"energy":11,"posx":3,"posy":6,"lastAction":1,"status":0},{"playerId":75082,"score":1150,"energy":25,"posx":4,"posy":8,"lastAction":4,"status":0},{"playerId":2294637,"score":1725,"energy":27,"posx":3,"posy":5,"lastAction":4,"status":0}],"golds":[{"posx":0,"posy":2,"amount":50},{"posx":6,"posy":6,"amount":100},{"posx":10,"posy":6,"amount":400},{"posx":14,"posy":6,"amount":250},{"posx":6,"posy":7,"amount":50},{"posx":14,"posy":7,"amount":200},{"posx":9,"posy":8,"amount":150},{"posx":11,"posy":8,"amount":150}],"changedObstacles":[{"type":0,"posx":3,"posy":6,"value":-1}]},{"players":[{"playerId":3099802,"score":1825,"energy":18,"posx":10,"posy":6,"lastAction":4,"status":0},{"playerId":3573,"score":1650,"energy":23,"posx":3,"posy":6,"lastAction":4,"status":0},{"playerId":75082,"score":1150,"energy":24,"posx":3,"posy":8,"lastAction":0,"status":0},{"playerId":2294637,"score":1725,"energy":43,"posx":3,"posy":5,"lastAction":4,"status":0}],"golds":[{"posx":0,"posy":2,"amount":50},{"posx":6,"posy":6,"amount":100},{"posx":10,"posy":6,"amount":400},{"posx":14,"posy":6,"amount":250},{"posx":6,"posy":7,"amount":50},{"posx":14,"posy":7,"amount":200},{"posx":9,"posy":8,"amount":150},{"posx":11,"posy":8,"amount":150}],"changedObstacles":[]},{"players":[{"playerId":3099802,"score":1825,"energy":34,"posx":10,"posy":6,"lastAction":4,"status":0},{"playerId":3573,"score":1650,"energy":39,"posx":3,"posy":6,"lastAction":4,"status":0},{"playerId":75082,"score":1150,"energy":23,"posx":4,"posy":8,"lastAction":1,"status":0},{"playerId":2294637,"score":1725,"energy":33,"posx":4,"posy":5,"lastAction":1,"status":0}],"golds":[{"posx":0,"posy":2,"amount":50},{"posx":6,"posy":6,"amount":100},{"posx":10,"posy":6,"amount":400},{"posx":14,"posy":6,"amount":250},{"posx":6,"posy":7,"amount":50},{"posx":14,"posy":7,"amount":200},{"posx":9,"posy":8,"amount":150},{"posx":11,"posy":8,"amount":150}],"changedObstacles":[]},{"players":[{"playerId":3099802,"score":1825,"energy":50,"posx":10,"posy":6,"lastAction":4,"status":0},{"playerId":3573,"score":1650,"energy":29,"posx":4,"posy":6,"lastAction":1,"status":0},{"playerId":75082,"score":1150,"energy":22,"posx":3,"posy":8,"lastAction":0,"status":0},{"playerId":2294637,"score":1725,"energy":32,"posx":5,"posy":5,"lastAction":1,"status":0}],"golds":[{"posx":0,"posy":2,"amount":50},{"posx":6,"posy":6,"amount":100},{"posx":10,"posy":6,"amount":400},{"posx":14,"posy":6,"amount":250},{"posx":6,"posy":7,"amount":50},{"posx":14,"posy":7,"amount":200},{"posx":9,"posy":8,"amount":150},{"posx":11,"posy":8,"amount":150}],"changedObstacles":[{"type":0,"posx":4,"posy":6,"value":-1}]},{"players":[{"playerId":3099802,"score":1875,"energy":45,"posx":10,"posy":6,"lastAction":5,"status":0},{"playerId":3573,"score":1650,"energy":19,"posx":5,"posy":6,"lastAction":1,"status":0},{"playerId":75082,"score":1150,"energy":21,"posx":4,"posy":8,"lastAction":1,"status":0},{"playerId":2294637,"score":1725,"energy":31,"posx":6,"posy":5,"lastAction":1,"status":0}],"golds":[{"posx":0,"posy":2,"amount":50},{"posx":6,"posy":6,"amount":100},{"posx":10,"posy":6,"amount":350},{"posx":14,"posy":6,"amount":250},{"posx":6,"posy":7,"amount":50},{"posx":14,"posy":7,"amount":200},{"posx":9,"posy":8,"amount":150},{"posx":11,"posy":8,"amount":150}],"changedObstacles":[{"type":0,"posx":5,"posy":6,"value":-1}]},{"players":[{"playerId":3099802,"score":1925,"energy":40,"posx":10,"posy":6,"lastAction":5,"status":0},{"playerId":3573,"score":1650,"energy":31,"posx":5,"posy":6,"lastAction":4,"status":0},{"playerId":75082,"score":1150,"energy":33,"posx":4,"posy":8,"lastAction":4,"status":0},{"playerId":2294637,"score":1725,"energy":30,"posx":7,"posy":5,"lastAction":1,"status":0}],"golds":[{"posx":0,"posy":2,"amount":50},{"posx":6,"posy":6,"amount":100},{"posx":10,"posy":6,"amount":300},{"posx":14,"posy":6,"amount":250},{"posx":6,"posy":7,"amount":50},{"posx":14,"posy":7,"amount":200},{"posx":9,"posy":8,"amount":150},{"posx":11,"posy":8,"amount":150}],"changedObstacles":[]},{"players":[{"playerId":3099802,"score":1975,"energy":35,"posx":10,"posy":6,"lastAction":5,"status":0},{"playerId":3573,"score":1650,"energy":47,"posx":5,"posy":6,"lastAction":4,"status":0},{"playerId":75082,"score":1150,"energy":32,"posx":3,"posy":8,"lastAction":0,"status":0},{"playerId":2294637,"score":1725,"energy":29,"posx":8,"posy":5,"lastAction":1,"status":0}],"golds":[{"posx":0,"posy":2,"amount":50},{"posx":6,"posy":6,"amount":100},{"posx":10,"posy":6,"amount":250},{"posx":14,"posy":6,"amount":250},{"posx":6,"posy":7,"amount":50},{"posx":14,"posy":7,"amount":200},{"posx":9,"posy":8,"amount":150},{"posx":11,"posy":8,"amount":150}],"changedObstacles":[]},{"players":[{"playerId":3099802,"score":2025,"energy":30,"posx":10,"posy":6,"lastAction":5,"status":0},{"playerId":3573,"score":1650,"energy":43,"posx":6,"posy":6,"lastAction":1,"status":0},{"playerId":75082,"score":1150,"energy":31,"posx":2,"posy":8,"lastAction":0,"status":0},{"playerId":2294637,"score":1725,"energy":12,"posx":9,"posy":5,"lastAction":1,"status":0}],"golds":[{"posx":0,"posy":2,"amount":50},{"posx":6,"posy":6,"amount":100},{"posx":10,"posy":6,"amount":200},{"posx":14,"posy":6,"amount":250},{"posx":6,"posy":7,"amount":50},{"posx":14,"posy":7,"amount":200},{"posx":9,"posy":8,"amount":150},{"posx":11,"posy":8,"amount":150}],"changedObstacles":[]},{"players":[{"playerId":3099802,"score":2075,"energy":25,"posx":10,"posy":6,"lastAction":5,"status":0},{"playerId":3573,"score":1700,"energy":38,"posx":6,"posy":6,"lastAction":5,"status":0},{"playerId":75082,"score":1150,"energy":30,"posx":1,"posy":8,"lastAction":0,"status":0},{"playerId":2294637,"score":1725,"energy":24,"posx":9,"posy":5,"lastAction":4,"status":0}],"golds":[{"posx":0,"posy":2,"amount":50},{"posx":6,"posy":6,"amount":50},{"posx":10,"posy":6,"amount":150},{"posx":14,"posy":6,"amount":250},{"posx":6,"posy":7,"amount":50},{"posx":14,"posy":7,"amount":200},{"posx":9,"posy":8,"amount":150},{"posx":11,"posy":8,"amount":150}],"changedObstacles":[]},{"players":[{"playerId":3099802,"score":2125,"energy":20,"posx":10,"posy":6,"lastAction":5,"status":0},{"playerId":3573,"score":1750,"energy":33,"posx":6,"posy":6,"lastAction":5,"status":0},{"playerId":75082,"score":1150,"energy":29,"posx":2,"posy":8,"lastAction":1,"status":0},{"playerId":2294637,"score":1725,"energy":40,"posx":9,"posy":5,"lastAction":4,"status":0}],"golds":[{"posx":0,"posy":2,"amount":50},{"posx":10,"posy":6,"amount":100},{"posx":14,"posy":6,"amount":250},{"posx":6,"posy":7,"amount":50},{"posx":14,"posy":7,"amount":200},{"posx":9,"posy":8,"amount":150},{"posx":11,"posy":8,"amount":150}],"changedObstacles":[{"type":0,"posx":6,"posy":6,"value":-1}]},{"players":[{"playerId":3099802,"score":2175,"energy":15,"posx":10,"posy":6,"lastAction":5,"status":0},{"playerId":3573,"score":1750,"energy":29,"posx":6,"posy":7,"lastAction":3,"status":0},{"playerId":75082,"score":1150,"energy":28,"posx":1,"posy":8,"lastAction":0,"status":0},{"playerId":2294637,"score":1725,"energy":30,"posx":10,"posy":5,"lastAction":1,"status":0}],"golds":[{"posx":0,"posy":2,"amount":50},{"posx":10,"posy":6,"amount":50},{"posx":14,"posy":6,"amount":250},{"posx":6,"posy":7,"amount":50},{"posx":14,"posy":7,"amount":200},{"posx":9,"posy":8,"amount":150},{"posx":11,"posy":8,"amount":150}],"changedObstacles":[]},{"players":[{"playerId":3099802,"score":2225,"energy":10,"posx":10,"posy":6,"lastAction":5,"status":0},{"playerId":3573,"score":1800,"energy":24,"posx":6,"posy":7,"lastAction":5,"status":0},{"playerId":75082,"score":1150,"energy":40,"posx":1,"posy":8,"lastAction":4,"status":0},{"playerId":2294637,"score":1725,"energy":29,"posx":11,"posy":5,"lastAction":1,"status":0}],"golds":[{"posx":0,"posy":2,"amount":50},{"posx":14,"posy":6,"amount":250},{"posx":14,"posy":7,"amount":200},{"posx":9,"posy":8,"amount":150},{"posx":11,"posy":8,"amount":150}],"changedObstacles":[{"type":0,"posx":10,"posy":6,"value":-1},{"type":0,"posx":6,"posy":7,"value":-1}]},{"players":[{"playerId":3099802,"score":2225,"energy":9,"posx":10,"posy":7,"lastAction":3,"status":0},{"playerId":3573,"score":1800,"energy":23,"posx":7,"posy":7,"lastAction":1,"status":0},{"playerId":75082,"score":1150,"energy":50,"posx":1,"posy":8,"lastAction":4,"status":0},{"playerId":2294637,"score":1725,"energy":10,"posx":11,"posy":6,"lastAction":3,"status":0}],"golds":[{"posx":0,"posy":2,"amount":50},{"posx":14,"posy":6,"amount":250},{"posx":14,"posy":7,"amount":200},{"posx":9,"posy":8,"amount":150},{"posx":11,"posy":8,"amount":150}],"changedObstacles":[]},{"players":[{"playerId":3099802,"score":2225,"energy":8,"posx":10,"posy":8,"lastAction":3,"status":0},{"playerId":3573,"score":1800,"energy":22,"posx":7,"posy":8,"lastAction":3,"status":0},{"playerId":75082,"score":1150,"energy":49,"posx":2,"posy":8,"lastAction":1,"status":0},{"playerId":2294637,"score":1725,"energy":9,"posx":12,"posy":6,"lastAction":1,"status":0}],"golds":[{"posx":0,"posy":2,"amount":50},{"posx":14,"posy":6,"amount":250},{"posx":14,"posy":7,"amount":200},{"posx":9,"posy":8,"amount":150},{"posx":11,"posy":8,"amount":150}],"changedObstacles":[]},{"players":[{"playerId":3099802,"score":2225,"energy":4,"posx":9,"posy":8,"lastAction":0,"status":0},{"playerId":3573,"score":1800,"energy":21,"posx":8,"posy":8,"lastAction":1,"status":0},{"playerId":75082,"score":1150,"energy":48,"posx":3,"posy":8,"lastAction":1,"status":0},{"playerId":2294637,"score":1725,"energy":8,"posx":13,"posy":6,"lastAction":1,"status":0}],"golds":[{"posx":0,"posy":2,"amount":50},{"posx":14,"posy":6,"amount":250},{"posx":14,"posy":7,"amount":200},{"posx":9,"posy":8,"amount":150},{"posx":11,"posy":8,"amount":150}],"changedObstacles":[]},{"players":[{"playerId":3099802,"score":2225,"energy":16,"posx":9,"posy":8,"lastAction":4,"status":0},{"playerId":3573,"score":1800,"energy":17,"posx":9,"posy":8,"lastAction":1,"status":0},{"playerId":75082,"score":1150,"energy":47,"posx":2,"posy":8,"lastAction":0,"status":0},{"playerId":2294637,"score":1725,"energy":20,"posx":13,"posy":6,"lastAction":4,"status":0}],"golds":[{"posx":0,"posy":2,"amount":50},{"posx":14,"posy":6,"amount":250},{"posx":14,"posy":7,"amount":200},{"posx":9,"posy":8,"amount":150},{"posx":11,"posy":8,"amount":150}],"changedObstacles":[]},{"players":[{"playerId":3099802,"score":2275,"energy":11,"posx":9,"posy":8,"lastAction":5,"status":0},{"playerId":3573,"score":1850,"energy":12,"posx":9,"posy":8,"lastAction":5,"status":0},{"playerId":75082,"score":1150,"energy":46,"posx":1,"posy":8,"lastAction":0,"status":0},{"playerId":2294637,"score":1725,"energy":36,"posx":13,"posy":6,"lastAction":4,"status":0}],"golds":[{"posx":0,"posy":2,"amount":50},{"posx":14,"posy":6,"amount":250},{"posx":14,"posy":7,"amount":200},{"posx":9,"posy":8,"amount":50},{"posx":11,"posy":8,"amount":150}],"changedObstacles":[]}]