[{"players":[{"playerId":2451397,"score":0,"energy":46,"posx":8,"posy":3,"lastAction":3,"status":0},{"playerId":2663641,"score":0,"energy":46,"posx":8,"posy":3,"lastAction":3,"status":0},{"playerId":2534350,"score":0,"energy":46,"posx":8,"posy":3,"lastAction":3,"status":0},{"playerId":277917,"score":0,"energy":46,"posx":8,"posy":3,"lastAction":3,"status":0}],"golds":[{"posx":1,"posy":8,"amount":100},{"posx":9,"posy":4,"amount":150},{"posx":15,"posy":6,"amount":300},{"posx":19,"posy":2,"amount":50},{"posx":17,"posy":1,"amount":50},{"posx":6,"posy":7,"amount":600},{"posx":1,"posy":6,"amount":600},{"posx":6,"posy":2,"amount":150},{"posx":8,"posy":3,"amount":100},{"posx":14,"posy":5,"amount":550},{"posx":5,"posy":6,"amount":450},{"posx":15,"posy":4,"amount":500},{"posx":18,"posy":7,"amount":350},{"posx":6,"posy":4,"amount":450},{"posx":3,"posy":8,"amount":250},{"posx":16,"posy":0,"amount":400},{"posx":1,"posy":7,"amount":250},{"posx":5,"posy":7,"amount":500},{"posx":13,"posy":6,"amount":550},{"posx":19,"posy":0,"amount":50}],"changedObstacles":[]},{"players":[{"playerId":2451397,"score":34,"energy":41,"posx":8,"posy":3,"lastAction":5,"status":0},{"playerId":2663641,"score":34,"energy":41,"posx":8,"posy":3,"lastAction":5,"status":0},{"playerId":2534350,"score":34,"energy":41,"posx":8,"posy":3,"lastAction":5,"status":0},{"playerId":277917,"score":0,"energy":45,"posx":7,"posy":3,"lastAction":0,"status":0}],"golds":[{"posx":16,"posy":0,"amount":400},{"posx":19,"posy":0,"amount":50},{"posx":17,"posy":1,"amount":50},{"posx":6,"posy":2,"amount":150},{"posx":19,"posy":2,"amount":50},{"posx":6,"posy":4,"amount":450},{"posx":9,"posy":4,"amount":150},{"posx":15,"posy":4,"amount":500},{"posx":14,"posy":5,"amount":550},{"posx":1,"posy":6,"amount":600},{"posx":5,"posy":6,"amount":450},{"posx":13,"posy":6,"amount":550},{"posx":15,"posy":6,"amount":300},{"posx":1,"posy":7,"amount":250},{"posx":5,"posy":7,"amount":500},{"posx":6,"posy":7,"amount":600},{"posx":18,"posy":7,"amount":350},{"posx":1,"posy":8,"amount":100},{"posx":3,"posy":8,"amount":250}],"changedObstacles":[{"type":0,"posx":8,"posy":3,"value":-1}]},{"players":[{"playerId":2451397,"score":34,"energy":40,"posx":7,"posy":3,"lastAction":0,"status":0},{"playerId":2663641,"score":34,"energy":40,"posx":8,"posy":4,"lastAction":3,"status":0},{"playerId":2534350,"score":34,"energy":40,"posx":8,"posy":4,"lastAction":3,"status":0},{"playerId":277917,"score":0,"energy":44,"posx":6,"posy":3,"lastAction":0,"status":0}],"golds":[{"posx":16,"posy":0,"amount":400},{"posx":19,"posy":0,"amount":50},{"posx":17,"posy":1,"amount":50},{"posx":6,"posy":2,"amount":150},{"posx":19,"posy":2,"amount":50},{"posx":6,"posy":4,"amount":450},{"posx":9,"posy":4,"amount":150},{"posx":15,"posy":4,"amount":500},{"posx":14,"posy":5,"amount":550},{"posx":1,"posy":6,"amount":600},{"posx":5,"posy":6,"amount":450},{"posx":13,"posy":6,"amount":550},{"posx":15,"posy":6,"amount":300},{"posx":1,"posy":7,"amount":250},{"posx":5,"posy":7,"amount":500},{"posx":6,"posy":7,"amount":600},{"posx":18,"posy":7,"amount":350},{"posx":1,"posy":8,"amount":100},{"posx":3,"posy":8,"amount":250}],"changedObstacles":[]},{"players":[{"playerId":2451397,"score":34,"energy":39,"posx":6,"posy":3,"lastAction":0,"status":0},{"playerId":2663641,"score":34,"energy":39,"posx":8,"posy":5,"lastAction":3,"status":0},{"playerId":2534350,"score":34,"energy":39,"posx":8,"posy":5,"lastAction":3,"status":0},{"playerId":277917,"score":0,"energy":43,"posx":5,"posy":3,"lastAction":0,"status":0}],"golds":[{"posx":16,"posy":0,"amount":400},{"posx":19,"posy":0,"amount":50},{"posx":17,"posy":1,"amount":50},{"posx":6,"posy":2,"amount":150},{"posx":19,"posy":2,"amount":50},{"posx":6,"posy":4,"amount":450},{"posx":9,"posy":4,"amount":150},{"posx":15,"posy":4,"amount":500},{"posx":14,"posy":5,"amount":550},{"posx":1,"posy":6,"amount":600},{"posx":5,"posy":6,"amount":450},{"posx":13,"posy":6,"amount":550},{"posx":15,"posy":6,"amount":300},{"posx":1,"posy":7,"amount":250},{"posx":5,"posy":7,"amount":500},{"posx":6,"posy":7,"amount":600},{"posx":18,"posy":7,"amount":350},{"posx":1,"posy":8,"amount":100},{"posx":3,"posy":8,"amount":250}],"changedObstacles":[]},{"players":[{"playerId":2451397,"score":34,"energy":35,"posx":6,"posy":2,"lastAction":2,"status":0},{"playerId":2663641,"score":34,"energy":38,"posx":7,"posy":5,"lastAction":0,"status":0},{"playerId":2534350,"score":34,"energy":38,"posx":7,"posy":5,"lastAction":0,"status":0},{"playerId":277917,"score":0,"energy":42,"posx":5,"posy":4,"lastAction":3,"status":0}],"golds":[{"posx":16,"posy":0,"amount":400},{"posx":19,"posy":0,"amount":50},{"posx":17,"posy":1,"amount":50},{"posx":6,"posy":2,"amount":150},{"posx":19,"posy":2,"amount":50},{"posx":6,"posy":4,"amount":450},{"posx":9,"posy":4,"amount":150},{"posx":15,"posy":4,"amount":500},{"posx":14,"posy":5,"amount":550},{"posx":1,"posy":6,"amount":600},{"posx":5,"posy":6,"amount":450},{"posx":13,"posy":6,"amount":550},{"posx":15,"posy":6,"amount":300},{"posx":1,"posy":7,"amount":250},{"posx":5,"posy":7,"amount":500},{"posx":6,"posy":7,"amount":600},{"posx":18,"posy":7,"amount":350},{"posx":1,"posy":8,"amount":100},{"posx":3,"posy":8,"amount":250}],"changedObstacles":[]},{"players":[{"playerId":2451397,"score":84,"energy":30,"posx":6,"posy":2,"lastAction":5,"status":0},{"playerId":2663641,"score":34,"energy":37,"posx":7,"posy":6,"lastAction":3,"status":0},{"playerId":2534350,"score":34,"energy":37,"posx":7,"posy":6,"lastAction":3,"status":0},{"playerId":277917,"score":0,"energy":41,"posx":5,"posy":5,"lastAction":3,"status":0}],"golds":[{"posx":16,"posy":0,"amount":400},{"posx":19,"posy":0,"amount":50},{"posx":17,"posy":1,"amount":50},{"posx":6,"posy":2,"amount":100},{"posx":19,"posy":2,"amount":50},{"posx":6,"posy":4,"amount":450},{"posx":9,"posy":4,"amount":150},{"posx":15,"posy":4,"amount":500},{"posx":14,"posy":5,"amount":550},{"posx":1,"posy":6,"amount":600},{"posx":5,"posy":6,"amount":450},{"posx":13,"posy":6,"amount":550},{"posx":15,"posy":6,"amount":300},{"posx":1,"posy":7,"amount":250},{"posx":5,"posy":7,"amount":500},{"posx":6,"posy":7,"amount":600},{"posx":18,"posy":7,"amount":350},{"posx":1,"posy":8,"amount":100},{"posx":3,"posy":8,"amount":250}],"changedObstacles":[]},{"players":[{"playerId":2451397,"score":134,"energy":25,"posx":6,"posy":2,"lastAction":5,"status":0},{"playerId":2663641,"score":34,"energy":36,"posx":6,"posy":6,"lastAction":0,"status":0},{"playerId":2534350,"score":34,"energy":36,"posx":6,"posy":6,"lastAction":0,"status":0},{"playerId":277917,"score":0,"energy":37,"posx":5,"posy":6,"lastAction":3,"status":0}],"golds":[{"posx":16,"posy":0,"amount":400},{"posx":19,"posy":0,"amount":50},{"posx":17,"posy":1,"amount":50},{"posx":6,"posy":2,"amount":50},{"posx":19,"posy":2,"amount":50},{"posx":6,"posy":4,"amount":450},{"posx":9,"posy":4,"amount":150},{"posx":15,"posy":4,"amount":500},{"posx":14,"posy":5,"amount":550},{"posx":1,"posy":6,"amount":600},{"posx":5,"posy":6,"amount":450},{"posx":13,"posy":6,"amount":550},{"posx":15,"posy":6,"amount":300},{"posx":1,"posy":7,"amount":250},{"posx":5,"posy":7,"amount":500},{"posx":6,"posy":7,"amount":600},{"posx":18,"posy":7,"amount":350},{"posx":1,"posy":8,"amount":100},{"posx":3,"posy":8,"amount":250}],"changedObstacles":[]},{"players":[{"playerId":2451397,"score":184,"energy":20,"posx":6,"posy":2,"lastAction":5,"status":0},{"playerId":2663641,"score":34,"energy":32,"posx":6,"posy":7,"lastAction":3,"status":0},{"playerId":2534350,"score":34,"energy":32,"posx":6,"posy":7,"lastAction":3,"status":0},{"playerId":277917,"score":50,"energy":32,"posx":5,"posy":6,"lastAction":5,"status":0}],"golds":[{"posx":16,"posy":0,"amount":400},{"posx":19,"posy":0,"amount":50},{"posx":17,"posy":1,"amount":50},{"posx":19,"posy":2,"amount":50},{"posx":6,"posy":4,"amount":450},{"posx":9,"posy":4,"amount":150},{"posx":15,"posy":4,"amount":500},{"posx":14,"posy":5,"amount":550},{"posx":1,"posy":6,"amount":600},{"posx":5,"posy":6,"amount":400},{"posx":13,"posy":6,"amount":550},{"posx":15,"posy":6,"amount":300},{"posx":1,"posy":7,"amount":250},{"posx":5,"posy":7,"amount":500},{"posx":6,"posy":7,"amount":600},{"posx":18,"posy":7,"amount":350},{"posx":1,"posy":8,"amount":100},{"posx":3,"posy":8,"amount":250}],"changedObstacles":[{"type":0,"posx":6,"posy":2,"value":-1}]},{"players":[{"playerId":2451397,"score":184,"energy":19,"posx":6,"posy":3,"lastAction":3,"status":0},{"playerId":2663641,"score":84,"energy":27,"posx":6,"posy":7,"lastAction":5,"status":0},{"playerId":2534350,"score":84,"energy":27,"posx":6,"posy":7,"lastAction":5,"status":0},{"playerId":277917,"score":100,"energy":27,"posx":5,"posy":6,"lastAction":5,"status":0}],"golds":[{"posx":16,"posy":0,"amount":400},{"posx":19,"posy":0,"amount":50},{"posx":17,"posy":1,"amount":50},{"posx":19,"posy":2,"amount":50},{"posx":6,"posy":4,"amount":450},{"posx":9,"posy":4,"amount":150},{"posx":15,"posy":4,"amount":500},{"posx":14,"posy":5,"amount":550},{"posx":1,"posy":6,"amount":600},{"posx":5,"posy":6,"amount":350},{"posx":13,"posy":6,"amount":550},{"posx":15,"posy":6,"amount":300},{"posx":1,"posy":7,"amount":250},{"posx":5,"posy":7,"amount":500},{"posx":6,"posy":7,"amount":500},{"posx":18,"posy":7,"amount":350},{"posx":1,"posy":8,"amount":100},{"posx":3,"posy":8,"amount":250}],"changedObstacles":[]},{"players":[{"playerId":2451397,"score":184,"energy":15,"posx":6,"posy":4,"lastAction":3,"status":0},{"playerId":2663641,"score":134,"energy":22,"posx":6,"posy":7,"lastAction":5,"status":0},{"playerId":2534350,"score":134,"energy":22,"posx":6,"posy":7,"lastAction":5,"status":0},{"playerId":277917,"score":150,"energy":22,"posx":5,"posy":6,"lastAction":5,"status":0}],"golds":[{"posx":16,"posy":0,"amount":400},{"posx":19,"posy":0,"amount":50},{"posx":17,"posy":1,"amount":50},{"posx":19,"posy":2,"amount":50},{"posx":6,"posy":4,"amount":450},{"posx":9,"posy":4,"amount":150},{"posx":15,"posy":4,"amount":500},{"posx":14,"posy":5,"amount":550},{"posx":1,"posy":6,"amount":600},{"posx":5,"posy":6,"amount":300},{"posx":13,"posy":6,"amount":550},{"posx":15,"posy":6,"amount":300},{"posx":1,"posy":7,"amount":250},{"posx":5,"posy":7,"amount":500},{"posx":6,"posy":7,"amount":400},{"posx":18,"posy":7,"amount":350},{"posx":1,"posy":8,"amount":100},{"posx":3,"posy":8,"amount":250}],"changedObstacles":[]},{"players":[{"playerId":2451397,"score":234,"energy":10,"posx":6,"posy":4,"lastAction":5,"status":0},{"playerId":2663641,"score":184,"energy":17,"posx":6,"posy":7,"lastAction":5,"status":0},{"playerId":2534350,"score":184,"energy":17,"posx":6,"posy":7,"lastAction":5,"status":0},{"playerId":277917,"score":200,"energy":17,"posx":5,"posy":6,"lastAction":5,"status":0}],"golds":[{"posx":16,"posy":0,"amount":400},{"posx":19,"posy":0,"amount":50},{"posx":17,"posy":1,"amount":50},{"posx":19,"posy":2,"amount":50},{"posx":6,"posy":4,"amount":400},{"posx":9,"posy":4,"amount":150},{"posx":15,"posy":4,"amount":500},{"posx":14,"posy":5,"amount":550},{"posx":1,"posy":6,"amount":600},{"posx":5,"posy":6,"amount":250},{"posx":13,"posy":6,"amount":550},{"posx":15,"posy":6,"amount":300},{"posx":1,"posy":7,"amount":250},{"posx":5,"posy":7,"amount":500},{"posx":6,"posy":7,"amount":300},{"posx":18,"posy":7,"amount":350},{"posx":1,"posy":8,"amount":100},{"posx":3,"posy":8,"amount":250}],"changedObstacles":[]},{"players":[{"playerId":2451397,"score":284,"energy":5,"posx":6,"posy":4,"lastAction":5,"status":0},{"playerId":2663641,"score":234,"energy":12,"posx":6,"posy":7,"lastAction":5,"status":0},{"playerId":2534350,"score":234,"energy":12,"posx":6,"posy":7,"lastAction":5,"status":0},{"playerId":277917,"score":250,"energy":12,"posx":5,"posy":6,"lastAction":5,"status":0}],"golds":[{"posx":16,"posy":0,"amount":400},{"posx":19,"posy":0,"amount":50},{"posx":17,"posy":1,"amount":50},{"posx":19,"posy":2,"amount":50},{"posx":6,"posy":4,"amount":350},{"posx":9,"posy":4,"amount":150},{"posx":15,"posy":4,"amount":500},{"posx":14,"posy":5,"amount":550},{"posx":1,"posy":6,"amount":600},{"posx":5,"posy":6,"amount":200},{"posx":13,"posy":6,"amount":550},{"posx":15,"posy":6,"amount":300},{"posx":1,"posy":7,"amount":250},{"posx":5,"posy":7,"amount":500},{"posx":6,"posy":7,"amount":200},{"posx":18,"posy":7,"amount":350},{"posx":1,"posy":8,"amount":100},{"posx":3,"posy":8,"amount":250}],"changedObstacles":[]},{"players":[{"playerId":2451397,"score":284,"energy":17,"posx":6,"posy":4,"lastAction":4,"status":0},{"playerId":2663641,"score":284,"energy":7,"posx":6,"posy":7,"lastAction":5,"status":0},{"playerId":2534350,"score":284,"energy":7,"posx":6,"posy":7,"lastAction":5,"status":0},{"playerId":277917,"score":300,"energy":7,"posx":5,"posy":6,"lastAction":5,"status":0}],"golds":[{"posx":16,"posy":0,"amount":400},{"posx":19,"posy":0,"amount":50},{"posx":17,"posy":1,"amount":50},{"posx":19,"posy":2,"amount":50},{"posx":6,"posy":4,"amount":350},{"posx":9,"posy":4,"amount":150},{"posx":15,"posy":4,"amount":500},{"posx":14,"posy":5,"amount":550},{"posx":1,"posy":6,"amount":600},{"posx":5,"posy":6,"amount":150},{"posx":13,"posy":6,"amount":550},{"posx":15,"posy":6,"amount":300},{"posx":1,"posy":7,"amount":250},{"posx":5,"posy":7,"amount":500},{"posx":6,"posy":7,"amount":100},{"posx":18,"posy":7,"amount":350},{"posx":1,"posy":8,"amount":100},{"posx":3,"posy":8,"amount":250}],"changedObstacles":[]},{"players":[{"playerId":2451397,"score":284,"energy":33,"posx":6,"posy":4,"lastAction":4,"status":0},{"playerId":2663641,"score":334,"energy":2,"posx":6,"posy":7,"lastAction":5,"status":0},{"playerId":2534350,"score":334,"energy":2,"posx":6,"posy":7,"lastAction":5,"status":0},{"playerId":277917,"score":350,"energy":2,"posx":5,"posy":6,"lastAction":5,"status":0}],"golds":[{"posx":16,"posy":0,"amount":400},{"posx":19,"posy":0,"amount":50},{"posx":17,"posy":1,"amount":50},{"posx":19,"posy":2,"amount":50},{"posx":6,"posy":4,"amount":350},{"posx":9,"posy":4,"amount":150},{"posx":15,"posy":4,"amount":500},{"posx":14,"posy":5,"amount":550},{"posx":1,"posy":6,"amount":600},{"posx":5,"posy":6,"amount":100},{"posx":13,"posy":6,"amount":550},{"posx":15,"posy":6,"amount":300},{"posx":1,"posy":7,"amount":250},{"posx":5,"posy":7,"amount":500},{"posx":18,"posy":7,"amount":350},{"posx":1,"posy":8,"amount":100},{"posx":3,"posy":8,"amount":250}],"changedObstacles":[{"type":0,"posx":6,"posy":7,"value":-1}]},{"players":[{"playerId":2451397,"score":284,"energy":50,"posx":6,"posy":4,"lastAction":4,"status":0},{"playerId":2663641,"score":334,"energy":14,"posx":6,"posy":7,"lastAction":4,"status":0},{"playerId":2534350,"score":334,"energy":14,"posx":6,"posy":7,"lastAction":4,"status":0},{"playerId":277917,"score":350,"energy":14,"posx":5,"posy":6,"lastAction":4,"status":0}],"golds":[{"posx":16,"posy":0,"amount":400},{"posx":19,"posy":0,"amount":50},{"posx":17,"posy":1,"amount":50},{"posx":19,"posy":2,"amount":50},{"posx":6,"posy":4,"amount":350},{"posx":9,"posy":4,"amount":150},{"posx":15,"posy":4,"amount":500},{"posx":14,"posy":5,"amount":550},{"posx":1,"posy":6,"amount":600},{"posx":5,"posy":6,"amount":100},{"posx":13,"posy":6,"amount":550},{"posx":15,"posy":6,"amount":300},{"posx":1,"posy":7,"amount":250},{"posx":5,"posy":7,"amount":500},{"posx":18,"posy":7,"amount":350},{"posx":1,"posy":8,"amount":100},{"posx":3,"posy":8,"amount":250}],"changedObstacles":[]},{"players":[{"playerId":2451397,"score":334,"energy":45,"posx":6,"posy":4,"lastAction":5,"status":0},{"playerId":2663641,"score":334,"energy":10,"posx":5,"posy":7,"lastAction":0,"status":0},{"playerId":2534350,"score":334,"energy":10,"posx":5,"posy":7,"lastAction":0,"status":0},{"playerId":277917,"score":350,"energy":30,"posx":5,"posy":6,"lastAction":4,"status":0}],"golds":[{"posx":16,"posy":0,"amount":400},{"posx":19,"posy":0,"amount":50},{"posx":17,"posy":1,"amount":50},{"posx":19,"posy":2,"amount":50},{"posx":6,"posy":4,"amount":300},{"posx":9,"posy":4,"amount":150},{"posx":15,"posy":4,"amount":500},{"posx":14,"posy":5,"amount":550},{"posx":1,"posy":6,"amount":600},{"posx":5,"posy":6,"amount":100},{"posx":13,"posy":6,"amount":550},{"posx":15,"posy":6,"amount":300},{"posx":1,"posy":7,"amount":250},{"posx":5,"posy":7,"amount":500},{"posx":18,"posy":7,"amount":350},{"posx":1,"posy":8,"amount":100},{"posx":3,"posy":8,"amount":250}],"changedObstacles":[]},{"players":[{"playerId":2451397,"score":384,"energy":40,"posx":6,"posy":4,"lastAction":5,"status":0},{"playerId":2663641,"score":384,"energy":5,"posx":5,"posy":7,"lastAction":5,"status":0},{"playerId":2534350,"score":384,"energy":5,"posx":5,"posy":7,"lastAction":5,"status":0},{"playerId":277917,"score":400,"energy":25,"posx":5,"posy":6,"lastAction":5,"status":0}],"golds":[{"posx":16,"posy":0,"amount":400},{"posx":19,"posy":0,"amount":50},{"posx":17,"posy":1,"amount":50},{"posx":19,"posy":2,"amount":50},{"posx":6,"posy":4,"amount":250},{"posx":9,"posy":4,"amount":150},{"posx":15,"posy":4,"amount":500},{"posx":14,"posy":5,"amount":550},{"posx":1,"posy":6,"amount":600},{"posx":5,"posy":6,"amount":50},{"posx":13,"posy":6,"amount":550},{"posx":15,"posy":6,"amount":300},{"posx":1,"posy":7,"amount":250},{"posx":5,"posy":7,"amount":400},{"posx":18,"posy":7,"amount":350},{"posx":1,"posy":8,"amount":100},{"posx":3,"posy":8,"amount":250}],"changedObstacles":[]},{"players":[{"playerId":2451397,"score":434,"energy":35,"posx":6,"posy":4,"lastAction":5,"status":0},{"playerId":2663641,"score":384,"energy":17,"posx":5,"posy":7,"lastAction":4,"status":0},{"playerId":2534350,"score":384,"energy":17,"posx":5,"posy":7,"lastAction":4,"status":0},{"playerId":277917,"score":450,"energy":20,"posx":5,"posy":6,"lastAction":5,"status":0}],"golds":[{"posx":16,"posy":0,"amount":400},{"posx":19,"posy":0,"amount":50},{"posx":17,"posy":1,"amount":50},{"posx":19,"posy":2,"amount":50},{"posx":6,"posy":4,"amount":200},{"posx":9,"posy":4,"amount":150},{"posx":15,"posy":4,"amount":500},{"posx":14,"posy":5,"amount":550},{"posx":1,"posy":6,"amount":600},{"posx":13,"posy":6,"amount":550},{"posx":15,"posy":6,"amount":300},{"posx":1,"posy":7,"amount":250},{"posx":5,"posy":7,"amount":400},{"posx":18,"posy":7,"amount":350},{"posx":1,"posy":8,"amount":100},{"posx":3,"posy":8,"amount":250}],"changedObstacles":[{"type":0,"posx":5,"posy":6,"value":-1}]},{"players":[{"playerId":2451397,"score":484,"energy":30,"posx":6,"posy":4,"lastAction":5,"status":0},{"playerId":2663641,"score":434,"energy":12,"posx":5,"posy":7,"lastAction":5,"status":0},{"playerId":2534350,"score":434,"energy":12,"posx":5,"posy":7,"lastAction":5,"status":0},{"playerId":277917,"score":450,"energy":16,"posx":5,"posy":7,"lastAction":3,"status":0}],"golds":[{"posx":16,"posy":0,"amount":400},{"posx":19,"posy":0,"amount":50},{"posx":17,"posy":1,"amount":50},{"posx":19,"posy":2,"amount":50},{"posx":6,"posy":4,"amount":150},{"posx":9,"posy":4,"amount":150},{"posx":15,"posy":4,"amount":500},{"posx":14,"posy":5,"amount":550},{"posx":1,"posy":6,"amount":600},{"posx":13,"posy":6,"amount":550},{"posx":15,"posy":6,"amount":300},{"posx":1,"posy":7,"amount":250},{"posx":5,"posy":7,"amount":300},{"posx":18,"posy":7,"amount":350},{"posx":1,"posy":8,"amount":100},{"posx":3,"posy":8,"amount":250}],"changedObstacles":[]},{"players":[{"playerId":2451397,"score":534,"energy":25,"posx":6,"posy":4,"lastAction":5,"status":0},{"playerId":2663641,"score":484,"energy":7,"posx":5,"posy":7,"lastAction":5,"status":0},{"playerId":2534350,"score":484,"energy":7,"posx":5,"posy":7,"lastAction":5,"status":0},{"playerId":277917,"score":500,"energy":11,"posx":5,"posy":7,"lastAction":5,"status":0}],"golds":[{"posx":16,"posy":0,"amount":400},{"posx":19,"posy":0,"amount":50},{"posx":17,"posy":1,"amount":50},{"posx":19,"posy":2,"amount":50},{"posx":6,"posy":4,"amount":100},{"posx":9,"posy":4,"amount":150},{"posx":15,"posy":4,"amount":500},{"posx":14,"posy":5,"amount":550},{"posx":1,"posy":6,"amount":600},{"posx":13,"posy":6,"amount":550},{"posx":15,"posy":6,"amount":300},{"posx":1,"posy":7,"amount":250},{"posx":5,"posy":7,"amount":150},{"posx":18,"posy":7,"amount":350},{"posx":1,"posy":8,"amount":100},{"posx":3,"posy":8,"amount":250}],"changedObstacles":[]},{"players":[{"playerId":2451397,"score":584,"energy":20,"posx":6,"posy":4,"lastAction":5,"status":0},{"playerId":2663641,"score":534,"energy":2,"posx":5,"posy":7,"lastAction":5,"status":0},{"playerId":2534350,"score":534,"energy":2,"posx":5,"posy":7,"lastAction":5,"status":0},{"playerId":277917,"score":550,"energy":6,"posx":5,"posy":7,"lastAction":5,"status":0}],"golds":[{"posx":16,"posy":0,"amount":400},{"posx":19,"posy":0,"amount":50},{"posx":17,"posy":1,"amount":50},{"posx":19,"posy":2,"amount":50},{"posx":6,"posy":4,"amount":50},{"posx":9,"posy":4,"amount":150},{"posx":15,"posy":4,"amount":500},{"posx":14,"posy":5,"amount":550},{"posx":1,"posy":6,"amount":600},{"posx":13,"posy":6,"amount":550},{"posx":15,"posy":6,"amount":300},{"posx":1,"posy":7,"amount":250},{"posx":18,"posy":7,"amount":350},{"posx":1,"posy":8,"amount":100},{"posx":3,"posy":8,"amount":250}],"changedObstacles":[{"type":0,"posx":5,"posy":7,"value":-1}]},{"players":[{"playerId":2451397,"score":634,"energy":15,"posx":6,"posy":4,"lastAction":5,"status":0},{"playerId":2663641,"score":534,"energy":1,"posx":5,"posy":8,"lastAction":3,"status":0},{"playerId":2534350,"score":534,"energy":14,"posx":5,"posy":7,"lastAction":4,"status":0},{"playerId":277917,"score":550,"energy":5,"posx":5,"posy":6,"lastAction":2,"status":0}],"golds":[{"posx":16,"posy":0,"amount":400},{"posx":19,"posy":0,"amount":50},{"posx":17,"posy":1,"amount":50},{"posx":19,"posy":2,"amount":50},{"posx":9,"posy":4,"amount":150},{"posx":15,"posy":4,"amount":500},{"posx":14,"posy":5,"amount":550},{"posx":1,"posy":6,"amount":600},{"posx":13,"posy":6,"amount":550},{"posx":15,"posy":6,"amount":300},{"posx":1,"posy":7,"amount":250},{"posx":18,"posy":7,"amount":350},{"posx":1,"posy":8,"amount":100},{"posx":3,"posy":8,"amount":250}],"changedObstacles":[{"type":0,"posx":6,"posy":4,"value":-1}]},{"players":[{"playerId":2451397,"score":634,"energy":14,"posx":5,"posy":4,"lastAction":0,"status":0},{"playerId":2663641,"score":534,"energy":13,"posx":5,"posy":8,"lastAction":4,"status":0},{"playerId":2534350,"score":534,"energy":30,"posx":5,"posy":7,"lastAction":4,"status":0},{"playerId":277917,"score":550,"energy":4,"posx":5,"posy":5,"lastAction":2,"status":0}],"golds":[{"posx":16,"posy":0,"amount":400},{"posx":19,"posy":0,"amount":50},{"posx":17,"posy":1,"amount":50},{"posx":19,"posy":2,"amount":50},{"posx":9,"posy":4,"amount":150},{"posx":15,"posy":4,"amount":500},{"posx":14,"posy":5,"amount":550},{"posx":1,"posy":6,"amount":600},{"posx":13,"posy":6,"amount":550},{"posx":15,"posy":6,"amount":300},{"posx":1,"posy":7,"amount":250},{"posx":18,"posy":7,"amount":350},{"posx":1,"posy":8,"amount":100},{"posx":3,"posy":8,"amount":250}],"changedObstacles":[]},{"players":[{"playerId":2451397,"score":634,"energy":13,"posx":4,"posy":4,"lastAction":0,"status":0},{"playerId":2663641,"score":534,"energy":12,"posx":4,"posy":8,"lastAction":0,"status":0},{"playerId":2534350,"score":534,"energy":18,"posx":4,"posy":7,"lastAction":0,"status":0},{"playerId":277917,"score":550,"energy":16,"posx":5,"posy":5,"lastAction":4,"status":0}],"golds":[{"posx":16,"posy":0,"amount":400},{"posx":19,"posy":0,"amount":50},{"posx":17,"posy":1,"amount":50},{"posx":19,"posy":2,"amount":50},{"posx":9,"posy":4,"amount":150},{"posx":15,"posy":4,"amount":500},{"posx":14,"posy":5,"amount":550},{"posx":1,"posy":6,"amount":600},{"posx":13,"posy":6,"amount":550},{"posx":15,"posy":6,"amount":300},{"posx":1,"posy":7,"amount":250},{"posx":18,"posy":7,"amount":350},{"posx":1,"posy":8,"amount":100},{"posx":3,"posy":8,"amount":250}],"changedObstacles":[]},{"players":[{"playerId":2451397,"score":634,"energy":12,"posx":3,"posy":4,"lastAction":0,"status":0},{"playerId":2663641,"score":534,"energy":8,"posx":3,"posy":8,"lastAction":0,"status":0},{"playerId":2534350,"score":534,"energy":30,"posx":4,"posy":7,"lastAction":4,"status":0},{"playerId":277917,"score":550,"energy":32,"posx":5,"posy":5,"lastAction":4,"status":0}],"golds":[{"posx":16,"posy":0,"amount":400},{"posx":19,"posy":0,"amount":50},{"posx":17,"posy":1,"amount":50},{"posx":19,"posy":2,"amount":50},{"posx":9,"posy":4,"amount":150},{"posx":15,"posy":4,"amount":500},{"posx":14,"posy":5,"amount":550},{"posx":1,"posy":6,"amount":600},{"posx":13,"posy":6,"amount":550},{"posx":15,"posy":6,"amount":300},{"posx":1,"posy":7,"amount":250},{"posx":18,"posy":7,"amount":350},{"posx":1,"posy":8,"amount":100},{"posx":3,"posy":8,"amount":250}],"changedObstacles":[]},{"players":[{"playerId":2451397,"score":634,"energy":11,"posx":2,"posy":4,"lastAction":0,"status":0},{"playerId":2663641,"score":584,"energy":3,"posx":3,"posy":8,"lastAction":5,"status":0},{"playerId":2534350,"score":534,"energy":29,"posx":3,"posy":7,"lastAction":0,"status":0},{"playerId":277917,"score":550,"energy":31,"posx":6,"posy":5,"lastAction":1,"status":0}],"golds":[{"posx":16,"posy":0,"amount":400},{"posx":19,"posy":0,"amount":50},{"posx":17,"posy":1,"amount":50},{"posx":19,"posy":2,"amount":50},{"posx":9,"posy":4,"amount":150},{"posx":15,"posy":4,"amount":500},{"posx":14,"posy":5,"amount":550},{"posx":1,"posy":6,"amount":600},{"posx":13,"posy":6,"amount":550},{"posx":15,"posy":6,"amount":300},{"posx":1,"posy":7,"amount":250},{"posx":18,"posy":7,"amount":350},{"posx":1,"posy":8,"amount":100},{"posx":3,"posy":8,"amount":200}],"changedObstacles":[]},{"players":[{"playerId":2451397,"score":634,"energy":10,"posx":1,"posy":4,"lastAction":0,"status":0},{"playerId":2663641,"score":584,"energy":15,"posx":3,"posy":8,"lastAction":4,"status":0},{"playerId":2534350,"score":534,"energy":28,"posx":2,"posy":7,"lastAction":0,"status":0},{"playerId":277917,"score":550,"energy":30,"posx":7,"posy":5,"lastAction":1,"status":0}],"golds":[{"posx":16,"posy":0,"amount":400},{"posx":19,"posy":0,"amount":50},{"posx":17,"posy":1,"amount":50},{"posx":19,"posy":2,"amount":50},{"posx":9,"posy":4,"amount":150},{"posx":15,"posy":4,"amount":500},{"posx":14,"posy":5,"amount":550},{"posx":1,"posy":6,"amount":600},{"posx":13,"posy":6,"amount":550},{"posx":15,"posy":6,"amount":300},{"posx":1,"posy":7,"amount":250},{"posx":18,"posy":7,"amount":350},{"posx":1,"posy":8,"amount":100},{"posx":3,"posy":8,"amount":200}],"changedObstacles":[]},{"players":[{"playerId":2451397,"score":634,"energy":9,"posx":1,"posy":5,"lastAction":3,"status":0},{"playerId":2663641,"score":584,"energy":31,"posx":3,"posy":8,"lastAction":4,"status":0},{"playerId":2534350,"score":534,"energy":27,"posx":2,"posy":6,"lastAction":2,"status":0},{"playerId":277917,"score":550,"energy":29,"posx":8,"posy":5,"lastAction":1,"status":0}],"golds":[{"posx":16,"posy":0,"amount":400},{"posx":19,"posy":0,"amount":50},{"posx":17,"posy":1,"amount":50},{"posx":19,"posy":2,"amount":50},{"posx":9,"posy":4,"amount":150},{"posx":15,"posy":4,"amount":500},{"posx":14,"posy":5,"amount":550},{"posx":1,"posy":6,"amount":600},{"posx":13,"posy":6,"amount":550},{"posx":15,"posy":6,"amount":300},{"posx":1,"posy":7,"amount":250},{"posx":18,"posy":7,"amount":350},{"posx":1,"posy":8,"amount":100},{"posx":3,"posy":8,"amount":200}],"changedObstacles":[]},{"players":[{"playerId":2451397,"score":634,"energy":5,"posx":1,"posy":6,"lastAction":3,"status":0},{"playerId":2663641,"score":634,"energy":26,"posx":3,"posy":8,"lastAction":5,"status":0},{"playerId":2534350,"score":534,"energy":23,"posx":1,"posy":6,"lastAction":0,"status":0},{"playerId":277917,"score":550,"energy":28,"posx":9,"posy":5,"lastAction":1,"status":0}],"golds":[{"posx":16,"posy":0,"amount":400},{"posx":19,"posy":0,"amount":50},{"posx":17,"posy":1,"amount":50},{"posx":19,"posy":2,"amount":50},{"posx":9,"posy":4,"amount":150},{"posx":15,"posy":4,"amount":500},{"posx":14,"posy":5,"amount":550},{"posx":1,"posy":6,"amount":600},{"posx":13,"posy":6,"amount":550},{"posx":15,"posy":6,"amount":300},{"posx":1,"posy":7,"amount":250},{"posx":18,"posy":7,"amount":350},{"posx":1,"posy":8,"amount":100},{"posx":3,"posy":8,"amount":150}],"changedObstacles":[]},{"players":[{"playerId":2451397,"score":634,"energy":17,"posx":1,"posy":6,"lastAction":4,"status":0},{"playerId":2663641,"score":684,"energy":21,"posx":3,"posy":8,"lastAction":5,"status":0},{"playerId":2534350,"score":584,"energy":18,"posx":1,"posy":6,"lastAction":5,"status":0},{"playerId":277917,"score":550,"energy":27,"posx":10,"posy":5,"lastAction":1,"status":0}],"golds":[{"posx":16,"posy":0,"amount":400},{"posx":19,"posy":0,"amount":50},{"posx":17,"posy":1,"amount":50},{"posx":19,"posy":2,"amount":50},{"posx":9,"posy":4,"amount":150},{"posx":15,"posy":4,"amount":500},{"posx":14,"posy":5,"amount":550},{"posx":1,"posy":6,"amount":550},{"posx":13,"posy":6,"amount":550},{"posx":15,"posy":6,"amount":300},{"posx":1,"posy":7,"amount":250},{"posx":18,"posy":7,"amount":350},{"posx":1,"posy":8,"amount":100},{"posx":3,"posy":8,"amount":100}],"changedObstacles":[]},{"players":[{"playerId":2451397,"score":634,"energy":33,"posx":1,"posy":6,"lastAction":4,"status":0},{"playerId":2663641,"score":734,"energy":16,"posx":3,"posy":8,"lastAction":5,"status":0},{"playerId":2534350,"score":634,"energy":13,"posx":1,"posy":6,"lastAction":5,"status":0},{"playerId":277917,"score":550,"energy":26,"posx":11,"posy":5,"lastAction":1,"status":0}],"golds":[{"posx":16,"posy":0,"amount":400},{"posx":19,"posy":0,"amount":50},{"posx":17,"posy":1,"amount":50},{"posx":19,"posy":2,"amount":50},{"posx":9,"posy":4,"amount":150},{"posx":15,"posy":4,"amount":500},{"posx":14,"posy":5,"amount":550},{"posx":1,"posy":6,"amount":500},{"posx":13,"posy":6,"amount":550},{"posx":15,"posy":6,"amount":300},{"posx":1,"posy":7,"amount":250},{"posx":18,"posy":7,"amount":350},{"posx":1,"posy":8,"amount":100},{"posx":3,"posy":8,"amount":50}],"changedObstacles":[]},{"players":[{"playerId":2451397,"score":634,"energy":50,"posx":1,"posy":6,"lastAction":4,"status":0},{"playerId":2663641,"score":784,"energy":11,"posx":3,"posy":8,"lastAction":5,"status":0},{"playerId":2534350,"score":684,"energy":8,"posx":1,"posy":6,"lastAction":5,"status":0},{"playerId":277917,"score":550,"energy":25,"posx":12,"posy":5,"lastAction":1,"status":0}],"golds":[{"posx":16,"posy":0,"amount":400},{"posx":19,"posy":0,"amount":50},{"posx":17,"posy":1,"amount":50},{"posx":19,"posy":2,"amount":50},{"posx":9,"posy":4,"amount":150},{"posx":15,"posy":4,"amount":500},{"posx":14,"posy":5,"amount":550},{"posx":1,"posy":6,"amount":450},{"posx":13,"posy":6,"amount":550},{"posx":15,"posy":6,"amount":300},{"posx":1,"posy":7,"amount":250},{"posx":18,"posy":7,"amount":350},{"posx":1,"posy":8,"amount":100}],"changedObstacles":[{"type":0,"posx":3,"posy":8,"value":-1}]},{"players":[{"playerId":2451397,"score":684,"energy":45,"posx":1,"posy":6,"lastAction":5,"status":0},{"playerId":2663641,"score":784,"energy":10,"posx":2,"posy":8,"lastAction":0,"status":0},{"playerId":2534350,"score":734,"energy":3,"posx":1,"posy":6,"lastAction":5,"status":0},{"playerId":277917,"score":550,"energy":24,"posx":13,"posy":5,"lastAction":1,"status":0}],"golds":[{"posx":16,"posy":0,"amount":400},{"posx":19,"posy":0,"amount":50},{"posx":17,"posy":1,"amount":50},{"posx":19,"posy":2,"amount":50},{"posx":9,"posy":4,"amount":150},{"posx":15,"posy":4,"amount":500},{"posx":14,"posy":5,"amount":550},{"posx":1,"posy":6,"amount":350},{"posx":13,"posy":6,"amount":550},{"posx":15,"posy":6,"amount":300},{"posx":1,"posy":7,"amount":250},{"posx":18,"posy":7,"amount":350},{"posx":1,"posy":8,"amount":100}],"changedObstacles":[]},{"players":[{"playerId":2451397,"score":734,"energy":40,"posx":1,"posy":6,"lastAction":5,"status":0},{"playerId":2663641,"score":784,"energy":6,"posx":1,"posy":8,"lastAction":0,"status":0},{"playerId":2534350,"score":734,"energy":15,"posx":1,"posy":6,"lastAction":4,"status":0},{"playerId":277917,"score":550,"energy":20,"posx":13,"posy":6,"lastAction":3,"status":0}],"golds":[{"posx":16,"posy":0,"amount":400},{"posx":19,"posy":0,"amount":50},{"posx":17,"posy":1,"amount":50},{"posx":19,"posy":2,"amount":50},{"posx":9,"posy":4,"amount":150},{"posx":15,"posy":4,"amount":500},{"posx":14,"posy":5,"amount":550},{"posx":1,"posy":6,"amount":300},{"posx":13,"posy":6,"amount":550},{"posx":15,"posy":6,"amount":300},{"posx":1,"posy":7,"amount":250},{"posx":18,"posy":7,"amount":350},{"posx":1,"posy":8,"amount":100}],"changedObstacles":[]},{"players":[{"playerId":2451397,"score":784,"energy":35,"posx":1,"posy":6,"lastAction":5,"status":0},{"playerId":2663641,"score":834,"energy":1,"posx":1,"posy":8,"lastAction":5,"status":0},{"playerId":2534350,"score":784,"energy":10,"posx":1,"posy":6,"lastAction":5,"status":0},{"playerId":277917,"score":600,"energy":15,"posx":13,"posy":6,"lastAction":5,"status":0}],"golds":[{"posx":16,"posy":0,"amount":400},{"posx":19,"posy":0,"amount":50},{"posx":17,"posy":1,"amount":50},{"posx":19,"posy":2,"amount":50},{"posx":9,"posy":4,"amount":150},{"posx":15,"posy":4,"amount":500},{"posx":14,"posy":5,"amount":550},{"posx":1,"posy":6,"amount":200},{"posx":13,"posy":6,"amount":500},{"posx":15,"posy":6,"amount":300},{"posx":1,"posy":7,"amount":250},{"posx":18,"posy":7,"amount":350},{"posx":1,"posy":8,"amount":50}],"changedObstacles":[]},{"players":[{"playerId":2451397,"score":834,"energy":30,"posx":1,"posy":6,"lastAction":5,"status":0},{"playerId":2663641,"score":834,"energy":13,"posx":1,"posy":8,"lastAction":4,"status":0},{"playerId":2534350,"score":834,"energy":5,"posx":1,"posy":6,"lastAction":5,"status":0},{"playerId":277917,"score":650,"energy":10,"posx":13,"posy":6,"lastAction":5,"status":0}],"golds":[{"posx":16,"posy":0,"amount":400},{"posx":19,"posy":0,"amount":50},{"posx":17,"posy":1,"amount":50},{"posx":19,"posy":2,"amount":50},{"posx":9,"posy":4,"amount":150},{"posx":15,"posy":4,"amount":500},{"posx":14,"posy":5,"amount":550},{"posx":1,"posy":6,"amount":100},{"posx":13,"posy":6,"amount":450},{"posx":15,"posy":6,"amount":300},{"posx":1,"posy":7,"amount":250},{"posx":18,"posy":7,"amount":350},{"posx":1,"posy":8,"amount":50}],"changedObstacles":[]},{"players":[{"playerId":2451397,"score":884,"energy":25,"posx":1,"posy":6,"lastAction":5,"status":0},{"playerId":2663641,"score":884,"energy":8,"posx":1,"posy":8,"lastAction":5,"status":0},{"playerId":2534350,"score":834,"energy":17,"posx":1,"posy":6,"lastAction":4,"status":0},{"playerId":277917,"score":700,"energy":5,"posx":13,"posy":6,"lastAction":5,"status":0}],"golds":[{"posx":16,"posy":0,"amount":400},{"posx":19,"posy":0,"amount":50},{"posx":17,"posy":1,"amount":50},{"posx":19,"posy":2,"amount":50},{"posx":9,"posy":4,"amount":150},{"posx":15,"posy":4,"amount":500},{"posx":14,"posy":5,"amount":550},{"posx":1,"posy":6,"amount":50},{"posx":13,"posy":6,"amount":400},{"posx":15,"posy":6,"amount":300},{"posx":1,"posy":7,"amount":250},{"posx":18,"posy":7,"amount":350}],"changedObstacles":[{"type":0,"posx":1,"posy":8,"value":-1}]},{"players":[{"playerId":2451397,"score":909,"energy":20,"posx":1,"posy":6,"lastAction":5,"status":0},{"playerId":2663641,"score":884,"energy":4,"posx":1,"posy":7,"lastAction":2,"status":0},{"playerId":2534350,"score":859,"energy":12,"posx":1,"posy":6,"lastAction":5,"status":0},{"playerId":277917,"score":700,"energy":17,"posx":13,"posy":6,"lastAction":4,"status":0}],"golds":[{"posx":16,"posy":0,"amount":400},{"posx":19,"posy":0,"amount":50},{"posx":17,"posy":1,"amount":50},{"posx":19,"posy":2,"amount":50},{"posx":9,"posy":4,"amount":150},{"posx":15,"posy":4,"amount":500},{"posx":14,"posy":5,"amount":550},{"posx":13,"posy":6,"amount":400},{"posx":15,"posy":6,"amount":300},{"posx":1,"posy":7,"amount":250},{"posx":18,"posy":7,"amount":350}],"changedObstacles":[{"type":0,"posx":1,"posy":6,"value":-1}]},{"players":[{"playerId":2451397,"score":909,"energy":16,"posx":1,"posy":7,"lastAction":3,"status":0},{"playerId":2663641,"score":884,"energy":16,"posx":1,"posy":7,"lastAction":4,"status":0},{"playerId":2534350,"score":859,"energy":24,"posx":1,"posy":6,"lastAction":4,"status":0},{"playerId":277917,"score":700,"energy":33,"posx":13,"posy":6,"lastAction":4,"status":0}],"golds":[{"posx":16,"posy":0,"amount":400},{"posx":19,"posy":0,"amount":50},{"posx":17,"posy":1,"amount":50},{"posx":19,"posy":2,"amount":50},{"posx":9,"posy":4,"amount":150},{"posx":15,"posy":4,"amount":500},{"posx":14,"posy":5,"amount":550},{"posx":13,"posy":6,"amount":400},{"posx":15,"posy":6,"amount":300},{"posx":1,"posy":7,"amount":250},{"posx":18,"posy":7,"amount":350}],"changedObstacles":[]},{"players":[{"playerId":2451397,"score":959,"energy":11,"posx":1,"posy":7,"lastAction":5,"status":0},{"playerId":2663641,"score":934,"energy":11,"posx":1,"posy":7,"lastAction":5,"status":0},{"playerId":2534350,"score":859,"energy":23,"posx":2,"posy":6,"lastAction":1,"status":0},{"playerId":277917,"score":700,"energy":50,"posx":13,"posy":6,"lastAction":4,"status":0}],"golds":[{"posx":16,"posy":0,"amount":400},{"posx":19,"posy":0,"amount":50},{"posx":17,"posy":1,"amount":50},{"posx":19,"posy":2,"amount":50},{"posx":9,"posy":4,"amount":150},{"posx":15,"posy":4,"amount":500},{"posx":14,"posy":5,"amount":550},{"posx":13,"posy":6,"amount":400},{"posx":15,"posy":6,"amount":300},{"posx":1,"posy":7,"amount":150},{"posx":18,"posy":7,"amount":350}],"changedObstacles":[]},{"players":[{"playerId":2451397,"score":1009,"energy":6,"posx":1,"posy":7,"lastAction":5,"status":0},{"playerId":2663641,"score":984,"energy":6,"posx":1,"posy":7,"lastAction":5,"status":0},{"playerId":2534350,"score":859,"energy":22,"posx":3,"posy":6,"lastAction":1,"status":0},{"playerId":277917,"score":750,"energy":45,"posx":13,"posy":6,"lastAction":5,"status":0}],"golds":[{"posx":16,"posy":0,"amount":400},{"posx":19,"posy":0,"amount":50},{"posx":17,"posy":1,"amount":50},{"posx":19,"posy":2,"amount":50},{"posx":9,"posy":4,"amount":150},{"posx":15,"posy":4,"amount":500},{"posx":14,"posy":5,"amount":550},{"posx":13,"posy":6,"amount":350},{"posx":15,"posy":6,"amount":300},{"posx":1,"posy":7,"amount":50},{"posx":18,"posy":7,"amount":350}],"changedObstacles":[]},{"players":[{"playerId":2451397,"score":1034,"energy":1,"posx":1,"posy":7,"lastAction":5,"status":0},{"playerId":2663641,"score":1009,"energy":1,"posx":1,"posy":7,"lastAction":5,"status":0},{"playerId":2534350,"score":859,"energy":21,"posx":4,"posy":6,"lastAction":1,"status":0},{"playerId":277917,"score":800,"energy":40,"posx":13,"posy":6,"lastAction":5,"status":0}],"golds":[{"posx":16,"posy":0,"amount":400},{"posx":19,"posy":0,"amount":50},{"posx":17,"posy":1,"amount":50},{"posx":19,"posy":2,"amount":50},{"posx":9,"posy":4,"amount":150},{"posx":15,"posy":4,"amount":500},{"posx":14,"posy":5,"amount":550},{"posx":13,"posy":6,"amount":300},{"posx":15,"posy":6,"amount":300},{"posx":18,"posy":7,"amount":350}],"changedObstacles":[{"type":0,"posx":1,"posy":7,"value":-1}]},{"players":[{"playerId":2451397,"score":1034,"energy":13,"posx":1,"posy":7,"lastAction":4,"status":0},{"playerId":2663641,"score":1009,"energy":13,"posx":1,"posy":7,"lastAction":4,"status":0},{"playerId":2534350,"score":859,"energy":20,"posx":5,"posy":6,"lastAction":1,"status":0},{"playerId":277917,"score":850,"energy":35,"posx":13,"posy":6,"lastAction":5,"status":0}],"golds":[{"posx":16,"posy":0,"amount":400},{"posx":19,"posy":0,"amount":50},{"posx":17,"posy":1,"amount":50},{"posx":19,"posy":2,"amount":50},{"posx":9,"posy":4,"amount":150},{"posx":15,"posy":4,"amount":500},{"posx":14,"posy":5,"amount":550},{"posx":13,"posy":6,"amount":250},{"posx":15,"posy":6,"amount":300},{"posx":18,"posy":7,"amount":350}],"changedObstacles":[]},{"players":[{"playerId":2451397,"score":1034,"energy":12,"posx":2,"posy":7,"lastAction":1,"status":0},{"playerId":2663641,"score":1009,"energy":12,"posx":2,"posy":7,"lastAction":1,"status":0},{"playerId":2534350,"score":859,"energy":32,"posx":5,"posy":6,"lastAction":4,"status":0},{"playerId":277917,"score":900,"energy":30,"posx":13,"posy":6,"lastAction":5,"status":0}],"golds":[{"posx":16,"posy":0,"amount":400},{"posx":19,"posy":0,"amount":50},{"posx":17,"posy":1,"amount":50},{"posx":19,"posy":2,"amount":50},{"posx":9,"posy":4,"amount":150},{"posx":15,"posy":4,"amount":500},{"posx":14,"posy":5,"amount":550},{"posx":13,"posy":6,"amount":200},{"posx":15,"posy":6,"amount":300},{"posx":18,"posy":7,"amount":350}],"changedObstacles":[]},{"players":[{"playerId":2451397,"score":1034,"energy":11,"posx":2,"posy":6,"lastAction":2,"status":0},{"playerId":2663641,"score":1009,"energy":11,"posx":3,"posy":7,"lastAction":1,"status":0},{"playerId":2534350,"score":859,"energy":31,"posx":6,"posy":6,"lastAction":1,"status":0},{"playerId":277917,"score":950,"energy":25,"posx":13,"posy":6,"lastAction":5,"status":0}],"golds":[{"posx":16,"posy":0,"amount":400},{"posx":19,"posy":0,"amount":50},{"posx":17,"posy":1,"amount":50},{"posx":19,"posy":2,"amount":50},{"posx":9,"posy":4,"amount":150},{"posx":15,"posy":4,"amount":500},{"posx":14,"posy":5,"amount":550},{"posx":13,"posy":6,"amount":150},{"posx":15,"posy":6,"amount":300},{"posx":18,"posy":7,"amount":350}],"changedObstacles":[]},{"players":[{"playerId":2451397,"score":1034,"energy":10,"posx":3,"posy":6,"lastAction":1,"status":0},{"playerId":2663641,"score":1009,"energy":23,"posx":3,"posy":7,"lastAction":4,"status":0},{"playerId":2534350,"score":859,"energy":30,"posx":7,"posy":6,"lastAction":1,"status":0},{"playerId":277917,"score":1000,"energy":20,"posx":13,"posy":6,"lastAction":5,"status":0}],"golds":[{"posx":16,"posy":0,"amount":400},{"posx":19,"posy":0,"amount":50},{"posx":17,"posy":1,"amount":50},{"posx":19,"posy":2,"amount":50},{"posx":9,"posy":4,"amount":150},{"posx":15,"posy":4,"amount":500},{"posx":14,"posy":5,"amount":550},{"posx":13,"posy":6,"amount":100},{"posx":15,"posy":6,"amount":300},{"posx":18,"posy":7,"amount":350}],"changedObstacles":[]},{"players":[{"playerId":2451397,"score":1034,"energy":9,"posx":4,"posy":6,"lastAction":1,"status":0},{"playerId":2663641,"score":1009,"energy":39,"posx":3,"posy":7,"lastAction":4,"status":0},{"playerId":2534350,"score":859,"energy":29,"posx":8,"posy":6,"lastAction":1,"status":0},{"playerId":277917,"score":1050,"energy":15,"posx":13,"posy":6,"lastAction":5,"status":0}],"golds":[{"posx":16,"posy":0,"amount":400},{"posx":19,"posy":0,"amount":50},{"posx":17,"posy":1,"amount":50},{"posx":19,"posy":2,"amount":50},{"posx":9,"posy":4,"amount":150},{"posx":15,"posy":4,"amount":500},{"posx":14,"posy":5,"amount":550},{"posx":13,"posy":6,"amount":50},{"posx":15,"posy":6,"amount":300},{"posx":18,"posy":7,"amount":350}],"changedObstacles":[]},{"players":[{"playerId":2451397,"score":1034,"energy":8,"posx":5,"posy":6,"lastAction":1,"status":0},{"playerId":2663641,"score":1009,"energy":20,"posx":4,"posy":7,"lastAction":1,"status":0},{"playerId":2534350,"score":859,"energy":28,"posx":9,"posy":6,"lastAction":1,"status":0},{"playerId":277917,"score":1100,"energy":10,"posx":13,"posy":6,"lastAction":5,"status":0}],"golds":[{"posx":16,"posy":0,"amount":400},{"posx":19,"posy":0,"amount":50},{"posx":17,"posy":1,"amount":50},{"posx":19,"posy":2,"amount":50},{"posx":9,"posy":4,"amount":150},{"posx":15,"posy":4,"amount":500},{"posx":14,"posy":5,"amount":550},{"posx":15,"posy":6,"amount":300},{"posx":18,"posy":7,"amount":350}],"changedObstacles":[{"type":0,"posx":13,"posy":6,"value":-1}]},{"players":[{"playerId":2451397,"score":1034,"energy":7,"posx":6,"posy":6,"lastAction":1,"status":0},{"playerId":2663641,"score":1009,"energy":19,"posx":5,"posy":7,"lastAction":1,"status":0},{"playerId":2534350,"score":859,"energy":27,"posx":10,"posy":6,"lastAction":1,"status":0},{"playerId":277917,"score":1100,"energy":9,"posx":13,"posy":5,"lastAction":2,"status":0}],"golds":[{"posx":16,"posy":0,"amount":400},{"posx":19,"posy":0,"amount":50},{"posx":17,"posy":1,"amount":50},{"posx":19,"posy":2,"amount":50},{"posx":9,"posy":4,"amount":150},{"posx":15,"posy":4,"amount":500},{"posx":14,"posy":5,"amount":550},{"posx":15,"posy":6,"amount":300},{"posx":18,"posy":7,"amount":350}],"changedObstacles":[]},{"players":[{"playerId":2451397,"score":1034,"energy":6,"posx":7,"posy":6,"lastAction":1,"status":0},{"playerId":2663641,"score":1009,"energy":18,"posx":6,"posy":7,"lastAction":1,"status":0},{"playerId":2534350,"score":859,"energy":26,"posx":11,"posy":6,"lastAction":1,"status":0},{"playerId":277917,"score":1100,"energy":5,"posx":14,"posy":5,"lastAction":1,"status":0}],"golds":[{"posx":16,"posy":0,"amount":400},{"posx":19,"posy":0,"amount":50},{"posx":17,"posy":1,"amount":50},{"posx":19,"posy":2,"amount":50},{"posx":9,"posy":4,"amount":150},{"posx":15,"posy":4,"amount":500},{"posx":14,"posy":5,"amount":550},{"posx":15,"posy":6,"amount":300},{"posx":18,"posy":7,"amount":350}],"changedObstacles":[]},{"players":[{"playerId":2451397,"score":1034,"energy":5,"posx":8,"posy":6,"lastAction":1,"status":0},{"playerId":2663641,"score":1009,"energy":17,"posx":7,"posy":7,"lastAction":1,"status":0},{"playerId":2534350,"score":859,"energy":25,"posx":12,"posy":6,"lastAction":1,"status":0},{"playerId":277917,"score":1100,"energy":17,"posx":14,"posy":5,"lastAction":4,"status":0}],"golds":[{"posx":16,"posy":0,"amount":400},{"posx":19,"posy":0,"amount":50},{"posx":17,"posy":1,"amount":50},{"posx":19,"posy":2,"amount":50},{"posx":9,"posy":4,"amount":150},{"posx":15,"posy":4,"amount":500},{"posx":14,"posy":5,"amount":550},{"posx":15,"posy":6,"amount":300},{"posx":18,"posy":7,"amount":350}],"changedObstacles":[]},{"players":[{"playerId":2451397,"score":1034,"energy":4,"posx":9,"posy":6,"lastAction":1,"status":0},{"playerId":2663641,"score":1009,"energy":16,"posx":8,"posy":7,"lastAction":1,"status":0},{"playerId":2534350,"score":859,"energy":24,"posx":13,"posy":6,"lastAction":1,"status":0},{"playerId":277917,"score":1100,"energy":33,"posx":14,"posy":5,"lastAction":4,"status":0}],"golds":[{"posx":16,"posy":0,"amount":400},{"posx":19,"posy":0,"amount":50},{"posx":17,"posy":1,"amount":50},{"posx":19,"posy":2,"amount":50},{"posx":9,"posy":4,"amount":150},{"posx":15,"posy":4,"amount":500},{"posx":14,"posy":5,"amount":550},{"posx":15,"posy":6,"amount":300},{"posx":18,"posy":7,"amount":350}],"changedObstacles":[]},{"players":[{"playerId":2451397,"score":1034,"energy":3,"posx":10,"posy":6,"lastAction":1,"status":0},{"playerId":2663641,"score":1009,"energy":15,"posx":9,"posy":7,"lastAction":1,"status":0},{"playerId":2534350,"score":859,"energy":23,"posx":13,"posy":5,"lastAction":2,"status":0},{"playerId":277917,"score":1100,"energy":50,"posx":14,"posy":5,"lastAction":4,"status":0}],"golds":[{"posx":16,"posy":0,"amount":400},{"posx":19,"posy":0,"amount":50},{"posx":17,"posy":1,"amount":50},{"posx":19,"posy":2,"amount":50},{"posx":9,"posy":4,"amount":150},{"posx":15,"posy":4,"amount":500},{"posx":14,"posy":5,"amount":550},{"posx":15,"posy":6,"amount":300},{"posx":18,"posy":7,"amount":350}],"changedObstacles":[]},{"players":[{"playerId":2451397,"score":1034,"energy":2,"posx":11,"posy":6,"lastAction":1,"status":0},{"playerId":2663641,"score":1009,"energy":14,"posx":10,"posy":7,"lastAction":1,"status":0},{"playerId":2534350,"score":859,"energy":19,"posx":14,"posy":5,"lastAction":1,"status":0},{"playerId":277917,"score":1150,"energy":45,"posx":14,"posy":5,"lastAction":5,"status":0}],"golds":[{"posx":16,"posy":0,"amount":400},{"posx":19,"posy":0,"amount":50},{"posx":17,"posy":1,"amount":50},{"posx":19,"posy":2,"amount":50},{"posx":9,"posy":4,"amount":150},{"posx":15,"posy":4,"amount":500},{"posx":14,"posy":5,"amount":500},{"posx":15,"posy":6,"amount":300},{"posx":18,"posy":7,"amount":350}],"changedObstacles":[]},{"players":[{"playerId":2451397,"score":1034,"energy":1,"posx":11,"posy":5,"lastAction":2,"status":0},{"playerId":2663641,"score":1009,"energy":13,"posx":11,"posy":7,"lastAction":1,"status":0},{"playerId":2534350,"score":909,"energy":14,"posx":14,"posy":5,"lastAction":5,"status":0},{"playerId":277917,"score":1200,"energy":40,"posx":14,"posy":5,"lastAction":5,"status":0}],"golds":[{"posx":16,"posy":0,"amount":400},{"posx":19,"posy":0,"amount":50},{"posx":17,"posy":1,"amount":50},{"posx":19,"posy":2,"amount":50},{"posx":9,"posy":4,"amount":150},{"posx":15,"posy":4,"amount":500},{"posx":14,"posy":5,"amount":400},{"posx":15,"posy":6,"amount":300},{"posx":18,"posy":7,"amount":350}],"changedObstacles":[]},{"players":[{"playerId":2451397,"score":1034,"energy":13,"posx":11,"posy":5,"lastAction":4,"status":0},{"playerId":2663641,"score":1009,"energy":12,"posx":11,"posy":6,"lastAction":2,"status":0},{"playerId":2534350,"score":959,"energy":9,"posx":14,"posy":5,"lastAction":5,"status":0},{"playerId":277917,"score":1250,"energy":35,"posx":14,"posy":5,"lastAction":5,"status":0}],"golds":[{"posx":16,"posy":0,"amount":400},{"posx":19,"posy":0,"amount":50},{"posx":17,"posy":1,"amount":50},{"posx":19,"posy":2,"amount":50},{"posx":9,"posy":4,"amount":150},{"posx":15,"posy":4,"amount":500},{"posx":14,"posy":5,"amount":300},{"posx":15,"posy":6,"amount":300},{"posx":18,"posy":7,"amount":350}],"changedObstacles":[]},{"players":[{"playerId":2451397,"score":1034,"energy":12,"posx":12,"posy":5,"lastAction":1,"status":0},{"playerId":2663641,"score":1009,"energy":11,"posx":12,"posy":6,"lastAction":1,"status":0},{"playerId":2534350,"score":1009,"energy":4,"posx":14,"posy":5,"lastAction":5,"status":0},{"playerId":277917,"score":1300,"energy":30,"posx":14,"posy":5,"lastAction":5,"status":0}],"golds":[{"posx":16,"posy":0,"amount":400},{"posx":19,"posy":0,"amount":50},{"posx":17,"posy":1,"amount":50},{"posx":19,"posy":2,"amount":50},{"posx":9,"posy":4,"amount":150},{"posx":15,"posy":4,"amount":500},{"posx":14,"posy":5,"amount":200},{"posx":15,"posy":6,"amount":300},{"posx":18,"posy":7,"amount":350}],"changedObstacles":[]},{"players":[{"playerId":2451397,"score":1034,"energy":11,"posx":13,"posy":5,"lastAction":1,"status":0},{"playerId":2663641,"score":1009,"energy":10,"posx":13,"posy":6,"lastAction":1,"status":0},{"playerId":2534350,"score":1009,"energy":16,"posx":14,"posy":5,"lastAction":4,"status":0},{"playerId":277917,"score":1350,"energy":25,"posx":14,"posy":5,"lastAction":5,"status":0}],"golds":[{"posx":16,"posy":0,"amount":400},{"posx":19,"posy":0,"amount":50},{"posx":17,"posy":1,"amount":50},{"posx":19,"posy":2,"amount":50},{"posx":9,"posy":4,"amount":150},{"posx":15,"posy":4,"amount":500},{"posx":14,"posy":5,"amount":150},{"posx":15,"posy":6,"amount":300},{"posx":18,"posy":7,"amount":350}],"changedObstacles":[]},{"players":[{"playerId":2451397,"score":1034,"energy":7,"posx":14,"posy":5,"lastAction":1,"status":0},{"playerId":2663641,"score":1009,"energy":9,"posx":13,"posy":5,"lastAction":2,"status":0},{"playerId":2534350,"score":1059,"energy":11,"posx":14,"posy":5,"lastAction":5,"status":0},{"playerId":277917,"score":1400,"energy":20,"posx":14,"posy":5,"lastAction":5,"status":0}],"golds":[{"posx":16,"posy":0,"amount":400},{"posx":19,"posy":0,"amount":50},{"posx":17,"posy":1,"amount":50},{"posx":19,"posy":2,"amount":50},{"posx":9,"posy":4,"amount":150},{"posx":15,"posy":4,"amount":500},{"posx":14,"posy":5,"amount":50},{"posx":15,"posy":6,"amount":300},{"posx":18,"posy":7,"amount":350}],"changedObstacles":[]},{"players":[{"playerId":2451397,"score":1059,"energy":2,"posx":14,"posy":5,"lastAction":5,"status":0},{"playerId":2663641,"score":1009,"energy":5,"posx":14,"posy":5,"lastAction":1,"status":0},{"playerId":2534350,"score":1084,"energy":6,"posx":14,"posy":5,"lastAction":5,"status":0},{"playerId":277917,"score":1400,"energy":19,"posx":14,"posy":6,"lastAction":3,"status":0}],"golds":[{"posx":16,"posy":0,"amount":400},{"posx":19,"posy":0,"amount":50},{"posx":17,"posy":1,"amount":50},{"posx":19,"posy":2,"amount":50},{"posx":9,"posy":4,"amount":150},{"posx":15,"posy":4,"amount":500},{"posx":15,"posy":6,"amount":300},{"posx":18,"posy":7,"amount":350}],"changedObstacles":[{"type":0,"posx":14,"posy":5,"value":-1}]},{"players":[{"playerId":2451397,"score":1059,"energy":1,"posx":15,"posy":5,"lastAction":1,"status":0},{"playerId":2663641,"score":1009,"energy":4,"posx":15,"posy":5,"lastAction":1,"status":0},{"playerId":2534350,"score":1084,"energy":18,"posx":14,"posy":5,"lastAction":4,"status":0},{"playerId":277917,"score":1400,"energy":15,"posx":15,"posy":6,"lastAction":1,"status":0}],"golds":[{"posx":16,"posy":0,"amount":400},{"posx":19,"posy":0,"amount":50},{"posx":17,"posy":1,"amount":50},{"posx":19,"posy":2,"amount":50},{"posx":9,"posy":4,"amount":150},{"posx":15,"posy":4,"amount":500},{"posx":15,"posy":6,"amount":300},{"posx":18,"posy":7,"amount":350}],"changedObstacles":[]},{"players":[{"playerId":2451397,"score":1059,"energy":13,"posx":15,"posy":5,"lastAction":4,"status":0},{"playerId":2663641,"score":1009,"energy":3,"posx":16,"posy":5,"lastAction":1,"status":0},{"playerId":2534350,"score":1084,"energy":34,"posx":14,"posy":5,"lastAction":4,"status":0},{"playerId":277917,"score":1450,"energy":10,"posx":15,"posy":6,"lastAction":5,"status":0}],"golds":[{"posx":16,"posy":0,"amount":400},{"posx":19,"posy":0,"amount":50},{"posx":17,"posy":1,"amount":50},{"posx":19,"posy":2,"amount":50},{"posx":9,"posy":4,"amount":150},{"posx":15,"posy":4,"amount":500},{"posx":15,"posy":6,"amount":250},{"posx":18,"posy":7,"amount":350}],"changedObstacles":[]},{"players":[{"playerId":2451397,"score":1059,"energy":9,"posx":15,"posy":4,"lastAction":2,"status":0},{"playerId":2663641,"score":1009,"energy":2,"posx":16,"posy":4,"lastAction":2,"status":0},{"playerId":2534350,"score":1084,"energy":25,"posx":14,"posy":4,"lastAction":2,"status":0},{"playerId":277917,"score":1500,"energy":5,"posx":15,"posy":6,"lastAction":5,"status":0}],"golds":[{"posx":16,"posy":0,"amount":400},{"posx":19,"posy":0,"amount":50},{"posx":17,"posy":1,"amount":50},{"posx":19,"posy":2,"amount":50},{"posx":9,"posy":4,"amount":150},{"posx":15,"posy":4,"amount":500},{"posx":15,"posy":6,"amount":200},{"posx":18,"posy":7,"amount":350}],"changedObstacles":[]},{"players":[{"playerId":2451397,"score":1109,"energy":4,"posx":15,"posy":4,"lastAction":5,"status":0},{"playerId":2663641,"score":1009,"energy":1,"posx":17,"posy":4,"lastAction":1,"status":0},{"playerId":2534350,"score":1084,"energy":21,"posx":15,"posy":4,"lastAction":1,"status":0},{"playerId":277917,"score":1500,"energy":17,"posx":15,"posy":6,"lastAction":4,"status":0}],"golds":[{"posx":16,"posy":0,"amount":400},{"posx":19,"posy":0,"amount":50},{"posx":17,"posy":1,"amount":50},{"posx":19,"posy":2,"amount":50},{"posx":9,"posy":4,"amount":150},{"posx":15,"posy":4,"amount":450},{"posx":15,"posy":6,"amount":200},{"posx":18,"posy":7,"amount":350}],"changedObstacles":[]},{"players":[{"playerId":2451397,"score":1109,"energy":16,"posx":15,"posy":4,"lastAction":4,"status":0},{"playerId":2663641,"score":1009,"energy":13,"posx":17,"posy":4,"lastAction":4,"status":0},{"playerId":2534350,"score":1134,"energy":16,"posx":15,"posy":4,"lastAction":5,"status":0},{"playerId":277917,"score":1500,"energy":33,"posx":15,"posy":6,"lastAction":4,"status":0}],"golds":[{"posx":16,"posy":0,"amount":400},{"posx":19,"posy":0,"amount":50},{"posx":17,"posy":1,"amount":50},{"posx":19,"posy":2,"amount":50},{"posx":9,"posy":4,"amount":150},{"posx":15,"posy":4,"amount":400},{"posx":15,"posy":6,"amount":200},{"posx":18,"posy":7,"amount":350}],"changedObstacles":[]},{"players":[{"playerId":2451397,"score":1109,"energy":32,"posx":15,"posy":4,"lastAction":4,"status":0},{"playerId":2663641,"score":1009,"energy":12,"posx":17,"posy":3,"lastAction":2,"status":0},{"playerId":2534350,"score":1184,"energy":11,"posx":15,"posy":4,"lastAction":5,"status":0},{"playerId":277917,"score":1500,"energy":50,"posx":15,"posy":6,"lastAction":4,"status":0}],"golds":[{"posx":16,"posy":0,"amount":400},{"posx":19,"posy":0,"amount":50},{"posx":17,"posy":1,"amount":50},{"posx":19,"posy":2,"amount":50},{"posx":9,"posy":4,"amount":150},{"posx":15,"posy":4,"amount":350},{"posx":15,"posy":6,"amount":200},{"posx":18,"posy":7,"amount":350}],"changedObstacles":[]},{"players":[{"playerId":2451397,"score":1109,"energy":50,"posx":15,"posy":4,"lastAction":4,"status":0},{"playerId":2663641,"score":1009,"energy":11,"posx":18,"posy":3,"lastAction":1,"status":0},{"playerId":2534350,"score":1234,"energy":6,"posx":15,"posy":4,"lastAction":5,"status":0},{"playerId":277917,"score":1550,"energy":45,"posx":15,"posy":6,"lastAction":5,"status":0}],"golds":[{"posx":16,"posy":0,"amount":400},{"posx":19,"posy":0,"amount":50},{"posx":17,"posy":1,"amount":50},{"posx":19,"posy":2,"amount":50},{"posx":9,"posy":4,"amount":150},{"posx":15,"posy":4,"amount":300},{"posx":15,"posy":6,"amount":150},{"posx":18,"posy":7,"amount":350}],"changedObstacles":[]},{"players":[{"playerId":2451397,"score":1159,"energy":45,"posx":15,"posy":4,"lastAction":5,"status":0},{"playerId":2663641,"score":1009,"energy":10,"posx":18,"posy":2,"lastAction":2,"status":0},{"playerId":2534350,"score":1284,"energy":1,"posx":15,"posy":4,"lastAction":5,"status":0},{"playerId":277917,"score":1600,"energy":40,"posx":15,"posy":6,"lastAction":5,"status":0}],"golds":[{"posx":16,"posy":0,"amount":400},{"posx":19,"posy":0,"amount":50},{"posx":17,"posy":1,"amount":50},{"posx":19,"posy":2,"amount":50},{"posx":9,"posy":4,"amount":150},{"posx":15,"posy":4,"amount":200},{"posx":15,"posy":6,"amount":100},{"posx":18,"posy":7,"amount":350}],"changedObstacles":[]},{"players":[{"playerId":2451397,"score":1209,"energy":40,"posx":15,"posy":4,"lastAction":5,"status":0},{"playerId":2663641,"score":1009,"energy":6,"posx":19,"posy":2,"lastAction":1,"status":0},{"playerId":2534350,"score":1284,"energy":13,"posx":15,"posy":4,"lastAction":4,"status":0},{"playerId":277917,"score":1650,"energy":35,"posx":15,"posy":6,"lastAction":5,"status":0}],"golds":[{"posx":16,"posy":0,"amount":400},{"posx":19,"posy":0,"amount":50},{"posx":17,"posy":1,"amount":50},{"posx":19,"posy":2,"amount":50},{"posx":9,"posy":4,"amount":150},{"posx":15,"posy":4,"amount":150},{"posx":15,"posy":6,"amount":50},{"posx":18,"posy":7,"amount":350}],"changedObstacles":[]},{"players":[{"playerId":2451397,"score":1259,"energy":35,"posx":15,"posy":4,"lastAction":5,"status":0},{"playerId":2663641,"score":1059,"energy":1,"posx":19,"posy":2,"lastAction":5,"status":0},{"playerId":2534350,"score":1334,"energy":8,"posx":15,"posy":4,"lastAction":5,"status":0},{"playerId":277917,"score":1700,"energy":30,"posx":15,"posy":6,"lastAction":5,"status":0}],"golds":[{"posx":16,"posy":0,"amount":400},{"posx":19,"posy":0,"amount":50},{"posx":17,"posy":1,"amount":50},{"posx":9,"posy":4,"amount":150},{"posx":15,"posy":4,"amount":50},{"posx":18,"posy":7,"amount":350}],"changedObstacles":[{"type":0,"posx":19,"posy":2,"value":-1},{"type":0,"posx":15,"posy":6,"value":-1}]},{"players":[{"playerId":2451397,"score":1284,"energy":30,"posx":15,"posy":4,"lastAction":5,"status":0},{"playerId":2663641,"score":1059,"energy":13,"posx":19,"posy":2,"lastAction":4,"status":0},{"playerId":2534350,"score":1359,"energy":3,"posx":15,"posy":4,"lastAction":5,"status":0},{"playerId":277917,"score":1700,"energy":29,"posx":15,"posy":7,"lastAction":3,"status":0}],"golds":[{"posx":16,"posy":0,"amount":400},{"posx":19,"posy":0,"amount":50},{"posx":17,"posy":1,"amount":50},{"posx":9,"posy":4,"amount":150},{"posx":18,"posy":7,"amount":350}],"changedObstacles":[{"type":0,"posx":15,"posy":4,"value":-1}]},{"players":[{"playerId":2451397,"score":1284,"energy":29,"posx":15,"posy":3,"lastAction":2,"status":0},{"playerId":2663641,"score":1059,"energy":29,"posx":19,"posy":2,"lastAction":4,"status":0},{"playerId":2534350,"score":1359,"energy":15,"posx":15,"posy":4,"lastAction":4,"status":0},{"playerId":277917,"score":1700,"energy":28,"posx":16,"posy":7,"lastAction":1,"status":0}],"golds":[{"posx":16,"posy":0,"amount":400},{"posx":19,"posy":0,"amount":50},{"posx":17,"posy":1,"amount":50},{"posx":9,"posy":4,"amount":150},{"posx":18,"posy":7,"amount":350}],"changedObstacles":[]},{"players":[{"playerId":2451397,"score":1284,"energy":28,"posx":15,"posy":2,"lastAction":2,"status":0},{"playerId":2663641,"score":1059,"energy":28,"posx":19,"posy":1,"lastAction":2,"status":0},{"playerId":2534350,"score":1359,"energy":31,"posx":15,"posy":4,"lastAction":4,"status":0},{"playerId":277917,"score":1700,"energy":27,"posx":17,"posy":7,"lastAction":1,"status":0}],"golds":[{"posx":16,"posy":0,"amount":400},{"posx":19,"posy":0,"amount":50},{"posx":17,"posy":1,"amount":50},{"posx":9,"posy":4,"amount":150},{"posx":18,"posy":7,"amount":350}],"changedObstacles":[]},{"players":[{"playerId":2451397,"score":1284,"energy":27,"posx":16,"posy":2,"lastAction":1,"status":0},{"playerId":2663641,"score":1059,"energy":24,"posx":19,"posy":0,"lastAction":2,"status":0},{"playerId":2534350,"score":1359,"energy":30,"posx":15,"posy":3,"lastAction":2,"status":0},{"playerId":277917,"score":1700,"energy":23,"posx":18,"posy":7,"lastAction":1,"status":0}],"golds":[{"posx":16,"posy":0,"amount":400},{"posx":19,"posy":0,"amount":50},{"posx":17,"posy":1,"amount":50},{"posx":9,"posy":4,"amount":150},{"posx":18,"posy":7,"amount":350}],"changedObstacles":[]},{"players":[{"playerId":2451397,"score":1284,"energy":26,"posx":16,"posy":1,"lastAction":2,"status":0},{"playerId":2663641,"score":1109,"energy":19,"posx":19,"posy":0,"lastAction":5,"status":0},{"playerId":2534350,"score":1359,"energy":29,"posx":15,"posy":2,"lastAction":2,"status":0},{"playerId":277917,"score":1750,"energy":18,"posx":18,"posy":7,"lastAction":5,"status":0}],"golds":[{"posx":16,"posy":0,"amount":400},{"posx":17,"posy":1,"amount":50},{"posx":9,"posy":4,"amount":150},{"posx":18,"posy":7,"amount":300}],"changedObstacles":[{"type":0,"posx":19,"posy":0,"value":-1}]},{"players":[{"playerId":2451397,"score":1284,"energy":22,"posx":16,"posy":0,"lastAction":2,"status":0},{"playerId":2663641,"score":1109,"energy":18,"posx":18,"posy":0,"lastAction":0,"status":0},{"playerId":2534350,"score":1359,"energy":28,"posx":15,"posy":1,"lastAction":2,"status":0},{"playerId":277917,"score":1800,"energy":13,"posx":18,"posy":7,"lastAction":5,"status":0}],"golds":[{"posx":16,"posy":0,"amount":400},{"posx":17,"posy":1,"amount":50},{"posx":9,"posy":4,"amount":150},{"posx":18,"posy":7,"amount":250}],"changedObstacles":[]},{"players":[{"playerId":2451397,"score":1334,"energy":17,"posx":16,"posy":0,"lastAction":5,"status":0},{"playerId":2663641,"score":1109,"energy":17,"posx":17,"posy":0,"lastAction":0,"status":0},{"playerId":2534350,"score":1359,"energy":27,"posx":15,"posy":0,"lastAction":2,"status":0},{"playerId":277917,"score":1850,"energy":8,"posx":18,"posy":7,"lastAction":5,"status":0}],"golds":[{"posx":16,"posy":0,"amount":350},{"posx":17,"posy":1,"amount":50},{"posx":9,"posy":4,"amount":150},{"posx":18,"posy":7,"amount":200}],"changedObstacles":[]},{"players":[{"playerId":2451397,"score":1384,"energy":12,"posx":16,"posy":0,"lastAction":5,"status":0},{"playerId":2663641,"score":1109,"energy":13,"posx":16,"posy":0,"lastAction":0,"status":0},{"playerId":2534350,"score":1359,"energy":23,"posx":16,"posy":0,"lastAction":1,"status":0},{"playerId":277917,"score":1900,"energy":3,"posx":18,"posy":7,"lastAction":5,"status":0}],"golds":[{"posx":16,"posy":0,"amount":300},{"posx":17,"posy":1,"amount":50},{"posx":9,"posy":4,"amount":150},{"posx":18,"posy":7,"amount":150}],"changedObstacles":[]},{"players":[{"playerId":2451397,"score":1434,"energy":7,"posx":16,"posy":0,"lastAction":5,"status":0},{"playerId":2663641,"score":1159,"energy":8,"posx":16,"posy":0,"lastAction":5,"status":0},{"playerId":2534350,"score":1409,"energy":18,"posx":16,"posy":0,"lastAction":5,"status":0},{"playerId":277917,"score":1900,"energy":15,"posx":18,"posy":7,"lastAction":4,"status":0}],"golds":[{"posx":16,"posy":0,"amount":150},{"posx":17,"posy":1,"amount":50},{"posx":9,"posy":4,"amount":150},{"posx":18,"posy":7,"amount":150}],"changedObstacles":[]},{"players":[{"playerId":2451397,"score":1484,"energy":2,"posx":16,"posy":0,"lastAction":5,"status":0},{"playerId":2663641,"score":1209,"energy":3,"posx":16,"posy":0,"lastAction":5,"status":0},{"playerId":2534350,"score":1459,"energy":13,"posx":16,"posy":0,"lastAction":5,"status":0},{"playerId":277917,"score":1900,"energy":31,"posx":18,"posy":7,"lastAction":4,"status":0}],"golds":[{"posx":17,"posy":1,"amount":50},{"posx":9,"posy":4,"amount":150},{"posx":18,"posy":7,"amount":150}],"changedObstacles":[{"type":0,"posx":16,"posy":0,"value":-1}]},{"players":[{"playerId":2451397,"score":1484,"energy":1,"posx":17,"posy":0,"lastAction":1,"status":0},{"playerId":2663641,"score":1209,"energy":2,"posx":15,"posy":0,"lastAction":0,"status":0},{"playerId":2534350,"score":1459,"energy":25,"posx":16,"posy":0,"lastAction":4,"status":0},{"playerId":277917,"score":1900,"energy":50,"posx":18,"posy":7,"lastAction":4,"status":0}],"golds":[{"posx":17,"posy":1,"amount":50},{"posx":9,"posy":4,"amount":150},{"posx":18,"posy":7,"amount":150}],"changedObstacles":[]},{"players":[{"playerId":2451397,"score":1484,"energy":13,"posx":17,"posy":0,"lastAction":4,"status":0},{"playerId":2663641,"score":1209,"energy":1,"posx":14,"posy":0,"lastAction":0,"status":0},{"playerId":2534350,"score":1459,"energy":24,"posx":15,"posy":0,"lastAction":0,"status":0},{"playerId":277917,"score":1950,"energy":45,"posx":18,"posy":7,"lastAction":5,"status":0}],"golds":[{"posx":17,"posy":1,"amount":50},{"posx":9,"posy":4,"amount":150},{"posx":18,"posy":7,"amount":100}],"changedObstacles":[]},{"players":[{"playerId":2451397,"score":1484,"energy":9,"posx":17,"posy":1,"lastAction":3,"status":0},{"playerId":2663641,"score":1209,"energy":13,"posx":14,"posy":0,"lastAction":4,"status":0},{"playerId":2534350,"score":1459,"energy":23,"posx":14,"posy":0,"lastAction":0,"status":0},{"playerId":277917,"score":2000,"energy":40,"posx":18,"posy":7,"lastAction":5,"status":0}],"golds":[{"posx":17,"posy":1,"amount":50},{"posx":9,"posy":4,"amount":150},{"posx":18,"posy":7,"amount":50}],"changedObstacles":[]},{"players":[{"playerId":2451397,"score":1534,"energy":4,"posx":17,"posy":1,"lastAction":5,"status":0},{"playerId":2663641,"score":1209,"energy":12,"posx":13,"posy":0,"lastAction":0,"status":0},{"playerId":2534350,"score":1459,"energy":22,"posx":13,"posy":0,"lastAction":0,"status":0},{"playerId":277917,"score":2050,"energy":35,"posx":18,"posy":7,"lastAction":5,"status":0}],"golds":[{"posx":9,"posy":4,"amount":150}],"changedObstacles":[{"type":0,"posx":17,"posy":1,"value":-1},{"type":0,"posx":18,"posy":7,"value":-1}]},{"players":[{"playerId":2451397,"score":1534,"energy":3,"posx":16,"posy":1,"lastAction":0,"status":0},{"playerId":2663641,"score":1209,"energy":11,"posx":13,"posy":1,"lastAction":3,"status":0},{"playerId":2534350,"score":1459,"energy":21,"posx":13,"posy":1,"lastAction":3,"status":0},{"playerId":277917,"score":2050,"energy":34,"posx":17,"posy":7,"lastAction":0,"status":0}],"golds":[{"posx":9,"posy":4,"amount":150}],"changedObstacles":[]},{"players":[{"playerId":2451397,"score":1534,"energy":2,"posx":15,"posy":1,"lastAction":0,"status":0},{"playerId":2663641,"score":1209,"energy":10,"posx":12,"posy":1,"lastAction":0,"status":0},{"playerId":2534350,"score":1459,"energy":20,"posx":12,"posy":1,"lastAction":0,"status":0},{"playerId":277917,"score":2050,"energy":33,"posx":16,"posy":7,"lastAction":0,"status":0}],"golds":[{"posx":9,"posy":4,"amount":150}],"changedObstacles":[]},{"players":[{"playerId":2451397,"score":1534,"energy":1,"posx":15,"posy":2,"lastAction":3,"status":0},{"playerId":2663641,"score":1209,"energy":9,"posx":12,"posy":2,"lastAction":3,"status":0},{"playerId":2534350,"score":1459,"energy":32,"posx":12,"posy":1,"lastAction":4,"status":0},{"playerId":277917,"score":2050,"energy":32,"posx":15,"posy":7,"lastAction":0,"status":0}],"golds":[{"posx":9,"posy":4,"amount":150}],"changedObstacles":[]},{"players":[{"playerId":2451397,"score":1534,"energy":13,"posx":15,"posy":2,"lastAction":4,"status":0},{"playerId":2663641,"score":1209,"energy":8,"posx":11,"posy":2,"lastAction":0,"status":0},{"playerId":2534350,"score":1459,"energy":31,"posx":12,"posy":2,"lastAction":3,"status":0},{"playerId":277917,"score":2050,"energy":31,"posx":14,"posy":7,"lastAction":0,"status":0}],"golds":[{"posx":9,"posy":4,"amount":150}],"changedObstacles":[]},{"players":[{"playerId":2451397,"score":1534,"energy":12,"posx":15,"posy":3,"lastAction":3,"status":0},{"playerId":2663641,"score":1209,"energy":7,"posx":11,"posy":3,"lastAction":3,"status":0},{"playerId":2534350,"score":1459,"energy":30,"posx":11,"posy":2,"lastAction":0,"status":0},{"playerId":277917,"score":2050,"energy":30,"posx":13,"posy":7,"lastAction":0,"status":0}],"golds":[{"posx":9,"posy":4,"amount":150}],"changedObstacles":[]},{"players":[{"playerId":2451397,"score":1534,"energy":11,"posx":14,"posy":3,"lastAction":0,"status":0},{"playerId":2663641,"score":1209,"energy":6,"posx":10,"posy":3,"lastAction":0,"status":0},{"playerId":2534350,"score":1459,"energy":29,"posx":11,"posy":3,"lastAction":3,"status":0},{"playerId":277917,"score":2050,"energy":29,"posx":13,"posy":6,"lastAction":2,"status":0}],"golds":[{"posx":9,"posy":4,"amount":150}],"changedObstacles":[]},{"players":[{"playerId":2451397,"score":1534,"energy":10,"posx":13,"posy":3,"lastAction":0,"status":0},{"playerId":2663641,"score":1209,"energy":5,"posx":10,"posy":4,"lastAction":3,"status":0},{"playerId":2534350,"score":1459,"energy":28,"posx":10,"posy":3,"lastAction":0,"status":0},{"playerId":277917,"score":2050,"energy":28,"posx":12,"posy":6,"lastAction":0,"status":0}],"golds":[{"posx":9,"posy":4,"amount":150}],"changedObstacles":[]},{"players":[{"playerId":2451397,"score":1534,"energy":9,"posx":12,"posy":3,"lastAction":0,"status":0},{"playerId":2663641,"score":1209,"energy":1,"posx":9,"posy":4,"lastAction":0,"status":0},{"playerId":2534350,"score":1459,"energy":27,"posx":10,"posy":4,"lastAction":3,"status":0},{"playerId":277917,"score":2050,"energy":27,"posx":11,"posy":6,"lastAction":0,"status":0}],"golds":[{"posx":9,"posy":4,"amount":150}],"changedObstacles":[]},{"players":[{"playerId":2451397,"score":1534,"energy":8,"posx":12,"posy":2,"lastAction":2,"status":0},{"playerId":2663641,"score":1209,"energy":13,"posx":9,"posy":4,"lastAction":4,"status":0},{"playerId":2534350,"score":1459,"energy":23,"posx":9,"posy":4,"lastAction":0,"status":0},{"playerId":277917,"score":2050,"energy":26,"posx":10,"posy":6,"lastAction":0,"status":0}],"golds":[{"posx":9,"posy":4,"amount":150}],"changedObstacles":[]},{"players":[{"playerId":2451397,"score":1534,"energy":7,"posx":11,"posy":2,"lastAction":0,"status":0},{"playerId":2663641,"score":1259,"energy":8,"posx":9,"posy":4,"lastAction":5,"status":0},{"playerId":2534350,"score":1509,"energy":18,"posx":9,"posy":4,"lastAction":5,"status":0},{"playerId":277917,"score":2050,"energy":25,"posx":9,"posy":6,"lastAction":0,"status":0}],"golds":[{"posx":9,"posy":4,"amount":50}],"changedObstacles":[]},{"players":[{"playerId":2451397,"score":1534,"energy":6,"posx":11,"posy":1,"lastAction":2,"status":0},{"playerId":2663641,"score":1284,"energy":3,"posx":9,"posy":4,"lastAction":5,"status":0},{"playerId":2534350,"score":1534,"energy":13,"posx":9,"posy":4,"lastAction":5,"status":0},{"playerId":277917,"score":2050,"energy":24,"posx":9,"posy":5,"lastAction":2,"status":0}],"golds":[],"changedObstacles":[{"type":0,"posx":9,"posy":4,"value":-1}]}]