[{"players":[{"playerId":2619262,"score":0,"energy":46},{"playerId":2407150,"score":0,"energy":46},{"playerId":2231262,"score":0,"energy":46},{"playerId":1658775,"score":0,"energy":44}],"golds":[{"posx":1,"posy":8,"amount":100},{"posx":9,"posy":4,"amount":150},{"posx":15,"posy":6,"amount":300},{"posx":19,"posy":2,"amount":50},{"posx":17,"posy":1,"amount":50},{"posx":6,"posy":7,"amount":600},{"posx":1,"posy":6,"amount":600},{"posx":6,"posy":2,"amount":150},{"posx":8,"posy":3,"amount":100},{"posx":14,"posy":5,"amount":550},{"posx":5,"posy":6,"amount":450},{"posx":15,"posy":4,"amount":500},{"posx":18,"posy":7,"amount":350},{"posx":6,"posy":4,"amount":450},{"posx":3,"posy":8,"amount":250},{"posx":16,"posy":0,"amount":400},{"posx":1,"posy":7,"amount":250},{"posx":5,"posy":7,"amount":500},{"posx":13,"posy":6,"amount":550},{"posx":19,"posy":0,"amount":50}],"changedObstacles":[]},{"players":[{"playerId":2619262,"score":50,"energy":41},{"playerId":2407150,"score":0,"energy":45},{"playerId":2231262,"score":50,"energy":41},{"playerId":1658775,"score":0,"energy":39}],"golds":[{"posx":16,"posy":0,"amount":400},{"posx":19,"posy":0,"amount":50},{"posx":17,"posy":1,"amount":50},{"posx":6,"posy":2,"amount":150},{"posx":19,"posy":2,"amount":50},{"posx":6,"posy":4,"amount":450},{"posx":9,"posy":4,"amount":150},{"posx":15,"posy":4,"amount":500},{"posx":14,"posy":5,"amount":550},{"posx":1,"posy":6,"amount":600},{"posx":5,"posy":6,"amount":450},{"posx":13,"posy":6,"amount":550},{"posx":15,"posy":6,"amount":300},{"posx":1,"posy":7,"amount":250},{"posx":5,"posy":7,"amount":500},{"posx":6,"posy":7,"amount":600},{"posx":18,"posy":7,"amount":350},{"posx":1,"posy":8,"amount":100},{"posx":3,"posy":8,"amount":250}],"changedObstacles":[{"type":0,"posx":8,"posy":3,"value":-1},{"type":0,"posx":7,"posy":2,"value":-1}]},{"players":[{"playerId":2619262,"score":50,"energy":40},{"playerId":2407150,"score":0,"energy":44},{"playerId":2231262,"score":50,"energy":31},{"playerId":1658775,"score":0,"energy":35}],"golds":[{"posx":16,"posy":0,"amount":400},{"posx":19,"posy":0,"amount":50},{"posx":17,"posy":1,"amount":50},{"posx":6,"posy":2,"amount":150},{"posx":19,"posy":2,"amount":50},{"posx":6,"posy":4,"amount":450},{"posx":9,"posy":4,"amount":150},{"posx":15,"posy":4,"amount":500},{"posx":14,"posy":5,"amount":550},{"posx":1,"posy":6,"amount":600},{"posx":5,"posy":6,"amount":450},{"posx":13,"posy":6,"amount":550},{"posx":15,"posy":6,"amount":300},{"posx":1,"posy":7,"amount":250},{"posx":5,"posy":7,"amount":500},{"posx":6,"posy":7,"amount":600},{"posx":18,"posy":7,"amount":350},{"posx":1,"posy":8,"amount":100},{"posx":3,"posy":8,"amount":250}],"changedObstacles":[{"type":0,"posx":9,"posy":3,"value":-1}]},{"players":[{"playerId":2619262,"score":50,"energy":39},{"playerId":2407150,"score":0,"energy":40},{"playerId":2231262,"score":50,"energy":30},{"playerId":1658775,"score":50,"energy":30}],"golds":[{"posx":16,"posy":0,"amount":400},{"posx":19,"posy":0,"amount":50},{"posx":17,"posy":1,"amount":50},{"posx":6,"posy":2,"amount":100},{"posx":19,"posy":2,"amount":50},{"posx":6,"posy":4,"amount":450},{"posx":9,"posy":4,"amount":150},{"posx":15,"posy":4,"amount":500},{"posx":14,"posy":5,"amount":550},{"posx":1,"posy":6,"amount":600},{"posx":5,"posy":6,"amount":450},{"posx":13,"posy":6,"amount":550},{"posx":15,"posy":6,"amount":300},{"posx":1,"posy":7,"amount":250},{"posx":5,"posy":7,"amount":500},{"posx":6,"posy":7,"amount":600},{"posx":18,"posy":7,"amount":350},{"posx":1,"posy":8,"amount":100},{"posx":3,"posy":8,"amount":250}],"changedObstacles":[]},{"players":[{"playerId":2619262,"score":50,"energy":35},{"playerId":2407150,"score":50,"energy":35},{"playerId":2231262,"score":50,"energy":29},{"playerId":1658775,"score":100,"energy":25}],"golds":[{"posx":16,"posy":0,"amount":400},{"posx":19,"posy":0,"amount":50},{"posx":17,"posy":1,"amount":50},{"posx":6,"posy":2,"amount":50},{"posx":19,"posy":2,"amount":50},{"posx":6,"posy":4,"amount":400},{"posx":9,"posy":4,"amount":150},{"posx":15,"posy":4,"amount":500},{"posx":14,"posy":5,"amount":550},{"posx":1,"posy":6,"amount":600},{"posx":5,"posy":6,"amount":450},{"posx":13,"posy":6,"amount":550},{"posx":15,"posy":6,"amount":300},{"posx":1,"posy":7,"amount":250},{"posx":5,"posy":7,"amount":500},{"posx":6,"posy":7,"amount":600},{"posx":18,"posy":7,"amount":350},{"posx":1,"posy":8,"amount":100},{"posx":3,"posy":8,"amount":250}],"changedObstacles":[]},{"players":[{"playerId":2619262,"score":100,"energy":30},{"playerId":2407150,"score":50,"energy":34},{"playerId":2231262,"score":50,"energy":28},{"playerId":1658775,"score":150,"energy":20}],"golds":[{"posx":16,"posy":0,"amount":400},{"posx":19,"posy":0,"amount":50},{"posx":17,"posy":1,"amount":50},{"posx":19,"posy":2,"amount":50},{"posx":6,"posy":4,"amount":350},{"posx":9,"posy":4,"amount":150},{"posx":15,"posy":4,"amount":500},{"posx":14,"posy":5,"amount":550},{"posx":1,"posy":6,"amount":600},{"posx":5,"posy":6,"amount":450},{"posx":13,"posy":6,"amount":550},{"posx":15,"posy":6,"amount":300},{"posx":1,"posy":7,"amount":250},{"posx":5,"posy":7,"amount":500},{"posx":6,"posy":7,"amount":600},{"posx":18,"posy":7,"amount":350},{"posx":1,"posy":8,"amount":100},{"posx":3,"posy":8,"amount":250}],"changedObstacles":[{"type":0,"posx":6,"posy":2,"value":-1}]},{"players":[{"playerId":2619262,"score":150,"energy":25},{"playerId":2407150,"score":50,"energy":33},{"playerId":2231262,"score":50,"energy":27},{"playerId":1658775,"score":150,"energy":19}],"golds":[{"posx":16,"posy":0,"amount":400},{"posx":19,"posy":0,"amount":50},{"posx":17,"posy":1,"amount":50},{"posx":19,"posy":2,"amount":50},{"posx":6,"posy":4,"amount":300},{"posx":9,"posy":4,"amount":150},{"posx":15,"posy":4,"amount":500},{"posx":14,"posy":5,"amount":550},{"posx":1,"posy":6,"amount":600},{"posx":5,"posy":6,"amount":450},{"posx":13,"posy":6,"amount":550},{"posx":15,"posy":6,"amount":300},{"posx":1,"posy":7,"amount":250},{"posx":5,"posy":7,"amount":500},{"posx":6,"posy":7,"amount":600},{"posx":18,"posy":7,"amount":350},{"posx":1,"posy":8,"amount":100},{"posx":3,"posy":8,"amount":250}],"changedObstacles":[]},{"players":[{"playerId":2619262,"score":200,"energy":20},{"playerId":2407150,"score":50,"energy":29},{"playerId":2231262,"score":50,"energy":26},{"playerId":1658775,"score":150,"energy":15}],"golds":[{"posx":16,"posy":0,"amount":400},{"posx":19,"posy":0,"amount":50},{"posx":17,"posy":1,"amount":50},{"posx":19,"posy":2,"amount":50},{"posx":6,"posy":4,"amount":250},{"posx":9,"posy":4,"amount":150},{"posx":15,"posy":4,"amount":500},{"posx":14,"posy":5,"amount":550},{"posx":1,"posy":6,"amount":600},{"posx":5,"posy":6,"amount":450},{"posx":13,"posy":6,"amount":550},{"posx":15,"posy":6,"amount":300},{"posx":1,"posy":7,"amount":250},{"posx":5,"posy":7,"amount":500},{"posx":6,"posy":7,"amount":600},{"posx":18,"posy":7,"amount":350},{"posx":1,"posy":8,"amount":100},{"posx":3,"posy":8,"amount":250}],"changedObstacles":[]},{"players":[{"playerId":2619262,"score":250,"energy":15},{"playerId":2407150,"score":100,"energy":24},{"playerId":2231262,"score":50,"energy":25},{"playerId":1658775,"score":200,"energy":10}],"golds":[{"posx":16,"posy":0,"amount":400},{"posx":19,"posy":0,"amount":50},{"posx":17,"posy":1,"amount":50},{"posx":19,"posy":2,"amount":50},{"posx":6,"posy":4,"amount":150},{"posx":9,"posy":4,"amount":150},{"posx":15,"posy":4,"amount":500},{"posx":14,"posy":5,"amount":550},{"posx":1,"posy":6,"amount":600},{"posx":5,"posy":6,"amount":450},{"posx":13,"posy":6,"amount":550},{"posx":15,"posy":6,"amount":300},{"posx":1,"posy":7,"amount":250},{"posx":5,"posy":7,"amount":500},{"posx":6,"posy":7,"amount":550},{"posx":18,"posy":7,"amount":350},{"posx":1,"posy":8,"amount":100},{"posx":3,"posy":8,"amount":250}],"changedObstacles":[]},{"players":[{"playerId":2619262,"score":300,"energy":10},{"playerId":2407150,"score":150,"energy":19},{"playerId":2231262,"score":50,"energy":24},{"playerId":1658775,"score":250,"energy":5}],"golds":[{"posx":16,"posy":0,"amount":400},{"posx":19,"posy":0,"amount":50},{"posx":17,"posy":1,"amount":50},{"posx":19,"posy":2,"amount":50},{"posx":6,"posy":4,"amount":50},{"posx":9,"posy":4,"amount":150},{"posx":15,"posy":4,"amount":500},{"posx":14,"posy":5,"amount":550},{"posx":1,"posy":6,"amount":600},{"posx":5,"posy":6,"amount":450},{"posx":13,"posy":6,"amount":550},{"posx":15,"posy":6,"amount":300},{"posx":1,"posy":7,"amount":250},{"posx":5,"posy":7,"amount":500},{"posx":6,"posy":7,"amount":500},{"posx":18,"posy":7,"amount":350},{"posx":1,"posy":8,"amount":100},{"posx":3,"posy":8,"amount":250}],"changedObstacles":[]},{"players":[{"playerId":2619262,"score":350,"energy":5},{"playerId":2407150,"score":200,"energy":14},{"playerId":2231262,"score":50,"energy":23},{"playerId":1658775,"score":250,"energy":17}],"golds":[{"posx":16,"posy":0,"amount":400},{"posx":19,"posy":0,"amount":50},{"posx":17,"posy":1,"amount":50},{"posx":19,"posy":2,"amount":50},{"posx":9,"posy":4,"amount":150},{"posx":15,"posy":4,"amount":500},{"posx":14,"posy":5,"amount":550},{"posx":1,"posy":6,"amount":600},{"posx":5,"posy":6,"amount":450},{"posx":13,"posy":6,"amount":550},{"posx":15,"posy":6,"amount":300},{"posx":1,"posy":7,"amount":250},{"posx":5,"posy":7,"amount":500},{"posx":6,"posy":7,"amount":450},{"posx":18,"posy":7,"amount":350},{"posx":1,"posy":8,"amount":100},{"posx":3,"posy":8,"amount":250}],"changedObstacles":[{"type":0,"posx":6,"posy":4,"value":-1}]},{"players":[{"playerId":2619262,"score":350,"energy":4},{"playerId":2407150,"score":250,"energy":9},{"playerId":2231262,"score":50,"energy":19},{"playerId":1658775,"score":250,"energy":16}],"golds":[{"posx":16,"posy":0,"amount":400},{"posx":19,"posy":0,"amount":50},{"posx":17,"posy":1,"amount":50},{"posx":19,"posy":2,"amount":50},{"posx":9,"posy":4,"amount":150},{"posx":15,"posy":4,"amount":500},{"posx":14,"posy":5,"amount":550},{"posx":1,"posy":6,"amount":600},{"posx":5,"posy":6,"amount":450},{"posx":13,"posy":6,"amount":550},{"posx":15,"posy":6,"amount":300},{"posx":1,"posy":7,"amount":250},{"posx":5,"posy":7,"amount":500},{"posx":6,"posy":7,"amount":400},{"posx":18,"posy":7,"amount":350},{"posx":1,"posy":8,"amount":100},{"posx":3,"posy":8,"amount":250}],"changedObstacles":[]},{"players":[{"playerId":2619262,"score":350,"energy":3},{"playerId":2407150,"score":300,"energy":4},{"playerId":2231262,"score":100,"energy":14},{"playerId":1658775,"score":250,"energy":15}],"golds":[{"posx":16,"posy":0,"amount":400},{"posx":19,"posy":0,"amount":50},{"posx":17,"posy":1,"amount":50},{"posx":19,"posy":2,"amount":50},{"posx":9,"posy":4,"amount":100},{"posx":15,"posy":4,"amount":500},{"posx":14,"posy":5,"amount":550},{"posx":1,"posy":6,"amount":600},{"posx":5,"posy":6,"amount":450},{"posx":13,"posy":6,"amount":550},{"posx":15,"posy":6,"amount":300},{"posx":1,"posy":7,"amount":250},{"posx":5,"posy":7,"amount":500},{"posx":6,"posy":7,"amount":350},{"posx":18,"posy":7,"amount":350},{"posx":1,"posy":8,"amount":100},{"posx":3,"posy":8,"amount":250}],"changedObstacles":[]},{"players":[{"playerId":2619262,"score":350,"energy":15},{"playerId":2407150,"score":300,"energy":16},{"playerId":2231262,"score":100,"energy":26},{"playerId":1658775,"score":250,"energy":11}],"golds":[{"posx":16,"posy":0,"amount":400},{"posx":19,"posy":0,"amount":50},{"posx":17,"posy":1,"amount":50},{"posx":19,"posy":2,"amount":50},{"posx":9,"posy":4,"amount":100},{"posx":15,"posy":4,"amount":500},{"posx":14,"posy":5,"amount":550},{"posx":1,"posy":6,"amount":600},{"posx":5,"posy":6,"amount":450},{"posx":13,"posy":6,"amount":550},{"posx":15,"posy":6,"amount":300},{"posx":1,"posy":7,"amount":250},{"posx":5,"posy":7,"amount":500},{"posx":6,"posy":7,"amount":350},{"posx":18,"posy":7,"amount":350},{"posx":1,"posy":8,"amount":100},{"posx":3,"posy":8,"amount":250}],"changedObstacles":[]},{"players":[{"playerId":2619262,"score":350,"energy":11},{"playerId":2407150,"score":300,"energy":32},{"playerId":2231262,"score":150,"energy":21},{"playerId":1658775,"score":300,"energy":6}],"golds":[{"posx":16,"posy":0,"amount":400},{"posx":19,"posy":0,"amount":50},{"posx":17,"posy":1,"amount":50},{"posx":19,"posy":2,"amount":50},{"posx":9,"posy":4,"amount":50},{"posx":15,"posy":4,"amount":500},{"posx":14,"posy":5,"amount":550},{"posx":1,"posy":6,"amount":600},{"posx":5,"posy":6,"amount":400},{"posx":13,"posy":6,"amount":550},{"posx":15,"posy":6,"amount":300},{"posx":1,"posy":7,"amount":250},{"posx":5,"posy":7,"amount":500},{"posx":6,"posy":7,"amount":350},{"posx":18,"posy":7,"amount":350},{"posx":1,"posy":8,"amount":100},{"posx":3,"posy":8,"amount":250}],"changedObstacles":[]},{"players":[{"playerId":2619262,"score":400,"energy":6},{"playerId":2407150,"score":300,"energy":50},{"playerId":2231262,"score":200,"energy":16},{"playerId":1658775,"score":350,"energy":1}],"golds":[{"posx":16,"posy":0,"amount":400},{"posx":19,"posy":0,"amount":50},{"posx":17,"posy":1,"amount":50},{"posx":19,"posy":2,"amount":50},{"posx":15,"posy":4,"amount":500},{"posx":14,"posy":5,"amount":550},{"posx":1,"posy":6,"amount":600},{"posx":5,"posy":6,"amount":300},{"posx":13,"posy":6,"amount":550},{"posx":15,"posy":6,"amount":300},{"posx":1,"posy":7,"amount":250},{"posx":5,"posy":7,"amount":500},{"posx":6,"posy":7,"amount":350},{"posx":18,"posy":7,"amount":350},{"posx":1,"posy":8,"amount":100},{"posx":3,"posy":8,"amount":250}],"changedObstacles":[{"type":0,"posx":9,"posy":4,"value":-1}]},{"players":[{"playerId":2619262,"score":450,"energy":1},{"playerId":2407150,"score":350,"energy":45},{"playerId":2231262,"score":200,"energy":28},{"playerId":1658775,"score":350,"energy":13}],"golds":[{"posx":16,"posy":0,"amount":400},{"posx":19,"posy":0,"amount":50},{"posx":17,"posy":1,"amount":50},{"posx":19,"posy":2,"amount":50},{"posx":15,"posy":4,"amount":500},{"posx":14,"posy":5,"amount":550},{"posx":1,"posy":6,"amount":600},{"posx":5,"posy":6,"amount":250},{"posx":13,"posy":6,"amount":550},{"posx":15,"posy":6,"amount":300},{"posx":1,"posy":7,"amount":250},{"posx":5,"posy":7,"amount":500},{"posx":6,"posy":7,"amount":300},{"posx":18,"posy":7,"amount":350},{"posx":1,"posy":8,"amount":100},{"posx":3,"posy":8,"amount":250}],"changedObstacles":[]},{"players":[{"playerId":2619262,"score":450,"energy":13},{"playerId":2407150,"score":400,"energy":40},{"playerId":2231262,"score":200,"energy":27},{"playerId":1658775,"score":400,"energy":8}],"golds":[{"posx":16,"posy":0,"amount":400},{"posx":19,"posy":0,"amount":50},{"posx":17,"posy":1,"amount":50},{"posx":19,"posy":2,"amount":50},{"posx":15,"posy":4,"amount":500},{"posx":14,"posy":5,"amount":550},{"posx":1,"posy":6,"amount":600},{"posx":5,"posy":6,"amount":200},{"posx":13,"posy":6,"amount":550},{"posx":15,"posy":6,"amount":300},{"posx":1,"posy":7,"amount":250},{"posx":5,"posy":7,"amount":500},{"posx":6,"posy":7,"amount":250},{"posx":18,"posy":7,"amount":350},{"posx":1,"posy":8,"amount":100},{"posx":3,"posy":8,"amount":250}],"changedObstacles":[]},{"players":[{"playerId":2619262,"score":500,"energy":8},{"playerId":2407150,"score":450,"energy":35},{"playerId":2231262,"score":200,"energy":26},{"playerId":1658775,"score":450,"energy":3}],"golds":[{"posx":16,"posy":0,"amount":400},{"posx":19,"posy":0,"amount":50},{"posx":17,"posy":1,"amount":50},{"posx":19,"posy":2,"amount":50},{"posx":15,"posy":4,"amount":500},{"posx":14,"posy":5,"amount":550},{"posx":1,"posy":6,"amount":600},{"posx":5,"posy":6,"amount":100},{"posx":13,"posy":6,"amount":550},{"posx":15,"posy":6,"amount":300},{"posx":1,"posy":7,"amount":250},{"posx":5,"posy":7,"amount":500},{"posx":6,"posy":7,"amount":200},{"posx":18,"posy":7,"amount":350},{"posx":1,"posy":8,"amount":100},{"posx":3,"posy":8,"amount":250}],"changedObstacles":[]},{"players":[{"playerId":2619262,"score":550,"energy":3},{"playerId":2407150,"score":500,"energy":30},{"playerId":2231262,"score":200,"energy":25},{"playerId":1658775,"score":450,"energy":15}],"golds":[{"posx":16,"posy":0,"amount":400},{"posx":19,"posy":0,"amount":50},{"posx":17,"posy":1,"amount":50},{"posx":19,"posy":2,"amount":50},{"posx":15,"posy":4,"amount":500},{"posx":14,"posy":5,"amount":550},{"posx":1,"posy":6,"amount":600},{"posx":5,"posy":6,"amount":50},{"posx":13,"posy":6,"amount":550},{"posx":15,"posy":6,"amount":300},{"posx":1,"posy":7,"amount":250},{"posx":5,"posy":7,"amount":500},{"posx":6,"posy":7,"amount":150},{"posx":18,"posy":7,"amount":350},{"posx":1,"posy":8,"amount":100},{"posx":3,"posy":8,"amount":250}],"changedObstacles":[]},{"players":[{"playerId":2619262,"score":550,"energy":15},{"playerId":2407150,"score":550,"energy":25},{"playerId":2231262,"score":200,"energy":24},{"playerId":1658775,"score":500,"energy":10}],"golds":[{"posx":16,"posy":0,"amount":400},{"posx":19,"posy":0,"amount":50},{"posx":17,"posy":1,"amount":50},{"posx":19,"posy":2,"amount":50},{"posx":15,"posy":4,"amount":500},{"posx":14,"posy":5,"amount":550},{"posx":1,"posy":6,"amount":600},{"posx":13,"posy":6,"amount":550},{"posx":15,"posy":6,"amount":300},{"posx":1,"posy":7,"amount":250},{"posx":5,"posy":7,"amount":500},{"posx":6,"posy":7,"amount":100},{"posx":18,"posy":7,"amount":350},{"posx":1,"posy":8,"amount":100},{"posx":3,"posy":8,"amount":250}],"changedObstacles":[{"type":0,"posx":5,"posy":6,"value":-1}]},{"players":[{"playerId":2619262,"score":550,"energy":11},{"playerId":2407150,"score":600,"energy":20},{"playerId":2231262,"score":200,"energy":23},{"playerId":1658775,"score":500,"energy":22}],"golds":[{"posx":16,"posy":0,"amount":400},{"posx":19,"posy":0,"amount":50},{"posx":17,"posy":1,"amount":50},{"posx":19,"posy":2,"amount":50},{"posx":15,"posy":4,"amount":500},{"posx":14,"posy":5,"amount":550},{"posx":1,"posy":6,"amount":600},{"posx":13,"posy":6,"amount":550},{"posx":15,"posy":6,"amount":300},{"posx":1,"posy":7,"amount":250},{"posx":5,"posy":7,"amount":500},{"posx":6,"posy":7,"amount":50},{"posx":18,"posy":7,"amount":350},{"posx":1,"posy":8,"amount":100},{"posx":3,"posy":8,"amount":250}],"changedObstacles":[]},{"players":[{"playerId":2619262,"score":600,"energy":6},{"playerId":2407150,"score":650,"energy":15},{"playerId":2231262,"score":200,"energy":22},{"playerId":1658775,"score":500,"energy":18}],"golds":[{"posx":16,"posy":0,"amount":400},{"posx":19,"posy":0,"amount":50},{"posx":17,"posy":1,"amount":50},{"posx":19,"posy":2,"amount":50},{"posx":15,"posy":4,"amount":500},{"posx":14,"posy":5,"amount":550},{"posx":1,"posy":6,"amount":600},{"posx":13,"posy":6,"amount":550},{"posx":15,"posy":6,"amount":300},{"posx":1,"posy":7,"amount":250},{"posx":5,"posy":7,"amount":450},{"posx":18,"posy":7,"amount":350},{"posx":1,"posy":8,"amount":100},{"posx":3,"posy":8,"amount":250}],"changedObstacles":[{"type":0,"posx":6,"posy":7,"value":-1}]},{"players":[{"playerId":2619262,"score":650,"energy":1},{"playerId":2407150,"score":650,"energy":14},{"playerId":2231262,"score":200,"energy":21},{"playerId":1658775,"score":550,"energy":13}],"golds":[{"posx":16,"posy":0,"amount":400},{"posx":19,"posy":0,"amount":50},{"posx":17,"posy":1,"amount":50},{"posx":19,"posy":2,"amount":50},{"posx":15,"posy":4,"amount":500},{"posx":14,"posy":5,"amount":550},{"posx":1,"posy":6,"amount":600},{"posx":13,"posy":6,"amount":550},{"posx":15,"posy":6,"amount":300},{"posx":1,"posy":7,"amount":250},{"posx":5,"posy":7,"amount":350},{"posx":18,"posy":7,"amount":350},{"posx":1,"posy":8,"amount":100},{"posx":3,"posy":8,"amount":250}],"changedObstacles":[]},{"players":[{"playerId":2619262,"score":650,"energy":13},{"playerId":2407150,"score":650,"energy":13},{"playerId":2231262,"score":200,"energy":20},{"playerId":1658775,"score":600,"energy":8}],"golds":[{"posx":16,"posy":0,"amount":400},{"posx":19,"posy":0,"amount":50},{"posx":17,"posy":1,"amount":50},{"posx":19,"posy":2,"amount":50},{"posx":15,"posy":4,"amount":500},{"posx":14,"posy":5,"amount":550},{"posx":1,"posy":6,"amount":600},{"posx":13,"posy":6,"amount":550},{"posx":15,"posy":6,"amount":300},{"posx":1,"posy":7,"amount":250},{"posx":5,"posy":7,"amount":300},{"posx":18,"posy":7,"amount":350},{"posx":1,"posy":8,"amount":100},{"posx":3,"posy":8,"amount":250}],"changedObstacles":[]},{"players":[{"playerId":2619262,"score":700,"energy":8},{"playerId":2407150,"score":650,"energy":12},{"playerId":2231262,"score":200,"energy":19},{"playerId":1658775,"score":650,"energy":3}],"golds":[{"posx":16,"posy":0,"amount":400},{"posx":19,"posy":0,"amount":50},{"posx":17,"posy":1,"amount":50},{"posx":19,"posy":2,"amount":50},{"posx":15,"posy":4,"amount":500},{"posx":14,"posy":5,"amount":550},{"posx":1,"posy":6,"amount":600},{"posx":13,"posy":6,"amount":550},{"posx":15,"posy":6,"amount":300},{"posx":1,"posy":7,"amount":250},{"posx":5,"posy":7,"amount":200},{"posx":18,"posy":7,"amount":350},{"posx":1,"posy":8,"amount":100},{"posx":3,"posy":8,"amount":250}],"changedObstacles":[]},{"players":[{"playerId":2619262,"score":750,"energy":3},{"playerId":2407150,"score":650,"energy":11},{"playerId":2231262,"score":200,"energy":18},{"playerId":1658775,"score":650,"energy":15}],"golds":[{"posx":16,"posy":0,"amount":400},{"posx":19,"posy":0,"amount":50},{"posx":17,"posy":1,"amount":50},{"posx":19,"posy":2,"amount":50},{"posx":15,"posy":4,"amount":500},{"posx":14,"posy":5,"amount":550},{"posx":1,"posy":6,"amount":600},{"posx":13,"posy":6,"amount":550},{"posx":15,"posy":6,"amount":300},{"posx":1,"posy":7,"amount":250},{"posx":5,"posy":7,"amount":150},{"posx":18,"posy":7,"amount":350},{"posx":1,"posy":8,"amount":100},{"posx":3,"posy":8,"amount":250}],"changedObstacles":[]},{"players":[{"playerId":2619262,"score":750,"energy":15},{"playerId":2407150,"score":650,"energy":10},{"playerId":2231262,"score":200,"energy":17},{"playerId":1658775,"score":700,"energy":10}],"golds":[{"posx":16,"posy":0,"amount":400},{"posx":19,"posy":0,"amount":50},{"posx":17,"posy":1,"amount":50},{"posx":19,"posy":2,"amount":50},{"posx":15,"posy":4,"amount":500},{"posx":14,"posy":5,"amount":550},{"posx":1,"posy":6,"amount":600},{"posx":13,"posy":6,"amount":550},{"posx":15,"posy":6,"amount":300},{"posx":1,"posy":7,"amount":250},{"posx":5,"posy":7,"amount":100},{"posx":18,"posy":7,"amount":350},{"posx":1,"posy":8,"amount":100},{"posx":3,"posy":8,"amount":250}],"changedObstacles":[]},{"players":[{"playerId":2619262,"score":800,"energy":10},{"playerId":2407150,"score":650,"energy":9},{"playerId":2231262,"score":200,"energy":16},{"playerId":1658775,"score":750,"energy":5}],"golds":[{"posx":16,"posy":0,"amount":400},{"posx":19,"posy":0,"amount":50},{"posx":17,"posy":1,"amount":50},{"posx":19,"posy":2,"amount":50},{"posx":15,"posy":4,"amount":500},{"posx":14,"posy":5,"amount":550},{"posx":1,"posy":6,"amount":600},{"posx":13,"posy":6,"amount":550},{"posx":15,"posy":6,"amount":300},{"posx":1,"posy":7,"amount":250},{"posx":18,"posy":7,"amount":350},{"posx":1,"posy":8,"amount":100},{"posx":3,"posy":8,"amount":250}],"changedObstacles":[{"type":0,"posx":5,"posy":7,"value":-1}]},{"players":[{"playerId":2619262,"score":800,"energy":9},{"playerId":2407150,"score":650,"energy":8},{"playerId":2231262,"score":200,"energy":28},{"playerId":1658775,"score":750,"energy":17}],"golds":[{"posx":16,"posy":0,"amount":400},{"posx":19,"posy":0,"amount":50},{"posx":17,"posy":1,"amount":50},{"posx":19,"posy":2,"amount":50},{"posx":15,"posy":4,"amount":500},{"posx":14,"posy":5,"amount":550},{"posx":1,"posy":6,"amount":600},{"posx":13,"posy":6,"amount":550},{"posx":15,"posy":6,"amount":300},{"posx":1,"posy":7,"amount":250},{"posx":18,"posy":7,"amount":350},{"posx":1,"posy":8,"amount":100},{"posx":3,"posy":8,"amount":250}],"changedObstacles":[]},{"players":[{"playerId":2619262,"score":800,"energy":8},{"playerId":2407150,"score":650,"energy":4},{"playerId":2231262,"score":200,"energy":27},{"playerId":1658775,"score":750,"energy":16}],"golds":[{"posx":16,"posy":0,"amount":400},{"posx":19,"posy":0,"amount":50},{"posx":17,"posy":1,"amount":50},{"posx":19,"posy":2,"amount":50},{"posx":15,"posy":4,"amount":500},{"posx":14,"posy":5,"amount":550},{"posx":1,"posy":6,"amount":600},{"posx":13,"posy":6,"amount":550},{"posx":15,"posy":6,"amount":300},{"posx":1,"posy":7,"amount":250},{"posx":18,"posy":7,"amount":350},{"posx":1,"posy":8,"amount":100},{"posx":3,"posy":8,"amount":250}],"changedObstacles":[]},{"players":[{"playerId":2619262,"score":800,"energy":7},{"playerId":2407150,"score":650,"energy":16},{"playerId":2231262,"score":200,"energy":26},{"playerId":1658775,"score":750,"energy":15}],"golds":[{"posx":16,"posy":0,"amount":400},{"posx":19,"posy":0,"amount":50},{"posx":17,"posy":1,"amount":50},{"posx":19,"posy":2,"amount":50},{"posx":15,"posy":4,"amount":500},{"posx":14,"posy":5,"amount":550},{"posx":1,"posy":6,"amount":600},{"posx":13,"posy":6,"amount":550},{"posx":15,"posy":6,"amount":300},{"posx":1,"posy":7,"amount":250},{"posx":18,"posy":7,"amount":350},{"posx":1,"posy":8,"amount":100},{"posx":3,"posy":8,"amount":250}],"changedObstacles":[]},{"players":[{"playerId":2619262,"score":800,"energy":6},{"playerId":2407150,"score":650,"energy":32},{"playerId":2231262,"score":200,"energy":25},{"playerId":1658775,"score":750,"energy":14}],"golds":[{"posx":16,"posy":0,"amount":400},{"posx":19,"posy":0,"amount":50},{"posx":17,"posy":1,"amount":50},{"posx":19,"posy":2,"amount":50},{"posx":15,"posy":4,"amount":500},{"posx":14,"posy":5,"amount":550},{"posx":1,"posy":6,"amount":600},{"posx":13,"posy":6,"amount":550},{"posx":15,"posy":6,"amount":300},{"posx":1,"posy":7,"amount":250},{"posx":18,"posy":7,"amount":350},{"posx":1,"posy":8,"amount":100},{"posx":3,"posy":8,"amount":250}],"changedObstacles":[]},{"players":[{"playerId":2619262,"score":800,"energy":5},{"playerId":2407150,"score":650,"energy":50},{"playerId":2231262,"score":200,"energy":24},{"playerId":1658775,"score":750,"energy":13}],"golds":[{"posx":16,"posy":0,"amount":400},{"posx":19,"posy":0,"amount":50},{"posx":17,"posy":1,"amount":50},{"posx":19,"posy":2,"amount":50},{"posx":15,"posy":4,"amount":500},{"posx":14,"posy":5,"amount":550},{"posx":1,"posy":6,"amount":600},{"posx":13,"posy":6,"amount":550},{"posx":15,"posy":6,"amount":300},{"posx":1,"posy":7,"amount":250},{"posx":18,"posy":7,"amount":350},{"posx":1,"posy":8,"amount":100},{"posx":3,"posy":8,"amount":250}],"changedObstacles":[]},{"players":[{"playerId":2619262,"score":800,"energy":4},{"playerId":2407150,"score":700,"energy":45},{"playerId":2231262,"score":200,"energy":23},{"playerId":1658775,"score":750,"energy":9}],"golds":[{"posx":16,"posy":0,"amount":400},{"posx":19,"posy":0,"amount":50},{"posx":17,"posy":1,"amount":50},{"posx":19,"posy":2,"amount":50},{"posx":15,"posy":4,"amount":500},{"posx":14,"posy":5,"amount":550},{"posx":1,"posy":6,"amount":600},{"posx":13,"posy":6,"amount":500},{"posx":15,"posy":6,"amount":300},{"posx":1,"posy":7,"amount":250},{"posx":18,"posy":7,"amount":350},{"posx":1,"posy":8,"amount":100},{"posx":3,"posy":8,"amount":250}],"changedObstacles":[]},{"players":[{"playerId":2619262,"score":800,"energy":3},{"playerId":2407150,"score":750,"energy":40},{"playerId":2231262,"score":200,"energy":22},{"playerId":1658775,"score":800,"energy":4}],"golds":[{"posx":16,"posy":0,"amount":400},{"posx":19,"posy":0,"amount":50},{"posx":17,"posy":1,"amount":50},{"posx":19,"posy":2,"amount":50},{"posx":15,"posy":4,"amount":500},{"posx":14,"posy":5,"amount":550},{"posx":1,"posy":6,"amount":550},{"posx":13,"posy":6,"amount":450},{"posx":15,"posy":6,"amount":300},{"posx":1,"posy":7,"amount":250},{"posx":18,"posy":7,"amount":350},{"posx":1,"posy":8,"amount":100},{"posx":3,"posy":8,"amount":250}],"changedObstacles":[]},{"players":[{"playerId":2619262,"score":800,"energy":2},{"playerId":2407150,"score":800,"energy":35},{"playerId":2231262,"score":200,"energy":21},{"playerId":1658775,"score":800,"energy":16}],"golds":[{"posx":16,"posy":0,"amount":400},{"posx":19,"posy":0,"amount":50},{"posx":17,"posy":1,"amount":50},{"posx":19,"posy":2,"amount":50},{"posx":15,"posy":4,"amount":500},{"posx":14,"posy":5,"amount":550},{"posx":1,"posy":6,"amount":550},{"posx":13,"posy":6,"amount":400},{"posx":15,"posy":6,"amount":300},{"posx":1,"posy":7,"amount":250},{"posx":18,"posy":7,"amount":350},{"posx":1,"posy":8,"amount":100},{"posx":3,"posy":8,"amount":250}],"changedObstacles":[]},{"players":[{"playerId":2619262,"score":800,"energy":14},{"playerId":2407150,"score":850,"energy":30},{"playerId":2231262,"score":200,"energy":20},{"playerId":1658775,"score":850,"energy":11}],"golds":[{"posx":16,"posy":0,"amount":400},{"posx":19,"posy":0,"amount":50},{"posx":17,"posy":1,"amount":50},{"posx":19,"posy":2,"amount":50},{"posx":15,"posy":4,"amount":500},{"posx":14,"posy":5,"amount":550},{"posx":1,"posy":6,"amount":500},{"posx":13,"posy":6,"amount":350},{"posx":15,"posy":6,"amount":300},{"posx":1,"posy":7,"amount":250},{"posx":18,"posy":7,"amount":350},{"posx":1,"posy":8,"amount":100},{"posx":3,"posy":8,"amount":250}],"changedObstacles":[]},{"players":[{"playerId":2619262,"score":800,"energy":10},{"playerId":2407150,"score":900,"energy":25},{"playerId":2231262,"score":200,"energy":19},{"playerId":1658775,"score":900,"energy":6}],"golds":[{"posx":16,"posy":0,"amount":400},{"posx":19,"posy":0,"amount":50},{"posx":17,"posy":1,"amount":50},{"posx":19,"posy":2,"amount":50},{"posx":15,"posy":4,"amount":500},{"posx":14,"posy":5,"amount":550},{"posx":1,"posy":6,"amount":450},{"posx":13,"posy":6,"amount":300},{"posx":15,"posy":6,"amount":300},{"posx":1,"posy":7,"amount":250},{"posx":18,"posy":7,"amount":350},{"posx":1,"posy":8,"amount":100},{"posx":3,"posy":8,"amount":250}],"changedObstacles":[]},{"players":[{"playerId":2619262,"score":850,"energy":5},{"playerId":2407150,"score":900,"energy":24},{"playerId":2231262,"score":200,"energy":18},{"playerId":1658775,"score":950,"energy":1}],"golds":[{"posx":16,"posy":0,"amount":400},{"posx":19,"posy":0,"amount":50},{"posx":17,"posy":1,"amount":50},{"posx":19,"posy":2,"amount":50},{"posx":15,"posy":4,"amount":500},{"posx":14,"posy":5,"amount":550},{"posx":1,"posy":6,"amount":400},{"posx":13,"posy":6,"amount":250},{"posx":15,"posy":6,"amount":300},{"posx":1,"posy":7,"amount":250},{"posx":18,"posy":7,"amount":350},{"posx":1,"posy":8,"amount":100},{"posx":3,"posy":8,"amount":250}],"changedObstacles":[]},{"players":[{"playerId":2619262,"score":850,"energy":17},{"playerId":2407150,"score":900,"energy":20},{"playerId":2231262,"score":200,"energy":17},{"playerId":1658775,"score":950,"energy":13}],"golds":[{"posx":16,"posy":0,"amount":400},{"posx":19,"posy":0,"amount":50},{"posx":17,"posy":1,"amount":50},{"posx":19,"posy":2,"amount":50},{"posx":15,"posy":4,"amount":500},{"posx":14,"posy":5,"amount":550},{"posx":1,"posy":6,"amount":400},{"posx":13,"posy":6,"amount":250},{"posx":15,"posy":6,"amount":300},{"posx":1,"posy":7,"amount":250},{"posx":18,"posy":7,"amount":350},{"posx":1,"posy":8,"amount":100},{"posx":3,"posy":8,"amount":250}],"changedObstacles":[]},{"players":[{"playerId":2619262,"score":900,"energy":12},{"playerId":2407150,"score":950,"energy":15},{"playerId":2231262,"score":200,"energy":16},{"playerId":1658775,"score":1000,"energy":8}],"golds":[{"posx":16,"posy":0,"amount":400},{"posx":19,"posy":0,"amount":50},{"posx":17,"posy":1,"amount":50},{"posx":19,"posy":2,"amount":50},{"posx":15,"posy":4,"amount":500},{"posx":14,"posy":5,"amount":500},{"posx":1,"posy":6,"amount":350},{"posx":13,"posy":6,"amount":200},{"posx":15,"posy":6,"amount":300},{"posx":1,"posy":7,"amount":250},{"posx":18,"posy":7,"amount":350},{"posx":1,"posy":8,"amount":100},{"posx":3,"posy":8,"amount":250}],"changedObstacles":[]},{"players":[{"playerId":2619262,"score":950,"energy":7},{"playerId":2407150,"score":1000,"energy":10},{"playerId":2231262,"score":200,"energy":28},{"playerId":1658775,"score":1050,"energy":3}],"golds":[{"posx":16,"posy":0,"amount":400},{"posx":19,"posy":0,"amount":50},{"posx":17,"posy":1,"amount":50},{"posx":19,"posy":2,"amount":50},{"posx":15,"posy":4,"amount":500},{"posx":14,"posy":5,"amount":450},{"posx":1,"posy":6,"amount":300},{"posx":13,"posy":6,"amount":150},{"posx":15,"posy":6,"amount":300},{"posx":1,"posy":7,"amount":250},{"posx":18,"posy":7,"amount":350},{"posx":1,"posy":8,"amount":100},{"posx":3,"posy":8,"amount":250}],"changedObstacles":[]},{"players":[{"playerId":2619262,"score":1000,"energy":2},{"playerId":2407150,"score":1050,"energy":5},{"playerId":2231262,"score":200,"energy":27},{"playerId":1658775,"score":1050,"energy":15}],"golds":[{"posx":16,"posy":0,"amount":400},{"posx":19,"posy":0,"amount":50},{"posx":17,"posy":1,"amount":50},{"posx":19,"posy":2,"amount":50},{"posx":15,"posy":4,"amount":500},{"posx":14,"posy":5,"amount":400},{"posx":1,"posy":6,"amount":300},{"posx":13,"posy":6,"amount":100},{"posx":15,"posy":6,"amount":300},{"posx":1,"posy":7,"amount":250},{"posx":18,"posy":7,"amount":350},{"posx":1,"posy":8,"amount":100},{"posx":3,"posy":8,"amount":250}],"changedObstacles":[]},{"players":[{"playerId":2619262,"score":1000,"energy":14},{"playerId":2407150,"score":1050,"energy":17},{"playerId":2231262,"score":200,"energy":26},{"playerId":1658775,"score":1100,"energy":10}],"golds":[{"posx":16,"posy":0,"amount":400},{"posx":19,"posy":0,"amount":50},{"posx":17,"posy":1,"amount":50},{"posx":19,"posy":2,"amount":50},{"posx":15,"posy":4,"amount":500},{"posx":14,"posy":5,"amount":400},{"posx":1,"posy":6,"amount":250},{"posx":13,"posy":6,"amount":100},{"posx":15,"posy":6,"amount":300},{"posx":1,"posy":7,"amount":250},{"posx":18,"posy":7,"amount":350},{"posx":1,"posy":8,"amount":100},{"posx":3,"posy":8,"amount":250}],"changedObstacles":[]},{"players":[{"playerId":2619262,"score":1050,"energy":9},{"playerId":2407150,"score":1050,"energy":33},{"playerId":2231262,"score":200,"energy":25},{"playerId":1658775,"score":1150,"energy":5}],"golds":[{"posx":16,"posy":0,"amount":400},{"posx":19,"posy":0,"amount":50},{"posx":17,"posy":1,"amount":50},{"posx":19,"posy":2,"amount":50},{"posx":15,"posy":4,"amount":500},{"posx":14,"posy":5,"amount":400},{"posx":1,"posy":6,"amount":200},{"posx":13,"posy":6,"amount":50},{"posx":15,"posy":6,"amount":300},{"posx":1,"posy":7,"amount":250},{"posx":18,"posy":7,"amount":350},{"posx":1,"posy":8,"amount":100},{"posx":3,"posy":8,"amount":250}],"changedObstacles":[]},{"players":[{"playerId":2619262,"score":1100,"energy":4},{"playerId":2407150,"score":1050,"energy":50},{"playerId":2231262,"score":200,"energy":24},{"playerId":1658775,"score":1150,"energy":17}],"golds":[{"posx":16,"posy":0,"amount":400},{"posx":19,"posy":0,"amount":50},{"posx":17,"posy":1,"amount":50},{"posx":19,"posy":2,"amount":50},{"posx":15,"posy":4,"amount":500},{"posx":14,"posy":5,"amount":400},{"posx":1,"posy":6,"amount":200},{"posx":15,"posy":6,"amount":300},{"posx":1,"posy":7,"amount":250},{"posx":18,"posy":7,"amount":350},{"posx":1,"posy":8,"amount":100},{"posx":3,"posy":8,"amount":250}],"changedObstacles":[{"type":0,"posx":13,"posy":6,"value":-1}]},{"players":[{"playerId":2619262,"score":1100,"energy":3},{"playerId":2407150,"score":1100,"energy":45},{"playerId":2231262,"score":200,"energy":23},{"playerId":1658775,"score":1200,"energy":12}],"golds":[{"posx":16,"posy":0,"amount":400},{"posx":19,"posy":0,"amount":50},{"posx":17,"posy":1,"amount":50},{"posx":19,"posy":2,"amount":50},{"posx":15,"posy":4,"amount":500},{"posx":14,"posy":5,"amount":350},{"posx":1,"posy":6,"amount":150},{"posx":15,"posy":6,"amount":300},{"posx":1,"posy":7,"amount":250},{"posx":18,"posy":7,"amount":350},{"posx":1,"posy":8,"amount":100},{"posx":3,"posy":8,"amount":250}],"changedObstacles":[]},{"players":[{"playerId":2619262,"score":1100,"energy":15},{"playerId":2407150,"score":1150,"energy":40},{"playerId":2231262,"score":200,"energy":22},{"playerId":1658775,"score":1250,"energy":7}],"golds":[{"posx":16,"posy":0,"amount":400},{"posx":19,"posy":0,"amount":50},{"posx":17,"posy":1,"amount":50},{"posx":19,"posy":2,"amount":50},{"posx":15,"posy":4,"amount":500},{"posx":14,"posy":5,"amount":300},{"posx":1,"posy":6,"amount":100},{"posx":15,"posy":6,"amount":300},{"posx":1,"posy":7,"amount":250},{"posx":18,"posy":7,"amount":350},{"posx":1,"posy":8,"amount":100},{"posx":3,"posy":8,"amount":250}],"changedObstacles":[]},{"players":[{"playerId":2619262,"score":1100,"energy":11},{"playerId":2407150,"score":1200,"energy":35},{"playerId":2231262,"score":200,"energy":21},{"playerId":1658775,"score":1300,"energy":2}],"golds":[{"posx":16,"posy":0,"amount":400},{"posx":19,"posy":0,"amount":50},{"posx":17,"posy":1,"amount":50},{"posx":19,"posy":2,"amount":50},{"posx":15,"posy":4,"amount":500},{"posx":14,"posy":5,"amount":250},{"posx":1,"posy":6,"amount":50},{"posx":15,"posy":6,"amount":300},{"posx":1,"posy":7,"amount":250},{"posx":18,"posy":7,"amount":350},{"posx":1,"posy":8,"amount":100},{"posx":3,"posy":8,"amount":250}],"changedObstacles":[]},{"players":[{"playerId":2619262,"score":1150,"energy":6},{"playerId":2407150,"score":1250,"energy":30},{"playerId":2231262,"score":200,"energy":20},{"playerId":1658775,"score":1300,"energy":14}],"golds":[{"posx":16,"posy":0,"amount":400},{"posx":19,"posy":0,"amount":50},{"posx":17,"posy":1,"amount":50},{"posx":19,"posy":2,"amount":50},{"posx":15,"posy":4,"amount":500},{"posx":14,"posy":5,"amount":200},{"posx":1,"posy":6,"amount":50},{"posx":15,"posy":6,"amount":250},{"posx":1,"posy":7,"amount":250},{"posx":18,"posy":7,"amount":350},{"posx":1,"posy":8,"amount":100},{"posx":3,"posy":8,"amount":250}],"changedObstacles":[]},{"players":[{"playerId":2619262,"score":1200,"energy":1},{"playerId":2407150,"score":1300,"energy":25},{"playerId":2231262,"score":200,"energy":19},{"playerId":1658775,"score":1350,"energy":9}],"golds":[{"posx":16,"posy":0,"amount":400},{"posx":19,"posy":0,"amount":50},{"posx":17,"posy":1,"amount":50},{"posx":19,"posy":2,"amount":50},{"posx":15,"posy":4,"amount":500},{"posx":14,"posy":5,"amount":150},{"posx":15,"posy":6,"amount":200},{"posx":1,"posy":7,"amount":250},{"posx":18,"posy":7,"amount":350},{"posx":1,"posy":8,"amount":100},{"posx":3,"posy":8,"amount":250}],"changedObstacles":[{"type":0,"posx":1,"posy":6,"value":-1}]},{"players":[{"playerId":2619262,"score":1200,"energy":13},{"playerId":2407150,"score":1350,"energy":20},{"playerId":2231262,"score":200,"energy":18},{"playerId":1658775,"score":1350,"energy":21}],"golds":[{"posx":16,"posy":0,"amount":400},{"posx":19,"posy":0,"amount":50},{"posx":17,"posy":1,"amount":50},{"posx":19,"posy":2,"amount":50},{"posx":15,"posy":4,"amount":500},{"posx":14,"posy":5,"amount":100},{"posx":15,"posy":6,"amount":200},{"posx":1,"posy":7,"amount":250},{"posx":18,"posy":7,"amount":350},{"posx":1,"posy":8,"amount":100},{"posx":3,"posy":8,"amount":250}],"changedObstacles":[]},{"players":[{"playerId":2619262,"score":1250,"energy":8},{"playerId":2407150,"score":1400,"energy":15},{"playerId":2231262,"score":200,"energy":17},{"playerId":1658775,"score":1350,"energy":17}],"golds":[{"posx":16,"posy":0,"amount":400},{"posx":19,"posy":0,"amount":50},{"posx":17,"posy":1,"amount":50},{"posx":19,"posy":2,"amount":50},{"posx":15,"posy":4,"amount":500},{"posx":14,"posy":5,"amount":50},{"posx":15,"posy":6,"amount":150},{"posx":1,"posy":7,"amount":250},{"posx":18,"posy":7,"amount":350},{"posx":1,"posy":8,"amount":100},{"posx":3,"posy":8,"amount":250}],"changedObstacles":[]},{"players":[{"playerId":2619262,"score":1300,"energy":3},{"playerId":2407150,"score":1400,"energy":14},{"playerId":2231262,"score":200,"energy":16},{"playerId":1658775,"score":1400,"energy":12}],"golds":[{"posx":16,"posy":0,"amount":400},{"posx":19,"posy":0,"amount":50},{"posx":17,"posy":1,"amount":50},{"posx":19,"posy":2,"amount":50},{"posx":15,"posy":4,"amount":500},{"posx":14,"posy":5,"amount":50},{"posx":15,"posy":6,"amount":100},{"posx":1,"posy":7,"amount":200},{"posx":18,"posy":7,"amount":350},{"posx":1,"posy":8,"amount":100},{"posx":3,"posy":8,"amount":250}],"changedObstacles":[]},{"players":[{"playerId":2619262,"score":1300,"energy":15},{"playerId":2407150,"score":1400,"energy":10},{"playerId":2231262,"score":200,"energy":28},{"playerId":1658775,"score":1450,"energy":7}],"golds":[{"posx":16,"posy":0,"amount":400},{"posx":19,"posy":0,"amount":50},{"posx":17,"posy":1,"amount":50},{"posx":19,"posy":2,"amount":50},{"posx":15,"posy":4,"amount":500},{"posx":14,"posy":5,"amount":50},{"posx":15,"posy":6,"amount":100},{"posx":1,"posy":7,"amount":150},{"posx":18,"posy":7,"amount":350},{"posx":1,"posy":8,"amount":100},{"posx":3,"posy":8,"amount":250}],"changedObstacles":[]},{"players":[{"playerId":2619262,"score":1350,"energy":10},{"playerId":2407150,"score":1450,"energy":5},{"playerId":2231262,"score":200,"energy":27},{"playerId":1658775,"score":1500,"energy":2}],"golds":[{"posx":16,"posy":0,"amount":400},{"posx":19,"posy":0,"amount":50},{"posx":17,"posy":1,"amount":50},{"posx":19,"posy":2,"amount":50},{"posx":15,"posy":4,"amount":450},{"posx":14,"posy":5,"amount":50},{"posx":15,"posy":6,"amount":50},{"posx":1,"posy":7,"amount":100},{"posx":18,"posy":7,"amount":350},{"posx":1,"posy":8,"amount":100},{"posx":3,"posy":8,"amount":250}],"changedObstacles":[]},{"players":[{"playerId":2619262,"score":1400,"energy":5},{"playerId":2407150,"score":1450,"energy":17},{"playerId":2231262,"score":200,"energy":26},{"playerId":1658775,"score":1500,"energy":14}],"golds":[{"posx":16,"posy":0,"amount":400},{"posx":19,"posy":0,"amount":50},{"posx":17,"posy":1,"amount":50},{"posx":19,"posy":2,"amount":50},{"posx":15,"posy":4,"amount":450},{"posx":14,"posy":5,"amount":50},{"posx":1,"posy":7,"amount":100},{"posx":18,"posy":7,"amount":350},{"posx":1,"posy":8,"amount":100},{"posx":3,"posy":8,"amount":250}],"changedObstacles":[{"type":0,"posx":15,"posy":6,"value":-1}]},{"players":[{"playerId":2619262,"score":1400,"energy":4},{"playerId":2407150,"score":1450,"energy":33},{"playerId":2231262,"score":200,"energy":25},{"playerId":1658775,"score":1550,"energy":9}],"golds":[{"posx":16,"posy":0,"amount":400},{"posx":19,"posy":0,"amount":50},{"posx":17,"posy":1,"amount":50},{"posx":19,"posy":2,"amount":50},{"posx":15,"posy":4,"amount":450},{"posx":14,"posy":5,"amount":50},{"posx":1,"posy":7,"amount":50},{"posx":18,"posy":7,"amount":350},{"posx":1,"posy":8,"amount":100},{"posx":3,"posy":8,"amount":250}],"changedObstacles":[]},{"players":[{"playerId":2619262,"score":1400,"energy":16},{"playerId":2407150,"score":1450,"energy":50},{"playerId":2231262,"score":200,"energy":24},{"playerId":1658775,"score":1600,"energy":4}],"golds":[{"posx":16,"posy":0,"amount":400},{"posx":19,"posy":0,"amount":50},{"posx":17,"posy":1,"amount":50},{"posx":19,"posy":2,"amount":50},{"posx":15,"posy":4,"amount":450},{"posx":14,"posy":5,"amount":50},{"posx":18,"posy":7,"amount":350},{"posx":1,"posy":8,"amount":100},{"posx":3,"posy":8,"amount":250}],"changedObstacles":[{"type":0,"posx":1,"posy":7,"value":-1}]},{"players":[{"playerId":2619262,"score":1400,"energy":12},{"playerId":2407150,"score":1500,"energy":45},{"playerId":2231262,"score":200,"energy":23},{"playerId":1658775,"score":1600,"energy":16}],"golds":[{"posx":16,"posy":0,"amount":400},{"posx":19,"posy":0,"amount":50},{"posx":17,"posy":1,"amount":50},{"posx":19,"posy":2,"amount":50},{"posx":15,"posy":4,"amount":400},{"posx":14,"posy":5,"amount":50},{"posx":18,"posy":7,"amount":350},{"posx":1,"posy":8,"amount":100},{"posx":3,"posy":8,"amount":250}],"changedObstacles":[]},{"players":[{"playerId":2619262,"score":1450,"energy":7},{"playerId":2407150,"score":1550,"energy":40},{"playerId":2231262,"score":200,"energy":22},{"playerId":1658775,"score":1600,"energy":12}],"golds":[{"posx":16,"posy":0,"amount":400},{"posx":19,"posy":0,"amount":50},{"posx":17,"posy":1,"amount":50},{"posx":19,"posy":2,"amount":50},{"posx":15,"posy":4,"amount":300},{"posx":14,"posy":5,"amount":50},{"posx":18,"posy":7,"amount":350},{"posx":1,"posy":8,"amount":100},{"posx":3,"posy":8,"amount":250}],"changedObstacles":[]},{"players":[{"playerId":2619262,"score":1500,"energy":2},{"playerId":2407150,"score":1600,"energy":35},{"playerId":2231262,"score":200,"energy":21},{"playerId":1658775,"score":1650,"energy":7}],"golds":[{"posx":16,"posy":0,"amount":400},{"posx":19,"posy":0,"amount":50},{"posx":17,"posy":1,"amount":50},{"posx":19,"posy":2,"amount":50},{"posx":15,"posy":4,"amount":200},{"posx":14,"posy":5,"amount":50},{"posx":18,"posy":7,"amount":350},{"posx":1,"posy":8,"amount":50},{"posx":3,"posy":8,"amount":250}],"changedObstacles":[]},{"players":[{"playerId":2619262,"score":1500,"energy":14},{"playerId":2407150,"score":1650,"energy":30},{"playerId":2231262,"score":200,"energy":20},{"playerId":1658775,"score":1700,"energy":2}],"golds":[{"posx":16,"posy":0,"amount":400},{"posx":19,"posy":0,"amount":50},{"posx":17,"posy":1,"amount":50},{"posx":19,"posy":2,"amount":50},{"posx":15,"posy":4,"amount":150},{"posx":14,"posy":5,"amount":50},{"posx":18,"posy":7,"amount":350},{"posx":3,"posy":8,"amount":250}],"changedObstacles":[{"type":0,"posx":1,"posy":8,"value":-1}]},{"players":[{"playerId":2619262,"score":1550,"energy":9},{"playerId":2407150,"score":1650,"energy":29},{"playerId":2231262,"score":200,"energy":19},{"playerId":1658775,"score":1700,"energy":14}],"golds":[{"posx":16,"posy":0,"amount":400},{"posx":19,"posy":0,"amount":50},{"posx":17,"posy":1,"amount":50},{"posx":19,"posy":2,"amount":50},{"posx":15,"posy":4,"amount":100},{"posx":14,"posy":5,"amount":50},{"posx":18,"posy":7,"amount":350},{"posx":3,"posy":8,"amount":250}],"changedObstacles":[]},{"players":[{"playerId":2619262,"score":1600,"energy":4},{"playerId":2407150,"score":1650,"energy":28},{"playerId":2231262,"score":200,"energy":18},{"playerId":1658775,"score":1700,"energy":13}],"golds":[{"posx":16,"posy":0,"amount":400},{"posx":19,"posy":0,"amount":50},{"posx":17,"posy":1,"amount":50},{"posx":19,"posy":2,"amount":50},{"posx":15,"posy":4,"amount":50},{"posx":14,"posy":5,"amount":50},{"posx":18,"posy":7,"amount":350},{"posx":3,"posy":8,"amount":250}],"changedObstacles":[]},{"players":[{"playerId":2619262,"score":1600,"energy":16},{"playerId":2407150,"score":1650,"energy":27},{"playerId":2231262,"score":200,"energy":17},{"playerId":1658775,"score":1700,"energy":9}],"golds":[{"posx":16,"posy":0,"amount":400},{"posx":19,"posy":0,"amount":50},{"posx":17,"posy":1,"amount":50},{"posx":19,"posy":2,"amount":50},{"posx":15,"posy":4,"amount":50},{"posx":14,"posy":5,"amount":50},{"posx":18,"posy":7,"amount":350},{"posx":3,"posy":8,"amount":250}],"changedObstacles":[]},{"players":[{"playerId":2619262,"score":1650,"energy":11},{"playerId":2407150,"score":1650,"energy":26},{"playerId":2231262,"score":200,"energy":16},{"playerId":1658775,"score":1750,"energy":4}],"golds":[{"posx":16,"posy":0,"amount":400},{"posx":19,"posy":0,"amount":50},{"posx":17,"posy":1,"amount":50},{"posx":19,"posy":2,"amount":50},{"posx":14,"posy":5,"amount":50},{"posx":18,"posy":7,"amount":350},{"posx":3,"posy":8,"amount":200}],"changedObstacles":[{"type":0,"posx":15,"posy":4,"value":-1}]},{"players":[{"playerId":2619262,"score":1650,"energy":10},{"playerId":2407150,"score":1650,"energy":22},{"playerId":2231262,"score":200,"energy":28},{"playerId":1658775,"score":1750,"energy":16}],"golds":[{"posx":16,"posy":0,"amount":400},{"posx":19,"posy":0,"amount":50},{"posx":17,"posy":1,"amount":50},{"posx":19,"posy":2,"amount":50},{"posx":14,"posy":5,"amount":50},{"posx":18,"posy":7,"amount":350},{"posx":3,"posy":8,"amount":200}],"changedObstacles":[]},{"players":[{"playerId":2619262,"score":1650,"energy":6},{"playerId":2407150,"score":1700,"energy":17},{"playerId":2231262,"score":200,"energy":27},{"playerId":1658775,"score":1800,"energy":11}],"golds":[{"posx":16,"posy":0,"amount":350},{"posx":19,"posy":0,"amount":50},{"posx":17,"posy":1,"amount":50},{"posx":19,"posy":2,"amount":50},{"posx":14,"posy":5,"amount":50},{"posx":18,"posy":7,"amount":350},{"posx":3,"posy":8,"amount":150}],"changedObstacles":[]},{"players":[{"playerId":2619262,"score":1700,"energy":1},{"playerId":2407150,"score":1750,"energy":12},{"playerId":2231262,"score":200,"energy":26},{"playerId":1658775,"score":1850,"energy":6}],"golds":[{"posx":16,"posy":0,"amount":300},{"posx":19,"posy":0,"amount":50},{"posx":17,"posy":1,"amount":50},{"posx":19,"posy":2,"amount":50},{"posx":18,"posy":7,"amount":350},{"posx":3,"posy":8,"amount":100}],"changedObstacles":[{"type":0,"posx":14,"posy":5,"value":-1}]},{"players":[{"playerId":2619262,"score":1700,"energy":13},{"playerId":2407150,"score":1800,"energy":7},{"playerId":2231262,"score":200,"energy":25},{"playerId":1658775,"score":1900,"energy":1}],"golds":[{"posx":16,"posy":0,"amount":250},{"posx":19,"posy":0,"amount":50},{"posx":17,"posy":1,"amount":50},{"posx":19,"posy":2,"amount":50},{"posx":18,"posy":7,"amount":350},{"posx":3,"posy":8,"amount":50}],"changedObstacles":[]},{"players":[{"playerId":2619262,"score":1700,"energy":12},{"playerId":2407150,"score":1850,"energy":2},{"playerId":2231262,"score":200,"energy":24},{"playerId":1658775,"score":1900,"energy":13}],"golds":[{"posx":16,"posy":0,"amount":200},{"posx":19,"posy":0,"amount":50},{"posx":17,"posy":1,"amount":50},{"posx":19,"posy":2,"amount":50},{"posx":18,"posy":7,"amount":350},{"posx":3,"posy":8,"amount":50}],"changedObstacles":[]},{"players":[{"playerId":2619262,"score":1700,"energy":11},{"playerId":2407150,"score":1850,"energy":14},{"playerId":2231262,"score":200,"energy":23},{"playerId":1658775,"score":1950,"energy":8}],"golds":[{"posx":16,"posy":0,"amount":200},{"posx":19,"posy":0,"amount":50},{"posx":17,"posy":1,"amount":50},{"posx":19,"posy":2,"amount":50},{"posx":18,"posy":7,"amount":350}],"changedObstacles":[{"type":0,"posx":3,"posy":8,"value":-1}]},{"players":[{"playerId":2619262,"score":1700,"energy":10},{"playerId":2407150,"score":1850,"energy":30},{"playerId":2231262,"score":200,"energy":22},{"playerId":1658775,"score":1950,"energy":20}],"golds":[{"posx":16,"posy":0,"amount":200},{"posx":19,"posy":0,"amount":50},{"posx":17,"posy":1,"amount":50},{"posx":19,"posy":2,"amount":50},{"posx":18,"posy":7,"amount":350}],"changedObstacles":[]},{"players":[{"playerId":2619262,"score":1700,"energy":9},{"playerId":2407150,"score":1850,"energy":50},{"playerId":2231262,"score":200,"energy":21},{"playerId":1658775,"score":1950,"energy":19}],"golds":[{"posx":16,"posy":0,"amount":200},{"posx":19,"posy":0,"amount":50},{"posx":17,"posy":1,"amount":50},{"posx":19,"posy":2,"amount":50},{"posx":18,"posy":7,"amount":350}],"changedObstacles":[]},{"players":[{"playerId":2619262,"score":1700,"energy":8},{"playerId":2407150,"score":1900,"energy":45},{"playerId":2231262,"score":200,"energy":20},{"playerId":1658775,"score":1950,"energy":18}],"golds":[{"posx":16,"posy":0,"amount":150},{"posx":19,"posy":0,"amount":50},{"posx":17,"posy":1,"amount":50},{"posx":19,"posy":2,"amount":50},{"posx":18,"posy":7,"amount":350}],"changedObstacles":[]},{"players":[{"playerId":2619262,"score":1700,"energy":4},{"playerId":2407150,"score":1950,"energy":40},{"playerId":2231262,"score":200,"energy":19},{"playerId":1658775,"score":1950,"energy":17}],"golds":[{"posx":16,"posy":0,"amount":100},{"posx":19,"posy":0,"amount":50},{"posx":17,"posy":1,"amount":50},{"posx":19,"posy":2,"amount":50},{"posx":18,"posy":7,"amount":350}],"changedObstacles":[]},{"players":[{"playerId":2619262,"score":1700,"energy":16},{"playerId":2407150,"score":2000,"energy":35},{"playerId":2231262,"score":200,"energy":18},{"playerId":1658775,"score":1950,"energy":16}],"golds":[{"posx":16,"posy":0,"amount":50},{"posx":19,"posy":0,"amount":50},{"posx":17,"posy":1,"amount":50},{"posx":19,"posy":2,"amount":50},{"posx":18,"posy":7,"amount":350}],"changedObstacles":[]},{"players":[{"playerId":2619262,"score":1750,"energy":11},{"playerId":2407150,"score":2050,"energy":30},{"playerId":2231262,"score":200,"energy":17},{"playerId":1658775,"score":1950,"energy":15}],"golds":[{"posx":19,"posy":0,"amount":50},{"posx":17,"posy":1,"amount":50},{"posx":19,"posy":2,"amount":50},{"posx":18,"posy":7,"amount":300}],"changedObstacles":[{"type":0,"posx":16,"posy":0,"value":-1}]},{"players":[{"playerId":2619262,"score":1800,"energy":6},{"playerId":2407150,"score":2050,"energy":29},{"playerId":2231262,"score":200,"energy":16},{"playerId":1658775,"score":1950,"energy":14}],"golds":[{"posx":19,"posy":0,"amount":50},{"posx":17,"posy":1,"amount":50},{"posx":19,"posy":2,"amount":50},{"posx":18,"posy":7,"amount":250}],"changedObstacles":[]},{"players":[{"playerId":2619262,"score":1850,"energy":1},{"playerId":2407150,"score":2050,"energy":28},{"playerId":2231262,"score":200,"energy":28},{"playerId":1658775,"score":1950,"energy":13}],"golds":[{"posx":19,"posy":0,"amount":50},{"posx":17,"posy":1,"amount":50},{"posx":19,"posy":2,"amount":50},{"posx":18,"posy":7,"amount":200}],"changedObstacles":[]},{"players":[{"playerId":2619262,"score":1850,"energy":13},{"playerId":2407150,"score":2050,"energy":24},{"playerId":2231262,"score":200,"energy":27},{"playerId":1658775,"score":1950,"energy":12}],"golds":[{"posx":19,"posy":0,"amount":50},{"posx":17,"posy":1,"amount":50},{"posx":19,"posy":2,"amount":50},{"posx":18,"posy":7,"amount":200}],"changedObstacles":[]},{"players":[{"playerId":2619262,"score":1900,"energy":8},{"playerId":2407150,"score":2100,"energy":19},{"playerId":2231262,"score":200,"energy":26},{"playerId":1658775,"score":1950,"energy":11}],"golds":[{"posx":17,"posy":1,"amount":50},{"posx":19,"posy":2,"amount":50},{"posx":18,"posy":7,"amount":150}],"changedObstacles":[{"type":0,"posx":19,"posy":0,"value":-1}]},{"players":[{"playerId":2619262,"score":1950,"energy":3},{"playerId":2407150,"score":2100,"energy":18},{"playerId":2231262,"score":200,"energy":25},{"playerId":1658775,"score":1950,"energy":10}],"golds":[{"posx":17,"posy":1,"amount":50},{"posx":19,"posy":2,"amount":50},{"posx":18,"posy":7,"amount":100}],"changedObstacles":[]},{"players":[{"playerId":2619262,"score":1950,"energy":15},{"playerId":2407150,"score":2100,"energy":14},{"playerId":2231262,"score":200,"energy":24},{"playerId":1658775,"score":1950,"energy":22}],"golds":[{"posx":17,"posy":1,"amount":50},{"posx":19,"posy":2,"amount":50},{"posx":18,"posy":7,"amount":100}],"changedObstacles":[]},{"players":[{"playerId":2619262,"score":2000,"energy":10},{"playerId":2407150,"score":2150,"energy":9},{"playerId":2231262,"score":200,"energy":23},{"playerId":1658775,"score":1950,"energy":21}],"golds":[{"posx":17,"posy":1,"amount":50},{"posx":18,"posy":7,"amount":50}],"changedObstacles":[{"type":0,"posx":19,"posy":2,"value":-1}]},{"players":[{"playerId":2619262,"score":2050,"energy":5},{"playerId":2407150,"score":2150,"energy":8},{"playerId":2231262,"score":200,"energy":22},{"playerId":1658775,"score":1950,"energy":20}],"golds":[{"posx":17,"posy":1,"amount":50}],"changedObstacles":[{"type":0,"posx":18,"posy":7,"value":-1}]},{"players":[{"playerId":2619262,"score":2050,"energy":4},{"playerId":2407150,"score":2150,"energy":7},{"playerId":2231262,"score":200,"energy":21},{"playerId":1658775,"score":1950,"energy":19}],"golds":[{"posx":17,"posy":1,"amount":50}],"changedObstacles":[]},{"players":[{"playerId":2619262,"score":2050,"energy":3},{"playerId":2407150,"score":2150,"energy":3},{"playerId":2231262,"score":200,"energy":20},{"playerId":1658775,"score":1950,"energy":18}],"golds":[{"posx":17,"posy":1,"amount":50}],"changedObstacles":[]},{"players":[{"playerId":2619262,"score":2050,"energy":2},{"playerId":2407150,"score":2150,"energy":15},{"playerId":2231262,"score":200,"energy":19},{"playerId":1658775,"score":1950,"energy":17}],"golds":[{"posx":17,"posy":1,"amount":50}],"changedObstacles":[]},{"players":[{"playerId":2619262,"score":2050,"energy":1},{"playerId":2407150,"score":2150,"energy":31},{"playerId":2231262,"score":200,"energy":18},{"playerId":1658775,"score":1950,"energy":16}],"golds":[{"posx":17,"posy":1,"amount":50}],"changedObstacles":[]},{"players":[{"playerId":2619262,"score":2050,"energy":13},{"playerId":2407150,"score":2150,"energy":50},{"playerId":2231262,"score":200,"energy":17},{"playerId":1658775,"score":1950,"energy":15}],"golds":[{"posx":17,"posy":1,"amount":50}],"changedObstacles":[]},{"players":[{"playerId":2619262,"score":2050,"energy":12},{"playerId":2407150,"score":2200,"energy":45},{"playerId":2231262,"score":200,"energy":16},{"playerId":1658775,"score":1950,"energy":14}],"golds":[],"changedObstacles":[{"type":0,"posx":17,"posy":1,"value":-1}]}]