[{"players":[{"playerId":3099802,"score":0,"energy":46},{"playerId":2407150,"score":0,"energy":46},{"playerId":239305,"score":0,"energy":46},{"playerId":2231262,"score":0,"energy":46}],"golds":[{"posx":1,"posy":8,"amount":100},{"posx":9,"posy":4,"amount":150},{"posx":15,"posy":6,"amount":300},{"posx":19,"posy":2,"amount":50},{"posx":17,"posy":1,"amount":50},{"posx":6,"posy":7,"amount":600},{"posx":1,"posy":6,"amount":600},{"posx":6,"posy":2,"amount":150},{"posx":8,"posy":3,"amount":100},{"posx":14,"posy":5,"amount":550},{"posx":5,"posy":6,"amount":450},{"posx":15,"posy":4,"amount":500},{"posx":18,"posy":7,"amount":350},{"posx":6,"posy":4,"amount":450},{"posx":3,"posy":8,"amount":250},{"posx":16,"posy":0,"amount":400},{"posx":1,"posy":7,"amount":250},{"posx":5,"posy":7,"amount":500},{"posx":13,"posy":6,"amount":550},{"posx":19,"posy":0,"amount":50}],"changedObstacles":[]},{"players":[{"playerId":3099802,"score":34,"energy":41},{"playerId":2407150,"score":0,"energy":45},{"playerId":239305,"score":34,"energy":41},{"playerId":2231262,"score":34,"energy":41}],"golds":[{"posx":16,"posy":0,"amount":400},{"posx":19,"posy":0,"amount":50},{"posx":17,"posy":1,"amount":50},{"posx":6,"posy":2,"amount":150},{"posx":19,"posy":2,"amount":50},{"posx":6,"posy":4,"amount":450},{"posx":9,"posy":4,"amount":150},{"posx":15,"posy":4,"amount":500},{"posx":14,"posy":5,"amount":550},{"posx":1,"posy":6,"amount":600},{"posx":5,"posy":6,"amount":450},{"posx":13,"posy":6,"amount":550},{"posx":15,"posy":6,"amount":300},{"posx":1,"posy":7,"amount":250},{"posx":5,"posy":7,"amount":500},{"posx":6,"posy":7,"amount":600},{"posx":18,"posy":7,"amount":350},{"posx":1,"posy":8,"amount":100},{"posx":3,"posy":8,"amount":250}],"changedObstacles":[{"type":0,"posx":8,"posy":3,"value":-1}]},{"players":[{"playerId":3099802,"score":34,"energy":40},{"playerId":2407150,"score":0,"energy":44},{"playerId":239305,"score":34,"energy":40},{"playerId":2231262,"score":34,"energy":31}],"golds":[{"posx":16,"posy":0,"amount":400},{"posx":19,"posy":0,"amount":50},{"posx":17,"posy":1,"amount":50},{"posx":6,"posy":2,"amount":150},{"posx":19,"posy":2,"amount":50},{"posx":6,"posy":4,"amount":450},{"posx":9,"posy":4,"amount":150},{"posx":15,"posy":4,"amount":500},{"posx":14,"posy":5,"amount":550},{"posx":1,"posy":6,"amount":600},{"posx":5,"posy":6,"amount":450},{"posx":13,"posy":6,"amount":550},{"posx":15,"posy":6,"amount":300},{"posx":1,"posy":7,"amount":250},{"posx":5,"posy":7,"amount":500},{"posx":6,"posy":7,"amount":600},{"posx":18,"posy":7,"amount":350},{"posx":1,"posy":8,"amount":100},{"posx":3,"posy":8,"amount":250}],"changedObstacles":[{"type":0,"posx":9,"posy":3,"value":-1}]},{"players":[{"playerId":3099802,"score":34,"energy":36},{"playerId":2407150,"score":0,"energy":40},{"playerId":239305,"score":34,"energy":39},{"playerId":2231262,"score":34,"energy":30}],"golds":[{"posx":16,"posy":0,"amount":400},{"posx":19,"posy":0,"amount":50},{"posx":17,"posy":1,"amount":50},{"posx":6,"posy":2,"amount":150},{"posx":19,"posy":2,"amount":50},{"posx":6,"posy":4,"amount":450},{"posx":9,"posy":4,"amount":150},{"posx":15,"posy":4,"amount":500},{"posx":14,"posy":5,"amount":550},{"posx":1,"posy":6,"amount":600},{"posx":5,"posy":6,"amount":450},{"posx":13,"posy":6,"amount":550},{"posx":15,"posy":6,"amount":300},{"posx":1,"posy":7,"amount":250},{"posx":5,"posy":7,"amount":500},{"posx":6,"posy":7,"amount":600},{"posx":18,"posy":7,"amount":350},{"posx":1,"posy":8,"amount":100},{"posx":3,"posy":8,"amount":250}],"changedObstacles":[]},{"players":[{"playerId":3099802,"score":84,"energy":31},{"playerId":2407150,"score":50,"energy":35},{"playerId":239305,"score":34,"energy":35},{"playerId":2231262,"score":34,"energy":29}],"golds":[{"posx":16,"posy":0,"amount":400},{"posx":19,"posy":0,"amount":50},{"posx":17,"posy":1,"amount":50},{"posx":6,"posy":2,"amount":150},{"posx":19,"posy":2,"amount":50},{"posx":6,"posy":4,"amount":400},{"posx":9,"posy":4,"amount":100},{"posx":15,"posy":4,"amount":500},{"posx":14,"posy":5,"amount":550},{"posx":1,"posy":6,"amount":600},{"posx":5,"posy":6,"amount":450},{"posx":13,"posy":6,"amount":550},{"posx":15,"posy":6,"amount":300},{"posx":1,"posy":7,"amount":250},{"posx":5,"posy":7,"amount":500},{"posx":6,"posy":7,"amount":600},{"posx":18,"posy":7,"amount":350},{"posx":1,"posy":8,"amount":100},{"posx":3,"posy":8,"amount":250}],"changedObstacles":[]},{"players":[{"playerId":3099802,"score":134,"energy":26},{"playerId":2407150,"score":50,"energy":34},{"playerId":239305,"score":84,"energy":30},{"playerId":2231262,"score":34,"energy":28}],"golds":[{"posx":16,"posy":0,"amount":400},{"posx":19,"posy":0,"amount":50},{"posx":17,"posy":1,"amount":50},{"posx":6,"posy":2,"amount":150},{"posx":19,"posy":2,"amount":50},{"posx":6,"posy":4,"amount":350},{"posx":9,"posy":4,"amount":50},{"posx":15,"posy":4,"amount":500},{"posx":14,"posy":5,"amount":550},{"posx":1,"posy":6,"amount":600},{"posx":5,"posy":6,"amount":450},{"posx":13,"posy":6,"amount":550},{"posx":15,"posy":6,"amount":300},{"posx":1,"posy":7,"amount":250},{"posx":5,"posy":7,"amount":500},{"posx":6,"posy":7,"amount":600},{"posx":18,"posy":7,"amount":350},{"posx":1,"posy":8,"amount":100},{"posx":3,"posy":8,"amount":250}],"changedObstacles":[]},{"players":[{"playerId":3099802,"score":184,"energy":21},{"playerId":2407150,"score":50,"energy":33},{"playerId":239305,"score":134,"energy":25},{"playerId":2231262,"score":34,"energy":27}],"golds":[{"posx":16,"posy":0,"amount":400},{"posx":19,"posy":0,"amount":50},{"posx":17,"posy":1,"amount":50},{"posx":6,"posy":2,"amount":150},{"posx":19,"posy":2,"amount":50},{"posx":6,"posy":4,"amount":300},{"posx":15,"posy":4,"amount":500},{"posx":14,"posy":5,"amount":550},{"posx":1,"posy":6,"amount":600},{"posx":5,"posy":6,"amount":450},{"posx":13,"posy":6,"amount":550},{"posx":15,"posy":6,"amount":300},{"posx":1,"posy":7,"amount":250},{"posx":5,"posy":7,"amount":500},{"posx":6,"posy":7,"amount":600},{"posx":18,"posy":7,"amount":350},{"posx":1,"posy":8,"amount":100},{"posx":3,"posy":8,"amount":250}],"changedObstacles":[{"type":0,"posx":9,"posy":4,"value":-1}]},{"players":[{"playerId":3099802,"score":184,"energy":20},{"playerId":2407150,"score":50,"energy":29},{"playerId":239305,"score":184,"energy":20},{"playerId":2231262,"score":34,"energy":26}],"golds":[{"posx":16,"posy":0,"amount":400},{"posx":19,"posy":0,"amount":50},{"posx":17,"posy":1,"amount":50},{"posx":6,"posy":2,"amount":150},{"posx":19,"posy":2,"amount":50},{"posx":6,"posy":4,"amount":250},{"posx":15,"posy":4,"amount":500},{"posx":14,"posy":5,"amount":550},{"posx":1,"posy":6,"amount":600},{"posx":5,"posy":6,"amount":450},{"posx":13,"posy":6,"amount":550},{"posx":15,"posy":6,"amount":300},{"posx":1,"posy":7,"amount":250},{"posx":5,"posy":7,"amount":500},{"posx":6,"posy":7,"amount":600},{"posx":18,"posy":7,"amount":350},{"posx":1,"posy":8,"amount":100},{"posx":3,"posy":8,"amount":250}],"changedObstacles":[]},{"players":[{"playerId":3099802,"score":184,"energy":19},{"playerId":2407150,"score":100,"energy":24},{"playerId":239305,"score":234,"energy":15},{"playerId":2231262,"score":34,"energy":25}],"golds":[{"posx":16,"posy":0,"amount":400},{"posx":19,"posy":0,"amount":50},{"posx":17,"posy":1,"amount":50},{"posx":6,"posy":2,"amount":150},{"posx":19,"posy":2,"amount":50},{"posx":6,"posy":4,"amount":200},{"posx":15,"posy":4,"amount":500},{"posx":14,"posy":5,"amount":550},{"posx":1,"posy":6,"amount":600},{"posx":5,"posy":6,"amount":450},{"posx":13,"posy":6,"amount":550},{"posx":15,"posy":6,"amount":300},{"posx":1,"posy":7,"amount":250},{"posx":5,"posy":7,"amount":500},{"posx":6,"posy":7,"amount":550},{"posx":18,"posy":7,"amount":350},{"posx":1,"posy":8,"amount":100},{"posx":3,"posy":8,"amount":250}],"changedObstacles":[]},{"players":[{"playerId":3099802,"score":184,"energy":18},{"playerId":2407150,"score":150,"energy":19},{"playerId":239305,"score":284,"energy":10},{"playerId":2231262,"score":34,"energy":24}],"golds":[{"posx":16,"posy":0,"amount":400},{"posx":19,"posy":0,"amount":50},{"posx":17,"posy":1,"amount":50},{"posx":6,"posy":2,"amount":150},{"posx":19,"posy":2,"amount":50},{"posx":6,"posy":4,"amount":150},{"posx":15,"posy":4,"amount":500},{"posx":14,"posy":5,"amount":550},{"posx":1,"posy":6,"amount":600},{"posx":5,"posy":6,"amount":450},{"posx":13,"posy":6,"amount":550},{"posx":15,"posy":6,"amount":300},{"posx":1,"posy":7,"amount":250},{"posx":5,"posy":7,"amount":500},{"posx":6,"posy":7,"amount":500},{"posx":18,"posy":7,"amount":350},{"posx":1,"posy":8,"amount":100},{"posx":3,"posy":8,"amount":250}],"changedObstacles":[]},{"players":[{"playerId":3099802,"score":184,"energy":17},{"playerId":2407150,"score":200,"energy":14},{"playerId":239305,"score":334,"energy":5},{"playerId":2231262,"score":34,"energy":23}],"golds":[{"posx":16,"posy":0,"amount":400},{"posx":19,"posy":0,"amount":50},{"posx":17,"posy":1,"amount":50},{"posx":6,"posy":2,"amount":150},{"posx":19,"posy":2,"amount":50},{"posx":6,"posy":4,"amount":100},{"posx":15,"posy":4,"amount":500},{"posx":14,"posy":5,"amount":550},{"posx":1,"posy":6,"amount":600},{"posx":5,"posy":6,"amount":450},{"posx":13,"posy":6,"amount":550},{"posx":15,"posy":6,"amount":300},{"posx":1,"posy":7,"amount":250},{"posx":5,"posy":7,"amount":500},{"posx":6,"posy":7,"amount":450},{"posx":18,"posy":7,"amount":350},{"posx":1,"posy":8,"amount":100},{"posx":3,"posy":8,"amount":250}],"changedObstacles":[]},{"players":[{"playerId":3099802,"score":184,"energy":16},{"playerId":2407150,"score":250,"energy":9},{"playerId":239305,"score":334,"energy":17},{"playerId":2231262,"score":34,"energy":22}],"golds":[{"posx":16,"posy":0,"amount":400},{"posx":19,"posy":0,"amount":50},{"posx":17,"posy":1,"amount":50},{"posx":6,"posy":2,"amount":150},{"posx":19,"posy":2,"amount":50},{"posx":6,"posy":4,"amount":100},{"posx":15,"posy":4,"amount":500},{"posx":14,"posy":5,"amount":550},{"posx":1,"posy":6,"amount":600},{"posx":5,"posy":6,"amount":450},{"posx":13,"posy":6,"amount":550},{"posx":15,"posy":6,"amount":300},{"posx":1,"posy":7,"amount":250},{"posx":5,"posy":7,"amount":500},{"posx":6,"posy":7,"amount":400},{"posx":18,"posy":7,"amount":350},{"posx":1,"posy":8,"amount":100},{"posx":3,"posy":8,"amount":250}],"changedObstacles":[]},{"players":[{"playerId":3099802,"score":184,"energy":12},{"playerId":2407150,"score":300,"energy":4},{"playerId":239305,"score":334,"energy":33},{"playerId":2231262,"score":34,"energy":21}],"golds":[{"posx":16,"posy":0,"amount":400},{"posx":19,"posy":0,"amount":50},{"posx":17,"posy":1,"amount":50},{"posx":6,"posy":2,"amount":150},{"posx":19,"posy":2,"amount":50},{"posx":6,"posy":4,"amount":100},{"posx":15,"posy":4,"amount":500},{"posx":14,"posy":5,"amount":550},{"posx":1,"posy":6,"amount":600},{"posx":5,"posy":6,"amount":450},{"posx":13,"posy":6,"amount":550},{"posx":15,"posy":6,"amount":300},{"posx":1,"posy":7,"amount":250},{"posx":5,"posy":7,"amount":500},{"posx":6,"posy":7,"amount":350},{"posx":18,"posy":7,"amount":350},{"posx":1,"posy":8,"amount":100},{"posx":3,"posy":8,"amount":250}],"changedObstacles":[]},{"players":[{"playerId":3099802,"score":184,"energy":24},{"playerId":2407150,"score":300,"energy":16},{"playerId":239305,"score":334,"energy":50},{"playerId":2231262,"score":34,"energy":20}],"golds":[{"posx":16,"posy":0,"amount":400},{"posx":19,"posy":0,"amount":50},{"posx":17,"posy":1,"amount":50},{"posx":6,"posy":2,"amount":150},{"posx":19,"posy":2,"amount":50},{"posx":6,"posy":4,"amount":100},{"posx":15,"posy":4,"amount":500},{"posx":14,"posy":5,"amount":550},{"posx":1,"posy":6,"amount":600},{"posx":5,"posy":6,"amount":450},{"posx":13,"posy":6,"amount":550},{"posx":15,"posy":6,"amount":300},{"posx":1,"posy":7,"amount":250},{"posx":5,"posy":7,"amount":500},{"posx":6,"posy":7,"amount":350},{"posx":18,"posy":7,"amount":350},{"posx":1,"posy":8,"amount":100},{"posx":3,"posy":8,"amount":250}],"changedObstacles":[]},{"players":[{"playerId":3099802,"score":184,"energy":40},{"playerId":2407150,"score":300,"energy":32},{"playerId":239305,"score":384,"energy":45},{"playerId":2231262,"score":34,"energy":19}],"golds":[{"posx":16,"posy":0,"amount":400},{"posx":19,"posy":0,"amount":50},{"posx":17,"posy":1,"amount":50},{"posx":6,"posy":2,"amount":150},{"posx":19,"posy":2,"amount":50},{"posx":6,"posy":4,"amount":50},{"posx":15,"posy":4,"amount":500},{"posx":14,"posy":5,"amount":550},{"posx":1,"posy":6,"amount":600},{"posx":5,"posy":6,"amount":450},{"posx":13,"posy":6,"amount":550},{"posx":15,"posy":6,"amount":300},{"posx":1,"posy":7,"amount":250},{"posx":5,"posy":7,"amount":500},{"posx":6,"posy":7,"amount":350},{"posx":18,"posy":7,"amount":350},{"posx":1,"posy":8,"amount":100},{"posx":3,"posy":8,"amount":250}],"changedObstacles":[]},{"players":[{"playerId":3099802,"score":234,"energy":35},{"playerId":2407150,"score":300,"energy":50},{"playerId":239305,"score":434,"energy":40},{"playerId":2231262,"score":34,"energy":18}],"golds":[{"posx":16,"posy":0,"amount":400},{"posx":19,"posy":0,"amount":50},{"posx":17,"posy":1,"amount":50},{"posx":6,"posy":2,"amount":150},{"posx":19,"posy":2,"amount":50},{"posx":15,"posy":4,"amount":500},{"posx":14,"posy":5,"amount":550},{"posx":1,"posy":6,"amount":600},{"posx":5,"posy":6,"amount":450},{"posx":13,"posy":6,"amount":500},{"posx":15,"posy":6,"amount":300},{"posx":1,"posy":7,"amount":250},{"posx":5,"posy":7,"amount":500},{"posx":6,"posy":7,"amount":350},{"posx":18,"posy":7,"amount":350},{"posx":1,"posy":8,"amount":100},{"posx":3,"posy":8,"amount":250}],"changedObstacles":[{"type":0,"posx":6,"posy":4,"value":-1}]},{"players":[{"playerId":3099802,"score":284,"energy":30},{"playerId":2407150,"score":350,"energy":45},{"playerId":239305,"score":434,"energy":39},{"playerId":2231262,"score":34,"energy":17}],"golds":[{"posx":16,"posy":0,"amount":400},{"posx":19,"posy":0,"amount":50},{"posx":17,"posy":1,"amount":50},{"posx":6,"posy":2,"amount":150},{"posx":19,"posy":2,"amount":50},{"posx":15,"posy":4,"amount":500},{"posx":14,"posy":5,"amount":550},{"posx":1,"posy":6,"amount":600},{"posx":5,"posy":6,"amount":450},{"posx":13,"posy":6,"amount":450},{"posx":15,"posy":6,"amount":300},{"posx":1,"posy":7,"amount":250},{"posx":5,"posy":7,"amount":500},{"posx":6,"posy":7,"amount":300},{"posx":18,"posy":7,"amount":350},{"posx":1,"posy":8,"amount":100},{"posx":3,"posy":8,"amount":250}],"changedObstacles":[]},{"players":[{"playerId":3099802,"score":334,"energy":25},{"playerId":2407150,"score":400,"energy":40},{"playerId":239305,"score":434,"energy":38},{"playerId":2231262,"score":34,"energy":16}],"golds":[{"posx":16,"posy":0,"amount":400},{"posx":19,"posy":0,"amount":50},{"posx":17,"posy":1,"amount":50},{"posx":6,"posy":2,"amount":150},{"posx":19,"posy":2,"amount":50},{"posx":15,"posy":4,"amount":500},{"posx":14,"posy":5,"amount":550},{"posx":1,"posy":6,"amount":600},{"posx":5,"posy":6,"amount":450},{"posx":13,"posy":6,"amount":400},{"posx":15,"posy":6,"amount":300},{"posx":1,"posy":7,"amount":250},{"posx":5,"posy":7,"amount":500},{"posx":6,"posy":7,"amount":250},{"posx":18,"posy":7,"amount":350},{"posx":1,"posy":8,"amount":100},{"posx":3,"posy":8,"amount":250}],"changedObstacles":[]},{"players":[{"playerId":3099802,"score":384,"energy":20},{"playerId":2407150,"score":450,"energy":35},{"playerId":239305,"score":434,"energy":34},{"playerId":2231262,"score":34,"energy":28}],"golds":[{"posx":16,"posy":0,"amount":400},{"posx":19,"posy":0,"amount":50},{"posx":17,"posy":1,"amount":50},{"posx":6,"posy":2,"amount":150},{"posx":19,"posy":2,"amount":50},{"posx":15,"posy":4,"amount":500},{"posx":14,"posy":5,"amount":550},{"posx":1,"posy":6,"amount":600},{"posx":5,"posy":6,"amount":450},{"posx":13,"posy":6,"amount":350},{"posx":15,"posy":6,"amount":300},{"posx":1,"posy":7,"amount":250},{"posx":5,"posy":7,"amount":500},{"posx":6,"posy":7,"amount":200},{"posx":18,"posy":7,"amount":350},{"posx":1,"posy":8,"amount":100},{"posx":3,"posy":8,"amount":250}],"changedObstacles":[]},{"players":[{"playerId":3099802,"score":434,"energy":15},{"playerId":2407150,"score":500,"energy":30},{"playerId":239305,"score":484,"energy":29},{"playerId":2231262,"score":34,"energy":27}],"golds":[{"posx":16,"posy":0,"amount":400},{"posx":19,"posy":0,"amount":50},{"posx":17,"posy":1,"amount":50},{"posx":6,"posy":2,"amount":150},{"posx":19,"posy":2,"amount":50},{"posx":15,"posy":4,"amount":500},{"posx":14,"posy":5,"amount":550},{"posx":1,"posy":6,"amount":600},{"posx":5,"posy":6,"amount":400},{"posx":13,"posy":6,"amount":300},{"posx":15,"posy":6,"amount":300},{"posx":1,"posy":7,"amount":250},{"posx":5,"posy":7,"amount":500},{"posx":6,"posy":7,"amount":150},{"posx":18,"posy":7,"amount":350},{"posx":1,"posy":8,"amount":100},{"posx":3,"posy":8,"amount":250}],"changedObstacles":[]},{"players":[{"playerId":3099802,"score":484,"energy":10},{"playerId":2407150,"score":550,"energy":25},{"playerId":239305,"score":534,"energy":24},{"playerId":2231262,"score":34,"energy":26}],"golds":[{"posx":16,"posy":0,"amount":400},{"posx":19,"posy":0,"amount":50},{"posx":17,"posy":1,"amount":50},{"posx":6,"posy":2,"amount":150},{"posx":19,"posy":2,"amount":50},{"posx":15,"posy":4,"amount":500},{"posx":14,"posy":5,"amount":550},{"posx":1,"posy":6,"amount":600},{"posx":5,"posy":6,"amount":350},{"posx":13,"posy":6,"amount":250},{"posx":15,"posy":6,"amount":300},{"posx":1,"posy":7,"amount":250},{"posx":5,"posy":7,"amount":500},{"posx":6,"posy":7,"amount":100},{"posx":18,"posy":7,"amount":350},{"posx":1,"posy":8,"amount":100},{"posx":3,"posy":8,"amount":250}],"changedObstacles":[]},{"players":[{"playerId":3099802,"score":534,"energy":5},{"playerId":2407150,"score":600,"energy":20},{"playerId":239305,"score":584,"energy":19},{"playerId":2231262,"score":34,"energy":25}],"golds":[{"posx":16,"posy":0,"amount":400},{"posx":19,"posy":0,"amount":50},{"posx":17,"posy":1,"amount":50},{"posx":6,"posy":2,"amount":150},{"posx":19,"posy":2,"amount":50},{"posx":15,"posy":4,"amount":500},{"posx":14,"posy":5,"amount":550},{"posx":1,"posy":6,"amount":600},{"posx":5,"posy":6,"amount":300},{"posx":13,"posy":6,"amount":200},{"posx":15,"posy":6,"amount":300},{"posx":1,"posy":7,"amount":250},{"posx":5,"posy":7,"amount":500},{"posx":6,"posy":7,"amount":50},{"posx":18,"posy":7,"amount":350},{"posx":1,"posy":8,"amount":100},{"posx":3,"posy":8,"amount":250}],"changedObstacles":[]},{"players":[{"playerId":3099802,"score":534,"energy":17},{"playerId":2407150,"score":600,"energy":16},{"playerId":239305,"score":634,"energy":14},{"playerId":2231262,"score":34,"energy":24}],"golds":[{"posx":16,"posy":0,"amount":400},{"posx":19,"posy":0,"amount":50},{"posx":17,"posy":1,"amount":50},{"posx":6,"posy":2,"amount":150},{"posx":19,"posy":2,"amount":50},{"posx":15,"posy":4,"amount":500},{"posx":14,"posy":5,"amount":550},{"posx":1,"posy":6,"amount":600},{"posx":5,"posy":6,"amount":250},{"posx":13,"posy":6,"amount":200},{"posx":15,"posy":6,"amount":300},{"posx":1,"posy":7,"amount":250},{"posx":5,"posy":7,"amount":500},{"posx":6,"posy":7,"amount":50},{"posx":18,"posy":7,"amount":350},{"posx":1,"posy":8,"amount":100},{"posx":3,"posy":8,"amount":250}],"changedObstacles":[]},{"players":[{"playerId":3099802,"score":534,"energy":33},{"playerId":2407150,"score":650,"energy":11},{"playerId":239305,"score":684,"energy":9},{"playerId":2231262,"score":34,"energy":23}],"golds":[{"posx":16,"posy":0,"amount":400},{"posx":19,"posy":0,"amount":50},{"posx":17,"posy":1,"amount":50},{"posx":6,"posy":2,"amount":150},{"posx":19,"posy":2,"amount":50},{"posx":15,"posy":4,"amount":500},{"posx":14,"posy":5,"amount":550},{"posx":1,"posy":6,"amount":600},{"posx":5,"posy":6,"amount":200},{"posx":13,"posy":6,"amount":200},{"posx":15,"posy":6,"amount":300},{"posx":1,"posy":7,"amount":250},{"posx":5,"posy":7,"amount":450},{"posx":6,"posy":7,"amount":50},{"posx":18,"posy":7,"amount":350},{"posx":1,"posy":8,"amount":100},{"posx":3,"posy":8,"amount":250}],"changedObstacles":[]},{"players":[{"playerId":3099802,"score":584,"energy":28},{"playerId":2407150,"score":700,"energy":6},{"playerId":239305,"score":734,"energy":4},{"playerId":2231262,"score":34,"energy":22}],"golds":[{"posx":16,"posy":0,"amount":400},{"posx":19,"posy":0,"amount":50},{"posx":17,"posy":1,"amount":50},{"posx":6,"posy":2,"amount":150},{"posx":19,"posy":2,"amount":50},{"posx":15,"posy":4,"amount":500},{"posx":14,"posy":5,"amount":550},{"posx":1,"posy":6,"amount":600},{"posx":5,"posy":6,"amount":150},{"posx":13,"posy":6,"amount":150},{"posx":15,"posy":6,"amount":300},{"posx":1,"posy":7,"amount":250},{"posx":5,"posy":7,"amount":400},{"posx":6,"posy":7,"amount":50},{"posx":18,"posy":7,"amount":350},{"posx":1,"posy":8,"amount":100},{"posx":3,"posy":8,"amount":250}],"changedObstacles":[]},{"players":[{"playerId":3099802,"score":634,"energy":23},{"playerId":2407150,"score":750,"energy":1},{"playerId":239305,"score":734,"energy":16},{"playerId":2231262,"score":34,"energy":21}],"golds":[{"posx":16,"posy":0,"amount":400},{"posx":19,"posy":0,"amount":50},{"posx":17,"posy":1,"amount":50},{"posx":6,"posy":2,"amount":150},{"posx":19,"posy":2,"amount":50},{"posx":15,"posy":4,"amount":500},{"posx":14,"posy":5,"amount":550},{"posx":1,"posy":6,"amount":600},{"posx":5,"posy":6,"amount":150},{"posx":13,"posy":6,"amount":100},{"posx":15,"posy":6,"amount":300},{"posx":1,"posy":7,"amount":250},{"posx":5,"posy":7,"amount":350},{"posx":6,"posy":7,"amount":50},{"posx":18,"posy":7,"amount":350},{"posx":1,"posy":8,"amount":100},{"posx":3,"posy":8,"amount":250}],"changedObstacles":[]},{"players":[{"playerId":3099802,"score":684,"energy":18},{"playerId":2407150,"score":750,"energy":13},{"playerId":239305,"score":734,"energy":32},{"playerId":2231262,"score":34,"energy":20}],"golds":[{"posx":16,"posy":0,"amount":400},{"posx":19,"posy":0,"amount":50},{"posx":17,"posy":1,"amount":50},{"posx":6,"posy":2,"amount":150},{"posx":19,"posy":2,"amount":50},{"posx":15,"posy":4,"amount":500},{"posx":14,"posy":5,"amount":550},{"posx":1,"posy":6,"amount":600},{"posx":5,"posy":6,"amount":150},{"posx":13,"posy":6,"amount":50},{"posx":15,"posy":6,"amount":300},{"posx":1,"posy":7,"amount":250},{"posx":5,"posy":7,"amount":350},{"posx":6,"posy":7,"amount":50},{"posx":18,"posy":7,"amount":350},{"posx":1,"posy":8,"amount":100},{"posx":3,"posy":8,"amount":250}],"changedObstacles":[]},{"players":[{"playerId":3099802,"score":734,"energy":13},{"playerId":2407150,"score":750,"energy":29},{"playerId":239305,"score":734,"energy":50},{"playerId":2231262,"score":34,"energy":19}],"golds":[{"posx":16,"posy":0,"amount":400},{"posx":19,"posy":0,"amount":50},{"posx":17,"posy":1,"amount":50},{"posx":6,"posy":2,"amount":150},{"posx":19,"posy":2,"amount":50},{"posx":15,"posy":4,"amount":500},{"posx":14,"posy":5,"amount":550},{"posx":1,"posy":6,"amount":600},{"posx":5,"posy":6,"amount":150},{"posx":15,"posy":6,"amount":300},{"posx":1,"posy":7,"amount":250},{"posx":5,"posy":7,"amount":350},{"posx":6,"posy":7,"amount":50},{"posx":18,"posy":7,"amount":350},{"posx":1,"posy":8,"amount":100},{"posx":3,"posy":8,"amount":250}],"changedObstacles":[{"type":0,"posx":13,"posy":6,"value":-1}]},{"players":[{"playerId":3099802,"score":734,"energy":12},{"playerId":2407150,"score":750,"energy":50},{"playerId":239305,"score":784,"energy":45},{"playerId":2231262,"score":34,"energy":18}],"golds":[{"posx":16,"posy":0,"amount":400},{"posx":19,"posy":0,"amount":50},{"posx":17,"posy":1,"amount":50},{"posx":6,"posy":2,"amount":150},{"posx":19,"posy":2,"amount":50},{"posx":15,"posy":4,"amount":500},{"posx":14,"posy":5,"amount":550},{"posx":1,"posy":6,"amount":600},{"posx":5,"posy":6,"amount":100},{"posx":15,"posy":6,"amount":300},{"posx":1,"posy":7,"amount":250},{"posx":5,"posy":7,"amount":350},{"posx":6,"posy":7,"amount":50},{"posx":18,"posy":7,"amount":350},{"posx":1,"posy":8,"amount":100},{"posx":3,"posy":8,"amount":250}],"changedObstacles":[]},{"players":[{"playerId":3099802,"score":734,"energy":8},{"playerId":2407150,"score":800,"energy":45},{"playerId":239305,"score":834,"energy":40},{"playerId":2231262,"score":34,"energy":17}],"golds":[{"posx":16,"posy":0,"amount":400},{"posx":19,"posy":0,"amount":50},{"posx":17,"posy":1,"amount":50},{"posx":6,"posy":2,"amount":150},{"posx":19,"posy":2,"amount":50},{"posx":15,"posy":4,"amount":500},{"posx":14,"posy":5,"amount":550},{"posx":1,"posy":6,"amount":600},{"posx":5,"posy":6,"amount":50},{"posx":15,"posy":6,"amount":300},{"posx":1,"posy":7,"amount":250},{"posx":5,"posy":7,"amount":300},{"posx":6,"posy":7,"amount":50},{"posx":18,"posy":7,"amount":350},{"posx":1,"posy":8,"amount":100},{"posx":3,"posy":8,"amount":250}],"changedObstacles":[]},{"players":[{"playerId":3099802,"score":734,"energy":20},{"playerId":2407150,"score":850,"energy":40},{"playerId":239305,"score":884,"energy":35},{"playerId":2231262,"score":34,"energy":16}],"golds":[{"posx":16,"posy":0,"amount":400},{"posx":19,"posy":0,"amount":50},{"posx":17,"posy":1,"amount":50},{"posx":6,"posy":2,"amount":150},{"posx":19,"posy":2,"amount":50},{"posx":15,"posy":4,"amount":500},{"posx":14,"posy":5,"amount":550},{"posx":1,"posy":6,"amount":600},{"posx":15,"posy":6,"amount":300},{"posx":1,"posy":7,"amount":250},{"posx":5,"posy":7,"amount":250},{"posx":6,"posy":7,"amount":50},{"posx":18,"posy":7,"amount":350},{"posx":1,"posy":8,"amount":100},{"posx":3,"posy":8,"amount":250}],"changedObstacles":[{"type":0,"posx":5,"posy":6,"value":-1}]},{"players":[{"playerId":3099802,"score":734,"energy":36},{"playerId":2407150,"score":900,"energy":35},{"playerId":239305,"score":884,"energy":31},{"playerId":2231262,"score":34,"energy":28}],"golds":[{"posx":16,"posy":0,"amount":400},{"posx":19,"posy":0,"amount":50},{"posx":17,"posy":1,"amount":50},{"posx":6,"posy":2,"amount":150},{"posx":19,"posy":2,"amount":50},{"posx":15,"posy":4,"amount":500},{"posx":14,"posy":5,"amount":550},{"posx":1,"posy":6,"amount":600},{"posx":15,"posy":6,"amount":300},{"posx":1,"posy":7,"amount":250},{"posx":5,"posy":7,"amount":200},{"posx":6,"posy":7,"amount":50},{"posx":18,"posy":7,"amount":350},{"posx":1,"posy":8,"amount":100},{"posx":3,"posy":8,"amount":250}],"changedObstacles":[]},{"players":[{"playerId":3099802,"score":734,"energy":50},{"playerId":2407150,"score":950,"energy":30},{"playerId":239305,"score":934,"energy":26},{"playerId":2231262,"score":34,"energy":27}],"golds":[{"posx":16,"posy":0,"amount":400},{"posx":19,"posy":0,"amount":50},{"posx":17,"posy":1,"amount":50},{"posx":6,"posy":2,"amount":150},{"posx":19,"posy":2,"amount":50},{"posx":15,"posy":4,"amount":500},{"posx":14,"posy":5,"amount":550},{"posx":1,"posy":6,"amount":600},{"posx":15,"posy":6,"amount":300},{"posx":1,"posy":7,"amount":250},{"posx":5,"posy":7,"amount":100},{"posx":6,"posy":7,"amount":50},{"posx":18,"posy":7,"amount":350},{"posx":1,"posy":8,"amount":100},{"posx":3,"posy":8,"amount":250}],"changedObstacles":[]},{"players":[{"playerId":3099802,"score":784,"energy":45},{"playerId":2407150,"score":950,"energy":26},{"playerId":239305,"score":984,"energy":21},{"playerId":2231262,"score":34,"energy":26}],"golds":[{"posx":16,"posy":0,"amount":400},{"posx":19,"posy":0,"amount":50},{"posx":17,"posy":1,"amount":50},{"posx":6,"posy":2,"amount":150},{"posx":19,"posy":2,"amount":50},{"posx":15,"posy":4,"amount":500},{"posx":14,"posy":5,"amount":500},{"posx":1,"posy":6,"amount":600},{"posx":15,"posy":6,"amount":300},{"posx":1,"posy":7,"amount":250},{"posx":5,"posy":7,"amount":50},{"posx":6,"posy":7,"amount":50},{"posx":18,"posy":7,"amount":350},{"posx":1,"posy":8,"amount":100},{"posx":3,"posy":8,"amount":250}],"changedObstacles":[]},{"players":[{"playerId":3099802,"score":834,"energy":40},{"playerId":2407150,"score":1000,"energy":21},{"playerId":239305,"score":1034,"energy":16},{"playerId":2231262,"score":34,"energy":25}],"golds":[{"posx":16,"posy":0,"amount":400},{"posx":19,"posy":0,"amount":50},{"posx":17,"posy":1,"amount":50},{"posx":6,"posy":2,"amount":150},{"posx":19,"posy":2,"amount":50},{"posx":15,"posy":4,"amount":500},{"posx":14,"posy":5,"amount":450},{"posx":1,"posy":6,"amount":600},{"posx":15,"posy":6,"amount":300},{"posx":1,"posy":7,"amount":250},{"posx":18,"posy":7,"amount":350},{"posx":1,"posy":8,"amount":100},{"posx":3,"posy":8,"amount":250}],"changedObstacles":[{"type":0,"posx":6,"posy":7,"value":-1},{"type":0,"posx":5,"posy":7,"value":-1}]},{"players":[{"playerId":3099802,"score":884,"energy":35},{"playerId":2407150,"score":1000,"energy":20},{"playerId":239305,"score":1034,"energy":15},{"playerId":2231262,"score":34,"energy":24}],"golds":[{"posx":16,"posy":0,"amount":400},{"posx":19,"posy":0,"amount":50},{"posx":17,"posy":1,"amount":50},{"posx":6,"posy":2,"amount":150},{"posx":19,"posy":2,"amount":50},{"posx":15,"posy":4,"amount":500},{"posx":14,"posy":5,"amount":400},{"posx":1,"posy":6,"amount":600},{"posx":15,"posy":6,"amount":300},{"posx":1,"posy":7,"amount":250},{"posx":18,"posy":7,"amount":350},{"posx":1,"posy":8,"amount":100},{"posx":3,"posy":8,"amount":250}],"changedObstacles":[]},{"players":[{"playerId":3099802,"score":934,"energy":30},{"playerId":2407150,"score":1000,"energy":19},{"playerId":239305,"score":1034,"energy":14},{"playerId":2231262,"score":34,"energy":23}],"golds":[{"posx":16,"posy":0,"amount":400},{"posx":19,"posy":0,"amount":50},{"posx":17,"posy":1,"amount":50},{"posx":6,"posy":2,"amount":150},{"posx":19,"posy":2,"amount":50},{"posx":15,"posy":4,"amount":500},{"posx":14,"posy":5,"amount":350},{"posx":1,"posy":6,"amount":600},{"posx":15,"posy":6,"amount":300},{"posx":1,"posy":7,"amount":250},{"posx":18,"posy":7,"amount":350},{"posx":1,"posy":8,"amount":100},{"posx":3,"posy":8,"amount":250}],"changedObstacles":[]},{"players":[{"playerId":3099802,"score":984,"energy":25},{"playerId":2407150,"score":1000,"energy":18},{"playerId":239305,"score":1034,"energy":10},{"playerId":2231262,"score":34,"energy":22}],"golds":[{"posx":16,"posy":0,"amount":400},{"posx":19,"posy":0,"amount":50},{"posx":17,"posy":1,"amount":50},{"posx":6,"posy":2,"amount":150},{"posx":19,"posy":2,"amount":50},{"posx":15,"posy":4,"amount":500},{"posx":14,"posy":5,"amount":300},{"posx":1,"posy":6,"amount":600},{"posx":15,"posy":6,"amount":300},{"posx":1,"posy":7,"amount":250},{"posx":18,"posy":7,"amount":350},{"posx":1,"posy":8,"amount":100},{"posx":3,"posy":8,"amount":250}],"changedObstacles":[]},{"players":[{"playerId":3099802,"score":1034,"energy":20},{"playerId":2407150,"score":1000,"energy":17},{"playerId":239305,"score":1084,"energy":5},{"playerId":2231262,"score":34,"energy":21}],"golds":[{"posx":16,"posy":0,"amount":400},{"posx":19,"posy":0,"amount":50},{"posx":17,"posy":1,"amount":50},{"posx":6,"posy":2,"amount":150},{"posx":19,"posy":2,"amount":50},{"posx":15,"posy":4,"amount":500},{"posx":14,"posy":5,"amount":250},{"posx":1,"posy":6,"amount":600},{"posx":15,"posy":6,"amount":300},{"posx":1,"posy":7,"amount":250},{"posx":18,"posy":7,"amount":350},{"posx":1,"posy":8,"amount":100},{"posx":3,"posy":8,"amount":200}],"changedObstacles":[]},{"players":[{"playerId":3099802,"score":1084,"energy":15},{"playerId":2407150,"score":1000,"energy":16},{"playerId":239305,"score":1084,"energy":17},{"playerId":2231262,"score":34,"energy":20}],"golds":[{"posx":16,"posy":0,"amount":400},{"posx":19,"posy":0,"amount":50},{"posx":17,"posy":1,"amount":50},{"posx":6,"posy":2,"amount":150},{"posx":19,"posy":2,"amount":50},{"posx":15,"posy":4,"amount":500},{"posx":14,"posy":5,"amount":200},{"posx":1,"posy":6,"amount":600},{"posx":15,"posy":6,"amount":300},{"posx":1,"posy":7,"amount":250},{"posx":18,"posy":7,"amount":350},{"posx":1,"posy":8,"amount":100},{"posx":3,"posy":8,"amount":200}],"changedObstacles":[]},{"players":[{"playerId":3099802,"score":1134,"energy":10},{"playerId":2407150,"score":1000,"energy":12},{"playerId":239305,"score":1084,"energy":33},{"playerId":2231262,"score":34,"energy":19}],"golds":[{"posx":16,"posy":0,"amount":400},{"posx":19,"posy":0,"amount":50},{"posx":17,"posy":1,"amount":50},{"posx":6,"posy":2,"amount":150},{"posx":19,"posy":2,"amount":50},{"posx":15,"posy":4,"amount":500},{"posx":14,"posy":5,"amount":150},{"posx":1,"posy":6,"amount":600},{"posx":15,"posy":6,"amount":300},{"posx":1,"posy":7,"amount":250},{"posx":18,"posy":7,"amount":350},{"posx":1,"posy":8,"amount":100},{"posx":3,"posy":8,"amount":200}],"changedObstacles":[]},{"players":[{"playerId":3099802,"score":1184,"energy":5},{"playerId":2407150,"score":1050,"energy":7},{"playerId":239305,"score":1084,"energy":50},{"playerId":2231262,"score":34,"energy":18}],"golds":[{"posx":16,"posy":0,"amount":400},{"posx":19,"posy":0,"amount":50},{"posx":17,"posy":1,"amount":50},{"posx":6,"posy":2,"amount":150},{"posx":19,"posy":2,"amount":50},{"posx":15,"posy":4,"amount":500},{"posx":14,"posy":5,"amount":100},{"posx":1,"posy":6,"amount":550},{"posx":15,"posy":6,"amount":300},{"posx":1,"posy":7,"amount":250},{"posx":18,"posy":7,"amount":350},{"posx":1,"posy":8,"amount":100},{"posx":3,"posy":8,"amount":200}],"changedObstacles":[]},{"players":[{"playerId":3099802,"score":1184,"energy":17},{"playerId":2407150,"score":1100,"energy":2},{"playerId":239305,"score":1134,"energy":45},{"playerId":2231262,"score":34,"energy":17}],"golds":[{"posx":16,"posy":0,"amount":400},{"posx":19,"posy":0,"amount":50},{"posx":17,"posy":1,"amount":50},{"posx":6,"posy":2,"amount":150},{"posx":19,"posy":2,"amount":50},{"posx":15,"posy":4,"amount":500},{"posx":14,"posy":5,"amount":100},{"posx":1,"posy":6,"amount":500},{"posx":15,"posy":6,"amount":300},{"posx":1,"posy":7,"amount":250},{"posx":18,"posy":7,"amount":350},{"posx":1,"posy":8,"amount":100},{"posx":3,"posy":8,"amount":150}],"changedObstacles":[]},{"players":[{"playerId":3099802,"score":1234,"energy":12},{"playerId":2407150,"score":1100,"energy":14},{"playerId":239305,"score":1184,"energy":40},{"playerId":2231262,"score":34,"energy":16}],"golds":[{"posx":16,"posy":0,"amount":400},{"posx":19,"posy":0,"amount":50},{"posx":17,"posy":1,"amount":50},{"posx":6,"posy":2,"amount":150},{"posx":19,"posy":2,"amount":50},{"posx":15,"posy":4,"amount":500},{"posx":14,"posy":5,"amount":50},{"posx":1,"posy":6,"amount":500},{"posx":15,"posy":6,"amount":300},{"posx":1,"posy":7,"amount":250},{"posx":18,"posy":7,"amount":350},{"posx":1,"posy":8,"amount":100},{"posx":3,"posy":8,"amount":100}],"changedObstacles":[]},{"players":[{"playerId":3099802,"score":1284,"energy":7},{"playerId":2407150,"score":1100,"energy":30},{"playerId":239305,"score":1234,"energy":35},{"playerId":2231262,"score":34,"energy":28}],"golds":[{"posx":16,"posy":0,"amount":400},{"posx":19,"posy":0,"amount":50},{"posx":17,"posy":1,"amount":50},{"posx":6,"posy":2,"amount":150},{"posx":19,"posy":2,"amount":50},{"posx":15,"posy":4,"amount":500},{"posx":1,"posy":6,"amount":500},{"posx":15,"posy":6,"amount":300},{"posx":1,"posy":7,"amount":250},{"posx":18,"posy":7,"amount":350},{"posx":1,"posy":8,"amount":100},{"posx":3,"posy":8,"amount":50}],"changedObstacles":[{"type":0,"posx":14,"posy":5,"value":-1}]},{"players":[{"playerId":3099802,"score":1284,"energy":6},{"playerId":2407150,"score":1100,"energy":50},{"playerId":239305,"score":1284,"energy":30},{"playerId":2231262,"score":34,"energy":27}],"golds":[{"posx":16,"posy":0,"amount":400},{"posx":19,"posy":0,"amount":50},{"posx":17,"posy":1,"amount":50},{"posx":6,"posy":2,"amount":150},{"posx":19,"posy":2,"amount":50},{"posx":15,"posy":4,"amount":500},{"posx":1,"posy":6,"amount":500},{"posx":15,"posy":6,"amount":300},{"posx":1,"posy":7,"amount":250},{"posx":18,"posy":7,"amount":350},{"posx":1,"posy":8,"amount":100}],"changedObstacles":[{"type":0,"posx":3,"posy":8,"value":-1}]},{"players":[{"playerId":3099802,"score":1284,"energy":2},{"playerId":2407150,"score":1150,"energy":45},{"playerId":239305,"score":1284,"energy":29},{"playerId":2231262,"score":34,"energy":26}],"golds":[{"posx":16,"posy":0,"amount":400},{"posx":19,"posy":0,"amount":50},{"posx":17,"posy":1,"amount":50},{"posx":6,"posy":2,"amount":150},{"posx":19,"posy":2,"amount":50},{"posx":15,"posy":4,"amount":500},{"posx":1,"posy":6,"amount":450},{"posx":15,"posy":6,"amount":300},{"posx":1,"posy":7,"amount":250},{"posx":18,"posy":7,"amount":350},{"posx":1,"posy":8,"amount":100}],"changedObstacles":[]},{"players":[{"playerId":3099802,"score":1284,"energy":14},{"playerId":2407150,"score":1200,"energy":40},{"playerId":239305,"score":1284,"energy":28},{"playerId":2231262,"score":34,"energy":25}],"golds":[{"posx":16,"posy":0,"amount":400},{"posx":19,"posy":0,"amount":50},{"posx":17,"posy":1,"amount":50},{"posx":6,"posy":2,"amount":150},{"posx":19,"posy":2,"amount":50},{"posx":15,"posy":4,"amount":500},{"posx":1,"posy":6,"amount":400},{"posx":15,"posy":6,"amount":300},{"posx":1,"posy":7,"amount":250},{"posx":18,"posy":7,"amount":350},{"posx":1,"posy":8,"amount":100}],"changedObstacles":[]},{"players":[{"playerId":3099802,"score":1284,"energy":30},{"playerId":2407150,"score":1250,"energy":35},{"playerId":239305,"score":1284,"energy":27},{"playerId":2231262,"score":34,"energy":24}],"golds":[{"posx":16,"posy":0,"amount":400},{"posx":19,"posy":0,"amount":50},{"posx":17,"posy":1,"amount":50},{"posx":6,"posy":2,"amount":150},{"posx":19,"posy":2,"amount":50},{"posx":15,"posy":4,"amount":500},{"posx":1,"posy":6,"amount":350},{"posx":15,"posy":6,"amount":300},{"posx":1,"posy":7,"amount":250},{"posx":18,"posy":7,"amount":350},{"posx":1,"posy":8,"amount":100}],"changedObstacles":[]},{"players":[{"playerId":3099802,"score":1284,"energy":50},{"playerId":2407150,"score":1300,"energy":30},{"playerId":239305,"score":1284,"energy":23},{"playerId":2231262,"score":34,"energy":23}],"golds":[{"posx":16,"posy":0,"amount":400},{"posx":19,"posy":0,"amount":50},{"posx":17,"posy":1,"amount":50},{"posx":6,"posy":2,"amount":150},{"posx":19,"posy":2,"amount":50},{"posx":15,"posy":4,"amount":500},{"posx":1,"posy":6,"amount":300},{"posx":15,"posy":6,"amount":300},{"posx":1,"posy":7,"amount":250},{"posx":18,"posy":7,"amount":350},{"posx":1,"posy":8,"amount":100}],"changedObstacles":[]},{"players":[{"playerId":3099802,"score":1334,"energy":45},{"playerId":2407150,"score":1350,"energy":25},{"playerId":239305,"score":1334,"energy":18},{"playerId":2231262,"score":34,"energy":22}],"golds":[{"posx":16,"posy":0,"amount":400},{"posx":19,"posy":0,"amount":50},{"posx":17,"posy":1,"amount":50},{"posx":6,"posy":2,"amount":150},{"posx":19,"posy":2,"amount":50},{"posx":15,"posy":4,"amount":450},{"posx":1,"posy":6,"amount":200},{"posx":15,"posy":6,"amount":300},{"posx":1,"posy":7,"amount":250},{"posx":18,"posy":7,"amount":350},{"posx":1,"posy":8,"amount":100}],"changedObstacles":[]},{"players":[{"playerId":3099802,"score":1384,"energy":40},{"playerId":2407150,"score":1400,"energy":20},{"playerId":239305,"score":1384,"energy":13},{"playerId":2231262,"score":34,"energy":21}],"golds":[{"posx":16,"posy":0,"amount":400},{"posx":19,"posy":0,"amount":50},{"posx":17,"posy":1,"amount":50},{"posx":6,"posy":2,"amount":150},{"posx":19,"posy":2,"amount":50},{"posx":15,"posy":4,"amount":400},{"posx":1,"posy":6,"amount":100},{"posx":15,"posy":6,"amount":300},{"posx":1,"posy":7,"amount":250},{"posx":18,"posy":7,"amount":350},{"posx":1,"posy":8,"amount":100}],"changedObstacles":[]},{"players":[{"playerId":3099802,"score":1434,"energy":35},{"playerId":2407150,"score":1400,"energy":16},{"playerId":239305,"score":1434,"energy":8},{"playerId":2231262,"score":34,"energy":20}],"golds":[{"posx":16,"posy":0,"amount":400},{"posx":19,"posy":0,"amount":50},{"posx":17,"posy":1,"amount":50},{"posx":6,"posy":2,"amount":150},{"posx":19,"posy":2,"amount":50},{"posx":15,"posy":4,"amount":350},{"posx":1,"posy":6,"amount":50},{"posx":15,"posy":6,"amount":300},{"posx":1,"posy":7,"amount":250},{"posx":18,"posy":7,"amount":350},{"posx":1,"posy":8,"amount":100}],"changedObstacles":[]},{"players":[{"playerId":3099802,"score":1484,"energy":30},{"playerId":2407150,"score":1450,"energy":11},{"playerId":239305,"score":1484,"energy":3},{"playerId":2231262,"score":34,"energy":19}],"golds":[{"posx":16,"posy":0,"amount":400},{"posx":19,"posy":0,"amount":50},{"posx":17,"posy":1,"amount":50},{"posx":6,"posy":2,"amount":150},{"posx":19,"posy":2,"amount":50},{"posx":15,"posy":4,"amount":300},{"posx":15,"posy":6,"amount":300},{"posx":1,"posy":7,"amount":200},{"posx":18,"posy":7,"amount":350},{"posx":1,"posy":8,"amount":100}],"changedObstacles":[{"type":0,"posx":1,"posy":6,"value":-1}]},{"players":[{"playerId":3099802,"score":1534,"energy":25},{"playerId":2407150,"score":1500,"energy":6},{"playerId":239305,"score":1484,"energy":15},{"playerId":2231262,"score":34,"energy":18}],"golds":[{"posx":16,"posy":0,"amount":400},{"posx":19,"posy":0,"amount":50},{"posx":17,"posy":1,"amount":50},{"posx":6,"posy":2,"amount":150},{"posx":19,"posy":2,"amount":50},{"posx":15,"posy":4,"amount":250},{"posx":15,"posy":6,"amount":300},{"posx":1,"posy":7,"amount":150},{"posx":18,"posy":7,"amount":350},{"posx":1,"posy":8,"amount":100}],"changedObstacles":[]},{"players":[{"playerId":3099802,"score":1584,"energy":20},{"playerId":2407150,"score":1550,"energy":1},{"playerId":239305,"score":1484,"energy":31},{"playerId":2231262,"score":34,"energy":17}],"golds":[{"posx":16,"posy":0,"amount":400},{"posx":19,"posy":0,"amount":50},{"posx":17,"posy":1,"amount":50},{"posx":6,"posy":2,"amount":150},{"posx":19,"posy":2,"amount":50},{"posx":15,"posy":4,"amount":200},{"posx":15,"posy":6,"amount":300},{"posx":1,"posy":7,"amount":100},{"posx":18,"posy":7,"amount":350},{"posx":1,"posy":8,"amount":100}],"changedObstacles":[]},{"players":[{"playerId":3099802,"score":1634,"energy":15},{"playerId":2407150,"score":1550,"energy":13},{"playerId":239305,"score":1484,"energy":50},{"playerId":2231262,"score":34,"energy":16}],"golds":[{"posx":16,"posy":0,"amount":400},{"posx":19,"posy":0,"amount":50},{"posx":17,"posy":1,"amount":50},{"posx":6,"posy":2,"amount":150},{"posx":19,"posy":2,"amount":50},{"posx":15,"posy":4,"amount":150},{"posx":15,"posy":6,"amount":300},{"posx":1,"posy":7,"amount":100},{"posx":18,"posy":7,"amount":350},{"posx":1,"posy":8,"amount":100}],"changedObstacles":[]},{"players":[{"playerId":3099802,"score":1684,"energy":10},{"playerId":2407150,"score":1550,"energy":29},{"playerId":239305,"score":1484,"energy":46},{"playerId":2231262,"score":34,"energy":28}],"golds":[{"posx":16,"posy":0,"amount":400},{"posx":19,"posy":0,"amount":50},{"posx":17,"posy":1,"amount":50},{"posx":6,"posy":2,"amount":150},{"posx":19,"posy":2,"amount":50},{"posx":15,"posy":4,"amount":100},{"posx":15,"posy":6,"amount":300},{"posx":1,"posy":7,"amount":100},{"posx":18,"posy":7,"amount":350},{"posx":1,"posy":8,"amount":100}],"changedObstacles":[]},{"players":[{"playerId":3099802,"score":1734,"energy":5},{"playerId":2407150,"score":1550,"energy":50},{"playerId":239305,"score":1534,"energy":41},{"playerId":2231262,"score":34,"energy":27}],"golds":[{"posx":16,"posy":0,"amount":400},{"posx":19,"posy":0,"amount":50},{"posx":17,"posy":1,"amount":50},{"posx":6,"posy":2,"amount":150},{"posx":19,"posy":2,"amount":50},{"posx":15,"posy":4,"amount":50},{"posx":15,"posy":6,"amount":300},{"posx":1,"posy":7,"amount":50},{"posx":18,"posy":7,"amount":350},{"posx":1,"posy":8,"amount":100}],"changedObstacles":[]},{"players":[{"playerId":3099802,"score":1734,"energy":17},{"playerId":2407150,"score":1550,"energy":46},{"playerId":239305,"score":1584,"energy":36},{"playerId":2231262,"score":34,"energy":26}],"golds":[{"posx":16,"posy":0,"amount":400},{"posx":19,"posy":0,"amount":50},{"posx":17,"posy":1,"amount":50},{"posx":6,"posy":2,"amount":150},{"posx":19,"posy":2,"amount":50},{"posx":15,"posy":4,"amount":50},{"posx":15,"posy":6,"amount":300},{"posx":18,"posy":7,"amount":350},{"posx":1,"posy":8,"amount":100}],"changedObstacles":[{"type":0,"posx":1,"posy":7,"value":-1}]},{"players":[{"playerId":3099802,"score":1784,"energy":12},{"playerId":2407150,"score":1600,"energy":41},{"playerId":239305,"score":1584,"energy":32},{"playerId":2231262,"score":34,"energy":25}],"golds":[{"posx":16,"posy":0,"amount":400},{"posx":19,"posy":0,"amount":50},{"posx":17,"posy":1,"amount":50},{"posx":6,"posy":2,"amount":150},{"posx":19,"posy":2,"amount":50},{"posx":15,"posy":6,"amount":300},{"posx":18,"posy":7,"amount":350},{"posx":1,"posy":8,"amount":50}],"changedObstacles":[{"type":0,"posx":15,"posy":4,"value":-1}]},{"players":[{"playerId":3099802,"score":1784,"energy":11},{"playerId":2407150,"score":1625,"energy":36},{"playerId":239305,"score":1609,"energy":27},{"playerId":2231262,"score":34,"energy":24}],"golds":[{"posx":16,"posy":0,"amount":400},{"posx":19,"posy":0,"amount":50},{"posx":17,"posy":1,"amount":50},{"posx":6,"posy":2,"amount":150},{"posx":19,"posy":2,"amount":50},{"posx":15,"posy":6,"amount":300},{"posx":18,"posy":7,"amount":350}],"changedObstacles":[{"type":0,"posx":1,"posy":8,"value":-1}]},{"players":[{"playerId":3099802,"score":1784,"energy":10},{"playerId":2407150,"score":1625,"energy":35},{"playerId":239305,"score":1609,"energy":26},{"playerId":2231262,"score":34,"energy":23}],"golds":[{"posx":16,"posy":0,"amount":400},{"posx":19,"posy":0,"amount":50},{"posx":17,"posy":1,"amount":50},{"posx":6,"posy":2,"amount":150},{"posx":19,"posy":2,"amount":50},{"posx":15,"posy":6,"amount":300},{"posx":18,"posy":7,"amount":350}],"changedObstacles":[]},{"players":[{"playerId":3099802,"score":1784,"energy":9},{"playerId":2407150,"score":1625,"energy":34},{"playerId":239305,"score":1609,"energy":25},{"playerId":2231262,"score":34,"energy":22}],"golds":[{"posx":16,"posy":0,"amount":400},{"posx":19,"posy":0,"amount":50},{"posx":17,"posy":1,"amount":50},{"posx":6,"posy":2,"amount":150},{"posx":19,"posy":2,"amount":50},{"posx":15,"posy":6,"amount":300},{"posx":18,"posy":7,"amount":350}],"changedObstacles":[]},{"players":[{"playerId":3099802,"score":1784,"energy":8},{"playerId":2407150,"score":1625,"energy":33},{"playerId":239305,"score":1609,"energy":24},{"playerId":2231262,"score":34,"energy":21}],"golds":[{"posx":16,"posy":0,"amount":400},{"posx":19,"posy":0,"amount":50},{"posx":17,"posy":1,"amount":50},{"posx":6,"posy":2,"amount":150},{"posx":19,"posy":2,"amount":50},{"posx":15,"posy":6,"amount":300},{"posx":18,"posy":7,"amount":350}],"changedObstacles":[]},{"players":[{"playerId":3099802,"score":1784,"energy":4},{"playerId":2407150,"score":1625,"energy":32},{"playerId":239305,"score":1609,"energy":23},{"playerId":2231262,"score":34,"energy":20}],"golds":[{"posx":16,"posy":0,"amount":400},{"posx":19,"posy":0,"amount":50},{"posx":17,"posy":1,"amount":50},{"posx":6,"posy":2,"amount":150},{"posx":19,"posy":2,"amount":50},{"posx":15,"posy":6,"amount":300},{"posx":18,"posy":7,"amount":350}],"changedObstacles":[]},{"players":[{"playerId":3099802,"score":1784,"energy":16},{"playerId":2407150,"score":1625,"energy":31},{"playerId":239305,"score":1609,"energy":22},{"playerId":2231262,"score":34,"energy":19}],"golds":[{"posx":16,"posy":0,"amount":400},{"posx":19,"posy":0,"amount":50},{"posx":17,"posy":1,"amount":50},{"posx":6,"posy":2,"amount":150},{"posx":19,"posy":2,"amount":50},{"posx":15,"posy":6,"amount":300},{"posx":18,"posy":7,"amount":350}],"changedObstacles":[]},{"players":[{"playerId":3099802,"score":1784,"energy":32},{"playerId":2407150,"score":1625,"energy":30},{"playerId":239305,"score":1609,"energy":21},{"playerId":2231262,"score":34,"energy":18}],"golds":[{"posx":16,"posy":0,"amount":400},{"posx":19,"posy":0,"amount":50},{"posx":17,"posy":1,"amount":50},{"posx":6,"posy":2,"amount":150},{"posx":19,"posy":2,"amount":50},{"posx":15,"posy":6,"amount":300},{"posx":18,"posy":7,"amount":350}],"changedObstacles":[]},{"players":[{"playerId":3099802,"score":1784,"energy":50},{"playerId":2407150,"score":1625,"energy":29},{"playerId":239305,"score":1609,"energy":20},{"playerId":2231262,"score":34,"energy":17}],"golds":[{"posx":16,"posy":0,"amount":400},{"posx":19,"posy":0,"amount":50},{"posx":17,"posy":1,"amount":50},{"posx":6,"posy":2,"amount":150},{"posx":19,"posy":2,"amount":50},{"posx":15,"posy":6,"amount":300},{"posx":18,"posy":7,"amount":350}],"changedObstacles":[]},{"players":[{"playerId":3099802,"score":1834,"energy":45},{"playerId":2407150,"score":1625,"energy":28},{"playerId":239305,"score":1609,"energy":19},{"playerId":2231262,"score":34,"energy":16}],"golds":[{"posx":16,"posy":0,"amount":350},{"posx":19,"posy":0,"amount":50},{"posx":17,"posy":1,"amount":50},{"posx":6,"posy":2,"amount":150},{"posx":19,"posy":2,"amount":50},{"posx":15,"posy":6,"amount":300},{"posx":18,"posy":7,"amount":350}],"changedObstacles":[]},{"players":[{"playerId":3099802,"score":1884,"energy":40},{"playerId":2407150,"score":1625,"energy":27},{"playerId":239305,"score":1609,"energy":18},{"playerId":2231262,"score":34,"energy":28}],"golds":[{"posx":16,"posy":0,"amount":300},{"posx":19,"posy":0,"amount":50},{"posx":17,"posy":1,"amount":50},{"posx":6,"posy":2,"amount":150},{"posx":19,"posy":2,"amount":50},{"posx":15,"posy":6,"amount":300},{"posx":18,"posy":7,"amount":350}],"changedObstacles":[]},{"players":[{"playerId":3099802,"score":1934,"energy":35},{"playerId":2407150,"score":1625,"energy":26},{"playerId":239305,"score":1609,"energy":17},{"playerId":2231262,"score":34,"energy":27}],"golds":[{"posx":16,"posy":0,"amount":250},{"posx":19,"posy":0,"amount":50},{"posx":17,"posy":1,"amount":50},{"posx":6,"posy":2,"amount":150},{"posx":19,"posy":2,"amount":50},{"posx":15,"posy":6,"amount":300},{"posx":18,"posy":7,"amount":350}],"changedObstacles":[]},{"players":[{"playerId":3099802,"score":1984,"energy":30},{"playerId":2407150,"score":1625,"energy":25},{"playerId":239305,"score":1609,"energy":13},{"playerId":2231262,"score":34,"energy":26}],"golds":[{"posx":16,"posy":0,"amount":200},{"posx":19,"posy":0,"amount":50},{"posx":17,"posy":1,"amount":50},{"posx":6,"posy":2,"amount":150},{"posx":19,"posy":2,"amount":50},{"posx":15,"posy":6,"amount":300},{"posx":18,"posy":7,"amount":350}],"changedObstacles":[]},{"players":[{"playerId":3099802,"score":2034,"energy":25},{"playerId":2407150,"score":1625,"energy":16},{"playerId":239305,"score":1659,"energy":8},{"playerId":2231262,"score":34,"energy":25}],"golds":[{"posx":16,"posy":0,"amount":150},{"posx":19,"posy":0,"amount":50},{"posx":17,"posy":1,"amount":50},{"posx":6,"posy":2,"amount":100},{"posx":19,"posy":2,"amount":50},{"posx":15,"posy":6,"amount":300},{"posx":18,"posy":7,"amount":350}],"changedObstacles":[]},{"players":[{"playerId":3099802,"score":2084,"energy":20},{"playerId":2407150,"score":1625,"energy":15},{"playerId":239305,"score":1709,"energy":3},{"playerId":2231262,"score":34,"energy":24}],"golds":[{"posx":16,"posy":0,"amount":100},{"posx":19,"posy":0,"amount":50},{"posx":17,"posy":1,"amount":50},{"posx":6,"posy":2,"amount":50},{"posx":19,"posy":2,"amount":50},{"posx":15,"posy":6,"amount":300},{"posx":18,"posy":7,"amount":350}],"changedObstacles":[]},{"players":[{"playerId":3099802,"score":2134,"energy":15},{"playerId":2407150,"score":1625,"energy":14},{"playerId":239305,"score":1709,"energy":15},{"playerId":2231262,"score":34,"energy":23}],"golds":[{"posx":16,"posy":0,"amount":50},{"posx":19,"posy":0,"amount":50},{"posx":17,"posy":1,"amount":50},{"posx":6,"posy":2,"amount":50},{"posx":19,"posy":2,"amount":50},{"posx":15,"posy":6,"amount":300},{"posx":18,"posy":7,"amount":350}],"changedObstacles":[]},{"players":[{"playerId":3099802,"score":2184,"energy":10},{"playerId":2407150,"score":1625,"energy":13},{"playerId":239305,"score":1759,"energy":10},{"playerId":2231262,"score":34,"energy":22}],"golds":[{"posx":19,"posy":0,"amount":50},{"posx":17,"posy":1,"amount":50},{"posx":19,"posy":2,"amount":50},{"posx":15,"posy":6,"amount":300},{"posx":18,"posy":7,"amount":350}],"changedObstacles":[{"type":0,"posx":16,"posy":0,"value":-1},{"type":0,"posx":6,"posy":2,"value":-1}]},{"players":[{"playerId":3099802,"score":2184,"energy":9},{"playerId":2407150,"score":1625,"energy":12},{"playerId":239305,"score":1759,"energy":22},{"playerId":2231262,"score":34,"energy":21}],"golds":[{"posx":19,"posy":0,"amount":50},{"posx":17,"posy":1,"amount":50},{"posx":19,"posy":2,"amount":50},{"posx":15,"posy":6,"amount":300},{"posx":18,"posy":7,"amount":350}],"changedObstacles":[]},{"players":[{"playerId":3099802,"score":2184,"energy":5},{"playerId":2407150,"score":1625,"energy":11},{"playerId":239305,"score":1759,"energy":38},{"playerId":2231262,"score":34,"energy":20}],"golds":[{"posx":19,"posy":0,"amount":50},{"posx":17,"posy":1,"amount":50},{"posx":19,"posy":2,"amount":50},{"posx":15,"posy":6,"amount":300},{"posx":18,"posy":7,"amount":350}],"changedObstacles":[]},{"players":[{"playerId":3099802,"score":2184,"energy":17},{"playerId":2407150,"score":1625,"energy":7},{"playerId":239305,"score":1759,"energy":37},{"playerId":2231262,"score":34,"energy":19}],"golds":[{"posx":19,"posy":0,"amount":50},{"posx":17,"posy":1,"amount":50},{"posx":19,"posy":2,"amount":50},{"posx":15,"posy":6,"amount":300},{"posx":18,"posy":7,"amount":350}],"changedObstacles":[]},{"players":[{"playerId":3099802,"score":2234,"energy":12},{"playerId":2407150,"score":1675,"energy":2},{"playerId":239305,"score":1759,"energy":36},{"playerId":2231262,"score":34,"energy":18}],"golds":[{"posx":19,"posy":0,"amount":50},{"posx":19,"posy":2,"amount":50},{"posx":15,"posy":6,"amount":300},{"posx":18,"posy":7,"amount":300}],"changedObstacles":[{"type":0,"posx":17,"posy":1,"value":-1}]},{"players":[{"playerId":3099802,"score":2234,"energy":11},{"playerId":2407150,"score":1675,"energy":14},{"playerId":239305,"score":1759,"energy":35},{"playerId":2231262,"score":34,"energy":17}],"golds":[{"posx":19,"posy":0,"amount":50},{"posx":19,"posy":2,"amount":50},{"posx":15,"posy":6,"amount":300},{"posx":18,"posy":7,"amount":300}],"changedObstacles":[]},{"players":[{"playerId":3099802,"score":2234,"energy":10},{"playerId":2407150,"score":1675,"energy":30},{"playerId":239305,"score":1759,"energy":34},{"playerId":2231262,"score":34,"energy":16}],"golds":[{"posx":19,"posy":0,"amount":50},{"posx":19,"posy":2,"amount":50},{"posx":15,"posy":6,"amount":300},{"posx":18,"posy":7,"amount":300}],"changedObstacles":[]},{"players":[{"playerId":3099802,"score":2234,"energy":9},{"playerId":2407150,"score":1675,"energy":50},{"playerId":239305,"score":1759,"energy":33},{"playerId":2231262,"score":34,"energy":28}],"golds":[{"posx":19,"posy":0,"amount":50},{"posx":19,"posy":2,"amount":50},{"posx":15,"posy":6,"amount":300},{"posx":18,"posy":7,"amount":300}],"changedObstacles":[]},{"players":[{"playerId":3099802,"score":2234,"energy":8},{"playerId":2407150,"score":1725,"energy":45},{"playerId":239305,"score":1759,"energy":32},{"playerId":2231262,"score":34,"energy":27}],"golds":[{"posx":19,"posy":0,"amount":50},{"posx":19,"posy":2,"amount":50},{"posx":15,"posy":6,"amount":300},{"posx":18,"posy":7,"amount":250}],"changedObstacles":[]},{"players":[{"playerId":3099802,"score":2234,"energy":7},{"playerId":2407150,"score":1775,"energy":40},{"playerId":239305,"score":1759,"energy":31},{"playerId":2231262,"score":34,"energy":26}],"golds":[{"posx":19,"posy":0,"amount":50},{"posx":19,"posy":2,"amount":50},{"posx":15,"posy":6,"amount":300},{"posx":18,"posy":7,"amount":200}],"changedObstacles":[]},{"players":[{"playerId":3099802,"score":2234,"energy":6},{"playerId":2407150,"score":1825,"energy":35},{"playerId":239305,"score":1759,"energy":30},{"playerId":2231262,"score":34,"energy":25}],"golds":[{"posx":19,"posy":0,"amount":50},{"posx":19,"posy":2,"amount":50},{"posx":15,"posy":6,"amount":300},{"posx":18,"posy":7,"amount":150}],"changedObstacles":[]},{"players":[{"playerId":3099802,"score":2234,"energy":2},{"playerId":2407150,"score":1875,"energy":30},{"playerId":239305,"score":1759,"energy":29},{"playerId":2231262,"score":34,"energy":24}],"golds":[{"posx":19,"posy":0,"amount":50},{"posx":19,"posy":2,"amount":50},{"posx":15,"posy":6,"amount":300},{"posx":18,"posy":7,"amount":100}],"changedObstacles":[]},{"players":[{"playerId":3099802,"score":2234,"energy":14},{"playerId":2407150,"score":1925,"energy":25},{"playerId":239305,"score":1759,"energy":28},{"playerId":2231262,"score":34,"energy":23}],"golds":[{"posx":19,"posy":0,"amount":50},{"posx":19,"posy":2,"amount":50},{"posx":15,"posy":6,"amount":300},{"posx":18,"posy":7,"amount":50}],"changedObstacles":[]},{"players":[{"playerId":3099802,"score":2234,"energy":30},{"playerId":2407150,"score":1975,"energy":20},{"playerId":239305,"score":1759,"energy":27},{"playerId":2231262,"score":34,"energy":22}],"golds":[{"posx":19,"posy":0,"amount":50},{"posx":19,"posy":2,"amount":50},{"posx":15,"posy":6,"amount":300}],"changedObstacles":[{"type":0,"posx":18,"posy":7,"value":-1}]},{"players":[{"playerId":3099802,"score":2234,"energy":50},{"playerId":2407150,"score":1975,"energy":19},{"playerId":239305,"score":1759,"energy":26},{"playerId":2231262,"score":34,"energy":21}],"golds":[{"posx":19,"posy":0,"amount":50},{"posx":19,"posy":2,"amount":50},{"posx":15,"posy":6,"amount":300}],"changedObstacles":[]},{"players":[{"playerId":3099802,"score":2284,"energy":45},{"playerId":2407150,"score":1975,"energy":18},{"playerId":239305,"score":1759,"energy":22},{"playerId":2231262,"score":34,"energy":20}],"golds":[{"posx":19,"posy":0,"amount":50},{"posx":19,"posy":2,"amount":50},{"posx":15,"posy":6,"amount":250}],"changedObstacles":[]},{"players":[{"playerId":3099802,"score":2334,"energy":40},{"playerId":2407150,"score":1975,"energy":17},{"playerId":239305,"score":1809,"energy":17},{"playerId":2231262,"score":34,"energy":19}],"golds":[{"posx":19,"posy":0,"amount":50},{"posx":19,"posy":2,"amount":50},{"posx":15,"posy":6,"amount":150}],"changedObstacles":[]},{"players":[{"playerId":3099802,"score":2384,"energy":35},{"playerId":2407150,"score":1975,"energy":16},{"playerId":239305,"score":1859,"energy":12},{"playerId":2231262,"score":34,"energy":18}],"golds":[{"posx":19,"posy":0,"amount":50},{"posx":19,"posy":2,"amount":50},{"posx":15,"posy":6,"amount":50}],"changedObstacles":[]},{"players":[{"playerId":3099802,"score":2409,"energy":30},{"playerId":2407150,"score":1975,"energy":15},{"playerId":239305,"score":1884,"energy":7},{"playerId":2231262,"score":34,"energy":17}],"golds":[{"posx":19,"posy":0,"amount":50},{"posx":19,"posy":2,"amount":50}],"changedObstacles":[{"type":0,"posx":15,"posy":6,"value":-1}]},{"players":[{"playerId":3099802,"score":2409,"energy":42},{"playerId":2407150,"score":1975,"energy":11},{"playerId":239305,"score":1884,"energy":19},{"playerId":2231262,"score":34,"energy":16}],"golds":[{"posx":19,"posy":0,"amount":50},{"posx":19,"posy":2,"amount":50}],"changedObstacles":[]},{"players":[{"playerId":3099802,"score":2409,"energy":50},{"playerId":2407150,"score":2025,"energy":6},{"playerId":239305,"score":1884,"energy":35},{"playerId":2231262,"score":34,"energy":28}],"golds":[{"posx":19,"posy":0,"amount":50}],"changedObstacles":[{"type":0,"posx":19,"posy":2,"value":-1}]},{"players":[{"playerId":3099802,"score":2409,"energy":50},{"playerId":2407150,"score":2025,"energy":5},{"playerId":239305,"score":1884,"energy":50},{"playerId":2231262,"score":34,"energy":27}],"golds":[{"posx":19,"posy":0,"amount":50}],"changedObstacles":[]},{"players":[{"playerId":3099802,"score":2409,"energy":50},{"playerId":2407150,"score":2025,"energy":1},{"playerId":239305,"score":1884,"energy":50},{"playerId":2231262,"score":34,"energy":26}],"golds":[{"posx":19,"posy":0,"amount":50}],"changedObstacles":[]},{"players":[{"playerId":3099802,"score":2409,"energy":50},{"playerId":2407150,"score":2025,"energy":13},{"playerId":239305,"score":1884,"energy":50},{"playerId":2231262,"score":34,"energy":25}],"golds":[{"posx":19,"posy":0,"amount":50}],"changedObstacles":[]}]