[{"players":[{"playerId":2349571,"score":0,"energy":49,"posx":8,"posy":1,"lastAction":2,"status":0},{"playerId":2613909,"score":0,"energy":46,"posx":8,"posy":3,"lastAction":3,"status":0},{"playerId":2268490,"score":0,"energy":46,"posx":8,"posy":3,"lastAction":3,"status":0},{"playerId":2241999,"score":0,"energy":46,"posx":8,"posy":3,"lastAction":3,"status":0}],"golds":[{"posx":1,"posy":8,"amount":100},{"posx":9,"posy":4,"amount":150},{"posx":15,"posy":6,"amount":300},{"posx":19,"posy":2,"amount":50},{"posx":17,"posy":1,"amount":50},{"posx":6,"posy":7,"amount":600},{"posx":1,"posy":6,"amount":600},{"posx":6,"posy":2,"amount":150},{"posx":8,"posy":3,"amount":100},{"posx":14,"posy":5,"amount":550},{"posx":5,"posy":6,"amount":450},{"posx":15,"posy":4,"amount":500},{"posx":18,"posy":7,"amount":350},{"posx":6,"posy":4,"amount":450},{"posx":3,"posy":8,"amount":250},{"posx":16,"posy":0,"amount":400},{"posx":1,"posy":7,"amount":250},{"posx":5,"posy":7,"amount":500},{"posx":13,"posy":6,"amount":550},{"posx":19,"posy":0,"amount":50}],"changedObstacles":[]},{"players":[{"playerId":2349571,"score":0,"energy":48,"posx":8,"posy":0,"lastAction":2,"status":0},{"playerId":2613909,"score":34,"energy":41,"posx":8,"posy":3,"lastAction":5,"status":0},{"playerId":2268490,"score":34,"energy":41,"posx":8,"posy":3,"lastAction":5,"status":0},{"playerId":2241999,"score":34,"energy":41,"posx":8,"posy":3,"lastAction":5,"status":0}],"golds":[{"posx":16,"posy":0,"amount":400},{"posx":19,"posy":0,"amount":50},{"posx":17,"posy":1,"amount":50},{"posx":6,"posy":2,"amount":150},{"posx":19,"posy":2,"amount":50},{"posx":6,"posy":4,"amount":450},{"posx":9,"posy":4,"amount":150},{"posx":15,"posy":4,"amount":500},{"posx":14,"posy":5,"amount":550},{"posx":1,"posy":6,"amount":600},{"posx":5,"posy":6,"amount":450},{"posx":13,"posy":6,"amount":550},{"posx":15,"posy":6,"amount":300},{"posx":1,"posy":7,"amount":250},{"posx":5,"posy":7,"amount":500},{"posx":6,"posy":7,"amount":600},{"posx":18,"posy":7,"amount":350},{"posx":1,"posy":8,"amount":100},{"posx":3,"posy":8,"amount":250}],"changedObstacles":[{"type":0,"posx":8,"posy":3,"value":-1}]},{"players":[{"playerId":2349571,"score":0,"energy":37,"posx":9,"posy":0,"lastAction":1,"status":0},{"playerId":2613909,"score":34,"energy":40,"posx":8,"posy":4,"lastAction":3,"status":0},{"playerId":2268490,"score":34,"energy":40,"posx":7,"posy":3,"lastAction":0,"status":0},{"playerId":2241999,"score":34,"energy":40,"posx":8,"posy":4,"lastAction":3,"status":0}],"golds":[{"posx":16,"posy":0,"amount":400},{"posx":19,"posy":0,"amount":50},{"posx":17,"posy":1,"amount":50},{"posx":6,"posy":2,"amount":150},{"posx":19,"posy":2,"amount":50},{"posx":6,"posy":4,"amount":450},{"posx":9,"posy":4,"amount":150},{"posx":15,"posy":4,"amount":500},{"posx":14,"posy":5,"amount":550},{"posx":1,"posy":6,"amount":600},{"posx":5,"posy":6,"amount":450},{"posx":13,"posy":6,"amount":550},{"posx":15,"posy":6,"amount":300},{"posx":1,"posy":7,"amount":250},{"posx":5,"posy":7,"amount":500},{"posx":6,"posy":7,"amount":600},{"posx":18,"posy":7,"amount":350},{"posx":1,"posy":8,"amount":100},{"posx":3,"posy":8,"amount":250}],"changedObstacles":[]},{"players":[{"playerId":2349571,"score":0,"energy":36,"posx":10,"posy":0,"lastAction":1,"status":0},{"playerId":2613909,"score":34,"energy":36,"posx":9,"posy":4,"lastAction":1,"status":0},{"playerId":2268490,"score":34,"energy":39,"posx":7,"posy":4,"lastAction":3,"status":0},{"playerId":2241999,"score":34,"energy":39,"posx":8,"posy":5,"lastAction":3,"status":0}],"golds":[{"posx":16,"posy":0,"amount":400},{"posx":19,"posy":0,"amount":50},{"posx":17,"posy":1,"amount":50},{"posx":6,"posy":2,"amount":150},{"posx":19,"posy":2,"amount":50},{"posx":6,"posy":4,"amount":450},{"posx":9,"posy":4,"amount":150},{"posx":15,"posy":4,"amount":500},{"posx":14,"posy":5,"amount":550},{"posx":1,"posy":6,"amount":600},{"posx":5,"posy":6,"amount":450},{"posx":13,"posy":6,"amount":550},{"posx":15,"posy":6,"amount":300},{"posx":1,"posy":7,"amount":250},{"posx":5,"posy":7,"amount":500},{"posx":6,"posy":7,"amount":600},{"posx":18,"posy":7,"amount":350},{"posx":1,"posy":8,"amount":100},{"posx":3,"posy":8,"amount":250}],"changedObstacles":[]},{"players":[{"playerId":2349571,"score":0,"energy":31,"posx":11,"posy":0,"lastAction":1,"status":0},{"playerId":2613909,"score":84,"energy":31,"posx":9,"posy":4,"lastAction":5,"status":0},{"playerId":2268490,"score":34,"energy":35,"posx":6,"posy":4,"lastAction":0,"status":0},{"playerId":2241999,"score":34,"energy":38,"posx":7,"posy":5,"lastAction":0,"status":0}],"golds":[{"posx":16,"posy":0,"amount":400},{"posx":19,"posy":0,"amount":50},{"posx":17,"posy":1,"amount":50},{"posx":6,"posy":2,"amount":150},{"posx":19,"posy":2,"amount":50},{"posx":6,"posy":4,"amount":450},{"posx":9,"posy":4,"amount":100},{"posx":15,"posy":4,"amount":500},{"posx":14,"posy":5,"amount":550},{"posx":1,"posy":6,"amount":600},{"posx":5,"posy":6,"amount":450},{"posx":13,"posy":6,"amount":550},{"posx":15,"posy":6,"amount":300},{"posx":1,"posy":7,"amount":250},{"posx":5,"posy":7,"amount":500},{"posx":6,"posy":7,"amount":600},{"posx":18,"posy":7,"amount":350},{"posx":1,"posy":8,"amount":100},{"posx":3,"posy":8,"amount":250}],"changedObstacles":[{"type":3,"posx":11,"posy":0,"value":-20}]},{"players":[{"playerId":2349571,"score":0,"energy":30,"posx":12,"posy":0,"lastAction":1,"status":0},{"playerId":2613909,"score":134,"energy":26,"posx":9,"posy":4,"lastAction":5,"status":0},{"playerId":2268490,"score":84,"energy":30,"posx":6,"posy":4,"lastAction":5,"status":0},{"playerId":2241999,"score":34,"energy":37,"posx":6,"posy":5,"lastAction":0,"status":0}],"golds":[{"posx":16,"posy":0,"amount":400},{"posx":19,"posy":0,"amount":50},{"posx":17,"posy":1,"amount":50},{"posx":6,"posy":2,"amount":150},{"posx":19,"posy":2,"amount":50},{"posx":6,"posy":4,"amount":400},{"posx":9,"posy":4,"amount":50},{"posx":15,"posy":4,"amount":500},{"posx":14,"posy":5,"amount":550},{"posx":1,"posy":6,"amount":600},{"posx":5,"posy":6,"amount":450},{"posx":13,"posy":6,"amount":550},{"posx":15,"posy":6,"amount":300},{"posx":1,"posy":7,"amount":250},{"posx":5,"posy":7,"amount":500},{"posx":6,"posy":7,"amount":600},{"posx":18,"posy":7,"amount":350},{"posx":1,"posy":8,"amount":100},{"posx":3,"posy":8,"amount":250}],"changedObstacles":[]},{"players":[{"playerId":2349571,"score":0,"energy":29,"posx":13,"posy":0,"lastAction":1,"status":0},{"playerId":2613909,"score":184,"energy":21,"posx":9,"posy":4,"lastAction":5,"status":0},{"playerId":2268490,"score":134,"energy":25,"posx":6,"posy":4,"lastAction":5,"status":0},{"playerId":2241999,"score":34,"energy":36,"posx":6,"posy":6,"lastAction":3,"status":0}],"golds":[{"posx":16,"posy":0,"amount":400},{"posx":19,"posy":0,"amount":50},{"posx":17,"posy":1,"amount":50},{"posx":6,"posy":2,"amount":150},{"posx":19,"posy":2,"amount":50},{"posx":6,"posy":4,"amount":350},{"posx":15,"posy":4,"amount":500},{"posx":14,"posy":5,"amount":550},{"posx":1,"posy":6,"amount":600},{"posx":5,"posy":6,"amount":450},{"posx":13,"posy":6,"amount":550},{"posx":15,"posy":6,"amount":300},{"posx":1,"posy":7,"amount":250},{"posx":5,"posy":7,"amount":500},{"posx":6,"posy":7,"amount":600},{"posx":18,"posy":7,"amount":350},{"posx":1,"posy":8,"amount":100},{"posx":3,"posy":8,"amount":250}],"changedObstacles":[{"type":0,"posx":9,"posy":4,"value":-1}]},{"players":[{"playerId":2349571,"score":0,"energy":28,"posx":14,"posy":0,"lastAction":1,"status":0},{"playerId":2613909,"score":184,"energy":33,"posx":9,"posy":4,"lastAction":4,"status":0},{"playerId":2268490,"score":184,"energy":20,"posx":6,"posy":4,"lastAction":5,"status":0},{"playerId":2241999,"score":34,"energy":32,"posx":5,"posy":6,"lastAction":0,"status":0}],"golds":[{"posx":16,"posy":0,"amount":400},{"posx":19,"posy":0,"amount":50},{"posx":17,"posy":1,"amount":50},{"posx":6,"posy":2,"amount":150},{"posx":19,"posy":2,"amount":50},{"posx":6,"posy":4,"amount":300},{"posx":15,"posy":4,"amount":500},{"posx":14,"posy":5,"amount":550},{"posx":1,"posy":6,"amount":600},{"posx":5,"posy":6,"amount":450},{"posx":13,"posy":6,"amount":550},{"posx":15,"posy":6,"amount":300},{"posx":1,"posy":7,"amount":250},{"posx":5,"posy":7,"amount":500},{"posx":6,"posy":7,"amount":600},{"posx":18,"posy":7,"amount":350},{"posx":1,"posy":8,"amount":100},{"posx":3,"posy":8,"amount":250}],"changedObstacles":[]},{"players":[{"playerId":2349571,"score":0,"energy":27,"posx":15,"posy":0,"lastAction":1,"status":0},{"playerId":2613909,"score":184,"energy":32,"posx":9,"posy":5,"lastAction":3,"status":0},{"playerId":2268490,"score":234,"energy":15,"posx":6,"posy":4,"lastAction":5,"status":0},{"playerId":2241999,"score":84,"energy":27,"posx":5,"posy":6,"lastAction":5,"status":0}],"golds":[{"posx":16,"posy":0,"amount":400},{"posx":19,"posy":0,"amount":50},{"posx":17,"posy":1,"amount":50},{"posx":6,"posy":2,"amount":150},{"posx":19,"posy":2,"amount":50},{"posx":6,"posy":4,"amount":250},{"posx":15,"posy":4,"amount":500},{"posx":14,"posy":5,"amount":550},{"posx":1,"posy":6,"amount":600},{"posx":5,"posy":6,"amount":400},{"posx":13,"posy":6,"amount":550},{"posx":15,"posy":6,"amount":300},{"posx":1,"posy":7,"amount":250},{"posx":5,"posy":7,"amount":500},{"posx":6,"posy":7,"amount":600},{"posx":18,"posy":7,"amount":350},{"posx":1,"posy":8,"amount":100},{"posx":3,"posy":8,"amount":250}],"changedObstacles":[]},{"players":[{"playerId":2349571,"score":0,"energy":23,"posx":16,"posy":0,"lastAction":1,"status":0},{"playerId":2613909,"score":184,"energy":31,"posx":9,"posy":6,"lastAction":3,"status":0},{"playerId":2268490,"score":284,"energy":10,"posx":6,"posy":4,"lastAction":5,"status":0},{"playerId":2241999,"score":134,"energy":22,"posx":5,"posy":6,"lastAction":5,"status":0}],"golds":[{"posx":16,"posy":0,"amount":400},{"posx":19,"posy":0,"amount":50},{"posx":17,"posy":1,"amount":50},{"posx":6,"posy":2,"amount":150},{"posx":19,"posy":2,"amount":50},{"posx":6,"posy":4,"amount":200},{"posx":15,"posy":4,"amount":500},{"posx":14,"posy":5,"amount":550},{"posx":1,"posy":6,"amount":600},{"posx":5,"posy":6,"amount":350},{"posx":13,"posy":6,"amount":550},{"posx":15,"posy":6,"amount":300},{"posx":1,"posy":7,"amount":250},{"posx":5,"posy":7,"amount":500},{"posx":6,"posy":7,"amount":600},{"posx":18,"posy":7,"amount":350},{"posx":1,"posy":8,"amount":100},{"posx":3,"posy":8,"amount":250}],"changedObstacles":[]},{"players":[{"playerId":2349571,"score":50,"energy":18,"posx":16,"posy":0,"lastAction":5,"status":0},{"playerId":2613909,"score":184,"energy":30,"posx":9,"posy":7,"lastAction":3,"status":0},{"playerId":2268490,"score":334,"energy":5,"posx":6,"posy":4,"lastAction":5,"status":0},{"playerId":2241999,"score":184,"energy":17,"posx":5,"posy":6,"lastAction":5,"status":0}],"golds":[{"posx":16,"posy":0,"amount":350},{"posx":19,"posy":0,"amount":50},{"posx":17,"posy":1,"amount":50},{"posx":6,"posy":2,"amount":150},{"posx":19,"posy":2,"amount":50},{"posx":6,"posy":4,"amount":150},{"posx":15,"posy":4,"amount":500},{"posx":14,"posy":5,"amount":550},{"posx":1,"posy":6,"amount":600},{"posx":5,"posy":6,"amount":300},{"posx":13,"posy":6,"amount":550},{"posx":15,"posy":6,"amount":300},{"posx":1,"posy":7,"amount":250},{"posx":5,"posy":7,"amount":500},{"posx":6,"posy":7,"amount":600},{"posx":18,"posy":7,"amount":350},{"posx":1,"posy":8,"amount":100},{"posx":3,"posy":8,"amount":250}],"changedObstacles":[]},{"players":[{"playerId":2349571,"score":50,"energy":30,"posx":16,"posy":0,"lastAction":4,"status":0},{"playerId":2613909,"score":184,"energy":29,"posx":8,"posy":7,"lastAction":0,"status":0},{"playerId":2268490,"score":334,"energy":17,"posx":6,"posy":4,"lastAction":4,"status":0},{"playerId":2241999,"score":234,"energy":12,"posx":5,"posy":6,"lastAction":5,"status":0}],"golds":[{"posx":16,"posy":0,"amount":350},{"posx":19,"posy":0,"amount":50},{"posx":17,"posy":1,"amount":50},{"posx":6,"posy":2,"amount":150},{"posx":19,"posy":2,"amount":50},{"posx":6,"posy":4,"amount":150},{"posx":15,"posy":4,"amount":500},{"posx":14,"posy":5,"amount":550},{"posx":1,"posy":6,"amount":600},{"posx":5,"posy":6,"amount":250},{"posx":13,"posy":6,"amount":550},{"posx":15,"posy":6,"amount":300},{"posx":1,"posy":7,"amount":250},{"posx":5,"posy":7,"amount":500},{"posx":6,"posy":7,"amount":600},{"posx":18,"posy":7,"amount":350},{"posx":1,"posy":8,"amount":100},{"posx":3,"posy":8,"amount":250}],"changedObstacles":[]},{"players":[{"playerId":2349571,"score":100,"energy":25,"posx":16,"posy":0,"lastAction":5,"status":0},{"playerId":2613909,"score":184,"energy":28,"posx":7,"posy":7,"lastAction":0,"status":0},{"playerId":2268490,"score":334,"energy":33,"posx":6,"posy":4,"lastAction":4,"status":0},{"playerId":2241999,"score":284,"energy":7,"posx":5,"posy":6,"lastAction":5,"status":0}],"golds":[{"posx":16,"posy":0,"amount":300},{"posx":19,"posy":0,"amount":50},{"posx":17,"posy":1,"amount":50},{"posx":6,"posy":2,"amount":150},{"posx":19,"posy":2,"amount":50},{"posx":6,"posy":4,"amount":150},{"posx":15,"posy":4,"amount":500},{"posx":14,"posy":5,"amount":550},{"posx":1,"posy":6,"amount":600},{"posx":5,"posy":6,"amount":200},{"posx":13,"posy":6,"amount":550},{"posx":15,"posy":6,"amount":300},{"posx":1,"posy":7,"amount":250},{"posx":5,"posy":7,"amount":500},{"posx":6,"posy":7,"amount":600},{"posx":18,"posy":7,"amount":350},{"posx":1,"posy":8,"amount":100},{"posx":3,"posy":8,"amount":250}],"changedObstacles":[]},{"players":[{"playerId":2349571,"score":150,"energy":20,"posx":16,"posy":0,"lastAction":5,"status":0},{"playerId":2613909,"score":184,"energy":24,"posx":6,"posy":7,"lastAction":0,"status":0},{"playerId":2268490,"score":384,"energy":28,"posx":6,"posy":4,"lastAction":5,"status":0},{"playerId":2241999,"score":334,"energy":2,"posx":5,"posy":6,"lastAction":5,"status":0}],"golds":[{"posx":16,"posy":0,"amount":250},{"posx":19,"posy":0,"amount":50},{"posx":17,"posy":1,"amount":50},{"posx":6,"posy":2,"amount":150},{"posx":19,"posy":2,"amount":50},{"posx":6,"posy":4,"amount":100},{"posx":15,"posy":4,"amount":500},{"posx":14,"posy":5,"amount":550},{"posx":1,"posy":6,"amount":600},{"posx":5,"posy":6,"amount":150},{"posx":13,"posy":6,"amount":550},{"posx":15,"posy":6,"amount":300},{"posx":1,"posy":7,"amount":250},{"posx":5,"posy":7,"amount":500},{"posx":6,"posy":7,"amount":600},{"posx":18,"posy":7,"amount":350},{"posx":1,"posy":8,"amount":100},{"posx":3,"posy":8,"amount":250}],"changedObstacles":[]},{"players":[{"playerId":2349571,"score":200,"energy":15,"posx":16,"posy":0,"lastAction":5,"status":0},{"playerId":2613909,"score":234,"energy":19,"posx":6,"posy":7,"lastAction":5,"status":0},{"playerId":2268490,"score":434,"energy":23,"posx":6,"posy":4,"lastAction":5,"status":0},{"playerId":2241999,"score":334,"energy":14,"posx":5,"posy":6,"lastAction":4,"status":0}],"golds":[{"posx":16,"posy":0,"amount":200},{"posx":19,"posy":0,"amount":50},{"posx":17,"posy":1,"amount":50},{"posx":6,"posy":2,"amount":150},{"posx":19,"posy":2,"amount":50},{"posx":6,"posy":4,"amount":50},{"posx":15,"posy":4,"amount":500},{"posx":14,"posy":5,"amount":550},{"posx":1,"posy":6,"amount":600},{"posx":5,"posy":6,"amount":150},{"posx":13,"posy":6,"amount":550},{"posx":15,"posy":6,"amount":300},{"posx":1,"posy":7,"amount":250},{"posx":5,"posy":7,"amount":500},{"posx":6,"posy":7,"amount":550},{"posx":18,"posy":7,"amount":350},{"posx":1,"posy":8,"amount":100},{"posx":3,"posy":8,"amount":250}],"changedObstacles":[]},{"players":[{"playerId":2349571,"score":200,"energy":27,"posx":16,"posy":0,"lastAction":4,"status":0},{"playerId":2613909,"score":284,"energy":14,"posx":6,"posy":7,"lastAction":5,"status":0},{"playerId":2268490,"score":484,"energy":18,"posx":6,"posy":4,"lastAction":5,"status":0},{"playerId":2241999,"score":384,"energy":9,"posx":5,"posy":6,"lastAction":5,"status":0}],"golds":[{"posx":16,"posy":0,"amount":200},{"posx":19,"posy":0,"amount":50},{"posx":17,"posy":1,"amount":50},{"posx":6,"posy":2,"amount":150},{"posx":19,"posy":2,"amount":50},{"posx":15,"posy":4,"amount":500},{"posx":14,"posy":5,"amount":550},{"posx":1,"posy":6,"amount":600},{"posx":5,"posy":6,"amount":100},{"posx":13,"posy":6,"amount":550},{"posx":15,"posy":6,"amount":300},{"posx":1,"posy":7,"amount":250},{"posx":5,"posy":7,"amount":500},{"posx":6,"posy":7,"amount":500},{"posx":18,"posy":7,"amount":350},{"posx":1,"posy":8,"amount":100},{"posx":3,"posy":8,"amount":250}],"changedObstacles":[{"type":0,"posx":6,"posy":4,"value":-1}]},{"players":[{"playerId":2349571,"score":250,"energy":22,"posx":16,"posy":0,"lastAction":5,"status":0},{"playerId":2613909,"score":334,"energy":9,"posx":6,"posy":7,"lastAction":5,"status":0},{"playerId":2268490,"score":484,"energy":30,"posx":6,"posy":4,"lastAction":4,"status":0},{"playerId":2241999,"score":434,"energy":4,"posx":5,"posy":6,"lastAction":5,"status":0}],"golds":[{"posx":16,"posy":0,"amount":150},{"posx":19,"posy":0,"amount":50},{"posx":17,"posy":1,"amount":50},{"posx":6,"posy":2,"amount":150},{"posx":19,"posy":2,"amount":50},{"posx":15,"posy":4,"amount":500},{"posx":14,"posy":5,"amount":550},{"posx":1,"posy":6,"amount":600},{"posx":5,"posy":6,"amount":50},{"posx":13,"posy":6,"amount":550},{"posx":15,"posy":6,"amount":300},{"posx":1,"posy":7,"amount":250},{"posx":5,"posy":7,"amount":500},{"posx":6,"posy":7,"amount":450},{"posx":18,"posy":7,"amount":350},{"posx":1,"posy":8,"amount":100},{"posx":3,"posy":8,"amount":250}],"changedObstacles":[]},{"players":[{"playerId":2349571,"score":300,"energy":17,"posx":16,"posy":0,"lastAction":5,"status":0},{"playerId":2613909,"score":334,"energy":21,"posx":6,"posy":7,"lastAction":4,"status":0},{"playerId":2268490,"score":484,"energy":29,"posx":6,"posy":5,"lastAction":3,"status":0},{"playerId":2241999,"score":434,"energy":16,"posx":5,"posy":6,"lastAction":4,"status":0}],"golds":[{"posx":16,"posy":0,"amount":100},{"posx":19,"posy":0,"amount":50},{"posx":17,"posy":1,"amount":50},{"posx":6,"posy":2,"amount":150},{"posx":19,"posy":2,"amount":50},{"posx":15,"posy":4,"amount":500},{"posx":14,"posy":5,"amount":550},{"posx":1,"posy":6,"amount":600},{"posx":5,"posy":6,"amount":50},{"posx":13,"posy":6,"amount":550},{"posx":15,"posy":6,"amount":300},{"posx":1,"posy":7,"amount":250},{"posx":5,"posy":7,"amount":500},{"posx":6,"posy":7,"amount":450},{"posx":18,"posy":7,"amount":350},{"posx":1,"posy":8,"amount":100},{"posx":3,"posy":8,"amount":250}],"changedObstacles":[]},{"players":[{"playerId":2349571,"score":300,"energy":29,"posx":16,"posy":0,"lastAction":4,"status":0},{"playerId":2613909,"score":384,"energy":16,"posx":6,"posy":7,"lastAction":5,"status":0},{"playerId":2268490,"score":484,"energy":28,"posx":5,"posy":5,"lastAction":0,"status":0},{"playerId":2241999,"score":484,"energy":11,"posx":5,"posy":6,"lastAction":5,"status":0}],"golds":[{"posx":16,"posy":0,"amount":100},{"posx":19,"posy":0,"amount":50},{"posx":17,"posy":1,"amount":50},{"posx":6,"posy":2,"amount":150},{"posx":19,"posy":2,"amount":50},{"posx":15,"posy":4,"amount":500},{"posx":14,"posy":5,"amount":550},{"posx":1,"posy":6,"amount":600},{"posx":13,"posy":6,"amount":550},{"posx":15,"posy":6,"amount":300},{"posx":1,"posy":7,"amount":250},{"posx":5,"posy":7,"amount":500},{"posx":6,"posy":7,"amount":400},{"posx":18,"posy":7,"amount":350},{"posx":1,"posy":8,"amount":100},{"posx":3,"posy":8,"amount":250}],"changedObstacles":[{"type":0,"posx":5,"posy":6,"value":-1}]},{"players":[{"playerId":2349571,"score":350,"energy":24,"posx":16,"posy":0,"lastAction":5,"status":0},{"playerId":2613909,"score":434,"energy":11,"posx":6,"posy":7,"lastAction":5,"status":0},{"playerId":2268490,"score":484,"energy":27,"posx":5,"posy":6,"lastAction":3,"status":0},{"playerId":2241999,"score":484,"energy":7,"posx":5,"posy":7,"lastAction":3,"status":0}],"golds":[{"posx":16,"posy":0,"amount":50},{"posx":19,"posy":0,"amount":50},{"posx":17,"posy":1,"amount":50},{"posx":6,"posy":2,"amount":150},{"posx":19,"posy":2,"amount":50},{"posx":15,"posy":4,"amount":500},{"posx":14,"posy":5,"amount":550},{"posx":1,"posy":6,"amount":600},{"posx":13,"posy":6,"amount":550},{"posx":15,"posy":6,"amount":300},{"posx":1,"posy":7,"amount":250},{"posx":5,"posy":7,"amount":500},{"posx":6,"posy":7,"amount":350},{"posx":18,"posy":7,"amount":350},{"posx":1,"posy":8,"amount":100},{"posx":3,"posy":8,"amount":250}],"changedObstacles":[]},{"players":[{"playerId":2349571,"score":400,"energy":19,"posx":16,"posy":0,"lastAction":5,"status":0},{"playerId":2613909,"score":484,"energy":6,"posx":6,"posy":7,"lastAction":5,"status":0},{"playerId":2268490,"score":484,"energy":26,"posx":4,"posy":6,"lastAction":0,"status":0},{"playerId":2241999,"score":534,"energy":2,"posx":5,"posy":7,"lastAction":5,"status":0}],"golds":[{"posx":19,"posy":0,"amount":50},{"posx":17,"posy":1,"amount":50},{"posx":6,"posy":2,"amount":150},{"posx":19,"posy":2,"amount":50},{"posx":15,"posy":4,"amount":500},{"posx":14,"posy":5,"amount":550},{"posx":1,"posy":6,"amount":600},{"posx":13,"posy":6,"amount":550},{"posx":15,"posy":6,"amount":300},{"posx":1,"posy":7,"amount":250},{"posx":5,"posy":7,"amount":450},{"posx":6,"posy":7,"amount":300},{"posx":18,"posy":7,"amount":350},{"posx":1,"posy":8,"amount":100},{"posx":3,"posy":8,"amount":250}],"changedObstacles":[{"type":0,"posx":16,"posy":0,"value":-1}]},{"players":[{"playerId":2349571,"score":400,"energy":31,"posx":16,"posy":0,"lastAction":4,"status":0},{"playerId":2613909,"score":484,"energy":18,"posx":6,"posy":7,"lastAction":4,"status":0},{"playerId":2268490,"score":484,"energy":25,"posx":3,"posy":6,"lastAction":0,"status":0},{"playerId":2241999,"score":534,"energy":14,"posx":5,"posy":7,"lastAction":4,"status":0}],"golds":[{"posx":19,"posy":0,"amount":50},{"posx":17,"posy":1,"amount":50},{"posx":6,"posy":2,"amount":150},{"posx":19,"posy":2,"amount":50},{"posx":15,"posy":4,"amount":500},{"posx":14,"posy":5,"amount":550},{"posx":1,"posy":6,"amount":600},{"posx":13,"posy":6,"amount":550},{"posx":15,"posy":6,"amount":300},{"posx":1,"posy":7,"amount":250},{"posx":5,"posy":7,"amount":450},{"posx":6,"posy":7,"amount":300},{"posx":18,"posy":7,"amount":350},{"posx":1,"posy":8,"amount":100},{"posx":3,"posy":8,"amount":250}],"changedObstacles":[]},{"players":[{"playerId":2349571,"score":400,"energy":30,"posx":17,"posy":0,"lastAction":1,"status":0},{"playerId":2613909,"score":534,"energy":13,"posx":6,"posy":7,"lastAction":5,"status":0},{"playerId":2268490,"score":484,"energy":24,"posx":2,"posy":6,"lastAction":0,"status":0},{"playerId":2241999,"score":584,"energy":9,"posx":5,"posy":7,"lastAction":5,"status":0}],"golds":[{"posx":19,"posy":0,"amount":50},{"posx":17,"posy":1,"amount":50},{"posx":6,"posy":2,"amount":150},{"posx":19,"posy":2,"amount":50},{"posx":15,"posy":4,"amount":500},{"posx":14,"posy":5,"amount":550},{"posx":1,"posy":6,"amount":600},{"posx":13,"posy":6,"amount":550},{"posx":15,"posy":6,"amount":300},{"posx":1,"posy":7,"amount":250},{"posx":5,"posy":7,"amount":400},{"posx":6,"posy":7,"amount":250},{"posx":18,"posy":7,"amount":350},{"posx":1,"posy":8,"amount":100},{"posx":3,"posy":8,"amount":250}],"changedObstacles":[]},{"players":[{"playerId":2349571,"score":400,"energy":29,"posx":18,"posy":0,"lastAction":1,"status":0},{"playerId":2613909,"score":584,"energy":8,"posx":6,"posy":7,"lastAction":5,"status":0},{"playerId":2268490,"score":484,"energy":20,"posx":1,"posy":6,"lastAction":0,"status":0},{"playerId":2241999,"score":634,"energy":4,"posx":5,"posy":7,"lastAction":5,"status":0}],"golds":[{"posx":19,"posy":0,"amount":50},{"posx":17,"posy":1,"amount":50},{"posx":6,"posy":2,"amount":150},{"posx":19,"posy":2,"amount":50},{"posx":15,"posy":4,"amount":500},{"posx":14,"posy":5,"amount":550},{"posx":1,"posy":6,"amount":600},{"posx":13,"posy":6,"amount":550},{"posx":15,"posy":6,"amount":300},{"posx":1,"posy":7,"amount":250},{"posx":5,"posy":7,"amount":350},{"posx":6,"posy":7,"amount":200},{"posx":18,"posy":7,"amount":350},{"posx":1,"posy":8,"amount":100},{"posx":3,"posy":8,"amount":250}],"changedObstacles":[]},{"players":[{"playerId":2349571,"score":400,"energy":25,"posx":19,"posy":0,"lastAction":1,"status":0},{"playerId":2613909,"score":584,"energy":20,"posx":6,"posy":7,"lastAction":4,"status":0},{"playerId":2268490,"score":534,"energy":15,"posx":1,"posy":6,"lastAction":5,"status":0},{"playerId":2241999,"score":634,"energy":16,"posx":5,"posy":7,"lastAction":4,"status":0}],"golds":[{"posx":19,"posy":0,"amount":50},{"posx":17,"posy":1,"amount":50},{"posx":6,"posy":2,"amount":150},{"posx":19,"posy":2,"amount":50},{"posx":15,"posy":4,"amount":500},{"posx":14,"posy":5,"amount":550},{"posx":1,"posy":6,"amount":550},{"posx":13,"posy":6,"amount":550},{"posx":15,"posy":6,"amount":300},{"posx":1,"posy":7,"amount":250},{"posx":5,"posy":7,"amount":350},{"posx":6,"posy":7,"amount":200},{"posx":18,"posy":7,"amount":350},{"posx":1,"posy":8,"amount":100},{"posx":3,"posy":8,"amount":250}],"changedObstacles":[]},{"players":[{"playerId":2349571,"score":450,"energy":20,"posx":19,"posy":0,"lastAction":5,"status":0},{"playerId":2613909,"score":634,"energy":15,"posx":6,"posy":7,"lastAction":5,"status":0},{"playerId":2268490,"score":584,"energy":10,"posx":1,"posy":6,"lastAction":5,"status":0},{"playerId":2241999,"score":684,"energy":11,"posx":5,"posy":7,"lastAction":5,"status":0}],"golds":[{"posx":17,"posy":1,"amount":50},{"posx":6,"posy":2,"amount":150},{"posx":19,"posy":2,"amount":50},{"posx":15,"posy":4,"amount":500},{"posx":14,"posy":5,"amount":550},{"posx":1,"posy":6,"amount":500},{"posx":13,"posy":6,"amount":550},{"posx":15,"posy":6,"amount":300},{"posx":1,"posy":7,"amount":250},{"posx":5,"posy":7,"amount":300},{"posx":6,"posy":7,"amount":150},{"posx":18,"posy":7,"amount":350},{"posx":1,"posy":8,"amount":100},{"posx":3,"posy":8,"amount":250}],"changedObstacles":[{"type":0,"posx":19,"posy":0,"value":-1}]},{"players":[{"playerId":2349571,"score":450,"energy":19,"posx":19,"posy":1,"lastAction":3,"status":0},{"playerId":2613909,"score":684,"energy":10,"posx":6,"posy":7,"lastAction":5,"status":0},{"playerId":2268490,"score":634,"energy":5,"posx":1,"posy":6,"lastAction":5,"status":0},{"playerId":2241999,"score":734,"energy":6,"posx":5,"posy":7,"lastAction":5,"status":0}],"golds":[{"posx":17,"posy":1,"amount":50},{"posx":6,"posy":2,"amount":150},{"posx":19,"posy":2,"amount":50},{"posx":15,"posy":4,"amount":500},{"posx":14,"posy":5,"amount":550},{"posx":1,"posy":6,"amount":450},{"posx":13,"posy":6,"amount":550},{"posx":15,"posy":6,"amount":300},{"posx":1,"posy":7,"amount":250},{"posx":5,"posy":7,"amount":250},{"posx":6,"posy":7,"amount":100},{"posx":18,"posy":7,"amount":350},{"posx":1,"posy":8,"amount":100},{"posx":3,"posy":8,"amount":250}],"changedObstacles":[]},{"players":[{"playerId":2349571,"score":450,"energy":31,"posx":19,"posy":1,"lastAction":4,"status":0},{"playerId":2613909,"score":684,"energy":22,"posx":6,"posy":7,"lastAction":4,"status":0},{"playerId":2268490,"score":634,"energy":17,"posx":1,"posy":6,"lastAction":4,"status":0},{"playerId":2241999,"score":784,"energy":1,"posx":5,"posy":7,"lastAction":5,"status":0}],"golds":[{"posx":17,"posy":1,"amount":50},{"posx":6,"posy":2,"amount":150},{"posx":19,"posy":2,"amount":50},{"posx":15,"posy":4,"amount":500},{"posx":14,"posy":5,"amount":550},{"posx":1,"posy":6,"amount":450},{"posx":13,"posy":6,"amount":550},{"posx":15,"posy":6,"amount":300},{"posx":1,"posy":7,"amount":250},{"posx":5,"posy":7,"amount":200},{"posx":6,"posy":7,"amount":100},{"posx":18,"posy":7,"amount":350},{"posx":1,"posy":8,"amount":100},{"posx":3,"posy":8,"amount":250}],"changedObstacles":[]},{"players":[{"playerId":2349571,"score":450,"energy":27,"posx":19,"posy":2,"lastAction":3,"status":0},{"playerId":2613909,"score":734,"energy":17,"posx":6,"posy":7,"lastAction":5,"status":0},{"playerId":2268490,"score":634,"energy":33,"posx":1,"posy":6,"lastAction":4,"status":0},{"playerId":2241999,"score":784,"energy":13,"posx":5,"posy":7,"lastAction":4,"status":0}],"golds":[{"posx":17,"posy":1,"amount":50},{"posx":6,"posy":2,"amount":150},{"posx":19,"posy":2,"amount":50},{"posx":15,"posy":4,"amount":500},{"posx":14,"posy":5,"amount":550},{"posx":1,"posy":6,"amount":450},{"posx":13,"posy":6,"amount":550},{"posx":15,"posy":6,"amount":300},{"posx":1,"posy":7,"amount":250},{"posx":5,"posy":7,"amount":200},{"posx":6,"posy":7,"amount":50},{"posx":18,"posy":7,"amount":350},{"posx":1,"posy":8,"amount":100},{"posx":3,"posy":8,"amount":250}],"changedObstacles":[]},{"players":[{"playerId":2349571,"score":500,"energy":22,"posx":19,"posy":2,"lastAction":5,"status":0},{"playerId":2613909,"score":784,"energy":12,"posx":6,"posy":7,"lastAction":5,"status":0},{"playerId":2268490,"score":684,"energy":28,"posx":1,"posy":6,"lastAction":5,"status":0},{"playerId":2241999,"score":834,"energy":8,"posx":5,"posy":7,"lastAction":5,"status":0}],"golds":[{"posx":17,"posy":1,"amount":50},{"posx":6,"posy":2,"amount":150},{"posx":15,"posy":4,"amount":500},{"posx":14,"posy":5,"amount":550},{"posx":1,"posy":6,"amount":400},{"posx":13,"posy":6,"amount":550},{"posx":15,"posy":6,"amount":300},{"posx":1,"posy":7,"amount":250},{"posx":5,"posy":7,"amount":150},{"posx":18,"posy":7,"amount":350},{"posx":1,"posy":8,"amount":100},{"posx":3,"posy":8,"amount":250}],"changedObstacles":[{"type":0,"posx":19,"posy":2,"value":-1},{"type":0,"posx":6,"posy":7,"value":-1}]},{"players":[{"playerId":2349571,"score":500,"energy":21,"posx":19,"posy":3,"lastAction":3,"status":0},{"playerId":2613909,"score":784,"energy":24,"posx":6,"posy":7,"lastAction":4,"status":0},{"playerId":2268490,"score":734,"energy":23,"posx":1,"posy":6,"lastAction":5,"status":0},{"playerId":2241999,"score":884,"energy":3,"posx":5,"posy":7,"lastAction":5,"status":0}],"golds":[{"posx":17,"posy":1,"amount":50},{"posx":6,"posy":2,"amount":150},{"posx":15,"posy":4,"amount":500},{"posx":14,"posy":5,"amount":550},{"posx":1,"posy":6,"amount":350},{"posx":13,"posy":6,"amount":550},{"posx":15,"posy":6,"amount":300},{"posx":1,"posy":7,"amount":250},{"posx":5,"posy":7,"amount":100},{"posx":18,"posy":7,"amount":350},{"posx":1,"posy":8,"amount":100},{"posx":3,"posy":8,"amount":250}],"changedObstacles":[]},{"players":[{"playerId":2349571,"score":500,"energy":20,"posx":19,"posy":4,"lastAction":3,"status":0},{"playerId":2613909,"score":784,"energy":20,"posx":5,"posy":7,"lastAction":0,"status":0},{"playerId":2268490,"score":784,"energy":18,"posx":1,"posy":6,"lastAction":5,"status":0},{"playerId":2241999,"score":884,"energy":15,"posx":5,"posy":7,"lastAction":4,"status":0}],"golds":[{"posx":17,"posy":1,"amount":50},{"posx":6,"posy":2,"amount":150},{"posx":15,"posy":4,"amount":500},{"posx":14,"posy":5,"amount":550},{"posx":1,"posy":6,"amount":300},{"posx":13,"posy":6,"amount":550},{"posx":15,"posy":6,"amount":300},{"posx":1,"posy":7,"amount":250},{"posx":5,"posy":7,"amount":100},{"posx":18,"posy":7,"amount":350},{"posx":1,"posy":8,"amount":100},{"posx":3,"posy":8,"amount":250}],"changedObstacles":[]},{"players":[{"playerId":2349571,"score":500,"energy":19,"posx":19,"posy":5,"lastAction":3,"status":0},{"playerId":2613909,"score":834,"energy":15,"posx":5,"posy":7,"lastAction":5,"status":0},{"playerId":2268490,"score":834,"energy":13,"posx":1,"posy":6,"lastAction":5,"status":0},{"playerId":2241999,"score":934,"energy":10,"posx":5,"posy":7,"lastAction":5,"status":0}],"golds":[{"posx":17,"posy":1,"amount":50},{"posx":6,"posy":2,"amount":150},{"posx":15,"posy":4,"amount":500},{"posx":14,"posy":5,"amount":550},{"posx":1,"posy":6,"amount":250},{"posx":13,"posy":6,"amount":550},{"posx":15,"posy":6,"amount":300},{"posx":1,"posy":7,"amount":250},{"posx":18,"posy":7,"amount":350},{"posx":1,"posy":8,"amount":100},{"posx":3,"posy":8,"amount":250}],"changedObstacles":[{"type":0,"posx":5,"posy":7,"value":-1}]},{"players":[{"playerId":2349571,"score":500,"energy":31,"posx":19,"posy":5,"lastAction":4,"status":0},{"playerId":2613909,"score":834,"energy":27,"posx":5,"posy":7,"lastAction":4,"status":0},{"playerId":2268490,"score":884,"energy":8,"posx":1,"posy":6,"lastAction":5,"status":0},{"playerId":2241999,"score":934,"energy":22,"posx":5,"posy":7,"lastAction":4,"status":0}],"golds":[{"posx":17,"posy":1,"amount":50},{"posx":6,"posy":2,"amount":150},{"posx":15,"posy":4,"amount":500},{"posx":14,"posy":5,"amount":550},{"posx":1,"posy":6,"amount":200},{"posx":13,"posy":6,"amount":550},{"posx":15,"posy":6,"amount":300},{"posx":1,"posy":7,"amount":250},{"posx":18,"posy":7,"amount":350},{"posx":1,"posy":8,"amount":100},{"posx":3,"posy":8,"amount":250}],"changedObstacles":[]},{"players":[{"playerId":2349571,"score":500,"energy":30,"posx":19,"posy":6,"lastAction":3,"status":0},{"playerId":2613909,"score":834,"energy":26,"posx":5,"posy":8,"lastAction":3,"status":0},{"playerId":2268490,"score":934,"energy":3,"posx":1,"posy":6,"lastAction":5,"status":0},{"playerId":2241999,"score":934,"energy":2,"posx":4,"posy":7,"lastAction":0,"status":0}],"golds":[{"posx":17,"posy":1,"amount":50},{"posx":6,"posy":2,"amount":150},{"posx":15,"posy":4,"amount":500},{"posx":14,"posy":5,"amount":550},{"posx":1,"posy":6,"amount":150},{"posx":13,"posy":6,"amount":550},{"posx":15,"posy":6,"amount":300},{"posx":1,"posy":7,"amount":250},{"posx":18,"posy":7,"amount":350},{"posx":1,"posy":8,"amount":100},{"posx":3,"posy":8,"amount":250}],"changedObstacles":[]},{"players":[{"playerId":2349571,"score":500,"energy":29,"posx":19,"posy":7,"lastAction":3,"status":0},{"playerId":2613909,"score":834,"energy":25,"posx":4,"posy":8,"lastAction":0,"status":0},{"playerId":2268490,"score":934,"energy":15,"posx":1,"posy":6,"lastAction":4,"status":0},{"playerId":2241999,"score":934,"energy":14,"posx":4,"posy":7,"lastAction":4,"status":0}],"golds":[{"posx":17,"posy":1,"amount":50},{"posx":6,"posy":2,"amount":150},{"posx":15,"posy":4,"amount":500},{"posx":14,"posy":5,"amount":550},{"posx":1,"posy":6,"amount":150},{"posx":13,"posy":6,"amount":550},{"posx":15,"posy":6,"amount":300},{"posx":1,"posy":7,"amount":250},{"posx":18,"posy":7,"amount":350},{"posx":1,"posy":8,"amount":100},{"posx":3,"posy":8,"amount":250}],"changedObstacles":[]},{"players":[{"playerId":2349571,"score":500,"energy":25,"posx":18,"posy":7,"lastAction":0,"status":0},{"playerId":2613909,"score":834,"energy":21,"posx":3,"posy":8,"lastAction":0,"status":0},{"playerId":2268490,"score":934,"energy":31,"posx":1,"posy":6,"lastAction":4,"status":0},{"playerId":2241999,"score":934,"energy":13,"posx":3,"posy":7,"lastAction":0,"status":0}],"golds":[{"posx":17,"posy":1,"amount":50},{"posx":6,"posy":2,"amount":150},{"posx":15,"posy":4,"amount":500},{"posx":14,"posy":5,"amount":550},{"posx":1,"posy":6,"amount":150},{"posx":13,"posy":6,"amount":550},{"posx":15,"posy":6,"amount":300},{"posx":1,"posy":7,"amount":250},{"posx":18,"posy":7,"amount":350},{"posx":1,"posy":8,"amount":100},{"posx":3,"posy":8,"amount":250}],"changedObstacles":[]},{"players":[{"playerId":2349571,"score":550,"energy":20,"posx":18,"posy":7,"lastAction":5,"status":0},{"playerId":2613909,"score":884,"energy":16,"posx":3,"posy":8,"lastAction":5,"status":0},{"playerId":2268490,"score":984,"energy":26,"posx":1,"posy":6,"lastAction":5,"status":0},{"playerId":2241999,"score":934,"energy":12,"posx":2,"posy":7,"lastAction":0,"status":0}],"golds":[{"posx":17,"posy":1,"amount":50},{"posx":6,"posy":2,"amount":150},{"posx":15,"posy":4,"amount":500},{"posx":14,"posy":5,"amount":550},{"posx":1,"posy":6,"amount":100},{"posx":13,"posy":6,"amount":550},{"posx":15,"posy":6,"amount":300},{"posx":1,"posy":7,"amount":250},{"posx":18,"posy":7,"amount":300},{"posx":1,"posy":8,"amount":100},{"posx":3,"posy":8,"amount":200}],"changedObstacles":[]},{"players":[{"playerId":2349571,"score":600,"energy":15,"posx":18,"posy":7,"lastAction":5,"status":0},{"playerId":2613909,"score":934,"energy":11,"posx":3,"posy":8,"lastAction":5,"status":0},{"playerId":2268490,"score":1034,"energy":21,"posx":1,"posy":6,"lastAction":5,"status":0},{"playerId":2241999,"score":934,"energy":24,"posx":2,"posy":7,"lastAction":4,"status":0}],"golds":[{"posx":17,"posy":1,"amount":50},{"posx":6,"posy":2,"amount":150},{"posx":15,"posy":4,"amount":500},{"posx":14,"posy":5,"amount":550},{"posx":1,"posy":6,"amount":50},{"posx":13,"posy":6,"amount":550},{"posx":15,"posy":6,"amount":300},{"posx":1,"posy":7,"amount":250},{"posx":18,"posy":7,"amount":250},{"posx":1,"posy":8,"amount":100},{"posx":3,"posy":8,"amount":150}],"changedObstacles":[]},{"players":[{"playerId":2349571,"score":600,"energy":27,"posx":18,"posy":7,"lastAction":4,"status":0},{"playerId":2613909,"score":984,"energy":6,"posx":3,"posy":8,"lastAction":5,"status":0},{"playerId":2268490,"score":1084,"energy":16,"posx":1,"posy":6,"lastAction":5,"status":0},{"playerId":2241999,"score":934,"energy":20,"posx":1,"posy":7,"lastAction":0,"status":0}],"golds":[{"posx":17,"posy":1,"amount":50},{"posx":6,"posy":2,"amount":150},{"posx":15,"posy":4,"amount":500},{"posx":14,"posy":5,"amount":550},{"posx":13,"posy":6,"amount":550},{"posx":15,"posy":6,"amount":300},{"posx":1,"posy":7,"amount":250},{"posx":18,"posy":7,"amount":250},{"posx":1,"posy":8,"amount":100},{"posx":3,"posy":8,"amount":100}],"changedObstacles":[{"type":0,"posx":1,"posy":6,"value":-1}]},{"players":[{"playerId":2349571,"score":650,"energy":22,"posx":18,"posy":7,"lastAction":5,"status":0},{"playerId":2613909,"score":984,"energy":18,"posx":3,"posy":8,"lastAction":4,"status":0},{"playerId":2268490,"score":1084,"energy":28,"posx":1,"posy":6,"lastAction":4,"status":0},{"playerId":2241999,"score":984,"energy":15,"posx":1,"posy":7,"lastAction":5,"status":0}],"golds":[{"posx":17,"posy":1,"amount":50},{"posx":6,"posy":2,"amount":150},{"posx":15,"posy":4,"amount":500},{"posx":14,"posy":5,"amount":550},{"posx":13,"posy":6,"amount":550},{"posx":15,"posy":6,"amount":300},{"posx":1,"posy":7,"amount":200},{"posx":18,"posy":7,"amount":200},{"posx":1,"posy":8,"amount":100},{"posx":3,"posy":8,"amount":100}],"changedObstacles":[]},{"players":[{"playerId":2349571,"score":700,"energy":17,"posx":18,"posy":7,"lastAction":5,"status":0},{"playerId":2613909,"score":1034,"energy":13,"posx":3,"posy":8,"lastAction":5,"status":0},{"playerId":2268490,"score":1084,"energy":24,"posx":1,"posy":7,"lastAction":3,"status":0},{"playerId":2241999,"score":1034,"energy":10,"posx":1,"posy":7,"lastAction":5,"status":0}],"golds":[{"posx":17,"posy":1,"amount":50},{"posx":6,"posy":2,"amount":150},{"posx":15,"posy":4,"amount":500},{"posx":14,"posy":5,"amount":550},{"posx":13,"posy":6,"amount":550},{"posx":15,"posy":6,"amount":300},{"posx":1,"posy":7,"amount":150},{"posx":18,"posy":7,"amount":150},{"posx":1,"posy":8,"amount":100},{"posx":3,"posy":8,"amount":50}],"changedObstacles":[]},{"players":[{"playerId":2349571,"score":700,"energy":29,"posx":18,"posy":7,"lastAction":4,"status":0},{"playerId":2613909,"score":1084,"energy":8,"posx":3,"posy":8,"lastAction":5,"status":0},{"playerId":2268490,"score":1134,"energy":19,"posx":1,"posy":7,"lastAction":5,"status":0},{"playerId":2241999,"score":1084,"energy":5,"posx":1,"posy":7,"lastAction":5,"status":0}],"golds":[{"posx":17,"posy":1,"amount":50},{"posx":6,"posy":2,"amount":150},{"posx":15,"posy":4,"amount":500},{"posx":14,"posy":5,"amount":550},{"posx":13,"posy":6,"amount":550},{"posx":15,"posy":6,"amount":300},{"posx":1,"posy":7,"amount":50},{"posx":18,"posy":7,"amount":150},{"posx":1,"posy":8,"amount":100}],"changedObstacles":[{"type":0,"posx":3,"posy":8,"value":-1}]},{"players":[{"playerId":2349571,"score":750,"energy":24,"posx":18,"posy":7,"lastAction":5,"status":0},{"playerId":2613909,"score":1084,"energy":20,"posx":3,"posy":8,"lastAction":4,"status":0},{"playerId":2268490,"score":1184,"energy":14,"posx":1,"posy":7,"lastAction":5,"status":0},{"playerId":2241999,"score":1084,"energy":17,"posx":1,"posy":7,"lastAction":4,"status":0}],"golds":[{"posx":17,"posy":1,"amount":50},{"posx":6,"posy":2,"amount":150},{"posx":15,"posy":4,"amount":500},{"posx":14,"posy":5,"amount":550},{"posx":13,"posy":6,"amount":550},{"posx":15,"posy":6,"amount":300},{"posx":18,"posy":7,"amount":100},{"posx":1,"posy":8,"amount":100}],"changedObstacles":[{"type":0,"posx":1,"posy":7,"value":-1}]},{"players":[{"playerId":2349571,"score":800,"energy":19,"posx":18,"posy":7,"lastAction":5,"status":0},{"playerId":2613909,"score":1084,"energy":36,"posx":3,"posy":8,"lastAction":4,"status":0},{"playerId":2268490,"score":1184,"energy":26,"posx":1,"posy":7,"lastAction":4,"status":0},{"playerId":2241999,"score":1084,"energy":33,"posx":1,"posy":7,"lastAction":4,"status":0}],"golds":[{"posx":17,"posy":1,"amount":50},{"posx":6,"posy":2,"amount":150},{"posx":15,"posy":4,"amount":500},{"posx":14,"posy":5,"amount":550},{"posx":13,"posy":6,"amount":550},{"posx":15,"posy":6,"amount":300},{"posx":18,"posy":7,"amount":50},{"posx":1,"posy":8,"amount":100}],"changedObstacles":[]},{"players":[{"playerId":2349571,"score":800,"energy":31,"posx":18,"posy":7,"lastAction":4,"status":0},{"playerId":2613909,"score":1084,"energy":35,"posx":4,"posy":8,"lastAction":1,"status":0},{"playerId":2268490,"score":1184,"energy":25,"posx":2,"posy":7,"lastAction":1,"status":0},{"playerId":2241999,"score":1084,"energy":32,"posx":2,"posy":7,"lastAction":1,"status":0}],"golds":[{"posx":17,"posy":1,"amount":50},{"posx":6,"posy":2,"amount":150},{"posx":15,"posy":4,"amount":500},{"posx":14,"posy":5,"amount":550},{"posx":13,"posy":6,"amount":550},{"posx":15,"posy":6,"amount":300},{"posx":18,"posy":7,"amount":50},{"posx":1,"posy":8,"amount":100}],"changedObstacles":[]},{"players":[{"playerId":2349571,"score":850,"energy":26,"posx":18,"posy":7,"lastAction":5,"status":0},{"playerId":2613909,"score":1084,"energy":34,"posx":5,"posy":8,"lastAction":1,"status":0},{"playerId":2268490,"score":1184,"energy":24,"posx":2,"posy":6,"lastAction":2,"status":0},{"playerId":2241999,"score":1084,"energy":31,"posx":2,"posy":6,"lastAction":2,"status":0}],"golds":[{"posx":17,"posy":1,"amount":50},{"posx":6,"posy":2,"amount":150},{"posx":15,"posy":4,"amount":500},{"posx":14,"posy":5,"amount":550},{"posx":13,"posy":6,"amount":550},{"posx":15,"posy":6,"amount":300},{"posx":1,"posy":8,"amount":100}],"changedObstacles":[{"type":0,"posx":18,"posy":7,"value":-1}]},{"players":[{"playerId":2349571,"score":850,"energy":25,"posx":18,"posy":8,"lastAction":3,"status":0},{"playerId":2613909,"score":1084,"energy":33,"posx":6,"posy":8,"lastAction":1,"status":0},{"playerId":2268490,"score":1184,"energy":23,"posx":3,"posy":6,"lastAction":1,"status":0},{"playerId":2241999,"score":1084,"energy":30,"posx":3,"posy":6,"lastAction":1,"status":0}],"golds":[{"posx":17,"posy":1,"amount":50},{"posx":6,"posy":2,"amount":150},{"posx":15,"posy":4,"amount":500},{"posx":14,"posy":5,"amount":550},{"posx":13,"posy":6,"amount":550},{"posx":15,"posy":6,"amount":300},{"posx":1,"posy":8,"amount":100}],"changedObstacles":[]},{"players":[{"playerId":2349571,"score":850,"energy":24,"posx":17,"posy":8,"lastAction":0,"status":0},{"playerId":2613909,"score":1084,"energy":32,"posx":6,"posy":7,"lastAction":2,"status":0},{"playerId":2268490,"score":1184,"energy":22,"posx":3,"posy":5,"lastAction":2,"status":0},{"playerId":2241999,"score":1084,"energy":29,"posx":4,"posy":6,"lastAction":1,"status":0}],"golds":[{"posx":17,"posy":1,"amount":50},{"posx":6,"posy":2,"amount":150},{"posx":15,"posy":4,"amount":500},{"posx":14,"posy":5,"amount":550},{"posx":13,"posy":6,"amount":550},{"posx":15,"posy":6,"amount":300},{"posx":1,"posy":8,"amount":100}],"changedObstacles":[]},{"players":[{"playerId":2349571,"score":850,"energy":23,"posx":16,"posy":8,"lastAction":0,"status":0},{"playerId":2613909,"score":1084,"energy":31,"posx":7,"posy":7,"lastAction":1,"status":0},{"playerId":2268490,"score":1184,"energy":21,"posx":4,"posy":5,"lastAction":1,"status":0},{"playerId":2241999,"score":1084,"energy":28,"posx":5,"posy":6,"lastAction":1,"status":0}],"golds":[{"posx":17,"posy":1,"amount":50},{"posx":6,"posy":2,"amount":150},{"posx":15,"posy":4,"amount":500},{"posx":14,"posy":5,"amount":550},{"posx":13,"posy":6,"amount":550},{"posx":15,"posy":6,"amount":300},{"posx":1,"posy":8,"amount":100}],"changedObstacles":[]},{"players":[{"playerId":2349571,"score":850,"energy":22,"posx":15,"posy":8,"lastAction":0,"status":0},{"playerId":2613909,"score":1084,"energy":30,"posx":8,"posy":7,"lastAction":1,"status":0},{"playerId":2268490,"score":1184,"energy":20,"posx":4,"posy":4,"lastAction":2,"status":0},{"playerId":2241999,"score":1084,"energy":27,"posx":6,"posy":6,"lastAction":1,"status":0}],"golds":[{"posx":17,"posy":1,"amount":50},{"posx":6,"posy":2,"amount":150},{"posx":15,"posy":4,"amount":500},{"posx":14,"posy":5,"amount":550},{"posx":13,"posy":6,"amount":550},{"posx":15,"posy":6,"amount":300},{"posx":1,"posy":8,"amount":100}],"changedObstacles":[]},{"players":[{"playerId":2349571,"score":850,"energy":21,"posx":14,"posy":8,"lastAction":0,"status":0},{"playerId":2613909,"score":1084,"energy":29,"posx":9,"posy":7,"lastAction":1,"status":0},{"playerId":2268490,"score":1184,"energy":32,"posx":4,"posy":4,"lastAction":4,"status":0},{"playerId":2241999,"score":1084,"energy":26,"posx":7,"posy":6,"lastAction":1,"status":0}],"golds":[{"posx":17,"posy":1,"amount":50},{"posx":6,"posy":2,"amount":150},{"posx":15,"posy":4,"amount":500},{"posx":14,"posy":5,"amount":550},{"posx":13,"posy":6,"amount":550},{"posx":15,"posy":6,"amount":300},{"posx":1,"posy":8,"amount":100}],"changedObstacles":[]},{"players":[{"playerId":2349571,"score":850,"energy":20,"posx":13,"posy":8,"lastAction":0,"status":0},{"playerId":2613909,"score":1084,"energy":28,"posx":10,"posy":7,"lastAction":1,"status":0},{"playerId":2268490,"score":1184,"energy":31,"posx":5,"posy":4,"lastAction":1,"status":0},{"playerId":2241999,"score":1084,"energy":25,"posx":8,"posy":6,"lastAction":1,"status":0}],"golds":[{"posx":17,"posy":1,"amount":50},{"posx":6,"posy":2,"amount":150},{"posx":15,"posy":4,"amount":500},{"posx":14,"posy":5,"amount":550},{"posx":13,"posy":6,"amount":550},{"posx":15,"posy":6,"amount":300},{"posx":1,"posy":8,"amount":100}],"changedObstacles":[]},{"players":[{"playerId":2349571,"score":850,"energy":19,"posx":12,"posy":8,"lastAction":0,"status":0},{"playerId":2613909,"score":1084,"energy":27,"posx":11,"posy":7,"lastAction":1,"status":0},{"playerId":2268490,"score":1184,"energy":30,"posx":5,"posy":3,"lastAction":2,"status":0},{"playerId":2241999,"score":1084,"energy":24,"posx":9,"posy":6,"lastAction":1,"status":0}],"golds":[{"posx":17,"posy":1,"amount":50},{"posx":6,"posy":2,"amount":150},{"posx":15,"posy":4,"amount":500},{"posx":14,"posy":5,"amount":550},{"posx":13,"posy":6,"amount":550},{"posx":15,"posy":6,"amount":300},{"posx":1,"posy":8,"amount":100}],"changedObstacles":[]},{"players":[{"playerId":2349571,"score":850,"energy":31,"posx":12,"posy":8,"lastAction":4,"status":0},{"playerId":2613909,"score":1084,"energy":26,"posx":11,"posy":6,"lastAction":2,"status":0},{"playerId":2268490,"score":1184,"energy":29,"posx":6,"posy":3,"lastAction":1,"status":0},{"playerId":2241999,"score":1084,"energy":23,"posx":10,"posy":6,"lastAction":1,"status":0}],"golds":[{"posx":17,"posy":1,"amount":50},{"posx":6,"posy":2,"amount":150},{"posx":15,"posy":4,"amount":500},{"posx":14,"posy":5,"amount":550},{"posx":13,"posy":6,"amount":550},{"posx":15,"posy":6,"amount":300},{"posx":1,"posy":8,"amount":100}],"changedObstacles":[]},{"players":[{"playerId":2349571,"score":850,"energy":30,"posx":11,"posy":8,"lastAction":0,"status":0},{"playerId":2613909,"score":1084,"energy":25,"posx":12,"posy":6,"lastAction":1,"status":0},{"playerId":2268490,"score":1184,"energy":25,"posx":6,"posy":2,"lastAction":2,"status":0},{"playerId":2241999,"score":1084,"energy":22,"posx":11,"posy":6,"lastAction":1,"status":0}],"golds":[{"posx":17,"posy":1,"amount":50},{"posx":6,"posy":2,"amount":150},{"posx":15,"posy":4,"amount":500},{"posx":14,"posy":5,"amount":550},{"posx":13,"posy":6,"amount":550},{"posx":15,"posy":6,"amount":300},{"posx":1,"posy":8,"amount":100}],"changedObstacles":[]},{"players":[{"playerId":2349571,"score":850,"energy":29,"posx":10,"posy":8,"lastAction":0,"status":0},{"playerId":2613909,"score":1084,"energy":21,"posx":13,"posy":6,"lastAction":1,"status":0},{"playerId":2268490,"score":1234,"energy":20,"posx":6,"posy":2,"lastAction":5,"status":0},{"playerId":2241999,"score":1084,"energy":21,"posx":12,"posy":6,"lastAction":1,"status":0}],"golds":[{"posx":17,"posy":1,"amount":50},{"posx":6,"posy":2,"amount":100},{"posx":15,"posy":4,"amount":500},{"posx":14,"posy":5,"amount":550},{"posx":13,"posy":6,"amount":550},{"posx":15,"posy":6,"amount":300},{"posx":1,"posy":8,"amount":100}],"changedObstacles":[]},{"players":[{"playerId":2349571,"score":850,"energy":28,"posx":9,"posy":8,"lastAction":0,"status":0},{"playerId":2613909,"score":1134,"energy":16,"posx":13,"posy":6,"lastAction":5,"status":0},{"playerId":2268490,"score":1284,"energy":15,"posx":6,"posy":2,"lastAction":5,"status":0},{"playerId":2241999,"score":1084,"energy":17,"posx":13,"posy":6,"lastAction":1,"status":0}],"golds":[{"posx":17,"posy":1,"amount":50},{"posx":6,"posy":2,"amount":50},{"posx":15,"posy":4,"amount":500},{"posx":14,"posy":5,"amount":550},{"posx":13,"posy":6,"amount":500},{"posx":15,"posy":6,"amount":300},{"posx":1,"posy":8,"amount":100}],"changedObstacles":[]},{"players":[{"playerId":2349571,"score":850,"energy":27,"posx":8,"posy":8,"lastAction":0,"status":0},{"playerId":2613909,"score":1184,"energy":11,"posx":13,"posy":6,"lastAction":5,"status":0},{"playerId":2268490,"score":1334,"energy":10,"posx":6,"posy":2,"lastAction":5,"status":0},{"playerId":2241999,"score":1134,"energy":12,"posx":13,"posy":6,"lastAction":5,"status":0}],"golds":[{"posx":17,"posy":1,"amount":50},{"posx":15,"posy":4,"amount":500},{"posx":14,"posy":5,"amount":550},{"posx":13,"posy":6,"amount":400},{"posx":15,"posy":6,"amount":300},{"posx":1,"posy":8,"amount":100}],"changedObstacles":[{"type":0,"posx":6,"posy":2,"value":-1}]},{"players":[{"playerId":2349571,"score":850,"energy":21,"posx":7,"posy":8,"lastAction":0,"status":0},{"playerId":2613909,"score":1234,"energy":6,"posx":13,"posy":6,"lastAction":5,"status":0},{"playerId":2268490,"score":1334,"energy":22,"posx":6,"posy":2,"lastAction":4,"status":0},{"playerId":2241999,"score":1184,"energy":7,"posx":13,"posy":6,"lastAction":5,"status":0}],"golds":[{"posx":17,"posy":1,"amount":50},{"posx":15,"posy":4,"amount":500},{"posx":14,"posy":5,"amount":550},{"posx":13,"posy":6,"amount":300},{"posx":15,"posy":6,"amount":300},{"posx":1,"posy":8,"amount":100}],"changedObstacles":[]},{"players":[{"playerId":2349571,"score":850,"energy":20,"posx":6,"posy":8,"lastAction":0,"status":0},{"playerId":2613909,"score":1234,"energy":18,"posx":13,"posy":6,"lastAction":4,"status":0},{"playerId":2268490,"score":1334,"energy":21,"posx":6,"posy":3,"lastAction":3,"status":0},{"playerId":2241999,"score":1234,"energy":2,"posx":13,"posy":6,"lastAction":5,"status":0}],"golds":[{"posx":17,"posy":1,"amount":50},{"posx":15,"posy":4,"amount":500},{"posx":14,"posy":5,"amount":550},{"posx":13,"posy":6,"amount":250},{"posx":15,"posy":6,"amount":300},{"posx":1,"posy":8,"amount":100}],"changedObstacles":[]},{"players":[{"playerId":2349571,"score":850,"energy":19,"posx":5,"posy":8,"lastAction":0,"status":0},{"playerId":2613909,"score":1284,"energy":13,"posx":13,"posy":6,"lastAction":5,"status":0},{"playerId":2268490,"score":1334,"energy":20,"posx":7,"posy":3,"lastAction":1,"status":0},{"playerId":2241999,"score":1234,"energy":14,"posx":13,"posy":6,"lastAction":4,"status":0}],"golds":[{"posx":17,"posy":1,"amount":50},{"posx":15,"posy":4,"amount":500},{"posx":14,"posy":5,"amount":550},{"posx":13,"posy":6,"amount":200},{"posx":15,"posy":6,"amount":300},{"posx":1,"posy":8,"amount":100}],"changedObstacles":[]},{"players":[{"playerId":2349571,"score":850,"energy":31,"posx":5,"posy":8,"lastAction":4,"status":0},{"playerId":2613909,"score":1334,"energy":8,"posx":13,"posy":6,"lastAction":5,"status":0},{"playerId":2268490,"score":1334,"energy":32,"posx":7,"posy":3,"lastAction":4,"status":0},{"playerId":2241999,"score":1284,"energy":9,"posx":13,"posy":6,"lastAction":5,"status":0}],"golds":[{"posx":17,"posy":1,"amount":50},{"posx":15,"posy":4,"amount":500},{"posx":14,"posy":5,"amount":550},{"posx":13,"posy":6,"amount":100},{"posx":15,"posy":6,"amount":300},{"posx":1,"posy":8,"amount":100}],"changedObstacles":[]},{"players":[{"playerId":2349571,"score":850,"energy":30,"posx":4,"posy":8,"lastAction":0,"status":0},{"playerId":2613909,"score":1334,"energy":20,"posx":13,"posy":6,"lastAction":4,"status":0},{"playerId":2268490,"score":1334,"energy":31,"posx":7,"posy":4,"lastAction":3,"status":0},{"playerId":2241999,"score":1334,"energy":4,"posx":13,"posy":6,"lastAction":5,"status":0}],"golds":[{"posx":17,"posy":1,"amount":50},{"posx":15,"posy":4,"amount":500},{"posx":14,"posy":5,"amount":550},{"posx":13,"posy":6,"amount":50},{"posx":15,"posy":6,"amount":300},{"posx":1,"posy":8,"amount":100}],"changedObstacles":[]},{"players":[{"playerId":2349571,"score":850,"energy":29,"posx":3,"posy":8,"lastAction":0,"status":0},{"playerId":2613909,"score":1384,"energy":15,"posx":13,"posy":6,"lastAction":5,"status":0},{"playerId":2268490,"score":1334,"energy":30,"posx":8,"posy":4,"lastAction":1,"status":0},{"playerId":2241999,"score":1334,"energy":16,"posx":13,"posy":6,"lastAction":4,"status":0}],"golds":[{"posx":17,"posy":1,"amount":50},{"posx":15,"posy":4,"amount":500},{"posx":14,"posy":5,"amount":550},{"posx":15,"posy":6,"amount":300},{"posx":1,"posy":8,"amount":100}],"changedObstacles":[{"type":0,"posx":13,"posy":6,"value":-1}]},{"players":[{"playerId":2349571,"score":850,"energy":28,"posx":2,"posy":8,"lastAction":0,"status":0},{"playerId":2613909,"score":1384,"energy":27,"posx":13,"posy":6,"lastAction":4,"status":0},{"playerId":2268490,"score":1334,"energy":29,"posx":8,"posy":5,"lastAction":3,"status":0},{"playerId":2241999,"score":1334,"energy":15,"posx":14,"posy":6,"lastAction":1,"status":0}],"golds":[{"posx":17,"posy":1,"amount":50},{"posx":15,"posy":4,"amount":500},{"posx":14,"posy":5,"amount":550},{"posx":15,"posy":6,"amount":300},{"posx":1,"posy":8,"amount":100}],"changedObstacles":[]},{"players":[{"playerId":2349571,"score":850,"energy":24,"posx":1,"posy":8,"lastAction":0,"status":0},{"playerId":2613909,"score":1384,"energy":26,"posx":14,"posy":6,"lastAction":1,"status":0},{"playerId":2268490,"score":1334,"energy":28,"posx":9,"posy":5,"lastAction":1,"status":0},{"playerId":2241999,"score":1334,"energy":11,"posx":14,"posy":5,"lastAction":2,"status":0}],"golds":[{"posx":17,"posy":1,"amount":50},{"posx":15,"posy":4,"amount":500},{"posx":14,"posy":5,"amount":550},{"posx":15,"posy":6,"amount":300},{"posx":1,"posy":8,"amount":100}],"changedObstacles":[]},{"players":[{"playerId":2349571,"score":900,"energy":19,"posx":1,"posy":8,"lastAction":5,"status":0},{"playerId":2613909,"score":1384,"energy":22,"posx":14,"posy":5,"lastAction":2,"status":0},{"playerId":2268490,"score":1334,"energy":27,"posx":10,"posy":5,"lastAction":1,"status":0},{"playerId":2241999,"score":1384,"energy":6,"posx":14,"posy":5,"lastAction":5,"status":0}],"golds":[{"posx":17,"posy":1,"amount":50},{"posx":15,"posy":4,"amount":500},{"posx":14,"posy":5,"amount":500},{"posx":15,"posy":6,"amount":300},{"posx":1,"posy":8,"amount":50}],"changedObstacles":[]},{"players":[{"playerId":2349571,"score":900,"energy":31,"posx":1,"posy":8,"lastAction":4,"status":0},{"playerId":2613909,"score":1434,"energy":17,"posx":14,"posy":5,"lastAction":5,"status":0},{"playerId":2268490,"score":1334,"energy":26,"posx":11,"posy":5,"lastAction":1,"status":0},{"playerId":2241999,"score":1434,"energy":1,"posx":14,"posy":5,"lastAction":5,"status":0}],"golds":[{"posx":17,"posy":1,"amount":50},{"posx":15,"posy":4,"amount":500},{"posx":14,"posy":5,"amount":400},{"posx":15,"posy":6,"amount":300},{"posx":1,"posy":8,"amount":50}],"changedObstacles":[]},{"players":[{"playerId":2349571,"score":950,"energy":26,"posx":1,"posy":8,"lastAction":5,"status":0},{"playerId":2613909,"score":1484,"energy":12,"posx":14,"posy":5,"lastAction":5,"status":0},{"playerId":2268490,"score":1334,"energy":25,"posx":12,"posy":5,"lastAction":1,"status":0},{"playerId":2241999,"score":1434,"energy":13,"posx":14,"posy":5,"lastAction":4,"status":0}],"golds":[{"posx":17,"posy":1,"amount":50},{"posx":15,"posy":4,"amount":500},{"posx":14,"posy":5,"amount":350},{"posx":15,"posy":6,"amount":300}],"changedObstacles":[{"type":0,"posx":1,"posy":8,"value":-1}]},{"players":[{"playerId":2349571,"score":950,"energy":25,"posx":1,"posy":7,"lastAction":2,"status":0},{"playerId":2613909,"score":1534,"energy":7,"posx":14,"posy":5,"lastAction":5,"status":0},{"playerId":2268490,"score":1334,"energy":24,"posx":13,"posy":5,"lastAction":1,"status":0},{"playerId":2241999,"score":1484,"energy":8,"posx":14,"posy":5,"lastAction":5,"status":0}],"golds":[{"posx":17,"posy":1,"amount":50},{"posx":15,"posy":4,"amount":500},{"posx":14,"posy":5,"amount":250},{"posx":15,"posy":6,"amount":300}],"changedObstacles":[]},{"players":[{"playerId":2349571,"score":950,"energy":24,"posx":1,"posy":6,"lastAction":2,"status":0},{"playerId":2613909,"score":1534,"energy":19,"posx":14,"posy":5,"lastAction":4,"status":0},{"playerId":2268490,"score":1334,"energy":20,"posx":14,"posy":5,"lastAction":1,"status":0},{"playerId":2241999,"score":1534,"energy":3,"posx":14,"posy":5,"lastAction":5,"status":0}],"golds":[{"posx":17,"posy":1,"amount":50},{"posx":15,"posy":4,"amount":500},{"posx":14,"posy":5,"amount":200},{"posx":15,"posy":6,"amount":300}],"changedObstacles":[]},{"players":[{"playerId":2349571,"score":950,"energy":23,"posx":2,"posy":6,"lastAction":1,"status":0},{"playerId":2613909,"score":1584,"energy":14,"posx":14,"posy":5,"lastAction":5,"status":0},{"playerId":2268490,"score":1384,"energy":15,"posx":14,"posy":5,"lastAction":5,"status":0},{"playerId":2241999,"score":1534,"energy":15,"posx":14,"posy":5,"lastAction":4,"status":0}],"golds":[{"posx":17,"posy":1,"amount":50},{"posx":15,"posy":4,"amount":500},{"posx":14,"posy":5,"amount":100},{"posx":15,"posy":6,"amount":300}],"changedObstacles":[]},{"players":[{"playerId":2349571,"score":950,"energy":22,"posx":3,"posy":6,"lastAction":1,"status":0},{"playerId":2613909,"score":1618,"energy":9,"posx":14,"posy":5,"lastAction":5,"status":0},{"playerId":2268490,"score":1418,"energy":10,"posx":14,"posy":5,"lastAction":5,"status":0},{"playerId":2241999,"score":1568,"energy":10,"posx":14,"posy":5,"lastAction":5,"status":0}],"golds":[{"posx":17,"posy":1,"amount":50},{"posx":15,"posy":4,"amount":500},{"posx":15,"posy":6,"amount":300}],"changedObstacles":[{"type":0,"posx":14,"posy":5,"value":-1}]},{"players":[{"playerId":2349571,"score":950,"energy":21,"posx":4,"posy":6,"lastAction":1,"status":0},{"playerId":2613909,"score":1618,"energy":21,"posx":14,"posy":5,"lastAction":4,"status":0},{"playerId":2268490,"score":1418,"energy":22,"posx":14,"posy":5,"lastAction":4,"status":0},{"playerId":2241999,"score":1568,"energy":22,"posx":14,"posy":5,"lastAction":4,"status":0}],"golds":[{"posx":17,"posy":1,"amount":50},{"posx":15,"posy":4,"amount":500},{"posx":15,"posy":6,"amount":300}],"changedObstacles":[]},{"players":[{"playerId":2349571,"score":950,"energy":20,"posx":5,"posy":6,"lastAction":1,"status":0},{"playerId":2613909,"score":1618,"energy":37,"posx":14,"posy":5,"lastAction":4,"status":0},{"playerId":2268490,"score":1418,"energy":21,"posx":15,"posy":5,"lastAction":1,"status":0},{"playerId":2241999,"score":1568,"energy":21,"posx":15,"posy":5,"lastAction":1,"status":0}],"golds":[{"posx":17,"posy":1,"amount":50},{"posx":15,"posy":4,"amount":500},{"posx":15,"posy":6,"amount":300}],"changedObstacles":[]},{"players":[{"playerId":2349571,"score":950,"energy":19,"posx":6,"posy":6,"lastAction":1,"status":0},{"playerId":2613909,"score":1618,"energy":36,"posx":15,"posy":5,"lastAction":1,"status":0},{"playerId":2268490,"score":1418,"energy":17,"posx":15,"posy":4,"lastAction":2,"status":0},{"playerId":2241999,"score":1568,"energy":17,"posx":15,"posy":4,"lastAction":2,"status":0}],"golds":[{"posx":17,"posy":1,"amount":50},{"posx":15,"posy":4,"amount":500},{"posx":15,"posy":6,"amount":300}],"changedObstacles":[]},{"players":[{"playerId":2349571,"score":950,"energy":31,"posx":6,"posy":6,"lastAction":4,"status":0},{"playerId":2613909,"score":1618,"energy":32,"posx":15,"posy":4,"lastAction":2,"status":0},{"playerId":2268490,"score":1468,"energy":12,"posx":15,"posy":4,"lastAction":5,"status":0},{"playerId":2241999,"score":1618,"energy":12,"posx":15,"posy":4,"lastAction":5,"status":0}],"golds":[{"posx":17,"posy":1,"amount":50},{"posx":15,"posy":4,"amount":400},{"posx":15,"posy":6,"amount":300}],"changedObstacles":[]},{"players":[{"playerId":2349571,"score":950,"energy":30,"posx":7,"posy":6,"lastAction":1,"status":0},{"playerId":2613909,"score":1668,"energy":27,"posx":15,"posy":4,"lastAction":5,"status":0},{"playerId":2268490,"score":1518,"energy":7,"posx":15,"posy":4,"lastAction":5,"status":0},{"playerId":2241999,"score":1668,"energy":7,"posx":15,"posy":4,"lastAction":5,"status":0}],"golds":[{"posx":17,"posy":1,"amount":50},{"posx":15,"posy":4,"amount":250},{"posx":15,"posy":6,"amount":300}],"changedObstacles":[]},{"players":[{"playerId":2349571,"score":950,"energy":29,"posx":8,"posy":6,"lastAction":1,"status":0},{"playerId":2613909,"score":1718,"energy":22,"posx":15,"posy":4,"lastAction":5,"status":0},{"playerId":2268490,"score":1568,"energy":2,"posx":15,"posy":4,"lastAction":5,"status":0},{"playerId":2241999,"score":1718,"energy":2,"posx":15,"posy":4,"lastAction":5,"status":0}],"golds":[{"posx":17,"posy":1,"amount":50},{"posx":15,"posy":4,"amount":100},{"posx":15,"posy":6,"amount":300}],"changedObstacles":[]},{"players":[{"playerId":2349571,"score":950,"energy":28,"posx":9,"posy":6,"lastAction":1,"status":0},{"playerId":2613909,"score":1768,"energy":17,"posx":15,"posy":4,"lastAction":5,"status":0},{"playerId":2268490,"score":1568,"energy":14,"posx":15,"posy":4,"lastAction":4,"status":0},{"playerId":2241999,"score":1718,"energy":14,"posx":15,"posy":4,"lastAction":4,"status":0}],"golds":[{"posx":17,"posy":1,"amount":50},{"posx":15,"posy":4,"amount":50},{"posx":15,"posy":6,"amount":300}],"changedObstacles":[]},{"players":[{"playerId":2349571,"score":950,"energy":27,"posx":10,"posy":6,"lastAction":1,"status":0},{"playerId":2613909,"score":1793,"energy":12,"posx":15,"posy":4,"lastAction":5,"status":0},{"playerId":2268490,"score":1568,"energy":30,"posx":15,"posy":4,"lastAction":4,"status":0},{"playerId":2241999,"score":1743,"energy":9,"posx":15,"posy":4,"lastAction":5,"status":0}],"golds":[{"posx":17,"posy":1,"amount":50},{"posx":15,"posy":6,"amount":300}],"changedObstacles":[{"type":0,"posx":15,"posy":4,"value":-1}]},{"players":[{"playerId":2349571,"score":950,"energy":26,"posx":11,"posy":6,"lastAction":1,"status":0},{"playerId":2613909,"score":1793,"energy":24,"posx":15,"posy":4,"lastAction":4,"status":0},{"playerId":2268490,"score":1568,"energy":29,"posx":15,"posy":5,"lastAction":3,"status":0},{"playerId":2241999,"score":1743,"energy":21,"posx":15,"posy":4,"lastAction":4,"status":0}],"golds":[{"posx":17,"posy":1,"amount":50},{"posx":15,"posy":6,"amount":300}],"changedObstacles":[]},{"players":[{"playerId":2349571,"score":950,"energy":25,"posx":12,"posy":6,"lastAction":1,"status":0},{"playerId":2613909,"score":1793,"energy":23,"posx":15,"posy":5,"lastAction":3,"status":0},{"playerId":2268490,"score":1568,"energy":25,"posx":15,"posy":6,"lastAction":3,"status":0},{"playerId":2241999,"score":1743,"energy":20,"posx":15,"posy":5,"lastAction":3,"status":0}],"golds":[{"posx":17,"posy":1,"amount":50},{"posx":15,"posy":6,"amount":300}],"changedObstacles":[]},{"players":[{"playerId":2349571,"score":950,"energy":24,"posx":13,"posy":6,"lastAction":1,"status":0},{"playerId":2613909,"score":1793,"energy":19,"posx":15,"posy":6,"lastAction":3,"status":0},{"playerId":2268490,"score":1618,"energy":20,"posx":15,"posy":6,"lastAction":5,"status":0},{"playerId":2241999,"score":1743,"energy":16,"posx":15,"posy":6,"lastAction":3,"status":0}],"golds":[{"posx":17,"posy":1,"amount":50},{"posx":15,"posy":6,"amount":250}],"changedObstacles":[]},{"players":[{"playerId":2349571,"score":950,"energy":23,"posx":14,"posy":6,"lastAction":1,"status":0},{"playerId":2613909,"score":1843,"energy":14,"posx":15,"posy":6,"lastAction":5,"status":0},{"playerId":2268490,"score":1668,"energy":15,"posx":15,"posy":6,"lastAction":5,"status":0},{"playerId":2241999,"score":1793,"energy":11,"posx":15,"posy":6,"lastAction":5,"status":0}],"golds":[{"posx":17,"posy":1,"amount":50},{"posx":15,"posy":6,"amount":100}],"changedObstacles":[]},{"players":[{"playerId":2349571,"score":950,"energy":19,"posx":15,"posy":6,"lastAction":1,"status":0},{"playerId":2613909,"score":1877,"energy":9,"posx":15,"posy":6,"lastAction":5,"status":0},{"playerId":2268490,"score":1702,"energy":10,"posx":15,"posy":6,"lastAction":5,"status":0},{"playerId":2241999,"score":1827,"energy":6,"posx":15,"posy":6,"lastAction":5,"status":0}],"golds":[{"posx":17,"posy":1,"amount":50}],"changedObstacles":[{"type":0,"posx":15,"posy":6,"value":-1}]},{"players":[{"playerId":2349571,"score":950,"energy":31,"posx":15,"posy":6,"lastAction":4,"status":0},{"playerId":2613909,"score":1877,"energy":21,"posx":15,"posy":6,"lastAction":4,"status":0},{"playerId":2268490,"score":1702,"energy":22,"posx":15,"posy":6,"lastAction":4,"status":0},{"playerId":2241999,"score":1827,"energy":18,"posx":15,"posy":6,"lastAction":4,"status":0}],"golds":[{"posx":17,"posy":1,"amount":50}],"changedObstacles":[]},{"players":[{"playerId":2349571,"score":950,"energy":30,"posx":15,"posy":5,"lastAction":2,"status":0},{"playerId":2613909,"score":1877,"energy":37,"posx":15,"posy":6,"lastAction":4,"status":0},{"playerId":2268490,"score":1702,"energy":21,"posx":16,"posy":6,"lastAction":1,"status":0},{"playerId":2241999,"score":1827,"energy":34,"posx":15,"posy":6,"lastAction":4,"status":0}],"golds":[{"posx":17,"posy":1,"amount":50}],"changedObstacles":[]},{"players":[{"playerId":2349571,"score":950,"energy":29,"posx":15,"posy":4,"lastAction":2,"status":0},{"playerId":2613909,"score":1877,"energy":36,"posx":16,"posy":6,"lastAction":1,"status":0},{"playerId":2268490,"score":1702,"energy":20,"posx":16,"posy":5,"lastAction":2,"status":0},{"playerId":2241999,"score":1827,"energy":33,"posx":15,"posy":5,"lastAction":2,"status":0}],"golds":[{"posx":17,"posy":1,"amount":50}],"changedObstacles":[]},{"players":[{"playerId":2349571,"score":950,"energy":28,"posx":15,"posy":3,"lastAction":2,"status":0},{"playerId":2613909,"score":1877,"energy":35,"posx":17,"posy":6,"lastAction":1,"status":0},{"playerId":2268490,"score":1702,"energy":32,"posx":16,"posy":5,"lastAction":4,"status":0},{"playerId":2241999,"score":1827,"energy":32,"posx":15,"posy":4,"lastAction":2,"status":0}],"golds":[{"posx":17,"posy":1,"amount":50}],"changedObstacles":[]},{"players":[{"playerId":2349571,"score":950,"energy":27,"posx":15,"posy":2,"lastAction":2,"status":0},{"playerId":2613909,"score":1877,"energy":34,"posx":17,"posy":5,"lastAction":2,"status":0},{"playerId":2268490,"score":1702,"energy":31,"posx":17,"posy":5,"lastAction":1,"status":0},{"playerId":2241999,"score":1827,"energy":31,"posx":15,"posy":3,"lastAction":2,"status":0}],"golds":[{"posx":17,"posy":1,"amount":50}],"changedObstacles":[]},{"players":[{"playerId":2349571,"score":950,"energy":26,"posx":16,"posy":2,"lastAction":1,"status":0},{"playerId":2613909,"score":1877,"energy":33,"posx":17,"posy":4,"lastAction":2,"status":0},{"playerId":2268490,"score":1702,"energy":30,"posx":17,"posy":4,"lastAction":2,"status":0},{"playerId":2241999,"score":1827,"energy":30,"posx":16,"posy":3,"lastAction":1,"status":0}],"golds":[{"posx":17,"posy":1,"amount":50}],"changedObstacles":[]},{"players":[{"playerId":2349571,"score":950,"energy":25,"posx":16,"posy":1,"lastAction":2,"status":0},{"playerId":2613909,"score":1877,"energy":32,"posx":17,"posy":3,"lastAction":2,"status":0},{"playerId":2268490,"score":1702,"energy":29,"posx":17,"posy":3,"lastAction":2,"status":0},{"playerId":2241999,"score":1827,"energy":29,"posx":16,"posy":2,"lastAction":2,"status":0}],"golds":[{"posx":17,"posy":1,"amount":50}],"changedObstacles":[]},{"players":[{"playerId":2349571,"score":950,"energy":21,"posx":17,"posy":1,"lastAction":1,"status":0},{"playerId":2613909,"score":1877,"energy":31,"posx":17,"posy":2,"lastAction":2,"status":0},{"playerId":2268490,"score":1702,"energy":28,"posx":17,"posy":2,"lastAction":2,"status":0},{"playerId":2241999,"score":1827,"energy":28,"posx":16,"posy":1,"lastAction":2,"status":0}],"golds":[{"posx":17,"posy":1,"amount":50}],"changedObstacles":[]},{"players":[{"playerId":2349571,"score":1000,"energy":16,"posx":17,"posy":1,"lastAction":5,"status":0},{"playerId":2613909,"score":1877,"energy":27,"posx":17,"posy":1,"lastAction":2,"status":0},{"playerId":2268490,"score":1702,"energy":24,"posx":17,"posy":1,"lastAction":2,"status":0},{"playerId":2241999,"score":1827,"energy":24,"posx":17,"posy":1,"lastAction":1,"status":0}],"golds":[],"changedObstacles":[{"type":0,"posx":17,"posy":1,"value":-1}]}]