[{"players":[{"playerId":2344466,"score":0,"energy":46,"posx":8,"posy":3,"lastAction":3,"status":0},{"playerId":2410245,"score":0,"energy":46,"posx":8,"posy":3,"lastAction":3,"status":0},{"playerId":2237456,"score":0,"energy":49,"posx":9,"posy":2,"lastAction":1,"status":0},{"playerId":206247,"score":0,"energy":46,"posx":8,"posy":3,"lastAction":3,"status":0}],"golds":[{"posx":1,"posy":8,"amount":100},{"posx":9,"posy":4,"amount":150},{"posx":15,"posy":6,"amount":300},{"posx":19,"posy":2,"amount":50},{"posx":17,"posy":1,"amount":50},{"posx":6,"posy":7,"amount":600},{"posx":1,"posy":6,"amount":600},{"posx":6,"posy":2,"amount":150},{"posx":8,"posy":3,"amount":100},{"posx":14,"posy":5,"amount":550},{"posx":5,"posy":6,"amount":450},{"posx":15,"posy":4,"amount":500},{"posx":18,"posy":7,"amount":350},{"posx":6,"posy":4,"amount":450},{"posx":3,"posy":8,"amount":250},{"posx":16,"posy":0,"amount":400},{"posx":1,"posy":7,"amount":250},{"posx":5,"posy":7,"amount":500},{"posx":13,"posy":6,"amount":550},{"posx":19,"posy":0,"amount":50}],"changedObstacles":[]},{"players":[{"playerId":2344466,"score":0,"energy":45,"posx":8,"posy":4,"lastAction":3,"status":0},{"playerId":2410245,"score":50,"energy":41,"posx":8,"posy":3,"lastAction":5,"status":0},{"playerId":2237456,"score":0,"energy":48,"posx":10,"posy":2,"lastAction":1,"status":0},{"playerId":206247,"score":0,"energy":45,"posx":7,"posy":3,"lastAction":0,"status":0}],"golds":[{"posx":16,"posy":0,"amount":400},{"posx":19,"posy":0,"amount":50},{"posx":17,"posy":1,"amount":50},{"posx":6,"posy":2,"amount":150},{"posx":19,"posy":2,"amount":50},{"posx":8,"posy":3,"amount":50},{"posx":6,"posy":4,"amount":450},{"posx":9,"posy":4,"amount":150},{"posx":15,"posy":4,"amount":500},{"posx":14,"posy":5,"amount":550},{"posx":1,"posy":6,"amount":600},{"posx":5,"posy":6,"amount":450},{"posx":13,"posy":6,"amount":550},{"posx":15,"posy":6,"amount":300},{"posx":1,"posy":7,"amount":250},{"posx":5,"posy":7,"amount":500},{"posx":6,"posy":7,"amount":600},{"posx":18,"posy":7,"amount":350},{"posx":1,"posy":8,"amount":100},{"posx":3,"posy":8,"amount":250}],"changedObstacles":[]},{"players":[{"playerId":2344466,"score":0,"energy":41,"posx":9,"posy":4,"lastAction":1,"status":0},{"playerId":2410245,"score":100,"energy":36,"posx":8,"posy":3,"lastAction":5,"status":0},{"playerId":2237456,"score":0,"energy":47,"posx":11,"posy":2,"lastAction":1,"status":0},{"playerId":206247,"score":0,"energy":44,"posx":6,"posy":3,"lastAction":0,"status":0}],"golds":[{"posx":16,"posy":0,"amount":400},{"posx":19,"posy":0,"amount":50},{"posx":17,"posy":1,"amount":50},{"posx":6,"posy":2,"amount":150},{"posx":19,"posy":2,"amount":50},{"posx":6,"posy":4,"amount":450},{"posx":9,"posy":4,"amount":150},{"posx":15,"posy":4,"amount":500},{"posx":14,"posy":5,"amount":550},{"posx":1,"posy":6,"amount":600},{"posx":5,"posy":6,"amount":450},{"posx":13,"posy":6,"amount":550},{"posx":15,"posy":6,"amount":300},{"posx":1,"posy":7,"amount":250},{"posx":5,"posy":7,"amount":500},{"posx":6,"posy":7,"amount":600},{"posx":18,"posy":7,"amount":350},{"posx":1,"posy":8,"amount":100},{"posx":3,"posy":8,"amount":250}],"changedObstacles":[{"type":0,"posx":8,"posy":3,"value":-1}]},{"players":[{"playerId":2344466,"score":50,"energy":36,"posx":9,"posy":4,"lastAction":5,"status":0},{"playerId":2410245,"score":100,"energy":35,"posx":7,"posy":3,"lastAction":0,"status":0},{"playerId":2237456,"score":0,"energy":46,"posx":12,"posy":2,"lastAction":1,"status":0},{"playerId":206247,"score":0,"energy":43,"posx":5,"posy":3,"lastAction":0,"status":0}],"golds":[{"posx":16,"posy":0,"amount":400},{"posx":19,"posy":0,"amount":50},{"posx":17,"posy":1,"amount":50},{"posx":6,"posy":2,"amount":150},{"posx":19,"posy":2,"amount":50},{"posx":6,"posy":4,"amount":450},{"posx":9,"posy":4,"amount":100},{"posx":15,"posy":4,"amount":500},{"posx":14,"posy":5,"amount":550},{"posx":1,"posy":6,"amount":600},{"posx":5,"posy":6,"amount":450},{"posx":13,"posy":6,"amount":550},{"posx":15,"posy":6,"amount":300},{"posx":1,"posy":7,"amount":250},{"posx":5,"posy":7,"amount":500},{"posx":6,"posy":7,"amount":600},{"posx":18,"posy":7,"amount":350},{"posx":1,"posy":8,"amount":100},{"posx":3,"posy":8,"amount":250}],"changedObstacles":[]},{"players":[{"playerId":2344466,"score":100,"energy":31,"posx":9,"posy":4,"lastAction":5,"status":0},{"playerId":2410245,"score":100,"energy":34,"posx":7,"posy":4,"lastAction":3,"status":0},{"playerId":2237456,"score":0,"energy":36,"posx":13,"posy":2,"lastAction":1,"status":0},{"playerId":206247,"score":0,"energy":42,"posx":5,"posy":4,"lastAction":3,"status":0}],"golds":[{"posx":16,"posy":0,"amount":400},{"posx":19,"posy":0,"amount":50},{"posx":17,"posy":1,"amount":50},{"posx":6,"posy":2,"amount":150},{"posx":19,"posy":2,"amount":50},{"posx":6,"posy":4,"amount":450},{"posx":9,"posy":4,"amount":50},{"posx":15,"posy":4,"amount":500},{"posx":14,"posy":5,"amount":550},{"posx":1,"posy":6,"amount":600},{"posx":5,"posy":6,"amount":450},{"posx":13,"posy":6,"amount":550},{"posx":15,"posy":6,"amount":300},{"posx":1,"posy":7,"amount":250},{"posx":5,"posy":7,"amount":500},{"posx":6,"posy":7,"amount":600},{"posx":18,"posy":7,"amount":350},{"posx":1,"posy":8,"amount":100},{"posx":3,"posy":8,"amount":250}],"changedObstacles":[{"type":0,"posx":13,"posy":2,"value":-1}]},{"players":[{"playerId":2344466,"score":150,"energy":26,"posx":9,"posy":4,"lastAction":5,"status":0},{"playerId":2410245,"score":100,"energy":30,"posx":6,"posy":4,"lastAction":0,"status":0},{"playerId":2237456,"score":0,"energy":35,"posx":13,"posy":3,"lastAction":3,"status":0},{"playerId":206247,"score":0,"energy":41,"posx":5,"posy":5,"lastAction":3,"status":0}],"golds":[{"posx":16,"posy":0,"amount":400},{"posx":19,"posy":0,"amount":50},{"posx":17,"posy":1,"amount":50},{"posx":6,"posy":2,"amount":150},{"posx":19,"posy":2,"amount":50},{"posx":6,"posy":4,"amount":450},{"posx":15,"posy":4,"amount":500},{"posx":14,"posy":5,"amount":550},{"posx":1,"posy":6,"amount":600},{"posx":5,"posy":6,"amount":450},{"posx":13,"posy":6,"amount":550},{"posx":15,"posy":6,"amount":300},{"posx":1,"posy":7,"amount":250},{"posx":5,"posy":7,"amount":500},{"posx":6,"posy":7,"amount":600},{"posx":18,"posy":7,"amount":350},{"posx":1,"posy":8,"amount":100},{"posx":3,"posy":8,"amount":250}],"changedObstacles":[{"type":0,"posx":9,"posy":4,"value":-1}]},{"players":[{"playerId":2344466,"score":150,"energy":25,"posx":8,"posy":4,"lastAction":0,"status":0},{"playerId":2410245,"score":150,"energy":25,"posx":6,"posy":4,"lastAction":5,"status":0},{"playerId":2237456,"score":0,"energy":34,"posx":13,"posy":4,"lastAction":3,"status":0},{"playerId":206247,"score":0,"energy":37,"posx":5,"posy":6,"lastAction":3,"status":0}],"golds":[{"posx":16,"posy":0,"amount":400},{"posx":19,"posy":0,"amount":50},{"posx":17,"posy":1,"amount":50},{"posx":6,"posy":2,"amount":150},{"posx":19,"posy":2,"amount":50},{"posx":6,"posy":4,"amount":400},{"posx":15,"posy":4,"amount":500},{"posx":14,"posy":5,"amount":550},{"posx":1,"posy":6,"amount":600},{"posx":5,"posy":6,"amount":450},{"posx":13,"posy":6,"amount":550},{"posx":15,"posy":6,"amount":300},{"posx":1,"posy":7,"amount":250},{"posx":5,"posy":7,"amount":500},{"posx":6,"posy":7,"amount":600},{"posx":18,"posy":7,"amount":350},{"posx":1,"posy":8,"amount":100},{"posx":3,"posy":8,"amount":250}],"changedObstacles":[]},{"players":[{"playerId":2344466,"score":150,"energy":24,"posx":7,"posy":4,"lastAction":0,"status":0},{"playerId":2410245,"score":200,"energy":20,"posx":6,"posy":4,"lastAction":5,"status":0},{"playerId":2237456,"score":0,"energy":33,"posx":13,"posy":5,"lastAction":3,"status":0},{"playerId":206247,"score":50,"energy":32,"posx":5,"posy":6,"lastAction":5,"status":0}],"golds":[{"posx":16,"posy":0,"amount":400},{"posx":19,"posy":0,"amount":50},{"posx":17,"posy":1,"amount":50},{"posx":6,"posy":2,"amount":150},{"posx":19,"posy":2,"amount":50},{"posx":6,"posy":4,"amount":350},{"posx":15,"posy":4,"amount":500},{"posx":14,"posy":5,"amount":550},{"posx":1,"posy":6,"amount":600},{"posx":5,"posy":6,"amount":400},{"posx":13,"posy":6,"amount":550},{"posx":15,"posy":6,"amount":300},{"posx":1,"posy":7,"amount":250},{"posx":5,"posy":7,"amount":500},{"posx":6,"posy":7,"amount":600},{"posx":18,"posy":7,"amount":350},{"posx":1,"posy":8,"amount":100},{"posx":3,"posy":8,"amount":250}],"changedObstacles":[]},{"players":[{"playerId":2344466,"score":150,"energy":20,"posx":6,"posy":4,"lastAction":0,"status":0},{"playerId":2410245,"score":250,"energy":15,"posx":6,"posy":4,"lastAction":5,"status":0},{"playerId":2237456,"score":0,"energy":29,"posx":14,"posy":5,"lastAction":1,"status":0},{"playerId":206247,"score":100,"energy":27,"posx":5,"posy":6,"lastAction":5,"status":0}],"golds":[{"posx":16,"posy":0,"amount":400},{"posx":19,"posy":0,"amount":50},{"posx":17,"posy":1,"amount":50},{"posx":6,"posy":2,"amount":150},{"posx":19,"posy":2,"amount":50},{"posx":6,"posy":4,"amount":300},{"posx":15,"posy":4,"amount":500},{"posx":14,"posy":5,"amount":550},{"posx":1,"posy":6,"amount":600},{"posx":5,"posy":6,"amount":350},{"posx":13,"posy":6,"amount":550},{"posx":15,"posy":6,"amount":300},{"posx":1,"posy":7,"amount":250},{"posx":5,"posy":7,"amount":500},{"posx":6,"posy":7,"amount":600},{"posx":18,"posy":7,"amount":350},{"posx":1,"posy":8,"amount":100},{"posx":3,"posy":8,"amount":250}],"changedObstacles":[]},{"players":[{"playerId":2344466,"score":200,"energy":15,"posx":6,"posy":4,"lastAction":5,"status":0},{"playerId":2410245,"score":300,"energy":10,"posx":6,"posy":4,"lastAction":5,"status":0},{"playerId":2237456,"score":50,"energy":24,"posx":14,"posy":5,"lastAction":5,"status":0},{"playerId":206247,"score":150,"energy":22,"posx":5,"posy":6,"lastAction":5,"status":0}],"golds":[{"posx":16,"posy":0,"amount":400},{"posx":19,"posy":0,"amount":50},{"posx":17,"posy":1,"amount":50},{"posx":6,"posy":2,"amount":150},{"posx":19,"posy":2,"amount":50},{"posx":6,"posy":4,"amount":200},{"posx":15,"posy":4,"amount":500},{"posx":14,"posy":5,"amount":500},{"posx":1,"posy":6,"amount":600},{"posx":5,"posy":6,"amount":300},{"posx":13,"posy":6,"amount":550},{"posx":15,"posy":6,"amount":300},{"posx":1,"posy":7,"amount":250},{"posx":5,"posy":7,"amount":500},{"posx":6,"posy":7,"amount":600},{"posx":18,"posy":7,"amount":350},{"posx":1,"posy":8,"amount":100},{"posx":3,"posy":8,"amount":250}],"changedObstacles":[]},{"players":[{"playerId":2344466,"score":250,"energy":10,"posx":6,"posy":4,"lastAction":5,"status":0},{"playerId":2410245,"score":350,"energy":5,"posx":6,"posy":4,"lastAction":5,"status":0},{"playerId":2237456,"score":100,"energy":19,"posx":14,"posy":5,"lastAction":5,"status":0},{"playerId":206247,"score":200,"energy":17,"posx":5,"posy":6,"lastAction":5,"status":0}],"golds":[{"posx":16,"posy":0,"amount":400},{"posx":19,"posy":0,"amount":50},{"posx":17,"posy":1,"amount":50},{"posx":6,"posy":2,"amount":150},{"posx":19,"posy":2,"amount":50},{"posx":6,"posy":4,"amount":100},{"posx":15,"posy":4,"amount":500},{"posx":14,"posy":5,"amount":450},{"posx":1,"posy":6,"amount":600},{"posx":5,"posy":6,"amount":250},{"posx":13,"posy":6,"amount":550},{"posx":15,"posy":6,"amount":300},{"posx":1,"posy":7,"amount":250},{"posx":5,"posy":7,"amount":500},{"posx":6,"posy":7,"amount":600},{"posx":18,"posy":7,"amount":350},{"posx":1,"posy":8,"amount":100},{"posx":3,"posy":8,"amount":250}],"changedObstacles":[]},{"players":[{"playerId":2344466,"score":300,"energy":5,"posx":6,"posy":4,"lastAction":5,"status":0},{"playerId":2410245,"score":350,"energy":17,"posx":6,"posy":4,"lastAction":4,"status":0},{"playerId":2237456,"score":150,"energy":14,"posx":14,"posy":5,"lastAction":5,"status":0},{"playerId":206247,"score":250,"energy":12,"posx":5,"posy":6,"lastAction":5,"status":0}],"golds":[{"posx":16,"posy":0,"amount":400},{"posx":19,"posy":0,"amount":50},{"posx":17,"posy":1,"amount":50},{"posx":6,"posy":2,"amount":150},{"posx":19,"posy":2,"amount":50},{"posx":6,"posy":4,"amount":50},{"posx":15,"posy":4,"amount":500},{"posx":14,"posy":5,"amount":400},{"posx":1,"posy":6,"amount":600},{"posx":5,"posy":6,"amount":200},{"posx":13,"posy":6,"amount":550},{"posx":15,"posy":6,"amount":300},{"posx":1,"posy":7,"amount":250},{"posx":5,"posy":7,"amount":500},{"posx":6,"posy":7,"amount":600},{"posx":18,"posy":7,"amount":350},{"posx":1,"posy":8,"amount":100},{"posx":3,"posy":8,"amount":250}],"changedObstacles":[]},{"players":[{"playerId":2344466,"score":300,"energy":4,"posx":6,"posy":3,"lastAction":2,"status":0},{"playerId":2410245,"score":400,"energy":12,"posx":6,"posy":4,"lastAction":5,"status":0},{"playerId":2237456,"score":200,"energy":9,"posx":14,"posy":5,"lastAction":5,"status":0},{"playerId":206247,"score":300,"energy":7,"posx":5,"posy":6,"lastAction":5,"status":0}],"golds":[{"posx":16,"posy":0,"amount":400},{"posx":19,"posy":0,"amount":50},{"posx":17,"posy":1,"amount":50},{"posx":6,"posy":2,"amount":150},{"posx":19,"posy":2,"amount":50},{"posx":15,"posy":4,"amount":500},{"posx":14,"posy":5,"amount":350},{"posx":1,"posy":6,"amount":600},{"posx":5,"posy":6,"amount":150},{"posx":13,"posy":6,"amount":550},{"posx":15,"posy":6,"amount":300},{"posx":1,"posy":7,"amount":250},{"posx":5,"posy":7,"amount":500},{"posx":6,"posy":7,"amount":600},{"posx":18,"posy":7,"amount":350},{"posx":1,"posy":8,"amount":100},{"posx":3,"posy":8,"amount":250}],"changedObstacles":[{"type":0,"posx":6,"posy":4,"value":-1}]},{"players":[{"playerId":2344466,"score":300,"energy":16,"posx":6,"posy":3,"lastAction":4,"status":0},{"playerId":2410245,"score":400,"energy":11,"posx":6,"posy":5,"lastAction":3,"status":0},{"playerId":2237456,"score":250,"energy":4,"posx":14,"posy":5,"lastAction":5,"status":0},{"playerId":206247,"score":350,"energy":2,"posx":5,"posy":6,"lastAction":5,"status":0}],"golds":[{"posx":16,"posy":0,"amount":400},{"posx":19,"posy":0,"amount":50},{"posx":17,"posy":1,"amount":50},{"posx":6,"posy":2,"amount":150},{"posx":19,"posy":2,"amount":50},{"posx":15,"posy":4,"amount":500},{"posx":14,"posy":5,"amount":300},{"posx":1,"posy":6,"amount":600},{"posx":5,"posy":6,"amount":100},{"posx":13,"posy":6,"amount":550},{"posx":15,"posy":6,"amount":300},{"posx":1,"posy":7,"amount":250},{"posx":5,"posy":7,"amount":500},{"posx":6,"posy":7,"amount":600},{"posx":18,"posy":7,"amount":350},{"posx":1,"posy":8,"amount":100},{"posx":3,"posy":8,"amount":250}],"changedObstacles":[]},{"players":[{"playerId":2344466,"score":300,"energy":32,"posx":6,"posy":3,"lastAction":4,"status":0},{"playerId":2410245,"score":400,"energy":10,"posx":6,"posy":6,"lastAction":3,"status":0},{"playerId":2237456,"score":250,"energy":16,"posx":14,"posy":5,"lastAction":4,"status":0},{"playerId":206247,"score":350,"energy":14,"posx":5,"posy":6,"lastAction":4,"status":0}],"golds":[{"posx":16,"posy":0,"amount":400},{"posx":19,"posy":0,"amount":50},{"posx":17,"posy":1,"amount":50},{"posx":6,"posy":2,"amount":150},{"posx":19,"posy":2,"amount":50},{"posx":15,"posy":4,"amount":500},{"posx":14,"posy":5,"amount":300},{"posx":1,"posy":6,"amount":600},{"posx":5,"posy":6,"amount":100},{"posx":13,"posy":6,"amount":550},{"posx":15,"posy":6,"amount":300},{"posx":1,"posy":7,"amount":250},{"posx":5,"posy":7,"amount":500},{"posx":6,"posy":7,"amount":600},{"posx":18,"posy":7,"amount":350},{"posx":1,"posy":8,"amount":100},{"posx":3,"posy":8,"amount":250}],"changedObstacles":[]},{"players":[{"playerId":2344466,"score":300,"energy":50,"posx":6,"posy":3,"lastAction":4,"status":0},{"playerId":2410245,"score":400,"energy":6,"posx":6,"posy":7,"lastAction":3,"status":0},{"playerId":2237456,"score":250,"energy":32,"posx":14,"posy":5,"lastAction":4,"status":0},{"playerId":206247,"score":350,"energy":30,"posx":5,"posy":6,"lastAction":4,"status":0}],"golds":[{"posx":16,"posy":0,"amount":400},{"posx":19,"posy":0,"amount":50},{"posx":17,"posy":1,"amount":50},{"posx":6,"posy":2,"amount":150},{"posx":19,"posy":2,"amount":50},{"posx":15,"posy":4,"amount":500},{"posx":14,"posy":5,"amount":300},{"posx":1,"posy":6,"amount":600},{"posx":5,"posy":6,"amount":100},{"posx":13,"posy":6,"amount":550},{"posx":15,"posy":6,"amount":300},{"posx":1,"posy":7,"amount":250},{"posx":5,"posy":7,"amount":500},{"posx":6,"posy":7,"amount":600},{"posx":18,"posy":7,"amount":350},{"posx":1,"posy":8,"amount":100},{"posx":3,"posy":8,"amount":250}],"changedObstacles":[]},{"players":[{"playerId":2344466,"score":300,"energy":46,"posx":6,"posy":2,"lastAction":2,"status":0},{"playerId":2410245,"score":450,"energy":1,"posx":6,"posy":7,"lastAction":5,"status":0},{"playerId":2237456,"score":250,"energy":50,"posx":14,"posy":5,"lastAction":4,"status":0},{"playerId":206247,"score":350,"energy":50,"posx":5,"posy":6,"lastAction":4,"status":0}],"golds":[{"posx":16,"posy":0,"amount":400},{"posx":19,"posy":0,"amount":50},{"posx":17,"posy":1,"amount":50},{"posx":6,"posy":2,"amount":150},{"posx":19,"posy":2,"amount":50},{"posx":15,"posy":4,"amount":500},{"posx":14,"posy":5,"amount":300},{"posx":1,"posy":6,"amount":600},{"posx":5,"posy":6,"amount":100},{"posx":13,"posy":6,"amount":550},{"posx":15,"posy":6,"amount":300},{"posx":1,"posy":7,"amount":250},{"posx":5,"posy":7,"amount":500},{"posx":6,"posy":7,"amount":550},{"posx":18,"posy":7,"amount":350},{"posx":1,"posy":8,"amount":100},{"posx":3,"posy":8,"amount":250}],"changedObstacles":[]},{"players":[{"playerId":2344466,"score":350,"energy":41,"posx":6,"posy":2,"lastAction":5,"status":0},{"playerId":2410245,"score":450,"energy":13,"posx":6,"posy":7,"lastAction":4,"status":0},{"playerId":2237456,"score":300,"energy":45,"posx":14,"posy":5,"lastAction":5,"status":0},{"playerId":206247,"score":400,"energy":45,"posx":5,"posy":6,"lastAction":5,"status":0}],"golds":[{"posx":16,"posy":0,"amount":400},{"posx":19,"posy":0,"amount":50},{"posx":17,"posy":1,"amount":50},{"posx":6,"posy":2,"amount":100},{"posx":19,"posy":2,"amount":50},{"posx":15,"posy":4,"amount":500},{"posx":14,"posy":5,"amount":250},{"posx":1,"posy":6,"amount":600},{"posx":5,"posy":6,"amount":50},{"posx":13,"posy":6,"amount":550},{"posx":15,"posy":6,"amount":300},{"posx":1,"posy":7,"amount":250},{"posx":5,"posy":7,"amount":500},{"posx":6,"posy":7,"amount":550},{"posx":18,"posy":7,"amount":350},{"posx":1,"posy":8,"amount":100},{"posx":3,"posy":8,"amount":250}],"changedObstacles":[]},{"players":[{"playerId":2344466,"score":400,"energy":36,"posx":6,"posy":2,"lastAction":5,"status":0},{"playerId":2410245,"score":500,"energy":8,"posx":6,"posy":7,"lastAction":5,"status":0},{"playerId":2237456,"score":350,"energy":40,"posx":14,"posy":5,"lastAction":5,"status":0},{"playerId":206247,"score":450,"energy":40,"posx":5,"posy":6,"lastAction":5,"status":0}],"golds":[{"posx":16,"posy":0,"amount":400},{"posx":19,"posy":0,"amount":50},{"posx":17,"posy":1,"amount":50},{"posx":6,"posy":2,"amount":50},{"posx":19,"posy":2,"amount":50},{"posx":15,"posy":4,"amount":500},{"posx":14,"posy":5,"amount":200},{"posx":1,"posy":6,"amount":600},{"posx":13,"posy":6,"amount":550},{"posx":15,"posy":6,"amount":300},{"posx":1,"posy":7,"amount":250},{"posx":5,"posy":7,"amount":500},{"posx":6,"posy":7,"amount":500},{"posx":18,"posy":7,"amount":350},{"posx":1,"posy":8,"amount":100},{"posx":3,"posy":8,"amount":250}],"changedObstacles":[{"type":0,"posx":5,"posy":6,"value":-1}]},{"players":[{"playerId":2344466,"score":450,"energy":31,"posx":6,"posy":2,"lastAction":5,"status":0},{"playerId":2410245,"score":550,"energy":3,"posx":6,"posy":7,"lastAction":5,"status":0},{"playerId":2237456,"score":400,"energy":35,"posx":14,"posy":5,"lastAction":5,"status":0},{"playerId":206247,"score":450,"energy":36,"posx":5,"posy":7,"lastAction":3,"status":0}],"golds":[{"posx":16,"posy":0,"amount":400},{"posx":19,"posy":0,"amount":50},{"posx":17,"posy":1,"amount":50},{"posx":19,"posy":2,"amount":50},{"posx":15,"posy":4,"amount":500},{"posx":14,"posy":5,"amount":150},{"posx":1,"posy":6,"amount":600},{"posx":13,"posy":6,"amount":550},{"posx":15,"posy":6,"amount":300},{"posx":1,"posy":7,"amount":250},{"posx":5,"posy":7,"amount":500},{"posx":6,"posy":7,"amount":450},{"posx":18,"posy":7,"amount":350},{"posx":1,"posy":8,"amount":100},{"posx":3,"posy":8,"amount":250}],"changedObstacles":[{"type":0,"posx":6,"posy":2,"value":-1}]},{"players":[{"playerId":2344466,"score":450,"energy":30,"posx":6,"posy":3,"lastAction":3,"status":0},{"playerId":2410245,"score":550,"energy":15,"posx":6,"posy":7,"lastAction":4,"status":0},{"playerId":2237456,"score":450,"energy":30,"posx":14,"posy":5,"lastAction":5,"status":0},{"playerId":206247,"score":500,"energy":31,"posx":5,"posy":7,"lastAction":5,"status":0}],"golds":[{"posx":16,"posy":0,"amount":400},{"posx":19,"posy":0,"amount":50},{"posx":17,"posy":1,"amount":50},{"posx":19,"posy":2,"amount":50},{"posx":15,"posy":4,"amount":500},{"posx":14,"posy":5,"amount":100},{"posx":1,"posy":6,"amount":600},{"posx":13,"posy":6,"amount":550},{"posx":15,"posy":6,"amount":300},{"posx":1,"posy":7,"amount":250},{"posx":5,"posy":7,"amount":450},{"posx":6,"posy":7,"amount":450},{"posx":18,"posy":7,"amount":350},{"posx":1,"posy":8,"amount":100},{"posx":3,"posy":8,"amount":250}],"changedObstacles":[]},{"players":[{"playerId":2344466,"score":450,"energy":29,"posx":6,"posy":4,"lastAction":3,"status":0},{"playerId":2410245,"score":600,"energy":10,"posx":6,"posy":7,"lastAction":5,"status":0},{"playerId":2237456,"score":500,"energy":25,"posx":14,"posy":5,"lastAction":5,"status":0},{"playerId":206247,"score":550,"energy":26,"posx":5,"posy":7,"lastAction":5,"status":0}],"golds":[{"posx":16,"posy":0,"amount":400},{"posx":19,"posy":0,"amount":50},{"posx":17,"posy":1,"amount":50},{"posx":19,"posy":2,"amount":50},{"posx":15,"posy":4,"amount":500},{"posx":14,"posy":5,"amount":50},{"posx":1,"posy":6,"amount":600},{"posx":13,"posy":6,"amount":550},{"posx":15,"posy":6,"amount":300},{"posx":1,"posy":7,"amount":250},{"posx":5,"posy":7,"amount":400},{"posx":6,"posy":7,"amount":400},{"posx":18,"posy":7,"amount":350},{"posx":1,"posy":8,"amount":100},{"posx":3,"posy":8,"amount":250}],"changedObstacles":[]},{"players":[{"playerId":2344466,"score":450,"energy":28,"posx":6,"posy":5,"lastAction":3,"status":0},{"playerId":2410245,"score":650,"energy":5,"posx":6,"posy":7,"lastAction":5,"status":0},{"playerId":2237456,"score":550,"energy":20,"posx":14,"posy":5,"lastAction":5,"status":0},{"playerId":206247,"score":600,"energy":21,"posx":5,"posy":7,"lastAction":5,"status":0}],"golds":[{"posx":16,"posy":0,"amount":400},{"posx":19,"posy":0,"amount":50},{"posx":17,"posy":1,"amount":50},{"posx":19,"posy":2,"amount":50},{"posx":15,"posy":4,"amount":500},{"posx":1,"posy":6,"amount":600},{"posx":13,"posy":6,"amount":550},{"posx":15,"posy":6,"amount":300},{"posx":1,"posy":7,"amount":250},{"posx":5,"posy":7,"amount":350},{"posx":6,"posy":7,"amount":350},{"posx":18,"posy":7,"amount":350},{"posx":1,"posy":8,"amount":100},{"posx":3,"posy":8,"amount":250}],"changedObstacles":[{"type":0,"posx":14,"posy":5,"value":-1}]},{"players":[{"playerId":2344466,"score":450,"energy":27,"posx":6,"posy":6,"lastAction":3,"status":0},{"playerId":2410245,"score":650,"energy":17,"posx":6,"posy":7,"lastAction":4,"status":0},{"playerId":2237456,"score":550,"energy":19,"posx":13,"posy":5,"lastAction":0,"status":0},{"playerId":206247,"score":650,"energy":16,"posx":5,"posy":7,"lastAction":5,"status":0}],"golds":[{"posx":16,"posy":0,"amount":400},{"posx":19,"posy":0,"amount":50},{"posx":17,"posy":1,"amount":50},{"posx":19,"posy":2,"amount":50},{"posx":15,"posy":4,"amount":500},{"posx":1,"posy":6,"amount":600},{"posx":13,"posy":6,"amount":550},{"posx":15,"posy":6,"amount":300},{"posx":1,"posy":7,"amount":250},{"posx":5,"posy":7,"amount":300},{"posx":6,"posy":7,"amount":350},{"posx":18,"posy":7,"amount":350},{"posx":1,"posy":8,"amount":100},{"posx":3,"posy":8,"amount":250}],"changedObstacles":[]},{"players":[{"playerId":2344466,"score":450,"energy":23,"posx":6,"posy":7,"lastAction":3,"status":0},{"playerId":2410245,"score":700,"energy":12,"posx":6,"posy":7,"lastAction":5,"status":0},{"playerId":2237456,"score":550,"energy":15,"posx":13,"posy":6,"lastAction":3,"status":0},{"playerId":206247,"score":700,"energy":11,"posx":5,"posy":7,"lastAction":5,"status":0}],"golds":[{"posx":16,"posy":0,"amount":400},{"posx":19,"posy":0,"amount":50},{"posx":17,"posy":1,"amount":50},{"posx":19,"posy":2,"amount":50},{"posx":15,"posy":4,"amount":500},{"posx":1,"posy":6,"amount":600},{"posx":13,"posy":6,"amount":550},{"posx":15,"posy":6,"amount":300},{"posx":1,"posy":7,"amount":250},{"posx":5,"posy":7,"amount":250},{"posx":6,"posy":7,"amount":300},{"posx":18,"posy":7,"amount":350},{"posx":1,"posy":8,"amount":100},{"posx":3,"posy":8,"amount":250}],"changedObstacles":[]},{"players":[{"playerId":2344466,"score":500,"energy":18,"posx":6,"posy":7,"lastAction":5,"status":0},{"playerId":2410245,"score":750,"energy":7,"posx":6,"posy":7,"lastAction":5,"status":0},{"playerId":2237456,"score":600,"energy":10,"posx":13,"posy":6,"lastAction":5,"status":0},{"playerId":206247,"score":750,"energy":6,"posx":5,"posy":7,"lastAction":5,"status":0}],"golds":[{"posx":16,"posy":0,"amount":400},{"posx":19,"posy":0,"amount":50},{"posx":17,"posy":1,"amount":50},{"posx":19,"posy":2,"amount":50},{"posx":15,"posy":4,"amount":500},{"posx":1,"posy":6,"amount":600},{"posx":13,"posy":6,"amount":500},{"posx":15,"posy":6,"amount":300},{"posx":1,"posy":7,"amount":250},{"posx":5,"posy":7,"amount":200},{"posx":6,"posy":7,"amount":200},{"posx":18,"posy":7,"amount":350},{"posx":1,"posy":8,"amount":100},{"posx":3,"posy":8,"amount":250}],"changedObstacles":[]},{"players":[{"playerId":2344466,"score":550,"energy":13,"posx":6,"posy":7,"lastAction":5,"status":0},{"playerId":2410245,"score":800,"energy":2,"posx":6,"posy":7,"lastAction":5,"status":0},{"playerId":2237456,"score":650,"energy":5,"posx":13,"posy":6,"lastAction":5,"status":0},{"playerId":206247,"score":800,"energy":1,"posx":5,"posy":7,"lastAction":5,"status":0}],"golds":[{"posx":16,"posy":0,"amount":400},{"posx":19,"posy":0,"amount":50},{"posx":17,"posy":1,"amount":50},{"posx":19,"posy":2,"amount":50},{"posx":15,"posy":4,"amount":500},{"posx":1,"posy":6,"amount":600},{"posx":13,"posy":6,"amount":450},{"posx":15,"posy":6,"amount":300},{"posx":1,"posy":7,"amount":250},{"posx":5,"posy":7,"amount":150},{"posx":6,"posy":7,"amount":100},{"posx":18,"posy":7,"amount":350},{"posx":1,"posy":8,"amount":100},{"posx":3,"posy":8,"amount":250}],"changedObstacles":[]},{"players":[{"playerId":2344466,"score":600,"energy":8,"posx":6,"posy":7,"lastAction":5,"status":0},{"playerId":2410245,"score":800,"energy":14,"posx":6,"posy":7,"lastAction":4,"status":0},{"playerId":2237456,"score":650,"energy":17,"posx":13,"posy":6,"lastAction":4,"status":0},{"playerId":206247,"score":800,"energy":13,"posx":5,"posy":7,"lastAction":4,"status":0}],"golds":[{"posx":16,"posy":0,"amount":400},{"posx":19,"posy":0,"amount":50},{"posx":17,"posy":1,"amount":50},{"posx":19,"posy":2,"amount":50},{"posx":15,"posy":4,"amount":500},{"posx":1,"posy":6,"amount":600},{"posx":13,"posy":6,"amount":450},{"posx":15,"posy":6,"amount":300},{"posx":1,"posy":7,"amount":250},{"posx":5,"posy":7,"amount":150},{"posx":6,"posy":7,"amount":50},{"posx":18,"posy":7,"amount":350},{"posx":1,"posy":8,"amount":100},{"posx":3,"posy":8,"amount":250}],"changedObstacles":[]},{"players":[{"playerId":2344466,"score":600,"energy":4,"posx":5,"posy":7,"lastAction":0,"status":0},{"playerId":2410245,"score":850,"energy":9,"posx":6,"posy":7,"lastAction":5,"status":0},{"playerId":2237456,"score":650,"energy":33,"posx":13,"posy":6,"lastAction":4,"status":0},{"playerId":206247,"score":800,"energy":29,"posx":5,"posy":7,"lastAction":4,"status":0}],"golds":[{"posx":16,"posy":0,"amount":400},{"posx":19,"posy":0,"amount":50},{"posx":17,"posy":1,"amount":50},{"posx":19,"posy":2,"amount":50},{"posx":15,"posy":4,"amount":500},{"posx":1,"posy":6,"amount":600},{"posx":13,"posy":6,"amount":450},{"posx":15,"posy":6,"amount":300},{"posx":1,"posy":7,"amount":250},{"posx":5,"posy":7,"amount":150},{"posx":18,"posy":7,"amount":350},{"posx":1,"posy":8,"amount":100},{"posx":3,"posy":8,"amount":250}],"changedObstacles":[{"type":0,"posx":6,"posy":7,"value":-1}]},{"players":[{"playerId":2344466,"score":600,"energy":16,"posx":5,"posy":7,"lastAction":4,"status":0},{"playerId":2410245,"score":850,"energy":5,"posx":5,"posy":7,"lastAction":0,"status":0},{"playerId":2237456,"score":650,"energy":50,"posx":13,"posy":6,"lastAction":4,"status":0},{"playerId":206247,"score":800,"energy":50,"posx":5,"posy":7,"lastAction":4,"status":0}],"golds":[{"posx":16,"posy":0,"amount":400},{"posx":19,"posy":0,"amount":50},{"posx":17,"posy":1,"amount":50},{"posx":19,"posy":2,"amount":50},{"posx":15,"posy":4,"amount":500},{"posx":1,"posy":6,"amount":600},{"posx":13,"posy":6,"amount":450},{"posx":15,"posy":6,"amount":300},{"posx":1,"posy":7,"amount":250},{"posx":5,"posy":7,"amount":150},{"posx":18,"posy":7,"amount":350},{"posx":1,"posy":8,"amount":100},{"posx":3,"posy":8,"amount":250}],"changedObstacles":[]},{"players":[{"playerId":2344466,"score":600,"energy":32,"posx":5,"posy":7,"lastAction":4,"status":0},{"playerId":2410245,"score":850,"energy":17,"posx":5,"posy":7,"lastAction":4,"status":0},{"playerId":2237456,"score":700,"energy":45,"posx":13,"posy":6,"lastAction":5,"status":0},{"playerId":206247,"score":850,"energy":45,"posx":5,"posy":7,"lastAction":5,"status":0}],"golds":[{"posx":16,"posy":0,"amount":400},{"posx":19,"posy":0,"amount":50},{"posx":17,"posy":1,"amount":50},{"posx":19,"posy":2,"amount":50},{"posx":15,"posy":4,"amount":500},{"posx":1,"posy":6,"amount":600},{"posx":13,"posy":6,"amount":400},{"posx":15,"posy":6,"amount":300},{"posx":1,"posy":7,"amount":250},{"posx":5,"posy":7,"amount":100},{"posx":18,"posy":7,"amount":350},{"posx":1,"posy":8,"amount":100},{"posx":3,"posy":8,"amount":250}],"changedObstacles":[]},{"players":[{"playerId":2344466,"score":600,"energy":50,"posx":5,"posy":7,"lastAction":4,"status":0},{"playerId":2410245,"score":900,"energy":12,"posx":5,"posy":7,"lastAction":5,"status":0},{"playerId":2237456,"score":750,"energy":40,"posx":13,"posy":6,"lastAction":5,"status":0},{"playerId":206247,"score":900,"energy":40,"posx":5,"posy":7,"lastAction":5,"status":0}],"golds":[{"posx":16,"posy":0,"amount":400},{"posx":19,"posy":0,"amount":50},{"posx":17,"posy":1,"amount":50},{"posx":19,"posy":2,"amount":50},{"posx":15,"posy":4,"amount":500},{"posx":1,"posy":6,"amount":600},{"posx":13,"posy":6,"amount":350},{"posx":15,"posy":6,"amount":300},{"posx":1,"posy":7,"amount":250},{"posx":18,"posy":7,"amount":350},{"posx":1,"posy":8,"amount":100},{"posx":3,"posy":8,"amount":250}],"changedObstacles":[{"type":0,"posx":5,"posy":7,"value":-1}]},{"players":[{"playerId":2344466,"score":600,"energy":49,"posx":5,"posy":6,"lastAction":2,"status":0},{"playerId":2410245,"score":900,"energy":11,"posx":5,"posy":6,"lastAction":2,"status":0},{"playerId":2237456,"score":800,"energy":35,"posx":13,"posy":6,"lastAction":5,"status":0},{"playerId":206247,"score":900,"energy":39,"posx":5,"posy":8,"lastAction":3,"status":0}],"golds":[{"posx":16,"posy":0,"amount":400},{"posx":19,"posy":0,"amount":50},{"posx":17,"posy":1,"amount":50},{"posx":19,"posy":2,"amount":50},{"posx":15,"posy":4,"amount":500},{"posx":1,"posy":6,"amount":600},{"posx":13,"posy":6,"amount":300},{"posx":15,"posy":6,"amount":300},{"posx":1,"posy":7,"amount":250},{"posx":18,"posy":7,"amount":350},{"posx":1,"posy":8,"amount":100},{"posx":3,"posy":8,"amount":250}],"changedObstacles":[]},{"players":[{"playerId":2344466,"score":600,"energy":48,"posx":4,"posy":6,"lastAction":0,"status":0},{"playerId":2410245,"score":900,"energy":10,"posx":4,"posy":6,"lastAction":0,"status":0},{"playerId":2237456,"score":850,"energy":30,"posx":13,"posy":6,"lastAction":5,"status":0},{"playerId":206247,"score":900,"energy":38,"posx":4,"posy":8,"lastAction":0,"status":0}],"golds":[{"posx":16,"posy":0,"amount":400},{"posx":19,"posy":0,"amount":50},{"posx":17,"posy":1,"amount":50},{"posx":19,"posy":2,"amount":50},{"posx":15,"posy":4,"amount":500},{"posx":1,"posy":6,"amount":600},{"posx":13,"posy":6,"amount":250},{"posx":15,"posy":6,"amount":300},{"posx":1,"posy":7,"amount":250},{"posx":18,"posy":7,"amount":350},{"posx":1,"posy":8,"amount":100},{"posx":3,"posy":8,"amount":250}],"changedObstacles":[]},{"players":[{"playerId":2344466,"score":600,"energy":47,"posx":3,"posy":6,"lastAction":0,"status":0},{"playerId":2410245,"score":900,"energy":9,"posx":3,"posy":6,"lastAction":0,"status":0},{"playerId":2237456,"score":900,"energy":25,"posx":13,"posy":6,"lastAction":5,"status":0},{"playerId":206247,"score":900,"energy":34,"posx":3,"posy":8,"lastAction":0,"status":0}],"golds":[{"posx":16,"posy":0,"amount":400},{"posx":19,"posy":0,"amount":50},{"posx":17,"posy":1,"amount":50},{"posx":19,"posy":2,"amount":50},{"posx":15,"posy":4,"amount":500},{"posx":1,"posy":6,"amount":600},{"posx":13,"posy":6,"amount":200},{"posx":15,"posy":6,"amount":300},{"posx":1,"posy":7,"amount":250},{"posx":18,"posy":7,"amount":350},{"posx":1,"posy":8,"amount":100},{"posx":3,"posy":8,"amount":250}],"changedObstacles":[]},{"players":[{"playerId":2344466,"score":600,"energy":46,"posx":2,"posy":6,"lastAction":0,"status":0},{"playerId":2410245,"score":900,"energy":8,"posx":2,"posy":6,"lastAction":0,"status":0},{"playerId":2237456,"score":950,"energy":20,"posx":13,"posy":6,"lastAction":5,"status":0},{"playerId":206247,"score":950,"energy":29,"posx":3,"posy":8,"lastAction":5,"status":0}],"golds":[{"posx":16,"posy":0,"amount":400},{"posx":19,"posy":0,"amount":50},{"posx":17,"posy":1,"amount":50},{"posx":19,"posy":2,"amount":50},{"posx":15,"posy":4,"amount":500},{"posx":1,"posy":6,"amount":600},{"posx":13,"posy":6,"amount":150},{"posx":15,"posy":6,"amount":300},{"posx":1,"posy":7,"amount":250},{"posx":18,"posy":7,"amount":350},{"posx":1,"posy":8,"amount":100},{"posx":3,"posy":8,"amount":200}],"changedObstacles":[]},{"players":[{"playerId":2344466,"score":600,"energy":42,"posx":1,"posy":6,"lastAction":0,"status":0},{"playerId":2410245,"score":900,"energy":4,"posx":1,"posy":6,"lastAction":0,"status":0},{"playerId":2237456,"score":1000,"energy":15,"posx":13,"posy":6,"lastAction":5,"status":0},{"playerId":206247,"score":1000,"energy":24,"posx":3,"posy":8,"lastAction":5,"status":0}],"golds":[{"posx":16,"posy":0,"amount":400},{"posx":19,"posy":0,"amount":50},{"posx":17,"posy":1,"amount":50},{"posx":19,"posy":2,"amount":50},{"posx":15,"posy":4,"amount":500},{"posx":1,"posy":6,"amount":600},{"posx":13,"posy":6,"amount":100},{"posx":15,"posy":6,"amount":300},{"posx":1,"posy":7,"amount":250},{"posx":18,"posy":7,"amount":350},{"posx":1,"posy":8,"amount":100},{"posx":3,"posy":8,"amount":150}],"changedObstacles":[]},{"players":[{"playerId":2344466,"score":650,"energy":37,"posx":1,"posy":6,"lastAction":5,"status":0},{"playerId":2410245,"score":900,"energy":16,"posx":1,"posy":6,"lastAction":4,"status":0},{"playerId":2237456,"score":1050,"energy":10,"posx":13,"posy":6,"lastAction":5,"status":0},{"playerId":206247,"score":1050,"energy":19,"posx":3,"posy":8,"lastAction":5,"status":0}],"golds":[{"posx":16,"posy":0,"amount":400},{"posx":19,"posy":0,"amount":50},{"posx":17,"posy":1,"amount":50},{"posx":19,"posy":2,"amount":50},{"posx":15,"posy":4,"amount":500},{"posx":1,"posy":6,"amount":550},{"posx":13,"posy":6,"amount":50},{"posx":15,"posy":6,"amount":300},{"posx":1,"posy":7,"amount":250},{"posx":18,"posy":7,"amount":350},{"posx":1,"posy":8,"amount":100},{"posx":3,"posy":8,"amount":100}],"changedObstacles":[]},{"players":[{"playerId":2344466,"score":700,"energy":32,"posx":1,"posy":6,"lastAction":5,"status":0},{"playerId":2410245,"score":950,"energy":11,"posx":1,"posy":6,"lastAction":5,"status":0},{"playerId":2237456,"score":1100,"energy":5,"posx":13,"posy":6,"lastAction":5,"status":0},{"playerId":206247,"score":1100,"energy":14,"posx":3,"posy":8,"lastAction":5,"status":0}],"golds":[{"posx":16,"posy":0,"amount":400},{"posx":19,"posy":0,"amount":50},{"posx":17,"posy":1,"amount":50},{"posx":19,"posy":2,"amount":50},{"posx":15,"posy":4,"amount":500},{"posx":1,"posy":6,"amount":450},{"posx":15,"posy":6,"amount":300},{"posx":1,"posy":7,"amount":250},{"posx":18,"posy":7,"amount":350},{"posx":1,"posy":8,"amount":100},{"posx":3,"posy":8,"amount":50}],"changedObstacles":[{"type":0,"posx":13,"posy":6,"value":-1}]},{"players":[{"playerId":2344466,"score":750,"energy":27,"posx":1,"posy":6,"lastAction":5,"status":0},{"playerId":2410245,"score":1000,"energy":6,"posx":1,"posy":6,"lastAction":5,"status":0},{"playerId":2237456,"score":1100,"energy":4,"posx":14,"posy":6,"lastAction":1,"status":0},{"playerId":206247,"score":1100,"energy":13,"posx":2,"posy":8,"lastAction":0,"status":0}],"golds":[{"posx":16,"posy":0,"amount":400},{"posx":19,"posy":0,"amount":50},{"posx":17,"posy":1,"amount":50},{"posx":19,"posy":2,"amount":50},{"posx":15,"posy":4,"amount":500},{"posx":1,"posy":6,"amount":350},{"posx":15,"posy":6,"amount":300},{"posx":1,"posy":7,"amount":250},{"posx":18,"posy":7,"amount":350},{"posx":1,"posy":8,"amount":100},{"posx":3,"posy":8,"amount":50}],"changedObstacles":[]},{"players":[{"playerId":2344466,"score":800,"energy":22,"posx":1,"posy":6,"lastAction":5,"status":0},{"playerId":2410245,"score":1050,"energy":1,"posx":1,"posy":6,"lastAction":5,"status":0},{"playerId":2237456,"score":1100,"energy":3,"posx":14,"posy":5,"lastAction":2,"status":0},{"playerId":206247,"score":1100,"energy":12,"posx":2,"posy":7,"lastAction":2,"status":0}],"golds":[{"posx":16,"posy":0,"amount":400},{"posx":19,"posy":0,"amount":50},{"posx":17,"posy":1,"amount":50},{"posx":19,"posy":2,"amount":50},{"posx":15,"posy":4,"amount":500},{"posx":1,"posy":6,"amount":250},{"posx":15,"posy":6,"amount":300},{"posx":1,"posy":7,"amount":250},{"posx":18,"posy":7,"amount":350},{"posx":1,"posy":8,"amount":100},{"posx":3,"posy":8,"amount":50}],"changedObstacles":[]},{"players":[{"playerId":2344466,"score":850,"energy":17,"posx":1,"posy":6,"lastAction":5,"status":0},{"playerId":2410245,"score":1050,"energy":13,"posx":1,"posy":6,"lastAction":4,"status":0},{"playerId":2237456,"score":1100,"energy":2,"posx":15,"posy":5,"lastAction":1,"status":0},{"playerId":206247,"score":1100,"energy":11,"posx":2,"posy":6,"lastAction":2,"status":0}],"golds":[{"posx":16,"posy":0,"amount":400},{"posx":19,"posy":0,"amount":50},{"posx":17,"posy":1,"amount":50},{"posx":19,"posy":2,"amount":50},{"posx":15,"posy":4,"amount":500},{"posx":1,"posy":6,"amount":200},{"posx":15,"posy":6,"amount":300},{"posx":1,"posy":7,"amount":250},{"posx":18,"posy":7,"amount":350},{"posx":1,"posy":8,"amount":100},{"posx":3,"posy":8,"amount":50}],"changedObstacles":[]},{"players":[{"playerId":2344466,"score":900,"energy":12,"posx":1,"posy":6,"lastAction":5,"status":0},{"playerId":2410245,"score":1100,"energy":8,"posx":1,"posy":6,"lastAction":5,"status":0},{"playerId":2237456,"score":1100,"energy":14,"posx":15,"posy":5,"lastAction":4,"status":0},{"playerId":206247,"score":1100,"energy":7,"posx":1,"posy":6,"lastAction":0,"status":0}],"golds":[{"posx":16,"posy":0,"amount":400},{"posx":19,"posy":0,"amount":50},{"posx":17,"posy":1,"amount":50},{"posx":19,"posy":2,"amount":50},{"posx":15,"posy":4,"amount":500},{"posx":1,"posy":6,"amount":100},{"posx":15,"posy":6,"amount":300},{"posx":1,"posy":7,"amount":250},{"posx":18,"posy":7,"amount":350},{"posx":1,"posy":8,"amount":100},{"posx":3,"posy":8,"amount":50}],"changedObstacles":[]},{"players":[{"playerId":2344466,"score":900,"energy":8,"posx":1,"posy":7,"lastAction":3,"status":0},{"playerId":2410245,"score":1150,"energy":3,"posx":1,"posy":6,"lastAction":5,"status":0},{"playerId":2237456,"score":1100,"energy":30,"posx":15,"posy":5,"lastAction":4,"status":0},{"playerId":206247,"score":1150,"energy":2,"posx":1,"posy":6,"lastAction":5,"status":0}],"golds":[{"posx":16,"posy":0,"amount":400},{"posx":19,"posy":0,"amount":50},{"posx":17,"posy":1,"amount":50},{"posx":19,"posy":2,"amount":50},{"posx":15,"posy":4,"amount":500},{"posx":15,"posy":6,"amount":300},{"posx":1,"posy":7,"amount":250},{"posx":18,"posy":7,"amount":350},{"posx":1,"posy":8,"amount":100},{"posx":3,"posy":8,"amount":50}],"changedObstacles":[{"type":0,"posx":1,"posy":6,"value":-1}]},{"players":[{"playerId":2344466,"score":950,"energy":3,"posx":1,"posy":7,"lastAction":5,"status":0},{"playerId":2410245,"score":1150,"energy":15,"posx":1,"posy":6,"lastAction":4,"status":0},{"playerId":2237456,"score":1100,"energy":50,"posx":15,"posy":5,"lastAction":4,"status":0},{"playerId":206247,"score":1150,"energy":14,"posx":1,"posy":6,"lastAction":4,"status":0}],"golds":[{"posx":16,"posy":0,"amount":400},{"posx":19,"posy":0,"amount":50},{"posx":17,"posy":1,"amount":50},{"posx":19,"posy":2,"amount":50},{"posx":15,"posy":4,"amount":500},{"posx":15,"posy":6,"amount":300},{"posx":1,"posy":7,"amount":200},{"posx":18,"posy":7,"amount":350},{"posx":1,"posy":8,"amount":100},{"posx":3,"posy":8,"amount":50}],"changedObstacles":[]},{"players":[{"playerId":2344466,"score":950,"energy":15,"posx":1,"posy":7,"lastAction":4,"status":0},{"playerId":2410245,"score":1150,"energy":11,"posx":1,"posy":7,"lastAction":3,"status":0},{"playerId":2237456,"score":1100,"energy":46,"posx":15,"posy":4,"lastAction":2,"status":0},{"playerId":206247,"score":1150,"energy":30,"posx":1,"posy":6,"lastAction":4,"status":0}],"golds":[{"posx":16,"posy":0,"amount":400},{"posx":19,"posy":0,"amount":50},{"posx":17,"posy":1,"amount":50},{"posx":19,"posy":2,"amount":50},{"posx":15,"posy":4,"amount":500},{"posx":15,"posy":6,"amount":300},{"posx":1,"posy":7,"amount":200},{"posx":18,"posy":7,"amount":350},{"posx":1,"posy":8,"amount":100},{"posx":3,"posy":8,"amount":50}],"changedObstacles":[]},{"players":[{"playerId":2344466,"score":950,"energy":31,"posx":1,"posy":7,"lastAction":4,"status":0},{"playerId":2410245,"score":1200,"energy":6,"posx":1,"posy":7,"lastAction":5,"status":0},{"playerId":2237456,"score":1150,"energy":41,"posx":15,"posy":4,"lastAction":5,"status":0},{"playerId":206247,"score":1150,"energy":50,"posx":1,"posy":6,"lastAction":4,"status":0}],"golds":[{"posx":16,"posy":0,"amount":400},{"posx":19,"posy":0,"amount":50},{"posx":17,"posy":1,"amount":50},{"posx":19,"posy":2,"amount":50},{"posx":15,"posy":4,"amount":450},{"posx":15,"posy":6,"amount":300},{"posx":1,"posy":7,"amount":150},{"posx":18,"posy":7,"amount":350},{"posx":1,"posy":8,"amount":100},{"posx":3,"posy":8,"amount":50}],"changedObstacles":[]},{"players":[{"playerId":2344466,"score":950,"energy":50,"posx":1,"posy":7,"lastAction":4,"status":0},{"playerId":2410245,"score":1250,"energy":1,"posx":1,"posy":7,"lastAction":5,"status":0},{"playerId":2237456,"score":1200,"energy":36,"posx":15,"posy":4,"lastAction":5,"status":0},{"playerId":206247,"score":1150,"energy":46,"posx":1,"posy":7,"lastAction":3,"status":0}],"golds":[{"posx":16,"posy":0,"amount":400},{"posx":19,"posy":0,"amount":50},{"posx":17,"posy":1,"amount":50},{"posx":19,"posy":2,"amount":50},{"posx":15,"posy":4,"amount":400},{"posx":15,"posy":6,"amount":300},{"posx":1,"posy":7,"amount":100},{"posx":18,"posy":7,"amount":350},{"posx":1,"posy":8,"amount":100},{"posx":3,"posy":8,"amount":50}],"changedObstacles":[]},{"players":[{"playerId":2344466,"score":950,"energy":46,"posx":1,"posy":8,"lastAction":3,"status":0},{"playerId":2410245,"score":1250,"energy":13,"posx":1,"posy":7,"lastAction":4,"status":0},{"playerId":2237456,"score":1250,"energy":31,"posx":15,"posy":4,"lastAction":5,"status":0},{"playerId":206247,"score":1200,"energy":41,"posx":1,"posy":7,"lastAction":5,"status":0}],"golds":[{"posx":16,"posy":0,"amount":400},{"posx":19,"posy":0,"amount":50},{"posx":17,"posy":1,"amount":50},{"posx":19,"posy":2,"amount":50},{"posx":15,"posy":4,"amount":350},{"posx":15,"posy":6,"amount":300},{"posx":1,"posy":7,"amount":50},{"posx":18,"posy":7,"amount":350},{"posx":1,"posy":8,"amount":100},{"posx":3,"posy":8,"amount":50}],"changedObstacles":[]},{"players":[{"playerId":2344466,"score":1000,"energy":41,"posx":1,"posy":8,"lastAction":5,"status":0},{"playerId":2410245,"score":1275,"energy":8,"posx":1,"posy":7,"lastAction":5,"status":0},{"playerId":2237456,"score":1300,"energy":26,"posx":15,"posy":4,"lastAction":5,"status":0},{"playerId":206247,"score":1225,"energy":36,"posx":1,"posy":7,"lastAction":5,"status":0}],"golds":[{"posx":16,"posy":0,"amount":400},{"posx":19,"posy":0,"amount":50},{"posx":17,"posy":1,"amount":50},{"posx":19,"posy":2,"amount":50},{"posx":15,"posy":4,"amount":300},{"posx":15,"posy":6,"amount":300},{"posx":18,"posy":7,"amount":350},{"posx":1,"posy":8,"amount":50},{"posx":3,"posy":8,"amount":50}],"changedObstacles":[{"type":0,"posx":1,"posy":7,"value":-1}]},{"players":[{"playerId":2344466,"score":1050,"energy":36,"posx":1,"posy":8,"lastAction":5,"status":0},{"playerId":2410245,"score":1275,"energy":4,"posx":1,"posy":8,"lastAction":3,"status":0},{"playerId":2237456,"score":1350,"energy":21,"posx":15,"posy":4,"lastAction":5,"status":0},{"playerId":206247,"score":1225,"energy":32,"posx":1,"posy":8,"lastAction":3,"status":0}],"golds":[{"posx":16,"posy":0,"amount":400},{"posx":19,"posy":0,"amount":50},{"posx":17,"posy":1,"amount":50},{"posx":19,"posy":2,"amount":50},{"posx":15,"posy":4,"amount":250},{"posx":15,"posy":6,"amount":300},{"posx":18,"posy":7,"amount":350},{"posx":3,"posy":8,"amount":50}],"changedObstacles":[{"type":0,"posx":1,"posy":8,"value":-1}]},{"players":[{"playerId":2344466,"score":1050,"energy":35,"posx":2,"posy":8,"lastAction":1,"status":0},{"playerId":2410245,"score":1275,"energy":16,"posx":1,"posy":8,"lastAction":4,"status":0},{"playerId":2237456,"score":1400,"energy":16,"posx":15,"posy":4,"lastAction":5,"status":0},{"playerId":206247,"score":1225,"energy":31,"posx":2,"posy":8,"lastAction":1,"status":0}],"golds":[{"posx":16,"posy":0,"amount":400},{"posx":19,"posy":0,"amount":50},{"posx":17,"posy":1,"amount":50},{"posx":19,"posy":2,"amount":50},{"posx":15,"posy":4,"amount":200},{"posx":15,"posy":6,"amount":300},{"posx":18,"posy":7,"amount":350},{"posx":3,"posy":8,"amount":50}],"changedObstacles":[]},{"players":[{"playerId":2344466,"score":1050,"energy":31,"posx":3,"posy":8,"lastAction":1,"status":0},{"playerId":2410245,"score":1275,"energy":15,"posx":2,"posy":8,"lastAction":1,"status":0},{"playerId":2237456,"score":1450,"energy":11,"posx":15,"posy":4,"lastAction":5,"status":0},{"playerId":206247,"score":1225,"energy":30,"posx":2,"posy":7,"lastAction":2,"status":0}],"golds":[{"posx":16,"posy":0,"amount":400},{"posx":19,"posy":0,"amount":50},{"posx":17,"posy":1,"amount":50},{"posx":19,"posy":2,"amount":50},{"posx":15,"posy":4,"amount":150},{"posx":15,"posy":6,"amount":300},{"posx":18,"posy":7,"amount":350},{"posx":3,"posy":8,"amount":50}],"changedObstacles":[]},{"players":[{"playerId":2344466,"score":1100,"energy":26,"posx":3,"posy":8,"lastAction":5,"status":0},{"playerId":2410245,"score":1275,"energy":11,"posx":3,"posy":8,"lastAction":1,"status":0},{"playerId":2237456,"score":1500,"energy":6,"posx":15,"posy":4,"lastAction":5,"status":0},{"playerId":206247,"score":1225,"energy":29,"posx":3,"posy":7,"lastAction":1,"status":0}],"golds":[{"posx":16,"posy":0,"amount":400},{"posx":19,"posy":0,"amount":50},{"posx":17,"posy":1,"amount":50},{"posx":19,"posy":2,"amount":50},{"posx":15,"posy":4,"amount":100},{"posx":15,"posy":6,"amount":300},{"posx":18,"posy":7,"amount":350}],"changedObstacles":[{"type":0,"posx":3,"posy":8,"value":-1}]},{"players":[{"playerId":2344466,"score":1100,"energy":25,"posx":3,"posy":7,"lastAction":2,"status":0},{"playerId":2410245,"score":1275,"energy":10,"posx":4,"posy":8,"lastAction":1,"status":0},{"playerId":2237456,"score":1550,"energy":1,"posx":15,"posy":4,"lastAction":5,"status":0},{"playerId":206247,"score":1225,"energy":28,"posx":3,"posy":6,"lastAction":2,"status":0}],"golds":[{"posx":16,"posy":0,"amount":400},{"posx":19,"posy":0,"amount":50},{"posx":17,"posy":1,"amount":50},{"posx":19,"posy":2,"amount":50},{"posx":15,"posy":4,"amount":50},{"posx":15,"posy":6,"amount":300},{"posx":18,"posy":7,"amount":350}],"changedObstacles":[]},{"players":[{"playerId":2344466,"score":1100,"energy":24,"posx":3,"posy":6,"lastAction":2,"status":0},{"playerId":2410245,"score":1275,"energy":9,"posx":5,"posy":8,"lastAction":1,"status":0},{"playerId":2237456,"score":1550,"energy":13,"posx":15,"posy":4,"lastAction":4,"status":0},{"playerId":206247,"score":1225,"energy":27,"posx":4,"posy":6,"lastAction":1,"status":0}],"golds":[{"posx":16,"posy":0,"amount":400},{"posx":19,"posy":0,"amount":50},{"posx":17,"posy":1,"amount":50},{"posx":19,"posy":2,"amount":50},{"posx":15,"posy":4,"amount":50},{"posx":15,"posy":6,"amount":300},{"posx":18,"posy":7,"amount":350}],"changedObstacles":[]},{"players":[{"playerId":2344466,"score":1100,"energy":23,"posx":4,"posy":6,"lastAction":1,"status":0},{"playerId":2410245,"score":1275,"energy":8,"posx":6,"posy":8,"lastAction":1,"status":0},{"playerId":2237456,"score":1550,"energy":29,"posx":15,"posy":4,"lastAction":4,"status":0},{"playerId":206247,"score":1225,"energy":26,"posx":5,"posy":6,"lastAction":1,"status":0}],"golds":[{"posx":16,"posy":0,"amount":400},{"posx":19,"posy":0,"amount":50},{"posx":17,"posy":1,"amount":50},{"posx":19,"posy":2,"amount":50},{"posx":15,"posy":4,"amount":50},{"posx":15,"posy":6,"amount":300},{"posx":18,"posy":7,"amount":350}],"changedObstacles":[]},{"players":[{"playerId":2344466,"score":1100,"energy":22,"posx":5,"posy":6,"lastAction":1,"status":0},{"playerId":2410245,"score":1275,"energy":7,"posx":6,"posy":7,"lastAction":2,"status":0},{"playerId":2237456,"score":1550,"energy":50,"posx":15,"posy":4,"lastAction":4,"status":0},{"playerId":206247,"score":1225,"energy":25,"posx":6,"posy":6,"lastAction":1,"status":0}],"golds":[{"posx":16,"posy":0,"amount":400},{"posx":19,"posy":0,"amount":50},{"posx":17,"posy":1,"amount":50},{"posx":19,"posy":2,"amount":50},{"posx":15,"posy":4,"amount":50},{"posx":15,"posy":6,"amount":300},{"posx":18,"posy":7,"amount":350}],"changedObstacles":[]},{"players":[{"playerId":2344466,"score":1100,"energy":21,"posx":6,"posy":6,"lastAction":1,"status":0},{"playerId":2410245,"score":1275,"energy":6,"posx":7,"posy":7,"lastAction":1,"status":0},{"playerId":2237456,"score":1600,"energy":45,"posx":15,"posy":4,"lastAction":5,"status":0},{"playerId":206247,"score":1225,"energy":24,"posx":7,"posy":6,"lastAction":1,"status":0}],"golds":[{"posx":16,"posy":0,"amount":400},{"posx":19,"posy":0,"amount":50},{"posx":17,"posy":1,"amount":50},{"posx":19,"posy":2,"amount":50},{"posx":15,"posy":6,"amount":300},{"posx":18,"posy":7,"amount":350}],"changedObstacles":[{"type":0,"posx":15,"posy":4,"value":-1}]},{"players":[{"playerId":2344466,"score":1100,"energy":20,"posx":7,"posy":6,"lastAction":1,"status":0},{"playerId":2410245,"score":1275,"energy":5,"posx":8,"posy":7,"lastAction":1,"status":0},{"playerId":2237456,"score":1600,"energy":44,"posx":15,"posy":5,"lastAction":3,"status":0},{"playerId":206247,"score":1225,"energy":23,"posx":8,"posy":6,"lastAction":1,"status":0}],"golds":[{"posx":16,"posy":0,"amount":400},{"posx":19,"posy":0,"amount":50},{"posx":17,"posy":1,"amount":50},{"posx":19,"posy":2,"amount":50},{"posx":15,"posy":6,"amount":300},{"posx":18,"posy":7,"amount":350}],"changedObstacles":[]},{"players":[{"playerId":2344466,"score":1100,"energy":19,"posx":8,"posy":6,"lastAction":1,"status":0},{"playerId":2410245,"score":1275,"energy":4,"posx":9,"posy":7,"lastAction":1,"status":0},{"playerId":2237456,"score":1600,"energy":40,"posx":15,"posy":6,"lastAction":3,"status":0},{"playerId":206247,"score":1225,"energy":22,"posx":9,"posy":6,"lastAction":1,"status":0}],"golds":[{"posx":16,"posy":0,"amount":400},{"posx":19,"posy":0,"amount":50},{"posx":17,"posy":1,"amount":50},{"posx":19,"posy":2,"amount":50},{"posx":15,"posy":6,"amount":300},{"posx":18,"posy":7,"amount":350}],"changedObstacles":[]},{"players":[{"playerId":2344466,"score":1100,"energy":18,"posx":9,"posy":6,"lastAction":1,"status":0},{"playerId":2410245,"score":1275,"energy":16,"posx":9,"posy":7,"lastAction":4,"status":0},{"playerId":2237456,"score":1650,"energy":35,"posx":15,"posy":6,"lastAction":5,"status":0},{"playerId":206247,"score":1225,"energy":21,"posx":10,"posy":6,"lastAction":1,"status":0}],"golds":[{"posx":16,"posy":0,"amount":400},{"posx":19,"posy":0,"amount":50},{"posx":17,"posy":1,"amount":50},{"posx":19,"posy":2,"amount":50},{"posx":15,"posy":6,"amount":250},{"posx":18,"posy":7,"amount":350}],"changedObstacles":[]},{"players":[{"playerId":2344466,"score":1100,"energy":17,"posx":10,"posy":6,"lastAction":1,"status":0},{"playerId":2410245,"score":1275,"energy":15,"posx":10,"posy":7,"lastAction":1,"status":0},{"playerId":2237456,"score":1700,"energy":30,"posx":15,"posy":6,"lastAction":5,"status":0},{"playerId":206247,"score":1225,"energy":20,"posx":11,"posy":6,"lastAction":1,"status":0}],"golds":[{"posx":16,"posy":0,"amount":400},{"posx":19,"posy":0,"amount":50},{"posx":17,"posy":1,"amount":50},{"posx":19,"posy":2,"amount":50},{"posx":15,"posy":6,"amount":200},{"posx":18,"posy":7,"amount":350}],"changedObstacles":[]},{"players":[{"playerId":2344466,"score":1100,"energy":16,"posx":11,"posy":6,"lastAction":1,"status":0},{"playerId":2410245,"score":1275,"energy":14,"posx":11,"posy":7,"lastAction":1,"status":0},{"playerId":2237456,"score":1750,"energy":25,"posx":15,"posy":6,"lastAction":5,"status":0},{"playerId":206247,"score":1225,"energy":19,"posx":12,"posy":6,"lastAction":1,"status":0}],"golds":[{"posx":16,"posy":0,"amount":400},{"posx":19,"posy":0,"amount":50},{"posx":17,"posy":1,"amount":50},{"posx":19,"posy":2,"amount":50},{"posx":15,"posy":6,"amount":150},{"posx":18,"posy":7,"amount":350}],"changedObstacles":[]},{"players":[{"playerId":2344466,"score":1100,"energy":15,"posx":12,"posy":6,"lastAction":1,"status":0},{"playerId":2410245,"score":1275,"energy":13,"posx":11,"posy":6,"lastAction":2,"status":0},{"playerId":2237456,"score":1800,"energy":20,"posx":15,"posy":6,"lastAction":5,"status":0},{"playerId":206247,"score":1225,"energy":18,"posx":13,"posy":6,"lastAction":1,"status":0}],"golds":[{"posx":16,"posy":0,"amount":400},{"posx":19,"posy":0,"amount":50},{"posx":17,"posy":1,"amount":50},{"posx":19,"posy":2,"amount":50},{"posx":15,"posy":6,"amount":100},{"posx":18,"posy":7,"amount":350}],"changedObstacles":[]},{"players":[{"playerId":2344466,"score":1100,"energy":14,"posx":13,"posy":6,"lastAction":1,"status":0},{"playerId":2410245,"score":1275,"energy":12,"posx":12,"posy":6,"lastAction":1,"status":0},{"playerId":2237456,"score":1850,"energy":15,"posx":15,"posy":6,"lastAction":5,"status":0},{"playerId":206247,"score":1225,"energy":17,"posx":14,"posy":6,"lastAction":1,"status":0}],"golds":[{"posx":16,"posy":0,"amount":400},{"posx":19,"posy":0,"amount":50},{"posx":17,"posy":1,"amount":50},{"posx":19,"posy":2,"amount":50},{"posx":15,"posy":6,"amount":50},{"posx":18,"posy":7,"amount":350}],"changedObstacles":[]},{"players":[{"playerId":2344466,"score":1100,"energy":13,"posx":14,"posy":6,"lastAction":1,"status":0},{"playerId":2410245,"score":1275,"energy":11,"posx":13,"posy":6,"lastAction":1,"status":0},{"playerId":2237456,"score":1900,"energy":10,"posx":15,"posy":6,"lastAction":5,"status":0},{"playerId":206247,"score":1225,"energy":16,"posx":14,"posy":5,"lastAction":2,"status":0}],"golds":[{"posx":16,"posy":0,"amount":400},{"posx":19,"posy":0,"amount":50},{"posx":17,"posy":1,"amount":50},{"posx":19,"posy":2,"amount":50},{"posx":18,"posy":7,"amount":350}],"changedObstacles":[{"type":0,"posx":15,"posy":6,"value":-1}]},{"players":[{"playerId":2344466,"score":1100,"energy":12,"posx":14,"posy":5,"lastAction":2,"status":0},{"playerId":2410245,"score":1275,"energy":10,"posx":14,"posy":6,"lastAction":1,"status":0},{"playerId":2237456,"score":1900,"energy":9,"posx":16,"posy":6,"lastAction":1,"status":0},{"playerId":206247,"score":1225,"energy":15,"posx":15,"posy":5,"lastAction":1,"status":0}],"golds":[{"posx":16,"posy":0,"amount":400},{"posx":19,"posy":0,"amount":50},{"posx":17,"posy":1,"amount":50},{"posx":19,"posy":2,"amount":50},{"posx":18,"posy":7,"amount":350}],"changedObstacles":[]},{"players":[{"playerId":2344466,"score":1100,"energy":11,"posx":15,"posy":5,"lastAction":1,"status":0},{"playerId":2410245,"score":1275,"energy":9,"posx":15,"posy":6,"lastAction":1,"status":0},{"playerId":2237456,"score":1900,"energy":8,"posx":17,"posy":6,"lastAction":1,"status":0},{"playerId":206247,"score":1225,"energy":14,"posx":16,"posy":5,"lastAction":1,"status":0}],"golds":[{"posx":16,"posy":0,"amount":400},{"posx":19,"posy":0,"amount":50},{"posx":17,"posy":1,"amount":50},{"posx":19,"posy":2,"amount":50},{"posx":18,"posy":7,"amount":350}],"changedObstacles":[]},{"players":[{"playerId":2344466,"score":1100,"energy":10,"posx":15,"posy":4,"lastAction":2,"status":0},{"playerId":2410245,"score":1275,"energy":8,"posx":16,"posy":6,"lastAction":1,"status":0},{"playerId":2237456,"score":1900,"energy":7,"posx":17,"posy":5,"lastAction":2,"status":0},{"playerId":206247,"score":1225,"energy":13,"posx":17,"posy":5,"lastAction":1,"status":0}],"golds":[{"posx":16,"posy":0,"amount":400},{"posx":19,"posy":0,"amount":50},{"posx":17,"posy":1,"amount":50},{"posx":19,"posy":2,"amount":50},{"posx":18,"posy":7,"amount":350}],"changedObstacles":[]},{"players":[{"playerId":2344466,"score":1100,"energy":9,"posx":15,"posy":3,"lastAction":2,"status":0},{"playerId":2410245,"score":1275,"energy":7,"posx":17,"posy":6,"lastAction":1,"status":0},{"playerId":2237456,"score":1900,"energy":6,"posx":17,"posy":4,"lastAction":2,"status":0},{"playerId":206247,"score":1225,"energy":12,"posx":17,"posy":4,"lastAction":2,"status":0}],"golds":[{"posx":16,"posy":0,"amount":400},{"posx":19,"posy":0,"amount":50},{"posx":17,"posy":1,"amount":50},{"posx":19,"posy":2,"amount":50},{"posx":18,"posy":7,"amount":350}],"changedObstacles":[]},{"players":[{"playerId":2344466,"score":1100,"energy":8,"posx":15,"posy":2,"lastAction":2,"status":0},{"playerId":2410245,"score":1275,"energy":6,"posx":17,"posy":7,"lastAction":3,"status":0},{"playerId":2237456,"score":1900,"energy":5,"posx":17,"posy":3,"lastAction":2,"status":0},{"playerId":206247,"score":1225,"energy":11,"posx":17,"posy":3,"lastAction":2,"status":0}],"golds":[{"posx":16,"posy":0,"amount":400},{"posx":19,"posy":0,"amount":50},{"posx":17,"posy":1,"amount":50},{"posx":19,"posy":2,"amount":50},{"posx":18,"posy":7,"amount":350}],"changedObstacles":[]},{"players":[{"playerId":2344466,"score":1100,"energy":7,"posx":15,"posy":1,"lastAction":2,"status":0},{"playerId":2410245,"score":1275,"energy":2,"posx":18,"posy":7,"lastAction":1,"status":0},{"playerId":2237456,"score":1900,"energy":4,"posx":17,"posy":2,"lastAction":2,"status":0},{"playerId":206247,"score":1225,"energy":10,"posx":17,"posy":2,"lastAction":2,"status":0}],"golds":[{"posx":16,"posy":0,"amount":400},{"posx":19,"posy":0,"amount":50},{"posx":17,"posy":1,"amount":50},{"posx":19,"posy":2,"amount":50},{"posx":18,"posy":7,"amount":350}],"changedObstacles":[]},{"players":[{"playerId":2344466,"score":1100,"energy":6,"posx":15,"posy":0,"lastAction":2,"status":0},{"playerId":2410245,"score":1275,"energy":14,"posx":18,"posy":7,"lastAction":4,"status":0},{"playerId":2237456,"score":1900,"energy":16,"posx":17,"posy":2,"lastAction":4,"status":0},{"playerId":206247,"score":1225,"energy":6,"posx":17,"posy":1,"lastAction":2,"status":0}],"golds":[{"posx":16,"posy":0,"amount":400},{"posx":19,"posy":0,"amount":50},{"posx":17,"posy":1,"amount":50},{"posx":19,"posy":2,"amount":50},{"posx":18,"posy":7,"amount":350}],"changedObstacles":[]},{"players":[{"playerId":2344466,"score":1100,"energy":2,"posx":16,"posy":0,"lastAction":1,"status":0},{"playerId":2410245,"score":1325,"energy":9,"posx":18,"posy":7,"lastAction":5,"status":0},{"playerId":2237456,"score":1900,"energy":32,"posx":17,"posy":2,"lastAction":4,"status":0},{"playerId":206247,"score":1275,"energy":1,"posx":17,"posy":1,"lastAction":5,"status":0}],"golds":[{"posx":16,"posy":0,"amount":400},{"posx":19,"posy":0,"amount":50},{"posx":19,"posy":2,"amount":50},{"posx":18,"posy":7,"amount":300}],"changedObstacles":[{"type":0,"posx":17,"posy":1,"value":-1}]},{"players":[{"playerId":2344466,"score":1100,"energy":14,"posx":16,"posy":0,"lastAction":4,"status":0},{"playerId":2410245,"score":1375,"energy":4,"posx":18,"posy":7,"lastAction":5,"status":0},{"playerId":2237456,"score":1900,"energy":50,"posx":17,"posy":2,"lastAction":4,"status":0},{"playerId":206247,"score":1275,"energy":13,"posx":17,"posy":1,"lastAction":4,"status":0}],"golds":[{"posx":16,"posy":0,"amount":400},{"posx":19,"posy":0,"amount":50},{"posx":19,"posy":2,"amount":50},{"posx":18,"posy":7,"amount":250}],"changedObstacles":[]},{"players":[{"playerId":2344466,"score":1100,"energy":30,"posx":16,"posy":0,"lastAction":4,"status":0},{"playerId":2410245,"score":1375,"energy":16,"posx":18,"posy":7,"lastAction":4,"status":0},{"playerId":2237456,"score":1900,"energy":49,"posx":17,"posy":1,"lastAction":2,"status":0},{"playerId":206247,"score":1275,"energy":29,"posx":17,"posy":1,"lastAction":4,"status":0}],"golds":[{"posx":16,"posy":0,"amount":400},{"posx":19,"posy":0,"amount":50},{"posx":19,"posy":2,"amount":50},{"posx":18,"posy":7,"amount":250}],"changedObstacles":[]},{"players":[{"playerId":2344466,"score":1100,"energy":50,"posx":16,"posy":0,"lastAction":4,"status":0},{"playerId":2410245,"score":1425,"energy":11,"posx":18,"posy":7,"lastAction":5,"status":0},{"playerId":2237456,"score":1900,"energy":48,"posx":16,"posy":1,"lastAction":0,"status":0},{"playerId":206247,"score":1275,"energy":50,"posx":17,"posy":1,"lastAction":4,"status":0}],"golds":[{"posx":16,"posy":0,"amount":400},{"posx":19,"posy":0,"amount":50},{"posx":19,"posy":2,"amount":50},{"posx":18,"posy":7,"amount":200}],"changedObstacles":[]},{"players":[{"playerId":2344466,"score":1150,"energy":45,"posx":16,"posy":0,"lastAction":5,"status":0},{"playerId":2410245,"score":1475,"energy":6,"posx":18,"posy":7,"lastAction":5,"status":0},{"playerId":2237456,"score":1900,"energy":44,"posx":16,"posy":0,"lastAction":2,"status":0},{"playerId":206247,"score":1275,"energy":49,"posx":16,"posy":1,"lastAction":0,"status":0}],"golds":[{"posx":16,"posy":0,"amount":350},{"posx":19,"posy":0,"amount":50},{"posx":19,"posy":2,"amount":50},{"posx":18,"posy":7,"amount":150}],"changedObstacles":[]},{"players":[{"playerId":2344466,"score":1200,"energy":40,"posx":16,"posy":0,"lastAction":5,"status":0},{"playerId":2410245,"score":1525,"energy":1,"posx":18,"posy":7,"lastAction":5,"status":0},{"playerId":2237456,"score":1950,"energy":39,"posx":16,"posy":0,"lastAction":5,"status":0},{"playerId":206247,"score":1275,"energy":45,"posx":16,"posy":0,"lastAction":2,"status":0}],"golds":[{"posx":16,"posy":0,"amount":250},{"posx":19,"posy":0,"amount":50},{"posx":19,"posy":2,"amount":50},{"posx":18,"posy":7,"amount":100}],"changedObstacles":[]},{"players":[{"playerId":2344466,"score":1250,"energy":35,"posx":16,"posy":0,"lastAction":5,"status":0},{"playerId":2410245,"score":1525,"energy":13,"posx":18,"posy":7,"lastAction":4,"status":0},{"playerId":2237456,"score":2000,"energy":34,"posx":16,"posy":0,"lastAction":5,"status":0},{"playerId":206247,"score":1325,"energy":40,"posx":16,"posy":0,"lastAction":5,"status":0}],"golds":[{"posx":16,"posy":0,"amount":100},{"posx":19,"posy":0,"amount":50},{"posx":19,"posy":2,"amount":50},{"posx":18,"posy":7,"amount":100}],"changedObstacles":[]},{"players":[{"playerId":2344466,"score":1250,"energy":34,"posx":16,"posy":1,"lastAction":3,"status":0},{"playerId":2410245,"score":1575,"energy":8,"posx":18,"posy":7,"lastAction":5,"status":0},{"playerId":2237456,"score":2050,"energy":29,"posx":16,"posy":0,"lastAction":5,"status":0},{"playerId":206247,"score":1375,"energy":35,"posx":16,"posy":0,"lastAction":5,"status":0}],"golds":[{"posx":19,"posy":0,"amount":50},{"posx":19,"posy":2,"amount":50},{"posx":18,"posy":7,"amount":50}],"changedObstacles":[{"type":0,"posx":16,"posy":0,"value":-1}]},{"players":[{"playerId":2344466,"score":1250,"energy":33,"posx":16,"posy":2,"lastAction":3,"status":0},{"playerId":2410245,"score":1625,"energy":3,"posx":18,"posy":7,"lastAction":5,"status":0},{"playerId":2237456,"score":2050,"energy":28,"posx":17,"posy":0,"lastAction":1,"status":0},{"playerId":206247,"score":1375,"energy":34,"posx":17,"posy":0,"lastAction":1,"status":0}],"golds":[{"posx":19,"posy":0,"amount":50},{"posx":19,"posy":2,"amount":50}],"changedObstacles":[{"type":0,"posx":18,"posy":7,"value":-1}]},{"players":[{"playerId":2344466,"score":1250,"energy":32,"posx":16,"posy":1,"lastAction":2,"status":0},{"playerId":2410245,"score":1625,"energy":15,"posx":18,"posy":7,"lastAction":4,"status":0},{"playerId":2237456,"score":2050,"energy":27,"posx":18,"posy":0,"lastAction":1,"status":0},{"playerId":206247,"score":1375,"energy":33,"posx":18,"posy":0,"lastAction":1,"status":0}],"golds":[{"posx":19,"posy":0,"amount":50},{"posx":19,"posy":2,"amount":50}],"changedObstacles":[]},{"players":[{"playerId":2344466,"score":1250,"energy":31,"posx":16,"posy":0,"lastAction":2,"status":0},{"playerId":2410245,"score":1625,"energy":14,"posx":18,"posy":6,"lastAction":2,"status":0},{"playerId":2237456,"score":2050,"energy":23,"posx":19,"posy":0,"lastAction":1,"status":0},{"playerId":206247,"score":1375,"energy":29,"posx":19,"posy":0,"lastAction":1,"status":0}],"golds":[{"posx":19,"posy":0,"amount":50},{"posx":19,"posy":2,"amount":50}],"changedObstacles":[]},{"players":[{"playerId":2344466,"score":1250,"energy":30,"posx":17,"posy":0,"lastAction":1,"status":0},{"playerId":2410245,"score":1625,"energy":13,"posx":18,"posy":5,"lastAction":2,"status":0},{"playerId":2237456,"score":2075,"energy":18,"posx":19,"posy":0,"lastAction":5,"status":0},{"playerId":206247,"score":1400,"energy":24,"posx":19,"posy":0,"lastAction":5,"status":0}],"golds":[{"posx":19,"posy":2,"amount":50}],"changedObstacles":[{"type":0,"posx":19,"posy":0,"value":-1}]},{"players":[{"playerId":2344466,"score":1250,"energy":29,"posx":17,"posy":1,"lastAction":3,"status":0},{"playerId":2410245,"score":1625,"energy":12,"posx":18,"posy":4,"lastAction":2,"status":0},{"playerId":2237456,"score":2075,"energy":17,"posx":19,"posy":1,"lastAction":3,"status":0},{"playerId":206247,"score":1400,"energy":23,"posx":19,"posy":1,"lastAction":3,"status":0}],"golds":[{"posx":19,"posy":2,"amount":50}],"changedObstacles":[]},{"players":[{"playerId":2344466,"score":1250,"energy":28,"posx":17,"posy":2,"lastAction":3,"status":0},{"playerId":2410245,"score":1625,"energy":11,"posx":18,"posy":3,"lastAction":2,"status":0},{"playerId":2237456,"score":2075,"energy":13,"posx":19,"posy":2,"lastAction":3,"status":0},{"playerId":206247,"score":1400,"energy":19,"posx":19,"posy":2,"lastAction":3,"status":0}],"golds":[{"posx":19,"posy":2,"amount":50}],"changedObstacles":[]},{"players":[{"playerId":2344466,"score":1250,"energy":27,"posx":18,"posy":2,"lastAction":1,"status":0},{"playerId":2410245,"score":1625,"energy":10,"posx":18,"posy":2,"lastAction":2,"status":0},{"playerId":2237456,"score":2100,"energy":8,"posx":19,"posy":2,"lastAction":5,"status":0},{"playerId":206247,"score":1425,"energy":14,"posx":19,"posy":2,"lastAction":5,"status":0}],"golds":[],"changedObstacles":[{"type":0,"posx":19,"posy":2,"value":-1}]}]