[{"players":[{"playerId":2451397,"score":0,"energy":46,"posx":8,"posy":3,"lastAction":3,"status":0},{"playerId":2663641,"score":0,"energy":46,"posx":8,"posy":3,"lastAction":3,"status":0},{"playerId":2256302,"score":0,"energy":46,"posx":8,"posy":3,"lastAction":3,"status":0},{"playerId":131454,"score":0,"energy":39,"posx":7,"posy":2,"lastAction":0,"status":0}],"golds":[{"posx":1,"posy":8,"amount":100},{"posx":9,"posy":4,"amount":150},{"posx":15,"posy":6,"amount":300},{"posx":19,"posy":2,"amount":50},{"posx":17,"posy":1,"amount":50},{"posx":6,"posy":7,"amount":600},{"posx":1,"posy":6,"amount":600},{"posx":6,"posy":2,"amount":150},{"posx":8,"posy":3,"amount":100},{"posx":14,"posy":5,"amount":550},{"posx":5,"posy":6,"amount":450},{"posx":15,"posy":4,"amount":500},{"posx":18,"posy":7,"amount":350},{"posx":6,"posy":4,"amount":450},{"posx":3,"posy":8,"amount":250},{"posx":16,"posy":0,"amount":400},{"posx":1,"posy":7,"amount":250},{"posx":5,"posy":7,"amount":500},{"posx":13,"posy":6,"amount":550},{"posx":19,"posy":0,"amount":50}],"changedObstacles":[]},{"players":[{"playerId":2451397,"score":34,"energy":41,"posx":8,"posy":3,"lastAction":5,"status":0},{"playerId":2663641,"score":34,"energy":41,"posx":8,"posy":3,"lastAction":5,"status":0},{"playerId":2256302,"score":34,"energy":41,"posx":8,"posy":3,"lastAction":5,"status":0},{"playerId":131454,"score":0,"energy":35,"posx":6,"posy":2,"lastAction":0,"status":0}],"golds":[{"posx":16,"posy":0,"amount":400},{"posx":19,"posy":0,"amount":50},{"posx":17,"posy":1,"amount":50},{"posx":6,"posy":2,"amount":150},{"posx":19,"posy":2,"amount":50},{"posx":6,"posy":4,"amount":450},{"posx":9,"posy":4,"amount":150},{"posx":15,"posy":4,"amount":500},{"posx":14,"posy":5,"amount":550},{"posx":1,"posy":6,"amount":600},{"posx":5,"posy":6,"amount":450},{"posx":13,"posy":6,"amount":550},{"posx":15,"posy":6,"amount":300},{"posx":1,"posy":7,"amount":250},{"posx":5,"posy":7,"amount":500},{"posx":6,"posy":7,"amount":600},{"posx":18,"posy":7,"amount":350},{"posx":1,"posy":8,"amount":100},{"posx":3,"posy":8,"amount":250}],"changedObstacles":[{"type":0,"posx":8,"posy":3,"value":-1}]},{"players":[{"playerId":2451397,"score":34,"energy":40,"posx":7,"posy":3,"lastAction":0,"status":0},{"playerId":2663641,"score":34,"energy":40,"posx":8,"posy":4,"lastAction":3,"status":0},{"playerId":2256302,"score":34,"energy":40,"posx":8,"posy":4,"lastAction":3,"status":0},{"playerId":131454,"score":50,"energy":30,"posx":6,"posy":2,"lastAction":5,"status":0}],"golds":[{"posx":16,"posy":0,"amount":400},{"posx":19,"posy":0,"amount":50},{"posx":17,"posy":1,"amount":50},{"posx":6,"posy":2,"amount":100},{"posx":19,"posy":2,"amount":50},{"posx":6,"posy":4,"amount":450},{"posx":9,"posy":4,"amount":150},{"posx":15,"posy":4,"amount":500},{"posx":14,"posy":5,"amount":550},{"posx":1,"posy":6,"amount":600},{"posx":5,"posy":6,"amount":450},{"posx":13,"posy":6,"amount":550},{"posx":15,"posy":6,"amount":300},{"posx":1,"posy":7,"amount":250},{"posx":5,"posy":7,"amount":500},{"posx":6,"posy":7,"amount":600},{"posx":18,"posy":7,"amount":350},{"posx":1,"posy":8,"amount":100},{"posx":3,"posy":8,"amount":250}],"changedObstacles":[]},{"players":[{"playerId":2451397,"score":34,"energy":39,"posx":7,"posy":4,"lastAction":3,"status":0},{"playerId":2663641,"score":34,"energy":39,"posx":8,"posy":5,"lastAction":3,"status":0},{"playerId":2256302,"score":34,"energy":39,"posx":8,"posy":5,"lastAction":3,"status":0},{"playerId":131454,"score":100,"energy":25,"posx":6,"posy":2,"lastAction":5,"status":0}],"golds":[{"posx":16,"posy":0,"amount":400},{"posx":19,"posy":0,"amount":50},{"posx":17,"posy":1,"amount":50},{"posx":6,"posy":2,"amount":50},{"posx":19,"posy":2,"amount":50},{"posx":6,"posy":4,"amount":450},{"posx":9,"posy":4,"amount":150},{"posx":15,"posy":4,"amount":500},{"posx":14,"posy":5,"amount":550},{"posx":1,"posy":6,"amount":600},{"posx":5,"posy":6,"amount":450},{"posx":13,"posy":6,"amount":550},{"posx":15,"posy":6,"amount":300},{"posx":1,"posy":7,"amount":250},{"posx":5,"posy":7,"amount":500},{"posx":6,"posy":7,"amount":600},{"posx":18,"posy":7,"amount":350},{"posx":1,"posy":8,"amount":100},{"posx":3,"posy":8,"amount":250}],"changedObstacles":[]},{"players":[{"playerId":2451397,"score":34,"energy":35,"posx":6,"posy":4,"lastAction":0,"status":0},{"playerId":2663641,"score":34,"energy":38,"posx":7,"posy":5,"lastAction":0,"status":0},{"playerId":2256302,"score":34,"energy":38,"posx":8,"posy":6,"lastAction":3,"status":0},{"playerId":131454,"score":150,"energy":20,"posx":6,"posy":2,"lastAction":5,"status":0}],"golds":[{"posx":16,"posy":0,"amount":400},{"posx":19,"posy":0,"amount":50},{"posx":17,"posy":1,"amount":50},{"posx":19,"posy":2,"amount":50},{"posx":6,"posy":4,"amount":450},{"posx":9,"posy":4,"amount":150},{"posx":15,"posy":4,"amount":500},{"posx":14,"posy":5,"amount":550},{"posx":1,"posy":6,"amount":600},{"posx":5,"posy":6,"amount":450},{"posx":13,"posy":6,"amount":550},{"posx":15,"posy":6,"amount":300},{"posx":1,"posy":7,"amount":250},{"posx":5,"posy":7,"amount":500},{"posx":6,"posy":7,"amount":600},{"posx":18,"posy":7,"amount":350},{"posx":1,"posy":8,"amount":100},{"posx":3,"posy":8,"amount":250}],"changedObstacles":[{"type":0,"posx":6,"posy":2,"value":-1}]},{"players":[{"playerId":2451397,"score":84,"energy":30,"posx":6,"posy":4,"lastAction":5,"status":0},{"playerId":2663641,"score":34,"energy":37,"posx":7,"posy":6,"lastAction":3,"status":0},{"playerId":2256302,"score":34,"energy":37,"posx":8,"posy":7,"lastAction":3,"status":0},{"playerId":131454,"score":150,"energy":19,"posx":6,"posy":3,"lastAction":3,"status":0}],"golds":[{"posx":16,"posy":0,"amount":400},{"posx":19,"posy":0,"amount":50},{"posx":17,"posy":1,"amount":50},{"posx":19,"posy":2,"amount":50},{"posx":6,"posy":4,"amount":400},{"posx":9,"posy":4,"amount":150},{"posx":15,"posy":4,"amount":500},{"posx":14,"posy":5,"amount":550},{"posx":1,"posy":6,"amount":600},{"posx":5,"posy":6,"amount":450},{"posx":13,"posy":6,"amount":550},{"posx":15,"posy":6,"amount":300},{"posx":1,"posy":7,"amount":250},{"posx":5,"posy":7,"amount":500},{"posx":6,"posy":7,"amount":600},{"posx":18,"posy":7,"amount":350},{"posx":1,"posy":8,"amount":100},{"posx":3,"posy":8,"amount":250}],"changedObstacles":[]},{"players":[{"playerId":2451397,"score":134,"energy":25,"posx":6,"posy":4,"lastAction":5,"status":0},{"playerId":2663641,"score":34,"energy":36,"posx":6,"posy":6,"lastAction":0,"status":0},{"playerId":2256302,"score":34,"energy":36,"posx":7,"posy":7,"lastAction":0,"status":0},{"playerId":131454,"score":150,"energy":15,"posx":6,"posy":4,"lastAction":3,"status":0}],"golds":[{"posx":16,"posy":0,"amount":400},{"posx":19,"posy":0,"amount":50},{"posx":17,"posy":1,"amount":50},{"posx":19,"posy":2,"amount":50},{"posx":6,"posy":4,"amount":350},{"posx":9,"posy":4,"amount":150},{"posx":15,"posy":4,"amount":500},{"posx":14,"posy":5,"amount":550},{"posx":1,"posy":6,"amount":600},{"posx":5,"posy":6,"amount":450},{"posx":13,"posy":6,"amount":550},{"posx":15,"posy":6,"amount":300},{"posx":1,"posy":7,"amount":250},{"posx":5,"posy":7,"amount":500},{"posx":6,"posy":7,"amount":600},{"posx":18,"posy":7,"amount":350},{"posx":1,"posy":8,"amount":100},{"posx":3,"posy":8,"amount":250}],"changedObstacles":[]},{"players":[{"playerId":2451397,"score":184,"energy":20,"posx":6,"posy":4,"lastAction":5,"status":0},{"playerId":2663641,"score":34,"energy":32,"posx":6,"posy":7,"lastAction":3,"status":0},{"playerId":2256302,"score":34,"energy":32,"posx":6,"posy":7,"lastAction":0,"status":0},{"playerId":131454,"score":200,"energy":10,"posx":6,"posy":4,"lastAction":5,"status":0}],"golds":[{"posx":16,"posy":0,"amount":400},{"posx":19,"posy":0,"amount":50},{"posx":17,"posy":1,"amount":50},{"posx":19,"posy":2,"amount":50},{"posx":6,"posy":4,"amount":250},{"posx":9,"posy":4,"amount":150},{"posx":15,"posy":4,"amount":500},{"posx":14,"posy":5,"amount":550},{"posx":1,"posy":6,"amount":600},{"posx":5,"posy":6,"amount":450},{"posx":13,"posy":6,"amount":550},{"posx":15,"posy":6,"amount":300},{"posx":1,"posy":7,"amount":250},{"posx":5,"posy":7,"amount":500},{"posx":6,"posy":7,"amount":600},{"posx":18,"posy":7,"amount":350},{"posx":1,"posy":8,"amount":100},{"posx":3,"posy":8,"amount":250}],"changedObstacles":[]},{"players":[{"playerId":2451397,"score":234,"energy":15,"posx":6,"posy":4,"lastAction":5,"status":0},{"playerId":2663641,"score":84,"energy":27,"posx":6,"posy":7,"lastAction":5,"status":0},{"playerId":2256302,"score":84,"energy":27,"posx":6,"posy":7,"lastAction":5,"status":0},{"playerId":131454,"score":250,"energy":5,"posx":6,"posy":4,"lastAction":5,"status":0}],"golds":[{"posx":16,"posy":0,"amount":400},{"posx":19,"posy":0,"amount":50},{"posx":17,"posy":1,"amount":50},{"posx":19,"posy":2,"amount":50},{"posx":6,"posy":4,"amount":150},{"posx":9,"posy":4,"amount":150},{"posx":15,"posy":4,"amount":500},{"posx":14,"posy":5,"amount":550},{"posx":1,"posy":6,"amount":600},{"posx":5,"posy":6,"amount":450},{"posx":13,"posy":6,"amount":550},{"posx":15,"posy":6,"amount":300},{"posx":1,"posy":7,"amount":250},{"posx":5,"posy":7,"amount":500},{"posx":6,"posy":7,"amount":500},{"posx":18,"posy":7,"amount":350},{"posx":1,"posy":8,"amount":100},{"posx":3,"posy":8,"amount":250}],"changedObstacles":[]},{"players":[{"playerId":2451397,"score":284,"energy":10,"posx":6,"posy":4,"lastAction":5,"status":0},{"playerId":2663641,"score":134,"energy":22,"posx":6,"posy":7,"lastAction":5,"status":0},{"playerId":2256302,"score":134,"energy":22,"posx":6,"posy":7,"lastAction":5,"status":0},{"playerId":131454,"score":250,"energy":17,"posx":6,"posy":4,"lastAction":4,"status":0}],"golds":[{"posx":16,"posy":0,"amount":400},{"posx":19,"posy":0,"amount":50},{"posx":17,"posy":1,"amount":50},{"posx":19,"posy":2,"amount":50},{"posx":6,"posy":4,"amount":100},{"posx":9,"posy":4,"amount":150},{"posx":15,"posy":4,"amount":500},{"posx":14,"posy":5,"amount":550},{"posx":1,"posy":6,"amount":600},{"posx":5,"posy":6,"amount":450},{"posx":13,"posy":6,"amount":550},{"posx":15,"posy":6,"amount":300},{"posx":1,"posy":7,"amount":250},{"posx":5,"posy":7,"amount":500},{"posx":6,"posy":7,"amount":400},{"posx":18,"posy":7,"amount":350},{"posx":1,"posy":8,"amount":100},{"posx":3,"posy":8,"amount":250}],"changedObstacles":[]},{"players":[{"playerId":2451397,"score":334,"energy":5,"posx":6,"posy":4,"lastAction":5,"status":0},{"playerId":2663641,"score":184,"energy":17,"posx":6,"posy":7,"lastAction":5,"status":0},{"playerId":2256302,"score":184,"energy":17,"posx":6,"posy":7,"lastAction":5,"status":0},{"playerId":131454,"score":250,"energy":33,"posx":6,"posy":4,"lastAction":4,"status":0}],"golds":[{"posx":16,"posy":0,"amount":400},{"posx":19,"posy":0,"amount":50},{"posx":17,"posy":1,"amount":50},{"posx":19,"posy":2,"amount":50},{"posx":6,"posy":4,"amount":50},{"posx":9,"posy":4,"amount":150},{"posx":15,"posy":4,"amount":500},{"posx":14,"posy":5,"amount":550},{"posx":1,"posy":6,"amount":600},{"posx":5,"posy":6,"amount":450},{"posx":13,"posy":6,"amount":550},{"posx":15,"posy":6,"amount":300},{"posx":1,"posy":7,"amount":250},{"posx":5,"posy":7,"amount":500},{"posx":6,"posy":7,"amount":300},{"posx":18,"posy":7,"amount":350},{"posx":1,"posy":8,"amount":100},{"posx":3,"posy":8,"amount":250}],"changedObstacles":[]},{"players":[{"playerId":2451397,"score":334,"energy":17,"posx":6,"posy":4,"lastAction":4,"status":0},{"playerId":2663641,"score":234,"energy":12,"posx":6,"posy":7,"lastAction":5,"status":0},{"playerId":2256302,"score":234,"energy":12,"posx":6,"posy":7,"lastAction":5,"status":0},{"playerId":131454,"score":250,"energy":50,"posx":6,"posy":4,"lastAction":4,"status":0}],"golds":[{"posx":16,"posy":0,"amount":400},{"posx":19,"posy":0,"amount":50},{"posx":17,"posy":1,"amount":50},{"posx":19,"posy":2,"amount":50},{"posx":6,"posy":4,"amount":50},{"posx":9,"posy":4,"amount":150},{"posx":15,"posy":4,"amount":500},{"posx":14,"posy":5,"amount":550},{"posx":1,"posy":6,"amount":600},{"posx":5,"posy":6,"amount":450},{"posx":13,"posy":6,"amount":550},{"posx":15,"posy":6,"amount":300},{"posx":1,"posy":7,"amount":250},{"posx":5,"posy":7,"amount":500},{"posx":6,"posy":7,"amount":200},{"posx":18,"posy":7,"amount":350},{"posx":1,"posy":8,"amount":100},{"posx":3,"posy":8,"amount":250}],"changedObstacles":[]},{"players":[{"playerId":2451397,"score":359,"energy":12,"posx":6,"posy":4,"lastAction":5,"status":0},{"playerId":2663641,"score":284,"energy":7,"posx":6,"posy":7,"lastAction":5,"status":0},{"playerId":2256302,"score":284,"energy":7,"posx":6,"posy":7,"lastAction":5,"status":0},{"playerId":131454,"score":275,"energy":45,"posx":6,"posy":4,"lastAction":5,"status":0}],"golds":[{"posx":16,"posy":0,"amount":400},{"posx":19,"posy":0,"amount":50},{"posx":17,"posy":1,"amount":50},{"posx":19,"posy":2,"amount":50},{"posx":9,"posy":4,"amount":150},{"posx":15,"posy":4,"amount":500},{"posx":14,"posy":5,"amount":550},{"posx":1,"posy":6,"amount":600},{"posx":5,"posy":6,"amount":450},{"posx":13,"posy":6,"amount":550},{"posx":15,"posy":6,"amount":300},{"posx":1,"posy":7,"amount":250},{"posx":5,"posy":7,"amount":500},{"posx":6,"posy":7,"amount":100},{"posx":18,"posy":7,"amount":350},{"posx":1,"posy":8,"amount":100},{"posx":3,"posy":8,"amount":250}],"changedObstacles":[{"type":0,"posx":6,"posy":4,"value":-1}]},{"players":[{"playerId":2451397,"score":359,"energy":11,"posx":6,"posy":5,"lastAction":3,"status":0},{"playerId":2663641,"score":334,"energy":2,"posx":6,"posy":7,"lastAction":5,"status":0},{"playerId":2256302,"score":334,"energy":2,"posx":6,"posy":7,"lastAction":5,"status":0},{"playerId":131454,"score":275,"energy":44,"posx":5,"posy":4,"lastAction":0,"status":0}],"golds":[{"posx":16,"posy":0,"amount":400},{"posx":19,"posy":0,"amount":50},{"posx":17,"posy":1,"amount":50},{"posx":19,"posy":2,"amount":50},{"posx":9,"posy":4,"amount":150},{"posx":15,"posy":4,"amount":500},{"posx":14,"posy":5,"amount":550},{"posx":1,"posy":6,"amount":600},{"posx":5,"posy":6,"amount":450},{"posx":13,"posy":6,"amount":550},{"posx":15,"posy":6,"amount":300},{"posx":1,"posy":7,"amount":250},{"posx":5,"posy":7,"amount":500},{"posx":18,"posy":7,"amount":350},{"posx":1,"posy":8,"amount":100},{"posx":3,"posy":8,"amount":250}],"changedObstacles":[{"type":0,"posx":6,"posy":7,"value":-1}]},{"players":[{"playerId":2451397,"score":359,"energy":10,"posx":5,"posy":5,"lastAction":0,"status":0},{"playerId":2663641,"score":334,"energy":14,"posx":6,"posy":7,"lastAction":4,"status":0},{"playerId":2256302,"score":334,"energy":1,"posx":7,"posy":7,"lastAction":1,"status":0},{"playerId":131454,"score":275,"energy":43,"posx":5,"posy":5,"lastAction":3,"status":0}],"golds":[{"posx":16,"posy":0,"amount":400},{"posx":19,"posy":0,"amount":50},{"posx":17,"posy":1,"amount":50},{"posx":19,"posy":2,"amount":50},{"posx":9,"posy":4,"amount":150},{"posx":15,"posy":4,"amount":500},{"posx":14,"posy":5,"amount":550},{"posx":1,"posy":6,"amount":600},{"posx":5,"posy":6,"amount":450},{"posx":13,"posy":6,"amount":550},{"posx":15,"posy":6,"amount":300},{"posx":1,"posy":7,"amount":250},{"posx":5,"posy":7,"amount":500},{"posx":18,"posy":7,"amount":350},{"posx":1,"posy":8,"amount":100},{"posx":3,"posy":8,"amount":250}],"changedObstacles":[]},{"players":[{"playerId":2451397,"score":359,"energy":6,"posx":5,"posy":6,"lastAction":3,"status":0},{"playerId":2663641,"score":334,"energy":10,"posx":5,"posy":7,"lastAction":0,"status":0},{"playerId":2256302,"score":334,"energy":13,"posx":7,"posy":7,"lastAction":4,"status":0},{"playerId":131454,"score":275,"energy":39,"posx":5,"posy":6,"lastAction":3,"status":0}],"golds":[{"posx":16,"posy":0,"amount":400},{"posx":19,"posy":0,"amount":50},{"posx":17,"posy":1,"amount":50},{"posx":19,"posy":2,"amount":50},{"posx":9,"posy":4,"amount":150},{"posx":15,"posy":4,"amount":500},{"posx":14,"posy":5,"amount":550},{"posx":1,"posy":6,"amount":600},{"posx":5,"posy":6,"amount":450},{"posx":13,"posy":6,"amount":550},{"posx":15,"posy":6,"amount":300},{"posx":1,"posy":7,"amount":250},{"posx":5,"posy":7,"amount":500},{"posx":18,"posy":7,"amount":350},{"posx":1,"posy":8,"amount":100},{"posx":3,"posy":8,"amount":250}],"changedObstacles":[]},{"players":[{"playerId":2451397,"score":409,"energy":1,"posx":5,"posy":6,"lastAction":5,"status":0},{"playerId":2663641,"score":384,"energy":5,"posx":5,"posy":7,"lastAction":5,"status":0},{"playerId":2256302,"score":334,"energy":29,"posx":7,"posy":7,"lastAction":4,"status":0},{"playerId":131454,"score":325,"energy":34,"posx":5,"posy":6,"lastAction":5,"status":0}],"golds":[{"posx":16,"posy":0,"amount":400},{"posx":19,"posy":0,"amount":50},{"posx":17,"posy":1,"amount":50},{"posx":19,"posy":2,"amount":50},{"posx":9,"posy":4,"amount":150},{"posx":15,"posy":4,"amount":500},{"posx":14,"posy":5,"amount":550},{"posx":1,"posy":6,"amount":600},{"posx":5,"posy":6,"amount":350},{"posx":13,"posy":6,"amount":550},{"posx":15,"posy":6,"amount":300},{"posx":1,"posy":7,"amount":250},{"posx":5,"posy":7,"amount":450},{"posx":18,"posy":7,"amount":350},{"posx":1,"posy":8,"amount":100},{"posx":3,"posy":8,"amount":250}],"changedObstacles":[]},{"players":[{"playerId":2451397,"score":409,"energy":13,"posx":5,"posy":6,"lastAction":4,"status":0},{"playerId":2663641,"score":384,"energy":17,"posx":5,"posy":7,"lastAction":4,"status":0},{"playerId":2256302,"score":334,"energy":50,"posx":7,"posy":7,"lastAction":4,"status":0},{"playerId":131454,"score":375,"energy":29,"posx":5,"posy":6,"lastAction":5,"status":0}],"golds":[{"posx":16,"posy":0,"amount":400},{"posx":19,"posy":0,"amount":50},{"posx":17,"posy":1,"amount":50},{"posx":19,"posy":2,"amount":50},{"posx":9,"posy":4,"amount":150},{"posx":15,"posy":4,"amount":500},{"posx":14,"posy":5,"amount":550},{"posx":1,"posy":6,"amount":600},{"posx":5,"posy":6,"amount":300},{"posx":13,"posy":6,"amount":550},{"posx":15,"posy":6,"amount":300},{"posx":1,"posy":7,"amount":250},{"posx":5,"posy":7,"amount":450},{"posx":18,"posy":7,"amount":350},{"posx":1,"posy":8,"amount":100},{"posx":3,"posy":8,"amount":250}],"changedObstacles":[]},{"players":[{"playerId":2451397,"score":409,"energy":29,"posx":5,"posy":6,"lastAction":4,"status":0},{"playerId":2663641,"score":434,"energy":12,"posx":5,"posy":7,"lastAction":5,"status":0},{"playerId":2256302,"score":334,"energy":49,"posx":8,"posy":7,"lastAction":1,"status":0},{"playerId":131454,"score":425,"energy":24,"posx":5,"posy":6,"lastAction":5,"status":0}],"golds":[{"posx":16,"posy":0,"amount":400},{"posx":19,"posy":0,"amount":50},{"posx":17,"posy":1,"amount":50},{"posx":19,"posy":2,"amount":50},{"posx":9,"posy":4,"amount":150},{"posx":15,"posy":4,"amount":500},{"posx":14,"posy":5,"amount":550},{"posx":1,"posy":6,"amount":600},{"posx":5,"posy":6,"amount":250},{"posx":13,"posy":6,"amount":550},{"posx":15,"posy":6,"amount":300},{"posx":1,"posy":7,"amount":250},{"posx":5,"posy":7,"amount":400},{"posx":18,"posy":7,"amount":350},{"posx":1,"posy":8,"amount":100},{"posx":3,"posy":8,"amount":250}],"changedObstacles":[]},{"players":[{"playerId":2451397,"score":409,"energy":50,"posx":5,"posy":6,"lastAction":4,"status":0},{"playerId":2663641,"score":484,"energy":7,"posx":5,"posy":7,"lastAction":5,"status":0},{"playerId":2256302,"score":334,"energy":48,"posx":9,"posy":7,"lastAction":1,"status":0},{"playerId":131454,"score":475,"energy":19,"posx":5,"posy":6,"lastAction":5,"status":0}],"golds":[{"posx":16,"posy":0,"amount":400},{"posx":19,"posy":0,"amount":50},{"posx":17,"posy":1,"amount":50},{"posx":19,"posy":2,"amount":50},{"posx":9,"posy":4,"amount":150},{"posx":15,"posy":4,"amount":500},{"posx":14,"posy":5,"amount":550},{"posx":1,"posy":6,"amount":600},{"posx":5,"posy":6,"amount":200},{"posx":13,"posy":6,"amount":550},{"posx":15,"posy":6,"amount":300},{"posx":1,"posy":7,"amount":250},{"posx":5,"posy":7,"amount":350},{"posx":18,"posy":7,"amount":350},{"posx":1,"posy":8,"amount":100},{"posx":3,"posy":8,"amount":250}],"changedObstacles":[]},{"players":[{"playerId":2451397,"score":459,"energy":45,"posx":5,"posy":6,"lastAction":5,"status":0},{"playerId":2663641,"score":534,"energy":2,"posx":5,"posy":7,"lastAction":5,"status":0},{"playerId":2256302,"score":334,"energy":47,"posx":10,"posy":7,"lastAction":1,"status":0},{"playerId":131454,"score":525,"energy":14,"posx":5,"posy":6,"lastAction":5,"status":0}],"golds":[{"posx":16,"posy":0,"amount":400},{"posx":19,"posy":0,"amount":50},{"posx":17,"posy":1,"amount":50},{"posx":19,"posy":2,"amount":50},{"posx":9,"posy":4,"amount":150},{"posx":15,"posy":4,"amount":500},{"posx":14,"posy":5,"amount":550},{"posx":1,"posy":6,"amount":600},{"posx":5,"posy":6,"amount":100},{"posx":13,"posy":6,"amount":550},{"posx":15,"posy":6,"amount":300},{"posx":1,"posy":7,"amount":250},{"posx":5,"posy":7,"amount":300},{"posx":18,"posy":7,"amount":350},{"posx":1,"posy":8,"amount":100},{"posx":3,"posy":8,"amount":250}],"changedObstacles":[]},{"players":[{"playerId":2451397,"score":509,"energy":40,"posx":5,"posy":6,"lastAction":5,"status":0},{"playerId":2663641,"score":534,"energy":14,"posx":5,"posy":7,"lastAction":4,"status":0},{"playerId":2256302,"score":334,"energy":46,"posx":11,"posy":7,"lastAction":1,"status":0},{"playerId":131454,"score":575,"energy":9,"posx":5,"posy":6,"lastAction":5,"status":0}],"golds":[{"posx":16,"posy":0,"amount":400},{"posx":19,"posy":0,"amount":50},{"posx":17,"posy":1,"amount":50},{"posx":19,"posy":2,"amount":50},{"posx":9,"posy":4,"amount":150},{"posx":15,"posy":4,"amount":500},{"posx":14,"posy":5,"amount":550},{"posx":1,"posy":6,"amount":600},{"posx":13,"posy":6,"amount":550},{"posx":15,"posy":6,"amount":300},{"posx":1,"posy":7,"amount":250},{"posx":5,"posy":7,"amount":300},{"posx":18,"posy":7,"amount":350},{"posx":1,"posy":8,"amount":100},{"posx":3,"posy":8,"amount":250}],"changedObstacles":[{"type":0,"posx":5,"posy":6,"value":-1}]},{"players":[{"playerId":2451397,"score":509,"energy":36,"posx":5,"posy":7,"lastAction":3,"status":0},{"playerId":2663641,"score":584,"energy":9,"posx":5,"posy":7,"lastAction":5,"status":0},{"playerId":2256302,"score":334,"energy":45,"posx":11,"posy":6,"lastAction":2,"status":0},{"playerId":131454,"score":575,"energy":5,"posx":5,"posy":7,"lastAction":3,"status":0}],"golds":[{"posx":16,"posy":0,"amount":400},{"posx":19,"posy":0,"amount":50},{"posx":17,"posy":1,"amount":50},{"posx":19,"posy":2,"amount":50},{"posx":9,"posy":4,"amount":150},{"posx":15,"posy":4,"amount":500},{"posx":14,"posy":5,"amount":550},{"posx":1,"posy":6,"amount":600},{"posx":13,"posy":6,"amount":550},{"posx":15,"posy":6,"amount":300},{"posx":1,"posy":7,"amount":250},{"posx":5,"posy":7,"amount":250},{"posx":18,"posy":7,"amount":350},{"posx":1,"posy":8,"amount":100},{"posx":3,"posy":8,"amount":250}],"changedObstacles":[]},{"players":[{"playerId":2451397,"score":559,"energy":31,"posx":5,"posy":7,"lastAction":5,"status":0},{"playerId":2663641,"score":634,"energy":4,"posx":5,"posy":7,"lastAction":5,"status":0},{"playerId":2256302,"score":334,"energy":44,"posx":12,"posy":6,"lastAction":1,"status":0},{"playerId":131454,"score":575,"energy":17,"posx":5,"posy":7,"lastAction":4,"status":0}],"golds":[{"posx":16,"posy":0,"amount":400},{"posx":19,"posy":0,"amount":50},{"posx":17,"posy":1,"amount":50},{"posx":19,"posy":2,"amount":50},{"posx":9,"posy":4,"amount":150},{"posx":15,"posy":4,"amount":500},{"posx":14,"posy":5,"amount":550},{"posx":1,"posy":6,"amount":600},{"posx":13,"posy":6,"amount":550},{"posx":15,"posy":6,"amount":300},{"posx":1,"posy":7,"amount":250},{"posx":5,"posy":7,"amount":150},{"posx":18,"posy":7,"amount":350},{"posx":1,"posy":8,"amount":100},{"posx":3,"posy":8,"amount":250}],"changedObstacles":[]},{"players":[{"playerId":2451397,"score":609,"energy":26,"posx":5,"posy":7,"lastAction":5,"status":0},{"playerId":2663641,"score":634,"energy":16,"posx":5,"posy":7,"lastAction":4,"status":0},{"playerId":2256302,"score":334,"energy":40,"posx":13,"posy":6,"lastAction":1,"status":0},{"playerId":131454,"score":575,"energy":33,"posx":5,"posy":7,"lastAction":4,"status":0}],"golds":[{"posx":16,"posy":0,"amount":400},{"posx":19,"posy":0,"amount":50},{"posx":17,"posy":1,"amount":50},{"posx":19,"posy":2,"amount":50},{"posx":9,"posy":4,"amount":150},{"posx":15,"posy":4,"amount":500},{"posx":14,"posy":5,"amount":550},{"posx":1,"posy":6,"amount":600},{"posx":13,"posy":6,"amount":550},{"posx":15,"posy":6,"amount":300},{"posx":1,"posy":7,"amount":250},{"posx":5,"posy":7,"amount":100},{"posx":18,"posy":7,"amount":350},{"posx":1,"posy":8,"amount":100},{"posx":3,"posy":8,"amount":250}],"changedObstacles":[]},{"players":[{"playerId":2451397,"score":659,"energy":21,"posx":5,"posy":7,"lastAction":5,"status":0},{"playerId":2663641,"score":684,"energy":11,"posx":5,"posy":7,"lastAction":5,"status":0},{"playerId":2256302,"score":384,"energy":35,"posx":13,"posy":6,"lastAction":5,"status":0},{"playerId":131454,"score":575,"energy":50,"posx":5,"posy":7,"lastAction":4,"status":0}],"golds":[{"posx":16,"posy":0,"amount":400},{"posx":19,"posy":0,"amount":50},{"posx":17,"posy":1,"amount":50},{"posx":19,"posy":2,"amount":50},{"posx":9,"posy":4,"amount":150},{"posx":15,"posy":4,"amount":500},{"posx":14,"posy":5,"amount":550},{"posx":1,"posy":6,"amount":600},{"posx":13,"posy":6,"amount":500},{"posx":15,"posy":6,"amount":300},{"posx":1,"posy":7,"amount":250},{"posx":18,"posy":7,"amount":350},{"posx":1,"posy":8,"amount":100},{"posx":3,"posy":8,"amount":250}],"changedObstacles":[{"type":0,"posx":5,"posy":7,"value":-1}]},{"players":[{"playerId":2451397,"score":659,"energy":20,"posx":5,"posy":6,"lastAction":2,"status":0},{"playerId":2663641,"score":684,"energy":23,"posx":5,"posy":7,"lastAction":4,"status":0},{"playerId":2256302,"score":434,"energy":30,"posx":13,"posy":6,"lastAction":5,"status":0},{"playerId":131454,"score":575,"energy":45,"posx":4,"posy":7,"lastAction":0,"status":0}],"golds":[{"posx":16,"posy":0,"amount":400},{"posx":19,"posy":0,"amount":50},{"posx":17,"posy":1,"amount":50},{"posx":19,"posy":2,"amount":50},{"posx":9,"posy":4,"amount":150},{"posx":15,"posy":4,"amount":500},{"posx":14,"posy":5,"amount":550},{"posx":1,"posy":6,"amount":600},{"posx":13,"posy":6,"amount":450},{"posx":15,"posy":6,"amount":300},{"posx":1,"posy":7,"amount":250},{"posx":18,"posy":7,"amount":350},{"posx":1,"posy":8,"amount":100},{"posx":3,"posy":8,"amount":250}],"changedObstacles":[]},{"players":[{"playerId":2451397,"score":659,"energy":19,"posx":4,"posy":6,"lastAction":0,"status":0},{"playerId":2663641,"score":684,"energy":39,"posx":5,"posy":7,"lastAction":4,"status":0},{"playerId":2256302,"score":484,"energy":25,"posx":13,"posy":6,"lastAction":5,"status":0},{"playerId":131454,"score":575,"energy":44,"posx":3,"posy":7,"lastAction":0,"status":0}],"golds":[{"posx":16,"posy":0,"amount":400},{"posx":19,"posy":0,"amount":50},{"posx":17,"posy":1,"amount":50},{"posx":19,"posy":2,"amount":50},{"posx":9,"posy":4,"amount":150},{"posx":15,"posy":4,"amount":500},{"posx":14,"posy":5,"amount":550},{"posx":1,"posy":6,"amount":600},{"posx":13,"posy":6,"amount":400},{"posx":15,"posy":6,"amount":300},{"posx":1,"posy":7,"amount":250},{"posx":18,"posy":7,"amount":350},{"posx":1,"posy":8,"amount":100},{"posx":3,"posy":8,"amount":250}],"changedObstacles":[]},{"players":[{"playerId":2451397,"score":659,"energy":18,"posx":3,"posy":6,"lastAction":0,"status":0},{"playerId":2663641,"score":684,"energy":33,"posx":4,"posy":7,"lastAction":0,"status":0},{"playerId":2256302,"score":534,"energy":20,"posx":13,"posy":6,"lastAction":5,"status":0},{"playerId":131454,"score":575,"energy":43,"posx":2,"posy":7,"lastAction":0,"status":0}],"golds":[{"posx":16,"posy":0,"amount":400},{"posx":19,"posy":0,"amount":50},{"posx":17,"posy":1,"amount":50},{"posx":19,"posy":2,"amount":50},{"posx":9,"posy":4,"amount":150},{"posx":15,"posy":4,"amount":500},{"posx":14,"posy":5,"amount":550},{"posx":1,"posy":6,"amount":600},{"posx":13,"posy":6,"amount":350},{"posx":15,"posy":6,"amount":300},{"posx":1,"posy":7,"amount":250},{"posx":18,"posy":7,"amount":350},{"posx":1,"posy":8,"amount":100},{"posx":3,"posy":8,"amount":250}],"changedObstacles":[]},{"players":[{"playerId":2451397,"score":659,"energy":17,"posx":2,"posy":6,"lastAction":0,"status":0},{"playerId":2663641,"score":684,"energy":32,"posx":3,"posy":7,"lastAction":0,"status":0},{"playerId":2256302,"score":584,"energy":15,"posx":13,"posy":6,"lastAction":5,"status":0},{"playerId":131454,"score":575,"energy":39,"posx":1,"posy":7,"lastAction":0,"status":0}],"golds":[{"posx":16,"posy":0,"amount":400},{"posx":19,"posy":0,"amount":50},{"posx":17,"posy":1,"amount":50},{"posx":19,"posy":2,"amount":50},{"posx":9,"posy":4,"amount":150},{"posx":15,"posy":4,"amount":500},{"posx":14,"posy":5,"amount":550},{"posx":1,"posy":6,"amount":600},{"posx":13,"posy":6,"amount":300},{"posx":15,"posy":6,"amount":300},{"posx":1,"posy":7,"amount":250},{"posx":18,"posy":7,"amount":350},{"posx":1,"posy":8,"amount":100},{"posx":3,"posy":8,"amount":250}],"changedObstacles":[]},{"players":[{"playerId":2451397,"score":659,"energy":13,"posx":1,"posy":6,"lastAction":0,"status":0},{"playerId":2663641,"score":684,"energy":31,"posx":2,"posy":7,"lastAction":0,"status":0},{"playerId":2256302,"score":634,"energy":10,"posx":13,"posy":6,"lastAction":5,"status":0},{"playerId":131454,"score":625,"energy":34,"posx":1,"posy":7,"lastAction":5,"status":0}],"golds":[{"posx":16,"posy":0,"amount":400},{"posx":19,"posy":0,"amount":50},{"posx":17,"posy":1,"amount":50},{"posx":19,"posy":2,"amount":50},{"posx":9,"posy":4,"amount":150},{"posx":15,"posy":4,"amount":500},{"posx":14,"posy":5,"amount":550},{"posx":1,"posy":6,"amount":600},{"posx":13,"posy":6,"amount":250},{"posx":15,"posy":6,"amount":300},{"posx":1,"posy":7,"amount":200},{"posx":18,"posy":7,"amount":350},{"posx":1,"posy":8,"amount":100},{"posx":3,"posy":8,"amount":250}],"changedObstacles":[]},{"players":[{"playerId":2451397,"score":709,"energy":8,"posx":1,"posy":6,"lastAction":5,"status":0},{"playerId":2663641,"score":684,"energy":27,"posx":1,"posy":7,"lastAction":0,"status":0},{"playerId":2256302,"score":684,"energy":5,"posx":13,"posy":6,"lastAction":5,"status":0},{"playerId":131454,"score":675,"energy":29,"posx":1,"posy":7,"lastAction":5,"status":0}],"golds":[{"posx":16,"posy":0,"amount":400},{"posx":19,"posy":0,"amount":50},{"posx":17,"posy":1,"amount":50},{"posx":19,"posy":2,"amount":50},{"posx":9,"posy":4,"amount":150},{"posx":15,"posy":4,"amount":500},{"posx":14,"posy":5,"amount":550},{"posx":1,"posy":6,"amount":550},{"posx":13,"posy":6,"amount":200},{"posx":15,"posy":6,"amount":300},{"posx":1,"posy":7,"amount":150},{"posx":18,"posy":7,"amount":350},{"posx":1,"posy":8,"amount":100},{"posx":3,"posy":8,"amount":250}],"changedObstacles":[]},{"players":[{"playerId":2451397,"score":759,"energy":3,"posx":1,"posy":6,"lastAction":5,"status":0},{"playerId":2663641,"score":734,"energy":22,"posx":1,"posy":7,"lastAction":5,"status":0},{"playerId":2256302,"score":684,"energy":17,"posx":13,"posy":6,"lastAction":4,"status":0},{"playerId":131454,"score":725,"energy":24,"posx":1,"posy":7,"lastAction":5,"status":0}],"golds":[{"posx":16,"posy":0,"amount":400},{"posx":19,"posy":0,"amount":50},{"posx":17,"posy":1,"amount":50},{"posx":19,"posy":2,"amount":50},{"posx":9,"posy":4,"amount":150},{"posx":15,"posy":4,"amount":500},{"posx":14,"posy":5,"amount":550},{"posx":1,"posy":6,"amount":500},{"posx":13,"posy":6,"amount":200},{"posx":15,"posy":6,"amount":300},{"posx":1,"posy":7,"amount":50},{"posx":18,"posy":7,"amount":350},{"posx":1,"posy":8,"amount":100},{"posx":3,"posy":8,"amount":250}],"changedObstacles":[]},{"players":[{"playerId":2451397,"score":759,"energy":15,"posx":1,"posy":6,"lastAction":4,"status":0},{"playerId":2663641,"score":759,"energy":17,"posx":1,"posy":7,"lastAction":5,"status":0},{"playerId":2256302,"score":684,"energy":33,"posx":13,"posy":6,"lastAction":4,"status":0},{"playerId":131454,"score":750,"energy":19,"posx":1,"posy":7,"lastAction":5,"status":0}],"golds":[{"posx":16,"posy":0,"amount":400},{"posx":19,"posy":0,"amount":50},{"posx":17,"posy":1,"amount":50},{"posx":19,"posy":2,"amount":50},{"posx":9,"posy":4,"amount":150},{"posx":15,"posy":4,"amount":500},{"posx":14,"posy":5,"amount":550},{"posx":1,"posy":6,"amount":500},{"posx":13,"posy":6,"amount":200},{"posx":15,"posy":6,"amount":300},{"posx":18,"posy":7,"amount":350},{"posx":1,"posy":8,"amount":100},{"posx":3,"posy":8,"amount":250}],"changedObstacles":[{"type":0,"posx":1,"posy":7,"value":-1}]},{"players":[{"playerId":2451397,"score":759,"energy":31,"posx":1,"posy":6,"lastAction":4,"status":0},{"playerId":2663641,"score":759,"energy":16,"posx":2,"posy":7,"lastAction":1,"status":0},{"playerId":2256302,"score":684,"energy":50,"posx":13,"posy":6,"lastAction":4,"status":0},{"playerId":131454,"score":750,"energy":15,"posx":1,"posy":6,"lastAction":2,"status":0}],"golds":[{"posx":16,"posy":0,"amount":400},{"posx":19,"posy":0,"amount":50},{"posx":17,"posy":1,"amount":50},{"posx":19,"posy":2,"amount":50},{"posx":9,"posy":4,"amount":150},{"posx":15,"posy":4,"amount":500},{"posx":14,"posy":5,"amount":550},{"posx":1,"posy":6,"amount":500},{"posx":13,"posy":6,"amount":200},{"posx":15,"posy":6,"amount":300},{"posx":18,"posy":7,"amount":350},{"posx":1,"posy":8,"amount":100},{"posx":3,"posy":8,"amount":250}],"changedObstacles":[]},{"players":[{"playerId":2451397,"score":759,"energy":50,"posx":1,"posy":6,"lastAction":4,"status":0},{"playerId":2663641,"score":759,"energy":15,"posx":2,"posy":8,"lastAction":3,"status":0},{"playerId":2256302,"score":734,"energy":45,"posx":13,"posy":6,"lastAction":5,"status":0},{"playerId":131454,"score":800,"energy":10,"posx":1,"posy":6,"lastAction":5,"status":0}],"golds":[{"posx":16,"posy":0,"amount":400},{"posx":19,"posy":0,"amount":50},{"posx":17,"posy":1,"amount":50},{"posx":19,"posy":2,"amount":50},{"posx":9,"posy":4,"amount":150},{"posx":15,"posy":4,"amount":500},{"posx":14,"posy":5,"amount":550},{"posx":1,"posy":6,"amount":450},{"posx":13,"posy":6,"amount":150},{"posx":15,"posy":6,"amount":300},{"posx":18,"posy":7,"amount":350},{"posx":1,"posy":8,"amount":100},{"posx":3,"posy":8,"amount":250}],"changedObstacles":[]},{"players":[{"playerId":2451397,"score":809,"energy":45,"posx":1,"posy":6,"lastAction":5,"status":0},{"playerId":2663641,"score":759,"energy":11,"posx":3,"posy":8,"lastAction":1,"status":0},{"playerId":2256302,"score":784,"energy":40,"posx":13,"posy":6,"lastAction":5,"status":0},{"playerId":131454,"score":850,"energy":5,"posx":1,"posy":6,"lastAction":5,"status":0}],"golds":[{"posx":16,"posy":0,"amount":400},{"posx":19,"posy":0,"amount":50},{"posx":17,"posy":1,"amount":50},{"posx":19,"posy":2,"amount":50},{"posx":9,"posy":4,"amount":150},{"posx":15,"posy":4,"amount":500},{"posx":14,"posy":5,"amount":550},{"posx":1,"posy":6,"amount":350},{"posx":13,"posy":6,"amount":100},{"posx":15,"posy":6,"amount":300},{"posx":18,"posy":7,"amount":350},{"posx":1,"posy":8,"amount":100},{"posx":3,"posy":8,"amount":250}],"changedObstacles":[]},{"players":[{"playerId":2451397,"score":859,"energy":40,"posx":1,"posy":6,"lastAction":5,"status":0},{"playerId":2663641,"score":809,"energy":6,"posx":3,"posy":8,"lastAction":5,"status":0},{"playerId":2256302,"score":834,"energy":35,"posx":13,"posy":6,"lastAction":5,"status":0},{"playerId":131454,"score":850,"energy":17,"posx":1,"posy":6,"lastAction":4,"status":0}],"golds":[{"posx":16,"posy":0,"amount":400},{"posx":19,"posy":0,"amount":50},{"posx":17,"posy":1,"amount":50},{"posx":19,"posy":2,"amount":50},{"posx":9,"posy":4,"amount":150},{"posx":15,"posy":4,"amount":500},{"posx":14,"posy":5,"amount":550},{"posx":1,"posy":6,"amount":300},{"posx":13,"posy":6,"amount":50},{"posx":15,"posy":6,"amount":300},{"posx":18,"posy":7,"amount":350},{"posx":1,"posy":8,"amount":100},{"posx":3,"posy":8,"amount":200}],"changedObstacles":[]},{"players":[{"playerId":2451397,"score":909,"energy":35,"posx":1,"posy":6,"lastAction":5,"status":0},{"playerId":2663641,"score":859,"energy":1,"posx":3,"posy":8,"lastAction":5,"status":0},{"playerId":2256302,"score":884,"energy":30,"posx":13,"posy":6,"lastAction":5,"status":0},{"playerId":131454,"score":850,"energy":33,"posx":1,"posy":6,"lastAction":4,"status":0}],"golds":[{"posx":16,"posy":0,"amount":400},{"posx":19,"posy":0,"amount":50},{"posx":17,"posy":1,"amount":50},{"posx":19,"posy":2,"amount":50},{"posx":9,"posy":4,"amount":150},{"posx":15,"posy":4,"amount":500},{"posx":14,"posy":5,"amount":550},{"posx":1,"posy":6,"amount":250},{"posx":15,"posy":6,"amount":300},{"posx":18,"posy":7,"amount":350},{"posx":1,"posy":8,"amount":100},{"posx":3,"posy":8,"amount":150}],"changedObstacles":[{"type":0,"posx":13,"posy":6,"value":-1}]},{"players":[{"playerId":2451397,"score":959,"energy":30,"posx":1,"posy":6,"lastAction":5,"status":0},{"playerId":2663641,"score":859,"energy":13,"posx":3,"posy":8,"lastAction":4,"status":0},{"playerId":2256302,"score":884,"energy":29,"posx":14,"posy":6,"lastAction":1,"status":0},{"playerId":131454,"score":850,"energy":50,"posx":1,"posy":6,"lastAction":4,"status":0}],"golds":[{"posx":16,"posy":0,"amount":400},{"posx":19,"posy":0,"amount":50},{"posx":17,"posy":1,"amount":50},{"posx":19,"posy":2,"amount":50},{"posx":9,"posy":4,"amount":150},{"posx":15,"posy":4,"amount":500},{"posx":14,"posy":5,"amount":550},{"posx":1,"posy":6,"amount":200},{"posx":15,"posy":6,"amount":300},{"posx":18,"posy":7,"amount":350},{"posx":1,"posy":8,"amount":100},{"posx":3,"posy":8,"amount":150}],"changedObstacles":[]},{"players":[{"playerId":2451397,"score":1009,"energy":25,"posx":1,"posy":6,"lastAction":5,"status":0},{"playerId":2663641,"score":859,"energy":29,"posx":3,"posy":8,"lastAction":4,"status":0},{"playerId":2256302,"score":884,"energy":25,"posx":14,"posy":5,"lastAction":2,"status":0},{"playerId":131454,"score":900,"energy":45,"posx":1,"posy":6,"lastAction":5,"status":0}],"golds":[{"posx":16,"posy":0,"amount":400},{"posx":19,"posy":0,"amount":50},{"posx":17,"posy":1,"amount":50},{"posx":19,"posy":2,"amount":50},{"posx":9,"posy":4,"amount":150},{"posx":15,"posy":4,"amount":500},{"posx":14,"posy":5,"amount":550},{"posx":1,"posy":6,"amount":100},{"posx":15,"posy":6,"amount":300},{"posx":18,"posy":7,"amount":350},{"posx":1,"posy":8,"amount":100},{"posx":3,"posy":8,"amount":150}],"changedObstacles":[]},{"players":[{"playerId":2451397,"score":1059,"energy":20,"posx":1,"posy":6,"lastAction":5,"status":0},{"playerId":2663641,"score":909,"energy":24,"posx":3,"posy":8,"lastAction":5,"status":0},{"playerId":2256302,"score":934,"energy":20,"posx":14,"posy":5,"lastAction":5,"status":0},{"playerId":131454,"score":950,"energy":40,"posx":1,"posy":6,"lastAction":5,"status":0}],"golds":[{"posx":16,"posy":0,"amount":400},{"posx":19,"posy":0,"amount":50},{"posx":17,"posy":1,"amount":50},{"posx":19,"posy":2,"amount":50},{"posx":9,"posy":4,"amount":150},{"posx":15,"posy":4,"amount":500},{"posx":14,"posy":5,"amount":500},{"posx":15,"posy":6,"amount":300},{"posx":18,"posy":7,"amount":350},{"posx":1,"posy":8,"amount":100},{"posx":3,"posy":8,"amount":100}],"changedObstacles":[{"type":0,"posx":1,"posy":6,"value":-1}]},{"players":[{"playerId":2451397,"score":1059,"energy":19,"posx":2,"posy":6,"lastAction":1,"status":0},{"playerId":2663641,"score":959,"energy":19,"posx":3,"posy":8,"lastAction":5,"status":0},{"playerId":2256302,"score":984,"energy":15,"posx":14,"posy":5,"lastAction":5,"status":0},{"playerId":131454,"score":950,"energy":39,"posx":1,"posy":5,"lastAction":2,"status":0}],"golds":[{"posx":16,"posy":0,"amount":400},{"posx":19,"posy":0,"amount":50},{"posx":17,"posy":1,"amount":50},{"posx":19,"posy":2,"amount":50},{"posx":9,"posy":4,"amount":150},{"posx":15,"posy":4,"amount":500},{"posx":14,"posy":5,"amount":450},{"posx":15,"posy":6,"amount":300},{"posx":18,"posy":7,"amount":350},{"posx":1,"posy":8,"amount":100},{"posx":3,"posy":8,"amount":50}],"changedObstacles":[]},{"players":[{"playerId":2451397,"score":1059,"energy":18,"posx":3,"posy":6,"lastAction":1,"status":0},{"playerId":2663641,"score":1009,"energy":14,"posx":3,"posy":8,"lastAction":5,"status":0},{"playerId":2256302,"score":1034,"energy":10,"posx":14,"posy":5,"lastAction":5,"status":0},{"playerId":131454,"score":950,"energy":23,"posx":2,"posy":5,"lastAction":1,"status":0}],"golds":[{"posx":16,"posy":0,"amount":400},{"posx":19,"posy":0,"amount":50},{"posx":17,"posy":1,"amount":50},{"posx":19,"posy":2,"amount":50},{"posx":9,"posy":4,"amount":150},{"posx":15,"posy":4,"amount":500},{"posx":14,"posy":5,"amount":400},{"posx":15,"posy":6,"amount":300},{"posx":18,"posy":7,"amount":350},{"posx":1,"posy":8,"amount":100}],"changedObstacles":[{"type":0,"posx":3,"posy":8,"value":-1}]},{"players":[{"playerId":2451397,"score":1059,"energy":17,"posx":4,"posy":6,"lastAction":1,"status":0},{"playerId":2663641,"score":1009,"energy":13,"posx":2,"posy":8,"lastAction":0,"status":0},{"playerId":2256302,"score":1084,"energy":5,"posx":14,"posy":5,"lastAction":5,"status":0},{"playerId":131454,"score":950,"energy":22,"posx":3,"posy":5,"lastAction":1,"status":0}],"golds":[{"posx":16,"posy":0,"amount":400},{"posx":19,"posy":0,"amount":50},{"posx":17,"posy":1,"amount":50},{"posx":19,"posy":2,"amount":50},{"posx":9,"posy":4,"amount":150},{"posx":15,"posy":4,"amount":500},{"posx":14,"posy":5,"amount":350},{"posx":15,"posy":6,"amount":300},{"posx":18,"posy":7,"amount":350},{"posx":1,"posy":8,"amount":100}],"changedObstacles":[]},{"players":[{"playerId":2451397,"score":1059,"energy":16,"posx":5,"posy":6,"lastAction":1,"status":0},{"playerId":2663641,"score":1009,"energy":9,"posx":1,"posy":8,"lastAction":0,"status":0},{"playerId":2256302,"score":1084,"energy":17,"posx":14,"posy":5,"lastAction":4,"status":0},{"playerId":131454,"score":950,"energy":21,"posx":4,"posy":5,"lastAction":1,"status":0}],"golds":[{"posx":16,"posy":0,"amount":400},{"posx":19,"posy":0,"amount":50},{"posx":17,"posy":1,"amount":50},{"posx":19,"posy":2,"amount":50},{"posx":9,"posy":4,"amount":150},{"posx":15,"posy":4,"amount":500},{"posx":14,"posy":5,"amount":350},{"posx":15,"posy":6,"amount":300},{"posx":18,"posy":7,"amount":350},{"posx":1,"posy":8,"amount":100}],"changedObstacles":[]},{"players":[{"playerId":2451397,"score":1059,"energy":15,"posx":6,"posy":6,"lastAction":1,"status":0},{"playerId":2663641,"score":1059,"energy":4,"posx":1,"posy":8,"lastAction":5,"status":0},{"playerId":2256302,"score":1084,"energy":33,"posx":14,"posy":5,"lastAction":4,"status":0},{"playerId":131454,"score":950,"energy":20,"posx":5,"posy":5,"lastAction":1,"status":0}],"golds":[{"posx":16,"posy":0,"amount":400},{"posx":19,"posy":0,"amount":50},{"posx":17,"posy":1,"amount":50},{"posx":19,"posy":2,"amount":50},{"posx":9,"posy":4,"amount":150},{"posx":15,"posy":4,"amount":500},{"posx":14,"posy":5,"amount":350},{"posx":15,"posy":6,"amount":300},{"posx":18,"posy":7,"amount":350},{"posx":1,"posy":8,"amount":50}],"changedObstacles":[]},{"players":[{"playerId":2451397,"score":1059,"energy":14,"posx":7,"posy":6,"lastAction":1,"status":0},{"playerId":2663641,"score":1059,"energy":16,"posx":1,"posy":8,"lastAction":4,"status":0},{"playerId":2256302,"score":1084,"energy":50,"posx":14,"posy":5,"lastAction":4,"status":0},{"playerId":131454,"score":950,"energy":19,"posx":6,"posy":5,"lastAction":1,"status":0}],"golds":[{"posx":16,"posy":0,"amount":400},{"posx":19,"posy":0,"amount":50},{"posx":17,"posy":1,"amount":50},{"posx":19,"posy":2,"amount":50},{"posx":9,"posy":4,"amount":150},{"posx":15,"posy":4,"amount":500},{"posx":14,"posy":5,"amount":350},{"posx":15,"posy":6,"amount":300},{"posx":18,"posy":7,"amount":350},{"posx":1,"posy":8,"amount":50}],"changedObstacles":[]},{"players":[{"playerId":2451397,"score":1059,"energy":13,"posx":8,"posy":6,"lastAction":1,"status":0},{"playerId":2663641,"score":1059,"energy":32,"posx":1,"posy":8,"lastAction":4,"status":0},{"playerId":2256302,"score":1134,"energy":45,"posx":14,"posy":5,"lastAction":5,"status":0},{"playerId":131454,"score":950,"energy":18,"posx":7,"posy":5,"lastAction":1,"status":0}],"golds":[{"posx":16,"posy":0,"amount":400},{"posx":19,"posy":0,"amount":50},{"posx":17,"posy":1,"amount":50},{"posx":19,"posy":2,"amount":50},{"posx":9,"posy":4,"amount":150},{"posx":15,"posy":4,"amount":500},{"posx":14,"posy":5,"amount":300},{"posx":15,"posy":6,"amount":300},{"posx":18,"posy":7,"amount":350},{"posx":1,"posy":8,"amount":50}],"changedObstacles":[]},{"players":[{"playerId":2451397,"score":1059,"energy":12,"posx":9,"posy":6,"lastAction":1,"status":0},{"playerId":2663641,"score":1109,"energy":27,"posx":1,"posy":8,"lastAction":5,"status":0},{"playerId":2256302,"score":1184,"energy":40,"posx":14,"posy":5,"lastAction":5,"status":0},{"playerId":131454,"score":950,"energy":17,"posx":8,"posy":5,"lastAction":1,"status":0}],"golds":[{"posx":16,"posy":0,"amount":400},{"posx":19,"posy":0,"amount":50},{"posx":17,"posy":1,"amount":50},{"posx":19,"posy":2,"amount":50},{"posx":9,"posy":4,"amount":150},{"posx":15,"posy":4,"amount":500},{"posx":14,"posy":5,"amount":250},{"posx":15,"posy":6,"amount":300},{"posx":18,"posy":7,"amount":350}],"changedObstacles":[{"type":0,"posx":1,"posy":8,"value":-1}]},{"players":[{"playerId":2451397,"score":1059,"energy":11,"posx":10,"posy":6,"lastAction":1,"status":0},{"playerId":2663641,"score":1109,"energy":26,"posx":2,"posy":8,"lastAction":1,"status":0},{"playerId":2256302,"score":1234,"energy":35,"posx":14,"posy":5,"lastAction":5,"status":0},{"playerId":131454,"score":950,"energy":16,"posx":9,"posy":5,"lastAction":1,"status":0}],"golds":[{"posx":16,"posy":0,"amount":400},{"posx":19,"posy":0,"amount":50},{"posx":17,"posy":1,"amount":50},{"posx":19,"posy":2,"amount":50},{"posx":9,"posy":4,"amount":150},{"posx":15,"posy":4,"amount":500},{"posx":14,"posy":5,"amount":200},{"posx":15,"posy":6,"amount":300},{"posx":18,"posy":7,"amount":350}],"changedObstacles":[]},{"players":[{"playerId":2451397,"score":1059,"energy":10,"posx":11,"posy":6,"lastAction":1,"status":0},{"playerId":2663641,"score":1109,"energy":25,"posx":3,"posy":8,"lastAction":1,"status":0},{"playerId":2256302,"score":1284,"energy":30,"posx":14,"posy":5,"lastAction":5,"status":0},{"playerId":131454,"score":950,"energy":12,"posx":9,"posy":4,"lastAction":2,"status":0}],"golds":[{"posx":16,"posy":0,"amount":400},{"posx":19,"posy":0,"amount":50},{"posx":17,"posy":1,"amount":50},{"posx":19,"posy":2,"amount":50},{"posx":9,"posy":4,"amount":150},{"posx":15,"posy":4,"amount":500},{"posx":14,"posy":5,"amount":150},{"posx":15,"posy":6,"amount":300},{"posx":18,"posy":7,"amount":350}],"changedObstacles":[]},{"players":[{"playerId":2451397,"score":1059,"energy":9,"posx":12,"posy":6,"lastAction":1,"status":0},{"playerId":2663641,"score":1109,"energy":24,"posx":4,"posy":8,"lastAction":1,"status":0},{"playerId":2256302,"score":1334,"energy":25,"posx":14,"posy":5,"lastAction":5,"status":0},{"playerId":131454,"score":1000,"energy":7,"posx":9,"posy":4,"lastAction":5,"status":0}],"golds":[{"posx":16,"posy":0,"amount":400},{"posx":19,"posy":0,"amount":50},{"posx":17,"posy":1,"amount":50},{"posx":19,"posy":2,"amount":50},{"posx":9,"posy":4,"amount":100},{"posx":15,"posy":4,"amount":500},{"posx":14,"posy":5,"amount":100},{"posx":15,"posy":6,"amount":300},{"posx":18,"posy":7,"amount":350}],"changedObstacles":[]},{"players":[{"playerId":2451397,"score":1059,"energy":8,"posx":13,"posy":6,"lastAction":1,"status":0},{"playerId":2663641,"score":1109,"energy":23,"posx":5,"posy":8,"lastAction":1,"status":0},{"playerId":2256302,"score":1384,"energy":20,"posx":14,"posy":5,"lastAction":5,"status":0},{"playerId":131454,"score":1050,"energy":2,"posx":9,"posy":4,"lastAction":5,"status":0}],"golds":[{"posx":16,"posy":0,"amount":400},{"posx":19,"posy":0,"amount":50},{"posx":17,"posy":1,"amount":50},{"posx":19,"posy":2,"amount":50},{"posx":9,"posy":4,"amount":50},{"posx":15,"posy":4,"amount":500},{"posx":14,"posy":5,"amount":50},{"posx":15,"posy":6,"amount":300},{"posx":18,"posy":7,"amount":350}],"changedObstacles":[]},{"players":[{"playerId":2451397,"score":1059,"energy":7,"posx":13,"posy":5,"lastAction":2,"status":0},{"playerId":2663641,"score":1109,"energy":22,"posx":6,"posy":8,"lastAction":1,"status":0},{"playerId":2256302,"score":1434,"energy":15,"posx":14,"posy":5,"lastAction":5,"status":0},{"playerId":131454,"score":1050,"energy":14,"posx":9,"posy":4,"lastAction":4,"status":0}],"golds":[{"posx":16,"posy":0,"amount":400},{"posx":19,"posy":0,"amount":50},{"posx":17,"posy":1,"amount":50},{"posx":19,"posy":2,"amount":50},{"posx":9,"posy":4,"amount":50},{"posx":15,"posy":4,"amount":500},{"posx":15,"posy":6,"amount":300},{"posx":18,"posy":7,"amount":350}],"changedObstacles":[{"type":0,"posx":14,"posy":5,"value":-1}]},{"players":[{"playerId":2451397,"score":1059,"energy":6,"posx":14,"posy":5,"lastAction":1,"status":0},{"playerId":2663641,"score":1109,"energy":34,"posx":6,"posy":8,"lastAction":4,"status":0},{"playerId":2256302,"score":1434,"energy":14,"posx":15,"posy":5,"lastAction":1,"status":0},{"playerId":131454,"score":1050,"energy":30,"posx":9,"posy":4,"lastAction":4,"status":0}],"golds":[{"posx":16,"posy":0,"amount":400},{"posx":19,"posy":0,"amount":50},{"posx":17,"posy":1,"amount":50},{"posx":19,"posy":2,"amount":50},{"posx":9,"posy":4,"amount":50},{"posx":15,"posy":4,"amount":500},{"posx":15,"posy":6,"amount":300},{"posx":18,"posy":7,"amount":350}],"changedObstacles":[]},{"players":[{"playerId":2451397,"score":1059,"energy":5,"posx":15,"posy":5,"lastAction":1,"status":0},{"playerId":2663641,"score":1109,"energy":50,"posx":6,"posy":8,"lastAction":4,"status":0},{"playerId":2256302,"score":1434,"energy":10,"posx":15,"posy":4,"lastAction":2,"status":0},{"playerId":131454,"score":1050,"energy":50,"posx":9,"posy":4,"lastAction":4,"status":0}],"golds":[{"posx":16,"posy":0,"amount":400},{"posx":19,"posy":0,"amount":50},{"posx":17,"posy":1,"amount":50},{"posx":19,"posy":2,"amount":50},{"posx":9,"posy":4,"amount":50},{"posx":15,"posy":4,"amount":500},{"posx":15,"posy":6,"amount":300},{"posx":18,"posy":7,"amount":350}],"changedObstacles":[]},{"players":[{"playerId":2451397,"score":1059,"energy":1,"posx":15,"posy":4,"lastAction":2,"status":0},{"playerId":2663641,"score":1109,"energy":32,"posx":7,"posy":8,"lastAction":1,"status":0},{"playerId":2256302,"score":1484,"energy":5,"posx":15,"posy":4,"lastAction":5,"status":0},{"playerId":131454,"score":1100,"energy":45,"posx":9,"posy":4,"lastAction":5,"status":0}],"golds":[{"posx":16,"posy":0,"amount":400},{"posx":19,"posy":0,"amount":50},{"posx":17,"posy":1,"amount":50},{"posx":19,"posy":2,"amount":50},{"posx":15,"posy":4,"amount":450},{"posx":15,"posy":6,"amount":300},{"posx":18,"posy":7,"amount":350}],"changedObstacles":[{"type":0,"posx":9,"posy":4,"value":-1}]},{"players":[{"playerId":2451397,"score":1059,"energy":13,"posx":15,"posy":4,"lastAction":4,"status":0},{"playerId":2663641,"score":1109,"energy":31,"posx":8,"posy":8,"lastAction":1,"status":0},{"playerId":2256302,"score":1484,"energy":17,"posx":15,"posy":4,"lastAction":4,"status":0},{"playerId":131454,"score":1100,"energy":44,"posx":10,"posy":4,"lastAction":1,"status":0}],"golds":[{"posx":16,"posy":0,"amount":400},{"posx":19,"posy":0,"amount":50},{"posx":17,"posy":1,"amount":50},{"posx":19,"posy":2,"amount":50},{"posx":15,"posy":4,"amount":450},{"posx":15,"posy":6,"amount":300},{"posx":18,"posy":7,"amount":350}],"changedObstacles":[]},{"players":[{"playerId":2451397,"score":1059,"energy":29,"posx":15,"posy":4,"lastAction":4,"status":0},{"playerId":2663641,"score":1109,"energy":30,"posx":8,"posy":7,"lastAction":2,"status":0},{"playerId":2256302,"score":1484,"energy":33,"posx":15,"posy":4,"lastAction":4,"status":0},{"playerId":131454,"score":1100,"energy":43,"posx":11,"posy":4,"lastAction":1,"status":0}],"golds":[{"posx":16,"posy":0,"amount":400},{"posx":19,"posy":0,"amount":50},{"posx":17,"posy":1,"amount":50},{"posx":19,"posy":2,"amount":50},{"posx":15,"posy":4,"amount":450},{"posx":15,"posy":6,"amount":300},{"posx":18,"posy":7,"amount":350}],"changedObstacles":[]},{"players":[{"playerId":2451397,"score":1059,"energy":50,"posx":15,"posy":4,"lastAction":4,"status":0},{"playerId":2663641,"score":1109,"energy":29,"posx":9,"posy":7,"lastAction":1,"status":0},{"playerId":2256302,"score":1484,"energy":50,"posx":15,"posy":4,"lastAction":4,"status":0},{"playerId":131454,"score":1100,"energy":42,"posx":12,"posy":4,"lastAction":1,"status":0}],"golds":[{"posx":16,"posy":0,"amount":400},{"posx":19,"posy":0,"amount":50},{"posx":17,"posy":1,"amount":50},{"posx":19,"posy":2,"amount":50},{"posx":15,"posy":4,"amount":450},{"posx":15,"posy":6,"amount":300},{"posx":18,"posy":7,"amount":350}],"changedObstacles":[]},{"players":[{"playerId":2451397,"score":1109,"energy":45,"posx":15,"posy":4,"lastAction":5,"status":0},{"playerId":2663641,"score":1109,"energy":28,"posx":9,"posy":6,"lastAction":2,"status":0},{"playerId":2256302,"score":1534,"energy":45,"posx":15,"posy":4,"lastAction":5,"status":0},{"playerId":131454,"score":1100,"energy":41,"posx":13,"posy":4,"lastAction":1,"status":0}],"golds":[{"posx":16,"posy":0,"amount":400},{"posx":19,"posy":0,"amount":50},{"posx":17,"posy":1,"amount":50},{"posx":19,"posy":2,"amount":50},{"posx":15,"posy":4,"amount":350},{"posx":15,"posy":6,"amount":300},{"posx":18,"posy":7,"amount":350}],"changedObstacles":[]},{"players":[{"playerId":2451397,"score":1159,"energy":40,"posx":15,"posy":4,"lastAction":5,"status":0},{"playerId":2663641,"score":1109,"energy":27,"posx":10,"posy":6,"lastAction":1,"status":0},{"playerId":2256302,"score":1584,"energy":40,"posx":15,"posy":4,"lastAction":5,"status":0},{"playerId":131454,"score":1100,"energy":26,"posx":14,"posy":4,"lastAction":1,"status":0}],"golds":[{"posx":16,"posy":0,"amount":400},{"posx":19,"posy":0,"amount":50},{"posx":17,"posy":1,"amount":50},{"posx":19,"posy":2,"amount":50},{"posx":15,"posy":4,"amount":250},{"posx":15,"posy":6,"amount":300},{"posx":18,"posy":7,"amount":350}],"changedObstacles":[]},{"players":[{"playerId":2451397,"score":1209,"energy":35,"posx":15,"posy":4,"lastAction":5,"status":0},{"playerId":2663641,"score":1109,"energy":26,"posx":10,"posy":5,"lastAction":2,"status":0},{"playerId":2256302,"score":1634,"energy":35,"posx":15,"posy":4,"lastAction":5,"status":0},{"playerId":131454,"score":1100,"energy":22,"posx":15,"posy":4,"lastAction":1,"status":0}],"golds":[{"posx":16,"posy":0,"amount":400},{"posx":19,"posy":0,"amount":50},{"posx":17,"posy":1,"amount":50},{"posx":19,"posy":2,"amount":50},{"posx":15,"posy":4,"amount":150},{"posx":15,"posy":6,"amount":300},{"posx":18,"posy":7,"amount":350}],"changedObstacles":[]},{"players":[{"playerId":2451397,"score":1259,"energy":30,"posx":15,"posy":4,"lastAction":5,"status":0},{"playerId":2663641,"score":1109,"energy":25,"posx":11,"posy":5,"lastAction":1,"status":0},{"playerId":2256302,"score":1684,"energy":30,"posx":15,"posy":4,"lastAction":5,"status":0},{"playerId":131454,"score":1150,"energy":17,"posx":15,"posy":4,"lastAction":5,"status":0}],"golds":[{"posx":16,"posy":0,"amount":400},{"posx":19,"posy":0,"amount":50},{"posx":17,"posy":1,"amount":50},{"posx":19,"posy":2,"amount":50},{"posx":15,"posy":6,"amount":300},{"posx":18,"posy":7,"amount":350}],"changedObstacles":[{"type":0,"posx":15,"posy":4,"value":-1}]},{"players":[{"playerId":2451397,"score":1259,"energy":29,"posx":15,"posy":5,"lastAction":3,"status":0},{"playerId":2663641,"score":1109,"energy":24,"posx":11,"posy":4,"lastAction":2,"status":0},{"playerId":2256302,"score":1684,"energy":29,"posx":15,"posy":3,"lastAction":2,"status":0},{"playerId":131454,"score":1150,"energy":16,"posx":15,"posy":5,"lastAction":3,"status":0}],"golds":[{"posx":16,"posy":0,"amount":400},{"posx":19,"posy":0,"amount":50},{"posx":17,"posy":1,"amount":50},{"posx":19,"posy":2,"amount":50},{"posx":15,"posy":6,"amount":300},{"posx":18,"posy":7,"amount":350}],"changedObstacles":[]},{"players":[{"playerId":2451397,"score":1259,"energy":25,"posx":15,"posy":6,"lastAction":3,"status":0},{"playerId":2663641,"score":1109,"energy":23,"posx":12,"posy":4,"lastAction":1,"status":0},{"playerId":2256302,"score":1684,"energy":28,"posx":15,"posy":2,"lastAction":2,"status":0},{"playerId":131454,"score":1150,"energy":12,"posx":15,"posy":6,"lastAction":3,"status":0}],"golds":[{"posx":16,"posy":0,"amount":400},{"posx":19,"posy":0,"amount":50},{"posx":17,"posy":1,"amount":50},{"posx":19,"posy":2,"amount":50},{"posx":15,"posy":6,"amount":300},{"posx":18,"posy":7,"amount":350}],"changedObstacles":[]},{"players":[{"playerId":2451397,"score":1309,"energy":20,"posx":15,"posy":6,"lastAction":5,"status":0},{"playerId":2663641,"score":1109,"energy":22,"posx":12,"posy":3,"lastAction":2,"status":0},{"playerId":2256302,"score":1684,"energy":27,"posx":16,"posy":2,"lastAction":1,"status":0},{"playerId":131454,"score":1200,"energy":7,"posx":15,"posy":6,"lastAction":5,"status":0}],"golds":[{"posx":16,"posy":0,"amount":400},{"posx":19,"posy":0,"amount":50},{"posx":17,"posy":1,"amount":50},{"posx":19,"posy":2,"amount":50},{"posx":15,"posy":6,"amount":200},{"posx":18,"posy":7,"amount":350}],"changedObstacles":[]},{"players":[{"playerId":2451397,"score":1359,"energy":15,"posx":15,"posy":6,"lastAction":5,"status":0},{"playerId":2663641,"score":1109,"energy":21,"posx":13,"posy":3,"lastAction":1,"status":0},{"playerId":2256302,"score":1684,"energy":26,"posx":17,"posy":2,"lastAction":1,"status":0},{"playerId":131454,"score":1250,"energy":2,"posx":15,"posy":6,"lastAction":5,"status":0}],"golds":[{"posx":16,"posy":0,"amount":400},{"posx":19,"posy":0,"amount":50},{"posx":17,"posy":1,"amount":50},{"posx":19,"posy":2,"amount":50},{"posx":15,"posy":6,"amount":100},{"posx":18,"posy":7,"amount":350}],"changedObstacles":[]},{"players":[{"playerId":2451397,"score":1409,"energy":10,"posx":15,"posy":6,"lastAction":5,"status":0},{"playerId":2663641,"score":1109,"energy":20,"posx":14,"posy":3,"lastAction":1,"status":0},{"playerId":2256302,"score":1684,"energy":22,"posx":17,"posy":1,"lastAction":2,"status":0},{"playerId":131454,"score":1250,"energy":14,"posx":15,"posy":6,"lastAction":4,"status":0}],"golds":[{"posx":16,"posy":0,"amount":400},{"posx":19,"posy":0,"amount":50},{"posx":17,"posy":1,"amount":50},{"posx":19,"posy":2,"amount":50},{"posx":15,"posy":6,"amount":50},{"posx":18,"posy":7,"amount":350}],"changedObstacles":[]},{"players":[{"playerId":2451397,"score":1459,"energy":5,"posx":15,"posy":6,"lastAction":5,"status":0},{"playerId":2663641,"score":1109,"energy":19,"posx":14,"posy":2,"lastAction":2,"status":0},{"playerId":2256302,"score":1734,"energy":17,"posx":17,"posy":1,"lastAction":5,"status":0},{"playerId":131454,"score":1250,"energy":30,"posx":15,"posy":6,"lastAction":4,"status":0}],"golds":[{"posx":16,"posy":0,"amount":400},{"posx":19,"posy":0,"amount":50},{"posx":19,"posy":2,"amount":50},{"posx":18,"posy":7,"amount":350}],"changedObstacles":[{"type":0,"posx":17,"posy":1,"value":-1},{"type":0,"posx":15,"posy":6,"value":-1}]},{"players":[{"playerId":2451397,"score":1459,"energy":4,"posx":16,"posy":6,"lastAction":1,"status":0},{"playerId":2663641,"score":1109,"energy":18,"posx":14,"posy":1,"lastAction":2,"status":0},{"playerId":2256302,"score":1734,"energy":16,"posx":18,"posy":1,"lastAction":1,"status":0},{"playerId":131454,"score":1250,"energy":50,"posx":15,"posy":6,"lastAction":4,"status":0}],"golds":[{"posx":16,"posy":0,"amount":400},{"posx":19,"posy":0,"amount":50},{"posx":19,"posy":2,"amount":50},{"posx":18,"posy":7,"amount":350}],"changedObstacles":[]},{"players":[{"playerId":2451397,"score":1459,"energy":3,"posx":17,"posy":6,"lastAction":1,"status":0},{"playerId":2663641,"score":1109,"energy":17,"posx":15,"posy":1,"lastAction":1,"status":0},{"playerId":2256302,"score":1734,"energy":15,"posx":19,"posy":1,"lastAction":1,"status":0},{"playerId":131454,"score":1250,"energy":49,"posx":16,"posy":6,"lastAction":1,"status":0}],"golds":[{"posx":16,"posy":0,"amount":400},{"posx":19,"posy":0,"amount":50},{"posx":19,"posy":2,"amount":50},{"posx":18,"posy":7,"amount":350}],"changedObstacles":[]},{"players":[{"playerId":2451397,"score":1459,"energy":2,"posx":17,"posy":7,"lastAction":3,"status":0},{"playerId":2663641,"score":1109,"energy":16,"posx":15,"posy":0,"lastAction":2,"status":0},{"playerId":2256302,"score":1734,"energy":11,"posx":19,"posy":2,"lastAction":3,"status":0},{"playerId":131454,"score":1250,"energy":48,"posx":17,"posy":6,"lastAction":1,"status":0}],"golds":[{"posx":16,"posy":0,"amount":400},{"posx":19,"posy":0,"amount":50},{"posx":19,"posy":2,"amount":50},{"posx":18,"posy":7,"amount":350}],"changedObstacles":[]},{"players":[{"playerId":2451397,"score":1459,"energy":14,"posx":17,"posy":7,"lastAction":4,"status":0},{"playerId":2663641,"score":1109,"energy":12,"posx":16,"posy":0,"lastAction":1,"status":0},{"playerId":2256302,"score":1784,"energy":6,"posx":19,"posy":2,"lastAction":5,"status":0},{"playerId":131454,"score":1250,"energy":47,"posx":18,"posy":6,"lastAction":1,"status":0}],"golds":[{"posx":16,"posy":0,"amount":400},{"posx":19,"posy":0,"amount":50},{"posx":18,"posy":7,"amount":350}],"changedObstacles":[{"type":0,"posx":19,"posy":2,"value":-1}]},{"players":[{"playerId":2451397,"score":1459,"energy":10,"posx":18,"posy":7,"lastAction":1,"status":0},{"playerId":2663641,"score":1159,"energy":7,"posx":16,"posy":0,"lastAction":5,"status":0},{"playerId":2256302,"score":1784,"energy":5,"posx":19,"posy":1,"lastAction":2,"status":0},{"playerId":131454,"score":1250,"energy":47,"posx":18,"posy":6,"lastAction":1,"status":3}],"golds":[{"posx":16,"posy":0,"amount":350},{"posx":19,"posy":0,"amount":50},{"posx":18,"posy":7,"amount":350}],"changedObstacles":[]},{"players":[{"playerId":2451397,"score":1509,"energy":5,"posx":18,"posy":7,"lastAction":5,"status":0},{"playerId":2663641,"score":1209,"energy":2,"posx":16,"posy":0,"lastAction":5,"status":0},{"playerId":2256302,"score":1784,"energy":1,"posx":19,"posy":0,"lastAction":2,"status":0},{"playerId":131454,"score":1250,"energy":47,"posx":18,"posy":6,"lastAction":6,"status":3}],"golds":[{"posx":16,"posy":0,"amount":300},{"posx":19,"posy":0,"amount":50},{"posx":18,"posy":7,"amount":300}],"changedObstacles":[]},{"players":[{"playerId":2451397,"score":1509,"energy":17,"posx":18,"posy":7,"lastAction":4,"status":0},{"playerId":2663641,"score":1209,"energy":14,"posx":16,"posy":0,"lastAction":4,"status":0},{"playerId":2256302,"score":1784,"energy":13,"posx":19,"posy":0,"lastAction":4,"status":0},{"playerId":131454,"score":1250,"energy":47,"posx":18,"posy":6,"lastAction":6,"status":3}],"golds":[{"posx":16,"posy":0,"amount":300},{"posx":19,"posy":0,"amount":50},{"posx":18,"posy":7,"amount":300}],"changedObstacles":[]},{"players":[{"playerId":2451397,"score":1509,"energy":33,"posx":18,"posy":7,"lastAction":4,"status":0},{"playerId":2663641,"score":1209,"energy":30,"posx":16,"posy":0,"lastAction":4,"status":0},{"playerId":2256302,"score":1784,"energy":29,"posx":19,"posy":0,"lastAction":4,"status":0},{"playerId":131454,"score":1250,"energy":47,"posx":18,"posy":6,"lastAction":6,"status":3}],"golds":[{"posx":16,"posy":0,"amount":300},{"posx":19,"posy":0,"amount":50},{"posx":18,"posy":7,"amount":300}],"changedObstacles":[]},{"players":[{"playerId":2451397,"score":1559,"energy":28,"posx":18,"posy":7,"lastAction":5,"status":0},{"playerId":2663641,"score":1259,"energy":25,"posx":16,"posy":0,"lastAction":5,"status":0},{"playerId":2256302,"score":1834,"energy":24,"posx":19,"posy":0,"lastAction":5,"status":0},{"playerId":131454,"score":1250,"energy":47,"posx":18,"posy":6,"lastAction":6,"status":3}],"golds":[{"posx":16,"posy":0,"amount":250},{"posx":18,"posy":7,"amount":250}],"changedObstacles":[{"type":0,"posx":19,"posy":0,"value":-1}]},{"players":[{"playerId":2451397,"score":1609,"energy":23,"posx":18,"posy":7,"lastAction":5,"status":0},{"playerId":2663641,"score":1309,"energy":20,"posx":16,"posy":0,"lastAction":5,"status":0},{"playerId":2256302,"score":1834,"energy":23,"posx":18,"posy":0,"lastAction":0,"status":0},{"playerId":131454,"score":1250,"energy":47,"posx":18,"posy":6,"lastAction":6,"status":3}],"golds":[{"posx":16,"posy":0,"amount":200},{"posx":18,"posy":7,"amount":200}],"changedObstacles":[]},{"players":[{"playerId":2451397,"score":1659,"energy":18,"posx":18,"posy":7,"lastAction":5,"status":0},{"playerId":2663641,"score":1359,"energy":15,"posx":16,"posy":0,"lastAction":5,"status":0},{"playerId":2256302,"score":1834,"energy":22,"posx":17,"posy":0,"lastAction":0,"status":0},{"playerId":131454,"score":1250,"energy":47,"posx":18,"posy":6,"lastAction":6,"status":3}],"golds":[{"posx":16,"posy":0,"amount":150},{"posx":18,"posy":7,"amount":150}],"changedObstacles":[]},{"players":[{"playerId":2451397,"score":1709,"energy":13,"posx":18,"posy":7,"lastAction":5,"status":0},{"playerId":2663641,"score":1409,"energy":10,"posx":16,"posy":0,"lastAction":5,"status":0},{"playerId":2256302,"score":1834,"energy":18,"posx":16,"posy":0,"lastAction":0,"status":0},{"playerId":131454,"score":1250,"energy":47,"posx":18,"posy":6,"lastAction":6,"status":3}],"golds":[{"posx":16,"posy":0,"amount":100},{"posx":18,"posy":7,"amount":100}],"changedObstacles":[]},{"players":[{"playerId":2451397,"score":1759,"energy":8,"posx":18,"posy":7,"lastAction":5,"status":0},{"playerId":2663641,"score":1459,"energy":5,"posx":16,"posy":0,"lastAction":5,"status":0},{"playerId":2256302,"score":1884,"energy":13,"posx":16,"posy":0,"lastAction":5,"status":0},{"playerId":131454,"score":1250,"energy":47,"posx":18,"posy":6,"lastAction":6,"status":3}],"golds":[{"posx":18,"posy":7,"amount":50}],"changedObstacles":[{"type":0,"posx":16,"posy":0,"value":-1}]},{"players":[{"playerId":2451397,"score":1809,"energy":3,"posx":18,"posy":7,"lastAction":5,"status":0},{"playerId":2663641,"score":1459,"energy":4,"posx":16,"posy":1,"lastAction":3,"status":0},{"playerId":2256302,"score":1884,"energy":12,"posx":17,"posy":0,"lastAction":1,"status":0},{"playerId":131454,"score":1250,"energy":47,"posx":18,"posy":6,"lastAction":6,"status":3}],"golds":[],"changedObstacles":[{"type":0,"posx":18,"posy":7,"value":-1}]}]