[{"players":[{"playerId":2374229,"score":0,"energy":46},{"playerId":675419,"score":0,"energy":49},{"playerId":2256302,"score":0,"energy":46},{"playerId":131454,"score":0,"energy":39}],"golds":[{"posx":1,"posy":8,"amount":100},{"posx":9,"posy":4,"amount":150},{"posx":15,"posy":6,"amount":300},{"posx":19,"posy":2,"amount":50},{"posx":17,"posy":1,"amount":50},{"posx":6,"posy":7,"amount":600},{"posx":1,"posy":6,"amount":600},{"posx":6,"posy":2,"amount":150},{"posx":8,"posy":3,"amount":100},{"posx":14,"posy":5,"amount":550},{"posx":5,"posy":6,"amount":450},{"posx":15,"posy":4,"amount":500},{"posx":18,"posy":7,"amount":350},{"posx":6,"posy":4,"amount":450},{"posx":3,"posy":8,"amount":250},{"posx":16,"posy":0,"amount":400},{"posx":1,"posy":7,"amount":250},{"posx":5,"posy":7,"amount":500},{"posx":13,"posy":6,"amount":550},{"posx":19,"posy":0,"amount":50}],"changedObstacles":[]},{"players":[{"playerId":2374229,"score":50,"energy":41},{"playerId":675419,"score":0,"energy":39},{"playerId":2256302,"score":50,"energy":41},{"playerId":131454,"score":0,"energy":35}],"golds":[{"posx":16,"posy":0,"amount":400},{"posx":19,"posy":0,"amount":50},{"posx":17,"posy":1,"amount":50},{"posx":6,"posy":2,"amount":150},{"posx":19,"posy":2,"amount":50},{"posx":6,"posy":4,"amount":450},{"posx":9,"posy":4,"amount":150},{"posx":15,"posy":4,"amount":500},{"posx":14,"posy":5,"amount":550},{"posx":1,"posy":6,"amount":600},{"posx":5,"posy":6,"amount":450},{"posx":13,"posy":6,"amount":550},{"posx":15,"posy":6,"amount":300},{"posx":1,"posy":7,"amount":250},{"posx":5,"posy":7,"amount":500},{"posx":6,"posy":7,"amount":600},{"posx":18,"posy":7,"amount":350},{"posx":1,"posy":8,"amount":100},{"posx":3,"posy":8,"amount":250}],"changedObstacles":[{"type":0,"posx":9,"posy":3,"value":-1},{"type":0,"posx":8,"posy":3,"value":-1}]},{"players":[{"playerId":2374229,"score":50,"energy":40},{"playerId":675419,"score":0,"energy":35},{"playerId":2256302,"score":50,"energy":40},{"playerId":131454,"score":50,"energy":30}],"golds":[{"posx":16,"posy":0,"amount":400},{"posx":19,"posy":0,"amount":50},{"posx":17,"posy":1,"amount":50},{"posx":6,"posy":2,"amount":100},{"posx":19,"posy":2,"amount":50},{"posx":6,"posy":4,"amount":450},{"posx":9,"posy":4,"amount":150},{"posx":15,"posy":4,"amount":500},{"posx":14,"posy":5,"amount":550},{"posx":1,"posy":6,"amount":600},{"posx":5,"posy":6,"amount":450},{"posx":13,"posy":6,"amount":550},{"posx":15,"posy":6,"amount":300},{"posx":1,"posy":7,"amount":250},{"posx":5,"posy":7,"amount":500},{"posx":6,"posy":7,"amount":600},{"posx":18,"posy":7,"amount":350},{"posx":1,"posy":8,"amount":100},{"posx":3,"posy":8,"amount":250}],"changedObstacles":[]},{"players":[{"playerId":2374229,"score":50,"energy":36},{"playerId":675419,"score":50,"energy":30},{"playerId":2256302,"score":50,"energy":39},{"playerId":131454,"score":100,"energy":25}],"golds":[{"posx":16,"posy":0,"amount":400},{"posx":19,"posy":0,"amount":50},{"posx":17,"posy":1,"amount":50},{"posx":6,"posy":2,"amount":50},{"posx":19,"posy":2,"amount":50},{"posx":6,"posy":4,"amount":450},{"posx":9,"posy":4,"amount":100},{"posx":15,"posy":4,"amount":500},{"posx":14,"posy":5,"amount":550},{"posx":1,"posy":6,"amount":600},{"posx":5,"posy":6,"amount":450},{"posx":13,"posy":6,"amount":550},{"posx":15,"posy":6,"amount":300},{"posx":1,"posy":7,"amount":250},{"posx":5,"posy":7,"amount":500},{"posx":6,"posy":7,"amount":600},{"posx":18,"posy":7,"amount":350},{"posx":1,"posy":8,"amount":100},{"posx":3,"posy":8,"amount":250}],"changedObstacles":[]},{"players":[{"playerId":2374229,"score":100,"energy":31},{"playerId":675419,"score":100,"energy":25},{"playerId":2256302,"score":50,"energy":38},{"playerId":131454,"score":150,"energy":20}],"golds":[{"posx":16,"posy":0,"amount":400},{"posx":19,"posy":0,"amount":50},{"posx":17,"posy":1,"amount":50},{"posx":19,"posy":2,"amount":50},{"posx":6,"posy":4,"amount":450},{"posx":15,"posy":4,"amount":500},{"posx":14,"posy":5,"amount":550},{"posx":1,"posy":6,"amount":600},{"posx":5,"posy":6,"amount":450},{"posx":13,"posy":6,"amount":550},{"posx":15,"posy":6,"amount":300},{"posx":1,"posy":7,"amount":250},{"posx":5,"posy":7,"amount":500},{"posx":6,"posy":7,"amount":600},{"posx":18,"posy":7,"amount":350},{"posx":1,"posy":8,"amount":100},{"posx":3,"posy":8,"amount":250}],"changedObstacles":[{"type":0,"posx":9,"posy":4,"value":-1},{"type":0,"posx":6,"posy":2,"value":-1}]},{"players":[{"playerId":2374229,"score":100,"energy":30},{"playerId":675419,"score":100,"energy":24},{"playerId":2256302,"score":50,"energy":37},{"playerId":131454,"score":150,"energy":19}],"golds":[{"posx":16,"posy":0,"amount":400},{"posx":19,"posy":0,"amount":50},{"posx":17,"posy":1,"amount":50},{"posx":19,"posy":2,"amount":50},{"posx":6,"posy":4,"amount":450},{"posx":15,"posy":4,"amount":500},{"posx":14,"posy":5,"amount":550},{"posx":1,"posy":6,"amount":600},{"posx":5,"posy":6,"amount":450},{"posx":13,"posy":6,"amount":550},{"posx":15,"posy":6,"amount":300},{"posx":1,"posy":7,"amount":250},{"posx":5,"posy":7,"amount":500},{"posx":6,"posy":7,"amount":600},{"posx":18,"posy":7,"amount":350},{"posx":1,"posy":8,"amount":100},{"posx":3,"posy":8,"amount":250}],"changedObstacles":[]},{"players":[{"playerId":2374229,"score":100,"energy":29},{"playerId":675419,"score":100,"energy":23},{"playerId":2256302,"score":50,"energy":36},{"playerId":131454,"score":150,"energy":15}],"golds":[{"posx":16,"posy":0,"amount":400},{"posx":19,"posy":0,"amount":50},{"posx":17,"posy":1,"amount":50},{"posx":19,"posy":2,"amount":50},{"posx":6,"posy":4,"amount":450},{"posx":15,"posy":4,"amount":500},{"posx":14,"posy":5,"amount":550},{"posx":1,"posy":6,"amount":600},{"posx":5,"posy":6,"amount":450},{"posx":13,"posy":6,"amount":550},{"posx":15,"posy":6,"amount":300},{"posx":1,"posy":7,"amount":250},{"posx":5,"posy":7,"amount":500},{"posx":6,"posy":7,"amount":600},{"posx":18,"posy":7,"amount":350},{"posx":1,"posy":8,"amount":100},{"posx":3,"posy":8,"amount":250}],"changedObstacles":[]},{"players":[{"playerId":2374229,"score":100,"energy":25},{"playerId":675419,"score":100,"energy":19},{"playerId":2256302,"score":50,"energy":32},{"playerId":131454,"score":200,"energy":10}],"golds":[{"posx":16,"posy":0,"amount":400},{"posx":19,"posy":0,"amount":50},{"posx":17,"posy":1,"amount":50},{"posx":19,"posy":2,"amount":50},{"posx":6,"posy":4,"amount":400},{"posx":15,"posy":4,"amount":500},{"posx":14,"posy":5,"amount":550},{"posx":1,"posy":6,"amount":600},{"posx":5,"posy":6,"amount":450},{"posx":13,"posy":6,"amount":550},{"posx":15,"posy":6,"amount":300},{"posx":1,"posy":7,"amount":250},{"posx":5,"posy":7,"amount":500},{"posx":6,"posy":7,"amount":600},{"posx":18,"posy":7,"amount":350},{"posx":1,"posy":8,"amount":100},{"posx":3,"posy":8,"amount":250}],"changedObstacles":[]},{"players":[{"playerId":2374229,"score":150,"energy":20},{"playerId":675419,"score":100,"energy":31},{"playerId":2256302,"score":100,"energy":27},{"playerId":131454,"score":250,"energy":5}],"golds":[{"posx":16,"posy":0,"amount":400},{"posx":19,"posy":0,"amount":50},{"posx":17,"posy":1,"amount":50},{"posx":19,"posy":2,"amount":50},{"posx":6,"posy":4,"amount":300},{"posx":15,"posy":4,"amount":500},{"posx":14,"posy":5,"amount":550},{"posx":1,"posy":6,"amount":600},{"posx":5,"posy":6,"amount":450},{"posx":13,"posy":6,"amount":550},{"posx":15,"posy":6,"amount":300},{"posx":1,"posy":7,"amount":250},{"posx":5,"posy":7,"amount":500},{"posx":6,"posy":7,"amount":550},{"posx":18,"posy":7,"amount":350},{"posx":1,"posy":8,"amount":100},{"posx":3,"posy":8,"amount":250}],"changedObstacles":[]},{"players":[{"playerId":2374229,"score":200,"energy":15},{"playerId":675419,"score":100,"energy":30},{"playerId":2256302,"score":150,"energy":22},{"playerId":131454,"score":250,"energy":17}],"golds":[{"posx":16,"posy":0,"amount":400},{"posx":19,"posy":0,"amount":50},{"posx":17,"posy":1,"amount":50},{"posx":19,"posy":2,"amount":50},{"posx":6,"posy":4,"amount":250},{"posx":15,"posy":4,"amount":500},{"posx":14,"posy":5,"amount":550},{"posx":1,"posy":6,"amount":600},{"posx":5,"posy":6,"amount":450},{"posx":13,"posy":6,"amount":550},{"posx":15,"posy":6,"amount":300},{"posx":1,"posy":7,"amount":250},{"posx":5,"posy":7,"amount":500},{"posx":6,"posy":7,"amount":500},{"posx":18,"posy":7,"amount":350},{"posx":1,"posy":8,"amount":100},{"posx":3,"posy":8,"amount":250}],"changedObstacles":[]},{"players":[{"playerId":2374229,"score":250,"energy":10},{"playerId":675419,"score":100,"energy":29},{"playerId":2256302,"score":200,"energy":17},{"playerId":131454,"score":250,"energy":33}],"golds":[{"posx":16,"posy":0,"amount":400},{"posx":19,"posy":0,"amount":50},{"posx":17,"posy":1,"amount":50},{"posx":19,"posy":2,"amount":50},{"posx":6,"posy":4,"amount":200},{"posx":15,"posy":4,"amount":500},{"posx":14,"posy":5,"amount":550},{"posx":1,"posy":6,"amount":600},{"posx":5,"posy":6,"amount":450},{"posx":13,"posy":6,"amount":550},{"posx":15,"posy":6,"amount":300},{"posx":1,"posy":7,"amount":250},{"posx":5,"posy":7,"amount":500},{"posx":6,"posy":7,"amount":450},{"posx":18,"posy":7,"amount":350},{"posx":1,"posy":8,"amount":100},{"posx":3,"posy":8,"amount":250}],"changedObstacles":[]},{"players":[{"playerId":2374229,"score":300,"energy":5},{"playerId":675419,"score":100,"energy":25},{"playerId":2256302,"score":250,"energy":12},{"playerId":131454,"score":250,"energy":50}],"golds":[{"posx":16,"posy":0,"amount":400},{"posx":19,"posy":0,"amount":50},{"posx":17,"posy":1,"amount":50},{"posx":19,"posy":2,"amount":50},{"posx":6,"posy":4,"amount":150},{"posx":15,"posy":4,"amount":500},{"posx":14,"posy":5,"amount":550},{"posx":1,"posy":6,"amount":600},{"posx":5,"posy":6,"amount":450},{"posx":13,"posy":6,"amount":550},{"posx":15,"posy":6,"amount":300},{"posx":1,"posy":7,"amount":250},{"posx":5,"posy":7,"amount":500},{"posx":6,"posy":7,"amount":400},{"posx":18,"posy":7,"amount":350},{"posx":1,"posy":8,"amount":100},{"posx":3,"posy":8,"amount":250}],"changedObstacles":[]},{"players":[{"playerId":2374229,"score":300,"energy":17},{"playerId":675419,"score":150,"energy":20},{"playerId":2256302,"score":300,"energy":7},{"playerId":131454,"score":300,"energy":45}],"golds":[{"posx":16,"posy":0,"amount":400},{"posx":19,"posy":0,"amount":50},{"posx":17,"posy":1,"amount":50},{"posx":19,"posy":2,"amount":50},{"posx":6,"posy":4,"amount":100},{"posx":15,"posy":4,"amount":500},{"posx":14,"posy":5,"amount":550},{"posx":1,"posy":6,"amount":600},{"posx":5,"posy":6,"amount":450},{"posx":13,"posy":6,"amount":550},{"posx":15,"posy":6,"amount":300},{"posx":1,"posy":7,"amount":250},{"posx":5,"posy":7,"amount":500},{"posx":6,"posy":7,"amount":300},{"posx":18,"posy":7,"amount":350},{"posx":1,"posy":8,"amount":100},{"posx":3,"posy":8,"amount":250}],"changedObstacles":[]},{"players":[{"playerId":2374229,"score":350,"energy":12},{"playerId":675419,"score":200,"energy":15},{"playerId":2256302,"score":350,"energy":2},{"playerId":131454,"score":350,"energy":40}],"golds":[{"posx":16,"posy":0,"amount":400},{"posx":19,"posy":0,"amount":50},{"posx":17,"posy":1,"amount":50},{"posx":19,"posy":2,"amount":50},{"posx":15,"posy":4,"amount":500},{"posx":14,"posy":5,"amount":550},{"posx":1,"posy":6,"amount":600},{"posx":5,"posy":6,"amount":450},{"posx":13,"posy":6,"amount":550},{"posx":15,"posy":6,"amount":300},{"posx":1,"posy":7,"amount":250},{"posx":5,"posy":7,"amount":500},{"posx":6,"posy":7,"amount":200},{"posx":18,"posy":7,"amount":350},{"posx":1,"posy":8,"amount":100},{"posx":3,"posy":8,"amount":250}],"changedObstacles":[{"type":0,"posx":6,"posy":4,"value":-1}]},{"players":[{"playerId":2374229,"score":350,"energy":24},{"playerId":675419,"score":250,"energy":10},{"playerId":2256302,"score":350,"energy":14},{"playerId":131454,"score":350,"energy":39}],"golds":[{"posx":16,"posy":0,"amount":400},{"posx":19,"posy":0,"amount":50},{"posx":17,"posy":1,"amount":50},{"posx":19,"posy":2,"amount":50},{"posx":15,"posy":4,"amount":500},{"posx":14,"posy":5,"amount":550},{"posx":1,"posy":6,"amount":600},{"posx":5,"posy":6,"amount":450},{"posx":13,"posy":6,"amount":550},{"posx":15,"posy":6,"amount":300},{"posx":1,"posy":7,"amount":250},{"posx":5,"posy":7,"amount":500},{"posx":6,"posy":7,"amount":150},{"posx":18,"posy":7,"amount":350},{"posx":1,"posy":8,"amount":100},{"posx":3,"posy":8,"amount":250}],"changedObstacles":[]},{"players":[{"playerId":2374229,"score":350,"energy":23},{"playerId":675419,"score":300,"energy":5},{"playerId":2256302,"score":350,"energy":30},{"playerId":131454,"score":350,"energy":38}],"golds":[{"posx":16,"posy":0,"amount":400},{"posx":19,"posy":0,"amount":50},{"posx":17,"posy":1,"amount":50},{"posx":19,"posy":2,"amount":50},{"posx":15,"posy":4,"amount":500},{"posx":14,"posy":5,"amount":550},{"posx":1,"posy":6,"amount":600},{"posx":5,"posy":6,"amount":450},{"posx":13,"posy":6,"amount":550},{"posx":15,"posy":6,"amount":300},{"posx":1,"posy":7,"amount":250},{"posx":5,"posy":7,"amount":500},{"posx":6,"posy":7,"amount":100},{"posx":18,"posy":7,"amount":350},{"posx":1,"posy":8,"amount":100},{"posx":3,"posy":8,"amount":250}],"changedObstacles":[]},{"players":[{"playerId":2374229,"score":350,"energy":22},{"playerId":675419,"score":300,"energy":17},{"playerId":2256302,"score":350,"energy":50},{"playerId":131454,"score":350,"energy":34}],"golds":[{"posx":16,"posy":0,"amount":400},{"posx":19,"posy":0,"amount":50},{"posx":17,"posy":1,"amount":50},{"posx":19,"posy":2,"amount":50},{"posx":15,"posy":4,"amount":500},{"posx":14,"posy":5,"amount":550},{"posx":1,"posy":6,"amount":600},{"posx":5,"posy":6,"amount":450},{"posx":13,"posy":6,"amount":550},{"posx":15,"posy":6,"amount":300},{"posx":1,"posy":7,"amount":250},{"posx":5,"posy":7,"amount":500},{"posx":6,"posy":7,"amount":100},{"posx":18,"posy":7,"amount":350},{"posx":1,"posy":8,"amount":100},{"posx":3,"posy":8,"amount":250}],"changedObstacles":[]},{"players":[{"playerId":2374229,"score":350,"energy":18},{"playerId":675419,"score":300,"energy":33},{"playerId":2256302,"score":400,"energy":45},{"playerId":131454,"score":400,"energy":29}],"golds":[{"posx":16,"posy":0,"amount":400},{"posx":19,"posy":0,"amount":50},{"posx":17,"posy":1,"amount":50},{"posx":19,"posy":2,"amount":50},{"posx":15,"posy":4,"amount":500},{"posx":14,"posy":5,"amount":550},{"posx":1,"posy":6,"amount":600},{"posx":5,"posy":6,"amount":400},{"posx":13,"posy":6,"amount":550},{"posx":15,"posy":6,"amount":300},{"posx":1,"posy":7,"amount":250},{"posx":5,"posy":7,"amount":500},{"posx":6,"posy":7,"amount":50},{"posx":18,"posy":7,"amount":350},{"posx":1,"posy":8,"amount":100},{"posx":3,"posy":8,"amount":250}],"changedObstacles":[]},{"players":[{"playerId":2374229,"score":400,"energy":13},{"playerId":675419,"score":325,"energy":28},{"playerId":2256302,"score":425,"energy":40},{"playerId":131454,"score":450,"energy":24}],"golds":[{"posx":16,"posy":0,"amount":400},{"posx":19,"posy":0,"amount":50},{"posx":17,"posy":1,"amount":50},{"posx":19,"posy":2,"amount":50},{"posx":15,"posy":4,"amount":500},{"posx":14,"posy":5,"amount":550},{"posx":1,"posy":6,"amount":600},{"posx":5,"posy":6,"amount":300},{"posx":13,"posy":6,"amount":550},{"posx":15,"posy":6,"amount":300},{"posx":1,"posy":7,"amount":250},{"posx":5,"posy":7,"amount":500},{"posx":18,"posy":7,"amount":350},{"posx":1,"posy":8,"amount":100},{"posx":3,"posy":8,"amount":250}],"changedObstacles":[{"type":0,"posx":6,"posy":7,"value":-1}]},{"players":[{"playerId":2374229,"score":450,"energy":8},{"playerId":675419,"score":325,"energy":24},{"playerId":2256302,"score":425,"energy":39},{"playerId":131454,"score":500,"energy":19}],"golds":[{"posx":16,"posy":0,"amount":400},{"posx":19,"posy":0,"amount":50},{"posx":17,"posy":1,"amount":50},{"posx":19,"posy":2,"amount":50},{"posx":15,"posy":4,"amount":500},{"posx":14,"posy":5,"amount":550},{"posx":1,"posy":6,"amount":600},{"posx":5,"posy":6,"amount":200},{"posx":13,"posy":6,"amount":550},{"posx":15,"posy":6,"amount":300},{"posx":1,"posy":7,"amount":250},{"posx":5,"posy":7,"amount":500},{"posx":18,"posy":7,"amount":350},{"posx":1,"posy":8,"amount":100},{"posx":3,"posy":8,"amount":250}],"changedObstacles":[]},{"players":[{"playerId":2374229,"score":500,"energy":3},{"playerId":675419,"score":375,"energy":19},{"playerId":2256302,"score":425,"energy":38},{"playerId":131454,"score":550,"energy":14}],"golds":[{"posx":16,"posy":0,"amount":400},{"posx":19,"posy":0,"amount":50},{"posx":17,"posy":1,"amount":50},{"posx":19,"posy":2,"amount":50},{"posx":15,"posy":4,"amount":500},{"posx":14,"posy":5,"amount":550},{"posx":1,"posy":6,"amount":600},{"posx":5,"posy":6,"amount":100},{"posx":13,"posy":6,"amount":550},{"posx":15,"posy":6,"amount":300},{"posx":1,"posy":7,"amount":250},{"posx":5,"posy":7,"amount":450},{"posx":18,"posy":7,"amount":350},{"posx":1,"posy":8,"amount":100},{"posx":3,"posy":8,"amount":250}],"changedObstacles":[]},{"players":[{"playerId":2374229,"score":500,"energy":15},{"playerId":675419,"score":425,"energy":14},{"playerId":2256302,"score":425,"energy":37},{"playerId":131454,"score":600,"energy":9}],"golds":[{"posx":16,"posy":0,"amount":400},{"posx":19,"posy":0,"amount":50},{"posx":17,"posy":1,"amount":50},{"posx":19,"posy":2,"amount":50},{"posx":15,"posy":4,"amount":500},{"posx":14,"posy":5,"amount":550},{"posx":1,"posy":6,"amount":600},{"posx":5,"posy":6,"amount":50},{"posx":13,"posy":6,"amount":550},{"posx":15,"posy":6,"amount":300},{"posx":1,"posy":7,"amount":250},{"posx":5,"posy":7,"amount":400},{"posx":18,"posy":7,"amount":350},{"posx":1,"posy":8,"amount":100},{"posx":3,"posy":8,"amount":250}],"changedObstacles":[]},{"players":[{"playerId":2374229,"score":525,"energy":10},{"playerId":675419,"score":475,"energy":9},{"playerId":2256302,"score":425,"energy":36},{"playerId":131454,"score":625,"energy":4}],"golds":[{"posx":16,"posy":0,"amount":400},{"posx":19,"posy":0,"amount":50},{"posx":17,"posy":1,"amount":50},{"posx":19,"posy":2,"amount":50},{"posx":15,"posy":4,"amount":500},{"posx":14,"posy":5,"amount":550},{"posx":1,"posy":6,"amount":600},{"posx":13,"posy":6,"amount":550},{"posx":15,"posy":6,"amount":300},{"posx":1,"posy":7,"amount":250},{"posx":5,"posy":7,"amount":350},{"posx":18,"posy":7,"amount":350},{"posx":1,"posy":8,"amount":100},{"posx":3,"posy":8,"amount":250}],"changedObstacles":[{"type":0,"posx":5,"posy":6,"value":-1}]},{"players":[{"playerId":2374229,"score":525,"energy":22},{"playerId":675419,"score":525,"energy":4},{"playerId":2256302,"score":425,"energy":35},{"playerId":131454,"score":625,"energy":16}],"golds":[{"posx":16,"posy":0,"amount":400},{"posx":19,"posy":0,"amount":50},{"posx":17,"posy":1,"amount":50},{"posx":19,"posy":2,"amount":50},{"posx":15,"posy":4,"amount":500},{"posx":14,"posy":5,"amount":550},{"posx":1,"posy":6,"amount":600},{"posx":13,"posy":6,"amount":550},{"posx":15,"posy":6,"amount":300},{"posx":1,"posy":7,"amount":250},{"posx":5,"posy":7,"amount":300},{"posx":18,"posy":7,"amount":350},{"posx":1,"posy":8,"amount":100},{"posx":3,"posy":8,"amount":250}],"changedObstacles":[]},{"players":[{"playerId":2374229,"score":525,"energy":18},{"playerId":675419,"score":525,"energy":16},{"playerId":2256302,"score":425,"energy":34},{"playerId":131454,"score":625,"energy":32}],"golds":[{"posx":16,"posy":0,"amount":400},{"posx":19,"posy":0,"amount":50},{"posx":17,"posy":1,"amount":50},{"posx":19,"posy":2,"amount":50},{"posx":15,"posy":4,"amount":500},{"posx":14,"posy":5,"amount":550},{"posx":1,"posy":6,"amount":600},{"posx":13,"posy":6,"amount":550},{"posx":15,"posy":6,"amount":300},{"posx":1,"posy":7,"amount":250},{"posx":5,"posy":7,"amount":300},{"posx":18,"posy":7,"amount":350},{"posx":1,"posy":8,"amount":100},{"posx":3,"posy":8,"amount":250}],"changedObstacles":[]},{"players":[{"playerId":2374229,"score":575,"energy":13},{"playerId":675419,"score":525,"energy":32},{"playerId":2256302,"score":425,"energy":33},{"playerId":131454,"score":625,"energy":50}],"golds":[{"posx":16,"posy":0,"amount":400},{"posx":19,"posy":0,"amount":50},{"posx":17,"posy":1,"amount":50},{"posx":19,"posy":2,"amount":50},{"posx":15,"posy":4,"amount":500},{"posx":14,"posy":5,"amount":550},{"posx":1,"posy":6,"amount":600},{"posx":13,"posy":6,"amount":550},{"posx":15,"posy":6,"amount":300},{"posx":1,"posy":7,"amount":250},{"posx":5,"posy":7,"amount":250},{"posx":18,"posy":7,"amount":350},{"posx":1,"posy":8,"amount":100},{"posx":3,"posy":8,"amount":250}],"changedObstacles":[]},{"players":[{"playerId":2374229,"score":625,"energy":8},{"playerId":675419,"score":575,"energy":27},{"playerId":2256302,"score":425,"energy":29},{"playerId":131454,"score":625,"energy":46}],"golds":[{"posx":16,"posy":0,"amount":400},{"posx":19,"posy":0,"amount":50},{"posx":17,"posy":1,"amount":50},{"posx":19,"posy":2,"amount":50},{"posx":15,"posy":4,"amount":500},{"posx":14,"posy":5,"amount":550},{"posx":1,"posy":6,"amount":600},{"posx":13,"posy":6,"amount":550},{"posx":15,"posy":6,"amount":300},{"posx":1,"posy":7,"amount":250},{"posx":5,"posy":7,"amount":150},{"posx":18,"posy":7,"amount":350},{"posx":1,"posy":8,"amount":100},{"posx":3,"posy":8,"amount":250}],"changedObstacles":[]},{"players":[{"playerId":2374229,"score":675,"energy":3},{"playerId":675419,"score":625,"energy":22},{"playerId":2256302,"score":475,"energy":24},{"playerId":131454,"score":675,"energy":41}],"golds":[{"posx":16,"posy":0,"amount":400},{"posx":19,"posy":0,"amount":50},{"posx":17,"posy":1,"amount":50},{"posx":19,"posy":2,"amount":50},{"posx":15,"posy":4,"amount":500},{"posx":14,"posy":5,"amount":550},{"posx":1,"posy":6,"amount":600},{"posx":13,"posy":6,"amount":500},{"posx":15,"posy":6,"amount":300},{"posx":1,"posy":7,"amount":250},{"posx":18,"posy":7,"amount":350},{"posx":1,"posy":8,"amount":100},{"posx":3,"posy":8,"amount":250}],"changedObstacles":[{"type":0,"posx":5,"posy":7,"value":-1}]},{"players":[{"playerId":2374229,"score":675,"energy":15},{"playerId":675419,"score":625,"energy":21},{"playerId":2256302,"score":525,"energy":19},{"playerId":131454,"score":675,"energy":24}],"golds":[{"posx":16,"posy":0,"amount":400},{"posx":19,"posy":0,"amount":50},{"posx":17,"posy":1,"amount":50},{"posx":19,"posy":2,"amount":50},{"posx":15,"posy":4,"amount":500},{"posx":14,"posy":5,"amount":550},{"posx":1,"posy":6,"amount":600},{"posx":13,"posy":6,"amount":450},{"posx":15,"posy":6,"amount":300},{"posx":1,"posy":7,"amount":250},{"posx":18,"posy":7,"amount":350},{"posx":1,"posy":8,"amount":100},{"posx":3,"posy":8,"amount":250}],"changedObstacles":[]},{"players":[{"playerId":2374229,"score":675,"energy":31},{"playerId":675419,"score":625,"energy":20},{"playerId":2256302,"score":575,"energy":14},{"playerId":131454,"score":675,"energy":23}],"golds":[{"posx":16,"posy":0,"amount":400},{"posx":19,"posy":0,"amount":50},{"posx":17,"posy":1,"amount":50},{"posx":19,"posy":2,"amount":50},{"posx":15,"posy":4,"amount":500},{"posx":14,"posy":5,"amount":550},{"posx":1,"posy":6,"amount":600},{"posx":13,"posy":6,"amount":400},{"posx":15,"posy":6,"amount":300},{"posx":1,"posy":7,"amount":250},{"posx":18,"posy":7,"amount":350},{"posx":1,"posy":8,"amount":100},{"posx":3,"posy":8,"amount":250}],"changedObstacles":[]},{"players":[{"playerId":2374229,"score":675,"energy":30},{"playerId":675419,"score":625,"energy":32},{"playerId":2256302,"score":625,"energy":9},{"playerId":131454,"score":675,"energy":22}],"golds":[{"posx":16,"posy":0,"amount":400},{"posx":19,"posy":0,"amount":50},{"posx":17,"posy":1,"amount":50},{"posx":19,"posy":2,"amount":50},{"posx":15,"posy":4,"amount":500},{"posx":14,"posy":5,"amount":550},{"posx":1,"posy":6,"amount":600},{"posx":13,"posy":6,"amount":350},{"posx":15,"posy":6,"amount":300},{"posx":1,"posy":7,"amount":250},{"posx":18,"posy":7,"amount":350},{"posx":1,"posy":8,"amount":100},{"posx":3,"posy":8,"amount":250}],"changedObstacles":[]},{"players":[{"playerId":2374229,"score":675,"energy":29},{"playerId":675419,"score":625,"energy":31},{"playerId":2256302,"score":675,"energy":4},{"playerId":131454,"score":675,"energy":18}],"golds":[{"posx":16,"posy":0,"amount":400},{"posx":19,"posy":0,"amount":50},{"posx":17,"posy":1,"amount":50},{"posx":19,"posy":2,"amount":50},{"posx":15,"posy":4,"amount":500},{"posx":14,"posy":5,"amount":550},{"posx":1,"posy":6,"amount":600},{"posx":13,"posy":6,"amount":300},{"posx":15,"posy":6,"amount":300},{"posx":1,"posy":7,"amount":250},{"posx":18,"posy":7,"amount":350},{"posx":1,"posy":8,"amount":100},{"posx":3,"posy":8,"amount":250}],"changedObstacles":[]},{"players":[{"playerId":2374229,"score":675,"energy":25},{"playerId":675419,"score":625,"energy":30},{"playerId":2256302,"score":675,"energy":16},{"playerId":131454,"score":725,"energy":13}],"golds":[{"posx":16,"posy":0,"amount":400},{"posx":19,"posy":0,"amount":50},{"posx":17,"posy":1,"amount":50},{"posx":19,"posy":2,"amount":50},{"posx":15,"posy":4,"amount":500},{"posx":14,"posy":5,"amount":550},{"posx":1,"posy":6,"amount":600},{"posx":13,"posy":6,"amount":300},{"posx":15,"posy":6,"amount":300},{"posx":1,"posy":7,"amount":200},{"posx":18,"posy":7,"amount":350},{"posx":1,"posy":8,"amount":100},{"posx":3,"posy":8,"amount":250}],"changedObstacles":[]},{"players":[{"playerId":2374229,"score":725,"energy":20},{"playerId":675419,"score":625,"energy":26},{"playerId":2256302,"score":675,"energy":32},{"playerId":131454,"score":775,"energy":8}],"golds":[{"posx":16,"posy":0,"amount":400},{"posx":19,"posy":0,"amount":50},{"posx":17,"posy":1,"amount":50},{"posx":19,"posy":2,"amount":50},{"posx":15,"posy":4,"amount":500},{"posx":14,"posy":5,"amount":550},{"posx":1,"posy":6,"amount":600},{"posx":13,"posy":6,"amount":300},{"posx":15,"posy":6,"amount":300},{"posx":1,"posy":7,"amount":150},{"posx":18,"posy":7,"amount":350},{"posx":1,"posy":8,"amount":100},{"posx":3,"posy":8,"amount":200}],"changedObstacles":[]},{"players":[{"playerId":2374229,"score":775,"energy":15},{"playerId":675419,"score":675,"energy":21},{"playerId":2256302,"score":675,"energy":50},{"playerId":131454,"score":825,"energy":3}],"golds":[{"posx":16,"posy":0,"amount":400},{"posx":19,"posy":0,"amount":50},{"posx":17,"posy":1,"amount":50},{"posx":19,"posy":2,"amount":50},{"posx":15,"posy":4,"amount":500},{"posx":14,"posy":5,"amount":550},{"posx":1,"posy":6,"amount":550},{"posx":13,"posy":6,"amount":300},{"posx":15,"posy":6,"amount":300},{"posx":1,"posy":7,"amount":100},{"posx":18,"posy":7,"amount":350},{"posx":1,"posy":8,"amount":100},{"posx":3,"posy":8,"amount":150}],"changedObstacles":[]},{"players":[{"playerId":2374229,"score":825,"energy":10},{"playerId":675419,"score":725,"energy":16},{"playerId":2256302,"score":725,"energy":45},{"playerId":131454,"score":825,"energy":15}],"golds":[{"posx":16,"posy":0,"amount":400},{"posx":19,"posy":0,"amount":50},{"posx":17,"posy":1,"amount":50},{"posx":19,"posy":2,"amount":50},{"posx":15,"posy":4,"amount":500},{"posx":14,"posy":5,"amount":550},{"posx":1,"posy":6,"amount":500},{"posx":13,"posy":6,"amount":250},{"posx":15,"posy":6,"amount":300},{"posx":1,"posy":7,"amount":100},{"posx":18,"posy":7,"amount":350},{"posx":1,"posy":8,"amount":100},{"posx":3,"posy":8,"amount":100}],"changedObstacles":[]},{"players":[{"playerId":2374229,"score":875,"energy":5},{"playerId":675419,"score":775,"energy":11},{"playerId":2256302,"score":775,"energy":40},{"playerId":131454,"score":825,"energy":31}],"golds":[{"posx":16,"posy":0,"amount":400},{"posx":19,"posy":0,"amount":50},{"posx":17,"posy":1,"amount":50},{"posx":19,"posy":2,"amount":50},{"posx":15,"posy":4,"amount":500},{"posx":14,"posy":5,"amount":550},{"posx":1,"posy":6,"amount":450},{"posx":13,"posy":6,"amount":200},{"posx":15,"posy":6,"amount":300},{"posx":1,"posy":7,"amount":100},{"posx":18,"posy":7,"amount":350},{"posx":1,"posy":8,"amount":100},{"posx":3,"posy":8,"amount":50}],"changedObstacles":[]},{"players":[{"playerId":2374229,"score":875,"energy":17},{"playerId":675419,"score":825,"energy":6},{"playerId":2256302,"score":825,"energy":35},{"playerId":131454,"score":825,"energy":50}],"golds":[{"posx":16,"posy":0,"amount":400},{"posx":19,"posy":0,"amount":50},{"posx":17,"posy":1,"amount":50},{"posx":19,"posy":2,"amount":50},{"posx":15,"posy":4,"amount":500},{"posx":14,"posy":5,"amount":550},{"posx":1,"posy":6,"amount":400},{"posx":13,"posy":6,"amount":150},{"posx":15,"posy":6,"amount":300},{"posx":1,"posy":7,"amount":100},{"posx":18,"posy":7,"amount":350},{"posx":1,"posy":8,"amount":100},{"posx":3,"posy":8,"amount":50}],"changedObstacles":[]},{"players":[{"playerId":2374229,"score":925,"energy":12},{"playerId":675419,"score":875,"energy":1},{"playerId":2256302,"score":875,"energy":30},{"playerId":131454,"score":875,"energy":45}],"golds":[{"posx":16,"posy":0,"amount":400},{"posx":19,"posy":0,"amount":50},{"posx":17,"posy":1,"amount":50},{"posx":19,"posy":2,"amount":50},{"posx":15,"posy":4,"amount":500},{"posx":14,"posy":5,"amount":550},{"posx":1,"posy":6,"amount":350},{"posx":13,"posy":6,"amount":100},{"posx":15,"posy":6,"amount":300},{"posx":1,"posy":7,"amount":50},{"posx":18,"posy":7,"amount":350},{"posx":1,"posy":8,"amount":100}],"changedObstacles":[{"type":0,"posx":3,"posy":8,"value":-1}]},{"players":[{"playerId":2374229,"score":925,"energy":24},{"playerId":675419,"score":875,"energy":13},{"playerId":2256302,"score":925,"energy":25},{"playerId":131454,"score":925,"energy":40}],"golds":[{"posx":16,"posy":0,"amount":400},{"posx":19,"posy":0,"amount":50},{"posx":17,"posy":1,"amount":50},{"posx":19,"posy":2,"amount":50},{"posx":15,"posy":4,"amount":500},{"posx":14,"posy":5,"amount":550},{"posx":1,"posy":6,"amount":350},{"posx":13,"posy":6,"amount":50},{"posx":15,"posy":6,"amount":300},{"posx":18,"posy":7,"amount":350},{"posx":1,"posy":8,"amount":100}],"changedObstacles":[{"type":0,"posx":1,"posy":7,"value":-1}]},{"players":[{"playerId":2374229,"score":925,"energy":23},{"playerId":675419,"score":875,"energy":29},{"playerId":2256302,"score":975,"energy":20},{"playerId":131454,"score":925,"energy":36}],"golds":[{"posx":16,"posy":0,"amount":400},{"posx":19,"posy":0,"amount":50},{"posx":17,"posy":1,"amount":50},{"posx":19,"posy":2,"amount":50},{"posx":15,"posy":4,"amount":500},{"posx":14,"posy":5,"amount":550},{"posx":1,"posy":6,"amount":350},{"posx":15,"posy":6,"amount":300},{"posx":18,"posy":7,"amount":350},{"posx":1,"posy":8,"amount":100}],"changedObstacles":[{"type":0,"posx":13,"posy":6,"value":-1}]},{"players":[{"playerId":2374229,"score":925,"energy":19},{"playerId":675419,"score":925,"energy":24},{"playerId":2256302,"score":975,"energy":19},{"playerId":131454,"score":975,"energy":31}],"golds":[{"posx":16,"posy":0,"amount":400},{"posx":19,"posy":0,"amount":50},{"posx":17,"posy":1,"amount":50},{"posx":19,"posy":2,"amount":50},{"posx":15,"posy":4,"amount":500},{"posx":14,"posy":5,"amount":550},{"posx":1,"posy":6,"amount":250},{"posx":15,"posy":6,"amount":300},{"posx":18,"posy":7,"amount":350},{"posx":1,"posy":8,"amount":100}],"changedObstacles":[]},{"players":[{"playerId":2374229,"score":975,"energy":14},{"playerId":675419,"score":975,"energy":19},{"playerId":2256302,"score":975,"energy":15},{"playerId":131454,"score":1025,"energy":26}],"golds":[{"posx":16,"posy":0,"amount":400},{"posx":19,"posy":0,"amount":50},{"posx":17,"posy":1,"amount":50},{"posx":19,"posy":2,"amount":50},{"posx":15,"posy":4,"amount":500},{"posx":14,"posy":5,"amount":550},{"posx":1,"posy":6,"amount":150},{"posx":15,"posy":6,"amount":300},{"posx":18,"posy":7,"amount":350},{"posx":1,"posy":8,"amount":50}],"changedObstacles":[]},{"players":[{"playerId":2374229,"score":1025,"energy":9},{"playerId":675419,"score":1025,"energy":14},{"playerId":2256302,"score":1025,"energy":10},{"playerId":131454,"score":1075,"energy":21}],"golds":[{"posx":16,"posy":0,"amount":400},{"posx":19,"posy":0,"amount":50},{"posx":17,"posy":1,"amount":50},{"posx":19,"posy":2,"amount":50},{"posx":15,"posy":4,"amount":500},{"posx":14,"posy":5,"amount":500},{"posx":1,"posy":6,"amount":50},{"posx":15,"posy":6,"amount":300},{"posx":18,"posy":7,"amount":350}],"changedObstacles":[{"type":0,"posx":1,"posy":8,"value":-1}]},{"players":[{"playerId":2374229,"score":1025,"energy":21},{"playerId":675419,"score":1050,"energy":9},{"playerId":2256302,"score":1075,"energy":5},{"playerId":131454,"score":1100,"energy":16}],"golds":[{"posx":16,"posy":0,"amount":400},{"posx":19,"posy":0,"amount":50},{"posx":17,"posy":1,"amount":50},{"posx":19,"posy":2,"amount":50},{"posx":15,"posy":4,"amount":500},{"posx":14,"posy":5,"amount":450},{"posx":15,"posy":6,"amount":300},{"posx":18,"posy":7,"amount":350}],"changedObstacles":[{"type":0,"posx":1,"posy":6,"value":-1}]},{"players":[{"playerId":2374229,"score":1025,"energy":20},{"playerId":675419,"score":1050,"energy":21},{"playerId":2256302,"score":1075,"energy":17},{"playerId":131454,"score":1100,"energy":15}],"golds":[{"posx":16,"posy":0,"amount":400},{"posx":19,"posy":0,"amount":50},{"posx":17,"posy":1,"amount":50},{"posx":19,"posy":2,"amount":50},{"posx":15,"posy":4,"amount":500},{"posx":14,"posy":5,"amount":450},{"posx":15,"posy":6,"amount":300},{"posx":18,"posy":7,"amount":350}],"changedObstacles":[]},{"players":[{"playerId":2374229,"score":1025,"energy":32},{"playerId":675419,"score":1050,"energy":20},{"playerId":2256302,"score":1075,"energy":33},{"playerId":131454,"score":1100,"energy":14}],"golds":[{"posx":16,"posy":0,"amount":400},{"posx":19,"posy":0,"amount":50},{"posx":17,"posy":1,"amount":50},{"posx":19,"posy":2,"amount":50},{"posx":15,"posy":4,"amount":500},{"posx":14,"posy":5,"amount":450},{"posx":15,"posy":6,"amount":300},{"posx":18,"posy":7,"amount":350}],"changedObstacles":[]},{"players":[{"playerId":2374229,"score":1025,"energy":31},{"playerId":675419,"score":1050,"energy":32},{"playerId":2256302,"score":1075,"energy":50},{"playerId":131454,"score":1100,"energy":13}],"golds":[{"posx":16,"posy":0,"amount":400},{"posx":19,"posy":0,"amount":50},{"posx":17,"posy":1,"amount":50},{"posx":19,"posy":2,"amount":50},{"posx":15,"posy":4,"amount":500},{"posx":14,"posy":5,"amount":450},{"posx":15,"posy":6,"amount":300},{"posx":18,"posy":7,"amount":350}],"changedObstacles":[]},{"players":[{"playerId":2374229,"score":1025,"energy":30},{"playerId":675419,"score":1050,"energy":31},{"playerId":2256302,"score":1125,"energy":45},{"playerId":131454,"score":1100,"energy":12}],"golds":[{"posx":16,"posy":0,"amount":400},{"posx":19,"posy":0,"amount":50},{"posx":17,"posy":1,"amount":50},{"posx":19,"posy":2,"amount":50},{"posx":15,"posy":4,"amount":500},{"posx":14,"posy":5,"amount":400},{"posx":15,"posy":6,"amount":300},{"posx":18,"posy":7,"amount":350}],"changedObstacles":[]},{"players":[{"playerId":2374229,"score":1025,"energy":29},{"playerId":675419,"score":1050,"energy":30},{"playerId":2256302,"score":1175,"energy":40},{"playerId":131454,"score":1100,"energy":11}],"golds":[{"posx":16,"posy":0,"amount":400},{"posx":19,"posy":0,"amount":50},{"posx":17,"posy":1,"amount":50},{"posx":19,"posy":2,"amount":50},{"posx":15,"posy":4,"amount":500},{"posx":14,"posy":5,"amount":350},{"posx":15,"posy":6,"amount":300},{"posx":18,"posy":7,"amount":350}],"changedObstacles":[]},{"players":[{"playerId":2374229,"score":1025,"energy":28},{"playerId":675419,"score":1050,"energy":29},{"playerId":2256302,"score":1225,"energy":35},{"playerId":131454,"score":1100,"energy":10}],"golds":[{"posx":16,"posy":0,"amount":400},{"posx":19,"posy":0,"amount":50},{"posx":17,"posy":1,"amount":50},{"posx":19,"posy":2,"amount":50},{"posx":15,"posy":4,"amount":500},{"posx":14,"posy":5,"amount":300},{"posx":15,"posy":6,"amount":300},{"posx":18,"posy":7,"amount":350}],"changedObstacles":[]},{"players":[{"playerId":2374229,"score":1025,"energy":27},{"playerId":675419,"score":1050,"energy":28},{"playerId":2256302,"score":1275,"energy":30},{"playerId":131454,"score":1100,"energy":9}],"golds":[{"posx":16,"posy":0,"amount":400},{"posx":19,"posy":0,"amount":50},{"posx":17,"posy":1,"amount":50},{"posx":19,"posy":2,"amount":50},{"posx":15,"posy":4,"amount":500},{"posx":14,"posy":5,"amount":250},{"posx":15,"posy":6,"amount":300},{"posx":18,"posy":7,"amount":350}],"changedObstacles":[]},{"players":[{"playerId":2374229,"score":1025,"energy":26},{"playerId":675419,"score":1050,"energy":27},{"playerId":2256302,"score":1325,"energy":25},{"playerId":131454,"score":1100,"energy":8}],"golds":[{"posx":16,"posy":0,"amount":400},{"posx":19,"posy":0,"amount":50},{"posx":17,"posy":1,"amount":50},{"posx":19,"posy":2,"amount":50},{"posx":15,"posy":4,"amount":500},{"posx":14,"posy":5,"amount":200},{"posx":15,"posy":6,"amount":300},{"posx":18,"posy":7,"amount":350}],"changedObstacles":[]},{"players":[{"playerId":2374229,"score":1025,"energy":25},{"playerId":675419,"score":1050,"energy":26},{"playerId":2256302,"score":1375,"energy":20},{"playerId":131454,"score":1100,"energy":7}],"golds":[{"posx":16,"posy":0,"amount":400},{"posx":19,"posy":0,"amount":50},{"posx":17,"posy":1,"amount":50},{"posx":19,"posy":2,"amount":50},{"posx":15,"posy":4,"amount":500},{"posx":14,"posy":5,"amount":150},{"posx":15,"posy":6,"amount":300},{"posx":18,"posy":7,"amount":350}],"changedObstacles":[]},{"players":[{"playerId":2374229,"score":1025,"energy":24},{"playerId":675419,"score":1050,"energy":25},{"playerId":2256302,"score":1425,"energy":15},{"playerId":131454,"score":1100,"energy":6}],"golds":[{"posx":16,"posy":0,"amount":400},{"posx":19,"posy":0,"amount":50},{"posx":17,"posy":1,"amount":50},{"posx":19,"posy":2,"amount":50},{"posx":15,"posy":4,"amount":500},{"posx":14,"posy":5,"amount":100},{"posx":15,"posy":6,"amount":300},{"posx":18,"posy":7,"amount":350}],"changedObstacles":[]},{"players":[{"playerId":2374229,"score":1025,"energy":23},{"playerId":675419,"score":1050,"energy":24},{"playerId":2256302,"score":1475,"energy":10},{"playerId":131454,"score":1100,"energy":5}],"golds":[{"posx":16,"posy":0,"amount":400},{"posx":19,"posy":0,"amount":50},{"posx":17,"posy":1,"amount":50},{"posx":19,"posy":2,"amount":50},{"posx":15,"posy":4,"amount":500},{"posx":14,"posy":5,"amount":50},{"posx":15,"posy":6,"amount":300},{"posx":18,"posy":7,"amount":350}],"changedObstacles":[]},{"players":[{"playerId":2374229,"score":1025,"energy":22},{"playerId":675419,"score":1050,"energy":23},{"playerId":2256302,"score":1525,"energy":5},{"playerId":131454,"score":1100,"energy":17}],"golds":[{"posx":16,"posy":0,"amount":400},{"posx":19,"posy":0,"amount":50},{"posx":17,"posy":1,"amount":50},{"posx":19,"posy":2,"amount":50},{"posx":15,"posy":4,"amount":500},{"posx":15,"posy":6,"amount":300},{"posx":18,"posy":7,"amount":350}],"changedObstacles":[{"type":0,"posx":14,"posy":5,"value":-1}]},{"players":[{"playerId":2374229,"score":1025,"energy":21},{"playerId":675419,"score":1050,"energy":22},{"playerId":2256302,"score":1525,"energy":4},{"playerId":131454,"score":1100,"energy":33}],"golds":[{"posx":16,"posy":0,"amount":400},{"posx":19,"posy":0,"amount":50},{"posx":17,"posy":1,"amount":50},{"posx":19,"posy":2,"amount":50},{"posx":15,"posy":4,"amount":500},{"posx":15,"posy":6,"amount":300},{"posx":18,"posy":7,"amount":350}],"changedObstacles":[]},{"players":[{"playerId":2374229,"score":1025,"energy":20},{"playerId":675419,"score":1050,"energy":21},{"playerId":2256302,"score":1525,"energy":16},{"playerId":131454,"score":1100,"energy":50}],"golds":[{"posx":16,"posy":0,"amount":400},{"posx":19,"posy":0,"amount":50},{"posx":17,"posy":1,"amount":50},{"posx":19,"posy":2,"amount":50},{"posx":15,"posy":4,"amount":500},{"posx":15,"posy":6,"amount":300},{"posx":18,"posy":7,"amount":350}],"changedObstacles":[]},{"players":[{"playerId":2374229,"score":1025,"energy":32},{"playerId":675419,"score":1050,"energy":20},{"playerId":2256302,"score":1525,"energy":32},{"playerId":131454,"score":1100,"energy":49}],"golds":[{"posx":16,"posy":0,"amount":400},{"posx":19,"posy":0,"amount":50},{"posx":17,"posy":1,"amount":50},{"posx":19,"posy":2,"amount":50},{"posx":15,"posy":4,"amount":500},{"posx":15,"posy":6,"amount":300},{"posx":18,"posy":7,"amount":350}],"changedObstacles":[]},{"players":[{"playerId":2374229,"score":1025,"energy":31},{"playerId":675419,"score":1050,"energy":32},{"playerId":2256302,"score":1525,"energy":50},{"playerId":131454,"score":1100,"energy":48}],"golds":[{"posx":16,"posy":0,"amount":400},{"posx":19,"posy":0,"amount":50},{"posx":17,"posy":1,"amount":50},{"posx":19,"posy":2,"amount":50},{"posx":15,"posy":4,"amount":500},{"posx":15,"posy":6,"amount":300},{"posx":18,"posy":7,"amount":350}],"changedObstacles":[]},{"players":[{"playerId":2374229,"score":1025,"energy":30},{"playerId":675419,"score":1050,"energy":31},{"playerId":2256302,"score":1525,"energy":46},{"playerId":131454,"score":1100,"energy":44}],"golds":[{"posx":16,"posy":0,"amount":400},{"posx":19,"posy":0,"amount":50},{"posx":17,"posy":1,"amount":50},{"posx":19,"posy":2,"amount":50},{"posx":15,"posy":4,"amount":500},{"posx":15,"posy":6,"amount":300},{"posx":18,"posy":7,"amount":350}],"changedObstacles":[]},{"players":[{"playerId":2374229,"score":1025,"energy":26},{"playerId":675419,"score":1050,"energy":26},{"playerId":2256302,"score":1575,"energy":41},{"playerId":131454,"score":1150,"energy":39}],"golds":[{"posx":16,"posy":0,"amount":400},{"posx":19,"posy":0,"amount":50},{"posx":17,"posy":1,"amount":50},{"posx":19,"posy":2,"amount":50},{"posx":15,"posy":4,"amount":450},{"posx":15,"posy":6,"amount":250},{"posx":18,"posy":7,"amount":350}],"changedObstacles":[]},{"players":[{"playerId":2374229,"score":1075,"energy":21},{"playerId":675419,"score":1050,"energy":22},{"playerId":2256302,"score":1625,"energy":36},{"playerId":131454,"score":1200,"energy":34}],"golds":[{"posx":16,"posy":0,"amount":400},{"posx":19,"posy":0,"amount":50},{"posx":17,"posy":1,"amount":50},{"posx":19,"posy":2,"amount":50},{"posx":15,"posy":4,"amount":400},{"posx":15,"posy":6,"amount":150},{"posx":18,"posy":7,"amount":350}],"changedObstacles":[]},{"players":[{"playerId":2374229,"score":1125,"energy":16},{"playerId":675419,"score":1100,"energy":17},{"playerId":2256302,"score":1675,"energy":31},{"playerId":131454,"score":1250,"energy":29}],"golds":[{"posx":16,"posy":0,"amount":400},{"posx":19,"posy":0,"amount":50},{"posx":17,"posy":1,"amount":50},{"posx":19,"posy":2,"amount":50},{"posx":15,"posy":4,"amount":300},{"posx":15,"posy":6,"amount":50},{"posx":18,"posy":7,"amount":350}],"changedObstacles":[]},{"players":[{"playerId":2374229,"score":1150,"energy":11},{"playerId":675419,"score":1150,"energy":12},{"playerId":2256302,"score":1725,"energy":26},{"playerId":131454,"score":1275,"energy":24}],"golds":[{"posx":16,"posy":0,"amount":400},{"posx":19,"posy":0,"amount":50},{"posx":17,"posy":1,"amount":50},{"posx":19,"posy":2,"amount":50},{"posx":15,"posy":4,"amount":200},{"posx":18,"posy":7,"amount":350}],"changedObstacles":[{"type":0,"posx":15,"posy":6,"value":-1}]},{"players":[{"playerId":2374229,"score":1150,"energy":23},{"playerId":675419,"score":1200,"energy":7},{"playerId":2256302,"score":1775,"energy":21},{"playerId":131454,"score":1275,"energy":23}],"golds":[{"posx":16,"posy":0,"amount":400},{"posx":19,"posy":0,"amount":50},{"posx":17,"posy":1,"amount":50},{"posx":19,"posy":2,"amount":50},{"posx":15,"posy":4,"amount":100},{"posx":18,"posy":7,"amount":350}],"changedObstacles":[]},{"players":[{"playerId":2374229,"score":1150,"energy":22},{"playerId":675419,"score":1250,"energy":2},{"playerId":2256302,"score":1825,"energy":16},{"playerId":131454,"score":1275,"energy":19}],"golds":[{"posx":16,"posy":0,"amount":400},{"posx":19,"posy":0,"amount":50},{"posx":17,"posy":1,"amount":50},{"posx":19,"posy":2,"amount":50},{"posx":18,"posy":7,"amount":350}],"changedObstacles":[{"type":0,"posx":15,"posy":4,"value":-1}]},{"players":[{"playerId":2374229,"score":1150,"energy":21},{"playerId":675419,"score":1250,"energy":14},{"playerId":2256302,"score":1825,"energy":15},{"playerId":131454,"score":1275,"energy":18}],"golds":[{"posx":16,"posy":0,"amount":400},{"posx":19,"posy":0,"amount":50},{"posx":17,"posy":1,"amount":50},{"posx":19,"posy":2,"amount":50},{"posx":18,"posy":7,"amount":350}],"changedObstacles":[]},{"players":[{"playerId":2374229,"score":1150,"energy":20},{"playerId":675419,"score":1250,"energy":30},{"playerId":2256302,"score":1825,"energy":14},{"playerId":131454,"score":1275,"energy":17}],"golds":[{"posx":16,"posy":0,"amount":400},{"posx":19,"posy":0,"amount":50},{"posx":17,"posy":1,"amount":50},{"posx":19,"posy":2,"amount":50},{"posx":18,"posy":7,"amount":350}],"changedObstacles":[]},{"players":[{"playerId":2374229,"score":1150,"energy":32},{"playerId":675419,"score":1250,"energy":29},{"playerId":2256302,"score":1825,"energy":13},{"playerId":131454,"score":1275,"energy":16}],"golds":[{"posx":16,"posy":0,"amount":400},{"posx":19,"posy":0,"amount":50},{"posx":17,"posy":1,"amount":50},{"posx":19,"posy":2,"amount":50},{"posx":18,"posy":7,"amount":350}],"changedObstacles":[]},{"players":[{"playerId":2374229,"score":1150,"energy":31},{"playerId":675419,"score":1250,"energy":28},{"playerId":2256302,"score":1825,"energy":12},{"playerId":131454,"score":1275,"energy":15}],"golds":[{"posx":16,"posy":0,"amount":400},{"posx":19,"posy":0,"amount":50},{"posx":17,"posy":1,"amount":50},{"posx":19,"posy":2,"amount":50},{"posx":18,"posy":7,"amount":350}],"changedObstacles":[]},{"players":[{"playerId":2374229,"score":1150,"energy":30},{"playerId":675419,"score":1250,"energy":27},{"playerId":2256302,"score":1825,"energy":8},{"playerId":131454,"score":1275,"energy":11}],"golds":[{"posx":16,"posy":0,"amount":400},{"posx":19,"posy":0,"amount":50},{"posx":17,"posy":1,"amount":50},{"posx":19,"posy":2,"amount":50},{"posx":18,"posy":7,"amount":350}],"changedObstacles":[]},{"players":[{"playerId":2374229,"score":1150,"energy":29},{"playerId":675419,"score":1250,"energy":26},{"playerId":2256302,"score":1875,"energy":3},{"playerId":131454,"score":1325,"energy":6}],"golds":[{"posx":16,"posy":0,"amount":350},{"posx":19,"posy":0,"amount":50},{"posx":19,"posy":2,"amount":50},{"posx":18,"posy":7,"amount":350}],"changedObstacles":[{"type":0,"posx":17,"posy":1,"value":-1}]},{"players":[{"playerId":2374229,"score":1150,"energy":25},{"playerId":675419,"score":1250,"energy":22},{"playerId":2256302,"score":1875,"energy":2},{"playerId":131454,"score":1375,"energy":1}],"golds":[{"posx":16,"posy":0,"amount":300},{"posx":19,"posy":0,"amount":50},{"posx":19,"posy":2,"amount":50},{"posx":18,"posy":7,"amount":350}],"changedObstacles":[]},{"players":[{"playerId":2374229,"score":1200,"energy":20},{"playerId":675419,"score":1300,"energy":17},{"playerId":2256302,"score":1875,"energy":1},{"playerId":131454,"score":1375,"energy":13}],"golds":[{"posx":16,"posy":0,"amount":200},{"posx":19,"posy":0,"amount":50},{"posx":19,"posy":2,"amount":50},{"posx":18,"posy":7,"amount":350}],"changedObstacles":[]},{"players":[{"playerId":2374229,"score":1250,"energy":15},{"playerId":675419,"score":1350,"energy":12},{"playerId":2256302,"score":1875,"energy":13},{"playerId":131454,"score":1375,"energy":29}],"golds":[{"posx":16,"posy":0,"amount":100},{"posx":19,"posy":0,"amount":50},{"posx":19,"posy":2,"amount":50},{"posx":18,"posy":7,"amount":350}],"changedObstacles":[]},{"players":[{"playerId":2374229,"score":1300,"energy":10},{"playerId":675419,"score":1400,"energy":7},{"playerId":2256302,"score":1875,"energy":29},{"playerId":131454,"score":1375,"energy":50}],"golds":[{"posx":19,"posy":0,"amount":50},{"posx":19,"posy":2,"amount":50},{"posx":18,"posy":7,"amount":350}],"changedObstacles":[{"type":0,"posx":16,"posy":0,"value":-1}]},{"players":[{"playerId":2374229,"score":1300,"energy":22},{"playerId":675419,"score":1400,"energy":19},{"playerId":2256302,"score":1875,"energy":28},{"playerId":131454,"score":1375,"energy":50}],"golds":[{"posx":19,"posy":0,"amount":50},{"posx":19,"posy":2,"amount":50},{"posx":18,"posy":7,"amount":350}],"changedObstacles":[]},{"players":[{"playerId":2374229,"score":1300,"energy":21},{"playerId":675419,"score":1400,"energy":35},{"playerId":2256302,"score":1875,"energy":27},{"playerId":131454,"score":1375,"energy":50}],"golds":[{"posx":19,"posy":0,"amount":50},{"posx":19,"posy":2,"amount":50},{"posx":18,"posy":7,"amount":350}],"changedObstacles":[]},{"players":[{"playerId":2374229,"score":1300,"energy":20},{"playerId":675419,"score":1400,"energy":34},{"playerId":2256302,"score":1875,"energy":26},{"playerId":131454,"score":1375,"energy":50}],"golds":[{"posx":19,"posy":0,"amount":50},{"posx":19,"posy":2,"amount":50},{"posx":18,"posy":7,"amount":350}],"changedObstacles":[]},{"players":[{"playerId":2374229,"score":1300,"energy":32},{"playerId":675419,"score":1400,"energy":33},{"playerId":2256302,"score":1875,"energy":25},{"playerId":131454,"score":1375,"energy":50}],"golds":[{"posx":19,"posy":0,"amount":50},{"posx":19,"posy":2,"amount":50},{"posx":18,"posy":7,"amount":350}],"changedObstacles":[]},{"players":[{"playerId":2374229,"score":1300,"energy":28},{"playerId":675419,"score":1400,"energy":32},{"playerId":2256302,"score":1875,"energy":21},{"playerId":131454,"score":1375,"energy":50}],"golds":[{"posx":19,"posy":0,"amount":50},{"posx":19,"posy":2,"amount":50},{"posx":18,"posy":7,"amount":350}],"changedObstacles":[]},{"players":[{"playerId":2374229,"score":1350,"energy":23},{"playerId":675419,"score":1400,"energy":31},{"playerId":2256302,"score":1925,"energy":16},{"playerId":131454,"score":1375,"energy":50}],"golds":[{"posx":19,"posy":2,"amount":50},{"posx":18,"posy":7,"amount":300}],"changedObstacles":[{"type":0,"posx":19,"posy":0,"value":-1}]},{"players":[{"playerId":2374229,"score":1350,"energy":22},{"playerId":675419,"score":1400,"energy":30},{"playerId":2256302,"score":1975,"energy":11},{"playerId":131454,"score":1375,"energy":50}],"golds":[{"posx":19,"posy":2,"amount":50},{"posx":18,"posy":7,"amount":250}],"changedObstacles":[]},{"players":[{"playerId":2374229,"score":1350,"energy":18},{"playerId":675419,"score":1400,"energy":29},{"playerId":2256302,"score":2025,"energy":6},{"playerId":131454,"score":1375,"energy":50}],"golds":[{"posx":19,"posy":2,"amount":50},{"posx":18,"posy":7,"amount":200}],"changedObstacles":[]},{"players":[{"playerId":2374229,"score":1400,"energy":13},{"playerId":675419,"score":1400,"energy":28},{"playerId":2256302,"score":2075,"energy":1},{"playerId":131454,"score":1375,"energy":50}],"golds":[{"posx":18,"posy":7,"amount":150}],"changedObstacles":[{"type":0,"posx":19,"posy":2,"value":-1}]},{"players":[{"playerId":2374229,"score":1400,"energy":25},{"playerId":675419,"score":1400,"energy":27},{"playerId":2256302,"score":2075,"energy":13},{"playerId":131454,"score":1375,"energy":50}],"golds":[{"posx":18,"posy":7,"amount":150}],"changedObstacles":[]},{"players":[{"playerId":2374229,"score":1400,"energy":24},{"playerId":675419,"score":1400,"energy":23},{"playerId":2256302,"score":2075,"energy":29},{"playerId":131454,"score":1375,"energy":50}],"golds":[{"posx":18,"posy":7,"amount":150}],"changedObstacles":[]},{"players":[{"playerId":2374229,"score":1400,"energy":23},{"playerId":675419,"score":1450,"energy":18},{"playerId":2256302,"score":2125,"energy":24},{"playerId":131454,"score":1375,"energy":50}],"golds":[{"posx":18,"posy":7,"amount":50}],"changedObstacles":[]},{"players":[{"playerId":2374229,"score":1400,"energy":22},{"playerId":675419,"score":1475,"energy":13},{"playerId":2256302,"score":2150,"energy":19},{"playerId":131454,"score":1375,"energy":50}],"golds":[],"changedObstacles":[{"type":0,"posx":18,"posy":7,"value":-1}]}]