[{"players":[{"playerId":2636282,"score":0,"energy":46},{"playerId":2299591,"score":0,"energy":46},{"playerId":3573,"score":0,"energy":46},{"playerId":2415753,"score":0,"energy":49}],"golds":[{"posx":1,"posy":8,"amount":100},{"posx":9,"posy":4,"amount":150},{"posx":15,"posy":6,"amount":300},{"posx":19,"posy":2,"amount":50},{"posx":17,"posy":1,"amount":50},{"posx":6,"posy":7,"amount":600},{"posx":1,"posy":6,"amount":600},{"posx":6,"posy":2,"amount":150},{"posx":8,"posy":3,"amount":100},{"posx":14,"posy":5,"amount":550},{"posx":5,"posy":6,"amount":450},{"posx":15,"posy":4,"amount":500},{"posx":18,"posy":7,"amount":350},{"posx":6,"posy":4,"amount":450},{"posx":3,"posy":8,"amount":250},{"posx":16,"posy":0,"amount":400},{"posx":1,"posy":7,"amount":250},{"posx":5,"posy":7,"amount":500},{"posx":13,"posy":6,"amount":550},{"posx":19,"posy":0,"amount":50}],"changedObstacles":[]},{"players":[{"playerId":2636282,"score":34,"energy":41},{"playerId":2299591,"score":34,"energy":41},{"playerId":3573,"score":34,"energy":41},{"playerId":2415753,"score":0,"energy":48}],"golds":[{"posx":16,"posy":0,"amount":400},{"posx":19,"posy":0,"amount":50},{"posx":17,"posy":1,"amount":50},{"posx":6,"posy":2,"amount":150},{"posx":19,"posy":2,"amount":50},{"posx":6,"posy":4,"amount":450},{"posx":9,"posy":4,"amount":150},{"posx":15,"posy":4,"amount":500},{"posx":14,"posy":5,"amount":550},{"posx":1,"posy":6,"amount":600},{"posx":5,"posy":6,"amount":450},{"posx":13,"posy":6,"amount":550},{"posx":15,"posy":6,"amount":300},{"posx":1,"posy":7,"amount":250},{"posx":5,"posy":7,"amount":500},{"posx":6,"posy":7,"amount":600},{"posx":18,"posy":7,"amount":350},{"posx":1,"posy":8,"amount":100},{"posx":3,"posy":8,"amount":250}],"changedObstacles":[{"type":0,"posx":8,"posy":3,"value":-1}]},{"players":[{"playerId":2636282,"score":34,"energy":40},{"playerId":2299591,"score":34,"energy":40},{"playerId":3573,"score":34,"energy":31},{"playerId":2415753,"score":0,"energy":47}],"golds":[{"posx":16,"posy":0,"amount":400},{"posx":19,"posy":0,"amount":50},{"posx":17,"posy":1,"amount":50},{"posx":6,"posy":2,"amount":150},{"posx":19,"posy":2,"amount":50},{"posx":6,"posy":4,"amount":450},{"posx":9,"posy":4,"amount":150},{"posx":15,"posy":4,"amount":500},{"posx":14,"posy":5,"amount":550},{"posx":1,"posy":6,"amount":600},{"posx":5,"posy":6,"amount":450},{"posx":13,"posy":6,"amount":550},{"posx":15,"posy":6,"amount":300},{"posx":1,"posy":7,"amount":250},{"posx":5,"posy":7,"amount":500},{"posx":6,"posy":7,"amount":600},{"posx":18,"posy":7,"amount":350},{"posx":1,"posy":8,"amount":100},{"posx":3,"posy":8,"amount":250}],"changedObstacles":[{"type":0,"posx":9,"posy":3,"value":-1}]},{"players":[{"playerId":2636282,"score":34,"energy":39},{"playerId":2299591,"score":34,"energy":39},{"playerId":3573,"score":34,"energy":27},{"playerId":2415753,"score":0,"energy":46}],"golds":[{"posx":16,"posy":0,"amount":400},{"posx":19,"posy":0,"amount":50},{"posx":17,"posy":1,"amount":50},{"posx":6,"posy":2,"amount":150},{"posx":19,"posy":2,"amount":50},{"posx":6,"posy":4,"amount":450},{"posx":9,"posy":4,"amount":150},{"posx":15,"posy":4,"amount":500},{"posx":14,"posy":5,"amount":550},{"posx":1,"posy":6,"amount":600},{"posx":5,"posy":6,"amount":450},{"posx":13,"posy":6,"amount":550},{"posx":15,"posy":6,"amount":300},{"posx":1,"posy":7,"amount":250},{"posx":5,"posy":7,"amount":500},{"posx":6,"posy":7,"amount":600},{"posx":18,"posy":7,"amount":350},{"posx":1,"posy":8,"amount":100},{"posx":3,"posy":8,"amount":250}],"changedObstacles":[]},{"players":[{"playerId":2636282,"score":34,"energy":35},{"playerId":2299591,"score":34,"energy":38},{"playerId":3573,"score":84,"energy":22},{"playerId":2415753,"score":0,"energy":45}],"golds":[{"posx":16,"posy":0,"amount":400},{"posx":19,"posy":0,"amount":50},{"posx":17,"posy":1,"amount":50},{"posx":6,"posy":2,"amount":150},{"posx":19,"posy":2,"amount":50},{"posx":6,"posy":4,"amount":450},{"posx":9,"posy":4,"amount":100},{"posx":15,"posy":4,"amount":500},{"posx":14,"posy":5,"amount":550},{"posx":1,"posy":6,"amount":600},{"posx":5,"posy":6,"amount":450},{"posx":13,"posy":6,"amount":550},{"posx":15,"posy":6,"amount":300},{"posx":1,"posy":7,"amount":250},{"posx":5,"posy":7,"amount":500},{"posx":6,"posy":7,"amount":600},{"posx":18,"posy":7,"amount":350},{"posx":1,"posy":8,"amount":100},{"posx":3,"posy":8,"amount":250}],"changedObstacles":[]},{"players":[{"playerId":2636282,"score":84,"energy":30},{"playerId":2299591,"score":34,"energy":37},{"playerId":3573,"score":134,"energy":17},{"playerId":2415753,"score":0,"energy":44}],"golds":[{"posx":16,"posy":0,"amount":400},{"posx":19,"posy":0,"amount":50},{"posx":17,"posy":1,"amount":50},{"posx":6,"posy":2,"amount":150},{"posx":19,"posy":2,"amount":50},{"posx":6,"posy":4,"amount":400},{"posx":9,"posy":4,"amount":50},{"posx":15,"posy":4,"amount":500},{"posx":14,"posy":5,"amount":550},{"posx":1,"posy":6,"amount":600},{"posx":5,"posy":6,"amount":450},{"posx":13,"posy":6,"amount":550},{"posx":15,"posy":6,"amount":300},{"posx":1,"posy":7,"amount":250},{"posx":5,"posy":7,"amount":500},{"posx":6,"posy":7,"amount":600},{"posx":18,"posy":7,"amount":350},{"posx":1,"posy":8,"amount":100},{"posx":3,"posy":8,"amount":250}],"changedObstacles":[]},{"players":[{"playerId":2636282,"score":134,"energy":25},{"playerId":2299591,"score":34,"energy":36},{"playerId":3573,"score":184,"energy":12},{"playerId":2415753,"score":0,"energy":43}],"golds":[{"posx":16,"posy":0,"amount":400},{"posx":19,"posy":0,"amount":50},{"posx":17,"posy":1,"amount":50},{"posx":6,"posy":2,"amount":150},{"posx":19,"posy":2,"amount":50},{"posx":6,"posy":4,"amount":350},{"posx":15,"posy":4,"amount":500},{"posx":14,"posy":5,"amount":550},{"posx":1,"posy":6,"amount":600},{"posx":5,"posy":6,"amount":450},{"posx":13,"posy":6,"amount":550},{"posx":15,"posy":6,"amount":300},{"posx":1,"posy":7,"amount":250},{"posx":5,"posy":7,"amount":500},{"posx":6,"posy":7,"amount":600},{"posx":18,"posy":7,"amount":350},{"posx":1,"posy":8,"amount":100},{"posx":3,"posy":8,"amount":250}],"changedObstacles":[{"type":0,"posx":9,"posy":4,"value":-1}]},{"players":[{"playerId":2636282,"score":184,"energy":20},{"playerId":2299591,"score":34,"energy":35},{"playerId":3573,"score":184,"energy":24},{"playerId":2415753,"score":0,"energy":42}],"golds":[{"posx":16,"posy":0,"amount":400},{"posx":19,"posy":0,"amount":50},{"posx":17,"posy":1,"amount":50},{"posx":6,"posy":2,"amount":150},{"posx":19,"posy":2,"amount":50},{"posx":6,"posy":4,"amount":300},{"posx":15,"posy":4,"amount":500},{"posx":14,"posy":5,"amount":550},{"posx":1,"posy":6,"amount":600},{"posx":5,"posy":6,"amount":450},{"posx":13,"posy":6,"amount":550},{"posx":15,"posy":6,"amount":300},{"posx":1,"posy":7,"amount":250},{"posx":5,"posy":7,"amount":500},{"posx":6,"posy":7,"amount":600},{"posx":18,"posy":7,"amount":350},{"posx":1,"posy":8,"amount":100},{"posx":3,"posy":8,"amount":250}],"changedObstacles":[]},{"players":[{"playerId":2636282,"score":234,"energy":15},{"playerId":2299591,"score":34,"energy":34},{"playerId":3573,"score":184,"energy":40},{"playerId":2415753,"score":0,"energy":38}],"golds":[{"posx":16,"posy":0,"amount":400},{"posx":19,"posy":0,"amount":50},{"posx":17,"posy":1,"amount":50},{"posx":6,"posy":2,"amount":150},{"posx":19,"posy":2,"amount":50},{"posx":6,"posy":4,"amount":250},{"posx":15,"posy":4,"amount":500},{"posx":14,"posy":5,"amount":550},{"posx":1,"posy":6,"amount":600},{"posx":5,"posy":6,"amount":450},{"posx":13,"posy":6,"amount":550},{"posx":15,"posy":6,"amount":300},{"posx":1,"posy":7,"amount":250},{"posx":5,"posy":7,"amount":500},{"posx":6,"posy":7,"amount":600},{"posx":18,"posy":7,"amount":350},{"posx":1,"posy":8,"amount":100},{"posx":3,"posy":8,"amount":250}],"changedObstacles":[]},{"players":[{"playerId":2636282,"score":284,"energy":10},{"playerId":2299591,"score":34,"energy":33},{"playerId":3573,"score":184,"energy":39},{"playerId":2415753,"score":50,"energy":33}],"golds":[{"posx":16,"posy":0,"amount":400},{"posx":19,"posy":0,"amount":50},{"posx":17,"posy":1,"amount":50},{"posx":6,"posy":2,"amount":150},{"posx":19,"posy":2,"amount":50},{"posx":6,"posy":4,"amount":200},{"posx":15,"posy":4,"amount":450},{"posx":14,"posy":5,"amount":550},{"posx":1,"posy":6,"amount":600},{"posx":5,"posy":6,"amount":450},{"posx":13,"posy":6,"amount":550},{"posx":15,"posy":6,"amount":300},{"posx":1,"posy":7,"amount":250},{"posx":5,"posy":7,"amount":500},{"posx":6,"posy":7,"amount":600},{"posx":18,"posy":7,"amount":350},{"posx":1,"posy":8,"amount":100},{"posx":3,"posy":8,"amount":250}],"changedObstacles":[]},{"players":[{"playerId":2636282,"score":334,"energy":5},{"playerId":2299591,"score":34,"energy":32},{"playerId":3573,"score":184,"energy":38},{"playerId":2415753,"score":100,"energy":28}],"golds":[{"posx":16,"posy":0,"amount":400},{"posx":19,"posy":0,"amount":50},{"posx":17,"posy":1,"amount":50},{"posx":6,"posy":2,"amount":150},{"posx":19,"posy":2,"amount":50},{"posx":6,"posy":4,"amount":150},{"posx":15,"posy":4,"amount":400},{"posx":14,"posy":5,"amount":550},{"posx":1,"posy":6,"amount":600},{"posx":5,"posy":6,"amount":450},{"posx":13,"posy":6,"amount":550},{"posx":15,"posy":6,"amount":300},{"posx":1,"posy":7,"amount":250},{"posx":5,"posy":7,"amount":500},{"posx":6,"posy":7,"amount":600},{"posx":18,"posy":7,"amount":350},{"posx":1,"posy":8,"amount":100},{"posx":3,"posy":8,"amount":250}],"changedObstacles":[]},{"players":[{"playerId":2636282,"score":334,"energy":17},{"playerId":2299591,"score":34,"energy":31},{"playerId":3573,"score":184,"energy":34},{"playerId":2415753,"score":150,"energy":23}],"golds":[{"posx":16,"posy":0,"amount":400},{"posx":19,"posy":0,"amount":50},{"posx":17,"posy":1,"amount":50},{"posx":6,"posy":2,"amount":150},{"posx":19,"posy":2,"amount":50},{"posx":6,"posy":4,"amount":150},{"posx":15,"posy":4,"amount":350},{"posx":14,"posy":5,"amount":550},{"posx":1,"posy":6,"amount":600},{"posx":5,"posy":6,"amount":450},{"posx":13,"posy":6,"amount":550},{"posx":15,"posy":6,"amount":300},{"posx":1,"posy":7,"amount":250},{"posx":5,"posy":7,"amount":500},{"posx":6,"posy":7,"amount":600},{"posx":18,"posy":7,"amount":350},{"posx":1,"posy":8,"amount":100},{"posx":3,"posy":8,"amount":250}],"changedObstacles":[]},{"players":[{"playerId":2636282,"score":384,"energy":12},{"playerId":2299591,"score":34,"energy":27},{"playerId":3573,"score":234,"energy":29},{"playerId":2415753,"score":200,"energy":18}],"golds":[{"posx":16,"posy":0,"amount":400},{"posx":19,"posy":0,"amount":50},{"posx":17,"posy":1,"amount":50},{"posx":6,"posy":2,"amount":150},{"posx":19,"posy":2,"amount":50},{"posx":6,"posy":4,"amount":50},{"posx":15,"posy":4,"amount":300},{"posx":14,"posy":5,"amount":550},{"posx":1,"posy":6,"amount":600},{"posx":5,"posy":6,"amount":450},{"posx":13,"posy":6,"amount":550},{"posx":15,"posy":6,"amount":300},{"posx":1,"posy":7,"amount":250},{"posx":5,"posy":7,"amount":500},{"posx":6,"posy":7,"amount":600},{"posx":18,"posy":7,"amount":350},{"posx":1,"posy":8,"amount":100},{"posx":3,"posy":8,"amount":250}],"changedObstacles":[]},{"players":[{"playerId":2636282,"score":409,"energy":7},{"playerId":2299591,"score":84,"energy":22},{"playerId":3573,"score":259,"energy":24},{"playerId":2415753,"score":250,"energy":13}],"golds":[{"posx":16,"posy":0,"amount":350},{"posx":19,"posy":0,"amount":50},{"posx":17,"posy":1,"amount":50},{"posx":6,"posy":2,"amount":150},{"posx":19,"posy":2,"amount":50},{"posx":15,"posy":4,"amount":250},{"posx":14,"posy":5,"amount":550},{"posx":1,"posy":6,"amount":600},{"posx":5,"posy":6,"amount":450},{"posx":13,"posy":6,"amount":550},{"posx":15,"posy":6,"amount":300},{"posx":1,"posy":7,"amount":250},{"posx":5,"posy":7,"amount":500},{"posx":6,"posy":7,"amount":600},{"posx":18,"posy":7,"amount":350},{"posx":1,"posy":8,"amount":100},{"posx":3,"posy":8,"amount":250}],"changedObstacles":[{"type":0,"posx":6,"posy":4,"value":-1}]},{"players":[{"playerId":2636282,"score":409,"energy":6},{"playerId":2299591,"score":134,"energy":17},{"playerId":3573,"score":259,"energy":36},{"playerId":2415753,"score":300,"energy":8}],"golds":[{"posx":16,"posy":0,"amount":300},{"posx":19,"posy":0,"amount":50},{"posx":17,"posy":1,"amount":50},{"posx":6,"posy":2,"amount":150},{"posx":19,"posy":2,"amount":50},{"posx":15,"posy":4,"amount":200},{"posx":14,"posy":5,"amount":550},{"posx":1,"posy":6,"amount":600},{"posx":5,"posy":6,"amount":450},{"posx":13,"posy":6,"amount":550},{"posx":15,"posy":6,"amount":300},{"posx":1,"posy":7,"amount":250},{"posx":5,"posy":7,"amount":500},{"posx":6,"posy":7,"amount":600},{"posx":18,"posy":7,"amount":350},{"posx":1,"posy":8,"amount":100},{"posx":3,"posy":8,"amount":250}],"changedObstacles":[]},{"players":[{"playerId":2636282,"score":409,"energy":5},{"playerId":2299591,"score":184,"energy":12},{"playerId":3573,"score":259,"energy":35},{"playerId":2415753,"score":350,"energy":3}],"golds":[{"posx":16,"posy":0,"amount":250},{"posx":19,"posy":0,"amount":50},{"posx":17,"posy":1,"amount":50},{"posx":6,"posy":2,"amount":150},{"posx":19,"posy":2,"amount":50},{"posx":15,"posy":4,"amount":150},{"posx":14,"posy":5,"amount":550},{"posx":1,"posy":6,"amount":600},{"posx":5,"posy":6,"amount":450},{"posx":13,"posy":6,"amount":550},{"posx":15,"posy":6,"amount":300},{"posx":1,"posy":7,"amount":250},{"posx":5,"posy":7,"amount":500},{"posx":6,"posy":7,"amount":600},{"posx":18,"posy":7,"amount":350},{"posx":1,"posy":8,"amount":100},{"posx":3,"posy":8,"amount":250}],"changedObstacles":[]},{"players":[{"playerId":2636282,"score":409,"energy":1},{"playerId":2299591,"score":234,"energy":7},{"playerId":3573,"score":259,"energy":34},{"playerId":2415753,"score":350,"energy":15}],"golds":[{"posx":16,"posy":0,"amount":200},{"posx":19,"posy":0,"amount":50},{"posx":17,"posy":1,"amount":50},{"posx":6,"posy":2,"amount":150},{"posx":19,"posy":2,"amount":50},{"posx":15,"posy":4,"amount":150},{"posx":14,"posy":5,"amount":550},{"posx":1,"posy":6,"amount":600},{"posx":5,"posy":6,"amount":450},{"posx":13,"posy":6,"amount":550},{"posx":15,"posy":6,"amount":300},{"posx":1,"posy":7,"amount":250},{"posx":5,"posy":7,"amount":500},{"posx":6,"posy":7,"amount":600},{"posx":18,"posy":7,"amount":350},{"posx":1,"posy":8,"amount":100},{"posx":3,"posy":8,"amount":250}],"changedObstacles":[]},{"players":[{"playerId":2636282,"score":409,"energy":13},{"playerId":2299591,"score":284,"energy":2},{"playerId":3573,"score":259,"energy":30},{"playerId":2415753,"score":400,"energy":10}],"golds":[{"posx":16,"posy":0,"amount":150},{"posx":19,"posy":0,"amount":50},{"posx":17,"posy":1,"amount":50},{"posx":6,"posy":2,"amount":150},{"posx":19,"posy":2,"amount":50},{"posx":15,"posy":4,"amount":100},{"posx":14,"posy":5,"amount":550},{"posx":1,"posy":6,"amount":600},{"posx":5,"posy":6,"amount":450},{"posx":13,"posy":6,"amount":550},{"posx":15,"posy":6,"amount":300},{"posx":1,"posy":7,"amount":250},{"posx":5,"posy":7,"amount":500},{"posx":6,"posy":7,"amount":600},{"posx":18,"posy":7,"amount":350},{"posx":1,"posy":8,"amount":100},{"posx":3,"posy":8,"amount":250}],"changedObstacles":[]},{"players":[{"playerId":2636282,"score":459,"energy":8},{"playerId":2299591,"score":284,"energy":14},{"playerId":3573,"score":309,"energy":25},{"playerId":2415753,"score":450,"energy":5}],"golds":[{"posx":16,"posy":0,"amount":150},{"posx":19,"posy":0,"amount":50},{"posx":17,"posy":1,"amount":50},{"posx":6,"posy":2,"amount":150},{"posx":19,"posy":2,"amount":50},{"posx":15,"posy":4,"amount":50},{"posx":14,"posy":5,"amount":550},{"posx":1,"posy":6,"amount":600},{"posx":5,"posy":6,"amount":400},{"posx":13,"posy":6,"amount":550},{"posx":15,"posy":6,"amount":300},{"posx":1,"posy":7,"amount":250},{"posx":5,"posy":7,"amount":500},{"posx":6,"posy":7,"amount":550},{"posx":18,"posy":7,"amount":350},{"posx":1,"posy":8,"amount":100},{"posx":3,"posy":8,"amount":250}],"changedObstacles":[]},{"players":[{"playerId":2636282,"score":509,"energy":3},{"playerId":2299591,"score":334,"energy":9},{"playerId":3573,"score":359,"energy":20},{"playerId":2415753,"score":450,"energy":17}],"golds":[{"posx":16,"posy":0,"amount":100},{"posx":19,"posy":0,"amount":50},{"posx":17,"posy":1,"amount":50},{"posx":6,"posy":2,"amount":150},{"posx":19,"posy":2,"amount":50},{"posx":15,"posy":4,"amount":50},{"posx":14,"posy":5,"amount":550},{"posx":1,"posy":6,"amount":600},{"posx":5,"posy":6,"amount":350},{"posx":13,"posy":6,"amount":550},{"posx":15,"posy":6,"amount":300},{"posx":1,"posy":7,"amount":250},{"posx":5,"posy":7,"amount":500},{"posx":6,"posy":7,"amount":500},{"posx":18,"posy":7,"amount":350},{"posx":1,"posy":8,"amount":100},{"posx":3,"posy":8,"amount":250}],"changedObstacles":[]},{"players":[{"playerId":2636282,"score":509,"energy":15},{"playerId":2299591,"score":384,"energy":4},{"playerId":3573,"score":409,"energy":15},{"playerId":2415753,"score":500,"energy":12}],"golds":[{"posx":16,"posy":0,"amount":50},{"posx":19,"posy":0,"amount":50},{"posx":17,"posy":1,"amount":50},{"posx":6,"posy":2,"amount":150},{"posx":19,"posy":2,"amount":50},{"posx":14,"posy":5,"amount":550},{"posx":1,"posy":6,"amount":600},{"posx":5,"posy":6,"amount":300},{"posx":13,"posy":6,"amount":550},{"posx":15,"posy":6,"amount":300},{"posx":1,"posy":7,"amount":250},{"posx":5,"posy":7,"amount":500},{"posx":6,"posy":7,"amount":500},{"posx":18,"posy":7,"amount":350},{"posx":1,"posy":8,"amount":100},{"posx":3,"posy":8,"amount":250}],"changedObstacles":[{"type":0,"posx":15,"posy":4,"value":-1}]},{"players":[{"playerId":2636282,"score":559,"energy":10},{"playerId":2299591,"score":384,"energy":16},{"playerId":3573,"score":459,"energy":10},{"playerId":2415753,"score":500,"energy":11}],"golds":[{"posx":16,"posy":0,"amount":50},{"posx":19,"posy":0,"amount":50},{"posx":17,"posy":1,"amount":50},{"posx":6,"posy":2,"amount":150},{"posx":19,"posy":2,"amount":50},{"posx":14,"posy":5,"amount":550},{"posx":1,"posy":6,"amount":600},{"posx":5,"posy":6,"amount":250},{"posx":13,"posy":6,"amount":550},{"posx":15,"posy":6,"amount":300},{"posx":1,"posy":7,"amount":250},{"posx":5,"posy":7,"amount":500},{"posx":6,"posy":7,"amount":450},{"posx":18,"posy":7,"amount":350},{"posx":1,"posy":8,"amount":100},{"posx":3,"posy":8,"amount":250}],"changedObstacles":[]},{"players":[{"playerId":2636282,"score":609,"energy":5},{"playerId":2299591,"score":434,"energy":11},{"playerId":3573,"score":509,"energy":5},{"playerId":2415753,"score":500,"energy":7}],"golds":[{"posx":19,"posy":0,"amount":50},{"posx":17,"posy":1,"amount":50},{"posx":6,"posy":2,"amount":150},{"posx":19,"posy":2,"amount":50},{"posx":14,"posy":5,"amount":550},{"posx":1,"posy":6,"amount":600},{"posx":5,"posy":6,"amount":200},{"posx":13,"posy":6,"amount":550},{"posx":15,"posy":6,"amount":300},{"posx":1,"posy":7,"amount":250},{"posx":5,"posy":7,"amount":500},{"posx":6,"posy":7,"amount":400},{"posx":18,"posy":7,"amount":350},{"posx":1,"posy":8,"amount":100},{"posx":3,"posy":8,"amount":250}],"changedObstacles":[{"type":0,"posx":16,"posy":0,"value":-1}]},{"players":[{"playerId":2636282,"score":609,"energy":17},{"playerId":2299591,"score":434,"energy":23},{"playerId":3573,"score":509,"energy":17},{"playerId":2415753,"score":550,"energy":2}],"golds":[{"posx":19,"posy":0,"amount":50},{"posx":17,"posy":1,"amount":50},{"posx":6,"posy":2,"amount":150},{"posx":19,"posy":2,"amount":50},{"posx":14,"posy":5,"amount":500},{"posx":1,"posy":6,"amount":600},{"posx":5,"posy":6,"amount":200},{"posx":13,"posy":6,"amount":550},{"posx":15,"posy":6,"amount":300},{"posx":1,"posy":7,"amount":250},{"posx":5,"posy":7,"amount":500},{"posx":6,"posy":7,"amount":400},{"posx":18,"posy":7,"amount":350},{"posx":1,"posy":8,"amount":100},{"posx":3,"posy":8,"amount":250}],"changedObstacles":[]},{"players":[{"playerId":2636282,"score":659,"energy":12},{"playerId":2299591,"score":434,"energy":22},{"playerId":3573,"score":559,"energy":12},{"playerId":2415753,"score":550,"energy":14}],"golds":[{"posx":19,"posy":0,"amount":50},{"posx":17,"posy":1,"amount":50},{"posx":6,"posy":2,"amount":150},{"posx":19,"posy":2,"amount":50},{"posx":14,"posy":5,"amount":500},{"posx":1,"posy":6,"amount":600},{"posx":5,"posy":6,"amount":150},{"posx":13,"posy":6,"amount":550},{"posx":15,"posy":6,"amount":300},{"posx":1,"posy":7,"amount":250},{"posx":5,"posy":7,"amount":500},{"posx":6,"posy":7,"amount":350},{"posx":18,"posy":7,"amount":350},{"posx":1,"posy":8,"amount":100},{"posx":3,"posy":8,"amount":250}],"changedObstacles":[]},{"players":[{"playerId":2636282,"score":709,"energy":7},{"playerId":2299591,"score":434,"energy":18},{"playerId":3573,"score":609,"energy":7},{"playerId":2415753,"score":600,"energy":9}],"golds":[{"posx":19,"posy":0,"amount":50},{"posx":17,"posy":1,"amount":50},{"posx":6,"posy":2,"amount":150},{"posx":19,"posy":2,"amount":50},{"posx":14,"posy":5,"amount":450},{"posx":1,"posy":6,"amount":600},{"posx":5,"posy":6,"amount":100},{"posx":13,"posy":6,"amount":550},{"posx":15,"posy":6,"amount":300},{"posx":1,"posy":7,"amount":250},{"posx":5,"posy":7,"amount":500},{"posx":6,"posy":7,"amount":300},{"posx":18,"posy":7,"amount":350},{"posx":1,"posy":8,"amount":100},{"posx":3,"posy":8,"amount":250}],"changedObstacles":[]},{"players":[{"playerId":2636282,"score":759,"energy":2},{"playerId":2299591,"score":484,"energy":13},{"playerId":3573,"score":659,"energy":2},{"playerId":2415753,"score":650,"energy":4}],"golds":[{"posx":19,"posy":0,"amount":50},{"posx":6,"posy":2,"amount":150},{"posx":19,"posy":2,"amount":50},{"posx":14,"posy":5,"amount":400},{"posx":1,"posy":6,"amount":600},{"posx":5,"posy":6,"amount":50},{"posx":13,"posy":6,"amount":550},{"posx":15,"posy":6,"amount":300},{"posx":1,"posy":7,"amount":250},{"posx":5,"posy":7,"amount":500},{"posx":6,"posy":7,"amount":250},{"posx":18,"posy":7,"amount":350},{"posx":1,"posy":8,"amount":100},{"posx":3,"posy":8,"amount":250}],"changedObstacles":[{"type":0,"posx":17,"posy":1,"value":-1}]},{"players":[{"playerId":2636282,"score":759,"energy":14},{"playerId":2299591,"score":484,"energy":25},{"playerId":3573,"score":659,"energy":14},{"playerId":2415753,"score":650,"energy":16}],"golds":[{"posx":19,"posy":0,"amount":50},{"posx":6,"posy":2,"amount":150},{"posx":19,"posy":2,"amount":50},{"posx":14,"posy":5,"amount":400},{"posx":1,"posy":6,"amount":600},{"posx":5,"posy":6,"amount":50},{"posx":13,"posy":6,"amount":550},{"posx":15,"posy":6,"amount":300},{"posx":1,"posy":7,"amount":250},{"posx":5,"posy":7,"amount":500},{"posx":6,"posy":7,"amount":250},{"posx":18,"posy":7,"amount":350},{"posx":1,"posy":8,"amount":100},{"posx":3,"posy":8,"amount":250}],"changedObstacles":[]},{"players":[{"playerId":2636282,"score":759,"energy":30},{"playerId":2299591,"score":484,"energy":24},{"playerId":3573,"score":709,"energy":9},{"playerId":2415753,"score":700,"energy":11}],"golds":[{"posx":19,"posy":0,"amount":50},{"posx":6,"posy":2,"amount":150},{"posx":19,"posy":2,"amount":50},{"posx":14,"posy":5,"amount":350},{"posx":1,"posy":6,"amount":600},{"posx":13,"posy":6,"amount":550},{"posx":15,"posy":6,"amount":300},{"posx":1,"posy":7,"amount":250},{"posx":5,"posy":7,"amount":500},{"posx":6,"posy":7,"amount":250},{"posx":18,"posy":7,"amount":350},{"posx":1,"posy":8,"amount":100},{"posx":3,"posy":8,"amount":250}],"changedObstacles":[{"type":0,"posx":5,"posy":6,"value":-1}]},{"players":[{"playerId":2636282,"score":809,"energy":25},{"playerId":2299591,"score":484,"energy":23},{"playerId":3573,"score":709,"energy":5},{"playerId":2415753,"score":750,"energy":6}],"golds":[{"posx":19,"posy":0,"amount":50},{"posx":6,"posy":2,"amount":150},{"posx":19,"posy":2,"amount":50},{"posx":14,"posy":5,"amount":300},{"posx":1,"posy":6,"amount":600},{"posx":13,"posy":6,"amount":550},{"posx":15,"posy":6,"amount":300},{"posx":1,"posy":7,"amount":250},{"posx":5,"posy":7,"amount":500},{"posx":6,"posy":7,"amount":200},{"posx":18,"posy":7,"amount":350},{"posx":1,"posy":8,"amount":100},{"posx":3,"posy":8,"amount":250}],"changedObstacles":[]},{"players":[{"playerId":2636282,"score":859,"energy":20},{"playerId":2299591,"score":484,"energy":19},{"playerId":3573,"score":709,"energy":17},{"playerId":2415753,"score":800,"energy":1}],"golds":[{"posx":19,"posy":0,"amount":50},{"posx":6,"posy":2,"amount":150},{"posx":19,"posy":2,"amount":50},{"posx":14,"posy":5,"amount":250},{"posx":1,"posy":6,"amount":600},{"posx":13,"posy":6,"amount":550},{"posx":15,"posy":6,"amount":300},{"posx":1,"posy":7,"amount":250},{"posx":5,"posy":7,"amount":500},{"posx":6,"posy":7,"amount":150},{"posx":18,"posy":7,"amount":350},{"posx":1,"posy":8,"amount":100},{"posx":3,"posy":8,"amount":250}],"changedObstacles":[]},{"players":[{"playerId":2636282,"score":909,"energy":15},{"playerId":2299591,"score":534,"energy":14},{"playerId":3573,"score":759,"energy":12},{"playerId":2415753,"score":800,"energy":13}],"golds":[{"posx":6,"posy":2,"amount":150},{"posx":19,"posy":2,"amount":50},{"posx":14,"posy":5,"amount":250},{"posx":1,"posy":6,"amount":600},{"posx":13,"posy":6,"amount":550},{"posx":15,"posy":6,"amount":300},{"posx":1,"posy":7,"amount":250},{"posx":5,"posy":7,"amount":450},{"posx":6,"posy":7,"amount":100},{"posx":18,"posy":7,"amount":350},{"posx":1,"posy":8,"amount":100},{"posx":3,"posy":8,"amount":250}],"changedObstacles":[{"type":0,"posx":19,"posy":0,"value":-1}]},{"players":[{"playerId":2636282,"score":959,"energy":10},{"playerId":2299591,"score":534,"energy":26},{"playerId":3573,"score":809,"energy":7},{"playerId":2415753,"score":850,"energy":8}],"golds":[{"posx":6,"posy":2,"amount":150},{"posx":19,"posy":2,"amount":50},{"posx":14,"posy":5,"amount":200},{"posx":1,"posy":6,"amount":600},{"posx":13,"posy":6,"amount":550},{"posx":15,"posy":6,"amount":300},{"posx":1,"posy":7,"amount":250},{"posx":5,"posy":7,"amount":400},{"posx":6,"posy":7,"amount":50},{"posx":18,"posy":7,"amount":350},{"posx":1,"posy":8,"amount":100},{"posx":3,"posy":8,"amount":250}],"changedObstacles":[]},{"players":[{"playerId":2636282,"score":1009,"energy":5},{"playerId":2299591,"score":534,"energy":25},{"playerId":3573,"score":859,"energy":2},{"playerId":2415753,"score":900,"energy":3}],"golds":[{"posx":6,"posy":2,"amount":150},{"posx":19,"posy":2,"amount":50},{"posx":14,"posy":5,"amount":150},{"posx":1,"posy":6,"amount":600},{"posx":13,"posy":6,"amount":550},{"posx":15,"posy":6,"amount":300},{"posx":1,"posy":7,"amount":250},{"posx":5,"posy":7,"amount":350},{"posx":18,"posy":7,"amount":350},{"posx":1,"posy":8,"amount":100},{"posx":3,"posy":8,"amount":250}],"changedObstacles":[{"type":0,"posx":6,"posy":7,"value":-1}]},{"players":[{"playerId":2636282,"score":1009,"energy":1},{"playerId":2299591,"score":534,"energy":21},{"playerId":3573,"score":859,"energy":14},{"playerId":2415753,"score":900,"energy":15}],"golds":[{"posx":6,"posy":2,"amount":150},{"posx":19,"posy":2,"amount":50},{"posx":14,"posy":5,"amount":150},{"posx":1,"posy":6,"amount":600},{"posx":13,"posy":6,"amount":550},{"posx":15,"posy":6,"amount":300},{"posx":1,"posy":7,"amount":250},{"posx":5,"posy":7,"amount":350},{"posx":18,"posy":7,"amount":350},{"posx":1,"posy":8,"amount":100},{"posx":3,"posy":8,"amount":250}],"changedObstacles":[]},{"players":[{"playerId":2636282,"score":1009,"energy":13},{"playerId":2299591,"score":584,"energy":16},{"playerId":3573,"score":909,"energy":9},{"playerId":2415753,"score":950,"energy":10}],"golds":[{"posx":6,"posy":2,"amount":150},{"posx":14,"posy":5,"amount":100},{"posx":1,"posy":6,"amount":600},{"posx":13,"posy":6,"amount":550},{"posx":15,"posy":6,"amount":300},{"posx":1,"posy":7,"amount":250},{"posx":5,"posy":7,"amount":300},{"posx":18,"posy":7,"amount":350},{"posx":1,"posy":8,"amount":100},{"posx":3,"posy":8,"amount":250}],"changedObstacles":[{"type":0,"posx":19,"posy":2,"value":-1}]},{"players":[{"playerId":2636282,"score":1059,"energy":8},{"playerId":2299591,"score":584,"energy":28},{"playerId":3573,"score":959,"energy":4},{"playerId":2415753,"score":1000,"energy":5}],"golds":[{"posx":6,"posy":2,"amount":150},{"posx":14,"posy":5,"amount":50},{"posx":1,"posy":6,"amount":600},{"posx":13,"posy":6,"amount":550},{"posx":15,"posy":6,"amount":300},{"posx":1,"posy":7,"amount":250},{"posx":5,"posy":7,"amount":200},{"posx":18,"posy":7,"amount":350},{"posx":1,"posy":8,"amount":100},{"posx":3,"posy":8,"amount":250}],"changedObstacles":[]},{"players":[{"playerId":2636282,"score":1109,"energy":3},{"playerId":2299591,"score":584,"energy":27},{"playerId":3573,"score":959,"energy":16},{"playerId":2415753,"score":1000,"energy":17}],"golds":[{"posx":6,"posy":2,"amount":150},{"posx":14,"posy":5,"amount":50},{"posx":1,"posy":6,"amount":600},{"posx":13,"posy":6,"amount":550},{"posx":15,"posy":6,"amount":300},{"posx":1,"posy":7,"amount":250},{"posx":5,"posy":7,"amount":150},{"posx":18,"posy":7,"amount":350},{"posx":1,"posy":8,"amount":100},{"posx":3,"posy":8,"amount":250}],"changedObstacles":[]},{"players":[{"playerId":2636282,"score":1109,"energy":15},{"playerId":2299591,"score":584,"energy":26},{"playerId":3573,"score":1009,"energy":11},{"playerId":2415753,"score":1050,"energy":12}],"golds":[{"posx":6,"posy":2,"amount":150},{"posx":1,"posy":6,"amount":600},{"posx":13,"posy":6,"amount":550},{"posx":15,"posy":6,"amount":300},{"posx":1,"posy":7,"amount":250},{"posx":5,"posy":7,"amount":100},{"posx":18,"posy":7,"amount":350},{"posx":1,"posy":8,"amount":100},{"posx":3,"posy":8,"amount":250}],"changedObstacles":[{"type":0,"posx":14,"posy":5,"value":-1}]},{"players":[{"playerId":2636282,"score":1159,"energy":10},{"playerId":2299591,"score":584,"energy":25},{"playerId":3573,"score":1059,"energy":6},{"playerId":2415753,"score":1050,"energy":11}],"golds":[{"posx":6,"posy":2,"amount":150},{"posx":1,"posy":6,"amount":600},{"posx":13,"posy":6,"amount":550},{"posx":15,"posy":6,"amount":300},{"posx":1,"posy":7,"amount":250},{"posx":18,"posy":7,"amount":350},{"posx":1,"posy":8,"amount":100},{"posx":3,"posy":8,"amount":250}],"changedObstacles":[{"type":0,"posx":5,"posy":7,"value":-1}]},{"players":[{"playerId":2636282,"score":1159,"energy":9},{"playerId":2299591,"score":584,"energy":24},{"playerId":3573,"score":1059,"energy":18},{"playerId":2415753,"score":1050,"energy":7}],"golds":[{"posx":6,"posy":2,"amount":150},{"posx":1,"posy":6,"amount":600},{"posx":13,"posy":6,"amount":550},{"posx":15,"posy":6,"amount":300},{"posx":1,"posy":7,"amount":250},{"posx":18,"posy":7,"amount":350},{"posx":1,"posy":8,"amount":100},{"posx":3,"posy":8,"amount":250}],"changedObstacles":[]},{"players":[{"playerId":2636282,"score":1159,"energy":8},{"playerId":2299591,"score":584,"energy":23},{"playerId":3573,"score":1059,"energy":34},{"playerId":2415753,"score":1100,"energy":2}],"golds":[{"posx":6,"posy":2,"amount":150},{"posx":1,"posy":6,"amount":600},{"posx":13,"posy":6,"amount":500},{"posx":15,"posy":6,"amount":300},{"posx":1,"posy":7,"amount":250},{"posx":18,"posy":7,"amount":350},{"posx":1,"posy":8,"amount":100},{"posx":3,"posy":8,"amount":250}],"changedObstacles":[]},{"players":[{"playerId":2636282,"score":1159,"energy":7},{"playerId":2299591,"score":584,"energy":22},{"playerId":3573,"score":1059,"energy":50},{"playerId":2415753,"score":1100,"energy":14}],"golds":[{"posx":6,"posy":2,"amount":150},{"posx":1,"posy":6,"amount":600},{"posx":13,"posy":6,"amount":500},{"posx":15,"posy":6,"amount":300},{"posx":1,"posy":7,"amount":250},{"posx":18,"posy":7,"amount":350},{"posx":1,"posy":8,"amount":100},{"posx":3,"posy":8,"amount":250}],"changedObstacles":[]},{"players":[{"playerId":2636282,"score":1159,"energy":6},{"playerId":2299591,"score":584,"energy":21},{"playerId":3573,"score":1059,"energy":49},{"playerId":2415753,"score":1150,"energy":9}],"golds":[{"posx":6,"posy":2,"amount":150},{"posx":1,"posy":6,"amount":600},{"posx":13,"posy":6,"amount":450},{"posx":15,"posy":6,"amount":300},{"posx":1,"posy":7,"amount":250},{"posx":18,"posy":7,"amount":350},{"posx":1,"posy":8,"amount":100},{"posx":3,"posy":8,"amount":250}],"changedObstacles":[]},{"players":[{"playerId":2636282,"score":1159,"energy":2},{"playerId":2299591,"score":584,"energy":20},{"playerId":3573,"score":1059,"energy":48},{"playerId":2415753,"score":1200,"energy":4}],"golds":[{"posx":6,"posy":2,"amount":150},{"posx":1,"posy":6,"amount":600},{"posx":13,"posy":6,"amount":400},{"posx":15,"posy":6,"amount":300},{"posx":1,"posy":7,"amount":250},{"posx":18,"posy":7,"amount":350},{"posx":1,"posy":8,"amount":100},{"posx":3,"posy":8,"amount":250}],"changedObstacles":[]},{"players":[{"playerId":2636282,"score":1159,"energy":14},{"playerId":2299591,"score":584,"energy":19},{"playerId":3573,"score":1059,"energy":44},{"playerId":2415753,"score":1200,"energy":16}],"golds":[{"posx":6,"posy":2,"amount":150},{"posx":1,"posy":6,"amount":600},{"posx":13,"posy":6,"amount":400},{"posx":15,"posy":6,"amount":300},{"posx":1,"posy":7,"amount":250},{"posx":18,"posy":7,"amount":350},{"posx":1,"posy":8,"amount":100},{"posx":3,"posy":8,"amount":250}],"changedObstacles":[]},{"players":[{"playerId":2636282,"score":1209,"energy":9},{"playerId":2299591,"score":584,"energy":31},{"playerId":3573,"score":1109,"energy":39},{"playerId":2415753,"score":1250,"energy":11}],"golds":[{"posx":6,"posy":2,"amount":150},{"posx":1,"posy":6,"amount":550},{"posx":13,"posy":6,"amount":350},{"posx":15,"posy":6,"amount":300},{"posx":1,"posy":7,"amount":250},{"posx":18,"posy":7,"amount":350},{"posx":1,"posy":8,"amount":100},{"posx":3,"posy":8,"amount":200}],"changedObstacles":[]},{"players":[{"playerId":2636282,"score":1259,"energy":4},{"playerId":2299591,"score":584,"energy":27},{"playerId":3573,"score":1159,"energy":34},{"playerId":2415753,"score":1300,"energy":6}],"golds":[{"posx":6,"posy":2,"amount":150},{"posx":1,"posy":6,"amount":500},{"posx":13,"posy":6,"amount":300},{"posx":15,"posy":6,"amount":300},{"posx":1,"posy":7,"amount":250},{"posx":18,"posy":7,"amount":350},{"posx":1,"posy":8,"amount":100},{"posx":3,"posy":8,"amount":150}],"changedObstacles":[]},{"players":[{"playerId":2636282,"score":1259,"energy":16},{"playerId":2299591,"score":634,"energy":22},{"playerId":3573,"score":1209,"energy":29},{"playerId":2415753,"score":1350,"energy":1}],"golds":[{"posx":6,"posy":2,"amount":150},{"posx":1,"posy":6,"amount":500},{"posx":13,"posy":6,"amount":200},{"posx":15,"posy":6,"amount":300},{"posx":1,"posy":7,"amount":250},{"posx":18,"posy":7,"amount":350},{"posx":1,"posy":8,"amount":100},{"posx":3,"posy":8,"amount":100}],"changedObstacles":[]},{"players":[{"playerId":2636282,"score":1309,"energy":11},{"playerId":2299591,"score":684,"energy":17},{"playerId":3573,"score":1259,"energy":24},{"playerId":2415753,"score":1350,"energy":13}],"golds":[{"posx":6,"posy":2,"amount":150},{"posx":1,"posy":6,"amount":450},{"posx":13,"posy":6,"amount":150},{"posx":15,"posy":6,"amount":300},{"posx":1,"posy":7,"amount":250},{"posx":18,"posy":7,"amount":350},{"posx":1,"posy":8,"amount":100},{"posx":3,"posy":8,"amount":50}],"changedObstacles":[]},{"players":[{"playerId":2636282,"score":1359,"energy":6},{"playerId":2299591,"score":734,"energy":12},{"playerId":3573,"score":1309,"energy":19},{"playerId":2415753,"score":1400,"energy":8}],"golds":[{"posx":6,"posy":2,"amount":150},{"posx":1,"posy":6,"amount":400},{"posx":13,"posy":6,"amount":50},{"posx":15,"posy":6,"amount":300},{"posx":1,"posy":7,"amount":250},{"posx":18,"posy":7,"amount":350},{"posx":1,"posy":8,"amount":100}],"changedObstacles":[{"type":0,"posx":3,"posy":8,"value":-1}]},{"players":[{"playerId":2636282,"score":1409,"energy":1},{"playerId":2299591,"score":759,"energy":7},{"playerId":3573,"score":1309,"energy":31},{"playerId":2415753,"score":1425,"energy":3}],"golds":[{"posx":6,"posy":2,"amount":150},{"posx":1,"posy":6,"amount":350},{"posx":15,"posy":6,"amount":300},{"posx":1,"posy":7,"amount":250},{"posx":18,"posy":7,"amount":350},{"posx":1,"posy":8,"amount":100}],"changedObstacles":[{"type":0,"posx":13,"posy":6,"value":-1}]},{"players":[{"playerId":2636282,"score":1409,"energy":13},{"playerId":2299591,"score":759,"energy":19},{"playerId":3573,"score":1309,"energy":47},{"playerId":2415753,"score":1425,"energy":2}],"golds":[{"posx":6,"posy":2,"amount":150},{"posx":1,"posy":6,"amount":350},{"posx":15,"posy":6,"amount":300},{"posx":1,"posy":7,"amount":250},{"posx":18,"posy":7,"amount":350},{"posx":1,"posy":8,"amount":100}],"changedObstacles":[]},{"players":[{"playerId":2636282,"score":1459,"energy":8},{"playerId":2299591,"score":759,"energy":35},{"playerId":3573,"score":1309,"energy":46},{"playerId":2415753,"score":1425,"energy":1}],"golds":[{"posx":6,"posy":2,"amount":150},{"posx":1,"posy":6,"amount":300},{"posx":15,"posy":6,"amount":300},{"posx":1,"posy":7,"amount":250},{"posx":18,"posy":7,"amount":350},{"posx":1,"posy":8,"amount":100}],"changedObstacles":[]},{"players":[{"playerId":2636282,"score":1509,"energy":3},{"playerId":2299591,"score":759,"energy":34},{"playerId":3573,"score":1309,"energy":45},{"playerId":2415753,"score":1425,"energy":0}],"golds":[{"posx":6,"posy":2,"amount":150},{"posx":1,"posy":6,"amount":250},{"posx":15,"posy":6,"amount":300},{"posx":1,"posy":7,"amount":250},{"posx":18,"posy":7,"amount":350},{"posx":1,"posy":8,"amount":100}],"changedObstacles":[]},{"players":[{"playerId":2636282,"score":1509,"energy":15},{"playerId":2299591,"score":759,"energy":30},{"playerId":3573,"score":1309,"energy":44},{"playerId":2415753,"score":1425,"energy":0}],"golds":[{"posx":6,"posy":2,"amount":150},{"posx":1,"posy":6,"amount":250},{"posx":15,"posy":6,"amount":300},{"posx":1,"posy":7,"amount":250},{"posx":18,"posy":7,"amount":350},{"posx":1,"posy":8,"amount":100}],"changedObstacles":[]},{"players":[{"playerId":2636282,"score":1509,"energy":31},{"playerId":2299591,"score":809,"energy":25},{"playerId":3573,"score":1309,"energy":40},{"playerId":2415753,"score":1425,"energy":0}],"golds":[{"posx":6,"posy":2,"amount":150},{"posx":1,"posy":6,"amount":250},{"posx":15,"posy":6,"amount":250},{"posx":1,"posy":7,"amount":250},{"posx":18,"posy":7,"amount":350},{"posx":1,"posy":8,"amount":100}],"changedObstacles":[]},{"players":[{"playerId":2636282,"score":1559,"energy":26},{"playerId":2299591,"score":859,"energy":20},{"playerId":3573,"score":1359,"energy":35},{"playerId":2415753,"score":1425,"energy":0}],"golds":[{"posx":6,"posy":2,"amount":150},{"posx":1,"posy":6,"amount":150},{"posx":15,"posy":6,"amount":200},{"posx":1,"posy":7,"amount":250},{"posx":18,"posy":7,"amount":350},{"posx":1,"posy":8,"amount":100}],"changedObstacles":[]},{"players":[{"playerId":2636282,"score":1609,"energy":21},{"playerId":2299591,"score":909,"energy":15},{"playerId":3573,"score":1409,"energy":30},{"playerId":2415753,"score":1425,"energy":0}],"golds":[{"posx":6,"posy":2,"amount":150},{"posx":1,"posy":6,"amount":50},{"posx":15,"posy":6,"amount":150},{"posx":1,"posy":7,"amount":250},{"posx":18,"posy":7,"amount":350},{"posx":1,"posy":8,"amount":100}],"changedObstacles":[]},{"players":[{"playerId":2636282,"score":1634,"energy":16},{"playerId":2299591,"score":959,"energy":10},{"playerId":3573,"score":1434,"energy":25},{"playerId":2415753,"score":1425,"energy":0}],"golds":[{"posx":6,"posy":2,"amount":150},{"posx":15,"posy":6,"amount":100},{"posx":1,"posy":7,"amount":250},{"posx":18,"posy":7,"amount":350},{"posx":1,"posy":8,"amount":100}],"changedObstacles":[{"type":0,"posx":1,"posy":6,"value":-1}]},{"players":[{"playerId":2636282,"score":1634,"energy":12},{"playerId":2299591,"score":1009,"energy":5},{"playerId":3573,"score":1434,"energy":21},{"playerId":2415753,"score":1425,"energy":0}],"golds":[{"posx":6,"posy":2,"amount":150},{"posx":15,"posy":6,"amount":50},{"posx":1,"posy":7,"amount":250},{"posx":18,"posy":7,"amount":350},{"posx":1,"posy":8,"amount":100}],"changedObstacles":[]},{"players":[{"playerId":2636282,"score":1684,"energy":7},{"playerId":2299591,"score":1009,"energy":17},{"playerId":3573,"score":1484,"energy":16},{"playerId":2415753,"score":1425,"energy":0}],"golds":[{"posx":6,"posy":2,"amount":150},{"posx":15,"posy":6,"amount":50},{"posx":1,"posy":7,"amount":150},{"posx":18,"posy":7,"amount":350},{"posx":1,"posy":8,"amount":100}],"changedObstacles":[]},{"players":[{"playerId":2636282,"score":1734,"energy":2},{"playerId":2299591,"score":1059,"energy":12},{"playerId":3573,"score":1534,"energy":11},{"playerId":2415753,"score":1425,"energy":0}],"golds":[{"posx":6,"posy":2,"amount":150},{"posx":1,"posy":7,"amount":50},{"posx":18,"posy":7,"amount":350},{"posx":1,"posy":8,"amount":100}],"changedObstacles":[{"type":0,"posx":15,"posy":6,"value":-1}]},{"players":[{"playerId":2636282,"score":1734,"energy":14},{"playerId":2299591,"score":1059,"energy":24},{"playerId":3573,"score":1584,"energy":6},{"playerId":2415753,"score":1425,"energy":0}],"golds":[{"posx":6,"posy":2,"amount":150},{"posx":18,"posy":7,"amount":350},{"posx":1,"posy":8,"amount":100}],"changedObstacles":[{"type":0,"posx":1,"posy":7,"value":-1}]},{"players":[{"playerId":2636282,"score":1734,"energy":10},{"playerId":2299591,"score":1059,"energy":23},{"playerId":3573,"score":1584,"energy":2},{"playerId":2415753,"score":1425,"energy":0}],"golds":[{"posx":6,"posy":2,"amount":150},{"posx":18,"posy":7,"amount":350},{"posx":1,"posy":8,"amount":100}],"changedObstacles":[]},{"players":[{"playerId":2636282,"score":1784,"energy":5},{"playerId":2299591,"score":1059,"energy":22},{"playerId":3573,"score":1584,"energy":14},{"playerId":2415753,"score":1425,"energy":0}],"golds":[{"posx":6,"posy":2,"amount":150},{"posx":18,"posy":7,"amount":350},{"posx":1,"posy":8,"amount":50}],"changedObstacles":[]},{"players":[{"playerId":2636282,"score":1784,"energy":17},{"playerId":2299591,"score":1059,"energy":21},{"playerId":3573,"score":1634,"energy":9},{"playerId":2415753,"score":1425,"energy":0}],"golds":[{"posx":6,"posy":2,"amount":150},{"posx":18,"posy":7,"amount":350}],"changedObstacles":[{"type":0,"posx":1,"posy":8,"value":-1}]},{"players":[{"playerId":2636282,"score":1784,"energy":33},{"playerId":2299591,"score":1059,"energy":17},{"playerId":3573,"score":1634,"energy":21},{"playerId":2415753,"score":1425,"energy":0}],"golds":[{"posx":6,"posy":2,"amount":150},{"posx":18,"posy":7,"amount":350}],"changedObstacles":[]},{"players":[{"playerId":2636282,"score":1784,"energy":32},{"playerId":2299591,"score":1109,"energy":12},{"playerId":3573,"score":1634,"energy":37},{"playerId":2415753,"score":1425,"energy":0}],"golds":[{"posx":6,"posy":2,"amount":150},{"posx":18,"posy":7,"amount":300}],"changedObstacles":[]},{"players":[{"playerId":2636282,"score":1784,"energy":31},{"playerId":2299591,"score":1159,"energy":7},{"playerId":3573,"score":1634,"energy":36},{"playerId":2415753,"score":1425,"energy":0}],"golds":[{"posx":6,"posy":2,"amount":150},{"posx":18,"posy":7,"amount":250}],"changedObstacles":[]},{"players":[{"playerId":2636282,"score":1784,"energy":30},{"playerId":2299591,"score":1209,"energy":2},{"playerId":3573,"score":1634,"energy":35},{"playerId":2415753,"score":1425,"energy":0}],"golds":[{"posx":6,"posy":2,"amount":150},{"posx":18,"posy":7,"amount":200}],"changedObstacles":[]},{"players":[{"playerId":2636282,"score":1784,"energy":29},{"playerId":2299591,"score":1209,"energy":14},{"playerId":3573,"score":1634,"energy":34},{"playerId":2415753,"score":1425,"energy":0}],"golds":[{"posx":6,"posy":2,"amount":150},{"posx":18,"posy":7,"amount":200}],"changedObstacles":[]},{"players":[{"playerId":2636282,"score":1784,"energy":28},{"playerId":2299591,"score":1259,"energy":9},{"playerId":3573,"score":1634,"energy":46},{"playerId":2415753,"score":1425,"energy":0}],"golds":[{"posx":6,"posy":2,"amount":150},{"posx":18,"posy":7,"amount":150}],"changedObstacles":[]},{"players":[{"playerId":2636282,"score":1784,"energy":27},{"playerId":2299591,"score":1309,"energy":4},{"playerId":3573,"score":1634,"energy":45},{"playerId":2415753,"score":1425,"energy":0}],"golds":[{"posx":6,"posy":2,"amount":150},{"posx":18,"posy":7,"amount":100}],"changedObstacles":[]},{"players":[{"playerId":2636282,"score":1784,"energy":26},{"playerId":2299591,"score":1309,"energy":16},{"playerId":3573,"score":1634,"energy":44},{"playerId":2415753,"score":1425,"energy":0}],"golds":[{"posx":6,"posy":2,"amount":150},{"posx":18,"posy":7,"amount":100}],"changedObstacles":[]},{"players":[{"playerId":2636282,"score":1784,"energy":25},{"playerId":2299591,"score":1359,"energy":11},{"playerId":3573,"score":1634,"energy":43},{"playerId":2415753,"score":1425,"energy":0}],"golds":[{"posx":6,"posy":2,"amount":150},{"posx":18,"posy":7,"amount":50}],"changedObstacles":[]},{"players":[{"playerId":2636282,"score":1784,"energy":24},{"playerId":2299591,"score":1409,"energy":6},{"playerId":3573,"score":1634,"energy":42},{"playerId":2415753,"score":1425,"energy":0}],"golds":[{"posx":6,"posy":2,"amount":150}],"changedObstacles":[{"type":0,"posx":18,"posy":7,"value":-1}]},{"players":[{"playerId":2636282,"score":1784,"energy":23},{"playerId":2299591,"score":1409,"energy":18},{"playerId":3573,"score":1634,"energy":41},{"playerId":2415753,"score":1425,"energy":0}],"golds":[{"posx":6,"posy":2,"amount":150}],"changedObstacles":[]},{"players":[{"playerId":2636282,"score":1784,"energy":19},{"playerId":2299591,"score":1409,"energy":34},{"playerId":3573,"score":1634,"energy":40},{"playerId":2415753,"score":1425,"energy":0}],"golds":[{"posx":6,"posy":2,"amount":150}],"changedObstacles":[]},{"players":[{"playerId":2636282,"score":1834,"energy":14},{"playerId":2299591,"score":1409,"energy":33},{"playerId":3573,"score":1634,"energy":39},{"playerId":2415753,"score":1425,"energy":0}],"golds":[{"posx":6,"posy":2,"amount":100}],"changedObstacles":[]},{"players":[{"playerId":2636282,"score":1884,"energy":9},{"playerId":2299591,"score":1409,"energy":32},{"playerId":3573,"score":1634,"energy":35},{"playerId":2415753,"score":1425,"energy":0}],"golds":[{"posx":6,"posy":2,"amount":50}],"changedObstacles":[]},{"players":[{"playerId":2636282,"score":1909,"energy":4},{"playerId":2299591,"score":1409,"energy":31},{"playerId":3573,"score":1659,"energy":30},{"playerId":2415753,"score":1425,"energy":0}],"golds":[],"changedObstacles":[{"type":0,"posx":6,"posy":2,"value":-1}]}]