[{"players":[{"playerId":61319,"score":0,"energy":39,"posx":2,"posy":5,"lastAction":2,"status":0},{"playerId":277917,"score":0,"energy":49,"posx":3,"posy":6,"lastAction":1,"status":0},{"playerId":2248990,"score":0,"energy":41,"posx":2,"posy":5,"lastAction":2,"status":0},{"playerId":2233933,"score":0,"energy":49,"posx":3,"posy":6,"lastAction":1,"status":0}],"golds":[{"posx":10,"posy":5,"amount":300},{"posx":13,"posy":4,"amount":100},{"posx":7,"posy":0,"amount":300},{"posx":1,"posy":3,"amount":350},{"posx":10,"posy":8,"amount":700},{"posx":17,"posy":7,"amount":150},{"posx":8,"posy":5,"amount":600},{"posx":19,"posy":4,"amount":700},{"posx":4,"posy":8,"amount":750},{"posx":17,"posy":1,"amount":700},{"posx":10,"posy":6,"amount":750},{"posx":1,"posy":4,"amount":200},{"posx":12,"posy":2,"amount":550},{"posx":16,"posy":3,"amount":450},{"posx":2,"posy":4,"amount":250},{"posx":11,"posy":5,"amount":700},{"posx":12,"posy":1,"amount":100},{"posx":20,"posy":7,"amount":50},{"posx":3,"posy":4,"amount":350},{"posx":11,"posy":1,"amount":400}],"changedObstacles":[]},{"players":[{"playerId":61319,"score":0,"energy":35,"posx":2,"posy":4,"lastAction":2,"status":0},{"playerId":277917,"score":0,"energy":39,"posx":4,"posy":6,"lastAction":1,"status":0},{"playerId":2248990,"score":0,"energy":37,"posx":2,"posy":4,"lastAction":2,"status":0},{"playerId":2233933,"score":0,"energy":44,"posx":3,"posy":5,"lastAction":2,"status":0}],"golds":[{"posx":10,"posy":5,"amount":300},{"posx":13,"posy":4,"amount":100},{"posx":7,"posy":0,"amount":300},{"posx":1,"posy":3,"amount":350},{"posx":10,"posy":8,"amount":700},{"posx":17,"posy":7,"amount":150},{"posx":8,"posy":5,"amount":600},{"posx":19,"posy":4,"amount":700},{"posx":4,"posy":8,"amount":750},{"posx":17,"posy":1,"amount":700},{"posx":10,"posy":6,"amount":750},{"posx":1,"posy":4,"amount":200},{"posx":12,"posy":2,"amount":550},{"posx":16,"posy":3,"amount":450},{"posx":2,"posy":4,"amount":250},{"posx":11,"posy":5,"amount":700},{"posx":12,"posy":1,"amount":100},{"posx":20,"posy":7,"amount":50},{"posx":3,"posy":4,"amount":350},{"posx":11,"posy":1,"amount":400}],"changedObstacles":[{"type":3,"posx":3,"posy":5,"value":-20},{"type":0,"posx":4,"posy":6,"value":-1}]},{"players":[{"playerId":61319,"score":50,"energy":30,"posx":2,"posy":4,"lastAction":5,"status":0},{"playerId":277917,"score":0,"energy":25,"posx":5,"posy":6,"lastAction":1,"status":0},{"playerId":2248990,"score":50,"energy":32,"posx":2,"posy":4,"lastAction":5,"status":0},{"playerId":2233933,"score":0,"energy":43,"posx":4,"posy":5,"lastAction":1,"status":0}],"golds":[{"posx":7,"posy":0,"amount":300},{"posx":11,"posy":1,"amount":400},{"posx":12,"posy":1,"amount":100},{"posx":17,"posy":1,"amount":700},{"posx":12,"posy":2,"amount":550},{"posx":1,"posy":3,"amount":350},{"posx":16,"posy":3,"amount":450},{"posx":1,"posy":4,"amount":200},{"posx":2,"posy":4,"amount":150},{"posx":3,"posy":4,"amount":350},{"posx":13,"posy":4,"amount":100},{"posx":19,"posy":4,"amount":700},{"posx":8,"posy":5,"amount":600},{"posx":10,"posy":5,"amount":300},{"posx":11,"posy":5,"amount":700},{"posx":10,"posy":6,"amount":750},{"posx":17,"posy":7,"amount":150},{"posx":20,"posy":7,"amount":50},{"posx":4,"posy":8,"amount":750},{"posx":10,"posy":8,"amount":700}],"changedObstacles":[]},{"players":[{"playerId":61319,"score":100,"energy":25,"posx":2,"posy":4,"lastAction":5,"status":0},{"playerId":277917,"score":0,"energy":20,"posx":6,"posy":6,"lastAction":1,"status":0},{"playerId":2248990,"score":100,"energy":27,"posx":2,"posy":4,"lastAction":5,"status":0},{"playerId":2233933,"score":0,"energy":42,"posx":5,"posy":5,"lastAction":1,"status":0}],"golds":[{"posx":7,"posy":0,"amount":300},{"posx":11,"posy":1,"amount":400},{"posx":12,"posy":1,"amount":100},{"posx":17,"posy":1,"amount":700},{"posx":12,"posy":2,"amount":550},{"posx":1,"posy":3,"amount":350},{"posx":16,"posy":3,"amount":450},{"posx":1,"posy":4,"amount":200},{"posx":2,"posy":4,"amount":50},{"posx":3,"posy":4,"amount":350},{"posx":13,"posy":4,"amount":100},{"posx":19,"posy":4,"amount":700},{"posx":8,"posy":5,"amount":600},{"posx":10,"posy":5,"amount":300},{"posx":11,"posy":5,"amount":700},{"posx":10,"posy":6,"amount":750},{"posx":17,"posy":7,"amount":150},{"posx":20,"posy":7,"amount":50},{"posx":4,"posy":8,"amount":750},{"posx":10,"posy":8,"amount":700}],"changedObstacles":[{"type":3,"posx":6,"posy":6,"value":-20}]},{"players":[{"playerId":61319,"score":125,"energy":20,"posx":2,"posy":4,"lastAction":5,"status":0},{"playerId":277917,"score":0,"energy":15,"posx":7,"posy":6,"lastAction":1,"status":0},{"playerId":2248990,"score":125,"energy":22,"posx":2,"posy":4,"lastAction":5,"status":0},{"playerId":2233933,"score":0,"energy":32,"posx":6,"posy":5,"lastAction":1,"status":0}],"golds":[{"posx":7,"posy":0,"amount":300},{"posx":11,"posy":1,"amount":400},{"posx":12,"posy":1,"amount":100},{"posx":17,"posy":1,"amount":700},{"posx":12,"posy":2,"amount":550},{"posx":1,"posy":3,"amount":350},{"posx":16,"posy":3,"amount":450},{"posx":1,"posy":4,"amount":200},{"posx":3,"posy":4,"amount":350},{"posx":13,"posy":4,"amount":100},{"posx":19,"posy":4,"amount":700},{"posx":8,"posy":5,"amount":600},{"posx":10,"posy":5,"amount":300},{"posx":11,"posy":5,"amount":700},{"posx":10,"posy":6,"amount":750},{"posx":17,"posy":7,"amount":150},{"posx":20,"posy":7,"amount":50},{"posx":4,"posy":8,"amount":750},{"posx":10,"posy":8,"amount":700}],"changedObstacles":[{"type":0,"posx":6,"posy":5,"value":-1},{"type":3,"posx":7,"posy":6,"value":-20},{"type":0,"posx":2,"posy":4,"value":-1}]},{"players":[{"playerId":61319,"score":125,"energy":16,"posx":1,"posy":4,"lastAction":0,"status":0},{"playerId":277917,"score":0,"energy":10,"posx":8,"posy":6,"lastAction":1,"status":0},{"playerId":2248990,"score":125,"energy":18,"posx":3,"posy":4,"lastAction":1,"status":0},{"playerId":2233933,"score":0,"energy":31,"posx":7,"posy":5,"lastAction":1,"status":0}],"golds":[{"posx":7,"posy":0,"amount":300},{"posx":11,"posy":1,"amount":400},{"posx":12,"posy":1,"amount":100},{"posx":17,"posy":1,"amount":700},{"posx":12,"posy":2,"amount":550},{"posx":1,"posy":3,"amount":350},{"posx":16,"posy":3,"amount":450},{"posx":1,"posy":4,"amount":200},{"posx":3,"posy":4,"amount":350},{"posx":13,"posy":4,"amount":100},{"posx":19,"posy":4,"amount":700},{"posx":8,"posy":5,"amount":600},{"posx":10,"posy":5,"amount":300},{"posx":11,"posy":5,"amount":700},{"posx":10,"posy":6,"amount":750},{"posx":17,"posy":7,"amount":150},{"posx":20,"posy":7,"amount":50},{"posx":4,"posy":8,"amount":750},{"posx":10,"posy":8,"amount":700}],"changedObstacles":[{"type":3,"posx":8,"posy":6,"value":-20}]},{"players":[{"playerId":61319,"score":175,"energy":11,"posx":1,"posy":4,"lastAction":5,"status":0},{"playerId":277917,"score":0,"energy":5,"posx":9,"posy":6,"lastAction":1,"status":0},{"playerId":2248990,"score":175,"energy":13,"posx":3,"posy":4,"lastAction":5,"status":0},{"playerId":2233933,"score":0,"energy":27,"posx":8,"posy":5,"lastAction":1,"status":0}],"golds":[{"posx":7,"posy":0,"amount":300},{"posx":11,"posy":1,"amount":400},{"posx":12,"posy":1,"amount":100},{"posx":17,"posy":1,"amount":700},{"posx":12,"posy":2,"amount":550},{"posx":1,"posy":3,"amount":350},{"posx":16,"posy":3,"amount":450},{"posx":1,"posy":4,"amount":150},{"posx":3,"posy":4,"amount":300},{"posx":13,"posy":4,"amount":100},{"posx":19,"posy":4,"amount":700},{"posx":8,"posy":5,"amount":600},{"posx":10,"posy":5,"amount":300},{"posx":11,"posy":5,"amount":700},{"posx":10,"posy":6,"amount":750},{"posx":17,"posy":7,"amount":150},{"posx":20,"posy":7,"amount":50},{"posx":4,"posy":8,"amount":750},{"posx":10,"posy":8,"amount":700}],"changedObstacles":[{"type":3,"posx":9,"posy":6,"value":-20}]},{"players":[{"playerId":61319,"score":225,"energy":6,"posx":1,"posy":4,"lastAction":5,"status":0},{"playerId":277917,"score":0,"energy":1,"posx":10,"posy":6,"lastAction":1,"status":0},{"playerId":2248990,"score":175,"energy":25,"posx":3,"posy":4,"lastAction":4,"status":0},{"playerId":2233933,"score":50,"energy":22,"posx":8,"posy":5,"lastAction":5,"status":0}],"golds":[{"posx":7,"posy":0,"amount":300},{"posx":11,"posy":1,"amount":400},{"posx":12,"posy":1,"amount":100},{"posx":17,"posy":1,"amount":700},{"posx":12,"posy":2,"amount":550},{"posx":1,"posy":3,"amount":350},{"posx":16,"posy":3,"amount":450},{"posx":1,"posy":4,"amount":100},{"posx":3,"posy":4,"amount":300},{"posx":13,"posy":4,"amount":100},{"posx":19,"posy":4,"amount":700},{"posx":8,"posy":5,"amount":550},{"posx":10,"posy":5,"amount":300},{"posx":11,"posy":5,"amount":700},{"posx":10,"posy":6,"amount":750},{"posx":17,"posy":7,"amount":150},{"posx":20,"posy":7,"amount":50},{"posx":4,"posy":8,"amount":750},{"posx":10,"posy":8,"amount":700}],"changedObstacles":[]},{"players":[{"playerId":61319,"score":275,"energy":1,"posx":1,"posy":4,"lastAction":5,"status":0},{"playerId":277917,"score":0,"energy":13,"posx":10,"posy":6,"lastAction":4,"status":0},{"playerId":2248990,"score":225,"energy":20,"posx":3,"posy":4,"lastAction":5,"status":0},{"playerId":2233933,"score":100,"energy":17,"posx":8,"posy":5,"lastAction":5,"status":0}],"golds":[{"posx":7,"posy":0,"amount":300},{"posx":11,"posy":1,"amount":400},{"posx":12,"posy":1,"amount":100},{"posx":17,"posy":1,"amount":700},{"posx":12,"posy":2,"amount":550},{"posx":1,"posy":3,"amount":350},{"posx":16,"posy":3,"amount":450},{"posx":1,"posy":4,"amount":50},{"posx":3,"posy":4,"amount":250},{"posx":13,"posy":4,"amount":100},{"posx":19,"posy":4,"amount":700},{"posx":8,"posy":5,"amount":500},{"posx":10,"posy":5,"amount":300},{"posx":11,"posy":5,"amount":700},{"posx":10,"posy":6,"amount":750},{"posx":17,"posy":7,"amount":150},{"posx":20,"posy":7,"amount":50},{"posx":4,"posy":8,"amount":750},{"posx":10,"posy":8,"amount":700}],"changedObstacles":[]},{"players":[{"playerId":61319,"score":275,"energy":13,"posx":1,"posy":4,"lastAction":4,"status":0},{"playerId":277917,"score":0,"energy":29,"posx":10,"posy":6,"lastAction":4,"status":0},{"playerId":2248990,"score":275,"energy":15,"posx":3,"posy":4,"lastAction":5,"status":0},{"playerId":2233933,"score":150,"energy":12,"posx":8,"posy":5,"lastAction":5,"status":0}],"golds":[{"posx":7,"posy":0,"amount":300},{"posx":11,"posy":1,"amount":400},{"posx":12,"posy":1,"amount":100},{"posx":17,"posy":1,"amount":700},{"posx":12,"posy":2,"amount":550},{"posx":1,"posy":3,"amount":350},{"posx":16,"posy":3,"amount":450},{"posx":1,"posy":4,"amount":50},{"posx":3,"posy":4,"amount":200},{"posx":13,"posy":4,"amount":100},{"posx":19,"posy":4,"amount":700},{"posx":8,"posy":5,"amount":450},{"posx":10,"posy":5,"amount":300},{"posx":11,"posy":5,"amount":700},{"posx":10,"posy":6,"amount":750},{"posx":17,"posy":7,"amount":150},{"posx":20,"posy":7,"amount":50},{"posx":4,"posy":8,"amount":750},{"posx":10,"posy":8,"amount":700}],"changedObstacles":[]},{"players":[{"playerId":61319,"score":325,"energy":8,"posx":1,"posy":4,"lastAction":5,"status":0},{"playerId":277917,"score":0,"energy":50,"posx":10,"posy":6,"lastAction":4,"status":0},{"playerId":2248990,"score":325,"energy":10,"posx":3,"posy":4,"lastAction":5,"status":0},{"playerId":2233933,"score":200,"energy":7,"posx":8,"posy":5,"lastAction":5,"status":0}],"golds":[{"posx":7,"posy":0,"amount":300},{"posx":11,"posy":1,"amount":400},{"posx":12,"posy":1,"amount":100},{"posx":17,"posy":1,"amount":700},{"posx":12,"posy":2,"amount":550},{"posx":1,"posy":3,"amount":350},{"posx":16,"posy":3,"amount":450},{"posx":3,"posy":4,"amount":150},{"posx":13,"posy":4,"amount":100},{"posx":19,"posy":4,"amount":700},{"posx":8,"posy":5,"amount":400},{"posx":10,"posy":5,"amount":300},{"posx":11,"posy":5,"amount":700},{"posx":10,"posy":6,"amount":750},{"posx":17,"posy":7,"amount":150},{"posx":20,"posy":7,"amount":50},{"posx":4,"posy":8,"amount":750},{"posx":10,"posy":8,"amount":700}],"changedObstacles":[{"type":0,"posx":1,"posy":4,"value":-1}]},{"players":[{"playerId":61319,"score":325,"energy":4,"posx":1,"posy":3,"lastAction":2,"status":0},{"playerId":277917,"score":50,"energy":45,"posx":10,"posy":6,"lastAction":5,"status":0},{"playerId":2248990,"score":325,"energy":22,"posx":3,"posy":4,"lastAction":4,"status":0},{"playerId":2233933,"score":250,"energy":2,"posx":8,"posy":5,"lastAction":5,"status":0}],"golds":[{"posx":7,"posy":0,"amount":300},{"posx":11,"posy":1,"amount":400},{"posx":12,"posy":1,"amount":100},{"posx":17,"posy":1,"amount":700},{"posx":12,"posy":2,"amount":550},{"posx":1,"posy":3,"amount":350},{"posx":16,"posy":3,"amount":450},{"posx":3,"posy":4,"amount":150},{"posx":13,"posy":4,"amount":100},{"posx":19,"posy":4,"amount":700},{"posx":8,"posy":5,"amount":350},{"posx":10,"posy":5,"amount":300},{"posx":11,"posy":5,"amount":700},{"posx":10,"posy":6,"amount":700},{"posx":17,"posy":7,"amount":150},{"posx":20,"posy":7,"amount":50},{"posx":4,"posy":8,"amount":750},{"posx":10,"posy":8,"amount":700}],"changedObstacles":[]},{"players":[{"playerId":61319,"score":325,"energy":16,"posx":1,"posy":3,"lastAction":4,"status":0},{"playerId":277917,"score":100,"energy":40,"posx":10,"posy":6,"lastAction":5,"status":0},{"playerId":2248990,"score":375,"energy":17,"posx":3,"posy":4,"lastAction":5,"status":0},{"playerId":2233933,"score":250,"energy":14,"posx":8,"posy":5,"lastAction":4,"status":0}],"golds":[{"posx":7,"posy":0,"amount":300},{"posx":11,"posy":1,"amount":400},{"posx":12,"posy":1,"amount":100},{"posx":17,"posy":1,"amount":700},{"posx":12,"posy":2,"amount":550},{"posx":1,"posy":3,"amount":350},{"posx":16,"posy":3,"amount":450},{"posx":3,"posy":4,"amount":100},{"posx":13,"posy":4,"amount":100},{"posx":19,"posy":4,"amount":700},{"posx":8,"posy":5,"amount":350},{"posx":10,"posy":5,"amount":300},{"posx":11,"posy":5,"amount":700},{"posx":10,"posy":6,"amount":650},{"posx":17,"posy":7,"amount":150},{"posx":20,"posy":7,"amount":50},{"posx":4,"posy":8,"amount":750},{"posx":10,"posy":8,"amount":700}],"changedObstacles":[]},{"players":[{"playerId":61319,"score":325,"energy":32,"posx":1,"posy":3,"lastAction":4,"status":0},{"playerId":277917,"score":150,"energy":35,"posx":10,"posy":6,"lastAction":5,"status":0},{"playerId":2248990,"score":425,"energy":12,"posx":3,"posy":4,"lastAction":5,"status":0},{"playerId":2233933,"score":250,"energy":30,"posx":8,"posy":5,"lastAction":4,"status":0}],"golds":[{"posx":7,"posy":0,"amount":300},{"posx":11,"posy":1,"amount":400},{"posx":12,"posy":1,"amount":100},{"posx":17,"posy":1,"amount":700},{"posx":12,"posy":2,"amount":550},{"posx":1,"posy":3,"amount":350},{"posx":16,"posy":3,"amount":450},{"posx":3,"posy":4,"amount":50},{"posx":13,"posy":4,"amount":100},{"posx":19,"posy":4,"amount":700},{"posx":8,"posy":5,"amount":350},{"posx":10,"posy":5,"amount":300},{"posx":11,"posy":5,"amount":700},{"posx":10,"posy":6,"amount":600},{"posx":17,"posy":7,"amount":150},{"posx":20,"posy":7,"amount":50},{"posx":4,"posy":8,"amount":750},{"posx":10,"posy":8,"amount":700}],"changedObstacles":[]},{"players":[{"playerId":61319,"score":325,"energy":50,"posx":1,"posy":3,"lastAction":4,"status":0},{"playerId":277917,"score":200,"energy":30,"posx":10,"posy":6,"lastAction":5,"status":0},{"playerId":2248990,"score":425,"energy":24,"posx":3,"posy":4,"lastAction":4,"status":0},{"playerId":2233933,"score":250,"energy":50,"posx":8,"posy":5,"lastAction":4,"status":0}],"golds":[{"posx":7,"posy":0,"amount":300},{"posx":11,"posy":1,"amount":400},{"posx":12,"posy":1,"amount":100},{"posx":17,"posy":1,"amount":700},{"posx":12,"posy":2,"amount":550},{"posx":1,"posy":3,"amount":350},{"posx":16,"posy":3,"amount":450},{"posx":3,"posy":4,"amount":50},{"posx":13,"posy":4,"amount":100},{"posx":19,"posy":4,"amount":700},{"posx":8,"posy":5,"amount":350},{"posx":10,"posy":5,"amount":300},{"posx":11,"posy":5,"amount":700},{"posx":10,"posy":6,"amount":550},{"posx":17,"posy":7,"amount":150},{"posx":20,"posy":7,"amount":50},{"posx":4,"posy":8,"amount":750},{"posx":10,"posy":8,"amount":700}],"changedObstacles":[]},{"players":[{"playerId":61319,"score":375,"energy":45,"posx":1,"posy":3,"lastAction":5,"status":0},{"playerId":277917,"score":250,"energy":25,"posx":10,"posy":6,"lastAction":5,"status":0},{"playerId":2248990,"score":475,"energy":19,"posx":3,"posy":4,"lastAction":5,"status":0},{"playerId":2233933,"score":300,"energy":45,"posx":8,"posy":5,"lastAction":5,"status":0}],"golds":[{"posx":7,"posy":0,"amount":300},{"posx":11,"posy":1,"amount":400},{"posx":12,"posy":1,"amount":100},{"posx":17,"posy":1,"amount":700},{"posx":12,"posy":2,"amount":550},{"posx":1,"posy":3,"amount":300},{"posx":16,"posy":3,"amount":450},{"posx":13,"posy":4,"amount":100},{"posx":19,"posy":4,"amount":700},{"posx":8,"posy":5,"amount":300},{"posx":10,"posy":5,"amount":300},{"posx":11,"posy":5,"amount":700},{"posx":10,"posy":6,"amount":500},{"posx":17,"posy":7,"amount":150},{"posx":20,"posy":7,"amount":50},{"posx":4,"posy":8,"amount":750},{"posx":10,"posy":8,"amount":700}],"changedObstacles":[{"type":0,"posx":3,"posy":4,"value":-1}]},{"players":[{"playerId":61319,"score":425,"energy":40,"posx":1,"posy":3,"lastAction":5,"status":0},{"playerId":277917,"score":300,"energy":20,"posx":10,"posy":6,"lastAction":5,"status":0},{"playerId":2248990,"score":475,"energy":31,"posx":3,"posy":4,"lastAction":4,"status":0},{"playerId":2233933,"score":350,"energy":40,"posx":8,"posy":5,"lastAction":5,"status":0}],"golds":[{"posx":7,"posy":0,"amount":300},{"posx":11,"posy":1,"amount":400},{"posx":12,"posy":1,"amount":100},{"posx":17,"posy":1,"amount":700},{"posx":12,"posy":2,"amount":550},{"posx":1,"posy":3,"amount":250},{"posx":16,"posy":3,"amount":450},{"posx":13,"posy":4,"amount":100},{"posx":19,"posy":4,"amount":700},{"posx":8,"posy":5,"amount":250},{"posx":10,"posy":5,"amount":300},{"posx":11,"posy":5,"amount":700},{"posx":10,"posy":6,"amount":450},{"posx":17,"posy":7,"amount":150},{"posx":20,"posy":7,"amount":50},{"posx":4,"posy":8,"amount":750},{"posx":10,"posy":8,"amount":700}],"changedObstacles":[]},{"players":[{"playerId":61319,"score":475,"energy":35,"posx":1,"posy":3,"lastAction":5,"status":0},{"playerId":277917,"score":350,"energy":15,"posx":10,"posy":6,"lastAction":5,"status":0},{"playerId":2248990,"score":475,"energy":11,"posx":3,"posy":5,"lastAction":3,"status":0},{"playerId":2233933,"score":400,"energy":35,"posx":8,"posy":5,"lastAction":5,"status":0}],"golds":[{"posx":7,"posy":0,"amount":300},{"posx":11,"posy":1,"amount":400},{"posx":12,"posy":1,"amount":100},{"posx":17,"posy":1,"amount":700},{"posx":12,"posy":2,"amount":550},{"posx":1,"posy":3,"amount":200},{"posx":16,"posy":3,"amount":450},{"posx":13,"posy":4,"amount":100},{"posx":19,"posy":4,"amount":700},{"posx":8,"posy":5,"amount":200},{"posx":10,"posy":5,"amount":300},{"posx":11,"posy":5,"amount":700},{"posx":10,"posy":6,"amount":400},{"posx":17,"posy":7,"amount":150},{"posx":20,"posy":7,"amount":50},{"posx":4,"posy":8,"amount":750},{"posx":10,"posy":8,"amount":700}],"changedObstacles":[{"type":3,"posx":3,"posy":5,"value":-40}]},{"players":[{"playerId":61319,"score":525,"energy":30,"posx":1,"posy":3,"lastAction":5,"status":0},{"playerId":277917,"score":400,"energy":10,"posx":10,"posy":6,"lastAction":5,"status":0},{"playerId":2248990,"score":475,"energy":23,"posx":3,"posy":5,"lastAction":4,"status":0},{"playerId":2233933,"score":450,"energy":30,"posx":8,"posy":5,"lastAction":5,"status":0}],"golds":[{"posx":7,"posy":0,"amount":300},{"posx":11,"posy":1,"amount":400},{"posx":12,"posy":1,"amount":100},{"posx":17,"posy":1,"amount":700},{"posx":12,"posy":2,"amount":550},{"posx":1,"posy":3,"amount":150},{"posx":16,"posy":3,"amount":450},{"posx":13,"posy":4,"amount":100},{"posx":19,"posy":4,"amount":700},{"posx":8,"posy":5,"amount":150},{"posx":10,"posy":5,"amount":300},{"posx":11,"posy":5,"amount":700},{"posx":10,"posy":6,"amount":350},{"posx":17,"posy":7,"amount":150},{"posx":20,"posy":7,"amount":50},{"posx":4,"posy":8,"amount":750},{"posx":10,"posy":8,"amount":700}],"changedObstacles":[]},{"players":[{"playerId":61319,"score":575,"energy":25,"posx":1,"posy":3,"lastAction":5,"status":0},{"playerId":277917,"score":450,"energy":5,"posx":10,"posy":6,"lastAction":5,"status":0},{"playerId":2248990,"score":475,"energy":22,"posx":4,"posy":5,"lastAction":1,"status":0},{"playerId":2233933,"score":500,"energy":25,"posx":8,"posy":5,"lastAction":5,"status":0}],"golds":[{"posx":7,"posy":0,"amount":300},{"posx":11,"posy":1,"amount":400},{"posx":12,"posy":1,"amount":100},{"posx":17,"posy":1,"amount":700},{"posx":12,"posy":2,"amount":550},{"posx":1,"posy":3,"amount":100},{"posx":16,"posy":3,"amount":450},{"posx":13,"posy":4,"amount":100},{"posx":19,"posy":4,"amount":700},{"posx":8,"posy":5,"amount":100},{"posx":10,"posy":5,"amount":300},{"posx":11,"posy":5,"amount":700},{"posx":10,"posy":6,"amount":300},{"posx":17,"posy":7,"amount":150},{"posx":20,"posy":7,"amount":50},{"posx":4,"posy":8,"amount":750},{"posx":10,"posy":8,"amount":700}],"changedObstacles":[]},{"players":[{"playerId":61319,"score":625,"energy":20,"posx":1,"posy":3,"lastAction":5,"status":0},{"playerId":277917,"score":450,"energy":17,"posx":10,"posy":6,"lastAction":4,"status":0},{"playerId":2248990,"score":475,"energy":21,"posx":4,"posy":6,"lastAction":3,"status":0},{"playerId":2233933,"score":550,"energy":20,"posx":8,"posy":5,"lastAction":5,"status":0}],"golds":[{"posx":7,"posy":0,"amount":300},{"posx":11,"posy":1,"amount":400},{"posx":12,"posy":1,"amount":100},{"posx":17,"posy":1,"amount":700},{"posx":12,"posy":2,"amount":550},{"posx":1,"posy":3,"amount":50},{"posx":16,"posy":3,"amount":450},{"posx":13,"posy":4,"amount":100},{"posx":19,"posy":4,"amount":700},{"posx":8,"posy":5,"amount":50},{"posx":10,"posy":5,"amount":300},{"posx":11,"posy":5,"amount":700},{"posx":10,"posy":6,"amount":300},{"posx":17,"posy":7,"amount":150},{"posx":20,"posy":7,"amount":50},{"posx":4,"posy":8,"amount":750},{"posx":10,"posy":8,"amount":700}],"changedObstacles":[]},{"players":[{"playerId":61319,"score":675,"energy":15,"posx":1,"posy":3,"lastAction":5,"status":0},{"playerId":277917,"score":450,"energy":33,"posx":10,"posy":6,"lastAction":4,"status":0},{"playerId":2248990,"score":475,"energy":20,"posx":4,"posy":7,"lastAction":3,"status":0},{"playerId":2233933,"score":600,"energy":15,"posx":8,"posy":5,"lastAction":5,"status":0}],"golds":[{"posx":7,"posy":0,"amount":300},{"posx":11,"posy":1,"amount":400},{"posx":12,"posy":1,"amount":100},{"posx":17,"posy":1,"amount":700},{"posx":12,"posy":2,"amount":550},{"posx":16,"posy":3,"amount":450},{"posx":13,"posy":4,"amount":100},{"posx":19,"posy":4,"amount":700},{"posx":10,"posy":5,"amount":300},{"posx":11,"posy":5,"amount":700},{"posx":10,"posy":6,"amount":300},{"posx":17,"posy":7,"amount":150},{"posx":20,"posy":7,"amount":50},{"posx":4,"posy":8,"amount":750},{"posx":10,"posy":8,"amount":700}],"changedObstacles":[{"type":0,"posx":1,"posy":3,"value":-1},{"type":0,"posx":8,"posy":5,"value":-1}]},{"players":[{"playerId":61319,"score":675,"energy":14,"posx":1,"posy":4,"lastAction":3,"status":0},{"playerId":277917,"score":450,"energy":50,"posx":10,"posy":6,"lastAction":4,"status":0},{"playerId":2248990,"score":475,"energy":16,"posx":4,"posy":8,"lastAction":3,"status":0},{"playerId":2233933,"score":600,"energy":14,"posx":8,"posy":4,"lastAction":2,"status":0}],"golds":[{"posx":7,"posy":0,"amount":300},{"posx":11,"posy":1,"amount":400},{"posx":12,"posy":1,"amount":100},{"posx":17,"posy":1,"amount":700},{"posx":12,"posy":2,"amount":550},{"posx":16,"posy":3,"amount":450},{"posx":13,"posy":4,"amount":100},{"posx":19,"posy":4,"amount":700},{"posx":10,"posy":5,"amount":300},{"posx":11,"posy":5,"amount":700},{"posx":10,"posy":6,"amount":300},{"posx":17,"posy":7,"amount":150},{"posx":20,"posy":7,"amount":50},{"posx":4,"posy":8,"amount":750},{"posx":10,"posy":8,"amount":700}],"changedObstacles":[]},{"players":[{"playerId":61319,"score":675,"energy":13,"posx":2,"posy":4,"lastAction":1,"status":0},{"playerId":277917,"score":500,"energy":45,"posx":10,"posy":6,"lastAction":5,"status":0},{"playerId":2248990,"score":525,"energy":11,"posx":4,"posy":8,"lastAction":5,"status":0},{"playerId":2233933,"score":600,"energy":13,"posx":9,"posy":4,"lastAction":1,"status":0}],"golds":[{"posx":7,"posy":0,"amount":300},{"posx":11,"posy":1,"amount":400},{"posx":12,"posy":1,"amount":100},{"posx":17,"posy":1,"amount":700},{"posx":12,"posy":2,"amount":550},{"posx":16,"posy":3,"amount":450},{"posx":13,"posy":4,"amount":100},{"posx":19,"posy":4,"amount":700},{"posx":10,"posy":5,"amount":300},{"posx":11,"posy":5,"amount":700},{"posx":10,"posy":6,"amount":250},{"posx":17,"posy":7,"amount":150},{"posx":20,"posy":7,"amount":50},{"posx":4,"posy":8,"amount":700},{"posx":10,"posy":8,"amount":700}],"changedObstacles":[]},{"players":[{"playerId":61319,"score":675,"energy":12,"posx":3,"posy":4,"lastAction":1,"status":0},{"playerId":277917,"score":550,"energy":40,"posx":10,"posy":6,"lastAction":5,"status":0},{"playerId":2248990,"score":525,"energy":23,"posx":4,"posy":8,"lastAction":4,"status":0},{"playerId":2233933,"score":600,"energy":3,"posx":10,"posy":4,"lastAction":1,"status":0}],"golds":[{"posx":7,"posy":0,"amount":300},{"posx":11,"posy":1,"amount":400},{"posx":12,"posy":1,"amount":100},{"posx":17,"posy":1,"amount":700},{"posx":12,"posy":2,"amount":550},{"posx":16,"posy":3,"amount":450},{"posx":13,"posy":4,"amount":100},{"posx":19,"posy":4,"amount":700},{"posx":10,"posy":5,"amount":300},{"posx":11,"posy":5,"amount":700},{"posx":10,"posy":6,"amount":200},{"posx":17,"posy":7,"amount":150},{"posx":20,"posy":7,"amount":50},{"posx":4,"posy":8,"amount":700},{"posx":10,"posy":8,"amount":700}],"changedObstacles":[{"type":0,"posx":10,"posy":4,"value":-1}]},{"players":[{"playerId":61319,"score":675,"energy":24,"posx":3,"posy":4,"lastAction":4,"status":0},{"playerId":277917,"score":600,"energy":35,"posx":10,"posy":6,"lastAction":5,"status":0},{"playerId":2248990,"score":525,"energy":39,"posx":4,"posy":8,"lastAction":4,"status":0},{"playerId":2233933,"score":600,"energy":15,"posx":10,"posy":4,"lastAction":4,"status":0}],"golds":[{"posx":7,"posy":0,"amount":300},{"posx":11,"posy":1,"amount":400},{"posx":12,"posy":1,"amount":100},{"posx":17,"posy":1,"amount":700},{"posx":12,"posy":2,"amount":550},{"posx":16,"posy":3,"amount":450},{"posx":13,"posy":4,"amount":100},{"posx":19,"posy":4,"amount":700},{"posx":10,"posy":5,"amount":300},{"posx":11,"posy":5,"amount":700},{"posx":10,"posy":6,"amount":150},{"posx":17,"posy":7,"amount":150},{"posx":20,"posy":7,"amount":50},{"posx":4,"posy":8,"amount":700},{"posx":10,"posy":8,"amount":700}],"changedObstacles":[]},{"players":[{"playerId":61319,"score":675,"energy":5,"posx":4,"posy":4,"lastAction":1,"status":0},{"playerId":277917,"score":650,"energy":30,"posx":10,"posy":6,"lastAction":5,"status":0},{"playerId":2248990,"score":575,"energy":34,"posx":4,"posy":8,"lastAction":5,"status":0},{"playerId":2233933,"score":600,"energy":31,"posx":10,"posy":4,"lastAction":4,"status":0}],"golds":[{"posx":7,"posy":0,"amount":300},{"posx":11,"posy":1,"amount":400},{"posx":12,"posy":1,"amount":100},{"posx":17,"posy":1,"amount":700},{"posx":12,"posy":2,"amount":550},{"posx":16,"posy":3,"amount":450},{"posx":13,"posy":4,"amount":100},{"posx":19,"posy":4,"amount":700},{"posx":10,"posy":5,"amount":300},{"posx":11,"posy":5,"amount":700},{"posx":10,"posy":6,"amount":100},{"posx":17,"posy":7,"amount":150},{"posx":20,"posy":7,"amount":50},{"posx":4,"posy":8,"amount":650},{"posx":10,"posy":8,"amount":700}],"changedObstacles":[]},{"players":[{"playerId":61319,"score":675,"energy":4,"posx":4,"posy":3,"lastAction":2,"status":0},{"playerId":277917,"score":700,"energy":25,"posx":10,"posy":6,"lastAction":5,"status":0},{"playerId":2248990,"score":625,"energy":29,"posx":4,"posy":8,"lastAction":5,"status":0},{"playerId":2233933,"score":600,"energy":50,"posx":10,"posy":4,"lastAction":4,"status":0}],"golds":[{"posx":7,"posy":0,"amount":300},{"posx":11,"posy":1,"amount":400},{"posx":12,"posy":1,"amount":100},{"posx":17,"posy":1,"amount":700},{"posx":12,"posy":2,"amount":550},{"posx":16,"posy":3,"amount":450},{"posx":13,"posy":4,"amount":100},{"posx":19,"posy":4,"amount":700},{"posx":10,"posy":5,"amount":300},{"posx":11,"posy":5,"amount":700},{"posx":10,"posy":6,"amount":50},{"posx":17,"posy":7,"amount":150},{"posx":20,"posy":7,"amount":50},{"posx":4,"posy":8,"amount":600},{"posx":10,"posy":8,"amount":700}],"changedObstacles":[]},{"players":[{"playerId":61319,"score":675,"energy":3,"posx":5,"posy":3,"lastAction":1,"status":0},{"playerId":277917,"score":750,"energy":20,"posx":10,"posy":6,"lastAction":5,"status":0},{"playerId":2248990,"score":675,"energy":24,"posx":4,"posy":8,"lastAction":5,"status":0},{"playerId":2233933,"score":600,"energy":49,"posx":11,"posy":4,"lastAction":1,"status":0}],"golds":[{"posx":7,"posy":0,"amount":300},{"posx":11,"posy":1,"amount":400},{"posx":12,"posy":1,"amount":100},{"posx":17,"posy":1,"amount":700},{"posx":12,"posy":2,"amount":550},{"posx":16,"posy":3,"amount":450},{"posx":13,"posy":4,"amount":100},{"posx":19,"posy":4,"amount":700},{"posx":10,"posy":5,"amount":300},{"posx":11,"posy":5,"amount":700},{"posx":17,"posy":7,"amount":150},{"posx":20,"posy":7,"amount":50},{"posx":4,"posy":8,"amount":550},{"posx":10,"posy":8,"amount":700}],"changedObstacles":[{"type":0,"posx":10,"posy":6,"value":-1}]},{"players":[{"playerId":61319,"score":675,"energy":15,"posx":5,"posy":3,"lastAction":4,"status":0},{"playerId":277917,"score":750,"energy":16,"posx":10,"posy":5,"lastAction":2,"status":0},{"playerId":2248990,"score":675,"energy":36,"posx":4,"posy":8,"lastAction":4,"status":0},{"playerId":2233933,"score":600,"energy":32,"posx":12,"posy":4,"lastAction":1,"status":0}],"golds":[{"posx":7,"posy":0,"amount":300},{"posx":11,"posy":1,"amount":400},{"posx":12,"posy":1,"amount":100},{"posx":17,"posy":1,"amount":700},{"posx":12,"posy":2,"amount":550},{"posx":16,"posy":3,"amount":450},{"posx":13,"posy":4,"amount":100},{"posx":19,"posy":4,"amount":700},{"posx":10,"posy":5,"amount":300},{"posx":11,"posy":5,"amount":700},{"posx":17,"posy":7,"amount":150},{"posx":20,"posy":7,"amount":50},{"posx":4,"posy":8,"amount":550},{"posx":10,"posy":8,"amount":700}],"changedObstacles":[]},{"players":[{"playerId":61319,"score":675,"energy":31,"posx":5,"posy":3,"lastAction":4,"status":0},{"playerId":277917,"score":800,"energy":11,"posx":10,"posy":5,"lastAction":5,"status":0},{"playerId":2248990,"score":725,"energy":31,"posx":4,"posy":8,"lastAction":5,"status":0},{"playerId":2233933,"score":600,"energy":28,"posx":13,"posy":4,"lastAction":1,"status":0}],"golds":[{"posx":7,"posy":0,"amount":300},{"posx":11,"posy":1,"amount":400},{"posx":12,"posy":1,"amount":100},{"posx":17,"posy":1,"amount":700},{"posx":12,"posy":2,"amount":550},{"posx":16,"posy":3,"amount":450},{"posx":13,"posy":4,"amount":100},{"posx":19,"posy":4,"amount":700},{"posx":10,"posy":5,"amount":250},{"posx":11,"posy":5,"amount":700},{"posx":17,"posy":7,"amount":150},{"posx":20,"posy":7,"amount":50},{"posx":4,"posy":8,"amount":500},{"posx":10,"posy":8,"amount":700}],"changedObstacles":[]},{"players":[{"playerId":61319,"score":675,"energy":26,"posx":6,"posy":3,"lastAction":1,"status":0},{"playerId":277917,"score":850,"energy":6,"posx":10,"posy":5,"lastAction":5,"status":0},{"playerId":2248990,"score":775,"energy":26,"posx":4,"posy":8,"lastAction":5,"status":0},{"playerId":2233933,"score":650,"energy":23,"posx":13,"posy":4,"lastAction":5,"status":0}],"golds":[{"posx":7,"posy":0,"amount":300},{"posx":11,"posy":1,"amount":400},{"posx":12,"posy":1,"amount":100},{"posx":17,"posy":1,"amount":700},{"posx":12,"posy":2,"amount":550},{"posx":16,"posy":3,"amount":450},{"posx":13,"posy":4,"amount":50},{"posx":19,"posy":4,"amount":700},{"posx":10,"posy":5,"amount":200},{"posx":11,"posy":5,"amount":700},{"posx":17,"posy":7,"amount":150},{"posx":20,"posy":7,"amount":50},{"posx":4,"posy":8,"amount":450},{"posx":10,"posy":8,"amount":700}],"changedObstacles":[{"type":3,"posx":6,"posy":3,"value":-20}]},{"players":[{"playerId":61319,"score":675,"energy":25,"posx":7,"posy":3,"lastAction":1,"status":0},{"playerId":277917,"score":900,"energy":1,"posx":10,"posy":5,"lastAction":5,"status":0},{"playerId":2248990,"score":825,"energy":21,"posx":4,"posy":8,"lastAction":5,"status":0},{"playerId":2233933,"score":700,"energy":18,"posx":13,"posy":4,"lastAction":5,"status":0}],"golds":[{"posx":7,"posy":0,"amount":300},{"posx":11,"posy":1,"amount":400},{"posx":12,"posy":1,"amount":100},{"posx":17,"posy":1,"amount":700},{"posx":12,"posy":2,"amount":550},{"posx":16,"posy":3,"amount":450},{"posx":19,"posy":4,"amount":700},{"posx":10,"posy":5,"amount":150},{"posx":11,"posy":5,"amount":700},{"posx":17,"posy":7,"amount":150},{"posx":20,"posy":7,"amount":50},{"posx":4,"posy":8,"amount":400},{"posx":10,"posy":8,"amount":700}],"changedObstacles":[{"type":0,"posx":13,"posy":4,"value":-1}]},{"players":[{"playerId":61319,"score":675,"energy":20,"posx":8,"posy":3,"lastAction":1,"status":0},{"playerId":277917,"score":900,"energy":13,"posx":10,"posy":5,"lastAction":4,"status":0},{"playerId":2248990,"score":875,"energy":16,"posx":4,"posy":8,"lastAction":5,"status":0},{"playerId":2233933,"score":700,"energy":17,"posx":13,"posy":3,"lastAction":2,"status":0}],"golds":[{"posx":7,"posy":0,"amount":300},{"posx":11,"posy":1,"amount":400},{"posx":12,"posy":1,"amount":100},{"posx":17,"posy":1,"amount":700},{"posx":12,"posy":2,"amount":550},{"posx":16,"posy":3,"amount":450},{"posx":19,"posy":4,"amount":700},{"posx":10,"posy":5,"amount":150},{"posx":11,"posy":5,"amount":700},{"posx":17,"posy":7,"amount":150},{"posx":20,"posy":7,"amount":50},{"posx":4,"posy":8,"amount":350},{"posx":10,"posy":8,"amount":700}],"changedObstacles":[{"type":3,"posx":8,"posy":3,"value":-20}]},{"players":[{"playerId":61319,"score":675,"energy":19,"posx":8,"posy":2,"lastAction":2,"status":0},{"playerId":277917,"score":900,"energy":29,"posx":10,"posy":5,"lastAction":4,"status":0},{"playerId":2248990,"score":925,"energy":11,"posx":4,"posy":8,"lastAction":5,"status":0},{"playerId":2233933,"score":700,"energy":16,"posx":14,"posy":3,"lastAction":1,"status":0}],"golds":[{"posx":7,"posy":0,"amount":300},{"posx":11,"posy":1,"amount":400},{"posx":12,"posy":1,"amount":100},{"posx":17,"posy":1,"amount":700},{"posx":12,"posy":2,"amount":550},{"posx":16,"posy":3,"amount":450},{"posx":19,"posy":4,"amount":700},{"posx":10,"posy":5,"amount":150},{"posx":11,"posy":5,"amount":700},{"posx":17,"posy":7,"amount":150},{"posx":20,"posy":7,"amount":50},{"posx":4,"posy":8,"amount":300},{"posx":10,"posy":8,"amount":700}],"changedObstacles":[]},{"players":[{"playerId":61319,"score":675,"energy":14,"posx":8,"posy":1,"lastAction":2,"status":0},{"playerId":277917,"score":900,"energy":50,"posx":10,"posy":5,"lastAction":4,"status":0},{"playerId":2248990,"score":925,"energy":23,"posx":4,"posy":8,"lastAction":4,"status":0},{"playerId":2233933,"score":700,"energy":28,"posx":14,"posy":3,"lastAction":4,"status":0}],"golds":[{"posx":7,"posy":0,"amount":300},{"posx":11,"posy":1,"amount":400},{"posx":12,"posy":1,"amount":100},{"posx":17,"posy":1,"amount":700},{"posx":12,"posy":2,"amount":550},{"posx":16,"posy":3,"amount":450},{"posx":19,"posy":4,"amount":700},{"posx":10,"posy":5,"amount":150},{"posx":11,"posy":5,"amount":700},{"posx":17,"posy":7,"amount":150},{"posx":20,"posy":7,"amount":50},{"posx":4,"posy":8,"amount":300},{"posx":10,"posy":8,"amount":700}],"changedObstacles":[{"type":3,"posx":8,"posy":1,"value":-20}]},{"players":[{"playerId":61319,"score":675,"energy":13,"posx":9,"posy":1,"lastAction":1,"status":0},{"playerId":277917,"score":950,"energy":45,"posx":10,"posy":5,"lastAction":5,"status":0},{"playerId":2248990,"score":975,"energy":18,"posx":4,"posy":8,"lastAction":5,"status":0},{"playerId":2233933,"score":700,"energy":10,"posx":15,"posy":3,"lastAction":1,"status":0}],"golds":[{"posx":7,"posy":0,"amount":300},{"posx":11,"posy":1,"amount":400},{"posx":12,"posy":1,"amount":100},{"posx":17,"posy":1,"amount":700},{"posx":12,"posy":2,"amount":550},{"posx":16,"posy":3,"amount":450},{"posx":19,"posy":4,"amount":700},{"posx":10,"posy":5,"amount":100},{"posx":11,"posy":5,"amount":700},{"posx":17,"posy":7,"amount":150},{"posx":20,"posy":7,"amount":50},{"posx":4,"posy":8,"amount":250},{"posx":10,"posy":8,"amount":700}],"changedObstacles":[]},{"players":[{"playerId":61319,"score":675,"energy":8,"posx":10,"posy":1,"lastAction":1,"status":0},{"playerId":277917,"score":1000,"energy":40,"posx":10,"posy":5,"lastAction":5,"status":0},{"playerId":2248990,"score":1025,"energy":13,"posx":4,"posy":8,"lastAction":5,"status":0},{"playerId":2233933,"score":700,"energy":6,"posx":16,"posy":3,"lastAction":1,"status":0}],"golds":[{"posx":7,"posy":0,"amount":300},{"posx":11,"posy":1,"amount":400},{"posx":12,"posy":1,"amount":100},{"posx":17,"posy":1,"amount":700},{"posx":12,"posy":2,"amount":550},{"posx":16,"posy":3,"amount":450},{"posx":19,"posy":4,"amount":700},{"posx":10,"posy":5,"amount":50},{"posx":11,"posy":5,"amount":700},{"posx":17,"posy":7,"amount":150},{"posx":20,"posy":7,"amount":50},{"posx":4,"posy":8,"amount":200},{"posx":10,"posy":8,"amount":700}],"changedObstacles":[{"type":3,"posx":10,"posy":1,"value":-20}]},{"players":[{"playerId":61319,"score":675,"energy":4,"posx":11,"posy":1,"lastAction":1,"status":0},{"playerId":277917,"score":1050,"energy":35,"posx":10,"posy":5,"lastAction":5,"status":0},{"playerId":2248990,"score":1075,"energy":8,"posx":4,"posy":8,"lastAction":5,"status":0},{"playerId":2233933,"score":750,"energy":1,"posx":16,"posy":3,"lastAction":5,"status":0}],"golds":[{"posx":7,"posy":0,"amount":300},{"posx":11,"posy":1,"amount":400},{"posx":12,"posy":1,"amount":100},{"posx":17,"posy":1,"amount":700},{"posx":12,"posy":2,"amount":550},{"posx":16,"posy":3,"amount":400},{"posx":19,"posy":4,"amount":700},{"posx":11,"posy":5,"amount":700},{"posx":17,"posy":7,"amount":150},{"posx":20,"posy":7,"amount":50},{"posx":4,"posy":8,"amount":150},{"posx":10,"posy":8,"amount":700}],"changedObstacles":[{"type":0,"posx":10,"posy":5,"value":-1}]},{"players":[{"playerId":61319,"score":675,"energy":16,"posx":11,"posy":1,"lastAction":4,"status":0},{"playerId":277917,"score":1050,"energy":31,"posx":11,"posy":5,"lastAction":1,"status":0},{"playerId":2248990,"score":1075,"energy":20,"posx":4,"posy":8,"lastAction":4,"status":0},{"playerId":2233933,"score":750,"energy":13,"posx":16,"posy":3,"lastAction":4,"status":0}],"golds":[{"posx":7,"posy":0,"amount":300},{"posx":11,"posy":1,"amount":400},{"posx":12,"posy":1,"amount":100},{"posx":17,"posy":1,"amount":700},{"posx":12,"posy":2,"amount":550},{"posx":16,"posy":3,"amount":400},{"posx":19,"posy":4,"amount":700},{"posx":11,"posy":5,"amount":700},{"posx":17,"posy":7,"amount":150},{"posx":20,"posy":7,"amount":50},{"posx":4,"posy":8,"amount":150},{"posx":10,"posy":8,"amount":700}],"changedObstacles":[]},{"players":[{"playerId":61319,"score":675,"energy":32,"posx":11,"posy":1,"lastAction":4,"status":0},{"playerId":277917,"score":1100,"energy":26,"posx":11,"posy":5,"lastAction":5,"status":0},{"playerId":2248990,"score":1125,"energy":15,"posx":4,"posy":8,"lastAction":5,"status":0},{"playerId":2233933,"score":750,"energy":29,"posx":16,"posy":3,"lastAction":4,"status":0}],"golds":[{"posx":7,"posy":0,"amount":300},{"posx":11,"posy":1,"amount":400},{"posx":12,"posy":1,"amount":100},{"posx":17,"posy":1,"amount":700},{"posx":12,"posy":2,"amount":550},{"posx":16,"posy":3,"amount":400},{"posx":19,"posy":4,"amount":700},{"posx":11,"posy":5,"amount":650},{"posx":17,"posy":7,"amount":150},{"posx":20,"posy":7,"amount":50},{"posx":4,"posy":8,"amount":100},{"posx":10,"posy":8,"amount":700}],"changedObstacles":[]},{"players":[{"playerId":61319,"score":675,"energy":50,"posx":11,"posy":1,"lastAction":4,"status":0},{"playerId":277917,"score":1150,"energy":21,"posx":11,"posy":5,"lastAction":5,"status":0},{"playerId":2248990,"score":1175,"energy":10,"posx":4,"posy":8,"lastAction":5,"status":0},{"playerId":2233933,"score":750,"energy":50,"posx":16,"posy":3,"lastAction":4,"status":0}],"golds":[{"posx":7,"posy":0,"amount":300},{"posx":11,"posy":1,"amount":400},{"posx":12,"posy":1,"amount":100},{"posx":17,"posy":1,"amount":700},{"posx":12,"posy":2,"amount":550},{"posx":16,"posy":3,"amount":400},{"posx":19,"posy":4,"amount":700},{"posx":11,"posy":5,"amount":600},{"posx":17,"posy":7,"amount":150},{"posx":20,"posy":7,"amount":50},{"posx":4,"posy":8,"amount":50},{"posx":10,"posy":8,"amount":700}],"changedObstacles":[]},{"players":[{"playerId":61319,"score":725,"energy":45,"posx":11,"posy":1,"lastAction":5,"status":0},{"playerId":277917,"score":1200,"energy":16,"posx":11,"posy":5,"lastAction":5,"status":0},{"playerId":2248990,"score":1175,"energy":22,"posx":4,"posy":8,"lastAction":4,"status":0},{"playerId":2233933,"score":800,"energy":45,"posx":16,"posy":3,"lastAction":5,"status":0}],"golds":[{"posx":7,"posy":0,"amount":300},{"posx":11,"posy":1,"amount":350},{"posx":12,"posy":1,"amount":100},{"posx":17,"posy":1,"amount":700},{"posx":12,"posy":2,"amount":550},{"posx":16,"posy":3,"amount":350},{"posx":19,"posy":4,"amount":700},{"posx":11,"posy":5,"amount":550},{"posx":17,"posy":7,"amount":150},{"posx":20,"posy":7,"amount":50},{"posx":4,"posy":8,"amount":50},{"posx":10,"posy":8,"amount":700}],"changedObstacles":[]},{"players":[{"playerId":61319,"score":775,"energy":40,"posx":11,"posy":1,"lastAction":5,"status":0},{"playerId":277917,"score":1250,"energy":11,"posx":11,"posy":5,"lastAction":5,"status":0},{"playerId":2248990,"score":1225,"energy":17,"posx":4,"posy":8,"lastAction":5,"status":0},{"playerId":2233933,"score":850,"energy":40,"posx":16,"posy":3,"lastAction":5,"status":0}],"golds":[{"posx":7,"posy":0,"amount":300},{"posx":11,"posy":1,"amount":300},{"posx":12,"posy":1,"amount":100},{"posx":17,"posy":1,"amount":700},{"posx":12,"posy":2,"amount":550},{"posx":16,"posy":3,"amount":300},{"posx":19,"posy":4,"amount":700},{"posx":11,"posy":5,"amount":500},{"posx":17,"posy":7,"amount":150},{"posx":20,"posy":7,"amount":50},{"posx":10,"posy":8,"amount":700}],"changedObstacles":[{"type":0,"posx":4,"posy":8,"value":-1}]},{"players":[{"playerId":61319,"score":825,"energy":35,"posx":11,"posy":1,"lastAction":5,"status":0},{"playerId":277917,"score":1300,"energy":6,"posx":11,"posy":5,"lastAction":5,"status":0},{"playerId":2248990,"score":1225,"energy":29,"posx":4,"posy":8,"lastAction":4,"status":0},{"playerId":2233933,"score":900,"energy":35,"posx":16,"posy":3,"lastAction":5,"status":0}],"golds":[{"posx":7,"posy":0,"amount":300},{"posx":11,"posy":1,"amount":250},{"posx":12,"posy":1,"amount":100},{"posx":17,"posy":1,"amount":700},{"posx":12,"posy":2,"amount":550},{"posx":16,"posy":3,"amount":250},{"posx":19,"posy":4,"amount":700},{"posx":11,"posy":5,"amount":450},{"posx":17,"posy":7,"amount":150},{"posx":20,"posy":7,"amount":50},{"posx":10,"posy":8,"amount":700}],"changedObstacles":[]},{"players":[{"playerId":61319,"score":875,"energy":30,"posx":11,"posy":1,"lastAction":5,"status":0},{"playerId":277917,"score":1350,"energy":1,"posx":11,"posy":5,"lastAction":5,"status":0},{"playerId":2248990,"score":1225,"energy":19,"posx":5,"posy":8,"lastAction":1,"status":0},{"playerId":2233933,"score":950,"energy":30,"posx":16,"posy":3,"lastAction":5,"status":0}],"golds":[{"posx":7,"posy":0,"amount":300},{"posx":11,"posy":1,"amount":200},{"posx":12,"posy":1,"amount":100},{"posx":17,"posy":1,"amount":700},{"posx":12,"posy":2,"amount":550},{"posx":16,"posy":3,"amount":200},{"posx":19,"posy":4,"amount":700},{"posx":11,"posy":5,"amount":400},{"posx":17,"posy":7,"amount":150},{"posx":20,"posy":7,"amount":50},{"posx":10,"posy":8,"amount":700}],"changedObstacles":[{"type":0,"posx":5,"posy":8,"value":-1}]},{"players":[{"playerId":61319,"score":925,"energy":25,"posx":11,"posy":1,"lastAction":5,"status":0},{"playerId":277917,"score":1350,"energy":13,"posx":11,"posy":5,"lastAction":4,"status":0},{"playerId":2248990,"score":1225,"energy":31,"posx":5,"posy":8,"lastAction":4,"status":0},{"playerId":2233933,"score":1000,"energy":25,"posx":16,"posy":3,"lastAction":5,"status":0}],"golds":[{"posx":7,"posy":0,"amount":300},{"posx":11,"posy":1,"amount":150},{"posx":12,"posy":1,"amount":100},{"posx":17,"posy":1,"amount":700},{"posx":12,"posy":2,"amount":550},{"posx":16,"posy":3,"amount":150},{"posx":19,"posy":4,"amount":700},{"posx":11,"posy":5,"amount":400},{"posx":17,"posy":7,"amount":150},{"posx":20,"posy":7,"amount":50},{"posx":10,"posy":8,"amount":700}],"changedObstacles":[]},{"players":[{"playerId":61319,"score":975,"energy":20,"posx":11,"posy":1,"lastAction":5,"status":0},{"playerId":277917,"score":1350,"energy":29,"posx":11,"posy":5,"lastAction":4,"status":0},{"playerId":2248990,"score":1225,"energy":30,"posx":6,"posy":8,"lastAction":1,"status":0},{"playerId":2233933,"score":1050,"energy":20,"posx":16,"posy":3,"lastAction":5,"status":0}],"golds":[{"posx":7,"posy":0,"amount":300},{"posx":11,"posy":1,"amount":100},{"posx":12,"posy":1,"amount":100},{"posx":17,"posy":1,"amount":700},{"posx":12,"posy":2,"amount":550},{"posx":16,"posy":3,"amount":100},{"posx":19,"posy":4,"amount":700},{"posx":11,"posy":5,"amount":400},{"posx":17,"posy":7,"amount":150},{"posx":20,"posy":7,"amount":50},{"posx":10,"posy":8,"amount":700}],"changedObstacles":[]},{"players":[{"playerId":61319,"score":1025,"energy":15,"posx":11,"posy":1,"lastAction":5,"status":0},{"playerId":277917,"score":1350,"energy":50,"posx":11,"posy":5,"lastAction":4,"status":0},{"playerId":2248990,"score":1225,"energy":29,"posx":7,"posy":8,"lastAction":1,"status":0},{"playerId":2233933,"score":1100,"energy":15,"posx":16,"posy":3,"lastAction":5,"status":0}],"golds":[{"posx":7,"posy":0,"amount":300},{"posx":11,"posy":1,"amount":50},{"posx":12,"posy":1,"amount":100},{"posx":17,"posy":1,"amount":700},{"posx":12,"posy":2,"amount":550},{"posx":16,"posy":3,"amount":50},{"posx":19,"posy":4,"amount":700},{"posx":11,"posy":5,"amount":400},{"posx":17,"posy":7,"amount":150},{"posx":20,"posy":7,"amount":50},{"posx":10,"posy":8,"amount":700}],"changedObstacles":[]},{"players":[{"playerId":61319,"score":1075,"energy":10,"posx":11,"posy":1,"lastAction":5,"status":0},{"playerId":277917,"score":1400,"energy":45,"posx":11,"posy":5,"lastAction":5,"status":0},{"playerId":2248990,"score":1225,"energy":19,"posx":8,"posy":8,"lastAction":1,"status":0},{"playerId":2233933,"score":1150,"energy":10,"posx":16,"posy":3,"lastAction":5,"status":0}],"golds":[{"posx":7,"posy":0,"amount":300},{"posx":12,"posy":1,"amount":100},{"posx":17,"posy":1,"amount":700},{"posx":12,"posy":2,"amount":550},{"posx":19,"posy":4,"amount":700},{"posx":11,"posy":5,"amount":350},{"posx":17,"posy":7,"amount":150},{"posx":20,"posy":7,"amount":50},{"posx":10,"posy":8,"amount":700}],"changedObstacles":[{"type":0,"posx":8,"posy":8,"value":-1},{"type":0,"posx":11,"posy":1,"value":-1},{"type":0,"posx":16,"posy":3,"value":-1}]},{"players":[{"playerId":61319,"score":1075,"energy":6,"posx":12,"posy":1,"lastAction":1,"status":0},{"playerId":277917,"score":1450,"energy":40,"posx":11,"posy":5,"lastAction":5,"status":0},{"playerId":2248990,"score":1225,"energy":31,"posx":8,"posy":8,"lastAction":4,"status":0},{"playerId":2233933,"score":1150,"energy":9,"posx":17,"posy":3,"lastAction":1,"status":0}],"golds":[{"posx":7,"posy":0,"amount":300},{"posx":12,"posy":1,"amount":100},{"posx":17,"posy":1,"amount":700},{"posx":12,"posy":2,"amount":550},{"posx":19,"posy":4,"amount":700},{"posx":11,"posy":5,"amount":300},{"posx":17,"posy":7,"amount":150},{"posx":20,"posy":7,"amount":50},{"posx":10,"posy":8,"amount":700}],"changedObstacles":[]},{"players":[{"playerId":61319,"score":1125,"energy":1,"posx":12,"posy":1,"lastAction":5,"status":0},{"playerId":277917,"score":1500,"energy":35,"posx":11,"posy":5,"lastAction":5,"status":0},{"playerId":2248990,"score":1225,"energy":30,"posx":9,"posy":8,"lastAction":1,"status":0},{"playerId":2233933,"score":1150,"energy":8,"posx":17,"posy":2,"lastAction":2,"status":0}],"golds":[{"posx":7,"posy":0,"amount":300},{"posx":12,"posy":1,"amount":50},{"posx":17,"posy":1,"amount":700},{"posx":12,"posy":2,"amount":550},{"posx":19,"posy":4,"amount":700},{"posx":11,"posy":5,"amount":250},{"posx":17,"posy":7,"amount":150},{"posx":20,"posy":7,"amount":50},{"posx":10,"posy":8,"amount":700}],"changedObstacles":[]},{"players":[{"playerId":61319,"score":1125,"energy":13,"posx":12,"posy":1,"lastAction":4,"status":0},{"playerId":277917,"score":1550,"energy":30,"posx":11,"posy":5,"lastAction":5,"status":0},{"playerId":2248990,"score":1225,"energy":26,"posx":10,"posy":8,"lastAction":1,"status":0},{"playerId":2233933,"score":1150,"energy":4,"posx":17,"posy":1,"lastAction":2,"status":0}],"golds":[{"posx":7,"posy":0,"amount":300},{"posx":12,"posy":1,"amount":50},{"posx":17,"posy":1,"amount":700},{"posx":12,"posy":2,"amount":550},{"posx":19,"posy":4,"amount":700},{"posx":11,"posy":5,"amount":200},{"posx":17,"posy":7,"amount":150},{"posx":20,"posy":7,"amount":50},{"posx":10,"posy":8,"amount":700}],"changedObstacles":[]},{"players":[{"playerId":61319,"score":1175,"energy":8,"posx":12,"posy":1,"lastAction":5,"status":0},{"playerId":277917,"score":1600,"energy":25,"posx":11,"posy":5,"lastAction":5,"status":0},{"playerId":2248990,"score":1275,"energy":21,"posx":10,"posy":8,"lastAction":5,"status":0},{"playerId":2233933,"score":1150,"energy":16,"posx":17,"posy":1,"lastAction":4,"status":0}],"golds":[{"posx":7,"posy":0,"amount":300},{"posx":17,"posy":1,"amount":700},{"posx":12,"posy":2,"amount":550},{"posx":19,"posy":4,"amount":700},{"posx":11,"posy":5,"amount":150},{"posx":17,"posy":7,"amount":150},{"posx":20,"posy":7,"amount":50},{"posx":10,"posy":8,"amount":650}],"changedObstacles":[{"type":0,"posx":12,"posy":1,"value":-1}]},{"players":[{"playerId":61319,"score":1175,"energy":4,"posx":12,"posy":2,"lastAction":3,"status":0},{"playerId":277917,"score":1650,"energy":20,"posx":11,"posy":5,"lastAction":5,"status":0},{"playerId":2248990,"score":1325,"energy":16,"posx":10,"posy":8,"lastAction":5,"status":0},{"playerId":2233933,"score":1150,"energy":32,"posx":17,"posy":1,"lastAction":4,"status":0}],"golds":[{"posx":7,"posy":0,"amount":300},{"posx":17,"posy":1,"amount":700},{"posx":12,"posy":2,"amount":550},{"posx":19,"posy":4,"amount":700},{"posx":11,"posy":5,"amount":100},{"posx":17,"posy":7,"amount":150},{"posx":20,"posy":7,"amount":50},{"posx":10,"posy":8,"amount":600}],"changedObstacles":[]},{"players":[{"playerId":61319,"score":1175,"energy":16,"posx":12,"posy":2,"lastAction":4,"status":0},{"playerId":277917,"score":1700,"energy":15,"posx":11,"posy":5,"lastAction":5,"status":0},{"playerId":2248990,"score":1375,"energy":11,"posx":10,"posy":8,"lastAction":5,"status":0},{"playerId":2233933,"score":1150,"energy":50,"posx":17,"posy":1,"lastAction":4,"status":0}],"golds":[{"posx":7,"posy":0,"amount":300},{"posx":17,"posy":1,"amount":700},{"posx":12,"posy":2,"amount":550},{"posx":19,"posy":4,"amount":700},{"posx":11,"posy":5,"amount":50},{"posx":17,"posy":7,"amount":150},{"posx":20,"posy":7,"amount":50},{"posx":10,"posy":8,"amount":550}],"changedObstacles":[]},{"players":[{"playerId":61319,"score":1225,"energy":11,"posx":12,"posy":2,"lastAction":5,"status":0},{"playerId":277917,"score":1750,"energy":10,"posx":11,"posy":5,"lastAction":5,"status":0},{"playerId":2248990,"score":1425,"energy":6,"posx":10,"posy":8,"lastAction":5,"status":0},{"playerId":2233933,"score":1200,"energy":45,"posx":17,"posy":1,"lastAction":5,"status":0}],"golds":[{"posx":7,"posy":0,"amount":300},{"posx":17,"posy":1,"amount":650},{"posx":12,"posy":2,"amount":500},{"posx":19,"posy":4,"amount":700},{"posx":17,"posy":7,"amount":150},{"posx":20,"posy":7,"amount":50},{"posx":10,"posy":8,"amount":500}],"changedObstacles":[{"type":0,"posx":11,"posy":5,"value":-1}]},{"players":[{"playerId":61319,"score":1275,"energy":6,"posx":12,"posy":2,"lastAction":5,"status":0},{"playerId":277917,"score":1750,"energy":9,"posx":12,"posy":5,"lastAction":1,"status":0},{"playerId":2248990,"score":1425,"energy":18,"posx":10,"posy":8,"lastAction":4,"status":0},{"playerId":2233933,"score":1250,"energy":40,"posx":17,"posy":1,"lastAction":5,"status":0}],"golds":[{"posx":7,"posy":0,"amount":300},{"posx":17,"posy":1,"amount":600},{"posx":12,"posy":2,"amount":450},{"posx":19,"posy":4,"amount":700},{"posx":17,"posy":7,"amount":150},{"posx":20,"posy":7,"amount":50},{"posx":10,"posy":8,"amount":500}],"changedObstacles":[]},{"players":[{"playerId":61319,"score":1325,"energy":1,"posx":12,"posy":2,"lastAction":5,"status":0},{"playerId":277917,"score":1750,"energy":21,"posx":12,"posy":5,"lastAction":4,"status":0},{"playerId":2248990,"score":1475,"energy":13,"posx":10,"posy":8,"lastAction":5,"status":0},{"playerId":2233933,"score":1300,"energy":35,"posx":17,"posy":1,"lastAction":5,"status":0}],"golds":[{"posx":7,"posy":0,"amount":300},{"posx":17,"posy":1,"amount":550},{"posx":12,"posy":2,"amount":400},{"posx":19,"posy":4,"amount":700},{"posx":17,"posy":7,"amount":150},{"posx":20,"posy":7,"amount":50},{"posx":10,"posy":8,"amount":450}],"changedObstacles":[]},{"players":[{"playerId":61319,"score":1325,"energy":13,"posx":12,"posy":2,"lastAction":4,"status":0},{"playerId":277917,"score":1750,"energy":37,"posx":12,"posy":5,"lastAction":4,"status":0},{"playerId":2248990,"score":1525,"energy":8,"posx":10,"posy":8,"lastAction":5,"status":0},{"playerId":2233933,"score":1350,"energy":30,"posx":17,"posy":1,"lastAction":5,"status":0}],"golds":[{"posx":7,"posy":0,"amount":300},{"posx":17,"posy":1,"amount":500},{"posx":12,"posy":2,"amount":400},{"posx":19,"posy":4,"amount":700},{"posx":17,"posy":7,"amount":150},{"posx":20,"posy":7,"amount":50},{"posx":10,"posy":8,"amount":400}],"changedObstacles":[]},{"players":[{"playerId":61319,"score":1325,"energy":29,"posx":12,"posy":2,"lastAction":4,"status":0},{"playerId":277917,"score":1750,"energy":31,"posx":13,"posy":5,"lastAction":1,"status":0},{"playerId":2248990,"score":1525,"energy":20,"posx":10,"posy":8,"lastAction":4,"status":0},{"playerId":2233933,"score":1400,"energy":25,"posx":17,"posy":1,"lastAction":5,"status":0}],"golds":[{"posx":7,"posy":0,"amount":300},{"posx":17,"posy":1,"amount":450},{"posx":12,"posy":2,"amount":400},{"posx":19,"posy":4,"amount":700},{"posx":17,"posy":7,"amount":150},{"posx":20,"posy":7,"amount":50},{"posx":10,"posy":8,"amount":400}],"changedObstacles":[]},{"players":[{"playerId":61319,"score":1325,"energy":50,"posx":12,"posy":2,"lastAction":4,"status":0},{"playerId":277917,"score":1750,"energy":21,"posx":14,"posy":5,"lastAction":1,"status":0},{"playerId":2248990,"score":1575,"energy":15,"posx":10,"posy":8,"lastAction":5,"status":0},{"playerId":2233933,"score":1450,"energy":20,"posx":17,"posy":1,"lastAction":5,"status":0}],"golds":[{"posx":7,"posy":0,"amount":300},{"posx":17,"posy":1,"amount":400},{"posx":12,"posy":2,"amount":400},{"posx":19,"posy":4,"amount":700},{"posx":17,"posy":7,"amount":150},{"posx":20,"posy":7,"amount":50},{"posx":10,"posy":8,"amount":350}],"changedObstacles":[{"type":0,"posx":14,"posy":5,"value":-1}]},{"players":[{"playerId":61319,"score":1375,"energy":45,"posx":12,"posy":2,"lastAction":5,"status":0},{"playerId":277917,"score":1750,"energy":20,"posx":15,"posy":5,"lastAction":1,"status":0},{"playerId":2248990,"score":1625,"energy":10,"posx":10,"posy":8,"lastAction":5,"status":0},{"playerId":2233933,"score":1500,"energy":15,"posx":17,"posy":1,"lastAction":5,"status":0}],"golds":[{"posx":7,"posy":0,"amount":300},{"posx":17,"posy":1,"amount":350},{"posx":12,"posy":2,"amount":350},{"posx":19,"posy":4,"amount":700},{"posx":17,"posy":7,"amount":150},{"posx":20,"posy":7,"amount":50},{"posx":10,"posy":8,"amount":300}],"changedObstacles":[]},{"players":[{"playerId":61319,"score":1425,"energy":40,"posx":12,"posy":2,"lastAction":5,"status":0},{"playerId":277917,"score":1750,"energy":32,"posx":15,"posy":5,"lastAction":4,"status":0},{"playerId":2248990,"score":1675,"energy":5,"posx":10,"posy":8,"lastAction":5,"status":0},{"playerId":2233933,"score":1550,"energy":10,"posx":17,"posy":1,"lastAction":5,"status":0}],"golds":[{"posx":7,"posy":0,"amount":300},{"posx":17,"posy":1,"amount":300},{"posx":12,"posy":2,"amount":300},{"posx":19,"posy":4,"amount":700},{"posx":17,"posy":7,"amount":150},{"posx":20,"posy":7,"amount":50},{"posx":10,"posy":8,"amount":250}],"changedObstacles":[]},{"players":[{"playerId":61319,"score":1475,"energy":35,"posx":12,"posy":2,"lastAction":5,"status":0},{"playerId":277917,"score":1750,"energy":48,"posx":15,"posy":5,"lastAction":4,"status":0},{"playerId":2248990,"score":1675,"energy":17,"posx":10,"posy":8,"lastAction":4,"status":0},{"playerId":2233933,"score":1600,"energy":5,"posx":17,"posy":1,"lastAction":5,"status":0}],"golds":[{"posx":7,"posy":0,"amount":300},{"posx":17,"posy":1,"amount":250},{"posx":12,"posy":2,"amount":250},{"posx":19,"posy":4,"amount":700},{"posx":17,"posy":7,"amount":150},{"posx":20,"posy":7,"amount":50},{"posx":10,"posy":8,"amount":250}],"changedObstacles":[]},{"players":[{"playerId":61319,"score":1525,"energy":30,"posx":12,"posy":2,"lastAction":5,"status":0},{"playerId":277917,"score":1750,"energy":42,"posx":16,"posy":5,"lastAction":1,"status":0},{"playerId":2248990,"score":1725,"energy":12,"posx":10,"posy":8,"lastAction":5,"status":0},{"playerId":2233933,"score":1600,"energy":17,"posx":17,"posy":1,"lastAction":4,"status":0}],"golds":[{"posx":7,"posy":0,"amount":300},{"posx":17,"posy":1,"amount":250},{"posx":12,"posy":2,"amount":200},{"posx":19,"posy":4,"amount":700},{"posx":17,"posy":7,"amount":150},{"posx":20,"posy":7,"amount":50},{"posx":10,"posy":8,"amount":200}],"changedObstacles":[]},{"players":[{"playerId":61319,"score":1575,"energy":25,"posx":12,"posy":2,"lastAction":5,"status":0},{"playerId":277917,"score":1750,"energy":41,"posx":17,"posy":5,"lastAction":1,"status":0},{"playerId":2248990,"score":1775,"energy":7,"posx":10,"posy":8,"lastAction":5,"status":0},{"playerId":2233933,"score":1600,"energy":33,"posx":17,"posy":1,"lastAction":4,"status":0}],"golds":[{"posx":7,"posy":0,"amount":300},{"posx":17,"posy":1,"amount":250},{"posx":12,"posy":2,"amount":150},{"posx":19,"posy":4,"amount":700},{"posx":17,"posy":7,"amount":150},{"posx":20,"posy":7,"amount":50},{"posx":10,"posy":8,"amount":150}],"changedObstacles":[]},{"players":[{"playerId":61319,"score":1625,"energy":20,"posx":12,"posy":2,"lastAction":5,"status":0},{"playerId":277917,"score":1750,"energy":40,"posx":17,"posy":4,"lastAction":2,"status":0},{"playerId":2248990,"score":1775,"energy":19,"posx":10,"posy":8,"lastAction":4,"status":0},{"playerId":2233933,"score":1650,"energy":28,"posx":17,"posy":1,"lastAction":5,"status":0}],"golds":[{"posx":7,"posy":0,"amount":300},{"posx":17,"posy":1,"amount":200},{"posx":12,"posy":2,"amount":100},{"posx":19,"posy":4,"amount":700},{"posx":17,"posy":7,"amount":150},{"posx":20,"posy":7,"amount":50},{"posx":10,"posy":8,"amount":150}],"changedObstacles":[]},{"players":[{"playerId":61319,"score":1675,"energy":15,"posx":12,"posy":2,"lastAction":5,"status":0},{"playerId":277917,"score":1750,"energy":39,"posx":18,"posy":4,"lastAction":1,"status":0},{"playerId":2248990,"score":1825,"energy":14,"posx":10,"posy":8,"lastAction":5,"status":0},{"playerId":2233933,"score":1700,"energy":23,"posx":17,"posy":1,"lastAction":5,"status":0}],"golds":[{"posx":7,"posy":0,"amount":300},{"posx":17,"posy":1,"amount":150},{"posx":12,"posy":2,"amount":50},{"posx":19,"posy":4,"amount":700},{"posx":17,"posy":7,"amount":150},{"posx":20,"posy":7,"amount":50},{"posx":10,"posy":8,"amount":100}],"changedObstacles":[]},{"players":[{"playerId":61319,"score":1725,"energy":10,"posx":12,"posy":2,"lastAction":5,"status":0},{"playerId":277917,"score":1750,"energy":35,"posx":19,"posy":4,"lastAction":1,"status":0},{"playerId":2248990,"score":1875,"energy":9,"posx":10,"posy":8,"lastAction":5,"status":0},{"playerId":2233933,"score":1750,"energy":18,"posx":17,"posy":1,"lastAction":5,"status":0}],"golds":[{"posx":7,"posy":0,"amount":300},{"posx":17,"posy":1,"amount":100},{"posx":19,"posy":4,"amount":700},{"posx":17,"posy":7,"amount":150},{"posx":20,"posy":7,"amount":50},{"posx":10,"posy":8,"amount":50}],"changedObstacles":[{"type":0,"posx":12,"posy":2,"value":-1}]},{"players":[{"playerId":61319,"score":1725,"energy":9,"posx":12,"posy":1,"lastAction":2,"status":0},{"playerId":277917,"score":1800,"energy":30,"posx":19,"posy":4,"lastAction":5,"status":0},{"playerId":2248990,"score":1925,"energy":4,"posx":10,"posy":8,"lastAction":5,"status":0},{"playerId":2233933,"score":1800,"energy":13,"posx":17,"posy":1,"lastAction":5,"status":0}],"golds":[{"posx":7,"posy":0,"amount":300},{"posx":17,"posy":1,"amount":50},{"posx":19,"posy":4,"amount":650},{"posx":17,"posy":7,"amount":150},{"posx":20,"posy":7,"amount":50}],"changedObstacles":[{"type":0,"posx":10,"posy":8,"value":-1}]},{"players":[{"playerId":61319,"score":1725,"energy":8,"posx":11,"posy":1,"lastAction":0,"status":0},{"playerId":277917,"score":1850,"energy":25,"posx":19,"posy":4,"lastAction":5,"status":0},{"playerId":2248990,"score":1925,"energy":16,"posx":10,"posy":8,"lastAction":4,"status":0},{"playerId":2233933,"score":1850,"energy":8,"posx":17,"posy":1,"lastAction":5,"status":0}],"golds":[{"posx":7,"posy":0,"amount":300},{"posx":19,"posy":4,"amount":600},{"posx":17,"posy":7,"amount":150},{"posx":20,"posy":7,"amount":50}],"changedObstacles":[{"type":0,"posx":17,"posy":1,"value":-1}]},{"players":[{"playerId":61319,"score":1725,"energy":7,"posx":11,"posy":0,"lastAction":2,"status":0},{"playerId":277917,"score":1900,"energy":20,"posx":19,"posy":4,"lastAction":5,"status":0},{"playerId":2248990,"score":1925,"energy":32,"posx":10,"posy":8,"lastAction":4,"status":0},{"playerId":2233933,"score":1850,"energy":20,"posx":17,"posy":1,"lastAction":4,"status":0}],"golds":[{"posx":7,"posy":0,"amount":300},{"posx":19,"posy":4,"amount":550},{"posx":17,"posy":7,"amount":150},{"posx":20,"posy":7,"amount":50}],"changedObstacles":[]},{"players":[{"playerId":61319,"score":1725,"energy":19,"posx":11,"posy":0,"lastAction":4,"status":0},{"playerId":277917,"score":1950,"energy":15,"posx":19,"posy":4,"lastAction":5,"status":0},{"playerId":2248990,"score":1925,"energy":27,"posx":10,"posy":7,"lastAction":2,"status":0},{"playerId":2233933,"score":1850,"energy":19,"posx":17,"posy":2,"lastAction":3,"status":0}],"golds":[{"posx":7,"posy":0,"amount":300},{"posx":19,"posy":4,"amount":500},{"posx":17,"posy":7,"amount":150},{"posx":20,"posy":7,"amount":50}],"changedObstacles":[{"type":3,"posx":10,"posy":7,"value":-20}]},{"players":[{"playerId":61319,"score":1725,"energy":9,"posx":10,"posy":0,"lastAction":0,"status":0},{"playerId":277917,"score":2000,"energy":10,"posx":19,"posy":4,"lastAction":5,"status":0},{"playerId":2248990,"score":1925,"energy":26,"posx":11,"posy":7,"lastAction":1,"status":0},{"playerId":2233933,"score":1850,"energy":18,"posx":17,"posy":3,"lastAction":3,"status":0}],"golds":[{"posx":7,"posy":0,"amount":300},{"posx":19,"posy":4,"amount":450},{"posx":17,"posy":7,"amount":150},{"posx":20,"posy":7,"amount":50}],"changedObstacles":[{"type":0,"posx":10,"posy":0,"value":-1}]},{"players":[{"playerId":61319,"score":1725,"energy":8,"posx":9,"posy":0,"lastAction":0,"status":0},{"playerId":277917,"score":2050,"energy":5,"posx":19,"posy":4,"lastAction":5,"status":0},{"playerId":2248990,"score":1925,"energy":16,"posx":12,"posy":7,"lastAction":1,"status":0},{"playerId":2233933,"score":1850,"energy":17,"posx":17,"posy":4,"lastAction":3,"status":0}],"golds":[{"posx":7,"posy":0,"amount":300},{"posx":19,"posy":4,"amount":400},{"posx":17,"posy":7,"amount":150},{"posx":20,"posy":7,"amount":50}],"changedObstacles":[{"type":0,"posx":12,"posy":7,"value":-1}]},{"players":[{"playerId":61319,"score":1725,"energy":7,"posx":8,"posy":0,"lastAction":0,"status":0},{"playerId":277917,"score":2050,"energy":17,"posx":19,"posy":4,"lastAction":4,"status":0},{"playerId":2248990,"score":1925,"energy":28,"posx":12,"posy":7,"lastAction":4,"status":0},{"playerId":2233933,"score":1850,"energy":16,"posx":18,"posy":4,"lastAction":1,"status":0}],"golds":[{"posx":7,"posy":0,"amount":300},{"posx":19,"posy":4,"amount":400},{"posx":17,"posy":7,"amount":150},{"posx":20,"posy":7,"amount":50}],"changedObstacles":[]},{"players":[{"playerId":61319,"score":1725,"energy":3,"posx":7,"posy":0,"lastAction":0,"status":0},{"playerId":277917,"score":2050,"energy":33,"posx":19,"posy":4,"lastAction":4,"status":0},{"playerId":2248990,"score":1925,"energy":23,"posx":13,"posy":7,"lastAction":1,"status":0},{"playerId":2233933,"score":1850,"energy":12,"posx":19,"posy":4,"lastAction":1,"status":0}],"golds":[{"posx":7,"posy":0,"amount":300},{"posx":19,"posy":4,"amount":400},{"posx":17,"posy":7,"amount":150},{"posx":20,"posy":7,"amount":50}],"changedObstacles":[{"type":3,"posx":13,"posy":7,"value":-20}]},{"players":[{"playerId":61319,"score":1725,"energy":15,"posx":7,"posy":0,"lastAction":4,"status":0},{"playerId":277917,"score":2050,"energy":50,"posx":19,"posy":4,"lastAction":4,"status":0},{"playerId":2248990,"score":1925,"energy":17,"posx":14,"posy":7,"lastAction":1,"status":0},{"playerId":2233933,"score":1900,"energy":7,"posx":19,"posy":4,"lastAction":5,"status":0}],"golds":[{"posx":7,"posy":0,"amount":300},{"posx":19,"posy":4,"amount":350},{"posx":17,"posy":7,"amount":150},{"posx":20,"posy":7,"amount":50}],"changedObstacles":[]},{"players":[{"playerId":61319,"score":1725,"energy":31,"posx":7,"posy":0,"lastAction":4,"status":0},{"playerId":277917,"score":2100,"energy":45,"posx":19,"posy":4,"lastAction":5,"status":0},{"playerId":2248990,"score":1925,"energy":29,"posx":14,"posy":7,"lastAction":4,"status":0},{"playerId":2233933,"score":1950,"energy":2,"posx":19,"posy":4,"lastAction":5,"status":0}],"golds":[{"posx":7,"posy":0,"amount":300},{"posx":19,"posy":4,"amount":250},{"posx":17,"posy":7,"amount":150},{"posx":20,"posy":7,"amount":50}],"changedObstacles":[]},{"players":[{"playerId":61319,"score":1775,"energy":26,"posx":7,"posy":0,"lastAction":5,"status":0},{"playerId":277917,"score":2150,"energy":40,"posx":19,"posy":4,"lastAction":5,"status":0},{"playerId":2248990,"score":1925,"energy":28,"posx":15,"posy":7,"lastAction":1,"status":0},{"playerId":2233933,"score":1950,"energy":14,"posx":19,"posy":4,"lastAction":4,"status":0}],"golds":[{"posx":7,"posy":0,"amount":250},{"posx":19,"posy":4,"amount":200},{"posx":17,"posy":7,"amount":150},{"posx":20,"posy":7,"amount":50}],"changedObstacles":[]},{"players":[{"playerId":61319,"score":1825,"energy":21,"posx":7,"posy":0,"lastAction":5,"status":0},{"playerId":277917,"score":2200,"energy":35,"posx":19,"posy":4,"lastAction":5,"status":0},{"playerId":2248990,"score":1925,"energy":18,"posx":16,"posy":7,"lastAction":1,"status":0},{"playerId":2233933,"score":2000,"energy":9,"posx":19,"posy":4,"lastAction":5,"status":0}],"golds":[{"posx":7,"posy":0,"amount":200},{"posx":19,"posy":4,"amount":100},{"posx":17,"posy":7,"amount":150},{"posx":20,"posy":7,"amount":50}],"changedObstacles":[{"type":0,"posx":16,"posy":7,"value":-1}]},{"players":[{"playerId":61319,"score":1875,"energy":16,"posx":7,"posy":0,"lastAction":5,"status":0},{"playerId":277917,"score":2250,"energy":30,"posx":19,"posy":4,"lastAction":5,"status":0},{"playerId":2248990,"score":1925,"energy":30,"posx":16,"posy":7,"lastAction":4,"status":0},{"playerId":2233933,"score":2050,"energy":4,"posx":19,"posy":4,"lastAction":5,"status":0}],"golds":[{"posx":7,"posy":0,"amount":150},{"posx":17,"posy":7,"amount":150},{"posx":20,"posy":7,"amount":50}],"changedObstacles":[{"type":0,"posx":19,"posy":4,"value":-1}]},{"players":[{"playerId":61319,"score":1925,"energy":11,"posx":7,"posy":0,"lastAction":5,"status":0},{"playerId":277917,"score":2250,"energy":29,"posx":18,"posy":4,"lastAction":0,"status":0},{"playerId":2248990,"score":1925,"energy":26,"posx":17,"posy":7,"lastAction":1,"status":0},{"playerId":2233933,"score":2050,"energy":16,"posx":19,"posy":4,"lastAction":4,"status":0}],"golds":[{"posx":7,"posy":0,"amount":100},{"posx":17,"posy":7,"amount":150},{"posx":20,"posy":7,"amount":50}],"changedObstacles":[]},{"players":[{"playerId":61319,"score":1975,"energy":6,"posx":7,"posy":0,"lastAction":5,"status":0},{"playerId":277917,"score":2250,"energy":28,"posx":17,"posy":4,"lastAction":0,"status":0},{"playerId":2248990,"score":1975,"energy":21,"posx":17,"posy":7,"lastAction":5,"status":0},{"playerId":2233933,"score":2050,"energy":32,"posx":19,"posy":4,"lastAction":4,"status":0}],"golds":[{"posx":7,"posy":0,"amount":50},{"posx":17,"posy":7,"amount":100},{"posx":20,"posy":7,"amount":50}],"changedObstacles":[]},{"players":[{"playerId":61319,"score":2025,"energy":1,"posx":7,"posy":0,"lastAction":5,"status":0},{"playerId":277917,"score":2250,"energy":27,"posx":17,"posy":5,"lastAction":3,"status":0},{"playerId":2248990,"score":2025,"energy":16,"posx":17,"posy":7,"lastAction":5,"status":0},{"playerId":2233933,"score":2050,"energy":50,"posx":19,"posy":4,"lastAction":4,"status":0}],"golds":[{"posx":17,"posy":7,"amount":50},{"posx":20,"posy":7,"amount":50}],"changedObstacles":[{"type":0,"posx":7,"posy":0,"value":-1}]},{"players":[{"playerId":61319,"score":2025,"energy":13,"posx":7,"posy":0,"lastAction":4,"status":0},{"playerId":277917,"score":2250,"energy":17,"posx":17,"posy":6,"lastAction":3,"status":0},{"playerId":2248990,"score":2075,"energy":11,"posx":17,"posy":7,"lastAction":5,"status":0},{"playerId":2233933,"score":2050,"energy":49,"posx":19,"posy":5,"lastAction":3,"status":0}],"golds":[{"posx":20,"posy":7,"amount":50}],"changedObstacles":[{"type":0,"posx":17,"posy":6,"value":-1},{"type":0,"posx":17,"posy":7,"value":-1}]},{"players":[{"playerId":61319,"score":2025,"energy":29,"posx":7,"posy":0,"lastAction":4,"status":0},{"playerId":277917,"score":2250,"energy":16,"posx":18,"posy":6,"lastAction":1,"status":0},{"playerId":2248990,"score":2075,"energy":23,"posx":17,"posy":7,"lastAction":4,"status":0},{"playerId":2233933,"score":2050,"energy":39,"posx":19,"posy":6,"lastAction":3,"status":0}],"golds":[{"posx":20,"posy":7,"amount":50}],"changedObstacles":[{"type":0,"posx":19,"posy":6,"value":-1}]},{"players":[{"playerId":61319,"score":2025,"energy":28,"posx":8,"posy":0,"lastAction":1,"status":0},{"playerId":277917,"score":2250,"energy":15,"posx":19,"posy":6,"lastAction":1,"status":0},{"playerId":2248990,"score":2075,"energy":13,"posx":17,"posy":8,"lastAction":3,"status":0},{"playerId":2233933,"score":2050,"energy":29,"posx":19,"posy":7,"lastAction":3,"status":0}],"golds":[{"posx":20,"posy":7,"amount":50}],"changedObstacles":[{"type":0,"posx":17,"posy":8,"value":-1},{"type":0,"posx":19,"posy":7,"value":-1}]},{"players":[{"playerId":61319,"score":2025,"energy":27,"posx":9,"posy":0,"lastAction":1,"status":0},{"playerId":277917,"score":2250,"energy":14,"posx":19,"posy":7,"lastAction":3,"status":0},{"playerId":2248990,"score":2075,"energy":25,"posx":17,"posy":8,"lastAction":4,"status":0},{"playerId":2233933,"score":2050,"energy":25,"posx":20,"posy":7,"lastAction":1,"status":0}],"golds":[{"posx":20,"posy":7,"amount":50}],"changedObstacles":[]},{"players":[{"playerId":61319,"score":2025,"energy":26,"posx":10,"posy":0,"lastAction":1,"status":0},{"playerId":277917,"score":2250,"energy":10,"posx":20,"posy":7,"lastAction":1,"status":0},{"playerId":2248990,"score":2075,"energy":41,"posx":17,"posy":8,"lastAction":4,"status":0},{"playerId":2233933,"score":2100,"energy":20,"posx":20,"posy":7,"lastAction":5,"status":0}],"golds":[],"changedObstacles":[{"type":0,"posx":20,"posy":7,"value":-1}]}]