[{"players":[{"playerId":2451990,"score":0,"energy":49,"posx":3,"posy":6,"lastAction":1,"status":0},{"playerId":75082,"score":0,"energy":30,"posx":2,"posy":7,"lastAction":3,"status":0},{"playerId":2234905,"score":0,"energy":40,"posx":2,"posy":7,"lastAction":3,"status":0},{"playerId":803122,"score":0,"energy":49,"posx":3,"posy":6,"lastAction":1,"status":0}],"golds":[{"posx":10,"posy":5,"amount":300},{"posx":13,"posy":4,"amount":100},{"posx":7,"posy":0,"amount":300},{"posx":1,"posy":3,"amount":350},{"posx":10,"posy":8,"amount":700},{"posx":17,"posy":7,"amount":150},{"posx":8,"posy":5,"amount":600},{"posx":19,"posy":4,"amount":700},{"posx":4,"posy":8,"amount":750},{"posx":17,"posy":1,"amount":700},{"posx":10,"posy":6,"amount":750},{"posx":1,"posy":4,"amount":200},{"posx":12,"posy":2,"amount":550},{"posx":16,"posy":3,"amount":450},{"posx":2,"posy":4,"amount":250},{"posx":11,"posy":5,"amount":700},{"posx":12,"posy":1,"amount":100},{"posx":20,"posy":7,"amount":50},{"posx":3,"posy":4,"amount":350},{"posx":11,"posy":1,"amount":400}],"changedObstacles":[]},{"players":[{"playerId":2451990,"score":0,"energy":39,"posx":4,"posy":6,"lastAction":1,"status":0},{"playerId":75082,"score":0,"energy":42,"posx":2,"posy":7,"lastAction":4,"status":0},{"playerId":2234905,"score":0,"energy":32,"posx":2,"posy":8,"lastAction":3,"status":0},{"playerId":803122,"score":0,"energy":44,"posx":3,"posy":5,"lastAction":2,"status":0}],"golds":[{"posx":10,"posy":5,"amount":300},{"posx":13,"posy":4,"amount":100},{"posx":7,"posy":0,"amount":300},{"posx":1,"posy":3,"amount":350},{"posx":10,"posy":8,"amount":700},{"posx":17,"posy":7,"amount":150},{"posx":8,"posy":5,"amount":600},{"posx":19,"posy":4,"amount":700},{"posx":4,"posy":8,"amount":750},{"posx":17,"posy":1,"amount":700},{"posx":10,"posy":6,"amount":750},{"posx":1,"posy":4,"amount":200},{"posx":12,"posy":2,"amount":550},{"posx":16,"posy":3,"amount":450},{"posx":2,"posy":4,"amount":250},{"posx":11,"posy":5,"amount":700},{"posx":12,"posy":1,"amount":100},{"posx":20,"posy":7,"amount":50},{"posx":3,"posy":4,"amount":350},{"posx":11,"posy":1,"amount":400}],"changedObstacles":[{"type":3,"posx":3,"posy":5,"value":-20},{"type":0,"posx":4,"posy":6,"value":-1}]},{"players":[{"playerId":2451990,"score":0,"energy":30,"posx":5,"posy":6,"lastAction":1,"status":0},{"playerId":75082,"score":0,"energy":41,"posx":3,"posy":7,"lastAction":1,"status":0},{"playerId":2234905,"score":0,"energy":31,"posx":1,"posy":8,"lastAction":0,"status":0},{"playerId":803122,"score":0,"energy":40,"posx":3,"posy":4,"lastAction":2,"status":0}],"golds":[{"posx":10,"posy":5,"amount":300},{"posx":13,"posy":4,"amount":100},{"posx":7,"posy":0,"amount":300},{"posx":1,"posy":3,"amount":350},{"posx":10,"posy":8,"amount":700},{"posx":17,"posy":7,"amount":150},{"posx":8,"posy":5,"amount":600},{"posx":19,"posy":4,"amount":700},{"posx":4,"posy":8,"amount":750},{"posx":17,"posy":1,"amount":700},{"posx":10,"posy":6,"amount":750},{"posx":1,"posy":4,"amount":200},{"posx":12,"posy":2,"amount":550},{"posx":16,"posy":3,"amount":450},{"posx":2,"posy":4,"amount":250},{"posx":11,"posy":5,"amount":700},{"posx":12,"posy":1,"amount":100},{"posx":20,"posy":7,"amount":50},{"posx":3,"posy":4,"amount":350},{"posx":11,"posy":1,"amount":400}],"changedObstacles":[]},{"players":[{"playerId":2451990,"score":0,"energy":25,"posx":6,"posy":6,"lastAction":1,"status":0},{"playerId":75082,"score":0,"energy":40,"posx":4,"posy":7,"lastAction":1,"status":0},{"playerId":2234905,"score":0,"energy":18,"posx":0,"posy":8,"lastAction":0,"status":0},{"playerId":803122,"score":50,"energy":35,"posx":3,"posy":4,"lastAction":5,"status":0}],"golds":[{"posx":7,"posy":0,"amount":300},{"posx":11,"posy":1,"amount":400},{"posx":12,"posy":1,"amount":100},{"posx":17,"posy":1,"amount":700},{"posx":12,"posy":2,"amount":550},{"posx":1,"posy":3,"amount":350},{"posx":16,"posy":3,"amount":450},{"posx":1,"posy":4,"amount":200},{"posx":2,"posy":4,"amount":250},{"posx":3,"posy":4,"amount":300},{"posx":13,"posy":4,"amount":100},{"posx":19,"posy":4,"amount":700},{"posx":8,"posy":5,"amount":600},{"posx":10,"posy":5,"amount":300},{"posx":11,"posy":5,"amount":700},{"posx":10,"posy":6,"amount":750},{"posx":17,"posy":7,"amount":150},{"posx":20,"posy":7,"amount":50},{"posx":4,"posy":8,"amount":750},{"posx":10,"posy":8,"amount":700}],"changedObstacles":[{"type":3,"posx":6,"posy":6,"value":-20}]},{"players":[{"playerId":2451990,"score":0,"energy":20,"posx":7,"posy":6,"lastAction":1,"status":0},{"playerId":75082,"score":0,"energy":36,"posx":4,"posy":8,"lastAction":3,"status":0},{"playerId":2234905,"score":0,"energy":17,"posx":1,"posy":8,"lastAction":1,"status":0},{"playerId":803122,"score":100,"energy":30,"posx":3,"posy":4,"lastAction":5,"status":0}],"golds":[{"posx":7,"posy":0,"amount":300},{"posx":11,"posy":1,"amount":400},{"posx":12,"posy":1,"amount":100},{"posx":17,"posy":1,"amount":700},{"posx":12,"posy":2,"amount":550},{"posx":1,"posy":3,"amount":350},{"posx":16,"posy":3,"amount":450},{"posx":1,"posy":4,"amount":200},{"posx":2,"posy":4,"amount":250},{"posx":3,"posy":4,"amount":250},{"posx":13,"posy":4,"amount":100},{"posx":19,"posy":4,"amount":700},{"posx":8,"posy":5,"amount":600},{"posx":10,"posy":5,"amount":300},{"posx":11,"posy":5,"amount":700},{"posx":10,"posy":6,"amount":750},{"posx":17,"posy":7,"amount":150},{"posx":20,"posy":7,"amount":50},{"posx":4,"posy":8,"amount":750},{"posx":10,"posy":8,"amount":700}],"changedObstacles":[{"type":3,"posx":7,"posy":6,"value":-20}]},{"players":[{"playerId":2451990,"score":0,"energy":15,"posx":8,"posy":6,"lastAction":1,"status":0},{"playerId":75082,"score":50,"energy":31,"posx":4,"posy":8,"lastAction":5,"status":0},{"playerId":2234905,"score":0,"energy":29,"posx":1,"posy":8,"lastAction":4,"status":0},{"playerId":803122,"score":150,"energy":25,"posx":3,"posy":4,"lastAction":5,"status":0}],"golds":[{"posx":7,"posy":0,"amount":300},{"posx":11,"posy":1,"amount":400},{"posx":12,"posy":1,"amount":100},{"posx":17,"posy":1,"amount":700},{"posx":12,"posy":2,"amount":550},{"posx":1,"posy":3,"amount":350},{"posx":16,"posy":3,"amount":450},{"posx":1,"posy":4,"amount":200},{"posx":2,"posy":4,"amount":250},{"posx":3,"posy":4,"amount":200},{"posx":13,"posy":4,"amount":100},{"posx":19,"posy":4,"amount":700},{"posx":8,"posy":5,"amount":600},{"posx":10,"posy":5,"amount":300},{"posx":11,"posy":5,"amount":700},{"posx":10,"posy":6,"amount":750},{"posx":17,"posy":7,"amount":150},{"posx":20,"posy":7,"amount":50},{"posx":4,"posy":8,"amount":700},{"posx":10,"posy":8,"amount":700}],"changedObstacles":[{"type":3,"posx":8,"posy":6,"value":-20}]},{"players":[{"playerId":2451990,"score":0,"energy":10,"posx":9,"posy":6,"lastAction":1,"status":0},{"playerId":75082,"score":100,"energy":26,"posx":4,"posy":8,"lastAction":5,"status":0},{"playerId":2234905,"score":0,"energy":15,"posx":2,"posy":8,"lastAction":1,"status":0},{"playerId":803122,"score":200,"energy":20,"posx":3,"posy":4,"lastAction":5,"status":0}],"golds":[{"posx":7,"posy":0,"amount":300},{"posx":11,"posy":1,"amount":400},{"posx":12,"posy":1,"amount":100},{"posx":17,"posy":1,"amount":700},{"posx":12,"posy":2,"amount":550},{"posx":1,"posy":3,"amount":350},{"posx":16,"posy":3,"amount":450},{"posx":1,"posy":4,"amount":200},{"posx":2,"posy":4,"amount":250},{"posx":3,"posy":4,"amount":150},{"posx":13,"posy":4,"amount":100},{"posx":19,"posy":4,"amount":700},{"posx":8,"posy":5,"amount":600},{"posx":10,"posy":5,"amount":300},{"posx":11,"posy":5,"amount":700},{"posx":10,"posy":6,"amount":750},{"posx":17,"posy":7,"amount":150},{"posx":20,"posy":7,"amount":50},{"posx":4,"posy":8,"amount":650},{"posx":10,"posy":8,"amount":700}],"changedObstacles":[{"type":3,"posx":9,"posy":6,"value":-20}]},{"players":[{"playerId":2451990,"score":0,"energy":6,"posx":10,"posy":6,"lastAction":1,"status":0},{"playerId":75082,"score":150,"energy":21,"posx":4,"posy":8,"lastAction":5,"status":0},{"playerId":2234905,"score":0,"energy":14,"posx":3,"posy":8,"lastAction":1,"status":0},{"playerId":803122,"score":250,"energy":15,"posx":3,"posy":4,"lastAction":5,"status":0}],"golds":[{"posx":7,"posy":0,"amount":300},{"posx":11,"posy":1,"amount":400},{"posx":12,"posy":1,"amount":100},{"posx":17,"posy":1,"amount":700},{"posx":12,"posy":2,"amount":550},{"posx":1,"posy":3,"amount":350},{"posx":16,"posy":3,"amount":450},{"posx":1,"posy":4,"amount":200},{"posx":2,"posy":4,"amount":250},{"posx":3,"posy":4,"amount":100},{"posx":13,"posy":4,"amount":100},{"posx":19,"posy":4,"amount":700},{"posx":8,"posy":5,"amount":600},{"posx":10,"posy":5,"amount":300},{"posx":11,"posy":5,"amount":700},{"posx":10,"posy":6,"amount":750},{"posx":17,"posy":7,"amount":150},{"posx":20,"posy":7,"amount":50},{"posx":4,"posy":8,"amount":600},{"posx":10,"posy":8,"amount":700}],"changedObstacles":[]},{"players":[{"playerId":2451990,"score":50,"energy":1,"posx":10,"posy":6,"lastAction":5,"status":0},{"playerId":75082,"score":200,"energy":16,"posx":4,"posy":8,"lastAction":5,"status":0},{"playerId":2234905,"score":0,"energy":10,"posx":4,"posy":8,"lastAction":1,"status":0},{"playerId":803122,"score":300,"energy":10,"posx":3,"posy":4,"lastAction":5,"status":0}],"golds":[{"posx":7,"posy":0,"amount":300},{"posx":11,"posy":1,"amount":400},{"posx":12,"posy":1,"amount":100},{"posx":17,"posy":1,"amount":700},{"posx":12,"posy":2,"amount":550},{"posx":1,"posy":3,"amount":350},{"posx":16,"posy":3,"amount":450},{"posx":1,"posy":4,"amount":200},{"posx":2,"posy":4,"amount":250},{"posx":3,"posy":4,"amount":50},{"posx":13,"posy":4,"amount":100},{"posx":19,"posy":4,"amount":700},{"posx":8,"posy":5,"amount":600},{"posx":10,"posy":5,"amount":300},{"posx":11,"posy":5,"amount":700},{"posx":10,"posy":6,"amount":700},{"posx":17,"posy":7,"amount":150},{"posx":20,"posy":7,"amount":50},{"posx":4,"posy":8,"amount":550},{"posx":10,"posy":8,"amount":700}],"changedObstacles":[]},{"players":[{"playerId":2451990,"score":50,"energy":13,"posx":10,"posy":6,"lastAction":4,"status":0},{"playerId":75082,"score":250,"energy":11,"posx":4,"posy":8,"lastAction":5,"status":0},{"playerId":2234905,"score":50,"energy":5,"posx":4,"posy":8,"lastAction":5,"status":0},{"playerId":803122,"score":350,"energy":5,"posx":3,"posy":4,"lastAction":5,"status":0}],"golds":[{"posx":7,"posy":0,"amount":300},{"posx":11,"posy":1,"amount":400},{"posx":12,"posy":1,"amount":100},{"posx":17,"posy":1,"amount":700},{"posx":12,"posy":2,"amount":550},{"posx":1,"posy":3,"amount":350},{"posx":16,"posy":3,"amount":450},{"posx":1,"posy":4,"amount":200},{"posx":2,"posy":4,"amount":250},{"posx":13,"posy":4,"amount":100},{"posx":19,"posy":4,"amount":700},{"posx":8,"posy":5,"amount":600},{"posx":10,"posy":5,"amount":300},{"posx":11,"posy":5,"amount":700},{"posx":10,"posy":6,"amount":700},{"posx":17,"posy":7,"amount":150},{"posx":20,"posy":7,"amount":50},{"posx":4,"posy":8,"amount":450},{"posx":10,"posy":8,"amount":700}],"changedObstacles":[{"type":0,"posx":3,"posy":4,"value":-1}]},{"players":[{"playerId":2451990,"score":50,"energy":29,"posx":10,"posy":6,"lastAction":4,"status":0},{"playerId":75082,"score":300,"energy":6,"posx":4,"posy":8,"lastAction":5,"status":0},{"playerId":2234905,"score":50,"energy":17,"posx":4,"posy":8,"lastAction":4,"status":0},{"playerId":803122,"score":350,"energy":1,"posx":2,"posy":4,"lastAction":0,"status":0}],"golds":[{"posx":7,"posy":0,"amount":300},{"posx":11,"posy":1,"amount":400},{"posx":12,"posy":1,"amount":100},{"posx":17,"posy":1,"amount":700},{"posx":12,"posy":2,"amount":550},{"posx":1,"posy":3,"amount":350},{"posx":16,"posy":3,"amount":450},{"posx":1,"posy":4,"amount":200},{"posx":2,"posy":4,"amount":250},{"posx":13,"posy":4,"amount":100},{"posx":19,"posy":4,"amount":700},{"posx":8,"posy":5,"amount":600},{"posx":10,"posy":5,"amount":300},{"posx":11,"posy":5,"amount":700},{"posx":10,"posy":6,"amount":700},{"posx":17,"posy":7,"amount":150},{"posx":20,"posy":7,"amount":50},{"posx":4,"posy":8,"amount":400},{"posx":10,"posy":8,"amount":700}],"changedObstacles":[]},{"players":[{"playerId":2451990,"score":50,"energy":50,"posx":10,"posy":6,"lastAction":4,"status":0},{"playerId":75082,"score":350,"energy":1,"posx":4,"posy":8,"lastAction":5,"status":0},{"playerId":2234905,"score":100,"energy":12,"posx":4,"posy":8,"lastAction":5,"status":0},{"playerId":803122,"score":350,"energy":13,"posx":2,"posy":4,"lastAction":4,"status":0}],"golds":[{"posx":7,"posy":0,"amount":300},{"posx":11,"posy":1,"amount":400},{"posx":12,"posy":1,"amount":100},{"posx":17,"posy":1,"amount":700},{"posx":12,"posy":2,"amount":550},{"posx":1,"posy":3,"amount":350},{"posx":16,"posy":3,"amount":450},{"posx":1,"posy":4,"amount":200},{"posx":2,"posy":4,"amount":250},{"posx":13,"posy":4,"amount":100},{"posx":19,"posy":4,"amount":700},{"posx":8,"posy":5,"amount":600},{"posx":10,"posy":5,"amount":300},{"posx":11,"posy":5,"amount":700},{"posx":10,"posy":6,"amount":700},{"posx":17,"posy":7,"amount":150},{"posx":20,"posy":7,"amount":50},{"posx":4,"posy":8,"amount":300},{"posx":10,"posy":8,"amount":700}],"changedObstacles":[]},{"players":[{"playerId":2451990,"score":100,"energy":45,"posx":10,"posy":6,"lastAction":5,"status":0},{"playerId":75082,"score":350,"energy":13,"posx":4,"posy":8,"lastAction":4,"status":0},{"playerId":2234905,"score":150,"energy":7,"posx":4,"posy":8,"lastAction":5,"status":0},{"playerId":803122,"score":400,"energy":8,"posx":2,"posy":4,"lastAction":5,"status":0}],"golds":[{"posx":7,"posy":0,"amount":300},{"posx":11,"posy":1,"amount":400},{"posx":12,"posy":1,"amount":100},{"posx":17,"posy":1,"amount":700},{"posx":12,"posy":2,"amount":550},{"posx":1,"posy":3,"amount":350},{"posx":16,"posy":3,"amount":450},{"posx":1,"posy":4,"amount":200},{"posx":2,"posy":4,"amount":200},{"posx":13,"posy":4,"amount":100},{"posx":19,"posy":4,"amount":700},{"posx":8,"posy":5,"amount":600},{"posx":10,"posy":5,"amount":300},{"posx":11,"posy":5,"amount":700},{"posx":10,"posy":6,"amount":650},{"posx":17,"posy":7,"amount":150},{"posx":20,"posy":7,"amount":50},{"posx":4,"posy":8,"amount":250},{"posx":10,"posy":8,"amount":700}],"changedObstacles":[]},{"players":[{"playerId":2451990,"score":150,"energy":40,"posx":10,"posy":6,"lastAction":5,"status":0},{"playerId":75082,"score":400,"energy":8,"posx":4,"posy":8,"lastAction":5,"status":0},{"playerId":2234905,"score":200,"energy":2,"posx":4,"posy":8,"lastAction":5,"status":0},{"playerId":803122,"score":450,"energy":3,"posx":2,"posy":4,"lastAction":5,"status":0}],"golds":[{"posx":7,"posy":0,"amount":300},{"posx":11,"posy":1,"amount":400},{"posx":12,"posy":1,"amount":100},{"posx":17,"posy":1,"amount":700},{"posx":12,"posy":2,"amount":550},{"posx":1,"posy":3,"amount":350},{"posx":16,"posy":3,"amount":450},{"posx":1,"posy":4,"amount":200},{"posx":2,"posy":4,"amount":150},{"posx":13,"posy":4,"amount":100},{"posx":19,"posy":4,"amount":700},{"posx":8,"posy":5,"amount":600},{"posx":10,"posy":5,"amount":300},{"posx":11,"posy":5,"amount":700},{"posx":10,"posy":6,"amount":600},{"posx":17,"posy":7,"amount":150},{"posx":20,"posy":7,"amount":50},{"posx":4,"posy":8,"amount":150},{"posx":10,"posy":8,"amount":700}],"changedObstacles":[]},{"players":[{"playerId":2451990,"score":200,"energy":35,"posx":10,"posy":6,"lastAction":5,"status":0},{"playerId":75082,"score":450,"energy":3,"posx":4,"posy":8,"lastAction":5,"status":0},{"playerId":2234905,"score":200,"energy":14,"posx":4,"posy":8,"lastAction":4,"status":0},{"playerId":803122,"score":450,"energy":15,"posx":2,"posy":4,"lastAction":4,"status":0}],"golds":[{"posx":7,"posy":0,"amount":300},{"posx":11,"posy":1,"amount":400},{"posx":12,"posy":1,"amount":100},{"posx":17,"posy":1,"amount":700},{"posx":12,"posy":2,"amount":550},{"posx":1,"posy":3,"amount":350},{"posx":16,"posy":3,"amount":450},{"posx":1,"posy":4,"amount":200},{"posx":2,"posy":4,"amount":150},{"posx":13,"posy":4,"amount":100},{"posx":19,"posy":4,"amount":700},{"posx":8,"posy":5,"amount":600},{"posx":10,"posy":5,"amount":300},{"posx":11,"posy":5,"amount":700},{"posx":10,"posy":6,"amount":550},{"posx":17,"posy":7,"amount":150},{"posx":20,"posy":7,"amount":50},{"posx":4,"posy":8,"amount":100},{"posx":10,"posy":8,"amount":700}],"changedObstacles":[]},{"players":[{"playerId":2451990,"score":250,"energy":30,"posx":10,"posy":6,"lastAction":5,"status":0},{"playerId":75082,"score":450,"energy":15,"posx":4,"posy":8,"lastAction":4,"status":0},{"playerId":2234905,"score":250,"energy":9,"posx":4,"posy":8,"lastAction":5,"status":0},{"playerId":803122,"score":500,"energy":10,"posx":2,"posy":4,"lastAction":5,"status":0}],"golds":[{"posx":7,"posy":0,"amount":300},{"posx":11,"posy":1,"amount":400},{"posx":12,"posy":1,"amount":100},{"posx":17,"posy":1,"amount":700},{"posx":12,"posy":2,"amount":550},{"posx":1,"posy":3,"amount":350},{"posx":16,"posy":3,"amount":450},{"posx":1,"posy":4,"amount":200},{"posx":2,"posy":4,"amount":100},{"posx":13,"posy":4,"amount":100},{"posx":19,"posy":4,"amount":700},{"posx":8,"posy":5,"amount":600},{"posx":10,"posy":5,"amount":300},{"posx":11,"posy":5,"amount":700},{"posx":10,"posy":6,"amount":500},{"posx":17,"posy":7,"amount":150},{"posx":20,"posy":7,"amount":50},{"posx":4,"posy":8,"amount":50},{"posx":10,"posy":8,"amount":700}],"changedObstacles":[]},{"players":[{"playerId":2451990,"score":300,"energy":25,"posx":10,"posy":6,"lastAction":5,"status":0},{"playerId":75082,"score":450,"energy":5,"posx":5,"posy":8,"lastAction":1,"status":0},{"playerId":2234905,"score":300,"energy":4,"posx":4,"posy":8,"lastAction":5,"status":0},{"playerId":803122,"score":550,"energy":5,"posx":2,"posy":4,"lastAction":5,"status":0}],"golds":[{"posx":7,"posy":0,"amount":300},{"posx":11,"posy":1,"amount":400},{"posx":12,"posy":1,"amount":100},{"posx":17,"posy":1,"amount":700},{"posx":12,"posy":2,"amount":550},{"posx":1,"posy":3,"amount":350},{"posx":16,"posy":3,"amount":450},{"posx":1,"posy":4,"amount":200},{"posx":2,"posy":4,"amount":50},{"posx":13,"posy":4,"amount":100},{"posx":19,"posy":4,"amount":700},{"posx":8,"posy":5,"amount":600},{"posx":10,"posy":5,"amount":300},{"posx":11,"posy":5,"amount":700},{"posx":10,"posy":6,"amount":450},{"posx":17,"posy":7,"amount":150},{"posx":20,"posy":7,"amount":50},{"posx":10,"posy":8,"amount":700}],"changedObstacles":[{"type":0,"posx":5,"posy":8,"value":-1},{"type":0,"posx":4,"posy":8,"value":-1}]},{"players":[{"playerId":2451990,"score":350,"energy":20,"posx":10,"posy":6,"lastAction":5,"status":0},{"playerId":75082,"score":450,"energy":4,"posx":6,"posy":8,"lastAction":1,"status":0},{"playerId":2234905,"score":300,"energy":16,"posx":4,"posy":8,"lastAction":4,"status":0},{"playerId":803122,"score":550,"energy":17,"posx":2,"posy":4,"lastAction":4,"status":0}],"golds":[{"posx":7,"posy":0,"amount":300},{"posx":11,"posy":1,"amount":400},{"posx":12,"posy":1,"amount":100},{"posx":17,"posy":1,"amount":700},{"posx":12,"posy":2,"amount":550},{"posx":1,"posy":3,"amount":350},{"posx":16,"posy":3,"amount":450},{"posx":1,"posy":4,"amount":200},{"posx":2,"posy":4,"amount":50},{"posx":13,"posy":4,"amount":100},{"posx":19,"posy":4,"amount":700},{"posx":8,"posy":5,"amount":600},{"posx":10,"posy":5,"amount":300},{"posx":11,"posy":5,"amount":700},{"posx":10,"posy":6,"amount":400},{"posx":17,"posy":7,"amount":150},{"posx":20,"posy":7,"amount":50},{"posx":10,"posy":8,"amount":700}],"changedObstacles":[]},{"players":[{"playerId":2451990,"score":400,"energy":15,"posx":10,"posy":6,"lastAction":5,"status":0},{"playerId":75082,"score":450,"energy":16,"posx":6,"posy":8,"lastAction":4,"status":0},{"playerId":2234905,"score":300,"energy":15,"posx":3,"posy":8,"lastAction":0,"status":0},{"playerId":803122,"score":600,"energy":12,"posx":2,"posy":4,"lastAction":5,"status":0}],"golds":[{"posx":7,"posy":0,"amount":300},{"posx":11,"posy":1,"amount":400},{"posx":12,"posy":1,"amount":100},{"posx":17,"posy":1,"amount":700},{"posx":12,"posy":2,"amount":550},{"posx":1,"posy":3,"amount":350},{"posx":16,"posy":3,"amount":450},{"posx":1,"posy":4,"amount":200},{"posx":13,"posy":4,"amount":100},{"posx":19,"posy":4,"amount":700},{"posx":8,"posy":5,"amount":600},{"posx":10,"posy":5,"amount":300},{"posx":11,"posy":5,"amount":700},{"posx":10,"posy":6,"amount":350},{"posx":17,"posy":7,"amount":150},{"posx":20,"posy":7,"amount":50},{"posx":10,"posy":8,"amount":700}],"changedObstacles":[{"type":0,"posx":2,"posy":4,"value":-1}]},{"players":[{"playerId":2451990,"score":450,"energy":10,"posx":10,"posy":6,"lastAction":5,"status":0},{"playerId":75082,"score":450,"energy":15,"posx":7,"posy":8,"lastAction":1,"status":0},{"playerId":2234905,"score":300,"energy":27,"posx":3,"posy":8,"lastAction":4,"status":0},{"playerId":803122,"score":600,"energy":8,"posx":1,"posy":4,"lastAction":0,"status":0}],"golds":[{"posx":7,"posy":0,"amount":300},{"posx":11,"posy":1,"amount":400},{"posx":12,"posy":1,"amount":100},{"posx":17,"posy":1,"amount":700},{"posx":12,"posy":2,"amount":550},{"posx":1,"posy":3,"amount":350},{"posx":16,"posy":3,"amount":450},{"posx":1,"posy":4,"amount":200},{"posx":13,"posy":4,"amount":100},{"posx":19,"posy":4,"amount":700},{"posx":8,"posy":5,"amount":600},{"posx":10,"posy":5,"amount":300},{"posx":11,"posy":5,"amount":700},{"posx":10,"posy":6,"amount":300},{"posx":17,"posy":7,"amount":150},{"posx":20,"posy":7,"amount":50},{"posx":10,"posy":8,"amount":700}],"changedObstacles":[]},{"players":[{"playerId":2451990,"score":500,"energy":5,"posx":10,"posy":6,"lastAction":5,"status":0},{"playerId":75082,"score":450,"energy":5,"posx":8,"posy":8,"lastAction":1,"status":0},{"playerId":2234905,"score":300,"energy":26,"posx":3,"posy":7,"lastAction":2,"status":0},{"playerId":803122,"score":650,"energy":3,"posx":1,"posy":4,"lastAction":5,"status":0}],"golds":[{"posx":7,"posy":0,"amount":300},{"posx":11,"posy":1,"amount":400},{"posx":12,"posy":1,"amount":100},{"posx":17,"posy":1,"amount":700},{"posx":12,"posy":2,"amount":550},{"posx":1,"posy":3,"amount":350},{"posx":16,"posy":3,"amount":450},{"posx":1,"posy":4,"amount":150},{"posx":13,"posy":4,"amount":100},{"posx":19,"posy":4,"amount":700},{"posx":8,"posy":5,"amount":600},{"posx":10,"posy":5,"amount":300},{"posx":11,"posy":5,"amount":700},{"posx":10,"posy":6,"amount":250},{"posx":17,"posy":7,"amount":150},{"posx":20,"posy":7,"amount":50},{"posx":10,"posy":8,"amount":700}],"changedObstacles":[{"type":0,"posx":8,"posy":8,"value":-1}]},{"players":[{"playerId":2451990,"score":500,"energy":17,"posx":10,"posy":6,"lastAction":4,"status":0},{"playerId":75082,"score":450,"energy":4,"posx":9,"posy":8,"lastAction":1,"status":0},{"playerId":2234905,"score":300,"energy":25,"posx":3,"posy":6,"lastAction":2,"status":0},{"playerId":803122,"score":650,"energy":15,"posx":1,"posy":4,"lastAction":4,"status":0}],"golds":[{"posx":7,"posy":0,"amount":300},{"posx":11,"posy":1,"amount":400},{"posx":12,"posy":1,"amount":100},{"posx":17,"posy":1,"amount":700},{"posx":12,"posy":2,"amount":550},{"posx":1,"posy":3,"amount":350},{"posx":16,"posy":3,"amount":450},{"posx":1,"posy":4,"amount":150},{"posx":13,"posy":4,"amount":100},{"posx":19,"posy":4,"amount":700},{"posx":8,"posy":5,"amount":600},{"posx":10,"posy":5,"amount":300},{"posx":11,"posy":5,"amount":700},{"posx":10,"posy":6,"amount":250},{"posx":17,"posy":7,"amount":150},{"posx":20,"posy":7,"amount":50},{"posx":10,"posy":8,"amount":700}],"changedObstacles":[]},{"players":[{"playerId":2451990,"score":500,"energy":33,"posx":10,"posy":6,"lastAction":4,"status":0},{"playerId":75082,"score":450,"energy":16,"posx":9,"posy":8,"lastAction":4,"status":0},{"playerId":2234905,"score":300,"energy":5,"posx":3,"posy":5,"lastAction":2,"status":0},{"playerId":803122,"score":700,"energy":10,"posx":1,"posy":4,"lastAction":5,"status":0}],"golds":[{"posx":7,"posy":0,"amount":300},{"posx":11,"posy":1,"amount":400},{"posx":12,"posy":1,"amount":100},{"posx":17,"posy":1,"amount":700},{"posx":12,"posy":2,"amount":550},{"posx":1,"posy":3,"amount":350},{"posx":16,"posy":3,"amount":450},{"posx":1,"posy":4,"amount":100},{"posx":13,"posy":4,"amount":100},{"posx":19,"posy":4,"amount":700},{"posx":8,"posy":5,"amount":600},{"posx":10,"posy":5,"amount":300},{"posx":11,"posy":5,"amount":700},{"posx":10,"posy":6,"amount":250},{"posx":17,"posy":7,"amount":150},{"posx":20,"posy":7,"amount":50},{"posx":10,"posy":8,"amount":700}],"changedObstacles":[{"type":3,"posx":3,"posy":5,"value":-40}]},{"players":[{"playerId":2451990,"score":550,"energy":28,"posx":10,"posy":6,"lastAction":5,"status":0},{"playerId":75082,"score":450,"energy":12,"posx":10,"posy":8,"lastAction":1,"status":0},{"playerId":2234905,"score":300,"energy":4,"posx":3,"posy":4,"lastAction":2,"status":0},{"playerId":803122,"score":750,"energy":5,"posx":1,"posy":4,"lastAction":5,"status":0}],"golds":[{"posx":7,"posy":0,"amount":300},{"posx":11,"posy":1,"amount":400},{"posx":12,"posy":1,"amount":100},{"posx":17,"posy":1,"amount":700},{"posx":12,"posy":2,"amount":550},{"posx":1,"posy":3,"amount":350},{"posx":16,"posy":3,"amount":450},{"posx":1,"posy":4,"amount":50},{"posx":13,"posy":4,"amount":100},{"posx":19,"posy":4,"amount":700},{"posx":8,"posy":5,"amount":600},{"posx":10,"posy":5,"amount":300},{"posx":11,"posy":5,"amount":700},{"posx":10,"posy":6,"amount":200},{"posx":17,"posy":7,"amount":150},{"posx":20,"posy":7,"amount":50},{"posx":10,"posy":8,"amount":700}],"changedObstacles":[]},{"players":[{"playerId":2451990,"score":600,"energy":23,"posx":10,"posy":6,"lastAction":5,"status":0},{"playerId":75082,"score":500,"energy":7,"posx":10,"posy":8,"lastAction":5,"status":0},{"playerId":2234905,"score":300,"energy":16,"posx":3,"posy":4,"lastAction":4,"status":0},{"playerId":803122,"score":750,"energy":17,"posx":1,"posy":4,"lastAction":4,"status":0}],"golds":[{"posx":7,"posy":0,"amount":300},{"posx":11,"posy":1,"amount":400},{"posx":12,"posy":1,"amount":100},{"posx":17,"posy":1,"amount":700},{"posx":12,"posy":2,"amount":550},{"posx":1,"posy":3,"amount":350},{"posx":16,"posy":3,"amount":450},{"posx":1,"posy":4,"amount":50},{"posx":13,"posy":4,"amount":100},{"posx":19,"posy":4,"amount":700},{"posx":8,"posy":5,"amount":600},{"posx":10,"posy":5,"amount":300},{"posx":11,"posy":5,"amount":700},{"posx":10,"posy":6,"amount":150},{"posx":17,"posy":7,"amount":150},{"posx":20,"posy":7,"amount":50},{"posx":10,"posy":8,"amount":650}],"changedObstacles":[]},{"players":[{"playerId":2451990,"score":650,"energy":18,"posx":10,"posy":6,"lastAction":5,"status":0},{"playerId":75082,"score":550,"energy":2,"posx":10,"posy":8,"lastAction":5,"status":0},{"playerId":2234905,"score":300,"energy":32,"posx":3,"posy":4,"lastAction":4,"status":0},{"playerId":803122,"score":800,"energy":12,"posx":1,"posy":4,"lastAction":5,"status":0}],"golds":[{"posx":7,"posy":0,"amount":300},{"posx":11,"posy":1,"amount":400},{"posx":12,"posy":1,"amount":100},{"posx":17,"posy":1,"amount":700},{"posx":12,"posy":2,"amount":550},{"posx":1,"posy":3,"amount":350},{"posx":16,"posy":3,"amount":450},{"posx":13,"posy":4,"amount":100},{"posx":19,"posy":4,"amount":700},{"posx":8,"posy":5,"amount":600},{"posx":10,"posy":5,"amount":300},{"posx":11,"posy":5,"amount":700},{"posx":10,"posy":6,"amount":100},{"posx":17,"posy":7,"amount":150},{"posx":20,"posy":7,"amount":50},{"posx":10,"posy":8,"amount":600}],"changedObstacles":[{"type":0,"posx":1,"posy":4,"value":-1}]},{"players":[{"playerId":2451990,"score":700,"energy":13,"posx":10,"posy":6,"lastAction":5,"status":0},{"playerId":75082,"score":550,"energy":14,"posx":10,"posy":8,"lastAction":4,"status":0},{"playerId":2234905,"score":300,"energy":15,"posx":3,"posy":3,"lastAction":2,"status":0},{"playerId":803122,"score":800,"energy":8,"posx":1,"posy":3,"lastAction":2,"status":0}],"golds":[{"posx":7,"posy":0,"amount":300},{"posx":11,"posy":1,"amount":400},{"posx":12,"posy":1,"amount":100},{"posx":17,"posy":1,"amount":700},{"posx":12,"posy":2,"amount":550},{"posx":1,"posy":3,"amount":350},{"posx":16,"posy":3,"amount":450},{"posx":13,"posy":4,"amount":100},{"posx":19,"posy":4,"amount":700},{"posx":8,"posy":5,"amount":600},{"posx":10,"posy":5,"amount":300},{"posx":11,"posy":5,"amount":700},{"posx":10,"posy":6,"amount":50},{"posx":17,"posy":7,"amount":150},{"posx":20,"posy":7,"amount":50},{"posx":10,"posy":8,"amount":600}],"changedObstacles":[]},{"players":[{"playerId":2451990,"score":750,"energy":8,"posx":10,"posy":6,"lastAction":5,"status":0},{"playerId":75082,"score":600,"energy":9,"posx":10,"posy":8,"lastAction":5,"status":0},{"playerId":2234905,"score":300,"energy":14,"posx":4,"posy":3,"lastAction":1,"status":0},{"playerId":803122,"score":850,"energy":3,"posx":1,"posy":3,"lastAction":5,"status":0}],"golds":[{"posx":7,"posy":0,"amount":300},{"posx":11,"posy":1,"amount":400},{"posx":12,"posy":1,"amount":100},{"posx":17,"posy":1,"amount":700},{"posx":12,"posy":2,"amount":550},{"posx":1,"posy":3,"amount":300},{"posx":16,"posy":3,"amount":450},{"posx":13,"posy":4,"amount":100},{"posx":19,"posy":4,"amount":700},{"posx":8,"posy":5,"amount":600},{"posx":10,"posy":5,"amount":300},{"posx":11,"posy":5,"amount":700},{"posx":17,"posy":7,"amount":150},{"posx":20,"posy":7,"amount":50},{"posx":10,"posy":8,"amount":550}],"changedObstacles":[{"type":0,"posx":10,"posy":6,"value":-1}]},{"players":[{"playerId":2451990,"score":750,"energy":4,"posx":10,"posy":5,"lastAction":2,"status":0},{"playerId":75082,"score":650,"energy":4,"posx":10,"posy":8,"lastAction":5,"status":0},{"playerId":2234905,"score":300,"energy":13,"posx":5,"posy":3,"lastAction":1,"status":0},{"playerId":803122,"score":850,"energy":15,"posx":1,"posy":3,"lastAction":4,"status":0}],"golds":[{"posx":7,"posy":0,"amount":300},{"posx":11,"posy":1,"amount":400},{"posx":12,"posy":1,"amount":100},{"posx":17,"posy":1,"amount":700},{"posx":12,"posy":2,"amount":550},{"posx":1,"posy":3,"amount":300},{"posx":16,"posy":3,"amount":450},{"posx":13,"posy":4,"amount":100},{"posx":19,"posy":4,"amount":700},{"posx":8,"posy":5,"amount":600},{"posx":10,"posy":5,"amount":300},{"posx":11,"posy":5,"amount":700},{"posx":17,"posy":7,"amount":150},{"posx":20,"posy":7,"amount":50},{"posx":10,"posy":8,"amount":500}],"changedObstacles":[]},{"players":[{"playerId":2451990,"score":750,"energy":16,"posx":10,"posy":5,"lastAction":4,"status":0},{"playerId":75082,"score":650,"energy":16,"posx":10,"posy":8,"lastAction":4,"status":0},{"playerId":2234905,"score":300,"energy":25,"posx":5,"posy":3,"lastAction":4,"status":0},{"playerId":803122,"score":900,"energy":10,"posx":1,"posy":3,"lastAction":5,"status":0}],"golds":[{"posx":7,"posy":0,"amount":300},{"posx":11,"posy":1,"amount":400},{"posx":12,"posy":1,"amount":100},{"posx":17,"posy":1,"amount":700},{"posx":12,"posy":2,"amount":550},{"posx":1,"posy":3,"amount":250},{"posx":16,"posy":3,"amount":450},{"posx":13,"posy":4,"amount":100},{"posx":19,"posy":4,"amount":700},{"posx":8,"posy":5,"amount":600},{"posx":10,"posy":5,"amount":300},{"posx":11,"posy":5,"amount":700},{"posx":17,"posy":7,"amount":150},{"posx":20,"posy":7,"amount":50},{"posx":10,"posy":8,"amount":500}],"changedObstacles":[]},{"players":[{"playerId":2451990,"score":750,"energy":32,"posx":10,"posy":5,"lastAction":4,"status":0},{"playerId":75082,"score":700,"energy":11,"posx":10,"posy":8,"lastAction":5,"status":0},{"playerId":2234905,"score":300,"energy":20,"posx":6,"posy":3,"lastAction":1,"status":0},{"playerId":803122,"score":950,"energy":5,"posx":1,"posy":3,"lastAction":5,"status":0}],"golds":[{"posx":7,"posy":0,"amount":300},{"posx":11,"posy":1,"amount":400},{"posx":12,"posy":1,"amount":100},{"posx":17,"posy":1,"amount":700},{"posx":12,"posy":2,"amount":550},{"posx":1,"posy":3,"amount":200},{"posx":16,"posy":3,"amount":450},{"posx":13,"posy":4,"amount":100},{"posx":19,"posy":4,"amount":700},{"posx":8,"posy":5,"amount":600},{"posx":10,"posy":5,"amount":300},{"posx":11,"posy":5,"amount":700},{"posx":17,"posy":7,"amount":150},{"posx":20,"posy":7,"amount":50},{"posx":10,"posy":8,"amount":450}],"changedObstacles":[{"type":3,"posx":6,"posy":3,"value":-20}]},{"players":[{"playerId":2451990,"score":800,"energy":27,"posx":10,"posy":5,"lastAction":5,"status":0},{"playerId":75082,"score":750,"energy":6,"posx":10,"posy":8,"lastAction":5,"status":0},{"playerId":2234905,"score":300,"energy":19,"posx":7,"posy":3,"lastAction":1,"status":0},{"playerId":803122,"score":950,"energy":17,"posx":1,"posy":3,"lastAction":4,"status":0}],"golds":[{"posx":7,"posy":0,"amount":300},{"posx":11,"posy":1,"amount":400},{"posx":12,"posy":1,"amount":100},{"posx":17,"posy":1,"amount":700},{"posx":12,"posy":2,"amount":550},{"posx":1,"posy":3,"amount":200},{"posx":16,"posy":3,"amount":450},{"posx":13,"posy":4,"amount":100},{"posx":19,"posy":4,"amount":700},{"posx":8,"posy":5,"amount":600},{"posx":10,"posy":5,"amount":250},{"posx":11,"posy":5,"amount":700},{"posx":17,"posy":7,"amount":150},{"posx":20,"posy":7,"amount":50},{"posx":10,"posy":8,"amount":400}],"changedObstacles":[]},{"players":[{"playerId":2451990,"score":850,"energy":22,"posx":10,"posy":5,"lastAction":5,"status":0},{"playerId":75082,"score":800,"energy":1,"posx":10,"posy":8,"lastAction":5,"status":0},{"playerId":2234905,"score":300,"energy":14,"posx":8,"posy":3,"lastAction":1,"status":0},{"playerId":803122,"score":1000,"energy":12,"posx":1,"posy":3,"lastAction":5,"status":0}],"golds":[{"posx":7,"posy":0,"amount":300},{"posx":11,"posy":1,"amount":400},{"posx":12,"posy":1,"amount":100},{"posx":17,"posy":1,"amount":700},{"posx":12,"posy":2,"amount":550},{"posx":1,"posy":3,"amount":150},{"posx":16,"posy":3,"amount":450},{"posx":13,"posy":4,"amount":100},{"posx":19,"posy":4,"amount":700},{"posx":8,"posy":5,"amount":600},{"posx":10,"posy":5,"amount":200},{"posx":11,"posy":5,"amount":700},{"posx":17,"posy":7,"amount":150},{"posx":20,"posy":7,"amount":50},{"posx":10,"posy":8,"amount":350}],"changedObstacles":[{"type":3,"posx":8,"posy":3,"value":-20}]},{"players":[{"playerId":2451990,"score":900,"energy":17,"posx":10,"posy":5,"lastAction":5,"status":0},{"playerId":75082,"score":800,"energy":13,"posx":10,"posy":8,"lastAction":4,"status":0},{"playerId":2234905,"score":300,"energy":13,"posx":8,"posy":4,"lastAction":3,"status":0},{"playerId":803122,"score":1050,"energy":7,"posx":1,"posy":3,"lastAction":5,"status":0}],"golds":[{"posx":7,"posy":0,"amount":300},{"posx":11,"posy":1,"amount":400},{"posx":12,"posy":1,"amount":100},{"posx":17,"posy":1,"amount":700},{"posx":12,"posy":2,"amount":550},{"posx":1,"posy":3,"amount":100},{"posx":16,"posy":3,"amount":450},{"posx":13,"posy":4,"amount":100},{"posx":19,"posy":4,"amount":700},{"posx":8,"posy":5,"amount":600},{"posx":10,"posy":5,"amount":150},{"posx":11,"posy":5,"amount":700},{"posx":17,"posy":7,"amount":150},{"posx":20,"posy":7,"amount":50},{"posx":10,"posy":8,"amount":350}],"changedObstacles":[]},{"players":[{"playerId":2451990,"score":950,"energy":12,"posx":10,"posy":5,"lastAction":5,"status":0},{"playerId":75082,"score":850,"energy":8,"posx":10,"posy":8,"lastAction":5,"status":0},{"playerId":2234905,"score":300,"energy":25,"posx":8,"posy":4,"lastAction":4,"status":0},{"playerId":803122,"score":1100,"energy":2,"posx":1,"posy":3,"lastAction":5,"status":0}],"golds":[{"posx":7,"posy":0,"amount":300},{"posx":11,"posy":1,"amount":400},{"posx":12,"posy":1,"amount":100},{"posx":17,"posy":1,"amount":700},{"posx":12,"posy":2,"amount":550},{"posx":1,"posy":3,"amount":50},{"posx":16,"posy":3,"amount":450},{"posx":13,"posy":4,"amount":100},{"posx":19,"posy":4,"amount":700},{"posx":8,"posy":5,"amount":600},{"posx":10,"posy":5,"amount":100},{"posx":11,"posy":5,"amount":700},{"posx":17,"posy":7,"amount":150},{"posx":20,"posy":7,"amount":50},{"posx":10,"posy":8,"amount":300}],"changedObstacles":[]},{"players":[{"playerId":2451990,"score":1000,"energy":7,"posx":10,"posy":5,"lastAction":5,"status":0},{"playerId":75082,"score":900,"energy":3,"posx":10,"posy":8,"lastAction":5,"status":0},{"playerId":2234905,"score":300,"energy":24,"posx":9,"posy":4,"lastAction":1,"status":0},{"playerId":803122,"score":1100,"energy":14,"posx":1,"posy":3,"lastAction":4,"status":0}],"golds":[{"posx":7,"posy":0,"amount":300},{"posx":11,"posy":1,"amount":400},{"posx":12,"posy":1,"amount":100},{"posx":17,"posy":1,"amount":700},{"posx":12,"posy":2,"amount":550},{"posx":1,"posy":3,"amount":50},{"posx":16,"posy":3,"amount":450},{"posx":13,"posy":4,"amount":100},{"posx":19,"posy":4,"amount":700},{"posx":8,"posy":5,"amount":600},{"posx":10,"posy":5,"amount":50},{"posx":11,"posy":5,"amount":700},{"posx":17,"posy":7,"amount":150},{"posx":20,"posy":7,"amount":50},{"posx":10,"posy":8,"amount":250}],"changedObstacles":[]},{"players":[{"playerId":2451990,"score":1050,"energy":2,"posx":10,"posy":5,"lastAction":5,"status":0},{"playerId":75082,"score":900,"energy":15,"posx":10,"posy":8,"lastAction":4,"status":0},{"playerId":2234905,"score":300,"energy":36,"posx":9,"posy":4,"lastAction":4,"status":0},{"playerId":803122,"score":1150,"energy":9,"posx":1,"posy":3,"lastAction":5,"status":0}],"golds":[{"posx":7,"posy":0,"amount":300},{"posx":11,"posy":1,"amount":400},{"posx":12,"posy":1,"amount":100},{"posx":17,"posy":1,"amount":700},{"posx":12,"posy":2,"amount":550},{"posx":16,"posy":3,"amount":450},{"posx":13,"posy":4,"amount":100},{"posx":19,"posy":4,"amount":700},{"posx":8,"posy":5,"amount":600},{"posx":11,"posy":5,"amount":700},{"posx":17,"posy":7,"amount":150},{"posx":20,"posy":7,"amount":50},{"posx":10,"posy":8,"amount":250}],"changedObstacles":[{"type":0,"posx":1,"posy":3,"value":-1},{"type":0,"posx":10,"posy":5,"value":-1}]},{"players":[{"playerId":2451990,"score":1050,"energy":14,"posx":10,"posy":5,"lastAction":4,"status":0},{"playerId":75082,"score":950,"energy":10,"posx":10,"posy":8,"lastAction":5,"status":0},{"playerId":2234905,"score":300,"energy":26,"posx":10,"posy":4,"lastAction":1,"status":0},{"playerId":803122,"score":1150,"energy":4,"posx":2,"posy":3,"lastAction":1,"status":0}],"golds":[{"posx":7,"posy":0,"amount":300},{"posx":11,"posy":1,"amount":400},{"posx":12,"posy":1,"amount":100},{"posx":17,"posy":1,"amount":700},{"posx":12,"posy":2,"amount":550},{"posx":16,"posy":3,"amount":450},{"posx":13,"posy":4,"amount":100},{"posx":19,"posy":4,"amount":700},{"posx":8,"posy":5,"amount":600},{"posx":11,"posy":5,"amount":700},{"posx":17,"posy":7,"amount":150},{"posx":20,"posy":7,"amount":50},{"posx":10,"posy":8,"amount":200}],"changedObstacles":[{"type":3,"posx":2,"posy":3,"value":-20},{"type":0,"posx":10,"posy":4,"value":-1}]},{"players":[{"playerId":2451990,"score":1050,"energy":30,"posx":10,"posy":5,"lastAction":4,"status":0},{"playerId":75082,"score":1000,"energy":5,"posx":10,"posy":8,"lastAction":5,"status":0},{"playerId":2234905,"score":300,"energy":7,"posx":10,"posy":3,"lastAction":2,"status":0},{"playerId":803122,"score":1150,"energy":3,"posx":2,"posy":4,"lastAction":3,"status":0}],"golds":[{"posx":7,"posy":0,"amount":300},{"posx":11,"posy":1,"amount":400},{"posx":12,"posy":1,"amount":100},{"posx":17,"posy":1,"amount":700},{"posx":12,"posy":2,"amount":550},{"posx":16,"posy":3,"amount":450},{"posx":13,"posy":4,"amount":100},{"posx":19,"posy":4,"amount":700},{"posx":8,"posy":5,"amount":600},{"posx":11,"posy":5,"amount":700},{"posx":17,"posy":7,"amount":150},{"posx":20,"posy":7,"amount":50},{"posx":10,"posy":8,"amount":150}],"changedObstacles":[]},{"players":[{"playerId":2451990,"score":1050,"energy":50,"posx":10,"posy":5,"lastAction":4,"status":0},{"playerId":75082,"score":1000,"energy":17,"posx":10,"posy":8,"lastAction":4,"status":0},{"playerId":2234905,"score":300,"energy":19,"posx":10,"posy":3,"lastAction":4,"status":0},{"playerId":803122,"score":1150,"energy":2,"posx":3,"posy":4,"lastAction":1,"status":0}],"golds":[{"posx":7,"posy":0,"amount":300},{"posx":11,"posy":1,"amount":400},{"posx":12,"posy":1,"amount":100},{"posx":17,"posy":1,"amount":700},{"posx":12,"posy":2,"amount":550},{"posx":16,"posy":3,"amount":450},{"posx":13,"posy":4,"amount":100},{"posx":19,"posy":4,"amount":700},{"posx":8,"posy":5,"amount":600},{"posx":11,"posy":5,"amount":700},{"posx":17,"posy":7,"amount":150},{"posx":20,"posy":7,"amount":50},{"posx":10,"posy":8,"amount":150}],"changedObstacles":[]},{"players":[{"playerId":2451990,"score":1050,"energy":46,"posx":11,"posy":5,"lastAction":1,"status":0},{"playerId":75082,"score":1050,"energy":12,"posx":10,"posy":8,"lastAction":5,"status":0},{"playerId":2234905,"score":300,"energy":35,"posx":10,"posy":3,"lastAction":4,"status":0},{"playerId":803122,"score":1150,"energy":14,"posx":3,"posy":4,"lastAction":4,"status":0}],"golds":[{"posx":7,"posy":0,"amount":300},{"posx":11,"posy":1,"amount":400},{"posx":12,"posy":1,"amount":100},{"posx":17,"posy":1,"amount":700},{"posx":12,"posy":2,"amount":550},{"posx":16,"posy":3,"amount":450},{"posx":13,"posy":4,"amount":100},{"posx":19,"posy":4,"amount":700},{"posx":8,"posy":5,"amount":600},{"posx":11,"posy":5,"amount":700},{"posx":17,"posy":7,"amount":150},{"posx":20,"posy":7,"amount":50},{"posx":10,"posy":8,"amount":100}],"changedObstacles":[]},{"players":[{"playerId":2451990,"score":1100,"energy":41,"posx":11,"posy":5,"lastAction":5,"status":0},{"playerId":75082,"score":1100,"energy":7,"posx":10,"posy":8,"lastAction":5,"status":0},{"playerId":2234905,"score":300,"energy":26,"posx":9,"posy":3,"lastAction":0,"status":0},{"playerId":803122,"score":1150,"energy":30,"posx":3,"posy":4,"lastAction":4,"status":0}],"golds":[{"posx":7,"posy":0,"amount":300},{"posx":11,"posy":1,"amount":400},{"posx":12,"posy":1,"amount":100},{"posx":17,"posy":1,"amount":700},{"posx":12,"posy":2,"amount":550},{"posx":16,"posy":3,"amount":450},{"posx":13,"posy":4,"amount":100},{"posx":19,"posy":4,"amount":700},{"posx":8,"posy":5,"amount":600},{"posx":11,"posy":5,"amount":650},{"posx":17,"posy":7,"amount":150},{"posx":20,"posy":7,"amount":50},{"posx":10,"posy":8,"amount":50}],"changedObstacles":[]},{"players":[{"playerId":2451990,"score":1150,"energy":36,"posx":11,"posy":5,"lastAction":5,"status":0},{"playerId":75082,"score":1150,"energy":2,"posx":10,"posy":8,"lastAction":5,"status":0},{"playerId":2234905,"score":300,"energy":16,"posx":9,"posy":2,"lastAction":2,"status":0},{"playerId":803122,"score":1150,"energy":11,"posx":4,"posy":4,"lastAction":1,"status":0}],"golds":[{"posx":7,"posy":0,"amount":300},{"posx":11,"posy":1,"amount":400},{"posx":12,"posy":1,"amount":100},{"posx":17,"posy":1,"amount":700},{"posx":12,"posy":2,"amount":550},{"posx":16,"posy":3,"amount":450},{"posx":13,"posy":4,"amount":100},{"posx":19,"posy":4,"amount":700},{"posx":8,"posy":5,"amount":600},{"posx":11,"posy":5,"amount":600},{"posx":17,"posy":7,"amount":150},{"posx":20,"posy":7,"amount":50}],"changedObstacles":[{"type":0,"posx":9,"posy":2,"value":-1},{"type":0,"posx":10,"posy":8,"value":-1}]},{"players":[{"playerId":2451990,"score":1200,"energy":31,"posx":11,"posy":5,"lastAction":5,"status":0},{"playerId":75082,"score":1150,"energy":1,"posx":11,"posy":8,"lastAction":1,"status":0},{"playerId":2234905,"score":300,"energy":28,"posx":9,"posy":2,"lastAction":4,"status":0},{"playerId":803122,"score":1150,"energy":10,"posx":4,"posy":5,"lastAction":3,"status":0}],"golds":[{"posx":7,"posy":0,"amount":300},{"posx":11,"posy":1,"amount":400},{"posx":12,"posy":1,"amount":100},{"posx":17,"posy":1,"amount":700},{"posx":12,"posy":2,"amount":550},{"posx":16,"posy":3,"amount":450},{"posx":13,"posy":4,"amount":100},{"posx":19,"posy":4,"amount":700},{"posx":8,"posy":5,"amount":600},{"posx":11,"posy":5,"amount":550},{"posx":17,"posy":7,"amount":150},{"posx":20,"posy":7,"amount":50}],"changedObstacles":[]},{"players":[{"playerId":2451990,"score":1250,"energy":26,"posx":11,"posy":5,"lastAction":5,"status":0},{"playerId":75082,"score":1150,"energy":13,"posx":11,"posy":8,"lastAction":4,"status":0},{"playerId":2234905,"score":300,"energy":27,"posx":10,"posy":2,"lastAction":1,"status":0},{"playerId":803122,"score":1150,"energy":9,"posx":5,"posy":5,"lastAction":1,"status":0}],"golds":[{"posx":7,"posy":0,"amount":300},{"posx":11,"posy":1,"amount":400},{"posx":12,"posy":1,"amount":100},{"posx":17,"posy":1,"amount":700},{"posx":12,"posy":2,"amount":550},{"posx":16,"posy":3,"amount":450},{"posx":13,"posy":4,"amount":100},{"posx":19,"posy":4,"amount":700},{"posx":8,"posy":5,"amount":600},{"posx":11,"posy":5,"amount":500},{"posx":17,"posy":7,"amount":150},{"posx":20,"posy":7,"amount":50}],"changedObstacles":[]},{"players":[{"playerId":2451990,"score":1300,"energy":21,"posx":11,"posy":5,"lastAction":5,"status":0},{"playerId":75082,"score":1150,"energy":3,"posx":12,"posy":8,"lastAction":1,"status":0},{"playerId":2234905,"score":300,"energy":17,"posx":11,"posy":2,"lastAction":1,"status":0},{"playerId":803122,"score":1150,"energy":21,"posx":5,"posy":5,"lastAction":4,"status":0}],"golds":[{"posx":7,"posy":0,"amount":300},{"posx":11,"posy":1,"amount":400},{"posx":12,"posy":1,"amount":100},{"posx":17,"posy":1,"amount":700},{"posx":12,"posy":2,"amount":550},{"posx":16,"posy":3,"amount":450},{"posx":13,"posy":4,"amount":100},{"posx":19,"posy":4,"amount":700},{"posx":8,"posy":5,"amount":600},{"posx":11,"posy":5,"amount":450},{"posx":17,"posy":7,"amount":150},{"posx":20,"posy":7,"amount":50}],"changedObstacles":[{"type":0,"posx":12,"posy":8,"value":-1},{"type":0,"posx":11,"posy":2,"value":-1}]},{"players":[{"playerId":2451990,"score":1350,"energy":16,"posx":11,"posy":5,"lastAction":5,"status":0},{"playerId":75082,"score":1150,"energy":15,"posx":12,"posy":8,"lastAction":4,"status":0},{"playerId":2234905,"score":300,"energy":13,"posx":12,"posy":2,"lastAction":1,"status":0},{"playerId":803122,"score":1150,"energy":11,"posx":6,"posy":5,"lastAction":1,"status":0}],"golds":[{"posx":7,"posy":0,"amount":300},{"posx":11,"posy":1,"amount":400},{"posx":12,"posy":1,"amount":100},{"posx":17,"posy":1,"amount":700},{"posx":12,"posy":2,"amount":550},{"posx":16,"posy":3,"amount":450},{"posx":13,"posy":4,"amount":100},{"posx":19,"posy":4,"amount":700},{"posx":8,"posy":5,"amount":600},{"posx":11,"posy":5,"amount":400},{"posx":17,"posy":7,"amount":150},{"posx":20,"posy":7,"amount":50}],"changedObstacles":[{"type":0,"posx":6,"posy":5,"value":-1}]},{"players":[{"playerId":2451990,"score":1400,"energy":11,"posx":11,"posy":5,"lastAction":5,"status":0},{"playerId":75082,"score":1150,"energy":5,"posx":13,"posy":8,"lastAction":1,"status":0},{"playerId":2234905,"score":350,"energy":8,"posx":12,"posy":2,"lastAction":5,"status":0},{"playerId":803122,"score":1150,"energy":10,"posx":7,"posy":5,"lastAction":1,"status":0}],"golds":[{"posx":7,"posy":0,"amount":300},{"posx":11,"posy":1,"amount":400},{"posx":12,"posy":1,"amount":100},{"posx":17,"posy":1,"amount":700},{"posx":12,"posy":2,"amount":500},{"posx":16,"posy":3,"amount":450},{"posx":13,"posy":4,"amount":100},{"posx":19,"posy":4,"amount":700},{"posx":8,"posy":5,"amount":600},{"posx":11,"posy":5,"amount":350},{"posx":17,"posy":7,"amount":150},{"posx":20,"posy":7,"amount":50}],"changedObstacles":[{"type":0,"posx":13,"posy":8,"value":-1}]},{"players":[{"playerId":2451990,"score":1450,"energy":6,"posx":11,"posy":5,"lastAction":5,"status":0},{"playerId":75082,"score":1150,"energy":17,"posx":13,"posy":8,"lastAction":4,"status":0},{"playerId":2234905,"score":400,"energy":3,"posx":12,"posy":2,"lastAction":5,"status":0},{"playerId":803122,"score":1150,"energy":6,"posx":8,"posy":5,"lastAction":1,"status":0}],"golds":[{"posx":7,"posy":0,"amount":300},{"posx":11,"posy":1,"amount":400},{"posx":12,"posy":1,"amount":100},{"posx":17,"posy":1,"amount":700},{"posx":12,"posy":2,"amount":450},{"posx":16,"posy":3,"amount":450},{"posx":13,"posy":4,"amount":100},{"posx":19,"posy":4,"amount":700},{"posx":8,"posy":5,"amount":600},{"posx":11,"posy":5,"amount":300},{"posx":17,"posy":7,"amount":150},{"posx":20,"posy":7,"amount":50}],"changedObstacles":[]},{"players":[{"playerId":2451990,"score":1500,"energy":1,"posx":11,"posy":5,"lastAction":5,"status":0},{"playerId":75082,"score":1150,"energy":12,"posx":14,"posy":8,"lastAction":1,"status":0},{"playerId":2234905,"score":400,"energy":15,"posx":12,"posy":2,"lastAction":4,"status":0},{"playerId":803122,"score":1200,"energy":1,"posx":8,"posy":5,"lastAction":5,"status":0}],"golds":[{"posx":7,"posy":0,"amount":300},{"posx":11,"posy":1,"amount":400},{"posx":12,"posy":1,"amount":100},{"posx":17,"posy":1,"amount":700},{"posx":12,"posy":2,"amount":450},{"posx":16,"posy":3,"amount":450},{"posx":13,"posy":4,"amount":100},{"posx":19,"posy":4,"amount":700},{"posx":8,"posy":5,"amount":550},{"posx":11,"posy":5,"amount":250},{"posx":17,"posy":7,"amount":150},{"posx":20,"posy":7,"amount":50}],"changedObstacles":[{"type":3,"posx":14,"posy":8,"value":-20}]},{"players":[{"playerId":2451990,"score":1500,"energy":13,"posx":11,"posy":5,"lastAction":4,"status":0},{"playerId":75082,"score":1150,"energy":2,"posx":15,"posy":8,"lastAction":1,"status":0},{"playerId":2234905,"score":450,"energy":10,"posx":12,"posy":2,"lastAction":5,"status":0},{"playerId":803122,"score":1200,"energy":13,"posx":8,"posy":5,"lastAction":4,"status":0}],"golds":[{"posx":7,"posy":0,"amount":300},{"posx":11,"posy":1,"amount":400},{"posx":12,"posy":1,"amount":100},{"posx":17,"posy":1,"amount":700},{"posx":12,"posy":2,"amount":400},{"posx":16,"posy":3,"amount":450},{"posx":13,"posy":4,"amount":100},{"posx":19,"posy":4,"amount":700},{"posx":8,"posy":5,"amount":550},{"posx":11,"posy":5,"amount":250},{"posx":17,"posy":7,"amount":150},{"posx":20,"posy":7,"amount":50}],"changedObstacles":[{"type":0,"posx":15,"posy":8,"value":-1}]},{"players":[{"playerId":2451990,"score":1500,"energy":29,"posx":11,"posy":5,"lastAction":4,"status":0},{"playerId":75082,"score":1150,"energy":14,"posx":15,"posy":8,"lastAction":4,"status":0},{"playerId":2234905,"score":500,"energy":5,"posx":12,"posy":2,"lastAction":5,"status":0},{"playerId":803122,"score":1250,"energy":8,"posx":8,"posy":5,"lastAction":5,"status":0}],"golds":[{"posx":7,"posy":0,"amount":300},{"posx":11,"posy":1,"amount":400},{"posx":12,"posy":1,"amount":100},{"posx":17,"posy":1,"amount":700},{"posx":12,"posy":2,"amount":350},{"posx":16,"posy":3,"amount":450},{"posx":13,"posy":4,"amount":100},{"posx":19,"posy":4,"amount":700},{"posx":8,"posy":5,"amount":500},{"posx":11,"posy":5,"amount":250},{"posx":17,"posy":7,"amount":150},{"posx":20,"posy":7,"amount":50}],"changedObstacles":[]},{"players":[{"playerId":2451990,"score":1550,"energy":24,"posx":11,"posy":5,"lastAction":5,"status":0},{"playerId":75082,"score":1150,"energy":30,"posx":15,"posy":8,"lastAction":4,"status":0},{"playerId":2234905,"score":500,"energy":17,"posx":12,"posy":2,"lastAction":4,"status":0},{"playerId":803122,"score":1300,"energy":3,"posx":8,"posy":5,"lastAction":5,"status":0}],"golds":[{"posx":7,"posy":0,"amount":300},{"posx":11,"posy":1,"amount":400},{"posx":12,"posy":1,"amount":100},{"posx":17,"posy":1,"amount":700},{"posx":12,"posy":2,"amount":350},{"posx":16,"posy":3,"amount":450},{"posx":13,"posy":4,"amount":100},{"posx":19,"posy":4,"amount":700},{"posx":8,"posy":5,"amount":450},{"posx":11,"posy":5,"amount":200},{"posx":17,"posy":7,"amount":150},{"posx":20,"posy":7,"amount":50}],"changedObstacles":[]},{"players":[{"playerId":2451990,"score":1600,"energy":19,"posx":11,"posy":5,"lastAction":5,"status":0},{"playerId":75082,"score":1150,"energy":20,"posx":16,"posy":8,"lastAction":1,"status":0},{"playerId":2234905,"score":550,"energy":12,"posx":12,"posy":2,"lastAction":5,"status":0},{"playerId":803122,"score":1300,"energy":15,"posx":8,"posy":5,"lastAction":4,"status":0}],"golds":[{"posx":7,"posy":0,"amount":300},{"posx":11,"posy":1,"amount":400},{"posx":12,"posy":1,"amount":100},{"posx":17,"posy":1,"amount":700},{"posx":12,"posy":2,"amount":300},{"posx":16,"posy":3,"amount":450},{"posx":13,"posy":4,"amount":100},{"posx":19,"posy":4,"amount":700},{"posx":8,"posy":5,"amount":450},{"posx":11,"posy":5,"amount":150},{"posx":17,"posy":7,"amount":150},{"posx":20,"posy":7,"amount":50}],"changedObstacles":[]},{"players":[{"playerId":2451990,"score":1650,"energy":14,"posx":11,"posy":5,"lastAction":5,"status":0},{"playerId":75082,"score":1150,"energy":10,"posx":17,"posy":8,"lastAction":1,"status":0},{"playerId":2234905,"score":600,"energy":7,"posx":12,"posy":2,"lastAction":5,"status":0},{"playerId":803122,"score":1350,"energy":10,"posx":8,"posy":5,"lastAction":5,"status":0}],"golds":[{"posx":7,"posy":0,"amount":300},{"posx":11,"posy":1,"amount":400},{"posx":12,"posy":1,"amount":100},{"posx":17,"posy":1,"amount":700},{"posx":12,"posy":2,"amount":250},{"posx":16,"posy":3,"amount":450},{"posx":13,"posy":4,"amount":100},{"posx":19,"posy":4,"amount":700},{"posx":8,"posy":5,"amount":400},{"posx":11,"posy":5,"amount":100},{"posx":17,"posy":7,"amount":150},{"posx":20,"posy":7,"amount":50}],"changedObstacles":[{"type":0,"posx":17,"posy":8,"value":-1}]},{"players":[{"playerId":2451990,"score":1700,"energy":9,"posx":11,"posy":5,"lastAction":5,"status":0},{"playerId":75082,"score":1150,"energy":9,"posx":18,"posy":8,"lastAction":1,"status":0},{"playerId":2234905,"score":650,"energy":2,"posx":12,"posy":2,"lastAction":5,"status":0},{"playerId":803122,"score":1400,"energy":5,"posx":8,"posy":5,"lastAction":5,"status":0}],"golds":[{"posx":7,"posy":0,"amount":300},{"posx":11,"posy":1,"amount":400},{"posx":12,"posy":1,"amount":100},{"posx":17,"posy":1,"amount":700},{"posx":12,"posy":2,"amount":200},{"posx":16,"posy":3,"amount":450},{"posx":13,"posy":4,"amount":100},{"posx":19,"posy":4,"amount":700},{"posx":8,"posy":5,"amount":350},{"posx":11,"posy":5,"amount":50},{"posx":17,"posy":7,"amount":150},{"posx":20,"posy":7,"amount":50}],"changedObstacles":[]},{"players":[{"playerId":2451990,"score":1750,"energy":4,"posx":11,"posy":5,"lastAction":5,"status":0},{"playerId":75082,"score":1150,"energy":21,"posx":18,"posy":8,"lastAction":4,"status":0},{"playerId":2234905,"score":650,"energy":14,"posx":12,"posy":2,"lastAction":4,"status":0},{"playerId":803122,"score":1400,"energy":17,"posx":8,"posy":5,"lastAction":4,"status":0}],"golds":[{"posx":7,"posy":0,"amount":300},{"posx":11,"posy":1,"amount":400},{"posx":12,"posy":1,"amount":100},{"posx":17,"posy":1,"amount":700},{"posx":12,"posy":2,"amount":200},{"posx":16,"posy":3,"amount":450},{"posx":13,"posy":4,"amount":100},{"posx":19,"posy":4,"amount":700},{"posx":8,"posy":5,"amount":350},{"posx":17,"posy":7,"amount":150},{"posx":20,"posy":7,"amount":50}],"changedObstacles":[{"type":0,"posx":11,"posy":5,"value":-1}]},{"players":[{"playerId":2451990,"score":1750,"energy":3,"posx":12,"posy":5,"lastAction":1,"status":0},{"playerId":75082,"score":1150,"energy":37,"posx":18,"posy":8,"lastAction":4,"status":0},{"playerId":2234905,"score":700,"energy":9,"posx":12,"posy":2,"lastAction":5,"status":0},{"playerId":803122,"score":1450,"energy":12,"posx":8,"posy":5,"lastAction":5,"status":0}],"golds":[{"posx":7,"posy":0,"amount":300},{"posx":11,"posy":1,"amount":400},{"posx":12,"posy":1,"amount":100},{"posx":17,"posy":1,"amount":700},{"posx":12,"posy":2,"amount":150},{"posx":16,"posy":3,"amount":450},{"posx":13,"posy":4,"amount":100},{"posx":19,"posy":4,"amount":700},{"posx":8,"posy":5,"amount":300},{"posx":17,"posy":7,"amount":150},{"posx":20,"posy":7,"amount":50}],"changedObstacles":[]},{"players":[{"playerId":2451990,"score":1750,"energy":15,"posx":12,"posy":5,"lastAction":4,"status":0},{"playerId":75082,"score":1150,"energy":32,"posx":19,"posy":8,"lastAction":1,"status":0},{"playerId":2234905,"score":750,"energy":4,"posx":12,"posy":2,"lastAction":5,"status":0},{"playerId":803122,"score":1500,"energy":7,"posx":8,"posy":5,"lastAction":5,"status":0}],"golds":[{"posx":7,"posy":0,"amount":300},{"posx":11,"posy":1,"amount":400},{"posx":12,"posy":1,"amount":100},{"posx":17,"posy":1,"amount":700},{"posx":12,"posy":2,"amount":100},{"posx":16,"posy":3,"amount":450},{"posx":13,"posy":4,"amount":100},{"posx":19,"posy":4,"amount":700},{"posx":8,"posy":5,"amount":250},{"posx":17,"posy":7,"amount":150},{"posx":20,"posy":7,"amount":50}],"changedObstacles":[{"type":3,"posx":19,"posy":8,"value":-20}]},{"players":[{"playerId":2451990,"score":1750,"energy":31,"posx":12,"posy":5,"lastAction":4,"status":0},{"playerId":75082,"score":1150,"energy":27,"posx":20,"posy":8,"lastAction":1,"status":0},{"playerId":2234905,"score":750,"energy":16,"posx":12,"posy":2,"lastAction":4,"status":0},{"playerId":803122,"score":1550,"energy":2,"posx":8,"posy":5,"lastAction":5,"status":0}],"golds":[{"posx":7,"posy":0,"amount":300},{"posx":11,"posy":1,"amount":400},{"posx":12,"posy":1,"amount":100},{"posx":17,"posy":1,"amount":700},{"posx":12,"posy":2,"amount":100},{"posx":16,"posy":3,"amount":450},{"posx":13,"posy":4,"amount":100},{"posx":19,"posy":4,"amount":700},{"posx":8,"posy":5,"amount":200},{"posx":17,"posy":7,"amount":150},{"posx":20,"posy":7,"amount":50}],"changedObstacles":[{"type":3,"posx":20,"posy":8,"value":-20}]},{"players":[{"playerId":2451990,"score":1750,"energy":50,"posx":12,"posy":5,"lastAction":4,"status":0},{"playerId":75082,"score":1150,"energy":39,"posx":20,"posy":8,"lastAction":4,"status":0},{"playerId":2234905,"score":800,"energy":11,"posx":12,"posy":2,"lastAction":5,"status":0},{"playerId":803122,"score":1550,"energy":14,"posx":8,"posy":5,"lastAction":4,"status":0}],"golds":[{"posx":7,"posy":0,"amount":300},{"posx":11,"posy":1,"amount":400},{"posx":12,"posy":1,"amount":100},{"posx":17,"posy":1,"amount":700},{"posx":12,"posy":2,"amount":50},{"posx":16,"posy":3,"amount":450},{"posx":13,"posy":4,"amount":100},{"posx":19,"posy":4,"amount":700},{"posx":8,"posy":5,"amount":200},{"posx":17,"posy":7,"amount":150},{"posx":20,"posy":7,"amount":50}],"changedObstacles":[]},{"players":[{"playerId":2451990,"score":1750,"energy":32,"posx":13,"posy":5,"lastAction":1,"status":0},{"playerId":75082,"score":1150,"energy":35,"posx":20,"posy":7,"lastAction":2,"status":0},{"playerId":2234905,"score":850,"energy":6,"posx":12,"posy":2,"lastAction":5,"status":0},{"playerId":803122,"score":1600,"energy":9,"posx":8,"posy":5,"lastAction":5,"status":0}],"golds":[{"posx":7,"posy":0,"amount":300},{"posx":11,"posy":1,"amount":400},{"posx":12,"posy":1,"amount":100},{"posx":17,"posy":1,"amount":700},{"posx":16,"posy":3,"amount":450},{"posx":13,"posy":4,"amount":100},{"posx":19,"posy":4,"amount":700},{"posx":8,"posy":5,"amount":150},{"posx":17,"posy":7,"amount":150},{"posx":20,"posy":7,"amount":50}],"changedObstacles":[{"type":0,"posx":12,"posy":2,"value":-1}]},{"players":[{"playerId":2451990,"score":1750,"energy":28,"posx":13,"posy":4,"lastAction":2,"status":0},{"playerId":75082,"score":1200,"energy":30,"posx":20,"posy":7,"lastAction":5,"status":0},{"playerId":2234905,"score":850,"energy":18,"posx":12,"posy":2,"lastAction":4,"status":0},{"playerId":803122,"score":1650,"energy":4,"posx":8,"posy":5,"lastAction":5,"status":0}],"golds":[{"posx":7,"posy":0,"amount":300},{"posx":11,"posy":1,"amount":400},{"posx":12,"posy":1,"amount":100},{"posx":17,"posy":1,"amount":700},{"posx":16,"posy":3,"amount":450},{"posx":13,"posy":4,"amount":100},{"posx":19,"posy":4,"amount":700},{"posx":8,"posy":5,"amount":100},{"posx":17,"posy":7,"amount":150}],"changedObstacles":[{"type":0,"posx":20,"posy":7,"value":-1}]},{"players":[{"playerId":2451990,"score":1800,"energy":23,"posx":13,"posy":4,"lastAction":5,"status":0},{"playerId":75082,"score":1200,"energy":42,"posx":20,"posy":7,"lastAction":4,"status":0},{"playerId":2234905,"score":850,"energy":34,"posx":12,"posy":2,"lastAction":4,"status":0},{"playerId":803122,"score":1650,"energy":16,"posx":8,"posy":5,"lastAction":4,"status":0}],"golds":[{"posx":7,"posy":0,"amount":300},{"posx":11,"posy":1,"amount":400},{"posx":12,"posy":1,"amount":100},{"posx":17,"posy":1,"amount":700},{"posx":16,"posy":3,"amount":450},{"posx":13,"posy":4,"amount":50},{"posx":19,"posy":4,"amount":700},{"posx":8,"posy":5,"amount":100},{"posx":17,"posy":7,"amount":150}],"changedObstacles":[]},{"players":[{"playerId":2451990,"score":1850,"energy":18,"posx":13,"posy":4,"lastAction":5,"status":0},{"playerId":75082,"score":1200,"energy":28,"posx":20,"posy":6,"lastAction":2,"status":0},{"playerId":2234905,"score":850,"energy":24,"posx":13,"posy":2,"lastAction":1,"status":0},{"playerId":803122,"score":1700,"energy":11,"posx":8,"posy":5,"lastAction":5,"status":0}],"golds":[{"posx":7,"posy":0,"amount":300},{"posx":11,"posy":1,"amount":400},{"posx":12,"posy":1,"amount":100},{"posx":17,"posy":1,"amount":700},{"posx":16,"posy":3,"amount":450},{"posx":19,"posy":4,"amount":700},{"posx":8,"posy":5,"amount":50},{"posx":17,"posy":7,"amount":150}],"changedObstacles":[{"type":0,"posx":13,"posy":2,"value":-1},{"type":0,"posx":13,"posy":4,"value":-1}]},{"players":[{"playerId":2451990,"score":1850,"energy":17,"posx":13,"posy":3,"lastAction":2,"status":0},{"playerId":75082,"score":1200,"energy":18,"posx":20,"posy":5,"lastAction":2,"status":0},{"playerId":2234905,"score":850,"energy":19,"posx":13,"posy":1,"lastAction":2,"status":0},{"playerId":803122,"score":1750,"energy":6,"posx":8,"posy":5,"lastAction":5,"status":0}],"golds":[{"posx":7,"posy":0,"amount":300},{"posx":11,"posy":1,"amount":400},{"posx":12,"posy":1,"amount":100},{"posx":17,"posy":1,"amount":700},{"posx":16,"posy":3,"amount":450},{"posx":19,"posy":4,"amount":700},{"posx":17,"posy":7,"amount":150}],"changedObstacles":[{"type":0,"posx":20,"posy":5,"value":-1},{"type":3,"posx":13,"posy":1,"value":-20},{"type":0,"posx":8,"posy":5,"value":-1}]},{"players":[{"playerId":2451990,"score":1850,"energy":16,"posx":14,"posy":3,"lastAction":1,"status":0},{"playerId":75082,"score":1200,"energy":30,"posx":20,"posy":5,"lastAction":4,"status":0},{"playerId":2234905,"score":850,"energy":31,"posx":13,"posy":1,"lastAction":4,"status":0},{"playerId":803122,"score":1750,"energy":1,"posx":9,"posy":5,"lastAction":1,"status":0}],"golds":[{"posx":7,"posy":0,"amount":300},{"posx":11,"posy":1,"amount":400},{"posx":12,"posy":1,"amount":100},{"posx":17,"posy":1,"amount":700},{"posx":16,"posy":3,"amount":450},{"posx":19,"posy":4,"amount":700},{"posx":17,"posy":7,"amount":150}],"changedObstacles":[{"type":3,"posx":9,"posy":5,"value":-20}]},{"players":[{"playerId":2451990,"score":1850,"energy":28,"posx":14,"posy":3,"lastAction":4,"status":0},{"playerId":75082,"score":1200,"energy":46,"posx":20,"posy":5,"lastAction":4,"status":0},{"playerId":2234905,"score":850,"energy":21,"posx":13,"posy":0,"lastAction":2,"status":0},{"playerId":803122,"score":1750,"energy":13,"posx":9,"posy":5,"lastAction":4,"status":0}],"golds":[{"posx":7,"posy":0,"amount":300},{"posx":11,"posy":1,"amount":400},{"posx":12,"posy":1,"amount":100},{"posx":17,"posy":1,"amount":700},{"posx":16,"posy":3,"amount":450},{"posx":19,"posy":4,"amount":700},{"posx":17,"posy":7,"amount":150}],"changedObstacles":[{"type":0,"posx":13,"posy":0,"value":-1}]},{"players":[{"playerId":2451990,"score":1850,"energy":44,"posx":14,"posy":3,"lastAction":4,"status":0},{"playerId":75082,"score":1200,"energy":45,"posx":20,"posy":4,"lastAction":2,"status":0},{"playerId":2234905,"score":850,"energy":16,"posx":14,"posy":0,"lastAction":1,"status":0},{"playerId":803122,"score":1750,"energy":12,"posx":9,"posy":4,"lastAction":2,"status":0}],"golds":[{"posx":7,"posy":0,"amount":300},{"posx":11,"posy":1,"amount":400},{"posx":12,"posy":1,"amount":100},{"posx":17,"posy":1,"amount":700},{"posx":16,"posy":3,"amount":450},{"posx":19,"posy":4,"amount":700},{"posx":17,"posy":7,"amount":150}],"changedObstacles":[{"type":3,"posx":14,"posy":0,"value":-20}]},{"players":[{"playerId":2451990,"score":1850,"energy":30,"posx":15,"posy":3,"lastAction":1,"status":0},{"playerId":75082,"score":1200,"energy":41,"posx":19,"posy":4,"lastAction":0,"status":0},{"playerId":2234905,"score":850,"energy":28,"posx":14,"posy":0,"lastAction":4,"status":0},{"playerId":803122,"score":1750,"energy":24,"posx":9,"posy":4,"lastAction":4,"status":0}],"golds":[{"posx":7,"posy":0,"amount":300},{"posx":11,"posy":1,"amount":400},{"posx":12,"posy":1,"amount":100},{"posx":17,"posy":1,"amount":700},{"posx":16,"posy":3,"amount":450},{"posx":19,"posy":4,"amount":700},{"posx":17,"posy":7,"amount":150}],"changedObstacles":[]},{"players":[{"playerId":2451990,"score":1850,"energy":26,"posx":16,"posy":3,"lastAction":1,"status":0},{"playerId":75082,"score":1250,"energy":36,"posx":19,"posy":4,"lastAction":5,"status":0},{"playerId":2234905,"score":850,"energy":23,"posx":14,"posy":1,"lastAction":3,"status":0},{"playerId":803122,"score":1750,"energy":5,"posx":9,"posy":3,"lastAction":2,"status":0}],"golds":[{"posx":7,"posy":0,"amount":300},{"posx":11,"posy":1,"amount":400},{"posx":12,"posy":1,"amount":100},{"posx":17,"posy":1,"amount":700},{"posx":16,"posy":3,"amount":450},{"posx":19,"posy":4,"amount":650},{"posx":17,"posy":7,"amount":150}],"changedObstacles":[{"type":3,"posx":14,"posy":1,"value":-20}]},{"players":[{"playerId":2451990,"score":1900,"energy":21,"posx":16,"posy":3,"lastAction":5,"status":0},{"playerId":75082,"score":1300,"energy":31,"posx":19,"posy":4,"lastAction":5,"status":0},{"playerId":2234905,"score":850,"energy":3,"posx":14,"posy":0,"lastAction":2,"status":0},{"playerId":803122,"score":1750,"energy":4,"posx":9,"posy":2,"lastAction":2,"status":0}],"golds":[{"posx":7,"posy":0,"amount":300},{"posx":11,"posy":1,"amount":400},{"posx":12,"posy":1,"amount":100},{"posx":17,"posy":1,"amount":700},{"posx":16,"posy":3,"amount":400},{"posx":19,"posy":4,"amount":600},{"posx":17,"posy":7,"amount":150}],"changedObstacles":[{"type":3,"posx":14,"posy":0,"value":-40}]},{"players":[{"playerId":2451990,"score":1950,"energy":16,"posx":16,"posy":3,"lastAction":5,"status":0},{"playerId":75082,"score":1350,"energy":26,"posx":19,"posy":4,"lastAction":5,"status":0},{"playerId":2234905,"score":850,"energy":15,"posx":14,"posy":0,"lastAction":4,"status":0},{"playerId":803122,"score":1750,"energy":3,"posx":9,"posy":1,"lastAction":2,"status":0}],"golds":[{"posx":7,"posy":0,"amount":300},{"posx":11,"posy":1,"amount":400},{"posx":12,"posy":1,"amount":100},{"posx":17,"posy":1,"amount":700},{"posx":16,"posy":3,"amount":350},{"posx":19,"posy":4,"amount":550},{"posx":17,"posy":7,"amount":150}],"changedObstacles":[]},{"players":[{"playerId":2451990,"score":2000,"energy":11,"posx":16,"posy":3,"lastAction":5,"status":0},{"playerId":75082,"score":1400,"energy":21,"posx":19,"posy":4,"lastAction":5,"status":0},{"playerId":2234905,"score":850,"energy":14,"posx":15,"posy":0,"lastAction":1,"status":0},{"playerId":803122,"score":1750,"energy":15,"posx":9,"posy":1,"lastAction":4,"status":0}],"golds":[{"posx":7,"posy":0,"amount":300},{"posx":11,"posy":1,"amount":400},{"posx":12,"posy":1,"amount":100},{"posx":17,"posy":1,"amount":700},{"posx":16,"posy":3,"amount":300},{"posx":19,"posy":4,"amount":500},{"posx":17,"posy":7,"amount":150}],"changedObstacles":[]},{"players":[{"playerId":2451990,"score":2050,"energy":6,"posx":16,"posy":3,"lastAction":5,"status":0},{"playerId":75082,"score":1450,"energy":16,"posx":19,"posy":4,"lastAction":5,"status":0},{"playerId":2234905,"score":850,"energy":13,"posx":15,"posy":1,"lastAction":3,"status":0},{"playerId":803122,"score":1750,"energy":10,"posx":10,"posy":1,"lastAction":1,"status":0}],"golds":[{"posx":7,"posy":0,"amount":300},{"posx":11,"posy":1,"amount":400},{"posx":12,"posy":1,"amount":100},{"posx":17,"posy":1,"amount":700},{"posx":16,"posy":3,"amount":250},{"posx":19,"posy":4,"amount":450},{"posx":17,"posy":7,"amount":150}],"changedObstacles":[{"type":3,"posx":10,"posy":1,"value":-20}]},{"players":[{"playerId":2451990,"score":2100,"energy":1,"posx":16,"posy":3,"lastAction":5,"status":0},{"playerId":75082,"score":1500,"energy":11,"posx":19,"posy":4,"lastAction":5,"status":0},{"playerId":2234905,"score":850,"energy":3,"posx":16,"posy":1,"lastAction":1,"status":0},{"playerId":803122,"score":1750,"energy":6,"posx":11,"posy":1,"lastAction":1,"status":0}],"golds":[{"posx":7,"posy":0,"amount":300},{"posx":11,"posy":1,"amount":400},{"posx":12,"posy":1,"amount":100},{"posx":17,"posy":1,"amount":700},{"posx":16,"posy":3,"amount":200},{"posx":19,"posy":4,"amount":400},{"posx":17,"posy":7,"amount":150}],"changedObstacles":[{"type":0,"posx":16,"posy":1,"value":-1}]},{"players":[{"playerId":2451990,"score":2100,"energy":13,"posx":16,"posy":3,"lastAction":4,"status":0},{"playerId":75082,"score":1550,"energy":6,"posx":19,"posy":4,"lastAction":5,"status":0},{"playerId":2234905,"score":850,"energy":15,"posx":16,"posy":1,"lastAction":4,"status":0},{"playerId":803122,"score":1800,"energy":1,"posx":11,"posy":1,"lastAction":5,"status":0}],"golds":[{"posx":7,"posy":0,"amount":300},{"posx":11,"posy":1,"amount":350},{"posx":12,"posy":1,"amount":100},{"posx":17,"posy":1,"amount":700},{"posx":16,"posy":3,"amount":200},{"posx":19,"posy":4,"amount":350},{"posx":17,"posy":7,"amount":150}],"changedObstacles":[]},{"players":[{"playerId":2451990,"score":2100,"energy":29,"posx":16,"posy":3,"lastAction":4,"status":0},{"playerId":75082,"score":1600,"energy":1,"posx":19,"posy":4,"lastAction":5,"status":0},{"playerId":2234905,"score":850,"energy":11,"posx":17,"posy":1,"lastAction":1,"status":0},{"playerId":803122,"score":1800,"energy":13,"posx":11,"posy":1,"lastAction":4,"status":0}],"golds":[{"posx":7,"posy":0,"amount":300},{"posx":11,"posy":1,"amount":350},{"posx":12,"posy":1,"amount":100},{"posx":17,"posy":1,"amount":700},{"posx":16,"posy":3,"amount":200},{"posx":19,"posy":4,"amount":300},{"posx":17,"posy":7,"amount":150}],"changedObstacles":[]},{"players":[{"playerId":2451990,"score":2150,"energy":24,"posx":16,"posy":3,"lastAction":5,"status":0},{"playerId":75082,"score":1600,"energy":13,"posx":19,"posy":4,"lastAction":4,"status":0},{"playerId":2234905,"score":900,"energy":6,"posx":17,"posy":1,"lastAction":5,"status":0},{"playerId":803122,"score":1850,"energy":8,"posx":11,"posy":1,"lastAction":5,"status":0}],"golds":[{"posx":7,"posy":0,"amount":300},{"posx":11,"posy":1,"amount":300},{"posx":12,"posy":1,"amount":100},{"posx":17,"posy":1,"amount":650},{"posx":16,"posy":3,"amount":150},{"posx":19,"posy":4,"amount":300},{"posx":17,"posy":7,"amount":150}],"changedObstacles":[]},{"players":[{"playerId":2451990,"score":2200,"energy":19,"posx":16,"posy":3,"lastAction":5,"status":0},{"playerId":75082,"score":1650,"energy":8,"posx":19,"posy":4,"lastAction":5,"status":0},{"playerId":2234905,"score":950,"energy":1,"posx":17,"posy":1,"lastAction":5,"status":0},{"playerId":803122,"score":1900,"energy":3,"posx":11,"posy":1,"lastAction":5,"status":0}],"golds":[{"posx":7,"posy":0,"amount":300},{"posx":11,"posy":1,"amount":250},{"posx":12,"posy":1,"amount":100},{"posx":17,"posy":1,"amount":600},{"posx":16,"posy":3,"amount":100},{"posx":19,"posy":4,"amount":250},{"posx":17,"posy":7,"amount":150}],"changedObstacles":[]},{"players":[{"playerId":2451990,"score":2250,"energy":14,"posx":16,"posy":3,"lastAction":5,"status":0},{"playerId":75082,"score":1700,"energy":3,"posx":19,"posy":4,"lastAction":5,"status":0},{"playerId":2234905,"score":950,"energy":13,"posx":17,"posy":1,"lastAction":4,"status":0},{"playerId":803122,"score":1900,"energy":15,"posx":11,"posy":1,"lastAction":4,"status":0}],"golds":[{"posx":7,"posy":0,"amount":300},{"posx":11,"posy":1,"amount":250},{"posx":12,"posy":1,"amount":100},{"posx":17,"posy":1,"amount":600},{"posx":16,"posy":3,"amount":50},{"posx":19,"posy":4,"amount":200},{"posx":17,"posy":7,"amount":150}],"changedObstacles":[]},{"players":[{"playerId":2451990,"score":2300,"energy":9,"posx":16,"posy":3,"lastAction":5,"status":0},{"playerId":75082,"score":1700,"energy":15,"posx":19,"posy":4,"lastAction":4,"status":0},{"playerId":2234905,"score":1000,"energy":8,"posx":17,"posy":1,"lastAction":5,"status":0},{"playerId":803122,"score":1950,"energy":10,"posx":11,"posy":1,"lastAction":5,"status":0}],"golds":[{"posx":7,"posy":0,"amount":300},{"posx":11,"posy":1,"amount":200},{"posx":12,"posy":1,"amount":100},{"posx":17,"posy":1,"amount":550},{"posx":19,"posy":4,"amount":200},{"posx":17,"posy":7,"amount":150}],"changedObstacles":[{"type":0,"posx":16,"posy":3,"value":-1}]},{"players":[{"playerId":2451990,"score":2300,"energy":8,"posx":17,"posy":3,"lastAction":1,"status":0},{"playerId":75082,"score":1750,"energy":10,"posx":19,"posy":4,"lastAction":5,"status":0},{"playerId":2234905,"score":1050,"energy":3,"posx":17,"posy":1,"lastAction":5,"status":0},{"playerId":803122,"score":2000,"energy":5,"posx":11,"posy":1,"lastAction":5,"status":0}],"golds":[{"posx":7,"posy":0,"amount":300},{"posx":11,"posy":1,"amount":150},{"posx":12,"posy":1,"amount":100},{"posx":17,"posy":1,"amount":500},{"posx":19,"posy":4,"amount":150},{"posx":17,"posy":7,"amount":150}],"changedObstacles":[]},{"players":[{"playerId":2451990,"score":2300,"energy":7,"posx":17,"posy":2,"lastAction":2,"status":0},{"playerId":75082,"score":1800,"energy":5,"posx":19,"posy":4,"lastAction":5,"status":0},{"playerId":2234905,"score":1050,"energy":15,"posx":17,"posy":1,"lastAction":4,"status":0},{"playerId":803122,"score":2000,"energy":17,"posx":11,"posy":1,"lastAction":4,"status":0}],"golds":[{"posx":7,"posy":0,"amount":300},{"posx":11,"posy":1,"amount":150},{"posx":12,"posy":1,"amount":100},{"posx":17,"posy":1,"amount":500},{"posx":19,"posy":4,"amount":100},{"posx":17,"posy":7,"amount":150}],"changedObstacles":[]},{"players":[{"playerId":2451990,"score":2300,"energy":3,"posx":17,"posy":1,"lastAction":2,"status":0},{"playerId":75082,"score":1800,"energy":4,"posx":19,"posy":5,"lastAction":3,"status":0},{"playerId":2234905,"score":1100,"energy":10,"posx":17,"posy":1,"lastAction":5,"status":0},{"playerId":803122,"score":2050,"energy":12,"posx":11,"posy":1,"lastAction":5,"status":0}],"golds":[{"posx":7,"posy":0,"amount":300},{"posx":11,"posy":1,"amount":100},{"posx":12,"posy":1,"amount":100},{"posx":17,"posy":1,"amount":450},{"posx":19,"posy":4,"amount":100},{"posx":17,"posy":7,"amount":150}],"changedObstacles":[]},{"players":[{"playerId":2451990,"score":2300,"energy":15,"posx":17,"posy":1,"lastAction":4,"status":0},{"playerId":75082,"score":1800,"energy":16,"posx":19,"posy":5,"lastAction":4,"status":0},{"playerId":2234905,"score":1150,"energy":5,"posx":17,"posy":1,"lastAction":5,"status":0},{"playerId":803122,"score":2100,"energy":7,"posx":11,"posy":1,"lastAction":5,"status":0}],"golds":[{"posx":7,"posy":0,"amount":300},{"posx":11,"posy":1,"amount":50},{"posx":12,"posy":1,"amount":100},{"posx":17,"posy":1,"amount":400},{"posx":19,"posy":4,"amount":100},{"posx":17,"posy":7,"amount":150}],"changedObstacles":[]},{"players":[{"playerId":2451990,"score":2300,"energy":31,"posx":17,"posy":1,"lastAction":4,"status":0},{"playerId":75082,"score":1800,"energy":15,"posx":20,"posy":5,"lastAction":1,"status":0},{"playerId":2234905,"score":1150,"energy":17,"posx":17,"posy":1,"lastAction":4,"status":0},{"playerId":803122,"score":2150,"energy":2,"posx":11,"posy":1,"lastAction":5,"status":0}],"golds":[{"posx":7,"posy":0,"amount":300},{"posx":12,"posy":1,"amount":100},{"posx":17,"posy":1,"amount":400},{"posx":19,"posy":4,"amount":100},{"posx":17,"posy":7,"amount":150}],"changedObstacles":[{"type":0,"posx":11,"posy":1,"value":-1}]},{"players":[{"playerId":2451990,"score":2350,"energy":26,"posx":17,"posy":1,"lastAction":5,"status":0},{"playerId":75082,"score":1800,"energy":14,"posx":20,"posy":4,"lastAction":2,"status":0},{"playerId":2234905,"score":1200,"energy":12,"posx":17,"posy":1,"lastAction":5,"status":0},{"playerId":803122,"score":2150,"energy":14,"posx":11,"posy":1,"lastAction":4,"status":0}],"golds":[{"posx":7,"posy":0,"amount":300},{"posx":12,"posy":1,"amount":100},{"posx":17,"posy":1,"amount":300},{"posx":19,"posy":4,"amount":100},{"posx":17,"posy":7,"amount":150}],"changedObstacles":[]},{"players":[{"playerId":2451990,"score":2400,"energy":21,"posx":17,"posy":1,"lastAction":5,"status":0},{"playerId":75082,"score":1800,"energy":4,"posx":20,"posy":3,"lastAction":2,"status":0},{"playerId":2234905,"score":1250,"energy":7,"posx":17,"posy":1,"lastAction":5,"status":0},{"playerId":803122,"score":2150,"energy":10,"posx":12,"posy":1,"lastAction":1,"status":0}],"golds":[{"posx":7,"posy":0,"amount":300},{"posx":12,"posy":1,"amount":100},{"posx":17,"posy":1,"amount":200},{"posx":19,"posy":4,"amount":100},{"posx":17,"posy":7,"amount":150}],"changedObstacles":[{"type":0,"posx":20,"posy":3,"value":-1}]},{"players":[{"playerId":2451990,"score":2450,"energy":16,"posx":17,"posy":1,"lastAction":5,"status":0},{"playerId":75082,"score":1800,"energy":16,"posx":20,"posy":3,"lastAction":4,"status":0},{"playerId":2234905,"score":1300,"energy":2,"posx":17,"posy":1,"lastAction":5,"status":0},{"playerId":803122,"score":2200,"energy":5,"posx":12,"posy":1,"lastAction":5,"status":0}],"golds":[{"posx":7,"posy":0,"amount":300},{"posx":12,"posy":1,"amount":50},{"posx":17,"posy":1,"amount":100},{"posx":19,"posy":4,"amount":100},{"posx":17,"posy":7,"amount":150}],"changedObstacles":[]},{"players":[{"playerId":2451990,"score":2500,"energy":11,"posx":17,"posy":1,"lastAction":5,"status":0},{"playerId":75082,"score":1800,"energy":15,"posx":20,"posy":4,"lastAction":3,"status":0},{"playerId":2234905,"score":1300,"energy":14,"posx":17,"posy":1,"lastAction":4,"status":0},{"playerId":803122,"score":2200,"energy":17,"posx":12,"posy":1,"lastAction":4,"status":0}],"golds":[{"posx":7,"posy":0,"amount":300},{"posx":12,"posy":1,"amount":50},{"posx":17,"posy":1,"amount":50},{"posx":19,"posy":4,"amount":100},{"posx":17,"posy":7,"amount":150}],"changedObstacles":[]},{"players":[{"playerId":2451990,"score":2525,"energy":6,"posx":17,"posy":1,"lastAction":5,"status":0},{"playerId":75082,"score":1800,"energy":14,"posx":20,"posy":5,"lastAction":3,"status":0},{"playerId":2234905,"score":1325,"energy":9,"posx":17,"posy":1,"lastAction":5,"status":0},{"playerId":803122,"score":2250,"energy":12,"posx":12,"posy":1,"lastAction":5,"status":0}],"golds":[{"posx":7,"posy":0,"amount":300},{"posx":19,"posy":4,"amount":100},{"posx":17,"posy":7,"amount":150}],"changedObstacles":[{"type":0,"posx":12,"posy":1,"value":-1},{"type":0,"posx":17,"posy":1,"value":-1}]},{"players":[{"playerId":2451990,"score":2525,"energy":5,"posx":17,"posy":2,"lastAction":3,"status":0},{"playerId":75082,"score":1800,"energy":13,"posx":20,"posy":4,"lastAction":2,"status":0},{"playerId":2234905,"score":1325,"energy":21,"posx":17,"posy":1,"lastAction":4,"status":0},{"playerId":803122,"score":2250,"energy":11,"posx":11,"posy":1,"lastAction":0,"status":0}],"golds":[{"posx":7,"posy":0,"amount":300},{"posx":19,"posy":4,"amount":100},{"posx":17,"posy":7,"amount":150}],"changedObstacles":[]},{"players":[{"playerId":2451990,"score":2525,"energy":4,"posx":17,"posy":3,"lastAction":3,"status":0},{"playerId":75082,"score":1800,"energy":12,"posx":20,"posy":3,"lastAction":2,"status":0},{"playerId":2234905,"score":1325,"energy":37,"posx":17,"posy":1,"lastAction":4,"status":0},{"playerId":803122,"score":2250,"energy":23,"posx":11,"posy":1,"lastAction":4,"status":0}],"golds":[{"posx":7,"posy":0,"amount":300},{"posx":19,"posy":4,"amount":100},{"posx":17,"posy":7,"amount":150}],"changedObstacles":[]},{"players":[{"playerId":2451990,"score":2525,"energy":3,"posx":17,"posy":4,"lastAction":3,"status":0},{"playerId":75082,"score":1800,"energy":11,"posx":20,"posy":4,"lastAction":3,"status":0},{"playerId":2234905,"score":1325,"energy":36,"posx":16,"posy":1,"lastAction":0,"status":0},{"playerId":803122,"score":2250,"energy":3,"posx":10,"posy":1,"lastAction":0,"status":0}],"golds":[{"posx":7,"posy":0,"amount":300},{"posx":19,"posy":4,"amount":100},{"posx":17,"posy":7,"amount":150}],"changedObstacles":[{"type":3,"posx":10,"posy":1,"value":-40}]},{"players":[{"playerId":2451990,"score":2525,"energy":2,"posx":18,"posy":4,"lastAction":1,"status":0},{"playerId":75082,"score":1800,"energy":10,"posx":20,"posy":5,"lastAction":3,"status":0},{"playerId":2234905,"score":1325,"energy":35,"posx":15,"posy":1,"lastAction":0,"status":0},{"playerId":803122,"score":2250,"energy":2,"posx":9,"posy":1,"lastAction":0,"status":0}],"golds":[{"posx":7,"posy":0,"amount":300},{"posx":19,"posy":4,"amount":100},{"posx":17,"posy":7,"amount":150}],"changedObstacles":[]},{"players":[{"playerId":2451990,"score":2525,"energy":14,"posx":18,"posy":4,"lastAction":4,"status":0},{"playerId":75082,"score":1800,"energy":9,"posx":20,"posy":4,"lastAction":2,"status":0},{"playerId":2234905,"score":1325,"energy":15,"posx":14,"posy":1,"lastAction":0,"status":0},{"playerId":803122,"score":2250,"energy":14,"posx":9,"posy":1,"lastAction":4,"status":0}],"golds":[{"posx":7,"posy":0,"amount":300},{"posx":19,"posy":4,"amount":100},{"posx":17,"posy":7,"amount":150}],"changedObstacles":[{"type":3,"posx":14,"posy":1,"value":-40}]},{"players":[{"playerId":2451990,"score":2525,"energy":10,"posx":19,"posy":4,"lastAction":1,"status":0},{"playerId":75082,"score":1800,"energy":8,"posx":20,"posy":5,"lastAction":3,"status":0},{"playerId":2234905,"score":1325,"energy":27,"posx":14,"posy":1,"lastAction":4,"status":0},{"playerId":803122,"score":2250,"energy":9,"posx":8,"posy":1,"lastAction":0,"status":0}],"golds":[{"posx":7,"posy":0,"amount":300},{"posx":19,"posy":4,"amount":100},{"posx":17,"posy":7,"amount":150}],"changedObstacles":[{"type":3,"posx":8,"posy":1,"value":-20}]},{"players":[{"playerId":2451990,"score":2575,"energy":5,"posx":19,"posy":4,"lastAction":5,"status":0},{"playerId":75082,"score":1800,"energy":7,"posx":20,"posy":4,"lastAction":2,"status":0},{"playerId":2234905,"score":1325,"energy":7,"posx":13,"posy":1,"lastAction":0,"status":0},{"playerId":803122,"score":2250,"energy":8,"posx":8,"posy":0,"lastAction":2,"status":0}],"golds":[{"posx":7,"posy":0,"amount":300},{"posx":19,"posy":4,"amount":50},{"posx":17,"posy":7,"amount":150}],"changedObstacles":[{"type":3,"posx":13,"posy":1,"value":-40}]},{"players":[{"playerId":2451990,"score":2575,"energy":17,"posx":19,"posy":4,"lastAction":4,"status":0},{"playerId":75082,"score":1800,"energy":6,"posx":20,"posy":3,"lastAction":2,"status":0},{"playerId":2234905,"score":1325,"energy":6,"posx":12,"posy":1,"lastAction":0,"status":0},{"playerId":803122,"score":2250,"energy":4,"posx":7,"posy":0,"lastAction":0,"status":0}],"golds":[{"posx":7,"posy":0,"amount":300},{"posx":19,"posy":4,"amount":50},{"posx":17,"posy":7,"amount":150}],"changedObstacles":[]}]