[{"players":[{"playerId":2237456,"score":0,"energy":49,"posx":3,"posy":6,"lastAction":1,"status":0},{"playerId":2451990,"score":0,"energy":49,"posx":3,"posy":6,"lastAction":1,"status":0},{"playerId":2441331,"score":0,"energy":49,"posx":3,"posy":6,"lastAction":1,"status":0},{"playerId":2234905,"score":0,"energy":39,"posx":2,"posy":7,"lastAction":3,"status":0}],"golds":[{"posx":10,"posy":5,"amount":300},{"posx":13,"posy":4,"amount":100},{"posx":7,"posy":0,"amount":300},{"posx":1,"posy":3,"amount":350},{"posx":10,"posy":8,"amount":700},{"posx":17,"posy":7,"amount":150},{"posx":8,"posy":5,"amount":600},{"posx":19,"posy":4,"amount":700},{"posx":4,"posy":8,"amount":750},{"posx":17,"posy":1,"amount":700},{"posx":10,"posy":6,"amount":750},{"posx":1,"posy":4,"amount":200},{"posx":12,"posy":2,"amount":550},{"posx":16,"posy":3,"amount":450},{"posx":2,"posy":4,"amount":250},{"posx":11,"posy":5,"amount":700},{"posx":12,"posy":1,"amount":100},{"posx":20,"posy":7,"amount":50},{"posx":3,"posy":4,"amount":350},{"posx":11,"posy":1,"amount":400}],"changedObstacles":[]},{"players":[{"playerId":2237456,"score":0,"energy":44,"posx":3,"posy":5,"lastAction":2,"status":0},{"playerId":2451990,"score":0,"energy":39,"posx":4,"posy":6,"lastAction":1,"status":0},{"playerId":2441331,"score":0,"energy":48,"posx":3,"posy":7,"lastAction":3,"status":0},{"playerId":2234905,"score":0,"energy":30,"posx":2,"posy":8,"lastAction":3,"status":0}],"golds":[{"posx":10,"posy":5,"amount":300},{"posx":13,"posy":4,"amount":100},{"posx":7,"posy":0,"amount":300},{"posx":1,"posy":3,"amount":350},{"posx":10,"posy":8,"amount":700},{"posx":17,"posy":7,"amount":150},{"posx":8,"posy":5,"amount":600},{"posx":19,"posy":4,"amount":700},{"posx":4,"posy":8,"amount":750},{"posx":17,"posy":1,"amount":700},{"posx":10,"posy":6,"amount":750},{"posx":1,"posy":4,"amount":200},{"posx":12,"posy":2,"amount":550},{"posx":16,"posy":3,"amount":450},{"posx":2,"posy":4,"amount":250},{"posx":11,"posy":5,"amount":700},{"posx":12,"posy":1,"amount":100},{"posx":20,"posy":7,"amount":50},{"posx":3,"posy":4,"amount":350},{"posx":11,"posy":1,"amount":400}],"changedObstacles":[{"type":3,"posx":3,"posy":5,"value":-20},{"type":0,"posx":4,"posy":6,"value":-1}]},{"players":[{"playerId":2237456,"score":0,"energy":43,"posx":4,"posy":5,"lastAction":1,"status":0},{"playerId":2451990,"score":0,"energy":25,"posx":5,"posy":6,"lastAction":1,"status":0},{"playerId":2441331,"score":0,"energy":47,"posx":3,"posy":8,"lastAction":3,"status":0},{"playerId":2234905,"score":0,"energy":29,"posx":1,"posy":8,"lastAction":0,"status":0}],"golds":[{"posx":10,"posy":5,"amount":300},{"posx":13,"posy":4,"amount":100},{"posx":7,"posy":0,"amount":300},{"posx":1,"posy":3,"amount":350},{"posx":10,"posy":8,"amount":700},{"posx":17,"posy":7,"amount":150},{"posx":8,"posy":5,"amount":600},{"posx":19,"posy":4,"amount":700},{"posx":4,"posy":8,"amount":750},{"posx":17,"posy":1,"amount":700},{"posx":10,"posy":6,"amount":750},{"posx":1,"posy":4,"amount":200},{"posx":12,"posy":2,"amount":550},{"posx":16,"posy":3,"amount":450},{"posx":2,"posy":4,"amount":250},{"posx":11,"posy":5,"amount":700},{"posx":12,"posy":1,"amount":100},{"posx":20,"posy":7,"amount":50},{"posx":3,"posy":4,"amount":350},{"posx":11,"posy":1,"amount":400}],"changedObstacles":[]},{"players":[{"playerId":2237456,"score":0,"energy":42,"posx":5,"posy":5,"lastAction":1,"status":0},{"playerId":2451990,"score":0,"energy":20,"posx":6,"posy":6,"lastAction":1,"status":0},{"playerId":2441331,"score":0,"energy":43,"posx":4,"posy":8,"lastAction":1,"status":0},{"playerId":2234905,"score":0,"energy":24,"posx":0,"posy":8,"lastAction":0,"status":0}],"golds":[{"posx":10,"posy":5,"amount":300},{"posx":13,"posy":4,"amount":100},{"posx":7,"posy":0,"amount":300},{"posx":1,"posy":3,"amount":350},{"posx":10,"posy":8,"amount":700},{"posx":17,"posy":7,"amount":150},{"posx":8,"posy":5,"amount":600},{"posx":19,"posy":4,"amount":700},{"posx":4,"posy":8,"amount":750},{"posx":17,"posy":1,"amount":700},{"posx":10,"posy":6,"amount":750},{"posx":1,"posy":4,"amount":200},{"posx":12,"posy":2,"amount":550},{"posx":16,"posy":3,"amount":450},{"posx":2,"posy":4,"amount":250},{"posx":11,"posy":5,"amount":700},{"posx":12,"posy":1,"amount":100},{"posx":20,"posy":7,"amount":50},{"posx":3,"posy":4,"amount":350},{"posx":11,"posy":1,"amount":400}],"changedObstacles":[{"type":3,"posx":6,"posy":6,"value":-20}]},{"players":[{"playerId":2237456,"score":0,"energy":32,"posx":6,"posy":5,"lastAction":1,"status":0},{"playerId":2451990,"score":0,"energy":15,"posx":7,"posy":6,"lastAction":1,"status":0},{"playerId":2441331,"score":50,"energy":38,"posx":4,"posy":8,"lastAction":5,"status":0},{"playerId":2234905,"score":0,"energy":23,"posx":1,"posy":8,"lastAction":1,"status":0}],"golds":[{"posx":7,"posy":0,"amount":300},{"posx":11,"posy":1,"amount":400},{"posx":12,"posy":1,"amount":100},{"posx":17,"posy":1,"amount":700},{"posx":12,"posy":2,"amount":550},{"posx":1,"posy":3,"amount":350},{"posx":16,"posy":3,"amount":450},{"posx":1,"posy":4,"amount":200},{"posx":2,"posy":4,"amount":250},{"posx":3,"posy":4,"amount":350},{"posx":13,"posy":4,"amount":100},{"posx":19,"posy":4,"amount":700},{"posx":8,"posy":5,"amount":600},{"posx":10,"posy":5,"amount":300},{"posx":11,"posy":5,"amount":700},{"posx":10,"posy":6,"amount":750},{"posx":17,"posy":7,"amount":150},{"posx":20,"posy":7,"amount":50},{"posx":4,"posy":8,"amount":700},{"posx":10,"posy":8,"amount":700}],"changedObstacles":[{"type":0,"posx":6,"posy":5,"value":-1},{"type":3,"posx":7,"posy":6,"value":-20}]},{"players":[{"playerId":2237456,"score":0,"energy":31,"posx":7,"posy":5,"lastAction":1,"status":0},{"playerId":2451990,"score":0,"energy":10,"posx":8,"posy":6,"lastAction":1,"status":0},{"playerId":2441331,"score":100,"energy":33,"posx":4,"posy":8,"lastAction":5,"status":0},{"playerId":2234905,"score":0,"energy":10,"posx":2,"posy":8,"lastAction":1,"status":0}],"golds":[{"posx":7,"posy":0,"amount":300},{"posx":11,"posy":1,"amount":400},{"posx":12,"posy":1,"amount":100},{"posx":17,"posy":1,"amount":700},{"posx":12,"posy":2,"amount":550},{"posx":1,"posy":3,"amount":350},{"posx":16,"posy":3,"amount":450},{"posx":1,"posy":4,"amount":200},{"posx":2,"posy":4,"amount":250},{"posx":3,"posy":4,"amount":350},{"posx":13,"posy":4,"amount":100},{"posx":19,"posy":4,"amount":700},{"posx":8,"posy":5,"amount":600},{"posx":10,"posy":5,"amount":300},{"posx":11,"posy":5,"amount":700},{"posx":10,"posy":6,"amount":750},{"posx":17,"posy":7,"amount":150},{"posx":20,"posy":7,"amount":50},{"posx":4,"posy":8,"amount":650},{"posx":10,"posy":8,"amount":700}],"changedObstacles":[{"type":3,"posx":8,"posy":6,"value":-20}]},{"players":[{"playerId":2237456,"score":0,"energy":27,"posx":8,"posy":5,"lastAction":1,"status":0},{"playerId":2451990,"score":0,"energy":5,"posx":9,"posy":6,"lastAction":1,"status":0},{"playerId":2441331,"score":100,"energy":45,"posx":4,"posy":8,"lastAction":4,"status":0},{"playerId":2234905,"score":0,"energy":9,"posx":3,"posy":8,"lastAction":1,"status":0}],"golds":[{"posx":7,"posy":0,"amount":300},{"posx":11,"posy":1,"amount":400},{"posx":12,"posy":1,"amount":100},{"posx":17,"posy":1,"amount":700},{"posx":12,"posy":2,"amount":550},{"posx":1,"posy":3,"amount":350},{"posx":16,"posy":3,"amount":450},{"posx":1,"posy":4,"amount":200},{"posx":2,"posy":4,"amount":250},{"posx":3,"posy":4,"amount":350},{"posx":13,"posy":4,"amount":100},{"posx":19,"posy":4,"amount":700},{"posx":8,"posy":5,"amount":600},{"posx":10,"posy":5,"amount":300},{"posx":11,"posy":5,"amount":700},{"posx":10,"posy":6,"amount":750},{"posx":17,"posy":7,"amount":150},{"posx":20,"posy":7,"amount":50},{"posx":4,"posy":8,"amount":650},{"posx":10,"posy":8,"amount":700}],"changedObstacles":[{"type":3,"posx":9,"posy":6,"value":-20}]},{"players":[{"playerId":2237456,"score":50,"energy":22,"posx":8,"posy":5,"lastAction":5,"status":0},{"playerId":2451990,"score":0,"energy":1,"posx":10,"posy":6,"lastAction":1,"status":0},{"playerId":2441331,"score":150,"energy":40,"posx":4,"posy":8,"lastAction":5,"status":0},{"playerId":2234905,"score":0,"energy":5,"posx":4,"posy":8,"lastAction":1,"status":0}],"golds":[{"posx":7,"posy":0,"amount":300},{"posx":11,"posy":1,"amount":400},{"posx":12,"posy":1,"amount":100},{"posx":17,"posy":1,"amount":700},{"posx":12,"posy":2,"amount":550},{"posx":1,"posy":3,"amount":350},{"posx":16,"posy":3,"amount":450},{"posx":1,"posy":4,"amount":200},{"posx":2,"posy":4,"amount":250},{"posx":3,"posy":4,"amount":350},{"posx":13,"posy":4,"amount":100},{"posx":19,"posy":4,"amount":700},{"posx":8,"posy":5,"amount":550},{"posx":10,"posy":5,"amount":300},{"posx":11,"posy":5,"amount":700},{"posx":10,"posy":6,"amount":750},{"posx":17,"posy":7,"amount":150},{"posx":20,"posy":7,"amount":50},{"posx":4,"posy":8,"amount":600},{"posx":10,"posy":8,"amount":700}],"changedObstacles":[]},{"players":[{"playerId":2237456,"score":100,"energy":17,"posx":8,"posy":5,"lastAction":5,"status":0},{"playerId":2451990,"score":0,"energy":13,"posx":10,"posy":6,"lastAction":4,"status":0},{"playerId":2441331,"score":200,"energy":35,"posx":4,"posy":8,"lastAction":5,"status":0},{"playerId":2234905,"score":0,"energy":17,"posx":4,"posy":8,"lastAction":4,"status":0}],"golds":[{"posx":7,"posy":0,"amount":300},{"posx":11,"posy":1,"amount":400},{"posx":12,"posy":1,"amount":100},{"posx":17,"posy":1,"amount":700},{"posx":12,"posy":2,"amount":550},{"posx":1,"posy":3,"amount":350},{"posx":16,"posy":3,"amount":450},{"posx":1,"posy":4,"amount":200},{"posx":2,"posy":4,"amount":250},{"posx":3,"posy":4,"amount":350},{"posx":13,"posy":4,"amount":100},{"posx":19,"posy":4,"amount":700},{"posx":8,"posy":5,"amount":500},{"posx":10,"posy":5,"amount":300},{"posx":11,"posy":5,"amount":700},{"posx":10,"posy":6,"amount":750},{"posx":17,"posy":7,"amount":150},{"posx":20,"posy":7,"amount":50},{"posx":4,"posy":8,"amount":550},{"posx":10,"posy":8,"amount":700}],"changedObstacles":[]},{"players":[{"playerId":2237456,"score":150,"energy":12,"posx":8,"posy":5,"lastAction":5,"status":0},{"playerId":2451990,"score":0,"energy":29,"posx":10,"posy":6,"lastAction":4,"status":0},{"playerId":2441331,"score":250,"energy":30,"posx":4,"posy":8,"lastAction":5,"status":0},{"playerId":2234905,"score":50,"energy":12,"posx":4,"posy":8,"lastAction":5,"status":0}],"golds":[{"posx":7,"posy":0,"amount":300},{"posx":11,"posy":1,"amount":400},{"posx":12,"posy":1,"amount":100},{"posx":17,"posy":1,"amount":700},{"posx":12,"posy":2,"amount":550},{"posx":1,"posy":3,"amount":350},{"posx":16,"posy":3,"amount":450},{"posx":1,"posy":4,"amount":200},{"posx":2,"posy":4,"amount":250},{"posx":3,"posy":4,"amount":350},{"posx":13,"posy":4,"amount":100},{"posx":19,"posy":4,"amount":700},{"posx":8,"posy":5,"amount":450},{"posx":10,"posy":5,"amount":300},{"posx":11,"posy":5,"amount":700},{"posx":10,"posy":6,"amount":750},{"posx":17,"posy":7,"amount":150},{"posx":20,"posy":7,"amount":50},{"posx":4,"posy":8,"amount":450},{"posx":10,"posy":8,"amount":700}],"changedObstacles":[]},{"players":[{"playerId":2237456,"score":200,"energy":7,"posx":8,"posy":5,"lastAction":5,"status":0},{"playerId":2451990,"score":0,"energy":50,"posx":10,"posy":6,"lastAction":4,"status":0},{"playerId":2441331,"score":300,"energy":25,"posx":4,"posy":8,"lastAction":5,"status":0},{"playerId":2234905,"score":100,"energy":7,"posx":4,"posy":8,"lastAction":5,"status":0}],"golds":[{"posx":7,"posy":0,"amount":300},{"posx":11,"posy":1,"amount":400},{"posx":12,"posy":1,"amount":100},{"posx":17,"posy":1,"amount":700},{"posx":12,"posy":2,"amount":550},{"posx":1,"posy":3,"amount":350},{"posx":16,"posy":3,"amount":450},{"posx":1,"posy":4,"amount":200},{"posx":2,"posy":4,"amount":250},{"posx":3,"posy":4,"amount":350},{"posx":13,"posy":4,"amount":100},{"posx":19,"posy":4,"amount":700},{"posx":8,"posy":5,"amount":400},{"posx":10,"posy":5,"amount":300},{"posx":11,"posy":5,"amount":700},{"posx":10,"posy":6,"amount":750},{"posx":17,"posy":7,"amount":150},{"posx":20,"posy":7,"amount":50},{"posx":4,"posy":8,"amount":350},{"posx":10,"posy":8,"amount":700}],"changedObstacles":[]},{"players":[{"playerId":2237456,"score":250,"energy":2,"posx":8,"posy":5,"lastAction":5,"status":0},{"playerId":2451990,"score":50,"energy":45,"posx":10,"posy":6,"lastAction":5,"status":0},{"playerId":2441331,"score":350,"energy":20,"posx":4,"posy":8,"lastAction":5,"status":0},{"playerId":2234905,"score":150,"energy":2,"posx":4,"posy":8,"lastAction":5,"status":0}],"golds":[{"posx":7,"posy":0,"amount":300},{"posx":11,"posy":1,"amount":400},{"posx":12,"posy":1,"amount":100},{"posx":17,"posy":1,"amount":700},{"posx":12,"posy":2,"amount":550},{"posx":1,"posy":3,"amount":350},{"posx":16,"posy":3,"amount":450},{"posx":1,"posy":4,"amount":200},{"posx":2,"posy":4,"amount":250},{"posx":3,"posy":4,"amount":350},{"posx":13,"posy":4,"amount":100},{"posx":19,"posy":4,"amount":700},{"posx":8,"posy":5,"amount":350},{"posx":10,"posy":5,"amount":300},{"posx":11,"posy":5,"amount":700},{"posx":10,"posy":6,"amount":700},{"posx":17,"posy":7,"amount":150},{"posx":20,"posy":7,"amount":50},{"posx":4,"posy":8,"amount":250},{"posx":10,"posy":8,"amount":700}],"changedObstacles":[]},{"players":[{"playerId":2237456,"score":250,"energy":14,"posx":8,"posy":5,"lastAction":4,"status":0},{"playerId":2451990,"score":100,"energy":40,"posx":10,"posy":6,"lastAction":5,"status":0},{"playerId":2441331,"score":400,"energy":15,"posx":4,"posy":8,"lastAction":5,"status":0},{"playerId":2234905,"score":150,"energy":14,"posx":4,"posy":8,"lastAction":4,"status":0}],"golds":[{"posx":7,"posy":0,"amount":300},{"posx":11,"posy":1,"amount":400},{"posx":12,"posy":1,"amount":100},{"posx":17,"posy":1,"amount":700},{"posx":12,"posy":2,"amount":550},{"posx":1,"posy":3,"amount":350},{"posx":16,"posy":3,"amount":450},{"posx":1,"posy":4,"amount":200},{"posx":2,"posy":4,"amount":250},{"posx":3,"posy":4,"amount":350},{"posx":13,"posy":4,"amount":100},{"posx":19,"posy":4,"amount":700},{"posx":8,"posy":5,"amount":350},{"posx":10,"posy":5,"amount":300},{"posx":11,"posy":5,"amount":700},{"posx":10,"posy":6,"amount":650},{"posx":17,"posy":7,"amount":150},{"posx":20,"posy":7,"amount":50},{"posx":4,"posy":8,"amount":200},{"posx":10,"posy":8,"amount":700}],"changedObstacles":[]},{"players":[{"playerId":2237456,"score":250,"energy":30,"posx":8,"posy":5,"lastAction":4,"status":0},{"playerId":2451990,"score":150,"energy":35,"posx":10,"posy":6,"lastAction":5,"status":0},{"playerId":2441331,"score":450,"energy":10,"posx":4,"posy":8,"lastAction":5,"status":0},{"playerId":2234905,"score":200,"energy":9,"posx":4,"posy":8,"lastAction":5,"status":0}],"golds":[{"posx":7,"posy":0,"amount":300},{"posx":11,"posy":1,"amount":400},{"posx":12,"posy":1,"amount":100},{"posx":17,"posy":1,"amount":700},{"posx":12,"posy":2,"amount":550},{"posx":1,"posy":3,"amount":350},{"posx":16,"posy":3,"amount":450},{"posx":1,"posy":4,"amount":200},{"posx":2,"posy":4,"amount":250},{"posx":3,"posy":4,"amount":350},{"posx":13,"posy":4,"amount":100},{"posx":19,"posy":4,"amount":700},{"posx":8,"posy":5,"amount":350},{"posx":10,"posy":5,"amount":300},{"posx":11,"posy":5,"amount":700},{"posx":10,"posy":6,"amount":600},{"posx":17,"posy":7,"amount":150},{"posx":20,"posy":7,"amount":50},{"posx":4,"posy":8,"amount":100},{"posx":10,"posy":8,"amount":700}],"changedObstacles":[]},{"players":[{"playerId":2237456,"score":250,"energy":50,"posx":8,"posy":5,"lastAction":4,"status":0},{"playerId":2451990,"score":200,"energy":30,"posx":10,"posy":6,"lastAction":5,"status":0},{"playerId":2441331,"score":500,"energy":5,"posx":4,"posy":8,"lastAction":5,"status":0},{"playerId":2234905,"score":250,"energy":4,"posx":4,"posy":8,"lastAction":5,"status":0}],"golds":[{"posx":7,"posy":0,"amount":300},{"posx":11,"posy":1,"amount":400},{"posx":12,"posy":1,"amount":100},{"posx":17,"posy":1,"amount":700},{"posx":12,"posy":2,"amount":550},{"posx":1,"posy":3,"amount":350},{"posx":16,"posy":3,"amount":450},{"posx":1,"posy":4,"amount":200},{"posx":2,"posy":4,"amount":250},{"posx":3,"posy":4,"amount":350},{"posx":13,"posy":4,"amount":100},{"posx":19,"posy":4,"amount":700},{"posx":8,"posy":5,"amount":350},{"posx":10,"posy":5,"amount":300},{"posx":11,"posy":5,"amount":700},{"posx":10,"posy":6,"amount":550},{"posx":17,"posy":7,"amount":150},{"posx":20,"posy":7,"amount":50},{"posx":10,"posy":8,"amount":700}],"changedObstacles":[{"type":0,"posx":4,"posy":8,"value":-1}]},{"players":[{"playerId":2237456,"score":300,"energy":45,"posx":8,"posy":5,"lastAction":5,"status":0},{"playerId":2451990,"score":250,"energy":25,"posx":10,"posy":6,"lastAction":5,"status":0},{"playerId":2441331,"score":500,"energy":17,"posx":4,"posy":8,"lastAction":4,"status":0},{"playerId":2234905,"score":250,"energy":16,"posx":4,"posy":8,"lastAction":4,"status":0}],"golds":[{"posx":7,"posy":0,"amount":300},{"posx":11,"posy":1,"amount":400},{"posx":12,"posy":1,"amount":100},{"posx":17,"posy":1,"amount":700},{"posx":12,"posy":2,"amount":550},{"posx":1,"posy":3,"amount":350},{"posx":16,"posy":3,"amount":450},{"posx":1,"posy":4,"amount":200},{"posx":2,"posy":4,"amount":250},{"posx":3,"posy":4,"amount":350},{"posx":13,"posy":4,"amount":100},{"posx":19,"posy":4,"amount":700},{"posx":8,"posy":5,"amount":300},{"posx":10,"posy":5,"amount":300},{"posx":11,"posy":5,"amount":700},{"posx":10,"posy":6,"amount":500},{"posx":17,"posy":7,"amount":150},{"posx":20,"posy":7,"amount":50},{"posx":10,"posy":8,"amount":700}],"changedObstacles":[]},{"players":[{"playerId":2237456,"score":350,"energy":40,"posx":8,"posy":5,"lastAction":5,"status":0},{"playerId":2451990,"score":300,"energy":20,"posx":10,"posy":6,"lastAction":5,"status":0},{"playerId":2441331,"score":500,"energy":7,"posx":5,"posy":8,"lastAction":1,"status":0},{"playerId":2234905,"score":250,"energy":32,"posx":4,"posy":8,"lastAction":4,"status":0}],"golds":[{"posx":7,"posy":0,"amount":300},{"posx":11,"posy":1,"amount":400},{"posx":12,"posy":1,"amount":100},{"posx":17,"posy":1,"amount":700},{"posx":12,"posy":2,"amount":550},{"posx":1,"posy":3,"amount":350},{"posx":16,"posy":3,"amount":450},{"posx":1,"posy":4,"amount":200},{"posx":2,"posy":4,"amount":250},{"posx":3,"posy":4,"amount":350},{"posx":13,"posy":4,"amount":100},{"posx":19,"posy":4,"amount":700},{"posx":8,"posy":5,"amount":250},{"posx":10,"posy":5,"amount":300},{"posx":11,"posy":5,"amount":700},{"posx":10,"posy":6,"amount":450},{"posx":17,"posy":7,"amount":150},{"posx":20,"posy":7,"amount":50},{"posx":10,"posy":8,"amount":700}],"changedObstacles":[{"type":0,"posx":5,"posy":8,"value":-1}]},{"players":[{"playerId":2237456,"score":400,"energy":35,"posx":8,"posy":5,"lastAction":5,"status":0},{"playerId":2451990,"score":350,"energy":15,"posx":10,"posy":6,"lastAction":5,"status":0},{"playerId":2441331,"score":500,"energy":6,"posx":6,"posy":8,"lastAction":1,"status":0},{"playerId":2234905,"score":250,"energy":31,"posx":3,"posy":8,"lastAction":0,"status":0}],"golds":[{"posx":7,"posy":0,"amount":300},{"posx":11,"posy":1,"amount":400},{"posx":12,"posy":1,"amount":100},{"posx":17,"posy":1,"amount":700},{"posx":12,"posy":2,"amount":550},{"posx":1,"posy":3,"amount":350},{"posx":16,"posy":3,"amount":450},{"posx":1,"posy":4,"amount":200},{"posx":2,"posy":4,"amount":250},{"posx":3,"posy":4,"amount":350},{"posx":13,"posy":4,"amount":100},{"posx":19,"posy":4,"amount":700},{"posx":8,"posy":5,"amount":200},{"posx":10,"posy":5,"amount":300},{"posx":11,"posy":5,"amount":700},{"posx":10,"posy":6,"amount":400},{"posx":17,"posy":7,"amount":150},{"posx":20,"posy":7,"amount":50},{"posx":10,"posy":8,"amount":700}],"changedObstacles":[]},{"players":[{"playerId":2237456,"score":450,"energy":30,"posx":8,"posy":5,"lastAction":5,"status":0},{"playerId":2451990,"score":400,"energy":10,"posx":10,"posy":6,"lastAction":5,"status":0},{"playerId":2441331,"score":500,"energy":5,"posx":7,"posy":8,"lastAction":1,"status":0},{"playerId":2234905,"score":250,"energy":22,"posx":2,"posy":8,"lastAction":0,"status":0}],"golds":[{"posx":7,"posy":0,"amount":300},{"posx":11,"posy":1,"amount":400},{"posx":12,"posy":1,"amount":100},{"posx":17,"posy":1,"amount":700},{"posx":12,"posy":2,"amount":550},{"posx":1,"posy":3,"amount":350},{"posx":16,"posy":3,"amount":450},{"posx":1,"posy":4,"amount":200},{"posx":2,"posy":4,"amount":250},{"posx":3,"posy":4,"amount":350},{"posx":13,"posy":4,"amount":100},{"posx":19,"posy":4,"amount":700},{"posx":8,"posy":5,"amount":150},{"posx":10,"posy":5,"amount":300},{"posx":11,"posy":5,"amount":700},{"posx":10,"posy":6,"amount":350},{"posx":17,"posy":7,"amount":150},{"posx":20,"posy":7,"amount":50},{"posx":10,"posy":8,"amount":700}],"changedObstacles":[]},{"players":[{"playerId":2237456,"score":500,"energy":25,"posx":8,"posy":5,"lastAction":5,"status":0},{"playerId":2451990,"score":450,"energy":5,"posx":10,"posy":6,"lastAction":5,"status":0},{"playerId":2441331,"score":500,"energy":17,"posx":7,"posy":8,"lastAction":4,"status":0},{"playerId":2234905,"score":250,"energy":21,"posx":1,"posy":8,"lastAction":0,"status":0}],"golds":[{"posx":7,"posy":0,"amount":300},{"posx":11,"posy":1,"amount":400},{"posx":12,"posy":1,"amount":100},{"posx":17,"posy":1,"amount":700},{"posx":12,"posy":2,"amount":550},{"posx":1,"posy":3,"amount":350},{"posx":16,"posy":3,"amount":450},{"posx":1,"posy":4,"amount":200},{"posx":2,"posy":4,"amount":250},{"posx":3,"posy":4,"amount":350},{"posx":13,"posy":4,"amount":100},{"posx":19,"posy":4,"amount":700},{"posx":8,"posy":5,"amount":100},{"posx":10,"posy":5,"amount":300},{"posx":11,"posy":5,"amount":700},{"posx":10,"posy":6,"amount":300},{"posx":17,"posy":7,"amount":150},{"posx":20,"posy":7,"amount":50},{"posx":10,"posy":8,"amount":700}],"changedObstacles":[]},{"players":[{"playerId":2237456,"score":550,"energy":20,"posx":8,"posy":5,"lastAction":5,"status":0},{"playerId":2451990,"score":450,"energy":17,"posx":10,"posy":6,"lastAction":4,"status":0},{"playerId":2441331,"score":500,"energy":7,"posx":8,"posy":8,"lastAction":1,"status":0},{"playerId":2234905,"score":250,"energy":2,"posx":0,"posy":8,"lastAction":0,"status":0}],"golds":[{"posx":7,"posy":0,"amount":300},{"posx":11,"posy":1,"amount":400},{"posx":12,"posy":1,"amount":100},{"posx":17,"posy":1,"amount":700},{"posx":12,"posy":2,"amount":550},{"posx":1,"posy":3,"amount":350},{"posx":16,"posy":3,"amount":450},{"posx":1,"posy":4,"amount":200},{"posx":2,"posy":4,"amount":250},{"posx":3,"posy":4,"amount":350},{"posx":13,"posy":4,"amount":100},{"posx":19,"posy":4,"amount":700},{"posx":8,"posy":5,"amount":50},{"posx":10,"posy":5,"amount":300},{"posx":11,"posy":5,"amount":700},{"posx":10,"posy":6,"amount":300},{"posx":17,"posy":7,"amount":150},{"posx":20,"posy":7,"amount":50},{"posx":10,"posy":8,"amount":700}],"changedObstacles":[{"type":0,"posx":8,"posy":8,"value":-1}]},{"players":[{"playerId":2237456,"score":600,"energy":15,"posx":8,"posy":5,"lastAction":5,"status":0},{"playerId":2451990,"score":450,"energy":33,"posx":10,"posy":6,"lastAction":4,"status":0},{"playerId":2441331,"score":500,"energy":6,"posx":9,"posy":8,"lastAction":1,"status":0},{"playerId":2234905,"score":250,"energy":14,"posx":0,"posy":8,"lastAction":4,"status":0}],"golds":[{"posx":7,"posy":0,"amount":300},{"posx":11,"posy":1,"amount":400},{"posx":12,"posy":1,"amount":100},{"posx":17,"posy":1,"amount":700},{"posx":12,"posy":2,"amount":550},{"posx":1,"posy":3,"amount":350},{"posx":16,"posy":3,"amount":450},{"posx":1,"posy":4,"amount":200},{"posx":2,"posy":4,"amount":250},{"posx":3,"posy":4,"amount":350},{"posx":13,"posy":4,"amount":100},{"posx":19,"posy":4,"amount":700},{"posx":10,"posy":5,"amount":300},{"posx":11,"posy":5,"amount":700},{"posx":10,"posy":6,"amount":300},{"posx":17,"posy":7,"amount":150},{"posx":20,"posy":7,"amount":50},{"posx":10,"posy":8,"amount":700}],"changedObstacles":[{"type":0,"posx":8,"posy":5,"value":-1}]},{"players":[{"playerId":2237456,"score":600,"energy":10,"posx":9,"posy":5,"lastAction":1,"status":0},{"playerId":2451990,"score":500,"energy":28,"posx":10,"posy":6,"lastAction":5,"status":0},{"playerId":2441331,"score":500,"energy":2,"posx":10,"posy":8,"lastAction":1,"status":0},{"playerId":2234905,"score":250,"energy":30,"posx":0,"posy":8,"lastAction":4,"status":0}],"golds":[{"posx":7,"posy":0,"amount":300},{"posx":11,"posy":1,"amount":400},{"posx":12,"posy":1,"amount":100},{"posx":17,"posy":1,"amount":700},{"posx":12,"posy":2,"amount":550},{"posx":1,"posy":3,"amount":350},{"posx":16,"posy":3,"amount":450},{"posx":1,"posy":4,"amount":200},{"posx":2,"posy":4,"amount":250},{"posx":3,"posy":4,"amount":350},{"posx":13,"posy":4,"amount":100},{"posx":19,"posy":4,"amount":700},{"posx":10,"posy":5,"amount":300},{"posx":11,"posy":5,"amount":700},{"posx":10,"posy":6,"amount":250},{"posx":17,"posy":7,"amount":150},{"posx":20,"posy":7,"amount":50},{"posx":10,"posy":8,"amount":700}],"changedObstacles":[{"type":3,"posx":9,"posy":5,"value":-20}]},{"players":[{"playerId":2237456,"score":600,"energy":6,"posx":10,"posy":5,"lastAction":1,"status":0},{"playerId":2451990,"score":550,"energy":23,"posx":10,"posy":6,"lastAction":5,"status":0},{"playerId":2441331,"score":500,"energy":14,"posx":10,"posy":8,"lastAction":4,"status":0},{"playerId":2234905,"score":250,"energy":20,"posx":0,"posy":7,"lastAction":2,"status":0}],"golds":[{"posx":7,"posy":0,"amount":300},{"posx":11,"posy":1,"amount":400},{"posx":12,"posy":1,"amount":100},{"posx":17,"posy":1,"amount":700},{"posx":12,"posy":2,"amount":550},{"posx":1,"posy":3,"amount":350},{"posx":16,"posy":3,"amount":450},{"posx":1,"posy":4,"amount":200},{"posx":2,"posy":4,"amount":250},{"posx":3,"posy":4,"amount":350},{"posx":13,"posy":4,"amount":100},{"posx":19,"posy":4,"amount":700},{"posx":10,"posy":5,"amount":300},{"posx":11,"posy":5,"amount":700},{"posx":10,"posy":6,"amount":200},{"posx":17,"posy":7,"amount":150},{"posx":20,"posy":7,"amount":50},{"posx":10,"posy":8,"amount":700}],"changedObstacles":[]},{"players":[{"playerId":2237456,"score":650,"energy":1,"posx":10,"posy":5,"lastAction":5,"status":0},{"playerId":2451990,"score":600,"energy":18,"posx":10,"posy":6,"lastAction":5,"status":0},{"playerId":2441331,"score":500,"energy":30,"posx":10,"posy":8,"lastAction":4,"status":0},{"playerId":2234905,"score":250,"energy":19,"posx":0,"posy":6,"lastAction":2,"status":0}],"golds":[{"posx":7,"posy":0,"amount":300},{"posx":11,"posy":1,"amount":400},{"posx":12,"posy":1,"amount":100},{"posx":17,"posy":1,"amount":700},{"posx":12,"posy":2,"amount":550},{"posx":1,"posy":3,"amount":350},{"posx":16,"posy":3,"amount":450},{"posx":1,"posy":4,"amount":200},{"posx":2,"posy":4,"amount":250},{"posx":3,"posy":4,"amount":350},{"posx":13,"posy":4,"amount":100},{"posx":19,"posy":4,"amount":700},{"posx":10,"posy":5,"amount":250},{"posx":11,"posy":5,"amount":700},{"posx":10,"posy":6,"amount":150},{"posx":17,"posy":7,"amount":150},{"posx":20,"posy":7,"amount":50},{"posx":10,"posy":8,"amount":700}],"changedObstacles":[]},{"players":[{"playerId":2237456,"score":650,"energy":13,"posx":10,"posy":5,"lastAction":4,"status":0},{"playerId":2451990,"score":650,"energy":13,"posx":10,"posy":6,"lastAction":5,"status":0},{"playerId":2441331,"score":500,"energy":50,"posx":10,"posy":8,"lastAction":4,"status":0},{"playerId":2234905,"score":250,"energy":9,"posx":0,"posy":5,"lastAction":2,"status":0}],"golds":[{"posx":7,"posy":0,"amount":300},{"posx":11,"posy":1,"amount":400},{"posx":12,"posy":1,"amount":100},{"posx":17,"posy":1,"amount":700},{"posx":12,"posy":2,"amount":550},{"posx":1,"posy":3,"amount":350},{"posx":16,"posy":3,"amount":450},{"posx":1,"posy":4,"amount":200},{"posx":2,"posy":4,"amount":250},{"posx":3,"posy":4,"amount":350},{"posx":13,"posy":4,"amount":100},{"posx":19,"posy":4,"amount":700},{"posx":10,"posy":5,"amount":250},{"posx":11,"posy":5,"amount":700},{"posx":10,"posy":6,"amount":100},{"posx":17,"posy":7,"amount":150},{"posx":20,"posy":7,"amount":50},{"posx":10,"posy":8,"amount":700}],"changedObstacles":[{"type":0,"posx":0,"posy":5,"value":-1}]},{"players":[{"playerId":2237456,"score":650,"energy":29,"posx":10,"posy":5,"lastAction":4,"status":0},{"playerId":2451990,"score":700,"energy":8,"posx":10,"posy":6,"lastAction":5,"status":0},{"playerId":2441331,"score":550,"energy":45,"posx":10,"posy":8,"lastAction":5,"status":0},{"playerId":2234905,"score":250,"energy":8,"posx":0,"posy":4,"lastAction":2,"status":0}],"golds":[{"posx":7,"posy":0,"amount":300},{"posx":11,"posy":1,"amount":400},{"posx":12,"posy":1,"amount":100},{"posx":17,"posy":1,"amount":700},{"posx":12,"posy":2,"amount":550},{"posx":1,"posy":3,"amount":350},{"posx":16,"posy":3,"amount":450},{"posx":1,"posy":4,"amount":200},{"posx":2,"posy":4,"amount":250},{"posx":3,"posy":4,"amount":350},{"posx":13,"posy":4,"amount":100},{"posx":19,"posy":4,"amount":700},{"posx":10,"posy":5,"amount":250},{"posx":11,"posy":5,"amount":700},{"posx":10,"posy":6,"amount":50},{"posx":17,"posy":7,"amount":150},{"posx":20,"posy":7,"amount":50},{"posx":10,"posy":8,"amount":650}],"changedObstacles":[]},{"players":[{"playerId":2237456,"score":700,"energy":24,"posx":10,"posy":5,"lastAction":5,"status":0},{"playerId":2451990,"score":750,"energy":3,"posx":10,"posy":6,"lastAction":5,"status":0},{"playerId":2441331,"score":600,"energy":40,"posx":10,"posy":8,"lastAction":5,"status":0},{"playerId":2234905,"score":250,"energy":20,"posx":0,"posy":4,"lastAction":4,"status":0}],"golds":[{"posx":7,"posy":0,"amount":300},{"posx":11,"posy":1,"amount":400},{"posx":12,"posy":1,"amount":100},{"posx":17,"posy":1,"amount":700},{"posx":12,"posy":2,"amount":550},{"posx":1,"posy":3,"amount":350},{"posx":16,"posy":3,"amount":450},{"posx":1,"posy":4,"amount":200},{"posx":2,"posy":4,"amount":250},{"posx":3,"posy":4,"amount":350},{"posx":13,"posy":4,"amount":100},{"posx":19,"posy":4,"amount":700},{"posx":10,"posy":5,"amount":200},{"posx":11,"posy":5,"amount":700},{"posx":17,"posy":7,"amount":150},{"posx":20,"posy":7,"amount":50},{"posx":10,"posy":8,"amount":600}],"changedObstacles":[{"type":0,"posx":10,"posy":6,"value":-1}]},{"players":[{"playerId":2237456,"score":750,"energy":19,"posx":10,"posy":5,"lastAction":5,"status":0},{"playerId":2451990,"score":750,"energy":15,"posx":10,"posy":6,"lastAction":4,"status":0},{"playerId":2441331,"score":650,"energy":35,"posx":10,"posy":8,"lastAction":5,"status":0},{"playerId":2234905,"score":250,"energy":15,"posx":0,"posy":3,"lastAction":2,"status":0}],"golds":[{"posx":7,"posy":0,"amount":300},{"posx":11,"posy":1,"amount":400},{"posx":12,"posy":1,"amount":100},{"posx":17,"posy":1,"amount":700},{"posx":12,"posy":2,"amount":550},{"posx":1,"posy":3,"amount":350},{"posx":16,"posy":3,"amount":450},{"posx":1,"posy":4,"amount":200},{"posx":2,"posy":4,"amount":250},{"posx":3,"posy":4,"amount":350},{"posx":13,"posy":4,"amount":100},{"posx":19,"posy":4,"amount":700},{"posx":10,"posy":5,"amount":150},{"posx":11,"posy":5,"amount":700},{"posx":17,"posy":7,"amount":150},{"posx":20,"posy":7,"amount":50},{"posx":10,"posy":8,"amount":550}],"changedObstacles":[{"type":3,"posx":0,"posy":3,"value":-20}]},{"players":[{"playerId":2237456,"score":800,"energy":14,"posx":10,"posy":5,"lastAction":5,"status":0},{"playerId":2451990,"score":750,"energy":31,"posx":10,"posy":6,"lastAction":4,"status":0},{"playerId":2441331,"score":650,"energy":47,"posx":10,"posy":8,"lastAction":4,"status":0},{"playerId":2234905,"score":250,"energy":27,"posx":0,"posy":3,"lastAction":4,"status":0}],"golds":[{"posx":7,"posy":0,"amount":300},{"posx":11,"posy":1,"amount":400},{"posx":12,"posy":1,"amount":100},{"posx":17,"posy":1,"amount":700},{"posx":12,"posy":2,"amount":550},{"posx":1,"posy":3,"amount":350},{"posx":16,"posy":3,"amount":450},{"posx":1,"posy":4,"amount":200},{"posx":2,"posy":4,"amount":250},{"posx":3,"posy":4,"amount":350},{"posx":13,"posy":4,"amount":100},{"posx":19,"posy":4,"amount":700},{"posx":10,"posy":5,"amount":100},{"posx":11,"posy":5,"amount":700},{"posx":17,"posy":7,"amount":150},{"posx":20,"posy":7,"amount":50},{"posx":10,"posy":8,"amount":550}],"changedObstacles":[]},{"players":[{"playerId":2237456,"score":850,"energy":9,"posx":10,"posy":5,"lastAction":5,"status":0},{"playerId":2451990,"score":750,"energy":50,"posx":10,"posy":6,"lastAction":4,"status":0},{"playerId":2441331,"score":700,"energy":42,"posx":10,"posy":8,"lastAction":5,"status":0},{"playerId":2234905,"score":250,"energy":43,"posx":0,"posy":3,"lastAction":4,"status":0}],"golds":[{"posx":7,"posy":0,"amount":300},{"posx":11,"posy":1,"amount":400},{"posx":12,"posy":1,"amount":100},{"posx":17,"posy":1,"amount":700},{"posx":12,"posy":2,"amount":550},{"posx":1,"posy":3,"amount":350},{"posx":16,"posy":3,"amount":450},{"posx":1,"posy":4,"amount":200},{"posx":2,"posy":4,"amount":250},{"posx":3,"posy":4,"amount":350},{"posx":13,"posy":4,"amount":100},{"posx":19,"posy":4,"amount":700},{"posx":10,"posy":5,"amount":50},{"posx":11,"posy":5,"amount":700},{"posx":17,"posy":7,"amount":150},{"posx":20,"posy":7,"amount":50},{"posx":10,"posy":8,"amount":500}],"changedObstacles":[]},{"players":[{"playerId":2237456,"score":900,"energy":4,"posx":10,"posy":5,"lastAction":5,"status":0},{"playerId":2451990,"score":750,"energy":46,"posx":10,"posy":5,"lastAction":2,"status":0},{"playerId":2441331,"score":750,"energy":37,"posx":10,"posy":8,"lastAction":5,"status":0},{"playerId":2234905,"score":250,"energy":38,"posx":0,"posy":2,"lastAction":2,"status":0}],"golds":[{"posx":7,"posy":0,"amount":300},{"posx":11,"posy":1,"amount":400},{"posx":12,"posy":1,"amount":100},{"posx":17,"posy":1,"amount":700},{"posx":12,"posy":2,"amount":550},{"posx":1,"posy":3,"amount":350},{"posx":16,"posy":3,"amount":450},{"posx":1,"posy":4,"amount":200},{"posx":2,"posy":4,"amount":250},{"posx":3,"posy":4,"amount":350},{"posx":13,"posy":4,"amount":100},{"posx":19,"posy":4,"amount":700},{"posx":11,"posy":5,"amount":700},{"posx":17,"posy":7,"amount":150},{"posx":20,"posy":7,"amount":50},{"posx":10,"posy":8,"amount":450}],"changedObstacles":[{"type":3,"posx":0,"posy":2,"value":-20},{"type":0,"posx":10,"posy":5,"value":-1}]},{"players":[{"playerId":2237456,"score":900,"energy":16,"posx":10,"posy":5,"lastAction":4,"status":0},{"playerId":2451990,"score":750,"energy":42,"posx":11,"posy":5,"lastAction":1,"status":0},{"playerId":2441331,"score":750,"energy":49,"posx":10,"posy":8,"lastAction":4,"status":0},{"playerId":2234905,"score":250,"energy":37,"posx":0,"posy":1,"lastAction":2,"status":0}],"golds":[{"posx":7,"posy":0,"amount":300},{"posx":11,"posy":1,"amount":400},{"posx":12,"posy":1,"amount":100},{"posx":17,"posy":1,"amount":700},{"posx":12,"posy":2,"amount":550},{"posx":1,"posy":3,"amount":350},{"posx":16,"posy":3,"amount":450},{"posx":1,"posy":4,"amount":200},{"posx":2,"posy":4,"amount":250},{"posx":3,"posy":4,"amount":350},{"posx":13,"posy":4,"amount":100},{"posx":19,"posy":4,"amount":700},{"posx":11,"posy":5,"amount":700},{"posx":17,"posy":7,"amount":150},{"posx":20,"posy":7,"amount":50},{"posx":10,"posy":8,"amount":450}],"changedObstacles":[]},{"players":[{"playerId":2237456,"score":900,"energy":32,"posx":10,"posy":5,"lastAction":4,"status":0},{"playerId":2451990,"score":800,"energy":37,"posx":11,"posy":5,"lastAction":5,"status":0},{"playerId":2441331,"score":800,"energy":44,"posx":10,"posy":8,"lastAction":5,"status":0},{"playerId":2234905,"score":250,"energy":32,"posx":0,"posy":0,"lastAction":2,"status":0}],"golds":[{"posx":7,"posy":0,"amount":300},{"posx":11,"posy":1,"amount":400},{"posx":12,"posy":1,"amount":100},{"posx":17,"posy":1,"amount":700},{"posx":12,"posy":2,"amount":550},{"posx":1,"posy":3,"amount":350},{"posx":16,"posy":3,"amount":450},{"posx":1,"posy":4,"amount":200},{"posx":2,"posy":4,"amount":250},{"posx":3,"posy":4,"amount":350},{"posx":13,"posy":4,"amount":100},{"posx":19,"posy":4,"amount":700},{"posx":11,"posy":5,"amount":650},{"posx":17,"posy":7,"amount":150},{"posx":20,"posy":7,"amount":50},{"posx":10,"posy":8,"amount":400}],"changedObstacles":[{"type":3,"posx":0,"posy":0,"value":-20}]},{"players":[{"playerId":2237456,"score":900,"energy":50,"posx":10,"posy":5,"lastAction":4,"status":0},{"playerId":2451990,"score":850,"energy":32,"posx":11,"posy":5,"lastAction":5,"status":0},{"playerId":2441331,"score":850,"energy":39,"posx":10,"posy":8,"lastAction":5,"status":0},{"playerId":2234905,"score":250,"energy":15,"posx":1,"posy":0,"lastAction":1,"status":0}],"golds":[{"posx":7,"posy":0,"amount":300},{"posx":11,"posy":1,"amount":400},{"posx":12,"posy":1,"amount":100},{"posx":17,"posy":1,"amount":700},{"posx":12,"posy":2,"amount":550},{"posx":1,"posy":3,"amount":350},{"posx":16,"posy":3,"amount":450},{"posx":1,"posy":4,"amount":200},{"posx":2,"posy":4,"amount":250},{"posx":3,"posy":4,"amount":350},{"posx":13,"posy":4,"amount":100},{"posx":19,"posy":4,"amount":700},{"posx":11,"posy":5,"amount":600},{"posx":17,"posy":7,"amount":150},{"posx":20,"posy":7,"amount":50},{"posx":10,"posy":8,"amount":350}],"changedObstacles":[]},{"players":[{"playerId":2237456,"score":900,"energy":46,"posx":11,"posy":5,"lastAction":1,"status":0},{"playerId":2451990,"score":900,"energy":27,"posx":11,"posy":5,"lastAction":5,"status":0},{"playerId":2441331,"score":900,"energy":34,"posx":10,"posy":8,"lastAction":5,"status":0},{"playerId":2234905,"score":250,"energy":27,"posx":1,"posy":0,"lastAction":4,"status":0}],"golds":[{"posx":7,"posy":0,"amount":300},{"posx":11,"posy":1,"amount":400},{"posx":12,"posy":1,"amount":100},{"posx":17,"posy":1,"amount":700},{"posx":12,"posy":2,"amount":550},{"posx":1,"posy":3,"amount":350},{"posx":16,"posy":3,"amount":450},{"posx":1,"posy":4,"amount":200},{"posx":2,"posy":4,"amount":250},{"posx":3,"posy":4,"amount":350},{"posx":13,"posy":4,"amount":100},{"posx":19,"posy":4,"amount":700},{"posx":11,"posy":5,"amount":550},{"posx":17,"posy":7,"amount":150},{"posx":20,"posy":7,"amount":50},{"posx":10,"posy":8,"amount":300}],"changedObstacles":[]},{"players":[{"playerId":2237456,"score":950,"energy":41,"posx":11,"posy":5,"lastAction":5,"status":0},{"playerId":2451990,"score":950,"energy":22,"posx":11,"posy":5,"lastAction":5,"status":0},{"playerId":2441331,"score":950,"energy":29,"posx":10,"posy":8,"lastAction":5,"status":0},{"playerId":2234905,"score":250,"energy":15,"posx":1,"posy":1,"lastAction":3,"status":0}],"golds":[{"posx":7,"posy":0,"amount":300},{"posx":11,"posy":1,"amount":400},{"posx":12,"posy":1,"amount":100},{"posx":17,"posy":1,"amount":700},{"posx":12,"posy":2,"amount":550},{"posx":1,"posy":3,"amount":350},{"posx":16,"posy":3,"amount":450},{"posx":1,"posy":4,"amount":200},{"posx":2,"posy":4,"amount":250},{"posx":3,"posy":4,"amount":350},{"posx":13,"posy":4,"amount":100},{"posx":19,"posy":4,"amount":700},{"posx":11,"posy":5,"amount":450},{"posx":17,"posy":7,"amount":150},{"posx":20,"posy":7,"amount":50},{"posx":10,"posy":8,"amount":250}],"changedObstacles":[]},{"players":[{"playerId":2237456,"score":1000,"energy":36,"posx":11,"posy":5,"lastAction":5,"status":0},{"playerId":2451990,"score":1000,"energy":17,"posx":11,"posy":5,"lastAction":5,"status":0},{"playerId":2441331,"score":1000,"energy":24,"posx":10,"posy":8,"lastAction":5,"status":0},{"playerId":2234905,"score":250,"energy":5,"posx":1,"posy":2,"lastAction":3,"status":0}],"golds":[{"posx":7,"posy":0,"amount":300},{"posx":11,"posy":1,"amount":400},{"posx":12,"posy":1,"amount":100},{"posx":17,"posy":1,"amount":700},{"posx":12,"posy":2,"amount":550},{"posx":1,"posy":3,"amount":350},{"posx":16,"posy":3,"amount":450},{"posx":1,"posy":4,"amount":200},{"posx":2,"posy":4,"amount":250},{"posx":3,"posy":4,"amount":350},{"posx":13,"posy":4,"amount":100},{"posx":19,"posy":4,"amount":700},{"posx":11,"posy":5,"amount":350},{"posx":17,"posy":7,"amount":150},{"posx":20,"posy":7,"amount":50},{"posx":10,"posy":8,"amount":200}],"changedObstacles":[{"type":0,"posx":1,"posy":2,"value":-1}]},{"players":[{"playerId":2237456,"score":1050,"energy":31,"posx":11,"posy":5,"lastAction":5,"status":0},{"playerId":2451990,"score":1050,"energy":12,"posx":11,"posy":5,"lastAction":5,"status":0},{"playerId":2441331,"score":1050,"energy":19,"posx":10,"posy":8,"lastAction":5,"status":0},{"playerId":2234905,"score":250,"energy":17,"posx":1,"posy":2,"lastAction":4,"status":0}],"golds":[{"posx":7,"posy":0,"amount":300},{"posx":11,"posy":1,"amount":400},{"posx":12,"posy":1,"amount":100},{"posx":17,"posy":1,"amount":700},{"posx":12,"posy":2,"amount":550},{"posx":1,"posy":3,"amount":350},{"posx":16,"posy":3,"amount":450},{"posx":1,"posy":4,"amount":200},{"posx":2,"posy":4,"amount":250},{"posx":3,"posy":4,"amount":350},{"posx":13,"posy":4,"amount":100},{"posx":19,"posy":4,"amount":700},{"posx":11,"posy":5,"amount":250},{"posx":17,"posy":7,"amount":150},{"posx":20,"posy":7,"amount":50},{"posx":10,"posy":8,"amount":150}],"changedObstacles":[]},{"players":[{"playerId":2237456,"score":1100,"energy":26,"posx":11,"posy":5,"lastAction":5,"status":0},{"playerId":2451990,"score":1100,"energy":7,"posx":11,"posy":5,"lastAction":5,"status":0},{"playerId":2441331,"score":1100,"energy":14,"posx":10,"posy":8,"lastAction":5,"status":0},{"playerId":2234905,"score":250,"energy":33,"posx":1,"posy":2,"lastAction":4,"status":0}],"golds":[{"posx":7,"posy":0,"amount":300},{"posx":11,"posy":1,"amount":400},{"posx":12,"posy":1,"amount":100},{"posx":17,"posy":1,"amount":700},{"posx":12,"posy":2,"amount":550},{"posx":1,"posy":3,"amount":350},{"posx":16,"posy":3,"amount":450},{"posx":1,"posy":4,"amount":200},{"posx":2,"posy":4,"amount":250},{"posx":3,"posy":4,"amount":350},{"posx":13,"posy":4,"amount":100},{"posx":19,"posy":4,"amount":700},{"posx":11,"posy":5,"amount":150},{"posx":17,"posy":7,"amount":150},{"posx":20,"posy":7,"amount":50},{"posx":10,"posy":8,"amount":100}],"changedObstacles":[]},{"players":[{"playerId":2237456,"score":1150,"energy":21,"posx":11,"posy":5,"lastAction":5,"status":0},{"playerId":2451990,"score":1150,"energy":2,"posx":11,"posy":5,"lastAction":5,"status":0},{"playerId":2441331,"score":1150,"energy":9,"posx":10,"posy":8,"lastAction":5,"status":0},{"playerId":2234905,"score":250,"energy":23,"posx":2,"posy":2,"lastAction":1,"status":0}],"golds":[{"posx":7,"posy":0,"amount":300},{"posx":11,"posy":1,"amount":400},{"posx":12,"posy":1,"amount":100},{"posx":17,"posy":1,"amount":700},{"posx":12,"posy":2,"amount":550},{"posx":1,"posy":3,"amount":350},{"posx":16,"posy":3,"amount":450},{"posx":1,"posy":4,"amount":200},{"posx":2,"posy":4,"amount":250},{"posx":3,"posy":4,"amount":350},{"posx":13,"posy":4,"amount":100},{"posx":19,"posy":4,"amount":700},{"posx":11,"posy":5,"amount":50},{"posx":17,"posy":7,"amount":150},{"posx":20,"posy":7,"amount":50},{"posx":10,"posy":8,"amount":50}],"changedObstacles":[{"type":0,"posx":2,"posy":2,"value":-1}]},{"players":[{"playerId":2237456,"score":1200,"energy":16,"posx":11,"posy":5,"lastAction":5,"status":0},{"playerId":2451990,"score":1150,"energy":14,"posx":11,"posy":5,"lastAction":4,"status":0},{"playerId":2441331,"score":1200,"energy":4,"posx":10,"posy":8,"lastAction":5,"status":0},{"playerId":2234905,"score":250,"energy":18,"posx":2,"posy":3,"lastAction":3,"status":0}],"golds":[{"posx":7,"posy":0,"amount":300},{"posx":11,"posy":1,"amount":400},{"posx":12,"posy":1,"amount":100},{"posx":17,"posy":1,"amount":700},{"posx":12,"posy":2,"amount":550},{"posx":1,"posy":3,"amount":350},{"posx":16,"posy":3,"amount":450},{"posx":1,"posy":4,"amount":200},{"posx":2,"posy":4,"amount":250},{"posx":3,"posy":4,"amount":350},{"posx":13,"posy":4,"amount":100},{"posx":19,"posy":4,"amount":700},{"posx":17,"posy":7,"amount":150},{"posx":20,"posy":7,"amount":50}],"changedObstacles":[{"type":3,"posx":2,"posy":3,"value":-20},{"type":0,"posx":10,"posy":8,"value":-1},{"type":0,"posx":11,"posy":5,"value":-1}]},{"players":[{"playerId":2237456,"score":1200,"energy":15,"posx":10,"posy":5,"lastAction":0,"status":0},{"playerId":2451990,"score":1150,"energy":30,"posx":11,"posy":5,"lastAction":4,"status":0},{"playerId":2441331,"score":1200,"energy":3,"posx":11,"posy":8,"lastAction":1,"status":0},{"playerId":2234905,"score":250,"energy":14,"posx":2,"posy":4,"lastAction":3,"status":0}],"golds":[{"posx":7,"posy":0,"amount":300},{"posx":11,"posy":1,"amount":400},{"posx":12,"posy":1,"amount":100},{"posx":17,"posy":1,"amount":700},{"posx":12,"posy":2,"amount":550},{"posx":1,"posy":3,"amount":350},{"posx":16,"posy":3,"amount":450},{"posx":1,"posy":4,"amount":200},{"posx":2,"posy":4,"amount":250},{"posx":3,"posy":4,"amount":350},{"posx":13,"posy":4,"amount":100},{"posx":19,"posy":4,"amount":700},{"posx":17,"posy":7,"amount":150},{"posx":20,"posy":7,"amount":50}],"changedObstacles":[]},{"players":[{"playerId":2237456,"score":1200,"energy":27,"posx":10,"posy":5,"lastAction":4,"status":0},{"playerId":2451990,"score":1150,"energy":50,"posx":11,"posy":5,"lastAction":4,"status":0},{"playerId":2441331,"score":1200,"energy":2,"posx":11,"posy":7,"lastAction":2,"status":0},{"playerId":2234905,"score":300,"energy":9,"posx":2,"posy":4,"lastAction":5,"status":0}],"golds":[{"posx":7,"posy":0,"amount":300},{"posx":11,"posy":1,"amount":400},{"posx":12,"posy":1,"amount":100},{"posx":17,"posy":1,"amount":700},{"posx":12,"posy":2,"amount":550},{"posx":1,"posy":3,"amount":350},{"posx":16,"posy":3,"amount":450},{"posx":1,"posy":4,"amount":200},{"posx":2,"posy":4,"amount":200},{"posx":3,"posy":4,"amount":350},{"posx":13,"posy":4,"amount":100},{"posx":19,"posy":4,"amount":700},{"posx":17,"posy":7,"amount":150},{"posx":20,"posy":7,"amount":50}],"changedObstacles":[]},{"players":[{"playerId":2237456,"score":1200,"energy":43,"posx":10,"posy":5,"lastAction":4,"status":0},{"playerId":2451990,"score":1150,"energy":49,"posx":11,"posy":4,"lastAction":2,"status":0},{"playerId":2441331,"score":1200,"energy":14,"posx":11,"posy":7,"lastAction":4,"status":0},{"playerId":2234905,"score":350,"energy":4,"posx":2,"posy":4,"lastAction":5,"status":0}],"golds":[{"posx":7,"posy":0,"amount":300},{"posx":11,"posy":1,"amount":400},{"posx":12,"posy":1,"amount":100},{"posx":17,"posy":1,"amount":700},{"posx":12,"posy":2,"amount":550},{"posx":1,"posy":3,"amount":350},{"posx":16,"posy":3,"amount":450},{"posx":1,"posy":4,"amount":200},{"posx":2,"posy":4,"amount":150},{"posx":3,"posy":4,"amount":350},{"posx":13,"posy":4,"amount":100},{"posx":19,"posy":4,"amount":700},{"posx":17,"posy":7,"amount":150},{"posx":20,"posy":7,"amount":50}],"changedObstacles":[]},{"players":[{"playerId":2237456,"score":1200,"energy":23,"posx":9,"posy":5,"lastAction":0,"status":0},{"playerId":2451990,"score":1150,"energy":42,"posx":11,"posy":3,"lastAction":2,"status":0},{"playerId":2441331,"score":1200,"energy":4,"posx":11,"posy":6,"lastAction":2,"status":0},{"playerId":2234905,"score":350,"energy":16,"posx":2,"posy":4,"lastAction":4,"status":0}],"golds":[{"posx":7,"posy":0,"amount":300},{"posx":11,"posy":1,"amount":400},{"posx":12,"posy":1,"amount":100},{"posx":17,"posy":1,"amount":700},{"posx":12,"posy":2,"amount":550},{"posx":1,"posy":3,"amount":350},{"posx":16,"posy":3,"amount":450},{"posx":1,"posy":4,"amount":200},{"posx":2,"posy":4,"amount":150},{"posx":3,"posy":4,"amount":350},{"posx":13,"posy":4,"amount":100},{"posx":19,"posy":4,"amount":700},{"posx":17,"posy":7,"amount":150},{"posx":20,"posy":7,"amount":50}],"changedObstacles":[{"type":0,"posx":11,"posy":6,"value":-1},{"type":3,"posx":9,"posy":5,"value":-40}]},{"players":[{"playerId":2237456,"score":1200,"energy":22,"posx":8,"posy":5,"lastAction":0,"status":0},{"playerId":2451990,"score":1150,"energy":32,"posx":11,"posy":2,"lastAction":2,"status":0},{"playerId":2441331,"score":1200,"energy":3,"posx":11,"posy":5,"lastAction":2,"status":0},{"playerId":2234905,"score":400,"energy":11,"posx":2,"posy":4,"lastAction":5,"status":0}],"golds":[{"posx":7,"posy":0,"amount":300},{"posx":11,"posy":1,"amount":400},{"posx":12,"posy":1,"amount":100},{"posx":17,"posy":1,"amount":700},{"posx":12,"posy":2,"amount":550},{"posx":1,"posy":3,"amount":350},{"posx":16,"posy":3,"amount":450},{"posx":1,"posy":4,"amount":200},{"posx":2,"posy":4,"amount":100},{"posx":3,"posy":4,"amount":350},{"posx":13,"posy":4,"amount":100},{"posx":19,"posy":4,"amount":700},{"posx":17,"posy":7,"amount":150},{"posx":20,"posy":7,"amount":50}],"changedObstacles":[{"type":0,"posx":11,"posy":2,"value":-1}]},{"players":[{"playerId":2237456,"score":1200,"energy":21,"posx":7,"posy":5,"lastAction":0,"status":0},{"playerId":2451990,"score":1150,"energy":28,"posx":11,"posy":1,"lastAction":2,"status":0},{"playerId":2441331,"score":1200,"energy":2,"posx":11,"posy":4,"lastAction":2,"status":0},{"playerId":2234905,"score":450,"energy":6,"posx":2,"posy":4,"lastAction":5,"status":0}],"golds":[{"posx":7,"posy":0,"amount":300},{"posx":11,"posy":1,"amount":400},{"posx":12,"posy":1,"amount":100},{"posx":17,"posy":1,"amount":700},{"posx":12,"posy":2,"amount":550},{"posx":1,"posy":3,"amount":350},{"posx":16,"posy":3,"amount":450},{"posx":1,"posy":4,"amount":200},{"posx":2,"posy":4,"amount":50},{"posx":3,"posy":4,"amount":350},{"posx":13,"posy":4,"amount":100},{"posx":19,"posy":4,"amount":700},{"posx":17,"posy":7,"amount":150},{"posx":20,"posy":7,"amount":50}],"changedObstacles":[]},{"players":[{"playerId":2237456,"score":1200,"energy":20,"posx":6,"posy":5,"lastAction":0,"status":0},{"playerId":2451990,"score":1200,"energy":23,"posx":11,"posy":1,"lastAction":5,"status":0},{"playerId":2441331,"score":1200,"energy":14,"posx":11,"posy":4,"lastAction":4,"status":0},{"playerId":2234905,"score":500,"energy":1,"posx":2,"posy":4,"lastAction":5,"status":0}],"golds":[{"posx":7,"posy":0,"amount":300},{"posx":11,"posy":1,"amount":350},{"posx":12,"posy":1,"amount":100},{"posx":17,"posy":1,"amount":700},{"posx":12,"posy":2,"amount":550},{"posx":1,"posy":3,"amount":350},{"posx":16,"posy":3,"amount":450},{"posx":1,"posy":4,"amount":200},{"posx":3,"posy":4,"amount":350},{"posx":13,"posy":4,"amount":100},{"posx":19,"posy":4,"amount":700},{"posx":17,"posy":7,"amount":150},{"posx":20,"posy":7,"amount":50}],"changedObstacles":[{"type":0,"posx":2,"posy":4,"value":-1}]},{"players":[{"playerId":2237456,"score":1200,"energy":19,"posx":5,"posy":5,"lastAction":0,"status":0},{"playerId":2451990,"score":1250,"energy":18,"posx":11,"posy":1,"lastAction":5,"status":0},{"playerId":2441331,"score":1200,"energy":30,"posx":11,"posy":4,"lastAction":4,"status":0},{"playerId":2234905,"score":500,"energy":13,"posx":2,"posy":4,"lastAction":4,"status":0}],"golds":[{"posx":7,"posy":0,"amount":300},{"posx":11,"posy":1,"amount":300},{"posx":12,"posy":1,"amount":100},{"posx":17,"posy":1,"amount":700},{"posx":12,"posy":2,"amount":550},{"posx":1,"posy":3,"amount":350},{"posx":16,"posy":3,"amount":450},{"posx":1,"posy":4,"amount":200},{"posx":3,"posy":4,"amount":350},{"posx":13,"posy":4,"amount":100},{"posx":19,"posy":4,"amount":700},{"posx":17,"posy":7,"amount":150},{"posx":20,"posy":7,"amount":50}],"changedObstacles":[]},{"players":[{"playerId":2237456,"score":1200,"energy":18,"posx":4,"posy":5,"lastAction":0,"status":0},{"playerId":2451990,"score":1300,"energy":13,"posx":11,"posy":1,"lastAction":5,"status":0},{"playerId":2441331,"score":1200,"energy":22,"posx":11,"posy":3,"lastAction":2,"status":0},{"playerId":2234905,"score":500,"energy":29,"posx":2,"posy":4,"lastAction":4,"status":0}],"golds":[{"posx":7,"posy":0,"amount":300},{"posx":11,"posy":1,"amount":250},{"posx":12,"posy":1,"amount":100},{"posx":17,"posy":1,"amount":700},{"posx":12,"posy":2,"amount":550},{"posx":1,"posy":3,"amount":350},{"posx":16,"posy":3,"amount":450},{"posx":1,"posy":4,"amount":200},{"posx":3,"posy":4,"amount":350},{"posx":13,"posy":4,"amount":100},{"posx":19,"posy":4,"amount":700},{"posx":17,"posy":7,"amount":150},{"posx":20,"posy":7,"amount":50}],"changedObstacles":[]},{"players":[{"playerId":2237456,"score":1200,"energy":30,"posx":4,"posy":5,"lastAction":4,"status":0},{"playerId":2451990,"score":1350,"energy":8,"posx":11,"posy":1,"lastAction":5,"status":0},{"playerId":2441331,"score":1200,"energy":21,"posx":11,"posy":2,"lastAction":2,"status":0},{"playerId":2234905,"score":500,"energy":9,"posx":2,"posy":3,"lastAction":2,"status":0}],"golds":[{"posx":7,"posy":0,"amount":300},{"posx":11,"posy":1,"amount":200},{"posx":12,"posy":1,"amount":100},{"posx":17,"posy":1,"amount":700},{"posx":12,"posy":2,"amount":550},{"posx":1,"posy":3,"amount":350},{"posx":16,"posy":3,"amount":450},{"posx":1,"posy":4,"amount":200},{"posx":3,"posy":4,"amount":350},{"posx":13,"posy":4,"amount":100},{"posx":19,"posy":4,"amount":700},{"posx":17,"posy":7,"amount":150},{"posx":20,"posy":7,"amount":50}],"changedObstacles":[{"type":3,"posx":2,"posy":3,"value":-40}]},{"players":[{"playerId":2237456,"score":1200,"energy":46,"posx":4,"posy":5,"lastAction":4,"status":0},{"playerId":2451990,"score":1400,"energy":3,"posx":11,"posy":1,"lastAction":5,"status":0},{"playerId":2441331,"score":1200,"energy":17,"posx":12,"posy":2,"lastAction":1,"status":0},{"playerId":2234905,"score":500,"energy":8,"posx":2,"posy":2,"lastAction":2,"status":0}],"golds":[{"posx":7,"posy":0,"amount":300},{"posx":11,"posy":1,"amount":150},{"posx":12,"posy":1,"amount":100},{"posx":17,"posy":1,"amount":700},{"posx":12,"posy":2,"amount":550},{"posx":1,"posy":3,"amount":350},{"posx":16,"posy":3,"amount":450},{"posx":1,"posy":4,"amount":200},{"posx":3,"posy":4,"amount":350},{"posx":13,"posy":4,"amount":100},{"posx":19,"posy":4,"amount":700},{"posx":17,"posy":7,"amount":150},{"posx":20,"posy":7,"amount":50}],"changedObstacles":[]},{"players":[{"playerId":2237456,"score":1200,"energy":26,"posx":3,"posy":5,"lastAction":0,"status":0},{"playerId":2451990,"score":1400,"energy":15,"posx":11,"posy":1,"lastAction":4,"status":0},{"playerId":2441331,"score":1200,"energy":29,"posx":12,"posy":2,"lastAction":4,"status":0},{"playerId":2234905,"score":500,"energy":20,"posx":2,"posy":2,"lastAction":4,"status":0}],"golds":[{"posx":7,"posy":0,"amount":300},{"posx":11,"posy":1,"amount":150},{"posx":12,"posy":1,"amount":100},{"posx":17,"posy":1,"amount":700},{"posx":12,"posy":2,"amount":550},{"posx":1,"posy":3,"amount":350},{"posx":16,"posy":3,"amount":450},{"posx":1,"posy":4,"amount":200},{"posx":3,"posy":4,"amount":350},{"posx":13,"posy":4,"amount":100},{"posx":19,"posy":4,"amount":700},{"posx":17,"posy":7,"amount":150},{"posx":20,"posy":7,"amount":50}],"changedObstacles":[{"type":3,"posx":3,"posy":5,"value":-40}]},{"players":[{"playerId":2237456,"score":1200,"energy":22,"posx":3,"posy":4,"lastAction":2,"status":0},{"playerId":2451990,"score":1400,"energy":31,"posx":11,"posy":1,"lastAction":4,"status":0},{"playerId":2441331,"score":1200,"energy":45,"posx":12,"posy":2,"lastAction":4,"status":0},{"playerId":2234905,"score":500,"energy":36,"posx":2,"posy":2,"lastAction":4,"status":0}],"golds":[{"posx":7,"posy":0,"amount":300},{"posx":11,"posy":1,"amount":150},{"posx":12,"posy":1,"amount":100},{"posx":17,"posy":1,"amount":700},{"posx":12,"posy":2,"amount":550},{"posx":1,"posy":3,"amount":350},{"posx":16,"posy":3,"amount":450},{"posx":1,"posy":4,"amount":200},{"posx":3,"posy":4,"amount":350},{"posx":13,"posy":4,"amount":100},{"posx":19,"posy":4,"amount":700},{"posx":17,"posy":7,"amount":150},{"posx":20,"posy":7,"amount":50}],"changedObstacles":[]},{"players":[{"playerId":2237456,"score":1250,"energy":17,"posx":3,"posy":4,"lastAction":5,"status":0},{"playerId":2451990,"score":1450,"energy":26,"posx":11,"posy":1,"lastAction":5,"status":0},{"playerId":2441331,"score":1250,"energy":40,"posx":12,"posy":2,"lastAction":5,"status":0},{"playerId":2234905,"score":500,"energy":24,"posx":3,"posy":2,"lastAction":1,"status":0}],"golds":[{"posx":7,"posy":0,"amount":300},{"posx":11,"posy":1,"amount":100},{"posx":12,"posy":1,"amount":100},{"posx":17,"posy":1,"amount":700},{"posx":12,"posy":2,"amount":500},{"posx":1,"posy":3,"amount":350},{"posx":16,"posy":3,"amount":450},{"posx":1,"posy":4,"amount":200},{"posx":3,"posy":4,"amount":300},{"posx":13,"posy":4,"amount":100},{"posx":19,"posy":4,"amount":700},{"posx":17,"posy":7,"amount":150},{"posx":20,"posy":7,"amount":50}],"changedObstacles":[]},{"players":[{"playerId":2237456,"score":1300,"energy":12,"posx":3,"posy":4,"lastAction":5,"status":0},{"playerId":2451990,"score":1500,"energy":21,"posx":11,"posy":1,"lastAction":5,"status":0},{"playerId":2441331,"score":1300,"energy":35,"posx":12,"posy":2,"lastAction":5,"status":0},{"playerId":2234905,"score":500,"energy":23,"posx":3,"posy":1,"lastAction":2,"status":0}],"golds":[{"posx":7,"posy":0,"amount":300},{"posx":11,"posy":1,"amount":50},{"posx":12,"posy":1,"amount":100},{"posx":17,"posy":1,"amount":700},{"posx":12,"posy":2,"amount":450},{"posx":1,"posy":3,"amount":350},{"posx":16,"posy":3,"amount":450},{"posx":1,"posy":4,"amount":200},{"posx":3,"posy":4,"amount":250},{"posx":13,"posy":4,"amount":100},{"posx":19,"posy":4,"amount":700},{"posx":17,"posy":7,"amount":150},{"posx":20,"posy":7,"amount":50}],"changedObstacles":[]},{"players":[{"playerId":2237456,"score":1350,"energy":7,"posx":3,"posy":4,"lastAction":5,"status":0},{"playerId":2451990,"score":1550,"energy":16,"posx":11,"posy":1,"lastAction":5,"status":0},{"playerId":2441331,"score":1300,"energy":47,"posx":12,"posy":2,"lastAction":4,"status":0},{"playerId":2234905,"score":500,"energy":22,"posx":3,"posy":0,"lastAction":2,"status":0}],"golds":[{"posx":7,"posy":0,"amount":300},{"posx":12,"posy":1,"amount":100},{"posx":17,"posy":1,"amount":700},{"posx":12,"posy":2,"amount":450},{"posx":1,"posy":3,"amount":350},{"posx":16,"posy":3,"amount":450},{"posx":1,"posy":4,"amount":200},{"posx":3,"posy":4,"amount":200},{"posx":13,"posy":4,"amount":100},{"posx":19,"posy":4,"amount":700},{"posx":17,"posy":7,"amount":150},{"posx":20,"posy":7,"amount":50}],"changedObstacles":[{"type":0,"posx":11,"posy":1,"value":-1}]},{"players":[{"playerId":2237456,"score":1400,"energy":2,"posx":3,"posy":4,"lastAction":5,"status":0},{"playerId":2451990,"score":1550,"energy":12,"posx":12,"posy":1,"lastAction":1,"status":0},{"playerId":2441331,"score":1350,"energy":42,"posx":12,"posy":2,"lastAction":5,"status":0},{"playerId":2234905,"score":500,"energy":17,"posx":4,"posy":0,"lastAction":1,"status":0}],"golds":[{"posx":7,"posy":0,"amount":300},{"posx":12,"posy":1,"amount":100},{"posx":17,"posy":1,"amount":700},{"posx":12,"posy":2,"amount":400},{"posx":1,"posy":3,"amount":350},{"posx":16,"posy":3,"amount":450},{"posx":1,"posy":4,"amount":200},{"posx":3,"posy":4,"amount":150},{"posx":13,"posy":4,"amount":100},{"posx":19,"posy":4,"amount":700},{"posx":17,"posy":7,"amount":150},{"posx":20,"posy":7,"amount":50}],"changedObstacles":[{"type":3,"posx":4,"posy":0,"value":-20}]},{"players":[{"playerId":2237456,"score":1400,"energy":14,"posx":3,"posy":4,"lastAction":4,"status":0},{"playerId":2451990,"score":1600,"energy":7,"posx":12,"posy":1,"lastAction":5,"status":0},{"playerId":2441331,"score":1400,"energy":37,"posx":12,"posy":2,"lastAction":5,"status":0},{"playerId":2234905,"score":500,"energy":12,"posx":4,"posy":1,"lastAction":3,"status":0}],"golds":[{"posx":7,"posy":0,"amount":300},{"posx":12,"posy":1,"amount":50},{"posx":17,"posy":1,"amount":700},{"posx":12,"posy":2,"amount":350},{"posx":1,"posy":3,"amount":350},{"posx":16,"posy":3,"amount":450},{"posx":1,"posy":4,"amount":200},{"posx":3,"posy":4,"amount":150},{"posx":13,"posy":4,"amount":100},{"posx":19,"posy":4,"amount":700},{"posx":17,"posy":7,"amount":150},{"posx":20,"posy":7,"amount":50}],"changedObstacles":[{"type":3,"posx":4,"posy":1,"value":-20}]},{"players":[{"playerId":2237456,"score":1400,"energy":30,"posx":3,"posy":4,"lastAction":4,"status":0},{"playerId":2451990,"score":1650,"energy":2,"posx":12,"posy":1,"lastAction":5,"status":0},{"playerId":2441331,"score":1450,"energy":32,"posx":12,"posy":2,"lastAction":5,"status":0},{"playerId":2234905,"score":500,"energy":7,"posx":4,"posy":2,"lastAction":3,"status":0}],"golds":[{"posx":7,"posy":0,"amount":300},{"posx":17,"posy":1,"amount":700},{"posx":12,"posy":2,"amount":300},{"posx":1,"posy":3,"amount":350},{"posx":16,"posy":3,"amount":450},{"posx":1,"posy":4,"amount":200},{"posx":3,"posy":4,"amount":150},{"posx":13,"posy":4,"amount":100},{"posx":19,"posy":4,"amount":700},{"posx":17,"posy":7,"amount":150},{"posx":20,"posy":7,"amount":50}],"changedObstacles":[{"type":3,"posx":4,"posy":2,"value":-20},{"type":0,"posx":12,"posy":1,"value":-1}]},{"players":[{"playerId":2237456,"score":1400,"energy":50,"posx":3,"posy":4,"lastAction":4,"status":0},{"playerId":2451990,"score":1650,"energy":14,"posx":12,"posy":1,"lastAction":4,"status":0},{"playerId":2441331,"score":1500,"energy":27,"posx":12,"posy":2,"lastAction":5,"status":0},{"playerId":2234905,"score":500,"energy":6,"posx":4,"posy":3,"lastAction":3,"status":0}],"golds":[{"posx":7,"posy":0,"amount":300},{"posx":17,"posy":1,"amount":700},{"posx":12,"posy":2,"amount":250},{"posx":1,"posy":3,"amount":350},{"posx":16,"posy":3,"amount":450},{"posx":1,"posy":4,"amount":200},{"posx":3,"posy":4,"amount":150},{"posx":13,"posy":4,"amount":100},{"posx":19,"posy":4,"amount":700},{"posx":17,"posy":7,"amount":150},{"posx":20,"posy":7,"amount":50}],"changedObstacles":[]},{"players":[{"playerId":2237456,"score":1450,"energy":45,"posx":3,"posy":4,"lastAction":5,"status":0},{"playerId":2451990,"score":1650,"energy":30,"posx":12,"posy":1,"lastAction":4,"status":0},{"playerId":2441331,"score":1550,"energy":22,"posx":12,"posy":2,"lastAction":5,"status":0},{"playerId":2234905,"score":500,"energy":18,"posx":4,"posy":3,"lastAction":4,"status":0}],"golds":[{"posx":7,"posy":0,"amount":300},{"posx":17,"posy":1,"amount":700},{"posx":12,"posy":2,"amount":200},{"posx":1,"posy":3,"amount":350},{"posx":16,"posy":3,"amount":450},{"posx":1,"posy":4,"amount":200},{"posx":3,"posy":4,"amount":100},{"posx":13,"posy":4,"amount":100},{"posx":19,"posy":4,"amount":700},{"posx":17,"posy":7,"amount":150},{"posx":20,"posy":7,"amount":50}],"changedObstacles":[]},{"players":[{"playerId":2237456,"score":1500,"energy":40,"posx":3,"posy":4,"lastAction":5,"status":0},{"playerId":2451990,"score":1650,"energy":50,"posx":12,"posy":1,"lastAction":4,"status":0},{"playerId":2441331,"score":1600,"energy":17,"posx":12,"posy":2,"lastAction":5,"status":0},{"playerId":2234905,"score":500,"energy":34,"posx":4,"posy":3,"lastAction":4,"status":0}],"golds":[{"posx":7,"posy":0,"amount":300},{"posx":17,"posy":1,"amount":700},{"posx":12,"posy":2,"amount":150},{"posx":1,"posy":3,"amount":350},{"posx":16,"posy":3,"amount":450},{"posx":1,"posy":4,"amount":200},{"posx":3,"posy":4,"amount":50},{"posx":13,"posy":4,"amount":100},{"posx":19,"posy":4,"amount":700},{"posx":17,"posy":7,"amount":150},{"posx":20,"posy":7,"amount":50}],"changedObstacles":[]},{"players":[{"playerId":2237456,"score":1550,"energy":35,"posx":3,"posy":4,"lastAction":5,"status":0},{"playerId":2451990,"score":1650,"energy":45,"posx":13,"posy":1,"lastAction":1,"status":0},{"playerId":2441331,"score":1650,"energy":12,"posx":12,"posy":2,"lastAction":5,"status":0},{"playerId":2234905,"score":500,"energy":33,"posx":5,"posy":3,"lastAction":1,"status":0}],"golds":[{"posx":7,"posy":0,"amount":300},{"posx":17,"posy":1,"amount":700},{"posx":12,"posy":2,"amount":100},{"posx":1,"posy":3,"amount":350},{"posx":16,"posy":3,"amount":450},{"posx":1,"posy":4,"amount":200},{"posx":13,"posy":4,"amount":100},{"posx":19,"posy":4,"amount":700},{"posx":17,"posy":7,"amount":150},{"posx":20,"posy":7,"amount":50}],"changedObstacles":[{"type":3,"posx":13,"posy":1,"value":-20},{"type":0,"posx":3,"posy":4,"value":-1}]},{"players":[{"playerId":2237456,"score":1550,"energy":34,"posx":2,"posy":4,"lastAction":0,"status":0},{"playerId":2451990,"score":1650,"energy":40,"posx":14,"posy":1,"lastAction":1,"status":0},{"playerId":2441331,"score":1700,"energy":7,"posx":12,"posy":2,"lastAction":5,"status":0},{"playerId":2234905,"score":500,"energy":23,"posx":5,"posy":4,"lastAction":3,"status":0}],"golds":[{"posx":7,"posy":0,"amount":300},{"posx":17,"posy":1,"amount":700},{"posx":12,"posy":2,"amount":50},{"posx":1,"posy":3,"amount":350},{"posx":16,"posy":3,"amount":450},{"posx":1,"posy":4,"amount":200},{"posx":13,"posy":4,"amount":100},{"posx":19,"posy":4,"amount":700},{"posx":17,"posy":7,"amount":150},{"posx":20,"posy":7,"amount":50}],"changedObstacles":[{"type":3,"posx":14,"posy":1,"value":-20},{"type":0,"posx":5,"posy":4,"value":-1}]},{"players":[{"playerId":2237456,"score":1550,"energy":30,"posx":1,"posy":4,"lastAction":0,"status":0},{"playerId":2451990,"score":1650,"energy":39,"posx":15,"posy":1,"lastAction":1,"status":0},{"playerId":2441331,"score":1750,"energy":2,"posx":12,"posy":2,"lastAction":5,"status":0},{"playerId":2234905,"score":500,"energy":22,"posx":6,"posy":4,"lastAction":1,"status":0}],"golds":[{"posx":7,"posy":0,"amount":300},{"posx":17,"posy":1,"amount":700},{"posx":1,"posy":3,"amount":350},{"posx":16,"posy":3,"amount":450},{"posx":1,"posy":4,"amount":200},{"posx":13,"posy":4,"amount":100},{"posx":19,"posy":4,"amount":700},{"posx":17,"posy":7,"amount":150},{"posx":20,"posy":7,"amount":50}],"changedObstacles":[{"type":0,"posx":12,"posy":2,"value":-1}]},{"players":[{"playerId":2237456,"score":1600,"energy":25,"posx":1,"posy":4,"lastAction":5,"status":0},{"playerId":2451990,"score":1650,"energy":29,"posx":16,"posy":1,"lastAction":1,"status":0},{"playerId":2441331,"score":1750,"energy":1,"posx":12,"posy":1,"lastAction":2,"status":0},{"playerId":2234905,"score":500,"energy":17,"posx":7,"posy":4,"lastAction":1,"status":0}],"golds":[{"posx":7,"posy":0,"amount":300},{"posx":17,"posy":1,"amount":700},{"posx":1,"posy":3,"amount":350},{"posx":16,"posy":3,"amount":450},{"posx":1,"posy":4,"amount":150},{"posx":13,"posy":4,"amount":100},{"posx":19,"posy":4,"amount":700},{"posx":17,"posy":7,"amount":150},{"posx":20,"posy":7,"amount":50}],"changedObstacles":[{"type":0,"posx":16,"posy":1,"value":-1},{"type":3,"posx":7,"posy":4,"value":-20}]},{"players":[{"playerId":2237456,"score":1650,"energy":20,"posx":1,"posy":4,"lastAction":5,"status":0},{"playerId":2451990,"score":1650,"energy":25,"posx":17,"posy":1,"lastAction":1,"status":0},{"playerId":2441331,"score":1750,"energy":13,"posx":12,"posy":1,"lastAction":4,"status":0},{"playerId":2234905,"score":500,"energy":16,"posx":8,"posy":4,"lastAction":1,"status":0}],"golds":[{"posx":7,"posy":0,"amount":300},{"posx":17,"posy":1,"amount":700},{"posx":1,"posy":3,"amount":350},{"posx":16,"posy":3,"amount":450},{"posx":1,"posy":4,"amount":100},{"posx":13,"posy":4,"amount":100},{"posx":19,"posy":4,"amount":700},{"posx":17,"posy":7,"amount":150},{"posx":20,"posy":7,"amount":50}],"changedObstacles":[]},{"players":[{"playerId":2237456,"score":1700,"energy":15,"posx":1,"posy":4,"lastAction":5,"status":0},{"playerId":2451990,"score":1700,"energy":20,"posx":17,"posy":1,"lastAction":5,"status":0},{"playerId":2441331,"score":1750,"energy":12,"posx":12,"posy":2,"lastAction":3,"status":0},{"playerId":2234905,"score":500,"energy":11,"posx":8,"posy":3,"lastAction":2,"status":0}],"golds":[{"posx":7,"posy":0,"amount":300},{"posx":17,"posy":1,"amount":650},{"posx":1,"posy":3,"amount":350},{"posx":16,"posy":3,"amount":450},{"posx":1,"posy":4,"amount":50},{"posx":13,"posy":4,"amount":100},{"posx":19,"posy":4,"amount":700},{"posx":17,"posy":7,"amount":150},{"posx":20,"posy":7,"amount":50}],"changedObstacles":[{"type":3,"posx":8,"posy":3,"value":-20}]},{"players":[{"playerId":2237456,"score":1750,"energy":10,"posx":1,"posy":4,"lastAction":5,"status":0},{"playerId":2451990,"score":1750,"energy":15,"posx":17,"posy":1,"lastAction":5,"status":0},{"playerId":2441331,"score":1750,"energy":2,"posx":13,"posy":2,"lastAction":1,"status":0},{"playerId":2234905,"score":500,"energy":23,"posx":8,"posy":3,"lastAction":4,"status":0}],"golds":[{"posx":7,"posy":0,"amount":300},{"posx":17,"posy":1,"amount":600},{"posx":1,"posy":3,"amount":350},{"posx":16,"posy":3,"amount":450},{"posx":13,"posy":4,"amount":100},{"posx":19,"posy":4,"amount":700},{"posx":17,"posy":7,"amount":150},{"posx":20,"posy":7,"amount":50}],"changedObstacles":[{"type":0,"posx":13,"posy":2,"value":-1},{"type":0,"posx":1,"posy":4,"value":-1}]},{"players":[{"playerId":2237456,"score":1750,"energy":6,"posx":1,"posy":3,"lastAction":2,"status":0},{"playerId":2451990,"score":1800,"energy":10,"posx":17,"posy":1,"lastAction":5,"status":0},{"playerId":2441331,"score":1750,"energy":1,"posx":13,"posy":3,"lastAction":3,"status":0},{"playerId":2234905,"score":500,"energy":10,"posx":9,"posy":3,"lastAction":1,"status":0}],"golds":[{"posx":7,"posy":0,"amount":300},{"posx":17,"posy":1,"amount":550},{"posx":1,"posy":3,"amount":350},{"posx":16,"posy":3,"amount":450},{"posx":13,"posy":4,"amount":100},{"posx":19,"posy":4,"amount":700},{"posx":17,"posy":7,"amount":150},{"posx":20,"posy":7,"amount":50}],"changedObstacles":[]},{"players":[{"playerId":2237456,"score":1800,"energy":1,"posx":1,"posy":3,"lastAction":5,"status":0},{"playerId":2451990,"score":1850,"energy":5,"posx":17,"posy":1,"lastAction":5,"status":0},{"playerId":2441331,"score":1750,"energy":13,"posx":13,"posy":3,"lastAction":4,"status":0},{"playerId":2234905,"score":500,"energy":22,"posx":9,"posy":3,"lastAction":4,"status":0}],"golds":[{"posx":7,"posy":0,"amount":300},{"posx":17,"posy":1,"amount":500},{"posx":1,"posy":3,"amount":300},{"posx":16,"posy":3,"amount":450},{"posx":13,"posy":4,"amount":100},{"posx":19,"posy":4,"amount":700},{"posx":17,"posy":7,"amount":150},{"posx":20,"posy":7,"amount":50}],"changedObstacles":[]},{"players":[{"playerId":2237456,"score":1800,"energy":13,"posx":1,"posy":3,"lastAction":4,"status":0},{"playerId":2451990,"score":1850,"energy":17,"posx":17,"posy":1,"lastAction":4,"status":0},{"playerId":2441331,"score":1750,"energy":12,"posx":14,"posy":3,"lastAction":1,"status":0},{"playerId":2234905,"score":500,"energy":6,"posx":10,"posy":3,"lastAction":1,"status":0}],"golds":[{"posx":7,"posy":0,"amount":300},{"posx":17,"posy":1,"amount":500},{"posx":1,"posy":3,"amount":300},{"posx":16,"posy":3,"amount":450},{"posx":13,"posy":4,"amount":100},{"posx":19,"posy":4,"amount":700},{"posx":17,"posy":7,"amount":150},{"posx":20,"posy":7,"amount":50}],"changedObstacles":[]},{"players":[{"playerId":2237456,"score":1800,"energy":29,"posx":1,"posy":3,"lastAction":4,"status":0},{"playerId":2451990,"score":1850,"energy":33,"posx":17,"posy":1,"lastAction":4,"status":0},{"playerId":2441331,"score":1750,"energy":24,"posx":14,"posy":3,"lastAction":4,"status":0},{"playerId":2234905,"score":500,"energy":5,"posx":10,"posy":2,"lastAction":2,"status":0}],"golds":[{"posx":7,"posy":0,"amount":300},{"posx":17,"posy":1,"amount":500},{"posx":1,"posy":3,"amount":300},{"posx":16,"posy":3,"amount":450},{"posx":13,"posy":4,"amount":100},{"posx":19,"posy":4,"amount":700},{"posx":17,"posy":7,"amount":150},{"posx":20,"posy":7,"amount":50}],"changedObstacles":[]},{"players":[{"playerId":2237456,"score":1800,"energy":50,"posx":1,"posy":3,"lastAction":4,"status":0},{"playerId":2451990,"score":1850,"energy":50,"posx":17,"posy":1,"lastAction":4,"status":0},{"playerId":2441331,"score":1750,"energy":17,"posx":15,"posy":3,"lastAction":1,"status":0},{"playerId":2234905,"score":500,"energy":4,"posx":11,"posy":2,"lastAction":1,"status":0}],"golds":[{"posx":7,"posy":0,"amount":300},{"posx":17,"posy":1,"amount":500},{"posx":1,"posy":3,"amount":300},{"posx":16,"posy":3,"amount":450},{"posx":13,"posy":4,"amount":100},{"posx":19,"posy":4,"amount":700},{"posx":17,"posy":7,"amount":150},{"posx":20,"posy":7,"amount":50}],"changedObstacles":[]},{"players":[{"playerId":2237456,"score":1850,"energy":45,"posx":1,"posy":3,"lastAction":5,"status":0},{"playerId":2451990,"score":1900,"energy":45,"posx":17,"posy":1,"lastAction":5,"status":0},{"playerId":2441331,"score":1750,"energy":13,"posx":16,"posy":3,"lastAction":1,"status":0},{"playerId":2234905,"score":500,"energy":16,"posx":11,"posy":2,"lastAction":4,"status":0}],"golds":[{"posx":7,"posy":0,"amount":300},{"posx":17,"posy":1,"amount":450},{"posx":1,"posy":3,"amount":250},{"posx":16,"posy":3,"amount":450},{"posx":13,"posy":4,"amount":100},{"posx":19,"posy":4,"amount":700},{"posx":17,"posy":7,"amount":150},{"posx":20,"posy":7,"amount":50}],"changedObstacles":[]},{"players":[{"playerId":2237456,"score":1900,"energy":40,"posx":1,"posy":3,"lastAction":5,"status":0},{"playerId":2451990,"score":1950,"energy":40,"posx":17,"posy":1,"lastAction":5,"status":0},{"playerId":2441331,"score":1750,"energy":25,"posx":16,"posy":3,"lastAction":4,"status":0},{"playerId":2234905,"score":500,"energy":15,"posx":12,"posy":2,"lastAction":1,"status":0}],"golds":[{"posx":7,"posy":0,"amount":300},{"posx":17,"posy":1,"amount":400},{"posx":1,"posy":3,"amount":200},{"posx":16,"posy":3,"amount":450},{"posx":13,"posy":4,"amount":100},{"posx":19,"posy":4,"amount":700},{"posx":17,"posy":7,"amount":150},{"posx":20,"posy":7,"amount":50}],"changedObstacles":[]},{"players":[{"playerId":2237456,"score":1950,"energy":35,"posx":1,"posy":3,"lastAction":5,"status":0},{"playerId":2451990,"score":2000,"energy":35,"posx":17,"posy":1,"lastAction":5,"status":0},{"playerId":2441331,"score":1750,"energy":41,"posx":16,"posy":3,"lastAction":4,"status":0},{"playerId":2234905,"score":500,"energy":14,"posx":13,"posy":2,"lastAction":1,"status":0}],"golds":[{"posx":7,"posy":0,"amount":300},{"posx":17,"posy":1,"amount":350},{"posx":1,"posy":3,"amount":150},{"posx":16,"posy":3,"amount":450},{"posx":13,"posy":4,"amount":100},{"posx":19,"posy":4,"amount":700},{"posx":17,"posy":7,"amount":150},{"posx":20,"posy":7,"amount":50}],"changedObstacles":[]},{"players":[{"playerId":2237456,"score":2000,"energy":30,"posx":1,"posy":3,"lastAction":5,"status":0},{"playerId":2451990,"score":2050,"energy":30,"posx":17,"posy":1,"lastAction":5,"status":0},{"playerId":2441331,"score":1800,"energy":36,"posx":16,"posy":3,"lastAction":5,"status":0},{"playerId":2234905,"score":500,"energy":26,"posx":13,"posy":2,"lastAction":4,"status":0}],"golds":[{"posx":7,"posy":0,"amount":300},{"posx":17,"posy":1,"amount":300},{"posx":1,"posy":3,"amount":100},{"posx":16,"posy":3,"amount":400},{"posx":13,"posy":4,"amount":100},{"posx":19,"posy":4,"amount":700},{"posx":17,"posy":7,"amount":150},{"posx":20,"posy":7,"amount":50}],"changedObstacles":[]},{"players":[{"playerId":2237456,"score":2050,"energy":25,"posx":1,"posy":3,"lastAction":5,"status":0},{"playerId":2451990,"score":2100,"energy":25,"posx":17,"posy":1,"lastAction":5,"status":0},{"playerId":2441331,"score":1800,"energy":48,"posx":16,"posy":3,"lastAction":4,"status":0},{"playerId":2234905,"score":500,"energy":6,"posx":13,"posy":1,"lastAction":2,"status":0}],"golds":[{"posx":7,"posy":0,"amount":300},{"posx":17,"posy":1,"amount":250},{"posx":1,"posy":3,"amount":50},{"posx":16,"posy":3,"amount":400},{"posx":13,"posy":4,"amount":100},{"posx":19,"posy":4,"amount":700},{"posx":17,"posy":7,"amount":150},{"posx":20,"posy":7,"amount":50}],"changedObstacles":[{"type":3,"posx":13,"posy":1,"value":-40}]},{"players":[{"playerId":2237456,"score":2100,"energy":20,"posx":1,"posy":3,"lastAction":5,"status":0},{"playerId":2451990,"score":2150,"energy":20,"posx":17,"posy":1,"lastAction":5,"status":0},{"playerId":2441331,"score":1850,"energy":43,"posx":16,"posy":3,"lastAction":5,"status":0},{"playerId":2234905,"score":500,"energy":18,"posx":13,"posy":1,"lastAction":4,"status":0}],"golds":[{"posx":7,"posy":0,"amount":300},{"posx":17,"posy":1,"amount":200},{"posx":16,"posy":3,"amount":350},{"posx":13,"posy":4,"amount":100},{"posx":19,"posy":4,"amount":700},{"posx":17,"posy":7,"amount":150},{"posx":20,"posy":7,"amount":50}],"changedObstacles":[{"type":0,"posx":1,"posy":3,"value":-1}]},{"players":[{"playerId":2237456,"score":2100,"energy":19,"posx":1,"posy":4,"lastAction":3,"status":0},{"playerId":2451990,"score":2200,"energy":15,"posx":17,"posy":1,"lastAction":5,"status":0},{"playerId":2441331,"score":1900,"energy":38,"posx":16,"posy":3,"lastAction":5,"status":0},{"playerId":2234905,"score":500,"energy":8,"posx":13,"posy":0,"lastAction":2,"status":0}],"golds":[{"posx":7,"posy":0,"amount":300},{"posx":17,"posy":1,"amount":150},{"posx":16,"posy":3,"amount":300},{"posx":13,"posy":4,"amount":100},{"posx":19,"posy":4,"amount":700},{"posx":17,"posy":7,"amount":150},{"posx":20,"posy":7,"amount":50}],"changedObstacles":[{"type":0,"posx":13,"posy":0,"value":-1}]},{"players":[{"playerId":2237456,"score":2100,"energy":18,"posx":2,"posy":4,"lastAction":1,"status":0},{"playerId":2451990,"score":2250,"energy":10,"posx":17,"posy":1,"lastAction":5,"status":0},{"playerId":2441331,"score":1950,"energy":33,"posx":16,"posy":3,"lastAction":5,"status":0},{"playerId":2234905,"score":500,"energy":3,"posx":14,"posy":0,"lastAction":1,"status":0}],"golds":[{"posx":7,"posy":0,"amount":300},{"posx":17,"posy":1,"amount":100},{"posx":16,"posy":3,"amount":250},{"posx":13,"posy":4,"amount":100},{"posx":19,"posy":4,"amount":700},{"posx":17,"posy":7,"amount":150},{"posx":20,"posy":7,"amount":50}],"changedObstacles":[{"type":3,"posx":14,"posy":0,"value":-20}]},{"players":[{"playerId":2237456,"score":2100,"energy":17,"posx":3,"posy":4,"lastAction":1,"status":0},{"playerId":2451990,"score":2300,"energy":5,"posx":17,"posy":1,"lastAction":5,"status":0},{"playerId":2441331,"score":2000,"energy":28,"posx":16,"posy":3,"lastAction":5,"status":0},{"playerId":2234905,"score":500,"energy":15,"posx":14,"posy":0,"lastAction":4,"status":0}],"golds":[{"posx":7,"posy":0,"amount":300},{"posx":17,"posy":1,"amount":50},{"posx":16,"posy":3,"amount":200},{"posx":13,"posy":4,"amount":100},{"posx":19,"posy":4,"amount":700},{"posx":17,"posy":7,"amount":150},{"posx":20,"posy":7,"amount":50}],"changedObstacles":[]},{"players":[{"playerId":2237456,"score":2100,"energy":29,"posx":3,"posy":4,"lastAction":4,"status":0},{"playerId":2451990,"score":2300,"energy":17,"posx":17,"posy":1,"lastAction":4,"status":0},{"playerId":2441331,"score":2050,"energy":23,"posx":16,"posy":3,"lastAction":5,"status":0},{"playerId":2234905,"score":500,"energy":31,"posx":14,"posy":0,"lastAction":4,"status":0}],"golds":[{"posx":7,"posy":0,"amount":300},{"posx":17,"posy":1,"amount":50},{"posx":16,"posy":3,"amount":150},{"posx":13,"posy":4,"amount":100},{"posx":19,"posy":4,"amount":700},{"posx":17,"posy":7,"amount":150},{"posx":20,"posy":7,"amount":50}],"changedObstacles":[]},{"players":[{"playerId":2237456,"score":2100,"energy":45,"posx":3,"posy":4,"lastAction":4,"status":0},{"playerId":2451990,"score":2350,"energy":12,"posx":17,"posy":1,"lastAction":5,"status":0},{"playerId":2441331,"score":2100,"energy":18,"posx":16,"posy":3,"lastAction":5,"status":0},{"playerId":2234905,"score":500,"energy":11,"posx":14,"posy":1,"lastAction":3,"status":0}],"golds":[{"posx":7,"posy":0,"amount":300},{"posx":16,"posy":3,"amount":100},{"posx":13,"posy":4,"amount":100},{"posx":19,"posy":4,"amount":700},{"posx":17,"posy":7,"amount":150},{"posx":20,"posy":7,"amount":50}],"changedObstacles":[{"type":3,"posx":14,"posy":1,"value":-40},{"type":0,"posx":17,"posy":1,"value":-1}]},{"players":[{"playerId":2237456,"score":2100,"energy":31,"posx":4,"posy":4,"lastAction":1,"status":0},{"playerId":2451990,"score":2350,"energy":11,"posx":17,"posy":2,"lastAction":3,"status":0},{"playerId":2441331,"score":2150,"energy":13,"posx":16,"posy":3,"lastAction":5,"status":0},{"playerId":2234905,"score":500,"energy":23,"posx":14,"posy":1,"lastAction":4,"status":0}],"golds":[{"posx":7,"posy":0,"amount":300},{"posx":16,"posy":3,"amount":50},{"posx":13,"posy":4,"amount":100},{"posx":19,"posy":4,"amount":700},{"posx":17,"posy":7,"amount":150},{"posx":20,"posy":7,"amount":50}],"changedObstacles":[]},{"players":[{"playerId":2237456,"score":2100,"energy":30,"posx":5,"posy":4,"lastAction":1,"status":0},{"playerId":2451990,"score":2350,"energy":10,"posx":17,"posy":3,"lastAction":3,"status":0},{"playerId":2441331,"score":2200,"energy":8,"posx":16,"posy":3,"lastAction":5,"status":0},{"playerId":2234905,"score":500,"energy":3,"posx":14,"posy":0,"lastAction":2,"status":0}],"golds":[{"posx":7,"posy":0,"amount":300},{"posx":13,"posy":4,"amount":100},{"posx":19,"posy":4,"amount":700},{"posx":17,"posy":7,"amount":150},{"posx":20,"posy":7,"amount":50}],"changedObstacles":[{"type":3,"posx":14,"posy":0,"value":-40},{"type":0,"posx":16,"posy":3,"value":-1}]},{"players":[{"playerId":2237456,"score":2100,"energy":29,"posx":6,"posy":4,"lastAction":1,"status":0},{"playerId":2451990,"score":2350,"energy":9,"posx":17,"posy":4,"lastAction":3,"status":0},{"playerId":2441331,"score":2200,"energy":7,"posx":17,"posy":3,"lastAction":1,"status":0},{"playerId":2234905,"score":500,"energy":2,"posx":13,"posy":0,"lastAction":0,"status":0}],"golds":[{"posx":7,"posy":0,"amount":300},{"posx":13,"posy":4,"amount":100},{"posx":19,"posy":4,"amount":700},{"posx":17,"posy":7,"amount":150},{"posx":20,"posy":7,"amount":50}],"changedObstacles":[]},{"players":[{"playerId":2237456,"score":2100,"energy":9,"posx":7,"posy":4,"lastAction":1,"status":0},{"playerId":2451990,"score":2350,"energy":8,"posx":18,"posy":4,"lastAction":1,"status":0},{"playerId":2441331,"score":2200,"energy":6,"posx":17,"posy":4,"lastAction":3,"status":0},{"playerId":2234905,"score":500,"energy":14,"posx":13,"posy":0,"lastAction":4,"status":0}],"golds":[{"posx":7,"posy":0,"amount":300},{"posx":13,"posy":4,"amount":100},{"posx":19,"posy":4,"amount":700},{"posx":17,"posy":7,"amount":150},{"posx":20,"posy":7,"amount":50}],"changedObstacles":[{"type":3,"posx":7,"posy":4,"value":-40}]},{"players":[{"playerId":2237456,"score":2100,"energy":8,"posx":8,"posy":4,"lastAction":1,"status":0},{"playerId":2451990,"score":2350,"energy":4,"posx":19,"posy":4,"lastAction":1,"status":0},{"playerId":2441331,"score":2200,"energy":5,"posx":18,"posy":4,"lastAction":1,"status":0},{"playerId":2234905,"score":500,"energy":30,"posx":13,"posy":0,"lastAction":4,"status":0}],"golds":[{"posx":7,"posy":0,"amount":300},{"posx":13,"posy":4,"amount":100},{"posx":19,"posy":4,"amount":700},{"posx":17,"posy":7,"amount":150},{"posx":20,"posy":7,"amount":50}],"changedObstacles":[]},{"players":[{"playerId":2237456,"score":2100,"energy":7,"posx":9,"posy":4,"lastAction":1,"status":0},{"playerId":2451990,"score":2350,"energy":16,"posx":19,"posy":4,"lastAction":4,"status":0},{"playerId":2441331,"score":2200,"energy":1,"posx":19,"posy":4,"lastAction":1,"status":0},{"playerId":2234905,"score":500,"energy":29,"posx":12,"posy":0,"lastAction":0,"status":0}],"golds":[{"posx":7,"posy":0,"amount":300},{"posx":13,"posy":4,"amount":100},{"posx":19,"posy":4,"amount":700},{"posx":17,"posy":7,"amount":150},{"posx":20,"posy":7,"amount":50}],"changedObstacles":[]},{"players":[{"playerId":2237456,"score":2100,"energy":19,"posx":9,"posy":4,"lastAction":4,"status":0},{"playerId":2451990,"score":2350,"energy":32,"posx":19,"posy":4,"lastAction":4,"status":0},{"playerId":2441331,"score":2200,"energy":13,"posx":19,"posy":4,"lastAction":4,"status":0},{"playerId":2234905,"score":500,"energy":28,"posx":12,"posy":1,"lastAction":3,"status":0}],"golds":[{"posx":7,"posy":0,"amount":300},{"posx":13,"posy":4,"amount":100},{"posx":19,"posy":4,"amount":700},{"posx":17,"posy":7,"amount":150},{"posx":20,"posy":7,"amount":50}],"changedObstacles":[]},{"players":[{"playerId":2237456,"score":2100,"energy":35,"posx":9,"posy":4,"lastAction":4,"status":0},{"playerId":2451990,"score":2400,"energy":27,"posx":19,"posy":4,"lastAction":5,"status":0},{"playerId":2441331,"score":2200,"energy":29,"posx":19,"posy":4,"lastAction":4,"status":0},{"playerId":2234905,"score":500,"energy":27,"posx":12,"posy":2,"lastAction":3,"status":0}],"golds":[{"posx":7,"posy":0,"amount":300},{"posx":13,"posy":4,"amount":100},{"posx":19,"posy":4,"amount":650},{"posx":17,"posy":7,"amount":150},{"posx":20,"posy":7,"amount":50}],"changedObstacles":[]},{"players":[{"playerId":2237456,"score":2100,"energy":50,"posx":9,"posy":4,"lastAction":4,"status":0},{"playerId":2451990,"score":2450,"energy":22,"posx":19,"posy":4,"lastAction":5,"status":0},{"playerId":2441331,"score":2200,"energy":50,"posx":19,"posy":4,"lastAction":4,"status":0},{"playerId":2234905,"score":500,"energy":26,"posx":11,"posy":2,"lastAction":0,"status":0}],"golds":[{"posx":7,"posy":0,"amount":300},{"posx":13,"posy":4,"amount":100},{"posx":19,"posy":4,"amount":600},{"posx":17,"posy":7,"amount":150},{"posx":20,"posy":7,"amount":50}],"changedObstacles":[]},{"players":[{"playerId":2237456,"score":2100,"energy":40,"posx":10,"posy":4,"lastAction":1,"status":0},{"playerId":2451990,"score":2500,"energy":17,"posx":19,"posy":4,"lastAction":5,"status":0},{"playerId":2441331,"score":2250,"energy":45,"posx":19,"posy":4,"lastAction":5,"status":0},{"playerId":2234905,"score":500,"energy":25,"posx":10,"posy":2,"lastAction":0,"status":0}],"golds":[{"posx":7,"posy":0,"amount":300},{"posx":13,"posy":4,"amount":100},{"posx":19,"posy":4,"amount":500},{"posx":17,"posy":7,"amount":150},{"posx":20,"posy":7,"amount":50}],"changedObstacles":[{"type":0,"posx":10,"posy":4,"value":-1}]},{"players":[{"playerId":2237456,"score":2100,"energy":39,"posx":11,"posy":4,"lastAction":1,"status":0},{"playerId":2451990,"score":2550,"energy":12,"posx":19,"posy":4,"lastAction":5,"status":0},{"playerId":2441331,"score":2300,"energy":40,"posx":19,"posy":4,"lastAction":5,"status":0},{"playerId":2234905,"score":500,"energy":15,"posx":9,"posy":2,"lastAction":0,"status":0}],"golds":[{"posx":7,"posy":0,"amount":300},{"posx":13,"posy":4,"amount":100},{"posx":19,"posy":4,"amount":400},{"posx":17,"posy":7,"amount":150},{"posx":20,"posy":7,"amount":50}],"changedObstacles":[{"type":0,"posx":9,"posy":2,"value":-1}]},{"players":[{"playerId":2237456,"score":2100,"energy":30,"posx":12,"posy":4,"lastAction":1,"status":0},{"playerId":2451990,"score":2600,"energy":7,"posx":19,"posy":4,"lastAction":5,"status":0},{"playerId":2441331,"score":2350,"energy":35,"posx":19,"posy":4,"lastAction":5,"status":0},{"playerId":2234905,"score":500,"energy":14,"posx":8,"posy":2,"lastAction":0,"status":0}],"golds":[{"posx":7,"posy":0,"amount":300},{"posx":13,"posy":4,"amount":100},{"posx":19,"posy":4,"amount":300},{"posx":17,"posy":7,"amount":150},{"posx":20,"posy":7,"amount":50}],"changedObstacles":[]},{"players":[{"playerId":2237456,"score":2100,"energy":26,"posx":13,"posy":4,"lastAction":1,"status":0},{"playerId":2451990,"score":2650,"energy":2,"posx":19,"posy":4,"lastAction":5,"status":0},{"playerId":2441331,"score":2400,"energy":30,"posx":19,"posy":4,"lastAction":5,"status":0},{"playerId":2234905,"score":500,"energy":9,"posx":7,"posy":2,"lastAction":0,"status":0}],"golds":[{"posx":7,"posy":0,"amount":300},{"posx":13,"posy":4,"amount":100},{"posx":19,"posy":4,"amount":200},{"posx":17,"posy":7,"amount":150},{"posx":20,"posy":7,"amount":50}],"changedObstacles":[{"type":3,"posx":7,"posy":2,"value":-20}]}]