[{"players":[{"playerId":2451397,"score":0,"energy":49,"posx":3,"posy":6,"lastAction":1,"status":0},{"playerId":675419,"score":0,"energy":49,"posx":3,"posy":6,"lastAction":1,"status":0},{"playerId":2413234,"score":0,"energy":49,"posx":3,"posy":6,"lastAction":1,"status":0},{"playerId":2365650,"score":0,"energy":31,"posx":2,"posy":5,"lastAction":2,"status":0}],"golds":[{"posx":10,"posy":5,"amount":300},{"posx":13,"posy":4,"amount":100},{"posx":7,"posy":0,"amount":300},{"posx":1,"posy":3,"amount":350},{"posx":10,"posy":8,"amount":700},{"posx":17,"posy":7,"amount":150},{"posx":8,"posy":5,"amount":600},{"posx":19,"posy":4,"amount":700},{"posx":4,"posy":8,"amount":750},{"posx":17,"posy":1,"amount":700},{"posx":10,"posy":6,"amount":750},{"posx":1,"posy":4,"amount":200},{"posx":12,"posy":2,"amount":550},{"posx":16,"posy":3,"amount":450},{"posx":2,"posy":4,"amount":250},{"posx":11,"posy":5,"amount":700},{"posx":12,"posy":1,"amount":100},{"posx":20,"posy":7,"amount":50},{"posx":3,"posy":4,"amount":350},{"posx":11,"posy":1,"amount":400}],"changedObstacles":[]},{"players":[{"playerId":2451397,"score":0,"energy":48,"posx":3,"posy":7,"lastAction":3,"status":0},{"playerId":675419,"score":0,"energy":44,"posx":3,"posy":5,"lastAction":2,"status":0},{"playerId":2413234,"score":0,"energy":44,"posx":3,"posy":5,"lastAction":2,"status":0},{"playerId":2365650,"score":0,"energy":27,"posx":2,"posy":4,"lastAction":2,"status":0}],"golds":[{"posx":10,"posy":5,"amount":300},{"posx":13,"posy":4,"amount":100},{"posx":7,"posy":0,"amount":300},{"posx":1,"posy":3,"amount":350},{"posx":10,"posy":8,"amount":700},{"posx":17,"posy":7,"amount":150},{"posx":8,"posy":5,"amount":600},{"posx":19,"posy":4,"amount":700},{"posx":4,"posy":8,"amount":750},{"posx":17,"posy":1,"amount":700},{"posx":10,"posy":6,"amount":750},{"posx":1,"posy":4,"amount":200},{"posx":12,"posy":2,"amount":550},{"posx":16,"posy":3,"amount":450},{"posx":2,"posy":4,"amount":250},{"posx":11,"posy":5,"amount":700},{"posx":12,"posy":1,"amount":100},{"posx":20,"posy":7,"amount":50},{"posx":3,"posy":4,"amount":350},{"posx":11,"posy":1,"amount":400}],"changedObstacles":[{"type":3,"posx":3,"posy":5,"value":-20}]},{"players":[{"playerId":2451397,"score":0,"energy":47,"posx":3,"posy":8,"lastAction":3,"status":0},{"playerId":675419,"score":0,"energy":40,"posx":3,"posy":4,"lastAction":2,"status":0},{"playerId":2413234,"score":0,"energy":40,"posx":3,"posy":4,"lastAction":2,"status":0},{"playerId":2365650,"score":50,"energy":22,"posx":2,"posy":4,"lastAction":5,"status":0}],"golds":[{"posx":7,"posy":0,"amount":300},{"posx":11,"posy":1,"amount":400},{"posx":12,"posy":1,"amount":100},{"posx":17,"posy":1,"amount":700},{"posx":12,"posy":2,"amount":550},{"posx":1,"posy":3,"amount":350},{"posx":16,"posy":3,"amount":450},{"posx":1,"posy":4,"amount":200},{"posx":2,"posy":4,"amount":200},{"posx":3,"posy":4,"amount":350},{"posx":13,"posy":4,"amount":100},{"posx":19,"posy":4,"amount":700},{"posx":8,"posy":5,"amount":600},{"posx":10,"posy":5,"amount":300},{"posx":11,"posy":5,"amount":700},{"posx":10,"posy":6,"amount":750},{"posx":17,"posy":7,"amount":150},{"posx":20,"posy":7,"amount":50},{"posx":4,"posy":8,"amount":750},{"posx":10,"posy":8,"amount":700}],"changedObstacles":[]},{"players":[{"playerId":2451397,"score":0,"energy":43,"posx":4,"posy":8,"lastAction":1,"status":0},{"playerId":675419,"score":50,"energy":35,"posx":3,"posy":4,"lastAction":5,"status":0},{"playerId":2413234,"score":50,"energy":35,"posx":3,"posy":4,"lastAction":5,"status":0},{"playerId":2365650,"score":100,"energy":17,"posx":2,"posy":4,"lastAction":5,"status":0}],"golds":[{"posx":7,"posy":0,"amount":300},{"posx":11,"posy":1,"amount":400},{"posx":12,"posy":1,"amount":100},{"posx":17,"posy":1,"amount":700},{"posx":12,"posy":2,"amount":550},{"posx":1,"posy":3,"amount":350},{"posx":16,"posy":3,"amount":450},{"posx":1,"posy":4,"amount":200},{"posx":2,"posy":4,"amount":150},{"posx":3,"posy":4,"amount":250},{"posx":13,"posy":4,"amount":100},{"posx":19,"posy":4,"amount":700},{"posx":8,"posy":5,"amount":600},{"posx":10,"posy":5,"amount":300},{"posx":11,"posy":5,"amount":700},{"posx":10,"posy":6,"amount":750},{"posx":17,"posy":7,"amount":150},{"posx":20,"posy":7,"amount":50},{"posx":4,"posy":8,"amount":750},{"posx":10,"posy":8,"amount":700}],"changedObstacles":[]},{"players":[{"playerId":2451397,"score":50,"energy":38,"posx":4,"posy":8,"lastAction":5,"status":0},{"playerId":675419,"score":100,"energy":30,"posx":3,"posy":4,"lastAction":5,"status":0},{"playerId":2413234,"score":100,"energy":30,"posx":3,"posy":4,"lastAction":5,"status":0},{"playerId":2365650,"score":150,"energy":12,"posx":2,"posy":4,"lastAction":5,"status":0}],"golds":[{"posx":7,"posy":0,"amount":300},{"posx":11,"posy":1,"amount":400},{"posx":12,"posy":1,"amount":100},{"posx":17,"posy":1,"amount":700},{"posx":12,"posy":2,"amount":550},{"posx":1,"posy":3,"amount":350},{"posx":16,"posy":3,"amount":450},{"posx":1,"posy":4,"amount":200},{"posx":2,"posy":4,"amount":100},{"posx":3,"posy":4,"amount":150},{"posx":13,"posy":4,"amount":100},{"posx":19,"posy":4,"amount":700},{"posx":8,"posy":5,"amount":600},{"posx":10,"posy":5,"amount":300},{"posx":11,"posy":5,"amount":700},{"posx":10,"posy":6,"amount":750},{"posx":17,"posy":7,"amount":150},{"posx":20,"posy":7,"amount":50},{"posx":4,"posy":8,"amount":700},{"posx":10,"posy":8,"amount":700}],"changedObstacles":[]},{"players":[{"playerId":2451397,"score":100,"energy":33,"posx":4,"posy":8,"lastAction":5,"status":0},{"playerId":675419,"score":150,"energy":25,"posx":3,"posy":4,"lastAction":5,"status":0},{"playerId":2413234,"score":150,"energy":25,"posx":3,"posy":4,"lastAction":5,"status":0},{"playerId":2365650,"score":200,"energy":7,"posx":2,"posy":4,"lastAction":5,"status":0}],"golds":[{"posx":7,"posy":0,"amount":300},{"posx":11,"posy":1,"amount":400},{"posx":12,"posy":1,"amount":100},{"posx":17,"posy":1,"amount":700},{"posx":12,"posy":2,"amount":550},{"posx":1,"posy":3,"amount":350},{"posx":16,"posy":3,"amount":450},{"posx":1,"posy":4,"amount":200},{"posx":2,"posy":4,"amount":50},{"posx":3,"posy":4,"amount":50},{"posx":13,"posy":4,"amount":100},{"posx":19,"posy":4,"amount":700},{"posx":8,"posy":5,"amount":600},{"posx":10,"posy":5,"amount":300},{"posx":11,"posy":5,"amount":700},{"posx":10,"posy":6,"amount":750},{"posx":17,"posy":7,"amount":150},{"posx":20,"posy":7,"amount":50},{"posx":4,"posy":8,"amount":650},{"posx":10,"posy":8,"amount":700}],"changedObstacles":[]},{"players":[{"playerId":2451397,"score":150,"energy":28,"posx":4,"posy":8,"lastAction":5,"status":0},{"playerId":675419,"score":175,"energy":20,"posx":3,"posy":4,"lastAction":5,"status":0},{"playerId":2413234,"score":175,"energy":20,"posx":3,"posy":4,"lastAction":5,"status":0},{"playerId":2365650,"score":250,"energy":2,"posx":2,"posy":4,"lastAction":5,"status":0}],"golds":[{"posx":7,"posy":0,"amount":300},{"posx":11,"posy":1,"amount":400},{"posx":12,"posy":1,"amount":100},{"posx":17,"posy":1,"amount":700},{"posx":12,"posy":2,"amount":550},{"posx":1,"posy":3,"amount":350},{"posx":16,"posy":3,"amount":450},{"posx":1,"posy":4,"amount":200},{"posx":13,"posy":4,"amount":100},{"posx":19,"posy":4,"amount":700},{"posx":8,"posy":5,"amount":600},{"posx":10,"posy":5,"amount":300},{"posx":11,"posy":5,"amount":700},{"posx":10,"posy":6,"amount":750},{"posx":17,"posy":7,"amount":150},{"posx":20,"posy":7,"amount":50},{"posx":4,"posy":8,"amount":600},{"posx":10,"posy":8,"amount":700}],"changedObstacles":[{"type":0,"posx":3,"posy":4,"value":-1},{"type":0,"posx":2,"posy":4,"value":-1}]},{"players":[{"playerId":2451397,"score":200,"energy":23,"posx":4,"posy":8,"lastAction":5,"status":0},{"playerId":675419,"score":175,"energy":32,"posx":3,"posy":4,"lastAction":4,"status":0},{"playerId":2413234,"score":175,"energy":32,"posx":3,"posy":4,"lastAction":4,"status":0},{"playerId":2365650,"score":250,"energy":14,"posx":2,"posy":4,"lastAction":4,"status":0}],"golds":[{"posx":7,"posy":0,"amount":300},{"posx":11,"posy":1,"amount":400},{"posx":12,"posy":1,"amount":100},{"posx":17,"posy":1,"amount":700},{"posx":12,"posy":2,"amount":550},{"posx":1,"posy":3,"amount":350},{"posx":16,"posy":3,"amount":450},{"posx":1,"posy":4,"amount":200},{"posx":13,"posy":4,"amount":100},{"posx":19,"posy":4,"amount":700},{"posx":8,"posy":5,"amount":600},{"posx":10,"posy":5,"amount":300},{"posx":11,"posy":5,"amount":700},{"posx":10,"posy":6,"amount":750},{"posx":17,"posy":7,"amount":150},{"posx":20,"posy":7,"amount":50},{"posx":4,"posy":8,"amount":550},{"posx":10,"posy":8,"amount":700}],"changedObstacles":[]},{"players":[{"playerId":2451397,"score":250,"energy":18,"posx":4,"posy":8,"lastAction":5,"status":0},{"playerId":675419,"score":175,"energy":12,"posx":3,"posy":5,"lastAction":3,"status":0},{"playerId":2413234,"score":175,"energy":48,"posx":3,"posy":4,"lastAction":4,"status":0},{"playerId":2365650,"score":250,"energy":30,"posx":2,"posy":4,"lastAction":4,"status":0}],"golds":[{"posx":7,"posy":0,"amount":300},{"posx":11,"posy":1,"amount":400},{"posx":12,"posy":1,"amount":100},{"posx":17,"posy":1,"amount":700},{"posx":12,"posy":2,"amount":550},{"posx":1,"posy":3,"amount":350},{"posx":16,"posy":3,"amount":450},{"posx":1,"posy":4,"amount":200},{"posx":13,"posy":4,"amount":100},{"posx":19,"posy":4,"amount":700},{"posx":8,"posy":5,"amount":600},{"posx":10,"posy":5,"amount":300},{"posx":11,"posy":5,"amount":700},{"posx":10,"posy":6,"amount":750},{"posx":17,"posy":7,"amount":150},{"posx":20,"posy":7,"amount":50},{"posx":4,"posy":8,"amount":500},{"posx":10,"posy":8,"amount":700}],"changedObstacles":[{"type":3,"posx":3,"posy":5,"value":-40}]},{"players":[{"playerId":2451397,"score":300,"energy":13,"posx":4,"posy":8,"lastAction":5,"status":0},{"playerId":675419,"score":175,"energy":11,"posx":3,"posy":6,"lastAction":3,"status":0},{"playerId":2413234,"score":175,"energy":32,"posx":4,"posy":4,"lastAction":1,"status":0},{"playerId":2365650,"score":250,"energy":26,"posx":1,"posy":4,"lastAction":0,"status":0}],"golds":[{"posx":7,"posy":0,"amount":300},{"posx":11,"posy":1,"amount":400},{"posx":12,"posy":1,"amount":100},{"posx":17,"posy":1,"amount":700},{"posx":12,"posy":2,"amount":550},{"posx":1,"posy":3,"amount":350},{"posx":16,"posy":3,"amount":450},{"posx":1,"posy":4,"amount":200},{"posx":13,"posy":4,"amount":100},{"posx":19,"posy":4,"amount":700},{"posx":8,"posy":5,"amount":600},{"posx":10,"posy":5,"amount":300},{"posx":11,"posy":5,"amount":700},{"posx":10,"posy":6,"amount":750},{"posx":17,"posy":7,"amount":150},{"posx":20,"posy":7,"amount":50},{"posx":4,"posy":8,"amount":450},{"posx":10,"posy":8,"amount":700}],"changedObstacles":[]},{"players":[{"playerId":2451397,"score":350,"energy":8,"posx":4,"posy":8,"lastAction":5,"status":0},{"playerId":675419,"score":175,"energy":10,"posx":3,"posy":7,"lastAction":3,"status":0},{"playerId":2413234,"score":175,"energy":31,"posx":4,"posy":5,"lastAction":3,"status":0},{"playerId":2365650,"score":300,"energy":21,"posx":1,"posy":4,"lastAction":5,"status":0}],"golds":[{"posx":7,"posy":0,"amount":300},{"posx":11,"posy":1,"amount":400},{"posx":12,"posy":1,"amount":100},{"posx":17,"posy":1,"amount":700},{"posx":12,"posy":2,"amount":550},{"posx":1,"posy":3,"amount":350},{"posx":16,"posy":3,"amount":450},{"posx":1,"posy":4,"amount":150},{"posx":13,"posy":4,"amount":100},{"posx":19,"posy":4,"amount":700},{"posx":8,"posy":5,"amount":600},{"posx":10,"posy":5,"amount":300},{"posx":11,"posy":5,"amount":700},{"posx":10,"posy":6,"amount":750},{"posx":17,"posy":7,"amount":150},{"posx":20,"posy":7,"amount":50},{"posx":4,"posy":8,"amount":400},{"posx":10,"posy":8,"amount":700}],"changedObstacles":[]},{"players":[{"playerId":2451397,"score":400,"energy":3,"posx":4,"posy":8,"lastAction":5,"status":0},{"playerId":675419,"score":175,"energy":9,"posx":4,"posy":7,"lastAction":1,"status":0},{"playerId":2413234,"score":175,"energy":30,"posx":5,"posy":5,"lastAction":1,"status":0},{"playerId":2365650,"score":350,"energy":16,"posx":1,"posy":4,"lastAction":5,"status":0}],"golds":[{"posx":7,"posy":0,"amount":300},{"posx":11,"posy":1,"amount":400},{"posx":12,"posy":1,"amount":100},{"posx":17,"posy":1,"amount":700},{"posx":12,"posy":2,"amount":550},{"posx":1,"posy":3,"amount":350},{"posx":16,"posy":3,"amount":450},{"posx":1,"posy":4,"amount":100},{"posx":13,"posy":4,"amount":100},{"posx":19,"posy":4,"amount":700},{"posx":8,"posy":5,"amount":600},{"posx":10,"posy":5,"amount":300},{"posx":11,"posy":5,"amount":700},{"posx":10,"posy":6,"amount":750},{"posx":17,"posy":7,"amount":150},{"posx":20,"posy":7,"amount":50},{"posx":4,"posy":8,"amount":350},{"posx":10,"posy":8,"amount":700}],"changedObstacles":[]},{"players":[{"playerId":2451397,"score":400,"energy":15,"posx":4,"posy":8,"lastAction":4,"status":0},{"playerId":675419,"score":175,"energy":5,"posx":4,"posy":8,"lastAction":3,"status":0},{"playerId":2413234,"score":175,"energy":20,"posx":6,"posy":5,"lastAction":1,"status":0},{"playerId":2365650,"score":400,"energy":11,"posx":1,"posy":4,"lastAction":5,"status":0}],"golds":[{"posx":7,"posy":0,"amount":300},{"posx":11,"posy":1,"amount":400},{"posx":12,"posy":1,"amount":100},{"posx":17,"posy":1,"amount":700},{"posx":12,"posy":2,"amount":550},{"posx":1,"posy":3,"amount":350},{"posx":16,"posy":3,"amount":450},{"posx":1,"posy":4,"amount":50},{"posx":13,"posy":4,"amount":100},{"posx":19,"posy":4,"amount":700},{"posx":8,"posy":5,"amount":600},{"posx":10,"posy":5,"amount":300},{"posx":11,"posy":5,"amount":700},{"posx":10,"posy":6,"amount":750},{"posx":17,"posy":7,"amount":150},{"posx":20,"posy":7,"amount":50},{"posx":4,"posy":8,"amount":350},{"posx":10,"posy":8,"amount":700}],"changedObstacles":[{"type":0,"posx":6,"posy":5,"value":-1}]},{"players":[{"playerId":2451397,"score":400,"energy":31,"posx":4,"posy":8,"lastAction":4,"status":0},{"playerId":675419,"score":175,"energy":17,"posx":4,"posy":8,"lastAction":4,"status":0},{"playerId":2413234,"score":175,"energy":19,"posx":7,"posy":5,"lastAction":1,"status":0},{"playerId":2365650,"score":450,"energy":6,"posx":1,"posy":4,"lastAction":5,"status":0}],"golds":[{"posx":7,"posy":0,"amount":300},{"posx":11,"posy":1,"amount":400},{"posx":12,"posy":1,"amount":100},{"posx":17,"posy":1,"amount":700},{"posx":12,"posy":2,"amount":550},{"posx":1,"posy":3,"amount":350},{"posx":16,"posy":3,"amount":450},{"posx":13,"posy":4,"amount":100},{"posx":19,"posy":4,"amount":700},{"posx":8,"posy":5,"amount":600},{"posx":10,"posy":5,"amount":300},{"posx":11,"posy":5,"amount":700},{"posx":10,"posy":6,"amount":750},{"posx":17,"posy":7,"amount":150},{"posx":20,"posy":7,"amount":50},{"posx":4,"posy":8,"amount":350},{"posx":10,"posy":8,"amount":700}],"changedObstacles":[{"type":0,"posx":1,"posy":4,"value":-1}]},{"players":[{"playerId":2451397,"score":400,"energy":50,"posx":4,"posy":8,"lastAction":4,"status":0},{"playerId":675419,"score":175,"energy":33,"posx":4,"posy":8,"lastAction":4,"status":0},{"playerId":2413234,"score":175,"energy":15,"posx":8,"posy":5,"lastAction":1,"status":0},{"playerId":2365650,"score":450,"energy":2,"posx":1,"posy":3,"lastAction":2,"status":0}],"golds":[{"posx":7,"posy":0,"amount":300},{"posx":11,"posy":1,"amount":400},{"posx":12,"posy":1,"amount":100},{"posx":17,"posy":1,"amount":700},{"posx":12,"posy":2,"amount":550},{"posx":1,"posy":3,"amount":350},{"posx":16,"posy":3,"amount":450},{"posx":13,"posy":4,"amount":100},{"posx":19,"posy":4,"amount":700},{"posx":8,"posy":5,"amount":600},{"posx":10,"posy":5,"amount":300},{"posx":11,"posy":5,"amount":700},{"posx":10,"posy":6,"amount":750},{"posx":17,"posy":7,"amount":150},{"posx":20,"posy":7,"amount":50},{"posx":4,"posy":8,"amount":350},{"posx":10,"posy":8,"amount":700}],"changedObstacles":[]},{"players":[{"playerId":2451397,"score":450,"energy":45,"posx":4,"posy":8,"lastAction":5,"status":0},{"playerId":675419,"score":225,"energy":28,"posx":4,"posy":8,"lastAction":5,"status":0},{"playerId":2413234,"score":225,"energy":10,"posx":8,"posy":5,"lastAction":5,"status":0},{"playerId":2365650,"score":450,"energy":14,"posx":1,"posy":3,"lastAction":4,"status":0}],"golds":[{"posx":7,"posy":0,"amount":300},{"posx":11,"posy":1,"amount":400},{"posx":12,"posy":1,"amount":100},{"posx":17,"posy":1,"amount":700},{"posx":12,"posy":2,"amount":550},{"posx":1,"posy":3,"amount":350},{"posx":16,"posy":3,"amount":450},{"posx":13,"posy":4,"amount":100},{"posx":19,"posy":4,"amount":700},{"posx":8,"posy":5,"amount":550},{"posx":10,"posy":5,"amount":300},{"posx":11,"posy":5,"amount":700},{"posx":10,"posy":6,"amount":750},{"posx":17,"posy":7,"amount":150},{"posx":20,"posy":7,"amount":50},{"posx":4,"posy":8,"amount":250},{"posx":10,"posy":8,"amount":700}],"changedObstacles":[]},{"players":[{"playerId":2451397,"score":500,"energy":40,"posx":4,"posy":8,"lastAction":5,"status":0},{"playerId":675419,"score":275,"energy":23,"posx":4,"posy":8,"lastAction":5,"status":0},{"playerId":2413234,"score":275,"energy":5,"posx":8,"posy":5,"lastAction":5,"status":0},{"playerId":2365650,"score":450,"energy":30,"posx":1,"posy":3,"lastAction":4,"status":0}],"golds":[{"posx":7,"posy":0,"amount":300},{"posx":11,"posy":1,"amount":400},{"posx":12,"posy":1,"amount":100},{"posx":17,"posy":1,"amount":700},{"posx":12,"posy":2,"amount":550},{"posx":1,"posy":3,"amount":350},{"posx":16,"posy":3,"amount":450},{"posx":13,"posy":4,"amount":100},{"posx":19,"posy":4,"amount":700},{"posx":8,"posy":5,"amount":500},{"posx":10,"posy":5,"amount":300},{"posx":11,"posy":5,"amount":700},{"posx":10,"posy":6,"amount":750},{"posx":17,"posy":7,"amount":150},{"posx":20,"posy":7,"amount":50},{"posx":4,"posy":8,"amount":150},{"posx":10,"posy":8,"amount":700}],"changedObstacles":[]},{"players":[{"playerId":2451397,"score":550,"energy":35,"posx":4,"posy":8,"lastAction":5,"status":0},{"playerId":675419,"score":325,"energy":18,"posx":4,"posy":8,"lastAction":5,"status":0},{"playerId":2413234,"score":275,"energy":17,"posx":8,"posy":5,"lastAction":4,"status":0},{"playerId":2365650,"score":500,"energy":25,"posx":1,"posy":3,"lastAction":5,"status":0}],"golds":[{"posx":7,"posy":0,"amount":300},{"posx":11,"posy":1,"amount":400},{"posx":12,"posy":1,"amount":100},{"posx":17,"posy":1,"amount":700},{"posx":12,"posy":2,"amount":550},{"posx":1,"posy":3,"amount":300},{"posx":16,"posy":3,"amount":450},{"posx":13,"posy":4,"amount":100},{"posx":19,"posy":4,"amount":700},{"posx":8,"posy":5,"amount":500},{"posx":10,"posy":5,"amount":300},{"posx":11,"posy":5,"amount":700},{"posx":10,"posy":6,"amount":750},{"posx":17,"posy":7,"amount":150},{"posx":20,"posy":7,"amount":50},{"posx":4,"posy":8,"amount":50},{"posx":10,"posy":8,"amount":700}],"changedObstacles":[]},{"players":[{"playerId":2451397,"score":575,"energy":30,"posx":4,"posy":8,"lastAction":5,"status":0},{"playerId":675419,"score":350,"energy":13,"posx":4,"posy":8,"lastAction":5,"status":0},{"playerId":2413234,"score":275,"energy":33,"posx":8,"posy":5,"lastAction":4,"status":0},{"playerId":2365650,"score":550,"energy":20,"posx":1,"posy":3,"lastAction":5,"status":0}],"golds":[{"posx":7,"posy":0,"amount":300},{"posx":11,"posy":1,"amount":400},{"posx":12,"posy":1,"amount":100},{"posx":17,"posy":1,"amount":700},{"posx":12,"posy":2,"amount":550},{"posx":1,"posy":3,"amount":250},{"posx":16,"posy":3,"amount":450},{"posx":13,"posy":4,"amount":100},{"posx":19,"posy":4,"amount":700},{"posx":8,"posy":5,"amount":500},{"posx":10,"posy":5,"amount":300},{"posx":11,"posy":5,"amount":700},{"posx":10,"posy":6,"amount":750},{"posx":17,"posy":7,"amount":150},{"posx":20,"posy":7,"amount":50},{"posx":10,"posy":8,"amount":700}],"changedObstacles":[{"type":0,"posx":4,"posy":8,"value":-1}]},{"players":[{"playerId":2451397,"score":575,"energy":20,"posx":5,"posy":8,"lastAction":1,"status":0},{"playerId":675419,"score":350,"energy":12,"posx":4,"posy":7,"lastAction":2,"status":0},{"playerId":2413234,"score":325,"energy":28,"posx":8,"posy":5,"lastAction":5,"status":0},{"playerId":2365650,"score":600,"energy":15,"posx":1,"posy":3,"lastAction":5,"status":0}],"golds":[{"posx":7,"posy":0,"amount":300},{"posx":11,"posy":1,"amount":400},{"posx":12,"posy":1,"amount":100},{"posx":17,"posy":1,"amount":700},{"posx":12,"posy":2,"amount":550},{"posx":1,"posy":3,"amount":200},{"posx":16,"posy":3,"amount":450},{"posx":13,"posy":4,"amount":100},{"posx":19,"posy":4,"amount":700},{"posx":8,"posy":5,"amount":450},{"posx":10,"posy":5,"amount":300},{"posx":11,"posy":5,"amount":700},{"posx":10,"posy":6,"amount":750},{"posx":17,"posy":7,"amount":150},{"posx":20,"posy":7,"amount":50},{"posx":10,"posy":8,"amount":700}],"changedObstacles":[{"type":0,"posx":5,"posy":8,"value":-1}]},{"players":[{"playerId":2451397,"score":575,"energy":19,"posx":6,"posy":8,"lastAction":1,"status":0},{"playerId":675419,"score":350,"energy":11,"posx":5,"posy":7,"lastAction":1,"status":0},{"playerId":2413234,"score":375,"energy":23,"posx":8,"posy":5,"lastAction":5,"status":0},{"playerId":2365650,"score":650,"energy":10,"posx":1,"posy":3,"lastAction":5,"status":0}],"golds":[{"posx":7,"posy":0,"amount":300},{"posx":11,"posy":1,"amount":400},{"posx":12,"posy":1,"amount":100},{"posx":17,"posy":1,"amount":700},{"posx":12,"posy":2,"amount":550},{"posx":1,"posy":3,"amount":150},{"posx":16,"posy":3,"amount":450},{"posx":13,"posy":4,"amount":100},{"posx":19,"posy":4,"amount":700},{"posx":8,"posy":5,"amount":400},{"posx":10,"posy":5,"amount":300},{"posx":11,"posy":5,"amount":700},{"posx":10,"posy":6,"amount":750},{"posx":17,"posy":7,"amount":150},{"posx":20,"posy":7,"amount":50},{"posx":10,"posy":8,"amount":700}],"changedObstacles":[]},{"players":[{"playerId":2451397,"score":575,"energy":18,"posx":7,"posy":8,"lastAction":1,"status":0},{"playerId":675419,"score":350,"energy":6,"posx":6,"posy":7,"lastAction":1,"status":0},{"playerId":2413234,"score":425,"energy":18,"posx":8,"posy":5,"lastAction":5,"status":0},{"playerId":2365650,"score":700,"energy":5,"posx":1,"posy":3,"lastAction":5,"status":0}],"golds":[{"posx":7,"posy":0,"amount":300},{"posx":11,"posy":1,"amount":400},{"posx":12,"posy":1,"amount":100},{"posx":17,"posy":1,"amount":700},{"posx":12,"posy":2,"amount":550},{"posx":1,"posy":3,"amount":100},{"posx":16,"posy":3,"amount":450},{"posx":13,"posy":4,"amount":100},{"posx":19,"posy":4,"amount":700},{"posx":8,"posy":5,"amount":350},{"posx":10,"posy":5,"amount":300},{"posx":11,"posy":5,"amount":700},{"posx":10,"posy":6,"amount":750},{"posx":17,"posy":7,"amount":150},{"posx":20,"posy":7,"amount":50},{"posx":10,"posy":8,"amount":700}],"changedObstacles":[{"type":3,"posx":6,"posy":7,"value":-20}]},{"players":[{"playerId":2451397,"score":575,"energy":8,"posx":8,"posy":8,"lastAction":1,"status":0},{"playerId":675419,"score":350,"energy":1,"posx":6,"posy":6,"lastAction":2,"status":0},{"playerId":2413234,"score":475,"energy":13,"posx":8,"posy":5,"lastAction":5,"status":0},{"playerId":2365650,"score":700,"energy":17,"posx":1,"posy":3,"lastAction":4,"status":0}],"golds":[{"posx":7,"posy":0,"amount":300},{"posx":11,"posy":1,"amount":400},{"posx":12,"posy":1,"amount":100},{"posx":17,"posy":1,"amount":700},{"posx":12,"posy":2,"amount":550},{"posx":1,"posy":3,"amount":100},{"posx":16,"posy":3,"amount":450},{"posx":13,"posy":4,"amount":100},{"posx":19,"posy":4,"amount":700},{"posx":8,"posy":5,"amount":300},{"posx":10,"posy":5,"amount":300},{"posx":11,"posy":5,"amount":700},{"posx":10,"posy":6,"amount":750},{"posx":17,"posy":7,"amount":150},{"posx":20,"posy":7,"amount":50},{"posx":10,"posy":8,"amount":700}],"changedObstacles":[{"type":3,"posx":6,"posy":6,"value":-20},{"type":0,"posx":8,"posy":8,"value":-1}]},{"players":[{"playerId":2451397,"score":575,"energy":7,"posx":9,"posy":8,"lastAction":1,"status":0},{"playerId":675419,"score":350,"energy":13,"posx":6,"posy":6,"lastAction":4,"status":0},{"playerId":2413234,"score":525,"energy":8,"posx":8,"posy":5,"lastAction":5,"status":0},{"playerId":2365650,"score":700,"energy":33,"posx":1,"posy":3,"lastAction":4,"status":0}],"golds":[{"posx":7,"posy":0,"amount":300},{"posx":11,"posy":1,"amount":400},{"posx":12,"posy":1,"amount":100},{"posx":17,"posy":1,"amount":700},{"posx":12,"posy":2,"amount":550},{"posx":1,"posy":3,"amount":100},{"posx":16,"posy":3,"amount":450},{"posx":13,"posy":4,"amount":100},{"posx":19,"posy":4,"amount":700},{"posx":8,"posy":5,"amount":250},{"posx":10,"posy":5,"amount":300},{"posx":11,"posy":5,"amount":700},{"posx":10,"posy":6,"amount":750},{"posx":17,"posy":7,"amount":150},{"posx":20,"posy":7,"amount":50},{"posx":10,"posy":8,"amount":700}],"changedObstacles":[]},{"players":[{"playerId":2451397,"score":575,"energy":3,"posx":10,"posy":8,"lastAction":1,"status":0},{"playerId":675419,"score":350,"energy":12,"posx":6,"posy":5,"lastAction":2,"status":0},{"playerId":2413234,"score":575,"energy":3,"posx":8,"posy":5,"lastAction":5,"status":0},{"playerId":2365650,"score":750,"energy":28,"posx":1,"posy":3,"lastAction":5,"status":0}],"golds":[{"posx":7,"posy":0,"amount":300},{"posx":11,"posy":1,"amount":400},{"posx":12,"posy":1,"amount":100},{"posx":17,"posy":1,"amount":700},{"posx":12,"posy":2,"amount":550},{"posx":1,"posy":3,"amount":50},{"posx":16,"posy":3,"amount":450},{"posx":13,"posy":4,"amount":100},{"posx":19,"posy":4,"amount":700},{"posx":8,"posy":5,"amount":200},{"posx":10,"posy":5,"amount":300},{"posx":11,"posy":5,"amount":700},{"posx":10,"posy":6,"amount":750},{"posx":17,"posy":7,"amount":150},{"posx":20,"posy":7,"amount":50},{"posx":10,"posy":8,"amount":700}],"changedObstacles":[]},{"players":[{"playerId":2451397,"score":575,"energy":15,"posx":10,"posy":8,"lastAction":4,"status":0},{"playerId":675419,"score":350,"energy":11,"posx":7,"posy":5,"lastAction":1,"status":0},{"playerId":2413234,"score":575,"energy":15,"posx":8,"posy":5,"lastAction":4,"status":0},{"playerId":2365650,"score":800,"energy":23,"posx":1,"posy":3,"lastAction":5,"status":0}],"golds":[{"posx":7,"posy":0,"amount":300},{"posx":11,"posy":1,"amount":400},{"posx":12,"posy":1,"amount":100},{"posx":17,"posy":1,"amount":700},{"posx":12,"posy":2,"amount":550},{"posx":16,"posy":3,"amount":450},{"posx":13,"posy":4,"amount":100},{"posx":19,"posy":4,"amount":700},{"posx":8,"posy":5,"amount":200},{"posx":10,"posy":5,"amount":300},{"posx":11,"posy":5,"amount":700},{"posx":10,"posy":6,"amount":750},{"posx":17,"posy":7,"amount":150},{"posx":20,"posy":7,"amount":50},{"posx":10,"posy":8,"amount":700}],"changedObstacles":[{"type":0,"posx":1,"posy":3,"value":-1}]},{"players":[{"playerId":2451397,"score":575,"energy":31,"posx":10,"posy":8,"lastAction":4,"status":0},{"playerId":675419,"score":350,"energy":7,"posx":8,"posy":5,"lastAction":1,"status":0},{"playerId":2413234,"score":575,"energy":31,"posx":8,"posy":5,"lastAction":4,"status":0},{"playerId":2365650,"score":800,"energy":22,"posx":1,"posy":4,"lastAction":3,"status":0}],"golds":[{"posx":7,"posy":0,"amount":300},{"posx":11,"posy":1,"amount":400},{"posx":12,"posy":1,"amount":100},{"posx":17,"posy":1,"amount":700},{"posx":12,"posy":2,"amount":550},{"posx":16,"posy":3,"amount":450},{"posx":13,"posy":4,"amount":100},{"posx":19,"posy":4,"amount":700},{"posx":8,"posy":5,"amount":200},{"posx":10,"posy":5,"amount":300},{"posx":11,"posy":5,"amount":700},{"posx":10,"posy":6,"amount":750},{"posx":17,"posy":7,"amount":150},{"posx":20,"posy":7,"amount":50},{"posx":10,"posy":8,"amount":700}],"changedObstacles":[]},{"players":[{"playerId":2451397,"score":575,"energy":50,"posx":10,"posy":8,"lastAction":4,"status":0},{"playerId":675419,"score":400,"energy":2,"posx":8,"posy":5,"lastAction":5,"status":0},{"playerId":2413234,"score":625,"energy":26,"posx":8,"posy":5,"lastAction":5,"status":0},{"playerId":2365650,"score":800,"energy":21,"posx":2,"posy":4,"lastAction":1,"status":0}],"golds":[{"posx":7,"posy":0,"amount":300},{"posx":11,"posy":1,"amount":400},{"posx":12,"posy":1,"amount":100},{"posx":17,"posy":1,"amount":700},{"posx":12,"posy":2,"amount":550},{"posx":16,"posy":3,"amount":450},{"posx":13,"posy":4,"amount":100},{"posx":19,"posy":4,"amount":700},{"posx":8,"posy":5,"amount":100},{"posx":10,"posy":5,"amount":300},{"posx":11,"posy":5,"amount":700},{"posx":10,"posy":6,"amount":750},{"posx":17,"posy":7,"amount":150},{"posx":20,"posy":7,"amount":50},{"posx":10,"posy":8,"amount":700}],"changedObstacles":[]},{"players":[{"playerId":2451397,"score":625,"energy":45,"posx":10,"posy":8,"lastAction":5,"status":0},{"playerId":675419,"score":400,"energy":14,"posx":8,"posy":5,"lastAction":4,"status":0},{"playerId":2413234,"score":675,"energy":21,"posx":8,"posy":5,"lastAction":5,"status":0},{"playerId":2365650,"score":800,"energy":20,"posx":3,"posy":4,"lastAction":1,"status":0}],"golds":[{"posx":7,"posy":0,"amount":300},{"posx":11,"posy":1,"amount":400},{"posx":12,"posy":1,"amount":100},{"posx":17,"posy":1,"amount":700},{"posx":12,"posy":2,"amount":550},{"posx":16,"posy":3,"amount":450},{"posx":13,"posy":4,"amount":100},{"posx":19,"posy":4,"amount":700},{"posx":8,"posy":5,"amount":50},{"posx":10,"posy":5,"amount":300},{"posx":11,"posy":5,"amount":700},{"posx":10,"posy":6,"amount":750},{"posx":17,"posy":7,"amount":150},{"posx":20,"posy":7,"amount":50},{"posx":10,"posy":8,"amount":650}],"changedObstacles":[]},{"players":[{"playerId":2451397,"score":675,"energy":40,"posx":10,"posy":8,"lastAction":5,"status":0},{"playerId":675419,"score":400,"energy":30,"posx":8,"posy":5,"lastAction":4,"status":0},{"playerId":2413234,"score":725,"energy":16,"posx":8,"posy":5,"lastAction":5,"status":0},{"playerId":2365650,"score":800,"energy":32,"posx":3,"posy":4,"lastAction":4,"status":0}],"golds":[{"posx":7,"posy":0,"amount":300},{"posx":11,"posy":1,"amount":400},{"posx":12,"posy":1,"amount":100},{"posx":17,"posy":1,"amount":700},{"posx":12,"posy":2,"amount":550},{"posx":16,"posy":3,"amount":450},{"posx":13,"posy":4,"amount":100},{"posx":19,"posy":4,"amount":700},{"posx":10,"posy":5,"amount":300},{"posx":11,"posy":5,"amount":700},{"posx":10,"posy":6,"amount":750},{"posx":17,"posy":7,"amount":150},{"posx":20,"posy":7,"amount":50},{"posx":10,"posy":8,"amount":600}],"changedObstacles":[{"type":0,"posx":8,"posy":5,"value":-1}]},{"players":[{"playerId":2451397,"score":725,"energy":35,"posx":10,"posy":8,"lastAction":5,"status":0},{"playerId":675419,"score":400,"energy":25,"posx":9,"posy":5,"lastAction":1,"status":0},{"playerId":2413234,"score":725,"energy":11,"posx":9,"posy":5,"lastAction":1,"status":0},{"playerId":2365650,"score":800,"energy":21,"posx":4,"posy":4,"lastAction":1,"status":0}],"golds":[{"posx":7,"posy":0,"amount":300},{"posx":11,"posy":1,"amount":400},{"posx":12,"posy":1,"amount":100},{"posx":17,"posy":1,"amount":700},{"posx":12,"posy":2,"amount":550},{"posx":16,"posy":3,"amount":450},{"posx":13,"posy":4,"amount":100},{"posx":19,"posy":4,"amount":700},{"posx":10,"posy":5,"amount":300},{"posx":11,"posy":5,"amount":700},{"posx":10,"posy":6,"amount":750},{"posx":17,"posy":7,"amount":150},{"posx":20,"posy":7,"amount":50},{"posx":10,"posy":8,"amount":550}],"changedObstacles":[{"type":3,"posx":9,"posy":5,"value":-20}]},{"players":[{"playerId":2451397,"score":775,"energy":30,"posx":10,"posy":8,"lastAction":5,"status":0},{"playerId":675419,"score":400,"energy":21,"posx":10,"posy":5,"lastAction":1,"status":0},{"playerId":2413234,"score":725,"energy":7,"posx":10,"posy":5,"lastAction":1,"status":0},{"playerId":2365650,"score":800,"energy":20,"posx":4,"posy":5,"lastAction":3,"status":0}],"golds":[{"posx":7,"posy":0,"amount":300},{"posx":11,"posy":1,"amount":400},{"posx":12,"posy":1,"amount":100},{"posx":17,"posy":1,"amount":700},{"posx":12,"posy":2,"amount":550},{"posx":16,"posy":3,"amount":450},{"posx":13,"posy":4,"amount":100},{"posx":19,"posy":4,"amount":700},{"posx":10,"posy":5,"amount":300},{"posx":11,"posy":5,"amount":700},{"posx":10,"posy":6,"amount":750},{"posx":17,"posy":7,"amount":150},{"posx":20,"posy":7,"amount":50},{"posx":10,"posy":8,"amount":500}],"changedObstacles":[]},{"players":[{"playerId":2451397,"score":825,"energy":25,"posx":10,"posy":8,"lastAction":5,"status":0},{"playerId":675419,"score":400,"energy":17,"posx":10,"posy":6,"lastAction":3,"status":0},{"playerId":2413234,"score":775,"energy":2,"posx":10,"posy":5,"lastAction":5,"status":0},{"playerId":2365650,"score":800,"energy":19,"posx":5,"posy":5,"lastAction":1,"status":0}],"golds":[{"posx":7,"posy":0,"amount":300},{"posx":11,"posy":1,"amount":400},{"posx":12,"posy":1,"amount":100},{"posx":17,"posy":1,"amount":700},{"posx":12,"posy":2,"amount":550},{"posx":16,"posy":3,"amount":450},{"posx":13,"posy":4,"amount":100},{"posx":19,"posy":4,"amount":700},{"posx":10,"posy":5,"amount":250},{"posx":11,"posy":5,"amount":700},{"posx":10,"posy":6,"amount":750},{"posx":17,"posy":7,"amount":150},{"posx":20,"posy":7,"amount":50},{"posx":10,"posy":8,"amount":450}],"changedObstacles":[]},{"players":[{"playerId":2451397,"score":875,"energy":20,"posx":10,"posy":8,"lastAction":5,"status":0},{"playerId":675419,"score":450,"energy":12,"posx":10,"posy":6,"lastAction":5,"status":0},{"playerId":2413234,"score":775,"energy":14,"posx":10,"posy":5,"lastAction":4,"status":0},{"playerId":2365650,"score":800,"energy":18,"posx":6,"posy":5,"lastAction":1,"status":0}],"golds":[{"posx":7,"posy":0,"amount":300},{"posx":11,"posy":1,"amount":400},{"posx":12,"posy":1,"amount":100},{"posx":17,"posy":1,"amount":700},{"posx":12,"posy":2,"amount":550},{"posx":16,"posy":3,"amount":450},{"posx":13,"posy":4,"amount":100},{"posx":19,"posy":4,"amount":700},{"posx":10,"posy":5,"amount":250},{"posx":11,"posy":5,"amount":700},{"posx":10,"posy":6,"amount":700},{"posx":17,"posy":7,"amount":150},{"posx":20,"posy":7,"amount":50},{"posx":10,"posy":8,"amount":400}],"changedObstacles":[]},{"players":[{"playerId":2451397,"score":925,"energy":15,"posx":10,"posy":8,"lastAction":5,"status":0},{"playerId":675419,"score":500,"energy":7,"posx":10,"posy":6,"lastAction":5,"status":0},{"playerId":2413234,"score":775,"energy":30,"posx":10,"posy":5,"lastAction":4,"status":0},{"playerId":2365650,"score":800,"energy":17,"posx":7,"posy":5,"lastAction":1,"status":0}],"golds":[{"posx":7,"posy":0,"amount":300},{"posx":11,"posy":1,"amount":400},{"posx":12,"posy":1,"amount":100},{"posx":17,"posy":1,"amount":700},{"posx":12,"posy":2,"amount":550},{"posx":16,"posy":3,"amount":450},{"posx":13,"posy":4,"amount":100},{"posx":19,"posy":4,"amount":700},{"posx":10,"posy":5,"amount":250},{"posx":11,"posy":5,"amount":700},{"posx":10,"posy":6,"amount":650},{"posx":17,"posy":7,"amount":150},{"posx":20,"posy":7,"amount":50},{"posx":10,"posy":8,"amount":350}],"changedObstacles":[]},{"players":[{"playerId":2451397,"score":975,"energy":10,"posx":10,"posy":8,"lastAction":5,"status":0},{"playerId":675419,"score":550,"energy":2,"posx":10,"posy":6,"lastAction":5,"status":0},{"playerId":2413234,"score":825,"energy":25,"posx":10,"posy":5,"lastAction":5,"status":0},{"playerId":2365650,"score":800,"energy":16,"posx":8,"posy":5,"lastAction":1,"status":0}],"golds":[{"posx":7,"posy":0,"amount":300},{"posx":11,"posy":1,"amount":400},{"posx":12,"posy":1,"amount":100},{"posx":17,"posy":1,"amount":700},{"posx":12,"posy":2,"amount":550},{"posx":16,"posy":3,"amount":450},{"posx":13,"posy":4,"amount":100},{"posx":19,"posy":4,"amount":700},{"posx":10,"posy":5,"amount":200},{"posx":11,"posy":5,"amount":700},{"posx":10,"posy":6,"amount":600},{"posx":17,"posy":7,"amount":150},{"posx":20,"posy":7,"amount":50},{"posx":10,"posy":8,"amount":300}],"changedObstacles":[]},{"players":[{"playerId":2451397,"score":1025,"energy":5,"posx":10,"posy":8,"lastAction":5,"status":0},{"playerId":675419,"score":550,"energy":14,"posx":10,"posy":6,"lastAction":4,"status":0},{"playerId":2413234,"score":875,"energy":20,"posx":10,"posy":5,"lastAction":5,"status":0},{"playerId":2365650,"score":800,"energy":11,"posx":8,"posy":6,"lastAction":3,"status":0}],"golds":[{"posx":7,"posy":0,"amount":300},{"posx":11,"posy":1,"amount":400},{"posx":12,"posy":1,"amount":100},{"posx":17,"posy":1,"amount":700},{"posx":12,"posy":2,"amount":550},{"posx":16,"posy":3,"amount":450},{"posx":13,"posy":4,"amount":100},{"posx":19,"posy":4,"amount":700},{"posx":10,"posy":5,"amount":150},{"posx":11,"posy":5,"amount":700},{"posx":10,"posy":6,"amount":600},{"posx":17,"posy":7,"amount":150},{"posx":20,"posy":7,"amount":50},{"posx":10,"posy":8,"amount":250}],"changedObstacles":[{"type":3,"posx":8,"posy":6,"value":-20}]},{"players":[{"playerId":2451397,"score":1025,"energy":17,"posx":10,"posy":8,"lastAction":4,"status":0},{"playerId":675419,"score":550,"energy":30,"posx":10,"posy":6,"lastAction":4,"status":0},{"playerId":2413234,"score":925,"energy":15,"posx":10,"posy":5,"lastAction":5,"status":0},{"playerId":2365650,"score":800,"energy":10,"posx":8,"posy":5,"lastAction":2,"status":0}],"golds":[{"posx":7,"posy":0,"amount":300},{"posx":11,"posy":1,"amount":400},{"posx":12,"posy":1,"amount":100},{"posx":17,"posy":1,"amount":700},{"posx":12,"posy":2,"amount":550},{"posx":16,"posy":3,"amount":450},{"posx":13,"posy":4,"amount":100},{"posx":19,"posy":4,"amount":700},{"posx":10,"posy":5,"amount":100},{"posx":11,"posy":5,"amount":700},{"posx":10,"posy":6,"amount":600},{"posx":17,"posy":7,"amount":150},{"posx":20,"posy":7,"amount":50},{"posx":10,"posy":8,"amount":250}],"changedObstacles":[]},{"players":[{"playerId":2451397,"score":1025,"energy":33,"posx":10,"posy":8,"lastAction":4,"status":0},{"playerId":675419,"score":600,"energy":25,"posx":10,"posy":6,"lastAction":5,"status":0},{"playerId":2413234,"score":975,"energy":10,"posx":10,"posy":5,"lastAction":5,"status":0},{"playerId":2365650,"score":800,"energy":22,"posx":8,"posy":5,"lastAction":4,"status":0}],"golds":[{"posx":7,"posy":0,"amount":300},{"posx":11,"posy":1,"amount":400},{"posx":12,"posy":1,"amount":100},{"posx":17,"posy":1,"amount":700},{"posx":12,"posy":2,"amount":550},{"posx":16,"posy":3,"amount":450},{"posx":13,"posy":4,"amount":100},{"posx":19,"posy":4,"amount":700},{"posx":10,"posy":5,"amount":50},{"posx":11,"posy":5,"amount":700},{"posx":10,"posy":6,"amount":550},{"posx":17,"posy":7,"amount":150},{"posx":20,"posy":7,"amount":50},{"posx":10,"posy":8,"amount":250}],"changedObstacles":[]},{"players":[{"playerId":2451397,"score":1075,"energy":28,"posx":10,"posy":8,"lastAction":5,"status":0},{"playerId":675419,"score":650,"energy":20,"posx":10,"posy":6,"lastAction":5,"status":0},{"playerId":2413234,"score":1025,"energy":5,"posx":10,"posy":5,"lastAction":5,"status":0},{"playerId":2365650,"score":800,"energy":2,"posx":9,"posy":5,"lastAction":1,"status":0}],"golds":[{"posx":7,"posy":0,"amount":300},{"posx":11,"posy":1,"amount":400},{"posx":12,"posy":1,"amount":100},{"posx":17,"posy":1,"amount":700},{"posx":12,"posy":2,"amount":550},{"posx":16,"posy":3,"amount":450},{"posx":13,"posy":4,"amount":100},{"posx":19,"posy":4,"amount":700},{"posx":11,"posy":5,"amount":700},{"posx":10,"posy":6,"amount":500},{"posx":17,"posy":7,"amount":150},{"posx":20,"posy":7,"amount":50},{"posx":10,"posy":8,"amount":200}],"changedObstacles":[{"type":3,"posx":9,"posy":5,"value":-40},{"type":0,"posx":10,"posy":5,"value":-1}]},{"players":[{"playerId":2451397,"score":1125,"energy":23,"posx":10,"posy":8,"lastAction":5,"status":0},{"playerId":675419,"score":700,"energy":15,"posx":10,"posy":6,"lastAction":5,"status":0},{"playerId":2413234,"score":1025,"energy":1,"posx":11,"posy":5,"lastAction":1,"status":0},{"playerId":2365650,"score":800,"energy":14,"posx":9,"posy":5,"lastAction":4,"status":0}],"golds":[{"posx":7,"posy":0,"amount":300},{"posx":11,"posy":1,"amount":400},{"posx":12,"posy":1,"amount":100},{"posx":17,"posy":1,"amount":700},{"posx":12,"posy":2,"amount":550},{"posx":16,"posy":3,"amount":450},{"posx":13,"posy":4,"amount":100},{"posx":19,"posy":4,"amount":700},{"posx":11,"posy":5,"amount":700},{"posx":10,"posy":6,"amount":450},{"posx":17,"posy":7,"amount":150},{"posx":20,"posy":7,"amount":50},{"posx":10,"posy":8,"amount":150}],"changedObstacles":[]},{"players":[{"playerId":2451397,"score":1175,"energy":18,"posx":10,"posy":8,"lastAction":5,"status":0},{"playerId":675419,"score":750,"energy":10,"posx":10,"posy":6,"lastAction":5,"status":0},{"playerId":2413234,"score":1025,"energy":13,"posx":11,"posy":5,"lastAction":4,"status":0},{"playerId":2365650,"score":800,"energy":30,"posx":9,"posy":5,"lastAction":4,"status":0}],"golds":[{"posx":7,"posy":0,"amount":300},{"posx":11,"posy":1,"amount":400},{"posx":12,"posy":1,"amount":100},{"posx":17,"posy":1,"amount":700},{"posx":12,"posy":2,"amount":550},{"posx":16,"posy":3,"amount":450},{"posx":13,"posy":4,"amount":100},{"posx":19,"posy":4,"amount":700},{"posx":11,"posy":5,"amount":700},{"posx":10,"posy":6,"amount":400},{"posx":17,"posy":7,"amount":150},{"posx":20,"posy":7,"amount":50},{"posx":10,"posy":8,"amount":100}],"changedObstacles":[]},{"players":[{"playerId":2451397,"score":1225,"energy":13,"posx":10,"posy":8,"lastAction":5,"status":0},{"playerId":675419,"score":800,"energy":5,"posx":10,"posy":6,"lastAction":5,"status":0},{"playerId":2413234,"score":1025,"energy":29,"posx":11,"posy":5,"lastAction":4,"status":0},{"playerId":2365650,"score":800,"energy":29,"posx":10,"posy":5,"lastAction":1,"status":0}],"golds":[{"posx":7,"posy":0,"amount":300},{"posx":11,"posy":1,"amount":400},{"posx":12,"posy":1,"amount":100},{"posx":17,"posy":1,"amount":700},{"posx":12,"posy":2,"amount":550},{"posx":16,"posy":3,"amount":450},{"posx":13,"posy":4,"amount":100},{"posx":19,"posy":4,"amount":700},{"posx":11,"posy":5,"amount":700},{"posx":10,"posy":6,"amount":350},{"posx":17,"posy":7,"amount":150},{"posx":20,"posy":7,"amount":50},{"posx":10,"posy":8,"amount":50}],"changedObstacles":[]},{"players":[{"playerId":2451397,"score":1275,"energy":8,"posx":10,"posy":8,"lastAction":5,"status":0},{"playerId":675419,"score":800,"energy":17,"posx":10,"posy":6,"lastAction":4,"status":0},{"playerId":2413234,"score":1075,"energy":24,"posx":11,"posy":5,"lastAction":5,"status":0},{"playerId":2365650,"score":800,"energy":25,"posx":11,"posy":5,"lastAction":1,"status":0}],"golds":[{"posx":7,"posy":0,"amount":300},{"posx":11,"posy":1,"amount":400},{"posx":12,"posy":1,"amount":100},{"posx":17,"posy":1,"amount":700},{"posx":12,"posy":2,"amount":550},{"posx":16,"posy":3,"amount":450},{"posx":13,"posy":4,"amount":100},{"posx":19,"posy":4,"amount":700},{"posx":11,"posy":5,"amount":650},{"posx":10,"posy":6,"amount":350},{"posx":17,"posy":7,"amount":150},{"posx":20,"posy":7,"amount":50}],"changedObstacles":[{"type":0,"posx":10,"posy":8,"value":-1}]},{"players":[{"playerId":2451397,"score":1275,"energy":3,"posx":10,"posy":7,"lastAction":2,"status":0},{"playerId":675419,"score":800,"energy":33,"posx":10,"posy":6,"lastAction":4,"status":0},{"playerId":2413234,"score":1125,"energy":19,"posx":11,"posy":5,"lastAction":5,"status":0},{"playerId":2365650,"score":850,"energy":20,"posx":11,"posy":5,"lastAction":5,"status":0}],"golds":[{"posx":7,"posy":0,"amount":300},{"posx":11,"posy":1,"amount":400},{"posx":12,"posy":1,"amount":100},{"posx":17,"posy":1,"amount":700},{"posx":12,"posy":2,"amount":550},{"posx":16,"posy":3,"amount":450},{"posx":13,"posy":4,"amount":100},{"posx":19,"posy":4,"amount":700},{"posx":11,"posy":5,"amount":550},{"posx":10,"posy":6,"amount":350},{"posx":17,"posy":7,"amount":150},{"posx":20,"posy":7,"amount":50}],"changedObstacles":[{"type":3,"posx":10,"posy":7,"value":-20}]},{"players":[{"playerId":2451397,"score":1275,"energy":15,"posx":10,"posy":7,"lastAction":4,"status":0},{"playerId":675419,"score":850,"energy":28,"posx":10,"posy":6,"lastAction":5,"status":0},{"playerId":2413234,"score":1175,"energy":14,"posx":11,"posy":5,"lastAction":5,"status":0},{"playerId":2365650,"score":900,"energy":15,"posx":11,"posy":5,"lastAction":5,"status":0}],"golds":[{"posx":7,"posy":0,"amount":300},{"posx":11,"posy":1,"amount":400},{"posx":12,"posy":1,"amount":100},{"posx":17,"posy":1,"amount":700},{"posx":12,"posy":2,"amount":550},{"posx":16,"posy":3,"amount":450},{"posx":13,"posy":4,"amount":100},{"posx":19,"posy":4,"amount":700},{"posx":11,"posy":5,"amount":450},{"posx":10,"posy":6,"amount":300},{"posx":17,"posy":7,"amount":150},{"posx":20,"posy":7,"amount":50}],"changedObstacles":[]},{"players":[{"playerId":2451397,"score":1275,"energy":11,"posx":10,"posy":6,"lastAction":2,"status":0},{"playerId":675419,"score":900,"energy":23,"posx":10,"posy":6,"lastAction":5,"status":0},{"playerId":2413234,"score":1225,"energy":9,"posx":11,"posy":5,"lastAction":5,"status":0},{"playerId":2365650,"score":950,"energy":10,"posx":11,"posy":5,"lastAction":5,"status":0}],"golds":[{"posx":7,"posy":0,"amount":300},{"posx":11,"posy":1,"amount":400},{"posx":12,"posy":1,"amount":100},{"posx":17,"posy":1,"amount":700},{"posx":12,"posy":2,"amount":550},{"posx":16,"posy":3,"amount":450},{"posx":13,"posy":4,"amount":100},{"posx":19,"posy":4,"amount":700},{"posx":11,"posy":5,"amount":350},{"posx":10,"posy":6,"amount":250},{"posx":17,"posy":7,"amount":150},{"posx":20,"posy":7,"amount":50}],"changedObstacles":[]},{"players":[{"playerId":2451397,"score":1325,"energy":6,"posx":10,"posy":6,"lastAction":5,"status":0},{"playerId":675419,"score":950,"energy":18,"posx":10,"posy":6,"lastAction":5,"status":0},{"playerId":2413234,"score":1275,"energy":4,"posx":11,"posy":5,"lastAction":5,"status":0},{"playerId":2365650,"score":1000,"energy":5,"posx":11,"posy":5,"lastAction":5,"status":0}],"golds":[{"posx":7,"posy":0,"amount":300},{"posx":11,"posy":1,"amount":400},{"posx":12,"posy":1,"amount":100},{"posx":17,"posy":1,"amount":700},{"posx":12,"posy":2,"amount":550},{"posx":16,"posy":3,"amount":450},{"posx":13,"posy":4,"amount":100},{"posx":19,"posy":4,"amount":700},{"posx":11,"posy":5,"amount":250},{"posx":10,"posy":6,"amount":150},{"posx":17,"posy":7,"amount":150},{"posx":20,"posy":7,"amount":50}],"changedObstacles":[]},{"players":[{"playerId":2451397,"score":1375,"energy":1,"posx":10,"posy":6,"lastAction":5,"status":0},{"playerId":675419,"score":1000,"energy":13,"posx":10,"posy":6,"lastAction":5,"status":0},{"playerId":2413234,"score":1275,"energy":16,"posx":11,"posy":5,"lastAction":4,"status":0},{"playerId":2365650,"score":1000,"energy":17,"posx":11,"posy":5,"lastAction":4,"status":0}],"golds":[{"posx":7,"posy":0,"amount":300},{"posx":11,"posy":1,"amount":400},{"posx":12,"posy":1,"amount":100},{"posx":17,"posy":1,"amount":700},{"posx":12,"posy":2,"amount":550},{"posx":16,"posy":3,"amount":450},{"posx":13,"posy":4,"amount":100},{"posx":19,"posy":4,"amount":700},{"posx":11,"posy":5,"amount":250},{"posx":10,"posy":6,"amount":50},{"posx":17,"posy":7,"amount":150},{"posx":20,"posy":7,"amount":50}],"changedObstacles":[]},{"players":[{"playerId":2451397,"score":1375,"energy":13,"posx":10,"posy":6,"lastAction":4,"status":0},{"playerId":675419,"score":1050,"energy":8,"posx":10,"posy":6,"lastAction":5,"status":0},{"playerId":2413234,"score":1275,"energy":32,"posx":11,"posy":5,"lastAction":4,"status":0},{"playerId":2365650,"score":1000,"energy":33,"posx":11,"posy":5,"lastAction":4,"status":0}],"golds":[{"posx":7,"posy":0,"amount":300},{"posx":11,"posy":1,"amount":400},{"posx":12,"posy":1,"amount":100},{"posx":17,"posy":1,"amount":700},{"posx":12,"posy":2,"amount":550},{"posx":16,"posy":3,"amount":450},{"posx":13,"posy":4,"amount":100},{"posx":19,"posy":4,"amount":700},{"posx":11,"posy":5,"amount":250},{"posx":17,"posy":7,"amount":150},{"posx":20,"posy":7,"amount":50}],"changedObstacles":[{"type":0,"posx":10,"posy":6,"value":-1}]},{"players":[{"playerId":2451397,"score":1375,"energy":12,"posx":10,"posy":5,"lastAction":2,"status":0},{"playerId":675419,"score":1050,"energy":7,"posx":10,"posy":5,"lastAction":2,"status":0},{"playerId":2413234,"score":1325,"energy":27,"posx":11,"posy":5,"lastAction":5,"status":0},{"playerId":2365650,"score":1050,"energy":28,"posx":11,"posy":5,"lastAction":5,"status":0}],"golds":[{"posx":7,"posy":0,"amount":300},{"posx":11,"posy":1,"amount":400},{"posx":12,"posy":1,"amount":100},{"posx":17,"posy":1,"amount":700},{"posx":12,"posy":2,"amount":550},{"posx":16,"posy":3,"amount":450},{"posx":13,"posy":4,"amount":100},{"posx":19,"posy":4,"amount":700},{"posx":11,"posy":5,"amount":150},{"posx":17,"posy":7,"amount":150},{"posx":20,"posy":7,"amount":50}],"changedObstacles":[]},{"players":[{"playerId":2451397,"score":1375,"energy":8,"posx":11,"posy":5,"lastAction":1,"status":0},{"playerId":675419,"score":1050,"energy":19,"posx":10,"posy":5,"lastAction":4,"status":0},{"playerId":2413234,"score":1375,"energy":22,"posx":11,"posy":5,"lastAction":5,"status":0},{"playerId":2365650,"score":1100,"energy":23,"posx":11,"posy":5,"lastAction":5,"status":0}],"golds":[{"posx":7,"posy":0,"amount":300},{"posx":11,"posy":1,"amount":400},{"posx":12,"posy":1,"amount":100},{"posx":17,"posy":1,"amount":700},{"posx":12,"posy":2,"amount":550},{"posx":16,"posy":3,"amount":450},{"posx":13,"posy":4,"amount":100},{"posx":19,"posy":4,"amount":700},{"posx":11,"posy":5,"amount":50},{"posx":17,"posy":7,"amount":150},{"posx":20,"posy":7,"amount":50}],"changedObstacles":[]},{"players":[{"playerId":2451397,"score":1392,"energy":3,"posx":11,"posy":5,"lastAction":5,"status":0},{"playerId":675419,"score":1050,"energy":9,"posx":10,"posy":4,"lastAction":2,"status":0},{"playerId":2413234,"score":1392,"energy":17,"posx":11,"posy":5,"lastAction":5,"status":0},{"playerId":2365650,"score":1117,"energy":18,"posx":11,"posy":5,"lastAction":5,"status":0}],"golds":[{"posx":7,"posy":0,"amount":300},{"posx":11,"posy":1,"amount":400},{"posx":12,"posy":1,"amount":100},{"posx":17,"posy":1,"amount":700},{"posx":12,"posy":2,"amount":550},{"posx":16,"posy":3,"amount":450},{"posx":13,"posy":4,"amount":100},{"posx":19,"posy":4,"amount":700},{"posx":17,"posy":7,"amount":150},{"posx":20,"posy":7,"amount":50}],"changedObstacles":[{"type":0,"posx":10,"posy":4,"value":-1},{"type":0,"posx":11,"posy":5,"value":-1}]},{"players":[{"playerId":2451397,"score":1392,"energy":2,"posx":11,"posy":4,"lastAction":2,"status":0},{"playerId":675419,"score":1050,"energy":21,"posx":10,"posy":4,"lastAction":4,"status":0},{"playerId":2413234,"score":1392,"energy":16,"posx":11,"posy":4,"lastAction":2,"status":0},{"playerId":2365650,"score":1117,"energy":17,"posx":11,"posy":4,"lastAction":2,"status":0}],"golds":[{"posx":7,"posy":0,"amount":300},{"posx":11,"posy":1,"amount":400},{"posx":12,"posy":1,"amount":100},{"posx":17,"posy":1,"amount":700},{"posx":12,"posy":2,"amount":550},{"posx":16,"posy":3,"amount":450},{"posx":13,"posy":4,"amount":100},{"posx":19,"posy":4,"amount":700},{"posx":17,"posy":7,"amount":150},{"posx":20,"posy":7,"amount":50}],"changedObstacles":[]},{"players":[{"playerId":2451397,"score":1392,"energy":14,"posx":11,"posy":4,"lastAction":4,"status":0},{"playerId":675419,"score":1050,"energy":15,"posx":10,"posy":3,"lastAction":2,"status":0},{"playerId":2413234,"score":1392,"energy":28,"posx":11,"posy":4,"lastAction":4,"status":0},{"playerId":2365650,"score":1117,"energy":29,"posx":11,"posy":4,"lastAction":4,"status":0}],"golds":[{"posx":7,"posy":0,"amount":300},{"posx":11,"posy":1,"amount":400},{"posx":12,"posy":1,"amount":100},{"posx":17,"posy":1,"amount":700},{"posx":12,"posy":2,"amount":550},{"posx":16,"posy":3,"amount":450},{"posx":13,"posy":4,"amount":100},{"posx":19,"posy":4,"amount":700},{"posx":17,"posy":7,"amount":150},{"posx":20,"posy":7,"amount":50}],"changedObstacles":[]},{"players":[{"playerId":2451397,"score":1392,"energy":30,"posx":11,"posy":4,"lastAction":4,"status":0},{"playerId":675419,"score":1050,"energy":14,"posx":10,"posy":2,"lastAction":2,"status":0},{"playerId":2413234,"score":1392,"energy":44,"posx":11,"posy":4,"lastAction":4,"status":0},{"playerId":2365650,"score":1117,"energy":23,"posx":11,"posy":3,"lastAction":2,"status":0}],"golds":[{"posx":7,"posy":0,"amount":300},{"posx":11,"posy":1,"amount":400},{"posx":12,"posy":1,"amount":100},{"posx":17,"posy":1,"amount":700},{"posx":12,"posy":2,"amount":550},{"posx":16,"posy":3,"amount":450},{"posx":13,"posy":4,"amount":100},{"posx":19,"posy":4,"amount":700},{"posx":17,"posy":7,"amount":150},{"posx":20,"posy":7,"amount":50}],"changedObstacles":[]},{"players":[{"playerId":2451397,"score":1392,"energy":22,"posx":12,"posy":4,"lastAction":1,"status":0},{"playerId":675419,"score":1050,"energy":4,"posx":11,"posy":2,"lastAction":1,"status":0},{"playerId":2413234,"score":1392,"energy":33,"posx":11,"posy":3,"lastAction":2,"status":0},{"playerId":2365650,"score":1117,"energy":13,"posx":11,"posy":2,"lastAction":2,"status":0}],"golds":[{"posx":7,"posy":0,"amount":300},{"posx":11,"posy":1,"amount":400},{"posx":12,"posy":1,"amount":100},{"posx":17,"posy":1,"amount":700},{"posx":12,"posy":2,"amount":550},{"posx":16,"posy":3,"amount":450},{"posx":13,"posy":4,"amount":100},{"posx":19,"posy":4,"amount":700},{"posx":17,"posy":7,"amount":150},{"posx":20,"posy":7,"amount":50}],"changedObstacles":[{"type":0,"posx":11,"posy":2,"value":-1}]},{"players":[{"playerId":2451397,"score":1392,"energy":18,"posx":13,"posy":4,"lastAction":1,"status":0},{"playerId":675419,"score":1050,"energy":16,"posx":11,"posy":2,"lastAction":4,"status":0},{"playerId":2413234,"score":1392,"energy":32,"posx":11,"posy":2,"lastAction":2,"status":0},{"playerId":2365650,"score":1117,"energy":9,"posx":12,"posy":2,"lastAction":1,"status":0}],"golds":[{"posx":7,"posy":0,"amount":300},{"posx":11,"posy":1,"amount":400},{"posx":12,"posy":1,"amount":100},{"posx":17,"posy":1,"amount":700},{"posx":12,"posy":2,"amount":550},{"posx":16,"posy":3,"amount":450},{"posx":13,"posy":4,"amount":100},{"posx":19,"posy":4,"amount":700},{"posx":17,"posy":7,"amount":150},{"posx":20,"posy":7,"amount":50}],"changedObstacles":[]},{"players":[{"playerId":2451397,"score":1442,"energy":13,"posx":13,"posy":4,"lastAction":5,"status":0},{"playerId":675419,"score":1050,"energy":12,"posx":12,"posy":2,"lastAction":1,"status":0},{"playerId":2413234,"score":1392,"energy":28,"posx":12,"posy":2,"lastAction":1,"status":0},{"playerId":2365650,"score":1167,"energy":4,"posx":12,"posy":2,"lastAction":5,"status":0}],"golds":[{"posx":7,"posy":0,"amount":300},{"posx":11,"posy":1,"amount":400},{"posx":12,"posy":1,"amount":100},{"posx":17,"posy":1,"amount":700},{"posx":12,"posy":2,"amount":500},{"posx":16,"posy":3,"amount":450},{"posx":13,"posy":4,"amount":50},{"posx":19,"posy":4,"amount":700},{"posx":17,"posy":7,"amount":150},{"posx":20,"posy":7,"amount":50}],"changedObstacles":[]},{"players":[{"playerId":2451397,"score":1492,"energy":8,"posx":13,"posy":4,"lastAction":5,"status":0},{"playerId":675419,"score":1100,"energy":7,"posx":12,"posy":2,"lastAction":5,"status":0},{"playerId":2413234,"score":1442,"energy":23,"posx":12,"posy":2,"lastAction":5,"status":0},{"playerId":2365650,"score":1167,"energy":16,"posx":12,"posy":2,"lastAction":4,"status":0}],"golds":[{"posx":7,"posy":0,"amount":300},{"posx":11,"posy":1,"amount":400},{"posx":12,"posy":1,"amount":100},{"posx":17,"posy":1,"amount":700},{"posx":12,"posy":2,"amount":400},{"posx":16,"posy":3,"amount":450},{"posx":19,"posy":4,"amount":700},{"posx":17,"posy":7,"amount":150},{"posx":20,"posy":7,"amount":50}],"changedObstacles":[{"type":0,"posx":13,"posy":4,"value":-1}]},{"players":[{"playerId":2451397,"score":1492,"energy":20,"posx":13,"posy":4,"lastAction":4,"status":0},{"playerId":675419,"score":1150,"energy":2,"posx":12,"posy":2,"lastAction":5,"status":0},{"playerId":2413234,"score":1492,"energy":18,"posx":12,"posy":2,"lastAction":5,"status":0},{"playerId":2365650,"score":1167,"energy":32,"posx":12,"posy":2,"lastAction":4,"status":0}],"golds":[{"posx":7,"posy":0,"amount":300},{"posx":11,"posy":1,"amount":400},{"posx":12,"posy":1,"amount":100},{"posx":17,"posy":1,"amount":700},{"posx":12,"posy":2,"amount":300},{"posx":16,"posy":3,"amount":450},{"posx":19,"posy":4,"amount":700},{"posx":17,"posy":7,"amount":150},{"posx":20,"posy":7,"amount":50}],"changedObstacles":[]},{"players":[{"playerId":2451397,"score":1492,"energy":10,"posx":14,"posy":4,"lastAction":1,"status":0},{"playerId":675419,"score":1150,"energy":14,"posx":12,"posy":2,"lastAction":4,"status":0},{"playerId":2413234,"score":1542,"energy":13,"posx":12,"posy":2,"lastAction":5,"status":0},{"playerId":2365650,"score":1217,"energy":27,"posx":12,"posy":2,"lastAction":5,"status":0}],"golds":[{"posx":7,"posy":0,"amount":300},{"posx":11,"posy":1,"amount":400},{"posx":12,"posy":1,"amount":100},{"posx":17,"posy":1,"amount":700},{"posx":12,"posy":2,"amount":200},{"posx":16,"posy":3,"amount":450},{"posx":19,"posy":4,"amount":700},{"posx":17,"posy":7,"amount":150},{"posx":20,"posy":7,"amount":50}],"changedObstacles":[{"type":0,"posx":14,"posy":4,"value":-1}]},{"players":[{"playerId":2451397,"score":1492,"energy":5,"posx":15,"posy":4,"lastAction":1,"status":0},{"playerId":675419,"score":1150,"energy":30,"posx":12,"posy":2,"lastAction":4,"status":0},{"playerId":2413234,"score":1592,"energy":8,"posx":12,"posy":2,"lastAction":5,"status":0},{"playerId":2365650,"score":1267,"energy":22,"posx":12,"posy":2,"lastAction":5,"status":0}],"golds":[{"posx":7,"posy":0,"amount":300},{"posx":11,"posy":1,"amount":400},{"posx":12,"posy":1,"amount":100},{"posx":17,"posy":1,"amount":700},{"posx":12,"posy":2,"amount":100},{"posx":16,"posy":3,"amount":450},{"posx":19,"posy":4,"amount":700},{"posx":17,"posy":7,"amount":150},{"posx":20,"posy":7,"amount":50}],"changedObstacles":[{"type":3,"posx":15,"posy":4,"value":-20}]},{"players":[{"playerId":2451397,"score":1492,"energy":17,"posx":15,"posy":4,"lastAction":4,"status":0},{"playerId":675419,"score":1184,"energy":25,"posx":12,"posy":2,"lastAction":5,"status":0},{"playerId":2413234,"score":1626,"energy":3,"posx":12,"posy":2,"lastAction":5,"status":0},{"playerId":2365650,"score":1301,"energy":17,"posx":12,"posy":2,"lastAction":5,"status":0}],"golds":[{"posx":7,"posy":0,"amount":300},{"posx":11,"posy":1,"amount":400},{"posx":12,"posy":1,"amount":100},{"posx":17,"posy":1,"amount":700},{"posx":16,"posy":3,"amount":450},{"posx":19,"posy":4,"amount":700},{"posx":17,"posy":7,"amount":150},{"posx":20,"posy":7,"amount":50}],"changedObstacles":[{"type":0,"posx":12,"posy":2,"value":-1}]},{"players":[{"playerId":2451397,"score":1492,"energy":33,"posx":15,"posy":4,"lastAction":4,"status":0},{"playerId":675419,"score":1184,"energy":15,"posx":13,"posy":2,"lastAction":1,"status":0},{"playerId":2413234,"score":1626,"energy":15,"posx":12,"posy":2,"lastAction":4,"status":0},{"playerId":2365650,"score":1301,"energy":13,"posx":12,"posy":1,"lastAction":2,"status":0}],"golds":[{"posx":7,"posy":0,"amount":300},{"posx":11,"posy":1,"amount":400},{"posx":12,"posy":1,"amount":100},{"posx":17,"posy":1,"amount":700},{"posx":16,"posy":3,"amount":450},{"posx":19,"posy":4,"amount":700},{"posx":17,"posy":7,"amount":150},{"posx":20,"posy":7,"amount":50}],"changedObstacles":[{"type":0,"posx":13,"posy":2,"value":-1}]},{"players":[{"playerId":2451397,"score":1492,"energy":18,"posx":16,"posy":4,"lastAction":1,"status":0},{"playerId":675419,"score":1184,"energy":14,"posx":14,"posy":2,"lastAction":1,"status":0},{"playerId":2413234,"score":1626,"energy":31,"posx":12,"posy":2,"lastAction":4,"status":0},{"playerId":2365650,"score":1351,"energy":8,"posx":12,"posy":1,"lastAction":5,"status":0}],"golds":[{"posx":7,"posy":0,"amount":300},{"posx":11,"posy":1,"amount":400},{"posx":12,"posy":1,"amount":50},{"posx":17,"posy":1,"amount":700},{"posx":16,"posy":3,"amount":450},{"posx":19,"posy":4,"amount":700},{"posx":17,"posy":7,"amount":150},{"posx":20,"posy":7,"amount":50}],"changedObstacles":[]},{"players":[{"playerId":2451397,"score":1492,"energy":14,"posx":16,"posy":3,"lastAction":2,"status":0},{"playerId":675419,"score":1184,"energy":13,"posx":15,"posy":2,"lastAction":1,"status":0},{"playerId":2413234,"score":1626,"energy":30,"posx":13,"posy":2,"lastAction":1,"status":0},{"playerId":2365650,"score":1401,"energy":3,"posx":12,"posy":1,"lastAction":5,"status":0}],"golds":[{"posx":7,"posy":0,"amount":300},{"posx":11,"posy":1,"amount":400},{"posx":17,"posy":1,"amount":700},{"posx":16,"posy":3,"amount":450},{"posx":19,"posy":4,"amount":700},{"posx":17,"posy":7,"amount":150},{"posx":20,"posy":7,"amount":50}],"changedObstacles":[{"type":0,"posx":12,"posy":1,"value":-1}]},{"players":[{"playerId":2451397,"score":1542,"energy":9,"posx":16,"posy":3,"lastAction":5,"status":0},{"playerId":675419,"score":1184,"energy":12,"posx":16,"posy":2,"lastAction":1,"status":0},{"playerId":2413234,"score":1626,"energy":29,"posx":14,"posy":2,"lastAction":1,"status":0},{"playerId":2365650,"score":1401,"energy":15,"posx":12,"posy":1,"lastAction":4,"status":0}],"golds":[{"posx":7,"posy":0,"amount":300},{"posx":11,"posy":1,"amount":400},{"posx":17,"posy":1,"amount":700},{"posx":16,"posy":3,"amount":400},{"posx":19,"posy":4,"amount":700},{"posx":17,"posy":7,"amount":150},{"posx":20,"posy":7,"amount":50}],"changedObstacles":[]},{"players":[{"playerId":2451397,"score":1592,"energy":4,"posx":16,"posy":3,"lastAction":5,"status":0},{"playerId":675419,"score":1184,"energy":8,"posx":16,"posy":3,"lastAction":3,"status":0},{"playerId":2413234,"score":1626,"energy":28,"posx":15,"posy":2,"lastAction":1,"status":0},{"playerId":2365650,"score":1401,"energy":31,"posx":12,"posy":1,"lastAction":4,"status":0}],"golds":[{"posx":7,"posy":0,"amount":300},{"posx":11,"posy":1,"amount":400},{"posx":17,"posy":1,"amount":700},{"posx":16,"posy":3,"amount":350},{"posx":19,"posy":4,"amount":700},{"posx":17,"posy":7,"amount":150},{"posx":20,"posy":7,"amount":50}],"changedObstacles":[]},{"players":[{"playerId":2451397,"score":1592,"energy":16,"posx":16,"posy":3,"lastAction":4,"status":0},{"playerId":675419,"score":1234,"energy":3,"posx":16,"posy":3,"lastAction":5,"status":0},{"playerId":2413234,"score":1626,"energy":27,"posx":16,"posy":2,"lastAction":1,"status":0},{"playerId":2365650,"score":1401,"energy":27,"posx":11,"posy":1,"lastAction":0,"status":0}],"golds":[{"posx":7,"posy":0,"amount":300},{"posx":11,"posy":1,"amount":400},{"posx":17,"posy":1,"amount":700},{"posx":16,"posy":3,"amount":300},{"posx":19,"posy":4,"amount":700},{"posx":17,"posy":7,"amount":150},{"posx":20,"posy":7,"amount":50}],"changedObstacles":[]},{"players":[{"playerId":2451397,"score":1592,"energy":32,"posx":16,"posy":3,"lastAction":4,"status":0},{"playerId":675419,"score":1234,"energy":15,"posx":16,"posy":3,"lastAction":4,"status":0},{"playerId":2413234,"score":1626,"energy":26,"posx":17,"posy":2,"lastAction":1,"status":0},{"playerId":2365650,"score":1451,"energy":22,"posx":11,"posy":1,"lastAction":5,"status":0}],"golds":[{"posx":7,"posy":0,"amount":300},{"posx":11,"posy":1,"amount":350},{"posx":17,"posy":1,"amount":700},{"posx":16,"posy":3,"amount":300},{"posx":19,"posy":4,"amount":700},{"posx":17,"posy":7,"amount":150},{"posx":20,"posy":7,"amount":50}],"changedObstacles":[]},{"players":[{"playerId":2451397,"score":1592,"energy":50,"posx":16,"posy":3,"lastAction":4,"status":0},{"playerId":675419,"score":1234,"energy":31,"posx":16,"posy":3,"lastAction":4,"status":0},{"playerId":2413234,"score":1626,"energy":22,"posx":17,"posy":1,"lastAction":2,"status":0},{"playerId":2365650,"score":1501,"energy":17,"posx":11,"posy":1,"lastAction":5,"status":0}],"golds":[{"posx":7,"posy":0,"amount":300},{"posx":11,"posy":1,"amount":300},{"posx":17,"posy":1,"amount":700},{"posx":16,"posy":3,"amount":300},{"posx":19,"posy":4,"amount":700},{"posx":17,"posy":7,"amount":150},{"posx":20,"posy":7,"amount":50}],"changedObstacles":[]},{"players":[{"playerId":2451397,"score":1642,"energy":45,"posx":16,"posy":3,"lastAction":5,"status":0},{"playerId":675419,"score":1284,"energy":26,"posx":16,"posy":3,"lastAction":5,"status":0},{"playerId":2413234,"score":1676,"energy":17,"posx":17,"posy":1,"lastAction":5,"status":0},{"playerId":2365650,"score":1551,"energy":12,"posx":11,"posy":1,"lastAction":5,"status":0}],"golds":[{"posx":7,"posy":0,"amount":300},{"posx":11,"posy":1,"amount":250},{"posx":17,"posy":1,"amount":650},{"posx":16,"posy":3,"amount":200},{"posx":19,"posy":4,"amount":700},{"posx":17,"posy":7,"amount":150},{"posx":20,"posy":7,"amount":50}],"changedObstacles":[]},{"players":[{"playerId":2451397,"score":1692,"energy":40,"posx":16,"posy":3,"lastAction":5,"status":0},{"playerId":675419,"score":1334,"energy":21,"posx":16,"posy":3,"lastAction":5,"status":0},{"playerId":2413234,"score":1726,"energy":12,"posx":17,"posy":1,"lastAction":5,"status":0},{"playerId":2365650,"score":1601,"energy":7,"posx":11,"posy":1,"lastAction":5,"status":0}],"golds":[{"posx":7,"posy":0,"amount":300},{"posx":11,"posy":1,"amount":200},{"posx":17,"posy":1,"amount":600},{"posx":16,"posy":3,"amount":100},{"posx":19,"posy":4,"amount":700},{"posx":17,"posy":7,"amount":150},{"posx":20,"posy":7,"amount":50}],"changedObstacles":[]},{"players":[{"playerId":2451397,"score":1742,"energy":35,"posx":16,"posy":3,"lastAction":5,"status":0},{"playerId":675419,"score":1384,"energy":16,"posx":16,"posy":3,"lastAction":5,"status":0},{"playerId":2413234,"score":1776,"energy":7,"posx":17,"posy":1,"lastAction":5,"status":0},{"playerId":2365650,"score":1651,"energy":2,"posx":11,"posy":1,"lastAction":5,"status":0}],"golds":[{"posx":7,"posy":0,"amount":300},{"posx":11,"posy":1,"amount":150},{"posx":17,"posy":1,"amount":550},{"posx":19,"posy":4,"amount":700},{"posx":17,"posy":7,"amount":150},{"posx":20,"posy":7,"amount":50}],"changedObstacles":[{"type":0,"posx":16,"posy":3,"value":-1}]},{"players":[{"playerId":2451397,"score":1742,"energy":34,"posx":17,"posy":3,"lastAction":1,"status":0},{"playerId":675419,"score":1384,"energy":28,"posx":16,"posy":3,"lastAction":4,"status":0},{"playerId":2413234,"score":1826,"energy":2,"posx":17,"posy":1,"lastAction":5,"status":0},{"playerId":2365650,"score":1651,"energy":14,"posx":11,"posy":1,"lastAction":4,"status":0}],"golds":[{"posx":7,"posy":0,"amount":300},{"posx":11,"posy":1,"amount":150},{"posx":17,"posy":1,"amount":500},{"posx":19,"posy":4,"amount":700},{"posx":17,"posy":7,"amount":150},{"posx":20,"posy":7,"amount":50}],"changedObstacles":[]},{"players":[{"playerId":2451397,"score":1742,"energy":33,"posx":17,"posy":4,"lastAction":3,"status":0},{"playerId":675419,"score":1384,"energy":27,"posx":17,"posy":3,"lastAction":1,"status":0},{"playerId":2413234,"score":1826,"energy":14,"posx":17,"posy":1,"lastAction":4,"status":0},{"playerId":2365650,"score":1651,"energy":30,"posx":11,"posy":1,"lastAction":4,"status":0}],"golds":[{"posx":7,"posy":0,"amount":300},{"posx":11,"posy":1,"amount":150},{"posx":17,"posy":1,"amount":500},{"posx":19,"posy":4,"amount":700},{"posx":17,"posy":7,"amount":150},{"posx":20,"posy":7,"amount":50}],"changedObstacles":[]},{"players":[{"playerId":2451397,"score":1742,"energy":32,"posx":18,"posy":4,"lastAction":1,"status":0},{"playerId":675419,"score":1384,"energy":17,"posx":18,"posy":3,"lastAction":1,"status":0},{"playerId":2413234,"score":1826,"energy":30,"posx":17,"posy":1,"lastAction":4,"status":0},{"playerId":2365650,"score":1701,"energy":25,"posx":11,"posy":1,"lastAction":5,"status":0}],"golds":[{"posx":7,"posy":0,"amount":300},{"posx":11,"posy":1,"amount":100},{"posx":17,"posy":1,"amount":500},{"posx":19,"posy":4,"amount":700},{"posx":17,"posy":7,"amount":150},{"posx":20,"posy":7,"amount":50}],"changedObstacles":[{"type":0,"posx":18,"posy":3,"value":-1}]},{"players":[{"playerId":2451397,"score":1742,"energy":28,"posx":19,"posy":4,"lastAction":1,"status":0},{"playerId":675419,"score":1384,"energy":16,"posx":18,"posy":4,"lastAction":3,"status":0},{"playerId":2413234,"score":1876,"energy":25,"posx":17,"posy":1,"lastAction":5,"status":0},{"playerId":2365650,"score":1751,"energy":20,"posx":11,"posy":1,"lastAction":5,"status":0}],"golds":[{"posx":7,"posy":0,"amount":300},{"posx":11,"posy":1,"amount":50},{"posx":17,"posy":1,"amount":450},{"posx":19,"posy":4,"amount":700},{"posx":17,"posy":7,"amount":150},{"posx":20,"posy":7,"amount":50}],"changedObstacles":[]},{"players":[{"playerId":2451397,"score":1792,"energy":23,"posx":19,"posy":4,"lastAction":5,"status":0},{"playerId":675419,"score":1384,"energy":12,"posx":19,"posy":4,"lastAction":1,"status":0},{"playerId":2413234,"score":1926,"energy":20,"posx":17,"posy":1,"lastAction":5,"status":0},{"playerId":2365650,"score":1801,"energy":15,"posx":11,"posy":1,"lastAction":5,"status":0}],"golds":[{"posx":7,"posy":0,"amount":300},{"posx":17,"posy":1,"amount":400},{"posx":19,"posy":4,"amount":650},{"posx":17,"posy":7,"amount":150},{"posx":20,"posy":7,"amount":50}],"changedObstacles":[{"type":0,"posx":11,"posy":1,"value":-1}]},{"players":[{"playerId":2451397,"score":1842,"energy":18,"posx":19,"posy":4,"lastAction":5,"status":0},{"playerId":675419,"score":1434,"energy":7,"posx":19,"posy":4,"lastAction":5,"status":0},{"playerId":2413234,"score":1976,"energy":15,"posx":17,"posy":1,"lastAction":5,"status":0},{"playerId":2365650,"score":1801,"energy":14,"posx":11,"posy":0,"lastAction":2,"status":0}],"golds":[{"posx":7,"posy":0,"amount":300},{"posx":17,"posy":1,"amount":350},{"posx":19,"posy":4,"amount":550},{"posx":17,"posy":7,"amount":150},{"posx":20,"posy":7,"amount":50}],"changedObstacles":[]},{"players":[{"playerId":2451397,"score":1892,"energy":13,"posx":19,"posy":4,"lastAction":5,"status":0},{"playerId":675419,"score":1484,"energy":2,"posx":19,"posy":4,"lastAction":5,"status":0},{"playerId":2413234,"score":2026,"energy":10,"posx":17,"posy":1,"lastAction":5,"status":0},{"playerId":2365650,"score":1801,"energy":4,"posx":10,"posy":0,"lastAction":0,"status":0}],"golds":[{"posx":7,"posy":0,"amount":300},{"posx":17,"posy":1,"amount":300},{"posx":19,"posy":4,"amount":450},{"posx":17,"posy":7,"amount":150},{"posx":20,"posy":7,"amount":50}],"changedObstacles":[{"type":0,"posx":10,"posy":0,"value":-1}]},{"players":[{"playerId":2451397,"score":1942,"energy":8,"posx":19,"posy":4,"lastAction":5,"status":0},{"playerId":675419,"score":1484,"energy":14,"posx":19,"posy":4,"lastAction":4,"status":0},{"playerId":2413234,"score":2076,"energy":5,"posx":17,"posy":1,"lastAction":5,"status":0},{"playerId":2365650,"score":1801,"energy":16,"posx":10,"posy":0,"lastAction":4,"status":0}],"golds":[{"posx":7,"posy":0,"amount":300},{"posx":17,"posy":1,"amount":250},{"posx":19,"posy":4,"amount":400},{"posx":17,"posy":7,"amount":150},{"posx":20,"posy":7,"amount":50}],"changedObstacles":[]},{"players":[{"playerId":2451397,"score":1992,"energy":3,"posx":19,"posy":4,"lastAction":5,"status":0},{"playerId":675419,"score":1484,"energy":30,"posx":19,"posy":4,"lastAction":4,"status":0},{"playerId":2413234,"score":2076,"energy":17,"posx":17,"posy":1,"lastAction":4,"status":0},{"playerId":2365650,"score":1801,"energy":32,"posx":10,"posy":0,"lastAction":4,"status":0}],"golds":[{"posx":7,"posy":0,"amount":300},{"posx":17,"posy":1,"amount":250},{"posx":19,"posy":4,"amount":350},{"posx":17,"posy":7,"amount":150},{"posx":20,"posy":7,"amount":50}],"changedObstacles":[]},{"players":[{"playerId":2451397,"score":1992,"energy":15,"posx":19,"posy":4,"lastAction":4,"status":0},{"playerId":675419,"score":1534,"energy":25,"posx":19,"posy":4,"lastAction":5,"status":0},{"playerId":2413234,"score":2076,"energy":33,"posx":17,"posy":1,"lastAction":4,"status":0},{"playerId":2365650,"score":1801,"energy":31,"posx":9,"posy":0,"lastAction":0,"status":0}],"golds":[{"posx":7,"posy":0,"amount":300},{"posx":17,"posy":1,"amount":250},{"posx":19,"posy":4,"amount":300},{"posx":17,"posy":7,"amount":150},{"posx":20,"posy":7,"amount":50}],"changedObstacles":[]},{"players":[{"playerId":2451397,"score":1992,"energy":31,"posx":19,"posy":4,"lastAction":4,"status":0},{"playerId":675419,"score":1584,"energy":20,"posx":19,"posy":4,"lastAction":5,"status":0},{"playerId":2413234,"score":2126,"energy":28,"posx":17,"posy":1,"lastAction":5,"status":0},{"playerId":2365650,"score":1801,"energy":30,"posx":8,"posy":0,"lastAction":0,"status":0}],"golds":[{"posx":7,"posy":0,"amount":300},{"posx":17,"posy":1,"amount":200},{"posx":19,"posy":4,"amount":250},{"posx":17,"posy":7,"amount":150},{"posx":20,"posy":7,"amount":50}],"changedObstacles":[]},{"players":[{"playerId":2451397,"score":1992,"energy":50,"posx":19,"posy":4,"lastAction":4,"status":0},{"playerId":675419,"score":1634,"energy":15,"posx":19,"posy":4,"lastAction":5,"status":0},{"playerId":2413234,"score":2176,"energy":23,"posx":17,"posy":1,"lastAction":5,"status":0},{"playerId":2365650,"score":1801,"energy":26,"posx":7,"posy":0,"lastAction":0,"status":0}],"golds":[{"posx":7,"posy":0,"amount":300},{"posx":17,"posy":1,"amount":150},{"posx":19,"posy":4,"amount":200},{"posx":17,"posy":7,"amount":150},{"posx":20,"posy":7,"amount":50}],"changedObstacles":[]},{"players":[{"playerId":2451397,"score":2042,"energy":45,"posx":19,"posy":4,"lastAction":5,"status":0},{"playerId":675419,"score":1684,"energy":10,"posx":19,"posy":4,"lastAction":5,"status":0},{"playerId":2413234,"score":2226,"energy":18,"posx":17,"posy":1,"lastAction":5,"status":0},{"playerId":2365650,"score":1851,"energy":21,"posx":7,"posy":0,"lastAction":5,"status":0}],"golds":[{"posx":7,"posy":0,"amount":250},{"posx":17,"posy":1,"amount":100},{"posx":19,"posy":4,"amount":100},{"posx":17,"posy":7,"amount":150},{"posx":20,"posy":7,"amount":50}],"changedObstacles":[]},{"players":[{"playerId":2451397,"score":2092,"energy":40,"posx":19,"posy":4,"lastAction":5,"status":0},{"playerId":675419,"score":1734,"energy":5,"posx":19,"posy":4,"lastAction":5,"status":0},{"playerId":2413234,"score":2276,"energy":13,"posx":17,"posy":1,"lastAction":5,"status":0},{"playerId":2365650,"score":1901,"energy":16,"posx":7,"posy":0,"lastAction":5,"status":0}],"golds":[{"posx":7,"posy":0,"amount":200},{"posx":17,"posy":1,"amount":50},{"posx":17,"posy":7,"amount":150},{"posx":20,"posy":7,"amount":50}],"changedObstacles":[{"type":0,"posx":19,"posy":4,"value":-1}]},{"players":[{"playerId":2451397,"score":2092,"energy":39,"posx":18,"posy":4,"lastAction":0,"status":0},{"playerId":675419,"score":1734,"energy":4,"posx":18,"posy":4,"lastAction":0,"status":0},{"playerId":2413234,"score":2326,"energy":8,"posx":17,"posy":1,"lastAction":5,"status":0},{"playerId":2365650,"score":1951,"energy":11,"posx":7,"posy":0,"lastAction":5,"status":0}],"golds":[{"posx":7,"posy":0,"amount":150},{"posx":17,"posy":7,"amount":150},{"posx":20,"posy":7,"amount":50}],"changedObstacles":[{"type":0,"posx":17,"posy":1,"value":-1}]},{"players":[{"playerId":2451397,"score":2092,"energy":38,"posx":17,"posy":4,"lastAction":0,"status":0},{"playerId":675419,"score":1734,"energy":3,"posx":18,"posy":3,"lastAction":2,"status":0},{"playerId":2413234,"score":2326,"energy":7,"posx":17,"posy":2,"lastAction":3,"status":0},{"playerId":2365650,"score":2001,"energy":6,"posx":7,"posy":0,"lastAction":5,"status":0}],"golds":[{"posx":7,"posy":0,"amount":100},{"posx":17,"posy":7,"amount":150},{"posx":20,"posy":7,"amount":50}],"changedObstacles":[]},{"players":[{"playerId":2451397,"score":2092,"energy":37,"posx":17,"posy":5,"lastAction":3,"status":0},{"playerId":675419,"score":1734,"energy":15,"posx":18,"posy":3,"lastAction":4,"status":0},{"playerId":2413234,"score":2326,"energy":6,"posx":17,"posy":3,"lastAction":3,"status":0},{"playerId":2365650,"score":2051,"energy":1,"posx":7,"posy":0,"lastAction":5,"status":0}],"golds":[{"posx":7,"posy":0,"amount":50},{"posx":17,"posy":7,"amount":150},{"posx":20,"posy":7,"amount":50}],"changedObstacles":[]},{"players":[{"playerId":2451397,"score":2092,"energy":27,"posx":17,"posy":6,"lastAction":3,"status":0},{"playerId":675419,"score":1734,"energy":31,"posx":18,"posy":3,"lastAction":4,"status":0},{"playerId":2413234,"score":2326,"energy":5,"posx":17,"posy":4,"lastAction":3,"status":0},{"playerId":2365650,"score":2051,"energy":13,"posx":7,"posy":0,"lastAction":4,"status":0}],"golds":[{"posx":7,"posy":0,"amount":50},{"posx":17,"posy":7,"amount":150},{"posx":20,"posy":7,"amount":50}],"changedObstacles":[{"type":0,"posx":17,"posy":6,"value":-1}]},{"players":[{"playerId":2451397,"score":2092,"energy":23,"posx":17,"posy":7,"lastAction":3,"status":0},{"playerId":675419,"score":1734,"energy":30,"posx":17,"posy":3,"lastAction":0,"status":0},{"playerId":2413234,"score":2326,"energy":4,"posx":17,"posy":5,"lastAction":3,"status":0},{"playerId":2365650,"score":2051,"energy":29,"posx":7,"posy":0,"lastAction":4,"status":0}],"golds":[{"posx":7,"posy":0,"amount":50},{"posx":17,"posy":7,"amount":150},{"posx":20,"posy":7,"amount":50}],"changedObstacles":[]},{"players":[{"playerId":2451397,"score":2142,"energy":18,"posx":17,"posy":7,"lastAction":5,"status":0},{"playerId":675419,"score":1734,"energy":29,"posx":17,"posy":2,"lastAction":2,"status":0},{"playerId":2413234,"score":2326,"energy":3,"posx":17,"posy":6,"lastAction":3,"status":0},{"playerId":2365650,"score":2101,"energy":24,"posx":7,"posy":0,"lastAction":5,"status":0}],"golds":[{"posx":17,"posy":7,"amount":100},{"posx":20,"posy":7,"amount":50}],"changedObstacles":[{"type":0,"posx":7,"posy":0,"value":-1}]},{"players":[{"playerId":2451397,"score":2192,"energy":13,"posx":17,"posy":7,"lastAction":5,"status":0},{"playerId":675419,"score":1734,"energy":28,"posx":17,"posy":1,"lastAction":2,"status":0},{"playerId":2413234,"score":2326,"energy":15,"posx":17,"posy":6,"lastAction":4,"status":0},{"playerId":2365650,"score":2101,"energy":23,"posx":8,"posy":0,"lastAction":1,"status":0}],"golds":[{"posx":17,"posy":7,"amount":50},{"posx":20,"posy":7,"amount":50}],"changedObstacles":[]},{"players":[{"playerId":2451397,"score":2242,"energy":8,"posx":17,"posy":7,"lastAction":5,"status":0},{"playerId":675419,"score":1734,"energy":27,"posx":17,"posy":2,"lastAction":3,"status":0},{"playerId":2413234,"score":2326,"energy":31,"posx":17,"posy":6,"lastAction":4,"status":0},{"playerId":2365650,"score":2101,"energy":22,"posx":9,"posy":0,"lastAction":1,"status":0}],"golds":[{"posx":20,"posy":7,"amount":50}],"changedObstacles":[{"type":0,"posx":17,"posy":7,"value":-1}]},{"players":[{"playerId":2451397,"score":2242,"energy":7,"posx":17,"posy":6,"lastAction":2,"status":0},{"playerId":675419,"score":1734,"energy":9,"posx":18,"posy":2,"lastAction":1,"status":0},{"playerId":2413234,"score":2326,"energy":50,"posx":17,"posy":6,"lastAction":4,"status":0},{"playerId":2365650,"score":2101,"energy":21,"posx":10,"posy":0,"lastAction":1,"status":0}],"golds":[{"posx":20,"posy":7,"amount":50}],"changedObstacles":[]},{"players":[{"playerId":2451397,"score":2242,"energy":2,"posx":16,"posy":6,"lastAction":0,"status":0},{"playerId":675419,"score":1734,"energy":8,"posx":18,"posy":3,"lastAction":3,"status":0},{"playerId":2413234,"score":2326,"energy":50,"posx":17,"posy":6,"lastAction":4,"status":0},{"playerId":2365650,"score":2101,"energy":20,"posx":11,"posy":0,"lastAction":1,"status":0}],"golds":[{"posx":20,"posy":7,"amount":50}],"changedObstacles":[{"type":3,"posx":16,"posy":6,"value":-20}]},{"players":[{"playerId":2451397,"score":2242,"energy":1,"posx":15,"posy":6,"lastAction":0,"status":0},{"playerId":675419,"score":1734,"energy":7,"posx":18,"posy":4,"lastAction":3,"status":0},{"playerId":2413234,"score":2326,"energy":50,"posx":17,"posy":6,"lastAction":4,"status":0},{"playerId":2365650,"score":2101,"energy":19,"posx":11,"posy":1,"lastAction":3,"status":0}],"golds":[{"posx":20,"posy":7,"amount":50}],"changedObstacles":[]}]