[{"players":[{"playerId":2374229,"score":0,"energy":37,"posx":2,"posy":7,"lastAction":3,"status":0},{"playerId":3573,"score":0,"energy":31,"posx":2,"posy":7,"lastAction":3,"status":0},{"playerId":3944,"score":0,"energy":49,"posx":3,"posy":6,"lastAction":1,"status":0},{"playerId":69695,"score":0,"energy":31,"posx":2,"posy":5,"lastAction":2,"status":0}],"golds":[{"posx":10,"posy":5,"amount":300},{"posx":13,"posy":4,"amount":100},{"posx":7,"posy":0,"amount":300},{"posx":1,"posy":3,"amount":350},{"posx":10,"posy":8,"amount":700},{"posx":17,"posy":7,"amount":150},{"posx":8,"posy":5,"amount":600},{"posx":19,"posy":4,"amount":700},{"posx":4,"posy":8,"amount":750},{"posx":17,"posy":1,"amount":700},{"posx":10,"posy":6,"amount":750},{"posx":1,"posy":4,"amount":200},{"posx":12,"posy":2,"amount":550},{"posx":16,"posy":3,"amount":450},{"posx":2,"posy":4,"amount":250},{"posx":11,"posy":5,"amount":700},{"posx":12,"posy":1,"amount":100},{"posx":20,"posy":7,"amount":50},{"posx":3,"posy":4,"amount":350},{"posx":11,"posy":1,"amount":400}],"changedObstacles":[]},{"players":[{"playerId":2374229,"score":0,"energy":20,"posx":2,"posy":8,"lastAction":3,"status":0},{"playerId":3573,"score":0,"energy":43,"posx":2,"posy":7,"lastAction":4,"status":0},{"playerId":3944,"score":0,"energy":39,"posx":4,"posy":6,"lastAction":1,"status":0},{"playerId":69695,"score":0,"energy":27,"posx":2,"posy":4,"lastAction":2,"status":0}],"golds":[{"posx":10,"posy":5,"amount":300},{"posx":13,"posy":4,"amount":100},{"posx":7,"posy":0,"amount":300},{"posx":1,"posy":3,"amount":350},{"posx":10,"posy":8,"amount":700},{"posx":17,"posy":7,"amount":150},{"posx":8,"posy":5,"amount":600},{"posx":19,"posy":4,"amount":700},{"posx":4,"posy":8,"amount":750},{"posx":17,"posy":1,"amount":700},{"posx":10,"posy":6,"amount":750},{"posx":1,"posy":4,"amount":200},{"posx":12,"posy":2,"amount":550},{"posx":16,"posy":3,"amount":450},{"posx":2,"posy":4,"amount":250},{"posx":11,"posy":5,"amount":700},{"posx":12,"posy":1,"amount":100},{"posx":20,"posy":7,"amount":50},{"posx":3,"posy":4,"amount":350},{"posx":11,"posy":1,"amount":400}],"changedObstacles":[{"type":0,"posx":4,"posy":6,"value":-1}]},{"players":[{"playerId":2374229,"score":0,"energy":32,"posx":2,"posy":8,"lastAction":4,"status":0},{"playerId":3573,"score":0,"energy":27,"posx":2,"posy":8,"lastAction":3,"status":0},{"playerId":3944,"score":0,"energy":21,"posx":5,"posy":6,"lastAction":1,"status":0},{"playerId":69695,"score":50,"energy":22,"posx":2,"posy":4,"lastAction":5,"status":0}],"golds":[{"posx":7,"posy":0,"amount":300},{"posx":11,"posy":1,"amount":400},{"posx":12,"posy":1,"amount":100},{"posx":17,"posy":1,"amount":700},{"posx":12,"posy":2,"amount":550},{"posx":1,"posy":3,"amount":350},{"posx":16,"posy":3,"amount":450},{"posx":1,"posy":4,"amount":200},{"posx":2,"posy":4,"amount":200},{"posx":3,"posy":4,"amount":350},{"posx":13,"posy":4,"amount":100},{"posx":19,"posy":4,"amount":700},{"posx":8,"posy":5,"amount":600},{"posx":10,"posy":5,"amount":300},{"posx":11,"posy":5,"amount":700},{"posx":10,"posy":6,"amount":750},{"posx":17,"posy":7,"amount":150},{"posx":20,"posy":7,"amount":50},{"posx":4,"posy":8,"amount":750},{"posx":10,"posy":8,"amount":700}],"changedObstacles":[]},{"players":[{"playerId":2374229,"score":0,"energy":31,"posx":3,"posy":8,"lastAction":1,"status":0},{"playerId":3573,"score":0,"energy":39,"posx":2,"posy":8,"lastAction":4,"status":0},{"playerId":3944,"score":0,"energy":16,"posx":6,"posy":6,"lastAction":1,"status":0},{"playerId":69695,"score":100,"energy":17,"posx":2,"posy":4,"lastAction":5,"status":0}],"golds":[{"posx":7,"posy":0,"amount":300},{"posx":11,"posy":1,"amount":400},{"posx":12,"posy":1,"amount":100},{"posx":17,"posy":1,"amount":700},{"posx":12,"posy":2,"amount":550},{"posx":1,"posy":3,"amount":350},{"posx":16,"posy":3,"amount":450},{"posx":1,"posy":4,"amount":200},{"posx":2,"posy":4,"amount":150},{"posx":3,"posy":4,"amount":350},{"posx":13,"posy":4,"amount":100},{"posx":19,"posy":4,"amount":700},{"posx":8,"posy":5,"amount":600},{"posx":10,"posy":5,"amount":300},{"posx":11,"posy":5,"amount":700},{"posx":10,"posy":6,"amount":750},{"posx":17,"posy":7,"amount":150},{"posx":20,"posy":7,"amount":50},{"posx":4,"posy":8,"amount":750},{"posx":10,"posy":8,"amount":700}],"changedObstacles":[{"type":3,"posx":6,"posy":6,"value":-20}]},{"players":[{"playerId":2374229,"score":0,"energy":27,"posx":4,"posy":8,"lastAction":1,"status":0},{"playerId":3573,"score":0,"energy":38,"posx":3,"posy":8,"lastAction":1,"status":0},{"playerId":3944,"score":0,"energy":11,"posx":7,"posy":6,"lastAction":1,"status":0},{"playerId":69695,"score":150,"energy":12,"posx":2,"posy":4,"lastAction":5,"status":0}],"golds":[{"posx":7,"posy":0,"amount":300},{"posx":11,"posy":1,"amount":400},{"posx":12,"posy":1,"amount":100},{"posx":17,"posy":1,"amount":700},{"posx":12,"posy":2,"amount":550},{"posx":1,"posy":3,"amount":350},{"posx":16,"posy":3,"amount":450},{"posx":1,"posy":4,"amount":200},{"posx":2,"posy":4,"amount":100},{"posx":3,"posy":4,"amount":350},{"posx":13,"posy":4,"amount":100},{"posx":19,"posy":4,"amount":700},{"posx":8,"posy":5,"amount":600},{"posx":10,"posy":5,"amount":300},{"posx":11,"posy":5,"amount":700},{"posx":10,"posy":6,"amount":750},{"posx":17,"posy":7,"amount":150},{"posx":20,"posy":7,"amount":50},{"posx":4,"posy":8,"amount":750},{"posx":10,"posy":8,"amount":700}],"changedObstacles":[{"type":3,"posx":7,"posy":6,"value":-20}]},{"players":[{"playerId":2374229,"score":50,"energy":22,"posx":4,"posy":8,"lastAction":5,"status":0},{"playerId":3573,"score":0,"energy":34,"posx":4,"posy":8,"lastAction":1,"status":0},{"playerId":3944,"score":0,"energy":6,"posx":8,"posy":6,"lastAction":1,"status":0},{"playerId":69695,"score":200,"energy":7,"posx":2,"posy":4,"lastAction":5,"status":0}],"golds":[{"posx":7,"posy":0,"amount":300},{"posx":11,"posy":1,"amount":400},{"posx":12,"posy":1,"amount":100},{"posx":17,"posy":1,"amount":700},{"posx":12,"posy":2,"amount":550},{"posx":1,"posy":3,"amount":350},{"posx":16,"posy":3,"amount":450},{"posx":1,"posy":4,"amount":200},{"posx":2,"posy":4,"amount":50},{"posx":3,"posy":4,"amount":350},{"posx":13,"posy":4,"amount":100},{"posx":19,"posy":4,"amount":700},{"posx":8,"posy":5,"amount":600},{"posx":10,"posy":5,"amount":300},{"posx":11,"posy":5,"amount":700},{"posx":10,"posy":6,"amount":750},{"posx":17,"posy":7,"amount":150},{"posx":20,"posy":7,"amount":50},{"posx":4,"posy":8,"amount":700},{"posx":10,"posy":8,"amount":700}],"changedObstacles":[{"type":3,"posx":8,"posy":6,"value":-20}]},{"players":[{"playerId":2374229,"score":100,"energy":17,"posx":4,"posy":8,"lastAction":5,"status":0},{"playerId":3573,"score":50,"energy":29,"posx":4,"posy":8,"lastAction":5,"status":0},{"playerId":3944,"score":0,"energy":1,"posx":9,"posy":6,"lastAction":1,"status":0},{"playerId":69695,"score":250,"energy":2,"posx":2,"posy":4,"lastAction":5,"status":0}],"golds":[{"posx":7,"posy":0,"amount":300},{"posx":11,"posy":1,"amount":400},{"posx":12,"posy":1,"amount":100},{"posx":17,"posy":1,"amount":700},{"posx":12,"posy":2,"amount":550},{"posx":1,"posy":3,"amount":350},{"posx":16,"posy":3,"amount":450},{"posx":1,"posy":4,"amount":200},{"posx":3,"posy":4,"amount":350},{"posx":13,"posy":4,"amount":100},{"posx":19,"posy":4,"amount":700},{"posx":8,"posy":5,"amount":600},{"posx":10,"posy":5,"amount":300},{"posx":11,"posy":5,"amount":700},{"posx":10,"posy":6,"amount":750},{"posx":17,"posy":7,"amount":150},{"posx":20,"posy":7,"amount":50},{"posx":4,"posy":8,"amount":600},{"posx":10,"posy":8,"amount":700}],"changedObstacles":[{"type":3,"posx":9,"posy":6,"value":-20},{"type":0,"posx":2,"posy":4,"value":-1}]},{"players":[{"playerId":2374229,"score":150,"energy":12,"posx":4,"posy":8,"lastAction":5,"status":0},{"playerId":3573,"score":100,"energy":24,"posx":4,"posy":8,"lastAction":5,"status":0},{"playerId":3944,"score":0,"energy":13,"posx":9,"posy":6,"lastAction":4,"status":0},{"playerId":69695,"score":250,"energy":14,"posx":2,"posy":4,"lastAction":4,"status":0}],"golds":[{"posx":7,"posy":0,"amount":300},{"posx":11,"posy":1,"amount":400},{"posx":12,"posy":1,"amount":100},{"posx":17,"posy":1,"amount":700},{"posx":12,"posy":2,"amount":550},{"posx":1,"posy":3,"amount":350},{"posx":16,"posy":3,"amount":450},{"posx":1,"posy":4,"amount":200},{"posx":3,"posy":4,"amount":350},{"posx":13,"posy":4,"amount":100},{"posx":19,"posy":4,"amount":700},{"posx":8,"posy":5,"amount":600},{"posx":10,"posy":5,"amount":300},{"posx":11,"posy":5,"amount":700},{"posx":10,"posy":6,"amount":750},{"posx":17,"posy":7,"amount":150},{"posx":20,"posy":7,"amount":50},{"posx":4,"posy":8,"amount":500},{"posx":10,"posy":8,"amount":700}],"changedObstacles":[]},{"players":[{"playerId":2374229,"score":200,"energy":7,"posx":4,"posy":8,"lastAction":5,"status":0},{"playerId":3573,"score":150,"energy":19,"posx":4,"posy":8,"lastAction":5,"status":0},{"playerId":3944,"score":0,"energy":29,"posx":9,"posy":6,"lastAction":4,"status":0},{"playerId":69695,"score":250,"energy":30,"posx":2,"posy":4,"lastAction":4,"status":0}],"golds":[{"posx":7,"posy":0,"amount":300},{"posx":11,"posy":1,"amount":400},{"posx":12,"posy":1,"amount":100},{"posx":17,"posy":1,"amount":700},{"posx":12,"posy":2,"amount":550},{"posx":1,"posy":3,"amount":350},{"posx":16,"posy":3,"amount":450},{"posx":1,"posy":4,"amount":200},{"posx":3,"posy":4,"amount":350},{"posx":13,"posy":4,"amount":100},{"posx":19,"posy":4,"amount":700},{"posx":8,"posy":5,"amount":600},{"posx":10,"posy":5,"amount":300},{"posx":11,"posy":5,"amount":700},{"posx":10,"posy":6,"amount":750},{"posx":17,"posy":7,"amount":150},{"posx":20,"posy":7,"amount":50},{"posx":4,"posy":8,"amount":400},{"posx":10,"posy":8,"amount":700}],"changedObstacles":[]},{"players":[{"playerId":2374229,"score":250,"energy":2,"posx":4,"posy":8,"lastAction":5,"status":0},{"playerId":3573,"score":200,"energy":14,"posx":4,"posy":8,"lastAction":5,"status":0},{"playerId":3944,"score":0,"energy":50,"posx":9,"posy":6,"lastAction":4,"status":0},{"playerId":69695,"score":250,"energy":26,"posx":3,"posy":4,"lastAction":1,"status":0}],"golds":[{"posx":7,"posy":0,"amount":300},{"posx":11,"posy":1,"amount":400},{"posx":12,"posy":1,"amount":100},{"posx":17,"posy":1,"amount":700},{"posx":12,"posy":2,"amount":550},{"posx":1,"posy":3,"amount":350},{"posx":16,"posy":3,"amount":450},{"posx":1,"posy":4,"amount":200},{"posx":3,"posy":4,"amount":350},{"posx":13,"posy":4,"amount":100},{"posx":19,"posy":4,"amount":700},{"posx":8,"posy":5,"amount":600},{"posx":10,"posy":5,"amount":300},{"posx":11,"posy":5,"amount":700},{"posx":10,"posy":6,"amount":750},{"posx":17,"posy":7,"amount":150},{"posx":20,"posy":7,"amount":50},{"posx":4,"posy":8,"amount":300},{"posx":10,"posy":8,"amount":700}],"changedObstacles":[]},{"players":[{"playerId":2374229,"score":250,"energy":14,"posx":4,"posy":8,"lastAction":4,"status":0},{"playerId":3573,"score":250,"energy":9,"posx":4,"posy":8,"lastAction":5,"status":0},{"playerId":3944,"score":0,"energy":46,"posx":10,"posy":6,"lastAction":1,"status":0},{"playerId":69695,"score":300,"energy":21,"posx":3,"posy":4,"lastAction":5,"status":0}],"golds":[{"posx":7,"posy":0,"amount":300},{"posx":11,"posy":1,"amount":400},{"posx":12,"posy":1,"amount":100},{"posx":17,"posy":1,"amount":700},{"posx":12,"posy":2,"amount":550},{"posx":1,"posy":3,"amount":350},{"posx":16,"posy":3,"amount":450},{"posx":1,"posy":4,"amount":200},{"posx":3,"posy":4,"amount":300},{"posx":13,"posy":4,"amount":100},{"posx":19,"posy":4,"amount":700},{"posx":8,"posy":5,"amount":600},{"posx":10,"posy":5,"amount":300},{"posx":11,"posy":5,"amount":700},{"posx":10,"posy":6,"amount":750},{"posx":17,"posy":7,"amount":150},{"posx":20,"posy":7,"amount":50},{"posx":4,"posy":8,"amount":250},{"posx":10,"posy":8,"amount":700}],"changedObstacles":[]},{"players":[{"playerId":2374229,"score":250,"energy":30,"posx":4,"posy":8,"lastAction":4,"status":0},{"playerId":3573,"score":300,"energy":4,"posx":4,"posy":8,"lastAction":5,"status":0},{"playerId":3944,"score":50,"energy":41,"posx":10,"posy":6,"lastAction":5,"status":0},{"playerId":69695,"score":350,"energy":16,"posx":3,"posy":4,"lastAction":5,"status":0}],"golds":[{"posx":7,"posy":0,"amount":300},{"posx":11,"posy":1,"amount":400},{"posx":12,"posy":1,"amount":100},{"posx":17,"posy":1,"amount":700},{"posx":12,"posy":2,"amount":550},{"posx":1,"posy":3,"amount":350},{"posx":16,"posy":3,"amount":450},{"posx":1,"posy":4,"amount":200},{"posx":3,"posy":4,"amount":250},{"posx":13,"posy":4,"amount":100},{"posx":19,"posy":4,"amount":700},{"posx":8,"posy":5,"amount":600},{"posx":10,"posy":5,"amount":300},{"posx":11,"posy":5,"amount":700},{"posx":10,"posy":6,"amount":700},{"posx":17,"posy":7,"amount":150},{"posx":20,"posy":7,"amount":50},{"posx":4,"posy":8,"amount":200},{"posx":10,"posy":8,"amount":700}],"changedObstacles":[]},{"players":[{"playerId":2374229,"score":300,"energy":25,"posx":4,"posy":8,"lastAction":5,"status":0},{"playerId":3573,"score":300,"energy":16,"posx":4,"posy":8,"lastAction":4,"status":0},{"playerId":3944,"score":100,"energy":36,"posx":10,"posy":6,"lastAction":5,"status":0},{"playerId":69695,"score":400,"energy":11,"posx":3,"posy":4,"lastAction":5,"status":0}],"golds":[{"posx":7,"posy":0,"amount":300},{"posx":11,"posy":1,"amount":400},{"posx":12,"posy":1,"amount":100},{"posx":17,"posy":1,"amount":700},{"posx":12,"posy":2,"amount":550},{"posx":1,"posy":3,"amount":350},{"posx":16,"posy":3,"amount":450},{"posx":1,"posy":4,"amount":200},{"posx":3,"posy":4,"amount":200},{"posx":13,"posy":4,"amount":100},{"posx":19,"posy":4,"amount":700},{"posx":8,"posy":5,"amount":600},{"posx":10,"posy":5,"amount":300},{"posx":11,"posy":5,"amount":700},{"posx":10,"posy":6,"amount":650},{"posx":17,"posy":7,"amount":150},{"posx":20,"posy":7,"amount":50},{"posx":4,"posy":8,"amount":150},{"posx":10,"posy":8,"amount":700}],"changedObstacles":[]},{"players":[{"playerId":2374229,"score":350,"energy":20,"posx":4,"posy":8,"lastAction":5,"status":0},{"playerId":3573,"score":350,"energy":11,"posx":4,"posy":8,"lastAction":5,"status":0},{"playerId":3944,"score":150,"energy":31,"posx":10,"posy":6,"lastAction":5,"status":0},{"playerId":69695,"score":450,"energy":6,"posx":3,"posy":4,"lastAction":5,"status":0}],"golds":[{"posx":7,"posy":0,"amount":300},{"posx":11,"posy":1,"amount":400},{"posx":12,"posy":1,"amount":100},{"posx":17,"posy":1,"amount":700},{"posx":12,"posy":2,"amount":550},{"posx":1,"posy":3,"amount":350},{"posx":16,"posy":3,"amount":450},{"posx":1,"posy":4,"amount":200},{"posx":3,"posy":4,"amount":150},{"posx":13,"posy":4,"amount":100},{"posx":19,"posy":4,"amount":700},{"posx":8,"posy":5,"amount":600},{"posx":10,"posy":5,"amount":300},{"posx":11,"posy":5,"amount":700},{"posx":10,"posy":6,"amount":600},{"posx":17,"posy":7,"amount":150},{"posx":20,"posy":7,"amount":50},{"posx":4,"posy":8,"amount":50},{"posx":10,"posy":8,"amount":700}],"changedObstacles":[]},{"players":[{"playerId":2374229,"score":375,"energy":15,"posx":4,"posy":8,"lastAction":5,"status":0},{"playerId":3573,"score":375,"energy":6,"posx":4,"posy":8,"lastAction":5,"status":0},{"playerId":3944,"score":200,"energy":26,"posx":10,"posy":6,"lastAction":5,"status":0},{"playerId":69695,"score":500,"energy":1,"posx":3,"posy":4,"lastAction":5,"status":0}],"golds":[{"posx":7,"posy":0,"amount":300},{"posx":11,"posy":1,"amount":400},{"posx":12,"posy":1,"amount":100},{"posx":17,"posy":1,"amount":700},{"posx":12,"posy":2,"amount":550},{"posx":1,"posy":3,"amount":350},{"posx":16,"posy":3,"amount":450},{"posx":1,"posy":4,"amount":200},{"posx":3,"posy":4,"amount":100},{"posx":13,"posy":4,"amount":100},{"posx":19,"posy":4,"amount":700},{"posx":8,"posy":5,"amount":600},{"posx":10,"posy":5,"amount":300},{"posx":11,"posy":5,"amount":700},{"posx":10,"posy":6,"amount":550},{"posx":17,"posy":7,"amount":150},{"posx":20,"posy":7,"amount":50},{"posx":10,"posy":8,"amount":700}],"changedObstacles":[{"type":0,"posx":4,"posy":8,"value":-1}]},{"players":[{"playerId":2374229,"score":375,"energy":27,"posx":4,"posy":8,"lastAction":4,"status":0},{"playerId":3573,"score":375,"energy":18,"posx":4,"posy":8,"lastAction":4,"status":0},{"playerId":3944,"score":250,"energy":21,"posx":10,"posy":6,"lastAction":5,"status":0},{"playerId":69695,"score":500,"energy":13,"posx":3,"posy":4,"lastAction":4,"status":0}],"golds":[{"posx":7,"posy":0,"amount":300},{"posx":11,"posy":1,"amount":400},{"posx":12,"posy":1,"amount":100},{"posx":17,"posy":1,"amount":700},{"posx":12,"posy":2,"amount":550},{"posx":1,"posy":3,"amount":350},{"posx":16,"posy":3,"amount":450},{"posx":1,"posy":4,"amount":200},{"posx":3,"posy":4,"amount":100},{"posx":13,"posy":4,"amount":100},{"posx":19,"posy":4,"amount":700},{"posx":8,"posy":5,"amount":600},{"posx":10,"posy":5,"amount":300},{"posx":11,"posy":5,"amount":700},{"posx":10,"posy":6,"amount":500},{"posx":17,"posy":7,"amount":150},{"posx":20,"posy":7,"amount":50},{"posx":10,"posy":8,"amount":700}],"changedObstacles":[]},{"players":[{"playerId":2374229,"score":375,"energy":26,"posx":4,"posy":7,"lastAction":2,"status":0},{"playerId":3573,"score":375,"energy":34,"posx":4,"posy":8,"lastAction":4,"status":0},{"playerId":3944,"score":300,"energy":16,"posx":10,"posy":6,"lastAction":5,"status":0},{"playerId":69695,"score":550,"energy":8,"posx":3,"posy":4,"lastAction":5,"status":0}],"golds":[{"posx":7,"posy":0,"amount":300},{"posx":11,"posy":1,"amount":400},{"posx":12,"posy":1,"amount":100},{"posx":17,"posy":1,"amount":700},{"posx":12,"posy":2,"amount":550},{"posx":1,"posy":3,"amount":350},{"posx":16,"posy":3,"amount":450},{"posx":1,"posy":4,"amount":200},{"posx":3,"posy":4,"amount":50},{"posx":13,"posy":4,"amount":100},{"posx":19,"posy":4,"amount":700},{"posx":8,"posy":5,"amount":600},{"posx":10,"posy":5,"amount":300},{"posx":11,"posy":5,"amount":700},{"posx":10,"posy":6,"amount":450},{"posx":17,"posy":7,"amount":150},{"posx":20,"posy":7,"amount":50},{"posx":10,"posy":8,"amount":700}],"changedObstacles":[]},{"players":[{"playerId":2374229,"score":375,"energy":25,"posx":4,"posy":6,"lastAction":2,"status":0},{"playerId":3573,"score":375,"energy":24,"posx":5,"posy":8,"lastAction":1,"status":0},{"playerId":3944,"score":350,"energy":11,"posx":10,"posy":6,"lastAction":5,"status":0},{"playerId":69695,"score":600,"energy":3,"posx":3,"posy":4,"lastAction":5,"status":0}],"golds":[{"posx":7,"posy":0,"amount":300},{"posx":11,"posy":1,"amount":400},{"posx":12,"posy":1,"amount":100},{"posx":17,"posy":1,"amount":700},{"posx":12,"posy":2,"amount":550},{"posx":1,"posy":3,"amount":350},{"posx":16,"posy":3,"amount":450},{"posx":1,"posy":4,"amount":200},{"posx":13,"posy":4,"amount":100},{"posx":19,"posy":4,"amount":700},{"posx":8,"posy":5,"amount":600},{"posx":10,"posy":5,"amount":300},{"posx":11,"posy":5,"amount":700},{"posx":10,"posy":6,"amount":400},{"posx":17,"posy":7,"amount":150},{"posx":20,"posy":7,"amount":50},{"posx":10,"posy":8,"amount":700}],"changedObstacles":[{"type":0,"posx":5,"posy":8,"value":-1},{"type":0,"posx":3,"posy":4,"value":-1}]},{"players":[{"playerId":2374229,"score":375,"energy":5,"posx":5,"posy":6,"lastAction":1,"status":0},{"playerId":3573,"score":375,"energy":36,"posx":5,"posy":8,"lastAction":4,"status":0},{"playerId":3944,"score":400,"energy":6,"posx":10,"posy":6,"lastAction":5,"status":0},{"playerId":69695,"score":600,"energy":15,"posx":3,"posy":4,"lastAction":4,"status":0}],"golds":[{"posx":7,"posy":0,"amount":300},{"posx":11,"posy":1,"amount":400},{"posx":12,"posy":1,"amount":100},{"posx":17,"posy":1,"amount":700},{"posx":12,"posy":2,"amount":550},{"posx":1,"posy":3,"amount":350},{"posx":16,"posy":3,"amount":450},{"posx":1,"posy":4,"amount":200},{"posx":13,"posy":4,"amount":100},{"posx":19,"posy":4,"amount":700},{"posx":8,"posy":5,"amount":600},{"posx":10,"posy":5,"amount":300},{"posx":11,"posy":5,"amount":700},{"posx":10,"posy":6,"amount":350},{"posx":17,"posy":7,"amount":150},{"posx":20,"posy":7,"amount":50},{"posx":10,"posy":8,"amount":700}],"changedObstacles":[]},{"players":[{"playerId":2374229,"score":375,"energy":17,"posx":5,"posy":6,"lastAction":4,"status":0},{"playerId":3573,"score":375,"energy":35,"posx":6,"posy":8,"lastAction":1,"status":0},{"playerId":3944,"score":450,"energy":1,"posx":10,"posy":6,"lastAction":5,"status":0},{"playerId":69695,"score":600,"energy":31,"posx":3,"posy":4,"lastAction":4,"status":0}],"golds":[{"posx":7,"posy":0,"amount":300},{"posx":11,"posy":1,"amount":400},{"posx":12,"posy":1,"amount":100},{"posx":17,"posy":1,"amount":700},{"posx":12,"posy":2,"amount":550},{"posx":1,"posy":3,"amount":350},{"posx":16,"posy":3,"amount":450},{"posx":1,"posy":4,"amount":200},{"posx":13,"posy":4,"amount":100},{"posx":19,"posy":4,"amount":700},{"posx":8,"posy":5,"amount":600},{"posx":10,"posy":5,"amount":300},{"posx":11,"posy":5,"amount":700},{"posx":10,"posy":6,"amount":300},{"posx":17,"posy":7,"amount":150},{"posx":20,"posy":7,"amount":50},{"posx":10,"posy":8,"amount":700}],"changedObstacles":[]},{"players":[{"playerId":2374229,"score":375,"energy":33,"posx":5,"posy":6,"lastAction":4,"status":0},{"playerId":3573,"score":375,"energy":34,"posx":7,"posy":8,"lastAction":1,"status":0},{"playerId":3944,"score":450,"energy":13,"posx":10,"posy":6,"lastAction":4,"status":0},{"playerId":69695,"score":600,"energy":30,"posx":2,"posy":4,"lastAction":0,"status":0}],"golds":[{"posx":7,"posy":0,"amount":300},{"posx":11,"posy":1,"amount":400},{"posx":12,"posy":1,"amount":100},{"posx":17,"posy":1,"amount":700},{"posx":12,"posy":2,"amount":550},{"posx":1,"posy":3,"amount":350},{"posx":16,"posy":3,"amount":450},{"posx":1,"posy":4,"amount":200},{"posx":13,"posy":4,"amount":100},{"posx":19,"posy":4,"amount":700},{"posx":8,"posy":5,"amount":600},{"posx":10,"posy":5,"amount":300},{"posx":11,"posy":5,"amount":700},{"posx":10,"posy":6,"amount":300},{"posx":17,"posy":7,"amount":150},{"posx":20,"posy":7,"amount":50},{"posx":10,"posy":8,"amount":700}],"changedObstacles":[]},{"players":[{"playerId":2374229,"score":375,"energy":13,"posx":6,"posy":6,"lastAction":1,"status":0},{"playerId":3573,"score":375,"energy":24,"posx":8,"posy":8,"lastAction":1,"status":0},{"playerId":3944,"score":450,"energy":29,"posx":10,"posy":6,"lastAction":4,"status":0},{"playerId":69695,"score":600,"energy":26,"posx":1,"posy":4,"lastAction":0,"status":0}],"golds":[{"posx":7,"posy":0,"amount":300},{"posx":11,"posy":1,"amount":400},{"posx":12,"posy":1,"amount":100},{"posx":17,"posy":1,"amount":700},{"posx":12,"posy":2,"amount":550},{"posx":1,"posy":3,"amount":350},{"posx":16,"posy":3,"amount":450},{"posx":1,"posy":4,"amount":200},{"posx":13,"posy":4,"amount":100},{"posx":19,"posy":4,"amount":700},{"posx":8,"posy":5,"amount":600},{"posx":10,"posy":5,"amount":300},{"posx":11,"posy":5,"amount":700},{"posx":10,"posy":6,"amount":300},{"posx":17,"posy":7,"amount":150},{"posx":20,"posy":7,"amount":50},{"posx":10,"posy":8,"amount":700}],"changedObstacles":[{"type":0,"posx":8,"posy":8,"value":-1},{"type":3,"posx":6,"posy":6,"value":-40}]},{"players":[{"playerId":2374229,"score":375,"energy":25,"posx":6,"posy":6,"lastAction":4,"status":0},{"playerId":3573,"score":375,"energy":36,"posx":8,"posy":8,"lastAction":4,"status":0},{"playerId":3944,"score":450,"energy":50,"posx":10,"posy":6,"lastAction":4,"status":0},{"playerId":69695,"score":650,"energy":21,"posx":1,"posy":4,"lastAction":5,"status":0}],"golds":[{"posx":7,"posy":0,"amount":300},{"posx":11,"posy":1,"amount":400},{"posx":12,"posy":1,"amount":100},{"posx":17,"posy":1,"amount":700},{"posx":12,"posy":2,"amount":550},{"posx":1,"posy":3,"amount":350},{"posx":16,"posy":3,"amount":450},{"posx":1,"posy":4,"amount":150},{"posx":13,"posy":4,"amount":100},{"posx":19,"posy":4,"amount":700},{"posx":8,"posy":5,"amount":600},{"posx":10,"posy":5,"amount":300},{"posx":11,"posy":5,"amount":700},{"posx":10,"posy":6,"amount":300},{"posx":17,"posy":7,"amount":150},{"posx":20,"posy":7,"amount":50},{"posx":10,"posy":8,"amount":700}],"changedObstacles":[]},{"players":[{"playerId":2374229,"score":375,"energy":5,"posx":7,"posy":6,"lastAction":1,"status":0},{"playerId":3573,"score":375,"energy":35,"posx":9,"posy":8,"lastAction":1,"status":0},{"playerId":3944,"score":500,"energy":45,"posx":10,"posy":6,"lastAction":5,"status":0},{"playerId":69695,"score":700,"energy":16,"posx":1,"posy":4,"lastAction":5,"status":0}],"golds":[{"posx":7,"posy":0,"amount":300},{"posx":11,"posy":1,"amount":400},{"posx":12,"posy":1,"amount":100},{"posx":17,"posy":1,"amount":700},{"posx":12,"posy":2,"amount":550},{"posx":1,"posy":3,"amount":350},{"posx":16,"posy":3,"amount":450},{"posx":1,"posy":4,"amount":100},{"posx":13,"posy":4,"amount":100},{"posx":19,"posy":4,"amount":700},{"posx":8,"posy":5,"amount":600},{"posx":10,"posy":5,"amount":300},{"posx":11,"posy":5,"amount":700},{"posx":10,"posy":6,"amount":250},{"posx":17,"posy":7,"amount":150},{"posx":20,"posy":7,"amount":50},{"posx":10,"posy":8,"amount":700}],"changedObstacles":[{"type":3,"posx":7,"posy":6,"value":-40}]},{"players":[{"playerId":2374229,"score":375,"energy":17,"posx":7,"posy":6,"lastAction":4,"status":0},{"playerId":3573,"score":375,"energy":31,"posx":10,"posy":8,"lastAction":1,"status":0},{"playerId":3944,"score":550,"energy":40,"posx":10,"posy":6,"lastAction":5,"status":0},{"playerId":69695,"score":750,"energy":11,"posx":1,"posy":4,"lastAction":5,"status":0}],"golds":[{"posx":7,"posy":0,"amount":300},{"posx":11,"posy":1,"amount":400},{"posx":12,"posy":1,"amount":100},{"posx":17,"posy":1,"amount":700},{"posx":12,"posy":2,"amount":550},{"posx":1,"posy":3,"amount":350},{"posx":16,"posy":3,"amount":450},{"posx":1,"posy":4,"amount":50},{"posx":13,"posy":4,"amount":100},{"posx":19,"posy":4,"amount":700},{"posx":8,"posy":5,"amount":600},{"posx":10,"posy":5,"amount":300},{"posx":11,"posy":5,"amount":700},{"posx":10,"posy":6,"amount":200},{"posx":17,"posy":7,"amount":150},{"posx":20,"posy":7,"amount":50},{"posx":10,"posy":8,"amount":700}],"changedObstacles":[]},{"players":[{"playerId":2374229,"score":375,"energy":33,"posx":7,"posy":6,"lastAction":4,"status":0},{"playerId":3573,"score":425,"energy":26,"posx":10,"posy":8,"lastAction":5,"status":0},{"playerId":3944,"score":600,"energy":35,"posx":10,"posy":6,"lastAction":5,"status":0},{"playerId":69695,"score":800,"energy":6,"posx":1,"posy":4,"lastAction":5,"status":0}],"golds":[{"posx":7,"posy":0,"amount":300},{"posx":11,"posy":1,"amount":400},{"posx":12,"posy":1,"amount":100},{"posx":17,"posy":1,"amount":700},{"posx":12,"posy":2,"amount":550},{"posx":1,"posy":3,"amount":350},{"posx":16,"posy":3,"amount":450},{"posx":13,"posy":4,"amount":100},{"posx":19,"posy":4,"amount":700},{"posx":8,"posy":5,"amount":600},{"posx":10,"posy":5,"amount":300},{"posx":11,"posy":5,"amount":700},{"posx":10,"posy":6,"amount":150},{"posx":17,"posy":7,"amount":150},{"posx":20,"posy":7,"amount":50},{"posx":10,"posy":8,"amount":650}],"changedObstacles":[{"type":0,"posx":1,"posy":4,"value":-1}]},{"players":[{"playerId":2374229,"score":375,"energy":13,"posx":8,"posy":6,"lastAction":1,"status":0},{"playerId":3573,"score":475,"energy":21,"posx":10,"posy":8,"lastAction":5,"status":0},{"playerId":3944,"score":650,"energy":30,"posx":10,"posy":6,"lastAction":5,"status":0},{"playerId":69695,"score":800,"energy":18,"posx":1,"posy":4,"lastAction":4,"status":0}],"golds":[{"posx":7,"posy":0,"amount":300},{"posx":11,"posy":1,"amount":400},{"posx":12,"posy":1,"amount":100},{"posx":17,"posy":1,"amount":700},{"posx":12,"posy":2,"amount":550},{"posx":1,"posy":3,"amount":350},{"posx":16,"posy":3,"amount":450},{"posx":13,"posy":4,"amount":100},{"posx":19,"posy":4,"amount":700},{"posx":8,"posy":5,"amount":600},{"posx":10,"posy":5,"amount":300},{"posx":11,"posy":5,"amount":700},{"posx":10,"posy":6,"amount":100},{"posx":17,"posy":7,"amount":150},{"posx":20,"posy":7,"amount":50},{"posx":10,"posy":8,"amount":600}],"changedObstacles":[{"type":3,"posx":8,"posy":6,"value":-40}]},{"players":[{"playerId":2374229,"score":375,"energy":25,"posx":8,"posy":6,"lastAction":4,"status":0},{"playerId":3573,"score":525,"energy":16,"posx":10,"posy":8,"lastAction":5,"status":0},{"playerId":3944,"score":700,"energy":25,"posx":10,"posy":6,"lastAction":5,"status":0},{"playerId":69695,"score":800,"energy":14,"posx":1,"posy":3,"lastAction":2,"status":0}],"golds":[{"posx":7,"posy":0,"amount":300},{"posx":11,"posy":1,"amount":400},{"posx":12,"posy":1,"amount":100},{"posx":17,"posy":1,"amount":700},{"posx":12,"posy":2,"amount":550},{"posx":1,"posy":3,"amount":350},{"posx":16,"posy":3,"amount":450},{"posx":13,"posy":4,"amount":100},{"posx":19,"posy":4,"amount":700},{"posx":8,"posy":5,"amount":600},{"posx":10,"posy":5,"amount":300},{"posx":11,"posy":5,"amount":700},{"posx":10,"posy":6,"amount":50},{"posx":17,"posy":7,"amount":150},{"posx":20,"posy":7,"amount":50},{"posx":10,"posy":8,"amount":550}],"changedObstacles":[]},{"players":[{"playerId":2374229,"score":375,"energy":5,"posx":9,"posy":6,"lastAction":1,"status":0},{"playerId":3573,"score":575,"energy":11,"posx":10,"posy":8,"lastAction":5,"status":0},{"playerId":3944,"score":750,"energy":20,"posx":10,"posy":6,"lastAction":5,"status":0},{"playerId":69695,"score":850,"energy":9,"posx":1,"posy":3,"lastAction":5,"status":0}],"golds":[{"posx":7,"posy":0,"amount":300},{"posx":11,"posy":1,"amount":400},{"posx":12,"posy":1,"amount":100},{"posx":17,"posy":1,"amount":700},{"posx":12,"posy":2,"amount":550},{"posx":1,"posy":3,"amount":300},{"posx":16,"posy":3,"amount":450},{"posx":13,"posy":4,"amount":100},{"posx":19,"posy":4,"amount":700},{"posx":8,"posy":5,"amount":600},{"posx":10,"posy":5,"amount":300},{"posx":11,"posy":5,"amount":700},{"posx":17,"posy":7,"amount":150},{"posx":20,"posy":7,"amount":50},{"posx":10,"posy":8,"amount":500}],"changedObstacles":[{"type":3,"posx":9,"posy":6,"value":-40},{"type":0,"posx":10,"posy":6,"value":-1}]},{"players":[{"playerId":2374229,"score":375,"energy":17,"posx":9,"posy":6,"lastAction":4,"status":0},{"playerId":3573,"score":625,"energy":6,"posx":10,"posy":8,"lastAction":5,"status":0},{"playerId":3944,"score":750,"energy":16,"posx":10,"posy":5,"lastAction":2,"status":0},{"playerId":69695,"score":900,"energy":4,"posx":1,"posy":3,"lastAction":5,"status":0}],"golds":[{"posx":7,"posy":0,"amount":300},{"posx":11,"posy":1,"amount":400},{"posx":12,"posy":1,"amount":100},{"posx":17,"posy":1,"amount":700},{"posx":12,"posy":2,"amount":550},{"posx":1,"posy":3,"amount":250},{"posx":16,"posy":3,"amount":450},{"posx":13,"posy":4,"amount":100},{"posx":19,"posy":4,"amount":700},{"posx":8,"posy":5,"amount":600},{"posx":10,"posy":5,"amount":300},{"posx":11,"posy":5,"amount":700},{"posx":17,"posy":7,"amount":150},{"posx":20,"posy":7,"amount":50},{"posx":10,"posy":8,"amount":450}],"changedObstacles":[]},{"players":[{"playerId":2374229,"score":375,"energy":33,"posx":9,"posy":6,"lastAction":4,"status":0},{"playerId":3573,"score":675,"energy":1,"posx":10,"posy":8,"lastAction":5,"status":0},{"playerId":3944,"score":800,"energy":11,"posx":10,"posy":5,"lastAction":5,"status":0},{"playerId":69695,"score":900,"energy":16,"posx":1,"posy":3,"lastAction":4,"status":0}],"golds":[{"posx":7,"posy":0,"amount":300},{"posx":11,"posy":1,"amount":400},{"posx":12,"posy":1,"amount":100},{"posx":17,"posy":1,"amount":700},{"posx":12,"posy":2,"amount":550},{"posx":1,"posy":3,"amount":250},{"posx":16,"posy":3,"amount":450},{"posx":13,"posy":4,"amount":100},{"posx":19,"posy":4,"amount":700},{"posx":8,"posy":5,"amount":600},{"posx":10,"posy":5,"amount":250},{"posx":11,"posy":5,"amount":700},{"posx":17,"posy":7,"amount":150},{"posx":20,"posy":7,"amount":50},{"posx":10,"posy":8,"amount":400}],"changedObstacles":[]},{"players":[{"playerId":2374229,"score":375,"energy":28,"posx":9,"posy":5,"lastAction":2,"status":0},{"playerId":3573,"score":675,"energy":13,"posx":10,"posy":8,"lastAction":4,"status":0},{"playerId":3944,"score":850,"energy":6,"posx":10,"posy":5,"lastAction":5,"status":0},{"playerId":69695,"score":950,"energy":11,"posx":1,"posy":3,"lastAction":5,"status":0}],"golds":[{"posx":7,"posy":0,"amount":300},{"posx":11,"posy":1,"amount":400},{"posx":12,"posy":1,"amount":100},{"posx":17,"posy":1,"amount":700},{"posx":12,"posy":2,"amount":550},{"posx":1,"posy":3,"amount":200},{"posx":16,"posy":3,"amount":450},{"posx":13,"posy":4,"amount":100},{"posx":19,"posy":4,"amount":700},{"posx":8,"posy":5,"amount":600},{"posx":10,"posy":5,"amount":200},{"posx":11,"posy":5,"amount":700},{"posx":17,"posy":7,"amount":150},{"posx":20,"posy":7,"amount":50},{"posx":10,"posy":8,"amount":400}],"changedObstacles":[{"type":3,"posx":9,"posy":5,"value":-20}]},{"players":[{"playerId":2374229,"score":375,"energy":24,"posx":8,"posy":5,"lastAction":0,"status":0},{"playerId":3573,"score":725,"energy":8,"posx":10,"posy":8,"lastAction":5,"status":0},{"playerId":3944,"score":900,"energy":1,"posx":10,"posy":5,"lastAction":5,"status":0},{"playerId":69695,"score":1000,"energy":6,"posx":1,"posy":3,"lastAction":5,"status":0}],"golds":[{"posx":7,"posy":0,"amount":300},{"posx":11,"posy":1,"amount":400},{"posx":12,"posy":1,"amount":100},{"posx":17,"posy":1,"amount":700},{"posx":12,"posy":2,"amount":550},{"posx":1,"posy":3,"amount":150},{"posx":16,"posy":3,"amount":450},{"posx":13,"posy":4,"amount":100},{"posx":19,"posy":4,"amount":700},{"posx":8,"posy":5,"amount":600},{"posx":10,"posy":5,"amount":150},{"posx":11,"posy":5,"amount":700},{"posx":17,"posy":7,"amount":150},{"posx":20,"posy":7,"amount":50},{"posx":10,"posy":8,"amount":350}],"changedObstacles":[]},{"players":[{"playerId":2374229,"score":425,"energy":19,"posx":8,"posy":5,"lastAction":5,"status":0},{"playerId":3573,"score":775,"energy":3,"posx":10,"posy":8,"lastAction":5,"status":0},{"playerId":3944,"score":900,"energy":13,"posx":10,"posy":5,"lastAction":4,"status":0},{"playerId":69695,"score":1050,"energy":1,"posx":1,"posy":3,"lastAction":5,"status":0}],"golds":[{"posx":7,"posy":0,"amount":300},{"posx":11,"posy":1,"amount":400},{"posx":12,"posy":1,"amount":100},{"posx":17,"posy":1,"amount":700},{"posx":12,"posy":2,"amount":550},{"posx":1,"posy":3,"amount":100},{"posx":16,"posy":3,"amount":450},{"posx":13,"posy":4,"amount":100},{"posx":19,"posy":4,"amount":700},{"posx":8,"posy":5,"amount":550},{"posx":10,"posy":5,"amount":150},{"posx":11,"posy":5,"amount":700},{"posx":17,"posy":7,"amount":150},{"posx":20,"posy":7,"amount":50},{"posx":10,"posy":8,"amount":300}],"changedObstacles":[]},{"players":[{"playerId":2374229,"score":475,"energy":14,"posx":8,"posy":5,"lastAction":5,"status":0},{"playerId":3573,"score":775,"energy":15,"posx":10,"posy":8,"lastAction":4,"status":0},{"playerId":3944,"score":900,"energy":29,"posx":10,"posy":5,"lastAction":4,"status":0},{"playerId":69695,"score":1050,"energy":13,"posx":1,"posy":3,"lastAction":4,"status":0}],"golds":[{"posx":7,"posy":0,"amount":300},{"posx":11,"posy":1,"amount":400},{"posx":12,"posy":1,"amount":100},{"posx":17,"posy":1,"amount":700},{"posx":12,"posy":2,"amount":550},{"posx":1,"posy":3,"amount":100},{"posx":16,"posy":3,"amount":450},{"posx":13,"posy":4,"amount":100},{"posx":19,"posy":4,"amount":700},{"posx":8,"posy":5,"amount":500},{"posx":10,"posy":5,"amount":150},{"posx":11,"posy":5,"amount":700},{"posx":17,"posy":7,"amount":150},{"posx":20,"posy":7,"amount":50},{"posx":10,"posy":8,"amount":300}],"changedObstacles":[]},{"players":[{"playerId":2374229,"score":525,"energy":9,"posx":8,"posy":5,"lastAction":5,"status":0},{"playerId":3573,"score":825,"energy":10,"posx":10,"posy":8,"lastAction":5,"status":0},{"playerId":3944,"score":900,"energy":50,"posx":10,"posy":5,"lastAction":4,"status":0},{"playerId":69695,"score":1100,"energy":8,"posx":1,"posy":3,"lastAction":5,"status":0}],"golds":[{"posx":7,"posy":0,"amount":300},{"posx":11,"posy":1,"amount":400},{"posx":12,"posy":1,"amount":100},{"posx":17,"posy":1,"amount":700},{"posx":12,"posy":2,"amount":550},{"posx":1,"posy":3,"amount":50},{"posx":16,"posy":3,"amount":450},{"posx":13,"posy":4,"amount":100},{"posx":19,"posy":4,"amount":700},{"posx":8,"posy":5,"amount":450},{"posx":10,"posy":5,"amount":150},{"posx":11,"posy":5,"amount":700},{"posx":17,"posy":7,"amount":150},{"posx":20,"posy":7,"amount":50},{"posx":10,"posy":8,"amount":250}],"changedObstacles":[]},{"players":[{"playerId":2374229,"score":575,"energy":4,"posx":8,"posy":5,"lastAction":5,"status":0},{"playerId":3573,"score":875,"energy":5,"posx":10,"posy":8,"lastAction":5,"status":0},{"playerId":3944,"score":950,"energy":45,"posx":10,"posy":5,"lastAction":5,"status":0},{"playerId":69695,"score":1150,"energy":3,"posx":1,"posy":3,"lastAction":5,"status":0}],"golds":[{"posx":7,"posy":0,"amount":300},{"posx":11,"posy":1,"amount":400},{"posx":12,"posy":1,"amount":100},{"posx":17,"posy":1,"amount":700},{"posx":12,"posy":2,"amount":550},{"posx":16,"posy":3,"amount":450},{"posx":13,"posy":4,"amount":100},{"posx":19,"posy":4,"amount":700},{"posx":8,"posy":5,"amount":400},{"posx":10,"posy":5,"amount":100},{"posx":11,"posy":5,"amount":700},{"posx":17,"posy":7,"amount":150},{"posx":20,"posy":7,"amount":50},{"posx":10,"posy":8,"amount":200}],"changedObstacles":[{"type":0,"posx":1,"posy":3,"value":-1}]},{"players":[{"playerId":2374229,"score":575,"energy":16,"posx":8,"posy":5,"lastAction":4,"status":0},{"playerId":3573,"score":875,"energy":17,"posx":10,"posy":8,"lastAction":4,"status":0},{"playerId":3944,"score":1000,"energy":40,"posx":10,"posy":5,"lastAction":5,"status":0},{"playerId":69695,"score":1150,"energy":15,"posx":1,"posy":3,"lastAction":4,"status":0}],"golds":[{"posx":7,"posy":0,"amount":300},{"posx":11,"posy":1,"amount":400},{"posx":12,"posy":1,"amount":100},{"posx":17,"posy":1,"amount":700},{"posx":12,"posy":2,"amount":550},{"posx":16,"posy":3,"amount":450},{"posx":13,"posy":4,"amount":100},{"posx":19,"posy":4,"amount":700},{"posx":8,"posy":5,"amount":400},{"posx":10,"posy":5,"amount":50},{"posx":11,"posy":5,"amount":700},{"posx":17,"posy":7,"amount":150},{"posx":20,"posy":7,"amount":50},{"posx":10,"posy":8,"amount":200}],"changedObstacles":[]},{"players":[{"playerId":2374229,"score":575,"energy":32,"posx":8,"posy":5,"lastAction":4,"status":0},{"playerId":3573,"score":925,"energy":12,"posx":10,"posy":8,"lastAction":5,"status":0},{"playerId":3944,"score":1050,"energy":35,"posx":10,"posy":5,"lastAction":5,"status":0},{"playerId":69695,"score":1150,"energy":31,"posx":1,"posy":3,"lastAction":4,"status":0}],"golds":[{"posx":7,"posy":0,"amount":300},{"posx":11,"posy":1,"amount":400},{"posx":12,"posy":1,"amount":100},{"posx":17,"posy":1,"amount":700},{"posx":12,"posy":2,"amount":550},{"posx":16,"posy":3,"amount":450},{"posx":13,"posy":4,"amount":100},{"posx":19,"posy":4,"amount":700},{"posx":8,"posy":5,"amount":400},{"posx":11,"posy":5,"amount":700},{"posx":17,"posy":7,"amount":150},{"posx":20,"posy":7,"amount":50},{"posx":10,"posy":8,"amount":150}],"changedObstacles":[{"type":0,"posx":10,"posy":5,"value":-1}]},{"players":[{"playerId":2374229,"score":625,"energy":27,"posx":8,"posy":5,"lastAction":5,"status":0},{"playerId":3573,"score":975,"energy":7,"posx":10,"posy":8,"lastAction":5,"status":0},{"playerId":3944,"score":1050,"energy":31,"posx":11,"posy":5,"lastAction":1,"status":0},{"playerId":69695,"score":1150,"energy":30,"posx":1,"posy":4,"lastAction":3,"status":0}],"golds":[{"posx":7,"posy":0,"amount":300},{"posx":11,"posy":1,"amount":400},{"posx":12,"posy":1,"amount":100},{"posx":17,"posy":1,"amount":700},{"posx":12,"posy":2,"amount":550},{"posx":16,"posy":3,"amount":450},{"posx":13,"posy":4,"amount":100},{"posx":19,"posy":4,"amount":700},{"posx":8,"posy":5,"amount":350},{"posx":11,"posy":5,"amount":700},{"posx":17,"posy":7,"amount":150},{"posx":20,"posy":7,"amount":50},{"posx":10,"posy":8,"amount":100}],"changedObstacles":[]},{"players":[{"playerId":2374229,"score":675,"energy":22,"posx":8,"posy":5,"lastAction":5,"status":0},{"playerId":3573,"score":1025,"energy":2,"posx":10,"posy":8,"lastAction":5,"status":0},{"playerId":3944,"score":1100,"energy":26,"posx":11,"posy":5,"lastAction":5,"status":0},{"playerId":69695,"score":1150,"energy":20,"posx":1,"posy":5,"lastAction":3,"status":0}],"golds":[{"posx":7,"posy":0,"amount":300},{"posx":11,"posy":1,"amount":400},{"posx":12,"posy":1,"amount":100},{"posx":17,"posy":1,"amount":700},{"posx":12,"posy":2,"amount":550},{"posx":16,"posy":3,"amount":450},{"posx":13,"posy":4,"amount":100},{"posx":19,"posy":4,"amount":700},{"posx":8,"posy":5,"amount":300},{"posx":11,"posy":5,"amount":650},{"posx":17,"posy":7,"amount":150},{"posx":20,"posy":7,"amount":50},{"posx":10,"posy":8,"amount":50}],"changedObstacles":[{"type":0,"posx":1,"posy":5,"value":-1}]},{"players":[{"playerId":2374229,"score":725,"energy":17,"posx":8,"posy":5,"lastAction":5,"status":0},{"playerId":3573,"score":1025,"energy":14,"posx":10,"posy":8,"lastAction":4,"status":0},{"playerId":3944,"score":1150,"energy":21,"posx":11,"posy":5,"lastAction":5,"status":0},{"playerId":69695,"score":1150,"energy":13,"posx":2,"posy":5,"lastAction":1,"status":0}],"golds":[{"posx":7,"posy":0,"amount":300},{"posx":11,"posy":1,"amount":400},{"posx":12,"posy":1,"amount":100},{"posx":17,"posy":1,"amount":700},{"posx":12,"posy":2,"amount":550},{"posx":16,"posy":3,"amount":450},{"posx":13,"posy":4,"amount":100},{"posx":19,"posy":4,"amount":700},{"posx":8,"posy":5,"amount":250},{"posx":11,"posy":5,"amount":600},{"posx":17,"posy":7,"amount":150},{"posx":20,"posy":7,"amount":50},{"posx":10,"posy":8,"amount":50}],"changedObstacles":[]},{"players":[{"playerId":2374229,"score":775,"energy":12,"posx":8,"posy":5,"lastAction":5,"status":0},{"playerId":3573,"score":1075,"energy":9,"posx":10,"posy":8,"lastAction":5,"status":0},{"playerId":3944,"score":1200,"energy":16,"posx":11,"posy":5,"lastAction":5,"status":0},{"playerId":69695,"score":1150,"energy":25,"posx":2,"posy":5,"lastAction":4,"status":0}],"golds":[{"posx":7,"posy":0,"amount":300},{"posx":11,"posy":1,"amount":400},{"posx":12,"posy":1,"amount":100},{"posx":17,"posy":1,"amount":700},{"posx":12,"posy":2,"amount":550},{"posx":16,"posy":3,"amount":450},{"posx":13,"posy":4,"amount":100},{"posx":19,"posy":4,"amount":700},{"posx":8,"posy":5,"amount":200},{"posx":11,"posy":5,"amount":550},{"posx":17,"posy":7,"amount":150},{"posx":20,"posy":7,"amount":50}],"changedObstacles":[{"type":0,"posx":10,"posy":8,"value":-1}]},{"players":[{"playerId":2374229,"score":825,"energy":7,"posx":8,"posy":5,"lastAction":5,"status":0},{"playerId":3573,"score":1075,"energy":21,"posx":10,"posy":8,"lastAction":4,"status":0},{"playerId":3944,"score":1250,"energy":11,"posx":11,"posy":5,"lastAction":5,"status":0},{"playerId":69695,"score":1150,"energy":20,"posx":3,"posy":5,"lastAction":1,"status":0}],"golds":[{"posx":7,"posy":0,"amount":300},{"posx":11,"posy":1,"amount":400},{"posx":12,"posy":1,"amount":100},{"posx":17,"posy":1,"amount":700},{"posx":12,"posy":2,"amount":550},{"posx":16,"posy":3,"amount":450},{"posx":13,"posy":4,"amount":100},{"posx":19,"posy":4,"amount":700},{"posx":8,"posy":5,"amount":150},{"posx":11,"posy":5,"amount":500},{"posx":17,"posy":7,"amount":150},{"posx":20,"posy":7,"amount":50}],"changedObstacles":[{"type":3,"posx":3,"posy":5,"value":-20}]},{"players":[{"playerId":2374229,"score":875,"energy":2,"posx":8,"posy":5,"lastAction":5,"status":0},{"playerId":3573,"score":1075,"energy":37,"posx":10,"posy":8,"lastAction":4,"status":0},{"playerId":3944,"score":1300,"energy":6,"posx":11,"posy":5,"lastAction":5,"status":0},{"playerId":69695,"score":1150,"energy":19,"posx":4,"posy":5,"lastAction":1,"status":0}],"golds":[{"posx":7,"posy":0,"amount":300},{"posx":11,"posy":1,"amount":400},{"posx":12,"posy":1,"amount":100},{"posx":17,"posy":1,"amount":700},{"posx":12,"posy":2,"amount":550},{"posx":16,"posy":3,"amount":450},{"posx":13,"posy":4,"amount":100},{"posx":19,"posy":4,"amount":700},{"posx":8,"posy":5,"amount":100},{"posx":11,"posy":5,"amount":450},{"posx":17,"posy":7,"amount":150},{"posx":20,"posy":7,"amount":50}],"changedObstacles":[]},{"players":[{"playerId":2374229,"score":875,"energy":14,"posx":8,"posy":5,"lastAction":4,"status":0},{"playerId":3573,"score":1075,"energy":36,"posx":11,"posy":8,"lastAction":1,"status":0},{"playerId":3944,"score":1350,"energy":1,"posx":11,"posy":5,"lastAction":5,"status":0},{"playerId":69695,"score":1150,"energy":18,"posx":5,"posy":5,"lastAction":1,"status":0}],"golds":[{"posx":7,"posy":0,"amount":300},{"posx":11,"posy":1,"amount":400},{"posx":12,"posy":1,"amount":100},{"posx":17,"posy":1,"amount":700},{"posx":12,"posy":2,"amount":550},{"posx":16,"posy":3,"amount":450},{"posx":13,"posy":4,"amount":100},{"posx":19,"posy":4,"amount":700},{"posx":8,"posy":5,"amount":100},{"posx":11,"posy":5,"amount":400},{"posx":17,"posy":7,"amount":150},{"posx":20,"posy":7,"amount":50}],"changedObstacles":[]},{"players":[{"playerId":2374229,"score":875,"energy":30,"posx":8,"posy":5,"lastAction":4,"status":0},{"playerId":3573,"score":1075,"energy":26,"posx":12,"posy":8,"lastAction":1,"status":0},{"playerId":3944,"score":1350,"energy":13,"posx":11,"posy":5,"lastAction":4,"status":0},{"playerId":69695,"score":1150,"energy":8,"posx":6,"posy":5,"lastAction":1,"status":0}],"golds":[{"posx":7,"posy":0,"amount":300},{"posx":11,"posy":1,"amount":400},{"posx":12,"posy":1,"amount":100},{"posx":17,"posy":1,"amount":700},{"posx":12,"posy":2,"amount":550},{"posx":16,"posy":3,"amount":450},{"posx":13,"posy":4,"amount":100},{"posx":19,"posy":4,"amount":700},{"posx":8,"posy":5,"amount":100},{"posx":11,"posy":5,"amount":400},{"posx":17,"posy":7,"amount":150},{"posx":20,"posy":7,"amount":50}],"changedObstacles":[{"type":0,"posx":12,"posy":8,"value":-1},{"type":0,"posx":6,"posy":5,"value":-1}]},{"players":[{"playerId":2374229,"score":925,"energy":25,"posx":8,"posy":5,"lastAction":5,"status":0},{"playerId":3573,"score":1075,"energy":38,"posx":12,"posy":8,"lastAction":4,"status":0},{"playerId":3944,"score":1350,"energy":29,"posx":11,"posy":5,"lastAction":4,"status":0},{"playerId":69695,"score":1150,"energy":20,"posx":6,"posy":5,"lastAction":4,"status":0}],"golds":[{"posx":7,"posy":0,"amount":300},{"posx":11,"posy":1,"amount":400},{"posx":12,"posy":1,"amount":100},{"posx":17,"posy":1,"amount":700},{"posx":12,"posy":2,"amount":550},{"posx":16,"posy":3,"amount":450},{"posx":13,"posy":4,"amount":100},{"posx":19,"posy":4,"amount":700},{"posx":8,"posy":5,"amount":50},{"posx":11,"posy":5,"amount":400},{"posx":17,"posy":7,"amount":150},{"posx":20,"posy":7,"amount":50}],"changedObstacles":[]},{"players":[{"playerId":2374229,"score":975,"energy":20,"posx":8,"posy":5,"lastAction":5,"status":0},{"playerId":3573,"score":1075,"energy":28,"posx":12,"posy":7,"lastAction":2,"status":0},{"playerId":3944,"score":1350,"energy":50,"posx":11,"posy":5,"lastAction":4,"status":0},{"playerId":69695,"score":1150,"energy":19,"posx":7,"posy":5,"lastAction":1,"status":0}],"golds":[{"posx":7,"posy":0,"amount":300},{"posx":11,"posy":1,"amount":400},{"posx":12,"posy":1,"amount":100},{"posx":17,"posy":1,"amount":700},{"posx":12,"posy":2,"amount":550},{"posx":16,"posy":3,"amount":450},{"posx":13,"posy":4,"amount":100},{"posx":19,"posy":4,"amount":700},{"posx":11,"posy":5,"amount":400},{"posx":17,"posy":7,"amount":150},{"posx":20,"posy":7,"amount":50}],"changedObstacles":[{"type":0,"posx":12,"posy":7,"value":-1},{"type":0,"posx":8,"posy":5,"value":-1}]},{"players":[{"playerId":2374229,"score":975,"energy":32,"posx":8,"posy":5,"lastAction":4,"status":0},{"playerId":3573,"score":1075,"energy":40,"posx":12,"posy":7,"lastAction":4,"status":0},{"playerId":3944,"score":1400,"energy":45,"posx":11,"posy":5,"lastAction":5,"status":0},{"playerId":69695,"score":1150,"energy":18,"posx":8,"posy":5,"lastAction":1,"status":0}],"golds":[{"posx":7,"posy":0,"amount":300},{"posx":11,"posy":1,"amount":400},{"posx":12,"posy":1,"amount":100},{"posx":17,"posy":1,"amount":700},{"posx":12,"posy":2,"amount":550},{"posx":16,"posy":3,"amount":450},{"posx":13,"posy":4,"amount":100},{"posx":19,"posy":4,"amount":700},{"posx":11,"posy":5,"amount":350},{"posx":17,"posy":7,"amount":150},{"posx":20,"posy":7,"amount":50}],"changedObstacles":[]},{"players":[{"playerId":2374229,"score":975,"energy":12,"posx":9,"posy":5,"lastAction":1,"status":0},{"playerId":3573,"score":1075,"energy":29,"posx":12,"posy":6,"lastAction":2,"status":0},{"playerId":3944,"score":1450,"energy":40,"posx":11,"posy":5,"lastAction":5,"status":0},{"playerId":69695,"score":1150,"energy":-2,"posx":9,"posy":5,"lastAction":1,"status":2}],"golds":[{"posx":7,"posy":0,"amount":300},{"posx":11,"posy":1,"amount":400},{"posx":12,"posy":1,"amount":100},{"posx":17,"posy":1,"amount":700},{"posx":12,"posy":2,"amount":550},{"posx":16,"posy":3,"amount":450},{"posx":13,"posy":4,"amount":100},{"posx":19,"posy":4,"amount":700},{"posx":11,"posy":5,"amount":300},{"posx":17,"posy":7,"amount":150},{"posx":20,"posy":7,"amount":50}],"changedObstacles":[{"type":3,"posx":9,"posy":5,"value":-40}]},{"players":[{"playerId":2374229,"score":975,"energy":24,"posx":9,"posy":5,"lastAction":4,"status":0},{"playerId":3573,"score":1075,"energy":41,"posx":12,"posy":6,"lastAction":4,"status":0},{"playerId":3944,"score":1500,"energy":35,"posx":11,"posy":5,"lastAction":5,"status":0},{"playerId":69695,"score":1150,"energy":-2,"posx":9,"posy":5,"lastAction":6,"status":2}],"golds":[{"posx":7,"posy":0,"amount":300},{"posx":11,"posy":1,"amount":400},{"posx":12,"posy":1,"amount":100},{"posx":17,"posy":1,"amount":700},{"posx":12,"posy":2,"amount":550},{"posx":16,"posy":3,"amount":450},{"posx":13,"posy":4,"amount":100},{"posx":19,"posy":4,"amount":700},{"posx":11,"posy":5,"amount":250},{"posx":17,"posy":7,"amount":150},{"posx":20,"posy":7,"amount":50}],"changedObstacles":[]},{"players":[{"playerId":2374229,"score":975,"energy":23,"posx":10,"posy":5,"lastAction":1,"status":0},{"playerId":3573,"score":1075,"energy":30,"posx":13,"posy":6,"lastAction":1,"status":0},{"playerId":3944,"score":1550,"energy":30,"posx":11,"posy":5,"lastAction":5,"status":0},{"playerId":69695,"score":1150,"energy":-2,"posx":9,"posy":5,"lastAction":6,"status":2}],"golds":[{"posx":7,"posy":0,"amount":300},{"posx":11,"posy":1,"amount":400},{"posx":12,"posy":1,"amount":100},{"posx":17,"posy":1,"amount":700},{"posx":12,"posy":2,"amount":550},{"posx":16,"posy":3,"amount":450},{"posx":13,"posy":4,"amount":100},{"posx":19,"posy":4,"amount":700},{"posx":11,"posy":5,"amount":200},{"posx":17,"posy":7,"amount":150},{"posx":20,"posy":7,"amount":50}],"changedObstacles":[]},{"players":[{"playerId":2374229,"score":975,"energy":19,"posx":11,"posy":5,"lastAction":1,"status":0},{"playerId":3573,"score":1075,"energy":42,"posx":13,"posy":6,"lastAction":4,"status":0},{"playerId":3944,"score":1600,"energy":25,"posx":11,"posy":5,"lastAction":5,"status":0},{"playerId":69695,"score":1150,"energy":-2,"posx":9,"posy":5,"lastAction":6,"status":2}],"golds":[{"posx":7,"posy":0,"amount":300},{"posx":11,"posy":1,"amount":400},{"posx":12,"posy":1,"amount":100},{"posx":17,"posy":1,"amount":700},{"posx":12,"posy":2,"amount":550},{"posx":16,"posy":3,"amount":450},{"posx":13,"posy":4,"amount":100},{"posx":19,"posy":4,"amount":700},{"posx":11,"posy":5,"amount":150},{"posx":17,"posy":7,"amount":150},{"posx":20,"posy":7,"amount":50}],"changedObstacles":[]},{"players":[{"playerId":2374229,"score":1025,"energy":14,"posx":11,"posy":5,"lastAction":5,"status":0},{"playerId":3573,"score":1075,"energy":41,"posx":14,"posy":6,"lastAction":1,"status":0},{"playerId":3944,"score":1650,"energy":20,"posx":11,"posy":5,"lastAction":5,"status":0},{"playerId":69695,"score":1150,"energy":-2,"posx":9,"posy":5,"lastAction":6,"status":2}],"golds":[{"posx":7,"posy":0,"amount":300},{"posx":11,"posy":1,"amount":400},{"posx":12,"posy":1,"amount":100},{"posx":17,"posy":1,"amount":700},{"posx":12,"posy":2,"amount":550},{"posx":16,"posy":3,"amount":450},{"posx":13,"posy":4,"amount":100},{"posx":19,"posy":4,"amount":700},{"posx":11,"posy":5,"amount":50},{"posx":17,"posy":7,"amount":150},{"posx":20,"posy":7,"amount":50}],"changedObstacles":[]},{"players":[{"playerId":2374229,"score":1050,"energy":9,"posx":11,"posy":5,"lastAction":5,"status":0},{"playerId":3573,"score":1075,"energy":40,"posx":15,"posy":6,"lastAction":1,"status":0},{"playerId":3944,"score":1675,"energy":15,"posx":11,"posy":5,"lastAction":5,"status":0},{"playerId":69695,"score":1150,"energy":-2,"posx":9,"posy":5,"lastAction":6,"status":2}],"golds":[{"posx":7,"posy":0,"amount":300},{"posx":11,"posy":1,"amount":400},{"posx":12,"posy":1,"amount":100},{"posx":17,"posy":1,"amount":700},{"posx":12,"posy":2,"amount":550},{"posx":16,"posy":3,"amount":450},{"posx":13,"posy":4,"amount":100},{"posx":19,"posy":4,"amount":700},{"posx":17,"posy":7,"amount":150},{"posx":20,"posy":7,"amount":50}],"changedObstacles":[{"type":0,"posx":11,"posy":5,"value":-1}]},{"players":[{"playerId":2374229,"score":1050,"energy":21,"posx":11,"posy":5,"lastAction":4,"status":0},{"playerId":3573,"score":1075,"energy":35,"posx":16,"posy":6,"lastAction":1,"status":0},{"playerId":3944,"score":1675,"energy":14,"posx":11,"posy":4,"lastAction":2,"status":0},{"playerId":69695,"score":1150,"energy":-2,"posx":9,"posy":5,"lastAction":6,"status":2}],"golds":[{"posx":7,"posy":0,"amount":300},{"posx":11,"posy":1,"amount":400},{"posx":12,"posy":1,"amount":100},{"posx":17,"posy":1,"amount":700},{"posx":12,"posy":2,"amount":550},{"posx":16,"posy":3,"amount":450},{"posx":13,"posy":4,"amount":100},{"posx":19,"posy":4,"amount":700},{"posx":17,"posy":7,"amount":150},{"posx":20,"posy":7,"amount":50}],"changedObstacles":[{"type":3,"posx":16,"posy":6,"value":-20}]},{"players":[{"playerId":2374229,"score":1050,"energy":20,"posx":11,"posy":4,"lastAction":2,"status":0},{"playerId":3573,"score":1075,"energy":19,"posx":16,"posy":5,"lastAction":2,"status":0},{"playerId":3944,"score":1675,"energy":26,"posx":11,"posy":4,"lastAction":4,"status":0},{"playerId":69695,"score":1150,"energy":-2,"posx":9,"posy":5,"lastAction":6,"status":2}],"golds":[{"posx":7,"posy":0,"amount":300},{"posx":11,"posy":1,"amount":400},{"posx":12,"posy":1,"amount":100},{"posx":17,"posy":1,"amount":700},{"posx":12,"posy":2,"amount":550},{"posx":16,"posy":3,"amount":450},{"posx":13,"posy":4,"amount":100},{"posx":19,"posy":4,"amount":700},{"posx":17,"posy":7,"amount":150},{"posx":20,"posy":7,"amount":50}],"changedObstacles":[]},{"players":[{"playerId":2374229,"score":1050,"energy":32,"posx":11,"posy":4,"lastAction":4,"status":0},{"playerId":3573,"score":1075,"energy":31,"posx":16,"posy":5,"lastAction":4,"status":0},{"playerId":3944,"score":1675,"energy":11,"posx":12,"posy":4,"lastAction":1,"status":0},{"playerId":69695,"score":1150,"energy":-2,"posx":9,"posy":5,"lastAction":6,"status":2}],"golds":[{"posx":7,"posy":0,"amount":300},{"posx":11,"posy":1,"amount":400},{"posx":12,"posy":1,"amount":100},{"posx":17,"posy":1,"amount":700},{"posx":12,"posy":2,"amount":550},{"posx":16,"posy":3,"amount":450},{"posx":13,"posy":4,"amount":100},{"posx":19,"posy":4,"amount":700},{"posx":17,"posy":7,"amount":150},{"posx":20,"posy":7,"amount":50}],"changedObstacles":[]},{"players":[{"playerId":2374229,"score":1050,"energy":26,"posx":11,"posy":3,"lastAction":2,"status":0},{"playerId":3573,"score":1075,"energy":47,"posx":16,"posy":5,"lastAction":4,"status":0},{"playerId":3944,"score":1675,"energy":7,"posx":13,"posy":4,"lastAction":1,"status":0},{"playerId":69695,"score":1150,"energy":-2,"posx":9,"posy":5,"lastAction":6,"status":2}],"golds":[{"posx":7,"posy":0,"amount":300},{"posx":11,"posy":1,"amount":400},{"posx":12,"posy":1,"amount":100},{"posx":17,"posy":1,"amount":700},{"posx":12,"posy":2,"amount":550},{"posx":16,"posy":3,"amount":450},{"posx":13,"posy":4,"amount":100},{"posx":19,"posy":4,"amount":700},{"posx":17,"posy":7,"amount":150},{"posx":20,"posy":7,"amount":50}],"changedObstacles":[]},{"players":[{"playerId":2374229,"score":1050,"energy":16,"posx":11,"posy":2,"lastAction":2,"status":0},{"playerId":3573,"score":1075,"energy":46,"posx":17,"posy":5,"lastAction":1,"status":0},{"playerId":3944,"score":1725,"energy":2,"posx":13,"posy":4,"lastAction":5,"status":0},{"playerId":69695,"score":1150,"energy":-2,"posx":9,"posy":5,"lastAction":6,"status":2}],"golds":[{"posx":7,"posy":0,"amount":300},{"posx":11,"posy":1,"amount":400},{"posx":12,"posy":1,"amount":100},{"posx":17,"posy":1,"amount":700},{"posx":12,"posy":2,"amount":550},{"posx":16,"posy":3,"amount":450},{"posx":13,"posy":4,"amount":50},{"posx":19,"posy":4,"amount":700},{"posx":17,"posy":7,"amount":150},{"posx":20,"posy":7,"amount":50}],"changedObstacles":[{"type":0,"posx":11,"posy":2,"value":-1}]},{"players":[{"playerId":2374229,"score":1050,"energy":28,"posx":11,"posy":2,"lastAction":4,"status":0},{"playerId":3573,"score":1075,"energy":36,"posx":18,"posy":5,"lastAction":1,"status":0},{"playerId":3944,"score":1725,"energy":14,"posx":13,"posy":4,"lastAction":4,"status":0},{"playerId":69695,"score":1150,"energy":-2,"posx":9,"posy":5,"lastAction":6,"status":2}],"golds":[{"posx":7,"posy":0,"amount":300},{"posx":11,"posy":1,"amount":400},{"posx":12,"posy":1,"amount":100},{"posx":17,"posy":1,"amount":700},{"posx":12,"posy":2,"amount":550},{"posx":16,"posy":3,"amount":450},{"posx":13,"posy":4,"amount":50},{"posx":19,"posy":4,"amount":700},{"posx":17,"posy":7,"amount":150},{"posx":20,"posy":7,"amount":50}],"changedObstacles":[{"type":0,"posx":18,"posy":5,"value":-1}]},{"players":[{"playerId":2374229,"score":1050,"energy":24,"posx":12,"posy":2,"lastAction":1,"status":0},{"playerId":3573,"score":1075,"energy":35,"posx":19,"posy":5,"lastAction":1,"status":0},{"playerId":3944,"score":1725,"energy":30,"posx":13,"posy":4,"lastAction":4,"status":0},{"playerId":69695,"score":1150,"energy":-2,"posx":9,"posy":5,"lastAction":6,"status":2}],"golds":[{"posx":7,"posy":0,"amount":300},{"posx":11,"posy":1,"amount":400},{"posx":12,"posy":1,"amount":100},{"posx":17,"posy":1,"amount":700},{"posx":12,"posy":2,"amount":550},{"posx":16,"posy":3,"amount":450},{"posx":13,"posy":4,"amount":50},{"posx":19,"posy":4,"amount":700},{"posx":17,"posy":7,"amount":150},{"posx":20,"posy":7,"amount":50}],"changedObstacles":[]},{"players":[{"playerId":2374229,"score":1100,"energy":19,"posx":12,"posy":2,"lastAction":5,"status":0},{"playerId":3573,"score":1075,"energy":31,"posx":19,"posy":4,"lastAction":2,"status":0},{"playerId":3944,"score":1725,"energy":50,"posx":13,"posy":4,"lastAction":4,"status":0},{"playerId":69695,"score":1150,"energy":-2,"posx":9,"posy":5,"lastAction":6,"status":2}],"golds":[{"posx":7,"posy":0,"amount":300},{"posx":11,"posy":1,"amount":400},{"posx":12,"posy":1,"amount":100},{"posx":17,"posy":1,"amount":700},{"posx":12,"posy":2,"amount":500},{"posx":16,"posy":3,"amount":450},{"posx":13,"posy":4,"amount":50},{"posx":19,"posy":4,"amount":700},{"posx":17,"posy":7,"amount":150},{"posx":20,"posy":7,"amount":50}],"changedObstacles":[]},{"players":[{"playerId":2374229,"score":1150,"energy":14,"posx":12,"posy":2,"lastAction":5,"status":0},{"playerId":3573,"score":1125,"energy":26,"posx":19,"posy":4,"lastAction":5,"status":0},{"playerId":3944,"score":1775,"energy":45,"posx":13,"posy":4,"lastAction":5,"status":0},{"playerId":69695,"score":1150,"energy":-2,"posx":9,"posy":5,"lastAction":6,"status":2}],"golds":[{"posx":7,"posy":0,"amount":300},{"posx":11,"posy":1,"amount":400},{"posx":12,"posy":1,"amount":100},{"posx":17,"posy":1,"amount":700},{"posx":12,"posy":2,"amount":450},{"posx":16,"posy":3,"amount":450},{"posx":19,"posy":4,"amount":650},{"posx":17,"posy":7,"amount":150},{"posx":20,"posy":7,"amount":50}],"changedObstacles":[{"type":0,"posx":13,"posy":4,"value":-1}]},{"players":[{"playerId":2374229,"score":1200,"energy":9,"posx":12,"posy":2,"lastAction":5,"status":0},{"playerId":3573,"score":1175,"energy":21,"posx":19,"posy":4,"lastAction":5,"status":0},{"playerId":3944,"score":1775,"energy":44,"posx":13,"posy":3,"lastAction":2,"status":0},{"playerId":69695,"score":1150,"energy":-2,"posx":9,"posy":5,"lastAction":6,"status":2}],"golds":[{"posx":7,"posy":0,"amount":300},{"posx":11,"posy":1,"amount":400},{"posx":12,"posy":1,"amount":100},{"posx":17,"posy":1,"amount":700},{"posx":12,"posy":2,"amount":400},{"posx":16,"posy":3,"amount":450},{"posx":19,"posy":4,"amount":600},{"posx":17,"posy":7,"amount":150},{"posx":20,"posy":7,"amount":50}],"changedObstacles":[]},{"players":[{"playerId":2374229,"score":1250,"energy":4,"posx":12,"posy":2,"lastAction":5,"status":0},{"playerId":3573,"score":1225,"energy":16,"posx":19,"posy":4,"lastAction":5,"status":0},{"playerId":3944,"score":1775,"energy":43,"posx":14,"posy":3,"lastAction":1,"status":0},{"playerId":69695,"score":1150,"energy":-2,"posx":9,"posy":5,"lastAction":6,"status":2}],"golds":[{"posx":7,"posy":0,"amount":300},{"posx":11,"posy":1,"amount":400},{"posx":12,"posy":1,"amount":100},{"posx":17,"posy":1,"amount":700},{"posx":12,"posy":2,"amount":350},{"posx":16,"posy":3,"amount":450},{"posx":19,"posy":4,"amount":550},{"posx":17,"posy":7,"amount":150},{"posx":20,"posy":7,"amount":50}],"changedObstacles":[]},{"players":[{"playerId":2374229,"score":1250,"energy":16,"posx":12,"posy":2,"lastAction":4,"status":0},{"playerId":3573,"score":1275,"energy":11,"posx":19,"posy":4,"lastAction":5,"status":0},{"playerId":3944,"score":1775,"energy":28,"posx":15,"posy":3,"lastAction":1,"status":0},{"playerId":69695,"score":1150,"energy":-2,"posx":9,"posy":5,"lastAction":6,"status":2}],"golds":[{"posx":7,"posy":0,"amount":300},{"posx":11,"posy":1,"amount":400},{"posx":12,"posy":1,"amount":100},{"posx":17,"posy":1,"amount":700},{"posx":12,"posy":2,"amount":350},{"posx":16,"posy":3,"amount":450},{"posx":19,"posy":4,"amount":500},{"posx":17,"posy":7,"amount":150},{"posx":20,"posy":7,"amount":50}],"changedObstacles":[]},{"players":[{"playerId":2374229,"score":1250,"energy":32,"posx":12,"posy":2,"lastAction":4,"status":0},{"playerId":3573,"score":1325,"energy":6,"posx":19,"posy":4,"lastAction":5,"status":0},{"playerId":3944,"score":1775,"energy":24,"posx":16,"posy":3,"lastAction":1,"status":0},{"playerId":69695,"score":1150,"energy":-2,"posx":9,"posy":5,"lastAction":6,"status":2}],"golds":[{"posx":7,"posy":0,"amount":300},{"posx":11,"posy":1,"amount":400},{"posx":12,"posy":1,"amount":100},{"posx":17,"posy":1,"amount":700},{"posx":12,"posy":2,"amount":350},{"posx":16,"posy":3,"amount":450},{"posx":19,"posy":4,"amount":450},{"posx":17,"posy":7,"amount":150},{"posx":20,"posy":7,"amount":50}],"changedObstacles":[]},{"players":[{"playerId":2374229,"score":1300,"energy":27,"posx":12,"posy":2,"lastAction":5,"status":0},{"playerId":3573,"score":1375,"energy":1,"posx":19,"posy":4,"lastAction":5,"status":0},{"playerId":3944,"score":1825,"energy":19,"posx":16,"posy":3,"lastAction":5,"status":0},{"playerId":69695,"score":1150,"energy":-2,"posx":9,"posy":5,"lastAction":6,"status":2}],"golds":[{"posx":7,"posy":0,"amount":300},{"posx":11,"posy":1,"amount":400},{"posx":12,"posy":1,"amount":100},{"posx":17,"posy":1,"amount":700},{"posx":12,"posy":2,"amount":300},{"posx":16,"posy":3,"amount":400},{"posx":19,"posy":4,"amount":400},{"posx":17,"posy":7,"amount":150},{"posx":20,"posy":7,"amount":50}],"changedObstacles":[]},{"players":[{"playerId":2374229,"score":1350,"energy":22,"posx":12,"posy":2,"lastAction":5,"status":0},{"playerId":3573,"score":1375,"energy":13,"posx":19,"posy":4,"lastAction":4,"status":0},{"playerId":3944,"score":1875,"energy":14,"posx":16,"posy":3,"lastAction":5,"status":0},{"playerId":69695,"score":1150,"energy":-2,"posx":9,"posy":5,"lastAction":6,"status":2}],"golds":[{"posx":7,"posy":0,"amount":300},{"posx":11,"posy":1,"amount":400},{"posx":12,"posy":1,"amount":100},{"posx":17,"posy":1,"amount":700},{"posx":12,"posy":2,"amount":250},{"posx":16,"posy":3,"amount":350},{"posx":19,"posy":4,"amount":400},{"posx":17,"posy":7,"amount":150},{"posx":20,"posy":7,"amount":50}],"changedObstacles":[]},{"players":[{"playerId":2374229,"score":1400,"energy":17,"posx":12,"posy":2,"lastAction":5,"status":0},{"playerId":3573,"score":1425,"energy":8,"posx":19,"posy":4,"lastAction":5,"status":0},{"playerId":3944,"score":1925,"energy":9,"posx":16,"posy":3,"lastAction":5,"status":0},{"playerId":69695,"score":1150,"energy":-2,"posx":9,"posy":5,"lastAction":6,"status":2}],"golds":[{"posx":7,"posy":0,"amount":300},{"posx":11,"posy":1,"amount":400},{"posx":12,"posy":1,"amount":100},{"posx":17,"posy":1,"amount":700},{"posx":12,"posy":2,"amount":200},{"posx":16,"posy":3,"amount":300},{"posx":19,"posy":4,"amount":350},{"posx":17,"posy":7,"amount":150},{"posx":20,"posy":7,"amount":50}],"changedObstacles":[]},{"players":[{"playerId":2374229,"score":1450,"energy":12,"posx":12,"posy":2,"lastAction":5,"status":0},{"playerId":3573,"score":1475,"energy":3,"posx":19,"posy":4,"lastAction":5,"status":0},{"playerId":3944,"score":1975,"energy":4,"posx":16,"posy":3,"lastAction":5,"status":0},{"playerId":69695,"score":1150,"energy":-2,"posx":9,"posy":5,"lastAction":6,"status":2}],"golds":[{"posx":7,"posy":0,"amount":300},{"posx":11,"posy":1,"amount":400},{"posx":12,"posy":1,"amount":100},{"posx":17,"posy":1,"amount":700},{"posx":12,"posy":2,"amount":150},{"posx":16,"posy":3,"amount":250},{"posx":19,"posy":4,"amount":300},{"posx":17,"posy":7,"amount":150},{"posx":20,"posy":7,"amount":50}],"changedObstacles":[]},{"players":[{"playerId":2374229,"score":1500,"energy":7,"posx":12,"posy":2,"lastAction":5,"status":0},{"playerId":3573,"score":1475,"energy":15,"posx":19,"posy":4,"lastAction":4,"status":0},{"playerId":3944,"score":1975,"energy":16,"posx":16,"posy":3,"lastAction":4,"status":0},{"playerId":69695,"score":1150,"energy":-2,"posx":9,"posy":5,"lastAction":6,"status":2}],"golds":[{"posx":7,"posy":0,"amount":300},{"posx":11,"posy":1,"amount":400},{"posx":12,"posy":1,"amount":100},{"posx":17,"posy":1,"amount":700},{"posx":12,"posy":2,"amount":100},{"posx":16,"posy":3,"amount":250},{"posx":19,"posy":4,"amount":300},{"posx":17,"posy":7,"amount":150},{"posx":20,"posy":7,"amount":50}],"changedObstacles":[]},{"players":[{"playerId":2374229,"score":1550,"energy":2,"posx":12,"posy":2,"lastAction":5,"status":0},{"playerId":3573,"score":1525,"energy":10,"posx":19,"posy":4,"lastAction":5,"status":0},{"playerId":3944,"score":1975,"energy":32,"posx":16,"posy":3,"lastAction":4,"status":0},{"playerId":69695,"score":1150,"energy":-2,"posx":9,"posy":5,"lastAction":6,"status":2}],"golds":[{"posx":7,"posy":0,"amount":300},{"posx":11,"posy":1,"amount":400},{"posx":12,"posy":1,"amount":100},{"posx":17,"posy":1,"amount":700},{"posx":12,"posy":2,"amount":50},{"posx":16,"posy":3,"amount":250},{"posx":19,"posy":4,"amount":250},{"posx":17,"posy":7,"amount":150},{"posx":20,"posy":7,"amount":50}],"changedObstacles":[]},{"players":[{"playerId":2374229,"score":1550,"energy":14,"posx":12,"posy":2,"lastAction":4,"status":0},{"playerId":3573,"score":1575,"energy":5,"posx":19,"posy":4,"lastAction":5,"status":0},{"playerId":3944,"score":1975,"energy":50,"posx":16,"posy":3,"lastAction":4,"status":0},{"playerId":69695,"score":1150,"energy":-2,"posx":9,"posy":5,"lastAction":6,"status":2}],"golds":[{"posx":7,"posy":0,"amount":300},{"posx":11,"posy":1,"amount":400},{"posx":12,"posy":1,"amount":100},{"posx":17,"posy":1,"amount":700},{"posx":12,"posy":2,"amount":50},{"posx":16,"posy":3,"amount":250},{"posx":19,"posy":4,"amount":200},{"posx":17,"posy":7,"amount":150},{"posx":20,"posy":7,"amount":50}],"changedObstacles":[]},{"players":[{"playerId":2374229,"score":1550,"energy":30,"posx":12,"posy":2,"lastAction":4,"status":0},{"playerId":3573,"score":1575,"energy":17,"posx":19,"posy":4,"lastAction":4,"status":0},{"playerId":3944,"score":2025,"energy":45,"posx":16,"posy":3,"lastAction":5,"status":0},{"playerId":69695,"score":1150,"energy":-2,"posx":9,"posy":5,"lastAction":6,"status":2}],"golds":[{"posx":7,"posy":0,"amount":300},{"posx":11,"posy":1,"amount":400},{"posx":12,"posy":1,"amount":100},{"posx":17,"posy":1,"amount":700},{"posx":12,"posy":2,"amount":50},{"posx":16,"posy":3,"amount":200},{"posx":19,"posy":4,"amount":200},{"posx":17,"posy":7,"amount":150},{"posx":20,"posy":7,"amount":50}],"changedObstacles":[]},{"players":[{"playerId":2374229,"score":1600,"energy":25,"posx":12,"posy":2,"lastAction":5,"status":0},{"playerId":3573,"score":1625,"energy":12,"posx":19,"posy":4,"lastAction":5,"status":0},{"playerId":3944,"score":2075,"energy":40,"posx":16,"posy":3,"lastAction":5,"status":0},{"playerId":69695,"score":1150,"energy":-2,"posx":9,"posy":5,"lastAction":6,"status":2}],"golds":[{"posx":7,"posy":0,"amount":300},{"posx":11,"posy":1,"amount":400},{"posx":12,"posy":1,"amount":100},{"posx":17,"posy":1,"amount":700},{"posx":16,"posy":3,"amount":150},{"posx":19,"posy":4,"amount":150},{"posx":17,"posy":7,"amount":150},{"posx":20,"posy":7,"amount":50}],"changedObstacles":[{"type":0,"posx":12,"posy":2,"value":-1}]},{"players":[{"playerId":2374229,"score":1600,"energy":24,"posx":11,"posy":2,"lastAction":0,"status":0},{"playerId":3573,"score":1675,"energy":7,"posx":19,"posy":4,"lastAction":5,"status":0},{"playerId":3944,"score":2125,"energy":35,"posx":16,"posy":3,"lastAction":5,"status":0},{"playerId":69695,"score":1150,"energy":-2,"posx":9,"posy":5,"lastAction":6,"status":2}],"golds":[{"posx":7,"posy":0,"amount":300},{"posx":11,"posy":1,"amount":400},{"posx":12,"posy":1,"amount":100},{"posx":17,"posy":1,"amount":700},{"posx":16,"posy":3,"amount":100},{"posx":19,"posy":4,"amount":100},{"posx":17,"posy":7,"amount":150},{"posx":20,"posy":7,"amount":50}],"changedObstacles":[]},{"players":[{"playerId":2374229,"score":1600,"energy":20,"posx":11,"posy":1,"lastAction":2,"status":0},{"playerId":3573,"score":1725,"energy":2,"posx":19,"posy":4,"lastAction":5,"status":0},{"playerId":3944,"score":2175,"energy":30,"posx":16,"posy":3,"lastAction":5,"status":0},{"playerId":69695,"score":1150,"energy":-2,"posx":9,"posy":5,"lastAction":6,"status":2}],"golds":[{"posx":7,"posy":0,"amount":300},{"posx":11,"posy":1,"amount":400},{"posx":12,"posy":1,"amount":100},{"posx":17,"posy":1,"amount":700},{"posx":16,"posy":3,"amount":50},{"posx":19,"posy":4,"amount":50},{"posx":17,"posy":7,"amount":150},{"posx":20,"posy":7,"amount":50}],"changedObstacles":[]},{"players":[{"playerId":2374229,"score":1650,"energy":15,"posx":11,"posy":1,"lastAction":5,"status":0},{"playerId":3573,"score":1725,"energy":14,"posx":19,"posy":4,"lastAction":4,"status":0},{"playerId":3944,"score":2225,"energy":25,"posx":16,"posy":3,"lastAction":5,"status":0},{"playerId":69695,"score":1150,"energy":-2,"posx":9,"posy":5,"lastAction":6,"status":2}],"golds":[{"posx":7,"posy":0,"amount":300},{"posx":11,"posy":1,"amount":350},{"posx":12,"posy":1,"amount":100},{"posx":17,"posy":1,"amount":700},{"posx":19,"posy":4,"amount":50},{"posx":17,"posy":7,"amount":150},{"posx":20,"posy":7,"amount":50}],"changedObstacles":[{"type":0,"posx":16,"posy":3,"value":-1}]},{"players":[{"playerId":2374229,"score":1700,"energy":10,"posx":11,"posy":1,"lastAction":5,"status":0},{"playerId":3573,"score":1775,"energy":9,"posx":19,"posy":4,"lastAction":5,"status":0},{"playerId":3944,"score":2225,"energy":24,"posx":16,"posy":2,"lastAction":2,"status":0},{"playerId":69695,"score":1150,"energy":-2,"posx":9,"posy":5,"lastAction":6,"status":2}],"golds":[{"posx":7,"posy":0,"amount":300},{"posx":11,"posy":1,"amount":300},{"posx":12,"posy":1,"amount":100},{"posx":17,"posy":1,"amount":700},{"posx":17,"posy":7,"amount":150},{"posx":20,"posy":7,"amount":50}],"changedObstacles":[{"type":0,"posx":19,"posy":4,"value":-1}]},{"players":[{"playerId":2374229,"score":1750,"energy":5,"posx":11,"posy":1,"lastAction":5,"status":0},{"playerId":3573,"score":1775,"energy":21,"posx":19,"posy":4,"lastAction":4,"status":0},{"playerId":3944,"score":2225,"energy":23,"posx":17,"posy":2,"lastAction":1,"status":0},{"playerId":69695,"score":1150,"energy":-2,"posx":9,"posy":5,"lastAction":6,"status":2}],"golds":[{"posx":7,"posy":0,"amount":300},{"posx":11,"posy":1,"amount":250},{"posx":12,"posy":1,"amount":100},{"posx":17,"posy":1,"amount":700},{"posx":17,"posy":7,"amount":150},{"posx":20,"posy":7,"amount":50}],"changedObstacles":[]},{"players":[{"playerId":2374229,"score":1750,"energy":17,"posx":11,"posy":1,"lastAction":4,"status":0},{"playerId":3573,"score":1775,"energy":37,"posx":19,"posy":4,"lastAction":4,"status":0},{"playerId":3944,"score":2225,"energy":19,"posx":17,"posy":1,"lastAction":2,"status":0},{"playerId":69695,"score":1150,"energy":-2,"posx":9,"posy":5,"lastAction":6,"status":2}],"golds":[{"posx":7,"posy":0,"amount":300},{"posx":11,"posy":1,"amount":250},{"posx":12,"posy":1,"amount":100},{"posx":17,"posy":1,"amount":700},{"posx":17,"posy":7,"amount":150},{"posx":20,"posy":7,"amount":50}],"changedObstacles":[]},{"players":[{"playerId":2374229,"score":1750,"energy":33,"posx":11,"posy":1,"lastAction":4,"status":0},{"playerId":3573,"score":1775,"energy":36,"posx":18,"posy":4,"lastAction":0,"status":0},{"playerId":3944,"score":2275,"energy":14,"posx":17,"posy":1,"lastAction":5,"status":0},{"playerId":69695,"score":1150,"energy":-2,"posx":9,"posy":5,"lastAction":6,"status":2}],"golds":[{"posx":7,"posy":0,"amount":300},{"posx":11,"posy":1,"amount":250},{"posx":12,"posy":1,"amount":100},{"posx":17,"posy":1,"amount":650},{"posx":17,"posy":7,"amount":150},{"posx":20,"posy":7,"amount":50}],"changedObstacles":[]},{"players":[{"playerId":2374229,"score":1800,"energy":28,"posx":11,"posy":1,"lastAction":5,"status":0},{"playerId":3573,"score":1775,"energy":35,"posx":17,"posy":4,"lastAction":0,"status":0},{"playerId":3944,"score":2325,"energy":9,"posx":17,"posy":1,"lastAction":5,"status":0},{"playerId":69695,"score":1150,"energy":-2,"posx":9,"posy":5,"lastAction":6,"status":2}],"golds":[{"posx":7,"posy":0,"amount":300},{"posx":11,"posy":1,"amount":200},{"posx":12,"posy":1,"amount":100},{"posx":17,"posy":1,"amount":600},{"posx":17,"posy":7,"amount":150},{"posx":20,"posy":7,"amount":50}],"changedObstacles":[]},{"players":[{"playerId":2374229,"score":1850,"energy":23,"posx":11,"posy":1,"lastAction":5,"status":0},{"playerId":3573,"score":1775,"energy":34,"posx":17,"posy":3,"lastAction":2,"status":0},{"playerId":3944,"score":2375,"energy":4,"posx":17,"posy":1,"lastAction":5,"status":0},{"playerId":69695,"score":1150,"energy":-2,"posx":9,"posy":5,"lastAction":6,"status":2}],"golds":[{"posx":7,"posy":0,"amount":300},{"posx":11,"posy":1,"amount":150},{"posx":12,"posy":1,"amount":100},{"posx":17,"posy":1,"amount":550},{"posx":17,"posy":7,"amount":150},{"posx":20,"posy":7,"amount":50}],"changedObstacles":[]},{"players":[{"playerId":2374229,"score":1900,"energy":18,"posx":11,"posy":1,"lastAction":5,"status":0},{"playerId":3573,"score":1775,"energy":33,"posx":17,"posy":2,"lastAction":2,"status":0},{"playerId":3944,"score":2375,"energy":16,"posx":17,"posy":1,"lastAction":4,"status":0},{"playerId":69695,"score":1150,"energy":-2,"posx":9,"posy":5,"lastAction":6,"status":2}],"golds":[{"posx":7,"posy":0,"amount":300},{"posx":11,"posy":1,"amount":100},{"posx":12,"posy":1,"amount":100},{"posx":17,"posy":1,"amount":550},{"posx":17,"posy":7,"amount":150},{"posx":20,"posy":7,"amount":50}],"changedObstacles":[]},{"players":[{"playerId":2374229,"score":1950,"energy":13,"posx":11,"posy":1,"lastAction":5,"status":0},{"playerId":3573,"score":1775,"energy":45,"posx":17,"posy":2,"lastAction":4,"status":0},{"playerId":3944,"score":2375,"energy":32,"posx":17,"posy":1,"lastAction":4,"status":0},{"playerId":69695,"score":1150,"energy":-2,"posx":9,"posy":5,"lastAction":6,"status":2}],"golds":[{"posx":7,"posy":0,"amount":300},{"posx":11,"posy":1,"amount":50},{"posx":12,"posy":1,"amount":100},{"posx":17,"posy":1,"amount":550},{"posx":17,"posy":7,"amount":150},{"posx":20,"posy":7,"amount":50}],"changedObstacles":[]},{"players":[{"playerId":2374229,"score":2000,"energy":8,"posx":11,"posy":1,"lastAction":5,"status":0},{"playerId":3573,"score":1775,"energy":41,"posx":17,"posy":1,"lastAction":2,"status":0},{"playerId":3944,"score":2375,"energy":50,"posx":17,"posy":1,"lastAction":4,"status":0},{"playerId":69695,"score":1150,"energy":-2,"posx":9,"posy":5,"lastAction":6,"status":2}],"golds":[{"posx":7,"posy":0,"amount":300},{"posx":12,"posy":1,"amount":100},{"posx":17,"posy":1,"amount":550},{"posx":17,"posy":7,"amount":150},{"posx":20,"posy":7,"amount":50}],"changedObstacles":[{"type":0,"posx":11,"posy":1,"value":-1}]},{"players":[{"playerId":2374229,"score":2000,"energy":20,"posx":11,"posy":1,"lastAction":4,"status":0},{"playerId":3573,"score":1825,"energy":36,"posx":17,"posy":1,"lastAction":5,"status":0},{"playerId":3944,"score":2425,"energy":45,"posx":17,"posy":1,"lastAction":5,"status":0},{"playerId":69695,"score":1150,"energy":-2,"posx":9,"posy":5,"lastAction":6,"status":2}],"golds":[{"posx":7,"posy":0,"amount":300},{"posx":12,"posy":1,"amount":100},{"posx":17,"posy":1,"amount":450},{"posx":17,"posy":7,"amount":150},{"posx":20,"posy":7,"amount":50}],"changedObstacles":[]},{"players":[{"playerId":2374229,"score":2000,"energy":36,"posx":11,"posy":1,"lastAction":4,"status":0},{"playerId":3573,"score":1875,"energy":31,"posx":17,"posy":1,"lastAction":5,"status":0},{"playerId":3944,"score":2475,"energy":40,"posx":17,"posy":1,"lastAction":5,"status":0},{"playerId":69695,"score":1150,"energy":-2,"posx":9,"posy":5,"lastAction":6,"status":2}],"golds":[{"posx":7,"posy":0,"amount":300},{"posx":12,"posy":1,"amount":100},{"posx":17,"posy":1,"amount":350},{"posx":17,"posy":7,"amount":150},{"posx":20,"posy":7,"amount":50}],"changedObstacles":[]},{"players":[{"playerId":2374229,"score":2000,"energy":35,"posx":11,"posy":2,"lastAction":3,"status":0},{"playerId":3573,"score":1925,"energy":26,"posx":17,"posy":1,"lastAction":5,"status":0},{"playerId":3944,"score":2525,"energy":35,"posx":17,"posy":1,"lastAction":5,"status":0},{"playerId":69695,"score":1150,"energy":-2,"posx":9,"posy":5,"lastAction":6,"status":2}],"golds":[{"posx":7,"posy":0,"amount":300},{"posx":12,"posy":1,"amount":100},{"posx":17,"posy":1,"amount":250},{"posx":17,"posy":7,"amount":150},{"posx":20,"posy":7,"amount":50}],"changedObstacles":[]},{"players":[{"playerId":2374229,"score":2000,"energy":34,"posx":12,"posy":2,"lastAction":1,"status":0},{"playerId":3573,"score":1975,"energy":21,"posx":17,"posy":1,"lastAction":5,"status":0},{"playerId":3944,"score":2575,"energy":30,"posx":17,"posy":1,"lastAction":5,"status":0},{"playerId":69695,"score":1150,"energy":-2,"posx":9,"posy":5,"lastAction":6,"status":2}],"golds":[{"posx":7,"posy":0,"amount":300},{"posx":12,"posy":1,"amount":100},{"posx":17,"posy":1,"amount":150},{"posx":17,"posy":7,"amount":150},{"posx":20,"posy":7,"amount":50}],"changedObstacles":[]},{"players":[{"playerId":2374229,"score":2000,"energy":24,"posx":13,"posy":2,"lastAction":1,"status":0},{"playerId":3573,"score":2025,"energy":16,"posx":17,"posy":1,"lastAction":5,"status":0},{"playerId":3944,"score":2625,"energy":25,"posx":17,"posy":1,"lastAction":5,"status":0},{"playerId":69695,"score":1150,"energy":-2,"posx":9,"posy":5,"lastAction":6,"status":2}],"golds":[{"posx":7,"posy":0,"amount":300},{"posx":12,"posy":1,"amount":100},{"posx":17,"posy":1,"amount":50},{"posx":17,"posy":7,"amount":150},{"posx":20,"posy":7,"amount":50}],"changedObstacles":[{"type":0,"posx":13,"posy":2,"value":-1}]},{"players":[{"playerId":2374229,"score":2000,"energy":19,"posx":13,"posy":1,"lastAction":2,"status":0},{"playerId":3573,"score":2050,"energy":11,"posx":17,"posy":1,"lastAction":5,"status":0},{"playerId":3944,"score":2650,"energy":20,"posx":17,"posy":1,"lastAction":5,"status":0},{"playerId":69695,"score":1150,"energy":-2,"posx":9,"posy":5,"lastAction":6,"status":2}],"golds":[{"posx":7,"posy":0,"amount":300},{"posx":12,"posy":1,"amount":100},{"posx":17,"posy":7,"amount":150},{"posx":20,"posy":7,"amount":50}],"changedObstacles":[{"type":3,"posx":13,"posy":1,"value":-20},{"type":0,"posx":17,"posy":1,"value":-1}]},{"players":[{"playerId":2374229,"score":2000,"energy":31,"posx":13,"posy":1,"lastAction":4,"status":0},{"playerId":3573,"score":2050,"energy":23,"posx":17,"posy":1,"lastAction":4,"status":0},{"playerId":3944,"score":2650,"energy":15,"posx":17,"posy":0,"lastAction":2,"status":0},{"playerId":69695,"score":1150,"energy":-2,"posx":9,"posy":5,"lastAction":6,"status":2}],"golds":[{"posx":7,"posy":0,"amount":300},{"posx":12,"posy":1,"amount":100},{"posx":17,"posy":7,"amount":150},{"posx":20,"posy":7,"amount":50}],"changedObstacles":[{"type":3,"posx":17,"posy":0,"value":-20}]},{"players":[{"playerId":2374229,"score":2000,"energy":26,"posx":14,"posy":1,"lastAction":1,"status":0},{"playerId":3573,"score":2050,"energy":39,"posx":17,"posy":1,"lastAction":4,"status":0},{"playerId":3944,"score":2650,"energy":10,"posx":16,"posy":0,"lastAction":0,"status":0},{"playerId":69695,"score":1150,"energy":-2,"posx":9,"posy":5,"lastAction":6,"status":2}],"golds":[{"posx":7,"posy":0,"amount":300},{"posx":12,"posy":1,"amount":100},{"posx":17,"posy":7,"amount":150},{"posx":20,"posy":7,"amount":50}],"changedObstacles":[{"type":3,"posx":16,"posy":0,"value":-20},{"type":3,"posx":14,"posy":1,"value":-20}]},{"players":[{"playerId":2374229,"score":2000,"energy":6,"posx":13,"posy":1,"lastAction":0,"status":0},{"playerId":3573,"score":2050,"energy":38,"posx":17,"posy":2,"lastAction":3,"status":0},{"playerId":3944,"score":2650,"energy":9,"posx":15,"posy":0,"lastAction":0,"status":0},{"playerId":69695,"score":1150,"energy":-2,"posx":9,"posy":5,"lastAction":6,"status":2}],"golds":[{"posx":7,"posy":0,"amount":300},{"posx":12,"posy":1,"amount":100},{"posx":17,"posy":7,"amount":150},{"posx":20,"posy":7,"amount":50}],"changedObstacles":[{"type":3,"posx":13,"posy":1,"value":-40}]},{"players":[{"playerId":2374229,"score":2000,"energy":18,"posx":13,"posy":1,"lastAction":4,"status":0},{"playerId":3573,"score":2050,"energy":37,"posx":17,"posy":3,"lastAction":3,"status":0},{"playerId":3944,"score":2650,"energy":4,"posx":14,"posy":0,"lastAction":0,"status":0},{"playerId":69695,"score":1150,"energy":-2,"posx":9,"posy":5,"lastAction":6,"status":2}],"golds":[{"posx":7,"posy":0,"amount":300},{"posx":12,"posy":1,"amount":100},{"posx":17,"posy":7,"amount":150},{"posx":20,"posy":7,"amount":50}],"changedObstacles":[{"type":3,"posx":14,"posy":0,"value":-20}]}]