[{"players":[{"playerId":2277,"score":0,"energy":32,"posx":2,"posy":5,"lastAction":2,"status":0},{"playerId":137845,"score":0,"energy":50,"posx":2,"posy":6,"lastAction":4,"status":0},{"playerId":2231262,"score":0,"energy":49,"posx":3,"posy":6,"lastAction":1,"status":0},{"playerId":69695,"score":0,"energy":34,"posx":2,"posy":5,"lastAction":2,"status":0}],"golds":[{"posx":10,"posy":5,"amount":300},{"posx":13,"posy":4,"amount":100},{"posx":7,"posy":0,"amount":300},{"posx":1,"posy":3,"amount":350},{"posx":10,"posy":8,"amount":700},{"posx":17,"posy":7,"amount":150},{"posx":8,"posy":5,"amount":600},{"posx":19,"posy":4,"amount":700},{"posx":4,"posy":8,"amount":750},{"posx":17,"posy":1,"amount":700},{"posx":10,"posy":6,"amount":750},{"posx":1,"posy":4,"amount":200},{"posx":12,"posy":2,"amount":550},{"posx":16,"posy":3,"amount":450},{"posx":2,"posy":4,"amount":250},{"posx":11,"posy":5,"amount":700},{"posx":12,"posy":1,"amount":100},{"posx":20,"posy":7,"amount":50},{"posx":3,"posy":4,"amount":350},{"posx":11,"posy":1,"amount":400}],"changedObstacles":[]},{"players":[{"playerId":2277,"score":0,"energy":28,"posx":2,"posy":4,"lastAction":2,"status":0},{"playerId":137845,"score":0,"energy":49,"posx":3,"posy":6,"lastAction":1,"status":0},{"playerId":2231262,"score":0,"energy":44,"posx":3,"posy":5,"lastAction":2,"status":0},{"playerId":69695,"score":0,"energy":30,"posx":2,"posy":4,"lastAction":2,"status":0}],"golds":[{"posx":10,"posy":5,"amount":300},{"posx":13,"posy":4,"amount":100},{"posx":7,"posy":0,"amount":300},{"posx":1,"posy":3,"amount":350},{"posx":10,"posy":8,"amount":700},{"posx":17,"posy":7,"amount":150},{"posx":8,"posy":5,"amount":600},{"posx":19,"posy":4,"amount":700},{"posx":4,"posy":8,"amount":750},{"posx":17,"posy":1,"amount":700},{"posx":10,"posy":6,"amount":750},{"posx":1,"posy":4,"amount":200},{"posx":12,"posy":2,"amount":550},{"posx":16,"posy":3,"amount":450},{"posx":2,"posy":4,"amount":250},{"posx":11,"posy":5,"amount":700},{"posx":12,"posy":1,"amount":100},{"posx":20,"posy":7,"amount":50},{"posx":3,"posy":4,"amount":350},{"posx":11,"posy":1,"amount":400}],"changedObstacles":[{"type":3,"posx":3,"posy":5,"value":-20}]},{"players":[{"playerId":2277,"score":50,"energy":23,"posx":2,"posy":4,"lastAction":5,"status":0},{"playerId":137845,"score":0,"energy":39,"posx":4,"posy":6,"lastAction":1,"status":0},{"playerId":2231262,"score":0,"energy":40,"posx":3,"posy":4,"lastAction":2,"status":0},{"playerId":69695,"score":50,"energy":25,"posx":2,"posy":4,"lastAction":5,"status":0}],"golds":[{"posx":7,"posy":0,"amount":300},{"posx":11,"posy":1,"amount":400},{"posx":12,"posy":1,"amount":100},{"posx":17,"posy":1,"amount":700},{"posx":12,"posy":2,"amount":550},{"posx":1,"posy":3,"amount":350},{"posx":16,"posy":3,"amount":450},{"posx":1,"posy":4,"amount":200},{"posx":2,"posy":4,"amount":150},{"posx":3,"posy":4,"amount":350},{"posx":13,"posy":4,"amount":100},{"posx":19,"posy":4,"amount":700},{"posx":8,"posy":5,"amount":600},{"posx":10,"posy":5,"amount":300},{"posx":11,"posy":5,"amount":700},{"posx":10,"posy":6,"amount":750},{"posx":17,"posy":7,"amount":150},{"posx":20,"posy":7,"amount":50},{"posx":4,"posy":8,"amount":750},{"posx":10,"posy":8,"amount":700}],"changedObstacles":[{"type":0,"posx":4,"posy":6,"value":-1}]},{"players":[{"playerId":2277,"score":100,"energy":18,"posx":2,"posy":4,"lastAction":5,"status":0},{"playerId":137845,"score":0,"energy":20,"posx":5,"posy":6,"lastAction":1,"status":0},{"playerId":2231262,"score":50,"energy":35,"posx":3,"posy":4,"lastAction":5,"status":0},{"playerId":69695,"score":100,"energy":20,"posx":2,"posy":4,"lastAction":5,"status":0}],"golds":[{"posx":7,"posy":0,"amount":300},{"posx":11,"posy":1,"amount":400},{"posx":12,"posy":1,"amount":100},{"posx":17,"posy":1,"amount":700},{"posx":12,"posy":2,"amount":550},{"posx":1,"posy":3,"amount":350},{"posx":16,"posy":3,"amount":450},{"posx":1,"posy":4,"amount":200},{"posx":2,"posy":4,"amount":50},{"posx":3,"posy":4,"amount":300},{"posx":13,"posy":4,"amount":100},{"posx":19,"posy":4,"amount":700},{"posx":8,"posy":5,"amount":600},{"posx":10,"posy":5,"amount":300},{"posx":11,"posy":5,"amount":700},{"posx":10,"posy":6,"amount":750},{"posx":17,"posy":7,"amount":150},{"posx":20,"posy":7,"amount":50},{"posx":4,"posy":8,"amount":750},{"posx":10,"posy":8,"amount":700}],"changedObstacles":[]},{"players":[{"playerId":2277,"score":125,"energy":13,"posx":2,"posy":4,"lastAction":5,"status":0},{"playerId":137845,"score":0,"energy":15,"posx":6,"posy":6,"lastAction":1,"status":0},{"playerId":2231262,"score":100,"energy":30,"posx":3,"posy":4,"lastAction":5,"status":0},{"playerId":69695,"score":125,"energy":15,"posx":2,"posy":4,"lastAction":5,"status":0}],"golds":[{"posx":7,"posy":0,"amount":300},{"posx":11,"posy":1,"amount":400},{"posx":12,"posy":1,"amount":100},{"posx":17,"posy":1,"amount":700},{"posx":12,"posy":2,"amount":550},{"posx":1,"posy":3,"amount":350},{"posx":16,"posy":3,"amount":450},{"posx":1,"posy":4,"amount":200},{"posx":3,"posy":4,"amount":250},{"posx":13,"posy":4,"amount":100},{"posx":19,"posy":4,"amount":700},{"posx":8,"posy":5,"amount":600},{"posx":10,"posy":5,"amount":300},{"posx":11,"posy":5,"amount":700},{"posx":10,"posy":6,"amount":750},{"posx":17,"posy":7,"amount":150},{"posx":20,"posy":7,"amount":50},{"posx":4,"posy":8,"amount":750},{"posx":10,"posy":8,"amount":700}],"changedObstacles":[{"type":3,"posx":6,"posy":6,"value":-20},{"type":0,"posx":2,"posy":4,"value":-1}]},{"players":[{"playerId":2277,"score":125,"energy":25,"posx":2,"posy":4,"lastAction":4,"status":0},{"playerId":137845,"score":0,"energy":10,"posx":7,"posy":6,"lastAction":1,"status":0},{"playerId":2231262,"score":150,"energy":25,"posx":3,"posy":4,"lastAction":5,"status":0},{"playerId":69695,"score":125,"energy":27,"posx":2,"posy":4,"lastAction":4,"status":0}],"golds":[{"posx":7,"posy":0,"amount":300},{"posx":11,"posy":1,"amount":400},{"posx":12,"posy":1,"amount":100},{"posx":17,"posy":1,"amount":700},{"posx":12,"posy":2,"amount":550},{"posx":1,"posy":3,"amount":350},{"posx":16,"posy":3,"amount":450},{"posx":1,"posy":4,"amount":200},{"posx":3,"posy":4,"amount":200},{"posx":13,"posy":4,"amount":100},{"posx":19,"posy":4,"amount":700},{"posx":8,"posy":5,"amount":600},{"posx":10,"posy":5,"amount":300},{"posx":11,"posy":5,"amount":700},{"posx":10,"posy":6,"amount":750},{"posx":17,"posy":7,"amount":150},{"posx":20,"posy":7,"amount":50},{"posx":4,"posy":8,"amount":750},{"posx":10,"posy":8,"amount":700}],"changedObstacles":[{"type":3,"posx":7,"posy":6,"value":-20}]},{"players":[{"playerId":2277,"score":125,"energy":41,"posx":2,"posy":4,"lastAction":4,"status":0},{"playerId":137845,"score":0,"energy":5,"posx":8,"posy":6,"lastAction":1,"status":0},{"playerId":2231262,"score":200,"energy":20,"posx":3,"posy":4,"lastAction":5,"status":0},{"playerId":69695,"score":125,"energy":23,"posx":3,"posy":4,"lastAction":1,"status":0}],"golds":[{"posx":7,"posy":0,"amount":300},{"posx":11,"posy":1,"amount":400},{"posx":12,"posy":1,"amount":100},{"posx":17,"posy":1,"amount":700},{"posx":12,"posy":2,"amount":550},{"posx":1,"posy":3,"amount":350},{"posx":16,"posy":3,"amount":450},{"posx":1,"posy":4,"amount":200},{"posx":3,"posy":4,"amount":150},{"posx":13,"posy":4,"amount":100},{"posx":19,"posy":4,"amount":700},{"posx":8,"posy":5,"amount":600},{"posx":10,"posy":5,"amount":300},{"posx":11,"posy":5,"amount":700},{"posx":10,"posy":6,"amount":750},{"posx":17,"posy":7,"amount":150},{"posx":20,"posy":7,"amount":50},{"posx":4,"posy":8,"amount":750},{"posx":10,"posy":8,"amount":700}],"changedObstacles":[{"type":3,"posx":8,"posy":6,"value":-20}]},{"players":[{"playerId":2277,"score":125,"energy":37,"posx":1,"posy":4,"lastAction":0,"status":0},{"playerId":137845,"score":0,"energy":17,"posx":8,"posy":6,"lastAction":4,"status":0},{"playerId":2231262,"score":250,"energy":15,"posx":3,"posy":4,"lastAction":5,"status":0},{"playerId":69695,"score":175,"energy":18,"posx":3,"posy":4,"lastAction":5,"status":0}],"golds":[{"posx":7,"posy":0,"amount":300},{"posx":11,"posy":1,"amount":400},{"posx":12,"posy":1,"amount":100},{"posx":17,"posy":1,"amount":700},{"posx":12,"posy":2,"amount":550},{"posx":1,"posy":3,"amount":350},{"posx":16,"posy":3,"amount":450},{"posx":1,"posy":4,"amount":200},{"posx":3,"posy":4,"amount":50},{"posx":13,"posy":4,"amount":100},{"posx":19,"posy":4,"amount":700},{"posx":8,"posy":5,"amount":600},{"posx":10,"posy":5,"amount":300},{"posx":11,"posy":5,"amount":700},{"posx":10,"posy":6,"amount":750},{"posx":17,"posy":7,"amount":150},{"posx":20,"posy":7,"amount":50},{"posx":4,"posy":8,"amount":750},{"posx":10,"posy":8,"amount":700}],"changedObstacles":[]},{"players":[{"playerId":2277,"score":175,"energy":32,"posx":1,"posy":4,"lastAction":5,"status":0},{"playerId":137845,"score":0,"energy":33,"posx":8,"posy":6,"lastAction":4,"status":0},{"playerId":2231262,"score":250,"energy":27,"posx":3,"posy":4,"lastAction":4,"status":0},{"playerId":69695,"score":225,"energy":13,"posx":3,"posy":4,"lastAction":5,"status":0}],"golds":[{"posx":7,"posy":0,"amount":300},{"posx":11,"posy":1,"amount":400},{"posx":12,"posy":1,"amount":100},{"posx":17,"posy":1,"amount":700},{"posx":12,"posy":2,"amount":550},{"posx":1,"posy":3,"amount":350},{"posx":16,"posy":3,"amount":450},{"posx":1,"posy":4,"amount":150},{"posx":13,"posy":4,"amount":100},{"posx":19,"posy":4,"amount":700},{"posx":8,"posy":5,"amount":600},{"posx":10,"posy":5,"amount":300},{"posx":11,"posy":5,"amount":700},{"posx":10,"posy":6,"amount":750},{"posx":17,"posy":7,"amount":150},{"posx":20,"posy":7,"amount":50},{"posx":4,"posy":8,"amount":750},{"posx":10,"posy":8,"amount":700}],"changedObstacles":[{"type":0,"posx":3,"posy":4,"value":-1}]},{"players":[{"playerId":2277,"score":225,"energy":27,"posx":1,"posy":4,"lastAction":5,"status":0},{"playerId":137845,"score":0,"energy":28,"posx":9,"posy":6,"lastAction":1,"status":0},{"playerId":2231262,"score":250,"energy":17,"posx":3,"posy":3,"lastAction":2,"status":0},{"playerId":69695,"score":225,"energy":25,"posx":3,"posy":4,"lastAction":4,"status":0}],"golds":[{"posx":7,"posy":0,"amount":300},{"posx":11,"posy":1,"amount":400},{"posx":12,"posy":1,"amount":100},{"posx":17,"posy":1,"amount":700},{"posx":12,"posy":2,"amount":550},{"posx":1,"posy":3,"amount":350},{"posx":16,"posy":3,"amount":450},{"posx":1,"posy":4,"amount":100},{"posx":13,"posy":4,"amount":100},{"posx":19,"posy":4,"amount":700},{"posx":8,"posy":5,"amount":600},{"posx":10,"posy":5,"amount":300},{"posx":11,"posy":5,"amount":700},{"posx":10,"posy":6,"amount":750},{"posx":17,"posy":7,"amount":150},{"posx":20,"posy":7,"amount":50},{"posx":4,"posy":8,"amount":750},{"posx":10,"posy":8,"amount":700}],"changedObstacles":[{"type":3,"posx":9,"posy":6,"value":-20}]},{"players":[{"playerId":2277,"score":275,"energy":22,"posx":1,"posy":4,"lastAction":5,"status":0},{"playerId":137845,"score":0,"energy":24,"posx":10,"posy":6,"lastAction":1,"status":0},{"playerId":2231262,"score":250,"energy":16,"posx":4,"posy":3,"lastAction":1,"status":0},{"playerId":69695,"score":225,"energy":24,"posx":2,"posy":4,"lastAction":0,"status":0}],"golds":[{"posx":7,"posy":0,"amount":300},{"posx":11,"posy":1,"amount":400},{"posx":12,"posy":1,"amount":100},{"posx":17,"posy":1,"amount":700},{"posx":12,"posy":2,"amount":550},{"posx":1,"posy":3,"amount":350},{"posx":16,"posy":3,"amount":450},{"posx":1,"posy":4,"amount":50},{"posx":13,"posy":4,"amount":100},{"posx":19,"posy":4,"amount":700},{"posx":8,"posy":5,"amount":600},{"posx":10,"posy":5,"amount":300},{"posx":11,"posy":5,"amount":700},{"posx":10,"posy":6,"amount":750},{"posx":17,"posy":7,"amount":150},{"posx":20,"posy":7,"amount":50},{"posx":4,"posy":8,"amount":750},{"posx":10,"posy":8,"amount":700}],"changedObstacles":[]},{"players":[{"playerId":2277,"score":325,"energy":17,"posx":1,"posy":4,"lastAction":5,"status":0},{"playerId":137845,"score":50,"energy":19,"posx":10,"posy":6,"lastAction":5,"status":0},{"playerId":2231262,"score":250,"energy":28,"posx":4,"posy":3,"lastAction":4,"status":0},{"playerId":69695,"score":225,"energy":20,"posx":1,"posy":4,"lastAction":0,"status":0}],"golds":[{"posx":7,"posy":0,"amount":300},{"posx":11,"posy":1,"amount":400},{"posx":12,"posy":1,"amount":100},{"posx":17,"posy":1,"amount":700},{"posx":12,"posy":2,"amount":550},{"posx":1,"posy":3,"amount":350},{"posx":16,"posy":3,"amount":450},{"posx":13,"posy":4,"amount":100},{"posx":19,"posy":4,"amount":700},{"posx":8,"posy":5,"amount":600},{"posx":10,"posy":5,"amount":300},{"posx":11,"posy":5,"amount":700},{"posx":10,"posy":6,"amount":700},{"posx":17,"posy":7,"amount":150},{"posx":20,"posy":7,"amount":50},{"posx":4,"posy":8,"amount":750},{"posx":10,"posy":8,"amount":700}],"changedObstacles":[{"type":0,"posx":1,"posy":4,"value":-1}]},{"players":[{"playerId":2277,"score":325,"energy":29,"posx":1,"posy":4,"lastAction":4,"status":0},{"playerId":137845,"score":100,"energy":14,"posx":10,"posy":6,"lastAction":5,"status":0},{"playerId":2231262,"score":250,"energy":10,"posx":3,"posy":3,"lastAction":0,"status":0},{"playerId":69695,"score":225,"energy":16,"posx":1,"posy":3,"lastAction":2,"status":0}],"golds":[{"posx":7,"posy":0,"amount":300},{"posx":11,"posy":1,"amount":400},{"posx":12,"posy":1,"amount":100},{"posx":17,"posy":1,"amount":700},{"posx":12,"posy":2,"amount":550},{"posx":1,"posy":3,"amount":350},{"posx":16,"posy":3,"amount":450},{"posx":13,"posy":4,"amount":100},{"posx":19,"posy":4,"amount":700},{"posx":8,"posy":5,"amount":600},{"posx":10,"posy":5,"amount":300},{"posx":11,"posy":5,"amount":700},{"posx":10,"posy":6,"amount":650},{"posx":17,"posy":7,"amount":150},{"posx":20,"posy":7,"amount":50},{"posx":4,"posy":8,"amount":750},{"posx":10,"posy":8,"amount":700}],"changedObstacles":[]},{"players":[{"playerId":2277,"score":325,"energy":45,"posx":1,"posy":4,"lastAction":4,"status":0},{"playerId":137845,"score":150,"energy":9,"posx":10,"posy":6,"lastAction":5,"status":0},{"playerId":2231262,"score":250,"energy":22,"posx":3,"posy":3,"lastAction":4,"status":0},{"playerId":69695,"score":275,"energy":11,"posx":1,"posy":3,"lastAction":5,"status":0}],"golds":[{"posx":7,"posy":0,"amount":300},{"posx":11,"posy":1,"amount":400},{"posx":12,"posy":1,"amount":100},{"posx":17,"posy":1,"amount":700},{"posx":12,"posy":2,"amount":550},{"posx":1,"posy":3,"amount":300},{"posx":16,"posy":3,"amount":450},{"posx":13,"posy":4,"amount":100},{"posx":19,"posy":4,"amount":700},{"posx":8,"posy":5,"amount":600},{"posx":10,"posy":5,"amount":300},{"posx":11,"posy":5,"amount":700},{"posx":10,"posy":6,"amount":600},{"posx":17,"posy":7,"amount":150},{"posx":20,"posy":7,"amount":50},{"posx":4,"posy":8,"amount":750},{"posx":10,"posy":8,"amount":700}],"changedObstacles":[]},{"players":[{"playerId":2277,"score":325,"energy":41,"posx":1,"posy":3,"lastAction":2,"status":0},{"playerId":137845,"score":200,"energy":4,"posx":10,"posy":6,"lastAction":5,"status":0},{"playerId":2231262,"score":250,"energy":17,"posx":2,"posy":3,"lastAction":0,"status":0},{"playerId":69695,"score":325,"energy":6,"posx":1,"posy":3,"lastAction":5,"status":0}],"golds":[{"posx":7,"posy":0,"amount":300},{"posx":11,"posy":1,"amount":400},{"posx":12,"posy":1,"amount":100},{"posx":17,"posy":1,"amount":700},{"posx":12,"posy":2,"amount":550},{"posx":1,"posy":3,"amount":250},{"posx":16,"posy":3,"amount":450},{"posx":13,"posy":4,"amount":100},{"posx":19,"posy":4,"amount":700},{"posx":8,"posy":5,"amount":600},{"posx":10,"posy":5,"amount":300},{"posx":11,"posy":5,"amount":700},{"posx":10,"posy":6,"amount":550},{"posx":17,"posy":7,"amount":150},{"posx":20,"posy":7,"amount":50},{"posx":4,"posy":8,"amount":750},{"posx":10,"posy":8,"amount":700}],"changedObstacles":[{"type":3,"posx":2,"posy":3,"value":-20}]},{"players":[{"playerId":2277,"score":375,"energy":36,"posx":1,"posy":3,"lastAction":5,"status":0},{"playerId":137845,"score":200,"energy":16,"posx":10,"posy":6,"lastAction":4,"status":0},{"playerId":2231262,"score":250,"energy":13,"posx":1,"posy":3,"lastAction":0,"status":0},{"playerId":69695,"score":375,"energy":1,"posx":1,"posy":3,"lastAction":5,"status":0}],"golds":[{"posx":7,"posy":0,"amount":300},{"posx":11,"posy":1,"amount":400},{"posx":12,"posy":1,"amount":100},{"posx":17,"posy":1,"amount":700},{"posx":12,"posy":2,"amount":550},{"posx":1,"posy":3,"amount":150},{"posx":16,"posy":3,"amount":450},{"posx":13,"posy":4,"amount":100},{"posx":19,"posy":4,"amount":700},{"posx":8,"posy":5,"amount":600},{"posx":10,"posy":5,"amount":300},{"posx":11,"posy":5,"amount":700},{"posx":10,"posy":6,"amount":550},{"posx":17,"posy":7,"amount":150},{"posx":20,"posy":7,"amount":50},{"posx":4,"posy":8,"amount":750},{"posx":10,"posy":8,"amount":700}],"changedObstacles":[]},{"players":[{"playerId":2277,"score":425,"energy":31,"posx":1,"posy":3,"lastAction":5,"status":0},{"playerId":137845,"score":200,"energy":32,"posx":10,"posy":6,"lastAction":4,"status":0},{"playerId":2231262,"score":250,"energy":25,"posx":1,"posy":3,"lastAction":4,"status":0},{"playerId":69695,"score":375,"energy":13,"posx":1,"posy":3,"lastAction":4,"status":0}],"golds":[{"posx":7,"posy":0,"amount":300},{"posx":11,"posy":1,"amount":400},{"posx":12,"posy":1,"amount":100},{"posx":17,"posy":1,"amount":700},{"posx":12,"posy":2,"amount":550},{"posx":1,"posy":3,"amount":100},{"posx":16,"posy":3,"amount":450},{"posx":13,"posy":4,"amount":100},{"posx":19,"posy":4,"amount":700},{"posx":8,"posy":5,"amount":600},{"posx":10,"posy":5,"amount":300},{"posx":11,"posy":5,"amount":700},{"posx":10,"posy":6,"amount":550},{"posx":17,"posy":7,"amount":150},{"posx":20,"posy":7,"amount":50},{"posx":4,"posy":8,"amount":750},{"posx":10,"posy":8,"amount":700}],"changedObstacles":[]},{"players":[{"playerId":2277,"score":459,"energy":26,"posx":1,"posy":3,"lastAction":5,"status":0},{"playerId":137845,"score":200,"energy":50,"posx":10,"posy":6,"lastAction":4,"status":0},{"playerId":2231262,"score":284,"energy":20,"posx":1,"posy":3,"lastAction":5,"status":0},{"playerId":69695,"score":409,"energy":8,"posx":1,"posy":3,"lastAction":5,"status":0}],"golds":[{"posx":7,"posy":0,"amount":300},{"posx":11,"posy":1,"amount":400},{"posx":12,"posy":1,"amount":100},{"posx":17,"posy":1,"amount":700},{"posx":12,"posy":2,"amount":550},{"posx":16,"posy":3,"amount":450},{"posx":13,"posy":4,"amount":100},{"posx":19,"posy":4,"amount":700},{"posx":8,"posy":5,"amount":600},{"posx":10,"posy":5,"amount":300},{"posx":11,"posy":5,"amount":700},{"posx":10,"posy":6,"amount":550},{"posx":17,"posy":7,"amount":150},{"posx":20,"posy":7,"amount":50},{"posx":4,"posy":8,"amount":750},{"posx":10,"posy":8,"amount":700}],"changedObstacles":[{"type":0,"posx":1,"posy":3,"value":-1}]},{"players":[{"playerId":2277,"score":459,"energy":25,"posx":1,"posy":4,"lastAction":3,"status":0},{"playerId":137845,"score":250,"energy":45,"posx":10,"posy":6,"lastAction":5,"status":0},{"playerId":2231262,"score":284,"energy":19,"posx":1,"posy":4,"lastAction":3,"status":0},{"playerId":69695,"score":409,"energy":20,"posx":1,"posy":3,"lastAction":4,"status":0}],"golds":[{"posx":7,"posy":0,"amount":300},{"posx":11,"posy":1,"amount":400},{"posx":12,"posy":1,"amount":100},{"posx":17,"posy":1,"amount":700},{"posx":12,"posy":2,"amount":550},{"posx":16,"posy":3,"amount":450},{"posx":13,"posy":4,"amount":100},{"posx":19,"posy":4,"amount":700},{"posx":8,"posy":5,"amount":600},{"posx":10,"posy":5,"amount":300},{"posx":11,"posy":5,"amount":700},{"posx":10,"posy":6,"amount":500},{"posx":17,"posy":7,"amount":150},{"posx":20,"posy":7,"amount":50},{"posx":4,"posy":8,"amount":750},{"posx":10,"posy":8,"amount":700}],"changedObstacles":[]},{"players":[{"playerId":2277,"score":459,"energy":24,"posx":2,"posy":4,"lastAction":1,"status":0},{"playerId":137845,"score":300,"energy":40,"posx":10,"posy":6,"lastAction":5,"status":0},{"playerId":2231262,"score":284,"energy":18,"posx":2,"posy":4,"lastAction":1,"status":0},{"playerId":69695,"score":409,"energy":19,"posx":1,"posy":4,"lastAction":3,"status":0}],"golds":[{"posx":7,"posy":0,"amount":300},{"posx":11,"posy":1,"amount":400},{"posx":12,"posy":1,"amount":100},{"posx":17,"posy":1,"amount":700},{"posx":12,"posy":2,"amount":550},{"posx":16,"posy":3,"amount":450},{"posx":13,"posy":4,"amount":100},{"posx":19,"posy":4,"amount":700},{"posx":8,"posy":5,"amount":600},{"posx":10,"posy":5,"amount":300},{"posx":11,"posy":5,"amount":700},{"posx":10,"posy":6,"amount":450},{"posx":17,"posy":7,"amount":150},{"posx":20,"posy":7,"amount":50},{"posx":4,"posy":8,"amount":750},{"posx":10,"posy":8,"amount":700}],"changedObstacles":[]},{"players":[{"playerId":2277,"score":459,"energy":23,"posx":3,"posy":4,"lastAction":1,"status":0},{"playerId":137845,"score":350,"energy":35,"posx":10,"posy":6,"lastAction":5,"status":0},{"playerId":2231262,"score":284,"energy":17,"posx":3,"posy":4,"lastAction":1,"status":0},{"playerId":69695,"score":409,"energy":9,"posx":1,"posy":5,"lastAction":3,"status":0}],"golds":[{"posx":7,"posy":0,"amount":300},{"posx":11,"posy":1,"amount":400},{"posx":12,"posy":1,"amount":100},{"posx":17,"posy":1,"amount":700},{"posx":12,"posy":2,"amount":550},{"posx":16,"posy":3,"amount":450},{"posx":13,"posy":4,"amount":100},{"posx":19,"posy":4,"amount":700},{"posx":8,"posy":5,"amount":600},{"posx":10,"posy":5,"amount":300},{"posx":11,"posy":5,"amount":700},{"posx":10,"posy":6,"amount":400},{"posx":17,"posy":7,"amount":150},{"posx":20,"posy":7,"amount":50},{"posx":4,"posy":8,"amount":750},{"posx":10,"posy":8,"amount":700}],"changedObstacles":[{"type":0,"posx":1,"posy":5,"value":-1}]},{"players":[{"playerId":2277,"score":459,"energy":12,"posx":4,"posy":4,"lastAction":1,"status":0},{"playerId":137845,"score":400,"energy":30,"posx":10,"posy":6,"lastAction":5,"status":0},{"playerId":2231262,"score":284,"energy":29,"posx":3,"posy":4,"lastAction":4,"status":0},{"playerId":69695,"score":409,"energy":21,"posx":1,"posy":5,"lastAction":4,"status":0}],"golds":[{"posx":7,"posy":0,"amount":300},{"posx":11,"posy":1,"amount":400},{"posx":12,"posy":1,"amount":100},{"posx":17,"posy":1,"amount":700},{"posx":12,"posy":2,"amount":550},{"posx":16,"posy":3,"amount":450},{"posx":13,"posy":4,"amount":100},{"posx":19,"posy":4,"amount":700},{"posx":8,"posy":5,"amount":600},{"posx":10,"posy":5,"amount":300},{"posx":11,"posy":5,"amount":700},{"posx":10,"posy":6,"amount":350},{"posx":17,"posy":7,"amount":150},{"posx":20,"posy":7,"amount":50},{"posx":4,"posy":8,"amount":750},{"posx":10,"posy":8,"amount":700}],"changedObstacles":[]},{"players":[{"playerId":2277,"score":459,"energy":24,"posx":4,"posy":4,"lastAction":4,"status":0},{"playerId":137845,"score":450,"energy":25,"posx":10,"posy":6,"lastAction":5,"status":0},{"playerId":2231262,"score":284,"energy":9,"posx":3,"posy":5,"lastAction":3,"status":0},{"playerId":69695,"score":409,"energy":16,"posx":1,"posy":6,"lastAction":3,"status":0}],"golds":[{"posx":7,"posy":0,"amount":300},{"posx":11,"posy":1,"amount":400},{"posx":12,"posy":1,"amount":100},{"posx":17,"posy":1,"amount":700},{"posx":12,"posy":2,"amount":550},{"posx":16,"posy":3,"amount":450},{"posx":13,"posy":4,"amount":100},{"posx":19,"posy":4,"amount":700},{"posx":8,"posy":5,"amount":600},{"posx":10,"posy":5,"amount":300},{"posx":11,"posy":5,"amount":700},{"posx":10,"posy":6,"amount":300},{"posx":17,"posy":7,"amount":150},{"posx":20,"posy":7,"amount":50},{"posx":4,"posy":8,"amount":750},{"posx":10,"posy":8,"amount":700}],"changedObstacles":[{"type":3,"posx":1,"posy":6,"value":-20},{"type":3,"posx":3,"posy":5,"value":-40}]},{"players":[{"playerId":2277,"score":459,"energy":40,"posx":4,"posy":4,"lastAction":4,"status":0},{"playerId":137845,"score":500,"energy":20,"posx":10,"posy":6,"lastAction":5,"status":0},{"playerId":2231262,"score":284,"energy":21,"posx":3,"posy":5,"lastAction":4,"status":0},{"playerId":69695,"score":409,"energy":6,"posx":1,"posy":7,"lastAction":3,"status":0}],"golds":[{"posx":7,"posy":0,"amount":300},{"posx":11,"posy":1,"amount":400},{"posx":12,"posy":1,"amount":100},{"posx":17,"posy":1,"amount":700},{"posx":12,"posy":2,"amount":550},{"posx":16,"posy":3,"amount":450},{"posx":13,"posy":4,"amount":100},{"posx":19,"posy":4,"amount":700},{"posx":8,"posy":5,"amount":600},{"posx":10,"posy":5,"amount":300},{"posx":11,"posy":5,"amount":700},{"posx":10,"posy":6,"amount":250},{"posx":17,"posy":7,"amount":150},{"posx":20,"posy":7,"amount":50},{"posx":4,"posy":8,"amount":750},{"posx":10,"posy":8,"amount":700}],"changedObstacles":[{"type":0,"posx":1,"posy":7,"value":-1}]},{"players":[{"playerId":2277,"score":459,"energy":39,"posx":4,"posy":5,"lastAction":3,"status":0},{"playerId":137845,"score":550,"energy":15,"posx":10,"posy":6,"lastAction":5,"status":0},{"playerId":2231262,"score":284,"energy":20,"posx":3,"posy":6,"lastAction":3,"status":0},{"playerId":69695,"score":409,"energy":18,"posx":1,"posy":7,"lastAction":4,"status":0}],"golds":[{"posx":7,"posy":0,"amount":300},{"posx":11,"posy":1,"amount":400},{"posx":12,"posy":1,"amount":100},{"posx":17,"posy":1,"amount":700},{"posx":12,"posy":2,"amount":550},{"posx":16,"posy":3,"amount":450},{"posx":13,"posy":4,"amount":100},{"posx":19,"posy":4,"amount":700},{"posx":8,"posy":5,"amount":600},{"posx":10,"posy":5,"amount":300},{"posx":11,"posy":5,"amount":700},{"posx":10,"posy":6,"amount":200},{"posx":17,"posy":7,"amount":150},{"posx":20,"posy":7,"amount":50},{"posx":4,"posy":8,"amount":750},{"posx":10,"posy":8,"amount":700}],"changedObstacles":[]},{"players":[{"playerId":2277,"score":459,"energy":38,"posx":4,"posy":6,"lastAction":3,"status":0},{"playerId":137845,"score":600,"energy":10,"posx":10,"posy":6,"lastAction":5,"status":0},{"playerId":2231262,"score":284,"energy":19,"posx":3,"posy":7,"lastAction":3,"status":0},{"playerId":69695,"score":409,"energy":17,"posx":1,"posy":8,"lastAction":3,"status":0}],"golds":[{"posx":7,"posy":0,"amount":300},{"posx":11,"posy":1,"amount":400},{"posx":12,"posy":1,"amount":100},{"posx":17,"posy":1,"amount":700},{"posx":12,"posy":2,"amount":550},{"posx":16,"posy":3,"amount":450},{"posx":13,"posy":4,"amount":100},{"posx":19,"posy":4,"amount":700},{"posx":8,"posy":5,"amount":600},{"posx":10,"posy":5,"amount":300},{"posx":11,"posy":5,"amount":700},{"posx":10,"posy":6,"amount":150},{"posx":17,"posy":7,"amount":150},{"posx":20,"posy":7,"amount":50},{"posx":4,"posy":8,"amount":750},{"posx":10,"posy":8,"amount":700}],"changedObstacles":[]},{"players":[{"playerId":2277,"score":459,"energy":37,"posx":4,"posy":7,"lastAction":3,"status":0},{"playerId":137845,"score":650,"energy":5,"posx":10,"posy":6,"lastAction":5,"status":0},{"playerId":2231262,"score":284,"energy":18,"posx":3,"posy":8,"lastAction":3,"status":0},{"playerId":69695,"score":409,"energy":11,"posx":2,"posy":8,"lastAction":1,"status":0}],"golds":[{"posx":7,"posy":0,"amount":300},{"posx":11,"posy":1,"amount":400},{"posx":12,"posy":1,"amount":100},{"posx":17,"posy":1,"amount":700},{"posx":12,"posy":2,"amount":550},{"posx":16,"posy":3,"amount":450},{"posx":13,"posy":4,"amount":100},{"posx":19,"posy":4,"amount":700},{"posx":8,"posy":5,"amount":600},{"posx":10,"posy":5,"amount":300},{"posx":11,"posy":5,"amount":700},{"posx":10,"posy":6,"amount":100},{"posx":17,"posy":7,"amount":150},{"posx":20,"posy":7,"amount":50},{"posx":4,"posy":8,"amount":750},{"posx":10,"posy":8,"amount":700}],"changedObstacles":[]},{"players":[{"playerId":2277,"score":459,"energy":33,"posx":4,"posy":8,"lastAction":3,"status":0},{"playerId":137845,"score":650,"energy":17,"posx":10,"posy":6,"lastAction":4,"status":0},{"playerId":2231262,"score":284,"energy":14,"posx":4,"posy":8,"lastAction":1,"status":0},{"playerId":69695,"score":409,"energy":23,"posx":2,"posy":8,"lastAction":4,"status":0}],"golds":[{"posx":7,"posy":0,"amount":300},{"posx":11,"posy":1,"amount":400},{"posx":12,"posy":1,"amount":100},{"posx":17,"posy":1,"amount":700},{"posx":12,"posy":2,"amount":550},{"posx":16,"posy":3,"amount":450},{"posx":13,"posy":4,"amount":100},{"posx":19,"posy":4,"amount":700},{"posx":8,"posy":5,"amount":600},{"posx":10,"posy":5,"amount":300},{"posx":11,"posy":5,"amount":700},{"posx":10,"posy":6,"amount":100},{"posx":17,"posy":7,"amount":150},{"posx":20,"posy":7,"amount":50},{"posx":4,"posy":8,"amount":750},{"posx":10,"posy":8,"amount":700}],"changedObstacles":[]},{"players":[{"playerId":2277,"score":509,"energy":28,"posx":4,"posy":8,"lastAction":5,"status":0},{"playerId":137845,"score":650,"energy":33,"posx":10,"posy":6,"lastAction":4,"status":0},{"playerId":2231262,"score":284,"energy":26,"posx":4,"posy":8,"lastAction":4,"status":0},{"playerId":69695,"score":409,"energy":22,"posx":3,"posy":8,"lastAction":1,"status":0}],"golds":[{"posx":7,"posy":0,"amount":300},{"posx":11,"posy":1,"amount":400},{"posx":12,"posy":1,"amount":100},{"posx":17,"posy":1,"amount":700},{"posx":12,"posy":2,"amount":550},{"posx":16,"posy":3,"amount":450},{"posx":13,"posy":4,"amount":100},{"posx":19,"posy":4,"amount":700},{"posx":8,"posy":5,"amount":600},{"posx":10,"posy":5,"amount":300},{"posx":11,"posy":5,"amount":700},{"posx":10,"posy":6,"amount":100},{"posx":17,"posy":7,"amount":150},{"posx":20,"posy":7,"amount":50},{"posx":4,"posy":8,"amount":700},{"posx":10,"posy":8,"amount":700}],"changedObstacles":[]},{"players":[{"playerId":2277,"score":559,"energy":23,"posx":4,"posy":8,"lastAction":5,"status":0},{"playerId":137845,"score":650,"energy":50,"posx":10,"posy":6,"lastAction":4,"status":0},{"playerId":2231262,"score":334,"energy":21,"posx":4,"posy":8,"lastAction":5,"status":0},{"playerId":69695,"score":409,"energy":18,"posx":4,"posy":8,"lastAction":1,"status":0}],"golds":[{"posx":7,"posy":0,"amount":300},{"posx":11,"posy":1,"amount":400},{"posx":12,"posy":1,"amount":100},{"posx":17,"posy":1,"amount":700},{"posx":12,"posy":2,"amount":550},{"posx":16,"posy":3,"amount":450},{"posx":13,"posy":4,"amount":100},{"posx":19,"posy":4,"amount":700},{"posx":8,"posy":5,"amount":600},{"posx":10,"posy":5,"amount":300},{"posx":11,"posy":5,"amount":700},{"posx":10,"posy":6,"amount":100},{"posx":17,"posy":7,"amount":150},{"posx":20,"posy":7,"amount":50},{"posx":4,"posy":8,"amount":600},{"posx":10,"posy":8,"amount":700}],"changedObstacles":[]},{"players":[{"playerId":2277,"score":609,"energy":18,"posx":4,"posy":8,"lastAction":5,"status":0},{"playerId":137845,"score":700,"energy":45,"posx":10,"posy":6,"lastAction":5,"status":0},{"playerId":2231262,"score":384,"energy":16,"posx":4,"posy":8,"lastAction":5,"status":0},{"playerId":69695,"score":459,"energy":13,"posx":4,"posy":8,"lastAction":5,"status":0}],"golds":[{"posx":7,"posy":0,"amount":300},{"posx":11,"posy":1,"amount":400},{"posx":12,"posy":1,"amount":100},{"posx":17,"posy":1,"amount":700},{"posx":12,"posy":2,"amount":550},{"posx":16,"posy":3,"amount":450},{"posx":13,"posy":4,"amount":100},{"posx":19,"posy":4,"amount":700},{"posx":8,"posy":5,"amount":600},{"posx":10,"posy":5,"amount":300},{"posx":11,"posy":5,"amount":700},{"posx":10,"posy":6,"amount":50},{"posx":17,"posy":7,"amount":150},{"posx":20,"posy":7,"amount":50},{"posx":4,"posy":8,"amount":450},{"posx":10,"posy":8,"amount":700}],"changedObstacles":[]},{"players":[{"playerId":2277,"score":659,"energy":13,"posx":4,"posy":8,"lastAction":5,"status":0},{"playerId":137845,"score":750,"energy":40,"posx":10,"posy":6,"lastAction":5,"status":0},{"playerId":2231262,"score":384,"energy":28,"posx":4,"posy":8,"lastAction":4,"status":0},{"playerId":69695,"score":509,"energy":8,"posx":4,"posy":8,"lastAction":5,"status":0}],"golds":[{"posx":7,"posy":0,"amount":300},{"posx":11,"posy":1,"amount":400},{"posx":12,"posy":1,"amount":100},{"posx":17,"posy":1,"amount":700},{"posx":12,"posy":2,"amount":550},{"posx":16,"posy":3,"amount":450},{"posx":13,"posy":4,"amount":100},{"posx":19,"posy":4,"amount":700},{"posx":8,"posy":5,"amount":600},{"posx":10,"posy":5,"amount":300},{"posx":11,"posy":5,"amount":700},{"posx":17,"posy":7,"amount":150},{"posx":20,"posy":7,"amount":50},{"posx":4,"posy":8,"amount":350},{"posx":10,"posy":8,"amount":700}],"changedObstacles":[{"type":0,"posx":10,"posy":6,"value":-1}]},{"players":[{"playerId":2277,"score":709,"energy":8,"posx":4,"posy":8,"lastAction":5,"status":0},{"playerId":137845,"score":750,"energy":36,"posx":10,"posy":5,"lastAction":2,"status":0},{"playerId":2231262,"score":434,"energy":23,"posx":4,"posy":8,"lastAction":5,"status":0},{"playerId":69695,"score":559,"energy":3,"posx":4,"posy":8,"lastAction":5,"status":0}],"golds":[{"posx":7,"posy":0,"amount":300},{"posx":11,"posy":1,"amount":400},{"posx":12,"posy":1,"amount":100},{"posx":17,"posy":1,"amount":700},{"posx":12,"posy":2,"amount":550},{"posx":16,"posy":3,"amount":450},{"posx":13,"posy":4,"amount":100},{"posx":19,"posy":4,"amount":700},{"posx":8,"posy":5,"amount":600},{"posx":10,"posy":5,"amount":300},{"posx":11,"posy":5,"amount":700},{"posx":17,"posy":7,"amount":150},{"posx":20,"posy":7,"amount":50},{"posx":4,"posy":8,"amount":200},{"posx":10,"posy":8,"amount":700}],"changedObstacles":[]},{"players":[{"playerId":2277,"score":759,"energy":3,"posx":4,"posy":8,"lastAction":5,"status":0},{"playerId":137845,"score":800,"energy":31,"posx":10,"posy":5,"lastAction":5,"status":0},{"playerId":2231262,"score":484,"energy":18,"posx":4,"posy":8,"lastAction":5,"status":0},{"playerId":69695,"score":559,"energy":15,"posx":4,"posy":8,"lastAction":4,"status":0}],"golds":[{"posx":7,"posy":0,"amount":300},{"posx":11,"posy":1,"amount":400},{"posx":12,"posy":1,"amount":100},{"posx":17,"posy":1,"amount":700},{"posx":12,"posy":2,"amount":550},{"posx":16,"posy":3,"amount":450},{"posx":13,"posy":4,"amount":100},{"posx":19,"posy":4,"amount":700},{"posx":8,"posy":5,"amount":600},{"posx":10,"posy":5,"amount":250},{"posx":11,"posy":5,"amount":700},{"posx":17,"posy":7,"amount":150},{"posx":20,"posy":7,"amount":50},{"posx":4,"posy":8,"amount":100},{"posx":10,"posy":8,"amount":700}],"changedObstacles":[]},{"players":[{"playerId":2277,"score":759,"energy":15,"posx":4,"posy":8,"lastAction":4,"status":0},{"playerId":137845,"score":850,"energy":26,"posx":10,"posy":5,"lastAction":5,"status":0},{"playerId":2231262,"score":534,"energy":13,"posx":4,"posy":8,"lastAction":5,"status":0},{"playerId":69695,"score":609,"energy":10,"posx":4,"posy":8,"lastAction":5,"status":0}],"golds":[{"posx":7,"posy":0,"amount":300},{"posx":11,"posy":1,"amount":400},{"posx":12,"posy":1,"amount":100},{"posx":17,"posy":1,"amount":700},{"posx":12,"posy":2,"amount":550},{"posx":16,"posy":3,"amount":450},{"posx":13,"posy":4,"amount":100},{"posx":19,"posy":4,"amount":700},{"posx":8,"posy":5,"amount":600},{"posx":10,"posy":5,"amount":200},{"posx":11,"posy":5,"amount":700},{"posx":17,"posy":7,"amount":150},{"posx":20,"posy":7,"amount":50},{"posx":10,"posy":8,"amount":700}],"changedObstacles":[{"type":0,"posx":4,"posy":8,"value":-1}]},{"players":[{"playerId":2277,"score":759,"energy":31,"posx":4,"posy":8,"lastAction":4,"status":0},{"playerId":137845,"score":900,"energy":21,"posx":10,"posy":5,"lastAction":5,"status":0},{"playerId":2231262,"score":534,"energy":25,"posx":4,"posy":8,"lastAction":4,"status":0},{"playerId":69695,"score":609,"energy":22,"posx":4,"posy":8,"lastAction":4,"status":0}],"golds":[{"posx":7,"posy":0,"amount":300},{"posx":11,"posy":1,"amount":400},{"posx":12,"posy":1,"amount":100},{"posx":17,"posy":1,"amount":700},{"posx":12,"posy":2,"amount":550},{"posx":16,"posy":3,"amount":450},{"posx":13,"posy":4,"amount":100},{"posx":19,"posy":4,"amount":700},{"posx":8,"posy":5,"amount":600},{"posx":10,"posy":5,"amount":150},{"posx":11,"posy":5,"amount":700},{"posx":17,"posy":7,"amount":150},{"posx":20,"posy":7,"amount":50},{"posx":10,"posy":8,"amount":700}],"changedObstacles":[]},{"players":[{"playerId":2277,"score":759,"energy":50,"posx":4,"posy":8,"lastAction":4,"status":0},{"playerId":137845,"score":950,"energy":16,"posx":10,"posy":5,"lastAction":5,"status":0},{"playerId":2231262,"score":534,"energy":15,"posx":5,"posy":8,"lastAction":1,"status":0},{"playerId":69695,"score":609,"energy":12,"posx":5,"posy":8,"lastAction":1,"status":0}],"golds":[{"posx":7,"posy":0,"amount":300},{"posx":11,"posy":1,"amount":400},{"posx":12,"posy":1,"amount":100},{"posx":17,"posy":1,"amount":700},{"posx":12,"posy":2,"amount":550},{"posx":16,"posy":3,"amount":450},{"posx":13,"posy":4,"amount":100},{"posx":19,"posy":4,"amount":700},{"posx":8,"posy":5,"amount":600},{"posx":10,"posy":5,"amount":100},{"posx":11,"posy":5,"amount":700},{"posx":17,"posy":7,"amount":150},{"posx":20,"posy":7,"amount":50},{"posx":10,"posy":8,"amount":700}],"changedObstacles":[{"type":0,"posx":5,"posy":8,"value":-1}]},{"players":[{"playerId":2277,"score":759,"energy":49,"posx":5,"posy":8,"lastAction":1,"status":0},{"playerId":137845,"score":1000,"energy":11,"posx":10,"posy":5,"lastAction":5,"status":0},{"playerId":2231262,"score":534,"energy":27,"posx":5,"posy":8,"lastAction":4,"status":0},{"playerId":69695,"score":609,"energy":24,"posx":5,"posy":8,"lastAction":4,"status":0}],"golds":[{"posx":7,"posy":0,"amount":300},{"posx":11,"posy":1,"amount":400},{"posx":12,"posy":1,"amount":100},{"posx":17,"posy":1,"amount":700},{"posx":12,"posy":2,"amount":550},{"posx":16,"posy":3,"amount":450},{"posx":13,"posy":4,"amount":100},{"posx":19,"posy":4,"amount":700},{"posx":8,"posy":5,"amount":600},{"posx":10,"posy":5,"amount":50},{"posx":11,"posy":5,"amount":700},{"posx":17,"posy":7,"amount":150},{"posx":20,"posy":7,"amount":50},{"posx":10,"posy":8,"amount":700}],"changedObstacles":[]},{"players":[{"playerId":2277,"score":759,"energy":48,"posx":6,"posy":8,"lastAction":1,"status":0},{"playerId":137845,"score":1050,"energy":6,"posx":10,"posy":5,"lastAction":5,"status":0},{"playerId":2231262,"score":534,"energy":26,"posx":6,"posy":8,"lastAction":1,"status":0},{"playerId":69695,"score":609,"energy":23,"posx":6,"posy":8,"lastAction":1,"status":0}],"golds":[{"posx":7,"posy":0,"amount":300},{"posx":11,"posy":1,"amount":400},{"posx":12,"posy":1,"amount":100},{"posx":17,"posy":1,"amount":700},{"posx":12,"posy":2,"amount":550},{"posx":16,"posy":3,"amount":450},{"posx":13,"posy":4,"amount":100},{"posx":19,"posy":4,"amount":700},{"posx":8,"posy":5,"amount":600},{"posx":11,"posy":5,"amount":700},{"posx":17,"posy":7,"amount":150},{"posx":20,"posy":7,"amount":50},{"posx":10,"posy":8,"amount":700}],"changedObstacles":[{"type":0,"posx":10,"posy":5,"value":-1}]},{"players":[{"playerId":2277,"score":759,"energy":47,"posx":7,"posy":8,"lastAction":1,"status":0},{"playerId":137845,"score":1050,"energy":2,"posx":11,"posy":5,"lastAction":1,"status":0},{"playerId":2231262,"score":534,"energy":25,"posx":7,"posy":8,"lastAction":1,"status":0},{"playerId":69695,"score":609,"energy":22,"posx":7,"posy":8,"lastAction":1,"status":0}],"golds":[{"posx":7,"posy":0,"amount":300},{"posx":11,"posy":1,"amount":400},{"posx":12,"posy":1,"amount":100},{"posx":17,"posy":1,"amount":700},{"posx":12,"posy":2,"amount":550},{"posx":16,"posy":3,"amount":450},{"posx":13,"posy":4,"amount":100},{"posx":19,"posy":4,"amount":700},{"posx":8,"posy":5,"amount":600},{"posx":11,"posy":5,"amount":700},{"posx":17,"posy":7,"amount":150},{"posx":20,"posy":7,"amount":50},{"posx":10,"posy":8,"amount":700}],"changedObstacles":[]},{"players":[{"playerId":2277,"score":759,"energy":37,"posx":8,"posy":8,"lastAction":1,"status":0},{"playerId":137845,"score":1050,"energy":14,"posx":11,"posy":5,"lastAction":4,"status":0},{"playerId":2231262,"score":534,"energy":15,"posx":8,"posy":8,"lastAction":1,"status":0},{"playerId":69695,"score":609,"energy":12,"posx":8,"posy":8,"lastAction":1,"status":0}],"golds":[{"posx":7,"posy":0,"amount":300},{"posx":11,"posy":1,"amount":400},{"posx":12,"posy":1,"amount":100},{"posx":17,"posy":1,"amount":700},{"posx":12,"posy":2,"amount":550},{"posx":16,"posy":3,"amount":450},{"posx":13,"posy":4,"amount":100},{"posx":19,"posy":4,"amount":700},{"posx":8,"posy":5,"amount":600},{"posx":11,"posy":5,"amount":700},{"posx":17,"posy":7,"amount":150},{"posx":20,"posy":7,"amount":50},{"posx":10,"posy":8,"amount":700}],"changedObstacles":[{"type":0,"posx":8,"posy":8,"value":-1}]},{"players":[{"playerId":2277,"score":759,"energy":36,"posx":9,"posy":8,"lastAction":1,"status":0},{"playerId":137845,"score":1050,"energy":30,"posx":11,"posy":5,"lastAction":4,"status":0},{"playerId":2231262,"score":534,"energy":27,"posx":8,"posy":8,"lastAction":4,"status":0},{"playerId":69695,"score":609,"energy":24,"posx":8,"posy":8,"lastAction":4,"status":0}],"golds":[{"posx":7,"posy":0,"amount":300},{"posx":11,"posy":1,"amount":400},{"posx":12,"posy":1,"amount":100},{"posx":17,"posy":1,"amount":700},{"posx":12,"posy":2,"amount":550},{"posx":16,"posy":3,"amount":450},{"posx":13,"posy":4,"amount":100},{"posx":19,"posy":4,"amount":700},{"posx":8,"posy":5,"amount":600},{"posx":11,"posy":5,"amount":700},{"posx":17,"posy":7,"amount":150},{"posx":20,"posy":7,"amount":50},{"posx":10,"posy":8,"amount":700}],"changedObstacles":[]},{"players":[{"playerId":2277,"score":759,"energy":32,"posx":10,"posy":8,"lastAction":1,"status":0},{"playerId":137845,"score":1050,"energy":50,"posx":11,"posy":5,"lastAction":4,"status":0},{"playerId":2231262,"score":534,"energy":26,"posx":9,"posy":8,"lastAction":1,"status":0},{"playerId":69695,"score":609,"energy":23,"posx":9,"posy":8,"lastAction":1,"status":0}],"golds":[{"posx":7,"posy":0,"amount":300},{"posx":11,"posy":1,"amount":400},{"posx":12,"posy":1,"amount":100},{"posx":17,"posy":1,"amount":700},{"posx":12,"posy":2,"amount":550},{"posx":16,"posy":3,"amount":450},{"posx":13,"posy":4,"amount":100},{"posx":19,"posy":4,"amount":700},{"posx":8,"posy":5,"amount":600},{"posx":11,"posy":5,"amount":700},{"posx":17,"posy":7,"amount":150},{"posx":20,"posy":7,"amount":50},{"posx":10,"posy":8,"amount":700}],"changedObstacles":[]},{"players":[{"playerId":2277,"score":809,"energy":27,"posx":10,"posy":8,"lastAction":5,"status":0},{"playerId":137845,"score":1100,"energy":45,"posx":11,"posy":5,"lastAction":5,"status":0},{"playerId":2231262,"score":534,"energy":22,"posx":10,"posy":8,"lastAction":1,"status":0},{"playerId":69695,"score":609,"energy":19,"posx":10,"posy":8,"lastAction":1,"status":0}],"golds":[{"posx":7,"posy":0,"amount":300},{"posx":11,"posy":1,"amount":400},{"posx":12,"posy":1,"amount":100},{"posx":17,"posy":1,"amount":700},{"posx":12,"posy":2,"amount":550},{"posx":16,"posy":3,"amount":450},{"posx":13,"posy":4,"amount":100},{"posx":19,"posy":4,"amount":700},{"posx":8,"posy":5,"amount":600},{"posx":11,"posy":5,"amount":650},{"posx":17,"posy":7,"amount":150},{"posx":20,"posy":7,"amount":50},{"posx":10,"posy":8,"amount":650}],"changedObstacles":[]},{"players":[{"playerId":2277,"score":859,"energy":22,"posx":10,"posy":8,"lastAction":5,"status":0},{"playerId":137845,"score":1150,"energy":40,"posx":11,"posy":5,"lastAction":5,"status":0},{"playerId":2231262,"score":584,"energy":17,"posx":10,"posy":8,"lastAction":5,"status":0},{"playerId":69695,"score":659,"energy":14,"posx":10,"posy":8,"lastAction":5,"status":0}],"golds":[{"posx":7,"posy":0,"amount":300},{"posx":11,"posy":1,"amount":400},{"posx":12,"posy":1,"amount":100},{"posx":17,"posy":1,"amount":700},{"posx":12,"posy":2,"amount":550},{"posx":16,"posy":3,"amount":450},{"posx":13,"posy":4,"amount":100},{"posx":19,"posy":4,"amount":700},{"posx":8,"posy":5,"amount":600},{"posx":11,"posy":5,"amount":600},{"posx":17,"posy":7,"amount":150},{"posx":20,"posy":7,"amount":50},{"posx":10,"posy":8,"amount":500}],"changedObstacles":[]},{"players":[{"playerId":2277,"score":909,"energy":17,"posx":10,"posy":8,"lastAction":5,"status":0},{"playerId":137845,"score":1200,"energy":35,"posx":11,"posy":5,"lastAction":5,"status":0},{"playerId":2231262,"score":634,"energy":12,"posx":10,"posy":8,"lastAction":5,"status":0},{"playerId":69695,"score":709,"energy":9,"posx":10,"posy":8,"lastAction":5,"status":0}],"golds":[{"posx":7,"posy":0,"amount":300},{"posx":11,"posy":1,"amount":400},{"posx":12,"posy":1,"amount":100},{"posx":17,"posy":1,"amount":700},{"posx":12,"posy":2,"amount":550},{"posx":16,"posy":3,"amount":450},{"posx":13,"posy":4,"amount":100},{"posx":19,"posy":4,"amount":700},{"posx":8,"posy":5,"amount":600},{"posx":11,"posy":5,"amount":550},{"posx":17,"posy":7,"amount":150},{"posx":20,"posy":7,"amount":50},{"posx":10,"posy":8,"amount":350}],"changedObstacles":[]},{"players":[{"playerId":2277,"score":959,"energy":12,"posx":10,"posy":8,"lastAction":5,"status":0},{"playerId":137845,"score":1250,"energy":30,"posx":11,"posy":5,"lastAction":5,"status":0},{"playerId":2231262,"score":634,"energy":24,"posx":10,"posy":8,"lastAction":4,"status":0},{"playerId":69695,"score":759,"energy":4,"posx":10,"posy":8,"lastAction":5,"status":0}],"golds":[{"posx":7,"posy":0,"amount":300},{"posx":11,"posy":1,"amount":400},{"posx":12,"posy":1,"amount":100},{"posx":17,"posy":1,"amount":700},{"posx":12,"posy":2,"amount":550},{"posx":16,"posy":3,"amount":450},{"posx":13,"posy":4,"amount":100},{"posx":19,"posy":4,"amount":700},{"posx":8,"posy":5,"amount":600},{"posx":11,"posy":5,"amount":500},{"posx":17,"posy":7,"amount":150},{"posx":20,"posy":7,"amount":50},{"posx":10,"posy":8,"amount":250}],"changedObstacles":[]},{"players":[{"playerId":2277,"score":1009,"energy":7,"posx":10,"posy":8,"lastAction":5,"status":0},{"playerId":137845,"score":1300,"energy":25,"posx":11,"posy":5,"lastAction":5,"status":0},{"playerId":2231262,"score":684,"energy":19,"posx":10,"posy":8,"lastAction":5,"status":0},{"playerId":69695,"score":759,"energy":16,"posx":10,"posy":8,"lastAction":4,"status":0}],"golds":[{"posx":7,"posy":0,"amount":300},{"posx":11,"posy":1,"amount":400},{"posx":12,"posy":1,"amount":100},{"posx":17,"posy":1,"amount":700},{"posx":12,"posy":2,"amount":550},{"posx":16,"posy":3,"amount":450},{"posx":13,"posy":4,"amount":100},{"posx":19,"posy":4,"amount":700},{"posx":8,"posy":5,"amount":600},{"posx":11,"posy":5,"amount":450},{"posx":17,"posy":7,"amount":150},{"posx":20,"posy":7,"amount":50},{"posx":10,"posy":8,"amount":150}],"changedObstacles":[]},{"players":[{"playerId":2277,"score":1059,"energy":2,"posx":10,"posy":8,"lastAction":5,"status":0},{"playerId":137845,"score":1350,"energy":20,"posx":11,"posy":5,"lastAction":5,"status":0},{"playerId":2231262,"score":734,"energy":14,"posx":10,"posy":8,"lastAction":5,"status":0},{"playerId":69695,"score":809,"energy":11,"posx":10,"posy":8,"lastAction":5,"status":0}],"golds":[{"posx":7,"posy":0,"amount":300},{"posx":11,"posy":1,"amount":400},{"posx":12,"posy":1,"amount":100},{"posx":17,"posy":1,"amount":700},{"posx":12,"posy":2,"amount":550},{"posx":16,"posy":3,"amount":450},{"posx":13,"posy":4,"amount":100},{"posx":19,"posy":4,"amount":700},{"posx":8,"posy":5,"amount":600},{"posx":11,"posy":5,"amount":400},{"posx":17,"posy":7,"amount":150},{"posx":20,"posy":7,"amount":50}],"changedObstacles":[{"type":0,"posx":10,"posy":8,"value":-1}]},{"players":[{"playerId":2277,"score":1059,"energy":14,"posx":10,"posy":8,"lastAction":4,"status":0},{"playerId":137845,"score":1400,"energy":15,"posx":11,"posy":5,"lastAction":5,"status":0},{"playerId":2231262,"score":734,"energy":26,"posx":10,"posy":8,"lastAction":4,"status":0},{"playerId":69695,"score":809,"energy":23,"posx":10,"posy":8,"lastAction":4,"status":0}],"golds":[{"posx":7,"posy":0,"amount":300},{"posx":11,"posy":1,"amount":400},{"posx":12,"posy":1,"amount":100},{"posx":17,"posy":1,"amount":700},{"posx":12,"posy":2,"amount":550},{"posx":16,"posy":3,"amount":450},{"posx":13,"posy":4,"amount":100},{"posx":19,"posy":4,"amount":700},{"posx":8,"posy":5,"amount":600},{"posx":11,"posy":5,"amount":350},{"posx":17,"posy":7,"amount":150},{"posx":20,"posy":7,"amount":50}],"changedObstacles":[]},{"players":[{"playerId":2277,"score":1059,"energy":30,"posx":10,"posy":8,"lastAction":4,"status":0},{"playerId":137845,"score":1450,"energy":10,"posx":11,"posy":5,"lastAction":5,"status":0},{"playerId":2231262,"score":734,"energy":21,"posx":10,"posy":7,"lastAction":2,"status":0},{"playerId":69695,"score":809,"energy":18,"posx":10,"posy":7,"lastAction":2,"status":0}],"golds":[{"posx":7,"posy":0,"amount":300},{"posx":11,"posy":1,"amount":400},{"posx":12,"posy":1,"amount":100},{"posx":17,"posy":1,"amount":700},{"posx":12,"posy":2,"amount":550},{"posx":16,"posy":3,"amount":450},{"posx":13,"posy":4,"amount":100},{"posx":19,"posy":4,"amount":700},{"posx":8,"posy":5,"amount":600},{"posx":11,"posy":5,"amount":300},{"posx":17,"posy":7,"amount":150},{"posx":20,"posy":7,"amount":50}],"changedObstacles":[{"type":3,"posx":10,"posy":7,"value":-20}]},{"players":[{"playerId":2277,"score":1059,"energy":50,"posx":10,"posy":8,"lastAction":4,"status":0},{"playerId":137845,"score":1500,"energy":5,"posx":11,"posy":5,"lastAction":5,"status":0},{"playerId":2231262,"score":734,"energy":20,"posx":10,"posy":6,"lastAction":2,"status":0},{"playerId":69695,"score":809,"energy":17,"posx":10,"posy":6,"lastAction":2,"status":0}],"golds":[{"posx":7,"posy":0,"amount":300},{"posx":11,"posy":1,"amount":400},{"posx":12,"posy":1,"amount":100},{"posx":17,"posy":1,"amount":700},{"posx":12,"posy":2,"amount":550},{"posx":16,"posy":3,"amount":450},{"posx":13,"posy":4,"amount":100},{"posx":19,"posy":4,"amount":700},{"posx":8,"posy":5,"amount":600},{"posx":11,"posy":5,"amount":250},{"posx":17,"posy":7,"amount":150},{"posx":20,"posy":7,"amount":50}],"changedObstacles":[]},{"players":[{"playerId":2277,"score":1059,"energy":49,"posx":11,"posy":8,"lastAction":1,"status":0},{"playerId":137845,"score":1500,"energy":17,"posx":11,"posy":5,"lastAction":4,"status":0},{"playerId":2231262,"score":734,"energy":19,"posx":10,"posy":5,"lastAction":2,"status":0},{"playerId":69695,"score":809,"energy":16,"posx":10,"posy":5,"lastAction":2,"status":0}],"golds":[{"posx":7,"posy":0,"amount":300},{"posx":11,"posy":1,"amount":400},{"posx":12,"posy":1,"amount":100},{"posx":17,"posy":1,"amount":700},{"posx":12,"posy":2,"amount":550},{"posx":16,"posy":3,"amount":450},{"posx":13,"posy":4,"amount":100},{"posx":19,"posy":4,"amount":700},{"posx":8,"posy":5,"amount":600},{"posx":11,"posy":5,"amount":250},{"posx":17,"posy":7,"amount":150},{"posx":20,"posy":7,"amount":50}],"changedObstacles":[]},{"players":[{"playerId":2277,"score":1059,"energy":48,"posx":11,"posy":7,"lastAction":2,"status":0},{"playerId":137845,"score":1550,"energy":12,"posx":11,"posy":5,"lastAction":5,"status":0},{"playerId":2231262,"score":734,"energy":15,"posx":11,"posy":5,"lastAction":1,"status":0},{"playerId":69695,"score":809,"energy":12,"posx":11,"posy":5,"lastAction":1,"status":0}],"golds":[{"posx":7,"posy":0,"amount":300},{"posx":11,"posy":1,"amount":400},{"posx":12,"posy":1,"amount":100},{"posx":17,"posy":1,"amount":700},{"posx":12,"posy":2,"amount":550},{"posx":16,"posy":3,"amount":450},{"posx":13,"posy":4,"amount":100},{"posx":19,"posy":4,"amount":700},{"posx":8,"posy":5,"amount":600},{"posx":11,"posy":5,"amount":200},{"posx":17,"posy":7,"amount":150},{"posx":20,"posy":7,"amount":50}],"changedObstacles":[]},{"players":[{"playerId":2277,"score":1059,"energy":38,"posx":11,"posy":6,"lastAction":2,"status":0},{"playerId":137845,"score":1600,"energy":7,"posx":11,"posy":5,"lastAction":5,"status":0},{"playerId":2231262,"score":734,"energy":27,"posx":11,"posy":5,"lastAction":4,"status":0},{"playerId":69695,"score":859,"energy":7,"posx":11,"posy":5,"lastAction":5,"status":0}],"golds":[{"posx":7,"posy":0,"amount":300},{"posx":11,"posy":1,"amount":400},{"posx":12,"posy":1,"amount":100},{"posx":17,"posy":1,"amount":700},{"posx":12,"posy":2,"amount":550},{"posx":16,"posy":3,"amount":450},{"posx":13,"posy":4,"amount":100},{"posx":19,"posy":4,"amount":700},{"posx":8,"posy":5,"amount":600},{"posx":11,"posy":5,"amount":100},{"posx":17,"posy":7,"amount":150},{"posx":20,"posy":7,"amount":50}],"changedObstacles":[{"type":0,"posx":11,"posy":6,"value":-1}]},{"players":[{"playerId":2277,"score":1059,"energy":34,"posx":11,"posy":5,"lastAction":2,"status":0},{"playerId":137845,"score":1600,"energy":6,"posx":11,"posy":4,"lastAction":2,"status":0},{"playerId":2231262,"score":784,"energy":22,"posx":11,"posy":5,"lastAction":5,"status":0},{"playerId":69695,"score":909,"energy":2,"posx":11,"posy":5,"lastAction":5,"status":0}],"golds":[{"posx":7,"posy":0,"amount":300},{"posx":11,"posy":1,"amount":400},{"posx":12,"posy":1,"amount":100},{"posx":17,"posy":1,"amount":700},{"posx":12,"posy":2,"amount":550},{"posx":16,"posy":3,"amount":450},{"posx":13,"posy":4,"amount":100},{"posx":19,"posy":4,"amount":700},{"posx":8,"posy":5,"amount":600},{"posx":17,"posy":7,"amount":150},{"posx":20,"posy":7,"amount":50}],"changedObstacles":[{"type":0,"posx":11,"posy":5,"value":-1}]},{"players":[{"playerId":2277,"score":1059,"energy":33,"posx":12,"posy":5,"lastAction":1,"status":0},{"playerId":137845,"score":1600,"energy":18,"posx":11,"posy":4,"lastAction":4,"status":0},{"playerId":2231262,"score":784,"energy":21,"posx":12,"posy":5,"lastAction":1,"status":0},{"playerId":69695,"score":909,"energy":14,"posx":11,"posy":5,"lastAction":4,"status":0}],"golds":[{"posx":7,"posy":0,"amount":300},{"posx":11,"posy":1,"amount":400},{"posx":12,"posy":1,"amount":100},{"posx":17,"posy":1,"amount":700},{"posx":12,"posy":2,"amount":550},{"posx":16,"posy":3,"amount":450},{"posx":13,"posy":4,"amount":100},{"posx":19,"posy":4,"amount":700},{"posx":8,"posy":5,"amount":600},{"posx":17,"posy":7,"amount":150},{"posx":20,"posy":7,"amount":50}],"changedObstacles":[]},{"players":[{"playerId":2277,"score":1059,"energy":18,"posx":13,"posy":5,"lastAction":1,"status":0},{"playerId":137845,"score":1600,"energy":34,"posx":11,"posy":4,"lastAction":4,"status":0},{"playerId":2231262,"score":784,"energy":8,"posx":12,"posy":4,"lastAction":2,"status":0},{"playerId":69695,"score":909,"energy":30,"posx":11,"posy":5,"lastAction":4,"status":0}],"golds":[{"posx":7,"posy":0,"amount":300},{"posx":11,"posy":1,"amount":400},{"posx":12,"posy":1,"amount":100},{"posx":17,"posy":1,"amount":700},{"posx":12,"posy":2,"amount":550},{"posx":16,"posy":3,"amount":450},{"posx":13,"posy":4,"amount":100},{"posx":19,"posy":4,"amount":700},{"posx":8,"posy":5,"amount":600},{"posx":17,"posy":7,"amount":150},{"posx":20,"posy":7,"amount":50}],"changedObstacles":[]},{"players":[{"playerId":2277,"score":1059,"energy":30,"posx":13,"posy":5,"lastAction":4,"status":0},{"playerId":137845,"score":1600,"energy":17,"posx":11,"posy":3,"lastAction":2,"status":0},{"playerId":2231262,"score":784,"energy":20,"posx":12,"posy":4,"lastAction":4,"status":0},{"playerId":69695,"score":909,"energy":29,"posx":10,"posy":5,"lastAction":0,"status":0}],"golds":[{"posx":7,"posy":0,"amount":300},{"posx":11,"posy":1,"amount":400},{"posx":12,"posy":1,"amount":100},{"posx":17,"posy":1,"amount":700},{"posx":12,"posy":2,"amount":550},{"posx":16,"posy":3,"amount":450},{"posx":13,"posy":4,"amount":100},{"posx":19,"posy":4,"amount":700},{"posx":8,"posy":5,"amount":600},{"posx":17,"posy":7,"amount":150},{"posx":20,"posy":7,"amount":50}],"changedObstacles":[]},{"players":[{"playerId":2277,"score":1059,"energy":46,"posx":13,"posy":5,"lastAction":4,"status":0},{"playerId":137845,"score":1600,"energy":7,"posx":11,"posy":2,"lastAction":2,"status":0},{"playerId":2231262,"score":784,"energy":16,"posx":13,"posy":4,"lastAction":1,"status":0},{"playerId":69695,"score":909,"energy":24,"posx":9,"posy":5,"lastAction":0,"status":0}],"golds":[{"posx":7,"posy":0,"amount":300},{"posx":11,"posy":1,"amount":400},{"posx":12,"posy":1,"amount":100},{"posx":17,"posy":1,"amount":700},{"posx":12,"posy":2,"amount":550},{"posx":16,"posy":3,"amount":450},{"posx":13,"posy":4,"amount":100},{"posx":19,"posy":4,"amount":700},{"posx":8,"posy":5,"amount":600},{"posx":17,"posy":7,"amount":150},{"posx":20,"posy":7,"amount":50}],"changedObstacles":[{"type":3,"posx":9,"posy":5,"value":-20},{"type":0,"posx":11,"posy":2,"value":-1}]},{"players":[{"playerId":2277,"score":1059,"energy":42,"posx":13,"posy":4,"lastAction":2,"status":0},{"playerId":137845,"score":1600,"energy":3,"posx":12,"posy":2,"lastAction":1,"status":0},{"playerId":2231262,"score":784,"energy":28,"posx":13,"posy":4,"lastAction":4,"status":0},{"playerId":69695,"score":909,"energy":20,"posx":8,"posy":5,"lastAction":0,"status":0}],"golds":[{"posx":7,"posy":0,"amount":300},{"posx":11,"posy":1,"amount":400},{"posx":12,"posy":1,"amount":100},{"posx":17,"posy":1,"amount":700},{"posx":12,"posy":2,"amount":550},{"posx":16,"posy":3,"amount":450},{"posx":13,"posy":4,"amount":100},{"posx":19,"posy":4,"amount":700},{"posx":8,"posy":5,"amount":600},{"posx":17,"posy":7,"amount":150},{"posx":20,"posy":7,"amount":50}],"changedObstacles":[]},{"players":[{"playerId":2277,"score":1109,"energy":37,"posx":13,"posy":4,"lastAction":5,"status":0},{"playerId":137845,"score":1600,"energy":15,"posx":12,"posy":2,"lastAction":4,"status":0},{"playerId":2231262,"score":834,"energy":23,"posx":13,"posy":4,"lastAction":5,"status":0},{"playerId":69695,"score":959,"energy":15,"posx":8,"posy":5,"lastAction":5,"status":0}],"golds":[{"posx":7,"posy":0,"amount":300},{"posx":11,"posy":1,"amount":400},{"posx":12,"posy":1,"amount":100},{"posx":17,"posy":1,"amount":700},{"posx":12,"posy":2,"amount":550},{"posx":16,"posy":3,"amount":450},{"posx":19,"posy":4,"amount":700},{"posx":8,"posy":5,"amount":550},{"posx":17,"posy":7,"amount":150},{"posx":20,"posy":7,"amount":50}],"changedObstacles":[{"type":0,"posx":13,"posy":4,"value":-1}]},{"players":[{"playerId":2277,"score":1109,"energy":36,"posx":13,"posy":3,"lastAction":2,"status":0},{"playerId":137845,"score":1600,"energy":31,"posx":12,"posy":2,"lastAction":4,"status":0},{"playerId":2231262,"score":834,"energy":22,"posx":13,"posy":3,"lastAction":2,"status":0},{"playerId":69695,"score":1009,"energy":10,"posx":8,"posy":5,"lastAction":5,"status":0}],"golds":[{"posx":7,"posy":0,"amount":300},{"posx":11,"posy":1,"amount":400},{"posx":12,"posy":1,"amount":100},{"posx":17,"posy":1,"amount":700},{"posx":12,"posy":2,"amount":550},{"posx":16,"posy":3,"amount":450},{"posx":19,"posy":4,"amount":700},{"posx":8,"posy":5,"amount":500},{"posx":17,"posy":7,"amount":150},{"posx":20,"posy":7,"amount":50}],"changedObstacles":[]},{"players":[{"playerId":2277,"score":1109,"energy":25,"posx":12,"posy":3,"lastAction":0,"status":0},{"playerId":137845,"score":1600,"energy":50,"posx":12,"posy":2,"lastAction":4,"status":0},{"playerId":2231262,"score":834,"energy":12,"posx":13,"posy":2,"lastAction":2,"status":0},{"playerId":69695,"score":1059,"energy":5,"posx":8,"posy":5,"lastAction":5,"status":0}],"golds":[{"posx":7,"posy":0,"amount":300},{"posx":11,"posy":1,"amount":400},{"posx":12,"posy":1,"amount":100},{"posx":17,"posy":1,"amount":700},{"posx":12,"posy":2,"amount":550},{"posx":16,"posy":3,"amount":450},{"posx":19,"posy":4,"amount":700},{"posx":8,"posy":5,"amount":450},{"posx":17,"posy":7,"amount":150},{"posx":20,"posy":7,"amount":50}],"changedObstacles":[{"type":0,"posx":13,"posy":2,"value":-1}]},{"players":[{"playerId":2277,"score":1109,"energy":21,"posx":12,"posy":2,"lastAction":2,"status":0},{"playerId":137845,"score":1650,"energy":45,"posx":12,"posy":2,"lastAction":5,"status":0},{"playerId":2231262,"score":834,"energy":24,"posx":13,"posy":2,"lastAction":4,"status":0},{"playerId":69695,"score":1059,"energy":17,"posx":8,"posy":5,"lastAction":4,"status":0}],"golds":[{"posx":7,"posy":0,"amount":300},{"posx":11,"posy":1,"amount":400},{"posx":12,"posy":1,"amount":100},{"posx":17,"posy":1,"amount":700},{"posx":12,"posy":2,"amount":500},{"posx":16,"posy":3,"amount":450},{"posx":19,"posy":4,"amount":700},{"posx":8,"posy":5,"amount":450},{"posx":17,"posy":7,"amount":150},{"posx":20,"posy":7,"amount":50}],"changedObstacles":[]},{"players":[{"playerId":2277,"score":1159,"energy":16,"posx":12,"posy":2,"lastAction":5,"status":0},{"playerId":137845,"score":1700,"energy":40,"posx":12,"posy":2,"lastAction":5,"status":0},{"playerId":2231262,"score":834,"energy":20,"posx":12,"posy":2,"lastAction":0,"status":0},{"playerId":69695,"score":1109,"energy":12,"posx":8,"posy":5,"lastAction":5,"status":0}],"golds":[{"posx":7,"posy":0,"amount":300},{"posx":11,"posy":1,"amount":400},{"posx":12,"posy":1,"amount":100},{"posx":17,"posy":1,"amount":700},{"posx":12,"posy":2,"amount":400},{"posx":16,"posy":3,"amount":450},{"posx":19,"posy":4,"amount":700},{"posx":8,"posy":5,"amount":400},{"posx":17,"posy":7,"amount":150},{"posx":20,"posy":7,"amount":50}],"changedObstacles":[]},{"players":[{"playerId":2277,"score":1209,"energy":11,"posx":12,"posy":2,"lastAction":5,"status":0},{"playerId":137845,"score":1750,"energy":35,"posx":12,"posy":2,"lastAction":5,"status":0},{"playerId":2231262,"score":884,"energy":15,"posx":12,"posy":2,"lastAction":5,"status":0},{"playerId":69695,"score":1159,"energy":7,"posx":8,"posy":5,"lastAction":5,"status":0}],"golds":[{"posx":7,"posy":0,"amount":300},{"posx":11,"posy":1,"amount":400},{"posx":12,"posy":1,"amount":100},{"posx":17,"posy":1,"amount":700},{"posx":12,"posy":2,"amount":250},{"posx":16,"posy":3,"amount":450},{"posx":19,"posy":4,"amount":700},{"posx":8,"posy":5,"amount":350},{"posx":17,"posy":7,"amount":150},{"posx":20,"posy":7,"amount":50}],"changedObstacles":[]},{"players":[{"playerId":2277,"score":1259,"energy":6,"posx":12,"posy":2,"lastAction":5,"status":0},{"playerId":137845,"score":1800,"energy":30,"posx":12,"posy":2,"lastAction":5,"status":0},{"playerId":2231262,"score":884,"energy":27,"posx":12,"posy":2,"lastAction":4,"status":0},{"playerId":69695,"score":1209,"energy":2,"posx":8,"posy":5,"lastAction":5,"status":0}],"golds":[{"posx":7,"posy":0,"amount":300},{"posx":11,"posy":1,"amount":400},{"posx":12,"posy":1,"amount":100},{"posx":17,"posy":1,"amount":700},{"posx":12,"posy":2,"amount":150},{"posx":16,"posy":3,"amount":450},{"posx":19,"posy":4,"amount":700},{"posx":8,"posy":5,"amount":300},{"posx":17,"posy":7,"amount":150},{"posx":20,"posy":7,"amount":50}],"changedObstacles":[]},{"players":[{"playerId":2277,"score":1309,"energy":1,"posx":12,"posy":2,"lastAction":5,"status":0},{"playerId":137845,"score":1850,"energy":25,"posx":12,"posy":2,"lastAction":5,"status":0},{"playerId":2231262,"score":934,"energy":22,"posx":12,"posy":2,"lastAction":5,"status":0},{"playerId":69695,"score":1209,"energy":14,"posx":8,"posy":5,"lastAction":4,"status":0}],"golds":[{"posx":7,"posy":0,"amount":300},{"posx":11,"posy":1,"amount":400},{"posx":12,"posy":1,"amount":100},{"posx":17,"posy":1,"amount":700},{"posx":16,"posy":3,"amount":450},{"posx":19,"posy":4,"amount":700},{"posx":8,"posy":5,"amount":300},{"posx":17,"posy":7,"amount":150},{"posx":20,"posy":7,"amount":50}],"changedObstacles":[{"type":0,"posx":12,"posy":2,"value":-1}]},{"players":[{"playerId":2277,"score":1309,"energy":13,"posx":12,"posy":2,"lastAction":4,"status":0},{"playerId":137845,"score":1850,"energy":21,"posx":12,"posy":1,"lastAction":2,"status":0},{"playerId":2231262,"score":934,"energy":18,"posx":12,"posy":1,"lastAction":2,"status":0},{"playerId":69695,"score":1259,"energy":9,"posx":8,"posy":5,"lastAction":5,"status":0}],"golds":[{"posx":7,"posy":0,"amount":300},{"posx":11,"posy":1,"amount":400},{"posx":12,"posy":1,"amount":100},{"posx":17,"posy":1,"amount":700},{"posx":16,"posy":3,"amount":450},{"posx":19,"posy":4,"amount":700},{"posx":8,"posy":5,"amount":250},{"posx":17,"posy":7,"amount":150},{"posx":20,"posy":7,"amount":50}],"changedObstacles":[]},{"players":[{"playerId":2277,"score":1309,"energy":29,"posx":12,"posy":2,"lastAction":4,"status":0},{"playerId":137845,"score":1900,"energy":16,"posx":12,"posy":1,"lastAction":5,"status":0},{"playerId":2231262,"score":984,"energy":13,"posx":12,"posy":1,"lastAction":5,"status":0},{"playerId":69695,"score":1309,"energy":4,"posx":8,"posy":5,"lastAction":5,"status":0}],"golds":[{"posx":7,"posy":0,"amount":300},{"posx":11,"posy":1,"amount":400},{"posx":17,"posy":1,"amount":700},{"posx":16,"posy":3,"amount":450},{"posx":19,"posy":4,"amount":700},{"posx":8,"posy":5,"amount":200},{"posx":17,"posy":7,"amount":150},{"posx":20,"posy":7,"amount":50}],"changedObstacles":[{"type":0,"posx":12,"posy":1,"value":-1}]},{"players":[{"playerId":2277,"score":1309,"energy":50,"posx":12,"posy":2,"lastAction":4,"status":0},{"playerId":137845,"score":1900,"energy":11,"posx":13,"posy":1,"lastAction":1,"status":0},{"playerId":2231262,"score":984,"energy":25,"posx":12,"posy":1,"lastAction":4,"status":0},{"playerId":69695,"score":1309,"energy":16,"posx":8,"posy":5,"lastAction":4,"status":0}],"golds":[{"posx":7,"posy":0,"amount":300},{"posx":11,"posy":1,"amount":400},{"posx":17,"posy":1,"amount":700},{"posx":16,"posy":3,"amount":450},{"posx":19,"posy":4,"amount":700},{"posx":8,"posy":5,"amount":200},{"posx":17,"posy":7,"amount":150},{"posx":20,"posy":7,"amount":50}],"changedObstacles":[{"type":3,"posx":13,"posy":1,"value":-20}]},{"players":[{"playerId":2277,"score":1309,"energy":49,"posx":11,"posy":2,"lastAction":0,"status":0},{"playerId":137845,"score":1900,"energy":6,"posx":14,"posy":1,"lastAction":1,"status":0},{"playerId":2231262,"score":984,"energy":21,"posx":11,"posy":1,"lastAction":0,"status":0},{"playerId":69695,"score":1359,"energy":11,"posx":8,"posy":5,"lastAction":5,"status":0}],"golds":[{"posx":7,"posy":0,"amount":300},{"posx":11,"posy":1,"amount":400},{"posx":17,"posy":1,"amount":700},{"posx":16,"posy":3,"amount":450},{"posx":19,"posy":4,"amount":700},{"posx":8,"posy":5,"amount":150},{"posx":17,"posy":7,"amount":150},{"posx":20,"posy":7,"amount":50}],"changedObstacles":[{"type":3,"posx":14,"posy":1,"value":-20}]},{"players":[{"playerId":2277,"score":1309,"energy":45,"posx":11,"posy":1,"lastAction":2,"status":0},{"playerId":137845,"score":1900,"energy":5,"posx":15,"posy":1,"lastAction":1,"status":0},{"playerId":2231262,"score":1034,"energy":16,"posx":11,"posy":1,"lastAction":5,"status":0},{"playerId":69695,"score":1409,"energy":6,"posx":8,"posy":5,"lastAction":5,"status":0}],"golds":[{"posx":7,"posy":0,"amount":300},{"posx":11,"posy":1,"amount":350},{"posx":17,"posy":1,"amount":700},{"posx":16,"posy":3,"amount":450},{"posx":19,"posy":4,"amount":700},{"posx":8,"posy":5,"amount":100},{"posx":17,"posy":7,"amount":150},{"posx":20,"posy":7,"amount":50}],"changedObstacles":[]},{"players":[{"playerId":2277,"score":1359,"energy":40,"posx":11,"posy":1,"lastAction":5,"status":0},{"playerId":137845,"score":1900,"energy":17,"posx":15,"posy":1,"lastAction":4,"status":0},{"playerId":2231262,"score":1034,"energy":28,"posx":11,"posy":1,"lastAction":4,"status":0},{"playerId":69695,"score":1459,"energy":1,"posx":8,"posy":5,"lastAction":5,"status":0}],"golds":[{"posx":7,"posy":0,"amount":300},{"posx":11,"posy":1,"amount":300},{"posx":17,"posy":1,"amount":700},{"posx":16,"posy":3,"amount":450},{"posx":19,"posy":4,"amount":700},{"posx":8,"posy":5,"amount":50},{"posx":17,"posy":7,"amount":150},{"posx":20,"posy":7,"amount":50}],"changedObstacles":[]},{"players":[{"playerId":2277,"score":1409,"energy":35,"posx":11,"posy":1,"lastAction":5,"status":0},{"playerId":137845,"score":1900,"energy":33,"posx":15,"posy":1,"lastAction":4,"status":0},{"playerId":2231262,"score":1084,"energy":23,"posx":11,"posy":1,"lastAction":5,"status":0},{"playerId":69695,"score":1459,"energy":13,"posx":8,"posy":5,"lastAction":4,"status":0}],"golds":[{"posx":7,"posy":0,"amount":300},{"posx":11,"posy":1,"amount":200},{"posx":17,"posy":1,"amount":700},{"posx":16,"posy":3,"amount":450},{"posx":19,"posy":4,"amount":700},{"posx":8,"posy":5,"amount":50},{"posx":17,"posy":7,"amount":150},{"posx":20,"posy":7,"amount":50}],"changedObstacles":[]},{"players":[{"playerId":2277,"score":1459,"energy":30,"posx":11,"posy":1,"lastAction":5,"status":0},{"playerId":137845,"score":1900,"energy":23,"posx":16,"posy":1,"lastAction":1,"status":0},{"playerId":2231262,"score":1134,"energy":18,"posx":11,"posy":1,"lastAction":5,"status":0},{"playerId":69695,"score":1509,"energy":8,"posx":8,"posy":5,"lastAction":5,"status":0}],"golds":[{"posx":7,"posy":0,"amount":300},{"posx":11,"posy":1,"amount":100},{"posx":17,"posy":1,"amount":700},{"posx":16,"posy":3,"amount":450},{"posx":19,"posy":4,"amount":700},{"posx":17,"posy":7,"amount":150},{"posx":20,"posy":7,"amount":50}],"changedObstacles":[{"type":0,"posx":16,"posy":1,"value":-1},{"type":0,"posx":8,"posy":5,"value":-1}]},{"players":[{"playerId":2277,"score":1509,"energy":25,"posx":11,"posy":1,"lastAction":5,"status":0},{"playerId":137845,"score":1900,"energy":19,"posx":17,"posy":1,"lastAction":1,"status":0},{"playerId":2231262,"score":1184,"energy":13,"posx":11,"posy":1,"lastAction":5,"status":0},{"playerId":69695,"score":1509,"energy":20,"posx":8,"posy":5,"lastAction":4,"status":0}],"golds":[{"posx":7,"posy":0,"amount":300},{"posx":17,"posy":1,"amount":700},{"posx":16,"posy":3,"amount":450},{"posx":19,"posy":4,"amount":700},{"posx":17,"posy":7,"amount":150},{"posx":20,"posy":7,"amount":50}],"changedObstacles":[{"type":0,"posx":11,"posy":1,"value":-1}]},{"players":[{"playerId":2277,"score":1509,"energy":20,"posx":10,"posy":1,"lastAction":0,"status":0},{"playerId":137845,"score":1950,"energy":14,"posx":17,"posy":1,"lastAction":5,"status":0},{"playerId":2231262,"score":1184,"energy":25,"posx":11,"posy":1,"lastAction":4,"status":0},{"playerId":69695,"score":1509,"energy":19,"posx":8,"posy":4,"lastAction":2,"status":0}],"golds":[{"posx":7,"posy":0,"amount":300},{"posx":17,"posy":1,"amount":650},{"posx":16,"posy":3,"amount":450},{"posx":19,"posy":4,"amount":700},{"posx":17,"posy":7,"amount":150},{"posx":20,"posy":7,"amount":50}],"changedObstacles":[{"type":3,"posx":10,"posy":1,"value":-20}]},{"players":[{"playerId":2277,"score":1509,"energy":32,"posx":10,"posy":1,"lastAction":4,"status":0},{"playerId":137845,"score":2000,"energy":9,"posx":17,"posy":1,"lastAction":5,"status":0},{"playerId":2231262,"score":1184,"energy":24,"posx":11,"posy":0,"lastAction":2,"status":0},{"playerId":69695,"score":1509,"energy":14,"posx":8,"posy":3,"lastAction":2,"status":0}],"golds":[{"posx":7,"posy":0,"amount":300},{"posx":17,"posy":1,"amount":600},{"posx":16,"posy":3,"amount":450},{"posx":19,"posy":4,"amount":700},{"posx":17,"posy":7,"amount":150},{"posx":20,"posy":7,"amount":50}],"changedObstacles":[{"type":3,"posx":8,"posy":3,"value":-20}]},{"players":[{"playerId":2277,"score":1509,"energy":48,"posx":10,"posy":1,"lastAction":4,"status":0},{"playerId":137845,"score":2050,"energy":4,"posx":17,"posy":1,"lastAction":5,"status":0},{"playerId":2231262,"score":1184,"energy":14,"posx":10,"posy":0,"lastAction":0,"status":0},{"playerId":69695,"score":1509,"energy":26,"posx":8,"posy":3,"lastAction":4,"status":0}],"golds":[{"posx":7,"posy":0,"amount":300},{"posx":17,"posy":1,"amount":550},{"posx":16,"posy":3,"amount":450},{"posx":19,"posy":4,"amount":700},{"posx":17,"posy":7,"amount":150},{"posx":20,"posy":7,"amount":50}],"changedObstacles":[{"type":0,"posx":10,"posy":0,"value":-1}]},{"players":[{"playerId":2277,"score":1509,"energy":47,"posx":9,"posy":1,"lastAction":0,"status":0},{"playerId":137845,"score":2050,"energy":16,"posx":17,"posy":1,"lastAction":4,"status":0},{"playerId":2231262,"score":1184,"energy":26,"posx":10,"posy":0,"lastAction":4,"status":0},{"playerId":69695,"score":1509,"energy":25,"posx":8,"posy":2,"lastAction":2,"status":0}],"golds":[{"posx":7,"posy":0,"amount":300},{"posx":17,"posy":1,"amount":550},{"posx":16,"posy":3,"amount":450},{"posx":19,"posy":4,"amount":700},{"posx":17,"posy":7,"amount":150},{"posx":20,"posy":7,"amount":50}],"changedObstacles":[]},{"players":[{"playerId":2277,"score":1509,"energy":46,"posx":9,"posy":0,"lastAction":2,"status":0},{"playerId":137845,"score":2050,"energy":32,"posx":17,"posy":1,"lastAction":4,"status":0},{"playerId":2231262,"score":1184,"energy":25,"posx":9,"posy":0,"lastAction":0,"status":0},{"playerId":69695,"score":1509,"energy":20,"posx":8,"posy":1,"lastAction":2,"status":0}],"golds":[{"posx":7,"posy":0,"amount":300},{"posx":17,"posy":1,"amount":550},{"posx":16,"posy":3,"amount":450},{"posx":19,"posy":4,"amount":700},{"posx":17,"posy":7,"amount":150},{"posx":20,"posy":7,"amount":50}],"changedObstacles":[{"type":3,"posx":8,"posy":1,"value":-20}]},{"players":[{"playerId":2277,"score":1509,"energy":45,"posx":8,"posy":0,"lastAction":0,"status":0},{"playerId":137845,"score":2050,"energy":50,"posx":17,"posy":1,"lastAction":4,"status":0},{"playerId":2231262,"score":1184,"energy":24,"posx":8,"posy":0,"lastAction":0,"status":0},{"playerId":69695,"score":1509,"energy":19,"posx":8,"posy":0,"lastAction":2,"status":0}],"golds":[{"posx":7,"posy":0,"amount":300},{"posx":17,"posy":1,"amount":550},{"posx":16,"posy":3,"amount":450},{"posx":19,"posy":4,"amount":700},{"posx":17,"posy":7,"amount":150},{"posx":20,"posy":7,"amount":50}],"changedObstacles":[]},{"players":[{"playerId":2277,"score":1509,"energy":41,"posx":7,"posy":0,"lastAction":0,"status":0},{"playerId":137845,"score":2100,"energy":45,"posx":17,"posy":1,"lastAction":5,"status":0},{"playerId":2231262,"score":1184,"energy":20,"posx":7,"posy":0,"lastAction":0,"status":0},{"playerId":69695,"score":1509,"energy":15,"posx":7,"posy":0,"lastAction":0,"status":0}],"golds":[{"posx":7,"posy":0,"amount":300},{"posx":17,"posy":1,"amount":500},{"posx":16,"posy":3,"amount":450},{"posx":19,"posy":4,"amount":700},{"posx":17,"posy":7,"amount":150},{"posx":20,"posy":7,"amount":50}],"changedObstacles":[]},{"players":[{"playerId":2277,"score":1559,"energy":36,"posx":7,"posy":0,"lastAction":5,"status":0},{"playerId":137845,"score":2150,"energy":40,"posx":17,"posy":1,"lastAction":5,"status":0},{"playerId":2231262,"score":1234,"energy":15,"posx":7,"posy":0,"lastAction":5,"status":0},{"playerId":69695,"score":1559,"energy":10,"posx":7,"posy":0,"lastAction":5,"status":0}],"golds":[{"posx":7,"posy":0,"amount":150},{"posx":17,"posy":1,"amount":450},{"posx":16,"posy":3,"amount":450},{"posx":19,"posy":4,"amount":700},{"posx":17,"posy":7,"amount":150},{"posx":20,"posy":7,"amount":50}],"changedObstacles":[]},{"players":[{"playerId":2277,"score":1609,"energy":31,"posx":7,"posy":0,"lastAction":5,"status":0},{"playerId":137845,"score":2200,"energy":35,"posx":17,"posy":1,"lastAction":5,"status":0},{"playerId":2231262,"score":1234,"energy":27,"posx":7,"posy":0,"lastAction":4,"status":0},{"playerId":69695,"score":1609,"energy":5,"posx":7,"posy":0,"lastAction":5,"status":0}],"golds":[{"posx":7,"posy":0,"amount":50},{"posx":17,"posy":1,"amount":400},{"posx":16,"posy":3,"amount":450},{"posx":19,"posy":4,"amount":700},{"posx":17,"posy":7,"amount":150},{"posx":20,"posy":7,"amount":50}],"changedObstacles":[]},{"players":[{"playerId":2277,"score":1634,"energy":26,"posx":7,"posy":0,"lastAction":5,"status":0},{"playerId":137845,"score":2250,"energy":30,"posx":17,"posy":1,"lastAction":5,"status":0},{"playerId":2231262,"score":1259,"energy":22,"posx":7,"posy":0,"lastAction":5,"status":0},{"playerId":69695,"score":1609,"energy":17,"posx":7,"posy":0,"lastAction":4,"status":0}],"golds":[{"posx":17,"posy":1,"amount":350},{"posx":16,"posy":3,"amount":450},{"posx":19,"posy":4,"amount":700},{"posx":17,"posy":7,"amount":150},{"posx":20,"posy":7,"amount":50}],"changedObstacles":[{"type":0,"posx":7,"posy":0,"value":-1}]},{"players":[{"playerId":2277,"score":1634,"energy":25,"posx":8,"posy":0,"lastAction":1,"status":0},{"playerId":137845,"score":2300,"energy":25,"posx":17,"posy":1,"lastAction":5,"status":0},{"playerId":2231262,"score":1259,"energy":21,"posx":8,"posy":0,"lastAction":1,"status":0},{"playerId":69695,"score":1609,"energy":12,"posx":7,"posy":1,"lastAction":3,"status":0}],"golds":[{"posx":17,"posy":1,"amount":300},{"posx":16,"posy":3,"amount":450},{"posx":19,"posy":4,"amount":700},{"posx":17,"posy":7,"amount":150},{"posx":20,"posy":7,"amount":50}],"changedObstacles":[{"type":3,"posx":7,"posy":1,"value":-20}]},{"players":[{"playerId":2277,"score":1634,"energy":24,"posx":9,"posy":0,"lastAction":1,"status":0},{"playerId":137845,"score":2350,"energy":20,"posx":17,"posy":1,"lastAction":5,"status":0},{"playerId":2231262,"score":1259,"energy":20,"posx":9,"posy":0,"lastAction":1,"status":0},{"playerId":69695,"score":1609,"energy":24,"posx":7,"posy":1,"lastAction":4,"status":0}],"golds":[{"posx":17,"posy":1,"amount":250},{"posx":16,"posy":3,"amount":450},{"posx":19,"posy":4,"amount":700},{"posx":17,"posy":7,"amount":150},{"posx":20,"posy":7,"amount":50}],"changedObstacles":[]},{"players":[{"playerId":2277,"score":1634,"energy":23,"posx":10,"posy":0,"lastAction":1,"status":0},{"playerId":137845,"score":2400,"energy":15,"posx":17,"posy":1,"lastAction":5,"status":0},{"playerId":2231262,"score":1259,"energy":19,"posx":9,"posy":1,"lastAction":3,"status":0},{"playerId":69695,"score":1609,"energy":4,"posx":8,"posy":1,"lastAction":1,"status":0}],"golds":[{"posx":17,"posy":1,"amount":200},{"posx":16,"posy":3,"amount":450},{"posx":19,"posy":4,"amount":700},{"posx":17,"posy":7,"amount":150},{"posx":20,"posy":7,"amount":50}],"changedObstacles":[{"type":3,"posx":8,"posy":1,"value":-40}]},{"players":[{"playerId":2277,"score":1634,"energy":22,"posx":11,"posy":0,"lastAction":1,"status":0},{"playerId":137845,"score":2450,"energy":10,"posx":17,"posy":1,"lastAction":5,"status":0},{"playerId":2231262,"score":1259,"energy":31,"posx":9,"posy":1,"lastAction":4,"status":0},{"playerId":69695,"score":1609,"energy":16,"posx":8,"posy":1,"lastAction":4,"status":0}],"golds":[{"posx":17,"posy":1,"amount":150},{"posx":16,"posy":3,"amount":450},{"posx":19,"posy":4,"amount":700},{"posx":17,"posy":7,"amount":150},{"posx":20,"posy":7,"amount":50}],"changedObstacles":[]},{"players":[{"playerId":2277,"score":1634,"energy":21,"posx":12,"posy":0,"lastAction":1,"status":0},{"playerId":137845,"score":2500,"energy":5,"posx":17,"posy":1,"lastAction":5,"status":0},{"playerId":2231262,"score":1259,"energy":11,"posx":10,"posy":1,"lastAction":1,"status":0},{"playerId":69695,"score":1609,"energy":15,"posx":9,"posy":1,"lastAction":1,"status":0}],"golds":[{"posx":17,"posy":1,"amount":100},{"posx":16,"posy":3,"amount":450},{"posx":19,"posy":4,"amount":700},{"posx":17,"posy":7,"amount":150},{"posx":20,"posy":7,"amount":50}],"changedObstacles":[{"type":3,"posx":10,"posy":1,"value":-40}]},{"players":[{"playerId":2277,"score":1634,"energy":11,"posx":13,"posy":0,"lastAction":1,"status":0},{"playerId":137845,"score":2500,"energy":17,"posx":17,"posy":1,"lastAction":4,"status":0},{"playerId":2231262,"score":1259,"energy":23,"posx":10,"posy":1,"lastAction":4,"status":0},{"playerId":69695,"score":1609,"energy":27,"posx":9,"posy":1,"lastAction":4,"status":0}],"golds":[{"posx":17,"posy":1,"amount":100},{"posx":16,"posy":3,"amount":450},{"posx":19,"posy":4,"amount":700},{"posx":17,"posy":7,"amount":150},{"posx":20,"posy":7,"amount":50}],"changedObstacles":[{"type":0,"posx":13,"posy":0,"value":-1}]},{"players":[{"playerId":2277,"score":1634,"energy":23,"posx":13,"posy":0,"lastAction":4,"status":0},{"playerId":137845,"score":2500,"energy":33,"posx":17,"posy":1,"lastAction":4,"status":0},{"playerId":2231262,"score":1259,"energy":22,"posx":11,"posy":1,"lastAction":1,"status":0},{"playerId":69695,"score":1609,"energy":-13,"posx":10,"posy":1,"lastAction":1,"status":2}],"golds":[{"posx":17,"posy":1,"amount":100},{"posx":16,"posy":3,"amount":450},{"posx":19,"posy":4,"amount":700},{"posx":17,"posy":7,"amount":150},{"posx":20,"posy":7,"amount":50}],"changedObstacles":[{"type":3,"posx":10,"posy":1,"value":-100}]},{"players":[{"playerId":2277,"score":1634,"energy":39,"posx":13,"posy":0,"lastAction":4,"status":0},{"playerId":137845,"score":2550,"energy":28,"posx":17,"posy":1,"lastAction":5,"status":0},{"playerId":2231262,"score":1259,"energy":21,"posx":12,"posy":1,"lastAction":1,"status":0},{"playerId":69695,"score":1609,"energy":-13,"posx":10,"posy":1,"lastAction":6,"status":2}],"golds":[{"posx":17,"posy":1,"amount":50},{"posx":16,"posy":3,"amount":450},{"posx":19,"posy":4,"amount":700},{"posx":17,"posy":7,"amount":150},{"posx":20,"posy":7,"amount":50}],"changedObstacles":[]},{"players":[{"playerId":2277,"score":1634,"energy":34,"posx":14,"posy":0,"lastAction":1,"status":0},{"playerId":137845,"score":2600,"energy":23,"posx":17,"posy":1,"lastAction":5,"status":0},{"playerId":2231262,"score":1259,"energy":1,"posx":13,"posy":1,"lastAction":1,"status":0},{"playerId":69695,"score":1609,"energy":-13,"posx":10,"posy":1,"lastAction":6,"status":2}],"golds":[{"posx":16,"posy":3,"amount":450},{"posx":19,"posy":4,"amount":700},{"posx":17,"posy":7,"amount":150},{"posx":20,"posy":7,"amount":50}],"changedObstacles":[{"type":3,"posx":13,"posy":1,"value":-40},{"type":3,"posx":14,"posy":0,"value":-20},{"type":0,"posx":17,"posy":1,"value":-1}]},{"players":[{"playerId":2277,"score":1634,"energy":33,"posx":15,"posy":0,"lastAction":1,"status":0},{"playerId":137845,"score":2600,"energy":22,"posx":16,"posy":1,"lastAction":0,"status":0},{"playerId":2231262,"score":1259,"energy":13,"posx":13,"posy":1,"lastAction":4,"status":0},{"playerId":69695,"score":1609,"energy":-13,"posx":10,"posy":1,"lastAction":6,"status":2}],"golds":[{"posx":16,"posy":3,"amount":450},{"posx":19,"posy":4,"amount":700},{"posx":17,"posy":7,"amount":150},{"posx":20,"posy":7,"amount":50}],"changedObstacles":[]},{"players":[{"playerId":2277,"score":1634,"energy":32,"posx":15,"posy":1,"lastAction":3,"status":0},{"playerId":137845,"score":2600,"energy":21,"posx":16,"posy":2,"lastAction":3,"status":0},{"playerId":2231262,"score":1259,"energy":29,"posx":13,"posy":1,"lastAction":4,"status":0},{"playerId":69695,"score":1609,"energy":-13,"posx":10,"posy":1,"lastAction":6,"status":2}],"golds":[{"posx":16,"posy":3,"amount":450},{"posx":19,"posy":4,"amount":700},{"posx":17,"posy":7,"amount":150},{"posx":20,"posy":7,"amount":50}],"changedObstacles":[]},{"players":[{"playerId":2277,"score":1634,"energy":31,"posx":16,"posy":1,"lastAction":1,"status":0},{"playerId":137845,"score":2600,"energy":17,"posx":16,"posy":3,"lastAction":3,"status":0},{"playerId":2231262,"score":1259,"energy":28,"posx":13,"posy":2,"lastAction":3,"status":0},{"playerId":69695,"score":1609,"energy":-13,"posx":10,"posy":1,"lastAction":6,"status":2}],"golds":[{"posx":16,"posy":3,"amount":450},{"posx":19,"posy":4,"amount":700},{"posx":17,"posy":7,"amount":150},{"posx":20,"posy":7,"amount":50}],"changedObstacles":[]}]