[{"players":[{"playerId":2344466,"score":0,"energy":35,"posx":2,"posy":5,"lastAction":2,"status":0},{"playerId":2410245,"score":0,"energy":49,"posx":3,"posy":6,"lastAction":1,"status":0},{"playerId":2636282,"score":0,"energy":49,"posx":3,"posy":6,"lastAction":1,"status":0},{"playerId":2483603,"score":0,"energy":39,"posx":2,"posy":5,"lastAction":2,"status":0}],"golds":[{"posx":10,"posy":5,"amount":300},{"posx":13,"posy":4,"amount":100},{"posx":7,"posy":0,"amount":300},{"posx":1,"posy":3,"amount":350},{"posx":10,"posy":8,"amount":700},{"posx":17,"posy":7,"amount":150},{"posx":8,"posy":5,"amount":600},{"posx":19,"posy":4,"amount":700},{"posx":4,"posy":8,"amount":750},{"posx":17,"posy":1,"amount":700},{"posx":10,"posy":6,"amount":750},{"posx":1,"posy":4,"amount":200},{"posx":12,"posy":2,"amount":550},{"posx":16,"posy":3,"amount":450},{"posx":2,"posy":4,"amount":250},{"posx":11,"posy":5,"amount":700},{"posx":12,"posy":1,"amount":100},{"posx":20,"posy":7,"amount":50},{"posx":3,"posy":4,"amount":350},{"posx":11,"posy":1,"amount":400}],"changedObstacles":[]},{"players":[{"playerId":2344466,"score":0,"energy":31,"posx":2,"posy":4,"lastAction":2,"status":0},{"playerId":2410245,"score":0,"energy":48,"posx":3,"posy":7,"lastAction":3,"status":0},{"playerId":2636282,"score":0,"energy":48,"posx":3,"posy":7,"lastAction":3,"status":0},{"playerId":2483603,"score":0,"energy":35,"posx":2,"posy":4,"lastAction":2,"status":0}],"golds":[{"posx":10,"posy":5,"amount":300},{"posx":13,"posy":4,"amount":100},{"posx":7,"posy":0,"amount":300},{"posx":1,"posy":3,"amount":350},{"posx":10,"posy":8,"amount":700},{"posx":17,"posy":7,"amount":150},{"posx":8,"posy":5,"amount":600},{"posx":19,"posy":4,"amount":700},{"posx":4,"posy":8,"amount":750},{"posx":17,"posy":1,"amount":700},{"posx":10,"posy":6,"amount":750},{"posx":1,"posy":4,"amount":200},{"posx":12,"posy":2,"amount":550},{"posx":16,"posy":3,"amount":450},{"posx":2,"posy":4,"amount":250},{"posx":11,"posy":5,"amount":700},{"posx":12,"posy":1,"amount":100},{"posx":20,"posy":7,"amount":50},{"posx":3,"posy":4,"amount":350},{"posx":11,"posy":1,"amount":400}],"changedObstacles":[]},{"players":[{"playerId":2344466,"score":50,"energy":26,"posx":2,"posy":4,"lastAction":5,"status":0},{"playerId":2410245,"score":0,"energy":47,"posx":3,"posy":8,"lastAction":3,"status":0},{"playerId":2636282,"score":0,"energy":47,"posx":4,"posy":7,"lastAction":1,"status":0},{"playerId":2483603,"score":50,"energy":30,"posx":2,"posy":4,"lastAction":5,"status":0}],"golds":[{"posx":7,"posy":0,"amount":300},{"posx":11,"posy":1,"amount":400},{"posx":12,"posy":1,"amount":100},{"posx":17,"posy":1,"amount":700},{"posx":12,"posy":2,"amount":550},{"posx":1,"posy":3,"amount":350},{"posx":16,"posy":3,"amount":450},{"posx":1,"posy":4,"amount":200},{"posx":2,"posy":4,"amount":150},{"posx":3,"posy":4,"amount":350},{"posx":13,"posy":4,"amount":100},{"posx":19,"posy":4,"amount":700},{"posx":8,"posy":5,"amount":600},{"posx":10,"posy":5,"amount":300},{"posx":11,"posy":5,"amount":700},{"posx":10,"posy":6,"amount":750},{"posx":17,"posy":7,"amount":150},{"posx":20,"posy":7,"amount":50},{"posx":4,"posy":8,"amount":750},{"posx":10,"posy":8,"amount":700}],"changedObstacles":[]},{"players":[{"playerId":2344466,"score":100,"energy":21,"posx":2,"posy":4,"lastAction":5,"status":0},{"playerId":2410245,"score":0,"energy":43,"posx":4,"posy":8,"lastAction":1,"status":0},{"playerId":2636282,"score":0,"energy":43,"posx":4,"posy":8,"lastAction":3,"status":0},{"playerId":2483603,"score":100,"energy":25,"posx":2,"posy":4,"lastAction":5,"status":0}],"golds":[{"posx":7,"posy":0,"amount":300},{"posx":11,"posy":1,"amount":400},{"posx":12,"posy":1,"amount":100},{"posx":17,"posy":1,"amount":700},{"posx":12,"posy":2,"amount":550},{"posx":1,"posy":3,"amount":350},{"posx":16,"posy":3,"amount":450},{"posx":1,"posy":4,"amount":200},{"posx":2,"posy":4,"amount":50},{"posx":3,"posy":4,"amount":350},{"posx":13,"posy":4,"amount":100},{"posx":19,"posy":4,"amount":700},{"posx":8,"posy":5,"amount":600},{"posx":10,"posy":5,"amount":300},{"posx":11,"posy":5,"amount":700},{"posx":10,"posy":6,"amount":750},{"posx":17,"posy":7,"amount":150},{"posx":20,"posy":7,"amount":50},{"posx":4,"posy":8,"amount":750},{"posx":10,"posy":8,"amount":700}],"changedObstacles":[]},{"players":[{"playerId":2344466,"score":125,"energy":16,"posx":2,"posy":4,"lastAction":5,"status":0},{"playerId":2410245,"score":50,"energy":38,"posx":4,"posy":8,"lastAction":5,"status":0},{"playerId":2636282,"score":50,"energy":38,"posx":4,"posy":8,"lastAction":5,"status":0},{"playerId":2483603,"score":125,"energy":20,"posx":2,"posy":4,"lastAction":5,"status":0}],"golds":[{"posx":7,"posy":0,"amount":300},{"posx":11,"posy":1,"amount":400},{"posx":12,"posy":1,"amount":100},{"posx":17,"posy":1,"amount":700},{"posx":12,"posy":2,"amount":550},{"posx":1,"posy":3,"amount":350},{"posx":16,"posy":3,"amount":450},{"posx":1,"posy":4,"amount":200},{"posx":3,"posy":4,"amount":350},{"posx":13,"posy":4,"amount":100},{"posx":19,"posy":4,"amount":700},{"posx":8,"posy":5,"amount":600},{"posx":10,"posy":5,"amount":300},{"posx":11,"posy":5,"amount":700},{"posx":10,"posy":6,"amount":750},{"posx":17,"posy":7,"amount":150},{"posx":20,"posy":7,"amount":50},{"posx":4,"posy":8,"amount":650},{"posx":10,"posy":8,"amount":700}],"changedObstacles":[{"type":0,"posx":2,"posy":4,"value":-1}]},{"players":[{"playerId":2344466,"score":125,"energy":12,"posx":3,"posy":4,"lastAction":1,"status":0},{"playerId":2410245,"score":100,"energy":33,"posx":4,"posy":8,"lastAction":5,"status":0},{"playerId":2636282,"score":100,"energy":33,"posx":4,"posy":8,"lastAction":5,"status":0},{"playerId":2483603,"score":125,"energy":16,"posx":1,"posy":4,"lastAction":0,"status":0}],"golds":[{"posx":7,"posy":0,"amount":300},{"posx":11,"posy":1,"amount":400},{"posx":12,"posy":1,"amount":100},{"posx":17,"posy":1,"amount":700},{"posx":12,"posy":2,"amount":550},{"posx":1,"posy":3,"amount":350},{"posx":16,"posy":3,"amount":450},{"posx":1,"posy":4,"amount":200},{"posx":3,"posy":4,"amount":350},{"posx":13,"posy":4,"amount":100},{"posx":19,"posy":4,"amount":700},{"posx":8,"posy":5,"amount":600},{"posx":10,"posy":5,"amount":300},{"posx":11,"posy":5,"amount":700},{"posx":10,"posy":6,"amount":750},{"posx":17,"posy":7,"amount":150},{"posx":20,"posy":7,"amount":50},{"posx":4,"posy":8,"amount":550},{"posx":10,"posy":8,"amount":700}],"changedObstacles":[]},{"players":[{"playerId":2344466,"score":175,"energy":7,"posx":3,"posy":4,"lastAction":5,"status":0},{"playerId":2410245,"score":150,"energy":28,"posx":4,"posy":8,"lastAction":5,"status":0},{"playerId":2636282,"score":150,"energy":28,"posx":4,"posy":8,"lastAction":5,"status":0},{"playerId":2483603,"score":175,"energy":11,"posx":1,"posy":4,"lastAction":5,"status":0}],"golds":[{"posx":7,"posy":0,"amount":300},{"posx":11,"posy":1,"amount":400},{"posx":12,"posy":1,"amount":100},{"posx":17,"posy":1,"amount":700},{"posx":12,"posy":2,"amount":550},{"posx":1,"posy":3,"amount":350},{"posx":16,"posy":3,"amount":450},{"posx":1,"posy":4,"amount":150},{"posx":3,"posy":4,"amount":300},{"posx":13,"posy":4,"amount":100},{"posx":19,"posy":4,"amount":700},{"posx":8,"posy":5,"amount":600},{"posx":10,"posy":5,"amount":300},{"posx":11,"posy":5,"amount":700},{"posx":10,"posy":6,"amount":750},{"posx":17,"posy":7,"amount":150},{"posx":20,"posy":7,"amount":50},{"posx":4,"posy":8,"amount":450},{"posx":10,"posy":8,"amount":700}],"changedObstacles":[]},{"players":[{"playerId":2344466,"score":225,"energy":2,"posx":3,"posy":4,"lastAction":5,"status":0},{"playerId":2410245,"score":200,"energy":23,"posx":4,"posy":8,"lastAction":5,"status":0},{"playerId":2636282,"score":200,"energy":23,"posx":4,"posy":8,"lastAction":5,"status":0},{"playerId":2483603,"score":225,"energy":6,"posx":1,"posy":4,"lastAction":5,"status":0}],"golds":[{"posx":7,"posy":0,"amount":300},{"posx":11,"posy":1,"amount":400},{"posx":12,"posy":1,"amount":100},{"posx":17,"posy":1,"amount":700},{"posx":12,"posy":2,"amount":550},{"posx":1,"posy":3,"amount":350},{"posx":16,"posy":3,"amount":450},{"posx":1,"posy":4,"amount":100},{"posx":3,"posy":4,"amount":250},{"posx":13,"posy":4,"amount":100},{"posx":19,"posy":4,"amount":700},{"posx":8,"posy":5,"amount":600},{"posx":10,"posy":5,"amount":300},{"posx":11,"posy":5,"amount":700},{"posx":10,"posy":6,"amount":750},{"posx":17,"posy":7,"amount":150},{"posx":20,"posy":7,"amount":50},{"posx":4,"posy":8,"amount":350},{"posx":10,"posy":8,"amount":700}],"changedObstacles":[]},{"players":[{"playerId":2344466,"score":225,"energy":14,"posx":3,"posy":4,"lastAction":4,"status":0},{"playerId":2410245,"score":250,"energy":18,"posx":4,"posy":8,"lastAction":5,"status":0},{"playerId":2636282,"score":250,"energy":18,"posx":4,"posy":8,"lastAction":5,"status":0},{"playerId":2483603,"score":275,"energy":1,"posx":1,"posy":4,"lastAction":5,"status":0}],"golds":[{"posx":7,"posy":0,"amount":300},{"posx":11,"posy":1,"amount":400},{"posx":12,"posy":1,"amount":100},{"posx":17,"posy":1,"amount":700},{"posx":12,"posy":2,"amount":550},{"posx":1,"posy":3,"amount":350},{"posx":16,"posy":3,"amount":450},{"posx":1,"posy":4,"amount":50},{"posx":3,"posy":4,"amount":250},{"posx":13,"posy":4,"amount":100},{"posx":19,"posy":4,"amount":700},{"posx":8,"posy":5,"amount":600},{"posx":10,"posy":5,"amount":300},{"posx":11,"posy":5,"amount":700},{"posx":10,"posy":6,"amount":750},{"posx":17,"posy":7,"amount":150},{"posx":20,"posy":7,"amount":50},{"posx":4,"posy":8,"amount":250},{"posx":10,"posy":8,"amount":700}],"changedObstacles":[]},{"players":[{"playerId":2344466,"score":225,"energy":30,"posx":3,"posy":4,"lastAction":4,"status":0},{"playerId":2410245,"score":300,"energy":13,"posx":4,"posy":8,"lastAction":5,"status":0},{"playerId":2636282,"score":300,"energy":13,"posx":4,"posy":8,"lastAction":5,"status":0},{"playerId":2483603,"score":275,"energy":13,"posx":1,"posy":4,"lastAction":4,"status":0}],"golds":[{"posx":7,"posy":0,"amount":300},{"posx":11,"posy":1,"amount":400},{"posx":12,"posy":1,"amount":100},{"posx":17,"posy":1,"amount":700},{"posx":12,"posy":2,"amount":550},{"posx":1,"posy":3,"amount":350},{"posx":16,"posy":3,"amount":450},{"posx":1,"posy":4,"amount":50},{"posx":3,"posy":4,"amount":250},{"posx":13,"posy":4,"amount":100},{"posx":19,"posy":4,"amount":700},{"posx":8,"posy":5,"amount":600},{"posx":10,"posy":5,"amount":300},{"posx":11,"posy":5,"amount":700},{"posx":10,"posy":6,"amount":750},{"posx":17,"posy":7,"amount":150},{"posx":20,"posy":7,"amount":50},{"posx":4,"posy":8,"amount":150},{"posx":10,"posy":8,"amount":700}],"changedObstacles":[]},{"players":[{"playerId":2344466,"score":225,"energy":50,"posx":3,"posy":4,"lastAction":4,"status":0},{"playerId":2410245,"score":350,"energy":8,"posx":4,"posy":8,"lastAction":5,"status":0},{"playerId":2636282,"score":350,"energy":8,"posx":4,"posy":8,"lastAction":5,"status":0},{"playerId":2483603,"score":275,"energy":29,"posx":1,"posy":4,"lastAction":4,"status":0}],"golds":[{"posx":7,"posy":0,"amount":300},{"posx":11,"posy":1,"amount":400},{"posx":12,"posy":1,"amount":100},{"posx":17,"posy":1,"amount":700},{"posx":12,"posy":2,"amount":550},{"posx":1,"posy":3,"amount":350},{"posx":16,"posy":3,"amount":450},{"posx":1,"posy":4,"amount":50},{"posx":3,"posy":4,"amount":250},{"posx":13,"posy":4,"amount":100},{"posx":19,"posy":4,"amount":700},{"posx":8,"posy":5,"amount":600},{"posx":10,"posy":5,"amount":300},{"posx":11,"posy":5,"amount":700},{"posx":10,"posy":6,"amount":750},{"posx":17,"posy":7,"amount":150},{"posx":20,"posy":7,"amount":50},{"posx":4,"posy":8,"amount":50},{"posx":10,"posy":8,"amount":700}],"changedObstacles":[]},{"players":[{"playerId":2344466,"score":275,"energy":45,"posx":3,"posy":4,"lastAction":5,"status":0},{"playerId":2410245,"score":375,"energy":3,"posx":4,"posy":8,"lastAction":5,"status":0},{"playerId":2636282,"score":375,"energy":3,"posx":4,"posy":8,"lastAction":5,"status":0},{"playerId":2483603,"score":325,"energy":24,"posx":1,"posy":4,"lastAction":5,"status":0}],"golds":[{"posx":7,"posy":0,"amount":300},{"posx":11,"posy":1,"amount":400},{"posx":12,"posy":1,"amount":100},{"posx":17,"posy":1,"amount":700},{"posx":12,"posy":2,"amount":550},{"posx":1,"posy":3,"amount":350},{"posx":16,"posy":3,"amount":450},{"posx":3,"posy":4,"amount":200},{"posx":13,"posy":4,"amount":100},{"posx":19,"posy":4,"amount":700},{"posx":8,"posy":5,"amount":600},{"posx":10,"posy":5,"amount":300},{"posx":11,"posy":5,"amount":700},{"posx":10,"posy":6,"amount":750},{"posx":17,"posy":7,"amount":150},{"posx":20,"posy":7,"amount":50},{"posx":10,"posy":8,"amount":700}],"changedObstacles":[{"type":0,"posx":4,"posy":8,"value":-1},{"type":0,"posx":1,"posy":4,"value":-1}]},{"players":[{"playerId":2344466,"score":325,"energy":40,"posx":3,"posy":4,"lastAction":5,"status":0},{"playerId":2410245,"score":375,"energy":15,"posx":4,"posy":8,"lastAction":4,"status":0},{"playerId":2636282,"score":375,"energy":15,"posx":4,"posy":8,"lastAction":4,"status":0},{"playerId":2483603,"score":325,"energy":20,"posx":1,"posy":3,"lastAction":2,"status":0}],"golds":[{"posx":7,"posy":0,"amount":300},{"posx":11,"posy":1,"amount":400},{"posx":12,"posy":1,"amount":100},{"posx":17,"posy":1,"amount":700},{"posx":12,"posy":2,"amount":550},{"posx":1,"posy":3,"amount":350},{"posx":16,"posy":3,"amount":450},{"posx":3,"posy":4,"amount":150},{"posx":13,"posy":4,"amount":100},{"posx":19,"posy":4,"amount":700},{"posx":8,"posy":5,"amount":600},{"posx":10,"posy":5,"amount":300},{"posx":11,"posy":5,"amount":700},{"posx":10,"posy":6,"amount":750},{"posx":17,"posy":7,"amount":150},{"posx":20,"posy":7,"amount":50},{"posx":10,"posy":8,"amount":700}],"changedObstacles":[]},{"players":[{"playerId":2344466,"score":375,"energy":35,"posx":3,"posy":4,"lastAction":5,"status":0},{"playerId":2410245,"score":375,"energy":5,"posx":5,"posy":8,"lastAction":1,"status":0},{"playerId":2636282,"score":375,"energy":31,"posx":4,"posy":8,"lastAction":4,"status":0},{"playerId":2483603,"score":375,"energy":15,"posx":1,"posy":3,"lastAction":5,"status":0}],"golds":[{"posx":7,"posy":0,"amount":300},{"posx":11,"posy":1,"amount":400},{"posx":12,"posy":1,"amount":100},{"posx":17,"posy":1,"amount":700},{"posx":12,"posy":2,"amount":550},{"posx":1,"posy":3,"amount":300},{"posx":16,"posy":3,"amount":450},{"posx":3,"posy":4,"amount":100},{"posx":13,"posy":4,"amount":100},{"posx":19,"posy":4,"amount":700},{"posx":8,"posy":5,"amount":600},{"posx":10,"posy":5,"amount":300},{"posx":11,"posy":5,"amount":700},{"posx":10,"posy":6,"amount":750},{"posx":17,"posy":7,"amount":150},{"posx":20,"posy":7,"amount":50},{"posx":10,"posy":8,"amount":700}],"changedObstacles":[{"type":0,"posx":5,"posy":8,"value":-1}]},{"players":[{"playerId":2344466,"score":425,"energy":30,"posx":3,"posy":4,"lastAction":5,"status":0},{"playerId":2410245,"score":375,"energy":4,"posx":6,"posy":8,"lastAction":1,"status":0},{"playerId":2636282,"score":375,"energy":30,"posx":5,"posy":8,"lastAction":1,"status":0},{"playerId":2483603,"score":425,"energy":10,"posx":1,"posy":3,"lastAction":5,"status":0}],"golds":[{"posx":7,"posy":0,"amount":300},{"posx":11,"posy":1,"amount":400},{"posx":12,"posy":1,"amount":100},{"posx":17,"posy":1,"amount":700},{"posx":12,"posy":2,"amount":550},{"posx":1,"posy":3,"amount":250},{"posx":16,"posy":3,"amount":450},{"posx":3,"posy":4,"amount":50},{"posx":13,"posy":4,"amount":100},{"posx":19,"posy":4,"amount":700},{"posx":8,"posy":5,"amount":600},{"posx":10,"posy":5,"amount":300},{"posx":11,"posy":5,"amount":700},{"posx":10,"posy":6,"amount":750},{"posx":17,"posy":7,"amount":150},{"posx":20,"posy":7,"amount":50},{"posx":10,"posy":8,"amount":700}],"changedObstacles":[]},{"players":[{"playerId":2344466,"score":475,"energy":25,"posx":3,"posy":4,"lastAction":5,"status":0},{"playerId":2410245,"score":375,"energy":16,"posx":6,"posy":8,"lastAction":4,"status":0},{"playerId":2636282,"score":375,"energy":29,"posx":6,"posy":8,"lastAction":1,"status":0},{"playerId":2483603,"score":475,"energy":5,"posx":1,"posy":3,"lastAction":5,"status":0}],"golds":[{"posx":7,"posy":0,"amount":300},{"posx":11,"posy":1,"amount":400},{"posx":12,"posy":1,"amount":100},{"posx":17,"posy":1,"amount":700},{"posx":12,"posy":2,"amount":550},{"posx":1,"posy":3,"amount":200},{"posx":16,"posy":3,"amount":450},{"posx":13,"posy":4,"amount":100},{"posx":19,"posy":4,"amount":700},{"posx":8,"posy":5,"amount":600},{"posx":10,"posy":5,"amount":300},{"posx":11,"posy":5,"amount":700},{"posx":10,"posy":6,"amount":750},{"posx":17,"posy":7,"amount":150},{"posx":20,"posy":7,"amount":50},{"posx":10,"posy":8,"amount":700}],"changedObstacles":[{"type":0,"posx":3,"posy":4,"value":-1}]},{"players":[{"playerId":2344466,"score":475,"energy":20,"posx":3,"posy":5,"lastAction":3,"status":0},{"playerId":2410245,"score":375,"energy":15,"posx":7,"posy":8,"lastAction":1,"status":0},{"playerId":2636282,"score":375,"energy":28,"posx":7,"posy":8,"lastAction":1,"status":0},{"playerId":2483603,"score":475,"energy":17,"posx":1,"posy":3,"lastAction":4,"status":0}],"golds":[{"posx":7,"posy":0,"amount":300},{"posx":11,"posy":1,"amount":400},{"posx":12,"posy":1,"amount":100},{"posx":17,"posy":1,"amount":700},{"posx":12,"posy":2,"amount":550},{"posx":1,"posy":3,"amount":200},{"posx":16,"posy":3,"amount":450},{"posx":13,"posy":4,"amount":100},{"posx":19,"posy":4,"amount":700},{"posx":8,"posy":5,"amount":600},{"posx":10,"posy":5,"amount":300},{"posx":11,"posy":5,"amount":700},{"posx":10,"posy":6,"amount":750},{"posx":17,"posy":7,"amount":150},{"posx":20,"posy":7,"amount":50},{"posx":10,"posy":8,"amount":700}],"changedObstacles":[{"type":3,"posx":3,"posy":5,"value":-20}]},{"players":[{"playerId":2344466,"score":475,"energy":19,"posx":4,"posy":5,"lastAction":1,"status":0},{"playerId":2410245,"score":375,"energy":5,"posx":8,"posy":8,"lastAction":1,"status":0},{"playerId":2636282,"score":375,"energy":18,"posx":8,"posy":8,"lastAction":1,"status":0},{"playerId":2483603,"score":475,"energy":33,"posx":1,"posy":3,"lastAction":4,"status":0}],"golds":[{"posx":7,"posy":0,"amount":300},{"posx":11,"posy":1,"amount":400},{"posx":12,"posy":1,"amount":100},{"posx":17,"posy":1,"amount":700},{"posx":12,"posy":2,"amount":550},{"posx":1,"posy":3,"amount":200},{"posx":16,"posy":3,"amount":450},{"posx":13,"posy":4,"amount":100},{"posx":19,"posy":4,"amount":700},{"posx":8,"posy":5,"amount":600},{"posx":10,"posy":5,"amount":300},{"posx":11,"posy":5,"amount":700},{"posx":10,"posy":6,"amount":750},{"posx":17,"posy":7,"amount":150},{"posx":20,"posy":7,"amount":50},{"posx":10,"posy":8,"amount":700}],"changedObstacles":[{"type":0,"posx":8,"posy":8,"value":-1}]},{"players":[{"playerId":2344466,"score":475,"energy":18,"posx":5,"posy":5,"lastAction":1,"status":0},{"playerId":2410245,"score":375,"energy":4,"posx":9,"posy":8,"lastAction":1,"status":0},{"playerId":2636282,"score":375,"energy":17,"posx":9,"posy":8,"lastAction":1,"status":0},{"playerId":2483603,"score":525,"energy":28,"posx":1,"posy":3,"lastAction":5,"status":0}],"golds":[{"posx":7,"posy":0,"amount":300},{"posx":11,"posy":1,"amount":400},{"posx":12,"posy":1,"amount":100},{"posx":17,"posy":1,"amount":700},{"posx":12,"posy":2,"amount":550},{"posx":1,"posy":3,"amount":150},{"posx":16,"posy":3,"amount":450},{"posx":13,"posy":4,"amount":100},{"posx":19,"posy":4,"amount":700},{"posx":8,"posy":5,"amount":600},{"posx":10,"posy":5,"amount":300},{"posx":11,"posy":5,"amount":700},{"posx":10,"posy":6,"amount":750},{"posx":17,"posy":7,"amount":150},{"posx":20,"posy":7,"amount":50},{"posx":10,"posy":8,"amount":700}],"changedObstacles":[]},{"players":[{"playerId":2344466,"score":475,"energy":8,"posx":6,"posy":5,"lastAction":1,"status":0},{"playerId":2410245,"score":375,"energy":16,"posx":9,"posy":8,"lastAction":4,"status":0},{"playerId":2636282,"score":375,"energy":13,"posx":10,"posy":8,"lastAction":1,"status":0},{"playerId":2483603,"score":575,"energy":23,"posx":1,"posy":3,"lastAction":5,"status":0}],"golds":[{"posx":7,"posy":0,"amount":300},{"posx":11,"posy":1,"amount":400},{"posx":12,"posy":1,"amount":100},{"posx":17,"posy":1,"amount":700},{"posx":12,"posy":2,"amount":550},{"posx":1,"posy":3,"amount":100},{"posx":16,"posy":3,"amount":450},{"posx":13,"posy":4,"amount":100},{"posx":19,"posy":4,"amount":700},{"posx":8,"posy":5,"amount":600},{"posx":10,"posy":5,"amount":300},{"posx":11,"posy":5,"amount":700},{"posx":10,"posy":6,"amount":750},{"posx":17,"posy":7,"amount":150},{"posx":20,"posy":7,"amount":50},{"posx":10,"posy":8,"amount":700}],"changedObstacles":[{"type":0,"posx":6,"posy":5,"value":-1}]},{"players":[{"playerId":2344466,"score":475,"energy":7,"posx":7,"posy":5,"lastAction":1,"status":0},{"playerId":2410245,"score":375,"energy":12,"posx":10,"posy":8,"lastAction":1,"status":0},{"playerId":2636282,"score":425,"energy":8,"posx":10,"posy":8,"lastAction":5,"status":0},{"playerId":2483603,"score":625,"energy":18,"posx":1,"posy":3,"lastAction":5,"status":0}],"golds":[{"posx":7,"posy":0,"amount":300},{"posx":11,"posy":1,"amount":400},{"posx":12,"posy":1,"amount":100},{"posx":17,"posy":1,"amount":700},{"posx":12,"posy":2,"amount":550},{"posx":1,"posy":3,"amount":50},{"posx":16,"posy":3,"amount":450},{"posx":13,"posy":4,"amount":100},{"posx":19,"posy":4,"amount":700},{"posx":8,"posy":5,"amount":600},{"posx":10,"posy":5,"amount":300},{"posx":11,"posy":5,"amount":700},{"posx":10,"posy":6,"amount":750},{"posx":17,"posy":7,"amount":150},{"posx":20,"posy":7,"amount":50},{"posx":10,"posy":8,"amount":650}],"changedObstacles":[]},{"players":[{"playerId":2344466,"score":475,"energy":3,"posx":8,"posy":5,"lastAction":1,"status":0},{"playerId":2410245,"score":425,"energy":7,"posx":10,"posy":8,"lastAction":5,"status":0},{"playerId":2636282,"score":475,"energy":3,"posx":10,"posy":8,"lastAction":5,"status":0},{"playerId":2483603,"score":675,"energy":13,"posx":1,"posy":3,"lastAction":5,"status":0}],"golds":[{"posx":7,"posy":0,"amount":300},{"posx":11,"posy":1,"amount":400},{"posx":12,"posy":1,"amount":100},{"posx":17,"posy":1,"amount":700},{"posx":12,"posy":2,"amount":550},{"posx":16,"posy":3,"amount":450},{"posx":13,"posy":4,"amount":100},{"posx":19,"posy":4,"amount":700},{"posx":8,"posy":5,"amount":600},{"posx":10,"posy":5,"amount":300},{"posx":11,"posy":5,"amount":700},{"posx":10,"posy":6,"amount":750},{"posx":17,"posy":7,"amount":150},{"posx":20,"posy":7,"amount":50},{"posx":10,"posy":8,"amount":550}],"changedObstacles":[{"type":0,"posx":1,"posy":3,"value":-1}]},{"players":[{"playerId":2344466,"score":475,"energy":15,"posx":8,"posy":5,"lastAction":4,"status":0},{"playerId":2410245,"score":475,"energy":2,"posx":10,"posy":8,"lastAction":5,"status":0},{"playerId":2636282,"score":475,"energy":15,"posx":10,"posy":8,"lastAction":4,"status":0},{"playerId":2483603,"score":675,"energy":12,"posx":1,"posy":4,"lastAction":3,"status":0}],"golds":[{"posx":7,"posy":0,"amount":300},{"posx":11,"posy":1,"amount":400},{"posx":12,"posy":1,"amount":100},{"posx":17,"posy":1,"amount":700},{"posx":12,"posy":2,"amount":550},{"posx":16,"posy":3,"amount":450},{"posx":13,"posy":4,"amount":100},{"posx":19,"posy":4,"amount":700},{"posx":8,"posy":5,"amount":600},{"posx":10,"posy":5,"amount":300},{"posx":11,"posy":5,"amount":700},{"posx":10,"posy":6,"amount":750},{"posx":17,"posy":7,"amount":150},{"posx":20,"posy":7,"amount":50},{"posx":10,"posy":8,"amount":500}],"changedObstacles":[]},{"players":[{"playerId":2344466,"score":475,"energy":31,"posx":8,"posy":5,"lastAction":4,"status":0},{"playerId":2410245,"score":475,"energy":14,"posx":10,"posy":8,"lastAction":4,"status":0},{"playerId":2636282,"score":475,"energy":31,"posx":10,"posy":8,"lastAction":4,"status":0},{"playerId":2483603,"score":675,"energy":11,"posx":2,"posy":4,"lastAction":1,"status":0}],"golds":[{"posx":7,"posy":0,"amount":300},{"posx":11,"posy":1,"amount":400},{"posx":12,"posy":1,"amount":100},{"posx":17,"posy":1,"amount":700},{"posx":12,"posy":2,"amount":550},{"posx":16,"posy":3,"amount":450},{"posx":13,"posy":4,"amount":100},{"posx":19,"posy":4,"amount":700},{"posx":8,"posy":5,"amount":600},{"posx":10,"posy":5,"amount":300},{"posx":11,"posy":5,"amount":700},{"posx":10,"posy":6,"amount":750},{"posx":17,"posy":7,"amount":150},{"posx":20,"posy":7,"amount":50},{"posx":10,"posy":8,"amount":500}],"changedObstacles":[]},{"players":[{"playerId":2344466,"score":475,"energy":50,"posx":8,"posy":5,"lastAction":4,"status":0},{"playerId":2410245,"score":525,"energy":9,"posx":10,"posy":8,"lastAction":5,"status":0},{"playerId":2636282,"score":475,"energy":50,"posx":10,"posy":8,"lastAction":4,"status":0},{"playerId":2483603,"score":675,"energy":10,"posx":3,"posy":4,"lastAction":1,"status":0}],"golds":[{"posx":7,"posy":0,"amount":300},{"posx":11,"posy":1,"amount":400},{"posx":12,"posy":1,"amount":100},{"posx":17,"posy":1,"amount":700},{"posx":12,"posy":2,"amount":550},{"posx":16,"posy":3,"amount":450},{"posx":13,"posy":4,"amount":100},{"posx":19,"posy":4,"amount":700},{"posx":8,"posy":5,"amount":600},{"posx":10,"posy":5,"amount":300},{"posx":11,"posy":5,"amount":700},{"posx":10,"posy":6,"amount":750},{"posx":17,"posy":7,"amount":150},{"posx":20,"posy":7,"amount":50},{"posx":10,"posy":8,"amount":450}],"changedObstacles":[]},{"players":[{"playerId":2344466,"score":525,"energy":45,"posx":8,"posy":5,"lastAction":5,"status":0},{"playerId":2410245,"score":575,"energy":4,"posx":10,"posy":8,"lastAction":5,"status":0},{"playerId":2636282,"score":525,"energy":45,"posx":10,"posy":8,"lastAction":5,"status":0},{"playerId":2483603,"score":675,"energy":22,"posx":3,"posy":4,"lastAction":4,"status":0}],"golds":[{"posx":7,"posy":0,"amount":300},{"posx":11,"posy":1,"amount":400},{"posx":12,"posy":1,"amount":100},{"posx":17,"posy":1,"amount":700},{"posx":12,"posy":2,"amount":550},{"posx":16,"posy":3,"amount":450},{"posx":13,"posy":4,"amount":100},{"posx":19,"posy":4,"amount":700},{"posx":8,"posy":5,"amount":550},{"posx":10,"posy":5,"amount":300},{"posx":11,"posy":5,"amount":700},{"posx":10,"posy":6,"amount":750},{"posx":17,"posy":7,"amount":150},{"posx":20,"posy":7,"amount":50},{"posx":10,"posy":8,"amount":350}],"changedObstacles":[]},{"players":[{"playerId":2344466,"score":575,"energy":40,"posx":8,"posy":5,"lastAction":5,"status":0},{"playerId":2410245,"score":575,"energy":16,"posx":10,"posy":8,"lastAction":4,"status":0},{"playerId":2636282,"score":575,"energy":40,"posx":10,"posy":8,"lastAction":5,"status":0},{"playerId":2483603,"score":675,"energy":2,"posx":3,"posy":5,"lastAction":3,"status":0}],"golds":[{"posx":7,"posy":0,"amount":300},{"posx":11,"posy":1,"amount":400},{"posx":12,"posy":1,"amount":100},{"posx":17,"posy":1,"amount":700},{"posx":12,"posy":2,"amount":550},{"posx":16,"posy":3,"amount":450},{"posx":13,"posy":4,"amount":100},{"posx":19,"posy":4,"amount":700},{"posx":8,"posy":5,"amount":500},{"posx":10,"posy":5,"amount":300},{"posx":11,"posy":5,"amount":700},{"posx":10,"posy":6,"amount":750},{"posx":17,"posy":7,"amount":150},{"posx":20,"posy":7,"amount":50},{"posx":10,"posy":8,"amount":300}],"changedObstacles":[{"type":3,"posx":3,"posy":5,"value":-40}]},{"players":[{"playerId":2344466,"score":625,"energy":35,"posx":8,"posy":5,"lastAction":5,"status":0},{"playerId":2410245,"score":625,"energy":11,"posx":10,"posy":8,"lastAction":5,"status":0},{"playerId":2636282,"score":625,"energy":35,"posx":10,"posy":8,"lastAction":5,"status":0},{"playerId":2483603,"score":675,"energy":1,"posx":4,"posy":5,"lastAction":1,"status":0}],"golds":[{"posx":7,"posy":0,"amount":300},{"posx":11,"posy":1,"amount":400},{"posx":12,"posy":1,"amount":100},{"posx":17,"posy":1,"amount":700},{"posx":12,"posy":2,"amount":550},{"posx":16,"posy":3,"amount":450},{"posx":13,"posy":4,"amount":100},{"posx":19,"posy":4,"amount":700},{"posx":8,"posy":5,"amount":450},{"posx":10,"posy":5,"amount":300},{"posx":11,"posy":5,"amount":700},{"posx":10,"posy":6,"amount":750},{"posx":17,"posy":7,"amount":150},{"posx":20,"posy":7,"amount":50},{"posx":10,"posy":8,"amount":200}],"changedObstacles":[]},{"players":[{"playerId":2344466,"score":675,"energy":30,"posx":8,"posy":5,"lastAction":5,"status":0},{"playerId":2410245,"score":675,"energy":6,"posx":10,"posy":8,"lastAction":5,"status":0},{"playerId":2636282,"score":675,"energy":30,"posx":10,"posy":8,"lastAction":5,"status":0},{"playerId":2483603,"score":675,"energy":13,"posx":4,"posy":5,"lastAction":4,"status":0}],"golds":[{"posx":7,"posy":0,"amount":300},{"posx":11,"posy":1,"amount":400},{"posx":12,"posy":1,"amount":100},{"posx":17,"posy":1,"amount":700},{"posx":12,"posy":2,"amount":550},{"posx":16,"posy":3,"amount":450},{"posx":13,"posy":4,"amount":100},{"posx":19,"posy":4,"amount":700},{"posx":8,"posy":5,"amount":400},{"posx":10,"posy":5,"amount":300},{"posx":11,"posy":5,"amount":700},{"posx":10,"posy":6,"amount":750},{"posx":17,"posy":7,"amount":150},{"posx":20,"posy":7,"amount":50},{"posx":10,"posy":8,"amount":100}],"changedObstacles":[]},{"players":[{"playerId":2344466,"score":725,"energy":25,"posx":8,"posy":5,"lastAction":5,"status":0},{"playerId":2410245,"score":725,"energy":1,"posx":10,"posy":8,"lastAction":5,"status":0},{"playerId":2636282,"score":725,"energy":25,"posx":10,"posy":8,"lastAction":5,"status":0},{"playerId":2483603,"score":675,"energy":29,"posx":4,"posy":5,"lastAction":4,"status":0}],"golds":[{"posx":7,"posy":0,"amount":300},{"posx":11,"posy":1,"amount":400},{"posx":12,"posy":1,"amount":100},{"posx":17,"posy":1,"amount":700},{"posx":12,"posy":2,"amount":550},{"posx":16,"posy":3,"amount":450},{"posx":13,"posy":4,"amount":100},{"posx":19,"posy":4,"amount":700},{"posx":8,"posy":5,"amount":350},{"posx":10,"posy":5,"amount":300},{"posx":11,"posy":5,"amount":700},{"posx":10,"posy":6,"amount":750},{"posx":17,"posy":7,"amount":150},{"posx":20,"posy":7,"amount":50}],"changedObstacles":[{"type":0,"posx":10,"posy":8,"value":-1}]},{"players":[{"playerId":2344466,"score":775,"energy":20,"posx":8,"posy":5,"lastAction":5,"status":0},{"playerId":2410245,"score":725,"energy":13,"posx":10,"posy":8,"lastAction":4,"status":0},{"playerId":2636282,"score":725,"energy":20,"posx":10,"posy":7,"lastAction":2,"status":0},{"playerId":2483603,"score":675,"energy":28,"posx":5,"posy":5,"lastAction":1,"status":0}],"golds":[{"posx":7,"posy":0,"amount":300},{"posx":11,"posy":1,"amount":400},{"posx":12,"posy":1,"amount":100},{"posx":17,"posy":1,"amount":700},{"posx":12,"posy":2,"amount":550},{"posx":16,"posy":3,"amount":450},{"posx":13,"posy":4,"amount":100},{"posx":19,"posy":4,"amount":700},{"posx":8,"posy":5,"amount":300},{"posx":10,"posy":5,"amount":300},{"posx":11,"posy":5,"amount":700},{"posx":10,"posy":6,"amount":750},{"posx":17,"posy":7,"amount":150},{"posx":20,"posy":7,"amount":50}],"changedObstacles":[{"type":3,"posx":10,"posy":7,"value":-20}]},{"players":[{"playerId":2344466,"score":825,"energy":15,"posx":8,"posy":5,"lastAction":5,"status":0},{"playerId":2410245,"score":725,"energy":12,"posx":9,"posy":8,"lastAction":0,"status":0},{"playerId":2636282,"score":725,"energy":16,"posx":10,"posy":6,"lastAction":2,"status":0},{"playerId":2483603,"score":675,"energy":27,"posx":6,"posy":5,"lastAction":1,"status":0}],"golds":[{"posx":7,"posy":0,"amount":300},{"posx":11,"posy":1,"amount":400},{"posx":12,"posy":1,"amount":100},{"posx":17,"posy":1,"amount":700},{"posx":12,"posy":2,"amount":550},{"posx":16,"posy":3,"amount":450},{"posx":13,"posy":4,"amount":100},{"posx":19,"posy":4,"amount":700},{"posx":8,"posy":5,"amount":250},{"posx":10,"posy":5,"amount":300},{"posx":11,"posy":5,"amount":700},{"posx":10,"posy":6,"amount":750},{"posx":17,"posy":7,"amount":150},{"posx":20,"posy":7,"amount":50}],"changedObstacles":[]},{"players":[{"playerId":2344466,"score":875,"energy":10,"posx":8,"posy":5,"lastAction":5,"status":0},{"playerId":2410245,"score":725,"energy":11,"posx":9,"posy":7,"lastAction":2,"status":0},{"playerId":2636282,"score":775,"energy":11,"posx":10,"posy":6,"lastAction":5,"status":0},{"playerId":2483603,"score":675,"energy":26,"posx":7,"posy":5,"lastAction":1,"status":0}],"golds":[{"posx":7,"posy":0,"amount":300},{"posx":11,"posy":1,"amount":400},{"posx":12,"posy":1,"amount":100},{"posx":17,"posy":1,"amount":700},{"posx":12,"posy":2,"amount":550},{"posx":16,"posy":3,"amount":450},{"posx":13,"posy":4,"amount":100},{"posx":19,"posy":4,"amount":700},{"posx":8,"posy":5,"amount":200},{"posx":10,"posy":5,"amount":300},{"posx":11,"posy":5,"amount":700},{"posx":10,"posy":6,"amount":700},{"posx":17,"posy":7,"amount":150},{"posx":20,"posy":7,"amount":50}],"changedObstacles":[]},{"players":[{"playerId":2344466,"score":925,"energy":5,"posx":8,"posy":5,"lastAction":5,"status":0},{"playerId":2410245,"score":725,"energy":6,"posx":9,"posy":6,"lastAction":2,"status":0},{"playerId":2636282,"score":825,"energy":6,"posx":10,"posy":6,"lastAction":5,"status":0},{"playerId":2483603,"score":675,"energy":22,"posx":8,"posy":5,"lastAction":1,"status":0}],"golds":[{"posx":7,"posy":0,"amount":300},{"posx":11,"posy":1,"amount":400},{"posx":12,"posy":1,"amount":100},{"posx":17,"posy":1,"amount":700},{"posx":12,"posy":2,"amount":550},{"posx":16,"posy":3,"amount":450},{"posx":13,"posy":4,"amount":100},{"posx":19,"posy":4,"amount":700},{"posx":8,"posy":5,"amount":150},{"posx":10,"posy":5,"amount":300},{"posx":11,"posy":5,"amount":700},{"posx":10,"posy":6,"amount":650},{"posx":17,"posy":7,"amount":150},{"posx":20,"posy":7,"amount":50}],"changedObstacles":[{"type":3,"posx":9,"posy":6,"value":-20}]},{"players":[{"playerId":2344466,"score":925,"energy":17,"posx":8,"posy":5,"lastAction":4,"status":0},{"playerId":2410245,"score":725,"energy":2,"posx":10,"posy":6,"lastAction":1,"status":0},{"playerId":2636282,"score":875,"energy":1,"posx":10,"posy":6,"lastAction":5,"status":0},{"playerId":2483603,"score":725,"energy":17,"posx":8,"posy":5,"lastAction":5,"status":0}],"golds":[{"posx":7,"posy":0,"amount":300},{"posx":11,"posy":1,"amount":400},{"posx":12,"posy":1,"amount":100},{"posx":17,"posy":1,"amount":700},{"posx":12,"posy":2,"amount":550},{"posx":16,"posy":3,"amount":450},{"posx":13,"posy":4,"amount":100},{"posx":19,"posy":4,"amount":700},{"posx":8,"posy":5,"amount":100},{"posx":10,"posy":5,"amount":300},{"posx":11,"posy":5,"amount":700},{"posx":10,"posy":6,"amount":600},{"posx":17,"posy":7,"amount":150},{"posx":20,"posy":7,"amount":50}],"changedObstacles":[]},{"players":[{"playerId":2344466,"score":925,"energy":33,"posx":8,"posy":5,"lastAction":4,"status":0},{"playerId":2410245,"score":725,"energy":14,"posx":10,"posy":6,"lastAction":4,"status":0},{"playerId":2636282,"score":875,"energy":13,"posx":10,"posy":6,"lastAction":4,"status":0},{"playerId":2483603,"score":775,"energy":12,"posx":8,"posy":5,"lastAction":5,"status":0}],"golds":[{"posx":7,"posy":0,"amount":300},{"posx":11,"posy":1,"amount":400},{"posx":12,"posy":1,"amount":100},{"posx":17,"posy":1,"amount":700},{"posx":12,"posy":2,"amount":550},{"posx":16,"posy":3,"amount":450},{"posx":13,"posy":4,"amount":100},{"posx":19,"posy":4,"amount":700},{"posx":8,"posy":5,"amount":50},{"posx":10,"posy":5,"amount":300},{"posx":11,"posy":5,"amount":700},{"posx":10,"posy":6,"amount":600},{"posx":17,"posy":7,"amount":150},{"posx":20,"posy":7,"amount":50}],"changedObstacles":[]},{"players":[{"playerId":2344466,"score":925,"energy":50,"posx":8,"posy":5,"lastAction":4,"status":0},{"playerId":2410245,"score":775,"energy":9,"posx":10,"posy":6,"lastAction":5,"status":0},{"playerId":2636282,"score":925,"energy":8,"posx":10,"posy":6,"lastAction":5,"status":0},{"playerId":2483603,"score":825,"energy":7,"posx":8,"posy":5,"lastAction":5,"status":0}],"golds":[{"posx":7,"posy":0,"amount":300},{"posx":11,"posy":1,"amount":400},{"posx":12,"posy":1,"amount":100},{"posx":17,"posy":1,"amount":700},{"posx":12,"posy":2,"amount":550},{"posx":16,"posy":3,"amount":450},{"posx":13,"posy":4,"amount":100},{"posx":19,"posy":4,"amount":700},{"posx":10,"posy":5,"amount":300},{"posx":11,"posy":5,"amount":700},{"posx":10,"posy":6,"amount":500},{"posx":17,"posy":7,"amount":150},{"posx":20,"posy":7,"amount":50}],"changedObstacles":[{"type":0,"posx":8,"posy":5,"value":-1}]},{"players":[{"playerId":2344466,"score":925,"energy":45,"posx":9,"posy":5,"lastAction":1,"status":0},{"playerId":2410245,"score":825,"energy":4,"posx":10,"posy":6,"lastAction":5,"status":0},{"playerId":2636282,"score":975,"energy":3,"posx":10,"posy":6,"lastAction":5,"status":0},{"playerId":2483603,"score":825,"energy":2,"posx":9,"posy":5,"lastAction":1,"status":0}],"golds":[{"posx":7,"posy":0,"amount":300},{"posx":11,"posy":1,"amount":400},{"posx":12,"posy":1,"amount":100},{"posx":17,"posy":1,"amount":700},{"posx":12,"posy":2,"amount":550},{"posx":16,"posy":3,"amount":450},{"posx":13,"posy":4,"amount":100},{"posx":19,"posy":4,"amount":700},{"posx":10,"posy":5,"amount":300},{"posx":11,"posy":5,"amount":700},{"posx":10,"posy":6,"amount":400},{"posx":17,"posy":7,"amount":150},{"posx":20,"posy":7,"amount":50}],"changedObstacles":[{"type":3,"posx":9,"posy":5,"value":-20}]},{"players":[{"playerId":2344466,"score":925,"energy":41,"posx":10,"posy":5,"lastAction":1,"status":0},{"playerId":2410245,"score":825,"energy":16,"posx":10,"posy":6,"lastAction":4,"status":0},{"playerId":2636282,"score":975,"energy":15,"posx":10,"posy":6,"lastAction":4,"status":0},{"playerId":2483603,"score":825,"energy":14,"posx":9,"posy":5,"lastAction":4,"status":0}],"golds":[{"posx":7,"posy":0,"amount":300},{"posx":11,"posy":1,"amount":400},{"posx":12,"posy":1,"amount":100},{"posx":17,"posy":1,"amount":700},{"posx":12,"posy":2,"amount":550},{"posx":16,"posy":3,"amount":450},{"posx":13,"posy":4,"amount":100},{"posx":19,"posy":4,"amount":700},{"posx":10,"posy":5,"amount":300},{"posx":11,"posy":5,"amount":700},{"posx":10,"posy":6,"amount":400},{"posx":17,"posy":7,"amount":150},{"posx":20,"posy":7,"amount":50}],"changedObstacles":[]},{"players":[{"playerId":2344466,"score":975,"energy":36,"posx":10,"posy":5,"lastAction":5,"status":0},{"playerId":2410245,"score":875,"energy":11,"posx":10,"posy":6,"lastAction":5,"status":0},{"playerId":2636282,"score":975,"energy":31,"posx":10,"posy":6,"lastAction":4,"status":0},{"playerId":2483603,"score":825,"energy":30,"posx":9,"posy":5,"lastAction":4,"status":0}],"golds":[{"posx":7,"posy":0,"amount":300},{"posx":11,"posy":1,"amount":400},{"posx":12,"posy":1,"amount":100},{"posx":17,"posy":1,"amount":700},{"posx":12,"posy":2,"amount":550},{"posx":16,"posy":3,"amount":450},{"posx":13,"posy":4,"amount":100},{"posx":19,"posy":4,"amount":700},{"posx":10,"posy":5,"amount":250},{"posx":11,"posy":5,"amount":700},{"posx":10,"posy":6,"amount":350},{"posx":17,"posy":7,"amount":150},{"posx":20,"posy":7,"amount":50}],"changedObstacles":[]},{"players":[{"playerId":2344466,"score":1025,"energy":31,"posx":10,"posy":5,"lastAction":5,"status":0},{"playerId":2410245,"score":925,"energy":6,"posx":10,"posy":6,"lastAction":5,"status":0},{"playerId":2636282,"score":975,"energy":50,"posx":10,"posy":6,"lastAction":4,"status":0},{"playerId":2483603,"score":825,"energy":26,"posx":10,"posy":5,"lastAction":1,"status":0}],"golds":[{"posx":7,"posy":0,"amount":300},{"posx":11,"posy":1,"amount":400},{"posx":12,"posy":1,"amount":100},{"posx":17,"posy":1,"amount":700},{"posx":12,"posy":2,"amount":550},{"posx":16,"posy":3,"amount":450},{"posx":13,"posy":4,"amount":100},{"posx":19,"posy":4,"amount":700},{"posx":10,"posy":5,"amount":200},{"posx":11,"posy":5,"amount":700},{"posx":10,"posy":6,"amount":300},{"posx":17,"posy":7,"amount":150},{"posx":20,"posy":7,"amount":50}],"changedObstacles":[]},{"players":[{"playerId":2344466,"score":1075,"energy":26,"posx":10,"posy":5,"lastAction":5,"status":0},{"playerId":2410245,"score":975,"energy":1,"posx":10,"posy":6,"lastAction":5,"status":0},{"playerId":2636282,"score":1025,"energy":45,"posx":10,"posy":6,"lastAction":5,"status":0},{"playerId":2483603,"score":875,"energy":21,"posx":10,"posy":5,"lastAction":5,"status":0}],"golds":[{"posx":7,"posy":0,"amount":300},{"posx":11,"posy":1,"amount":400},{"posx":12,"posy":1,"amount":100},{"posx":17,"posy":1,"amount":700},{"posx":12,"posy":2,"amount":550},{"posx":16,"posy":3,"amount":450},{"posx":13,"posy":4,"amount":100},{"posx":19,"posy":4,"amount":700},{"posx":10,"posy":5,"amount":100},{"posx":11,"posy":5,"amount":700},{"posx":10,"posy":6,"amount":200},{"posx":17,"posy":7,"amount":150},{"posx":20,"posy":7,"amount":50}],"changedObstacles":[]},{"players":[{"playerId":2344466,"score":1125,"energy":21,"posx":10,"posy":5,"lastAction":5,"status":0},{"playerId":2410245,"score":975,"energy":13,"posx":10,"posy":6,"lastAction":4,"status":0},{"playerId":2636282,"score":1075,"energy":40,"posx":10,"posy":6,"lastAction":5,"status":0},{"playerId":2483603,"score":925,"energy":16,"posx":10,"posy":5,"lastAction":5,"status":0}],"golds":[{"posx":7,"posy":0,"amount":300},{"posx":11,"posy":1,"amount":400},{"posx":12,"posy":1,"amount":100},{"posx":17,"posy":1,"amount":700},{"posx":12,"posy":2,"amount":550},{"posx":16,"posy":3,"amount":450},{"posx":13,"posy":4,"amount":100},{"posx":19,"posy":4,"amount":700},{"posx":11,"posy":5,"amount":700},{"posx":10,"posy":6,"amount":150},{"posx":17,"posy":7,"amount":150},{"posx":20,"posy":7,"amount":50}],"changedObstacles":[{"type":0,"posx":10,"posy":5,"value":-1}]},{"players":[{"playerId":2344466,"score":1125,"energy":17,"posx":10,"posy":6,"lastAction":3,"status":0},{"playerId":2410245,"score":1025,"energy":8,"posx":10,"posy":6,"lastAction":5,"status":0},{"playerId":2636282,"score":1125,"energy":35,"posx":10,"posy":6,"lastAction":5,"status":0},{"playerId":2483603,"score":925,"energy":12,"posx":11,"posy":5,"lastAction":1,"status":0}],"golds":[{"posx":7,"posy":0,"amount":300},{"posx":11,"posy":1,"amount":400},{"posx":12,"posy":1,"amount":100},{"posx":17,"posy":1,"amount":700},{"posx":12,"posy":2,"amount":550},{"posx":16,"posy":3,"amount":450},{"posx":13,"posy":4,"amount":100},{"posx":19,"posy":4,"amount":700},{"posx":11,"posy":5,"amount":700},{"posx":10,"posy":6,"amount":50},{"posx":17,"posy":7,"amount":150},{"posx":20,"posy":7,"amount":50}],"changedObstacles":[]},{"players":[{"playerId":2344466,"score":1142,"energy":12,"posx":10,"posy":6,"lastAction":5,"status":0},{"playerId":2410245,"score":1042,"energy":3,"posx":10,"posy":6,"lastAction":5,"status":0},{"playerId":2636282,"score":1142,"energy":30,"posx":10,"posy":6,"lastAction":5,"status":0},{"playerId":2483603,"score":975,"energy":7,"posx":11,"posy":5,"lastAction":5,"status":0}],"golds":[{"posx":7,"posy":0,"amount":300},{"posx":11,"posy":1,"amount":400},{"posx":12,"posy":1,"amount":100},{"posx":17,"posy":1,"amount":700},{"posx":12,"posy":2,"amount":550},{"posx":16,"posy":3,"amount":450},{"posx":13,"posy":4,"amount":100},{"posx":19,"posy":4,"amount":700},{"posx":11,"posy":5,"amount":650},{"posx":17,"posy":7,"amount":150},{"posx":20,"posy":7,"amount":50}],"changedObstacles":[{"type":0,"posx":10,"posy":6,"value":-1}]},{"players":[{"playerId":2344466,"score":1142,"energy":11,"posx":10,"posy":5,"lastAction":2,"status":0},{"playerId":2410245,"score":1042,"energy":15,"posx":10,"posy":6,"lastAction":4,"status":0},{"playerId":2636282,"score":1142,"energy":29,"posx":10,"posy":5,"lastAction":2,"status":0},{"playerId":2483603,"score":1025,"energy":2,"posx":11,"posy":5,"lastAction":5,"status":0}],"golds":[{"posx":7,"posy":0,"amount":300},{"posx":11,"posy":1,"amount":400},{"posx":12,"posy":1,"amount":100},{"posx":17,"posy":1,"amount":700},{"posx":12,"posy":2,"amount":550},{"posx":16,"posy":3,"amount":450},{"posx":13,"posy":4,"amount":100},{"posx":19,"posy":4,"amount":700},{"posx":11,"posy":5,"amount":600},{"posx":17,"posy":7,"amount":150},{"posx":20,"posy":7,"amount":50}],"changedObstacles":[]},{"players":[{"playerId":2344466,"score":1142,"energy":7,"posx":11,"posy":5,"lastAction":1,"status":0},{"playerId":2410245,"score":1042,"energy":14,"posx":10,"posy":5,"lastAction":2,"status":0},{"playerId":2636282,"score":1142,"energy":25,"posx":11,"posy":5,"lastAction":1,"status":0},{"playerId":2483603,"score":1025,"energy":14,"posx":11,"posy":5,"lastAction":4,"status":0}],"golds":[{"posx":7,"posy":0,"amount":300},{"posx":11,"posy":1,"amount":400},{"posx":12,"posy":1,"amount":100},{"posx":17,"posy":1,"amount":700},{"posx":12,"posy":2,"amount":550},{"posx":16,"posy":3,"amount":450},{"posx":13,"posy":4,"amount":100},{"posx":19,"posy":4,"amount":700},{"posx":11,"posy":5,"amount":600},{"posx":17,"posy":7,"amount":150},{"posx":20,"posy":7,"amount":50}],"changedObstacles":[]},{"players":[{"playerId":2344466,"score":1192,"energy":2,"posx":11,"posy":5,"lastAction":5,"status":0},{"playerId":2410245,"score":1042,"energy":10,"posx":11,"posy":5,"lastAction":1,"status":0},{"playerId":2636282,"score":1192,"energy":20,"posx":11,"posy":5,"lastAction":5,"status":0},{"playerId":2483603,"score":1025,"energy":30,"posx":11,"posy":5,"lastAction":4,"status":0}],"golds":[{"posx":7,"posy":0,"amount":300},{"posx":11,"posy":1,"amount":400},{"posx":12,"posy":1,"amount":100},{"posx":17,"posy":1,"amount":700},{"posx":12,"posy":2,"amount":550},{"posx":16,"posy":3,"amount":450},{"posx":13,"posy":4,"amount":100},{"posx":19,"posy":4,"amount":700},{"posx":11,"posy":5,"amount":500},{"posx":17,"posy":7,"amount":150},{"posx":20,"posy":7,"amount":50}],"changedObstacles":[]},{"players":[{"playerId":2344466,"score":1192,"energy":14,"posx":11,"posy":5,"lastAction":4,"status":0},{"playerId":2410245,"score":1092,"energy":5,"posx":11,"posy":5,"lastAction":5,"status":0},{"playerId":2636282,"score":1242,"energy":15,"posx":11,"posy":5,"lastAction":5,"status":0},{"playerId":2483603,"score":1075,"energy":25,"posx":11,"posy":5,"lastAction":5,"status":0}],"golds":[{"posx":7,"posy":0,"amount":300},{"posx":11,"posy":1,"amount":400},{"posx":12,"posy":1,"amount":100},{"posx":17,"posy":1,"amount":700},{"posx":12,"posy":2,"amount":550},{"posx":16,"posy":3,"amount":450},{"posx":13,"posy":4,"amount":100},{"posx":19,"posy":4,"amount":700},{"posx":11,"posy":5,"amount":350},{"posx":17,"posy":7,"amount":150},{"posx":20,"posy":7,"amount":50}],"changedObstacles":[]},{"players":[{"playerId":2344466,"score":1192,"energy":30,"posx":11,"posy":5,"lastAction":4,"status":0},{"playerId":2410245,"score":1092,"energy":17,"posx":11,"posy":5,"lastAction":4,"status":0},{"playerId":2636282,"score":1292,"energy":10,"posx":11,"posy":5,"lastAction":5,"status":0},{"playerId":2483603,"score":1125,"energy":20,"posx":11,"posy":5,"lastAction":5,"status":0}],"golds":[{"posx":7,"posy":0,"amount":300},{"posx":11,"posy":1,"amount":400},{"posx":12,"posy":1,"amount":100},{"posx":17,"posy":1,"amount":700},{"posx":12,"posy":2,"amount":550},{"posx":16,"posy":3,"amount":450},{"posx":13,"posy":4,"amount":100},{"posx":19,"posy":4,"amount":700},{"posx":11,"posy":5,"amount":250},{"posx":17,"posy":7,"amount":150},{"posx":20,"posy":7,"amount":50}],"changedObstacles":[]},{"players":[{"playerId":2344466,"score":1192,"energy":50,"posx":11,"posy":5,"lastAction":4,"status":0},{"playerId":2410245,"score":1142,"energy":12,"posx":11,"posy":5,"lastAction":5,"status":0},{"playerId":2636282,"score":1342,"energy":5,"posx":11,"posy":5,"lastAction":5,"status":0},{"playerId":2483603,"score":1175,"energy":15,"posx":11,"posy":5,"lastAction":5,"status":0}],"golds":[{"posx":7,"posy":0,"amount":300},{"posx":11,"posy":1,"amount":400},{"posx":12,"posy":1,"amount":100},{"posx":17,"posy":1,"amount":700},{"posx":12,"posy":2,"amount":550},{"posx":16,"posy":3,"amount":450},{"posx":13,"posy":4,"amount":100},{"posx":19,"posy":4,"amount":700},{"posx":11,"posy":5,"amount":100},{"posx":17,"posy":7,"amount":150},{"posx":20,"posy":7,"amount":50}],"changedObstacles":[]},{"players":[{"playerId":2344466,"score":1226,"energy":45,"posx":11,"posy":5,"lastAction":5,"status":0},{"playerId":2410245,"score":1176,"energy":7,"posx":11,"posy":5,"lastAction":5,"status":0},{"playerId":2636282,"score":1342,"energy":17,"posx":11,"posy":5,"lastAction":4,"status":0},{"playerId":2483603,"score":1209,"energy":10,"posx":11,"posy":5,"lastAction":5,"status":0}],"golds":[{"posx":7,"posy":0,"amount":300},{"posx":11,"posy":1,"amount":400},{"posx":12,"posy":1,"amount":100},{"posx":17,"posy":1,"amount":700},{"posx":12,"posy":2,"amount":550},{"posx":16,"posy":3,"amount":450},{"posx":13,"posy":4,"amount":100},{"posx":19,"posy":4,"amount":700},{"posx":17,"posy":7,"amount":150},{"posx":20,"posy":7,"amount":50}],"changedObstacles":[{"type":0,"posx":11,"posy":5,"value":-1}]},{"players":[{"playerId":2344466,"score":1226,"energy":44,"posx":11,"posy":4,"lastAction":2,"status":0},{"playerId":2410245,"score":1176,"energy":6,"posx":11,"posy":4,"lastAction":2,"status":0},{"playerId":2636282,"score":1342,"energy":16,"posx":11,"posy":4,"lastAction":2,"status":0},{"playerId":2483603,"score":1209,"energy":9,"posx":12,"posy":5,"lastAction":1,"status":0}],"golds":[{"posx":7,"posy":0,"amount":300},{"posx":11,"posy":1,"amount":400},{"posx":12,"posy":1,"amount":100},{"posx":17,"posy":1,"amount":700},{"posx":12,"posy":2,"amount":550},{"posx":16,"posy":3,"amount":450},{"posx":13,"posy":4,"amount":100},{"posx":19,"posy":4,"amount":700},{"posx":17,"posy":7,"amount":150},{"posx":20,"posy":7,"amount":50}],"changedObstacles":[]},{"players":[{"playerId":2344466,"score":1226,"energy":37,"posx":11,"posy":3,"lastAction":2,"status":0},{"playerId":2410245,"score":1176,"energy":18,"posx":11,"posy":4,"lastAction":4,"status":0},{"playerId":2636282,"score":1342,"energy":28,"posx":11,"posy":4,"lastAction":4,"status":0},{"playerId":2483603,"score":1209,"energy":21,"posx":12,"posy":5,"lastAction":4,"status":0}],"golds":[{"posx":7,"posy":0,"amount":300},{"posx":11,"posy":1,"amount":400},{"posx":12,"posy":1,"amount":100},{"posx":17,"posy":1,"amount":700},{"posx":12,"posy":2,"amount":550},{"posx":16,"posy":3,"amount":450},{"posx":13,"posy":4,"amount":100},{"posx":19,"posy":4,"amount":700},{"posx":17,"posy":7,"amount":150},{"posx":20,"posy":7,"amount":50}],"changedObstacles":[]},{"players":[{"playerId":2344466,"score":1226,"energy":27,"posx":11,"posy":2,"lastAction":2,"status":0},{"playerId":2410245,"score":1176,"energy":34,"posx":11,"posy":4,"lastAction":4,"status":0},{"playerId":2636282,"score":1342,"energy":9,"posx":11,"posy":3,"lastAction":2,"status":0},{"playerId":2483603,"score":1209,"energy":10,"posx":12,"posy":4,"lastAction":2,"status":0}],"golds":[{"posx":7,"posy":0,"amount":300},{"posx":11,"posy":1,"amount":400},{"posx":12,"posy":1,"amount":100},{"posx":17,"posy":1,"amount":700},{"posx":12,"posy":2,"amount":550},{"posx":16,"posy":3,"amount":450},{"posx":13,"posy":4,"amount":100},{"posx":19,"posy":4,"amount":700},{"posx":17,"posy":7,"amount":150},{"posx":20,"posy":7,"amount":50}],"changedObstacles":[{"type":0,"posx":11,"posy":2,"value":-1}]},{"players":[{"playerId":2344466,"score":1226,"energy":23,"posx":11,"posy":1,"lastAction":2,"status":0},{"playerId":2410245,"score":1176,"energy":21,"posx":11,"posy":3,"lastAction":2,"status":0},{"playerId":2636282,"score":1342,"energy":8,"posx":11,"posy":2,"lastAction":2,"status":0},{"playerId":2483603,"score":1209,"energy":6,"posx":13,"posy":4,"lastAction":1,"status":0}],"golds":[{"posx":7,"posy":0,"amount":300},{"posx":11,"posy":1,"amount":400},{"posx":12,"posy":1,"amount":100},{"posx":17,"posy":1,"amount":700},{"posx":12,"posy":2,"amount":550},{"posx":16,"posy":3,"amount":450},{"posx":13,"posy":4,"amount":100},{"posx":19,"posy":4,"amount":700},{"posx":17,"posy":7,"amount":150},{"posx":20,"posy":7,"amount":50}],"changedObstacles":[]},{"players":[{"playerId":2344466,"score":1276,"energy":18,"posx":11,"posy":1,"lastAction":5,"status":0},{"playerId":2410245,"score":1176,"energy":20,"posx":11,"posy":2,"lastAction":2,"status":0},{"playerId":2636282,"score":1342,"energy":4,"posx":12,"posy":2,"lastAction":1,"status":0},{"playerId":2483603,"score":1259,"energy":1,"posx":13,"posy":4,"lastAction":5,"status":0}],"golds":[{"posx":7,"posy":0,"amount":300},{"posx":11,"posy":1,"amount":350},{"posx":12,"posy":1,"amount":100},{"posx":17,"posy":1,"amount":700},{"posx":12,"posy":2,"amount":550},{"posx":16,"posy":3,"amount":450},{"posx":13,"posy":4,"amount":50},{"posx":19,"posy":4,"amount":700},{"posx":17,"posy":7,"amount":150},{"posx":20,"posy":7,"amount":50}],"changedObstacles":[]},{"players":[{"playerId":2344466,"score":1326,"energy":13,"posx":11,"posy":1,"lastAction":5,"status":0},{"playerId":2410245,"score":1176,"energy":16,"posx":12,"posy":2,"lastAction":1,"status":0},{"playerId":2636282,"score":1342,"energy":16,"posx":12,"posy":2,"lastAction":4,"status":0},{"playerId":2483603,"score":1259,"energy":13,"posx":13,"posy":4,"lastAction":4,"status":0}],"golds":[{"posx":7,"posy":0,"amount":300},{"posx":11,"posy":1,"amount":300},{"posx":12,"posy":1,"amount":100},{"posx":17,"posy":1,"amount":700},{"posx":12,"posy":2,"amount":550},{"posx":16,"posy":3,"amount":450},{"posx":13,"posy":4,"amount":50},{"posx":19,"posy":4,"amount":700},{"posx":17,"posy":7,"amount":150},{"posx":20,"posy":7,"amount":50}],"changedObstacles":[]},{"players":[{"playerId":2344466,"score":1376,"energy":8,"posx":11,"posy":1,"lastAction":5,"status":0},{"playerId":2410245,"score":1226,"energy":11,"posx":12,"posy":2,"lastAction":5,"status":0},{"playerId":2636282,"score":1342,"energy":32,"posx":12,"posy":2,"lastAction":4,"status":0},{"playerId":2483603,"score":1259,"energy":29,"posx":13,"posy":4,"lastAction":4,"status":0}],"golds":[{"posx":7,"posy":0,"amount":300},{"posx":11,"posy":1,"amount":250},{"posx":12,"posy":1,"amount":100},{"posx":17,"posy":1,"amount":700},{"posx":12,"posy":2,"amount":500},{"posx":16,"posy":3,"amount":450},{"posx":13,"posy":4,"amount":50},{"posx":19,"posy":4,"amount":700},{"posx":17,"posy":7,"amount":150},{"posx":20,"posy":7,"amount":50}],"changedObstacles":[]},{"players":[{"playerId":2344466,"score":1426,"energy":3,"posx":11,"posy":1,"lastAction":5,"status":0},{"playerId":2410245,"score":1276,"energy":6,"posx":12,"posy":2,"lastAction":5,"status":0},{"playerId":2636282,"score":1392,"energy":27,"posx":12,"posy":2,"lastAction":5,"status":0},{"playerId":2483603,"score":1309,"energy":24,"posx":13,"posy":4,"lastAction":5,"status":0}],"golds":[{"posx":7,"posy":0,"amount":300},{"posx":11,"posy":1,"amount":200},{"posx":12,"posy":1,"amount":100},{"posx":17,"posy":1,"amount":700},{"posx":12,"posy":2,"amount":400},{"posx":16,"posy":3,"amount":450},{"posx":19,"posy":4,"amount":700},{"posx":17,"posy":7,"amount":150},{"posx":20,"posy":7,"amount":50}],"changedObstacles":[{"type":0,"posx":13,"posy":4,"value":-1}]},{"players":[{"playerId":2344466,"score":1426,"energy":15,"posx":11,"posy":1,"lastAction":4,"status":0},{"playerId":2410245,"score":1326,"energy":1,"posx":12,"posy":2,"lastAction":5,"status":0},{"playerId":2636282,"score":1442,"energy":22,"posx":12,"posy":2,"lastAction":5,"status":0},{"playerId":2483603,"score":1309,"energy":23,"posx":13,"posy":3,"lastAction":2,"status":0}],"golds":[{"posx":7,"posy":0,"amount":300},{"posx":11,"posy":1,"amount":200},{"posx":12,"posy":1,"amount":100},{"posx":17,"posy":1,"amount":700},{"posx":12,"posy":2,"amount":300},{"posx":16,"posy":3,"amount":450},{"posx":19,"posy":4,"amount":700},{"posx":17,"posy":7,"amount":150},{"posx":20,"posy":7,"amount":50}],"changedObstacles":[]},{"players":[{"playerId":2344466,"score":1426,"energy":31,"posx":11,"posy":1,"lastAction":4,"status":0},{"playerId":2410245,"score":1326,"energy":13,"posx":12,"posy":2,"lastAction":4,"status":0},{"playerId":2636282,"score":1492,"energy":17,"posx":12,"posy":2,"lastAction":5,"status":0},{"playerId":2483603,"score":1309,"energy":13,"posx":13,"posy":2,"lastAction":2,"status":0}],"golds":[{"posx":7,"posy":0,"amount":300},{"posx":11,"posy":1,"amount":200},{"posx":12,"posy":1,"amount":100},{"posx":17,"posy":1,"amount":700},{"posx":12,"posy":2,"amount":250},{"posx":16,"posy":3,"amount":450},{"posx":19,"posy":4,"amount":700},{"posx":17,"posy":7,"amount":150},{"posx":20,"posy":7,"amount":50}],"changedObstacles":[{"type":0,"posx":13,"posy":2,"value":-1}]},{"players":[{"playerId":2344466,"score":1426,"energy":50,"posx":11,"posy":1,"lastAction":4,"status":0},{"playerId":2410245,"score":1376,"energy":8,"posx":12,"posy":2,"lastAction":5,"status":0},{"playerId":2636282,"score":1542,"energy":12,"posx":12,"posy":2,"lastAction":5,"status":0},{"playerId":2483603,"score":1309,"energy":9,"posx":12,"posy":2,"lastAction":0,"status":0}],"golds":[{"posx":7,"posy":0,"amount":300},{"posx":11,"posy":1,"amount":200},{"posx":12,"posy":1,"amount":100},{"posx":17,"posy":1,"amount":700},{"posx":12,"posy":2,"amount":150},{"posx":16,"posy":3,"amount":450},{"posx":19,"posy":4,"amount":700},{"posx":17,"posy":7,"amount":150},{"posx":20,"posy":7,"amount":50}],"changedObstacles":[]},{"players":[{"playerId":2344466,"score":1476,"energy":45,"posx":11,"posy":1,"lastAction":5,"status":0},{"playerId":2410245,"score":1426,"energy":3,"posx":12,"posy":2,"lastAction":5,"status":0},{"playerId":2636282,"score":1592,"energy":7,"posx":12,"posy":2,"lastAction":5,"status":0},{"playerId":2483603,"score":1359,"energy":4,"posx":12,"posy":2,"lastAction":5,"status":0}],"golds":[{"posx":7,"posy":0,"amount":300},{"posx":11,"posy":1,"amount":150},{"posx":12,"posy":1,"amount":100},{"posx":17,"posy":1,"amount":700},{"posx":16,"posy":3,"amount":450},{"posx":19,"posy":4,"amount":700},{"posx":17,"posy":7,"amount":150},{"posx":20,"posy":7,"amount":50}],"changedObstacles":[{"type":0,"posx":12,"posy":2,"value":-1}]},{"players":[{"playerId":2344466,"score":1526,"energy":40,"posx":11,"posy":1,"lastAction":5,"status":0},{"playerId":2410245,"score":1426,"energy":15,"posx":12,"posy":2,"lastAction":4,"status":0},{"playerId":2636282,"score":1592,"energy":6,"posx":13,"posy":2,"lastAction":1,"status":0},{"playerId":2483603,"score":1359,"energy":16,"posx":12,"posy":2,"lastAction":4,"status":0}],"golds":[{"posx":7,"posy":0,"amount":300},{"posx":11,"posy":1,"amount":100},{"posx":12,"posy":1,"amount":100},{"posx":17,"posy":1,"amount":700},{"posx":16,"posy":3,"amount":450},{"posx":19,"posy":4,"amount":700},{"posx":17,"posy":7,"amount":150},{"posx":20,"posy":7,"amount":50}],"changedObstacles":[]},{"players":[{"playerId":2344466,"score":1576,"energy":35,"posx":11,"posy":1,"lastAction":5,"status":0},{"playerId":2410245,"score":1426,"energy":11,"posx":12,"posy":1,"lastAction":2,"status":0},{"playerId":2636282,"score":1592,"energy":5,"posx":14,"posy":2,"lastAction":1,"status":0},{"playerId":2483603,"score":1359,"energy":32,"posx":12,"posy":2,"lastAction":4,"status":0}],"golds":[{"posx":7,"posy":0,"amount":300},{"posx":11,"posy":1,"amount":50},{"posx":12,"posy":1,"amount":100},{"posx":17,"posy":1,"amount":700},{"posx":16,"posy":3,"amount":450},{"posx":19,"posy":4,"amount":700},{"posx":17,"posy":7,"amount":150},{"posx":20,"posy":7,"amount":50}],"changedObstacles":[]},{"players":[{"playerId":2344466,"score":1626,"energy":30,"posx":11,"posy":1,"lastAction":5,"status":0},{"playerId":2410245,"score":1476,"energy":6,"posx":12,"posy":1,"lastAction":5,"status":0},{"playerId":2636282,"score":1592,"energy":4,"posx":15,"posy":2,"lastAction":1,"status":0},{"playerId":2483603,"score":1359,"energy":28,"posx":12,"posy":1,"lastAction":2,"status":0}],"golds":[{"posx":7,"posy":0,"amount":300},{"posx":12,"posy":1,"amount":50},{"posx":17,"posy":1,"amount":700},{"posx":16,"posy":3,"amount":450},{"posx":19,"posy":4,"amount":700},{"posx":17,"posy":7,"amount":150},{"posx":20,"posy":7,"amount":50}],"changedObstacles":[{"type":0,"posx":11,"posy":1,"value":-1}]},{"players":[{"playerId":2344466,"score":1626,"energy":26,"posx":12,"posy":1,"lastAction":1,"status":0},{"playerId":2410245,"score":1501,"energy":1,"posx":12,"posy":1,"lastAction":5,"status":0},{"playerId":2636282,"score":1592,"energy":3,"posx":16,"posy":2,"lastAction":1,"status":0},{"playerId":2483603,"score":1384,"energy":23,"posx":12,"posy":1,"lastAction":5,"status":0}],"golds":[{"posx":7,"posy":0,"amount":300},{"posx":17,"posy":1,"amount":700},{"posx":16,"posy":3,"amount":450},{"posx":19,"posy":4,"amount":700},{"posx":17,"posy":7,"amount":150},{"posx":20,"posy":7,"amount":50}],"changedObstacles":[{"type":0,"posx":12,"posy":1,"value":-1}]},{"players":[{"playerId":2344466,"score":1626,"energy":21,"posx":13,"posy":1,"lastAction":1,"status":0},{"playerId":2410245,"score":1501,"energy":13,"posx":12,"posy":1,"lastAction":4,"status":0},{"playerId":2636282,"score":1592,"energy":15,"posx":16,"posy":2,"lastAction":4,"status":0},{"playerId":2483603,"score":1384,"energy":18,"posx":13,"posy":1,"lastAction":1,"status":0}],"golds":[{"posx":7,"posy":0,"amount":300},{"posx":17,"posy":1,"amount":700},{"posx":16,"posy":3,"amount":450},{"posx":19,"posy":4,"amount":700},{"posx":17,"posy":7,"amount":150},{"posx":20,"posy":7,"amount":50}],"changedObstacles":[{"type":3,"posx":13,"posy":1,"value":-20}]},{"players":[{"playerId":2344466,"score":1626,"energy":16,"posx":14,"posy":1,"lastAction":1,"status":0},{"playerId":2410245,"score":1501,"energy":12,"posx":12,"posy":2,"lastAction":3,"status":0},{"playerId":2636282,"score":1592,"energy":11,"posx":16,"posy":3,"lastAction":3,"status":0},{"playerId":2483603,"score":1384,"energy":13,"posx":14,"posy":1,"lastAction":1,"status":0}],"golds":[{"posx":7,"posy":0,"amount":300},{"posx":17,"posy":1,"amount":700},{"posx":16,"posy":3,"amount":450},{"posx":19,"posy":4,"amount":700},{"posx":17,"posy":7,"amount":150},{"posx":20,"posy":7,"amount":50}],"changedObstacles":[{"type":3,"posx":14,"posy":1,"value":-20}]},{"players":[{"playerId":2344466,"score":1626,"energy":15,"posx":15,"posy":1,"lastAction":1,"status":0},{"playerId":2410245,"score":1501,"energy":11,"posx":13,"posy":2,"lastAction":1,"status":0},{"playerId":2636282,"score":1642,"energy":6,"posx":16,"posy":3,"lastAction":5,"status":0},{"playerId":2483603,"score":1384,"energy":12,"posx":15,"posy":1,"lastAction":1,"status":0}],"golds":[{"posx":7,"posy":0,"amount":300},{"posx":17,"posy":1,"amount":700},{"posx":16,"posy":3,"amount":400},{"posx":19,"posy":4,"amount":700},{"posx":17,"posy":7,"amount":150},{"posx":20,"posy":7,"amount":50}],"changedObstacles":[]},{"players":[{"playerId":2344466,"score":1626,"energy":5,"posx":16,"posy":1,"lastAction":1,"status":0},{"playerId":2410245,"score":1501,"energy":10,"posx":14,"posy":2,"lastAction":1,"status":0},{"playerId":2636282,"score":1692,"energy":1,"posx":16,"posy":3,"lastAction":5,"status":0},{"playerId":2483603,"score":1384,"energy":2,"posx":16,"posy":1,"lastAction":1,"status":0}],"golds":[{"posx":7,"posy":0,"amount":300},{"posx":17,"posy":1,"amount":700},{"posx":16,"posy":3,"amount":350},{"posx":19,"posy":4,"amount":700},{"posx":17,"posy":7,"amount":150},{"posx":20,"posy":7,"amount":50}],"changedObstacles":[{"type":0,"posx":16,"posy":1,"value":-1}]},{"players":[{"playerId":2344466,"score":1626,"energy":1,"posx":17,"posy":1,"lastAction":1,"status":0},{"playerId":2410245,"score":1501,"energy":9,"posx":15,"posy":2,"lastAction":1,"status":0},{"playerId":2636282,"score":1692,"energy":13,"posx":16,"posy":3,"lastAction":4,"status":0},{"playerId":2483603,"score":1384,"energy":14,"posx":16,"posy":1,"lastAction":4,"status":0}],"golds":[{"posx":7,"posy":0,"amount":300},{"posx":17,"posy":1,"amount":700},{"posx":16,"posy":3,"amount":350},{"posx":19,"posy":4,"amount":700},{"posx":17,"posy":7,"amount":150},{"posx":20,"posy":7,"amount":50}],"changedObstacles":[]},{"players":[{"playerId":2344466,"score":1626,"energy":13,"posx":17,"posy":1,"lastAction":4,"status":0},{"playerId":2410245,"score":1501,"energy":8,"posx":16,"posy":2,"lastAction":1,"status":0},{"playerId":2636282,"score":1742,"energy":8,"posx":16,"posy":3,"lastAction":5,"status":0},{"playerId":2483603,"score":1384,"energy":30,"posx":16,"posy":1,"lastAction":4,"status":0}],"golds":[{"posx":7,"posy":0,"amount":300},{"posx":17,"posy":1,"amount":700},{"posx":16,"posy":3,"amount":300},{"posx":19,"posy":4,"amount":700},{"posx":17,"posy":7,"amount":150},{"posx":20,"posy":7,"amount":50}],"changedObstacles":[]},{"players":[{"playerId":2344466,"score":1626,"energy":29,"posx":17,"posy":1,"lastAction":4,"status":0},{"playerId":2410245,"score":1501,"energy":4,"posx":16,"posy":3,"lastAction":3,"status":0},{"playerId":2636282,"score":1792,"energy":3,"posx":16,"posy":3,"lastAction":5,"status":0},{"playerId":2483603,"score":1384,"energy":26,"posx":17,"posy":1,"lastAction":1,"status":0}],"golds":[{"posx":7,"posy":0,"amount":300},{"posx":17,"posy":1,"amount":700},{"posx":16,"posy":3,"amount":250},{"posx":19,"posy":4,"amount":700},{"posx":17,"posy":7,"amount":150},{"posx":20,"posy":7,"amount":50}],"changedObstacles":[]},{"players":[{"playerId":2344466,"score":1626,"energy":50,"posx":17,"posy":1,"lastAction":4,"status":0},{"playerId":2410245,"score":1501,"energy":16,"posx":16,"posy":3,"lastAction":4,"status":0},{"playerId":2636282,"score":1792,"energy":15,"posx":16,"posy":3,"lastAction":4,"status":0},{"playerId":2483603,"score":1434,"energy":21,"posx":17,"posy":1,"lastAction":5,"status":0}],"golds":[{"posx":7,"posy":0,"amount":300},{"posx":17,"posy":1,"amount":650},{"posx":16,"posy":3,"amount":250},{"posx":19,"posy":4,"amount":700},{"posx":17,"posy":7,"amount":150},{"posx":20,"posy":7,"amount":50}],"changedObstacles":[]},{"players":[{"playerId":2344466,"score":1676,"energy":45,"posx":17,"posy":1,"lastAction":5,"status":0},{"playerId":2410245,"score":1551,"energy":11,"posx":16,"posy":3,"lastAction":5,"status":0},{"playerId":2636282,"score":1792,"energy":31,"posx":16,"posy":3,"lastAction":4,"status":0},{"playerId":2483603,"score":1484,"energy":16,"posx":17,"posy":1,"lastAction":5,"status":0}],"golds":[{"posx":7,"posy":0,"amount":300},{"posx":17,"posy":1,"amount":550},{"posx":16,"posy":3,"amount":200},{"posx":19,"posy":4,"amount":700},{"posx":17,"posy":7,"amount":150},{"posx":20,"posy":7,"amount":50}],"changedObstacles":[]},{"players":[{"playerId":2344466,"score":1726,"energy":40,"posx":17,"posy":1,"lastAction":5,"status":0},{"playerId":2410245,"score":1601,"energy":6,"posx":16,"posy":3,"lastAction":5,"status":0},{"playerId":2636282,"score":1792,"energy":50,"posx":16,"posy":3,"lastAction":4,"status":0},{"playerId":2483603,"score":1534,"energy":11,"posx":17,"posy":1,"lastAction":5,"status":0}],"golds":[{"posx":7,"posy":0,"amount":300},{"posx":17,"posy":1,"amount":450},{"posx":16,"posy":3,"amount":150},{"posx":19,"posy":4,"amount":700},{"posx":17,"posy":7,"amount":150},{"posx":20,"posy":7,"amount":50}],"changedObstacles":[]},{"players":[{"playerId":2344466,"score":1776,"energy":35,"posx":17,"posy":1,"lastAction":5,"status":0},{"playerId":2410245,"score":1651,"energy":1,"posx":16,"posy":3,"lastAction":5,"status":0},{"playerId":2636282,"score":1842,"energy":45,"posx":16,"posy":3,"lastAction":5,"status":0},{"playerId":2483603,"score":1584,"energy":6,"posx":17,"posy":1,"lastAction":5,"status":0}],"golds":[{"posx":7,"posy":0,"amount":300},{"posx":17,"posy":1,"amount":350},{"posx":16,"posy":3,"amount":50},{"posx":19,"posy":4,"amount":700},{"posx":17,"posy":7,"amount":150},{"posx":20,"posy":7,"amount":50}],"changedObstacles":[]},{"players":[{"playerId":2344466,"score":1826,"energy":30,"posx":17,"posy":1,"lastAction":5,"status":0},{"playerId":2410245,"score":1651,"energy":13,"posx":16,"posy":3,"lastAction":4,"status":0},{"playerId":2636282,"score":1892,"energy":40,"posx":16,"posy":3,"lastAction":5,"status":0},{"playerId":2483603,"score":1634,"energy":1,"posx":17,"posy":1,"lastAction":5,"status":0}],"golds":[{"posx":7,"posy":0,"amount":300},{"posx":17,"posy":1,"amount":250},{"posx":19,"posy":4,"amount":700},{"posx":17,"posy":7,"amount":150},{"posx":20,"posy":7,"amount":50}],"changedObstacles":[{"type":0,"posx":16,"posy":3,"value":-1}]},{"players":[{"playerId":2344466,"score":1876,"energy":25,"posx":17,"posy":1,"lastAction":5,"status":0},{"playerId":2410245,"score":1651,"energy":12,"posx":17,"posy":3,"lastAction":1,"status":0},{"playerId":2636282,"score":1892,"energy":33,"posx":16,"posy":4,"lastAction":3,"status":0},{"playerId":2483603,"score":1634,"energy":13,"posx":17,"posy":1,"lastAction":4,"status":0}],"golds":[{"posx":7,"posy":0,"amount":300},{"posx":17,"posy":1,"amount":200},{"posx":19,"posy":4,"amount":700},{"posx":17,"posy":7,"amount":150},{"posx":20,"posy":7,"amount":50}],"changedObstacles":[]},{"players":[{"playerId":2344466,"score":1926,"energy":20,"posx":17,"posy":1,"lastAction":5,"status":0},{"playerId":2410245,"score":1651,"energy":11,"posx":17,"posy":4,"lastAction":3,"status":0},{"playerId":2636282,"score":1892,"energy":32,"posx":17,"posy":4,"lastAction":1,"status":0},{"playerId":2483603,"score":1634,"energy":29,"posx":17,"posy":1,"lastAction":4,"status":0}],"golds":[{"posx":7,"posy":0,"amount":300},{"posx":17,"posy":1,"amount":150},{"posx":19,"posy":4,"amount":700},{"posx":17,"posy":7,"amount":150},{"posx":20,"posy":7,"amount":50}],"changedObstacles":[]},{"players":[{"playerId":2344466,"score":1976,"energy":15,"posx":17,"posy":1,"lastAction":5,"status":0},{"playerId":2410245,"score":1651,"energy":10,"posx":18,"posy":4,"lastAction":1,"status":0},{"playerId":2636282,"score":1892,"energy":31,"posx":18,"posy":4,"lastAction":1,"status":0},{"playerId":2483603,"score":1684,"energy":24,"posx":17,"posy":1,"lastAction":5,"status":0}],"golds":[{"posx":7,"posy":0,"amount":300},{"posx":17,"posy":1,"amount":50},{"posx":19,"posy":4,"amount":700},{"posx":17,"posy":7,"amount":150},{"posx":20,"posy":7,"amount":50}],"changedObstacles":[]},{"players":[{"playerId":2344466,"score":2001,"energy":10,"posx":17,"posy":1,"lastAction":5,"status":0},{"playerId":2410245,"score":1651,"energy":6,"posx":19,"posy":4,"lastAction":1,"status":0},{"playerId":2636282,"score":1892,"energy":27,"posx":19,"posy":4,"lastAction":1,"status":0},{"playerId":2483603,"score":1709,"energy":19,"posx":17,"posy":1,"lastAction":5,"status":0}],"golds":[{"posx":7,"posy":0,"amount":300},{"posx":19,"posy":4,"amount":700},{"posx":17,"posy":7,"amount":150},{"posx":20,"posy":7,"amount":50}],"changedObstacles":[{"type":0,"posx":17,"posy":1,"value":-1}]},{"players":[{"playerId":2344466,"score":2001,"energy":9,"posx":17,"posy":2,"lastAction":3,"status":0},{"playerId":2410245,"score":1701,"energy":1,"posx":19,"posy":4,"lastAction":5,"status":0},{"playerId":2636282,"score":1942,"energy":22,"posx":19,"posy":4,"lastAction":5,"status":0},{"playerId":2483603,"score":1709,"energy":18,"posx":17,"posy":2,"lastAction":3,"status":0}],"golds":[{"posx":7,"posy":0,"amount":300},{"posx":19,"posy":4,"amount":600},{"posx":17,"posy":7,"amount":150},{"posx":20,"posy":7,"amount":50}],"changedObstacles":[]},{"players":[{"playerId":2344466,"score":2001,"energy":8,"posx":17,"posy":3,"lastAction":3,"status":0},{"playerId":2410245,"score":1701,"energy":13,"posx":19,"posy":4,"lastAction":4,"status":0},{"playerId":2636282,"score":1992,"energy":17,"posx":19,"posy":4,"lastAction":5,"status":0},{"playerId":2483603,"score":1709,"energy":17,"posx":17,"posy":3,"lastAction":3,"status":0}],"golds":[{"posx":7,"posy":0,"amount":300},{"posx":19,"posy":4,"amount":550},{"posx":17,"posy":7,"amount":150},{"posx":20,"posy":7,"amount":50}],"changedObstacles":[]},{"players":[{"playerId":2344466,"score":2001,"energy":7,"posx":17,"posy":4,"lastAction":3,"status":0},{"playerId":2410245,"score":1751,"energy":8,"posx":19,"posy":4,"lastAction":5,"status":0},{"playerId":2636282,"score":2042,"energy":12,"posx":19,"posy":4,"lastAction":5,"status":0},{"playerId":2483603,"score":1709,"energy":16,"posx":17,"posy":4,"lastAction":3,"status":0}],"golds":[{"posx":7,"posy":0,"amount":300},{"posx":19,"posy":4,"amount":450},{"posx":17,"posy":7,"amount":150},{"posx":20,"posy":7,"amount":50}],"changedObstacles":[]},{"players":[{"playerId":2344466,"score":2001,"energy":6,"posx":18,"posy":4,"lastAction":1,"status":0},{"playerId":2410245,"score":1801,"energy":3,"posx":19,"posy":4,"lastAction":5,"status":0},{"playerId":2636282,"score":2092,"energy":7,"posx":19,"posy":4,"lastAction":5,"status":0},{"playerId":2483603,"score":1709,"energy":15,"posx":18,"posy":4,"lastAction":1,"status":0}],"golds":[{"posx":7,"posy":0,"amount":300},{"posx":19,"posy":4,"amount":350},{"posx":17,"posy":7,"amount":150},{"posx":20,"posy":7,"amount":50}],"changedObstacles":[]},{"players":[{"playerId":2344466,"score":2001,"energy":2,"posx":19,"posy":4,"lastAction":1,"status":0},{"playerId":2410245,"score":1801,"energy":15,"posx":19,"posy":4,"lastAction":4,"status":0},{"playerId":2636282,"score":2142,"energy":2,"posx":19,"posy":4,"lastAction":5,"status":0},{"playerId":2483603,"score":1709,"energy":11,"posx":19,"posy":4,"lastAction":1,"status":0}],"golds":[{"posx":7,"posy":0,"amount":300},{"posx":19,"posy":4,"amount":300},{"posx":17,"posy":7,"amount":150},{"posx":20,"posy":7,"amount":50}],"changedObstacles":[]},{"players":[{"playerId":2344466,"score":2001,"energy":14,"posx":19,"posy":4,"lastAction":4,"status":0},{"playerId":2410245,"score":1851,"energy":10,"posx":19,"posy":4,"lastAction":5,"status":0},{"playerId":2636282,"score":2142,"energy":14,"posx":19,"posy":4,"lastAction":4,"status":0},{"playerId":2483603,"score":1759,"energy":6,"posx":19,"posy":4,"lastAction":5,"status":0}],"golds":[{"posx":7,"posy":0,"amount":300},{"posx":19,"posy":4,"amount":200},{"posx":17,"posy":7,"amount":150},{"posx":20,"posy":7,"amount":50}],"changedObstacles":[]},{"players":[{"playerId":2344466,"score":2001,"energy":30,"posx":19,"posy":4,"lastAction":4,"status":0},{"playerId":2410245,"score":1901,"energy":5,"posx":19,"posy":4,"lastAction":5,"status":0},{"playerId":2636282,"score":2192,"energy":9,"posx":19,"posy":4,"lastAction":5,"status":0},{"playerId":2483603,"score":1809,"energy":1,"posx":19,"posy":4,"lastAction":5,"status":0}],"golds":[{"posx":7,"posy":0,"amount":300},{"posx":19,"posy":4,"amount":50},{"posx":17,"posy":7,"amount":150},{"posx":20,"posy":7,"amount":50}],"changedObstacles":[]},{"players":[{"playerId":2344466,"score":2001,"energy":50,"posx":19,"posy":4,"lastAction":4,"status":0},{"playerId":2410245,"score":1901,"energy":17,"posx":19,"posy":4,"lastAction":4,"status":0},{"playerId":2636282,"score":2242,"energy":4,"posx":19,"posy":4,"lastAction":5,"status":0},{"playerId":2483603,"score":1809,"energy":13,"posx":19,"posy":4,"lastAction":4,"status":0}],"golds":[{"posx":7,"posy":0,"amount":300},{"posx":17,"posy":7,"amount":150},{"posx":20,"posy":7,"amount":50}],"changedObstacles":[{"type":0,"posx":19,"posy":4,"value":-1}]},{"players":[{"playerId":2344466,"score":2001,"energy":49,"posx":18,"posy":4,"lastAction":0,"status":0},{"playerId":2410245,"score":1901,"energy":16,"posx":18,"posy":4,"lastAction":0,"status":0},{"playerId":2636282,"score":2242,"energy":3,"posx":18,"posy":4,"lastAction":0,"status":0},{"playerId":2483603,"score":1809,"energy":29,"posx":19,"posy":4,"lastAction":4,"status":0}],"golds":[{"posx":7,"posy":0,"amount":300},{"posx":17,"posy":7,"amount":150},{"posx":20,"posy":7,"amount":50}],"changedObstacles":[]},{"players":[{"playerId":2344466,"score":2001,"energy":48,"posx":17,"posy":4,"lastAction":0,"status":0},{"playerId":2410245,"score":1901,"energy":15,"posx":17,"posy":4,"lastAction":0,"status":0},{"playerId":2636282,"score":2242,"energy":2,"posx":17,"posy":4,"lastAction":0,"status":0},{"playerId":2483603,"score":1809,"energy":28,"posx":19,"posy":5,"lastAction":3,"status":0}],"golds":[{"posx":7,"posy":0,"amount":300},{"posx":17,"posy":7,"amount":150},{"posx":20,"posy":7,"amount":50}],"changedObstacles":[]},{"players":[{"playerId":2344466,"score":2001,"energy":47,"posx":17,"posy":5,"lastAction":3,"status":0},{"playerId":2410245,"score":1901,"energy":14,"posx":17,"posy":5,"lastAction":3,"status":0},{"playerId":2636282,"score":2242,"energy":1,"posx":17,"posy":5,"lastAction":3,"status":0},{"playerId":2483603,"score":1809,"energy":18,"posx":19,"posy":6,"lastAction":3,"status":0}],"golds":[{"posx":7,"posy":0,"amount":300},{"posx":17,"posy":7,"amount":150},{"posx":20,"posy":7,"amount":50}],"changedObstacles":[{"type":0,"posx":19,"posy":6,"value":-1}]},{"players":[{"playerId":2344466,"score":2001,"energy":37,"posx":17,"posy":6,"lastAction":3,"status":0},{"playerId":2410245,"score":1901,"energy":4,"posx":17,"posy":6,"lastAction":3,"status":0},{"playerId":2636282,"score":2242,"energy":13,"posx":17,"posy":5,"lastAction":4,"status":0},{"playerId":2483603,"score":1809,"energy":8,"posx":19,"posy":7,"lastAction":3,"status":0}],"golds":[{"posx":7,"posy":0,"amount":300},{"posx":17,"posy":7,"amount":150},{"posx":20,"posy":7,"amount":50}],"changedObstacles":[{"type":0,"posx":17,"posy":6,"value":-1},{"type":0,"posx":19,"posy":7,"value":-1}]},{"players":[{"playerId":2344466,"score":2001,"energy":33,"posx":17,"posy":7,"lastAction":3,"status":0},{"playerId":2410245,"score":1901,"energy":16,"posx":17,"posy":6,"lastAction":4,"status":0},{"playerId":2636282,"score":2242,"energy":29,"posx":17,"posy":5,"lastAction":4,"status":0},{"playerId":2483603,"score":1809,"energy":4,"posx":20,"posy":7,"lastAction":1,"status":0}],"golds":[{"posx":7,"posy":0,"amount":300},{"posx":17,"posy":7,"amount":150},{"posx":20,"posy":7,"amount":50}],"changedObstacles":[]},{"players":[{"playerId":2344466,"score":2051,"energy":28,"posx":17,"posy":7,"lastAction":5,"status":0},{"playerId":2410245,"score":1901,"energy":12,"posx":17,"posy":7,"lastAction":3,"status":0},{"playerId":2636282,"score":2242,"energy":28,"posx":17,"posy":6,"lastAction":3,"status":0},{"playerId":2483603,"score":1809,"energy":16,"posx":20,"posy":7,"lastAction":4,"status":0}],"golds":[{"posx":7,"posy":0,"amount":300},{"posx":17,"posy":7,"amount":100},{"posx":20,"posy":7,"amount":50}],"changedObstacles":[]},{"players":[{"playerId":2344466,"score":2101,"energy":23,"posx":17,"posy":7,"lastAction":5,"status":0},{"playerId":2410245,"score":1951,"energy":7,"posx":17,"posy":7,"lastAction":5,"status":0},{"playerId":2636282,"score":2242,"energy":24,"posx":17,"posy":7,"lastAction":3,"status":0},{"playerId":2483603,"score":1809,"energy":32,"posx":20,"posy":7,"lastAction":4,"status":0}],"golds":[{"posx":7,"posy":0,"amount":300},{"posx":20,"posy":7,"amount":50}],"changedObstacles":[{"type":0,"posx":17,"posy":7,"value":-1}]},{"players":[{"playerId":2344466,"score":2101,"energy":22,"posx":17,"posy":6,"lastAction":2,"status":0},{"playerId":2410245,"score":1951,"energy":6,"posx":17,"posy":6,"lastAction":2,"status":0},{"playerId":2636282,"score":2242,"energy":23,"posx":17,"posy":6,"lastAction":2,"status":0},{"playerId":2483603,"score":1859,"energy":27,"posx":20,"posy":7,"lastAction":5,"status":0}],"golds":[{"posx":7,"posy":0,"amount":300}],"changedObstacles":[{"type":0,"posx":20,"posy":7,"value":-1}]}]