[{"players":[{"playerId":67457,"score":0,"energy":49,"posx":3,"posy":6,"lastAction":1,"status":0},{"playerId":2344466,"score":0,"energy":42,"posx":2,"posy":5,"lastAction":2,"status":0},{"playerId":2410245,"score":0,"energy":49,"posx":3,"posy":6,"lastAction":1,"status":0},{"playerId":2534350,"score":0,"energy":49,"posx":3,"posy":6,"lastAction":1,"status":0}],"golds":[{"posx":10,"posy":5,"amount":300},{"posx":13,"posy":4,"amount":100},{"posx":7,"posy":0,"amount":300},{"posx":1,"posy":3,"amount":350},{"posx":10,"posy":8,"amount":700},{"posx":17,"posy":7,"amount":150},{"posx":8,"posy":5,"amount":600},{"posx":19,"posy":4,"amount":700},{"posx":4,"posy":8,"amount":750},{"posx":17,"posy":1,"amount":700},{"posx":10,"posy":6,"amount":750},{"posx":1,"posy":4,"amount":200},{"posx":12,"posy":2,"amount":550},{"posx":16,"posy":3,"amount":450},{"posx":2,"posy":4,"amount":250},{"posx":11,"posy":5,"amount":700},{"posx":12,"posy":1,"amount":100},{"posx":20,"posy":7,"amount":50},{"posx":3,"posy":4,"amount":350},{"posx":11,"posy":1,"amount":400}],"changedObstacles":[]},{"players":[{"playerId":67457,"score":0,"energy":44,"posx":3,"posy":5,"lastAction":2,"status":0},{"playerId":2344466,"score":0,"energy":38,"posx":2,"posy":4,"lastAction":2,"status":0},{"playerId":2410245,"score":0,"energy":48,"posx":3,"posy":7,"lastAction":3,"status":0},{"playerId":2534350,"score":0,"energy":39,"posx":4,"posy":6,"lastAction":1,"status":0}],"golds":[{"posx":10,"posy":5,"amount":300},{"posx":13,"posy":4,"amount":100},{"posx":7,"posy":0,"amount":300},{"posx":1,"posy":3,"amount":350},{"posx":10,"posy":8,"amount":700},{"posx":17,"posy":7,"amount":150},{"posx":8,"posy":5,"amount":600},{"posx":19,"posy":4,"amount":700},{"posx":4,"posy":8,"amount":750},{"posx":17,"posy":1,"amount":700},{"posx":10,"posy":6,"amount":750},{"posx":1,"posy":4,"amount":200},{"posx":12,"posy":2,"amount":550},{"posx":16,"posy":3,"amount":450},{"posx":2,"posy":4,"amount":250},{"posx":11,"posy":5,"amount":700},{"posx":12,"posy":1,"amount":100},{"posx":20,"posy":7,"amount":50},{"posx":3,"posy":4,"amount":350},{"posx":11,"posy":1,"amount":400}],"changedObstacles":[{"type":3,"posx":3,"posy":5,"value":-20},{"type":0,"posx":4,"posy":6,"value":-1}]},{"players":[{"playerId":67457,"score":0,"energy":40,"posx":3,"posy":4,"lastAction":2,"status":0},{"playerId":2344466,"score":50,"energy":33,"posx":2,"posy":4,"lastAction":5,"status":0},{"playerId":2410245,"score":0,"energy":47,"posx":3,"posy":8,"lastAction":3,"status":0},{"playerId":2534350,"score":0,"energy":22,"posx":5,"posy":6,"lastAction":1,"status":0}],"golds":[{"posx":7,"posy":0,"amount":300},{"posx":11,"posy":1,"amount":400},{"posx":12,"posy":1,"amount":100},{"posx":17,"posy":1,"amount":700},{"posx":12,"posy":2,"amount":550},{"posx":1,"posy":3,"amount":350},{"posx":16,"posy":3,"amount":450},{"posx":1,"posy":4,"amount":200},{"posx":2,"posy":4,"amount":200},{"posx":3,"posy":4,"amount":350},{"posx":13,"posy":4,"amount":100},{"posx":19,"posy":4,"amount":700},{"posx":8,"posy":5,"amount":600},{"posx":10,"posy":5,"amount":300},{"posx":11,"posy":5,"amount":700},{"posx":10,"posy":6,"amount":750},{"posx":17,"posy":7,"amount":150},{"posx":20,"posy":7,"amount":50},{"posx":4,"posy":8,"amount":750},{"posx":10,"posy":8,"amount":700}],"changedObstacles":[]},{"players":[{"playerId":67457,"score":50,"energy":35,"posx":3,"posy":4,"lastAction":5,"status":0},{"playerId":2344466,"score":100,"energy":28,"posx":2,"posy":4,"lastAction":5,"status":0},{"playerId":2410245,"score":0,"energy":43,"posx":4,"posy":8,"lastAction":1,"status":0},{"playerId":2534350,"score":0,"energy":17,"posx":6,"posy":6,"lastAction":1,"status":0}],"golds":[{"posx":7,"posy":0,"amount":300},{"posx":11,"posy":1,"amount":400},{"posx":12,"posy":1,"amount":100},{"posx":17,"posy":1,"amount":700},{"posx":12,"posy":2,"amount":550},{"posx":1,"posy":3,"amount":350},{"posx":16,"posy":3,"amount":450},{"posx":1,"posy":4,"amount":200},{"posx":2,"posy":4,"amount":150},{"posx":3,"posy":4,"amount":300},{"posx":13,"posy":4,"amount":100},{"posx":19,"posy":4,"amount":700},{"posx":8,"posy":5,"amount":600},{"posx":10,"posy":5,"amount":300},{"posx":11,"posy":5,"amount":700},{"posx":10,"posy":6,"amount":750},{"posx":17,"posy":7,"amount":150},{"posx":20,"posy":7,"amount":50},{"posx":4,"posy":8,"amount":750},{"posx":10,"posy":8,"amount":700}],"changedObstacles":[{"type":3,"posx":6,"posy":6,"value":-20}]},{"players":[{"playerId":67457,"score":100,"energy":30,"posx":3,"posy":4,"lastAction":5,"status":0},{"playerId":2344466,"score":150,"energy":23,"posx":2,"posy":4,"lastAction":5,"status":0},{"playerId":2410245,"score":50,"energy":38,"posx":4,"posy":8,"lastAction":5,"status":0},{"playerId":2534350,"score":0,"energy":29,"posx":6,"posy":6,"lastAction":4,"status":0}],"golds":[{"posx":7,"posy":0,"amount":300},{"posx":11,"posy":1,"amount":400},{"posx":12,"posy":1,"amount":100},{"posx":17,"posy":1,"amount":700},{"posx":12,"posy":2,"amount":550},{"posx":1,"posy":3,"amount":350},{"posx":16,"posy":3,"amount":450},{"posx":1,"posy":4,"amount":200},{"posx":2,"posy":4,"amount":100},{"posx":3,"posy":4,"amount":250},{"posx":13,"posy":4,"amount":100},{"posx":19,"posy":4,"amount":700},{"posx":8,"posy":5,"amount":600},{"posx":10,"posy":5,"amount":300},{"posx":11,"posy":5,"amount":700},{"posx":10,"posy":6,"amount":750},{"posx":17,"posy":7,"amount":150},{"posx":20,"posy":7,"amount":50},{"posx":4,"posy":8,"amount":700},{"posx":10,"posy":8,"amount":700}],"changedObstacles":[]},{"players":[{"playerId":67457,"score":150,"energy":25,"posx":3,"posy":4,"lastAction":5,"status":0},{"playerId":2344466,"score":200,"energy":18,"posx":2,"posy":4,"lastAction":5,"status":0},{"playerId":2410245,"score":100,"energy":33,"posx":4,"posy":8,"lastAction":5,"status":0},{"playerId":2534350,"score":0,"energy":24,"posx":7,"posy":6,"lastAction":1,"status":0}],"golds":[{"posx":7,"posy":0,"amount":300},{"posx":11,"posy":1,"amount":400},{"posx":12,"posy":1,"amount":100},{"posx":17,"posy":1,"amount":700},{"posx":12,"posy":2,"amount":550},{"posx":1,"posy":3,"amount":350},{"posx":16,"posy":3,"amount":450},{"posx":1,"posy":4,"amount":200},{"posx":2,"posy":4,"amount":50},{"posx":3,"posy":4,"amount":200},{"posx":13,"posy":4,"amount":100},{"posx":19,"posy":4,"amount":700},{"posx":8,"posy":5,"amount":600},{"posx":10,"posy":5,"amount":300},{"posx":11,"posy":5,"amount":700},{"posx":10,"posy":6,"amount":750},{"posx":17,"posy":7,"amount":150},{"posx":20,"posy":7,"amount":50},{"posx":4,"posy":8,"amount":650},{"posx":10,"posy":8,"amount":700}],"changedObstacles":[{"type":3,"posx":7,"posy":6,"value":-20}]},{"players":[{"playerId":67457,"score":200,"energy":20,"posx":3,"posy":4,"lastAction":5,"status":0},{"playerId":2344466,"score":250,"energy":13,"posx":2,"posy":4,"lastAction":5,"status":0},{"playerId":2410245,"score":150,"energy":28,"posx":4,"posy":8,"lastAction":5,"status":0},{"playerId":2534350,"score":0,"energy":19,"posx":8,"posy":6,"lastAction":1,"status":0}],"golds":[{"posx":7,"posy":0,"amount":300},{"posx":11,"posy":1,"amount":400},{"posx":12,"posy":1,"amount":100},{"posx":17,"posy":1,"amount":700},{"posx":12,"posy":2,"amount":550},{"posx":1,"posy":3,"amount":350},{"posx":16,"posy":3,"amount":450},{"posx":1,"posy":4,"amount":200},{"posx":3,"posy":4,"amount":150},{"posx":13,"posy":4,"amount":100},{"posx":19,"posy":4,"amount":700},{"posx":8,"posy":5,"amount":600},{"posx":10,"posy":5,"amount":300},{"posx":11,"posy":5,"amount":700},{"posx":10,"posy":6,"amount":750},{"posx":17,"posy":7,"amount":150},{"posx":20,"posy":7,"amount":50},{"posx":4,"posy":8,"amount":600},{"posx":10,"posy":8,"amount":700}],"changedObstacles":[{"type":3,"posx":8,"posy":6,"value":-20},{"type":0,"posx":2,"posy":4,"value":-1}]},{"players":[{"playerId":67457,"score":250,"energy":15,"posx":3,"posy":4,"lastAction":5,"status":0},{"playerId":2344466,"score":250,"energy":9,"posx":1,"posy":4,"lastAction":0,"status":0},{"playerId":2410245,"score":200,"energy":23,"posx":4,"posy":8,"lastAction":5,"status":0},{"playerId":2534350,"score":0,"energy":31,"posx":8,"posy":6,"lastAction":4,"status":0}],"golds":[{"posx":7,"posy":0,"amount":300},{"posx":11,"posy":1,"amount":400},{"posx":12,"posy":1,"amount":100},{"posx":17,"posy":1,"amount":700},{"posx":12,"posy":2,"amount":550},{"posx":1,"posy":3,"amount":350},{"posx":16,"posy":3,"amount":450},{"posx":1,"posy":4,"amount":200},{"posx":3,"posy":4,"amount":100},{"posx":13,"posy":4,"amount":100},{"posx":19,"posy":4,"amount":700},{"posx":8,"posy":5,"amount":600},{"posx":10,"posy":5,"amount":300},{"posx":11,"posy":5,"amount":700},{"posx":10,"posy":6,"amount":750},{"posx":17,"posy":7,"amount":150},{"posx":20,"posy":7,"amount":50},{"posx":4,"posy":8,"amount":550},{"posx":10,"posy":8,"amount":700}],"changedObstacles":[]},{"players":[{"playerId":67457,"score":300,"energy":10,"posx":3,"posy":4,"lastAction":5,"status":0},{"playerId":2344466,"score":300,"energy":4,"posx":1,"posy":4,"lastAction":5,"status":0},{"playerId":2410245,"score":250,"energy":18,"posx":4,"posy":8,"lastAction":5,"status":0},{"playerId":2534350,"score":0,"energy":26,"posx":9,"posy":6,"lastAction":1,"status":0}],"golds":[{"posx":7,"posy":0,"amount":300},{"posx":11,"posy":1,"amount":400},{"posx":12,"posy":1,"amount":100},{"posx":17,"posy":1,"amount":700},{"posx":12,"posy":2,"amount":550},{"posx":1,"posy":3,"amount":350},{"posx":16,"posy":3,"amount":450},{"posx":1,"posy":4,"amount":150},{"posx":3,"posy":4,"amount":50},{"posx":13,"posy":4,"amount":100},{"posx":19,"posy":4,"amount":700},{"posx":8,"posy":5,"amount":600},{"posx":10,"posy":5,"amount":300},{"posx":11,"posy":5,"amount":700},{"posx":10,"posy":6,"amount":750},{"posx":17,"posy":7,"amount":150},{"posx":20,"posy":7,"amount":50},{"posx":4,"posy":8,"amount":500},{"posx":10,"posy":8,"amount":700}],"changedObstacles":[{"type":3,"posx":9,"posy":6,"value":-20}]},{"players":[{"playerId":67457,"score":350,"energy":5,"posx":3,"posy":4,"lastAction":5,"status":0},{"playerId":2344466,"score":300,"energy":16,"posx":1,"posy":4,"lastAction":4,"status":0},{"playerId":2410245,"score":300,"energy":13,"posx":4,"posy":8,"lastAction":5,"status":0},{"playerId":2534350,"score":0,"energy":22,"posx":10,"posy":6,"lastAction":1,"status":0}],"golds":[{"posx":7,"posy":0,"amount":300},{"posx":11,"posy":1,"amount":400},{"posx":12,"posy":1,"amount":100},{"posx":17,"posy":1,"amount":700},{"posx":12,"posy":2,"amount":550},{"posx":1,"posy":3,"amount":350},{"posx":16,"posy":3,"amount":450},{"posx":1,"posy":4,"amount":150},{"posx":13,"posy":4,"amount":100},{"posx":19,"posy":4,"amount":700},{"posx":8,"posy":5,"amount":600},{"posx":10,"posy":5,"amount":300},{"posx":11,"posy":5,"amount":700},{"posx":10,"posy":6,"amount":750},{"posx":17,"posy":7,"amount":150},{"posx":20,"posy":7,"amount":50},{"posx":4,"posy":8,"amount":450},{"posx":10,"posy":8,"amount":700}],"changedObstacles":[{"type":0,"posx":3,"posy":4,"value":-1}]},{"players":[{"playerId":67457,"score":350,"energy":4,"posx":2,"posy":4,"lastAction":0,"status":0},{"playerId":2344466,"score":300,"energy":32,"posx":1,"posy":4,"lastAction":4,"status":0},{"playerId":2410245,"score":350,"energy":8,"posx":4,"posy":8,"lastAction":5,"status":0},{"playerId":2534350,"score":50,"energy":17,"posx":10,"posy":6,"lastAction":5,"status":0}],"golds":[{"posx":7,"posy":0,"amount":300},{"posx":11,"posy":1,"amount":400},{"posx":12,"posy":1,"amount":100},{"posx":17,"posy":1,"amount":700},{"posx":12,"posy":2,"amount":550},{"posx":1,"posy":3,"amount":350},{"posx":16,"posy":3,"amount":450},{"posx":1,"posy":4,"amount":150},{"posx":13,"posy":4,"amount":100},{"posx":19,"posy":4,"amount":700},{"posx":8,"posy":5,"amount":600},{"posx":10,"posy":5,"amount":300},{"posx":11,"posy":5,"amount":700},{"posx":10,"posy":6,"amount":700},{"posx":17,"posy":7,"amount":150},{"posx":20,"posy":7,"amount":50},{"posx":4,"posy":8,"amount":400},{"posx":10,"posy":8,"amount":700}],"changedObstacles":[]},{"players":[{"playerId":67457,"score":350,"energy":16,"posx":2,"posy":4,"lastAction":4,"status":0},{"playerId":2344466,"score":300,"energy":50,"posx":1,"posy":4,"lastAction":4,"status":0},{"playerId":2410245,"score":400,"energy":3,"posx":4,"posy":8,"lastAction":5,"status":0},{"playerId":2534350,"score":100,"energy":12,"posx":10,"posy":6,"lastAction":5,"status":0}],"golds":[{"posx":7,"posy":0,"amount":300},{"posx":11,"posy":1,"amount":400},{"posx":12,"posy":1,"amount":100},{"posx":17,"posy":1,"amount":700},{"posx":12,"posy":2,"amount":550},{"posx":1,"posy":3,"amount":350},{"posx":16,"posy":3,"amount":450},{"posx":1,"posy":4,"amount":150},{"posx":13,"posy":4,"amount":100},{"posx":19,"posy":4,"amount":700},{"posx":8,"posy":5,"amount":600},{"posx":10,"posy":5,"amount":300},{"posx":11,"posy":5,"amount":700},{"posx":10,"posy":6,"amount":650},{"posx":17,"posy":7,"amount":150},{"posx":20,"posy":7,"amount":50},{"posx":4,"posy":8,"amount":350},{"posx":10,"posy":8,"amount":700}],"changedObstacles":[]},{"players":[{"playerId":67457,"score":350,"energy":32,"posx":2,"posy":4,"lastAction":4,"status":0},{"playerId":2344466,"score":350,"energy":45,"posx":1,"posy":4,"lastAction":5,"status":0},{"playerId":2410245,"score":400,"energy":15,"posx":4,"posy":8,"lastAction":4,"status":0},{"playerId":2534350,"score":150,"energy":7,"posx":10,"posy":6,"lastAction":5,"status":0}],"golds":[{"posx":7,"posy":0,"amount":300},{"posx":11,"posy":1,"amount":400},{"posx":12,"posy":1,"amount":100},{"posx":17,"posy":1,"amount":700},{"posx":12,"posy":2,"amount":550},{"posx":1,"posy":3,"amount":350},{"posx":16,"posy":3,"amount":450},{"posx":1,"posy":4,"amount":100},{"posx":13,"posy":4,"amount":100},{"posx":19,"posy":4,"amount":700},{"posx":8,"posy":5,"amount":600},{"posx":10,"posy":5,"amount":300},{"posx":11,"posy":5,"amount":700},{"posx":10,"posy":6,"amount":600},{"posx":17,"posy":7,"amount":150},{"posx":20,"posy":7,"amount":50},{"posx":4,"posy":8,"amount":350},{"posx":10,"posy":8,"amount":700}],"changedObstacles":[]},{"players":[{"playerId":67457,"score":350,"energy":50,"posx":2,"posy":4,"lastAction":4,"status":0},{"playerId":2344466,"score":400,"energy":40,"posx":1,"posy":4,"lastAction":5,"status":0},{"playerId":2410245,"score":450,"energy":10,"posx":4,"posy":8,"lastAction":5,"status":0},{"playerId":2534350,"score":200,"energy":2,"posx":10,"posy":6,"lastAction":5,"status":0}],"golds":[{"posx":7,"posy":0,"amount":300},{"posx":11,"posy":1,"amount":400},{"posx":12,"posy":1,"amount":100},{"posx":17,"posy":1,"amount":700},{"posx":12,"posy":2,"amount":550},{"posx":1,"posy":3,"amount":350},{"posx":16,"posy":3,"amount":450},{"posx":1,"posy":4,"amount":50},{"posx":13,"posy":4,"amount":100},{"posx":19,"posy":4,"amount":700},{"posx":8,"posy":5,"amount":600},{"posx":10,"posy":5,"amount":300},{"posx":11,"posy":5,"amount":700},{"posx":10,"posy":6,"amount":550},{"posx":17,"posy":7,"amount":150},{"posx":20,"posy":7,"amount":50},{"posx":4,"posy":8,"amount":300},{"posx":10,"posy":8,"amount":700}],"changedObstacles":[]},{"players":[{"playerId":67457,"score":350,"energy":46,"posx":1,"posy":4,"lastAction":0,"status":0},{"playerId":2344466,"score":450,"energy":35,"posx":1,"posy":4,"lastAction":5,"status":0},{"playerId":2410245,"score":500,"energy":5,"posx":4,"posy":8,"lastAction":5,"status":0},{"playerId":2534350,"score":200,"energy":14,"posx":10,"posy":6,"lastAction":4,"status":0}],"golds":[{"posx":7,"posy":0,"amount":300},{"posx":11,"posy":1,"amount":400},{"posx":12,"posy":1,"amount":100},{"posx":17,"posy":1,"amount":700},{"posx":12,"posy":2,"amount":550},{"posx":1,"posy":3,"amount":350},{"posx":16,"posy":3,"amount":450},{"posx":13,"posy":4,"amount":100},{"posx":19,"posy":4,"amount":700},{"posx":8,"posy":5,"amount":600},{"posx":10,"posy":5,"amount":300},{"posx":11,"posy":5,"amount":700},{"posx":10,"posy":6,"amount":550},{"posx":17,"posy":7,"amount":150},{"posx":20,"posy":7,"amount":50},{"posx":4,"posy":8,"amount":250},{"posx":10,"posy":8,"amount":700}],"changedObstacles":[{"type":0,"posx":1,"posy":4,"value":-1}]},{"players":[{"playerId":67457,"score":350,"energy":42,"posx":1,"posy":3,"lastAction":2,"status":0},{"playerId":2344466,"score":450,"energy":31,"posx":1,"posy":3,"lastAction":2,"status":0},{"playerId":2410245,"score":500,"energy":17,"posx":4,"posy":8,"lastAction":4,"status":0},{"playerId":2534350,"score":250,"energy":9,"posx":10,"posy":6,"lastAction":5,"status":0}],"golds":[{"posx":7,"posy":0,"amount":300},{"posx":11,"posy":1,"amount":400},{"posx":12,"posy":1,"amount":100},{"posx":17,"posy":1,"amount":700},{"posx":12,"posy":2,"amount":550},{"posx":1,"posy":3,"amount":350},{"posx":16,"posy":3,"amount":450},{"posx":13,"posy":4,"amount":100},{"posx":19,"posy":4,"amount":700},{"posx":8,"posy":5,"amount":600},{"posx":10,"posy":5,"amount":300},{"posx":11,"posy":5,"amount":700},{"posx":10,"posy":6,"amount":500},{"posx":17,"posy":7,"amount":150},{"posx":20,"posy":7,"amount":50},{"posx":4,"posy":8,"amount":250},{"posx":10,"posy":8,"amount":700}],"changedObstacles":[]},{"players":[{"playerId":67457,"score":400,"energy":37,"posx":1,"posy":3,"lastAction":5,"status":0},{"playerId":2344466,"score":500,"energy":26,"posx":1,"posy":3,"lastAction":5,"status":0},{"playerId":2410245,"score":550,"energy":12,"posx":4,"posy":8,"lastAction":5,"status":0},{"playerId":2534350,"score":300,"energy":4,"posx":10,"posy":6,"lastAction":5,"status":0}],"golds":[{"posx":7,"posy":0,"amount":300},{"posx":11,"posy":1,"amount":400},{"posx":12,"posy":1,"amount":100},{"posx":17,"posy":1,"amount":700},{"posx":12,"posy":2,"amount":550},{"posx":1,"posy":3,"amount":250},{"posx":16,"posy":3,"amount":450},{"posx":13,"posy":4,"amount":100},{"posx":19,"posy":4,"amount":700},{"posx":8,"posy":5,"amount":600},{"posx":10,"posy":5,"amount":300},{"posx":11,"posy":5,"amount":700},{"posx":10,"posy":6,"amount":450},{"posx":17,"posy":7,"amount":150},{"posx":20,"posy":7,"amount":50},{"posx":4,"posy":8,"amount":200},{"posx":10,"posy":8,"amount":700}],"changedObstacles":[]},{"players":[{"playerId":67457,"score":450,"energy":32,"posx":1,"posy":3,"lastAction":5,"status":0},{"playerId":2344466,"score":550,"energy":21,"posx":1,"posy":3,"lastAction":5,"status":0},{"playerId":2410245,"score":600,"energy":7,"posx":4,"posy":8,"lastAction":5,"status":0},{"playerId":2534350,"score":300,"energy":16,"posx":10,"posy":6,"lastAction":4,"status":0}],"golds":[{"posx":7,"posy":0,"amount":300},{"posx":11,"posy":1,"amount":400},{"posx":12,"posy":1,"amount":100},{"posx":17,"posy":1,"amount":700},{"posx":12,"posy":2,"amount":550},{"posx":1,"posy":3,"amount":150},{"posx":16,"posy":3,"amount":450},{"posx":13,"posy":4,"amount":100},{"posx":19,"posy":4,"amount":700},{"posx":8,"posy":5,"amount":600},{"posx":10,"posy":5,"amount":300},{"posx":11,"posy":5,"amount":700},{"posx":10,"posy":6,"amount":450},{"posx":17,"posy":7,"amount":150},{"posx":20,"posy":7,"amount":50},{"posx":4,"posy":8,"amount":150},{"posx":10,"posy":8,"amount":700}],"changedObstacles":[]},{"players":[{"playerId":67457,"score":500,"energy":27,"posx":1,"posy":3,"lastAction":5,"status":0},{"playerId":2344466,"score":600,"energy":16,"posx":1,"posy":3,"lastAction":5,"status":0},{"playerId":2410245,"score":650,"energy":2,"posx":4,"posy":8,"lastAction":5,"status":0},{"playerId":2534350,"score":350,"energy":11,"posx":10,"posy":6,"lastAction":5,"status":0}],"golds":[{"posx":7,"posy":0,"amount":300},{"posx":11,"posy":1,"amount":400},{"posx":12,"posy":1,"amount":100},{"posx":17,"posy":1,"amount":700},{"posx":12,"posy":2,"amount":550},{"posx":1,"posy":3,"amount":50},{"posx":16,"posy":3,"amount":450},{"posx":13,"posy":4,"amount":100},{"posx":19,"posy":4,"amount":700},{"posx":8,"posy":5,"amount":600},{"posx":10,"posy":5,"amount":300},{"posx":11,"posy":5,"amount":700},{"posx":10,"posy":6,"amount":400},{"posx":17,"posy":7,"amount":150},{"posx":20,"posy":7,"amount":50},{"posx":4,"posy":8,"amount":100},{"posx":10,"posy":8,"amount":700}],"changedObstacles":[]},{"players":[{"playerId":67457,"score":500,"energy":22,"posx":2,"posy":3,"lastAction":1,"status":0},{"playerId":2344466,"score":650,"energy":11,"posx":1,"posy":3,"lastAction":5,"status":0},{"playerId":2410245,"score":650,"energy":14,"posx":4,"posy":8,"lastAction":4,"status":0},{"playerId":2534350,"score":400,"energy":6,"posx":10,"posy":6,"lastAction":5,"status":0}],"golds":[{"posx":7,"posy":0,"amount":300},{"posx":11,"posy":1,"amount":400},{"posx":12,"posy":1,"amount":100},{"posx":17,"posy":1,"amount":700},{"posx":12,"posy":2,"amount":550},{"posx":16,"posy":3,"amount":450},{"posx":13,"posy":4,"amount":100},{"posx":19,"posy":4,"amount":700},{"posx":8,"posy":5,"amount":600},{"posx":10,"posy":5,"amount":300},{"posx":11,"posy":5,"amount":700},{"posx":10,"posy":6,"amount":350},{"posx":17,"posy":7,"amount":150},{"posx":20,"posy":7,"amount":50},{"posx":4,"posy":8,"amount":100},{"posx":10,"posy":8,"amount":700}],"changedObstacles":[{"type":3,"posx":2,"posy":3,"value":-20},{"type":0,"posx":1,"posy":3,"value":-1}]},{"players":[{"playerId":67457,"score":500,"energy":21,"posx":2,"posy":4,"lastAction":3,"status":0},{"playerId":2344466,"score":650,"energy":10,"posx":1,"posy":4,"lastAction":3,"status":0},{"playerId":2410245,"score":700,"energy":9,"posx":4,"posy":8,"lastAction":5,"status":0},{"playerId":2534350,"score":450,"energy":1,"posx":10,"posy":6,"lastAction":5,"status":0}],"golds":[{"posx":7,"posy":0,"amount":300},{"posx":11,"posy":1,"amount":400},{"posx":12,"posy":1,"amount":100},{"posx":17,"posy":1,"amount":700},{"posx":12,"posy":2,"amount":550},{"posx":16,"posy":3,"amount":450},{"posx":13,"posy":4,"amount":100},{"posx":19,"posy":4,"amount":700},{"posx":8,"posy":5,"amount":600},{"posx":10,"posy":5,"amount":300},{"posx":11,"posy":5,"amount":700},{"posx":10,"posy":6,"amount":300},{"posx":17,"posy":7,"amount":150},{"posx":20,"posy":7,"amount":50},{"posx":4,"posy":8,"amount":50},{"posx":10,"posy":8,"amount":700}],"changedObstacles":[]},{"players":[{"playerId":67457,"score":500,"energy":20,"posx":3,"posy":4,"lastAction":1,"status":0},{"playerId":2344466,"score":650,"energy":9,"posx":2,"posy":4,"lastAction":1,"status":0},{"playerId":2410245,"score":750,"energy":4,"posx":4,"posy":8,"lastAction":5,"status":0},{"playerId":2534350,"score":450,"energy":13,"posx":10,"posy":6,"lastAction":4,"status":0}],"golds":[{"posx":7,"posy":0,"amount":300},{"posx":11,"posy":1,"amount":400},{"posx":12,"posy":1,"amount":100},{"posx":17,"posy":1,"amount":700},{"posx":12,"posy":2,"amount":550},{"posx":16,"posy":3,"amount":450},{"posx":13,"posy":4,"amount":100},{"posx":19,"posy":4,"amount":700},{"posx":8,"posy":5,"amount":600},{"posx":10,"posy":5,"amount":300},{"posx":11,"posy":5,"amount":700},{"posx":10,"posy":6,"amount":300},{"posx":17,"posy":7,"amount":150},{"posx":20,"posy":7,"amount":50},{"posx":10,"posy":8,"amount":700}],"changedObstacles":[{"type":0,"posx":4,"posy":8,"value":-1}]},{"players":[{"playerId":67457,"score":500,"energy":32,"posx":3,"posy":4,"lastAction":4,"status":0},{"playerId":2344466,"score":650,"energy":8,"posx":3,"posy":4,"lastAction":1,"status":0},{"playerId":2410245,"score":750,"energy":16,"posx":4,"posy":8,"lastAction":4,"status":0},{"playerId":2534350,"score":500,"energy":8,"posx":10,"posy":6,"lastAction":5,"status":0}],"golds":[{"posx":7,"posy":0,"amount":300},{"posx":11,"posy":1,"amount":400},{"posx":12,"posy":1,"amount":100},{"posx":17,"posy":1,"amount":700},{"posx":12,"posy":2,"amount":550},{"posx":16,"posy":3,"amount":450},{"posx":13,"posy":4,"amount":100},{"posx":19,"posy":4,"amount":700},{"posx":8,"posy":5,"amount":600},{"posx":10,"posy":5,"amount":300},{"posx":11,"posy":5,"amount":700},{"posx":10,"posy":6,"amount":250},{"posx":17,"posy":7,"amount":150},{"posx":20,"posy":7,"amount":50},{"posx":10,"posy":8,"amount":700}],"changedObstacles":[]},{"players":[{"playerId":67457,"score":500,"energy":48,"posx":3,"posy":4,"lastAction":4,"status":0},{"playerId":2344466,"score":650,"energy":20,"posx":3,"posy":4,"lastAction":4,"status":0},{"playerId":2410245,"score":750,"energy":6,"posx":5,"posy":8,"lastAction":1,"status":0},{"playerId":2534350,"score":550,"energy":3,"posx":10,"posy":6,"lastAction":5,"status":0}],"golds":[{"posx":7,"posy":0,"amount":300},{"posx":11,"posy":1,"amount":400},{"posx":12,"posy":1,"amount":100},{"posx":17,"posy":1,"amount":700},{"posx":12,"posy":2,"amount":550},{"posx":16,"posy":3,"amount":450},{"posx":13,"posy":4,"amount":100},{"posx":19,"posy":4,"amount":700},{"posx":8,"posy":5,"amount":600},{"posx":10,"posy":5,"amount":300},{"posx":11,"posy":5,"amount":700},{"posx":10,"posy":6,"amount":200},{"posx":17,"posy":7,"amount":150},{"posx":20,"posy":7,"amount":50},{"posx":10,"posy":8,"amount":700}],"changedObstacles":[{"type":0,"posx":5,"posy":8,"value":-1}]},{"players":[{"playerId":67457,"score":500,"energy":38,"posx":4,"posy":4,"lastAction":1,"status":0},{"playerId":2344466,"score":650,"energy":36,"posx":3,"posy":4,"lastAction":4,"status":0},{"playerId":2410245,"score":750,"energy":5,"posx":6,"posy":8,"lastAction":1,"status":0},{"playerId":2534350,"score":550,"energy":15,"posx":10,"posy":6,"lastAction":4,"status":0}],"golds":[{"posx":7,"posy":0,"amount":300},{"posx":11,"posy":1,"amount":400},{"posx":12,"posy":1,"amount":100},{"posx":17,"posy":1,"amount":700},{"posx":12,"posy":2,"amount":550},{"posx":16,"posy":3,"amount":450},{"posx":13,"posy":4,"amount":100},{"posx":19,"posy":4,"amount":700},{"posx":8,"posy":5,"amount":600},{"posx":10,"posy":5,"amount":300},{"posx":11,"posy":5,"amount":700},{"posx":10,"posy":6,"amount":200},{"posx":17,"posy":7,"amount":150},{"posx":20,"posy":7,"amount":50},{"posx":10,"posy":8,"amount":700}],"changedObstacles":[]},{"players":[{"playerId":67457,"score":500,"energy":28,"posx":5,"posy":4,"lastAction":1,"status":0},{"playerId":2344466,"score":650,"energy":50,"posx":3,"posy":4,"lastAction":4,"status":0},{"playerId":2410245,"score":750,"energy":4,"posx":7,"posy":8,"lastAction":1,"status":0},{"playerId":2534350,"score":600,"energy":10,"posx":10,"posy":6,"lastAction":5,"status":0}],"golds":[{"posx":7,"posy":0,"amount":300},{"posx":11,"posy":1,"amount":400},{"posx":12,"posy":1,"amount":100},{"posx":17,"posy":1,"amount":700},{"posx":12,"posy":2,"amount":550},{"posx":16,"posy":3,"amount":450},{"posx":13,"posy":4,"amount":100},{"posx":19,"posy":4,"amount":700},{"posx":8,"posy":5,"amount":600},{"posx":10,"posy":5,"amount":300},{"posx":11,"posy":5,"amount":700},{"posx":10,"posy":6,"amount":150},{"posx":17,"posy":7,"amount":150},{"posx":20,"posy":7,"amount":50},{"posx":10,"posy":8,"amount":700}],"changedObstacles":[{"type":0,"posx":5,"posy":4,"value":-1}]},{"players":[{"playerId":67457,"score":500,"energy":27,"posx":6,"posy":4,"lastAction":1,"status":0},{"playerId":2344466,"score":650,"energy":40,"posx":4,"posy":4,"lastAction":1,"status":0},{"playerId":2410245,"score":750,"energy":16,"posx":7,"posy":8,"lastAction":4,"status":0},{"playerId":2534350,"score":650,"energy":5,"posx":10,"posy":6,"lastAction":5,"status":0}],"golds":[{"posx":7,"posy":0,"amount":300},{"posx":11,"posy":1,"amount":400},{"posx":12,"posy":1,"amount":100},{"posx":17,"posy":1,"amount":700},{"posx":12,"posy":2,"amount":550},{"posx":16,"posy":3,"amount":450},{"posx":13,"posy":4,"amount":100},{"posx":19,"posy":4,"amount":700},{"posx":8,"posy":5,"amount":600},{"posx":10,"posy":5,"amount":300},{"posx":11,"posy":5,"amount":700},{"posx":10,"posy":6,"amount":100},{"posx":17,"posy":7,"amount":150},{"posx":20,"posy":7,"amount":50},{"posx":10,"posy":8,"amount":700}],"changedObstacles":[]},{"players":[{"playerId":67457,"score":500,"energy":22,"posx":7,"posy":4,"lastAction":1,"status":0},{"playerId":2344466,"score":650,"energy":39,"posx":5,"posy":4,"lastAction":1,"status":0},{"playerId":2410245,"score":750,"energy":6,"posx":8,"posy":8,"lastAction":1,"status":0},{"playerId":2534350,"score":650,"energy":17,"posx":10,"posy":6,"lastAction":4,"status":0}],"golds":[{"posx":7,"posy":0,"amount":300},{"posx":11,"posy":1,"amount":400},{"posx":12,"posy":1,"amount":100},{"posx":17,"posy":1,"amount":700},{"posx":12,"posy":2,"amount":550},{"posx":16,"posy":3,"amount":450},{"posx":13,"posy":4,"amount":100},{"posx":19,"posy":4,"amount":700},{"posx":8,"posy":5,"amount":600},{"posx":10,"posy":5,"amount":300},{"posx":11,"posy":5,"amount":700},{"posx":10,"posy":6,"amount":100},{"posx":17,"posy":7,"amount":150},{"posx":20,"posy":7,"amount":50},{"posx":10,"posy":8,"amount":700}],"changedObstacles":[{"type":0,"posx":8,"posy":8,"value":-1},{"type":3,"posx":7,"posy":4,"value":-20}]},{"players":[{"playerId":67457,"score":500,"energy":21,"posx":8,"posy":4,"lastAction":1,"status":0},{"playerId":2344466,"score":650,"energy":38,"posx":5,"posy":5,"lastAction":3,"status":0},{"playerId":2410245,"score":750,"energy":5,"posx":9,"posy":8,"lastAction":1,"status":0},{"playerId":2534350,"score":700,"energy":12,"posx":10,"posy":6,"lastAction":5,"status":0}],"golds":[{"posx":7,"posy":0,"amount":300},{"posx":11,"posy":1,"amount":400},{"posx":12,"posy":1,"amount":100},{"posx":17,"posy":1,"amount":700},{"posx":12,"posy":2,"amount":550},{"posx":16,"posy":3,"amount":450},{"posx":13,"posy":4,"amount":100},{"posx":19,"posy":4,"amount":700},{"posx":8,"posy":5,"amount":600},{"posx":10,"posy":5,"amount":300},{"posx":11,"posy":5,"amount":700},{"posx":10,"posy":6,"amount":50},{"posx":17,"posy":7,"amount":150},{"posx":20,"posy":7,"amount":50},{"posx":10,"posy":8,"amount":700}],"changedObstacles":[]},{"players":[{"playerId":67457,"score":500,"energy":17,"posx":8,"posy":5,"lastAction":3,"status":0},{"playerId":2344466,"score":650,"energy":28,"posx":6,"posy":5,"lastAction":1,"status":0},{"playerId":2410245,"score":750,"energy":1,"posx":10,"posy":8,"lastAction":1,"status":0},{"playerId":2534350,"score":750,"energy":7,"posx":10,"posy":6,"lastAction":5,"status":0}],"golds":[{"posx":7,"posy":0,"amount":300},{"posx":11,"posy":1,"amount":400},{"posx":12,"posy":1,"amount":100},{"posx":17,"posy":1,"amount":700},{"posx":12,"posy":2,"amount":550},{"posx":16,"posy":3,"amount":450},{"posx":13,"posy":4,"amount":100},{"posx":19,"posy":4,"amount":700},{"posx":8,"posy":5,"amount":600},{"posx":10,"posy":5,"amount":300},{"posx":11,"posy":5,"amount":700},{"posx":17,"posy":7,"amount":150},{"posx":20,"posy":7,"amount":50},{"posx":10,"posy":8,"amount":700}],"changedObstacles":[{"type":0,"posx":6,"posy":5,"value":-1},{"type":0,"posx":10,"posy":6,"value":-1}]},{"players":[{"playerId":67457,"score":550,"energy":12,"posx":8,"posy":5,"lastAction":5,"status":0},{"playerId":2344466,"score":650,"energy":27,"posx":7,"posy":5,"lastAction":1,"status":0},{"playerId":2410245,"score":750,"energy":13,"posx":10,"posy":8,"lastAction":4,"status":0},{"playerId":2534350,"score":750,"energy":3,"posx":10,"posy":5,"lastAction":2,"status":0}],"golds":[{"posx":7,"posy":0,"amount":300},{"posx":11,"posy":1,"amount":400},{"posx":12,"posy":1,"amount":100},{"posx":17,"posy":1,"amount":700},{"posx":12,"posy":2,"amount":550},{"posx":16,"posy":3,"amount":450},{"posx":13,"posy":4,"amount":100},{"posx":19,"posy":4,"amount":700},{"posx":8,"posy":5,"amount":550},{"posx":10,"posy":5,"amount":300},{"posx":11,"posy":5,"amount":700},{"posx":17,"posy":7,"amount":150},{"posx":20,"posy":7,"amount":50},{"posx":10,"posy":8,"amount":700}],"changedObstacles":[]},{"players":[{"playerId":67457,"score":600,"energy":7,"posx":8,"posy":5,"lastAction":5,"status":0},{"playerId":2344466,"score":650,"energy":23,"posx":8,"posy":5,"lastAction":1,"status":0},{"playerId":2410245,"score":800,"energy":8,"posx":10,"posy":8,"lastAction":5,"status":0},{"playerId":2534350,"score":750,"energy":15,"posx":10,"posy":5,"lastAction":4,"status":0}],"golds":[{"posx":7,"posy":0,"amount":300},{"posx":11,"posy":1,"amount":400},{"posx":12,"posy":1,"amount":100},{"posx":17,"posy":1,"amount":700},{"posx":12,"posy":2,"amount":550},{"posx":16,"posy":3,"amount":450},{"posx":13,"posy":4,"amount":100},{"posx":19,"posy":4,"amount":700},{"posx":8,"posy":5,"amount":500},{"posx":10,"posy":5,"amount":300},{"posx":11,"posy":5,"amount":700},{"posx":17,"posy":7,"amount":150},{"posx":20,"posy":7,"amount":50},{"posx":10,"posy":8,"amount":650}],"changedObstacles":[]},{"players":[{"playerId":67457,"score":650,"energy":2,"posx":8,"posy":5,"lastAction":5,"status":0},{"playerId":2344466,"score":700,"energy":18,"posx":8,"posy":5,"lastAction":5,"status":0},{"playerId":2410245,"score":850,"energy":3,"posx":10,"posy":8,"lastAction":5,"status":0},{"playerId":2534350,"score":800,"energy":10,"posx":10,"posy":5,"lastAction":5,"status":0}],"golds":[{"posx":7,"posy":0,"amount":300},{"posx":11,"posy":1,"amount":400},{"posx":12,"posy":1,"amount":100},{"posx":17,"posy":1,"amount":700},{"posx":12,"posy":2,"amount":550},{"posx":16,"posy":3,"amount":450},{"posx":13,"posy":4,"amount":100},{"posx":19,"posy":4,"amount":700},{"posx":8,"posy":5,"amount":400},{"posx":10,"posy":5,"amount":250},{"posx":11,"posy":5,"amount":700},{"posx":17,"posy":7,"amount":150},{"posx":20,"posy":7,"amount":50},{"posx":10,"posy":8,"amount":600}],"changedObstacles":[]},{"players":[{"playerId":67457,"score":650,"energy":14,"posx":8,"posy":5,"lastAction":4,"status":0},{"playerId":2344466,"score":750,"energy":13,"posx":8,"posy":5,"lastAction":5,"status":0},{"playerId":2410245,"score":850,"energy":15,"posx":10,"posy":8,"lastAction":4,"status":0},{"playerId":2534350,"score":850,"energy":5,"posx":10,"posy":5,"lastAction":5,"status":0}],"golds":[{"posx":7,"posy":0,"amount":300},{"posx":11,"posy":1,"amount":400},{"posx":12,"posy":1,"amount":100},{"posx":17,"posy":1,"amount":700},{"posx":12,"posy":2,"amount":550},{"posx":16,"posy":3,"amount":450},{"posx":13,"posy":4,"amount":100},{"posx":19,"posy":4,"amount":700},{"posx":8,"posy":5,"amount":350},{"posx":10,"posy":5,"amount":200},{"posx":11,"posy":5,"amount":700},{"posx":17,"posy":7,"amount":150},{"posx":20,"posy":7,"amount":50},{"posx":10,"posy":8,"amount":600}],"changedObstacles":[]},{"players":[{"playerId":67457,"score":700,"energy":9,"posx":8,"posy":5,"lastAction":5,"status":0},{"playerId":2344466,"score":800,"energy":8,"posx":8,"posy":5,"lastAction":5,"status":0},{"playerId":2410245,"score":900,"energy":10,"posx":10,"posy":8,"lastAction":5,"status":0},{"playerId":2534350,"score":850,"energy":17,"posx":10,"posy":5,"lastAction":4,"status":0}],"golds":[{"posx":7,"posy":0,"amount":300},{"posx":11,"posy":1,"amount":400},{"posx":12,"posy":1,"amount":100},{"posx":17,"posy":1,"amount":700},{"posx":12,"posy":2,"amount":550},{"posx":16,"posy":3,"amount":450},{"posx":13,"posy":4,"amount":100},{"posx":19,"posy":4,"amount":700},{"posx":8,"posy":5,"amount":250},{"posx":10,"posy":5,"amount":200},{"posx":11,"posy":5,"amount":700},{"posx":17,"posy":7,"amount":150},{"posx":20,"posy":7,"amount":50},{"posx":10,"posy":8,"amount":550}],"changedObstacles":[]},{"players":[{"playerId":67457,"score":750,"energy":4,"posx":8,"posy":5,"lastAction":5,"status":0},{"playerId":2344466,"score":850,"energy":3,"posx":8,"posy":5,"lastAction":5,"status":0},{"playerId":2410245,"score":950,"energy":5,"posx":10,"posy":8,"lastAction":5,"status":0},{"playerId":2534350,"score":900,"energy":12,"posx":10,"posy":5,"lastAction":5,"status":0}],"golds":[{"posx":7,"posy":0,"amount":300},{"posx":11,"posy":1,"amount":400},{"posx":12,"posy":1,"amount":100},{"posx":17,"posy":1,"amount":700},{"posx":12,"posy":2,"amount":550},{"posx":16,"posy":3,"amount":450},{"posx":13,"posy":4,"amount":100},{"posx":19,"posy":4,"amount":700},{"posx":8,"posy":5,"amount":150},{"posx":10,"posy":5,"amount":150},{"posx":11,"posy":5,"amount":700},{"posx":17,"posy":7,"amount":150},{"posx":20,"posy":7,"amount":50},{"posx":10,"posy":8,"amount":500}],"changedObstacles":[]},{"players":[{"playerId":67457,"score":750,"energy":16,"posx":8,"posy":5,"lastAction":4,"status":0},{"playerId":2344466,"score":850,"energy":15,"posx":8,"posy":5,"lastAction":4,"status":0},{"playerId":2410245,"score":950,"energy":17,"posx":10,"posy":8,"lastAction":4,"status":0},{"playerId":2534350,"score":950,"energy":7,"posx":10,"posy":5,"lastAction":5,"status":0}],"golds":[{"posx":7,"posy":0,"amount":300},{"posx":11,"posy":1,"amount":400},{"posx":12,"posy":1,"amount":100},{"posx":17,"posy":1,"amount":700},{"posx":12,"posy":2,"amount":550},{"posx":16,"posy":3,"amount":450},{"posx":13,"posy":4,"amount":100},{"posx":19,"posy":4,"amount":700},{"posx":8,"posy":5,"amount":150},{"posx":10,"posy":5,"amount":100},{"posx":11,"posy":5,"amount":700},{"posx":17,"posy":7,"amount":150},{"posx":20,"posy":7,"amount":50},{"posx":10,"posy":8,"amount":500}],"changedObstacles":[]},{"players":[{"playerId":67457,"score":800,"energy":11,"posx":8,"posy":5,"lastAction":5,"status":0},{"playerId":2344466,"score":850,"energy":31,"posx":8,"posy":5,"lastAction":4,"status":0},{"playerId":2410245,"score":1000,"energy":12,"posx":10,"posy":8,"lastAction":5,"status":0},{"playerId":2534350,"score":1000,"energy":2,"posx":10,"posy":5,"lastAction":5,"status":0}],"golds":[{"posx":7,"posy":0,"amount":300},{"posx":11,"posy":1,"amount":400},{"posx":12,"posy":1,"amount":100},{"posx":17,"posy":1,"amount":700},{"posx":12,"posy":2,"amount":550},{"posx":16,"posy":3,"amount":450},{"posx":13,"posy":4,"amount":100},{"posx":19,"posy":4,"amount":700},{"posx":8,"posy":5,"amount":100},{"posx":10,"posy":5,"amount":50},{"posx":11,"posy":5,"amount":700},{"posx":17,"posy":7,"amount":150},{"posx":20,"posy":7,"amount":50},{"posx":10,"posy":8,"amount":450}],"changedObstacles":[]},{"players":[{"playerId":67457,"score":850,"energy":6,"posx":8,"posy":5,"lastAction":5,"status":0},{"playerId":2344466,"score":850,"energy":50,"posx":8,"posy":5,"lastAction":4,"status":0},{"playerId":2410245,"score":1050,"energy":7,"posx":10,"posy":8,"lastAction":5,"status":0},{"playerId":2534350,"score":1000,"energy":14,"posx":10,"posy":5,"lastAction":4,"status":0}],"golds":[{"posx":7,"posy":0,"amount":300},{"posx":11,"posy":1,"amount":400},{"posx":12,"posy":1,"amount":100},{"posx":17,"posy":1,"amount":700},{"posx":12,"posy":2,"amount":550},{"posx":16,"posy":3,"amount":450},{"posx":13,"posy":4,"amount":100},{"posx":19,"posy":4,"amount":700},{"posx":8,"posy":5,"amount":50},{"posx":10,"posy":5,"amount":50},{"posx":11,"posy":5,"amount":700},{"posx":17,"posy":7,"amount":150},{"posx":20,"posy":7,"amount":50},{"posx":10,"posy":8,"amount":400}],"changedObstacles":[]},{"players":[{"playerId":67457,"score":850,"energy":1,"posx":9,"posy":5,"lastAction":1,"status":0},{"playerId":2344466,"score":900,"energy":45,"posx":8,"posy":5,"lastAction":5,"status":0},{"playerId":2410245,"score":1100,"energy":2,"posx":10,"posy":8,"lastAction":5,"status":0},{"playerId":2534350,"score":1050,"energy":9,"posx":10,"posy":5,"lastAction":5,"status":0}],"golds":[{"posx":7,"posy":0,"amount":300},{"posx":11,"posy":1,"amount":400},{"posx":12,"posy":1,"amount":100},{"posx":17,"posy":1,"amount":700},{"posx":12,"posy":2,"amount":550},{"posx":16,"posy":3,"amount":450},{"posx":13,"posy":4,"amount":100},{"posx":19,"posy":4,"amount":700},{"posx":11,"posy":5,"amount":700},{"posx":17,"posy":7,"amount":150},{"posx":20,"posy":7,"amount":50},{"posx":10,"posy":8,"amount":350}],"changedObstacles":[{"type":3,"posx":9,"posy":5,"value":-20},{"type":0,"posx":8,"posy":5,"value":-1},{"type":0,"posx":10,"posy":5,"value":-1}]},{"players":[{"playerId":67457,"score":850,"energy":13,"posx":9,"posy":5,"lastAction":4,"status":0},{"playerId":2344466,"score":900,"energy":25,"posx":9,"posy":5,"lastAction":1,"status":0},{"playerId":2410245,"score":1100,"energy":14,"posx":10,"posy":8,"lastAction":4,"status":0},{"playerId":2534350,"score":1050,"energy":5,"posx":11,"posy":5,"lastAction":1,"status":0}],"golds":[{"posx":7,"posy":0,"amount":300},{"posx":11,"posy":1,"amount":400},{"posx":12,"posy":1,"amount":100},{"posx":17,"posy":1,"amount":700},{"posx":12,"posy":2,"amount":550},{"posx":16,"posy":3,"amount":450},{"posx":13,"posy":4,"amount":100},{"posx":19,"posy":4,"amount":700},{"posx":11,"posy":5,"amount":700},{"posx":17,"posy":7,"amount":150},{"posx":20,"posy":7,"amount":50},{"posx":10,"posy":8,"amount":350}],"changedObstacles":[{"type":3,"posx":9,"posy":5,"value":-40}]},{"players":[{"playerId":67457,"score":850,"energy":29,"posx":9,"posy":5,"lastAction":4,"status":0},{"playerId":2344466,"score":900,"energy":24,"posx":10,"posy":5,"lastAction":1,"status":0},{"playerId":2410245,"score":1150,"energy":9,"posx":10,"posy":8,"lastAction":5,"status":0},{"playerId":2534350,"score":1050,"energy":17,"posx":11,"posy":5,"lastAction":4,"status":0}],"golds":[{"posx":7,"posy":0,"amount":300},{"posx":11,"posy":1,"amount":400},{"posx":12,"posy":1,"amount":100},{"posx":17,"posy":1,"amount":700},{"posx":12,"posy":2,"amount":550},{"posx":16,"posy":3,"amount":450},{"posx":13,"posy":4,"amount":100},{"posx":19,"posy":4,"amount":700},{"posx":11,"posy":5,"amount":700},{"posx":17,"posy":7,"amount":150},{"posx":20,"posy":7,"amount":50},{"posx":10,"posy":8,"amount":300}],"changedObstacles":[]},{"players":[{"playerId":67457,"score":850,"energy":50,"posx":9,"posy":5,"lastAction":4,"status":0},{"playerId":2344466,"score":900,"energy":20,"posx":11,"posy":5,"lastAction":1,"status":0},{"playerId":2410245,"score":1200,"energy":4,"posx":10,"posy":8,"lastAction":5,"status":0},{"playerId":2534350,"score":1100,"energy":12,"posx":11,"posy":5,"lastAction":5,"status":0}],"golds":[{"posx":7,"posy":0,"amount":300},{"posx":11,"posy":1,"amount":400},{"posx":12,"posy":1,"amount":100},{"posx":17,"posy":1,"amount":700},{"posx":12,"posy":2,"amount":550},{"posx":16,"posy":3,"amount":450},{"posx":13,"posy":4,"amount":100},{"posx":19,"posy":4,"amount":700},{"posx":11,"posy":5,"amount":650},{"posx":17,"posy":7,"amount":150},{"posx":20,"posy":7,"amount":50},{"posx":10,"posy":8,"amount":250}],"changedObstacles":[]},{"players":[{"playerId":67457,"score":850,"energy":49,"posx":10,"posy":5,"lastAction":1,"status":0},{"playerId":2344466,"score":950,"energy":15,"posx":11,"posy":5,"lastAction":5,"status":0},{"playerId":2410245,"score":1200,"energy":16,"posx":10,"posy":8,"lastAction":4,"status":0},{"playerId":2534350,"score":1150,"energy":7,"posx":11,"posy":5,"lastAction":5,"status":0}],"golds":[{"posx":7,"posy":0,"amount":300},{"posx":11,"posy":1,"amount":400},{"posx":12,"posy":1,"amount":100},{"posx":17,"posy":1,"amount":700},{"posx":12,"posy":2,"amount":550},{"posx":16,"posy":3,"amount":450},{"posx":13,"posy":4,"amount":100},{"posx":19,"posy":4,"amount":700},{"posx":11,"posy":5,"amount":550},{"posx":17,"posy":7,"amount":150},{"posx":20,"posy":7,"amount":50},{"posx":10,"posy":8,"amount":250}],"changedObstacles":[]},{"players":[{"playerId":67457,"score":850,"energy":45,"posx":11,"posy":5,"lastAction":1,"status":0},{"playerId":2344466,"score":1000,"energy":10,"posx":11,"posy":5,"lastAction":5,"status":0},{"playerId":2410245,"score":1250,"energy":11,"posx":10,"posy":8,"lastAction":5,"status":0},{"playerId":2534350,"score":1200,"energy":2,"posx":11,"posy":5,"lastAction":5,"status":0}],"golds":[{"posx":7,"posy":0,"amount":300},{"posx":11,"posy":1,"amount":400},{"posx":12,"posy":1,"amount":100},{"posx":17,"posy":1,"amount":700},{"posx":12,"posy":2,"amount":550},{"posx":16,"posy":3,"amount":450},{"posx":13,"posy":4,"amount":100},{"posx":19,"posy":4,"amount":700},{"posx":11,"posy":5,"amount":450},{"posx":17,"posy":7,"amount":150},{"posx":20,"posy":7,"amount":50},{"posx":10,"posy":8,"amount":200}],"changedObstacles":[]},{"players":[{"playerId":67457,"score":900,"energy":40,"posx":11,"posy":5,"lastAction":5,"status":0},{"playerId":2344466,"score":1050,"energy":5,"posx":11,"posy":5,"lastAction":5,"status":0},{"playerId":2410245,"score":1300,"energy":6,"posx":10,"posy":8,"lastAction":5,"status":0},{"playerId":2534350,"score":1200,"energy":14,"posx":11,"posy":5,"lastAction":4,"status":0}],"golds":[{"posx":7,"posy":0,"amount":300},{"posx":11,"posy":1,"amount":400},{"posx":12,"posy":1,"amount":100},{"posx":17,"posy":1,"amount":700},{"posx":12,"posy":2,"amount":550},{"posx":16,"posy":3,"amount":450},{"posx":13,"posy":4,"amount":100},{"posx":19,"posy":4,"amount":700},{"posx":11,"posy":5,"amount":350},{"posx":17,"posy":7,"amount":150},{"posx":20,"posy":7,"amount":50},{"posx":10,"posy":8,"amount":150}],"changedObstacles":[]},{"players":[{"playerId":67457,"score":950,"energy":35,"posx":11,"posy":5,"lastAction":5,"status":0},{"playerId":2344466,"score":1050,"energy":17,"posx":11,"posy":5,"lastAction":4,"status":0},{"playerId":2410245,"score":1350,"energy":1,"posx":10,"posy":8,"lastAction":5,"status":0},{"playerId":2534350,"score":1250,"energy":9,"posx":11,"posy":5,"lastAction":5,"status":0}],"golds":[{"posx":7,"posy":0,"amount":300},{"posx":11,"posy":1,"amount":400},{"posx":12,"posy":1,"amount":100},{"posx":17,"posy":1,"amount":700},{"posx":12,"posy":2,"amount":550},{"posx":16,"posy":3,"amount":450},{"posx":13,"posy":4,"amount":100},{"posx":19,"posy":4,"amount":700},{"posx":11,"posy":5,"amount":250},{"posx":17,"posy":7,"amount":150},{"posx":20,"posy":7,"amount":50},{"posx":10,"posy":8,"amount":100}],"changedObstacles":[]},{"players":[{"playerId":67457,"score":1000,"energy":30,"posx":11,"posy":5,"lastAction":5,"status":0},{"playerId":2344466,"score":1050,"energy":33,"posx":11,"posy":5,"lastAction":4,"status":0},{"playerId":2410245,"score":1350,"energy":13,"posx":10,"posy":8,"lastAction":4,"status":0},{"playerId":2534350,"score":1300,"energy":4,"posx":11,"posy":5,"lastAction":5,"status":0}],"golds":[{"posx":7,"posy":0,"amount":300},{"posx":11,"posy":1,"amount":400},{"posx":12,"posy":1,"amount":100},{"posx":17,"posy":1,"amount":700},{"posx":12,"posy":2,"amount":550},{"posx":16,"posy":3,"amount":450},{"posx":13,"posy":4,"amount":100},{"posx":19,"posy":4,"amount":700},{"posx":11,"posy":5,"amount":150},{"posx":17,"posy":7,"amount":150},{"posx":20,"posy":7,"amount":50},{"posx":10,"posy":8,"amount":100}],"changedObstacles":[]},{"players":[{"playerId":67457,"score":1050,"energy":25,"posx":11,"posy":5,"lastAction":5,"status":0},{"playerId":2344466,"score":1050,"energy":50,"posx":11,"posy":5,"lastAction":4,"status":0},{"playerId":2410245,"score":1400,"energy":8,"posx":10,"posy":8,"lastAction":5,"status":0},{"playerId":2534350,"score":1300,"energy":16,"posx":11,"posy":5,"lastAction":4,"status":0}],"golds":[{"posx":7,"posy":0,"amount":300},{"posx":11,"posy":1,"amount":400},{"posx":12,"posy":1,"amount":100},{"posx":17,"posy":1,"amount":700},{"posx":12,"posy":2,"amount":550},{"posx":16,"posy":3,"amount":450},{"posx":13,"posy":4,"amount":100},{"posx":19,"posy":4,"amount":700},{"posx":11,"posy":5,"amount":100},{"posx":17,"posy":7,"amount":150},{"posx":20,"posy":7,"amount":50},{"posx":10,"posy":8,"amount":50}],"changedObstacles":[]},{"players":[{"playerId":67457,"score":1050,"energy":24,"posx":12,"posy":5,"lastAction":1,"status":0},{"playerId":2344466,"score":1100,"energy":45,"posx":11,"posy":5,"lastAction":5,"status":0},{"playerId":2410245,"score":1450,"energy":3,"posx":10,"posy":8,"lastAction":5,"status":0},{"playerId":2534350,"score":1350,"energy":11,"posx":11,"posy":5,"lastAction":5,"status":0}],"golds":[{"posx":7,"posy":0,"amount":300},{"posx":11,"posy":1,"amount":400},{"posx":12,"posy":1,"amount":100},{"posx":17,"posy":1,"amount":700},{"posx":12,"posy":2,"amount":550},{"posx":16,"posy":3,"amount":450},{"posx":13,"posy":4,"amount":100},{"posx":19,"posy":4,"amount":700},{"posx":17,"posy":7,"amount":150},{"posx":20,"posy":7,"amount":50}],"changedObstacles":[{"type":0,"posx":11,"posy":5,"value":-1},{"type":0,"posx":10,"posy":8,"value":-1}]},{"players":[{"playerId":67457,"score":1050,"energy":14,"posx":13,"posy":5,"lastAction":1,"status":0},{"playerId":2344466,"score":1100,"energy":44,"posx":11,"posy":4,"lastAction":2,"status":0},{"playerId":2410245,"score":1450,"energy":15,"posx":10,"posy":8,"lastAction":4,"status":0},{"playerId":2534350,"score":1350,"energy":23,"posx":11,"posy":5,"lastAction":4,"status":0}],"golds":[{"posx":7,"posy":0,"amount":300},{"posx":11,"posy":1,"amount":400},{"posx":12,"posy":1,"amount":100},{"posx":17,"posy":1,"amount":700},{"posx":12,"posy":2,"amount":550},{"posx":16,"posy":3,"amount":450},{"posx":13,"posy":4,"amount":100},{"posx":19,"posy":4,"amount":700},{"posx":17,"posy":7,"amount":150},{"posx":20,"posy":7,"amount":50}],"changedObstacles":[]},{"players":[{"playerId":67457,"score":1050,"energy":10,"posx":13,"posy":4,"lastAction":2,"status":0},{"playerId":2344466,"score":1100,"energy":28,"posx":11,"posy":3,"lastAction":2,"status":0},{"playerId":2410245,"score":1450,"energy":10,"posx":10,"posy":7,"lastAction":2,"status":0},{"playerId":2534350,"score":1350,"energy":22,"posx":12,"posy":5,"lastAction":1,"status":0}],"golds":[{"posx":7,"posy":0,"amount":300},{"posx":11,"posy":1,"amount":400},{"posx":12,"posy":1,"amount":100},{"posx":17,"posy":1,"amount":700},{"posx":12,"posy":2,"amount":550},{"posx":16,"posy":3,"amount":450},{"posx":13,"posy":4,"amount":100},{"posx":19,"posy":4,"amount":700},{"posx":17,"posy":7,"amount":150},{"posx":20,"posy":7,"amount":50}],"changedObstacles":[{"type":3,"posx":10,"posy":7,"value":-20}]},{"players":[{"playerId":67457,"score":1100,"energy":5,"posx":13,"posy":4,"lastAction":5,"status":0},{"playerId":2344466,"score":1100,"energy":18,"posx":11,"posy":2,"lastAction":2,"status":0},{"playerId":2410245,"score":1450,"energy":9,"posx":10,"posy":6,"lastAction":2,"status":0},{"playerId":2534350,"score":1350,"energy":2,"posx":13,"posy":5,"lastAction":1,"status":0}],"golds":[{"posx":7,"posy":0,"amount":300},{"posx":11,"posy":1,"amount":400},{"posx":12,"posy":1,"amount":100},{"posx":17,"posy":1,"amount":700},{"posx":12,"posy":2,"amount":550},{"posx":16,"posy":3,"amount":450},{"posx":13,"posy":4,"amount":50},{"posx":19,"posy":4,"amount":700},{"posx":17,"posy":7,"amount":150},{"posx":20,"posy":7,"amount":50}],"changedObstacles":[{"type":0,"posx":11,"posy":2,"value":-1}]},{"players":[{"playerId":67457,"score":1100,"energy":17,"posx":13,"posy":4,"lastAction":4,"status":0},{"playerId":2344466,"score":1100,"energy":14,"posx":11,"posy":1,"lastAction":2,"status":0},{"playerId":2410245,"score":1450,"energy":8,"posx":10,"posy":5,"lastAction":2,"status":0},{"playerId":2534350,"score":1350,"energy":14,"posx":13,"posy":5,"lastAction":4,"status":0}],"golds":[{"posx":7,"posy":0,"amount":300},{"posx":11,"posy":1,"amount":400},{"posx":12,"posy":1,"amount":100},{"posx":17,"posy":1,"amount":700},{"posx":12,"posy":2,"amount":550},{"posx":16,"posy":3,"amount":450},{"posx":13,"posy":4,"amount":50},{"posx":19,"posy":4,"amount":700},{"posx":17,"posy":7,"amount":150},{"posx":20,"posy":7,"amount":50}],"changedObstacles":[]},{"players":[{"playerId":67457,"score":1100,"energy":33,"posx":13,"posy":4,"lastAction":4,"status":0},{"playerId":2344466,"score":1150,"energy":9,"posx":11,"posy":1,"lastAction":5,"status":0},{"playerId":2410245,"score":1450,"energy":7,"posx":11,"posy":5,"lastAction":1,"status":0},{"playerId":2534350,"score":1350,"energy":10,"posx":13,"posy":4,"lastAction":2,"status":0}],"golds":[{"posx":7,"posy":0,"amount":300},{"posx":11,"posy":1,"amount":350},{"posx":12,"posy":1,"amount":100},{"posx":17,"posy":1,"amount":700},{"posx":12,"posy":2,"amount":550},{"posx":16,"posy":3,"amount":450},{"posx":13,"posy":4,"amount":50},{"posx":19,"posy":4,"amount":700},{"posx":17,"posy":7,"amount":150},{"posx":20,"posy":7,"amount":50}],"changedObstacles":[]},{"players":[{"playerId":67457,"score":1100,"energy":32,"posx":13,"posy":3,"lastAction":2,"status":0},{"playerId":2344466,"score":1200,"energy":4,"posx":11,"posy":1,"lastAction":5,"status":0},{"playerId":2410245,"score":1450,"energy":6,"posx":11,"posy":4,"lastAction":2,"status":0},{"playerId":2534350,"score":1400,"energy":5,"posx":13,"posy":4,"lastAction":5,"status":0}],"golds":[{"posx":7,"posy":0,"amount":300},{"posx":11,"posy":1,"amount":300},{"posx":12,"posy":1,"amount":100},{"posx":17,"posy":1,"amount":700},{"posx":12,"posy":2,"amount":550},{"posx":16,"posy":3,"amount":450},{"posx":19,"posy":4,"amount":700},{"posx":17,"posy":7,"amount":150},{"posx":20,"posy":7,"amount":50}],"changedObstacles":[{"type":0,"posx":13,"posy":4,"value":-1}]},{"players":[{"playerId":67457,"score":1100,"energy":18,"posx":12,"posy":3,"lastAction":0,"status":0},{"playerId":2344466,"score":1200,"energy":16,"posx":11,"posy":1,"lastAction":4,"status":0},{"playerId":2410245,"score":1450,"energy":18,"posx":11,"posy":4,"lastAction":4,"status":0},{"playerId":2534350,"score":1400,"energy":17,"posx":13,"posy":4,"lastAction":4,"status":0}],"golds":[{"posx":7,"posy":0,"amount":300},{"posx":11,"posy":1,"amount":300},{"posx":12,"posy":1,"amount":100},{"posx":17,"posy":1,"amount":700},{"posx":12,"posy":2,"amount":550},{"posx":16,"posy":3,"amount":450},{"posx":19,"posy":4,"amount":700},{"posx":17,"posy":7,"amount":150},{"posx":20,"posy":7,"amount":50}],"changedObstacles":[]},{"players":[{"playerId":67457,"score":1100,"energy":14,"posx":12,"posy":2,"lastAction":2,"status":0},{"playerId":2344466,"score":1200,"energy":32,"posx":11,"posy":1,"lastAction":4,"status":0},{"playerId":2410245,"score":1450,"energy":34,"posx":11,"posy":4,"lastAction":4,"status":0},{"playerId":2534350,"score":1400,"energy":33,"posx":13,"posy":4,"lastAction":4,"status":0}],"golds":[{"posx":7,"posy":0,"amount":300},{"posx":11,"posy":1,"amount":300},{"posx":12,"posy":1,"amount":100},{"posx":17,"posy":1,"amount":700},{"posx":12,"posy":2,"amount":550},{"posx":16,"posy":3,"amount":450},{"posx":19,"posy":4,"amount":700},{"posx":17,"posy":7,"amount":150},{"posx":20,"posy":7,"amount":50}],"changedObstacles":[]},{"players":[{"playerId":67457,"score":1150,"energy":9,"posx":12,"posy":2,"lastAction":5,"status":0},{"playerId":2344466,"score":1200,"energy":50,"posx":11,"posy":1,"lastAction":4,"status":0},{"playerId":2410245,"score":1450,"energy":23,"posx":11,"posy":3,"lastAction":2,"status":0},{"playerId":2534350,"score":1400,"energy":23,"posx":14,"posy":4,"lastAction":1,"status":0}],"golds":[{"posx":7,"posy":0,"amount":300},{"posx":11,"posy":1,"amount":300},{"posx":12,"posy":1,"amount":100},{"posx":17,"posy":1,"amount":700},{"posx":12,"posy":2,"amount":500},{"posx":16,"posy":3,"amount":450},{"posx":19,"posy":4,"amount":700},{"posx":17,"posy":7,"amount":150},{"posx":20,"posy":7,"amount":50}],"changedObstacles":[{"type":0,"posx":14,"posy":4,"value":-1}]},{"players":[{"playerId":67457,"score":1200,"energy":4,"posx":12,"posy":2,"lastAction":5,"status":0},{"playerId":2344466,"score":1250,"energy":45,"posx":11,"posy":1,"lastAction":5,"status":0},{"playerId":2410245,"score":1450,"energy":22,"posx":11,"posy":2,"lastAction":2,"status":0},{"playerId":2534350,"score":1400,"energy":22,"posx":14,"posy":3,"lastAction":2,"status":0}],"golds":[{"posx":7,"posy":0,"amount":300},{"posx":11,"posy":1,"amount":250},{"posx":12,"posy":1,"amount":100},{"posx":17,"posy":1,"amount":700},{"posx":12,"posy":2,"amount":450},{"posx":16,"posy":3,"amount":450},{"posx":19,"posy":4,"amount":700},{"posx":17,"posy":7,"amount":150},{"posx":20,"posy":7,"amount":50}],"changedObstacles":[]},{"players":[{"playerId":67457,"score":1200,"energy":16,"posx":12,"posy":2,"lastAction":4,"status":0},{"playerId":2344466,"score":1300,"energy":40,"posx":11,"posy":1,"lastAction":5,"status":0},{"playerId":2410245,"score":1450,"energy":18,"posx":12,"posy":2,"lastAction":1,"status":0},{"playerId":2534350,"score":1400,"energy":4,"posx":15,"posy":3,"lastAction":1,"status":0}],"golds":[{"posx":7,"posy":0,"amount":300},{"posx":11,"posy":1,"amount":200},{"posx":12,"posy":1,"amount":100},{"posx":17,"posy":1,"amount":700},{"posx":12,"posy":2,"amount":450},{"posx":16,"posy":3,"amount":450},{"posx":19,"posy":4,"amount":700},{"posx":17,"posy":7,"amount":150},{"posx":20,"posy":7,"amount":50}],"changedObstacles":[]},{"players":[{"playerId":67457,"score":1250,"energy":11,"posx":12,"posy":2,"lastAction":5,"status":0},{"playerId":2344466,"score":1350,"energy":35,"posx":11,"posy":1,"lastAction":5,"status":0},{"playerId":2410245,"score":1500,"energy":13,"posx":12,"posy":2,"lastAction":5,"status":0},{"playerId":2534350,"score":1400,"energy":16,"posx":15,"posy":3,"lastAction":4,"status":0}],"golds":[{"posx":7,"posy":0,"amount":300},{"posx":11,"posy":1,"amount":150},{"posx":12,"posy":1,"amount":100},{"posx":17,"posy":1,"amount":700},{"posx":12,"posy":2,"amount":350},{"posx":16,"posy":3,"amount":450},{"posx":19,"posy":4,"amount":700},{"posx":17,"posy":7,"amount":150},{"posx":20,"posy":7,"amount":50}],"changedObstacles":[]},{"players":[{"playerId":67457,"score":1300,"energy":6,"posx":12,"posy":2,"lastAction":5,"status":0},{"playerId":2344466,"score":1400,"energy":30,"posx":11,"posy":1,"lastAction":5,"status":0},{"playerId":2410245,"score":1550,"energy":8,"posx":12,"posy":2,"lastAction":5,"status":0},{"playerId":2534350,"score":1400,"energy":32,"posx":15,"posy":3,"lastAction":4,"status":0}],"golds":[{"posx":7,"posy":0,"amount":300},{"posx":11,"posy":1,"amount":100},{"posx":12,"posy":1,"amount":100},{"posx":17,"posy":1,"amount":700},{"posx":12,"posy":2,"amount":250},{"posx":16,"posy":3,"amount":450},{"posx":19,"posy":4,"amount":700},{"posx":17,"posy":7,"amount":150},{"posx":20,"posy":7,"amount":50}],"changedObstacles":[]},{"players":[{"playerId":67457,"score":1350,"energy":1,"posx":12,"posy":2,"lastAction":5,"status":0},{"playerId":2344466,"score":1450,"energy":25,"posx":11,"posy":1,"lastAction":5,"status":0},{"playerId":2410245,"score":1600,"energy":3,"posx":12,"posy":2,"lastAction":5,"status":0},{"playerId":2534350,"score":1400,"energy":31,"posx":15,"posy":2,"lastAction":2,"status":0}],"golds":[{"posx":7,"posy":0,"amount":300},{"posx":11,"posy":1,"amount":50},{"posx":12,"posy":1,"amount":100},{"posx":17,"posy":1,"amount":700},{"posx":12,"posy":2,"amount":150},{"posx":16,"posy":3,"amount":450},{"posx":19,"posy":4,"amount":700},{"posx":17,"posy":7,"amount":150},{"posx":20,"posy":7,"amount":50}],"changedObstacles":[]},{"players":[{"playerId":67457,"score":1350,"energy":13,"posx":12,"posy":2,"lastAction":4,"status":0},{"playerId":2344466,"score":1500,"energy":20,"posx":11,"posy":1,"lastAction":5,"status":0},{"playerId":2410245,"score":1600,"energy":15,"posx":12,"posy":2,"lastAction":4,"status":0},{"playerId":2534350,"score":1400,"energy":30,"posx":16,"posy":2,"lastAction":1,"status":0}],"golds":[{"posx":7,"posy":0,"amount":300},{"posx":12,"posy":1,"amount":100},{"posx":17,"posy":1,"amount":700},{"posx":12,"posy":2,"amount":150},{"posx":16,"posy":3,"amount":450},{"posx":19,"posy":4,"amount":700},{"posx":17,"posy":7,"amount":150},{"posx":20,"posy":7,"amount":50}],"changedObstacles":[{"type":0,"posx":11,"posy":1,"value":-1}]},{"players":[{"playerId":67457,"score":1400,"energy":8,"posx":12,"posy":2,"lastAction":5,"status":0},{"playerId":2344466,"score":1500,"energy":16,"posx":12,"posy":1,"lastAction":1,"status":0},{"playerId":2410245,"score":1650,"energy":10,"posx":12,"posy":2,"lastAction":5,"status":0},{"playerId":2534350,"score":1400,"energy":20,"posx":16,"posy":1,"lastAction":2,"status":0}],"golds":[{"posx":7,"posy":0,"amount":300},{"posx":12,"posy":1,"amount":100},{"posx":17,"posy":1,"amount":700},{"posx":12,"posy":2,"amount":50},{"posx":16,"posy":3,"amount":450},{"posx":19,"posy":4,"amount":700},{"posx":17,"posy":7,"amount":150},{"posx":20,"posy":7,"amount":50}],"changedObstacles":[{"type":0,"posx":16,"posy":1,"value":-1}]},{"players":[{"playerId":67457,"score":1400,"energy":4,"posx":12,"posy":1,"lastAction":2,"status":0},{"playerId":2344466,"score":1550,"energy":11,"posx":12,"posy":1,"lastAction":5,"status":0},{"playerId":2410245,"score":1700,"energy":5,"posx":12,"posy":2,"lastAction":5,"status":0},{"playerId":2534350,"score":1400,"energy":16,"posx":17,"posy":1,"lastAction":1,"status":0}],"golds":[{"posx":7,"posy":0,"amount":300},{"posx":12,"posy":1,"amount":50},{"posx":17,"posy":1,"amount":700},{"posx":16,"posy":3,"amount":450},{"posx":19,"posy":4,"amount":700},{"posx":17,"posy":7,"amount":150},{"posx":20,"posy":7,"amount":50}],"changedObstacles":[{"type":0,"posx":12,"posy":2,"value":-1}]},{"players":[{"playerId":67457,"score":1400,"energy":16,"posx":12,"posy":1,"lastAction":4,"status":0},{"playerId":2344466,"score":1600,"energy":6,"posx":12,"posy":1,"lastAction":5,"status":0},{"playerId":2410245,"score":1700,"energy":1,"posx":12,"posy":1,"lastAction":2,"status":0},{"playerId":2534350,"score":1450,"energy":11,"posx":17,"posy":1,"lastAction":5,"status":0}],"golds":[{"posx":7,"posy":0,"amount":300},{"posx":17,"posy":1,"amount":650},{"posx":16,"posy":3,"amount":450},{"posx":19,"posy":4,"amount":700},{"posx":17,"posy":7,"amount":150},{"posx":20,"posy":7,"amount":50}],"changedObstacles":[{"type":0,"posx":12,"posy":1,"value":-1}]},{"players":[{"playerId":67457,"score":1400,"energy":32,"posx":12,"posy":1,"lastAction":4,"status":0},{"playerId":2344466,"score":1600,"energy":1,"posx":13,"posy":1,"lastAction":1,"status":0},{"playerId":2410245,"score":1700,"energy":13,"posx":12,"posy":1,"lastAction":4,"status":0},{"playerId":2534350,"score":1500,"energy":6,"posx":17,"posy":1,"lastAction":5,"status":0}],"golds":[{"posx":7,"posy":0,"amount":300},{"posx":17,"posy":1,"amount":600},{"posx":16,"posy":3,"amount":450},{"posx":19,"posy":4,"amount":700},{"posx":17,"posy":7,"amount":150},{"posx":20,"posy":7,"amount":50}],"changedObstacles":[{"type":3,"posx":13,"posy":1,"value":-20}]},{"players":[{"playerId":67457,"score":1400,"energy":50,"posx":12,"posy":1,"lastAction":4,"status":0},{"playerId":2344466,"score":1600,"energy":13,"posx":13,"posy":1,"lastAction":4,"status":0},{"playerId":2410245,"score":1700,"energy":12,"posx":12,"posy":0,"lastAction":2,"status":0},{"playerId":2534350,"score":1550,"energy":1,"posx":17,"posy":1,"lastAction":5,"status":0}],"golds":[{"posx":7,"posy":0,"amount":300},{"posx":17,"posy":1,"amount":550},{"posx":16,"posy":3,"amount":450},{"posx":19,"posy":4,"amount":700},{"posx":17,"posy":7,"amount":150},{"posx":20,"posy":7,"amount":50}],"changedObstacles":[]},{"players":[{"playerId":67457,"score":1400,"energy":30,"posx":13,"posy":1,"lastAction":1,"status":0},{"playerId":2344466,"score":1600,"energy":29,"posx":13,"posy":1,"lastAction":4,"status":0},{"playerId":2410245,"score":1700,"energy":2,"posx":13,"posy":0,"lastAction":1,"status":0},{"playerId":2534350,"score":1550,"energy":13,"posx":17,"posy":1,"lastAction":4,"status":0}],"golds":[{"posx":7,"posy":0,"amount":300},{"posx":17,"posy":1,"amount":550},{"posx":16,"posy":3,"amount":450},{"posx":19,"posy":4,"amount":700},{"posx":17,"posy":7,"amount":150},{"posx":20,"posy":7,"amount":50}],"changedObstacles":[{"type":0,"posx":13,"posy":0,"value":-1},{"type":3,"posx":13,"posy":1,"value":-40}]},{"players":[{"playerId":67457,"score":1400,"energy":25,"posx":14,"posy":1,"lastAction":1,"status":0},{"playerId":2344466,"score":1600,"energy":50,"posx":13,"posy":1,"lastAction":4,"status":0},{"playerId":2410245,"score":1700,"energy":14,"posx":13,"posy":0,"lastAction":4,"status":0},{"playerId":2534350,"score":1600,"energy":8,"posx":17,"posy":1,"lastAction":5,"status":0}],"golds":[{"posx":7,"posy":0,"amount":300},{"posx":17,"posy":1,"amount":500},{"posx":16,"posy":3,"amount":450},{"posx":19,"posy":4,"amount":700},{"posx":17,"posy":7,"amount":150},{"posx":20,"posy":7,"amount":50}],"changedObstacles":[{"type":3,"posx":14,"posy":1,"value":-20}]},{"players":[{"playerId":67457,"score":1400,"energy":24,"posx":15,"posy":1,"lastAction":1,"status":0},{"playerId":2344466,"score":1600,"energy":30,"posx":14,"posy":1,"lastAction":1,"status":0},{"playerId":2410245,"score":1700,"energy":9,"posx":14,"posy":0,"lastAction":1,"status":0},{"playerId":2534350,"score":1650,"energy":3,"posx":17,"posy":1,"lastAction":5,"status":0}],"golds":[{"posx":7,"posy":0,"amount":300},{"posx":17,"posy":1,"amount":450},{"posx":16,"posy":3,"amount":450},{"posx":19,"posy":4,"amount":700},{"posx":17,"posy":7,"amount":150},{"posx":20,"posy":7,"amount":50}],"changedObstacles":[{"type":3,"posx":14,"posy":1,"value":-40},{"type":3,"posx":14,"posy":0,"value":-20}]},{"players":[{"playerId":67457,"score":1400,"energy":23,"posx":16,"posy":1,"lastAction":1,"status":0},{"playerId":2344466,"score":1600,"energy":29,"posx":15,"posy":1,"lastAction":1,"status":0},{"playerId":2410245,"score":1700,"energy":8,"posx":15,"posy":0,"lastAction":1,"status":0},{"playerId":2534350,"score":1650,"energy":15,"posx":17,"posy":1,"lastAction":4,"status":0}],"golds":[{"posx":7,"posy":0,"amount":300},{"posx":17,"posy":1,"amount":450},{"posx":16,"posy":3,"amount":450},{"posx":19,"posy":4,"amount":700},{"posx":17,"posy":7,"amount":150},{"posx":20,"posy":7,"amount":50}],"changedObstacles":[]},{"players":[{"playerId":67457,"score":1400,"energy":19,"posx":17,"posy":1,"lastAction":1,"status":0},{"playerId":2344466,"score":1600,"energy":28,"posx":16,"posy":1,"lastAction":1,"status":0},{"playerId":2410245,"score":1700,"energy":7,"posx":15,"posy":1,"lastAction":3,"status":0},{"playerId":2534350,"score":1700,"energy":10,"posx":17,"posy":1,"lastAction":5,"status":0}],"golds":[{"posx":7,"posy":0,"amount":300},{"posx":17,"posy":1,"amount":400},{"posx":16,"posy":3,"amount":450},{"posx":19,"posy":4,"amount":700},{"posx":17,"posy":7,"amount":150},{"posx":20,"posy":7,"amount":50}],"changedObstacles":[]},{"players":[{"playerId":67457,"score":1450,"energy":14,"posx":17,"posy":1,"lastAction":5,"status":0},{"playerId":2344466,"score":1600,"energy":24,"posx":17,"posy":1,"lastAction":1,"status":0},{"playerId":2410245,"score":1700,"energy":6,"posx":16,"posy":1,"lastAction":1,"status":0},{"playerId":2534350,"score":1750,"energy":5,"posx":17,"posy":1,"lastAction":5,"status":0}],"golds":[{"posx":7,"posy":0,"amount":300},{"posx":17,"posy":1,"amount":300},{"posx":16,"posy":3,"amount":450},{"posx":19,"posy":4,"amount":700},{"posx":17,"posy":7,"amount":150},{"posx":20,"posy":7,"amount":50}],"changedObstacles":[]},{"players":[{"playerId":67457,"score":1500,"energy":9,"posx":17,"posy":1,"lastAction":5,"status":0},{"playerId":2344466,"score":1650,"energy":19,"posx":17,"posy":1,"lastAction":5,"status":0},{"playerId":2410245,"score":1700,"energy":2,"posx":17,"posy":1,"lastAction":1,"status":0},{"playerId":2534350,"score":1750,"energy":17,"posx":17,"posy":1,"lastAction":4,"status":0}],"golds":[{"posx":7,"posy":0,"amount":300},{"posx":17,"posy":1,"amount":200},{"posx":16,"posy":3,"amount":450},{"posx":19,"posy":4,"amount":700},{"posx":17,"posy":7,"amount":150},{"posx":20,"posy":7,"amount":50}],"changedObstacles":[]},{"players":[{"playerId":67457,"score":1550,"energy":4,"posx":17,"posy":1,"lastAction":5,"status":0},{"playerId":2344466,"score":1700,"energy":14,"posx":17,"posy":1,"lastAction":5,"status":0},{"playerId":2410245,"score":1700,"energy":14,"posx":17,"posy":1,"lastAction":4,"status":0},{"playerId":2534350,"score":1800,"energy":12,"posx":17,"posy":1,"lastAction":5,"status":0}],"golds":[{"posx":7,"posy":0,"amount":300},{"posx":17,"posy":1,"amount":50},{"posx":16,"posy":3,"amount":450},{"posx":19,"posy":4,"amount":700},{"posx":17,"posy":7,"amount":150},{"posx":20,"posy":7,"amount":50}],"changedObstacles":[]},{"players":[{"playerId":67457,"score":1550,"energy":3,"posx":16,"posy":1,"lastAction":0,"status":0},{"playerId":2344466,"score":1717,"energy":9,"posx":17,"posy":1,"lastAction":5,"status":0},{"playerId":2410245,"score":1717,"energy":9,"posx":17,"posy":1,"lastAction":5,"status":0},{"playerId":2534350,"score":1817,"energy":7,"posx":17,"posy":1,"lastAction":5,"status":0}],"golds":[{"posx":7,"posy":0,"amount":300},{"posx":16,"posy":3,"amount":450},{"posx":19,"posy":4,"amount":700},{"posx":17,"posy":7,"amount":150},{"posx":20,"posy":7,"amount":50}],"changedObstacles":[{"type":0,"posx":17,"posy":1,"value":-1}]},{"players":[{"playerId":67457,"score":1550,"energy":2,"posx":16,"posy":2,"lastAction":3,"status":0},{"playerId":2344466,"score":1717,"energy":8,"posx":16,"posy":1,"lastAction":0,"status":0},{"playerId":2410245,"score":1717,"energy":8,"posx":17,"posy":2,"lastAction":3,"status":0},{"playerId":2534350,"score":1817,"energy":19,"posx":17,"posy":1,"lastAction":4,"status":0}],"golds":[{"posx":7,"posy":0,"amount":300},{"posx":16,"posy":3,"amount":450},{"posx":19,"posy":4,"amount":700},{"posx":17,"posy":7,"amount":150},{"posx":20,"posy":7,"amount":50}],"changedObstacles":[]},{"players":[{"playerId":67457,"score":1550,"energy":14,"posx":16,"posy":2,"lastAction":4,"status":0},{"playerId":2344466,"score":1717,"energy":7,"posx":16,"posy":2,"lastAction":3,"status":0},{"playerId":2410245,"score":1717,"energy":7,"posx":17,"posy":3,"lastAction":3,"status":0},{"playerId":2534350,"score":1817,"energy":35,"posx":17,"posy":1,"lastAction":4,"status":0}],"golds":[{"posx":7,"posy":0,"amount":300},{"posx":16,"posy":3,"amount":450},{"posx":19,"posy":4,"amount":700},{"posx":17,"posy":7,"amount":150},{"posx":20,"posy":7,"amount":50}],"changedObstacles":[]},{"players":[{"playerId":67457,"score":1550,"energy":30,"posx":16,"posy":2,"lastAction":4,"status":0},{"playerId":2344466,"score":1717,"energy":3,"posx":16,"posy":3,"lastAction":3,"status":0},{"playerId":2410245,"score":1717,"energy":3,"posx":16,"posy":3,"lastAction":0,"status":0},{"playerId":2534350,"score":1817,"energy":34,"posx":17,"posy":2,"lastAction":3,"status":0}],"golds":[{"posx":7,"posy":0,"amount":300},{"posx":16,"posy":3,"amount":450},{"posx":19,"posy":4,"amount":700},{"posx":17,"posy":7,"amount":150},{"posx":20,"posy":7,"amount":50}],"changedObstacles":[]},{"players":[{"playerId":67457,"score":1550,"energy":50,"posx":16,"posy":2,"lastAction":4,"status":0},{"playerId":2344466,"score":1717,"energy":15,"posx":16,"posy":3,"lastAction":4,"status":0},{"playerId":2410245,"score":1717,"energy":15,"posx":16,"posy":3,"lastAction":4,"status":0},{"playerId":2534350,"score":1817,"energy":26,"posx":18,"posy":2,"lastAction":1,"status":0}],"golds":[{"posx":7,"posy":0,"amount":300},{"posx":16,"posy":3,"amount":450},{"posx":19,"posy":4,"amount":700},{"posx":17,"posy":7,"amount":150},{"posx":20,"posy":7,"amount":50}],"changedObstacles":[]},{"players":[{"playerId":67457,"score":1550,"energy":46,"posx":16,"posy":3,"lastAction":3,"status":0},{"playerId":2344466,"score":1717,"energy":31,"posx":16,"posy":3,"lastAction":4,"status":0},{"playerId":2410245,"score":1767,"energy":10,"posx":16,"posy":3,"lastAction":5,"status":0},{"playerId":2534350,"score":1817,"energy":16,"posx":18,"posy":3,"lastAction":3,"status":0}],"golds":[{"posx":7,"posy":0,"amount":300},{"posx":16,"posy":3,"amount":400},{"posx":19,"posy":4,"amount":700},{"posx":17,"posy":7,"amount":150},{"posx":20,"posy":7,"amount":50}],"changedObstacles":[{"type":0,"posx":18,"posy":3,"value":-1}]},{"players":[{"playerId":67457,"score":1600,"energy":41,"posx":16,"posy":3,"lastAction":5,"status":0},{"playerId":2344466,"score":1717,"energy":50,"posx":16,"posy":3,"lastAction":4,"status":0},{"playerId":2410245,"score":1817,"energy":5,"posx":16,"posy":3,"lastAction":5,"status":0},{"playerId":2534350,"score":1817,"energy":28,"posx":18,"posy":3,"lastAction":4,"status":0}],"golds":[{"posx":7,"posy":0,"amount":300},{"posx":16,"posy":3,"amount":300},{"posx":19,"posy":4,"amount":700},{"posx":17,"posy":7,"amount":150},{"posx":20,"posy":7,"amount":50}],"changedObstacles":[]},{"players":[{"playerId":67457,"score":1650,"energy":36,"posx":16,"posy":3,"lastAction":5,"status":0},{"playerId":2344466,"score":1767,"energy":45,"posx":16,"posy":3,"lastAction":5,"status":0},{"playerId":2410245,"score":1817,"energy":17,"posx":16,"posy":3,"lastAction":4,"status":0},{"playerId":2534350,"score":1817,"energy":17,"posx":19,"posy":3,"lastAction":1,"status":0}],"golds":[{"posx":7,"posy":0,"amount":300},{"posx":16,"posy":3,"amount":200},{"posx":19,"posy":4,"amount":700},{"posx":17,"posy":7,"amount":150},{"posx":20,"posy":7,"amount":50}],"changedObstacles":[]},{"players":[{"playerId":67457,"score":1700,"energy":31,"posx":16,"posy":3,"lastAction":5,"status":0},{"playerId":2344466,"score":1817,"energy":40,"posx":16,"posy":3,"lastAction":5,"status":0},{"playerId":2410245,"score":1867,"energy":12,"posx":16,"posy":3,"lastAction":5,"status":0},{"playerId":2534350,"score":1817,"energy":13,"posx":19,"posy":4,"lastAction":3,"status":0}],"golds":[{"posx":7,"posy":0,"amount":300},{"posx":16,"posy":3,"amount":50},{"posx":19,"posy":4,"amount":700},{"posx":17,"posy":7,"amount":150},{"posx":20,"posy":7,"amount":50}],"changedObstacles":[]},{"players":[{"playerId":67457,"score":1700,"energy":30,"posx":17,"posy":3,"lastAction":1,"status":0},{"playerId":2344466,"score":1842,"energy":35,"posx":16,"posy":3,"lastAction":5,"status":0},{"playerId":2410245,"score":1892,"energy":7,"posx":16,"posy":3,"lastAction":5,"status":0},{"playerId":2534350,"score":1867,"energy":8,"posx":19,"posy":4,"lastAction":5,"status":0}],"golds":[{"posx":7,"posy":0,"amount":300},{"posx":19,"posy":4,"amount":650},{"posx":17,"posy":7,"amount":150},{"posx":20,"posy":7,"amount":50}],"changedObstacles":[{"type":0,"posx":16,"posy":3,"value":-1}]},{"players":[{"playerId":67457,"score":1700,"energy":29,"posx":18,"posy":3,"lastAction":1,"status":0},{"playerId":2344466,"score":1842,"energy":34,"posx":17,"posy":3,"lastAction":1,"status":0},{"playerId":2410245,"score":1892,"energy":6,"posx":17,"posy":3,"lastAction":1,"status":0},{"playerId":2534350,"score":1917,"energy":3,"posx":19,"posy":4,"lastAction":5,"status":0}],"golds":[{"posx":7,"posy":0,"amount":300},{"posx":19,"posy":4,"amount":600},{"posx":17,"posy":7,"amount":150},{"posx":20,"posy":7,"amount":50}],"changedObstacles":[]},{"players":[{"playerId":67457,"score":1700,"energy":28,"posx":18,"posy":4,"lastAction":3,"status":0},{"playerId":2344466,"score":1842,"energy":33,"posx":17,"posy":4,"lastAction":3,"status":0},{"playerId":2410245,"score":1892,"energy":5,"posx":18,"posy":3,"lastAction":1,"status":0},{"playerId":2534350,"score":1917,"energy":15,"posx":19,"posy":4,"lastAction":4,"status":0}],"golds":[{"posx":7,"posy":0,"amount":300},{"posx":19,"posy":4,"amount":600},{"posx":17,"posy":7,"amount":150},{"posx":20,"posy":7,"amount":50}],"changedObstacles":[]},{"players":[{"playerId":67457,"score":1700,"energy":24,"posx":19,"posy":4,"lastAction":1,"status":0},{"playerId":2344466,"score":1842,"energy":32,"posx":18,"posy":4,"lastAction":1,"status":0},{"playerId":2410245,"score":1892,"energy":4,"posx":18,"posy":4,"lastAction":3,"status":0},{"playerId":2534350,"score":1967,"energy":10,"posx":19,"posy":4,"lastAction":5,"status":0}],"golds":[{"posx":7,"posy":0,"amount":300},{"posx":19,"posy":4,"amount":550},{"posx":17,"posy":7,"amount":150},{"posx":20,"posy":7,"amount":50}],"changedObstacles":[]},{"players":[{"playerId":67457,"score":1750,"energy":19,"posx":19,"posy":4,"lastAction":5,"status":0},{"playerId":2344466,"score":1842,"energy":28,"posx":19,"posy":4,"lastAction":1,"status":0},{"playerId":2410245,"score":1892,"energy":16,"posx":18,"posy":4,"lastAction":4,"status":0},{"playerId":2534350,"score":2017,"energy":5,"posx":19,"posy":4,"lastAction":5,"status":0}],"golds":[{"posx":7,"posy":0,"amount":300},{"posx":19,"posy":4,"amount":450},{"posx":17,"posy":7,"amount":150},{"posx":20,"posy":7,"amount":50}],"changedObstacles":[]},{"players":[{"playerId":67457,"score":1800,"energy":14,"posx":19,"posy":4,"lastAction":5,"status":0},{"playerId":2344466,"score":1892,"energy":23,"posx":19,"posy":4,"lastAction":5,"status":0},{"playerId":2410245,"score":1892,"energy":12,"posx":19,"posy":4,"lastAction":1,"status":0},{"playerId":2534350,"score":2017,"energy":17,"posx":19,"posy":4,"lastAction":4,"status":0}],"golds":[{"posx":7,"posy":0,"amount":300},{"posx":19,"posy":4,"amount":350},{"posx":17,"posy":7,"amount":150},{"posx":20,"posy":7,"amount":50}],"changedObstacles":[]},{"players":[{"playerId":67457,"score":1850,"energy":9,"posx":19,"posy":4,"lastAction":5,"status":0},{"playerId":2344466,"score":1942,"energy":18,"posx":19,"posy":4,"lastAction":5,"status":0},{"playerId":2410245,"score":1942,"energy":7,"posx":19,"posy":4,"lastAction":5,"status":0},{"playerId":2534350,"score":2067,"energy":12,"posx":19,"posy":4,"lastAction":5,"status":0}],"golds":[{"posx":7,"posy":0,"amount":300},{"posx":19,"posy":4,"amount":150},{"posx":17,"posy":7,"amount":150},{"posx":20,"posy":7,"amount":50}],"changedObstacles":[]},{"players":[{"playerId":67457,"score":1850,"energy":8,"posx":18,"posy":4,"lastAction":0,"status":0},{"playerId":2344466,"score":1992,"energy":13,"posx":19,"posy":4,"lastAction":5,"status":0},{"playerId":2410245,"score":1992,"energy":2,"posx":19,"posy":4,"lastAction":5,"status":0},{"playerId":2534350,"score":2117,"energy":7,"posx":19,"posy":4,"lastAction":5,"status":0}],"golds":[{"posx":7,"posy":0,"amount":300},{"posx":17,"posy":7,"amount":150},{"posx":20,"posy":7,"amount":50}],"changedObstacles":[{"type":0,"posx":19,"posy":4,"value":-1}]},{"players":[{"playerId":67457,"score":1850,"energy":7,"posx":17,"posy":4,"lastAction":0,"status":0},{"playerId":2344466,"score":1992,"energy":12,"posx":18,"posy":4,"lastAction":0,"status":0},{"playerId":2410245,"score":1992,"energy":14,"posx":19,"posy":4,"lastAction":4,"status":0},{"playerId":2534350,"score":2117,"energy":19,"posx":19,"posy":4,"lastAction":4,"status":0}],"golds":[{"posx":7,"posy":0,"amount":300},{"posx":17,"posy":7,"amount":150},{"posx":20,"posy":7,"amount":50}],"changedObstacles":[]},{"players":[{"playerId":67457,"score":1850,"energy":6,"posx":17,"posy":5,"lastAction":3,"status":0},{"playerId":2344466,"score":1992,"energy":11,"posx":17,"posy":4,"lastAction":0,"status":0},{"playerId":2410245,"score":1992,"energy":13,"posx":18,"posy":4,"lastAction":0,"status":0},{"playerId":2534350,"score":2117,"energy":35,"posx":19,"posy":4,"lastAction":4,"status":0}],"golds":[{"posx":7,"posy":0,"amount":300},{"posx":17,"posy":7,"amount":150},{"posx":20,"posy":7,"amount":50}],"changedObstacles":[]},{"players":[{"playerId":67457,"score":1850,"energy":18,"posx":17,"posy":5,"lastAction":4,"status":0},{"playerId":2344466,"score":1992,"energy":10,"posx":17,"posy":5,"lastAction":3,"status":0},{"playerId":2410245,"score":1992,"energy":12,"posx":17,"posy":4,"lastAction":0,"status":0},{"playerId":2534350,"score":2117,"energy":34,"posx":18,"posy":4,"lastAction":0,"status":0}],"golds":[{"posx":7,"posy":0,"amount":300},{"posx":17,"posy":7,"amount":150},{"posx":20,"posy":7,"amount":50}],"changedObstacles":[]},{"players":[{"playerId":67457,"score":1850,"energy":34,"posx":17,"posy":5,"lastAction":4,"status":0},{"playerId":2344466,"score":1992,"energy":22,"posx":17,"posy":5,"lastAction":4,"status":0},{"playerId":2410245,"score":1992,"energy":11,"posx":17,"posy":5,"lastAction":3,"status":0},{"playerId":2534350,"score":2117,"energy":33,"posx":17,"posy":4,"lastAction":0,"status":0}],"golds":[{"posx":7,"posy":0,"amount":300},{"posx":17,"posy":7,"amount":150},{"posx":20,"posy":7,"amount":50}],"changedObstacles":[]},{"players":[{"playerId":67457,"score":1850,"energy":24,"posx":17,"posy":6,"lastAction":3,"status":0},{"playerId":2344466,"score":1992,"energy":38,"posx":17,"posy":5,"lastAction":4,"status":0},{"playerId":2410245,"score":1992,"energy":1,"posx":17,"posy":6,"lastAction":3,"status":0},{"playerId":2534350,"score":2117,"energy":24,"posx":16,"posy":4,"lastAction":0,"status":0}],"golds":[{"posx":7,"posy":0,"amount":300},{"posx":17,"posy":7,"amount":150},{"posx":20,"posy":7,"amount":50}],"changedObstacles":[{"type":0,"posx":17,"posy":6,"value":-1}]}]