[{"players":[{"playerId":5588,"score":0,"energy":46,"posx":14,"posy":5,"lastAction":3,"status":0},{"playerId":157815,"score":0,"energy":49,"posx":13,"posy":4,"lastAction":0,"status":0},{"playerId":3573,"score":0,"energy":46,"posx":14,"posy":5,"lastAction":3,"status":0},{"playerId":2231262,"score":0,"energy":46,"posx":14,"posy":5,"lastAction":3,"status":0}],"golds":[{"posx":0,"posy":0,"amount":500},{"posx":4,"posy":0,"amount":500},{"posx":18,"posy":0,"amount":200},{"posx":20,"posy":0,"amount":50},{"posx":11,"posy":1,"amount":500},{"posx":18,"posy":1,"amount":100},{"posx":2,"posy":2,"amount":450},{"posx":15,"posy":2,"amount":300},{"posx":20,"posy":2,"amount":100},{"posx":8,"posy":3,"amount":500},{"posx":7,"posy":4,"amount":400},{"posx":8,"posy":4,"amount":500},{"posx":10,"posy":5,"amount":400},{"posx":14,"posy":5,"amount":100},{"posx":5,"posy":6,"amount":400},{"posx":19,"posy":7,"amount":50},{"posx":0,"posy":8,"amount":200},{"posx":10,"posy":8,"amount":200},{"posx":19,"posy":8,"amount":50},{"posx":20,"posy":8,"amount":950}],"changedObstacles":[]},{"players":[{"playerId":5588,"score":34,"energy":41,"posx":14,"posy":5,"lastAction":5,"status":0},{"playerId":157815,"score":0,"energy":48,"posx":13,"posy":3,"lastAction":2,"status":0},{"playerId":3573,"score":34,"energy":41,"posx":14,"posy":5,"lastAction":5,"status":0},{"playerId":2231262,"score":34,"energy":41,"posx":14,"posy":5,"lastAction":5,"status":0}],"golds":[{"posx":0,"posy":0,"amount":500},{"posx":4,"posy":0,"amount":500},{"posx":18,"posy":0,"amount":200},{"posx":20,"posy":0,"amount":50},{"posx":11,"posy":1,"amount":500},{"posx":18,"posy":1,"amount":100},{"posx":2,"posy":2,"amount":450},{"posx":15,"posy":2,"amount":300},{"posx":20,"posy":2,"amount":100},{"posx":8,"posy":3,"amount":500},{"posx":7,"posy":4,"amount":400},{"posx":8,"posy":4,"amount":500},{"posx":10,"posy":5,"amount":400},{"posx":5,"posy":6,"amount":400},{"posx":19,"posy":7,"amount":50},{"posx":0,"posy":8,"amount":200},{"posx":10,"posy":8,"amount":200},{"posx":19,"posy":8,"amount":50},{"posx":20,"posy":8,"amount":950}],"changedObstacles":[{"type":0,"posx":14,"posy":5,"value":-1}]},{"players":[{"playerId":5588,"score":34,"energy":40,"posx":14,"posy":4,"lastAction":2,"status":0},{"playerId":157815,"score":0,"energy":47,"posx":12,"posy":3,"lastAction":0,"status":0},{"playerId":3573,"score":34,"energy":31,"posx":13,"posy":5,"lastAction":0,"status":0},{"playerId":2231262,"score":34,"energy":40,"posx":14,"posy":4,"lastAction":2,"status":0}],"golds":[{"posx":0,"posy":0,"amount":500},{"posx":4,"posy":0,"amount":500},{"posx":18,"posy":0,"amount":200},{"posx":20,"posy":0,"amount":50},{"posx":11,"posy":1,"amount":500},{"posx":18,"posy":1,"amount":100},{"posx":2,"posy":2,"amount":450},{"posx":15,"posy":2,"amount":300},{"posx":20,"posy":2,"amount":100},{"posx":8,"posy":3,"amount":500},{"posx":7,"posy":4,"amount":400},{"posx":8,"posy":4,"amount":500},{"posx":10,"posy":5,"amount":400},{"posx":5,"posy":6,"amount":400},{"posx":19,"posy":7,"amount":50},{"posx":0,"posy":8,"amount":200},{"posx":10,"posy":8,"amount":200},{"posx":19,"posy":8,"amount":50},{"posx":20,"posy":8,"amount":950}],"changedObstacles":[{"type":0,"posx":13,"posy":5,"value":-1}]},{"players":[{"playerId":5588,"score":34,"energy":39,"posx":15,"posy":4,"lastAction":1,"status":0},{"playerId":157815,"score":0,"energy":46,"posx":11,"posy":3,"lastAction":0,"status":0},{"playerId":3573,"score":34,"energy":30,"posx":12,"posy":5,"lastAction":0,"status":0},{"playerId":2231262,"score":34,"energy":39,"posx":15,"posy":4,"lastAction":1,"status":0}],"golds":[{"posx":0,"posy":0,"amount":500},{"posx":4,"posy":0,"amount":500},{"posx":18,"posy":0,"amount":200},{"posx":20,"posy":0,"amount":50},{"posx":11,"posy":1,"amount":500},{"posx":18,"posy":1,"amount":100},{"posx":2,"posy":2,"amount":450},{"posx":15,"posy":2,"amount":300},{"posx":20,"posy":2,"amount":100},{"posx":8,"posy":3,"amount":500},{"posx":7,"posy":4,"amount":400},{"posx":8,"posy":4,"amount":500},{"posx":10,"posy":5,"amount":400},{"posx":5,"posy":6,"amount":400},{"posx":19,"posy":7,"amount":50},{"posx":0,"posy":8,"amount":200},{"posx":10,"posy":8,"amount":200},{"posx":19,"posy":8,"amount":50},{"posx":20,"posy":8,"amount":950}],"changedObstacles":[]},{"players":[{"playerId":5588,"score":34,"energy":38,"posx":15,"posy":3,"lastAction":2,"status":0},{"playerId":157815,"score":0,"energy":36,"posx":10,"posy":3,"lastAction":0,"status":0},{"playerId":3573,"score":34,"energy":25,"posx":11,"posy":5,"lastAction":0,"status":0},{"playerId":2231262,"score":34,"energy":38,"posx":15,"posy":3,"lastAction":2,"status":0}],"golds":[{"posx":0,"posy":0,"amount":500},{"posx":4,"posy":0,"amount":500},{"posx":18,"posy":0,"amount":200},{"posx":20,"posy":0,"amount":50},{"posx":11,"posy":1,"amount":500},{"posx":18,"posy":1,"amount":100},{"posx":2,"posy":2,"amount":450},{"posx":15,"posy":2,"amount":300},{"posx":20,"posy":2,"amount":100},{"posx":8,"posy":3,"amount":500},{"posx":7,"posy":4,"amount":400},{"posx":8,"posy":4,"amount":500},{"posx":10,"posy":5,"amount":400},{"posx":5,"posy":6,"amount":400},{"posx":19,"posy":7,"amount":50},{"posx":0,"posy":8,"amount":200},{"posx":10,"posy":8,"amount":200},{"posx":19,"posy":8,"amount":50},{"posx":20,"posy":8,"amount":950}],"changedObstacles":[{"type":0,"posx":10,"posy":3,"value":-1},{"type":3,"posx":11,"posy":5,"value":-20}]},{"players":[{"playerId":5588,"score":34,"energy":34,"posx":15,"posy":2,"lastAction":2,"status":0},{"playerId":157815,"score":0,"energy":31,"posx":9,"posy":3,"lastAction":0,"status":0},{"playerId":3573,"score":34,"energy":21,"posx":10,"posy":5,"lastAction":0,"status":0},{"playerId":2231262,"score":34,"energy":34,"posx":15,"posy":2,"lastAction":2,"status":0}],"golds":[{"posx":0,"posy":0,"amount":500},{"posx":4,"posy":0,"amount":500},{"posx":18,"posy":0,"amount":200},{"posx":20,"posy":0,"amount":50},{"posx":11,"posy":1,"amount":500},{"posx":18,"posy":1,"amount":100},{"posx":2,"posy":2,"amount":450},{"posx":15,"posy":2,"amount":300},{"posx":20,"posy":2,"amount":100},{"posx":8,"posy":3,"amount":500},{"posx":7,"posy":4,"amount":400},{"posx":8,"posy":4,"amount":500},{"posx":10,"posy":5,"amount":400},{"posx":5,"posy":6,"amount":400},{"posx":19,"posy":7,"amount":50},{"posx":0,"posy":8,"amount":200},{"posx":10,"posy":8,"amount":200},{"posx":19,"posy":8,"amount":50},{"posx":20,"posy":8,"amount":950}],"changedObstacles":[{"type":3,"posx":9,"posy":3,"value":-20}]},{"players":[{"playerId":5588,"score":34,"energy":24,"posx":15,"posy":1,"lastAction":2,"status":0},{"playerId":157815,"score":0,"energy":27,"posx":8,"posy":3,"lastAction":0,"status":0},{"playerId":3573,"score":84,"energy":16,"posx":10,"posy":5,"lastAction":5,"status":0},{"playerId":2231262,"score":84,"energy":29,"posx":15,"posy":2,"lastAction":5,"status":0}],"golds":[{"posx":0,"posy":0,"amount":500},{"posx":4,"posy":0,"amount":500},{"posx":18,"posy":0,"amount":200},{"posx":20,"posy":0,"amount":50},{"posx":11,"posy":1,"amount":500},{"posx":18,"posy":1,"amount":100},{"posx":2,"posy":2,"amount":450},{"posx":15,"posy":2,"amount":250},{"posx":20,"posy":2,"amount":100},{"posx":8,"posy":3,"amount":500},{"posx":7,"posy":4,"amount":400},{"posx":8,"posy":4,"amount":500},{"posx":10,"posy":5,"amount":350},{"posx":5,"posy":6,"amount":400},{"posx":19,"posy":7,"amount":50},{"posx":0,"posy":8,"amount":200},{"posx":10,"posy":8,"amount":200},{"posx":19,"posy":8,"amount":50},{"posx":20,"posy":8,"amount":950}],"changedObstacles":[{"type":0,"posx":15,"posy":1,"value":-1}]},{"players":[{"playerId":5588,"score":34,"energy":20,"posx":15,"posy":2,"lastAction":3,"status":0},{"playerId":157815,"score":50,"energy":22,"posx":8,"posy":3,"lastAction":5,"status":0},{"playerId":3573,"score":134,"energy":11,"posx":10,"posy":5,"lastAction":5,"status":0},{"playerId":2231262,"score":134,"energy":24,"posx":15,"posy":2,"lastAction":5,"status":0}],"golds":[{"posx":0,"posy":0,"amount":500},{"posx":4,"posy":0,"amount":500},{"posx":18,"posy":0,"amount":200},{"posx":20,"posy":0,"amount":50},{"posx":11,"posy":1,"amount":500},{"posx":18,"posy":1,"amount":100},{"posx":2,"posy":2,"amount":450},{"posx":15,"posy":2,"amount":200},{"posx":20,"posy":2,"amount":100},{"posx":8,"posy":3,"amount":450},{"posx":7,"posy":4,"amount":400},{"posx":8,"posy":4,"amount":500},{"posx":10,"posy":5,"amount":300},{"posx":5,"posy":6,"amount":400},{"posx":19,"posy":7,"amount":50},{"posx":0,"posy":8,"amount":200},{"posx":10,"posy":8,"amount":200},{"posx":19,"posy":8,"amount":50},{"posx":20,"posy":8,"amount":950}],"changedObstacles":[]},{"players":[{"playerId":5588,"score":84,"energy":15,"posx":15,"posy":2,"lastAction":5,"status":0},{"playerId":157815,"score":100,"energy":17,"posx":8,"posy":3,"lastAction":5,"status":0},{"playerId":3573,"score":184,"energy":6,"posx":10,"posy":5,"lastAction":5,"status":0},{"playerId":2231262,"score":184,"energy":19,"posx":15,"posy":2,"lastAction":5,"status":0}],"golds":[{"posx":0,"posy":0,"amount":500},{"posx":4,"posy":0,"amount":500},{"posx":18,"posy":0,"amount":200},{"posx":20,"posy":0,"amount":50},{"posx":11,"posy":1,"amount":500},{"posx":18,"posy":1,"amount":100},{"posx":2,"posy":2,"amount":450},{"posx":15,"posy":2,"amount":100},{"posx":20,"posy":2,"amount":100},{"posx":8,"posy":3,"amount":400},{"posx":7,"posy":4,"amount":400},{"posx":8,"posy":4,"amount":500},{"posx":10,"posy":5,"amount":250},{"posx":5,"posy":6,"amount":400},{"posx":19,"posy":7,"amount":50},{"posx":0,"posy":8,"amount":200},{"posx":10,"posy":8,"amount":200},{"posx":19,"posy":8,"amount":50},{"posx":20,"posy":8,"amount":950}],"changedObstacles":[]},{"players":[{"playerId":5588,"score":134,"energy":10,"posx":15,"posy":2,"lastAction":5,"status":0},{"playerId":157815,"score":150,"energy":12,"posx":8,"posy":3,"lastAction":5,"status":0},{"playerId":3573,"score":234,"energy":1,"posx":10,"posy":5,"lastAction":5,"status":0},{"playerId":2231262,"score":234,"energy":14,"posx":15,"posy":2,"lastAction":5,"status":0}],"golds":[{"posx":0,"posy":0,"amount":500},{"posx":4,"posy":0,"amount":500},{"posx":18,"posy":0,"amount":200},{"posx":20,"posy":0,"amount":50},{"posx":11,"posy":1,"amount":500},{"posx":18,"posy":1,"amount":100},{"posx":2,"posy":2,"amount":450},{"posx":20,"posy":2,"amount":100},{"posx":8,"posy":3,"amount":350},{"posx":7,"posy":4,"amount":400},{"posx":8,"posy":4,"amount":500},{"posx":10,"posy":5,"amount":200},{"posx":5,"posy":6,"amount":400},{"posx":19,"posy":7,"amount":50},{"posx":0,"posy":8,"amount":200},{"posx":10,"posy":8,"amount":200},{"posx":19,"posy":8,"amount":50},{"posx":20,"posy":8,"amount":950}],"changedObstacles":[{"type":0,"posx":15,"posy":2,"value":-1}]},{"players":[{"playerId":5588,"score":134,"energy":22,"posx":15,"posy":2,"lastAction":4,"status":0},{"playerId":157815,"score":200,"energy":7,"posx":8,"posy":3,"lastAction":5,"status":0},{"playerId":3573,"score":234,"energy":13,"posx":10,"posy":5,"lastAction":4,"status":0},{"playerId":2231262,"score":234,"energy":26,"posx":15,"posy":2,"lastAction":4,"status":0}],"golds":[{"posx":0,"posy":0,"amount":500},{"posx":4,"posy":0,"amount":500},{"posx":18,"posy":0,"amount":200},{"posx":20,"posy":0,"amount":50},{"posx":11,"posy":1,"amount":500},{"posx":18,"posy":1,"amount":100},{"posx":2,"posy":2,"amount":450},{"posx":20,"posy":2,"amount":100},{"posx":8,"posy":3,"amount":300},{"posx":7,"posy":4,"amount":400},{"posx":8,"posy":4,"amount":500},{"posx":10,"posy":5,"amount":200},{"posx":5,"posy":6,"amount":400},{"posx":19,"posy":7,"amount":50},{"posx":0,"posy":8,"amount":200},{"posx":10,"posy":8,"amount":200},{"posx":19,"posy":8,"amount":50},{"posx":20,"posy":8,"amount":950}],"changedObstacles":[]},{"players":[{"playerId":5588,"score":134,"energy":38,"posx":15,"posy":2,"lastAction":4,"status":0},{"playerId":157815,"score":250,"energy":2,"posx":8,"posy":3,"lastAction":5,"status":0},{"playerId":3573,"score":234,"energy":29,"posx":10,"posy":5,"lastAction":4,"status":0},{"playerId":2231262,"score":234,"energy":25,"posx":15,"posy":1,"lastAction":2,"status":0}],"golds":[{"posx":0,"posy":0,"amount":500},{"posx":4,"posy":0,"amount":500},{"posx":18,"posy":0,"amount":200},{"posx":20,"posy":0,"amount":50},{"posx":11,"posy":1,"amount":500},{"posx":18,"posy":1,"amount":100},{"posx":2,"posy":2,"amount":450},{"posx":20,"posy":2,"amount":100},{"posx":8,"posy":3,"amount":250},{"posx":7,"posy":4,"amount":400},{"posx":8,"posy":4,"amount":500},{"posx":10,"posy":5,"amount":200},{"posx":5,"posy":6,"amount":400},{"posx":19,"posy":7,"amount":50},{"posx":0,"posy":8,"amount":200},{"posx":10,"posy":8,"amount":200},{"posx":19,"posy":8,"amount":50},{"posx":20,"posy":8,"amount":950}],"changedObstacles":[]},{"players":[{"playerId":5588,"score":134,"energy":37,"posx":15,"posy":1,"lastAction":2,"status":0},{"playerId":157815,"score":250,"energy":14,"posx":8,"posy":3,"lastAction":4,"status":0},{"playerId":3573,"score":234,"energy":50,"posx":10,"posy":5,"lastAction":4,"status":0},{"playerId":2231262,"score":234,"energy":20,"posx":16,"posy":1,"lastAction":1,"status":0}],"golds":[{"posx":0,"posy":0,"amount":500},{"posx":4,"posy":0,"amount":500},{"posx":18,"posy":0,"amount":200},{"posx":20,"posy":0,"amount":50},{"posx":11,"posy":1,"amount":500},{"posx":18,"posy":1,"amount":100},{"posx":2,"posy":2,"amount":450},{"posx":20,"posy":2,"amount":100},{"posx":8,"posy":3,"amount":250},{"posx":7,"posy":4,"amount":400},{"posx":8,"posy":4,"amount":500},{"posx":10,"posy":5,"amount":200},{"posx":5,"posy":6,"amount":400},{"posx":19,"posy":7,"amount":50},{"posx":0,"posy":8,"amount":200},{"posx":10,"posy":8,"amount":200},{"posx":19,"posy":8,"amount":50},{"posx":20,"posy":8,"amount":950}],"changedObstacles":[{"type":3,"posx":16,"posy":1,"value":-20}]},{"players":[{"playerId":5588,"score":134,"energy":27,"posx":14,"posy":1,"lastAction":0,"status":0},{"playerId":157815,"score":250,"energy":30,"posx":8,"posy":3,"lastAction":4,"status":0},{"playerId":3573,"score":284,"energy":45,"posx":10,"posy":5,"lastAction":5,"status":0},{"playerId":2231262,"score":234,"energy":15,"posx":17,"posy":1,"lastAction":1,"status":0}],"golds":[{"posx":0,"posy":0,"amount":500},{"posx":4,"posy":0,"amount":500},{"posx":18,"posy":0,"amount":200},{"posx":20,"posy":0,"amount":50},{"posx":11,"posy":1,"amount":500},{"posx":18,"posy":1,"amount":100},{"posx":2,"posy":2,"amount":450},{"posx":20,"posy":2,"amount":100},{"posx":8,"posy":3,"amount":250},{"posx":7,"posy":4,"amount":400},{"posx":8,"posy":4,"amount":500},{"posx":10,"posy":5,"amount":150},{"posx":5,"posy":6,"amount":400},{"posx":19,"posy":7,"amount":50},{"posx":0,"posy":8,"amount":200},{"posx":10,"posy":8,"amount":200},{"posx":19,"posy":8,"amount":50},{"posx":20,"posy":8,"amount":950}],"changedObstacles":[{"type":0,"posx":14,"posy":1,"value":-1},{"type":3,"posx":17,"posy":1,"value":-20}]},{"players":[{"playerId":5588,"score":134,"energy":17,"posx":13,"posy":1,"lastAction":0,"status":0},{"playerId":157815,"score":250,"energy":50,"posx":8,"posy":3,"lastAction":4,"status":0},{"playerId":3573,"score":334,"energy":40,"posx":10,"posy":5,"lastAction":5,"status":0},{"playerId":2231262,"score":234,"energy":27,"posx":17,"posy":1,"lastAction":4,"status":0}],"golds":[{"posx":0,"posy":0,"amount":500},{"posx":4,"posy":0,"amount":500},{"posx":18,"posy":0,"amount":200},{"posx":20,"posy":0,"amount":50},{"posx":11,"posy":1,"amount":500},{"posx":18,"posy":1,"amount":100},{"posx":2,"posy":2,"amount":450},{"posx":20,"posy":2,"amount":100},{"posx":8,"posy":3,"amount":250},{"posx":7,"posy":4,"amount":400},{"posx":8,"posy":4,"amount":500},{"posx":10,"posy":5,"amount":100},{"posx":5,"posy":6,"amount":400},{"posx":19,"posy":7,"amount":50},{"posx":0,"posy":8,"amount":200},{"posx":10,"posy":8,"amount":200},{"posx":19,"posy":8,"amount":50},{"posx":20,"posy":8,"amount":950}],"changedObstacles":[{"type":0,"posx":13,"posy":1,"value":-1}]},{"players":[{"playerId":5588,"score":134,"energy":7,"posx":12,"posy":1,"lastAction":0,"status":0},{"playerId":157815,"score":300,"energy":45,"posx":8,"posy":3,"lastAction":5,"status":0},{"playerId":3573,"score":384,"energy":35,"posx":10,"posy":5,"lastAction":5,"status":0},{"playerId":2231262,"score":234,"energy":23,"posx":18,"posy":1,"lastAction":1,"status":0}],"golds":[{"posx":0,"posy":0,"amount":500},{"posx":4,"posy":0,"amount":500},{"posx":18,"posy":0,"amount":200},{"posx":20,"posy":0,"amount":50},{"posx":11,"posy":1,"amount":500},{"posx":18,"posy":1,"amount":100},{"posx":2,"posy":2,"amount":450},{"posx":20,"posy":2,"amount":100},{"posx":8,"posy":3,"amount":200},{"posx":7,"posy":4,"amount":400},{"posx":8,"posy":4,"amount":500},{"posx":10,"posy":5,"amount":50},{"posx":5,"posy":6,"amount":400},{"posx":19,"posy":7,"amount":50},{"posx":0,"posy":8,"amount":200},{"posx":10,"posy":8,"amount":200},{"posx":19,"posy":8,"amount":50},{"posx":20,"posy":8,"amount":950}],"changedObstacles":[{"type":0,"posx":12,"posy":1,"value":-1}]},{"players":[{"playerId":5588,"score":134,"energy":19,"posx":12,"posy":1,"lastAction":4,"status":0},{"playerId":157815,"score":350,"energy":40,"posx":8,"posy":3,"lastAction":5,"status":0},{"playerId":3573,"score":434,"energy":30,"posx":10,"posy":5,"lastAction":5,"status":0},{"playerId":2231262,"score":284,"energy":18,"posx":18,"posy":1,"lastAction":5,"status":0}],"golds":[{"posx":0,"posy":0,"amount":500},{"posx":4,"posy":0,"amount":500},{"posx":18,"posy":0,"amount":200},{"posx":20,"posy":0,"amount":50},{"posx":11,"posy":1,"amount":500},{"posx":18,"posy":1,"amount":50},{"posx":2,"posy":2,"amount":450},{"posx":20,"posy":2,"amount":100},{"posx":8,"posy":3,"amount":150},{"posx":7,"posy":4,"amount":400},{"posx":8,"posy":4,"amount":500},{"posx":5,"posy":6,"amount":400},{"posx":19,"posy":7,"amount":50},{"posx":0,"posy":8,"amount":200},{"posx":10,"posy":8,"amount":200},{"posx":19,"posy":8,"amount":50},{"posx":20,"posy":8,"amount":950}],"changedObstacles":[{"type":0,"posx":10,"posy":5,"value":-1}]},{"players":[{"playerId":5588,"score":134,"energy":35,"posx":12,"posy":1,"lastAction":4,"status":0},{"playerId":157815,"score":400,"energy":35,"posx":8,"posy":3,"lastAction":5,"status":0},{"playerId":3573,"score":434,"energy":20,"posx":10,"posy":4,"lastAction":2,"status":0},{"playerId":2231262,"score":334,"energy":13,"posx":18,"posy":1,"lastAction":5,"status":0}],"golds":[{"posx":0,"posy":0,"amount":500},{"posx":4,"posy":0,"amount":500},{"posx":18,"posy":0,"amount":200},{"posx":20,"posy":0,"amount":50},{"posx":11,"posy":1,"amount":500},{"posx":2,"posy":2,"amount":450},{"posx":20,"posy":2,"amount":100},{"posx":8,"posy":3,"amount":100},{"posx":7,"posy":4,"amount":400},{"posx":8,"posy":4,"amount":500},{"posx":5,"posy":6,"amount":400},{"posx":19,"posy":7,"amount":50},{"posx":0,"posy":8,"amount":200},{"posx":10,"posy":8,"amount":200},{"posx":19,"posy":8,"amount":50},{"posx":20,"posy":8,"amount":950}],"changedObstacles":[{"type":0,"posx":10,"posy":4,"value":-1},{"type":0,"posx":18,"posy":1,"value":-1}]},{"players":[{"playerId":5588,"score":134,"energy":31,"posx":11,"posy":1,"lastAction":0,"status":0},{"playerId":157815,"score":450,"energy":30,"posx":8,"posy":3,"lastAction":5,"status":0},{"playerId":3573,"score":434,"energy":32,"posx":10,"posy":4,"lastAction":4,"status":0},{"playerId":2231262,"score":334,"energy":25,"posx":18,"posy":1,"lastAction":4,"status":0}],"golds":[{"posx":0,"posy":0,"amount":500},{"posx":4,"posy":0,"amount":500},{"posx":18,"posy":0,"amount":200},{"posx":20,"posy":0,"amount":50},{"posx":11,"posy":1,"amount":500},{"posx":2,"posy":2,"amount":450},{"posx":20,"posy":2,"amount":100},{"posx":8,"posy":3,"amount":50},{"posx":7,"posy":4,"amount":400},{"posx":8,"posy":4,"amount":500},{"posx":5,"posy":6,"amount":400},{"posx":19,"posy":7,"amount":50},{"posx":0,"posy":8,"amount":200},{"posx":10,"posy":8,"amount":200},{"posx":19,"posy":8,"amount":50},{"posx":20,"posy":8,"amount":950}],"changedObstacles":[]},{"players":[{"playerId":5588,"score":184,"energy":26,"posx":11,"posy":1,"lastAction":5,"status":0},{"playerId":157815,"score":500,"energy":25,"posx":8,"posy":3,"lastAction":5,"status":0},{"playerId":3573,"score":434,"energy":48,"posx":10,"posy":4,"lastAction":4,"status":0},{"playerId":2231262,"score":334,"energy":21,"posx":18,"posy":0,"lastAction":2,"status":0}],"golds":[{"posx":0,"posy":0,"amount":500},{"posx":4,"posy":0,"amount":500},{"posx":18,"posy":0,"amount":200},{"posx":20,"posy":0,"amount":50},{"posx":11,"posy":1,"amount":450},{"posx":2,"posy":2,"amount":450},{"posx":20,"posy":2,"amount":100},{"posx":7,"posy":4,"amount":400},{"posx":8,"posy":4,"amount":500},{"posx":5,"posy":6,"amount":400},{"posx":19,"posy":7,"amount":50},{"posx":0,"posy":8,"amount":200},{"posx":10,"posy":8,"amount":200},{"posx":19,"posy":8,"amount":50},{"posx":20,"posy":8,"amount":950}],"changedObstacles":[{"type":0,"posx":8,"posy":3,"value":-1}]},{"players":[{"playerId":5588,"score":234,"energy":21,"posx":11,"posy":1,"lastAction":5,"status":0},{"playerId":157815,"score":500,"energy":21,"posx":8,"posy":4,"lastAction":3,"status":0},{"playerId":3573,"score":434,"energy":43,"posx":9,"posy":4,"lastAction":0,"status":0},{"playerId":2231262,"score":384,"energy":16,"posx":18,"posy":0,"lastAction":5,"status":0}],"golds":[{"posx":0,"posy":0,"amount":500},{"posx":4,"posy":0,"amount":500},{"posx":18,"posy":0,"amount":150},{"posx":20,"posy":0,"amount":50},{"posx":11,"posy":1,"amount":400},{"posx":2,"posy":2,"amount":450},{"posx":20,"posy":2,"amount":100},{"posx":7,"posy":4,"amount":400},{"posx":8,"posy":4,"amount":500},{"posx":5,"posy":6,"amount":400},{"posx":19,"posy":7,"amount":50},{"posx":0,"posy":8,"amount":200},{"posx":10,"posy":8,"amount":200},{"posx":19,"posy":8,"amount":50},{"posx":20,"posy":8,"amount":950}],"changedObstacles":[{"type":3,"posx":9,"posy":4,"value":-20}]},{"players":[{"playerId":5588,"score":284,"energy":16,"posx":11,"posy":1,"lastAction":5,"status":0},{"playerId":157815,"score":550,"energy":16,"posx":8,"posy":4,"lastAction":5,"status":0},{"playerId":3573,"score":434,"energy":39,"posx":8,"posy":4,"lastAction":0,"status":0},{"playerId":2231262,"score":384,"energy":28,"posx":18,"posy":0,"lastAction":4,"status":0}],"golds":[{"posx":0,"posy":0,"amount":500},{"posx":4,"posy":0,"amount":500},{"posx":18,"posy":0,"amount":150},{"posx":20,"posy":0,"amount":50},{"posx":11,"posy":1,"amount":350},{"posx":2,"posy":2,"amount":450},{"posx":20,"posy":2,"amount":100},{"posx":7,"posy":4,"amount":400},{"posx":8,"posy":4,"amount":450},{"posx":5,"posy":6,"amount":400},{"posx":19,"posy":7,"amount":50},{"posx":0,"posy":8,"amount":200},{"posx":10,"posy":8,"amount":200},{"posx":19,"posy":8,"amount":50},{"posx":20,"posy":8,"amount":950}],"changedObstacles":[]},{"players":[{"playerId":5588,"score":334,"energy":11,"posx":11,"posy":1,"lastAction":5,"status":0},{"playerId":157815,"score":600,"energy":11,"posx":8,"posy":4,"lastAction":5,"status":0},{"playerId":3573,"score":484,"energy":34,"posx":8,"posy":4,"lastAction":5,"status":0},{"playerId":2231262,"score":384,"energy":44,"posx":18,"posy":0,"lastAction":4,"status":0}],"golds":[{"posx":0,"posy":0,"amount":500},{"posx":4,"posy":0,"amount":500},{"posx":18,"posy":0,"amount":150},{"posx":20,"posy":0,"amount":50},{"posx":11,"posy":1,"amount":300},{"posx":2,"posy":2,"amount":450},{"posx":20,"posy":2,"amount":100},{"posx":7,"posy":4,"amount":400},{"posx":8,"posy":4,"amount":350},{"posx":5,"posy":6,"amount":400},{"posx":19,"posy":7,"amount":50},{"posx":0,"posy":8,"amount":200},{"posx":10,"posy":8,"amount":200},{"posx":19,"posy":8,"amount":50},{"posx":20,"posy":8,"amount":950}],"changedObstacles":[]},{"players":[{"playerId":5588,"score":384,"energy":6,"posx":11,"posy":1,"lastAction":5,"status":0},{"playerId":157815,"score":650,"energy":6,"posx":8,"posy":4,"lastAction":5,"status":0},{"playerId":3573,"score":534,"energy":29,"posx":8,"posy":4,"lastAction":5,"status":0},{"playerId":2231262,"score":434,"energy":39,"posx":18,"posy":0,"lastAction":5,"status":0}],"golds":[{"posx":0,"posy":0,"amount":500},{"posx":4,"posy":0,"amount":500},{"posx":18,"posy":0,"amount":100},{"posx":20,"posy":0,"amount":50},{"posx":11,"posy":1,"amount":250},{"posx":2,"posy":2,"amount":450},{"posx":20,"posy":2,"amount":100},{"posx":7,"posy":4,"amount":400},{"posx":8,"posy":4,"amount":250},{"posx":5,"posy":6,"amount":400},{"posx":19,"posy":7,"amount":50},{"posx":0,"posy":8,"amount":200},{"posx":10,"posy":8,"amount":200},{"posx":19,"posy":8,"amount":50},{"posx":20,"posy":8,"amount":950}],"changedObstacles":[]},{"players":[{"playerId":5588,"score":384,"energy":18,"posx":11,"posy":1,"lastAction":4,"status":0},{"playerId":157815,"score":700,"energy":1,"posx":8,"posy":4,"lastAction":5,"status":0},{"playerId":3573,"score":584,"energy":24,"posx":8,"posy":4,"lastAction":5,"status":0},{"playerId":2231262,"score":484,"energy":34,"posx":18,"posy":0,"lastAction":5,"status":0}],"golds":[{"posx":0,"posy":0,"amount":500},{"posx":4,"posy":0,"amount":500},{"posx":18,"posy":0,"amount":50},{"posx":20,"posy":0,"amount":50},{"posx":11,"posy":1,"amount":250},{"posx":2,"posy":2,"amount":450},{"posx":20,"posy":2,"amount":100},{"posx":7,"posy":4,"amount":400},{"posx":8,"posy":4,"amount":150},{"posx":5,"posy":6,"amount":400},{"posx":19,"posy":7,"amount":50},{"posx":0,"posy":8,"amount":200},{"posx":10,"posy":8,"amount":200},{"posx":19,"posy":8,"amount":50},{"posx":20,"posy":8,"amount":950}],"changedObstacles":[]},{"players":[{"playerId":5588,"score":384,"energy":34,"posx":11,"posy":1,"lastAction":4,"status":0},{"playerId":157815,"score":700,"energy":13,"posx":8,"posy":4,"lastAction":4,"status":0},{"playerId":3573,"score":634,"energy":19,"posx":8,"posy":4,"lastAction":5,"status":0},{"playerId":2231262,"score":534,"energy":29,"posx":18,"posy":0,"lastAction":5,"status":0}],"golds":[{"posx":0,"posy":0,"amount":500},{"posx":4,"posy":0,"amount":500},{"posx":20,"posy":0,"amount":50},{"posx":11,"posy":1,"amount":250},{"posx":2,"posy":2,"amount":450},{"posx":20,"posy":2,"amount":100},{"posx":7,"posy":4,"amount":400},{"posx":8,"posy":4,"amount":100},{"posx":5,"posy":6,"amount":400},{"posx":19,"posy":7,"amount":50},{"posx":0,"posy":8,"amount":200},{"posx":10,"posy":8,"amount":200},{"posx":19,"posy":8,"amount":50},{"posx":20,"posy":8,"amount":950}],"changedObstacles":[{"type":0,"posx":18,"posy":0,"value":-1}]},{"players":[{"playerId":5588,"score":434,"energy":29,"posx":11,"posy":1,"lastAction":5,"status":0},{"playerId":157815,"score":750,"energy":8,"posx":8,"posy":4,"lastAction":5,"status":0},{"playerId":3573,"score":684,"energy":14,"posx":8,"posy":4,"lastAction":5,"status":0},{"playerId":2231262,"score":534,"energy":19,"posx":19,"posy":0,"lastAction":1,"status":0}],"golds":[{"posx":0,"posy":0,"amount":500},{"posx":4,"posy":0,"amount":500},{"posx":20,"posy":0,"amount":50},{"posx":11,"posy":1,"amount":200},{"posx":2,"posy":2,"amount":450},{"posx":20,"posy":2,"amount":100},{"posx":7,"posy":4,"amount":400},{"posx":5,"posy":6,"amount":400},{"posx":19,"posy":7,"amount":50},{"posx":0,"posy":8,"amount":200},{"posx":10,"posy":8,"amount":200},{"posx":19,"posy":8,"amount":50},{"posx":20,"posy":8,"amount":950}],"changedObstacles":[{"type":0,"posx":19,"posy":0,"value":-1},{"type":0,"posx":8,"posy":4,"value":-1}]},{"players":[{"playerId":5588,"score":484,"energy":24,"posx":11,"posy":1,"lastAction":5,"status":0},{"playerId":157815,"score":750,"energy":4,"posx":7,"posy":4,"lastAction":0,"status":0},{"playerId":3573,"score":684,"energy":26,"posx":8,"posy":4,"lastAction":4,"status":0},{"playerId":2231262,"score":534,"energy":15,"posx":20,"posy":0,"lastAction":1,"status":0}],"golds":[{"posx":0,"posy":0,"amount":500},{"posx":4,"posy":0,"amount":500},{"posx":20,"posy":0,"amount":50},{"posx":11,"posy":1,"amount":150},{"posx":2,"posy":2,"amount":450},{"posx":20,"posy":2,"amount":100},{"posx":7,"posy":4,"amount":400},{"posx":5,"posy":6,"amount":400},{"posx":19,"posy":7,"amount":50},{"posx":0,"posy":8,"amount":200},{"posx":10,"posy":8,"amount":200},{"posx":19,"posy":8,"amount":50},{"posx":20,"posy":8,"amount":950}],"changedObstacles":[]},{"players":[{"playerId":5588,"score":534,"energy":19,"posx":11,"posy":1,"lastAction":5,"status":0},{"playerId":157815,"score":750,"energy":16,"posx":7,"posy":4,"lastAction":4,"status":0},{"playerId":3573,"score":684,"energy":42,"posx":8,"posy":4,"lastAction":4,"status":0},{"playerId":2231262,"score":534,"energy":27,"posx":20,"posy":0,"lastAction":4,"status":0}],"golds":[{"posx":0,"posy":0,"amount":500},{"posx":4,"posy":0,"amount":500},{"posx":20,"posy":0,"amount":50},{"posx":11,"posy":1,"amount":100},{"posx":2,"posy":2,"amount":450},{"posx":20,"posy":2,"amount":100},{"posx":7,"posy":4,"amount":400},{"posx":5,"posy":6,"amount":400},{"posx":19,"posy":7,"amount":50},{"posx":0,"posy":8,"amount":200},{"posx":10,"posy":8,"amount":200},{"posx":19,"posy":8,"amount":50},{"posx":20,"posy":8,"amount":950}],"changedObstacles":[]},{"players":[{"playerId":5588,"score":584,"energy":14,"posx":11,"posy":1,"lastAction":5,"status":0},{"playerId":157815,"score":750,"energy":32,"posx":7,"posy":4,"lastAction":4,"status":0},{"playerId":3573,"score":684,"energy":38,"posx":7,"posy":4,"lastAction":0,"status":0},{"playerId":2231262,"score":584,"energy":22,"posx":20,"posy":0,"lastAction":5,"status":0}],"golds":[{"posx":0,"posy":0,"amount":500},{"posx":4,"posy":0,"amount":500},{"posx":11,"posy":1,"amount":50},{"posx":2,"posy":2,"amount":450},{"posx":20,"posy":2,"amount":100},{"posx":7,"posy":4,"amount":400},{"posx":5,"posy":6,"amount":400},{"posx":19,"posy":7,"amount":50},{"posx":0,"posy":8,"amount":200},{"posx":10,"posy":8,"amount":200},{"posx":19,"posy":8,"amount":50},{"posx":20,"posy":8,"amount":950}],"changedObstacles":[{"type":0,"posx":20,"posy":0,"value":-1}]},{"players":[{"playerId":5588,"score":634,"energy":9,"posx":11,"posy":1,"lastAction":5,"status":0},{"playerId":157815,"score":800,"energy":27,"posx":7,"posy":4,"lastAction":5,"status":0},{"playerId":3573,"score":734,"energy":33,"posx":7,"posy":4,"lastAction":5,"status":0},{"playerId":2231262,"score":584,"energy":9,"posx":20,"posy":1,"lastAction":3,"status":0}],"golds":[{"posx":0,"posy":0,"amount":500},{"posx":4,"posy":0,"amount":500},{"posx":2,"posy":2,"amount":450},{"posx":20,"posy":2,"amount":100},{"posx":7,"posy":4,"amount":300},{"posx":5,"posy":6,"amount":400},{"posx":19,"posy":7,"amount":50},{"posx":0,"posy":8,"amount":200},{"posx":10,"posy":8,"amount":200},{"posx":19,"posy":8,"amount":50},{"posx":20,"posy":8,"amount":950}],"changedObstacles":[{"type":0,"posx":11,"posy":1,"value":-1}]},{"players":[{"playerId":5588,"score":634,"energy":21,"posx":11,"posy":1,"lastAction":4,"status":0},{"playerId":157815,"score":850,"energy":22,"posx":7,"posy":4,"lastAction":5,"status":0},{"playerId":3573,"score":784,"energy":28,"posx":7,"posy":4,"lastAction":5,"status":0},{"playerId":2231262,"score":584,"energy":21,"posx":20,"posy":1,"lastAction":4,"status":0}],"golds":[{"posx":0,"posy":0,"amount":500},{"posx":4,"posy":0,"amount":500},{"posx":2,"posy":2,"amount":450},{"posx":20,"posy":2,"amount":100},{"posx":7,"posy":4,"amount":200},{"posx":5,"posy":6,"amount":400},{"posx":19,"posy":7,"amount":50},{"posx":0,"posy":8,"amount":200},{"posx":10,"posy":8,"amount":200},{"posx":19,"posy":8,"amount":50},{"posx":20,"posy":8,"amount":950}],"changedObstacles":[]},{"players":[{"playerId":5588,"score":634,"energy":37,"posx":11,"posy":1,"lastAction":4,"status":0},{"playerId":157815,"score":900,"energy":17,"posx":7,"posy":4,"lastAction":5,"status":0},{"playerId":3573,"score":834,"energy":23,"posx":7,"posy":4,"lastAction":5,"status":0},{"playerId":2231262,"score":584,"energy":17,"posx":20,"posy":2,"lastAction":3,"status":0}],"golds":[{"posx":0,"posy":0,"amount":500},{"posx":4,"posy":0,"amount":500},{"posx":2,"posy":2,"amount":450},{"posx":20,"posy":2,"amount":100},{"posx":7,"posy":4,"amount":100},{"posx":5,"posy":6,"amount":400},{"posx":19,"posy":7,"amount":50},{"posx":0,"posy":8,"amount":200},{"posx":10,"posy":8,"amount":200},{"posx":19,"posy":8,"amount":50},{"posx":20,"posy":8,"amount":950}],"changedObstacles":[]},{"players":[{"playerId":5588,"score":634,"energy":36,"posx":11,"posy":2,"lastAction":3,"status":0},{"playerId":157815,"score":950,"energy":12,"posx":7,"posy":4,"lastAction":5,"status":0},{"playerId":3573,"score":884,"energy":18,"posx":7,"posy":4,"lastAction":5,"status":0},{"playerId":2231262,"score":634,"energy":12,"posx":20,"posy":2,"lastAction":5,"status":0}],"golds":[{"posx":0,"posy":0,"amount":500},{"posx":4,"posy":0,"amount":500},{"posx":2,"posy":2,"amount":450},{"posx":20,"posy":2,"amount":50},{"posx":5,"posy":6,"amount":400},{"posx":19,"posy":7,"amount":50},{"posx":0,"posy":8,"amount":200},{"posx":10,"posy":8,"amount":200},{"posx":19,"posy":8,"amount":50},{"posx":20,"posy":8,"amount":950}],"changedObstacles":[{"type":0,"posx":7,"posy":4,"value":-1}]},{"players":[{"playerId":5588,"score":634,"energy":35,"posx":11,"posy":3,"lastAction":3,"status":0},{"playerId":157815,"score":950,"energy":11,"posx":7,"posy":3,"lastAction":2,"status":0},{"playerId":3573,"score":884,"energy":30,"posx":7,"posy":4,"lastAction":4,"status":0},{"playerId":2231262,"score":634,"energy":24,"posx":20,"posy":2,"lastAction":4,"status":0}],"golds":[{"posx":0,"posy":0,"amount":500},{"posx":4,"posy":0,"amount":500},{"posx":2,"posy":2,"amount":450},{"posx":20,"posy":2,"amount":50},{"posx":5,"posy":6,"amount":400},{"posx":19,"posy":7,"amount":50},{"posx":0,"posy":8,"amount":200},{"posx":10,"posy":8,"amount":200},{"posx":19,"posy":8,"amount":50},{"posx":20,"posy":8,"amount":950}],"changedObstacles":[]},{"players":[{"playerId":5588,"score":634,"energy":34,"posx":10,"posy":3,"lastAction":0,"status":0},{"playerId":157815,"score":950,"energy":23,"posx":7,"posy":3,"lastAction":4,"status":0},{"playerId":3573,"score":884,"energy":46,"posx":7,"posy":4,"lastAction":4,"status":0},{"playerId":2231262,"score":684,"energy":19,"posx":20,"posy":2,"lastAction":5,"status":0}],"golds":[{"posx":0,"posy":0,"amount":500},{"posx":4,"posy":0,"amount":500},{"posx":2,"posy":2,"amount":450},{"posx":5,"posy":6,"amount":400},{"posx":19,"posy":7,"amount":50},{"posx":0,"posy":8,"amount":200},{"posx":10,"posy":8,"amount":200},{"posx":19,"posy":8,"amount":50},{"posx":20,"posy":8,"amount":950}],"changedObstacles":[{"type":0,"posx":20,"posy":2,"value":-1}]},{"players":[{"playerId":5588,"score":634,"energy":33,"posx":10,"posy":4,"lastAction":3,"status":0},{"playerId":157815,"score":950,"energy":39,"posx":7,"posy":3,"lastAction":4,"status":0},{"playerId":3573,"score":884,"energy":45,"posx":7,"posy":5,"lastAction":3,"status":0},{"playerId":2231262,"score":684,"energy":18,"posx":19,"posy":2,"lastAction":0,"status":0}],"golds":[{"posx":0,"posy":0,"amount":500},{"posx":4,"posy":0,"amount":500},{"posx":2,"posy":2,"amount":450},{"posx":5,"posy":6,"amount":400},{"posx":19,"posy":7,"amount":50},{"posx":0,"posy":8,"amount":200},{"posx":10,"posy":8,"amount":200},{"posx":19,"posy":8,"amount":50},{"posx":20,"posy":8,"amount":950}],"changedObstacles":[]},{"players":[{"playerId":5588,"score":634,"energy":32,"posx":10,"posy":5,"lastAction":3,"status":0},{"playerId":157815,"score":950,"energy":26,"posx":6,"posy":3,"lastAction":0,"status":0},{"playerId":3573,"score":884,"energy":44,"posx":6,"posy":5,"lastAction":0,"status":0},{"playerId":2231262,"score":684,"energy":30,"posx":19,"posy":2,"lastAction":4,"status":0}],"golds":[{"posx":0,"posy":0,"amount":500},{"posx":4,"posy":0,"amount":500},{"posx":2,"posy":2,"amount":450},{"posx":5,"posy":6,"amount":400},{"posx":19,"posy":7,"amount":50},{"posx":0,"posy":8,"amount":200},{"posx":10,"posy":8,"amount":200},{"posx":19,"posy":8,"amount":50},{"posx":20,"posy":8,"amount":950}],"changedObstacles":[]},{"players":[{"playerId":5588,"score":634,"energy":31,"posx":10,"posy":6,"lastAction":3,"status":0},{"playerId":157815,"score":950,"energy":25,"posx":5,"posy":3,"lastAction":0,"status":0},{"playerId":3573,"score":884,"energy":34,"posx":5,"posy":5,"lastAction":0,"status":0},{"playerId":2231262,"score":684,"energy":23,"posx":19,"posy":3,"lastAction":3,"status":0}],"golds":[{"posx":0,"posy":0,"amount":500},{"posx":4,"posy":0,"amount":500},{"posx":2,"posy":2,"amount":450},{"posx":5,"posy":6,"amount":400},{"posx":19,"posy":7,"amount":50},{"posx":0,"posy":8,"amount":200},{"posx":10,"posy":8,"amount":200},{"posx":19,"posy":8,"amount":50},{"posx":20,"posy":8,"amount":950}],"changedObstacles":[{"type":0,"posx":5,"posy":5,"value":-1}]},{"players":[{"playerId":5588,"score":634,"energy":30,"posx":10,"posy":7,"lastAction":3,"status":0},{"playerId":157815,"score":950,"energy":24,"posx":4,"posy":3,"lastAction":0,"status":0},{"playerId":3573,"score":884,"energy":30,"posx":5,"posy":6,"lastAction":3,"status":0},{"playerId":2231262,"score":684,"energy":13,"posx":19,"posy":4,"lastAction":3,"status":0}],"golds":[{"posx":0,"posy":0,"amount":500},{"posx":4,"posy":0,"amount":500},{"posx":2,"posy":2,"amount":450},{"posx":5,"posy":6,"amount":400},{"posx":19,"posy":7,"amount":50},{"posx":0,"posy":8,"amount":200},{"posx":10,"posy":8,"amount":200},{"posx":19,"posy":8,"amount":50},{"posx":20,"posy":8,"amount":950}],"changedObstacles":[{"type":0,"posx":19,"posy":4,"value":-1}]},{"players":[{"playerId":5588,"score":634,"energy":26,"posx":10,"posy":8,"lastAction":3,"status":0},{"playerId":157815,"score":950,"energy":23,"posx":4,"posy":2,"lastAction":2,"status":0},{"playerId":3573,"score":934,"energy":25,"posx":5,"posy":6,"lastAction":5,"status":0},{"playerId":2231262,"score":684,"energy":25,"posx":19,"posy":4,"lastAction":4,"status":0}],"golds":[{"posx":0,"posy":0,"amount":500},{"posx":4,"posy":0,"amount":500},{"posx":2,"posy":2,"amount":450},{"posx":5,"posy":6,"amount":350},{"posx":19,"posy":7,"amount":50},{"posx":0,"posy":8,"amount":200},{"posx":10,"posy":8,"amount":200},{"posx":19,"posy":8,"amount":50},{"posx":20,"posy":8,"amount":950}],"changedObstacles":[]},{"players":[{"playerId":5588,"score":684,"energy":21,"posx":10,"posy":8,"lastAction":5,"status":0},{"playerId":157815,"score":950,"energy":14,"posx":4,"posy":1,"lastAction":2,"status":0},{"playerId":3573,"score":984,"energy":20,"posx":5,"posy":6,"lastAction":5,"status":0},{"playerId":2231262,"score":684,"energy":15,"posx":19,"posy":5,"lastAction":3,"status":0}],"golds":[{"posx":0,"posy":0,"amount":500},{"posx":4,"posy":0,"amount":500},{"posx":2,"posy":2,"amount":450},{"posx":5,"posy":6,"amount":300},{"posx":19,"posy":7,"amount":50},{"posx":0,"posy":8,"amount":200},{"posx":10,"posy":8,"amount":150},{"posx":19,"posy":8,"amount":50},{"posx":20,"posy":8,"amount":950}],"changedObstacles":[{"type":0,"posx":19,"posy":5,"value":-1}]},{"players":[{"playerId":5588,"score":734,"energy":16,"posx":10,"posy":8,"lastAction":5,"status":0},{"playerId":157815,"score":950,"energy":10,"posx":4,"posy":0,"lastAction":2,"status":0},{"playerId":3573,"score":1034,"energy":15,"posx":5,"posy":6,"lastAction":5,"status":0},{"playerId":2231262,"score":684,"energy":27,"posx":19,"posy":5,"lastAction":4,"status":0}],"golds":[{"posx":0,"posy":0,"amount":500},{"posx":4,"posy":0,"amount":500},{"posx":2,"posy":2,"amount":450},{"posx":5,"posy":6,"amount":250},{"posx":19,"posy":7,"amount":50},{"posx":0,"posy":8,"amount":200},{"posx":10,"posy":8,"amount":100},{"posx":19,"posy":8,"amount":50},{"posx":20,"posy":8,"amount":950}],"changedObstacles":[]},{"players":[{"playerId":5588,"score":784,"energy":11,"posx":10,"posy":8,"lastAction":5,"status":0},{"playerId":157815,"score":1000,"energy":5,"posx":4,"posy":0,"lastAction":5,"status":0},{"playerId":3573,"score":1084,"energy":10,"posx":5,"posy":6,"lastAction":5,"status":0},{"playerId":2231262,"score":684,"energy":22,"posx":19,"posy":6,"lastAction":3,"status":0}],"golds":[{"posx":0,"posy":0,"amount":500},{"posx":4,"posy":0,"amount":450},{"posx":2,"posy":2,"amount":450},{"posx":5,"posy":6,"amount":200},{"posx":19,"posy":7,"amount":50},{"posx":0,"posy":8,"amount":200},{"posx":10,"posy":8,"amount":50},{"posx":19,"posy":8,"amount":50},{"posx":20,"posy":8,"amount":950}],"changedObstacles":[{"type":3,"posx":19,"posy":6,"value":-20}]},{"players":[{"playerId":5588,"score":834,"energy":6,"posx":10,"posy":8,"lastAction":5,"status":0},{"playerId":157815,"score":1000,"energy":17,"posx":4,"posy":0,"lastAction":4,"status":0},{"playerId":3573,"score":1134,"energy":5,"posx":5,"posy":6,"lastAction":5,"status":0},{"playerId":2231262,"score":684,"energy":18,"posx":19,"posy":7,"lastAction":3,"status":0}],"golds":[{"posx":0,"posy":0,"amount":500},{"posx":4,"posy":0,"amount":450},{"posx":2,"posy":2,"amount":450},{"posx":5,"posy":6,"amount":150},{"posx":19,"posy":7,"amount":50},{"posx":0,"posy":8,"amount":200},{"posx":19,"posy":8,"amount":50},{"posx":20,"posy":8,"amount":950}],"changedObstacles":[{"type":0,"posx":10,"posy":8,"value":-1}]},{"players":[{"playerId":5588,"score":834,"energy":18,"posx":10,"posy":8,"lastAction":4,"status":0},{"playerId":157815,"score":1000,"energy":33,"posx":4,"posy":0,"lastAction":4,"status":0},{"playerId":3573,"score":1134,"energy":17,"posx":5,"posy":6,"lastAction":4,"status":0},{"playerId":2231262,"score":734,"energy":13,"posx":19,"posy":7,"lastAction":5,"status":0}],"golds":[{"posx":0,"posy":0,"amount":500},{"posx":4,"posy":0,"amount":450},{"posx":2,"posy":2,"amount":450},{"posx":5,"posy":6,"amount":150},{"posx":0,"posy":8,"amount":200},{"posx":19,"posy":8,"amount":50},{"posx":20,"posy":8,"amount":950}],"changedObstacles":[{"type":0,"posx":19,"posy":7,"value":-1}]},{"players":[{"playerId":5588,"score":834,"energy":34,"posx":10,"posy":8,"lastAction":4,"status":0},{"playerId":157815,"score":1000,"energy":50,"posx":4,"posy":0,"lastAction":4,"status":0},{"playerId":3573,"score":1134,"energy":33,"posx":5,"posy":6,"lastAction":4,"status":0},{"playerId":2231262,"score":734,"energy":25,"posx":19,"posy":7,"lastAction":4,"status":0}],"golds":[{"posx":0,"posy":0,"amount":500},{"posx":4,"posy":0,"amount":450},{"posx":2,"posy":2,"amount":450},{"posx":5,"posy":6,"amount":150},{"posx":0,"posy":8,"amount":200},{"posx":19,"posy":8,"amount":50},{"posx":20,"posy":8,"amount":950}],"changedObstacles":[]},{"players":[{"playerId":5588,"score":834,"energy":33,"posx":10,"posy":7,"lastAction":2,"status":0},{"playerId":157815,"score":1050,"energy":45,"posx":4,"posy":0,"lastAction":5,"status":0},{"playerId":3573,"score":1134,"energy":50,"posx":5,"posy":6,"lastAction":4,"status":0},{"playerId":2231262,"score":734,"energy":21,"posx":19,"posy":8,"lastAction":3,"status":0}],"golds":[{"posx":0,"posy":0,"amount":500},{"posx":4,"posy":0,"amount":400},{"posx":2,"posy":2,"amount":450},{"posx":5,"posy":6,"amount":150},{"posx":0,"posy":8,"amount":200},{"posx":19,"posy":8,"amount":50},{"posx":20,"posy":8,"amount":950}],"changedObstacles":[]},{"players":[{"playerId":5588,"score":834,"energy":32,"posx":9,"posy":7,"lastAction":0,"status":0},{"playerId":157815,"score":1100,"energy":40,"posx":4,"posy":0,"lastAction":5,"status":0},{"playerId":3573,"score":1184,"energy":45,"posx":5,"posy":6,"lastAction":5,"status":0},{"playerId":2231262,"score":784,"energy":16,"posx":19,"posy":8,"lastAction":5,"status":0}],"golds":[{"posx":0,"posy":0,"amount":500},{"posx":4,"posy":0,"amount":350},{"posx":2,"posy":2,"amount":450},{"posx":5,"posy":6,"amount":100},{"posx":0,"posy":8,"amount":200},{"posx":20,"posy":8,"amount":950}],"changedObstacles":[{"type":0,"posx":19,"posy":8,"value":-1}]},{"players":[{"playerId":5588,"score":834,"energy":31,"posx":8,"posy":7,"lastAction":0,"status":0},{"playerId":157815,"score":1150,"energy":35,"posx":4,"posy":0,"lastAction":5,"status":0},{"playerId":3573,"score":1234,"energy":40,"posx":5,"posy":6,"lastAction":5,"status":0},{"playerId":2231262,"score":784,"energy":28,"posx":19,"posy":8,"lastAction":4,"status":0}],"golds":[{"posx":0,"posy":0,"amount":500},{"posx":4,"posy":0,"amount":300},{"posx":2,"posy":2,"amount":450},{"posx":5,"posy":6,"amount":50},{"posx":0,"posy":8,"amount":200},{"posx":20,"posy":8,"amount":950}],"changedObstacles":[]},{"players":[{"playerId":5588,"score":834,"energy":21,"posx":8,"posy":6,"lastAction":2,"status":0},{"playerId":157815,"score":1200,"energy":30,"posx":4,"posy":0,"lastAction":5,"status":0},{"playerId":3573,"score":1284,"energy":35,"posx":5,"posy":6,"lastAction":5,"status":0},{"playerId":2231262,"score":784,"energy":24,"posx":20,"posy":8,"lastAction":1,"status":0}],"golds":[{"posx":0,"posy":0,"amount":500},{"posx":4,"posy":0,"amount":250},{"posx":2,"posy":2,"amount":450},{"posx":0,"posy":8,"amount":200},{"posx":20,"posy":8,"amount":950}],"changedObstacles":[{"type":0,"posx":8,"posy":6,"value":-1},{"type":0,"posx":5,"posy":6,"value":-1}]},{"players":[{"playerId":5588,"score":834,"energy":16,"posx":7,"posy":6,"lastAction":0,"status":0},{"playerId":157815,"score":1250,"energy":25,"posx":4,"posy":0,"lastAction":5,"status":0},{"playerId":3573,"score":1284,"energy":34,"posx":5,"posy":5,"lastAction":2,"status":0},{"playerId":2231262,"score":834,"energy":19,"posx":20,"posy":8,"lastAction":5,"status":0}],"golds":[{"posx":0,"posy":0,"amount":500},{"posx":4,"posy":0,"amount":200},{"posx":2,"posy":2,"amount":450},{"posx":0,"posy":8,"amount":200},{"posx":20,"posy":8,"amount":900}],"changedObstacles":[{"type":3,"posx":7,"posy":6,"value":-20}]},{"players":[{"playerId":5588,"score":834,"energy":28,"posx":7,"posy":6,"lastAction":4,"status":0},{"playerId":157815,"score":1300,"energy":20,"posx":4,"posy":0,"lastAction":5,"status":0},{"playerId":3573,"score":1284,"energy":33,"posx":4,"posy":5,"lastAction":0,"status":0},{"playerId":2231262,"score":884,"energy":14,"posx":20,"posy":8,"lastAction":5,"status":0}],"golds":[{"posx":0,"posy":0,"amount":500},{"posx":4,"posy":0,"amount":150},{"posx":2,"posy":2,"amount":450},{"posx":0,"posy":8,"amount":200},{"posx":20,"posy":8,"amount":850}],"changedObstacles":[]},{"players":[{"playerId":5588,"score":834,"energy":18,"posx":6,"posy":6,"lastAction":0,"status":0},{"playerId":157815,"score":1350,"energy":15,"posx":4,"posy":0,"lastAction":5,"status":0},{"playerId":3573,"score":1284,"energy":28,"posx":3,"posy":5,"lastAction":0,"status":0},{"playerId":2231262,"score":884,"energy":26,"posx":20,"posy":8,"lastAction":4,"status":0}],"golds":[{"posx":0,"posy":0,"amount":500},{"posx":4,"posy":0,"amount":100},{"posx":2,"posy":2,"amount":450},{"posx":0,"posy":8,"amount":200},{"posx":20,"posy":8,"amount":850}],"changedObstacles":[{"type":3,"posx":3,"posy":5,"value":-20}]},{"players":[{"playerId":5588,"score":834,"energy":-2,"posx":7,"posy":6,"lastAction":1,"status":2},{"playerId":157815,"score":1400,"energy":10,"posx":4,"posy":0,"lastAction":5,"status":0},{"playerId":3573,"score":1284,"energy":27,"posx":3,"posy":4,"lastAction":2,"status":0},{"playerId":2231262,"score":884,"energy":42,"posx":20,"posy":8,"lastAction":4,"status":0}],"golds":[{"posx":0,"posy":0,"amount":500},{"posx":4,"posy":0,"amount":50},{"posx":2,"posy":2,"amount":450},{"posx":0,"posy":8,"amount":200},{"posx":20,"posy":8,"amount":850}],"changedObstacles":[{"type":3,"posx":7,"posy":6,"value":-40}]},{"players":[{"playerId":5588,"score":834,"energy":-2,"posx":7,"posy":6,"lastAction":6,"status":2},{"playerId":157815,"score":1450,"energy":5,"posx":4,"posy":0,"lastAction":5,"status":0},{"playerId":3573,"score":1284,"energy":26,"posx":2,"posy":4,"lastAction":0,"status":0},{"playerId":2231262,"score":934,"energy":37,"posx":20,"posy":8,"lastAction":5,"status":0}],"golds":[{"posx":0,"posy":0,"amount":500},{"posx":2,"posy":2,"amount":450},{"posx":0,"posy":8,"amount":200},{"posx":20,"posy":8,"amount":800}],"changedObstacles":[{"type":0,"posx":4,"posy":0,"value":-1}]},{"players":[{"playerId":5588,"score":834,"energy":-2,"posx":7,"posy":6,"lastAction":6,"status":2},{"playerId":157815,"score":1450,"energy":17,"posx":4,"posy":0,"lastAction":4,"status":0},{"playerId":3573,"score":1284,"energy":21,"posx":2,"posy":3,"lastAction":2,"status":0},{"playerId":2231262,"score":984,"energy":32,"posx":20,"posy":8,"lastAction":5,"status":0}],"golds":[{"posx":0,"posy":0,"amount":500},{"posx":2,"posy":2,"amount":450},{"posx":0,"posy":8,"amount":200},{"posx":20,"posy":8,"amount":750}],"changedObstacles":[{"type":3,"posx":2,"posy":3,"value":-20}]},{"players":[{"playerId":5588,"score":834,"energy":-2,"posx":7,"posy":6,"lastAction":6,"status":2},{"playerId":157815,"score":1450,"energy":33,"posx":4,"posy":0,"lastAction":4,"status":0},{"playerId":3573,"score":1284,"energy":17,"posx":2,"posy":2,"lastAction":2,"status":0},{"playerId":2231262,"score":1034,"energy":27,"posx":20,"posy":8,"lastAction":5,"status":0}],"golds":[{"posx":0,"posy":0,"amount":500},{"posx":2,"posy":2,"amount":450},{"posx":0,"posy":8,"amount":200},{"posx":20,"posy":8,"amount":700}],"changedObstacles":[]},{"players":[{"playerId":5588,"score":834,"energy":-2,"posx":7,"posy":6,"lastAction":6,"status":2},{"playerId":157815,"score":1450,"energy":50,"posx":4,"posy":0,"lastAction":4,"status":0},{"playerId":3573,"score":1334,"energy":12,"posx":2,"posy":2,"lastAction":5,"status":0},{"playerId":2231262,"score":1084,"energy":22,"posx":20,"posy":8,"lastAction":5,"status":0}],"golds":[{"posx":0,"posy":0,"amount":500},{"posx":2,"posy":2,"amount":400},{"posx":0,"posy":8,"amount":200},{"posx":20,"posy":8,"amount":650}],"changedObstacles":[]},{"players":[{"playerId":5588,"score":834,"energy":-2,"posx":7,"posy":6,"lastAction":6,"status":2},{"playerId":157815,"score":1450,"energy":40,"posx":3,"posy":0,"lastAction":0,"status":0},{"playerId":3573,"score":1384,"energy":7,"posx":2,"posy":2,"lastAction":5,"status":0},{"playerId":2231262,"score":1134,"energy":17,"posx":20,"posy":8,"lastAction":5,"status":0}],"golds":[{"posx":0,"posy":0,"amount":500},{"posx":2,"posy":2,"amount":350},{"posx":0,"posy":8,"amount":200},{"posx":20,"posy":8,"amount":600}],"changedObstacles":[{"type":0,"posx":3,"posy":0,"value":-1}]},{"players":[{"playerId":5588,"score":834,"energy":-2,"posx":7,"posy":6,"lastAction":6,"status":2},{"playerId":157815,"score":1450,"energy":39,"posx":2,"posy":0,"lastAction":0,"status":0},{"playerId":3573,"score":1434,"energy":2,"posx":2,"posy":2,"lastAction":5,"status":0},{"playerId":2231262,"score":1184,"energy":12,"posx":20,"posy":8,"lastAction":5,"status":0}],"golds":[{"posx":0,"posy":0,"amount":500},{"posx":2,"posy":2,"amount":300},{"posx":0,"posy":8,"amount":200},{"posx":20,"posy":8,"amount":550}],"changedObstacles":[]},{"players":[{"playerId":5588,"score":834,"energy":-2,"posx":7,"posy":6,"lastAction":6,"status":2},{"playerId":157815,"score":1450,"energy":29,"posx":1,"posy":0,"lastAction":0,"status":0},{"playerId":3573,"score":1434,"energy":14,"posx":2,"posy":2,"lastAction":4,"status":0},{"playerId":2231262,"score":1184,"energy":24,"posx":20,"posy":8,"lastAction":4,"status":0}],"golds":[{"posx":0,"posy":0,"amount":500},{"posx":2,"posy":2,"amount":300},{"posx":0,"posy":8,"amount":200},{"posx":20,"posy":8,"amount":550}],"changedObstacles":[{"type":0,"posx":1,"posy":0,"value":-1}]},{"players":[{"playerId":5588,"score":834,"energy":-2,"posx":7,"posy":6,"lastAction":6,"status":2},{"playerId":157815,"score":1450,"energy":25,"posx":0,"posy":0,"lastAction":0,"status":0},{"playerId":3573,"score":1434,"energy":30,"posx":2,"posy":2,"lastAction":4,"status":0},{"playerId":2231262,"score":1184,"energy":40,"posx":20,"posy":8,"lastAction":4,"status":0}],"golds":[{"posx":0,"posy":0,"amount":500},{"posx":2,"posy":2,"amount":300},{"posx":0,"posy":8,"amount":200},{"posx":20,"posy":8,"amount":550}],"changedObstacles":[]},{"players":[{"playerId":5588,"score":834,"energy":-2,"posx":7,"posy":6,"lastAction":6,"status":2},{"playerId":157815,"score":1500,"energy":20,"posx":0,"posy":0,"lastAction":5,"status":0},{"playerId":3573,"score":1434,"energy":50,"posx":2,"posy":2,"lastAction":4,"status":0},{"playerId":2231262,"score":1234,"energy":35,"posx":20,"posy":8,"lastAction":5,"status":0}],"golds":[{"posx":0,"posy":0,"amount":450},{"posx":2,"posy":2,"amount":300},{"posx":0,"posy":8,"amount":200},{"posx":20,"posy":8,"amount":500}],"changedObstacles":[]},{"players":[{"playerId":5588,"score":834,"energy":-2,"posx":7,"posy":6,"lastAction":6,"status":2},{"playerId":157815,"score":1550,"energy":15,"posx":0,"posy":0,"lastAction":5,"status":0},{"playerId":3573,"score":1484,"energy":45,"posx":2,"posy":2,"lastAction":5,"status":0},{"playerId":2231262,"score":1284,"energy":30,"posx":20,"posy":8,"lastAction":5,"status":0}],"golds":[{"posx":0,"posy":0,"amount":400},{"posx":2,"posy":2,"amount":250},{"posx":0,"posy":8,"amount":200},{"posx":20,"posy":8,"amount":450}],"changedObstacles":[]},{"players":[{"playerId":5588,"score":834,"energy":-2,"posx":7,"posy":6,"lastAction":6,"status":2},{"playerId":157815,"score":1600,"energy":10,"posx":0,"posy":0,"lastAction":5,"status":0},{"playerId":3573,"score":1534,"energy":40,"posx":2,"posy":2,"lastAction":5,"status":0},{"playerId":2231262,"score":1334,"energy":25,"posx":20,"posy":8,"lastAction":5,"status":0}],"golds":[{"posx":0,"posy":0,"amount":350},{"posx":2,"posy":2,"amount":200},{"posx":0,"posy":8,"amount":200},{"posx":20,"posy":8,"amount":400}],"changedObstacles":[]},{"players":[{"playerId":5588,"score":834,"energy":-2,"posx":7,"posy":6,"lastAction":6,"status":2},{"playerId":157815,"score":1650,"energy":5,"posx":0,"posy":0,"lastAction":5,"status":0},{"playerId":3573,"score":1584,"energy":35,"posx":2,"posy":2,"lastAction":5,"status":0},{"playerId":2231262,"score":1384,"energy":20,"posx":20,"posy":8,"lastAction":5,"status":0}],"golds":[{"posx":0,"posy":0,"amount":300},{"posx":2,"posy":2,"amount":150},{"posx":0,"posy":8,"amount":200},{"posx":20,"posy":8,"amount":350}],"changedObstacles":[]},{"players":[{"playerId":5588,"score":834,"energy":-2,"posx":7,"posy":6,"lastAction":6,"status":2},{"playerId":157815,"score":1650,"energy":17,"posx":0,"posy":0,"lastAction":4,"status":0},{"playerId":3573,"score":1634,"energy":30,"posx":2,"posy":2,"lastAction":5,"status":0},{"playerId":2231262,"score":1434,"energy":15,"posx":20,"posy":8,"lastAction":5,"status":0}],"golds":[{"posx":0,"posy":0,"amount":300},{"posx":2,"posy":2,"amount":100},{"posx":0,"posy":8,"amount":200},{"posx":20,"posy":8,"amount":300}],"changedObstacles":[]},{"players":[{"playerId":5588,"score":834,"energy":-2,"posx":7,"posy":6,"lastAction":6,"status":2},{"playerId":157815,"score":1650,"energy":33,"posx":0,"posy":0,"lastAction":4,"status":0},{"playerId":3573,"score":1684,"energy":25,"posx":2,"posy":2,"lastAction":5,"status":0},{"playerId":2231262,"score":1434,"energy":27,"posx":20,"posy":8,"lastAction":4,"status":0}],"golds":[{"posx":0,"posy":0,"amount":300},{"posx":2,"posy":2,"amount":50},{"posx":0,"posy":8,"amount":200},{"posx":20,"posy":8,"amount":300}],"changedObstacles":[]},{"players":[{"playerId":5588,"score":834,"energy":-2,"posx":7,"posy":6,"lastAction":6,"status":2},{"playerId":157815,"score":1650,"energy":50,"posx":0,"posy":0,"lastAction":4,"status":0},{"playerId":3573,"score":1734,"energy":20,"posx":2,"posy":2,"lastAction":5,"status":0},{"playerId":2231262,"score":1434,"energy":43,"posx":20,"posy":8,"lastAction":4,"status":0}],"golds":[{"posx":0,"posy":0,"amount":300},{"posx":0,"posy":8,"amount":200},{"posx":20,"posy":8,"amount":300}],"changedObstacles":[{"type":0,"posx":2,"posy":2,"value":-1}]},{"players":[{"playerId":5588,"score":834,"energy":-2,"posx":7,"posy":6,"lastAction":6,"status":2},{"playerId":157815,"score":1700,"energy":45,"posx":0,"posy":0,"lastAction":5,"status":0},{"playerId":3573,"score":1734,"energy":32,"posx":2,"posy":2,"lastAction":4,"status":0},{"playerId":2231262,"score":1484,"energy":38,"posx":20,"posy":8,"lastAction":5,"status":0}],"golds":[{"posx":0,"posy":0,"amount":250},{"posx":0,"posy":8,"amount":200},{"posx":20,"posy":8,"amount":250}],"changedObstacles":[]},{"players":[{"playerId":5588,"score":834,"energy":-2,"posx":7,"posy":6,"lastAction":6,"status":2},{"playerId":157815,"score":1750,"energy":40,"posx":0,"posy":0,"lastAction":5,"status":0},{"playerId":3573,"score":1734,"energy":48,"posx":2,"posy":2,"lastAction":4,"status":0},{"playerId":2231262,"score":1534,"energy":33,"posx":20,"posy":8,"lastAction":5,"status":0}],"golds":[{"posx":0,"posy":0,"amount":200},{"posx":0,"posy":8,"amount":200},{"posx":20,"posy":8,"amount":200}],"changedObstacles":[]},{"players":[{"playerId":5588,"score":834,"energy":-2,"posx":7,"posy":6,"lastAction":6,"status":2},{"playerId":157815,"score":1800,"energy":35,"posx":0,"posy":0,"lastAction":5,"status":0},{"playerId":3573,"score":1734,"energy":38,"posx":1,"posy":2,"lastAction":0,"status":0},{"playerId":2231262,"score":1584,"energy":28,"posx":20,"posy":8,"lastAction":5,"status":0}],"golds":[{"posx":0,"posy":0,"amount":150},{"posx":0,"posy":8,"amount":200},{"posx":20,"posy":8,"amount":150}],"changedObstacles":[{"type":0,"posx":1,"posy":2,"value":-1}]},{"players":[{"playerId":5588,"score":834,"energy":-2,"posx":7,"posy":6,"lastAction":6,"status":2},{"playerId":157815,"score":1850,"energy":30,"posx":0,"posy":0,"lastAction":5,"status":0},{"playerId":3573,"score":1734,"energy":33,"posx":1,"posy":3,"lastAction":3,"status":0},{"playerId":2231262,"score":1634,"energy":23,"posx":20,"posy":8,"lastAction":5,"status":0}],"golds":[{"posx":0,"posy":0,"amount":100},{"posx":0,"posy":8,"amount":200},{"posx":20,"posy":8,"amount":100}],"changedObstacles":[{"type":3,"posx":1,"posy":3,"value":-20}]},{"players":[{"playerId":5588,"score":834,"energy":-2,"posx":7,"posy":6,"lastAction":6,"status":2},{"playerId":157815,"score":1900,"energy":25,"posx":0,"posy":0,"lastAction":5,"status":0},{"playerId":3573,"score":1734,"energy":32,"posx":0,"posy":3,"lastAction":0,"status":0},{"playerId":2231262,"score":1684,"energy":18,"posx":20,"posy":8,"lastAction":5,"status":0}],"golds":[{"posx":0,"posy":0,"amount":50},{"posx":0,"posy":8,"amount":200},{"posx":20,"posy":8,"amount":50}],"changedObstacles":[]},{"players":[{"playerId":5588,"score":834,"energy":-2,"posx":7,"posy":6,"lastAction":6,"status":2},{"playerId":157815,"score":1950,"energy":20,"posx":0,"posy":0,"lastAction":5,"status":0},{"playerId":3573,"score":1734,"energy":22,"posx":0,"posy":4,"lastAction":3,"status":0},{"playerId":2231262,"score":1734,"energy":13,"posx":20,"posy":8,"lastAction":5,"status":0}],"golds":[{"posx":0,"posy":8,"amount":200}],"changedObstacles":[{"type":0,"posx":0,"posy":4,"value":-1},{"type":0,"posx":0,"posy":0,"value":-1},{"type":0,"posx":20,"posy":8,"value":-1}]},{"players":[{"playerId":5588,"score":834,"energy":-2,"posx":7,"posy":6,"lastAction":6,"status":2},{"playerId":157815,"score":1950,"energy":10,"posx":0,"posy":1,"lastAction":3,"status":0},{"playerId":3573,"score":1734,"energy":6,"posx":0,"posy":5,"lastAction":3,"status":0},{"playerId":2231262,"score":1734,"energy":25,"posx":20,"posy":8,"lastAction":4,"status":0}],"golds":[{"posx":0,"posy":8,"amount":200}],"changedObstacles":[{"type":0,"posx":0,"posy":1,"value":-1}]},{"players":[{"playerId":5588,"score":834,"energy":-2,"posx":7,"posy":6,"lastAction":6,"status":2},{"playerId":157815,"score":1950,"energy":22,"posx":0,"posy":1,"lastAction":4,"status":0},{"playerId":3573,"score":1734,"energy":18,"posx":0,"posy":5,"lastAction":4,"status":0},{"playerId":2231262,"score":1734,"energy":24,"posx":19,"posy":8,"lastAction":0,"status":0}],"golds":[{"posx":0,"posy":8,"amount":200}],"changedObstacles":[]},{"players":[{"playerId":5588,"score":834,"energy":-2,"posx":7,"posy":6,"lastAction":6,"status":2},{"playerId":157815,"score":1950,"energy":38,"posx":0,"posy":1,"lastAction":4,"status":0},{"playerId":3573,"score":1734,"energy":34,"posx":0,"posy":5,"lastAction":4,"status":0},{"playerId":2231262,"score":1734,"energy":19,"posx":18,"posy":8,"lastAction":0,"status":0}],"golds":[{"posx":0,"posy":8,"amount":200}],"changedObstacles":[{"type":3,"posx":18,"posy":8,"value":-20}]},{"players":[{"playerId":5588,"score":834,"energy":-2,"posx":7,"posy":6,"lastAction":6,"status":2},{"playerId":157815,"score":1950,"energy":28,"posx":0,"posy":2,"lastAction":3,"status":0},{"playerId":3573,"score":1734,"energy":50,"posx":0,"posy":5,"lastAction":4,"status":0},{"playerId":2231262,"score":1734,"energy":14,"posx":17,"posy":8,"lastAction":0,"status":0}],"golds":[{"posx":0,"posy":8,"amount":200}],"changedObstacles":[{"type":0,"posx":0,"posy":2,"value":-1},{"type":3,"posx":17,"posy":8,"value":-20}]},{"players":[{"playerId":5588,"score":834,"energy":-2,"posx":7,"posy":6,"lastAction":6,"status":2},{"playerId":157815,"score":1950,"energy":27,"posx":0,"posy":3,"lastAction":3,"status":0},{"playerId":3573,"score":1734,"energy":40,"posx":0,"posy":6,"lastAction":3,"status":0},{"playerId":2231262,"score":1734,"energy":26,"posx":17,"posy":8,"lastAction":4,"status":0}],"golds":[{"posx":0,"posy":8,"amount":200}],"changedObstacles":[{"type":0,"posx":0,"posy":6,"value":-1}]},{"players":[{"playerId":5588,"score":834,"energy":-2,"posx":7,"posy":6,"lastAction":6,"status":2},{"playerId":157815,"score":1950,"energy":26,"posx":0,"posy":4,"lastAction":3,"status":0},{"playerId":3573,"score":1734,"energy":39,"posx":0,"posy":7,"lastAction":3,"status":0},{"playerId":2231262,"score":1734,"energy":16,"posx":16,"posy":8,"lastAction":0,"status":0}],"golds":[{"posx":0,"posy":8,"amount":200}],"changedObstacles":[{"type":0,"posx":16,"posy":8,"value":-1}]},{"players":[{"playerId":5588,"score":834,"energy":-2,"posx":7,"posy":6,"lastAction":6,"status":2},{"playerId":157815,"score":1950,"energy":6,"posx":0,"posy":5,"lastAction":3,"status":0},{"playerId":3573,"score":1734,"energy":35,"posx":0,"posy":8,"lastAction":3,"status":0},{"playerId":2231262,"score":1734,"energy":28,"posx":16,"posy":8,"lastAction":4,"status":0}],"golds":[{"posx":0,"posy":8,"amount":200}],"changedObstacles":[]},{"players":[{"playerId":5588,"score":834,"energy":-2,"posx":7,"posy":6,"lastAction":6,"status":2},{"playerId":157815,"score":1950,"energy":18,"posx":0,"posy":5,"lastAction":4,"status":0},{"playerId":3573,"score":1784,"energy":30,"posx":0,"posy":8,"lastAction":5,"status":0},{"playerId":2231262,"score":1734,"energy":27,"posx":15,"posy":8,"lastAction":0,"status":0}],"golds":[{"posx":0,"posy":8,"amount":150}],"changedObstacles":[]},{"players":[{"playerId":5588,"score":834,"energy":-2,"posx":7,"posy":6,"lastAction":6,"status":2},{"playerId":157815,"score":1950,"energy":34,"posx":0,"posy":5,"lastAction":4,"status":0},{"playerId":3573,"score":1834,"energy":25,"posx":0,"posy":8,"lastAction":5,"status":0},{"playerId":2231262,"score":1734,"energy":26,"posx":14,"posy":8,"lastAction":0,"status":0}],"golds":[{"posx":0,"posy":8,"amount":100}],"changedObstacles":[]},{"players":[{"playerId":5588,"score":834,"energy":-2,"posx":7,"posy":6,"lastAction":6,"status":2},{"playerId":157815,"score":1950,"energy":50,"posx":0,"posy":5,"lastAction":4,"status":0},{"playerId":3573,"score":1884,"energy":20,"posx":0,"posy":8,"lastAction":5,"status":0},{"playerId":2231262,"score":1734,"energy":16,"posx":13,"posy":8,"lastAction":0,"status":0}],"golds":[{"posx":0,"posy":8,"amount":50}],"changedObstacles":[{"type":0,"posx":13,"posy":8,"value":-1}]},{"players":[{"playerId":5588,"score":834,"energy":-2,"posx":7,"posy":6,"lastAction":6,"status":2},{"playerId":157815,"score":1950,"energy":50,"posx":0,"posy":5,"lastAction":4,"status":0},{"playerId":3573,"score":1934,"energy":15,"posx":0,"posy":8,"lastAction":5,"status":0},{"playerId":2231262,"score":1734,"energy":28,"posx":13,"posy":8,"lastAction":4,"status":0}],"golds":[],"changedObstacles":[{"type":0,"posx":0,"posy":8,"value":-1}]}]