[{"players":[{"playerId":3944,"score":0,"energy":49,"posx":15,"posy":3,"lastAction":1,"status":0},{"playerId":2234905,"score":0,"energy":40,"posx":14,"posy":4,"lastAction":3,"status":0},{"playerId":2294637,"score":0,"energy":49,"posx":15,"posy":3,"lastAction":1,"status":0},{"playerId":2271981,"score":0,"energy":49,"posx":15,"posy":3,"lastAction":1,"status":0}],"golds":[{"posx":18,"posy":6,"amount":650},{"posx":5,"posy":6,"amount":400},{"posx":13,"posy":5,"amount":350},{"posx":18,"posy":4,"amount":50},{"posx":17,"posy":6,"amount":350},{"posx":7,"posy":2,"amount":150},{"posx":15,"posy":7,"amount":50},{"posx":16,"posy":5,"amount":400},{"posx":18,"posy":2,"amount":600},{"posx":6,"posy":0,"amount":250},{"posx":2,"posy":3,"amount":400},{"posx":19,"posy":1,"amount":450},{"posx":17,"posy":4,"amount":600},{"posx":17,"posy":7,"amount":350},{"posx":3,"posy":7,"amount":200},{"posx":6,"posy":2,"amount":50},{"posx":16,"posy":6,"amount":750},{"posx":1,"posy":0,"amount":300},{"posx":7,"posy":4,"amount":600},{"posx":1,"posy":6,"amount":100}],"changedObstacles":[{"type":0,"posx":14,"posy":4,"value":-1}]},{"players":[{"playerId":3944,"score":0,"energy":44,"posx":16,"posy":3,"lastAction":1,"status":0},{"playerId":2234905,"score":0,"energy":26,"posx":14,"posy":5,"lastAction":3,"status":0},{"playerId":2294637,"score":0,"energy":44,"posx":15,"posy":4,"lastAction":3,"status":0},{"playerId":2271981,"score":0,"energy":44,"posx":15,"posy":4,"lastAction":3,"status":0}],"golds":[{"posx":18,"posy":6,"amount":650},{"posx":5,"posy":6,"amount":400},{"posx":13,"posy":5,"amount":350},{"posx":18,"posy":4,"amount":50},{"posx":17,"posy":6,"amount":350},{"posx":7,"posy":2,"amount":150},{"posx":15,"posy":7,"amount":50},{"posx":16,"posy":5,"amount":400},{"posx":18,"posy":2,"amount":600},{"posx":6,"posy":0,"amount":250},{"posx":2,"posy":3,"amount":400},{"posx":19,"posy":1,"amount":450},{"posx":17,"posy":4,"amount":600},{"posx":17,"posy":7,"amount":350},{"posx":3,"posy":7,"amount":200},{"posx":6,"posy":2,"amount":50},{"posx":16,"posy":6,"amount":750},{"posx":1,"posy":0,"amount":300},{"posx":7,"posy":4,"amount":600},{"posx":1,"posy":6,"amount":100}],"changedObstacles":[{"type":3,"posx":15,"posy":4,"value":-20},{"type":3,"posx":16,"posy":3,"value":-20}]},{"players":[{"playerId":3944,"score":0,"energy":39,"posx":17,"posy":3,"lastAction":1,"status":0},{"playerId":2234905,"score":0,"energy":25,"posx":14,"posy":6,"lastAction":3,"status":0},{"playerId":2294637,"score":0,"energy":43,"posx":15,"posy":5,"lastAction":3,"status":0},{"playerId":2271981,"score":0,"energy":43,"posx":15,"posy":5,"lastAction":3,"status":0}],"golds":[{"posx":18,"posy":6,"amount":650},{"posx":5,"posy":6,"amount":400},{"posx":13,"posy":5,"amount":350},{"posx":18,"posy":4,"amount":50},{"posx":17,"posy":6,"amount":350},{"posx":7,"posy":2,"amount":150},{"posx":15,"posy":7,"amount":50},{"posx":16,"posy":5,"amount":400},{"posx":18,"posy":2,"amount":600},{"posx":6,"posy":0,"amount":250},{"posx":2,"posy":3,"amount":400},{"posx":19,"posy":1,"amount":450},{"posx":17,"posy":4,"amount":600},{"posx":17,"posy":7,"amount":350},{"posx":3,"posy":7,"amount":200},{"posx":6,"posy":2,"amount":50},{"posx":16,"posy":6,"amount":750},{"posx":1,"posy":0,"amount":300},{"posx":7,"posy":4,"amount":600},{"posx":1,"posy":6,"amount":100}],"changedObstacles":[{"type":3,"posx":17,"posy":3,"value":-20}]},{"players":[{"playerId":3944,"score":0,"energy":35,"posx":17,"posy":4,"lastAction":3,"status":0},{"playerId":2234905,"score":0,"energy":37,"posx":14,"posy":6,"lastAction":4,"status":0},{"playerId":2294637,"score":0,"energy":42,"posx":15,"posy":6,"lastAction":3,"status":0},{"playerId":2271981,"score":0,"energy":39,"posx":16,"posy":5,"lastAction":1,"status":0}],"golds":[{"posx":18,"posy":6,"amount":650},{"posx":5,"posy":6,"amount":400},{"posx":13,"posy":5,"amount":350},{"posx":18,"posy":4,"amount":50},{"posx":17,"posy":6,"amount":350},{"posx":7,"posy":2,"amount":150},{"posx":15,"posy":7,"amount":50},{"posx":16,"posy":5,"amount":400},{"posx":18,"posy":2,"amount":600},{"posx":6,"posy":0,"amount":250},{"posx":2,"posy":3,"amount":400},{"posx":19,"posy":1,"amount":450},{"posx":17,"posy":4,"amount":600},{"posx":17,"posy":7,"amount":350},{"posx":3,"posy":7,"amount":200},{"posx":6,"posy":2,"amount":50},{"posx":16,"posy":6,"amount":750},{"posx":1,"posy":0,"amount":300},{"posx":7,"posy":4,"amount":600},{"posx":1,"posy":6,"amount":100}],"changedObstacles":[]},{"players":[{"playerId":3944,"score":50,"energy":30,"posx":17,"posy":4,"lastAction":5,"status":0},{"playerId":2234905,"score":0,"energy":36,"posx":15,"posy":6,"lastAction":1,"status":0},{"playerId":2294637,"score":0,"energy":38,"posx":16,"posy":6,"lastAction":1,"status":0},{"playerId":2271981,"score":50,"energy":34,"posx":16,"posy":5,"lastAction":5,"status":0}],"golds":[{"posx":1,"posy":0,"amount":300},{"posx":6,"posy":0,"amount":250},{"posx":19,"posy":1,"amount":450},{"posx":6,"posy":2,"amount":50},{"posx":7,"posy":2,"amount":150},{"posx":18,"posy":2,"amount":600},{"posx":2,"posy":3,"amount":400},{"posx":7,"posy":4,"amount":600},{"posx":17,"posy":4,"amount":550},{"posx":18,"posy":4,"amount":50},{"posx":13,"posy":5,"amount":350},{"posx":16,"posy":5,"amount":350},{"posx":1,"posy":6,"amount":100},{"posx":5,"posy":6,"amount":400},{"posx":16,"posy":6,"amount":750},{"posx":17,"posy":6,"amount":350},{"posx":18,"posy":6,"amount":650},{"posx":3,"posy":7,"amount":200},{"posx":15,"posy":7,"amount":50},{"posx":17,"posy":7,"amount":350}],"changedObstacles":[]},{"players":[{"playerId":3944,"score":100,"energy":25,"posx":17,"posy":4,"lastAction":5,"status":0},{"playerId":2234905,"score":0,"energy":48,"posx":15,"posy":6,"lastAction":4,"status":0},{"playerId":2294637,"score":50,"energy":33,"posx":16,"posy":6,"lastAction":5,"status":0},{"playerId":2271981,"score":100,"energy":29,"posx":16,"posy":5,"lastAction":5,"status":0}],"golds":[{"posx":1,"posy":0,"amount":300},{"posx":6,"posy":0,"amount":250},{"posx":19,"posy":1,"amount":450},{"posx":6,"posy":2,"amount":50},{"posx":7,"posy":2,"amount":150},{"posx":18,"posy":2,"amount":600},{"posx":2,"posy":3,"amount":400},{"posx":7,"posy":4,"amount":600},{"posx":17,"posy":4,"amount":500},{"posx":18,"posy":4,"amount":50},{"posx":13,"posy":5,"amount":350},{"posx":16,"posy":5,"amount":300},{"posx":1,"posy":6,"amount":100},{"posx":5,"posy":6,"amount":400},{"posx":16,"posy":6,"amount":700},{"posx":17,"posy":6,"amount":350},{"posx":18,"posy":6,"amount":650},{"posx":3,"posy":7,"amount":200},{"posx":15,"posy":7,"amount":50},{"posx":17,"posy":7,"amount":350}],"changedObstacles":[]},{"players":[{"playerId":3944,"score":150,"energy":20,"posx":17,"posy":4,"lastAction":5,"status":0},{"playerId":2234905,"score":0,"energy":44,"posx":16,"posy":6,"lastAction":1,"status":0},{"playerId":2294637,"score":100,"energy":28,"posx":16,"posy":6,"lastAction":5,"status":0},{"playerId":2271981,"score":150,"energy":24,"posx":16,"posy":5,"lastAction":5,"status":0}],"golds":[{"posx":1,"posy":0,"amount":300},{"posx":6,"posy":0,"amount":250},{"posx":19,"posy":1,"amount":450},{"posx":6,"posy":2,"amount":50},{"posx":7,"posy":2,"amount":150},{"posx":18,"posy":2,"amount":600},{"posx":2,"posy":3,"amount":400},{"posx":7,"posy":4,"amount":600},{"posx":17,"posy":4,"amount":450},{"posx":18,"posy":4,"amount":50},{"posx":13,"posy":5,"amount":350},{"posx":16,"posy":5,"amount":250},{"posx":1,"posy":6,"amount":100},{"posx":5,"posy":6,"amount":400},{"posx":16,"posy":6,"amount":650},{"posx":17,"posy":6,"amount":350},{"posx":18,"posy":6,"amount":650},{"posx":3,"posy":7,"amount":200},{"posx":15,"posy":7,"amount":50},{"posx":17,"posy":7,"amount":350}],"changedObstacles":[]},{"players":[{"playerId":3944,"score":200,"energy":15,"posx":17,"posy":4,"lastAction":5,"status":0},{"playerId":2234905,"score":50,"energy":39,"posx":16,"posy":6,"lastAction":5,"status":0},{"playerId":2294637,"score":150,"energy":23,"posx":16,"posy":6,"lastAction":5,"status":0},{"playerId":2271981,"score":200,"energy":19,"posx":16,"posy":5,"lastAction":5,"status":0}],"golds":[{"posx":1,"posy":0,"amount":300},{"posx":6,"posy":0,"amount":250},{"posx":19,"posy":1,"amount":450},{"posx":6,"posy":2,"amount":50},{"posx":7,"posy":2,"amount":150},{"posx":18,"posy":2,"amount":600},{"posx":2,"posy":3,"amount":400},{"posx":7,"posy":4,"amount":600},{"posx":17,"posy":4,"amount":400},{"posx":18,"posy":4,"amount":50},{"posx":13,"posy":5,"amount":350},{"posx":16,"posy":5,"amount":200},{"posx":1,"posy":6,"amount":100},{"posx":5,"posy":6,"amount":400},{"posx":16,"posy":6,"amount":550},{"posx":17,"posy":6,"amount":350},{"posx":18,"posy":6,"amount":650},{"posx":3,"posy":7,"amount":200},{"posx":15,"posy":7,"amount":50},{"posx":17,"posy":7,"amount":350}],"changedObstacles":[]},{"players":[{"playerId":3944,"score":250,"energy":10,"posx":17,"posy":4,"lastAction":5,"status":0},{"playerId":2234905,"score":100,"energy":34,"posx":16,"posy":6,"lastAction":5,"status":0},{"playerId":2294637,"score":200,"energy":18,"posx":16,"posy":6,"lastAction":5,"status":0},{"playerId":2271981,"score":250,"energy":14,"posx":16,"posy":5,"lastAction":5,"status":0}],"golds":[{"posx":1,"posy":0,"amount":300},{"posx":6,"posy":0,"amount":250},{"posx":19,"posy":1,"amount":450},{"posx":6,"posy":2,"amount":50},{"posx":7,"posy":2,"amount":150},{"posx":18,"posy":2,"amount":600},{"posx":2,"posy":3,"amount":400},{"posx":7,"posy":4,"amount":600},{"posx":17,"posy":4,"amount":350},{"posx":18,"posy":4,"amount":50},{"posx":13,"posy":5,"amount":350},{"posx":16,"posy":5,"amount":150},{"posx":1,"posy":6,"amount":100},{"posx":5,"posy":6,"amount":400},{"posx":16,"posy":6,"amount":450},{"posx":17,"posy":6,"amount":350},{"posx":18,"posy":6,"amount":650},{"posx":3,"posy":7,"amount":200},{"posx":15,"posy":7,"amount":50},{"posx":17,"posy":7,"amount":350}],"changedObstacles":[]},{"players":[{"playerId":3944,"score":300,"energy":5,"posx":17,"posy":4,"lastAction":5,"status":0},{"playerId":2234905,"score":100,"energy":46,"posx":16,"posy":6,"lastAction":4,"status":0},{"playerId":2294637,"score":250,"energy":13,"posx":16,"posy":6,"lastAction":5,"status":0},{"playerId":2271981,"score":300,"energy":9,"posx":16,"posy":5,"lastAction":5,"status":0}],"golds":[{"posx":1,"posy":0,"amount":300},{"posx":6,"posy":0,"amount":250},{"posx":19,"posy":1,"amount":450},{"posx":6,"posy":2,"amount":50},{"posx":7,"posy":2,"amount":150},{"posx":18,"posy":2,"amount":600},{"posx":2,"posy":3,"amount":400},{"posx":7,"posy":4,"amount":600},{"posx":17,"posy":4,"amount":300},{"posx":18,"posy":4,"amount":50},{"posx":13,"posy":5,"amount":350},{"posx":16,"posy":5,"amount":100},{"posx":1,"posy":6,"amount":100},{"posx":5,"posy":6,"amount":400},{"posx":16,"posy":6,"amount":400},{"posx":17,"posy":6,"amount":350},{"posx":18,"posy":6,"amount":650},{"posx":3,"posy":7,"amount":200},{"posx":15,"posy":7,"amount":50},{"posx":17,"posy":7,"amount":350}],"changedObstacles":[]},{"players":[{"playerId":3944,"score":300,"energy":17,"posx":17,"posy":4,"lastAction":4,"status":0},{"playerId":2234905,"score":150,"energy":41,"posx":16,"posy":6,"lastAction":5,"status":0},{"playerId":2294637,"score":300,"energy":8,"posx":16,"posy":6,"lastAction":5,"status":0},{"playerId":2271981,"score":350,"energy":4,"posx":16,"posy":5,"lastAction":5,"status":0}],"golds":[{"posx":1,"posy":0,"amount":300},{"posx":6,"posy":0,"amount":250},{"posx":19,"posy":1,"amount":450},{"posx":6,"posy":2,"amount":50},{"posx":7,"posy":2,"amount":150},{"posx":18,"posy":2,"amount":600},{"posx":2,"posy":3,"amount":400},{"posx":7,"posy":4,"amount":600},{"posx":17,"posy":4,"amount":300},{"posx":18,"posy":4,"amount":50},{"posx":13,"posy":5,"amount":350},{"posx":16,"posy":5,"amount":50},{"posx":1,"posy":6,"amount":100},{"posx":5,"posy":6,"amount":400},{"posx":16,"posy":6,"amount":300},{"posx":17,"posy":6,"amount":350},{"posx":18,"posy":6,"amount":650},{"posx":3,"posy":7,"amount":200},{"posx":15,"posy":7,"amount":50},{"posx":17,"posy":7,"amount":350}],"changedObstacles":[]},{"players":[{"playerId":3944,"score":300,"energy":33,"posx":17,"posy":4,"lastAction":4,"status":0},{"playerId":2234905,"score":200,"energy":36,"posx":16,"posy":6,"lastAction":5,"status":0},{"playerId":2294637,"score":350,"energy":3,"posx":16,"posy":6,"lastAction":5,"status":0},{"playerId":2271981,"score":350,"energy":16,"posx":16,"posy":5,"lastAction":4,"status":0}],"golds":[{"posx":1,"posy":0,"amount":300},{"posx":6,"posy":0,"amount":250},{"posx":19,"posy":1,"amount":450},{"posx":6,"posy":2,"amount":50},{"posx":7,"posy":2,"amount":150},{"posx":18,"posy":2,"amount":600},{"posx":2,"posy":3,"amount":400},{"posx":7,"posy":4,"amount":600},{"posx":17,"posy":4,"amount":300},{"posx":18,"posy":4,"amount":50},{"posx":13,"posy":5,"amount":350},{"posx":16,"posy":5,"amount":50},{"posx":1,"posy":6,"amount":100},{"posx":5,"posy":6,"amount":400},{"posx":16,"posy":6,"amount":200},{"posx":17,"posy":6,"amount":350},{"posx":18,"posy":6,"amount":650},{"posx":3,"posy":7,"amount":200},{"posx":15,"posy":7,"amount":50},{"posx":17,"posy":7,"amount":350}],"changedObstacles":[]},{"players":[{"playerId":3944,"score":300,"energy":50,"posx":17,"posy":4,"lastAction":4,"status":0},{"playerId":2234905,"score":200,"energy":48,"posx":16,"posy":6,"lastAction":4,"status":0},{"playerId":2294637,"score":350,"energy":15,"posx":16,"posy":6,"lastAction":4,"status":0},{"playerId":2271981,"score":400,"energy":11,"posx":16,"posy":5,"lastAction":5,"status":0}],"golds":[{"posx":1,"posy":0,"amount":300},{"posx":6,"posy":0,"amount":250},{"posx":19,"posy":1,"amount":450},{"posx":6,"posy":2,"amount":50},{"posx":7,"posy":2,"amount":150},{"posx":18,"posy":2,"amount":600},{"posx":2,"posy":3,"amount":400},{"posx":7,"posy":4,"amount":600},{"posx":17,"posy":4,"amount":300},{"posx":18,"posy":4,"amount":50},{"posx":13,"posy":5,"amount":350},{"posx":1,"posy":6,"amount":100},{"posx":5,"posy":6,"amount":400},{"posx":16,"posy":6,"amount":200},{"posx":17,"posy":6,"amount":350},{"posx":18,"posy":6,"amount":650},{"posx":3,"posy":7,"amount":200},{"posx":15,"posy":7,"amount":50},{"posx":17,"posy":7,"amount":350}],"changedObstacles":[{"type":0,"posx":16,"posy":5,"value":-1}]},{"players":[{"playerId":3944,"score":350,"energy":45,"posx":17,"posy":4,"lastAction":5,"status":0},{"playerId":2234905,"score":250,"energy":43,"posx":16,"posy":6,"lastAction":5,"status":0},{"playerId":2294637,"score":400,"energy":10,"posx":16,"posy":6,"lastAction":5,"status":0},{"playerId":2271981,"score":400,"energy":7,"posx":16,"posy":6,"lastAction":3,"status":0}],"golds":[{"posx":1,"posy":0,"amount":300},{"posx":6,"posy":0,"amount":250},{"posx":19,"posy":1,"amount":450},{"posx":6,"posy":2,"amount":50},{"posx":7,"posy":2,"amount":150},{"posx":18,"posy":2,"amount":600},{"posx":2,"posy":3,"amount":400},{"posx":7,"posy":4,"amount":600},{"posx":17,"posy":4,"amount":250},{"posx":18,"posy":4,"amount":50},{"posx":13,"posy":5,"amount":350},{"posx":1,"posy":6,"amount":100},{"posx":5,"posy":6,"amount":400},{"posx":16,"posy":6,"amount":100},{"posx":17,"posy":6,"amount":350},{"posx":18,"posy":6,"amount":650},{"posx":3,"posy":7,"amount":200},{"posx":15,"posy":7,"amount":50},{"posx":17,"posy":7,"amount":350}],"changedObstacles":[]},{"players":[{"playerId":3944,"score":400,"energy":40,"posx":17,"posy":4,"lastAction":5,"status":0},{"playerId":2234905,"score":300,"energy":38,"posx":16,"posy":6,"lastAction":5,"status":0},{"playerId":2294637,"score":450,"energy":5,"posx":16,"posy":6,"lastAction":5,"status":0},{"playerId":2271981,"score":400,"energy":3,"posx":17,"posy":6,"lastAction":1,"status":0}],"golds":[{"posx":1,"posy":0,"amount":300},{"posx":6,"posy":0,"amount":250},{"posx":19,"posy":1,"amount":450},{"posx":6,"posy":2,"amount":50},{"posx":7,"posy":2,"amount":150},{"posx":18,"posy":2,"amount":600},{"posx":2,"posy":3,"amount":400},{"posx":7,"posy":4,"amount":600},{"posx":17,"posy":4,"amount":200},{"posx":18,"posy":4,"amount":50},{"posx":13,"posy":5,"amount":350},{"posx":1,"posy":6,"amount":100},{"posx":5,"posy":6,"amount":400},{"posx":17,"posy":6,"amount":350},{"posx":18,"posy":6,"amount":650},{"posx":3,"posy":7,"amount":200},{"posx":15,"posy":7,"amount":50},{"posx":17,"posy":7,"amount":350}],"changedObstacles":[{"type":0,"posx":16,"posy":6,"value":-1}]},{"players":[{"playerId":3944,"score":450,"energy":35,"posx":17,"posy":4,"lastAction":5,"status":0},{"playerId":2234905,"score":300,"energy":34,"posx":17,"posy":6,"lastAction":1,"status":0},{"playerId":2294637,"score":450,"energy":17,"posx":16,"posy":6,"lastAction":4,"status":0},{"playerId":2271981,"score":400,"energy":15,"posx":17,"posy":6,"lastAction":4,"status":0}],"golds":[{"posx":1,"posy":0,"amount":300},{"posx":6,"posy":0,"amount":250},{"posx":19,"posy":1,"amount":450},{"posx":6,"posy":2,"amount":50},{"posx":7,"posy":2,"amount":150},{"posx":18,"posy":2,"amount":600},{"posx":2,"posy":3,"amount":400},{"posx":7,"posy":4,"amount":600},{"posx":17,"posy":4,"amount":150},{"posx":18,"posy":4,"amount":50},{"posx":13,"posy":5,"amount":350},{"posx":1,"posy":6,"amount":100},{"posx":5,"posy":6,"amount":400},{"posx":17,"posy":6,"amount":350},{"posx":18,"posy":6,"amount":650},{"posx":3,"posy":7,"amount":200},{"posx":15,"posy":7,"amount":50},{"posx":17,"posy":7,"amount":350}],"changedObstacles":[]},{"players":[{"playerId":3944,"score":500,"energy":30,"posx":17,"posy":4,"lastAction":5,"status":0},{"playerId":2234905,"score":300,"energy":46,"posx":17,"posy":6,"lastAction":4,"status":0},{"playerId":2294637,"score":450,"energy":33,"posx":16,"posy":6,"lastAction":4,"status":0},{"playerId":2271981,"score":400,"energy":11,"posx":18,"posy":6,"lastAction":1,"status":0}],"golds":[{"posx":1,"posy":0,"amount":300},{"posx":6,"posy":0,"amount":250},{"posx":19,"posy":1,"amount":450},{"posx":6,"posy":2,"amount":50},{"posx":7,"posy":2,"amount":150},{"posx":18,"posy":2,"amount":600},{"posx":2,"posy":3,"amount":400},{"posx":7,"posy":4,"amount":600},{"posx":17,"posy":4,"amount":100},{"posx":18,"posy":4,"amount":50},{"posx":13,"posy":5,"amount":350},{"posx":1,"posy":6,"amount":100},{"posx":5,"posy":6,"amount":400},{"posx":17,"posy":6,"amount":350},{"posx":18,"posy":6,"amount":650},{"posx":3,"posy":7,"amount":200},{"posx":15,"posy":7,"amount":50},{"posx":17,"posy":7,"amount":350}],"changedObstacles":[]},{"players":[{"playerId":3944,"score":550,"energy":25,"posx":17,"posy":4,"lastAction":5,"status":0},{"playerId":2234905,"score":350,"energy":41,"posx":17,"posy":6,"lastAction":5,"status":0},{"playerId":2294637,"score":450,"energy":50,"posx":16,"posy":6,"lastAction":4,"status":0},{"playerId":2271981,"score":450,"energy":6,"posx":18,"posy":6,"lastAction":5,"status":0}],"golds":[{"posx":1,"posy":0,"amount":300},{"posx":6,"posy":0,"amount":250},{"posx":19,"posy":1,"amount":450},{"posx":6,"posy":2,"amount":50},{"posx":7,"posy":2,"amount":150},{"posx":18,"posy":2,"amount":600},{"posx":2,"posy":3,"amount":400},{"posx":7,"posy":4,"amount":600},{"posx":17,"posy":4,"amount":50},{"posx":18,"posy":4,"amount":50},{"posx":13,"posy":5,"amount":350},{"posx":1,"posy":6,"amount":100},{"posx":5,"posy":6,"amount":400},{"posx":17,"posy":6,"amount":300},{"posx":18,"posy":6,"amount":600},{"posx":3,"posy":7,"amount":200},{"posx":15,"posy":7,"amount":50},{"posx":17,"posy":7,"amount":350}],"changedObstacles":[]},{"players":[{"playerId":3944,"score":600,"energy":20,"posx":17,"posy":4,"lastAction":5,"status":0},{"playerId":2234905,"score":400,"energy":36,"posx":17,"posy":6,"lastAction":5,"status":0},{"playerId":2294637,"score":450,"energy":46,"posx":17,"posy":6,"lastAction":1,"status":0},{"playerId":2271981,"score":500,"energy":1,"posx":18,"posy":6,"lastAction":5,"status":0}],"golds":[{"posx":1,"posy":0,"amount":300},{"posx":6,"posy":0,"amount":250},{"posx":19,"posy":1,"amount":450},{"posx":6,"posy":2,"amount":50},{"posx":7,"posy":2,"amount":150},{"posx":18,"posy":2,"amount":600},{"posx":2,"posy":3,"amount":400},{"posx":7,"posy":4,"amount":600},{"posx":18,"posy":4,"amount":50},{"posx":13,"posy":5,"amount":350},{"posx":1,"posy":6,"amount":100},{"posx":5,"posy":6,"amount":400},{"posx":17,"posy":6,"amount":250},{"posx":18,"posy":6,"amount":550},{"posx":3,"posy":7,"amount":200},{"posx":15,"posy":7,"amount":50},{"posx":17,"posy":7,"amount":350}],"changedObstacles":[{"type":0,"posx":17,"posy":4,"value":-1}]},{"players":[{"playerId":3944,"score":600,"energy":16,"posx":18,"posy":4,"lastAction":1,"status":0},{"playerId":2234905,"score":400,"energy":48,"posx":17,"posy":6,"lastAction":4,"status":0},{"playerId":2294637,"score":500,"energy":41,"posx":17,"posy":6,"lastAction":5,"status":0},{"playerId":2271981,"score":500,"energy":13,"posx":18,"posy":6,"lastAction":4,"status":0}],"golds":[{"posx":1,"posy":0,"amount":300},{"posx":6,"posy":0,"amount":250},{"posx":19,"posy":1,"amount":450},{"posx":6,"posy":2,"amount":50},{"posx":7,"posy":2,"amount":150},{"posx":18,"posy":2,"amount":600},{"posx":2,"posy":3,"amount":400},{"posx":7,"posy":4,"amount":600},{"posx":18,"posy":4,"amount":50},{"posx":13,"posy":5,"amount":350},{"posx":1,"posy":6,"amount":100},{"posx":5,"posy":6,"amount":400},{"posx":17,"posy":6,"amount":200},{"posx":18,"posy":6,"amount":550},{"posx":3,"posy":7,"amount":200},{"posx":15,"posy":7,"amount":50},{"posx":17,"posy":7,"amount":350}],"changedObstacles":[]},{"players":[{"playerId":3944,"score":650,"energy":11,"posx":18,"posy":4,"lastAction":5,"status":0},{"playerId":2234905,"score":450,"energy":43,"posx":17,"posy":6,"lastAction":5,"status":0},{"playerId":2294637,"score":550,"energy":36,"posx":17,"posy":6,"lastAction":5,"status":0},{"playerId":2271981,"score":550,"energy":8,"posx":18,"posy":6,"lastAction":5,"status":0}],"golds":[{"posx":1,"posy":0,"amount":300},{"posx":6,"posy":0,"amount":250},{"posx":19,"posy":1,"amount":450},{"posx":6,"posy":2,"amount":50},{"posx":7,"posy":2,"amount":150},{"posx":18,"posy":2,"amount":600},{"posx":2,"posy":3,"amount":400},{"posx":7,"posy":4,"amount":600},{"posx":13,"posy":5,"amount":350},{"posx":1,"posy":6,"amount":100},{"posx":5,"posy":6,"amount":400},{"posx":17,"posy":6,"amount":100},{"posx":18,"posy":6,"amount":500},{"posx":3,"posy":7,"amount":200},{"posx":15,"posy":7,"amount":50},{"posx":17,"posy":7,"amount":350}],"changedObstacles":[{"type":0,"posx":18,"posy":4,"value":-1}]},{"players":[{"playerId":3944,"score":650,"energy":10,"posx":18,"posy":5,"lastAction":3,"status":0},{"playerId":2234905,"score":500,"energy":38,"posx":17,"posy":6,"lastAction":5,"status":0},{"playerId":2294637,"score":600,"energy":31,"posx":17,"posy":6,"lastAction":5,"status":0},{"playerId":2271981,"score":600,"energy":3,"posx":18,"posy":6,"lastAction":5,"status":0}],"golds":[{"posx":1,"posy":0,"amount":300},{"posx":6,"posy":0,"amount":250},{"posx":19,"posy":1,"amount":450},{"posx":6,"posy":2,"amount":50},{"posx":7,"posy":2,"amount":150},{"posx":18,"posy":2,"amount":600},{"posx":2,"posy":3,"amount":400},{"posx":7,"posy":4,"amount":600},{"posx":13,"posy":5,"amount":350},{"posx":1,"posy":6,"amount":100},{"posx":5,"posy":6,"amount":400},{"posx":18,"posy":6,"amount":450},{"posx":3,"posy":7,"amount":200},{"posx":15,"posy":7,"amount":50},{"posx":17,"posy":7,"amount":350}],"changedObstacles":[{"type":0,"posx":17,"posy":6,"value":-1}]},{"players":[{"playerId":3944,"score":650,"energy":6,"posx":18,"posy":6,"lastAction":3,"status":0},{"playerId":2234905,"score":500,"energy":37,"posx":17,"posy":5,"lastAction":2,"status":0},{"playerId":2294637,"score":600,"energy":27,"posx":18,"posy":6,"lastAction":1,"status":0},{"playerId":2271981,"score":600,"energy":15,"posx":18,"posy":6,"lastAction":4,"status":0}],"golds":[{"posx":1,"posy":0,"amount":300},{"posx":6,"posy":0,"amount":250},{"posx":19,"posy":1,"amount":450},{"posx":6,"posy":2,"amount":50},{"posx":7,"posy":2,"amount":150},{"posx":18,"posy":2,"amount":600},{"posx":2,"posy":3,"amount":400},{"posx":7,"posy":4,"amount":600},{"posx":13,"posy":5,"amount":350},{"posx":1,"posy":6,"amount":100},{"posx":5,"posy":6,"amount":400},{"posx":18,"posy":6,"amount":450},{"posx":3,"posy":7,"amount":200},{"posx":15,"posy":7,"amount":50},{"posx":17,"posy":7,"amount":350}],"changedObstacles":[]},{"players":[{"playerId":3944,"score":700,"energy":1,"posx":18,"posy":6,"lastAction":5,"status":0},{"playerId":2234905,"score":500,"energy":36,"posx":17,"posy":4,"lastAction":2,"status":0},{"playerId":2294637,"score":650,"energy":22,"posx":18,"posy":6,"lastAction":5,"status":0},{"playerId":2271981,"score":650,"energy":10,"posx":18,"posy":6,"lastAction":5,"status":0}],"golds":[{"posx":1,"posy":0,"amount":300},{"posx":6,"posy":0,"amount":250},{"posx":19,"posy":1,"amount":450},{"posx":6,"posy":2,"amount":50},{"posx":7,"posy":2,"amount":150},{"posx":18,"posy":2,"amount":600},{"posx":2,"posy":3,"amount":400},{"posx":7,"posy":4,"amount":600},{"posx":13,"posy":5,"amount":350},{"posx":1,"posy":6,"amount":100},{"posx":5,"posy":6,"amount":400},{"posx":18,"posy":6,"amount":300},{"posx":3,"posy":7,"amount":200},{"posx":15,"posy":7,"amount":50},{"posx":17,"posy":7,"amount":350}],"changedObstacles":[]},{"players":[{"playerId":3944,"score":700,"energy":13,"posx":18,"posy":6,"lastAction":4,"status":0},{"playerId":2234905,"score":500,"energy":16,"posx":17,"posy":3,"lastAction":2,"status":0},{"playerId":2294637,"score":700,"energy":17,"posx":18,"posy":6,"lastAction":5,"status":0},{"playerId":2271981,"score":700,"energy":5,"posx":18,"posy":6,"lastAction":5,"status":0}],"golds":[{"posx":1,"posy":0,"amount":300},{"posx":6,"posy":0,"amount":250},{"posx":19,"posy":1,"amount":450},{"posx":6,"posy":2,"amount":50},{"posx":7,"posy":2,"amount":150},{"posx":18,"posy":2,"amount":600},{"posx":2,"posy":3,"amount":400},{"posx":7,"posy":4,"amount":600},{"posx":13,"posy":5,"amount":350},{"posx":1,"posy":6,"amount":100},{"posx":5,"posy":6,"amount":400},{"posx":18,"posy":6,"amount":200},{"posx":3,"posy":7,"amount":200},{"posx":15,"posy":7,"amount":50},{"posx":17,"posy":7,"amount":350}],"changedObstacles":[{"type":3,"posx":17,"posy":3,"value":-40}]},{"players":[{"playerId":3944,"score":700,"energy":29,"posx":18,"posy":6,"lastAction":4,"status":0},{"playerId":2234905,"score":500,"energy":28,"posx":17,"posy":3,"lastAction":4,"status":0},{"playerId":2294637,"score":750,"energy":12,"posx":18,"posy":6,"lastAction":5,"status":0},{"playerId":2271981,"score":700,"energy":17,"posx":18,"posy":6,"lastAction":4,"status":0}],"golds":[{"posx":1,"posy":0,"amount":300},{"posx":6,"posy":0,"amount":250},{"posx":19,"posy":1,"amount":450},{"posx":6,"posy":2,"amount":50},{"posx":7,"posy":2,"amount":150},{"posx":18,"posy":2,"amount":600},{"posx":2,"posy":3,"amount":400},{"posx":7,"posy":4,"amount":600},{"posx":13,"posy":5,"amount":350},{"posx":1,"posy":6,"amount":100},{"posx":5,"posy":6,"amount":400},{"posx":18,"posy":6,"amount":150},{"posx":3,"posy":7,"amount":200},{"posx":15,"posy":7,"amount":50},{"posx":17,"posy":7,"amount":350}],"changedObstacles":[]},{"players":[{"playerId":3944,"score":700,"energy":50,"posx":18,"posy":6,"lastAction":4,"status":0},{"playerId":2234905,"score":500,"energy":22,"posx":17,"posy":2,"lastAction":2,"status":0},{"playerId":2294637,"score":800,"energy":7,"posx":18,"posy":6,"lastAction":5,"status":0},{"playerId":2271981,"score":750,"energy":12,"posx":18,"posy":6,"lastAction":5,"status":0}],"golds":[{"posx":1,"posy":0,"amount":300},{"posx":6,"posy":0,"amount":250},{"posx":19,"posy":1,"amount":450},{"posx":6,"posy":2,"amount":50},{"posx":7,"posy":2,"amount":150},{"posx":18,"posy":2,"amount":600},{"posx":2,"posy":3,"amount":400},{"posx":7,"posy":4,"amount":600},{"posx":13,"posy":5,"amount":350},{"posx":1,"posy":6,"amount":100},{"posx":5,"posy":6,"amount":400},{"posx":18,"posy":6,"amount":50},{"posx":3,"posy":7,"amount":200},{"posx":15,"posy":7,"amount":50},{"posx":17,"posy":7,"amount":350}],"changedObstacles":[]},{"players":[{"playerId":3944,"score":750,"energy":45,"posx":18,"posy":6,"lastAction":5,"status":0},{"playerId":2234905,"score":500,"energy":34,"posx":17,"posy":2,"lastAction":4,"status":0},{"playerId":2294637,"score":800,"energy":6,"posx":18,"posy":5,"lastAction":2,"status":0},{"playerId":2271981,"score":750,"energy":11,"posx":18,"posy":5,"lastAction":2,"status":0}],"golds":[{"posx":1,"posy":0,"amount":300},{"posx":6,"posy":0,"amount":250},{"posx":19,"posy":1,"amount":450},{"posx":6,"posy":2,"amount":50},{"posx":7,"posy":2,"amount":150},{"posx":18,"posy":2,"amount":600},{"posx":2,"posy":3,"amount":400},{"posx":7,"posy":4,"amount":600},{"posx":13,"posy":5,"amount":350},{"posx":1,"posy":6,"amount":100},{"posx":5,"posy":6,"amount":400},{"posx":3,"posy":7,"amount":200},{"posx":15,"posy":7,"amount":50},{"posx":17,"posy":7,"amount":350}],"changedObstacles":[{"type":0,"posx":18,"posy":6,"value":-1}]},{"players":[{"playerId":3944,"score":750,"energy":44,"posx":18,"posy":5,"lastAction":2,"status":0},{"playerId":2234905,"score":500,"energy":50,"posx":17,"posy":2,"lastAction":4,"status":0},{"playerId":2294637,"score":800,"energy":18,"posx":18,"posy":5,"lastAction":4,"status":0},{"playerId":2271981,"score":750,"energy":10,"posx":18,"posy":4,"lastAction":2,"status":0}],"golds":[{"posx":1,"posy":0,"amount":300},{"posx":6,"posy":0,"amount":250},{"posx":19,"posy":1,"amount":450},{"posx":6,"posy":2,"amount":50},{"posx":7,"posy":2,"amount":150},{"posx":18,"posy":2,"amount":600},{"posx":2,"posy":3,"amount":400},{"posx":7,"posy":4,"amount":600},{"posx":13,"posy":5,"amount":350},{"posx":1,"posy":6,"amount":100},{"posx":5,"posy":6,"amount":400},{"posx":3,"posy":7,"amount":200},{"posx":15,"posy":7,"amount":50},{"posx":17,"posy":7,"amount":350}],"changedObstacles":[]},{"players":[{"playerId":3944,"score":750,"energy":43,"posx":18,"posy":4,"lastAction":2,"status":0},{"playerId":2234905,"score":500,"energy":46,"posx":18,"posy":2,"lastAction":1,"status":0},{"playerId":2294637,"score":800,"energy":34,"posx":18,"posy":5,"lastAction":4,"status":0},{"playerId":2271981,"score":750,"energy":5,"posx":18,"posy":3,"lastAction":2,"status":0}],"golds":[{"posx":1,"posy":0,"amount":300},{"posx":6,"posy":0,"amount":250},{"posx":19,"posy":1,"amount":450},{"posx":6,"posy":2,"amount":50},{"posx":7,"posy":2,"amount":150},{"posx":18,"posy":2,"amount":600},{"posx":2,"posy":3,"amount":400},{"posx":7,"posy":4,"amount":600},{"posx":13,"posy":5,"amount":350},{"posx":1,"posy":6,"amount":100},{"posx":5,"posy":6,"amount":400},{"posx":3,"posy":7,"amount":200},{"posx":15,"posy":7,"amount":50},{"posx":17,"posy":7,"amount":350}],"changedObstacles":[{"type":3,"posx":18,"posy":3,"value":-20}]},{"players":[{"playerId":3944,"score":750,"energy":23,"posx":18,"posy":3,"lastAction":2,"status":0},{"playerId":2234905,"score":550,"energy":41,"posx":18,"posy":2,"lastAction":5,"status":0},{"playerId":2294637,"score":800,"energy":50,"posx":18,"posy":5,"lastAction":4,"status":0},{"playerId":2271981,"score":750,"energy":17,"posx":18,"posy":3,"lastAction":4,"status":0}],"golds":[{"posx":1,"posy":0,"amount":300},{"posx":6,"posy":0,"amount":250},{"posx":19,"posy":1,"amount":450},{"posx":6,"posy":2,"amount":50},{"posx":7,"posy":2,"amount":150},{"posx":18,"posy":2,"amount":550},{"posx":2,"posy":3,"amount":400},{"posx":7,"posy":4,"amount":600},{"posx":13,"posy":5,"amount":350},{"posx":1,"posy":6,"amount":100},{"posx":5,"posy":6,"amount":400},{"posx":3,"posy":7,"amount":200},{"posx":15,"posy":7,"amount":50},{"posx":17,"posy":7,"amount":350}],"changedObstacles":[{"type":3,"posx":18,"posy":3,"value":-40}]},{"players":[{"playerId":3944,"score":750,"energy":19,"posx":18,"posy":2,"lastAction":2,"status":0},{"playerId":2234905,"score":600,"energy":36,"posx":18,"posy":2,"lastAction":5,"status":0},{"playerId":2294637,"score":800,"energy":49,"posx":17,"posy":5,"lastAction":0,"status":0},{"playerId":2271981,"score":750,"energy":33,"posx":18,"posy":3,"lastAction":4,"status":0}],"golds":[{"posx":1,"posy":0,"amount":300},{"posx":6,"posy":0,"amount":250},{"posx":19,"posy":1,"amount":450},{"posx":6,"posy":2,"amount":50},{"posx":7,"posy":2,"amount":150},{"posx":18,"posy":2,"amount":500},{"posx":2,"posy":3,"amount":400},{"posx":7,"posy":4,"amount":600},{"posx":13,"posy":5,"amount":350},{"posx":1,"posy":6,"amount":100},{"posx":5,"posy":6,"amount":400},{"posx":3,"posy":7,"amount":200},{"posx":15,"posy":7,"amount":50},{"posx":17,"posy":7,"amount":350}],"changedObstacles":[]},{"players":[{"playerId":3944,"score":800,"energy":14,"posx":18,"posy":2,"lastAction":5,"status":0},{"playerId":2234905,"score":600,"energy":48,"posx":18,"posy":2,"lastAction":4,"status":0},{"playerId":2294637,"score":800,"energy":48,"posx":17,"posy":6,"lastAction":3,"status":0},{"playerId":2271981,"score":750,"energy":50,"posx":18,"posy":3,"lastAction":4,"status":0}],"golds":[{"posx":1,"posy":0,"amount":300},{"posx":6,"posy":0,"amount":250},{"posx":19,"posy":1,"amount":450},{"posx":6,"posy":2,"amount":50},{"posx":7,"posy":2,"amount":150},{"posx":18,"posy":2,"amount":450},{"posx":2,"posy":3,"amount":400},{"posx":7,"posy":4,"amount":600},{"posx":13,"posy":5,"amount":350},{"posx":1,"posy":6,"amount":100},{"posx":5,"posy":6,"amount":400},{"posx":3,"posy":7,"amount":200},{"posx":15,"posy":7,"amount":50},{"posx":17,"posy":7,"amount":350}],"changedObstacles":[]},{"players":[{"playerId":3944,"score":850,"energy":9,"posx":18,"posy":2,"lastAction":5,"status":0},{"playerId":2234905,"score":650,"energy":43,"posx":18,"posy":2,"lastAction":5,"status":0},{"playerId":2294637,"score":800,"energy":44,"posx":17,"posy":7,"lastAction":3,"status":0},{"playerId":2271981,"score":750,"energy":46,"posx":18,"posy":2,"lastAction":2,"status":0}],"golds":[{"posx":1,"posy":0,"amount":300},{"posx":6,"posy":0,"amount":250},{"posx":19,"posy":1,"amount":450},{"posx":6,"posy":2,"amount":50},{"posx":7,"posy":2,"amount":150},{"posx":18,"posy":2,"amount":350},{"posx":2,"posy":3,"amount":400},{"posx":7,"posy":4,"amount":600},{"posx":13,"posy":5,"amount":350},{"posx":1,"posy":6,"amount":100},{"posx":5,"posy":6,"amount":400},{"posx":3,"posy":7,"amount":200},{"posx":15,"posy":7,"amount":50},{"posx":17,"posy":7,"amount":350}],"changedObstacles":[]},{"players":[{"playerId":3944,"score":900,"energy":4,"posx":18,"posy":2,"lastAction":5,"status":0},{"playerId":2234905,"score":700,"energy":38,"posx":18,"posy":2,"lastAction":5,"status":0},{"playerId":2294637,"score":850,"energy":39,"posx":17,"posy":7,"lastAction":5,"status":0},{"playerId":2271981,"score":800,"energy":41,"posx":18,"posy":2,"lastAction":5,"status":0}],"golds":[{"posx":1,"posy":0,"amount":300},{"posx":6,"posy":0,"amount":250},{"posx":19,"posy":1,"amount":450},{"posx":6,"posy":2,"amount":50},{"posx":7,"posy":2,"amount":150},{"posx":18,"posy":2,"amount":200},{"posx":2,"posy":3,"amount":400},{"posx":7,"posy":4,"amount":600},{"posx":13,"posy":5,"amount":350},{"posx":1,"posy":6,"amount":100},{"posx":5,"posy":6,"amount":400},{"posx":3,"posy":7,"amount":200},{"posx":15,"posy":7,"amount":50},{"posx":17,"posy":7,"amount":300}],"changedObstacles":[]},{"players":[{"playerId":3944,"score":900,"energy":16,"posx":18,"posy":2,"lastAction":4,"status":0},{"playerId":2234905,"score":700,"energy":50,"posx":18,"posy":2,"lastAction":4,"status":0},{"playerId":2294637,"score":900,"energy":34,"posx":17,"posy":7,"lastAction":5,"status":0},{"playerId":2271981,"score":850,"energy":36,"posx":18,"posy":2,"lastAction":5,"status":0}],"golds":[{"posx":1,"posy":0,"amount":300},{"posx":6,"posy":0,"amount":250},{"posx":19,"posy":1,"amount":450},{"posx":6,"posy":2,"amount":50},{"posx":7,"posy":2,"amount":150},{"posx":18,"posy":2,"amount":150},{"posx":2,"posy":3,"amount":400},{"posx":7,"posy":4,"amount":600},{"posx":13,"posy":5,"amount":350},{"posx":1,"posy":6,"amount":100},{"posx":5,"posy":6,"amount":400},{"posx":3,"posy":7,"amount":200},{"posx":15,"posy":7,"amount":50},{"posx":17,"posy":7,"amount":250}],"changedObstacles":[]},{"players":[{"playerId":3944,"score":900,"energy":32,"posx":18,"posy":2,"lastAction":4,"status":0},{"playerId":2234905,"score":750,"energy":45,"posx":18,"posy":2,"lastAction":5,"status":0},{"playerId":2294637,"score":950,"energy":29,"posx":17,"posy":7,"lastAction":5,"status":0},{"playerId":2271981,"score":900,"energy":31,"posx":18,"posy":2,"lastAction":5,"status":0}],"golds":[{"posx":1,"posy":0,"amount":300},{"posx":6,"posy":0,"amount":250},{"posx":19,"posy":1,"amount":450},{"posx":6,"posy":2,"amount":50},{"posx":7,"posy":2,"amount":150},{"posx":18,"posy":2,"amount":50},{"posx":2,"posy":3,"amount":400},{"posx":7,"posy":4,"amount":600},{"posx":13,"posy":5,"amount":350},{"posx":1,"posy":6,"amount":100},{"posx":5,"posy":6,"amount":400},{"posx":3,"posy":7,"amount":200},{"posx":15,"posy":7,"amount":50},{"posx":17,"posy":7,"amount":200}],"changedObstacles":[]},{"players":[{"playerId":3944,"score":900,"energy":50,"posx":18,"posy":2,"lastAction":4,"status":0},{"playerId":2234905,"score":800,"energy":40,"posx":18,"posy":2,"lastAction":5,"status":0},{"playerId":2294637,"score":1000,"energy":24,"posx":17,"posy":7,"lastAction":5,"status":0},{"playerId":2271981,"score":900,"energy":30,"posx":18,"posy":1,"lastAction":2,"status":0}],"golds":[{"posx":1,"posy":0,"amount":300},{"posx":6,"posy":0,"amount":250},{"posx":19,"posy":1,"amount":450},{"posx":6,"posy":2,"amount":50},{"posx":7,"posy":2,"amount":150},{"posx":2,"posy":3,"amount":400},{"posx":7,"posy":4,"amount":600},{"posx":13,"posy":5,"amount":350},{"posx":1,"posy":6,"amount":100},{"posx":5,"posy":6,"amount":400},{"posx":3,"posy":7,"amount":200},{"posx":15,"posy":7,"amount":50},{"posx":17,"posy":7,"amount":150}],"changedObstacles":[{"type":0,"posx":18,"posy":2,"value":-1}]},{"players":[{"playerId":3944,"score":900,"energy":49,"posx":18,"posy":1,"lastAction":2,"status":0},{"playerId":2234905,"score":800,"energy":39,"posx":18,"posy":1,"lastAction":2,"status":0},{"playerId":2294637,"score":1050,"energy":19,"posx":17,"posy":7,"lastAction":5,"status":0},{"playerId":2271981,"score":900,"energy":26,"posx":19,"posy":1,"lastAction":1,"status":0}],"golds":[{"posx":1,"posy":0,"amount":300},{"posx":6,"posy":0,"amount":250},{"posx":19,"posy":1,"amount":450},{"posx":6,"posy":2,"amount":50},{"posx":7,"posy":2,"amount":150},{"posx":2,"posy":3,"amount":400},{"posx":7,"posy":4,"amount":600},{"posx":13,"posy":5,"amount":350},{"posx":1,"posy":6,"amount":100},{"posx":5,"posy":6,"amount":400},{"posx":3,"posy":7,"amount":200},{"posx":15,"posy":7,"amount":50},{"posx":17,"posy":7,"amount":100}],"changedObstacles":[]},{"players":[{"playerId":3944,"score":900,"energy":45,"posx":19,"posy":1,"lastAction":1,"status":0},{"playerId":2234905,"score":800,"energy":38,"posx":18,"posy":2,"lastAction":3,"status":0},{"playerId":2294637,"score":1100,"energy":14,"posx":17,"posy":7,"lastAction":5,"status":0},{"playerId":2271981,"score":950,"energy":21,"posx":19,"posy":1,"lastAction":5,"status":0}],"golds":[{"posx":1,"posy":0,"amount":300},{"posx":6,"posy":0,"amount":250},{"posx":19,"posy":1,"amount":400},{"posx":6,"posy":2,"amount":50},{"posx":7,"posy":2,"amount":150},{"posx":2,"posy":3,"amount":400},{"posx":7,"posy":4,"amount":600},{"posx":13,"posy":5,"amount":350},{"posx":1,"posy":6,"amount":100},{"posx":5,"posy":6,"amount":400},{"posx":3,"posy":7,"amount":200},{"posx":15,"posy":7,"amount":50},{"posx":17,"posy":7,"amount":50}],"changedObstacles":[]},{"players":[{"playerId":3944,"score":950,"energy":40,"posx":19,"posy":1,"lastAction":5,"status":0},{"playerId":2234905,"score":800,"energy":50,"posx":18,"posy":2,"lastAction":4,"status":0},{"playerId":2294637,"score":1150,"energy":9,"posx":17,"posy":7,"lastAction":5,"status":0},{"playerId":2271981,"score":1000,"energy":16,"posx":19,"posy":1,"lastAction":5,"status":0}],"golds":[{"posx":1,"posy":0,"amount":300},{"posx":6,"posy":0,"amount":250},{"posx":19,"posy":1,"amount":300},{"posx":6,"posy":2,"amount":50},{"posx":7,"posy":2,"amount":150},{"posx":2,"posy":3,"amount":400},{"posx":7,"posy":4,"amount":600},{"posx":13,"posy":5,"amount":350},{"posx":1,"posy":6,"amount":100},{"posx":5,"posy":6,"amount":400},{"posx":3,"posy":7,"amount":200},{"posx":15,"posy":7,"amount":50}],"changedObstacles":[{"type":0,"posx":17,"posy":7,"value":-1}]},{"players":[{"playerId":3944,"score":1000,"energy":35,"posx":19,"posy":1,"lastAction":5,"status":0},{"playerId":2234905,"score":800,"energy":10,"posx":18,"posy":3,"lastAction":3,"status":0},{"playerId":2294637,"score":1150,"energy":4,"posx":16,"posy":7,"lastAction":0,"status":0},{"playerId":2271981,"score":1050,"energy":11,"posx":19,"posy":1,"lastAction":5,"status":0}],"golds":[{"posx":1,"posy":0,"amount":300},{"posx":6,"posy":0,"amount":250},{"posx":19,"posy":1,"amount":200},{"posx":6,"posy":2,"amount":50},{"posx":7,"posy":2,"amount":150},{"posx":2,"posy":3,"amount":400},{"posx":7,"posy":4,"amount":600},{"posx":13,"posy":5,"amount":350},{"posx":1,"posy":6,"amount":100},{"posx":5,"posy":6,"amount":400},{"posx":3,"posy":7,"amount":200},{"posx":15,"posy":7,"amount":50}],"changedObstacles":[{"type":3,"posx":16,"posy":7,"value":-20},{"type":3,"posx":18,"posy":3,"value":-100}]},{"players":[{"playerId":3944,"score":1050,"energy":30,"posx":19,"posy":1,"lastAction":5,"status":0},{"playerId":2234905,"score":800,"energy":22,"posx":18,"posy":3,"lastAction":4,"status":0},{"playerId":2294637,"score":1150,"energy":16,"posx":16,"posy":7,"lastAction":4,"status":0},{"playerId":2271981,"score":1100,"energy":6,"posx":19,"posy":1,"lastAction":5,"status":0}],"golds":[{"posx":1,"posy":0,"amount":300},{"posx":6,"posy":0,"amount":250},{"posx":19,"posy":1,"amount":100},{"posx":6,"posy":2,"amount":50},{"posx":7,"posy":2,"amount":150},{"posx":2,"posy":3,"amount":400},{"posx":7,"posy":4,"amount":600},{"posx":13,"posy":5,"amount":350},{"posx":1,"posy":6,"amount":100},{"posx":5,"posy":6,"amount":400},{"posx":3,"posy":7,"amount":200},{"posx":15,"posy":7,"amount":50}],"changedObstacles":[]},{"players":[{"playerId":3944,"score":1100,"energy":25,"posx":19,"posy":1,"lastAction":5,"status":0},{"playerId":2234905,"score":800,"energy":38,"posx":18,"posy":3,"lastAction":4,"status":0},{"playerId":2294637,"score":1150,"energy":32,"posx":16,"posy":7,"lastAction":4,"status":0},{"playerId":2271981,"score":1100,"energy":18,"posx":19,"posy":1,"lastAction":4,"status":0}],"golds":[{"posx":1,"posy":0,"amount":300},{"posx":6,"posy":0,"amount":250},{"posx":19,"posy":1,"amount":50},{"posx":6,"posy":2,"amount":50},{"posx":7,"posy":2,"amount":150},{"posx":2,"posy":3,"amount":400},{"posx":7,"posy":4,"amount":600},{"posx":13,"posy":5,"amount":350},{"posx":1,"posy":6,"amount":100},{"posx":5,"posy":6,"amount":400},{"posx":3,"posy":7,"amount":200},{"posx":15,"posy":7,"amount":50}],"changedObstacles":[]},{"players":[{"playerId":3944,"score":1125,"energy":20,"posx":19,"posy":1,"lastAction":5,"status":0},{"playerId":2234905,"score":800,"energy":50,"posx":18,"posy":3,"lastAction":4,"status":0},{"playerId":2294637,"score":1150,"energy":50,"posx":16,"posy":7,"lastAction":4,"status":0},{"playerId":2271981,"score":1125,"energy":13,"posx":19,"posy":1,"lastAction":5,"status":0}],"golds":[{"posx":1,"posy":0,"amount":300},{"posx":6,"posy":0,"amount":250},{"posx":6,"posy":2,"amount":50},{"posx":7,"posy":2,"amount":150},{"posx":2,"posy":3,"amount":400},{"posx":7,"posy":4,"amount":600},{"posx":13,"posy":5,"amount":350},{"posx":1,"posy":6,"amount":100},{"posx":5,"posy":6,"amount":400},{"posx":3,"posy":7,"amount":200},{"posx":15,"posy":7,"amount":50}],"changedObstacles":[{"type":0,"posx":19,"posy":1,"value":-1}]},{"players":[{"playerId":3944,"score":1125,"energy":19,"posx":18,"posy":1,"lastAction":0,"status":0},{"playerId":2234905,"score":800,"energy":10,"posx":17,"posy":3,"lastAction":0,"status":0},{"playerId":2294637,"score":1150,"energy":46,"posx":15,"posy":7,"lastAction":0,"status":0},{"playerId":2271981,"score":1125,"energy":12,"posx":19,"posy":2,"lastAction":3,"status":0}],"golds":[{"posx":1,"posy":0,"amount":300},{"posx":6,"posy":0,"amount":250},{"posx":6,"posy":2,"amount":50},{"posx":7,"posy":2,"amount":150},{"posx":2,"posy":3,"amount":400},{"posx":7,"posy":4,"amount":600},{"posx":13,"posy":5,"amount":350},{"posx":1,"posy":6,"amount":100},{"posx":5,"posy":6,"amount":400},{"posx":3,"posy":7,"amount":200},{"posx":15,"posy":7,"amount":50}],"changedObstacles":[{"type":3,"posx":17,"posy":3,"value":-100}]},{"players":[{"playerId":3944,"score":1125,"energy":31,"posx":18,"posy":1,"lastAction":4,"status":0},{"playerId":2234905,"score":800,"energy":22,"posx":17,"posy":3,"lastAction":4,"status":0},{"playerId":2294637,"score":1200,"energy":41,"posx":15,"posy":7,"lastAction":5,"status":0},{"playerId":2271981,"score":1125,"energy":11,"posx":18,"posy":2,"lastAction":0,"status":0}],"golds":[{"posx":1,"posy":0,"amount":300},{"posx":6,"posy":0,"amount":250},{"posx":6,"posy":2,"amount":50},{"posx":7,"posy":2,"amount":150},{"posx":2,"posy":3,"amount":400},{"posx":7,"posy":4,"amount":600},{"posx":13,"posy":5,"amount":350},{"posx":1,"posy":6,"amount":100},{"posx":5,"posy":6,"amount":400},{"posx":3,"posy":7,"amount":200}],"changedObstacles":[{"type":0,"posx":15,"posy":7,"value":-1}]},{"players":[{"playerId":3944,"score":1125,"energy":16,"posx":17,"posy":1,"lastAction":0,"status":0},{"playerId":2234905,"score":800,"energy":38,"posx":17,"posy":3,"lastAction":4,"status":0},{"playerId":2294637,"score":1200,"energy":40,"posx":15,"posy":6,"lastAction":2,"status":0},{"playerId":2271981,"score":1125,"energy":23,"posx":18,"posy":2,"lastAction":4,"status":0}],"golds":[{"posx":1,"posy":0,"amount":300},{"posx":6,"posy":0,"amount":250},{"posx":6,"posy":2,"amount":50},{"posx":7,"posy":2,"amount":150},{"posx":2,"posy":3,"amount":400},{"posx":7,"posy":4,"amount":600},{"posx":13,"posy":5,"amount":350},{"posx":1,"posy":6,"amount":100},{"posx":5,"posy":6,"amount":400},{"posx":3,"posy":7,"amount":200}],"changedObstacles":[]},{"players":[{"playerId":3944,"score":1125,"energy":15,"posx":16,"posy":1,"lastAction":0,"status":0},{"playerId":2234905,"score":800,"energy":18,"posx":16,"posy":3,"lastAction":0,"status":0},{"playerId":2294637,"score":1200,"energy":39,"posx":14,"posy":6,"lastAction":0,"status":0},{"playerId":2271981,"score":1125,"energy":39,"posx":18,"posy":2,"lastAction":4,"status":0}],"golds":[{"posx":1,"posy":0,"amount":300},{"posx":6,"posy":0,"amount":250},{"posx":6,"posy":2,"amount":50},{"posx":7,"posy":2,"amount":150},{"posx":2,"posy":3,"amount":400},{"posx":7,"posy":4,"amount":600},{"posx":13,"posy":5,"amount":350},{"posx":1,"posy":6,"amount":100},{"posx":5,"posy":6,"amount":400},{"posx":3,"posy":7,"amount":200}],"changedObstacles":[{"type":3,"posx":16,"posy":3,"value":-40}]},{"players":[{"playerId":3944,"score":1125,"energy":14,"posx":15,"posy":1,"lastAction":0,"status":0},{"playerId":2234905,"score":800,"energy":30,"posx":16,"posy":3,"lastAction":4,"status":0},{"playerId":2294637,"score":1200,"energy":34,"posx":13,"posy":6,"lastAction":0,"status":0},{"playerId":2271981,"score":1125,"energy":50,"posx":18,"posy":2,"lastAction":4,"status":0}],"golds":[{"posx":1,"posy":0,"amount":300},{"posx":6,"posy":0,"amount":250},{"posx":6,"posy":2,"amount":50},{"posx":7,"posy":2,"amount":150},{"posx":2,"posy":3,"amount":400},{"posx":7,"posy":4,"amount":600},{"posx":13,"posy":5,"amount":350},{"posx":1,"posy":6,"amount":100},{"posx":5,"posy":6,"amount":400},{"posx":3,"posy":7,"amount":200}],"changedObstacles":[{"type":3,"posx":13,"posy":6,"value":-20}]},{"players":[{"playerId":3944,"score":1125,"energy":13,"posx":14,"posy":1,"lastAction":0,"status":0},{"playerId":2234905,"score":800,"energy":46,"posx":16,"posy":3,"lastAction":4,"status":0},{"playerId":2294637,"score":1200,"energy":30,"posx":13,"posy":5,"lastAction":2,"status":0},{"playerId":2271981,"score":1125,"energy":34,"posx":17,"posy":2,"lastAction":0,"status":0}],"golds":[{"posx":1,"posy":0,"amount":300},{"posx":6,"posy":0,"amount":250},{"posx":6,"posy":2,"amount":50},{"posx":7,"posy":2,"amount":150},{"posx":2,"posy":3,"amount":400},{"posx":7,"posy":4,"amount":600},{"posx":13,"posy":5,"amount":350},{"posx":1,"posy":6,"amount":100},{"posx":5,"posy":6,"amount":400},{"posx":3,"posy":7,"amount":200}],"changedObstacles":[]},{"players":[{"playerId":3944,"score":1125,"energy":12,"posx":13,"posy":1,"lastAction":0,"status":0},{"playerId":2234905,"score":800,"energy":45,"posx":15,"posy":3,"lastAction":0,"status":0},{"playerId":2294637,"score":1250,"energy":25,"posx":13,"posy":5,"lastAction":5,"status":0},{"playerId":2271981,"score":1125,"energy":33,"posx":16,"posy":2,"lastAction":0,"status":0}],"golds":[{"posx":1,"posy":0,"amount":300},{"posx":6,"posy":0,"amount":250},{"posx":6,"posy":2,"amount":50},{"posx":7,"posy":2,"amount":150},{"posx":2,"posy":3,"amount":400},{"posx":7,"posy":4,"amount":600},{"posx":13,"posy":5,"amount":300},{"posx":1,"posy":6,"amount":100},{"posx":5,"posy":6,"amount":400},{"posx":3,"posy":7,"amount":200}],"changedObstacles":[]},{"players":[{"playerId":3944,"score":1125,"energy":11,"posx":12,"posy":1,"lastAction":0,"status":0},{"playerId":2234905,"score":800,"energy":40,"posx":14,"posy":3,"lastAction":0,"status":0},{"playerId":2294637,"score":1300,"energy":20,"posx":13,"posy":5,"lastAction":5,"status":0},{"playerId":2271981,"score":1125,"energy":23,"posx":15,"posy":2,"lastAction":0,"status":0}],"golds":[{"posx":1,"posy":0,"amount":300},{"posx":6,"posy":0,"amount":250},{"posx":6,"posy":2,"amount":50},{"posx":7,"posy":2,"amount":150},{"posx":2,"posy":3,"amount":400},{"posx":7,"posy":4,"amount":600},{"posx":13,"posy":5,"amount":250},{"posx":1,"posy":6,"amount":100},{"posx":5,"posy":6,"amount":400},{"posx":3,"posy":7,"amount":200}],"changedObstacles":[{"type":0,"posx":15,"posy":2,"value":-1},{"type":3,"posx":14,"posy":3,"value":-20}]},{"players":[{"playerId":3944,"score":1125,"energy":10,"posx":12,"posy":2,"lastAction":3,"status":0},{"playerId":2234905,"score":800,"energy":39,"posx":13,"posy":3,"lastAction":0,"status":0},{"playerId":2294637,"score":1350,"energy":15,"posx":13,"posy":5,"lastAction":5,"status":0},{"playerId":2271981,"score":1125,"energy":22,"posx":15,"posy":3,"lastAction":3,"status":0}],"golds":[{"posx":1,"posy":0,"amount":300},{"posx":6,"posy":0,"amount":250},{"posx":6,"posy":2,"amount":50},{"posx":7,"posy":2,"amount":150},{"posx":2,"posy":3,"amount":400},{"posx":7,"posy":4,"amount":600},{"posx":13,"posy":5,"amount":200},{"posx":1,"posy":6,"amount":100},{"posx":5,"posy":6,"amount":400},{"posx":3,"posy":7,"amount":200}],"changedObstacles":[]},{"players":[{"playerId":3944,"score":1125,"energy":5,"posx":11,"posy":2,"lastAction":0,"status":0},{"playerId":2234905,"score":800,"energy":32,"posx":12,"posy":3,"lastAction":0,"status":0},{"playerId":2294637,"score":1400,"energy":10,"posx":13,"posy":5,"lastAction":5,"status":0},{"playerId":2271981,"score":1125,"energy":2,"posx":15,"posy":4,"lastAction":3,"status":0}],"golds":[{"posx":1,"posy":0,"amount":300},{"posx":6,"posy":0,"amount":250},{"posx":6,"posy":2,"amount":50},{"posx":7,"posy":2,"amount":150},{"posx":2,"posy":3,"amount":400},{"posx":7,"posy":4,"amount":600},{"posx":13,"posy":5,"amount":150},{"posx":1,"posy":6,"amount":100},{"posx":5,"posy":6,"amount":400},{"posx":3,"posy":7,"amount":200}],"changedObstacles":[{"type":3,"posx":15,"posy":4,"value":-40},{"type":3,"posx":11,"posy":2,"value":-20}]},{"players":[{"playerId":3944,"score":1125,"energy":17,"posx":11,"posy":2,"lastAction":4,"status":0},{"playerId":2234905,"score":800,"energy":44,"posx":12,"posy":3,"lastAction":4,"status":0},{"playerId":2294637,"score":1450,"energy":5,"posx":13,"posy":5,"lastAction":5,"status":0},{"playerId":2271981,"score":1125,"energy":14,"posx":15,"posy":4,"lastAction":4,"status":0}],"golds":[{"posx":1,"posy":0,"amount":300},{"posx":6,"posy":0,"amount":250},{"posx":6,"posy":2,"amount":50},{"posx":7,"posy":2,"amount":150},{"posx":2,"posy":3,"amount":400},{"posx":7,"posy":4,"amount":600},{"posx":13,"posy":5,"amount":100},{"posx":1,"posy":6,"amount":100},{"posx":5,"posy":6,"amount":400},{"posx":3,"posy":7,"amount":200}],"changedObstacles":[]},{"players":[{"playerId":3944,"score":1125,"energy":33,"posx":11,"posy":2,"lastAction":4,"status":0},{"playerId":2234905,"score":800,"energy":43,"posx":11,"posy":3,"lastAction":0,"status":0},{"playerId":2294637,"score":1450,"energy":17,"posx":13,"posy":5,"lastAction":4,"status":0},{"playerId":2271981,"score":1125,"energy":30,"posx":15,"posy":4,"lastAction":4,"status":0}],"golds":[{"posx":1,"posy":0,"amount":300},{"posx":6,"posy":0,"amount":250},{"posx":6,"posy":2,"amount":50},{"posx":7,"posy":2,"amount":150},{"posx":2,"posy":3,"amount":400},{"posx":7,"posy":4,"amount":600},{"posx":13,"posy":5,"amount":100},{"posx":1,"posy":6,"amount":100},{"posx":5,"posy":6,"amount":400},{"posx":3,"posy":7,"amount":200}],"changedObstacles":[]},{"players":[{"playerId":3944,"score":1125,"energy":50,"posx":11,"posy":2,"lastAction":4,"status":0},{"playerId":2234905,"score":800,"energy":42,"posx":10,"posy":3,"lastAction":0,"status":0},{"playerId":2294637,"score":1450,"energy":33,"posx":13,"posy":5,"lastAction":4,"status":0},{"playerId":2271981,"score":1125,"energy":50,"posx":15,"posy":4,"lastAction":4,"status":0}],"golds":[{"posx":1,"posy":0,"amount":300},{"posx":6,"posy":0,"amount":250},{"posx":6,"posy":2,"amount":50},{"posx":7,"posy":2,"amount":150},{"posx":2,"posy":3,"amount":400},{"posx":7,"posy":4,"amount":600},{"posx":13,"posy":5,"amount":100},{"posx":1,"posy":6,"amount":100},{"posx":5,"posy":6,"amount":400},{"posx":3,"posy":7,"amount":200}],"changedObstacles":[]},{"players":[{"playerId":3944,"score":1125,"energy":49,"posx":11,"posy":3,"lastAction":3,"status":0},{"playerId":2234905,"score":800,"energy":25,"posx":9,"posy":3,"lastAction":0,"status":0},{"playerId":2294637,"score":1450,"energy":50,"posx":13,"posy":5,"lastAction":4,"status":0},{"playerId":2271981,"score":1125,"energy":49,"posx":14,"posy":4,"lastAction":0,"status":0}],"golds":[{"posx":1,"posy":0,"amount":300},{"posx":6,"posy":0,"amount":250},{"posx":6,"posy":2,"amount":50},{"posx":7,"posy":2,"amount":150},{"posx":2,"posy":3,"amount":400},{"posx":7,"posy":4,"amount":600},{"posx":13,"posy":5,"amount":100},{"posx":1,"posy":6,"amount":100},{"posx":5,"posy":6,"amount":400},{"posx":3,"posy":7,"amount":200}],"changedObstacles":[]},{"players":[{"playerId":3944,"score":1125,"energy":48,"posx":11,"posy":4,"lastAction":3,"status":0},{"playerId":2234905,"score":800,"energy":37,"posx":9,"posy":3,"lastAction":4,"status":0},{"playerId":2294637,"score":1500,"energy":45,"posx":13,"posy":5,"lastAction":5,"status":0},{"playerId":2271981,"score":1125,"energy":44,"posx":13,"posy":4,"lastAction":0,"status":0}],"golds":[{"posx":1,"posy":0,"amount":300},{"posx":6,"posy":0,"amount":250},{"posx":6,"posy":2,"amount":50},{"posx":7,"posy":2,"amount":150},{"posx":2,"posy":3,"amount":400},{"posx":7,"posy":4,"amount":600},{"posx":13,"posy":5,"amount":50},{"posx":1,"posy":6,"amount":100},{"posx":5,"posy":6,"amount":400},{"posx":3,"posy":7,"amount":200}],"changedObstacles":[{"type":3,"posx":13,"posy":4,"value":-20}]},{"players":[{"playerId":3944,"score":1125,"energy":47,"posx":10,"posy":4,"lastAction":0,"status":0},{"playerId":2234905,"score":800,"energy":36,"posx":8,"posy":3,"lastAction":0,"status":0},{"playerId":2294637,"score":1550,"energy":40,"posx":13,"posy":5,"lastAction":5,"status":0},{"playerId":2271981,"score":1125,"energy":43,"posx":12,"posy":4,"lastAction":0,"status":0}],"golds":[{"posx":1,"posy":0,"amount":300},{"posx":6,"posy":0,"amount":250},{"posx":6,"posy":2,"amount":50},{"posx":7,"posy":2,"amount":150},{"posx":2,"posy":3,"amount":400},{"posx":7,"posy":4,"amount":600},{"posx":1,"posy":6,"amount":100},{"posx":5,"posy":6,"amount":400},{"posx":3,"posy":7,"amount":200}],"changedObstacles":[{"type":0,"posx":13,"posy":5,"value":-1}]},{"players":[{"playerId":3944,"score":1125,"energy":46,"posx":9,"posy":4,"lastAction":0,"status":0},{"playerId":2234905,"score":800,"energy":48,"posx":8,"posy":3,"lastAction":4,"status":0},{"playerId":2294637,"score":1550,"energy":39,"posx":12,"posy":5,"lastAction":0,"status":0},{"playerId":2271981,"score":1125,"energy":42,"posx":11,"posy":4,"lastAction":0,"status":0}],"golds":[{"posx":1,"posy":0,"amount":300},{"posx":6,"posy":0,"amount":250},{"posx":6,"posy":2,"amount":50},{"posx":7,"posy":2,"amount":150},{"posx":2,"posy":3,"amount":400},{"posx":7,"posy":4,"amount":600},{"posx":1,"posy":6,"amount":100},{"posx":5,"posy":6,"amount":400},{"posx":3,"posy":7,"amount":200}],"changedObstacles":[]},{"players":[{"playerId":3944,"score":1125,"energy":45,"posx":8,"posy":4,"lastAction":0,"status":0},{"playerId":2234905,"score":800,"energy":34,"posx":7,"posy":3,"lastAction":0,"status":0},{"playerId":2294637,"score":1550,"energy":38,"posx":12,"posy":4,"lastAction":2,"status":0},{"playerId":2271981,"score":1125,"energy":41,"posx":10,"posy":4,"lastAction":0,"status":0}],"golds":[{"posx":1,"posy":0,"amount":300},{"posx":6,"posy":0,"amount":250},{"posx":6,"posy":2,"amount":50},{"posx":7,"posy":2,"amount":150},{"posx":2,"posy":3,"amount":400},{"posx":7,"posy":4,"amount":600},{"posx":1,"posy":6,"amount":100},{"posx":5,"posy":6,"amount":400},{"posx":3,"posy":7,"amount":200}],"changedObstacles":[]},{"players":[{"playerId":3944,"score":1125,"energy":41,"posx":7,"posy":4,"lastAction":0,"status":0},{"playerId":2234905,"score":800,"energy":46,"posx":7,"posy":3,"lastAction":4,"status":0},{"playerId":2294637,"score":1550,"energy":37,"posx":11,"posy":4,"lastAction":0,"status":0},{"playerId":2271981,"score":1125,"energy":40,"posx":9,"posy":4,"lastAction":0,"status":0}],"golds":[{"posx":1,"posy":0,"amount":300},{"posx":6,"posy":0,"amount":250},{"posx":6,"posy":2,"amount":50},{"posx":7,"posy":2,"amount":150},{"posx":2,"posy":3,"amount":400},{"posx":7,"posy":4,"amount":600},{"posx":1,"posy":6,"amount":100},{"posx":5,"posy":6,"amount":400},{"posx":3,"posy":7,"amount":200}],"changedObstacles":[]},{"players":[{"playerId":3944,"score":1175,"energy":36,"posx":7,"posy":4,"lastAction":5,"status":0},{"playerId":2234905,"score":800,"energy":45,"posx":6,"posy":3,"lastAction":0,"status":0},{"playerId":2294637,"score":1550,"energy":36,"posx":10,"posy":4,"lastAction":0,"status":0},{"playerId":2271981,"score":1125,"energy":39,"posx":8,"posy":4,"lastAction":0,"status":0}],"golds":[{"posx":1,"posy":0,"amount":300},{"posx":6,"posy":0,"amount":250},{"posx":6,"posy":2,"amount":50},{"posx":7,"posy":2,"amount":150},{"posx":2,"posy":3,"amount":400},{"posx":7,"posy":4,"amount":550},{"posx":1,"posy":6,"amount":100},{"posx":5,"posy":6,"amount":400},{"posx":3,"posy":7,"amount":200}],"changedObstacles":[]},{"players":[{"playerId":3944,"score":1225,"energy":31,"posx":7,"posy":4,"lastAction":5,"status":0},{"playerId":2234905,"score":800,"energy":44,"posx":5,"posy":3,"lastAction":0,"status":0},{"playerId":2294637,"score":1550,"energy":35,"posx":9,"posy":4,"lastAction":0,"status":0},{"playerId":2271981,"score":1125,"energy":35,"posx":7,"posy":4,"lastAction":0,"status":0}],"golds":[{"posx":1,"posy":0,"amount":300},{"posx":6,"posy":0,"amount":250},{"posx":6,"posy":2,"amount":50},{"posx":7,"posy":2,"amount":150},{"posx":2,"posy":3,"amount":400},{"posx":7,"posy":4,"amount":500},{"posx":1,"posy":6,"amount":100},{"posx":5,"posy":6,"amount":400},{"posx":3,"posy":7,"amount":200}],"changedObstacles":[]},{"players":[{"playerId":3944,"score":1275,"energy":26,"posx":7,"posy":4,"lastAction":5,"status":0},{"playerId":2234905,"score":800,"energy":34,"posx":4,"posy":3,"lastAction":0,"status":0},{"playerId":2294637,"score":1550,"energy":34,"posx":8,"posy":4,"lastAction":0,"status":0},{"playerId":2271981,"score":1175,"energy":30,"posx":7,"posy":4,"lastAction":5,"status":0}],"golds":[{"posx":1,"posy":0,"amount":300},{"posx":6,"posy":0,"amount":250},{"posx":6,"posy":2,"amount":50},{"posx":7,"posy":2,"amount":150},{"posx":2,"posy":3,"amount":400},{"posx":7,"posy":4,"amount":400},{"posx":1,"posy":6,"amount":100},{"posx":5,"posy":6,"amount":400},{"posx":3,"posy":7,"amount":200}],"changedObstacles":[{"type":0,"posx":4,"posy":3,"value":-1}]},{"players":[{"playerId":3944,"score":1325,"energy":21,"posx":7,"posy":4,"lastAction":5,"status":0},{"playerId":2234905,"score":800,"energy":46,"posx":4,"posy":3,"lastAction":4,"status":0},{"playerId":2294637,"score":1550,"energy":30,"posx":7,"posy":4,"lastAction":0,"status":0},{"playerId":2271981,"score":1225,"energy":25,"posx":7,"posy":4,"lastAction":5,"status":0}],"golds":[{"posx":1,"posy":0,"amount":300},{"posx":6,"posy":0,"amount":250},{"posx":6,"posy":2,"amount":50},{"posx":7,"posy":2,"amount":150},{"posx":2,"posy":3,"amount":400},{"posx":7,"posy":4,"amount":300},{"posx":1,"posy":6,"amount":100},{"posx":5,"posy":6,"amount":400},{"posx":3,"posy":7,"amount":200}],"changedObstacles":[]},{"players":[{"playerId":3944,"score":1375,"energy":16,"posx":7,"posy":4,"lastAction":5,"status":0},{"playerId":2234905,"score":800,"energy":45,"posx":3,"posy":3,"lastAction":0,"status":0},{"playerId":2294637,"score":1600,"energy":25,"posx":7,"posy":4,"lastAction":5,"status":0},{"playerId":2271981,"score":1275,"energy":20,"posx":7,"posy":4,"lastAction":5,"status":0}],"golds":[{"posx":1,"posy":0,"amount":300},{"posx":6,"posy":0,"amount":250},{"posx":6,"posy":2,"amount":50},{"posx":7,"posy":2,"amount":150},{"posx":2,"posy":3,"amount":400},{"posx":7,"posy":4,"amount":150},{"posx":1,"posy":6,"amount":100},{"posx":5,"posy":6,"amount":400},{"posx":3,"posy":7,"amount":200}],"changedObstacles":[]},{"players":[{"playerId":3944,"score":1425,"energy":11,"posx":7,"posy":4,"lastAction":5,"status":0},{"playerId":2234905,"score":800,"energy":41,"posx":2,"posy":3,"lastAction":0,"status":0},{"playerId":2294637,"score":1650,"energy":20,"posx":7,"posy":4,"lastAction":5,"status":0},{"playerId":2271981,"score":1325,"energy":15,"posx":7,"posy":4,"lastAction":5,"status":0}],"golds":[{"posx":1,"posy":0,"amount":300},{"posx":6,"posy":0,"amount":250},{"posx":6,"posy":2,"amount":50},{"posx":7,"posy":2,"amount":150},{"posx":2,"posy":3,"amount":400},{"posx":1,"posy":6,"amount":100},{"posx":5,"posy":6,"amount":400},{"posx":3,"posy":7,"amount":200}],"changedObstacles":[{"type":0,"posx":7,"posy":4,"value":-1}]},{"players":[{"playerId":3944,"score":1425,"energy":10,"posx":7,"posy":5,"lastAction":3,"status":0},{"playerId":2234905,"score":850,"energy":36,"posx":2,"posy":3,"lastAction":5,"status":0},{"playerId":2294637,"score":1650,"energy":19,"posx":7,"posy":5,"lastAction":3,"status":0},{"playerId":2271981,"score":1325,"energy":27,"posx":7,"posy":4,"lastAction":4,"status":0}],"golds":[{"posx":1,"posy":0,"amount":300},{"posx":6,"posy":0,"amount":250},{"posx":6,"posy":2,"amount":50},{"posx":7,"posy":2,"amount":150},{"posx":2,"posy":3,"amount":350},{"posx":1,"posy":6,"amount":100},{"posx":5,"posy":6,"amount":400},{"posx":3,"posy":7,"amount":200}],"changedObstacles":[]},{"players":[{"playerId":3944,"score":1425,"energy":9,"posx":6,"posy":5,"lastAction":0,"status":0},{"playerId":2234905,"score":850,"energy":48,"posx":2,"posy":3,"lastAction":4,"status":0},{"playerId":2294637,"score":1650,"energy":18,"posx":6,"posy":5,"lastAction":0,"status":0},{"playerId":2271981,"score":1325,"energy":43,"posx":7,"posy":4,"lastAction":4,"status":0}],"golds":[{"posx":1,"posy":0,"amount":300},{"posx":6,"posy":0,"amount":250},{"posx":6,"posy":2,"amount":50},{"posx":7,"posy":2,"amount":150},{"posx":2,"posy":3,"amount":350},{"posx":1,"posy":6,"amount":100},{"posx":5,"posy":6,"amount":400},{"posx":3,"posy":7,"amount":200}],"changedObstacles":[]},{"players":[{"playerId":3944,"score":1425,"energy":4,"posx":6,"posy":6,"lastAction":3,"status":0},{"playerId":2234905,"score":900,"energy":43,"posx":2,"posy":3,"lastAction":5,"status":0},{"playerId":2294637,"score":1650,"energy":13,"posx":6,"posy":6,"lastAction":3,"status":0},{"playerId":2271981,"score":1325,"energy":50,"posx":7,"posy":4,"lastAction":4,"status":0}],"golds":[{"posx":1,"posy":0,"amount":300},{"posx":6,"posy":0,"amount":250},{"posx":6,"posy":2,"amount":50},{"posx":7,"posy":2,"amount":150},{"posx":2,"posy":3,"amount":300},{"posx":1,"posy":6,"amount":100},{"posx":5,"posy":6,"amount":400},{"posx":3,"posy":7,"amount":200}],"changedObstacles":[{"type":3,"posx":6,"posy":6,"value":-20}]},{"players":[{"playerId":3944,"score":1425,"energy":16,"posx":6,"posy":6,"lastAction":4,"status":0},{"playerId":2234905,"score":950,"energy":38,"posx":2,"posy":3,"lastAction":5,"status":0},{"playerId":2294637,"score":1650,"energy":9,"posx":5,"posy":6,"lastAction":0,"status":0},{"playerId":2271981,"score":1325,"energy":31,"posx":7,"posy":3,"lastAction":2,"status":0}],"golds":[{"posx":1,"posy":0,"amount":300},{"posx":6,"posy":0,"amount":250},{"posx":6,"posy":2,"amount":50},{"posx":7,"posy":2,"amount":150},{"posx":2,"posy":3,"amount":250},{"posx":1,"posy":6,"amount":100},{"posx":5,"posy":6,"amount":400},{"posx":3,"posy":7,"amount":200}],"changedObstacles":[]},{"players":[{"playerId":3944,"score":1425,"energy":32,"posx":6,"posy":6,"lastAction":4,"status":0},{"playerId":2234905,"score":1000,"energy":33,"posx":2,"posy":3,"lastAction":5,"status":0},{"playerId":2294637,"score":1700,"energy":4,"posx":5,"posy":6,"lastAction":5,"status":0},{"playerId":2271981,"score":1325,"energy":27,"posx":7,"posy":2,"lastAction":2,"status":0}],"golds":[{"posx":1,"posy":0,"amount":300},{"posx":6,"posy":0,"amount":250},{"posx":6,"posy":2,"amount":50},{"posx":7,"posy":2,"amount":150},{"posx":2,"posy":3,"amount":200},{"posx":1,"posy":6,"amount":100},{"posx":5,"posy":6,"amount":350},{"posx":3,"posy":7,"amount":200}],"changedObstacles":[]},{"players":[{"playerId":3944,"score":1425,"energy":50,"posx":6,"posy":6,"lastAction":4,"status":0},{"playerId":2234905,"score":1000,"energy":45,"posx":2,"posy":3,"lastAction":4,"status":0},{"playerId":2294637,"score":1700,"energy":16,"posx":5,"posy":6,"lastAction":4,"status":0},{"playerId":2271981,"score":1375,"energy":22,"posx":7,"posy":2,"lastAction":5,"status":0}],"golds":[{"posx":1,"posy":0,"amount":300},{"posx":6,"posy":0,"amount":250},{"posx":6,"posy":2,"amount":50},{"posx":7,"posy":2,"amount":100},{"posx":2,"posy":3,"amount":200},{"posx":1,"posy":6,"amount":100},{"posx":5,"posy":6,"amount":350},{"posx":3,"posy":7,"amount":200}],"changedObstacles":[]},{"players":[{"playerId":3944,"score":1425,"energy":46,"posx":5,"posy":6,"lastAction":0,"status":0},{"playerId":2234905,"score":1050,"energy":40,"posx":2,"posy":3,"lastAction":5,"status":0},{"playerId":2294637,"score":1700,"energy":32,"posx":5,"posy":6,"lastAction":4,"status":0},{"playerId":2271981,"score":1425,"energy":17,"posx":7,"posy":2,"lastAction":5,"status":0}],"golds":[{"posx":1,"posy":0,"amount":300},{"posx":6,"posy":0,"amount":250},{"posx":6,"posy":2,"amount":50},{"posx":7,"posy":2,"amount":50},{"posx":2,"posy":3,"amount":150},{"posx":1,"posy":6,"amount":100},{"posx":5,"posy":6,"amount":350},{"posx":3,"posy":7,"amount":200}],"changedObstacles":[]},{"players":[{"playerId":3944,"score":1475,"energy":41,"posx":5,"posy":6,"lastAction":5,"status":0},{"playerId":2234905,"score":1100,"energy":35,"posx":2,"posy":3,"lastAction":5,"status":0},{"playerId":2294637,"score":1700,"energy":50,"posx":5,"posy":6,"lastAction":4,"status":0},{"playerId":2271981,"score":1475,"energy":12,"posx":7,"posy":2,"lastAction":5,"status":0}],"golds":[{"posx":1,"posy":0,"amount":300},{"posx":6,"posy":0,"amount":250},{"posx":6,"posy":2,"amount":50},{"posx":2,"posy":3,"amount":100},{"posx":1,"posy":6,"amount":100},{"posx":5,"posy":6,"amount":300},{"posx":3,"posy":7,"amount":200}],"changedObstacles":[{"type":0,"posx":7,"posy":2,"value":-1}]},{"players":[{"playerId":3944,"score":1525,"energy":36,"posx":5,"posy":6,"lastAction":5,"status":0},{"playerId":2234905,"score":1100,"energy":47,"posx":2,"posy":3,"lastAction":4,"status":0},{"playerId":2294637,"score":1750,"energy":45,"posx":5,"posy":6,"lastAction":5,"status":0},{"playerId":2271981,"score":1475,"energy":8,"posx":6,"posy":2,"lastAction":0,"status":0}],"golds":[{"posx":1,"posy":0,"amount":300},{"posx":6,"posy":0,"amount":250},{"posx":6,"posy":2,"amount":50},{"posx":2,"posy":3,"amount":100},{"posx":1,"posy":6,"amount":100},{"posx":5,"posy":6,"amount":200},{"posx":3,"posy":7,"amount":200}],"changedObstacles":[]},{"players":[{"playerId":3944,"score":1575,"energy":31,"posx":5,"posy":6,"lastAction":5,"status":0},{"playerId":2234905,"score":1150,"energy":42,"posx":2,"posy":3,"lastAction":5,"status":0},{"playerId":2294637,"score":1800,"energy":40,"posx":5,"posy":6,"lastAction":5,"status":0},{"playerId":2271981,"score":1525,"energy":3,"posx":6,"posy":2,"lastAction":5,"status":0}],"golds":[{"posx":1,"posy":0,"amount":300},{"posx":6,"posy":0,"amount":250},{"posx":2,"posy":3,"amount":50},{"posx":1,"posy":6,"amount":100},{"posx":5,"posy":6,"amount":100},{"posx":3,"posy":7,"amount":200}],"changedObstacles":[{"type":0,"posx":6,"posy":2,"value":-1}]},{"players":[{"playerId":3944,"score":1625,"energy":26,"posx":5,"posy":6,"lastAction":5,"status":0},{"playerId":2234905,"score":1200,"energy":37,"posx":2,"posy":3,"lastAction":5,"status":0},{"playerId":2294637,"score":1850,"energy":35,"posx":5,"posy":6,"lastAction":5,"status":0},{"playerId":2271981,"score":1525,"energy":15,"posx":6,"posy":2,"lastAction":4,"status":0}],"golds":[{"posx":1,"posy":0,"amount":300},{"posx":6,"posy":0,"amount":250},{"posx":1,"posy":6,"amount":100},{"posx":3,"posy":7,"amount":200}],"changedObstacles":[{"type":0,"posx":5,"posy":6,"value":-1},{"type":0,"posx":2,"posy":3,"value":-1}]},{"players":[{"playerId":3944,"score":1625,"energy":25,"posx":5,"posy":7,"lastAction":3,"status":0},{"playerId":2234905,"score":1200,"energy":49,"posx":2,"posy":3,"lastAction":4,"status":0},{"playerId":2294637,"score":1850,"energy":34,"posx":5,"posy":7,"lastAction":3,"status":0},{"playerId":2271981,"score":1525,"energy":31,"posx":6,"posy":2,"lastAction":4,"status":0}],"golds":[{"posx":1,"posy":0,"amount":300},{"posx":6,"posy":0,"amount":250},{"posx":1,"posy":6,"amount":100},{"posx":3,"posy":7,"amount":200}],"changedObstacles":[]},{"players":[{"playerId":3944,"score":1625,"energy":24,"posx":4,"posy":7,"lastAction":0,"status":0},{"playerId":2234905,"score":1200,"energy":44,"posx":2,"posy":4,"lastAction":3,"status":0},{"playerId":2294637,"score":1850,"energy":33,"posx":4,"posy":7,"lastAction":0,"status":0},{"playerId":2271981,"score":1525,"energy":50,"posx":6,"posy":2,"lastAction":4,"status":0}],"golds":[{"posx":1,"posy":0,"amount":300},{"posx":6,"posy":0,"amount":250},{"posx":1,"posy":6,"amount":100},{"posx":3,"posy":7,"amount":200}],"changedObstacles":[{"type":3,"posx":2,"posy":4,"value":-20}]},{"players":[{"playerId":3944,"score":1625,"energy":20,"posx":3,"posy":7,"lastAction":0,"status":0},{"playerId":2234905,"score":1200,"energy":43,"posx":2,"posy":5,"lastAction":3,"status":0},{"playerId":2294637,"score":1850,"energy":29,"posx":3,"posy":7,"lastAction":0,"status":0},{"playerId":2271981,"score":1525,"energy":49,"posx":6,"posy":1,"lastAction":2,"status":0}],"golds":[{"posx":1,"posy":0,"amount":300},{"posx":6,"posy":0,"amount":250},{"posx":1,"posy":6,"amount":100},{"posx":3,"posy":7,"amount":200}],"changedObstacles":[]},{"players":[{"playerId":3944,"score":1675,"energy":15,"posx":3,"posy":7,"lastAction":5,"status":0},{"playerId":2234905,"score":1200,"energy":42,"posx":2,"posy":6,"lastAction":3,"status":0},{"playerId":2294637,"score":1900,"energy":24,"posx":3,"posy":7,"lastAction":5,"status":0},{"playerId":2271981,"score":1525,"energy":45,"posx":6,"posy":0,"lastAction":2,"status":0}],"golds":[{"posx":1,"posy":0,"amount":300},{"posx":6,"posy":0,"amount":250},{"posx":1,"posy":6,"amount":100},{"posx":3,"posy":7,"amount":100}],"changedObstacles":[]},{"players":[{"playerId":3944,"score":1725,"energy":10,"posx":3,"posy":7,"lastAction":5,"status":0},{"playerId":2234905,"score":1200,"energy":38,"posx":1,"posy":6,"lastAction":0,"status":0},{"playerId":2294637,"score":1950,"energy":19,"posx":3,"posy":7,"lastAction":5,"status":0},{"playerId":2271981,"score":1575,"energy":40,"posx":6,"posy":0,"lastAction":5,"status":0}],"golds":[{"posx":1,"posy":0,"amount":300},{"posx":6,"posy":0,"amount":200},{"posx":1,"posy":6,"amount":100}],"changedObstacles":[{"type":0,"posx":3,"posy":7,"value":-1}]},{"players":[{"playerId":3944,"score":1725,"energy":9,"posx":3,"posy":6,"lastAction":2,"status":0},{"playerId":2234905,"score":1250,"energy":33,"posx":1,"posy":6,"lastAction":5,"status":0},{"playerId":2294637,"score":1950,"energy":18,"posx":3,"posy":6,"lastAction":2,"status":0},{"playerId":2271981,"score":1625,"energy":35,"posx":6,"posy":0,"lastAction":5,"status":0}],"golds":[{"posx":1,"posy":0,"amount":300},{"posx":6,"posy":0,"amount":150},{"posx":1,"posy":6,"amount":50}],"changedObstacles":[]},{"players":[{"playerId":3944,"score":1725,"energy":8,"posx":2,"posy":6,"lastAction":0,"status":0},{"playerId":2234905,"score":1250,"energy":45,"posx":1,"posy":6,"lastAction":4,"status":0},{"playerId":2294637,"score":1950,"energy":17,"posx":3,"posy":5,"lastAction":2,"status":0},{"playerId":2271981,"score":1675,"energy":30,"posx":6,"posy":0,"lastAction":5,"status":0}],"golds":[{"posx":1,"posy":0,"amount":300},{"posx":6,"posy":0,"amount":100},{"posx":1,"posy":6,"amount":50}],"changedObstacles":[]},{"players":[{"playerId":3944,"score":1725,"energy":4,"posx":1,"posy":6,"lastAction":0,"status":0},{"playerId":2234905,"score":1300,"energy":40,"posx":1,"posy":6,"lastAction":5,"status":0},{"playerId":2294637,"score":1950,"energy":16,"posx":3,"posy":4,"lastAction":2,"status":0},{"playerId":2271981,"score":1725,"energy":25,"posx":6,"posy":0,"lastAction":5,"status":0}],"golds":[{"posx":1,"posy":0,"amount":300},{"posx":6,"posy":0,"amount":50}],"changedObstacles":[{"type":0,"posx":1,"posy":6,"value":-1}]},{"players":[{"playerId":3944,"score":1725,"energy":16,"posx":1,"posy":6,"lastAction":4,"status":0},{"playerId":2234905,"score":1300,"energy":39,"posx":1,"posy":5,"lastAction":2,"status":0},{"playerId":2294637,"score":1950,"energy":15,"posx":3,"posy":3,"lastAction":2,"status":0},{"playerId":2271981,"score":1775,"energy":20,"posx":6,"posy":0,"lastAction":5,"status":0}],"golds":[{"posx":1,"posy":0,"amount":300}],"changedObstacles":[{"type":0,"posx":6,"posy":0,"value":-1}]},{"players":[{"playerId":3944,"score":1725,"energy":32,"posx":1,"posy":6,"lastAction":4,"status":0},{"playerId":2234905,"score":1300,"energy":38,"posx":1,"posy":4,"lastAction":2,"status":0},{"playerId":2294637,"score":1950,"energy":14,"posx":3,"posy":2,"lastAction":2,"status":0},{"playerId":2271981,"score":1775,"energy":19,"posx":5,"posy":0,"lastAction":0,"status":0}],"golds":[{"posx":1,"posy":0,"amount":300}],"changedObstacles":[]},{"players":[{"playerId":3944,"score":1725,"energy":50,"posx":1,"posy":6,"lastAction":4,"status":0},{"playerId":2234905,"score":1300,"energy":28,"posx":1,"posy":3,"lastAction":2,"status":0},{"playerId":2294637,"score":1950,"energy":13,"posx":2,"posy":2,"lastAction":0,"status":0},{"playerId":2271981,"score":1775,"energy":31,"posx":5,"posy":0,"lastAction":4,"status":0}],"golds":[{"posx":1,"posy":0,"amount":300}],"changedObstacles":[{"type":0,"posx":1,"posy":3,"value":-1}]},{"players":[{"playerId":3944,"score":1725,"energy":49,"posx":1,"posy":5,"lastAction":2,"status":0},{"playerId":2234905,"score":1300,"energy":40,"posx":1,"posy":3,"lastAction":4,"status":0},{"playerId":2294637,"score":1950,"energy":12,"posx":2,"posy":1,"lastAction":2,"status":0},{"playerId":2271981,"score":1775,"energy":17,"posx":4,"posy":0,"lastAction":0,"status":0}],"golds":[{"posx":1,"posy":0,"amount":300}],"changedObstacles":[]},{"players":[{"playerId":3944,"score":1725,"energy":48,"posx":1,"posy":4,"lastAction":2,"status":0},{"playerId":2234905,"score":1300,"energy":39,"posx":1,"posy":2,"lastAction":2,"status":0},{"playerId":2294637,"score":1950,"energy":11,"posx":2,"posy":0,"lastAction":2,"status":0},{"playerId":2271981,"score":1775,"energy":7,"posx":3,"posy":0,"lastAction":0,"status":0}],"golds":[{"posx":1,"posy":0,"amount":300}],"changedObstacles":[{"type":0,"posx":3,"posy":0,"value":-1}]},{"players":[{"playerId":3944,"score":1725,"energy":47,"posx":1,"posy":3,"lastAction":2,"status":0},{"playerId":2234905,"score":1300,"energy":29,"posx":1,"posy":1,"lastAction":2,"status":0},{"playerId":2294637,"score":1950,"energy":7,"posx":1,"posy":0,"lastAction":0,"status":0},{"playerId":2271981,"score":1775,"energy":6,"posx":2,"posy":0,"lastAction":0,"status":0}],"golds":[{"posx":1,"posy":0,"amount":300}],"changedObstacles":[{"type":0,"posx":1,"posy":1,"value":-1}]},{"players":[{"playerId":3944,"score":1725,"energy":46,"posx":1,"posy":2,"lastAction":2,"status":0},{"playerId":2234905,"score":1300,"energy":41,"posx":1,"posy":1,"lastAction":4,"status":0},{"playerId":2294637,"score":1950,"energy":19,"posx":1,"posy":0,"lastAction":4,"status":0},{"playerId":2271981,"score":1775,"energy":18,"posx":2,"posy":0,"lastAction":4,"status":0}],"golds":[{"posx":1,"posy":0,"amount":300}],"changedObstacles":[]},{"players":[{"playerId":3944,"score":1725,"energy":45,"posx":1,"posy":1,"lastAction":2,"status":0},{"playerId":2234905,"score":1300,"energy":37,"posx":1,"posy":0,"lastAction":2,"status":0},{"playerId":2294637,"score":1950,"energy":35,"posx":1,"posy":0,"lastAction":4,"status":0},{"playerId":2271981,"score":1775,"energy":14,"posx":1,"posy":0,"lastAction":0,"status":0}],"golds":[{"posx":1,"posy":0,"amount":300}],"changedObstacles":[]},{"players":[{"playerId":3944,"score":1725,"energy":41,"posx":1,"posy":0,"lastAction":2,"status":0},{"playerId":2234905,"score":1300,"energy":49,"posx":1,"posy":0,"lastAction":4,"status":0},{"playerId":2294637,"score":1950,"energy":50,"posx":1,"posy":0,"lastAction":4,"status":0},{"playerId":2271981,"score":1825,"energy":9,"posx":1,"posy":0,"lastAction":5,"status":0}],"golds":[{"posx":1,"posy":0,"amount":250}],"changedObstacles":[]},{"players":[{"playerId":3944,"score":1775,"energy":36,"posx":1,"posy":0,"lastAction":5,"status":0},{"playerId":2234905,"score":1350,"energy":44,"posx":1,"posy":0,"lastAction":5,"status":0},{"playerId":2294637,"score":2000,"energy":45,"posx":1,"posy":0,"lastAction":5,"status":0},{"playerId":2271981,"score":1875,"energy":4,"posx":1,"posy":0,"lastAction":5,"status":0}],"golds":[{"posx":1,"posy":0,"amount":50}],"changedObstacles":[]},{"players":[{"playerId":3944,"score":1800,"energy":31,"posx":1,"posy":0,"lastAction":5,"status":0},{"playerId":2234905,"score":1375,"energy":39,"posx":1,"posy":0,"lastAction":5,"status":0},{"playerId":2294637,"score":2000,"energy":50,"posx":1,"posy":0,"lastAction":4,"status":0},{"playerId":2271981,"score":1875,"energy":16,"posx":1,"posy":0,"lastAction":4,"status":0}],"golds":[],"changedObstacles":[{"type":0,"posx":1,"posy":0,"value":-1}]}]