[{"players":[{"playerId":3099802,"score":0,"energy":49,"posx":15,"posy":3,"lastAction":1,"status":0},{"playerId":2483603,"score":0,"energy":49,"posx":13,"posy":3,"lastAction":0,"status":0},{"playerId":239305,"score":0,"energy":49,"posx":15,"posy":3,"lastAction":1,"status":0},{"playerId":2294637,"score":0,"energy":49,"posx":15,"posy":3,"lastAction":1,"status":0}],"golds":[{"posx":18,"posy":6,"amount":650},{"posx":5,"posy":6,"amount":400},{"posx":13,"posy":5,"amount":350},{"posx":18,"posy":4,"amount":50},{"posx":17,"posy":6,"amount":350},{"posx":7,"posy":2,"amount":150},{"posx":15,"posy":7,"amount":50},{"posx":16,"posy":5,"amount":400},{"posx":18,"posy":2,"amount":600},{"posx":6,"posy":0,"amount":250},{"posx":2,"posy":3,"amount":400},{"posx":19,"posy":1,"amount":450},{"posx":17,"posy":4,"amount":600},{"posx":17,"posy":7,"amount":350},{"posx":3,"posy":7,"amount":200},{"posx":6,"posy":2,"amount":50},{"posx":16,"posy":6,"amount":750},{"posx":1,"posy":0,"amount":300},{"posx":7,"posy":4,"amount":600},{"posx":1,"posy":6,"amount":100}],"changedObstacles":[]},{"players":[{"playerId":3099802,"score":0,"energy":44,"posx":15,"posy":4,"lastAction":3,"status":0},{"playerId":2483603,"score":0,"energy":44,"posx":13,"posy":4,"lastAction":3,"status":0},{"playerId":239305,"score":0,"energy":44,"posx":15,"posy":4,"lastAction":3,"status":0},{"playerId":2294637,"score":0,"energy":44,"posx":15,"posy":4,"lastAction":3,"status":0}],"golds":[{"posx":18,"posy":6,"amount":650},{"posx":5,"posy":6,"amount":400},{"posx":13,"posy":5,"amount":350},{"posx":18,"posy":4,"amount":50},{"posx":17,"posy":6,"amount":350},{"posx":7,"posy":2,"amount":150},{"posx":15,"posy":7,"amount":50},{"posx":16,"posy":5,"amount":400},{"posx":18,"posy":2,"amount":600},{"posx":6,"posy":0,"amount":250},{"posx":2,"posy":3,"amount":400},{"posx":19,"posy":1,"amount":450},{"posx":17,"posy":4,"amount":600},{"posx":17,"posy":7,"amount":350},{"posx":3,"posy":7,"amount":200},{"posx":6,"posy":2,"amount":50},{"posx":16,"posy":6,"amount":750},{"posx":1,"posy":0,"amount":300},{"posx":7,"posy":4,"amount":600},{"posx":1,"posy":6,"amount":100}],"changedObstacles":[{"type":3,"posx":15,"posy":4,"value":-20},{"type":3,"posx":13,"posy":4,"value":-20}]},{"players":[{"playerId":3099802,"score":0,"energy":43,"posx":15,"posy":5,"lastAction":3,"status":0},{"playerId":2483603,"score":0,"energy":40,"posx":13,"posy":5,"lastAction":3,"status":0},{"playerId":239305,"score":0,"energy":38,"posx":16,"posy":4,"lastAction":1,"status":0},{"playerId":2294637,"score":0,"energy":43,"posx":15,"posy":5,"lastAction":3,"status":0}],"golds":[{"posx":18,"posy":6,"amount":650},{"posx":5,"posy":6,"amount":400},{"posx":13,"posy":5,"amount":350},{"posx":18,"posy":4,"amount":50},{"posx":17,"posy":6,"amount":350},{"posx":7,"posy":2,"amount":150},{"posx":15,"posy":7,"amount":50},{"posx":16,"posy":5,"amount":400},{"posx":18,"posy":2,"amount":600},{"posx":6,"posy":0,"amount":250},{"posx":2,"posy":3,"amount":400},{"posx":19,"posy":1,"amount":450},{"posx":17,"posy":4,"amount":600},{"posx":17,"posy":7,"amount":350},{"posx":3,"posy":7,"amount":200},{"posx":6,"posy":2,"amount":50},{"posx":16,"posy":6,"amount":750},{"posx":1,"posy":0,"amount":300},{"posx":7,"posy":4,"amount":600},{"posx":1,"posy":6,"amount":100}],"changedObstacles":[]},{"players":[{"playerId":3099802,"score":0,"energy":39,"posx":16,"posy":5,"lastAction":1,"status":0},{"playerId":2483603,"score":50,"energy":35,"posx":13,"posy":5,"lastAction":5,"status":0},{"playerId":239305,"score":0,"energy":34,"posx":16,"posy":5,"lastAction":3,"status":0},{"playerId":2294637,"score":0,"energy":42,"posx":15,"posy":6,"lastAction":3,"status":0}],"golds":[{"posx":1,"posy":0,"amount":300},{"posx":6,"posy":0,"amount":250},{"posx":19,"posy":1,"amount":450},{"posx":6,"posy":2,"amount":50},{"posx":7,"posy":2,"amount":150},{"posx":18,"posy":2,"amount":600},{"posx":2,"posy":3,"amount":400},{"posx":7,"posy":4,"amount":600},{"posx":17,"posy":4,"amount":600},{"posx":18,"posy":4,"amount":50},{"posx":13,"posy":5,"amount":300},{"posx":16,"posy":5,"amount":400},{"posx":1,"posy":6,"amount":100},{"posx":5,"posy":6,"amount":400},{"posx":16,"posy":6,"amount":750},{"posx":17,"posy":6,"amount":350},{"posx":18,"posy":6,"amount":650},{"posx":3,"posy":7,"amount":200},{"posx":15,"posy":7,"amount":50},{"posx":17,"posy":7,"amount":350}],"changedObstacles":[]},{"players":[{"playerId":3099802,"score":50,"energy":34,"posx":16,"posy":5,"lastAction":5,"status":0},{"playerId":2483603,"score":100,"energy":30,"posx":13,"posy":5,"lastAction":5,"status":0},{"playerId":239305,"score":50,"energy":29,"posx":16,"posy":5,"lastAction":5,"status":0},{"playerId":2294637,"score":0,"energy":38,"posx":16,"posy":6,"lastAction":1,"status":0}],"golds":[{"posx":1,"posy":0,"amount":300},{"posx":6,"posy":0,"amount":250},{"posx":19,"posy":1,"amount":450},{"posx":6,"posy":2,"amount":50},{"posx":7,"posy":2,"amount":150},{"posx":18,"posy":2,"amount":600},{"posx":2,"posy":3,"amount":400},{"posx":7,"posy":4,"amount":600},{"posx":17,"posy":4,"amount":600},{"posx":18,"posy":4,"amount":50},{"posx":13,"posy":5,"amount":250},{"posx":16,"posy":5,"amount":300},{"posx":1,"posy":6,"amount":100},{"posx":5,"posy":6,"amount":400},{"posx":16,"posy":6,"amount":750},{"posx":17,"posy":6,"amount":350},{"posx":18,"posy":6,"amount":650},{"posx":3,"posy":7,"amount":200},{"posx":15,"posy":7,"amount":50},{"posx":17,"posy":7,"amount":350}],"changedObstacles":[]},{"players":[{"playerId":3099802,"score":100,"energy":29,"posx":16,"posy":5,"lastAction":5,"status":0},{"playerId":2483603,"score":150,"energy":25,"posx":13,"posy":5,"lastAction":5,"status":0},{"playerId":239305,"score":100,"energy":24,"posx":16,"posy":5,"lastAction":5,"status":0},{"playerId":2294637,"score":50,"energy":33,"posx":16,"posy":6,"lastAction":5,"status":0}],"golds":[{"posx":1,"posy":0,"amount":300},{"posx":6,"posy":0,"amount":250},{"posx":19,"posy":1,"amount":450},{"posx":6,"posy":2,"amount":50},{"posx":7,"posy":2,"amount":150},{"posx":18,"posy":2,"amount":600},{"posx":2,"posy":3,"amount":400},{"posx":7,"posy":4,"amount":600},{"posx":17,"posy":4,"amount":600},{"posx":18,"posy":4,"amount":50},{"posx":13,"posy":5,"amount":200},{"posx":16,"posy":5,"amount":200},{"posx":1,"posy":6,"amount":100},{"posx":5,"posy":6,"amount":400},{"posx":16,"posy":6,"amount":700},{"posx":17,"posy":6,"amount":350},{"posx":18,"posy":6,"amount":650},{"posx":3,"posy":7,"amount":200},{"posx":15,"posy":7,"amount":50},{"posx":17,"posy":7,"amount":350}],"changedObstacles":[]},{"players":[{"playerId":3099802,"score":150,"energy":24,"posx":16,"posy":5,"lastAction":5,"status":0},{"playerId":2483603,"score":200,"energy":20,"posx":13,"posy":5,"lastAction":5,"status":0},{"playerId":239305,"score":150,"energy":19,"posx":16,"posy":5,"lastAction":5,"status":0},{"playerId":2294637,"score":100,"energy":28,"posx":16,"posy":6,"lastAction":5,"status":0}],"golds":[{"posx":1,"posy":0,"amount":300},{"posx":6,"posy":0,"amount":250},{"posx":19,"posy":1,"amount":450},{"posx":6,"posy":2,"amount":50},{"posx":7,"posy":2,"amount":150},{"posx":18,"posy":2,"amount":600},{"posx":2,"posy":3,"amount":400},{"posx":7,"posy":4,"amount":600},{"posx":17,"posy":4,"amount":600},{"posx":18,"posy":4,"amount":50},{"posx":13,"posy":5,"amount":150},{"posx":16,"posy":5,"amount":100},{"posx":1,"posy":6,"amount":100},{"posx":5,"posy":6,"amount":400},{"posx":16,"posy":6,"amount":650},{"posx":17,"posy":6,"amount":350},{"posx":18,"posy":6,"amount":650},{"posx":3,"posy":7,"amount":200},{"posx":15,"posy":7,"amount":50},{"posx":17,"posy":7,"amount":350}],"changedObstacles":[]},{"players":[{"playerId":3099802,"score":200,"energy":19,"posx":16,"posy":5,"lastAction":5,"status":0},{"playerId":2483603,"score":250,"energy":15,"posx":13,"posy":5,"lastAction":5,"status":0},{"playerId":239305,"score":200,"energy":14,"posx":16,"posy":5,"lastAction":5,"status":0},{"playerId":2294637,"score":150,"energy":23,"posx":16,"posy":6,"lastAction":5,"status":0}],"golds":[{"posx":1,"posy":0,"amount":300},{"posx":6,"posy":0,"amount":250},{"posx":19,"posy":1,"amount":450},{"posx":6,"posy":2,"amount":50},{"posx":7,"posy":2,"amount":150},{"posx":18,"posy":2,"amount":600},{"posx":2,"posy":3,"amount":400},{"posx":7,"posy":4,"amount":600},{"posx":17,"posy":4,"amount":600},{"posx":18,"posy":4,"amount":50},{"posx":13,"posy":5,"amount":100},{"posx":1,"posy":6,"amount":100},{"posx":5,"posy":6,"amount":400},{"posx":16,"posy":6,"amount":600},{"posx":17,"posy":6,"amount":350},{"posx":18,"posy":6,"amount":650},{"posx":3,"posy":7,"amount":200},{"posx":15,"posy":7,"amount":50},{"posx":17,"posy":7,"amount":350}],"changedObstacles":[{"type":0,"posx":16,"posy":5,"value":-1}]},{"players":[{"playerId":3099802,"score":200,"energy":18,"posx":17,"posy":5,"lastAction":1,"status":0},{"playerId":2483603,"score":300,"energy":10,"posx":13,"posy":5,"lastAction":5,"status":0},{"playerId":239305,"score":200,"energy":10,"posx":16,"posy":6,"lastAction":3,"status":0},{"playerId":2294637,"score":200,"energy":18,"posx":16,"posy":6,"lastAction":5,"status":0}],"golds":[{"posx":1,"posy":0,"amount":300},{"posx":6,"posy":0,"amount":250},{"posx":19,"posy":1,"amount":450},{"posx":6,"posy":2,"amount":50},{"posx":7,"posy":2,"amount":150},{"posx":18,"posy":2,"amount":600},{"posx":2,"posy":3,"amount":400},{"posx":7,"posy":4,"amount":600},{"posx":17,"posy":4,"amount":600},{"posx":18,"posy":4,"amount":50},{"posx":13,"posy":5,"amount":50},{"posx":1,"posy":6,"amount":100},{"posx":5,"posy":6,"amount":400},{"posx":16,"posy":6,"amount":550},{"posx":17,"posy":6,"amount":350},{"posx":18,"posy":6,"amount":650},{"posx":3,"posy":7,"amount":200},{"posx":15,"posy":7,"amount":50},{"posx":17,"posy":7,"amount":350}],"changedObstacles":[]},{"players":[{"playerId":3099802,"score":200,"energy":17,"posx":18,"posy":5,"lastAction":1,"status":0},{"playerId":2483603,"score":350,"energy":5,"posx":13,"posy":5,"lastAction":5,"status":0},{"playerId":239305,"score":250,"energy":5,"posx":16,"posy":6,"lastAction":5,"status":0},{"playerId":2294637,"score":250,"energy":13,"posx":16,"posy":6,"lastAction":5,"status":0}],"golds":[{"posx":1,"posy":0,"amount":300},{"posx":6,"posy":0,"amount":250},{"posx":19,"posy":1,"amount":450},{"posx":6,"posy":2,"amount":50},{"posx":7,"posy":2,"amount":150},{"posx":18,"posy":2,"amount":600},{"posx":2,"posy":3,"amount":400},{"posx":7,"posy":4,"amount":600},{"posx":17,"posy":4,"amount":600},{"posx":18,"posy":4,"amount":50},{"posx":1,"posy":6,"amount":100},{"posx":5,"posy":6,"amount":400},{"posx":16,"posy":6,"amount":450},{"posx":17,"posy":6,"amount":350},{"posx":18,"posy":6,"amount":650},{"posx":3,"posy":7,"amount":200},{"posx":15,"posy":7,"amount":50},{"posx":17,"posy":7,"amount":350}],"changedObstacles":[{"type":0,"posx":13,"posy":5,"value":-1}]},{"players":[{"playerId":3099802,"score":200,"energy":13,"posx":18,"posy":4,"lastAction":2,"status":0},{"playerId":2483603,"score":350,"energy":17,"posx":13,"posy":5,"lastAction":4,"status":0},{"playerId":239305,"score":250,"energy":17,"posx":16,"posy":6,"lastAction":4,"status":0},{"playerId":2294637,"score":300,"energy":8,"posx":16,"posy":6,"lastAction":5,"status":0}],"golds":[{"posx":1,"posy":0,"amount":300},{"posx":6,"posy":0,"amount":250},{"posx":19,"posy":1,"amount":450},{"posx":6,"posy":2,"amount":50},{"posx":7,"posy":2,"amount":150},{"posx":18,"posy":2,"amount":600},{"posx":2,"posy":3,"amount":400},{"posx":7,"posy":4,"amount":600},{"posx":17,"posy":4,"amount":600},{"posx":18,"posy":4,"amount":50},{"posx":1,"posy":6,"amount":100},{"posx":5,"posy":6,"amount":400},{"posx":16,"posy":6,"amount":400},{"posx":17,"posy":6,"amount":350},{"posx":18,"posy":6,"amount":650},{"posx":3,"posy":7,"amount":200},{"posx":15,"posy":7,"amount":50},{"posx":17,"posy":7,"amount":350}],"changedObstacles":[]},{"players":[{"playerId":3099802,"score":250,"energy":8,"posx":18,"posy":4,"lastAction":5,"status":0},{"playerId":2483603,"score":350,"energy":33,"posx":13,"posy":5,"lastAction":4,"status":0},{"playerId":239305,"score":300,"energy":12,"posx":16,"posy":6,"lastAction":5,"status":0},{"playerId":2294637,"score":350,"energy":3,"posx":16,"posy":6,"lastAction":5,"status":0}],"golds":[{"posx":1,"posy":0,"amount":300},{"posx":6,"posy":0,"amount":250},{"posx":19,"posy":1,"amount":450},{"posx":6,"posy":2,"amount":50},{"posx":7,"posy":2,"amount":150},{"posx":18,"posy":2,"amount":600},{"posx":2,"posy":3,"amount":400},{"posx":7,"posy":4,"amount":600},{"posx":17,"posy":4,"amount":600},{"posx":1,"posy":6,"amount":100},{"posx":5,"posy":6,"amount":400},{"posx":16,"posy":6,"amount":300},{"posx":17,"posy":6,"amount":350},{"posx":18,"posy":6,"amount":650},{"posx":3,"posy":7,"amount":200},{"posx":15,"posy":7,"amount":50},{"posx":17,"posy":7,"amount":350}],"changedObstacles":[{"type":0,"posx":18,"posy":4,"value":-1}]},{"players":[{"playerId":3099802,"score":250,"energy":3,"posx":18,"posy":3,"lastAction":2,"status":0},{"playerId":2483603,"score":350,"energy":21,"posx":14,"posy":5,"lastAction":1,"status":0},{"playerId":239305,"score":350,"energy":7,"posx":16,"posy":6,"lastAction":5,"status":0},{"playerId":2294637,"score":350,"energy":15,"posx":16,"posy":6,"lastAction":4,"status":0}],"golds":[{"posx":1,"posy":0,"amount":300},{"posx":6,"posy":0,"amount":250},{"posx":19,"posy":1,"amount":450},{"posx":6,"posy":2,"amount":50},{"posx":7,"posy":2,"amount":150},{"posx":18,"posy":2,"amount":600},{"posx":2,"posy":3,"amount":400},{"posx":7,"posy":4,"amount":600},{"posx":17,"posy":4,"amount":600},{"posx":1,"posy":6,"amount":100},{"posx":5,"posy":6,"amount":400},{"posx":16,"posy":6,"amount":250},{"posx":17,"posy":6,"amount":350},{"posx":18,"posy":6,"amount":650},{"posx":3,"posy":7,"amount":200},{"posx":15,"posy":7,"amount":50},{"posx":17,"posy":7,"amount":350}],"changedObstacles":[{"type":3,"posx":18,"posy":3,"value":-20}]},{"players":[{"playerId":3099802,"score":250,"energy":15,"posx":18,"posy":3,"lastAction":4,"status":0},{"playerId":2483603,"score":350,"energy":20,"posx":14,"posy":6,"lastAction":3,"status":0},{"playerId":239305,"score":400,"energy":2,"posx":16,"posy":6,"lastAction":5,"status":0},{"playerId":2294637,"score":400,"energy":10,"posx":16,"posy":6,"lastAction":5,"status":0}],"golds":[{"posx":1,"posy":0,"amount":300},{"posx":6,"posy":0,"amount":250},{"posx":19,"posy":1,"amount":450},{"posx":6,"posy":2,"amount":50},{"posx":7,"posy":2,"amount":150},{"posx":18,"posy":2,"amount":600},{"posx":2,"posy":3,"amount":400},{"posx":7,"posy":4,"amount":600},{"posx":17,"posy":4,"amount":600},{"posx":1,"posy":6,"amount":100},{"posx":5,"posy":6,"amount":400},{"posx":16,"posy":6,"amount":150},{"posx":17,"posy":6,"amount":350},{"posx":18,"posy":6,"amount":650},{"posx":3,"posy":7,"amount":200},{"posx":15,"posy":7,"amount":50},{"posx":17,"posy":7,"amount":350}],"changedObstacles":[]},{"players":[{"playerId":3099802,"score":250,"energy":11,"posx":18,"posy":2,"lastAction":2,"status":0},{"playerId":2483603,"score":350,"energy":19,"posx":15,"posy":6,"lastAction":1,"status":0},{"playerId":239305,"score":400,"energy":14,"posx":16,"posy":6,"lastAction":4,"status":0},{"playerId":2294637,"score":450,"energy":5,"posx":16,"posy":6,"lastAction":5,"status":0}],"golds":[{"posx":1,"posy":0,"amount":300},{"posx":6,"posy":0,"amount":250},{"posx":19,"posy":1,"amount":450},{"posx":6,"posy":2,"amount":50},{"posx":7,"posy":2,"amount":150},{"posx":18,"posy":2,"amount":600},{"posx":2,"posy":3,"amount":400},{"posx":7,"posy":4,"amount":600},{"posx":17,"posy":4,"amount":600},{"posx":1,"posy":6,"amount":100},{"posx":5,"posy":6,"amount":400},{"posx":16,"posy":6,"amount":100},{"posx":17,"posy":6,"amount":350},{"posx":18,"posy":6,"amount":650},{"posx":3,"posy":7,"amount":200},{"posx":15,"posy":7,"amount":50},{"posx":17,"posy":7,"amount":350}],"changedObstacles":[]},{"players":[{"playerId":3099802,"score":250,"energy":23,"posx":18,"posy":2,"lastAction":4,"status":0},{"playerId":2483603,"score":350,"energy":15,"posx":16,"posy":6,"lastAction":1,"status":0},{"playerId":239305,"score":450,"energy":9,"posx":16,"posy":6,"lastAction":5,"status":0},{"playerId":2294637,"score":450,"energy":17,"posx":16,"posy":6,"lastAction":4,"status":0}],"golds":[{"posx":1,"posy":0,"amount":300},{"posx":6,"posy":0,"amount":250},{"posx":19,"posy":1,"amount":450},{"posx":6,"posy":2,"amount":50},{"posx":7,"posy":2,"amount":150},{"posx":18,"posy":2,"amount":600},{"posx":2,"posy":3,"amount":400},{"posx":7,"posy":4,"amount":600},{"posx":17,"posy":4,"amount":600},{"posx":1,"posy":6,"amount":100},{"posx":5,"posy":6,"amount":400},{"posx":16,"posy":6,"amount":50},{"posx":17,"posy":6,"amount":350},{"posx":18,"posy":6,"amount":650},{"posx":3,"posy":7,"amount":200},{"posx":15,"posy":7,"amount":50},{"posx":17,"posy":7,"amount":350}],"changedObstacles":[]},{"players":[{"playerId":3099802,"score":250,"energy":39,"posx":18,"posy":2,"lastAction":4,"status":0},{"playerId":2483603,"score":375,"energy":10,"posx":16,"posy":6,"lastAction":5,"status":0},{"playerId":239305,"score":475,"energy":4,"posx":16,"posy":6,"lastAction":5,"status":0},{"playerId":2294637,"score":450,"energy":13,"posx":17,"posy":6,"lastAction":1,"status":0}],"golds":[{"posx":1,"posy":0,"amount":300},{"posx":6,"posy":0,"amount":250},{"posx":19,"posy":1,"amount":450},{"posx":6,"posy":2,"amount":50},{"posx":7,"posy":2,"amount":150},{"posx":18,"posy":2,"amount":600},{"posx":2,"posy":3,"amount":400},{"posx":7,"posy":4,"amount":600},{"posx":17,"posy":4,"amount":600},{"posx":1,"posy":6,"amount":100},{"posx":5,"posy":6,"amount":400},{"posx":17,"posy":6,"amount":350},{"posx":18,"posy":6,"amount":650},{"posx":3,"posy":7,"amount":200},{"posx":15,"posy":7,"amount":50},{"posx":17,"posy":7,"amount":350}],"changedObstacles":[{"type":0,"posx":16,"posy":6,"value":-1}]},{"players":[{"playerId":3099802,"score":300,"energy":34,"posx":18,"posy":2,"lastAction":5,"status":0},{"playerId":2483603,"score":375,"energy":6,"posx":17,"posy":6,"lastAction":1,"status":0},{"playerId":239305,"score":475,"energy":16,"posx":16,"posy":6,"lastAction":4,"status":0},{"playerId":2294637,"score":500,"energy":8,"posx":17,"posy":6,"lastAction":5,"status":0}],"golds":[{"posx":1,"posy":0,"amount":300},{"posx":6,"posy":0,"amount":250},{"posx":19,"posy":1,"amount":450},{"posx":6,"posy":2,"amount":50},{"posx":7,"posy":2,"amount":150},{"posx":18,"posy":2,"amount":550},{"posx":2,"posy":3,"amount":400},{"posx":7,"posy":4,"amount":600},{"posx":17,"posy":4,"amount":600},{"posx":1,"posy":6,"amount":100},{"posx":5,"posy":6,"amount":400},{"posx":17,"posy":6,"amount":300},{"posx":18,"posy":6,"amount":650},{"posx":3,"posy":7,"amount":200},{"posx":15,"posy":7,"amount":50},{"posx":17,"posy":7,"amount":350}],"changedObstacles":[]},{"players":[{"playerId":3099802,"score":350,"energy":29,"posx":18,"posy":2,"lastAction":5,"status":0},{"playerId":2483603,"score":425,"energy":1,"posx":17,"posy":6,"lastAction":5,"status":0},{"playerId":239305,"score":475,"energy":32,"posx":16,"posy":6,"lastAction":4,"status":0},{"playerId":2294637,"score":550,"energy":3,"posx":17,"posy":6,"lastAction":5,"status":0}],"golds":[{"posx":1,"posy":0,"amount":300},{"posx":6,"posy":0,"amount":250},{"posx":19,"posy":1,"amount":450},{"posx":6,"posy":2,"amount":50},{"posx":7,"posy":2,"amount":150},{"posx":18,"posy":2,"amount":500},{"posx":2,"posy":3,"amount":400},{"posx":7,"posy":4,"amount":600},{"posx":17,"posy":4,"amount":600},{"posx":1,"posy":6,"amount":100},{"posx":5,"posy":6,"amount":400},{"posx":17,"posy":6,"amount":200},{"posx":18,"posy":6,"amount":650},{"posx":3,"posy":7,"amount":200},{"posx":15,"posy":7,"amount":50},{"posx":17,"posy":7,"amount":350}],"changedObstacles":[]},{"players":[{"playerId":3099802,"score":400,"energy":24,"posx":18,"posy":2,"lastAction":5,"status":0},{"playerId":2483603,"score":425,"energy":13,"posx":17,"posy":6,"lastAction":4,"status":0},{"playerId":239305,"score":475,"energy":50,"posx":16,"posy":6,"lastAction":4,"status":0},{"playerId":2294637,"score":550,"energy":15,"posx":17,"posy":6,"lastAction":4,"status":0}],"golds":[{"posx":1,"posy":0,"amount":300},{"posx":6,"posy":0,"amount":250},{"posx":19,"posy":1,"amount":450},{"posx":6,"posy":2,"amount":50},{"posx":7,"posy":2,"amount":150},{"posx":18,"posy":2,"amount":450},{"posx":2,"posy":3,"amount":400},{"posx":7,"posy":4,"amount":600},{"posx":17,"posy":4,"amount":600},{"posx":1,"posy":6,"amount":100},{"posx":5,"posy":6,"amount":400},{"posx":17,"posy":6,"amount":200},{"posx":18,"posy":6,"amount":650},{"posx":3,"posy":7,"amount":200},{"posx":15,"posy":7,"amount":50},{"posx":17,"posy":7,"amount":350}],"changedObstacles":[]},{"players":[{"playerId":3099802,"score":450,"energy":19,"posx":18,"posy":2,"lastAction":5,"status":0},{"playerId":2483603,"score":425,"energy":29,"posx":17,"posy":6,"lastAction":4,"status":0},{"playerId":239305,"score":475,"energy":46,"posx":17,"posy":6,"lastAction":1,"status":0},{"playerId":2294637,"score":600,"energy":10,"posx":17,"posy":6,"lastAction":5,"status":0}],"golds":[{"posx":1,"posy":0,"amount":300},{"posx":6,"posy":0,"amount":250},{"posx":19,"posy":1,"amount":450},{"posx":6,"posy":2,"amount":50},{"posx":7,"posy":2,"amount":150},{"posx":18,"posy":2,"amount":400},{"posx":2,"posy":3,"amount":400},{"posx":7,"posy":4,"amount":600},{"posx":17,"posy":4,"amount":600},{"posx":1,"posy":6,"amount":100},{"posx":5,"posy":6,"amount":400},{"posx":17,"posy":6,"amount":150},{"posx":18,"posy":6,"amount":650},{"posx":3,"posy":7,"amount":200},{"posx":15,"posy":7,"amount":50},{"posx":17,"posy":7,"amount":350}],"changedObstacles":[]},{"players":[{"playerId":3099802,"score":500,"energy":14,"posx":18,"posy":2,"lastAction":5,"status":0},{"playerId":2483603,"score":475,"energy":24,"posx":17,"posy":6,"lastAction":5,"status":0},{"playerId":239305,"score":525,"energy":41,"posx":17,"posy":6,"lastAction":5,"status":0},{"playerId":2294637,"score":650,"energy":5,"posx":17,"posy":6,"lastAction":5,"status":0}],"golds":[{"posx":1,"posy":0,"amount":300},{"posx":6,"posy":0,"amount":250},{"posx":19,"posy":1,"amount":450},{"posx":6,"posy":2,"amount":50},{"posx":7,"posy":2,"amount":150},{"posx":18,"posy":2,"amount":350},{"posx":2,"posy":3,"amount":400},{"posx":7,"posy":4,"amount":600},{"posx":17,"posy":4,"amount":600},{"posx":1,"posy":6,"amount":100},{"posx":5,"posy":6,"amount":400},{"posx":18,"posy":6,"amount":650},{"posx":3,"posy":7,"amount":200},{"posx":15,"posy":7,"amount":50},{"posx":17,"posy":7,"amount":350}],"changedObstacles":[{"type":0,"posx":17,"posy":6,"value":-1}]},{"players":[{"playerId":3099802,"score":550,"energy":9,"posx":18,"posy":2,"lastAction":5,"status":0},{"playerId":2483603,"score":475,"energy":20,"posx":18,"posy":6,"lastAction":1,"status":0},{"playerId":239305,"score":525,"energy":37,"posx":18,"posy":6,"lastAction":1,"status":0},{"playerId":2294637,"score":650,"energy":17,"posx":17,"posy":6,"lastAction":4,"status":0}],"golds":[{"posx":1,"posy":0,"amount":300},{"posx":6,"posy":0,"amount":250},{"posx":19,"posy":1,"amount":450},{"posx":6,"posy":2,"amount":50},{"posx":7,"posy":2,"amount":150},{"posx":18,"posy":2,"amount":300},{"posx":2,"posy":3,"amount":400},{"posx":7,"posy":4,"amount":600},{"posx":17,"posy":4,"amount":600},{"posx":1,"posy":6,"amount":100},{"posx":5,"posy":6,"amount":400},{"posx":18,"posy":6,"amount":650},{"posx":3,"posy":7,"amount":200},{"posx":15,"posy":7,"amount":50},{"posx":17,"posy":7,"amount":350}],"changedObstacles":[]},{"players":[{"playerId":3099802,"score":600,"energy":4,"posx":18,"posy":2,"lastAction":5,"status":0},{"playerId":2483603,"score":525,"energy":15,"posx":18,"posy":6,"lastAction":5,"status":0},{"playerId":239305,"score":575,"energy":32,"posx":18,"posy":6,"lastAction":5,"status":0},{"playerId":2294637,"score":650,"energy":33,"posx":17,"posy":6,"lastAction":4,"status":0}],"golds":[{"posx":1,"posy":0,"amount":300},{"posx":6,"posy":0,"amount":250},{"posx":19,"posy":1,"amount":450},{"posx":6,"posy":2,"amount":50},{"posx":7,"posy":2,"amount":150},{"posx":18,"posy":2,"amount":250},{"posx":2,"posy":3,"amount":400},{"posx":7,"posy":4,"amount":600},{"posx":17,"posy":4,"amount":600},{"posx":1,"posy":6,"amount":100},{"posx":5,"posy":6,"amount":400},{"posx":18,"posy":6,"amount":550},{"posx":3,"posy":7,"amount":200},{"posx":15,"posy":7,"amount":50},{"posx":17,"posy":7,"amount":350}],"changedObstacles":[]},{"players":[{"playerId":3099802,"score":600,"energy":16,"posx":18,"posy":2,"lastAction":4,"status":0},{"playerId":2483603,"score":575,"energy":10,"posx":18,"posy":6,"lastAction":5,"status":0},{"playerId":239305,"score":625,"energy":27,"posx":18,"posy":6,"lastAction":5,"status":0},{"playerId":2294637,"score":650,"energy":50,"posx":17,"posy":6,"lastAction":4,"status":0}],"golds":[{"posx":1,"posy":0,"amount":300},{"posx":6,"posy":0,"amount":250},{"posx":19,"posy":1,"amount":450},{"posx":6,"posy":2,"amount":50},{"posx":7,"posy":2,"amount":150},{"posx":18,"posy":2,"amount":250},{"posx":2,"posy":3,"amount":400},{"posx":7,"posy":4,"amount":600},{"posx":17,"posy":4,"amount":600},{"posx":1,"posy":6,"amount":100},{"posx":5,"posy":6,"amount":400},{"posx":18,"posy":6,"amount":450},{"posx":3,"posy":7,"amount":200},{"posx":15,"posy":7,"amount":50},{"posx":17,"posy":7,"amount":350}],"changedObstacles":[]},{"players":[{"playerId":3099802,"score":600,"energy":32,"posx":18,"posy":2,"lastAction":4,"status":0},{"playerId":2483603,"score":625,"energy":5,"posx":18,"posy":6,"lastAction":5,"status":0},{"playerId":239305,"score":675,"energy":22,"posx":18,"posy":6,"lastAction":5,"status":0},{"playerId":2294637,"score":650,"energy":49,"posx":17,"posy":5,"lastAction":2,"status":0}],"golds":[{"posx":1,"posy":0,"amount":300},{"posx":6,"posy":0,"amount":250},{"posx":19,"posy":1,"amount":450},{"posx":6,"posy":2,"amount":50},{"posx":7,"posy":2,"amount":150},{"posx":18,"posy":2,"amount":250},{"posx":2,"posy":3,"amount":400},{"posx":7,"posy":4,"amount":600},{"posx":17,"posy":4,"amount":600},{"posx":1,"posy":6,"amount":100},{"posx":5,"posy":6,"amount":400},{"posx":18,"posy":6,"amount":350},{"posx":3,"posy":7,"amount":200},{"posx":15,"posy":7,"amount":50},{"posx":17,"posy":7,"amount":350}],"changedObstacles":[]},{"players":[{"playerId":3099802,"score":650,"energy":27,"posx":18,"posy":2,"lastAction":5,"status":0},{"playerId":2483603,"score":625,"energy":17,"posx":18,"posy":6,"lastAction":4,"status":0},{"playerId":239305,"score":725,"energy":17,"posx":18,"posy":6,"lastAction":5,"status":0},{"playerId":2294637,"score":650,"energy":45,"posx":17,"posy":4,"lastAction":2,"status":0}],"golds":[{"posx":1,"posy":0,"amount":300},{"posx":6,"posy":0,"amount":250},{"posx":19,"posy":1,"amount":450},{"posx":6,"posy":2,"amount":50},{"posx":7,"posy":2,"amount":150},{"posx":18,"posy":2,"amount":200},{"posx":2,"posy":3,"amount":400},{"posx":7,"posy":4,"amount":600},{"posx":17,"posy":4,"amount":600},{"posx":1,"posy":6,"amount":100},{"posx":5,"posy":6,"amount":400},{"posx":18,"posy":6,"amount":300},{"posx":3,"posy":7,"amount":200},{"posx":15,"posy":7,"amount":50},{"posx":17,"posy":7,"amount":350}],"changedObstacles":[]},{"players":[{"playerId":3099802,"score":700,"energy":22,"posx":18,"posy":2,"lastAction":5,"status":0},{"playerId":2483603,"score":625,"energy":33,"posx":18,"posy":6,"lastAction":4,"status":0},{"playerId":239305,"score":775,"energy":12,"posx":18,"posy":6,"lastAction":5,"status":0},{"playerId":2294637,"score":700,"energy":40,"posx":17,"posy":4,"lastAction":5,"status":0}],"golds":[{"posx":1,"posy":0,"amount":300},{"posx":6,"posy":0,"amount":250},{"posx":19,"posy":1,"amount":450},{"posx":6,"posy":2,"amount":50},{"posx":7,"posy":2,"amount":150},{"posx":18,"posy":2,"amount":150},{"posx":2,"posy":3,"amount":400},{"posx":7,"posy":4,"amount":600},{"posx":17,"posy":4,"amount":550},{"posx":1,"posy":6,"amount":100},{"posx":5,"posy":6,"amount":400},{"posx":18,"posy":6,"amount":250},{"posx":3,"posy":7,"amount":200},{"posx":15,"posy":7,"amount":50},{"posx":17,"posy":7,"amount":350}],"changedObstacles":[]},{"players":[{"playerId":3099802,"score":750,"energy":17,"posx":18,"posy":2,"lastAction":5,"status":0},{"playerId":2483603,"score":675,"energy":28,"posx":18,"posy":6,"lastAction":5,"status":0},{"playerId":239305,"score":825,"energy":7,"posx":18,"posy":6,"lastAction":5,"status":0},{"playerId":2294637,"score":750,"energy":35,"posx":17,"posy":4,"lastAction":5,"status":0}],"golds":[{"posx":1,"posy":0,"amount":300},{"posx":6,"posy":0,"amount":250},{"posx":19,"posy":1,"amount":450},{"posx":6,"posy":2,"amount":50},{"posx":7,"posy":2,"amount":150},{"posx":18,"posy":2,"amount":100},{"posx":2,"posy":3,"amount":400},{"posx":7,"posy":4,"amount":600},{"posx":17,"posy":4,"amount":500},{"posx":1,"posy":6,"amount":100},{"posx":5,"posy":6,"amount":400},{"posx":18,"posy":6,"amount":150},{"posx":3,"posy":7,"amount":200},{"posx":15,"posy":7,"amount":50},{"posx":17,"posy":7,"amount":350}],"changedObstacles":[]},{"players":[{"playerId":3099802,"score":800,"energy":12,"posx":18,"posy":2,"lastAction":5,"status":0},{"playerId":2483603,"score":725,"energy":23,"posx":18,"posy":6,"lastAction":5,"status":0},{"playerId":239305,"score":875,"energy":2,"posx":18,"posy":6,"lastAction":5,"status":0},{"playerId":2294637,"score":800,"energy":30,"posx":17,"posy":4,"lastAction":5,"status":0}],"golds":[{"posx":1,"posy":0,"amount":300},{"posx":6,"posy":0,"amount":250},{"posx":19,"posy":1,"amount":450},{"posx":6,"posy":2,"amount":50},{"posx":7,"posy":2,"amount":150},{"posx":18,"posy":2,"amount":50},{"posx":2,"posy":3,"amount":400},{"posx":7,"posy":4,"amount":600},{"posx":17,"posy":4,"amount":450},{"posx":1,"posy":6,"amount":100},{"posx":5,"posy":6,"amount":400},{"posx":18,"posy":6,"amount":50},{"posx":3,"posy":7,"amount":200},{"posx":15,"posy":7,"amount":50},{"posx":17,"posy":7,"amount":350}],"changedObstacles":[]},{"players":[{"playerId":3099802,"score":850,"energy":7,"posx":18,"posy":2,"lastAction":5,"status":0},{"playerId":2483603,"score":775,"energy":18,"posx":18,"posy":6,"lastAction":5,"status":0},{"playerId":239305,"score":875,"energy":14,"posx":18,"posy":6,"lastAction":4,"status":0},{"playerId":2294637,"score":850,"energy":25,"posx":17,"posy":4,"lastAction":5,"status":0}],"golds":[{"posx":1,"posy":0,"amount":300},{"posx":6,"posy":0,"amount":250},{"posx":19,"posy":1,"amount":450},{"posx":6,"posy":2,"amount":50},{"posx":7,"posy":2,"amount":150},{"posx":2,"posy":3,"amount":400},{"posx":7,"posy":4,"amount":600},{"posx":17,"posy":4,"amount":400},{"posx":1,"posy":6,"amount":100},{"posx":5,"posy":6,"amount":400},{"posx":3,"posy":7,"amount":200},{"posx":15,"posy":7,"amount":50},{"posx":17,"posy":7,"amount":350}],"changedObstacles":[{"type":0,"posx":18,"posy":6,"value":-1},{"type":0,"posx":18,"posy":2,"value":-1}]},{"players":[{"playerId":3099802,"score":850,"energy":19,"posx":18,"posy":2,"lastAction":4,"status":0},{"playerId":2483603,"score":775,"energy":17,"posx":17,"posy":6,"lastAction":0,"status":0},{"playerId":239305,"score":875,"energy":30,"posx":18,"posy":6,"lastAction":4,"status":0},{"playerId":2294637,"score":900,"energy":20,"posx":17,"posy":4,"lastAction":5,"status":0}],"golds":[{"posx":1,"posy":0,"amount":300},{"posx":6,"posy":0,"amount":250},{"posx":19,"posy":1,"amount":450},{"posx":6,"posy":2,"amount":50},{"posx":7,"posy":2,"amount":150},{"posx":2,"posy":3,"amount":400},{"posx":7,"posy":4,"amount":600},{"posx":17,"posy":4,"amount":350},{"posx":1,"posy":6,"amount":100},{"posx":5,"posy":6,"amount":400},{"posx":3,"posy":7,"amount":200},{"posx":15,"posy":7,"amount":50},{"posx":17,"posy":7,"amount":350}],"changedObstacles":[]},{"players":[{"playerId":3099802,"score":850,"energy":35,"posx":18,"posy":2,"lastAction":4,"status":0},{"playerId":2483603,"score":775,"energy":13,"posx":17,"posy":7,"lastAction":3,"status":0},{"playerId":239305,"score":875,"energy":50,"posx":18,"posy":6,"lastAction":4,"status":0},{"playerId":2294637,"score":950,"energy":15,"posx":17,"posy":4,"lastAction":5,"status":0}],"golds":[{"posx":1,"posy":0,"amount":300},{"posx":6,"posy":0,"amount":250},{"posx":19,"posy":1,"amount":450},{"posx":6,"posy":2,"amount":50},{"posx":7,"posy":2,"amount":150},{"posx":2,"posy":3,"amount":400},{"posx":7,"posy":4,"amount":600},{"posx":17,"posy":4,"amount":300},{"posx":1,"posy":6,"amount":100},{"posx":5,"posy":6,"amount":400},{"posx":3,"posy":7,"amount":200},{"posx":15,"posy":7,"amount":50},{"posx":17,"posy":7,"amount":350}],"changedObstacles":[]},{"players":[{"playerId":3099802,"score":850,"energy":16,"posx":17,"posy":2,"lastAction":0,"status":0},{"playerId":2483603,"score":825,"energy":8,"posx":17,"posy":7,"lastAction":5,"status":0},{"playerId":239305,"score":875,"energy":49,"posx":17,"posy":6,"lastAction":0,"status":0},{"playerId":2294637,"score":1000,"energy":10,"posx":17,"posy":4,"lastAction":5,"status":0}],"golds":[{"posx":1,"posy":0,"amount":300},{"posx":6,"posy":0,"amount":250},{"posx":19,"posy":1,"amount":450},{"posx":6,"posy":2,"amount":50},{"posx":7,"posy":2,"amount":150},{"posx":2,"posy":3,"amount":400},{"posx":7,"posy":4,"amount":600},{"posx":17,"posy":4,"amount":250},{"posx":1,"posy":6,"amount":100},{"posx":5,"posy":6,"amount":400},{"posx":3,"posy":7,"amount":200},{"posx":15,"posy":7,"amount":50},{"posx":17,"posy":7,"amount":300}],"changedObstacles":[]},{"players":[{"playerId":3099802,"score":850,"energy":15,"posx":16,"posy":2,"lastAction":0,"status":0},{"playerId":2483603,"score":875,"energy":3,"posx":17,"posy":7,"lastAction":5,"status":0},{"playerId":239305,"score":875,"energy":45,"posx":17,"posy":7,"lastAction":3,"status":0},{"playerId":2294637,"score":1050,"energy":5,"posx":17,"posy":4,"lastAction":5,"status":0}],"golds":[{"posx":1,"posy":0,"amount":300},{"posx":6,"posy":0,"amount":250},{"posx":19,"posy":1,"amount":450},{"posx":6,"posy":2,"amount":50},{"posx":7,"posy":2,"amount":150},{"posx":2,"posy":3,"amount":400},{"posx":7,"posy":4,"amount":600},{"posx":17,"posy":4,"amount":200},{"posx":1,"posy":6,"amount":100},{"posx":5,"posy":6,"amount":400},{"posx":3,"posy":7,"amount":200},{"posx":15,"posy":7,"amount":50},{"posx":17,"posy":7,"amount":250}],"changedObstacles":[]},{"players":[{"playerId":3099802,"score":850,"energy":5,"posx":15,"posy":2,"lastAction":0,"status":0},{"playerId":2483603,"score":875,"energy":15,"posx":17,"posy":7,"lastAction":4,"status":0},{"playerId":239305,"score":925,"energy":40,"posx":17,"posy":7,"lastAction":5,"status":0},{"playerId":2294637,"score":1050,"energy":17,"posx":17,"posy":4,"lastAction":4,"status":0}],"golds":[{"posx":1,"posy":0,"amount":300},{"posx":6,"posy":0,"amount":250},{"posx":19,"posy":1,"amount":450},{"posx":6,"posy":2,"amount":50},{"posx":7,"posy":2,"amount":150},{"posx":2,"posy":3,"amount":400},{"posx":7,"posy":4,"amount":600},{"posx":17,"posy":4,"amount":200},{"posx":1,"posy":6,"amount":100},{"posx":5,"posy":6,"amount":400},{"posx":3,"posy":7,"amount":200},{"posx":15,"posy":7,"amount":50},{"posx":17,"posy":7,"amount":200}],"changedObstacles":[{"type":0,"posx":15,"posy":2,"value":-1}]},{"players":[{"playerId":3099802,"score":850,"energy":4,"posx":14,"posy":2,"lastAction":0,"status":0},{"playerId":2483603,"score":875,"energy":31,"posx":17,"posy":7,"lastAction":4,"status":0},{"playerId":239305,"score":975,"energy":35,"posx":17,"posy":7,"lastAction":5,"status":0},{"playerId":2294637,"score":1050,"energy":33,"posx":17,"posy":4,"lastAction":4,"status":0}],"golds":[{"posx":1,"posy":0,"amount":300},{"posx":6,"posy":0,"amount":250},{"posx":19,"posy":1,"amount":450},{"posx":6,"posy":2,"amount":50},{"posx":7,"posy":2,"amount":150},{"posx":2,"posy":3,"amount":400},{"posx":7,"posy":4,"amount":600},{"posx":17,"posy":4,"amount":200},{"posx":1,"posy":6,"amount":100},{"posx":5,"posy":6,"amount":400},{"posx":3,"posy":7,"amount":200},{"posx":15,"posy":7,"amount":50},{"posx":17,"posy":7,"amount":150}],"changedObstacles":[]},{"players":[{"playerId":3099802,"score":850,"energy":16,"posx":14,"posy":2,"lastAction":4,"status":0},{"playerId":2483603,"score":925,"energy":26,"posx":17,"posy":7,"lastAction":5,"status":0},{"playerId":239305,"score":1025,"energy":30,"posx":17,"posy":7,"lastAction":5,"status":0},{"playerId":2294637,"score":1050,"energy":50,"posx":17,"posy":4,"lastAction":4,"status":0}],"golds":[{"posx":1,"posy":0,"amount":300},{"posx":6,"posy":0,"amount":250},{"posx":19,"posy":1,"amount":450},{"posx":6,"posy":2,"amount":50},{"posx":7,"posy":2,"amount":150},{"posx":2,"posy":3,"amount":400},{"posx":7,"posy":4,"amount":600},{"posx":17,"posy":4,"amount":200},{"posx":1,"posy":6,"amount":100},{"posx":5,"posy":6,"amount":400},{"posx":3,"posy":7,"amount":200},{"posx":15,"posy":7,"amount":50},{"posx":17,"posy":7,"amount":50}],"changedObstacles":[]},{"players":[{"playerId":3099802,"score":850,"energy":11,"posx":13,"posy":2,"lastAction":0,"status":0},{"playerId":2483603,"score":950,"energy":21,"posx":17,"posy":7,"lastAction":5,"status":0},{"playerId":239305,"score":1050,"energy":25,"posx":17,"posy":7,"lastAction":5,"status":0},{"playerId":2294637,"score":1100,"energy":45,"posx":17,"posy":4,"lastAction":5,"status":0}],"golds":[{"posx":1,"posy":0,"amount":300},{"posx":6,"posy":0,"amount":250},{"posx":19,"posy":1,"amount":450},{"posx":6,"posy":2,"amount":50},{"posx":7,"posy":2,"amount":150},{"posx":2,"posy":3,"amount":400},{"posx":7,"posy":4,"amount":600},{"posx":17,"posy":4,"amount":150},{"posx":1,"posy":6,"amount":100},{"posx":5,"posy":6,"amount":400},{"posx":3,"posy":7,"amount":200},{"posx":15,"posy":7,"amount":50}],"changedObstacles":[{"type":3,"posx":13,"posy":2,"value":-20},{"type":0,"posx":17,"posy":7,"value":-1}]},{"players":[{"playerId":3099802,"score":850,"energy":10,"posx":12,"posy":2,"lastAction":0,"status":0},{"playerId":2483603,"score":950,"energy":16,"posx":16,"posy":7,"lastAction":0,"status":0},{"playerId":239305,"score":1050,"energy":24,"posx":17,"posy":6,"lastAction":2,"status":0},{"playerId":2294637,"score":1150,"energy":40,"posx":17,"posy":4,"lastAction":5,"status":0}],"golds":[{"posx":1,"posy":0,"amount":300},{"posx":6,"posy":0,"amount":250},{"posx":19,"posy":1,"amount":450},{"posx":6,"posy":2,"amount":50},{"posx":7,"posy":2,"amount":150},{"posx":2,"posy":3,"amount":400},{"posx":7,"posy":4,"amount":600},{"posx":17,"posy":4,"amount":100},{"posx":1,"posy":6,"amount":100},{"posx":5,"posy":6,"amount":400},{"posx":3,"posy":7,"amount":200},{"posx":15,"posy":7,"amount":50}],"changedObstacles":[{"type":3,"posx":16,"posy":7,"value":-20}]},{"players":[{"playerId":3099802,"score":850,"energy":5,"posx":11,"posy":2,"lastAction":0,"status":0},{"playerId":2483603,"score":950,"energy":12,"posx":15,"posy":7,"lastAction":0,"status":0},{"playerId":239305,"score":1050,"energy":23,"posx":17,"posy":5,"lastAction":2,"status":0},{"playerId":2294637,"score":1200,"energy":35,"posx":17,"posy":4,"lastAction":5,"status":0}],"golds":[{"posx":1,"posy":0,"amount":300},{"posx":6,"posy":0,"amount":250},{"posx":19,"posy":1,"amount":450},{"posx":6,"posy":2,"amount":50},{"posx":7,"posy":2,"amount":150},{"posx":2,"posy":3,"amount":400},{"posx":7,"posy":4,"amount":600},{"posx":17,"posy":4,"amount":50},{"posx":1,"posy":6,"amount":100},{"posx":5,"posy":6,"amount":400},{"posx":3,"posy":7,"amount":200},{"posx":15,"posy":7,"amount":50}],"changedObstacles":[{"type":3,"posx":11,"posy":2,"value":-20}]},{"players":[{"playerId":3099802,"score":850,"energy":4,"posx":10,"posy":2,"lastAction":0,"status":0},{"playerId":2483603,"score":1000,"energy":7,"posx":15,"posy":7,"lastAction":5,"status":0},{"playerId":239305,"score":1050,"energy":19,"posx":17,"posy":4,"lastAction":2,"status":0},{"playerId":2294637,"score":1250,"energy":30,"posx":17,"posy":4,"lastAction":5,"status":0}],"golds":[{"posx":1,"posy":0,"amount":300},{"posx":6,"posy":0,"amount":250},{"posx":19,"posy":1,"amount":450},{"posx":6,"posy":2,"amount":50},{"posx":7,"posy":2,"amount":150},{"posx":2,"posy":3,"amount":400},{"posx":7,"posy":4,"amount":600},{"posx":1,"posy":6,"amount":100},{"posx":5,"posy":6,"amount":400},{"posx":3,"posy":7,"amount":200}],"changedObstacles":[{"type":0,"posx":17,"posy":4,"value":-1},{"type":0,"posx":15,"posy":7,"value":-1}]},{"players":[{"playerId":3099802,"score":850,"energy":3,"posx":9,"posy":2,"lastAction":0,"status":0},{"playerId":2483603,"score":1000,"energy":6,"posx":15,"posy":6,"lastAction":2,"status":0},{"playerId":239305,"score":1050,"energy":14,"posx":17,"posy":3,"lastAction":2,"status":0},{"playerId":2294637,"score":1250,"energy":29,"posx":18,"posy":4,"lastAction":1,"status":0}],"golds":[{"posx":1,"posy":0,"amount":300},{"posx":6,"posy":0,"amount":250},{"posx":19,"posy":1,"amount":450},{"posx":6,"posy":2,"amount":50},{"posx":7,"posy":2,"amount":150},{"posx":2,"posy":3,"amount":400},{"posx":7,"posy":4,"amount":600},{"posx":1,"posy":6,"amount":100},{"posx":5,"posy":6,"amount":400},{"posx":3,"posy":7,"amount":200}],"changedObstacles":[{"type":3,"posx":17,"posy":3,"value":-20}]},{"players":[{"playerId":3099802,"score":850,"energy":2,"posx":8,"posy":2,"lastAction":0,"status":0},{"playerId":2483603,"score":1000,"energy":5,"posx":14,"posy":6,"lastAction":0,"status":0},{"playerId":239305,"score":1050,"energy":26,"posx":17,"posy":3,"lastAction":4,"status":0},{"playerId":2294637,"score":1250,"energy":24,"posx":19,"posy":4,"lastAction":1,"status":0}],"golds":[{"posx":1,"posy":0,"amount":300},{"posx":6,"posy":0,"amount":250},{"posx":19,"posy":1,"amount":450},{"posx":6,"posy":2,"amount":50},{"posx":7,"posy":2,"amount":150},{"posx":2,"posy":3,"amount":400},{"posx":7,"posy":4,"amount":600},{"posx":1,"posy":6,"amount":100},{"posx":5,"posy":6,"amount":400},{"posx":3,"posy":7,"amount":200}],"changedObstacles":[{"type":3,"posx":19,"posy":4,"value":-20}]},{"players":[{"playerId":3099802,"score":850,"energy":14,"posx":8,"posy":2,"lastAction":4,"status":0},{"playerId":2483603,"score":1000,"energy":17,"posx":14,"posy":6,"lastAction":4,"status":0},{"playerId":239305,"score":1050,"energy":42,"posx":17,"posy":3,"lastAction":4,"status":0},{"playerId":2294637,"score":1250,"energy":11,"posx":19,"posy":3,"lastAction":2,"status":0}],"golds":[{"posx":1,"posy":0,"amount":300},{"posx":6,"posy":0,"amount":250},{"posx":19,"posy":1,"amount":450},{"posx":6,"posy":2,"amount":50},{"posx":7,"posy":2,"amount":150},{"posx":2,"posy":3,"amount":400},{"posx":7,"posy":4,"amount":600},{"posx":1,"posy":6,"amount":100},{"posx":5,"posy":6,"amount":400},{"posx":3,"posy":7,"amount":200}],"changedObstacles":[]},{"players":[{"playerId":3099802,"score":850,"energy":10,"posx":7,"posy":2,"lastAction":0,"status":0},{"playerId":2483603,"score":1000,"energy":33,"posx":14,"posy":6,"lastAction":4,"status":0},{"playerId":239305,"score":1050,"energy":31,"posx":17,"posy":2,"lastAction":2,"status":0},{"playerId":2294637,"score":1250,"energy":10,"posx":19,"posy":2,"lastAction":2,"status":0}],"golds":[{"posx":1,"posy":0,"amount":300},{"posx":6,"posy":0,"amount":250},{"posx":19,"posy":1,"amount":450},{"posx":6,"posy":2,"amount":50},{"posx":7,"posy":2,"amount":150},{"posx":2,"posy":3,"amount":400},{"posx":7,"posy":4,"amount":600},{"posx":1,"posy":6,"amount":100},{"posx":5,"posy":6,"amount":400},{"posx":3,"posy":7,"amount":200}],"changedObstacles":[]},{"players":[{"playerId":3099802,"score":850,"energy":22,"posx":7,"posy":2,"lastAction":4,"status":0},{"playerId":2483603,"score":1000,"energy":28,"posx":13,"posy":6,"lastAction":0,"status":0},{"playerId":239305,"score":1050,"energy":30,"posx":18,"posy":2,"lastAction":1,"status":0},{"playerId":2294637,"score":1250,"energy":6,"posx":19,"posy":1,"lastAction":2,"status":0}],"golds":[{"posx":1,"posy":0,"amount":300},{"posx":6,"posy":0,"amount":250},{"posx":19,"posy":1,"amount":450},{"posx":6,"posy":2,"amount":50},{"posx":7,"posy":2,"amount":150},{"posx":2,"posy":3,"amount":400},{"posx":7,"posy":4,"amount":600},{"posx":1,"posy":6,"amount":100},{"posx":5,"posy":6,"amount":400},{"posx":3,"posy":7,"amount":200}],"changedObstacles":[{"type":3,"posx":13,"posy":6,"value":-20}]},{"players":[{"playerId":3099802,"score":900,"energy":17,"posx":7,"posy":2,"lastAction":5,"status":0},{"playerId":2483603,"score":1000,"energy":27,"posx":13,"posy":5,"lastAction":2,"status":0},{"playerId":239305,"score":1050,"energy":29,"posx":18,"posy":1,"lastAction":2,"status":0},{"playerId":2294637,"score":1250,"energy":18,"posx":19,"posy":1,"lastAction":4,"status":0}],"golds":[{"posx":1,"posy":0,"amount":300},{"posx":6,"posy":0,"amount":250},{"posx":19,"posy":1,"amount":450},{"posx":6,"posy":2,"amount":50},{"posx":7,"posy":2,"amount":100},{"posx":2,"posy":3,"amount":400},{"posx":7,"posy":4,"amount":600},{"posx":1,"posy":6,"amount":100},{"posx":5,"posy":6,"amount":400},{"posx":3,"posy":7,"amount":200}],"changedObstacles":[]},{"players":[{"playerId":3099802,"score":950,"energy":12,"posx":7,"posy":2,"lastAction":5,"status":0},{"playerId":2483603,"score":1000,"energy":26,"posx":12,"posy":5,"lastAction":0,"status":0},{"playerId":239305,"score":1050,"energy":25,"posx":19,"posy":1,"lastAction":1,"status":0},{"playerId":2294637,"score":1250,"energy":34,"posx":19,"posy":1,"lastAction":4,"status":0}],"golds":[{"posx":1,"posy":0,"amount":300},{"posx":6,"posy":0,"amount":250},{"posx":19,"posy":1,"amount":450},{"posx":6,"posy":2,"amount":50},{"posx":7,"posy":2,"amount":50},{"posx":2,"posy":3,"amount":400},{"posx":7,"posy":4,"amount":600},{"posx":1,"posy":6,"amount":100},{"posx":5,"posy":6,"amount":400},{"posx":3,"posy":7,"amount":200}],"changedObstacles":[]},{"players":[{"playerId":3099802,"score":1000,"energy":7,"posx":7,"posy":2,"lastAction":5,"status":0},{"playerId":2483603,"score":1000,"energy":25,"posx":12,"posy":4,"lastAction":2,"status":0},{"playerId":239305,"score":1100,"energy":20,"posx":19,"posy":1,"lastAction":5,"status":0},{"playerId":2294637,"score":1250,"energy":50,"posx":19,"posy":1,"lastAction":4,"status":0}],"golds":[{"posx":1,"posy":0,"amount":300},{"posx":6,"posy":0,"amount":250},{"posx":19,"posy":1,"amount":400},{"posx":6,"posy":2,"amount":50},{"posx":2,"posy":3,"amount":400},{"posx":7,"posy":4,"amount":600},{"posx":1,"posy":6,"amount":100},{"posx":5,"posy":6,"amount":400},{"posx":3,"posy":7,"amount":200}],"changedObstacles":[{"type":0,"posx":7,"posy":2,"value":-1}]},{"players":[{"playerId":3099802,"score":1000,"energy":3,"posx":6,"posy":2,"lastAction":0,"status":0},{"playerId":2483603,"score":1000,"energy":24,"posx":11,"posy":4,"lastAction":0,"status":0},{"playerId":239305,"score":1150,"energy":15,"posx":19,"posy":1,"lastAction":5,"status":0},{"playerId":2294637,"score":1300,"energy":45,"posx":19,"posy":1,"lastAction":5,"status":0}],"golds":[{"posx":1,"posy":0,"amount":300},{"posx":6,"posy":0,"amount":250},{"posx":19,"posy":1,"amount":300},{"posx":6,"posy":2,"amount":50},{"posx":2,"posy":3,"amount":400},{"posx":7,"posy":4,"amount":600},{"posx":1,"posy":6,"amount":100},{"posx":5,"posy":6,"amount":400},{"posx":3,"posy":7,"amount":200}],"changedObstacles":[]},{"players":[{"playerId":3099802,"score":1000,"energy":15,"posx":6,"posy":2,"lastAction":4,"status":0},{"playerId":2483603,"score":1000,"energy":23,"posx":10,"posy":4,"lastAction":0,"status":0},{"playerId":239305,"score":1200,"energy":10,"posx":19,"posy":1,"lastAction":5,"status":0},{"playerId":2294637,"score":1350,"energy":40,"posx":19,"posy":1,"lastAction":5,"status":0}],"golds":[{"posx":1,"posy":0,"amount":300},{"posx":6,"posy":0,"amount":250},{"posx":19,"posy":1,"amount":200},{"posx":6,"posy":2,"amount":50},{"posx":2,"posy":3,"amount":400},{"posx":7,"posy":4,"amount":600},{"posx":1,"posy":6,"amount":100},{"posx":5,"posy":6,"amount":400},{"posx":3,"posy":7,"amount":200}],"changedObstacles":[]},{"players":[{"playerId":3099802,"score":1050,"energy":10,"posx":6,"posy":2,"lastAction":5,"status":0},{"playerId":2483603,"score":1000,"energy":22,"posx":9,"posy":4,"lastAction":0,"status":0},{"playerId":239305,"score":1250,"energy":5,"posx":19,"posy":1,"lastAction":5,"status":0},{"playerId":2294637,"score":1400,"energy":35,"posx":19,"posy":1,"lastAction":5,"status":0}],"golds":[{"posx":1,"posy":0,"amount":300},{"posx":6,"posy":0,"amount":250},{"posx":19,"posy":1,"amount":100},{"posx":2,"posy":3,"amount":400},{"posx":7,"posy":4,"amount":600},{"posx":1,"posy":6,"amount":100},{"posx":5,"posy":6,"amount":400},{"posx":3,"posy":7,"amount":200}],"changedObstacles":[{"type":0,"posx":6,"posy":2,"value":-1}]},{"players":[{"playerId":3099802,"score":1050,"energy":9,"posx":6,"posy":3,"lastAction":3,"status":0},{"playerId":2483603,"score":1000,"energy":21,"posx":8,"posy":4,"lastAction":0,"status":0},{"playerId":239305,"score":1250,"energy":17,"posx":19,"posy":1,"lastAction":4,"status":0},{"playerId":2294637,"score":1450,"energy":30,"posx":19,"posy":1,"lastAction":5,"status":0}],"golds":[{"posx":1,"posy":0,"amount":300},{"posx":6,"posy":0,"amount":250},{"posx":19,"posy":1,"amount":50},{"posx":2,"posy":3,"amount":400},{"posx":7,"posy":4,"amount":600},{"posx":1,"posy":6,"amount":100},{"posx":5,"posy":6,"amount":400},{"posx":3,"posy":7,"amount":200}],"changedObstacles":[]},{"players":[{"playerId":3099802,"score":1050,"energy":4,"posx":6,"posy":4,"lastAction":3,"status":0},{"playerId":2483603,"score":1000,"energy":17,"posx":7,"posy":4,"lastAction":0,"status":0},{"playerId":239305,"score":1275,"energy":12,"posx":19,"posy":1,"lastAction":5,"status":0},{"playerId":2294637,"score":1475,"energy":25,"posx":19,"posy":1,"lastAction":5,"status":0}],"golds":[{"posx":1,"posy":0,"amount":300},{"posx":6,"posy":0,"amount":250},{"posx":2,"posy":3,"amount":400},{"posx":7,"posy":4,"amount":600},{"posx":1,"posy":6,"amount":100},{"posx":5,"posy":6,"amount":400},{"posx":3,"posy":7,"amount":200}],"changedObstacles":[{"type":3,"posx":6,"posy":4,"value":-20},{"type":0,"posx":19,"posy":1,"value":-1}]},{"players":[{"playerId":3099802,"score":1050,"energy":3,"posx":6,"posy":5,"lastAction":3,"status":0},{"playerId":2483603,"score":1050,"energy":12,"posx":7,"posy":4,"lastAction":5,"status":0},{"playerId":239305,"score":1275,"energy":11,"posx":18,"posy":1,"lastAction":0,"status":0},{"playerId":2294637,"score":1475,"energy":24,"posx":18,"posy":1,"lastAction":0,"status":0}],"golds":[{"posx":1,"posy":0,"amount":300},{"posx":6,"posy":0,"amount":250},{"posx":2,"posy":3,"amount":400},{"posx":7,"posy":4,"amount":550},{"posx":1,"posy":6,"amount":100},{"posx":5,"posy":6,"amount":400},{"posx":3,"posy":7,"amount":200}],"changedObstacles":[]},{"players":[{"playerId":3099802,"score":1050,"energy":15,"posx":6,"posy":5,"lastAction":4,"status":0},{"playerId":2483603,"score":1100,"energy":7,"posx":7,"posy":4,"lastAction":5,"status":0},{"playerId":239305,"score":1275,"energy":23,"posx":18,"posy":1,"lastAction":4,"status":0},{"playerId":2294637,"score":1475,"energy":4,"posx":17,"posy":1,"lastAction":0,"status":0}],"golds":[{"posx":1,"posy":0,"amount":300},{"posx":6,"posy":0,"amount":250},{"posx":2,"posy":3,"amount":400},{"posx":7,"posy":4,"amount":500},{"posx":1,"posy":6,"amount":100},{"posx":5,"posy":6,"amount":400},{"posx":3,"posy":7,"amount":200}],"changedObstacles":[]},{"players":[{"playerId":3099802,"score":1050,"energy":10,"posx":6,"posy":6,"lastAction":3,"status":0},{"playerId":2483603,"score":1150,"energy":2,"posx":7,"posy":4,"lastAction":5,"status":0},{"playerId":239305,"score":1275,"energy":39,"posx":18,"posy":1,"lastAction":4,"status":0},{"playerId":2294637,"score":1475,"energy":16,"posx":17,"posy":1,"lastAction":4,"status":0}],"golds":[{"posx":1,"posy":0,"amount":300},{"posx":6,"posy":0,"amount":250},{"posx":2,"posy":3,"amount":400},{"posx":7,"posy":4,"amount":450},{"posx":1,"posy":6,"amount":100},{"posx":5,"posy":6,"amount":400},{"posx":3,"posy":7,"amount":200}],"changedObstacles":[{"type":3,"posx":6,"posy":6,"value":-20}]},{"players":[{"playerId":3099802,"score":1050,"energy":9,"posx":6,"posy":7,"lastAction":3,"status":0},{"playerId":2483603,"score":1150,"energy":14,"posx":7,"posy":4,"lastAction":4,"status":0},{"playerId":239305,"score":1275,"energy":25,"posx":17,"posy":1,"lastAction":0,"status":0},{"playerId":2294637,"score":1475,"energy":32,"posx":17,"posy":1,"lastAction":4,"status":0}],"golds":[{"posx":1,"posy":0,"amount":300},{"posx":6,"posy":0,"amount":250},{"posx":2,"posy":3,"amount":400},{"posx":7,"posy":4,"amount":450},{"posx":1,"posy":6,"amount":100},{"posx":5,"posy":6,"amount":400},{"posx":3,"posy":7,"amount":200}],"changedObstacles":[]},{"players":[{"playerId":3099802,"score":1050,"energy":8,"posx":5,"posy":7,"lastAction":0,"status":0},{"playerId":2483603,"score":1150,"energy":30,"posx":7,"posy":4,"lastAction":4,"status":0},{"playerId":239305,"score":1275,"energy":24,"posx":16,"posy":1,"lastAction":0,"status":0},{"playerId":2294637,"score":1475,"energy":50,"posx":17,"posy":1,"lastAction":4,"status":0}],"golds":[{"posx":1,"posy":0,"amount":300},{"posx":6,"posy":0,"amount":250},{"posx":2,"posy":3,"amount":400},{"posx":7,"posy":4,"amount":450},{"posx":1,"posy":6,"amount":100},{"posx":5,"posy":6,"amount":400},{"posx":3,"posy":7,"amount":200}],"changedObstacles":[]},{"players":[{"playerId":3099802,"score":1050,"energy":4,"posx":5,"posy":6,"lastAction":2,"status":0},{"playerId":2483603,"score":1200,"energy":25,"posx":7,"posy":4,"lastAction":5,"status":0},{"playerId":239305,"score":1275,"energy":23,"posx":15,"posy":1,"lastAction":0,"status":0},{"playerId":2294637,"score":1475,"energy":49,"posx":16,"posy":1,"lastAction":0,"status":0}],"golds":[{"posx":1,"posy":0,"amount":300},{"posx":6,"posy":0,"amount":250},{"posx":2,"posy":3,"amount":400},{"posx":7,"posy":4,"amount":400},{"posx":1,"posy":6,"amount":100},{"posx":5,"posy":6,"amount":400},{"posx":3,"posy":7,"amount":200}],"changedObstacles":[]},{"players":[{"playerId":3099802,"score":1050,"energy":16,"posx":5,"posy":6,"lastAction":4,"status":0},{"playerId":2483603,"score":1250,"energy":20,"posx":7,"posy":4,"lastAction":5,"status":0},{"playerId":239305,"score":1275,"energy":22,"posx":14,"posy":1,"lastAction":0,"status":0},{"playerId":2294637,"score":1475,"energy":48,"posx":15,"posy":1,"lastAction":0,"status":0}],"golds":[{"posx":1,"posy":0,"amount":300},{"posx":6,"posy":0,"amount":250},{"posx":2,"posy":3,"amount":400},{"posx":7,"posy":4,"amount":350},{"posx":1,"posy":6,"amount":100},{"posx":5,"posy":6,"amount":400},{"posx":3,"posy":7,"amount":200}],"changedObstacles":[]},{"players":[{"playerId":3099802,"score":1050,"energy":32,"posx":5,"posy":6,"lastAction":4,"status":0},{"playerId":2483603,"score":1300,"energy":15,"posx":7,"posy":4,"lastAction":5,"status":0},{"playerId":239305,"score":1275,"energy":21,"posx":13,"posy":1,"lastAction":0,"status":0},{"playerId":2294637,"score":1475,"energy":47,"posx":14,"posy":1,"lastAction":0,"status":0}],"golds":[{"posx":1,"posy":0,"amount":300},{"posx":6,"posy":0,"amount":250},{"posx":2,"posy":3,"amount":400},{"posx":7,"posy":4,"amount":300},{"posx":1,"posy":6,"amount":100},{"posx":5,"posy":6,"amount":400},{"posx":3,"posy":7,"amount":200}],"changedObstacles":[]},{"players":[{"playerId":3099802,"score":1050,"energy":50,"posx":5,"posy":6,"lastAction":4,"status":0},{"playerId":2483603,"score":1350,"energy":10,"posx":7,"posy":4,"lastAction":5,"status":0},{"playerId":239305,"score":1275,"energy":20,"posx":12,"posy":1,"lastAction":0,"status":0},{"playerId":2294637,"score":1475,"energy":46,"posx":13,"posy":1,"lastAction":0,"status":0}],"golds":[{"posx":1,"posy":0,"amount":300},{"posx":6,"posy":0,"amount":250},{"posx":2,"posy":3,"amount":400},{"posx":7,"posy":4,"amount":250},{"posx":1,"posy":6,"amount":100},{"posx":5,"posy":6,"amount":400},{"posx":3,"posy":7,"amount":200}],"changedObstacles":[]},{"players":[{"playerId":3099802,"score":1100,"energy":45,"posx":5,"posy":6,"lastAction":5,"status":0},{"playerId":2483603,"score":1400,"energy":5,"posx":7,"posy":4,"lastAction":5,"status":0},{"playerId":239305,"score":1275,"energy":32,"posx":12,"posy":1,"lastAction":4,"status":0},{"playerId":2294637,"score":1475,"energy":45,"posx":12,"posy":1,"lastAction":0,"status":0}],"golds":[{"posx":1,"posy":0,"amount":300},{"posx":6,"posy":0,"amount":250},{"posx":2,"posy":3,"amount":400},{"posx":7,"posy":4,"amount":200},{"posx":1,"posy":6,"amount":100},{"posx":5,"posy":6,"amount":350},{"posx":3,"posy":7,"amount":200}],"changedObstacles":[]},{"players":[{"playerId":3099802,"score":1150,"energy":40,"posx":5,"posy":6,"lastAction":5,"status":0},{"playerId":2483603,"score":1400,"energy":17,"posx":7,"posy":4,"lastAction":4,"status":0},{"playerId":239305,"score":1275,"energy":48,"posx":12,"posy":1,"lastAction":4,"status":0},{"playerId":2294637,"score":1475,"energy":39,"posx":12,"posy":0,"lastAction":2,"status":0}],"golds":[{"posx":1,"posy":0,"amount":300},{"posx":6,"posy":0,"amount":250},{"posx":2,"posy":3,"amount":400},{"posx":7,"posy":4,"amount":200},{"posx":1,"posy":6,"amount":100},{"posx":5,"posy":6,"amount":300},{"posx":3,"posy":7,"amount":200}],"changedObstacles":[]},{"players":[{"playerId":3099802,"score":1200,"energy":35,"posx":5,"posy":6,"lastAction":5,"status":0},{"playerId":2483603,"score":1400,"energy":33,"posx":7,"posy":4,"lastAction":4,"status":0},{"playerId":239305,"score":1275,"energy":41,"posx":11,"posy":1,"lastAction":0,"status":0},{"playerId":2294637,"score":1475,"energy":38,"posx":11,"posy":0,"lastAction":0,"status":0}],"golds":[{"posx":1,"posy":0,"amount":300},{"posx":6,"posy":0,"amount":250},{"posx":2,"posy":3,"amount":400},{"posx":7,"posy":4,"amount":200},{"posx":1,"posy":6,"amount":100},{"posx":5,"posy":6,"amount":250},{"posx":3,"posy":7,"amount":200}],"changedObstacles":[]},{"players":[{"playerId":3099802,"score":1250,"energy":30,"posx":5,"posy":6,"lastAction":5,"status":0},{"playerId":2483603,"score":1450,"energy":28,"posx":7,"posy":4,"lastAction":5,"status":0},{"playerId":239305,"score":1275,"energy":40,"posx":11,"posy":0,"lastAction":2,"status":0},{"playerId":2294637,"score":1475,"energy":37,"posx":10,"posy":0,"lastAction":0,"status":0}],"golds":[{"posx":1,"posy":0,"amount":300},{"posx":6,"posy":0,"amount":250},{"posx":2,"posy":3,"amount":400},{"posx":7,"posy":4,"amount":150},{"posx":1,"posy":6,"amount":100},{"posx":5,"posy":6,"amount":200},{"posx":3,"posy":7,"amount":200}],"changedObstacles":[]},{"players":[{"playerId":3099802,"score":1300,"energy":25,"posx":5,"posy":6,"lastAction":5,"status":0},{"playerId":2483603,"score":1500,"energy":23,"posx":7,"posy":4,"lastAction":5,"status":0},{"playerId":239305,"score":1275,"energy":39,"posx":10,"posy":0,"lastAction":0,"status":0},{"playerId":2294637,"score":1475,"energy":32,"posx":9,"posy":0,"lastAction":0,"status":0}],"golds":[{"posx":1,"posy":0,"amount":300},{"posx":6,"posy":0,"amount":250},{"posx":2,"posy":3,"amount":400},{"posx":7,"posy":4,"amount":100},{"posx":1,"posy":6,"amount":100},{"posx":5,"posy":6,"amount":150},{"posx":3,"posy":7,"amount":200}],"changedObstacles":[{"type":3,"posx":9,"posy":0,"value":-20}]},{"players":[{"playerId":3099802,"score":1350,"energy":20,"posx":5,"posy":6,"lastAction":5,"status":0},{"playerId":2483603,"score":1550,"energy":18,"posx":7,"posy":4,"lastAction":5,"status":0},{"playerId":239305,"score":1275,"energy":19,"posx":9,"posy":0,"lastAction":0,"status":0},{"playerId":2294637,"score":1475,"energy":31,"posx":8,"posy":0,"lastAction":0,"status":0}],"golds":[{"posx":1,"posy":0,"amount":300},{"posx":6,"posy":0,"amount":250},{"posx":2,"posy":3,"amount":400},{"posx":7,"posy":4,"amount":50},{"posx":1,"posy":6,"amount":100},{"posx":5,"posy":6,"amount":100},{"posx":3,"posy":7,"amount":200}],"changedObstacles":[{"type":3,"posx":9,"posy":0,"value":-40}]},{"players":[{"playerId":3099802,"score":1400,"energy":15,"posx":5,"posy":6,"lastAction":5,"status":0},{"playerId":2483603,"score":1600,"energy":13,"posx":7,"posy":4,"lastAction":5,"status":0},{"playerId":239305,"score":1275,"energy":18,"posx":8,"posy":0,"lastAction":0,"status":0},{"playerId":2294637,"score":1475,"energy":30,"posx":7,"posy":0,"lastAction":0,"status":0}],"golds":[{"posx":1,"posy":0,"amount":300},{"posx":6,"posy":0,"amount":250},{"posx":2,"posy":3,"amount":400},{"posx":1,"posy":6,"amount":100},{"posx":5,"posy":6,"amount":50},{"posx":3,"posy":7,"amount":200}],"changedObstacles":[{"type":0,"posx":7,"posy":4,"value":-1}]},{"players":[{"playerId":3099802,"score":1450,"energy":10,"posx":5,"posy":6,"lastAction":5,"status":0},{"playerId":2483603,"score":1600,"energy":12,"posx":7,"posy":5,"lastAction":3,"status":0},{"playerId":239305,"score":1275,"energy":17,"posx":7,"posy":0,"lastAction":0,"status":0},{"playerId":2294637,"score":1475,"energy":26,"posx":6,"posy":0,"lastAction":0,"status":0}],"golds":[{"posx":1,"posy":0,"amount":300},{"posx":6,"posy":0,"amount":250},{"posx":2,"posy":3,"amount":400},{"posx":1,"posy":6,"amount":100},{"posx":3,"posy":7,"amount":200}],"changedObstacles":[{"type":0,"posx":5,"posy":6,"value":-1}]},{"players":[{"playerId":3099802,"score":1450,"energy":22,"posx":5,"posy":6,"lastAction":4,"status":0},{"playerId":2483603,"score":1600,"energy":11,"posx":6,"posy":5,"lastAction":0,"status":0},{"playerId":239305,"score":1275,"energy":13,"posx":6,"posy":0,"lastAction":0,"status":0},{"playerId":2294637,"score":1525,"energy":21,"posx":6,"posy":0,"lastAction":5,"status":0}],"golds":[{"posx":1,"posy":0,"amount":300},{"posx":6,"posy":0,"amount":200},{"posx":2,"posy":3,"amount":400},{"posx":1,"posy":6,"amount":100},{"posx":3,"posy":7,"amount":200}],"changedObstacles":[]},{"players":[{"playerId":3099802,"score":1450,"energy":21,"posx":5,"posy":7,"lastAction":3,"status":0},{"playerId":2483603,"score":1600,"energy":1,"posx":5,"posy":5,"lastAction":0,"status":0},{"playerId":239305,"score":1325,"energy":8,"posx":6,"posy":0,"lastAction":5,"status":0},{"playerId":2294637,"score":1575,"energy":16,"posx":6,"posy":0,"lastAction":5,"status":0}],"golds":[{"posx":1,"posy":0,"amount":300},{"posx":6,"posy":0,"amount":100},{"posx":2,"posy":3,"amount":400},{"posx":1,"posy":6,"amount":100},{"posx":3,"posy":7,"amount":200}],"changedObstacles":[{"type":0,"posx":5,"posy":5,"value":-1}]},{"players":[{"playerId":3099802,"score":1450,"energy":20,"posx":4,"posy":7,"lastAction":0,"status":0},{"playerId":2483603,"score":1600,"energy":13,"posx":5,"posy":5,"lastAction":4,"status":0},{"playerId":239305,"score":1375,"energy":3,"posx":6,"posy":0,"lastAction":5,"status":0},{"playerId":2294637,"score":1625,"energy":11,"posx":6,"posy":0,"lastAction":5,"status":0}],"golds":[{"posx":1,"posy":0,"amount":300},{"posx":2,"posy":3,"amount":400},{"posx":1,"posy":6,"amount":100},{"posx":3,"posy":7,"amount":200}],"changedObstacles":[{"type":0,"posx":6,"posy":0,"value":-1}]},{"players":[{"playerId":3099802,"score":1450,"energy":16,"posx":3,"posy":7,"lastAction":0,"status":0},{"playerId":2483603,"score":1600,"energy":29,"posx":5,"posy":5,"lastAction":4,"status":0},{"playerId":239305,"score":1375,"energy":2,"posx":6,"posy":1,"lastAction":3,"status":0},{"playerId":2294637,"score":1625,"energy":10,"posx":6,"posy":1,"lastAction":3,"status":0}],"golds":[{"posx":1,"posy":0,"amount":300},{"posx":2,"posy":3,"amount":400},{"posx":1,"posy":6,"amount":100},{"posx":3,"posy":7,"amount":200}],"changedObstacles":[]},{"players":[{"playerId":3099802,"score":1450,"energy":28,"posx":3,"posy":7,"lastAction":4,"status":0},{"playerId":2483603,"score":1600,"energy":28,"posx":5,"posy":6,"lastAction":3,"status":0},{"playerId":239305,"score":1375,"energy":1,"posx":6,"posy":2,"lastAction":3,"status":0},{"playerId":2294637,"score":1625,"energy":9,"posx":6,"posy":2,"lastAction":3,"status":0}],"golds":[{"posx":1,"posy":0,"amount":300},{"posx":2,"posy":3,"amount":400},{"posx":1,"posy":6,"amount":100},{"posx":3,"posy":7,"amount":200}],"changedObstacles":[]},{"players":[{"playerId":3099802,"score":1500,"energy":23,"posx":3,"posy":7,"lastAction":5,"status":0},{"playerId":2483603,"score":1600,"energy":27,"posx":5,"posy":7,"lastAction":3,"status":0},{"playerId":239305,"score":1375,"energy":13,"posx":6,"posy":2,"lastAction":4,"status":0},{"playerId":2294637,"score":1625,"energy":8,"posx":6,"posy":3,"lastAction":3,"status":0}],"golds":[{"posx":1,"posy":0,"amount":300},{"posx":2,"posy":3,"amount":400},{"posx":1,"posy":6,"amount":100},{"posx":3,"posy":7,"amount":150}],"changedObstacles":[]},{"players":[{"playerId":3099802,"score":1550,"energy":18,"posx":3,"posy":7,"lastAction":5,"status":0},{"playerId":2483603,"score":1600,"energy":26,"posx":4,"posy":7,"lastAction":0,"status":0},{"playerId":239305,"score":1375,"energy":29,"posx":6,"posy":2,"lastAction":4,"status":0},{"playerId":2294637,"score":1625,"energy":20,"posx":6,"posy":3,"lastAction":4,"status":0}],"golds":[{"posx":1,"posy":0,"amount":300},{"posx":2,"posy":3,"amount":400},{"posx":1,"posy":6,"amount":100},{"posx":3,"posy":7,"amount":100}],"changedObstacles":[]},{"players":[{"playerId":3099802,"score":1600,"energy":13,"posx":3,"posy":7,"lastAction":5,"status":0},{"playerId":2483603,"score":1600,"energy":22,"posx":3,"posy":7,"lastAction":0,"status":0},{"playerId":239305,"score":1375,"energy":50,"posx":6,"posy":2,"lastAction":4,"status":0},{"playerId":2294637,"score":1625,"energy":36,"posx":6,"posy":3,"lastAction":4,"status":0}],"golds":[{"posx":1,"posy":0,"amount":300},{"posx":2,"posy":3,"amount":400},{"posx":1,"posy":6,"amount":100},{"posx":3,"posy":7,"amount":50}],"changedObstacles":[]},{"players":[{"playerId":3099802,"score":1625,"energy":8,"posx":3,"posy":7,"lastAction":5,"status":0},{"playerId":2483603,"score":1625,"energy":17,"posx":3,"posy":7,"lastAction":5,"status":0},{"playerId":239305,"score":1375,"energy":49,"posx":6,"posy":3,"lastAction":3,"status":0},{"playerId":2294637,"score":1625,"energy":50,"posx":6,"posy":3,"lastAction":4,"status":0}],"golds":[{"posx":1,"posy":0,"amount":300},{"posx":2,"posy":3,"amount":400},{"posx":1,"posy":6,"amount":100}],"changedObstacles":[{"type":0,"posx":3,"posy":7,"value":-1}]},{"players":[{"playerId":3099802,"score":1625,"energy":7,"posx":3,"posy":6,"lastAction":2,"status":0},{"playerId":2483603,"score":1625,"energy":16,"posx":3,"posy":6,"lastAction":2,"status":0},{"playerId":239305,"score":1375,"energy":48,"posx":5,"posy":3,"lastAction":0,"status":0},{"playerId":2294637,"score":1625,"energy":49,"posx":5,"posy":3,"lastAction":0,"status":0}],"golds":[{"posx":1,"posy":0,"amount":300},{"posx":2,"posy":3,"amount":400},{"posx":1,"posy":6,"amount":100}],"changedObstacles":[]},{"players":[{"playerId":3099802,"score":1625,"energy":6,"posx":3,"posy":5,"lastAction":2,"status":0},{"playerId":2483603,"score":1625,"energy":15,"posx":2,"posy":6,"lastAction":0,"status":0},{"playerId":239305,"score":1375,"energy":38,"posx":4,"posy":3,"lastAction":0,"status":0},{"playerId":2294637,"score":1625,"energy":39,"posx":4,"posy":3,"lastAction":0,"status":0}],"golds":[{"posx":1,"posy":0,"amount":300},{"posx":2,"posy":3,"amount":400},{"posx":1,"posy":6,"amount":100}],"changedObstacles":[{"type":0,"posx":4,"posy":3,"value":-1}]},{"players":[{"playerId":3099802,"score":1625,"energy":5,"posx":3,"posy":4,"lastAction":2,"status":0},{"playerId":2483603,"score":1625,"energy":11,"posx":1,"posy":6,"lastAction":0,"status":0},{"playerId":239305,"score":1375,"energy":37,"posx":3,"posy":3,"lastAction":0,"status":0},{"playerId":2294637,"score":1625,"energy":38,"posx":3,"posy":3,"lastAction":0,"status":0}],"golds":[{"posx":1,"posy":0,"amount":300},{"posx":2,"posy":3,"amount":400},{"posx":1,"posy":6,"amount":100}],"changedObstacles":[]},{"players":[{"playerId":3099802,"score":1625,"energy":17,"posx":3,"posy":4,"lastAction":4,"status":0},{"playerId":2483603,"score":1675,"energy":6,"posx":1,"posy":6,"lastAction":5,"status":0},{"playerId":239305,"score":1375,"energy":33,"posx":2,"posy":3,"lastAction":0,"status":0},{"playerId":2294637,"score":1625,"energy":34,"posx":2,"posy":3,"lastAction":0,"status":0}],"golds":[{"posx":1,"posy":0,"amount":300},{"posx":2,"posy":3,"amount":400},{"posx":1,"posy":6,"amount":50}],"changedObstacles":[]},{"players":[{"playerId":3099802,"score":1625,"energy":16,"posx":3,"posy":3,"lastAction":2,"status":0},{"playerId":2483603,"score":1725,"energy":1,"posx":1,"posy":6,"lastAction":5,"status":0},{"playerId":239305,"score":1425,"energy":28,"posx":2,"posy":3,"lastAction":5,"status":0},{"playerId":2294637,"score":1675,"energy":29,"posx":2,"posy":3,"lastAction":5,"status":0}],"golds":[{"posx":1,"posy":0,"amount":300},{"posx":2,"posy":3,"amount":300}],"changedObstacles":[{"type":0,"posx":1,"posy":6,"value":-1}]},{"players":[{"playerId":3099802,"score":1625,"energy":15,"posx":3,"posy":2,"lastAction":2,"status":0},{"playerId":2483603,"score":1725,"energy":13,"posx":1,"posy":6,"lastAction":4,"status":0},{"playerId":239305,"score":1475,"energy":23,"posx":2,"posy":3,"lastAction":5,"status":0},{"playerId":2294637,"score":1725,"energy":24,"posx":2,"posy":3,"lastAction":5,"status":0}],"golds":[{"posx":1,"posy":0,"amount":300},{"posx":2,"posy":3,"amount":200}],"changedObstacles":[]},{"players":[{"playerId":3099802,"score":1625,"energy":14,"posx":2,"posy":2,"lastAction":0,"status":0},{"playerId":2483603,"score":1725,"energy":29,"posx":1,"posy":6,"lastAction":4,"status":0},{"playerId":239305,"score":1525,"energy":18,"posx":2,"posy":3,"lastAction":5,"status":0},{"playerId":2294637,"score":1775,"energy":19,"posx":2,"posy":3,"lastAction":5,"status":0}],"golds":[{"posx":1,"posy":0,"amount":300},{"posx":2,"posy":3,"amount":100}],"changedObstacles":[]},{"players":[{"playerId":3099802,"score":1625,"energy":13,"posx":2,"posy":1,"lastAction":2,"status":0},{"playerId":2483603,"score":1725,"energy":28,"posx":1,"posy":5,"lastAction":2,"status":0},{"playerId":239305,"score":1575,"energy":13,"posx":2,"posy":3,"lastAction":5,"status":0},{"playerId":2294637,"score":1825,"energy":14,"posx":2,"posy":3,"lastAction":5,"status":0}],"golds":[{"posx":1,"posy":0,"amount":300}],"changedObstacles":[{"type":0,"posx":2,"posy":3,"value":-1}]},{"players":[{"playerId":3099802,"score":1625,"energy":12,"posx":2,"posy":0,"lastAction":2,"status":0},{"playerId":2483603,"score":1725,"energy":40,"posx":1,"posy":5,"lastAction":4,"status":0},{"playerId":239305,"score":1575,"energy":12,"posx":2,"posy":2,"lastAction":2,"status":0},{"playerId":2294637,"score":1825,"energy":13,"posx":2,"posy":2,"lastAction":2,"status":0}],"golds":[{"posx":1,"posy":0,"amount":300}],"changedObstacles":[]},{"players":[{"playerId":3099802,"score":1625,"energy":8,"posx":1,"posy":0,"lastAction":0,"status":0},{"playerId":2483603,"score":1725,"energy":50,"posx":1,"posy":5,"lastAction":4,"status":0},{"playerId":239305,"score":1575,"energy":11,"posx":2,"posy":1,"lastAction":2,"status":0},{"playerId":2294637,"score":1825,"energy":12,"posx":2,"posy":1,"lastAction":2,"status":0}],"golds":[{"posx":1,"posy":0,"amount":300}],"changedObstacles":[]},{"players":[{"playerId":3099802,"score":1625,"energy":20,"posx":1,"posy":0,"lastAction":4,"status":0},{"playerId":2483603,"score":1725,"energy":50,"posx":1,"posy":5,"lastAction":4,"status":0},{"playerId":239305,"score":1575,"energy":10,"posx":2,"posy":0,"lastAction":2,"status":0},{"playerId":2294637,"score":1825,"energy":11,"posx":2,"posy":0,"lastAction":2,"status":0}],"golds":[{"posx":1,"posy":0,"amount":300}],"changedObstacles":[]},{"players":[{"playerId":3099802,"score":1625,"energy":36,"posx":1,"posy":0,"lastAction":4,"status":0},{"playerId":2483603,"score":1725,"energy":50,"posx":1,"posy":5,"lastAction":4,"status":0},{"playerId":239305,"score":1575,"energy":6,"posx":1,"posy":0,"lastAction":0,"status":0},{"playerId":2294637,"score":1825,"energy":7,"posx":1,"posy":0,"lastAction":0,"status":0}],"golds":[{"posx":1,"posy":0,"amount":300}],"changedObstacles":[]},{"players":[{"playerId":3099802,"score":1675,"energy":31,"posx":1,"posy":0,"lastAction":5,"status":0},{"playerId":2483603,"score":1725,"energy":50,"posx":1,"posy":5,"lastAction":4,"status":0},{"playerId":239305,"score":1625,"energy":1,"posx":1,"posy":0,"lastAction":5,"status":0},{"playerId":2294637,"score":1875,"energy":2,"posx":1,"posy":0,"lastAction":5,"status":0}],"golds":[{"posx":1,"posy":0,"amount":150}],"changedObstacles":[]},{"players":[{"playerId":3099802,"score":1725,"energy":26,"posx":1,"posy":0,"lastAction":5,"status":0},{"playerId":2483603,"score":1725,"energy":50,"posx":1,"posy":5,"lastAction":4,"status":0},{"playerId":239305,"score":1625,"energy":13,"posx":1,"posy":0,"lastAction":4,"status":0},{"playerId":2294637,"score":1875,"energy":14,"posx":1,"posy":0,"lastAction":4,"status":0}],"golds":[{"posx":1,"posy":0,"amount":100}],"changedObstacles":[]},{"players":[{"playerId":3099802,"score":1759,"energy":21,"posx":1,"posy":0,"lastAction":5,"status":0},{"playerId":2483603,"score":1725,"energy":50,"posx":1,"posy":5,"lastAction":4,"status":0},{"playerId":239305,"score":1659,"energy":8,"posx":1,"posy":0,"lastAction":5,"status":0},{"playerId":2294637,"score":1909,"energy":9,"posx":1,"posy":0,"lastAction":5,"status":0}],"golds":[],"changedObstacles":[{"type":0,"posx":1,"posy":0,"value":-1}]}]