[{"players":[{"playerId":2344466,"score":0,"energy":49,"posx":13,"posy":3,"lastAction":0,"status":0},{"playerId":2611188,"score":0,"energy":49,"posx":15,"posy":3,"lastAction":1,"status":0},{"playerId":157815,"score":0,"energy":49,"posx":15,"posy":3,"lastAction":1,"status":0},{"playerId":2619262,"score":0,"energy":40,"posx":14,"posy":4,"lastAction":3,"status":0}],"golds":[{"posx":18,"posy":6,"amount":650},{"posx":5,"posy":6,"amount":400},{"posx":13,"posy":5,"amount":350},{"posx":18,"posy":4,"amount":50},{"posx":17,"posy":6,"amount":350},{"posx":7,"posy":2,"amount":150},{"posx":15,"posy":7,"amount":50},{"posx":16,"posy":5,"amount":400},{"posx":18,"posy":2,"amount":600},{"posx":6,"posy":0,"amount":250},{"posx":2,"posy":3,"amount":400},{"posx":19,"posy":1,"amount":450},{"posx":17,"posy":4,"amount":600},{"posx":17,"posy":7,"amount":350},{"posx":3,"posy":7,"amount":200},{"posx":6,"posy":2,"amount":50},{"posx":16,"posy":6,"amount":750},{"posx":1,"posy":0,"amount":300},{"posx":7,"posy":4,"amount":600},{"posx":1,"posy":6,"amount":100}],"changedObstacles":[{"type":0,"posx":14,"posy":4,"value":-1}]},{"players":[{"playerId":2344466,"score":0,"energy":44,"posx":13,"posy":4,"lastAction":3,"status":0},{"playerId":2611188,"score":0,"energy":44,"posx":15,"posy":4,"lastAction":3,"status":0},{"playerId":157815,"score":0,"energy":44,"posx":15,"posy":4,"lastAction":3,"status":0},{"playerId":2619262,"score":0,"energy":35,"posx":13,"posy":4,"lastAction":0,"status":0}],"golds":[{"posx":18,"posy":6,"amount":650},{"posx":5,"posy":6,"amount":400},{"posx":13,"posy":5,"amount":350},{"posx":18,"posy":4,"amount":50},{"posx":17,"posy":6,"amount":350},{"posx":7,"posy":2,"amount":150},{"posx":15,"posy":7,"amount":50},{"posx":16,"posy":5,"amount":400},{"posx":18,"posy":2,"amount":600},{"posx":6,"posy":0,"amount":250},{"posx":2,"posy":3,"amount":400},{"posx":19,"posy":1,"amount":450},{"posx":17,"posy":4,"amount":600},{"posx":17,"posy":7,"amount":350},{"posx":3,"posy":7,"amount":200},{"posx":6,"posy":2,"amount":50},{"posx":16,"posy":6,"amount":750},{"posx":1,"posy":0,"amount":300},{"posx":7,"posy":4,"amount":600},{"posx":1,"posy":6,"amount":100}],"changedObstacles":[{"type":3,"posx":13,"posy":4,"value":-20},{"type":3,"posx":15,"posy":4,"value":-20}]},{"players":[{"playerId":2344466,"score":0,"energy":40,"posx":13,"posy":5,"lastAction":3,"status":0},{"playerId":2611188,"score":0,"energy":43,"posx":15,"posy":5,"lastAction":3,"status":0},{"playerId":157815,"score":0,"energy":43,"posx":15,"posy":5,"lastAction":3,"status":0},{"playerId":2619262,"score":0,"energy":31,"posx":13,"posy":5,"lastAction":3,"status":0}],"golds":[{"posx":18,"posy":6,"amount":650},{"posx":5,"posy":6,"amount":400},{"posx":13,"posy":5,"amount":350},{"posx":18,"posy":4,"amount":50},{"posx":17,"posy":6,"amount":350},{"posx":7,"posy":2,"amount":150},{"posx":15,"posy":7,"amount":50},{"posx":16,"posy":5,"amount":400},{"posx":18,"posy":2,"amount":600},{"posx":6,"posy":0,"amount":250},{"posx":2,"posy":3,"amount":400},{"posx":19,"posy":1,"amount":450},{"posx":17,"posy":4,"amount":600},{"posx":17,"posy":7,"amount":350},{"posx":3,"posy":7,"amount":200},{"posx":6,"posy":2,"amount":50},{"posx":16,"posy":6,"amount":750},{"posx":1,"posy":0,"amount":300},{"posx":7,"posy":4,"amount":600},{"posx":1,"posy":6,"amount":100}],"changedObstacles":[]},{"players":[{"playerId":2344466,"score":50,"energy":35,"posx":13,"posy":5,"lastAction":5,"status":0},{"playerId":2611188,"score":0,"energy":39,"posx":16,"posy":5,"lastAction":1,"status":0},{"playerId":157815,"score":0,"energy":39,"posx":16,"posy":5,"lastAction":1,"status":0},{"playerId":2619262,"score":50,"energy":26,"posx":13,"posy":5,"lastAction":5,"status":0}],"golds":[{"posx":1,"posy":0,"amount":300},{"posx":6,"posy":0,"amount":250},{"posx":19,"posy":1,"amount":450},{"posx":6,"posy":2,"amount":50},{"posx":7,"posy":2,"amount":150},{"posx":18,"posy":2,"amount":600},{"posx":2,"posy":3,"amount":400},{"posx":7,"posy":4,"amount":600},{"posx":17,"posy":4,"amount":600},{"posx":18,"posy":4,"amount":50},{"posx":13,"posy":5,"amount":250},{"posx":16,"posy":5,"amount":400},{"posx":1,"posy":6,"amount":100},{"posx":5,"posy":6,"amount":400},{"posx":16,"posy":6,"amount":750},{"posx":17,"posy":6,"amount":350},{"posx":18,"posy":6,"amount":650},{"posx":3,"posy":7,"amount":200},{"posx":15,"posy":7,"amount":50},{"posx":17,"posy":7,"amount":350}],"changedObstacles":[]},{"players":[{"playerId":2344466,"score":100,"energy":30,"posx":13,"posy":5,"lastAction":5,"status":0},{"playerId":2611188,"score":50,"energy":34,"posx":16,"posy":5,"lastAction":5,"status":0},{"playerId":157815,"score":50,"energy":34,"posx":16,"posy":5,"lastAction":5,"status":0},{"playerId":2619262,"score":100,"energy":21,"posx":13,"posy":5,"lastAction":5,"status":0}],"golds":[{"posx":1,"posy":0,"amount":300},{"posx":6,"posy":0,"amount":250},{"posx":19,"posy":1,"amount":450},{"posx":6,"posy":2,"amount":50},{"posx":7,"posy":2,"amount":150},{"posx":18,"posy":2,"amount":600},{"posx":2,"posy":3,"amount":400},{"posx":7,"posy":4,"amount":600},{"posx":17,"posy":4,"amount":600},{"posx":18,"posy":4,"amount":50},{"posx":13,"posy":5,"amount":150},{"posx":16,"posy":5,"amount":300},{"posx":1,"posy":6,"amount":100},{"posx":5,"posy":6,"amount":400},{"posx":16,"posy":6,"amount":750},{"posx":17,"posy":6,"amount":350},{"posx":18,"posy":6,"amount":650},{"posx":3,"posy":7,"amount":200},{"posx":15,"posy":7,"amount":50},{"posx":17,"posy":7,"amount":350}],"changedObstacles":[]},{"players":[{"playerId":2344466,"score":150,"energy":25,"posx":13,"posy":5,"lastAction":5,"status":0},{"playerId":2611188,"score":100,"energy":29,"posx":16,"posy":5,"lastAction":5,"status":0},{"playerId":157815,"score":100,"energy":29,"posx":16,"posy":5,"lastAction":5,"status":0},{"playerId":2619262,"score":150,"energy":16,"posx":13,"posy":5,"lastAction":5,"status":0}],"golds":[{"posx":1,"posy":0,"amount":300},{"posx":6,"posy":0,"amount":250},{"posx":19,"posy":1,"amount":450},{"posx":6,"posy":2,"amount":50},{"posx":7,"posy":2,"amount":150},{"posx":18,"posy":2,"amount":600},{"posx":2,"posy":3,"amount":400},{"posx":7,"posy":4,"amount":600},{"posx":17,"posy":4,"amount":600},{"posx":18,"posy":4,"amount":50},{"posx":13,"posy":5,"amount":50},{"posx":16,"posy":5,"amount":200},{"posx":1,"posy":6,"amount":100},{"posx":5,"posy":6,"amount":400},{"posx":16,"posy":6,"amount":750},{"posx":17,"posy":6,"amount":350},{"posx":18,"posy":6,"amount":650},{"posx":3,"posy":7,"amount":200},{"posx":15,"posy":7,"amount":50},{"posx":17,"posy":7,"amount":350}],"changedObstacles":[]},{"players":[{"playerId":2344466,"score":175,"energy":20,"posx":13,"posy":5,"lastAction":5,"status":0},{"playerId":2611188,"score":150,"energy":24,"posx":16,"posy":5,"lastAction":5,"status":0},{"playerId":157815,"score":150,"energy":24,"posx":16,"posy":5,"lastAction":5,"status":0},{"playerId":2619262,"score":175,"energy":11,"posx":13,"posy":5,"lastAction":5,"status":0}],"golds":[{"posx":1,"posy":0,"amount":300},{"posx":6,"posy":0,"amount":250},{"posx":19,"posy":1,"amount":450},{"posx":6,"posy":2,"amount":50},{"posx":7,"posy":2,"amount":150},{"posx":18,"posy":2,"amount":600},{"posx":2,"posy":3,"amount":400},{"posx":7,"posy":4,"amount":600},{"posx":17,"posy":4,"amount":600},{"posx":18,"posy":4,"amount":50},{"posx":16,"posy":5,"amount":100},{"posx":1,"posy":6,"amount":100},{"posx":5,"posy":6,"amount":400},{"posx":16,"posy":6,"amount":750},{"posx":17,"posy":6,"amount":350},{"posx":18,"posy":6,"amount":650},{"posx":3,"posy":7,"amount":200},{"posx":15,"posy":7,"amount":50},{"posx":17,"posy":7,"amount":350}],"changedObstacles":[{"type":0,"posx":13,"posy":5,"value":-1}]},{"players":[{"playerId":2344466,"score":175,"energy":15,"posx":13,"posy":6,"lastAction":3,"status":0},{"playerId":2611188,"score":200,"energy":19,"posx":16,"posy":5,"lastAction":5,"status":0},{"playerId":157815,"score":200,"energy":19,"posx":16,"posy":5,"lastAction":5,"status":0},{"playerId":2619262,"score":175,"energy":6,"posx":13,"posy":6,"lastAction":3,"status":0}],"golds":[{"posx":1,"posy":0,"amount":300},{"posx":6,"posy":0,"amount":250},{"posx":19,"posy":1,"amount":450},{"posx":6,"posy":2,"amount":50},{"posx":7,"posy":2,"amount":150},{"posx":18,"posy":2,"amount":600},{"posx":2,"posy":3,"amount":400},{"posx":7,"posy":4,"amount":600},{"posx":17,"posy":4,"amount":600},{"posx":18,"posy":4,"amount":50},{"posx":1,"posy":6,"amount":100},{"posx":5,"posy":6,"amount":400},{"posx":16,"posy":6,"amount":750},{"posx":17,"posy":6,"amount":350},{"posx":18,"posy":6,"amount":650},{"posx":3,"posy":7,"amount":200},{"posx":15,"posy":7,"amount":50},{"posx":17,"posy":7,"amount":350}],"changedObstacles":[{"type":3,"posx":13,"posy":6,"value":-20},{"type":0,"posx":16,"posy":5,"value":-1}]},{"players":[{"playerId":2344466,"score":175,"energy":14,"posx":14,"posy":6,"lastAction":1,"status":0},{"playerId":2611188,"score":200,"energy":18,"posx":17,"posy":5,"lastAction":1,"status":0},{"playerId":157815,"score":200,"energy":15,"posx":16,"posy":6,"lastAction":3,"status":0},{"playerId":2619262,"score":175,"energy":5,"posx":14,"posy":6,"lastAction":1,"status":0}],"golds":[{"posx":1,"posy":0,"amount":300},{"posx":6,"posy":0,"amount":250},{"posx":19,"posy":1,"amount":450},{"posx":6,"posy":2,"amount":50},{"posx":7,"posy":2,"amount":150},{"posx":18,"posy":2,"amount":600},{"posx":2,"posy":3,"amount":400},{"posx":7,"posy":4,"amount":600},{"posx":17,"posy":4,"amount":600},{"posx":18,"posy":4,"amount":50},{"posx":1,"posy":6,"amount":100},{"posx":5,"posy":6,"amount":400},{"posx":16,"posy":6,"amount":750},{"posx":17,"posy":6,"amount":350},{"posx":18,"posy":6,"amount":650},{"posx":3,"posy":7,"amount":200},{"posx":15,"posy":7,"amount":50},{"posx":17,"posy":7,"amount":350}],"changedObstacles":[]},{"players":[{"playerId":2344466,"score":175,"energy":13,"posx":15,"posy":6,"lastAction":1,"status":0},{"playerId":2611188,"score":200,"energy":14,"posx":17,"posy":6,"lastAction":3,"status":0},{"playerId":157815,"score":250,"energy":10,"posx":16,"posy":6,"lastAction":5,"status":0},{"playerId":2619262,"score":175,"energy":4,"posx":15,"posy":6,"lastAction":1,"status":0}],"golds":[{"posx":1,"posy":0,"amount":300},{"posx":6,"posy":0,"amount":250},{"posx":19,"posy":1,"amount":450},{"posx":6,"posy":2,"amount":50},{"posx":7,"posy":2,"amount":150},{"posx":18,"posy":2,"amount":600},{"posx":2,"posy":3,"amount":400},{"posx":7,"posy":4,"amount":600},{"posx":17,"posy":4,"amount":600},{"posx":18,"posy":4,"amount":50},{"posx":1,"posy":6,"amount":100},{"posx":5,"posy":6,"amount":400},{"posx":16,"posy":6,"amount":700},{"posx":17,"posy":6,"amount":350},{"posx":18,"posy":6,"amount":650},{"posx":3,"posy":7,"amount":200},{"posx":15,"posy":7,"amount":50},{"posx":17,"posy":7,"amount":350}],"changedObstacles":[]},{"players":[{"playerId":2344466,"score":175,"energy":9,"posx":16,"posy":6,"lastAction":1,"status":0},{"playerId":2611188,"score":250,"energy":9,"posx":17,"posy":6,"lastAction":5,"status":0},{"playerId":157815,"score":300,"energy":5,"posx":16,"posy":6,"lastAction":5,"status":0},{"playerId":2619262,"score":175,"energy":16,"posx":15,"posy":6,"lastAction":4,"status":0}],"golds":[{"posx":1,"posy":0,"amount":300},{"posx":6,"posy":0,"amount":250},{"posx":19,"posy":1,"amount":450},{"posx":6,"posy":2,"amount":50},{"posx":7,"posy":2,"amount":150},{"posx":18,"posy":2,"amount":600},{"posx":2,"posy":3,"amount":400},{"posx":7,"posy":4,"amount":600},{"posx":17,"posy":4,"amount":600},{"posx":18,"posy":4,"amount":50},{"posx":1,"posy":6,"amount":100},{"posx":5,"posy":6,"amount":400},{"posx":16,"posy":6,"amount":650},{"posx":17,"posy":6,"amount":300},{"posx":18,"posy":6,"amount":650},{"posx":3,"posy":7,"amount":200},{"posx":15,"posy":7,"amount":50},{"posx":17,"posy":7,"amount":350}],"changedObstacles":[]},{"players":[{"playerId":2344466,"score":225,"energy":4,"posx":16,"posy":6,"lastAction":5,"status":0},{"playerId":2611188,"score":300,"energy":4,"posx":17,"posy":6,"lastAction":5,"status":0},{"playerId":157815,"score":300,"energy":17,"posx":16,"posy":6,"lastAction":4,"status":0},{"playerId":2619262,"score":175,"energy":12,"posx":16,"posy":6,"lastAction":1,"status":0}],"golds":[{"posx":1,"posy":0,"amount":300},{"posx":6,"posy":0,"amount":250},{"posx":19,"posy":1,"amount":450},{"posx":6,"posy":2,"amount":50},{"posx":7,"posy":2,"amount":150},{"posx":18,"posy":2,"amount":600},{"posx":2,"posy":3,"amount":400},{"posx":7,"posy":4,"amount":600},{"posx":17,"posy":4,"amount":600},{"posx":18,"posy":4,"amount":50},{"posx":1,"posy":6,"amount":100},{"posx":5,"posy":6,"amount":400},{"posx":16,"posy":6,"amount":600},{"posx":17,"posy":6,"amount":250},{"posx":18,"posy":6,"amount":650},{"posx":3,"posy":7,"amount":200},{"posx":15,"posy":7,"amount":50},{"posx":17,"posy":7,"amount":350}],"changedObstacles":[]},{"players":[{"playerId":2344466,"score":225,"energy":16,"posx":16,"posy":6,"lastAction":4,"status":0},{"playerId":2611188,"score":300,"energy":16,"posx":17,"posy":6,"lastAction":4,"status":0},{"playerId":157815,"score":300,"energy":33,"posx":16,"posy":6,"lastAction":4,"status":0},{"playerId":2619262,"score":225,"energy":7,"posx":16,"posy":6,"lastAction":5,"status":0}],"golds":[{"posx":1,"posy":0,"amount":300},{"posx":6,"posy":0,"amount":250},{"posx":19,"posy":1,"amount":450},{"posx":6,"posy":2,"amount":50},{"posx":7,"posy":2,"amount":150},{"posx":18,"posy":2,"amount":600},{"posx":2,"posy":3,"amount":400},{"posx":7,"posy":4,"amount":600},{"posx":17,"posy":4,"amount":600},{"posx":18,"posy":4,"amount":50},{"posx":1,"posy":6,"amount":100},{"posx":5,"posy":6,"amount":400},{"posx":16,"posy":6,"amount":550},{"posx":17,"posy":6,"amount":250},{"posx":18,"posy":6,"amount":650},{"posx":3,"posy":7,"amount":200},{"posx":15,"posy":7,"amount":50},{"posx":17,"posy":7,"amount":350}],"changedObstacles":[]},{"players":[{"playerId":2344466,"score":225,"energy":32,"posx":16,"posy":6,"lastAction":4,"status":0},{"playerId":2611188,"score":300,"energy":32,"posx":17,"posy":6,"lastAction":4,"status":0},{"playerId":157815,"score":350,"energy":28,"posx":16,"posy":6,"lastAction":5,"status":0},{"playerId":2619262,"score":275,"energy":2,"posx":16,"posy":6,"lastAction":5,"status":0}],"golds":[{"posx":1,"posy":0,"amount":300},{"posx":6,"posy":0,"amount":250},{"posx":19,"posy":1,"amount":450},{"posx":6,"posy":2,"amount":50},{"posx":7,"posy":2,"amount":150},{"posx":18,"posy":2,"amount":600},{"posx":2,"posy":3,"amount":400},{"posx":7,"posy":4,"amount":600},{"posx":17,"posy":4,"amount":600},{"posx":18,"posy":4,"amount":50},{"posx":1,"posy":6,"amount":100},{"posx":5,"posy":6,"amount":400},{"posx":16,"posy":6,"amount":450},{"posx":17,"posy":6,"amount":250},{"posx":18,"posy":6,"amount":650},{"posx":3,"posy":7,"amount":200},{"posx":15,"posy":7,"amount":50},{"posx":17,"posy":7,"amount":350}],"changedObstacles":[]},{"players":[{"playerId":2344466,"score":225,"energy":50,"posx":16,"posy":6,"lastAction":4,"status":0},{"playerId":2611188,"score":350,"energy":27,"posx":17,"posy":6,"lastAction":5,"status":0},{"playerId":157815,"score":400,"energy":23,"posx":16,"posy":6,"lastAction":5,"status":0},{"playerId":2619262,"score":275,"energy":14,"posx":16,"posy":6,"lastAction":4,"status":0}],"golds":[{"posx":1,"posy":0,"amount":300},{"posx":6,"posy":0,"amount":250},{"posx":19,"posy":1,"amount":450},{"posx":6,"posy":2,"amount":50},{"posx":7,"posy":2,"amount":150},{"posx":18,"posy":2,"amount":600},{"posx":2,"posy":3,"amount":400},{"posx":7,"posy":4,"amount":600},{"posx":17,"posy":4,"amount":600},{"posx":18,"posy":4,"amount":50},{"posx":1,"posy":6,"amount":100},{"posx":5,"posy":6,"amount":400},{"posx":16,"posy":6,"amount":400},{"posx":17,"posy":6,"amount":200},{"posx":18,"posy":6,"amount":650},{"posx":3,"posy":7,"amount":200},{"posx":15,"posy":7,"amount":50},{"posx":17,"posy":7,"amount":350}],"changedObstacles":[]},{"players":[{"playerId":2344466,"score":275,"energy":45,"posx":16,"posy":6,"lastAction":5,"status":0},{"playerId":2611188,"score":400,"energy":22,"posx":17,"posy":6,"lastAction":5,"status":0},{"playerId":157815,"score":450,"energy":18,"posx":16,"posy":6,"lastAction":5,"status":0},{"playerId":2619262,"score":325,"energy":9,"posx":16,"posy":6,"lastAction":5,"status":0}],"golds":[{"posx":1,"posy":0,"amount":300},{"posx":6,"posy":0,"amount":250},{"posx":19,"posy":1,"amount":450},{"posx":6,"posy":2,"amount":50},{"posx":7,"posy":2,"amount":150},{"posx":18,"posy":2,"amount":600},{"posx":2,"posy":3,"amount":400},{"posx":7,"posy":4,"amount":600},{"posx":17,"posy":4,"amount":600},{"posx":18,"posy":4,"amount":50},{"posx":1,"posy":6,"amount":100},{"posx":5,"posy":6,"amount":400},{"posx":16,"posy":6,"amount":250},{"posx":17,"posy":6,"amount":150},{"posx":18,"posy":6,"amount":650},{"posx":3,"posy":7,"amount":200},{"posx":15,"posy":7,"amount":50},{"posx":17,"posy":7,"amount":350}],"changedObstacles":[]},{"players":[{"playerId":2344466,"score":325,"energy":40,"posx":16,"posy":6,"lastAction":5,"status":0},{"playerId":2611188,"score":450,"energy":17,"posx":17,"posy":6,"lastAction":5,"status":0},{"playerId":157815,"score":500,"energy":13,"posx":16,"posy":6,"lastAction":5,"status":0},{"playerId":2619262,"score":375,"energy":4,"posx":16,"posy":6,"lastAction":5,"status":0}],"golds":[{"posx":1,"posy":0,"amount":300},{"posx":6,"posy":0,"amount":250},{"posx":19,"posy":1,"amount":450},{"posx":6,"posy":2,"amount":50},{"posx":7,"posy":2,"amount":150},{"posx":18,"posy":2,"amount":600},{"posx":2,"posy":3,"amount":400},{"posx":7,"posy":4,"amount":600},{"posx":17,"posy":4,"amount":600},{"posx":18,"posy":4,"amount":50},{"posx":1,"posy":6,"amount":100},{"posx":5,"posy":6,"amount":400},{"posx":16,"posy":6,"amount":100},{"posx":17,"posy":6,"amount":100},{"posx":18,"posy":6,"amount":650},{"posx":3,"posy":7,"amount":200},{"posx":15,"posy":7,"amount":50},{"posx":17,"posy":7,"amount":350}],"changedObstacles":[]},{"players":[{"playerId":2344466,"score":375,"energy":35,"posx":16,"posy":6,"lastAction":5,"status":0},{"playerId":2611188,"score":500,"energy":12,"posx":17,"posy":6,"lastAction":5,"status":0},{"playerId":157815,"score":550,"energy":8,"posx":16,"posy":6,"lastAction":5,"status":0},{"playerId":2619262,"score":375,"energy":16,"posx":16,"posy":6,"lastAction":4,"status":0}],"golds":[{"posx":1,"posy":0,"amount":300},{"posx":6,"posy":0,"amount":250},{"posx":19,"posy":1,"amount":450},{"posx":6,"posy":2,"amount":50},{"posx":7,"posy":2,"amount":150},{"posx":18,"posy":2,"amount":600},{"posx":2,"posy":3,"amount":400},{"posx":7,"posy":4,"amount":600},{"posx":17,"posy":4,"amount":600},{"posx":18,"posy":4,"amount":50},{"posx":1,"posy":6,"amount":100},{"posx":5,"posy":6,"amount":400},{"posx":17,"posy":6,"amount":50},{"posx":18,"posy":6,"amount":650},{"posx":3,"posy":7,"amount":200},{"posx":15,"posy":7,"amount":50},{"posx":17,"posy":7,"amount":350}],"changedObstacles":[{"type":0,"posx":16,"posy":6,"value":-1}]},{"players":[{"playerId":2344466,"score":375,"energy":31,"posx":17,"posy":6,"lastAction":1,"status":0},{"playerId":2611188,"score":550,"energy":7,"posx":17,"posy":6,"lastAction":5,"status":0},{"playerId":157815,"score":550,"energy":4,"posx":17,"posy":6,"lastAction":1,"status":0},{"playerId":2619262,"score":375,"energy":12,"posx":17,"posy":6,"lastAction":1,"status":0}],"golds":[{"posx":1,"posy":0,"amount":300},{"posx":6,"posy":0,"amount":250},{"posx":19,"posy":1,"amount":450},{"posx":6,"posy":2,"amount":50},{"posx":7,"posy":2,"amount":150},{"posx":18,"posy":2,"amount":600},{"posx":2,"posy":3,"amount":400},{"posx":7,"posy":4,"amount":600},{"posx":17,"posy":4,"amount":600},{"posx":18,"posy":4,"amount":50},{"posx":1,"posy":6,"amount":100},{"posx":5,"posy":6,"amount":400},{"posx":18,"posy":6,"amount":650},{"posx":3,"posy":7,"amount":200},{"posx":15,"posy":7,"amount":50},{"posx":17,"posy":7,"amount":350}],"changedObstacles":[{"type":0,"posx":17,"posy":6,"value":-1}]},{"players":[{"playerId":2344466,"score":375,"energy":27,"posx":18,"posy":6,"lastAction":1,"status":0},{"playerId":2611188,"score":550,"energy":3,"posx":18,"posy":6,"lastAction":1,"status":0},{"playerId":157815,"score":550,"energy":3,"posx":17,"posy":5,"lastAction":2,"status":0},{"playerId":2619262,"score":375,"energy":8,"posx":18,"posy":6,"lastAction":1,"status":0}],"golds":[{"posx":1,"posy":0,"amount":300},{"posx":6,"posy":0,"amount":250},{"posx":19,"posy":1,"amount":450},{"posx":6,"posy":2,"amount":50},{"posx":7,"posy":2,"amount":150},{"posx":18,"posy":2,"amount":600},{"posx":2,"posy":3,"amount":400},{"posx":7,"posy":4,"amount":600},{"posx":17,"posy":4,"amount":600},{"posx":18,"posy":4,"amount":50},{"posx":1,"posy":6,"amount":100},{"posx":5,"posy":6,"amount":400},{"posx":18,"posy":6,"amount":650},{"posx":3,"posy":7,"amount":200},{"posx":15,"posy":7,"amount":50},{"posx":17,"posy":7,"amount":350}],"changedObstacles":[]},{"players":[{"playerId":2344466,"score":425,"energy":22,"posx":18,"posy":6,"lastAction":5,"status":0},{"playerId":2611188,"score":550,"energy":15,"posx":18,"posy":6,"lastAction":4,"status":0},{"playerId":157815,"score":550,"energy":15,"posx":17,"posy":5,"lastAction":4,"status":0},{"playerId":2619262,"score":425,"energy":3,"posx":18,"posy":6,"lastAction":5,"status":0}],"golds":[{"posx":1,"posy":0,"amount":300},{"posx":6,"posy":0,"amount":250},{"posx":19,"posy":1,"amount":450},{"posx":6,"posy":2,"amount":50},{"posx":7,"posy":2,"amount":150},{"posx":18,"posy":2,"amount":600},{"posx":2,"posy":3,"amount":400},{"posx":7,"posy":4,"amount":600},{"posx":17,"posy":4,"amount":600},{"posx":18,"posy":4,"amount":50},{"posx":1,"posy":6,"amount":100},{"posx":5,"posy":6,"amount":400},{"posx":18,"posy":6,"amount":550},{"posx":3,"posy":7,"amount":200},{"posx":15,"posy":7,"amount":50},{"posx":17,"posy":7,"amount":350}],"changedObstacles":[]},{"players":[{"playerId":2344466,"score":475,"energy":17,"posx":18,"posy":6,"lastAction":5,"status":0},{"playerId":2611188,"score":550,"energy":31,"posx":18,"posy":6,"lastAction":4,"status":0},{"playerId":157815,"score":550,"energy":31,"posx":17,"posy":5,"lastAction":4,"status":0},{"playerId":2619262,"score":425,"energy":15,"posx":18,"posy":6,"lastAction":4,"status":0}],"golds":[{"posx":1,"posy":0,"amount":300},{"posx":6,"posy":0,"amount":250},{"posx":19,"posy":1,"amount":450},{"posx":6,"posy":2,"amount":50},{"posx":7,"posy":2,"amount":150},{"posx":18,"posy":2,"amount":600},{"posx":2,"posy":3,"amount":400},{"posx":7,"posy":4,"amount":600},{"posx":17,"posy":4,"amount":600},{"posx":18,"posy":4,"amount":50},{"posx":1,"posy":6,"amount":100},{"posx":5,"posy":6,"amount":400},{"posx":18,"posy":6,"amount":500},{"posx":3,"posy":7,"amount":200},{"posx":15,"posy":7,"amount":50},{"posx":17,"posy":7,"amount":350}],"changedObstacles":[]},{"players":[{"playerId":2344466,"score":525,"energy":12,"posx":18,"posy":6,"lastAction":5,"status":0},{"playerId":2611188,"score":550,"energy":50,"posx":18,"posy":6,"lastAction":4,"status":0},{"playerId":157815,"score":550,"energy":50,"posx":17,"posy":5,"lastAction":4,"status":0},{"playerId":2619262,"score":475,"energy":10,"posx":18,"posy":6,"lastAction":5,"status":0}],"golds":[{"posx":1,"posy":0,"amount":300},{"posx":6,"posy":0,"amount":250},{"posx":19,"posy":1,"amount":450},{"posx":6,"posy":2,"amount":50},{"posx":7,"posy":2,"amount":150},{"posx":18,"posy":2,"amount":600},{"posx":2,"posy":3,"amount":400},{"posx":7,"posy":4,"amount":600},{"posx":17,"posy":4,"amount":600},{"posx":18,"posy":4,"amount":50},{"posx":1,"posy":6,"amount":100},{"posx":5,"posy":6,"amount":400},{"posx":18,"posy":6,"amount":400},{"posx":3,"posy":7,"amount":200},{"posx":15,"posy":7,"amount":50},{"posx":17,"posy":7,"amount":350}],"changedObstacles":[]},{"players":[{"playerId":2344466,"score":575,"energy":7,"posx":18,"posy":6,"lastAction":5,"status":0},{"playerId":2611188,"score":600,"energy":45,"posx":18,"posy":6,"lastAction":5,"status":0},{"playerId":157815,"score":550,"energy":46,"posx":17,"posy":4,"lastAction":2,"status":0},{"playerId":2619262,"score":525,"energy":5,"posx":18,"posy":6,"lastAction":5,"status":0}],"golds":[{"posx":1,"posy":0,"amount":300},{"posx":6,"posy":0,"amount":250},{"posx":19,"posy":1,"amount":450},{"posx":6,"posy":2,"amount":50},{"posx":7,"posy":2,"amount":150},{"posx":18,"posy":2,"amount":600},{"posx":2,"posy":3,"amount":400},{"posx":7,"posy":4,"amount":600},{"posx":17,"posy":4,"amount":600},{"posx":18,"posy":4,"amount":50},{"posx":1,"posy":6,"amount":100},{"posx":5,"posy":6,"amount":400},{"posx":18,"posy":6,"amount":250},{"posx":3,"posy":7,"amount":200},{"posx":15,"posy":7,"amount":50},{"posx":17,"posy":7,"amount":350}],"changedObstacles":[]},{"players":[{"playerId":2344466,"score":625,"energy":2,"posx":18,"posy":6,"lastAction":5,"status":0},{"playerId":2611188,"score":650,"energy":40,"posx":18,"posy":6,"lastAction":5,"status":0},{"playerId":157815,"score":600,"energy":41,"posx":17,"posy":4,"lastAction":5,"status":0},{"playerId":2619262,"score":525,"energy":17,"posx":18,"posy":6,"lastAction":4,"status":0}],"golds":[{"posx":1,"posy":0,"amount":300},{"posx":6,"posy":0,"amount":250},{"posx":19,"posy":1,"amount":450},{"posx":6,"posy":2,"amount":50},{"posx":7,"posy":2,"amount":150},{"posx":18,"posy":2,"amount":600},{"posx":2,"posy":3,"amount":400},{"posx":7,"posy":4,"amount":600},{"posx":17,"posy":4,"amount":550},{"posx":18,"posy":4,"amount":50},{"posx":1,"posy":6,"amount":100},{"posx":5,"posy":6,"amount":400},{"posx":18,"posy":6,"amount":150},{"posx":3,"posy":7,"amount":200},{"posx":15,"posy":7,"amount":50},{"posx":17,"posy":7,"amount":350}],"changedObstacles":[]},{"players":[{"playerId":2344466,"score":625,"energy":14,"posx":18,"posy":6,"lastAction":4,"status":0},{"playerId":2611188,"score":700,"energy":35,"posx":18,"posy":6,"lastAction":5,"status":0},{"playerId":157815,"score":650,"energy":36,"posx":17,"posy":4,"lastAction":5,"status":0},{"playerId":2619262,"score":575,"energy":12,"posx":18,"posy":6,"lastAction":5,"status":0}],"golds":[{"posx":1,"posy":0,"amount":300},{"posx":6,"posy":0,"amount":250},{"posx":19,"posy":1,"amount":450},{"posx":6,"posy":2,"amount":50},{"posx":7,"posy":2,"amount":150},{"posx":18,"posy":2,"amount":600},{"posx":2,"posy":3,"amount":400},{"posx":7,"posy":4,"amount":600},{"posx":17,"posy":4,"amount":500},{"posx":18,"posy":4,"amount":50},{"posx":1,"posy":6,"amount":100},{"posx":5,"posy":6,"amount":400},{"posx":18,"posy":6,"amount":50},{"posx":3,"posy":7,"amount":200},{"posx":15,"posy":7,"amount":50},{"posx":17,"posy":7,"amount":350}],"changedObstacles":[]},{"players":[{"playerId":2344466,"score":625,"energy":30,"posx":18,"posy":6,"lastAction":4,"status":0},{"playerId":2611188,"score":700,"energy":34,"posx":17,"posy":6,"lastAction":0,"status":0},{"playerId":157815,"score":700,"energy":31,"posx":17,"posy":4,"lastAction":5,"status":0},{"playerId":2619262,"score":625,"energy":7,"posx":18,"posy":6,"lastAction":5,"status":0}],"golds":[{"posx":1,"posy":0,"amount":300},{"posx":6,"posy":0,"amount":250},{"posx":19,"posy":1,"amount":450},{"posx":6,"posy":2,"amount":50},{"posx":7,"posy":2,"amount":150},{"posx":18,"posy":2,"amount":600},{"posx":2,"posy":3,"amount":400},{"posx":7,"posy":4,"amount":600},{"posx":17,"posy":4,"amount":450},{"posx":18,"posy":4,"amount":50},{"posx":1,"posy":6,"amount":100},{"posx":5,"posy":6,"amount":400},{"posx":3,"posy":7,"amount":200},{"posx":15,"posy":7,"amount":50},{"posx":17,"posy":7,"amount":350}],"changedObstacles":[{"type":0,"posx":18,"posy":6,"value":-1}]},{"players":[{"playerId":2344466,"score":625,"energy":50,"posx":18,"posy":6,"lastAction":4,"status":0},{"playerId":2611188,"score":700,"energy":33,"posx":17,"posy":5,"lastAction":2,"status":0},{"playerId":157815,"score":750,"energy":26,"posx":17,"posy":4,"lastAction":5,"status":0},{"playerId":2619262,"score":625,"energy":6,"posx":18,"posy":5,"lastAction":2,"status":0}],"golds":[{"posx":1,"posy":0,"amount":300},{"posx":6,"posy":0,"amount":250},{"posx":19,"posy":1,"amount":450},{"posx":6,"posy":2,"amount":50},{"posx":7,"posy":2,"amount":150},{"posx":18,"posy":2,"amount":600},{"posx":2,"posy":3,"amount":400},{"posx":7,"posy":4,"amount":600},{"posx":17,"posy":4,"amount":400},{"posx":18,"posy":4,"amount":50},{"posx":1,"posy":6,"amount":100},{"posx":5,"posy":6,"amount":400},{"posx":3,"posy":7,"amount":200},{"posx":15,"posy":7,"amount":50},{"posx":17,"posy":7,"amount":350}],"changedObstacles":[]},{"players":[{"playerId":2344466,"score":625,"energy":49,"posx":17,"posy":6,"lastAction":0,"status":0},{"playerId":2611188,"score":700,"energy":29,"posx":17,"posy":4,"lastAction":2,"status":0},{"playerId":157815,"score":800,"energy":21,"posx":17,"posy":4,"lastAction":5,"status":0},{"playerId":2619262,"score":625,"energy":2,"posx":18,"posy":4,"lastAction":2,"status":0}],"golds":[{"posx":1,"posy":0,"amount":300},{"posx":6,"posy":0,"amount":250},{"posx":19,"posy":1,"amount":450},{"posx":6,"posy":2,"amount":50},{"posx":7,"posy":2,"amount":150},{"posx":18,"posy":2,"amount":600},{"posx":2,"posy":3,"amount":400},{"posx":7,"posy":4,"amount":600},{"posx":17,"posy":4,"amount":350},{"posx":18,"posy":4,"amount":50},{"posx":1,"posy":6,"amount":100},{"posx":5,"posy":6,"amount":400},{"posx":3,"posy":7,"amount":200},{"posx":15,"posy":7,"amount":50},{"posx":17,"posy":7,"amount":350}],"changedObstacles":[]},{"players":[{"playerId":2344466,"score":625,"energy":45,"posx":17,"posy":7,"lastAction":3,"status":0},{"playerId":2611188,"score":750,"energy":24,"posx":17,"posy":4,"lastAction":5,"status":0},{"playerId":157815,"score":850,"energy":16,"posx":17,"posy":4,"lastAction":5,"status":0},{"playerId":2619262,"score":625,"energy":14,"posx":18,"posy":4,"lastAction":4,"status":0}],"golds":[{"posx":1,"posy":0,"amount":300},{"posx":6,"posy":0,"amount":250},{"posx":19,"posy":1,"amount":450},{"posx":6,"posy":2,"amount":50},{"posx":7,"posy":2,"amount":150},{"posx":18,"posy":2,"amount":600},{"posx":2,"posy":3,"amount":400},{"posx":7,"posy":4,"amount":600},{"posx":17,"posy":4,"amount":250},{"posx":18,"posy":4,"amount":50},{"posx":1,"posy":6,"amount":100},{"posx":5,"posy":6,"amount":400},{"posx":3,"posy":7,"amount":200},{"posx":15,"posy":7,"amount":50},{"posx":17,"posy":7,"amount":350}],"changedObstacles":[]},{"players":[{"playerId":2344466,"score":675,"energy":40,"posx":17,"posy":7,"lastAction":5,"status":0},{"playerId":2611188,"score":800,"energy":19,"posx":17,"posy":4,"lastAction":5,"status":0},{"playerId":157815,"score":900,"energy":11,"posx":17,"posy":4,"lastAction":5,"status":0},{"playerId":2619262,"score":675,"energy":9,"posx":18,"posy":4,"lastAction":5,"status":0}],"golds":[{"posx":1,"posy":0,"amount":300},{"posx":6,"posy":0,"amount":250},{"posx":19,"posy":1,"amount":450},{"posx":6,"posy":2,"amount":50},{"posx":7,"posy":2,"amount":150},{"posx":18,"posy":2,"amount":600},{"posx":2,"posy":3,"amount":400},{"posx":7,"posy":4,"amount":600},{"posx":17,"posy":4,"amount":150},{"posx":1,"posy":6,"amount":100},{"posx":5,"posy":6,"amount":400},{"posx":3,"posy":7,"amount":200},{"posx":15,"posy":7,"amount":50},{"posx":17,"posy":7,"amount":300}],"changedObstacles":[{"type":0,"posx":18,"posy":4,"value":-1}]},{"players":[{"playerId":2344466,"score":725,"energy":35,"posx":17,"posy":7,"lastAction":5,"status":0},{"playerId":2611188,"score":850,"energy":14,"posx":17,"posy":4,"lastAction":5,"status":0},{"playerId":157815,"score":950,"energy":6,"posx":17,"posy":4,"lastAction":5,"status":0},{"playerId":2619262,"score":675,"energy":5,"posx":17,"posy":4,"lastAction":0,"status":0}],"golds":[{"posx":1,"posy":0,"amount":300},{"posx":6,"posy":0,"amount":250},{"posx":19,"posy":1,"amount":450},{"posx":6,"posy":2,"amount":50},{"posx":7,"posy":2,"amount":150},{"posx":18,"posy":2,"amount":600},{"posx":2,"posy":3,"amount":400},{"posx":7,"posy":4,"amount":600},{"posx":17,"posy":4,"amount":50},{"posx":1,"posy":6,"amount":100},{"posx":5,"posy":6,"amount":400},{"posx":3,"posy":7,"amount":200},{"posx":15,"posy":7,"amount":50},{"posx":17,"posy":7,"amount":250}],"changedObstacles":[]},{"players":[{"playerId":2344466,"score":775,"energy":30,"posx":17,"posy":7,"lastAction":5,"status":0},{"playerId":2611188,"score":850,"energy":13,"posx":18,"posy":4,"lastAction":1,"status":0},{"playerId":157815,"score":950,"energy":5,"posx":18,"posy":4,"lastAction":1,"status":0},{"playerId":2619262,"score":675,"energy":17,"posx":17,"posy":4,"lastAction":4,"status":0}],"golds":[{"posx":1,"posy":0,"amount":300},{"posx":6,"posy":0,"amount":250},{"posx":19,"posy":1,"amount":450},{"posx":6,"posy":2,"amount":50},{"posx":7,"posy":2,"amount":150},{"posx":18,"posy":2,"amount":600},{"posx":2,"posy":3,"amount":400},{"posx":7,"posy":4,"amount":600},{"posx":17,"posy":4,"amount":50},{"posx":1,"posy":6,"amount":100},{"posx":5,"posy":6,"amount":400},{"posx":3,"posy":7,"amount":200},{"posx":15,"posy":7,"amount":50},{"posx":17,"posy":7,"amount":200}],"changedObstacles":[]},{"players":[{"playerId":2344466,"score":825,"energy":25,"posx":17,"posy":7,"lastAction":5,"status":0},{"playerId":2611188,"score":850,"energy":8,"posx":18,"posy":3,"lastAction":2,"status":0},{"playerId":157815,"score":950,"energy":17,"posx":18,"posy":4,"lastAction":4,"status":0},{"playerId":2619262,"score":725,"energy":12,"posx":17,"posy":4,"lastAction":5,"status":0}],"golds":[{"posx":1,"posy":0,"amount":300},{"posx":6,"posy":0,"amount":250},{"posx":19,"posy":1,"amount":450},{"posx":6,"posy":2,"amount":50},{"posx":7,"posy":2,"amount":150},{"posx":18,"posy":2,"amount":600},{"posx":2,"posy":3,"amount":400},{"posx":7,"posy":4,"amount":600},{"posx":1,"posy":6,"amount":100},{"posx":5,"posy":6,"amount":400},{"posx":3,"posy":7,"amount":200},{"posx":15,"posy":7,"amount":50},{"posx":17,"posy":7,"amount":150}],"changedObstacles":[{"type":3,"posx":18,"posy":3,"value":-20},{"type":0,"posx":17,"posy":4,"value":-1}]},{"players":[{"playerId":2344466,"score":875,"energy":20,"posx":17,"posy":7,"lastAction":5,"status":0},{"playerId":2611188,"score":850,"energy":4,"posx":18,"posy":2,"lastAction":2,"status":0},{"playerId":157815,"score":950,"energy":33,"posx":18,"posy":4,"lastAction":4,"status":0},{"playerId":2619262,"score":725,"energy":11,"posx":17,"posy":5,"lastAction":3,"status":0}],"golds":[{"posx":1,"posy":0,"amount":300},{"posx":6,"posy":0,"amount":250},{"posx":19,"posy":1,"amount":450},{"posx":6,"posy":2,"amount":50},{"posx":7,"posy":2,"amount":150},{"posx":18,"posy":2,"amount":600},{"posx":2,"posy":3,"amount":400},{"posx":7,"posy":4,"amount":600},{"posx":1,"posy":6,"amount":100},{"posx":5,"posy":6,"amount":400},{"posx":3,"posy":7,"amount":200},{"posx":15,"posy":7,"amount":50},{"posx":17,"posy":7,"amount":100}],"changedObstacles":[]},{"players":[{"playerId":2344466,"score":925,"energy":15,"posx":17,"posy":7,"lastAction":5,"status":0},{"playerId":2611188,"score":850,"energy":16,"posx":18,"posy":2,"lastAction":4,"status":0},{"playerId":157815,"score":950,"energy":50,"posx":18,"posy":4,"lastAction":4,"status":0},{"playerId":2619262,"score":725,"energy":10,"posx":17,"posy":6,"lastAction":3,"status":0}],"golds":[{"posx":1,"posy":0,"amount":300},{"posx":6,"posy":0,"amount":250},{"posx":19,"posy":1,"amount":450},{"posx":6,"posy":2,"amount":50},{"posx":7,"posy":2,"amount":150},{"posx":18,"posy":2,"amount":600},{"posx":2,"posy":3,"amount":400},{"posx":7,"posy":4,"amount":600},{"posx":1,"posy":6,"amount":100},{"posx":5,"posy":6,"amount":400},{"posx":3,"posy":7,"amount":200},{"posx":15,"posy":7,"amount":50},{"posx":17,"posy":7,"amount":50}],"changedObstacles":[]},{"players":[{"playerId":2344466,"score":975,"energy":10,"posx":17,"posy":7,"lastAction":5,"status":0},{"playerId":2611188,"score":850,"energy":32,"posx":18,"posy":2,"lastAction":4,"status":0},{"playerId":157815,"score":950,"energy":30,"posx":18,"posy":3,"lastAction":2,"status":0},{"playerId":2619262,"score":725,"energy":6,"posx":17,"posy":7,"lastAction":3,"status":0}],"golds":[{"posx":1,"posy":0,"amount":300},{"posx":6,"posy":0,"amount":250},{"posx":19,"posy":1,"amount":450},{"posx":6,"posy":2,"amount":50},{"posx":7,"posy":2,"amount":150},{"posx":18,"posy":2,"amount":600},{"posx":2,"posy":3,"amount":400},{"posx":7,"posy":4,"amount":600},{"posx":1,"posy":6,"amount":100},{"posx":5,"posy":6,"amount":400},{"posx":3,"posy":7,"amount":200},{"posx":15,"posy":7,"amount":50}],"changedObstacles":[{"type":3,"posx":18,"posy":3,"value":-40},{"type":0,"posx":17,"posy":7,"value":-1}]},{"players":[{"playerId":2344466,"score":975,"energy":9,"posx":17,"posy":6,"lastAction":2,"status":0},{"playerId":2611188,"score":850,"energy":50,"posx":18,"posy":2,"lastAction":4,"status":0},{"playerId":157815,"score":950,"energy":26,"posx":18,"posy":2,"lastAction":2,"status":0},{"playerId":2619262,"score":725,"energy":1,"posx":16,"posy":7,"lastAction":0,"status":0}],"golds":[{"posx":1,"posy":0,"amount":300},{"posx":6,"posy":0,"amount":250},{"posx":19,"posy":1,"amount":450},{"posx":6,"posy":2,"amount":50},{"posx":7,"posy":2,"amount":150},{"posx":18,"posy":2,"amount":600},{"posx":2,"posy":3,"amount":400},{"posx":7,"posy":4,"amount":600},{"posx":1,"posy":6,"amount":100},{"posx":5,"posy":6,"amount":400},{"posx":3,"posy":7,"amount":200},{"posx":15,"posy":7,"amount":50}],"changedObstacles":[{"type":3,"posx":16,"posy":7,"value":-20}]},{"players":[{"playerId":2344466,"score":975,"energy":8,"posx":17,"posy":5,"lastAction":2,"status":0},{"playerId":2611188,"score":900,"energy":45,"posx":18,"posy":2,"lastAction":5,"status":0},{"playerId":157815,"score":1000,"energy":21,"posx":18,"posy":2,"lastAction":5,"status":0},{"playerId":2619262,"score":725,"energy":13,"posx":16,"posy":7,"lastAction":4,"status":0}],"golds":[{"posx":1,"posy":0,"amount":300},{"posx":6,"posy":0,"amount":250},{"posx":19,"posy":1,"amount":450},{"posx":6,"posy":2,"amount":50},{"posx":7,"posy":2,"amount":150},{"posx":18,"posy":2,"amount":500},{"posx":2,"posy":3,"amount":400},{"posx":7,"posy":4,"amount":600},{"posx":1,"posy":6,"amount":100},{"posx":5,"posy":6,"amount":400},{"posx":3,"posy":7,"amount":200},{"posx":15,"posy":7,"amount":50}],"changedObstacles":[]},{"players":[{"playerId":2344466,"score":975,"energy":7,"posx":17,"posy":4,"lastAction":2,"status":0},{"playerId":2611188,"score":950,"energy":40,"posx":18,"posy":2,"lastAction":5,"status":0},{"playerId":157815,"score":1050,"energy":16,"posx":18,"posy":2,"lastAction":5,"status":0},{"playerId":2619262,"score":725,"energy":9,"posx":15,"posy":7,"lastAction":0,"status":0}],"golds":[{"posx":1,"posy":0,"amount":300},{"posx":6,"posy":0,"amount":250},{"posx":19,"posy":1,"amount":450},{"posx":6,"posy":2,"amount":50},{"posx":7,"posy":2,"amount":150},{"posx":18,"posy":2,"amount":400},{"posx":2,"posy":3,"amount":400},{"posx":7,"posy":4,"amount":600},{"posx":1,"posy":6,"amount":100},{"posx":5,"posy":6,"amount":400},{"posx":3,"posy":7,"amount":200},{"posx":15,"posy":7,"amount":50}],"changedObstacles":[]},{"players":[{"playerId":2344466,"score":975,"energy":2,"posx":17,"posy":3,"lastAction":2,"status":0},{"playerId":2611188,"score":1000,"energy":35,"posx":18,"posy":2,"lastAction":5,"status":0},{"playerId":157815,"score":1100,"energy":11,"posx":18,"posy":2,"lastAction":5,"status":0},{"playerId":2619262,"score":775,"energy":4,"posx":15,"posy":7,"lastAction":5,"status":0}],"golds":[{"posx":1,"posy":0,"amount":300},{"posx":6,"posy":0,"amount":250},{"posx":19,"posy":1,"amount":450},{"posx":6,"posy":2,"amount":50},{"posx":7,"posy":2,"amount":150},{"posx":18,"posy":2,"amount":300},{"posx":2,"posy":3,"amount":400},{"posx":7,"posy":4,"amount":600},{"posx":1,"posy":6,"amount":100},{"posx":5,"posy":6,"amount":400},{"posx":3,"posy":7,"amount":200}],"changedObstacles":[{"type":3,"posx":17,"posy":3,"value":-20},{"type":0,"posx":15,"posy":7,"value":-1}]},{"players":[{"playerId":2344466,"score":975,"energy":14,"posx":17,"posy":3,"lastAction":4,"status":0},{"playerId":2611188,"score":1050,"energy":30,"posx":18,"posy":2,"lastAction":5,"status":0},{"playerId":157815,"score":1150,"energy":6,"posx":18,"posy":2,"lastAction":5,"status":0},{"playerId":2619262,"score":775,"energy":3,"posx":15,"posy":6,"lastAction":2,"status":0}],"golds":[{"posx":1,"posy":0,"amount":300},{"posx":6,"posy":0,"amount":250},{"posx":19,"posy":1,"amount":450},{"posx":6,"posy":2,"amount":50},{"posx":7,"posy":2,"amount":150},{"posx":18,"posy":2,"amount":200},{"posx":2,"posy":3,"amount":400},{"posx":7,"posy":4,"amount":600},{"posx":1,"posy":6,"amount":100},{"posx":5,"posy":6,"amount":400},{"posx":3,"posy":7,"amount":200}],"changedObstacles":[]},{"players":[{"playerId":2344466,"score":975,"energy":30,"posx":17,"posy":3,"lastAction":4,"status":0},{"playerId":2611188,"score":1100,"energy":25,"posx":18,"posy":2,"lastAction":5,"status":0},{"playerId":157815,"score":1200,"energy":1,"posx":18,"posy":2,"lastAction":5,"status":0},{"playerId":2619262,"score":775,"energy":2,"posx":15,"posy":5,"lastAction":2,"status":0}],"golds":[{"posx":1,"posy":0,"amount":300},{"posx":6,"posy":0,"amount":250},{"posx":19,"posy":1,"amount":450},{"posx":6,"posy":2,"amount":50},{"posx":7,"posy":2,"amount":150},{"posx":18,"posy":2,"amount":100},{"posx":2,"posy":3,"amount":400},{"posx":7,"posy":4,"amount":600},{"posx":1,"posy":6,"amount":100},{"posx":5,"posy":6,"amount":400},{"posx":3,"posy":7,"amount":200}],"changedObstacles":[]},{"players":[{"playerId":2344466,"score":975,"energy":50,"posx":17,"posy":3,"lastAction":4,"status":0},{"playerId":2611188,"score":1150,"energy":20,"posx":18,"posy":2,"lastAction":5,"status":0},{"playerId":157815,"score":1200,"energy":13,"posx":18,"posy":2,"lastAction":4,"status":0},{"playerId":2619262,"score":775,"energy":14,"posx":15,"posy":5,"lastAction":4,"status":0}],"golds":[{"posx":1,"posy":0,"amount":300},{"posx":6,"posy":0,"amount":250},{"posx":19,"posy":1,"amount":450},{"posx":6,"posy":2,"amount":50},{"posx":7,"posy":2,"amount":150},{"posx":18,"posy":2,"amount":50},{"posx":2,"posy":3,"amount":400},{"posx":7,"posy":4,"amount":600},{"posx":1,"posy":6,"amount":100},{"posx":5,"posy":6,"amount":400},{"posx":3,"posy":7,"amount":200}],"changedObstacles":[]},{"players":[{"playerId":2344466,"score":975,"energy":40,"posx":17,"posy":2,"lastAction":2,"status":0},{"playerId":2611188,"score":1175,"energy":15,"posx":18,"posy":2,"lastAction":5,"status":0},{"playerId":157815,"score":1225,"energy":8,"posx":18,"posy":2,"lastAction":5,"status":0},{"playerId":2619262,"score":775,"energy":30,"posx":15,"posy":5,"lastAction":4,"status":0}],"golds":[{"posx":1,"posy":0,"amount":300},{"posx":6,"posy":0,"amount":250},{"posx":19,"posy":1,"amount":450},{"posx":6,"posy":2,"amount":50},{"posx":7,"posy":2,"amount":150},{"posx":2,"posy":3,"amount":400},{"posx":7,"posy":4,"amount":600},{"posx":1,"posy":6,"amount":100},{"posx":5,"posy":6,"amount":400},{"posx":3,"posy":7,"amount":200}],"changedObstacles":[{"type":0,"posx":18,"posy":2,"value":-1}]},{"players":[{"playerId":2344466,"score":975,"energy":39,"posx":18,"posy":2,"lastAction":1,"status":0},{"playerId":2611188,"score":1175,"energy":14,"posx":19,"posy":2,"lastAction":1,"status":0},{"playerId":157815,"score":1225,"energy":20,"posx":18,"posy":2,"lastAction":4,"status":0},{"playerId":2619262,"score":775,"energy":29,"posx":16,"posy":5,"lastAction":1,"status":0}],"golds":[{"posx":1,"posy":0,"amount":300},{"posx":6,"posy":0,"amount":250},{"posx":19,"posy":1,"amount":450},{"posx":6,"posy":2,"amount":50},{"posx":7,"posy":2,"amount":150},{"posx":2,"posy":3,"amount":400},{"posx":7,"posy":4,"amount":600},{"posx":1,"posy":6,"amount":100},{"posx":5,"posy":6,"amount":400},{"posx":3,"posy":7,"amount":200}],"changedObstacles":[]},{"players":[{"playerId":2344466,"score":975,"energy":38,"posx":18,"posy":1,"lastAction":2,"status":0},{"playerId":2611188,"score":1175,"energy":10,"posx":19,"posy":1,"lastAction":2,"status":0},{"playerId":157815,"score":1225,"energy":36,"posx":18,"posy":2,"lastAction":4,"status":0},{"playerId":2619262,"score":775,"energy":28,"posx":17,"posy":5,"lastAction":1,"status":0}],"golds":[{"posx":1,"posy":0,"amount":300},{"posx":6,"posy":0,"amount":250},{"posx":19,"posy":1,"amount":450},{"posx":6,"posy":2,"amount":50},{"posx":7,"posy":2,"amount":150},{"posx":2,"posy":3,"amount":400},{"posx":7,"posy":4,"amount":600},{"posx":1,"posy":6,"amount":100},{"posx":5,"posy":6,"amount":400},{"posx":3,"posy":7,"amount":200}],"changedObstacles":[]},{"players":[{"playerId":2344466,"score":975,"energy":34,"posx":19,"posy":1,"lastAction":1,"status":0},{"playerId":2611188,"score":1225,"energy":5,"posx":19,"posy":1,"lastAction":5,"status":0},{"playerId":157815,"score":1225,"energy":50,"posx":18,"posy":2,"lastAction":4,"status":0},{"playerId":2619262,"score":775,"energy":27,"posx":18,"posy":5,"lastAction":1,"status":0}],"golds":[{"posx":1,"posy":0,"amount":300},{"posx":6,"posy":0,"amount":250},{"posx":19,"posy":1,"amount":400},{"posx":6,"posy":2,"amount":50},{"posx":7,"posy":2,"amount":150},{"posx":2,"posy":3,"amount":400},{"posx":7,"posy":4,"amount":600},{"posx":1,"posy":6,"amount":100},{"posx":5,"posy":6,"amount":400},{"posx":3,"posy":7,"amount":200}],"changedObstacles":[]},{"players":[{"playerId":2344466,"score":1025,"energy":29,"posx":19,"posy":1,"lastAction":5,"status":0},{"playerId":2611188,"score":1225,"energy":17,"posx":19,"posy":1,"lastAction":4,"status":0},{"playerId":157815,"score":1225,"energy":32,"posx":17,"posy":2,"lastAction":0,"status":0},{"playerId":2619262,"score":775,"energy":26,"posx":19,"posy":5,"lastAction":1,"status":0}],"golds":[{"posx":1,"posy":0,"amount":300},{"posx":6,"posy":0,"amount":250},{"posx":19,"posy":1,"amount":350},{"posx":6,"posy":2,"amount":50},{"posx":7,"posy":2,"amount":150},{"posx":2,"posy":3,"amount":400},{"posx":7,"posy":4,"amount":600},{"posx":1,"posy":6,"amount":100},{"posx":5,"posy":6,"amount":400},{"posx":3,"posy":7,"amount":200}],"changedObstacles":[]},{"players":[{"playerId":2344466,"score":1075,"energy":24,"posx":19,"posy":1,"lastAction":5,"status":0},{"playerId":2611188,"score":1225,"energy":33,"posx":19,"posy":1,"lastAction":4,"status":0},{"playerId":157815,"score":1225,"energy":31,"posx":16,"posy":2,"lastAction":0,"status":0},{"playerId":2619262,"score":775,"energy":21,"posx":19,"posy":4,"lastAction":2,"status":0}],"golds":[{"posx":1,"posy":0,"amount":300},{"posx":6,"posy":0,"amount":250},{"posx":19,"posy":1,"amount":300},{"posx":6,"posy":2,"amount":50},{"posx":7,"posy":2,"amount":150},{"posx":2,"posy":3,"amount":400},{"posx":7,"posy":4,"amount":600},{"posx":1,"posy":6,"amount":100},{"posx":5,"posy":6,"amount":400},{"posx":3,"posy":7,"amount":200}],"changedObstacles":[{"type":3,"posx":19,"posy":4,"value":-20}]},{"players":[{"playerId":2344466,"score":1125,"energy":19,"posx":19,"posy":1,"lastAction":5,"status":0},{"playerId":2611188,"score":1275,"energy":28,"posx":19,"posy":1,"lastAction":5,"status":0},{"playerId":157815,"score":1225,"energy":21,"posx":15,"posy":2,"lastAction":0,"status":0},{"playerId":2619262,"score":775,"energy":20,"posx":20,"posy":4,"lastAction":1,"status":0}],"golds":[{"posx":1,"posy":0,"amount":300},{"posx":6,"posy":0,"amount":250},{"posx":19,"posy":1,"amount":200},{"posx":6,"posy":2,"amount":50},{"posx":7,"posy":2,"amount":150},{"posx":2,"posy":3,"amount":400},{"posx":7,"posy":4,"amount":600},{"posx":1,"posy":6,"amount":100},{"posx":5,"posy":6,"amount":400},{"posx":3,"posy":7,"amount":200}],"changedObstacles":[{"type":0,"posx":15,"posy":2,"value":-1}]},{"players":[{"playerId":2344466,"score":1175,"energy":14,"posx":19,"posy":1,"lastAction":5,"status":0},{"playerId":2611188,"score":1325,"energy":23,"posx":19,"posy":1,"lastAction":5,"status":0},{"playerId":157815,"score":1225,"energy":20,"posx":14,"posy":2,"lastAction":0,"status":0},{"playerId":2619262,"score":775,"energy":19,"posx":20,"posy":3,"lastAction":2,"status":0}],"golds":[{"posx":1,"posy":0,"amount":300},{"posx":6,"posy":0,"amount":250},{"posx":19,"posy":1,"amount":100},{"posx":6,"posy":2,"amount":50},{"posx":7,"posy":2,"amount":150},{"posx":2,"posy":3,"amount":400},{"posx":7,"posy":4,"amount":600},{"posx":1,"posy":6,"amount":100},{"posx":5,"posy":6,"amount":400},{"posx":3,"posy":7,"amount":200}],"changedObstacles":[]},{"players":[{"playerId":2344466,"score":1225,"energy":9,"posx":19,"posy":1,"lastAction":5,"status":0},{"playerId":2611188,"score":1375,"energy":18,"posx":19,"posy":1,"lastAction":5,"status":0},{"playerId":157815,"score":1225,"energy":15,"posx":13,"posy":2,"lastAction":0,"status":0},{"playerId":2619262,"score":775,"energy":14,"posx":20,"posy":2,"lastAction":2,"status":0}],"golds":[{"posx":1,"posy":0,"amount":300},{"posx":6,"posy":0,"amount":250},{"posx":6,"posy":2,"amount":50},{"posx":7,"posy":2,"amount":150},{"posx":2,"posy":3,"amount":400},{"posx":7,"posy":4,"amount":600},{"posx":1,"posy":6,"amount":100},{"posx":5,"posy":6,"amount":400},{"posx":3,"posy":7,"amount":200}],"changedObstacles":[{"type":3,"posx":20,"posy":2,"value":-20},{"type":3,"posx":13,"posy":2,"value":-20},{"type":0,"posx":19,"posy":1,"value":-1}]},{"players":[{"playerId":2344466,"score":1225,"energy":8,"posx":18,"posy":1,"lastAction":0,"status":0},{"playerId":2611188,"score":1375,"energy":17,"posx":18,"posy":1,"lastAction":0,"status":0},{"playerId":157815,"score":1225,"energy":14,"posx":12,"posy":2,"lastAction":0,"status":0},{"playerId":2619262,"score":775,"energy":13,"posx":19,"posy":2,"lastAction":0,"status":0}],"golds":[{"posx":1,"posy":0,"amount":300},{"posx":6,"posy":0,"amount":250},{"posx":6,"posy":2,"amount":50},{"posx":7,"posy":2,"amount":150},{"posx":2,"posy":3,"amount":400},{"posx":7,"posy":4,"amount":600},{"posx":1,"posy":6,"amount":100},{"posx":5,"posy":6,"amount":400},{"posx":3,"posy":7,"amount":200}],"changedObstacles":[]},{"players":[{"playerId":2344466,"score":1225,"energy":20,"posx":18,"posy":1,"lastAction":4,"status":0},{"playerId":2611188,"score":1375,"energy":29,"posx":18,"posy":1,"lastAction":4,"status":0},{"playerId":157815,"score":1225,"energy":9,"posx":11,"posy":2,"lastAction":0,"status":0},{"playerId":2619262,"score":775,"energy":12,"posx":18,"posy":2,"lastAction":0,"status":0}],"golds":[{"posx":1,"posy":0,"amount":300},{"posx":6,"posy":0,"amount":250},{"posx":6,"posy":2,"amount":50},{"posx":7,"posy":2,"amount":150},{"posx":2,"posy":3,"amount":400},{"posx":7,"posy":4,"amount":600},{"posx":1,"posy":6,"amount":100},{"posx":5,"posy":6,"amount":400},{"posx":3,"posy":7,"amount":200}],"changedObstacles":[{"type":3,"posx":11,"posy":2,"value":-20}]},{"players":[{"playerId":2344466,"score":1225,"energy":36,"posx":18,"posy":1,"lastAction":4,"status":0},{"playerId":2611188,"score":1375,"energy":45,"posx":18,"posy":1,"lastAction":4,"status":0},{"playerId":157815,"score":1225,"energy":8,"posx":10,"posy":2,"lastAction":0,"status":0},{"playerId":2619262,"score":775,"energy":24,"posx":18,"posy":2,"lastAction":4,"status":0}],"golds":[{"posx":1,"posy":0,"amount":300},{"posx":6,"posy":0,"amount":250},{"posx":6,"posy":2,"amount":50},{"posx":7,"posy":2,"amount":150},{"posx":2,"posy":3,"amount":400},{"posx":7,"posy":4,"amount":600},{"posx":1,"posy":6,"amount":100},{"posx":5,"posy":6,"amount":400},{"posx":3,"posy":7,"amount":200}],"changedObstacles":[]},{"players":[{"playerId":2344466,"score":1225,"energy":50,"posx":18,"posy":1,"lastAction":4,"status":0},{"playerId":2611188,"score":1375,"energy":25,"posx":17,"posy":1,"lastAction":0,"status":0},{"playerId":157815,"score":1225,"energy":7,"posx":9,"posy":2,"lastAction":0,"status":0},{"playerId":2619262,"score":775,"energy":13,"posx":17,"posy":2,"lastAction":0,"status":0}],"golds":[{"posx":1,"posy":0,"amount":300},{"posx":6,"posy":0,"amount":250},{"posx":6,"posy":2,"amount":50},{"posx":7,"posy":2,"amount":150},{"posx":2,"posy":3,"amount":400},{"posx":7,"posy":4,"amount":600},{"posx":1,"posy":6,"amount":100},{"posx":5,"posy":6,"amount":400},{"posx":3,"posy":7,"amount":200}],"changedObstacles":[]},{"players":[{"playerId":2344466,"score":1225,"energy":37,"posx":17,"posy":1,"lastAction":0,"status":0},{"playerId":2611188,"score":1375,"energy":24,"posx":16,"posy":1,"lastAction":0,"status":0},{"playerId":157815,"score":1225,"energy":6,"posx":8,"posy":2,"lastAction":0,"status":0},{"playerId":2619262,"score":775,"energy":12,"posx":16,"posy":2,"lastAction":0,"status":0}],"golds":[{"posx":1,"posy":0,"amount":300},{"posx":6,"posy":0,"amount":250},{"posx":6,"posy":2,"amount":50},{"posx":7,"posy":2,"amount":150},{"posx":2,"posy":3,"amount":400},{"posx":7,"posy":4,"amount":600},{"posx":1,"posy":6,"amount":100},{"posx":5,"posy":6,"amount":400},{"posx":3,"posy":7,"amount":200}],"changedObstacles":[]},{"players":[{"playerId":2344466,"score":1225,"energy":36,"posx":16,"posy":1,"lastAction":0,"status":0},{"playerId":2611188,"score":1375,"energy":23,"posx":15,"posy":1,"lastAction":0,"status":0},{"playerId":157815,"score":1225,"energy":2,"posx":7,"posy":2,"lastAction":0,"status":0},{"playerId":2619262,"score":775,"energy":7,"posx":16,"posy":3,"lastAction":3,"status":0}],"golds":[{"posx":1,"posy":0,"amount":300},{"posx":6,"posy":0,"amount":250},{"posx":6,"posy":2,"amount":50},{"posx":7,"posy":2,"amount":150},{"posx":2,"posy":3,"amount":400},{"posx":7,"posy":4,"amount":600},{"posx":1,"posy":6,"amount":100},{"posx":5,"posy":6,"amount":400},{"posx":3,"posy":7,"amount":200}],"changedObstacles":[{"type":3,"posx":16,"posy":3,"value":-20}]},{"players":[{"playerId":2344466,"score":1225,"energy":35,"posx":15,"posy":1,"lastAction":0,"status":0},{"playerId":2611188,"score":1375,"energy":22,"posx":14,"posy":1,"lastAction":0,"status":0},{"playerId":157815,"score":1225,"energy":14,"posx":7,"posy":2,"lastAction":4,"status":0},{"playerId":2619262,"score":775,"energy":6,"posx":15,"posy":3,"lastAction":0,"status":0}],"golds":[{"posx":1,"posy":0,"amount":300},{"posx":6,"posy":0,"amount":250},{"posx":6,"posy":2,"amount":50},{"posx":7,"posy":2,"amount":150},{"posx":2,"posy":3,"amount":400},{"posx":7,"posy":4,"amount":600},{"posx":1,"posy":6,"amount":100},{"posx":5,"posy":6,"amount":400},{"posx":3,"posy":7,"amount":200}],"changedObstacles":[]},{"players":[{"playerId":2344466,"score":1225,"energy":34,"posx":14,"posy":1,"lastAction":0,"status":0},{"playerId":2611188,"score":1375,"energy":21,"posx":13,"posy":1,"lastAction":0,"status":0},{"playerId":157815,"score":1225,"energy":30,"posx":7,"posy":2,"lastAction":4,"status":0},{"playerId":2619262,"score":775,"energy":1,"posx":14,"posy":3,"lastAction":0,"status":0}],"golds":[{"posx":1,"posy":0,"amount":300},{"posx":6,"posy":0,"amount":250},{"posx":6,"posy":2,"amount":50},{"posx":7,"posy":2,"amount":150},{"posx":2,"posy":3,"amount":400},{"posx":7,"posy":4,"amount":600},{"posx":1,"posy":6,"amount":100},{"posx":5,"posy":6,"amount":400},{"posx":3,"posy":7,"amount":200}],"changedObstacles":[{"type":3,"posx":14,"posy":3,"value":-20}]},{"players":[{"playerId":2344466,"score":1225,"energy":33,"posx":13,"posy":1,"lastAction":0,"status":0},{"playerId":2611188,"score":1375,"energy":20,"posx":12,"posy":1,"lastAction":0,"status":0},{"playerId":157815,"score":1225,"energy":50,"posx":7,"posy":2,"lastAction":4,"status":0},{"playerId":2619262,"score":775,"energy":13,"posx":14,"posy":3,"lastAction":4,"status":0}],"golds":[{"posx":1,"posy":0,"amount":300},{"posx":6,"posy":0,"amount":250},{"posx":6,"posy":2,"amount":50},{"posx":7,"posy":2,"amount":150},{"posx":2,"posy":3,"amount":400},{"posx":7,"posy":4,"amount":600},{"posx":1,"posy":6,"amount":100},{"posx":5,"posy":6,"amount":400},{"posx":3,"posy":7,"amount":200}],"changedObstacles":[]},{"players":[{"playerId":2344466,"score":1225,"energy":32,"posx":12,"posy":1,"lastAction":0,"status":0},{"playerId":2611188,"score":1375,"energy":19,"posx":12,"posy":2,"lastAction":3,"status":0},{"playerId":157815,"score":1275,"energy":45,"posx":7,"posy":2,"lastAction":5,"status":0},{"playerId":2619262,"score":775,"energy":12,"posx":13,"posy":3,"lastAction":0,"status":0}],"golds":[{"posx":1,"posy":0,"amount":300},{"posx":6,"posy":0,"amount":250},{"posx":6,"posy":2,"amount":50},{"posx":7,"posy":2,"amount":100},{"posx":2,"posy":3,"amount":400},{"posx":7,"posy":4,"amount":600},{"posx":1,"posy":6,"amount":100},{"posx":5,"posy":6,"amount":400},{"posx":3,"posy":7,"amount":200}],"changedObstacles":[]},{"players":[{"playerId":2344466,"score":1225,"energy":31,"posx":12,"posy":2,"lastAction":3,"status":0},{"playerId":2611188,"score":1375,"energy":31,"posx":12,"posy":2,"lastAction":4,"status":0},{"playerId":157815,"score":1325,"energy":40,"posx":7,"posy":2,"lastAction":5,"status":0},{"playerId":2619262,"score":775,"energy":24,"posx":13,"posy":3,"lastAction":4,"status":0}],"golds":[{"posx":1,"posy":0,"amount":300},{"posx":6,"posy":0,"amount":250},{"posx":6,"posy":2,"amount":50},{"posx":7,"posy":2,"amount":50},{"posx":2,"posy":3,"amount":400},{"posx":7,"posy":4,"amount":600},{"posx":1,"posy":6,"amount":100},{"posx":5,"posy":6,"amount":400},{"posx":3,"posy":7,"amount":200}],"changedObstacles":[]},{"players":[{"playerId":2344466,"score":1225,"energy":12,"posx":12,"posy":3,"lastAction":3,"status":0},{"playerId":2611188,"score":1375,"energy":47,"posx":12,"posy":2,"lastAction":4,"status":0},{"playerId":157815,"score":1375,"energy":35,"posx":7,"posy":2,"lastAction":5,"status":0},{"playerId":2619262,"score":775,"energy":10,"posx":12,"posy":3,"lastAction":0,"status":0}],"golds":[{"posx":1,"posy":0,"amount":300},{"posx":6,"posy":0,"amount":250},{"posx":6,"posy":2,"amount":50},{"posx":2,"posy":3,"amount":400},{"posx":7,"posy":4,"amount":600},{"posx":1,"posy":6,"amount":100},{"posx":5,"posy":6,"amount":400},{"posx":3,"posy":7,"amount":200}],"changedObstacles":[{"type":0,"posx":7,"posy":2,"value":-1}]},{"players":[{"playerId":2344466,"score":1225,"energy":11,"posx":11,"posy":3,"lastAction":0,"status":0},{"playerId":2611188,"score":1375,"energy":27,"posx":11,"posy":2,"lastAction":0,"status":0},{"playerId":157815,"score":1375,"energy":30,"posx":7,"posy":3,"lastAction":3,"status":0},{"playerId":2619262,"score":775,"energy":9,"posx":12,"posy":4,"lastAction":3,"status":0}],"golds":[{"posx":1,"posy":0,"amount":300},{"posx":6,"posy":0,"amount":250},{"posx":6,"posy":2,"amount":50},{"posx":2,"posy":3,"amount":400},{"posx":7,"posy":4,"amount":600},{"posx":1,"posy":6,"amount":100},{"posx":5,"posy":6,"amount":400},{"posx":3,"posy":7,"amount":200}],"changedObstacles":[{"type":3,"posx":11,"posy":2,"value":-40}]},{"players":[{"playerId":2344466,"score":1225,"energy":10,"posx":10,"posy":3,"lastAction":0,"status":0},{"playerId":2611188,"score":1375,"energy":26,"posx":10,"posy":2,"lastAction":0,"status":0},{"playerId":157815,"score":1375,"energy":26,"posx":7,"posy":4,"lastAction":3,"status":0},{"playerId":2619262,"score":775,"energy":8,"posx":11,"posy":4,"lastAction":0,"status":0}],"golds":[{"posx":1,"posy":0,"amount":300},{"posx":6,"posy":0,"amount":250},{"posx":6,"posy":2,"amount":50},{"posx":2,"posy":3,"amount":400},{"posx":7,"posy":4,"amount":600},{"posx":1,"posy":6,"amount":100},{"posx":5,"posy":6,"amount":400},{"posx":3,"posy":7,"amount":200}],"changedObstacles":[]},{"players":[{"playerId":2344466,"score":1225,"energy":9,"posx":10,"posy":4,"lastAction":3,"status":0},{"playerId":2611188,"score":1375,"energy":25,"posx":9,"posy":2,"lastAction":0,"status":0},{"playerId":157815,"score":1425,"energy":21,"posx":7,"posy":4,"lastAction":5,"status":0},{"playerId":2619262,"score":775,"energy":7,"posx":10,"posy":4,"lastAction":0,"status":0}],"golds":[{"posx":1,"posy":0,"amount":300},{"posx":6,"posy":0,"amount":250},{"posx":6,"posy":2,"amount":50},{"posx":2,"posy":3,"amount":400},{"posx":7,"posy":4,"amount":550},{"posx":1,"posy":6,"amount":100},{"posx":5,"posy":6,"amount":400},{"posx":3,"posy":7,"amount":200}],"changedObstacles":[]},{"players":[{"playerId":2344466,"score":1225,"energy":8,"posx":9,"posy":4,"lastAction":0,"status":0},{"playerId":2611188,"score":1375,"energy":24,"posx":8,"posy":2,"lastAction":0,"status":0},{"playerId":157815,"score":1475,"energy":16,"posx":7,"posy":4,"lastAction":5,"status":0},{"playerId":2619262,"score":775,"energy":6,"posx":9,"posy":4,"lastAction":0,"status":0}],"golds":[{"posx":1,"posy":0,"amount":300},{"posx":6,"posy":0,"amount":250},{"posx":6,"posy":2,"amount":50},{"posx":2,"posy":3,"amount":400},{"posx":7,"posy":4,"amount":500},{"posx":1,"posy":6,"amount":100},{"posx":5,"posy":6,"amount":400},{"posx":3,"posy":7,"amount":200}],"changedObstacles":[]},{"players":[{"playerId":2344466,"score":1225,"energy":7,"posx":8,"posy":4,"lastAction":0,"status":0},{"playerId":2611188,"score":1375,"energy":23,"posx":7,"posy":2,"lastAction":0,"status":0},{"playerId":157815,"score":1525,"energy":11,"posx":7,"posy":4,"lastAction":5,"status":0},{"playerId":2619262,"score":775,"energy":5,"posx":8,"posy":4,"lastAction":0,"status":0}],"golds":[{"posx":1,"posy":0,"amount":300},{"posx":6,"posy":0,"amount":250},{"posx":6,"posy":2,"amount":50},{"posx":2,"posy":3,"amount":400},{"posx":7,"posy":4,"amount":450},{"posx":1,"posy":6,"amount":100},{"posx":5,"posy":6,"amount":400},{"posx":3,"posy":7,"amount":200}],"changedObstacles":[]},{"players":[{"playerId":2344466,"score":1225,"energy":3,"posx":7,"posy":4,"lastAction":0,"status":0},{"playerId":2611188,"score":1375,"energy":22,"posx":7,"posy":1,"lastAction":2,"status":0},{"playerId":157815,"score":1575,"energy":6,"posx":7,"posy":4,"lastAction":5,"status":0},{"playerId":2619262,"score":775,"energy":1,"posx":7,"posy":4,"lastAction":0,"status":0}],"golds":[{"posx":1,"posy":0,"amount":300},{"posx":6,"posy":0,"amount":250},{"posx":6,"posy":2,"amount":50},{"posx":2,"posy":3,"amount":400},{"posx":7,"posy":4,"amount":400},{"posx":1,"posy":6,"amount":100},{"posx":5,"posy":6,"amount":400},{"posx":3,"posy":7,"amount":200}],"changedObstacles":[]},{"players":[{"playerId":2344466,"score":1225,"energy":15,"posx":7,"posy":4,"lastAction":4,"status":0},{"playerId":2611188,"score":1375,"energy":21,"posx":6,"posy":1,"lastAction":0,"status":0},{"playerId":157815,"score":1625,"energy":1,"posx":7,"posy":4,"lastAction":5,"status":0},{"playerId":2619262,"score":775,"energy":13,"posx":7,"posy":4,"lastAction":4,"status":0}],"golds":[{"posx":1,"posy":0,"amount":300},{"posx":6,"posy":0,"amount":250},{"posx":6,"posy":2,"amount":50},{"posx":2,"posy":3,"amount":400},{"posx":7,"posy":4,"amount":350},{"posx":1,"posy":6,"amount":100},{"posx":5,"posy":6,"amount":400},{"posx":3,"posy":7,"amount":200}],"changedObstacles":[]},{"players":[{"playerId":2344466,"score":1225,"energy":31,"posx":7,"posy":4,"lastAction":4,"status":0},{"playerId":2611188,"score":1375,"energy":17,"posx":6,"posy":0,"lastAction":2,"status":0},{"playerId":157815,"score":1625,"energy":13,"posx":7,"posy":4,"lastAction":4,"status":0},{"playerId":2619262,"score":825,"energy":8,"posx":7,"posy":4,"lastAction":5,"status":0}],"golds":[{"posx":1,"posy":0,"amount":300},{"posx":6,"posy":0,"amount":250},{"posx":6,"posy":2,"amount":50},{"posx":2,"posy":3,"amount":400},{"posx":7,"posy":4,"amount":300},{"posx":1,"posy":6,"amount":100},{"posx":5,"posy":6,"amount":400},{"posx":3,"posy":7,"amount":200}],"changedObstacles":[]},{"players":[{"playerId":2344466,"score":1225,"energy":50,"posx":7,"posy":4,"lastAction":4,"status":0},{"playerId":2611188,"score":1425,"energy":12,"posx":6,"posy":0,"lastAction":5,"status":0},{"playerId":157815,"score":1675,"energy":8,"posx":7,"posy":4,"lastAction":5,"status":0},{"playerId":2619262,"score":875,"energy":3,"posx":7,"posy":4,"lastAction":5,"status":0}],"golds":[{"posx":1,"posy":0,"amount":300},{"posx":6,"posy":0,"amount":200},{"posx":6,"posy":2,"amount":50},{"posx":2,"posy":3,"amount":400},{"posx":7,"posy":4,"amount":200},{"posx":1,"posy":6,"amount":100},{"posx":5,"posy":6,"amount":400},{"posx":3,"posy":7,"amount":200}],"changedObstacles":[]},{"players":[{"playerId":2344466,"score":1275,"energy":45,"posx":7,"posy":4,"lastAction":5,"status":0},{"playerId":2611188,"score":1475,"energy":7,"posx":6,"posy":0,"lastAction":5,"status":0},{"playerId":157815,"score":1725,"energy":3,"posx":7,"posy":4,"lastAction":5,"status":0},{"playerId":2619262,"score":875,"energy":15,"posx":7,"posy":4,"lastAction":4,"status":0}],"golds":[{"posx":1,"posy":0,"amount":300},{"posx":6,"posy":0,"amount":150},{"posx":6,"posy":2,"amount":50},{"posx":2,"posy":3,"amount":400},{"posx":7,"posy":4,"amount":100},{"posx":1,"posy":6,"amount":100},{"posx":5,"posy":6,"amount":400},{"posx":3,"posy":7,"amount":200}],"changedObstacles":[]},{"players":[{"playerId":2344466,"score":1325,"energy":40,"posx":7,"posy":4,"lastAction":5,"status":0},{"playerId":2611188,"score":1525,"energy":2,"posx":6,"posy":0,"lastAction":5,"status":0},{"playerId":157815,"score":1725,"energy":15,"posx":7,"posy":4,"lastAction":4,"status":0},{"playerId":2619262,"score":925,"energy":10,"posx":7,"posy":4,"lastAction":5,"status":0}],"golds":[{"posx":1,"posy":0,"amount":300},{"posx":6,"posy":0,"amount":100},{"posx":6,"posy":2,"amount":50},{"posx":2,"posy":3,"amount":400},{"posx":1,"posy":6,"amount":100},{"posx":5,"posy":6,"amount":400},{"posx":3,"posy":7,"amount":200}],"changedObstacles":[{"type":0,"posx":7,"posy":4,"value":-1}]},{"players":[{"playerId":2344466,"score":1325,"energy":39,"posx":7,"posy":5,"lastAction":3,"status":0},{"playerId":2611188,"score":1525,"energy":14,"posx":6,"posy":0,"lastAction":4,"status":0},{"playerId":157815,"score":1725,"energy":31,"posx":7,"posy":4,"lastAction":4,"status":0},{"playerId":2619262,"score":925,"energy":5,"posx":6,"posy":4,"lastAction":0,"status":0}],"golds":[{"posx":1,"posy":0,"amount":300},{"posx":6,"posy":0,"amount":100},{"posx":6,"posy":2,"amount":50},{"posx":2,"posy":3,"amount":400},{"posx":1,"posy":6,"amount":100},{"posx":5,"posy":6,"amount":400},{"posx":3,"posy":7,"amount":200}],"changedObstacles":[{"type":3,"posx":6,"posy":4,"value":-20}]},{"players":[{"playerId":2344466,"score":1325,"energy":38,"posx":6,"posy":5,"lastAction":0,"status":0},{"playerId":2611188,"score":1525,"energy":30,"posx":6,"posy":0,"lastAction":4,"status":0},{"playerId":157815,"score":1725,"energy":50,"posx":7,"posy":4,"lastAction":4,"status":0},{"playerId":2619262,"score":925,"energy":4,"posx":6,"posy":3,"lastAction":2,"status":0}],"golds":[{"posx":1,"posy":0,"amount":300},{"posx":6,"posy":0,"amount":100},{"posx":6,"posy":2,"amount":50},{"posx":2,"posy":3,"amount":400},{"posx":1,"posy":6,"amount":100},{"posx":5,"posy":6,"amount":400},{"posx":3,"posy":7,"amount":200}],"changedObstacles":[]},{"players":[{"playerId":2344466,"score":1325,"energy":33,"posx":6,"posy":6,"lastAction":3,"status":0},{"playerId":2611188,"score":1525,"energy":50,"posx":6,"posy":0,"lastAction":4,"status":0},{"playerId":157815,"score":1725,"energy":49,"posx":7,"posy":5,"lastAction":3,"status":0},{"playerId":2619262,"score":925,"energy":16,"posx":6,"posy":3,"lastAction":4,"status":0}],"golds":[{"posx":1,"posy":0,"amount":300},{"posx":6,"posy":0,"amount":100},{"posx":6,"posy":2,"amount":50},{"posx":2,"posy":3,"amount":400},{"posx":1,"posy":6,"amount":100},{"posx":5,"posy":6,"amount":400},{"posx":3,"posy":7,"amount":200}],"changedObstacles":[{"type":3,"posx":6,"posy":6,"value":-20}]},{"players":[{"playerId":2344466,"score":1325,"energy":29,"posx":5,"posy":6,"lastAction":0,"status":0},{"playerId":2611188,"score":1575,"energy":45,"posx":6,"posy":0,"lastAction":5,"status":0},{"playerId":157815,"score":1725,"energy":48,"posx":6,"posy":5,"lastAction":0,"status":0},{"playerId":2619262,"score":925,"energy":12,"posx":6,"posy":2,"lastAction":2,"status":0}],"golds":[{"posx":1,"posy":0,"amount":300},{"posx":6,"posy":0,"amount":50},{"posx":6,"posy":2,"amount":50},{"posx":2,"posy":3,"amount":400},{"posx":1,"posy":6,"amount":100},{"posx":5,"posy":6,"amount":400},{"posx":3,"posy":7,"amount":200}],"changedObstacles":[]},{"players":[{"playerId":2344466,"score":1375,"energy":24,"posx":5,"posy":6,"lastAction":5,"status":0},{"playerId":2611188,"score":1625,"energy":40,"posx":6,"posy":0,"lastAction":5,"status":0},{"playerId":157815,"score":1725,"energy":38,"posx":5,"posy":5,"lastAction":0,"status":0},{"playerId":2619262,"score":975,"energy":7,"posx":6,"posy":2,"lastAction":5,"status":0}],"golds":[{"posx":1,"posy":0,"amount":300},{"posx":2,"posy":3,"amount":400},{"posx":1,"posy":6,"amount":100},{"posx":5,"posy":6,"amount":350},{"posx":3,"posy":7,"amount":200}],"changedObstacles":[{"type":0,"posx":5,"posy":5,"value":-1},{"type":0,"posx":6,"posy":2,"value":-1},{"type":0,"posx":6,"posy":0,"value":-1}]},{"players":[{"playerId":2344466,"score":1425,"energy":19,"posx":5,"posy":6,"lastAction":5,"status":0},{"playerId":2611188,"score":1625,"energy":39,"posx":6,"posy":1,"lastAction":3,"status":0},{"playerId":157815,"score":1725,"energy":18,"posx":4,"posy":5,"lastAction":0,"status":0},{"playerId":2619262,"score":975,"energy":6,"posx":6,"posy":3,"lastAction":3,"status":0}],"golds":[{"posx":1,"posy":0,"amount":300},{"posx":2,"posy":3,"amount":400},{"posx":1,"posy":6,"amount":100},{"posx":5,"posy":6,"amount":300},{"posx":3,"posy":7,"amount":200}],"changedObstacles":[]},{"players":[{"playerId":2344466,"score":1475,"energy":14,"posx":5,"posy":6,"lastAction":5,"status":0},{"playerId":2611188,"score":1625,"energy":38,"posx":6,"posy":2,"lastAction":3,"status":0},{"playerId":157815,"score":1725,"energy":17,"posx":3,"posy":5,"lastAction":0,"status":0},{"playerId":2619262,"score":975,"energy":5,"posx":5,"posy":3,"lastAction":0,"status":0}],"golds":[{"posx":1,"posy":0,"amount":300},{"posx":2,"posy":3,"amount":400},{"posx":1,"posy":6,"amount":100},{"posx":5,"posy":6,"amount":250},{"posx":3,"posy":7,"amount":200}],"changedObstacles":[]},{"players":[{"playerId":2344466,"score":1525,"energy":9,"posx":5,"posy":6,"lastAction":5,"status":0},{"playerId":2611188,"score":1625,"energy":37,"posx":6,"posy":3,"lastAction":3,"status":0},{"playerId":157815,"score":1725,"energy":16,"posx":3,"posy":4,"lastAction":2,"status":0},{"playerId":2619262,"score":975,"energy":17,"posx":5,"posy":3,"lastAction":4,"status":0}],"golds":[{"posx":1,"posy":0,"amount":300},{"posx":2,"posy":3,"amount":400},{"posx":1,"posy":6,"amount":100},{"posx":5,"posy":6,"amount":200},{"posx":3,"posy":7,"amount":200}],"changedObstacles":[]},{"players":[{"playerId":2344466,"score":1575,"energy":4,"posx":5,"posy":6,"lastAction":5,"status":0},{"playerId":2611188,"score":1625,"energy":36,"posx":5,"posy":3,"lastAction":0,"status":0},{"playerId":157815,"score":1725,"energy":15,"posx":3,"posy":3,"lastAction":2,"status":0},{"playerId":2619262,"score":975,"energy":7,"posx":4,"posy":3,"lastAction":0,"status":0}],"golds":[{"posx":1,"posy":0,"amount":300},{"posx":2,"posy":3,"amount":400},{"posx":1,"posy":6,"amount":100},{"posx":5,"posy":6,"amount":150},{"posx":3,"posy":7,"amount":200}],"changedObstacles":[{"type":0,"posx":4,"posy":3,"value":-1}]},{"players":[{"playerId":2344466,"score":1575,"energy":16,"posx":5,"posy":6,"lastAction":4,"status":0},{"playerId":2611188,"score":1625,"energy":35,"posx":4,"posy":3,"lastAction":0,"status":0},{"playerId":157815,"score":1725,"energy":11,"posx":2,"posy":3,"lastAction":0,"status":0},{"playerId":2619262,"score":975,"energy":6,"posx":3,"posy":3,"lastAction":0,"status":0}],"golds":[{"posx":1,"posy":0,"amount":300},{"posx":2,"posy":3,"amount":400},{"posx":1,"posy":6,"amount":100},{"posx":5,"posy":6,"amount":150},{"posx":3,"posy":7,"amount":200}],"changedObstacles":[]},{"players":[{"playerId":2344466,"score":1575,"energy":32,"posx":5,"posy":6,"lastAction":4,"status":0},{"playerId":2611188,"score":1625,"energy":34,"posx":3,"posy":3,"lastAction":0,"status":0},{"playerId":157815,"score":1775,"energy":6,"posx":2,"posy":3,"lastAction":5,"status":0},{"playerId":2619262,"score":975,"energy":2,"posx":2,"posy":3,"lastAction":0,"status":0}],"golds":[{"posx":1,"posy":0,"amount":300},{"posx":2,"posy":3,"amount":350},{"posx":1,"posy":6,"amount":100},{"posx":5,"posy":6,"amount":150},{"posx":3,"posy":7,"amount":200}],"changedObstacles":[]},{"players":[{"playerId":2344466,"score":1575,"energy":50,"posx":5,"posy":6,"lastAction":4,"status":0},{"playerId":2611188,"score":1625,"energy":30,"posx":2,"posy":3,"lastAction":0,"status":0},{"playerId":157815,"score":1825,"energy":1,"posx":2,"posy":3,"lastAction":5,"status":0},{"playerId":2619262,"score":975,"energy":14,"posx":2,"posy":3,"lastAction":4,"status":0}],"golds":[{"posx":1,"posy":0,"amount":300},{"posx":2,"posy":3,"amount":300},{"posx":1,"posy":6,"amount":100},{"posx":5,"posy":6,"amount":150},{"posx":3,"posy":7,"amount":200}],"changedObstacles":[]},{"players":[{"playerId":2344466,"score":1625,"energy":45,"posx":5,"posy":6,"lastAction":5,"status":0},{"playerId":2611188,"score":1675,"energy":25,"posx":2,"posy":3,"lastAction":5,"status":0},{"playerId":157815,"score":1825,"energy":13,"posx":2,"posy":3,"lastAction":4,"status":0},{"playerId":2619262,"score":1025,"energy":9,"posx":2,"posy":3,"lastAction":5,"status":0}],"golds":[{"posx":1,"posy":0,"amount":300},{"posx":2,"posy":3,"amount":200},{"posx":1,"posy":6,"amount":100},{"posx":5,"posy":6,"amount":100},{"posx":3,"posy":7,"amount":200}],"changedObstacles":[]},{"players":[{"playerId":2344466,"score":1675,"energy":40,"posx":5,"posy":6,"lastAction":5,"status":0},{"playerId":2611188,"score":1725,"energy":20,"posx":2,"posy":3,"lastAction":5,"status":0},{"playerId":157815,"score":1875,"energy":8,"posx":2,"posy":3,"lastAction":5,"status":0},{"playerId":2619262,"score":1075,"energy":4,"posx":2,"posy":3,"lastAction":5,"status":0}],"golds":[{"posx":1,"posy":0,"amount":300},{"posx":2,"posy":3,"amount":50},{"posx":1,"posy":6,"amount":100},{"posx":5,"posy":6,"amount":50},{"posx":3,"posy":7,"amount":200}],"changedObstacles":[]},{"players":[{"playerId":2344466,"score":1725,"energy":35,"posx":5,"posy":6,"lastAction":5,"status":0},{"playerId":2611188,"score":1725,"energy":19,"posx":2,"posy":2,"lastAction":2,"status":0},{"playerId":157815,"score":1875,"energy":7,"posx":2,"posy":2,"lastAction":2,"status":0},{"playerId":2619262,"score":1075,"energy":16,"posx":2,"posy":3,"lastAction":4,"status":0}],"golds":[{"posx":1,"posy":0,"amount":300},{"posx":2,"posy":3,"amount":50},{"posx":1,"posy":6,"amount":100},{"posx":3,"posy":7,"amount":200}],"changedObstacles":[{"type":0,"posx":5,"posy":6,"value":-1}]},{"players":[{"playerId":2344466,"score":1725,"energy":34,"posx":5,"posy":7,"lastAction":3,"status":0},{"playerId":2611188,"score":1725,"energy":18,"posx":2,"posy":1,"lastAction":2,"status":0},{"playerId":157815,"score":1875,"energy":6,"posx":2,"posy":1,"lastAction":2,"status":0},{"playerId":2619262,"score":1125,"energy":11,"posx":2,"posy":3,"lastAction":5,"status":0}],"golds":[{"posx":1,"posy":0,"amount":300},{"posx":1,"posy":6,"amount":100},{"posx":3,"posy":7,"amount":200}],"changedObstacles":[{"type":0,"posx":2,"posy":3,"value":-1}]},{"players":[{"playerId":2344466,"score":1725,"energy":33,"posx":4,"posy":7,"lastAction":0,"status":0},{"playerId":2611188,"score":1725,"energy":17,"posx":2,"posy":0,"lastAction":2,"status":0},{"playerId":157815,"score":1875,"energy":5,"posx":2,"posy":0,"lastAction":2,"status":0},{"playerId":2619262,"score":1125,"energy":10,"posx":2,"posy":2,"lastAction":2,"status":0}],"golds":[{"posx":1,"posy":0,"amount":300},{"posx":1,"posy":6,"amount":100},{"posx":3,"posy":7,"amount":200}],"changedObstacles":[]},{"players":[{"playerId":2344466,"score":1725,"energy":29,"posx":3,"posy":7,"lastAction":0,"status":0},{"playerId":2611188,"score":1725,"energy":13,"posx":1,"posy":0,"lastAction":0,"status":0},{"playerId":157815,"score":1875,"energy":1,"posx":1,"posy":0,"lastAction":0,"status":0},{"playerId":2619262,"score":1125,"energy":9,"posx":1,"posy":2,"lastAction":0,"status":0}],"golds":[{"posx":1,"posy":0,"amount":300},{"posx":1,"posy":6,"amount":100},{"posx":3,"posy":7,"amount":200}],"changedObstacles":[]},{"players":[{"playerId":2344466,"score":1775,"energy":24,"posx":3,"posy":7,"lastAction":5,"status":0},{"playerId":2611188,"score":1775,"energy":8,"posx":1,"posy":0,"lastAction":5,"status":0},{"playerId":157815,"score":1875,"energy":13,"posx":1,"posy":0,"lastAction":4,"status":0},{"playerId":2619262,"score":1125,"energy":21,"posx":1,"posy":2,"lastAction":4,"status":0}],"golds":[{"posx":1,"posy":0,"amount":250},{"posx":1,"posy":6,"amount":100},{"posx":3,"posy":7,"amount":150}],"changedObstacles":[]},{"players":[{"playerId":2344466,"score":1825,"energy":19,"posx":3,"posy":7,"lastAction":5,"status":0},{"playerId":2611188,"score":1825,"energy":3,"posx":1,"posy":0,"lastAction":5,"status":0},{"playerId":157815,"score":1925,"energy":8,"posx":1,"posy":0,"lastAction":5,"status":0},{"playerId":2619262,"score":1125,"energy":11,"posx":1,"posy":1,"lastAction":2,"status":0}],"golds":[{"posx":1,"posy":0,"amount":150},{"posx":1,"posy":6,"amount":100},{"posx":3,"posy":7,"amount":100}],"changedObstacles":[{"type":0,"posx":1,"posy":1,"value":-1}]},{"players":[{"playerId":2344466,"score":1875,"energy":14,"posx":3,"posy":7,"lastAction":5,"status":0},{"playerId":2611188,"score":1825,"energy":15,"posx":1,"posy":0,"lastAction":4,"status":0},{"playerId":157815,"score":1975,"energy":3,"posx":1,"posy":0,"lastAction":5,"status":0},{"playerId":2619262,"score":1125,"energy":7,"posx":1,"posy":0,"lastAction":2,"status":0}],"golds":[{"posx":1,"posy":0,"amount":100},{"posx":1,"posy":6,"amount":100},{"posx":3,"posy":7,"amount":50}],"changedObstacles":[]},{"players":[{"playerId":2344466,"score":1925,"energy":9,"posx":3,"posy":7,"lastAction":5,"status":0},{"playerId":2611188,"score":1825,"energy":31,"posx":1,"posy":0,"lastAction":4,"status":0},{"playerId":157815,"score":1975,"energy":15,"posx":1,"posy":0,"lastAction":4,"status":0},{"playerId":2619262,"score":1175,"energy":2,"posx":1,"posy":0,"lastAction":5,"status":0}],"golds":[{"posx":1,"posy":0,"amount":50},{"posx":1,"posy":6,"amount":100}],"changedObstacles":[{"type":0,"posx":3,"posy":7,"value":-1}]},{"players":[{"playerId":2344466,"score":1925,"energy":8,"posx":3,"posy":6,"lastAction":2,"status":0},{"playerId":2611188,"score":1825,"energy":30,"posx":2,"posy":0,"lastAction":1,"status":0},{"playerId":157815,"score":1975,"energy":31,"posx":1,"posy":0,"lastAction":4,"status":0},{"playerId":2619262,"score":1175,"energy":14,"posx":1,"posy":0,"lastAction":4,"status":0}],"golds":[{"posx":1,"posy":0,"amount":50},{"posx":1,"posy":6,"amount":100}],"changedObstacles":[]},{"players":[{"playerId":2344466,"score":1925,"energy":7,"posx":2,"posy":6,"lastAction":0,"status":0},{"playerId":2611188,"score":1825,"energy":26,"posx":1,"posy":0,"lastAction":0,"status":0},{"playerId":157815,"score":2000,"energy":26,"posx":1,"posy":0,"lastAction":5,"status":0},{"playerId":2619262,"score":1200,"energy":9,"posx":1,"posy":0,"lastAction":5,"status":0}],"golds":[{"posx":1,"posy":6,"amount":100}],"changedObstacles":[{"type":0,"posx":1,"posy":0,"value":-1}]}]