[{"players":[{"playerId":2238718,"score":0,"energy":49,"posx":13,"posy":3,"lastAction":0,"status":0},{"playerId":2422729,"score":0,"energy":49,"posx":13,"posy":3,"lastAction":0,"status":0},{"playerId":2415753,"score":0,"energy":49,"posx":15,"posy":3,"lastAction":1,"status":0},{"playerId":803122,"score":0,"energy":49,"posx":15,"posy":3,"lastAction":1,"status":0}],"golds":[{"posx":18,"posy":6,"amount":650},{"posx":5,"posy":6,"amount":400},{"posx":13,"posy":5,"amount":350},{"posx":18,"posy":4,"amount":50},{"posx":17,"posy":6,"amount":350},{"posx":7,"posy":2,"amount":150},{"posx":15,"posy":7,"amount":50},{"posx":16,"posy":5,"amount":400},{"posx":18,"posy":2,"amount":600},{"posx":6,"posy":0,"amount":250},{"posx":2,"posy":3,"amount":400},{"posx":19,"posy":1,"amount":450},{"posx":17,"posy":4,"amount":600},{"posx":17,"posy":7,"amount":350},{"posx":3,"posy":7,"amount":200},{"posx":6,"posy":2,"amount":50},{"posx":16,"posy":6,"amount":750},{"posx":1,"posy":0,"amount":300},{"posx":7,"posy":4,"amount":600},{"posx":1,"posy":6,"amount":100}],"changedObstacles":[]},{"players":[{"playerId":2238718,"score":0,"energy":44,"posx":13,"posy":4,"lastAction":3,"status":0},{"playerId":2422729,"score":0,"energy":44,"posx":13,"posy":4,"lastAction":3,"status":0},{"playerId":2415753,"score":0,"energy":44,"posx":15,"posy":4,"lastAction":3,"status":0},{"playerId":803122,"score":0,"energy":44,"posx":16,"posy":3,"lastAction":1,"status":0}],"golds":[{"posx":18,"posy":6,"amount":650},{"posx":5,"posy":6,"amount":400},{"posx":13,"posy":5,"amount":350},{"posx":18,"posy":4,"amount":50},{"posx":17,"posy":6,"amount":350},{"posx":7,"posy":2,"amount":150},{"posx":15,"posy":7,"amount":50},{"posx":16,"posy":5,"amount":400},{"posx":18,"posy":2,"amount":600},{"posx":6,"posy":0,"amount":250},{"posx":2,"posy":3,"amount":400},{"posx":19,"posy":1,"amount":450},{"posx":17,"posy":4,"amount":600},{"posx":17,"posy":7,"amount":350},{"posx":3,"posy":7,"amount":200},{"posx":6,"posy":2,"amount":50},{"posx":16,"posy":6,"amount":750},{"posx":1,"posy":0,"amount":300},{"posx":7,"posy":4,"amount":600},{"posx":1,"posy":6,"amount":100}],"changedObstacles":[{"type":3,"posx":13,"posy":4,"value":-20},{"type":3,"posx":15,"posy":4,"value":-20},{"type":3,"posx":16,"posy":3,"value":-20}]},{"players":[{"playerId":2238718,"score":0,"energy":43,"posx":12,"posy":4,"lastAction":0,"status":0},{"playerId":2422729,"score":0,"energy":40,"posx":13,"posy":5,"lastAction":3,"status":0},{"playerId":2415753,"score":0,"energy":43,"posx":15,"posy":5,"lastAction":3,"status":0},{"playerId":803122,"score":0,"energy":38,"posx":16,"posy":4,"lastAction":3,"status":0}],"golds":[{"posx":18,"posy":6,"amount":650},{"posx":5,"posy":6,"amount":400},{"posx":13,"posy":5,"amount":350},{"posx":18,"posy":4,"amount":50},{"posx":17,"posy":6,"amount":350},{"posx":7,"posy":2,"amount":150},{"posx":15,"posy":7,"amount":50},{"posx":16,"posy":5,"amount":400},{"posx":18,"posy":2,"amount":600},{"posx":6,"posy":0,"amount":250},{"posx":2,"posy":3,"amount":400},{"posx":19,"posy":1,"amount":450},{"posx":17,"posy":4,"amount":600},{"posx":17,"posy":7,"amount":350},{"posx":3,"posy":7,"amount":200},{"posx":6,"posy":2,"amount":50},{"posx":16,"posy":6,"amount":750},{"posx":1,"posy":0,"amount":300},{"posx":7,"posy":4,"amount":600},{"posx":1,"posy":6,"amount":100}],"changedObstacles":[]},{"players":[{"playerId":2238718,"score":0,"energy":42,"posx":11,"posy":4,"lastAction":0,"status":0},{"playerId":2422729,"score":50,"energy":35,"posx":13,"posy":5,"lastAction":5,"status":0},{"playerId":2415753,"score":0,"energy":42,"posx":15,"posy":6,"lastAction":3,"status":0},{"playerId":803122,"score":0,"energy":34,"posx":16,"posy":5,"lastAction":3,"status":0}],"golds":[{"posx":1,"posy":0,"amount":300},{"posx":6,"posy":0,"amount":250},{"posx":19,"posy":1,"amount":450},{"posx":6,"posy":2,"amount":50},{"posx":7,"posy":2,"amount":150},{"posx":18,"posy":2,"amount":600},{"posx":2,"posy":3,"amount":400},{"posx":7,"posy":4,"amount":600},{"posx":17,"posy":4,"amount":600},{"posx":18,"posy":4,"amount":50},{"posx":13,"posy":5,"amount":300},{"posx":16,"posy":5,"amount":400},{"posx":1,"posy":6,"amount":100},{"posx":5,"posy":6,"amount":400},{"posx":16,"posy":6,"amount":750},{"posx":17,"posy":6,"amount":350},{"posx":18,"posy":6,"amount":650},{"posx":3,"posy":7,"amount":200},{"posx":15,"posy":7,"amount":50},{"posx":17,"posy":7,"amount":350}],"changedObstacles":[]},{"players":[{"playerId":2238718,"score":0,"energy":41,"posx":10,"posy":4,"lastAction":0,"status":0},{"playerId":2422729,"score":100,"energy":30,"posx":13,"posy":5,"lastAction":5,"status":0},{"playerId":2415753,"score":0,"energy":38,"posx":16,"posy":6,"lastAction":1,"status":0},{"playerId":803122,"score":50,"energy":29,"posx":16,"posy":5,"lastAction":5,"status":0}],"golds":[{"posx":1,"posy":0,"amount":300},{"posx":6,"posy":0,"amount":250},{"posx":19,"posy":1,"amount":450},{"posx":6,"posy":2,"amount":50},{"posx":7,"posy":2,"amount":150},{"posx":18,"posy":2,"amount":600},{"posx":2,"posy":3,"amount":400},{"posx":7,"posy":4,"amount":600},{"posx":17,"posy":4,"amount":600},{"posx":18,"posy":4,"amount":50},{"posx":13,"posy":5,"amount":250},{"posx":16,"posy":5,"amount":350},{"posx":1,"posy":6,"amount":100},{"posx":5,"posy":6,"amount":400},{"posx":16,"posy":6,"amount":750},{"posx":17,"posy":6,"amount":350},{"posx":18,"posy":6,"amount":650},{"posx":3,"posy":7,"amount":200},{"posx":15,"posy":7,"amount":50},{"posx":17,"posy":7,"amount":350}],"changedObstacles":[]},{"players":[{"playerId":2238718,"score":0,"energy":40,"posx":9,"posy":4,"lastAction":0,"status":0},{"playerId":2422729,"score":150,"energy":25,"posx":13,"posy":5,"lastAction":5,"status":0},{"playerId":2415753,"score":50,"energy":33,"posx":16,"posy":6,"lastAction":5,"status":0},{"playerId":803122,"score":100,"energy":24,"posx":16,"posy":5,"lastAction":5,"status":0}],"golds":[{"posx":1,"posy":0,"amount":300},{"posx":6,"posy":0,"amount":250},{"posx":19,"posy":1,"amount":450},{"posx":6,"posy":2,"amount":50},{"posx":7,"posy":2,"amount":150},{"posx":18,"posy":2,"amount":600},{"posx":2,"posy":3,"amount":400},{"posx":7,"posy":4,"amount":600},{"posx":17,"posy":4,"amount":600},{"posx":18,"posy":4,"amount":50},{"posx":13,"posy":5,"amount":200},{"posx":16,"posy":5,"amount":300},{"posx":1,"posy":6,"amount":100},{"posx":5,"posy":6,"amount":400},{"posx":16,"posy":6,"amount":700},{"posx":17,"posy":6,"amount":350},{"posx":18,"posy":6,"amount":650},{"posx":3,"posy":7,"amount":200},{"posx":15,"posy":7,"amount":50},{"posx":17,"posy":7,"amount":350}],"changedObstacles":[]},{"players":[{"playerId":2238718,"score":0,"energy":39,"posx":8,"posy":4,"lastAction":0,"status":0},{"playerId":2422729,"score":200,"energy":20,"posx":13,"posy":5,"lastAction":5,"status":0},{"playerId":2415753,"score":100,"energy":28,"posx":16,"posy":6,"lastAction":5,"status":0},{"playerId":803122,"score":150,"energy":19,"posx":16,"posy":5,"lastAction":5,"status":0}],"golds":[{"posx":1,"posy":0,"amount":300},{"posx":6,"posy":0,"amount":250},{"posx":19,"posy":1,"amount":450},{"posx":6,"posy":2,"amount":50},{"posx":7,"posy":2,"amount":150},{"posx":18,"posy":2,"amount":600},{"posx":2,"posy":3,"amount":400},{"posx":7,"posy":4,"amount":600},{"posx":17,"posy":4,"amount":600},{"posx":18,"posy":4,"amount":50},{"posx":13,"posy":5,"amount":150},{"posx":16,"posy":5,"amount":250},{"posx":1,"posy":6,"amount":100},{"posx":5,"posy":6,"amount":400},{"posx":16,"posy":6,"amount":650},{"posx":17,"posy":6,"amount":350},{"posx":18,"posy":6,"amount":650},{"posx":3,"posy":7,"amount":200},{"posx":15,"posy":7,"amount":50},{"posx":17,"posy":7,"amount":350}],"changedObstacles":[]},{"players":[{"playerId":2238718,"score":0,"energy":38,"posx":8,"posy":5,"lastAction":3,"status":0},{"playerId":2422729,"score":250,"energy":15,"posx":13,"posy":5,"lastAction":5,"status":0},{"playerId":2415753,"score":150,"energy":23,"posx":16,"posy":6,"lastAction":5,"status":0},{"playerId":803122,"score":200,"energy":14,"posx":16,"posy":5,"lastAction":5,"status":0}],"golds":[{"posx":1,"posy":0,"amount":300},{"posx":6,"posy":0,"amount":250},{"posx":19,"posy":1,"amount":450},{"posx":6,"posy":2,"amount":50},{"posx":7,"posy":2,"amount":150},{"posx":18,"posy":2,"amount":600},{"posx":2,"posy":3,"amount":400},{"posx":7,"posy":4,"amount":600},{"posx":17,"posy":4,"amount":600},{"posx":18,"posy":4,"amount":50},{"posx":13,"posy":5,"amount":100},{"posx":16,"posy":5,"amount":200},{"posx":1,"posy":6,"amount":100},{"posx":5,"posy":6,"amount":400},{"posx":16,"posy":6,"amount":600},{"posx":17,"posy":6,"amount":350},{"posx":18,"posy":6,"amount":650},{"posx":3,"posy":7,"amount":200},{"posx":15,"posy":7,"amount":50},{"posx":17,"posy":7,"amount":350}],"changedObstacles":[]},{"players":[{"playerId":2238718,"score":0,"energy":37,"posx":8,"posy":6,"lastAction":3,"status":0},{"playerId":2422729,"score":300,"energy":10,"posx":13,"posy":5,"lastAction":5,"status":0},{"playerId":2415753,"score":200,"energy":18,"posx":16,"posy":6,"lastAction":5,"status":0},{"playerId":803122,"score":250,"energy":9,"posx":16,"posy":5,"lastAction":5,"status":0}],"golds":[{"posx":1,"posy":0,"amount":300},{"posx":6,"posy":0,"amount":250},{"posx":19,"posy":1,"amount":450},{"posx":6,"posy":2,"amount":50},{"posx":7,"posy":2,"amount":150},{"posx":18,"posy":2,"amount":600},{"posx":2,"posy":3,"amount":400},{"posx":7,"posy":4,"amount":600},{"posx":17,"posy":4,"amount":600},{"posx":18,"posy":4,"amount":50},{"posx":13,"posy":5,"amount":50},{"posx":16,"posy":5,"amount":150},{"posx":1,"posy":6,"amount":100},{"posx":5,"posy":6,"amount":400},{"posx":16,"posy":6,"amount":550},{"posx":17,"posy":6,"amount":350},{"posx":18,"posy":6,"amount":650},{"posx":3,"posy":7,"amount":200},{"posx":15,"posy":7,"amount":50},{"posx":17,"posy":7,"amount":350}],"changedObstacles":[]},{"players":[{"playerId":2238718,"score":0,"energy":36,"posx":8,"posy":7,"lastAction":3,"status":0},{"playerId":2422729,"score":350,"energy":5,"posx":13,"posy":5,"lastAction":5,"status":0},{"playerId":2415753,"score":250,"energy":13,"posx":16,"posy":6,"lastAction":5,"status":0},{"playerId":803122,"score":300,"energy":4,"posx":16,"posy":5,"lastAction":5,"status":0}],"golds":[{"posx":1,"posy":0,"amount":300},{"posx":6,"posy":0,"amount":250},{"posx":19,"posy":1,"amount":450},{"posx":6,"posy":2,"amount":50},{"posx":7,"posy":2,"amount":150},{"posx":18,"posy":2,"amount":600},{"posx":2,"posy":3,"amount":400},{"posx":7,"posy":4,"amount":600},{"posx":17,"posy":4,"amount":600},{"posx":18,"posy":4,"amount":50},{"posx":16,"posy":5,"amount":100},{"posx":1,"posy":6,"amount":100},{"posx":5,"posy":6,"amount":400},{"posx":16,"posy":6,"amount":500},{"posx":17,"posy":6,"amount":350},{"posx":18,"posy":6,"amount":650},{"posx":3,"posy":7,"amount":200},{"posx":15,"posy":7,"amount":50},{"posx":17,"posy":7,"amount":350}],"changedObstacles":[{"type":0,"posx":13,"posy":5,"value":-1}]},{"players":[{"playerId":2238718,"score":0,"energy":26,"posx":7,"posy":7,"lastAction":0,"status":0},{"playerId":2422729,"score":350,"energy":4,"posx":12,"posy":5,"lastAction":0,"status":0},{"playerId":2415753,"score":300,"energy":8,"posx":16,"posy":6,"lastAction":5,"status":0},{"playerId":803122,"score":300,"energy":16,"posx":16,"posy":5,"lastAction":4,"status":0}],"golds":[{"posx":1,"posy":0,"amount":300},{"posx":6,"posy":0,"amount":250},{"posx":19,"posy":1,"amount":450},{"posx":6,"posy":2,"amount":50},{"posx":7,"posy":2,"amount":150},{"posx":18,"posy":2,"amount":600},{"posx":2,"posy":3,"amount":400},{"posx":7,"posy":4,"amount":600},{"posx":17,"posy":4,"amount":600},{"posx":18,"posy":4,"amount":50},{"posx":16,"posy":5,"amount":100},{"posx":1,"posy":6,"amount":100},{"posx":5,"posy":6,"amount":400},{"posx":16,"posy":6,"amount":450},{"posx":17,"posy":6,"amount":350},{"posx":18,"posy":6,"amount":650},{"posx":3,"posy":7,"amount":200},{"posx":15,"posy":7,"amount":50},{"posx":17,"posy":7,"amount":350}],"changedObstacles":[{"type":0,"posx":7,"posy":7,"value":-1}]},{"players":[{"playerId":2238718,"score":0,"energy":25,"posx":6,"posy":7,"lastAction":0,"status":0},{"playerId":2422729,"score":350,"energy":3,"posx":13,"posy":5,"lastAction":1,"status":0},{"playerId":2415753,"score":350,"energy":3,"posx":16,"posy":6,"lastAction":5,"status":0},{"playerId":803122,"score":350,"energy":11,"posx":16,"posy":5,"lastAction":5,"status":0}],"golds":[{"posx":1,"posy":0,"amount":300},{"posx":6,"posy":0,"amount":250},{"posx":19,"posy":1,"amount":450},{"posx":6,"posy":2,"amount":50},{"posx":7,"posy":2,"amount":150},{"posx":18,"posy":2,"amount":600},{"posx":2,"posy":3,"amount":400},{"posx":7,"posy":4,"amount":600},{"posx":17,"posy":4,"amount":600},{"posx":18,"posy":4,"amount":50},{"posx":16,"posy":5,"amount":50},{"posx":1,"posy":6,"amount":100},{"posx":5,"posy":6,"amount":400},{"posx":16,"posy":6,"amount":400},{"posx":17,"posy":6,"amount":350},{"posx":18,"posy":6,"amount":650},{"posx":3,"posy":7,"amount":200},{"posx":15,"posy":7,"amount":50},{"posx":17,"posy":7,"amount":350}],"changedObstacles":[]},{"players":[{"playerId":2238718,"score":0,"energy":24,"posx":5,"posy":7,"lastAction":0,"status":0},{"playerId":2422729,"score":350,"energy":15,"posx":13,"posy":5,"lastAction":4,"status":0},{"playerId":2415753,"score":350,"energy":15,"posx":16,"posy":6,"lastAction":4,"status":0},{"playerId":803122,"score":400,"energy":6,"posx":16,"posy":5,"lastAction":5,"status":0}],"golds":[{"posx":1,"posy":0,"amount":300},{"posx":6,"posy":0,"amount":250},{"posx":19,"posy":1,"amount":450},{"posx":6,"posy":2,"amount":50},{"posx":7,"posy":2,"amount":150},{"posx":18,"posy":2,"amount":600},{"posx":2,"posy":3,"amount":400},{"posx":7,"posy":4,"amount":600},{"posx":17,"posy":4,"amount":600},{"posx":18,"posy":4,"amount":50},{"posx":1,"posy":6,"amount":100},{"posx":5,"posy":6,"amount":400},{"posx":16,"posy":6,"amount":400},{"posx":17,"posy":6,"amount":350},{"posx":18,"posy":6,"amount":650},{"posx":3,"posy":7,"amount":200},{"posx":15,"posy":7,"amount":50},{"posx":17,"posy":7,"amount":350}],"changedObstacles":[{"type":0,"posx":16,"posy":5,"value":-1}]},{"players":[{"playerId":2238718,"score":0,"energy":23,"posx":4,"posy":7,"lastAction":0,"status":0},{"playerId":2422729,"score":350,"energy":31,"posx":13,"posy":5,"lastAction":4,"status":0},{"playerId":2415753,"score":350,"energy":31,"posx":16,"posy":6,"lastAction":4,"status":0},{"playerId":803122,"score":400,"energy":2,"posx":16,"posy":6,"lastAction":3,"status":0}],"golds":[{"posx":1,"posy":0,"amount":300},{"posx":6,"posy":0,"amount":250},{"posx":19,"posy":1,"amount":450},{"posx":6,"posy":2,"amount":50},{"posx":7,"posy":2,"amount":150},{"posx":18,"posy":2,"amount":600},{"posx":2,"posy":3,"amount":400},{"posx":7,"posy":4,"amount":600},{"posx":17,"posy":4,"amount":600},{"posx":18,"posy":4,"amount":50},{"posx":1,"posy":6,"amount":100},{"posx":5,"posy":6,"amount":400},{"posx":16,"posy":6,"amount":400},{"posx":17,"posy":6,"amount":350},{"posx":18,"posy":6,"amount":650},{"posx":3,"posy":7,"amount":200},{"posx":15,"posy":7,"amount":50},{"posx":17,"posy":7,"amount":350}],"changedObstacles":[]},{"players":[{"playerId":2238718,"score":0,"energy":19,"posx":3,"posy":7,"lastAction":0,"status":0},{"playerId":2422729,"score":350,"energy":50,"posx":13,"posy":5,"lastAction":4,"status":0},{"playerId":2415753,"score":350,"energy":50,"posx":16,"posy":6,"lastAction":4,"status":0},{"playerId":803122,"score":400,"energy":14,"posx":16,"posy":6,"lastAction":4,"status":0}],"golds":[{"posx":1,"posy":0,"amount":300},{"posx":6,"posy":0,"amount":250},{"posx":19,"posy":1,"amount":450},{"posx":6,"posy":2,"amount":50},{"posx":7,"posy":2,"amount":150},{"posx":18,"posy":2,"amount":600},{"posx":2,"posy":3,"amount":400},{"posx":7,"posy":4,"amount":600},{"posx":17,"posy":4,"amount":600},{"posx":18,"posy":4,"amount":50},{"posx":1,"posy":6,"amount":100},{"posx":5,"posy":6,"amount":400},{"posx":16,"posy":6,"amount":400},{"posx":17,"posy":6,"amount":350},{"posx":18,"posy":6,"amount":650},{"posx":3,"posy":7,"amount":200},{"posx":15,"posy":7,"amount":50},{"posx":17,"posy":7,"amount":350}],"changedObstacles":[]},{"players":[{"playerId":2238718,"score":50,"energy":14,"posx":3,"posy":7,"lastAction":5,"status":0},{"playerId":2422729,"score":350,"energy":49,"posx":12,"posy":5,"lastAction":0,"status":0},{"playerId":2415753,"score":400,"energy":45,"posx":16,"posy":6,"lastAction":5,"status":0},{"playerId":803122,"score":450,"energy":9,"posx":16,"posy":6,"lastAction":5,"status":0}],"golds":[{"posx":1,"posy":0,"amount":300},{"posx":6,"posy":0,"amount":250},{"posx":19,"posy":1,"amount":450},{"posx":6,"posy":2,"amount":50},{"posx":7,"posy":2,"amount":150},{"posx":18,"posy":2,"amount":600},{"posx":2,"posy":3,"amount":400},{"posx":7,"posy":4,"amount":600},{"posx":17,"posy":4,"amount":600},{"posx":18,"posy":4,"amount":50},{"posx":1,"posy":6,"amount":100},{"posx":5,"posy":6,"amount":400},{"posx":16,"posy":6,"amount":300},{"posx":17,"posy":6,"amount":350},{"posx":18,"posy":6,"amount":650},{"posx":3,"posy":7,"amount":150},{"posx":15,"posy":7,"amount":50},{"posx":17,"posy":7,"amount":350}],"changedObstacles":[]},{"players":[{"playerId":2238718,"score":100,"energy":9,"posx":3,"posy":7,"lastAction":5,"status":0},{"playerId":2422729,"score":350,"energy":48,"posx":12,"posy":4,"lastAction":2,"status":0},{"playerId":2415753,"score":450,"energy":40,"posx":16,"posy":6,"lastAction":5,"status":0},{"playerId":803122,"score":500,"energy":4,"posx":16,"posy":6,"lastAction":5,"status":0}],"golds":[{"posx":1,"posy":0,"amount":300},{"posx":6,"posy":0,"amount":250},{"posx":19,"posy":1,"amount":450},{"posx":6,"posy":2,"amount":50},{"posx":7,"posy":2,"amount":150},{"posx":18,"posy":2,"amount":600},{"posx":2,"posy":3,"amount":400},{"posx":7,"posy":4,"amount":600},{"posx":17,"posy":4,"amount":600},{"posx":18,"posy":4,"amount":50},{"posx":1,"posy":6,"amount":100},{"posx":5,"posy":6,"amount":400},{"posx":16,"posy":6,"amount":200},{"posx":17,"posy":6,"amount":350},{"posx":18,"posy":6,"amount":650},{"posx":3,"posy":7,"amount":100},{"posx":15,"posy":7,"amount":50},{"posx":17,"posy":7,"amount":350}],"changedObstacles":[]},{"players":[{"playerId":2238718,"score":100,"energy":21,"posx":3,"posy":7,"lastAction":4,"status":0},{"playerId":2422729,"score":350,"energy":47,"posx":11,"posy":4,"lastAction":0,"status":0},{"playerId":2415753,"score":500,"energy":35,"posx":16,"posy":6,"lastAction":5,"status":0},{"playerId":803122,"score":500,"energy":16,"posx":16,"posy":6,"lastAction":4,"status":0}],"golds":[{"posx":1,"posy":0,"amount":300},{"posx":6,"posy":0,"amount":250},{"posx":19,"posy":1,"amount":450},{"posx":6,"posy":2,"amount":50},{"posx":7,"posy":2,"amount":150},{"posx":18,"posy":2,"amount":600},{"posx":2,"posy":3,"amount":400},{"posx":7,"posy":4,"amount":600},{"posx":17,"posy":4,"amount":600},{"posx":18,"posy":4,"amount":50},{"posx":1,"posy":6,"amount":100},{"posx":5,"posy":6,"amount":400},{"posx":16,"posy":6,"amount":150},{"posx":17,"posy":6,"amount":350},{"posx":18,"posy":6,"amount":650},{"posx":3,"posy":7,"amount":100},{"posx":15,"posy":7,"amount":50},{"posx":17,"posy":7,"amount":350}],"changedObstacles":[]},{"players":[{"playerId":2238718,"score":150,"energy":16,"posx":3,"posy":7,"lastAction":5,"status":0},{"playerId":2422729,"score":350,"energy":46,"posx":10,"posy":4,"lastAction":0,"status":0},{"playerId":2415753,"score":550,"energy":30,"posx":16,"posy":6,"lastAction":5,"status":0},{"playerId":803122,"score":550,"energy":11,"posx":16,"posy":6,"lastAction":5,"status":0}],"golds":[{"posx":1,"posy":0,"amount":300},{"posx":6,"posy":0,"amount":250},{"posx":19,"posy":1,"amount":450},{"posx":6,"posy":2,"amount":50},{"posx":7,"posy":2,"amount":150},{"posx":18,"posy":2,"amount":600},{"posx":2,"posy":3,"amount":400},{"posx":7,"posy":4,"amount":600},{"posx":17,"posy":4,"amount":600},{"posx":18,"posy":4,"amount":50},{"posx":1,"posy":6,"amount":100},{"posx":5,"posy":6,"amount":400},{"posx":16,"posy":6,"amount":50},{"posx":17,"posy":6,"amount":350},{"posx":18,"posy":6,"amount":650},{"posx":3,"posy":7,"amount":50},{"posx":15,"posy":7,"amount":50},{"posx":17,"posy":7,"amount":350}],"changedObstacles":[]},{"players":[{"playerId":2238718,"score":200,"energy":11,"posx":3,"posy":7,"lastAction":5,"status":0},{"playerId":2422729,"score":350,"energy":45,"posx":9,"posy":4,"lastAction":0,"status":0},{"playerId":2415753,"score":575,"energy":25,"posx":16,"posy":6,"lastAction":5,"status":0},{"playerId":803122,"score":575,"energy":6,"posx":16,"posy":6,"lastAction":5,"status":0}],"golds":[{"posx":1,"posy":0,"amount":300},{"posx":6,"posy":0,"amount":250},{"posx":19,"posy":1,"amount":450},{"posx":6,"posy":2,"amount":50},{"posx":7,"posy":2,"amount":150},{"posx":18,"posy":2,"amount":600},{"posx":2,"posy":3,"amount":400},{"posx":7,"posy":4,"amount":600},{"posx":17,"posy":4,"amount":600},{"posx":18,"posy":4,"amount":50},{"posx":1,"posy":6,"amount":100},{"posx":5,"posy":6,"amount":400},{"posx":17,"posy":6,"amount":350},{"posx":18,"posy":6,"amount":650},{"posx":15,"posy":7,"amount":50},{"posx":17,"posy":7,"amount":350}],"changedObstacles":[{"type":0,"posx":16,"posy":6,"value":-1},{"type":0,"posx":3,"posy":7,"value":-1}]},{"players":[{"playerId":2238718,"score":200,"energy":10,"posx":4,"posy":7,"lastAction":1,"status":0},{"playerId":2422729,"score":350,"energy":44,"posx":8,"posy":4,"lastAction":0,"status":0},{"playerId":2415753,"score":575,"energy":24,"posx":16,"posy":5,"lastAction":2,"status":0},{"playerId":803122,"score":575,"energy":2,"posx":17,"posy":6,"lastAction":1,"status":0}],"golds":[{"posx":1,"posy":0,"amount":300},{"posx":6,"posy":0,"amount":250},{"posx":19,"posy":1,"amount":450},{"posx":6,"posy":2,"amount":50},{"posx":7,"posy":2,"amount":150},{"posx":18,"posy":2,"amount":600},{"posx":2,"posy":3,"amount":400},{"posx":7,"posy":4,"amount":600},{"posx":17,"posy":4,"amount":600},{"posx":18,"posy":4,"amount":50},{"posx":1,"posy":6,"amount":100},{"posx":5,"posy":6,"amount":400},{"posx":17,"posy":6,"amount":350},{"posx":18,"posy":6,"amount":650},{"posx":15,"posy":7,"amount":50},{"posx":17,"posy":7,"amount":350}],"changedObstacles":[]},{"players":[{"playerId":2238718,"score":200,"energy":22,"posx":4,"posy":7,"lastAction":4,"status":0},{"playerId":2422729,"score":350,"energy":43,"posx":8,"posy":3,"lastAction":2,"status":0},{"playerId":2415753,"score":575,"energy":23,"posx":17,"posy":5,"lastAction":1,"status":0},{"playerId":803122,"score":575,"energy":14,"posx":17,"posy":6,"lastAction":4,"status":0}],"golds":[{"posx":1,"posy":0,"amount":300},{"posx":6,"posy":0,"amount":250},{"posx":19,"posy":1,"amount":450},{"posx":6,"posy":2,"amount":50},{"posx":7,"posy":2,"amount":150},{"posx":18,"posy":2,"amount":600},{"posx":2,"posy":3,"amount":400},{"posx":7,"posy":4,"amount":600},{"posx":17,"posy":4,"amount":600},{"posx":18,"posy":4,"amount":50},{"posx":1,"posy":6,"amount":100},{"posx":5,"posy":6,"amount":400},{"posx":17,"posy":6,"amount":350},{"posx":18,"posy":6,"amount":650},{"posx":15,"posy":7,"amount":50},{"posx":17,"posy":7,"amount":350}],"changedObstacles":[]},{"players":[{"playerId":2238718,"score":200,"energy":21,"posx":5,"posy":7,"lastAction":1,"status":0},{"playerId":2422729,"score":350,"energy":33,"posx":7,"posy":3,"lastAction":0,"status":0},{"playerId":2415753,"score":575,"energy":19,"posx":17,"posy":4,"lastAction":2,"status":0},{"playerId":803122,"score":625,"energy":9,"posx":17,"posy":6,"lastAction":5,"status":0}],"golds":[{"posx":1,"posy":0,"amount":300},{"posx":6,"posy":0,"amount":250},{"posx":19,"posy":1,"amount":450},{"posx":6,"posy":2,"amount":50},{"posx":7,"posy":2,"amount":150},{"posx":18,"posy":2,"amount":600},{"posx":2,"posy":3,"amount":400},{"posx":7,"posy":4,"amount":600},{"posx":17,"posy":4,"amount":600},{"posx":18,"posy":4,"amount":50},{"posx":1,"posy":6,"amount":100},{"posx":5,"posy":6,"amount":400},{"posx":17,"posy":6,"amount":300},{"posx":18,"posy":6,"amount":650},{"posx":15,"posy":7,"amount":50},{"posx":17,"posy":7,"amount":350}],"changedObstacles":[]},{"players":[{"playerId":2238718,"score":200,"energy":17,"posx":5,"posy":6,"lastAction":2,"status":0},{"playerId":2422729,"score":350,"energy":32,"posx":6,"posy":3,"lastAction":0,"status":0},{"playerId":2415753,"score":625,"energy":14,"posx":17,"posy":4,"lastAction":5,"status":0},{"playerId":803122,"score":675,"energy":4,"posx":17,"posy":6,"lastAction":5,"status":0}],"golds":[{"posx":1,"posy":0,"amount":300},{"posx":6,"posy":0,"amount":250},{"posx":19,"posy":1,"amount":450},{"posx":6,"posy":2,"amount":50},{"posx":7,"posy":2,"amount":150},{"posx":18,"posy":2,"amount":600},{"posx":2,"posy":3,"amount":400},{"posx":7,"posy":4,"amount":600},{"posx":17,"posy":4,"amount":550},{"posx":18,"posy":4,"amount":50},{"posx":1,"posy":6,"amount":100},{"posx":5,"posy":6,"amount":400},{"posx":17,"posy":6,"amount":250},{"posx":18,"posy":6,"amount":650},{"posx":15,"posy":7,"amount":50},{"posx":17,"posy":7,"amount":350}],"changedObstacles":[]},{"players":[{"playerId":2238718,"score":250,"energy":12,"posx":5,"posy":6,"lastAction":5,"status":0},{"playerId":2422729,"score":350,"energy":31,"posx":5,"posy":3,"lastAction":0,"status":0},{"playerId":2415753,"score":675,"energy":9,"posx":17,"posy":4,"lastAction":5,"status":0},{"playerId":803122,"score":675,"energy":16,"posx":17,"posy":6,"lastAction":4,"status":0}],"golds":[{"posx":1,"posy":0,"amount":300},{"posx":6,"posy":0,"amount":250},{"posx":19,"posy":1,"amount":450},{"posx":6,"posy":2,"amount":50},{"posx":7,"posy":2,"amount":150},{"posx":18,"posy":2,"amount":600},{"posx":2,"posy":3,"amount":400},{"posx":7,"posy":4,"amount":600},{"posx":17,"posy":4,"amount":500},{"posx":18,"posy":4,"amount":50},{"posx":1,"posy":6,"amount":100},{"posx":5,"posy":6,"amount":350},{"posx":17,"posy":6,"amount":250},{"posx":18,"posy":6,"amount":650},{"posx":15,"posy":7,"amount":50},{"posx":17,"posy":7,"amount":350}],"changedObstacles":[]},{"players":[{"playerId":2238718,"score":300,"energy":7,"posx":5,"posy":6,"lastAction":5,"status":0},{"playerId":2422729,"score":350,"energy":30,"posx":6,"posy":3,"lastAction":1,"status":0},{"playerId":2415753,"score":725,"energy":4,"posx":17,"posy":4,"lastAction":5,"status":0},{"playerId":803122,"score":725,"energy":11,"posx":17,"posy":6,"lastAction":5,"status":0}],"golds":[{"posx":1,"posy":0,"amount":300},{"posx":6,"posy":0,"amount":250},{"posx":19,"posy":1,"amount":450},{"posx":6,"posy":2,"amount":50},{"posx":7,"posy":2,"amount":150},{"posx":18,"posy":2,"amount":600},{"posx":2,"posy":3,"amount":400},{"posx":7,"posy":4,"amount":600},{"posx":17,"posy":4,"amount":450},{"posx":18,"posy":4,"amount":50},{"posx":1,"posy":6,"amount":100},{"posx":5,"posy":6,"amount":300},{"posx":17,"posy":6,"amount":200},{"posx":18,"posy":6,"amount":650},{"posx":15,"posy":7,"amount":50},{"posx":17,"posy":7,"amount":350}],"changedObstacles":[]},{"players":[{"playerId":2238718,"score":300,"energy":19,"posx":5,"posy":6,"lastAction":4,"status":0},{"playerId":2422729,"score":350,"energy":29,"posx":5,"posy":3,"lastAction":0,"status":0},{"playerId":2415753,"score":725,"energy":16,"posx":17,"posy":4,"lastAction":4,"status":0},{"playerId":803122,"score":775,"energy":6,"posx":17,"posy":6,"lastAction":5,"status":0}],"golds":[{"posx":1,"posy":0,"amount":300},{"posx":6,"posy":0,"amount":250},{"posx":19,"posy":1,"amount":450},{"posx":6,"posy":2,"amount":50},{"posx":7,"posy":2,"amount":150},{"posx":18,"posy":2,"amount":600},{"posx":2,"posy":3,"amount":400},{"posx":7,"posy":4,"amount":600},{"posx":17,"posy":4,"amount":450},{"posx":18,"posy":4,"amount":50},{"posx":1,"posy":6,"amount":100},{"posx":5,"posy":6,"amount":300},{"posx":17,"posy":6,"amount":150},{"posx":18,"posy":6,"amount":650},{"posx":15,"posy":7,"amount":50},{"posx":17,"posy":7,"amount":350}],"changedObstacles":[]},{"players":[{"playerId":2238718,"score":350,"energy":14,"posx":5,"posy":6,"lastAction":5,"status":0},{"playerId":2422729,"score":350,"energy":28,"posx":6,"posy":3,"lastAction":1,"status":0},{"playerId":2415753,"score":725,"energy":32,"posx":17,"posy":4,"lastAction":4,"status":0},{"playerId":803122,"score":825,"energy":1,"posx":17,"posy":6,"lastAction":5,"status":0}],"golds":[{"posx":1,"posy":0,"amount":300},{"posx":6,"posy":0,"amount":250},{"posx":19,"posy":1,"amount":450},{"posx":6,"posy":2,"amount":50},{"posx":7,"posy":2,"amount":150},{"posx":18,"posy":2,"amount":600},{"posx":2,"posy":3,"amount":400},{"posx":7,"posy":4,"amount":600},{"posx":17,"posy":4,"amount":450},{"posx":18,"posy":4,"amount":50},{"posx":1,"posy":6,"amount":100},{"posx":5,"posy":6,"amount":250},{"posx":17,"posy":6,"amount":100},{"posx":18,"posy":6,"amount":650},{"posx":15,"posy":7,"amount":50},{"posx":17,"posy":7,"amount":350}],"changedObstacles":[]},{"players":[{"playerId":2238718,"score":400,"energy":9,"posx":5,"posy":6,"lastAction":5,"status":0},{"playerId":2422729,"score":350,"energy":27,"posx":5,"posy":3,"lastAction":0,"status":0},{"playerId":2415753,"score":725,"energy":50,"posx":17,"posy":4,"lastAction":4,"status":0},{"playerId":803122,"score":825,"energy":13,"posx":17,"posy":6,"lastAction":4,"status":0}],"golds":[{"posx":1,"posy":0,"amount":300},{"posx":6,"posy":0,"amount":250},{"posx":19,"posy":1,"amount":450},{"posx":6,"posy":2,"amount":50},{"posx":7,"posy":2,"amount":150},{"posx":18,"posy":2,"amount":600},{"posx":2,"posy":3,"amount":400},{"posx":7,"posy":4,"amount":600},{"posx":17,"posy":4,"amount":450},{"posx":18,"posy":4,"amount":50},{"posx":1,"posy":6,"amount":100},{"posx":5,"posy":6,"amount":200},{"posx":17,"posy":6,"amount":100},{"posx":18,"posy":6,"amount":650},{"posx":15,"posy":7,"amount":50},{"posx":17,"posy":7,"amount":350}],"changedObstacles":[]},{"players":[{"playerId":2238718,"score":400,"energy":21,"posx":5,"posy":6,"lastAction":4,"status":0},{"playerId":2422729,"score":350,"energy":22,"posx":5,"posy":2,"lastAction":2,"status":0},{"playerId":2415753,"score":775,"energy":45,"posx":17,"posy":4,"lastAction":5,"status":0},{"playerId":803122,"score":875,"energy":8,"posx":17,"posy":6,"lastAction":5,"status":0}],"golds":[{"posx":1,"posy":0,"amount":300},{"posx":6,"posy":0,"amount":250},{"posx":19,"posy":1,"amount":450},{"posx":6,"posy":2,"amount":50},{"posx":7,"posy":2,"amount":150},{"posx":18,"posy":2,"amount":600},{"posx":2,"posy":3,"amount":400},{"posx":7,"posy":4,"amount":600},{"posx":17,"posy":4,"amount":400},{"posx":18,"posy":4,"amount":50},{"posx":1,"posy":6,"amount":100},{"posx":5,"posy":6,"amount":200},{"posx":17,"posy":6,"amount":50},{"posx":18,"posy":6,"amount":650},{"posx":15,"posy":7,"amount":50},{"posx":17,"posy":7,"amount":350}],"changedObstacles":[{"type":3,"posx":5,"posy":2,"value":-20}]},{"players":[{"playerId":2238718,"score":450,"energy":16,"posx":5,"posy":6,"lastAction":5,"status":0},{"playerId":2422729,"score":350,"energy":18,"posx":6,"posy":2,"lastAction":1,"status":0},{"playerId":2415753,"score":825,"energy":40,"posx":17,"posy":4,"lastAction":5,"status":0},{"playerId":803122,"score":925,"energy":3,"posx":17,"posy":6,"lastAction":5,"status":0}],"golds":[{"posx":1,"posy":0,"amount":300},{"posx":6,"posy":0,"amount":250},{"posx":19,"posy":1,"amount":450},{"posx":6,"posy":2,"amount":50},{"posx":7,"posy":2,"amount":150},{"posx":18,"posy":2,"amount":600},{"posx":2,"posy":3,"amount":400},{"posx":7,"posy":4,"amount":600},{"posx":17,"posy":4,"amount":350},{"posx":18,"posy":4,"amount":50},{"posx":1,"posy":6,"amount":100},{"posx":5,"posy":6,"amount":150},{"posx":18,"posy":6,"amount":650},{"posx":15,"posy":7,"amount":50},{"posx":17,"posy":7,"amount":350}],"changedObstacles":[{"type":0,"posx":17,"posy":6,"value":-1}]},{"players":[{"playerId":2238718,"score":500,"energy":11,"posx":5,"posy":6,"lastAction":5,"status":0},{"playerId":2422729,"score":400,"energy":13,"posx":6,"posy":2,"lastAction":5,"status":0},{"playerId":2415753,"score":875,"energy":35,"posx":17,"posy":4,"lastAction":5,"status":0},{"playerId":803122,"score":925,"energy":15,"posx":17,"posy":6,"lastAction":4,"status":0}],"golds":[{"posx":1,"posy":0,"amount":300},{"posx":6,"posy":0,"amount":250},{"posx":19,"posy":1,"amount":450},{"posx":7,"posy":2,"amount":150},{"posx":18,"posy":2,"amount":600},{"posx":2,"posy":3,"amount":400},{"posx":7,"posy":4,"amount":600},{"posx":17,"posy":4,"amount":300},{"posx":18,"posy":4,"amount":50},{"posx":1,"posy":6,"amount":100},{"posx":5,"posy":6,"amount":100},{"posx":18,"posy":6,"amount":650},{"posx":15,"posy":7,"amount":50},{"posx":17,"posy":7,"amount":350}],"changedObstacles":[{"type":0,"posx":6,"posy":2,"value":-1}]},{"players":[{"playerId":2238718,"score":550,"energy":6,"posx":5,"posy":6,"lastAction":5,"status":0},{"playerId":2422729,"score":400,"energy":12,"posx":6,"posy":1,"lastAction":2,"status":0},{"playerId":2415753,"score":925,"energy":30,"posx":17,"posy":4,"lastAction":5,"status":0},{"playerId":803122,"score":925,"energy":11,"posx":18,"posy":6,"lastAction":1,"status":0}],"golds":[{"posx":1,"posy":0,"amount":300},{"posx":6,"posy":0,"amount":250},{"posx":19,"posy":1,"amount":450},{"posx":7,"posy":2,"amount":150},{"posx":18,"posy":2,"amount":600},{"posx":2,"posy":3,"amount":400},{"posx":7,"posy":4,"amount":600},{"posx":17,"posy":4,"amount":250},{"posx":18,"posy":4,"amount":50},{"posx":1,"posy":6,"amount":100},{"posx":5,"posy":6,"amount":50},{"posx":18,"posy":6,"amount":650},{"posx":15,"posy":7,"amount":50},{"posx":17,"posy":7,"amount":350}],"changedObstacles":[]},{"players":[{"playerId":2238718,"score":550,"energy":18,"posx":5,"posy":6,"lastAction":4,"status":0},{"playerId":2422729,"score":400,"energy":11,"posx":7,"posy":1,"lastAction":1,"status":0},{"playerId":2415753,"score":975,"energy":25,"posx":17,"posy":4,"lastAction":5,"status":0},{"playerId":803122,"score":975,"energy":6,"posx":18,"posy":6,"lastAction":5,"status":0}],"golds":[{"posx":1,"posy":0,"amount":300},{"posx":6,"posy":0,"amount":250},{"posx":19,"posy":1,"amount":450},{"posx":7,"posy":2,"amount":150},{"posx":18,"posy":2,"amount":600},{"posx":2,"posy":3,"amount":400},{"posx":7,"posy":4,"amount":600},{"posx":17,"posy":4,"amount":200},{"posx":18,"posy":4,"amount":50},{"posx":1,"posy":6,"amount":100},{"posx":5,"posy":6,"amount":50},{"posx":18,"posy":6,"amount":600},{"posx":15,"posy":7,"amount":50},{"posx":17,"posy":7,"amount":350}],"changedObstacles":[]},{"players":[{"playerId":2238718,"score":600,"energy":13,"posx":5,"posy":6,"lastAction":5,"status":0},{"playerId":2422729,"score":400,"energy":10,"posx":6,"posy":1,"lastAction":0,"status":0},{"playerId":2415753,"score":1025,"energy":20,"posx":17,"posy":4,"lastAction":5,"status":0},{"playerId":803122,"score":1025,"energy":1,"posx":18,"posy":6,"lastAction":5,"status":0}],"golds":[{"posx":1,"posy":0,"amount":300},{"posx":6,"posy":0,"amount":250},{"posx":19,"posy":1,"amount":450},{"posx":7,"posy":2,"amount":150},{"posx":18,"posy":2,"amount":600},{"posx":2,"posy":3,"amount":400},{"posx":7,"posy":4,"amount":600},{"posx":17,"posy":4,"amount":150},{"posx":18,"posy":4,"amount":50},{"posx":1,"posy":6,"amount":100},{"posx":18,"posy":6,"amount":550},{"posx":15,"posy":7,"amount":50},{"posx":17,"posy":7,"amount":350}],"changedObstacles":[{"type":0,"posx":5,"posy":6,"value":-1}]},{"players":[{"playerId":2238718,"score":600,"energy":12,"posx":5,"posy":7,"lastAction":3,"status":0},{"playerId":2422729,"score":400,"energy":9,"posx":7,"posy":1,"lastAction":1,"status":0},{"playerId":2415753,"score":1075,"energy":15,"posx":17,"posy":4,"lastAction":5,"status":0},{"playerId":803122,"score":1025,"energy":13,"posx":18,"posy":6,"lastAction":4,"status":0}],"golds":[{"posx":1,"posy":0,"amount":300},{"posx":6,"posy":0,"amount":250},{"posx":19,"posy":1,"amount":450},{"posx":7,"posy":2,"amount":150},{"posx":18,"posy":2,"amount":600},{"posx":2,"posy":3,"amount":400},{"posx":7,"posy":4,"amount":600},{"posx":17,"posy":4,"amount":100},{"posx":18,"posy":4,"amount":50},{"posx":1,"posy":6,"amount":100},{"posx":18,"posy":6,"amount":550},{"posx":15,"posy":7,"amount":50},{"posx":17,"posy":7,"amount":350}],"changedObstacles":[]},{"players":[{"playerId":2238718,"score":600,"energy":11,"posx":6,"posy":7,"lastAction":1,"status":0},{"playerId":2422729,"score":400,"energy":8,"posx":6,"posy":1,"lastAction":0,"status":0},{"playerId":2415753,"score":1125,"energy":10,"posx":17,"posy":4,"lastAction":5,"status":0},{"playerId":803122,"score":1075,"energy":8,"posx":18,"posy":6,"lastAction":5,"status":0}],"golds":[{"posx":1,"posy":0,"amount":300},{"posx":6,"posy":0,"amount":250},{"posx":19,"posy":1,"amount":450},{"posx":7,"posy":2,"amount":150},{"posx":18,"posy":2,"amount":600},{"posx":2,"posy":3,"amount":400},{"posx":7,"posy":4,"amount":600},{"posx":17,"posy":4,"amount":50},{"posx":18,"posy":4,"amount":50},{"posx":1,"posy":6,"amount":100},{"posx":18,"posy":6,"amount":500},{"posx":15,"posy":7,"amount":50},{"posx":17,"posy":7,"amount":350}],"changedObstacles":[]},{"players":[{"playerId":2238718,"score":600,"energy":10,"posx":7,"posy":7,"lastAction":1,"status":0},{"playerId":2422729,"score":400,"energy":7,"posx":7,"posy":1,"lastAction":1,"status":0},{"playerId":2415753,"score":1175,"energy":5,"posx":17,"posy":4,"lastAction":5,"status":0},{"playerId":803122,"score":1125,"energy":3,"posx":18,"posy":6,"lastAction":5,"status":0}],"golds":[{"posx":1,"posy":0,"amount":300},{"posx":6,"posy":0,"amount":250},{"posx":19,"posy":1,"amount":450},{"posx":7,"posy":2,"amount":150},{"posx":18,"posy":2,"amount":600},{"posx":2,"posy":3,"amount":400},{"posx":7,"posy":4,"amount":600},{"posx":18,"posy":4,"amount":50},{"posx":1,"posy":6,"amount":100},{"posx":18,"posy":6,"amount":450},{"posx":15,"posy":7,"amount":50},{"posx":17,"posy":7,"amount":350}],"changedObstacles":[{"type":0,"posx":17,"posy":4,"value":-1}]},{"players":[{"playerId":2238718,"score":600,"energy":22,"posx":7,"posy":7,"lastAction":4,"status":0},{"playerId":2422729,"score":400,"energy":6,"posx":6,"posy":1,"lastAction":0,"status":0},{"playerId":2415753,"score":1175,"energy":1,"posx":18,"posy":4,"lastAction":1,"status":0},{"playerId":803122,"score":1125,"energy":15,"posx":18,"posy":6,"lastAction":4,"status":0}],"golds":[{"posx":1,"posy":0,"amount":300},{"posx":6,"posy":0,"amount":250},{"posx":19,"posy":1,"amount":450},{"posx":7,"posy":2,"amount":150},{"posx":18,"posy":2,"amount":600},{"posx":2,"posy":3,"amount":400},{"posx":7,"posy":4,"amount":600},{"posx":18,"posy":4,"amount":50},{"posx":1,"posy":6,"amount":100},{"posx":18,"posy":6,"amount":450},{"posx":15,"posy":7,"amount":50},{"posx":17,"posy":7,"amount":350}],"changedObstacles":[]},{"players":[{"playerId":2238718,"score":600,"energy":21,"posx":8,"posy":7,"lastAction":1,"status":0},{"playerId":2422729,"score":400,"energy":5,"posx":7,"posy":1,"lastAction":1,"status":0},{"playerId":2415753,"score":1175,"energy":13,"posx":18,"posy":4,"lastAction":4,"status":0},{"playerId":803122,"score":1175,"energy":10,"posx":18,"posy":6,"lastAction":5,"status":0}],"golds":[{"posx":1,"posy":0,"amount":300},{"posx":6,"posy":0,"amount":250},{"posx":19,"posy":1,"amount":450},{"posx":7,"posy":2,"amount":150},{"posx":18,"posy":2,"amount":600},{"posx":2,"posy":3,"amount":400},{"posx":7,"posy":4,"amount":600},{"posx":18,"posy":4,"amount":50},{"posx":1,"posy":6,"amount":100},{"posx":18,"posy":6,"amount":400},{"posx":15,"posy":7,"amount":50},{"posx":17,"posy":7,"amount":350}],"changedObstacles":[]},{"players":[{"playerId":2238718,"score":600,"energy":20,"posx":8,"posy":6,"lastAction":2,"status":0},{"playerId":2422729,"score":400,"energy":4,"posx":6,"posy":1,"lastAction":0,"status":0},{"playerId":2415753,"score":1175,"energy":29,"posx":18,"posy":4,"lastAction":4,"status":0},{"playerId":803122,"score":1225,"energy":5,"posx":18,"posy":6,"lastAction":5,"status":0}],"golds":[{"posx":1,"posy":0,"amount":300},{"posx":6,"posy":0,"amount":250},{"posx":19,"posy":1,"amount":450},{"posx":7,"posy":2,"amount":150},{"posx":18,"posy":2,"amount":600},{"posx":2,"posy":3,"amount":400},{"posx":7,"posy":4,"amount":600},{"posx":18,"posy":4,"amount":50},{"posx":1,"posy":6,"amount":100},{"posx":18,"posy":6,"amount":350},{"posx":15,"posy":7,"amount":50},{"posx":17,"posy":7,"amount":350}],"changedObstacles":[]},{"players":[{"playerId":2238718,"score":600,"energy":19,"posx":8,"posy":5,"lastAction":2,"status":0},{"playerId":2422729,"score":400,"energy":3,"posx":7,"posy":1,"lastAction":1,"status":0},{"playerId":2415753,"score":1175,"energy":50,"posx":18,"posy":4,"lastAction":4,"status":0},{"playerId":803122,"score":1225,"energy":17,"posx":18,"posy":6,"lastAction":4,"status":0}],"golds":[{"posx":1,"posy":0,"amount":300},{"posx":6,"posy":0,"amount":250},{"posx":19,"posy":1,"amount":450},{"posx":7,"posy":2,"amount":150},{"posx":18,"posy":2,"amount":600},{"posx":2,"posy":3,"amount":400},{"posx":7,"posy":4,"amount":600},{"posx":18,"posy":4,"amount":50},{"posx":1,"posy":6,"amount":100},{"posx":18,"posy":6,"amount":350},{"posx":15,"posy":7,"amount":50},{"posx":17,"posy":7,"amount":350}],"changedObstacles":[]},{"players":[{"playerId":2238718,"score":600,"energy":18,"posx":7,"posy":5,"lastAction":0,"status":0},{"playerId":2422729,"score":400,"energy":2,"posx":6,"posy":1,"lastAction":0,"status":0},{"playerId":2415753,"score":1225,"energy":45,"posx":18,"posy":4,"lastAction":5,"status":0},{"playerId":803122,"score":1275,"energy":12,"posx":18,"posy":6,"lastAction":5,"status":0}],"golds":[{"posx":1,"posy":0,"amount":300},{"posx":6,"posy":0,"amount":250},{"posx":19,"posy":1,"amount":450},{"posx":7,"posy":2,"amount":150},{"posx":18,"posy":2,"amount":600},{"posx":2,"posy":3,"amount":400},{"posx":7,"posy":4,"amount":600},{"posx":1,"posy":6,"amount":100},{"posx":18,"posy":6,"amount":300},{"posx":15,"posy":7,"amount":50},{"posx":17,"posy":7,"amount":350}],"changedObstacles":[{"type":0,"posx":18,"posy":4,"value":-1}]},{"players":[{"playerId":2238718,"score":600,"energy":14,"posx":7,"posy":4,"lastAction":2,"status":0},{"playerId":2422729,"score":400,"energy":1,"posx":7,"posy":1,"lastAction":1,"status":0},{"playerId":2415753,"score":1225,"energy":40,"posx":18,"posy":3,"lastAction":2,"status":0},{"playerId":803122,"score":1325,"energy":7,"posx":18,"posy":6,"lastAction":5,"status":0}],"golds":[{"posx":1,"posy":0,"amount":300},{"posx":6,"posy":0,"amount":250},{"posx":19,"posy":1,"amount":450},{"posx":7,"posy":2,"amount":150},{"posx":18,"posy":2,"amount":600},{"posx":2,"posy":3,"amount":400},{"posx":7,"posy":4,"amount":600},{"posx":1,"posy":6,"amount":100},{"posx":18,"posy":6,"amount":250},{"posx":15,"posy":7,"amount":50},{"posx":17,"posy":7,"amount":350}],"changedObstacles":[{"type":3,"posx":18,"posy":3,"value":-20}]},{"players":[{"playerId":2238718,"score":650,"energy":9,"posx":7,"posy":4,"lastAction":5,"status":0},{"playerId":2422729,"score":400,"energy":13,"posx":7,"posy":1,"lastAction":4,"status":0},{"playerId":2415753,"score":1225,"energy":36,"posx":18,"posy":2,"lastAction":2,"status":0},{"playerId":803122,"score":1375,"energy":2,"posx":18,"posy":6,"lastAction":5,"status":0}],"golds":[{"posx":1,"posy":0,"amount":300},{"posx":6,"posy":0,"amount":250},{"posx":19,"posy":1,"amount":450},{"posx":7,"posy":2,"amount":150},{"posx":18,"posy":2,"amount":600},{"posx":2,"posy":3,"amount":400},{"posx":7,"posy":4,"amount":550},{"posx":1,"posy":6,"amount":100},{"posx":18,"posy":6,"amount":200},{"posx":15,"posy":7,"amount":50},{"posx":17,"posy":7,"amount":350}],"changedObstacles":[]},{"players":[{"playerId":2238718,"score":650,"energy":21,"posx":7,"posy":4,"lastAction":4,"status":0},{"playerId":2422729,"score":400,"energy":29,"posx":7,"posy":1,"lastAction":4,"status":0},{"playerId":2415753,"score":1275,"energy":31,"posx":18,"posy":2,"lastAction":5,"status":0},{"playerId":803122,"score":1375,"energy":14,"posx":18,"posy":6,"lastAction":4,"status":0}],"golds":[{"posx":1,"posy":0,"amount":300},{"posx":6,"posy":0,"amount":250},{"posx":19,"posy":1,"amount":450},{"posx":7,"posy":2,"amount":150},{"posx":18,"posy":2,"amount":550},{"posx":2,"posy":3,"amount":400},{"posx":7,"posy":4,"amount":550},{"posx":1,"posy":6,"amount":100},{"posx":18,"posy":6,"amount":200},{"posx":15,"posy":7,"amount":50},{"posx":17,"posy":7,"amount":350}],"changedObstacles":[]},{"players":[{"playerId":2238718,"score":700,"energy":16,"posx":7,"posy":4,"lastAction":5,"status":0},{"playerId":2422729,"score":400,"energy":50,"posx":7,"posy":1,"lastAction":4,"status":0},{"playerId":2415753,"score":1325,"energy":26,"posx":18,"posy":2,"lastAction":5,"status":0},{"playerId":803122,"score":1425,"energy":9,"posx":18,"posy":6,"lastAction":5,"status":0}],"golds":[{"posx":1,"posy":0,"amount":300},{"posx":6,"posy":0,"amount":250},{"posx":19,"posy":1,"amount":450},{"posx":7,"posy":2,"amount":150},{"posx":18,"posy":2,"amount":500},{"posx":2,"posy":3,"amount":400},{"posx":7,"posy":4,"amount":500},{"posx":1,"posy":6,"amount":100},{"posx":18,"posy":6,"amount":150},{"posx":15,"posy":7,"amount":50},{"posx":17,"posy":7,"amount":350}],"changedObstacles":[]},{"players":[{"playerId":2238718,"score":750,"energy":11,"posx":7,"posy":4,"lastAction":5,"status":0},{"playerId":2422729,"score":400,"energy":49,"posx":6,"posy":1,"lastAction":0,"status":0},{"playerId":2415753,"score":1375,"energy":21,"posx":18,"posy":2,"lastAction":5,"status":0},{"playerId":803122,"score":1475,"energy":4,"posx":18,"posy":6,"lastAction":5,"status":0}],"golds":[{"posx":1,"posy":0,"amount":300},{"posx":6,"posy":0,"amount":250},{"posx":19,"posy":1,"amount":450},{"posx":7,"posy":2,"amount":150},{"posx":18,"posy":2,"amount":450},{"posx":2,"posy":3,"amount":400},{"posx":7,"posy":4,"amount":450},{"posx":1,"posy":6,"amount":100},{"posx":18,"posy":6,"amount":100},{"posx":15,"posy":7,"amount":50},{"posx":17,"posy":7,"amount":350}],"changedObstacles":[]},{"players":[{"playerId":2238718,"score":800,"energy":6,"posx":7,"posy":4,"lastAction":5,"status":0},{"playerId":2422729,"score":400,"energy":48,"posx":7,"posy":1,"lastAction":1,"status":0},{"playerId":2415753,"score":1425,"energy":16,"posx":18,"posy":2,"lastAction":5,"status":0},{"playerId":803122,"score":1475,"energy":16,"posx":18,"posy":6,"lastAction":4,"status":0}],"golds":[{"posx":1,"posy":0,"amount":300},{"posx":6,"posy":0,"amount":250},{"posx":19,"posy":1,"amount":450},{"posx":7,"posy":2,"amount":150},{"posx":18,"posy":2,"amount":400},{"posx":2,"posy":3,"amount":400},{"posx":7,"posy":4,"amount":400},{"posx":1,"posy":6,"amount":100},{"posx":18,"posy":6,"amount":100},{"posx":15,"posy":7,"amount":50},{"posx":17,"posy":7,"amount":350}],"changedObstacles":[]},{"players":[{"playerId":2238718,"score":800,"energy":18,"posx":7,"posy":4,"lastAction":4,"status":0},{"playerId":2422729,"score":400,"energy":47,"posx":6,"posy":1,"lastAction":0,"status":0},{"playerId":2415753,"score":1475,"energy":11,"posx":18,"posy":2,"lastAction":5,"status":0},{"playerId":803122,"score":1525,"energy":11,"posx":18,"posy":6,"lastAction":5,"status":0}],"golds":[{"posx":1,"posy":0,"amount":300},{"posx":6,"posy":0,"amount":250},{"posx":19,"posy":1,"amount":450},{"posx":7,"posy":2,"amount":150},{"posx":18,"posy":2,"amount":350},{"posx":2,"posy":3,"amount":400},{"posx":7,"posy":4,"amount":400},{"posx":1,"posy":6,"amount":100},{"posx":18,"posy":6,"amount":50},{"posx":15,"posy":7,"amount":50},{"posx":17,"posy":7,"amount":350}],"changedObstacles":[]},{"players":[{"playerId":2238718,"score":850,"energy":13,"posx":7,"posy":4,"lastAction":5,"status":0},{"playerId":2422729,"score":400,"energy":46,"posx":6,"posy":2,"lastAction":3,"status":0},{"playerId":2415753,"score":1525,"energy":6,"posx":18,"posy":2,"lastAction":5,"status":0},{"playerId":803122,"score":1575,"energy":6,"posx":18,"posy":6,"lastAction":5,"status":0}],"golds":[{"posx":1,"posy":0,"amount":300},{"posx":6,"posy":0,"amount":250},{"posx":19,"posy":1,"amount":450},{"posx":7,"posy":2,"amount":150},{"posx":18,"posy":2,"amount":300},{"posx":2,"posy":3,"amount":400},{"posx":7,"posy":4,"amount":350},{"posx":1,"posy":6,"amount":100},{"posx":15,"posy":7,"amount":50},{"posx":17,"posy":7,"amount":350}],"changedObstacles":[{"type":0,"posx":18,"posy":6,"value":-1}]},{"players":[{"playerId":2238718,"score":900,"energy":8,"posx":7,"posy":4,"lastAction":5,"status":0},{"playerId":2422729,"score":400,"energy":45,"posx":6,"posy":3,"lastAction":3,"status":0},{"playerId":2415753,"score":1575,"energy":1,"posx":18,"posy":2,"lastAction":5,"status":0},{"playerId":803122,"score":1575,"energy":1,"posx":18,"posy":7,"lastAction":3,"status":0}],"golds":[{"posx":1,"posy":0,"amount":300},{"posx":6,"posy":0,"amount":250},{"posx":19,"posy":1,"amount":450},{"posx":7,"posy":2,"amount":150},{"posx":18,"posy":2,"amount":250},{"posx":2,"posy":3,"amount":400},{"posx":7,"posy":4,"amount":300},{"posx":1,"posy":6,"amount":100},{"posx":15,"posy":7,"amount":50},{"posx":17,"posy":7,"amount":350}],"changedObstacles":[{"type":3,"posx":18,"posy":7,"value":-20}]},{"players":[{"playerId":2238718,"score":900,"energy":20,"posx":7,"posy":4,"lastAction":4,"status":0},{"playerId":2422729,"score":400,"energy":44,"posx":5,"posy":3,"lastAction":0,"status":0},{"playerId":2415753,"score":1575,"energy":13,"posx":18,"posy":2,"lastAction":4,"status":0},{"playerId":803122,"score":1575,"energy":13,"posx":18,"posy":7,"lastAction":4,"status":0}],"golds":[{"posx":1,"posy":0,"amount":300},{"posx":6,"posy":0,"amount":250},{"posx":19,"posy":1,"amount":450},{"posx":7,"posy":2,"amount":150},{"posx":18,"posy":2,"amount":250},{"posx":2,"posy":3,"amount":400},{"posx":7,"posy":4,"amount":300},{"posx":1,"posy":6,"amount":100},{"posx":15,"posy":7,"amount":50},{"posx":17,"posy":7,"amount":350}],"changedObstacles":[]},{"players":[{"playerId":2238718,"score":950,"energy":15,"posx":7,"posy":4,"lastAction":5,"status":0},{"playerId":2422729,"score":400,"energy":43,"posx":6,"posy":3,"lastAction":1,"status":0},{"playerId":2415753,"score":1575,"energy":29,"posx":18,"posy":2,"lastAction":4,"status":0},{"playerId":803122,"score":1575,"energy":9,"posx":17,"posy":7,"lastAction":0,"status":0}],"golds":[{"posx":1,"posy":0,"amount":300},{"posx":6,"posy":0,"amount":250},{"posx":19,"posy":1,"amount":450},{"posx":7,"posy":2,"amount":150},{"posx":18,"posy":2,"amount":250},{"posx":2,"posy":3,"amount":400},{"posx":7,"posy":4,"amount":250},{"posx":1,"posy":6,"amount":100},{"posx":15,"posy":7,"amount":50},{"posx":17,"posy":7,"amount":350}],"changedObstacles":[]},{"players":[{"playerId":2238718,"score":1000,"energy":10,"posx":7,"posy":4,"lastAction":5,"status":0},{"playerId":2422729,"score":400,"energy":42,"posx":5,"posy":3,"lastAction":0,"status":0},{"playerId":2415753,"score":1575,"energy":50,"posx":18,"posy":2,"lastAction":4,"status":0},{"playerId":803122,"score":1625,"energy":4,"posx":17,"posy":7,"lastAction":5,"status":0}],"golds":[{"posx":1,"posy":0,"amount":300},{"posx":6,"posy":0,"amount":250},{"posx":19,"posy":1,"amount":450},{"posx":7,"posy":2,"amount":150},{"posx":18,"posy":2,"amount":250},{"posx":2,"posy":3,"amount":400},{"posx":7,"posy":4,"amount":200},{"posx":1,"posy":6,"amount":100},{"posx":15,"posy":7,"amount":50},{"posx":17,"posy":7,"amount":300}],"changedObstacles":[]},{"players":[{"playerId":2238718,"score":1000,"energy":22,"posx":7,"posy":4,"lastAction":4,"status":0},{"playerId":2422729,"score":400,"energy":32,"posx":4,"posy":3,"lastAction":0,"status":0},{"playerId":2415753,"score":1625,"energy":45,"posx":18,"posy":2,"lastAction":5,"status":0},{"playerId":803122,"score":1625,"energy":16,"posx":17,"posy":7,"lastAction":4,"status":0}],"golds":[{"posx":1,"posy":0,"amount":300},{"posx":6,"posy":0,"amount":250},{"posx":19,"posy":1,"amount":450},{"posx":7,"posy":2,"amount":150},{"posx":18,"posy":2,"amount":200},{"posx":2,"posy":3,"amount":400},{"posx":7,"posy":4,"amount":200},{"posx":1,"posy":6,"amount":100},{"posx":15,"posy":7,"amount":50},{"posx":17,"posy":7,"amount":300}],"changedObstacles":[{"type":0,"posx":4,"posy":3,"value":-1}]},{"players":[{"playerId":2238718,"score":1050,"energy":17,"posx":7,"posy":4,"lastAction":5,"status":0},{"playerId":2422729,"score":400,"energy":31,"posx":3,"posy":3,"lastAction":0,"status":0},{"playerId":2415753,"score":1675,"energy":40,"posx":18,"posy":2,"lastAction":5,"status":0},{"playerId":803122,"score":1675,"energy":11,"posx":17,"posy":7,"lastAction":5,"status":0}],"golds":[{"posx":1,"posy":0,"amount":300},{"posx":6,"posy":0,"amount":250},{"posx":19,"posy":1,"amount":450},{"posx":7,"posy":2,"amount":150},{"posx":18,"posy":2,"amount":150},{"posx":2,"posy":3,"amount":400},{"posx":7,"posy":4,"amount":150},{"posx":1,"posy":6,"amount":100},{"posx":15,"posy":7,"amount":50},{"posx":17,"posy":7,"amount":250}],"changedObstacles":[]},{"players":[{"playerId":2238718,"score":1100,"energy":12,"posx":7,"posy":4,"lastAction":5,"status":0},{"playerId":2422729,"score":400,"energy":27,"posx":2,"posy":3,"lastAction":0,"status":0},{"playerId":2415753,"score":1725,"energy":35,"posx":18,"posy":2,"lastAction":5,"status":0},{"playerId":803122,"score":1725,"energy":6,"posx":17,"posy":7,"lastAction":5,"status":0}],"golds":[{"posx":1,"posy":0,"amount":300},{"posx":6,"posy":0,"amount":250},{"posx":19,"posy":1,"amount":450},{"posx":7,"posy":2,"amount":150},{"posx":18,"posy":2,"amount":100},{"posx":2,"posy":3,"amount":400},{"posx":7,"posy":4,"amount":100},{"posx":1,"posy":6,"amount":100},{"posx":15,"posy":7,"amount":50},{"posx":17,"posy":7,"amount":200}],"changedObstacles":[]},{"players":[{"playerId":2238718,"score":1150,"energy":7,"posx":7,"posy":4,"lastAction":5,"status":0},{"playerId":2422729,"score":450,"energy":22,"posx":2,"posy":3,"lastAction":5,"status":0},{"playerId":2415753,"score":1775,"energy":30,"posx":18,"posy":2,"lastAction":5,"status":0},{"playerId":803122,"score":1775,"energy":1,"posx":17,"posy":7,"lastAction":5,"status":0}],"golds":[{"posx":1,"posy":0,"amount":300},{"posx":6,"posy":0,"amount":250},{"posx":19,"posy":1,"amount":450},{"posx":7,"posy":2,"amount":150},{"posx":18,"posy":2,"amount":50},{"posx":2,"posy":3,"amount":350},{"posx":7,"posy":4,"amount":50},{"posx":1,"posy":6,"amount":100},{"posx":15,"posy":7,"amount":50},{"posx":17,"posy":7,"amount":150}],"changedObstacles":[]},{"players":[{"playerId":2238718,"score":1150,"energy":19,"posx":7,"posy":4,"lastAction":4,"status":0},{"playerId":2422729,"score":500,"energy":17,"posx":2,"posy":3,"lastAction":5,"status":0},{"playerId":2415753,"score":1825,"energy":25,"posx":18,"posy":2,"lastAction":5,"status":0},{"playerId":803122,"score":1775,"energy":13,"posx":17,"posy":7,"lastAction":4,"status":0}],"golds":[{"posx":1,"posy":0,"amount":300},{"posx":6,"posy":0,"amount":250},{"posx":19,"posy":1,"amount":450},{"posx":7,"posy":2,"amount":150},{"posx":2,"posy":3,"amount":300},{"posx":7,"posy":4,"amount":50},{"posx":1,"posy":6,"amount":100},{"posx":15,"posy":7,"amount":50},{"posx":17,"posy":7,"amount":150}],"changedObstacles":[{"type":0,"posx":18,"posy":2,"value":-1}]},{"players":[{"playerId":2238718,"score":1200,"energy":14,"posx":7,"posy":4,"lastAction":5,"status":0},{"playerId":2422729,"score":550,"energy":12,"posx":2,"posy":3,"lastAction":5,"status":0},{"playerId":2415753,"score":1825,"energy":24,"posx":18,"posy":1,"lastAction":2,"status":0},{"playerId":803122,"score":1825,"energy":8,"posx":17,"posy":7,"lastAction":5,"status":0}],"golds":[{"posx":1,"posy":0,"amount":300},{"posx":6,"posy":0,"amount":250},{"posx":19,"posy":1,"amount":450},{"posx":7,"posy":2,"amount":150},{"posx":2,"posy":3,"amount":250},{"posx":1,"posy":6,"amount":100},{"posx":15,"posy":7,"amount":50},{"posx":17,"posy":7,"amount":100}],"changedObstacles":[{"type":0,"posx":7,"posy":4,"value":-1}]},{"players":[{"playerId":2238718,"score":1200,"energy":13,"posx":8,"posy":4,"lastAction":1,"status":0},{"playerId":2422729,"score":600,"energy":7,"posx":2,"posy":3,"lastAction":5,"status":0},{"playerId":2415753,"score":1825,"energy":20,"posx":19,"posy":1,"lastAction":1,"status":0},{"playerId":803122,"score":1875,"energy":3,"posx":17,"posy":7,"lastAction":5,"status":0}],"golds":[{"posx":1,"posy":0,"amount":300},{"posx":6,"posy":0,"amount":250},{"posx":19,"posy":1,"amount":450},{"posx":7,"posy":2,"amount":150},{"posx":2,"posy":3,"amount":200},{"posx":1,"posy":6,"amount":100},{"posx":15,"posy":7,"amount":50},{"posx":17,"posy":7,"amount":50}],"changedObstacles":[]},{"players":[{"playerId":2238718,"score":1200,"energy":12,"posx":8,"posy":3,"lastAction":2,"status":0},{"playerId":2422729,"score":650,"energy":2,"posx":2,"posy":3,"lastAction":5,"status":0},{"playerId":2415753,"score":1875,"energy":15,"posx":19,"posy":1,"lastAction":5,"status":0},{"playerId":803122,"score":1875,"energy":15,"posx":17,"posy":7,"lastAction":4,"status":0}],"golds":[{"posx":1,"posy":0,"amount":300},{"posx":6,"posy":0,"amount":250},{"posx":19,"posy":1,"amount":400},{"posx":7,"posy":2,"amount":150},{"posx":2,"posy":3,"amount":150},{"posx":1,"posy":6,"amount":100},{"posx":15,"posy":7,"amount":50},{"posx":17,"posy":7,"amount":50}],"changedObstacles":[]},{"players":[{"playerId":2238718,"score":1200,"energy":11,"posx":8,"posy":2,"lastAction":2,"status":0},{"playerId":2422729,"score":650,"energy":14,"posx":2,"posy":3,"lastAction":4,"status":0},{"playerId":2415753,"score":1925,"energy":10,"posx":19,"posy":1,"lastAction":5,"status":0},{"playerId":803122,"score":1925,"energy":10,"posx":17,"posy":7,"lastAction":5,"status":0}],"golds":[{"posx":1,"posy":0,"amount":300},{"posx":6,"posy":0,"amount":250},{"posx":19,"posy":1,"amount":350},{"posx":7,"posy":2,"amount":150},{"posx":2,"posy":3,"amount":150},{"posx":1,"posy":6,"amount":100},{"posx":15,"posy":7,"amount":50}],"changedObstacles":[{"type":0,"posx":17,"posy":7,"value":-1}]},{"players":[{"playerId":2238718,"score":1200,"energy":7,"posx":7,"posy":2,"lastAction":0,"status":0},{"playerId":2422729,"score":650,"energy":30,"posx":2,"posy":3,"lastAction":4,"status":0},{"playerId":2415753,"score":1975,"energy":5,"posx":19,"posy":1,"lastAction":5,"status":0},{"playerId":803122,"score":1925,"energy":5,"posx":16,"posy":7,"lastAction":0,"status":0}],"golds":[{"posx":1,"posy":0,"amount":300},{"posx":6,"posy":0,"amount":250},{"posx":19,"posy":1,"amount":300},{"posx":7,"posy":2,"amount":150},{"posx":2,"posy":3,"amount":150},{"posx":1,"posy":6,"amount":100},{"posx":15,"posy":7,"amount":50}],"changedObstacles":[{"type":3,"posx":16,"posy":7,"value":-20}]},{"players":[{"playerId":2238718,"score":1200,"energy":19,"posx":7,"posy":2,"lastAction":4,"status":0},{"playerId":2422729,"score":650,"energy":50,"posx":2,"posy":3,"lastAction":4,"status":0},{"playerId":2415753,"score":1975,"energy":17,"posx":19,"posy":1,"lastAction":4,"status":0},{"playerId":803122,"score":1925,"energy":1,"posx":15,"posy":7,"lastAction":0,"status":0}],"golds":[{"posx":1,"posy":0,"amount":300},{"posx":6,"posy":0,"amount":250},{"posx":19,"posy":1,"amount":300},{"posx":7,"posy":2,"amount":150},{"posx":2,"posy":3,"amount":150},{"posx":1,"posy":6,"amount":100},{"posx":15,"posy":7,"amount":50}],"changedObstacles":[]},{"players":[{"playerId":2238718,"score":1250,"energy":14,"posx":7,"posy":2,"lastAction":5,"status":0},{"playerId":2422729,"score":700,"energy":45,"posx":2,"posy":3,"lastAction":5,"status":0},{"playerId":2415753,"score":1975,"energy":33,"posx":19,"posy":1,"lastAction":4,"status":0},{"playerId":803122,"score":1925,"energy":13,"posx":15,"posy":7,"lastAction":4,"status":0}],"golds":[{"posx":1,"posy":0,"amount":300},{"posx":6,"posy":0,"amount":250},{"posx":19,"posy":1,"amount":300},{"posx":7,"posy":2,"amount":100},{"posx":2,"posy":3,"amount":100},{"posx":1,"posy":6,"amount":100},{"posx":15,"posy":7,"amount":50}],"changedObstacles":[]},{"players":[{"playerId":2238718,"score":1300,"energy":9,"posx":7,"posy":2,"lastAction":5,"status":0},{"playerId":2422729,"score":750,"energy":40,"posx":2,"posy":3,"lastAction":5,"status":0},{"playerId":2415753,"score":1975,"energy":50,"posx":19,"posy":1,"lastAction":4,"status":0},{"playerId":803122,"score":1975,"energy":8,"posx":15,"posy":7,"lastAction":5,"status":0}],"golds":[{"posx":1,"posy":0,"amount":300},{"posx":6,"posy":0,"amount":250},{"posx":19,"posy":1,"amount":300},{"posx":7,"posy":2,"amount":50},{"posx":2,"posy":3,"amount":50},{"posx":1,"posy":6,"amount":100}],"changedObstacles":[{"type":0,"posx":15,"posy":7,"value":-1}]},{"players":[{"playerId":2238718,"score":1300,"energy":21,"posx":7,"posy":2,"lastAction":4,"status":0},{"playerId":2422729,"score":800,"energy":35,"posx":2,"posy":3,"lastAction":5,"status":0},{"playerId":2415753,"score":2025,"energy":45,"posx":19,"posy":1,"lastAction":5,"status":0},{"playerId":803122,"score":1975,"energy":20,"posx":15,"posy":7,"lastAction":4,"status":0}],"golds":[{"posx":1,"posy":0,"amount":300},{"posx":6,"posy":0,"amount":250},{"posx":19,"posy":1,"amount":250},{"posx":7,"posy":2,"amount":50},{"posx":1,"posy":6,"amount":100}],"changedObstacles":[{"type":0,"posx":2,"posy":3,"value":-1}]},{"players":[{"playerId":2238718,"score":1350,"energy":16,"posx":7,"posy":2,"lastAction":5,"status":0},{"playerId":2422729,"score":800,"energy":34,"posx":2,"posy":2,"lastAction":2,"status":0},{"playerId":2415753,"score":2075,"energy":40,"posx":19,"posy":1,"lastAction":5,"status":0},{"playerId":803122,"score":1975,"energy":36,"posx":15,"posy":7,"lastAction":4,"status":0}],"golds":[{"posx":1,"posy":0,"amount":300},{"posx":6,"posy":0,"amount":250},{"posx":19,"posy":1,"amount":200},{"posx":1,"posy":6,"amount":100}],"changedObstacles":[{"type":0,"posx":7,"posy":2,"value":-1}]},{"players":[{"playerId":2238718,"score":1350,"energy":15,"posx":6,"posy":2,"lastAction":0,"status":0},{"playerId":2422729,"score":800,"energy":33,"posx":2,"posy":1,"lastAction":2,"status":0},{"playerId":2415753,"score":2125,"energy":35,"posx":19,"posy":1,"lastAction":5,"status":0},{"playerId":803122,"score":1975,"energy":16,"posx":16,"posy":7,"lastAction":1,"status":0}],"golds":[{"posx":1,"posy":0,"amount":300},{"posx":6,"posy":0,"amount":250},{"posx":19,"posy":1,"amount":150},{"posx":1,"posy":6,"amount":100}],"changedObstacles":[{"type":3,"posx":16,"posy":7,"value":-40}]},{"players":[{"playerId":2238718,"score":1350,"energy":14,"posx":6,"posy":3,"lastAction":3,"status":0},{"playerId":2422729,"score":800,"energy":32,"posx":2,"posy":0,"lastAction":2,"status":0},{"playerId":2415753,"score":2175,"energy":30,"posx":19,"posy":1,"lastAction":5,"status":0},{"playerId":803122,"score":1975,"energy":15,"posx":16,"posy":6,"lastAction":2,"status":0}],"golds":[{"posx":1,"posy":0,"amount":300},{"posx":6,"posy":0,"amount":250},{"posx":19,"posy":1,"amount":100},{"posx":1,"posy":6,"amount":100}],"changedObstacles":[]},{"players":[{"playerId":2238718,"score":1350,"energy":13,"posx":5,"posy":3,"lastAction":0,"status":0},{"playerId":2422729,"score":800,"energy":28,"posx":1,"posy":0,"lastAction":0,"status":0},{"playerId":2415753,"score":2225,"energy":25,"posx":19,"posy":1,"lastAction":5,"status":0},{"playerId":803122,"score":1975,"energy":14,"posx":16,"posy":5,"lastAction":2,"status":0}],"golds":[{"posx":1,"posy":0,"amount":300},{"posx":6,"posy":0,"amount":250},{"posx":19,"posy":1,"amount":50},{"posx":1,"posy":6,"amount":100}],"changedObstacles":[]},{"players":[{"playerId":2238718,"score":1350,"energy":12,"posx":4,"posy":3,"lastAction":0,"status":0},{"playerId":2422729,"score":850,"energy":23,"posx":1,"posy":0,"lastAction":5,"status":0},{"playerId":2415753,"score":2275,"energy":20,"posx":19,"posy":1,"lastAction":5,"status":0},{"playerId":803122,"score":1975,"energy":26,"posx":16,"posy":5,"lastAction":4,"status":0}],"golds":[{"posx":1,"posy":0,"amount":250},{"posx":6,"posy":0,"amount":250},{"posx":1,"posy":6,"amount":100}],"changedObstacles":[{"type":0,"posx":19,"posy":1,"value":-1}]},{"players":[{"playerId":2238718,"score":1350,"energy":11,"posx":3,"posy":3,"lastAction":0,"status":0},{"playerId":2422729,"score":900,"energy":18,"posx":1,"posy":0,"lastAction":5,"status":0},{"playerId":2415753,"score":2275,"energy":19,"posx":18,"posy":1,"lastAction":0,"status":0},{"playerId":803122,"score":1975,"energy":25,"posx":15,"posy":5,"lastAction":0,"status":0}],"golds":[{"posx":1,"posy":0,"amount":200},{"posx":6,"posy":0,"amount":250},{"posx":1,"posy":6,"amount":100}],"changedObstacles":[]},{"players":[{"playerId":2238718,"score":1350,"energy":10,"posx":3,"posy":4,"lastAction":3,"status":0},{"playerId":2422729,"score":950,"energy":13,"posx":1,"posy":0,"lastAction":5,"status":0},{"playerId":2415753,"score":2275,"energy":18,"posx":18,"posy":0,"lastAction":2,"status":0},{"playerId":803122,"score":1975,"energy":10,"posx":14,"posy":5,"lastAction":0,"status":0}],"golds":[{"posx":1,"posy":0,"amount":150},{"posx":6,"posy":0,"amount":250},{"posx":1,"posy":6,"amount":100}],"changedObstacles":[]},{"players":[{"playerId":2238718,"score":1350,"energy":22,"posx":3,"posy":4,"lastAction":4,"status":0},{"playerId":2422729,"score":1000,"energy":8,"posx":1,"posy":0,"lastAction":5,"status":0},{"playerId":2415753,"score":2275,"energy":13,"posx":17,"posy":0,"lastAction":0,"status":0},{"playerId":803122,"score":1975,"energy":9,"posx":13,"posy":5,"lastAction":0,"status":0}],"golds":[{"posx":1,"posy":0,"amount":100},{"posx":6,"posy":0,"amount":250},{"posx":1,"posy":6,"amount":100}],"changedObstacles":[{"type":3,"posx":17,"posy":0,"value":-20}]},{"players":[{"playerId":2238718,"score":1350,"energy":21,"posx":3,"posy":5,"lastAction":3,"status":0},{"playerId":2422729,"score":1050,"energy":3,"posx":1,"posy":0,"lastAction":5,"status":0},{"playerId":2415753,"score":2275,"energy":12,"posx":16,"posy":0,"lastAction":0,"status":0},{"playerId":803122,"score":1975,"energy":21,"posx":13,"posy":5,"lastAction":4,"status":0}],"golds":[{"posx":1,"posy":0,"amount":50},{"posx":6,"posy":0,"amount":250},{"posx":1,"posy":6,"amount":100}],"changedObstacles":[]},{"players":[{"playerId":2238718,"score":1350,"energy":20,"posx":2,"posy":5,"lastAction":0,"status":0},{"playerId":2422729,"score":1050,"energy":15,"posx":1,"posy":0,"lastAction":4,"status":0},{"playerId":2415753,"score":2275,"energy":11,"posx":15,"posy":0,"lastAction":0,"status":0},{"playerId":803122,"score":1975,"energy":1,"posx":13,"posy":4,"lastAction":2,"status":0}],"golds":[{"posx":1,"posy":0,"amount":50},{"posx":6,"posy":0,"amount":250},{"posx":1,"posy":6,"amount":100}],"changedObstacles":[{"type":3,"posx":13,"posy":4,"value":-40}]},{"players":[{"playerId":2238718,"score":1350,"energy":19,"posx":1,"posy":5,"lastAction":0,"status":0},{"playerId":2422729,"score":1100,"energy":10,"posx":1,"posy":0,"lastAction":5,"status":0},{"playerId":2415753,"score":2275,"energy":23,"posx":15,"posy":0,"lastAction":4,"status":0},{"playerId":803122,"score":1975,"energy":13,"posx":13,"posy":4,"lastAction":4,"status":0}],"golds":[{"posx":6,"posy":0,"amount":250},{"posx":1,"posy":6,"amount":100}],"changedObstacles":[{"type":0,"posx":1,"posy":0,"value":-1}]},{"players":[{"playerId":2238718,"score":1350,"energy":15,"posx":1,"posy":6,"lastAction":3,"status":0},{"playerId":2422729,"score":1100,"energy":9,"posx":2,"posy":0,"lastAction":1,"status":0},{"playerId":2415753,"score":2275,"energy":39,"posx":15,"posy":0,"lastAction":4,"status":0},{"playerId":803122,"score":1975,"energy":12,"posx":12,"posy":4,"lastAction":0,"status":0}],"golds":[{"posx":6,"posy":0,"amount":250},{"posx":1,"posy":6,"amount":100}],"changedObstacles":[]},{"players":[{"playerId":2238718,"score":1400,"energy":10,"posx":1,"posy":6,"lastAction":5,"status":0},{"playerId":2422729,"score":1100,"energy":21,"posx":2,"posy":0,"lastAction":4,"status":0},{"playerId":2415753,"score":2275,"energy":50,"posx":15,"posy":0,"lastAction":4,"status":0},{"playerId":803122,"score":1975,"energy":24,"posx":12,"posy":4,"lastAction":4,"status":0}],"golds":[{"posx":6,"posy":0,"amount":250},{"posx":1,"posy":6,"amount":50}],"changedObstacles":[]},{"players":[{"playerId":2238718,"score":1400,"energy":22,"posx":1,"posy":6,"lastAction":4,"status":0},{"playerId":2422729,"score":1100,"energy":11,"posx":3,"posy":0,"lastAction":1,"status":0},{"playerId":2415753,"score":2275,"energy":33,"posx":14,"posy":0,"lastAction":0,"status":0},{"playerId":803122,"score":1975,"energy":17,"posx":12,"posy":3,"lastAction":2,"status":0}],"golds":[{"posx":6,"posy":0,"amount":250},{"posx":1,"posy":6,"amount":50}],"changedObstacles":[{"type":0,"posx":3,"posy":0,"value":-1}]},{"players":[{"playerId":2238718,"score":1450,"energy":17,"posx":1,"posy":6,"lastAction":5,"status":0},{"playerId":2422729,"score":1100,"energy":23,"posx":3,"posy":0,"lastAction":4,"status":0},{"playerId":2415753,"score":2275,"energy":13,"posx":13,"posy":0,"lastAction":0,"status":0},{"playerId":803122,"score":1975,"energy":16,"posx":11,"posy":3,"lastAction":0,"status":0}],"golds":[{"posx":6,"posy":0,"amount":250}],"changedObstacles":[{"type":0,"posx":1,"posy":6,"value":-1}]},{"players":[{"playerId":2238718,"score":1450,"energy":16,"posx":1,"posy":5,"lastAction":2,"status":0},{"playerId":2422729,"score":1100,"energy":39,"posx":3,"posy":0,"lastAction":4,"status":0},{"playerId":2415753,"score":2275,"energy":25,"posx":13,"posy":0,"lastAction":4,"status":0},{"playerId":803122,"score":1975,"energy":11,"posx":11,"posy":2,"lastAction":2,"status":0}],"golds":[{"posx":6,"posy":0,"amount":250}],"changedObstacles":[{"type":3,"posx":11,"posy":2,"value":-20}]},{"players":[{"playerId":2238718,"score":1450,"energy":15,"posx":2,"posy":5,"lastAction":1,"status":0},{"playerId":2422729,"score":1100,"energy":26,"posx":4,"posy":0,"lastAction":1,"status":0},{"playerId":2415753,"score":2275,"energy":41,"posx":13,"posy":0,"lastAction":4,"status":0},{"playerId":803122,"score":1975,"energy":10,"posx":10,"posy":2,"lastAction":0,"status":0}],"golds":[{"posx":6,"posy":0,"amount":250}],"changedObstacles":[]},{"players":[{"playerId":2238718,"score":1450,"energy":14,"posx":3,"posy":5,"lastAction":1,"status":0},{"playerId":2422729,"score":1100,"energy":25,"posx":5,"posy":0,"lastAction":1,"status":0},{"playerId":2415753,"score":2275,"energy":26,"posx":12,"posy":0,"lastAction":0,"status":0},{"playerId":803122,"score":1975,"energy":5,"posx":10,"posy":1,"lastAction":2,"status":0}],"golds":[{"posx":6,"posy":0,"amount":250}],"changedObstacles":[{"type":3,"posx":10,"posy":1,"value":-20}]},{"players":[{"playerId":2238718,"score":1450,"energy":13,"posx":3,"posy":4,"lastAction":2,"status":0},{"playerId":2422729,"score":1100,"energy":21,"posx":6,"posy":0,"lastAction":1,"status":0},{"playerId":2415753,"score":2275,"energy":25,"posx":11,"posy":0,"lastAction":0,"status":0},{"playerId":803122,"score":1975,"energy":4,"posx":10,"posy":0,"lastAction":2,"status":0}],"golds":[{"posx":6,"posy":0,"amount":250}],"changedObstacles":[]},{"players":[{"playerId":2238718,"score":1450,"energy":12,"posx":3,"posy":3,"lastAction":2,"status":0},{"playerId":2422729,"score":1150,"energy":16,"posx":6,"posy":0,"lastAction":5,"status":0},{"playerId":2415753,"score":2275,"energy":24,"posx":10,"posy":0,"lastAction":0,"status":0},{"playerId":803122,"score":1975,"energy":16,"posx":10,"posy":0,"lastAction":4,"status":0}],"golds":[{"posx":6,"posy":0,"amount":200}],"changedObstacles":[]},{"players":[{"playerId":2238718,"score":1450,"energy":11,"posx":4,"posy":3,"lastAction":1,"status":0},{"playerId":2422729,"score":1200,"energy":11,"posx":6,"posy":0,"lastAction":5,"status":0},{"playerId":2415753,"score":2275,"energy":19,"posx":9,"posy":0,"lastAction":0,"status":0},{"playerId":803122,"score":1975,"energy":11,"posx":9,"posy":0,"lastAction":0,"status":0}],"golds":[{"posx":6,"posy":0,"amount":150}],"changedObstacles":[{"type":3,"posx":9,"posy":0,"value":-20}]},{"players":[{"playerId":2238718,"score":1450,"energy":10,"posx":5,"posy":3,"lastAction":1,"status":0},{"playerId":2422729,"score":1250,"energy":6,"posx":6,"posy":0,"lastAction":5,"status":0},{"playerId":2415753,"score":2275,"energy":18,"posx":8,"posy":0,"lastAction":0,"status":0},{"playerId":803122,"score":1975,"energy":10,"posx":8,"posy":0,"lastAction":0,"status":0}],"golds":[{"posx":6,"posy":0,"amount":100}],"changedObstacles":[]},{"players":[{"playerId":2238718,"score":1450,"energy":22,"posx":5,"posy":3,"lastAction":4,"status":0},{"playerId":2422729,"score":1300,"energy":1,"posx":6,"posy":0,"lastAction":5,"status":0},{"playerId":2415753,"score":2275,"energy":17,"posx":7,"posy":0,"lastAction":0,"status":0},{"playerId":803122,"score":1975,"energy":9,"posx":7,"posy":0,"lastAction":0,"status":0}],"golds":[{"posx":6,"posy":0,"amount":50}],"changedObstacles":[]},{"players":[{"playerId":2238718,"score":1450,"energy":21,"posx":6,"posy":3,"lastAction":1,"status":0},{"playerId":2422729,"score":1300,"energy":13,"posx":6,"posy":0,"lastAction":4,"status":0},{"playerId":2415753,"score":2275,"energy":13,"posx":6,"posy":0,"lastAction":0,"status":0},{"playerId":803122,"score":1975,"energy":5,"posx":6,"posy":0,"lastAction":0,"status":0}],"golds":[{"posx":6,"posy":0,"amount":50}],"changedObstacles":[]},{"players":[{"playerId":2238718,"score":1450,"energy":20,"posx":6,"posy":2,"lastAction":2,"status":0},{"playerId":2422729,"score":1300,"energy":29,"posx":6,"posy":0,"lastAction":4,"status":0},{"playerId":2415753,"score":2325,"energy":8,"posx":6,"posy":0,"lastAction":5,"status":0},{"playerId":803122,"score":1975,"energy":17,"posx":6,"posy":0,"lastAction":4,"status":0}],"golds":[],"changedObstacles":[{"type":0,"posx":6,"posy":0,"value":-1}]}]