[{"players":[{"playerId":2534350,"score":0,"energy":40,"posx":14,"posy":4,"lastAction":3,"status":0},{"playerId":4120,"score":0,"energy":49,"posx":15,"posy":3,"lastAction":1,"status":0},{"playerId":131454,"score":0,"energy":49,"posx":13,"posy":3,"lastAction":0,"status":0},{"playerId":2287533,"score":0,"energy":49,"posx":15,"posy":3,"lastAction":1,"status":0}],"golds":[{"posx":18,"posy":6,"amount":650},{"posx":5,"posy":6,"amount":400},{"posx":13,"posy":5,"amount":350},{"posx":18,"posy":4,"amount":50},{"posx":17,"posy":6,"amount":350},{"posx":7,"posy":2,"amount":150},{"posx":15,"posy":7,"amount":50},{"posx":16,"posy":5,"amount":400},{"posx":18,"posy":2,"amount":600},{"posx":6,"posy":0,"amount":250},{"posx":2,"posy":3,"amount":400},{"posx":19,"posy":1,"amount":450},{"posx":17,"posy":4,"amount":600},{"posx":17,"posy":7,"amount":350},{"posx":3,"posy":7,"amount":200},{"posx":6,"posy":2,"amount":50},{"posx":16,"posy":6,"amount":750},{"posx":1,"posy":0,"amount":300},{"posx":7,"posy":4,"amount":600},{"posx":1,"posy":6,"amount":100}],"changedObstacles":[{"type":0,"posx":14,"posy":4,"value":-1}]},{"players":[{"playerId":2534350,"score":0,"energy":35,"posx":15,"posy":4,"lastAction":1,"status":0},{"playerId":4120,"score":0,"energy":44,"posx":15,"posy":4,"lastAction":3,"status":0},{"playerId":131454,"score":0,"energy":44,"posx":13,"posy":4,"lastAction":3,"status":0},{"playerId":2287533,"score":0,"energy":44,"posx":16,"posy":3,"lastAction":1,"status":0}],"golds":[{"posx":18,"posy":6,"amount":650},{"posx":5,"posy":6,"amount":400},{"posx":13,"posy":5,"amount":350},{"posx":18,"posy":4,"amount":50},{"posx":17,"posy":6,"amount":350},{"posx":7,"posy":2,"amount":150},{"posx":15,"posy":7,"amount":50},{"posx":16,"posy":5,"amount":400},{"posx":18,"posy":2,"amount":600},{"posx":6,"posy":0,"amount":250},{"posx":2,"posy":3,"amount":400},{"posx":19,"posy":1,"amount":450},{"posx":17,"posy":4,"amount":600},{"posx":17,"posy":7,"amount":350},{"posx":3,"posy":7,"amount":200},{"posx":6,"posy":2,"amount":50},{"posx":16,"posy":6,"amount":750},{"posx":1,"posy":0,"amount":300},{"posx":7,"posy":4,"amount":600},{"posx":1,"posy":6,"amount":100}],"changedObstacles":[{"type":3,"posx":16,"posy":3,"value":-20},{"type":3,"posx":15,"posy":4,"value":-20},{"type":3,"posx":13,"posy":4,"value":-20}]},{"players":[{"playerId":2534350,"score":0,"energy":34,"posx":15,"posy":5,"lastAction":3,"status":0},{"playerId":4120,"score":0,"energy":34,"posx":16,"posy":4,"lastAction":1,"status":0},{"playerId":131454,"score":0,"energy":40,"posx":13,"posy":5,"lastAction":3,"status":0},{"playerId":2287533,"score":0,"energy":39,"posx":17,"posy":3,"lastAction":1,"status":0}],"golds":[{"posx":18,"posy":6,"amount":650},{"posx":5,"posy":6,"amount":400},{"posx":13,"posy":5,"amount":350},{"posx":18,"posy":4,"amount":50},{"posx":17,"posy":6,"amount":350},{"posx":7,"posy":2,"amount":150},{"posx":15,"posy":7,"amount":50},{"posx":16,"posy":5,"amount":400},{"posx":18,"posy":2,"amount":600},{"posx":6,"posy":0,"amount":250},{"posx":2,"posy":3,"amount":400},{"posx":19,"posy":1,"amount":450},{"posx":17,"posy":4,"amount":600},{"posx":17,"posy":7,"amount":350},{"posx":3,"posy":7,"amount":200},{"posx":6,"posy":2,"amount":50},{"posx":16,"posy":6,"amount":750},{"posx":1,"posy":0,"amount":300},{"posx":7,"posy":4,"amount":600},{"posx":1,"posy":6,"amount":100}],"changedObstacles":[{"type":3,"posx":17,"posy":3,"value":-20}]},{"players":[{"playerId":2534350,"score":0,"energy":30,"posx":16,"posy":5,"lastAction":1,"status":0},{"playerId":4120,"score":0,"energy":30,"posx":17,"posy":4,"lastAction":1,"status":0},{"playerId":131454,"score":50,"energy":35,"posx":13,"posy":5,"lastAction":5,"status":0},{"playerId":2287533,"score":0,"energy":35,"posx":17,"posy":4,"lastAction":3,"status":0}],"golds":[{"posx":1,"posy":0,"amount":300},{"posx":6,"posy":0,"amount":250},{"posx":19,"posy":1,"amount":450},{"posx":6,"posy":2,"amount":50},{"posx":7,"posy":2,"amount":150},{"posx":18,"posy":2,"amount":600},{"posx":2,"posy":3,"amount":400},{"posx":7,"posy":4,"amount":600},{"posx":17,"posy":4,"amount":600},{"posx":18,"posy":4,"amount":50},{"posx":13,"posy":5,"amount":300},{"posx":16,"posy":5,"amount":400},{"posx":1,"posy":6,"amount":100},{"posx":5,"posy":6,"amount":400},{"posx":16,"posy":6,"amount":750},{"posx":17,"posy":6,"amount":350},{"posx":18,"posy":6,"amount":650},{"posx":3,"posy":7,"amount":200},{"posx":15,"posy":7,"amount":50},{"posx":17,"posy":7,"amount":350}],"changedObstacles":[]},{"players":[{"playerId":2534350,"score":50,"energy":25,"posx":16,"posy":5,"lastAction":5,"status":0},{"playerId":4120,"score":50,"energy":25,"posx":17,"posy":4,"lastAction":5,"status":0},{"playerId":131454,"score":100,"energy":30,"posx":13,"posy":5,"lastAction":5,"status":0},{"playerId":2287533,"score":50,"energy":30,"posx":17,"posy":4,"lastAction":5,"status":0}],"golds":[{"posx":1,"posy":0,"amount":300},{"posx":6,"posy":0,"amount":250},{"posx":19,"posy":1,"amount":450},{"posx":6,"posy":2,"amount":50},{"posx":7,"posy":2,"amount":150},{"posx":18,"posy":2,"amount":600},{"posx":2,"posy":3,"amount":400},{"posx":7,"posy":4,"amount":600},{"posx":17,"posy":4,"amount":500},{"posx":18,"posy":4,"amount":50},{"posx":13,"posy":5,"amount":250},{"posx":16,"posy":5,"amount":350},{"posx":1,"posy":6,"amount":100},{"posx":5,"posy":6,"amount":400},{"posx":16,"posy":6,"amount":750},{"posx":17,"posy":6,"amount":350},{"posx":18,"posy":6,"amount":650},{"posx":3,"posy":7,"amount":200},{"posx":15,"posy":7,"amount":50},{"posx":17,"posy":7,"amount":350}],"changedObstacles":[]},{"players":[{"playerId":2534350,"score":100,"energy":20,"posx":16,"posy":5,"lastAction":5,"status":0},{"playerId":4120,"score":100,"energy":20,"posx":17,"posy":4,"lastAction":5,"status":0},{"playerId":131454,"score":150,"energy":25,"posx":13,"posy":5,"lastAction":5,"status":0},{"playerId":2287533,"score":100,"energy":25,"posx":17,"posy":4,"lastAction":5,"status":0}],"golds":[{"posx":1,"posy":0,"amount":300},{"posx":6,"posy":0,"amount":250},{"posx":19,"posy":1,"amount":450},{"posx":6,"posy":2,"amount":50},{"posx":7,"posy":2,"amount":150},{"posx":18,"posy":2,"amount":600},{"posx":2,"posy":3,"amount":400},{"posx":7,"posy":4,"amount":600},{"posx":17,"posy":4,"amount":400},{"posx":18,"posy":4,"amount":50},{"posx":13,"posy":5,"amount":200},{"posx":16,"posy":5,"amount":300},{"posx":1,"posy":6,"amount":100},{"posx":5,"posy":6,"amount":400},{"posx":16,"posy":6,"amount":750},{"posx":17,"posy":6,"amount":350},{"posx":18,"posy":6,"amount":650},{"posx":3,"posy":7,"amount":200},{"posx":15,"posy":7,"amount":50},{"posx":17,"posy":7,"amount":350}],"changedObstacles":[]},{"players":[{"playerId":2534350,"score":150,"energy":15,"posx":16,"posy":5,"lastAction":5,"status":0},{"playerId":4120,"score":150,"energy":15,"posx":17,"posy":4,"lastAction":5,"status":0},{"playerId":131454,"score":200,"energy":20,"posx":13,"posy":5,"lastAction":5,"status":0},{"playerId":2287533,"score":150,"energy":20,"posx":17,"posy":4,"lastAction":5,"status":0}],"golds":[{"posx":1,"posy":0,"amount":300},{"posx":6,"posy":0,"amount":250},{"posx":19,"posy":1,"amount":450},{"posx":6,"posy":2,"amount":50},{"posx":7,"posy":2,"amount":150},{"posx":18,"posy":2,"amount":600},{"posx":2,"posy":3,"amount":400},{"posx":7,"posy":4,"amount":600},{"posx":17,"posy":4,"amount":300},{"posx":18,"posy":4,"amount":50},{"posx":13,"posy":5,"amount":150},{"posx":16,"posy":5,"amount":250},{"posx":1,"posy":6,"amount":100},{"posx":5,"posy":6,"amount":400},{"posx":16,"posy":6,"amount":750},{"posx":17,"posy":6,"amount":350},{"posx":18,"posy":6,"amount":650},{"posx":3,"posy":7,"amount":200},{"posx":15,"posy":7,"amount":50},{"posx":17,"posy":7,"amount":350}],"changedObstacles":[]},{"players":[{"playerId":2534350,"score":200,"energy":10,"posx":16,"posy":5,"lastAction":5,"status":0},{"playerId":4120,"score":200,"energy":10,"posx":17,"posy":4,"lastAction":5,"status":0},{"playerId":131454,"score":250,"energy":15,"posx":13,"posy":5,"lastAction":5,"status":0},{"playerId":2287533,"score":200,"energy":15,"posx":17,"posy":4,"lastAction":5,"status":0}],"golds":[{"posx":1,"posy":0,"amount":300},{"posx":6,"posy":0,"amount":250},{"posx":19,"posy":1,"amount":450},{"posx":6,"posy":2,"amount":50},{"posx":7,"posy":2,"amount":150},{"posx":18,"posy":2,"amount":600},{"posx":2,"posy":3,"amount":400},{"posx":7,"posy":4,"amount":600},{"posx":17,"posy":4,"amount":200},{"posx":18,"posy":4,"amount":50},{"posx":13,"posy":5,"amount":100},{"posx":16,"posy":5,"amount":200},{"posx":1,"posy":6,"amount":100},{"posx":5,"posy":6,"amount":400},{"posx":16,"posy":6,"amount":750},{"posx":17,"posy":6,"amount":350},{"posx":18,"posy":6,"amount":650},{"posx":3,"posy":7,"amount":200},{"posx":15,"posy":7,"amount":50},{"posx":17,"posy":7,"amount":350}],"changedObstacles":[]},{"players":[{"playerId":2534350,"score":250,"energy":5,"posx":16,"posy":5,"lastAction":5,"status":0},{"playerId":4120,"score":250,"energy":5,"posx":17,"posy":4,"lastAction":5,"status":0},{"playerId":131454,"score":300,"energy":10,"posx":13,"posy":5,"lastAction":5,"status":0},{"playerId":2287533,"score":250,"energy":10,"posx":17,"posy":4,"lastAction":5,"status":0}],"golds":[{"posx":1,"posy":0,"amount":300},{"posx":6,"posy":0,"amount":250},{"posx":19,"posy":1,"amount":450},{"posx":6,"posy":2,"amount":50},{"posx":7,"posy":2,"amount":150},{"posx":18,"posy":2,"amount":600},{"posx":2,"posy":3,"amount":400},{"posx":7,"posy":4,"amount":600},{"posx":17,"posy":4,"amount":100},{"posx":18,"posy":4,"amount":50},{"posx":13,"posy":5,"amount":50},{"posx":16,"posy":5,"amount":150},{"posx":1,"posy":6,"amount":100},{"posx":5,"posy":6,"amount":400},{"posx":16,"posy":6,"amount":750},{"posx":17,"posy":6,"amount":350},{"posx":18,"posy":6,"amount":650},{"posx":3,"posy":7,"amount":200},{"posx":15,"posy":7,"amount":50},{"posx":17,"posy":7,"amount":350}],"changedObstacles":[]},{"players":[{"playerId":2534350,"score":250,"energy":17,"posx":16,"posy":5,"lastAction":4,"status":0},{"playerId":4120,"score":250,"energy":17,"posx":17,"posy":4,"lastAction":4,"status":0},{"playerId":131454,"score":350,"energy":5,"posx":13,"posy":5,"lastAction":5,"status":0},{"playerId":2287533,"score":300,"energy":5,"posx":17,"posy":4,"lastAction":5,"status":0}],"golds":[{"posx":1,"posy":0,"amount":300},{"posx":6,"posy":0,"amount":250},{"posx":19,"posy":1,"amount":450},{"posx":6,"posy":2,"amount":50},{"posx":7,"posy":2,"amount":150},{"posx":18,"posy":2,"amount":600},{"posx":2,"posy":3,"amount":400},{"posx":7,"posy":4,"amount":600},{"posx":17,"posy":4,"amount":50},{"posx":18,"posy":4,"amount":50},{"posx":16,"posy":5,"amount":150},{"posx":1,"posy":6,"amount":100},{"posx":5,"posy":6,"amount":400},{"posx":16,"posy":6,"amount":750},{"posx":17,"posy":6,"amount":350},{"posx":18,"posy":6,"amount":650},{"posx":3,"posy":7,"amount":200},{"posx":15,"posy":7,"amount":50},{"posx":17,"posy":7,"amount":350}],"changedObstacles":[{"type":0,"posx":13,"posy":5,"value":-1}]},{"players":[{"playerId":2534350,"score":300,"energy":12,"posx":16,"posy":5,"lastAction":5,"status":0},{"playerId":4120,"score":250,"energy":33,"posx":17,"posy":4,"lastAction":4,"status":0},{"playerId":131454,"score":350,"energy":17,"posx":13,"posy":5,"lastAction":4,"status":0},{"playerId":2287533,"score":300,"energy":17,"posx":17,"posy":4,"lastAction":4,"status":0}],"golds":[{"posx":1,"posy":0,"amount":300},{"posx":6,"posy":0,"amount":250},{"posx":19,"posy":1,"amount":450},{"posx":6,"posy":2,"amount":50},{"posx":7,"posy":2,"amount":150},{"posx":18,"posy":2,"amount":600},{"posx":2,"posy":3,"amount":400},{"posx":7,"posy":4,"amount":600},{"posx":17,"posy":4,"amount":50},{"posx":18,"posy":4,"amount":50},{"posx":16,"posy":5,"amount":100},{"posx":1,"posy":6,"amount":100},{"posx":5,"posy":6,"amount":400},{"posx":16,"posy":6,"amount":750},{"posx":17,"posy":6,"amount":350},{"posx":18,"posy":6,"amount":650},{"posx":3,"posy":7,"amount":200},{"posx":15,"posy":7,"amount":50},{"posx":17,"posy":7,"amount":350}],"changedObstacles":[]},{"players":[{"playerId":2534350,"score":350,"energy":7,"posx":16,"posy":5,"lastAction":5,"status":0},{"playerId":4120,"score":250,"energy":50,"posx":17,"posy":4,"lastAction":4,"status":0},{"playerId":131454,"score":350,"energy":33,"posx":13,"posy":5,"lastAction":4,"status":0},{"playerId":2287533,"score":350,"energy":12,"posx":17,"posy":4,"lastAction":5,"status":0}],"golds":[{"posx":1,"posy":0,"amount":300},{"posx":6,"posy":0,"amount":250},{"posx":19,"posy":1,"amount":450},{"posx":6,"posy":2,"amount":50},{"posx":7,"posy":2,"amount":150},{"posx":18,"posy":2,"amount":600},{"posx":2,"posy":3,"amount":400},{"posx":7,"posy":4,"amount":600},{"posx":18,"posy":4,"amount":50},{"posx":16,"posy":5,"amount":50},{"posx":1,"posy":6,"amount":100},{"posx":5,"posy":6,"amount":400},{"posx":16,"posy":6,"amount":750},{"posx":17,"posy":6,"amount":350},{"posx":18,"posy":6,"amount":650},{"posx":3,"posy":7,"amount":200},{"posx":15,"posy":7,"amount":50},{"posx":17,"posy":7,"amount":350}],"changedObstacles":[{"type":0,"posx":17,"posy":4,"value":-1}]},{"players":[{"playerId":2534350,"score":400,"energy":2,"posx":16,"posy":5,"lastAction":5,"status":0},{"playerId":4120,"score":250,"energy":49,"posx":17,"posy":5,"lastAction":3,"status":0},{"playerId":131454,"score":350,"energy":50,"posx":13,"posy":5,"lastAction":4,"status":0},{"playerId":2287533,"score":350,"energy":24,"posx":17,"posy":4,"lastAction":4,"status":0}],"golds":[{"posx":1,"posy":0,"amount":300},{"posx":6,"posy":0,"amount":250},{"posx":19,"posy":1,"amount":450},{"posx":6,"posy":2,"amount":50},{"posx":7,"posy":2,"amount":150},{"posx":18,"posy":2,"amount":600},{"posx":2,"posy":3,"amount":400},{"posx":7,"posy":4,"amount":600},{"posx":18,"posy":4,"amount":50},{"posx":1,"posy":6,"amount":100},{"posx":5,"posy":6,"amount":400},{"posx":16,"posy":6,"amount":750},{"posx":17,"posy":6,"amount":350},{"posx":18,"posy":6,"amount":650},{"posx":3,"posy":7,"amount":200},{"posx":15,"posy":7,"amount":50},{"posx":17,"posy":7,"amount":350}],"changedObstacles":[{"type":0,"posx":16,"posy":5,"value":-1}]},{"players":[{"playerId":2534350,"score":400,"energy":14,"posx":16,"posy":5,"lastAction":4,"status":0},{"playerId":4120,"score":250,"energy":45,"posx":17,"posy":6,"lastAction":3,"status":0},{"playerId":131454,"score":350,"energy":45,"posx":13,"posy":6,"lastAction":3,"status":0},{"playerId":2287533,"score":350,"energy":20,"posx":18,"posy":4,"lastAction":1,"status":0}],"golds":[{"posx":1,"posy":0,"amount":300},{"posx":6,"posy":0,"amount":250},{"posx":19,"posy":1,"amount":450},{"posx":6,"posy":2,"amount":50},{"posx":7,"posy":2,"amount":150},{"posx":18,"posy":2,"amount":600},{"posx":2,"posy":3,"amount":400},{"posx":7,"posy":4,"amount":600},{"posx":18,"posy":4,"amount":50},{"posx":1,"posy":6,"amount":100},{"posx":5,"posy":6,"amount":400},{"posx":16,"posy":6,"amount":750},{"posx":17,"posy":6,"amount":350},{"posx":18,"posy":6,"amount":650},{"posx":3,"posy":7,"amount":200},{"posx":15,"posy":7,"amount":50},{"posx":17,"posy":7,"amount":350}],"changedObstacles":[{"type":3,"posx":13,"posy":6,"value":-20}]},{"players":[{"playerId":2534350,"score":400,"energy":10,"posx":16,"posy":6,"lastAction":3,"status":0},{"playerId":4120,"score":300,"energy":40,"posx":17,"posy":6,"lastAction":5,"status":0},{"playerId":131454,"score":350,"energy":44,"posx":14,"posy":6,"lastAction":1,"status":0},{"playerId":2287533,"score":400,"energy":15,"posx":18,"posy":4,"lastAction":5,"status":0}],"golds":[{"posx":1,"posy":0,"amount":300},{"posx":6,"posy":0,"amount":250},{"posx":19,"posy":1,"amount":450},{"posx":6,"posy":2,"amount":50},{"posx":7,"posy":2,"amount":150},{"posx":18,"posy":2,"amount":600},{"posx":2,"posy":3,"amount":400},{"posx":7,"posy":4,"amount":600},{"posx":1,"posy":6,"amount":100},{"posx":5,"posy":6,"amount":400},{"posx":16,"posy":6,"amount":750},{"posx":17,"posy":6,"amount":300},{"posx":18,"posy":6,"amount":650},{"posx":3,"posy":7,"amount":200},{"posx":15,"posy":7,"amount":50},{"posx":17,"posy":7,"amount":350}],"changedObstacles":[{"type":0,"posx":18,"posy":4,"value":-1}]},{"players":[{"playerId":2534350,"score":450,"energy":5,"posx":16,"posy":6,"lastAction":5,"status":0},{"playerId":4120,"score":350,"energy":35,"posx":17,"posy":6,"lastAction":5,"status":0},{"playerId":131454,"score":350,"energy":43,"posx":15,"posy":6,"lastAction":1,"status":0},{"playerId":2287533,"score":400,"energy":27,"posx":18,"posy":4,"lastAction":4,"status":0}],"golds":[{"posx":1,"posy":0,"amount":300},{"posx":6,"posy":0,"amount":250},{"posx":19,"posy":1,"amount":450},{"posx":6,"posy":2,"amount":50},{"posx":7,"posy":2,"amount":150},{"posx":18,"posy":2,"amount":600},{"posx":2,"posy":3,"amount":400},{"posx":7,"posy":4,"amount":600},{"posx":1,"posy":6,"amount":100},{"posx":5,"posy":6,"amount":400},{"posx":16,"posy":6,"amount":700},{"posx":17,"posy":6,"amount":250},{"posx":18,"posy":6,"amount":650},{"posx":3,"posy":7,"amount":200},{"posx":15,"posy":7,"amount":50},{"posx":17,"posy":7,"amount":350}],"changedObstacles":[]},{"players":[{"playerId":2534350,"score":450,"energy":17,"posx":16,"posy":6,"lastAction":4,"status":0},{"playerId":4120,"score":400,"energy":30,"posx":17,"posy":6,"lastAction":5,"status":0},{"playerId":131454,"score":350,"energy":39,"posx":16,"posy":6,"lastAction":1,"status":0},{"playerId":2287533,"score":400,"energy":22,"posx":18,"posy":3,"lastAction":2,"status":0}],"golds":[{"posx":1,"posy":0,"amount":300},{"posx":6,"posy":0,"amount":250},{"posx":19,"posy":1,"amount":450},{"posx":6,"posy":2,"amount":50},{"posx":7,"posy":2,"amount":150},{"posx":18,"posy":2,"amount":600},{"posx":2,"posy":3,"amount":400},{"posx":7,"posy":4,"amount":600},{"posx":1,"posy":6,"amount":100},{"posx":5,"posy":6,"amount":400},{"posx":16,"posy":6,"amount":700},{"posx":17,"posy":6,"amount":200},{"posx":18,"posy":6,"amount":650},{"posx":3,"posy":7,"amount":200},{"posx":15,"posy":7,"amount":50},{"posx":17,"posy":7,"amount":350}],"changedObstacles":[{"type":3,"posx":18,"posy":3,"value":-20}]},{"players":[{"playerId":2534350,"score":500,"energy":12,"posx":16,"posy":6,"lastAction":5,"status":0},{"playerId":4120,"score":450,"energy":25,"posx":17,"posy":6,"lastAction":5,"status":0},{"playerId":131454,"score":400,"energy":34,"posx":16,"posy":6,"lastAction":5,"status":0},{"playerId":2287533,"score":400,"energy":18,"posx":18,"posy":2,"lastAction":2,"status":0}],"golds":[{"posx":1,"posy":0,"amount":300},{"posx":6,"posy":0,"amount":250},{"posx":19,"posy":1,"amount":450},{"posx":6,"posy":2,"amount":50},{"posx":7,"posy":2,"amount":150},{"posx":18,"posy":2,"amount":600},{"posx":2,"posy":3,"amount":400},{"posx":7,"posy":4,"amount":600},{"posx":1,"posy":6,"amount":100},{"posx":5,"posy":6,"amount":400},{"posx":16,"posy":6,"amount":600},{"posx":17,"posy":6,"amount":150},{"posx":18,"posy":6,"amount":650},{"posx":3,"posy":7,"amount":200},{"posx":15,"posy":7,"amount":50},{"posx":17,"posy":7,"amount":350}],"changedObstacles":[]},{"players":[{"playerId":2534350,"score":550,"energy":7,"posx":16,"posy":6,"lastAction":5,"status":0},{"playerId":4120,"score":500,"energy":20,"posx":17,"posy":6,"lastAction":5,"status":0},{"playerId":131454,"score":450,"energy":29,"posx":16,"posy":6,"lastAction":5,"status":0},{"playerId":2287533,"score":450,"energy":13,"posx":18,"posy":2,"lastAction":5,"status":0}],"golds":[{"posx":1,"posy":0,"amount":300},{"posx":6,"posy":0,"amount":250},{"posx":19,"posy":1,"amount":450},{"posx":6,"posy":2,"amount":50},{"posx":7,"posy":2,"amount":150},{"posx":18,"posy":2,"amount":550},{"posx":2,"posy":3,"amount":400},{"posx":7,"posy":4,"amount":600},{"posx":1,"posy":6,"amount":100},{"posx":5,"posy":6,"amount":400},{"posx":16,"posy":6,"amount":500},{"posx":17,"posy":6,"amount":100},{"posx":18,"posy":6,"amount":650},{"posx":3,"posy":7,"amount":200},{"posx":15,"posy":7,"amount":50},{"posx":17,"posy":7,"amount":350}],"changedObstacles":[]},{"players":[{"playerId":2534350,"score":600,"energy":2,"posx":16,"posy":6,"lastAction":5,"status":0},{"playerId":4120,"score":550,"energy":15,"posx":17,"posy":6,"lastAction":5,"status":0},{"playerId":131454,"score":500,"energy":24,"posx":16,"posy":6,"lastAction":5,"status":0},{"playerId":2287533,"score":500,"energy":8,"posx":18,"posy":2,"lastAction":5,"status":0}],"golds":[{"posx":1,"posy":0,"amount":300},{"posx":6,"posy":0,"amount":250},{"posx":19,"posy":1,"amount":450},{"posx":6,"posy":2,"amount":50},{"posx":7,"posy":2,"amount":150},{"posx":18,"posy":2,"amount":500},{"posx":2,"posy":3,"amount":400},{"posx":7,"posy":4,"amount":600},{"posx":1,"posy":6,"amount":100},{"posx":5,"posy":6,"amount":400},{"posx":16,"posy":6,"amount":400},{"posx":17,"posy":6,"amount":50},{"posx":18,"posy":6,"amount":650},{"posx":3,"posy":7,"amount":200},{"posx":15,"posy":7,"amount":50},{"posx":17,"posy":7,"amount":350}],"changedObstacles":[]},{"players":[{"playerId":2534350,"score":600,"energy":14,"posx":16,"posy":6,"lastAction":4,"status":0},{"playerId":4120,"score":600,"energy":10,"posx":17,"posy":6,"lastAction":5,"status":0},{"playerId":131454,"score":550,"energy":19,"posx":16,"posy":6,"lastAction":5,"status":0},{"playerId":2287533,"score":550,"energy":3,"posx":18,"posy":2,"lastAction":5,"status":0}],"golds":[{"posx":1,"posy":0,"amount":300},{"posx":6,"posy":0,"amount":250},{"posx":19,"posy":1,"amount":450},{"posx":6,"posy":2,"amount":50},{"posx":7,"posy":2,"amount":150},{"posx":18,"posy":2,"amount":450},{"posx":2,"posy":3,"amount":400},{"posx":7,"posy":4,"amount":600},{"posx":1,"posy":6,"amount":100},{"posx":5,"posy":6,"amount":400},{"posx":16,"posy":6,"amount":350},{"posx":18,"posy":6,"amount":650},{"posx":3,"posy":7,"amount":200},{"posx":15,"posy":7,"amount":50},{"posx":17,"posy":7,"amount":350}],"changedObstacles":[{"type":0,"posx":17,"posy":6,"value":-1}]},{"players":[{"playerId":2534350,"score":650,"energy":9,"posx":16,"posy":6,"lastAction":5,"status":0},{"playerId":4120,"score":600,"energy":6,"posx":18,"posy":6,"lastAction":1,"status":0},{"playerId":131454,"score":600,"energy":14,"posx":16,"posy":6,"lastAction":5,"status":0},{"playerId":2287533,"score":550,"energy":15,"posx":18,"posy":2,"lastAction":4,"status":0}],"golds":[{"posx":1,"posy":0,"amount":300},{"posx":6,"posy":0,"amount":250},{"posx":19,"posy":1,"amount":450},{"posx":6,"posy":2,"amount":50},{"posx":7,"posy":2,"amount":150},{"posx":18,"posy":2,"amount":450},{"posx":2,"posy":3,"amount":400},{"posx":7,"posy":4,"amount":600},{"posx":1,"posy":6,"amount":100},{"posx":5,"posy":6,"amount":400},{"posx":16,"posy":6,"amount":250},{"posx":18,"posy":6,"amount":650},{"posx":3,"posy":7,"amount":200},{"posx":15,"posy":7,"amount":50},{"posx":17,"posy":7,"amount":350}],"changedObstacles":[]},{"players":[{"playerId":2534350,"score":700,"energy":4,"posx":16,"posy":6,"lastAction":5,"status":0},{"playerId":4120,"score":650,"energy":1,"posx":18,"posy":6,"lastAction":5,"status":0},{"playerId":131454,"score":650,"energy":9,"posx":16,"posy":6,"lastAction":5,"status":0},{"playerId":2287533,"score":600,"energy":10,"posx":18,"posy":2,"lastAction":5,"status":0}],"golds":[{"posx":1,"posy":0,"amount":300},{"posx":6,"posy":0,"amount":250},{"posx":19,"posy":1,"amount":450},{"posx":6,"posy":2,"amount":50},{"posx":7,"posy":2,"amount":150},{"posx":18,"posy":2,"amount":400},{"posx":2,"posy":3,"amount":400},{"posx":7,"posy":4,"amount":600},{"posx":1,"posy":6,"amount":100},{"posx":5,"posy":6,"amount":400},{"posx":16,"posy":6,"amount":150},{"posx":18,"posy":6,"amount":600},{"posx":3,"posy":7,"amount":200},{"posx":15,"posy":7,"amount":50},{"posx":17,"posy":7,"amount":350}],"changedObstacles":[]},{"players":[{"playerId":2534350,"score":700,"energy":16,"posx":16,"posy":6,"lastAction":4,"status":0},{"playerId":4120,"score":650,"energy":13,"posx":18,"posy":6,"lastAction":4,"status":0},{"playerId":131454,"score":700,"energy":4,"posx":16,"posy":6,"lastAction":5,"status":0},{"playerId":2287533,"score":650,"energy":5,"posx":18,"posy":2,"lastAction":5,"status":0}],"golds":[{"posx":1,"posy":0,"amount":300},{"posx":6,"posy":0,"amount":250},{"posx":19,"posy":1,"amount":450},{"posx":6,"posy":2,"amount":50},{"posx":7,"posy":2,"amount":150},{"posx":18,"posy":2,"amount":350},{"posx":2,"posy":3,"amount":400},{"posx":7,"posy":4,"amount":600},{"posx":1,"posy":6,"amount":100},{"posx":5,"posy":6,"amount":400},{"posx":16,"posy":6,"amount":100},{"posx":18,"posy":6,"amount":600},{"posx":3,"posy":7,"amount":200},{"posx":15,"posy":7,"amount":50},{"posx":17,"posy":7,"amount":350}],"changedObstacles":[]},{"players":[{"playerId":2534350,"score":750,"energy":11,"posx":16,"posy":6,"lastAction":5,"status":0},{"playerId":4120,"score":650,"energy":29,"posx":18,"posy":6,"lastAction":4,"status":0},{"playerId":131454,"score":700,"energy":16,"posx":16,"posy":6,"lastAction":4,"status":0},{"playerId":2287533,"score":650,"energy":17,"posx":18,"posy":2,"lastAction":4,"status":0}],"golds":[{"posx":1,"posy":0,"amount":300},{"posx":6,"posy":0,"amount":250},{"posx":19,"posy":1,"amount":450},{"posx":6,"posy":2,"amount":50},{"posx":7,"posy":2,"amount":150},{"posx":18,"posy":2,"amount":350},{"posx":2,"posy":3,"amount":400},{"posx":7,"posy":4,"amount":600},{"posx":1,"posy":6,"amount":100},{"posx":5,"posy":6,"amount":400},{"posx":16,"posy":6,"amount":50},{"posx":18,"posy":6,"amount":600},{"posx":3,"posy":7,"amount":200},{"posx":15,"posy":7,"amount":50},{"posx":17,"posy":7,"amount":350}],"changedObstacles":[]},{"players":[{"playerId":2534350,"score":800,"energy":6,"posx":16,"posy":6,"lastAction":5,"status":0},{"playerId":4120,"score":650,"energy":50,"posx":18,"posy":6,"lastAction":4,"status":0},{"playerId":131454,"score":700,"energy":32,"posx":16,"posy":6,"lastAction":4,"status":0},{"playerId":2287533,"score":700,"energy":12,"posx":18,"posy":2,"lastAction":5,"status":0}],"golds":[{"posx":1,"posy":0,"amount":300},{"posx":6,"posy":0,"amount":250},{"posx":19,"posy":1,"amount":450},{"posx":6,"posy":2,"amount":50},{"posx":7,"posy":2,"amount":150},{"posx":18,"posy":2,"amount":300},{"posx":2,"posy":3,"amount":400},{"posx":7,"posy":4,"amount":600},{"posx":1,"posy":6,"amount":100},{"posx":5,"posy":6,"amount":400},{"posx":18,"posy":6,"amount":600},{"posx":3,"posy":7,"amount":200},{"posx":15,"posy":7,"amount":50},{"posx":17,"posy":7,"amount":350}],"changedObstacles":[{"type":0,"posx":16,"posy":6,"value":-1}]},{"players":[{"playerId":2534350,"score":800,"energy":18,"posx":16,"posy":6,"lastAction":4,"status":0},{"playerId":4120,"score":700,"energy":45,"posx":18,"posy":6,"lastAction":5,"status":0},{"playerId":131454,"score":700,"energy":50,"posx":16,"posy":6,"lastAction":4,"status":0},{"playerId":2287533,"score":750,"energy":7,"posx":18,"posy":2,"lastAction":5,"status":0}],"golds":[{"posx":1,"posy":0,"amount":300},{"posx":6,"posy":0,"amount":250},{"posx":19,"posy":1,"amount":450},{"posx":6,"posy":2,"amount":50},{"posx":7,"posy":2,"amount":150},{"posx":18,"posy":2,"amount":250},{"posx":2,"posy":3,"amount":400},{"posx":7,"posy":4,"amount":600},{"posx":1,"posy":6,"amount":100},{"posx":5,"posy":6,"amount":400},{"posx":18,"posy":6,"amount":550},{"posx":3,"posy":7,"amount":200},{"posx":15,"posy":7,"amount":50},{"posx":17,"posy":7,"amount":350}],"changedObstacles":[]},{"players":[{"playerId":2534350,"score":800,"energy":34,"posx":16,"posy":6,"lastAction":4,"status":0},{"playerId":4120,"score":750,"energy":40,"posx":18,"posy":6,"lastAction":5,"status":0},{"playerId":131454,"score":700,"energy":49,"posx":17,"posy":6,"lastAction":1,"status":0},{"playerId":2287533,"score":800,"energy":2,"posx":18,"posy":2,"lastAction":5,"status":0}],"golds":[{"posx":1,"posy":0,"amount":300},{"posx":6,"posy":0,"amount":250},{"posx":19,"posy":1,"amount":450},{"posx":6,"posy":2,"amount":50},{"posx":7,"posy":2,"amount":150},{"posx":18,"posy":2,"amount":200},{"posx":2,"posy":3,"amount":400},{"posx":7,"posy":4,"amount":600},{"posx":1,"posy":6,"amount":100},{"posx":5,"posy":6,"amount":400},{"posx":18,"posy":6,"amount":500},{"posx":3,"posy":7,"amount":200},{"posx":15,"posy":7,"amount":50},{"posx":17,"posy":7,"amount":350}],"changedObstacles":[]},{"players":[{"playerId":2534350,"score":800,"energy":33,"posx":16,"posy":5,"lastAction":2,"status":0},{"playerId":4120,"score":800,"energy":35,"posx":18,"posy":6,"lastAction":5,"status":0},{"playerId":131454,"score":700,"energy":45,"posx":18,"posy":6,"lastAction":1,"status":0},{"playerId":2287533,"score":800,"energy":14,"posx":18,"posy":2,"lastAction":4,"status":0}],"golds":[{"posx":1,"posy":0,"amount":300},{"posx":6,"posy":0,"amount":250},{"posx":19,"posy":1,"amount":450},{"posx":6,"posy":2,"amount":50},{"posx":7,"posy":2,"amount":150},{"posx":18,"posy":2,"amount":200},{"posx":2,"posy":3,"amount":400},{"posx":7,"posy":4,"amount":600},{"posx":1,"posy":6,"amount":100},{"posx":5,"posy":6,"amount":400},{"posx":18,"posy":6,"amount":450},{"posx":3,"posy":7,"amount":200},{"posx":15,"posy":7,"amount":50},{"posx":17,"posy":7,"amount":350}],"changedObstacles":[]},{"players":[{"playerId":2534350,"score":800,"energy":16,"posx":16,"posy":4,"lastAction":2,"status":0},{"playerId":4120,"score":850,"energy":30,"posx":18,"posy":6,"lastAction":5,"status":0},{"playerId":131454,"score":750,"energy":40,"posx":18,"posy":6,"lastAction":5,"status":0},{"playerId":2287533,"score":850,"energy":9,"posx":18,"posy":2,"lastAction":5,"status":0}],"golds":[{"posx":1,"posy":0,"amount":300},{"posx":6,"posy":0,"amount":250},{"posx":19,"posy":1,"amount":450},{"posx":6,"posy":2,"amount":50},{"posx":7,"posy":2,"amount":150},{"posx":18,"posy":2,"amount":150},{"posx":2,"posy":3,"amount":400},{"posx":7,"posy":4,"amount":600},{"posx":1,"posy":6,"amount":100},{"posx":5,"posy":6,"amount":400},{"posx":18,"posy":6,"amount":350},{"posx":3,"posy":7,"amount":200},{"posx":15,"posy":7,"amount":50},{"posx":17,"posy":7,"amount":350}],"changedObstacles":[]},{"players":[{"playerId":2534350,"score":800,"energy":28,"posx":16,"posy":4,"lastAction":4,"status":0},{"playerId":4120,"score":900,"energy":25,"posx":18,"posy":6,"lastAction":5,"status":0},{"playerId":131454,"score":800,"energy":35,"posx":18,"posy":6,"lastAction":5,"status":0},{"playerId":2287533,"score":900,"energy":4,"posx":18,"posy":2,"lastAction":5,"status":0}],"golds":[{"posx":1,"posy":0,"amount":300},{"posx":6,"posy":0,"amount":250},{"posx":19,"posy":1,"amount":450},{"posx":6,"posy":2,"amount":50},{"posx":7,"posy":2,"amount":150},{"posx":18,"posy":2,"amount":100},{"posx":2,"posy":3,"amount":400},{"posx":7,"posy":4,"amount":600},{"posx":1,"posy":6,"amount":100},{"posx":5,"posy":6,"amount":400},{"posx":18,"posy":6,"amount":250},{"posx":3,"posy":7,"amount":200},{"posx":15,"posy":7,"amount":50},{"posx":17,"posy":7,"amount":350}],"changedObstacles":[]},{"players":[{"playerId":2534350,"score":800,"energy":8,"posx":15,"posy":4,"lastAction":0,"status":0},{"playerId":4120,"score":950,"energy":20,"posx":18,"posy":6,"lastAction":5,"status":0},{"playerId":131454,"score":850,"energy":30,"posx":18,"posy":6,"lastAction":5,"status":0},{"playerId":2287533,"score":900,"energy":16,"posx":18,"posy":2,"lastAction":4,"status":0}],"golds":[{"posx":1,"posy":0,"amount":300},{"posx":6,"posy":0,"amount":250},{"posx":19,"posy":1,"amount":450},{"posx":6,"posy":2,"amount":50},{"posx":7,"posy":2,"amount":150},{"posx":18,"posy":2,"amount":100},{"posx":2,"posy":3,"amount":400},{"posx":7,"posy":4,"amount":600},{"posx":1,"posy":6,"amount":100},{"posx":5,"posy":6,"amount":400},{"posx":18,"posy":6,"amount":150},{"posx":3,"posy":7,"amount":200},{"posx":15,"posy":7,"amount":50},{"posx":17,"posy":7,"amount":350}],"changedObstacles":[{"type":3,"posx":15,"posy":4,"value":-40}]},{"players":[{"playerId":2534350,"score":800,"energy":20,"posx":15,"posy":4,"lastAction":4,"status":0},{"playerId":4120,"score":1000,"energy":15,"posx":18,"posy":6,"lastAction":5,"status":0},{"playerId":131454,"score":900,"energy":25,"posx":18,"posy":6,"lastAction":5,"status":0},{"playerId":2287533,"score":950,"energy":11,"posx":18,"posy":2,"lastAction":5,"status":0}],"golds":[{"posx":1,"posy":0,"amount":300},{"posx":6,"posy":0,"amount":250},{"posx":19,"posy":1,"amount":450},{"posx":6,"posy":2,"amount":50},{"posx":7,"posy":2,"amount":150},{"posx":18,"posy":2,"amount":50},{"posx":2,"posy":3,"amount":400},{"posx":7,"posy":4,"amount":600},{"posx":1,"posy":6,"amount":100},{"posx":5,"posy":6,"amount":400},{"posx":18,"posy":6,"amount":50},{"posx":3,"posy":7,"amount":200},{"posx":15,"posy":7,"amount":50},{"posx":17,"posy":7,"amount":350}],"changedObstacles":[]},{"players":[{"playerId":2534350,"score":800,"energy":36,"posx":15,"posy":4,"lastAction":4,"status":0},{"playerId":4120,"score":1025,"energy":10,"posx":18,"posy":6,"lastAction":5,"status":0},{"playerId":131454,"score":925,"energy":20,"posx":18,"posy":6,"lastAction":5,"status":0},{"playerId":2287533,"score":1000,"energy":6,"posx":18,"posy":2,"lastAction":5,"status":0}],"golds":[{"posx":1,"posy":0,"amount":300},{"posx":6,"posy":0,"amount":250},{"posx":19,"posy":1,"amount":450},{"posx":6,"posy":2,"amount":50},{"posx":7,"posy":2,"amount":150},{"posx":2,"posy":3,"amount":400},{"posx":7,"posy":4,"amount":600},{"posx":1,"posy":6,"amount":100},{"posx":5,"posy":6,"amount":400},{"posx":3,"posy":7,"amount":200},{"posx":15,"posy":7,"amount":50},{"posx":17,"posy":7,"amount":350}],"changedObstacles":[{"type":0,"posx":18,"posy":2,"value":-1},{"type":0,"posx":18,"posy":6,"value":-1}]},{"players":[{"playerId":2534350,"score":800,"energy":35,"posx":14,"posy":4,"lastAction":0,"status":0},{"playerId":4120,"score":1025,"energy":9,"posx":17,"posy":6,"lastAction":0,"status":0},{"playerId":131454,"score":925,"energy":19,"posx":17,"posy":6,"lastAction":0,"status":0},{"playerId":2287533,"score":1000,"energy":18,"posx":18,"posy":2,"lastAction":4,"status":0}],"golds":[{"posx":1,"posy":0,"amount":300},{"posx":6,"posy":0,"amount":250},{"posx":19,"posy":1,"amount":450},{"posx":6,"posy":2,"amount":50},{"posx":7,"posy":2,"amount":150},{"posx":2,"posy":3,"amount":400},{"posx":7,"posy":4,"amount":600},{"posx":1,"posy":6,"amount":100},{"posx":5,"posy":6,"amount":400},{"posx":3,"posy":7,"amount":200},{"posx":15,"posy":7,"amount":50},{"posx":17,"posy":7,"amount":350}],"changedObstacles":[]},{"players":[{"playerId":2534350,"score":800,"energy":15,"posx":13,"posy":4,"lastAction":0,"status":0},{"playerId":4120,"score":1025,"energy":5,"posx":17,"posy":7,"lastAction":3,"status":0},{"playerId":131454,"score":925,"energy":15,"posx":17,"posy":7,"lastAction":3,"status":0},{"playerId":2287533,"score":1000,"energy":34,"posx":18,"posy":2,"lastAction":4,"status":0}],"golds":[{"posx":1,"posy":0,"amount":300},{"posx":6,"posy":0,"amount":250},{"posx":19,"posy":1,"amount":450},{"posx":6,"posy":2,"amount":50},{"posx":7,"posy":2,"amount":150},{"posx":2,"posy":3,"amount":400},{"posx":7,"posy":4,"amount":600},{"posx":1,"posy":6,"amount":100},{"posx":5,"posy":6,"amount":400},{"posx":3,"posy":7,"amount":200},{"posx":15,"posy":7,"amount":50},{"posx":17,"posy":7,"amount":350}],"changedObstacles":[{"type":3,"posx":13,"posy":4,"value":-40}]},{"players":[{"playerId":2534350,"score":800,"energy":27,"posx":13,"posy":4,"lastAction":4,"status":0},{"playerId":4120,"score":1025,"energy":17,"posx":17,"posy":7,"lastAction":4,"status":0},{"playerId":131454,"score":975,"energy":10,"posx":17,"posy":7,"lastAction":5,"status":0},{"playerId":2287533,"score":1000,"energy":33,"posx":19,"posy":2,"lastAction":1,"status":0}],"golds":[{"posx":1,"posy":0,"amount":300},{"posx":6,"posy":0,"amount":250},{"posx":19,"posy":1,"amount":450},{"posx":6,"posy":2,"amount":50},{"posx":7,"posy":2,"amount":150},{"posx":2,"posy":3,"amount":400},{"posx":7,"posy":4,"amount":600},{"posx":1,"posy":6,"amount":100},{"posx":5,"posy":6,"amount":400},{"posx":3,"posy":7,"amount":200},{"posx":15,"posy":7,"amount":50},{"posx":17,"posy":7,"amount":300}],"changedObstacles":[]},{"players":[{"playerId":2534350,"score":800,"energy":26,"posx":12,"posy":4,"lastAction":0,"status":0},{"playerId":4120,"score":1025,"energy":33,"posx":17,"posy":7,"lastAction":4,"status":0},{"playerId":131454,"score":1025,"energy":5,"posx":17,"posy":7,"lastAction":5,"status":0},{"playerId":2287533,"score":1000,"energy":29,"posx":19,"posy":1,"lastAction":2,"status":0}],"golds":[{"posx":1,"posy":0,"amount":300},{"posx":6,"posy":0,"amount":250},{"posx":19,"posy":1,"amount":450},{"posx":6,"posy":2,"amount":50},{"posx":7,"posy":2,"amount":150},{"posx":2,"posy":3,"amount":400},{"posx":7,"posy":4,"amount":600},{"posx":1,"posy":6,"amount":100},{"posx":5,"posy":6,"amount":400},{"posx":3,"posy":7,"amount":200},{"posx":15,"posy":7,"amount":50},{"posx":17,"posy":7,"amount":250}],"changedObstacles":[]},{"players":[{"playerId":2534350,"score":800,"energy":25,"posx":11,"posy":4,"lastAction":0,"status":0},{"playerId":4120,"score":1025,"energy":50,"posx":17,"posy":7,"lastAction":4,"status":0},{"playerId":131454,"score":1025,"energy":17,"posx":17,"posy":7,"lastAction":4,"status":0},{"playerId":2287533,"score":1050,"energy":24,"posx":19,"posy":1,"lastAction":5,"status":0}],"golds":[{"posx":1,"posy":0,"amount":300},{"posx":6,"posy":0,"amount":250},{"posx":19,"posy":1,"amount":400},{"posx":6,"posy":2,"amount":50},{"posx":7,"posy":2,"amount":150},{"posx":2,"posy":3,"amount":400},{"posx":7,"posy":4,"amount":600},{"posx":1,"posy":6,"amount":100},{"posx":5,"posy":6,"amount":400},{"posx":3,"posy":7,"amount":200},{"posx":15,"posy":7,"amount":50},{"posx":17,"posy":7,"amount":250}],"changedObstacles":[]},{"players":[{"playerId":2534350,"score":800,"energy":24,"posx":10,"posy":4,"lastAction":0,"status":0},{"playerId":4120,"score":1075,"energy":45,"posx":17,"posy":7,"lastAction":5,"status":0},{"playerId":131454,"score":1025,"energy":33,"posx":17,"posy":7,"lastAction":4,"status":0},{"playerId":2287533,"score":1100,"energy":19,"posx":19,"posy":1,"lastAction":5,"status":0}],"golds":[{"posx":1,"posy":0,"amount":300},{"posx":6,"posy":0,"amount":250},{"posx":19,"posy":1,"amount":350},{"posx":6,"posy":2,"amount":50},{"posx":7,"posy":2,"amount":150},{"posx":2,"posy":3,"amount":400},{"posx":7,"posy":4,"amount":600},{"posx":1,"posy":6,"amount":100},{"posx":5,"posy":6,"amount":400},{"posx":3,"posy":7,"amount":200},{"posx":15,"posy":7,"amount":50},{"posx":17,"posy":7,"amount":200}],"changedObstacles":[]},{"players":[{"playerId":2534350,"score":800,"energy":23,"posx":9,"posy":4,"lastAction":0,"status":0},{"playerId":4120,"score":1125,"energy":40,"posx":17,"posy":7,"lastAction":5,"status":0},{"playerId":131454,"score":1025,"energy":50,"posx":17,"posy":7,"lastAction":4,"status":0},{"playerId":2287533,"score":1150,"energy":14,"posx":19,"posy":1,"lastAction":5,"status":0}],"golds":[{"posx":1,"posy":0,"amount":300},{"posx":6,"posy":0,"amount":250},{"posx":19,"posy":1,"amount":300},{"posx":6,"posy":2,"amount":50},{"posx":7,"posy":2,"amount":150},{"posx":2,"posy":3,"amount":400},{"posx":7,"posy":4,"amount":600},{"posx":1,"posy":6,"amount":100},{"posx":5,"posy":6,"amount":400},{"posx":3,"posy":7,"amount":200},{"posx":15,"posy":7,"amount":50},{"posx":17,"posy":7,"amount":150}],"changedObstacles":[]},{"players":[{"playerId":2534350,"score":800,"energy":22,"posx":8,"posy":4,"lastAction":0,"status":0},{"playerId":4120,"score":1175,"energy":35,"posx":17,"posy":7,"lastAction":5,"status":0},{"playerId":131454,"score":1075,"energy":45,"posx":17,"posy":7,"lastAction":5,"status":0},{"playerId":2287533,"score":1200,"energy":9,"posx":19,"posy":1,"lastAction":5,"status":0}],"golds":[{"posx":1,"posy":0,"amount":300},{"posx":6,"posy":0,"amount":250},{"posx":19,"posy":1,"amount":250},{"posx":6,"posy":2,"amount":50},{"posx":7,"posy":2,"amount":150},{"posx":2,"posy":3,"amount":400},{"posx":7,"posy":4,"amount":600},{"posx":1,"posy":6,"amount":100},{"posx":5,"posy":6,"amount":400},{"posx":3,"posy":7,"amount":200},{"posx":15,"posy":7,"amount":50},{"posx":17,"posy":7,"amount":50}],"changedObstacles":[]},{"players":[{"playerId":2534350,"score":800,"energy":18,"posx":7,"posy":4,"lastAction":0,"status":0},{"playerId":4120,"score":1200,"energy":30,"posx":17,"posy":7,"lastAction":5,"status":0},{"playerId":131454,"score":1100,"energy":40,"posx":17,"posy":7,"lastAction":5,"status":0},{"playerId":2287533,"score":1250,"energy":4,"posx":19,"posy":1,"lastAction":5,"status":0}],"golds":[{"posx":1,"posy":0,"amount":300},{"posx":6,"posy":0,"amount":250},{"posx":19,"posy":1,"amount":200},{"posx":6,"posy":2,"amount":50},{"posx":7,"posy":2,"amount":150},{"posx":2,"posy":3,"amount":400},{"posx":7,"posy":4,"amount":600},{"posx":1,"posy":6,"amount":100},{"posx":5,"posy":6,"amount":400},{"posx":3,"posy":7,"amount":200},{"posx":15,"posy":7,"amount":50}],"changedObstacles":[{"type":0,"posx":17,"posy":7,"value":-1}]},{"players":[{"playerId":2534350,"score":850,"energy":13,"posx":7,"posy":4,"lastAction":5,"status":0},{"playerId":4120,"score":1200,"energy":29,"posx":17,"posy":6,"lastAction":2,"status":0},{"playerId":131454,"score":1100,"energy":35,"posx":16,"posy":7,"lastAction":0,"status":0},{"playerId":2287533,"score":1250,"energy":16,"posx":19,"posy":1,"lastAction":4,"status":0}],"golds":[{"posx":1,"posy":0,"amount":300},{"posx":6,"posy":0,"amount":250},{"posx":19,"posy":1,"amount":200},{"posx":6,"posy":2,"amount":50},{"posx":7,"posy":2,"amount":150},{"posx":2,"posy":3,"amount":400},{"posx":7,"posy":4,"amount":550},{"posx":1,"posy":6,"amount":100},{"posx":5,"posy":6,"amount":400},{"posx":3,"posy":7,"amount":200},{"posx":15,"posy":7,"amount":50}],"changedObstacles":[{"type":3,"posx":16,"posy":7,"value":-20}]},{"players":[{"playerId":2534350,"score":900,"energy":8,"posx":7,"posy":4,"lastAction":5,"status":0},{"playerId":4120,"score":1200,"energy":28,"posx":16,"posy":6,"lastAction":0,"status":0},{"playerId":131454,"score":1100,"energy":31,"posx":15,"posy":7,"lastAction":0,"status":0},{"playerId":2287533,"score":1300,"energy":11,"posx":19,"posy":1,"lastAction":5,"status":0}],"golds":[{"posx":1,"posy":0,"amount":300},{"posx":6,"posy":0,"amount":250},{"posx":19,"posy":1,"amount":150},{"posx":6,"posy":2,"amount":50},{"posx":7,"posy":2,"amount":150},{"posx":2,"posy":3,"amount":400},{"posx":7,"posy":4,"amount":500},{"posx":1,"posy":6,"amount":100},{"posx":5,"posy":6,"amount":400},{"posx":3,"posy":7,"amount":200},{"posx":15,"posy":7,"amount":50}],"changedObstacles":[]},{"players":[{"playerId":2534350,"score":950,"energy":3,"posx":7,"posy":4,"lastAction":5,"status":0},{"playerId":4120,"score":1200,"energy":27,"posx":15,"posy":6,"lastAction":0,"status":0},{"playerId":131454,"score":1150,"energy":26,"posx":15,"posy":7,"lastAction":5,"status":0},{"playerId":2287533,"score":1350,"energy":6,"posx":19,"posy":1,"lastAction":5,"status":0}],"golds":[{"posx":1,"posy":0,"amount":300},{"posx":6,"posy":0,"amount":250},{"posx":19,"posy":1,"amount":100},{"posx":6,"posy":2,"amount":50},{"posx":7,"posy":2,"amount":150},{"posx":2,"posy":3,"amount":400},{"posx":7,"posy":4,"amount":450},{"posx":1,"posy":6,"amount":100},{"posx":5,"posy":6,"amount":400},{"posx":3,"posy":7,"amount":200}],"changedObstacles":[{"type":0,"posx":15,"posy":7,"value":-1}]},{"players":[{"playerId":2534350,"score":950,"energy":15,"posx":7,"posy":4,"lastAction":4,"status":0},{"playerId":4120,"score":1200,"energy":26,"posx":14,"posy":6,"lastAction":0,"status":0},{"playerId":131454,"score":1150,"energy":25,"posx":15,"posy":6,"lastAction":2,"status":0},{"playerId":2287533,"score":1400,"energy":1,"posx":19,"posy":1,"lastAction":5,"status":0}],"golds":[{"posx":1,"posy":0,"amount":300},{"posx":6,"posy":0,"amount":250},{"posx":19,"posy":1,"amount":50},{"posx":6,"posy":2,"amount":50},{"posx":7,"posy":2,"amount":150},{"posx":2,"posy":3,"amount":400},{"posx":7,"posy":4,"amount":450},{"posx":1,"posy":6,"amount":100},{"posx":5,"posy":6,"amount":400},{"posx":3,"posy":7,"amount":200}],"changedObstacles":[]},{"players":[{"playerId":2534350,"score":1000,"energy":10,"posx":7,"posy":4,"lastAction":5,"status":0},{"playerId":4120,"score":1200,"energy":11,"posx":14,"posy":5,"lastAction":2,"status":0},{"playerId":131454,"score":1150,"energy":24,"posx":15,"posy":5,"lastAction":2,"status":0},{"playerId":2287533,"score":1400,"energy":13,"posx":19,"posy":1,"lastAction":4,"status":0}],"golds":[{"posx":1,"posy":0,"amount":300},{"posx":6,"posy":0,"amount":250},{"posx":19,"posy":1,"amount":50},{"posx":6,"posy":2,"amount":50},{"posx":7,"posy":2,"amount":150},{"posx":2,"posy":3,"amount":400},{"posx":7,"posy":4,"amount":400},{"posx":1,"posy":6,"amount":100},{"posx":5,"posy":6,"amount":400},{"posx":3,"posy":7,"amount":200}],"changedObstacles":[]},{"players":[{"playerId":2534350,"score":1050,"energy":5,"posx":7,"posy":4,"lastAction":5,"status":0},{"playerId":4120,"score":1200,"energy":10,"posx":13,"posy":5,"lastAction":0,"status":0},{"playerId":131454,"score":1150,"energy":18,"posx":14,"posy":5,"lastAction":0,"status":0},{"playerId":2287533,"score":1450,"energy":8,"posx":19,"posy":1,"lastAction":5,"status":0}],"golds":[{"posx":1,"posy":0,"amount":300},{"posx":6,"posy":0,"amount":250},{"posx":6,"posy":2,"amount":50},{"posx":7,"posy":2,"amount":150},{"posx":2,"posy":3,"amount":400},{"posx":7,"posy":4,"amount":350},{"posx":1,"posy":6,"amount":100},{"posx":5,"posy":6,"amount":400},{"posx":3,"posy":7,"amount":200}],"changedObstacles":[{"type":0,"posx":19,"posy":1,"value":-1}]},{"players":[{"playerId":2534350,"score":1050,"energy":17,"posx":7,"posy":4,"lastAction":4,"status":0},{"playerId":4120,"score":1200,"energy":9,"posx":12,"posy":5,"lastAction":0,"status":0},{"playerId":131454,"score":1150,"energy":17,"posx":13,"posy":5,"lastAction":0,"status":0},{"playerId":2287533,"score":1450,"energy":20,"posx":19,"posy":1,"lastAction":4,"status":0}],"golds":[{"posx":1,"posy":0,"amount":300},{"posx":6,"posy":0,"amount":250},{"posx":6,"posy":2,"amount":50},{"posx":7,"posy":2,"amount":150},{"posx":2,"posy":3,"amount":400},{"posx":7,"posy":4,"amount":350},{"posx":1,"posy":6,"amount":100},{"posx":5,"posy":6,"amount":400},{"posx":3,"posy":7,"amount":200}],"changedObstacles":[]},{"players":[{"playerId":2534350,"score":1100,"energy":12,"posx":7,"posy":4,"lastAction":5,"status":0},{"playerId":4120,"score":1200,"energy":8,"posx":12,"posy":4,"lastAction":2,"status":0},{"playerId":131454,"score":1150,"energy":16,"posx":12,"posy":5,"lastAction":0,"status":0},{"playerId":2287533,"score":1450,"energy":36,"posx":19,"posy":1,"lastAction":4,"status":0}],"golds":[{"posx":1,"posy":0,"amount":300},{"posx":6,"posy":0,"amount":250},{"posx":6,"posy":2,"amount":50},{"posx":7,"posy":2,"amount":150},{"posx":2,"posy":3,"amount":400},{"posx":7,"posy":4,"amount":300},{"posx":1,"posy":6,"amount":100},{"posx":5,"posy":6,"amount":400},{"posx":3,"posy":7,"amount":200}],"changedObstacles":[]},{"players":[{"playerId":2534350,"score":1150,"energy":7,"posx":7,"posy":4,"lastAction":5,"status":0},{"playerId":4120,"score":1200,"energy":7,"posx":11,"posy":4,"lastAction":0,"status":0},{"playerId":131454,"score":1150,"energy":15,"posx":12,"posy":4,"lastAction":2,"status":0},{"playerId":2287533,"score":1450,"energy":50,"posx":19,"posy":1,"lastAction":4,"status":0}],"golds":[{"posx":1,"posy":0,"amount":300},{"posx":6,"posy":0,"amount":250},{"posx":6,"posy":2,"amount":50},{"posx":7,"posy":2,"amount":150},{"posx":2,"posy":3,"amount":400},{"posx":7,"posy":4,"amount":250},{"posx":1,"posy":6,"amount":100},{"posx":5,"posy":6,"amount":400},{"posx":3,"posy":7,"amount":200}],"changedObstacles":[]},{"players":[{"playerId":2534350,"score":1200,"energy":2,"posx":7,"posy":4,"lastAction":5,"status":0},{"playerId":4120,"score":1200,"energy":6,"posx":10,"posy":4,"lastAction":0,"status":0},{"playerId":131454,"score":1150,"energy":14,"posx":11,"posy":4,"lastAction":0,"status":0},{"playerId":2287533,"score":1450,"energy":49,"posx":18,"posy":1,"lastAction":0,"status":0}],"golds":[{"posx":1,"posy":0,"amount":300},{"posx":6,"posy":0,"amount":250},{"posx":6,"posy":2,"amount":50},{"posx":7,"posy":2,"amount":150},{"posx":2,"posy":3,"amount":400},{"posx":7,"posy":4,"amount":200},{"posx":1,"posy":6,"amount":100},{"posx":5,"posy":6,"amount":400},{"posx":3,"posy":7,"amount":200}],"changedObstacles":[]},{"players":[{"playerId":2534350,"score":1200,"energy":14,"posx":7,"posy":4,"lastAction":4,"status":0},{"playerId":4120,"score":1200,"energy":5,"posx":9,"posy":4,"lastAction":0,"status":0},{"playerId":131454,"score":1150,"energy":13,"posx":10,"posy":4,"lastAction":0,"status":0},{"playerId":2287533,"score":1450,"energy":37,"posx":17,"posy":1,"lastAction":0,"status":0}],"golds":[{"posx":1,"posy":0,"amount":300},{"posx":6,"posy":0,"amount":250},{"posx":6,"posy":2,"amount":50},{"posx":7,"posy":2,"amount":150},{"posx":2,"posy":3,"amount":400},{"posx":7,"posy":4,"amount":200},{"posx":1,"posy":6,"amount":100},{"posx":5,"posy":6,"amount":400},{"posx":3,"posy":7,"amount":200}],"changedObstacles":[]},{"players":[{"playerId":2534350,"score":1250,"energy":9,"posx":7,"posy":4,"lastAction":5,"status":0},{"playerId":4120,"score":1200,"energy":17,"posx":9,"posy":4,"lastAction":4,"status":0},{"playerId":131454,"score":1150,"energy":12,"posx":9,"posy":4,"lastAction":0,"status":0},{"playerId":2287533,"score":1450,"energy":49,"posx":17,"posy":1,"lastAction":4,"status":0}],"golds":[{"posx":1,"posy":0,"amount":300},{"posx":6,"posy":0,"amount":250},{"posx":6,"posy":2,"amount":50},{"posx":7,"posy":2,"amount":150},{"posx":2,"posy":3,"amount":400},{"posx":7,"posy":4,"amount":150},{"posx":1,"posy":6,"amount":100},{"posx":5,"posy":6,"amount":400},{"posx":3,"posy":7,"amount":200}],"changedObstacles":[]},{"players":[{"playerId":2534350,"score":1300,"energy":4,"posx":7,"posy":4,"lastAction":5,"status":0},{"playerId":4120,"score":1200,"energy":33,"posx":9,"posy":4,"lastAction":4,"status":0},{"playerId":131454,"score":1150,"energy":11,"posx":8,"posy":4,"lastAction":0,"status":0},{"playerId":2287533,"score":1450,"energy":48,"posx":16,"posy":1,"lastAction":0,"status":0}],"golds":[{"posx":1,"posy":0,"amount":300},{"posx":6,"posy":0,"amount":250},{"posx":6,"posy":2,"amount":50},{"posx":7,"posy":2,"amount":150},{"posx":2,"posy":3,"amount":400},{"posx":7,"posy":4,"amount":100},{"posx":1,"posy":6,"amount":100},{"posx":5,"posy":6,"amount":400},{"posx":3,"posy":7,"amount":200}],"changedObstacles":[]},{"players":[{"playerId":2534350,"score":1300,"energy":16,"posx":7,"posy":4,"lastAction":4,"status":0},{"playerId":4120,"score":1200,"energy":50,"posx":9,"posy":4,"lastAction":4,"status":0},{"playerId":131454,"score":1150,"energy":7,"posx":7,"posy":4,"lastAction":0,"status":0},{"playerId":2287533,"score":1450,"energy":47,"posx":15,"posy":1,"lastAction":0,"status":0}],"golds":[{"posx":1,"posy":0,"amount":300},{"posx":6,"posy":0,"amount":250},{"posx":6,"posy":2,"amount":50},{"posx":7,"posy":2,"amount":150},{"posx":2,"posy":3,"amount":400},{"posx":7,"posy":4,"amount":100},{"posx":1,"posy":6,"amount":100},{"posx":5,"posy":6,"amount":400},{"posx":3,"posy":7,"amount":200}],"changedObstacles":[]},{"players":[{"playerId":2534350,"score":1350,"energy":11,"posx":7,"posy":4,"lastAction":5,"status":0},{"playerId":4120,"score":1200,"energy":49,"posx":8,"posy":4,"lastAction":0,"status":0},{"playerId":131454,"score":1200,"energy":2,"posx":7,"posy":4,"lastAction":5,"status":0},{"playerId":2287533,"score":1450,"energy":46,"posx":14,"posy":1,"lastAction":0,"status":0}],"golds":[{"posx":1,"posy":0,"amount":300},{"posx":6,"posy":0,"amount":250},{"posx":6,"posy":2,"amount":50},{"posx":7,"posy":2,"amount":150},{"posx":2,"posy":3,"amount":400},{"posx":1,"posy":6,"amount":100},{"posx":5,"posy":6,"amount":400},{"posx":3,"posy":7,"amount":200}],"changedObstacles":[{"type":0,"posx":7,"posy":4,"value":-1}]},{"players":[{"playerId":2534350,"score":1350,"energy":23,"posx":7,"posy":4,"lastAction":4,"status":0},{"playerId":4120,"score":1200,"energy":48,"posx":7,"posy":4,"lastAction":0,"status":0},{"playerId":131454,"score":1200,"energy":14,"posx":7,"posy":4,"lastAction":4,"status":0},{"playerId":2287533,"score":1450,"energy":45,"posx":13,"posy":1,"lastAction":0,"status":0}],"golds":[{"posx":1,"posy":0,"amount":300},{"posx":6,"posy":0,"amount":250},{"posx":6,"posy":2,"amount":50},{"posx":7,"posy":2,"amount":150},{"posx":2,"posy":3,"amount":400},{"posx":1,"posy":6,"amount":100},{"posx":5,"posy":6,"amount":400},{"posx":3,"posy":7,"amount":200}],"changedObstacles":[]},{"players":[{"playerId":2534350,"score":1350,"energy":22,"posx":7,"posy":5,"lastAction":3,"status":0},{"playerId":4120,"score":1200,"energy":47,"posx":7,"posy":5,"lastAction":3,"status":0},{"playerId":131454,"score":1200,"energy":30,"posx":7,"posy":4,"lastAction":4,"status":0},{"playerId":2287533,"score":1450,"energy":44,"posx":12,"posy":1,"lastAction":0,"status":0}],"golds":[{"posx":1,"posy":0,"amount":300},{"posx":6,"posy":0,"amount":250},{"posx":6,"posy":2,"amount":50},{"posx":7,"posy":2,"amount":150},{"posx":2,"posy":3,"amount":400},{"posx":1,"posy":6,"amount":100},{"posx":5,"posy":6,"amount":400},{"posx":3,"posy":7,"amount":200}],"changedObstacles":[]},{"players":[{"playerId":2534350,"score":1350,"energy":21,"posx":6,"posy":5,"lastAction":0,"status":0},{"playerId":4120,"score":1200,"energy":46,"posx":6,"posy":5,"lastAction":0,"status":0},{"playerId":131454,"score":1200,"energy":50,"posx":7,"posy":4,"lastAction":4,"status":0},{"playerId":2287533,"score":1450,"energy":32,"posx":11,"posy":1,"lastAction":0,"status":0}],"golds":[{"posx":1,"posy":0,"amount":300},{"posx":6,"posy":0,"amount":250},{"posx":6,"posy":2,"amount":50},{"posx":7,"posy":2,"amount":150},{"posx":2,"posy":3,"amount":400},{"posx":1,"posy":6,"amount":100},{"posx":5,"posy":6,"amount":400},{"posx":3,"posy":7,"amount":200}],"changedObstacles":[]},{"players":[{"playerId":2534350,"score":1350,"energy":16,"posx":6,"posy":6,"lastAction":3,"status":0},{"playerId":4120,"score":1200,"energy":41,"posx":6,"posy":6,"lastAction":3,"status":0},{"playerId":131454,"score":1200,"energy":37,"posx":7,"posy":3,"lastAction":2,"status":0},{"playerId":2287533,"score":1450,"energy":27,"posx":10,"posy":1,"lastAction":0,"status":0}],"golds":[{"posx":1,"posy":0,"amount":300},{"posx":6,"posy":0,"amount":250},{"posx":6,"posy":2,"amount":50},{"posx":7,"posy":2,"amount":150},{"posx":2,"posy":3,"amount":400},{"posx":1,"posy":6,"amount":100},{"posx":5,"posy":6,"amount":400},{"posx":3,"posy":7,"amount":200}],"changedObstacles":[{"type":3,"posx":10,"posy":1,"value":-20},{"type":3,"posx":6,"posy":6,"value":-20}]},{"players":[{"playerId":2534350,"score":1350,"energy":12,"posx":5,"posy":6,"lastAction":0,"status":0},{"playerId":4120,"score":1200,"energy":37,"posx":5,"posy":6,"lastAction":0,"status":0},{"playerId":131454,"score":1200,"energy":33,"posx":7,"posy":2,"lastAction":2,"status":0},{"playerId":2287533,"score":1450,"energy":39,"posx":10,"posy":1,"lastAction":4,"status":0}],"golds":[{"posx":1,"posy":0,"amount":300},{"posx":6,"posy":0,"amount":250},{"posx":6,"posy":2,"amount":50},{"posx":7,"posy":2,"amount":150},{"posx":2,"posy":3,"amount":400},{"posx":1,"posy":6,"amount":100},{"posx":5,"posy":6,"amount":400},{"posx":3,"posy":7,"amount":200}],"changedObstacles":[]},{"players":[{"playerId":2534350,"score":1400,"energy":7,"posx":5,"posy":6,"lastAction":5,"status":0},{"playerId":4120,"score":1250,"energy":32,"posx":5,"posy":6,"lastAction":5,"status":0},{"playerId":131454,"score":1250,"energy":28,"posx":7,"posy":2,"lastAction":5,"status":0},{"playerId":2287533,"score":1450,"energy":34,"posx":9,"posy":1,"lastAction":0,"status":0}],"golds":[{"posx":1,"posy":0,"amount":300},{"posx":6,"posy":0,"amount":250},{"posx":6,"posy":2,"amount":50},{"posx":7,"posy":2,"amount":100},{"posx":2,"posy":3,"amount":400},{"posx":1,"posy":6,"amount":100},{"posx":5,"posy":6,"amount":300},{"posx":3,"posy":7,"amount":200}],"changedObstacles":[{"type":3,"posx":9,"posy":1,"value":-20}]},{"players":[{"playerId":2534350,"score":1450,"energy":2,"posx":5,"posy":6,"lastAction":5,"status":0},{"playerId":4120,"score":1300,"energy":27,"posx":5,"posy":6,"lastAction":5,"status":0},{"playerId":131454,"score":1300,"energy":23,"posx":7,"posy":2,"lastAction":5,"status":0},{"playerId":2287533,"score":1450,"energy":14,"posx":10,"posy":1,"lastAction":1,"status":0}],"golds":[{"posx":1,"posy":0,"amount":300},{"posx":6,"posy":0,"amount":250},{"posx":6,"posy":2,"amount":50},{"posx":7,"posy":2,"amount":50},{"posx":2,"posy":3,"amount":400},{"posx":1,"posy":6,"amount":100},{"posx":5,"posy":6,"amount":200},{"posx":3,"posy":7,"amount":200}],"changedObstacles":[{"type":3,"posx":10,"posy":1,"value":-40}]},{"players":[{"playerId":2534350,"score":1450,"energy":14,"posx":5,"posy":6,"lastAction":4,"status":0},{"playerId":4120,"score":1350,"energy":22,"posx":5,"posy":6,"lastAction":5,"status":0},{"playerId":131454,"score":1350,"energy":18,"posx":7,"posy":2,"lastAction":5,"status":0},{"playerId":2287533,"score":1450,"energy":26,"posx":10,"posy":1,"lastAction":4,"status":0}],"golds":[{"posx":1,"posy":0,"amount":300},{"posx":6,"posy":0,"amount":250},{"posx":6,"posy":2,"amount":50},{"posx":2,"posy":3,"amount":400},{"posx":1,"posy":6,"amount":100},{"posx":5,"posy":6,"amount":150},{"posx":3,"posy":7,"amount":200}],"changedObstacles":[{"type":0,"posx":7,"posy":2,"value":-1}]},{"players":[{"playerId":2534350,"score":1500,"energy":9,"posx":5,"posy":6,"lastAction":5,"status":0},{"playerId":4120,"score":1400,"energy":17,"posx":5,"posy":6,"lastAction":5,"status":0},{"playerId":131454,"score":1350,"energy":14,"posx":6,"posy":2,"lastAction":0,"status":0},{"playerId":2287533,"score":1450,"energy":21,"posx":11,"posy":1,"lastAction":1,"status":0}],"golds":[{"posx":1,"posy":0,"amount":300},{"posx":6,"posy":0,"amount":250},{"posx":6,"posy":2,"amount":50},{"posx":2,"posy":3,"amount":400},{"posx":1,"posy":6,"amount":100},{"posx":5,"posy":6,"amount":50},{"posx":3,"posy":7,"amount":200}],"changedObstacles":[]},{"players":[{"playerId":2534350,"score":1525,"energy":4,"posx":5,"posy":6,"lastAction":5,"status":0},{"playerId":4120,"score":1425,"energy":12,"posx":5,"posy":6,"lastAction":5,"status":0},{"playerId":131454,"score":1400,"energy":9,"posx":6,"posy":2,"lastAction":5,"status":0},{"playerId":2287533,"score":1450,"energy":33,"posx":11,"posy":1,"lastAction":4,"status":0}],"golds":[{"posx":1,"posy":0,"amount":300},{"posx":6,"posy":0,"amount":250},{"posx":2,"posy":3,"amount":400},{"posx":1,"posy":6,"amount":100},{"posx":3,"posy":7,"amount":200}],"changedObstacles":[{"type":0,"posx":5,"posy":6,"value":-1},{"type":0,"posx":6,"posy":2,"value":-1}]},{"players":[{"playerId":2534350,"score":1525,"energy":16,"posx":5,"posy":6,"lastAction":4,"status":0},{"playerId":4120,"score":1425,"energy":11,"posx":5,"posy":7,"lastAction":3,"status":0},{"playerId":131454,"score":1400,"energy":8,"posx":6,"posy":1,"lastAction":2,"status":0},{"playerId":2287533,"score":1450,"energy":32,"posx":11,"posy":0,"lastAction":2,"status":0}],"golds":[{"posx":1,"posy":0,"amount":300},{"posx":6,"posy":0,"amount":250},{"posx":2,"posy":3,"amount":400},{"posx":1,"posy":6,"amount":100},{"posx":3,"posy":7,"amount":200}],"changedObstacles":[]},{"players":[{"playerId":2534350,"score":1525,"energy":32,"posx":5,"posy":6,"lastAction":4,"status":0},{"playerId":4120,"score":1425,"energy":10,"posx":4,"posy":7,"lastAction":0,"status":0},{"playerId":131454,"score":1400,"energy":4,"posx":6,"posy":0,"lastAction":2,"status":0},{"playerId":2287533,"score":1450,"energy":31,"posx":10,"posy":0,"lastAction":0,"status":0}],"golds":[{"posx":1,"posy":0,"amount":300},{"posx":6,"posy":0,"amount":250},{"posx":2,"posy":3,"amount":400},{"posx":1,"posy":6,"amount":100},{"posx":3,"posy":7,"amount":200}],"changedObstacles":[]},{"players":[{"playerId":2534350,"score":1525,"energy":22,"posx":5,"posy":5,"lastAction":2,"status":0},{"playerId":4120,"score":1425,"energy":6,"posx":3,"posy":7,"lastAction":0,"status":0},{"playerId":131454,"score":1400,"energy":16,"posx":6,"posy":0,"lastAction":4,"status":0},{"playerId":2287533,"score":1450,"energy":26,"posx":9,"posy":0,"lastAction":0,"status":0}],"golds":[{"posx":1,"posy":0,"amount":300},{"posx":6,"posy":0,"amount":250},{"posx":2,"posy":3,"amount":400},{"posx":1,"posy":6,"amount":100},{"posx":3,"posy":7,"amount":200}],"changedObstacles":[{"type":3,"posx":9,"posy":0,"value":-20},{"type":0,"posx":5,"posy":5,"value":-1}]},{"players":[{"playerId":2534350,"score":1525,"energy":7,"posx":4,"posy":5,"lastAction":0,"status":0},{"playerId":4120,"score":1475,"energy":1,"posx":3,"posy":7,"lastAction":5,"status":0},{"playerId":131454,"score":1400,"energy":32,"posx":6,"posy":0,"lastAction":4,"status":0},{"playerId":2287533,"score":1450,"energy":25,"posx":8,"posy":0,"lastAction":0,"status":0}],"golds":[{"posx":1,"posy":0,"amount":300},{"posx":6,"posy":0,"amount":250},{"posx":2,"posy":3,"amount":400},{"posx":1,"posy":6,"amount":100},{"posx":3,"posy":7,"amount":150}],"changedObstacles":[]},{"players":[{"playerId":2534350,"score":1525,"energy":19,"posx":4,"posy":5,"lastAction":4,"status":0},{"playerId":4120,"score":1475,"energy":13,"posx":3,"posy":7,"lastAction":4,"status":0},{"playerId":131454,"score":1400,"energy":50,"posx":6,"posy":0,"lastAction":4,"status":0},{"playerId":2287533,"score":1450,"energy":37,"posx":8,"posy":0,"lastAction":4,"status":0}],"golds":[{"posx":1,"posy":0,"amount":300},{"posx":6,"posy":0,"amount":250},{"posx":2,"posy":3,"amount":400},{"posx":1,"posy":6,"amount":100},{"posx":3,"posy":7,"amount":150}],"changedObstacles":[]},{"players":[{"playerId":2534350,"score":1525,"energy":35,"posx":4,"posy":5,"lastAction":4,"status":0},{"playerId":4120,"score":1475,"energy":29,"posx":3,"posy":7,"lastAction":4,"status":0},{"playerId":131454,"score":1450,"energy":45,"posx":6,"posy":0,"lastAction":5,"status":0},{"playerId":2287533,"score":1450,"energy":36,"posx":7,"posy":0,"lastAction":0,"status":0}],"golds":[{"posx":1,"posy":0,"amount":300},{"posx":6,"posy":0,"amount":200},{"posx":2,"posy":3,"amount":400},{"posx":1,"posy":6,"amount":100},{"posx":3,"posy":7,"amount":150}],"changedObstacles":[]},{"players":[{"playerId":2534350,"score":1525,"energy":34,"posx":4,"posy":4,"lastAction":2,"status":0},{"playerId":4120,"score":1475,"energy":50,"posx":3,"posy":7,"lastAction":4,"status":0},{"playerId":131454,"score":1500,"energy":40,"posx":6,"posy":0,"lastAction":5,"status":0},{"playerId":2287533,"score":1450,"energy":32,"posx":6,"posy":0,"lastAction":0,"status":0}],"golds":[{"posx":1,"posy":0,"amount":300},{"posx":6,"posy":0,"amount":150},{"posx":2,"posy":3,"amount":400},{"posx":1,"posy":6,"amount":100},{"posx":3,"posy":7,"amount":150}],"changedObstacles":[]},{"players":[{"playerId":2534350,"score":1525,"energy":33,"posx":3,"posy":4,"lastAction":0,"status":0},{"playerId":4120,"score":1525,"energy":45,"posx":3,"posy":7,"lastAction":5,"status":0},{"playerId":131454,"score":1550,"energy":35,"posx":6,"posy":0,"lastAction":5,"status":0},{"playerId":2287533,"score":1500,"energy":27,"posx":6,"posy":0,"lastAction":5,"status":0}],"golds":[{"posx":1,"posy":0,"amount":300},{"posx":6,"posy":0,"amount":50},{"posx":2,"posy":3,"amount":400},{"posx":1,"posy":6,"amount":100},{"posx":3,"posy":7,"amount":100}],"changedObstacles":[]},{"players":[{"playerId":2534350,"score":1525,"energy":32,"posx":3,"posy":3,"lastAction":2,"status":0},{"playerId":4120,"score":1575,"energy":40,"posx":3,"posy":7,"lastAction":5,"status":0},{"playerId":131454,"score":1575,"energy":30,"posx":6,"posy":0,"lastAction":5,"status":0},{"playerId":2287533,"score":1525,"energy":22,"posx":6,"posy":0,"lastAction":5,"status":0}],"golds":[{"posx":1,"posy":0,"amount":300},{"posx":2,"posy":3,"amount":400},{"posx":1,"posy":6,"amount":100},{"posx":3,"posy":7,"amount":50}],"changedObstacles":[{"type":0,"posx":6,"posy":0,"value":-1}]},{"players":[{"playerId":2534350,"score":1525,"energy":28,"posx":2,"posy":3,"lastAction":0,"status":0},{"playerId":4120,"score":1625,"energy":35,"posx":3,"posy":7,"lastAction":5,"status":0},{"playerId":131454,"score":1575,"energy":29,"posx":5,"posy":0,"lastAction":0,"status":0},{"playerId":2287533,"score":1525,"energy":21,"posx":5,"posy":0,"lastAction":0,"status":0}],"golds":[{"posx":1,"posy":0,"amount":300},{"posx":2,"posy":3,"amount":400},{"posx":1,"posy":6,"amount":100}],"changedObstacles":[{"type":0,"posx":3,"posy":7,"value":-1}]},{"players":[{"playerId":2534350,"score":1575,"energy":23,"posx":2,"posy":3,"lastAction":5,"status":0},{"playerId":4120,"score":1625,"energy":34,"posx":3,"posy":6,"lastAction":2,"status":0},{"playerId":131454,"score":1575,"energy":19,"posx":4,"posy":0,"lastAction":0,"status":0},{"playerId":2287533,"score":1525,"energy":33,"posx":5,"posy":0,"lastAction":4,"status":0}],"golds":[{"posx":1,"posy":0,"amount":300},{"posx":2,"posy":3,"amount":350},{"posx":1,"posy":6,"amount":100}],"changedObstacles":[]},{"players":[{"playerId":2534350,"score":1625,"energy":18,"posx":2,"posy":3,"lastAction":5,"status":0},{"playerId":4120,"score":1625,"energy":33,"posx":3,"posy":5,"lastAction":2,"status":0},{"playerId":131454,"score":1575,"energy":9,"posx":3,"posy":0,"lastAction":0,"status":0},{"playerId":2287533,"score":1525,"energy":18,"posx":4,"posy":0,"lastAction":0,"status":0}],"golds":[{"posx":1,"posy":0,"amount":300},{"posx":2,"posy":3,"amount":300},{"posx":1,"posy":6,"amount":100}],"changedObstacles":[{"type":0,"posx":3,"posy":0,"value":-1}]},{"players":[{"playerId":2534350,"score":1675,"energy":13,"posx":2,"posy":3,"lastAction":5,"status":0},{"playerId":4120,"score":1625,"energy":32,"posx":3,"posy":4,"lastAction":2,"status":0},{"playerId":131454,"score":1575,"energy":8,"posx":2,"posy":0,"lastAction":0,"status":0},{"playerId":2287533,"score":1525,"energy":30,"posx":4,"posy":0,"lastAction":4,"status":0}],"golds":[{"posx":1,"posy":0,"amount":300},{"posx":2,"posy":3,"amount":250},{"posx":1,"posy":6,"amount":100}],"changedObstacles":[]},{"players":[{"playerId":2534350,"score":1725,"energy":8,"posx":2,"posy":3,"lastAction":5,"status":0},{"playerId":4120,"score":1625,"energy":31,"posx":3,"posy":3,"lastAction":2,"status":0},{"playerId":131454,"score":1575,"energy":4,"posx":1,"posy":0,"lastAction":0,"status":0},{"playerId":2287533,"score":1525,"energy":29,"posx":3,"posy":0,"lastAction":0,"status":0}],"golds":[{"posx":1,"posy":0,"amount":300},{"posx":2,"posy":3,"amount":200},{"posx":1,"posy":6,"amount":100}],"changedObstacles":[]},{"players":[{"playerId":2534350,"score":1775,"energy":3,"posx":2,"posy":3,"lastAction":5,"status":0},{"playerId":4120,"score":1625,"energy":27,"posx":2,"posy":3,"lastAction":0,"status":0},{"playerId":131454,"score":1575,"energy":16,"posx":1,"posy":0,"lastAction":4,"status":0},{"playerId":2287533,"score":1525,"energy":28,"posx":2,"posy":0,"lastAction":0,"status":0}],"golds":[{"posx":1,"posy":0,"amount":300},{"posx":2,"posy":3,"amount":150},{"posx":1,"posy":6,"amount":100}],"changedObstacles":[]},{"players":[{"playerId":2534350,"score":1775,"energy":15,"posx":2,"posy":3,"lastAction":4,"status":0},{"playerId":4120,"score":1675,"energy":22,"posx":2,"posy":3,"lastAction":5,"status":0},{"playerId":131454,"score":1575,"energy":32,"posx":1,"posy":0,"lastAction":4,"status":0},{"playerId":2287533,"score":1525,"energy":24,"posx":1,"posy":0,"lastAction":0,"status":0}],"golds":[{"posx":1,"posy":0,"amount":300},{"posx":2,"posy":3,"amount":100},{"posx":1,"posy":6,"amount":100}],"changedObstacles":[]},{"players":[{"playerId":2534350,"score":1825,"energy":10,"posx":2,"posy":3,"lastAction":5,"status":0},{"playerId":4120,"score":1725,"energy":17,"posx":2,"posy":3,"lastAction":5,"status":0},{"playerId":131454,"score":1575,"energy":50,"posx":1,"posy":0,"lastAction":4,"status":0},{"playerId":2287533,"score":1575,"energy":19,"posx":1,"posy":0,"lastAction":5,"status":0}],"golds":[{"posx":1,"posy":0,"amount":250},{"posx":1,"posy":6,"amount":100}],"changedObstacles":[{"type":0,"posx":2,"posy":3,"value":-1}]},{"players":[{"playerId":2534350,"score":1825,"energy":22,"posx":2,"posy":3,"lastAction":4,"status":0},{"playerId":4120,"score":1725,"energy":16,"posx":2,"posy":2,"lastAction":2,"status":0},{"playerId":131454,"score":1625,"energy":45,"posx":1,"posy":0,"lastAction":5,"status":0},{"playerId":2287533,"score":1625,"energy":14,"posx":1,"posy":0,"lastAction":5,"status":0}],"golds":[{"posx":1,"posy":0,"amount":150},{"posx":1,"posy":6,"amount":100}],"changedObstacles":[]},{"players":[{"playerId":2534350,"score":1825,"energy":21,"posx":2,"posy":2,"lastAction":2,"status":0},{"playerId":4120,"score":1725,"energy":15,"posx":2,"posy":1,"lastAction":2,"status":0},{"playerId":131454,"score":1675,"energy":40,"posx":1,"posy":0,"lastAction":5,"status":0},{"playerId":2287533,"score":1675,"energy":9,"posx":1,"posy":0,"lastAction":5,"status":0}],"golds":[{"posx":1,"posy":0,"amount":50},{"posx":1,"posy":6,"amount":100}],"changedObstacles":[]},{"players":[{"playerId":2534350,"score":1825,"energy":20,"posx":2,"posy":3,"lastAction":3,"status":0},{"playerId":4120,"score":1725,"energy":14,"posx":2,"posy":0,"lastAction":2,"status":0},{"playerId":131454,"score":1700,"energy":35,"posx":1,"posy":0,"lastAction":5,"status":0},{"playerId":2287533,"score":1700,"energy":4,"posx":1,"posy":0,"lastAction":5,"status":0}],"golds":[{"posx":1,"posy":6,"amount":100}],"changedObstacles":[{"type":0,"posx":1,"posy":0,"value":-1}]},{"players":[{"playerId":2534350,"score":1825,"energy":32,"posx":2,"posy":3,"lastAction":4,"status":0},{"playerId":4120,"score":1725,"energy":13,"posx":2,"posy":1,"lastAction":3,"status":0},{"playerId":131454,"score":1700,"energy":25,"posx":1,"posy":1,"lastAction":3,"status":0},{"playerId":2287533,"score":1700,"energy":16,"posx":1,"posy":0,"lastAction":4,"status":0}],"golds":[{"posx":1,"posy":6,"amount":100}],"changedObstacles":[{"type":0,"posx":1,"posy":1,"value":-1}]},{"players":[{"playerId":2534350,"score":1825,"energy":27,"posx":2,"posy":4,"lastAction":3,"status":0},{"playerId":4120,"score":1725,"energy":12,"posx":2,"posy":2,"lastAction":3,"status":0},{"playerId":131454,"score":1700,"energy":24,"posx":1,"posy":2,"lastAction":3,"status":0},{"playerId":2287533,"score":1700,"energy":32,"posx":1,"posy":0,"lastAction":4,"status":0}],"golds":[{"posx":1,"posy":6,"amount":100}],"changedObstacles":[{"type":3,"posx":2,"posy":4,"value":-20}]},{"players":[{"playerId":2534350,"score":1825,"energy":26,"posx":2,"posy":5,"lastAction":3,"status":0},{"playerId":4120,"score":1725,"energy":11,"posx":1,"posy":2,"lastAction":0,"status":0},{"playerId":131454,"score":1700,"energy":14,"posx":1,"posy":3,"lastAction":3,"status":0},{"playerId":2287533,"score":1700,"energy":31,"posx":2,"posy":0,"lastAction":1,"status":0}],"golds":[{"posx":1,"posy":6,"amount":100}],"changedObstacles":[{"type":0,"posx":1,"posy":3,"value":-1}]},{"players":[{"playerId":2534350,"score":1825,"energy":25,"posx":2,"posy":6,"lastAction":3,"status":0},{"playerId":4120,"score":1725,"energy":10,"posx":1,"posy":3,"lastAction":3,"status":0},{"playerId":131454,"score":1700,"energy":13,"posx":1,"posy":4,"lastAction":3,"status":0},{"playerId":2287533,"score":1700,"energy":30,"posx":3,"posy":0,"lastAction":1,"status":0}],"golds":[{"posx":1,"posy":6,"amount":100}],"changedObstacles":[]},{"players":[{"playerId":2534350,"score":1825,"energy":21,"posx":1,"posy":6,"lastAction":0,"status":0},{"playerId":4120,"score":1725,"energy":9,"posx":1,"posy":4,"lastAction":3,"status":0},{"playerId":131454,"score":1700,"energy":12,"posx":1,"posy":5,"lastAction":3,"status":0},{"playerId":2287533,"score":1700,"energy":42,"posx":3,"posy":0,"lastAction":4,"status":0}],"golds":[{"posx":1,"posy":6,"amount":100}],"changedObstacles":[]},{"players":[{"playerId":2534350,"score":1875,"energy":16,"posx":1,"posy":6,"lastAction":5,"status":0},{"playerId":4120,"score":1725,"energy":8,"posx":1,"posy":5,"lastAction":3,"status":0},{"playerId":131454,"score":1700,"energy":8,"posx":1,"posy":6,"lastAction":3,"status":0},{"playerId":2287533,"score":1700,"energy":34,"posx":4,"posy":0,"lastAction":1,"status":0}],"golds":[{"posx":1,"posy":6,"amount":50}],"changedObstacles":[]},{"players":[{"playerId":2534350,"score":1900,"energy":11,"posx":1,"posy":6,"lastAction":5,"status":0},{"playerId":4120,"score":1725,"energy":4,"posx":1,"posy":6,"lastAction":3,"status":0},{"playerId":131454,"score":1725,"energy":3,"posx":1,"posy":6,"lastAction":5,"status":0},{"playerId":2287533,"score":1700,"energy":46,"posx":4,"posy":0,"lastAction":4,"status":0}],"golds":[],"changedObstacles":[{"type":0,"posx":1,"posy":6,"value":-1}]}]