[{"players":[{"playerId":2410245,"score":0,"energy":49,"posx":15,"posy":3,"lastAction":1,"status":0},{"playerId":1027,"score":0,"energy":49,"posx":15,"posy":3,"lastAction":1,"status":0},{"playerId":137845,"score":0,"energy":49,"posx":15,"posy":3,"lastAction":1,"status":0},{"playerId":2248990,"score":0,"energy":49,"posx":15,"posy":3,"lastAction":1,"status":0}],"golds":[{"posx":18,"posy":6,"amount":650},{"posx":5,"posy":6,"amount":400},{"posx":13,"posy":5,"amount":350},{"posx":18,"posy":4,"amount":50},{"posx":17,"posy":6,"amount":350},{"posx":7,"posy":2,"amount":150},{"posx":15,"posy":7,"amount":50},{"posx":16,"posy":5,"amount":400},{"posx":18,"posy":2,"amount":600},{"posx":6,"posy":0,"amount":250},{"posx":2,"posy":3,"amount":400},{"posx":19,"posy":1,"amount":450},{"posx":17,"posy":4,"amount":600},{"posx":17,"posy":7,"amount":350},{"posx":3,"posy":7,"amount":200},{"posx":6,"posy":2,"amount":50},{"posx":16,"posy":6,"amount":750},{"posx":1,"posy":0,"amount":300},{"posx":7,"posy":4,"amount":600},{"posx":1,"posy":6,"amount":100}],"changedObstacles":[]},{"players":[{"playerId":2410245,"score":0,"energy":44,"posx":16,"posy":3,"lastAction":1,"status":0},{"playerId":1027,"score":0,"energy":44,"posx":15,"posy":4,"lastAction":3,"status":0},{"playerId":137845,"score":0,"energy":44,"posx":15,"posy":4,"lastAction":3,"status":0},{"playerId":2248990,"score":0,"energy":44,"posx":15,"posy":4,"lastAction":3,"status":0}],"golds":[{"posx":18,"posy":6,"amount":650},{"posx":5,"posy":6,"amount":400},{"posx":13,"posy":5,"amount":350},{"posx":18,"posy":4,"amount":50},{"posx":17,"posy":6,"amount":350},{"posx":7,"posy":2,"amount":150},{"posx":15,"posy":7,"amount":50},{"posx":16,"posy":5,"amount":400},{"posx":18,"posy":2,"amount":600},{"posx":6,"posy":0,"amount":250},{"posx":2,"posy":3,"amount":400},{"posx":19,"posy":1,"amount":450},{"posx":17,"posy":4,"amount":600},{"posx":17,"posy":7,"amount":350},{"posx":3,"posy":7,"amount":200},{"posx":6,"posy":2,"amount":50},{"posx":16,"posy":6,"amount":750},{"posx":1,"posy":0,"amount":300},{"posx":7,"posy":4,"amount":600},{"posx":1,"posy":6,"amount":100}],"changedObstacles":[{"type":3,"posx":15,"posy":4,"value":-20},{"type":3,"posx":16,"posy":3,"value":-20}]},{"players":[{"playerId":2410245,"score":0,"energy":39,"posx":17,"posy":3,"lastAction":1,"status":0},{"playerId":1027,"score":0,"energy":43,"posx":15,"posy":5,"lastAction":3,"status":0},{"playerId":137845,"score":0,"energy":43,"posx":15,"posy":5,"lastAction":3,"status":0},{"playerId":2248990,"score":0,"energy":43,"posx":15,"posy":5,"lastAction":3,"status":0}],"golds":[{"posx":18,"posy":6,"amount":650},{"posx":5,"posy":6,"amount":400},{"posx":13,"posy":5,"amount":350},{"posx":18,"posy":4,"amount":50},{"posx":17,"posy":6,"amount":350},{"posx":7,"posy":2,"amount":150},{"posx":15,"posy":7,"amount":50},{"posx":16,"posy":5,"amount":400},{"posx":18,"posy":2,"amount":600},{"posx":6,"posy":0,"amount":250},{"posx":2,"posy":3,"amount":400},{"posx":19,"posy":1,"amount":450},{"posx":17,"posy":4,"amount":600},{"posx":17,"posy":7,"amount":350},{"posx":3,"posy":7,"amount":200},{"posx":6,"posy":2,"amount":50},{"posx":16,"posy":6,"amount":750},{"posx":1,"posy":0,"amount":300},{"posx":7,"posy":4,"amount":600},{"posx":1,"posy":6,"amount":100}],"changedObstacles":[{"type":3,"posx":17,"posy":3,"value":-20}]},{"players":[{"playerId":2410245,"score":0,"energy":35,"posx":17,"posy":4,"lastAction":3,"status":0},{"playerId":1027,"score":0,"energy":42,"posx":15,"posy":6,"lastAction":3,"status":0},{"playerId":137845,"score":0,"energy":39,"posx":16,"posy":5,"lastAction":1,"status":0},{"playerId":2248990,"score":0,"energy":39,"posx":16,"posy":5,"lastAction":1,"status":0}],"golds":[{"posx":18,"posy":6,"amount":650},{"posx":5,"posy":6,"amount":400},{"posx":13,"posy":5,"amount":350},{"posx":18,"posy":4,"amount":50},{"posx":17,"posy":6,"amount":350},{"posx":7,"posy":2,"amount":150},{"posx":15,"posy":7,"amount":50},{"posx":16,"posy":5,"amount":400},{"posx":18,"posy":2,"amount":600},{"posx":6,"posy":0,"amount":250},{"posx":2,"posy":3,"amount":400},{"posx":19,"posy":1,"amount":450},{"posx":17,"posy":4,"amount":600},{"posx":17,"posy":7,"amount":350},{"posx":3,"posy":7,"amount":200},{"posx":6,"posy":2,"amount":50},{"posx":16,"posy":6,"amount":750},{"posx":1,"posy":0,"amount":300},{"posx":7,"posy":4,"amount":600},{"posx":1,"posy":6,"amount":100}],"changedObstacles":[]},{"players":[{"playerId":2410245,"score":50,"energy":30,"posx":17,"posy":4,"lastAction":5,"status":0},{"playerId":1027,"score":0,"energy":38,"posx":15,"posy":7,"lastAction":3,"status":0},{"playerId":137845,"score":50,"energy":34,"posx":16,"posy":5,"lastAction":5,"status":0},{"playerId":2248990,"score":50,"energy":34,"posx":16,"posy":5,"lastAction":5,"status":0}],"golds":[{"posx":1,"posy":0,"amount":300},{"posx":6,"posy":0,"amount":250},{"posx":19,"posy":1,"amount":450},{"posx":6,"posy":2,"amount":50},{"posx":7,"posy":2,"amount":150},{"posx":18,"posy":2,"amount":600},{"posx":2,"posy":3,"amount":400},{"posx":7,"posy":4,"amount":600},{"posx":17,"posy":4,"amount":550},{"posx":18,"posy":4,"amount":50},{"posx":13,"posy":5,"amount":350},{"posx":16,"posy":5,"amount":300},{"posx":1,"posy":6,"amount":100},{"posx":5,"posy":6,"amount":400},{"posx":16,"posy":6,"amount":750},{"posx":17,"posy":6,"amount":350},{"posx":18,"posy":6,"amount":650},{"posx":3,"posy":7,"amount":200},{"posx":15,"posy":7,"amount":50},{"posx":17,"posy":7,"amount":350}],"changedObstacles":[]},{"players":[{"playerId":2410245,"score":100,"energy":25,"posx":17,"posy":4,"lastAction":5,"status":0},{"playerId":1027,"score":50,"energy":33,"posx":15,"posy":7,"lastAction":5,"status":0},{"playerId":137845,"score":100,"energy":29,"posx":16,"posy":5,"lastAction":5,"status":0},{"playerId":2248990,"score":100,"energy":29,"posx":16,"posy":5,"lastAction":5,"status":0}],"golds":[{"posx":1,"posy":0,"amount":300},{"posx":6,"posy":0,"amount":250},{"posx":19,"posy":1,"amount":450},{"posx":6,"posy":2,"amount":50},{"posx":7,"posy":2,"amount":150},{"posx":18,"posy":2,"amount":600},{"posx":2,"posy":3,"amount":400},{"posx":7,"posy":4,"amount":600},{"posx":17,"posy":4,"amount":500},{"posx":18,"posy":4,"amount":50},{"posx":13,"posy":5,"amount":350},{"posx":16,"posy":5,"amount":200},{"posx":1,"posy":6,"amount":100},{"posx":5,"posy":6,"amount":400},{"posx":16,"posy":6,"amount":750},{"posx":17,"posy":6,"amount":350},{"posx":18,"posy":6,"amount":650},{"posx":3,"posy":7,"amount":200},{"posx":17,"posy":7,"amount":350}],"changedObstacles":[{"type":0,"posx":15,"posy":7,"value":-1}]},{"players":[{"playerId":2410245,"score":150,"energy":20,"posx":17,"posy":4,"lastAction":5,"status":0},{"playerId":1027,"score":50,"energy":28,"posx":16,"posy":7,"lastAction":1,"status":0},{"playerId":137845,"score":150,"energy":24,"posx":16,"posy":5,"lastAction":5,"status":0},{"playerId":2248990,"score":150,"energy":24,"posx":16,"posy":5,"lastAction":5,"status":0}],"golds":[{"posx":1,"posy":0,"amount":300},{"posx":6,"posy":0,"amount":250},{"posx":19,"posy":1,"amount":450},{"posx":6,"posy":2,"amount":50},{"posx":7,"posy":2,"amount":150},{"posx":18,"posy":2,"amount":600},{"posx":2,"posy":3,"amount":400},{"posx":7,"posy":4,"amount":600},{"posx":17,"posy":4,"amount":450},{"posx":18,"posy":4,"amount":50},{"posx":13,"posy":5,"amount":350},{"posx":16,"posy":5,"amount":100},{"posx":1,"posy":6,"amount":100},{"posx":5,"posy":6,"amount":400},{"posx":16,"posy":6,"amount":750},{"posx":17,"posy":6,"amount":350},{"posx":18,"posy":6,"amount":650},{"posx":3,"posy":7,"amount":200},{"posx":17,"posy":7,"amount":350}],"changedObstacles":[{"type":3,"posx":16,"posy":7,"value":-20}]},{"players":[{"playerId":2410245,"score":200,"energy":15,"posx":17,"posy":4,"lastAction":5,"status":0},{"playerId":1027,"score":50,"energy":24,"posx":17,"posy":7,"lastAction":1,"status":0},{"playerId":137845,"score":200,"energy":19,"posx":16,"posy":5,"lastAction":5,"status":0},{"playerId":2248990,"score":200,"energy":19,"posx":16,"posy":5,"lastAction":5,"status":0}],"golds":[{"posx":1,"posy":0,"amount":300},{"posx":6,"posy":0,"amount":250},{"posx":19,"posy":1,"amount":450},{"posx":6,"posy":2,"amount":50},{"posx":7,"posy":2,"amount":150},{"posx":18,"posy":2,"amount":600},{"posx":2,"posy":3,"amount":400},{"posx":7,"posy":4,"amount":600},{"posx":17,"posy":4,"amount":400},{"posx":18,"posy":4,"amount":50},{"posx":13,"posy":5,"amount":350},{"posx":1,"posy":6,"amount":100},{"posx":5,"posy":6,"amount":400},{"posx":16,"posy":6,"amount":750},{"posx":17,"posy":6,"amount":350},{"posx":18,"posy":6,"amount":650},{"posx":3,"posy":7,"amount":200},{"posx":17,"posy":7,"amount":350}],"changedObstacles":[{"type":0,"posx":16,"posy":5,"value":-1}]},{"players":[{"playerId":2410245,"score":250,"energy":10,"posx":17,"posy":4,"lastAction":5,"status":0},{"playerId":1027,"score":100,"energy":19,"posx":17,"posy":7,"lastAction":5,"status":0},{"playerId":137845,"score":200,"energy":15,"posx":16,"posy":6,"lastAction":3,"status":0},{"playerId":2248990,"score":200,"energy":31,"posx":16,"posy":5,"lastAction":4,"status":0}],"golds":[{"posx":1,"posy":0,"amount":300},{"posx":6,"posy":0,"amount":250},{"posx":19,"posy":1,"amount":450},{"posx":6,"posy":2,"amount":50},{"posx":7,"posy":2,"amount":150},{"posx":18,"posy":2,"amount":600},{"posx":2,"posy":3,"amount":400},{"posx":7,"posy":4,"amount":600},{"posx":17,"posy":4,"amount":350},{"posx":18,"posy":4,"amount":50},{"posx":13,"posy":5,"amount":350},{"posx":1,"posy":6,"amount":100},{"posx":5,"posy":6,"amount":400},{"posx":16,"posy":6,"amount":750},{"posx":17,"posy":6,"amount":350},{"posx":18,"posy":6,"amount":650},{"posx":3,"posy":7,"amount":200},{"posx":17,"posy":7,"amount":300}],"changedObstacles":[]},{"players":[{"playerId":2410245,"score":300,"energy":5,"posx":17,"posy":4,"lastAction":5,"status":0},{"playerId":1027,"score":150,"energy":14,"posx":17,"posy":7,"lastAction":5,"status":0},{"playerId":137845,"score":250,"energy":10,"posx":16,"posy":6,"lastAction":5,"status":0},{"playerId":2248990,"score":200,"energy":27,"posx":16,"posy":6,"lastAction":3,"status":0}],"golds":[{"posx":1,"posy":0,"amount":300},{"posx":6,"posy":0,"amount":250},{"posx":19,"posy":1,"amount":450},{"posx":6,"posy":2,"amount":50},{"posx":7,"posy":2,"amount":150},{"posx":18,"posy":2,"amount":600},{"posx":2,"posy":3,"amount":400},{"posx":7,"posy":4,"amount":600},{"posx":17,"posy":4,"amount":300},{"posx":18,"posy":4,"amount":50},{"posx":13,"posy":5,"amount":350},{"posx":1,"posy":6,"amount":100},{"posx":5,"posy":6,"amount":400},{"posx":16,"posy":6,"amount":700},{"posx":17,"posy":6,"amount":350},{"posx":18,"posy":6,"amount":650},{"posx":3,"posy":7,"amount":200},{"posx":17,"posy":7,"amount":250}],"changedObstacles":[]},{"players":[{"playerId":2410245,"score":300,"energy":17,"posx":17,"posy":4,"lastAction":4,"status":0},{"playerId":1027,"score":200,"energy":9,"posx":17,"posy":7,"lastAction":5,"status":0},{"playerId":137845,"score":300,"energy":5,"posx":16,"posy":6,"lastAction":5,"status":0},{"playerId":2248990,"score":250,"energy":22,"posx":16,"posy":6,"lastAction":5,"status":0}],"golds":[{"posx":1,"posy":0,"amount":300},{"posx":6,"posy":0,"amount":250},{"posx":19,"posy":1,"amount":450},{"posx":6,"posy":2,"amount":50},{"posx":7,"posy":2,"amount":150},{"posx":18,"posy":2,"amount":600},{"posx":2,"posy":3,"amount":400},{"posx":7,"posy":4,"amount":600},{"posx":17,"posy":4,"amount":300},{"posx":18,"posy":4,"amount":50},{"posx":13,"posy":5,"amount":350},{"posx":1,"posy":6,"amount":100},{"posx":5,"posy":6,"amount":400},{"posx":16,"posy":6,"amount":600},{"posx":17,"posy":6,"amount":350},{"posx":18,"posy":6,"amount":650},{"posx":3,"posy":7,"amount":200},{"posx":17,"posy":7,"amount":200}],"changedObstacles":[]},{"players":[{"playerId":2410245,"score":350,"energy":12,"posx":17,"posy":4,"lastAction":5,"status":0},{"playerId":1027,"score":250,"energy":4,"posx":17,"posy":7,"lastAction":5,"status":0},{"playerId":137845,"score":300,"energy":17,"posx":16,"posy":6,"lastAction":4,"status":0},{"playerId":2248990,"score":300,"energy":17,"posx":16,"posy":6,"lastAction":5,"status":0}],"golds":[{"posx":1,"posy":0,"amount":300},{"posx":6,"posy":0,"amount":250},{"posx":19,"posy":1,"amount":450},{"posx":6,"posy":2,"amount":50},{"posx":7,"posy":2,"amount":150},{"posx":18,"posy":2,"amount":600},{"posx":2,"posy":3,"amount":400},{"posx":7,"posy":4,"amount":600},{"posx":17,"posy":4,"amount":250},{"posx":18,"posy":4,"amount":50},{"posx":13,"posy":5,"amount":350},{"posx":1,"posy":6,"amount":100},{"posx":5,"posy":6,"amount":400},{"posx":16,"posy":6,"amount":550},{"posx":17,"posy":6,"amount":350},{"posx":18,"posy":6,"amount":650},{"posx":3,"posy":7,"amount":200},{"posx":17,"posy":7,"amount":150}],"changedObstacles":[]},{"players":[{"playerId":2410245,"score":400,"energy":7,"posx":17,"posy":4,"lastAction":5,"status":0},{"playerId":1027,"score":250,"energy":16,"posx":17,"posy":7,"lastAction":4,"status":0},{"playerId":137845,"score":350,"energy":12,"posx":16,"posy":6,"lastAction":5,"status":0},{"playerId":2248990,"score":350,"energy":12,"posx":16,"posy":6,"lastAction":5,"status":0}],"golds":[{"posx":1,"posy":0,"amount":300},{"posx":6,"posy":0,"amount":250},{"posx":19,"posy":1,"amount":450},{"posx":6,"posy":2,"amount":50},{"posx":7,"posy":2,"amount":150},{"posx":18,"posy":2,"amount":600},{"posx":2,"posy":3,"amount":400},{"posx":7,"posy":4,"amount":600},{"posx":17,"posy":4,"amount":200},{"posx":18,"posy":4,"amount":50},{"posx":13,"posy":5,"amount":350},{"posx":1,"posy":6,"amount":100},{"posx":5,"posy":6,"amount":400},{"posx":16,"posy":6,"amount":450},{"posx":17,"posy":6,"amount":350},{"posx":18,"posy":6,"amount":650},{"posx":3,"posy":7,"amount":200},{"posx":17,"posy":7,"amount":150}],"changedObstacles":[]},{"players":[{"playerId":2410245,"score":450,"energy":2,"posx":17,"posy":4,"lastAction":5,"status":0},{"playerId":1027,"score":250,"energy":32,"posx":17,"posy":7,"lastAction":4,"status":0},{"playerId":137845,"score":400,"energy":7,"posx":16,"posy":6,"lastAction":5,"status":0},{"playerId":2248990,"score":350,"energy":24,"posx":16,"posy":6,"lastAction":4,"status":0}],"golds":[{"posx":1,"posy":0,"amount":300},{"posx":6,"posy":0,"amount":250},{"posx":19,"posy":1,"amount":450},{"posx":6,"posy":2,"amount":50},{"posx":7,"posy":2,"amount":150},{"posx":18,"posy":2,"amount":600},{"posx":2,"posy":3,"amount":400},{"posx":7,"posy":4,"amount":600},{"posx":17,"posy":4,"amount":150},{"posx":18,"posy":4,"amount":50},{"posx":13,"posy":5,"amount":350},{"posx":1,"posy":6,"amount":100},{"posx":5,"posy":6,"amount":400},{"posx":16,"posy":6,"amount":400},{"posx":17,"posy":6,"amount":350},{"posx":18,"posy":6,"amount":650},{"posx":3,"posy":7,"amount":200},{"posx":17,"posy":7,"amount":150}],"changedObstacles":[]},{"players":[{"playerId":2410245,"score":450,"energy":14,"posx":17,"posy":4,"lastAction":4,"status":0},{"playerId":1027,"score":250,"energy":50,"posx":17,"posy":7,"lastAction":4,"status":0},{"playerId":137845,"score":450,"energy":2,"posx":16,"posy":6,"lastAction":5,"status":0},{"playerId":2248990,"score":400,"energy":19,"posx":16,"posy":6,"lastAction":5,"status":0}],"golds":[{"posx":1,"posy":0,"amount":300},{"posx":6,"posy":0,"amount":250},{"posx":19,"posy":1,"amount":450},{"posx":6,"posy":2,"amount":50},{"posx":7,"posy":2,"amount":150},{"posx":18,"posy":2,"amount":600},{"posx":2,"posy":3,"amount":400},{"posx":7,"posy":4,"amount":600},{"posx":17,"posy":4,"amount":150},{"posx":18,"posy":4,"amount":50},{"posx":13,"posy":5,"amount":350},{"posx":1,"posy":6,"amount":100},{"posx":5,"posy":6,"amount":400},{"posx":16,"posy":6,"amount":300},{"posx":17,"posy":6,"amount":350},{"posx":18,"posy":6,"amount":650},{"posx":3,"posy":7,"amount":200},{"posx":17,"posy":7,"amount":150}],"changedObstacles":[]},{"players":[{"playerId":2410245,"score":500,"energy":9,"posx":17,"posy":4,"lastAction":5,"status":0},{"playerId":1027,"score":300,"energy":45,"posx":17,"posy":7,"lastAction":5,"status":0},{"playerId":137845,"score":450,"energy":14,"posx":16,"posy":6,"lastAction":4,"status":0},{"playerId":2248990,"score":450,"energy":14,"posx":16,"posy":6,"lastAction":5,"status":0}],"golds":[{"posx":1,"posy":0,"amount":300},{"posx":6,"posy":0,"amount":250},{"posx":19,"posy":1,"amount":450},{"posx":6,"posy":2,"amount":50},{"posx":7,"posy":2,"amount":150},{"posx":18,"posy":2,"amount":600},{"posx":2,"posy":3,"amount":400},{"posx":7,"posy":4,"amount":600},{"posx":17,"posy":4,"amount":100},{"posx":18,"posy":4,"amount":50},{"posx":13,"posy":5,"amount":350},{"posx":1,"posy":6,"amount":100},{"posx":5,"posy":6,"amount":400},{"posx":16,"posy":6,"amount":250},{"posx":17,"posy":6,"amount":350},{"posx":18,"posy":6,"amount":650},{"posx":3,"posy":7,"amount":200},{"posx":17,"posy":7,"amount":100}],"changedObstacles":[]},{"players":[{"playerId":2410245,"score":550,"energy":4,"posx":17,"posy":4,"lastAction":5,"status":0},{"playerId":1027,"score":350,"energy":40,"posx":17,"posy":7,"lastAction":5,"status":0},{"playerId":137845,"score":500,"energy":9,"posx":16,"posy":6,"lastAction":5,"status":0},{"playerId":2248990,"score":500,"energy":9,"posx":16,"posy":6,"lastAction":5,"status":0}],"golds":[{"posx":1,"posy":0,"amount":300},{"posx":6,"posy":0,"amount":250},{"posx":19,"posy":1,"amount":450},{"posx":6,"posy":2,"amount":50},{"posx":7,"posy":2,"amount":150},{"posx":18,"posy":2,"amount":600},{"posx":2,"posy":3,"amount":400},{"posx":7,"posy":4,"amount":600},{"posx":17,"posy":4,"amount":50},{"posx":18,"posy":4,"amount":50},{"posx":13,"posy":5,"amount":350},{"posx":1,"posy":6,"amount":100},{"posx":5,"posy":6,"amount":400},{"posx":16,"posy":6,"amount":150},{"posx":17,"posy":6,"amount":350},{"posx":18,"posy":6,"amount":650},{"posx":3,"posy":7,"amount":200},{"posx":17,"posy":7,"amount":50}],"changedObstacles":[]},{"players":[{"playerId":2410245,"score":550,"energy":16,"posx":17,"posy":4,"lastAction":4,"status":0},{"playerId":1027,"score":400,"energy":35,"posx":17,"posy":7,"lastAction":5,"status":0},{"playerId":137845,"score":550,"energy":4,"posx":16,"posy":6,"lastAction":5,"status":0},{"playerId":2248990,"score":500,"energy":21,"posx":16,"posy":6,"lastAction":4,"status":0}],"golds":[{"posx":1,"posy":0,"amount":300},{"posx":6,"posy":0,"amount":250},{"posx":19,"posy":1,"amount":450},{"posx":6,"posy":2,"amount":50},{"posx":7,"posy":2,"amount":150},{"posx":18,"posy":2,"amount":600},{"posx":2,"posy":3,"amount":400},{"posx":7,"posy":4,"amount":600},{"posx":17,"posy":4,"amount":50},{"posx":18,"posy":4,"amount":50},{"posx":13,"posy":5,"amount":350},{"posx":1,"posy":6,"amount":100},{"posx":5,"posy":6,"amount":400},{"posx":16,"posy":6,"amount":100},{"posx":17,"posy":6,"amount":350},{"posx":18,"posy":6,"amount":650},{"posx":3,"posy":7,"amount":200}],"changedObstacles":[{"type":0,"posx":17,"posy":7,"value":-1}]},{"players":[{"playerId":2410245,"score":600,"energy":11,"posx":17,"posy":4,"lastAction":5,"status":0},{"playerId":1027,"score":400,"energy":31,"posx":17,"posy":6,"lastAction":2,"status":0},{"playerId":137845,"score":550,"energy":16,"posx":16,"posy":6,"lastAction":4,"status":0},{"playerId":2248990,"score":550,"energy":16,"posx":16,"posy":6,"lastAction":5,"status":0}],"golds":[{"posx":1,"posy":0,"amount":300},{"posx":6,"posy":0,"amount":250},{"posx":19,"posy":1,"amount":450},{"posx":6,"posy":2,"amount":50},{"posx":7,"posy":2,"amount":150},{"posx":18,"posy":2,"amount":600},{"posx":2,"posy":3,"amount":400},{"posx":7,"posy":4,"amount":600},{"posx":18,"posy":4,"amount":50},{"posx":13,"posy":5,"amount":350},{"posx":1,"posy":6,"amount":100},{"posx":5,"posy":6,"amount":400},{"posx":16,"posy":6,"amount":50},{"posx":17,"posy":6,"amount":350},{"posx":18,"posy":6,"amount":650},{"posx":3,"posy":7,"amount":200}],"changedObstacles":[{"type":0,"posx":17,"posy":4,"value":-1}]},{"players":[{"playerId":2410245,"score":600,"energy":7,"posx":18,"posy":4,"lastAction":1,"status":0},{"playerId":1027,"score":450,"energy":26,"posx":17,"posy":6,"lastAction":5,"status":0},{"playerId":137845,"score":550,"energy":15,"posx":15,"posy":6,"lastAction":0,"status":0},{"playerId":2248990,"score":600,"energy":11,"posx":16,"posy":6,"lastAction":5,"status":0}],"golds":[{"posx":1,"posy":0,"amount":300},{"posx":6,"posy":0,"amount":250},{"posx":19,"posy":1,"amount":450},{"posx":6,"posy":2,"amount":50},{"posx":7,"posy":2,"amount":150},{"posx":18,"posy":2,"amount":600},{"posx":2,"posy":3,"amount":400},{"posx":7,"posy":4,"amount":600},{"posx":18,"posy":4,"amount":50},{"posx":13,"posy":5,"amount":350},{"posx":1,"posy":6,"amount":100},{"posx":5,"posy":6,"amount":400},{"posx":17,"posy":6,"amount":300},{"posx":18,"posy":6,"amount":650},{"posx":3,"posy":7,"amount":200}],"changedObstacles":[{"type":0,"posx":16,"posy":6,"value":-1}]},{"players":[{"playerId":2410245,"score":650,"energy":2,"posx":18,"posy":4,"lastAction":5,"status":0},{"playerId":1027,"score":500,"energy":21,"posx":17,"posy":6,"lastAction":5,"status":0},{"playerId":137845,"score":550,"energy":14,"posx":14,"posy":6,"lastAction":0,"status":0},{"playerId":2248990,"score":600,"energy":23,"posx":16,"posy":6,"lastAction":4,"status":0}],"golds":[{"posx":1,"posy":0,"amount":300},{"posx":6,"posy":0,"amount":250},{"posx":19,"posy":1,"amount":450},{"posx":6,"posy":2,"amount":50},{"posx":7,"posy":2,"amount":150},{"posx":18,"posy":2,"amount":600},{"posx":2,"posy":3,"amount":400},{"posx":7,"posy":4,"amount":600},{"posx":13,"posy":5,"amount":350},{"posx":1,"posy":6,"amount":100},{"posx":5,"posy":6,"amount":400},{"posx":17,"posy":6,"amount":250},{"posx":18,"posy":6,"amount":650},{"posx":3,"posy":7,"amount":200}],"changedObstacles":[{"type":0,"posx":18,"posy":4,"value":-1}]},{"players":[{"playerId":2410245,"score":650,"energy":14,"posx":18,"posy":4,"lastAction":4,"status":0},{"playerId":1027,"score":550,"energy":16,"posx":17,"posy":6,"lastAction":5,"status":0},{"playerId":137845,"score":550,"energy":9,"posx":13,"posy":6,"lastAction":0,"status":0},{"playerId":2248990,"score":600,"energy":19,"posx":17,"posy":6,"lastAction":1,"status":0}],"golds":[{"posx":1,"posy":0,"amount":300},{"posx":6,"posy":0,"amount":250},{"posx":19,"posy":1,"amount":450},{"posx":6,"posy":2,"amount":50},{"posx":7,"posy":2,"amount":150},{"posx":18,"posy":2,"amount":600},{"posx":2,"posy":3,"amount":400},{"posx":7,"posy":4,"amount":600},{"posx":13,"posy":5,"amount":350},{"posx":1,"posy":6,"amount":100},{"posx":5,"posy":6,"amount":400},{"posx":17,"posy":6,"amount":200},{"posx":18,"posy":6,"amount":650},{"posx":3,"posy":7,"amount":200}],"changedObstacles":[{"type":3,"posx":13,"posy":6,"value":-20}]},{"players":[{"playerId":2410245,"score":650,"energy":13,"posx":18,"posy":5,"lastAction":3,"status":0},{"playerId":1027,"score":600,"energy":11,"posx":17,"posy":6,"lastAction":5,"status":0},{"playerId":137845,"score":550,"energy":5,"posx":13,"posy":5,"lastAction":2,"status":0},{"playerId":2248990,"score":650,"energy":14,"posx":17,"posy":6,"lastAction":5,"status":0}],"golds":[{"posx":1,"posy":0,"amount":300},{"posx":6,"posy":0,"amount":250},{"posx":19,"posy":1,"amount":450},{"posx":6,"posy":2,"amount":50},{"posx":7,"posy":2,"amount":150},{"posx":18,"posy":2,"amount":600},{"posx":2,"posy":3,"amount":400},{"posx":7,"posy":4,"amount":600},{"posx":13,"posy":5,"amount":350},{"posx":1,"posy":6,"amount":100},{"posx":5,"posy":6,"amount":400},{"posx":17,"posy":6,"amount":100},{"posx":18,"posy":6,"amount":650},{"posx":3,"posy":7,"amount":200}],"changedObstacles":[]},{"players":[{"playerId":2410245,"score":650,"energy":9,"posx":18,"posy":6,"lastAction":3,"status":0},{"playerId":1027,"score":650,"energy":6,"posx":17,"posy":6,"lastAction":5,"status":0},{"playerId":137845,"score":550,"energy":17,"posx":13,"posy":5,"lastAction":4,"status":0},{"playerId":2248990,"score":700,"energy":9,"posx":17,"posy":6,"lastAction":5,"status":0}],"golds":[{"posx":1,"posy":0,"amount":300},{"posx":6,"posy":0,"amount":250},{"posx":19,"posy":1,"amount":450},{"posx":6,"posy":2,"amount":50},{"posx":7,"posy":2,"amount":150},{"posx":18,"posy":2,"amount":600},{"posx":2,"posy":3,"amount":400},{"posx":7,"posy":4,"amount":600},{"posx":13,"posy":5,"amount":350},{"posx":1,"posy":6,"amount":100},{"posx":5,"posy":6,"amount":400},{"posx":18,"posy":6,"amount":650},{"posx":3,"posy":7,"amount":200}],"changedObstacles":[{"type":0,"posx":17,"posy":6,"value":-1}]},{"players":[{"playerId":2410245,"score":700,"energy":4,"posx":18,"posy":6,"lastAction":5,"status":0},{"playerId":1027,"score":650,"energy":18,"posx":17,"posy":6,"lastAction":4,"status":0},{"playerId":137845,"score":550,"energy":33,"posx":13,"posy":5,"lastAction":4,"status":0},{"playerId":2248990,"score":700,"energy":21,"posx":17,"posy":6,"lastAction":4,"status":0}],"golds":[{"posx":1,"posy":0,"amount":300},{"posx":6,"posy":0,"amount":250},{"posx":19,"posy":1,"amount":450},{"posx":6,"posy":2,"amount":50},{"posx":7,"posy":2,"amount":150},{"posx":18,"posy":2,"amount":600},{"posx":2,"posy":3,"amount":400},{"posx":7,"posy":4,"amount":600},{"posx":13,"posy":5,"amount":350},{"posx":1,"posy":6,"amount":100},{"posx":5,"posy":6,"amount":400},{"posx":18,"posy":6,"amount":600},{"posx":3,"posy":7,"amount":200}],"changedObstacles":[]},{"players":[{"playerId":2410245,"score":700,"energy":16,"posx":18,"posy":6,"lastAction":4,"status":0},{"playerId":1027,"score":650,"energy":34,"posx":17,"posy":6,"lastAction":4,"status":0},{"playerId":137845,"score":550,"energy":50,"posx":13,"posy":5,"lastAction":4,"status":0},{"playerId":2248990,"score":700,"energy":17,"posx":18,"posy":6,"lastAction":1,"status":0}],"golds":[{"posx":1,"posy":0,"amount":300},{"posx":6,"posy":0,"amount":250},{"posx":19,"posy":1,"amount":450},{"posx":6,"posy":2,"amount":50},{"posx":7,"posy":2,"amount":150},{"posx":18,"posy":2,"amount":600},{"posx":2,"posy":3,"amount":400},{"posx":7,"posy":4,"amount":600},{"posx":13,"posy":5,"amount":350},{"posx":1,"posy":6,"amount":100},{"posx":5,"posy":6,"amount":400},{"posx":18,"posy":6,"amount":600},{"posx":3,"posy":7,"amount":200}],"changedObstacles":[]},{"players":[{"playerId":2410245,"score":750,"energy":11,"posx":18,"posy":6,"lastAction":5,"status":0},{"playerId":1027,"score":650,"energy":50,"posx":17,"posy":6,"lastAction":4,"status":0},{"playerId":137845,"score":600,"energy":45,"posx":13,"posy":5,"lastAction":5,"status":0},{"playerId":2248990,"score":750,"energy":12,"posx":18,"posy":6,"lastAction":5,"status":0}],"golds":[{"posx":1,"posy":0,"amount":300},{"posx":6,"posy":0,"amount":250},{"posx":19,"posy":1,"amount":450},{"posx":6,"posy":2,"amount":50},{"posx":7,"posy":2,"amount":150},{"posx":18,"posy":2,"amount":600},{"posx":2,"posy":3,"amount":400},{"posx":7,"posy":4,"amount":600},{"posx":13,"posy":5,"amount":300},{"posx":1,"posy":6,"amount":100},{"posx":5,"posy":6,"amount":400},{"posx":18,"posy":6,"amount":500},{"posx":3,"posy":7,"amount":200}],"changedObstacles":[]},{"players":[{"playerId":2410245,"score":800,"energy":6,"posx":18,"posy":6,"lastAction":5,"status":0},{"playerId":1027,"score":650,"energy":49,"posx":16,"posy":6,"lastAction":0,"status":0},{"playerId":137845,"score":650,"energy":40,"posx":13,"posy":5,"lastAction":5,"status":0},{"playerId":2248990,"score":800,"energy":7,"posx":18,"posy":6,"lastAction":5,"status":0}],"golds":[{"posx":1,"posy":0,"amount":300},{"posx":6,"posy":0,"amount":250},{"posx":19,"posy":1,"amount":450},{"posx":6,"posy":2,"amount":50},{"posx":7,"posy":2,"amount":150},{"posx":18,"posy":2,"amount":600},{"posx":2,"posy":3,"amount":400},{"posx":7,"posy":4,"amount":600},{"posx":13,"posy":5,"amount":250},{"posx":1,"posy":6,"amount":100},{"posx":5,"posy":6,"amount":400},{"posx":18,"posy":6,"amount":400},{"posx":3,"posy":7,"amount":200}],"changedObstacles":[]},{"players":[{"playerId":2410245,"score":850,"energy":1,"posx":18,"posy":6,"lastAction":5,"status":0},{"playerId":1027,"score":650,"energy":48,"posx":15,"posy":6,"lastAction":0,"status":0},{"playerId":137845,"score":700,"energy":35,"posx":13,"posy":5,"lastAction":5,"status":0},{"playerId":2248990,"score":800,"energy":19,"posx":18,"posy":6,"lastAction":4,"status":0}],"golds":[{"posx":1,"posy":0,"amount":300},{"posx":6,"posy":0,"amount":250},{"posx":19,"posy":1,"amount":450},{"posx":6,"posy":2,"amount":50},{"posx":7,"posy":2,"amount":150},{"posx":18,"posy":2,"amount":600},{"posx":2,"posy":3,"amount":400},{"posx":7,"posy":4,"amount":600},{"posx":13,"posy":5,"amount":200},{"posx":1,"posy":6,"amount":100},{"posx":5,"posy":6,"amount":400},{"posx":18,"posy":6,"amount":350},{"posx":3,"posy":7,"amount":200}],"changedObstacles":[]},{"players":[{"playerId":2410245,"score":850,"energy":13,"posx":18,"posy":6,"lastAction":4,"status":0},{"playerId":1027,"score":650,"energy":47,"posx":14,"posy":6,"lastAction":0,"status":0},{"playerId":137845,"score":750,"energy":30,"posx":13,"posy":5,"lastAction":5,"status":0},{"playerId":2248990,"score":850,"energy":14,"posx":18,"posy":6,"lastAction":5,"status":0}],"golds":[{"posx":1,"posy":0,"amount":300},{"posx":6,"posy":0,"amount":250},{"posx":19,"posy":1,"amount":450},{"posx":6,"posy":2,"amount":50},{"posx":7,"posy":2,"amount":150},{"posx":18,"posy":2,"amount":600},{"posx":2,"posy":3,"amount":400},{"posx":7,"posy":4,"amount":600},{"posx":13,"posy":5,"amount":150},{"posx":1,"posy":6,"amount":100},{"posx":5,"posy":6,"amount":400},{"posx":18,"posy":6,"amount":300},{"posx":3,"posy":7,"amount":200}],"changedObstacles":[]},{"players":[{"playerId":2410245,"score":900,"energy":8,"posx":18,"posy":6,"lastAction":5,"status":0},{"playerId":1027,"score":650,"energy":27,"posx":13,"posy":6,"lastAction":0,"status":0},{"playerId":137845,"score":800,"energy":25,"posx":13,"posy":5,"lastAction":5,"status":0},{"playerId":2248990,"score":900,"energy":9,"posx":18,"posy":6,"lastAction":5,"status":0}],"golds":[{"posx":1,"posy":0,"amount":300},{"posx":6,"posy":0,"amount":250},{"posx":19,"posy":1,"amount":450},{"posx":6,"posy":2,"amount":50},{"posx":7,"posy":2,"amount":150},{"posx":18,"posy":2,"amount":600},{"posx":2,"posy":3,"amount":400},{"posx":7,"posy":4,"amount":600},{"posx":13,"posy":5,"amount":100},{"posx":1,"posy":6,"amount":100},{"posx":5,"posy":6,"amount":400},{"posx":18,"posy":6,"amount":200},{"posx":3,"posy":7,"amount":200}],"changedObstacles":[{"type":3,"posx":13,"posy":6,"value":-40}]},{"players":[{"playerId":2410245,"score":950,"energy":3,"posx":18,"posy":6,"lastAction":5,"status":0},{"playerId":1027,"score":650,"energy":22,"posx":12,"posy":6,"lastAction":0,"status":0},{"playerId":137845,"score":850,"energy":20,"posx":13,"posy":5,"lastAction":5,"status":0},{"playerId":2248990,"score":900,"energy":21,"posx":18,"posy":6,"lastAction":4,"status":0}],"golds":[{"posx":1,"posy":0,"amount":300},{"posx":6,"posy":0,"amount":250},{"posx":19,"posy":1,"amount":450},{"posx":6,"posy":2,"amount":50},{"posx":7,"posy":2,"amount":150},{"posx":18,"posy":2,"amount":600},{"posx":2,"posy":3,"amount":400},{"posx":7,"posy":4,"amount":600},{"posx":13,"posy":5,"amount":50},{"posx":1,"posy":6,"amount":100},{"posx":5,"posy":6,"amount":400},{"posx":18,"posy":6,"amount":150},{"posx":3,"posy":7,"amount":200}],"changedObstacles":[{"type":3,"posx":12,"posy":6,"value":-20}]},{"players":[{"playerId":2410245,"score":950,"energy":15,"posx":18,"posy":6,"lastAction":4,"status":0},{"playerId":1027,"score":650,"energy":21,"posx":11,"posy":6,"lastAction":0,"status":0},{"playerId":137845,"score":900,"energy":15,"posx":13,"posy":5,"lastAction":5,"status":0},{"playerId":2248990,"score":950,"energy":16,"posx":18,"posy":6,"lastAction":5,"status":0}],"golds":[{"posx":1,"posy":0,"amount":300},{"posx":6,"posy":0,"amount":250},{"posx":19,"posy":1,"amount":450},{"posx":6,"posy":2,"amount":50},{"posx":7,"posy":2,"amount":150},{"posx":18,"posy":2,"amount":600},{"posx":2,"posy":3,"amount":400},{"posx":7,"posy":4,"amount":600},{"posx":1,"posy":6,"amount":100},{"posx":5,"posy":6,"amount":400},{"posx":18,"posy":6,"amount":100},{"posx":3,"posy":7,"amount":200}],"changedObstacles":[{"type":0,"posx":13,"posy":5,"value":-1}]},{"players":[{"playerId":2410245,"score":1000,"energy":10,"posx":18,"posy":6,"lastAction":5,"status":0},{"playerId":1027,"score":650,"energy":16,"posx":11,"posy":5,"lastAction":2,"status":0},{"playerId":137845,"score":900,"energy":14,"posx":12,"posy":5,"lastAction":0,"status":0},{"playerId":2248990,"score":1000,"energy":11,"posx":18,"posy":6,"lastAction":5,"status":0}],"golds":[{"posx":1,"posy":0,"amount":300},{"posx":6,"posy":0,"amount":250},{"posx":19,"posy":1,"amount":450},{"posx":6,"posy":2,"amount":50},{"posx":7,"posy":2,"amount":150},{"posx":18,"posy":2,"amount":600},{"posx":2,"posy":3,"amount":400},{"posx":7,"posy":4,"amount":600},{"posx":1,"posy":6,"amount":100},{"posx":5,"posy":6,"amount":400},{"posx":3,"posy":7,"amount":200}],"changedObstacles":[{"type":3,"posx":11,"posy":5,"value":-20},{"type":0,"posx":18,"posy":6,"value":-1}]},{"players":[{"playerId":2410245,"score":1000,"energy":9,"posx":18,"posy":5,"lastAction":2,"status":0},{"playerId":1027,"score":650,"energy":15,"posx":11,"posy":4,"lastAction":2,"status":0},{"playerId":137845,"score":900,"energy":13,"posx":13,"posy":5,"lastAction":1,"status":0},{"playerId":2248990,"score":1000,"energy":23,"posx":18,"posy":6,"lastAction":4,"status":0}],"golds":[{"posx":1,"posy":0,"amount":300},{"posx":6,"posy":0,"amount":250},{"posx":19,"posy":1,"amount":450},{"posx":6,"posy":2,"amount":50},{"posx":7,"posy":2,"amount":150},{"posx":18,"posy":2,"amount":600},{"posx":2,"posy":3,"amount":400},{"posx":7,"posy":4,"amount":600},{"posx":1,"posy":6,"amount":100},{"posx":5,"posy":6,"amount":400},{"posx":3,"posy":7,"amount":200}],"changedObstacles":[]},{"players":[{"playerId":2410245,"score":1000,"energy":8,"posx":18,"posy":4,"lastAction":2,"status":0},{"playerId":1027,"score":650,"energy":14,"posx":10,"posy":4,"lastAction":0,"status":0},{"playerId":137845,"score":900,"energy":12,"posx":12,"posy":5,"lastAction":0,"status":0},{"playerId":2248990,"score":1000,"energy":22,"posx":18,"posy":5,"lastAction":2,"status":0}],"golds":[{"posx":1,"posy":0,"amount":300},{"posx":6,"posy":0,"amount":250},{"posx":19,"posy":1,"amount":450},{"posx":6,"posy":2,"amount":50},{"posx":7,"posy":2,"amount":150},{"posx":18,"posy":2,"amount":600},{"posx":2,"posy":3,"amount":400},{"posx":7,"posy":4,"amount":600},{"posx":1,"posy":6,"amount":100},{"posx":5,"posy":6,"amount":400},{"posx":3,"posy":7,"amount":200}],"changedObstacles":[]},{"players":[{"playerId":2410245,"score":1000,"energy":3,"posx":18,"posy":3,"lastAction":2,"status":0},{"playerId":1027,"score":650,"energy":13,"posx":9,"posy":4,"lastAction":0,"status":0},{"playerId":137845,"score":900,"energy":24,"posx":12,"posy":5,"lastAction":4,"status":0},{"playerId":2248990,"score":1000,"energy":21,"posx":18,"posy":4,"lastAction":2,"status":0}],"golds":[{"posx":1,"posy":0,"amount":300},{"posx":6,"posy":0,"amount":250},{"posx":19,"posy":1,"amount":450},{"posx":6,"posy":2,"amount":50},{"posx":7,"posy":2,"amount":150},{"posx":18,"posy":2,"amount":600},{"posx":2,"posy":3,"amount":400},{"posx":7,"posy":4,"amount":600},{"posx":1,"posy":6,"amount":100},{"posx":5,"posy":6,"amount":400},{"posx":3,"posy":7,"amount":200}],"changedObstacles":[{"type":3,"posx":18,"posy":3,"value":-20}]},{"players":[{"playerId":2410245,"score":1000,"energy":15,"posx":18,"posy":3,"lastAction":4,"status":0},{"playerId":1027,"score":650,"energy":12,"posx":8,"posy":4,"lastAction":0,"status":0},{"playerId":137845,"score":900,"energy":4,"posx":11,"posy":5,"lastAction":0,"status":0},{"playerId":2248990,"score":1000,"energy":33,"posx":18,"posy":4,"lastAction":4,"status":0}],"golds":[{"posx":1,"posy":0,"amount":300},{"posx":6,"posy":0,"amount":250},{"posx":19,"posy":1,"amount":450},{"posx":6,"posy":2,"amount":50},{"posx":7,"posy":2,"amount":150},{"posx":18,"posy":2,"amount":600},{"posx":2,"posy":3,"amount":400},{"posx":7,"posy":4,"amount":600},{"posx":1,"posy":6,"amount":100},{"posx":5,"posy":6,"amount":400},{"posx":3,"posy":7,"amount":200}],"changedObstacles":[{"type":3,"posx":11,"posy":5,"value":-40}]},{"players":[{"playerId":2410245,"score":1000,"energy":11,"posx":18,"posy":2,"lastAction":2,"status":0},{"playerId":1027,"score":650,"energy":8,"posx":7,"posy":4,"lastAction":0,"status":0},{"playerId":137845,"score":900,"energy":3,"posx":11,"posy":4,"lastAction":2,"status":0},{"playerId":2248990,"score":1000,"energy":13,"posx":18,"posy":3,"lastAction":2,"status":0}],"golds":[{"posx":1,"posy":0,"amount":300},{"posx":6,"posy":0,"amount":250},{"posx":19,"posy":1,"amount":450},{"posx":6,"posy":2,"amount":50},{"posx":7,"posy":2,"amount":150},{"posx":18,"posy":2,"amount":600},{"posx":2,"posy":3,"amount":400},{"posx":7,"posy":4,"amount":600},{"posx":1,"posy":6,"amount":100},{"posx":5,"posy":6,"amount":400},{"posx":3,"posy":7,"amount":200}],"changedObstacles":[{"type":3,"posx":18,"posy":3,"value":-40}]},{"players":[{"playerId":2410245,"score":1050,"energy":6,"posx":18,"posy":2,"lastAction":5,"status":0},{"playerId":1027,"score":700,"energy":3,"posx":7,"posy":4,"lastAction":5,"status":0},{"playerId":137845,"score":900,"energy":2,"posx":10,"posy":4,"lastAction":0,"status":0},{"playerId":2248990,"score":1000,"energy":25,"posx":18,"posy":3,"lastAction":4,"status":0}],"golds":[{"posx":1,"posy":0,"amount":300},{"posx":6,"posy":0,"amount":250},{"posx":19,"posy":1,"amount":450},{"posx":6,"posy":2,"amount":50},{"posx":7,"posy":2,"amount":150},{"posx":18,"posy":2,"amount":550},{"posx":2,"posy":3,"amount":400},{"posx":7,"posy":4,"amount":550},{"posx":1,"posy":6,"amount":100},{"posx":5,"posy":6,"amount":400},{"posx":3,"posy":7,"amount":200}],"changedObstacles":[]},{"players":[{"playerId":2410245,"score":1100,"energy":1,"posx":18,"posy":2,"lastAction":5,"status":0},{"playerId":1027,"score":700,"energy":15,"posx":7,"posy":4,"lastAction":4,"status":0},{"playerId":137845,"score":900,"energy":1,"posx":9,"posy":4,"lastAction":0,"status":0},{"playerId":2248990,"score":1000,"energy":21,"posx":18,"posy":2,"lastAction":2,"status":0}],"golds":[{"posx":1,"posy":0,"amount":300},{"posx":6,"posy":0,"amount":250},{"posx":19,"posy":1,"amount":450},{"posx":6,"posy":2,"amount":50},{"posx":7,"posy":2,"amount":150},{"posx":18,"posy":2,"amount":500},{"posx":2,"posy":3,"amount":400},{"posx":7,"posy":4,"amount":550},{"posx":1,"posy":6,"amount":100},{"posx":5,"posy":6,"amount":400},{"posx":3,"posy":7,"amount":200}],"changedObstacles":[]},{"players":[{"playerId":2410245,"score":1100,"energy":13,"posx":18,"posy":2,"lastAction":4,"status":0},{"playerId":1027,"score":700,"energy":31,"posx":7,"posy":4,"lastAction":4,"status":0},{"playerId":137845,"score":900,"energy":13,"posx":9,"posy":4,"lastAction":4,"status":0},{"playerId":2248990,"score":1050,"energy":16,"posx":18,"posy":2,"lastAction":5,"status":0}],"golds":[{"posx":1,"posy":0,"amount":300},{"posx":6,"posy":0,"amount":250},{"posx":19,"posy":1,"amount":450},{"posx":6,"posy":2,"amount":50},{"posx":7,"posy":2,"amount":150},{"posx":18,"posy":2,"amount":450},{"posx":2,"posy":3,"amount":400},{"posx":7,"posy":4,"amount":550},{"posx":1,"posy":6,"amount":100},{"posx":5,"posy":6,"amount":400},{"posx":3,"posy":7,"amount":200}],"changedObstacles":[]},{"players":[{"playerId":2410245,"score":1150,"energy":8,"posx":18,"posy":2,"lastAction":5,"status":0},{"playerId":1027,"score":700,"energy":50,"posx":7,"posy":4,"lastAction":4,"status":0},{"playerId":137845,"score":900,"energy":29,"posx":9,"posy":4,"lastAction":4,"status":0},{"playerId":2248990,"score":1100,"energy":11,"posx":18,"posy":2,"lastAction":5,"status":0}],"golds":[{"posx":1,"posy":0,"amount":300},{"posx":6,"posy":0,"amount":250},{"posx":19,"posy":1,"amount":450},{"posx":6,"posy":2,"amount":50},{"posx":7,"posy":2,"amount":150},{"posx":18,"posy":2,"amount":350},{"posx":2,"posy":3,"amount":400},{"posx":7,"posy":4,"amount":550},{"posx":1,"posy":6,"amount":100},{"posx":5,"posy":6,"amount":400},{"posx":3,"posy":7,"amount":200}],"changedObstacles":[]},{"players":[{"playerId":2410245,"score":1200,"energy":3,"posx":18,"posy":2,"lastAction":5,"status":0},{"playerId":1027,"score":750,"energy":45,"posx":7,"posy":4,"lastAction":5,"status":0},{"playerId":137845,"score":900,"energy":28,"posx":8,"posy":4,"lastAction":0,"status":0},{"playerId":2248990,"score":1100,"energy":23,"posx":18,"posy":2,"lastAction":4,"status":0}],"golds":[{"posx":1,"posy":0,"amount":300},{"posx":6,"posy":0,"amount":250},{"posx":19,"posy":1,"amount":450},{"posx":6,"posy":2,"amount":50},{"posx":7,"posy":2,"amount":150},{"posx":18,"posy":2,"amount":300},{"posx":2,"posy":3,"amount":400},{"posx":7,"posy":4,"amount":500},{"posx":1,"posy":6,"amount":100},{"posx":5,"posy":6,"amount":400},{"posx":3,"posy":7,"amount":200}],"changedObstacles":[]},{"players":[{"playerId":2410245,"score":1200,"energy":15,"posx":18,"posy":2,"lastAction":4,"status":0},{"playerId":1027,"score":800,"energy":40,"posx":7,"posy":4,"lastAction":5,"status":0},{"playerId":137845,"score":900,"energy":24,"posx":7,"posy":4,"lastAction":0,"status":0},{"playerId":2248990,"score":1100,"energy":39,"posx":18,"posy":2,"lastAction":4,"status":0}],"golds":[{"posx":1,"posy":0,"amount":300},{"posx":6,"posy":0,"amount":250},{"posx":19,"posy":1,"amount":450},{"posx":6,"posy":2,"amount":50},{"posx":7,"posy":2,"amount":150},{"posx":18,"posy":2,"amount":300},{"posx":2,"posy":3,"amount":400},{"posx":7,"posy":4,"amount":450},{"posx":1,"posy":6,"amount":100},{"posx":5,"posy":6,"amount":400},{"posx":3,"posy":7,"amount":200}],"changedObstacles":[]},{"players":[{"playerId":2410245,"score":1250,"energy":10,"posx":18,"posy":2,"lastAction":5,"status":0},{"playerId":1027,"score":850,"energy":35,"posx":7,"posy":4,"lastAction":5,"status":0},{"playerId":137845,"score":950,"energy":19,"posx":7,"posy":4,"lastAction":5,"status":0},{"playerId":2248990,"score":1100,"energy":50,"posx":18,"posy":2,"lastAction":4,"status":0}],"golds":[{"posx":1,"posy":0,"amount":300},{"posx":6,"posy":0,"amount":250},{"posx":19,"posy":1,"amount":450},{"posx":6,"posy":2,"amount":50},{"posx":7,"posy":2,"amount":150},{"posx":18,"posy":2,"amount":250},{"posx":2,"posy":3,"amount":400},{"posx":7,"posy":4,"amount":350},{"posx":1,"posy":6,"amount":100},{"posx":5,"posy":6,"amount":400},{"posx":3,"posy":7,"amount":200}],"changedObstacles":[]},{"players":[{"playerId":2410245,"score":1300,"energy":5,"posx":18,"posy":2,"lastAction":5,"status":0},{"playerId":1027,"score":900,"energy":30,"posx":7,"posy":4,"lastAction":5,"status":0},{"playerId":137845,"score":1000,"energy":14,"posx":7,"posy":4,"lastAction":5,"status":0},{"playerId":2248990,"score":1150,"energy":45,"posx":18,"posy":2,"lastAction":5,"status":0}],"golds":[{"posx":1,"posy":0,"amount":300},{"posx":6,"posy":0,"amount":250},{"posx":19,"posy":1,"amount":450},{"posx":6,"posy":2,"amount":50},{"posx":7,"posy":2,"amount":150},{"posx":18,"posy":2,"amount":150},{"posx":2,"posy":3,"amount":400},{"posx":7,"posy":4,"amount":250},{"posx":1,"posy":6,"amount":100},{"posx":5,"posy":6,"amount":400},{"posx":3,"posy":7,"amount":200}],"changedObstacles":[]},{"players":[{"playerId":2410245,"score":1300,"energy":17,"posx":18,"posy":2,"lastAction":4,"status":0},{"playerId":1027,"score":950,"energy":25,"posx":7,"posy":4,"lastAction":5,"status":0},{"playerId":137845,"score":1050,"energy":9,"posx":7,"posy":4,"lastAction":5,"status":0},{"playerId":2248990,"score":1150,"energy":50,"posx":18,"posy":2,"lastAction":4,"status":0}],"golds":[{"posx":1,"posy":0,"amount":300},{"posx":6,"posy":0,"amount":250},{"posx":19,"posy":1,"amount":450},{"posx":6,"posy":2,"amount":50},{"posx":7,"posy":2,"amount":150},{"posx":18,"posy":2,"amount":150},{"posx":2,"posy":3,"amount":400},{"posx":7,"posy":4,"amount":150},{"posx":1,"posy":6,"amount":100},{"posx":5,"posy":6,"amount":400},{"posx":3,"posy":7,"amount":200}],"changedObstacles":[]},{"players":[{"playerId":2410245,"score":1350,"energy":12,"posx":18,"posy":2,"lastAction":5,"status":0},{"playerId":1027,"score":1000,"energy":20,"posx":7,"posy":4,"lastAction":5,"status":0},{"playerId":137845,"score":1100,"energy":4,"posx":7,"posy":4,"lastAction":5,"status":0},{"playerId":2248990,"score":1200,"energy":45,"posx":18,"posy":2,"lastAction":5,"status":0}],"golds":[{"posx":1,"posy":0,"amount":300},{"posx":6,"posy":0,"amount":250},{"posx":19,"posy":1,"amount":450},{"posx":6,"posy":2,"amount":50},{"posx":7,"posy":2,"amount":150},{"posx":18,"posy":2,"amount":50},{"posx":2,"posy":3,"amount":400},{"posx":7,"posy":4,"amount":50},{"posx":1,"posy":6,"amount":100},{"posx":5,"posy":6,"amount":400},{"posx":3,"posy":7,"amount":200}],"changedObstacles":[]},{"players":[{"playerId":2410245,"score":1375,"energy":7,"posx":18,"posy":2,"lastAction":5,"status":0},{"playerId":1027,"score":1050,"energy":15,"posx":7,"posy":4,"lastAction":5,"status":0},{"playerId":137845,"score":1100,"energy":3,"posx":7,"posy":5,"lastAction":3,"status":0},{"playerId":2248990,"score":1225,"energy":40,"posx":18,"posy":2,"lastAction":5,"status":0}],"golds":[{"posx":1,"posy":0,"amount":300},{"posx":6,"posy":0,"amount":250},{"posx":19,"posy":1,"amount":450},{"posx":6,"posy":2,"amount":50},{"posx":7,"posy":2,"amount":150},{"posx":2,"posy":3,"amount":400},{"posx":1,"posy":6,"amount":100},{"posx":5,"posy":6,"amount":400},{"posx":3,"posy":7,"amount":200}],"changedObstacles":[{"type":0,"posx":18,"posy":2,"value":-1},{"type":0,"posx":7,"posy":4,"value":-1}]},{"players":[{"playerId":2410245,"score":1375,"energy":6,"posx":18,"posy":1,"lastAction":2,"status":0},{"playerId":1027,"score":1050,"energy":10,"posx":6,"posy":4,"lastAction":0,"status":0},{"playerId":137845,"score":1100,"energy":2,"posx":6,"posy":5,"lastAction":0,"status":0},{"playerId":2248990,"score":1225,"energy":39,"posx":18,"posy":1,"lastAction":2,"status":0}],"golds":[{"posx":1,"posy":0,"amount":300},{"posx":6,"posy":0,"amount":250},{"posx":19,"posy":1,"amount":450},{"posx":6,"posy":2,"amount":50},{"posx":7,"posy":2,"amount":150},{"posx":2,"posy":3,"amount":400},{"posx":1,"posy":6,"amount":100},{"posx":5,"posy":6,"amount":400},{"posx":3,"posy":7,"amount":200}],"changedObstacles":[{"type":3,"posx":6,"posy":4,"value":-20}]},{"players":[{"playerId":2410245,"score":1375,"energy":2,"posx":19,"posy":1,"lastAction":1,"status":0},{"playerId":1027,"score":1050,"energy":9,"posx":6,"posy":3,"lastAction":2,"status":0},{"playerId":137845,"score":1100,"energy":14,"posx":6,"posy":5,"lastAction":4,"status":0},{"playerId":2248990,"score":1225,"energy":35,"posx":19,"posy":1,"lastAction":1,"status":0}],"golds":[{"posx":1,"posy":0,"amount":300},{"posx":6,"posy":0,"amount":250},{"posx":19,"posy":1,"amount":450},{"posx":6,"posy":2,"amount":50},{"posx":7,"posy":2,"amount":150},{"posx":2,"posy":3,"amount":400},{"posx":1,"posy":6,"amount":100},{"posx":5,"posy":6,"amount":400},{"posx":3,"posy":7,"amount":200}],"changedObstacles":[]},{"players":[{"playerId":2410245,"score":1375,"energy":14,"posx":19,"posy":1,"lastAction":4,"status":0},{"playerId":1027,"score":1050,"energy":8,"posx":5,"posy":3,"lastAction":0,"status":0},{"playerId":137845,"score":1100,"energy":9,"posx":6,"posy":6,"lastAction":3,"status":0},{"playerId":2248990,"score":1275,"energy":30,"posx":19,"posy":1,"lastAction":5,"status":0}],"golds":[{"posx":1,"posy":0,"amount":300},{"posx":6,"posy":0,"amount":250},{"posx":19,"posy":1,"amount":400},{"posx":6,"posy":2,"amount":50},{"posx":7,"posy":2,"amount":150},{"posx":2,"posy":3,"amount":400},{"posx":1,"posy":6,"amount":100},{"posx":5,"posy":6,"amount":400},{"posx":3,"posy":7,"amount":200}],"changedObstacles":[{"type":3,"posx":6,"posy":6,"value":-20}]},{"players":[{"playerId":2410245,"score":1425,"energy":9,"posx":19,"posy":1,"lastAction":5,"status":0},{"playerId":1027,"score":1050,"energy":20,"posx":5,"posy":3,"lastAction":4,"status":0},{"playerId":137845,"score":1100,"energy":5,"posx":5,"posy":6,"lastAction":0,"status":0},{"playerId":2248990,"score":1325,"energy":25,"posx":19,"posy":1,"lastAction":5,"status":0}],"golds":[{"posx":1,"posy":0,"amount":300},{"posx":6,"posy":0,"amount":250},{"posx":19,"posy":1,"amount":300},{"posx":6,"posy":2,"amount":50},{"posx":7,"posy":2,"amount":150},{"posx":2,"posy":3,"amount":400},{"posx":1,"posy":6,"amount":100},{"posx":5,"posy":6,"amount":400},{"posx":3,"posy":7,"amount":200}],"changedObstacles":[]},{"players":[{"playerId":2410245,"score":1475,"energy":4,"posx":19,"posy":1,"lastAction":5,"status":0},{"playerId":1027,"score":1050,"energy":36,"posx":5,"posy":3,"lastAction":4,"status":0},{"playerId":137845,"score":1100,"energy":17,"posx":5,"posy":6,"lastAction":4,"status":0},{"playerId":2248990,"score":1375,"energy":20,"posx":19,"posy":1,"lastAction":5,"status":0}],"golds":[{"posx":1,"posy":0,"amount":300},{"posx":6,"posy":0,"amount":250},{"posx":19,"posy":1,"amount":200},{"posx":6,"posy":2,"amount":50},{"posx":7,"posy":2,"amount":150},{"posx":2,"posy":3,"amount":400},{"posx":1,"posy":6,"amount":100},{"posx":5,"posy":6,"amount":400},{"posx":3,"posy":7,"amount":200}],"changedObstacles":[]},{"players":[{"playerId":2410245,"score":1475,"energy":16,"posx":19,"posy":1,"lastAction":4,"status":0},{"playerId":1027,"score":1050,"energy":50,"posx":5,"posy":3,"lastAction":4,"status":0},{"playerId":137845,"score":1100,"energy":33,"posx":5,"posy":6,"lastAction":4,"status":0},{"playerId":2248990,"score":1425,"energy":15,"posx":19,"posy":1,"lastAction":5,"status":0}],"golds":[{"posx":1,"posy":0,"amount":300},{"posx":6,"posy":0,"amount":250},{"posx":19,"posy":1,"amount":150},{"posx":6,"posy":2,"amount":50},{"posx":7,"posy":2,"amount":150},{"posx":2,"posy":3,"amount":400},{"posx":1,"posy":6,"amount":100},{"posx":5,"posy":6,"amount":400},{"posx":3,"posy":7,"amount":200}],"changedObstacles":[]},{"players":[{"playerId":2410245,"score":1525,"energy":11,"posx":19,"posy":1,"lastAction":5,"status":0},{"playerId":1027,"score":1050,"energy":40,"posx":4,"posy":3,"lastAction":0,"status":0},{"playerId":137845,"score":1100,"energy":50,"posx":5,"posy":6,"lastAction":4,"status":0},{"playerId":2248990,"score":1475,"energy":10,"posx":19,"posy":1,"lastAction":5,"status":0}],"golds":[{"posx":1,"posy":0,"amount":300},{"posx":6,"posy":0,"amount":250},{"posx":19,"posy":1,"amount":50},{"posx":6,"posy":2,"amount":50},{"posx":7,"posy":2,"amount":150},{"posx":2,"posy":3,"amount":400},{"posx":1,"posy":6,"amount":100},{"posx":5,"posy":6,"amount":400},{"posx":3,"posy":7,"amount":200}],"changedObstacles":[{"type":0,"posx":4,"posy":3,"value":-1}]},{"players":[{"playerId":2410245,"score":1575,"energy":6,"posx":19,"posy":1,"lastAction":5,"status":0},{"playerId":1027,"score":1050,"energy":39,"posx":3,"posy":3,"lastAction":0,"status":0},{"playerId":137845,"score":1150,"energy":45,"posx":5,"posy":6,"lastAction":5,"status":0},{"playerId":2248990,"score":1475,"energy":22,"posx":19,"posy":1,"lastAction":4,"status":0}],"golds":[{"posx":1,"posy":0,"amount":300},{"posx":6,"posy":0,"amount":250},{"posx":6,"posy":2,"amount":50},{"posx":7,"posy":2,"amount":150},{"posx":2,"posy":3,"amount":400},{"posx":1,"posy":6,"amount":100},{"posx":5,"posy":6,"amount":350},{"posx":3,"posy":7,"amount":200}],"changedObstacles":[{"type":0,"posx":19,"posy":1,"value":-1}]},{"players":[{"playerId":2410245,"score":1575,"energy":5,"posx":18,"posy":1,"lastAction":0,"status":0},{"playerId":1027,"score":1050,"energy":35,"posx":2,"posy":3,"lastAction":0,"status":0},{"playerId":137845,"score":1200,"energy":40,"posx":5,"posy":6,"lastAction":5,"status":0},{"playerId":2248990,"score":1475,"energy":38,"posx":19,"posy":1,"lastAction":4,"status":0}],"golds":[{"posx":1,"posy":0,"amount":300},{"posx":6,"posy":0,"amount":250},{"posx":6,"posy":2,"amount":50},{"posx":7,"posy":2,"amount":150},{"posx":2,"posy":3,"amount":400},{"posx":1,"posy":6,"amount":100},{"posx":5,"posy":6,"amount":300},{"posx":3,"posy":7,"amount":200}],"changedObstacles":[]},{"players":[{"playerId":2410245,"score":1575,"energy":17,"posx":18,"posy":1,"lastAction":4,"status":0},{"playerId":1027,"score":1100,"energy":30,"posx":2,"posy":3,"lastAction":5,"status":0},{"playerId":137845,"score":1250,"energy":35,"posx":5,"posy":6,"lastAction":5,"status":0},{"playerId":2248990,"score":1475,"energy":37,"posx":18,"posy":1,"lastAction":0,"status":0}],"golds":[{"posx":1,"posy":0,"amount":300},{"posx":6,"posy":0,"amount":250},{"posx":6,"posy":2,"amount":50},{"posx":7,"posy":2,"amount":150},{"posx":2,"posy":3,"amount":350},{"posx":1,"posy":6,"amount":100},{"posx":5,"posy":6,"amount":250},{"posx":3,"posy":7,"amount":200}],"changedObstacles":[]},{"players":[{"playerId":2410245,"score":1575,"energy":33,"posx":18,"posy":1,"lastAction":4,"status":0},{"playerId":1027,"score":1150,"energy":25,"posx":2,"posy":3,"lastAction":5,"status":0},{"playerId":137845,"score":1300,"energy":30,"posx":5,"posy":6,"lastAction":5,"status":0},{"playerId":2248990,"score":1475,"energy":49,"posx":18,"posy":1,"lastAction":4,"status":0}],"golds":[{"posx":1,"posy":0,"amount":300},{"posx":6,"posy":0,"amount":250},{"posx":6,"posy":2,"amount":50},{"posx":7,"posy":2,"amount":150},{"posx":2,"posy":3,"amount":300},{"posx":1,"posy":6,"amount":100},{"posx":5,"posy":6,"amount":200},{"posx":3,"posy":7,"amount":200}],"changedObstacles":[]},{"players":[{"playerId":2410245,"score":1575,"energy":13,"posx":17,"posy":1,"lastAction":0,"status":0},{"playerId":1027,"score":1200,"energy":20,"posx":2,"posy":3,"lastAction":5,"status":0},{"playerId":137845,"score":1350,"energy":25,"posx":5,"posy":6,"lastAction":5,"status":0},{"playerId":2248990,"score":1475,"energy":33,"posx":17,"posy":1,"lastAction":0,"status":0}],"golds":[{"posx":1,"posy":0,"amount":300},{"posx":6,"posy":0,"amount":250},{"posx":6,"posy":2,"amount":50},{"posx":7,"posy":2,"amount":150},{"posx":2,"posy":3,"amount":250},{"posx":1,"posy":6,"amount":100},{"posx":5,"posy":6,"amount":150},{"posx":3,"posy":7,"amount":200}],"changedObstacles":[]},{"players":[{"playerId":2410245,"score":1575,"energy":12,"posx":16,"posy":1,"lastAction":0,"status":0},{"playerId":1027,"score":1250,"energy":15,"posx":2,"posy":3,"lastAction":5,"status":0},{"playerId":137845,"score":1400,"energy":20,"posx":5,"posy":6,"lastAction":5,"status":0},{"playerId":2248990,"score":1475,"energy":45,"posx":17,"posy":1,"lastAction":4,"status":0}],"golds":[{"posx":1,"posy":0,"amount":300},{"posx":6,"posy":0,"amount":250},{"posx":6,"posy":2,"amount":50},{"posx":7,"posy":2,"amount":150},{"posx":2,"posy":3,"amount":200},{"posx":1,"posy":6,"amount":100},{"posx":5,"posy":6,"amount":100},{"posx":3,"posy":7,"amount":200}],"changedObstacles":[]},{"players":[{"playerId":2410245,"score":1575,"energy":11,"posx":15,"posy":1,"lastAction":0,"status":0},{"playerId":1027,"score":1300,"energy":10,"posx":2,"posy":3,"lastAction":5,"status":0},{"playerId":137845,"score":1450,"energy":15,"posx":5,"posy":6,"lastAction":5,"status":0},{"playerId":2248990,"score":1475,"energy":44,"posx":16,"posy":1,"lastAction":0,"status":0}],"golds":[{"posx":1,"posy":0,"amount":300},{"posx":6,"posy":0,"amount":250},{"posx":6,"posy":2,"amount":50},{"posx":7,"posy":2,"amount":150},{"posx":2,"posy":3,"amount":150},{"posx":1,"posy":6,"amount":100},{"posx":5,"posy":6,"amount":50},{"posx":3,"posy":7,"amount":200}],"changedObstacles":[]},{"players":[{"playerId":2410245,"score":1575,"energy":10,"posx":14,"posy":1,"lastAction":0,"status":0},{"playerId":1027,"score":1350,"energy":5,"posx":2,"posy":3,"lastAction":5,"status":0},{"playerId":137845,"score":1500,"energy":10,"posx":5,"posy":6,"lastAction":5,"status":0},{"playerId":2248990,"score":1475,"energy":43,"posx":15,"posy":1,"lastAction":0,"status":0}],"golds":[{"posx":1,"posy":0,"amount":300},{"posx":6,"posy":0,"amount":250},{"posx":6,"posy":2,"amount":50},{"posx":7,"posy":2,"amount":150},{"posx":2,"posy":3,"amount":100},{"posx":1,"posy":6,"amount":100},{"posx":3,"posy":7,"amount":200}],"changedObstacles":[{"type":0,"posx":5,"posy":6,"value":-1}]},{"players":[{"playerId":2410245,"score":1575,"energy":9,"posx":13,"posy":1,"lastAction":0,"status":0},{"playerId":1027,"score":1350,"energy":17,"posx":2,"posy":3,"lastAction":4,"status":0},{"playerId":137845,"score":1500,"energy":9,"posx":5,"posy":7,"lastAction":3,"status":0},{"playerId":2248990,"score":1475,"energy":42,"posx":14,"posy":1,"lastAction":0,"status":0}],"golds":[{"posx":1,"posy":0,"amount":300},{"posx":6,"posy":0,"amount":250},{"posx":6,"posy":2,"amount":50},{"posx":7,"posy":2,"amount":150},{"posx":2,"posy":3,"amount":100},{"posx":1,"posy":6,"amount":100},{"posx":3,"posy":7,"amount":200}],"changedObstacles":[]},{"players":[{"playerId":2410245,"score":1575,"energy":8,"posx":12,"posy":1,"lastAction":0,"status":0},{"playerId":1027,"score":1350,"energy":33,"posx":2,"posy":3,"lastAction":4,"status":0},{"playerId":137845,"score":1500,"energy":8,"posx":4,"posy":7,"lastAction":0,"status":0},{"playerId":2248990,"score":1475,"energy":41,"posx":13,"posy":1,"lastAction":0,"status":0}],"golds":[{"posx":1,"posy":0,"amount":300},{"posx":6,"posy":0,"amount":250},{"posx":6,"posy":2,"amount":50},{"posx":7,"posy":2,"amount":150},{"posx":2,"posy":3,"amount":100},{"posx":1,"posy":6,"amount":100},{"posx":3,"posy":7,"amount":200}],"changedObstacles":[]},{"players":[{"playerId":2410245,"score":1575,"energy":7,"posx":12,"posy":2,"lastAction":3,"status":0},{"playerId":1027,"score":1350,"energy":50,"posx":2,"posy":3,"lastAction":4,"status":0},{"playerId":137845,"score":1500,"energy":4,"posx":3,"posy":7,"lastAction":0,"status":0},{"playerId":2248990,"score":1475,"energy":40,"posx":12,"posy":1,"lastAction":0,"status":0}],"golds":[{"posx":1,"posy":0,"amount":300},{"posx":6,"posy":0,"amount":250},{"posx":6,"posy":2,"amount":50},{"posx":7,"posy":2,"amount":150},{"posx":2,"posy":3,"amount":100},{"posx":1,"posy":6,"amount":100},{"posx":3,"posy":7,"amount":200}],"changedObstacles":[]},{"players":[{"playerId":2410245,"score":1575,"energy":2,"posx":11,"posy":2,"lastAction":0,"status":0},{"playerId":1027,"score":1400,"energy":45,"posx":2,"posy":3,"lastAction":5,"status":0},{"playerId":137845,"score":1500,"energy":16,"posx":3,"posy":7,"lastAction":4,"status":0},{"playerId":2248990,"score":1475,"energy":29,"posx":11,"posy":1,"lastAction":0,"status":0}],"golds":[{"posx":1,"posy":0,"amount":300},{"posx":6,"posy":0,"amount":250},{"posx":6,"posy":2,"amount":50},{"posx":7,"posy":2,"amount":150},{"posx":2,"posy":3,"amount":50},{"posx":1,"posy":6,"amount":100},{"posx":3,"posy":7,"amount":200}],"changedObstacles":[{"type":3,"posx":11,"posy":2,"value":-20}]},{"players":[{"playerId":2410245,"score":1575,"energy":14,"posx":11,"posy":2,"lastAction":4,"status":0},{"playerId":1027,"score":1450,"energy":40,"posx":2,"posy":3,"lastAction":5,"status":0},{"playerId":137845,"score":1500,"energy":32,"posx":3,"posy":7,"lastAction":4,"status":0},{"playerId":2248990,"score":1475,"energy":24,"posx":10,"posy":1,"lastAction":0,"status":0}],"golds":[{"posx":1,"posy":0,"amount":300},{"posx":6,"posy":0,"amount":250},{"posx":6,"posy":2,"amount":50},{"posx":7,"posy":2,"amount":150},{"posx":1,"posy":6,"amount":100},{"posx":3,"posy":7,"amount":200}],"changedObstacles":[{"type":3,"posx":10,"posy":1,"value":-20},{"type":0,"posx":2,"posy":3,"value":-1}]},{"players":[{"playerId":2410245,"score":1575,"energy":13,"posx":10,"posy":2,"lastAction":0,"status":0},{"playerId":1027,"score":1450,"energy":39,"posx":2,"posy":2,"lastAction":2,"status":0},{"playerId":137845,"score":1500,"energy":50,"posx":3,"posy":7,"lastAction":4,"status":0},{"playerId":2248990,"score":1475,"energy":19,"posx":9,"posy":1,"lastAction":0,"status":0}],"golds":[{"posx":1,"posy":0,"amount":300},{"posx":6,"posy":0,"amount":250},{"posx":6,"posy":2,"amount":50},{"posx":7,"posy":2,"amount":150},{"posx":1,"posy":6,"amount":100},{"posx":3,"posy":7,"amount":200}],"changedObstacles":[{"type":3,"posx":9,"posy":1,"value":-20}]},{"players":[{"playerId":2410245,"score":1575,"energy":12,"posx":9,"posy":2,"lastAction":0,"status":0},{"playerId":1027,"score":1450,"energy":38,"posx":2,"posy":1,"lastAction":2,"status":0},{"playerId":137845,"score":1550,"energy":45,"posx":3,"posy":7,"lastAction":5,"status":0},{"playerId":2248990,"score":1475,"energy":31,"posx":9,"posy":1,"lastAction":4,"status":0}],"golds":[{"posx":1,"posy":0,"amount":300},{"posx":6,"posy":0,"amount":250},{"posx":6,"posy":2,"amount":50},{"posx":7,"posy":2,"amount":150},{"posx":1,"posy":6,"amount":100},{"posx":3,"posy":7,"amount":150}],"changedObstacles":[]},{"players":[{"playerId":2410245,"score":1575,"energy":11,"posx":8,"posy":2,"lastAction":0,"status":0},{"playerId":1027,"score":1450,"energy":37,"posx":2,"posy":0,"lastAction":2,"status":0},{"playerId":137845,"score":1600,"energy":40,"posx":3,"posy":7,"lastAction":5,"status":0},{"playerId":2248990,"score":1475,"energy":26,"posx":8,"posy":1,"lastAction":0,"status":0}],"golds":[{"posx":1,"posy":0,"amount":300},{"posx":6,"posy":0,"amount":250},{"posx":6,"posy":2,"amount":50},{"posx":7,"posy":2,"amount":150},{"posx":1,"posy":6,"amount":100},{"posx":3,"posy":7,"amount":100}],"changedObstacles":[{"type":3,"posx":8,"posy":1,"value":-20}]},{"players":[{"playerId":2410245,"score":1575,"energy":7,"posx":7,"posy":2,"lastAction":0,"status":0},{"playerId":1027,"score":1450,"energy":33,"posx":1,"posy":0,"lastAction":0,"status":0},{"playerId":137845,"score":1650,"energy":35,"posx":3,"posy":7,"lastAction":5,"status":0},{"playerId":2248990,"score":1475,"energy":25,"posx":7,"posy":1,"lastAction":0,"status":0}],"golds":[{"posx":1,"posy":0,"amount":300},{"posx":6,"posy":0,"amount":250},{"posx":6,"posy":2,"amount":50},{"posx":7,"posy":2,"amount":150},{"posx":1,"posy":6,"amount":100},{"posx":3,"posy":7,"amount":50}],"changedObstacles":[]},{"players":[{"playerId":2410245,"score":1625,"energy":2,"posx":7,"posy":2,"lastAction":5,"status":0},{"playerId":1027,"score":1500,"energy":28,"posx":1,"posy":0,"lastAction":5,"status":0},{"playerId":137845,"score":1700,"energy":30,"posx":3,"posy":7,"lastAction":5,"status":0},{"playerId":2248990,"score":1475,"energy":24,"posx":7,"posy":0,"lastAction":2,"status":0}],"golds":[{"posx":1,"posy":0,"amount":250},{"posx":6,"posy":0,"amount":250},{"posx":6,"posy":2,"amount":50},{"posx":7,"posy":2,"amount":100},{"posx":1,"posy":6,"amount":100}],"changedObstacles":[{"type":0,"posx":3,"posy":7,"value":-1}]},{"players":[{"playerId":2410245,"score":1625,"energy":14,"posx":7,"posy":2,"lastAction":4,"status":0},{"playerId":1027,"score":1550,"energy":23,"posx":1,"posy":0,"lastAction":5,"status":0},{"playerId":137845,"score":1700,"energy":29,"posx":3,"posy":6,"lastAction":2,"status":0},{"playerId":2248990,"score":1475,"energy":20,"posx":6,"posy":0,"lastAction":0,"status":0}],"golds":[{"posx":1,"posy":0,"amount":200},{"posx":6,"posy":0,"amount":250},{"posx":6,"posy":2,"amount":50},{"posx":7,"posy":2,"amount":100},{"posx":1,"posy":6,"amount":100}],"changedObstacles":[]},{"players":[{"playerId":2410245,"score":1675,"energy":9,"posx":7,"posy":2,"lastAction":5,"status":0},{"playerId":1027,"score":1600,"energy":18,"posx":1,"posy":0,"lastAction":5,"status":0},{"playerId":137845,"score":1700,"energy":28,"posx":2,"posy":6,"lastAction":0,"status":0},{"playerId":2248990,"score":1525,"energy":15,"posx":6,"posy":0,"lastAction":5,"status":0}],"golds":[{"posx":1,"posy":0,"amount":150},{"posx":6,"posy":0,"amount":200},{"posx":6,"posy":2,"amount":50},{"posx":7,"posy":2,"amount":50},{"posx":1,"posy":6,"amount":100}],"changedObstacles":[]},{"players":[{"playerId":2410245,"score":1725,"energy":4,"posx":7,"posy":2,"lastAction":5,"status":0},{"playerId":1027,"score":1650,"energy":13,"posx":1,"posy":0,"lastAction":5,"status":0},{"playerId":137845,"score":1700,"energy":24,"posx":1,"posy":6,"lastAction":0,"status":0},{"playerId":2248990,"score":1575,"energy":10,"posx":6,"posy":0,"lastAction":5,"status":0}],"golds":[{"posx":1,"posy":0,"amount":100},{"posx":6,"posy":0,"amount":150},{"posx":6,"posy":2,"amount":50},{"posx":1,"posy":6,"amount":100}],"changedObstacles":[{"type":0,"posx":7,"posy":2,"value":-1}]},{"players":[{"playerId":2410245,"score":1725,"energy":16,"posx":7,"posy":2,"lastAction":4,"status":0},{"playerId":1027,"score":1700,"energy":8,"posx":1,"posy":0,"lastAction":5,"status":0},{"playerId":137845,"score":1750,"energy":19,"posx":1,"posy":6,"lastAction":5,"status":0},{"playerId":2248990,"score":1575,"energy":22,"posx":6,"posy":0,"lastAction":4,"status":0}],"golds":[{"posx":1,"posy":0,"amount":50},{"posx":6,"posy":0,"amount":150},{"posx":6,"posy":2,"amount":50},{"posx":1,"posy":6,"amount":50}],"changedObstacles":[]},{"players":[{"playerId":2410245,"score":1725,"energy":12,"posx":6,"posy":2,"lastAction":0,"status":0},{"playerId":1027,"score":1750,"energy":3,"posx":1,"posy":0,"lastAction":5,"status":0},{"playerId":137845,"score":1800,"energy":14,"posx":1,"posy":6,"lastAction":5,"status":0},{"playerId":2248990,"score":1625,"energy":17,"posx":6,"posy":0,"lastAction":5,"status":0}],"golds":[{"posx":6,"posy":0,"amount":100},{"posx":6,"posy":2,"amount":50}],"changedObstacles":[{"type":0,"posx":1,"posy":0,"value":-1},{"type":0,"posx":1,"posy":6,"value":-1}]},{"players":[{"playerId":2410245,"score":1775,"energy":7,"posx":6,"posy":2,"lastAction":5,"status":0},{"playerId":1027,"score":1750,"energy":15,"posx":1,"posy":0,"lastAction":4,"status":0},{"playerId":137845,"score":1800,"energy":9,"posx":0,"posy":6,"lastAction":0,"status":0},{"playerId":2248990,"score":1675,"energy":12,"posx":6,"posy":0,"lastAction":5,"status":0}],"golds":[{"posx":6,"posy":0,"amount":50}],"changedObstacles":[{"type":3,"posx":0,"posy":6,"value":-20},{"type":0,"posx":6,"posy":2,"value":-1}]},{"players":[{"playerId":2410245,"score":1775,"energy":6,"posx":6,"posy":1,"lastAction":2,"status":0},{"playerId":1027,"score":1750,"energy":31,"posx":1,"posy":0,"lastAction":4,"status":0},{"playerId":137845,"score":1800,"energy":8,"posx":0,"posy":5,"lastAction":2,"status":0},{"playerId":2248990,"score":1725,"energy":7,"posx":6,"posy":0,"lastAction":5,"status":0}],"golds":[],"changedObstacles":[{"type":0,"posx":6,"posy":0,"value":-1}]}]