[{"players":[{"playerId":2349571,"score":0,"energy":49,"posx":13,"posy":3,"lastAction":0,"status":0},{"playerId":1168092,"score":0,"energy":49,"posx":15,"posy":3,"lastAction":1,"status":0},{"playerId":69695,"score":0,"energy":40,"posx":14,"posy":4,"lastAction":3,"status":0},{"playerId":2233933,"score":0,"energy":49,"posx":13,"posy":3,"lastAction":0,"status":0}],"golds":[{"posx":18,"posy":6,"amount":650},{"posx":5,"posy":6,"amount":400},{"posx":13,"posy":5,"amount":350},{"posx":18,"posy":4,"amount":50},{"posx":17,"posy":6,"amount":350},{"posx":7,"posy":2,"amount":150},{"posx":15,"posy":7,"amount":50},{"posx":16,"posy":5,"amount":400},{"posx":18,"posy":2,"amount":600},{"posx":6,"posy":0,"amount":250},{"posx":2,"posy":3,"amount":400},{"posx":19,"posy":1,"amount":450},{"posx":17,"posy":4,"amount":600},{"posx":17,"posy":7,"amount":350},{"posx":3,"posy":7,"amount":200},{"posx":6,"posy":2,"amount":50},{"posx":16,"posy":6,"amount":750},{"posx":1,"posy":0,"amount":300},{"posx":7,"posy":4,"amount":600},{"posx":1,"posy":6,"amount":100}],"changedObstacles":[{"type":0,"posx":14,"posy":4,"value":-1}]},{"players":[{"playerId":2349571,"score":0,"energy":35,"posx":12,"posy":3,"lastAction":0,"status":0},{"playerId":1168092,"score":0,"energy":44,"posx":15,"posy":4,"lastAction":3,"status":0},{"playerId":69695,"score":0,"energy":32,"posx":14,"posy":5,"lastAction":3,"status":0},{"playerId":2233933,"score":0,"energy":44,"posx":13,"posy":4,"lastAction":3,"status":0}],"golds":[{"posx":18,"posy":6,"amount":650},{"posx":5,"posy":6,"amount":400},{"posx":13,"posy":5,"amount":350},{"posx":18,"posy":4,"amount":50},{"posx":17,"posy":6,"amount":350},{"posx":7,"posy":2,"amount":150},{"posx":15,"posy":7,"amount":50},{"posx":16,"posy":5,"amount":400},{"posx":18,"posy":2,"amount":600},{"posx":6,"posy":0,"amount":250},{"posx":2,"posy":3,"amount":400},{"posx":19,"posy":1,"amount":450},{"posx":17,"posy":4,"amount":600},{"posx":17,"posy":7,"amount":350},{"posx":3,"posy":7,"amount":200},{"posx":6,"posy":2,"amount":50},{"posx":16,"posy":6,"amount":750},{"posx":1,"posy":0,"amount":300},{"posx":7,"posy":4,"amount":600},{"posx":1,"posy":6,"amount":100}],"changedObstacles":[{"type":3,"posx":13,"posy":4,"value":-20},{"type":3,"posx":15,"posy":4,"value":-20}]},{"players":[{"playerId":2349571,"score":0,"energy":34,"posx":12,"posy":4,"lastAction":3,"status":0},{"playerId":1168092,"score":0,"energy":43,"posx":15,"posy":5,"lastAction":3,"status":0},{"playerId":69695,"score":0,"energy":28,"posx":13,"posy":5,"lastAction":0,"status":0},{"playerId":2233933,"score":0,"energy":40,"posx":13,"posy":5,"lastAction":3,"status":0}],"golds":[{"posx":18,"posy":6,"amount":650},{"posx":5,"posy":6,"amount":400},{"posx":13,"posy":5,"amount":350},{"posx":18,"posy":4,"amount":50},{"posx":17,"posy":6,"amount":350},{"posx":7,"posy":2,"amount":150},{"posx":15,"posy":7,"amount":50},{"posx":16,"posy":5,"amount":400},{"posx":18,"posy":2,"amount":600},{"posx":6,"posy":0,"amount":250},{"posx":2,"posy":3,"amount":400},{"posx":19,"posy":1,"amount":450},{"posx":17,"posy":4,"amount":600},{"posx":17,"posy":7,"amount":350},{"posx":3,"posy":7,"amount":200},{"posx":6,"posy":2,"amount":50},{"posx":16,"posy":6,"amount":750},{"posx":1,"posy":0,"amount":300},{"posx":7,"posy":4,"amount":600},{"posx":1,"posy":6,"amount":100}],"changedObstacles":[]},{"players":[{"playerId":2349571,"score":0,"energy":33,"posx":12,"posy":5,"lastAction":3,"status":0},{"playerId":1168092,"score":0,"energy":39,"posx":16,"posy":5,"lastAction":1,"status":0},{"playerId":69695,"score":50,"energy":23,"posx":13,"posy":5,"lastAction":5,"status":0},{"playerId":2233933,"score":50,"energy":35,"posx":13,"posy":5,"lastAction":5,"status":0}],"golds":[{"posx":1,"posy":0,"amount":300},{"posx":6,"posy":0,"amount":250},{"posx":19,"posy":1,"amount":450},{"posx":6,"posy":2,"amount":50},{"posx":7,"posy":2,"amount":150},{"posx":18,"posy":2,"amount":600},{"posx":2,"posy":3,"amount":400},{"posx":7,"posy":4,"amount":600},{"posx":17,"posy":4,"amount":600},{"posx":18,"posy":4,"amount":50},{"posx":13,"posy":5,"amount":250},{"posx":16,"posy":5,"amount":400},{"posx":1,"posy":6,"amount":100},{"posx":5,"posy":6,"amount":400},{"posx":16,"posy":6,"amount":750},{"posx":17,"posy":6,"amount":350},{"posx":18,"posy":6,"amount":650},{"posx":3,"posy":7,"amount":200},{"posx":15,"posy":7,"amount":50},{"posx":17,"posy":7,"amount":350}],"changedObstacles":[]},{"players":[{"playerId":2349571,"score":0,"energy":28,"posx":12,"posy":6,"lastAction":3,"status":0},{"playerId":1168092,"score":50,"energy":34,"posx":16,"posy":5,"lastAction":5,"status":0},{"playerId":69695,"score":100,"energy":18,"posx":13,"posy":5,"lastAction":5,"status":0},{"playerId":2233933,"score":100,"energy":30,"posx":13,"posy":5,"lastAction":5,"status":0}],"golds":[{"posx":1,"posy":0,"amount":300},{"posx":6,"posy":0,"amount":250},{"posx":19,"posy":1,"amount":450},{"posx":6,"posy":2,"amount":50},{"posx":7,"posy":2,"amount":150},{"posx":18,"posy":2,"amount":600},{"posx":2,"posy":3,"amount":400},{"posx":7,"posy":4,"amount":600},{"posx":17,"posy":4,"amount":600},{"posx":18,"posy":4,"amount":50},{"posx":13,"posy":5,"amount":150},{"posx":16,"posy":5,"amount":350},{"posx":1,"posy":6,"amount":100},{"posx":5,"posy":6,"amount":400},{"posx":16,"posy":6,"amount":750},{"posx":17,"posy":6,"amount":350},{"posx":18,"posy":6,"amount":650},{"posx":3,"posy":7,"amount":200},{"posx":15,"posy":7,"amount":50},{"posx":17,"posy":7,"amount":350}],"changedObstacles":[{"type":3,"posx":12,"posy":6,"value":-20}]},{"players":[{"playerId":2349571,"score":0,"energy":27,"posx":11,"posy":6,"lastAction":0,"status":0},{"playerId":1168092,"score":100,"energy":29,"posx":16,"posy":5,"lastAction":5,"status":0},{"playerId":69695,"score":150,"energy":13,"posx":13,"posy":5,"lastAction":5,"status":0},{"playerId":2233933,"score":150,"energy":25,"posx":13,"posy":5,"lastAction":5,"status":0}],"golds":[{"posx":1,"posy":0,"amount":300},{"posx":6,"posy":0,"amount":250},{"posx":19,"posy":1,"amount":450},{"posx":6,"posy":2,"amount":50},{"posx":7,"posy":2,"amount":150},{"posx":18,"posy":2,"amount":600},{"posx":2,"posy":3,"amount":400},{"posx":7,"posy":4,"amount":600},{"posx":17,"posy":4,"amount":600},{"posx":18,"posy":4,"amount":50},{"posx":13,"posy":5,"amount":50},{"posx":16,"posy":5,"amount":300},{"posx":1,"posy":6,"amount":100},{"posx":5,"posy":6,"amount":400},{"posx":16,"posy":6,"amount":750},{"posx":17,"posy":6,"amount":350},{"posx":18,"posy":6,"amount":650},{"posx":3,"posy":7,"amount":200},{"posx":15,"posy":7,"amount":50},{"posx":17,"posy":7,"amount":350}],"changedObstacles":[]},{"players":[{"playerId":2349571,"score":0,"energy":26,"posx":10,"posy":6,"lastAction":0,"status":0},{"playerId":1168092,"score":150,"energy":24,"posx":16,"posy":5,"lastAction":5,"status":0},{"playerId":69695,"score":175,"energy":8,"posx":13,"posy":5,"lastAction":5,"status":0},{"playerId":2233933,"score":175,"energy":20,"posx":13,"posy":5,"lastAction":5,"status":0}],"golds":[{"posx":1,"posy":0,"amount":300},{"posx":6,"posy":0,"amount":250},{"posx":19,"posy":1,"amount":450},{"posx":6,"posy":2,"amount":50},{"posx":7,"posy":2,"amount":150},{"posx":18,"posy":2,"amount":600},{"posx":2,"posy":3,"amount":400},{"posx":7,"posy":4,"amount":600},{"posx":17,"posy":4,"amount":600},{"posx":18,"posy":4,"amount":50},{"posx":16,"posy":5,"amount":250},{"posx":1,"posy":6,"amount":100},{"posx":5,"posy":6,"amount":400},{"posx":16,"posy":6,"amount":750},{"posx":17,"posy":6,"amount":350},{"posx":18,"posy":6,"amount":650},{"posx":3,"posy":7,"amount":200},{"posx":15,"posy":7,"amount":50},{"posx":17,"posy":7,"amount":350}],"changedObstacles":[{"type":0,"posx":13,"posy":5,"value":-1}]},{"players":[{"playerId":2349571,"score":0,"energy":9,"posx":9,"posy":6,"lastAction":0,"status":0},{"playerId":1168092,"score":200,"energy":19,"posx":16,"posy":5,"lastAction":5,"status":0},{"playerId":69695,"score":175,"energy":20,"posx":13,"posy":5,"lastAction":4,"status":0},{"playerId":2233933,"score":175,"energy":15,"posx":13,"posy":6,"lastAction":3,"status":0}],"golds":[{"posx":1,"posy":0,"amount":300},{"posx":6,"posy":0,"amount":250},{"posx":19,"posy":1,"amount":450},{"posx":6,"posy":2,"amount":50},{"posx":7,"posy":2,"amount":150},{"posx":18,"posy":2,"amount":600},{"posx":2,"posy":3,"amount":400},{"posx":7,"posy":4,"amount":600},{"posx":17,"posy":4,"amount":600},{"posx":18,"posy":4,"amount":50},{"posx":16,"posy":5,"amount":200},{"posx":1,"posy":6,"amount":100},{"posx":5,"posy":6,"amount":400},{"posx":16,"posy":6,"amount":750},{"posx":17,"posy":6,"amount":350},{"posx":18,"posy":6,"amount":650},{"posx":3,"posy":7,"amount":200},{"posx":15,"posy":7,"amount":50},{"posx":17,"posy":7,"amount":350}],"changedObstacles":[{"type":3,"posx":13,"posy":6,"value":-20}]},{"players":[{"playerId":2349571,"score":0,"energy":21,"posx":9,"posy":6,"lastAction":4,"status":0},{"playerId":1168092,"score":250,"energy":14,"posx":16,"posy":5,"lastAction":5,"status":0},{"playerId":69695,"score":175,"energy":2,"posx":14,"posy":5,"lastAction":1,"status":0},{"playerId":2233933,"score":175,"energy":14,"posx":14,"posy":6,"lastAction":1,"status":0}],"golds":[{"posx":1,"posy":0,"amount":300},{"posx":6,"posy":0,"amount":250},{"posx":19,"posy":1,"amount":450},{"posx":6,"posy":2,"amount":50},{"posx":7,"posy":2,"amount":150},{"posx":18,"posy":2,"amount":600},{"posx":2,"posy":3,"amount":400},{"posx":7,"posy":4,"amount":600},{"posx":17,"posy":4,"amount":600},{"posx":18,"posy":4,"amount":50},{"posx":16,"posy":5,"amount":150},{"posx":1,"posy":6,"amount":100},{"posx":5,"posy":6,"amount":400},{"posx":16,"posy":6,"amount":750},{"posx":17,"posy":6,"amount":350},{"posx":18,"posy":6,"amount":650},{"posx":3,"posy":7,"amount":200},{"posx":15,"posy":7,"amount":50},{"posx":17,"posy":7,"amount":350}],"changedObstacles":[]},{"players":[{"playerId":2349571,"score":0,"energy":20,"posx":8,"posy":6,"lastAction":0,"status":0},{"playerId":1168092,"score":300,"energy":9,"posx":16,"posy":5,"lastAction":5,"status":0},{"playerId":69695,"score":175,"energy":14,"posx":14,"posy":5,"lastAction":4,"status":0},{"playerId":2233933,"score":175,"energy":13,"posx":15,"posy":6,"lastAction":1,"status":0}],"golds":[{"posx":1,"posy":0,"amount":300},{"posx":6,"posy":0,"amount":250},{"posx":19,"posy":1,"amount":450},{"posx":6,"posy":2,"amount":50},{"posx":7,"posy":2,"amount":150},{"posx":18,"posy":2,"amount":600},{"posx":2,"posy":3,"amount":400},{"posx":7,"posy":4,"amount":600},{"posx":17,"posy":4,"amount":600},{"posx":18,"posy":4,"amount":50},{"posx":16,"posy":5,"amount":100},{"posx":1,"posy":6,"amount":100},{"posx":5,"posy":6,"amount":400},{"posx":16,"posy":6,"amount":750},{"posx":17,"posy":6,"amount":350},{"posx":18,"posy":6,"amount":650},{"posx":3,"posy":7,"amount":200},{"posx":15,"posy":7,"amount":50},{"posx":17,"posy":7,"amount":350}],"changedObstacles":[]},{"players":[{"playerId":2349571,"score":0,"energy":10,"posx":7,"posy":6,"lastAction":0,"status":0},{"playerId":1168092,"score":350,"energy":4,"posx":16,"posy":5,"lastAction":5,"status":0},{"playerId":69695,"score":175,"energy":30,"posx":14,"posy":5,"lastAction":4,"status":0},{"playerId":2233933,"score":175,"energy":9,"posx":15,"posy":7,"lastAction":3,"status":0}],"golds":[{"posx":1,"posy":0,"amount":300},{"posx":6,"posy":0,"amount":250},{"posx":19,"posy":1,"amount":450},{"posx":6,"posy":2,"amount":50},{"posx":7,"posy":2,"amount":150},{"posx":18,"posy":2,"amount":600},{"posx":2,"posy":3,"amount":400},{"posx":7,"posy":4,"amount":600},{"posx":17,"posy":4,"amount":600},{"posx":18,"posy":4,"amount":50},{"posx":16,"posy":5,"amount":50},{"posx":1,"posy":6,"amount":100},{"posx":5,"posy":6,"amount":400},{"posx":16,"posy":6,"amount":750},{"posx":17,"posy":6,"amount":350},{"posx":18,"posy":6,"amount":650},{"posx":3,"posy":7,"amount":200},{"posx":15,"posy":7,"amount":50},{"posx":17,"posy":7,"amount":350}],"changedObstacles":[{"type":0,"posx":7,"posy":6,"value":-1}]},{"players":[{"playerId":2349571,"score":0,"energy":22,"posx":7,"posy":6,"lastAction":4,"status":0},{"playerId":1168092,"score":350,"energy":16,"posx":16,"posy":5,"lastAction":4,"status":0},{"playerId":69695,"score":175,"energy":29,"posx":15,"posy":5,"lastAction":1,"status":0},{"playerId":2233933,"score":225,"energy":4,"posx":15,"posy":7,"lastAction":5,"status":0}],"golds":[{"posx":1,"posy":0,"amount":300},{"posx":6,"posy":0,"amount":250},{"posx":19,"posy":1,"amount":450},{"posx":6,"posy":2,"amount":50},{"posx":7,"posy":2,"amount":150},{"posx":18,"posy":2,"amount":600},{"posx":2,"posy":3,"amount":400},{"posx":7,"posy":4,"amount":600},{"posx":17,"posy":4,"amount":600},{"posx":18,"posy":4,"amount":50},{"posx":16,"posy":5,"amount":50},{"posx":1,"posy":6,"amount":100},{"posx":5,"posy":6,"amount":400},{"posx":16,"posy":6,"amount":750},{"posx":17,"posy":6,"amount":350},{"posx":18,"posy":6,"amount":650},{"posx":3,"posy":7,"amount":200},{"posx":17,"posy":7,"amount":350}],"changedObstacles":[{"type":0,"posx":15,"posy":7,"value":-1}]},{"players":[{"playerId":2349571,"score":0,"energy":17,"posx":6,"posy":6,"lastAction":0,"status":0},{"playerId":1168092,"score":350,"energy":32,"posx":16,"posy":5,"lastAction":4,"status":0},{"playerId":69695,"score":175,"energy":25,"posx":16,"posy":5,"lastAction":1,"status":0},{"playerId":2233933,"score":225,"energy":3,"posx":15,"posy":6,"lastAction":2,"status":0}],"golds":[{"posx":1,"posy":0,"amount":300},{"posx":6,"posy":0,"amount":250},{"posx":19,"posy":1,"amount":450},{"posx":6,"posy":2,"amount":50},{"posx":7,"posy":2,"amount":150},{"posx":18,"posy":2,"amount":600},{"posx":2,"posy":3,"amount":400},{"posx":7,"posy":4,"amount":600},{"posx":17,"posy":4,"amount":600},{"posx":18,"posy":4,"amount":50},{"posx":16,"posy":5,"amount":50},{"posx":1,"posy":6,"amount":100},{"posx":5,"posy":6,"amount":400},{"posx":16,"posy":6,"amount":750},{"posx":17,"posy":6,"amount":350},{"posx":18,"posy":6,"amount":650},{"posx":3,"posy":7,"amount":200},{"posx":17,"posy":7,"amount":350}],"changedObstacles":[{"type":3,"posx":6,"posy":6,"value":-20}]},{"players":[{"playerId":2349571,"score":0,"energy":29,"posx":6,"posy":6,"lastAction":4,"status":0},{"playerId":1168092,"score":375,"energy":27,"posx":16,"posy":5,"lastAction":5,"status":0},{"playerId":69695,"score":200,"energy":20,"posx":16,"posy":5,"lastAction":5,"status":0},{"playerId":2233933,"score":225,"energy":15,"posx":15,"posy":6,"lastAction":4,"status":0}],"golds":[{"posx":1,"posy":0,"amount":300},{"posx":6,"posy":0,"amount":250},{"posx":19,"posy":1,"amount":450},{"posx":6,"posy":2,"amount":50},{"posx":7,"posy":2,"amount":150},{"posx":18,"posy":2,"amount":600},{"posx":2,"posy":3,"amount":400},{"posx":7,"posy":4,"amount":600},{"posx":17,"posy":4,"amount":600},{"posx":18,"posy":4,"amount":50},{"posx":1,"posy":6,"amount":100},{"posx":5,"posy":6,"amount":400},{"posx":16,"posy":6,"amount":750},{"posx":17,"posy":6,"amount":350},{"posx":18,"posy":6,"amount":650},{"posx":3,"posy":7,"amount":200},{"posx":17,"posy":7,"amount":350}],"changedObstacles":[{"type":0,"posx":16,"posy":5,"value":-1}]},{"players":[{"playerId":2349571,"score":0,"energy":25,"posx":5,"posy":6,"lastAction":0,"status":0},{"playerId":1168092,"score":375,"energy":23,"posx":16,"posy":6,"lastAction":3,"status":0},{"playerId":69695,"score":200,"energy":16,"posx":16,"posy":6,"lastAction":3,"status":0},{"playerId":2233933,"score":225,"energy":11,"posx":16,"posy":6,"lastAction":1,"status":0}],"golds":[{"posx":1,"posy":0,"amount":300},{"posx":6,"posy":0,"amount":250},{"posx":19,"posy":1,"amount":450},{"posx":6,"posy":2,"amount":50},{"posx":7,"posy":2,"amount":150},{"posx":18,"posy":2,"amount":600},{"posx":2,"posy":3,"amount":400},{"posx":7,"posy":4,"amount":600},{"posx":17,"posy":4,"amount":600},{"posx":18,"posy":4,"amount":50},{"posx":1,"posy":6,"amount":100},{"posx":5,"posy":6,"amount":400},{"posx":16,"posy":6,"amount":750},{"posx":17,"posy":6,"amount":350},{"posx":18,"posy":6,"amount":650},{"posx":3,"posy":7,"amount":200},{"posx":17,"posy":7,"amount":350}],"changedObstacles":[]},{"players":[{"playerId":2349571,"score":0,"energy":12,"posx":4,"posy":6,"lastAction":0,"status":0},{"playerId":1168092,"score":425,"energy":18,"posx":16,"posy":6,"lastAction":5,"status":0},{"playerId":69695,"score":250,"energy":11,"posx":16,"posy":6,"lastAction":5,"status":0},{"playerId":2233933,"score":275,"energy":6,"posx":16,"posy":6,"lastAction":5,"status":0}],"golds":[{"posx":1,"posy":0,"amount":300},{"posx":6,"posy":0,"amount":250},{"posx":19,"posy":1,"amount":450},{"posx":6,"posy":2,"amount":50},{"posx":7,"posy":2,"amount":150},{"posx":18,"posy":2,"amount":600},{"posx":2,"posy":3,"amount":400},{"posx":7,"posy":4,"amount":600},{"posx":17,"posy":4,"amount":600},{"posx":18,"posy":4,"amount":50},{"posx":1,"posy":6,"amount":100},{"posx":5,"posy":6,"amount":400},{"posx":16,"posy":6,"amount":600},{"posx":17,"posy":6,"amount":350},{"posx":18,"posy":6,"amount":650},{"posx":3,"posy":7,"amount":200},{"posx":17,"posy":7,"amount":350}],"changedObstacles":[]},{"players":[{"playerId":2349571,"score":0,"energy":24,"posx":4,"posy":6,"lastAction":4,"status":0},{"playerId":1168092,"score":475,"energy":13,"posx":16,"posy":6,"lastAction":5,"status":0},{"playerId":69695,"score":300,"energy":6,"posx":16,"posy":6,"lastAction":5,"status":0},{"playerId":2233933,"score":325,"energy":1,"posx":16,"posy":6,"lastAction":5,"status":0}],"golds":[{"posx":1,"posy":0,"amount":300},{"posx":6,"posy":0,"amount":250},{"posx":19,"posy":1,"amount":450},{"posx":6,"posy":2,"amount":50},{"posx":7,"posy":2,"amount":150},{"posx":18,"posy":2,"amount":600},{"posx":2,"posy":3,"amount":400},{"posx":7,"posy":4,"amount":600},{"posx":17,"posy":4,"amount":600},{"posx":18,"posy":4,"amount":50},{"posx":1,"posy":6,"amount":100},{"posx":5,"posy":6,"amount":400},{"posx":16,"posy":6,"amount":450},{"posx":17,"posy":6,"amount":350},{"posx":18,"posy":6,"amount":650},{"posx":3,"posy":7,"amount":200},{"posx":17,"posy":7,"amount":350}],"changedObstacles":[]},{"players":[{"playerId":2349571,"score":0,"energy":23,"posx":3,"posy":6,"lastAction":0,"status":0},{"playerId":1168092,"score":525,"energy":8,"posx":16,"posy":6,"lastAction":5,"status":0},{"playerId":69695,"score":350,"energy":1,"posx":16,"posy":6,"lastAction":5,"status":0},{"playerId":2233933,"score":325,"energy":13,"posx":16,"posy":6,"lastAction":4,"status":0}],"golds":[{"posx":1,"posy":0,"amount":300},{"posx":6,"posy":0,"amount":250},{"posx":19,"posy":1,"amount":450},{"posx":6,"posy":2,"amount":50},{"posx":7,"posy":2,"amount":150},{"posx":18,"posy":2,"amount":600},{"posx":2,"posy":3,"amount":400},{"posx":7,"posy":4,"amount":600},{"posx":17,"posy":4,"amount":600},{"posx":18,"posy":4,"amount":50},{"posx":1,"posy":6,"amount":100},{"posx":5,"posy":6,"amount":400},{"posx":16,"posy":6,"amount":350},{"posx":17,"posy":6,"amount":350},{"posx":18,"posy":6,"amount":650},{"posx":3,"posy":7,"amount":200},{"posx":17,"posy":7,"amount":350}],"changedObstacles":[]},{"players":[{"playerId":2349571,"score":0,"energy":22,"posx":2,"posy":6,"lastAction":0,"status":0},{"playerId":1168092,"score":575,"energy":3,"posx":16,"posy":6,"lastAction":5,"status":0},{"playerId":69695,"score":350,"energy":13,"posx":16,"posy":6,"lastAction":4,"status":0},{"playerId":2233933,"score":375,"energy":8,"posx":16,"posy":6,"lastAction":5,"status":0}],"golds":[{"posx":1,"posy":0,"amount":300},{"posx":6,"posy":0,"amount":250},{"posx":19,"posy":1,"amount":450},{"posx":6,"posy":2,"amount":50},{"posx":7,"posy":2,"amount":150},{"posx":18,"posy":2,"amount":600},{"posx":2,"posy":3,"amount":400},{"posx":7,"posy":4,"amount":600},{"posx":17,"posy":4,"amount":600},{"posx":18,"posy":4,"amount":50},{"posx":1,"posy":6,"amount":100},{"posx":5,"posy":6,"amount":400},{"posx":16,"posy":6,"amount":250},{"posx":17,"posy":6,"amount":350},{"posx":18,"posy":6,"amount":650},{"posx":3,"posy":7,"amount":200},{"posx":17,"posy":7,"amount":350}],"changedObstacles":[]},{"players":[{"playerId":2349571,"score":0,"energy":18,"posx":1,"posy":6,"lastAction":0,"status":0},{"playerId":1168092,"score":575,"energy":15,"posx":16,"posy":6,"lastAction":4,"status":0},{"playerId":69695,"score":400,"energy":8,"posx":16,"posy":6,"lastAction":5,"status":0},{"playerId":2233933,"score":375,"energy":20,"posx":16,"posy":6,"lastAction":4,"status":0}],"golds":[{"posx":1,"posy":0,"amount":300},{"posx":6,"posy":0,"amount":250},{"posx":19,"posy":1,"amount":450},{"posx":6,"posy":2,"amount":50},{"posx":7,"posy":2,"amount":150},{"posx":18,"posy":2,"amount":600},{"posx":2,"posy":3,"amount":400},{"posx":7,"posy":4,"amount":600},{"posx":17,"posy":4,"amount":600},{"posx":18,"posy":4,"amount":50},{"posx":1,"posy":6,"amount":100},{"posx":5,"posy":6,"amount":400},{"posx":16,"posy":6,"amount":200},{"posx":17,"posy":6,"amount":350},{"posx":18,"posy":6,"amount":650},{"posx":3,"posy":7,"amount":200},{"posx":17,"posy":7,"amount":350}],"changedObstacles":[]},{"players":[{"playerId":2349571,"score":0,"energy":30,"posx":1,"posy":6,"lastAction":4,"status":0},{"playerId":1168092,"score":575,"energy":31,"posx":16,"posy":6,"lastAction":4,"status":0},{"playerId":69695,"score":450,"energy":3,"posx":16,"posy":6,"lastAction":5,"status":0},{"playerId":2233933,"score":425,"energy":15,"posx":16,"posy":6,"lastAction":5,"status":0}],"golds":[{"posx":1,"posy":0,"amount":300},{"posx":6,"posy":0,"amount":250},{"posx":19,"posy":1,"amount":450},{"posx":6,"posy":2,"amount":50},{"posx":7,"posy":2,"amount":150},{"posx":18,"posy":2,"amount":600},{"posx":2,"posy":3,"amount":400},{"posx":7,"posy":4,"amount":600},{"posx":17,"posy":4,"amount":600},{"posx":18,"posy":4,"amount":50},{"posx":1,"posy":6,"amount":100},{"posx":5,"posy":6,"amount":400},{"posx":16,"posy":6,"amount":100},{"posx":17,"posy":6,"amount":350},{"posx":18,"posy":6,"amount":650},{"posx":3,"posy":7,"amount":200},{"posx":17,"posy":7,"amount":350}],"changedObstacles":[]},{"players":[{"playerId":2349571,"score":50,"energy":25,"posx":1,"posy":6,"lastAction":5,"status":0},{"playerId":1168092,"score":625,"energy":26,"posx":16,"posy":6,"lastAction":5,"status":0},{"playerId":69695,"score":450,"energy":15,"posx":16,"posy":6,"lastAction":4,"status":0},{"playerId":2233933,"score":475,"energy":10,"posx":16,"posy":6,"lastAction":5,"status":0}],"golds":[{"posx":1,"posy":0,"amount":300},{"posx":6,"posy":0,"amount":250},{"posx":19,"posy":1,"amount":450},{"posx":6,"posy":2,"amount":50},{"posx":7,"posy":2,"amount":150},{"posx":18,"posy":2,"amount":600},{"posx":2,"posy":3,"amount":400},{"posx":7,"posy":4,"amount":600},{"posx":17,"posy":4,"amount":600},{"posx":18,"posy":4,"amount":50},{"posx":1,"posy":6,"amount":50},{"posx":5,"posy":6,"amount":400},{"posx":17,"posy":6,"amount":350},{"posx":18,"posy":6,"amount":650},{"posx":3,"posy":7,"amount":200},{"posx":17,"posy":7,"amount":350}],"changedObstacles":[{"type":0,"posx":16,"posy":6,"value":-1}]},{"players":[{"playerId":2349571,"score":100,"energy":20,"posx":1,"posy":6,"lastAction":5,"status":0},{"playerId":1168092,"score":625,"energy":22,"posx":17,"posy":6,"lastAction":1,"status":0},{"playerId":69695,"score":450,"energy":31,"posx":16,"posy":6,"lastAction":4,"status":0},{"playerId":2233933,"score":475,"energy":6,"posx":17,"posy":6,"lastAction":1,"status":0}],"golds":[{"posx":1,"posy":0,"amount":300},{"posx":6,"posy":0,"amount":250},{"posx":19,"posy":1,"amount":450},{"posx":6,"posy":2,"amount":50},{"posx":7,"posy":2,"amount":150},{"posx":18,"posy":2,"amount":600},{"posx":2,"posy":3,"amount":400},{"posx":7,"posy":4,"amount":600},{"posx":17,"posy":4,"amount":600},{"posx":18,"posy":4,"amount":50},{"posx":5,"posy":6,"amount":400},{"posx":17,"posy":6,"amount":350},{"posx":18,"posy":6,"amount":650},{"posx":3,"posy":7,"amount":200},{"posx":17,"posy":7,"amount":350}],"changedObstacles":[{"type":0,"posx":1,"posy":6,"value":-1}]},{"players":[{"playerId":2349571,"score":100,"energy":19,"posx":2,"posy":6,"lastAction":1,"status":0},{"playerId":1168092,"score":675,"energy":17,"posx":17,"posy":6,"lastAction":5,"status":0},{"playerId":69695,"score":450,"energy":27,"posx":17,"posy":6,"lastAction":1,"status":0},{"playerId":2233933,"score":525,"energy":1,"posx":17,"posy":6,"lastAction":5,"status":0}],"golds":[{"posx":1,"posy":0,"amount":300},{"posx":6,"posy":0,"amount":250},{"posx":19,"posy":1,"amount":450},{"posx":6,"posy":2,"amount":50},{"posx":7,"posy":2,"amount":150},{"posx":18,"posy":2,"amount":600},{"posx":2,"posy":3,"amount":400},{"posx":7,"posy":4,"amount":600},{"posx":17,"posy":4,"amount":600},{"posx":18,"posy":4,"amount":50},{"posx":5,"posy":6,"amount":400},{"posx":17,"posy":6,"amount":250},{"posx":18,"posy":6,"amount":650},{"posx":3,"posy":7,"amount":200},{"posx":17,"posy":7,"amount":350}],"changedObstacles":[]},{"players":[{"playerId":2349571,"score":100,"energy":31,"posx":2,"posy":6,"lastAction":4,"status":0},{"playerId":1168092,"score":725,"energy":12,"posx":17,"posy":6,"lastAction":5,"status":0},{"playerId":69695,"score":500,"energy":22,"posx":17,"posy":6,"lastAction":5,"status":0},{"playerId":2233933,"score":525,"energy":13,"posx":17,"posy":6,"lastAction":4,"status":0}],"golds":[{"posx":1,"posy":0,"amount":300},{"posx":6,"posy":0,"amount":250},{"posx":19,"posy":1,"amount":450},{"posx":6,"posy":2,"amount":50},{"posx":7,"posy":2,"amount":150},{"posx":18,"posy":2,"amount":600},{"posx":2,"posy":3,"amount":400},{"posx":7,"posy":4,"amount":600},{"posx":17,"posy":4,"amount":600},{"posx":18,"posy":4,"amount":50},{"posx":5,"posy":6,"amount":400},{"posx":17,"posy":6,"amount":150},{"posx":18,"posy":6,"amount":650},{"posx":3,"posy":7,"amount":200},{"posx":17,"posy":7,"amount":350}],"changedObstacles":[]},{"players":[{"playerId":2349571,"score":100,"energy":14,"posx":2,"posy":7,"lastAction":3,"status":0},{"playerId":1168092,"score":775,"energy":7,"posx":17,"posy":6,"lastAction":5,"status":0},{"playerId":69695,"score":550,"energy":17,"posx":17,"posy":6,"lastAction":5,"status":0},{"playerId":2233933,"score":575,"energy":8,"posx":17,"posy":6,"lastAction":5,"status":0}],"golds":[{"posx":1,"posy":0,"amount":300},{"posx":6,"posy":0,"amount":250},{"posx":19,"posy":1,"amount":450},{"posx":6,"posy":2,"amount":50},{"posx":7,"posy":2,"amount":150},{"posx":18,"posy":2,"amount":600},{"posx":2,"posy":3,"amount":400},{"posx":7,"posy":4,"amount":600},{"posx":17,"posy":4,"amount":600},{"posx":18,"posy":4,"amount":50},{"posx":5,"posy":6,"amount":400},{"posx":18,"posy":6,"amount":650},{"posx":3,"posy":7,"amount":200},{"posx":17,"posy":7,"amount":350}],"changedObstacles":[{"type":0,"posx":17,"posy":6,"value":-1}]},{"players":[{"playerId":2349571,"score":100,"energy":26,"posx":2,"posy":7,"lastAction":4,"status":0},{"playerId":1168092,"score":775,"energy":3,"posx":18,"posy":6,"lastAction":1,"status":0},{"playerId":69695,"score":550,"energy":13,"posx":17,"posy":7,"lastAction":3,"status":0},{"playerId":2233933,"score":575,"energy":4,"posx":17,"posy":7,"lastAction":3,"status":0}],"golds":[{"posx":1,"posy":0,"amount":300},{"posx":6,"posy":0,"amount":250},{"posx":19,"posy":1,"amount":450},{"posx":6,"posy":2,"amount":50},{"posx":7,"posy":2,"amount":150},{"posx":18,"posy":2,"amount":600},{"posx":2,"posy":3,"amount":400},{"posx":7,"posy":4,"amount":600},{"posx":17,"posy":4,"amount":600},{"posx":18,"posy":4,"amount":50},{"posx":5,"posy":6,"amount":400},{"posx":18,"posy":6,"amount":650},{"posx":3,"posy":7,"amount":200},{"posx":17,"posy":7,"amount":350}],"changedObstacles":[]},{"players":[{"playerId":2349571,"score":100,"energy":22,"posx":3,"posy":7,"lastAction":1,"status":0},{"playerId":1168092,"score":775,"energy":15,"posx":18,"posy":6,"lastAction":4,"status":0},{"playerId":69695,"score":600,"energy":8,"posx":17,"posy":7,"lastAction":5,"status":0},{"playerId":2233933,"score":575,"energy":16,"posx":17,"posy":7,"lastAction":4,"status":0}],"golds":[{"posx":1,"posy":0,"amount":300},{"posx":6,"posy":0,"amount":250},{"posx":19,"posy":1,"amount":450},{"posx":6,"posy":2,"amount":50},{"posx":7,"posy":2,"amount":150},{"posx":18,"posy":2,"amount":600},{"posx":2,"posy":3,"amount":400},{"posx":7,"posy":4,"amount":600},{"posx":17,"posy":4,"amount":600},{"posx":18,"posy":4,"amount":50},{"posx":5,"posy":6,"amount":400},{"posx":18,"posy":6,"amount":650},{"posx":3,"posy":7,"amount":200},{"posx":17,"posy":7,"amount":300}],"changedObstacles":[]},{"players":[{"playerId":2349571,"score":150,"energy":17,"posx":3,"posy":7,"lastAction":5,"status":0},{"playerId":1168092,"score":775,"energy":31,"posx":18,"posy":6,"lastAction":4,"status":0},{"playerId":69695,"score":650,"energy":3,"posx":17,"posy":7,"lastAction":5,"status":0},{"playerId":2233933,"score":625,"energy":11,"posx":17,"posy":7,"lastAction":5,"status":0}],"golds":[{"posx":1,"posy":0,"amount":300},{"posx":6,"posy":0,"amount":250},{"posx":19,"posy":1,"amount":450},{"posx":6,"posy":2,"amount":50},{"posx":7,"posy":2,"amount":150},{"posx":18,"posy":2,"amount":600},{"posx":2,"posy":3,"amount":400},{"posx":7,"posy":4,"amount":600},{"posx":17,"posy":4,"amount":600},{"posx":18,"posy":4,"amount":50},{"posx":5,"posy":6,"amount":400},{"posx":18,"posy":6,"amount":650},{"posx":3,"posy":7,"amount":150},{"posx":17,"posy":7,"amount":200}],"changedObstacles":[]},{"players":[{"playerId":2349571,"score":150,"energy":29,"posx":3,"posy":7,"lastAction":4,"status":0},{"playerId":1168092,"score":825,"energy":26,"posx":18,"posy":6,"lastAction":5,"status":0},{"playerId":69695,"score":650,"energy":15,"posx":17,"posy":7,"lastAction":4,"status":0},{"playerId":2233933,"score":675,"energy":6,"posx":17,"posy":7,"lastAction":5,"status":0}],"golds":[{"posx":1,"posy":0,"amount":300},{"posx":6,"posy":0,"amount":250},{"posx":19,"posy":1,"amount":450},{"posx":6,"posy":2,"amount":50},{"posx":7,"posy":2,"amount":150},{"posx":18,"posy":2,"amount":600},{"posx":2,"posy":3,"amount":400},{"posx":7,"posy":4,"amount":600},{"posx":17,"posy":4,"amount":600},{"posx":18,"posy":4,"amount":50},{"posx":5,"posy":6,"amount":400},{"posx":18,"posy":6,"amount":600},{"posx":3,"posy":7,"amount":150},{"posx":17,"posy":7,"amount":150}],"changedObstacles":[]},{"players":[{"playerId":2349571,"score":200,"energy":24,"posx":3,"posy":7,"lastAction":5,"status":0},{"playerId":1168092,"score":875,"energy":21,"posx":18,"posy":6,"lastAction":5,"status":0},{"playerId":69695,"score":700,"energy":10,"posx":17,"posy":7,"lastAction":5,"status":0},{"playerId":2233933,"score":675,"energy":18,"posx":17,"posy":7,"lastAction":4,"status":0}],"golds":[{"posx":1,"posy":0,"amount":300},{"posx":6,"posy":0,"amount":250},{"posx":19,"posy":1,"amount":450},{"posx":6,"posy":2,"amount":50},{"posx":7,"posy":2,"amount":150},{"posx":18,"posy":2,"amount":600},{"posx":2,"posy":3,"amount":400},{"posx":7,"posy":4,"amount":600},{"posx":17,"posy":4,"amount":600},{"posx":18,"posy":4,"amount":50},{"posx":5,"posy":6,"amount":400},{"posx":18,"posy":6,"amount":550},{"posx":3,"posy":7,"amount":100},{"posx":17,"posy":7,"amount":100}],"changedObstacles":[]},{"players":[{"playerId":2349571,"score":250,"energy":19,"posx":3,"posy":7,"lastAction":5,"status":0},{"playerId":1168092,"score":925,"energy":16,"posx":18,"posy":6,"lastAction":5,"status":0},{"playerId":69695,"score":750,"energy":5,"posx":17,"posy":7,"lastAction":5,"status":0},{"playerId":2233933,"score":725,"energy":13,"posx":17,"posy":7,"lastAction":5,"status":0}],"golds":[{"posx":1,"posy":0,"amount":300},{"posx":6,"posy":0,"amount":250},{"posx":19,"posy":1,"amount":450},{"posx":6,"posy":2,"amount":50},{"posx":7,"posy":2,"amount":150},{"posx":18,"posy":2,"amount":600},{"posx":2,"posy":3,"amount":400},{"posx":7,"posy":4,"amount":600},{"posx":17,"posy":4,"amount":600},{"posx":18,"posy":4,"amount":50},{"posx":5,"posy":6,"amount":400},{"posx":18,"posy":6,"amount":500},{"posx":3,"posy":7,"amount":50}],"changedObstacles":[{"type":0,"posx":17,"posy":7,"value":-1}]},{"players":[{"playerId":2349571,"score":250,"energy":31,"posx":3,"posy":7,"lastAction":4,"status":0},{"playerId":1168092,"score":975,"energy":11,"posx":18,"posy":6,"lastAction":5,"status":0},{"playerId":69695,"score":750,"energy":17,"posx":17,"posy":7,"lastAction":4,"status":0},{"playerId":2233933,"score":725,"energy":12,"posx":17,"posy":6,"lastAction":2,"status":0}],"golds":[{"posx":1,"posy":0,"amount":300},{"posx":6,"posy":0,"amount":250},{"posx":19,"posy":1,"amount":450},{"posx":6,"posy":2,"amount":50},{"posx":7,"posy":2,"amount":150},{"posx":18,"posy":2,"amount":600},{"posx":2,"posy":3,"amount":400},{"posx":7,"posy":4,"amount":600},{"posx":17,"posy":4,"amount":600},{"posx":18,"posy":4,"amount":50},{"posx":5,"posy":6,"amount":400},{"posx":18,"posy":6,"amount":450},{"posx":3,"posy":7,"amount":50}],"changedObstacles":[]},{"players":[{"playerId":2349571,"score":300,"energy":26,"posx":3,"posy":7,"lastAction":5,"status":0},{"playerId":1168092,"score":1025,"energy":6,"posx":18,"posy":6,"lastAction":5,"status":0},{"playerId":69695,"score":750,"energy":16,"posx":17,"posy":6,"lastAction":2,"status":0},{"playerId":2233933,"score":725,"energy":8,"posx":18,"posy":6,"lastAction":1,"status":0}],"golds":[{"posx":1,"posy":0,"amount":300},{"posx":6,"posy":0,"amount":250},{"posx":19,"posy":1,"amount":450},{"posx":6,"posy":2,"amount":50},{"posx":7,"posy":2,"amount":150},{"posx":18,"posy":2,"amount":600},{"posx":2,"posy":3,"amount":400},{"posx":7,"posy":4,"amount":600},{"posx":17,"posy":4,"amount":600},{"posx":18,"posy":4,"amount":50},{"posx":5,"posy":6,"amount":400},{"posx":18,"posy":6,"amount":400}],"changedObstacles":[{"type":0,"posx":3,"posy":7,"value":-1}]},{"players":[{"playerId":2349571,"score":300,"energy":25,"posx":3,"posy":6,"lastAction":2,"status":0},{"playerId":1168092,"score":1075,"energy":1,"posx":18,"posy":6,"lastAction":5,"status":0},{"playerId":69695,"score":750,"energy":12,"posx":18,"posy":6,"lastAction":1,"status":0},{"playerId":2233933,"score":775,"energy":3,"posx":18,"posy":6,"lastAction":5,"status":0}],"golds":[{"posx":1,"posy":0,"amount":300},{"posx":6,"posy":0,"amount":250},{"posx":19,"posy":1,"amount":450},{"posx":6,"posy":2,"amount":50},{"posx":7,"posy":2,"amount":150},{"posx":18,"posy":2,"amount":600},{"posx":2,"posy":3,"amount":400},{"posx":7,"posy":4,"amount":600},{"posx":17,"posy":4,"amount":600},{"posx":18,"posy":4,"amount":50},{"posx":5,"posy":6,"amount":400},{"posx":18,"posy":6,"amount":300}],"changedObstacles":[]},{"players":[{"playerId":2349571,"score":300,"energy":13,"posx":4,"posy":6,"lastAction":1,"status":0},{"playerId":1168092,"score":1075,"energy":13,"posx":18,"posy":6,"lastAction":4,"status":0},{"playerId":69695,"score":800,"energy":7,"posx":18,"posy":6,"lastAction":5,"status":0},{"playerId":2233933,"score":775,"energy":15,"posx":18,"posy":6,"lastAction":4,"status":0}],"golds":[{"posx":1,"posy":0,"amount":300},{"posx":6,"posy":0,"amount":250},{"posx":19,"posy":1,"amount":450},{"posx":6,"posy":2,"amount":50},{"posx":7,"posy":2,"amount":150},{"posx":18,"posy":2,"amount":600},{"posx":2,"posy":3,"amount":400},{"posx":7,"posy":4,"amount":600},{"posx":17,"posy":4,"amount":600},{"posx":18,"posy":4,"amount":50},{"posx":5,"posy":6,"amount":400},{"posx":18,"posy":6,"amount":250}],"changedObstacles":[]},{"players":[{"playerId":2349571,"score":300,"energy":25,"posx":4,"posy":6,"lastAction":4,"status":0},{"playerId":1168092,"score":1075,"energy":29,"posx":18,"posy":6,"lastAction":4,"status":0},{"playerId":69695,"score":850,"energy":2,"posx":18,"posy":6,"lastAction":5,"status":0},{"playerId":2233933,"score":825,"energy":10,"posx":18,"posy":6,"lastAction":5,"status":0}],"golds":[{"posx":1,"posy":0,"amount":300},{"posx":6,"posy":0,"amount":250},{"posx":19,"posy":1,"amount":450},{"posx":6,"posy":2,"amount":50},{"posx":7,"posy":2,"amount":150},{"posx":18,"posy":2,"amount":600},{"posx":2,"posy":3,"amount":400},{"posx":7,"posy":4,"amount":600},{"posx":17,"posy":4,"amount":600},{"posx":18,"posy":4,"amount":50},{"posx":5,"posy":6,"amount":400},{"posx":18,"posy":6,"amount":150}],"changedObstacles":[]},{"players":[{"playerId":2349571,"score":300,"energy":21,"posx":5,"posy":6,"lastAction":1,"status":0},{"playerId":1168092,"score":1125,"energy":24,"posx":18,"posy":6,"lastAction":5,"status":0},{"playerId":69695,"score":850,"energy":14,"posx":18,"posy":6,"lastAction":4,"status":0},{"playerId":2233933,"score":875,"energy":5,"posx":18,"posy":6,"lastAction":5,"status":0}],"golds":[{"posx":1,"posy":0,"amount":300},{"posx":6,"posy":0,"amount":250},{"posx":19,"posy":1,"amount":450},{"posx":6,"posy":2,"amount":50},{"posx":7,"posy":2,"amount":150},{"posx":18,"posy":2,"amount":600},{"posx":2,"posy":3,"amount":400},{"posx":7,"posy":4,"amount":600},{"posx":17,"posy":4,"amount":600},{"posx":18,"posy":4,"amount":50},{"posx":5,"posy":6,"amount":400},{"posx":18,"posy":6,"amount":50}],"changedObstacles":[]},{"players":[{"playerId":2349571,"score":350,"energy":16,"posx":5,"posy":6,"lastAction":5,"status":0},{"playerId":1168092,"score":1150,"energy":19,"posx":18,"posy":6,"lastAction":5,"status":0},{"playerId":69695,"score":875,"energy":9,"posx":18,"posy":6,"lastAction":5,"status":0},{"playerId":2233933,"score":875,"energy":17,"posx":18,"posy":6,"lastAction":4,"status":0}],"golds":[{"posx":1,"posy":0,"amount":300},{"posx":6,"posy":0,"amount":250},{"posx":19,"posy":1,"amount":450},{"posx":6,"posy":2,"amount":50},{"posx":7,"posy":2,"amount":150},{"posx":18,"posy":2,"amount":600},{"posx":2,"posy":3,"amount":400},{"posx":7,"posy":4,"amount":600},{"posx":17,"posy":4,"amount":600},{"posx":18,"posy":4,"amount":50},{"posx":5,"posy":6,"amount":350}],"changedObstacles":[{"type":0,"posx":18,"posy":6,"value":-1}]},{"players":[{"playerId":2349571,"score":350,"energy":28,"posx":5,"posy":6,"lastAction":4,"status":0},{"playerId":1168092,"score":1150,"energy":18,"posx":18,"posy":5,"lastAction":2,"status":0},{"playerId":69695,"score":875,"energy":21,"posx":18,"posy":6,"lastAction":4,"status":0},{"playerId":2233933,"score":875,"energy":16,"posx":18,"posy":5,"lastAction":2,"status":0}],"golds":[{"posx":1,"posy":0,"amount":300},{"posx":6,"posy":0,"amount":250},{"posx":19,"posy":1,"amount":450},{"posx":6,"posy":2,"amount":50},{"posx":7,"posy":2,"amount":150},{"posx":18,"posy":2,"amount":600},{"posx":2,"posy":3,"amount":400},{"posx":7,"posy":4,"amount":600},{"posx":17,"posy":4,"amount":600},{"posx":18,"posy":4,"amount":50},{"posx":5,"posy":6,"amount":350}],"changedObstacles":[]},{"players":[{"playerId":2349571,"score":400,"energy":23,"posx":5,"posy":6,"lastAction":5,"status":0},{"playerId":1168092,"score":1150,"energy":14,"posx":18,"posy":4,"lastAction":2,"status":0},{"playerId":69695,"score":875,"energy":20,"posx":18,"posy":5,"lastAction":2,"status":0},{"playerId":2233933,"score":875,"energy":12,"posx":18,"posy":4,"lastAction":2,"status":0}],"golds":[{"posx":1,"posy":0,"amount":300},{"posx":6,"posy":0,"amount":250},{"posx":19,"posy":1,"amount":450},{"posx":6,"posy":2,"amount":50},{"posx":7,"posy":2,"amount":150},{"posx":18,"posy":2,"amount":600},{"posx":2,"posy":3,"amount":400},{"posx":7,"posy":4,"amount":600},{"posx":17,"posy":4,"amount":600},{"posx":18,"posy":4,"amount":50},{"posx":5,"posy":6,"amount":300}],"changedObstacles":[]},{"players":[{"playerId":2349571,"score":450,"energy":18,"posx":5,"posy":6,"lastAction":5,"status":0},{"playerId":1168092,"score":1175,"energy":9,"posx":18,"posy":4,"lastAction":5,"status":0},{"playerId":69695,"score":875,"energy":16,"posx":18,"posy":4,"lastAction":2,"status":0},{"playerId":2233933,"score":900,"energy":7,"posx":18,"posy":4,"lastAction":5,"status":0}],"golds":[{"posx":1,"posy":0,"amount":300},{"posx":6,"posy":0,"amount":250},{"posx":19,"posy":1,"amount":450},{"posx":6,"posy":2,"amount":50},{"posx":7,"posy":2,"amount":150},{"posx":18,"posy":2,"amount":600},{"posx":2,"posy":3,"amount":400},{"posx":7,"posy":4,"amount":600},{"posx":17,"posy":4,"amount":600},{"posx":5,"posy":6,"amount":250}],"changedObstacles":[{"type":0,"posx":18,"posy":4,"value":-1}]},{"players":[{"playerId":2349571,"score":450,"energy":30,"posx":5,"posy":6,"lastAction":4,"status":0},{"playerId":1168092,"score":1175,"energy":5,"posx":17,"posy":4,"lastAction":0,"status":0},{"playerId":69695,"score":875,"energy":12,"posx":17,"posy":4,"lastAction":0,"status":0},{"playerId":2233933,"score":900,"energy":3,"posx":17,"posy":4,"lastAction":0,"status":0}],"golds":[{"posx":1,"posy":0,"amount":300},{"posx":6,"posy":0,"amount":250},{"posx":19,"posy":1,"amount":450},{"posx":6,"posy":2,"amount":50},{"posx":7,"posy":2,"amount":150},{"posx":18,"posy":2,"amount":600},{"posx":2,"posy":3,"amount":400},{"posx":7,"posy":4,"amount":600},{"posx":17,"posy":4,"amount":600},{"posx":5,"posy":6,"amount":250}],"changedObstacles":[]},{"players":[{"playerId":2349571,"score":500,"energy":25,"posx":5,"posy":6,"lastAction":5,"status":0},{"playerId":1168092,"score":1175,"energy":17,"posx":17,"posy":4,"lastAction":4,"status":0},{"playerId":69695,"score":925,"energy":7,"posx":17,"posy":4,"lastAction":5,"status":0},{"playerId":2233933,"score":900,"energy":15,"posx":17,"posy":4,"lastAction":4,"status":0}],"golds":[{"posx":1,"posy":0,"amount":300},{"posx":6,"posy":0,"amount":250},{"posx":19,"posy":1,"amount":450},{"posx":6,"posy":2,"amount":50},{"posx":7,"posy":2,"amount":150},{"posx":18,"posy":2,"amount":600},{"posx":2,"posy":3,"amount":400},{"posx":7,"posy":4,"amount":600},{"posx":17,"posy":4,"amount":550},{"posx":5,"posy":6,"amount":200}],"changedObstacles":[]},{"players":[{"playerId":2349571,"score":550,"energy":20,"posx":5,"posy":6,"lastAction":5,"status":0},{"playerId":1168092,"score":1175,"energy":33,"posx":17,"posy":4,"lastAction":4,"status":0},{"playerId":69695,"score":975,"energy":2,"posx":17,"posy":4,"lastAction":5,"status":0},{"playerId":2233933,"score":900,"energy":31,"posx":17,"posy":4,"lastAction":4,"status":0}],"golds":[{"posx":1,"posy":0,"amount":300},{"posx":6,"posy":0,"amount":250},{"posx":19,"posy":1,"amount":450},{"posx":6,"posy":2,"amount":50},{"posx":7,"posy":2,"amount":150},{"posx":18,"posy":2,"amount":600},{"posx":2,"posy":3,"amount":400},{"posx":7,"posy":4,"amount":600},{"posx":17,"posy":4,"amount":500},{"posx":5,"posy":6,"amount":150}],"changedObstacles":[]},{"players":[{"playerId":2349571,"score":600,"energy":15,"posx":5,"posy":6,"lastAction":5,"status":0},{"playerId":1168092,"score":1225,"energy":28,"posx":17,"posy":4,"lastAction":5,"status":0},{"playerId":69695,"score":975,"energy":14,"posx":17,"posy":4,"lastAction":4,"status":0},{"playerId":2233933,"score":950,"energy":26,"posx":17,"posy":4,"lastAction":5,"status":0}],"golds":[{"posx":1,"posy":0,"amount":300},{"posx":6,"posy":0,"amount":250},{"posx":19,"posy":1,"amount":450},{"posx":6,"posy":2,"amount":50},{"posx":7,"posy":2,"amount":150},{"posx":18,"posy":2,"amount":600},{"posx":2,"posy":3,"amount":400},{"posx":7,"posy":4,"amount":600},{"posx":17,"posy":4,"amount":400},{"posx":5,"posy":6,"amount":100}],"changedObstacles":[]},{"players":[{"playerId":2349571,"score":600,"energy":27,"posx":5,"posy":6,"lastAction":4,"status":0},{"playerId":1168092,"score":1275,"energy":23,"posx":17,"posy":4,"lastAction":5,"status":0},{"playerId":69695,"score":1025,"energy":9,"posx":17,"posy":4,"lastAction":5,"status":0},{"playerId":2233933,"score":1000,"energy":21,"posx":17,"posy":4,"lastAction":5,"status":0}],"golds":[{"posx":1,"posy":0,"amount":300},{"posx":6,"posy":0,"amount":250},{"posx":19,"posy":1,"amount":450},{"posx":6,"posy":2,"amount":50},{"posx":7,"posy":2,"amount":150},{"posx":18,"posy":2,"amount":600},{"posx":2,"posy":3,"amount":400},{"posx":7,"posy":4,"amount":600},{"posx":17,"posy":4,"amount":250},{"posx":5,"posy":6,"amount":100}],"changedObstacles":[]},{"players":[{"playerId":2349571,"score":650,"energy":22,"posx":5,"posy":6,"lastAction":5,"status":0},{"playerId":1168092,"score":1325,"energy":18,"posx":17,"posy":4,"lastAction":5,"status":0},{"playerId":69695,"score":1075,"energy":4,"posx":17,"posy":4,"lastAction":5,"status":0},{"playerId":2233933,"score":1050,"energy":16,"posx":17,"posy":4,"lastAction":5,"status":0}],"golds":[{"posx":1,"posy":0,"amount":300},{"posx":6,"posy":0,"amount":250},{"posx":19,"posy":1,"amount":450},{"posx":6,"posy":2,"amount":50},{"posx":7,"posy":2,"amount":150},{"posx":18,"posy":2,"amount":600},{"posx":2,"posy":3,"amount":400},{"posx":7,"posy":4,"amount":600},{"posx":17,"posy":4,"amount":100},{"posx":5,"posy":6,"amount":50}],"changedObstacles":[]},{"players":[{"playerId":2349571,"score":700,"energy":17,"posx":5,"posy":6,"lastAction":5,"status":0},{"playerId":1168092,"score":1375,"energy":13,"posx":17,"posy":4,"lastAction":5,"status":0},{"playerId":69695,"score":1075,"energy":16,"posx":17,"posy":4,"lastAction":4,"status":0},{"playerId":2233933,"score":1100,"energy":11,"posx":17,"posy":4,"lastAction":5,"status":0}],"golds":[{"posx":1,"posy":0,"amount":300},{"posx":6,"posy":0,"amount":250},{"posx":19,"posy":1,"amount":450},{"posx":6,"posy":2,"amount":50},{"posx":7,"posy":2,"amount":150},{"posx":18,"posy":2,"amount":600},{"posx":2,"posy":3,"amount":400},{"posx":7,"posy":4,"amount":600}],"changedObstacles":[{"type":0,"posx":17,"posy":4,"value":-1},{"type":0,"posx":5,"posy":6,"value":-1}]},{"players":[{"playerId":2349571,"score":700,"energy":29,"posx":5,"posy":6,"lastAction":4,"status":0},{"playerId":1168092,"score":1375,"energy":12,"posx":18,"posy":4,"lastAction":1,"status":0},{"playerId":69695,"score":1075,"energy":11,"posx":17,"posy":3,"lastAction":2,"status":0},{"playerId":2233933,"score":1100,"energy":10,"posx":18,"posy":4,"lastAction":1,"status":0}],"golds":[{"posx":1,"posy":0,"amount":300},{"posx":6,"posy":0,"amount":250},{"posx":19,"posy":1,"amount":450},{"posx":6,"posy":2,"amount":50},{"posx":7,"posy":2,"amount":150},{"posx":18,"posy":2,"amount":600},{"posx":2,"posy":3,"amount":400},{"posx":7,"posy":4,"amount":600}],"changedObstacles":[{"type":3,"posx":17,"posy":3,"value":-20}]},{"players":[{"playerId":2349571,"score":700,"energy":9,"posx":6,"posy":6,"lastAction":1,"status":0},{"playerId":1168092,"score":1375,"energy":7,"posx":18,"posy":3,"lastAction":2,"status":0},{"playerId":69695,"score":1075,"energy":23,"posx":17,"posy":3,"lastAction":4,"status":0},{"playerId":2233933,"score":1100,"energy":5,"posx":18,"posy":3,"lastAction":2,"status":0}],"golds":[{"posx":1,"posy":0,"amount":300},{"posx":6,"posy":0,"amount":250},{"posx":19,"posy":1,"amount":450},{"posx":6,"posy":2,"amount":50},{"posx":7,"posy":2,"amount":150},{"posx":18,"posy":2,"amount":600},{"posx":2,"posy":3,"amount":400},{"posx":7,"posy":4,"amount":600}],"changedObstacles":[{"type":3,"posx":18,"posy":3,"value":-20},{"type":3,"posx":6,"posy":6,"value":-40}]},{"players":[{"playerId":2349571,"score":700,"energy":21,"posx":6,"posy":6,"lastAction":4,"status":0},{"playerId":1168092,"score":1375,"energy":3,"posx":18,"posy":2,"lastAction":2,"status":0},{"playerId":69695,"score":1075,"energy":9,"posx":17,"posy":2,"lastAction":2,"status":0},{"playerId":2233933,"score":1100,"energy":1,"posx":18,"posy":2,"lastAction":2,"status":0}],"golds":[{"posx":1,"posy":0,"amount":300},{"posx":6,"posy":0,"amount":250},{"posx":19,"posy":1,"amount":450},{"posx":6,"posy":2,"amount":50},{"posx":7,"posy":2,"amount":150},{"posx":18,"posy":2,"amount":600},{"posx":2,"posy":3,"amount":400},{"posx":7,"posy":4,"amount":600}],"changedObstacles":[]},{"players":[{"playerId":2349571,"score":700,"energy":20,"posx":6,"posy":5,"lastAction":2,"status":0},{"playerId":1168092,"score":1375,"energy":15,"posx":18,"posy":2,"lastAction":4,"status":0},{"playerId":69695,"score":1075,"energy":21,"posx":17,"posy":2,"lastAction":4,"status":0},{"playerId":2233933,"score":1100,"energy":13,"posx":18,"posy":2,"lastAction":4,"status":0}],"golds":[{"posx":1,"posy":0,"amount":300},{"posx":6,"posy":0,"amount":250},{"posx":19,"posy":1,"amount":450},{"posx":6,"posy":2,"amount":50},{"posx":7,"posy":2,"amount":150},{"posx":18,"posy":2,"amount":600},{"posx":2,"posy":3,"amount":400},{"posx":7,"posy":4,"amount":600}],"changedObstacles":[]},{"players":[{"playerId":2349571,"score":700,"energy":19,"posx":7,"posy":5,"lastAction":1,"status":0},{"playerId":1168092,"score":1375,"energy":31,"posx":18,"posy":2,"lastAction":4,"status":0},{"playerId":69695,"score":1075,"energy":17,"posx":18,"posy":2,"lastAction":1,"status":0},{"playerId":2233933,"score":1100,"energy":29,"posx":18,"posy":2,"lastAction":4,"status":0}],"golds":[{"posx":1,"posy":0,"amount":300},{"posx":6,"posy":0,"amount":250},{"posx":19,"posy":1,"amount":450},{"posx":6,"posy":2,"amount":50},{"posx":7,"posy":2,"amount":150},{"posx":18,"posy":2,"amount":600},{"posx":2,"posy":3,"amount":400},{"posx":7,"posy":4,"amount":600}],"changedObstacles":[]},{"players":[{"playerId":2349571,"score":700,"energy":31,"posx":7,"posy":5,"lastAction":4,"status":0},{"playerId":1168092,"score":1425,"energy":26,"posx":18,"posy":2,"lastAction":5,"status":0},{"playerId":69695,"score":1125,"energy":12,"posx":18,"posy":2,"lastAction":5,"status":0},{"playerId":2233933,"score":1150,"energy":24,"posx":18,"posy":2,"lastAction":5,"status":0}],"golds":[{"posx":1,"posy":0,"amount":300},{"posx":6,"posy":0,"amount":250},{"posx":19,"posy":1,"amount":450},{"posx":6,"posy":2,"amount":50},{"posx":7,"posy":2,"amount":150},{"posx":18,"posy":2,"amount":450},{"posx":2,"posy":3,"amount":400},{"posx":7,"posy":4,"amount":600}],"changedObstacles":[]},{"players":[{"playerId":2349571,"score":700,"energy":27,"posx":7,"posy":4,"lastAction":2,"status":0},{"playerId":1168092,"score":1475,"energy":21,"posx":18,"posy":2,"lastAction":5,"status":0},{"playerId":69695,"score":1175,"energy":7,"posx":18,"posy":2,"lastAction":5,"status":0},{"playerId":2233933,"score":1200,"energy":19,"posx":18,"posy":2,"lastAction":5,"status":0}],"golds":[{"posx":1,"posy":0,"amount":300},{"posx":6,"posy":0,"amount":250},{"posx":19,"posy":1,"amount":450},{"posx":6,"posy":2,"amount":50},{"posx":7,"posy":2,"amount":150},{"posx":18,"posy":2,"amount":300},{"posx":2,"posy":3,"amount":400},{"posx":7,"posy":4,"amount":600}],"changedObstacles":[]},{"players":[{"playerId":2349571,"score":750,"energy":22,"posx":7,"posy":4,"lastAction":5,"status":0},{"playerId":1168092,"score":1525,"energy":16,"posx":18,"posy":2,"lastAction":5,"status":0},{"playerId":69695,"score":1225,"energy":2,"posx":18,"posy":2,"lastAction":5,"status":0},{"playerId":2233933,"score":1250,"energy":14,"posx":18,"posy":2,"lastAction":5,"status":0}],"golds":[{"posx":1,"posy":0,"amount":300},{"posx":6,"posy":0,"amount":250},{"posx":19,"posy":1,"amount":450},{"posx":6,"posy":2,"amount":50},{"posx":7,"posy":2,"amount":150},{"posx":18,"posy":2,"amount":150},{"posx":2,"posy":3,"amount":400},{"posx":7,"posy":4,"amount":550}],"changedObstacles":[]},{"players":[{"playerId":2349571,"score":800,"energy":17,"posx":7,"posy":4,"lastAction":5,"status":0},{"playerId":1168092,"score":1575,"energy":11,"posx":18,"posy":2,"lastAction":5,"status":0},{"playerId":69695,"score":1225,"energy":14,"posx":18,"posy":2,"lastAction":4,"status":0},{"playerId":2233933,"score":1300,"energy":9,"posx":18,"posy":2,"lastAction":5,"status":0}],"golds":[{"posx":1,"posy":0,"amount":300},{"posx":6,"posy":0,"amount":250},{"posx":19,"posy":1,"amount":450},{"posx":6,"posy":2,"amount":50},{"posx":7,"posy":2,"amount":150},{"posx":18,"posy":2,"amount":50},{"posx":2,"posy":3,"amount":400},{"posx":7,"posy":4,"amount":500}],"changedObstacles":[]},{"players":[{"playerId":2349571,"score":800,"energy":29,"posx":7,"posy":4,"lastAction":4,"status":0},{"playerId":1168092,"score":1592,"energy":6,"posx":18,"posy":2,"lastAction":5,"status":0},{"playerId":69695,"score":1242,"energy":9,"posx":18,"posy":2,"lastAction":5,"status":0},{"playerId":2233933,"score":1317,"energy":4,"posx":18,"posy":2,"lastAction":5,"status":0}],"golds":[{"posx":1,"posy":0,"amount":300},{"posx":6,"posy":0,"amount":250},{"posx":19,"posy":1,"amount":450},{"posx":6,"posy":2,"amount":50},{"posx":7,"posy":2,"amount":150},{"posx":2,"posy":3,"amount":400},{"posx":7,"posy":4,"amount":500}],"changedObstacles":[{"type":0,"posx":18,"posy":2,"value":-1}]},{"players":[{"playerId":2349571,"score":850,"energy":24,"posx":7,"posy":4,"lastAction":5,"status":0},{"playerId":1168092,"score":1592,"energy":5,"posx":18,"posy":1,"lastAction":2,"status":0},{"playerId":69695,"score":1242,"energy":21,"posx":18,"posy":2,"lastAction":4,"status":0},{"playerId":2233933,"score":1317,"energy":3,"posx":18,"posy":1,"lastAction":2,"status":0}],"golds":[{"posx":1,"posy":0,"amount":300},{"posx":6,"posy":0,"amount":250},{"posx":19,"posy":1,"amount":450},{"posx":6,"posy":2,"amount":50},{"posx":7,"posy":2,"amount":150},{"posx":2,"posy":3,"amount":400},{"posx":7,"posy":4,"amount":450}],"changedObstacles":[]},{"players":[{"playerId":2349571,"score":900,"energy":19,"posx":7,"posy":4,"lastAction":5,"status":0},{"playerId":1168092,"score":1592,"energy":1,"posx":19,"posy":1,"lastAction":1,"status":0},{"playerId":69695,"score":1242,"energy":20,"posx":18,"posy":1,"lastAction":2,"status":0},{"playerId":2233933,"score":1317,"energy":15,"posx":18,"posy":1,"lastAction":4,"status":0}],"golds":[{"posx":1,"posy":0,"amount":300},{"posx":6,"posy":0,"amount":250},{"posx":19,"posy":1,"amount":450},{"posx":6,"posy":2,"amount":50},{"posx":7,"posy":2,"amount":150},{"posx":2,"posy":3,"amount":400},{"posx":7,"posy":4,"amount":400}],"changedObstacles":[]},{"players":[{"playerId":2349571,"score":900,"energy":31,"posx":7,"posy":4,"lastAction":4,"status":0},{"playerId":1168092,"score":1592,"energy":13,"posx":19,"posy":1,"lastAction":4,"status":0},{"playerId":69695,"score":1242,"energy":16,"posx":19,"posy":1,"lastAction":1,"status":0},{"playerId":2233933,"score":1317,"energy":11,"posx":19,"posy":1,"lastAction":1,"status":0}],"golds":[{"posx":1,"posy":0,"amount":300},{"posx":6,"posy":0,"amount":250},{"posx":19,"posy":1,"amount":450},{"posx":6,"posy":2,"amount":50},{"posx":7,"posy":2,"amount":150},{"posx":2,"posy":3,"amount":400},{"posx":7,"posy":4,"amount":400}],"changedObstacles":[]},{"players":[{"playerId":2349571,"score":950,"energy":26,"posx":7,"posy":4,"lastAction":5,"status":0},{"playerId":1168092,"score":1592,"energy":29,"posx":19,"posy":1,"lastAction":4,"status":0},{"playerId":69695,"score":1292,"energy":11,"posx":19,"posy":1,"lastAction":5,"status":0},{"playerId":2233933,"score":1367,"energy":6,"posx":19,"posy":1,"lastAction":5,"status":0}],"golds":[{"posx":1,"posy":0,"amount":300},{"posx":6,"posy":0,"amount":250},{"posx":19,"posy":1,"amount":350},{"posx":6,"posy":2,"amount":50},{"posx":7,"posy":2,"amount":150},{"posx":2,"posy":3,"amount":400},{"posx":7,"posy":4,"amount":350}],"changedObstacles":[]},{"players":[{"playerId":2349571,"score":1000,"energy":21,"posx":7,"posy":4,"lastAction":5,"status":0},{"playerId":1168092,"score":1642,"energy":24,"posx":19,"posy":1,"lastAction":5,"status":0},{"playerId":69695,"score":1342,"energy":6,"posx":19,"posy":1,"lastAction":5,"status":0},{"playerId":2233933,"score":1417,"energy":1,"posx":19,"posy":1,"lastAction":5,"status":0}],"golds":[{"posx":1,"posy":0,"amount":300},{"posx":6,"posy":0,"amount":250},{"posx":19,"posy":1,"amount":200},{"posx":6,"posy":2,"amount":50},{"posx":7,"posy":2,"amount":150},{"posx":2,"posy":3,"amount":400},{"posx":7,"posy":4,"amount":300}],"changedObstacles":[]},{"players":[{"playerId":2349571,"score":1050,"energy":16,"posx":7,"posy":4,"lastAction":5,"status":0},{"playerId":1168092,"score":1692,"energy":19,"posx":19,"posy":1,"lastAction":5,"status":0},{"playerId":69695,"score":1392,"energy":1,"posx":19,"posy":1,"lastAction":5,"status":0},{"playerId":2233933,"score":1417,"energy":13,"posx":19,"posy":1,"lastAction":4,"status":0}],"golds":[{"posx":1,"posy":0,"amount":300},{"posx":6,"posy":0,"amount":250},{"posx":19,"posy":1,"amount":100},{"posx":6,"posy":2,"amount":50},{"posx":7,"posy":2,"amount":150},{"posx":2,"posy":3,"amount":400},{"posx":7,"posy":4,"amount":250}],"changedObstacles":[]},{"players":[{"playerId":2349571,"score":1050,"energy":28,"posx":7,"posy":4,"lastAction":4,"status":0},{"playerId":1168092,"score":1742,"energy":14,"posx":19,"posy":1,"lastAction":5,"status":0},{"playerId":69695,"score":1392,"energy":13,"posx":19,"posy":1,"lastAction":4,"status":0},{"playerId":2233933,"score":1467,"energy":8,"posx":19,"posy":1,"lastAction":5,"status":0}],"golds":[{"posx":1,"posy":0,"amount":300},{"posx":6,"posy":0,"amount":250},{"posx":6,"posy":2,"amount":50},{"posx":7,"posy":2,"amount":150},{"posx":2,"posy":3,"amount":400},{"posx":7,"posy":4,"amount":250}],"changedObstacles":[{"type":0,"posx":19,"posy":1,"value":-1}]},{"players":[{"playerId":2349571,"score":1100,"energy":23,"posx":7,"posy":4,"lastAction":5,"status":0},{"playerId":1168092,"score":1742,"energy":13,"posx":19,"posy":2,"lastAction":3,"status":0},{"playerId":69695,"score":1392,"energy":29,"posx":19,"posy":1,"lastAction":4,"status":0},{"playerId":2233933,"score":1467,"energy":7,"posx":19,"posy":2,"lastAction":3,"status":0}],"golds":[{"posx":1,"posy":0,"amount":300},{"posx":6,"posy":0,"amount":250},{"posx":6,"posy":2,"amount":50},{"posx":7,"posy":2,"amount":150},{"posx":2,"posy":3,"amount":400},{"posx":7,"posy":4,"amount":200}],"changedObstacles":[]},{"players":[{"playerId":2349571,"score":1150,"energy":18,"posx":7,"posy":4,"lastAction":5,"status":0},{"playerId":1168092,"score":1742,"energy":12,"posx":18,"posy":2,"lastAction":0,"status":0},{"playerId":69695,"score":1392,"energy":28,"posx":19,"posy":2,"lastAction":3,"status":0},{"playerId":2233933,"score":1467,"energy":6,"posx":18,"posy":2,"lastAction":0,"status":0}],"golds":[{"posx":1,"posy":0,"amount":300},{"posx":6,"posy":0,"amount":250},{"posx":6,"posy":2,"amount":50},{"posx":7,"posy":2,"amount":150},{"posx":2,"posy":3,"amount":400},{"posx":7,"posy":4,"amount":150}],"changedObstacles":[]},{"players":[{"playerId":2349571,"score":1150,"energy":30,"posx":7,"posy":4,"lastAction":4,"status":0},{"playerId":1168092,"score":1742,"energy":24,"posx":18,"posy":2,"lastAction":4,"status":0},{"playerId":69695,"score":1392,"energy":27,"posx":18,"posy":2,"lastAction":0,"status":0},{"playerId":2233933,"score":1467,"energy":18,"posx":18,"posy":2,"lastAction":4,"status":0}],"golds":[{"posx":1,"posy":0,"amount":300},{"posx":6,"posy":0,"amount":250},{"posx":6,"posy":2,"amount":50},{"posx":7,"posy":2,"amount":150},{"posx":2,"posy":3,"amount":400},{"posx":7,"posy":4,"amount":150}],"changedObstacles":[]},{"players":[{"playerId":2349571,"score":1200,"energy":25,"posx":7,"posy":4,"lastAction":5,"status":0},{"playerId":1168092,"score":1742,"energy":12,"posx":17,"posy":2,"lastAction":0,"status":0},{"playerId":69695,"score":1392,"energy":13,"posx":17,"posy":2,"lastAction":0,"status":0},{"playerId":2233933,"score":1467,"energy":34,"posx":18,"posy":2,"lastAction":4,"status":0}],"golds":[{"posx":1,"posy":0,"amount":300},{"posx":6,"posy":0,"amount":250},{"posx":6,"posy":2,"amount":50},{"posx":7,"posy":2,"amount":150},{"posx":2,"posy":3,"amount":400},{"posx":7,"posy":4,"amount":100}],"changedObstacles":[]},{"players":[{"playerId":2349571,"score":1250,"energy":20,"posx":7,"posy":4,"lastAction":5,"status":0},{"playerId":1168092,"score":1742,"energy":11,"posx":16,"posy":2,"lastAction":0,"status":0},{"playerId":69695,"score":1392,"energy":25,"posx":17,"posy":2,"lastAction":4,"status":0},{"playerId":2233933,"score":1467,"energy":50,"posx":18,"posy":2,"lastAction":4,"status":0}],"golds":[{"posx":1,"posy":0,"amount":300},{"posx":6,"posy":0,"amount":250},{"posx":6,"posy":2,"amount":50},{"posx":7,"posy":2,"amount":150},{"posx":2,"posy":3,"amount":400},{"posx":7,"posy":4,"amount":50}],"changedObstacles":[]},{"players":[{"playerId":2349571,"score":1300,"energy":15,"posx":7,"posy":4,"lastAction":5,"status":0},{"playerId":1168092,"score":1742,"energy":1,"posx":15,"posy":2,"lastAction":0,"status":0},{"playerId":69695,"score":1392,"energy":24,"posx":16,"posy":2,"lastAction":0,"status":0},{"playerId":2233933,"score":1467,"energy":44,"posx":17,"posy":2,"lastAction":0,"status":0}],"golds":[{"posx":1,"posy":0,"amount":300},{"posx":6,"posy":0,"amount":250},{"posx":6,"posy":2,"amount":50},{"posx":7,"posy":2,"amount":150},{"posx":2,"posy":3,"amount":400}],"changedObstacles":[{"type":0,"posx":15,"posy":2,"value":-1},{"type":0,"posx":7,"posy":4,"value":-1}]},{"players":[{"playerId":2349571,"score":1300,"energy":27,"posx":7,"posy":4,"lastAction":4,"status":0},{"playerId":1168092,"score":1742,"energy":13,"posx":15,"posy":2,"lastAction":4,"status":0},{"playerId":69695,"score":1392,"energy":23,"posx":15,"posy":2,"lastAction":0,"status":0},{"playerId":2233933,"score":1467,"energy":43,"posx":16,"posy":2,"lastAction":0,"status":0}],"golds":[{"posx":1,"posy":0,"amount":300},{"posx":6,"posy":0,"amount":250},{"posx":6,"posy":2,"amount":50},{"posx":7,"posy":2,"amount":150},{"posx":2,"posy":3,"amount":400}],"changedObstacles":[]},{"players":[{"playerId":2349571,"score":1300,"energy":9,"posx":7,"posy":3,"lastAction":2,"status":0},{"playerId":1168092,"score":1742,"energy":12,"posx":14,"posy":2,"lastAction":0,"status":0},{"playerId":69695,"score":1392,"energy":22,"posx":14,"posy":2,"lastAction":0,"status":0},{"playerId":2233933,"score":1467,"energy":42,"posx":15,"posy":2,"lastAction":0,"status":0}],"golds":[{"posx":1,"posy":0,"amount":300},{"posx":6,"posy":0,"amount":250},{"posx":6,"posy":2,"amount":50},{"posx":7,"posy":2,"amount":150},{"posx":2,"posy":3,"amount":400}],"changedObstacles":[]},{"players":[{"playerId":2349571,"score":1300,"energy":21,"posx":7,"posy":3,"lastAction":4,"status":0},{"playerId":1168092,"score":1742,"energy":7,"posx":13,"posy":2,"lastAction":0,"status":0},{"playerId":69695,"score":1392,"energy":17,"posx":13,"posy":2,"lastAction":0,"status":0},{"playerId":2233933,"score":1467,"energy":41,"posx":14,"posy":2,"lastAction":0,"status":0}],"golds":[{"posx":1,"posy":0,"amount":300},{"posx":6,"posy":0,"amount":250},{"posx":6,"posy":2,"amount":50},{"posx":7,"posy":2,"amount":150},{"posx":2,"posy":3,"amount":400}],"changedObstacles":[{"type":3,"posx":13,"posy":2,"value":-20}]},{"players":[{"playerId":2349571,"score":1300,"energy":20,"posx":6,"posy":3,"lastAction":0,"status":0},{"playerId":1168092,"score":1742,"energy":6,"posx":12,"posy":2,"lastAction":0,"status":0},{"playerId":69695,"score":1392,"energy":16,"posx":12,"posy":2,"lastAction":0,"status":0},{"playerId":2233933,"score":1467,"energy":21,"posx":13,"posy":2,"lastAction":0,"status":0}],"golds":[{"posx":1,"posy":0,"amount":300},{"posx":6,"posy":0,"amount":250},{"posx":6,"posy":2,"amount":50},{"posx":7,"posy":2,"amount":150},{"posx":2,"posy":3,"amount":400}],"changedObstacles":[{"type":3,"posx":13,"posy":2,"value":-40}]},{"players":[{"playerId":2349571,"score":1300,"energy":19,"posx":5,"posy":3,"lastAction":0,"status":0},{"playerId":1168092,"score":1742,"energy":1,"posx":11,"posy":2,"lastAction":0,"status":0},{"playerId":69695,"score":1392,"energy":11,"posx":11,"posy":2,"lastAction":0,"status":0},{"playerId":2233933,"score":1467,"energy":20,"posx":13,"posy":1,"lastAction":2,"status":0}],"golds":[{"posx":1,"posy":0,"amount":300},{"posx":6,"posy":0,"amount":250},{"posx":6,"posy":2,"amount":50},{"posx":7,"posy":2,"amount":150},{"posx":2,"posy":3,"amount":400}],"changedObstacles":[{"type":3,"posx":11,"posy":2,"value":-20}]},{"players":[{"playerId":2349571,"score":1300,"energy":31,"posx":5,"posy":3,"lastAction":4,"status":0},{"playerId":1168092,"score":1742,"energy":13,"posx":11,"posy":2,"lastAction":4,"status":0},{"playerId":69695,"score":1392,"energy":23,"posx":11,"posy":2,"lastAction":4,"status":0},{"playerId":2233933,"score":1467,"energy":19,"posx":12,"posy":1,"lastAction":0,"status":0}],"golds":[{"posx":1,"posy":0,"amount":300},{"posx":6,"posy":0,"amount":250},{"posx":6,"posy":2,"amount":50},{"posx":7,"posy":2,"amount":150},{"posx":2,"posy":3,"amount":400}],"changedObstacles":[]},{"players":[{"playerId":2349571,"score":1300,"energy":21,"posx":4,"posy":3,"lastAction":0,"status":0},{"playerId":1168092,"score":1742,"energy":12,"posx":10,"posy":2,"lastAction":0,"status":0},{"playerId":69695,"score":1392,"energy":22,"posx":10,"posy":2,"lastAction":0,"status":0},{"playerId":2233933,"score":1467,"energy":31,"posx":12,"posy":1,"lastAction":4,"status":0}],"golds":[{"posx":1,"posy":0,"amount":300},{"posx":6,"posy":0,"amount":250},{"posx":6,"posy":2,"amount":50},{"posx":7,"posy":2,"amount":150},{"posx":2,"posy":3,"amount":400}],"changedObstacles":[{"type":0,"posx":4,"posy":3,"value":-1}]},{"players":[{"playerId":2349571,"score":1300,"energy":20,"posx":3,"posy":3,"lastAction":0,"status":0},{"playerId":1168092,"score":1742,"energy":11,"posx":9,"posy":2,"lastAction":0,"status":0},{"playerId":69695,"score":1392,"energy":21,"posx":9,"posy":2,"lastAction":0,"status":0},{"playerId":2233933,"score":1467,"energy":47,"posx":12,"posy":1,"lastAction":4,"status":0}],"golds":[{"posx":1,"posy":0,"amount":300},{"posx":6,"posy":0,"amount":250},{"posx":6,"posy":2,"amount":50},{"posx":7,"posy":2,"amount":150},{"posx":2,"posy":3,"amount":400}],"changedObstacles":[]},{"players":[{"playerId":2349571,"score":1300,"energy":16,"posx":2,"posy":3,"lastAction":0,"status":0},{"playerId":1168092,"score":1742,"energy":10,"posx":8,"posy":2,"lastAction":0,"status":0},{"playerId":69695,"score":1392,"energy":20,"posx":8,"posy":2,"lastAction":0,"status":0},{"playerId":2233933,"score":1467,"energy":50,"posx":12,"posy":1,"lastAction":4,"status":0}],"golds":[{"posx":1,"posy":0,"amount":300},{"posx":6,"posy":0,"amount":250},{"posx":6,"posy":2,"amount":50},{"posx":7,"posy":2,"amount":150},{"posx":2,"posy":3,"amount":400}],"changedObstacles":[]},{"players":[{"playerId":2349571,"score":1300,"energy":28,"posx":2,"posy":3,"lastAction":4,"status":0},{"playerId":1168092,"score":1742,"energy":6,"posx":7,"posy":2,"lastAction":0,"status":0},{"playerId":69695,"score":1392,"energy":16,"posx":7,"posy":2,"lastAction":0,"status":0},{"playerId":2233933,"score":1467,"energy":49,"posx":12,"posy":2,"lastAction":3,"status":0}],"golds":[{"posx":1,"posy":0,"amount":300},{"posx":6,"posy":0,"amount":250},{"posx":6,"posy":2,"amount":50},{"posx":7,"posy":2,"amount":150},{"posx":2,"posy":3,"amount":400}],"changedObstacles":[]},{"players":[{"playerId":2349571,"score":1350,"energy":23,"posx":2,"posy":3,"lastAction":5,"status":0},{"playerId":1168092,"score":1792,"energy":1,"posx":7,"posy":2,"lastAction":5,"status":0},{"playerId":69695,"score":1442,"energy":11,"posx":7,"posy":2,"lastAction":5,"status":0},{"playerId":2233933,"score":1467,"energy":29,"posx":11,"posy":2,"lastAction":0,"status":0}],"golds":[{"posx":1,"posy":0,"amount":300},{"posx":6,"posy":0,"amount":250},{"posx":6,"posy":2,"amount":50},{"posx":7,"posy":2,"amount":50},{"posx":2,"posy":3,"amount":350}],"changedObstacles":[{"type":3,"posx":11,"posy":2,"value":-40}]},{"players":[{"playerId":2349571,"score":1400,"energy":18,"posx":2,"posy":3,"lastAction":5,"status":0},{"playerId":1168092,"score":1792,"energy":13,"posx":7,"posy":2,"lastAction":4,"status":0},{"playerId":69695,"score":1492,"energy":6,"posx":7,"posy":2,"lastAction":5,"status":0},{"playerId":2233933,"score":1467,"energy":28,"posx":10,"posy":2,"lastAction":0,"status":0}],"golds":[{"posx":1,"posy":0,"amount":300},{"posx":6,"posy":0,"amount":250},{"posx":6,"posy":2,"amount":50},{"posx":2,"posy":3,"amount":300}],"changedObstacles":[{"type":0,"posx":7,"posy":2,"value":-1}]},{"players":[{"playerId":2349571,"score":1400,"energy":30,"posx":2,"posy":3,"lastAction":4,"status":0},{"playerId":1168092,"score":1792,"energy":9,"posx":6,"posy":2,"lastAction":0,"status":0},{"playerId":69695,"score":1492,"energy":18,"posx":7,"posy":2,"lastAction":4,"status":0},{"playerId":2233933,"score":1467,"energy":27,"posx":9,"posy":2,"lastAction":0,"status":0}],"golds":[{"posx":1,"posy":0,"amount":300},{"posx":6,"posy":0,"amount":250},{"posx":6,"posy":2,"amount":50},{"posx":2,"posy":3,"amount":300}],"changedObstacles":[]},{"players":[{"playerId":2349571,"score":1450,"energy":25,"posx":2,"posy":3,"lastAction":5,"status":0},{"playerId":1168092,"score":1842,"energy":4,"posx":6,"posy":2,"lastAction":5,"status":0},{"playerId":69695,"score":1492,"energy":14,"posx":6,"posy":2,"lastAction":0,"status":0},{"playerId":2233933,"score":1467,"energy":26,"posx":8,"posy":2,"lastAction":0,"status":0}],"golds":[{"posx":1,"posy":0,"amount":300},{"posx":6,"posy":0,"amount":250},{"posx":2,"posy":3,"amount":250}],"changedObstacles":[{"type":0,"posx":6,"posy":2,"value":-1}]},{"players":[{"playerId":2349571,"score":1500,"energy":20,"posx":2,"posy":3,"lastAction":5,"status":0},{"playerId":1168092,"score":1842,"energy":3,"posx":6,"posy":1,"lastAction":2,"status":0},{"playerId":69695,"score":1492,"energy":26,"posx":6,"posy":2,"lastAction":4,"status":0},{"playerId":2233933,"score":1467,"energy":25,"posx":7,"posy":2,"lastAction":0,"status":0}],"golds":[{"posx":1,"posy":0,"amount":300},{"posx":6,"posy":0,"amount":250},{"posx":2,"posy":3,"amount":200}],"changedObstacles":[]},{"players":[{"playerId":2349571,"score":1550,"energy":15,"posx":2,"posy":3,"lastAction":5,"status":0},{"playerId":1168092,"score":1842,"energy":15,"posx":6,"posy":1,"lastAction":4,"status":0},{"playerId":69695,"score":1492,"energy":25,"posx":6,"posy":1,"lastAction":2,"status":0},{"playerId":2233933,"score":1467,"energy":24,"posx":7,"posy":1,"lastAction":2,"status":0}],"golds":[{"posx":1,"posy":0,"amount":300},{"posx":6,"posy":0,"amount":250},{"posx":2,"posy":3,"amount":150}],"changedObstacles":[]},{"players":[{"playerId":2349571,"score":1550,"energy":27,"posx":2,"posy":3,"lastAction":4,"status":0},{"playerId":1168092,"score":1842,"energy":11,"posx":6,"posy":0,"lastAction":2,"status":0},{"playerId":69695,"score":1492,"energy":21,"posx":6,"posy":0,"lastAction":2,"status":0},{"playerId":2233933,"score":1467,"energy":23,"posx":7,"posy":0,"lastAction":2,"status":0}],"golds":[{"posx":1,"posy":0,"amount":300},{"posx":6,"posy":0,"amount":250},{"posx":2,"posy":3,"amount":150}],"changedObstacles":[]},{"players":[{"playerId":2349571,"score":1600,"energy":22,"posx":2,"posy":3,"lastAction":5,"status":0},{"playerId":1168092,"score":1892,"energy":6,"posx":6,"posy":0,"lastAction":5,"status":0},{"playerId":69695,"score":1542,"energy":16,"posx":6,"posy":0,"lastAction":5,"status":0},{"playerId":2233933,"score":1467,"energy":19,"posx":6,"posy":0,"lastAction":0,"status":0}],"golds":[{"posx":1,"posy":0,"amount":300},{"posx":6,"posy":0,"amount":150},{"posx":2,"posy":3,"amount":100}],"changedObstacles":[]},{"players":[{"playerId":2349571,"score":1650,"energy":17,"posx":2,"posy":3,"lastAction":5,"status":0},{"playerId":1168092,"score":1942,"energy":1,"posx":6,"posy":0,"lastAction":5,"status":0},{"playerId":69695,"score":1592,"energy":11,"posx":6,"posy":0,"lastAction":5,"status":0},{"playerId":2233933,"score":1517,"energy":14,"posx":6,"posy":0,"lastAction":5,"status":0}],"golds":[{"posx":1,"posy":0,"amount":300},{"posx":2,"posy":3,"amount":50}],"changedObstacles":[{"type":0,"posx":6,"posy":0,"value":-1}]},{"players":[{"playerId":2349571,"score":1650,"energy":29,"posx":2,"posy":3,"lastAction":4,"status":0},{"playerId":1168092,"score":1942,"energy":13,"posx":6,"posy":0,"lastAction":4,"status":0},{"playerId":69695,"score":1592,"energy":23,"posx":6,"posy":0,"lastAction":4,"status":0},{"playerId":2233933,"score":1517,"energy":13,"posx":5,"posy":0,"lastAction":0,"status":0}],"golds":[{"posx":1,"posy":0,"amount":300},{"posx":2,"posy":3,"amount":50}],"changedObstacles":[]},{"players":[{"playerId":2349571,"score":1700,"energy":24,"posx":2,"posy":3,"lastAction":5,"status":0},{"playerId":1168092,"score":1942,"energy":12,"posx":5,"posy":0,"lastAction":0,"status":0},{"playerId":69695,"score":1592,"energy":22,"posx":5,"posy":0,"lastAction":0,"status":0},{"playerId":2233933,"score":1517,"energy":25,"posx":5,"posy":0,"lastAction":4,"status":0}],"golds":[{"posx":1,"posy":0,"amount":300}],"changedObstacles":[{"type":0,"posx":2,"posy":3,"value":-1}]},{"players":[{"playerId":2349571,"score":1700,"energy":23,"posx":2,"posy":2,"lastAction":2,"status":0},{"playerId":1168092,"score":1942,"energy":24,"posx":5,"posy":0,"lastAction":4,"status":0},{"playerId":69695,"score":1592,"energy":6,"posx":4,"posy":0,"lastAction":0,"status":0},{"playerId":2233933,"score":1517,"energy":15,"posx":4,"posy":0,"lastAction":0,"status":0}],"golds":[{"posx":1,"posy":0,"amount":300}],"changedObstacles":[]},{"players":[{"playerId":2349571,"score":1700,"energy":22,"posx":2,"posy":1,"lastAction":2,"status":0},{"playerId":1168092,"score":1942,"energy":4,"posx":4,"posy":0,"lastAction":0,"status":0},{"playerId":69695,"score":1592,"energy":18,"posx":4,"posy":0,"lastAction":4,"status":0},{"playerId":2233933,"score":1517,"energy":5,"posx":3,"posy":0,"lastAction":0,"status":0}],"golds":[{"posx":1,"posy":0,"amount":300}],"changedObstacles":[{"type":0,"posx":3,"posy":0,"value":-1}]},{"players":[{"playerId":2349571,"score":1700,"energy":21,"posx":2,"posy":0,"lastAction":2,"status":0},{"playerId":1168092,"score":1942,"energy":3,"posx":3,"posy":0,"lastAction":0,"status":0},{"playerId":69695,"score":1592,"energy":17,"posx":3,"posy":0,"lastAction":0,"status":0},{"playerId":2233933,"score":1517,"energy":4,"posx":2,"posy":0,"lastAction":0,"status":0}],"golds":[{"posx":1,"posy":0,"amount":300}],"changedObstacles":[]},{"players":[{"playerId":2349571,"score":1700,"energy":17,"posx":1,"posy":0,"lastAction":0,"status":0},{"playerId":1168092,"score":1942,"energy":2,"posx":2,"posy":0,"lastAction":0,"status":0},{"playerId":69695,"score":1592,"energy":16,"posx":2,"posy":0,"lastAction":0,"status":0},{"playerId":2233933,"score":1517,"energy":16,"posx":2,"posy":0,"lastAction":4,"status":0}],"golds":[{"posx":1,"posy":0,"amount":300}],"changedObstacles":[]},{"players":[{"playerId":2349571,"score":1700,"energy":29,"posx":1,"posy":0,"lastAction":4,"status":0},{"playerId":1168092,"score":1942,"energy":14,"posx":2,"posy":0,"lastAction":4,"status":0},{"playerId":69695,"score":1592,"energy":12,"posx":1,"posy":0,"lastAction":0,"status":0},{"playerId":2233933,"score":1517,"energy":12,"posx":1,"posy":0,"lastAction":0,"status":0}],"golds":[{"posx":1,"posy":0,"amount":300}],"changedObstacles":[]},{"players":[{"playerId":2349571,"score":1750,"energy":24,"posx":1,"posy":0,"lastAction":5,"status":0},{"playerId":1168092,"score":1942,"energy":10,"posx":1,"posy":0,"lastAction":0,"status":0},{"playerId":69695,"score":1642,"energy":7,"posx":1,"posy":0,"lastAction":5,"status":0},{"playerId":2233933,"score":1567,"energy":7,"posx":1,"posy":0,"lastAction":5,"status":0}],"golds":[{"posx":1,"posy":0,"amount":150}],"changedObstacles":[]},{"players":[{"playerId":2349571,"score":1788,"energy":19,"posx":1,"posy":0,"lastAction":5,"status":0},{"playerId":1168092,"score":1980,"energy":5,"posx":1,"posy":0,"lastAction":5,"status":0},{"playerId":69695,"score":1680,"energy":2,"posx":1,"posy":0,"lastAction":5,"status":0},{"playerId":2233933,"score":1605,"energy":2,"posx":1,"posy":0,"lastAction":5,"status":0}],"golds":[],"changedObstacles":[{"type":0,"posx":1,"posy":0,"value":-1}]}]