[{"players":[{"playerId":5588,"score":0,"energy":49,"posx":18,"posy":1,"lastAction":1,"status":0},{"playerId":2375363,"score":0,"energy":49,"posx":16,"posy":1,"lastAction":0,"status":0},{"playerId":2534350,"score":0,"energy":49,"posx":16,"posy":1,"lastAction":0,"status":0},{"playerId":2256302,"score":0,"energy":49,"posx":16,"posy":1,"lastAction":0,"status":0}],"golds":[{"posx":4,"posy":4,"amount":400},{"posx":13,"posy":3,"amount":550},{"posx":8,"posy":1,"amount":250},{"posx":16,"posy":7,"amount":100},{"posx":7,"posy":4,"amount":200},{"posx":16,"posy":4,"amount":500},{"posx":9,"posy":4,"amount":250},{"posx":20,"posy":1,"amount":150},{"posx":1,"posy":4,"amount":750},{"posx":8,"posy":4,"amount":300},{"posx":2,"posy":1,"amount":250},{"posx":12,"posy":5,"amount":250},{"posx":19,"posy":6,"amount":300},{"posx":6,"posy":1,"amount":150},{"posx":19,"posy":5,"amount":600},{"posx":5,"posy":3,"amount":650},{"posx":11,"posy":3,"amount":450},{"posx":10,"posy":2,"amount":650},{"posx":11,"posy":2,"amount":300},{"posx":6,"posy":5,"amount":650}],"changedObstacles":[]},{"players":[{"playerId":5588,"score":0,"energy":39,"posx":19,"posy":1,"lastAction":1,"status":0},{"playerId":2375363,"score":0,"energy":44,"posx":16,"posy":2,"lastAction":3,"status":0},{"playerId":2534350,"score":0,"energy":39,"posx":15,"posy":1,"lastAction":0,"status":0},{"playerId":2256302,"score":0,"energy":39,"posx":15,"posy":1,"lastAction":0,"status":0}],"golds":[{"posx":4,"posy":4,"amount":400},{"posx":13,"posy":3,"amount":550},{"posx":8,"posy":1,"amount":250},{"posx":16,"posy":7,"amount":100},{"posx":7,"posy":4,"amount":200},{"posx":16,"posy":4,"amount":500},{"posx":9,"posy":4,"amount":250},{"posx":20,"posy":1,"amount":150},{"posx":1,"posy":4,"amount":750},{"posx":8,"posy":4,"amount":300},{"posx":2,"posy":1,"amount":250},{"posx":12,"posy":5,"amount":250},{"posx":19,"posy":6,"amount":300},{"posx":6,"posy":1,"amount":150},{"posx":19,"posy":5,"amount":600},{"posx":5,"posy":3,"amount":650},{"posx":11,"posy":3,"amount":450},{"posx":10,"posy":2,"amount":650},{"posx":11,"posy":2,"amount":300},{"posx":6,"posy":5,"amount":650}],"changedObstacles":[{"type":0,"posx":15,"posy":1,"value":-1},{"type":0,"posx":19,"posy":1,"value":-1},{"type":3,"posx":16,"posy":2,"value":-20}]},{"players":[{"playerId":5588,"score":0,"energy":35,"posx":20,"posy":1,"lastAction":1,"status":0},{"playerId":2375363,"score":0,"energy":26,"posx":16,"posy":3,"lastAction":3,"status":0},{"playerId":2534350,"score":0,"energy":38,"posx":14,"posy":1,"lastAction":0,"status":0},{"playerId":2256302,"score":0,"energy":38,"posx":14,"posy":1,"lastAction":0,"status":0}],"golds":[{"posx":4,"posy":4,"amount":400},{"posx":13,"posy":3,"amount":550},{"posx":8,"posy":1,"amount":250},{"posx":16,"posy":7,"amount":100},{"posx":7,"posy":4,"amount":200},{"posx":16,"posy":4,"amount":500},{"posx":9,"posy":4,"amount":250},{"posx":20,"posy":1,"amount":150},{"posx":1,"posy":4,"amount":750},{"posx":8,"posy":4,"amount":300},{"posx":2,"posy":1,"amount":250},{"posx":12,"posy":5,"amount":250},{"posx":19,"posy":6,"amount":300},{"posx":6,"posy":1,"amount":150},{"posx":19,"posy":5,"amount":600},{"posx":5,"posy":3,"amount":650},{"posx":11,"posy":3,"amount":450},{"posx":10,"posy":2,"amount":650},{"posx":11,"posy":2,"amount":300},{"posx":6,"posy":5,"amount":650}],"changedObstacles":[]},{"players":[{"playerId":5588,"score":50,"energy":30,"posx":20,"posy":1,"lastAction":5,"status":0},{"playerId":2375363,"score":0,"energy":22,"posx":16,"posy":4,"lastAction":3,"status":0},{"playerId":2534350,"score":0,"energy":37,"posx":13,"posy":1,"lastAction":0,"status":0},{"playerId":2256302,"score":0,"energy":37,"posx":14,"posy":2,"lastAction":3,"status":0}],"golds":[{"posx":2,"posy":1,"amount":250},{"posx":6,"posy":1,"amount":150},{"posx":8,"posy":1,"amount":250},{"posx":20,"posy":1,"amount":100},{"posx":10,"posy":2,"amount":650},{"posx":11,"posy":2,"amount":300},{"posx":5,"posy":3,"amount":650},{"posx":11,"posy":3,"amount":450},{"posx":13,"posy":3,"amount":550},{"posx":1,"posy":4,"amount":750},{"posx":4,"posy":4,"amount":400},{"posx":7,"posy":4,"amount":200},{"posx":8,"posy":4,"amount":300},{"posx":9,"posy":4,"amount":250},{"posx":16,"posy":4,"amount":500},{"posx":6,"posy":5,"amount":650},{"posx":12,"posy":5,"amount":250},{"posx":19,"posy":5,"amount":600},{"posx":19,"posy":6,"amount":300},{"posx":16,"posy":7,"amount":100}],"changedObstacles":[]},{"players":[{"playerId":5588,"score":100,"energy":25,"posx":20,"posy":1,"lastAction":5,"status":0},{"playerId":2375363,"score":50,"energy":17,"posx":16,"posy":4,"lastAction":5,"status":0},{"playerId":2534350,"score":0,"energy":25,"posx":12,"posy":1,"lastAction":0,"status":0},{"playerId":2256302,"score":0,"energy":32,"posx":14,"posy":3,"lastAction":3,"status":0}],"golds":[{"posx":2,"posy":1,"amount":250},{"posx":6,"posy":1,"amount":150},{"posx":8,"posy":1,"amount":250},{"posx":20,"posy":1,"amount":50},{"posx":10,"posy":2,"amount":650},{"posx":11,"posy":2,"amount":300},{"posx":5,"posy":3,"amount":650},{"posx":11,"posy":3,"amount":450},{"posx":13,"posy":3,"amount":550},{"posx":1,"posy":4,"amount":750},{"posx":4,"posy":4,"amount":400},{"posx":7,"posy":4,"amount":200},{"posx":8,"posy":4,"amount":300},{"posx":9,"posy":4,"amount":250},{"posx":16,"posy":4,"amount":450},{"posx":6,"posy":5,"amount":650},{"posx":12,"posy":5,"amount":250},{"posx":19,"posy":5,"amount":600},{"posx":19,"posy":6,"amount":300},{"posx":16,"posy":7,"amount":100}],"changedObstacles":[{"type":3,"posx":14,"posy":3,"value":-20}]},{"players":[{"playerId":5588,"score":150,"energy":20,"posx":20,"posy":1,"lastAction":5,"status":0},{"playerId":2375363,"score":100,"energy":12,"posx":16,"posy":4,"lastAction":5,"status":0},{"playerId":2534350,"score":0,"energy":15,"posx":11,"posy":1,"lastAction":0,"status":0},{"playerId":2256302,"score":0,"energy":28,"posx":13,"posy":3,"lastAction":0,"status":0}],"golds":[{"posx":2,"posy":1,"amount":250},{"posx":6,"posy":1,"amount":150},{"posx":8,"posy":1,"amount":250},{"posx":10,"posy":2,"amount":650},{"posx":11,"posy":2,"amount":300},{"posx":5,"posy":3,"amount":650},{"posx":11,"posy":3,"amount":450},{"posx":13,"posy":3,"amount":550},{"posx":1,"posy":4,"amount":750},{"posx":4,"posy":4,"amount":400},{"posx":7,"posy":4,"amount":200},{"posx":8,"posy":4,"amount":300},{"posx":9,"posy":4,"amount":250},{"posx":16,"posy":4,"amount":400},{"posx":6,"posy":5,"amount":650},{"posx":12,"posy":5,"amount":250},{"posx":19,"posy":5,"amount":600},{"posx":19,"posy":6,"amount":300},{"posx":16,"posy":7,"amount":100}],"changedObstacles":[{"type":0,"posx":11,"posy":1,"value":-1},{"type":0,"posx":20,"posy":1,"value":-1}]},{"players":[{"playerId":5588,"score":150,"energy":19,"posx":20,"posy":2,"lastAction":3,"status":0},{"playerId":2375363,"score":150,"energy":7,"posx":16,"posy":4,"lastAction":5,"status":0},{"playerId":2534350,"score":0,"energy":27,"posx":11,"posy":1,"lastAction":4,"status":0},{"playerId":2256302,"score":0,"energy":28,"posx":13,"posy":3,"lastAction":0,"status":3}],"golds":[{"posx":2,"posy":1,"amount":250},{"posx":6,"posy":1,"amount":150},{"posx":8,"posy":1,"amount":250},{"posx":10,"posy":2,"amount":650},{"posx":11,"posy":2,"amount":300},{"posx":5,"posy":3,"amount":650},{"posx":11,"posy":3,"amount":450},{"posx":13,"posy":3,"amount":550},{"posx":1,"posy":4,"amount":750},{"posx":4,"posy":4,"amount":400},{"posx":7,"posy":4,"amount":200},{"posx":8,"posy":4,"amount":300},{"posx":9,"posy":4,"amount":250},{"posx":16,"posy":4,"amount":350},{"posx":6,"posy":5,"amount":650},{"posx":12,"posy":5,"amount":250},{"posx":19,"posy":5,"amount":600},{"posx":19,"posy":6,"amount":300},{"posx":16,"posy":7,"amount":100}],"changedObstacles":[]},{"players":[{"playerId":5588,"score":150,"energy":18,"posx":19,"posy":2,"lastAction":0,"status":0},{"playerId":2375363,"score":200,"energy":2,"posx":16,"posy":4,"lastAction":5,"status":0},{"playerId":2534350,"score":0,"energy":17,"posx":10,"posy":1,"lastAction":0,"status":0},{"playerId":2256302,"score":0,"energy":28,"posx":13,"posy":3,"lastAction":6,"status":3}],"golds":[{"posx":2,"posy":1,"amount":250},{"posx":6,"posy":1,"amount":150},{"posx":8,"posy":1,"amount":250},{"posx":10,"posy":2,"amount":650},{"posx":11,"posy":2,"amount":300},{"posx":5,"posy":3,"amount":650},{"posx":11,"posy":3,"amount":450},{"posx":13,"posy":3,"amount":550},{"posx":1,"posy":4,"amount":750},{"posx":4,"posy":4,"amount":400},{"posx":7,"posy":4,"amount":200},{"posx":8,"posy":4,"amount":300},{"posx":9,"posy":4,"amount":250},{"posx":16,"posy":4,"amount":300},{"posx":6,"posy":5,"amount":650},{"posx":12,"posy":5,"amount":250},{"posx":19,"posy":5,"amount":600},{"posx":19,"posy":6,"amount":300},{"posx":16,"posy":7,"amount":100}],"changedObstacles":[]},{"players":[{"playerId":5588,"score":150,"energy":17,"posx":18,"posy":2,"lastAction":0,"status":0},{"playerId":2375363,"score":200,"energy":14,"posx":16,"posy":4,"lastAction":4,"status":0},{"playerId":2534350,"score":0,"energy":13,"posx":10,"posy":2,"lastAction":3,"status":0},{"playerId":2256302,"score":0,"energy":28,"posx":13,"posy":3,"lastAction":6,"status":3}],"golds":[{"posx":2,"posy":1,"amount":250},{"posx":6,"posy":1,"amount":150},{"posx":8,"posy":1,"amount":250},{"posx":10,"posy":2,"amount":650},{"posx":11,"posy":2,"amount":300},{"posx":5,"posy":3,"amount":650},{"posx":11,"posy":3,"amount":450},{"posx":13,"posy":3,"amount":550},{"posx":1,"posy":4,"amount":750},{"posx":4,"posy":4,"amount":400},{"posx":7,"posy":4,"amount":200},{"posx":8,"posy":4,"amount":300},{"posx":9,"posy":4,"amount":250},{"posx":16,"posy":4,"amount":300},{"posx":6,"posy":5,"amount":650},{"posx":12,"posy":5,"amount":250},{"posx":19,"posy":5,"amount":600},{"posx":19,"posy":6,"amount":300},{"posx":16,"posy":7,"amount":100}],"changedObstacles":[]},{"players":[{"playerId":5588,"score":150,"energy":29,"posx":18,"posy":2,"lastAction":4,"status":0},{"playerId":2375363,"score":200,"energy":30,"posx":16,"posy":4,"lastAction":4,"status":0},{"playerId":2534350,"score":50,"energy":8,"posx":10,"posy":2,"lastAction":5,"status":0},{"playerId":2256302,"score":0,"energy":28,"posx":13,"posy":3,"lastAction":6,"status":3}],"golds":[{"posx":2,"posy":1,"amount":250},{"posx":6,"posy":1,"amount":150},{"posx":8,"posy":1,"amount":250},{"posx":10,"posy":2,"amount":600},{"posx":11,"posy":2,"amount":300},{"posx":5,"posy":3,"amount":650},{"posx":11,"posy":3,"amount":450},{"posx":13,"posy":3,"amount":550},{"posx":1,"posy":4,"amount":750},{"posx":4,"posy":4,"amount":400},{"posx":7,"posy":4,"amount":200},{"posx":8,"posy":4,"amount":300},{"posx":9,"posy":4,"amount":250},{"posx":16,"posy":4,"amount":300},{"posx":6,"posy":5,"amount":650},{"posx":12,"posy":5,"amount":250},{"posx":19,"posy":5,"amount":600},{"posx":19,"posy":6,"amount":300},{"posx":16,"posy":7,"amount":100}],"changedObstacles":[]},{"players":[{"playerId":5588,"score":150,"energy":21,"posx":18,"posy":3,"lastAction":3,"status":0},{"playerId":2375363,"score":200,"energy":50,"posx":16,"posy":4,"lastAction":4,"status":0},{"playerId":2534350,"score":100,"energy":3,"posx":10,"posy":2,"lastAction":5,"status":0},{"playerId":2256302,"score":0,"energy":28,"posx":13,"posy":3,"lastAction":6,"status":3}],"golds":[{"posx":2,"posy":1,"amount":250},{"posx":6,"posy":1,"amount":150},{"posx":8,"posy":1,"amount":250},{"posx":10,"posy":2,"amount":550},{"posx":11,"posy":2,"amount":300},{"posx":5,"posy":3,"amount":650},{"posx":11,"posy":3,"amount":450},{"posx":13,"posy":3,"amount":550},{"posx":1,"posy":4,"amount":750},{"posx":4,"posy":4,"amount":400},{"posx":7,"posy":4,"amount":200},{"posx":8,"posy":4,"amount":300},{"posx":9,"posy":4,"amount":250},{"posx":16,"posy":4,"amount":300},{"posx":6,"posy":5,"amount":650},{"posx":12,"posy":5,"amount":250},{"posx":19,"posy":5,"amount":600},{"posx":19,"posy":6,"amount":300},{"posx":16,"posy":7,"amount":100}],"changedObstacles":[]},{"players":[{"playerId":5588,"score":150,"energy":16,"posx":18,"posy":4,"lastAction":3,"status":0},{"playerId":2375363,"score":250,"energy":45,"posx":16,"posy":4,"lastAction":5,"status":0},{"playerId":2534350,"score":100,"energy":15,"posx":10,"posy":2,"lastAction":4,"status":0},{"playerId":2256302,"score":0,"energy":28,"posx":13,"posy":3,"lastAction":6,"status":3}],"golds":[{"posx":2,"posy":1,"amount":250},{"posx":6,"posy":1,"amount":150},{"posx":8,"posy":1,"amount":250},{"posx":10,"posy":2,"amount":550},{"posx":11,"posy":2,"amount":300},{"posx":5,"posy":3,"amount":650},{"posx":11,"posy":3,"amount":450},{"posx":13,"posy":3,"amount":550},{"posx":1,"posy":4,"amount":750},{"posx":4,"posy":4,"amount":400},{"posx":7,"posy":4,"amount":200},{"posx":8,"posy":4,"amount":300},{"posx":9,"posy":4,"amount":250},{"posx":16,"posy":4,"amount":250},{"posx":6,"posy":5,"amount":650},{"posx":12,"posy":5,"amount":250},{"posx":19,"posy":5,"amount":600},{"posx":19,"posy":6,"amount":300},{"posx":16,"posy":7,"amount":100}],"changedObstacles":[{"type":3,"posx":18,"posy":4,"value":-20}]},{"players":[{"playerId":5588,"score":150,"energy":15,"posx":18,"posy":5,"lastAction":3,"status":0},{"playerId":2375363,"score":300,"energy":40,"posx":16,"posy":4,"lastAction":5,"status":0},{"playerId":2534350,"score":150,"energy":10,"posx":10,"posy":2,"lastAction":5,"status":0},{"playerId":2256302,"score":0,"energy":28,"posx":13,"posy":3,"lastAction":6,"status":3}],"golds":[{"posx":2,"posy":1,"amount":250},{"posx":6,"posy":1,"amount":150},{"posx":8,"posy":1,"amount":250},{"posx":10,"posy":2,"amount":500},{"posx":11,"posy":2,"amount":300},{"posx":5,"posy":3,"amount":650},{"posx":11,"posy":3,"amount":450},{"posx":13,"posy":3,"amount":550},{"posx":1,"posy":4,"amount":750},{"posx":4,"posy":4,"amount":400},{"posx":7,"posy":4,"amount":200},{"posx":8,"posy":4,"amount":300},{"posx":9,"posy":4,"amount":250},{"posx":16,"posy":4,"amount":200},{"posx":6,"posy":5,"amount":650},{"posx":12,"posy":5,"amount":250},{"posx":19,"posy":5,"amount":600},{"posx":19,"posy":6,"amount":300},{"posx":16,"posy":7,"amount":100}],"changedObstacles":[]},{"players":[{"playerId":5588,"score":150,"energy":11,"posx":19,"posy":5,"lastAction":1,"status":0},{"playerId":2375363,"score":350,"energy":35,"posx":16,"posy":4,"lastAction":5,"status":0},{"playerId":2534350,"score":200,"energy":5,"posx":10,"posy":2,"lastAction":5,"status":0},{"playerId":2256302,"score":0,"energy":28,"posx":13,"posy":3,"lastAction":6,"status":3}],"golds":[{"posx":2,"posy":1,"amount":250},{"posx":6,"posy":1,"amount":150},{"posx":8,"posy":1,"amount":250},{"posx":10,"posy":2,"amount":450},{"posx":11,"posy":2,"amount":300},{"posx":5,"posy":3,"amount":650},{"posx":11,"posy":3,"amount":450},{"posx":13,"posy":3,"amount":550},{"posx":1,"posy":4,"amount":750},{"posx":4,"posy":4,"amount":400},{"posx":7,"posy":4,"amount":200},{"posx":8,"posy":4,"amount":300},{"posx":9,"posy":4,"amount":250},{"posx":16,"posy":4,"amount":150},{"posx":6,"posy":5,"amount":650},{"posx":12,"posy":5,"amount":250},{"posx":19,"posy":5,"amount":600},{"posx":19,"posy":6,"amount":300},{"posx":16,"posy":7,"amount":100}],"changedObstacles":[]},{"players":[{"playerId":5588,"score":200,"energy":6,"posx":19,"posy":5,"lastAction":5,"status":0},{"playerId":2375363,"score":400,"energy":30,"posx":16,"posy":4,"lastAction":5,"status":0},{"playerId":2534350,"score":200,"energy":17,"posx":10,"posy":2,"lastAction":4,"status":0},{"playerId":2256302,"score":0,"energy":28,"posx":13,"posy":3,"lastAction":6,"status":3}],"golds":[{"posx":2,"posy":1,"amount":250},{"posx":6,"posy":1,"amount":150},{"posx":8,"posy":1,"amount":250},{"posx":10,"posy":2,"amount":450},{"posx":11,"posy":2,"amount":300},{"posx":5,"posy":3,"amount":650},{"posx":11,"posy":3,"amount":450},{"posx":13,"posy":3,"amount":550},{"posx":1,"posy":4,"amount":750},{"posx":4,"posy":4,"amount":400},{"posx":7,"posy":4,"amount":200},{"posx":8,"posy":4,"amount":300},{"posx":9,"posy":4,"amount":250},{"posx":16,"posy":4,"amount":100},{"posx":6,"posy":5,"amount":650},{"posx":12,"posy":5,"amount":250},{"posx":19,"posy":5,"amount":550},{"posx":19,"posy":6,"amount":300},{"posx":16,"posy":7,"amount":100}],"changedObstacles":[]},{"players":[{"playerId":5588,"score":200,"energy":18,"posx":19,"posy":5,"lastAction":4,"status":0},{"playerId":2375363,"score":450,"energy":25,"posx":16,"posy":4,"lastAction":5,"status":0},{"playerId":2534350,"score":250,"energy":12,"posx":10,"posy":2,"lastAction":5,"status":0},{"playerId":2256302,"score":0,"energy":28,"posx":13,"posy":3,"lastAction":6,"status":3}],"golds":[{"posx":2,"posy":1,"amount":250},{"posx":6,"posy":1,"amount":150},{"posx":8,"posy":1,"amount":250},{"posx":10,"posy":2,"amount":400},{"posx":11,"posy":2,"amount":300},{"posx":5,"posy":3,"amount":650},{"posx":11,"posy":3,"amount":450},{"posx":13,"posy":3,"amount":550},{"posx":1,"posy":4,"amount":750},{"posx":4,"posy":4,"amount":400},{"posx":7,"posy":4,"amount":200},{"posx":8,"posy":4,"amount":300},{"posx":9,"posy":4,"amount":250},{"posx":16,"posy":4,"amount":50},{"posx":6,"posy":5,"amount":650},{"posx":12,"posy":5,"amount":250},{"posx":19,"posy":5,"amount":550},{"posx":19,"posy":6,"amount":300},{"posx":16,"posy":7,"amount":100}],"changedObstacles":[]},{"players":[{"playerId":5588,"score":250,"energy":13,"posx":19,"posy":5,"lastAction":5,"status":0},{"playerId":2375363,"score":500,"energy":20,"posx":16,"posy":4,"lastAction":5,"status":0},{"playerId":2534350,"score":300,"energy":7,"posx":10,"posy":2,"lastAction":5,"status":0},{"playerId":2256302,"score":0,"energy":28,"posx":13,"posy":3,"lastAction":6,"status":3}],"golds":[{"posx":2,"posy":1,"amount":250},{"posx":6,"posy":1,"amount":150},{"posx":8,"posy":1,"amount":250},{"posx":10,"posy":2,"amount":350},{"posx":11,"posy":2,"amount":300},{"posx":5,"posy":3,"amount":650},{"posx":11,"posy":3,"amount":450},{"posx":13,"posy":3,"amount":550},{"posx":1,"posy":4,"amount":750},{"posx":4,"posy":4,"amount":400},{"posx":7,"posy":4,"amount":200},{"posx":8,"posy":4,"amount":300},{"posx":9,"posy":4,"amount":250},{"posx":6,"posy":5,"amount":650},{"posx":12,"posy":5,"amount":250},{"posx":19,"posy":5,"amount":500},{"posx":19,"posy":6,"amount":300},{"posx":16,"posy":7,"amount":100}],"changedObstacles":[{"type":0,"posx":16,"posy":4,"value":-1}]},{"players":[{"playerId":5588,"score":300,"energy":8,"posx":19,"posy":5,"lastAction":5,"status":0},{"playerId":2375363,"score":500,"energy":32,"posx":16,"posy":4,"lastAction":4,"status":0},{"playerId":2534350,"score":350,"energy":2,"posx":10,"posy":2,"lastAction":5,"status":0},{"playerId":2256302,"score":0,"energy":28,"posx":13,"posy":3,"lastAction":6,"status":3}],"golds":[{"posx":2,"posy":1,"amount":250},{"posx":6,"posy":1,"amount":150},{"posx":8,"posy":1,"amount":250},{"posx":10,"posy":2,"amount":300},{"posx":11,"posy":2,"amount":300},{"posx":5,"posy":3,"amount":650},{"posx":11,"posy":3,"amount":450},{"posx":13,"posy":3,"amount":550},{"posx":1,"posy":4,"amount":750},{"posx":4,"posy":4,"amount":400},{"posx":7,"posy":4,"amount":200},{"posx":8,"posy":4,"amount":300},{"posx":9,"posy":4,"amount":250},{"posx":6,"posy":5,"amount":650},{"posx":12,"posy":5,"amount":250},{"posx":19,"posy":5,"amount":450},{"posx":19,"posy":6,"amount":300},{"posx":16,"posy":7,"amount":100}],"changedObstacles":[]},{"players":[{"playerId":5588,"score":350,"energy":3,"posx":19,"posy":5,"lastAction":5,"status":0},{"playerId":2375363,"score":500,"energy":48,"posx":16,"posy":4,"lastAction":4,"status":0},{"playerId":2534350,"score":350,"energy":14,"posx":10,"posy":2,"lastAction":4,"status":0},{"playerId":2256302,"score":0,"energy":28,"posx":13,"posy":3,"lastAction":6,"status":3}],"golds":[{"posx":2,"posy":1,"amount":250},{"posx":6,"posy":1,"amount":150},{"posx":8,"posy":1,"amount":250},{"posx":10,"posy":2,"amount":300},{"posx":11,"posy":2,"amount":300},{"posx":5,"posy":3,"amount":650},{"posx":11,"posy":3,"amount":450},{"posx":13,"posy":3,"amount":550},{"posx":1,"posy":4,"amount":750},{"posx":4,"posy":4,"amount":400},{"posx":7,"posy":4,"amount":200},{"posx":8,"posy":4,"amount":300},{"posx":9,"posy":4,"amount":250},{"posx":6,"posy":5,"amount":650},{"posx":12,"posy":5,"amount":250},{"posx":19,"posy":5,"amount":400},{"posx":19,"posy":6,"amount":300},{"posx":16,"posy":7,"amount":100}],"changedObstacles":[]},{"players":[{"playerId":5588,"score":350,"energy":15,"posx":19,"posy":5,"lastAction":4,"status":0},{"playerId":2375363,"score":500,"energy":36,"posx":15,"posy":4,"lastAction":0,"status":0},{"playerId":2534350,"score":400,"energy":9,"posx":10,"posy":2,"lastAction":5,"status":0},{"playerId":2256302,"score":0,"energy":28,"posx":13,"posy":3,"lastAction":6,"status":3}],"golds":[{"posx":2,"posy":1,"amount":250},{"posx":6,"posy":1,"amount":150},{"posx":8,"posy":1,"amount":250},{"posx":10,"posy":2,"amount":250},{"posx":11,"posy":2,"amount":300},{"posx":5,"posy":3,"amount":650},{"posx":11,"posy":3,"amount":450},{"posx":13,"posy":3,"amount":550},{"posx":1,"posy":4,"amount":750},{"posx":4,"posy":4,"amount":400},{"posx":7,"posy":4,"amount":200},{"posx":8,"posy":4,"amount":300},{"posx":9,"posy":4,"amount":250},{"posx":6,"posy":5,"amount":650},{"posx":12,"posy":5,"amount":250},{"posx":19,"posy":5,"amount":400},{"posx":19,"posy":6,"amount":300},{"posx":16,"posy":7,"amount":100}],"changedObstacles":[]},{"players":[{"playerId":5588,"score":400,"energy":10,"posx":19,"posy":5,"lastAction":5,"status":0},{"playerId":2375363,"score":500,"energy":35,"posx":14,"posy":4,"lastAction":0,"status":0},{"playerId":2534350,"score":450,"energy":4,"posx":10,"posy":2,"lastAction":5,"status":0},{"playerId":2256302,"score":0,"energy":28,"posx":13,"posy":3,"lastAction":6,"status":3}],"golds":[{"posx":2,"posy":1,"amount":250},{"posx":6,"posy":1,"amount":150},{"posx":8,"posy":1,"amount":250},{"posx":10,"posy":2,"amount":200},{"posx":11,"posy":2,"amount":300},{"posx":5,"posy":3,"amount":650},{"posx":11,"posy":3,"amount":450},{"posx":13,"posy":3,"amount":550},{"posx":1,"posy":4,"amount":750},{"posx":4,"posy":4,"amount":400},{"posx":7,"posy":4,"amount":200},{"posx":8,"posy":4,"amount":300},{"posx":9,"posy":4,"amount":250},{"posx":6,"posy":5,"amount":650},{"posx":12,"posy":5,"amount":250},{"posx":19,"posy":5,"amount":350},{"posx":19,"posy":6,"amount":300},{"posx":16,"posy":7,"amount":100}],"changedObstacles":[]},{"players":[{"playerId":5588,"score":450,"energy":5,"posx":19,"posy":5,"lastAction":5,"status":0},{"playerId":2375363,"score":500,"energy":25,"posx":13,"posy":4,"lastAction":0,"status":0},{"playerId":2534350,"score":450,"energy":16,"posx":10,"posy":2,"lastAction":4,"status":0},{"playerId":2256302,"score":0,"energy":28,"posx":13,"posy":3,"lastAction":6,"status":3}],"golds":[{"posx":2,"posy":1,"amount":250},{"posx":6,"posy":1,"amount":150},{"posx":8,"posy":1,"amount":250},{"posx":10,"posy":2,"amount":200},{"posx":11,"posy":2,"amount":300},{"posx":5,"posy":3,"amount":650},{"posx":11,"posy":3,"amount":450},{"posx":13,"posy":3,"amount":550},{"posx":1,"posy":4,"amount":750},{"posx":4,"posy":4,"amount":400},{"posx":7,"posy":4,"amount":200},{"posx":8,"posy":4,"amount":300},{"posx":9,"posy":4,"amount":250},{"posx":6,"posy":5,"amount":650},{"posx":12,"posy":5,"amount":250},{"posx":19,"posy":5,"amount":300},{"posx":19,"posy":6,"amount":300},{"posx":16,"posy":7,"amount":100}],"changedObstacles":[{"type":0,"posx":13,"posy":4,"value":-1}]},{"players":[{"playerId":5588,"score":450,"energy":17,"posx":19,"posy":5,"lastAction":4,"status":0},{"playerId":2375363,"score":500,"energy":21,"posx":13,"posy":3,"lastAction":2,"status":0},{"playerId":2534350,"score":500,"energy":11,"posx":10,"posy":2,"lastAction":5,"status":0},{"playerId":2256302,"score":0,"energy":28,"posx":13,"posy":3,"lastAction":6,"status":3}],"golds":[{"posx":2,"posy":1,"amount":250},{"posx":6,"posy":1,"amount":150},{"posx":8,"posy":1,"amount":250},{"posx":10,"posy":2,"amount":150},{"posx":11,"posy":2,"amount":300},{"posx":5,"posy":3,"amount":650},{"posx":11,"posy":3,"amount":450},{"posx":13,"posy":3,"amount":550},{"posx":1,"posy":4,"amount":750},{"posx":4,"posy":4,"amount":400},{"posx":7,"posy":4,"amount":200},{"posx":8,"posy":4,"amount":300},{"posx":9,"posy":4,"amount":250},{"posx":6,"posy":5,"amount":650},{"posx":12,"posy":5,"amount":250},{"posx":19,"posy":5,"amount":300},{"posx":19,"posy":6,"amount":300},{"posx":16,"posy":7,"amount":100}],"changedObstacles":[]},{"players":[{"playerId":5588,"score":500,"energy":12,"posx":19,"posy":5,"lastAction":5,"status":0},{"playerId":2375363,"score":550,"energy":16,"posx":13,"posy":3,"lastAction":5,"status":0},{"playerId":2534350,"score":550,"energy":6,"posx":10,"posy":2,"lastAction":5,"status":0},{"playerId":2256302,"score":0,"energy":28,"posx":13,"posy":3,"lastAction":6,"status":3}],"golds":[{"posx":2,"posy":1,"amount":250},{"posx":6,"posy":1,"amount":150},{"posx":8,"posy":1,"amount":250},{"posx":10,"posy":2,"amount":100},{"posx":11,"posy":2,"amount":300},{"posx":5,"posy":3,"amount":650},{"posx":11,"posy":3,"amount":450},{"posx":13,"posy":3,"amount":500},{"posx":1,"posy":4,"amount":750},{"posx":4,"posy":4,"amount":400},{"posx":7,"posy":4,"amount":200},{"posx":8,"posy":4,"amount":300},{"posx":9,"posy":4,"amount":250},{"posx":6,"posy":5,"amount":650},{"posx":12,"posy":5,"amount":250},{"posx":19,"posy":5,"amount":250},{"posx":19,"posy":6,"amount":300},{"posx":16,"posy":7,"amount":100}],"changedObstacles":[]},{"players":[{"playerId":5588,"score":550,"energy":7,"posx":19,"posy":5,"lastAction":5,"status":0},{"playerId":2375363,"score":600,"energy":11,"posx":13,"posy":3,"lastAction":5,"status":0},{"playerId":2534350,"score":600,"energy":1,"posx":10,"posy":2,"lastAction":5,"status":0},{"playerId":2256302,"score":0,"energy":28,"posx":13,"posy":3,"lastAction":6,"status":3}],"golds":[{"posx":2,"posy":1,"amount":250},{"posx":6,"posy":1,"amount":150},{"posx":8,"posy":1,"amount":250},{"posx":10,"posy":2,"amount":50},{"posx":11,"posy":2,"amount":300},{"posx":5,"posy":3,"amount":650},{"posx":11,"posy":3,"amount":450},{"posx":13,"posy":3,"amount":450},{"posx":1,"posy":4,"amount":750},{"posx":4,"posy":4,"amount":400},{"posx":7,"posy":4,"amount":200},{"posx":8,"posy":4,"amount":300},{"posx":9,"posy":4,"amount":250},{"posx":6,"posy":5,"amount":650},{"posx":12,"posy":5,"amount":250},{"posx":19,"posy":5,"amount":200},{"posx":19,"posy":6,"amount":300},{"posx":16,"posy":7,"amount":100}],"changedObstacles":[]},{"players":[{"playerId":5588,"score":600,"energy":2,"posx":19,"posy":5,"lastAction":5,"status":0},{"playerId":2375363,"score":650,"energy":6,"posx":13,"posy":3,"lastAction":5,"status":0},{"playerId":2534350,"score":600,"energy":13,"posx":10,"posy":2,"lastAction":4,"status":0},{"playerId":2256302,"score":0,"energy":28,"posx":13,"posy":3,"lastAction":6,"status":3}],"golds":[{"posx":2,"posy":1,"amount":250},{"posx":6,"posy":1,"amount":150},{"posx":8,"posy":1,"amount":250},{"posx":10,"posy":2,"amount":50},{"posx":11,"posy":2,"amount":300},{"posx":5,"posy":3,"amount":650},{"posx":11,"posy":3,"amount":450},{"posx":13,"posy":3,"amount":400},{"posx":1,"posy":4,"amount":750},{"posx":4,"posy":4,"amount":400},{"posx":7,"posy":4,"amount":200},{"posx":8,"posy":4,"amount":300},{"posx":9,"posy":4,"amount":250},{"posx":6,"posy":5,"amount":650},{"posx":12,"posy":5,"amount":250},{"posx":19,"posy":5,"amount":150},{"posx":19,"posy":6,"amount":300},{"posx":16,"posy":7,"amount":100}],"changedObstacles":[]},{"players":[{"playerId":5588,"score":600,"energy":14,"posx":19,"posy":5,"lastAction":4,"status":0},{"playerId":2375363,"score":700,"energy":1,"posx":13,"posy":3,"lastAction":5,"status":0},{"playerId":2534350,"score":650,"energy":8,"posx":10,"posy":2,"lastAction":5,"status":0},{"playerId":2256302,"score":0,"energy":28,"posx":13,"posy":3,"lastAction":6,"status":3}],"golds":[{"posx":2,"posy":1,"amount":250},{"posx":6,"posy":1,"amount":150},{"posx":8,"posy":1,"amount":250},{"posx":11,"posy":2,"amount":300},{"posx":5,"posy":3,"amount":650},{"posx":11,"posy":3,"amount":450},{"posx":13,"posy":3,"amount":350},{"posx":1,"posy":4,"amount":750},{"posx":4,"posy":4,"amount":400},{"posx":7,"posy":4,"amount":200},{"posx":8,"posy":4,"amount":300},{"posx":9,"posy":4,"amount":250},{"posx":6,"posy":5,"amount":650},{"posx":12,"posy":5,"amount":250},{"posx":19,"posy":5,"amount":150},{"posx":19,"posy":6,"amount":300},{"posx":16,"posy":7,"amount":100}],"changedObstacles":[{"type":0,"posx":10,"posy":2,"value":-1}]},{"players":[{"playerId":5588,"score":650,"energy":9,"posx":19,"posy":5,"lastAction":5,"status":0},{"playerId":2375363,"score":700,"energy":13,"posx":13,"posy":3,"lastAction":4,"status":0},{"playerId":2534350,"score":650,"energy":20,"posx":10,"posy":2,"lastAction":4,"status":0},{"playerId":2256302,"score":0,"energy":28,"posx":13,"posy":3,"lastAction":6,"status":3}],"golds":[{"posx":2,"posy":1,"amount":250},{"posx":6,"posy":1,"amount":150},{"posx":8,"posy":1,"amount":250},{"posx":11,"posy":2,"amount":300},{"posx":5,"posy":3,"amount":650},{"posx":11,"posy":3,"amount":450},{"posx":13,"posy":3,"amount":350},{"posx":1,"posy":4,"amount":750},{"posx":4,"posy":4,"amount":400},{"posx":7,"posy":4,"amount":200},{"posx":8,"posy":4,"amount":300},{"posx":9,"posy":4,"amount":250},{"posx":6,"posy":5,"amount":650},{"posx":12,"posy":5,"amount":250},{"posx":19,"posy":5,"amount":100},{"posx":19,"posy":6,"amount":300},{"posx":16,"posy":7,"amount":100}],"changedObstacles":[]},{"players":[{"playerId":5588,"score":700,"energy":4,"posx":19,"posy":5,"lastAction":5,"status":0},{"playerId":2375363,"score":700,"energy":29,"posx":13,"posy":3,"lastAction":4,"status":0},{"playerId":2534350,"score":650,"energy":36,"posx":10,"posy":2,"lastAction":4,"status":0},{"playerId":2256302,"score":0,"energy":28,"posx":13,"posy":3,"lastAction":6,"status":3}],"golds":[{"posx":2,"posy":1,"amount":250},{"posx":6,"posy":1,"amount":150},{"posx":8,"posy":1,"amount":250},{"posx":11,"posy":2,"amount":300},{"posx":5,"posy":3,"amount":650},{"posx":11,"posy":3,"amount":450},{"posx":13,"posy":3,"amount":350},{"posx":1,"posy":4,"amount":750},{"posx":4,"posy":4,"amount":400},{"posx":7,"posy":4,"amount":200},{"posx":8,"posy":4,"amount":300},{"posx":9,"posy":4,"amount":250},{"posx":6,"posy":5,"amount":650},{"posx":12,"posy":5,"amount":250},{"posx":19,"posy":5,"amount":50},{"posx":19,"posy":6,"amount":300},{"posx":16,"posy":7,"amount":100}],"changedObstacles":[]},{"players":[{"playerId":5588,"score":700,"energy":16,"posx":19,"posy":5,"lastAction":4,"status":0},{"playerId":2375363,"score":700,"energy":50,"posx":13,"posy":3,"lastAction":4,"status":0},{"playerId":2534350,"score":650,"energy":26,"posx":9,"posy":2,"lastAction":0,"status":0},{"playerId":2256302,"score":0,"energy":28,"posx":13,"posy":3,"lastAction":6,"status":3}],"golds":[{"posx":2,"posy":1,"amount":250},{"posx":6,"posy":1,"amount":150},{"posx":8,"posy":1,"amount":250},{"posx":11,"posy":2,"amount":300},{"posx":5,"posy":3,"amount":650},{"posx":11,"posy":3,"amount":450},{"posx":13,"posy":3,"amount":350},{"posx":1,"posy":4,"amount":750},{"posx":4,"posy":4,"amount":400},{"posx":7,"posy":4,"amount":200},{"posx":8,"posy":4,"amount":300},{"posx":9,"posy":4,"amount":250},{"posx":6,"posy":5,"amount":650},{"posx":12,"posy":5,"amount":250},{"posx":19,"posy":5,"amount":50},{"posx":19,"posy":6,"amount":300},{"posx":16,"posy":7,"amount":100}],"changedObstacles":[{"type":0,"posx":9,"posy":2,"value":-1}]},{"players":[{"playerId":5588,"score":750,"energy":11,"posx":19,"posy":5,"lastAction":5,"status":0},{"playerId":2375363,"score":750,"energy":45,"posx":13,"posy":3,"lastAction":5,"status":0},{"playerId":2534350,"score":650,"energy":20,"posx":9,"posy":3,"lastAction":3,"status":0},{"playerId":2256302,"score":0,"energy":28,"posx":13,"posy":3,"lastAction":6,"status":3}],"golds":[{"posx":2,"posy":1,"amount":250},{"posx":6,"posy":1,"amount":150},{"posx":8,"posy":1,"amount":250},{"posx":11,"posy":2,"amount":300},{"posx":5,"posy":3,"amount":650},{"posx":11,"posy":3,"amount":450},{"posx":13,"posy":3,"amount":300},{"posx":1,"posy":4,"amount":750},{"posx":4,"posy":4,"amount":400},{"posx":7,"posy":4,"amount":200},{"posx":8,"posy":4,"amount":300},{"posx":9,"posy":4,"amount":250},{"posx":6,"posy":5,"amount":650},{"posx":12,"posy":5,"amount":250},{"posx":19,"posy":6,"amount":300},{"posx":16,"posy":7,"amount":100}],"changedObstacles":[{"type":0,"posx":19,"posy":5,"value":-1}]},{"players":[{"playerId":5588,"score":750,"energy":7,"posx":19,"posy":6,"lastAction":3,"status":0},{"playerId":2375363,"score":800,"energy":40,"posx":13,"posy":3,"lastAction":5,"status":0},{"playerId":2534350,"score":650,"energy":32,"posx":9,"posy":3,"lastAction":4,"status":0},{"playerId":2256302,"score":0,"energy":28,"posx":13,"posy":3,"lastAction":6,"status":3}],"golds":[{"posx":2,"posy":1,"amount":250},{"posx":6,"posy":1,"amount":150},{"posx":8,"posy":1,"amount":250},{"posx":11,"posy":2,"amount":300},{"posx":5,"posy":3,"amount":650},{"posx":11,"posy":3,"amount":450},{"posx":13,"posy":3,"amount":250},{"posx":1,"posy":4,"amount":750},{"posx":4,"posy":4,"amount":400},{"posx":7,"posy":4,"amount":200},{"posx":8,"posy":4,"amount":300},{"posx":9,"posy":4,"amount":250},{"posx":6,"posy":5,"amount":650},{"posx":12,"posy":5,"amount":250},{"posx":19,"posy":6,"amount":300},{"posx":16,"posy":7,"amount":100}],"changedObstacles":[]},{"players":[{"playerId":5588,"score":800,"energy":2,"posx":19,"posy":6,"lastAction":5,"status":0},{"playerId":2375363,"score":850,"energy":35,"posx":13,"posy":3,"lastAction":5,"status":0},{"playerId":2534350,"score":650,"energy":31,"posx":8,"posy":3,"lastAction":0,"status":0},{"playerId":2256302,"score":0,"energy":28,"posx":13,"posy":3,"lastAction":6,"status":3}],"golds":[{"posx":2,"posy":1,"amount":250},{"posx":6,"posy":1,"amount":150},{"posx":8,"posy":1,"amount":250},{"posx":11,"posy":2,"amount":300},{"posx":5,"posy":3,"amount":650},{"posx":11,"posy":3,"amount":450},{"posx":13,"posy":3,"amount":200},{"posx":1,"posy":4,"amount":750},{"posx":4,"posy":4,"amount":400},{"posx":7,"posy":4,"amount":200},{"posx":8,"posy":4,"amount":300},{"posx":9,"posy":4,"amount":250},{"posx":6,"posy":5,"amount":650},{"posx":12,"posy":5,"amount":250},{"posx":19,"posy":6,"amount":250},{"posx":16,"posy":7,"amount":100}],"changedObstacles":[]},{"players":[{"playerId":5588,"score":800,"energy":14,"posx":19,"posy":6,"lastAction":4,"status":0},{"playerId":2375363,"score":900,"energy":30,"posx":13,"posy":3,"lastAction":5,"status":0},{"playerId":2534350,"score":650,"energy":27,"posx":8,"posy":4,"lastAction":3,"status":0},{"playerId":2256302,"score":0,"energy":28,"posx":13,"posy":3,"lastAction":6,"status":3}],"golds":[{"posx":2,"posy":1,"amount":250},{"posx":6,"posy":1,"amount":150},{"posx":8,"posy":1,"amount":250},{"posx":11,"posy":2,"amount":300},{"posx":5,"posy":3,"amount":650},{"posx":11,"posy":3,"amount":450},{"posx":13,"posy":3,"amount":150},{"posx":1,"posy":4,"amount":750},{"posx":4,"posy":4,"amount":400},{"posx":7,"posy":4,"amount":200},{"posx":8,"posy":4,"amount":300},{"posx":9,"posy":4,"amount":250},{"posx":6,"posy":5,"amount":650},{"posx":12,"posy":5,"amount":250},{"posx":19,"posy":6,"amount":250},{"posx":16,"posy":7,"amount":100}],"changedObstacles":[]},{"players":[{"playerId":5588,"score":850,"energy":9,"posx":19,"posy":6,"lastAction":5,"status":0},{"playerId":2375363,"score":950,"energy":25,"posx":13,"posy":3,"lastAction":5,"status":0},{"playerId":2534350,"score":700,"energy":22,"posx":8,"posy":4,"lastAction":5,"status":0},{"playerId":2256302,"score":0,"energy":28,"posx":13,"posy":3,"lastAction":6,"status":3}],"golds":[{"posx":2,"posy":1,"amount":250},{"posx":6,"posy":1,"amount":150},{"posx":8,"posy":1,"amount":250},{"posx":11,"posy":2,"amount":300},{"posx":5,"posy":3,"amount":650},{"posx":11,"posy":3,"amount":450},{"posx":13,"posy":3,"amount":100},{"posx":1,"posy":4,"amount":750},{"posx":4,"posy":4,"amount":400},{"posx":7,"posy":4,"amount":200},{"posx":8,"posy":4,"amount":250},{"posx":9,"posy":4,"amount":250},{"posx":6,"posy":5,"amount":650},{"posx":12,"posy":5,"amount":250},{"posx":19,"posy":6,"amount":200},{"posx":16,"posy":7,"amount":100}],"changedObstacles":[]},{"players":[{"playerId":5588,"score":900,"energy":4,"posx":19,"posy":6,"lastAction":5,"status":0},{"playerId":2375363,"score":1000,"energy":20,"posx":13,"posy":3,"lastAction":5,"status":0},{"playerId":2534350,"score":750,"energy":17,"posx":8,"posy":4,"lastAction":5,"status":0},{"playerId":2256302,"score":0,"energy":28,"posx":13,"posy":3,"lastAction":6,"status":3}],"golds":[{"posx":2,"posy":1,"amount":250},{"posx":6,"posy":1,"amount":150},{"posx":8,"posy":1,"amount":250},{"posx":11,"posy":2,"amount":300},{"posx":5,"posy":3,"amount":650},{"posx":11,"posy":3,"amount":450},{"posx":13,"posy":3,"amount":50},{"posx":1,"posy":4,"amount":750},{"posx":4,"posy":4,"amount":400},{"posx":7,"posy":4,"amount":200},{"posx":8,"posy":4,"amount":200},{"posx":9,"posy":4,"amount":250},{"posx":6,"posy":5,"amount":650},{"posx":12,"posy":5,"amount":250},{"posx":19,"posy":6,"amount":150},{"posx":16,"posy":7,"amount":100}],"changedObstacles":[]},{"players":[{"playerId":5588,"score":900,"energy":16,"posx":19,"posy":6,"lastAction":4,"status":0},{"playerId":2375363,"score":1050,"energy":15,"posx":13,"posy":3,"lastAction":5,"status":0},{"playerId":2534350,"score":800,"energy":12,"posx":8,"posy":4,"lastAction":5,"status":0},{"playerId":2256302,"score":0,"energy":28,"posx":13,"posy":3,"lastAction":6,"status":3}],"golds":[{"posx":2,"posy":1,"amount":250},{"posx":6,"posy":1,"amount":150},{"posx":8,"posy":1,"amount":250},{"posx":11,"posy":2,"amount":300},{"posx":5,"posy":3,"amount":650},{"posx":11,"posy":3,"amount":450},{"posx":1,"posy":4,"amount":750},{"posx":4,"posy":4,"amount":400},{"posx":7,"posy":4,"amount":200},{"posx":8,"posy":4,"amount":150},{"posx":9,"posy":4,"amount":250},{"posx":6,"posy":5,"amount":650},{"posx":12,"posy":5,"amount":250},{"posx":19,"posy":6,"amount":150},{"posx":16,"posy":7,"amount":100}],"changedObstacles":[{"type":0,"posx":13,"posy":3,"value":-1}]},{"players":[{"playerId":5588,"score":950,"energy":11,"posx":19,"posy":6,"lastAction":5,"status":0},{"playerId":2375363,"score":1050,"energy":27,"posx":13,"posy":3,"lastAction":4,"status":0},{"playerId":2534350,"score":850,"energy":7,"posx":8,"posy":4,"lastAction":5,"status":0},{"playerId":2256302,"score":0,"energy":28,"posx":13,"posy":3,"lastAction":6,"status":3}],"golds":[{"posx":2,"posy":1,"amount":250},{"posx":6,"posy":1,"amount":150},{"posx":8,"posy":1,"amount":250},{"posx":11,"posy":2,"amount":300},{"posx":5,"posy":3,"amount":650},{"posx":11,"posy":3,"amount":450},{"posx":1,"posy":4,"amount":750},{"posx":4,"posy":4,"amount":400},{"posx":7,"posy":4,"amount":200},{"posx":8,"posy":4,"amount":100},{"posx":9,"posy":4,"amount":250},{"posx":6,"posy":5,"amount":650},{"posx":12,"posy":5,"amount":250},{"posx":19,"posy":6,"amount":100},{"posx":16,"posy":7,"amount":100}],"changedObstacles":[]},{"players":[{"playerId":5588,"score":1000,"energy":6,"posx":19,"posy":6,"lastAction":5,"status":0},{"playerId":2375363,"score":1050,"energy":26,"posx":12,"posy":3,"lastAction":0,"status":0},{"playerId":2534350,"score":900,"energy":2,"posx":8,"posy":4,"lastAction":5,"status":0},{"playerId":2256302,"score":0,"energy":28,"posx":13,"posy":3,"lastAction":6,"status":3}],"golds":[{"posx":2,"posy":1,"amount":250},{"posx":6,"posy":1,"amount":150},{"posx":8,"posy":1,"amount":250},{"posx":11,"posy":2,"amount":300},{"posx":5,"posy":3,"amount":650},{"posx":11,"posy":3,"amount":450},{"posx":1,"posy":4,"amount":750},{"posx":4,"posy":4,"amount":400},{"posx":7,"posy":4,"amount":200},{"posx":8,"posy":4,"amount":50},{"posx":9,"posy":4,"amount":250},{"posx":6,"posy":5,"amount":650},{"posx":12,"posy":5,"amount":250},{"posx":19,"posy":6,"amount":50},{"posx":16,"posy":7,"amount":100}],"changedObstacles":[]},{"players":[{"playerId":5588,"score":1000,"energy":18,"posx":19,"posy":6,"lastAction":4,"status":0},{"playerId":2375363,"score":1050,"energy":22,"posx":11,"posy":3,"lastAction":0,"status":0},{"playerId":2534350,"score":900,"energy":14,"posx":8,"posy":4,"lastAction":4,"status":0},{"playerId":2256302,"score":0,"energy":28,"posx":13,"posy":3,"lastAction":6,"status":3}],"golds":[{"posx":2,"posy":1,"amount":250},{"posx":6,"posy":1,"amount":150},{"posx":8,"posy":1,"amount":250},{"posx":11,"posy":2,"amount":300},{"posx":5,"posy":3,"amount":650},{"posx":11,"posy":3,"amount":450},{"posx":1,"posy":4,"amount":750},{"posx":4,"posy":4,"amount":400},{"posx":7,"posy":4,"amount":200},{"posx":8,"posy":4,"amount":50},{"posx":9,"posy":4,"amount":250},{"posx":6,"posy":5,"amount":650},{"posx":12,"posy":5,"amount":250},{"posx":19,"posy":6,"amount":50},{"posx":16,"posy":7,"amount":100}],"changedObstacles":[]},{"players":[{"playerId":5588,"score":1050,"energy":13,"posx":19,"posy":6,"lastAction":5,"status":0},{"playerId":2375363,"score":1100,"energy":17,"posx":11,"posy":3,"lastAction":5,"status":0},{"playerId":2534350,"score":950,"energy":9,"posx":8,"posy":4,"lastAction":5,"status":0},{"playerId":2256302,"score":0,"energy":28,"posx":13,"posy":3,"lastAction":6,"status":3}],"golds":[{"posx":2,"posy":1,"amount":250},{"posx":6,"posy":1,"amount":150},{"posx":8,"posy":1,"amount":250},{"posx":11,"posy":2,"amount":300},{"posx":5,"posy":3,"amount":650},{"posx":11,"posy":3,"amount":400},{"posx":1,"posy":4,"amount":750},{"posx":4,"posy":4,"amount":400},{"posx":7,"posy":4,"amount":200},{"posx":9,"posy":4,"amount":250},{"posx":6,"posy":5,"amount":650},{"posx":12,"posy":5,"amount":250},{"posx":16,"posy":7,"amount":100}],"changedObstacles":[{"type":0,"posx":8,"posy":4,"value":-1},{"type":0,"posx":19,"posy":6,"value":-1}]},{"players":[{"playerId":5588,"score":1050,"energy":12,"posx":18,"posy":6,"lastAction":0,"status":0},{"playerId":2375363,"score":1150,"energy":12,"posx":11,"posy":3,"lastAction":5,"status":0},{"playerId":2534350,"score":950,"energy":5,"posx":7,"posy":4,"lastAction":0,"status":0},{"playerId":2256302,"score":0,"energy":28,"posx":13,"posy":3,"lastAction":6,"status":3}],"golds":[{"posx":2,"posy":1,"amount":250},{"posx":6,"posy":1,"amount":150},{"posx":8,"posy":1,"amount":250},{"posx":11,"posy":2,"amount":300},{"posx":5,"posy":3,"amount":650},{"posx":11,"posy":3,"amount":350},{"posx":1,"posy":4,"amount":750},{"posx":4,"posy":4,"amount":400},{"posx":7,"posy":4,"amount":200},{"posx":9,"posy":4,"amount":250},{"posx":6,"posy":5,"amount":650},{"posx":12,"posy":5,"amount":250},{"posx":16,"posy":7,"amount":100}],"changedObstacles":[]},{"players":[{"playerId":5588,"score":1050,"energy":11,"posx":18,"posy":7,"lastAction":3,"status":0},{"playerId":2375363,"score":1200,"energy":7,"posx":11,"posy":3,"lastAction":5,"status":0},{"playerId":2534350,"score":950,"energy":17,"posx":7,"posy":4,"lastAction":4,"status":0},{"playerId":2256302,"score":0,"energy":28,"posx":13,"posy":3,"lastAction":6,"status":3}],"golds":[{"posx":2,"posy":1,"amount":250},{"posx":6,"posy":1,"amount":150},{"posx":8,"posy":1,"amount":250},{"posx":11,"posy":2,"amount":300},{"posx":5,"posy":3,"amount":650},{"posx":11,"posy":3,"amount":300},{"posx":1,"posy":4,"amount":750},{"posx":4,"posy":4,"amount":400},{"posx":7,"posy":4,"amount":200},{"posx":9,"posy":4,"amount":250},{"posx":6,"posy":5,"amount":650},{"posx":12,"posy":5,"amount":250},{"posx":16,"posy":7,"amount":100}],"changedObstacles":[]},{"players":[{"playerId":5588,"score":1050,"energy":23,"posx":18,"posy":7,"lastAction":4,"status":0},{"playerId":2375363,"score":1250,"energy":2,"posx":11,"posy":3,"lastAction":5,"status":0},{"playerId":2534350,"score":1000,"energy":12,"posx":7,"posy":4,"lastAction":5,"status":0},{"playerId":2256302,"score":0,"energy":28,"posx":13,"posy":3,"lastAction":6,"status":3}],"golds":[{"posx":2,"posy":1,"amount":250},{"posx":6,"posy":1,"amount":150},{"posx":8,"posy":1,"amount":250},{"posx":11,"posy":2,"amount":300},{"posx":5,"posy":3,"amount":650},{"posx":11,"posy":3,"amount":250},{"posx":1,"posy":4,"amount":750},{"posx":4,"posy":4,"amount":400},{"posx":7,"posy":4,"amount":150},{"posx":9,"posy":4,"amount":250},{"posx":6,"posy":5,"amount":650},{"posx":12,"posy":5,"amount":250},{"posx":16,"posy":7,"amount":100}],"changedObstacles":[]},{"players":[{"playerId":5588,"score":1050,"energy":7,"posx":18,"posy":8,"lastAction":3,"status":0},{"playerId":2375363,"score":1250,"energy":14,"posx":11,"posy":3,"lastAction":4,"status":0},{"playerId":2534350,"score":1050,"energy":7,"posx":7,"posy":4,"lastAction":5,"status":0},{"playerId":2256302,"score":0,"energy":28,"posx":13,"posy":3,"lastAction":6,"status":3}],"golds":[{"posx":2,"posy":1,"amount":250},{"posx":6,"posy":1,"amount":150},{"posx":8,"posy":1,"amount":250},{"posx":11,"posy":2,"amount":300},{"posx":5,"posy":3,"amount":650},{"posx":11,"posy":3,"amount":250},{"posx":1,"posy":4,"amount":750},{"posx":4,"posy":4,"amount":400},{"posx":7,"posy":4,"amount":100},{"posx":9,"posy":4,"amount":250},{"posx":6,"posy":5,"amount":650},{"posx":12,"posy":5,"amount":250},{"posx":16,"posy":7,"amount":100}],"changedObstacles":[]},{"players":[{"playerId":5588,"score":1050,"energy":6,"posx":18,"posy":7,"lastAction":2,"status":0},{"playerId":2375363,"score":1250,"energy":30,"posx":11,"posy":3,"lastAction":4,"status":0},{"playerId":2534350,"score":1100,"energy":2,"posx":7,"posy":4,"lastAction":5,"status":0},{"playerId":2256302,"score":0,"energy":28,"posx":13,"posy":3,"lastAction":6,"status":3}],"golds":[{"posx":2,"posy":1,"amount":250},{"posx":6,"posy":1,"amount":150},{"posx":8,"posy":1,"amount":250},{"posx":11,"posy":2,"amount":300},{"posx":5,"posy":3,"amount":650},{"posx":11,"posy":3,"amount":250},{"posx":1,"posy":4,"amount":750},{"posx":4,"posy":4,"amount":400},{"posx":7,"posy":4,"amount":50},{"posx":9,"posy":4,"amount":250},{"posx":6,"posy":5,"amount":650},{"posx":12,"posy":5,"amount":250},{"posx":16,"posy":7,"amount":100}],"changedObstacles":[]},{"players":[{"playerId":5588,"score":1050,"energy":18,"posx":18,"posy":7,"lastAction":4,"status":0},{"playerId":2375363,"score":1250,"energy":50,"posx":11,"posy":3,"lastAction":4,"status":0},{"playerId":2534350,"score":1100,"energy":14,"posx":7,"posy":4,"lastAction":4,"status":0},{"playerId":2256302,"score":0,"energy":28,"posx":13,"posy":3,"lastAction":6,"status":3}],"golds":[{"posx":2,"posy":1,"amount":250},{"posx":6,"posy":1,"amount":150},{"posx":8,"posy":1,"amount":250},{"posx":11,"posy":2,"amount":300},{"posx":5,"posy":3,"amount":650},{"posx":11,"posy":3,"amount":250},{"posx":1,"posy":4,"amount":750},{"posx":4,"posy":4,"amount":400},{"posx":7,"posy":4,"amount":50},{"posx":9,"posy":4,"amount":250},{"posx":6,"posy":5,"amount":650},{"posx":12,"posy":5,"amount":250},{"posx":16,"posy":7,"amount":100}],"changedObstacles":[]},{"players":[{"playerId":5588,"score":1050,"energy":34,"posx":18,"posy":7,"lastAction":4,"status":0},{"playerId":2375363,"score":1300,"energy":45,"posx":11,"posy":3,"lastAction":5,"status":0},{"playerId":2534350,"score":1150,"energy":9,"posx":7,"posy":4,"lastAction":5,"status":0},{"playerId":2256302,"score":0,"energy":28,"posx":13,"posy":3,"lastAction":6,"status":3}],"golds":[{"posx":2,"posy":1,"amount":250},{"posx":6,"posy":1,"amount":150},{"posx":8,"posy":1,"amount":250},{"posx":11,"posy":2,"amount":300},{"posx":5,"posy":3,"amount":650},{"posx":11,"posy":3,"amount":200},{"posx":1,"posy":4,"amount":750},{"posx":4,"posy":4,"amount":400},{"posx":9,"posy":4,"amount":250},{"posx":6,"posy":5,"amount":650},{"posx":12,"posy":5,"amount":250},{"posx":16,"posy":7,"amount":100}],"changedObstacles":[{"type":0,"posx":7,"posy":4,"value":-1}]},{"players":[{"playerId":5588,"score":1050,"energy":27,"posx":18,"posy":8,"lastAction":3,"status":0},{"playerId":2375363,"score":1350,"energy":40,"posx":11,"posy":3,"lastAction":5,"status":0},{"playerId":2534350,"score":1150,"energy":21,"posx":7,"posy":4,"lastAction":4,"status":0},{"playerId":2256302,"score":0,"energy":28,"posx":13,"posy":3,"lastAction":6,"status":3}],"golds":[{"posx":2,"posy":1,"amount":250},{"posx":6,"posy":1,"amount":150},{"posx":8,"posy":1,"amount":250},{"posx":11,"posy":2,"amount":300},{"posx":5,"posy":3,"amount":650},{"posx":11,"posy":3,"amount":150},{"posx":1,"posy":4,"amount":750},{"posx":4,"posy":4,"amount":400},{"posx":9,"posy":4,"amount":250},{"posx":6,"posy":5,"amount":650},{"posx":12,"posy":5,"amount":250},{"posx":16,"posy":7,"amount":100}],"changedObstacles":[]},{"players":[{"playerId":5588,"score":1050,"energy":26,"posx":18,"posy":7,"lastAction":2,"status":0},{"playerId":2375363,"score":1400,"energy":35,"posx":11,"posy":3,"lastAction":5,"status":0},{"playerId":2534350,"score":1150,"energy":9,"posx":6,"posy":4,"lastAction":0,"status":0},{"playerId":2256302,"score":0,"energy":28,"posx":13,"posy":3,"lastAction":6,"status":3}],"golds":[{"posx":2,"posy":1,"amount":250},{"posx":6,"posy":1,"amount":150},{"posx":8,"posy":1,"amount":250},{"posx":11,"posy":2,"amount":300},{"posx":5,"posy":3,"amount":650},{"posx":11,"posy":3,"amount":100},{"posx":1,"posy":4,"amount":750},{"posx":4,"posy":4,"amount":400},{"posx":9,"posy":4,"amount":250},{"posx":6,"posy":5,"amount":650},{"posx":12,"posy":5,"amount":250},{"posx":16,"posy":7,"amount":100}],"changedObstacles":[]},{"players":[{"playerId":5588,"score":1050,"energy":6,"posx":18,"posy":8,"lastAction":3,"status":0},{"playerId":2375363,"score":1450,"energy":30,"posx":11,"posy":3,"lastAction":5,"status":0},{"playerId":2534350,"score":1150,"energy":21,"posx":6,"posy":4,"lastAction":4,"status":0},{"playerId":2256302,"score":0,"energy":28,"posx":13,"posy":3,"lastAction":6,"status":3}],"golds":[{"posx":2,"posy":1,"amount":250},{"posx":6,"posy":1,"amount":150},{"posx":8,"posy":1,"amount":250},{"posx":11,"posy":2,"amount":300},{"posx":5,"posy":3,"amount":650},{"posx":11,"posy":3,"amount":50},{"posx":1,"posy":4,"amount":750},{"posx":4,"posy":4,"amount":400},{"posx":9,"posy":4,"amount":250},{"posx":6,"posy":5,"amount":650},{"posx":12,"posy":5,"amount":250},{"posx":16,"posy":7,"amount":100}],"changedObstacles":[]},{"players":[{"playerId":5588,"score":1050,"energy":18,"posx":18,"posy":8,"lastAction":4,"status":0},{"playerId":2375363,"score":1500,"energy":25,"posx":11,"posy":3,"lastAction":5,"status":0},{"playerId":2534350,"score":1150,"energy":20,"posx":6,"posy":3,"lastAction":2,"status":0},{"playerId":2256302,"score":0,"energy":28,"posx":13,"posy":3,"lastAction":6,"status":3}],"golds":[{"posx":2,"posy":1,"amount":250},{"posx":6,"posy":1,"amount":150},{"posx":8,"posy":1,"amount":250},{"posx":11,"posy":2,"amount":300},{"posx":5,"posy":3,"amount":650},{"posx":1,"posy":4,"amount":750},{"posx":4,"posy":4,"amount":400},{"posx":9,"posy":4,"amount":250},{"posx":6,"posy":5,"amount":650},{"posx":12,"posy":5,"amount":250},{"posx":16,"posy":7,"amount":100}],"changedObstacles":[{"type":0,"posx":11,"posy":3,"value":-1}]},{"players":[{"playerId":5588,"score":1050,"energy":17,"posx":18,"posy":7,"lastAction":2,"status":0},{"playerId":2375363,"score":1500,"energy":21,"posx":11,"posy":2,"lastAction":2,"status":0},{"playerId":2534350,"score":1150,"energy":16,"posx":5,"posy":3,"lastAction":0,"status":0},{"playerId":2256302,"score":0,"energy":28,"posx":13,"posy":3,"lastAction":6,"status":3}],"golds":[{"posx":2,"posy":1,"amount":250},{"posx":6,"posy":1,"amount":150},{"posx":8,"posy":1,"amount":250},{"posx":11,"posy":2,"amount":300},{"posx":5,"posy":3,"amount":650},{"posx":1,"posy":4,"amount":750},{"posx":4,"posy":4,"amount":400},{"posx":9,"posy":4,"amount":250},{"posx":6,"posy":5,"amount":650},{"posx":12,"posy":5,"amount":250},{"posx":16,"posy":7,"amount":100}],"changedObstacles":[]},{"players":[{"playerId":5588,"score":1050,"energy":29,"posx":18,"posy":7,"lastAction":4,"status":0},{"playerId":2375363,"score":1550,"energy":16,"posx":11,"posy":2,"lastAction":5,"status":0},{"playerId":2534350,"score":1200,"energy":11,"posx":5,"posy":3,"lastAction":5,"status":0},{"playerId":2256302,"score":0,"energy":28,"posx":13,"posy":3,"lastAction":6,"status":3}],"golds":[{"posx":2,"posy":1,"amount":250},{"posx":6,"posy":1,"amount":150},{"posx":8,"posy":1,"amount":250},{"posx":11,"posy":2,"amount":250},{"posx":5,"posy":3,"amount":600},{"posx":1,"posy":4,"amount":750},{"posx":4,"posy":4,"amount":400},{"posx":9,"posy":4,"amount":250},{"posx":6,"posy":5,"amount":650},{"posx":12,"posy":5,"amount":250},{"posx":16,"posy":7,"amount":100}],"changedObstacles":[]},{"players":[{"playerId":5588,"score":1050,"energy":19,"posx":18,"posy":8,"lastAction":3,"status":0},{"playerId":2375363,"score":1600,"energy":11,"posx":11,"posy":2,"lastAction":5,"status":0},{"playerId":2534350,"score":1250,"energy":6,"posx":5,"posy":3,"lastAction":5,"status":0},{"playerId":2256302,"score":0,"energy":28,"posx":13,"posy":3,"lastAction":6,"status":3}],"golds":[{"posx":2,"posy":1,"amount":250},{"posx":6,"posy":1,"amount":150},{"posx":8,"posy":1,"amount":250},{"posx":11,"posy":2,"amount":200},{"posx":5,"posy":3,"amount":550},{"posx":1,"posy":4,"amount":750},{"posx":4,"posy":4,"amount":400},{"posx":9,"posy":4,"amount":250},{"posx":6,"posy":5,"amount":650},{"posx":12,"posy":5,"amount":250},{"posx":16,"posy":7,"amount":100}],"changedObstacles":[]},{"players":[{"playerId":5588,"score":1050,"energy":18,"posx":18,"posy":7,"lastAction":2,"status":0},{"playerId":2375363,"score":1650,"energy":6,"posx":11,"posy":2,"lastAction":5,"status":0},{"playerId":2534350,"score":1300,"energy":1,"posx":5,"posy":3,"lastAction":5,"status":0},{"playerId":2256302,"score":0,"energy":28,"posx":13,"posy":3,"lastAction":6,"status":3}],"golds":[{"posx":2,"posy":1,"amount":250},{"posx":6,"posy":1,"amount":150},{"posx":8,"posy":1,"amount":250},{"posx":11,"posy":2,"amount":150},{"posx":5,"posy":3,"amount":500},{"posx":1,"posy":4,"amount":750},{"posx":4,"posy":4,"amount":400},{"posx":9,"posy":4,"amount":250},{"posx":6,"posy":5,"amount":650},{"posx":12,"posy":5,"amount":250},{"posx":16,"posy":7,"amount":100}],"changedObstacles":[]},{"players":[{"playerId":5588,"score":1050,"energy":30,"posx":18,"posy":7,"lastAction":4,"status":0},{"playerId":2375363,"score":1700,"energy":1,"posx":11,"posy":2,"lastAction":5,"status":0},{"playerId":2534350,"score":1300,"energy":13,"posx":5,"posy":3,"lastAction":4,"status":0},{"playerId":2256302,"score":0,"energy":28,"posx":13,"posy":3,"lastAction":6,"status":3}],"golds":[{"posx":2,"posy":1,"amount":250},{"posx":6,"posy":1,"amount":150},{"posx":8,"posy":1,"amount":250},{"posx":11,"posy":2,"amount":100},{"posx":5,"posy":3,"amount":500},{"posx":1,"posy":4,"amount":750},{"posx":4,"posy":4,"amount":400},{"posx":9,"posy":4,"amount":250},{"posx":6,"posy":5,"amount":650},{"posx":12,"posy":5,"amount":250},{"posx":16,"posy":7,"amount":100}],"changedObstacles":[]},{"players":[{"playerId":5588,"score":1050,"energy":23,"posx":18,"posy":8,"lastAction":3,"status":0},{"playerId":2375363,"score":1700,"energy":13,"posx":11,"posy":2,"lastAction":4,"status":0},{"playerId":2534350,"score":1350,"energy":8,"posx":5,"posy":3,"lastAction":5,"status":0},{"playerId":2256302,"score":0,"energy":28,"posx":13,"posy":3,"lastAction":6,"status":3}],"golds":[{"posx":2,"posy":1,"amount":250},{"posx":6,"posy":1,"amount":150},{"posx":8,"posy":1,"amount":250},{"posx":11,"posy":2,"amount":100},{"posx":5,"posy":3,"amount":450},{"posx":1,"posy":4,"amount":750},{"posx":4,"posy":4,"amount":400},{"posx":9,"posy":4,"amount":250},{"posx":6,"posy":5,"amount":650},{"posx":12,"posy":5,"amount":250},{"posx":16,"posy":7,"amount":100}],"changedObstacles":[]},{"players":[{"playerId":5588,"score":1050,"energy":22,"posx":18,"posy":7,"lastAction":2,"status":0},{"playerId":2375363,"score":1750,"energy":8,"posx":11,"posy":2,"lastAction":5,"status":0},{"playerId":2534350,"score":1400,"energy":3,"posx":5,"posy":3,"lastAction":5,"status":0},{"playerId":2256302,"score":0,"energy":28,"posx":13,"posy":3,"lastAction":6,"status":3}],"golds":[{"posx":2,"posy":1,"amount":250},{"posx":6,"posy":1,"amount":150},{"posx":8,"posy":1,"amount":250},{"posx":11,"posy":2,"amount":50},{"posx":5,"posy":3,"amount":400},{"posx":1,"posy":4,"amount":750},{"posx":4,"posy":4,"amount":400},{"posx":9,"posy":4,"amount":250},{"posx":6,"posy":5,"amount":650},{"posx":12,"posy":5,"amount":250},{"posx":16,"posy":7,"amount":100}],"changedObstacles":[]},{"players":[{"playerId":5588,"score":1050,"energy":8,"posx":18,"posy":8,"lastAction":3,"status":0},{"playerId":2375363,"score":1800,"energy":3,"posx":11,"posy":2,"lastAction":5,"status":0},{"playerId":2534350,"score":1400,"energy":15,"posx":5,"posy":3,"lastAction":4,"status":0},{"playerId":2256302,"score":0,"energy":28,"posx":13,"posy":3,"lastAction":6,"status":3}],"golds":[{"posx":2,"posy":1,"amount":250},{"posx":6,"posy":1,"amount":150},{"posx":8,"posy":1,"amount":250},{"posx":5,"posy":3,"amount":400},{"posx":1,"posy":4,"amount":750},{"posx":4,"posy":4,"amount":400},{"posx":9,"posy":4,"amount":250},{"posx":6,"posy":5,"amount":650},{"posx":12,"posy":5,"amount":250},{"posx":16,"posy":7,"amount":100}],"changedObstacles":[{"type":0,"posx":11,"posy":2,"value":-1}]},{"players":[{"playerId":5588,"score":1050,"energy":7,"posx":18,"posy":7,"lastAction":2,"status":0},{"playerId":2375363,"score":1800,"energy":15,"posx":11,"posy":2,"lastAction":4,"status":0},{"playerId":2534350,"score":1450,"energy":10,"posx":5,"posy":3,"lastAction":5,"status":0},{"playerId":2256302,"score":0,"energy":28,"posx":13,"posy":3,"lastAction":6,"status":3}],"golds":[{"posx":2,"posy":1,"amount":250},{"posx":6,"posy":1,"amount":150},{"posx":8,"posy":1,"amount":250},{"posx":5,"posy":3,"amount":350},{"posx":1,"posy":4,"amount":750},{"posx":4,"posy":4,"amount":400},{"posx":9,"posy":4,"amount":250},{"posx":6,"posy":5,"amount":650},{"posx":12,"posy":5,"amount":250},{"posx":16,"posy":7,"amount":100}],"changedObstacles":[]},{"players":[{"playerId":5588,"score":1050,"energy":19,"posx":18,"posy":7,"lastAction":4,"status":0},{"playerId":2375363,"score":1800,"energy":14,"posx":10,"posy":2,"lastAction":0,"status":0},{"playerId":2534350,"score":1500,"energy":5,"posx":5,"posy":3,"lastAction":5,"status":0},{"playerId":2256302,"score":0,"energy":28,"posx":13,"posy":3,"lastAction":6,"status":3}],"golds":[{"posx":2,"posy":1,"amount":250},{"posx":6,"posy":1,"amount":150},{"posx":8,"posy":1,"amount":250},{"posx":5,"posy":3,"amount":300},{"posx":1,"posy":4,"amount":750},{"posx":4,"posy":4,"amount":400},{"posx":9,"posy":4,"amount":250},{"posx":6,"posy":5,"amount":650},{"posx":12,"posy":5,"amount":250},{"posx":16,"posy":7,"amount":100}],"changedObstacles":[]},{"players":[{"playerId":5588,"score":1050,"energy":35,"posx":18,"posy":7,"lastAction":4,"status":0},{"playerId":2375363,"score":1800,"energy":13,"posx":9,"posy":2,"lastAction":0,"status":0},{"playerId":2534350,"score":1500,"energy":17,"posx":5,"posy":3,"lastAction":4,"status":0},{"playerId":2256302,"score":0,"energy":28,"posx":13,"posy":3,"lastAction":6,"status":3}],"golds":[{"posx":2,"posy":1,"amount":250},{"posx":6,"posy":1,"amount":150},{"posx":8,"posy":1,"amount":250},{"posx":5,"posy":3,"amount":300},{"posx":1,"posy":4,"amount":750},{"posx":4,"posy":4,"amount":400},{"posx":9,"posy":4,"amount":250},{"posx":6,"posy":5,"amount":650},{"posx":12,"posy":5,"amount":250},{"posx":16,"posy":7,"amount":100}],"changedObstacles":[]},{"players":[{"playerId":5588,"score":1050,"energy":18,"posx":18,"posy":8,"lastAction":3,"status":0},{"playerId":2375363,"score":1800,"energy":25,"posx":9,"posy":2,"lastAction":4,"status":0},{"playerId":2534350,"score":1550,"energy":12,"posx":5,"posy":3,"lastAction":5,"status":0},{"playerId":2256302,"score":0,"energy":28,"posx":13,"posy":3,"lastAction":6,"status":3}],"golds":[{"posx":2,"posy":1,"amount":250},{"posx":6,"posy":1,"amount":150},{"posx":8,"posy":1,"amount":250},{"posx":5,"posy":3,"amount":250},{"posx":1,"posy":4,"amount":750},{"posx":4,"posy":4,"amount":400},{"posx":9,"posy":4,"amount":250},{"posx":6,"posy":5,"amount":650},{"posx":12,"posy":5,"amount":250},{"posx":16,"posy":7,"amount":100}],"changedObstacles":[]},{"players":[{"playerId":5588,"score":1050,"energy":17,"posx":18,"posy":7,"lastAction":2,"status":0},{"playerId":2375363,"score":1800,"energy":24,"posx":9,"posy":1,"lastAction":2,"status":0},{"playerId":2534350,"score":1600,"energy":7,"posx":5,"posy":3,"lastAction":5,"status":0},{"playerId":2256302,"score":0,"energy":28,"posx":13,"posy":3,"lastAction":6,"status":3}],"golds":[{"posx":2,"posy":1,"amount":250},{"posx":6,"posy":1,"amount":150},{"posx":8,"posy":1,"amount":250},{"posx":5,"posy":3,"amount":200},{"posx":1,"posy":4,"amount":750},{"posx":4,"posy":4,"amount":400},{"posx":9,"posy":4,"amount":250},{"posx":6,"posy":5,"amount":650},{"posx":12,"posy":5,"amount":250},{"posx":16,"posy":7,"amount":100}],"changedObstacles":[]},{"players":[{"playerId":5588,"score":1050,"energy":29,"posx":18,"posy":7,"lastAction":4,"status":0},{"playerId":2375363,"score":1800,"energy":20,"posx":8,"posy":1,"lastAction":0,"status":0},{"playerId":2534350,"score":1650,"energy":2,"posx":5,"posy":3,"lastAction":5,"status":0},{"playerId":2256302,"score":0,"energy":28,"posx":13,"posy":3,"lastAction":6,"status":3}],"golds":[{"posx":2,"posy":1,"amount":250},{"posx":6,"posy":1,"amount":150},{"posx":8,"posy":1,"amount":250},{"posx":5,"posy":3,"amount":150},{"posx":1,"posy":4,"amount":750},{"posx":4,"posy":4,"amount":400},{"posx":9,"posy":4,"amount":250},{"posx":6,"posy":5,"amount":650},{"posx":12,"posy":5,"amount":250},{"posx":16,"posy":7,"amount":100}],"changedObstacles":[]},{"players":[{"playerId":5588,"score":1050,"energy":9,"posx":18,"posy":8,"lastAction":3,"status":0},{"playerId":2375363,"score":1850,"energy":15,"posx":8,"posy":1,"lastAction":5,"status":0},{"playerId":2534350,"score":1650,"energy":14,"posx":5,"posy":3,"lastAction":4,"status":0},{"playerId":2256302,"score":0,"energy":28,"posx":13,"posy":3,"lastAction":6,"status":3}],"golds":[{"posx":2,"posy":1,"amount":250},{"posx":6,"posy":1,"amount":150},{"posx":8,"posy":1,"amount":200},{"posx":5,"posy":3,"amount":150},{"posx":1,"posy":4,"amount":750},{"posx":4,"posy":4,"amount":400},{"posx":9,"posy":4,"amount":250},{"posx":6,"posy":5,"amount":650},{"posx":12,"posy":5,"amount":250},{"posx":16,"posy":7,"amount":100}],"changedObstacles":[]},{"players":[{"playerId":5588,"score":1050,"energy":8,"posx":18,"posy":7,"lastAction":2,"status":0},{"playerId":2375363,"score":1900,"energy":10,"posx":8,"posy":1,"lastAction":5,"status":0},{"playerId":2534350,"score":1700,"energy":9,"posx":5,"posy":3,"lastAction":5,"status":0},{"playerId":2256302,"score":0,"energy":28,"posx":13,"posy":3,"lastAction":6,"status":3}],"golds":[{"posx":2,"posy":1,"amount":250},{"posx":6,"posy":1,"amount":150},{"posx":8,"posy":1,"amount":150},{"posx":5,"posy":3,"amount":100},{"posx":1,"posy":4,"amount":750},{"posx":4,"posy":4,"amount":400},{"posx":9,"posy":4,"amount":250},{"posx":6,"posy":5,"amount":650},{"posx":12,"posy":5,"amount":250},{"posx":16,"posy":7,"amount":100}],"changedObstacles":[]},{"players":[{"playerId":5588,"score":1050,"energy":20,"posx":18,"posy":7,"lastAction":4,"status":0},{"playerId":2375363,"score":1950,"energy":5,"posx":8,"posy":1,"lastAction":5,"status":0},{"playerId":2534350,"score":1750,"energy":4,"posx":5,"posy":3,"lastAction":5,"status":0},{"playerId":2256302,"score":0,"energy":28,"posx":13,"posy":3,"lastAction":6,"status":3}],"golds":[{"posx":2,"posy":1,"amount":250},{"posx":6,"posy":1,"amount":150},{"posx":8,"posy":1,"amount":100},{"posx":5,"posy":3,"amount":50},{"posx":1,"posy":4,"amount":750},{"posx":4,"posy":4,"amount":400},{"posx":9,"posy":4,"amount":250},{"posx":6,"posy":5,"amount":650},{"posx":12,"posy":5,"amount":250},{"posx":16,"posy":7,"amount":100}],"changedObstacles":[]},{"players":[{"playerId":5588,"score":1050,"energy":9,"posx":18,"posy":8,"lastAction":3,"status":0},{"playerId":2375363,"score":1950,"energy":17,"posx":8,"posy":1,"lastAction":4,"status":0},{"playerId":2534350,"score":1750,"energy":16,"posx":5,"posy":3,"lastAction":4,"status":0},{"playerId":2256302,"score":0,"energy":28,"posx":13,"posy":3,"lastAction":6,"status":3}],"golds":[{"posx":2,"posy":1,"amount":250},{"posx":6,"posy":1,"amount":150},{"posx":8,"posy":1,"amount":100},{"posx":5,"posy":3,"amount":50},{"posx":1,"posy":4,"amount":750},{"posx":4,"posy":4,"amount":400},{"posx":9,"posy":4,"amount":250},{"posx":6,"posy":5,"amount":650},{"posx":12,"posy":5,"amount":250},{"posx":16,"posy":7,"amount":100}],"changedObstacles":[]},{"players":[{"playerId":5588,"score":1050,"energy":8,"posx":18,"posy":7,"lastAction":2,"status":0},{"playerId":2375363,"score":2000,"energy":12,"posx":8,"posy":1,"lastAction":5,"status":0},{"playerId":2534350,"score":1800,"energy":11,"posx":5,"posy":3,"lastAction":5,"status":0},{"playerId":2256302,"score":0,"energy":28,"posx":13,"posy":3,"lastAction":6,"status":3}],"golds":[{"posx":2,"posy":1,"amount":250},{"posx":6,"posy":1,"amount":150},{"posx":8,"posy":1,"amount":50},{"posx":1,"posy":4,"amount":750},{"posx":4,"posy":4,"amount":400},{"posx":9,"posy":4,"amount":250},{"posx":6,"posy":5,"amount":650},{"posx":12,"posy":5,"amount":250},{"posx":16,"posy":7,"amount":100}],"changedObstacles":[{"type":0,"posx":5,"posy":3,"value":-1}]},{"players":[{"playerId":5588,"score":1050,"energy":20,"posx":18,"posy":7,"lastAction":4,"status":0},{"playerId":2375363,"score":2050,"energy":7,"posx":8,"posy":1,"lastAction":5,"status":0},{"playerId":2534350,"score":1800,"energy":23,"posx":5,"posy":3,"lastAction":4,"status":0},{"playerId":2256302,"score":0,"energy":28,"posx":13,"posy":3,"lastAction":6,"status":3}],"golds":[{"posx":2,"posy":1,"amount":250},{"posx":6,"posy":1,"amount":150},{"posx":1,"posy":4,"amount":750},{"posx":4,"posy":4,"amount":400},{"posx":9,"posy":4,"amount":250},{"posx":6,"posy":5,"amount":650},{"posx":12,"posy":5,"amount":250},{"posx":16,"posy":7,"amount":100}],"changedObstacles":[{"type":0,"posx":8,"posy":1,"value":-1}]},{"players":[{"playerId":5588,"score":1050,"energy":2,"posx":18,"posy":8,"lastAction":3,"status":0},{"playerId":2375363,"score":2050,"energy":6,"posx":7,"posy":1,"lastAction":0,"status":0},{"playerId":2534350,"score":1800,"energy":15,"posx":4,"posy":3,"lastAction":0,"status":0},{"playerId":2256302,"score":0,"energy":28,"posx":13,"posy":3,"lastAction":6,"status":3}],"golds":[{"posx":2,"posy":1,"amount":250},{"posx":6,"posy":1,"amount":150},{"posx":1,"posy":4,"amount":750},{"posx":4,"posy":4,"amount":400},{"posx":9,"posy":4,"amount":250},{"posx":6,"posy":5,"amount":650},{"posx":12,"posy":5,"amount":250},{"posx":16,"posy":7,"amount":100}],"changedObstacles":[]},{"players":[{"playerId":5588,"score":1050,"energy":14,"posx":18,"posy":8,"lastAction":4,"status":0},{"playerId":2375363,"score":2050,"energy":2,"posx":6,"posy":1,"lastAction":0,"status":0},{"playerId":2534350,"score":1800,"energy":27,"posx":4,"posy":3,"lastAction":4,"status":0},{"playerId":2256302,"score":0,"energy":28,"posx":13,"posy":3,"lastAction":6,"status":3}],"golds":[{"posx":2,"posy":1,"amount":250},{"posx":6,"posy":1,"amount":150},{"posx":1,"posy":4,"amount":750},{"posx":4,"posy":4,"amount":400},{"posx":9,"posy":4,"amount":250},{"posx":6,"posy":5,"amount":650},{"posx":12,"posy":5,"amount":250},{"posx":16,"posy":7,"amount":100}],"changedObstacles":[]},{"players":[{"playerId":5588,"score":1050,"energy":13,"posx":18,"posy":7,"lastAction":2,"status":0},{"playerId":2375363,"score":2050,"energy":14,"posx":6,"posy":1,"lastAction":4,"status":0},{"playerId":2534350,"score":1800,"energy":26,"posx":3,"posy":3,"lastAction":0,"status":0},{"playerId":2256302,"score":0,"energy":28,"posx":13,"posy":3,"lastAction":6,"status":3}],"golds":[{"posx":2,"posy":1,"amount":250},{"posx":6,"posy":1,"amount":150},{"posx":1,"posy":4,"amount":750},{"posx":4,"posy":4,"amount":400},{"posx":9,"posy":4,"amount":250},{"posx":6,"posy":5,"amount":650},{"posx":12,"posy":5,"amount":250},{"posx":16,"posy":7,"amount":100}],"changedObstacles":[]},{"players":[{"playerId":5588,"score":1050,"energy":25,"posx":18,"posy":7,"lastAction":4,"status":0},{"playerId":2375363,"score":2050,"energy":30,"posx":6,"posy":1,"lastAction":4,"status":0},{"playerId":2534350,"score":1800,"energy":12,"posx":2,"posy":3,"lastAction":0,"status":0},{"playerId":2256302,"score":0,"energy":28,"posx":13,"posy":3,"lastAction":6,"status":3}],"golds":[{"posx":2,"posy":1,"amount":250},{"posx":6,"posy":1,"amount":150},{"posx":1,"posy":4,"amount":750},{"posx":4,"posy":4,"amount":400},{"posx":9,"posy":4,"amount":250},{"posx":6,"posy":5,"amount":650},{"posx":12,"posy":5,"amount":250},{"posx":16,"posy":7,"amount":100}],"changedObstacles":[]},{"players":[{"playerId":5588,"score":1050,"energy":9,"posx":18,"posy":8,"lastAction":3,"status":0},{"playerId":2375363,"score":2050,"energy":50,"posx":6,"posy":1,"lastAction":4,"status":0},{"playerId":2534350,"score":1800,"energy":24,"posx":2,"posy":3,"lastAction":4,"status":0},{"playerId":2256302,"score":0,"energy":28,"posx":13,"posy":3,"lastAction":6,"status":3}],"golds":[{"posx":2,"posy":1,"amount":250},{"posx":6,"posy":1,"amount":150},{"posx":1,"posy":4,"amount":750},{"posx":4,"posy":4,"amount":400},{"posx":9,"posy":4,"amount":250},{"posx":6,"posy":5,"amount":650},{"posx":12,"posy":5,"amount":250},{"posx":16,"posy":7,"amount":100}],"changedObstacles":[]},{"players":[{"playerId":5588,"score":1050,"energy":8,"posx":18,"posy":7,"lastAction":2,"status":0},{"playerId":2375363,"score":2100,"energy":45,"posx":6,"posy":1,"lastAction":5,"status":0},{"playerId":2534350,"score":1800,"energy":9,"posx":2,"posy":4,"lastAction":3,"status":0},{"playerId":2256302,"score":0,"energy":28,"posx":13,"posy":3,"lastAction":6,"status":3}],"golds":[{"posx":2,"posy":1,"amount":250},{"posx":6,"posy":1,"amount":100},{"posx":1,"posy":4,"amount":750},{"posx":4,"posy":4,"amount":400},{"posx":9,"posy":4,"amount":250},{"posx":6,"posy":5,"amount":650},{"posx":12,"posy":5,"amount":250},{"posx":16,"posy":7,"amount":100}],"changedObstacles":[]},{"players":[{"playerId":5588,"score":1050,"energy":20,"posx":18,"posy":7,"lastAction":4,"status":0},{"playerId":2375363,"score":2150,"energy":40,"posx":6,"posy":1,"lastAction":5,"status":0},{"playerId":2534350,"score":1800,"energy":5,"posx":1,"posy":4,"lastAction":0,"status":0},{"playerId":2256302,"score":0,"energy":28,"posx":13,"posy":3,"lastAction":6,"status":3}],"golds":[{"posx":2,"posy":1,"amount":250},{"posx":6,"posy":1,"amount":50},{"posx":1,"posy":4,"amount":750},{"posx":4,"posy":4,"amount":400},{"posx":9,"posy":4,"amount":250},{"posx":6,"posy":5,"amount":650},{"posx":12,"posy":5,"amount":250},{"posx":16,"posy":7,"amount":100}],"changedObstacles":[]},{"players":[{"playerId":5588,"score":1050,"energy":1,"posx":18,"posy":8,"lastAction":3,"status":0},{"playerId":2375363,"score":2200,"energy":35,"posx":6,"posy":1,"lastAction":5,"status":0},{"playerId":2534350,"score":1800,"energy":17,"posx":1,"posy":4,"lastAction":4,"status":0},{"playerId":2256302,"score":0,"energy":28,"posx":13,"posy":3,"lastAction":6,"status":3}],"golds":[{"posx":2,"posy":1,"amount":250},{"posx":1,"posy":4,"amount":750},{"posx":4,"posy":4,"amount":400},{"posx":9,"posy":4,"amount":250},{"posx":6,"posy":5,"amount":650},{"posx":12,"posy":5,"amount":250},{"posx":16,"posy":7,"amount":100}],"changedObstacles":[{"type":0,"posx":6,"posy":1,"value":-1}]},{"players":[{"playerId":5588,"score":1050,"energy":13,"posx":18,"posy":8,"lastAction":4,"status":0},{"playerId":2375363,"score":2200,"energy":34,"posx":6,"posy":2,"lastAction":3,"status":0},{"playerId":2534350,"score":1850,"energy":12,"posx":1,"posy":4,"lastAction":5,"status":0},{"playerId":2256302,"score":0,"energy":28,"posx":13,"posy":3,"lastAction":6,"status":3}],"golds":[{"posx":2,"posy":1,"amount":250},{"posx":1,"posy":4,"amount":700},{"posx":4,"posy":4,"amount":400},{"posx":9,"posy":4,"amount":250},{"posx":6,"posy":5,"amount":650},{"posx":12,"posy":5,"amount":250},{"posx":16,"posy":7,"amount":100}],"changedObstacles":[]},{"players":[{"playerId":5588,"score":1050,"energy":12,"posx":18,"posy":7,"lastAction":2,"status":0},{"playerId":2375363,"score":2200,"energy":33,"posx":6,"posy":3,"lastAction":3,"status":0},{"playerId":2534350,"score":1900,"energy":7,"posx":1,"posy":4,"lastAction":5,"status":0},{"playerId":2256302,"score":0,"energy":28,"posx":13,"posy":3,"lastAction":6,"status":3}],"golds":[{"posx":2,"posy":1,"amount":250},{"posx":1,"posy":4,"amount":650},{"posx":4,"posy":4,"amount":400},{"posx":9,"posy":4,"amount":250},{"posx":6,"posy":5,"amount":650},{"posx":12,"posy":5,"amount":250},{"posx":16,"posy":7,"amount":100}],"changedObstacles":[]},{"players":[{"playerId":5588,"score":1050,"energy":24,"posx":18,"posy":7,"lastAction":4,"status":0},{"playerId":2375363,"score":2200,"energy":25,"posx":6,"posy":4,"lastAction":3,"status":0},{"playerId":2534350,"score":1950,"energy":2,"posx":1,"posy":4,"lastAction":5,"status":0},{"playerId":2256302,"score":0,"energy":28,"posx":13,"posy":3,"lastAction":6,"status":3}],"golds":[{"posx":2,"posy":1,"amount":250},{"posx":1,"posy":4,"amount":600},{"posx":4,"posy":4,"amount":400},{"posx":9,"posy":4,"amount":250},{"posx":6,"posy":5,"amount":650},{"posx":12,"posy":5,"amount":250},{"posx":16,"posy":7,"amount":100}],"changedObstacles":[]},{"players":[{"playerId":5588,"score":1050,"energy":14,"posx":18,"posy":8,"lastAction":3,"status":0},{"playerId":2375363,"score":2200,"energy":21,"posx":6,"posy":5,"lastAction":3,"status":0},{"playerId":2534350,"score":1950,"energy":14,"posx":1,"posy":4,"lastAction":4,"status":0},{"playerId":2256302,"score":0,"energy":28,"posx":13,"posy":3,"lastAction":6,"status":3}],"golds":[{"posx":2,"posy":1,"amount":250},{"posx":1,"posy":4,"amount":600},{"posx":4,"posy":4,"amount":400},{"posx":9,"posy":4,"amount":250},{"posx":6,"posy":5,"amount":650},{"posx":12,"posy":5,"amount":250},{"posx":16,"posy":7,"amount":100}],"changedObstacles":[]},{"players":[{"playerId":5588,"score":1050,"energy":13,"posx":18,"posy":7,"lastAction":2,"status":0},{"playerId":2375363,"score":2250,"energy":16,"posx":6,"posy":5,"lastAction":5,"status":0},{"playerId":2534350,"score":2000,"energy":9,"posx":1,"posy":4,"lastAction":5,"status":0},{"playerId":2256302,"score":0,"energy":28,"posx":13,"posy":3,"lastAction":6,"status":3}],"golds":[{"posx":2,"posy":1,"amount":250},{"posx":1,"posy":4,"amount":550},{"posx":4,"posy":4,"amount":400},{"posx":9,"posy":4,"amount":250},{"posx":6,"posy":5,"amount":600},{"posx":12,"posy":5,"amount":250},{"posx":16,"posy":7,"amount":100}],"changedObstacles":[]},{"players":[{"playerId":5588,"score":1050,"energy":25,"posx":18,"posy":7,"lastAction":4,"status":0},{"playerId":2375363,"score":2300,"energy":11,"posx":6,"posy":5,"lastAction":5,"status":0},{"playerId":2534350,"score":2050,"energy":4,"posx":1,"posy":4,"lastAction":5,"status":0},{"playerId":2256302,"score":0,"energy":28,"posx":13,"posy":3,"lastAction":6,"status":3}],"golds":[{"posx":2,"posy":1,"amount":250},{"posx":1,"posy":4,"amount":500},{"posx":4,"posy":4,"amount":400},{"posx":9,"posy":4,"amount":250},{"posx":6,"posy":5,"amount":550},{"posx":12,"posy":5,"amount":250},{"posx":16,"posy":7,"amount":100}],"changedObstacles":[]},{"players":[{"playerId":5588,"score":1050,"energy":5,"posx":18,"posy":8,"lastAction":3,"status":0},{"playerId":2375363,"score":2350,"energy":6,"posx":6,"posy":5,"lastAction":5,"status":0},{"playerId":2534350,"score":2050,"energy":16,"posx":1,"posy":4,"lastAction":4,"status":0},{"playerId":2256302,"score":0,"energy":28,"posx":13,"posy":3,"lastAction":6,"status":3}],"golds":[{"posx":2,"posy":1,"amount":250},{"posx":1,"posy":4,"amount":500},{"posx":4,"posy":4,"amount":400},{"posx":9,"posy":4,"amount":250},{"posx":6,"posy":5,"amount":500},{"posx":12,"posy":5,"amount":250},{"posx":16,"posy":7,"amount":100}],"changedObstacles":[]},{"players":[{"playerId":5588,"score":1050,"energy":17,"posx":18,"posy":8,"lastAction":4,"status":0},{"playerId":2375363,"score":2400,"energy":1,"posx":6,"posy":5,"lastAction":5,"status":0},{"playerId":2534350,"score":2100,"energy":11,"posx":1,"posy":4,"lastAction":5,"status":0},{"playerId":2256302,"score":0,"energy":28,"posx":13,"posy":3,"lastAction":6,"status":3}],"golds":[{"posx":2,"posy":1,"amount":250},{"posx":1,"posy":4,"amount":450},{"posx":4,"posy":4,"amount":400},{"posx":9,"posy":4,"amount":250},{"posx":6,"posy":5,"amount":450},{"posx":12,"posy":5,"amount":250},{"posx":16,"posy":7,"amount":100}],"changedObstacles":[]},{"players":[{"playerId":5588,"score":1050,"energy":16,"posx":18,"posy":7,"lastAction":2,"status":0},{"playerId":2375363,"score":2400,"energy":13,"posx":6,"posy":5,"lastAction":4,"status":0},{"playerId":2534350,"score":2150,"energy":6,"posx":1,"posy":4,"lastAction":5,"status":0},{"playerId":2256302,"score":0,"energy":28,"posx":13,"posy":3,"lastAction":6,"status":3}],"golds":[{"posx":2,"posy":1,"amount":250},{"posx":1,"posy":4,"amount":400},{"posx":4,"posy":4,"amount":400},{"posx":9,"posy":4,"amount":250},{"posx":6,"posy":5,"amount":450},{"posx":12,"posy":5,"amount":250},{"posx":16,"posy":7,"amount":100}],"changedObstacles":[]},{"players":[{"playerId":5588,"score":1050,"energy":28,"posx":18,"posy":7,"lastAction":4,"status":0},{"playerId":2375363,"score":2400,"energy":29,"posx":6,"posy":5,"lastAction":4,"status":0},{"playerId":2534350,"score":2200,"energy":1,"posx":1,"posy":4,"lastAction":5,"status":0},{"playerId":2256302,"score":0,"energy":28,"posx":13,"posy":3,"lastAction":6,"status":3}],"golds":[{"posx":2,"posy":1,"amount":250},{"posx":1,"posy":4,"amount":350},{"posx":4,"posy":4,"amount":400},{"posx":9,"posy":4,"amount":250},{"posx":6,"posy":5,"amount":450},{"posx":12,"posy":5,"amount":250},{"posx":16,"posy":7,"amount":100}],"changedObstacles":[]},{"players":[{"playerId":5588,"score":1050,"energy":18,"posx":18,"posy":8,"lastAction":3,"status":0},{"playerId":2375363,"score":2400,"energy":50,"posx":6,"posy":5,"lastAction":4,"status":0},{"playerId":2534350,"score":2200,"energy":13,"posx":1,"posy":4,"lastAction":4,"status":0},{"playerId":2256302,"score":0,"energy":28,"posx":13,"posy":3,"lastAction":6,"status":3}],"golds":[{"posx":2,"posy":1,"amount":250},{"posx":1,"posy":4,"amount":350},{"posx":4,"posy":4,"amount":400},{"posx":9,"posy":4,"amount":250},{"posx":6,"posy":5,"amount":450},{"posx":12,"posy":5,"amount":250},{"posx":16,"posy":7,"amount":100}],"changedObstacles":[]},{"players":[{"playerId":5588,"score":1050,"energy":17,"posx":18,"posy":7,"lastAction":2,"status":0},{"playerId":2375363,"score":2400,"energy":50,"posx":6,"posy":5,"lastAction":4,"status":0},{"playerId":2534350,"score":2250,"energy":8,"posx":1,"posy":4,"lastAction":5,"status":0},{"playerId":2256302,"score":0,"energy":28,"posx":13,"posy":3,"lastAction":6,"status":3}],"golds":[{"posx":2,"posy":1,"amount":250},{"posx":1,"posy":4,"amount":300},{"posx":4,"posy":4,"amount":400},{"posx":9,"posy":4,"amount":250},{"posx":6,"posy":5,"amount":450},{"posx":12,"posy":5,"amount":250},{"posx":16,"posy":7,"amount":100}],"changedObstacles":[]},{"players":[{"playerId":5588,"score":1050,"energy":29,"posx":18,"posy":7,"lastAction":4,"status":0},{"playerId":2375363,"score":2450,"energy":45,"posx":6,"posy":5,"lastAction":5,"status":0},{"playerId":2534350,"score":2300,"energy":3,"posx":1,"posy":4,"lastAction":5,"status":0},{"playerId":2256302,"score":0,"energy":28,"posx":13,"posy":3,"lastAction":6,"status":3}],"golds":[{"posx":2,"posy":1,"amount":250},{"posx":1,"posy":4,"amount":250},{"posx":4,"posy":4,"amount":400},{"posx":9,"posy":4,"amount":250},{"posx":6,"posy":5,"amount":400},{"posx":12,"posy":5,"amount":250},{"posx":16,"posy":7,"amount":100}],"changedObstacles":[]},{"players":[{"playerId":5588,"score":1050,"energy":21,"posx":18,"posy":8,"lastAction":3,"status":0},{"playerId":2375363,"score":2500,"energy":40,"posx":6,"posy":5,"lastAction":5,"status":0},{"playerId":2534350,"score":2300,"energy":15,"posx":1,"posy":4,"lastAction":4,"status":0},{"playerId":2256302,"score":0,"energy":28,"posx":13,"posy":3,"lastAction":6,"status":3}],"golds":[{"posx":2,"posy":1,"amount":250},{"posx":1,"posy":4,"amount":250},{"posx":4,"posy":4,"amount":400},{"posx":9,"posy":4,"amount":250},{"posx":6,"posy":5,"amount":350},{"posx":12,"posy":5,"amount":250},{"posx":16,"posy":7,"amount":100}],"changedObstacles":[]},{"players":[{"playerId":5588,"score":1050,"energy":20,"posx":18,"posy":7,"lastAction":2,"status":0},{"playerId":2375363,"score":2550,"energy":35,"posx":6,"posy":5,"lastAction":5,"status":0},{"playerId":2534350,"score":2350,"energy":10,"posx":1,"posy":4,"lastAction":5,"status":0},{"playerId":2256302,"score":0,"energy":28,"posx":13,"posy":3,"lastAction":6,"status":3}],"golds":[{"posx":2,"posy":1,"amount":250},{"posx":1,"posy":4,"amount":200},{"posx":4,"posy":4,"amount":400},{"posx":9,"posy":4,"amount":250},{"posx":6,"posy":5,"amount":300},{"posx":12,"posy":5,"amount":250},{"posx":16,"posy":7,"amount":100}],"changedObstacles":[]},{"players":[{"playerId":5588,"score":1050,"energy":13,"posx":18,"posy":8,"lastAction":3,"status":0},{"playerId":2375363,"score":2600,"energy":30,"posx":6,"posy":5,"lastAction":5,"status":0},{"playerId":2534350,"score":2400,"energy":5,"posx":1,"posy":4,"lastAction":5,"status":0},{"playerId":2256302,"score":0,"energy":28,"posx":13,"posy":3,"lastAction":6,"status":3}],"golds":[{"posx":2,"posy":1,"amount":250},{"posx":1,"posy":4,"amount":150},{"posx":4,"posy":4,"amount":400},{"posx":9,"posy":4,"amount":250},{"posx":6,"posy":5,"amount":250},{"posx":12,"posy":5,"amount":250},{"posx":16,"posy":7,"amount":100}],"changedObstacles":[]},{"players":[{"playerId":5588,"score":1050,"energy":12,"posx":18,"posy":7,"lastAction":2,"status":0},{"playerId":2375363,"score":2650,"energy":25,"posx":6,"posy":5,"lastAction":5,"status":0},{"playerId":2534350,"score":2400,"energy":17,"posx":1,"posy":4,"lastAction":4,"status":0},{"playerId":2256302,"score":0,"energy":28,"posx":13,"posy":3,"lastAction":6,"status":3}],"golds":[{"posx":2,"posy":1,"amount":250},{"posx":1,"posy":4,"amount":150},{"posx":4,"posy":4,"amount":400},{"posx":9,"posy":4,"amount":250},{"posx":6,"posy":5,"amount":200},{"posx":12,"posy":5,"amount":250},{"posx":16,"posy":7,"amount":100}],"changedObstacles":[]},{"players":[{"playerId":5588,"score":1050,"energy":24,"posx":18,"posy":7,"lastAction":4,"status":0},{"playerId":2375363,"score":2700,"energy":20,"posx":6,"posy":5,"lastAction":5,"status":0},{"playerId":2534350,"score":2450,"energy":12,"posx":1,"posy":4,"lastAction":5,"status":0},{"playerId":2256302,"score":0,"energy":28,"posx":13,"posy":3,"lastAction":6,"status":3}],"golds":[{"posx":2,"posy":1,"amount":250},{"posx":1,"posy":4,"amount":100},{"posx":4,"posy":4,"amount":400},{"posx":9,"posy":4,"amount":250},{"posx":6,"posy":5,"amount":150},{"posx":12,"posy":5,"amount":250},{"posx":16,"posy":7,"amount":100}],"changedObstacles":[]},{"players":[{"playerId":5588,"score":1050,"energy":8,"posx":18,"posy":8,"lastAction":3,"status":0},{"playerId":2375363,"score":2750,"energy":15,"posx":6,"posy":5,"lastAction":5,"status":0},{"playerId":2534350,"score":2500,"energy":7,"posx":1,"posy":4,"lastAction":5,"status":0},{"playerId":2256302,"score":0,"energy":28,"posx":13,"posy":3,"lastAction":6,"status":3}],"golds":[{"posx":2,"posy":1,"amount":250},{"posx":1,"posy":4,"amount":50},{"posx":4,"posy":4,"amount":400},{"posx":9,"posy":4,"amount":250},{"posx":6,"posy":5,"amount":100},{"posx":12,"posy":5,"amount":250},{"posx":16,"posy":7,"amount":100}],"changedObstacles":[]},{"players":[{"playerId":5588,"score":1050,"energy":7,"posx":18,"posy":7,"lastAction":2,"status":0},{"playerId":2375363,"score":2800,"energy":10,"posx":6,"posy":5,"lastAction":5,"status":0},{"playerId":2534350,"score":2550,"energy":2,"posx":1,"posy":4,"lastAction":5,"status":0},{"playerId":2256302,"score":0,"energy":28,"posx":13,"posy":3,"lastAction":6,"status":3}],"golds":[{"posx":2,"posy":1,"amount":250},{"posx":4,"posy":4,"amount":400},{"posx":9,"posy":4,"amount":250},{"posx":6,"posy":5,"amount":50},{"posx":12,"posy":5,"amount":250},{"posx":16,"posy":7,"amount":100}],"changedObstacles":[{"type":0,"posx":1,"posy":4,"value":-1}]}]