[{"players":[{"playerId":2663641,"score":0,"energy":49},{"playerId":2611188,"score":0,"energy":49},{"playerId":2268490,"score":0,"energy":49},{"playerId":5722,"score":0,"energy":49}],"golds":[{"posx":4,"posy":4,"amount":400},{"posx":13,"posy":3,"amount":550},{"posx":8,"posy":1,"amount":250},{"posx":16,"posy":7,"amount":100},{"posx":7,"posy":4,"amount":200},{"posx":16,"posy":4,"amount":500},{"posx":9,"posy":4,"amount":250},{"posx":20,"posy":1,"amount":150},{"posx":1,"posy":4,"amount":750},{"posx":8,"posy":4,"amount":300},{"posx":2,"posy":1,"amount":250},{"posx":12,"posy":5,"amount":250},{"posx":19,"posy":6,"amount":300},{"posx":6,"posy":1,"amount":150},{"posx":19,"posy":5,"amount":600},{"posx":5,"posy":3,"amount":650},{"posx":11,"posy":3,"amount":450},{"posx":10,"posy":2,"amount":650},{"posx":11,"posy":2,"amount":300},{"posx":6,"posy":5,"amount":650}],"changedObstacles":[]},{"players":[{"playerId":2663641,"score":0,"energy":39},{"playerId":2611188,"score":0,"energy":39},{"playerId":2268490,"score":0,"energy":39},{"playerId":5722,"score":0,"energy":39}],"golds":[{"posx":4,"posy":4,"amount":400},{"posx":13,"posy":3,"amount":550},{"posx":8,"posy":1,"amount":250},{"posx":16,"posy":7,"amount":100},{"posx":7,"posy":4,"amount":200},{"posx":16,"posy":4,"amount":500},{"posx":9,"posy":4,"amount":250},{"posx":20,"posy":1,"amount":150},{"posx":1,"posy":4,"amount":750},{"posx":8,"posy":4,"amount":300},{"posx":2,"posy":1,"amount":250},{"posx":12,"posy":5,"amount":250},{"posx":19,"posy":6,"amount":300},{"posx":6,"posy":1,"amount":150},{"posx":19,"posy":5,"amount":600},{"posx":5,"posy":3,"amount":650},{"posx":11,"posy":3,"amount":450},{"posx":10,"posy":2,"amount":650},{"posx":11,"posy":2,"amount":300},{"posx":6,"posy":5,"amount":650}],"changedObstacles":[{"type":0,"posx":15,"posy":1,"value":-1},{"type":0,"posx":19,"posy":1,"value":-1}]},{"players":[{"playerId":2663641,"score":0,"energy":38},{"playerId":2611188,"score":0,"energy":38},{"playerId":2268490,"score":0,"energy":38},{"playerId":5722,"score":0,"energy":35}],"golds":[{"posx":4,"posy":4,"amount":400},{"posx":13,"posy":3,"amount":550},{"posx":8,"posy":1,"amount":250},{"posx":16,"posy":7,"amount":100},{"posx":7,"posy":4,"amount":200},{"posx":16,"posy":4,"amount":500},{"posx":9,"posy":4,"amount":250},{"posx":20,"posy":1,"amount":150},{"posx":1,"posy":4,"amount":750},{"posx":8,"posy":4,"amount":300},{"posx":2,"posy":1,"amount":250},{"posx":12,"posy":5,"amount":250},{"posx":19,"posy":6,"amount":300},{"posx":6,"posy":1,"amount":150},{"posx":19,"posy":5,"amount":600},{"posx":5,"posy":3,"amount":650},{"posx":11,"posy":3,"amount":450},{"posx":10,"posy":2,"amount":650},{"posx":11,"posy":2,"amount":300},{"posx":6,"posy":5,"amount":650}],"changedObstacles":[]},{"players":[{"playerId":2663641,"score":0,"energy":37},{"playerId":2611188,"score":0,"energy":37},{"playerId":2268490,"score":0,"energy":37},{"playerId":5722,"score":50,"energy":30}],"golds":[{"posx":2,"posy":1,"amount":250},{"posx":6,"posy":1,"amount":150},{"posx":8,"posy":1,"amount":250},{"posx":20,"posy":1,"amount":100},{"posx":10,"posy":2,"amount":650},{"posx":11,"posy":2,"amount":300},{"posx":5,"posy":3,"amount":650},{"posx":11,"posy":3,"amount":450},{"posx":13,"posy":3,"amount":550},{"posx":1,"posy":4,"amount":750},{"posx":4,"posy":4,"amount":400},{"posx":7,"posy":4,"amount":200},{"posx":8,"posy":4,"amount":300},{"posx":9,"posy":4,"amount":250},{"posx":16,"posy":4,"amount":500},{"posx":6,"posy":5,"amount":650},{"posx":12,"posy":5,"amount":250},{"posx":19,"posy":5,"amount":600},{"posx":19,"posy":6,"amount":300},{"posx":16,"posy":7,"amount":100}],"changedObstacles":[]},{"players":[{"playerId":2663641,"score":0,"energy":20},{"playerId":2611188,"score":0,"energy":32},{"playerId":2268490,"score":0,"energy":31},{"playerId":5722,"score":100,"energy":25}],"golds":[{"posx":2,"posy":1,"amount":250},{"posx":6,"posy":1,"amount":150},{"posx":8,"posy":1,"amount":250},{"posx":20,"posy":1,"amount":50},{"posx":10,"posy":2,"amount":650},{"posx":11,"posy":2,"amount":300},{"posx":5,"posy":3,"amount":650},{"posx":11,"posy":3,"amount":450},{"posx":13,"posy":3,"amount":550},{"posx":1,"posy":4,"amount":750},{"posx":4,"posy":4,"amount":400},{"posx":7,"posy":4,"amount":200},{"posx":8,"posy":4,"amount":300},{"posx":9,"posy":4,"amount":250},{"posx":16,"posy":4,"amount":500},{"posx":6,"posy":5,"amount":650},{"posx":12,"posy":5,"amount":250},{"posx":19,"posy":5,"amount":600},{"posx":19,"posy":6,"amount":300},{"posx":16,"posy":7,"amount":100}],"changedObstacles":[{"type":3,"posx":14,"posy":3,"value":-20}]},{"players":[{"playerId":2663641,"score":0,"energy":19},{"playerId":2611188,"score":0,"energy":28},{"playerId":2268490,"score":0,"energy":30},{"playerId":5722,"score":150,"energy":20}],"golds":[{"posx":2,"posy":1,"amount":250},{"posx":6,"posy":1,"amount":150},{"posx":8,"posy":1,"amount":250},{"posx":10,"posy":2,"amount":650},{"posx":11,"posy":2,"amount":300},{"posx":5,"posy":3,"amount":650},{"posx":11,"posy":3,"amount":450},{"posx":13,"posy":3,"amount":550},{"posx":1,"posy":4,"amount":750},{"posx":4,"posy":4,"amount":400},{"posx":7,"posy":4,"amount":200},{"posx":8,"posy":4,"amount":300},{"posx":9,"posy":4,"amount":250},{"posx":16,"posy":4,"amount":500},{"posx":6,"posy":5,"amount":650},{"posx":12,"posy":5,"amount":250},{"posx":19,"posy":5,"amount":600},{"posx":19,"posy":6,"amount":300},{"posx":16,"posy":7,"amount":100}],"changedObstacles":[{"type":0,"posx":20,"posy":1,"value":-1}]},{"players":[{"playerId":2663641,"score":0,"energy":18},{"playerId":2611188,"score":50,"energy":23},{"playerId":2268490,"score":0,"energy":26},{"playerId":5722,"score":150,"energy":19}],"golds":[{"posx":2,"posy":1,"amount":250},{"posx":6,"posy":1,"amount":150},{"posx":8,"posy":1,"amount":250},{"posx":10,"posy":2,"amount":650},{"posx":11,"posy":2,"amount":300},{"posx":5,"posy":3,"amount":650},{"posx":11,"posy":3,"amount":450},{"posx":13,"posy":3,"amount":500},{"posx":1,"posy":4,"amount":750},{"posx":4,"posy":4,"amount":400},{"posx":7,"posy":4,"amount":200},{"posx":8,"posy":4,"amount":300},{"posx":9,"posy":4,"amount":250},{"posx":16,"posy":4,"amount":500},{"posx":6,"posy":5,"amount":650},{"posx":12,"posy":5,"amount":250},{"posx":19,"posy":5,"amount":600},{"posx":19,"posy":6,"amount":300},{"posx":16,"posy":7,"amount":100}],"changedObstacles":[]},{"players":[{"playerId":2663641,"score":0,"energy":14},{"playerId":2611188,"score":100,"energy":18},{"playerId":2268490,"score":50,"energy":21},{"playerId":5722,"score":150,"energy":18}],"golds":[{"posx":2,"posy":1,"amount":250},{"posx":6,"posy":1,"amount":150},{"posx":8,"posy":1,"amount":250},{"posx":10,"posy":2,"amount":650},{"posx":11,"posy":2,"amount":250},{"posx":5,"posy":3,"amount":650},{"posx":11,"posy":3,"amount":450},{"posx":13,"posy":3,"amount":450},{"posx":1,"posy":4,"amount":750},{"posx":4,"posy":4,"amount":400},{"posx":7,"posy":4,"amount":200},{"posx":8,"posy":4,"amount":300},{"posx":9,"posy":4,"amount":250},{"posx":16,"posy":4,"amount":500},{"posx":6,"posy":5,"amount":650},{"posx":12,"posy":5,"amount":250},{"posx":19,"posy":5,"amount":600},{"posx":19,"posy":6,"amount":300},{"posx":16,"posy":7,"amount":100}],"changedObstacles":[]},{"players":[{"playerId":2663641,"score":50,"energy":9},{"playerId":2611188,"score":150,"energy":13},{"playerId":2268490,"score":100,"energy":16},{"playerId":5722,"score":150,"energy":30}],"golds":[{"posx":2,"posy":1,"amount":250},{"posx":6,"posy":1,"amount":150},{"posx":8,"posy":1,"amount":250},{"posx":10,"posy":2,"amount":650},{"posx":11,"posy":2,"amount":200},{"posx":5,"posy":3,"amount":650},{"posx":11,"posy":3,"amount":400},{"posx":13,"posy":3,"amount":400},{"posx":1,"posy":4,"amount":750},{"posx":4,"posy":4,"amount":400},{"posx":7,"posy":4,"amount":200},{"posx":8,"posy":4,"amount":300},{"posx":9,"posy":4,"amount":250},{"posx":16,"posy":4,"amount":500},{"posx":6,"posy":5,"amount":650},{"posx":12,"posy":5,"amount":250},{"posx":19,"posy":5,"amount":600},{"posx":19,"posy":6,"amount":300},{"posx":16,"posy":7,"amount":100}],"changedObstacles":[]},{"players":[{"playerId":2663641,"score":100,"energy":4},{"playerId":2611188,"score":200,"energy":8},{"playerId":2268490,"score":150,"energy":11},{"playerId":5722,"score":150,"energy":29}],"golds":[{"posx":2,"posy":1,"amount":250},{"posx":6,"posy":1,"amount":150},{"posx":8,"posy":1,"amount":250},{"posx":10,"posy":2,"amount":650},{"posx":11,"posy":2,"amount":150},{"posx":5,"posy":3,"amount":650},{"posx":11,"posy":3,"amount":350},{"posx":13,"posy":3,"amount":350},{"posx":1,"posy":4,"amount":750},{"posx":4,"posy":4,"amount":400},{"posx":7,"posy":4,"amount":200},{"posx":8,"posy":4,"amount":300},{"posx":9,"posy":4,"amount":250},{"posx":16,"posy":4,"amount":500},{"posx":6,"posy":5,"amount":650},{"posx":12,"posy":5,"amount":250},{"posx":19,"posy":5,"amount":600},{"posx":19,"posy":6,"amount":300},{"posx":16,"posy":7,"amount":100}],"changedObstacles":[]},{"players":[{"playerId":2663641,"score":100,"energy":16},{"playerId":2611188,"score":250,"energy":3},{"playerId":2268490,"score":200,"energy":6},{"playerId":5722,"score":150,"energy":28}],"golds":[{"posx":2,"posy":1,"amount":250},{"posx":6,"posy":1,"amount":150},{"posx":8,"posy":1,"amount":250},{"posx":10,"posy":2,"amount":650},{"posx":11,"posy":2,"amount":100},{"posx":5,"posy":3,"amount":650},{"posx":11,"posy":3,"amount":350},{"posx":13,"posy":3,"amount":300},{"posx":1,"posy":4,"amount":750},{"posx":4,"posy":4,"amount":400},{"posx":7,"posy":4,"amount":200},{"posx":8,"posy":4,"amount":300},{"posx":9,"posy":4,"amount":250},{"posx":16,"posy":4,"amount":500},{"posx":6,"posy":5,"amount":650},{"posx":12,"posy":5,"amount":250},{"posx":19,"posy":5,"amount":600},{"posx":19,"posy":6,"amount":300},{"posx":16,"posy":7,"amount":100}],"changedObstacles":[]},{"players":[{"playerId":2663641,"score":100,"energy":32},{"playerId":2611188,"score":250,"energy":15},{"playerId":2268490,"score":200,"energy":18},{"playerId":5722,"score":150,"energy":27}],"golds":[{"posx":2,"posy":1,"amount":250},{"posx":6,"posy":1,"amount":150},{"posx":8,"posy":1,"amount":250},{"posx":10,"posy":2,"amount":650},{"posx":11,"posy":2,"amount":100},{"posx":5,"posy":3,"amount":650},{"posx":11,"posy":3,"amount":350},{"posx":13,"posy":3,"amount":300},{"posx":1,"posy":4,"amount":750},{"posx":4,"posy":4,"amount":400},{"posx":7,"posy":4,"amount":200},{"posx":8,"posy":4,"amount":300},{"posx":9,"posy":4,"amount":250},{"posx":16,"posy":4,"amount":500},{"posx":6,"posy":5,"amount":650},{"posx":12,"posy":5,"amount":250},{"posx":19,"posy":5,"amount":600},{"posx":19,"posy":6,"amount":300},{"posx":16,"posy":7,"amount":100}],"changedObstacles":[]},{"players":[{"playerId":2663641,"score":150,"energy":27},{"playerId":2611188,"score":250,"energy":31},{"playerId":2268490,"score":200,"energy":34},{"playerId":5722,"score":150,"energy":26}],"golds":[{"posx":2,"posy":1,"amount":250},{"posx":6,"posy":1,"amount":150},{"posx":8,"posy":1,"amount":250},{"posx":10,"posy":2,"amount":650},{"posx":11,"posy":2,"amount":100},{"posx":5,"posy":3,"amount":650},{"posx":11,"posy":3,"amount":300},{"posx":13,"posy":3,"amount":300},{"posx":1,"posy":4,"amount":750},{"posx":4,"posy":4,"amount":400},{"posx":7,"posy":4,"amount":200},{"posx":8,"posy":4,"amount":300},{"posx":9,"posy":4,"amount":250},{"posx":16,"posy":4,"amount":500},{"posx":6,"posy":5,"amount":650},{"posx":12,"posy":5,"amount":250},{"posx":19,"posy":5,"amount":600},{"posx":19,"posy":6,"amount":300},{"posx":16,"posy":7,"amount":100}],"changedObstacles":[]},{"players":[{"playerId":2663641,"score":200,"energy":22},{"playerId":2611188,"score":250,"energy":50},{"playerId":2268490,"score":250,"energy":29},{"playerId":5722,"score":150,"energy":25}],"golds":[{"posx":2,"posy":1,"amount":250},{"posx":6,"posy":1,"amount":150},{"posx":8,"posy":1,"amount":250},{"posx":10,"posy":2,"amount":650},{"posx":11,"posy":2,"amount":50},{"posx":5,"posy":3,"amount":650},{"posx":11,"posy":3,"amount":250},{"posx":13,"posy":3,"amount":300},{"posx":1,"posy":4,"amount":750},{"posx":4,"posy":4,"amount":400},{"posx":7,"posy":4,"amount":200},{"posx":8,"posy":4,"amount":300},{"posx":9,"posy":4,"amount":250},{"posx":16,"posy":4,"amount":500},{"posx":6,"posy":5,"amount":650},{"posx":12,"posy":5,"amount":250},{"posx":19,"posy":5,"amount":600},{"posx":19,"posy":6,"amount":300},{"posx":16,"posy":7,"amount":100}],"changedObstacles":[]},{"players":[{"playerId":2663641,"score":250,"energy":17},{"playerId":2611188,"score":300,"energy":45},{"playerId":2268490,"score":300,"energy":24},{"playerId":5722,"score":150,"energy":24}],"golds":[{"posx":2,"posy":1,"amount":250},{"posx":6,"posy":1,"amount":150},{"posx":8,"posy":1,"amount":250},{"posx":10,"posy":2,"amount":650},{"posx":5,"posy":3,"amount":650},{"posx":11,"posy":3,"amount":200},{"posx":13,"posy":3,"amount":250},{"posx":1,"posy":4,"amount":750},{"posx":4,"posy":4,"amount":400},{"posx":7,"posy":4,"amount":200},{"posx":8,"posy":4,"amount":300},{"posx":9,"posy":4,"amount":250},{"posx":16,"posy":4,"amount":500},{"posx":6,"posy":5,"amount":650},{"posx":12,"posy":5,"amount":250},{"posx":19,"posy":5,"amount":600},{"posx":19,"posy":6,"amount":300},{"posx":16,"posy":7,"amount":100}],"changedObstacles":[{"type":0,"posx":11,"posy":2,"value":-1}]},{"players":[{"playerId":2663641,"score":300,"energy":12},{"playerId":2611188,"score":350,"energy":40},{"playerId":2268490,"score":300,"energy":20},{"playerId":5722,"score":150,"energy":23}],"golds":[{"posx":2,"posy":1,"amount":250},{"posx":6,"posy":1,"amount":150},{"posx":8,"posy":1,"amount":250},{"posx":10,"posy":2,"amount":650},{"posx":5,"posy":3,"amount":650},{"posx":11,"posy":3,"amount":150},{"posx":13,"posy":3,"amount":200},{"posx":1,"posy":4,"amount":750},{"posx":4,"posy":4,"amount":400},{"posx":7,"posy":4,"amount":200},{"posx":8,"posy":4,"amount":300},{"posx":9,"posy":4,"amount":250},{"posx":16,"posy":4,"amount":500},{"posx":6,"posy":5,"amount":650},{"posx":12,"posy":5,"amount":250},{"posx":19,"posy":5,"amount":600},{"posx":19,"posy":6,"amount":300},{"posx":16,"posy":7,"amount":100}],"changedObstacles":[]},{"players":[{"playerId":2663641,"score":350,"energy":7},{"playerId":2611188,"score":400,"energy":35},{"playerId":2268490,"score":350,"energy":15},{"playerId":5722,"score":150,"energy":22}],"golds":[{"posx":2,"posy":1,"amount":250},{"posx":6,"posy":1,"amount":150},{"posx":8,"posy":1,"amount":250},{"posx":10,"posy":2,"amount":600},{"posx":5,"posy":3,"amount":650},{"posx":11,"posy":3,"amount":100},{"posx":13,"posy":3,"amount":150},{"posx":1,"posy":4,"amount":750},{"posx":4,"posy":4,"amount":400},{"posx":7,"posy":4,"amount":200},{"posx":8,"posy":4,"amount":300},{"posx":9,"posy":4,"amount":250},{"posx":16,"posy":4,"amount":500},{"posx":6,"posy":5,"amount":650},{"posx":12,"posy":5,"amount":250},{"posx":19,"posy":5,"amount":600},{"posx":19,"posy":6,"amount":300},{"posx":16,"posy":7,"amount":100}],"changedObstacles":[]},{"players":[{"playerId":2663641,"score":400,"energy":2},{"playerId":2611188,"score":450,"energy":30},{"playerId":2268490,"score":400,"energy":10},{"playerId":5722,"score":150,"energy":21}],"golds":[{"posx":2,"posy":1,"amount":250},{"posx":6,"posy":1,"amount":150},{"posx":8,"posy":1,"amount":250},{"posx":10,"posy":2,"amount":550},{"posx":5,"posy":3,"amount":650},{"posx":11,"posy":3,"amount":50},{"posx":13,"posy":3,"amount":100},{"posx":1,"posy":4,"amount":750},{"posx":4,"posy":4,"amount":400},{"posx":7,"posy":4,"amount":200},{"posx":8,"posy":4,"amount":300},{"posx":9,"posy":4,"amount":250},{"posx":16,"posy":4,"amount":500},{"posx":6,"posy":5,"amount":650},{"posx":12,"posy":5,"amount":250},{"posx":19,"posy":5,"amount":600},{"posx":19,"posy":6,"amount":300},{"posx":16,"posy":7,"amount":100}],"changedObstacles":[]},{"players":[{"playerId":2663641,"score":400,"energy":14},{"playerId":2611188,"score":500,"energy":25},{"playerId":2268490,"score":450,"energy":5},{"playerId":5722,"score":150,"energy":20}],"golds":[{"posx":2,"posy":1,"amount":250},{"posx":6,"posy":1,"amount":150},{"posx":8,"posy":1,"amount":250},{"posx":10,"posy":2,"amount":500},{"posx":5,"posy":3,"amount":650},{"posx":11,"posy":3,"amount":50},{"posx":13,"posy":3,"amount":50},{"posx":1,"posy":4,"amount":750},{"posx":4,"posy":4,"amount":400},{"posx":7,"posy":4,"amount":200},{"posx":8,"posy":4,"amount":300},{"posx":9,"posy":4,"amount":250},{"posx":16,"posy":4,"amount":500},{"posx":6,"posy":5,"amount":650},{"posx":12,"posy":5,"amount":250},{"posx":19,"posy":5,"amount":600},{"posx":19,"posy":6,"amount":300},{"posx":16,"posy":7,"amount":100}],"changedObstacles":[]},{"players":[{"playerId":2663641,"score":450,"energy":9},{"playerId":2611188,"score":550,"energy":20},{"playerId":2268490,"score":450,"energy":17},{"playerId":5722,"score":150,"energy":19}],"golds":[{"posx":2,"posy":1,"amount":250},{"posx":6,"posy":1,"amount":150},{"posx":8,"posy":1,"amount":250},{"posx":10,"posy":2,"amount":500},{"posx":5,"posy":3,"amount":650},{"posx":1,"posy":4,"amount":750},{"posx":4,"posy":4,"amount":400},{"posx":7,"posy":4,"amount":200},{"posx":8,"posy":4,"amount":300},{"posx":9,"posy":4,"amount":250},{"posx":16,"posy":4,"amount":500},{"posx":6,"posy":5,"amount":650},{"posx":12,"posy":5,"amount":250},{"posx":19,"posy":5,"amount":600},{"posx":19,"posy":6,"amount":300},{"posx":16,"posy":7,"amount":100}],"changedObstacles":[{"type":0,"posx":13,"posy":3,"value":-1},{"type":0,"posx":11,"posy":3,"value":-1}]},{"players":[{"playerId":2663641,"score":450,"energy":8},{"playerId":2611188,"score":550,"energy":19},{"playerId":2268490,"score":450,"energy":33},{"playerId":5722,"score":150,"energy":18}],"golds":[{"posx":2,"posy":1,"amount":250},{"posx":6,"posy":1,"amount":150},{"posx":8,"posy":1,"amount":250},{"posx":10,"posy":2,"amount":500},{"posx":5,"posy":3,"amount":650},{"posx":1,"posy":4,"amount":750},{"posx":4,"posy":4,"amount":400},{"posx":7,"posy":4,"amount":200},{"posx":8,"posy":4,"amount":300},{"posx":9,"posy":4,"amount":250},{"posx":16,"posy":4,"amount":500},{"posx":6,"posy":5,"amount":650},{"posx":12,"posy":5,"amount":250},{"posx":19,"posy":5,"amount":600},{"posx":19,"posy":6,"amount":300},{"posx":16,"posy":7,"amount":100}],"changedObstacles":[]},{"players":[{"playerId":2663641,"score":450,"energy":20},{"playerId":2611188,"score":550,"energy":18},{"playerId":2268490,"score":500,"energy":28},{"playerId":5722,"score":150,"energy":30}],"golds":[{"posx":2,"posy":1,"amount":250},{"posx":6,"posy":1,"amount":150},{"posx":8,"posy":1,"amount":250},{"posx":10,"posy":2,"amount":450},{"posx":5,"posy":3,"amount":650},{"posx":1,"posy":4,"amount":750},{"posx":4,"posy":4,"amount":400},{"posx":7,"posy":4,"amount":200},{"posx":8,"posy":4,"amount":300},{"posx":9,"posy":4,"amount":250},{"posx":16,"posy":4,"amount":500},{"posx":6,"posy":5,"amount":650},{"posx":12,"posy":5,"amount":250},{"posx":19,"posy":5,"amount":600},{"posx":19,"posy":6,"amount":300},{"posx":16,"posy":7,"amount":100}],"changedObstacles":[]},{"players":[{"playerId":2663641,"score":450,"energy":36},{"playerId":2611188,"score":550,"energy":17},{"playerId":2268490,"score":550,"energy":23},{"playerId":5722,"score":150,"energy":29}],"golds":[{"posx":2,"posy":1,"amount":250},{"posx":6,"posy":1,"amount":150},{"posx":8,"posy":1,"amount":250},{"posx":10,"posy":2,"amount":400},{"posx":5,"posy":3,"amount":650},{"posx":1,"posy":4,"amount":750},{"posx":4,"posy":4,"amount":400},{"posx":7,"posy":4,"amount":200},{"posx":8,"posy":4,"amount":300},{"posx":9,"posy":4,"amount":250},{"posx":16,"posy":4,"amount":500},{"posx":6,"posy":5,"amount":650},{"posx":12,"posy":5,"amount":250},{"posx":19,"posy":5,"amount":600},{"posx":19,"posy":6,"amount":300},{"posx":16,"posy":7,"amount":100}],"changedObstacles":[]},{"players":[{"playerId":2663641,"score":450,"energy":19},{"playerId":2611188,"score":550,"energy":13},{"playerId":2268490,"score":600,"energy":18},{"playerId":5722,"score":150,"energy":28}],"golds":[{"posx":2,"posy":1,"amount":250},{"posx":6,"posy":1,"amount":150},{"posx":8,"posy":1,"amount":250},{"posx":10,"posy":2,"amount":350},{"posx":5,"posy":3,"amount":650},{"posx":1,"posy":4,"amount":750},{"posx":4,"posy":4,"amount":400},{"posx":7,"posy":4,"amount":200},{"posx":8,"posy":4,"amount":300},{"posx":9,"posy":4,"amount":250},{"posx":16,"posy":4,"amount":500},{"posx":6,"posy":5,"amount":650},{"posx":12,"posy":5,"amount":250},{"posx":19,"posy":5,"amount":600},{"posx":19,"posy":6,"amount":300},{"posx":16,"posy":7,"amount":100}],"changedObstacles":[]},{"players":[{"playerId":2663641,"score":450,"energy":18},{"playerId":2611188,"score":600,"energy":8},{"playerId":2268490,"score":650,"energy":13},{"playerId":5722,"score":150,"energy":27}],"golds":[{"posx":2,"posy":1,"amount":250},{"posx":6,"posy":1,"amount":150},{"posx":8,"posy":1,"amount":250},{"posx":10,"posy":2,"amount":250},{"posx":5,"posy":3,"amount":650},{"posx":1,"posy":4,"amount":750},{"posx":4,"posy":4,"amount":400},{"posx":7,"posy":4,"amount":200},{"posx":8,"posy":4,"amount":300},{"posx":9,"posy":4,"amount":250},{"posx":16,"posy":4,"amount":500},{"posx":6,"posy":5,"amount":650},{"posx":12,"posy":5,"amount":250},{"posx":19,"posy":5,"amount":600},{"posx":19,"posy":6,"amount":300},{"posx":16,"posy":7,"amount":100}],"changedObstacles":[]},{"players":[{"playerId":2663641,"score":450,"energy":13},{"playerId":2611188,"score":650,"energy":3},{"playerId":2268490,"score":700,"energy":8},{"playerId":5722,"score":150,"energy":26}],"golds":[{"posx":2,"posy":1,"amount":250},{"posx":6,"posy":1,"amount":150},{"posx":8,"posy":1,"amount":250},{"posx":10,"posy":2,"amount":150},{"posx":5,"posy":3,"amount":650},{"posx":1,"posy":4,"amount":750},{"posx":4,"posy":4,"amount":400},{"posx":7,"posy":4,"amount":200},{"posx":8,"posy":4,"amount":300},{"posx":9,"posy":4,"amount":250},{"posx":16,"posy":4,"amount":500},{"posx":6,"posy":5,"amount":650},{"posx":12,"posy":5,"amount":250},{"posx":19,"posy":5,"amount":600},{"posx":19,"posy":6,"amount":300},{"posx":16,"posy":7,"amount":100}],"changedObstacles":[{"type":3,"posx":7,"posy":3,"value":-20}]},{"players":[{"playerId":2663641,"score":450,"energy":12},{"playerId":2611188,"score":650,"energy":15},{"playerId":2268490,"score":750,"energy":3},{"playerId":5722,"score":150,"energy":25}],"golds":[{"posx":2,"posy":1,"amount":250},{"posx":6,"posy":1,"amount":150},{"posx":8,"posy":1,"amount":250},{"posx":10,"posy":2,"amount":100},{"posx":5,"posy":3,"amount":650},{"posx":1,"posy":4,"amount":750},{"posx":4,"posy":4,"amount":400},{"posx":7,"posy":4,"amount":200},{"posx":8,"posy":4,"amount":300},{"posx":9,"posy":4,"amount":250},{"posx":16,"posy":4,"amount":500},{"posx":6,"posy":5,"amount":650},{"posx":12,"posy":5,"amount":250},{"posx":19,"posy":5,"amount":600},{"posx":19,"posy":6,"amount":300},{"posx":16,"posy":7,"amount":100}],"changedObstacles":[]},{"players":[{"playerId":2663641,"score":450,"energy":8},{"playerId":2611188,"score":650,"energy":31},{"playerId":2268490,"score":750,"energy":15},{"playerId":5722,"score":150,"energy":24}],"golds":[{"posx":2,"posy":1,"amount":250},{"posx":6,"posy":1,"amount":150},{"posx":8,"posy":1,"amount":250},{"posx":10,"posy":2,"amount":100},{"posx":5,"posy":3,"amount":650},{"posx":1,"posy":4,"amount":750},{"posx":4,"posy":4,"amount":400},{"posx":7,"posy":4,"amount":200},{"posx":8,"posy":4,"amount":300},{"posx":9,"posy":4,"amount":250},{"posx":16,"posy":4,"amount":500},{"posx":6,"posy":5,"amount":650},{"posx":12,"posy":5,"amount":250},{"posx":19,"posy":5,"amount":600},{"posx":19,"posy":6,"amount":300},{"posx":16,"posy":7,"amount":100}],"changedObstacles":[]},{"players":[{"playerId":2663641,"score":500,"energy":3},{"playerId":2611188,"score":700,"energy":26},{"playerId":2268490,"score":750,"energy":31},{"playerId":5722,"score":150,"energy":23}],"golds":[{"posx":2,"posy":1,"amount":250},{"posx":6,"posy":1,"amount":150},{"posx":8,"posy":1,"amount":250},{"posx":10,"posy":2,"amount":50},{"posx":5,"posy":3,"amount":600},{"posx":1,"posy":4,"amount":750},{"posx":4,"posy":4,"amount":400},{"posx":7,"posy":4,"amount":200},{"posx":8,"posy":4,"amount":300},{"posx":9,"posy":4,"amount":250},{"posx":16,"posy":4,"amount":500},{"posx":6,"posy":5,"amount":650},{"posx":12,"posy":5,"amount":250},{"posx":19,"posy":5,"amount":600},{"posx":19,"posy":6,"amount":300},{"posx":16,"posy":7,"amount":100}],"changedObstacles":[]},{"players":[{"playerId":2663641,"score":500,"energy":15},{"playerId":2611188,"score":725,"energy":21},{"playerId":2268490,"score":775,"energy":26},{"playerId":5722,"score":150,"energy":22}],"golds":[{"posx":2,"posy":1,"amount":250},{"posx":6,"posy":1,"amount":150},{"posx":8,"posy":1,"amount":250},{"posx":5,"posy":3,"amount":600},{"posx":1,"posy":4,"amount":750},{"posx":4,"posy":4,"amount":400},{"posx":7,"posy":4,"amount":200},{"posx":8,"posy":4,"amount":300},{"posx":9,"posy":4,"amount":250},{"posx":16,"posy":4,"amount":500},{"posx":6,"posy":5,"amount":650},{"posx":12,"posy":5,"amount":250},{"posx":19,"posy":5,"amount":600},{"posx":19,"posy":6,"amount":300},{"posx":16,"posy":7,"amount":100}],"changedObstacles":[{"type":0,"posx":10,"posy":2,"value":-1}]},{"players":[{"playerId":2663641,"score":550,"energy":10},{"playerId":2611188,"score":725,"energy":20},{"playerId":2268490,"score":775,"energy":25},{"playerId":5722,"score":150,"energy":21}],"golds":[{"posx":2,"posy":1,"amount":250},{"posx":6,"posy":1,"amount":150},{"posx":8,"posy":1,"amount":250},{"posx":5,"posy":3,"amount":550},{"posx":1,"posy":4,"amount":750},{"posx":4,"posy":4,"amount":400},{"posx":7,"posy":4,"amount":200},{"posx":8,"posy":4,"amount":300},{"posx":9,"posy":4,"amount":250},{"posx":16,"posy":4,"amount":500},{"posx":6,"posy":5,"amount":650},{"posx":12,"posy":5,"amount":250},{"posx":19,"posy":5,"amount":600},{"posx":19,"posy":6,"amount":300},{"posx":16,"posy":7,"amount":100}],"changedObstacles":[]},{"players":[{"playerId":2663641,"score":600,"energy":5},{"playerId":2611188,"score":725,"energy":10},{"playerId":2268490,"score":775,"energy":12},{"playerId":5722,"score":150,"energy":20}],"golds":[{"posx":2,"posy":1,"amount":250},{"posx":6,"posy":1,"amount":150},{"posx":8,"posy":1,"amount":250},{"posx":5,"posy":3,"amount":500},{"posx":1,"posy":4,"amount":750},{"posx":4,"posy":4,"amount":400},{"posx":7,"posy":4,"amount":200},{"posx":8,"posy":4,"amount":300},{"posx":9,"posy":4,"amount":250},{"posx":16,"posy":4,"amount":500},{"posx":6,"posy":5,"amount":650},{"posx":12,"posy":5,"amount":250},{"posx":19,"posy":5,"amount":600},{"posx":19,"posy":6,"amount":300},{"posx":16,"posy":7,"amount":100}],"changedObstacles":[{"type":0,"posx":10,"posy":4,"value":-1}]},{"players":[{"playerId":2663641,"score":600,"energy":17},{"playerId":2611188,"score":725,"energy":6},{"playerId":2268490,"score":775,"energy":8},{"playerId":5722,"score":150,"energy":19}],"golds":[{"posx":2,"posy":1,"amount":250},{"posx":6,"posy":1,"amount":150},{"posx":8,"posy":1,"amount":250},{"posx":5,"posy":3,"amount":500},{"posx":1,"posy":4,"amount":750},{"posx":4,"posy":4,"amount":400},{"posx":7,"posy":4,"amount":200},{"posx":8,"posy":4,"amount":300},{"posx":9,"posy":4,"amount":250},{"posx":16,"posy":4,"amount":500},{"posx":6,"posy":5,"amount":650},{"posx":12,"posy":5,"amount":250},{"posx":19,"posy":5,"amount":600},{"posx":19,"posy":6,"amount":300},{"posx":16,"posy":7,"amount":100}],"changedObstacles":[]},{"players":[{"playerId":2663641,"score":600,"energy":33},{"playerId":2611188,"score":775,"energy":1},{"playerId":2268490,"score":825,"energy":3},{"playerId":5722,"score":150,"energy":18}],"golds":[{"posx":2,"posy":1,"amount":250},{"posx":6,"posy":1,"amount":150},{"posx":8,"posy":1,"amount":250},{"posx":5,"posy":3,"amount":500},{"posx":1,"posy":4,"amount":750},{"posx":4,"posy":4,"amount":400},{"posx":7,"posy":4,"amount":200},{"posx":8,"posy":4,"amount":300},{"posx":9,"posy":4,"amount":150},{"posx":16,"posy":4,"amount":500},{"posx":6,"posy":5,"amount":650},{"posx":12,"posy":5,"amount":250},{"posx":19,"posy":5,"amount":600},{"posx":19,"posy":6,"amount":300},{"posx":16,"posy":7,"amount":100}],"changedObstacles":[]},{"players":[{"playerId":2663641,"score":650,"energy":28},{"playerId":2611188,"score":775,"energy":13},{"playerId":2268490,"score":825,"energy":15},{"playerId":5722,"score":150,"energy":30}],"golds":[{"posx":2,"posy":1,"amount":250},{"posx":6,"posy":1,"amount":150},{"posx":8,"posy":1,"amount":250},{"posx":5,"posy":3,"amount":450},{"posx":1,"posy":4,"amount":750},{"posx":4,"posy":4,"amount":400},{"posx":7,"posy":4,"amount":200},{"posx":8,"posy":4,"amount":300},{"posx":9,"posy":4,"amount":150},{"posx":16,"posy":4,"amount":500},{"posx":6,"posy":5,"amount":650},{"posx":12,"posy":5,"amount":250},{"posx":19,"posy":5,"amount":600},{"posx":19,"posy":6,"amount":300},{"posx":16,"posy":7,"amount":100}],"changedObstacles":[]},{"players":[{"playerId":2663641,"score":700,"energy":23},{"playerId":2611188,"score":775,"energy":29},{"playerId":2268490,"score":825,"energy":31},{"playerId":5722,"score":150,"energy":29}],"golds":[{"posx":2,"posy":1,"amount":250},{"posx":6,"posy":1,"amount":150},{"posx":8,"posy":1,"amount":250},{"posx":5,"posy":3,"amount":400},{"posx":1,"posy":4,"amount":750},{"posx":4,"posy":4,"amount":400},{"posx":7,"posy":4,"amount":200},{"posx":8,"posy":4,"amount":300},{"posx":9,"posy":4,"amount":150},{"posx":16,"posy":4,"amount":500},{"posx":6,"posy":5,"amount":650},{"posx":12,"posy":5,"amount":250},{"posx":19,"posy":5,"amount":600},{"posx":19,"posy":6,"amount":300},{"posx":16,"posy":7,"amount":100}],"changedObstacles":[]},{"players":[{"playerId":2663641,"score":750,"energy":18},{"playerId":2611188,"score":825,"energy":24},{"playerId":2268490,"score":875,"energy":26},{"playerId":5722,"score":150,"energy":28}],"golds":[{"posx":2,"posy":1,"amount":250},{"posx":6,"posy":1,"amount":150},{"posx":8,"posy":1,"amount":250},{"posx":5,"posy":3,"amount":350},{"posx":1,"posy":4,"amount":750},{"posx":4,"posy":4,"amount":400},{"posx":7,"posy":4,"amount":200},{"posx":8,"posy":4,"amount":300},{"posx":9,"posy":4,"amount":50},{"posx":16,"posy":4,"amount":500},{"posx":6,"posy":5,"amount":650},{"posx":12,"posy":5,"amount":250},{"posx":19,"posy":5,"amount":600},{"posx":19,"posy":6,"amount":300},{"posx":16,"posy":7,"amount":100}],"changedObstacles":[]},{"players":[{"playerId":2663641,"score":800,"energy":13},{"playerId":2611188,"score":850,"energy":19},{"playerId":2268490,"score":900,"energy":21},{"playerId":5722,"score":150,"energy":27}],"golds":[{"posx":2,"posy":1,"amount":250},{"posx":6,"posy":1,"amount":150},{"posx":8,"posy":1,"amount":250},{"posx":5,"posy":3,"amount":300},{"posx":1,"posy":4,"amount":750},{"posx":4,"posy":4,"amount":400},{"posx":7,"posy":4,"amount":200},{"posx":8,"posy":4,"amount":300},{"posx":16,"posy":4,"amount":500},{"posx":6,"posy":5,"amount":650},{"posx":12,"posy":5,"amount":250},{"posx":19,"posy":5,"amount":600},{"posx":19,"posy":6,"amount":300},{"posx":16,"posy":7,"amount":100}],"changedObstacles":[{"type":0,"posx":9,"posy":4,"value":-1}]},{"players":[{"playerId":2663641,"score":850,"energy":8},{"playerId":2611188,"score":850,"energy":15},{"playerId":2268490,"score":900,"energy":17},{"playerId":5722,"score":150,"energy":26}],"golds":[{"posx":2,"posy":1,"amount":250},{"posx":6,"posy":1,"amount":150},{"posx":8,"posy":1,"amount":250},{"posx":5,"posy":3,"amount":250},{"posx":1,"posy":4,"amount":750},{"posx":4,"posy":4,"amount":400},{"posx":7,"posy":4,"amount":200},{"posx":8,"posy":4,"amount":300},{"posx":16,"posy":4,"amount":500},{"posx":6,"posy":5,"amount":650},{"posx":12,"posy":5,"amount":250},{"posx":19,"posy":5,"amount":600},{"posx":19,"posy":6,"amount":300},{"posx":16,"posy":7,"amount":100}],"changedObstacles":[]},{"players":[{"playerId":2663641,"score":900,"energy":3},{"playerId":2611188,"score":900,"energy":10},{"playerId":2268490,"score":950,"energy":12},{"playerId":5722,"score":150,"energy":25}],"golds":[{"posx":2,"posy":1,"amount":250},{"posx":6,"posy":1,"amount":150},{"posx":8,"posy":1,"amount":250},{"posx":5,"posy":3,"amount":200},{"posx":1,"posy":4,"amount":750},{"posx":4,"posy":4,"amount":400},{"posx":7,"posy":4,"amount":200},{"posx":8,"posy":4,"amount":200},{"posx":16,"posy":4,"amount":500},{"posx":6,"posy":5,"amount":650},{"posx":12,"posy":5,"amount":250},{"posx":19,"posy":5,"amount":600},{"posx":19,"posy":6,"amount":300},{"posx":16,"posy":7,"amount":100}],"changedObstacles":[]},{"players":[{"playerId":2663641,"score":900,"energy":15},{"playerId":2611188,"score":950,"energy":5},{"playerId":2268490,"score":1000,"energy":7},{"playerId":5722,"score":150,"energy":24}],"golds":[{"posx":2,"posy":1,"amount":250},{"posx":6,"posy":1,"amount":150},{"posx":8,"posy":1,"amount":250},{"posx":5,"posy":3,"amount":200},{"posx":1,"posy":4,"amount":750},{"posx":4,"posy":4,"amount":400},{"posx":7,"posy":4,"amount":200},{"posx":8,"posy":4,"amount":100},{"posx":16,"posy":4,"amount":500},{"posx":6,"posy":5,"amount":650},{"posx":12,"posy":5,"amount":250},{"posx":19,"posy":5,"amount":600},{"posx":19,"posy":6,"amount":300},{"posx":16,"posy":7,"amount":100}],"changedObstacles":[]},{"players":[{"playerId":2663641,"score":900,"energy":31},{"playerId":2611188,"score":950,"energy":17},{"playerId":2268490,"score":1050,"energy":2},{"playerId":5722,"score":150,"energy":23}],"golds":[{"posx":2,"posy":1,"amount":250},{"posx":6,"posy":1,"amount":150},{"posx":8,"posy":1,"amount":250},{"posx":5,"posy":3,"amount":200},{"posx":1,"posy":4,"amount":750},{"posx":4,"posy":4,"amount":400},{"posx":7,"posy":4,"amount":200},{"posx":8,"posy":4,"amount":50},{"posx":16,"posy":4,"amount":500},{"posx":6,"posy":5,"amount":650},{"posx":12,"posy":5,"amount":250},{"posx":19,"posy":5,"amount":600},{"posx":19,"posy":6,"amount":300},{"posx":16,"posy":7,"amount":100}],"changedObstacles":[]},{"players":[{"playerId":2663641,"score":950,"energy":26},{"playerId":2611188,"score":950,"energy":33},{"playerId":2268490,"score":1050,"energy":14},{"playerId":5722,"score":150,"energy":22}],"golds":[{"posx":2,"posy":1,"amount":250},{"posx":6,"posy":1,"amount":150},{"posx":8,"posy":1,"amount":250},{"posx":5,"posy":3,"amount":150},{"posx":1,"posy":4,"amount":750},{"posx":4,"posy":4,"amount":400},{"posx":7,"posy":4,"amount":200},{"posx":8,"posy":4,"amount":50},{"posx":16,"posy":4,"amount":500},{"posx":6,"posy":5,"amount":650},{"posx":12,"posy":5,"amount":250},{"posx":19,"posy":5,"amount":600},{"posx":19,"posy":6,"amount":300},{"posx":16,"posy":7,"amount":100}],"changedObstacles":[]},{"players":[{"playerId":2663641,"score":1000,"energy":21},{"playerId":2611188,"score":1000,"energy":28},{"playerId":2268490,"score":1050,"energy":30},{"playerId":5722,"score":150,"energy":21}],"golds":[{"posx":2,"posy":1,"amount":250},{"posx":6,"posy":1,"amount":150},{"posx":8,"posy":1,"amount":250},{"posx":5,"posy":3,"amount":100},{"posx":1,"posy":4,"amount":750},{"posx":4,"posy":4,"amount":400},{"posx":7,"posy":4,"amount":200},{"posx":16,"posy":4,"amount":500},{"posx":6,"posy":5,"amount":650},{"posx":12,"posy":5,"amount":250},{"posx":19,"posy":5,"amount":600},{"posx":19,"posy":6,"amount":300},{"posx":16,"posy":7,"amount":100}],"changedObstacles":[{"type":0,"posx":8,"posy":4,"value":-1}]},{"players":[{"playerId":2663641,"score":1050,"energy":16},{"playerId":2611188,"score":1000,"energy":27},{"playerId":2268490,"score":1050,"energy":20},{"playerId":5722,"score":150,"energy":20}],"golds":[{"posx":2,"posy":1,"amount":250},{"posx":6,"posy":1,"amount":150},{"posx":8,"posy":1,"amount":250},{"posx":5,"posy":3,"amount":50},{"posx":1,"posy":4,"amount":750},{"posx":4,"posy":4,"amount":400},{"posx":7,"posy":4,"amount":200},{"posx":16,"posy":4,"amount":500},{"posx":6,"posy":5,"amount":650},{"posx":12,"posy":5,"amount":250},{"posx":19,"posy":5,"amount":600},{"posx":19,"posy":6,"amount":300},{"posx":16,"posy":7,"amount":100}],"changedObstacles":[]},{"players":[{"playerId":2663641,"score":1100,"energy":11},{"playerId":2611188,"score":1000,"energy":17},{"playerId":2268490,"score":1050,"energy":16},{"playerId":5722,"score":150,"energy":19}],"golds":[{"posx":2,"posy":1,"amount":250},{"posx":6,"posy":1,"amount":150},{"posx":8,"posy":1,"amount":250},{"posx":1,"posy":4,"amount":750},{"posx":4,"posy":4,"amount":400},{"posx":7,"posy":4,"amount":200},{"posx":16,"posy":4,"amount":500},{"posx":6,"posy":5,"amount":650},{"posx":12,"posy":5,"amount":250},{"posx":19,"posy":5,"amount":600},{"posx":19,"posy":6,"amount":300},{"posx":16,"posy":7,"amount":100}],"changedObstacles":[{"type":0,"posx":7,"posy":5,"value":-1},{"type":0,"posx":5,"posy":3,"value":-1}]},{"players":[{"playerId":2663641,"score":1100,"energy":23},{"playerId":2611188,"score":1000,"energy":13},{"playerId":2268490,"score":1100,"energy":11},{"playerId":5722,"score":150,"energy":18}],"golds":[{"posx":2,"posy":1,"amount":250},{"posx":6,"posy":1,"amount":150},{"posx":8,"posy":1,"amount":250},{"posx":1,"posy":4,"amount":750},{"posx":4,"posy":4,"amount":400},{"posx":7,"posy":4,"amount":150},{"posx":16,"posy":4,"amount":500},{"posx":6,"posy":5,"amount":650},{"posx":12,"posy":5,"amount":250},{"posx":19,"posy":5,"amount":600},{"posx":19,"posy":6,"amount":300},{"posx":16,"posy":7,"amount":100}],"changedObstacles":[]},{"players":[{"playerId":2663641,"score":1100,"energy":39},{"playerId":2611188,"score":1050,"energy":8},{"playerId":2268490,"score":1150,"energy":6},{"playerId":5722,"score":150,"energy":30}],"golds":[{"posx":2,"posy":1,"amount":250},{"posx":6,"posy":1,"amount":150},{"posx":8,"posy":1,"amount":250},{"posx":1,"posy":4,"amount":750},{"posx":4,"posy":4,"amount":400},{"posx":7,"posy":4,"amount":100},{"posx":16,"posy":4,"amount":500},{"posx":6,"posy":5,"amount":600},{"posx":12,"posy":5,"amount":250},{"posx":19,"posy":5,"amount":600},{"posx":19,"posy":6,"amount":300},{"posx":16,"posy":7,"amount":100}],"changedObstacles":[]},{"players":[{"playerId":2663641,"score":1100,"energy":26},{"playerId":2611188,"score":1100,"energy":3},{"playerId":2268490,"score":1150,"energy":18},{"playerId":5722,"score":150,"energy":29}],"golds":[{"posx":2,"posy":1,"amount":250},{"posx":6,"posy":1,"amount":150},{"posx":8,"posy":1,"amount":250},{"posx":1,"posy":4,"amount":750},{"posx":4,"posy":4,"amount":400},{"posx":7,"posy":4,"amount":100},{"posx":16,"posy":4,"amount":500},{"posx":6,"posy":5,"amount":550},{"posx":12,"posy":5,"amount":250},{"posx":19,"posy":5,"amount":600},{"posx":19,"posy":6,"amount":300},{"posx":16,"posy":7,"amount":100}],"changedObstacles":[]},{"players":[{"playerId":2663641,"score":1100,"energy":25},{"playerId":2611188,"score":1100,"energy":15},{"playerId":2268490,"score":1150,"energy":34},{"playerId":5722,"score":150,"energy":28}],"golds":[{"posx":2,"posy":1,"amount":250},{"posx":6,"posy":1,"amount":150},{"posx":8,"posy":1,"amount":250},{"posx":1,"posy":4,"amount":750},{"posx":4,"posy":4,"amount":400},{"posx":7,"posy":4,"amount":100},{"posx":16,"posy":4,"amount":500},{"posx":6,"posy":5,"amount":550},{"posx":12,"posy":5,"amount":250},{"posx":19,"posy":5,"amount":600},{"posx":19,"posy":6,"amount":300},{"posx":16,"posy":7,"amount":100}],"changedObstacles":[]},{"players":[{"playerId":2663641,"score":1100,"energy":37},{"playerId":2611188,"score":1100,"energy":31},{"playerId":2268490,"score":1200,"energy":29},{"playerId":5722,"score":150,"energy":27}],"golds":[{"posx":2,"posy":1,"amount":250},{"posx":6,"posy":1,"amount":150},{"posx":8,"posy":1,"amount":250},{"posx":1,"posy":4,"amount":750},{"posx":4,"posy":4,"amount":400},{"posx":7,"posy":4,"amount":50},{"posx":16,"posy":4,"amount":500},{"posx":6,"posy":5,"amount":550},{"posx":12,"posy":5,"amount":250},{"posx":19,"posy":5,"amount":600},{"posx":19,"posy":6,"amount":300},{"posx":16,"posy":7,"amount":100}],"changedObstacles":[]},{"players":[{"playerId":2663641,"score":1100,"energy":50},{"playerId":2611188,"score":1100,"energy":50},{"playerId":2268490,"score":1250,"energy":24},{"playerId":5722,"score":150,"energy":26}],"golds":[{"posx":2,"posy":1,"amount":250},{"posx":6,"posy":1,"amount":150},{"posx":8,"posy":1,"amount":250},{"posx":1,"posy":4,"amount":750},{"posx":4,"posy":4,"amount":400},{"posx":16,"posy":4,"amount":500},{"posx":6,"posy":5,"amount":550},{"posx":12,"posy":5,"amount":250},{"posx":19,"posy":5,"amount":600},{"posx":19,"posy":6,"amount":300},{"posx":16,"posy":7,"amount":100}],"changedObstacles":[{"type":0,"posx":7,"posy":4,"value":-1}]},{"players":[{"playerId":2663641,"score":1100,"energy":39},{"playerId":2611188,"score":1150,"energy":45},{"playerId":2268490,"score":1250,"energy":23},{"playerId":5722,"score":150,"energy":25}],"golds":[{"posx":2,"posy":1,"amount":250},{"posx":6,"posy":1,"amount":150},{"posx":8,"posy":1,"amount":250},{"posx":1,"posy":4,"amount":750},{"posx":4,"posy":4,"amount":400},{"posx":16,"posy":4,"amount":500},{"posx":6,"posy":5,"amount":500},{"posx":12,"posy":5,"amount":250},{"posx":19,"posy":5,"amount":600},{"posx":19,"posy":6,"amount":300},{"posx":16,"posy":7,"amount":100}],"changedObstacles":[]},{"players":[{"playerId":2663641,"score":1100,"energy":29},{"playerId":2611188,"score":1200,"energy":40},{"playerId":2268490,"score":1250,"energy":19},{"playerId":5722,"score":150,"energy":24}],"golds":[{"posx":2,"posy":1,"amount":250},{"posx":6,"posy":1,"amount":150},{"posx":8,"posy":1,"amount":250},{"posx":1,"posy":4,"amount":750},{"posx":4,"posy":4,"amount":400},{"posx":16,"posy":4,"amount":500},{"posx":6,"posy":5,"amount":450},{"posx":12,"posy":5,"amount":250},{"posx":19,"posy":5,"amount":600},{"posx":19,"posy":6,"amount":300},{"posx":16,"posy":7,"amount":100}],"changedObstacles":[{"type":0,"posx":1,"posy":3,"value":-1}]},{"players":[{"playerId":2663641,"score":1100,"energy":25},{"playerId":2611188,"score":1250,"energy":35},{"playerId":2268490,"score":1300,"energy":14},{"playerId":5722,"score":150,"energy":23}],"golds":[{"posx":2,"posy":1,"amount":250},{"posx":6,"posy":1,"amount":150},{"posx":8,"posy":1,"amount":250},{"posx":1,"posy":4,"amount":750},{"posx":4,"posy":4,"amount":400},{"posx":16,"posy":4,"amount":500},{"posx":6,"posy":5,"amount":350},{"posx":12,"posy":5,"amount":250},{"posx":19,"posy":5,"amount":600},{"posx":19,"posy":6,"amount":300},{"posx":16,"posy":7,"amount":100}],"changedObstacles":[]},{"players":[{"playerId":2663641,"score":1150,"energy":20},{"playerId":2611188,"score":1300,"energy":30},{"playerId":2268490,"score":1350,"energy":9},{"playerId":5722,"score":150,"energy":22}],"golds":[{"posx":2,"posy":1,"amount":250},{"posx":6,"posy":1,"amount":150},{"posx":8,"posy":1,"amount":250},{"posx":1,"posy":4,"amount":700},{"posx":4,"posy":4,"amount":400},{"posx":16,"posy":4,"amount":500},{"posx":6,"posy":5,"amount":250},{"posx":12,"posy":5,"amount":250},{"posx":19,"posy":5,"amount":600},{"posx":19,"posy":6,"amount":300},{"posx":16,"posy":7,"amount":100}],"changedObstacles":[]},{"players":[{"playerId":2663641,"score":1200,"energy":15},{"playerId":2611188,"score":1350,"energy":25},{"playerId":2268490,"score":1400,"energy":4},{"playerId":5722,"score":150,"energy":21}],"golds":[{"posx":2,"posy":1,"amount":250},{"posx":6,"posy":1,"amount":150},{"posx":8,"posy":1,"amount":250},{"posx":1,"posy":4,"amount":650},{"posx":4,"posy":4,"amount":400},{"posx":16,"posy":4,"amount":500},{"posx":6,"posy":5,"amount":150},{"posx":12,"posy":5,"amount":250},{"posx":19,"posy":5,"amount":600},{"posx":19,"posy":6,"amount":300},{"posx":16,"posy":7,"amount":100}],"changedObstacles":[]},{"players":[{"playerId":2663641,"score":1250,"energy":10},{"playerId":2611188,"score":1400,"energy":20},{"playerId":2268490,"score":1400,"energy":16},{"playerId":5722,"score":150,"energy":20}],"golds":[{"posx":2,"posy":1,"amount":250},{"posx":6,"posy":1,"amount":150},{"posx":8,"posy":1,"amount":250},{"posx":1,"posy":4,"amount":600},{"posx":4,"posy":4,"amount":400},{"posx":16,"posy":4,"amount":500},{"posx":6,"posy":5,"amount":100},{"posx":12,"posy":5,"amount":250},{"posx":19,"posy":5,"amount":600},{"posx":19,"posy":6,"amount":300},{"posx":16,"posy":7,"amount":100}],"changedObstacles":[]},{"players":[{"playerId":2663641,"score":1300,"energy":5},{"playerId":2611188,"score":1450,"energy":15},{"playerId":2268490,"score":1400,"energy":32},{"playerId":5722,"score":150,"energy":19}],"golds":[{"posx":2,"posy":1,"amount":250},{"posx":6,"posy":1,"amount":150},{"posx":8,"posy":1,"amount":250},{"posx":1,"posy":4,"amount":550},{"posx":4,"posy":4,"amount":400},{"posx":16,"posy":4,"amount":500},{"posx":6,"posy":5,"amount":50},{"posx":12,"posy":5,"amount":250},{"posx":19,"posy":5,"amount":600},{"posx":19,"posy":6,"amount":300},{"posx":16,"posy":7,"amount":100}],"changedObstacles":[]},{"players":[{"playerId":2663641,"score":1300,"energy":17},{"playerId":2611188,"score":1475,"energy":10},{"playerId":2268490,"score":1425,"energy":27},{"playerId":5722,"score":150,"energy":18}],"golds":[{"posx":2,"posy":1,"amount":250},{"posx":6,"posy":1,"amount":150},{"posx":8,"posy":1,"amount":250},{"posx":1,"posy":4,"amount":550},{"posx":4,"posy":4,"amount":400},{"posx":16,"posy":4,"amount":500},{"posx":12,"posy":5,"amount":250},{"posx":19,"posy":5,"amount":600},{"posx":19,"posy":6,"amount":300},{"posx":16,"posy":7,"amount":100}],"changedObstacles":[{"type":0,"posx":6,"posy":5,"value":-1}]},{"players":[{"playerId":2663641,"score":1300,"energy":33},{"playerId":2611188,"score":1475,"energy":22},{"playerId":2268490,"score":1425,"energy":17},{"playerId":5722,"score":150,"energy":30}],"golds":[{"posx":2,"posy":1,"amount":250},{"posx":6,"posy":1,"amount":150},{"posx":8,"posy":1,"amount":250},{"posx":1,"posy":4,"amount":550},{"posx":4,"posy":4,"amount":400},{"posx":16,"posy":4,"amount":500},{"posx":12,"posy":5,"amount":250},{"posx":19,"posy":5,"amount":600},{"posx":19,"posy":6,"amount":300},{"posx":16,"posy":7,"amount":100}],"changedObstacles":[]},{"players":[{"playerId":2663641,"score":1350,"energy":28},{"playerId":2611188,"score":1475,"energy":38},{"playerId":2268490,"score":1425,"energy":12},{"playerId":5722,"score":150,"energy":29}],"golds":[{"posx":2,"posy":1,"amount":250},{"posx":6,"posy":1,"amount":150},{"posx":8,"posy":1,"amount":250},{"posx":1,"posy":4,"amount":500},{"posx":4,"posy":4,"amount":400},{"posx":16,"posy":4,"amount":500},{"posx":12,"posy":5,"amount":250},{"posx":19,"posy":5,"amount":600},{"posx":19,"posy":6,"amount":300},{"posx":16,"posy":7,"amount":100}],"changedObstacles":[{"type":3,"posx":5,"posy":4,"value":-20}]},{"players":[{"playerId":2663641,"score":1400,"energy":23},{"playerId":2611188,"score":1475,"energy":27},{"playerId":2268490,"score":1425,"energy":8},{"playerId":5722,"score":150,"energy":28}],"golds":[{"posx":2,"posy":1,"amount":250},{"posx":6,"posy":1,"amount":150},{"posx":8,"posy":1,"amount":250},{"posx":1,"posy":4,"amount":450},{"posx":4,"posy":4,"amount":400},{"posx":16,"posy":4,"amount":500},{"posx":12,"posy":5,"amount":250},{"posx":19,"posy":5,"amount":600},{"posx":19,"posy":6,"amount":300},{"posx":16,"posy":7,"amount":100}],"changedObstacles":[]},{"players":[{"playerId":2663641,"score":1450,"energy":18},{"playerId":2611188,"score":1475,"energy":26},{"playerId":2268490,"score":1475,"energy":3},{"playerId":5722,"score":150,"energy":27}],"golds":[{"posx":2,"posy":1,"amount":250},{"posx":6,"posy":1,"amount":150},{"posx":8,"posy":1,"amount":250},{"posx":1,"posy":4,"amount":400},{"posx":4,"posy":4,"amount":350},{"posx":16,"posy":4,"amount":500},{"posx":12,"posy":5,"amount":250},{"posx":19,"posy":5,"amount":600},{"posx":19,"posy":6,"amount":300},{"posx":16,"posy":7,"amount":100}],"changedObstacles":[]},{"players":[{"playerId":2663641,"score":1500,"energy":13},{"playerId":2611188,"score":1475,"energy":25},{"playerId":2268490,"score":1475,"energy":15},{"playerId":5722,"score":150,"energy":26}],"golds":[{"posx":2,"posy":1,"amount":250},{"posx":6,"posy":1,"amount":150},{"posx":8,"posy":1,"amount":250},{"posx":1,"posy":4,"amount":350},{"posx":4,"posy":4,"amount":350},{"posx":16,"posy":4,"amount":500},{"posx":12,"posy":5,"amount":250},{"posx":19,"posy":5,"amount":600},{"posx":19,"posy":6,"amount":300},{"posx":16,"posy":7,"amount":100}],"changedObstacles":[]},{"players":[{"playerId":2663641,"score":1550,"energy":8},{"playerId":2611188,"score":1475,"energy":21},{"playerId":2268490,"score":1475,"energy":31},{"playerId":5722,"score":150,"energy":25}],"golds":[{"posx":2,"posy":1,"amount":250},{"posx":6,"posy":1,"amount":150},{"posx":8,"posy":1,"amount":250},{"posx":1,"posy":4,"amount":300},{"posx":4,"posy":4,"amount":350},{"posx":16,"posy":4,"amount":500},{"posx":12,"posy":5,"amount":250},{"posx":19,"posy":5,"amount":600},{"posx":19,"posy":6,"amount":300},{"posx":16,"posy":7,"amount":100}],"changedObstacles":[]},{"players":[{"playerId":2663641,"score":1600,"energy":3},{"playerId":2611188,"score":1525,"energy":16},{"playerId":2268490,"score":1525,"energy":26},{"playerId":5722,"score":150,"energy":24}],"golds":[{"posx":2,"posy":1,"amount":250},{"posx":6,"posy":1,"amount":100},{"posx":8,"posy":1,"amount":250},{"posx":1,"posy":4,"amount":250},{"posx":4,"posy":4,"amount":300},{"posx":16,"posy":4,"amount":500},{"posx":12,"posy":5,"amount":250},{"posx":19,"posy":5,"amount":600},{"posx":19,"posy":6,"amount":300},{"posx":16,"posy":7,"amount":100}],"changedObstacles":[]},{"players":[{"playerId":2663641,"score":1600,"energy":15},{"playerId":2611188,"score":1575,"energy":11},{"playerId":2268490,"score":1575,"energy":21},{"playerId":5722,"score":150,"energy":23}],"golds":[{"posx":2,"posy":1,"amount":250},{"posx":6,"posy":1,"amount":50},{"posx":8,"posy":1,"amount":250},{"posx":1,"posy":4,"amount":250},{"posx":4,"posy":4,"amount":250},{"posx":16,"posy":4,"amount":500},{"posx":12,"posy":5,"amount":250},{"posx":19,"posy":5,"amount":600},{"posx":19,"posy":6,"amount":300},{"posx":16,"posy":7,"amount":100}],"changedObstacles":[]},{"players":[{"playerId":2663641,"score":1600,"energy":31},{"playerId":2611188,"score":1625,"energy":6},{"playerId":2268490,"score":1625,"energy":16},{"playerId":5722,"score":150,"energy":22}],"golds":[{"posx":2,"posy":1,"amount":250},{"posx":8,"posy":1,"amount":250},{"posx":1,"posy":4,"amount":250},{"posx":4,"posy":4,"amount":200},{"posx":16,"posy":4,"amount":500},{"posx":12,"posy":5,"amount":250},{"posx":19,"posy":5,"amount":600},{"posx":19,"posy":6,"amount":300},{"posx":16,"posy":7,"amount":100}],"changedObstacles":[{"type":0,"posx":6,"posy":1,"value":-1}]},{"players":[{"playerId":2663641,"score":1650,"energy":26},{"playerId":2611188,"score":1625,"energy":5},{"playerId":2268490,"score":1675,"energy":11},{"playerId":5722,"score":150,"energy":21}],"golds":[{"posx":2,"posy":1,"amount":250},{"posx":8,"posy":1,"amount":250},{"posx":1,"posy":4,"amount":200},{"posx":4,"posy":4,"amount":150},{"posx":16,"posy":4,"amount":500},{"posx":12,"posy":5,"amount":250},{"posx":19,"posy":5,"amount":600},{"posx":19,"posy":6,"amount":300},{"posx":16,"posy":7,"amount":100}],"changedObstacles":[]},{"players":[{"playerId":2663641,"score":1700,"energy":21},{"playerId":2611188,"score":1625,"energy":1},{"playerId":2268490,"score":1725,"energy":6},{"playerId":5722,"score":150,"energy":20}],"golds":[{"posx":2,"posy":1,"amount":250},{"posx":8,"posy":1,"amount":250},{"posx":1,"posy":4,"amount":150},{"posx":4,"posy":4,"amount":100},{"posx":16,"posy":4,"amount":500},{"posx":12,"posy":5,"amount":250},{"posx":19,"posy":5,"amount":600},{"posx":19,"posy":6,"amount":300},{"posx":16,"posy":7,"amount":100}],"changedObstacles":[]},{"players":[{"playerId":2663641,"score":1750,"energy":16},{"playerId":2611188,"score":1625,"energy":13},{"playerId":2268490,"score":1725,"energy":18},{"playerId":5722,"score":150,"energy":19}],"golds":[{"posx":2,"posy":1,"amount":250},{"posx":8,"posy":1,"amount":250},{"posx":1,"posy":4,"amount":100},{"posx":4,"posy":4,"amount":100},{"posx":16,"posy":4,"amount":500},{"posx":12,"posy":5,"amount":250},{"posx":19,"posy":5,"amount":600},{"posx":19,"posy":6,"amount":300},{"posx":16,"posy":7,"amount":100}],"changedObstacles":[]},{"players":[{"playerId":2663641,"score":1800,"energy":11},{"playerId":2611188,"score":1625,"energy":29},{"playerId":2268490,"score":1725,"energy":34},{"playerId":5722,"score":150,"energy":18}],"golds":[{"posx":2,"posy":1,"amount":250},{"posx":8,"posy":1,"amount":250},{"posx":1,"posy":4,"amount":50},{"posx":4,"posy":4,"amount":100},{"posx":16,"posy":4,"amount":500},{"posx":12,"posy":5,"amount":250},{"posx":19,"posy":5,"amount":600},{"posx":19,"posy":6,"amount":300},{"posx":16,"posy":7,"amount":100}],"changedObstacles":[]},{"players":[{"playerId":2663641,"score":1850,"energy":6},{"playerId":2611188,"score":1625,"energy":50},{"playerId":2268490,"score":1775,"energy":29},{"playerId":5722,"score":150,"energy":30}],"golds":[{"posx":2,"posy":1,"amount":250},{"posx":8,"posy":1,"amount":250},{"posx":4,"posy":4,"amount":50},{"posx":16,"posy":4,"amount":500},{"posx":12,"posy":5,"amount":250},{"posx":19,"posy":5,"amount":600},{"posx":19,"posy":6,"amount":300},{"posx":16,"posy":7,"amount":100}],"changedObstacles":[{"type":0,"posx":1,"posy":4,"value":-1}]},{"players":[{"playerId":2663641,"score":1850,"energy":5},{"playerId":2611188,"score":1675,"energy":45},{"playerId":2268490,"score":1825,"energy":24},{"playerId":5722,"score":150,"energy":29}],"golds":[{"posx":2,"posy":1,"amount":250},{"posx":8,"posy":1,"amount":200},{"posx":16,"posy":4,"amount":500},{"posx":12,"posy":5,"amount":250},{"posx":19,"posy":5,"amount":600},{"posx":19,"posy":6,"amount":300},{"posx":16,"posy":7,"amount":100}],"changedObstacles":[{"type":0,"posx":4,"posy":4,"value":-1}]},{"players":[{"playerId":2663641,"score":1850,"energy":17},{"playerId":2611188,"score":1725,"energy":40},{"playerId":2268490,"score":1825,"energy":6},{"playerId":5722,"score":150,"energy":28}],"golds":[{"posx":2,"posy":1,"amount":250},{"posx":8,"posy":1,"amount":150},{"posx":16,"posy":4,"amount":500},{"posx":12,"posy":5,"amount":250},{"posx":19,"posy":5,"amount":600},{"posx":19,"posy":6,"amount":300},{"posx":16,"posy":7,"amount":100}],"changedObstacles":[]},{"players":[{"playerId":2663641,"score":1850,"energy":33},{"playerId":2611188,"score":1775,"energy":35},{"playerId":2268490,"score":1825,"energy":5},{"playerId":5722,"score":150,"energy":27}],"golds":[{"posx":2,"posy":1,"amount":250},{"posx":8,"posy":1,"amount":100},{"posx":16,"posy":4,"amount":500},{"posx":12,"posy":5,"amount":250},{"posx":19,"posy":5,"amount":600},{"posx":19,"posy":6,"amount":300},{"posx":16,"posy":7,"amount":100}],"changedObstacles":[]},{"players":[{"playerId":2663641,"score":1850,"energy":24},{"playerId":2611188,"score":1825,"energy":30},{"playerId":2268490,"score":1825,"energy":17},{"playerId":5722,"score":150,"energy":26}],"golds":[{"posx":2,"posy":1,"amount":250},{"posx":8,"posy":1,"amount":50},{"posx":16,"posy":4,"amount":500},{"posx":12,"posy":5,"amount":250},{"posx":19,"posy":5,"amount":600},{"posx":19,"posy":6,"amount":300},{"posx":16,"posy":7,"amount":100}],"changedObstacles":[]},{"players":[{"playerId":2663641,"score":1850,"energy":23},{"playerId":2611188,"score":1875,"energy":25},{"playerId":2268490,"score":1825,"energy":33},{"playerId":5722,"score":150,"energy":25}],"golds":[{"posx":2,"posy":1,"amount":250},{"posx":16,"posy":4,"amount":500},{"posx":12,"posy":5,"amount":250},{"posx":19,"posy":5,"amount":600},{"posx":19,"posy":6,"amount":300},{"posx":16,"posy":7,"amount":100}],"changedObstacles":[{"type":0,"posx":8,"posy":1,"value":-1}]},{"players":[{"playerId":2663641,"score":1850,"energy":19},{"playerId":2611188,"score":1875,"energy":24},{"playerId":2268490,"score":1825,"energy":22},{"playerId":5722,"score":150,"energy":24}],"golds":[{"posx":2,"posy":1,"amount":250},{"posx":16,"posy":4,"amount":500},{"posx":12,"posy":5,"amount":250},{"posx":19,"posy":5,"amount":600},{"posx":19,"posy":6,"amount":300},{"posx":16,"posy":7,"amount":100}],"changedObstacles":[]},{"players":[{"playerId":2663641,"score":1900,"energy":14},{"playerId":2611188,"score":1875,"energy":14},{"playerId":2268490,"score":1825,"energy":21},{"playerId":5722,"score":150,"energy":23}],"golds":[{"posx":2,"posy":1,"amount":200},{"posx":16,"posy":4,"amount":500},{"posx":12,"posy":5,"amount":250},{"posx":19,"posy":5,"amount":600},{"posx":19,"posy":6,"amount":300},{"posx":16,"posy":7,"amount":100}],"changedObstacles":[{"type":0,"posx":9,"posy":2,"value":-1}]},{"players":[{"playerId":2663641,"score":1950,"energy":9},{"playerId":2611188,"score":1875,"energy":13},{"playerId":2268490,"score":1825,"energy":17},{"playerId":5722,"score":150,"energy":22}],"golds":[{"posx":2,"posy":1,"amount":150},{"posx":16,"posy":4,"amount":500},{"posx":12,"posy":5,"amount":250},{"posx":19,"posy":5,"amount":600},{"posx":19,"posy":6,"amount":300},{"posx":16,"posy":7,"amount":100}],"changedObstacles":[]},{"players":[{"playerId":2663641,"score":2000,"energy":4},{"playerId":2611188,"score":1875,"energy":12},{"playerId":2268490,"score":1875,"energy":12},{"playerId":5722,"score":150,"energy":21}],"golds":[{"posx":2,"posy":1,"amount":50},{"posx":16,"posy":4,"amount":500},{"posx":12,"posy":5,"amount":250},{"posx":19,"posy":5,"amount":600},{"posx":19,"posy":6,"amount":300},{"posx":16,"posy":7,"amount":100}],"changedObstacles":[]},{"players":[{"playerId":2663641,"score":2000,"energy":16},{"playerId":2611188,"score":1875,"energy":11},{"playerId":2268490,"score":1925,"energy":7},{"playerId":5722,"score":150,"energy":20}],"golds":[{"posx":16,"posy":4,"amount":500},{"posx":12,"posy":5,"amount":250},{"posx":19,"posy":5,"amount":600},{"posx":19,"posy":6,"amount":300},{"posx":16,"posy":7,"amount":100}],"changedObstacles":[{"type":0,"posx":2,"posy":1,"value":-1}]},{"players":[{"playerId":2663641,"score":2000,"energy":32},{"playerId":2611188,"score":1875,"energy":10},{"playerId":2268490,"score":1925,"energy":19},{"playerId":5722,"score":150,"energy":19}],"golds":[{"posx":16,"posy":4,"amount":500},{"posx":12,"posy":5,"amount":250},{"posx":19,"posy":5,"amount":600},{"posx":19,"posy":6,"amount":300},{"posx":16,"posy":7,"amount":100}],"changedObstacles":[]},{"players":[{"playerId":2663641,"score":2000,"energy":21},{"playerId":2611188,"score":1875,"energy":9},{"playerId":2268490,"score":1925,"energy":35},{"playerId":5722,"score":150,"energy":18}],"golds":[{"posx":16,"posy":4,"amount":500},{"posx":12,"posy":5,"amount":250},{"posx":19,"posy":5,"amount":600},{"posx":19,"posy":6,"amount":300},{"posx":16,"posy":7,"amount":100}],"changedObstacles":[]},{"players":[{"playerId":2663641,"score":2000,"energy":11},{"playerId":2611188,"score":1875,"energy":5},{"playerId":2268490,"score":1925,"energy":18},{"playerId":5722,"score":150,"energy":30}],"golds":[{"posx":16,"posy":4,"amount":500},{"posx":12,"posy":5,"amount":250},{"posx":19,"posy":5,"amount":600},{"posx":19,"posy":6,"amount":300},{"posx":16,"posy":7,"amount":100}],"changedObstacles":[{"type":0,"posx":4,"posy":1,"value":-1}]},{"players":[{"playerId":2663641,"score":2000,"energy":10},{"playerId":2611188,"score":1875,"energy":17},{"playerId":2268490,"score":1925,"energy":17},{"playerId":5722,"score":150,"energy":29}],"golds":[{"posx":16,"posy":4,"amount":500},{"posx":12,"posy":5,"amount":250},{"posx":19,"posy":5,"amount":600},{"posx":19,"posy":6,"amount":300},{"posx":16,"posy":7,"amount":100}],"changedObstacles":[]},{"players":[{"playerId":2663641,"score":2000,"energy":9},{"playerId":2611188,"score":1875,"energy":33},{"playerId":2268490,"score":1925,"energy":16},{"playerId":5722,"score":150,"energy":28}],"golds":[{"posx":16,"posy":4,"amount":500},{"posx":12,"posy":5,"amount":250},{"posx":19,"posy":5,"amount":600},{"posx":19,"posy":6,"amount":300},{"posx":16,"posy":7,"amount":100}],"changedObstacles":[]},{"players":[{"playerId":2663641,"score":2000,"energy":8},{"playerId":2611188,"score":1875,"energy":50},{"playerId":2268490,"score":1925,"energy":15},{"playerId":5722,"score":150,"energy":27}],"golds":[{"posx":16,"posy":4,"amount":500},{"posx":12,"posy":5,"amount":250},{"posx":19,"posy":5,"amount":600},{"posx":19,"posy":6,"amount":300},{"posx":16,"posy":7,"amount":100}],"changedObstacles":[]},{"players":[{"playerId":2663641,"score":2000,"energy":7},{"playerId":2611188,"score":1925,"energy":45},{"playerId":2268490,"score":1925,"energy":14},{"playerId":5722,"score":150,"energy":26}],"golds":[{"posx":16,"posy":4,"amount":500},{"posx":12,"posy":5,"amount":200},{"posx":19,"posy":5,"amount":600},{"posx":19,"posy":6,"amount":300},{"posx":16,"posy":7,"amount":100}],"changedObstacles":[]},{"players":[{"playerId":2663641,"score":2000,"energy":6},{"playerId":2611188,"score":1975,"energy":40},{"playerId":2268490,"score":1925,"energy":13},{"playerId":5722,"score":150,"energy":25}],"golds":[{"posx":16,"posy":4,"amount":500},{"posx":12,"posy":5,"amount":150},{"posx":19,"posy":5,"amount":600},{"posx":19,"posy":6,"amount":300},{"posx":16,"posy":7,"amount":100}],"changedObstacles":[]},{"players":[{"playerId":2663641,"score":2000,"energy":18},{"playerId":2611188,"score":2025,"energy":35},{"playerId":2268490,"score":1925,"energy":12},{"playerId":5722,"score":150,"energy":24}],"golds":[{"posx":16,"posy":4,"amount":500},{"posx":12,"posy":5,"amount":100},{"posx":19,"posy":5,"amount":600},{"posx":19,"posy":6,"amount":300},{"posx":16,"posy":7,"amount":100}],"changedObstacles":[]},{"players":[{"playerId":2663641,"score":2000,"energy":34},{"playerId":2611188,"score":2075,"energy":30},{"playerId":2268490,"score":1925,"energy":11},{"playerId":5722,"score":150,"energy":23}],"golds":[{"posx":16,"posy":4,"amount":500},{"posx":12,"posy":5,"amount":50},{"posx":19,"posy":5,"amount":600},{"posx":19,"posy":6,"amount":300},{"posx":16,"posy":7,"amount":100}],"changedObstacles":[]},{"players":[{"playerId":2663641,"score":2000,"energy":24},{"playerId":2611188,"score":2125,"energy":25},{"playerId":2268490,"score":1925,"energy":10},{"playerId":5722,"score":150,"energy":22}],"golds":[{"posx":16,"posy":4,"amount":500},{"posx":19,"posy":5,"amount":600},{"posx":19,"posy":6,"amount":300},{"posx":16,"posy":7,"amount":100}],"changedObstacles":[{"type":0,"posx":12,"posy":5,"value":-1}]},{"players":[{"playerId":2663641,"score":2000,"energy":14},{"playerId":2611188,"score":2125,"energy":20},{"playerId":2268490,"score":1925,"energy":9},{"playerId":5722,"score":150,"energy":21}],"golds":[{"posx":16,"posy":4,"amount":500},{"posx":19,"posy":5,"amount":600},{"posx":19,"posy":6,"amount":300},{"posx":16,"posy":7,"amount":100}],"changedObstacles":[{"type":3,"posx":13,"posy":5,"value":-20},{"type":0,"posx":11,"posy":1,"value":-1}]},{"players":[{"playerId":2663641,"score":2000,"energy":26},{"playerId":2611188,"score":2125,"energy":15},{"playerId":2268490,"score":1925,"energy":8},{"playerId":5722,"score":150,"energy":20}],"golds":[{"posx":16,"posy":4,"amount":500},{"posx":19,"posy":5,"amount":600},{"posx":19,"posy":6,"amount":300},{"posx":16,"posy":7,"amount":100}],"changedObstacles":[{"type":3,"posx":13,"posy":6,"value":-20}]},{"players":[{"playerId":2663641,"score":2000,"energy":8},{"playerId":2611188,"score":2125,"energy":14},{"playerId":2268490,"score":1925,"energy":20},{"playerId":5722,"score":150,"energy":19}],"golds":[{"posx":16,"posy":4,"amount":500},{"posx":19,"posy":5,"amount":600},{"posx":19,"posy":6,"amount":300},{"posx":16,"posy":7,"amount":100}],"changedObstacles":[]},{"players":[{"playerId":2663641,"score":2000,"energy":7},{"playerId":2611188,"score":2125,"energy":13},{"playerId":2268490,"score":1925,"energy":36},{"playerId":5722,"score":150,"energy":18}],"golds":[{"posx":16,"posy":4,"amount":500},{"posx":19,"posy":5,"amount":600},{"posx":19,"posy":6,"amount":300},{"posx":16,"posy":7,"amount":100}],"changedObstacles":[]},{"players":[{"playerId":2663641,"score":2000,"energy":6},{"playerId":2611188,"score":2125,"energy":25},{"playerId":2268490,"score":1925,"energy":29},{"playerId":5722,"score":150,"energy":30}],"golds":[{"posx":16,"posy":4,"amount":500},{"posx":19,"posy":5,"amount":600},{"posx":19,"posy":6,"amount":300},{"posx":16,"posy":7,"amount":100}],"changedObstacles":[]}]