[{"players":[{"playerId":2413234,"score":0,"energy":46},{"playerId":2583616,"score":0,"energy":46},{"playerId":5722,"score":0,"energy":46},{"playerId":1168092,"score":0,"energy":46}],"golds":[{"posx":1,"posy":8,"amount":100},{"posx":9,"posy":4,"amount":150},{"posx":15,"posy":6,"amount":300},{"posx":19,"posy":2,"amount":50},{"posx":17,"posy":1,"amount":50},{"posx":6,"posy":7,"amount":600},{"posx":1,"posy":6,"amount":600},{"posx":6,"posy":2,"amount":150},{"posx":8,"posy":3,"amount":100},{"posx":14,"posy":5,"amount":550},{"posx":5,"posy":6,"amount":450},{"posx":15,"posy":4,"amount":500},{"posx":18,"posy":7,"amount":350},{"posx":6,"posy":4,"amount":450},{"posx":3,"posy":8,"amount":250},{"posx":16,"posy":0,"amount":400},{"posx":1,"posy":7,"amount":250},{"posx":5,"posy":7,"amount":500},{"posx":13,"posy":6,"amount":550},{"posx":19,"posy":0,"amount":50}],"changedObstacles":[]},{"players":[{"playerId":2413234,"score":25,"energy":41},{"playerId":2583616,"score":25,"energy":41},{"playerId":5722,"score":25,"energy":41},{"playerId":1168092,"score":25,"energy":41}],"golds":[{"posx":16,"posy":0,"amount":400},{"posx":19,"posy":0,"amount":50},{"posx":17,"posy":1,"amount":50},{"posx":6,"posy":2,"amount":150},{"posx":19,"posy":2,"amount":50},{"posx":6,"posy":4,"amount":450},{"posx":9,"posy":4,"amount":150},{"posx":15,"posy":4,"amount":500},{"posx":14,"posy":5,"amount":550},{"posx":1,"posy":6,"amount":600},{"posx":5,"posy":6,"amount":450},{"posx":13,"posy":6,"amount":550},{"posx":15,"posy":6,"amount":300},{"posx":1,"posy":7,"amount":250},{"posx":5,"posy":7,"amount":500},{"posx":6,"posy":7,"amount":600},{"posx":18,"posy":7,"amount":350},{"posx":1,"posy":8,"amount":100},{"posx":3,"posy":8,"amount":250}],"changedObstacles":[{"type":0,"posx":8,"posy":3,"value":-1}]},{"players":[{"playerId":2413234,"score":25,"energy":40},{"playerId":2583616,"score":25,"energy":40},{"playerId":5722,"score":25,"energy":40},{"playerId":1168092,"score":25,"energy":31}],"golds":[{"posx":16,"posy":0,"amount":400},{"posx":19,"posy":0,"amount":50},{"posx":17,"posy":1,"amount":50},{"posx":6,"posy":2,"amount":150},{"posx":19,"posy":2,"amount":50},{"posx":6,"posy":4,"amount":450},{"posx":9,"posy":4,"amount":150},{"posx":15,"posy":4,"amount":500},{"posx":14,"posy":5,"amount":550},{"posx":1,"posy":6,"amount":600},{"posx":5,"posy":6,"amount":450},{"posx":13,"posy":6,"amount":550},{"posx":15,"posy":6,"amount":300},{"posx":1,"posy":7,"amount":250},{"posx":5,"posy":7,"amount":500},{"posx":6,"posy":7,"amount":600},{"posx":18,"posy":7,"amount":350},{"posx":1,"posy":8,"amount":100},{"posx":3,"posy":8,"amount":250}],"changedObstacles":[{"type":0,"posx":9,"posy":3,"value":-1}]},{"players":[{"playerId":2413234,"score":25,"energy":39},{"playerId":2583616,"score":25,"energy":39},{"playerId":5722,"score":25,"energy":36},{"playerId":1168092,"score":25,"energy":27}],"golds":[{"posx":16,"posy":0,"amount":400},{"posx":19,"posy":0,"amount":50},{"posx":17,"posy":1,"amount":50},{"posx":6,"posy":2,"amount":150},{"posx":19,"posy":2,"amount":50},{"posx":6,"posy":4,"amount":450},{"posx":9,"posy":4,"amount":150},{"posx":15,"posy":4,"amount":500},{"posx":14,"posy":5,"amount":550},{"posx":1,"posy":6,"amount":600},{"posx":5,"posy":6,"amount":450},{"posx":13,"posy":6,"amount":550},{"posx":15,"posy":6,"amount":300},{"posx":1,"posy":7,"amount":250},{"posx":5,"posy":7,"amount":500},{"posx":6,"posy":7,"amount":600},{"posx":18,"posy":7,"amount":350},{"posx":1,"posy":8,"amount":100},{"posx":3,"posy":8,"amount":250}],"changedObstacles":[]},{"players":[{"playerId":2413234,"score":25,"energy":35},{"playerId":2583616,"score":25,"energy":38},{"playerId":5722,"score":75,"energy":31},{"playerId":1168092,"score":75,"energy":22}],"golds":[{"posx":16,"posy":0,"amount":400},{"posx":19,"posy":0,"amount":50},{"posx":17,"posy":1,"amount":50},{"posx":6,"posy":2,"amount":150},{"posx":19,"posy":2,"amount":50},{"posx":6,"posy":4,"amount":450},{"posx":9,"posy":4,"amount":50},{"posx":15,"posy":4,"amount":500},{"posx":14,"posy":5,"amount":550},{"posx":1,"posy":6,"amount":600},{"posx":5,"posy":6,"amount":450},{"posx":13,"posy":6,"amount":550},{"posx":15,"posy":6,"amount":300},{"posx":1,"posy":7,"amount":250},{"posx":5,"posy":7,"amount":500},{"posx":6,"posy":7,"amount":600},{"posx":18,"posy":7,"amount":350},{"posx":1,"posy":8,"amount":100},{"posx":3,"posy":8,"amount":250}],"changedObstacles":[]},{"players":[{"playerId":2413234,"score":75,"energy":30},{"playerId":2583616,"score":25,"energy":37},{"playerId":5722,"score":100,"energy":26},{"playerId":1168092,"score":100,"energy":17}],"golds":[{"posx":16,"posy":0,"amount":400},{"posx":19,"posy":0,"amount":50},{"posx":17,"posy":1,"amount":50},{"posx":6,"posy":2,"amount":150},{"posx":19,"posy":2,"amount":50},{"posx":6,"posy":4,"amount":400},{"posx":15,"posy":4,"amount":500},{"posx":14,"posy":5,"amount":550},{"posx":1,"posy":6,"amount":600},{"posx":5,"posy":6,"amount":450},{"posx":13,"posy":6,"amount":550},{"posx":15,"posy":6,"amount":300},{"posx":1,"posy":7,"amount":250},{"posx":5,"posy":7,"amount":500},{"posx":6,"posy":7,"amount":600},{"posx":18,"posy":7,"amount":350},{"posx":1,"posy":8,"amount":100},{"posx":3,"posy":8,"amount":250}],"changedObstacles":[{"type":0,"posx":9,"posy":4,"value":-1}]},{"players":[{"playerId":2413234,"score":125,"energy":25},{"playerId":2583616,"score":25,"energy":36},{"playerId":5722,"score":100,"energy":25},{"playerId":1168092,"score":100,"energy":16}],"golds":[{"posx":16,"posy":0,"amount":400},{"posx":19,"posy":0,"amount":50},{"posx":17,"posy":1,"amount":50},{"posx":6,"posy":2,"amount":150},{"posx":19,"posy":2,"amount":50},{"posx":6,"posy":4,"amount":350},{"posx":15,"posy":4,"amount":500},{"posx":14,"posy":5,"amount":550},{"posx":1,"posy":6,"amount":600},{"posx":5,"posy":6,"amount":450},{"posx":13,"posy":6,"amount":550},{"posx":15,"posy":6,"amount":300},{"posx":1,"posy":7,"amount":250},{"posx":5,"posy":7,"amount":500},{"posx":6,"posy":7,"amount":600},{"posx":18,"posy":7,"amount":350},{"posx":1,"posy":8,"amount":100},{"posx":3,"posy":8,"amount":250}],"changedObstacles":[]},{"players":[{"playerId":2413234,"score":175,"energy":20},{"playerId":2583616,"score":25,"energy":32},{"playerId":5722,"score":100,"energy":24},{"playerId":1168092,"score":100,"energy":15}],"golds":[{"posx":16,"posy":0,"amount":400},{"posx":19,"posy":0,"amount":50},{"posx":17,"posy":1,"amount":50},{"posx":6,"posy":2,"amount":150},{"posx":19,"posy":2,"amount":50},{"posx":6,"posy":4,"amount":300},{"posx":15,"posy":4,"amount":500},{"posx":14,"posy":5,"amount":550},{"posx":1,"posy":6,"amount":600},{"posx":5,"posy":6,"amount":450},{"posx":13,"posy":6,"amount":550},{"posx":15,"posy":6,"amount":300},{"posx":1,"posy":7,"amount":250},{"posx":5,"posy":7,"amount":500},{"posx":6,"posy":7,"amount":600},{"posx":18,"posy":7,"amount":350},{"posx":1,"posy":8,"amount":100},{"posx":3,"posy":8,"amount":250}],"changedObstacles":[]},{"players":[{"playerId":2413234,"score":225,"energy":15},{"playerId":2583616,"score":75,"energy":27},{"playerId":5722,"score":100,"energy":23},{"playerId":1168092,"score":100,"energy":11}],"golds":[{"posx":16,"posy":0,"amount":400},{"posx":19,"posy":0,"amount":50},{"posx":17,"posy":1,"amount":50},{"posx":6,"posy":2,"amount":150},{"posx":19,"posy":2,"amount":50},{"posx":6,"posy":4,"amount":250},{"posx":15,"posy":4,"amount":500},{"posx":14,"posy":5,"amount":550},{"posx":1,"posy":6,"amount":600},{"posx":5,"posy":6,"amount":450},{"posx":13,"posy":6,"amount":550},{"posx":15,"posy":6,"amount":300},{"posx":1,"posy":7,"amount":250},{"posx":5,"posy":7,"amount":500},{"posx":6,"posy":7,"amount":550},{"posx":18,"posy":7,"amount":350},{"posx":1,"posy":8,"amount":100},{"posx":3,"posy":8,"amount":250}],"changedObstacles":[]},{"players":[{"playerId":2413234,"score":275,"energy":10},{"playerId":2583616,"score":125,"energy":22},{"playerId":5722,"score":100,"energy":22},{"playerId":1168092,"score":150,"energy":6}],"golds":[{"posx":16,"posy":0,"amount":400},{"posx":19,"posy":0,"amount":50},{"posx":17,"posy":1,"amount":50},{"posx":6,"posy":2,"amount":150},{"posx":19,"posy":2,"amount":50},{"posx":6,"posy":4,"amount":150},{"posx":15,"posy":4,"amount":500},{"posx":14,"posy":5,"amount":550},{"posx":1,"posy":6,"amount":600},{"posx":5,"posy":6,"amount":450},{"posx":13,"posy":6,"amount":550},{"posx":15,"posy":6,"amount":300},{"posx":1,"posy":7,"amount":250},{"posx":5,"posy":7,"amount":500},{"posx":6,"posy":7,"amount":500},{"posx":18,"posy":7,"amount":350},{"posx":1,"posy":8,"amount":100},{"posx":3,"posy":8,"amount":250}],"changedObstacles":[]},{"players":[{"playerId":2413234,"score":325,"energy":5},{"playerId":2583616,"score":175,"energy":17},{"playerId":5722,"score":100,"energy":21},{"playerId":1168092,"score":200,"energy":1}],"golds":[{"posx":16,"posy":0,"amount":400},{"posx":19,"posy":0,"amount":50},{"posx":17,"posy":1,"amount":50},{"posx":6,"posy":2,"amount":150},{"posx":19,"posy":2,"amount":50},{"posx":6,"posy":4,"amount":50},{"posx":15,"posy":4,"amount":500},{"posx":14,"posy":5,"amount":550},{"posx":1,"posy":6,"amount":600},{"posx":5,"posy":6,"amount":450},{"posx":13,"posy":6,"amount":550},{"posx":15,"posy":6,"amount":300},{"posx":1,"posy":7,"amount":250},{"posx":5,"posy":7,"amount":500},{"posx":6,"posy":7,"amount":450},{"posx":18,"posy":7,"amount":350},{"posx":1,"posy":8,"amount":100},{"posx":3,"posy":8,"amount":250}],"changedObstacles":[]},{"players":[{"playerId":2413234,"score":325,"energy":17},{"playerId":2583616,"score":225,"energy":12},{"playerId":5722,"score":100,"energy":16},{"playerId":1168092,"score":200,"energy":13}],"golds":[{"posx":16,"posy":0,"amount":400},{"posx":19,"posy":0,"amount":50},{"posx":17,"posy":1,"amount":50},{"posx":6,"posy":2,"amount":150},{"posx":19,"posy":2,"amount":50},{"posx":6,"posy":4,"amount":50},{"posx":15,"posy":4,"amount":500},{"posx":14,"posy":5,"amount":550},{"posx":1,"posy":6,"amount":600},{"posx":5,"posy":6,"amount":450},{"posx":13,"posy":6,"amount":550},{"posx":15,"posy":6,"amount":300},{"posx":1,"posy":7,"amount":250},{"posx":5,"posy":7,"amount":500},{"posx":6,"posy":7,"amount":400},{"posx":18,"posy":7,"amount":350},{"posx":1,"posy":8,"amount":100},{"posx":3,"posy":8,"amount":250}],"changedObstacles":[]},{"players":[{"playerId":2413234,"score":325,"energy":33},{"playerId":2583616,"score":275,"energy":7},{"playerId":5722,"score":100,"energy":15},{"playerId":1168092,"score":250,"energy":8}],"golds":[{"posx":16,"posy":0,"amount":400},{"posx":19,"posy":0,"amount":50},{"posx":17,"posy":1,"amount":50},{"posx":6,"posy":2,"amount":150},{"posx":19,"posy":2,"amount":50},{"posx":15,"posy":4,"amount":500},{"posx":14,"posy":5,"amount":550},{"posx":1,"posy":6,"amount":600},{"posx":5,"posy":6,"amount":450},{"posx":13,"posy":6,"amount":550},{"posx":15,"posy":6,"amount":300},{"posx":1,"posy":7,"amount":250},{"posx":5,"posy":7,"amount":500},{"posx":6,"posy":7,"amount":350},{"posx":18,"posy":7,"amount":350},{"posx":1,"posy":8,"amount":100},{"posx":3,"posy":8,"amount":250}],"changedObstacles":[{"type":0,"posx":6,"posy":4,"value":-1}]},{"players":[{"playerId":2413234,"score":325,"energy":32},{"playerId":2583616,"score":325,"energy":2},{"playerId":5722,"score":100,"energy":27},{"playerId":1168092,"score":250,"energy":7}],"golds":[{"posx":16,"posy":0,"amount":400},{"posx":19,"posy":0,"amount":50},{"posx":17,"posy":1,"amount":50},{"posx":6,"posy":2,"amount":150},{"posx":19,"posy":2,"amount":50},{"posx":15,"posy":4,"amount":500},{"posx":14,"posy":5,"amount":550},{"posx":1,"posy":6,"amount":600},{"posx":5,"posy":6,"amount":450},{"posx":13,"posy":6,"amount":550},{"posx":15,"posy":6,"amount":300},{"posx":1,"posy":7,"amount":250},{"posx":5,"posy":7,"amount":500},{"posx":6,"posy":7,"amount":300},{"posx":18,"posy":7,"amount":350},{"posx":1,"posy":8,"amount":100},{"posx":3,"posy":8,"amount":250}],"changedObstacles":[]},{"players":[{"playerId":2413234,"score":325,"energy":31},{"playerId":2583616,"score":325,"energy":14},{"playerId":5722,"score":100,"energy":23},{"playerId":1168092,"score":250,"energy":3}],"golds":[{"posx":16,"posy":0,"amount":400},{"posx":19,"posy":0,"amount":50},{"posx":17,"posy":1,"amount":50},{"posx":6,"posy":2,"amount":150},{"posx":19,"posy":2,"amount":50},{"posx":15,"posy":4,"amount":500},{"posx":14,"posy":5,"amount":550},{"posx":1,"posy":6,"amount":600},{"posx":5,"posy":6,"amount":450},{"posx":13,"posy":6,"amount":550},{"posx":15,"posy":6,"amount":300},{"posx":1,"posy":7,"amount":250},{"posx":5,"posy":7,"amount":500},{"posx":6,"posy":7,"amount":300},{"posx":18,"posy":7,"amount":350},{"posx":1,"posy":8,"amount":100},{"posx":3,"posy":8,"amount":250}],"changedObstacles":[]},{"players":[{"playerId":2413234,"score":325,"energy":27},{"playerId":2583616,"score":325,"energy":30},{"playerId":5722,"score":150,"energy":18},{"playerId":1168092,"score":250,"energy":15}],"golds":[{"posx":16,"posy":0,"amount":400},{"posx":19,"posy":0,"amount":50},{"posx":17,"posy":1,"amount":50},{"posx":6,"posy":2,"amount":150},{"posx":19,"posy":2,"amount":50},{"posx":15,"posy":4,"amount":500},{"posx":14,"posy":5,"amount":550},{"posx":1,"posy":6,"amount":600},{"posx":5,"posy":6,"amount":450},{"posx":13,"posy":6,"amount":550},{"posx":15,"posy":6,"amount":300},{"posx":1,"posy":7,"amount":250},{"posx":5,"posy":7,"amount":500},{"posx":6,"posy":7,"amount":250},{"posx":18,"posy":7,"amount":350},{"posx":1,"posy":8,"amount":100},{"posx":3,"posy":8,"amount":250}],"changedObstacles":[]},{"players":[{"playerId":2413234,"score":375,"energy":22},{"playerId":2583616,"score":325,"energy":50},{"playerId":5722,"score":200,"energy":13},{"playerId":1168092,"score":300,"energy":10}],"golds":[{"posx":16,"posy":0,"amount":400},{"posx":19,"posy":0,"amount":50},{"posx":17,"posy":1,"amount":50},{"posx":6,"posy":2,"amount":100},{"posx":19,"posy":2,"amount":50},{"posx":15,"posy":4,"amount":500},{"posx":14,"posy":5,"amount":550},{"posx":1,"posy":6,"amount":600},{"posx":5,"posy":6,"amount":400},{"posx":13,"posy":6,"amount":550},{"posx":15,"posy":6,"amount":300},{"posx":1,"posy":7,"amount":250},{"posx":5,"posy":7,"amount":500},{"posx":6,"posy":7,"amount":200},{"posx":18,"posy":7,"amount":350},{"posx":1,"posy":8,"amount":100},{"posx":3,"posy":8,"amount":250}],"changedObstacles":[]},{"players":[{"playerId":2413234,"score":425,"energy":17},{"playerId":2583616,"score":375,"energy":45},{"playerId":5722,"score":250,"energy":8},{"playerId":1168092,"score":350,"energy":5}],"golds":[{"posx":16,"posy":0,"amount":400},{"posx":19,"posy":0,"amount":50},{"posx":17,"posy":1,"amount":50},{"posx":6,"posy":2,"amount":50},{"posx":19,"posy":2,"amount":50},{"posx":15,"posy":4,"amount":500},{"posx":14,"posy":5,"amount":550},{"posx":1,"posy":6,"amount":600},{"posx":5,"posy":6,"amount":350},{"posx":13,"posy":6,"amount":550},{"posx":15,"posy":6,"amount":300},{"posx":1,"posy":7,"amount":250},{"posx":5,"posy":7,"amount":500},{"posx":6,"posy":7,"amount":100},{"posx":18,"posy":7,"amount":350},{"posx":1,"posy":8,"amount":100},{"posx":3,"posy":8,"amount":250}],"changedObstacles":[]},{"players":[{"playerId":2413234,"score":475,"energy":12},{"playerId":2583616,"score":425,"energy":40},{"playerId":5722,"score":250,"energy":20},{"playerId":1168092,"score":350,"energy":17}],"golds":[{"posx":16,"posy":0,"amount":400},{"posx":19,"posy":0,"amount":50},{"posx":17,"posy":1,"amount":50},{"posx":6,"posy":2,"amount":50},{"posx":19,"posy":2,"amount":50},{"posx":15,"posy":4,"amount":500},{"posx":14,"posy":5,"amount":550},{"posx":1,"posy":6,"amount":600},{"posx":5,"posy":6,"amount":300},{"posx":13,"posy":6,"amount":550},{"posx":15,"posy":6,"amount":300},{"posx":1,"posy":7,"amount":250},{"posx":5,"posy":7,"amount":500},{"posx":6,"posy":7,"amount":50},{"posx":18,"posy":7,"amount":350},{"posx":1,"posy":8,"amount":100},{"posx":3,"posy":8,"amount":250}],"changedObstacles":[]},{"players":[{"playerId":2413234,"score":525,"energy":7},{"playerId":2583616,"score":425,"energy":36},{"playerId":5722,"score":300,"energy":15},{"playerId":1168092,"score":400,"energy":12}],"golds":[{"posx":16,"posy":0,"amount":400},{"posx":19,"posy":0,"amount":50},{"posx":17,"posy":1,"amount":50},{"posx":19,"posy":2,"amount":50},{"posx":15,"posy":4,"amount":500},{"posx":14,"posy":5,"amount":550},{"posx":1,"posy":6,"amount":600},{"posx":5,"posy":6,"amount":250},{"posx":13,"posy":6,"amount":550},{"posx":15,"posy":6,"amount":300},{"posx":1,"posy":7,"amount":250},{"posx":5,"posy":7,"amount":500},{"posx":18,"posy":7,"amount":350},{"posx":1,"posy":8,"amount":100},{"posx":3,"posy":8,"amount":250}],"changedObstacles":[{"type":0,"posx":6,"posy":2,"value":-1},{"type":0,"posx":6,"posy":7,"value":-1}]},{"players":[{"playerId":2413234,"score":575,"energy":2},{"playerId":2583616,"score":475,"energy":31},{"playerId":5722,"score":300,"energy":11},{"playerId":1168092,"score":400,"energy":11}],"golds":[{"posx":16,"posy":0,"amount":400},{"posx":19,"posy":0,"amount":50},{"posx":17,"posy":1,"amount":50},{"posx":19,"posy":2,"amount":50},{"posx":15,"posy":4,"amount":500},{"posx":14,"posy":5,"amount":550},{"posx":1,"posy":6,"amount":600},{"posx":5,"posy":6,"amount":200},{"posx":13,"posy":6,"amount":550},{"posx":15,"posy":6,"amount":300},{"posx":1,"posy":7,"amount":250},{"posx":5,"posy":7,"amount":450},{"posx":18,"posy":7,"amount":350},{"posx":1,"posy":8,"amount":100},{"posx":3,"posy":8,"amount":250}],"changedObstacles":[]},{"players":[{"playerId":2413234,"score":575,"energy":14},{"playerId":2583616,"score":525,"energy":26},{"playerId":5722,"score":350,"energy":6},{"playerId":1168092,"score":400,"energy":10}],"golds":[{"posx":16,"posy":0,"amount":400},{"posx":19,"posy":0,"amount":50},{"posx":17,"posy":1,"amount":50},{"posx":19,"posy":2,"amount":50},{"posx":15,"posy":4,"amount":500},{"posx":14,"posy":5,"amount":550},{"posx":1,"posy":6,"amount":600},{"posx":5,"posy":6,"amount":200},{"posx":13,"posy":6,"amount":550},{"posx":15,"posy":6,"amount":300},{"posx":1,"posy":7,"amount":250},{"posx":5,"posy":7,"amount":350},{"posx":18,"posy":7,"amount":350},{"posx":1,"posy":8,"amount":100},{"posx":3,"posy":8,"amount":250}],"changedObstacles":[]},{"players":[{"playerId":2413234,"score":575,"energy":30},{"playerId":2583616,"score":575,"energy":21},{"playerId":5722,"score":350,"energy":18},{"playerId":1168092,"score":400,"energy":9}],"golds":[{"posx":16,"posy":0,"amount":400},{"posx":19,"posy":0,"amount":50},{"posx":17,"posy":1,"amount":50},{"posx":19,"posy":2,"amount":50},{"posx":15,"posy":4,"amount":500},{"posx":14,"posy":5,"amount":550},{"posx":1,"posy":6,"amount":600},{"posx":5,"posy":6,"amount":200},{"posx":13,"posy":6,"amount":550},{"posx":15,"posy":6,"amount":300},{"posx":1,"posy":7,"amount":250},{"posx":5,"posy":7,"amount":300},{"posx":18,"posy":7,"amount":350},{"posx":1,"posy":8,"amount":100},{"posx":3,"posy":8,"amount":250}],"changedObstacles":[]},{"players":[{"playerId":2413234,"score":625,"energy":25},{"playerId":2583616,"score":625,"energy":16},{"playerId":5722,"score":400,"energy":13},{"playerId":1168092,"score":400,"energy":8}],"golds":[{"posx":16,"posy":0,"amount":400},{"posx":19,"posy":0,"amount":50},{"posx":17,"posy":1,"amount":50},{"posx":19,"posy":2,"amount":50},{"posx":15,"posy":4,"amount":500},{"posx":14,"posy":5,"amount":550},{"posx":1,"posy":6,"amount":600},{"posx":5,"posy":6,"amount":150},{"posx":13,"posy":6,"amount":550},{"posx":15,"posy":6,"amount":300},{"posx":1,"posy":7,"amount":250},{"posx":5,"posy":7,"amount":200},{"posx":18,"posy":7,"amount":350},{"posx":1,"posy":8,"amount":100},{"posx":3,"posy":8,"amount":250}],"changedObstacles":[]},{"players":[{"playerId":2413234,"score":675,"energy":20},{"playerId":2583616,"score":675,"energy":11},{"playerId":5722,"score":450,"energy":8},{"playerId":1168092,"score":400,"energy":4}],"golds":[{"posx":16,"posy":0,"amount":400},{"posx":19,"posy":0,"amount":50},{"posx":17,"posy":1,"amount":50},{"posx":19,"posy":2,"amount":50},{"posx":15,"posy":4,"amount":500},{"posx":14,"posy":5,"amount":550},{"posx":1,"posy":6,"amount":600},{"posx":5,"posy":6,"amount":100},{"posx":13,"posy":6,"amount":550},{"posx":15,"posy":6,"amount":300},{"posx":1,"posy":7,"amount":250},{"posx":5,"posy":7,"amount":100},{"posx":18,"posy":7,"amount":350},{"posx":1,"posy":8,"amount":100},{"posx":3,"posy":8,"amount":250}],"changedObstacles":[]},{"players":[{"playerId":2413234,"score":725,"energy":15},{"playerId":2583616,"score":725,"energy":6},{"playerId":5722,"score":450,"energy":20},{"playerId":1168092,"score":400,"energy":16}],"golds":[{"posx":16,"posy":0,"amount":400},{"posx":19,"posy":0,"amount":50},{"posx":17,"posy":1,"amount":50},{"posx":19,"posy":2,"amount":50},{"posx":15,"posy":4,"amount":500},{"posx":14,"posy":5,"amount":550},{"posx":1,"posy":6,"amount":600},{"posx":5,"posy":6,"amount":50},{"posx":13,"posy":6,"amount":550},{"posx":15,"posy":6,"amount":300},{"posx":1,"posy":7,"amount":250},{"posx":5,"posy":7,"amount":50},{"posx":18,"posy":7,"amount":350},{"posx":1,"posy":8,"amount":100},{"posx":3,"posy":8,"amount":250}],"changedObstacles":[]},{"players":[{"playerId":2413234,"score":750,"energy":10},{"playerId":2583616,"score":725,"energy":18},{"playerId":5722,"score":500,"energy":15},{"playerId":1168092,"score":425,"energy":11}],"golds":[{"posx":16,"posy":0,"amount":400},{"posx":19,"posy":0,"amount":50},{"posx":17,"posy":1,"amount":50},{"posx":19,"posy":2,"amount":50},{"posx":15,"posy":4,"amount":500},{"posx":14,"posy":5,"amount":550},{"posx":1,"posy":6,"amount":600},{"posx":13,"posy":6,"amount":550},{"posx":15,"posy":6,"amount":300},{"posx":1,"posy":7,"amount":250},{"posx":18,"posy":7,"amount":350},{"posx":1,"posy":8,"amount":100},{"posx":3,"posy":8,"amount":250}],"changedObstacles":[{"type":0,"posx":5,"posy":6,"value":-1},{"type":0,"posx":5,"posy":7,"value":-1}]},{"players":[{"playerId":2413234,"score":750,"energy":9},{"playerId":2583616,"score":725,"energy":34},{"playerId":5722,"score":500,"energy":27},{"playerId":1168092,"score":425,"energy":10}],"golds":[{"posx":16,"posy":0,"amount":400},{"posx":19,"posy":0,"amount":50},{"posx":17,"posy":1,"amount":50},{"posx":19,"posy":2,"amount":50},{"posx":15,"posy":4,"amount":500},{"posx":14,"posy":5,"amount":550},{"posx":1,"posy":6,"amount":600},{"posx":13,"posy":6,"amount":550},{"posx":15,"posy":6,"amount":300},{"posx":1,"posy":7,"amount":250},{"posx":18,"posy":7,"amount":350},{"posx":1,"posy":8,"amount":100},{"posx":3,"posy":8,"amount":250}],"changedObstacles":[]},{"players":[{"playerId":2413234,"score":750,"energy":8},{"playerId":2583616,"score":725,"energy":50},{"playerId":5722,"score":500,"energy":22},{"playerId":1168092,"score":425,"energy":9}],"golds":[{"posx":16,"posy":0,"amount":400},{"posx":19,"posy":0,"amount":50},{"posx":17,"posy":1,"amount":50},{"posx":19,"posy":2,"amount":50},{"posx":15,"posy":4,"amount":500},{"posx":14,"posy":5,"amount":550},{"posx":1,"posy":6,"amount":600},{"posx":13,"posy":6,"amount":550},{"posx":15,"posy":6,"amount":300},{"posx":1,"posy":7,"amount":250},{"posx":18,"posy":7,"amount":350},{"posx":1,"posy":8,"amount":100},{"posx":3,"posy":8,"amount":250}],"changedObstacles":[]},{"players":[{"playerId":2413234,"score":750,"energy":7},{"playerId":2583616,"score":725,"energy":49},{"playerId":5722,"score":500,"energy":21},{"playerId":1168092,"score":425,"energy":8}],"golds":[{"posx":16,"posy":0,"amount":400},{"posx":19,"posy":0,"amount":50},{"posx":17,"posy":1,"amount":50},{"posx":19,"posy":2,"amount":50},{"posx":15,"posy":4,"amount":500},{"posx":14,"posy":5,"amount":550},{"posx":1,"posy":6,"amount":600},{"posx":13,"posy":6,"amount":550},{"posx":15,"posy":6,"amount":300},{"posx":1,"posy":7,"amount":250},{"posx":18,"posy":7,"amount":350},{"posx":1,"posy":8,"amount":100},{"posx":3,"posy":8,"amount":250}],"changedObstacles":[]},{"players":[{"playerId":2413234,"score":750,"energy":3},{"playerId":2583616,"score":725,"energy":48},{"playerId":5722,"score":500,"energy":17},{"playerId":1168092,"score":425,"energy":4}],"golds":[{"posx":16,"posy":0,"amount":400},{"posx":19,"posy":0,"amount":50},{"posx":17,"posy":1,"amount":50},{"posx":19,"posy":2,"amount":50},{"posx":15,"posy":4,"amount":500},{"posx":14,"posy":5,"amount":550},{"posx":1,"posy":6,"amount":600},{"posx":13,"posy":6,"amount":550},{"posx":15,"posy":6,"amount":300},{"posx":1,"posy":7,"amount":250},{"posx":18,"posy":7,"amount":350},{"posx":1,"posy":8,"amount":100},{"posx":3,"posy":8,"amount":250}],"changedObstacles":[]},{"players":[{"playerId":2413234,"score":750,"energy":15},{"playerId":2583616,"score":725,"energy":47},{"playerId":5722,"score":550,"energy":12},{"playerId":1168092,"score":425,"energy":16}],"golds":[{"posx":16,"posy":0,"amount":400},{"posx":19,"posy":0,"amount":50},{"posx":17,"posy":1,"amount":50},{"posx":19,"posy":2,"amount":50},{"posx":15,"posy":4,"amount":500},{"posx":14,"posy":5,"amount":550},{"posx":1,"posy":6,"amount":600},{"posx":13,"posy":6,"amount":550},{"posx":15,"posy":6,"amount":300},{"posx":1,"posy":7,"amount":250},{"posx":18,"posy":7,"amount":350},{"posx":1,"posy":8,"amount":100},{"posx":3,"posy":8,"amount":200}],"changedObstacles":[]},{"players":[{"playerId":2413234,"score":750,"energy":31},{"playerId":2583616,"score":725,"energy":46},{"playerId":5722,"score":600,"energy":7},{"playerId":1168092,"score":475,"energy":11}],"golds":[{"posx":16,"posy":0,"amount":400},{"posx":19,"posy":0,"amount":50},{"posx":17,"posy":1,"amount":50},{"posx":19,"posy":2,"amount":50},{"posx":15,"posy":4,"amount":500},{"posx":14,"posy":5,"amount":550},{"posx":1,"posy":6,"amount":600},{"posx":13,"posy":6,"amount":550},{"posx":15,"posy":6,"amount":300},{"posx":1,"posy":7,"amount":250},{"posx":18,"posy":7,"amount":350},{"posx":1,"posy":8,"amount":100},{"posx":3,"posy":8,"amount":100}],"changedObstacles":[]},{"players":[{"playerId":2413234,"score":800,"energy":26},{"playerId":2583616,"score":725,"energy":45},{"playerId":5722,"score":600,"energy":19},{"playerId":1168092,"score":525,"energy":6}],"golds":[{"posx":16,"posy":0,"amount":400},{"posx":19,"posy":0,"amount":50},{"posx":17,"posy":1,"amount":50},{"posx":19,"posy":2,"amount":50},{"posx":15,"posy":4,"amount":500},{"posx":14,"posy":5,"amount":550},{"posx":1,"posy":6,"amount":550},{"posx":13,"posy":6,"amount":550},{"posx":15,"posy":6,"amount":300},{"posx":1,"posy":7,"amount":250},{"posx":18,"posy":7,"amount":350},{"posx":1,"posy":8,"amount":100},{"posx":3,"posy":8,"amount":50}],"changedObstacles":[]},{"players":[{"playerId":2413234,"score":850,"energy":21},{"playerId":2583616,"score":725,"energy":44},{"playerId":5722,"score":625,"energy":14},{"playerId":1168092,"score":550,"energy":1}],"golds":[{"posx":16,"posy":0,"amount":400},{"posx":19,"posy":0,"amount":50},{"posx":17,"posy":1,"amount":50},{"posx":19,"posy":2,"amount":50},{"posx":15,"posy":4,"amount":500},{"posx":14,"posy":5,"amount":550},{"posx":1,"posy":6,"amount":500},{"posx":13,"posy":6,"amount":550},{"posx":15,"posy":6,"amount":300},{"posx":1,"posy":7,"amount":250},{"posx":18,"posy":7,"amount":350},{"posx":1,"posy":8,"amount":100}],"changedObstacles":[{"type":0,"posx":3,"posy":8,"value":-1}]},{"players":[{"playerId":2413234,"score":900,"energy":16},{"playerId":2583616,"score":725,"energy":43},{"playerId":5722,"score":625,"energy":13},{"playerId":1168092,"score":550,"energy":13}],"golds":[{"posx":16,"posy":0,"amount":400},{"posx":19,"posy":0,"amount":50},{"posx":17,"posy":1,"amount":50},{"posx":19,"posy":2,"amount":50},{"posx":15,"posy":4,"amount":500},{"posx":14,"posy":5,"amount":550},{"posx":1,"posy":6,"amount":450},{"posx":13,"posy":6,"amount":550},{"posx":15,"posy":6,"amount":300},{"posx":1,"posy":7,"amount":250},{"posx":18,"posy":7,"amount":350},{"posx":1,"posy":8,"amount":100}],"changedObstacles":[]},{"players":[{"playerId":2413234,"score":950,"energy":11},{"playerId":2583616,"score":725,"energy":42},{"playerId":5722,"score":625,"energy":25},{"playerId":1168092,"score":550,"energy":12}],"golds":[{"posx":16,"posy":0,"amount":400},{"posx":19,"posy":0,"amount":50},{"posx":17,"posy":1,"amount":50},{"posx":19,"posy":2,"amount":50},{"posx":15,"posy":4,"amount":500},{"posx":14,"posy":5,"amount":550},{"posx":1,"posy":6,"amount":400},{"posx":13,"posy":6,"amount":550},{"posx":15,"posy":6,"amount":300},{"posx":1,"posy":7,"amount":250},{"posx":18,"posy":7,"amount":350},{"posx":1,"posy":8,"amount":100}],"changedObstacles":[]},{"players":[{"playerId":2413234,"score":1000,"energy":6},{"playerId":2583616,"score":725,"energy":38},{"playerId":5722,"score":625,"energy":24},{"playerId":1168092,"score":550,"energy":8}],"golds":[{"posx":16,"posy":0,"amount":400},{"posx":19,"posy":0,"amount":50},{"posx":17,"posy":1,"amount":50},{"posx":19,"posy":2,"amount":50},{"posx":15,"posy":4,"amount":500},{"posx":14,"posy":5,"amount":550},{"posx":1,"posy":6,"amount":350},{"posx":13,"posy":6,"amount":550},{"posx":15,"posy":6,"amount":300},{"posx":1,"posy":7,"amount":250},{"posx":18,"posy":7,"amount":350},{"posx":1,"posy":8,"amount":100}],"changedObstacles":[]},{"players":[{"playerId":2413234,"score":1050,"energy":1},{"playerId":2583616,"score":775,"energy":33},{"playerId":5722,"score":625,"energy":20},{"playerId":1168092,"score":600,"energy":3}],"golds":[{"posx":16,"posy":0,"amount":400},{"posx":19,"posy":0,"amount":50},{"posx":17,"posy":1,"amount":50},{"posx":19,"posy":2,"amount":50},{"posx":15,"posy":4,"amount":500},{"posx":14,"posy":5,"amount":550},{"posx":1,"posy":6,"amount":300},{"posx":13,"posy":6,"amount":500},{"posx":15,"posy":6,"amount":300},{"posx":1,"posy":7,"amount":250},{"posx":18,"posy":7,"amount":350},{"posx":1,"posy":8,"amount":50}],"changedObstacles":[]},{"players":[{"playerId":2413234,"score":1050,"energy":13},{"playerId":2583616,"score":825,"energy":28},{"playerId":5722,"score":675,"energy":15},{"playerId":1168092,"score":600,"energy":15}],"golds":[{"posx":16,"posy":0,"amount":400},{"posx":19,"posy":0,"amount":50},{"posx":17,"posy":1,"amount":50},{"posx":19,"posy":2,"amount":50},{"posx":15,"posy":4,"amount":500},{"posx":14,"posy":5,"amount":550},{"posx":1,"posy":6,"amount":300},{"posx":13,"posy":6,"amount":450},{"posx":15,"posy":6,"amount":300},{"posx":1,"posy":7,"amount":200},{"posx":18,"posy":7,"amount":350},{"posx":1,"posy":8,"amount":50}],"changedObstacles":[]},{"players":[{"playerId":2413234,"score":1050,"energy":29},{"playerId":2583616,"score":875,"energy":23},{"playerId":5722,"score":725,"energy":10},{"playerId":1168092,"score":650,"energy":10}],"golds":[{"posx":16,"posy":0,"amount":400},{"posx":19,"posy":0,"amount":50},{"posx":17,"posy":1,"amount":50},{"posx":19,"posy":2,"amount":50},{"posx":15,"posy":4,"amount":500},{"posx":14,"posy":5,"amount":550},{"posx":1,"posy":6,"amount":300},{"posx":13,"posy":6,"amount":400},{"posx":15,"posy":6,"amount":300},{"posx":1,"posy":7,"amount":150},{"posx":18,"posy":7,"amount":350}],"changedObstacles":[{"type":0,"posx":1,"posy":8,"value":-1}]},{"players":[{"playerId":2413234,"score":1100,"energy":24},{"playerId":2583616,"score":925,"energy":18},{"playerId":5722,"score":725,"energy":22},{"playerId":1168092,"score":650,"energy":6}],"golds":[{"posx":16,"posy":0,"amount":400},{"posx":19,"posy":0,"amount":50},{"posx":17,"posy":1,"amount":50},{"posx":19,"posy":2,"amount":50},{"posx":15,"posy":4,"amount":500},{"posx":14,"posy":5,"amount":550},{"posx":1,"posy":6,"amount":250},{"posx":13,"posy":6,"amount":350},{"posx":15,"posy":6,"amount":300},{"posx":1,"posy":7,"amount":150},{"posx":18,"posy":7,"amount":350}],"changedObstacles":[]},{"players":[{"playerId":2413234,"score":1150,"energy":19},{"playerId":2583616,"score":975,"energy":13},{"playerId":5722,"score":775,"energy":17},{"playerId":1168092,"score":700,"energy":1}],"golds":[{"posx":16,"posy":0,"amount":400},{"posx":19,"posy":0,"amount":50},{"posx":17,"posy":1,"amount":50},{"posx":19,"posy":2,"amount":50},{"posx":15,"posy":4,"amount":500},{"posx":14,"posy":5,"amount":550},{"posx":1,"posy":6,"amount":200},{"posx":13,"posy":6,"amount":300},{"posx":15,"posy":6,"amount":300},{"posx":1,"posy":7,"amount":50},{"posx":18,"posy":7,"amount":350}],"changedObstacles":[]},{"players":[{"playerId":2413234,"score":1200,"energy":14},{"playerId":2583616,"score":1025,"energy":8},{"playerId":5722,"score":825,"energy":12},{"playerId":1168092,"score":700,"energy":13}],"golds":[{"posx":16,"posy":0,"amount":400},{"posx":19,"posy":0,"amount":50},{"posx":17,"posy":1,"amount":50},{"posx":19,"posy":2,"amount":50},{"posx":15,"posy":4,"amount":500},{"posx":14,"posy":5,"amount":550},{"posx":1,"posy":6,"amount":150},{"posx":13,"posy":6,"amount":250},{"posx":15,"posy":6,"amount":300},{"posx":18,"posy":7,"amount":350}],"changedObstacles":[{"type":0,"posx":1,"posy":7,"value":-1}]},{"players":[{"playerId":2413234,"score":1250,"energy":9},{"playerId":2583616,"score":1075,"energy":3},{"playerId":5722,"score":825,"energy":8},{"playerId":1168092,"score":700,"energy":9}],"golds":[{"posx":16,"posy":0,"amount":400},{"posx":19,"posy":0,"amount":50},{"posx":17,"posy":1,"amount":50},{"posx":19,"posy":2,"amount":50},{"posx":15,"posy":4,"amount":500},{"posx":14,"posy":5,"amount":550},{"posx":1,"posy":6,"amount":100},{"posx":13,"posy":6,"amount":200},{"posx":15,"posy":6,"amount":300},{"posx":18,"posy":7,"amount":350}],"changedObstacles":[]},{"players":[{"playerId":2413234,"score":1300,"energy":4},{"playerId":2583616,"score":1075,"energy":15},{"playerId":5722,"score":825,"energy":20},{"playerId":1168092,"score":750,"energy":4}],"golds":[{"posx":16,"posy":0,"amount":400},{"posx":19,"posy":0,"amount":50},{"posx":17,"posy":1,"amount":50},{"posx":19,"posy":2,"amount":50},{"posx":15,"posy":4,"amount":500},{"posx":14,"posy":5,"amount":550},{"posx":13,"posy":6,"amount":200},{"posx":15,"posy":6,"amount":300},{"posx":18,"posy":7,"amount":350}],"changedObstacles":[{"type":0,"posx":1,"posy":6,"value":-1}]},{"players":[{"playerId":2413234,"score":1300,"energy":3},{"playerId":2583616,"score":1075,"energy":31},{"playerId":5722,"score":825,"energy":19},{"playerId":1168092,"score":750,"energy":3}],"golds":[{"posx":16,"posy":0,"amount":400},{"posx":19,"posy":0,"amount":50},{"posx":17,"posy":1,"amount":50},{"posx":19,"posy":2,"amount":50},{"posx":15,"posy":4,"amount":500},{"posx":14,"posy":5,"amount":550},{"posx":13,"posy":6,"amount":200},{"posx":15,"posy":6,"amount":300},{"posx":18,"posy":7,"amount":350}],"changedObstacles":[]},{"players":[{"playerId":2413234,"score":1300,"energy":2},{"playerId":2583616,"score":1075,"energy":50},{"playerId":5722,"score":825,"energy":18},{"playerId":1168092,"score":750,"energy":2}],"golds":[{"posx":16,"posy":0,"amount":400},{"posx":19,"posy":0,"amount":50},{"posx":17,"posy":1,"amount":50},{"posx":19,"posy":2,"amount":50},{"posx":15,"posy":4,"amount":500},{"posx":14,"posy":5,"amount":550},{"posx":13,"posy":6,"amount":200},{"posx":15,"posy":6,"amount":300},{"posx":18,"posy":7,"amount":350}],"changedObstacles":[]},{"players":[{"playerId":2413234,"score":1300,"energy":1},{"playerId":2583616,"score":1125,"energy":45},{"playerId":5722,"score":825,"energy":17},{"playerId":1168092,"score":750,"energy":1}],"golds":[{"posx":16,"posy":0,"amount":400},{"posx":19,"posy":0,"amount":50},{"posx":17,"posy":1,"amount":50},{"posx":19,"posy":2,"amount":50},{"posx":15,"posy":4,"amount":500},{"posx":14,"posy":5,"amount":550},{"posx":13,"posy":6,"amount":150},{"posx":15,"posy":6,"amount":300},{"posx":18,"posy":7,"amount":350}],"changedObstacles":[]},{"players":[{"playerId":2413234,"score":1300,"energy":13},{"playerId":2583616,"score":1175,"energy":40},{"playerId":5722,"score":825,"energy":16},{"playerId":1168092,"score":750,"energy":13}],"golds":[{"posx":16,"posy":0,"amount":400},{"posx":19,"posy":0,"amount":50},{"posx":17,"posy":1,"amount":50},{"posx":19,"posy":2,"amount":50},{"posx":15,"posy":4,"amount":500},{"posx":14,"posy":5,"amount":550},{"posx":13,"posy":6,"amount":100},{"posx":15,"posy":6,"amount":300},{"posx":18,"posy":7,"amount":350}],"changedObstacles":[]},{"players":[{"playerId":2413234,"score":1300,"energy":29},{"playerId":2583616,"score":1225,"energy":35},{"playerId":5722,"score":825,"energy":15},{"playerId":1168092,"score":750,"energy":12}],"golds":[{"posx":16,"posy":0,"amount":400},{"posx":19,"posy":0,"amount":50},{"posx":17,"posy":1,"amount":50},{"posx":19,"posy":2,"amount":50},{"posx":15,"posy":4,"amount":500},{"posx":14,"posy":5,"amount":550},{"posx":13,"posy":6,"amount":50},{"posx":15,"posy":6,"amount":300},{"posx":18,"posy":7,"amount":350}],"changedObstacles":[]},{"players":[{"playerId":2413234,"score":1300,"energy":28},{"playerId":2583616,"score":1225,"energy":34},{"playerId":5722,"score":825,"energy":14},{"playerId":1168092,"score":750,"energy":11}],"golds":[{"posx":16,"posy":0,"amount":400},{"posx":19,"posy":0,"amount":50},{"posx":17,"posy":1,"amount":50},{"posx":19,"posy":2,"amount":50},{"posx":15,"posy":4,"amount":500},{"posx":14,"posy":5,"amount":550},{"posx":13,"posy":6,"amount":50},{"posx":15,"posy":6,"amount":300},{"posx":18,"posy":7,"amount":350}],"changedObstacles":[]},{"players":[{"playerId":2413234,"score":1300,"energy":27},{"playerId":2583616,"score":1225,"energy":30},{"playerId":5722,"score":825,"energy":13},{"playerId":1168092,"score":750,"energy":10}],"golds":[{"posx":16,"posy":0,"amount":400},{"posx":19,"posy":0,"amount":50},{"posx":17,"posy":1,"amount":50},{"posx":19,"posy":2,"amount":50},{"posx":15,"posy":4,"amount":500},{"posx":14,"posy":5,"amount":550},{"posx":13,"posy":6,"amount":50},{"posx":15,"posy":6,"amount":300},{"posx":18,"posy":7,"amount":350}],"changedObstacles":[]},{"players":[{"playerId":2413234,"score":1300,"energy":26},{"playerId":2583616,"score":1275,"energy":25},{"playerId":5722,"score":825,"energy":12},{"playerId":1168092,"score":750,"energy":9}],"golds":[{"posx":16,"posy":0,"amount":400},{"posx":19,"posy":0,"amount":50},{"posx":17,"posy":1,"amount":50},{"posx":19,"posy":2,"amount":50},{"posx":15,"posy":4,"amount":500},{"posx":14,"posy":5,"amount":500},{"posx":13,"posy":6,"amount":50},{"posx":15,"posy":6,"amount":300},{"posx":18,"posy":7,"amount":350}],"changedObstacles":[]},{"players":[{"playerId":2413234,"score":1300,"energy":25},{"playerId":2583616,"score":1325,"energy":20},{"playerId":5722,"score":825,"energy":11},{"playerId":1168092,"score":750,"energy":8}],"golds":[{"posx":16,"posy":0,"amount":400},{"posx":19,"posy":0,"amount":50},{"posx":17,"posy":1,"amount":50},{"posx":19,"posy":2,"amount":50},{"posx":15,"posy":4,"amount":500},{"posx":14,"posy":5,"amount":450},{"posx":13,"posy":6,"amount":50},{"posx":15,"posy":6,"amount":300},{"posx":18,"posy":7,"amount":350}],"changedObstacles":[]},{"players":[{"playerId":2413234,"score":1300,"energy":24},{"playerId":2583616,"score":1375,"energy":15},{"playerId":5722,"score":825,"energy":10},{"playerId":1168092,"score":750,"energy":7}],"golds":[{"posx":16,"posy":0,"amount":400},{"posx":19,"posy":0,"amount":50},{"posx":17,"posy":1,"amount":50},{"posx":19,"posy":2,"amount":50},{"posx":15,"posy":4,"amount":500},{"posx":14,"posy":5,"amount":400},{"posx":13,"posy":6,"amount":50},{"posx":15,"posy":6,"amount":300},{"posx":18,"posy":7,"amount":350}],"changedObstacles":[]},{"players":[{"playerId":2413234,"score":1300,"energy":23},{"playerId":2583616,"score":1425,"energy":10},{"playerId":5722,"score":825,"energy":22},{"playerId":1168092,"score":750,"energy":6}],"golds":[{"posx":16,"posy":0,"amount":400},{"posx":19,"posy":0,"amount":50},{"posx":17,"posy":1,"amount":50},{"posx":19,"posy":2,"amount":50},{"posx":15,"posy":4,"amount":500},{"posx":14,"posy":5,"amount":350},{"posx":13,"posy":6,"amount":50},{"posx":15,"posy":6,"amount":300},{"posx":18,"posy":7,"amount":350}],"changedObstacles":[]},{"players":[{"playerId":2413234,"score":1300,"energy":22},{"playerId":2583616,"score":1475,"energy":5},{"playerId":5722,"score":825,"energy":21},{"playerId":1168092,"score":750,"energy":5}],"golds":[{"posx":16,"posy":0,"amount":400},{"posx":19,"posy":0,"amount":50},{"posx":17,"posy":1,"amount":50},{"posx":19,"posy":2,"amount":50},{"posx":15,"posy":4,"amount":500},{"posx":14,"posy":5,"amount":300},{"posx":13,"posy":6,"amount":50},{"posx":15,"posy":6,"amount":300},{"posx":18,"posy":7,"amount":350}],"changedObstacles":[]},{"players":[{"playerId":2413234,"score":1300,"energy":21},{"playerId":2583616,"score":1475,"energy":17},{"playerId":5722,"score":825,"energy":20},{"playerId":1168092,"score":750,"energy":1}],"golds":[{"posx":16,"posy":0,"amount":400},{"posx":19,"posy":0,"amount":50},{"posx":17,"posy":1,"amount":50},{"posx":19,"posy":2,"amount":50},{"posx":15,"posy":4,"amount":500},{"posx":14,"posy":5,"amount":300},{"posx":13,"posy":6,"amount":50},{"posx":15,"posy":6,"amount":300},{"posx":18,"posy":7,"amount":350}],"changedObstacles":[]},{"players":[{"playerId":2413234,"score":1300,"energy":20},{"playerId":2583616,"score":1475,"energy":33},{"playerId":5722,"score":825,"energy":19},{"playerId":1168092,"score":750,"energy":13}],"golds":[{"posx":16,"posy":0,"amount":400},{"posx":19,"posy":0,"amount":50},{"posx":17,"posy":1,"amount":50},{"posx":19,"posy":2,"amount":50},{"posx":15,"posy":4,"amount":500},{"posx":14,"posy":5,"amount":300},{"posx":13,"posy":6,"amount":50},{"posx":15,"posy":6,"amount":300},{"posx":18,"posy":7,"amount":350}],"changedObstacles":[]},{"players":[{"playerId":2413234,"score":1300,"energy":19},{"playerId":2583616,"score":1475,"energy":50},{"playerId":5722,"score":825,"energy":31},{"playerId":1168092,"score":800,"energy":8}],"golds":[{"posx":16,"posy":0,"amount":400},{"posx":19,"posy":0,"amount":50},{"posx":17,"posy":1,"amount":50},{"posx":19,"posy":2,"amount":50},{"posx":15,"posy":4,"amount":500},{"posx":14,"posy":5,"amount":300},{"posx":15,"posy":6,"amount":300},{"posx":18,"posy":7,"amount":350}],"changedObstacles":[{"type":0,"posx":13,"posy":6,"value":-1}]},{"players":[{"playerId":2413234,"score":1300,"energy":15},{"playerId":2583616,"score":1525,"energy":45},{"playerId":5722,"score":825,"energy":30},{"playerId":1168092,"score":800,"energy":7}],"golds":[{"posx":16,"posy":0,"amount":400},{"posx":19,"posy":0,"amount":50},{"posx":17,"posy":1,"amount":50},{"posx":19,"posy":2,"amount":50},{"posx":15,"posy":4,"amount":500},{"posx":14,"posy":5,"amount":250},{"posx":15,"posy":6,"amount":300},{"posx":18,"posy":7,"amount":350}],"changedObstacles":[]},{"players":[{"playerId":2413234,"score":1350,"energy":10},{"playerId":2583616,"score":1575,"energy":40},{"playerId":5722,"score":825,"energy":29},{"playerId":1168092,"score":800,"energy":3}],"golds":[{"posx":16,"posy":0,"amount":400},{"posx":19,"posy":0,"amount":50},{"posx":17,"posy":1,"amount":50},{"posx":19,"posy":2,"amount":50},{"posx":15,"posy":4,"amount":500},{"posx":14,"posy":5,"amount":150},{"posx":15,"posy":6,"amount":300},{"posx":18,"posy":7,"amount":350}],"changedObstacles":[]},{"players":[{"playerId":2413234,"score":1400,"energy":5},{"playerId":2583616,"score":1625,"energy":35},{"playerId":5722,"score":825,"energy":28},{"playerId":1168092,"score":800,"energy":15}],"golds":[{"posx":16,"posy":0,"amount":400},{"posx":19,"posy":0,"amount":50},{"posx":17,"posy":1,"amount":50},{"posx":19,"posy":2,"amount":50},{"posx":15,"posy":4,"amount":500},{"posx":14,"posy":5,"amount":50},{"posx":15,"posy":6,"amount":300},{"posx":18,"posy":7,"amount":350}],"changedObstacles":[]},{"players":[{"playerId":2413234,"score":1400,"energy":17},{"playerId":2583616,"score":1625,"energy":34},{"playerId":5722,"score":825,"energy":27},{"playerId":1168092,"score":850,"energy":10}],"golds":[{"posx":16,"posy":0,"amount":400},{"posx":19,"posy":0,"amount":50},{"posx":17,"posy":1,"amount":50},{"posx":19,"posy":2,"amount":50},{"posx":15,"posy":4,"amount":500},{"posx":14,"posy":5,"amount":50},{"posx":15,"posy":6,"amount":250},{"posx":18,"posy":7,"amount":350}],"changedObstacles":[]},{"players":[{"playerId":2413234,"score":1400,"energy":33},{"playerId":2583616,"score":1625,"energy":30},{"playerId":5722,"score":825,"energy":26},{"playerId":1168092,"score":900,"energy":5}],"golds":[{"posx":16,"posy":0,"amount":400},{"posx":19,"posy":0,"amount":50},{"posx":17,"posy":1,"amount":50},{"posx":19,"posy":2,"amount":50},{"posx":15,"posy":4,"amount":500},{"posx":14,"posy":5,"amount":50},{"posx":15,"posy":6,"amount":200},{"posx":18,"posy":7,"amount":350}],"changedObstacles":[]},{"players":[{"playerId":2413234,"score":1450,"energy":28},{"playerId":2583616,"score":1675,"energy":25},{"playerId":5722,"score":825,"energy":25},{"playerId":1168092,"score":900,"energy":17}],"golds":[{"posx":16,"posy":0,"amount":400},{"posx":19,"posy":0,"amount":50},{"posx":17,"posy":1,"amount":50},{"posx":19,"posy":2,"amount":50},{"posx":15,"posy":4,"amount":450},{"posx":15,"posy":6,"amount":200},{"posx":18,"posy":7,"amount":350}],"changedObstacles":[{"type":0,"posx":14,"posy":5,"value":-1}]},{"players":[{"playerId":2413234,"score":1450,"energy":27},{"playerId":2583616,"score":1725,"energy":20},{"playerId":5722,"score":825,"energy":24},{"playerId":1168092,"score":950,"energy":12}],"golds":[{"posx":16,"posy":0,"amount":400},{"posx":19,"posy":0,"amount":50},{"posx":17,"posy":1,"amount":50},{"posx":19,"posy":2,"amount":50},{"posx":15,"posy":4,"amount":400},{"posx":15,"posy":6,"amount":150},{"posx":18,"posy":7,"amount":350}],"changedObstacles":[]},{"players":[{"playerId":2413234,"score":1450,"energy":23},{"playerId":2583616,"score":1775,"energy":15},{"playerId":5722,"score":825,"energy":23},{"playerId":1168092,"score":1000,"energy":7}],"golds":[{"posx":16,"posy":0,"amount":400},{"posx":19,"posy":0,"amount":50},{"posx":17,"posy":1,"amount":50},{"posx":19,"posy":2,"amount":50},{"posx":15,"posy":4,"amount":350},{"posx":15,"posy":6,"amount":100},{"posx":18,"posy":7,"amount":350}],"changedObstacles":[]},{"players":[{"playerId":2413234,"score":1500,"energy":18},{"playerId":2583616,"score":1825,"energy":10},{"playerId":5722,"score":825,"energy":22},{"playerId":1168092,"score":1050,"energy":2}],"golds":[{"posx":16,"posy":0,"amount":400},{"posx":19,"posy":0,"amount":50},{"posx":17,"posy":1,"amount":50},{"posx":19,"posy":2,"amount":50},{"posx":15,"posy":4,"amount":250},{"posx":15,"posy":6,"amount":50},{"posx":18,"posy":7,"amount":350}],"changedObstacles":[]},{"players":[{"playerId":2413234,"score":1550,"energy":13},{"playerId":2583616,"score":1875,"energy":5},{"playerId":5722,"score":825,"energy":21},{"playerId":1168092,"score":1050,"energy":14}],"golds":[{"posx":16,"posy":0,"amount":400},{"posx":19,"posy":0,"amount":50},{"posx":17,"posy":1,"amount":50},{"posx":19,"posy":2,"amount":50},{"posx":15,"posy":4,"amount":150},{"posx":15,"posy":6,"amount":50},{"posx":18,"posy":7,"amount":350}],"changedObstacles":[]},{"players":[{"playerId":2413234,"score":1600,"energy":8},{"playerId":2583616,"score":1875,"energy":17},{"playerId":5722,"score":825,"energy":20},{"playerId":1168092,"score":1100,"energy":9}],"golds":[{"posx":16,"posy":0,"amount":400},{"posx":19,"posy":0,"amount":50},{"posx":17,"posy":1,"amount":50},{"posx":19,"posy":2,"amount":50},{"posx":15,"posy":4,"amount":100},{"posx":18,"posy":7,"amount":350}],"changedObstacles":[{"type":0,"posx":15,"posy":6,"value":-1}]},{"players":[{"playerId":2413234,"score":1650,"energy":3},{"playerId":2583616,"score":1875,"energy":33},{"playerId":5722,"score":825,"energy":19},{"playerId":1168092,"score":1100,"energy":8}],"golds":[{"posx":16,"posy":0,"amount":400},{"posx":19,"posy":0,"amount":50},{"posx":17,"posy":1,"amount":50},{"posx":19,"posy":2,"amount":50},{"posx":15,"posy":4,"amount":50},{"posx":18,"posy":7,"amount":350}],"changedObstacles":[]},{"players":[{"playerId":2413234,"score":1650,"energy":15},{"playerId":2583616,"score":1875,"energy":50},{"playerId":5722,"score":825,"energy":18},{"playerId":1168092,"score":1100,"energy":4}],"golds":[{"posx":16,"posy":0,"amount":400},{"posx":19,"posy":0,"amount":50},{"posx":17,"posy":1,"amount":50},{"posx":19,"posy":2,"amount":50},{"posx":15,"posy":4,"amount":50},{"posx":18,"posy":7,"amount":350}],"changedObstacles":[]},{"players":[{"playerId":2413234,"score":1650,"energy":31},{"playerId":2583616,"score":1875,"energy":49},{"playerId":5722,"score":825,"energy":17},{"playerId":1168092,"score":1100,"energy":16}],"golds":[{"posx":16,"posy":0,"amount":400},{"posx":19,"posy":0,"amount":50},{"posx":17,"posy":1,"amount":50},{"posx":19,"posy":2,"amount":50},{"posx":15,"posy":4,"amount":50},{"posx":18,"posy":7,"amount":350}],"changedObstacles":[]},{"players":[{"playerId":2413234,"score":1675,"energy":26},{"playerId":2583616,"score":1875,"energy":48},{"playerId":5722,"score":825,"energy":16},{"playerId":1168092,"score":1125,"energy":11}],"golds":[{"posx":16,"posy":0,"amount":400},{"posx":19,"posy":0,"amount":50},{"posx":17,"posy":1,"amount":50},{"posx":19,"posy":2,"amount":50},{"posx":18,"posy":7,"amount":350}],"changedObstacles":[{"type":0,"posx":15,"posy":4,"value":-1}]},{"players":[{"playerId":2413234,"score":1675,"energy":25},{"playerId":2583616,"score":1875,"energy":47},{"playerId":5722,"score":825,"energy":15},{"playerId":1168092,"score":1125,"energy":10}],"golds":[{"posx":16,"posy":0,"amount":400},{"posx":19,"posy":0,"amount":50},{"posx":17,"posy":1,"amount":50},{"posx":19,"posy":2,"amount":50},{"posx":18,"posy":7,"amount":350}],"changedObstacles":[]},{"players":[{"playerId":2413234,"score":1675,"energy":24},{"playerId":2583616,"score":1875,"energy":46},{"playerId":5722,"score":825,"energy":14},{"playerId":1168092,"score":1125,"energy":9}],"golds":[{"posx":16,"posy":0,"amount":400},{"posx":19,"posy":0,"amount":50},{"posx":17,"posy":1,"amount":50},{"posx":19,"posy":2,"amount":50},{"posx":18,"posy":7,"amount":350}],"changedObstacles":[]},{"players":[{"playerId":2413234,"score":1675,"energy":23},{"playerId":2583616,"score":1875,"energy":42},{"playerId":5722,"score":825,"energy":13},{"playerId":1168092,"score":1125,"energy":8}],"golds":[{"posx":16,"posy":0,"amount":400},{"posx":19,"posy":0,"amount":50},{"posx":17,"posy":1,"amount":50},{"posx":19,"posy":2,"amount":50},{"posx":18,"posy":7,"amount":350}],"changedObstacles":[]},{"players":[{"playerId":2413234,"score":1675,"energy":22},{"playerId":2583616,"score":1925,"energy":37},{"playerId":5722,"score":825,"energy":12},{"playerId":1168092,"score":1125,"energy":7}],"golds":[{"posx":16,"posy":0,"amount":350},{"posx":19,"posy":0,"amount":50},{"posx":17,"posy":1,"amount":50},{"posx":19,"posy":2,"amount":50},{"posx":18,"posy":7,"amount":350}],"changedObstacles":[]},{"players":[{"playerId":2413234,"score":1675,"energy":18},{"playerId":2583616,"score":1975,"energy":32},{"playerId":5722,"score":825,"energy":11},{"playerId":1168092,"score":1125,"energy":3}],"golds":[{"posx":16,"posy":0,"amount":300},{"posx":19,"posy":0,"amount":50},{"posx":17,"posy":1,"amount":50},{"posx":19,"posy":2,"amount":50},{"posx":18,"posy":7,"amount":350}],"changedObstacles":[]},{"players":[{"playerId":2413234,"score":1725,"energy":13},{"playerId":2583616,"score":2025,"energy":27},{"playerId":5722,"score":825,"energy":10},{"playerId":1168092,"score":1125,"energy":15}],"golds":[{"posx":16,"posy":0,"amount":200},{"posx":19,"posy":0,"amount":50},{"posx":17,"posy":1,"amount":50},{"posx":19,"posy":2,"amount":50},{"posx":18,"posy":7,"amount":350}],"changedObstacles":[]},{"players":[{"playerId":2413234,"score":1775,"energy":8},{"playerId":2583616,"score":2075,"energy":22},{"playerId":5722,"score":825,"energy":22},{"playerId":1168092,"score":1175,"energy":10}],"golds":[{"posx":16,"posy":0,"amount":100},{"posx":19,"posy":0,"amount":50},{"posx":19,"posy":2,"amount":50},{"posx":18,"posy":7,"amount":350}],"changedObstacles":[{"type":0,"posx":17,"posy":1,"value":-1}]},{"players":[{"playerId":2413234,"score":1825,"energy":3},{"playerId":2583616,"score":2125,"energy":17},{"playerId":5722,"score":825,"energy":21},{"playerId":1168092,"score":1175,"energy":9}],"golds":[{"posx":19,"posy":0,"amount":50},{"posx":19,"posy":2,"amount":50},{"posx":18,"posy":7,"amount":350}],"changedObstacles":[{"type":0,"posx":16,"posy":0,"value":-1}]},{"players":[{"playerId":2413234,"score":1825,"energy":2},{"playerId":2583616,"score":2125,"energy":29},{"playerId":5722,"score":825,"energy":20},{"playerId":1168092,"score":1175,"energy":8}],"golds":[{"posx":19,"posy":0,"amount":50},{"posx":19,"posy":2,"amount":50},{"posx":18,"posy":7,"amount":350}],"changedObstacles":[]},{"players":[{"playerId":2413234,"score":1825,"energy":1},{"playerId":2583616,"score":2125,"energy":45},{"playerId":5722,"score":825,"energy":19},{"playerId":1168092,"score":1175,"energy":7}],"golds":[{"posx":19,"posy":0,"amount":50},{"posx":19,"posy":2,"amount":50},{"posx":18,"posy":7,"amount":350}],"changedObstacles":[]},{"players":[{"playerId":2413234,"score":1825,"energy":13},{"playerId":2583616,"score":2125,"energy":44},{"playerId":5722,"score":825,"energy":18},{"playerId":1168092,"score":1175,"energy":6}],"golds":[{"posx":19,"posy":0,"amount":50},{"posx":19,"posy":2,"amount":50},{"posx":18,"posy":7,"amount":350}],"changedObstacles":[]},{"players":[{"playerId":2413234,"score":1825,"energy":29},{"playerId":2583616,"score":2125,"energy":43},{"playerId":5722,"score":825,"energy":17},{"playerId":1168092,"score":1175,"energy":2}],"golds":[{"posx":19,"posy":0,"amount":50},{"posx":19,"posy":2,"amount":50},{"posx":18,"posy":7,"amount":350}],"changedObstacles":[]},{"players":[{"playerId":2413234,"score":1825,"energy":28},{"playerId":2583616,"score":2125,"energy":42},{"playerId":5722,"score":825,"energy":29},{"playerId":1168092,"score":1175,"energy":14}],"golds":[{"posx":19,"posy":0,"amount":50},{"posx":19,"posy":2,"amount":50},{"posx":18,"posy":7,"amount":350}],"changedObstacles":[]},{"players":[{"playerId":2413234,"score":1825,"energy":27},{"playerId":2583616,"score":2125,"energy":41},{"playerId":5722,"score":825,"energy":28},{"playerId":1168092,"score":1225,"energy":9}],"golds":[{"posx":19,"posy":0,"amount":50},{"posx":18,"posy":7,"amount":350}],"changedObstacles":[{"type":0,"posx":19,"posy":2,"value":-1}]},{"players":[{"playerId":2413234,"score":1825,"energy":26},{"playerId":2583616,"score":2125,"energy":40},{"playerId":5722,"score":825,"energy":27},{"playerId":1168092,"score":1225,"energy":8}],"golds":[{"posx":19,"posy":0,"amount":50},{"posx":18,"posy":7,"amount":350}],"changedObstacles":[]},{"players":[{"playerId":2413234,"score":1825,"energy":25},{"playerId":2583616,"score":2125,"energy":39},{"playerId":5722,"score":825,"energy":26},{"playerId":1168092,"score":1225,"energy":4}],"golds":[{"posx":19,"posy":0,"amount":50},{"posx":18,"posy":7,"amount":350}],"changedObstacles":[]},{"players":[{"playerId":2413234,"score":1825,"energy":24},{"playerId":2583616,"score":2125,"energy":38},{"playerId":5722,"score":825,"energy":25},{"playerId":1168092,"score":1225,"energy":16}],"golds":[{"posx":19,"posy":0,"amount":50},{"posx":18,"posy":7,"amount":350}],"changedObstacles":[]},{"players":[{"playerId":2413234,"score":1825,"energy":23},{"playerId":2583616,"score":2125,"energy":37},{"playerId":5722,"score":825,"energy":24},{"playerId":1168092,"score":1275,"energy":11}],"golds":[{"posx":18,"posy":7,"amount":350}],"changedObstacles":[{"type":0,"posx":19,"posy":0,"value":-1}]},{"players":[{"playerId":2413234,"score":1825,"energy":19},{"playerId":2583616,"score":2125,"energy":33},{"playerId":5722,"score":825,"energy":23},{"playerId":1168092,"score":1275,"energy":10}],"golds":[{"posx":18,"posy":7,"amount":350}],"changedObstacles":[]},{"players":[{"playerId":2413234,"score":1875,"energy":14},{"playerId":2583616,"score":2175,"energy":28},{"playerId":5722,"score":825,"energy":22},{"playerId":1168092,"score":1275,"energy":9}],"golds":[{"posx":18,"posy":7,"amount":250}],"changedObstacles":[]},{"players":[{"playerId":2413234,"score":1925,"energy":9},{"playerId":2583616,"score":2225,"energy":23},{"playerId":5722,"score":825,"energy":21},{"playerId":1168092,"score":1275,"energy":8}],"golds":[{"posx":18,"posy":7,"amount":150}],"changedObstacles":[]},{"players":[{"playerId":2413234,"score":1975,"energy":4},{"playerId":2583616,"score":2275,"energy":18},{"playerId":5722,"score":825,"energy":20},{"playerId":1168092,"score":1275,"energy":7}],"golds":[{"posx":18,"posy":7,"amount":50}],"changedObstacles":[]},{"players":[{"playerId":2413234,"score":1975,"energy":16},{"playerId":2583616,"score":2275,"energy":30},{"playerId":5722,"score":825,"energy":19},{"playerId":1168092,"score":1275,"energy":6}],"golds":[{"posx":18,"posy":7,"amount":50}],"changedObstacles":[]},{"players":[{"playerId":2413234,"score":1975,"energy":32},{"playerId":2583616,"score":2275,"energy":46},{"playerId":5722,"score":825,"energy":18},{"playerId":1168092,"score":1275,"energy":5}],"golds":[{"posx":18,"posy":7,"amount":50}],"changedObstacles":[]}]