[{"players":[{"playerId":2619262,"score":0,"energy":46},{"playerId":2407150,"score":0,"energy":46},{"playerId":2370542,"score":0,"energy":49},{"playerId":1166,"score":0,"energy":30}],"golds":[{"posx":1,"posy":8,"amount":100},{"posx":9,"posy":4,"amount":150},{"posx":15,"posy":6,"amount":300},{"posx":19,"posy":2,"amount":50},{"posx":17,"posy":1,"amount":50},{"posx":6,"posy":7,"amount":600},{"posx":1,"posy":6,"amount":600},{"posx":6,"posy":2,"amount":150},{"posx":8,"posy":3,"amount":100},{"posx":14,"posy":5,"amount":550},{"posx":5,"posy":6,"amount":450},{"posx":15,"posy":4,"amount":500},{"posx":18,"posy":7,"amount":350},{"posx":6,"posy":4,"amount":450},{"posx":3,"posy":8,"amount":250},{"posx":16,"posy":0,"amount":400},{"posx":1,"posy":7,"amount":250},{"posx":5,"posy":7,"amount":500},{"posx":13,"posy":6,"amount":550},{"posx":19,"posy":0,"amount":50}],"changedObstacles":[]},{"players":[{"playerId":2619262,"score":50,"energy":41},{"playerId":2407150,"score":0,"energy":45},{"playerId":2370542,"score":0,"energy":48},{"playerId":1166,"score":0,"energy":26}],"golds":[{"posx":16,"posy":0,"amount":400},{"posx":19,"posy":0,"amount":50},{"posx":17,"posy":1,"amount":50},{"posx":6,"posy":2,"amount":150},{"posx":19,"posy":2,"amount":50},{"posx":8,"posy":3,"amount":50},{"posx":6,"posy":4,"amount":450},{"posx":9,"posy":4,"amount":150},{"posx":15,"posy":4,"amount":500},{"posx":14,"posy":5,"amount":550},{"posx":1,"posy":6,"amount":600},{"posx":5,"posy":6,"amount":450},{"posx":13,"posy":6,"amount":550},{"posx":15,"posy":6,"amount":300},{"posx":1,"posy":7,"amount":250},{"posx":5,"posy":7,"amount":500},{"posx":6,"posy":7,"amount":600},{"posx":18,"posy":7,"amount":350},{"posx":1,"posy":8,"amount":100},{"posx":3,"posy":8,"amount":250}],"changedObstacles":[]},{"players":[{"playerId":2619262,"score":100,"energy":36},{"playerId":2407150,"score":0,"energy":44},{"playerId":2370542,"score":0,"energy":47},{"playerId":1166,"score":50,"energy":21}],"golds":[{"posx":16,"posy":0,"amount":400},{"posx":19,"posy":0,"amount":50},{"posx":17,"posy":1,"amount":50},{"posx":6,"posy":2,"amount":100},{"posx":19,"posy":2,"amount":50},{"posx":6,"posy":4,"amount":450},{"posx":9,"posy":4,"amount":150},{"posx":15,"posy":4,"amount":500},{"posx":14,"posy":5,"amount":550},{"posx":1,"posy":6,"amount":600},{"posx":5,"posy":6,"amount":450},{"posx":13,"posy":6,"amount":550},{"posx":15,"posy":6,"amount":300},{"posx":1,"posy":7,"amount":250},{"posx":5,"posy":7,"amount":500},{"posx":6,"posy":7,"amount":600},{"posx":18,"posy":7,"amount":350},{"posx":1,"posy":8,"amount":100},{"posx":3,"posy":8,"amount":250}],"changedObstacles":[{"type":0,"posx":8,"posy":3,"value":-1}]},{"players":[{"playerId":2619262,"score":100,"energy":35},{"playerId":2407150,"score":0,"energy":40},{"playerId":2370542,"score":0,"energy":46},{"playerId":1166,"score":100,"energy":16}],"golds":[{"posx":16,"posy":0,"amount":400},{"posx":19,"posy":0,"amount":50},{"posx":17,"posy":1,"amount":50},{"posx":6,"posy":2,"amount":50},{"posx":19,"posy":2,"amount":50},{"posx":6,"posy":4,"amount":450},{"posx":9,"posy":4,"amount":150},{"posx":15,"posy":4,"amount":500},{"posx":14,"posy":5,"amount":550},{"posx":1,"posy":6,"amount":600},{"posx":5,"posy":6,"amount":450},{"posx":13,"posy":6,"amount":550},{"posx":15,"posy":6,"amount":300},{"posx":1,"posy":7,"amount":250},{"posx":5,"posy":7,"amount":500},{"posx":6,"posy":7,"amount":600},{"posx":18,"posy":7,"amount":350},{"posx":1,"posy":8,"amount":100},{"posx":3,"posy":8,"amount":250}],"changedObstacles":[]},{"players":[{"playerId":2619262,"score":100,"energy":34},{"playerId":2407150,"score":50,"energy":35},{"playerId":2370542,"score":0,"energy":36},{"playerId":1166,"score":150,"energy":11}],"golds":[{"posx":16,"posy":0,"amount":400},{"posx":19,"posy":0,"amount":50},{"posx":17,"posy":1,"amount":50},{"posx":19,"posy":2,"amount":50},{"posx":6,"posy":4,"amount":400},{"posx":9,"posy":4,"amount":150},{"posx":15,"posy":4,"amount":500},{"posx":14,"posy":5,"amount":550},{"posx":1,"posy":6,"amount":600},{"posx":5,"posy":6,"amount":450},{"posx":13,"posy":6,"amount":550},{"posx":15,"posy":6,"amount":300},{"posx":1,"posy":7,"amount":250},{"posx":5,"posy":7,"amount":500},{"posx":6,"posy":7,"amount":600},{"posx":18,"posy":7,"amount":350},{"posx":1,"posy":8,"amount":100},{"posx":3,"posy":8,"amount":250}],"changedObstacles":[{"type":0,"posx":13,"posy":2,"value":-1},{"type":0,"posx":6,"posy":2,"value":-1}]},{"players":[{"playerId":2619262,"score":100,"energy":30},{"playerId":2407150,"score":100,"energy":30},{"playerId":2370542,"score":0,"energy":35},{"playerId":1166,"score":150,"energy":10}],"golds":[{"posx":16,"posy":0,"amount":400},{"posx":19,"posy":0,"amount":50},{"posx":17,"posy":1,"amount":50},{"posx":19,"posy":2,"amount":50},{"posx":6,"posy":4,"amount":350},{"posx":9,"posy":4,"amount":150},{"posx":15,"posy":4,"amount":500},{"posx":14,"posy":5,"amount":550},{"posx":1,"posy":6,"amount":600},{"posx":5,"posy":6,"amount":450},{"posx":13,"posy":6,"amount":550},{"posx":15,"posy":6,"amount":300},{"posx":1,"posy":7,"amount":250},{"posx":5,"posy":7,"amount":500},{"posx":6,"posy":7,"amount":600},{"posx":18,"posy":7,"amount":350},{"posx":1,"posy":8,"amount":100},{"posx":3,"posy":8,"amount":250}],"changedObstacles":[]},{"players":[{"playerId":2619262,"score":150,"energy":25},{"playerId":2407150,"score":100,"energy":29},{"playerId":2370542,"score":0,"energy":34},{"playerId":1166,"score":150,"energy":6}],"golds":[{"posx":16,"posy":0,"amount":400},{"posx":19,"posy":0,"amount":50},{"posx":17,"posy":1,"amount":50},{"posx":19,"posy":2,"amount":50},{"posx":6,"posy":4,"amount":300},{"posx":9,"posy":4,"amount":150},{"posx":15,"posy":4,"amount":500},{"posx":14,"posy":5,"amount":550},{"posx":1,"posy":6,"amount":600},{"posx":5,"posy":6,"amount":450},{"posx":13,"posy":6,"amount":550},{"posx":15,"posy":6,"amount":300},{"posx":1,"posy":7,"amount":250},{"posx":5,"posy":7,"amount":500},{"posx":6,"posy":7,"amount":600},{"posx":18,"posy":7,"amount":350},{"posx":1,"posy":8,"amount":100},{"posx":3,"posy":8,"amount":250}],"changedObstacles":[]},{"players":[{"playerId":2619262,"score":200,"energy":20},{"playerId":2407150,"score":100,"energy":28},{"playerId":2370542,"score":0,"energy":33},{"playerId":1166,"score":200,"energy":1}],"golds":[{"posx":16,"posy":0,"amount":400},{"posx":19,"posy":0,"amount":50},{"posx":17,"posy":1,"amount":50},{"posx":19,"posy":2,"amount":50},{"posx":6,"posy":4,"amount":200},{"posx":9,"posy":4,"amount":150},{"posx":15,"posy":4,"amount":500},{"posx":14,"posy":5,"amount":550},{"posx":1,"posy":6,"amount":600},{"posx":5,"posy":6,"amount":450},{"posx":13,"posy":6,"amount":550},{"posx":15,"posy":6,"amount":300},{"posx":1,"posy":7,"amount":250},{"posx":5,"posy":7,"amount":500},{"posx":6,"posy":7,"amount":600},{"posx":18,"posy":7,"amount":350},{"posx":1,"posy":8,"amount":100},{"posx":3,"posy":8,"amount":250}],"changedObstacles":[]},{"players":[{"playerId":2619262,"score":250,"energy":15},{"playerId":2407150,"score":100,"energy":24},{"playerId":2370542,"score":0,"energy":32},{"playerId":1166,"score":200,"energy":13}],"golds":[{"posx":16,"posy":0,"amount":400},{"posx":19,"posy":0,"amount":50},{"posx":17,"posy":1,"amount":50},{"posx":19,"posy":2,"amount":50},{"posx":6,"posy":4,"amount":150},{"posx":9,"posy":4,"amount":150},{"posx":15,"posy":4,"amount":500},{"posx":14,"posy":5,"amount":550},{"posx":1,"posy":6,"amount":600},{"posx":5,"posy":6,"amount":450},{"posx":13,"posy":6,"amount":550},{"posx":15,"posy":6,"amount":300},{"posx":1,"posy":7,"amount":250},{"posx":5,"posy":7,"amount":500},{"posx":6,"posy":7,"amount":600},{"posx":18,"posy":7,"amount":350},{"posx":1,"posy":8,"amount":100},{"posx":3,"posy":8,"amount":250}],"changedObstacles":[]},{"players":[{"playerId":2619262,"score":300,"energy":10},{"playerId":2407150,"score":150,"energy":19},{"playerId":2370542,"score":0,"energy":31},{"playerId":1166,"score":250,"energy":8}],"golds":[{"posx":16,"posy":0,"amount":400},{"posx":19,"posy":0,"amount":50},{"posx":17,"posy":1,"amount":50},{"posx":19,"posy":2,"amount":50},{"posx":6,"posy":4,"amount":50},{"posx":9,"posy":4,"amount":150},{"posx":15,"posy":4,"amount":500},{"posx":14,"posy":5,"amount":550},{"posx":1,"posy":6,"amount":600},{"posx":5,"posy":6,"amount":450},{"posx":13,"posy":6,"amount":550},{"posx":15,"posy":6,"amount":300},{"posx":1,"posy":7,"amount":250},{"posx":5,"posy":7,"amount":500},{"posx":6,"posy":7,"amount":550},{"posx":18,"posy":7,"amount":350},{"posx":1,"posy":8,"amount":100},{"posx":3,"posy":8,"amount":250}],"changedObstacles":[]},{"players":[{"playerId":2619262,"score":325,"energy":5},{"playerId":2407150,"score":200,"energy":14},{"playerId":2370542,"score":0,"energy":43},{"playerId":1166,"score":275,"energy":3}],"golds":[{"posx":16,"posy":0,"amount":400},{"posx":19,"posy":0,"amount":50},{"posx":17,"posy":1,"amount":50},{"posx":19,"posy":2,"amount":50},{"posx":9,"posy":4,"amount":150},{"posx":15,"posy":4,"amount":500},{"posx":14,"posy":5,"amount":550},{"posx":1,"posy":6,"amount":600},{"posx":5,"posy":6,"amount":450},{"posx":13,"posy":6,"amount":550},{"posx":15,"posy":6,"amount":300},{"posx":1,"posy":7,"amount":250},{"posx":5,"posy":7,"amount":500},{"posx":6,"posy":7,"amount":500},{"posx":18,"posy":7,"amount":350},{"posx":1,"posy":8,"amount":100},{"posx":3,"posy":8,"amount":250}],"changedObstacles":[{"type":0,"posx":6,"posy":4,"value":-1}]},{"players":[{"playerId":2619262,"score":325,"energy":4},{"playerId":2407150,"score":250,"energy":9},{"playerId":2370542,"score":0,"energy":50},{"playerId":1166,"score":275,"energy":15}],"golds":[{"posx":16,"posy":0,"amount":400},{"posx":19,"posy":0,"amount":50},{"posx":17,"posy":1,"amount":50},{"posx":19,"posy":2,"amount":50},{"posx":9,"posy":4,"amount":150},{"posx":15,"posy":4,"amount":500},{"posx":14,"posy":5,"amount":550},{"posx":1,"posy":6,"amount":600},{"posx":5,"posy":6,"amount":450},{"posx":13,"posy":6,"amount":550},{"posx":15,"posy":6,"amount":300},{"posx":1,"posy":7,"amount":250},{"posx":5,"posy":7,"amount":500},{"posx":6,"posy":7,"amount":450},{"posx":18,"posy":7,"amount":350},{"posx":1,"posy":8,"amount":100},{"posx":3,"posy":8,"amount":250}],"changedObstacles":[]},{"players":[{"playerId":2619262,"score":325,"energy":3},{"playerId":2407150,"score":300,"energy":4},{"playerId":2370542,"score":0,"energy":50},{"playerId":1166,"score":275,"energy":31}],"golds":[{"posx":16,"posy":0,"amount":400},{"posx":19,"posy":0,"amount":50},{"posx":17,"posy":1,"amount":50},{"posx":19,"posy":2,"amount":50},{"posx":9,"posy":4,"amount":150},{"posx":15,"posy":4,"amount":500},{"posx":14,"posy":5,"amount":550},{"posx":1,"posy":6,"amount":600},{"posx":5,"posy":6,"amount":450},{"posx":13,"posy":6,"amount":550},{"posx":15,"posy":6,"amount":300},{"posx":1,"posy":7,"amount":250},{"posx":5,"posy":7,"amount":500},{"posx":6,"posy":7,"amount":400},{"posx":18,"posy":7,"amount":350},{"posx":1,"posy":8,"amount":100},{"posx":3,"posy":8,"amount":250}],"changedObstacles":[]},{"players":[{"playerId":2619262,"score":325,"energy":15},{"playerId":2407150,"score":300,"energy":16},{"playerId":2370542,"score":0,"energy":49},{"playerId":1166,"score":275,"energy":50}],"golds":[{"posx":16,"posy":0,"amount":400},{"posx":19,"posy":0,"amount":50},{"posx":17,"posy":1,"amount":50},{"posx":19,"posy":2,"amount":50},{"posx":9,"posy":4,"amount":150},{"posx":15,"posy":4,"amount":500},{"posx":14,"posy":5,"amount":550},{"posx":1,"posy":6,"amount":600},{"posx":5,"posy":6,"amount":450},{"posx":13,"posy":6,"amount":550},{"posx":15,"posy":6,"amount":300},{"posx":1,"posy":7,"amount":250},{"posx":5,"posy":7,"amount":500},{"posx":6,"posy":7,"amount":400},{"posx":18,"posy":7,"amount":350},{"posx":1,"posy":8,"amount":100},{"posx":3,"posy":8,"amount":250}],"changedObstacles":[]},{"players":[{"playerId":2619262,"score":325,"energy":11},{"playerId":2407150,"score":300,"energy":32},{"playerId":2370542,"score":0,"energy":48},{"playerId":1166,"score":275,"energy":49}],"golds":[{"posx":16,"posy":0,"amount":400},{"posx":19,"posy":0,"amount":50},{"posx":17,"posy":1,"amount":50},{"posx":19,"posy":2,"amount":50},{"posx":9,"posy":4,"amount":150},{"posx":15,"posy":4,"amount":500},{"posx":14,"posy":5,"amount":550},{"posx":1,"posy":6,"amount":600},{"posx":5,"posy":6,"amount":450},{"posx":13,"posy":6,"amount":550},{"posx":15,"posy":6,"amount":300},{"posx":1,"posy":7,"amount":250},{"posx":5,"posy":7,"amount":500},{"posx":6,"posy":7,"amount":400},{"posx":18,"posy":7,"amount":350},{"posx":1,"posy":8,"amount":100},{"posx":3,"posy":8,"amount":250}],"changedObstacles":[]},{"players":[{"playerId":2619262,"score":375,"energy":6},{"playerId":2407150,"score":300,"energy":50},{"playerId":2370542,"score":0,"energy":47},{"playerId":1166,"score":275,"energy":48}],"golds":[{"posx":16,"posy":0,"amount":400},{"posx":19,"posy":0,"amount":50},{"posx":17,"posy":1,"amount":50},{"posx":19,"posy":2,"amount":50},{"posx":9,"posy":4,"amount":150},{"posx":15,"posy":4,"amount":500},{"posx":14,"posy":5,"amount":550},{"posx":1,"posy":6,"amount":600},{"posx":5,"posy":6,"amount":400},{"posx":13,"posy":6,"amount":550},{"posx":15,"posy":6,"amount":300},{"posx":1,"posy":7,"amount":250},{"posx":5,"posy":7,"amount":500},{"posx":6,"posy":7,"amount":400},{"posx":18,"posy":7,"amount":350},{"posx":1,"posy":8,"amount":100},{"posx":3,"posy":8,"amount":250}],"changedObstacles":[]},{"players":[{"playerId":2619262,"score":425,"energy":1},{"playerId":2407150,"score":350,"energy":45},{"playerId":2370542,"score":0,"energy":46},{"playerId":1166,"score":275,"energy":44}],"golds":[{"posx":16,"posy":0,"amount":400},{"posx":19,"posy":0,"amount":50},{"posx":17,"posy":1,"amount":50},{"posx":19,"posy":2,"amount":50},{"posx":9,"posy":4,"amount":150},{"posx":15,"posy":4,"amount":500},{"posx":14,"posy":5,"amount":550},{"posx":1,"posy":6,"amount":600},{"posx":5,"posy":6,"amount":350},{"posx":13,"posy":6,"amount":550},{"posx":15,"posy":6,"amount":300},{"posx":1,"posy":7,"amount":250},{"posx":5,"posy":7,"amount":500},{"posx":6,"posy":7,"amount":350},{"posx":18,"posy":7,"amount":350},{"posx":1,"posy":8,"amount":100},{"posx":3,"posy":8,"amount":250}],"changedObstacles":[]},{"players":[{"playerId":2619262,"score":425,"energy":13},{"playerId":2407150,"score":400,"energy":40},{"playerId":2370542,"score":0,"energy":45},{"playerId":1166,"score":325,"energy":39}],"golds":[{"posx":16,"posy":0,"amount":400},{"posx":19,"posy":0,"amount":50},{"posx":17,"posy":1,"amount":50},{"posx":19,"posy":2,"amount":50},{"posx":9,"posy":4,"amount":150},{"posx":15,"posy":4,"amount":500},{"posx":14,"posy":5,"amount":550},{"posx":1,"posy":6,"amount":600},{"posx":5,"posy":6,"amount":300},{"posx":13,"posy":6,"amount":550},{"posx":15,"posy":6,"amount":300},{"posx":1,"posy":7,"amount":250},{"posx":5,"posy":7,"amount":500},{"posx":6,"posy":7,"amount":300},{"posx":18,"posy":7,"amount":350},{"posx":1,"posy":8,"amount":100},{"posx":3,"posy":8,"amount":250}],"changedObstacles":[]},{"players":[{"playerId":2619262,"score":475,"energy":8},{"playerId":2407150,"score":450,"energy":35},{"playerId":2370542,"score":0,"energy":44},{"playerId":1166,"score":375,"energy":34}],"golds":[{"posx":16,"posy":0,"amount":400},{"posx":19,"posy":0,"amount":50},{"posx":17,"posy":1,"amount":50},{"posx":19,"posy":2,"amount":50},{"posx":9,"posy":4,"amount":150},{"posx":15,"posy":4,"amount":500},{"posx":14,"posy":5,"amount":550},{"posx":1,"posy":6,"amount":600},{"posx":5,"posy":6,"amount":200},{"posx":13,"posy":6,"amount":550},{"posx":15,"posy":6,"amount":300},{"posx":1,"posy":7,"amount":250},{"posx":5,"posy":7,"amount":500},{"posx":6,"posy":7,"amount":250},{"posx":18,"posy":7,"amount":350},{"posx":1,"posy":8,"amount":100},{"posx":3,"posy":8,"amount":250}],"changedObstacles":[]},{"players":[{"playerId":2619262,"score":525,"energy":3},{"playerId":2407150,"score":500,"energy":30},{"playerId":2370542,"score":0,"energy":43},{"playerId":1166,"score":425,"energy":29}],"golds":[{"posx":16,"posy":0,"amount":400},{"posx":19,"posy":0,"amount":50},{"posx":17,"posy":1,"amount":50},{"posx":19,"posy":2,"amount":50},{"posx":9,"posy":4,"amount":150},{"posx":15,"posy":4,"amount":500},{"posx":14,"posy":5,"amount":550},{"posx":1,"posy":6,"amount":600},{"posx":5,"posy":6,"amount":100},{"posx":13,"posy":6,"amount":550},{"posx":15,"posy":6,"amount":300},{"posx":1,"posy":7,"amount":250},{"posx":5,"posy":7,"amount":500},{"posx":6,"posy":7,"amount":200},{"posx":18,"posy":7,"amount":350},{"posx":1,"posy":8,"amount":100},{"posx":3,"posy":8,"amount":250}],"changedObstacles":[]},{"players":[{"playerId":2619262,"score":525,"energy":15},{"playerId":2407150,"score":550,"energy":25},{"playerId":2370542,"score":0,"energy":42},{"playerId":1166,"score":475,"energy":24}],"golds":[{"posx":16,"posy":0,"amount":400},{"posx":19,"posy":0,"amount":50},{"posx":17,"posy":1,"amount":50},{"posx":19,"posy":2,"amount":50},{"posx":9,"posy":4,"amount":150},{"posx":15,"posy":4,"amount":500},{"posx":14,"posy":5,"amount":550},{"posx":1,"posy":6,"amount":600},{"posx":5,"posy":6,"amount":50},{"posx":13,"posy":6,"amount":550},{"posx":15,"posy":6,"amount":300},{"posx":1,"posy":7,"amount":250},{"posx":5,"posy":7,"amount":500},{"posx":6,"posy":7,"amount":150},{"posx":18,"posy":7,"amount":350},{"posx":1,"posy":8,"amount":100},{"posx":3,"posy":8,"amount":250}],"changedObstacles":[]},{"players":[{"playerId":2619262,"score":550,"energy":10},{"playerId":2407150,"score":600,"energy":20},{"playerId":2370542,"score":0,"energy":41},{"playerId":1166,"score":500,"energy":19}],"golds":[{"posx":16,"posy":0,"amount":400},{"posx":19,"posy":0,"amount":50},{"posx":17,"posy":1,"amount":50},{"posx":19,"posy":2,"amount":50},{"posx":9,"posy":4,"amount":150},{"posx":15,"posy":4,"amount":500},{"posx":14,"posy":5,"amount":550},{"posx":1,"posy":6,"amount":600},{"posx":13,"posy":6,"amount":550},{"posx":15,"posy":6,"amount":300},{"posx":1,"posy":7,"amount":250},{"posx":5,"posy":7,"amount":500},{"posx":6,"posy":7,"amount":100},{"posx":18,"posy":7,"amount":350},{"posx":1,"posy":8,"amount":100},{"posx":3,"posy":8,"amount":250}],"changedObstacles":[{"type":0,"posx":5,"posy":6,"value":-1}]},{"players":[{"playerId":2619262,"score":550,"energy":6},{"playerId":2407150,"score":650,"energy":15},{"playerId":2370542,"score":0,"energy":40},{"playerId":1166,"score":500,"energy":15}],"golds":[{"posx":16,"posy":0,"amount":400},{"posx":19,"posy":0,"amount":50},{"posx":17,"posy":1,"amount":50},{"posx":19,"posy":2,"amount":50},{"posx":9,"posy":4,"amount":150},{"posx":15,"posy":4,"amount":500},{"posx":14,"posy":5,"amount":550},{"posx":1,"posy":6,"amount":600},{"posx":13,"posy":6,"amount":550},{"posx":15,"posy":6,"amount":300},{"posx":1,"posy":7,"amount":250},{"posx":5,"posy":7,"amount":500},{"posx":6,"posy":7,"amount":50},{"posx":18,"posy":7,"amount":350},{"posx":1,"posy":8,"amount":100},{"posx":3,"posy":8,"amount":250}],"changedObstacles":[]},{"players":[{"playerId":2619262,"score":600,"energy":1},{"playerId":2407150,"score":700,"energy":10},{"playerId":2370542,"score":0,"energy":39},{"playerId":1166,"score":550,"energy":10}],"golds":[{"posx":16,"posy":0,"amount":400},{"posx":19,"posy":0,"amount":50},{"posx":17,"posy":1,"amount":50},{"posx":19,"posy":2,"amount":50},{"posx":9,"posy":4,"amount":150},{"posx":15,"posy":4,"amount":500},{"posx":14,"posy":5,"amount":550},{"posx":1,"posy":6,"amount":600},{"posx":13,"posy":6,"amount":550},{"posx":15,"posy":6,"amount":300},{"posx":1,"posy":7,"amount":250},{"posx":5,"posy":7,"amount":400},{"posx":18,"posy":7,"amount":350},{"posx":1,"posy":8,"amount":100},{"posx":3,"posy":8,"amount":250}],"changedObstacles":[{"type":0,"posx":6,"posy":7,"value":-1}]},{"players":[{"playerId":2619262,"score":600,"energy":13},{"playerId":2407150,"score":700,"energy":9},{"playerId":2370542,"score":0,"energy":38},{"playerId":1166,"score":600,"energy":5}],"golds":[{"posx":16,"posy":0,"amount":400},{"posx":19,"posy":0,"amount":50},{"posx":17,"posy":1,"amount":50},{"posx":19,"posy":2,"amount":50},{"posx":9,"posy":4,"amount":150},{"posx":15,"posy":4,"amount":500},{"posx":14,"posy":5,"amount":550},{"posx":1,"posy":6,"amount":600},{"posx":13,"posy":6,"amount":550},{"posx":15,"posy":6,"amount":300},{"posx":1,"posy":7,"amount":250},{"posx":5,"posy":7,"amount":350},{"posx":18,"posy":7,"amount":350},{"posx":1,"posy":8,"amount":100},{"posx":3,"posy":8,"amount":250}],"changedObstacles":[]},{"players":[{"playerId":2619262,"score":650,"energy":8},{"playerId":2407150,"score":700,"energy":8},{"playerId":2370542,"score":0,"energy":37},{"playerId":1166,"score":600,"energy":17}],"golds":[{"posx":16,"posy":0,"amount":400},{"posx":19,"posy":0,"amount":50},{"posx":17,"posy":1,"amount":50},{"posx":19,"posy":2,"amount":50},{"posx":9,"posy":4,"amount":150},{"posx":15,"posy":4,"amount":500},{"posx":14,"posy":5,"amount":550},{"posx":1,"posy":6,"amount":600},{"posx":13,"posy":6,"amount":550},{"posx":15,"posy":6,"amount":300},{"posx":1,"posy":7,"amount":250},{"posx":5,"posy":7,"amount":300},{"posx":18,"posy":7,"amount":350},{"posx":1,"posy":8,"amount":100},{"posx":3,"posy":8,"amount":250}],"changedObstacles":[]},{"players":[{"playerId":2619262,"score":700,"energy":3},{"playerId":2407150,"score":700,"energy":7},{"playerId":2370542,"score":0,"energy":36},{"playerId":1166,"score":650,"energy":12}],"golds":[{"posx":16,"posy":0,"amount":400},{"posx":19,"posy":0,"amount":50},{"posx":17,"posy":1,"amount":50},{"posx":19,"posy":2,"amount":50},{"posx":9,"posy":4,"amount":150},{"posx":15,"posy":4,"amount":500},{"posx":14,"posy":5,"amount":550},{"posx":1,"posy":6,"amount":600},{"posx":13,"posy":6,"amount":550},{"posx":15,"posy":6,"amount":300},{"posx":1,"posy":7,"amount":250},{"posx":5,"posy":7,"amount":200},{"posx":18,"posy":7,"amount":350},{"posx":1,"posy":8,"amount":100},{"posx":3,"posy":8,"amount":250}],"changedObstacles":[]},{"players":[{"playerId":2619262,"score":700,"energy":15},{"playerId":2407150,"score":700,"energy":6},{"playerId":2370542,"score":0,"energy":35},{"playerId":1166,"score":700,"energy":7}],"golds":[{"posx":16,"posy":0,"amount":400},{"posx":19,"posy":0,"amount":50},{"posx":17,"posy":1,"amount":50},{"posx":19,"posy":2,"amount":50},{"posx":9,"posy":4,"amount":150},{"posx":15,"posy":4,"amount":500},{"posx":14,"posy":5,"amount":550},{"posx":1,"posy":6,"amount":600},{"posx":13,"posy":6,"amount":550},{"posx":15,"posy":6,"amount":300},{"posx":1,"posy":7,"amount":250},{"posx":5,"posy":7,"amount":150},{"posx":18,"posy":7,"amount":350},{"posx":1,"posy":8,"amount":100},{"posx":3,"posy":8,"amount":250}],"changedObstacles":[]},{"players":[{"playerId":2619262,"score":750,"energy":10},{"playerId":2407150,"score":700,"energy":5},{"playerId":2370542,"score":0,"energy":34},{"playerId":1166,"score":750,"energy":2}],"golds":[{"posx":16,"posy":0,"amount":400},{"posx":19,"posy":0,"amount":50},{"posx":17,"posy":1,"amount":50},{"posx":19,"posy":2,"amount":50},{"posx":9,"posy":4,"amount":150},{"posx":15,"posy":4,"amount":500},{"posx":14,"posy":5,"amount":550},{"posx":1,"posy":6,"amount":600},{"posx":13,"posy":6,"amount":550},{"posx":15,"posy":6,"amount":300},{"posx":1,"posy":7,"amount":250},{"posx":5,"posy":7,"amount":50},{"posx":18,"posy":7,"amount":350},{"posx":1,"posy":8,"amount":100},{"posx":3,"posy":8,"amount":250}],"changedObstacles":[]},{"players":[{"playerId":2619262,"score":800,"energy":5},{"playerId":2407150,"score":700,"energy":4},{"playerId":2370542,"score":0,"energy":33},{"playerId":1166,"score":750,"energy":14}],"golds":[{"posx":16,"posy":0,"amount":400},{"posx":19,"posy":0,"amount":50},{"posx":17,"posy":1,"amount":50},{"posx":19,"posy":2,"amount":50},{"posx":9,"posy":4,"amount":150},{"posx":15,"posy":4,"amount":500},{"posx":14,"posy":5,"amount":550},{"posx":1,"posy":6,"amount":600},{"posx":13,"posy":6,"amount":550},{"posx":15,"posy":6,"amount":300},{"posx":1,"posy":7,"amount":250},{"posx":18,"posy":7,"amount":350},{"posx":1,"posy":8,"amount":100},{"posx":3,"posy":8,"amount":250}],"changedObstacles":[{"type":0,"posx":5,"posy":7,"value":-1}]},{"players":[{"playerId":2619262,"score":800,"energy":4},{"playerId":2407150,"score":700,"energy":16},{"playerId":2370542,"score":0,"energy":32},{"playerId":1166,"score":750,"energy":30}],"golds":[{"posx":16,"posy":0,"amount":400},{"posx":19,"posy":0,"amount":50},{"posx":17,"posy":1,"amount":50},{"posx":19,"posy":2,"amount":50},{"posx":9,"posy":4,"amount":150},{"posx":15,"posy":4,"amount":500},{"posx":14,"posy":5,"amount":550},{"posx":1,"posy":6,"amount":600},{"posx":13,"posy":6,"amount":550},{"posx":15,"posy":6,"amount":300},{"posx":1,"posy":7,"amount":250},{"posx":18,"posy":7,"amount":350},{"posx":1,"posy":8,"amount":100},{"posx":3,"posy":8,"amount":250}],"changedObstacles":[]},{"players":[{"playerId":2619262,"score":800,"energy":3},{"playerId":2407150,"score":700,"energy":32},{"playerId":2370542,"score":0,"energy":31},{"playerId":1166,"score":750,"energy":50}],"golds":[{"posx":16,"posy":0,"amount":400},{"posx":19,"posy":0,"amount":50},{"posx":17,"posy":1,"amount":50},{"posx":19,"posy":2,"amount":50},{"posx":9,"posy":4,"amount":150},{"posx":15,"posy":4,"amount":500},{"posx":14,"posy":5,"amount":550},{"posx":1,"posy":6,"amount":600},{"posx":13,"posy":6,"amount":550},{"posx":15,"posy":6,"amount":300},{"posx":1,"posy":7,"amount":250},{"posx":18,"posy":7,"amount":350},{"posx":1,"posy":8,"amount":100},{"posx":3,"posy":8,"amount":250}],"changedObstacles":[]},{"players":[{"playerId":2619262,"score":800,"energy":2},{"playerId":2407150,"score":700,"energy":50},{"playerId":2370542,"score":0,"energy":30},{"playerId":1166,"score":750,"energy":49}],"golds":[{"posx":16,"posy":0,"amount":400},{"posx":19,"posy":0,"amount":50},{"posx":17,"posy":1,"amount":50},{"posx":19,"posy":2,"amount":50},{"posx":9,"posy":4,"amount":150},{"posx":15,"posy":4,"amount":500},{"posx":14,"posy":5,"amount":550},{"posx":1,"posy":6,"amount":600},{"posx":13,"posy":6,"amount":550},{"posx":15,"posy":6,"amount":300},{"posx":1,"posy":7,"amount":250},{"posx":18,"posy":7,"amount":350},{"posx":1,"posy":8,"amount":100},{"posx":3,"posy":8,"amount":250}],"changedObstacles":[]},{"players":[{"playerId":2619262,"score":800,"energy":1},{"playerId":2407150,"score":700,"energy":49},{"playerId":2370542,"score":0,"energy":29},{"playerId":1166,"score":750,"energy":48}],"golds":[{"posx":16,"posy":0,"amount":400},{"posx":19,"posy":0,"amount":50},{"posx":17,"posy":1,"amount":50},{"posx":19,"posy":2,"amount":50},{"posx":9,"posy":4,"amount":150},{"posx":15,"posy":4,"amount":500},{"posx":14,"posy":5,"amount":550},{"posx":1,"posy":6,"amount":600},{"posx":13,"posy":6,"amount":550},{"posx":15,"posy":6,"amount":300},{"posx":1,"posy":7,"amount":250},{"posx":18,"posy":7,"amount":350},{"posx":1,"posy":8,"amount":100},{"posx":3,"posy":8,"amount":250}],"changedObstacles":[]},{"players":[{"playerId":2619262,"score":800,"energy":13},{"playerId":2407150,"score":700,"energy":45},{"playerId":2370542,"score":0,"energy":28},{"playerId":1166,"score":750,"energy":44}],"golds":[{"posx":16,"posy":0,"amount":400},{"posx":19,"posy":0,"amount":50},{"posx":17,"posy":1,"amount":50},{"posx":19,"posy":2,"amount":50},{"posx":9,"posy":4,"amount":150},{"posx":15,"posy":4,"amount":500},{"posx":14,"posy":5,"amount":550},{"posx":1,"posy":6,"amount":600},{"posx":13,"posy":6,"amount":550},{"posx":15,"posy":6,"amount":300},{"posx":1,"posy":7,"amount":250},{"posx":18,"posy":7,"amount":350},{"posx":1,"posy":8,"amount":100},{"posx":3,"posy":8,"amount":250}],"changedObstacles":[]},{"players":[{"playerId":2619262,"score":800,"energy":12},{"playerId":2407150,"score":750,"energy":40},{"playerId":2370542,"score":0,"energy":27},{"playerId":1166,"score":800,"energy":39}],"golds":[{"posx":16,"posy":0,"amount":400},{"posx":19,"posy":0,"amount":50},{"posx":17,"posy":1,"amount":50},{"posx":19,"posy":2,"amount":50},{"posx":9,"posy":4,"amount":150},{"posx":15,"posy":4,"amount":500},{"posx":14,"posy":5,"amount":550},{"posx":1,"posy":6,"amount":600},{"posx":13,"posy":6,"amount":500},{"posx":15,"posy":6,"amount":300},{"posx":1,"posy":7,"amount":250},{"posx":18,"posy":7,"amount":350},{"posx":1,"posy":8,"amount":100},{"posx":3,"posy":8,"amount":200}],"changedObstacles":[]},{"players":[{"playerId":2619262,"score":800,"energy":11},{"playerId":2407150,"score":800,"energy":35},{"playerId":2370542,"score":0,"energy":26},{"playerId":1166,"score":850,"energy":34}],"golds":[{"posx":16,"posy":0,"amount":400},{"posx":19,"posy":0,"amount":50},{"posx":17,"posy":1,"amount":50},{"posx":19,"posy":2,"amount":50},{"posx":9,"posy":4,"amount":150},{"posx":15,"posy":4,"amount":500},{"posx":14,"posy":5,"amount":550},{"posx":1,"posy":6,"amount":600},{"posx":13,"posy":6,"amount":450},{"posx":15,"posy":6,"amount":300},{"posx":1,"posy":7,"amount":250},{"posx":18,"posy":7,"amount":350},{"posx":1,"posy":8,"amount":100},{"posx":3,"posy":8,"amount":150}],"changedObstacles":[]},{"players":[{"playerId":2619262,"score":800,"energy":10},{"playerId":2407150,"score":850,"energy":30},{"playerId":2370542,"score":0,"energy":25},{"playerId":1166,"score":900,"energy":29}],"golds":[{"posx":16,"posy":0,"amount":400},{"posx":19,"posy":0,"amount":50},{"posx":17,"posy":1,"amount":50},{"posx":19,"posy":2,"amount":50},{"posx":9,"posy":4,"amount":150},{"posx":15,"posy":4,"amount":500},{"posx":14,"posy":5,"amount":550},{"posx":1,"posy":6,"amount":600},{"posx":13,"posy":6,"amount":400},{"posx":15,"posy":6,"amount":300},{"posx":1,"posy":7,"amount":250},{"posx":18,"posy":7,"amount":350},{"posx":1,"posy":8,"amount":100},{"posx":3,"posy":8,"amount":100}],"changedObstacles":[]},{"players":[{"playerId":2619262,"score":800,"energy":9},{"playerId":2407150,"score":900,"energy":25},{"playerId":2370542,"score":0,"energy":24},{"playerId":1166,"score":950,"energy":24}],"golds":[{"posx":16,"posy":0,"amount":400},{"posx":19,"posy":0,"amount":50},{"posx":17,"posy":1,"amount":50},{"posx":19,"posy":2,"amount":50},{"posx":9,"posy":4,"amount":150},{"posx":15,"posy":4,"amount":500},{"posx":14,"posy":5,"amount":550},{"posx":1,"posy":6,"amount":600},{"posx":13,"posy":6,"amount":350},{"posx":15,"posy":6,"amount":300},{"posx":1,"posy":7,"amount":250},{"posx":18,"posy":7,"amount":350},{"posx":1,"posy":8,"amount":100},{"posx":3,"posy":8,"amount":50}],"changedObstacles":[]},{"players":[{"playerId":2619262,"score":800,"energy":5},{"playerId":2407150,"score":950,"energy":20},{"playerId":2370542,"score":0,"energy":36},{"playerId":1166,"score":1000,"energy":19}],"golds":[{"posx":16,"posy":0,"amount":400},{"posx":19,"posy":0,"amount":50},{"posx":17,"posy":1,"amount":50},{"posx":19,"posy":2,"amount":50},{"posx":9,"posy":4,"amount":150},{"posx":15,"posy":4,"amount":500},{"posx":14,"posy":5,"amount":550},{"posx":1,"posy":6,"amount":600},{"posx":13,"posy":6,"amount":300},{"posx":15,"posy":6,"amount":300},{"posx":1,"posy":7,"amount":250},{"posx":18,"posy":7,"amount":350},{"posx":1,"posy":8,"amount":100}],"changedObstacles":[{"type":0,"posx":3,"posy":8,"value":-1}]},{"players":[{"playerId":2619262,"score":800,"energy":17},{"playerId":2407150,"score":950,"energy":19},{"playerId":2370542,"score":0,"energy":35},{"playerId":1166,"score":1000,"energy":18}],"golds":[{"posx":16,"posy":0,"amount":400},{"posx":19,"posy":0,"amount":50},{"posx":17,"posy":1,"amount":50},{"posx":19,"posy":2,"amount":50},{"posx":9,"posy":4,"amount":150},{"posx":15,"posy":4,"amount":500},{"posx":14,"posy":5,"amount":550},{"posx":1,"posy":6,"amount":600},{"posx":13,"posy":6,"amount":300},{"posx":15,"posy":6,"amount":300},{"posx":1,"posy":7,"amount":250},{"posx":18,"posy":7,"amount":350},{"posx":1,"posy":8,"amount":100}],"changedObstacles":[]},{"players":[{"playerId":2619262,"score":850,"energy":12},{"playerId":2407150,"score":950,"energy":15},{"playerId":2370542,"score":0,"energy":34},{"playerId":1166,"score":1000,"energy":14}],"golds":[{"posx":16,"posy":0,"amount":400},{"posx":19,"posy":0,"amount":50},{"posx":17,"posy":1,"amount":50},{"posx":19,"posy":2,"amount":50},{"posx":9,"posy":4,"amount":150},{"posx":15,"posy":4,"amount":500},{"posx":14,"posy":5,"amount":550},{"posx":1,"posy":6,"amount":600},{"posx":13,"posy":6,"amount":250},{"posx":15,"posy":6,"amount":300},{"posx":1,"posy":7,"amount":250},{"posx":18,"posy":7,"amount":350},{"posx":1,"posy":8,"amount":100}],"changedObstacles":[]},{"players":[{"playerId":2619262,"score":900,"energy":7},{"playerId":2407150,"score":1000,"energy":10},{"playerId":2370542,"score":0,"energy":33},{"playerId":1166,"score":1050,"energy":9}],"golds":[{"posx":16,"posy":0,"amount":400},{"posx":19,"posy":0,"amount":50},{"posx":17,"posy":1,"amount":50},{"posx":19,"posy":2,"amount":50},{"posx":9,"posy":4,"amount":150},{"posx":15,"posy":4,"amount":500},{"posx":14,"posy":5,"amount":500},{"posx":1,"posy":6,"amount":600},{"posx":13,"posy":6,"amount":200},{"posx":15,"posy":6,"amount":300},{"posx":1,"posy":7,"amount":250},{"posx":18,"posy":7,"amount":350},{"posx":1,"posy":8,"amount":50}],"changedObstacles":[]},{"players":[{"playerId":2619262,"score":950,"energy":2},{"playerId":2407150,"score":1050,"energy":5},{"playerId":2370542,"score":0,"energy":23},{"playerId":1166,"score":1100,"energy":4}],"golds":[{"posx":16,"posy":0,"amount":400},{"posx":19,"posy":0,"amount":50},{"posx":17,"posy":1,"amount":50},{"posx":19,"posy":2,"amount":50},{"posx":9,"posy":4,"amount":150},{"posx":15,"posy":4,"amount":500},{"posx":14,"posy":5,"amount":450},{"posx":1,"posy":6,"amount":600},{"posx":13,"posy":6,"amount":150},{"posx":15,"posy":6,"amount":300},{"posx":1,"posy":7,"amount":250},{"posx":18,"posy":7,"amount":350}],"changedObstacles":[{"type":0,"posx":1,"posy":8,"value":-1}]},{"players":[{"playerId":2619262,"score":950,"energy":14},{"playerId":2407150,"score":1050,"energy":17},{"playerId":2370542,"score":0,"energy":13},{"playerId":1166,"score":1100,"energy":16}],"golds":[{"posx":16,"posy":0,"amount":400},{"posx":19,"posy":0,"amount":50},{"posx":17,"posy":1,"amount":50},{"posx":19,"posy":2,"amount":50},{"posx":9,"posy":4,"amount":150},{"posx":15,"posy":4,"amount":500},{"posx":14,"posy":5,"amount":450},{"posx":1,"posy":6,"amount":600},{"posx":13,"posy":6,"amount":150},{"posx":15,"posy":6,"amount":300},{"posx":1,"posy":7,"amount":250},{"posx":18,"posy":7,"amount":350}],"changedObstacles":[]},{"players":[{"playerId":2619262,"score":1000,"energy":9},{"playerId":2407150,"score":1050,"energy":33},{"playerId":2370542,"score":0,"energy":3},{"playerId":1166,"score":1100,"energy":32}],"golds":[{"posx":16,"posy":0,"amount":400},{"posx":19,"posy":0,"amount":50},{"posx":17,"posy":1,"amount":50},{"posx":19,"posy":2,"amount":50},{"posx":9,"posy":4,"amount":150},{"posx":15,"posy":4,"amount":500},{"posx":14,"posy":5,"amount":450},{"posx":1,"posy":6,"amount":600},{"posx":13,"posy":6,"amount":100},{"posx":15,"posy":6,"amount":300},{"posx":1,"posy":7,"amount":250},{"posx":18,"posy":7,"amount":350}],"changedObstacles":[]},{"players":[{"playerId":2619262,"score":1050,"energy":4},{"playerId":2407150,"score":1050,"energy":50},{"playerId":2370542,"score":0,"energy":15},{"playerId":1166,"score":1100,"energy":50}],"golds":[{"posx":16,"posy":0,"amount":400},{"posx":19,"posy":0,"amount":50},{"posx":17,"posy":1,"amount":50},{"posx":19,"posy":2,"amount":50},{"posx":9,"posy":4,"amount":150},{"posx":15,"posy":4,"amount":500},{"posx":14,"posy":5,"amount":450},{"posx":1,"posy":6,"amount":600},{"posx":13,"posy":6,"amount":50},{"posx":15,"posy":6,"amount":300},{"posx":1,"posy":7,"amount":250},{"posx":18,"posy":7,"amount":350}],"changedObstacles":[]},{"players":[{"playerId":2619262,"score":1050,"energy":16},{"playerId":2407150,"score":1100,"energy":45},{"playerId":2370542,"score":0,"energy":5},{"playerId":1166,"score":1100,"energy":46}],"golds":[{"posx":16,"posy":0,"amount":400},{"posx":19,"posy":0,"amount":50},{"posx":17,"posy":1,"amount":50},{"posx":19,"posy":2,"amount":50},{"posx":9,"posy":4,"amount":150},{"posx":15,"posy":4,"amount":500},{"posx":14,"posy":5,"amount":400},{"posx":1,"posy":6,"amount":600},{"posx":13,"posy":6,"amount":50},{"posx":15,"posy":6,"amount":300},{"posx":1,"posy":7,"amount":250},{"posx":18,"posy":7,"amount":350}],"changedObstacles":[]},{"players":[{"playerId":2619262,"score":1100,"energy":11},{"playerId":2407150,"score":1150,"energy":40},{"playerId":2370542,"score":0,"energy":17},{"playerId":1166,"score":1150,"energy":41}],"golds":[{"posx":16,"posy":0,"amount":400},{"posx":19,"posy":0,"amount":50},{"posx":17,"posy":1,"amount":50},{"posx":19,"posy":2,"amount":50},{"posx":9,"posy":4,"amount":150},{"posx":15,"posy":4,"amount":500},{"posx":14,"posy":5,"amount":350},{"posx":1,"posy":6,"amount":600},{"posx":15,"posy":6,"amount":300},{"posx":1,"posy":7,"amount":200},{"posx":18,"posy":7,"amount":350}],"changedObstacles":[{"type":0,"posx":13,"posy":6,"value":-1}]},{"players":[{"playerId":2619262,"score":1100,"energy":10},{"playerId":2407150,"score":1200,"energy":35},{"playerId":2370542,"score":0,"energy":7},{"playerId":1166,"score":1200,"energy":36}],"golds":[{"posx":16,"posy":0,"amount":400},{"posx":19,"posy":0,"amount":50},{"posx":17,"posy":1,"amount":50},{"posx":19,"posy":2,"amount":50},{"posx":9,"posy":4,"amount":150},{"posx":15,"posy":4,"amount":500},{"posx":14,"posy":5,"amount":300},{"posx":1,"posy":6,"amount":600},{"posx":15,"posy":6,"amount":300},{"posx":1,"posy":7,"amount":150},{"posx":18,"posy":7,"amount":350}],"changedObstacles":[]},{"players":[{"playerId":2619262,"score":1100,"energy":6},{"playerId":2407150,"score":1250,"energy":30},{"playerId":2370542,"score":0,"energy":19},{"playerId":1166,"score":1250,"energy":31}],"golds":[{"posx":16,"posy":0,"amount":400},{"posx":19,"posy":0,"amount":50},{"posx":17,"posy":1,"amount":50},{"posx":19,"posy":2,"amount":50},{"posx":9,"posy":4,"amount":150},{"posx":15,"posy":4,"amount":500},{"posx":14,"posy":5,"amount":250},{"posx":1,"posy":6,"amount":600},{"posx":15,"posy":6,"amount":300},{"posx":1,"posy":7,"amount":100},{"posx":18,"posy":7,"amount":350}],"changedObstacles":[]},{"players":[{"playerId":2619262,"score":1150,"energy":1},{"playerId":2407150,"score":1300,"energy":25},{"playerId":2370542,"score":0,"energy":18},{"playerId":1166,"score":1300,"energy":26}],"golds":[{"posx":16,"posy":0,"amount":400},{"posx":19,"posy":0,"amount":50},{"posx":17,"posy":1,"amount":50},{"posx":19,"posy":2,"amount":50},{"posx":9,"posy":4,"amount":150},{"posx":15,"posy":4,"amount":500},{"posx":14,"posy":5,"amount":200},{"posx":1,"posy":6,"amount":600},{"posx":15,"posy":6,"amount":250},{"posx":1,"posy":7,"amount":50},{"posx":18,"posy":7,"amount":350}],"changedObstacles":[]},{"players":[{"playerId":2619262,"score":1150,"energy":13},{"playerId":2407150,"score":1350,"energy":20},{"playerId":2370542,"score":0,"energy":17},{"playerId":1166,"score":1350,"energy":21}],"golds":[{"posx":16,"posy":0,"amount":400},{"posx":19,"posy":0,"amount":50},{"posx":17,"posy":1,"amount":50},{"posx":19,"posy":2,"amount":50},{"posx":9,"posy":4,"amount":150},{"posx":15,"posy":4,"amount":500},{"posx":14,"posy":5,"amount":150},{"posx":1,"posy":6,"amount":600},{"posx":15,"posy":6,"amount":250},{"posx":18,"posy":7,"amount":350}],"changedObstacles":[{"type":0,"posx":1,"posy":7,"value":-1}]},{"players":[{"playerId":2619262,"score":1200,"energy":8},{"playerId":2407150,"score":1400,"energy":15},{"playerId":2370542,"score":0,"energy":16},{"playerId":1166,"score":1350,"energy":17}],"golds":[{"posx":16,"posy":0,"amount":400},{"posx":19,"posy":0,"amount":50},{"posx":17,"posy":1,"amount":50},{"posx":19,"posy":2,"amount":50},{"posx":9,"posy":4,"amount":150},{"posx":15,"posy":4,"amount":500},{"posx":14,"posy":5,"amount":100},{"posx":1,"posy":6,"amount":600},{"posx":15,"posy":6,"amount":200},{"posx":18,"posy":7,"amount":350}],"changedObstacles":[]},{"players":[{"playerId":2619262,"score":1250,"energy":3},{"playerId":2407150,"score":1450,"energy":10},{"playerId":2370542,"score":0,"energy":15},{"playerId":1166,"score":1400,"energy":12}],"golds":[{"posx":16,"posy":0,"amount":400},{"posx":19,"posy":0,"amount":50},{"posx":17,"posy":1,"amount":50},{"posx":19,"posy":2,"amount":50},{"posx":9,"posy":4,"amount":150},{"posx":15,"posy":4,"amount":500},{"posx":14,"posy":5,"amount":50},{"posx":1,"posy":6,"amount":550},{"posx":15,"posy":6,"amount":150},{"posx":18,"posy":7,"amount":350}],"changedObstacles":[]},{"players":[{"playerId":2619262,"score":1250,"energy":15},{"playerId":2407150,"score":1450,"energy":9},{"playerId":2370542,"score":0,"energy":14},{"playerId":1166,"score":1450,"energy":7}],"golds":[{"posx":16,"posy":0,"amount":400},{"posx":19,"posy":0,"amount":50},{"posx":17,"posy":1,"amount":50},{"posx":19,"posy":2,"amount":50},{"posx":9,"posy":4,"amount":150},{"posx":15,"posy":4,"amount":500},{"posx":14,"posy":5,"amount":50},{"posx":1,"posy":6,"amount":500},{"posx":15,"posy":6,"amount":150},{"posx":18,"posy":7,"amount":350}],"changedObstacles":[]},{"players":[{"playerId":2619262,"score":1300,"energy":10},{"playerId":2407150,"score":1450,"energy":5},{"playerId":2370542,"score":0,"energy":13},{"playerId":1166,"score":1500,"energy":2}],"golds":[{"posx":16,"posy":0,"amount":400},{"posx":19,"posy":0,"amount":50},{"posx":17,"posy":1,"amount":50},{"posx":19,"posy":2,"amount":50},{"posx":9,"posy":4,"amount":150},{"posx":15,"posy":4,"amount":500},{"posx":14,"posy":5,"amount":50},{"posx":1,"posy":6,"amount":450},{"posx":15,"posy":6,"amount":100},{"posx":18,"posy":7,"amount":350}],"changedObstacles":[]},{"players":[{"playerId":2619262,"score":1350,"energy":5},{"playerId":2407150,"score":1450,"energy":17},{"playerId":2370542,"score":0,"energy":12},{"playerId":1166,"score":1500,"energy":14}],"golds":[{"posx":16,"posy":0,"amount":400},{"posx":19,"posy":0,"amount":50},{"posx":17,"posy":1,"amount":50},{"posx":19,"posy":2,"amount":50},{"posx":9,"posy":4,"amount":150},{"posx":15,"posy":4,"amount":500},{"posx":14,"posy":5,"amount":50},{"posx":1,"posy":6,"amount":450},{"posx":15,"posy":6,"amount":50},{"posx":18,"posy":7,"amount":350}],"changedObstacles":[]},{"players":[{"playerId":2619262,"score":1350,"energy":17},{"playerId":2407150,"score":1450,"energy":33},{"playerId":2370542,"score":0,"energy":11},{"playerId":1166,"score":1500,"energy":30}],"golds":[{"posx":16,"posy":0,"amount":400},{"posx":19,"posy":0,"amount":50},{"posx":17,"posy":1,"amount":50},{"posx":19,"posy":2,"amount":50},{"posx":9,"posy":4,"amount":150},{"posx":15,"posy":4,"amount":500},{"posx":14,"posy":5,"amount":50},{"posx":1,"posy":6,"amount":450},{"posx":15,"posy":6,"amount":50},{"posx":18,"posy":7,"amount":350}],"changedObstacles":[]},{"players":[{"playerId":2619262,"score":1400,"energy":12},{"playerId":2407150,"score":1450,"energy":50},{"playerId":2370542,"score":0,"energy":23},{"playerId":1166,"score":1550,"energy":25}],"golds":[{"posx":16,"posy":0,"amount":400},{"posx":19,"posy":0,"amount":50},{"posx":17,"posy":1,"amount":50},{"posx":19,"posy":2,"amount":50},{"posx":9,"posy":4,"amount":150},{"posx":15,"posy":4,"amount":500},{"posx":14,"posy":5,"amount":50},{"posx":1,"posy":6,"amount":400},{"posx":18,"posy":7,"amount":350}],"changedObstacles":[{"type":0,"posx":15,"posy":6,"value":-1}]},{"players":[{"playerId":2619262,"score":1400,"energy":11},{"playerId":2407150,"score":1500,"energy":45},{"playerId":2370542,"score":0,"energy":39},{"playerId":1166,"score":1600,"energy":20}],"golds":[{"posx":16,"posy":0,"amount":400},{"posx":19,"posy":0,"amount":50},{"posx":17,"posy":1,"amount":50},{"posx":19,"posy":2,"amount":50},{"posx":9,"posy":4,"amount":150},{"posx":15,"posy":4,"amount":450},{"posx":14,"posy":5,"amount":50},{"posx":1,"posy":6,"amount":350},{"posx":18,"posy":7,"amount":350}],"changedObstacles":[]},{"players":[{"playerId":2619262,"score":1400,"energy":7},{"playerId":2407150,"score":1550,"energy":40},{"playerId":2370542,"score":0,"energy":38},{"playerId":1166,"score":1650,"energy":15}],"golds":[{"posx":16,"posy":0,"amount":400},{"posx":19,"posy":0,"amount":50},{"posx":17,"posy":1,"amount":50},{"posx":19,"posy":2,"amount":50},{"posx":9,"posy":4,"amount":150},{"posx":15,"posy":4,"amount":400},{"posx":14,"posy":5,"amount":50},{"posx":1,"posy":6,"amount":300},{"posx":18,"posy":7,"amount":350}],"changedObstacles":[]},{"players":[{"playerId":2619262,"score":1450,"energy":2},{"playerId":2407150,"score":1600,"energy":35},{"playerId":2370542,"score":0,"energy":37},{"playerId":1166,"score":1700,"energy":10}],"golds":[{"posx":16,"posy":0,"amount":400},{"posx":19,"posy":0,"amount":50},{"posx":17,"posy":1,"amount":50},{"posx":19,"posy":2,"amount":50},{"posx":9,"posy":4,"amount":150},{"posx":15,"posy":4,"amount":300},{"posx":14,"posy":5,"amount":50},{"posx":1,"posy":6,"amount":250},{"posx":18,"posy":7,"amount":350}],"changedObstacles":[]},{"players":[{"playerId":2619262,"score":1450,"energy":14},{"playerId":2407150,"score":1650,"energy":30},{"playerId":2370542,"score":0,"energy":49},{"playerId":1166,"score":1750,"energy":5}],"golds":[{"posx":16,"posy":0,"amount":400},{"posx":19,"posy":0,"amount":50},{"posx":17,"posy":1,"amount":50},{"posx":19,"posy":2,"amount":50},{"posx":9,"posy":4,"amount":150},{"posx":15,"posy":4,"amount":250},{"posx":14,"posy":5,"amount":50},{"posx":1,"posy":6,"amount":200},{"posx":18,"posy":7,"amount":350}],"changedObstacles":[]},{"players":[{"playerId":2619262,"score":1500,"energy":9},{"playerId":2407150,"score":1700,"energy":25},{"playerId":2370542,"score":0,"energy":48},{"playerId":1166,"score":1750,"energy":17}],"golds":[{"posx":16,"posy":0,"amount":400},{"posx":19,"posy":0,"amount":50},{"posx":17,"posy":1,"amount":50},{"posx":19,"posy":2,"amount":50},{"posx":9,"posy":4,"amount":150},{"posx":15,"posy":4,"amount":150},{"posx":14,"posy":5,"amount":50},{"posx":1,"posy":6,"amount":200},{"posx":18,"posy":7,"amount":350}],"changedObstacles":[]},{"players":[{"playerId":2619262,"score":1550,"energy":4},{"playerId":2407150,"score":1750,"energy":20},{"playerId":2370542,"score":0,"energy":47},{"playerId":1166,"score":1800,"energy":12}],"golds":[{"posx":16,"posy":0,"amount":400},{"posx":19,"posy":0,"amount":50},{"posx":17,"posy":1,"amount":50},{"posx":19,"posy":2,"amount":50},{"posx":9,"posy":4,"amount":150},{"posx":15,"posy":4,"amount":50},{"posx":14,"posy":5,"amount":50},{"posx":1,"posy":6,"amount":150},{"posx":18,"posy":7,"amount":350}],"changedObstacles":[]},{"players":[{"playerId":2619262,"score":1550,"energy":16},{"playerId":2407150,"score":1800,"energy":15},{"playerId":2370542,"score":0,"energy":37},{"playerId":1166,"score":1850,"energy":7}],"golds":[{"posx":16,"posy":0,"amount":400},{"posx":19,"posy":0,"amount":50},{"posx":17,"posy":1,"amount":50},{"posx":19,"posy":2,"amount":50},{"posx":9,"posy":4,"amount":150},{"posx":14,"posy":5,"amount":50},{"posx":1,"posy":6,"amount":100},{"posx":18,"posy":7,"amount":350}],"changedObstacles":[{"type":0,"posx":15,"posy":4,"value":-1}]},{"players":[{"playerId":2619262,"score":1550,"energy":15},{"playerId":2407150,"score":1800,"energy":14},{"playerId":2370542,"score":0,"energy":27},{"playerId":1166,"score":1900,"energy":2}],"golds":[{"posx":16,"posy":0,"amount":400},{"posx":19,"posy":0,"amount":50},{"posx":17,"posy":1,"amount":50},{"posx":19,"posy":2,"amount":50},{"posx":9,"posy":4,"amount":150},{"posx":14,"posy":5,"amount":50},{"posx":1,"posy":6,"amount":50},{"posx":18,"posy":7,"amount":350}],"changedObstacles":[]},{"players":[{"playerId":2619262,"score":1550,"energy":11},{"playerId":2407150,"score":1800,"energy":13},{"playerId":2370542,"score":0,"energy":39},{"playerId":1166,"score":1900,"energy":14}],"golds":[{"posx":16,"posy":0,"amount":400},{"posx":19,"posy":0,"amount":50},{"posx":17,"posy":1,"amount":50},{"posx":19,"posy":2,"amount":50},{"posx":9,"posy":4,"amount":150},{"posx":14,"posy":5,"amount":50},{"posx":1,"posy":6,"amount":50},{"posx":18,"posy":7,"amount":350}],"changedObstacles":[]},{"players":[{"playerId":2619262,"score":1600,"energy":6},{"playerId":2407150,"score":1800,"energy":12},{"playerId":2370542,"score":0,"energy":29},{"playerId":1166,"score":1950,"energy":9}],"golds":[{"posx":16,"posy":0,"amount":400},{"posx":19,"posy":0,"amount":50},{"posx":17,"posy":1,"amount":50},{"posx":19,"posy":2,"amount":50},{"posx":9,"posy":4,"amount":150},{"posx":18,"posy":7,"amount":350}],"changedObstacles":[{"type":0,"posx":14,"posy":5,"value":-1},{"type":0,"posx":1,"posy":6,"value":-1}]},{"players":[{"playerId":2619262,"score":1600,"energy":5},{"playerId":2407150,"score":1800,"energy":11},{"playerId":2370542,"score":0,"energy":19},{"playerId":1166,"score":1950,"energy":8}],"golds":[{"posx":16,"posy":0,"amount":400},{"posx":19,"posy":0,"amount":50},{"posx":17,"posy":1,"amount":50},{"posx":19,"posy":2,"amount":50},{"posx":9,"posy":4,"amount":150},{"posx":18,"posy":7,"amount":350}],"changedObstacles":[]},{"players":[{"playerId":2619262,"score":1600,"energy":4},{"playerId":2407150,"score":1800,"energy":7},{"playerId":2370542,"score":0,"energy":31},{"playerId":1166,"score":1950,"energy":7}],"golds":[{"posx":16,"posy":0,"amount":400},{"posx":19,"posy":0,"amount":50},{"posx":17,"posy":1,"amount":50},{"posx":19,"posy":2,"amount":50},{"posx":9,"posy":4,"amount":150},{"posx":18,"posy":7,"amount":350}],"changedObstacles":[]},{"players":[{"playerId":2619262,"score":1600,"energy":3},{"playerId":2407150,"score":1850,"energy":2},{"playerId":2370542,"score":0,"energy":21},{"playerId":1166,"score":1950,"energy":6}],"golds":[{"posx":16,"posy":0,"amount":350},{"posx":19,"posy":0,"amount":50},{"posx":17,"posy":1,"amount":50},{"posx":19,"posy":2,"amount":50},{"posx":9,"posy":4,"amount":150},{"posx":18,"posy":7,"amount":350}],"changedObstacles":[]},{"players":[{"playerId":2619262,"score":1600,"energy":2},{"playerId":2407150,"score":1850,"energy":14},{"playerId":2370542,"score":0,"energy":33},{"playerId":1166,"score":1950,"energy":5}],"golds":[{"posx":16,"posy":0,"amount":350},{"posx":19,"posy":0,"amount":50},{"posx":17,"posy":1,"amount":50},{"posx":19,"posy":2,"amount":50},{"posx":9,"posy":4,"amount":150},{"posx":18,"posy":7,"amount":350}],"changedObstacles":[]},{"players":[{"playerId":2619262,"score":1600,"energy":1},{"playerId":2407150,"score":1850,"energy":30},{"playerId":2370542,"score":0,"energy":49},{"playerId":1166,"score":1950,"energy":4}],"golds":[{"posx":16,"posy":0,"amount":350},{"posx":19,"posy":0,"amount":50},{"posx":17,"posy":1,"amount":50},{"posx":19,"posy":2,"amount":50},{"posx":9,"posy":4,"amount":150},{"posx":18,"posy":7,"amount":350}],"changedObstacles":[]},{"players":[{"playerId":2619262,"score":1600,"energy":13},{"playerId":2407150,"score":1850,"energy":50},{"playerId":2370542,"score":0,"energy":48},{"playerId":1166,"score":1950,"energy":16}],"golds":[{"posx":16,"posy":0,"amount":350},{"posx":19,"posy":0,"amount":50},{"posx":17,"posy":1,"amount":50},{"posx":19,"posy":2,"amount":50},{"posx":9,"posy":4,"amount":150},{"posx":18,"posy":7,"amount":350}],"changedObstacles":[]},{"players":[{"playerId":2619262,"score":1600,"energy":9},{"playerId":2407150,"score":1900,"energy":45},{"playerId":2370542,"score":0,"energy":38},{"playerId":1166,"score":1950,"energy":32}],"golds":[{"posx":16,"posy":0,"amount":300},{"posx":19,"posy":0,"amount":50},{"posx":17,"posy":1,"amount":50},{"posx":19,"posy":2,"amount":50},{"posx":9,"posy":4,"amount":150},{"posx":18,"posy":7,"amount":350}],"changedObstacles":[]},{"players":[{"playerId":2619262,"score":1650,"energy":4},{"playerId":2407150,"score":1950,"energy":40},{"playerId":2370542,"score":0,"energy":37},{"playerId":1166,"score":1950,"energy":50}],"golds":[{"posx":16,"posy":0,"amount":250},{"posx":19,"posy":0,"amount":50},{"posx":17,"posy":1,"amount":50},{"posx":19,"posy":2,"amount":50},{"posx":9,"posy":4,"amount":150},{"posx":18,"posy":7,"amount":300}],"changedObstacles":[]},{"players":[{"playerId":2619262,"score":1650,"energy":16},{"playerId":2407150,"score":2000,"energy":35},{"playerId":2370542,"score":0,"energy":36},{"playerId":1166,"score":1950,"energy":49}],"golds":[{"posx":16,"posy":0,"amount":200},{"posx":19,"posy":0,"amount":50},{"posx":17,"posy":1,"amount":50},{"posx":19,"posy":2,"amount":50},{"posx":9,"posy":4,"amount":150},{"posx":18,"posy":7,"amount":300}],"changedObstacles":[]},{"players":[{"playerId":2619262,"score":1700,"energy":11},{"playerId":2407150,"score":2050,"energy":30},{"playerId":2370542,"score":0,"energy":35},{"playerId":1166,"score":1950,"energy":48}],"golds":[{"posx":16,"posy":0,"amount":150},{"posx":19,"posy":0,"amount":50},{"posx":17,"posy":1,"amount":50},{"posx":19,"posy":2,"amount":50},{"posx":9,"posy":4,"amount":150},{"posx":18,"posy":7,"amount":250}],"changedObstacles":[]},{"players":[{"playerId":2619262,"score":1750,"energy":6},{"playerId":2407150,"score":2100,"energy":25},{"playerId":2370542,"score":0,"energy":34},{"playerId":1166,"score":1950,"energy":47}],"golds":[{"posx":16,"posy":0,"amount":100},{"posx":19,"posy":0,"amount":50},{"posx":17,"posy":1,"amount":50},{"posx":19,"posy":2,"amount":50},{"posx":9,"posy":4,"amount":150},{"posx":18,"posy":7,"amount":200}],"changedObstacles":[]},{"players":[{"playerId":2619262,"score":1800,"energy":1},{"playerId":2407150,"score":2150,"energy":20},{"playerId":2370542,"score":0,"energy":33},{"playerId":1166,"score":1950,"energy":46}],"golds":[{"posx":16,"posy":0,"amount":50},{"posx":19,"posy":0,"amount":50},{"posx":17,"posy":1,"amount":50},{"posx":19,"posy":2,"amount":50},{"posx":9,"posy":4,"amount":150},{"posx":18,"posy":7,"amount":150}],"changedObstacles":[]},{"players":[{"playerId":2619262,"score":1800,"energy":13},{"playerId":2407150,"score":2200,"energy":15},{"playerId":2370542,"score":0,"energy":32},{"playerId":1166,"score":1950,"energy":42}],"golds":[{"posx":19,"posy":0,"amount":50},{"posx":17,"posy":1,"amount":50},{"posx":19,"posy":2,"amount":50},{"posx":9,"posy":4,"amount":150},{"posx":18,"posy":7,"amount":150}],"changedObstacles":[{"type":0,"posx":16,"posy":0,"value":-1}]},{"players":[{"playerId":2619262,"score":1850,"energy":8},{"playerId":2407150,"score":2200,"energy":14},{"playerId":2370542,"score":0,"energy":31},{"playerId":1166,"score":2000,"energy":37}],"golds":[{"posx":19,"posy":0,"amount":50},{"posx":17,"posy":1,"amount":50},{"posx":19,"posy":2,"amount":50},{"posx":9,"posy":4,"amount":100},{"posx":18,"posy":7,"amount":100}],"changedObstacles":[]},{"players":[{"playerId":2619262,"score":1900,"energy":3},{"playerId":2407150,"score":2200,"energy":10},{"playerId":2370542,"score":0,"energy":30},{"playerId":1166,"score":2050,"energy":32}],"golds":[{"posx":19,"posy":0,"amount":50},{"posx":17,"posy":1,"amount":50},{"posx":19,"posy":2,"amount":50},{"posx":9,"posy":4,"amount":50},{"posx":18,"posy":7,"amount":50}],"changedObstacles":[]},{"players":[{"playerId":2619262,"score":1900,"energy":15},{"playerId":2407150,"score":2250,"energy":5},{"playerId":2370542,"score":0,"energy":42},{"playerId":1166,"score":2100,"energy":27}],"golds":[{"posx":19,"posy":0,"amount":50},{"posx":19,"posy":2,"amount":50},{"posx":18,"posy":7,"amount":50}],"changedObstacles":[{"type":0,"posx":17,"posy":1,"value":-1},{"type":0,"posx":9,"posy":4,"value":-1}]},{"players":[{"playerId":2619262,"score":1950,"energy":10},{"playerId":2407150,"score":2250,"energy":4},{"playerId":2370542,"score":0,"energy":32},{"playerId":1166,"score":2100,"energy":26}],"golds":[{"posx":19,"posy":0,"amount":50},{"posx":19,"posy":2,"amount":50}],"changedObstacles":[{"type":0,"posx":18,"posy":7,"value":-1}]},{"players":[{"playerId":2619262,"score":1950,"energy":9},{"playerId":2407150,"score":2250,"energy":16},{"playerId":2370542,"score":0,"energy":22},{"playerId":1166,"score":2100,"energy":25}],"golds":[{"posx":19,"posy":0,"amount":50},{"posx":19,"posy":2,"amount":50}],"changedObstacles":[]},{"players":[{"playerId":2619262,"score":1950,"energy":8},{"playerId":2407150,"score":2250,"energy":32},{"playerId":2370542,"score":0,"energy":12},{"playerId":1166,"score":2100,"energy":24}],"golds":[{"posx":19,"posy":0,"amount":50},{"posx":19,"posy":2,"amount":50}],"changedObstacles":[]},{"players":[{"playerId":2619262,"score":1950,"energy":7},{"playerId":2407150,"score":2250,"energy":50},{"playerId":2370542,"score":0,"energy":2},{"playerId":1166,"score":2100,"energy":23}],"golds":[{"posx":19,"posy":0,"amount":50},{"posx":19,"posy":2,"amount":50}],"changedObstacles":[]},{"players":[{"playerId":2619262,"score":1950,"energy":6},{"playerId":2407150,"score":2250,"energy":49},{"playerId":2370542,"score":0,"energy":14},{"playerId":1166,"score":2100,"energy":22}],"golds":[{"posx":19,"posy":0,"amount":50},{"posx":19,"posy":2,"amount":50}],"changedObstacles":[]},{"players":[{"playerId":2619262,"score":1950,"energy":5},{"playerId":2407150,"score":2250,"energy":45},{"playerId":2370542,"score":0,"energy":30},{"playerId":1166,"score":2100,"energy":21}],"golds":[{"posx":19,"posy":0,"amount":50},{"posx":19,"posy":2,"amount":50}],"changedObstacles":[]},{"players":[{"playerId":2619262,"score":1950,"energy":1},{"playerId":2407150,"score":2300,"energy":40},{"playerId":2370542,"score":0,"energy":50},{"playerId":1166,"score":2100,"energy":20}],"golds":[{"posx":19,"posy":2,"amount":50}],"changedObstacles":[{"type":0,"posx":19,"posy":0,"value":-1}]},{"players":[{"playerId":2619262,"score":1950,"energy":13},{"playerId":2407150,"score":2300,"energy":39},{"playerId":2370542,"score":0,"energy":49},{"playerId":1166,"score":2100,"energy":19}],"golds":[{"posx":19,"posy":2,"amount":50}],"changedObstacles":[]},{"players":[{"playerId":2619262,"score":2000,"energy":8},{"playerId":2407150,"score":2300,"energy":35},{"playerId":2370542,"score":0,"energy":48},{"playerId":1166,"score":2100,"energy":18}],"golds":[],"changedObstacles":[{"type":0,"posx":19,"posy":2,"value":-1}]}]