[{"players":[{"playerId":2299591,"score":0,"energy":49,"posx":16,"posy":1,"lastAction":0,"status":0},{"playerId":239305,"score":0,"energy":49,"posx":16,"posy":1,"lastAction":0,"status":0},{"playerId":2415753,"score":0,"energy":49,"posx":16,"posy":1,"lastAction":0,"status":0},{"playerId":2233933,"score":0,"energy":49,"posx":16,"posy":1,"lastAction":0,"status":0}],"golds":[{"posx":4,"posy":4,"amount":400},{"posx":13,"posy":3,"amount":550},{"posx":8,"posy":1,"amount":250},{"posx":16,"posy":7,"amount":100},{"posx":7,"posy":4,"amount":200},{"posx":16,"posy":4,"amount":500},{"posx":9,"posy":4,"amount":250},{"posx":20,"posy":1,"amount":150},{"posx":1,"posy":4,"amount":750},{"posx":8,"posy":4,"amount":300},{"posx":2,"posy":1,"amount":250},{"posx":12,"posy":5,"amount":250},{"posx":19,"posy":6,"amount":300},{"posx":6,"posy":1,"amount":150},{"posx":19,"posy":5,"amount":600},{"posx":5,"posy":3,"amount":650},{"posx":11,"posy":3,"amount":450},{"posx":10,"posy":2,"amount":650},{"posx":11,"posy":2,"amount":300},{"posx":6,"posy":5,"amount":650}],"changedObstacles":[]},{"players":[{"playerId":2299591,"score":0,"energy":44,"posx":16,"posy":2,"lastAction":3,"status":0},{"playerId":239305,"score":0,"energy":44,"posx":16,"posy":2,"lastAction":3,"status":0},{"playerId":2415753,"score":0,"energy":39,"posx":15,"posy":1,"lastAction":0,"status":0},{"playerId":2233933,"score":0,"energy":44,"posx":16,"posy":2,"lastAction":3,"status":0}],"golds":[{"posx":4,"posy":4,"amount":400},{"posx":13,"posy":3,"amount":550},{"posx":8,"posy":1,"amount":250},{"posx":16,"posy":7,"amount":100},{"posx":7,"posy":4,"amount":200},{"posx":16,"posy":4,"amount":500},{"posx":9,"posy":4,"amount":250},{"posx":20,"posy":1,"amount":150},{"posx":1,"posy":4,"amount":750},{"posx":8,"posy":4,"amount":300},{"posx":2,"posy":1,"amount":250},{"posx":12,"posy":5,"amount":250},{"posx":19,"posy":6,"amount":300},{"posx":6,"posy":1,"amount":150},{"posx":19,"posy":5,"amount":600},{"posx":5,"posy":3,"amount":650},{"posx":11,"posy":3,"amount":450},{"posx":10,"posy":2,"amount":650},{"posx":11,"posy":2,"amount":300},{"posx":6,"posy":5,"amount":650}],"changedObstacles":[{"type":0,"posx":15,"posy":1,"value":-1},{"type":3,"posx":16,"posy":2,"value":-20}]},{"players":[{"playerId":2299591,"score":0,"energy":24,"posx":16,"posy":3,"lastAction":3,"status":0},{"playerId":239305,"score":0,"energy":33,"posx":16,"posy":3,"lastAction":3,"status":0},{"playerId":2415753,"score":0,"energy":38,"posx":14,"posy":1,"lastAction":0,"status":0},{"playerId":2233933,"score":0,"energy":34,"posx":15,"posy":2,"lastAction":0,"status":0}],"golds":[{"posx":4,"posy":4,"amount":400},{"posx":13,"posy":3,"amount":550},{"posx":8,"posy":1,"amount":250},{"posx":16,"posy":7,"amount":100},{"posx":7,"posy":4,"amount":200},{"posx":16,"posy":4,"amount":500},{"posx":9,"posy":4,"amount":250},{"posx":20,"posy":1,"amount":150},{"posx":1,"posy":4,"amount":750},{"posx":8,"posy":4,"amount":300},{"posx":2,"posy":1,"amount":250},{"posx":12,"posy":5,"amount":250},{"posx":19,"posy":6,"amount":300},{"posx":6,"posy":1,"amount":150},{"posx":19,"posy":5,"amount":600},{"posx":5,"posy":3,"amount":650},{"posx":11,"posy":3,"amount":450},{"posx":10,"posy":2,"amount":650},{"posx":11,"posy":2,"amount":300},{"posx":6,"posy":5,"amount":650}],"changedObstacles":[{"type":0,"posx":15,"posy":2,"value":-1}]},{"players":[{"playerId":2299591,"score":0,"energy":20,"posx":16,"posy":4,"lastAction":3,"status":0},{"playerId":239305,"score":0,"energy":29,"posx":16,"posy":4,"lastAction":3,"status":0},{"playerId":2415753,"score":0,"energy":37,"posx":13,"posy":1,"lastAction":0,"status":0},{"playerId":2233933,"score":0,"energy":33,"posx":15,"posy":3,"lastAction":3,"status":0}],"golds":[{"posx":4,"posy":4,"amount":400},{"posx":13,"posy":3,"amount":550},{"posx":8,"posy":1,"amount":250},{"posx":16,"posy":7,"amount":100},{"posx":7,"posy":4,"amount":200},{"posx":16,"posy":4,"amount":500},{"posx":9,"posy":4,"amount":250},{"posx":20,"posy":1,"amount":150},{"posx":1,"posy":4,"amount":750},{"posx":8,"posy":4,"amount":300},{"posx":2,"posy":1,"amount":250},{"posx":12,"posy":5,"amount":250},{"posx":19,"posy":6,"amount":300},{"posx":6,"posy":1,"amount":150},{"posx":19,"posy":5,"amount":600},{"posx":5,"posy":3,"amount":650},{"posx":11,"posy":3,"amount":450},{"posx":10,"posy":2,"amount":650},{"posx":11,"posy":2,"amount":300},{"posx":6,"posy":5,"amount":650}],"changedObstacles":[]},{"players":[{"playerId":2299591,"score":50,"energy":15,"posx":16,"posy":4,"lastAction":5,"status":0},{"playerId":239305,"score":50,"energy":24,"posx":16,"posy":4,"lastAction":5,"status":0},{"playerId":2415753,"score":0,"energy":23,"posx":12,"posy":1,"lastAction":0,"status":0},{"playerId":2233933,"score":0,"energy":28,"posx":14,"posy":3,"lastAction":0,"status":0}],"golds":[{"posx":2,"posy":1,"amount":250},{"posx":6,"posy":1,"amount":150},{"posx":8,"posy":1,"amount":250},{"posx":20,"posy":1,"amount":150},{"posx":10,"posy":2,"amount":650},{"posx":11,"posy":2,"amount":300},{"posx":5,"posy":3,"amount":650},{"posx":11,"posy":3,"amount":450},{"posx":13,"posy":3,"amount":550},{"posx":1,"posy":4,"amount":750},{"posx":4,"posy":4,"amount":400},{"posx":7,"posy":4,"amount":200},{"posx":8,"posy":4,"amount":300},{"posx":9,"posy":4,"amount":250},{"posx":16,"posy":4,"amount":400},{"posx":6,"posy":5,"amount":650},{"posx":12,"posy":5,"amount":250},{"posx":19,"posy":5,"amount":600},{"posx":19,"posy":6,"amount":300},{"posx":16,"posy":7,"amount":100}],"changedObstacles":[{"type":3,"posx":14,"posy":3,"value":-20}]},{"players":[{"playerId":2299591,"score":100,"energy":10,"posx":16,"posy":4,"lastAction":5,"status":0},{"playerId":239305,"score":100,"energy":19,"posx":16,"posy":4,"lastAction":5,"status":0},{"playerId":2415753,"score":0,"energy":22,"posx":12,"posy":2,"lastAction":3,"status":0},{"playerId":2233933,"score":0,"energy":24,"posx":13,"posy":3,"lastAction":0,"status":0}],"golds":[{"posx":2,"posy":1,"amount":250},{"posx":6,"posy":1,"amount":150},{"posx":8,"posy":1,"amount":250},{"posx":20,"posy":1,"amount":150},{"posx":10,"posy":2,"amount":650},{"posx":11,"posy":2,"amount":300},{"posx":5,"posy":3,"amount":650},{"posx":11,"posy":3,"amount":450},{"posx":13,"posy":3,"amount":550},{"posx":1,"posy":4,"amount":750},{"posx":4,"posy":4,"amount":400},{"posx":7,"posy":4,"amount":200},{"posx":8,"posy":4,"amount":300},{"posx":9,"posy":4,"amount":250},{"posx":16,"posy":4,"amount":300},{"posx":6,"posy":5,"amount":650},{"posx":12,"posy":5,"amount":250},{"posx":19,"posy":5,"amount":600},{"posx":19,"posy":6,"amount":300},{"posx":16,"posy":7,"amount":100}],"changedObstacles":[]},{"players":[{"playerId":2299591,"score":150,"energy":5,"posx":16,"posy":4,"lastAction":5,"status":0},{"playerId":239305,"score":150,"energy":14,"posx":16,"posy":4,"lastAction":5,"status":0},{"playerId":2415753,"score":0,"energy":18,"posx":11,"posy":2,"lastAction":0,"status":0},{"playerId":2233933,"score":50,"energy":19,"posx":13,"posy":3,"lastAction":5,"status":0}],"golds":[{"posx":2,"posy":1,"amount":250},{"posx":6,"posy":1,"amount":150},{"posx":8,"posy":1,"amount":250},{"posx":20,"posy":1,"amount":150},{"posx":10,"posy":2,"amount":650},{"posx":11,"posy":2,"amount":300},{"posx":5,"posy":3,"amount":650},{"posx":11,"posy":3,"amount":450},{"posx":13,"posy":3,"amount":500},{"posx":1,"posy":4,"amount":750},{"posx":4,"posy":4,"amount":400},{"posx":7,"posy":4,"amount":200},{"posx":8,"posy":4,"amount":300},{"posx":9,"posy":4,"amount":250},{"posx":16,"posy":4,"amount":200},{"posx":6,"posy":5,"amount":650},{"posx":12,"posy":5,"amount":250},{"posx":19,"posy":5,"amount":600},{"posx":19,"posy":6,"amount":300},{"posx":16,"posy":7,"amount":100}],"changedObstacles":[]},{"players":[{"playerId":2299591,"score":150,"energy":17,"posx":16,"posy":4,"lastAction":4,"status":0},{"playerId":239305,"score":200,"energy":9,"posx":16,"posy":4,"lastAction":5,"status":0},{"playerId":2415753,"score":50,"energy":13,"posx":11,"posy":2,"lastAction":5,"status":0},{"playerId":2233933,"score":100,"energy":14,"posx":13,"posy":3,"lastAction":5,"status":0}],"golds":[{"posx":2,"posy":1,"amount":250},{"posx":6,"posy":1,"amount":150},{"posx":8,"posy":1,"amount":250},{"posx":20,"posy":1,"amount":150},{"posx":10,"posy":2,"amount":650},{"posx":11,"posy":2,"amount":250},{"posx":5,"posy":3,"amount":650},{"posx":11,"posy":3,"amount":450},{"posx":13,"posy":3,"amount":450},{"posx":1,"posy":4,"amount":750},{"posx":4,"posy":4,"amount":400},{"posx":7,"posy":4,"amount":200},{"posx":8,"posy":4,"amount":300},{"posx":9,"posy":4,"amount":250},{"posx":16,"posy":4,"amount":150},{"posx":6,"posy":5,"amount":650},{"posx":12,"posy":5,"amount":250},{"posx":19,"posy":5,"amount":600},{"posx":19,"posy":6,"amount":300},{"posx":16,"posy":7,"amount":100}],"changedObstacles":[]},{"players":[{"playerId":2299591,"score":200,"energy":12,"posx":16,"posy":4,"lastAction":5,"status":0},{"playerId":239305,"score":250,"energy":4,"posx":16,"posy":4,"lastAction":5,"status":0},{"playerId":2415753,"score":100,"energy":8,"posx":11,"posy":2,"lastAction":5,"status":0},{"playerId":2233933,"score":150,"energy":9,"posx":13,"posy":3,"lastAction":5,"status":0}],"golds":[{"posx":2,"posy":1,"amount":250},{"posx":6,"posy":1,"amount":150},{"posx":8,"posy":1,"amount":250},{"posx":20,"posy":1,"amount":150},{"posx":10,"posy":2,"amount":650},{"posx":11,"posy":2,"amount":200},{"posx":5,"posy":3,"amount":650},{"posx":11,"posy":3,"amount":450},{"posx":13,"posy":3,"amount":400},{"posx":1,"posy":4,"amount":750},{"posx":4,"posy":4,"amount":400},{"posx":7,"posy":4,"amount":200},{"posx":8,"posy":4,"amount":300},{"posx":9,"posy":4,"amount":250},{"posx":16,"posy":4,"amount":50},{"posx":6,"posy":5,"amount":650},{"posx":12,"posy":5,"amount":250},{"posx":19,"posy":5,"amount":600},{"posx":19,"posy":6,"amount":300},{"posx":16,"posy":7,"amount":100}],"changedObstacles":[]},{"players":[{"playerId":2299591,"score":250,"energy":7,"posx":16,"posy":4,"lastAction":5,"status":0},{"playerId":239305,"score":250,"energy":16,"posx":16,"posy":4,"lastAction":4,"status":0},{"playerId":2415753,"score":150,"energy":3,"posx":11,"posy":2,"lastAction":5,"status":0},{"playerId":2233933,"score":200,"energy":4,"posx":13,"posy":3,"lastAction":5,"status":0}],"golds":[{"posx":2,"posy":1,"amount":250},{"posx":6,"posy":1,"amount":150},{"posx":8,"posy":1,"amount":250},{"posx":20,"posy":1,"amount":150},{"posx":10,"posy":2,"amount":650},{"posx":11,"posy":2,"amount":150},{"posx":5,"posy":3,"amount":650},{"posx":11,"posy":3,"amount":450},{"posx":13,"posy":3,"amount":350},{"posx":1,"posy":4,"amount":750},{"posx":4,"posy":4,"amount":400},{"posx":7,"posy":4,"amount":200},{"posx":8,"posy":4,"amount":300},{"posx":9,"posy":4,"amount":250},{"posx":6,"posy":5,"amount":650},{"posx":12,"posy":5,"amount":250},{"posx":19,"posy":5,"amount":600},{"posx":19,"posy":6,"amount":300},{"posx":16,"posy":7,"amount":100}],"changedObstacles":[{"type":0,"posx":16,"posy":4,"value":-1}]},{"players":[{"playerId":2299591,"score":250,"energy":19,"posx":16,"posy":4,"lastAction":4,"status":0},{"playerId":239305,"score":250,"energy":32,"posx":16,"posy":4,"lastAction":4,"status":0},{"playerId":2415753,"score":150,"energy":15,"posx":11,"posy":2,"lastAction":4,"status":0},{"playerId":2233933,"score":200,"energy":16,"posx":13,"posy":3,"lastAction":4,"status":0}],"golds":[{"posx":2,"posy":1,"amount":250},{"posx":6,"posy":1,"amount":150},{"posx":8,"posy":1,"amount":250},{"posx":20,"posy":1,"amount":150},{"posx":10,"posy":2,"amount":650},{"posx":11,"posy":2,"amount":150},{"posx":5,"posy":3,"amount":650},{"posx":11,"posy":3,"amount":450},{"posx":13,"posy":3,"amount":350},{"posx":1,"posy":4,"amount":750},{"posx":4,"posy":4,"amount":400},{"posx":7,"posy":4,"amount":200},{"posx":8,"posy":4,"amount":300},{"posx":9,"posy":4,"amount":250},{"posx":6,"posy":5,"amount":650},{"posx":12,"posy":5,"amount":250},{"posx":19,"posy":5,"amount":600},{"posx":19,"posy":6,"amount":300},{"posx":16,"posy":7,"amount":100}],"changedObstacles":[]},{"players":[{"playerId":2299591,"score":250,"energy":35,"posx":16,"posy":4,"lastAction":4,"status":0},{"playerId":239305,"score":250,"energy":50,"posx":16,"posy":4,"lastAction":4,"status":0},{"playerId":2415753,"score":200,"energy":10,"posx":11,"posy":2,"lastAction":5,"status":0},{"playerId":2233933,"score":200,"energy":32,"posx":13,"posy":3,"lastAction":4,"status":0}],"golds":[{"posx":2,"posy":1,"amount":250},{"posx":6,"posy":1,"amount":150},{"posx":8,"posy":1,"amount":250},{"posx":20,"posy":1,"amount":150},{"posx":10,"posy":2,"amount":650},{"posx":11,"posy":2,"amount":100},{"posx":5,"posy":3,"amount":650},{"posx":11,"posy":3,"amount":450},{"posx":13,"posy":3,"amount":350},{"posx":1,"posy":4,"amount":750},{"posx":4,"posy":4,"amount":400},{"posx":7,"posy":4,"amount":200},{"posx":8,"posy":4,"amount":300},{"posx":9,"posy":4,"amount":250},{"posx":6,"posy":5,"amount":650},{"posx":12,"posy":5,"amount":250},{"posx":19,"posy":5,"amount":600},{"posx":19,"posy":6,"amount":300},{"posx":16,"posy":7,"amount":100}],"changedObstacles":[]},{"players":[{"playerId":2299591,"score":250,"energy":30,"posx":16,"posy":5,"lastAction":3,"status":0},{"playerId":239305,"score":250,"energy":49,"posx":17,"posy":4,"lastAction":1,"status":0},{"playerId":2415753,"score":250,"energy":5,"posx":11,"posy":2,"lastAction":5,"status":0},{"playerId":2233933,"score":250,"energy":27,"posx":13,"posy":3,"lastAction":5,"status":0}],"golds":[{"posx":2,"posy":1,"amount":250},{"posx":6,"posy":1,"amount":150},{"posx":8,"posy":1,"amount":250},{"posx":20,"posy":1,"amount":150},{"posx":10,"posy":2,"amount":650},{"posx":11,"posy":2,"amount":50},{"posx":5,"posy":3,"amount":650},{"posx":11,"posy":3,"amount":450},{"posx":13,"posy":3,"amount":300},{"posx":1,"posy":4,"amount":750},{"posx":4,"posy":4,"amount":400},{"posx":7,"posy":4,"amount":200},{"posx":8,"posy":4,"amount":300},{"posx":9,"posy":4,"amount":250},{"posx":6,"posy":5,"amount":650},{"posx":12,"posy":5,"amount":250},{"posx":19,"posy":5,"amount":600},{"posx":19,"posy":6,"amount":300},{"posx":16,"posy":7,"amount":100}],"changedObstacles":[{"type":3,"posx":16,"posy":5,"value":-20}]},{"players":[{"playerId":2299591,"score":250,"energy":29,"posx":16,"posy":4,"lastAction":2,"status":0},{"playerId":239305,"score":250,"energy":44,"posx":18,"posy":4,"lastAction":1,"status":0},{"playerId":2415753,"score":250,"energy":17,"posx":11,"posy":2,"lastAction":4,"status":0},{"playerId":2233933,"score":300,"energy":22,"posx":13,"posy":3,"lastAction":5,"status":0}],"golds":[{"posx":2,"posy":1,"amount":250},{"posx":6,"posy":1,"amount":150},{"posx":8,"posy":1,"amount":250},{"posx":20,"posy":1,"amount":150},{"posx":10,"posy":2,"amount":650},{"posx":11,"posy":2,"amount":50},{"posx":5,"posy":3,"amount":650},{"posx":11,"posy":3,"amount":450},{"posx":13,"posy":3,"amount":250},{"posx":1,"posy":4,"amount":750},{"posx":4,"posy":4,"amount":400},{"posx":7,"posy":4,"amount":200},{"posx":8,"posy":4,"amount":300},{"posx":9,"posy":4,"amount":250},{"posx":6,"posy":5,"amount":650},{"posx":12,"posy":5,"amount":250},{"posx":19,"posy":5,"amount":600},{"posx":19,"posy":6,"amount":300},{"posx":16,"posy":7,"amount":100}],"changedObstacles":[{"type":3,"posx":18,"posy":4,"value":-20}]},{"players":[{"playerId":2299591,"score":250,"energy":15,"posx":15,"posy":4,"lastAction":0,"status":0},{"playerId":239305,"score":250,"energy":43,"posx":19,"posy":4,"lastAction":1,"status":0},{"playerId":2415753,"score":300,"energy":12,"posx":11,"posy":2,"lastAction":5,"status":0},{"playerId":2233933,"score":350,"energy":17,"posx":13,"posy":3,"lastAction":5,"status":0}],"golds":[{"posx":2,"posy":1,"amount":250},{"posx":6,"posy":1,"amount":150},{"posx":8,"posy":1,"amount":250},{"posx":20,"posy":1,"amount":150},{"posx":10,"posy":2,"amount":650},{"posx":5,"posy":3,"amount":650},{"posx":11,"posy":3,"amount":450},{"posx":13,"posy":3,"amount":200},{"posx":1,"posy":4,"amount":750},{"posx":4,"posy":4,"amount":400},{"posx":7,"posy":4,"amount":200},{"posx":8,"posy":4,"amount":300},{"posx":9,"posy":4,"amount":250},{"posx":6,"posy":5,"amount":650},{"posx":12,"posy":5,"amount":250},{"posx":19,"posy":5,"amount":600},{"posx":19,"posy":6,"amount":300},{"posx":16,"posy":7,"amount":100}],"changedObstacles":[{"type":0,"posx":11,"posy":2,"value":-1}]},{"players":[{"playerId":2299591,"score":250,"energy":27,"posx":15,"posy":4,"lastAction":4,"status":0},{"playerId":239305,"score":250,"energy":39,"posx":19,"posy":5,"lastAction":3,"status":0},{"playerId":2415753,"score":300,"energy":8,"posx":10,"posy":2,"lastAction":0,"status":0},{"playerId":2233933,"score":400,"energy":12,"posx":13,"posy":3,"lastAction":5,"status":0}],"golds":[{"posx":2,"posy":1,"amount":250},{"posx":6,"posy":1,"amount":150},{"posx":8,"posy":1,"amount":250},{"posx":20,"posy":1,"amount":150},{"posx":10,"posy":2,"amount":650},{"posx":5,"posy":3,"amount":650},{"posx":11,"posy":3,"amount":450},{"posx":13,"posy":3,"amount":150},{"posx":1,"posy":4,"amount":750},{"posx":4,"posy":4,"amount":400},{"posx":7,"posy":4,"amount":200},{"posx":8,"posy":4,"amount":300},{"posx":9,"posy":4,"amount":250},{"posx":6,"posy":5,"amount":650},{"posx":12,"posy":5,"amount":250},{"posx":19,"posy":5,"amount":600},{"posx":19,"posy":6,"amount":300},{"posx":16,"posy":7,"amount":100}],"changedObstacles":[]},{"players":[{"playerId":2299591,"score":250,"energy":26,"posx":14,"posy":4,"lastAction":0,"status":0},{"playerId":239305,"score":300,"energy":34,"posx":19,"posy":5,"lastAction":5,"status":0},{"playerId":2415753,"score":350,"energy":3,"posx":10,"posy":2,"lastAction":5,"status":0},{"playerId":2233933,"score":450,"energy":7,"posx":13,"posy":3,"lastAction":5,"status":0}],"golds":[{"posx":2,"posy":1,"amount":250},{"posx":6,"posy":1,"amount":150},{"posx":8,"posy":1,"amount":250},{"posx":20,"posy":1,"amount":150},{"posx":10,"posy":2,"amount":600},{"posx":5,"posy":3,"amount":650},{"posx":11,"posy":3,"amount":450},{"posx":13,"posy":3,"amount":100},{"posx":1,"posy":4,"amount":750},{"posx":4,"posy":4,"amount":400},{"posx":7,"posy":4,"amount":200},{"posx":8,"posy":4,"amount":300},{"posx":9,"posy":4,"amount":250},{"posx":6,"posy":5,"amount":650},{"posx":12,"posy":5,"amount":250},{"posx":19,"posy":5,"amount":550},{"posx":19,"posy":6,"amount":300},{"posx":16,"posy":7,"amount":100}],"changedObstacles":[]},{"players":[{"playerId":2299591,"score":250,"energy":16,"posx":13,"posy":4,"lastAction":0,"status":0},{"playerId":239305,"score":350,"energy":29,"posx":19,"posy":5,"lastAction":5,"status":0},{"playerId":2415753,"score":350,"energy":15,"posx":10,"posy":2,"lastAction":4,"status":0},{"playerId":2233933,"score":500,"energy":2,"posx":13,"posy":3,"lastAction":5,"status":0}],"golds":[{"posx":2,"posy":1,"amount":250},{"posx":6,"posy":1,"amount":150},{"posx":8,"posy":1,"amount":250},{"posx":20,"posy":1,"amount":150},{"posx":10,"posy":2,"amount":600},{"posx":5,"posy":3,"amount":650},{"posx":11,"posy":3,"amount":450},{"posx":13,"posy":3,"amount":50},{"posx":1,"posy":4,"amount":750},{"posx":4,"posy":4,"amount":400},{"posx":7,"posy":4,"amount":200},{"posx":8,"posy":4,"amount":300},{"posx":9,"posy":4,"amount":250},{"posx":6,"posy":5,"amount":650},{"posx":12,"posy":5,"amount":250},{"posx":19,"posy":5,"amount":500},{"posx":19,"posy":6,"amount":300},{"posx":16,"posy":7,"amount":100}],"changedObstacles":[{"type":0,"posx":13,"posy":4,"value":-1}]},{"players":[{"playerId":2299591,"score":250,"energy":28,"posx":13,"posy":4,"lastAction":4,"status":0},{"playerId":239305,"score":400,"energy":24,"posx":19,"posy":5,"lastAction":5,"status":0},{"playerId":2415753,"score":400,"energy":10,"posx":10,"posy":2,"lastAction":5,"status":0},{"playerId":2233933,"score":500,"energy":14,"posx":13,"posy":3,"lastAction":4,"status":0}],"golds":[{"posx":2,"posy":1,"amount":250},{"posx":6,"posy":1,"amount":150},{"posx":8,"posy":1,"amount":250},{"posx":20,"posy":1,"amount":150},{"posx":10,"posy":2,"amount":550},{"posx":5,"posy":3,"amount":650},{"posx":11,"posy":3,"amount":450},{"posx":13,"posy":3,"amount":50},{"posx":1,"posy":4,"amount":750},{"posx":4,"posy":4,"amount":400},{"posx":7,"posy":4,"amount":200},{"posx":8,"posy":4,"amount":300},{"posx":9,"posy":4,"amount":250},{"posx":6,"posy":5,"amount":650},{"posx":12,"posy":5,"amount":250},{"posx":19,"posy":5,"amount":450},{"posx":19,"posy":6,"amount":300},{"posx":16,"posy":7,"amount":100}],"changedObstacles":[]},{"players":[{"playerId":2299591,"score":250,"energy":27,"posx":12,"posy":4,"lastAction":0,"status":0},{"playerId":239305,"score":450,"energy":19,"posx":19,"posy":5,"lastAction":5,"status":0},{"playerId":2415753,"score":450,"energy":5,"posx":10,"posy":2,"lastAction":5,"status":0},{"playerId":2233933,"score":550,"energy":9,"posx":13,"posy":3,"lastAction":5,"status":0}],"golds":[{"posx":2,"posy":1,"amount":250},{"posx":6,"posy":1,"amount":150},{"posx":8,"posy":1,"amount":250},{"posx":20,"posy":1,"amount":150},{"posx":10,"posy":2,"amount":500},{"posx":5,"posy":3,"amount":650},{"posx":11,"posy":3,"amount":450},{"posx":1,"posy":4,"amount":750},{"posx":4,"posy":4,"amount":400},{"posx":7,"posy":4,"amount":200},{"posx":8,"posy":4,"amount":300},{"posx":9,"posy":4,"amount":250},{"posx":6,"posy":5,"amount":650},{"posx":12,"posy":5,"amount":250},{"posx":19,"posy":5,"amount":400},{"posx":19,"posy":6,"amount":300},{"posx":16,"posy":7,"amount":100}],"changedObstacles":[{"type":0,"posx":13,"posy":3,"value":-1}]},{"players":[{"playerId":2299591,"score":250,"energy":26,"posx":12,"posy":3,"lastAction":2,"status":0},{"playerId":239305,"score":500,"energy":14,"posx":19,"posy":5,"lastAction":5,"status":0},{"playerId":2415753,"score":450,"energy":17,"posx":10,"posy":2,"lastAction":4,"status":0},{"playerId":2233933,"score":550,"energy":8,"posx":12,"posy":3,"lastAction":0,"status":0}],"golds":[{"posx":2,"posy":1,"amount":250},{"posx":6,"posy":1,"amount":150},{"posx":8,"posy":1,"amount":250},{"posx":20,"posy":1,"amount":150},{"posx":10,"posy":2,"amount":500},{"posx":5,"posy":3,"amount":650},{"posx":11,"posy":3,"amount":450},{"posx":1,"posy":4,"amount":750},{"posx":4,"posy":4,"amount":400},{"posx":7,"posy":4,"amount":200},{"posx":8,"posy":4,"amount":300},{"posx":9,"posy":4,"amount":250},{"posx":6,"posy":5,"amount":650},{"posx":12,"posy":5,"amount":250},{"posx":19,"posy":5,"amount":350},{"posx":19,"posy":6,"amount":300},{"posx":16,"posy":7,"amount":100}],"changedObstacles":[]},{"players":[{"playerId":2299591,"score":250,"energy":22,"posx":11,"posy":3,"lastAction":0,"status":0},{"playerId":239305,"score":550,"energy":9,"posx":19,"posy":5,"lastAction":5,"status":0},{"playerId":2415753,"score":500,"energy":12,"posx":10,"posy":2,"lastAction":5,"status":0},{"playerId":2233933,"score":550,"energy":4,"posx":11,"posy":3,"lastAction":0,"status":0}],"golds":[{"posx":2,"posy":1,"amount":250},{"posx":6,"posy":1,"amount":150},{"posx":8,"posy":1,"amount":250},{"posx":20,"posy":1,"amount":150},{"posx":10,"posy":2,"amount":450},{"posx":5,"posy":3,"amount":650},{"posx":11,"posy":3,"amount":450},{"posx":1,"posy":4,"amount":750},{"posx":4,"posy":4,"amount":400},{"posx":7,"posy":4,"amount":200},{"posx":8,"posy":4,"amount":300},{"posx":9,"posy":4,"amount":250},{"posx":6,"posy":5,"amount":650},{"posx":12,"posy":5,"amount":250},{"posx":19,"posy":5,"amount":300},{"posx":19,"posy":6,"amount":300},{"posx":16,"posy":7,"amount":100}],"changedObstacles":[]},{"players":[{"playerId":2299591,"score":300,"energy":17,"posx":11,"posy":3,"lastAction":5,"status":0},{"playerId":239305,"score":600,"energy":4,"posx":19,"posy":5,"lastAction":5,"status":0},{"playerId":2415753,"score":550,"energy":7,"posx":10,"posy":2,"lastAction":5,"status":0},{"playerId":2233933,"score":550,"energy":16,"posx":11,"posy":3,"lastAction":4,"status":0}],"golds":[{"posx":2,"posy":1,"amount":250},{"posx":6,"posy":1,"amount":150},{"posx":8,"posy":1,"amount":250},{"posx":20,"posy":1,"amount":150},{"posx":10,"posy":2,"amount":400},{"posx":5,"posy":3,"amount":650},{"posx":11,"posy":3,"amount":400},{"posx":1,"posy":4,"amount":750},{"posx":4,"posy":4,"amount":400},{"posx":7,"posy":4,"amount":200},{"posx":8,"posy":4,"amount":300},{"posx":9,"posy":4,"amount":250},{"posx":6,"posy":5,"amount":650},{"posx":12,"posy":5,"amount":250},{"posx":19,"posy":5,"amount":250},{"posx":19,"posy":6,"amount":300},{"posx":16,"posy":7,"amount":100}],"changedObstacles":[]},{"players":[{"playerId":2299591,"score":350,"energy":12,"posx":11,"posy":3,"lastAction":5,"status":0},{"playerId":239305,"score":600,"energy":16,"posx":19,"posy":5,"lastAction":4,"status":0},{"playerId":2415753,"score":600,"energy":2,"posx":10,"posy":2,"lastAction":5,"status":0},{"playerId":2233933,"score":550,"energy":32,"posx":11,"posy":3,"lastAction":4,"status":0}],"golds":[{"posx":2,"posy":1,"amount":250},{"posx":6,"posy":1,"amount":150},{"posx":8,"posy":1,"amount":250},{"posx":20,"posy":1,"amount":150},{"posx":10,"posy":2,"amount":350},{"posx":5,"posy":3,"amount":650},{"posx":11,"posy":3,"amount":350},{"posx":1,"posy":4,"amount":750},{"posx":4,"posy":4,"amount":400},{"posx":7,"posy":4,"amount":200},{"posx":8,"posy":4,"amount":300},{"posx":9,"posy":4,"amount":250},{"posx":6,"posy":5,"amount":650},{"posx":12,"posy":5,"amount":250},{"posx":19,"posy":5,"amount":250},{"posx":19,"posy":6,"amount":300},{"posx":16,"posy":7,"amount":100}],"changedObstacles":[]},{"players":[{"playerId":2299591,"score":400,"energy":7,"posx":11,"posy":3,"lastAction":5,"status":0},{"playerId":239305,"score":600,"energy":32,"posx":19,"posy":5,"lastAction":4,"status":0},{"playerId":2415753,"score":600,"energy":14,"posx":10,"posy":2,"lastAction":4,"status":0},{"playerId":2233933,"score":600,"energy":27,"posx":11,"posy":3,"lastAction":5,"status":0}],"golds":[{"posx":2,"posy":1,"amount":250},{"posx":6,"posy":1,"amount":150},{"posx":8,"posy":1,"amount":250},{"posx":20,"posy":1,"amount":150},{"posx":10,"posy":2,"amount":350},{"posx":5,"posy":3,"amount":650},{"posx":11,"posy":3,"amount":250},{"posx":1,"posy":4,"amount":750},{"posx":4,"posy":4,"amount":400},{"posx":7,"posy":4,"amount":200},{"posx":8,"posy":4,"amount":300},{"posx":9,"posy":4,"amount":250},{"posx":6,"posy":5,"amount":650},{"posx":12,"posy":5,"amount":250},{"posx":19,"posy":5,"amount":250},{"posx":19,"posy":6,"amount":300},{"posx":16,"posy":7,"amount":100}],"changedObstacles":[]},{"players":[{"playerId":2299591,"score":450,"energy":2,"posx":11,"posy":3,"lastAction":5,"status":0},{"playerId":239305,"score":600,"energy":50,"posx":19,"posy":5,"lastAction":4,"status":0},{"playerId":2415753,"score":650,"energy":9,"posx":10,"posy":2,"lastAction":5,"status":0},{"playerId":2233933,"score":650,"energy":22,"posx":11,"posy":3,"lastAction":5,"status":0}],"golds":[{"posx":2,"posy":1,"amount":250},{"posx":6,"posy":1,"amount":150},{"posx":8,"posy":1,"amount":250},{"posx":20,"posy":1,"amount":150},{"posx":10,"posy":2,"amount":300},{"posx":5,"posy":3,"amount":650},{"posx":11,"posy":3,"amount":150},{"posx":1,"posy":4,"amount":750},{"posx":4,"posy":4,"amount":400},{"posx":7,"posy":4,"amount":200},{"posx":8,"posy":4,"amount":300},{"posx":9,"posy":4,"amount":250},{"posx":6,"posy":5,"amount":650},{"posx":12,"posy":5,"amount":250},{"posx":19,"posy":5,"amount":250},{"posx":19,"posy":6,"amount":300},{"posx":16,"posy":7,"amount":100}],"changedObstacles":[]},{"players":[{"playerId":2299591,"score":450,"energy":14,"posx":11,"posy":3,"lastAction":4,"status":0},{"playerId":239305,"score":650,"energy":45,"posx":19,"posy":5,"lastAction":5,"status":0},{"playerId":2415753,"score":700,"energy":4,"posx":10,"posy":2,"lastAction":5,"status":0},{"playerId":2233933,"score":700,"energy":17,"posx":11,"posy":3,"lastAction":5,"status":0}],"golds":[{"posx":2,"posy":1,"amount":250},{"posx":6,"posy":1,"amount":150},{"posx":8,"posy":1,"amount":250},{"posx":20,"posy":1,"amount":150},{"posx":10,"posy":2,"amount":250},{"posx":5,"posy":3,"amount":650},{"posx":11,"posy":3,"amount":100},{"posx":1,"posy":4,"amount":750},{"posx":4,"posy":4,"amount":400},{"posx":7,"posy":4,"amount":200},{"posx":8,"posy":4,"amount":300},{"posx":9,"posy":4,"amount":250},{"posx":6,"posy":5,"amount":650},{"posx":12,"posy":5,"amount":250},{"posx":19,"posy":5,"amount":200},{"posx":19,"posy":6,"amount":300},{"posx":16,"posy":7,"amount":100}],"changedObstacles":[]},{"players":[{"playerId":2299591,"score":500,"energy":9,"posx":11,"posy":3,"lastAction":5,"status":0},{"playerId":239305,"score":700,"energy":40,"posx":19,"posy":5,"lastAction":5,"status":0},{"playerId":2415753,"score":700,"energy":16,"posx":10,"posy":2,"lastAction":4,"status":0},{"playerId":2233933,"score":750,"energy":12,"posx":11,"posy":3,"lastAction":5,"status":0}],"golds":[{"posx":2,"posy":1,"amount":250},{"posx":6,"posy":1,"amount":150},{"posx":8,"posy":1,"amount":250},{"posx":20,"posy":1,"amount":150},{"posx":10,"posy":2,"amount":250},{"posx":5,"posy":3,"amount":650},{"posx":1,"posy":4,"amount":750},{"posx":4,"posy":4,"amount":400},{"posx":7,"posy":4,"amount":200},{"posx":8,"posy":4,"amount":300},{"posx":9,"posy":4,"amount":250},{"posx":6,"posy":5,"amount":650},{"posx":12,"posy":5,"amount":250},{"posx":19,"posy":5,"amount":150},{"posx":19,"posy":6,"amount":300},{"posx":16,"posy":7,"amount":100}],"changedObstacles":[{"type":0,"posx":11,"posy":3,"value":-1}]},{"players":[{"playerId":2299591,"score":500,"energy":21,"posx":11,"posy":3,"lastAction":4,"status":0},{"playerId":239305,"score":750,"energy":35,"posx":19,"posy":5,"lastAction":5,"status":0},{"playerId":2415753,"score":750,"energy":11,"posx":10,"posy":2,"lastAction":5,"status":0},{"playerId":2233933,"score":750,"energy":11,"posx":10,"posy":3,"lastAction":0,"status":0}],"golds":[{"posx":2,"posy":1,"amount":250},{"posx":6,"posy":1,"amount":150},{"posx":8,"posy":1,"amount":250},{"posx":20,"posy":1,"amount":150},{"posx":10,"posy":2,"amount":200},{"posx":5,"posy":3,"amount":650},{"posx":1,"posy":4,"amount":750},{"posx":4,"posy":4,"amount":400},{"posx":7,"posy":4,"amount":200},{"posx":8,"posy":4,"amount":300},{"posx":9,"posy":4,"amount":250},{"posx":6,"posy":5,"amount":650},{"posx":12,"posy":5,"amount":250},{"posx":19,"posy":5,"amount":100},{"posx":19,"posy":6,"amount":300},{"posx":16,"posy":7,"amount":100}],"changedObstacles":[]},{"players":[{"playerId":2299591,"score":500,"energy":20,"posx":10,"posy":3,"lastAction":0,"status":0},{"playerId":239305,"score":800,"energy":30,"posx":19,"posy":5,"lastAction":5,"status":0},{"playerId":2415753,"score":800,"energy":6,"posx":10,"posy":2,"lastAction":5,"status":0},{"playerId":2233933,"score":750,"energy":23,"posx":10,"posy":3,"lastAction":4,"status":0}],"golds":[{"posx":2,"posy":1,"amount":250},{"posx":6,"posy":1,"amount":150},{"posx":8,"posy":1,"amount":250},{"posx":20,"posy":1,"amount":150},{"posx":10,"posy":2,"amount":150},{"posx":5,"posy":3,"amount":650},{"posx":1,"posy":4,"amount":750},{"posx":4,"posy":4,"amount":400},{"posx":7,"posy":4,"amount":200},{"posx":8,"posy":4,"amount":300},{"posx":9,"posy":4,"amount":250},{"posx":6,"posy":5,"amount":650},{"posx":12,"posy":5,"amount":250},{"posx":19,"posy":5,"amount":50},{"posx":19,"posy":6,"amount":300},{"posx":16,"posy":7,"amount":100}],"changedObstacles":[]},{"players":[{"playerId":2299591,"score":500,"energy":16,"posx":10,"posy":2,"lastAction":2,"status":0},{"playerId":239305,"score":850,"energy":25,"posx":19,"posy":5,"lastAction":5,"status":0},{"playerId":2415753,"score":850,"energy":1,"posx":10,"posy":2,"lastAction":5,"status":0},{"playerId":2233933,"score":750,"energy":18,"posx":9,"posy":3,"lastAction":0,"status":0}],"golds":[{"posx":2,"posy":1,"amount":250},{"posx":6,"posy":1,"amount":150},{"posx":8,"posy":1,"amount":250},{"posx":20,"posy":1,"amount":150},{"posx":10,"posy":2,"amount":100},{"posx":5,"posy":3,"amount":650},{"posx":1,"posy":4,"amount":750},{"posx":4,"posy":4,"amount":400},{"posx":7,"posy":4,"amount":200},{"posx":8,"posy":4,"amount":300},{"posx":9,"posy":4,"amount":250},{"posx":6,"posy":5,"amount":650},{"posx":12,"posy":5,"amount":250},{"posx":19,"posy":6,"amount":300},{"posx":16,"posy":7,"amount":100}],"changedObstacles":[{"type":0,"posx":19,"posy":5,"value":-1}]},{"players":[{"playerId":2299591,"score":550,"energy":11,"posx":10,"posy":2,"lastAction":5,"status":0},{"playerId":239305,"score":850,"energy":21,"posx":19,"posy":6,"lastAction":3,"status":0},{"playerId":2415753,"score":850,"energy":13,"posx":10,"posy":2,"lastAction":4,"status":0},{"playerId":2233933,"score":750,"energy":17,"posx":8,"posy":3,"lastAction":0,"status":0}],"golds":[{"posx":2,"posy":1,"amount":250},{"posx":6,"posy":1,"amount":150},{"posx":8,"posy":1,"amount":250},{"posx":20,"posy":1,"amount":150},{"posx":10,"posy":2,"amount":50},{"posx":5,"posy":3,"amount":650},{"posx":1,"posy":4,"amount":750},{"posx":4,"posy":4,"amount":400},{"posx":7,"posy":4,"amount":200},{"posx":8,"posy":4,"amount":300},{"posx":9,"posy":4,"amount":250},{"posx":6,"posy":5,"amount":650},{"posx":12,"posy":5,"amount":250},{"posx":19,"posy":6,"amount":300},{"posx":16,"posy":7,"amount":100}],"changedObstacles":[]},{"players":[{"playerId":2299591,"score":575,"energy":6,"posx":10,"posy":2,"lastAction":5,"status":0},{"playerId":239305,"score":900,"energy":16,"posx":19,"posy":6,"lastAction":5,"status":0},{"playerId":2415753,"score":875,"energy":8,"posx":10,"posy":2,"lastAction":5,"status":0},{"playerId":2233933,"score":750,"energy":12,"posx":7,"posy":3,"lastAction":0,"status":0}],"golds":[{"posx":2,"posy":1,"amount":250},{"posx":6,"posy":1,"amount":150},{"posx":8,"posy":1,"amount":250},{"posx":20,"posy":1,"amount":150},{"posx":5,"posy":3,"amount":650},{"posx":1,"posy":4,"amount":750},{"posx":4,"posy":4,"amount":400},{"posx":7,"posy":4,"amount":200},{"posx":8,"posy":4,"amount":300},{"posx":9,"posy":4,"amount":250},{"posx":6,"posy":5,"amount":650},{"posx":12,"posy":5,"amount":250},{"posx":19,"posy":6,"amount":250},{"posx":16,"posy":7,"amount":100}],"changedObstacles":[{"type":3,"posx":7,"posy":3,"value":-20},{"type":0,"posx":10,"posy":2,"value":-1}]},{"players":[{"playerId":2299591,"score":575,"energy":18,"posx":10,"posy":2,"lastAction":4,"status":0},{"playerId":239305,"score":950,"energy":11,"posx":19,"posy":6,"lastAction":5,"status":0},{"playerId":2415753,"score":875,"energy":7,"posx":10,"posy":3,"lastAction":3,"status":0},{"playerId":2233933,"score":750,"energy":11,"posx":6,"posy":3,"lastAction":0,"status":0}],"golds":[{"posx":2,"posy":1,"amount":250},{"posx":6,"posy":1,"amount":150},{"posx":8,"posy":1,"amount":250},{"posx":20,"posy":1,"amount":150},{"posx":5,"posy":3,"amount":650},{"posx":1,"posy":4,"amount":750},{"posx":4,"posy":4,"amount":400},{"posx":7,"posy":4,"amount":200},{"posx":8,"posy":4,"amount":300},{"posx":9,"posy":4,"amount":250},{"posx":6,"posy":5,"amount":650},{"posx":12,"posy":5,"amount":250},{"posx":19,"posy":6,"amount":200},{"posx":16,"posy":7,"amount":100}],"changedObstacles":[]},{"players":[{"playerId":2299591,"score":575,"energy":34,"posx":10,"posy":2,"lastAction":4,"status":0},{"playerId":239305,"score":1000,"energy":6,"posx":19,"posy":6,"lastAction":5,"status":0},{"playerId":2415753,"score":875,"energy":19,"posx":10,"posy":3,"lastAction":4,"status":0},{"playerId":2233933,"score":750,"energy":7,"posx":5,"posy":3,"lastAction":0,"status":0}],"golds":[{"posx":2,"posy":1,"amount":250},{"posx":6,"posy":1,"amount":150},{"posx":8,"posy":1,"amount":250},{"posx":20,"posy":1,"amount":150},{"posx":5,"posy":3,"amount":650},{"posx":1,"posy":4,"amount":750},{"posx":4,"posy":4,"amount":400},{"posx":7,"posy":4,"amount":200},{"posx":8,"posy":4,"amount":300},{"posx":9,"posy":4,"amount":250},{"posx":6,"posy":5,"amount":650},{"posx":12,"posy":5,"amount":250},{"posx":19,"posy":6,"amount":150},{"posx":16,"posy":7,"amount":100}],"changedObstacles":[]},{"players":[{"playerId":2299591,"score":575,"energy":24,"posx":9,"posy":2,"lastAction":0,"status":0},{"playerId":239305,"score":1050,"energy":1,"posx":19,"posy":6,"lastAction":5,"status":0},{"playerId":2415753,"score":875,"energy":9,"posx":10,"posy":4,"lastAction":3,"status":0},{"playerId":2233933,"score":800,"energy":2,"posx":5,"posy":3,"lastAction":5,"status":0}],"golds":[{"posx":2,"posy":1,"amount":250},{"posx":6,"posy":1,"amount":150},{"posx":8,"posy":1,"amount":250},{"posx":20,"posy":1,"amount":150},{"posx":5,"posy":3,"amount":600},{"posx":1,"posy":4,"amount":750},{"posx":4,"posy":4,"amount":400},{"posx":7,"posy":4,"amount":200},{"posx":8,"posy":4,"amount":300},{"posx":9,"posy":4,"amount":250},{"posx":6,"posy":5,"amount":650},{"posx":12,"posy":5,"amount":250},{"posx":19,"posy":6,"amount":100},{"posx":16,"posy":7,"amount":100}],"changedObstacles":[{"type":0,"posx":10,"posy":4,"value":-1},{"type":0,"posx":9,"posy":2,"value":-1}]},{"players":[{"playerId":2299591,"score":575,"energy":23,"posx":9,"posy":1,"lastAction":2,"status":0},{"playerId":239305,"score":1050,"energy":13,"posx":19,"posy":6,"lastAction":4,"status":0},{"playerId":2415753,"score":875,"energy":5,"posx":9,"posy":4,"lastAction":0,"status":0},{"playerId":2233933,"score":800,"energy":14,"posx":5,"posy":3,"lastAction":4,"status":0}],"golds":[{"posx":2,"posy":1,"amount":250},{"posx":6,"posy":1,"amount":150},{"posx":8,"posy":1,"amount":250},{"posx":20,"posy":1,"amount":150},{"posx":5,"posy":3,"amount":600},{"posx":1,"posy":4,"amount":750},{"posx":4,"posy":4,"amount":400},{"posx":7,"posy":4,"amount":200},{"posx":8,"posy":4,"amount":300},{"posx":9,"posy":4,"amount":250},{"posx":6,"posy":5,"amount":650},{"posx":12,"posy":5,"amount":250},{"posx":19,"posy":6,"amount":100},{"posx":16,"posy":7,"amount":100}],"changedObstacles":[]},{"players":[{"playerId":2299591,"score":575,"energy":19,"posx":8,"posy":1,"lastAction":0,"status":0},{"playerId":239305,"score":1050,"energy":29,"posx":19,"posy":6,"lastAction":4,"status":0},{"playerId":2415753,"score":875,"energy":17,"posx":9,"posy":4,"lastAction":4,"status":0},{"playerId":2233933,"score":800,"energy":30,"posx":5,"posy":3,"lastAction":4,"status":0}],"golds":[{"posx":2,"posy":1,"amount":250},{"posx":6,"posy":1,"amount":150},{"posx":8,"posy":1,"amount":250},{"posx":20,"posy":1,"amount":150},{"posx":5,"posy":3,"amount":600},{"posx":1,"posy":4,"amount":750},{"posx":4,"posy":4,"amount":400},{"posx":7,"posy":4,"amount":200},{"posx":8,"posy":4,"amount":300},{"posx":9,"posy":4,"amount":250},{"posx":6,"posy":5,"amount":650},{"posx":12,"posy":5,"amount":250},{"posx":19,"posy":6,"amount":100},{"posx":16,"posy":7,"amount":100}],"changedObstacles":[]},{"players":[{"playerId":2299591,"score":625,"energy":14,"posx":8,"posy":1,"lastAction":5,"status":0},{"playerId":239305,"score":1050,"energy":50,"posx":19,"posy":6,"lastAction":4,"status":0},{"playerId":2415753,"score":925,"energy":12,"posx":9,"posy":4,"lastAction":5,"status":0},{"playerId":2233933,"score":850,"energy":25,"posx":5,"posy":3,"lastAction":5,"status":0}],"golds":[{"posx":2,"posy":1,"amount":250},{"posx":6,"posy":1,"amount":150},{"posx":8,"posy":1,"amount":200},{"posx":20,"posy":1,"amount":150},{"posx":5,"posy":3,"amount":550},{"posx":1,"posy":4,"amount":750},{"posx":4,"posy":4,"amount":400},{"posx":7,"posy":4,"amount":200},{"posx":8,"posy":4,"amount":300},{"posx":9,"posy":4,"amount":200},{"posx":6,"posy":5,"amount":650},{"posx":12,"posy":5,"amount":250},{"posx":19,"posy":6,"amount":100},{"posx":16,"posy":7,"amount":100}],"changedObstacles":[]},{"players":[{"playerId":2299591,"score":675,"energy":9,"posx":8,"posy":1,"lastAction":5,"status":0},{"playerId":239305,"score":1100,"energy":45,"posx":19,"posy":6,"lastAction":5,"status":0},{"playerId":2415753,"score":975,"energy":7,"posx":9,"posy":4,"lastAction":5,"status":0},{"playerId":2233933,"score":900,"energy":20,"posx":5,"posy":3,"lastAction":5,"status":0}],"golds":[{"posx":2,"posy":1,"amount":250},{"posx":6,"posy":1,"amount":150},{"posx":8,"posy":1,"amount":150},{"posx":20,"posy":1,"amount":150},{"posx":5,"posy":3,"amount":500},{"posx":1,"posy":4,"amount":750},{"posx":4,"posy":4,"amount":400},{"posx":7,"posy":4,"amount":200},{"posx":8,"posy":4,"amount":300},{"posx":9,"posy":4,"amount":150},{"posx":6,"posy":5,"amount":650},{"posx":12,"posy":5,"amount":250},{"posx":19,"posy":6,"amount":50},{"posx":16,"posy":7,"amount":100}],"changedObstacles":[]},{"players":[{"playerId":2299591,"score":725,"energy":4,"posx":8,"posy":1,"lastAction":5,"status":0},{"playerId":239305,"score":1150,"energy":40,"posx":19,"posy":6,"lastAction":5,"status":0},{"playerId":2415753,"score":1025,"energy":2,"posx":9,"posy":4,"lastAction":5,"status":0},{"playerId":2233933,"score":950,"energy":15,"posx":5,"posy":3,"lastAction":5,"status":0}],"golds":[{"posx":2,"posy":1,"amount":250},{"posx":6,"posy":1,"amount":150},{"posx":8,"posy":1,"amount":100},{"posx":20,"posy":1,"amount":150},{"posx":5,"posy":3,"amount":450},{"posx":1,"posy":4,"amount":750},{"posx":4,"posy":4,"amount":400},{"posx":7,"posy":4,"amount":200},{"posx":8,"posy":4,"amount":300},{"posx":9,"posy":4,"amount":100},{"posx":6,"posy":5,"amount":650},{"posx":12,"posy":5,"amount":250},{"posx":16,"posy":7,"amount":100}],"changedObstacles":[{"type":0,"posx":19,"posy":6,"value":-1}]},{"players":[{"playerId":2299591,"score":725,"energy":16,"posx":8,"posy":1,"lastAction":4,"status":0},{"playerId":239305,"score":1150,"energy":39,"posx":18,"posy":6,"lastAction":0,"status":0},{"playerId":2415753,"score":1025,"energy":14,"posx":9,"posy":4,"lastAction":4,"status":0},{"playerId":2233933,"score":1000,"energy":10,"posx":5,"posy":3,"lastAction":5,"status":0}],"golds":[{"posx":2,"posy":1,"amount":250},{"posx":6,"posy":1,"amount":150},{"posx":8,"posy":1,"amount":100},{"posx":20,"posy":1,"amount":150},{"posx":5,"posy":3,"amount":400},{"posx":1,"posy":4,"amount":750},{"posx":4,"posy":4,"amount":400},{"posx":7,"posy":4,"amount":200},{"posx":8,"posy":4,"amount":300},{"posx":9,"posy":4,"amount":100},{"posx":6,"posy":5,"amount":650},{"posx":12,"posy":5,"amount":250},{"posx":16,"posy":7,"amount":100}],"changedObstacles":[]},{"players":[{"playerId":2299591,"score":775,"energy":11,"posx":8,"posy":1,"lastAction":5,"status":0},{"playerId":239305,"score":1150,"energy":38,"posx":17,"posy":6,"lastAction":0,"status":0},{"playerId":2415753,"score":1075,"energy":9,"posx":9,"posy":4,"lastAction":5,"status":0},{"playerId":2233933,"score":1050,"energy":5,"posx":5,"posy":3,"lastAction":5,"status":0}],"golds":[{"posx":2,"posy":1,"amount":250},{"posx":6,"posy":1,"amount":150},{"posx":8,"posy":1,"amount":50},{"posx":20,"posy":1,"amount":150},{"posx":5,"posy":3,"amount":350},{"posx":1,"posy":4,"amount":750},{"posx":4,"posy":4,"amount":400},{"posx":7,"posy":4,"amount":200},{"posx":8,"posy":4,"amount":300},{"posx":9,"posy":4,"amount":50},{"posx":6,"posy":5,"amount":650},{"posx":12,"posy":5,"amount":250},{"posx":16,"posy":7,"amount":100}],"changedObstacles":[]},{"players":[{"playerId":2299591,"score":825,"energy":6,"posx":8,"posy":1,"lastAction":5,"status":0},{"playerId":239305,"score":1150,"energy":31,"posx":16,"posy":6,"lastAction":0,"status":0},{"playerId":2415753,"score":1125,"energy":4,"posx":9,"posy":4,"lastAction":5,"status":0},{"playerId":2233933,"score":1050,"energy":17,"posx":5,"posy":3,"lastAction":4,"status":0}],"golds":[{"posx":2,"posy":1,"amount":250},{"posx":6,"posy":1,"amount":150},{"posx":20,"posy":1,"amount":150},{"posx":5,"posy":3,"amount":350},{"posx":1,"posy":4,"amount":750},{"posx":4,"posy":4,"amount":400},{"posx":7,"posy":4,"amount":200},{"posx":8,"posy":4,"amount":300},{"posx":6,"posy":5,"amount":650},{"posx":12,"posy":5,"amount":250},{"posx":16,"posy":7,"amount":100}],"changedObstacles":[{"type":0,"posx":9,"posy":4,"value":-1},{"type":0,"posx":8,"posy":1,"value":-1}]},{"players":[{"playerId":2299591,"score":825,"energy":18,"posx":8,"posy":1,"lastAction":4,"status":0},{"playerId":239305,"score":1150,"energy":27,"posx":16,"posy":7,"lastAction":3,"status":0},{"playerId":2415753,"score":1125,"energy":16,"posx":9,"posy":4,"lastAction":4,"status":0},{"playerId":2233933,"score":1050,"energy":33,"posx":5,"posy":3,"lastAction":4,"status":0}],"golds":[{"posx":2,"posy":1,"amount":250},{"posx":6,"posy":1,"amount":150},{"posx":20,"posy":1,"amount":150},{"posx":5,"posy":3,"amount":350},{"posx":1,"posy":4,"amount":750},{"posx":4,"posy":4,"amount":400},{"posx":7,"posy":4,"amount":200},{"posx":8,"posy":4,"amount":300},{"posx":6,"posy":5,"amount":650},{"posx":12,"posy":5,"amount":250},{"posx":16,"posy":7,"amount":100}],"changedObstacles":[]},{"players":[{"playerId":2299591,"score":825,"energy":34,"posx":8,"posy":1,"lastAction":4,"status":0},{"playerId":239305,"score":1200,"energy":22,"posx":16,"posy":7,"lastAction":5,"status":0},{"playerId":2415753,"score":1125,"energy":12,"posx":8,"posy":4,"lastAction":0,"status":0},{"playerId":2233933,"score":1100,"energy":28,"posx":5,"posy":3,"lastAction":5,"status":0}],"golds":[{"posx":2,"posy":1,"amount":250},{"posx":6,"posy":1,"amount":150},{"posx":20,"posy":1,"amount":150},{"posx":5,"posy":3,"amount":300},{"posx":1,"posy":4,"amount":750},{"posx":4,"posy":4,"amount":400},{"posx":7,"posy":4,"amount":200},{"posx":8,"posy":4,"amount":300},{"posx":6,"posy":5,"amount":650},{"posx":12,"posy":5,"amount":250},{"posx":16,"posy":7,"amount":50}],"changedObstacles":[]},{"players":[{"playerId":2299591,"score":825,"energy":33,"posx":7,"posy":1,"lastAction":0,"status":0},{"playerId":239305,"score":1250,"energy":17,"posx":16,"posy":7,"lastAction":5,"status":0},{"playerId":2415753,"score":1175,"energy":7,"posx":8,"posy":4,"lastAction":5,"status":0},{"playerId":2233933,"score":1150,"energy":23,"posx":5,"posy":3,"lastAction":5,"status":0}],"golds":[{"posx":2,"posy":1,"amount":250},{"posx":6,"posy":1,"amount":150},{"posx":20,"posy":1,"amount":150},{"posx":5,"posy":3,"amount":250},{"posx":1,"posy":4,"amount":750},{"posx":4,"posy":4,"amount":400},{"posx":7,"posy":4,"amount":200},{"posx":8,"posy":4,"amount":250},{"posx":6,"posy":5,"amount":650},{"posx":12,"posy":5,"amount":250}],"changedObstacles":[{"type":0,"posx":16,"posy":7,"value":-1}]},{"players":[{"playerId":2299591,"score":825,"energy":29,"posx":6,"posy":1,"lastAction":0,"status":0},{"playerId":239305,"score":1250,"energy":12,"posx":15,"posy":7,"lastAction":0,"status":0},{"playerId":2415753,"score":1225,"energy":2,"posx":8,"posy":4,"lastAction":5,"status":0},{"playerId":2233933,"score":1200,"energy":18,"posx":5,"posy":3,"lastAction":5,"status":0}],"golds":[{"posx":2,"posy":1,"amount":250},{"posx":6,"posy":1,"amount":150},{"posx":20,"posy":1,"amount":150},{"posx":5,"posy":3,"amount":200},{"posx":1,"posy":4,"amount":750},{"posx":4,"posy":4,"amount":400},{"posx":7,"posy":4,"amount":200},{"posx":8,"posy":4,"amount":200},{"posx":6,"posy":5,"amount":650},{"posx":12,"posy":5,"amount":250}],"changedObstacles":[{"type":3,"posx":15,"posy":7,"value":-20}]},{"players":[{"playerId":2299591,"score":875,"energy":24,"posx":6,"posy":1,"lastAction":5,"status":0},{"playerId":239305,"score":1250,"energy":11,"posx":14,"posy":7,"lastAction":0,"status":0},{"playerId":2415753,"score":1225,"energy":14,"posx":8,"posy":4,"lastAction":4,"status":0},{"playerId":2233933,"score":1250,"energy":13,"posx":5,"posy":3,"lastAction":5,"status":0}],"golds":[{"posx":2,"posy":1,"amount":250},{"posx":6,"posy":1,"amount":100},{"posx":20,"posy":1,"amount":150},{"posx":5,"posy":3,"amount":150},{"posx":1,"posy":4,"amount":750},{"posx":4,"posy":4,"amount":400},{"posx":7,"posy":4,"amount":200},{"posx":8,"posy":4,"amount":200},{"posx":6,"posy":5,"amount":650},{"posx":12,"posy":5,"amount":250}],"changedObstacles":[]},{"players":[{"playerId":2299591,"score":925,"energy":19,"posx":6,"posy":1,"lastAction":5,"status":0},{"playerId":239305,"score":1250,"energy":6,"posx":13,"posy":7,"lastAction":0,"status":0},{"playerId":2415753,"score":1275,"energy":9,"posx":8,"posy":4,"lastAction":5,"status":0},{"playerId":2233933,"score":1300,"energy":8,"posx":5,"posy":3,"lastAction":5,"status":0}],"golds":[{"posx":2,"posy":1,"amount":250},{"posx":6,"posy":1,"amount":50},{"posx":20,"posy":1,"amount":150},{"posx":5,"posy":3,"amount":100},{"posx":1,"posy":4,"amount":750},{"posx":4,"posy":4,"amount":400},{"posx":7,"posy":4,"amount":200},{"posx":8,"posy":4,"amount":150},{"posx":6,"posy":5,"amount":650},{"posx":12,"posy":5,"amount":250}],"changedObstacles":[{"type":3,"posx":13,"posy":7,"value":-20}]},{"players":[{"playerId":2299591,"score":975,"energy":14,"posx":6,"posy":1,"lastAction":5,"status":0},{"playerId":239305,"score":1250,"energy":5,"posx":12,"posy":7,"lastAction":0,"status":0},{"playerId":2415753,"score":1325,"energy":4,"posx":8,"posy":4,"lastAction":5,"status":0},{"playerId":2233933,"score":1350,"energy":3,"posx":5,"posy":3,"lastAction":5,"status":0}],"golds":[{"posx":2,"posy":1,"amount":250},{"posx":20,"posy":1,"amount":150},{"posx":5,"posy":3,"amount":50},{"posx":1,"posy":4,"amount":750},{"posx":4,"posy":4,"amount":400},{"posx":7,"posy":4,"amount":200},{"posx":8,"posy":4,"amount":100},{"posx":6,"posy":5,"amount":650},{"posx":12,"posy":5,"amount":250}],"changedObstacles":[{"type":0,"posx":6,"posy":1,"value":-1}]},{"players":[{"playerId":2299591,"score":975,"energy":26,"posx":6,"posy":1,"lastAction":4,"status":0},{"playerId":239305,"score":1250,"energy":17,"posx":12,"posy":7,"lastAction":4,"status":0},{"playerId":2415753,"score":1325,"energy":16,"posx":8,"posy":4,"lastAction":4,"status":0},{"playerId":2233933,"score":1350,"energy":15,"posx":5,"posy":3,"lastAction":4,"status":0}],"golds":[{"posx":2,"posy":1,"amount":250},{"posx":20,"posy":1,"amount":150},{"posx":5,"posy":3,"amount":50},{"posx":1,"posy":4,"amount":750},{"posx":4,"posy":4,"amount":400},{"posx":7,"posy":4,"amount":200},{"posx":8,"posy":4,"amount":100},{"posx":6,"posy":5,"amount":650},{"posx":12,"posy":5,"amount":250}],"changedObstacles":[]},{"players":[{"playerId":2299591,"score":975,"energy":25,"posx":5,"posy":1,"lastAction":0,"status":0},{"playerId":239305,"score":1250,"energy":33,"posx":12,"posy":7,"lastAction":4,"status":0},{"playerId":2415753,"score":1375,"energy":11,"posx":8,"posy":4,"lastAction":5,"status":0},{"playerId":2233933,"score":1400,"energy":10,"posx":5,"posy":3,"lastAction":5,"status":0}],"golds":[{"posx":2,"posy":1,"amount":250},{"posx":20,"posy":1,"amount":150},{"posx":1,"posy":4,"amount":750},{"posx":4,"posy":4,"amount":400},{"posx":7,"posy":4,"amount":200},{"posx":8,"posy":4,"amount":50},{"posx":6,"posy":5,"amount":650},{"posx":12,"posy":5,"amount":250}],"changedObstacles":[{"type":0,"posx":5,"posy":3,"value":-1}]},{"players":[{"playerId":2299591,"score":975,"energy":24,"posx":5,"posy":2,"lastAction":3,"status":0},{"playerId":239305,"score":1250,"energy":50,"posx":12,"posy":7,"lastAction":4,"status":0},{"playerId":2415753,"score":1425,"energy":6,"posx":8,"posy":4,"lastAction":5,"status":0},{"playerId":2233933,"score":1400,"energy":5,"posx":5,"posy":4,"lastAction":3,"status":0}],"golds":[{"posx":2,"posy":1,"amount":250},{"posx":20,"posy":1,"amount":150},{"posx":1,"posy":4,"amount":750},{"posx":4,"posy":4,"amount":400},{"posx":7,"posy":4,"amount":200},{"posx":6,"posy":5,"amount":650},{"posx":12,"posy":5,"amount":250}],"changedObstacles":[{"type":3,"posx":5,"posy":4,"value":-20},{"type":0,"posx":8,"posy":4,"value":-1}]},{"players":[{"playerId":2299591,"score":975,"energy":14,"posx":4,"posy":2,"lastAction":0,"status":0},{"playerId":239305,"score":1250,"energy":40,"posx":12,"posy":6,"lastAction":2,"status":0},{"playerId":2415753,"score":1425,"energy":5,"posx":8,"posy":5,"lastAction":3,"status":0},{"playerId":2233933,"score":1400,"energy":1,"posx":4,"posy":4,"lastAction":0,"status":0}],"golds":[{"posx":2,"posy":1,"amount":250},{"posx":20,"posy":1,"amount":150},{"posx":1,"posy":4,"amount":750},{"posx":4,"posy":4,"amount":400},{"posx":7,"posy":4,"amount":200},{"posx":6,"posy":5,"amount":650},{"posx":12,"posy":5,"amount":250}],"changedObstacles":[{"type":0,"posx":4,"posy":2,"value":-1},{"type":0,"posx":12,"posy":6,"value":-1}]},{"players":[{"playerId":2299591,"score":975,"energy":26,"posx":4,"posy":2,"lastAction":4,"status":0},{"playerId":239305,"score":1250,"energy":36,"posx":12,"posy":5,"lastAction":2,"status":0},{"playerId":2415753,"score":1425,"energy":17,"posx":8,"posy":5,"lastAction":4,"status":0},{"playerId":2233933,"score":1400,"energy":13,"posx":4,"posy":4,"lastAction":4,"status":0}],"golds":[{"posx":2,"posy":1,"amount":250},{"posx":20,"posy":1,"amount":150},{"posx":1,"posy":4,"amount":750},{"posx":4,"posy":4,"amount":400},{"posx":7,"posy":4,"amount":200},{"posx":6,"posy":5,"amount":650},{"posx":12,"posy":5,"amount":250}],"changedObstacles":[]},{"players":[{"playerId":2299591,"score":975,"energy":25,"posx":3,"posy":2,"lastAction":0,"status":0},{"playerId":239305,"score":1300,"energy":31,"posx":12,"posy":5,"lastAction":5,"status":0},{"playerId":2415753,"score":1425,"energy":7,"posx":7,"posy":5,"lastAction":0,"status":0},{"playerId":2233933,"score":1400,"energy":29,"posx":4,"posy":4,"lastAction":4,"status":0}],"golds":[{"posx":2,"posy":1,"amount":250},{"posx":20,"posy":1,"amount":150},{"posx":1,"posy":4,"amount":750},{"posx":4,"posy":4,"amount":400},{"posx":7,"posy":4,"amount":200},{"posx":6,"posy":5,"amount":650},{"posx":12,"posy":5,"amount":200}],"changedObstacles":[{"type":0,"posx":7,"posy":5,"value":-1}]},{"players":[{"playerId":2299591,"score":975,"energy":24,"posx":2,"posy":2,"lastAction":0,"status":0},{"playerId":239305,"score":1350,"energy":26,"posx":12,"posy":5,"lastAction":5,"status":0},{"playerId":2415753,"score":1425,"energy":3,"posx":6,"posy":5,"lastAction":0,"status":0},{"playerId":2233933,"score":1450,"energy":24,"posx":4,"posy":4,"lastAction":5,"status":0}],"golds":[{"posx":2,"posy":1,"amount":250},{"posx":20,"posy":1,"amount":150},{"posx":1,"posy":4,"amount":750},{"posx":4,"posy":4,"amount":350},{"posx":7,"posy":4,"amount":200},{"posx":6,"posy":5,"amount":650},{"posx":12,"posy":5,"amount":150}],"changedObstacles":[]},{"players":[{"playerId":2299591,"score":975,"energy":6,"posx":1,"posy":2,"lastAction":0,"status":0},{"playerId":239305,"score":1400,"energy":21,"posx":12,"posy":5,"lastAction":5,"status":0},{"playerId":2415753,"score":1425,"energy":15,"posx":6,"posy":5,"lastAction":4,"status":0},{"playerId":2233933,"score":1500,"energy":19,"posx":4,"posy":4,"lastAction":5,"status":0}],"golds":[{"posx":2,"posy":1,"amount":250},{"posx":20,"posy":1,"amount":150},{"posx":1,"posy":4,"amount":750},{"posx":4,"posy":4,"amount":300},{"posx":7,"posy":4,"amount":200},{"posx":6,"posy":5,"amount":650},{"posx":12,"posy":5,"amount":100}],"changedObstacles":[]},{"players":[{"playerId":2299591,"score":975,"energy":18,"posx":1,"posy":2,"lastAction":4,"status":0},{"playerId":239305,"score":1450,"energy":16,"posx":12,"posy":5,"lastAction":5,"status":0},{"playerId":2415753,"score":1475,"energy":10,"posx":6,"posy":5,"lastAction":5,"status":0},{"playerId":2233933,"score":1550,"energy":14,"posx":4,"posy":4,"lastAction":5,"status":0}],"golds":[{"posx":2,"posy":1,"amount":250},{"posx":20,"posy":1,"amount":150},{"posx":1,"posy":4,"amount":750},{"posx":4,"posy":4,"amount":250},{"posx":7,"posy":4,"amount":200},{"posx":6,"posy":5,"amount":600},{"posx":12,"posy":5,"amount":50}],"changedObstacles":[]},{"players":[{"playerId":2299591,"score":975,"energy":34,"posx":1,"posy":2,"lastAction":4,"status":0},{"playerId":239305,"score":1500,"energy":11,"posx":12,"posy":5,"lastAction":5,"status":0},{"playerId":2415753,"score":1525,"energy":5,"posx":6,"posy":5,"lastAction":5,"status":0},{"playerId":2233933,"score":1600,"energy":9,"posx":4,"posy":4,"lastAction":5,"status":0}],"golds":[{"posx":2,"posy":1,"amount":250},{"posx":20,"posy":1,"amount":150},{"posx":1,"posy":4,"amount":750},{"posx":4,"posy":4,"amount":200},{"posx":7,"posy":4,"amount":200},{"posx":6,"posy":5,"amount":550}],"changedObstacles":[{"type":0,"posx":12,"posy":5,"value":-1}]},{"players":[{"playerId":2299591,"score":975,"energy":24,"posx":1,"posy":3,"lastAction":3,"status":0},{"playerId":239305,"score":1500,"energy":23,"posx":12,"posy":5,"lastAction":4,"status":0},{"playerId":2415753,"score":1525,"energy":17,"posx":6,"posy":5,"lastAction":4,"status":0},{"playerId":2233933,"score":1650,"energy":4,"posx":4,"posy":4,"lastAction":5,"status":0}],"golds":[{"posx":2,"posy":1,"amount":250},{"posx":20,"posy":1,"amount":150},{"posx":1,"posy":4,"amount":750},{"posx":4,"posy":4,"amount":150},{"posx":7,"posy":4,"amount":200},{"posx":6,"posy":5,"amount":550}],"changedObstacles":[{"type":0,"posx":1,"posy":3,"value":-1}]},{"players":[{"playerId":2299591,"score":975,"energy":20,"posx":1,"posy":4,"lastAction":3,"status":0},{"playerId":239305,"score":1500,"energy":39,"posx":12,"posy":5,"lastAction":4,"status":0},{"playerId":2415753,"score":1575,"energy":12,"posx":6,"posy":5,"lastAction":5,"status":0},{"playerId":2233933,"score":1650,"energy":16,"posx":4,"posy":4,"lastAction":4,"status":0}],"golds":[{"posx":2,"posy":1,"amount":250},{"posx":20,"posy":1,"amount":150},{"posx":1,"posy":4,"amount":750},{"posx":4,"posy":4,"amount":150},{"posx":7,"posy":4,"amount":200},{"posx":6,"posy":5,"amount":500}],"changedObstacles":[]},{"players":[{"playerId":2299591,"score":1025,"energy":15,"posx":1,"posy":4,"lastAction":5,"status":0},{"playerId":239305,"score":1500,"energy":27,"posx":11,"posy":5,"lastAction":0,"status":0},{"playerId":2415753,"score":1625,"energy":7,"posx":6,"posy":5,"lastAction":5,"status":0},{"playerId":2233933,"score":1700,"energy":11,"posx":4,"posy":4,"lastAction":5,"status":0}],"golds":[{"posx":2,"posy":1,"amount":250},{"posx":20,"posy":1,"amount":150},{"posx":1,"posy":4,"amount":700},{"posx":4,"posy":4,"amount":100},{"posx":7,"posy":4,"amount":200},{"posx":6,"posy":5,"amount":450}],"changedObstacles":[]},{"players":[{"playerId":2299591,"score":1075,"energy":10,"posx":1,"posy":4,"lastAction":5,"status":0},{"playerId":239305,"score":1500,"energy":22,"posx":10,"posy":5,"lastAction":0,"status":0},{"playerId":2415753,"score":1675,"energy":2,"posx":6,"posy":5,"lastAction":5,"status":0},{"playerId":2233933,"score":1750,"energy":6,"posx":4,"posy":4,"lastAction":5,"status":0}],"golds":[{"posx":2,"posy":1,"amount":250},{"posx":20,"posy":1,"amount":150},{"posx":1,"posy":4,"amount":650},{"posx":4,"posy":4,"amount":50},{"posx":7,"posy":4,"amount":200},{"posx":6,"posy":5,"amount":400}],"changedObstacles":[{"type":3,"posx":10,"posy":5,"value":-20}]},{"players":[{"playerId":2299591,"score":1125,"energy":5,"posx":1,"posy":4,"lastAction":5,"status":0},{"playerId":239305,"score":1500,"energy":17,"posx":9,"posy":5,"lastAction":0,"status":0},{"playerId":2415753,"score":1675,"energy":14,"posx":6,"posy":5,"lastAction":4,"status":0},{"playerId":2233933,"score":1800,"energy":1,"posx":4,"posy":4,"lastAction":5,"status":0}],"golds":[{"posx":2,"posy":1,"amount":250},{"posx":20,"posy":1,"amount":150},{"posx":1,"posy":4,"amount":600},{"posx":7,"posy":4,"amount":200},{"posx":6,"posy":5,"amount":400}],"changedObstacles":[{"type":3,"posx":9,"posy":5,"value":-20},{"type":0,"posx":4,"posy":4,"value":-1}]},{"players":[{"playerId":2299591,"score":1125,"energy":17,"posx":1,"posy":4,"lastAction":4,"status":0},{"playerId":239305,"score":1500,"energy":16,"posx":8,"posy":5,"lastAction":0,"status":0},{"playerId":2415753,"score":1725,"energy":9,"posx":6,"posy":5,"lastAction":5,"status":0},{"playerId":2233933,"score":1800,"energy":13,"posx":4,"posy":4,"lastAction":4,"status":0}],"golds":[{"posx":2,"posy":1,"amount":250},{"posx":20,"posy":1,"amount":150},{"posx":1,"posy":4,"amount":600},{"posx":7,"posy":4,"amount":200},{"posx":6,"posy":5,"amount":350}],"changedObstacles":[]},{"players":[{"playerId":2299591,"score":1175,"energy":12,"posx":1,"posy":4,"lastAction":5,"status":0},{"playerId":239305,"score":1500,"energy":15,"posx":7,"posy":5,"lastAction":0,"status":0},{"playerId":2415753,"score":1775,"energy":4,"posx":6,"posy":5,"lastAction":5,"status":0},{"playerId":2233933,"score":1800,"energy":29,"posx":4,"posy":4,"lastAction":4,"status":0}],"golds":[{"posx":2,"posy":1,"amount":250},{"posx":20,"posy":1,"amount":150},{"posx":1,"posy":4,"amount":550},{"posx":7,"posy":4,"amount":200},{"posx":6,"posy":5,"amount":300}],"changedObstacles":[]},{"players":[{"playerId":2299591,"score":1225,"energy":7,"posx":1,"posy":4,"lastAction":5,"status":0},{"playerId":239305,"score":1500,"energy":11,"posx":6,"posy":5,"lastAction":0,"status":0},{"playerId":2415753,"score":1775,"energy":16,"posx":6,"posy":5,"lastAction":4,"status":0},{"playerId":2233933,"score":1800,"energy":50,"posx":4,"posy":4,"lastAction":4,"status":0}],"golds":[{"posx":2,"posy":1,"amount":250},{"posx":20,"posy":1,"amount":150},{"posx":1,"posy":4,"amount":500},{"posx":7,"posy":4,"amount":200},{"posx":6,"posy":5,"amount":300}],"changedObstacles":[]},{"players":[{"playerId":2299591,"score":1275,"energy":2,"posx":1,"posy":4,"lastAction":5,"status":0},{"playerId":239305,"score":1550,"energy":6,"posx":6,"posy":5,"lastAction":5,"status":0},{"playerId":2415753,"score":1825,"energy":11,"posx":6,"posy":5,"lastAction":5,"status":0},{"playerId":2233933,"score":1800,"energy":45,"posx":4,"posy":5,"lastAction":3,"status":0}],"golds":[{"posx":2,"posy":1,"amount":250},{"posx":20,"posy":1,"amount":150},{"posx":1,"posy":4,"amount":450},{"posx":7,"posy":4,"amount":200},{"posx":6,"posy":5,"amount":200}],"changedObstacles":[{"type":3,"posx":4,"posy":5,"value":-20}]},{"players":[{"playerId":2299591,"score":1275,"energy":14,"posx":1,"posy":4,"lastAction":4,"status":0},{"playerId":239305,"score":1600,"energy":1,"posx":6,"posy":5,"lastAction":5,"status":0},{"playerId":2415753,"score":1875,"energy":6,"posx":6,"posy":5,"lastAction":5,"status":0},{"playerId":2233933,"score":1800,"energy":35,"posx":5,"posy":5,"lastAction":1,"status":0}],"golds":[{"posx":2,"posy":1,"amount":250},{"posx":20,"posy":1,"amount":150},{"posx":1,"posy":4,"amount":450},{"posx":7,"posy":4,"amount":200},{"posx":6,"posy":5,"amount":100}],"changedObstacles":[{"type":0,"posx":5,"posy":5,"value":-1}]},{"players":[{"playerId":2299591,"score":1325,"energy":9,"posx":1,"posy":4,"lastAction":5,"status":0},{"playerId":239305,"score":1600,"energy":13,"posx":6,"posy":5,"lastAction":4,"status":0},{"playerId":2415753,"score":1925,"energy":1,"posx":6,"posy":5,"lastAction":5,"status":0},{"playerId":2233933,"score":1800,"energy":31,"posx":6,"posy":5,"lastAction":1,"status":0}],"golds":[{"posx":2,"posy":1,"amount":250},{"posx":20,"posy":1,"amount":150},{"posx":1,"posy":4,"amount":400},{"posx":7,"posy":4,"amount":200},{"posx":6,"posy":5,"amount":50}],"changedObstacles":[]},{"players":[{"playerId":2299591,"score":1375,"energy":4,"posx":1,"posy":4,"lastAction":5,"status":0},{"playerId":239305,"score":1625,"energy":8,"posx":6,"posy":5,"lastAction":5,"status":0},{"playerId":2415753,"score":1925,"energy":13,"posx":6,"posy":5,"lastAction":4,"status":0},{"playerId":2233933,"score":1825,"energy":26,"posx":6,"posy":5,"lastAction":5,"status":0}],"golds":[{"posx":2,"posy":1,"amount":250},{"posx":20,"posy":1,"amount":150},{"posx":1,"posy":4,"amount":350},{"posx":7,"posy":4,"amount":200}],"changedObstacles":[{"type":0,"posx":6,"posy":5,"value":-1}]},{"players":[{"playerId":2299591,"score":1375,"energy":16,"posx":1,"posy":4,"lastAction":4,"status":0},{"playerId":239305,"score":1625,"energy":7,"posx":7,"posy":5,"lastAction":1,"status":0},{"playerId":2415753,"score":1925,"energy":29,"posx":6,"posy":5,"lastAction":4,"status":0},{"playerId":2233933,"score":1825,"energy":25,"posx":7,"posy":5,"lastAction":1,"status":0}],"golds":[{"posx":2,"posy":1,"amount":250},{"posx":20,"posy":1,"amount":150},{"posx":1,"posy":4,"amount":350},{"posx":7,"posy":4,"amount":200}],"changedObstacles":[]},{"players":[{"playerId":2299591,"score":1425,"energy":11,"posx":1,"posy":4,"lastAction":5,"status":0},{"playerId":239305,"score":1625,"energy":3,"posx":7,"posy":4,"lastAction":2,"status":0},{"playerId":2415753,"score":1925,"energy":16,"posx":6,"posy":4,"lastAction":2,"status":0},{"playerId":2233933,"score":1825,"energy":21,"posx":7,"posy":4,"lastAction":2,"status":0}],"golds":[{"posx":2,"posy":1,"amount":250},{"posx":20,"posy":1,"amount":150},{"posx":1,"posy":4,"amount":300},{"posx":7,"posy":4,"amount":200}],"changedObstacles":[]},{"players":[{"playerId":2299591,"score":1475,"energy":6,"posx":1,"posy":4,"lastAction":5,"status":0},{"playerId":239305,"score":1625,"energy":15,"posx":7,"posy":4,"lastAction":4,"status":0},{"playerId":2415753,"score":1925,"energy":15,"posx":6,"posy":3,"lastAction":2,"status":0},{"playerId":2233933,"score":1875,"energy":16,"posx":7,"posy":4,"lastAction":5,"status":0}],"golds":[{"posx":2,"posy":1,"amount":250},{"posx":20,"posy":1,"amount":150},{"posx":1,"posy":4,"amount":250},{"posx":7,"posy":4,"amount":150}],"changedObstacles":[]},{"players":[{"playerId":2299591,"score":1525,"energy":1,"posx":1,"posy":4,"lastAction":5,"status":0},{"playerId":239305,"score":1675,"energy":10,"posx":7,"posy":4,"lastAction":5,"status":0},{"playerId":2415753,"score":1925,"energy":14,"posx":6,"posy":2,"lastAction":2,"status":0},{"playerId":2233933,"score":1925,"energy":11,"posx":7,"posy":4,"lastAction":5,"status":0}],"golds":[{"posx":2,"posy":1,"amount":250},{"posx":20,"posy":1,"amount":150},{"posx":1,"posy":4,"amount":200},{"posx":7,"posy":4,"amount":50}],"changedObstacles":[]},{"players":[{"playerId":2299591,"score":1525,"energy":13,"posx":1,"posy":4,"lastAction":4,"status":0},{"playerId":239305,"score":1700,"energy":5,"posx":7,"posy":4,"lastAction":5,"status":0},{"playerId":2415753,"score":1925,"energy":13,"posx":5,"posy":2,"lastAction":0,"status":0},{"playerId":2233933,"score":1950,"energy":6,"posx":7,"posy":4,"lastAction":5,"status":0}],"golds":[{"posx":2,"posy":1,"amount":250},{"posx":20,"posy":1,"amount":150},{"posx":1,"posy":4,"amount":200}],"changedObstacles":[{"type":0,"posx":7,"posy":4,"value":-1}]},{"players":[{"playerId":2299591,"score":1575,"energy":8,"posx":1,"posy":4,"lastAction":5,"status":0},{"playerId":239305,"score":1700,"energy":17,"posx":7,"posy":4,"lastAction":4,"status":0},{"playerId":2415753,"score":1925,"energy":12,"posx":4,"posy":2,"lastAction":0,"status":0},{"playerId":2233933,"score":1950,"energy":18,"posx":7,"posy":4,"lastAction":4,"status":0}],"golds":[{"posx":2,"posy":1,"amount":250},{"posx":20,"posy":1,"amount":150},{"posx":1,"posy":4,"amount":150}],"changedObstacles":[]},{"players":[{"playerId":2299591,"score":1625,"energy":3,"posx":1,"posy":4,"lastAction":5,"status":0},{"playerId":239305,"score":1700,"energy":33,"posx":7,"posy":4,"lastAction":4,"status":0},{"playerId":2415753,"score":1925,"energy":11,"posx":3,"posy":2,"lastAction":0,"status":0},{"playerId":2233933,"score":1950,"energy":34,"posx":7,"posy":4,"lastAction":4,"status":0}],"golds":[{"posx":2,"posy":1,"amount":250},{"posx":20,"posy":1,"amount":150},{"posx":1,"posy":4,"amount":100}],"changedObstacles":[]},{"players":[{"playerId":2299591,"score":1625,"energy":15,"posx":1,"posy":4,"lastAction":4,"status":0},{"playerId":239305,"score":1700,"energy":50,"posx":7,"posy":4,"lastAction":4,"status":0},{"playerId":2415753,"score":1925,"energy":10,"posx":2,"posy":2,"lastAction":0,"status":0},{"playerId":2233933,"score":1950,"energy":14,"posx":7,"posy":3,"lastAction":2,"status":0}],"golds":[{"posx":2,"posy":1,"amount":250},{"posx":20,"posy":1,"amount":150},{"posx":1,"posy":4,"amount":100}],"changedObstacles":[{"type":3,"posx":7,"posy":3,"value":-40}]},{"players":[{"playerId":2299591,"score":1675,"energy":10,"posx":1,"posy":4,"lastAction":5,"status":0},{"playerId":239305,"score":1700,"energy":44,"posx":6,"posy":4,"lastAction":0,"status":0},{"playerId":2415753,"score":1925,"energy":6,"posx":2,"posy":1,"lastAction":2,"status":0},{"playerId":2233933,"score":1950,"energy":13,"posx":6,"posy":3,"lastAction":0,"status":0}],"golds":[{"posx":2,"posy":1,"amount":250},{"posx":20,"posy":1,"amount":150},{"posx":1,"posy":4,"amount":50}],"changedObstacles":[]},{"players":[{"playerId":2299591,"score":1725,"energy":5,"posx":1,"posy":4,"lastAction":5,"status":0},{"playerId":239305,"score":1700,"energy":43,"posx":6,"posy":3,"lastAction":2,"status":0},{"playerId":2415753,"score":1975,"energy":1,"posx":2,"posy":1,"lastAction":5,"status":0},{"playerId":2233933,"score":1950,"energy":12,"posx":5,"posy":3,"lastAction":0,"status":0}],"golds":[{"posx":2,"posy":1,"amount":200},{"posx":20,"posy":1,"amount":150}],"changedObstacles":[{"type":0,"posx":1,"posy":4,"value":-1}]},{"players":[{"playerId":2299591,"score":1725,"energy":17,"posx":1,"posy":4,"lastAction":4,"status":0},{"playerId":239305,"score":1700,"energy":42,"posx":6,"posy":2,"lastAction":2,"status":0},{"playerId":2415753,"score":1975,"energy":13,"posx":2,"posy":1,"lastAction":4,"status":0},{"playerId":2233933,"score":1950,"energy":11,"posx":5,"posy":2,"lastAction":2,"status":0}],"golds":[{"posx":2,"posy":1,"amount":200},{"posx":20,"posy":1,"amount":150}],"changedObstacles":[]},{"players":[{"playerId":2299591,"score":1725,"energy":33,"posx":1,"posy":4,"lastAction":4,"status":0},{"playerId":239305,"score":1700,"energy":41,"posx":5,"posy":2,"lastAction":0,"status":0},{"playerId":2415753,"score":2025,"energy":8,"posx":2,"posy":1,"lastAction":5,"status":0},{"playerId":2233933,"score":1950,"energy":10,"posx":4,"posy":2,"lastAction":0,"status":0}],"golds":[{"posx":2,"posy":1,"amount":150},{"posx":20,"posy":1,"amount":150}],"changedObstacles":[]},{"players":[{"playerId":2299591,"score":1725,"energy":32,"posx":1,"posy":3,"lastAction":2,"status":0},{"playerId":239305,"score":1700,"energy":40,"posx":4,"posy":2,"lastAction":0,"status":0},{"playerId":2415753,"score":2075,"energy":3,"posx":2,"posy":1,"lastAction":5,"status":0},{"playerId":2233933,"score":1950,"energy":9,"posx":3,"posy":2,"lastAction":0,"status":0}],"golds":[{"posx":2,"posy":1,"amount":100},{"posx":20,"posy":1,"amount":150}],"changedObstacles":[]},{"players":[{"playerId":2299591,"score":1725,"energy":19,"posx":1,"posy":2,"lastAction":2,"status":0},{"playerId":239305,"score":1700,"energy":39,"posx":3,"posy":2,"lastAction":0,"status":0},{"playerId":2415753,"score":2075,"energy":15,"posx":2,"posy":1,"lastAction":4,"status":0},{"playerId":2233933,"score":1950,"energy":8,"posx":2,"posy":2,"lastAction":0,"status":0}],"golds":[{"posx":2,"posy":1,"amount":100},{"posx":20,"posy":1,"amount":150}],"changedObstacles":[]},{"players":[{"playerId":2299591,"score":1725,"energy":31,"posx":1,"posy":2,"lastAction":4,"status":0},{"playerId":239305,"score":1700,"energy":38,"posx":2,"posy":2,"lastAction":0,"status":0},{"playerId":2415753,"score":2125,"energy":10,"posx":2,"posy":1,"lastAction":5,"status":0},{"playerId":2233933,"score":1950,"energy":4,"posx":2,"posy":1,"lastAction":2,"status":0}],"golds":[{"posx":2,"posy":1,"amount":50},{"posx":20,"posy":1,"amount":150}],"changedObstacles":[]},{"players":[{"playerId":2299591,"score":1725,"energy":30,"posx":1,"posy":1,"lastAction":2,"status":0},{"playerId":239305,"score":1700,"energy":34,"posx":2,"posy":1,"lastAction":2,"status":0},{"playerId":2415753,"score":2175,"energy":5,"posx":2,"posy":1,"lastAction":5,"status":0},{"playerId":2233933,"score":1950,"energy":16,"posx":2,"posy":1,"lastAction":4,"status":0}],"golds":[{"posx":20,"posy":1,"amount":150}],"changedObstacles":[{"type":0,"posx":2,"posy":1,"value":-1}]},{"players":[{"playerId":2299591,"score":1725,"energy":29,"posx":2,"posy":1,"lastAction":1,"status":0},{"playerId":239305,"score":1700,"energy":46,"posx":2,"posy":1,"lastAction":4,"status":0},{"playerId":2415753,"score":2175,"energy":4,"posx":2,"posy":2,"lastAction":3,"status":0},{"playerId":2233933,"score":1950,"energy":32,"posx":2,"posy":1,"lastAction":4,"status":0}],"golds":[{"posx":20,"posy":1,"amount":150}],"changedObstacles":[]},{"players":[{"playerId":2299591,"score":1725,"energy":28,"posx":2,"posy":2,"lastAction":3,"status":0},{"playerId":239305,"score":1700,"energy":50,"posx":2,"posy":1,"lastAction":4,"status":0},{"playerId":2415753,"score":2175,"energy":3,"posx":3,"posy":2,"lastAction":1,"status":0},{"playerId":2233933,"score":1950,"energy":50,"posx":2,"posy":1,"lastAction":4,"status":0}],"golds":[{"posx":20,"posy":1,"amount":150}],"changedObstacles":[]},{"players":[{"playerId":2299591,"score":1725,"energy":27,"posx":3,"posy":2,"lastAction":1,"status":0},{"playerId":239305,"score":1700,"energy":50,"posx":2,"posy":1,"lastAction":4,"status":0},{"playerId":2415753,"score":2175,"energy":2,"posx":4,"posy":2,"lastAction":1,"status":0},{"playerId":2233933,"score":1950,"energy":50,"posx":2,"posy":1,"lastAction":4,"status":0}],"golds":[{"posx":20,"posy":1,"amount":150}],"changedObstacles":[]},{"players":[{"playerId":2299591,"score":1725,"energy":26,"posx":4,"posy":2,"lastAction":1,"status":0},{"playerId":239305,"score":1700,"energy":50,"posx":2,"posy":1,"lastAction":4,"status":0},{"playerId":2415753,"score":2175,"energy":1,"posx":5,"posy":2,"lastAction":1,"status":0},{"playerId":2233933,"score":1950,"energy":50,"posx":2,"posy":1,"lastAction":4,"status":0}],"golds":[{"posx":20,"posy":1,"amount":150}],"changedObstacles":[]},{"players":[{"playerId":2299591,"score":1725,"energy":25,"posx":5,"posy":2,"lastAction":1,"status":0},{"playerId":239305,"score":1700,"energy":50,"posx":2,"posy":1,"lastAction":4,"status":0},{"playerId":2415753,"score":2175,"energy":0,"posx":6,"posy":2,"lastAction":1,"status":2},{"playerId":2233933,"score":1950,"energy":50,"posx":2,"posy":1,"lastAction":4,"status":0}],"golds":[{"posx":20,"posy":1,"amount":150}],"changedObstacles":[]},{"players":[{"playerId":2299591,"score":1725,"energy":24,"posx":5,"posy":1,"lastAction":2,"status":0},{"playerId":239305,"score":1700,"energy":50,"posx":2,"posy":1,"lastAction":4,"status":0},{"playerId":2415753,"score":2175,"energy":0,"posx":6,"posy":2,"lastAction":6,"status":2},{"playerId":2233933,"score":1950,"energy":50,"posx":2,"posy":1,"lastAction":4,"status":0}],"golds":[{"posx":20,"posy":1,"amount":150}],"changedObstacles":[]},{"players":[{"playerId":2299591,"score":1725,"energy":23,"posx":6,"posy":1,"lastAction":1,"status":0},{"playerId":239305,"score":1700,"energy":50,"posx":2,"posy":1,"lastAction":4,"status":0},{"playerId":2415753,"score":2175,"energy":0,"posx":6,"posy":2,"lastAction":6,"status":2},{"playerId":2233933,"score":1950,"energy":50,"posx":2,"posy":1,"lastAction":4,"status":0}],"golds":[{"posx":20,"posy":1,"amount":150}],"changedObstacles":[]},{"players":[{"playerId":2299591,"score":1725,"energy":22,"posx":7,"posy":1,"lastAction":1,"status":0},{"playerId":239305,"score":1700,"energy":50,"posx":2,"posy":1,"lastAction":4,"status":0},{"playerId":2415753,"score":2175,"energy":0,"posx":6,"posy":2,"lastAction":6,"status":2},{"playerId":2233933,"score":1950,"energy":50,"posx":2,"posy":1,"lastAction":4,"status":0}],"golds":[{"posx":20,"posy":1,"amount":150}],"changedObstacles":[]},{"players":[{"playerId":2299591,"score":1725,"energy":21,"posx":8,"posy":1,"lastAction":1,"status":0},{"playerId":239305,"score":1700,"energy":50,"posx":2,"posy":1,"lastAction":4,"status":0},{"playerId":2415753,"score":2175,"energy":0,"posx":6,"posy":2,"lastAction":6,"status":2},{"playerId":2233933,"score":1950,"energy":50,"posx":2,"posy":1,"lastAction":4,"status":0}],"golds":[{"posx":20,"posy":1,"amount":150}],"changedObstacles":[]},{"players":[{"playerId":2299591,"score":1725,"energy":20,"posx":9,"posy":1,"lastAction":1,"status":0},{"playerId":239305,"score":1700,"energy":50,"posx":2,"posy":1,"lastAction":4,"status":0},{"playerId":2415753,"score":2175,"energy":0,"posx":6,"posy":2,"lastAction":6,"status":2},{"playerId":2233933,"score":1950,"energy":50,"posx":2,"posy":1,"lastAction":4,"status":0}],"golds":[{"posx":20,"posy":1,"amount":150}],"changedObstacles":[]},{"players":[{"playerId":2299591,"score":1725,"energy":19,"posx":9,"posy":2,"lastAction":3,"status":0},{"playerId":239305,"score":1700,"energy":50,"posx":2,"posy":1,"lastAction":4,"status":0},{"playerId":2415753,"score":2175,"energy":0,"posx":6,"posy":2,"lastAction":6,"status":2},{"playerId":2233933,"score":1950,"energy":50,"posx":2,"posy":1,"lastAction":4,"status":0}],"golds":[{"posx":20,"posy":1,"amount":150}],"changedObstacles":[]}]