[{"players":[{"playerId":2613909,"score":0,"energy":46},{"playerId":157815,"score":0,"energy":36},{"playerId":2251128,"score":0,"energy":49},{"playerId":2241999,"score":0,"energy":46}],"golds":[{"posx":1,"posy":8,"amount":100},{"posx":9,"posy":4,"amount":150},{"posx":15,"posy":6,"amount":300},{"posx":19,"posy":2,"amount":50},{"posx":17,"posy":1,"amount":50},{"posx":6,"posy":7,"amount":600},{"posx":1,"posy":6,"amount":600},{"posx":6,"posy":2,"amount":150},{"posx":8,"posy":3,"amount":100},{"posx":14,"posy":5,"amount":550},{"posx":5,"posy":6,"amount":450},{"posx":15,"posy":4,"amount":500},{"posx":18,"posy":7,"amount":350},{"posx":6,"posy":4,"amount":450},{"posx":3,"posy":8,"amount":250},{"posx":16,"posy":0,"amount":400},{"posx":1,"posy":7,"amount":250},{"posx":5,"posy":7,"amount":500},{"posx":13,"posy":6,"amount":550},{"posx":19,"posy":0,"amount":50}],"changedObstacles":[]},{"players":[{"playerId":2613909,"score":50,"energy":41},{"playerId":157815,"score":0,"energy":32},{"playerId":2251128,"score":0,"energy":48},{"playerId":2241999,"score":50,"energy":41}],"golds":[{"posx":16,"posy":0,"amount":400},{"posx":19,"posy":0,"amount":50},{"posx":17,"posy":1,"amount":50},{"posx":6,"posy":2,"amount":150},{"posx":19,"posy":2,"amount":50},{"posx":6,"posy":4,"amount":450},{"posx":9,"posy":4,"amount":150},{"posx":15,"posy":4,"amount":500},{"posx":14,"posy":5,"amount":550},{"posx":1,"posy":6,"amount":600},{"posx":5,"posy":6,"amount":450},{"posx":13,"posy":6,"amount":550},{"posx":15,"posy":6,"amount":300},{"posx":1,"posy":7,"amount":250},{"posx":5,"posy":7,"amount":500},{"posx":6,"posy":7,"amount":600},{"posx":18,"posy":7,"amount":350},{"posx":1,"posy":8,"amount":100},{"posx":3,"posy":8,"amount":250}],"changedObstacles":[{"type":0,"posx":8,"posy":3,"value":-1}]},{"players":[{"playerId":2613909,"score":50,"energy":40},{"playerId":157815,"score":50,"energy":27},{"playerId":2251128,"score":0,"energy":47},{"playerId":2241999,"score":50,"energy":40}],"golds":[{"posx":16,"posy":0,"amount":400},{"posx":19,"posy":0,"amount":50},{"posx":17,"posy":1,"amount":50},{"posx":6,"posy":2,"amount":100},{"posx":19,"posy":2,"amount":50},{"posx":6,"posy":4,"amount":450},{"posx":9,"posy":4,"amount":150},{"posx":15,"posy":4,"amount":500},{"posx":14,"posy":5,"amount":550},{"posx":1,"posy":6,"amount":600},{"posx":5,"posy":6,"amount":450},{"posx":13,"posy":6,"amount":550},{"posx":15,"posy":6,"amount":300},{"posx":1,"posy":7,"amount":250},{"posx":5,"posy":7,"amount":500},{"posx":6,"posy":7,"amount":600},{"posx":18,"posy":7,"amount":350},{"posx":1,"posy":8,"amount":100},{"posx":3,"posy":8,"amount":250}],"changedObstacles":[]},{"players":[{"playerId":2613909,"score":50,"energy":36},{"playerId":157815,"score":100,"energy":22},{"playerId":2251128,"score":0,"energy":46},{"playerId":2241999,"score":50,"energy":39}],"golds":[{"posx":16,"posy":0,"amount":400},{"posx":19,"posy":0,"amount":50},{"posx":17,"posy":1,"amount":50},{"posx":6,"posy":2,"amount":50},{"posx":19,"posy":2,"amount":50},{"posx":6,"posy":4,"amount":450},{"posx":9,"posy":4,"amount":150},{"posx":15,"posy":4,"amount":500},{"posx":14,"posy":5,"amount":550},{"posx":1,"posy":6,"amount":600},{"posx":5,"posy":6,"amount":450},{"posx":13,"posy":6,"amount":550},{"posx":15,"posy":6,"amount":300},{"posx":1,"posy":7,"amount":250},{"posx":5,"posy":7,"amount":500},{"posx":6,"posy":7,"amount":600},{"posx":18,"posy":7,"amount":350},{"posx":1,"posy":8,"amount":100},{"posx":3,"posy":8,"amount":250}],"changedObstacles":[]},{"players":[{"playerId":2613909,"score":100,"energy":31},{"playerId":157815,"score":150,"energy":17},{"playerId":2251128,"score":0,"energy":45},{"playerId":2241999,"score":50,"energy":38}],"golds":[{"posx":16,"posy":0,"amount":400},{"posx":19,"posy":0,"amount":50},{"posx":17,"posy":1,"amount":50},{"posx":19,"posy":2,"amount":50},{"posx":6,"posy":4,"amount":450},{"posx":9,"posy":4,"amount":100},{"posx":15,"posy":4,"amount":500},{"posx":14,"posy":5,"amount":550},{"posx":1,"posy":6,"amount":600},{"posx":5,"posy":6,"amount":450},{"posx":13,"posy":6,"amount":550},{"posx":15,"posy":6,"amount":300},{"posx":1,"posy":7,"amount":250},{"posx":5,"posy":7,"amount":500},{"posx":6,"posy":7,"amount":600},{"posx":18,"posy":7,"amount":350},{"posx":1,"posy":8,"amount":100},{"posx":3,"posy":8,"amount":250}],"changedObstacles":[{"type":0,"posx":6,"posy":2,"value":-1}]},{"players":[{"playerId":2613909,"score":150,"energy":26},{"playerId":157815,"score":150,"energy":16},{"playerId":2251128,"score":0,"energy":44},{"playerId":2241999,"score":50,"energy":37}],"golds":[{"posx":16,"posy":0,"amount":400},{"posx":19,"posy":0,"amount":50},{"posx":17,"posy":1,"amount":50},{"posx":19,"posy":2,"amount":50},{"posx":6,"posy":4,"amount":450},{"posx":9,"posy":4,"amount":50},{"posx":15,"posy":4,"amount":500},{"posx":14,"posy":5,"amount":550},{"posx":1,"posy":6,"amount":600},{"posx":5,"posy":6,"amount":450},{"posx":13,"posy":6,"amount":550},{"posx":15,"posy":6,"amount":300},{"posx":1,"posy":7,"amount":250},{"posx":5,"posy":7,"amount":500},{"posx":6,"posy":7,"amount":600},{"posx":18,"posy":7,"amount":350},{"posx":1,"posy":8,"amount":100},{"posx":3,"posy":8,"amount":250}],"changedObstacles":[]},{"players":[{"playerId":2613909,"score":200,"energy":21},{"playerId":157815,"score":150,"energy":12},{"playerId":2251128,"score":0,"energy":43},{"playerId":2241999,"score":50,"energy":36}],"golds":[{"posx":16,"posy":0,"amount":400},{"posx":19,"posy":0,"amount":50},{"posx":17,"posy":1,"amount":50},{"posx":19,"posy":2,"amount":50},{"posx":6,"posy":4,"amount":450},{"posx":15,"posy":4,"amount":500},{"posx":14,"posy":5,"amount":550},{"posx":1,"posy":6,"amount":600},{"posx":5,"posy":6,"amount":450},{"posx":13,"posy":6,"amount":550},{"posx":15,"posy":6,"amount":300},{"posx":1,"posy":7,"amount":250},{"posx":5,"posy":7,"amount":500},{"posx":6,"posy":7,"amount":600},{"posx":18,"posy":7,"amount":350},{"posx":1,"posy":8,"amount":100},{"posx":3,"posy":8,"amount":250}],"changedObstacles":[{"type":0,"posx":9,"posy":4,"value":-1}]},{"players":[{"playerId":2613909,"score":200,"energy":33},{"playerId":157815,"score":200,"energy":7},{"playerId":2251128,"score":0,"energy":42},{"playerId":2241999,"score":50,"energy":32}],"golds":[{"posx":16,"posy":0,"amount":400},{"posx":19,"posy":0,"amount":50},{"posx":17,"posy":1,"amount":50},{"posx":19,"posy":2,"amount":50},{"posx":6,"posy":4,"amount":400},{"posx":15,"posy":4,"amount":500},{"posx":14,"posy":5,"amount":550},{"posx":1,"posy":6,"amount":600},{"posx":5,"posy":6,"amount":450},{"posx":13,"posy":6,"amount":550},{"posx":15,"posy":6,"amount":300},{"posx":1,"posy":7,"amount":250},{"posx":5,"posy":7,"amount":500},{"posx":6,"posy":7,"amount":600},{"posx":18,"posy":7,"amount":350},{"posx":1,"posy":8,"amount":100},{"posx":3,"posy":8,"amount":250}],"changedObstacles":[]},{"players":[{"playerId":2613909,"score":200,"energy":32},{"playerId":157815,"score":250,"energy":2},{"playerId":2251128,"score":0,"energy":41},{"playerId":2241999,"score":100,"energy":27}],"golds":[{"posx":16,"posy":0,"amount":400},{"posx":19,"posy":0,"amount":50},{"posx":17,"posy":1,"amount":50},{"posx":19,"posy":2,"amount":50},{"posx":6,"posy":4,"amount":350},{"posx":15,"posy":4,"amount":500},{"posx":14,"posy":5,"amount":550},{"posx":1,"posy":6,"amount":600},{"posx":5,"posy":6,"amount":400},{"posx":13,"posy":6,"amount":550},{"posx":15,"posy":6,"amount":300},{"posx":1,"posy":7,"amount":250},{"posx":5,"posy":7,"amount":500},{"posx":6,"posy":7,"amount":600},{"posx":18,"posy":7,"amount":350},{"posx":1,"posy":8,"amount":100},{"posx":3,"posy":8,"amount":250}],"changedObstacles":[]},{"players":[{"playerId":2613909,"score":200,"energy":31},{"playerId":157815,"score":250,"energy":14},{"playerId":2251128,"score":0,"energy":40},{"playerId":2241999,"score":150,"energy":22}],"golds":[{"posx":16,"posy":0,"amount":400},{"posx":19,"posy":0,"amount":50},{"posx":17,"posy":1,"amount":50},{"posx":19,"posy":2,"amount":50},{"posx":6,"posy":4,"amount":350},{"posx":15,"posy":4,"amount":500},{"posx":14,"posy":5,"amount":550},{"posx":1,"posy":6,"amount":600},{"posx":5,"posy":6,"amount":350},{"posx":13,"posy":6,"amount":550},{"posx":15,"posy":6,"amount":300},{"posx":1,"posy":7,"amount":250},{"posx":5,"posy":7,"amount":500},{"posx":6,"posy":7,"amount":600},{"posx":18,"posy":7,"amount":350},{"posx":1,"posy":8,"amount":100},{"posx":3,"posy":8,"amount":250}],"changedObstacles":[]},{"players":[{"playerId":2613909,"score":200,"energy":27},{"playerId":157815,"score":250,"energy":30},{"playerId":2251128,"score":0,"energy":36},{"playerId":2241999,"score":200,"energy":17}],"golds":[{"posx":16,"posy":0,"amount":400},{"posx":19,"posy":0,"amount":50},{"posx":17,"posy":1,"amount":50},{"posx":19,"posy":2,"amount":50},{"posx":6,"posy":4,"amount":350},{"posx":15,"posy":4,"amount":500},{"posx":14,"posy":5,"amount":550},{"posx":1,"posy":6,"amount":600},{"posx":5,"posy":6,"amount":300},{"posx":13,"posy":6,"amount":550},{"posx":15,"posy":6,"amount":300},{"posx":1,"posy":7,"amount":250},{"posx":5,"posy":7,"amount":500},{"posx":6,"posy":7,"amount":600},{"posx":18,"posy":7,"amount":350},{"posx":1,"posy":8,"amount":100},{"posx":3,"posy":8,"amount":250}],"changedObstacles":[]},{"players":[{"playerId":2613909,"score":250,"energy":22},{"playerId":157815,"score":250,"energy":50},{"playerId":2251128,"score":50,"energy":31},{"playerId":2241999,"score":250,"energy":12}],"golds":[{"posx":16,"posy":0,"amount":400},{"posx":19,"posy":0,"amount":50},{"posx":17,"posy":1,"amount":50},{"posx":19,"posy":2,"amount":50},{"posx":6,"posy":4,"amount":300},{"posx":15,"posy":4,"amount":500},{"posx":14,"posy":5,"amount":500},{"posx":1,"posy":6,"amount":600},{"posx":5,"posy":6,"amount":250},{"posx":13,"posy":6,"amount":550},{"posx":15,"posy":6,"amount":300},{"posx":1,"posy":7,"amount":250},{"posx":5,"posy":7,"amount":500},{"posx":6,"posy":7,"amount":600},{"posx":18,"posy":7,"amount":350},{"posx":1,"posy":8,"amount":100},{"posx":3,"posy":8,"amount":250}],"changedObstacles":[]},{"players":[{"playerId":2613909,"score":300,"energy":17},{"playerId":157815,"score":300,"energy":45},{"playerId":2251128,"score":100,"energy":26},{"playerId":2241999,"score":300,"energy":7}],"golds":[{"posx":16,"posy":0,"amount":400},{"posx":19,"posy":0,"amount":50},{"posx":17,"posy":1,"amount":50},{"posx":19,"posy":2,"amount":50},{"posx":6,"posy":4,"amount":200},{"posx":15,"posy":4,"amount":500},{"posx":14,"posy":5,"amount":450},{"posx":1,"posy":6,"amount":600},{"posx":5,"posy":6,"amount":200},{"posx":13,"posy":6,"amount":550},{"posx":15,"posy":6,"amount":300},{"posx":1,"posy":7,"amount":250},{"posx":5,"posy":7,"amount":500},{"posx":6,"posy":7,"amount":600},{"posx":18,"posy":7,"amount":350},{"posx":1,"posy":8,"amount":100},{"posx":3,"posy":8,"amount":250}],"changedObstacles":[]},{"players":[{"playerId":2613909,"score":350,"energy":12},{"playerId":157815,"score":350,"energy":40},{"playerId":2251128,"score":150,"energy":21},{"playerId":2241999,"score":350,"energy":2}],"golds":[{"posx":16,"posy":0,"amount":400},{"posx":19,"posy":0,"amount":50},{"posx":17,"posy":1,"amount":50},{"posx":19,"posy":2,"amount":50},{"posx":6,"posy":4,"amount":100},{"posx":15,"posy":4,"amount":500},{"posx":14,"posy":5,"amount":400},{"posx":1,"posy":6,"amount":600},{"posx":5,"posy":6,"amount":150},{"posx":13,"posy":6,"amount":550},{"posx":15,"posy":6,"amount":300},{"posx":1,"posy":7,"amount":250},{"posx":5,"posy":7,"amount":500},{"posx":6,"posy":7,"amount":600},{"posx":18,"posy":7,"amount":350},{"posx":1,"posy":8,"amount":100},{"posx":3,"posy":8,"amount":250}],"changedObstacles":[]},{"players":[{"playerId":2613909,"score":400,"energy":7},{"playerId":157815,"score":400,"energy":35},{"playerId":2251128,"score":200,"energy":16},{"playerId":2241999,"score":350,"energy":14}],"golds":[{"posx":16,"posy":0,"amount":400},{"posx":19,"posy":0,"amount":50},{"posx":17,"posy":1,"amount":50},{"posx":19,"posy":2,"amount":50},{"posx":15,"posy":4,"amount":500},{"posx":14,"posy":5,"amount":350},{"posx":1,"posy":6,"amount":600},{"posx":5,"posy":6,"amount":150},{"posx":13,"posy":6,"amount":550},{"posx":15,"posy":6,"amount":300},{"posx":1,"posy":7,"amount":250},{"posx":5,"posy":7,"amount":500},{"posx":6,"posy":7,"amount":600},{"posx":18,"posy":7,"amount":350},{"posx":1,"posy":8,"amount":100},{"posx":3,"posy":8,"amount":250}],"changedObstacles":[{"type":0,"posx":6,"posy":4,"value":-1}]},{"players":[{"playerId":2613909,"score":400,"energy":19},{"playerId":157815,"score":400,"energy":34},{"playerId":2251128,"score":250,"energy":11},{"playerId":2241999,"score":400,"energy":9}],"golds":[{"posx":16,"posy":0,"amount":400},{"posx":19,"posy":0,"amount":50},{"posx":17,"posy":1,"amount":50},{"posx":19,"posy":2,"amount":50},{"posx":15,"posy":4,"amount":500},{"posx":14,"posy":5,"amount":300},{"posx":1,"posy":6,"amount":600},{"posx":5,"posy":6,"amount":100},{"posx":13,"posy":6,"amount":550},{"posx":15,"posy":6,"amount":300},{"posx":1,"posy":7,"amount":250},{"posx":5,"posy":7,"amount":500},{"posx":6,"posy":7,"amount":600},{"posx":18,"posy":7,"amount":350},{"posx":1,"posy":8,"amount":100},{"posx":3,"posy":8,"amount":250}],"changedObstacles":[]},{"players":[{"playerId":2613909,"score":400,"energy":35},{"playerId":157815,"score":400,"energy":33},{"playerId":2251128,"score":300,"energy":6},{"playerId":2241999,"score":450,"energy":4}],"golds":[{"posx":16,"posy":0,"amount":400},{"posx":19,"posy":0,"amount":50},{"posx":17,"posy":1,"amount":50},{"posx":19,"posy":2,"amount":50},{"posx":15,"posy":4,"amount":500},{"posx":14,"posy":5,"amount":250},{"posx":1,"posy":6,"amount":600},{"posx":5,"posy":6,"amount":50},{"posx":13,"posy":6,"amount":550},{"posx":15,"posy":6,"amount":300},{"posx":1,"posy":7,"amount":250},{"posx":5,"posy":7,"amount":500},{"posx":6,"posy":7,"amount":600},{"posx":18,"posy":7,"amount":350},{"posx":1,"posy":8,"amount":100},{"posx":3,"posy":8,"amount":250}],"changedObstacles":[]},{"players":[{"playerId":2613909,"score":400,"energy":34},{"playerId":157815,"score":400,"energy":32},{"playerId":2251128,"score":350,"energy":1},{"playerId":2241999,"score":450,"energy":16}],"golds":[{"posx":16,"posy":0,"amount":400},{"posx":19,"posy":0,"amount":50},{"posx":17,"posy":1,"amount":50},{"posx":19,"posy":2,"amount":50},{"posx":15,"posy":4,"amount":500},{"posx":14,"posy":5,"amount":200},{"posx":1,"posy":6,"amount":600},{"posx":5,"posy":6,"amount":50},{"posx":13,"posy":6,"amount":550},{"posx":15,"posy":6,"amount":300},{"posx":1,"posy":7,"amount":250},{"posx":5,"posy":7,"amount":500},{"posx":6,"posy":7,"amount":600},{"posx":18,"posy":7,"amount":350},{"posx":1,"posy":8,"amount":100},{"posx":3,"posy":8,"amount":250}],"changedObstacles":[]},{"players":[{"playerId":2613909,"score":400,"energy":33},{"playerId":157815,"score":400,"energy":31},{"playerId":2251128,"score":350,"energy":13},{"playerId":2241999,"score":500,"energy":11}],"golds":[{"posx":16,"posy":0,"amount":400},{"posx":19,"posy":0,"amount":50},{"posx":17,"posy":1,"amount":50},{"posx":19,"posy":2,"amount":50},{"posx":15,"posy":4,"amount":500},{"posx":14,"posy":5,"amount":200},{"posx":1,"posy":6,"amount":600},{"posx":13,"posy":6,"amount":550},{"posx":15,"posy":6,"amount":300},{"posx":1,"posy":7,"amount":250},{"posx":5,"posy":7,"amount":500},{"posx":6,"posy":7,"amount":600},{"posx":18,"posy":7,"amount":350},{"posx":1,"posy":8,"amount":100},{"posx":3,"posy":8,"amount":250}],"changedObstacles":[{"type":0,"posx":5,"posy":6,"value":-1}]},{"players":[{"playerId":2613909,"score":400,"energy":29},{"playerId":157815,"score":400,"energy":30},{"playerId":2251128,"score":350,"energy":29},{"playerId":2241999,"score":500,"energy":7}],"golds":[{"posx":16,"posy":0,"amount":400},{"posx":19,"posy":0,"amount":50},{"posx":17,"posy":1,"amount":50},{"posx":19,"posy":2,"amount":50},{"posx":15,"posy":4,"amount":500},{"posx":14,"posy":5,"amount":200},{"posx":1,"posy":6,"amount":600},{"posx":13,"posy":6,"amount":550},{"posx":15,"posy":6,"amount":300},{"posx":1,"posy":7,"amount":250},{"posx":5,"posy":7,"amount":500},{"posx":6,"posy":7,"amount":600},{"posx":18,"posy":7,"amount":350},{"posx":1,"posy":8,"amount":100},{"posx":3,"posy":8,"amount":250}],"changedObstacles":[]},{"players":[{"playerId":2613909,"score":450,"energy":24},{"playerId":157815,"score":400,"energy":29},{"playerId":2251128,"score":350,"energy":50},{"playerId":2241999,"score":550,"energy":2}],"golds":[{"posx":16,"posy":0,"amount":400},{"posx":19,"posy":0,"amount":50},{"posx":17,"posy":1,"amount":50},{"posx":19,"posy":2,"amount":50},{"posx":15,"posy":4,"amount":500},{"posx":14,"posy":5,"amount":200},{"posx":1,"posy":6,"amount":600},{"posx":13,"posy":6,"amount":550},{"posx":15,"posy":6,"amount":300},{"posx":1,"posy":7,"amount":250},{"posx":5,"posy":7,"amount":450},{"posx":6,"posy":7,"amount":550},{"posx":18,"posy":7,"amount":350},{"posx":1,"posy":8,"amount":100},{"posx":3,"posy":8,"amount":250}],"changedObstacles":[]},{"players":[{"playerId":2613909,"score":500,"energy":19},{"playerId":157815,"score":400,"energy":28},{"playerId":2251128,"score":400,"energy":45},{"playerId":2241999,"score":550,"energy":14}],"golds":[{"posx":16,"posy":0,"amount":400},{"posx":19,"posy":0,"amount":50},{"posx":17,"posy":1,"amount":50},{"posx":19,"posy":2,"amount":50},{"posx":15,"posy":4,"amount":500},{"posx":14,"posy":5,"amount":150},{"posx":1,"posy":6,"amount":600},{"posx":13,"posy":6,"amount":550},{"posx":15,"posy":6,"amount":300},{"posx":1,"posy":7,"amount":250},{"posx":5,"posy":7,"amount":450},{"posx":6,"posy":7,"amount":500},{"posx":18,"posy":7,"amount":350},{"posx":1,"posy":8,"amount":100},{"posx":3,"posy":8,"amount":250}],"changedObstacles":[]},{"players":[{"playerId":2613909,"score":550,"energy":14},{"playerId":157815,"score":400,"energy":27},{"playerId":2251128,"score":450,"energy":40},{"playerId":2241999,"score":600,"energy":9}],"golds":[{"posx":16,"posy":0,"amount":400},{"posx":19,"posy":0,"amount":50},{"posx":17,"posy":1,"amount":50},{"posx":19,"posy":2,"amount":50},{"posx":15,"posy":4,"amount":500},{"posx":14,"posy":5,"amount":100},{"posx":1,"posy":6,"amount":600},{"posx":13,"posy":6,"amount":550},{"posx":15,"posy":6,"amount":300},{"posx":1,"posy":7,"amount":250},{"posx":5,"posy":7,"amount":400},{"posx":6,"posy":7,"amount":450},{"posx":18,"posy":7,"amount":350},{"posx":1,"posy":8,"amount":100},{"posx":3,"posy":8,"amount":250}],"changedObstacles":[]},{"players":[{"playerId":2613909,"score":600,"energy":9},{"playerId":157815,"score":400,"energy":23},{"playerId":2251128,"score":500,"energy":35},{"playerId":2241999,"score":650,"energy":4}],"golds":[{"posx":16,"posy":0,"amount":400},{"posx":19,"posy":0,"amount":50},{"posx":17,"posy":1,"amount":50},{"posx":19,"posy":2,"amount":50},{"posx":15,"posy":4,"amount":500},{"posx":14,"posy":5,"amount":50},{"posx":1,"posy":6,"amount":600},{"posx":13,"posy":6,"amount":550},{"posx":15,"posy":6,"amount":300},{"posx":1,"posy":7,"amount":250},{"posx":5,"posy":7,"amount":350},{"posx":6,"posy":7,"amount":400},{"posx":18,"posy":7,"amount":350},{"posx":1,"posy":8,"amount":100},{"posx":3,"posy":8,"amount":250}],"changedObstacles":[]},{"players":[{"playerId":2613909,"score":600,"energy":21},{"playerId":157815,"score":450,"energy":18},{"playerId":2251128,"score":550,"energy":30},{"playerId":2241999,"score":650,"energy":16}],"golds":[{"posx":16,"posy":0,"amount":400},{"posx":19,"posy":0,"amount":50},{"posx":17,"posy":1,"amount":50},{"posx":19,"posy":2,"amount":50},{"posx":15,"posy":4,"amount":500},{"posx":1,"posy":6,"amount":600},{"posx":13,"posy":6,"amount":500},{"posx":15,"posy":6,"amount":300},{"posx":1,"posy":7,"amount":250},{"posx":5,"posy":7,"amount":350},{"posx":6,"posy":7,"amount":400},{"posx":18,"posy":7,"amount":350},{"posx":1,"posy":8,"amount":100},{"posx":3,"posy":8,"amount":250}],"changedObstacles":[{"type":0,"posx":14,"posy":5,"value":-1}]},{"players":[{"playerId":2613909,"score":650,"energy":16},{"playerId":157815,"score":500,"energy":13},{"playerId":2251128,"score":550,"energy":29},{"playerId":2241999,"score":700,"energy":11}],"golds":[{"posx":16,"posy":0,"amount":400},{"posx":19,"posy":0,"amount":50},{"posx":17,"posy":1,"amount":50},{"posx":19,"posy":2,"amount":50},{"posx":15,"posy":4,"amount":500},{"posx":1,"posy":6,"amount":600},{"posx":13,"posy":6,"amount":450},{"posx":15,"posy":6,"amount":300},{"posx":1,"posy":7,"amount":250},{"posx":5,"posy":7,"amount":300},{"posx":6,"posy":7,"amount":350},{"posx":18,"posy":7,"amount":350},{"posx":1,"posy":8,"amount":100},{"posx":3,"posy":8,"amount":250}],"changedObstacles":[]},{"players":[{"playerId":2613909,"score":700,"energy":11},{"playerId":157815,"score":550,"energy":8},{"playerId":2251128,"score":550,"energy":25},{"playerId":2241999,"score":750,"energy":6}],"golds":[{"posx":16,"posy":0,"amount":400},{"posx":19,"posy":0,"amount":50},{"posx":17,"posy":1,"amount":50},{"posx":19,"posy":2,"amount":50},{"posx":15,"posy":4,"amount":500},{"posx":1,"posy":6,"amount":600},{"posx":13,"posy":6,"amount":400},{"posx":15,"posy":6,"amount":300},{"posx":1,"posy":7,"amount":250},{"posx":5,"posy":7,"amount":250},{"posx":6,"posy":7,"amount":300},{"posx":18,"posy":7,"amount":350},{"posx":1,"posy":8,"amount":100},{"posx":3,"posy":8,"amount":250}],"changedObstacles":[]},{"players":[{"playerId":2613909,"score":750,"energy":6},{"playerId":157815,"score":600,"energy":3},{"playerId":2251128,"score":600,"energy":20},{"playerId":2241999,"score":800,"energy":1}],"golds":[{"posx":16,"posy":0,"amount":400},{"posx":19,"posy":0,"amount":50},{"posx":17,"posy":1,"amount":50},{"posx":19,"posy":2,"amount":50},{"posx":15,"posy":4,"amount":500},{"posx":1,"posy":6,"amount":600},{"posx":13,"posy":6,"amount":350},{"posx":15,"posy":6,"amount":250},{"posx":1,"posy":7,"amount":250},{"posx":5,"posy":7,"amount":200},{"posx":6,"posy":7,"amount":250},{"posx":18,"posy":7,"amount":350},{"posx":1,"posy":8,"amount":100},{"posx":3,"posy":8,"amount":250}],"changedObstacles":[]},{"players":[{"playerId":2613909,"score":750,"energy":18},{"playerId":157815,"score":600,"energy":15},{"playerId":2251128,"score":650,"energy":15},{"playerId":2241999,"score":800,"energy":13}],"golds":[{"posx":16,"posy":0,"amount":400},{"posx":19,"posy":0,"amount":50},{"posx":17,"posy":1,"amount":50},{"posx":19,"posy":2,"amount":50},{"posx":15,"posy":4,"amount":500},{"posx":1,"posy":6,"amount":600},{"posx":13,"posy":6,"amount":350},{"posx":15,"posy":6,"amount":200},{"posx":1,"posy":7,"amount":250},{"posx":5,"posy":7,"amount":200},{"posx":6,"posy":7,"amount":250},{"posx":18,"posy":7,"amount":350},{"posx":1,"posy":8,"amount":100},{"posx":3,"posy":8,"amount":250}],"changedObstacles":[]},{"players":[{"playerId":2613909,"score":800,"energy":13},{"playerId":157815,"score":600,"energy":31},{"playerId":2251128,"score":700,"energy":10},{"playerId":2241999,"score":850,"energy":8}],"golds":[{"posx":16,"posy":0,"amount":400},{"posx":19,"posy":0,"amount":50},{"posx":17,"posy":1,"amount":50},{"posx":19,"posy":2,"amount":50},{"posx":15,"posy":4,"amount":500},{"posx":1,"posy":6,"amount":600},{"posx":13,"posy":6,"amount":350},{"posx":15,"posy":6,"amount":150},{"posx":1,"posy":7,"amount":250},{"posx":5,"posy":7,"amount":150},{"posx":6,"posy":7,"amount":200},{"posx":18,"posy":7,"amount":350},{"posx":1,"posy":8,"amount":100},{"posx":3,"posy":8,"amount":250}],"changedObstacles":[]},{"players":[{"playerId":2613909,"score":850,"energy":8},{"playerId":157815,"score":600,"energy":50},{"playerId":2251128,"score":750,"energy":5},{"playerId":2241999,"score":900,"energy":3}],"golds":[{"posx":16,"posy":0,"amount":400},{"posx":19,"posy":0,"amount":50},{"posx":17,"posy":1,"amount":50},{"posx":19,"posy":2,"amount":50},{"posx":15,"posy":4,"amount":500},{"posx":1,"posy":6,"amount":600},{"posx":13,"posy":6,"amount":350},{"posx":15,"posy":6,"amount":100},{"posx":1,"posy":7,"amount":250},{"posx":5,"posy":7,"amount":100},{"posx":6,"posy":7,"amount":150},{"posx":18,"posy":7,"amount":350},{"posx":1,"posy":8,"amount":100},{"posx":3,"posy":8,"amount":250}],"changedObstacles":[]},{"players":[{"playerId":2613909,"score":850,"energy":20},{"playerId":157815,"score":650,"energy":45},{"playerId":2251128,"score":750,"energy":17},{"playerId":2241999,"score":900,"energy":15}],"golds":[{"posx":16,"posy":0,"amount":400},{"posx":19,"posy":0,"amount":50},{"posx":17,"posy":1,"amount":50},{"posx":19,"posy":2,"amount":50},{"posx":15,"posy":4,"amount":500},{"posx":1,"posy":6,"amount":600},{"posx":13,"posy":6,"amount":300},{"posx":15,"posy":6,"amount":100},{"posx":1,"posy":7,"amount":250},{"posx":5,"posy":7,"amount":100},{"posx":6,"posy":7,"amount":150},{"posx":18,"posy":7,"amount":350},{"posx":1,"posy":8,"amount":100},{"posx":3,"posy":8,"amount":250}],"changedObstacles":[]},{"players":[{"playerId":2613909,"score":900,"energy":15},{"playerId":157815,"score":700,"energy":40},{"playerId":2251128,"score":750,"energy":33},{"playerId":2241999,"score":950,"energy":10}],"golds":[{"posx":16,"posy":0,"amount":400},{"posx":19,"posy":0,"amount":50},{"posx":17,"posy":1,"amount":50},{"posx":19,"posy":2,"amount":50},{"posx":15,"posy":4,"amount":500},{"posx":1,"posy":6,"amount":600},{"posx":13,"posy":6,"amount":250},{"posx":15,"posy":6,"amount":100},{"posx":1,"posy":7,"amount":250},{"posx":5,"posy":7,"amount":50},{"posx":6,"posy":7,"amount":100},{"posx":18,"posy":7,"amount":350},{"posx":1,"posy":8,"amount":100},{"posx":3,"posy":8,"amount":250}],"changedObstacles":[]},{"players":[{"playerId":2613909,"score":950,"energy":10},{"playerId":157815,"score":750,"energy":35},{"playerId":2251128,"score":750,"energy":50},{"playerId":2241999,"score":1000,"energy":5}],"golds":[{"posx":16,"posy":0,"amount":400},{"posx":19,"posy":0,"amount":50},{"posx":17,"posy":1,"amount":50},{"posx":19,"posy":2,"amount":50},{"posx":15,"posy":4,"amount":500},{"posx":1,"posy":6,"amount":600},{"posx":13,"posy":6,"amount":200},{"posx":15,"posy":6,"amount":100},{"posx":1,"posy":7,"amount":250},{"posx":6,"posy":7,"amount":50},{"posx":18,"posy":7,"amount":350},{"posx":1,"posy":8,"amount":100},{"posx":3,"posy":8,"amount":250}],"changedObstacles":[{"type":0,"posx":5,"posy":7,"value":-1}]},{"players":[{"playerId":2613909,"score":950,"energy":22},{"playerId":157815,"score":800,"energy":30},{"playerId":2251128,"score":800,"energy":45},{"playerId":2241999,"score":1000,"energy":17}],"golds":[{"posx":16,"posy":0,"amount":400},{"posx":19,"posy":0,"amount":50},{"posx":17,"posy":1,"amount":50},{"posx":19,"posy":2,"amount":50},{"posx":15,"posy":4,"amount":500},{"posx":1,"posy":6,"amount":600},{"posx":13,"posy":6,"amount":150},{"posx":15,"posy":6,"amount":50},{"posx":1,"posy":7,"amount":250},{"posx":6,"posy":7,"amount":50},{"posx":18,"posy":7,"amount":350},{"posx":1,"posy":8,"amount":100},{"posx":3,"posy":8,"amount":250}],"changedObstacles":[]},{"players":[{"playerId":2613909,"score":1000,"energy":17},{"playerId":157815,"score":850,"energy":25},{"playerId":2251128,"score":850,"energy":40},{"playerId":2241999,"score":1000,"energy":33}],"golds":[{"posx":16,"posy":0,"amount":400},{"posx":19,"posy":0,"amount":50},{"posx":17,"posy":1,"amount":50},{"posx":19,"posy":2,"amount":50},{"posx":15,"posy":4,"amount":500},{"posx":1,"posy":6,"amount":600},{"posx":13,"posy":6,"amount":100},{"posx":1,"posy":7,"amount":250},{"posx":18,"posy":7,"amount":350},{"posx":1,"posy":8,"amount":100},{"posx":3,"posy":8,"amount":250}],"changedObstacles":[{"type":0,"posx":6,"posy":7,"value":-1},{"type":0,"posx":15,"posy":6,"value":-1}]},{"players":[{"playerId":2613909,"score":1000,"energy":29},{"playerId":157815,"score":900,"energy":20},{"playerId":2251128,"score":850,"energy":39},{"playerId":2241999,"score":1000,"energy":17}],"golds":[{"posx":16,"posy":0,"amount":400},{"posx":19,"posy":0,"amount":50},{"posx":17,"posy":1,"amount":50},{"posx":19,"posy":2,"amount":50},{"posx":15,"posy":4,"amount":500},{"posx":1,"posy":6,"amount":600},{"posx":13,"posy":6,"amount":50},{"posx":1,"posy":7,"amount":250},{"posx":18,"posy":7,"amount":350},{"posx":1,"posy":8,"amount":100},{"posx":3,"posy":8,"amount":250}],"changedObstacles":[]},{"players":[{"playerId":2613909,"score":1000,"energy":28},{"playerId":157815,"score":950,"energy":15},{"playerId":2251128,"score":850,"energy":38},{"playerId":2241999,"score":1000,"energy":16}],"golds":[{"posx":16,"posy":0,"amount":400},{"posx":19,"posy":0,"amount":50},{"posx":17,"posy":1,"amount":50},{"posx":19,"posy":2,"amount":50},{"posx":15,"posy":4,"amount":500},{"posx":1,"posy":6,"amount":600},{"posx":1,"posy":7,"amount":250},{"posx":18,"posy":7,"amount":350},{"posx":1,"posy":8,"amount":100},{"posx":3,"posy":8,"amount":250}],"changedObstacles":[{"type":0,"posx":13,"posy":6,"value":-1}]},{"players":[{"playerId":2613909,"score":1000,"energy":27},{"playerId":157815,"score":950,"energy":14},{"playerId":2251128,"score":850,"energy":37},{"playerId":2241999,"score":1000,"energy":15}],"golds":[{"posx":16,"posy":0,"amount":400},{"posx":19,"posy":0,"amount":50},{"posx":17,"posy":1,"amount":50},{"posx":19,"posy":2,"amount":50},{"posx":15,"posy":4,"amount":500},{"posx":1,"posy":6,"amount":600},{"posx":1,"posy":7,"amount":250},{"posx":18,"posy":7,"amount":350},{"posx":1,"posy":8,"amount":100},{"posx":3,"posy":8,"amount":250}],"changedObstacles":[]},{"players":[{"playerId":2613909,"score":1000,"energy":26},{"playerId":157815,"score":950,"energy":13},{"playerId":2251128,"score":850,"energy":36},{"playerId":2241999,"score":1000,"energy":11}],"golds":[{"posx":16,"posy":0,"amount":400},{"posx":19,"posy":0,"amount":50},{"posx":17,"posy":1,"amount":50},{"posx":19,"posy":2,"amount":50},{"posx":15,"posy":4,"amount":500},{"posx":1,"posy":6,"amount":600},{"posx":1,"posy":7,"amount":250},{"posx":18,"posy":7,"amount":350},{"posx":1,"posy":8,"amount":100},{"posx":3,"posy":8,"amount":250}],"changedObstacles":[]},{"players":[{"playerId":2613909,"score":1000,"energy":25},{"playerId":157815,"score":950,"energy":12},{"playerId":2251128,"score":850,"energy":35},{"playerId":2241999,"score":1050,"energy":6}],"golds":[{"posx":16,"posy":0,"amount":400},{"posx":19,"posy":0,"amount":50},{"posx":17,"posy":1,"amount":50},{"posx":19,"posy":2,"amount":50},{"posx":15,"posy":4,"amount":500},{"posx":1,"posy":6,"amount":600},{"posx":1,"posy":7,"amount":200},{"posx":18,"posy":7,"amount":350},{"posx":1,"posy":8,"amount":100},{"posx":3,"posy":8,"amount":250}],"changedObstacles":[]},{"players":[{"playerId":2613909,"score":1000,"energy":24},{"playerId":157815,"score":950,"energy":8},{"playerId":2251128,"score":850,"energy":34},{"playerId":2241999,"score":1100,"energy":1}],"golds":[{"posx":16,"posy":0,"amount":400},{"posx":19,"posy":0,"amount":50},{"posx":17,"posy":1,"amount":50},{"posx":19,"posy":2,"amount":50},{"posx":15,"posy":4,"amount":500},{"posx":1,"posy":6,"amount":600},{"posx":1,"posy":7,"amount":150},{"posx":18,"posy":7,"amount":350},{"posx":1,"posy":8,"amount":100},{"posx":3,"posy":8,"amount":250}],"changedObstacles":[]},{"players":[{"playerId":2613909,"score":1000,"energy":20},{"playerId":157815,"score":1000,"energy":3},{"playerId":2251128,"score":850,"energy":33},{"playerId":2241999,"score":1100,"energy":13}],"golds":[{"posx":16,"posy":0,"amount":400},{"posx":19,"posy":0,"amount":50},{"posx":17,"posy":1,"amount":50},{"posx":19,"posy":2,"amount":50},{"posx":15,"posy":4,"amount":450},{"posx":1,"posy":6,"amount":600},{"posx":1,"posy":7,"amount":150},{"posx":18,"posy":7,"amount":350},{"posx":1,"posy":8,"amount":100},{"posx":3,"posy":8,"amount":250}],"changedObstacles":[]},{"players":[{"playerId":2613909,"score":1050,"energy":15},{"playerId":157815,"score":1000,"energy":15},{"playerId":2251128,"score":850,"energy":32},{"playerId":2241999,"score":1150,"energy":8}],"golds":[{"posx":16,"posy":0,"amount":400},{"posx":19,"posy":0,"amount":50},{"posx":17,"posy":1,"amount":50},{"posx":19,"posy":2,"amount":50},{"posx":15,"posy":4,"amount":450},{"posx":1,"posy":6,"amount":550},{"posx":1,"posy":7,"amount":100},{"posx":18,"posy":7,"amount":350},{"posx":1,"posy":8,"amount":100},{"posx":3,"posy":8,"amount":250}],"changedObstacles":[]},{"players":[{"playerId":2613909,"score":1100,"energy":10},{"playerId":157815,"score":1000,"energy":31},{"playerId":2251128,"score":850,"energy":31},{"playerId":2241999,"score":1200,"energy":3}],"golds":[{"posx":16,"posy":0,"amount":400},{"posx":19,"posy":0,"amount":50},{"posx":17,"posy":1,"amount":50},{"posx":19,"posy":2,"amount":50},{"posx":15,"posy":4,"amount":450},{"posx":1,"posy":6,"amount":500},{"posx":1,"posy":7,"amount":50},{"posx":18,"posy":7,"amount":350},{"posx":1,"posy":8,"amount":100},{"posx":3,"posy":8,"amount":250}],"changedObstacles":[]},{"players":[{"playerId":2613909,"score":1100,"energy":22},{"playerId":157815,"score":1000,"energy":50},{"playerId":2251128,"score":850,"energy":30},{"playerId":2241999,"score":1200,"energy":15}],"golds":[{"posx":16,"posy":0,"amount":400},{"posx":19,"posy":0,"amount":50},{"posx":17,"posy":1,"amount":50},{"posx":19,"posy":2,"amount":50},{"posx":15,"posy":4,"amount":450},{"posx":1,"posy":6,"amount":500},{"posx":1,"posy":7,"amount":50},{"posx":18,"posy":7,"amount":350},{"posx":1,"posy":8,"amount":100},{"posx":3,"posy":8,"amount":250}],"changedObstacles":[]},{"players":[{"playerId":2613909,"score":1150,"energy":17},{"playerId":157815,"score":1050,"energy":45},{"playerId":2251128,"score":850,"energy":29},{"playerId":2241999,"score":1250,"energy":10}],"golds":[{"posx":16,"posy":0,"amount":400},{"posx":19,"posy":0,"amount":50},{"posx":17,"posy":1,"amount":50},{"posx":19,"posy":2,"amount":50},{"posx":15,"posy":4,"amount":400},{"posx":1,"posy":6,"amount":450},{"posx":18,"posy":7,"amount":350},{"posx":1,"posy":8,"amount":100},{"posx":3,"posy":8,"amount":250}],"changedObstacles":[{"type":0,"posx":1,"posy":7,"value":-1}]},{"players":[{"playerId":2613909,"score":1200,"energy":12},{"playerId":157815,"score":1100,"energy":40},{"playerId":2251128,"score":850,"energy":28},{"playerId":2241999,"score":1250,"energy":22}],"golds":[{"posx":16,"posy":0,"amount":400},{"posx":19,"posy":0,"amount":50},{"posx":17,"posy":1,"amount":50},{"posx":19,"posy":2,"amount":50},{"posx":15,"posy":4,"amount":350},{"posx":1,"posy":6,"amount":400},{"posx":18,"posy":7,"amount":350},{"posx":1,"posy":8,"amount":100},{"posx":3,"posy":8,"amount":250}],"changedObstacles":[]},{"players":[{"playerId":2613909,"score":1250,"energy":7},{"playerId":157815,"score":1150,"energy":35},{"playerId":2251128,"score":850,"energy":27},{"playerId":2241999,"score":1250,"energy":18}],"golds":[{"posx":16,"posy":0,"amount":400},{"posx":19,"posy":0,"amount":50},{"posx":17,"posy":1,"amount":50},{"posx":19,"posy":2,"amount":50},{"posx":15,"posy":4,"amount":300},{"posx":1,"posy":6,"amount":350},{"posx":18,"posy":7,"amount":350},{"posx":1,"posy":8,"amount":100},{"posx":3,"posy":8,"amount":250}],"changedObstacles":[]},{"players":[{"playerId":2613909,"score":1250,"energy":19},{"playerId":157815,"score":1200,"energy":30},{"playerId":2251128,"score":850,"energy":26},{"playerId":2241999,"score":1300,"energy":13}],"golds":[{"posx":16,"posy":0,"amount":400},{"posx":19,"posy":0,"amount":50},{"posx":17,"posy":1,"amount":50},{"posx":19,"posy":2,"amount":50},{"posx":15,"posy":4,"amount":250},{"posx":1,"posy":6,"amount":300},{"posx":18,"posy":7,"amount":350},{"posx":1,"posy":8,"amount":100},{"posx":3,"posy":8,"amount":250}],"changedObstacles":[]},{"players":[{"playerId":2613909,"score":1300,"energy":14},{"playerId":157815,"score":1250,"energy":25},{"playerId":2251128,"score":850,"energy":25},{"playerId":2241999,"score":1350,"energy":8}],"golds":[{"posx":16,"posy":0,"amount":400},{"posx":19,"posy":0,"amount":50},{"posx":17,"posy":1,"amount":50},{"posx":19,"posy":2,"amount":50},{"posx":15,"posy":4,"amount":200},{"posx":1,"posy":6,"amount":200},{"posx":18,"posy":7,"amount":350},{"posx":1,"posy":8,"amount":100},{"posx":3,"posy":8,"amount":250}],"changedObstacles":[]},{"players":[{"playerId":2613909,"score":1350,"energy":9},{"playerId":157815,"score":1300,"energy":20},{"playerId":2251128,"score":850,"energy":24},{"playerId":2241999,"score":1400,"energy":3}],"golds":[{"posx":16,"posy":0,"amount":400},{"posx":19,"posy":0,"amount":50},{"posx":17,"posy":1,"amount":50},{"posx":19,"posy":2,"amount":50},{"posx":15,"posy":4,"amount":150},{"posx":1,"posy":6,"amount":100},{"posx":18,"posy":7,"amount":350},{"posx":1,"posy":8,"amount":100},{"posx":3,"posy":8,"amount":250}],"changedObstacles":[]},{"players":[{"playerId":2613909,"score":1350,"energy":21},{"playerId":157815,"score":1350,"energy":15},{"playerId":2251128,"score":850,"energy":23},{"playerId":2241999,"score":1400,"energy":15}],"golds":[{"posx":16,"posy":0,"amount":400},{"posx":19,"posy":0,"amount":50},{"posx":17,"posy":1,"amount":50},{"posx":19,"posy":2,"amount":50},{"posx":15,"posy":4,"amount":100},{"posx":1,"posy":6,"amount":100},{"posx":18,"posy":7,"amount":350},{"posx":1,"posy":8,"amount":100},{"posx":3,"posy":8,"amount":250}],"changedObstacles":[]},{"players":[{"playerId":2613909,"score":1400,"energy":16},{"playerId":157815,"score":1400,"energy":10},{"playerId":2251128,"score":850,"energy":22},{"playerId":2241999,"score":1450,"energy":10}],"golds":[{"posx":16,"posy":0,"amount":400},{"posx":19,"posy":0,"amount":50},{"posx":17,"posy":1,"amount":50},{"posx":19,"posy":2,"amount":50},{"posx":15,"posy":4,"amount":50},{"posx":18,"posy":7,"amount":350},{"posx":1,"posy":8,"amount":100},{"posx":3,"posy":8,"amount":250}],"changedObstacles":[{"type":0,"posx":1,"posy":6,"value":-1}]},{"players":[{"playerId":2613909,"score":1400,"energy":28},{"playerId":157815,"score":1450,"energy":5},{"playerId":2251128,"score":850,"energy":21},{"playerId":2241999,"score":1450,"energy":22}],"golds":[{"posx":16,"posy":0,"amount":400},{"posx":19,"posy":0,"amount":50},{"posx":17,"posy":1,"amount":50},{"posx":19,"posy":2,"amount":50},{"posx":18,"posy":7,"amount":350},{"posx":1,"posy":8,"amount":100},{"posx":3,"posy":8,"amount":250}],"changedObstacles":[{"type":0,"posx":15,"posy":4,"value":-1}]},{"players":[{"playerId":2613909,"score":1400,"energy":27},{"playerId":157815,"score":1450,"energy":4},{"playerId":2251128,"score":850,"energy":20},{"playerId":2241999,"score":1450,"energy":21}],"golds":[{"posx":16,"posy":0,"amount":400},{"posx":19,"posy":0,"amount":50},{"posx":17,"posy":1,"amount":50},{"posx":19,"posy":2,"amount":50},{"posx":18,"posy":7,"amount":350},{"posx":1,"posy":8,"amount":100},{"posx":3,"posy":8,"amount":250}],"changedObstacles":[]},{"players":[{"playerId":2613909,"score":1400,"energy":23},{"playerId":157815,"score":1450,"energy":3},{"playerId":2251128,"score":850,"energy":19},{"playerId":2241999,"score":1450,"energy":17}],"golds":[{"posx":16,"posy":0,"amount":400},{"posx":19,"posy":0,"amount":50},{"posx":17,"posy":1,"amount":50},{"posx":19,"posy":2,"amount":50},{"posx":18,"posy":7,"amount":350},{"posx":1,"posy":8,"amount":100},{"posx":3,"posy":8,"amount":250}],"changedObstacles":[]},{"players":[{"playerId":2613909,"score":1450,"energy":18},{"playerId":157815,"score":1450,"energy":2},{"playerId":2251128,"score":850,"energy":18},{"playerId":2241999,"score":1500,"energy":12}],"golds":[{"posx":16,"posy":0,"amount":400},{"posx":19,"posy":0,"amount":50},{"posx":17,"posy":1,"amount":50},{"posx":19,"posy":2,"amount":50},{"posx":18,"posy":7,"amount":350},{"posx":3,"posy":8,"amount":250}],"changedObstacles":[{"type":0,"posx":1,"posy":8,"value":-1}]},{"players":[{"playerId":2613909,"score":1450,"energy":30},{"playerId":157815,"score":1450,"energy":1},{"playerId":2251128,"score":850,"energy":17},{"playerId":2241999,"score":1500,"energy":24}],"golds":[{"posx":16,"posy":0,"amount":400},{"posx":19,"posy":0,"amount":50},{"posx":17,"posy":1,"amount":50},{"posx":19,"posy":2,"amount":50},{"posx":18,"posy":7,"amount":350},{"posx":3,"posy":8,"amount":250}],"changedObstacles":[]},{"players":[{"playerId":2613909,"score":1450,"energy":29},{"playerId":157815,"score":1450,"energy":13},{"playerId":2251128,"score":850,"energy":16},{"playerId":2241999,"score":1500,"energy":23}],"golds":[{"posx":16,"posy":0,"amount":400},{"posx":19,"posy":0,"amount":50},{"posx":17,"posy":1,"amount":50},{"posx":19,"posy":2,"amount":50},{"posx":18,"posy":7,"amount":350},{"posx":3,"posy":8,"amount":250}],"changedObstacles":[]},{"players":[{"playerId":2613909,"score":1450,"energy":25},{"playerId":157815,"score":1450,"energy":29},{"playerId":2251128,"score":850,"energy":15},{"playerId":2241999,"score":1500,"energy":19}],"golds":[{"posx":16,"posy":0,"amount":400},{"posx":19,"posy":0,"amount":50},{"posx":17,"posy":1,"amount":50},{"posx":19,"posy":2,"amount":50},{"posx":18,"posy":7,"amount":350},{"posx":3,"posy":8,"amount":250}],"changedObstacles":[]},{"players":[{"playerId":2613909,"score":1500,"energy":20},{"playerId":157815,"score":1450,"energy":50},{"playerId":2251128,"score":850,"energy":14},{"playerId":2241999,"score":1550,"energy":14}],"golds":[{"posx":16,"posy":0,"amount":400},{"posx":19,"posy":0,"amount":50},{"posx":17,"posy":1,"amount":50},{"posx":19,"posy":2,"amount":50},{"posx":18,"posy":7,"amount":350},{"posx":3,"posy":8,"amount":150}],"changedObstacles":[]},{"players":[{"playerId":2613909,"score":1550,"energy":15},{"playerId":157815,"score":1450,"energy":46},{"playerId":2251128,"score":850,"energy":13},{"playerId":2241999,"score":1600,"energy":9}],"golds":[{"posx":16,"posy":0,"amount":400},{"posx":19,"posy":0,"amount":50},{"posx":17,"posy":1,"amount":50},{"posx":19,"posy":2,"amount":50},{"posx":18,"posy":7,"amount":350},{"posx":3,"posy":8,"amount":50}],"changedObstacles":[]},{"players":[{"playerId":2613909,"score":1575,"energy":10},{"playerId":157815,"score":1500,"energy":41},{"playerId":2251128,"score":850,"energy":12},{"playerId":2241999,"score":1625,"energy":4}],"golds":[{"posx":16,"posy":0,"amount":350},{"posx":19,"posy":0,"amount":50},{"posx":17,"posy":1,"amount":50},{"posx":19,"posy":2,"amount":50},{"posx":18,"posy":7,"amount":350}],"changedObstacles":[{"type":0,"posx":3,"posy":8,"value":-1}]},{"players":[{"playerId":2613909,"score":1575,"energy":22},{"playerId":157815,"score":1550,"energy":36},{"playerId":2251128,"score":850,"energy":11},{"playerId":2241999,"score":1625,"energy":16}],"golds":[{"posx":16,"posy":0,"amount":300},{"posx":19,"posy":0,"amount":50},{"posx":17,"posy":1,"amount":50},{"posx":19,"posy":2,"amount":50},{"posx":18,"posy":7,"amount":350}],"changedObstacles":[]},{"players":[{"playerId":2613909,"score":1575,"energy":38},{"playerId":157815,"score":1600,"energy":31},{"playerId":2251128,"score":850,"energy":10},{"playerId":2241999,"score":1625,"energy":32}],"golds":[{"posx":16,"posy":0,"amount":250},{"posx":19,"posy":0,"amount":50},{"posx":17,"posy":1,"amount":50},{"posx":19,"posy":2,"amount":50},{"posx":18,"posy":7,"amount":350}],"changedObstacles":[]},{"players":[{"playerId":2613909,"score":1575,"energy":37},{"playerId":157815,"score":1650,"energy":26},{"playerId":2251128,"score":850,"energy":9},{"playerId":2241999,"score":1625,"energy":31}],"golds":[{"posx":16,"posy":0,"amount":200},{"posx":19,"posy":0,"amount":50},{"posx":17,"posy":1,"amount":50},{"posx":19,"posy":2,"amount":50},{"posx":18,"posy":7,"amount":350}],"changedObstacles":[]},{"players":[{"playerId":2613909,"score":1575,"energy":36},{"playerId":157815,"score":1700,"energy":21},{"playerId":2251128,"score":850,"energy":8},{"playerId":2241999,"score":1625,"energy":30}],"golds":[{"posx":16,"posy":0,"amount":150},{"posx":19,"posy":0,"amount":50},{"posx":17,"posy":1,"amount":50},{"posx":19,"posy":2,"amount":50},{"posx":18,"posy":7,"amount":350}],"changedObstacles":[]},{"players":[{"playerId":2613909,"score":1575,"energy":35},{"playerId":157815,"score":1750,"energy":16},{"playerId":2251128,"score":850,"energy":7},{"playerId":2241999,"score":1625,"energy":29}],"golds":[{"posx":16,"posy":0,"amount":100},{"posx":19,"posy":0,"amount":50},{"posx":17,"posy":1,"amount":50},{"posx":19,"posy":2,"amount":50},{"posx":18,"posy":7,"amount":350}],"changedObstacles":[]},{"players":[{"playerId":2613909,"score":1575,"energy":34},{"playerId":157815,"score":1800,"energy":11},{"playerId":2251128,"score":850,"energy":6},{"playerId":2241999,"score":1625,"energy":23}],"golds":[{"posx":16,"posy":0,"amount":50},{"posx":19,"posy":0,"amount":50},{"posx":17,"posy":1,"amount":50},{"posx":19,"posy":2,"amount":50},{"posx":18,"posy":7,"amount":350}],"changedObstacles":[]},{"players":[{"playerId":2613909,"score":1575,"energy":33},{"playerId":157815,"score":1850,"energy":6},{"playerId":2251128,"score":850,"energy":5},{"playerId":2241999,"score":1625,"energy":35}],"golds":[{"posx":19,"posy":0,"amount":50},{"posx":17,"posy":1,"amount":50},{"posx":19,"posy":2,"amount":50},{"posx":18,"posy":7,"amount":350}],"changedObstacles":[{"type":0,"posx":16,"posy":0,"value":-1}]},{"players":[{"playerId":2613909,"score":1575,"energy":32},{"playerId":157815,"score":1850,"energy":5},{"playerId":2251128,"score":850,"energy":4},{"playerId":2241999,"score":1625,"energy":34}],"golds":[{"posx":19,"posy":0,"amount":50},{"posx":17,"posy":1,"amount":50},{"posx":19,"posy":2,"amount":50},{"posx":18,"posy":7,"amount":350}],"changedObstacles":[]},{"players":[{"playerId":2613909,"score":1575,"energy":31},{"playerId":157815,"score":1850,"energy":4},{"playerId":2251128,"score":850,"energy":3},{"playerId":2241999,"score":1625,"energy":33}],"golds":[{"posx":19,"posy":0,"amount":50},{"posx":17,"posy":1,"amount":50},{"posx":19,"posy":2,"amount":50},{"posx":18,"posy":7,"amount":350}],"changedObstacles":[]},{"players":[{"playerId":2613909,"score":1575,"energy":30},{"playerId":157815,"score":1850,"energy":3},{"playerId":2251128,"score":850,"energy":2},{"playerId":2241999,"score":1625,"energy":32}],"golds":[{"posx":19,"posy":0,"amount":50},{"posx":17,"posy":1,"amount":50},{"posx":19,"posy":2,"amount":50},{"posx":18,"posy":7,"amount":350}],"changedObstacles":[]},{"players":[{"playerId":2613909,"score":1575,"energy":29},{"playerId":157815,"score":1850,"energy":2},{"playerId":2251128,"score":850,"energy":1},{"playerId":2241999,"score":1625,"energy":31}],"golds":[{"posx":19,"posy":0,"amount":50},{"posx":17,"posy":1,"amount":50},{"posx":19,"posy":2,"amount":50},{"posx":18,"posy":7,"amount":350}],"changedObstacles":[]},{"players":[{"playerId":2613909,"score":1575,"energy":28},{"playerId":157815,"score":1850,"energy":1},{"playerId":2251128,"score":850,"energy":0},{"playerId":2241999,"score":1625,"energy":30}],"golds":[{"posx":19,"posy":0,"amount":50},{"posx":17,"posy":1,"amount":50},{"posx":19,"posy":2,"amount":50},{"posx":18,"posy":7,"amount":350}],"changedObstacles":[]},{"players":[{"playerId":2613909,"score":1575,"energy":27},{"playerId":157815,"score":1850,"energy":13},{"playerId":2251128,"score":850,"energy":0},{"playerId":2241999,"score":1625,"energy":29}],"golds":[{"posx":19,"posy":0,"amount":50},{"posx":17,"posy":1,"amount":50},{"posx":19,"posy":2,"amount":50},{"posx":18,"posy":7,"amount":350}],"changedObstacles":[]},{"players":[{"playerId":2613909,"score":1575,"energy":26},{"playerId":157815,"score":1850,"energy":29},{"playerId":2251128,"score":850,"energy":0},{"playerId":2241999,"score":1625,"energy":28}],"golds":[{"posx":19,"posy":0,"amount":50},{"posx":17,"posy":1,"amount":50},{"posx":19,"posy":2,"amount":50},{"posx":18,"posy":7,"amount":350}],"changedObstacles":[]},{"players":[{"playerId":2613909,"score":1575,"energy":25},{"playerId":157815,"score":1850,"energy":50},{"playerId":2251128,"score":850,"energy":0},{"playerId":2241999,"score":1625,"energy":27}],"golds":[{"posx":19,"posy":0,"amount":50},{"posx":17,"posy":1,"amount":50},{"posx":19,"posy":2,"amount":50},{"posx":18,"posy":7,"amount":350}],"changedObstacles":[]},{"players":[{"playerId":2613909,"score":1575,"energy":24},{"playerId":157815,"score":1850,"energy":49},{"playerId":2251128,"score":850,"energy":0},{"playerId":2241999,"score":1625,"energy":26}],"golds":[{"posx":19,"posy":0,"amount":50},{"posx":17,"posy":1,"amount":50},{"posx":19,"posy":2,"amount":50},{"posx":18,"posy":7,"amount":350}],"changedObstacles":[]},{"players":[{"playerId":2613909,"score":1575,"energy":23},{"playerId":157815,"score":1850,"energy":48},{"playerId":2251128,"score":850,"energy":0},{"playerId":2241999,"score":1625,"energy":25}],"golds":[{"posx":19,"posy":0,"amount":50},{"posx":17,"posy":1,"amount":50},{"posx":19,"posy":2,"amount":50},{"posx":18,"posy":7,"amount":350}],"changedObstacles":[]},{"players":[{"playerId":2613909,"score":1575,"energy":22},{"playerId":157815,"score":1850,"energy":47},{"playerId":2251128,"score":850,"energy":0},{"playerId":2241999,"score":1625,"energy":24}],"golds":[{"posx":19,"posy":0,"amount":50},{"posx":17,"posy":1,"amount":50},{"posx":19,"posy":2,"amount":50},{"posx":18,"posy":7,"amount":350}],"changedObstacles":[]},{"players":[{"playerId":2613909,"score":1575,"energy":34},{"playerId":157815,"score":1850,"energy":43},{"playerId":2251128,"score":850,"energy":0},{"playerId":2241999,"score":1625,"energy":23}],"golds":[{"posx":19,"posy":0,"amount":50},{"posx":17,"posy":1,"amount":50},{"posx":19,"posy":2,"amount":50},{"posx":18,"posy":7,"amount":350}],"changedObstacles":[]},{"players":[{"playerId":2613909,"score":1575,"energy":33},{"playerId":157815,"score":1900,"energy":38},{"playerId":2251128,"score":850,"energy":0},{"playerId":2241999,"score":1625,"energy":22}],"golds":[{"posx":19,"posy":0,"amount":50},{"posx":17,"posy":1,"amount":50},{"posx":19,"posy":2,"amount":50},{"posx":18,"posy":7,"amount":300}],"changedObstacles":[]},{"players":[{"playerId":2613909,"score":1575,"energy":29},{"playerId":157815,"score":1950,"energy":33},{"playerId":2251128,"score":850,"energy":0},{"playerId":2241999,"score":1625,"energy":21}],"golds":[{"posx":19,"posy":0,"amount":50},{"posx":17,"posy":1,"amount":50},{"posx":19,"posy":2,"amount":50},{"posx":18,"posy":7,"amount":250}],"changedObstacles":[]},{"players":[{"playerId":2613909,"score":1625,"energy":24},{"playerId":157815,"score":2000,"energy":28},{"playerId":2251128,"score":850,"energy":0},{"playerId":2241999,"score":1625,"energy":20}],"golds":[{"posx":19,"posy":0,"amount":50},{"posx":17,"posy":1,"amount":50},{"posx":19,"posy":2,"amount":50},{"posx":18,"posy":7,"amount":150}],"changedObstacles":[]},{"players":[{"playerId":2613909,"score":1675,"energy":19},{"playerId":157815,"score":2050,"energy":23},{"playerId":2251128,"score":850,"energy":0},{"playerId":2241999,"score":1625,"energy":16}],"golds":[{"posx":19,"posy":0,"amount":50},{"posx":17,"posy":1,"amount":50},{"posx":19,"posy":2,"amount":50},{"posx":18,"posy":7,"amount":50}],"changedObstacles":[]},{"players":[{"playerId":2613909,"score":1700,"energy":14},{"playerId":157815,"score":2050,"energy":22},{"playerId":2251128,"score":850,"energy":0},{"playerId":2241999,"score":1650,"energy":11}],"golds":[{"posx":19,"posy":0,"amount":50},{"posx":17,"posy":1,"amount":50},{"posx":19,"posy":2,"amount":50}],"changedObstacles":[{"type":0,"posx":18,"posy":7,"value":-1}]},{"players":[{"playerId":2613909,"score":1700,"energy":26},{"playerId":157815,"score":2050,"energy":21},{"playerId":2251128,"score":850,"energy":0},{"playerId":2241999,"score":1650,"energy":23}],"golds":[{"posx":19,"posy":0,"amount":50},{"posx":17,"posy":1,"amount":50},{"posx":19,"posy":2,"amount":50}],"changedObstacles":[]},{"players":[{"playerId":2613909,"score":1700,"energy":25},{"playerId":157815,"score":2050,"energy":20},{"playerId":2251128,"score":850,"energy":0},{"playerId":2241999,"score":1650,"energy":22}],"golds":[{"posx":19,"posy":0,"amount":50},{"posx":17,"posy":1,"amount":50},{"posx":19,"posy":2,"amount":50}],"changedObstacles":[]},{"players":[{"playerId":2613909,"score":1700,"energy":24},{"playerId":157815,"score":2050,"energy":19},{"playerId":2251128,"score":850,"energy":0},{"playerId":2241999,"score":1650,"energy":21}],"golds":[{"posx":19,"posy":0,"amount":50},{"posx":17,"posy":1,"amount":50},{"posx":19,"posy":2,"amount":50}],"changedObstacles":[]},{"players":[{"playerId":2613909,"score":1700,"energy":23},{"playerId":157815,"score":2050,"energy":18},{"playerId":2251128,"score":850,"energy":0},{"playerId":2241999,"score":1650,"energy":20}],"golds":[{"posx":19,"posy":0,"amount":50},{"posx":17,"posy":1,"amount":50},{"posx":19,"posy":2,"amount":50}],"changedObstacles":[]},{"players":[{"playerId":2613909,"score":1700,"energy":22},{"playerId":157815,"score":2050,"energy":14},{"playerId":2251128,"score":850,"energy":0},{"playerId":2241999,"score":1650,"energy":19}],"golds":[{"posx":19,"posy":0,"amount":50},{"posx":17,"posy":1,"amount":50},{"posx":19,"posy":2,"amount":50}],"changedObstacles":[]},{"players":[{"playerId":2613909,"score":1700,"energy":34},{"playerId":157815,"score":2100,"energy":9},{"playerId":2251128,"score":850,"energy":0},{"playerId":2241999,"score":1650,"energy":18}],"golds":[{"posx":19,"posy":0,"amount":50},{"posx":17,"posy":1,"amount":50}],"changedObstacles":[{"type":0,"posx":19,"posy":2,"value":-1}]},{"players":[{"playerId":2613909,"score":1700,"energy":33},{"playerId":157815,"score":2100,"energy":8},{"playerId":2251128,"score":850,"energy":0},{"playerId":2241999,"score":1650,"energy":17}],"golds":[{"posx":19,"posy":0,"amount":50},{"posx":17,"posy":1,"amount":50}],"changedObstacles":[]},{"players":[{"playerId":2613909,"score":1700,"energy":32},{"playerId":157815,"score":2100,"energy":4},{"playerId":2251128,"score":850,"energy":0},{"playerId":2241999,"score":1650,"energy":13}],"golds":[{"posx":19,"posy":0,"amount":50},{"posx":17,"posy":1,"amount":50}],"changedObstacles":[]},{"players":[{"playerId":2613909,"score":1700,"energy":31},{"playerId":157815,"score":2100,"energy":16},{"playerId":2251128,"score":850,"energy":0},{"playerId":2241999,"score":1700,"energy":8}],"golds":[{"posx":19,"posy":0,"amount":50}],"changedObstacles":[{"type":0,"posx":17,"posy":1,"value":-1}]},{"players":[{"playerId":2613909,"score":1700,"energy":27},{"playerId":157815,"score":2100,"energy":32},{"playerId":2251128,"score":850,"energy":0},{"playerId":2241999,"score":1700,"energy":20}],"golds":[{"posx":19,"posy":0,"amount":50}],"changedObstacles":[]},{"players":[{"playerId":2613909,"score":1750,"energy":22},{"playerId":157815,"score":2100,"energy":50},{"playerId":2251128,"score":850,"energy":0},{"playerId":2241999,"score":1700,"energy":19}],"golds":[],"changedObstacles":[{"type":0,"posx":19,"posy":0,"value":-1}]}]