[{"players":[{"playerId":2410245,"score":0,"energy":49},{"playerId":2451990,"score":0,"energy":49},{"playerId":2234905,"score":0,"energy":33},{"playerId":2241999,"score":0,"energy":49}],"golds":[{"posx":4,"posy":4,"amount":400},{"posx":13,"posy":3,"amount":550},{"posx":8,"posy":1,"amount":250},{"posx":16,"posy":7,"amount":100},{"posx":7,"posy":4,"amount":200},{"posx":16,"posy":4,"amount":500},{"posx":9,"posy":4,"amount":250},{"posx":20,"posy":1,"amount":150},{"posx":1,"posy":4,"amount":750},{"posx":8,"posy":4,"amount":300},{"posx":2,"posy":1,"amount":250},{"posx":12,"posy":5,"amount":250},{"posx":19,"posy":6,"amount":300},{"posx":6,"posy":1,"amount":150},{"posx":19,"posy":5,"amount":600},{"posx":5,"posy":3,"amount":650},{"posx":11,"posy":3,"amount":450},{"posx":10,"posy":2,"amount":650},{"posx":11,"posy":2,"amount":300},{"posx":6,"posy":5,"amount":650}],"changedObstacles":[]},{"players":[{"playerId":2410245,"score":0,"energy":48},{"playerId":2451990,"score":0,"energy":39},{"playerId":2234905,"score":0,"energy":23},{"playerId":2241999,"score":0,"energy":39}],"golds":[{"posx":4,"posy":4,"amount":400},{"posx":13,"posy":3,"amount":550},{"posx":8,"posy":1,"amount":250},{"posx":16,"posy":7,"amount":100},{"posx":7,"posy":4,"amount":200},{"posx":16,"posy":4,"amount":500},{"posx":9,"posy":4,"amount":250},{"posx":20,"posy":1,"amount":150},{"posx":1,"posy":4,"amount":750},{"posx":8,"posy":4,"amount":300},{"posx":2,"posy":1,"amount":250},{"posx":12,"posy":5,"amount":250},{"posx":19,"posy":6,"amount":300},{"posx":6,"posy":1,"amount":150},{"posx":19,"posy":5,"amount":600},{"posx":5,"posy":3,"amount":650},{"posx":11,"posy":3,"amount":450},{"posx":10,"posy":2,"amount":650},{"posx":11,"posy":2,"amount":300},{"posx":6,"posy":5,"amount":650}],"changedObstacles":[{"type":0,"posx":15,"posy":1,"value":-1},{"type":0,"posx":17,"posy":3,"value":-1}]},{"players":[{"playerId":2410245,"score":0,"energy":47},{"playerId":2451990,"score":0,"energy":38},{"playerId":2234905,"score":0,"energy":22},{"playerId":2241999,"score":0,"energy":38}],"golds":[{"posx":4,"posy":4,"amount":400},{"posx":13,"posy":3,"amount":550},{"posx":8,"posy":1,"amount":250},{"posx":16,"posy":7,"amount":100},{"posx":7,"posy":4,"amount":200},{"posx":16,"posy":4,"amount":500},{"posx":9,"posy":4,"amount":250},{"posx":20,"posy":1,"amount":150},{"posx":1,"posy":4,"amount":750},{"posx":8,"posy":4,"amount":300},{"posx":2,"posy":1,"amount":250},{"posx":12,"posy":5,"amount":250},{"posx":19,"posy":6,"amount":300},{"posx":6,"posy":1,"amount":150},{"posx":19,"posy":5,"amount":600},{"posx":5,"posy":3,"amount":650},{"posx":11,"posy":3,"amount":450},{"posx":10,"posy":2,"amount":650},{"posx":11,"posy":2,"amount":300},{"posx":6,"posy":5,"amount":650}],"changedObstacles":[]},{"players":[{"playerId":2410245,"score":0,"energy":46},{"playerId":2451990,"score":0,"energy":37},{"playerId":2234905,"score":0,"energy":17},{"playerId":2241999,"score":0,"energy":37}],"golds":[{"posx":4,"posy":4,"amount":400},{"posx":13,"posy":3,"amount":550},{"posx":8,"posy":1,"amount":250},{"posx":16,"posy":7,"amount":100},{"posx":7,"posy":4,"amount":200},{"posx":16,"posy":4,"amount":500},{"posx":9,"posy":4,"amount":250},{"posx":20,"posy":1,"amount":150},{"posx":1,"posy":4,"amount":750},{"posx":8,"posy":4,"amount":300},{"posx":2,"posy":1,"amount":250},{"posx":12,"posy":5,"amount":250},{"posx":19,"posy":6,"amount":300},{"posx":6,"posy":1,"amount":150},{"posx":19,"posy":5,"amount":600},{"posx":5,"posy":3,"amount":650},{"posx":11,"posy":3,"amount":450},{"posx":10,"posy":2,"amount":650},{"posx":11,"posy":2,"amount":300},{"posx":6,"posy":5,"amount":650}],"changedObstacles":[]},{"players":[{"playerId":2410245,"score":0,"energy":42},{"playerId":2451990,"score":0,"energy":21},{"playerId":2234905,"score":0,"energy":16},{"playerId":2241999,"score":0,"energy":32}],"golds":[{"posx":4,"posy":4,"amount":400},{"posx":13,"posy":3,"amount":550},{"posx":8,"posy":1,"amount":250},{"posx":16,"posy":7,"amount":100},{"posx":7,"posy":4,"amount":200},{"posx":16,"posy":4,"amount":500},{"posx":9,"posy":4,"amount":250},{"posx":20,"posy":1,"amount":150},{"posx":1,"posy":4,"amount":750},{"posx":8,"posy":4,"amount":300},{"posx":2,"posy":1,"amount":250},{"posx":12,"posy":5,"amount":250},{"posx":19,"posy":6,"amount":300},{"posx":6,"posy":1,"amount":150},{"posx":19,"posy":5,"amount":600},{"posx":5,"posy":3,"amount":650},{"posx":11,"posy":3,"amount":450},{"posx":10,"posy":2,"amount":650},{"posx":11,"posy":2,"amount":300},{"posx":6,"posy":5,"amount":650}],"changedObstacles":[{"type":3,"posx":14,"posy":3,"value":-20}]},{"players":[{"playerId":2410245,"score":50,"energy":37},{"playerId":2451990,"score":0,"energy":20},{"playerId":2234905,"score":0,"energy":15},{"playerId":2241999,"score":0,"energy":28}],"golds":[{"posx":2,"posy":1,"amount":250},{"posx":6,"posy":1,"amount":150},{"posx":8,"posy":1,"amount":250},{"posx":20,"posy":1,"amount":100},{"posx":10,"posy":2,"amount":650},{"posx":11,"posy":2,"amount":300},{"posx":5,"posy":3,"amount":650},{"posx":11,"posy":3,"amount":450},{"posx":13,"posy":3,"amount":550},{"posx":1,"posy":4,"amount":750},{"posx":4,"posy":4,"amount":400},{"posx":7,"posy":4,"amount":200},{"posx":8,"posy":4,"amount":300},{"posx":9,"posy":4,"amount":250},{"posx":16,"posy":4,"amount":500},{"posx":6,"posy":5,"amount":650},{"posx":12,"posy":5,"amount":250},{"posx":19,"posy":5,"amount":600},{"posx":19,"posy":6,"amount":300},{"posx":16,"posy":7,"amount":100}],"changedObstacles":[]},{"players":[{"playerId":2410245,"score":100,"energy":32},{"playerId":2451990,"score":0,"energy":16},{"playerId":2234905,"score":0,"energy":27},{"playerId":2241999,"score":50,"energy":23}],"golds":[{"posx":2,"posy":1,"amount":250},{"posx":6,"posy":1,"amount":150},{"posx":8,"posy":1,"amount":250},{"posx":20,"posy":1,"amount":50},{"posx":10,"posy":2,"amount":650},{"posx":11,"posy":2,"amount":300},{"posx":5,"posy":3,"amount":650},{"posx":11,"posy":3,"amount":450},{"posx":13,"posy":3,"amount":500},{"posx":1,"posy":4,"amount":750},{"posx":4,"posy":4,"amount":400},{"posx":7,"posy":4,"amount":200},{"posx":8,"posy":4,"amount":300},{"posx":9,"posy":4,"amount":250},{"posx":16,"posy":4,"amount":500},{"posx":6,"posy":5,"amount":650},{"posx":12,"posy":5,"amount":250},{"posx":19,"posy":5,"amount":600},{"posx":19,"posy":6,"amount":300},{"posx":16,"posy":7,"amount":100}],"changedObstacles":[]},{"players":[{"playerId":2410245,"score":150,"energy":27},{"playerId":2451990,"score":50,"energy":11},{"playerId":2234905,"score":0,"energy":26},{"playerId":2241999,"score":100,"energy":18}],"golds":[{"posx":2,"posy":1,"amount":250},{"posx":6,"posy":1,"amount":150},{"posx":8,"posy":1,"amount":250},{"posx":10,"posy":2,"amount":650},{"posx":11,"posy":2,"amount":250},{"posx":5,"posy":3,"amount":650},{"posx":11,"posy":3,"amount":450},{"posx":13,"posy":3,"amount":450},{"posx":1,"posy":4,"amount":750},{"posx":4,"posy":4,"amount":400},{"posx":7,"posy":4,"amount":200},{"posx":8,"posy":4,"amount":300},{"posx":9,"posy":4,"amount":250},{"posx":16,"posy":4,"amount":500},{"posx":6,"posy":5,"amount":650},{"posx":12,"posy":5,"amount":250},{"posx":19,"posy":5,"amount":600},{"posx":19,"posy":6,"amount":300},{"posx":16,"posy":7,"amount":100}],"changedObstacles":[{"type":0,"posx":20,"posy":1,"value":-1}]},{"players":[{"playerId":2410245,"score":150,"energy":26},{"playerId":2451990,"score":100,"energy":6},{"playerId":2234905,"score":0,"energy":20},{"playerId":2241999,"score":150,"energy":13}],"golds":[{"posx":2,"posy":1,"amount":250},{"posx":6,"posy":1,"amount":150},{"posx":8,"posy":1,"amount":250},{"posx":10,"posy":2,"amount":650},{"posx":11,"posy":2,"amount":200},{"posx":5,"posy":3,"amount":650},{"posx":11,"posy":3,"amount":450},{"posx":13,"posy":3,"amount":400},{"posx":1,"posy":4,"amount":750},{"posx":4,"posy":4,"amount":400},{"posx":7,"posy":4,"amount":200},{"posx":8,"posy":4,"amount":300},{"posx":9,"posy":4,"amount":250},{"posx":16,"posy":4,"amount":500},{"posx":6,"posy":5,"amount":650},{"posx":12,"posy":5,"amount":250},{"posx":19,"posy":5,"amount":600},{"posx":19,"posy":6,"amount":300},{"posx":16,"posy":7,"amount":100}],"changedObstacles":[]},{"players":[{"playerId":2410245,"score":150,"energy":25},{"playerId":2451990,"score":150,"energy":1},{"playerId":2234905,"score":0,"energy":15},{"playerId":2241999,"score":200,"energy":8}],"golds":[{"posx":2,"posy":1,"amount":250},{"posx":6,"posy":1,"amount":150},{"posx":8,"posy":1,"amount":250},{"posx":10,"posy":2,"amount":650},{"posx":11,"posy":2,"amount":150},{"posx":5,"posy":3,"amount":650},{"posx":11,"posy":3,"amount":450},{"posx":13,"posy":3,"amount":350},{"posx":1,"posy":4,"amount":750},{"posx":4,"posy":4,"amount":400},{"posx":7,"posy":4,"amount":200},{"posx":8,"posy":4,"amount":300},{"posx":9,"posy":4,"amount":250},{"posx":16,"posy":4,"amount":500},{"posx":6,"posy":5,"amount":650},{"posx":12,"posy":5,"amount":250},{"posx":19,"posy":5,"amount":600},{"posx":19,"posy":6,"amount":300},{"posx":16,"posy":7,"amount":100}],"changedObstacles":[{"type":3,"posx":19,"posy":8,"value":-20}]},{"players":[{"playerId":2410245,"score":150,"energy":5},{"playerId":2451990,"score":150,"energy":13},{"playerId":2234905,"score":0,"energy":14},{"playerId":2241999,"score":250,"energy":3}],"golds":[{"posx":2,"posy":1,"amount":250},{"posx":6,"posy":1,"amount":150},{"posx":8,"posy":1,"amount":250},{"posx":10,"posy":2,"amount":650},{"posx":11,"posy":2,"amount":150},{"posx":5,"posy":3,"amount":650},{"posx":11,"posy":3,"amount":450},{"posx":13,"posy":3,"amount":300},{"posx":1,"posy":4,"amount":750},{"posx":4,"posy":4,"amount":400},{"posx":7,"posy":4,"amount":200},{"posx":8,"posy":4,"amount":300},{"posx":9,"posy":4,"amount":250},{"posx":16,"posy":4,"amount":500},{"posx":6,"posy":5,"amount":650},{"posx":12,"posy":5,"amount":250},{"posx":19,"posy":5,"amount":600},{"posx":19,"posy":6,"amount":300},{"posx":16,"posy":7,"amount":100}],"changedObstacles":[]},{"players":[{"playerId":2410245,"score":150,"energy":4},{"playerId":2451990,"score":150,"energy":29},{"playerId":2234905,"score":0,"energy":26},{"playerId":2241999,"score":250,"energy":15}],"golds":[{"posx":2,"posy":1,"amount":250},{"posx":6,"posy":1,"amount":150},{"posx":8,"posy":1,"amount":250},{"posx":10,"posy":2,"amount":650},{"posx":11,"posy":2,"amount":150},{"posx":5,"posy":3,"amount":650},{"posx":11,"posy":3,"amount":450},{"posx":13,"posy":3,"amount":300},{"posx":1,"posy":4,"amount":750},{"posx":4,"posy":4,"amount":400},{"posx":7,"posy":4,"amount":200},{"posx":8,"posy":4,"amount":300},{"posx":9,"posy":4,"amount":250},{"posx":16,"posy":4,"amount":500},{"posx":6,"posy":5,"amount":650},{"posx":12,"posy":5,"amount":250},{"posx":19,"posy":5,"amount":600},{"posx":19,"posy":6,"amount":300},{"posx":16,"posy":7,"amount":100}],"changedObstacles":[]},{"players":[{"playerId":2410245,"score":150,"energy":16},{"playerId":2451990,"score":200,"energy":24},{"playerId":2234905,"score":0,"energy":42},{"playerId":2241999,"score":300,"energy":10}],"golds":[{"posx":2,"posy":1,"amount":250},{"posx":6,"posy":1,"amount":150},{"posx":8,"posy":1,"amount":250},{"posx":10,"posy":2,"amount":650},{"posx":11,"posy":2,"amount":100},{"posx":5,"posy":3,"amount":650},{"posx":11,"posy":3,"amount":450},{"posx":13,"posy":3,"amount":250},{"posx":1,"posy":4,"amount":750},{"posx":4,"posy":4,"amount":400},{"posx":7,"posy":4,"amount":200},{"posx":8,"posy":4,"amount":300},{"posx":9,"posy":4,"amount":250},{"posx":16,"posy":4,"amount":500},{"posx":6,"posy":5,"amount":650},{"posx":12,"posy":5,"amount":250},{"posx":19,"posy":5,"amount":600},{"posx":19,"posy":6,"amount":300},{"posx":16,"posy":7,"amount":100}],"changedObstacles":[]},{"players":[{"playerId":2410245,"score":150,"energy":12},{"playerId":2451990,"score":250,"energy":19},{"playerId":2234905,"score":0,"energy":41},{"playerId":2241999,"score":350,"energy":5}],"golds":[{"posx":2,"posy":1,"amount":250},{"posx":6,"posy":1,"amount":150},{"posx":8,"posy":1,"amount":250},{"posx":10,"posy":2,"amount":650},{"posx":11,"posy":2,"amount":50},{"posx":5,"posy":3,"amount":650},{"posx":11,"posy":3,"amount":450},{"posx":13,"posy":3,"amount":200},{"posx":1,"posy":4,"amount":750},{"posx":4,"posy":4,"amount":400},{"posx":7,"posy":4,"amount":200},{"posx":8,"posy":4,"amount":300},{"posx":9,"posy":4,"amount":250},{"posx":16,"posy":4,"amount":500},{"posx":6,"posy":5,"amount":650},{"posx":12,"posy":5,"amount":250},{"posx":19,"posy":5,"amount":600},{"posx":19,"posy":6,"amount":300},{"posx":16,"posy":7,"amount":100}],"changedObstacles":[]},{"players":[{"playerId":2410245,"score":200,"energy":7},{"playerId":2451990,"score":300,"energy":14},{"playerId":2234905,"score":0,"energy":36},{"playerId":2241999,"score":350,"energy":17}],"golds":[{"posx":2,"posy":1,"amount":250},{"posx":6,"posy":1,"amount":150},{"posx":8,"posy":1,"amount":250},{"posx":10,"posy":2,"amount":650},{"posx":5,"posy":3,"amount":650},{"posx":11,"posy":3,"amount":450},{"posx":13,"posy":3,"amount":200},{"posx":1,"posy":4,"amount":750},{"posx":4,"posy":4,"amount":400},{"posx":7,"posy":4,"amount":200},{"posx":8,"posy":4,"amount":300},{"posx":9,"posy":4,"amount":250},{"posx":16,"posy":4,"amount":500},{"posx":6,"posy":5,"amount":650},{"posx":12,"posy":5,"amount":250},{"posx":19,"posy":5,"amount":550},{"posx":19,"posy":6,"amount":300},{"posx":16,"posy":7,"amount":100}],"changedObstacles":[{"type":3,"posx":20,"posy":6,"value":-20},{"type":0,"posx":11,"posy":2,"value":-1}]},{"players":[{"playerId":2410245,"score":250,"energy":2},{"playerId":2451990,"score":300,"energy":10},{"playerId":2234905,"score":0,"energy":35},{"playerId":2241999,"score":400,"energy":12}],"golds":[{"posx":2,"posy":1,"amount":250},{"posx":6,"posy":1,"amount":150},{"posx":8,"posy":1,"amount":250},{"posx":10,"posy":2,"amount":650},{"posx":5,"posy":3,"amount":650},{"posx":11,"posy":3,"amount":450},{"posx":13,"posy":3,"amount":150},{"posx":1,"posy":4,"amount":750},{"posx":4,"posy":4,"amount":400},{"posx":7,"posy":4,"amount":200},{"posx":8,"posy":4,"amount":300},{"posx":9,"posy":4,"amount":250},{"posx":16,"posy":4,"amount":500},{"posx":6,"posy":5,"amount":650},{"posx":12,"posy":5,"amount":250},{"posx":19,"posy":5,"amount":500},{"posx":19,"posy":6,"amount":300},{"posx":16,"posy":7,"amount":100}],"changedObstacles":[]},{"players":[{"playerId":2410245,"score":250,"energy":14},{"playerId":2451990,"score":350,"energy":5},{"playerId":2234905,"score":0,"energy":22},{"playerId":2241999,"score":450,"energy":7}],"golds":[{"posx":2,"posy":1,"amount":250},{"posx":6,"posy":1,"amount":150},{"posx":8,"posy":1,"amount":250},{"posx":10,"posy":2,"amount":600},{"posx":5,"posy":3,"amount":650},{"posx":11,"posy":3,"amount":450},{"posx":13,"posy":3,"amount":100},{"posx":1,"posy":4,"amount":750},{"posx":4,"posy":4,"amount":400},{"posx":7,"posy":4,"amount":200},{"posx":8,"posy":4,"amount":300},{"posx":9,"posy":4,"amount":250},{"posx":16,"posy":4,"amount":500},{"posx":6,"posy":5,"amount":650},{"posx":12,"posy":5,"amount":250},{"posx":19,"posy":5,"amount":500},{"posx":19,"posy":6,"amount":300},{"posx":16,"posy":7,"amount":100}],"changedObstacles":[]},{"players":[{"playerId":2410245,"score":300,"energy":9},{"playerId":2451990,"score":350,"energy":17},{"playerId":2234905,"score":0,"energy":34},{"playerId":2241999,"score":500,"energy":2}],"golds":[{"posx":2,"posy":1,"amount":250},{"posx":6,"posy":1,"amount":150},{"posx":8,"posy":1,"amount":250},{"posx":10,"posy":2,"amount":600},{"posx":5,"posy":3,"amount":650},{"posx":11,"posy":3,"amount":450},{"posx":13,"posy":3,"amount":50},{"posx":1,"posy":4,"amount":750},{"posx":4,"posy":4,"amount":400},{"posx":7,"posy":4,"amount":200},{"posx":8,"posy":4,"amount":300},{"posx":9,"posy":4,"amount":250},{"posx":16,"posy":4,"amount":500},{"posx":6,"posy":5,"amount":650},{"posx":12,"posy":5,"amount":250},{"posx":19,"posy":5,"amount":450},{"posx":19,"posy":6,"amount":300},{"posx":16,"posy":7,"amount":100}],"changedObstacles":[]},{"players":[{"playerId":2410245,"score":350,"energy":4},{"playerId":2451990,"score":350,"energy":33},{"playerId":2234905,"score":0,"energy":29},{"playerId":2241999,"score":500,"energy":14}],"golds":[{"posx":2,"posy":1,"amount":250},{"posx":6,"posy":1,"amount":150},{"posx":8,"posy":1,"amount":250},{"posx":10,"posy":2,"amount":600},{"posx":5,"posy":3,"amount":650},{"posx":11,"posy":3,"amount":450},{"posx":13,"posy":3,"amount":50},{"posx":1,"posy":4,"amount":750},{"posx":4,"posy":4,"amount":400},{"posx":7,"posy":4,"amount":200},{"posx":8,"posy":4,"amount":300},{"posx":9,"posy":4,"amount":250},{"posx":16,"posy":4,"amount":500},{"posx":6,"posy":5,"amount":650},{"posx":12,"posy":5,"amount":250},{"posx":19,"posy":5,"amount":400},{"posx":19,"posy":6,"amount":300},{"posx":16,"posy":7,"amount":100}],"changedObstacles":[{"type":3,"posx":20,"posy":3,"value":-20}]},{"players":[{"playerId":2410245,"score":350,"energy":16},{"playerId":2451990,"score":350,"energy":50},{"playerId":2234905,"score":0,"energy":28},{"playerId":2241999,"score":550,"energy":9}],"golds":[{"posx":2,"posy":1,"amount":250},{"posx":6,"posy":1,"amount":150},{"posx":8,"posy":1,"amount":250},{"posx":10,"posy":2,"amount":600},{"posx":5,"posy":3,"amount":650},{"posx":11,"posy":3,"amount":450},{"posx":1,"posy":4,"amount":750},{"posx":4,"posy":4,"amount":400},{"posx":7,"posy":4,"amount":200},{"posx":8,"posy":4,"amount":300},{"posx":9,"posy":4,"amount":250},{"posx":16,"posy":4,"amount":500},{"posx":6,"posy":5,"amount":650},{"posx":12,"posy":5,"amount":250},{"posx":19,"posy":5,"amount":400},{"posx":19,"posy":6,"amount":300},{"posx":16,"posy":7,"amount":100}],"changedObstacles":[{"type":0,"posx":13,"posy":3,"value":-1}]},{"players":[{"playerId":2410245,"score":400,"energy":11},{"playerId":2451990,"score":400,"energy":45},{"playerId":2234905,"score":0,"energy":40},{"playerId":2241999,"score":550,"energy":8}],"golds":[{"posx":2,"posy":1,"amount":250},{"posx":6,"posy":1,"amount":150},{"posx":8,"posy":1,"amount":250},{"posx":10,"posy":2,"amount":550},{"posx":5,"posy":3,"amount":650},{"posx":11,"posy":3,"amount":450},{"posx":1,"posy":4,"amount":750},{"posx":4,"posy":4,"amount":400},{"posx":7,"posy":4,"amount":200},{"posx":8,"posy":4,"amount":300},{"posx":9,"posy":4,"amount":250},{"posx":16,"posy":4,"amount":500},{"posx":6,"posy":5,"amount":650},{"posx":12,"posy":5,"amount":250},{"posx":19,"posy":5,"amount":350},{"posx":19,"posy":6,"amount":300},{"posx":16,"posy":7,"amount":100}],"changedObstacles":[]},{"players":[{"playerId":2410245,"score":450,"energy":6},{"playerId":2451990,"score":450,"energy":40},{"playerId":2234905,"score":0,"energy":39},{"playerId":2241999,"score":550,"energy":4}],"golds":[{"posx":2,"posy":1,"amount":250},{"posx":6,"posy":1,"amount":150},{"posx":8,"posy":1,"amount":250},{"posx":10,"posy":2,"amount":500},{"posx":5,"posy":3,"amount":650},{"posx":11,"posy":3,"amount":450},{"posx":1,"posy":4,"amount":750},{"posx":4,"posy":4,"amount":400},{"posx":7,"posy":4,"amount":200},{"posx":8,"posy":4,"amount":300},{"posx":9,"posy":4,"amount":250},{"posx":16,"posy":4,"amount":500},{"posx":6,"posy":5,"amount":650},{"posx":12,"posy":5,"amount":250},{"posx":19,"posy":5,"amount":300},{"posx":19,"posy":6,"amount":300},{"posx":16,"posy":7,"amount":100}],"changedObstacles":[]},{"players":[{"playerId":2410245,"score":500,"energy":1},{"playerId":2451990,"score":500,"energy":35},{"playerId":2234905,"score":0,"energy":29},{"playerId":2241999,"score":550,"energy":16}],"golds":[{"posx":2,"posy":1,"amount":250},{"posx":6,"posy":1,"amount":150},{"posx":8,"posy":1,"amount":250},{"posx":10,"posy":2,"amount":450},{"posx":5,"posy":3,"amount":650},{"posx":11,"posy":3,"amount":450},{"posx":1,"posy":4,"amount":750},{"posx":4,"posy":4,"amount":400},{"posx":7,"posy":4,"amount":200},{"posx":8,"posy":4,"amount":300},{"posx":9,"posy":4,"amount":250},{"posx":16,"posy":4,"amount":500},{"posx":6,"posy":5,"amount":650},{"posx":12,"posy":5,"amount":250},{"posx":19,"posy":5,"amount":250},{"posx":19,"posy":6,"amount":300},{"posx":16,"posy":7,"amount":100}],"changedObstacles":[{"type":0,"posx":19,"posy":1,"value":-1}]},{"players":[{"playerId":2410245,"score":500,"energy":13},{"playerId":2451990,"score":550,"energy":30},{"playerId":2234905,"score":0,"energy":28},{"playerId":2241999,"score":600,"energy":11}],"golds":[{"posx":2,"posy":1,"amount":250},{"posx":6,"posy":1,"amount":150},{"posx":8,"posy":1,"amount":250},{"posx":10,"posy":2,"amount":400},{"posx":5,"posy":3,"amount":650},{"posx":11,"posy":3,"amount":400},{"posx":1,"posy":4,"amount":750},{"posx":4,"posy":4,"amount":400},{"posx":7,"posy":4,"amount":200},{"posx":8,"posy":4,"amount":300},{"posx":9,"posy":4,"amount":250},{"posx":16,"posy":4,"amount":500},{"posx":6,"posy":5,"amount":650},{"posx":12,"posy":5,"amount":250},{"posx":19,"posy":5,"amount":250},{"posx":19,"posy":6,"amount":300},{"posx":16,"posy":7,"amount":100}],"changedObstacles":[]},{"players":[{"playerId":2410245,"score":550,"energy":8},{"playerId":2451990,"score":600,"energy":25},{"playerId":2234905,"score":0,"energy":27},{"playerId":2241999,"score":650,"energy":6}],"golds":[{"posx":2,"posy":1,"amount":250},{"posx":6,"posy":1,"amount":150},{"posx":8,"posy":1,"amount":250},{"posx":10,"posy":2,"amount":350},{"posx":5,"posy":3,"amount":650},{"posx":11,"posy":3,"amount":350},{"posx":1,"posy":4,"amount":750},{"posx":4,"posy":4,"amount":400},{"posx":7,"posy":4,"amount":200},{"posx":8,"posy":4,"amount":300},{"posx":9,"posy":4,"amount":250},{"posx":16,"posy":4,"amount":500},{"posx":6,"posy":5,"amount":650},{"posx":12,"posy":5,"amount":250},{"posx":19,"posy":5,"amount":200},{"posx":19,"posy":6,"amount":300},{"posx":16,"posy":7,"amount":100}],"changedObstacles":[]},{"players":[{"playerId":2410245,"score":600,"energy":3},{"playerId":2451990,"score":650,"energy":20},{"playerId":2234905,"score":0,"energy":22},{"playerId":2241999,"score":700,"energy":1}],"golds":[{"posx":2,"posy":1,"amount":250},{"posx":6,"posy":1,"amount":150},{"posx":8,"posy":1,"amount":250},{"posx":10,"posy":2,"amount":300},{"posx":5,"posy":3,"amount":650},{"posx":11,"posy":3,"amount":300},{"posx":1,"posy":4,"amount":750},{"posx":4,"posy":4,"amount":400},{"posx":7,"posy":4,"amount":200},{"posx":8,"posy":4,"amount":300},{"posx":9,"posy":4,"amount":250},{"posx":16,"posy":4,"amount":500},{"posx":6,"posy":5,"amount":650},{"posx":12,"posy":5,"amount":250},{"posx":19,"posy":5,"amount":150},{"posx":19,"posy":6,"amount":300},{"posx":16,"posy":7,"amount":100}],"changedObstacles":[]},{"players":[{"playerId":2410245,"score":600,"energy":15},{"playerId":2451990,"score":700,"energy":15},{"playerId":2234905,"score":0,"energy":34},{"playerId":2241999,"score":700,"energy":13}],"golds":[{"posx":2,"posy":1,"amount":250},{"posx":6,"posy":1,"amount":150},{"posx":8,"posy":1,"amount":250},{"posx":10,"posy":2,"amount":250},{"posx":5,"posy":3,"amount":650},{"posx":11,"posy":3,"amount":300},{"posx":1,"posy":4,"amount":750},{"posx":4,"posy":4,"amount":400},{"posx":7,"posy":4,"amount":200},{"posx":8,"posy":4,"amount":300},{"posx":9,"posy":4,"amount":250},{"posx":16,"posy":4,"amount":500},{"posx":6,"posy":5,"amount":650},{"posx":12,"posy":5,"amount":250},{"posx":19,"posy":5,"amount":150},{"posx":19,"posy":6,"amount":300},{"posx":16,"posy":7,"amount":100}],"changedObstacles":[]},{"players":[{"playerId":2410245,"score":650,"energy":10},{"playerId":2451990,"score":750,"energy":10},{"playerId":2234905,"score":0,"energy":33},{"playerId":2241999,"score":750,"energy":8}],"golds":[{"posx":2,"posy":1,"amount":250},{"posx":6,"posy":1,"amount":150},{"posx":8,"posy":1,"amount":250},{"posx":10,"posy":2,"amount":200},{"posx":5,"posy":3,"amount":650},{"posx":11,"posy":3,"amount":250},{"posx":1,"posy":4,"amount":750},{"posx":4,"posy":4,"amount":400},{"posx":7,"posy":4,"amount":200},{"posx":8,"posy":4,"amount":300},{"posx":9,"posy":4,"amount":250},{"posx":16,"posy":4,"amount":500},{"posx":6,"posy":5,"amount":650},{"posx":12,"posy":5,"amount":250},{"posx":19,"posy":5,"amount":100},{"posx":19,"posy":6,"amount":300},{"posx":16,"posy":7,"amount":100}],"changedObstacles":[]},{"players":[{"playerId":2410245,"score":700,"energy":5},{"playerId":2451990,"score":800,"energy":5},{"playerId":2234905,"score":0,"energy":32},{"playerId":2241999,"score":800,"energy":3}],"golds":[{"posx":2,"posy":1,"amount":250},{"posx":6,"posy":1,"amount":150},{"posx":8,"posy":1,"amount":250},{"posx":10,"posy":2,"amount":150},{"posx":5,"posy":3,"amount":650},{"posx":11,"posy":3,"amount":200},{"posx":1,"posy":4,"amount":750},{"posx":4,"posy":4,"amount":400},{"posx":7,"posy":4,"amount":200},{"posx":8,"posy":4,"amount":300},{"posx":9,"posy":4,"amount":250},{"posx":16,"posy":4,"amount":500},{"posx":6,"posy":5,"amount":650},{"posx":12,"posy":5,"amount":250},{"posx":19,"posy":5,"amount":50},{"posx":19,"posy":6,"amount":300},{"posx":16,"posy":7,"amount":100}],"changedObstacles":[]},{"players":[{"playerId":2410245,"score":700,"energy":17},{"playerId":2451990,"score":800,"energy":17},{"playerId":2234905,"score":0,"energy":31},{"playerId":2241999,"score":800,"energy":15}],"golds":[{"posx":2,"posy":1,"amount":250},{"posx":6,"posy":1,"amount":150},{"posx":8,"posy":1,"amount":250},{"posx":10,"posy":2,"amount":150},{"posx":5,"posy":3,"amount":650},{"posx":11,"posy":3,"amount":200},{"posx":1,"posy":4,"amount":750},{"posx":4,"posy":4,"amount":400},{"posx":7,"posy":4,"amount":200},{"posx":8,"posy":4,"amount":300},{"posx":9,"posy":4,"amount":250},{"posx":16,"posy":4,"amount":500},{"posx":6,"posy":5,"amount":650},{"posx":12,"posy":5,"amount":250},{"posx":19,"posy":5,"amount":50},{"posx":19,"posy":6,"amount":300},{"posx":16,"posy":7,"amount":100}],"changedObstacles":[]},{"players":[{"playerId":2410245,"score":750,"energy":12},{"playerId":2451990,"score":850,"energy":12},{"playerId":2234905,"score":0,"energy":11},{"playerId":2241999,"score":850,"energy":10}],"golds":[{"posx":2,"posy":1,"amount":250},{"posx":6,"posy":1,"amount":150},{"posx":8,"posy":1,"amount":250},{"posx":10,"posy":2,"amount":100},{"posx":5,"posy":3,"amount":650},{"posx":11,"posy":3,"amount":150},{"posx":1,"posy":4,"amount":750},{"posx":4,"posy":4,"amount":400},{"posx":7,"posy":4,"amount":200},{"posx":8,"posy":4,"amount":300},{"posx":9,"posy":4,"amount":250},{"posx":16,"posy":4,"amount":500},{"posx":6,"posy":5,"amount":650},{"posx":12,"posy":5,"amount":250},{"posx":19,"posy":6,"amount":300},{"posx":16,"posy":7,"amount":100}],"changedObstacles":[{"type":3,"posx":20,"posy":3,"value":-40},{"type":0,"posx":19,"posy":5,"value":-1}]},{"players":[{"playerId":2410245,"score":750,"energy":8},{"playerId":2451990,"score":900,"energy":7},{"playerId":2234905,"score":0,"energy":23},{"playerId":2241999,"score":900,"energy":5}],"golds":[{"posx":2,"posy":1,"amount":250},{"posx":6,"posy":1,"amount":150},{"posx":8,"posy":1,"amount":250},{"posx":10,"posy":2,"amount":50},{"posx":5,"posy":3,"amount":650},{"posx":11,"posy":3,"amount":100},{"posx":1,"posy":4,"amount":750},{"posx":4,"posy":4,"amount":400},{"posx":7,"posy":4,"amount":200},{"posx":8,"posy":4,"amount":300},{"posx":9,"posy":4,"amount":250},{"posx":16,"posy":4,"amount":500},{"posx":6,"posy":5,"amount":650},{"posx":12,"posy":5,"amount":250},{"posx":19,"posy":6,"amount":300},{"posx":16,"posy":7,"amount":100}],"changedObstacles":[]},{"players":[{"playerId":2410245,"score":800,"energy":3},{"playerId":2451990,"score":950,"energy":2},{"playerId":2234905,"score":0,"energy":15},{"playerId":2241999,"score":900,"energy":17}],"golds":[{"posx":2,"posy":1,"amount":250},{"posx":6,"posy":1,"amount":150},{"posx":8,"posy":1,"amount":250},{"posx":5,"posy":3,"amount":650},{"posx":11,"posy":3,"amount":100},{"posx":1,"posy":4,"amount":750},{"posx":4,"posy":4,"amount":400},{"posx":7,"posy":4,"amount":200},{"posx":8,"posy":4,"amount":300},{"posx":9,"posy":4,"amount":250},{"posx":16,"posy":4,"amount":500},{"posx":6,"posy":5,"amount":650},{"posx":12,"posy":5,"amount":250},{"posx":19,"posy":6,"amount":250},{"posx":16,"posy":7,"amount":100}],"changedObstacles":[{"type":0,"posx":10,"posy":2,"value":-1}]},{"players":[{"playerId":2410245,"score":800,"energy":15},{"playerId":2451990,"score":950,"energy":14},{"playerId":2234905,"score":0,"energy":14},{"playerId":2241999,"score":950,"energy":12}],"golds":[{"posx":2,"posy":1,"amount":250},{"posx":6,"posy":1,"amount":150},{"posx":8,"posy":1,"amount":250},{"posx":5,"posy":3,"amount":650},{"posx":11,"posy":3,"amount":50},{"posx":1,"posy":4,"amount":750},{"posx":4,"posy":4,"amount":400},{"posx":7,"posy":4,"amount":200},{"posx":8,"posy":4,"amount":300},{"posx":9,"posy":4,"amount":250},{"posx":16,"posy":4,"amount":500},{"posx":6,"posy":5,"amount":650},{"posx":12,"posy":5,"amount":250},{"posx":19,"posy":6,"amount":250},{"posx":16,"posy":7,"amount":100}],"changedObstacles":[]},{"players":[{"playerId":2410245,"score":850,"energy":10},{"playerId":2451990,"score":950,"energy":30},{"playerId":2234905,"score":0,"energy":26},{"playerId":2241999,"score":1000,"energy":7}],"golds":[{"posx":2,"posy":1,"amount":250},{"posx":6,"posy":1,"amount":150},{"posx":8,"posy":1,"amount":250},{"posx":5,"posy":3,"amount":650},{"posx":1,"posy":4,"amount":750},{"posx":4,"posy":4,"amount":400},{"posx":7,"posy":4,"amount":200},{"posx":8,"posy":4,"amount":300},{"posx":9,"posy":4,"amount":250},{"posx":16,"posy":4,"amount":500},{"posx":6,"posy":5,"amount":650},{"posx":12,"posy":5,"amount":250},{"posx":19,"posy":6,"amount":200},{"posx":16,"posy":7,"amount":100}],"changedObstacles":[{"type":0,"posx":11,"posy":3,"value":-1}]},{"players":[{"playerId":2410245,"score":900,"energy":5},{"playerId":2451990,"score":950,"energy":50},{"playerId":2234905,"score":0,"energy":42},{"playerId":2241999,"score":1000,"energy":6}],"golds":[{"posx":2,"posy":1,"amount":250},{"posx":6,"posy":1,"amount":150},{"posx":8,"posy":1,"amount":250},{"posx":5,"posy":3,"amount":650},{"posx":1,"posy":4,"amount":750},{"posx":4,"posy":4,"amount":400},{"posx":7,"posy":4,"amount":200},{"posx":8,"posy":4,"amount":300},{"posx":9,"posy":4,"amount":250},{"posx":16,"posy":4,"amount":500},{"posx":6,"posy":5,"amount":650},{"posx":12,"posy":5,"amount":250},{"posx":19,"posy":6,"amount":150},{"posx":16,"posy":7,"amount":100}],"changedObstacles":[]},{"players":[{"playerId":2410245,"score":900,"energy":17},{"playerId":2451990,"score":950,"energy":31},{"playerId":2234905,"score":0,"energy":41},{"playerId":2241999,"score":1000,"energy":18}],"golds":[{"posx":2,"posy":1,"amount":250},{"posx":6,"posy":1,"amount":150},{"posx":8,"posy":1,"amount":250},{"posx":5,"posy":3,"amount":650},{"posx":1,"posy":4,"amount":750},{"posx":4,"posy":4,"amount":400},{"posx":7,"posy":4,"amount":200},{"posx":8,"posy":4,"amount":300},{"posx":9,"posy":4,"amount":250},{"posx":16,"posy":4,"amount":500},{"posx":6,"posy":5,"amount":650},{"posx":12,"posy":5,"amount":250},{"posx":19,"posy":6,"amount":150},{"posx":16,"posy":7,"amount":100}],"changedObstacles":[]},{"players":[{"playerId":2410245,"score":950,"energy":12},{"playerId":2451990,"score":950,"energy":30},{"playerId":2234905,"score":0,"energy":40},{"playerId":2241999,"score":1000,"energy":34}],"golds":[{"posx":2,"posy":1,"amount":250},{"posx":6,"posy":1,"amount":150},{"posx":8,"posy":1,"amount":250},{"posx":5,"posy":3,"amount":650},{"posx":1,"posy":4,"amount":750},{"posx":4,"posy":4,"amount":400},{"posx":7,"posy":4,"amount":200},{"posx":8,"posy":4,"amount":300},{"posx":9,"posy":4,"amount":250},{"posx":16,"posy":4,"amount":500},{"posx":6,"posy":5,"amount":650},{"posx":12,"posy":5,"amount":250},{"posx":19,"posy":6,"amount":100},{"posx":16,"posy":7,"amount":100}],"changedObstacles":[]},{"players":[{"playerId":2410245,"score":1000,"energy":7},{"playerId":2451990,"score":950,"energy":26},{"playerId":2234905,"score":0,"energy":50},{"playerId":2241999,"score":1000,"energy":50}],"golds":[{"posx":2,"posy":1,"amount":250},{"posx":6,"posy":1,"amount":150},{"posx":8,"posy":1,"amount":250},{"posx":5,"posy":3,"amount":650},{"posx":1,"posy":4,"amount":750},{"posx":4,"posy":4,"amount":400},{"posx":7,"posy":4,"amount":200},{"posx":8,"posy":4,"amount":300},{"posx":9,"posy":4,"amount":250},{"posx":16,"posy":4,"amount":500},{"posx":6,"posy":5,"amount":650},{"posx":12,"posy":5,"amount":250},{"posx":19,"posy":6,"amount":50},{"posx":16,"posy":7,"amount":100}],"changedObstacles":[]},{"players":[{"playerId":2410245,"score":1050,"energy":2},{"playerId":2451990,"score":1000,"energy":21},{"playerId":2234905,"score":0,"energy":42},{"playerId":2241999,"score":1000,"energy":40}],"golds":[{"posx":2,"posy":1,"amount":250},{"posx":6,"posy":1,"amount":150},{"posx":8,"posy":1,"amount":200},{"posx":5,"posy":3,"amount":650},{"posx":1,"posy":4,"amount":750},{"posx":4,"posy":4,"amount":400},{"posx":7,"posy":4,"amount":200},{"posx":8,"posy":4,"amount":300},{"posx":9,"posy":4,"amount":250},{"posx":16,"posy":4,"amount":500},{"posx":6,"posy":5,"amount":650},{"posx":12,"posy":5,"amount":250},{"posx":16,"posy":7,"amount":100}],"changedObstacles":[{"type":0,"posx":10,"posy":4,"value":-1},{"type":0,"posx":19,"posy":6,"value":-1}]},{"players":[{"playerId":2410245,"score":1050,"energy":14},{"playerId":2451990,"score":1050,"energy":16},{"playerId":2234905,"score":0,"energy":41},{"playerId":2241999,"score":1000,"energy":36}],"golds":[{"posx":2,"posy":1,"amount":250},{"posx":6,"posy":1,"amount":150},{"posx":8,"posy":1,"amount":150},{"posx":5,"posy":3,"amount":650},{"posx":1,"posy":4,"amount":750},{"posx":4,"posy":4,"amount":400},{"posx":7,"posy":4,"amount":200},{"posx":8,"posy":4,"amount":300},{"posx":9,"posy":4,"amount":250},{"posx":16,"posy":4,"amount":500},{"posx":6,"posy":5,"amount":650},{"posx":12,"posy":5,"amount":250},{"posx":16,"posy":7,"amount":100}],"changedObstacles":[]},{"players":[{"playerId":2410245,"score":1050,"energy":13},{"playerId":2451990,"score":1100,"energy":11},{"playerId":2234905,"score":0,"energy":40},{"playerId":2241999,"score":1050,"energy":31}],"golds":[{"posx":2,"posy":1,"amount":250},{"posx":6,"posy":1,"amount":150},{"posx":8,"posy":1,"amount":100},{"posx":5,"posy":3,"amount":650},{"posx":1,"posy":4,"amount":750},{"posx":4,"posy":4,"amount":400},{"posx":7,"posy":4,"amount":200},{"posx":8,"posy":4,"amount":300},{"posx":9,"posy":4,"amount":200},{"posx":16,"posy":4,"amount":500},{"posx":6,"posy":5,"amount":650},{"posx":12,"posy":5,"amount":250},{"posx":16,"posy":7,"amount":100}],"changedObstacles":[]},{"players":[{"playerId":2410245,"score":1050,"energy":12},{"playerId":2451990,"score":1150,"energy":6},{"playerId":2234905,"score":0,"energy":39},{"playerId":2241999,"score":1100,"energy":26}],"golds":[{"posx":2,"posy":1,"amount":250},{"posx":6,"posy":1,"amount":150},{"posx":8,"posy":1,"amount":50},{"posx":5,"posy":3,"amount":650},{"posx":1,"posy":4,"amount":750},{"posx":4,"posy":4,"amount":400},{"posx":7,"posy":4,"amount":200},{"posx":8,"posy":4,"amount":300},{"posx":9,"posy":4,"amount":150},{"posx":16,"posy":4,"amount":500},{"posx":6,"posy":5,"amount":650},{"posx":12,"posy":5,"amount":250},{"posx":16,"posy":7,"amount":100}],"changedObstacles":[]},{"players":[{"playerId":2410245,"score":1050,"energy":7},{"playerId":2451990,"score":1200,"energy":1},{"playerId":2234905,"score":0,"energy":50},{"playerId":2241999,"score":1150,"energy":21}],"golds":[{"posx":2,"posy":1,"amount":250},{"posx":6,"posy":1,"amount":150},{"posx":5,"posy":3,"amount":650},{"posx":1,"posy":4,"amount":750},{"posx":4,"posy":4,"amount":400},{"posx":7,"posy":4,"amount":200},{"posx":8,"posy":4,"amount":300},{"posx":9,"posy":4,"amount":100},{"posx":16,"posy":4,"amount":500},{"posx":6,"posy":5,"amount":650},{"posx":12,"posy":5,"amount":250},{"posx":16,"posy":7,"amount":100}],"changedObstacles":[{"type":3,"posx":18,"posy":4,"value":-20},{"type":0,"posx":8,"posy":1,"value":-1}]},{"players":[{"playerId":2410245,"score":1050,"energy":6},{"playerId":2451990,"score":1200,"energy":13},{"playerId":2234905,"score":0,"energy":38},{"playerId":2241999,"score":1200,"energy":16}],"golds":[{"posx":2,"posy":1,"amount":250},{"posx":6,"posy":1,"amount":150},{"posx":5,"posy":3,"amount":650},{"posx":1,"posy":4,"amount":750},{"posx":4,"posy":4,"amount":400},{"posx":7,"posy":4,"amount":200},{"posx":8,"posy":4,"amount":300},{"posx":9,"posy":4,"amount":50},{"posx":16,"posy":4,"amount":500},{"posx":6,"posy":5,"amount":650},{"posx":12,"posy":5,"amount":250},{"posx":16,"posy":7,"amount":100}],"changedObstacles":[]},{"players":[{"playerId":2410245,"score":1050,"energy":2},{"playerId":2451990,"score":1200,"energy":29},{"playerId":2234905,"score":0,"energy":50},{"playerId":2241999,"score":1250,"energy":11}],"golds":[{"posx":2,"posy":1,"amount":250},{"posx":6,"posy":1,"amount":150},{"posx":5,"posy":3,"amount":650},{"posx":1,"posy":4,"amount":750},{"posx":4,"posy":4,"amount":400},{"posx":7,"posy":4,"amount":200},{"posx":8,"posy":4,"amount":300},{"posx":16,"posy":4,"amount":500},{"posx":6,"posy":5,"amount":650},{"posx":12,"posy":5,"amount":250},{"posx":16,"posy":7,"amount":100}],"changedObstacles":[{"type":0,"posx":9,"posy":4,"value":-1}]},{"players":[{"playerId":2410245,"score":1050,"energy":14},{"playerId":2451990,"score":1200,"energy":50},{"playerId":2234905,"score":0,"energy":49},{"playerId":2241999,"score":1250,"energy":7}],"golds":[{"posx":2,"posy":1,"amount":250},{"posx":6,"posy":1,"amount":150},{"posx":5,"posy":3,"amount":650},{"posx":1,"posy":4,"amount":750},{"posx":4,"posy":4,"amount":400},{"posx":7,"posy":4,"amount":200},{"posx":8,"posy":4,"amount":300},{"posx":16,"posy":4,"amount":500},{"posx":6,"posy":5,"amount":650},{"posx":12,"posy":5,"amount":250},{"posx":16,"posy":7,"amount":100}],"changedObstacles":[]},{"players":[{"playerId":2410245,"score":1100,"energy":9},{"playerId":2451990,"score":1200,"energy":49},{"playerId":2234905,"score":0,"energy":48},{"playerId":2241999,"score":1300,"energy":2}],"golds":[{"posx":2,"posy":1,"amount":250},{"posx":6,"posy":1,"amount":150},{"posx":5,"posy":3,"amount":650},{"posx":1,"posy":4,"amount":750},{"posx":4,"posy":4,"amount":400},{"posx":7,"posy":4,"amount":200},{"posx":8,"posy":4,"amount":250},{"posx":16,"posy":4,"amount":450},{"posx":6,"posy":5,"amount":650},{"posx":12,"posy":5,"amount":250},{"posx":16,"posy":7,"amount":100}],"changedObstacles":[]},{"players":[{"playerId":2410245,"score":1150,"energy":4},{"playerId":2451990,"score":1200,"energy":45},{"playerId":2234905,"score":0,"energy":47},{"playerId":2241999,"score":1300,"energy":14}],"golds":[{"posx":2,"posy":1,"amount":250},{"posx":6,"posy":1,"amount":150},{"posx":5,"posy":3,"amount":650},{"posx":1,"posy":4,"amount":750},{"posx":4,"posy":4,"amount":400},{"posx":7,"posy":4,"amount":200},{"posx":8,"posy":4,"amount":250},{"posx":16,"posy":4,"amount":400},{"posx":6,"posy":5,"amount":650},{"posx":12,"posy":5,"amount":250},{"posx":16,"posy":7,"amount":100}],"changedObstacles":[]},{"players":[{"playerId":2410245,"score":1150,"energy":16},{"playerId":2451990,"score":1250,"energy":40},{"playerId":2234905,"score":0,"energy":27},{"playerId":2241999,"score":1350,"energy":9}],"golds":[{"posx":2,"posy":1,"amount":250},{"posx":6,"posy":1,"amount":100},{"posx":5,"posy":3,"amount":650},{"posx":1,"posy":4,"amount":750},{"posx":4,"posy":4,"amount":400},{"posx":7,"posy":4,"amount":200},{"posx":8,"posy":4,"amount":200},{"posx":16,"posy":4,"amount":400},{"posx":6,"posy":5,"amount":650},{"posx":12,"posy":5,"amount":250},{"posx":16,"posy":7,"amount":100}],"changedObstacles":[{"type":3,"posx":20,"posy":6,"value":-40}]},{"players":[{"playerId":2410245,"score":1200,"energy":11},{"playerId":2451990,"score":1300,"energy":35},{"playerId":2234905,"score":0,"energy":26},{"playerId":2241999,"score":1400,"energy":4}],"golds":[{"posx":2,"posy":1,"amount":250},{"posx":6,"posy":1,"amount":50},{"posx":5,"posy":3,"amount":650},{"posx":1,"posy":4,"amount":750},{"posx":4,"posy":4,"amount":400},{"posx":7,"posy":4,"amount":200},{"posx":8,"posy":4,"amount":150},{"posx":16,"posy":4,"amount":350},{"posx":6,"posy":5,"amount":650},{"posx":12,"posy":5,"amount":250},{"posx":16,"posy":7,"amount":100}],"changedObstacles":[]},{"players":[{"playerId":2410245,"score":1250,"energy":6},{"playerId":2451990,"score":1350,"energy":30},{"playerId":2234905,"score":0,"energy":38},{"playerId":2241999,"score":1400,"energy":16}],"golds":[{"posx":2,"posy":1,"amount":250},{"posx":5,"posy":3,"amount":650},{"posx":1,"posy":4,"amount":750},{"posx":4,"posy":4,"amount":400},{"posx":7,"posy":4,"amount":200},{"posx":8,"posy":4,"amount":150},{"posx":16,"posy":4,"amount":300},{"posx":6,"posy":5,"amount":650},{"posx":12,"posy":5,"amount":250},{"posx":16,"posy":7,"amount":100}],"changedObstacles":[{"type":0,"posx":6,"posy":1,"value":-1}]},{"players":[{"playerId":2410245,"score":1300,"energy":1},{"playerId":2451990,"score":1350,"energy":29},{"playerId":2234905,"score":0,"energy":37},{"playerId":2241999,"score":1450,"energy":11}],"golds":[{"posx":2,"posy":1,"amount":250},{"posx":5,"posy":3,"amount":650},{"posx":1,"posy":4,"amount":750},{"posx":4,"posy":4,"amount":400},{"posx":7,"posy":4,"amount":200},{"posx":8,"posy":4,"amount":100},{"posx":16,"posy":4,"amount":250},{"posx":6,"posy":5,"amount":650},{"posx":12,"posy":5,"amount":250},{"posx":16,"posy":7,"amount":100}],"changedObstacles":[]},{"players":[{"playerId":2410245,"score":1300,"energy":13},{"playerId":2451990,"score":1350,"energy":28},{"playerId":2234905,"score":0,"energy":17},{"playerId":2241999,"score":1500,"energy":6}],"golds":[{"posx":2,"posy":1,"amount":250},{"posx":5,"posy":3,"amount":650},{"posx":1,"posy":4,"amount":750},{"posx":4,"posy":4,"amount":400},{"posx":7,"posy":4,"amount":200},{"posx":8,"posy":4,"amount":50},{"posx":16,"posy":4,"amount":250},{"posx":6,"posy":5,"amount":650},{"posx":12,"posy":5,"amount":250},{"posx":16,"posy":7,"amount":100}],"changedObstacles":[{"type":3,"posx":19,"posy":8,"value":-40}]},{"players":[{"playerId":2410245,"score":1350,"energy":8},{"playerId":2451990,"score":1350,"energy":24},{"playerId":2234905,"score":0,"energy":16},{"playerId":2241999,"score":1550,"energy":1}],"golds":[{"posx":2,"posy":1,"amount":250},{"posx":5,"posy":3,"amount":650},{"posx":1,"posy":4,"amount":750},{"posx":4,"posy":4,"amount":400},{"posx":7,"posy":4,"amount":200},{"posx":16,"posy":4,"amount":200},{"posx":6,"posy":5,"amount":650},{"posx":12,"posy":5,"amount":250},{"posx":16,"posy":7,"amount":100}],"changedObstacles":[{"type":0,"posx":8,"posy":4,"value":-1}]},{"players":[{"playerId":2410245,"score":1400,"energy":3},{"playerId":2451990,"score":1400,"energy":19},{"playerId":2234905,"score":0,"energy":15},{"playerId":2241999,"score":1550,"energy":13}],"golds":[{"posx":2,"posy":1,"amount":250},{"posx":5,"posy":3,"amount":600},{"posx":1,"posy":4,"amount":750},{"posx":4,"posy":4,"amount":400},{"posx":7,"posy":4,"amount":200},{"posx":16,"posy":4,"amount":150},{"posx":6,"posy":5,"amount":650},{"posx":12,"posy":5,"amount":250},{"posx":16,"posy":7,"amount":100}],"changedObstacles":[]},{"players":[{"playerId":2410245,"score":1400,"energy":15},{"playerId":2451990,"score":1450,"energy":14},{"playerId":2234905,"score":0,"energy":27},{"playerId":2241999,"score":1550,"energy":29}],"golds":[{"posx":2,"posy":1,"amount":250},{"posx":5,"posy":3,"amount":550},{"posx":1,"posy":4,"amount":750},{"posx":4,"posy":4,"amount":400},{"posx":7,"posy":4,"amount":200},{"posx":16,"posy":4,"amount":150},{"posx":6,"posy":5,"amount":650},{"posx":12,"posy":5,"amount":250},{"posx":16,"posy":7,"amount":100}],"changedObstacles":[]},{"players":[{"playerId":2410245,"score":1450,"energy":10},{"playerId":2451990,"score":1500,"energy":9},{"playerId":2234905,"score":0,"energy":22},{"playerId":2241999,"score":1550,"energy":50}],"golds":[{"posx":2,"posy":1,"amount":250},{"posx":5,"posy":3,"amount":500},{"posx":1,"posy":4,"amount":750},{"posx":4,"posy":4,"amount":400},{"posx":7,"posy":4,"amount":200},{"posx":16,"posy":4,"amount":100},{"posx":6,"posy":5,"amount":650},{"posx":12,"posy":5,"amount":250},{"posx":16,"posy":7,"amount":100}],"changedObstacles":[{"type":3,"posx":19,"posy":7,"value":-20}]},{"players":[{"playerId":2410245,"score":1500,"energy":5},{"playerId":2451990,"score":1550,"energy":4},{"playerId":2234905,"score":0,"energy":21},{"playerId":2241999,"score":1550,"energy":46}],"golds":[{"posx":2,"posy":1,"amount":250},{"posx":5,"posy":3,"amount":450},{"posx":1,"posy":4,"amount":750},{"posx":4,"posy":4,"amount":400},{"posx":7,"posy":4,"amount":200},{"posx":16,"posy":4,"amount":50},{"posx":6,"posy":5,"amount":650},{"posx":12,"posy":5,"amount":250},{"posx":16,"posy":7,"amount":100}],"changedObstacles":[]},{"players":[{"playerId":2410245,"score":1500,"energy":17},{"playerId":2451990,"score":1550,"energy":16},{"playerId":2234905,"score":0,"energy":20},{"playerId":2241999,"score":1600,"energy":41}],"golds":[{"posx":2,"posy":1,"amount":250},{"posx":5,"posy":3,"amount":450},{"posx":1,"posy":4,"amount":750},{"posx":4,"posy":4,"amount":400},{"posx":7,"posy":4,"amount":150},{"posx":16,"posy":4,"amount":50},{"posx":6,"posy":5,"amount":650},{"posx":12,"posy":5,"amount":250},{"posx":16,"posy":7,"amount":100}],"changedObstacles":[]},{"players":[{"playerId":2410245,"score":1550,"energy":12},{"playerId":2451990,"score":1550,"energy":32},{"playerId":2234905,"score":0,"energy":32},{"playerId":2241999,"score":1650,"energy":36}],"golds":[{"posx":2,"posy":1,"amount":250},{"posx":5,"posy":3,"amount":450},{"posx":1,"posy":4,"amount":750},{"posx":4,"posy":4,"amount":400},{"posx":7,"posy":4,"amount":100},{"posx":6,"posy":5,"amount":650},{"posx":12,"posy":5,"amount":250},{"posx":16,"posy":7,"amount":100}],"changedObstacles":[{"type":0,"posx":16,"posy":4,"value":-1}]},{"players":[{"playerId":2410245,"score":1550,"energy":24},{"playerId":2451990,"score":1550,"energy":50},{"playerId":2234905,"score":0,"energy":31},{"playerId":2241999,"score":1700,"energy":31}],"golds":[{"posx":2,"posy":1,"amount":250},{"posx":5,"posy":3,"amount":450},{"posx":1,"posy":4,"amount":750},{"posx":4,"posy":4,"amount":400},{"posx":7,"posy":4,"amount":50},{"posx":6,"posy":5,"amount":650},{"posx":12,"posy":5,"amount":250},{"posx":16,"posy":7,"amount":100}],"changedObstacles":[]},{"players":[{"playerId":2410245,"score":1550,"energy":4},{"playerId":2451990,"score":1600,"energy":45},{"playerId":2234905,"score":0,"energy":11},{"playerId":2241999,"score":1750,"energy":26}],"golds":[{"posx":2,"posy":1,"amount":250},{"posx":5,"posy":3,"amount":400},{"posx":1,"posy":4,"amount":750},{"posx":4,"posy":4,"amount":400},{"posx":6,"posy":5,"amount":650},{"posx":12,"posy":5,"amount":250},{"posx":16,"posy":7,"amount":100}],"changedObstacles":[{"type":3,"posx":19,"posy":7,"value":-40},{"type":0,"posx":7,"posy":4,"value":-1}]},{"players":[{"playerId":2410245,"score":1550,"energy":16},{"playerId":2451990,"score":1650,"energy":40},{"playerId":2234905,"score":0,"energy":10},{"playerId":2241999,"score":1750,"energy":16}],"golds":[{"posx":2,"posy":1,"amount":250},{"posx":5,"posy":3,"amount":350},{"posx":1,"posy":4,"amount":750},{"posx":4,"posy":4,"amount":400},{"posx":6,"posy":5,"amount":650},{"posx":12,"posy":5,"amount":250},{"posx":16,"posy":7,"amount":100}],"changedObstacles":[{"type":0,"posx":7,"posy":5,"value":-1}]},{"players":[{"playerId":2410245,"score":1550,"energy":15},{"playerId":2451990,"score":1700,"energy":35},{"playerId":2234905,"score":0,"energy":22},{"playerId":2241999,"score":1750,"energy":12}],"golds":[{"posx":2,"posy":1,"amount":250},{"posx":5,"posy":3,"amount":300},{"posx":1,"posy":4,"amount":750},{"posx":4,"posy":4,"amount":400},{"posx":6,"posy":5,"amount":650},{"posx":12,"posy":5,"amount":250},{"posx":16,"posy":7,"amount":100}],"changedObstacles":[]},{"players":[{"playerId":2410245,"score":1550,"energy":5},{"playerId":2451990,"score":1750,"energy":30},{"playerId":2234905,"score":0,"energy":38},{"playerId":2241999,"score":1800,"energy":7}],"golds":[{"posx":2,"posy":1,"amount":250},{"posx":5,"posy":3,"amount":250},{"posx":1,"posy":4,"amount":750},{"posx":4,"posy":4,"amount":400},{"posx":6,"posy":5,"amount":600},{"posx":12,"posy":5,"amount":250},{"posx":16,"posy":7,"amount":100}],"changedObstacles":[{"type":0,"posx":13,"posy":4,"value":-1}]},{"players":[{"playerId":2410245,"score":1550,"energy":4},{"playerId":2451990,"score":1800,"energy":25},{"playerId":2234905,"score":0,"energy":37},{"playerId":2241999,"score":1850,"energy":2}],"golds":[{"posx":2,"posy":1,"amount":250},{"posx":5,"posy":3,"amount":200},{"posx":1,"posy":4,"amount":750},{"posx":4,"posy":4,"amount":400},{"posx":6,"posy":5,"amount":550},{"posx":12,"posy":5,"amount":250},{"posx":16,"posy":7,"amount":100}],"changedObstacles":[]},{"players":[{"playerId":2410245,"score":1550,"energy":16},{"playerId":2451990,"score":1850,"energy":20},{"playerId":2234905,"score":0,"energy":36},{"playerId":2241999,"score":1850,"energy":14}],"golds":[{"posx":2,"posy":1,"amount":250},{"posx":5,"posy":3,"amount":150},{"posx":1,"posy":4,"amount":750},{"posx":4,"posy":4,"amount":400},{"posx":6,"posy":5,"amount":550},{"posx":12,"posy":5,"amount":250},{"posx":16,"posy":7,"amount":100}],"changedObstacles":[]},{"players":[{"playerId":2410245,"score":1550,"energy":12},{"playerId":2451990,"score":1900,"energy":15},{"playerId":2234905,"score":0,"energy":35},{"playerId":2241999,"score":1900,"energy":9}],"golds":[{"posx":2,"posy":1,"amount":250},{"posx":5,"posy":3,"amount":100},{"posx":1,"posy":4,"amount":750},{"posx":4,"posy":4,"amount":400},{"posx":6,"posy":5,"amount":500},{"posx":12,"posy":5,"amount":250},{"posx":16,"posy":7,"amount":100}],"changedObstacles":[]},{"players":[{"playerId":2410245,"score":1600,"energy":7},{"playerId":2451990,"score":1950,"energy":10},{"playerId":2234905,"score":0,"energy":34},{"playerId":2241999,"score":1950,"energy":4}],"golds":[{"posx":2,"posy":1,"amount":250},{"posx":5,"posy":3,"amount":50},{"posx":1,"posy":4,"amount":750},{"posx":4,"posy":4,"amount":400},{"posx":6,"posy":5,"amount":450},{"posx":12,"posy":5,"amount":200},{"posx":16,"posy":7,"amount":100}],"changedObstacles":[]},{"players":[{"playerId":2410245,"score":1650,"energy":2},{"playerId":2451990,"score":2000,"energy":5},{"playerId":2234905,"score":0,"energy":33},{"playerId":2241999,"score":1950,"energy":16}],"golds":[{"posx":2,"posy":1,"amount":250},{"posx":1,"posy":4,"amount":750},{"posx":4,"posy":4,"amount":400},{"posx":6,"posy":5,"amount":450},{"posx":12,"posy":5,"amount":150},{"posx":16,"posy":7,"amount":100}],"changedObstacles":[{"type":0,"posx":5,"posy":3,"value":-1}]},{"players":[{"playerId":2410245,"score":1650,"energy":14},{"playerId":2451990,"score":2000,"energy":17},{"playerId":2234905,"score":0,"energy":32},{"playerId":2241999,"score":2000,"energy":11}],"golds":[{"posx":2,"posy":1,"amount":250},{"posx":1,"posy":4,"amount":750},{"posx":4,"posy":4,"amount":400},{"posx":6,"posy":5,"amount":400},{"posx":12,"posy":5,"amount":150},{"posx":16,"posy":7,"amount":100}],"changedObstacles":[]},{"players":[{"playerId":2410245,"score":1700,"energy":9},{"playerId":2451990,"score":2000,"energy":33},{"playerId":2234905,"score":0,"energy":31},{"playerId":2241999,"score":2050,"energy":6}],"golds":[{"posx":2,"posy":1,"amount":250},{"posx":1,"posy":4,"amount":750},{"posx":4,"posy":4,"amount":400},{"posx":6,"posy":5,"amount":350},{"posx":12,"posy":5,"amount":100},{"posx":16,"posy":7,"amount":100}],"changedObstacles":[]},{"players":[{"playerId":2410245,"score":1750,"energy":4},{"playerId":2451990,"score":2000,"energy":50},{"playerId":2234905,"score":0,"energy":30},{"playerId":2241999,"score":2100,"energy":1}],"golds":[{"posx":2,"posy":1,"amount":250},{"posx":1,"posy":4,"amount":750},{"posx":4,"posy":4,"amount":400},{"posx":6,"posy":5,"amount":300},{"posx":12,"posy":5,"amount":50},{"posx":16,"posy":7,"amount":100}],"changedObstacles":[]},{"players":[{"playerId":2410245,"score":1750,"energy":16},{"playerId":2451990,"score":2000,"energy":45},{"playerId":2234905,"score":0,"energy":29},{"playerId":2241999,"score":2100,"energy":13}],"golds":[{"posx":2,"posy":1,"amount":250},{"posx":1,"posy":4,"amount":750},{"posx":4,"posy":4,"amount":400},{"posx":6,"posy":5,"amount":300},{"posx":12,"posy":5,"amount":50},{"posx":16,"posy":7,"amount":100}],"changedObstacles":[{"type":3,"posx":5,"posy":4,"value":-20}]},{"players":[{"playerId":2410245,"score":1800,"energy":11},{"playerId":2451990,"score":2000,"energy":41},{"playerId":2234905,"score":0,"energy":28},{"playerId":2241999,"score":2150,"energy":8}],"golds":[{"posx":2,"posy":1,"amount":250},{"posx":1,"posy":4,"amount":750},{"posx":4,"posy":4,"amount":400},{"posx":6,"posy":5,"amount":250},{"posx":16,"posy":7,"amount":100}],"changedObstacles":[{"type":0,"posx":12,"posy":5,"value":-1}]},{"players":[{"playerId":2410245,"score":1800,"energy":23},{"playerId":2451990,"score":2050,"energy":36},{"playerId":2234905,"score":0,"energy":27},{"playerId":2241999,"score":2200,"energy":3}],"golds":[{"posx":2,"posy":1,"amount":250},{"posx":1,"posy":4,"amount":750},{"posx":4,"posy":4,"amount":350},{"posx":6,"posy":5,"amount":200},{"posx":16,"posy":7,"amount":100}],"changedObstacles":[]},{"players":[{"playerId":2410245,"score":1800,"energy":8},{"playerId":2451990,"score":2100,"energy":31},{"playerId":2234905,"score":0,"energy":26},{"playerId":2241999,"score":2200,"energy":15}],"golds":[{"posx":2,"posy":1,"amount":250},{"posx":1,"posy":4,"amount":750},{"posx":4,"posy":4,"amount":300},{"posx":6,"posy":5,"amount":200},{"posx":16,"posy":7,"amount":100}],"changedObstacles":[]},{"players":[{"playerId":2410245,"score":1800,"energy":3},{"playerId":2451990,"score":2150,"energy":26},{"playerId":2234905,"score":0,"energy":25},{"playerId":2241999,"score":2250,"energy":10}],"golds":[{"posx":2,"posy":1,"amount":250},{"posx":1,"posy":4,"amount":750},{"posx":4,"posy":4,"amount":250},{"posx":6,"posy":5,"amount":150},{"posx":16,"posy":7,"amount":100}],"changedObstacles":[{"type":3,"posx":10,"posy":5,"value":-20}]},{"players":[{"playerId":2410245,"score":1800,"energy":15},{"playerId":2451990,"score":2200,"energy":21},{"playerId":2234905,"score":0,"energy":24},{"playerId":2241999,"score":2300,"energy":5}],"golds":[{"posx":2,"posy":1,"amount":250},{"posx":1,"posy":4,"amount":750},{"posx":4,"posy":4,"amount":200},{"posx":6,"posy":5,"amount":100},{"posx":16,"posy":7,"amount":100}],"changedObstacles":[]},{"players":[{"playerId":2410245,"score":1800,"energy":10},{"playerId":2451990,"score":2250,"energy":16},{"playerId":2234905,"score":0,"energy":23},{"playerId":2241999,"score":2300,"energy":17}],"golds":[{"posx":2,"posy":1,"amount":250},{"posx":1,"posy":4,"amount":750},{"posx":4,"posy":4,"amount":150},{"posx":6,"posy":5,"amount":100},{"posx":16,"posy":7,"amount":100}],"changedObstacles":[{"type":3,"posx":9,"posy":5,"value":-20}]},{"players":[{"playerId":2410245,"score":1800,"energy":9},{"playerId":2451990,"score":2300,"energy":11},{"playerId":2234905,"score":0,"energy":22},{"playerId":2241999,"score":2350,"energy":12}],"golds":[{"posx":2,"posy":1,"amount":250},{"posx":1,"posy":4,"amount":750},{"posx":4,"posy":4,"amount":100},{"posx":6,"posy":5,"amount":50},{"posx":16,"posy":7,"amount":100}],"changedObstacles":[]},{"players":[{"playerId":2410245,"score":1800,"energy":8},{"playerId":2451990,"score":2350,"energy":6},{"playerId":2234905,"score":0,"energy":21},{"playerId":2241999,"score":2400,"energy":7}],"golds":[{"posx":2,"posy":1,"amount":250},{"posx":1,"posy":4,"amount":750},{"posx":4,"posy":4,"amount":50},{"posx":16,"posy":7,"amount":100}],"changedObstacles":[{"type":0,"posx":6,"posy":5,"value":-1}]},{"players":[{"playerId":2410245,"score":1800,"energy":7},{"playerId":2451990,"score":2400,"energy":1},{"playerId":2234905,"score":0,"energy":20},{"playerId":2241999,"score":2400,"energy":19}],"golds":[{"posx":2,"posy":1,"amount":250},{"posx":1,"posy":4,"amount":750},{"posx":16,"posy":7,"amount":100}],"changedObstacles":[{"type":0,"posx":4,"posy":4,"value":-1}]},{"players":[{"playerId":2410245,"score":1800,"energy":19},{"playerId":2451990,"score":2400,"energy":13},{"playerId":2234905,"score":0,"energy":19},{"playerId":2241999,"score":2400,"energy":9}],"golds":[{"posx":2,"posy":1,"amount":250},{"posx":1,"posy":4,"amount":750},{"posx":16,"posy":7,"amount":100}],"changedObstacles":[{"type":0,"posx":5,"posy":5,"value":-1}]},{"players":[{"playerId":2410245,"score":1800,"energy":18},{"playerId":2451990,"score":2400,"energy":29},{"playerId":2234905,"score":0,"energy":18},{"playerId":2241999,"score":2400,"energy":4}],"golds":[{"posx":2,"posy":1,"amount":250},{"posx":1,"posy":4,"amount":750},{"posx":16,"posy":7,"amount":100}],"changedObstacles":[{"type":3,"posx":4,"posy":5,"value":-20}]},{"players":[{"playerId":2410245,"score":1800,"energy":30},{"playerId":2451990,"score":2400,"energy":18},{"playerId":2234905,"score":0,"energy":17},{"playerId":2241999,"score":2400,"energy":16}],"golds":[{"posx":2,"posy":1,"amount":250},{"posx":1,"posy":4,"amount":750},{"posx":16,"posy":7,"amount":100}],"changedObstacles":[]},{"players":[{"playerId":2410245,"score":1800,"energy":10},{"playerId":2451990,"score":2400,"energy":30},{"playerId":2234905,"score":0,"energy":16},{"playerId":2241999,"score":2400,"energy":11}],"golds":[{"posx":2,"posy":1,"amount":250},{"posx":1,"posy":4,"amount":750},{"posx":16,"posy":7,"amount":100}],"changedObstacles":[{"type":3,"posx":5,"posy":4,"value":-40},{"type":3,"posx":3,"posy":5,"value":-20}]},{"players":[{"playerId":2410245,"score":1800,"energy":9},{"playerId":2451990,"score":2400,"energy":12},{"playerId":2234905,"score":0,"energy":15},{"playerId":2241999,"score":2400,"energy":10}],"golds":[{"posx":2,"posy":1,"amount":250},{"posx":1,"posy":4,"amount":750},{"posx":16,"posy":7,"amount":100}],"changedObstacles":[]},{"players":[{"playerId":2410245,"score":1800,"energy":8},{"playerId":2451990,"score":2400,"energy":8},{"playerId":2234905,"score":0,"energy":14},{"playerId":2241999,"score":2400,"energy":22}],"golds":[{"posx":2,"posy":1,"amount":250},{"posx":1,"posy":4,"amount":750},{"posx":16,"posy":7,"amount":100}],"changedObstacles":[]},{"players":[{"playerId":2410245,"score":1800,"energy":20},{"playerId":2451990,"score":2450,"energy":3},{"playerId":2234905,"score":0,"energy":26},{"playerId":2241999,"score":2400,"energy":4}],"golds":[{"posx":2,"posy":1,"amount":250},{"posx":1,"posy":4,"amount":700},{"posx":16,"posy":7,"amount":100}],"changedObstacles":[]},{"players":[{"playerId":2410245,"score":1800,"energy":10},{"playerId":2451990,"score":2450,"energy":15},{"playerId":2234905,"score":0,"energy":25},{"playerId":2241999,"score":2400,"energy":16}],"golds":[{"posx":2,"posy":1,"amount":250},{"posx":1,"posy":4,"amount":700},{"posx":16,"posy":7,"amount":100}],"changedObstacles":[{"type":0,"posx":4,"posy":2,"value":-1}]},{"players":[{"playerId":2410245,"score":1800,"energy":9},{"playerId":2451990,"score":2450,"energy":31},{"playerId":2234905,"score":0,"energy":24},{"playerId":2241999,"score":2400,"energy":12}],"golds":[{"posx":2,"posy":1,"amount":250},{"posx":1,"posy":4,"amount":700},{"posx":16,"posy":7,"amount":100}],"changedObstacles":[]},{"players":[{"playerId":2410245,"score":1800,"energy":8},{"playerId":2451990,"score":2500,"energy":26},{"playerId":2234905,"score":0,"energy":36},{"playerId":2241999,"score":2450,"energy":7}],"golds":[{"posx":2,"posy":1,"amount":250},{"posx":1,"posy":4,"amount":600},{"posx":16,"posy":7,"amount":100}],"changedObstacles":[]},{"players":[{"playerId":2410245,"score":1800,"energy":4},{"playerId":2451990,"score":2550,"energy":21},{"playerId":2234905,"score":0,"energy":35},{"playerId":2241999,"score":2500,"energy":2}],"golds":[{"posx":2,"posy":1,"amount":250},{"posx":1,"posy":4,"amount":500},{"posx":16,"posy":7,"amount":100}],"changedObstacles":[]},{"players":[{"playerId":2410245,"score":1800,"energy":16},{"playerId":2451990,"score":2600,"energy":16},{"playerId":2234905,"score":0,"energy":34},{"playerId":2241999,"score":2500,"energy":14}],"golds":[{"posx":2,"posy":1,"amount":250},{"posx":1,"posy":4,"amount":450},{"posx":16,"posy":7,"amount":100}],"changedObstacles":[]},{"players":[{"playerId":2410245,"score":1850,"energy":11},{"playerId":2451990,"score":2650,"energy":11},{"playerId":2234905,"score":0,"energy":33},{"playerId":2241999,"score":2550,"energy":9}],"golds":[{"posx":2,"posy":1,"amount":200},{"posx":1,"posy":4,"amount":350},{"posx":16,"posy":7,"amount":100}],"changedObstacles":[]},{"players":[{"playerId":2410245,"score":1900,"energy":6},{"playerId":2451990,"score":2700,"energy":6},{"playerId":2234905,"score":0,"energy":32},{"playerId":2241999,"score":2600,"energy":4}],"golds":[{"posx":2,"posy":1,"amount":150},{"posx":1,"posy":4,"amount":250},{"posx":16,"posy":7,"amount":100}],"changedObstacles":[]},{"players":[{"playerId":2410245,"score":1950,"energy":1},{"playerId":2451990,"score":2750,"energy":1},{"playerId":2234905,"score":0,"energy":31},{"playerId":2241999,"score":2600,"energy":16}],"golds":[{"posx":2,"posy":1,"amount":100},{"posx":1,"posy":4,"amount":200},{"posx":16,"posy":7,"amount":100}],"changedObstacles":[]},{"players":[{"playerId":2410245,"score":1950,"energy":13},{"playerId":2451990,"score":2750,"energy":13},{"playerId":2234905,"score":0,"energy":30},{"playerId":2241999,"score":2650,"energy":11}],"golds":[{"posx":2,"posy":1,"amount":100},{"posx":1,"posy":4,"amount":150},{"posx":16,"posy":7,"amount":100}],"changedObstacles":[]}]