[{"players":[{"playerId":2451990,"score":0,"energy":49},{"playerId":206247,"score":0,"energy":49},{"playerId":137845,"score":0,"energy":50},{"playerId":2234905,"score":0,"energy":45}],"golds":[{"posx":4,"posy":4,"amount":400},{"posx":13,"posy":3,"amount":550},{"posx":8,"posy":1,"amount":250},{"posx":16,"posy":7,"amount":100},{"posx":7,"posy":4,"amount":200},{"posx":16,"posy":4,"amount":500},{"posx":9,"posy":4,"amount":250},{"posx":20,"posy":1,"amount":150},{"posx":1,"posy":4,"amount":750},{"posx":8,"posy":4,"amount":300},{"posx":2,"posy":1,"amount":250},{"posx":12,"posy":5,"amount":250},{"posx":19,"posy":6,"amount":300},{"posx":6,"posy":1,"amount":150},{"posx":19,"posy":5,"amount":600},{"posx":5,"posy":3,"amount":650},{"posx":11,"posy":3,"amount":450},{"posx":10,"posy":2,"amount":650},{"posx":11,"posy":2,"amount":300},{"posx":6,"posy":5,"amount":650}],"changedObstacles":[]},{"players":[{"playerId":2451990,"score":0,"energy":39},{"playerId":206247,"score":0,"energy":44},{"playerId":137845,"score":0,"energy":49},{"playerId":2234905,"score":0,"energy":35}],"golds":[{"posx":4,"posy":4,"amount":400},{"posx":13,"posy":3,"amount":550},{"posx":8,"posy":1,"amount":250},{"posx":16,"posy":7,"amount":100},{"posx":7,"posy":4,"amount":200},{"posx":16,"posy":4,"amount":500},{"posx":9,"posy":4,"amount":250},{"posx":20,"posy":1,"amount":150},{"posx":1,"posy":4,"amount":750},{"posx":8,"posy":4,"amount":300},{"posx":2,"posy":1,"amount":250},{"posx":12,"posy":5,"amount":250},{"posx":19,"posy":6,"amount":300},{"posx":6,"posy":1,"amount":150},{"posx":19,"posy":5,"amount":600},{"posx":5,"posy":3,"amount":650},{"posx":11,"posy":3,"amount":450},{"posx":10,"posy":2,"amount":650},{"posx":11,"posy":2,"amount":300},{"posx":6,"posy":5,"amount":650}],"changedObstacles":[{"type":3,"posx":16,"posy":2,"value":-20},{"type":0,"posx":15,"posy":1,"value":-1},{"type":0,"posx":17,"posy":3,"value":-1}]},{"players":[{"playerId":2451990,"score":0,"energy":38},{"playerId":206247,"score":0,"energy":34},{"playerId":137845,"score":0,"energy":48},{"playerId":2234905,"score":0,"energy":34}],"golds":[{"posx":4,"posy":4,"amount":400},{"posx":13,"posy":3,"amount":550},{"posx":8,"posy":1,"amount":250},{"posx":16,"posy":7,"amount":100},{"posx":7,"posy":4,"amount":200},{"posx":16,"posy":4,"amount":500},{"posx":9,"posy":4,"amount":250},{"posx":20,"posy":1,"amount":150},{"posx":1,"posy":4,"amount":750},{"posx":8,"posy":4,"amount":300},{"posx":2,"posy":1,"amount":250},{"posx":12,"posy":5,"amount":250},{"posx":19,"posy":6,"amount":300},{"posx":6,"posy":1,"amount":150},{"posx":19,"posy":5,"amount":600},{"posx":5,"posy":3,"amount":650},{"posx":11,"posy":3,"amount":450},{"posx":10,"posy":2,"amount":650},{"posx":11,"posy":2,"amount":300},{"posx":6,"posy":5,"amount":650}],"changedObstacles":[{"type":0,"posx":15,"posy":2,"value":-1}]},{"players":[{"playerId":2451990,"score":0,"energy":37},{"playerId":206247,"score":0,"energy":33},{"playerId":137845,"score":0,"energy":47},{"playerId":2234905,"score":0,"energy":25}],"golds":[{"posx":4,"posy":4,"amount":400},{"posx":13,"posy":3,"amount":550},{"posx":8,"posy":1,"amount":250},{"posx":16,"posy":7,"amount":100},{"posx":7,"posy":4,"amount":200},{"posx":16,"posy":4,"amount":500},{"posx":9,"posy":4,"amount":250},{"posx":20,"posy":1,"amount":150},{"posx":1,"posy":4,"amount":750},{"posx":8,"posy":4,"amount":300},{"posx":2,"posy":1,"amount":250},{"posx":12,"posy":5,"amount":250},{"posx":19,"posy":6,"amount":300},{"posx":6,"posy":1,"amount":150},{"posx":19,"posy":5,"amount":600},{"posx":5,"posy":3,"amount":650},{"posx":11,"posy":3,"amount":450},{"posx":10,"posy":2,"amount":650},{"posx":11,"posy":2,"amount":300},{"posx":6,"posy":5,"amount":650}],"changedObstacles":[]},{"players":[{"playerId":2451990,"score":0,"energy":28},{"playerId":206247,"score":0,"energy":28},{"playerId":137845,"score":0,"energy":46},{"playerId":2234905,"score":0,"energy":24}],"golds":[{"posx":4,"posy":4,"amount":400},{"posx":13,"posy":3,"amount":550},{"posx":8,"posy":1,"amount":250},{"posx":16,"posy":7,"amount":100},{"posx":7,"posy":4,"amount":200},{"posx":16,"posy":4,"amount":500},{"posx":9,"posy":4,"amount":250},{"posx":20,"posy":1,"amount":150},{"posx":1,"posy":4,"amount":750},{"posx":8,"posy":4,"amount":300},{"posx":2,"posy":1,"amount":250},{"posx":12,"posy":5,"amount":250},{"posx":19,"posy":6,"amount":300},{"posx":6,"posy":1,"amount":150},{"posx":19,"posy":5,"amount":600},{"posx":5,"posy":3,"amount":650},{"posx":11,"posy":3,"amount":450},{"posx":10,"posy":2,"amount":650},{"posx":11,"posy":2,"amount":300},{"posx":6,"posy":5,"amount":650}],"changedObstacles":[{"type":3,"posx":14,"posy":3,"value":-20}]},{"players":[{"playerId":2451990,"score":0,"energy":27},{"playerId":206247,"score":0,"energy":24},{"playerId":137845,"score":0,"energy":28},{"playerId":2234905,"score":0,"energy":23}],"golds":[{"posx":4,"posy":4,"amount":400},{"posx":13,"posy":3,"amount":550},{"posx":8,"posy":1,"amount":250},{"posx":16,"posy":7,"amount":100},{"posx":7,"posy":4,"amount":200},{"posx":16,"posy":4,"amount":500},{"posx":9,"posy":4,"amount":250},{"posx":20,"posy":1,"amount":150},{"posx":1,"posy":4,"amount":750},{"posx":8,"posy":4,"amount":300},{"posx":2,"posy":1,"amount":250},{"posx":12,"posy":5,"amount":250},{"posx":19,"posy":6,"amount":300},{"posx":6,"posy":1,"amount":150},{"posx":19,"posy":5,"amount":600},{"posx":5,"posy":3,"amount":650},{"posx":11,"posy":3,"amount":450},{"posx":10,"posy":2,"amount":650},{"posx":11,"posy":2,"amount":300},{"posx":6,"posy":5,"amount":650}],"changedObstacles":[]},{"players":[{"playerId":2451990,"score":0,"energy":23},{"playerId":206247,"score":0,"energy":23},{"playerId":137845,"score":0,"energy":27},{"playerId":2234905,"score":0,"energy":35}],"golds":[{"posx":4,"posy":4,"amount":400},{"posx":13,"posy":3,"amount":550},{"posx":8,"posy":1,"amount":250},{"posx":16,"posy":7,"amount":100},{"posx":7,"posy":4,"amount":200},{"posx":16,"posy":4,"amount":500},{"posx":9,"posy":4,"amount":250},{"posx":20,"posy":1,"amount":150},{"posx":1,"posy":4,"amount":750},{"posx":8,"posy":4,"amount":300},{"posx":2,"posy":1,"amount":250},{"posx":12,"posy":5,"amount":250},{"posx":19,"posy":6,"amount":300},{"posx":6,"posy":1,"amount":150},{"posx":19,"posy":5,"amount":600},{"posx":5,"posy":3,"amount":650},{"posx":11,"posy":3,"amount":450},{"posx":10,"posy":2,"amount":650},{"posx":11,"posy":2,"amount":300},{"posx":6,"posy":5,"amount":650}],"changedObstacles":[]},{"players":[{"playerId":2451990,"score":50,"energy":18},{"playerId":206247,"score":0,"energy":19},{"playerId":137845,"score":0,"energy":23},{"playerId":2234905,"score":0,"energy":34}],"golds":[{"posx":2,"posy":1,"amount":250},{"posx":6,"posy":1,"amount":150},{"posx":8,"posy":1,"amount":250},{"posx":20,"posy":1,"amount":150},{"posx":10,"posy":2,"amount":650},{"posx":11,"posy":2,"amount":250},{"posx":5,"posy":3,"amount":650},{"posx":11,"posy":3,"amount":450},{"posx":13,"posy":3,"amount":550},{"posx":1,"posy":4,"amount":750},{"posx":4,"posy":4,"amount":400},{"posx":7,"posy":4,"amount":200},{"posx":8,"posy":4,"amount":300},{"posx":9,"posy":4,"amount":250},{"posx":16,"posy":4,"amount":500},{"posx":6,"posy":5,"amount":650},{"posx":12,"posy":5,"amount":250},{"posx":19,"posy":5,"amount":600},{"posx":19,"posy":6,"amount":300},{"posx":16,"posy":7,"amount":100}],"changedObstacles":[]},{"players":[{"playerId":2451990,"score":50,"energy":14},{"playerId":206247,"score":50,"energy":14},{"playerId":137845,"score":50,"energy":18},{"playerId":2234905,"score":0,"energy":16}],"golds":[{"posx":2,"posy":1,"amount":250},{"posx":6,"posy":1,"amount":150},{"posx":8,"posy":1,"amount":250},{"posx":20,"posy":1,"amount":150},{"posx":10,"posy":2,"amount":650},{"posx":11,"posy":2,"amount":200},{"posx":5,"posy":3,"amount":650},{"posx":11,"posy":3,"amount":400},{"posx":13,"posy":3,"amount":550},{"posx":1,"posy":4,"amount":750},{"posx":4,"posy":4,"amount":400},{"posx":7,"posy":4,"amount":200},{"posx":8,"posy":4,"amount":300},{"posx":9,"posy":4,"amount":250},{"posx":16,"posy":4,"amount":500},{"posx":6,"posy":5,"amount":650},{"posx":12,"posy":5,"amount":250},{"posx":19,"posy":5,"amount":600},{"posx":19,"posy":6,"amount":300},{"posx":16,"posy":7,"amount":100}],"changedObstacles":[]},{"players":[{"playerId":2451990,"score":100,"energy":9},{"playerId":206247,"score":100,"energy":9},{"playerId":137845,"score":100,"energy":13},{"playerId":2234905,"score":0,"energy":11}],"golds":[{"posx":2,"posy":1,"amount":250},{"posx":6,"posy":1,"amount":150},{"posx":8,"posy":1,"amount":250},{"posx":20,"posy":1,"amount":150},{"posx":10,"posy":2,"amount":600},{"posx":11,"posy":2,"amount":150},{"posx":5,"posy":3,"amount":650},{"posx":11,"posy":3,"amount":350},{"posx":13,"posy":3,"amount":550},{"posx":1,"posy":4,"amount":750},{"posx":4,"posy":4,"amount":400},{"posx":7,"posy":4,"amount":200},{"posx":8,"posy":4,"amount":300},{"posx":9,"posy":4,"amount":250},{"posx":16,"posy":4,"amount":500},{"posx":6,"posy":5,"amount":650},{"posx":12,"posy":5,"amount":250},{"posx":19,"posy":5,"amount":600},{"posx":19,"posy":6,"amount":300},{"posx":16,"posy":7,"amount":100}],"changedObstacles":[{"type":3,"posx":19,"posy":8,"value":-20}]},{"players":[{"playerId":2451990,"score":150,"energy":4},{"playerId":206247,"score":150,"energy":4},{"playerId":137845,"score":150,"energy":8},{"playerId":2234905,"score":0,"energy":10}],"golds":[{"posx":2,"posy":1,"amount":250},{"posx":6,"posy":1,"amount":150},{"posx":8,"posy":1,"amount":250},{"posx":20,"posy":1,"amount":150},{"posx":10,"posy":2,"amount":550},{"posx":11,"posy":2,"amount":100},{"posx":5,"posy":3,"amount":650},{"posx":11,"posy":3,"amount":300},{"posx":13,"posy":3,"amount":550},{"posx":1,"posy":4,"amount":750},{"posx":4,"posy":4,"amount":400},{"posx":7,"posy":4,"amount":200},{"posx":8,"posy":4,"amount":300},{"posx":9,"posy":4,"amount":250},{"posx":16,"posy":4,"amount":500},{"posx":6,"posy":5,"amount":650},{"posx":12,"posy":5,"amount":250},{"posx":19,"posy":5,"amount":600},{"posx":19,"posy":6,"amount":300},{"posx":16,"posy":7,"amount":100}],"changedObstacles":[]},{"players":[{"playerId":2451990,"score":150,"energy":16},{"playerId":206247,"score":150,"energy":16},{"playerId":137845,"score":200,"energy":3},{"playerId":2234905,"score":0,"energy":22}],"golds":[{"posx":2,"posy":1,"amount":250},{"posx":6,"posy":1,"amount":150},{"posx":8,"posy":1,"amount":250},{"posx":20,"posy":1,"amount":150},{"posx":10,"posy":2,"amount":550},{"posx":11,"posy":2,"amount":50},{"posx":5,"posy":3,"amount":650},{"posx":11,"posy":3,"amount":300},{"posx":13,"posy":3,"amount":550},{"posx":1,"posy":4,"amount":750},{"posx":4,"posy":4,"amount":400},{"posx":7,"posy":4,"amount":200},{"posx":8,"posy":4,"amount":300},{"posx":9,"posy":4,"amount":250},{"posx":16,"posy":4,"amount":500},{"posx":6,"posy":5,"amount":650},{"posx":12,"posy":5,"amount":250},{"posx":19,"posy":5,"amount":600},{"posx":19,"posy":6,"amount":300},{"posx":16,"posy":7,"amount":100}],"changedObstacles":[]},{"players":[{"playerId":2451990,"score":150,"energy":32},{"playerId":206247,"score":150,"energy":32},{"playerId":137845,"score":200,"energy":15},{"playerId":2234905,"score":0,"energy":38}],"golds":[{"posx":2,"posy":1,"amount":250},{"posx":6,"posy":1,"amount":150},{"posx":8,"posy":1,"amount":250},{"posx":20,"posy":1,"amount":150},{"posx":10,"posy":2,"amount":550},{"posx":11,"posy":2,"amount":50},{"posx":5,"posy":3,"amount":650},{"posx":11,"posy":3,"amount":300},{"posx":13,"posy":3,"amount":550},{"posx":1,"posy":4,"amount":750},{"posx":4,"posy":4,"amount":400},{"posx":7,"posy":4,"amount":200},{"posx":8,"posy":4,"amount":300},{"posx":9,"posy":4,"amount":250},{"posx":16,"posy":4,"amount":500},{"posx":6,"posy":5,"amount":650},{"posx":12,"posy":5,"amount":250},{"posx":19,"posy":5,"amount":600},{"posx":19,"posy":6,"amount":300},{"posx":16,"posy":7,"amount":100}],"changedObstacles":[]},{"players":[{"playerId":2451990,"score":150,"energy":50},{"playerId":206247,"score":150,"energy":50},{"playerId":137845,"score":250,"energy":10},{"playerId":2234905,"score":0,"energy":37}],"golds":[{"posx":2,"posy":1,"amount":250},{"posx":6,"posy":1,"amount":150},{"posx":8,"posy":1,"amount":250},{"posx":20,"posy":1,"amount":150},{"posx":10,"posy":2,"amount":550},{"posx":5,"posy":3,"amount":650},{"posx":11,"posy":3,"amount":300},{"posx":13,"posy":3,"amount":550},{"posx":1,"posy":4,"amount":750},{"posx":4,"posy":4,"amount":400},{"posx":7,"posy":4,"amount":200},{"posx":8,"posy":4,"amount":300},{"posx":9,"posy":4,"amount":250},{"posx":16,"posy":4,"amount":500},{"posx":6,"posy":5,"amount":650},{"posx":12,"posy":5,"amount":250},{"posx":19,"posy":5,"amount":600},{"posx":19,"posy":6,"amount":300},{"posx":16,"posy":7,"amount":100}],"changedObstacles":[{"type":0,"posx":11,"posy":2,"value":-1}]},{"players":[{"playerId":2451990,"score":200,"energy":45},{"playerId":206247,"score":200,"energy":45},{"playerId":137845,"score":250,"energy":6},{"playerId":2234905,"score":0,"energy":32}],"golds":[{"posx":2,"posy":1,"amount":250},{"posx":6,"posy":1,"amount":150},{"posx":8,"posy":1,"amount":250},{"posx":20,"posy":1,"amount":150},{"posx":10,"posy":2,"amount":500},{"posx":5,"posy":3,"amount":650},{"posx":11,"posy":3,"amount":250},{"posx":13,"posy":3,"amount":550},{"posx":1,"posy":4,"amount":750},{"posx":4,"posy":4,"amount":400},{"posx":7,"posy":4,"amount":200},{"posx":8,"posy":4,"amount":300},{"posx":9,"posy":4,"amount":250},{"posx":16,"posy":4,"amount":500},{"posx":6,"posy":5,"amount":650},{"posx":12,"posy":5,"amount":250},{"posx":19,"posy":5,"amount":600},{"posx":19,"posy":6,"amount":300},{"posx":16,"posy":7,"amount":100}],"changedObstacles":[{"type":3,"posx":20,"posy":6,"value":-20}]},{"players":[{"playerId":2451990,"score":250,"energy":40},{"playerId":206247,"score":250,"energy":40},{"playerId":137845,"score":300,"energy":1},{"playerId":2234905,"score":0,"energy":31}],"golds":[{"posx":2,"posy":1,"amount":250},{"posx":6,"posy":1,"amount":150},{"posx":8,"posy":1,"amount":250},{"posx":20,"posy":1,"amount":150},{"posx":10,"posy":2,"amount":450},{"posx":5,"posy":3,"amount":650},{"posx":11,"posy":3,"amount":150},{"posx":13,"posy":3,"amount":550},{"posx":1,"posy":4,"amount":750},{"posx":4,"posy":4,"amount":400},{"posx":7,"posy":4,"amount":200},{"posx":8,"posy":4,"amount":300},{"posx":9,"posy":4,"amount":250},{"posx":16,"posy":4,"amount":500},{"posx":6,"posy":5,"amount":650},{"posx":12,"posy":5,"amount":250},{"posx":19,"posy":5,"amount":600},{"posx":19,"posy":6,"amount":300},{"posx":16,"posy":7,"amount":100}],"changedObstacles":[]},{"players":[{"playerId":2451990,"score":300,"energy":35},{"playerId":206247,"score":300,"energy":35},{"playerId":137845,"score":300,"energy":13},{"playerId":2234905,"score":0,"energy":43}],"golds":[{"posx":2,"posy":1,"amount":250},{"posx":6,"posy":1,"amount":150},{"posx":8,"posy":1,"amount":250},{"posx":20,"posy":1,"amount":150},{"posx":10,"posy":2,"amount":400},{"posx":5,"posy":3,"amount":650},{"posx":11,"posy":3,"amount":100},{"posx":13,"posy":3,"amount":550},{"posx":1,"posy":4,"amount":750},{"posx":4,"posy":4,"amount":400},{"posx":7,"posy":4,"amount":200},{"posx":8,"posy":4,"amount":300},{"posx":9,"posy":4,"amount":250},{"posx":16,"posy":4,"amount":500},{"posx":6,"posy":5,"amount":650},{"posx":12,"posy":5,"amount":250},{"posx":19,"posy":5,"amount":600},{"posx":19,"posy":6,"amount":300},{"posx":16,"posy":7,"amount":100}],"changedObstacles":[]},{"players":[{"playerId":2451990,"score":350,"energy":30},{"playerId":206247,"score":350,"energy":30},{"playerId":137845,"score":350,"energy":8},{"playerId":2234905,"score":0,"energy":39}],"golds":[{"posx":2,"posy":1,"amount":250},{"posx":6,"posy":1,"amount":150},{"posx":8,"posy":1,"amount":250},{"posx":20,"posy":1,"amount":150},{"posx":10,"posy":2,"amount":350},{"posx":5,"posy":3,"amount":650},{"posx":13,"posy":3,"amount":550},{"posx":1,"posy":4,"amount":750},{"posx":4,"posy":4,"amount":400},{"posx":7,"posy":4,"amount":200},{"posx":8,"posy":4,"amount":300},{"posx":9,"posy":4,"amount":250},{"posx":16,"posy":4,"amount":500},{"posx":6,"posy":5,"amount":650},{"posx":12,"posy":5,"amount":250},{"posx":19,"posy":5,"amount":600},{"posx":19,"posy":6,"amount":300},{"posx":16,"posy":7,"amount":100}],"changedObstacles":[{"type":0,"posx":11,"posy":3,"value":-1}]},{"players":[{"playerId":2451990,"score":400,"energy":25},{"playerId":206247,"score":350,"energy":29},{"playerId":137845,"score":350,"energy":7},{"playerId":2234905,"score":50,"energy":34}],"golds":[{"posx":2,"posy":1,"amount":250},{"posx":6,"posy":1,"amount":150},{"posx":8,"posy":1,"amount":250},{"posx":20,"posy":1,"amount":150},{"posx":10,"posy":2,"amount":300},{"posx":5,"posy":3,"amount":650},{"posx":13,"posy":3,"amount":550},{"posx":1,"posy":4,"amount":750},{"posx":4,"posy":4,"amount":400},{"posx":7,"posy":4,"amount":200},{"posx":8,"posy":4,"amount":300},{"posx":9,"posy":4,"amount":250},{"posx":16,"posy":4,"amount":500},{"posx":6,"posy":5,"amount":650},{"posx":12,"posy":5,"amount":250},{"posx":19,"posy":5,"amount":550},{"posx":19,"posy":6,"amount":300},{"posx":16,"posy":7,"amount":100}],"changedObstacles":[]},{"players":[{"playerId":2451990,"score":450,"energy":20},{"playerId":206247,"score":350,"energy":25},{"playerId":137845,"score":350,"energy":19},{"playerId":2234905,"score":100,"energy":29}],"golds":[{"posx":2,"posy":1,"amount":250},{"posx":6,"posy":1,"amount":150},{"posx":8,"posy":1,"amount":250},{"posx":20,"posy":1,"amount":150},{"posx":10,"posy":2,"amount":250},{"posx":5,"posy":3,"amount":650},{"posx":13,"posy":3,"amount":550},{"posx":1,"posy":4,"amount":750},{"posx":4,"posy":4,"amount":400},{"posx":7,"posy":4,"amount":200},{"posx":8,"posy":4,"amount":300},{"posx":9,"posy":4,"amount":250},{"posx":16,"posy":4,"amount":500},{"posx":6,"posy":5,"amount":650},{"posx":12,"posy":5,"amount":250},{"posx":19,"posy":5,"amount":500},{"posx":19,"posy":6,"amount":300},{"posx":16,"posy":7,"amount":100}],"changedObstacles":[]},{"players":[{"playerId":2451990,"score":500,"energy":15},{"playerId":206247,"score":400,"energy":20},{"playerId":137845,"score":350,"energy":35},{"playerId":2234905,"score":150,"energy":24}],"golds":[{"posx":2,"posy":1,"amount":250},{"posx":6,"posy":1,"amount":150},{"posx":8,"posy":1,"amount":250},{"posx":20,"posy":1,"amount":150},{"posx":10,"posy":2,"amount":200},{"posx":5,"posy":3,"amount":650},{"posx":13,"posy":3,"amount":500},{"posx":1,"posy":4,"amount":750},{"posx":4,"posy":4,"amount":400},{"posx":7,"posy":4,"amount":200},{"posx":8,"posy":4,"amount":300},{"posx":9,"posy":4,"amount":250},{"posx":16,"posy":4,"amount":500},{"posx":6,"posy":5,"amount":650},{"posx":12,"posy":5,"amount":250},{"posx":19,"posy":5,"amount":450},{"posx":19,"posy":6,"amount":300},{"posx":16,"posy":7,"amount":100}],"changedObstacles":[]},{"players":[{"playerId":2451990,"score":550,"energy":10},{"playerId":206247,"score":450,"energy":15},{"playerId":137845,"score":350,"energy":50},{"playerId":2234905,"score":200,"energy":19}],"golds":[{"posx":2,"posy":1,"amount":250},{"posx":6,"posy":1,"amount":150},{"posx":8,"posy":1,"amount":250},{"posx":20,"posy":1,"amount":150},{"posx":10,"posy":2,"amount":150},{"posx":5,"posy":3,"amount":650},{"posx":13,"posy":3,"amount":450},{"posx":1,"posy":4,"amount":750},{"posx":4,"posy":4,"amount":400},{"posx":7,"posy":4,"amount":200},{"posx":8,"posy":4,"amount":300},{"posx":9,"posy":4,"amount":250},{"posx":16,"posy":4,"amount":500},{"posx":6,"posy":5,"amount":650},{"posx":12,"posy":5,"amount":250},{"posx":19,"posy":5,"amount":400},{"posx":19,"posy":6,"amount":300},{"posx":16,"posy":7,"amount":100}],"changedObstacles":[]},{"players":[{"playerId":2451990,"score":600,"energy":5},{"playerId":206247,"score":500,"energy":10},{"playerId":137845,"score":350,"energy":40},{"playerId":2234905,"score":250,"energy":14}],"golds":[{"posx":2,"posy":1,"amount":250},{"posx":6,"posy":1,"amount":150},{"posx":8,"posy":1,"amount":250},{"posx":20,"posy":1,"amount":150},{"posx":10,"posy":2,"amount":100},{"posx":5,"posy":3,"amount":650},{"posx":13,"posy":3,"amount":400},{"posx":1,"posy":4,"amount":750},{"posx":4,"posy":4,"amount":400},{"posx":7,"posy":4,"amount":200},{"posx":8,"posy":4,"amount":300},{"posx":9,"posy":4,"amount":250},{"posx":16,"posy":4,"amount":500},{"posx":6,"posy":5,"amount":650},{"posx":12,"posy":5,"amount":250},{"posx":19,"posy":5,"amount":350},{"posx":19,"posy":6,"amount":300},{"posx":16,"posy":7,"amount":100}],"changedObstacles":[{"type":0,"posx":10,"posy":4,"value":-1}]},{"players":[{"playerId":2451990,"score":600,"energy":17},{"playerId":206247,"score":550,"energy":5},{"playerId":137845,"score":350,"energy":36},{"playerId":2234905,"score":300,"energy":9}],"golds":[{"posx":2,"posy":1,"amount":250},{"posx":6,"posy":1,"amount":150},{"posx":8,"posy":1,"amount":250},{"posx":20,"posy":1,"amount":150},{"posx":10,"posy":2,"amount":100},{"posx":5,"posy":3,"amount":650},{"posx":13,"posy":3,"amount":350},{"posx":1,"posy":4,"amount":750},{"posx":4,"posy":4,"amount":400},{"posx":7,"posy":4,"amount":200},{"posx":8,"posy":4,"amount":300},{"posx":9,"posy":4,"amount":250},{"posx":16,"posy":4,"amount":500},{"posx":6,"posy":5,"amount":650},{"posx":12,"posy":5,"amount":250},{"posx":19,"posy":5,"amount":300},{"posx":19,"posy":6,"amount":300},{"posx":16,"posy":7,"amount":100}],"changedObstacles":[]},{"players":[{"playerId":2451990,"score":650,"energy":12},{"playerId":206247,"score":550,"energy":17},{"playerId":137845,"score":400,"energy":31},{"playerId":2234905,"score":350,"energy":4}],"golds":[{"posx":2,"posy":1,"amount":250},{"posx":6,"posy":1,"amount":150},{"posx":8,"posy":1,"amount":250},{"posx":20,"posy":1,"amount":150},{"posx":10,"posy":2,"amount":50},{"posx":5,"posy":3,"amount":650},{"posx":13,"posy":3,"amount":350},{"posx":1,"posy":4,"amount":750},{"posx":4,"posy":4,"amount":400},{"posx":7,"posy":4,"amount":200},{"posx":8,"posy":4,"amount":300},{"posx":9,"posy":4,"amount":200},{"posx":16,"posy":4,"amount":500},{"posx":6,"posy":5,"amount":650},{"posx":12,"posy":5,"amount":250},{"posx":19,"posy":5,"amount":250},{"posx":19,"posy":6,"amount":300},{"posx":16,"posy":7,"amount":100}],"changedObstacles":[]},{"players":[{"playerId":2451990,"score":700,"energy":7},{"playerId":206247,"score":550,"energy":33},{"playerId":137845,"score":450,"energy":26},{"playerId":2234905,"score":350,"energy":16}],"golds":[{"posx":2,"posy":1,"amount":250},{"posx":6,"posy":1,"amount":150},{"posx":8,"posy":1,"amount":250},{"posx":20,"posy":1,"amount":150},{"posx":5,"posy":3,"amount":650},{"posx":13,"posy":3,"amount":350},{"posx":1,"posy":4,"amount":750},{"posx":4,"posy":4,"amount":400},{"posx":7,"posy":4,"amount":200},{"posx":8,"posy":4,"amount":300},{"posx":9,"posy":4,"amount":150},{"posx":16,"posy":4,"amount":500},{"posx":6,"posy":5,"amount":650},{"posx":12,"posy":5,"amount":250},{"posx":19,"posy":5,"amount":250},{"posx":19,"posy":6,"amount":300},{"posx":16,"posy":7,"amount":100}],"changedObstacles":[{"type":0,"posx":10,"posy":2,"value":-1}]},{"players":[{"playerId":2451990,"score":700,"energy":19},{"playerId":206247,"score":550,"energy":50},{"playerId":137845,"score":500,"energy":21},{"playerId":2234905,"score":400,"energy":11}],"golds":[{"posx":2,"posy":1,"amount":250},{"posx":6,"posy":1,"amount":150},{"posx":8,"posy":1,"amount":250},{"posx":20,"posy":1,"amount":150},{"posx":5,"posy":3,"amount":650},{"posx":13,"posy":3,"amount":350},{"posx":1,"posy":4,"amount":750},{"posx":4,"posy":4,"amount":400},{"posx":7,"posy":4,"amount":200},{"posx":8,"posy":4,"amount":300},{"posx":9,"posy":4,"amount":100},{"posx":16,"posy":4,"amount":500},{"posx":6,"posy":5,"amount":650},{"posx":12,"posy":5,"amount":250},{"posx":19,"posy":5,"amount":200},{"posx":19,"posy":6,"amount":300},{"posx":16,"posy":7,"amount":100}],"changedObstacles":[]},{"players":[{"playerId":2451990,"score":700,"energy":35},{"playerId":206247,"score":600,"energy":45},{"playerId":137845,"score":550,"energy":16},{"playerId":2234905,"score":450,"energy":6}],"golds":[{"posx":2,"posy":1,"amount":250},{"posx":6,"posy":1,"amount":150},{"posx":8,"posy":1,"amount":250},{"posx":20,"posy":1,"amount":150},{"posx":5,"posy":3,"amount":650},{"posx":13,"posy":3,"amount":300},{"posx":1,"posy":4,"amount":750},{"posx":4,"posy":4,"amount":400},{"posx":7,"posy":4,"amount":200},{"posx":8,"posy":4,"amount":300},{"posx":9,"posy":4,"amount":50},{"posx":16,"posy":4,"amount":500},{"posx":6,"posy":5,"amount":650},{"posx":12,"posy":5,"amount":250},{"posx":19,"posy":5,"amount":150},{"posx":19,"posy":6,"amount":300},{"posx":16,"posy":7,"amount":100}],"changedObstacles":[]},{"players":[{"playerId":2451990,"score":700,"energy":20},{"playerId":206247,"score":650,"energy":40},{"playerId":137845,"score":600,"energy":11},{"playerId":2234905,"score":500,"energy":1}],"golds":[{"posx":2,"posy":1,"amount":250},{"posx":6,"posy":1,"amount":150},{"posx":8,"posy":1,"amount":250},{"posx":20,"posy":1,"amount":150},{"posx":5,"posy":3,"amount":650},{"posx":13,"posy":3,"amount":250},{"posx":1,"posy":4,"amount":750},{"posx":4,"posy":4,"amount":400},{"posx":7,"posy":4,"amount":200},{"posx":8,"posy":4,"amount":300},{"posx":16,"posy":4,"amount":500},{"posx":6,"posy":5,"amount":650},{"posx":12,"posy":5,"amount":250},{"posx":19,"posy":5,"amount":100},{"posx":19,"posy":6,"amount":300},{"posx":16,"posy":7,"amount":100}],"changedObstacles":[{"type":0,"posx":9,"posy":4,"value":-1}]},{"players":[{"playerId":2451990,"score":700,"energy":19},{"playerId":206247,"score":700,"energy":35},{"playerId":137845,"score":600,"energy":7},{"playerId":2234905,"score":500,"energy":13}],"golds":[{"posx":2,"posy":1,"amount":250},{"posx":6,"posy":1,"amount":150},{"posx":8,"posy":1,"amount":250},{"posx":20,"posy":1,"amount":150},{"posx":5,"posy":3,"amount":650},{"posx":13,"posy":3,"amount":200},{"posx":1,"posy":4,"amount":750},{"posx":4,"posy":4,"amount":400},{"posx":7,"posy":4,"amount":200},{"posx":8,"posy":4,"amount":300},{"posx":16,"posy":4,"amount":500},{"posx":6,"posy":5,"amount":650},{"posx":12,"posy":5,"amount":250},{"posx":19,"posy":5,"amount":100},{"posx":19,"posy":6,"amount":300},{"posx":16,"posy":7,"amount":100}],"changedObstacles":[]},{"players":[{"playerId":2451990,"score":700,"energy":15},{"playerId":206247,"score":750,"energy":30},{"playerId":137845,"score":650,"energy":2},{"playerId":2234905,"score":550,"energy":8}],"golds":[{"posx":2,"posy":1,"amount":250},{"posx":6,"posy":1,"amount":150},{"posx":8,"posy":1,"amount":250},{"posx":20,"posy":1,"amount":150},{"posx":5,"posy":3,"amount":650},{"posx":13,"posy":3,"amount":150},{"posx":1,"posy":4,"amount":750},{"posx":4,"posy":4,"amount":400},{"posx":7,"posy":4,"amount":200},{"posx":8,"posy":4,"amount":250},{"posx":16,"posy":4,"amount":500},{"posx":6,"posy":5,"amount":650},{"posx":12,"posy":5,"amount":250},{"posx":19,"posy":5,"amount":50},{"posx":19,"posy":6,"amount":300},{"posx":16,"posy":7,"amount":100}],"changedObstacles":[]},{"players":[{"playerId":2451990,"score":750,"energy":10},{"playerId":206247,"score":800,"energy":25},{"playerId":137845,"score":650,"energy":14},{"playerId":2234905,"score":600,"energy":3}],"golds":[{"posx":2,"posy":1,"amount":250},{"posx":6,"posy":1,"amount":150},{"posx":8,"posy":1,"amount":200},{"posx":20,"posy":1,"amount":150},{"posx":5,"posy":3,"amount":650},{"posx":13,"posy":3,"amount":100},{"posx":1,"posy":4,"amount":750},{"posx":4,"posy":4,"amount":400},{"posx":7,"posy":4,"amount":200},{"posx":8,"posy":4,"amount":250},{"posx":16,"posy":4,"amount":500},{"posx":6,"posy":5,"amount":650},{"posx":12,"posy":5,"amount":250},{"posx":19,"posy":6,"amount":300},{"posx":16,"posy":7,"amount":100}],"changedObstacles":[{"type":0,"posx":19,"posy":5,"value":-1}]},{"players":[{"playerId":2451990,"score":800,"energy":5},{"playerId":206247,"score":850,"energy":20},{"playerId":137845,"score":650,"energy":30},{"playerId":2234905,"score":600,"energy":15}],"golds":[{"posx":2,"posy":1,"amount":250},{"posx":6,"posy":1,"amount":150},{"posx":8,"posy":1,"amount":150},{"posx":20,"posy":1,"amount":150},{"posx":5,"posy":3,"amount":650},{"posx":13,"posy":3,"amount":50},{"posx":1,"posy":4,"amount":750},{"posx":4,"posy":4,"amount":400},{"posx":7,"posy":4,"amount":200},{"posx":8,"posy":4,"amount":250},{"posx":16,"posy":4,"amount":500},{"posx":6,"posy":5,"amount":650},{"posx":12,"posy":5,"amount":250},{"posx":19,"posy":6,"amount":300},{"posx":16,"posy":7,"amount":100}],"changedObstacles":[]},{"players":[{"playerId":2451990,"score":800,"energy":17},{"playerId":206247,"score":900,"energy":15},{"playerId":137845,"score":650,"energy":50},{"playerId":2234905,"score":600,"energy":31}],"golds":[{"posx":2,"posy":1,"amount":250},{"posx":6,"posy":1,"amount":150},{"posx":8,"posy":1,"amount":150},{"posx":20,"posy":1,"amount":150},{"posx":5,"posy":3,"amount":650},{"posx":1,"posy":4,"amount":750},{"posx":4,"posy":4,"amount":400},{"posx":7,"posy":4,"amount":200},{"posx":8,"posy":4,"amount":250},{"posx":16,"posy":4,"amount":500},{"posx":6,"posy":5,"amount":650},{"posx":12,"posy":5,"amount":250},{"posx":19,"posy":6,"amount":300},{"posx":16,"posy":7,"amount":100}],"changedObstacles":[{"type":0,"posx":13,"posy":3,"value":-1}]},{"players":[{"playerId":2451990,"score":850,"energy":12},{"playerId":206247,"score":900,"energy":14},{"playerId":137845,"score":700,"energy":45},{"playerId":2234905,"score":600,"energy":30}],"golds":[{"posx":2,"posy":1,"amount":250},{"posx":6,"posy":1,"amount":150},{"posx":8,"posy":1,"amount":100},{"posx":20,"posy":1,"amount":150},{"posx":5,"posy":3,"amount":650},{"posx":1,"posy":4,"amount":750},{"posx":4,"posy":4,"amount":400},{"posx":7,"posy":4,"amount":200},{"posx":8,"posy":4,"amount":200},{"posx":16,"posy":4,"amount":500},{"posx":6,"posy":5,"amount":650},{"posx":12,"posy":5,"amount":250},{"posx":19,"posy":6,"amount":300},{"posx":16,"posy":7,"amount":100}],"changedObstacles":[]},{"players":[{"playerId":2451990,"score":900,"energy":7},{"playerId":206247,"score":900,"energy":13},{"playerId":137845,"score":750,"energy":40},{"playerId":2234905,"score":600,"energy":42}],"golds":[{"posx":2,"posy":1,"amount":250},{"posx":6,"posy":1,"amount":150},{"posx":8,"posy":1,"amount":50},{"posx":20,"posy":1,"amount":150},{"posx":5,"posy":3,"amount":650},{"posx":1,"posy":4,"amount":750},{"posx":4,"posy":4,"amount":400},{"posx":7,"posy":4,"amount":200},{"posx":8,"posy":4,"amount":150},{"posx":16,"posy":4,"amount":500},{"posx":6,"posy":5,"amount":650},{"posx":12,"posy":5,"amount":250},{"posx":19,"posy":6,"amount":300},{"posx":16,"posy":7,"amount":100}],"changedObstacles":[]},{"players":[{"playerId":2451990,"score":950,"energy":2},{"playerId":206247,"score":900,"energy":9},{"playerId":137845,"score":800,"energy":35},{"playerId":2234905,"score":600,"energy":50}],"golds":[{"posx":2,"posy":1,"amount":250},{"posx":6,"posy":1,"amount":150},{"posx":20,"posy":1,"amount":150},{"posx":5,"posy":3,"amount":650},{"posx":1,"posy":4,"amount":750},{"posx":4,"posy":4,"amount":400},{"posx":7,"posy":4,"amount":200},{"posx":8,"posy":4,"amount":100},{"posx":16,"posy":4,"amount":500},{"posx":6,"posy":5,"amount":650},{"posx":12,"posy":5,"amount":250},{"posx":19,"posy":6,"amount":300},{"posx":16,"posy":7,"amount":100}],"changedObstacles":[{"type":0,"posx":8,"posy":1,"value":-1}]},{"players":[{"playerId":2451990,"score":950,"energy":1},{"playerId":206247,"score":950,"energy":4},{"playerId":137845,"score":850,"energy":30},{"playerId":2234905,"score":600,"energy":50}],"golds":[{"posx":2,"posy":1,"amount":250},{"posx":6,"posy":1,"amount":150},{"posx":20,"posy":1,"amount":150},{"posx":5,"posy":3,"amount":650},{"posx":1,"posy":4,"amount":750},{"posx":4,"posy":4,"amount":400},{"posx":7,"posy":4,"amount":200},{"posx":8,"posy":4,"amount":50},{"posx":16,"posy":4,"amount":500},{"posx":6,"posy":5,"amount":650},{"posx":12,"posy":5,"amount":200},{"posx":19,"posy":6,"amount":300},{"posx":16,"posy":7,"amount":100}],"changedObstacles":[]},{"players":[{"playerId":2451990,"score":950,"energy":13},{"playerId":206247,"score":950,"energy":16},{"playerId":137845,"score":900,"energy":25},{"playerId":2234905,"score":600,"energy":30}],"golds":[{"posx":2,"posy":1,"amount":250},{"posx":6,"posy":1,"amount":150},{"posx":20,"posy":1,"amount":150},{"posx":5,"posy":3,"amount":650},{"posx":1,"posy":4,"amount":750},{"posx":4,"posy":4,"amount":400},{"posx":7,"posy":4,"amount":200},{"posx":16,"posy":4,"amount":500},{"posx":6,"posy":5,"amount":650},{"posx":12,"posy":5,"amount":200},{"posx":19,"posy":6,"amount":300},{"posx":16,"posy":7,"amount":100}],"changedObstacles":[{"type":3,"posx":20,"posy":6,"value":-40},{"type":0,"posx":8,"posy":4,"value":-1}]},{"players":[{"playerId":2451990,"score":950,"energy":29},{"playerId":206247,"score":950,"energy":32},{"playerId":137845,"score":900,"energy":21},{"playerId":2234905,"score":600,"energy":29}],"golds":[{"posx":2,"posy":1,"amount":250},{"posx":6,"posy":1,"amount":150},{"posx":20,"posy":1,"amount":150},{"posx":5,"posy":3,"amount":650},{"posx":1,"posy":4,"amount":750},{"posx":4,"posy":4,"amount":400},{"posx":7,"posy":4,"amount":200},{"posx":16,"posy":4,"amount":500},{"posx":6,"posy":5,"amount":650},{"posx":12,"posy":5,"amount":200},{"posx":19,"posy":6,"amount":300},{"posx":16,"posy":7,"amount":100}],"changedObstacles":[]},{"players":[{"playerId":2451990,"score":950,"energy":50},{"playerId":206247,"score":950,"energy":50},{"playerId":137845,"score":950,"energy":16},{"playerId":2234905,"score":600,"energy":41}],"golds":[{"posx":2,"posy":1,"amount":250},{"posx":6,"posy":1,"amount":150},{"posx":20,"posy":1,"amount":150},{"posx":5,"posy":3,"amount":650},{"posx":1,"posy":4,"amount":750},{"posx":4,"posy":4,"amount":400},{"posx":7,"posy":4,"amount":150},{"posx":16,"posy":4,"amount":500},{"posx":6,"posy":5,"amount":650},{"posx":12,"posy":5,"amount":200},{"posx":19,"posy":6,"amount":300},{"posx":16,"posy":7,"amount":100}],"changedObstacles":[]},{"players":[{"playerId":2451990,"score":950,"energy":46},{"playerId":206247,"score":1000,"energy":45},{"playerId":137845,"score":1000,"energy":11},{"playerId":2234905,"score":600,"energy":36}],"golds":[{"posx":2,"posy":1,"amount":250},{"posx":6,"posy":1,"amount":150},{"posx":20,"posy":1,"amount":150},{"posx":5,"posy":3,"amount":650},{"posx":1,"posy":4,"amount":750},{"posx":4,"posy":4,"amount":400},{"posx":7,"posy":4,"amount":100},{"posx":16,"posy":4,"amount":500},{"posx":6,"posy":5,"amount":650},{"posx":12,"posy":5,"amount":150},{"posx":19,"posy":6,"amount":300},{"posx":16,"posy":7,"amount":100}],"changedObstacles":[{"type":3,"posx":19,"posy":7,"value":-20}]},{"players":[{"playerId":2451990,"score":1000,"energy":41},{"playerId":206247,"score":1050,"energy":40},{"playerId":137845,"score":1050,"energy":6},{"playerId":2234905,"score":600,"energy":35}],"golds":[{"posx":2,"posy":1,"amount":250},{"posx":6,"posy":1,"amount":100},{"posx":20,"posy":1,"amount":150},{"posx":5,"posy":3,"amount":650},{"posx":1,"posy":4,"amount":750},{"posx":4,"posy":4,"amount":400},{"posx":7,"posy":4,"amount":50},{"posx":16,"posy":4,"amount":500},{"posx":6,"posy":5,"amount":650},{"posx":12,"posy":5,"amount":100},{"posx":19,"posy":6,"amount":300},{"posx":16,"posy":7,"amount":100}],"changedObstacles":[]},{"players":[{"playerId":2451990,"score":1050,"energy":36},{"playerId":206247,"score":1100,"energy":35},{"playerId":137845,"score":1100,"energy":1},{"playerId":2234905,"score":600,"energy":34}],"golds":[{"posx":2,"posy":1,"amount":250},{"posx":6,"posy":1,"amount":50},{"posx":20,"posy":1,"amount":150},{"posx":5,"posy":3,"amount":650},{"posx":1,"posy":4,"amount":750},{"posx":4,"posy":4,"amount":400},{"posx":16,"posy":4,"amount":500},{"posx":6,"posy":5,"amount":650},{"posx":12,"posy":5,"amount":50},{"posx":19,"posy":6,"amount":300},{"posx":16,"posy":7,"amount":100}],"changedObstacles":[{"type":0,"posx":7,"posy":4,"value":-1}]},{"players":[{"playerId":2451990,"score":1100,"energy":31},{"playerId":206247,"score":1100,"energy":34},{"playerId":137845,"score":1100,"energy":13},{"playerId":2234905,"score":600,"energy":46}],"golds":[{"posx":2,"posy":1,"amount":250},{"posx":20,"posy":1,"amount":150},{"posx":5,"posy":3,"amount":650},{"posx":1,"posy":4,"amount":750},{"posx":4,"posy":4,"amount":400},{"posx":16,"posy":4,"amount":500},{"posx":6,"posy":5,"amount":650},{"posx":12,"posy":5,"amount":50},{"posx":19,"posy":6,"amount":300},{"posx":16,"posy":7,"amount":100}],"changedObstacles":[{"type":0,"posx":6,"posy":1,"value":-1}]},{"players":[{"playerId":2451990,"score":1100,"energy":30},{"playerId":206247,"score":1100,"energy":33},{"playerId":137845,"score":1100,"energy":29},{"playerId":2234905,"score":600,"energy":26}],"golds":[{"posx":2,"posy":1,"amount":250},{"posx":20,"posy":1,"amount":150},{"posx":5,"posy":3,"amount":650},{"posx":1,"posy":4,"amount":750},{"posx":4,"posy":4,"amount":400},{"posx":16,"posy":4,"amount":500},{"posx":6,"posy":5,"amount":650},{"posx":12,"posy":5,"amount":50},{"posx":19,"posy":6,"amount":300},{"posx":16,"posy":7,"amount":100}],"changedObstacles":[{"type":3,"posx":19,"posy":8,"value":-40}]},{"players":[{"playerId":2451990,"score":1100,"energy":29},{"playerId":206247,"score":1100,"energy":32},{"playerId":137845,"score":1100,"energy":14},{"playerId":2234905,"score":600,"energy":25}],"golds":[{"posx":2,"posy":1,"amount":250},{"posx":20,"posy":1,"amount":150},{"posx":5,"posy":3,"amount":650},{"posx":1,"posy":4,"amount":750},{"posx":4,"posy":4,"amount":400},{"posx":16,"posy":4,"amount":500},{"posx":6,"posy":5,"amount":650},{"posx":12,"posy":5,"amount":50},{"posx":19,"posy":6,"amount":300},{"posx":16,"posy":7,"amount":100}],"changedObstacles":[]},{"players":[{"playerId":2451990,"score":1100,"energy":25},{"playerId":206247,"score":1100,"energy":31},{"playerId":137845,"score":1100,"energy":9},{"playerId":2234905,"score":600,"energy":24}],"golds":[{"posx":2,"posy":1,"amount":250},{"posx":20,"posy":1,"amount":150},{"posx":5,"posy":3,"amount":650},{"posx":1,"posy":4,"amount":750},{"posx":4,"posy":4,"amount":400},{"posx":16,"posy":4,"amount":500},{"posx":6,"posy":5,"amount":650},{"posx":12,"posy":5,"amount":50},{"posx":19,"posy":6,"amount":300},{"posx":16,"posy":7,"amount":100}],"changedObstacles":[{"type":3,"posx":5,"posy":4,"value":-20}]},{"players":[{"playerId":2451990,"score":1150,"energy":20},{"playerId":206247,"score":1100,"energy":22},{"playerId":137845,"score":1100,"energy":5},{"playerId":2234905,"score":600,"energy":36}],"golds":[{"posx":2,"posy":1,"amount":250},{"posx":20,"posy":1,"amount":150},{"posx":5,"posy":3,"amount":600},{"posx":1,"posy":4,"amount":750},{"posx":4,"posy":4,"amount":400},{"posx":16,"posy":4,"amount":500},{"posx":6,"posy":5,"amount":650},{"posx":12,"posy":5,"amount":50},{"posx":19,"posy":6,"amount":300},{"posx":16,"posy":7,"amount":100}],"changedObstacles":[]},{"players":[{"playerId":2451990,"score":1200,"energy":15},{"playerId":206247,"score":1100,"energy":21},{"playerId":137845,"score":1100,"energy":17},{"playerId":2234905,"score":600,"energy":16}],"golds":[{"posx":2,"posy":1,"amount":250},{"posx":20,"posy":1,"amount":150},{"posx":5,"posy":3,"amount":550},{"posx":1,"posy":4,"amount":750},{"posx":4,"posy":4,"amount":400},{"posx":16,"posy":4,"amount":500},{"posx":6,"posy":5,"amount":650},{"posx":12,"posy":5,"amount":50},{"posx":19,"posy":6,"amount":300},{"posx":16,"posy":7,"amount":100}],"changedObstacles":[{"type":3,"posx":19,"posy":7,"value":-40}]},{"players":[{"playerId":2451990,"score":1250,"energy":10},{"playerId":206247,"score":1100,"energy":16},{"playerId":137845,"score":1100,"energy":33},{"playerId":2234905,"score":600,"energy":15}],"golds":[{"posx":2,"posy":1,"amount":250},{"posx":20,"posy":1,"amount":150},{"posx":5,"posy":3,"amount":500},{"posx":1,"posy":4,"amount":750},{"posx":4,"posy":4,"amount":400},{"posx":16,"posy":4,"amount":500},{"posx":6,"posy":5,"amount":650},{"posx":12,"posy":5,"amount":50},{"posx":19,"posy":6,"amount":300},{"posx":16,"posy":7,"amount":100}],"changedObstacles":[{"type":3,"posx":7,"posy":3,"value":-20}]},{"players":[{"playerId":2451990,"score":1300,"energy":5},{"playerId":206247,"score":1100,"energy":15},{"playerId":137845,"score":1100,"energy":50},{"playerId":2234905,"score":600,"energy":27}],"golds":[{"posx":2,"posy":1,"amount":250},{"posx":20,"posy":1,"amount":150},{"posx":5,"posy":3,"amount":450},{"posx":1,"posy":4,"amount":750},{"posx":4,"posy":4,"amount":400},{"posx":16,"posy":4,"amount":500},{"posx":6,"posy":5,"amount":650},{"posx":12,"posy":5,"amount":50},{"posx":19,"posy":6,"amount":300},{"posx":16,"posy":7,"amount":100}],"changedObstacles":[]},{"players":[{"playerId":2451990,"score":1300,"energy":17},{"playerId":206247,"score":1100,"energy":11},{"playerId":137845,"score":1150,"energy":45},{"playerId":2234905,"score":600,"energy":43}],"golds":[{"posx":2,"posy":1,"amount":250},{"posx":20,"posy":1,"amount":150},{"posx":5,"posy":3,"amount":450},{"posx":1,"posy":4,"amount":750},{"posx":4,"posy":4,"amount":350},{"posx":16,"posy":4,"amount":500},{"posx":6,"posy":5,"amount":650},{"posx":12,"posy":5,"amount":50},{"posx":19,"posy":6,"amount":300},{"posx":16,"posy":7,"amount":100}],"changedObstacles":[]},{"players":[{"playerId":2451990,"score":1300,"energy":33},{"playerId":206247,"score":1150,"energy":6},{"playerId":137845,"score":1200,"energy":40},{"playerId":2234905,"score":600,"energy":3}],"golds":[{"posx":2,"posy":1,"amount":250},{"posx":20,"posy":1,"amount":150},{"posx":5,"posy":3,"amount":400},{"posx":1,"posy":4,"amount":750},{"posx":4,"posy":4,"amount":300},{"posx":16,"posy":4,"amount":500},{"posx":6,"posy":5,"amount":650},{"posx":12,"posy":5,"amount":50},{"posx":19,"posy":6,"amount":300},{"posx":16,"posy":7,"amount":100}],"changedObstacles":[{"type":3,"posx":20,"posy":6,"value":-100}]},{"players":[{"playerId":2451990,"score":1350,"energy":28},{"playerId":206247,"score":1200,"energy":1},{"playerId":137845,"score":1250,"energy":35},{"playerId":2234905,"score":600,"energy":2}],"golds":[{"posx":2,"posy":1,"amount":250},{"posx":20,"posy":1,"amount":150},{"posx":5,"posy":3,"amount":300},{"posx":1,"posy":4,"amount":750},{"posx":4,"posy":4,"amount":250},{"posx":16,"posy":4,"amount":500},{"posx":6,"posy":5,"amount":650},{"posx":12,"posy":5,"amount":50},{"posx":19,"posy":6,"amount":300},{"posx":16,"posy":7,"amount":100}],"changedObstacles":[]},{"players":[{"playerId":2451990,"score":1400,"energy":23},{"playerId":206247,"score":1200,"energy":13},{"playerId":137845,"score":1300,"energy":30},{"playerId":2234905,"score":600,"energy":14}],"golds":[{"posx":2,"posy":1,"amount":250},{"posx":20,"posy":1,"amount":150},{"posx":5,"posy":3,"amount":250},{"posx":1,"posy":4,"amount":750},{"posx":4,"posy":4,"amount":200},{"posx":16,"posy":4,"amount":500},{"posx":6,"posy":5,"amount":650},{"posx":12,"posy":5,"amount":50},{"posx":19,"posy":6,"amount":300},{"posx":16,"posy":7,"amount":100}],"changedObstacles":[]},{"players":[{"playerId":2451990,"score":1450,"energy":18},{"playerId":206247,"score":1200,"energy":29},{"playerId":137845,"score":1350,"energy":25},{"playerId":2234905,"score":600,"energy":30}],"golds":[{"posx":2,"posy":1,"amount":250},{"posx":20,"posy":1,"amount":150},{"posx":5,"posy":3,"amount":200},{"posx":1,"posy":4,"amount":750},{"posx":4,"posy":4,"amount":150},{"posx":16,"posy":4,"amount":500},{"posx":6,"posy":5,"amount":650},{"posx":12,"posy":5,"amount":50},{"posx":19,"posy":6,"amount":300},{"posx":16,"posy":7,"amount":100}],"changedObstacles":[]},{"players":[{"playerId":2451990,"score":1500,"energy":13},{"playerId":206247,"score":1200,"energy":50},{"playerId":137845,"score":1400,"energy":20},{"playerId":2234905,"score":600,"energy":21}],"golds":[{"posx":2,"posy":1,"amount":250},{"posx":20,"posy":1,"amount":150},{"posx":5,"posy":3,"amount":150},{"posx":1,"posy":4,"amount":750},{"posx":4,"posy":4,"amount":100},{"posx":16,"posy":4,"amount":500},{"posx":6,"posy":5,"amount":650},{"posx":12,"posy":5,"amount":50},{"posx":19,"posy":6,"amount":300},{"posx":16,"posy":7,"amount":100}],"changedObstacles":[]},{"players":[{"playerId":2451990,"score":1550,"energy":8},{"playerId":206247,"score":1250,"energy":45},{"playerId":137845,"score":1450,"energy":15},{"playerId":2234905,"score":600,"energy":16}],"golds":[{"posx":2,"posy":1,"amount":250},{"posx":20,"posy":1,"amount":150},{"posx":5,"posy":3,"amount":50},{"posx":1,"posy":4,"amount":750},{"posx":4,"posy":4,"amount":50},{"posx":16,"posy":4,"amount":500},{"posx":6,"posy":5,"amount":650},{"posx":12,"posy":5,"amount":50},{"posx":19,"posy":6,"amount":300},{"posx":16,"posy":7,"amount":100}],"changedObstacles":[{"type":3,"posx":20,"posy":3,"value":-20}]},{"players":[{"playerId":2451990,"score":1550,"energy":20},{"playerId":206247,"score":1300,"energy":40},{"playerId":137845,"score":1500,"energy":10},{"playerId":2234905,"score":600,"energy":15}],"golds":[{"posx":2,"posy":1,"amount":250},{"posx":20,"posy":1,"amount":150},{"posx":1,"posy":4,"amount":750},{"posx":16,"posy":4,"amount":500},{"posx":6,"posy":5,"amount":650},{"posx":12,"posy":5,"amount":50},{"posx":19,"posy":6,"amount":300},{"posx":16,"posy":7,"amount":100}],"changedObstacles":[{"type":0,"posx":4,"posy":4,"value":-1},{"type":0,"posx":5,"posy":3,"value":-1}]},{"players":[{"playerId":2451990,"score":1550,"energy":36},{"playerId":206247,"score":1300,"energy":39},{"playerId":137845,"score":1500,"energy":22},{"playerId":2234905,"score":600,"energy":11}],"golds":[{"posx":2,"posy":1,"amount":250},{"posx":20,"posy":1,"amount":150},{"posx":1,"posy":4,"amount":750},{"posx":16,"posy":4,"amount":500},{"posx":6,"posy":5,"amount":650},{"posx":12,"posy":5,"amount":50},{"posx":19,"posy":6,"amount":300},{"posx":16,"posy":7,"amount":100}],"changedObstacles":[]},{"players":[{"playerId":2451990,"score":1550,"energy":31},{"playerId":206247,"score":1300,"energy":21},{"playerId":137845,"score":1500,"energy":38},{"playerId":2234905,"score":650,"energy":6}],"golds":[{"posx":2,"posy":1,"amount":250},{"posx":20,"posy":1,"amount":100},{"posx":1,"posy":4,"amount":750},{"posx":16,"posy":4,"amount":500},{"posx":6,"posy":5,"amount":650},{"posx":12,"posy":5,"amount":50},{"posx":19,"posy":6,"amount":300},{"posx":16,"posy":7,"amount":100}],"changedObstacles":[]},{"players":[{"playerId":2451990,"score":1550,"energy":30},{"playerId":206247,"score":1300,"energy":17},{"playerId":137845,"score":1500,"energy":18},{"playerId":2234905,"score":700,"energy":1}],"golds":[{"posx":2,"posy":1,"amount":250},{"posx":20,"posy":1,"amount":50},{"posx":1,"posy":4,"amount":750},{"posx":16,"posy":4,"amount":500},{"posx":6,"posy":5,"amount":650},{"posx":12,"posy":5,"amount":50},{"posx":19,"posy":6,"amount":300},{"posx":16,"posy":7,"amount":100}],"changedObstacles":[]},{"players":[{"playerId":2451990,"score":1550,"energy":25},{"playerId":206247,"score":1350,"energy":12},{"playerId":137845,"score":1500,"energy":30},{"playerId":2234905,"score":700,"energy":13}],"golds":[{"posx":2,"posy":1,"amount":250},{"posx":20,"posy":1,"amount":50},{"posx":1,"posy":4,"amount":750},{"posx":16,"posy":4,"amount":500},{"posx":6,"posy":5,"amount":600},{"posx":12,"posy":5,"amount":50},{"posx":19,"posy":6,"amount":300},{"posx":16,"posy":7,"amount":100}],"changedObstacles":[]},{"players":[{"playerId":2451990,"score":1550,"energy":15},{"playerId":206247,"score":1400,"energy":7},{"playerId":137845,"score":1500,"energy":46},{"playerId":2234905,"score":750,"energy":8}],"golds":[{"posx":2,"posy":1,"amount":250},{"posx":1,"posy":4,"amount":750},{"posx":16,"posy":4,"amount":500},{"posx":6,"posy":5,"amount":550},{"posx":12,"posy":5,"amount":50},{"posx":19,"posy":6,"amount":300},{"posx":16,"posy":7,"amount":100}],"changedObstacles":[{"type":0,"posx":1,"posy":3,"value":-1},{"type":0,"posx":20,"posy":1,"value":-1}]},{"players":[{"playerId":2451990,"score":1550,"energy":11},{"playerId":206247,"score":1450,"energy":2},{"playerId":137845,"score":1500,"energy":40},{"playerId":2234905,"score":750,"energy":7}],"golds":[{"posx":2,"posy":1,"amount":250},{"posx":1,"posy":4,"amount":750},{"posx":16,"posy":4,"amount":500},{"posx":6,"posy":5,"amount":500},{"posx":12,"posy":5,"amount":50},{"posx":19,"posy":6,"amount":300},{"posx":16,"posy":7,"amount":100}],"changedObstacles":[]},{"players":[{"playerId":2451990,"score":1600,"energy":6},{"playerId":206247,"score":1450,"energy":14},{"playerId":137845,"score":1500,"energy":36},{"playerId":2234905,"score":750,"energy":19}],"golds":[{"posx":2,"posy":1,"amount":250},{"posx":1,"posy":4,"amount":700},{"posx":16,"posy":4,"amount":500},{"posx":6,"posy":5,"amount":500},{"posx":12,"posy":5,"amount":50},{"posx":19,"posy":6,"amount":300},{"posx":16,"posy":7,"amount":100}],"changedObstacles":[]},{"players":[{"playerId":2451990,"score":1650,"energy":1},{"playerId":206247,"score":1450,"energy":30},{"playerId":137845,"score":1550,"energy":31},{"playerId":2234905,"score":750,"energy":35}],"golds":[{"posx":2,"posy":1,"amount":250},{"posx":1,"posy":4,"amount":600},{"posx":16,"posy":4,"amount":500},{"posx":6,"posy":5,"amount":500},{"posx":12,"posy":5,"amount":50},{"posx":19,"posy":6,"amount":300},{"posx":16,"posy":7,"amount":100}],"changedObstacles":[]},{"players":[{"playerId":2451990,"score":1650,"energy":13},{"playerId":206247,"score":1450,"energy":50},{"playerId":137845,"score":1600,"energy":26},{"playerId":2234905,"score":750,"energy":15}],"golds":[{"posx":2,"posy":1,"amount":250},{"posx":1,"posy":4,"amount":550},{"posx":16,"posy":4,"amount":500},{"posx":6,"posy":5,"amount":500},{"posx":12,"posy":5,"amount":50},{"posx":19,"posy":6,"amount":300},{"posx":16,"posy":7,"amount":100}],"changedObstacles":[{"type":3,"posx":20,"posy":3,"value":-40}]},{"players":[{"playerId":2451990,"score":1650,"energy":29},{"playerId":206247,"score":1500,"energy":45},{"playerId":137845,"score":1650,"energy":21},{"playerId":2234905,"score":750,"energy":27}],"golds":[{"posx":2,"posy":1,"amount":250},{"posx":1,"posy":4,"amount":500},{"posx":16,"posy":4,"amount":500},{"posx":6,"posy":5,"amount":450},{"posx":12,"posy":5,"amount":50},{"posx":19,"posy":6,"amount":300},{"posx":16,"posy":7,"amount":100}],"changedObstacles":[]},{"players":[{"playerId":2451990,"score":1700,"energy":24},{"playerId":206247,"score":1550,"energy":40},{"playerId":137845,"score":1700,"energy":16},{"playerId":2234905,"score":750,"energy":7}],"golds":[{"posx":2,"posy":1,"amount":250},{"posx":1,"posy":4,"amount":400},{"posx":16,"posy":4,"amount":500},{"posx":6,"posy":5,"amount":400},{"posx":12,"posy":5,"amount":50},{"posx":19,"posy":6,"amount":300},{"posx":16,"posy":7,"amount":100}],"changedObstacles":[]},{"players":[{"playerId":2451990,"score":1750,"energy":19},{"playerId":206247,"score":1600,"energy":35},{"playerId":137845,"score":1750,"energy":11},{"playerId":2234905,"score":750,"energy":6}],"golds":[{"posx":2,"posy":1,"amount":250},{"posx":1,"posy":4,"amount":300},{"posx":16,"posy":4,"amount":500},{"posx":6,"posy":5,"amount":350},{"posx":12,"posy":5,"amount":50},{"posx":19,"posy":6,"amount":300},{"posx":16,"posy":7,"amount":100}],"changedObstacles":[]},{"players":[{"playerId":2451990,"score":1800,"energy":14},{"playerId":206247,"score":1650,"energy":30},{"playerId":137845,"score":1800,"energy":6},{"playerId":2234905,"score":750,"energy":18}],"golds":[{"posx":2,"posy":1,"amount":250},{"posx":1,"posy":4,"amount":200},{"posx":16,"posy":4,"amount":500},{"posx":6,"posy":5,"amount":300},{"posx":12,"posy":5,"amount":50},{"posx":19,"posy":6,"amount":300},{"posx":16,"posy":7,"amount":100}],"changedObstacles":[]},{"players":[{"playerId":2451990,"score":1850,"energy":9},{"playerId":206247,"score":1700,"energy":25},{"playerId":137845,"score":1850,"energy":1},{"playerId":2234905,"score":750,"energy":34}],"golds":[{"posx":2,"posy":1,"amount":250},{"posx":1,"posy":4,"amount":100},{"posx":16,"posy":4,"amount":500},{"posx":6,"posy":5,"amount":250},{"posx":12,"posy":5,"amount":50},{"posx":19,"posy":6,"amount":300},{"posx":16,"posy":7,"amount":100}],"changedObstacles":[]},{"players":[{"playerId":2451990,"score":1900,"energy":4},{"playerId":206247,"score":1750,"energy":20},{"playerId":137845,"score":1850,"energy":13},{"playerId":2234905,"score":750,"energy":26}],"golds":[{"posx":2,"posy":1,"amount":250},{"posx":1,"posy":4,"amount":50},{"posx":16,"posy":4,"amount":500},{"posx":6,"posy":5,"amount":200},{"posx":12,"posy":5,"amount":50},{"posx":19,"posy":6,"amount":300},{"posx":16,"posy":7,"amount":100}],"changedObstacles":[]},{"players":[{"playerId":2451990,"score":1900,"energy":16},{"playerId":206247,"score":1800,"energy":15},{"playerId":137845,"score":1900,"energy":8},{"playerId":2234905,"score":750,"energy":25}],"golds":[{"posx":2,"posy":1,"amount":250},{"posx":16,"posy":4,"amount":500},{"posx":6,"posy":5,"amount":150},{"posx":12,"posy":5,"amount":50},{"posx":19,"posy":6,"amount":300},{"posx":16,"posy":7,"amount":100}],"changedObstacles":[{"type":0,"posx":1,"posy":4,"value":-1}]},{"players":[{"playerId":2451990,"score":1900,"energy":32},{"playerId":206247,"score":1850,"energy":10},{"playerId":137845,"score":1900,"energy":7},{"playerId":2234905,"score":750,"energy":17}],"golds":[{"posx":2,"posy":1,"amount":250},{"posx":16,"posy":4,"amount":500},{"posx":6,"posy":5,"amount":100},{"posx":12,"posy":5,"amount":50},{"posx":19,"posy":6,"amount":300},{"posx":16,"posy":7,"amount":100}],"changedObstacles":[]},{"players":[{"playerId":2451990,"score":1900,"energy":50},{"playerId":206247,"score":1900,"energy":5},{"playerId":137845,"score":1900,"energy":19},{"playerId":2234905,"score":750,"energy":16}],"golds":[{"posx":2,"posy":1,"amount":250},{"posx":16,"posy":4,"amount":500},{"posx":6,"posy":5,"amount":50},{"posx":12,"posy":5,"amount":50},{"posx":19,"posy":6,"amount":300},{"posx":16,"posy":7,"amount":100}],"changedObstacles":[]},{"players":[{"playerId":2451990,"score":1900,"energy":33},{"playerId":206247,"score":1900,"energy":17},{"playerId":137845,"score":1900,"energy":35},{"playerId":2234905,"score":750,"energy":28}],"golds":[{"posx":2,"posy":1,"amount":250},{"posx":16,"posy":4,"amount":500},{"posx":6,"posy":5,"amount":50},{"posx":12,"posy":5,"amount":50},{"posx":19,"posy":6,"amount":300},{"posx":16,"posy":7,"amount":100}],"changedObstacles":[]},{"players":[{"playerId":2451990,"score":1900,"energy":22},{"playerId":206247,"score":1900,"energy":33},{"playerId":137845,"score":1900,"energy":25},{"playerId":2234905,"score":750,"energy":11}],"golds":[{"posx":2,"posy":1,"amount":250},{"posx":16,"posy":4,"amount":500},{"posx":6,"posy":5,"amount":50},{"posx":12,"posy":5,"amount":50},{"posx":19,"posy":6,"amount":300},{"posx":16,"posy":7,"amount":100}],"changedObstacles":[]},{"players":[{"playerId":2451990,"score":1900,"energy":21},{"playerId":206247,"score":1900,"energy":50},{"playerId":137845,"score":1900,"energy":24},{"playerId":2234905,"score":750,"energy":10}],"golds":[{"posx":2,"posy":1,"amount":250},{"posx":16,"posy":4,"amount":500},{"posx":6,"posy":5,"amount":50},{"posx":12,"posy":5,"amount":50},{"posx":19,"posy":6,"amount":300},{"posx":16,"posy":7,"amount":100}],"changedObstacles":[]},{"players":[{"playerId":2451990,"score":1900,"energy":1},{"playerId":206247,"score":1900,"energy":40},{"playerId":137845,"score":1900,"energy":20},{"playerId":2234905,"score":750,"energy":22}],"golds":[{"posx":2,"posy":1,"amount":250},{"posx":16,"posy":4,"amount":500},{"posx":6,"posy":5,"amount":50},{"posx":12,"posy":5,"amount":50},{"posx":19,"posy":6,"amount":300},{"posx":16,"posy":7,"amount":100}],"changedObstacles":[{"type":0,"posx":7,"posy":5,"value":-1},{"type":3,"posx":5,"posy":4,"value":-40}]},{"players":[{"playerId":2451990,"score":1900,"energy":13},{"playerId":206247,"score":1900,"energy":39},{"playerId":137845,"score":1950,"energy":15},{"playerId":2234905,"score":750,"energy":7}],"golds":[{"posx":2,"posy":1,"amount":200},{"posx":16,"posy":4,"amount":500},{"posx":6,"posy":5,"amount":50},{"posx":12,"posy":5,"amount":50},{"posx":19,"posy":6,"amount":300},{"posx":16,"posy":7,"amount":100}],"changedObstacles":[]},{"players":[{"playerId":2451990,"score":1900,"energy":29},{"playerId":206247,"score":1900,"energy":38},{"playerId":137845,"score":2000,"energy":10},{"playerId":2234905,"score":750,"energy":6}],"golds":[{"posx":2,"posy":1,"amount":150},{"posx":16,"posy":4,"amount":500},{"posx":6,"posy":5,"amount":50},{"posx":12,"posy":5,"amount":50},{"posx":19,"posy":6,"amount":300},{"posx":16,"posy":7,"amount":100}],"changedObstacles":[]},{"players":[{"playerId":2451990,"score":1900,"energy":50},{"playerId":206247,"score":1900,"energy":37},{"playerId":137845,"score":2050,"energy":5},{"playerId":2234905,"score":750,"energy":18}],"golds":[{"posx":2,"posy":1,"amount":100},{"posx":16,"posy":4,"amount":500},{"posx":6,"posy":5,"amount":50},{"posx":12,"posy":5,"amount":50},{"posx":19,"posy":6,"amount":300},{"posx":16,"posy":7,"amount":100}],"changedObstacles":[]},{"players":[{"playerId":2451990,"score":1900,"energy":41},{"playerId":206247,"score":1900,"energy":36},{"playerId":137845,"score":2050,"energy":17},{"playerId":2234905,"score":750,"energy":34}],"golds":[{"posx":2,"posy":1,"amount":100},{"posx":16,"posy":4,"amount":500},{"posx":6,"posy":5,"amount":50},{"posx":12,"posy":5,"amount":50},{"posx":19,"posy":6,"amount":300},{"posx":16,"posy":7,"amount":100}],"changedObstacles":[]},{"players":[{"playerId":2451990,"score":1900,"energy":40},{"playerId":206247,"score":1900,"energy":24},{"playerId":137845,"score":2050,"energy":33},{"playerId":2234905,"score":750,"energy":14}],"golds":[{"posx":2,"posy":1,"amount":100},{"posx":16,"posy":4,"amount":500},{"posx":6,"posy":5,"amount":50},{"posx":12,"posy":5,"amount":50},{"posx":19,"posy":6,"amount":300},{"posx":16,"posy":7,"amount":100}],"changedObstacles":[]},{"players":[{"playerId":2451990,"score":1900,"energy":39},{"playerId":206247,"score":1900,"energy":23},{"playerId":137845,"score":2050,"energy":50},{"playerId":2234905,"score":750,"energy":13}],"golds":[{"posx":2,"posy":1,"amount":100},{"posx":16,"posy":4,"amount":500},{"posx":6,"posy":5,"amount":50},{"posx":12,"posy":5,"amount":50},{"posx":19,"posy":6,"amount":300},{"posx":16,"posy":7,"amount":100}],"changedObstacles":[]},{"players":[{"playerId":2451990,"score":1900,"energy":38},{"playerId":206247,"score":1900,"energy":13},{"playerId":137845,"score":2100,"energy":45},{"playerId":2234905,"score":750,"energy":25}],"golds":[{"posx":2,"posy":1,"amount":50},{"posx":16,"posy":4,"amount":500},{"posx":6,"posy":5,"amount":50},{"posx":12,"posy":5,"amount":50},{"posx":19,"posy":6,"amount":300},{"posx":16,"posy":7,"amount":100}],"changedObstacles":[{"type":0,"posx":13,"posy":4,"value":-1}]},{"players":[{"playerId":2451990,"score":1900,"energy":37},{"playerId":206247,"score":1900,"energy":12},{"playerId":137845,"score":2150,"energy":40},{"playerId":2234905,"score":750,"energy":8}],"golds":[{"posx":16,"posy":4,"amount":500},{"posx":6,"posy":5,"amount":50},{"posx":12,"posy":5,"amount":50},{"posx":19,"posy":6,"amount":300},{"posx":16,"posy":7,"amount":100}],"changedObstacles":[{"type":0,"posx":2,"posy":1,"value":-1}]},{"players":[{"playerId":2451990,"score":1900,"energy":22},{"playerId":206247,"score":1900,"energy":24},{"playerId":137845,"score":2150,"energy":39},{"playerId":2234905,"score":750,"energy":7}],"golds":[{"posx":16,"posy":4,"amount":500},{"posx":6,"posy":5,"amount":50},{"posx":12,"posy":5,"amount":50},{"posx":19,"posy":6,"amount":300},{"posx":16,"posy":7,"amount":100}],"changedObstacles":[]},{"players":[{"playerId":2451990,"score":1900,"energy":21},{"playerId":206247,"score":1900,"energy":40},{"playerId":137845,"score":2150,"energy":38},{"playerId":2234905,"score":750,"energy":19}],"golds":[{"posx":16,"posy":4,"amount":500},{"posx":6,"posy":5,"amount":50},{"posx":12,"posy":5,"amount":50},{"posx":19,"posy":6,"amount":300},{"posx":16,"posy":7,"amount":100}],"changedObstacles":[]},{"players":[{"playerId":2451990,"score":1900,"energy":20},{"playerId":206247,"score":1900,"energy":50},{"playerId":137845,"score":2150,"energy":28},{"playerId":2234905,"score":750,"energy":35}],"golds":[{"posx":16,"posy":4,"amount":500},{"posx":6,"posy":5,"amount":50},{"posx":12,"posy":5,"amount":50},{"posx":19,"posy":6,"amount":300},{"posx":16,"posy":7,"amount":100}],"changedObstacles":[{"type":0,"posx":4,"posy":2,"value":-1}]},{"players":[{"playerId":2451990,"score":1900,"energy":19},{"playerId":206247,"score":1900,"energy":31},{"playerId":137845,"score":2150,"energy":27},{"playerId":2234905,"score":750,"energy":30}],"golds":[{"posx":16,"posy":4,"amount":500},{"posx":6,"posy":5,"amount":50},{"posx":12,"posy":5,"amount":50},{"posx":19,"posy":6,"amount":300},{"posx":16,"posy":7,"amount":100}],"changedObstacles":[]},{"players":[{"playerId":2451990,"score":1900,"energy":31},{"playerId":206247,"score":1900,"energy":27},{"playerId":137845,"score":2150,"energy":26},{"playerId":2234905,"score":750,"energy":29}],"golds":[{"posx":16,"posy":4,"amount":500},{"posx":6,"posy":5,"amount":50},{"posx":12,"posy":5,"amount":50},{"posx":19,"posy":6,"amount":300},{"posx":16,"posy":7,"amount":100}],"changedObstacles":[]},{"players":[{"playerId":2451990,"score":1900,"energy":24},{"playerId":206247,"score":1950,"energy":22},{"playerId":137845,"score":2150,"energy":25},{"playerId":2234905,"score":750,"energy":20}],"golds":[{"posx":16,"posy":4,"amount":450},{"posx":6,"posy":5,"amount":50},{"posx":12,"posy":5,"amount":50},{"posx":19,"posy":6,"amount":300},{"posx":16,"posy":7,"amount":100}],"changedObstacles":[]},{"players":[{"playerId":2451990,"score":1900,"energy":20},{"playerId":206247,"score":2000,"energy":17},{"playerId":137845,"score":2150,"energy":8},{"playerId":2234905,"score":750,"energy":19}],"golds":[{"posx":16,"posy":4,"amount":400},{"posx":6,"posy":5,"amount":50},{"posx":12,"posy":5,"amount":50},{"posx":19,"posy":6,"amount":300},{"posx":16,"posy":7,"amount":100}],"changedObstacles":[]},{"players":[{"playerId":2451990,"score":1950,"energy":15},{"playerId":206247,"score":2050,"energy":12},{"playerId":137845,"score":2150,"energy":4},{"playerId":2234905,"score":750,"energy":31}],"golds":[{"posx":16,"posy":4,"amount":300},{"posx":6,"posy":5,"amount":50},{"posx":12,"posy":5,"amount":50},{"posx":19,"posy":6,"amount":300},{"posx":16,"posy":7,"amount":100}],"changedObstacles":[]},{"players":[{"playerId":2451990,"score":2000,"energy":10},{"playerId":206247,"score":2100,"energy":7},{"playerId":137845,"score":2150,"energy":16},{"playerId":2234905,"score":750,"energy":23}],"golds":[{"posx":16,"posy":4,"amount":200},{"posx":6,"posy":5,"amount":50},{"posx":12,"posy":5,"amount":50},{"posx":19,"posy":6,"amount":300},{"posx":16,"posy":7,"amount":100}],"changedObstacles":[]},{"players":[{"playerId":2451990,"score":2050,"energy":5},{"playerId":206247,"score":2150,"energy":2},{"playerId":137845,"score":2200,"energy":11},{"playerId":2234905,"score":750,"energy":22}],"golds":[{"posx":16,"posy":4,"amount":100},{"posx":12,"posy":5,"amount":50},{"posx":19,"posy":6,"amount":300},{"posx":16,"posy":7,"amount":100}],"changedObstacles":[{"type":0,"posx":6,"posy":5,"value":-1}]}]