[{"players":[{"playerId":2450708,"score":0,"energy":49,"posx":16,"posy":1,"lastAction":0,"status":0},{"playerId":157815,"score":0,"energy":49,"posx":16,"posy":1,"lastAction":0,"status":0},{"playerId":61319,"score":0,"energy":49,"posx":16,"posy":1,"lastAction":0,"status":0},{"playerId":2231262,"score":0,"energy":43,"posx":17,"posy":2,"lastAction":3,"status":0}],"golds":[{"posx":4,"posy":4,"amount":400},{"posx":13,"posy":3,"amount":550},{"posx":8,"posy":1,"amount":250},{"posx":16,"posy":7,"amount":100},{"posx":7,"posy":4,"amount":200},{"posx":16,"posy":4,"amount":500},{"posx":9,"posy":4,"amount":250},{"posx":20,"posy":1,"amount":150},{"posx":1,"posy":4,"amount":750},{"posx":8,"posy":4,"amount":300},{"posx":2,"posy":1,"amount":250},{"posx":12,"posy":5,"amount":250},{"posx":19,"posy":6,"amount":300},{"posx":6,"posy":1,"amount":150},{"posx":19,"posy":5,"amount":600},{"posx":5,"posy":3,"amount":650},{"posx":11,"posy":3,"amount":450},{"posx":10,"posy":2,"amount":650},{"posx":11,"posy":2,"amount":300},{"posx":6,"posy":5,"amount":650}],"changedObstacles":[]},{"players":[{"playerId":2450708,"score":0,"energy":39,"posx":15,"posy":1,"lastAction":0,"status":0},{"playerId":157815,"score":0,"energy":39,"posx":15,"posy":1,"lastAction":0,"status":0},{"playerId":61319,"score":0,"energy":39,"posx":15,"posy":1,"lastAction":0,"status":0},{"playerId":2231262,"score":0,"energy":38,"posx":16,"posy":2,"lastAction":0,"status":0}],"golds":[{"posx":4,"posy":4,"amount":400},{"posx":13,"posy":3,"amount":550},{"posx":8,"posy":1,"amount":250},{"posx":16,"posy":7,"amount":100},{"posx":7,"posy":4,"amount":200},{"posx":16,"posy":4,"amount":500},{"posx":9,"posy":4,"amount":250},{"posx":20,"posy":1,"amount":150},{"posx":1,"posy":4,"amount":750},{"posx":8,"posy":4,"amount":300},{"posx":2,"posy":1,"amount":250},{"posx":12,"posy":5,"amount":250},{"posx":19,"posy":6,"amount":300},{"posx":6,"posy":1,"amount":150},{"posx":19,"posy":5,"amount":600},{"posx":5,"posy":3,"amount":650},{"posx":11,"posy":3,"amount":450},{"posx":10,"posy":2,"amount":650},{"posx":11,"posy":2,"amount":300},{"posx":6,"posy":5,"amount":650}],"changedObstacles":[{"type":0,"posx":15,"posy":1,"value":-1},{"type":3,"posx":16,"posy":2,"value":-20}]},{"players":[{"playerId":2450708,"score":0,"energy":38,"posx":14,"posy":1,"lastAction":0,"status":0},{"playerId":157815,"score":0,"energy":38,"posx":14,"posy":1,"lastAction":0,"status":0},{"playerId":61319,"score":0,"energy":38,"posx":14,"posy":1,"lastAction":0,"status":0},{"playerId":2231262,"score":0,"energy":27,"posx":16,"posy":3,"lastAction":3,"status":0}],"golds":[{"posx":4,"posy":4,"amount":400},{"posx":13,"posy":3,"amount":550},{"posx":8,"posy":1,"amount":250},{"posx":16,"posy":7,"amount":100},{"posx":7,"posy":4,"amount":200},{"posx":16,"posy":4,"amount":500},{"posx":9,"posy":4,"amount":250},{"posx":20,"posy":1,"amount":150},{"posx":1,"posy":4,"amount":750},{"posx":8,"posy":4,"amount":300},{"posx":2,"posy":1,"amount":250},{"posx":12,"posy":5,"amount":250},{"posx":19,"posy":6,"amount":300},{"posx":6,"posy":1,"amount":150},{"posx":19,"posy":5,"amount":600},{"posx":5,"posy":3,"amount":650},{"posx":11,"posy":3,"amount":450},{"posx":10,"posy":2,"amount":650},{"posx":11,"posy":2,"amount":300},{"posx":6,"posy":5,"amount":650}],"changedObstacles":[]},{"players":[{"playerId":2450708,"score":0,"energy":37,"posx":13,"posy":1,"lastAction":0,"status":0},{"playerId":157815,"score":0,"energy":37,"posx":14,"posy":2,"lastAction":3,"status":0},{"playerId":61319,"score":0,"energy":37,"posx":13,"posy":1,"lastAction":0,"status":0},{"playerId":2231262,"score":0,"energy":23,"posx":16,"posy":4,"lastAction":3,"status":0}],"golds":[{"posx":4,"posy":4,"amount":400},{"posx":13,"posy":3,"amount":550},{"posx":8,"posy":1,"amount":250},{"posx":16,"posy":7,"amount":100},{"posx":7,"posy":4,"amount":200},{"posx":16,"posy":4,"amount":500},{"posx":9,"posy":4,"amount":250},{"posx":20,"posy":1,"amount":150},{"posx":1,"posy":4,"amount":750},{"posx":8,"posy":4,"amount":300},{"posx":2,"posy":1,"amount":250},{"posx":12,"posy":5,"amount":250},{"posx":19,"posy":6,"amount":300},{"posx":6,"posy":1,"amount":150},{"posx":19,"posy":5,"amount":600},{"posx":5,"posy":3,"amount":650},{"posx":11,"posy":3,"amount":450},{"posx":10,"posy":2,"amount":650},{"posx":11,"posy":2,"amount":300},{"posx":6,"posy":5,"amount":650}],"changedObstacles":[]},{"players":[{"playerId":2450708,"score":0,"energy":20,"posx":12,"posy":1,"lastAction":0,"status":0},{"playerId":157815,"score":0,"energy":32,"posx":14,"posy":3,"lastAction":3,"status":0},{"playerId":61319,"score":0,"energy":17,"posx":12,"posy":1,"lastAction":0,"status":0},{"playerId":2231262,"score":50,"energy":18,"posx":16,"posy":4,"lastAction":5,"status":0}],"golds":[{"posx":2,"posy":1,"amount":250},{"posx":6,"posy":1,"amount":150},{"posx":8,"posy":1,"amount":250},{"posx":20,"posy":1,"amount":150},{"posx":10,"posy":2,"amount":650},{"posx":11,"posy":2,"amount":300},{"posx":5,"posy":3,"amount":650},{"posx":11,"posy":3,"amount":450},{"posx":13,"posy":3,"amount":550},{"posx":1,"posy":4,"amount":750},{"posx":4,"posy":4,"amount":400},{"posx":7,"posy":4,"amount":200},{"posx":8,"posy":4,"amount":300},{"posx":9,"posy":4,"amount":250},{"posx":16,"posy":4,"amount":450},{"posx":6,"posy":5,"amount":650},{"posx":12,"posy":5,"amount":250},{"posx":19,"posy":5,"amount":600},{"posx":19,"posy":6,"amount":300},{"posx":16,"posy":7,"amount":100}],"changedObstacles":[{"type":3,"posx":14,"posy":3,"value":-20}]},{"players":[{"playerId":2450708,"score":0,"energy":10,"posx":11,"posy":1,"lastAction":0,"status":0},{"playerId":157815,"score":0,"energy":28,"posx":13,"posy":3,"lastAction":0,"status":0},{"playerId":61319,"score":0,"energy":16,"posx":12,"posy":2,"lastAction":3,"status":0},{"playerId":2231262,"score":100,"energy":13,"posx":16,"posy":4,"lastAction":5,"status":0}],"golds":[{"posx":2,"posy":1,"amount":250},{"posx":6,"posy":1,"amount":150},{"posx":8,"posy":1,"amount":250},{"posx":20,"posy":1,"amount":150},{"posx":10,"posy":2,"amount":650},{"posx":11,"posy":2,"amount":300},{"posx":5,"posy":3,"amount":650},{"posx":11,"posy":3,"amount":450},{"posx":13,"posy":3,"amount":550},{"posx":1,"posy":4,"amount":750},{"posx":4,"posy":4,"amount":400},{"posx":7,"posy":4,"amount":200},{"posx":8,"posy":4,"amount":300},{"posx":9,"posy":4,"amount":250},{"posx":16,"posy":4,"amount":400},{"posx":6,"posy":5,"amount":650},{"posx":12,"posy":5,"amount":250},{"posx":19,"posy":5,"amount":600},{"posx":19,"posy":6,"amount":300},{"posx":16,"posy":7,"amount":100}],"changedObstacles":[{"type":0,"posx":11,"posy":1,"value":-1}]},{"players":[{"playerId":2450708,"score":0,"energy":22,"posx":11,"posy":1,"lastAction":4,"status":0},{"playerId":157815,"score":50,"energy":23,"posx":13,"posy":3,"lastAction":5,"status":0},{"playerId":61319,"score":0,"energy":12,"posx":11,"posy":2,"lastAction":0,"status":0},{"playerId":2231262,"score":100,"energy":25,"posx":16,"posy":4,"lastAction":4,"status":0}],"golds":[{"posx":2,"posy":1,"amount":250},{"posx":6,"posy":1,"amount":150},{"posx":8,"posy":1,"amount":250},{"posx":20,"posy":1,"amount":150},{"posx":10,"posy":2,"amount":650},{"posx":11,"posy":2,"amount":300},{"posx":5,"posy":3,"amount":650},{"posx":11,"posy":3,"amount":450},{"posx":13,"posy":3,"amount":500},{"posx":1,"posy":4,"amount":750},{"posx":4,"posy":4,"amount":400},{"posx":7,"posy":4,"amount":200},{"posx":8,"posy":4,"amount":300},{"posx":9,"posy":4,"amount":250},{"posx":16,"posy":4,"amount":400},{"posx":6,"posy":5,"amount":650},{"posx":12,"posy":5,"amount":250},{"posx":19,"posy":5,"amount":600},{"posx":19,"posy":6,"amount":300},{"posx":16,"posy":7,"amount":100}],"changedObstacles":[]},{"players":[{"playerId":2450708,"score":0,"energy":38,"posx":11,"posy":1,"lastAction":4,"status":0},{"playerId":157815,"score":100,"energy":18,"posx":13,"posy":3,"lastAction":5,"status":0},{"playerId":61319,"score":50,"energy":7,"posx":11,"posy":2,"lastAction":5,"status":0},{"playerId":2231262,"score":150,"energy":20,"posx":16,"posy":4,"lastAction":5,"status":0}],"golds":[{"posx":2,"posy":1,"amount":250},{"posx":6,"posy":1,"amount":150},{"posx":8,"posy":1,"amount":250},{"posx":20,"posy":1,"amount":150},{"posx":10,"posy":2,"amount":650},{"posx":11,"posy":2,"amount":250},{"posx":5,"posy":3,"amount":650},{"posx":11,"posy":3,"amount":450},{"posx":13,"posy":3,"amount":450},{"posx":1,"posy":4,"amount":750},{"posx":4,"posy":4,"amount":400},{"posx":7,"posy":4,"amount":200},{"posx":8,"posy":4,"amount":300},{"posx":9,"posy":4,"amount":250},{"posx":16,"posy":4,"amount":350},{"posx":6,"posy":5,"amount":650},{"posx":12,"posy":5,"amount":250},{"posx":19,"posy":5,"amount":600},{"posx":19,"posy":6,"amount":300},{"posx":16,"posy":7,"amount":100}],"changedObstacles":[]},{"players":[{"playerId":2450708,"score":0,"energy":29,"posx":10,"posy":1,"lastAction":0,"status":0},{"playerId":157815,"score":150,"energy":13,"posx":13,"posy":3,"lastAction":5,"status":0},{"playerId":61319,"score":100,"energy":2,"posx":11,"posy":2,"lastAction":5,"status":0},{"playerId":2231262,"score":200,"energy":15,"posx":16,"posy":4,"lastAction":5,"status":0}],"golds":[{"posx":2,"posy":1,"amount":250},{"posx":6,"posy":1,"amount":150},{"posx":8,"posy":1,"amount":250},{"posx":20,"posy":1,"amount":150},{"posx":10,"posy":2,"amount":650},{"posx":11,"posy":2,"amount":200},{"posx":5,"posy":3,"amount":650},{"posx":11,"posy":3,"amount":450},{"posx":13,"posy":3,"amount":400},{"posx":1,"posy":4,"amount":750},{"posx":4,"posy":4,"amount":400},{"posx":7,"posy":4,"amount":200},{"posx":8,"posy":4,"amount":300},{"posx":9,"posy":4,"amount":250},{"posx":16,"posy":4,"amount":300},{"posx":6,"posy":5,"amount":650},{"posx":12,"posy":5,"amount":250},{"posx":19,"posy":5,"amount":600},{"posx":19,"posy":6,"amount":300},{"posx":16,"posy":7,"amount":100}],"changedObstacles":[]},{"players":[{"playerId":2450708,"score":0,"energy":28,"posx":9,"posy":1,"lastAction":0,"status":0},{"playerId":157815,"score":200,"energy":8,"posx":13,"posy":3,"lastAction":5,"status":0},{"playerId":61319,"score":100,"energy":14,"posx":11,"posy":2,"lastAction":4,"status":0},{"playerId":2231262,"score":200,"energy":27,"posx":16,"posy":4,"lastAction":4,"status":0}],"golds":[{"posx":2,"posy":1,"amount":250},{"posx":6,"posy":1,"amount":150},{"posx":8,"posy":1,"amount":250},{"posx":20,"posy":1,"amount":150},{"posx":10,"posy":2,"amount":650},{"posx":11,"posy":2,"amount":200},{"posx":5,"posy":3,"amount":650},{"posx":11,"posy":3,"amount":450},{"posx":13,"posy":3,"amount":350},{"posx":1,"posy":4,"amount":750},{"posx":4,"posy":4,"amount":400},{"posx":7,"posy":4,"amount":200},{"posx":8,"posy":4,"amount":300},{"posx":9,"posy":4,"amount":250},{"posx":16,"posy":4,"amount":300},{"posx":6,"posy":5,"amount":650},{"posx":12,"posy":5,"amount":250},{"posx":19,"posy":5,"amount":600},{"posx":19,"posy":6,"amount":300},{"posx":16,"posy":7,"amount":100}],"changedObstacles":[]},{"players":[{"playerId":2450708,"score":0,"energy":24,"posx":8,"posy":1,"lastAction":0,"status":0},{"playerId":157815,"score":250,"energy":3,"posx":13,"posy":3,"lastAction":5,"status":0},{"playerId":61319,"score":100,"energy":30,"posx":11,"posy":2,"lastAction":4,"status":0},{"playerId":2231262,"score":250,"energy":22,"posx":16,"posy":4,"lastAction":5,"status":0}],"golds":[{"posx":2,"posy":1,"amount":250},{"posx":6,"posy":1,"amount":150},{"posx":8,"posy":1,"amount":250},{"posx":20,"posy":1,"amount":150},{"posx":10,"posy":2,"amount":650},{"posx":11,"posy":2,"amount":200},{"posx":5,"posy":3,"amount":650},{"posx":11,"posy":3,"amount":450},{"posx":13,"posy":3,"amount":300},{"posx":1,"posy":4,"amount":750},{"posx":4,"posy":4,"amount":400},{"posx":7,"posy":4,"amount":200},{"posx":8,"posy":4,"amount":300},{"posx":9,"posy":4,"amount":250},{"posx":16,"posy":4,"amount":250},{"posx":6,"posy":5,"amount":650},{"posx":12,"posy":5,"amount":250},{"posx":19,"posy":5,"amount":600},{"posx":19,"posy":6,"amount":300},{"posx":16,"posy":7,"amount":100}],"changedObstacles":[]},{"players":[{"playerId":2450708,"score":50,"energy":19,"posx":8,"posy":1,"lastAction":5,"status":0},{"playerId":157815,"score":250,"energy":15,"posx":13,"posy":3,"lastAction":4,"status":0},{"playerId":61319,"score":150,"energy":25,"posx":11,"posy":2,"lastAction":5,"status":0},{"playerId":2231262,"score":300,"energy":17,"posx":16,"posy":4,"lastAction":5,"status":0}],"golds":[{"posx":2,"posy":1,"amount":250},{"posx":6,"posy":1,"amount":150},{"posx":8,"posy":1,"amount":200},{"posx":20,"posy":1,"amount":150},{"posx":10,"posy":2,"amount":650},{"posx":11,"posy":2,"amount":150},{"posx":5,"posy":3,"amount":650},{"posx":11,"posy":3,"amount":450},{"posx":13,"posy":3,"amount":300},{"posx":1,"posy":4,"amount":750},{"posx":4,"posy":4,"amount":400},{"posx":7,"posy":4,"amount":200},{"posx":8,"posy":4,"amount":300},{"posx":9,"posy":4,"amount":250},{"posx":16,"posy":4,"amount":200},{"posx":6,"posy":5,"amount":650},{"posx":12,"posy":5,"amount":250},{"posx":19,"posy":5,"amount":600},{"posx":19,"posy":6,"amount":300},{"posx":16,"posy":7,"amount":100}],"changedObstacles":[]},{"players":[{"playerId":2450708,"score":100,"energy":14,"posx":8,"posy":1,"lastAction":5,"status":0},{"playerId":157815,"score":300,"energy":10,"posx":13,"posy":3,"lastAction":5,"status":0},{"playerId":61319,"score":200,"energy":20,"posx":11,"posy":2,"lastAction":5,"status":0},{"playerId":2231262,"score":350,"energy":12,"posx":16,"posy":4,"lastAction":5,"status":0}],"golds":[{"posx":2,"posy":1,"amount":250},{"posx":6,"posy":1,"amount":150},{"posx":8,"posy":1,"amount":150},{"posx":20,"posy":1,"amount":150},{"posx":10,"posy":2,"amount":650},{"posx":11,"posy":2,"amount":100},{"posx":5,"posy":3,"amount":650},{"posx":11,"posy":3,"amount":450},{"posx":13,"posy":3,"amount":250},{"posx":1,"posy":4,"amount":750},{"posx":4,"posy":4,"amount":400},{"posx":7,"posy":4,"amount":200},{"posx":8,"posy":4,"amount":300},{"posx":9,"posy":4,"amount":250},{"posx":16,"posy":4,"amount":150},{"posx":6,"posy":5,"amount":650},{"posx":12,"posy":5,"amount":250},{"posx":19,"posy":5,"amount":600},{"posx":19,"posy":6,"amount":300},{"posx":16,"posy":7,"amount":100}],"changedObstacles":[]},{"players":[{"playerId":2450708,"score":150,"energy":9,"posx":8,"posy":1,"lastAction":5,"status":0},{"playerId":157815,"score":350,"energy":5,"posx":13,"posy":3,"lastAction":5,"status":0},{"playerId":61319,"score":250,"energy":15,"posx":11,"posy":2,"lastAction":5,"status":0},{"playerId":2231262,"score":350,"energy":24,"posx":16,"posy":4,"lastAction":4,"status":0}],"golds":[{"posx":2,"posy":1,"amount":250},{"posx":6,"posy":1,"amount":150},{"posx":8,"posy":1,"amount":100},{"posx":20,"posy":1,"amount":150},{"posx":10,"posy":2,"amount":650},{"posx":11,"posy":2,"amount":50},{"posx":5,"posy":3,"amount":650},{"posx":11,"posy":3,"amount":450},{"posx":13,"posy":3,"amount":200},{"posx":1,"posy":4,"amount":750},{"posx":4,"posy":4,"amount":400},{"posx":7,"posy":4,"amount":200},{"posx":8,"posy":4,"amount":300},{"posx":9,"posy":4,"amount":250},{"posx":16,"posy":4,"amount":150},{"posx":6,"posy":5,"amount":650},{"posx":12,"posy":5,"amount":250},{"posx":19,"posy":5,"amount":600},{"posx":19,"posy":6,"amount":300},{"posx":16,"posy":7,"amount":100}],"changedObstacles":[]},{"players":[{"playerId":2450708,"score":200,"energy":4,"posx":8,"posy":1,"lastAction":5,"status":0},{"playerId":157815,"score":350,"energy":17,"posx":13,"posy":3,"lastAction":4,"status":0},{"playerId":61319,"score":300,"energy":10,"posx":11,"posy":2,"lastAction":5,"status":0},{"playerId":2231262,"score":400,"energy":19,"posx":16,"posy":4,"lastAction":5,"status":0}],"golds":[{"posx":2,"posy":1,"amount":250},{"posx":6,"posy":1,"amount":150},{"posx":8,"posy":1,"amount":50},{"posx":20,"posy":1,"amount":150},{"posx":10,"posy":2,"amount":650},{"posx":5,"posy":3,"amount":650},{"posx":11,"posy":3,"amount":450},{"posx":13,"posy":3,"amount":200},{"posx":1,"posy":4,"amount":750},{"posx":4,"posy":4,"amount":400},{"posx":7,"posy":4,"amount":200},{"posx":8,"posy":4,"amount":300},{"posx":9,"posy":4,"amount":250},{"posx":16,"posy":4,"amount":100},{"posx":6,"posy":5,"amount":650},{"posx":12,"posy":5,"amount":250},{"posx":19,"posy":5,"amount":600},{"posx":19,"posy":6,"amount":300},{"posx":16,"posy":7,"amount":100}],"changedObstacles":[{"type":0,"posx":11,"posy":2,"value":-1}]},{"players":[{"playerId":2450708,"score":200,"energy":16,"posx":8,"posy":1,"lastAction":4,"status":0},{"playerId":157815,"score":400,"energy":12,"posx":13,"posy":3,"lastAction":5,"status":0},{"playerId":61319,"score":300,"energy":6,"posx":10,"posy":2,"lastAction":0,"status":0},{"playerId":2231262,"score":450,"energy":14,"posx":16,"posy":4,"lastAction":5,"status":0}],"golds":[{"posx":2,"posy":1,"amount":250},{"posx":6,"posy":1,"amount":150},{"posx":8,"posy":1,"amount":50},{"posx":20,"posy":1,"amount":150},{"posx":10,"posy":2,"amount":650},{"posx":5,"posy":3,"amount":650},{"posx":11,"posy":3,"amount":450},{"posx":13,"posy":3,"amount":150},{"posx":1,"posy":4,"amount":750},{"posx":4,"posy":4,"amount":400},{"posx":7,"posy":4,"amount":200},{"posx":8,"posy":4,"amount":300},{"posx":9,"posy":4,"amount":250},{"posx":16,"posy":4,"amount":50},{"posx":6,"posy":5,"amount":650},{"posx":12,"posy":5,"amount":250},{"posx":19,"posy":5,"amount":600},{"posx":19,"posy":6,"amount":300},{"posx":16,"posy":7,"amount":100}],"changedObstacles":[]},{"players":[{"playerId":2450708,"score":200,"energy":32,"posx":8,"posy":1,"lastAction":4,"status":0},{"playerId":157815,"score":450,"energy":7,"posx":13,"posy":3,"lastAction":5,"status":0},{"playerId":61319,"score":350,"energy":1,"posx":10,"posy":2,"lastAction":5,"status":0},{"playerId":2231262,"score":450,"energy":26,"posx":16,"posy":4,"lastAction":4,"status":0}],"golds":[{"posx":2,"posy":1,"amount":250},{"posx":6,"posy":1,"amount":150},{"posx":8,"posy":1,"amount":50},{"posx":20,"posy":1,"amount":150},{"posx":10,"posy":2,"amount":600},{"posx":5,"posy":3,"amount":650},{"posx":11,"posy":3,"amount":450},{"posx":13,"posy":3,"amount":100},{"posx":1,"posy":4,"amount":750},{"posx":4,"posy":4,"amount":400},{"posx":7,"posy":4,"amount":200},{"posx":8,"posy":4,"amount":300},{"posx":9,"posy":4,"amount":250},{"posx":16,"posy":4,"amount":50},{"posx":6,"posy":5,"amount":650},{"posx":12,"posy":5,"amount":250},{"posx":19,"posy":5,"amount":600},{"posx":19,"posy":6,"amount":300},{"posx":16,"posy":7,"amount":100}],"changedObstacles":[]},{"players":[{"playerId":2450708,"score":200,"energy":50,"posx":8,"posy":1,"lastAction":4,"status":0},{"playerId":157815,"score":500,"energy":2,"posx":13,"posy":3,"lastAction":5,"status":0},{"playerId":61319,"score":350,"energy":13,"posx":10,"posy":2,"lastAction":4,"status":0},{"playerId":2231262,"score":500,"energy":21,"posx":16,"posy":4,"lastAction":5,"status":0}],"golds":[{"posx":2,"posy":1,"amount":250},{"posx":6,"posy":1,"amount":150},{"posx":8,"posy":1,"amount":50},{"posx":20,"posy":1,"amount":150},{"posx":10,"posy":2,"amount":600},{"posx":5,"posy":3,"amount":650},{"posx":11,"posy":3,"amount":450},{"posx":13,"posy":3,"amount":50},{"posx":1,"posy":4,"amount":750},{"posx":4,"posy":4,"amount":400},{"posx":7,"posy":4,"amount":200},{"posx":8,"posy":4,"amount":300},{"posx":9,"posy":4,"amount":250},{"posx":6,"posy":5,"amount":650},{"posx":12,"posy":5,"amount":250},{"posx":19,"posy":5,"amount":600},{"posx":19,"posy":6,"amount":300},{"posx":16,"posy":7,"amount":100}],"changedObstacles":[{"type":0,"posx":16,"posy":4,"value":-1}]},{"players":[{"playerId":2450708,"score":250,"energy":45,"posx":8,"posy":1,"lastAction":5,"status":0},{"playerId":157815,"score":500,"energy":14,"posx":13,"posy":3,"lastAction":4,"status":0},{"playerId":61319,"score":350,"energy":29,"posx":10,"posy":2,"lastAction":4,"status":0},{"playerId":2231262,"score":500,"energy":16,"posx":16,"posy":5,"lastAction":3,"status":0}],"golds":[{"posx":2,"posy":1,"amount":250},{"posx":6,"posy":1,"amount":150},{"posx":20,"posy":1,"amount":150},{"posx":10,"posy":2,"amount":600},{"posx":5,"posy":3,"amount":650},{"posx":11,"posy":3,"amount":450},{"posx":13,"posy":3,"amount":50},{"posx":1,"posy":4,"amount":750},{"posx":4,"posy":4,"amount":400},{"posx":7,"posy":4,"amount":200},{"posx":8,"posy":4,"amount":300},{"posx":9,"posy":4,"amount":250},{"posx":6,"posy":5,"amount":650},{"posx":12,"posy":5,"amount":250},{"posx":19,"posy":5,"amount":600},{"posx":19,"posy":6,"amount":300},{"posx":16,"posy":7,"amount":100}],"changedObstacles":[{"type":3,"posx":16,"posy":5,"value":-20},{"type":0,"posx":8,"posy":1,"value":-1}]},{"players":[{"playerId":2450708,"score":250,"energy":44,"posx":7,"posy":1,"lastAction":0,"status":0},{"playerId":157815,"score":550,"energy":9,"posx":13,"posy":3,"lastAction":5,"status":0},{"playerId":61319,"score":350,"energy":50,"posx":10,"posy":2,"lastAction":4,"status":0},{"playerId":2231262,"score":500,"energy":28,"posx":16,"posy":5,"lastAction":4,"status":0}],"golds":[{"posx":2,"posy":1,"amount":250},{"posx":6,"posy":1,"amount":150},{"posx":20,"posy":1,"amount":150},{"posx":10,"posy":2,"amount":600},{"posx":5,"posy":3,"amount":650},{"posx":11,"posy":3,"amount":450},{"posx":1,"posy":4,"amount":750},{"posx":4,"posy":4,"amount":400},{"posx":7,"posy":4,"amount":200},{"posx":8,"posy":4,"amount":300},{"posx":9,"posy":4,"amount":250},{"posx":6,"posy":5,"amount":650},{"posx":12,"posy":5,"amount":250},{"posx":19,"posy":5,"amount":600},{"posx":19,"posy":6,"amount":300},{"posx":16,"posy":7,"amount":100}],"changedObstacles":[{"type":0,"posx":13,"posy":3,"value":-1}]},{"players":[{"playerId":2450708,"score":250,"energy":40,"posx":6,"posy":1,"lastAction":0,"status":0},{"playerId":157815,"score":550,"energy":8,"posx":12,"posy":3,"lastAction":0,"status":0},{"playerId":61319,"score":400,"energy":45,"posx":10,"posy":2,"lastAction":5,"status":0},{"playerId":2231262,"score":500,"energy":18,"posx":16,"posy":6,"lastAction":3,"status":0}],"golds":[{"posx":2,"posy":1,"amount":250},{"posx":6,"posy":1,"amount":150},{"posx":20,"posy":1,"amount":150},{"posx":10,"posy":2,"amount":550},{"posx":5,"posy":3,"amount":650},{"posx":11,"posy":3,"amount":450},{"posx":1,"posy":4,"amount":750},{"posx":4,"posy":4,"amount":400},{"posx":7,"posy":4,"amount":200},{"posx":8,"posy":4,"amount":300},{"posx":9,"posy":4,"amount":250},{"posx":6,"posy":5,"amount":650},{"posx":12,"posy":5,"amount":250},{"posx":19,"posy":5,"amount":600},{"posx":19,"posy":6,"amount":300},{"posx":16,"posy":7,"amount":100}],"changedObstacles":[]},{"players":[{"playerId":2450708,"score":300,"energy":35,"posx":6,"posy":1,"lastAction":5,"status":0},{"playerId":157815,"score":550,"energy":4,"posx":11,"posy":3,"lastAction":0,"status":0},{"playerId":61319,"score":450,"energy":40,"posx":10,"posy":2,"lastAction":5,"status":0},{"playerId":2231262,"score":500,"energy":14,"posx":16,"posy":7,"lastAction":3,"status":0}],"golds":[{"posx":2,"posy":1,"amount":250},{"posx":6,"posy":1,"amount":100},{"posx":20,"posy":1,"amount":150},{"posx":10,"posy":2,"amount":500},{"posx":5,"posy":3,"amount":650},{"posx":11,"posy":3,"amount":450},{"posx":1,"posy":4,"amount":750},{"posx":4,"posy":4,"amount":400},{"posx":7,"posy":4,"amount":200},{"posx":8,"posy":4,"amount":300},{"posx":9,"posy":4,"amount":250},{"posx":6,"posy":5,"amount":650},{"posx":12,"posy":5,"amount":250},{"posx":19,"posy":5,"amount":600},{"posx":19,"posy":6,"amount":300},{"posx":16,"posy":7,"amount":100}],"changedObstacles":[]},{"players":[{"playerId":2450708,"score":350,"energy":30,"posx":6,"posy":1,"lastAction":5,"status":0},{"playerId":157815,"score":550,"energy":16,"posx":11,"posy":3,"lastAction":4,"status":0},{"playerId":61319,"score":500,"energy":35,"posx":10,"posy":2,"lastAction":5,"status":0},{"playerId":2231262,"score":500,"energy":26,"posx":16,"posy":7,"lastAction":4,"status":0}],"golds":[{"posx":2,"posy":1,"amount":250},{"posx":6,"posy":1,"amount":50},{"posx":20,"posy":1,"amount":150},{"posx":10,"posy":2,"amount":450},{"posx":5,"posy":3,"amount":650},{"posx":11,"posy":3,"amount":450},{"posx":1,"posy":4,"amount":750},{"posx":4,"posy":4,"amount":400},{"posx":7,"posy":4,"amount":200},{"posx":8,"posy":4,"amount":300},{"posx":9,"posy":4,"amount":250},{"posx":6,"posy":5,"amount":650},{"posx":12,"posy":5,"amount":250},{"posx":19,"posy":5,"amount":600},{"posx":19,"posy":6,"amount":300},{"posx":16,"posy":7,"amount":100}],"changedObstacles":[]},{"players":[{"playerId":2450708,"score":400,"energy":25,"posx":6,"posy":1,"lastAction":5,"status":0},{"playerId":157815,"score":550,"energy":32,"posx":11,"posy":3,"lastAction":4,"status":0},{"playerId":61319,"score":550,"energy":30,"posx":10,"posy":2,"lastAction":5,"status":0},{"playerId":2231262,"score":550,"energy":21,"posx":16,"posy":7,"lastAction":5,"status":0}],"golds":[{"posx":2,"posy":1,"amount":250},{"posx":20,"posy":1,"amount":150},{"posx":10,"posy":2,"amount":400},{"posx":5,"posy":3,"amount":650},{"posx":11,"posy":3,"amount":450},{"posx":1,"posy":4,"amount":750},{"posx":4,"posy":4,"amount":400},{"posx":7,"posy":4,"amount":200},{"posx":8,"posy":4,"amount":300},{"posx":9,"posy":4,"amount":250},{"posx":6,"posy":5,"amount":650},{"posx":12,"posy":5,"amount":250},{"posx":19,"posy":5,"amount":600},{"posx":19,"posy":6,"amount":300},{"posx":16,"posy":7,"amount":50}],"changedObstacles":[{"type":0,"posx":6,"posy":1,"value":-1}]},{"players":[{"playerId":2450708,"score":400,"energy":24,"posx":5,"posy":1,"lastAction":0,"status":0},{"playerId":157815,"score":600,"energy":27,"posx":11,"posy":3,"lastAction":5,"status":0},{"playerId":61319,"score":600,"energy":25,"posx":10,"posy":2,"lastAction":5,"status":0},{"playerId":2231262,"score":600,"energy":16,"posx":16,"posy":7,"lastAction":5,"status":0}],"golds":[{"posx":2,"posy":1,"amount":250},{"posx":20,"posy":1,"amount":150},{"posx":10,"posy":2,"amount":350},{"posx":5,"posy":3,"amount":650},{"posx":11,"posy":3,"amount":400},{"posx":1,"posy":4,"amount":750},{"posx":4,"posy":4,"amount":400},{"posx":7,"posy":4,"amount":200},{"posx":8,"posy":4,"amount":300},{"posx":9,"posy":4,"amount":250},{"posx":6,"posy":5,"amount":650},{"posx":12,"posy":5,"amount":250},{"posx":19,"posy":5,"amount":600},{"posx":19,"posy":6,"amount":300}],"changedObstacles":[{"type":0,"posx":16,"posy":7,"value":-1}]},{"players":[{"playerId":2450708,"score":400,"energy":23,"posx":5,"posy":2,"lastAction":3,"status":0},{"playerId":157815,"score":650,"energy":22,"posx":11,"posy":3,"lastAction":5,"status":0},{"playerId":61319,"score":650,"energy":20,"posx":10,"posy":2,"lastAction":5,"status":0},{"playerId":2231262,"score":600,"energy":28,"posx":16,"posy":7,"lastAction":4,"status":0}],"golds":[{"posx":2,"posy":1,"amount":250},{"posx":20,"posy":1,"amount":150},{"posx":10,"posy":2,"amount":300},{"posx":5,"posy":3,"amount":650},{"posx":11,"posy":3,"amount":350},{"posx":1,"posy":4,"amount":750},{"posx":4,"posy":4,"amount":400},{"posx":7,"posy":4,"amount":200},{"posx":8,"posy":4,"amount":300},{"posx":9,"posy":4,"amount":250},{"posx":6,"posy":5,"amount":650},{"posx":12,"posy":5,"amount":250},{"posx":19,"posy":5,"amount":600},{"posx":19,"posy":6,"amount":300}],"changedObstacles":[]},{"players":[{"playerId":2450708,"score":400,"energy":19,"posx":5,"posy":3,"lastAction":3,"status":0},{"playerId":157815,"score":700,"energy":17,"posx":11,"posy":3,"lastAction":5,"status":0},{"playerId":61319,"score":700,"energy":15,"posx":10,"posy":2,"lastAction":5,"status":0},{"playerId":2231262,"score":600,"energy":14,"posx":16,"posy":6,"lastAction":2,"status":0}],"golds":[{"posx":2,"posy":1,"amount":250},{"posx":20,"posy":1,"amount":150},{"posx":10,"posy":2,"amount":250},{"posx":5,"posy":3,"amount":650},{"posx":11,"posy":3,"amount":300},{"posx":1,"posy":4,"amount":750},{"posx":4,"posy":4,"amount":400},{"posx":7,"posy":4,"amount":200},{"posx":8,"posy":4,"amount":300},{"posx":9,"posy":4,"amount":250},{"posx":6,"posy":5,"amount":650},{"posx":12,"posy":5,"amount":250},{"posx":19,"posy":5,"amount":600},{"posx":19,"posy":6,"amount":300}],"changedObstacles":[]},{"players":[{"playerId":2450708,"score":450,"energy":14,"posx":5,"posy":3,"lastAction":5,"status":0},{"playerId":157815,"score":750,"energy":12,"posx":11,"posy":3,"lastAction":5,"status":0},{"playerId":61319,"score":750,"energy":10,"posx":10,"posy":2,"lastAction":5,"status":0},{"playerId":2231262,"score":600,"energy":26,"posx":16,"posy":6,"lastAction":4,"status":0}],"golds":[{"posx":2,"posy":1,"amount":250},{"posx":20,"posy":1,"amount":150},{"posx":10,"posy":2,"amount":200},{"posx":5,"posy":3,"amount":600},{"posx":11,"posy":3,"amount":250},{"posx":1,"posy":4,"amount":750},{"posx":4,"posy":4,"amount":400},{"posx":7,"posy":4,"amount":200},{"posx":8,"posy":4,"amount":300},{"posx":9,"posy":4,"amount":250},{"posx":6,"posy":5,"amount":650},{"posx":12,"posy":5,"amount":250},{"posx":19,"posy":5,"amount":600},{"posx":19,"posy":6,"amount":300}],"changedObstacles":[]},{"players":[{"playerId":2450708,"score":500,"energy":9,"posx":5,"posy":3,"lastAction":5,"status":0},{"playerId":157815,"score":800,"energy":7,"posx":11,"posy":3,"lastAction":5,"status":0},{"playerId":61319,"score":800,"energy":5,"posx":10,"posy":2,"lastAction":5,"status":0},{"playerId":2231262,"score":600,"energy":25,"posx":15,"posy":6,"lastAction":0,"status":0}],"golds":[{"posx":2,"posy":1,"amount":250},{"posx":20,"posy":1,"amount":150},{"posx":10,"posy":2,"amount":150},{"posx":5,"posy":3,"amount":550},{"posx":11,"posy":3,"amount":200},{"posx":1,"posy":4,"amount":750},{"posx":4,"posy":4,"amount":400},{"posx":7,"posy":4,"amount":200},{"posx":8,"posy":4,"amount":300},{"posx":9,"posy":4,"amount":250},{"posx":6,"posy":5,"amount":650},{"posx":12,"posy":5,"amount":250},{"posx":19,"posy":5,"amount":600},{"posx":19,"posy":6,"amount":300}],"changedObstacles":[]},{"players":[{"playerId":2450708,"score":550,"energy":4,"posx":5,"posy":3,"lastAction":5,"status":0},{"playerId":157815,"score":850,"energy":2,"posx":11,"posy":3,"lastAction":5,"status":0},{"playerId":61319,"score":800,"energy":17,"posx":10,"posy":2,"lastAction":4,"status":0},{"playerId":2231262,"score":600,"energy":24,"posx":15,"posy":5,"lastAction":2,"status":0}],"golds":[{"posx":2,"posy":1,"amount":250},{"posx":20,"posy":1,"amount":150},{"posx":10,"posy":2,"amount":150},{"posx":5,"posy":3,"amount":500},{"posx":11,"posy":3,"amount":150},{"posx":1,"posy":4,"amount":750},{"posx":4,"posy":4,"amount":400},{"posx":7,"posy":4,"amount":200},{"posx":8,"posy":4,"amount":300},{"posx":9,"posy":4,"amount":250},{"posx":6,"posy":5,"amount":650},{"posx":12,"posy":5,"amount":250},{"posx":19,"posy":5,"amount":600},{"posx":19,"posy":6,"amount":300}],"changedObstacles":[]},{"players":[{"playerId":2450708,"score":550,"energy":16,"posx":5,"posy":3,"lastAction":4,"status":0},{"playerId":157815,"score":850,"energy":14,"posx":11,"posy":3,"lastAction":4,"status":0},{"playerId":61319,"score":850,"energy":12,"posx":10,"posy":2,"lastAction":5,"status":0},{"playerId":2231262,"score":600,"energy":4,"posx":14,"posy":5,"lastAction":0,"status":0}],"golds":[{"posx":2,"posy":1,"amount":250},{"posx":20,"posy":1,"amount":150},{"posx":10,"posy":2,"amount":100},{"posx":5,"posy":3,"amount":500},{"posx":11,"posy":3,"amount":150},{"posx":1,"posy":4,"amount":750},{"posx":4,"posy":4,"amount":400},{"posx":7,"posy":4,"amount":200},{"posx":8,"posy":4,"amount":300},{"posx":9,"posy":4,"amount":250},{"posx":6,"posy":5,"amount":650},{"posx":12,"posy":5,"amount":250},{"posx":19,"posy":5,"amount":600},{"posx":19,"posy":6,"amount":300}],"changedObstacles":[]},{"players":[{"playerId":2450708,"score":550,"energy":32,"posx":5,"posy":3,"lastAction":4,"status":0},{"playerId":157815,"score":900,"energy":9,"posx":11,"posy":3,"lastAction":5,"status":0},{"playerId":61319,"score":900,"energy":7,"posx":10,"posy":2,"lastAction":5,"status":0},{"playerId":2231262,"score":600,"energy":16,"posx":14,"posy":5,"lastAction":4,"status":0}],"golds":[{"posx":2,"posy":1,"amount":250},{"posx":20,"posy":1,"amount":150},{"posx":10,"posy":2,"amount":50},{"posx":5,"posy":3,"amount":500},{"posx":11,"posy":3,"amount":100},{"posx":1,"posy":4,"amount":750},{"posx":4,"posy":4,"amount":400},{"posx":7,"posy":4,"amount":200},{"posx":8,"posy":4,"amount":300},{"posx":9,"posy":4,"amount":250},{"posx":6,"posy":5,"amount":650},{"posx":12,"posy":5,"amount":250},{"posx":19,"posy":5,"amount":600},{"posx":19,"posy":6,"amount":300}],"changedObstacles":[]},{"players":[{"playerId":2450708,"score":550,"energy":50,"posx":5,"posy":3,"lastAction":4,"status":0},{"playerId":157815,"score":950,"energy":4,"posx":11,"posy":3,"lastAction":5,"status":0},{"playerId":61319,"score":950,"energy":2,"posx":10,"posy":2,"lastAction":5,"status":0},{"playerId":2231262,"score":600,"energy":32,"posx":14,"posy":5,"lastAction":4,"status":0}],"golds":[{"posx":2,"posy":1,"amount":250},{"posx":20,"posy":1,"amount":150},{"posx":5,"posy":3,"amount":500},{"posx":11,"posy":3,"amount":50},{"posx":1,"posy":4,"amount":750},{"posx":4,"posy":4,"amount":400},{"posx":7,"posy":4,"amount":200},{"posx":8,"posy":4,"amount":300},{"posx":9,"posy":4,"amount":250},{"posx":6,"posy":5,"amount":650},{"posx":12,"posy":5,"amount":250},{"posx":19,"posy":5,"amount":600},{"posx":19,"posy":6,"amount":300}],"changedObstacles":[{"type":0,"posx":10,"posy":2,"value":-1}]},{"players":[{"playerId":2450708,"score":600,"energy":45,"posx":5,"posy":3,"lastAction":5,"status":0},{"playerId":157815,"score":950,"energy":16,"posx":11,"posy":3,"lastAction":4,"status":0},{"playerId":61319,"score":950,"energy":1,"posx":10,"posy":3,"lastAction":3,"status":0},{"playerId":2231262,"score":600,"energy":27,"posx":13,"posy":5,"lastAction":0,"status":0}],"golds":[{"posx":2,"posy":1,"amount":250},{"posx":20,"posy":1,"amount":150},{"posx":5,"posy":3,"amount":450},{"posx":11,"posy":3,"amount":50},{"posx":1,"posy":4,"amount":750},{"posx":4,"posy":4,"amount":400},{"posx":7,"posy":4,"amount":200},{"posx":8,"posy":4,"amount":300},{"posx":9,"posy":4,"amount":250},{"posx":6,"posy":5,"amount":650},{"posx":12,"posy":5,"amount":250},{"posx":19,"posy":5,"amount":600},{"posx":19,"posy":6,"amount":300}],"changedObstacles":[{"type":3,"posx":13,"posy":5,"value":-20}]},{"players":[{"playerId":2450708,"score":650,"energy":40,"posx":5,"posy":3,"lastAction":5,"status":0},{"playerId":157815,"score":1000,"energy":11,"posx":11,"posy":3,"lastAction":5,"status":0},{"playerId":61319,"score":950,"energy":13,"posx":10,"posy":3,"lastAction":4,"status":0},{"playerId":2231262,"score":600,"energy":23,"posx":12,"posy":5,"lastAction":0,"status":0}],"golds":[{"posx":2,"posy":1,"amount":250},{"posx":20,"posy":1,"amount":150},{"posx":5,"posy":3,"amount":400},{"posx":1,"posy":4,"amount":750},{"posx":4,"posy":4,"amount":400},{"posx":7,"posy":4,"amount":200},{"posx":8,"posy":4,"amount":300},{"posx":9,"posy":4,"amount":250},{"posx":6,"posy":5,"amount":650},{"posx":12,"posy":5,"amount":250},{"posx":19,"posy":5,"amount":600},{"posx":19,"posy":6,"amount":300}],"changedObstacles":[{"type":0,"posx":11,"posy":3,"value":-1}]},{"players":[{"playerId":2450708,"score":700,"energy":35,"posx":5,"posy":3,"lastAction":5,"status":0},{"playerId":157815,"score":1000,"energy":10,"posx":10,"posy":3,"lastAction":0,"status":0},{"playerId":61319,"score":950,"energy":29,"posx":10,"posy":3,"lastAction":4,"status":0},{"playerId":2231262,"score":650,"energy":18,"posx":12,"posy":5,"lastAction":5,"status":0}],"golds":[{"posx":2,"posy":1,"amount":250},{"posx":20,"posy":1,"amount":150},{"posx":5,"posy":3,"amount":350},{"posx":1,"posy":4,"amount":750},{"posx":4,"posy":4,"amount":400},{"posx":7,"posy":4,"amount":200},{"posx":8,"posy":4,"amount":300},{"posx":9,"posy":4,"amount":250},{"posx":6,"posy":5,"amount":650},{"posx":12,"posy":5,"amount":200},{"posx":19,"posy":5,"amount":600},{"posx":19,"posy":6,"amount":300}],"changedObstacles":[]},{"players":[{"playerId":2450708,"score":750,"energy":30,"posx":5,"posy":3,"lastAction":5,"status":0},{"playerId":157815,"score":1000,"energy":22,"posx":10,"posy":3,"lastAction":4,"status":0},{"playerId":61319,"score":950,"energy":19,"posx":10,"posy":4,"lastAction":3,"status":0},{"playerId":2231262,"score":700,"energy":13,"posx":12,"posy":5,"lastAction":5,"status":0}],"golds":[{"posx":2,"posy":1,"amount":250},{"posx":20,"posy":1,"amount":150},{"posx":5,"posy":3,"amount":300},{"posx":1,"posy":4,"amount":750},{"posx":4,"posy":4,"amount":400},{"posx":7,"posy":4,"amount":200},{"posx":8,"posy":4,"amount":300},{"posx":9,"posy":4,"amount":250},{"posx":6,"posy":5,"amount":650},{"posx":12,"posy":5,"amount":150},{"posx":19,"posy":5,"amount":600},{"posx":19,"posy":6,"amount":300}],"changedObstacles":[{"type":0,"posx":10,"posy":4,"value":-1}]},{"players":[{"playerId":2450708,"score":800,"energy":25,"posx":5,"posy":3,"lastAction":5,"status":0},{"playerId":157815,"score":1000,"energy":38,"posx":10,"posy":3,"lastAction":4,"status":0},{"playerId":61319,"score":950,"energy":15,"posx":9,"posy":4,"lastAction":0,"status":0},{"playerId":2231262,"score":700,"energy":25,"posx":12,"posy":5,"lastAction":4,"status":0}],"golds":[{"posx":2,"posy":1,"amount":250},{"posx":20,"posy":1,"amount":150},{"posx":5,"posy":3,"amount":250},{"posx":1,"posy":4,"amount":750},{"posx":4,"posy":4,"amount":400},{"posx":7,"posy":4,"amount":200},{"posx":8,"posy":4,"amount":300},{"posx":9,"posy":4,"amount":250},{"posx":6,"posy":5,"amount":650},{"posx":12,"posy":5,"amount":150},{"posx":19,"posy":5,"amount":600},{"posx":19,"posy":6,"amount":300}],"changedObstacles":[]},{"players":[{"playerId":2450708,"score":850,"energy":20,"posx":5,"posy":3,"lastAction":5,"status":0},{"playerId":157815,"score":1000,"energy":37,"posx":10,"posy":4,"lastAction":3,"status":0},{"playerId":61319,"score":1000,"energy":10,"posx":9,"posy":4,"lastAction":5,"status":0},{"playerId":2231262,"score":750,"energy":20,"posx":12,"posy":5,"lastAction":5,"status":0}],"golds":[{"posx":2,"posy":1,"amount":250},{"posx":20,"posy":1,"amount":150},{"posx":5,"posy":3,"amount":200},{"posx":1,"posy":4,"amount":750},{"posx":4,"posy":4,"amount":400},{"posx":7,"posy":4,"amount":200},{"posx":8,"posy":4,"amount":300},{"posx":9,"posy":4,"amount":200},{"posx":6,"posy":5,"amount":650},{"posx":12,"posy":5,"amount":100},{"posx":19,"posy":5,"amount":600},{"posx":19,"posy":6,"amount":300}],"changedObstacles":[]},{"players":[{"playerId":2450708,"score":900,"energy":15,"posx":5,"posy":3,"lastAction":5,"status":0},{"playerId":157815,"score":1000,"energy":33,"posx":9,"posy":4,"lastAction":0,"status":0},{"playerId":61319,"score":1050,"energy":5,"posx":9,"posy":4,"lastAction":5,"status":0},{"playerId":2231262,"score":800,"energy":15,"posx":12,"posy":5,"lastAction":5,"status":0}],"golds":[{"posx":2,"posy":1,"amount":250},{"posx":20,"posy":1,"amount":150},{"posx":5,"posy":3,"amount":150},{"posx":1,"posy":4,"amount":750},{"posx":4,"posy":4,"amount":400},{"posx":7,"posy":4,"amount":200},{"posx":8,"posy":4,"amount":300},{"posx":9,"posy":4,"amount":150},{"posx":6,"posy":5,"amount":650},{"posx":12,"posy":5,"amount":50},{"posx":19,"posy":5,"amount":600},{"posx":19,"posy":6,"amount":300}],"changedObstacles":[]},{"players":[{"playerId":2450708,"score":950,"energy":10,"posx":5,"posy":3,"lastAction":5,"status":0},{"playerId":157815,"score":1050,"energy":28,"posx":9,"posy":4,"lastAction":5,"status":0},{"playerId":61319,"score":1050,"energy":17,"posx":9,"posy":4,"lastAction":4,"status":0},{"playerId":2231262,"score":800,"energy":27,"posx":12,"posy":5,"lastAction":4,"status":0}],"golds":[{"posx":2,"posy":1,"amount":250},{"posx":20,"posy":1,"amount":150},{"posx":5,"posy":3,"amount":100},{"posx":1,"posy":4,"amount":750},{"posx":4,"posy":4,"amount":400},{"posx":7,"posy":4,"amount":200},{"posx":8,"posy":4,"amount":300},{"posx":9,"posy":4,"amount":100},{"posx":6,"posy":5,"amount":650},{"posx":12,"posy":5,"amount":50},{"posx":19,"posy":5,"amount":600},{"posx":19,"posy":6,"amount":300}],"changedObstacles":[]},{"players":[{"playerId":2450708,"score":1000,"energy":5,"posx":5,"posy":3,"lastAction":5,"status":0},{"playerId":157815,"score":1100,"energy":23,"posx":9,"posy":4,"lastAction":5,"status":0},{"playerId":61319,"score":1100,"energy":12,"posx":9,"posy":4,"lastAction":5,"status":0},{"playerId":2231262,"score":850,"energy":22,"posx":12,"posy":5,"lastAction":5,"status":0}],"golds":[{"posx":2,"posy":1,"amount":250},{"posx":20,"posy":1,"amount":150},{"posx":5,"posy":3,"amount":50},{"posx":1,"posy":4,"amount":750},{"posx":4,"posy":4,"amount":400},{"posx":7,"posy":4,"amount":200},{"posx":8,"posy":4,"amount":300},{"posx":6,"posy":5,"amount":650},{"posx":19,"posy":5,"amount":600},{"posx":19,"posy":6,"amount":300}],"changedObstacles":[{"type":0,"posx":9,"posy":4,"value":-1},{"type":0,"posx":12,"posy":5,"value":-1}]},{"players":[{"playerId":2450708,"score":1000,"energy":17,"posx":5,"posy":3,"lastAction":4,"status":0},{"playerId":157815,"score":1100,"energy":19,"posx":8,"posy":4,"lastAction":0,"status":0},{"playerId":61319,"score":1100,"energy":8,"posx":8,"posy":4,"lastAction":0,"status":0},{"playerId":2231262,"score":850,"energy":21,"posx":12,"posy":4,"lastAction":2,"status":0}],"golds":[{"posx":2,"posy":1,"amount":250},{"posx":20,"posy":1,"amount":150},{"posx":5,"posy":3,"amount":50},{"posx":1,"posy":4,"amount":750},{"posx":4,"posy":4,"amount":400},{"posx":7,"posy":4,"amount":200},{"posx":8,"posy":4,"amount":300},{"posx":6,"posy":5,"amount":650},{"posx":19,"posy":5,"amount":600},{"posx":19,"posy":6,"amount":300}],"changedObstacles":[]},{"players":[{"playerId":2450708,"score":1000,"energy":33,"posx":5,"posy":3,"lastAction":4,"status":0},{"playerId":157815,"score":1150,"energy":14,"posx":8,"posy":4,"lastAction":5,"status":0},{"playerId":61319,"score":1150,"energy":3,"posx":8,"posy":4,"lastAction":5,"status":0},{"playerId":2231262,"score":850,"energy":2,"posx":11,"posy":4,"lastAction":0,"status":0}],"golds":[{"posx":2,"posy":1,"amount":250},{"posx":20,"posy":1,"amount":150},{"posx":5,"posy":3,"amount":50},{"posx":1,"posy":4,"amount":750},{"posx":4,"posy":4,"amount":400},{"posx":7,"posy":4,"amount":200},{"posx":8,"posy":4,"amount":200},{"posx":6,"posy":5,"amount":650},{"posx":19,"posy":5,"amount":600},{"posx":19,"posy":6,"amount":300}],"changedObstacles":[]},{"players":[{"playerId":2450708,"score":1000,"energy":50,"posx":5,"posy":3,"lastAction":4,"status":0},{"playerId":157815,"score":1200,"energy":9,"posx":8,"posy":4,"lastAction":5,"status":0},{"playerId":61319,"score":1150,"energy":15,"posx":8,"posy":4,"lastAction":4,"status":0},{"playerId":2231262,"score":850,"energy":14,"posx":11,"posy":4,"lastAction":4,"status":0}],"golds":[{"posx":2,"posy":1,"amount":250},{"posx":20,"posy":1,"amount":150},{"posx":5,"posy":3,"amount":50},{"posx":1,"posy":4,"amount":750},{"posx":4,"posy":4,"amount":400},{"posx":7,"posy":4,"amount":200},{"posx":8,"posy":4,"amount":150},{"posx":6,"posy":5,"amount":650},{"posx":19,"posy":5,"amount":600},{"posx":19,"posy":6,"amount":300}],"changedObstacles":[]},{"players":[{"playerId":2450708,"score":1050,"energy":45,"posx":5,"posy":3,"lastAction":5,"status":0},{"playerId":157815,"score":1250,"energy":4,"posx":8,"posy":4,"lastAction":5,"status":0},{"playerId":61319,"score":1200,"energy":10,"posx":8,"posy":4,"lastAction":5,"status":0},{"playerId":2231262,"score":850,"energy":30,"posx":11,"posy":4,"lastAction":4,"status":0}],"golds":[{"posx":2,"posy":1,"amount":250},{"posx":20,"posy":1,"amount":150},{"posx":1,"posy":4,"amount":750},{"posx":4,"posy":4,"amount":400},{"posx":7,"posy":4,"amount":200},{"posx":8,"posy":4,"amount":50},{"posx":6,"posy":5,"amount":650},{"posx":19,"posy":5,"amount":600},{"posx":19,"posy":6,"amount":300}],"changedObstacles":[{"type":0,"posx":5,"posy":3,"value":-1}]},{"players":[{"playerId":2450708,"score":1050,"energy":40,"posx":5,"posy":4,"lastAction":3,"status":0},{"playerId":157815,"score":1250,"energy":16,"posx":8,"posy":4,"lastAction":4,"status":0},{"playerId":61319,"score":1250,"energy":5,"posx":8,"posy":4,"lastAction":5,"status":0},{"playerId":2231262,"score":850,"energy":29,"posx":10,"posy":4,"lastAction":0,"status":0}],"golds":[{"posx":2,"posy":1,"amount":250},{"posx":20,"posy":1,"amount":150},{"posx":1,"posy":4,"amount":750},{"posx":4,"posy":4,"amount":400},{"posx":7,"posy":4,"amount":200},{"posx":6,"posy":5,"amount":650},{"posx":19,"posy":5,"amount":600},{"posx":19,"posy":6,"amount":300}],"changedObstacles":[{"type":3,"posx":5,"posy":4,"value":-20},{"type":0,"posx":8,"posy":4,"value":-1}]},{"players":[{"playerId":2450708,"score":1050,"energy":36,"posx":4,"posy":4,"lastAction":0,"status":0},{"playerId":157815,"score":1250,"energy":32,"posx":8,"posy":4,"lastAction":4,"status":0},{"playerId":61319,"score":1250,"energy":1,"posx":7,"posy":4,"lastAction":0,"status":0},{"playerId":2231262,"score":850,"energy":28,"posx":9,"posy":4,"lastAction":0,"status":0}],"golds":[{"posx":2,"posy":1,"amount":250},{"posx":20,"posy":1,"amount":150},{"posx":1,"posy":4,"amount":750},{"posx":4,"posy":4,"amount":400},{"posx":7,"posy":4,"amount":200},{"posx":6,"posy":5,"amount":650},{"posx":19,"posy":5,"amount":600},{"posx":19,"posy":6,"amount":300}],"changedObstacles":[]},{"players":[{"playerId":2450708,"score":1100,"energy":31,"posx":4,"posy":4,"lastAction":5,"status":0},{"playerId":157815,"score":1250,"energy":50,"posx":8,"posy":4,"lastAction":4,"status":0},{"playerId":61319,"score":1250,"energy":13,"posx":7,"posy":4,"lastAction":4,"status":0},{"playerId":2231262,"score":850,"energy":27,"posx":8,"posy":4,"lastAction":0,"status":0}],"golds":[{"posx":2,"posy":1,"amount":250},{"posx":20,"posy":1,"amount":150},{"posx":1,"posy":4,"amount":750},{"posx":4,"posy":4,"amount":350},{"posx":7,"posy":4,"amount":200},{"posx":6,"posy":5,"amount":650},{"posx":19,"posy":5,"amount":600},{"posx":19,"posy":6,"amount":300}],"changedObstacles":[]},{"players":[{"playerId":2450708,"score":1150,"energy":26,"posx":4,"posy":4,"lastAction":5,"status":0},{"playerId":157815,"score":1250,"energy":46,"posx":7,"posy":4,"lastAction":0,"status":0},{"playerId":61319,"score":1250,"energy":29,"posx":7,"posy":4,"lastAction":4,"status":0},{"playerId":2231262,"score":850,"energy":23,"posx":7,"posy":4,"lastAction":0,"status":0}],"golds":[{"posx":2,"posy":1,"amount":250},{"posx":20,"posy":1,"amount":150},{"posx":1,"posy":4,"amount":750},{"posx":4,"posy":4,"amount":300},{"posx":7,"posy":4,"amount":200},{"posx":6,"posy":5,"amount":650},{"posx":19,"posy":5,"amount":600},{"posx":19,"posy":6,"amount":300}],"changedObstacles":[]},{"players":[{"playerId":2450708,"score":1200,"energy":21,"posx":4,"posy":4,"lastAction":5,"status":0},{"playerId":157815,"score":1300,"energy":41,"posx":7,"posy":4,"lastAction":5,"status":0},{"playerId":61319,"score":1300,"energy":24,"posx":7,"posy":4,"lastAction":5,"status":0},{"playerId":2231262,"score":900,"energy":18,"posx":7,"posy":4,"lastAction":5,"status":0}],"golds":[{"posx":2,"posy":1,"amount":250},{"posx":20,"posy":1,"amount":150},{"posx":1,"posy":4,"amount":750},{"posx":4,"posy":4,"amount":250},{"posx":7,"posy":4,"amount":50},{"posx":6,"posy":5,"amount":650},{"posx":19,"posy":5,"amount":600},{"posx":19,"posy":6,"amount":300}],"changedObstacles":[]},{"players":[{"playerId":2450708,"score":1250,"energy":16,"posx":4,"posy":4,"lastAction":5,"status":0},{"playerId":157815,"score":1300,"energy":31,"posx":7,"posy":5,"lastAction":3,"status":0},{"playerId":61319,"score":1325,"energy":19,"posx":7,"posy":4,"lastAction":5,"status":0},{"playerId":2231262,"score":925,"energy":13,"posx":7,"posy":4,"lastAction":5,"status":0}],"golds":[{"posx":2,"posy":1,"amount":250},{"posx":20,"posy":1,"amount":150},{"posx":1,"posy":4,"amount":750},{"posx":4,"posy":4,"amount":200},{"posx":6,"posy":5,"amount":650},{"posx":19,"posy":5,"amount":600},{"posx":19,"posy":6,"amount":300}],"changedObstacles":[{"type":0,"posx":7,"posy":5,"value":-1},{"type":0,"posx":7,"posy":4,"value":-1}]},{"players":[{"playerId":2450708,"score":1300,"energy":11,"posx":4,"posy":4,"lastAction":5,"status":0},{"playerId":157815,"score":1300,"energy":27,"posx":6,"posy":5,"lastAction":0,"status":0},{"playerId":61319,"score":1325,"energy":18,"posx":7,"posy":5,"lastAction":3,"status":0},{"playerId":2231262,"score":925,"energy":25,"posx":7,"posy":4,"lastAction":4,"status":0}],"golds":[{"posx":2,"posy":1,"amount":250},{"posx":20,"posy":1,"amount":150},{"posx":1,"posy":4,"amount":750},{"posx":4,"posy":4,"amount":150},{"posx":6,"posy":5,"amount":650},{"posx":19,"posy":5,"amount":600},{"posx":19,"posy":6,"amount":300}],"changedObstacles":[]},{"players":[{"playerId":2450708,"score":1350,"energy":6,"posx":4,"posy":4,"lastAction":5,"status":0},{"playerId":157815,"score":1350,"energy":22,"posx":6,"posy":5,"lastAction":5,"status":0},{"playerId":61319,"score":1325,"energy":14,"posx":6,"posy":5,"lastAction":0,"status":0},{"playerId":2231262,"score":925,"energy":24,"posx":7,"posy":5,"lastAction":3,"status":0}],"golds":[{"posx":2,"posy":1,"amount":250},{"posx":20,"posy":1,"amount":150},{"posx":1,"posy":4,"amount":750},{"posx":4,"posy":4,"amount":100},{"posx":6,"posy":5,"amount":600},{"posx":19,"posy":5,"amount":600},{"posx":19,"posy":6,"amount":300}],"changedObstacles":[]},{"players":[{"playerId":2450708,"score":1400,"energy":1,"posx":4,"posy":4,"lastAction":5,"status":0},{"playerId":157815,"score":1400,"energy":17,"posx":6,"posy":5,"lastAction":5,"status":0},{"playerId":61319,"score":1375,"energy":9,"posx":6,"posy":5,"lastAction":5,"status":0},{"playerId":2231262,"score":925,"energy":20,"posx":6,"posy":5,"lastAction":0,"status":0}],"golds":[{"posx":2,"posy":1,"amount":250},{"posx":20,"posy":1,"amount":150},{"posx":1,"posy":4,"amount":750},{"posx":4,"posy":4,"amount":50},{"posx":6,"posy":5,"amount":500},{"posx":19,"posy":5,"amount":600},{"posx":19,"posy":6,"amount":300}],"changedObstacles":[]},{"players":[{"playerId":2450708,"score":1400,"energy":13,"posx":4,"posy":4,"lastAction":4,"status":0},{"playerId":157815,"score":1450,"energy":12,"posx":6,"posy":5,"lastAction":5,"status":0},{"playerId":61319,"score":1425,"energy":4,"posx":6,"posy":5,"lastAction":5,"status":0},{"playerId":2231262,"score":975,"energy":15,"posx":6,"posy":5,"lastAction":5,"status":0}],"golds":[{"posx":2,"posy":1,"amount":250},{"posx":20,"posy":1,"amount":150},{"posx":1,"posy":4,"amount":750},{"posx":4,"posy":4,"amount":50},{"posx":6,"posy":5,"amount":350},{"posx":19,"posy":5,"amount":600},{"posx":19,"posy":6,"amount":300}],"changedObstacles":[]},{"players":[{"playerId":2450708,"score":1400,"energy":29,"posx":4,"posy":4,"lastAction":4,"status":0},{"playerId":157815,"score":1500,"energy":7,"posx":6,"posy":5,"lastAction":5,"status":0},{"playerId":61319,"score":1425,"energy":16,"posx":6,"posy":5,"lastAction":4,"status":0},{"playerId":2231262,"score":975,"energy":27,"posx":6,"posy":5,"lastAction":4,"status":0}],"golds":[{"posx":2,"posy":1,"amount":250},{"posx":20,"posy":1,"amount":150},{"posx":1,"posy":4,"amount":750},{"posx":4,"posy":4,"amount":50},{"posx":6,"posy":5,"amount":300},{"posx":19,"posy":5,"amount":600},{"posx":19,"posy":6,"amount":300}],"changedObstacles":[]},{"players":[{"playerId":2450708,"score":1400,"energy":50,"posx":4,"posy":4,"lastAction":4,"status":0},{"playerId":157815,"score":1550,"energy":2,"posx":6,"posy":5,"lastAction":5,"status":0},{"playerId":61319,"score":1475,"energy":11,"posx":6,"posy":5,"lastAction":5,"status":0},{"playerId":2231262,"score":1025,"energy":22,"posx":6,"posy":5,"lastAction":5,"status":0}],"golds":[{"posx":2,"posy":1,"amount":250},{"posx":20,"posy":1,"amount":150},{"posx":1,"posy":4,"amount":750},{"posx":4,"posy":4,"amount":50},{"posx":6,"posy":5,"amount":150},{"posx":19,"posy":5,"amount":600},{"posx":19,"posy":6,"amount":300}],"changedObstacles":[]},{"players":[{"playerId":2450708,"score":1450,"energy":45,"posx":4,"posy":4,"lastAction":5,"status":0},{"playerId":157815,"score":1550,"energy":14,"posx":6,"posy":5,"lastAction":4,"status":0},{"playerId":61319,"score":1525,"energy":6,"posx":6,"posy":5,"lastAction":5,"status":0},{"playerId":2231262,"score":1075,"energy":17,"posx":6,"posy":5,"lastAction":5,"status":0}],"golds":[{"posx":2,"posy":1,"amount":250},{"posx":20,"posy":1,"amount":150},{"posx":1,"posy":4,"amount":750},{"posx":6,"posy":5,"amount":50},{"posx":19,"posy":5,"amount":600},{"posx":19,"posy":6,"amount":300}],"changedObstacles":[{"type":0,"posx":4,"posy":4,"value":-1}]},{"players":[{"playerId":2450708,"score":1450,"energy":34,"posx":4,"posy":3,"lastAction":2,"status":0},{"playerId":157815,"score":1550,"energy":30,"posx":6,"posy":5,"lastAction":4,"status":0},{"playerId":61319,"score":1550,"energy":1,"posx":6,"posy":5,"lastAction":5,"status":0},{"playerId":2231262,"score":1100,"energy":12,"posx":6,"posy":5,"lastAction":5,"status":0}],"golds":[{"posx":2,"posy":1,"amount":250},{"posx":20,"posy":1,"amount":150},{"posx":1,"posy":4,"amount":750},{"posx":19,"posy":5,"amount":600},{"posx":19,"posy":6,"amount":300}],"changedObstacles":[{"type":0,"posx":6,"posy":5,"value":-1}]},{"players":[{"playerId":2450708,"score":1450,"energy":33,"posx":3,"posy":3,"lastAction":0,"status":0},{"playerId":157815,"score":1550,"energy":50,"posx":6,"posy":5,"lastAction":4,"status":0},{"playerId":61319,"score":1550,"energy":13,"posx":6,"posy":5,"lastAction":4,"status":0},{"playerId":2231262,"score":1100,"energy":24,"posx":6,"posy":5,"lastAction":4,"status":0}],"golds":[{"posx":2,"posy":1,"amount":250},{"posx":20,"posy":1,"amount":150},{"posx":1,"posy":4,"amount":750},{"posx":19,"posy":5,"amount":600},{"posx":19,"posy":6,"amount":300}],"changedObstacles":[]},{"players":[{"playerId":2450708,"score":1450,"energy":32,"posx":3,"posy":2,"lastAction":2,"status":0},{"playerId":157815,"score":1550,"energy":40,"posx":5,"posy":5,"lastAction":0,"status":0},{"playerId":61319,"score":1550,"energy":29,"posx":6,"posy":5,"lastAction":4,"status":0},{"playerId":2231262,"score":1100,"energy":14,"posx":5,"posy":5,"lastAction":0,"status":0}],"golds":[{"posx":2,"posy":1,"amount":250},{"posx":20,"posy":1,"amount":150},{"posx":1,"posy":4,"amount":750},{"posx":19,"posy":5,"amount":600},{"posx":19,"posy":6,"amount":300}],"changedObstacles":[{"type":0,"posx":5,"posy":5,"value":-1}]},{"players":[{"playerId":2450708,"score":1450,"energy":31,"posx":2,"posy":2,"lastAction":0,"status":0},{"playerId":157815,"score":1550,"energy":35,"posx":4,"posy":5,"lastAction":0,"status":0},{"playerId":61319,"score":1550,"energy":50,"posx":6,"posy":5,"lastAction":4,"status":0},{"playerId":2231262,"score":1100,"energy":26,"posx":5,"posy":5,"lastAction":4,"status":0}],"golds":[{"posx":2,"posy":1,"amount":250},{"posx":20,"posy":1,"amount":150},{"posx":1,"posy":4,"amount":750},{"posx":19,"posy":5,"amount":600},{"posx":19,"posy":6,"amount":300}],"changedObstacles":[{"type":3,"posx":4,"posy":5,"value":-20}]},{"players":[{"playerId":2450708,"score":1450,"energy":27,"posx":2,"posy":1,"lastAction":2,"status":0},{"playerId":157815,"score":1550,"energy":34,"posx":5,"posy":5,"lastAction":1,"status":0},{"playerId":61319,"score":1550,"energy":49,"posx":5,"posy":5,"lastAction":0,"status":0},{"playerId":2231262,"score":1100,"energy":6,"posx":5,"posy":4,"lastAction":2,"status":0}],"golds":[{"posx":2,"posy":1,"amount":250},{"posx":20,"posy":1,"amount":150},{"posx":1,"posy":4,"amount":750},{"posx":19,"posy":5,"amount":600},{"posx":19,"posy":6,"amount":300}],"changedObstacles":[{"type":3,"posx":5,"posy":4,"value":-40}]},{"players":[{"playerId":2450708,"score":1500,"energy":22,"posx":2,"posy":1,"lastAction":5,"status":0},{"playerId":157815,"score":1550,"energy":33,"posx":6,"posy":5,"lastAction":1,"status":0},{"playerId":61319,"score":1550,"energy":29,"posx":4,"posy":5,"lastAction":0,"status":0},{"playerId":2231262,"score":1100,"energy":18,"posx":5,"posy":4,"lastAction":4,"status":0}],"golds":[{"posx":2,"posy":1,"amount":200},{"posx":20,"posy":1,"amount":150},{"posx":1,"posy":4,"amount":750},{"posx":19,"posy":5,"amount":600},{"posx":19,"posy":6,"amount":300}],"changedObstacles":[{"type":3,"posx":4,"posy":5,"value":-40}]},{"players":[{"playerId":2450708,"score":1550,"energy":17,"posx":2,"posy":1,"lastAction":5,"status":0},{"playerId":157815,"score":1550,"energy":32,"posx":7,"posy":5,"lastAction":1,"status":0},{"playerId":61319,"score":1550,"energy":24,"posx":3,"posy":5,"lastAction":0,"status":0},{"playerId":2231262,"score":1100,"energy":17,"posx":4,"posy":4,"lastAction":0,"status":0}],"golds":[{"posx":2,"posy":1,"amount":150},{"posx":20,"posy":1,"amount":150},{"posx":1,"posy":4,"amount":750},{"posx":19,"posy":5,"amount":600},{"posx":19,"posy":6,"amount":300}],"changedObstacles":[{"type":3,"posx":3,"posy":5,"value":-20}]},{"players":[{"playerId":2450708,"score":1600,"energy":12,"posx":2,"posy":1,"lastAction":5,"status":0},{"playerId":157815,"score":1550,"energy":31,"posx":7,"posy":6,"lastAction":3,"status":0},{"playerId":61319,"score":1550,"energy":23,"posx":2,"posy":5,"lastAction":0,"status":0},{"playerId":2231262,"score":1100,"energy":29,"posx":4,"posy":4,"lastAction":4,"status":0}],"golds":[{"posx":2,"posy":1,"amount":100},{"posx":20,"posy":1,"amount":150},{"posx":1,"posy":4,"amount":750},{"posx":19,"posy":5,"amount":600},{"posx":19,"posy":6,"amount":300}],"changedObstacles":[]},{"players":[{"playerId":2450708,"score":1650,"energy":7,"posx":2,"posy":1,"lastAction":5,"status":0},{"playerId":157815,"score":1550,"energy":30,"posx":8,"posy":6,"lastAction":1,"status":0},{"playerId":61319,"score":1550,"energy":8,"posx":1,"posy":5,"lastAction":0,"status":0},{"playerId":2231262,"score":1100,"energy":20,"posx":3,"posy":4,"lastAction":0,"status":0}],"golds":[{"posx":2,"posy":1,"amount":50},{"posx":20,"posy":1,"amount":150},{"posx":1,"posy":4,"amount":750},{"posx":19,"posy":5,"amount":600},{"posx":19,"posy":6,"amount":300}],"changedObstacles":[]},{"players":[{"playerId":2450708,"score":1700,"energy":2,"posx":2,"posy":1,"lastAction":5,"status":0},{"playerId":157815,"score":1550,"energy":29,"posx":9,"posy":6,"lastAction":1,"status":0},{"playerId":61319,"score":1550,"energy":4,"posx":1,"posy":4,"lastAction":2,"status":0},{"playerId":2231262,"score":1100,"energy":32,"posx":3,"posy":4,"lastAction":4,"status":0}],"golds":[{"posx":20,"posy":1,"amount":150},{"posx":1,"posy":4,"amount":750},{"posx":19,"posy":5,"amount":600},{"posx":19,"posy":6,"amount":300}],"changedObstacles":[{"type":0,"posx":2,"posy":1,"value":-1}]},{"players":[{"playerId":2450708,"score":1700,"energy":14,"posx":2,"posy":1,"lastAction":4,"status":0},{"playerId":157815,"score":1550,"energy":28,"posx":10,"posy":6,"lastAction":1,"status":0},{"playerId":61319,"score":1550,"energy":16,"posx":1,"posy":4,"lastAction":4,"status":0},{"playerId":2231262,"score":1100,"energy":20,"posx":2,"posy":4,"lastAction":0,"status":0}],"golds":[{"posx":20,"posy":1,"amount":150},{"posx":1,"posy":4,"amount":750},{"posx":19,"posy":5,"amount":600},{"posx":19,"posy":6,"amount":300}],"changedObstacles":[]},{"players":[{"playerId":2450708,"score":1700,"energy":30,"posx":2,"posy":1,"lastAction":4,"status":0},{"playerId":157815,"score":1550,"energy":18,"posx":11,"posy":6,"lastAction":1,"status":0},{"playerId":61319,"score":1550,"energy":32,"posx":1,"posy":4,"lastAction":4,"status":0},{"playerId":2231262,"score":1100,"energy":16,"posx":1,"posy":4,"lastAction":0,"status":0}],"golds":[{"posx":20,"posy":1,"amount":150},{"posx":1,"posy":4,"amount":750},{"posx":19,"posy":5,"amount":600},{"posx":19,"posy":6,"amount":300}],"changedObstacles":[{"type":0,"posx":11,"posy":6,"value":-1}]},{"players":[{"playerId":2450708,"score":1700,"energy":21,"posx":3,"posy":1,"lastAction":1,"status":0},{"playerId":157815,"score":1550,"energy":8,"posx":12,"posy":6,"lastAction":1,"status":0},{"playerId":61319,"score":1550,"energy":50,"posx":1,"posy":4,"lastAction":4,"status":0},{"playerId":2231262,"score":1100,"energy":28,"posx":1,"posy":4,"lastAction":4,"status":0}],"golds":[{"posx":20,"posy":1,"amount":150},{"posx":1,"posy":4,"amount":750},{"posx":19,"posy":5,"amount":600},{"posx":19,"posy":6,"amount":300}],"changedObstacles":[{"type":0,"posx":12,"posy":6,"value":-1}]},{"players":[{"playerId":2450708,"score":1700,"energy":11,"posx":4,"posy":1,"lastAction":1,"status":0},{"playerId":157815,"score":1550,"energy":3,"posx":13,"posy":6,"lastAction":1,"status":0},{"playerId":61319,"score":1600,"energy":45,"posx":1,"posy":4,"lastAction":5,"status":0},{"playerId":2231262,"score":1150,"energy":23,"posx":1,"posy":4,"lastAction":5,"status":0}],"golds":[{"posx":20,"posy":1,"amount":150},{"posx":1,"posy":4,"amount":650},{"posx":19,"posy":5,"amount":600},{"posx":19,"posy":6,"amount":300}],"changedObstacles":[{"type":0,"posx":4,"posy":1,"value":-1},{"type":3,"posx":13,"posy":6,"value":-20}]},{"players":[{"playerId":2450708,"score":1700,"energy":10,"posx":5,"posy":1,"lastAction":1,"status":0},{"playerId":157815,"score":1550,"energy":2,"posx":14,"posy":6,"lastAction":1,"status":0},{"playerId":61319,"score":1650,"energy":40,"posx":1,"posy":4,"lastAction":5,"status":0},{"playerId":2231262,"score":1200,"energy":18,"posx":1,"posy":4,"lastAction":5,"status":0}],"golds":[{"posx":20,"posy":1,"amount":150},{"posx":1,"posy":4,"amount":550},{"posx":19,"posy":5,"amount":600},{"posx":19,"posy":6,"amount":300}],"changedObstacles":[]},{"players":[{"playerId":2450708,"score":1700,"energy":9,"posx":6,"posy":1,"lastAction":1,"status":0},{"playerId":157815,"score":1550,"energy":1,"posx":15,"posy":6,"lastAction":1,"status":0},{"playerId":61319,"score":1700,"energy":35,"posx":1,"posy":4,"lastAction":5,"status":0},{"playerId":2231262,"score":1250,"energy":13,"posx":1,"posy":4,"lastAction":5,"status":0}],"golds":[{"posx":20,"posy":1,"amount":150},{"posx":1,"posy":4,"amount":450},{"posx":19,"posy":5,"amount":600},{"posx":19,"posy":6,"amount":300}],"changedObstacles":[]},{"players":[{"playerId":2450708,"score":1700,"energy":8,"posx":7,"posy":1,"lastAction":1,"status":0},{"playerId":157815,"score":1550,"energy":13,"posx":15,"posy":6,"lastAction":4,"status":0},{"playerId":61319,"score":1750,"energy":30,"posx":1,"posy":4,"lastAction":5,"status":0},{"playerId":2231262,"score":1250,"energy":25,"posx":1,"posy":4,"lastAction":4,"status":0}],"golds":[{"posx":20,"posy":1,"amount":150},{"posx":1,"posy":4,"amount":400},{"posx":19,"posy":5,"amount":600},{"posx":19,"posy":6,"amount":300}],"changedObstacles":[]},{"players":[{"playerId":2450708,"score":1700,"energy":7,"posx":8,"posy":1,"lastAction":1,"status":0},{"playerId":157815,"score":1550,"energy":29,"posx":15,"posy":6,"lastAction":4,"status":0},{"playerId":61319,"score":1800,"energy":25,"posx":1,"posy":4,"lastAction":5,"status":0},{"playerId":2231262,"score":1300,"energy":20,"posx":1,"posy":4,"lastAction":5,"status":0}],"golds":[{"posx":20,"posy":1,"amount":150},{"posx":1,"posy":4,"amount":300},{"posx":19,"posy":5,"amount":600},{"posx":19,"posy":6,"amount":300}],"changedObstacles":[]},{"players":[{"playerId":2450708,"score":1700,"energy":6,"posx":9,"posy":1,"lastAction":1,"status":0},{"playerId":157815,"score":1550,"energy":50,"posx":15,"posy":6,"lastAction":4,"status":0},{"playerId":61319,"score":1850,"energy":20,"posx":1,"posy":4,"lastAction":5,"status":0},{"playerId":2231262,"score":1350,"energy":15,"posx":1,"posy":4,"lastAction":5,"status":0}],"golds":[{"posx":20,"posy":1,"amount":150},{"posx":1,"posy":4,"amount":200},{"posx":19,"posy":5,"amount":600},{"posx":19,"posy":6,"amount":300}],"changedObstacles":[]},{"players":[{"playerId":2450708,"score":1700,"energy":18,"posx":9,"posy":1,"lastAction":4,"status":0},{"playerId":157815,"score":1550,"energy":43,"posx":16,"posy":6,"lastAction":1,"status":0},{"playerId":61319,"score":1900,"energy":15,"posx":1,"posy":4,"lastAction":5,"status":0},{"playerId":2231262,"score":1350,"energy":27,"posx":1,"posy":4,"lastAction":4,"status":0}],"golds":[{"posx":20,"posy":1,"amount":150},{"posx":1,"posy":4,"amount":150},{"posx":19,"posy":5,"amount":600},{"posx":19,"posy":6,"amount":300}],"changedObstacles":[]},{"players":[{"playerId":2450708,"score":1700,"energy":34,"posx":9,"posy":1,"lastAction":4,"status":0},{"playerId":157815,"score":1550,"energy":42,"posx":17,"posy":6,"lastAction":1,"status":0},{"playerId":61319,"score":1950,"energy":10,"posx":1,"posy":4,"lastAction":5,"status":0},{"playerId":2231262,"score":1400,"energy":22,"posx":1,"posy":4,"lastAction":5,"status":0}],"golds":[{"posx":20,"posy":1,"amount":150},{"posx":1,"posy":4,"amount":50},{"posx":19,"posy":5,"amount":600},{"posx":19,"posy":6,"amount":300}],"changedObstacles":[]},{"players":[{"playerId":2450708,"score":1700,"energy":15,"posx":10,"posy":1,"lastAction":1,"status":0},{"playerId":157815,"score":1550,"energy":41,"posx":18,"posy":6,"lastAction":1,"status":0},{"playerId":61319,"score":1975,"energy":5,"posx":1,"posy":4,"lastAction":5,"status":0},{"playerId":2231262,"score":1425,"energy":17,"posx":1,"posy":4,"lastAction":5,"status":0}],"golds":[{"posx":20,"posy":1,"amount":150},{"posx":19,"posy":5,"amount":600},{"posx":19,"posy":6,"amount":300}],"changedObstacles":[{"type":0,"posx":1,"posy":4,"value":-1}]},{"players":[{"playerId":2450708,"score":1700,"energy":14,"posx":11,"posy":1,"lastAction":1,"status":0},{"playerId":157815,"score":1550,"energy":37,"posx":19,"posy":6,"lastAction":1,"status":0},{"playerId":61319,"score":1975,"energy":17,"posx":1,"posy":4,"lastAction":4,"status":0},{"playerId":2231262,"score":1425,"energy":29,"posx":1,"posy":4,"lastAction":4,"status":0}],"golds":[{"posx":20,"posy":1,"amount":150},{"posx":19,"posy":5,"amount":600},{"posx":19,"posy":6,"amount":300}],"changedObstacles":[]},{"players":[{"playerId":2450708,"score":1700,"energy":26,"posx":11,"posy":1,"lastAction":4,"status":0},{"playerId":157815,"score":1600,"energy":32,"posx":19,"posy":6,"lastAction":5,"status":0},{"playerId":61319,"score":1975,"energy":33,"posx":1,"posy":4,"lastAction":4,"status":0},{"playerId":2231262,"score":1425,"energy":19,"posx":1,"posy":5,"lastAction":3,"status":0}],"golds":[{"posx":20,"posy":1,"amount":150},{"posx":19,"posy":5,"amount":600},{"posx":19,"posy":6,"amount":250}],"changedObstacles":[]},{"players":[{"playerId":2450708,"score":1700,"energy":6,"posx":12,"posy":1,"lastAction":1,"status":0},{"playerId":157815,"score":1650,"energy":27,"posx":19,"posy":6,"lastAction":5,"status":0},{"playerId":61319,"score":1975,"energy":27,"posx":2,"posy":4,"lastAction":1,"status":0},{"playerId":2231262,"score":1425,"energy":18,"posx":1,"posy":4,"lastAction":2,"status":0}],"golds":[{"posx":20,"posy":1,"amount":150},{"posx":19,"posy":5,"amount":600},{"posx":19,"posy":6,"amount":200}],"changedObstacles":[]},{"players":[{"playerId":2450708,"score":1700,"energy":5,"posx":13,"posy":1,"lastAction":1,"status":0},{"playerId":157815,"score":1700,"energy":22,"posx":19,"posy":6,"lastAction":5,"status":0},{"playerId":61319,"score":1975,"energy":18,"posx":3,"posy":4,"lastAction":1,"status":0},{"playerId":2231262,"score":1425,"energy":30,"posx":1,"posy":4,"lastAction":4,"status":0}],"golds":[{"posx":20,"posy":1,"amount":150},{"posx":19,"posy":5,"amount":600},{"posx":19,"posy":6,"amount":150}],"changedObstacles":[]},{"players":[{"playerId":2450708,"score":1700,"energy":4,"posx":14,"posy":1,"lastAction":1,"status":0},{"playerId":157815,"score":1750,"energy":17,"posx":19,"posy":6,"lastAction":5,"status":0},{"playerId":61319,"score":1975,"energy":17,"posx":4,"posy":4,"lastAction":1,"status":0},{"playerId":2231262,"score":1425,"energy":15,"posx":1,"posy":5,"lastAction":3,"status":0}],"golds":[{"posx":20,"posy":1,"amount":150},{"posx":19,"posy":5,"amount":600},{"posx":19,"posy":6,"amount":100}],"changedObstacles":[]},{"players":[{"playerId":2450708,"score":1700,"energy":16,"posx":14,"posy":1,"lastAction":4,"status":0},{"playerId":157815,"score":1800,"energy":12,"posx":19,"posy":6,"lastAction":5,"status":0},{"playerId":61319,"score":1975,"energy":29,"posx":4,"posy":4,"lastAction":4,"status":0},{"playerId":2231262,"score":1425,"energy":27,"posx":1,"posy":5,"lastAction":4,"status":0}],"golds":[{"posx":20,"posy":1,"amount":150},{"posx":19,"posy":5,"amount":600},{"posx":19,"posy":6,"amount":50}],"changedObstacles":[]},{"players":[{"playerId":2450708,"score":1700,"energy":15,"posx":15,"posy":1,"lastAction":1,"status":0},{"playerId":157815,"score":1850,"energy":7,"posx":19,"posy":6,"lastAction":5,"status":0},{"playerId":61319,"score":1975,"energy":45,"posx":4,"posy":4,"lastAction":4,"status":0},{"playerId":2231262,"score":1425,"energy":26,"posx":1,"posy":4,"lastAction":2,"status":0}],"golds":[{"posx":20,"posy":1,"amount":150},{"posx":19,"posy":5,"amount":600}],"changedObstacles":[{"type":0,"posx":19,"posy":6,"value":-1}]},{"players":[{"playerId":2450708,"score":1700,"energy":14,"posx":16,"posy":1,"lastAction":1,"status":0},{"playerId":157815,"score":1850,"energy":3,"posx":19,"posy":5,"lastAction":2,"status":0},{"playerId":61319,"score":1975,"energy":5,"posx":5,"posy":4,"lastAction":1,"status":0},{"playerId":2231262,"score":1425,"energy":18,"posx":1,"posy":5,"lastAction":3,"status":0}],"golds":[{"posx":20,"posy":1,"amount":150},{"posx":19,"posy":5,"amount":600}],"changedObstacles":[{"type":3,"posx":5,"posy":4,"value":-100}]},{"players":[{"playerId":2450708,"score":1700,"energy":9,"posx":17,"posy":1,"lastAction":1,"status":0},{"playerId":157815,"score":1850,"energy":15,"posx":19,"posy":5,"lastAction":4,"status":0},{"playerId":61319,"score":1975,"energy":4,"posx":5,"posy":5,"lastAction":3,"status":0},{"playerId":2231262,"score":1425,"energy":17,"posx":1,"posy":4,"lastAction":2,"status":0}],"golds":[{"posx":20,"posy":1,"amount":150},{"posx":19,"posy":5,"amount":600}],"changedObstacles":[{"type":3,"posx":17,"posy":1,"value":-20}]},{"players":[{"playerId":2450708,"score":1700,"energy":8,"posx":18,"posy":1,"lastAction":1,"status":0},{"playerId":157815,"score":1850,"energy":31,"posx":19,"posy":5,"lastAction":4,"status":0},{"playerId":61319,"score":1975,"energy":3,"posx":6,"posy":5,"lastAction":1,"status":0},{"playerId":2231262,"score":1425,"energy":29,"posx":1,"posy":4,"lastAction":4,"status":0}],"golds":[{"posx":20,"posy":1,"amount":150},{"posx":19,"posy":5,"amount":600}],"changedObstacles":[]},{"players":[{"playerId":2450708,"score":1700,"energy":20,"posx":18,"posy":1,"lastAction":4,"status":0},{"playerId":157815,"score":1850,"energy":50,"posx":19,"posy":5,"lastAction":4,"status":0},{"playerId":61319,"score":1975,"energy":2,"posx":7,"posy":5,"lastAction":1,"status":0},{"playerId":2231262,"score":1425,"energy":24,"posx":1,"posy":5,"lastAction":3,"status":0}],"golds":[{"posx":20,"posy":1,"amount":150},{"posx":19,"posy":5,"amount":600}],"changedObstacles":[]},{"players":[{"playerId":2450708,"score":1700,"energy":10,"posx":19,"posy":1,"lastAction":1,"status":0},{"playerId":157815,"score":1900,"energy":45,"posx":19,"posy":5,"lastAction":5,"status":0},{"playerId":61319,"score":1975,"energy":1,"posx":8,"posy":5,"lastAction":1,"status":0},{"playerId":2231262,"score":1425,"energy":19,"posx":0,"posy":5,"lastAction":0,"status":0}],"golds":[{"posx":20,"posy":1,"amount":150},{"posx":19,"posy":5,"amount":550}],"changedObstacles":[{"type":0,"posx":19,"posy":1,"value":-1},{"type":3,"posx":0,"posy":5,"value":-20}]},{"players":[{"playerId":2450708,"score":1700,"energy":6,"posx":20,"posy":1,"lastAction":1,"status":0},{"playerId":157815,"score":1950,"energy":40,"posx":19,"posy":5,"lastAction":5,"status":0},{"playerId":61319,"score":1975,"energy":13,"posx":8,"posy":5,"lastAction":4,"status":0},{"playerId":2231262,"score":1425,"energy":31,"posx":0,"posy":5,"lastAction":4,"status":0}],"golds":[{"posx":20,"posy":1,"amount":150},{"posx":19,"posy":5,"amount":500}],"changedObstacles":[]},{"players":[{"playerId":2450708,"score":1750,"energy":1,"posx":20,"posy":1,"lastAction":5,"status":0},{"playerId":157815,"score":2000,"energy":35,"posx":19,"posy":5,"lastAction":5,"status":0},{"playerId":61319,"score":1975,"energy":8,"posx":9,"posy":5,"lastAction":1,"status":0},{"playerId":2231262,"score":1425,"energy":23,"posx":1,"posy":5,"lastAction":1,"status":0}],"golds":[{"posx":20,"posy":1,"amount":100},{"posx":19,"posy":5,"amount":450}],"changedObstacles":[{"type":3,"posx":9,"posy":5,"value":-20}]},{"players":[{"playerId":2450708,"score":1750,"energy":13,"posx":20,"posy":1,"lastAction":4,"status":0},{"playerId":157815,"score":2050,"energy":30,"posx":19,"posy":5,"lastAction":5,"status":0},{"playerId":61319,"score":1975,"energy":7,"posx":9,"posy":6,"lastAction":3,"status":0},{"playerId":2231262,"score":1425,"energy":3,"posx":0,"posy":5,"lastAction":0,"status":0}],"golds":[{"posx":20,"posy":1,"amount":100},{"posx":19,"posy":5,"amount":400}],"changedObstacles":[{"type":3,"posx":0,"posy":5,"value":-40}]},{"players":[{"playerId":2450708,"score":1800,"energy":8,"posx":20,"posy":1,"lastAction":5,"status":0},{"playerId":157815,"score":2100,"energy":25,"posx":19,"posy":5,"lastAction":5,"status":0},{"playerId":61319,"score":1975,"energy":6,"posx":10,"posy":6,"lastAction":1,"status":0},{"playerId":2231262,"score":1425,"energy":15,"posx":0,"posy":5,"lastAction":4,"status":0}],"golds":[{"posx":20,"posy":1,"amount":50},{"posx":19,"posy":5,"amount":350}],"changedObstacles":[]},{"players":[{"playerId":2450708,"score":1850,"energy":3,"posx":20,"posy":1,"lastAction":5,"status":0},{"playerId":157815,"score":2150,"energy":20,"posx":19,"posy":5,"lastAction":5,"status":0},{"playerId":61319,"score":1975,"energy":5,"posx":11,"posy":6,"lastAction":1,"status":0},{"playerId":2231262,"score":1425,"energy":31,"posx":0,"posy":5,"lastAction":4,"status":0}],"golds":[{"posx":19,"posy":5,"amount":300}],"changedObstacles":[{"type":0,"posx":20,"posy":1,"value":-1}]},{"players":[{"playerId":2450708,"score":1850,"energy":15,"posx":20,"posy":1,"lastAction":4,"status":0},{"playerId":157815,"score":2200,"energy":15,"posx":19,"posy":5,"lastAction":5,"status":0},{"playerId":61319,"score":1975,"energy":4,"posx":12,"posy":6,"lastAction":1,"status":0},{"playerId":2231262,"score":1425,"energy":15,"posx":1,"posy":5,"lastAction":1,"status":0}],"golds":[{"posx":19,"posy":5,"amount":250}],"changedObstacles":[]},{"players":[{"playerId":2450708,"score":1850,"energy":31,"posx":20,"posy":1,"lastAction":4,"status":0},{"playerId":157815,"score":2250,"energy":10,"posx":19,"posy":5,"lastAction":5,"status":0},{"playerId":61319,"score":1975,"energy":16,"posx":12,"posy":6,"lastAction":4,"status":0},{"playerId":2231262,"score":1425,"energy":27,"posx":1,"posy":5,"lastAction":4,"status":0}],"golds":[{"posx":19,"posy":5,"amount":200}],"changedObstacles":[]}]