[{"players":[{"playerId":2349571,"score":0,"energy":49},{"playerId":157815,"score":0,"energy":43},{"playerId":61319,"score":0,"energy":46},{"playerId":2251128,"score":0,"energy":49}],"golds":[{"posx":1,"posy":8,"amount":100},{"posx":9,"posy":4,"amount":150},{"posx":15,"posy":6,"amount":300},{"posx":19,"posy":2,"amount":50},{"posx":17,"posy":1,"amount":50},{"posx":6,"posy":7,"amount":600},{"posx":1,"posy":6,"amount":600},{"posx":6,"posy":2,"amount":150},{"posx":8,"posy":3,"amount":100},{"posx":14,"posy":5,"amount":550},{"posx":5,"posy":6,"amount":450},{"posx":15,"posy":4,"amount":500},{"posx":18,"posy":7,"amount":350},{"posx":6,"posy":4,"amount":450},{"posx":3,"posy":8,"amount":250},{"posx":16,"posy":0,"amount":400},{"posx":1,"posy":7,"amount":250},{"posx":5,"posy":7,"amount":500},{"posx":13,"posy":6,"amount":550},{"posx":19,"posy":0,"amount":50}],"changedObstacles":[]},{"players":[{"playerId":2349571,"score":0,"energy":48},{"playerId":157815,"score":0,"energy":39},{"playerId":61319,"score":50,"energy":41},{"playerId":2251128,"score":0,"energy":48}],"golds":[{"posx":16,"posy":0,"amount":400},{"posx":19,"posy":0,"amount":50},{"posx":17,"posy":1,"amount":50},{"posx":6,"posy":2,"amount":150},{"posx":19,"posy":2,"amount":50},{"posx":8,"posy":3,"amount":50},{"posx":6,"posy":4,"amount":450},{"posx":9,"posy":4,"amount":150},{"posx":15,"posy":4,"amount":500},{"posx":14,"posy":5,"amount":550},{"posx":1,"posy":6,"amount":600},{"posx":5,"posy":6,"amount":450},{"posx":13,"posy":6,"amount":550},{"posx":15,"posy":6,"amount":300},{"posx":1,"posy":7,"amount":250},{"posx":5,"posy":7,"amount":500},{"posx":6,"posy":7,"amount":600},{"posx":18,"posy":7,"amount":350},{"posx":1,"posy":8,"amount":100},{"posx":3,"posy":8,"amount":250}],"changedObstacles":[]},{"players":[{"playerId":2349571,"score":0,"energy":37},{"playerId":157815,"score":50,"energy":34},{"playerId":61319,"score":100,"energy":36},{"playerId":2251128,"score":0,"energy":47}],"golds":[{"posx":16,"posy":0,"amount":400},{"posx":19,"posy":0,"amount":50},{"posx":17,"posy":1,"amount":50},{"posx":6,"posy":2,"amount":100},{"posx":19,"posy":2,"amount":50},{"posx":6,"posy":4,"amount":450},{"posx":9,"posy":4,"amount":150},{"posx":15,"posy":4,"amount":500},{"posx":14,"posy":5,"amount":550},{"posx":1,"posy":6,"amount":600},{"posx":5,"posy":6,"amount":450},{"posx":13,"posy":6,"amount":550},{"posx":15,"posy":6,"amount":300},{"posx":1,"posy":7,"amount":250},{"posx":5,"posy":7,"amount":500},{"posx":6,"posy":7,"amount":600},{"posx":18,"posy":7,"amount":350},{"posx":1,"posy":8,"amount":100},{"posx":3,"posy":8,"amount":250}],"changedObstacles":[{"type":0,"posx":8,"posy":3,"value":-1}]},{"players":[{"playerId":2349571,"score":0,"energy":36},{"playerId":157815,"score":100,"energy":29},{"playerId":61319,"score":100,"energy":35},{"playerId":2251128,"score":0,"energy":46}],"golds":[{"posx":16,"posy":0,"amount":400},{"posx":19,"posy":0,"amount":50},{"posx":17,"posy":1,"amount":50},{"posx":6,"posy":2,"amount":50},{"posx":19,"posy":2,"amount":50},{"posx":6,"posy":4,"amount":450},{"posx":9,"posy":4,"amount":150},{"posx":15,"posy":4,"amount":500},{"posx":14,"posy":5,"amount":550},{"posx":1,"posy":6,"amount":600},{"posx":5,"posy":6,"amount":450},{"posx":13,"posy":6,"amount":550},{"posx":15,"posy":6,"amount":300},{"posx":1,"posy":7,"amount":250},{"posx":5,"posy":7,"amount":500},{"posx":6,"posy":7,"amount":600},{"posx":18,"posy":7,"amount":350},{"posx":1,"posy":8,"amount":100},{"posx":3,"posy":8,"amount":250}],"changedObstacles":[]},{"players":[{"playerId":2349571,"score":0,"energy":31},{"playerId":157815,"score":150,"energy":24},{"playerId":61319,"score":100,"energy":34},{"playerId":2251128,"score":0,"energy":45}],"golds":[{"posx":16,"posy":0,"amount":400},{"posx":19,"posy":0,"amount":50},{"posx":17,"posy":1,"amount":50},{"posx":19,"posy":2,"amount":50},{"posx":6,"posy":4,"amount":450},{"posx":9,"posy":4,"amount":150},{"posx":15,"posy":4,"amount":500},{"posx":14,"posy":5,"amount":550},{"posx":1,"posy":6,"amount":600},{"posx":5,"posy":6,"amount":450},{"posx":13,"posy":6,"amount":550},{"posx":15,"posy":6,"amount":300},{"posx":1,"posy":7,"amount":250},{"posx":5,"posy":7,"amount":500},{"posx":6,"posy":7,"amount":600},{"posx":18,"posy":7,"amount":350},{"posx":1,"posy":8,"amount":100},{"posx":3,"posy":8,"amount":250}],"changedObstacles":[{"type":3,"posx":11,"posy":0,"value":-20},{"type":0,"posx":6,"posy":2,"value":-1}]},{"players":[{"playerId":2349571,"score":0,"energy":30},{"playerId":157815,"score":150,"energy":23},{"playerId":61319,"score":100,"energy":30},{"playerId":2251128,"score":0,"energy":44}],"golds":[{"posx":16,"posy":0,"amount":400},{"posx":19,"posy":0,"amount":50},{"posx":17,"posy":1,"amount":50},{"posx":19,"posy":2,"amount":50},{"posx":6,"posy":4,"amount":450},{"posx":9,"posy":4,"amount":150},{"posx":15,"posy":4,"amount":500},{"posx":14,"posy":5,"amount":550},{"posx":1,"posy":6,"amount":600},{"posx":5,"posy":6,"amount":450},{"posx":13,"posy":6,"amount":550},{"posx":15,"posy":6,"amount":300},{"posx":1,"posy":7,"amount":250},{"posx":5,"posy":7,"amount":500},{"posx":6,"posy":7,"amount":600},{"posx":18,"posy":7,"amount":350},{"posx":1,"posy":8,"amount":100},{"posx":3,"posy":8,"amount":250}],"changedObstacles":[]},{"players":[{"playerId":2349571,"score":0,"energy":29},{"playerId":157815,"score":150,"energy":19},{"playerId":61319,"score":150,"energy":25},{"playerId":2251128,"score":0,"energy":43}],"golds":[{"posx":16,"posy":0,"amount":400},{"posx":19,"posy":0,"amount":50},{"posx":17,"posy":1,"amount":50},{"posx":19,"posy":2,"amount":50},{"posx":6,"posy":4,"amount":400},{"posx":9,"posy":4,"amount":150},{"posx":15,"posy":4,"amount":500},{"posx":14,"posy":5,"amount":550},{"posx":1,"posy":6,"amount":600},{"posx":5,"posy":6,"amount":450},{"posx":13,"posy":6,"amount":550},{"posx":15,"posy":6,"amount":300},{"posx":1,"posy":7,"amount":250},{"posx":5,"posy":7,"amount":500},{"posx":6,"posy":7,"amount":600},{"posx":18,"posy":7,"amount":350},{"posx":1,"posy":8,"amount":100},{"posx":3,"posy":8,"amount":250}],"changedObstacles":[]},{"players":[{"playerId":2349571,"score":0,"energy":28},{"playerId":157815,"score":200,"energy":14},{"playerId":61319,"score":200,"energy":20},{"playerId":2251128,"score":0,"energy":42}],"golds":[{"posx":16,"posy":0,"amount":400},{"posx":19,"posy":0,"amount":50},{"posx":17,"posy":1,"amount":50},{"posx":19,"posy":2,"amount":50},{"posx":6,"posy":4,"amount":300},{"posx":9,"posy":4,"amount":150},{"posx":15,"posy":4,"amount":500},{"posx":14,"posy":5,"amount":550},{"posx":1,"posy":6,"amount":600},{"posx":5,"posy":6,"amount":450},{"posx":13,"posy":6,"amount":550},{"posx":15,"posy":6,"amount":300},{"posx":1,"posy":7,"amount":250},{"posx":5,"posy":7,"amount":500},{"posx":6,"posy":7,"amount":600},{"posx":18,"posy":7,"amount":350},{"posx":1,"posy":8,"amount":100},{"posx":3,"posy":8,"amount":250}],"changedObstacles":[]},{"players":[{"playerId":2349571,"score":0,"energy":27},{"playerId":157815,"score":250,"energy":9},{"playerId":61319,"score":250,"energy":15},{"playerId":2251128,"score":0,"energy":41}],"golds":[{"posx":16,"posy":0,"amount":400},{"posx":19,"posy":0,"amount":50},{"posx":17,"posy":1,"amount":50},{"posx":19,"posy":2,"amount":50},{"posx":6,"posy":4,"amount":200},{"posx":9,"posy":4,"amount":150},{"posx":15,"posy":4,"amount":500},{"posx":14,"posy":5,"amount":550},{"posx":1,"posy":6,"amount":600},{"posx":5,"posy":6,"amount":450},{"posx":13,"posy":6,"amount":550},{"posx":15,"posy":6,"amount":300},{"posx":1,"posy":7,"amount":250},{"posx":5,"posy":7,"amount":500},{"posx":6,"posy":7,"amount":600},{"posx":18,"posy":7,"amount":350},{"posx":1,"posy":8,"amount":100},{"posx":3,"posy":8,"amount":250}],"changedObstacles":[]},{"players":[{"playerId":2349571,"score":0,"energy":23},{"playerId":157815,"score":300,"energy":4},{"playerId":61319,"score":300,"energy":10},{"playerId":2251128,"score":0,"energy":40}],"golds":[{"posx":16,"posy":0,"amount":400},{"posx":19,"posy":0,"amount":50},{"posx":17,"posy":1,"amount":50},{"posx":19,"posy":2,"amount":50},{"posx":6,"posy":4,"amount":100},{"posx":9,"posy":4,"amount":150},{"posx":15,"posy":4,"amount":500},{"posx":14,"posy":5,"amount":550},{"posx":1,"posy":6,"amount":600},{"posx":5,"posy":6,"amount":450},{"posx":13,"posy":6,"amount":550},{"posx":15,"posy":6,"amount":300},{"posx":1,"posy":7,"amount":250},{"posx":5,"posy":7,"amount":500},{"posx":6,"posy":7,"amount":600},{"posx":18,"posy":7,"amount":350},{"posx":1,"posy":8,"amount":100},{"posx":3,"posy":8,"amount":250}],"changedObstacles":[]},{"players":[{"playerId":2349571,"score":50,"energy":18},{"playerId":157815,"score":300,"energy":16},{"playerId":61319,"score":350,"energy":5},{"playerId":2251128,"score":0,"energy":36}],"golds":[{"posx":16,"posy":0,"amount":350},{"posx":19,"posy":0,"amount":50},{"posx":17,"posy":1,"amount":50},{"posx":19,"posy":2,"amount":50},{"posx":6,"posy":4,"amount":50},{"posx":9,"posy":4,"amount":150},{"posx":15,"posy":4,"amount":500},{"posx":14,"posy":5,"amount":550},{"posx":1,"posy":6,"amount":600},{"posx":5,"posy":6,"amount":450},{"posx":13,"posy":6,"amount":550},{"posx":15,"posy":6,"amount":300},{"posx":1,"posy":7,"amount":250},{"posx":5,"posy":7,"amount":500},{"posx":6,"posy":7,"amount":600},{"posx":18,"posy":7,"amount":350},{"posx":1,"posy":8,"amount":100},{"posx":3,"posy":8,"amount":250}],"changedObstacles":[]},{"players":[{"playerId":2349571,"score":50,"energy":30},{"playerId":157815,"score":300,"energy":32},{"playerId":61319,"score":350,"energy":17},{"playerId":2251128,"score":50,"energy":31}],"golds":[{"posx":16,"posy":0,"amount":350},{"posx":19,"posy":0,"amount":50},{"posx":17,"posy":1,"amount":50},{"posx":19,"posy":2,"amount":50},{"posx":6,"posy":4,"amount":50},{"posx":9,"posy":4,"amount":150},{"posx":15,"posy":4,"amount":500},{"posx":14,"posy":5,"amount":500},{"posx":1,"posy":6,"amount":600},{"posx":5,"posy":6,"amount":450},{"posx":13,"posy":6,"amount":550},{"posx":15,"posy":6,"amount":300},{"posx":1,"posy":7,"amount":250},{"posx":5,"posy":7,"amount":500},{"posx":6,"posy":7,"amount":600},{"posx":18,"posy":7,"amount":350},{"posx":1,"posy":8,"amount":100},{"posx":3,"posy":8,"amount":250}],"changedObstacles":[]},{"players":[{"playerId":2349571,"score":100,"energy":25},{"playerId":157815,"score":300,"energy":50},{"playerId":61319,"score":400,"energy":12},{"playerId":2251128,"score":100,"energy":26}],"golds":[{"posx":16,"posy":0,"amount":300},{"posx":19,"posy":0,"amount":50},{"posx":17,"posy":1,"amount":50},{"posx":19,"posy":2,"amount":50},{"posx":9,"posy":4,"amount":150},{"posx":15,"posy":4,"amount":500},{"posx":14,"posy":5,"amount":450},{"posx":1,"posy":6,"amount":600},{"posx":5,"posy":6,"amount":450},{"posx":13,"posy":6,"amount":550},{"posx":15,"posy":6,"amount":300},{"posx":1,"posy":7,"amount":250},{"posx":5,"posy":7,"amount":500},{"posx":6,"posy":7,"amount":600},{"posx":18,"posy":7,"amount":350},{"posx":1,"posy":8,"amount":100},{"posx":3,"posy":8,"amount":250}],"changedObstacles":[{"type":0,"posx":6,"posy":4,"value":-1}]},{"players":[{"playerId":2349571,"score":150,"energy":20},{"playerId":157815,"score":300,"energy":49},{"playerId":61319,"score":400,"energy":11},{"playerId":2251128,"score":150,"energy":21}],"golds":[{"posx":16,"posy":0,"amount":250},{"posx":19,"posy":0,"amount":50},{"posx":17,"posy":1,"amount":50},{"posx":19,"posy":2,"amount":50},{"posx":9,"posy":4,"amount":150},{"posx":15,"posy":4,"amount":500},{"posx":14,"posy":5,"amount":400},{"posx":1,"posy":6,"amount":600},{"posx":5,"posy":6,"amount":450},{"posx":13,"posy":6,"amount":550},{"posx":15,"posy":6,"amount":300},{"posx":1,"posy":7,"amount":250},{"posx":5,"posy":7,"amount":500},{"posx":6,"posy":7,"amount":600},{"posx":18,"posy":7,"amount":350},{"posx":1,"posy":8,"amount":100},{"posx":3,"posy":8,"amount":250}],"changedObstacles":[]},{"players":[{"playerId":2349571,"score":200,"energy":15},{"playerId":157815,"score":300,"energy":48},{"playerId":61319,"score":400,"energy":10},{"playerId":2251128,"score":200,"energy":16}],"golds":[{"posx":16,"posy":0,"amount":200},{"posx":19,"posy":0,"amount":50},{"posx":17,"posy":1,"amount":50},{"posx":19,"posy":2,"amount":50},{"posx":9,"posy":4,"amount":150},{"posx":15,"posy":4,"amount":500},{"posx":14,"posy":5,"amount":350},{"posx":1,"posy":6,"amount":600},{"posx":5,"posy":6,"amount":450},{"posx":13,"posy":6,"amount":550},{"posx":15,"posy":6,"amount":300},{"posx":1,"posy":7,"amount":250},{"posx":5,"posy":7,"amount":500},{"posx":6,"posy":7,"amount":600},{"posx":18,"posy":7,"amount":350},{"posx":1,"posy":8,"amount":100},{"posx":3,"posy":8,"amount":250}],"changedObstacles":[]},{"players":[{"playerId":2349571,"score":200,"energy":27},{"playerId":157815,"score":300,"energy":44},{"playerId":61319,"score":400,"energy":6},{"playerId":2251128,"score":250,"energy":11}],"golds":[{"posx":16,"posy":0,"amount":200},{"posx":19,"posy":0,"amount":50},{"posx":17,"posy":1,"amount":50},{"posx":19,"posy":2,"amount":50},{"posx":9,"posy":4,"amount":150},{"posx":15,"posy":4,"amount":500},{"posx":14,"posy":5,"amount":300},{"posx":1,"posy":6,"amount":600},{"posx":5,"posy":6,"amount":450},{"posx":13,"posy":6,"amount":550},{"posx":15,"posy":6,"amount":300},{"posx":1,"posy":7,"amount":250},{"posx":5,"posy":7,"amount":500},{"posx":6,"posy":7,"amount":600},{"posx":18,"posy":7,"amount":350},{"posx":1,"posy":8,"amount":100},{"posx":3,"posy":8,"amount":250}],"changedObstacles":[]},{"players":[{"playerId":2349571,"score":250,"energy":22},{"playerId":157815,"score":350,"energy":39},{"playerId":61319,"score":450,"energy":1},{"playerId":2251128,"score":300,"energy":6}],"golds":[{"posx":16,"posy":0,"amount":150},{"posx":19,"posy":0,"amount":50},{"posx":17,"posy":1,"amount":50},{"posx":19,"posy":2,"amount":50},{"posx":9,"posy":4,"amount":150},{"posx":15,"posy":4,"amount":500},{"posx":14,"posy":5,"amount":250},{"posx":1,"posy":6,"amount":600},{"posx":5,"posy":6,"amount":450},{"posx":13,"posy":6,"amount":550},{"posx":15,"posy":6,"amount":300},{"posx":1,"posy":7,"amount":250},{"posx":5,"posy":7,"amount":500},{"posx":6,"posy":7,"amount":500},{"posx":18,"posy":7,"amount":350},{"posx":1,"posy":8,"amount":100},{"posx":3,"posy":8,"amount":250}],"changedObstacles":[]},{"players":[{"playerId":2349571,"score":300,"energy":17},{"playerId":157815,"score":400,"energy":34},{"playerId":61319,"score":450,"energy":13},{"playerId":2251128,"score":350,"energy":1}],"golds":[{"posx":16,"posy":0,"amount":100},{"posx":19,"posy":0,"amount":50},{"posx":17,"posy":1,"amount":50},{"posx":19,"posy":2,"amount":50},{"posx":9,"posy":4,"amount":150},{"posx":15,"posy":4,"amount":500},{"posx":14,"posy":5,"amount":200},{"posx":1,"posy":6,"amount":600},{"posx":5,"posy":6,"amount":450},{"posx":13,"posy":6,"amount":550},{"posx":15,"posy":6,"amount":300},{"posx":1,"posy":7,"amount":250},{"posx":5,"posy":7,"amount":500},{"posx":6,"posy":7,"amount":450},{"posx":18,"posy":7,"amount":350},{"posx":1,"posy":8,"amount":100},{"posx":3,"posy":8,"amount":250}],"changedObstacles":[]},{"players":[{"playerId":2349571,"score":300,"energy":29},{"playerId":157815,"score":450,"energy":29},{"playerId":61319,"score":450,"energy":29},{"playerId":2251128,"score":350,"energy":13}],"golds":[{"posx":16,"posy":0,"amount":100},{"posx":19,"posy":0,"amount":50},{"posx":17,"posy":1,"amount":50},{"posx":19,"posy":2,"amount":50},{"posx":9,"posy":4,"amount":150},{"posx":15,"posy":4,"amount":500},{"posx":14,"posy":5,"amount":200},{"posx":1,"posy":6,"amount":600},{"posx":5,"posy":6,"amount":450},{"posx":13,"posy":6,"amount":550},{"posx":15,"posy":6,"amount":300},{"posx":1,"posy":7,"amount":250},{"posx":5,"posy":7,"amount":500},{"posx":6,"posy":7,"amount":400},{"posx":18,"posy":7,"amount":350},{"posx":1,"posy":8,"amount":100},{"posx":3,"posy":8,"amount":250}],"changedObstacles":[]},{"players":[{"playerId":2349571,"score":350,"energy":24},{"playerId":157815,"score":500,"energy":24},{"playerId":61319,"score":500,"energy":24},{"playerId":2251128,"score":350,"energy":29}],"golds":[{"posx":16,"posy":0,"amount":50},{"posx":19,"posy":0,"amount":50},{"posx":17,"posy":1,"amount":50},{"posx":19,"posy":2,"amount":50},{"posx":9,"posy":4,"amount":150},{"posx":15,"posy":4,"amount":500},{"posx":14,"posy":5,"amount":200},{"posx":1,"posy":6,"amount":600},{"posx":5,"posy":6,"amount":450},{"posx":13,"posy":6,"amount":550},{"posx":15,"posy":6,"amount":300},{"posx":1,"posy":7,"amount":250},{"posx":5,"posy":7,"amount":500},{"posx":6,"posy":7,"amount":300},{"posx":18,"posy":7,"amount":350},{"posx":1,"posy":8,"amount":100},{"posx":3,"posy":8,"amount":250}],"changedObstacles":[]},{"players":[{"playerId":2349571,"score":400,"energy":19},{"playerId":157815,"score":550,"energy":19},{"playerId":61319,"score":550,"energy":19},{"playerId":2251128,"score":350,"energy":50}],"golds":[{"posx":19,"posy":0,"amount":50},{"posx":17,"posy":1,"amount":50},{"posx":19,"posy":2,"amount":50},{"posx":9,"posy":4,"amount":150},{"posx":15,"posy":4,"amount":500},{"posx":14,"posy":5,"amount":200},{"posx":1,"posy":6,"amount":600},{"posx":5,"posy":6,"amount":450},{"posx":13,"posy":6,"amount":550},{"posx":15,"posy":6,"amount":300},{"posx":1,"posy":7,"amount":250},{"posx":5,"posy":7,"amount":500},{"posx":6,"posy":7,"amount":200},{"posx":18,"posy":7,"amount":350},{"posx":1,"posy":8,"amount":100},{"posx":3,"posy":8,"amount":250}],"changedObstacles":[{"type":0,"posx":16,"posy":0,"value":-1}]},{"players":[{"playerId":2349571,"score":400,"energy":31},{"playerId":157815,"score":600,"energy":14},{"playerId":61319,"score":600,"energy":14},{"playerId":2251128,"score":400,"energy":45}],"golds":[{"posx":19,"posy":0,"amount":50},{"posx":17,"posy":1,"amount":50},{"posx":19,"posy":2,"amount":50},{"posx":9,"posy":4,"amount":150},{"posx":15,"posy":4,"amount":500},{"posx":14,"posy":5,"amount":150},{"posx":1,"posy":6,"amount":600},{"posx":5,"posy":6,"amount":450},{"posx":13,"posy":6,"amount":550},{"posx":15,"posy":6,"amount":300},{"posx":1,"posy":7,"amount":250},{"posx":5,"posy":7,"amount":500},{"posx":6,"posy":7,"amount":100},{"posx":18,"posy":7,"amount":350},{"posx":1,"posy":8,"amount":100},{"posx":3,"posy":8,"amount":250}],"changedObstacles":[]},{"players":[{"playerId":2349571,"score":400,"energy":30},{"playerId":157815,"score":650,"energy":9},{"playerId":61319,"score":650,"energy":9},{"playerId":2251128,"score":450,"energy":40}],"golds":[{"posx":19,"posy":0,"amount":50},{"posx":17,"posy":1,"amount":50},{"posx":19,"posy":2,"amount":50},{"posx":9,"posy":4,"amount":150},{"posx":15,"posy":4,"amount":500},{"posx":14,"posy":5,"amount":100},{"posx":1,"posy":6,"amount":600},{"posx":5,"posy":6,"amount":450},{"posx":13,"posy":6,"amount":550},{"posx":15,"posy":6,"amount":300},{"posx":1,"posy":7,"amount":250},{"posx":5,"posy":7,"amount":500},{"posx":18,"posy":7,"amount":350},{"posx":1,"posy":8,"amount":100},{"posx":3,"posy":8,"amount":250}],"changedObstacles":[{"type":0,"posx":6,"posy":7,"value":-1}]},{"players":[{"playerId":2349571,"score":400,"energy":29},{"playerId":157815,"score":650,"energy":5},{"playerId":61319,"score":650,"energy":5},{"playerId":2251128,"score":500,"energy":35}],"golds":[{"posx":19,"posy":0,"amount":50},{"posx":17,"posy":1,"amount":50},{"posx":19,"posy":2,"amount":50},{"posx":9,"posy":4,"amount":150},{"posx":15,"posy":4,"amount":500},{"posx":14,"posy":5,"amount":50},{"posx":1,"posy":6,"amount":600},{"posx":5,"posy":6,"amount":450},{"posx":13,"posy":6,"amount":550},{"posx":15,"posy":6,"amount":300},{"posx":1,"posy":7,"amount":250},{"posx":5,"posy":7,"amount":500},{"posx":18,"posy":7,"amount":350},{"posx":1,"posy":8,"amount":100},{"posx":3,"posy":8,"amount":250}],"changedObstacles":[]},{"players":[{"playerId":2349571,"score":400,"energy":25},{"playerId":157815,"score":650,"energy":17},{"playerId":61319,"score":650,"energy":17},{"playerId":2251128,"score":550,"energy":30}],"golds":[{"posx":19,"posy":0,"amount":50},{"posx":17,"posy":1,"amount":50},{"posx":19,"posy":2,"amount":50},{"posx":9,"posy":4,"amount":150},{"posx":15,"posy":4,"amount":500},{"posx":1,"posy":6,"amount":600},{"posx":5,"posy":6,"amount":450},{"posx":13,"posy":6,"amount":550},{"posx":15,"posy":6,"amount":300},{"posx":1,"posy":7,"amount":250},{"posx":5,"posy":7,"amount":500},{"posx":18,"posy":7,"amount":350},{"posx":1,"posy":8,"amount":100},{"posx":3,"posy":8,"amount":250}],"changedObstacles":[{"type":0,"posx":14,"posy":5,"value":-1}]},{"players":[{"playerId":2349571,"score":450,"energy":20},{"playerId":157815,"score":650,"energy":33},{"playerId":61319,"score":650,"energy":33},{"playerId":2251128,"score":550,"energy":29}],"golds":[{"posx":17,"posy":1,"amount":50},{"posx":19,"posy":2,"amount":50},{"posx":9,"posy":4,"amount":150},{"posx":15,"posy":4,"amount":500},{"posx":1,"posy":6,"amount":600},{"posx":5,"posy":6,"amount":450},{"posx":13,"posy":6,"amount":550},{"posx":15,"posy":6,"amount":300},{"posx":1,"posy":7,"amount":250},{"posx":5,"posy":7,"amount":500},{"posx":18,"posy":7,"amount":350},{"posx":1,"posy":8,"amount":100},{"posx":3,"posy":8,"amount":250}],"changedObstacles":[{"type":0,"posx":19,"posy":0,"value":-1}]},{"players":[{"playerId":2349571,"score":450,"energy":19},{"playerId":157815,"score":650,"energy":50},{"playerId":61319,"score":700,"energy":28},{"playerId":2251128,"score":550,"energy":25}],"golds":[{"posx":17,"posy":1,"amount":50},{"posx":19,"posy":2,"amount":50},{"posx":9,"posy":4,"amount":150},{"posx":15,"posy":4,"amount":500},{"posx":1,"posy":6,"amount":600},{"posx":5,"posy":6,"amount":450},{"posx":13,"posy":6,"amount":550},{"posx":15,"posy":6,"amount":300},{"posx":1,"posy":7,"amount":250},{"posx":5,"posy":7,"amount":450},{"posx":18,"posy":7,"amount":350},{"posx":1,"posy":8,"amount":100},{"posx":3,"posy":8,"amount":250}],"changedObstacles":[]},{"players":[{"playerId":2349571,"score":450,"energy":31},{"playerId":157815,"score":700,"energy":45},{"playerId":61319,"score":750,"energy":23},{"playerId":2251128,"score":600,"energy":20}],"golds":[{"posx":17,"posy":1,"amount":50},{"posx":19,"posy":2,"amount":50},{"posx":9,"posy":4,"amount":150},{"posx":15,"posy":4,"amount":500},{"posx":1,"posy":6,"amount":600},{"posx":5,"posy":6,"amount":450},{"posx":13,"posy":6,"amount":550},{"posx":15,"posy":6,"amount":250},{"posx":1,"posy":7,"amount":250},{"posx":5,"posy":7,"amount":350},{"posx":18,"posy":7,"amount":350},{"posx":1,"posy":8,"amount":100},{"posx":3,"posy":8,"amount":250}],"changedObstacles":[]},{"players":[{"playerId":2349571,"score":450,"energy":27},{"playerId":157815,"score":750,"energy":40},{"playerId":61319,"score":800,"energy":18},{"playerId":2251128,"score":650,"energy":15}],"golds":[{"posx":17,"posy":1,"amount":50},{"posx":19,"posy":2,"amount":50},{"posx":9,"posy":4,"amount":150},{"posx":15,"posy":4,"amount":500},{"posx":1,"posy":6,"amount":600},{"posx":5,"posy":6,"amount":450},{"posx":13,"posy":6,"amount":550},{"posx":15,"posy":6,"amount":200},{"posx":1,"posy":7,"amount":250},{"posx":5,"posy":7,"amount":250},{"posx":18,"posy":7,"amount":350},{"posx":1,"posy":8,"amount":100},{"posx":3,"posy":8,"amount":250}],"changedObstacles":[]},{"players":[{"playerId":2349571,"score":500,"energy":22},{"playerId":157815,"score":800,"energy":35},{"playerId":61319,"score":850,"energy":13},{"playerId":2251128,"score":700,"energy":10}],"golds":[{"posx":17,"posy":1,"amount":50},{"posx":9,"posy":4,"amount":150},{"posx":15,"posy":4,"amount":500},{"posx":1,"posy":6,"amount":600},{"posx":5,"posy":6,"amount":450},{"posx":13,"posy":6,"amount":550},{"posx":15,"posy":6,"amount":150},{"posx":1,"posy":7,"amount":250},{"posx":5,"posy":7,"amount":150},{"posx":18,"posy":7,"amount":350},{"posx":1,"posy":8,"amount":100},{"posx":3,"posy":8,"amount":250}],"changedObstacles":[{"type":0,"posx":19,"posy":2,"value":-1}]},{"players":[{"playerId":2349571,"score":500,"energy":21},{"playerId":157815,"score":850,"energy":30},{"playerId":61319,"score":900,"energy":8},{"playerId":2251128,"score":750,"energy":5}],"golds":[{"posx":17,"posy":1,"amount":50},{"posx":9,"posy":4,"amount":150},{"posx":15,"posy":4,"amount":500},{"posx":1,"posy":6,"amount":600},{"posx":5,"posy":6,"amount":450},{"posx":13,"posy":6,"amount":550},{"posx":15,"posy":6,"amount":100},{"posx":1,"posy":7,"amount":250},{"posx":5,"posy":7,"amount":50},{"posx":18,"posy":7,"amount":350},{"posx":1,"posy":8,"amount":100},{"posx":3,"posy":8,"amount":250}],"changedObstacles":[]},{"players":[{"playerId":2349571,"score":500,"energy":20},{"playerId":157815,"score":875,"energy":25},{"playerId":61319,"score":925,"energy":3},{"playerId":2251128,"score":750,"energy":17}],"golds":[{"posx":17,"posy":1,"amount":50},{"posx":9,"posy":4,"amount":150},{"posx":15,"posy":4,"amount":500},{"posx":1,"posy":6,"amount":600},{"posx":5,"posy":6,"amount":450},{"posx":13,"posy":6,"amount":550},{"posx":15,"posy":6,"amount":100},{"posx":1,"posy":7,"amount":250},{"posx":18,"posy":7,"amount":350},{"posx":1,"posy":8,"amount":100},{"posx":3,"posy":8,"amount":250}],"changedObstacles":[{"type":0,"posx":5,"posy":7,"value":-1}]},{"players":[{"playerId":2349571,"score":500,"energy":19},{"playerId":157815,"score":875,"energy":21},{"playerId":61319,"score":925,"energy":15},{"playerId":2251128,"score":750,"energy":33}],"golds":[{"posx":17,"posy":1,"amount":50},{"posx":9,"posy":4,"amount":150},{"posx":15,"posy":4,"amount":500},{"posx":1,"posy":6,"amount":600},{"posx":5,"posy":6,"amount":450},{"posx":13,"posy":6,"amount":550},{"posx":15,"posy":6,"amount":100},{"posx":1,"posy":7,"amount":250},{"posx":18,"posy":7,"amount":350},{"posx":1,"posy":8,"amount":100},{"posx":3,"posy":8,"amount":250}],"changedObstacles":[]},{"players":[{"playerId":2349571,"score":500,"energy":31},{"playerId":157815,"score":925,"energy":16},{"playerId":61319,"score":925,"energy":11},{"playerId":2251128,"score":750,"energy":50}],"golds":[{"posx":17,"posy":1,"amount":50},{"posx":9,"posy":4,"amount":150},{"posx":15,"posy":4,"amount":500},{"posx":1,"posy":6,"amount":600},{"posx":5,"posy":6,"amount":400},{"posx":13,"posy":6,"amount":550},{"posx":15,"posy":6,"amount":100},{"posx":1,"posy":7,"amount":250},{"posx":18,"posy":7,"amount":350},{"posx":1,"posy":8,"amount":100},{"posx":3,"posy":8,"amount":250}],"changedObstacles":[]},{"players":[{"playerId":2349571,"score":500,"energy":30},{"playerId":157815,"score":975,"energy":11},{"playerId":61319,"score":975,"energy":6},{"playerId":2251128,"score":800,"energy":45}],"golds":[{"posx":17,"posy":1,"amount":50},{"posx":9,"posy":4,"amount":150},{"posx":15,"posy":4,"amount":500},{"posx":1,"posy":6,"amount":600},{"posx":5,"posy":6,"amount":300},{"posx":13,"posy":6,"amount":550},{"posx":15,"posy":6,"amount":50},{"posx":1,"posy":7,"amount":250},{"posx":18,"posy":7,"amount":350},{"posx":1,"posy":8,"amount":100},{"posx":3,"posy":8,"amount":250}],"changedObstacles":[]},{"players":[{"playerId":2349571,"score":500,"energy":29},{"playerId":157815,"score":1025,"energy":6},{"playerId":61319,"score":1025,"energy":1},{"playerId":2251128,"score":850,"energy":40}],"golds":[{"posx":17,"posy":1,"amount":50},{"posx":9,"posy":4,"amount":150},{"posx":15,"posy":4,"amount":500},{"posx":1,"posy":6,"amount":600},{"posx":5,"posy":6,"amount":200},{"posx":13,"posy":6,"amount":550},{"posx":1,"posy":7,"amount":250},{"posx":18,"posy":7,"amount":350},{"posx":1,"posy":8,"amount":100},{"posx":3,"posy":8,"amount":250}],"changedObstacles":[{"type":0,"posx":15,"posy":6,"value":-1}]},{"players":[{"playerId":2349571,"score":500,"energy":25},{"playerId":157815,"score":1075,"energy":1},{"playerId":61319,"score":1025,"energy":13},{"playerId":2251128,"score":850,"energy":39}],"golds":[{"posx":17,"posy":1,"amount":50},{"posx":9,"posy":4,"amount":150},{"posx":15,"posy":4,"amount":500},{"posx":1,"posy":6,"amount":600},{"posx":5,"posy":6,"amount":150},{"posx":13,"posy":6,"amount":550},{"posx":1,"posy":7,"amount":250},{"posx":18,"posy":7,"amount":350},{"posx":1,"posy":8,"amount":100},{"posx":3,"posy":8,"amount":250}],"changedObstacles":[]},{"players":[{"playerId":2349571,"score":550,"energy":20},{"playerId":157815,"score":1075,"energy":13},{"playerId":61319,"score":1075,"energy":8},{"playerId":2251128,"score":850,"energy":38}],"golds":[{"posx":17,"posy":1,"amount":50},{"posx":9,"posy":4,"amount":150},{"posx":15,"posy":4,"amount":500},{"posx":1,"posy":6,"amount":600},{"posx":5,"posy":6,"amount":100},{"posx":13,"posy":6,"amount":550},{"posx":1,"posy":7,"amount":250},{"posx":18,"posy":7,"amount":300},{"posx":1,"posy":8,"amount":100},{"posx":3,"posy":8,"amount":250}],"changedObstacles":[]},{"players":[{"playerId":2349571,"score":600,"energy":15},{"playerId":157815,"score":1075,"energy":29},{"playerId":61319,"score":1125,"energy":3},{"playerId":2251128,"score":850,"energy":37}],"golds":[{"posx":17,"posy":1,"amount":50},{"posx":9,"posy":4,"amount":150},{"posx":15,"posy":4,"amount":500},{"posx":1,"posy":6,"amount":600},{"posx":5,"posy":6,"amount":50},{"posx":13,"posy":6,"amount":550},{"posx":1,"posy":7,"amount":250},{"posx":18,"posy":7,"amount":250},{"posx":1,"posy":8,"amount":100},{"posx":3,"posy":8,"amount":250}],"changedObstacles":[]},{"players":[{"playerId":2349571,"score":600,"energy":27},{"playerId":157815,"score":1075,"energy":50},{"playerId":61319,"score":1125,"energy":15},{"playerId":2251128,"score":850,"energy":36}],"golds":[{"posx":17,"posy":1,"amount":50},{"posx":9,"posy":4,"amount":150},{"posx":15,"posy":4,"amount":500},{"posx":1,"posy":6,"amount":600},{"posx":5,"posy":6,"amount":50},{"posx":13,"posy":6,"amount":550},{"posx":1,"posy":7,"amount":250},{"posx":18,"posy":7,"amount":250},{"posx":1,"posy":8,"amount":100},{"posx":3,"posy":8,"amount":250}],"changedObstacles":[]},{"players":[{"playerId":2349571,"score":650,"energy":22},{"playerId":157815,"score":1100,"energy":45},{"playerId":61319,"score":1150,"energy":10},{"playerId":2251128,"score":850,"energy":35}],"golds":[{"posx":17,"posy":1,"amount":50},{"posx":9,"posy":4,"amount":150},{"posx":15,"posy":4,"amount":500},{"posx":1,"posy":6,"amount":600},{"posx":13,"posy":6,"amount":550},{"posx":1,"posy":7,"amount":250},{"posx":18,"posy":7,"amount":200},{"posx":1,"posy":8,"amount":100},{"posx":3,"posy":8,"amount":250}],"changedObstacles":[{"type":0,"posx":5,"posy":6,"value":-1}]},{"players":[{"playerId":2349571,"score":700,"energy":17},{"playerId":157815,"score":1100,"energy":44},{"playerId":61319,"score":1150,"energy":9},{"playerId":2251128,"score":850,"energy":34}],"golds":[{"posx":17,"posy":1,"amount":50},{"posx":9,"posy":4,"amount":150},{"posx":15,"posy":4,"amount":500},{"posx":1,"posy":6,"amount":600},{"posx":13,"posy":6,"amount":550},{"posx":1,"posy":7,"amount":250},{"posx":18,"posy":7,"amount":150},{"posx":1,"posy":8,"amount":100},{"posx":3,"posy":8,"amount":250}],"changedObstacles":[]},{"players":[{"playerId":2349571,"score":700,"energy":29},{"playerId":157815,"score":1100,"energy":43},{"playerId":61319,"score":1150,"energy":8},{"playerId":2251128,"score":850,"energy":33}],"golds":[{"posx":17,"posy":1,"amount":50},{"posx":9,"posy":4,"amount":150},{"posx":15,"posy":4,"amount":500},{"posx":1,"posy":6,"amount":600},{"posx":13,"posy":6,"amount":550},{"posx":1,"posy":7,"amount":250},{"posx":18,"posy":7,"amount":150},{"posx":1,"posy":8,"amount":100},{"posx":3,"posy":8,"amount":250}],"changedObstacles":[]},{"players":[{"playerId":2349571,"score":750,"energy":24},{"playerId":157815,"score":1100,"energy":42},{"playerId":61319,"score":1150,"energy":7},{"playerId":2251128,"score":850,"energy":32}],"golds":[{"posx":17,"posy":1,"amount":50},{"posx":9,"posy":4,"amount":150},{"posx":15,"posy":4,"amount":500},{"posx":1,"posy":6,"amount":600},{"posx":13,"posy":6,"amount":550},{"posx":1,"posy":7,"amount":250},{"posx":18,"posy":7,"amount":100},{"posx":1,"posy":8,"amount":100},{"posx":3,"posy":8,"amount":250}],"changedObstacles":[]},{"players":[{"playerId":2349571,"score":800,"energy":19},{"playerId":157815,"score":1100,"energy":38},{"playerId":61319,"score":1150,"energy":3},{"playerId":2251128,"score":850,"energy":31}],"golds":[{"posx":17,"posy":1,"amount":50},{"posx":9,"posy":4,"amount":150},{"posx":15,"posy":4,"amount":500},{"posx":1,"posy":6,"amount":600},{"posx":13,"posy":6,"amount":550},{"posx":1,"posy":7,"amount":250},{"posx":18,"posy":7,"amount":50},{"posx":1,"posy":8,"amount":100},{"posx":3,"posy":8,"amount":250}],"changedObstacles":[]},{"players":[{"playerId":2349571,"score":800,"energy":31},{"playerId":157815,"score":1150,"energy":33},{"playerId":61319,"score":1150,"energy":15},{"playerId":2251128,"score":850,"energy":30}],"golds":[{"posx":17,"posy":1,"amount":50},{"posx":9,"posy":4,"amount":150},{"posx":15,"posy":4,"amount":500},{"posx":1,"posy":6,"amount":550},{"posx":13,"posy":6,"amount":550},{"posx":1,"posy":7,"amount":250},{"posx":18,"posy":7,"amount":50},{"posx":1,"posy":8,"amount":100},{"posx":3,"posy":8,"amount":250}],"changedObstacles":[]},{"players":[{"playerId":2349571,"score":850,"energy":26},{"playerId":157815,"score":1200,"energy":28},{"playerId":61319,"score":1150,"energy":31},{"playerId":2251128,"score":850,"energy":29}],"golds":[{"posx":17,"posy":1,"amount":50},{"posx":9,"posy":4,"amount":150},{"posx":15,"posy":4,"amount":500},{"posx":1,"posy":6,"amount":500},{"posx":13,"posy":6,"amount":550},{"posx":1,"posy":7,"amount":250},{"posx":1,"posy":8,"amount":100},{"posx":3,"posy":8,"amount":250}],"changedObstacles":[{"type":0,"posx":18,"posy":7,"value":-1}]},{"players":[{"playerId":2349571,"score":850,"energy":25},{"playerId":157815,"score":1250,"energy":23},{"playerId":61319,"score":1200,"energy":26},{"playerId":2251128,"score":850,"energy":28}],"golds":[{"posx":17,"posy":1,"amount":50},{"posx":9,"posy":4,"amount":150},{"posx":15,"posy":4,"amount":500},{"posx":1,"posy":6,"amount":400},{"posx":13,"posy":6,"amount":550},{"posx":1,"posy":7,"amount":250},{"posx":1,"posy":8,"amount":100},{"posx":3,"posy":8,"amount":250}],"changedObstacles":[]},{"players":[{"playerId":2349571,"score":850,"energy":24},{"playerId":157815,"score":1300,"energy":18},{"playerId":61319,"score":1250,"energy":21},{"playerId":2251128,"score":850,"energy":27}],"golds":[{"posx":17,"posy":1,"amount":50},{"posx":9,"posy":4,"amount":150},{"posx":15,"posy":4,"amount":500},{"posx":1,"posy":6,"amount":300},{"posx":13,"posy":6,"amount":550},{"posx":1,"posy":7,"amount":250},{"posx":1,"posy":8,"amount":100},{"posx":3,"posy":8,"amount":250}],"changedObstacles":[]},{"players":[{"playerId":2349571,"score":850,"energy":23},{"playerId":157815,"score":1350,"energy":13},{"playerId":61319,"score":1300,"energy":16},{"playerId":2251128,"score":850,"energy":26}],"golds":[{"posx":17,"posy":1,"amount":50},{"posx":9,"posy":4,"amount":150},{"posx":15,"posy":4,"amount":500},{"posx":1,"posy":6,"amount":200},{"posx":13,"posy":6,"amount":550},{"posx":1,"posy":7,"amount":250},{"posx":1,"posy":8,"amount":100},{"posx":3,"posy":8,"amount":250}],"changedObstacles":[]},{"players":[{"playerId":2349571,"score":850,"energy":22},{"playerId":157815,"score":1400,"energy":8},{"playerId":61319,"score":1350,"energy":11},{"playerId":2251128,"score":850,"energy":25}],"golds":[{"posx":17,"posy":1,"amount":50},{"posx":9,"posy":4,"amount":150},{"posx":15,"posy":4,"amount":500},{"posx":1,"posy":6,"amount":100},{"posx":13,"posy":6,"amount":550},{"posx":1,"posy":7,"amount":250},{"posx":1,"posy":8,"amount":100},{"posx":3,"posy":8,"amount":250}],"changedObstacles":[]},{"players":[{"playerId":2349571,"score":850,"energy":21},{"playerId":157815,"score":1450,"energy":3},{"playerId":61319,"score":1400,"energy":6},{"playerId":2251128,"score":850,"energy":24}],"golds":[{"posx":17,"posy":1,"amount":50},{"posx":9,"posy":4,"amount":150},{"posx":15,"posy":4,"amount":500},{"posx":13,"posy":6,"amount":550},{"posx":1,"posy":7,"amount":250},{"posx":1,"posy":8,"amount":100},{"posx":3,"posy":8,"amount":250}],"changedObstacles":[{"type":0,"posx":1,"posy":6,"value":-1}]},{"players":[{"playerId":2349571,"score":850,"energy":20},{"playerId":157815,"score":1450,"energy":15},{"playerId":61319,"score":1400,"energy":2},{"playerId":2251128,"score":850,"energy":23}],"golds":[{"posx":17,"posy":1,"amount":50},{"posx":9,"posy":4,"amount":150},{"posx":15,"posy":4,"amount":500},{"posx":13,"posy":6,"amount":550},{"posx":1,"posy":7,"amount":250},{"posx":1,"posy":8,"amount":100},{"posx":3,"posy":8,"amount":250}],"changedObstacles":[]},{"players":[{"playerId":2349571,"score":850,"energy":19},{"playerId":157815,"score":1450,"energy":31},{"playerId":61319,"score":1400,"energy":14},{"playerId":2251128,"score":850,"energy":19}],"golds":[{"posx":17,"posy":1,"amount":50},{"posx":9,"posy":4,"amount":150},{"posx":15,"posy":4,"amount":500},{"posx":13,"posy":6,"amount":550},{"posx":1,"posy":7,"amount":250},{"posx":1,"posy":8,"amount":100},{"posx":3,"posy":8,"amount":250}],"changedObstacles":[]},{"players":[{"playerId":2349571,"score":850,"energy":31},{"playerId":157815,"score":1450,"energy":50},{"playerId":61319,"score":1400,"energy":30},{"playerId":2251128,"score":900,"energy":14}],"golds":[{"posx":17,"posy":1,"amount":50},{"posx":9,"posy":4,"amount":150},{"posx":15,"posy":4,"amount":500},{"posx":13,"posy":6,"amount":500},{"posx":1,"posy":7,"amount":250},{"posx":1,"posy":8,"amount":100},{"posx":3,"posy":8,"amount":250}],"changedObstacles":[]},{"players":[{"playerId":2349571,"score":850,"energy":30},{"playerId":157815,"score":1450,"energy":46},{"playerId":61319,"score":1450,"energy":25},{"playerId":2251128,"score":950,"energy":9}],"golds":[{"posx":17,"posy":1,"amount":50},{"posx":9,"posy":4,"amount":150},{"posx":15,"posy":4,"amount":500},{"posx":13,"posy":6,"amount":450},{"posx":1,"posy":7,"amount":200},{"posx":1,"posy":8,"amount":100},{"posx":3,"posy":8,"amount":250}],"changedObstacles":[]},{"players":[{"playerId":2349571,"score":850,"energy":29},{"playerId":157815,"score":1500,"energy":41},{"playerId":61319,"score":1500,"energy":20},{"playerId":2251128,"score":1000,"energy":4}],"golds":[{"posx":17,"posy":1,"amount":50},{"posx":9,"posy":4,"amount":150},{"posx":15,"posy":4,"amount":500},{"posx":13,"posy":6,"amount":400},{"posx":1,"posy":7,"amount":100},{"posx":1,"posy":8,"amount":100},{"posx":3,"posy":8,"amount":250}],"changedObstacles":[]},{"players":[{"playerId":2349571,"score":850,"energy":28},{"playerId":157815,"score":1550,"energy":36},{"playerId":61319,"score":1550,"energy":15},{"playerId":2251128,"score":1000,"energy":16}],"golds":[{"posx":17,"posy":1,"amount":50},{"posx":9,"posy":4,"amount":150},{"posx":15,"posy":4,"amount":500},{"posx":13,"posy":6,"amount":400},{"posx":1,"posy":8,"amount":100},{"posx":3,"posy":8,"amount":250}],"changedObstacles":[{"type":0,"posx":1,"posy":7,"value":-1}]},{"players":[{"playerId":2349571,"score":850,"energy":27},{"playerId":157815,"score":1550,"energy":35},{"playerId":61319,"score":1550,"energy":11},{"playerId":2251128,"score":1000,"energy":32}],"golds":[{"posx":17,"posy":1,"amount":50},{"posx":9,"posy":4,"amount":150},{"posx":15,"posy":4,"amount":500},{"posx":13,"posy":6,"amount":400},{"posx":1,"posy":8,"amount":100},{"posx":3,"posy":8,"amount":250}],"changedObstacles":[]},{"players":[{"playerId":2349571,"score":850,"energy":15},{"playerId":157815,"score":1550,"energy":34},{"playerId":61319,"score":1600,"energy":6},{"playerId":2251128,"score":1000,"energy":50}],"golds":[{"posx":17,"posy":1,"amount":50},{"posx":9,"posy":4,"amount":150},{"posx":15,"posy":4,"amount":500},{"posx":13,"posy":6,"amount":400},{"posx":1,"posy":8,"amount":50},{"posx":3,"posy":8,"amount":250}],"changedObstacles":[]},{"players":[{"playerId":2349571,"score":850,"energy":27},{"playerId":157815,"score":1550,"energy":33},{"playerId":61319,"score":1650,"energy":1},{"playerId":2251128,"score":1050,"energy":45}],"golds":[{"posx":17,"posy":1,"amount":50},{"posx":9,"posy":4,"amount":150},{"posx":15,"posy":4,"amount":500},{"posx":13,"posy":6,"amount":350},{"posx":3,"posy":8,"amount":250}],"changedObstacles":[{"type":0,"posx":1,"posy":8,"value":-1}]},{"players":[{"playerId":2349571,"score":850,"energy":26},{"playerId":157815,"score":1550,"energy":32},{"playerId":61319,"score":1650,"energy":13},{"playerId":2251128,"score":1100,"energy":40}],"golds":[{"posx":17,"posy":1,"amount":50},{"posx":9,"posy":4,"amount":150},{"posx":15,"posy":4,"amount":500},{"posx":13,"posy":6,"amount":300},{"posx":3,"posy":8,"amount":250}],"changedObstacles":[]},{"players":[{"playerId":2349571,"score":850,"energy":25},{"playerId":157815,"score":1550,"energy":31},{"playerId":61319,"score":1650,"energy":12},{"playerId":2251128,"score":1150,"energy":35}],"golds":[{"posx":17,"posy":1,"amount":50},{"posx":9,"posy":4,"amount":150},{"posx":15,"posy":4,"amount":500},{"posx":13,"posy":6,"amount":250},{"posx":3,"posy":8,"amount":250}],"changedObstacles":[]},{"players":[{"playerId":2349571,"score":850,"energy":24},{"playerId":157815,"score":1550,"energy":30},{"playerId":61319,"score":1650,"energy":8},{"playerId":2251128,"score":1200,"energy":30}],"golds":[{"posx":17,"posy":1,"amount":50},{"posx":9,"posy":4,"amount":150},{"posx":15,"posy":4,"amount":500},{"posx":13,"posy":6,"amount":200},{"posx":3,"posy":8,"amount":250}],"changedObstacles":[]},{"players":[{"playerId":2349571,"score":850,"energy":20},{"playerId":157815,"score":1550,"energy":29},{"playerId":61319,"score":1700,"energy":3},{"playerId":2251128,"score":1250,"energy":25}],"golds":[{"posx":17,"posy":1,"amount":50},{"posx":9,"posy":4,"amount":150},{"posx":15,"posy":4,"amount":500},{"posx":13,"posy":6,"amount":150},{"posx":3,"posy":8,"amount":200}],"changedObstacles":[]},{"players":[{"playerId":2349571,"score":900,"energy":15},{"playerId":157815,"score":1550,"energy":28},{"playerId":61319,"score":1700,"energy":15},{"playerId":2251128,"score":1300,"energy":20}],"golds":[{"posx":17,"posy":1,"amount":50},{"posx":9,"posy":4,"amount":150},{"posx":15,"posy":4,"amount":500},{"posx":13,"posy":6,"amount":100},{"posx":3,"posy":8,"amount":150}],"changedObstacles":[]},{"players":[{"playerId":2349571,"score":900,"energy":27},{"playerId":157815,"score":1550,"energy":27},{"playerId":61319,"score":1750,"energy":10},{"playerId":2251128,"score":1350,"energy":15}],"golds":[{"posx":17,"posy":1,"amount":50},{"posx":9,"posy":4,"amount":150},{"posx":15,"posy":4,"amount":500},{"posx":13,"posy":6,"amount":50},{"posx":3,"posy":8,"amount":100}],"changedObstacles":[]},{"players":[{"playerId":2349571,"score":950,"energy":22},{"playerId":157815,"score":1550,"energy":26},{"playerId":61319,"score":1800,"energy":5},{"playerId":2251128,"score":1400,"energy":10}],"golds":[{"posx":17,"posy":1,"amount":50},{"posx":9,"posy":4,"amount":150},{"posx":15,"posy":4,"amount":500}],"changedObstacles":[{"type":0,"posx":3,"posy":8,"value":-1},{"type":0,"posx":13,"posy":6,"value":-1}]},{"players":[{"playerId":2349571,"score":950,"energy":21},{"playerId":157815,"score":1550,"energy":25},{"playerId":61319,"score":1800,"energy":4},{"playerId":2251128,"score":1400,"energy":9}],"golds":[{"posx":17,"posy":1,"amount":50},{"posx":9,"posy":4,"amount":150},{"posx":15,"posy":4,"amount":500}],"changedObstacles":[]},{"players":[{"playerId":2349571,"score":950,"energy":20},{"playerId":157815,"score":1550,"energy":24},{"playerId":61319,"score":1800,"energy":3},{"playerId":2251128,"score":1400,"energy":8}],"golds":[{"posx":17,"posy":1,"amount":50},{"posx":9,"posy":4,"amount":150},{"posx":15,"posy":4,"amount":500}],"changedObstacles":[]},{"players":[{"playerId":2349571,"score":950,"energy":19},{"playerId":157815,"score":1550,"energy":23},{"playerId":61319,"score":1800,"energy":2},{"playerId":2251128,"score":1400,"energy":7}],"golds":[{"posx":17,"posy":1,"amount":50},{"posx":9,"posy":4,"amount":150},{"posx":15,"posy":4,"amount":500}],"changedObstacles":[]},{"players":[{"playerId":2349571,"score":950,"energy":31},{"playerId":157815,"score":1550,"energy":22},{"playerId":61319,"score":1800,"energy":1},{"playerId":2251128,"score":1400,"energy":6}],"golds":[{"posx":17,"posy":1,"amount":50},{"posx":9,"posy":4,"amount":150},{"posx":15,"posy":4,"amount":500}],"changedObstacles":[]},{"players":[{"playerId":2349571,"score":950,"energy":30},{"playerId":157815,"score":1550,"energy":21},{"playerId":61319,"score":1800,"energy":13},{"playerId":2251128,"score":1400,"energy":5}],"golds":[{"posx":17,"posy":1,"amount":50},{"posx":9,"posy":4,"amount":150},{"posx":15,"posy":4,"amount":500}],"changedObstacles":[]},{"players":[{"playerId":2349571,"score":950,"energy":29},{"playerId":157815,"score":1550,"energy":20},{"playerId":61319,"score":1800,"energy":29},{"playerId":2251128,"score":1400,"energy":4}],"golds":[{"posx":17,"posy":1,"amount":50},{"posx":9,"posy":4,"amount":150},{"posx":15,"posy":4,"amount":500}],"changedObstacles":[]},{"players":[{"playerId":2349571,"score":950,"energy":28},{"playerId":157815,"score":1550,"energy":16},{"playerId":61319,"score":1800,"energy":28},{"playerId":2251128,"score":1400,"energy":3}],"golds":[{"posx":17,"posy":1,"amount":50},{"posx":9,"posy":4,"amount":150},{"posx":15,"posy":4,"amount":500}],"changedObstacles":[]},{"players":[{"playerId":2349571,"score":950,"energy":27},{"playerId":157815,"score":1600,"energy":11},{"playerId":61319,"score":1800,"energy":27},{"playerId":2251128,"score":1400,"energy":2}],"golds":[{"posx":17,"posy":1,"amount":50},{"posx":9,"posy":4,"amount":150},{"posx":15,"posy":4,"amount":450}],"changedObstacles":[]},{"players":[{"playerId":2349571,"score":950,"energy":26},{"playerId":157815,"score":1650,"energy":6},{"playerId":61319,"score":1800,"energy":26},{"playerId":2251128,"score":1400,"energy":1}],"golds":[{"posx":17,"posy":1,"amount":50},{"posx":9,"posy":4,"amount":150},{"posx":15,"posy":4,"amount":400}],"changedObstacles":[]},{"players":[{"playerId":2349571,"score":950,"energy":25},{"playerId":157815,"score":1700,"energy":1},{"playerId":61319,"score":1800,"energy":25},{"playerId":2251128,"score":1400,"energy":0}],"golds":[{"posx":17,"posy":1,"amount":50},{"posx":9,"posy":4,"amount":150},{"posx":15,"posy":4,"amount":350}],"changedObstacles":[]},{"players":[{"playerId":2349571,"score":950,"energy":21},{"playerId":157815,"score":1700,"energy":13},{"playerId":61319,"score":1800,"energy":24},{"playerId":2251128,"score":1400,"energy":0}],"golds":[{"posx":17,"posy":1,"amount":50},{"posx":9,"posy":4,"amount":150},{"posx":15,"posy":4,"amount":350}],"changedObstacles":[]},{"players":[{"playerId":2349571,"score":1000,"energy":16},{"playerId":157815,"score":1700,"energy":29},{"playerId":61319,"score":1800,"energy":20},{"playerId":2251128,"score":1400,"energy":0}],"golds":[{"posx":17,"posy":1,"amount":50},{"posx":9,"posy":4,"amount":100},{"posx":15,"posy":4,"amount":350}],"changedObstacles":[]},{"players":[{"playerId":2349571,"score":1000,"energy":28},{"playerId":157815,"score":1700,"energy":50},{"playerId":61319,"score":1850,"energy":15},{"playerId":2251128,"score":1400,"energy":0}],"golds":[{"posx":17,"posy":1,"amount":50},{"posx":9,"posy":4,"amount":50},{"posx":15,"posy":4,"amount":350}],"changedObstacles":[]},{"players":[{"playerId":2349571,"score":1025,"energy":23},{"playerId":157815,"score":1750,"energy":45},{"playerId":61319,"score":1875,"energy":10},{"playerId":2251128,"score":1400,"energy":0}],"golds":[{"posx":17,"posy":1,"amount":50},{"posx":15,"posy":4,"amount":300}],"changedObstacles":[{"type":0,"posx":9,"posy":4,"value":-1}]},{"players":[{"playerId":2349571,"score":1025,"energy":22},{"playerId":157815,"score":1800,"energy":40},{"playerId":61319,"score":1875,"energy":9},{"playerId":2251128,"score":1400,"energy":0}],"golds":[{"posx":17,"posy":1,"amount":50},{"posx":15,"posy":4,"amount":250}],"changedObstacles":[]},{"players":[{"playerId":2349571,"score":1025,"energy":21},{"playerId":157815,"score":1850,"energy":35},{"playerId":61319,"score":1875,"energy":8},{"playerId":2251128,"score":1400,"energy":0}],"golds":[{"posx":17,"posy":1,"amount":50},{"posx":15,"posy":4,"amount":200}],"changedObstacles":[]},{"players":[{"playerId":2349571,"score":1025,"energy":20},{"playerId":157815,"score":1900,"energy":30},{"playerId":61319,"score":1875,"energy":7},{"playerId":2251128,"score":1400,"energy":0}],"golds":[{"posx":17,"posy":1,"amount":50},{"posx":15,"posy":4,"amount":150}],"changedObstacles":[]},{"players":[{"playerId":2349571,"score":1025,"energy":19},{"playerId":157815,"score":1950,"energy":25},{"playerId":61319,"score":1875,"energy":6},{"playerId":2251128,"score":1400,"energy":0}],"golds":[{"posx":17,"posy":1,"amount":50},{"posx":15,"posy":4,"amount":100}],"changedObstacles":[]},{"players":[{"playerId":2349571,"score":1025,"energy":31},{"playerId":157815,"score":2000,"energy":20},{"playerId":61319,"score":1875,"energy":5},{"playerId":2251128,"score":1400,"energy":0}],"golds":[{"posx":17,"posy":1,"amount":50},{"posx":15,"posy":4,"amount":50}],"changedObstacles":[]},{"players":[{"playerId":2349571,"score":1025,"energy":24},{"playerId":157815,"score":2050,"energy":15},{"playerId":61319,"score":1875,"energy":4},{"playerId":2251128,"score":1400,"energy":0}],"golds":[{"posx":17,"posy":1,"amount":50}],"changedObstacles":[{"type":0,"posx":15,"posy":4,"value":-1}]},{"players":[{"playerId":2349571,"score":1025,"energy":23},{"playerId":157815,"score":2050,"energy":27},{"playerId":61319,"score":1875,"energy":3},{"playerId":2251128,"score":1400,"energy":0}],"golds":[{"posx":17,"posy":1,"amount":50}],"changedObstacles":[]},{"players":[{"playerId":2349571,"score":1025,"energy":22},{"playerId":157815,"score":2050,"energy":43},{"playerId":61319,"score":1875,"energy":2},{"playerId":2251128,"score":1400,"energy":0}],"golds":[{"posx":17,"posy":1,"amount":50}],"changedObstacles":[]},{"players":[{"playerId":2349571,"score":1025,"energy":21},{"playerId":157815,"score":2050,"energy":50},{"playerId":61319,"score":1875,"energy":1},{"playerId":2251128,"score":1400,"energy":0}],"golds":[{"posx":17,"posy":1,"amount":50}],"changedObstacles":[]},{"players":[{"playerId":2349571,"score":1025,"energy":20},{"playerId":157815,"score":2050,"energy":50},{"playerId":61319,"score":1875,"energy":13},{"playerId":2251128,"score":1400,"energy":0}],"golds":[{"posx":17,"posy":1,"amount":50}],"changedObstacles":[]},{"players":[{"playerId":2349571,"score":1025,"energy":19},{"playerId":157815,"score":2050,"energy":50},{"playerId":61319,"score":1875,"energy":12},{"playerId":2251128,"score":1400,"energy":0}],"golds":[{"posx":17,"posy":1,"amount":50}],"changedObstacles":[]},{"players":[{"playerId":2349571,"score":1025,"energy":31},{"playerId":157815,"score":2050,"energy":50},{"playerId":61319,"score":1875,"energy":8},{"playerId":2251128,"score":1400,"energy":0}],"golds":[{"posx":17,"posy":1,"amount":50}],"changedObstacles":[]},{"players":[{"playerId":2349571,"score":1025,"energy":27},{"playerId":157815,"score":2050,"energy":50},{"playerId":61319,"score":1925,"energy":3},{"playerId":2251128,"score":1400,"energy":0}],"golds":[],"changedObstacles":[{"type":0,"posx":17,"posy":1,"value":-1}]}]