[{"players":[{"playerId":2451397,"score":0,"energy":49},{"playerId":2619262,"score":0,"energy":49},{"playerId":131454,"score":0,"energy":42},{"playerId":2294637,"score":0,"energy":49}],"golds":[{"posx":4,"posy":4,"amount":400},{"posx":13,"posy":3,"amount":550},{"posx":8,"posy":1,"amount":250},{"posx":16,"posy":7,"amount":100},{"posx":7,"posy":4,"amount":200},{"posx":16,"posy":4,"amount":500},{"posx":9,"posy":4,"amount":250},{"posx":20,"posy":1,"amount":150},{"posx":1,"posy":4,"amount":750},{"posx":8,"posy":4,"amount":300},{"posx":2,"posy":1,"amount":250},{"posx":12,"posy":5,"amount":250},{"posx":19,"posy":6,"amount":300},{"posx":6,"posy":1,"amount":150},{"posx":19,"posy":5,"amount":600},{"posx":5,"posy":3,"amount":650},{"posx":11,"posy":3,"amount":450},{"posx":10,"posy":2,"amount":650},{"posx":11,"posy":2,"amount":300},{"posx":6,"posy":5,"amount":650}],"changedObstacles":[]},{"players":[{"playerId":2451397,"score":0,"energy":48},{"playerId":2619262,"score":0,"energy":44},{"playerId":131454,"score":0,"energy":37},{"playerId":2294637,"score":0,"energy":39}],"golds":[{"posx":4,"posy":4,"amount":400},{"posx":13,"posy":3,"amount":550},{"posx":8,"posy":1,"amount":250},{"posx":16,"posy":7,"amount":100},{"posx":7,"posy":4,"amount":200},{"posx":16,"posy":4,"amount":500},{"posx":9,"posy":4,"amount":250},{"posx":20,"posy":1,"amount":150},{"posx":1,"posy":4,"amount":750},{"posx":8,"posy":4,"amount":300},{"posx":2,"posy":1,"amount":250},{"posx":12,"posy":5,"amount":250},{"posx":19,"posy":6,"amount":300},{"posx":6,"posy":1,"amount":150},{"posx":19,"posy":5,"amount":600},{"posx":5,"posy":3,"amount":650},{"posx":11,"posy":3,"amount":450},{"posx":10,"posy":2,"amount":650},{"posx":11,"posy":2,"amount":300},{"posx":6,"posy":5,"amount":650}],"changedObstacles":[{"type":0,"posx":15,"posy":1,"value":-1},{"type":3,"posx":16,"posy":2,"value":-20}]},{"players":[{"playerId":2451397,"score":0,"energy":47},{"playerId":2619262,"score":0,"energy":31},{"playerId":131454,"score":0,"energy":28},{"playerId":2294637,"score":0,"energy":38}],"golds":[{"posx":4,"posy":4,"amount":400},{"posx":13,"posy":3,"amount":550},{"posx":8,"posy":1,"amount":250},{"posx":16,"posy":7,"amount":100},{"posx":7,"posy":4,"amount":200},{"posx":16,"posy":4,"amount":500},{"posx":9,"posy":4,"amount":250},{"posx":20,"posy":1,"amount":150},{"posx":1,"posy":4,"amount":750},{"posx":8,"posy":4,"amount":300},{"posx":2,"posy":1,"amount":250},{"posx":12,"posy":5,"amount":250},{"posx":19,"posy":6,"amount":300},{"posx":6,"posy":1,"amount":150},{"posx":19,"posy":5,"amount":600},{"posx":5,"posy":3,"amount":650},{"posx":11,"posy":3,"amount":450},{"posx":10,"posy":2,"amount":650},{"posx":11,"posy":2,"amount":300},{"posx":6,"posy":5,"amount":650}],"changedObstacles":[]},{"players":[{"playerId":2451397,"score":0,"energy":31},{"playerId":2619262,"score":0,"energy":27},{"playerId":131454,"score":0,"energy":24},{"playerId":2294637,"score":0,"energy":37}],"golds":[{"posx":4,"posy":4,"amount":400},{"posx":13,"posy":3,"amount":550},{"posx":8,"posy":1,"amount":250},{"posx":16,"posy":7,"amount":100},{"posx":7,"posy":4,"amount":200},{"posx":16,"posy":4,"amount":500},{"posx":9,"posy":4,"amount":250},{"posx":20,"posy":1,"amount":150},{"posx":1,"posy":4,"amount":750},{"posx":8,"posy":4,"amount":300},{"posx":2,"posy":1,"amount":250},{"posx":12,"posy":5,"amount":250},{"posx":19,"posy":6,"amount":300},{"posx":6,"posy":1,"amount":150},{"posx":19,"posy":5,"amount":600},{"posx":5,"posy":3,"amount":650},{"posx":11,"posy":3,"amount":450},{"posx":10,"posy":2,"amount":650},{"posx":11,"posy":2,"amount":300},{"posx":6,"posy":5,"amount":650}],"changedObstacles":[]},{"players":[{"playerId":2451397,"score":0,"energy":30},{"playerId":2619262,"score":50,"energy":22},{"playerId":131454,"score":50,"energy":19},{"playerId":2294637,"score":0,"energy":20}],"golds":[{"posx":2,"posy":1,"amount":250},{"posx":6,"posy":1,"amount":150},{"posx":8,"posy":1,"amount":250},{"posx":20,"posy":1,"amount":150},{"posx":10,"posy":2,"amount":650},{"posx":11,"posy":2,"amount":300},{"posx":5,"posy":3,"amount":650},{"posx":11,"posy":3,"amount":450},{"posx":13,"posy":3,"amount":550},{"posx":1,"posy":4,"amount":750},{"posx":4,"posy":4,"amount":400},{"posx":7,"posy":4,"amount":200},{"posx":8,"posy":4,"amount":300},{"posx":9,"posy":4,"amount":250},{"posx":16,"posy":4,"amount":400},{"posx":6,"posy":5,"amount":650},{"posx":12,"posy":5,"amount":250},{"posx":19,"posy":5,"amount":600},{"posx":19,"posy":6,"amount":300},{"posx":16,"posy":7,"amount":100}],"changedObstacles":[]},{"players":[{"playerId":2451397,"score":0,"energy":26},{"playerId":2619262,"score":100,"energy":17},{"playerId":131454,"score":100,"energy":14},{"playerId":2294637,"score":0,"energy":19}],"golds":[{"posx":2,"posy":1,"amount":250},{"posx":6,"posy":1,"amount":150},{"posx":8,"posy":1,"amount":250},{"posx":20,"posy":1,"amount":150},{"posx":10,"posy":2,"amount":650},{"posx":11,"posy":2,"amount":300},{"posx":5,"posy":3,"amount":650},{"posx":11,"posy":3,"amount":450},{"posx":13,"posy":3,"amount":550},{"posx":1,"posy":4,"amount":750},{"posx":4,"posy":4,"amount":400},{"posx":7,"posy":4,"amount":200},{"posx":8,"posy":4,"amount":300},{"posx":9,"posy":4,"amount":250},{"posx":16,"posy":4,"amount":300},{"posx":6,"posy":5,"amount":650},{"posx":12,"posy":5,"amount":250},{"posx":19,"posy":5,"amount":600},{"posx":19,"posy":6,"amount":300},{"posx":16,"posy":7,"amount":100}],"changedObstacles":[]},{"players":[{"playerId":2451397,"score":50,"energy":21},{"playerId":2619262,"score":150,"energy":12},{"playerId":131454,"score":150,"energy":9},{"playerId":2294637,"score":0,"energy":15}],"golds":[{"posx":2,"posy":1,"amount":250},{"posx":6,"posy":1,"amount":150},{"posx":8,"posy":1,"amount":250},{"posx":20,"posy":1,"amount":150},{"posx":10,"posy":2,"amount":650},{"posx":11,"posy":2,"amount":300},{"posx":5,"posy":3,"amount":650},{"posx":11,"posy":3,"amount":450},{"posx":13,"posy":3,"amount":550},{"posx":1,"posy":4,"amount":750},{"posx":4,"posy":4,"amount":400},{"posx":7,"posy":4,"amount":200},{"posx":8,"posy":4,"amount":300},{"posx":9,"posy":4,"amount":250},{"posx":16,"posy":4,"amount":200},{"posx":6,"posy":5,"amount":650},{"posx":12,"posy":5,"amount":250},{"posx":19,"posy":5,"amount":550},{"posx":19,"posy":6,"amount":300},{"posx":16,"posy":7,"amount":100}],"changedObstacles":[]},{"players":[{"playerId":2451397,"score":100,"energy":16},{"playerId":2619262,"score":200,"energy":7},{"playerId":131454,"score":200,"energy":4},{"playerId":2294637,"score":50,"energy":10}],"golds":[{"posx":2,"posy":1,"amount":250},{"posx":6,"posy":1,"amount":150},{"posx":8,"posy":1,"amount":250},{"posx":20,"posy":1,"amount":150},{"posx":10,"posy":2,"amount":650},{"posx":11,"posy":2,"amount":250},{"posx":5,"posy":3,"amount":650},{"posx":11,"posy":3,"amount":450},{"posx":13,"posy":3,"amount":550},{"posx":1,"posy":4,"amount":750},{"posx":4,"posy":4,"amount":400},{"posx":7,"posy":4,"amount":200},{"posx":8,"posy":4,"amount":300},{"posx":9,"posy":4,"amount":250},{"posx":16,"posy":4,"amount":100},{"posx":6,"posy":5,"amount":650},{"posx":12,"posy":5,"amount":250},{"posx":19,"posy":5,"amount":500},{"posx":19,"posy":6,"amount":300},{"posx":16,"posy":7,"amount":100}],"changedObstacles":[]},{"players":[{"playerId":2451397,"score":150,"energy":11},{"playerId":2619262,"score":250,"energy":2},{"playerId":131454,"score":200,"energy":16},{"playerId":2294637,"score":100,"energy":5}],"golds":[{"posx":2,"posy":1,"amount":250},{"posx":6,"posy":1,"amount":150},{"posx":8,"posy":1,"amount":250},{"posx":20,"posy":1,"amount":150},{"posx":10,"posy":2,"amount":650},{"posx":11,"posy":2,"amount":200},{"posx":5,"posy":3,"amount":650},{"posx":11,"posy":3,"amount":450},{"posx":13,"posy":3,"amount":550},{"posx":1,"posy":4,"amount":750},{"posx":4,"posy":4,"amount":400},{"posx":7,"posy":4,"amount":200},{"posx":8,"posy":4,"amount":300},{"posx":9,"posy":4,"amount":250},{"posx":16,"posy":4,"amount":50},{"posx":6,"posy":5,"amount":650},{"posx":12,"posy":5,"amount":250},{"posx":19,"posy":5,"amount":450},{"posx":19,"posy":6,"amount":300},{"posx":16,"posy":7,"amount":100}],"changedObstacles":[]},{"players":[{"playerId":2451397,"score":200,"energy":6},{"playerId":2619262,"score":250,"energy":14},{"playerId":131454,"score":200,"energy":32},{"playerId":2294637,"score":100,"energy":17}],"golds":[{"posx":2,"posy":1,"amount":250},{"posx":6,"posy":1,"amount":150},{"posx":8,"posy":1,"amount":250},{"posx":20,"posy":1,"amount":150},{"posx":10,"posy":2,"amount":650},{"posx":11,"posy":2,"amount":200},{"posx":5,"posy":3,"amount":650},{"posx":11,"posy":3,"amount":450},{"posx":13,"posy":3,"amount":550},{"posx":1,"posy":4,"amount":750},{"posx":4,"posy":4,"amount":400},{"posx":7,"posy":4,"amount":200},{"posx":8,"posy":4,"amount":300},{"posx":9,"posy":4,"amount":250},{"posx":16,"posy":4,"amount":50},{"posx":6,"posy":5,"amount":650},{"posx":12,"posy":5,"amount":250},{"posx":19,"posy":5,"amount":400},{"posx":19,"posy":6,"amount":300},{"posx":16,"posy":7,"amount":100}],"changedObstacles":[]},{"players":[{"playerId":2451397,"score":250,"energy":1},{"playerId":2619262,"score":300,"energy":9},{"playerId":131454,"score":200,"energy":50},{"playerId":2294637,"score":100,"energy":33}],"golds":[{"posx":2,"posy":1,"amount":250},{"posx":6,"posy":1,"amount":150},{"posx":8,"posy":1,"amount":250},{"posx":20,"posy":1,"amount":150},{"posx":10,"posy":2,"amount":650},{"posx":11,"posy":2,"amount":200},{"posx":5,"posy":3,"amount":650},{"posx":11,"posy":3,"amount":450},{"posx":13,"posy":3,"amount":550},{"posx":1,"posy":4,"amount":750},{"posx":4,"posy":4,"amount":400},{"posx":7,"posy":4,"amount":200},{"posx":8,"posy":4,"amount":300},{"posx":9,"posy":4,"amount":250},{"posx":6,"posy":5,"amount":650},{"posx":12,"posy":5,"amount":250},{"posx":19,"posy":5,"amount":350},{"posx":19,"posy":6,"amount":300},{"posx":16,"posy":7,"amount":100}],"changedObstacles":[{"type":0,"posx":16,"posy":4,"value":-1}]},{"players":[{"playerId":2451397,"score":250,"energy":13},{"playerId":2619262,"score":300,"energy":8},{"playerId":131454,"score":200,"energy":36},{"playerId":2294637,"score":100,"energy":50}],"golds":[{"posx":2,"posy":1,"amount":250},{"posx":6,"posy":1,"amount":150},{"posx":8,"posy":1,"amount":250},{"posx":20,"posy":1,"amount":150},{"posx":10,"posy":2,"amount":650},{"posx":11,"posy":2,"amount":200},{"posx":5,"posy":3,"amount":650},{"posx":11,"posy":3,"amount":450},{"posx":13,"posy":3,"amount":550},{"posx":1,"posy":4,"amount":750},{"posx":4,"posy":4,"amount":400},{"posx":7,"posy":4,"amount":200},{"posx":8,"posy":4,"amount":300},{"posx":9,"posy":4,"amount":250},{"posx":6,"posy":5,"amount":650},{"posx":12,"posy":5,"amount":250},{"posx":19,"posy":5,"amount":350},{"posx":19,"posy":6,"amount":300},{"posx":16,"posy":7,"amount":100}],"changedObstacles":[]},{"players":[{"playerId":2451397,"score":250,"energy":29},{"playerId":2619262,"score":300,"energy":3},{"playerId":131454,"score":200,"energy":35},{"playerId":2294637,"score":150,"energy":45}],"golds":[{"posx":2,"posy":1,"amount":250},{"posx":6,"posy":1,"amount":150},{"posx":8,"posy":1,"amount":250},{"posx":20,"posy":1,"amount":150},{"posx":10,"posy":2,"amount":650},{"posx":11,"posy":2,"amount":150},{"posx":5,"posy":3,"amount":650},{"posx":11,"posy":3,"amount":450},{"posx":13,"posy":3,"amount":550},{"posx":1,"posy":4,"amount":750},{"posx":4,"posy":4,"amount":400},{"posx":7,"posy":4,"amount":200},{"posx":8,"posy":4,"amount":300},{"posx":9,"posy":4,"amount":250},{"posx":6,"posy":5,"amount":650},{"posx":12,"posy":5,"amount":250},{"posx":19,"posy":5,"amount":350},{"posx":19,"posy":6,"amount":300},{"posx":16,"posy":7,"amount":100}],"changedObstacles":[{"type":3,"posx":18,"posy":4,"value":-20}]},{"players":[{"playerId":2451397,"score":250,"energy":50},{"playerId":2619262,"score":300,"energy":2},{"playerId":131454,"score":200,"energy":25},{"playerId":2294637,"score":200,"energy":40}],"golds":[{"posx":2,"posy":1,"amount":250},{"posx":6,"posy":1,"amount":150},{"posx":8,"posy":1,"amount":250},{"posx":20,"posy":1,"amount":150},{"posx":10,"posy":2,"amount":650},{"posx":11,"posy":2,"amount":100},{"posx":5,"posy":3,"amount":650},{"posx":11,"posy":3,"amount":450},{"posx":13,"posy":3,"amount":550},{"posx":1,"posy":4,"amount":750},{"posx":4,"posy":4,"amount":400},{"posx":7,"posy":4,"amount":200},{"posx":8,"posy":4,"amount":300},{"posx":9,"posy":4,"amount":250},{"posx":6,"posy":5,"amount":650},{"posx":12,"posy":5,"amount":250},{"posx":19,"posy":5,"amount":350},{"posx":19,"posy":6,"amount":300},{"posx":16,"posy":7,"amount":100}],"changedObstacles":[{"type":0,"posx":13,"posy":4,"value":-1}]},{"players":[{"playerId":2451397,"score":300,"energy":45},{"playerId":2619262,"score":300,"energy":14},{"playerId":131454,"score":200,"energy":21},{"playerId":2294637,"score":250,"energy":35}],"golds":[{"posx":2,"posy":1,"amount":250},{"posx":6,"posy":1,"amount":150},{"posx":8,"posy":1,"amount":250},{"posx":20,"posy":1,"amount":150},{"posx":10,"posy":2,"amount":650},{"posx":11,"posy":2,"amount":50},{"posx":5,"posy":3,"amount":650},{"posx":11,"posy":3,"amount":450},{"posx":13,"posy":3,"amount":550},{"posx":1,"posy":4,"amount":750},{"posx":4,"posy":4,"amount":400},{"posx":7,"posy":4,"amount":200},{"posx":8,"posy":4,"amount":300},{"posx":9,"posy":4,"amount":250},{"posx":6,"posy":5,"amount":650},{"posx":12,"posy":5,"amount":250},{"posx":19,"posy":5,"amount":300},{"posx":19,"posy":6,"amount":300},{"posx":16,"posy":7,"amount":100}],"changedObstacles":[]},{"players":[{"playerId":2451397,"score":350,"energy":40},{"playerId":2619262,"score":300,"energy":10},{"playerId":131454,"score":250,"energy":16},{"playerId":2294637,"score":300,"energy":30}],"golds":[{"posx":2,"posy":1,"amount":250},{"posx":6,"posy":1,"amount":150},{"posx":8,"posy":1,"amount":250},{"posx":20,"posy":1,"amount":150},{"posx":10,"posy":2,"amount":650},{"posx":5,"posy":3,"amount":650},{"posx":11,"posy":3,"amount":450},{"posx":13,"posy":3,"amount":500},{"posx":1,"posy":4,"amount":750},{"posx":4,"posy":4,"amount":400},{"posx":7,"posy":4,"amount":200},{"posx":8,"posy":4,"amount":300},{"posx":9,"posy":4,"amount":250},{"posx":6,"posy":5,"amount":650},{"posx":12,"posy":5,"amount":250},{"posx":19,"posy":5,"amount":250},{"posx":19,"posy":6,"amount":300},{"posx":16,"posy":7,"amount":100}],"changedObstacles":[{"type":0,"posx":11,"posy":2,"value":-1}]},{"players":[{"playerId":2451397,"score":400,"energy":35},{"playerId":2619262,"score":350,"energy":5},{"playerId":131454,"score":300,"energy":11},{"playerId":2294637,"score":300,"energy":26}],"golds":[{"posx":2,"posy":1,"amount":250},{"posx":6,"posy":1,"amount":150},{"posx":8,"posy":1,"amount":250},{"posx":20,"posy":1,"amount":150},{"posx":10,"posy":2,"amount":650},{"posx":5,"posy":3,"amount":650},{"posx":11,"posy":3,"amount":450},{"posx":13,"posy":3,"amount":450},{"posx":1,"posy":4,"amount":750},{"posx":4,"posy":4,"amount":400},{"posx":7,"posy":4,"amount":200},{"posx":8,"posy":4,"amount":300},{"posx":9,"posy":4,"amount":250},{"posx":6,"posy":5,"amount":650},{"posx":12,"posy":5,"amount":250},{"posx":19,"posy":5,"amount":150},{"posx":19,"posy":6,"amount":300},{"posx":16,"posy":7,"amount":100}],"changedObstacles":[]},{"players":[{"playerId":2451397,"score":450,"energy":30},{"playerId":2619262,"score":350,"energy":17},{"playerId":131454,"score":350,"energy":6},{"playerId":2294637,"score":350,"energy":21}],"golds":[{"posx":2,"posy":1,"amount":250},{"posx":6,"posy":1,"amount":150},{"posx":8,"posy":1,"amount":250},{"posx":20,"posy":1,"amount":150},{"posx":10,"posy":2,"amount":600},{"posx":5,"posy":3,"amount":650},{"posx":11,"posy":3,"amount":450},{"posx":13,"posy":3,"amount":400},{"posx":1,"posy":4,"amount":750},{"posx":4,"posy":4,"amount":400},{"posx":7,"posy":4,"amount":200},{"posx":8,"posy":4,"amount":300},{"posx":9,"posy":4,"amount":250},{"posx":6,"posy":5,"amount":650},{"posx":12,"posy":5,"amount":250},{"posx":19,"posy":5,"amount":100},{"posx":19,"posy":6,"amount":300},{"posx":16,"posy":7,"amount":100}],"changedObstacles":[]},{"players":[{"playerId":2451397,"score":500,"energy":25},{"playerId":2619262,"score":400,"energy":12},{"playerId":131454,"score":400,"energy":1},{"playerId":2294637,"score":400,"energy":16}],"golds":[{"posx":2,"posy":1,"amount":250},{"posx":6,"posy":1,"amount":150},{"posx":8,"posy":1,"amount":250},{"posx":20,"posy":1,"amount":150},{"posx":10,"posy":2,"amount":550},{"posx":5,"posy":3,"amount":650},{"posx":11,"posy":3,"amount":450},{"posx":13,"posy":3,"amount":350},{"posx":1,"posy":4,"amount":750},{"posx":4,"posy":4,"amount":400},{"posx":7,"posy":4,"amount":200},{"posx":8,"posy":4,"amount":300},{"posx":9,"posy":4,"amount":250},{"posx":6,"posy":5,"amount":650},{"posx":12,"posy":5,"amount":250},{"posx":19,"posy":6,"amount":300},{"posx":16,"posy":7,"amount":100}],"changedObstacles":[{"type":0,"posx":19,"posy":5,"value":-1}]},{"players":[{"playerId":2451397,"score":500,"energy":21},{"playerId":2619262,"score":400,"energy":8},{"playerId":131454,"score":400,"energy":13},{"playerId":2294637,"score":450,"energy":11}],"golds":[{"posx":2,"posy":1,"amount":250},{"posx":6,"posy":1,"amount":150},{"posx":8,"posy":1,"amount":250},{"posx":20,"posy":1,"amount":150},{"posx":10,"posy":2,"amount":500},{"posx":5,"posy":3,"amount":650},{"posx":11,"posy":3,"amount":450},{"posx":13,"posy":3,"amount":350},{"posx":1,"posy":4,"amount":750},{"posx":4,"posy":4,"amount":400},{"posx":7,"posy":4,"amount":200},{"posx":8,"posy":4,"amount":300},{"posx":9,"posy":4,"amount":250},{"posx":6,"posy":5,"amount":650},{"posx":12,"posy":5,"amount":250},{"posx":19,"posy":6,"amount":300},{"posx":16,"posy":7,"amount":100}],"changedObstacles":[]},{"players":[{"playerId":2451397,"score":550,"energy":16},{"playerId":2619262,"score":450,"energy":3},{"playerId":131454,"score":400,"energy":29},{"playerId":2294637,"score":500,"energy":6}],"golds":[{"posx":2,"posy":1,"amount":250},{"posx":6,"posy":1,"amount":150},{"posx":8,"posy":1,"amount":250},{"posx":20,"posy":1,"amount":150},{"posx":10,"posy":2,"amount":450},{"posx":5,"posy":3,"amount":650},{"posx":11,"posy":3,"amount":450},{"posx":13,"posy":3,"amount":350},{"posx":1,"posy":4,"amount":750},{"posx":4,"posy":4,"amount":400},{"posx":7,"posy":4,"amount":200},{"posx":8,"posy":4,"amount":300},{"posx":9,"posy":4,"amount":250},{"posx":6,"posy":5,"amount":650},{"posx":12,"posy":5,"amount":250},{"posx":19,"posy":6,"amount":200},{"posx":16,"posy":7,"amount":100}],"changedObstacles":[]},{"players":[{"playerId":2451397,"score":600,"energy":11},{"playerId":2619262,"score":450,"energy":15},{"playerId":131454,"score":400,"energy":50},{"playerId":2294637,"score":500,"energy":18}],"golds":[{"posx":2,"posy":1,"amount":250},{"posx":6,"posy":1,"amount":150},{"posx":8,"posy":1,"amount":250},{"posx":20,"posy":1,"amount":150},{"posx":10,"posy":2,"amount":450},{"posx":5,"posy":3,"amount":650},{"posx":11,"posy":3,"amount":450},{"posx":13,"posy":3,"amount":350},{"posx":1,"posy":4,"amount":750},{"posx":4,"posy":4,"amount":400},{"posx":7,"posy":4,"amount":200},{"posx":8,"posy":4,"amount":300},{"posx":9,"posy":4,"amount":250},{"posx":6,"posy":5,"amount":650},{"posx":12,"posy":5,"amount":250},{"posx":19,"posy":6,"amount":150},{"posx":16,"posy":7,"amount":100}],"changedObstacles":[]},{"players":[{"playerId":2451397,"score":650,"energy":6},{"playerId":2619262,"score":500,"energy":10},{"playerId":131454,"score":450,"energy":45},{"playerId":2294637,"score":500,"energy":34}],"golds":[{"posx":2,"posy":1,"amount":250},{"posx":6,"posy":1,"amount":150},{"posx":8,"posy":1,"amount":250},{"posx":20,"posy":1,"amount":150},{"posx":10,"posy":2,"amount":450},{"posx":5,"posy":3,"amount":650},{"posx":11,"posy":3,"amount":450},{"posx":13,"posy":3,"amount":300},{"posx":1,"posy":4,"amount":750},{"posx":4,"posy":4,"amount":400},{"posx":7,"posy":4,"amount":200},{"posx":8,"posy":4,"amount":300},{"posx":9,"posy":4,"amount":250},{"posx":6,"posy":5,"amount":650},{"posx":12,"posy":5,"amount":250},{"posx":19,"posy":6,"amount":50},{"posx":16,"posy":7,"amount":100}],"changedObstacles":[]},{"players":[{"playerId":2451397,"score":675,"energy":1},{"playerId":2619262,"score":525,"energy":5},{"playerId":131454,"score":500,"energy":40},{"playerId":2294637,"score":500,"energy":50}],"golds":[{"posx":2,"posy":1,"amount":250},{"posx":6,"posy":1,"amount":150},{"posx":8,"posy":1,"amount":250},{"posx":20,"posy":1,"amount":150},{"posx":10,"posy":2,"amount":450},{"posx":5,"posy":3,"amount":650},{"posx":11,"posy":3,"amount":450},{"posx":13,"posy":3,"amount":250},{"posx":1,"posy":4,"amount":750},{"posx":4,"posy":4,"amount":400},{"posx":7,"posy":4,"amount":200},{"posx":8,"posy":4,"amount":300},{"posx":9,"posy":4,"amount":250},{"posx":6,"posy":5,"amount":650},{"posx":12,"posy":5,"amount":250},{"posx":16,"posy":7,"amount":100}],"changedObstacles":[{"type":0,"posx":19,"posy":6,"value":-1}]},{"players":[{"playerId":2451397,"score":675,"energy":13},{"playerId":2619262,"score":525,"energy":17},{"playerId":131454,"score":550,"energy":35},{"playerId":2294637,"score":550,"energy":45}],"golds":[{"posx":2,"posy":1,"amount":250},{"posx":6,"posy":1,"amount":150},{"posx":8,"posy":1,"amount":250},{"posx":20,"posy":1,"amount":150},{"posx":10,"posy":2,"amount":400},{"posx":5,"posy":3,"amount":650},{"posx":11,"posy":3,"amount":450},{"posx":13,"posy":3,"amount":200},{"posx":1,"posy":4,"amount":750},{"posx":4,"posy":4,"amount":400},{"posx":7,"posy":4,"amount":200},{"posx":8,"posy":4,"amount":300},{"posx":9,"posy":4,"amount":250},{"posx":6,"posy":5,"amount":650},{"posx":12,"posy":5,"amount":250},{"posx":16,"posy":7,"amount":100}],"changedObstacles":[]},{"players":[{"playerId":2451397,"score":675,"energy":12},{"playerId":2619262,"score":525,"energy":12},{"playerId":131454,"score":600,"energy":30},{"playerId":2294637,"score":600,"energy":40}],"golds":[{"posx":2,"posy":1,"amount":250},{"posx":6,"posy":1,"amount":150},{"posx":8,"posy":1,"amount":250},{"posx":20,"posy":1,"amount":150},{"posx":10,"posy":2,"amount":350},{"posx":5,"posy":3,"amount":650},{"posx":11,"posy":3,"amount":450},{"posx":13,"posy":3,"amount":150},{"posx":1,"posy":4,"amount":750},{"posx":4,"posy":4,"amount":400},{"posx":7,"posy":4,"amount":200},{"posx":8,"posy":4,"amount":300},{"posx":9,"posy":4,"amount":250},{"posx":6,"posy":5,"amount":650},{"posx":12,"posy":5,"amount":250},{"posx":16,"posy":7,"amount":100}],"changedObstacles":[{"type":3,"posx":19,"posy":7,"value":-20}]},{"players":[{"playerId":2451397,"score":675,"energy":11},{"playerId":2619262,"score":525,"energy":11},{"playerId":131454,"score":650,"energy":25},{"playerId":2294637,"score":650,"energy":35}],"golds":[{"posx":2,"posy":1,"amount":250},{"posx":6,"posy":1,"amount":150},{"posx":8,"posy":1,"amount":250},{"posx":20,"posy":1,"amount":150},{"posx":10,"posy":2,"amount":300},{"posx":5,"posy":3,"amount":650},{"posx":11,"posy":3,"amount":450},{"posx":13,"posy":3,"amount":100},{"posx":1,"posy":4,"amount":750},{"posx":4,"posy":4,"amount":400},{"posx":7,"posy":4,"amount":200},{"posx":8,"posy":4,"amount":300},{"posx":9,"posy":4,"amount":250},{"posx":6,"posy":5,"amount":650},{"posx":12,"posy":5,"amount":250},{"posx":16,"posy":7,"amount":100}],"changedObstacles":[]},{"players":[{"playerId":2451397,"score":675,"energy":23},{"playerId":2619262,"score":525,"energy":10},{"playerId":131454,"score":700,"energy":20},{"playerId":2294637,"score":700,"energy":30}],"golds":[{"posx":2,"posy":1,"amount":250},{"posx":6,"posy":1,"amount":150},{"posx":8,"posy":1,"amount":250},{"posx":20,"posy":1,"amount":150},{"posx":10,"posy":2,"amount":250},{"posx":5,"posy":3,"amount":650},{"posx":11,"posy":3,"amount":450},{"posx":13,"posy":3,"amount":50},{"posx":1,"posy":4,"amount":750},{"posx":4,"posy":4,"amount":400},{"posx":7,"posy":4,"amount":200},{"posx":8,"posy":4,"amount":300},{"posx":9,"posy":4,"amount":250},{"posx":6,"posy":5,"amount":650},{"posx":12,"posy":5,"amount":250},{"posx":16,"posy":7,"amount":100}],"changedObstacles":[]},{"players":[{"playerId":2451397,"score":675,"energy":15},{"playerId":2619262,"score":525,"energy":9},{"playerId":131454,"score":750,"energy":15},{"playerId":2294637,"score":750,"energy":25}],"golds":[{"posx":2,"posy":1,"amount":250},{"posx":6,"posy":1,"amount":150},{"posx":8,"posy":1,"amount":250},{"posx":20,"posy":1,"amount":150},{"posx":10,"posy":2,"amount":200},{"posx":5,"posy":3,"amount":650},{"posx":11,"posy":3,"amount":450},{"posx":1,"posy":4,"amount":750},{"posx":4,"posy":4,"amount":400},{"posx":7,"posy":4,"amount":200},{"posx":8,"posy":4,"amount":300},{"posx":9,"posy":4,"amount":250},{"posx":6,"posy":5,"amount":650},{"posx":12,"posy":5,"amount":250},{"posx":16,"posy":7,"amount":100}],"changedObstacles":[{"type":0,"posx":13,"posy":3,"value":-1}]},{"players":[{"playerId":2451397,"score":675,"energy":11},{"playerId":2619262,"score":525,"energy":21},{"playerId":131454,"score":750,"energy":14},{"playerId":2294637,"score":800,"energy":20}],"golds":[{"posx":2,"posy":1,"amount":250},{"posx":6,"posy":1,"amount":150},{"posx":8,"posy":1,"amount":250},{"posx":20,"posy":1,"amount":150},{"posx":10,"posy":2,"amount":150},{"posx":5,"posy":3,"amount":650},{"posx":11,"posy":3,"amount":450},{"posx":1,"posy":4,"amount":750},{"posx":4,"posy":4,"amount":400},{"posx":7,"posy":4,"amount":200},{"posx":8,"posy":4,"amount":300},{"posx":9,"posy":4,"amount":250},{"posx":6,"posy":5,"amount":650},{"posx":12,"posy":5,"amount":250},{"posx":16,"posy":7,"amount":100}],"changedObstacles":[]},{"players":[{"playerId":2451397,"score":725,"energy":6},{"playerId":2619262,"score":525,"energy":7},{"playerId":131454,"score":750,"energy":10},{"playerId":2294637,"score":850,"energy":15}],"golds":[{"posx":2,"posy":1,"amount":250},{"posx":6,"posy":1,"amount":150},{"posx":8,"posy":1,"amount":250},{"posx":20,"posy":1,"amount":150},{"posx":10,"posy":2,"amount":100},{"posx":5,"posy":3,"amount":650},{"posx":11,"posy":3,"amount":450},{"posx":1,"posy":4,"amount":750},{"posx":4,"posy":4,"amount":400},{"posx":7,"posy":4,"amount":200},{"posx":8,"posy":4,"amount":300},{"posx":9,"posy":4,"amount":250},{"posx":6,"posy":5,"amount":650},{"posx":12,"posy":5,"amount":250},{"posx":16,"posy":7,"amount":50}],"changedObstacles":[]},{"players":[{"playerId":2451397,"score":775,"energy":1},{"playerId":2619262,"score":525,"energy":3},{"playerId":131454,"score":800,"energy":5},{"playerId":2294637,"score":900,"energy":10}],"golds":[{"posx":2,"posy":1,"amount":250},{"posx":6,"posy":1,"amount":150},{"posx":8,"posy":1,"amount":250},{"posx":20,"posy":1,"amount":150},{"posx":10,"posy":2,"amount":50},{"posx":5,"posy":3,"amount":650},{"posx":11,"posy":3,"amount":400},{"posx":1,"posy":4,"amount":750},{"posx":4,"posy":4,"amount":400},{"posx":7,"posy":4,"amount":200},{"posx":8,"posy":4,"amount":300},{"posx":9,"posy":4,"amount":250},{"posx":6,"posy":5,"amount":650},{"posx":12,"posy":5,"amount":250}],"changedObstacles":[{"type":0,"posx":16,"posy":7,"value":-1}]},{"players":[{"playerId":2451397,"score":775,"energy":13},{"playerId":2619262,"score":525,"energy":15},{"playerId":131454,"score":800,"energy":17},{"playerId":2294637,"score":950,"energy":5}],"golds":[{"posx":2,"posy":1,"amount":250},{"posx":6,"posy":1,"amount":150},{"posx":8,"posy":1,"amount":250},{"posx":20,"posy":1,"amount":150},{"posx":5,"posy":3,"amount":650},{"posx":11,"posy":3,"amount":400},{"posx":1,"posy":4,"amount":750},{"posx":4,"posy":4,"amount":400},{"posx":7,"posy":4,"amount":200},{"posx":8,"posy":4,"amount":300},{"posx":9,"posy":4,"amount":250},{"posx":6,"posy":5,"amount":650},{"posx":12,"posy":5,"amount":250}],"changedObstacles":[{"type":0,"posx":10,"posy":2,"value":-1}]},{"players":[{"playerId":2451397,"score":775,"energy":8},{"playerId":2619262,"score":525,"energy":10},{"playerId":131454,"score":800,"energy":33},{"playerId":2294637,"score":950,"energy":17}],"golds":[{"posx":2,"posy":1,"amount":250},{"posx":6,"posy":1,"amount":150},{"posx":8,"posy":1,"amount":250},{"posx":20,"posy":1,"amount":150},{"posx":5,"posy":3,"amount":650},{"posx":11,"posy":3,"amount":400},{"posx":1,"posy":4,"amount":750},{"posx":4,"posy":4,"amount":400},{"posx":7,"posy":4,"amount":200},{"posx":8,"posy":4,"amount":300},{"posx":9,"posy":4,"amount":250},{"posx":6,"posy":5,"amount":650},{"posx":12,"posy":5,"amount":250}],"changedObstacles":[{"type":3,"posx":15,"posy":7,"value":-20}]},{"players":[{"playerId":2451397,"score":775,"energy":7},{"playerId":2619262,"score":525,"energy":9},{"playerId":131454,"score":800,"energy":50},{"playerId":2294637,"score":950,"energy":33}],"golds":[{"posx":2,"posy":1,"amount":250},{"posx":6,"posy":1,"amount":150},{"posx":8,"posy":1,"amount":250},{"posx":20,"posy":1,"amount":150},{"posx":5,"posy":3,"amount":650},{"posx":11,"posy":3,"amount":400},{"posx":1,"posy":4,"amount":750},{"posx":4,"posy":4,"amount":400},{"posx":7,"posy":4,"amount":200},{"posx":8,"posy":4,"amount":300},{"posx":9,"posy":4,"amount":250},{"posx":6,"posy":5,"amount":650},{"posx":12,"posy":5,"amount":250}],"changedObstacles":[]},{"players":[{"playerId":2451397,"score":775,"energy":2},{"playerId":2619262,"score":525,"energy":4},{"playerId":131454,"score":850,"energy":45},{"playerId":2294637,"score":950,"energy":50}],"golds":[{"posx":2,"posy":1,"amount":250},{"posx":6,"posy":1,"amount":150},{"posx":8,"posy":1,"amount":250},{"posx":20,"posy":1,"amount":150},{"posx":5,"posy":3,"amount":650},{"posx":11,"posy":3,"amount":350},{"posx":1,"posy":4,"amount":750},{"posx":4,"posy":4,"amount":400},{"posx":7,"posy":4,"amount":200},{"posx":8,"posy":4,"amount":300},{"posx":9,"posy":4,"amount":250},{"posx":6,"posy":5,"amount":650},{"posx":12,"posy":5,"amount":250}],"changedObstacles":[{"type":3,"posx":13,"posy":7,"value":-20}]},{"players":[{"playerId":2451397,"score":775,"energy":1},{"playerId":2619262,"score":525,"energy":16},{"playerId":131454,"score":900,"energy":40},{"playerId":2294637,"score":950,"energy":40}],"golds":[{"posx":2,"posy":1,"amount":250},{"posx":6,"posy":1,"amount":150},{"posx":8,"posy":1,"amount":250},{"posx":20,"posy":1,"amount":150},{"posx":5,"posy":3,"amount":650},{"posx":11,"posy":3,"amount":300},{"posx":1,"posy":4,"amount":750},{"posx":4,"posy":4,"amount":400},{"posx":7,"posy":4,"amount":200},{"posx":8,"posy":4,"amount":300},{"posx":9,"posy":4,"amount":250},{"posx":6,"posy":5,"amount":650},{"posx":12,"posy":5,"amount":250}],"changedObstacles":[{"type":0,"posx":9,"posy":2,"value":-1}]},{"players":[{"playerId":2451397,"score":775,"energy":13},{"playerId":2619262,"score":525,"energy":11},{"playerId":131454,"score":950,"energy":35},{"playerId":2294637,"score":950,"energy":31}],"golds":[{"posx":2,"posy":1,"amount":250},{"posx":6,"posy":1,"amount":150},{"posx":8,"posy":1,"amount":250},{"posx":20,"posy":1,"amount":150},{"posx":5,"posy":3,"amount":650},{"posx":11,"posy":3,"amount":250},{"posx":1,"posy":4,"amount":750},{"posx":4,"posy":4,"amount":400},{"posx":7,"posy":4,"amount":200},{"posx":8,"posy":4,"amount":300},{"posx":9,"posy":4,"amount":250},{"posx":6,"posy":5,"amount":650},{"posx":12,"posy":5,"amount":250}],"changedObstacles":[{"type":3,"posx":13,"posy":6,"value":-20}]},{"players":[{"playerId":2451397,"score":775,"energy":3},{"playerId":2619262,"score":525,"energy":6},{"playerId":131454,"score":1000,"energy":30},{"playerId":2294637,"score":950,"energy":24}],"golds":[{"posx":2,"posy":1,"amount":250},{"posx":6,"posy":1,"amount":150},{"posx":8,"posy":1,"amount":250},{"posx":20,"posy":1,"amount":150},{"posx":5,"posy":3,"amount":650},{"posx":11,"posy":3,"amount":200},{"posx":1,"posy":4,"amount":750},{"posx":4,"posy":4,"amount":400},{"posx":7,"posy":4,"amount":200},{"posx":8,"posy":4,"amount":300},{"posx":9,"posy":4,"amount":250},{"posx":6,"posy":5,"amount":650},{"posx":12,"posy":5,"amount":250}],"changedObstacles":[{"type":0,"posx":11,"posy":7,"value":-1},{"type":3,"posx":13,"posy":5,"value":-20}]},{"players":[{"playerId":2451397,"score":775,"energy":15},{"playerId":2619262,"score":525,"energy":2},{"playerId":131454,"score":1050,"energy":25},{"playerId":2294637,"score":950,"energy":23}],"golds":[{"posx":2,"posy":1,"amount":250},{"posx":6,"posy":1,"amount":150},{"posx":8,"posy":1,"amount":250},{"posx":20,"posy":1,"amount":150},{"posx":5,"posy":3,"amount":650},{"posx":11,"posy":3,"amount":150},{"posx":1,"posy":4,"amount":750},{"posx":4,"posy":4,"amount":400},{"posx":7,"posy":4,"amount":200},{"posx":8,"posy":4,"amount":300},{"posx":9,"posy":4,"amount":250},{"posx":6,"posy":5,"amount":650},{"posx":12,"posy":5,"amount":250}],"changedObstacles":[]},{"players":[{"playerId":2451397,"score":775,"energy":10},{"playerId":2619262,"score":525,"energy":14},{"playerId":131454,"score":1100,"energy":20},{"playerId":2294637,"score":950,"energy":22}],"golds":[{"posx":2,"posy":1,"amount":250},{"posx":6,"posy":1,"amount":150},{"posx":8,"posy":1,"amount":250},{"posx":20,"posy":1,"amount":150},{"posx":5,"posy":3,"amount":650},{"posx":11,"posy":3,"amount":100},{"posx":1,"posy":4,"amount":750},{"posx":4,"posy":4,"amount":400},{"posx":7,"posy":4,"amount":200},{"posx":8,"posy":4,"amount":300},{"posx":9,"posy":4,"amount":250},{"posx":6,"posy":5,"amount":650},{"posx":12,"posy":5,"amount":250}],"changedObstacles":[{"type":3,"posx":10,"posy":7,"value":-20}]},{"players":[{"playerId":2451397,"score":775,"energy":9},{"playerId":2619262,"score":575,"energy":9},{"playerId":131454,"score":1150,"energy":15},{"playerId":2294637,"score":950,"energy":18}],"golds":[{"posx":2,"posy":1,"amount":250},{"posx":6,"posy":1,"amount":150},{"posx":8,"posy":1,"amount":250},{"posx":20,"posy":1,"amount":150},{"posx":5,"posy":3,"amount":650},{"posx":11,"posy":3,"amount":50},{"posx":1,"posy":4,"amount":750},{"posx":4,"posy":4,"amount":400},{"posx":7,"posy":4,"amount":200},{"posx":8,"posy":4,"amount":300},{"posx":9,"posy":4,"amount":250},{"posx":6,"posy":5,"amount":650},{"posx":12,"posy":5,"amount":200}],"changedObstacles":[]},{"players":[{"playerId":2451397,"score":775,"energy":8},{"playerId":2619262,"score":625,"energy":4},{"playerId":131454,"score":1200,"energy":10},{"playerId":2294637,"score":1000,"energy":13}],"golds":[{"posx":2,"posy":1,"amount":250},{"posx":6,"posy":1,"amount":150},{"posx":8,"posy":1,"amount":250},{"posx":20,"posy":1,"amount":150},{"posx":5,"posy":3,"amount":600},{"posx":1,"posy":4,"amount":750},{"posx":4,"posy":4,"amount":400},{"posx":7,"posy":4,"amount":200},{"posx":8,"posy":4,"amount":300},{"posx":9,"posy":4,"amount":250},{"posx":6,"posy":5,"amount":650},{"posx":12,"posy":5,"amount":150}],"changedObstacles":[{"type":0,"posx":11,"posy":3,"value":-1}]},{"players":[{"playerId":2451397,"score":775,"energy":7},{"playerId":2619262,"score":625,"energy":16},{"playerId":131454,"score":1200,"energy":22},{"playerId":2294637,"score":1050,"energy":8}],"golds":[{"posx":2,"posy":1,"amount":250},{"posx":6,"posy":1,"amount":150},{"posx":8,"posy":1,"amount":250},{"posx":20,"posy":1,"amount":150},{"posx":5,"posy":3,"amount":550},{"posx":1,"posy":4,"amount":750},{"posx":4,"posy":4,"amount":400},{"posx":7,"posy":4,"amount":200},{"posx":8,"posy":4,"amount":300},{"posx":9,"posy":4,"amount":250},{"posx":6,"posy":5,"amount":650},{"posx":12,"posy":5,"amount":150}],"changedObstacles":[]},{"players":[{"playerId":2451397,"score":775,"energy":6},{"playerId":2619262,"score":675,"energy":11},{"playerId":131454,"score":1200,"energy":4},{"playerId":2294637,"score":1050,"energy":20}],"golds":[{"posx":2,"posy":1,"amount":250},{"posx":6,"posy":1,"amount":150},{"posx":8,"posy":1,"amount":250},{"posx":20,"posy":1,"amount":150},{"posx":5,"posy":3,"amount":550},{"posx":1,"posy":4,"amount":750},{"posx":4,"posy":4,"amount":400},{"posx":7,"posy":4,"amount":200},{"posx":8,"posy":4,"amount":300},{"posx":9,"posy":4,"amount":250},{"posx":6,"posy":5,"amount":650},{"posx":12,"posy":5,"amount":100}],"changedObstacles":[]},{"players":[{"playerId":2451397,"score":775,"energy":18},{"playerId":2619262,"score":725,"energy":6},{"playerId":131454,"score":1200,"energy":16},{"playerId":2294637,"score":1050,"energy":36}],"golds":[{"posx":2,"posy":1,"amount":250},{"posx":6,"posy":1,"amount":150},{"posx":8,"posy":1,"amount":250},{"posx":20,"posy":1,"amount":150},{"posx":5,"posy":3,"amount":550},{"posx":1,"posy":4,"amount":750},{"posx":4,"posy":4,"amount":400},{"posx":7,"posy":4,"amount":200},{"posx":8,"posy":4,"amount":300},{"posx":9,"posy":4,"amount":250},{"posx":6,"posy":5,"amount":650},{"posx":12,"posy":5,"amount":50}],"changedObstacles":[]},{"players":[{"playerId":2451397,"score":775,"energy":34},{"playerId":2619262,"score":775,"energy":1},{"playerId":131454,"score":1200,"energy":32},{"playerId":2294637,"score":1050,"energy":50}],"golds":[{"posx":2,"posy":1,"amount":250},{"posx":6,"posy":1,"amount":150},{"posx":8,"posy":1,"amount":250},{"posx":20,"posy":1,"amount":150},{"posx":5,"posy":3,"amount":550},{"posx":1,"posy":4,"amount":750},{"posx":4,"posy":4,"amount":400},{"posx":7,"posy":4,"amount":200},{"posx":8,"posy":4,"amount":300},{"posx":9,"posy":4,"amount":250},{"posx":6,"posy":5,"amount":650}],"changedObstacles":[{"type":0,"posx":12,"posy":5,"value":-1}]},{"players":[{"playerId":2451397,"score":775,"energy":19},{"playerId":2619262,"score":775,"energy":13},{"playerId":131454,"score":1200,"energy":50},{"playerId":2294637,"score":1100,"energy":45}],"golds":[{"posx":2,"posy":1,"amount":250},{"posx":6,"posy":1,"amount":150},{"posx":8,"posy":1,"amount":250},{"posx":20,"posy":1,"amount":150},{"posx":5,"posy":3,"amount":500},{"posx":1,"posy":4,"amount":750},{"posx":4,"posy":4,"amount":400},{"posx":7,"posy":4,"amount":200},{"posx":8,"posy":4,"amount":300},{"posx":9,"posy":4,"amount":250},{"posx":6,"posy":5,"amount":650}],"changedObstacles":[]},{"players":[{"playerId":2451397,"score":775,"energy":15},{"playerId":2619262,"score":775,"energy":29},{"playerId":131454,"score":1200,"energy":40},{"playerId":2294637,"score":1150,"energy":40}],"golds":[{"posx":2,"posy":1,"amount":250},{"posx":6,"posy":1,"amount":150},{"posx":8,"posy":1,"amount":250},{"posx":20,"posy":1,"amount":150},{"posx":5,"posy":3,"amount":450},{"posx":1,"posy":4,"amount":750},{"posx":4,"posy":4,"amount":400},{"posx":7,"posy":4,"amount":200},{"posx":8,"posy":4,"amount":300},{"posx":9,"posy":4,"amount":250},{"posx":6,"posy":5,"amount":650}],"changedObstacles":[{"type":0,"posx":10,"posy":4,"value":-1}]},{"players":[{"playerId":2451397,"score":825,"energy":10},{"playerId":2619262,"score":775,"energy":12},{"playerId":131454,"score":1200,"energy":36},{"playerId":2294637,"score":1200,"energy":35}],"golds":[{"posx":2,"posy":1,"amount":250},{"posx":6,"posy":1,"amount":150},{"posx":8,"posy":1,"amount":250},{"posx":20,"posy":1,"amount":150},{"posx":5,"posy":3,"amount":400},{"posx":1,"posy":4,"amount":750},{"posx":4,"posy":4,"amount":400},{"posx":7,"posy":4,"amount":200},{"posx":8,"posy":4,"amount":300},{"posx":9,"posy":4,"amount":250},{"posx":6,"posy":5,"amount":600}],"changedObstacles":[]},{"players":[{"playerId":2451397,"score":875,"energy":5},{"playerId":2619262,"score":775,"energy":7},{"playerId":131454,"score":1250,"energy":31},{"playerId":2294637,"score":1250,"energy":30}],"golds":[{"posx":2,"posy":1,"amount":250},{"posx":6,"posy":1,"amount":150},{"posx":8,"posy":1,"amount":250},{"posx":20,"posy":1,"amount":150},{"posx":5,"posy":3,"amount":350},{"posx":1,"posy":4,"amount":750},{"posx":4,"posy":4,"amount":400},{"posx":7,"posy":4,"amount":200},{"posx":8,"posy":4,"amount":300},{"posx":9,"posy":4,"amount":200},{"posx":6,"posy":5,"amount":550}],"changedObstacles":[{"type":3,"posx":10,"posy":5,"value":-20}]},{"players":[{"playerId":2451397,"score":875,"energy":17},{"playerId":2619262,"score":775,"energy":2},{"playerId":131454,"score":1300,"energy":26},{"playerId":2294637,"score":1300,"energy":25}],"golds":[{"posx":2,"posy":1,"amount":250},{"posx":6,"posy":1,"amount":150},{"posx":8,"posy":1,"amount":250},{"posx":20,"posy":1,"amount":150},{"posx":5,"posy":3,"amount":300},{"posx":1,"posy":4,"amount":750},{"posx":4,"posy":4,"amount":400},{"posx":7,"posy":4,"amount":200},{"posx":8,"posy":4,"amount":300},{"posx":9,"posy":4,"amount":150},{"posx":6,"posy":5,"amount":550}],"changedObstacles":[{"type":3,"posx":9,"posy":5,"value":-20}]},{"players":[{"playerId":2451397,"score":875,"energy":33},{"playerId":2619262,"score":775,"energy":14},{"playerId":131454,"score":1350,"energy":21},{"playerId":2294637,"score":1350,"energy":20}],"golds":[{"posx":2,"posy":1,"amount":250},{"posx":6,"posy":1,"amount":150},{"posx":8,"posy":1,"amount":250},{"posx":20,"posy":1,"amount":150},{"posx":5,"posy":3,"amount":250},{"posx":1,"posy":4,"amount":750},{"posx":4,"posy":4,"amount":400},{"posx":7,"posy":4,"amount":200},{"posx":8,"posy":4,"amount":300},{"posx":9,"posy":4,"amount":100},{"posx":6,"posy":5,"amount":550}],"changedObstacles":[]},{"players":[{"playerId":2451397,"score":875,"energy":50},{"playerId":2619262,"score":775,"energy":13},{"playerId":131454,"score":1400,"energy":16},{"playerId":2294637,"score":1400,"energy":15}],"golds":[{"posx":2,"posy":1,"amount":250},{"posx":6,"posy":1,"amount":150},{"posx":8,"posy":1,"amount":250},{"posx":20,"posy":1,"amount":150},{"posx":5,"posy":3,"amount":200},{"posx":1,"posy":4,"amount":750},{"posx":4,"posy":4,"amount":400},{"posx":7,"posy":4,"amount":200},{"posx":8,"posy":4,"amount":300},{"posx":9,"posy":4,"amount":50},{"posx":6,"posy":5,"amount":550}],"changedObstacles":[]},{"players":[{"playerId":2451397,"score":925,"energy":45},{"playerId":2619262,"score":775,"energy":9},{"playerId":131454,"score":1450,"energy":11},{"playerId":2294637,"score":1450,"energy":10}],"golds":[{"posx":2,"posy":1,"amount":250},{"posx":6,"posy":1,"amount":150},{"posx":8,"posy":1,"amount":250},{"posx":20,"posy":1,"amount":150},{"posx":5,"posy":3,"amount":150},{"posx":1,"posy":4,"amount":750},{"posx":4,"posy":4,"amount":400},{"posx":7,"posy":4,"amount":200},{"posx":8,"posy":4,"amount":300},{"posx":6,"posy":5,"amount":500}],"changedObstacles":[{"type":0,"posx":9,"posy":4,"value":-1}]},{"players":[{"playerId":2451397,"score":975,"energy":40},{"playerId":2619262,"score":825,"energy":4},{"playerId":131454,"score":1450,"energy":7},{"playerId":2294637,"score":1500,"energy":5}],"golds":[{"posx":2,"posy":1,"amount":250},{"posx":6,"posy":1,"amount":150},{"posx":8,"posy":1,"amount":250},{"posx":20,"posy":1,"amount":150},{"posx":5,"posy":3,"amount":100},{"posx":1,"posy":4,"amount":750},{"posx":4,"posy":4,"amount":400},{"posx":7,"posy":4,"amount":200},{"posx":8,"posy":4,"amount":250},{"posx":6,"posy":5,"amount":450}],"changedObstacles":[]},{"players":[{"playerId":2451397,"score":1025,"energy":35},{"playerId":2619262,"score":825,"energy":16},{"playerId":131454,"score":1500,"energy":2},{"playerId":2294637,"score":1500,"energy":17}],"golds":[{"posx":2,"posy":1,"amount":250},{"posx":6,"posy":1,"amount":150},{"posx":8,"posy":1,"amount":250},{"posx":20,"posy":1,"amount":150},{"posx":5,"posy":3,"amount":100},{"posx":1,"posy":4,"amount":750},{"posx":4,"posy":4,"amount":400},{"posx":7,"posy":4,"amount":200},{"posx":8,"posy":4,"amount":200},{"posx":6,"posy":5,"amount":400}],"changedObstacles":[]},{"players":[{"playerId":2451397,"score":1075,"energy":30},{"playerId":2619262,"score":875,"energy":11},{"playerId":131454,"score":1500,"energy":14},{"playerId":2294637,"score":1550,"energy":12}],"golds":[{"posx":2,"posy":1,"amount":250},{"posx":6,"posy":1,"amount":150},{"posx":8,"posy":1,"amount":250},{"posx":20,"posy":1,"amount":150},{"posx":5,"posy":3,"amount":50},{"posx":1,"posy":4,"amount":750},{"posx":4,"posy":4,"amount":400},{"posx":7,"posy":4,"amount":200},{"posx":8,"posy":4,"amount":150},{"posx":6,"posy":5,"amount":350}],"changedObstacles":[]},{"players":[{"playerId":2451397,"score":1125,"energy":25},{"playerId":2619262,"score":925,"energy":6},{"playerId":131454,"score":1500,"energy":30},{"playerId":2294637,"score":1600,"energy":7}],"golds":[{"posx":2,"posy":1,"amount":250},{"posx":6,"posy":1,"amount":150},{"posx":8,"posy":1,"amount":250},{"posx":20,"posy":1,"amount":150},{"posx":1,"posy":4,"amount":750},{"posx":4,"posy":4,"amount":400},{"posx":7,"posy":4,"amount":200},{"posx":8,"posy":4,"amount":100},{"posx":6,"posy":5,"amount":300}],"changedObstacles":[{"type":0,"posx":5,"posy":3,"value":-1}]},{"players":[{"playerId":2451397,"score":1175,"energy":20},{"playerId":2619262,"score":975,"energy":1},{"playerId":131454,"score":1500,"energy":50},{"playerId":2294637,"score":1600,"energy":19}],"golds":[{"posx":2,"posy":1,"amount":250},{"posx":6,"posy":1,"amount":150},{"posx":8,"posy":1,"amount":250},{"posx":20,"posy":1,"amount":150},{"posx":1,"posy":4,"amount":750},{"posx":4,"posy":4,"amount":400},{"posx":7,"posy":4,"amount":200},{"posx":8,"posy":4,"amount":50},{"posx":6,"posy":5,"amount":250}],"changedObstacles":[]},{"players":[{"playerId":2451397,"score":1225,"energy":15},{"playerId":2619262,"score":975,"energy":13},{"playerId":131454,"score":1550,"energy":45},{"playerId":2294637,"score":1600,"energy":35}],"golds":[{"posx":2,"posy":1,"amount":250},{"posx":6,"posy":1,"amount":150},{"posx":8,"posy":1,"amount":250},{"posx":20,"posy":1,"amount":150},{"posx":1,"posy":4,"amount":750},{"posx":4,"posy":4,"amount":400},{"posx":7,"posy":4,"amount":200},{"posx":6,"posy":5,"amount":200}],"changedObstacles":[{"type":0,"posx":8,"posy":4,"value":-1}]},{"players":[{"playerId":2451397,"score":1275,"energy":10},{"playerId":2619262,"score":975,"energy":9},{"playerId":131454,"score":1550,"energy":41},{"playerId":2294637,"score":1600,"energy":17}],"golds":[{"posx":2,"posy":1,"amount":250},{"posx":6,"posy":1,"amount":150},{"posx":8,"posy":1,"amount":250},{"posx":20,"posy":1,"amount":150},{"posx":1,"posy":4,"amount":750},{"posx":4,"posy":4,"amount":400},{"posx":7,"posy":4,"amount":200},{"posx":6,"posy":5,"amount":150}],"changedObstacles":[]},{"players":[{"playerId":2451397,"score":1325,"energy":5},{"playerId":2619262,"score":1025,"energy":4},{"playerId":131454,"score":1600,"energy":36},{"playerId":2294637,"score":1600,"energy":13}],"golds":[{"posx":2,"posy":1,"amount":250},{"posx":6,"posy":1,"amount":150},{"posx":8,"posy":1,"amount":250},{"posx":20,"posy":1,"amount":150},{"posx":1,"posy":4,"amount":750},{"posx":4,"posy":4,"amount":400},{"posx":7,"posy":4,"amount":100},{"posx":6,"posy":5,"amount":100}],"changedObstacles":[]},{"players":[{"playerId":2451397,"score":1325,"energy":17},{"playerId":2619262,"score":1025,"energy":16},{"playerId":131454,"score":1650,"energy":31},{"playerId":2294637,"score":1650,"energy":8}],"golds":[{"posx":2,"posy":1,"amount":250},{"posx":6,"posy":1,"amount":150},{"posx":8,"posy":1,"amount":250},{"posx":20,"posy":1,"amount":150},{"posx":1,"posy":4,"amount":750},{"posx":4,"posy":4,"amount":350},{"posx":7,"posy":4,"amount":50},{"posx":6,"posy":5,"amount":100}],"changedObstacles":[]},{"players":[{"playerId":2451397,"score":1375,"energy":12},{"playerId":2619262,"score":1050,"energy":11},{"playerId":131454,"score":1675,"energy":26},{"playerId":2294637,"score":1650,"energy":20}],"golds":[{"posx":2,"posy":1,"amount":250},{"posx":6,"posy":1,"amount":150},{"posx":8,"posy":1,"amount":250},{"posx":20,"posy":1,"amount":150},{"posx":1,"posy":4,"amount":750},{"posx":4,"posy":4,"amount":350},{"posx":6,"posy":5,"amount":50}],"changedObstacles":[{"type":0,"posx":7,"posy":4,"value":-1}]},{"players":[{"playerId":2451397,"score":1425,"energy":7},{"playerId":2619262,"score":1050,"energy":23},{"playerId":131454,"score":1675,"energy":17},{"playerId":2294637,"score":1650,"energy":36}],"golds":[{"posx":2,"posy":1,"amount":250},{"posx":6,"posy":1,"amount":150},{"posx":8,"posy":1,"amount":250},{"posx":20,"posy":1,"amount":150},{"posx":1,"posy":4,"amount":750},{"posx":4,"posy":4,"amount":350}],"changedObstacles":[{"type":0,"posx":6,"posy":5,"value":-1}]},{"players":[{"playerId":2451397,"score":1425,"energy":19},{"playerId":2619262,"score":1050,"energy":8},{"playerId":131454,"score":1675,"energy":12},{"playerId":2294637,"score":1650,"energy":50}],"golds":[{"posx":2,"posy":1,"amount":250},{"posx":6,"posy":1,"amount":150},{"posx":8,"posy":1,"amount":250},{"posx":20,"posy":1,"amount":150},{"posx":1,"posy":4,"amount":750},{"posx":4,"posy":4,"amount":350}],"changedObstacles":[{"type":3,"posx":5,"posy":4,"value":-20}]},{"players":[{"playerId":2451397,"score":1425,"energy":9},{"playerId":2619262,"score":1050,"energy":20},{"playerId":131454,"score":1675,"energy":8},{"playerId":2294637,"score":1700,"energy":45}],"golds":[{"posx":2,"posy":1,"amount":250},{"posx":6,"posy":1,"amount":150},{"posx":8,"posy":1,"amount":250},{"posx":20,"posy":1,"amount":150},{"posx":1,"posy":4,"amount":750},{"posx":4,"posy":4,"amount":300}],"changedObstacles":[{"type":0,"posx":5,"posy":5,"value":-1}]},{"players":[{"playerId":2451397,"score":1425,"energy":4},{"playerId":2619262,"score":1050,"energy":36},{"playerId":131454,"score":1725,"energy":3},{"playerId":2294637,"score":1750,"energy":40}],"golds":[{"posx":2,"posy":1,"amount":250},{"posx":6,"posy":1,"amount":150},{"posx":8,"posy":1,"amount":250},{"posx":20,"posy":1,"amount":150},{"posx":1,"posy":4,"amount":750},{"posx":4,"posy":4,"amount":200}],"changedObstacles":[{"type":3,"posx":4,"posy":5,"value":-20}]},{"players":[{"playerId":2451397,"score":1425,"energy":16},{"playerId":2619262,"score":1050,"energy":35},{"playerId":131454,"score":1725,"energy":15},{"playerId":2294637,"score":1800,"energy":35}],"golds":[{"posx":2,"posy":1,"amount":250},{"posx":6,"posy":1,"amount":150},{"posx":8,"posy":1,"amount":250},{"posx":20,"posy":1,"amount":150},{"posx":1,"posy":4,"amount":750},{"posx":4,"posy":4,"amount":150}],"changedObstacles":[]},{"players":[{"playerId":2451397,"score":1425,"energy":11},{"playerId":2619262,"score":1050,"energy":34},{"playerId":131454,"score":1725,"energy":31},{"playerId":2294637,"score":1850,"energy":30}],"golds":[{"posx":2,"posy":1,"amount":250},{"posx":6,"posy":1,"amount":150},{"posx":8,"posy":1,"amount":250},{"posx":20,"posy":1,"amount":150},{"posx":1,"posy":4,"amount":750},{"posx":4,"posy":4,"amount":100}],"changedObstacles":[{"type":3,"posx":3,"posy":5,"value":-20}]},{"players":[{"playerId":2451397,"score":1425,"energy":10},{"playerId":2619262,"score":1050,"energy":30},{"playerId":131454,"score":1725,"energy":50},{"playerId":2294637,"score":1900,"energy":25}],"golds":[{"posx":2,"posy":1,"amount":250},{"posx":6,"posy":1,"amount":150},{"posx":8,"posy":1,"amount":250},{"posx":20,"posy":1,"amount":150},{"posx":1,"posy":4,"amount":750},{"posx":4,"posy":4,"amount":50}],"changedObstacles":[]},{"players":[{"playerId":2451397,"score":1425,"energy":22},{"playerId":2619262,"score":1100,"energy":25},{"playerId":131454,"score":1750,"energy":45},{"playerId":2294637,"score":1925,"energy":20}],"golds":[{"posx":2,"posy":1,"amount":250},{"posx":6,"posy":1,"amount":100},{"posx":8,"posy":1,"amount":250},{"posx":20,"posy":1,"amount":150},{"posx":1,"posy":4,"amount":750}],"changedObstacles":[{"type":0,"posx":4,"posy":4,"value":-1}]},{"players":[{"playerId":2451397,"score":1425,"energy":8},{"playerId":2619262,"score":1150,"energy":20},{"playerId":131454,"score":1750,"energy":35},{"playerId":2294637,"score":1925,"energy":32}],"golds":[{"posx":2,"posy":1,"amount":250},{"posx":6,"posy":1,"amount":50},{"posx":8,"posy":1,"amount":250},{"posx":20,"posy":1,"amount":150},{"posx":1,"posy":4,"amount":750}],"changedObstacles":[]},{"players":[{"playerId":2451397,"score":1425,"energy":4},{"playerId":2619262,"score":1200,"energy":15},{"playerId":131454,"score":1750,"energy":26},{"playerId":2294637,"score":1925,"energy":48}],"golds":[{"posx":2,"posy":1,"amount":250},{"posx":8,"posy":1,"amount":250},{"posx":20,"posy":1,"amount":150},{"posx":1,"posy":4,"amount":750}],"changedObstacles":[{"type":0,"posx":6,"posy":1,"value":-1}]},{"players":[{"playerId":2451397,"score":1425,"energy":16},{"playerId":2619262,"score":1200,"energy":14},{"playerId":131454,"score":1750,"energy":22},{"playerId":2294637,"score":1925,"energy":29}],"golds":[{"posx":2,"posy":1,"amount":250},{"posx":8,"posy":1,"amount":250},{"posx":20,"posy":1,"amount":150},{"posx":1,"posy":4,"amount":750}],"changedObstacles":[]},{"players":[{"playerId":2451397,"score":1425,"energy":32},{"playerId":2619262,"score":1200,"energy":10},{"playerId":131454,"score":1800,"energy":17},{"playerId":2294637,"score":1925,"energy":21}],"golds":[{"posx":2,"posy":1,"amount":250},{"posx":8,"posy":1,"amount":250},{"posx":20,"posy":1,"amount":150},{"posx":1,"posy":4,"amount":700}],"changedObstacles":[]},{"players":[{"playerId":2451397,"score":1425,"energy":50},{"playerId":2619262,"score":1250,"energy":5},{"playerId":131454,"score":1850,"energy":12},{"playerId":2294637,"score":1925,"energy":17}],"golds":[{"posx":2,"posy":1,"amount":250},{"posx":8,"posy":1,"amount":200},{"posx":20,"posy":1,"amount":150},{"posx":1,"posy":4,"amount":650}],"changedObstacles":[]},{"players":[{"playerId":2451397,"score":1475,"energy":45},{"playerId":2619262,"score":1250,"energy":17},{"playerId":131454,"score":1900,"energy":7},{"playerId":2294637,"score":1975,"energy":12}],"golds":[{"posx":2,"posy":1,"amount":250},{"posx":8,"posy":1,"amount":200},{"posx":20,"posy":1,"amount":150},{"posx":1,"posy":4,"amount":500}],"changedObstacles":[]},{"players":[{"playerId":2451397,"score":1525,"energy":40},{"playerId":2619262,"score":1300,"energy":12},{"playerId":131454,"score":1950,"energy":2},{"playerId":2294637,"score":2025,"energy":7}],"golds":[{"posx":2,"posy":1,"amount":250},{"posx":8,"posy":1,"amount":150},{"posx":20,"posy":1,"amount":150},{"posx":1,"posy":4,"amount":350}],"changedObstacles":[]},{"players":[{"playerId":2451397,"score":1575,"energy":35},{"playerId":2619262,"score":1350,"energy":7},{"playerId":131454,"score":1950,"energy":14},{"playerId":2294637,"score":2075,"energy":2}],"golds":[{"posx":2,"posy":1,"amount":250},{"posx":8,"posy":1,"amount":100},{"posx":20,"posy":1,"amount":150},{"posx":1,"posy":4,"amount":250}],"changedObstacles":[]},{"players":[{"playerId":2451397,"score":1625,"energy":30},{"playerId":2619262,"score":1400,"energy":2},{"playerId":131454,"score":1950,"energy":30},{"playerId":2294637,"score":2075,"energy":14}],"golds":[{"posx":2,"posy":1,"amount":250},{"posx":8,"posy":1,"amount":50},{"posx":20,"posy":1,"amount":150},{"posx":1,"posy":4,"amount":200}],"changedObstacles":[]},{"players":[{"playerId":2451397,"score":1675,"energy":25},{"playerId":2619262,"score":1400,"energy":14},{"playerId":131454,"score":1950,"energy":50},{"playerId":2294637,"score":2125,"energy":9}],"golds":[{"posx":2,"posy":1,"amount":250},{"posx":8,"posy":1,"amount":50},{"posx":20,"posy":1,"amount":150},{"posx":1,"posy":4,"amount":100}],"changedObstacles":[]},{"players":[{"playerId":2451397,"score":1709,"energy":20},{"playerId":2619262,"score":1450,"energy":9},{"playerId":131454,"score":1984,"energy":45},{"playerId":2294637,"score":2159,"energy":4}],"golds":[{"posx":2,"posy":1,"amount":250},{"posx":20,"posy":1,"amount":150}],"changedObstacles":[{"type":0,"posx":1,"posy":4,"value":-1},{"type":0,"posx":8,"posy":1,"value":-1}]},{"players":[{"playerId":2451397,"score":1709,"energy":10},{"playerId":2619262,"score":1450,"energy":8},{"playerId":131454,"score":1984,"energy":45},{"playerId":2294637,"score":2159,"energy":16}],"golds":[{"posx":2,"posy":1,"amount":250},{"posx":20,"posy":1,"amount":150}],"changedObstacles":[{"type":0,"posx":1,"posy":3,"value":-1}]},{"players":[{"playerId":2451397,"score":1709,"energy":22},{"playerId":2619262,"score":1450,"energy":7},{"playerId":131454,"score":1984,"energy":45},{"playerId":2294637,"score":2159,"energy":32}],"golds":[{"posx":2,"posy":1,"amount":250},{"posx":20,"posy":1,"amount":150}],"changedObstacles":[]},{"players":[{"playerId":2451397,"score":1709,"energy":12},{"playerId":2619262,"score":1450,"energy":6},{"playerId":131454,"score":1984,"energy":45},{"playerId":2294637,"score":2159,"energy":31}],"golds":[{"posx":2,"posy":1,"amount":250},{"posx":20,"posy":1,"amount":150}],"changedObstacles":[]},{"players":[{"playerId":2451397,"score":1709,"energy":11},{"playerId":2619262,"score":1450,"energy":18},{"playerId":131454,"score":1984,"energy":45},{"playerId":2294637,"score":2159,"energy":12}],"golds":[{"posx":2,"posy":1,"amount":250},{"posx":20,"posy":1,"amount":150}],"changedObstacles":[]},{"players":[{"playerId":2451397,"score":1709,"energy":7},{"playerId":2619262,"score":1450,"energy":8},{"playerId":131454,"score":1984,"energy":45},{"playerId":2294637,"score":2159,"energy":11}],"golds":[{"posx":2,"posy":1,"amount":250},{"posx":20,"posy":1,"amount":150}],"changedObstacles":[{"type":0,"posx":4,"posy":1,"value":-1}]},{"players":[{"playerId":2451397,"score":1759,"energy":2},{"playerId":2619262,"score":1450,"energy":20},{"playerId":131454,"score":1984,"energy":45},{"playerId":2294637,"score":2159,"energy":7}],"golds":[{"posx":2,"posy":1,"amount":200},{"posx":20,"posy":1,"amount":150}],"changedObstacles":[]},{"players":[{"playerId":2451397,"score":1759,"energy":14},{"playerId":2619262,"score":1450,"energy":36},{"playerId":131454,"score":1984,"energy":45},{"playerId":2294637,"score":2209,"energy":2}],"golds":[{"posx":2,"posy":1,"amount":150},{"posx":20,"posy":1,"amount":150}],"changedObstacles":[]},{"players":[{"playerId":2451397,"score":1759,"energy":30},{"playerId":2619262,"score":1450,"energy":29},{"playerId":131454,"score":1984,"energy":45},{"playerId":2294637,"score":2209,"energy":14}],"golds":[{"posx":2,"posy":1,"amount":150},{"posx":20,"posy":1,"amount":150}],"changedObstacles":[]},{"players":[{"playerId":2451397,"score":1809,"energy":25},{"playerId":2619262,"score":1450,"energy":25},{"playerId":131454,"score":1984,"energy":45},{"playerId":2294637,"score":2259,"energy":9}],"golds":[{"posx":2,"posy":1,"amount":50},{"posx":20,"posy":1,"amount":150}],"changedObstacles":[]},{"players":[{"playerId":2451397,"score":1834,"energy":20},{"playerId":2619262,"score":1475,"energy":20},{"playerId":131454,"score":1984,"energy":45},{"playerId":2294637,"score":2259,"energy":21}],"golds":[{"posx":20,"posy":1,"amount":150}],"changedObstacles":[{"type":0,"posx":2,"posy":1,"value":-1}]},{"players":[{"playerId":2451397,"score":1834,"energy":32},{"playerId":2619262,"score":1475,"energy":19},{"playerId":131454,"score":1984,"energy":45},{"playerId":2294637,"score":2259,"energy":37}],"golds":[{"posx":20,"posy":1,"amount":150}],"changedObstacles":[]},{"players":[{"playerId":2451397,"score":1834,"energy":31},{"playerId":2619262,"score":1475,"energy":18},{"playerId":131454,"score":1984,"energy":45},{"playerId":2294637,"score":2259,"energy":50}],"golds":[{"posx":20,"posy":1,"amount":150}],"changedObstacles":[]},{"players":[{"playerId":2451397,"score":1834,"energy":30},{"playerId":2619262,"score":1475,"energy":30},{"playerId":131454,"score":1984,"energy":45},{"playerId":2294637,"score":2259,"energy":50}],"golds":[{"posx":20,"posy":1,"amount":150}],"changedObstacles":[]},{"players":[{"playerId":2451397,"score":1834,"energy":29},{"playerId":2619262,"score":1475,"energy":20},{"playerId":131454,"score":1984,"energy":45},{"playerId":2294637,"score":2259,"energy":50}],"golds":[{"posx":20,"posy":1,"amount":150}],"changedObstacles":[{"type":0,"posx":4,"posy":2,"value":-1}]},{"players":[{"playerId":2451397,"score":1834,"energy":28},{"playerId":2619262,"score":1475,"energy":19},{"playerId":131454,"score":1984,"energy":45},{"playerId":2294637,"score":2259,"energy":50}],"golds":[{"posx":20,"posy":1,"amount":150}],"changedObstacles":[]},{"players":[{"playerId":2451397,"score":1834,"energy":27},{"playerId":2619262,"score":1475,"energy":18},{"playerId":131454,"score":1984,"energy":45},{"playerId":2294637,"score":2259,"energy":50}],"golds":[{"posx":20,"posy":1,"amount":150}],"changedObstacles":[]}]