[{"players":[{"playerId":3573,"score":0,"energy":30,"posx":17,"posy":2,"lastAction":3,"status":0},{"playerId":2413234,"score":0,"energy":49,"posx":16,"posy":1,"lastAction":0,"status":0},{"playerId":75082,"score":0,"energy":49,"posx":16,"posy":1,"lastAction":0,"status":0},{"playerId":1166,"score":0,"energy":49,"posx":16,"posy":1,"lastAction":0,"status":0}],"golds":[{"posx":4,"posy":4,"amount":400},{"posx":13,"posy":3,"amount":550},{"posx":8,"posy":1,"amount":250},{"posx":16,"posy":7,"amount":100},{"posx":7,"posy":4,"amount":200},{"posx":16,"posy":4,"amount":500},{"posx":9,"posy":4,"amount":250},{"posx":20,"posy":1,"amount":150},{"posx":1,"posy":4,"amount":750},{"posx":8,"posy":4,"amount":300},{"posx":2,"posy":1,"amount":250},{"posx":12,"posy":5,"amount":250},{"posx":19,"posy":6,"amount":300},{"posx":6,"posy":1,"amount":150},{"posx":19,"posy":5,"amount":600},{"posx":5,"posy":3,"amount":650},{"posx":11,"posy":3,"amount":450},{"posx":10,"posy":2,"amount":650},{"posx":11,"posy":2,"amount":300},{"posx":6,"posy":5,"amount":650}],"changedObstacles":[]},{"players":[{"playerId":3573,"score":0,"energy":20,"posx":17,"posy":3,"lastAction":3,"status":0},{"playerId":2413234,"score":0,"energy":39,"posx":15,"posy":1,"lastAction":0,"status":0},{"playerId":75082,"score":0,"energy":39,"posx":15,"posy":1,"lastAction":0,"status":0},{"playerId":1166,"score":0,"energy":44,"posx":16,"posy":2,"lastAction":3,"status":0}],"golds":[{"posx":4,"posy":4,"amount":400},{"posx":13,"posy":3,"amount":550},{"posx":8,"posy":1,"amount":250},{"posx":16,"posy":7,"amount":100},{"posx":7,"posy":4,"amount":200},{"posx":16,"posy":4,"amount":500},{"posx":9,"posy":4,"amount":250},{"posx":20,"posy":1,"amount":150},{"posx":1,"posy":4,"amount":750},{"posx":8,"posy":4,"amount":300},{"posx":2,"posy":1,"amount":250},{"posx":12,"posy":5,"amount":250},{"posx":19,"posy":6,"amount":300},{"posx":6,"posy":1,"amount":150},{"posx":19,"posy":5,"amount":600},{"posx":5,"posy":3,"amount":650},{"posx":11,"posy":3,"amount":450},{"posx":10,"posy":2,"amount":650},{"posx":11,"posy":2,"amount":300},{"posx":6,"posy":5,"amount":650}],"changedObstacles":[{"type":0,"posx":15,"posy":1,"value":-1},{"type":3,"posx":16,"posy":2,"value":-20},{"type":0,"posx":17,"posy":3,"value":-1}]},{"players":[{"playerId":3573,"score":0,"energy":32,"posx":17,"posy":3,"lastAction":4,"status":0},{"playerId":2413234,"score":0,"energy":38,"posx":14,"posy":1,"lastAction":0,"status":0},{"playerId":75082,"score":0,"energy":29,"posx":15,"posy":2,"lastAction":3,"status":0},{"playerId":1166,"score":0,"energy":34,"posx":15,"posy":2,"lastAction":0,"status":0}],"golds":[{"posx":4,"posy":4,"amount":400},{"posx":13,"posy":3,"amount":550},{"posx":8,"posy":1,"amount":250},{"posx":16,"posy":7,"amount":100},{"posx":7,"posy":4,"amount":200},{"posx":16,"posy":4,"amount":500},{"posx":9,"posy":4,"amount":250},{"posx":20,"posy":1,"amount":150},{"posx":1,"posy":4,"amount":750},{"posx":8,"posy":4,"amount":300},{"posx":2,"posy":1,"amount":250},{"posx":12,"posy":5,"amount":250},{"posx":19,"posy":6,"amount":300},{"posx":6,"posy":1,"amount":150},{"posx":19,"posy":5,"amount":600},{"posx":5,"posy":3,"amount":650},{"posx":11,"posy":3,"amount":450},{"posx":10,"posy":2,"amount":650},{"posx":11,"posy":2,"amount":300},{"posx":6,"posy":5,"amount":650}],"changedObstacles":[{"type":0,"posx":15,"posy":2,"value":-1}]},{"players":[{"playerId":3573,"score":0,"energy":31,"posx":17,"posy":4,"lastAction":3,"status":0},{"playerId":2413234,"score":0,"energy":37,"posx":14,"posy":2,"lastAction":3,"status":0},{"playerId":75082,"score":0,"energy":28,"posx":14,"posy":2,"lastAction":0,"status":0},{"playerId":1166,"score":0,"energy":33,"posx":14,"posy":2,"lastAction":0,"status":0}],"golds":[{"posx":4,"posy":4,"amount":400},{"posx":13,"posy":3,"amount":550},{"posx":8,"posy":1,"amount":250},{"posx":16,"posy":7,"amount":100},{"posx":7,"posy":4,"amount":200},{"posx":16,"posy":4,"amount":500},{"posx":9,"posy":4,"amount":250},{"posx":20,"posy":1,"amount":150},{"posx":1,"posy":4,"amount":750},{"posx":8,"posy":4,"amount":300},{"posx":2,"posy":1,"amount":250},{"posx":12,"posy":5,"amount":250},{"posx":19,"posy":6,"amount":300},{"posx":6,"posy":1,"amount":150},{"posx":19,"posy":5,"amount":600},{"posx":5,"posy":3,"amount":650},{"posx":11,"posy":3,"amount":450},{"posx":10,"posy":2,"amount":650},{"posx":11,"posy":2,"amount":300},{"posx":6,"posy":5,"amount":650}],"changedObstacles":[]},{"players":[{"playerId":3573,"score":0,"energy":27,"posx":16,"posy":4,"lastAction":0,"status":0},{"playerId":2413234,"score":0,"energy":32,"posx":14,"posy":3,"lastAction":3,"status":0},{"playerId":75082,"score":0,"energy":18,"posx":13,"posy":2,"lastAction":0,"status":0},{"playerId":1166,"score":0,"energy":16,"posx":13,"posy":2,"lastAction":0,"status":0}],"golds":[{"posx":4,"posy":4,"amount":400},{"posx":13,"posy":3,"amount":550},{"posx":8,"posy":1,"amount":250},{"posx":16,"posy":7,"amount":100},{"posx":7,"posy":4,"amount":200},{"posx":16,"posy":4,"amount":500},{"posx":9,"posy":4,"amount":250},{"posx":20,"posy":1,"amount":150},{"posx":1,"posy":4,"amount":750},{"posx":8,"posy":4,"amount":300},{"posx":2,"posy":1,"amount":250},{"posx":12,"posy":5,"amount":250},{"posx":19,"posy":6,"amount":300},{"posx":6,"posy":1,"amount":150},{"posx":19,"posy":5,"amount":600},{"posx":5,"posy":3,"amount":650},{"posx":11,"posy":3,"amount":450},{"posx":10,"posy":2,"amount":650},{"posx":11,"posy":2,"amount":300},{"posx":6,"posy":5,"amount":650}],"changedObstacles":[{"type":3,"posx":14,"posy":3,"value":-20}]},{"players":[{"playerId":3573,"score":50,"energy":22,"posx":16,"posy":4,"lastAction":5,"status":0},{"playerId":2413234,"score":0,"energy":28,"posx":13,"posy":3,"lastAction":0,"status":0},{"playerId":75082,"score":0,"energy":14,"posx":13,"posy":3,"lastAction":3,"status":0},{"playerId":1166,"score":0,"energy":12,"posx":13,"posy":3,"lastAction":3,"status":0}],"golds":[{"posx":2,"posy":1,"amount":250},{"posx":6,"posy":1,"amount":150},{"posx":8,"posy":1,"amount":250},{"posx":20,"posy":1,"amount":150},{"posx":10,"posy":2,"amount":650},{"posx":11,"posy":2,"amount":300},{"posx":5,"posy":3,"amount":650},{"posx":11,"posy":3,"amount":450},{"posx":13,"posy":3,"amount":550},{"posx":1,"posy":4,"amount":750},{"posx":4,"posy":4,"amount":400},{"posx":7,"posy":4,"amount":200},{"posx":8,"posy":4,"amount":300},{"posx":9,"posy":4,"amount":250},{"posx":16,"posy":4,"amount":450},{"posx":6,"posy":5,"amount":650},{"posx":12,"posy":5,"amount":250},{"posx":19,"posy":5,"amount":600},{"posx":19,"posy":6,"amount":300},{"posx":16,"posy":7,"amount":100}],"changedObstacles":[]},{"players":[{"playerId":3573,"score":100,"energy":17,"posx":16,"posy":4,"lastAction":5,"status":0},{"playerId":2413234,"score":50,"energy":23,"posx":13,"posy":3,"lastAction":5,"status":0},{"playerId":75082,"score":50,"energy":9,"posx":13,"posy":3,"lastAction":5,"status":0},{"playerId":1166,"score":50,"energy":7,"posx":13,"posy":3,"lastAction":5,"status":0}],"golds":[{"posx":2,"posy":1,"amount":250},{"posx":6,"posy":1,"amount":150},{"posx":8,"posy":1,"amount":250},{"posx":20,"posy":1,"amount":150},{"posx":10,"posy":2,"amount":650},{"posx":11,"posy":2,"amount":300},{"posx":5,"posy":3,"amount":650},{"posx":11,"posy":3,"amount":450},{"posx":13,"posy":3,"amount":400},{"posx":1,"posy":4,"amount":750},{"posx":4,"posy":4,"amount":400},{"posx":7,"posy":4,"amount":200},{"posx":8,"posy":4,"amount":300},{"posx":9,"posy":4,"amount":250},{"posx":16,"posy":4,"amount":400},{"posx":6,"posy":5,"amount":650},{"posx":12,"posy":5,"amount":250},{"posx":19,"posy":5,"amount":600},{"posx":19,"posy":6,"amount":300},{"posx":16,"posy":7,"amount":100}],"changedObstacles":[]},{"players":[{"playerId":3573,"score":150,"energy":12,"posx":16,"posy":4,"lastAction":5,"status":0},{"playerId":2413234,"score":100,"energy":18,"posx":13,"posy":3,"lastAction":5,"status":0},{"playerId":75082,"score":100,"energy":4,"posx":13,"posy":3,"lastAction":5,"status":0},{"playerId":1166,"score":100,"energy":2,"posx":13,"posy":3,"lastAction":5,"status":0}],"golds":[{"posx":2,"posy":1,"amount":250},{"posx":6,"posy":1,"amount":150},{"posx":8,"posy":1,"amount":250},{"posx":20,"posy":1,"amount":150},{"posx":10,"posy":2,"amount":650},{"posx":11,"posy":2,"amount":300},{"posx":5,"posy":3,"amount":650},{"posx":11,"posy":3,"amount":450},{"posx":13,"posy":3,"amount":250},{"posx":1,"posy":4,"amount":750},{"posx":4,"posy":4,"amount":400},{"posx":7,"posy":4,"amount":200},{"posx":8,"posy":4,"amount":300},{"posx":9,"posy":4,"amount":250},{"posx":16,"posy":4,"amount":350},{"posx":6,"posy":5,"amount":650},{"posx":12,"posy":5,"amount":250},{"posx":19,"posy":5,"amount":600},{"posx":19,"posy":6,"amount":300},{"posx":16,"posy":7,"amount":100}],"changedObstacles":[]},{"players":[{"playerId":3573,"score":200,"energy":7,"posx":16,"posy":4,"lastAction":5,"status":0},{"playerId":2413234,"score":150,"energy":13,"posx":13,"posy":3,"lastAction":5,"status":0},{"playerId":75082,"score":100,"energy":16,"posx":13,"posy":3,"lastAction":4,"status":0},{"playerId":1166,"score":100,"energy":14,"posx":13,"posy":3,"lastAction":4,"status":0}],"golds":[{"posx":2,"posy":1,"amount":250},{"posx":6,"posy":1,"amount":150},{"posx":8,"posy":1,"amount":250},{"posx":20,"posy":1,"amount":150},{"posx":10,"posy":2,"amount":650},{"posx":11,"posy":2,"amount":300},{"posx":5,"posy":3,"amount":650},{"posx":11,"posy":3,"amount":450},{"posx":13,"posy":3,"amount":200},{"posx":1,"posy":4,"amount":750},{"posx":4,"posy":4,"amount":400},{"posx":7,"posy":4,"amount":200},{"posx":8,"posy":4,"amount":300},{"posx":9,"posy":4,"amount":250},{"posx":16,"posy":4,"amount":300},{"posx":6,"posy":5,"amount":650},{"posx":12,"posy":5,"amount":250},{"posx":19,"posy":5,"amount":600},{"posx":19,"posy":6,"amount":300},{"posx":16,"posy":7,"amount":100}],"changedObstacles":[]},{"players":[{"playerId":3573,"score":250,"energy":2,"posx":16,"posy":4,"lastAction":5,"status":0},{"playerId":2413234,"score":200,"energy":8,"posx":13,"posy":3,"lastAction":5,"status":0},{"playerId":75082,"score":150,"energy":11,"posx":13,"posy":3,"lastAction":5,"status":0},{"playerId":1166,"score":150,"energy":9,"posx":13,"posy":3,"lastAction":5,"status":0}],"golds":[{"posx":2,"posy":1,"amount":250},{"posx":6,"posy":1,"amount":150},{"posx":8,"posy":1,"amount":250},{"posx":20,"posy":1,"amount":150},{"posx":10,"posy":2,"amount":650},{"posx":11,"posy":2,"amount":300},{"posx":5,"posy":3,"amount":650},{"posx":11,"posy":3,"amount":450},{"posx":13,"posy":3,"amount":50},{"posx":1,"posy":4,"amount":750},{"posx":4,"posy":4,"amount":400},{"posx":7,"posy":4,"amount":200},{"posx":8,"posy":4,"amount":300},{"posx":9,"posy":4,"amount":250},{"posx":16,"posy":4,"amount":250},{"posx":6,"posy":5,"amount":650},{"posx":12,"posy":5,"amount":250},{"posx":19,"posy":5,"amount":600},{"posx":19,"posy":6,"amount":300},{"posx":16,"posy":7,"amount":100}],"changedObstacles":[]},{"players":[{"playerId":3573,"score":250,"energy":14,"posx":16,"posy":4,"lastAction":4,"status":0},{"playerId":2413234,"score":217,"energy":3,"posx":13,"posy":3,"lastAction":5,"status":0},{"playerId":75082,"score":167,"energy":6,"posx":13,"posy":3,"lastAction":5,"status":0},{"playerId":1166,"score":167,"energy":4,"posx":13,"posy":3,"lastAction":5,"status":0}],"golds":[{"posx":2,"posy":1,"amount":250},{"posx":6,"posy":1,"amount":150},{"posx":8,"posy":1,"amount":250},{"posx":20,"posy":1,"amount":150},{"posx":10,"posy":2,"amount":650},{"posx":11,"posy":2,"amount":300},{"posx":5,"posy":3,"amount":650},{"posx":11,"posy":3,"amount":450},{"posx":1,"posy":4,"amount":750},{"posx":4,"posy":4,"amount":400},{"posx":7,"posy":4,"amount":200},{"posx":8,"posy":4,"amount":300},{"posx":9,"posy":4,"amount":250},{"posx":16,"posy":4,"amount":250},{"posx":6,"posy":5,"amount":650},{"posx":12,"posy":5,"amount":250},{"posx":19,"posy":5,"amount":600},{"posx":19,"posy":6,"amount":300},{"posx":16,"posy":7,"amount":100}],"changedObstacles":[{"type":0,"posx":13,"posy":3,"value":-1}]},{"players":[{"playerId":3573,"score":300,"energy":9,"posx":16,"posy":4,"lastAction":5,"status":0},{"playerId":2413234,"score":217,"energy":2,"posx":12,"posy":3,"lastAction":0,"status":0},{"playerId":75082,"score":167,"energy":5,"posx":12,"posy":3,"lastAction":0,"status":0},{"playerId":1166,"score":167,"energy":16,"posx":13,"posy":3,"lastAction":4,"status":0}],"golds":[{"posx":2,"posy":1,"amount":250},{"posx":6,"posy":1,"amount":150},{"posx":8,"posy":1,"amount":250},{"posx":20,"posy":1,"amount":150},{"posx":10,"posy":2,"amount":650},{"posx":11,"posy":2,"amount":300},{"posx":5,"posy":3,"amount":650},{"posx":11,"posy":3,"amount":450},{"posx":1,"posy":4,"amount":750},{"posx":4,"posy":4,"amount":400},{"posx":7,"posy":4,"amount":200},{"posx":8,"posy":4,"amount":300},{"posx":9,"posy":4,"amount":250},{"posx":16,"posy":4,"amount":200},{"posx":6,"posy":5,"amount":650},{"posx":12,"posy":5,"amount":250},{"posx":19,"posy":5,"amount":600},{"posx":19,"posy":6,"amount":300},{"posx":16,"posy":7,"amount":100}],"changedObstacles":[]},{"players":[{"playerId":3573,"score":350,"energy":4,"posx":16,"posy":4,"lastAction":5,"status":0},{"playerId":2413234,"score":217,"energy":14,"posx":12,"posy":3,"lastAction":4,"status":0},{"playerId":75082,"score":167,"energy":17,"posx":12,"posy":3,"lastAction":4,"status":0},{"playerId":1166,"score":167,"energy":32,"posx":13,"posy":3,"lastAction":4,"status":0}],"golds":[{"posx":2,"posy":1,"amount":250},{"posx":6,"posy":1,"amount":150},{"posx":8,"posy":1,"amount":250},{"posx":20,"posy":1,"amount":150},{"posx":10,"posy":2,"amount":650},{"posx":11,"posy":2,"amount":300},{"posx":5,"posy":3,"amount":650},{"posx":11,"posy":3,"amount":450},{"posx":1,"posy":4,"amount":750},{"posx":4,"posy":4,"amount":400},{"posx":7,"posy":4,"amount":200},{"posx":8,"posy":4,"amount":300},{"posx":9,"posy":4,"amount":250},{"posx":16,"posy":4,"amount":150},{"posx":6,"posy":5,"amount":650},{"posx":12,"posy":5,"amount":250},{"posx":19,"posy":5,"amount":600},{"posx":19,"posy":6,"amount":300},{"posx":16,"posy":7,"amount":100}],"changedObstacles":[]},{"players":[{"playerId":3573,"score":350,"energy":16,"posx":16,"posy":4,"lastAction":4,"status":0},{"playerId":2413234,"score":217,"energy":30,"posx":12,"posy":3,"lastAction":4,"status":0},{"playerId":75082,"score":167,"energy":13,"posx":11,"posy":3,"lastAction":0,"status":0},{"playerId":1166,"score":167,"energy":50,"posx":13,"posy":3,"lastAction":4,"status":0}],"golds":[{"posx":2,"posy":1,"amount":250},{"posx":6,"posy":1,"amount":150},{"posx":8,"posy":1,"amount":250},{"posx":20,"posy":1,"amount":150},{"posx":10,"posy":2,"amount":650},{"posx":11,"posy":2,"amount":300},{"posx":5,"posy":3,"amount":650},{"posx":11,"posy":3,"amount":450},{"posx":1,"posy":4,"amount":750},{"posx":4,"posy":4,"amount":400},{"posx":7,"posy":4,"amount":200},{"posx":8,"posy":4,"amount":300},{"posx":9,"posy":4,"amount":250},{"posx":16,"posy":4,"amount":150},{"posx":6,"posy":5,"amount":650},{"posx":12,"posy":5,"amount":250},{"posx":19,"posy":5,"amount":600},{"posx":19,"posy":6,"amount":300},{"posx":16,"posy":7,"amount":100}],"changedObstacles":[]},{"players":[{"playerId":3573,"score":400,"energy":11,"posx":16,"posy":4,"lastAction":5,"status":0},{"playerId":2413234,"score":217,"energy":26,"posx":11,"posy":3,"lastAction":0,"status":0},{"playerId":75082,"score":217,"energy":8,"posx":11,"posy":3,"lastAction":5,"status":0},{"playerId":1166,"score":167,"energy":49,"posx":12,"posy":3,"lastAction":0,"status":0}],"golds":[{"posx":2,"posy":1,"amount":250},{"posx":6,"posy":1,"amount":150},{"posx":8,"posy":1,"amount":250},{"posx":20,"posy":1,"amount":150},{"posx":10,"posy":2,"amount":650},{"posx":11,"posy":2,"amount":300},{"posx":5,"posy":3,"amount":650},{"posx":11,"posy":3,"amount":400},{"posx":1,"posy":4,"amount":750},{"posx":4,"posy":4,"amount":400},{"posx":7,"posy":4,"amount":200},{"posx":8,"posy":4,"amount":300},{"posx":9,"posy":4,"amount":250},{"posx":16,"posy":4,"amount":100},{"posx":6,"posy":5,"amount":650},{"posx":12,"posy":5,"amount":250},{"posx":19,"posy":5,"amount":600},{"posx":19,"posy":6,"amount":300},{"posx":16,"posy":7,"amount":100}],"changedObstacles":[]},{"players":[{"playerId":3573,"score":450,"energy":6,"posx":16,"posy":4,"lastAction":5,"status":0},{"playerId":2413234,"score":267,"energy":21,"posx":11,"posy":3,"lastAction":5,"status":0},{"playerId":75082,"score":267,"energy":3,"posx":11,"posy":3,"lastAction":5,"status":0},{"playerId":1166,"score":167,"energy":45,"posx":11,"posy":3,"lastAction":0,"status":0}],"golds":[{"posx":2,"posy":1,"amount":250},{"posx":6,"posy":1,"amount":150},{"posx":8,"posy":1,"amount":250},{"posx":20,"posy":1,"amount":150},{"posx":10,"posy":2,"amount":650},{"posx":11,"posy":2,"amount":300},{"posx":5,"posy":3,"amount":650},{"posx":11,"posy":3,"amount":300},{"posx":1,"posy":4,"amount":750},{"posx":4,"posy":4,"amount":400},{"posx":7,"posy":4,"amount":200},{"posx":8,"posy":4,"amount":300},{"posx":9,"posy":4,"amount":250},{"posx":16,"posy":4,"amount":50},{"posx":6,"posy":5,"amount":650},{"posx":12,"posy":5,"amount":250},{"posx":19,"posy":5,"amount":600},{"posx":19,"posy":6,"amount":300},{"posx":16,"posy":7,"amount":100}],"changedObstacles":[]},{"players":[{"playerId":3573,"score":500,"energy":1,"posx":16,"posy":4,"lastAction":5,"status":0},{"playerId":2413234,"score":317,"energy":16,"posx":11,"posy":3,"lastAction":5,"status":0},{"playerId":75082,"score":267,"energy":15,"posx":11,"posy":3,"lastAction":4,"status":0},{"playerId":1166,"score":217,"energy":40,"posx":11,"posy":3,"lastAction":5,"status":0}],"golds":[{"posx":2,"posy":1,"amount":250},{"posx":6,"posy":1,"amount":150},{"posx":8,"posy":1,"amount":250},{"posx":20,"posy":1,"amount":150},{"posx":10,"posy":2,"amount":650},{"posx":11,"posy":2,"amount":300},{"posx":5,"posy":3,"amount":650},{"posx":11,"posy":3,"amount":200},{"posx":1,"posy":4,"amount":750},{"posx":4,"posy":4,"amount":400},{"posx":7,"posy":4,"amount":200},{"posx":8,"posy":4,"amount":300},{"posx":9,"posy":4,"amount":250},{"posx":6,"posy":5,"amount":650},{"posx":12,"posy":5,"amount":250},{"posx":19,"posy":5,"amount":600},{"posx":19,"posy":6,"amount":300},{"posx":16,"posy":7,"amount":100}],"changedObstacles":[{"type":0,"posx":16,"posy":4,"value":-1}]},{"players":[{"playerId":3573,"score":500,"energy":13,"posx":16,"posy":4,"lastAction":4,"status":0},{"playerId":2413234,"score":367,"energy":11,"posx":11,"posy":3,"lastAction":5,"status":0},{"playerId":75082,"score":267,"energy":11,"posx":11,"posy":2,"lastAction":2,"status":0},{"playerId":1166,"score":267,"energy":35,"posx":11,"posy":3,"lastAction":5,"status":0}],"golds":[{"posx":2,"posy":1,"amount":250},{"posx":6,"posy":1,"amount":150},{"posx":8,"posy":1,"amount":250},{"posx":20,"posy":1,"amount":150},{"posx":10,"posy":2,"amount":650},{"posx":11,"posy":2,"amount":300},{"posx":5,"posy":3,"amount":650},{"posx":11,"posy":3,"amount":100},{"posx":1,"posy":4,"amount":750},{"posx":4,"posy":4,"amount":400},{"posx":7,"posy":4,"amount":200},{"posx":8,"posy":4,"amount":300},{"posx":9,"posy":4,"amount":250},{"posx":6,"posy":5,"amount":650},{"posx":12,"posy":5,"amount":250},{"posx":19,"posy":5,"amount":600},{"posx":19,"posy":6,"amount":300},{"posx":16,"posy":7,"amount":100}],"changedObstacles":[]},{"players":[{"playerId":3573,"score":500,"energy":29,"posx":16,"posy":4,"lastAction":4,"status":0},{"playerId":2413234,"score":417,"energy":6,"posx":11,"posy":3,"lastAction":5,"status":0},{"playerId":75082,"score":317,"energy":6,"posx":11,"posy":2,"lastAction":5,"status":0},{"playerId":1166,"score":317,"energy":30,"posx":11,"posy":3,"lastAction":5,"status":0}],"golds":[{"posx":2,"posy":1,"amount":250},{"posx":6,"posy":1,"amount":150},{"posx":8,"posy":1,"amount":250},{"posx":20,"posy":1,"amount":150},{"posx":10,"posy":2,"amount":650},{"posx":11,"posy":2,"amount":250},{"posx":5,"posy":3,"amount":650},{"posx":1,"posy":4,"amount":750},{"posx":4,"posy":4,"amount":400},{"posx":7,"posy":4,"amount":200},{"posx":8,"posy":4,"amount":300},{"posx":9,"posy":4,"amount":250},{"posx":6,"posy":5,"amount":650},{"posx":12,"posy":5,"amount":250},{"posx":19,"posy":5,"amount":600},{"posx":19,"posy":6,"amount":300},{"posx":16,"posy":7,"amount":100}],"changedObstacles":[{"type":0,"posx":11,"posy":3,"value":-1}]},{"players":[{"playerId":3573,"score":500,"energy":50,"posx":16,"posy":4,"lastAction":4,"status":0},{"playerId":2413234,"score":417,"energy":5,"posx":10,"posy":3,"lastAction":0,"status":0},{"playerId":75082,"score":367,"energy":1,"posx":11,"posy":2,"lastAction":5,"status":0},{"playerId":1166,"score":317,"energy":29,"posx":10,"posy":3,"lastAction":0,"status":0}],"golds":[{"posx":2,"posy":1,"amount":250},{"posx":6,"posy":1,"amount":150},{"posx":8,"posy":1,"amount":250},{"posx":20,"posy":1,"amount":150},{"posx":10,"posy":2,"amount":650},{"posx":11,"posy":2,"amount":200},{"posx":5,"posy":3,"amount":650},{"posx":1,"posy":4,"amount":750},{"posx":4,"posy":4,"amount":400},{"posx":7,"posy":4,"amount":200},{"posx":8,"posy":4,"amount":300},{"posx":9,"posy":4,"amount":250},{"posx":6,"posy":5,"amount":650},{"posx":12,"posy":5,"amount":250},{"posx":19,"posy":5,"amount":600},{"posx":19,"posy":6,"amount":300},{"posx":16,"posy":7,"amount":100}],"changedObstacles":[]},{"players":[{"playerId":3573,"score":500,"energy":45,"posx":16,"posy":5,"lastAction":3,"status":0},{"playerId":2413234,"score":417,"energy":1,"posx":10,"posy":2,"lastAction":2,"status":0},{"playerId":75082,"score":367,"energy":13,"posx":11,"posy":2,"lastAction":4,"status":0},{"playerId":1166,"score":317,"energy":25,"posx":10,"posy":2,"lastAction":2,"status":0}],"golds":[{"posx":2,"posy":1,"amount":250},{"posx":6,"posy":1,"amount":150},{"posx":8,"posy":1,"amount":250},{"posx":20,"posy":1,"amount":150},{"posx":10,"posy":2,"amount":650},{"posx":11,"posy":2,"amount":200},{"posx":5,"posy":3,"amount":650},{"posx":1,"posy":4,"amount":750},{"posx":4,"posy":4,"amount":400},{"posx":7,"posy":4,"amount":200},{"posx":8,"posy":4,"amount":300},{"posx":9,"posy":4,"amount":250},{"posx":6,"posy":5,"amount":650},{"posx":12,"posy":5,"amount":250},{"posx":19,"posy":5,"amount":600},{"posx":19,"posy":6,"amount":300},{"posx":16,"posy":7,"amount":100}],"changedObstacles":[{"type":3,"posx":16,"posy":5,"value":-20}]},{"players":[{"playerId":3573,"score":500,"energy":28,"posx":17,"posy":5,"lastAction":1,"status":0},{"playerId":2413234,"score":417,"energy":13,"posx":10,"posy":2,"lastAction":4,"status":0},{"playerId":75082,"score":367,"energy":9,"posx":10,"posy":2,"lastAction":0,"status":0},{"playerId":1166,"score":367,"energy":20,"posx":10,"posy":2,"lastAction":5,"status":0}],"golds":[{"posx":2,"posy":1,"amount":250},{"posx":6,"posy":1,"amount":150},{"posx":8,"posy":1,"amount":250},{"posx":20,"posy":1,"amount":150},{"posx":10,"posy":2,"amount":600},{"posx":11,"posy":2,"amount":200},{"posx":5,"posy":3,"amount":650},{"posx":1,"posy":4,"amount":750},{"posx":4,"posy":4,"amount":400},{"posx":7,"posy":4,"amount":200},{"posx":8,"posy":4,"amount":300},{"posx":9,"posy":4,"amount":250},{"posx":6,"posy":5,"amount":650},{"posx":12,"posy":5,"amount":250},{"posx":19,"posy":5,"amount":600},{"posx":19,"posy":6,"amount":300},{"posx":16,"posy":7,"amount":100}],"changedObstacles":[]},{"players":[{"playerId":3573,"score":500,"energy":40,"posx":17,"posy":5,"lastAction":4,"status":0},{"playerId":2413234,"score":417,"energy":29,"posx":10,"posy":2,"lastAction":4,"status":0},{"playerId":75082,"score":417,"energy":4,"posx":10,"posy":2,"lastAction":5,"status":0},{"playerId":1166,"score":417,"energy":15,"posx":10,"posy":2,"lastAction":5,"status":0}],"golds":[{"posx":2,"posy":1,"amount":250},{"posx":6,"posy":1,"amount":150},{"posx":8,"posy":1,"amount":250},{"posx":20,"posy":1,"amount":150},{"posx":10,"posy":2,"amount":500},{"posx":11,"posy":2,"amount":200},{"posx":5,"posy":3,"amount":650},{"posx":1,"posy":4,"amount":750},{"posx":4,"posy":4,"amount":400},{"posx":7,"posy":4,"amount":200},{"posx":8,"posy":4,"amount":300},{"posx":9,"posy":4,"amount":250},{"posx":6,"posy":5,"amount":650},{"posx":12,"posy":5,"amount":250},{"posx":19,"posy":5,"amount":600},{"posx":19,"posy":6,"amount":300},{"posx":16,"posy":7,"amount":100}],"changedObstacles":[]},{"players":[{"playerId":3573,"score":500,"energy":39,"posx":18,"posy":5,"lastAction":1,"status":0},{"playerId":2413234,"score":467,"energy":24,"posx":10,"posy":2,"lastAction":5,"status":0},{"playerId":75082,"score":417,"energy":16,"posx":10,"posy":2,"lastAction":4,"status":0},{"playerId":1166,"score":467,"energy":10,"posx":10,"posy":2,"lastAction":5,"status":0}],"golds":[{"posx":2,"posy":1,"amount":250},{"posx":6,"posy":1,"amount":150},{"posx":8,"posy":1,"amount":250},{"posx":20,"posy":1,"amount":150},{"posx":10,"posy":2,"amount":400},{"posx":11,"posy":2,"amount":200},{"posx":5,"posy":3,"amount":650},{"posx":1,"posy":4,"amount":750},{"posx":4,"posy":4,"amount":400},{"posx":7,"posy":4,"amount":200},{"posx":8,"posy":4,"amount":300},{"posx":9,"posy":4,"amount":250},{"posx":6,"posy":5,"amount":650},{"posx":12,"posy":5,"amount":250},{"posx":19,"posy":5,"amount":600},{"posx":19,"posy":6,"amount":300},{"posx":16,"posy":7,"amount":100}],"changedObstacles":[]},{"players":[{"playerId":3573,"score":500,"energy":35,"posx":19,"posy":5,"lastAction":1,"status":0},{"playerId":2413234,"score":517,"energy":19,"posx":10,"posy":2,"lastAction":5,"status":0},{"playerId":75082,"score":467,"energy":11,"posx":10,"posy":2,"lastAction":5,"status":0},{"playerId":1166,"score":517,"energy":5,"posx":10,"posy":2,"lastAction":5,"status":0}],"golds":[{"posx":2,"posy":1,"amount":250},{"posx":6,"posy":1,"amount":150},{"posx":8,"posy":1,"amount":250},{"posx":20,"posy":1,"amount":150},{"posx":10,"posy":2,"amount":250},{"posx":11,"posy":2,"amount":200},{"posx":5,"posy":3,"amount":650},{"posx":1,"posy":4,"amount":750},{"posx":4,"posy":4,"amount":400},{"posx":7,"posy":4,"amount":200},{"posx":8,"posy":4,"amount":300},{"posx":9,"posy":4,"amount":250},{"posx":6,"posy":5,"amount":650},{"posx":12,"posy":5,"amount":250},{"posx":19,"posy":5,"amount":600},{"posx":19,"posy":6,"amount":300},{"posx":16,"posy":7,"amount":100}],"changedObstacles":[]},{"players":[{"playerId":3573,"score":550,"energy":30,"posx":19,"posy":5,"lastAction":5,"status":0},{"playerId":2413234,"score":567,"energy":14,"posx":10,"posy":2,"lastAction":5,"status":0},{"playerId":75082,"score":517,"energy":6,"posx":10,"posy":2,"lastAction":5,"status":0},{"playerId":1166,"score":517,"energy":17,"posx":10,"posy":2,"lastAction":4,"status":0}],"golds":[{"posx":2,"posy":1,"amount":250},{"posx":6,"posy":1,"amount":150},{"posx":8,"posy":1,"amount":250},{"posx":20,"posy":1,"amount":150},{"posx":10,"posy":2,"amount":150},{"posx":11,"posy":2,"amount":200},{"posx":5,"posy":3,"amount":650},{"posx":1,"posy":4,"amount":750},{"posx":4,"posy":4,"amount":400},{"posx":7,"posy":4,"amount":200},{"posx":8,"posy":4,"amount":300},{"posx":9,"posy":4,"amount":250},{"posx":6,"posy":5,"amount":650},{"posx":12,"posy":5,"amount":250},{"posx":19,"posy":5,"amount":550},{"posx":19,"posy":6,"amount":300},{"posx":16,"posy":7,"amount":100}],"changedObstacles":[]},{"players":[{"playerId":3573,"score":600,"energy":25,"posx":19,"posy":5,"lastAction":5,"status":0},{"playerId":2413234,"score":617,"energy":9,"posx":10,"posy":2,"lastAction":5,"status":0},{"playerId":75082,"score":567,"energy":1,"posx":10,"posy":2,"lastAction":5,"status":0},{"playerId":1166,"score":567,"energy":12,"posx":10,"posy":2,"lastAction":5,"status":0}],"golds":[{"posx":2,"posy":1,"amount":250},{"posx":6,"posy":1,"amount":150},{"posx":8,"posy":1,"amount":250},{"posx":20,"posy":1,"amount":150},{"posx":11,"posy":2,"amount":200},{"posx":5,"posy":3,"amount":650},{"posx":1,"posy":4,"amount":750},{"posx":4,"posy":4,"amount":400},{"posx":7,"posy":4,"amount":200},{"posx":8,"posy":4,"amount":300},{"posx":9,"posy":4,"amount":250},{"posx":6,"posy":5,"amount":650},{"posx":12,"posy":5,"amount":250},{"posx":19,"posy":5,"amount":500},{"posx":19,"posy":6,"amount":300},{"posx":16,"posy":7,"amount":100}],"changedObstacles":[{"type":0,"posx":10,"posy":2,"value":-1}]},{"players":[{"playerId":3573,"score":650,"energy":20,"posx":19,"posy":5,"lastAction":5,"status":0},{"playerId":2413234,"score":617,"energy":8,"posx":10,"posy":3,"lastAction":3,"status":0},{"playerId":75082,"score":567,"energy":13,"posx":10,"posy":2,"lastAction":4,"status":0},{"playerId":1166,"score":567,"energy":11,"posx":10,"posy":3,"lastAction":3,"status":0}],"golds":[{"posx":2,"posy":1,"amount":250},{"posx":6,"posy":1,"amount":150},{"posx":8,"posy":1,"amount":250},{"posx":20,"posy":1,"amount":150},{"posx":11,"posy":2,"amount":200},{"posx":5,"posy":3,"amount":650},{"posx":1,"posy":4,"amount":750},{"posx":4,"posy":4,"amount":400},{"posx":7,"posy":4,"amount":200},{"posx":8,"posy":4,"amount":300},{"posx":9,"posy":4,"amount":250},{"posx":6,"posy":5,"amount":650},{"posx":12,"posy":5,"amount":250},{"posx":19,"posy":5,"amount":450},{"posx":19,"posy":6,"amount":300},{"posx":16,"posy":7,"amount":100}],"changedObstacles":[]},{"players":[{"playerId":3573,"score":700,"energy":15,"posx":19,"posy":5,"lastAction":5,"status":0},{"playerId":2413234,"score":617,"energy":20,"posx":10,"posy":3,"lastAction":4,"status":0},{"playerId":75082,"score":567,"energy":3,"posx":9,"posy":2,"lastAction":0,"status":0},{"playerId":1166,"score":567,"energy":23,"posx":10,"posy":3,"lastAction":4,"status":0}],"golds":[{"posx":2,"posy":1,"amount":250},{"posx":6,"posy":1,"amount":150},{"posx":8,"posy":1,"amount":250},{"posx":20,"posy":1,"amount":150},{"posx":11,"posy":2,"amount":200},{"posx":5,"posy":3,"amount":650},{"posx":1,"posy":4,"amount":750},{"posx":4,"posy":4,"amount":400},{"posx":7,"posy":4,"amount":200},{"posx":8,"posy":4,"amount":300},{"posx":9,"posy":4,"amount":250},{"posx":6,"posy":5,"amount":650},{"posx":12,"posy":5,"amount":250},{"posx":19,"posy":5,"amount":400},{"posx":19,"posy":6,"amount":300},{"posx":16,"posy":7,"amount":100}],"changedObstacles":[{"type":0,"posx":9,"posy":2,"value":-1}]},{"players":[{"playerId":3573,"score":750,"energy":10,"posx":19,"posy":5,"lastAction":5,"status":0},{"playerId":2413234,"score":617,"energy":36,"posx":10,"posy":3,"lastAction":4,"status":0},{"playerId":75082,"score":567,"energy":15,"posx":9,"posy":2,"lastAction":4,"status":0},{"playerId":1166,"score":567,"energy":39,"posx":10,"posy":3,"lastAction":4,"status":0}],"golds":[{"posx":2,"posy":1,"amount":250},{"posx":6,"posy":1,"amount":150},{"posx":8,"posy":1,"amount":250},{"posx":20,"posy":1,"amount":150},{"posx":11,"posy":2,"amount":200},{"posx":5,"posy":3,"amount":650},{"posx":1,"posy":4,"amount":750},{"posx":4,"posy":4,"amount":400},{"posx":7,"posy":4,"amount":200},{"posx":8,"posy":4,"amount":300},{"posx":9,"posy":4,"amount":250},{"posx":6,"posy":5,"amount":650},{"posx":12,"posy":5,"amount":250},{"posx":19,"posy":5,"amount":350},{"posx":19,"posy":6,"amount":300},{"posx":16,"posy":7,"amount":100}],"changedObstacles":[]},{"players":[{"playerId":3573,"score":800,"energy":5,"posx":19,"posy":5,"lastAction":5,"status":0},{"playerId":2413234,"score":617,"energy":26,"posx":10,"posy":4,"lastAction":3,"status":0},{"playerId":75082,"score":567,"energy":31,"posx":9,"posy":2,"lastAction":4,"status":0},{"playerId":1166,"score":567,"energy":23,"posx":9,"posy":3,"lastAction":0,"status":0}],"golds":[{"posx":2,"posy":1,"amount":250},{"posx":6,"posy":1,"amount":150},{"posx":8,"posy":1,"amount":250},{"posx":20,"posy":1,"amount":150},{"posx":11,"posy":2,"amount":200},{"posx":5,"posy":3,"amount":650},{"posx":1,"posy":4,"amount":750},{"posx":4,"posy":4,"amount":400},{"posx":7,"posy":4,"amount":200},{"posx":8,"posy":4,"amount":300},{"posx":9,"posy":4,"amount":250},{"posx":6,"posy":5,"amount":650},{"posx":12,"posy":5,"amount":250},{"posx":19,"posy":5,"amount":300},{"posx":19,"posy":6,"amount":300},{"posx":16,"posy":7,"amount":100}],"changedObstacles":[{"type":0,"posx":10,"posy":4,"value":-1}]},{"players":[{"playerId":3573,"score":800,"energy":17,"posx":19,"posy":5,"lastAction":4,"status":0},{"playerId":2413234,"score":617,"energy":22,"posx":9,"posy":4,"lastAction":0,"status":0},{"playerId":75082,"score":567,"energy":19,"posx":8,"posy":2,"lastAction":0,"status":0},{"playerId":1166,"score":567,"energy":22,"posx":8,"posy":3,"lastAction":0,"status":0}],"golds":[{"posx":2,"posy":1,"amount":250},{"posx":6,"posy":1,"amount":150},{"posx":8,"posy":1,"amount":250},{"posx":20,"posy":1,"amount":150},{"posx":11,"posy":2,"amount":200},{"posx":5,"posy":3,"amount":650},{"posx":1,"posy":4,"amount":750},{"posx":4,"posy":4,"amount":400},{"posx":7,"posy":4,"amount":200},{"posx":8,"posy":4,"amount":300},{"posx":9,"posy":4,"amount":250},{"posx":6,"posy":5,"amount":650},{"posx":12,"posy":5,"amount":250},{"posx":19,"posy":5,"amount":300},{"posx":19,"posy":6,"amount":300},{"posx":16,"posy":7,"amount":100}],"changedObstacles":[]},{"players":[{"playerId":3573,"score":850,"energy":12,"posx":19,"posy":5,"lastAction":5,"status":0},{"playerId":2413234,"score":667,"energy":17,"posx":9,"posy":4,"lastAction":5,"status":0},{"playerId":75082,"score":567,"energy":15,"posx":8,"posy":1,"lastAction":2,"status":0},{"playerId":1166,"score":567,"energy":18,"posx":8,"posy":4,"lastAction":3,"status":0}],"golds":[{"posx":2,"posy":1,"amount":250},{"posx":6,"posy":1,"amount":150},{"posx":8,"posy":1,"amount":250},{"posx":20,"posy":1,"amount":150},{"posx":11,"posy":2,"amount":200},{"posx":5,"posy":3,"amount":650},{"posx":1,"posy":4,"amount":750},{"posx":4,"posy":4,"amount":400},{"posx":7,"posy":4,"amount":200},{"posx":8,"posy":4,"amount":300},{"posx":9,"posy":4,"amount":200},{"posx":6,"posy":5,"amount":650},{"posx":12,"posy":5,"amount":250},{"posx":19,"posy":5,"amount":250},{"posx":19,"posy":6,"amount":300},{"posx":16,"posy":7,"amount":100}],"changedObstacles":[]},{"players":[{"playerId":3573,"score":900,"energy":7,"posx":19,"posy":5,"lastAction":5,"status":0},{"playerId":2413234,"score":717,"energy":12,"posx":9,"posy":4,"lastAction":5,"status":0},{"playerId":75082,"score":617,"energy":10,"posx":8,"posy":1,"lastAction":5,"status":0},{"playerId":1166,"score":617,"energy":13,"posx":8,"posy":4,"lastAction":5,"status":0}],"golds":[{"posx":2,"posy":1,"amount":250},{"posx":6,"posy":1,"amount":150},{"posx":8,"posy":1,"amount":200},{"posx":20,"posy":1,"amount":150},{"posx":11,"posy":2,"amount":200},{"posx":5,"posy":3,"amount":650},{"posx":1,"posy":4,"amount":750},{"posx":4,"posy":4,"amount":400},{"posx":7,"posy":4,"amount":200},{"posx":8,"posy":4,"amount":250},{"posx":9,"posy":4,"amount":150},{"posx":6,"posy":5,"amount":650},{"posx":12,"posy":5,"amount":250},{"posx":19,"posy":5,"amount":200},{"posx":19,"posy":6,"amount":300},{"posx":16,"posy":7,"amount":100}],"changedObstacles":[]},{"players":[{"playerId":3573,"score":950,"energy":2,"posx":19,"posy":5,"lastAction":5,"status":0},{"playerId":2413234,"score":767,"energy":7,"posx":9,"posy":4,"lastAction":5,"status":0},{"playerId":75082,"score":667,"energy":5,"posx":8,"posy":1,"lastAction":5,"status":0},{"playerId":1166,"score":667,"energy":8,"posx":8,"posy":4,"lastAction":5,"status":0}],"golds":[{"posx":2,"posy":1,"amount":250},{"posx":6,"posy":1,"amount":150},{"posx":8,"posy":1,"amount":150},{"posx":20,"posy":1,"amount":150},{"posx":11,"posy":2,"amount":200},{"posx":5,"posy":3,"amount":650},{"posx":1,"posy":4,"amount":750},{"posx":4,"posy":4,"amount":400},{"posx":7,"posy":4,"amount":200},{"posx":8,"posy":4,"amount":200},{"posx":9,"posy":4,"amount":100},{"posx":6,"posy":5,"amount":650},{"posx":12,"posy":5,"amount":250},{"posx":19,"posy":5,"amount":150},{"posx":19,"posy":6,"amount":300},{"posx":16,"posy":7,"amount":100}],"changedObstacles":[]},{"players":[{"playerId":3573,"score":950,"energy":14,"posx":19,"posy":5,"lastAction":4,"status":0},{"playerId":2413234,"score":817,"energy":2,"posx":9,"posy":4,"lastAction":5,"status":0},{"playerId":75082,"score":667,"energy":4,"posx":7,"posy":1,"lastAction":0,"status":0},{"playerId":1166,"score":717,"energy":3,"posx":8,"posy":4,"lastAction":5,"status":0}],"golds":[{"posx":2,"posy":1,"amount":250},{"posx":6,"posy":1,"amount":150},{"posx":8,"posy":1,"amount":150},{"posx":20,"posy":1,"amount":150},{"posx":11,"posy":2,"amount":200},{"posx":5,"posy":3,"amount":650},{"posx":1,"posy":4,"amount":750},{"posx":4,"posy":4,"amount":400},{"posx":7,"posy":4,"amount":200},{"posx":8,"posy":4,"amount":150},{"posx":9,"posy":4,"amount":50},{"posx":6,"posy":5,"amount":650},{"posx":12,"posy":5,"amount":250},{"posx":19,"posy":5,"amount":150},{"posx":19,"posy":6,"amount":300},{"posx":16,"posy":7,"amount":100}],"changedObstacles":[]},{"players":[{"playerId":3573,"score":1000,"energy":9,"posx":19,"posy":5,"lastAction":5,"status":0},{"playerId":2413234,"score":817,"energy":14,"posx":9,"posy":4,"lastAction":4,"status":0},{"playerId":75082,"score":667,"energy":16,"posx":7,"posy":1,"lastAction":4,"status":0},{"playerId":1166,"score":717,"energy":15,"posx":8,"posy":4,"lastAction":4,"status":0}],"golds":[{"posx":2,"posy":1,"amount":250},{"posx":6,"posy":1,"amount":150},{"posx":8,"posy":1,"amount":150},{"posx":20,"posy":1,"amount":150},{"posx":11,"posy":2,"amount":200},{"posx":5,"posy":3,"amount":650},{"posx":1,"posy":4,"amount":750},{"posx":4,"posy":4,"amount":400},{"posx":7,"posy":4,"amount":200},{"posx":8,"posy":4,"amount":150},{"posx":9,"posy":4,"amount":50},{"posx":6,"posy":5,"amount":650},{"posx":12,"posy":5,"amount":250},{"posx":19,"posy":5,"amount":100},{"posx":19,"posy":6,"amount":300},{"posx":16,"posy":7,"amount":100}],"changedObstacles":[]},{"players":[{"playerId":3573,"score":1050,"energy":4,"posx":19,"posy":5,"lastAction":5,"status":0},{"playerId":2413234,"score":817,"energy":30,"posx":9,"posy":4,"lastAction":4,"status":0},{"playerId":75082,"score":667,"energy":12,"posx":6,"posy":1,"lastAction":0,"status":0},{"playerId":1166,"score":767,"energy":10,"posx":8,"posy":4,"lastAction":5,"status":0}],"golds":[{"posx":2,"posy":1,"amount":250},{"posx":6,"posy":1,"amount":150},{"posx":8,"posy":1,"amount":150},{"posx":20,"posy":1,"amount":150},{"posx":11,"posy":2,"amount":200},{"posx":5,"posy":3,"amount":650},{"posx":1,"posy":4,"amount":750},{"posx":4,"posy":4,"amount":400},{"posx":7,"posy":4,"amount":200},{"posx":8,"posy":4,"amount":100},{"posx":9,"posy":4,"amount":50},{"posx":6,"posy":5,"amount":650},{"posx":12,"posy":5,"amount":250},{"posx":19,"posy":5,"amount":50},{"posx":19,"posy":6,"amount":300},{"posx":16,"posy":7,"amount":100}],"changedObstacles":[]},{"players":[{"playerId":3573,"score":1050,"energy":16,"posx":19,"posy":5,"lastAction":4,"status":0},{"playerId":2413234,"score":867,"energy":25,"posx":9,"posy":4,"lastAction":5,"status":0},{"playerId":75082,"score":717,"energy":7,"posx":6,"posy":1,"lastAction":5,"status":0},{"playerId":1166,"score":817,"energy":5,"posx":8,"posy":4,"lastAction":5,"status":0}],"golds":[{"posx":2,"posy":1,"amount":250},{"posx":6,"posy":1,"amount":100},{"posx":8,"posy":1,"amount":150},{"posx":20,"posy":1,"amount":150},{"posx":11,"posy":2,"amount":200},{"posx":5,"posy":3,"amount":650},{"posx":1,"posy":4,"amount":750},{"posx":4,"posy":4,"amount":400},{"posx":7,"posy":4,"amount":200},{"posx":8,"posy":4,"amount":50},{"posx":6,"posy":5,"amount":650},{"posx":12,"posy":5,"amount":250},{"posx":19,"posy":5,"amount":50},{"posx":19,"posy":6,"amount":300},{"posx":16,"posy":7,"amount":100}],"changedObstacles":[{"type":0,"posx":9,"posy":4,"value":-1}]},{"players":[{"playerId":3573,"score":1100,"energy":11,"posx":19,"posy":5,"lastAction":5,"status":0},{"playerId":2413234,"score":867,"energy":21,"posx":8,"posy":4,"lastAction":0,"status":0},{"playerId":75082,"score":767,"energy":2,"posx":6,"posy":1,"lastAction":5,"status":0},{"playerId":1166,"score":817,"energy":17,"posx":8,"posy":4,"lastAction":4,"status":0}],"golds":[{"posx":2,"posy":1,"amount":250},{"posx":6,"posy":1,"amount":50},{"posx":8,"posy":1,"amount":150},{"posx":20,"posy":1,"amount":150},{"posx":11,"posy":2,"amount":200},{"posx":5,"posy":3,"amount":650},{"posx":1,"posy":4,"amount":750},{"posx":4,"posy":4,"amount":400},{"posx":7,"posy":4,"amount":200},{"posx":8,"posy":4,"amount":50},{"posx":6,"posy":5,"amount":650},{"posx":12,"posy":5,"amount":250},{"posx":19,"posy":6,"amount":300},{"posx":16,"posy":7,"amount":100}],"changedObstacles":[{"type":0,"posx":19,"posy":5,"value":-1}]},{"players":[{"playerId":3573,"score":1100,"energy":7,"posx":19,"posy":6,"lastAction":3,"status":0},{"playerId":2413234,"score":892,"energy":16,"posx":8,"posy":4,"lastAction":5,"status":0},{"playerId":75082,"score":767,"energy":1,"posx":5,"posy":1,"lastAction":0,"status":0},{"playerId":1166,"score":842,"energy":12,"posx":8,"posy":4,"lastAction":5,"status":0}],"golds":[{"posx":2,"posy":1,"amount":250},{"posx":6,"posy":1,"amount":50},{"posx":8,"posy":1,"amount":150},{"posx":20,"posy":1,"amount":150},{"posx":11,"posy":2,"amount":200},{"posx":5,"posy":3,"amount":650},{"posx":1,"posy":4,"amount":750},{"posx":4,"posy":4,"amount":400},{"posx":7,"posy":4,"amount":200},{"posx":6,"posy":5,"amount":650},{"posx":12,"posy":5,"amount":250},{"posx":19,"posy":6,"amount":300},{"posx":16,"posy":7,"amount":100}],"changedObstacles":[{"type":0,"posx":8,"posy":4,"value":-1}]},{"players":[{"playerId":3573,"score":1150,"energy":2,"posx":19,"posy":6,"lastAction":5,"status":0},{"playerId":2413234,"score":892,"energy":12,"posx":7,"posy":4,"lastAction":0,"status":0},{"playerId":75082,"score":767,"energy":13,"posx":5,"posy":1,"lastAction":4,"status":0},{"playerId":1166,"score":842,"energy":8,"posx":7,"posy":4,"lastAction":0,"status":0}],"golds":[{"posx":2,"posy":1,"amount":250},{"posx":6,"posy":1,"amount":50},{"posx":8,"posy":1,"amount":150},{"posx":20,"posy":1,"amount":150},{"posx":11,"posy":2,"amount":200},{"posx":5,"posy":3,"amount":650},{"posx":1,"posy":4,"amount":750},{"posx":4,"posy":4,"amount":400},{"posx":7,"posy":4,"amount":200},{"posx":6,"posy":5,"amount":650},{"posx":12,"posy":5,"amount":250},{"posx":19,"posy":6,"amount":250},{"posx":16,"posy":7,"amount":100}],"changedObstacles":[]},{"players":[{"playerId":3573,"score":1150,"energy":14,"posx":19,"posy":6,"lastAction":4,"status":0},{"playerId":2413234,"score":942,"energy":7,"posx":7,"posy":4,"lastAction":5,"status":0},{"playerId":75082,"score":767,"energy":29,"posx":5,"posy":1,"lastAction":4,"status":0},{"playerId":1166,"score":892,"energy":3,"posx":7,"posy":4,"lastAction":5,"status":0}],"golds":[{"posx":2,"posy":1,"amount":250},{"posx":6,"posy":1,"amount":50},{"posx":8,"posy":1,"amount":150},{"posx":20,"posy":1,"amount":150},{"posx":11,"posy":2,"amount":200},{"posx":5,"posy":3,"amount":650},{"posx":1,"posy":4,"amount":750},{"posx":4,"posy":4,"amount":400},{"posx":7,"posy":4,"amount":100},{"posx":6,"posy":5,"amount":650},{"posx":12,"posy":5,"amount":250},{"posx":19,"posy":6,"amount":250},{"posx":16,"posy":7,"amount":100}],"changedObstacles":[]},{"players":[{"playerId":3573,"score":1200,"energy":9,"posx":19,"posy":6,"lastAction":5,"status":0},{"playerId":2413234,"score":992,"energy":2,"posx":7,"posy":4,"lastAction":5,"status":0},{"playerId":75082,"score":767,"energy":25,"posx":6,"posy":1,"lastAction":1,"status":0},{"playerId":1166,"score":892,"energy":15,"posx":7,"posy":4,"lastAction":4,"status":0}],"golds":[{"posx":2,"posy":1,"amount":250},{"posx":6,"posy":1,"amount":50},{"posx":8,"posy":1,"amount":150},{"posx":20,"posy":1,"amount":150},{"posx":11,"posy":2,"amount":200},{"posx":5,"posy":3,"amount":650},{"posx":1,"posy":4,"amount":750},{"posx":4,"posy":4,"amount":400},{"posx":7,"posy":4,"amount":50},{"posx":6,"posy":5,"amount":650},{"posx":12,"posy":5,"amount":250},{"posx":19,"posy":6,"amount":200},{"posx":16,"posy":7,"amount":100}],"changedObstacles":[]},{"players":[{"playerId":3573,"score":1250,"energy":4,"posx":19,"posy":6,"lastAction":5,"status":0},{"playerId":2413234,"score":992,"energy":14,"posx":7,"posy":4,"lastAction":4,"status":0},{"playerId":75082,"score":817,"energy":20,"posx":6,"posy":1,"lastAction":5,"status":0},{"playerId":1166,"score":942,"energy":10,"posx":7,"posy":4,"lastAction":5,"status":0}],"golds":[{"posx":2,"posy":1,"amount":250},{"posx":8,"posy":1,"amount":150},{"posx":20,"posy":1,"amount":150},{"posx":11,"posy":2,"amount":200},{"posx":5,"posy":3,"amount":650},{"posx":1,"posy":4,"amount":750},{"posx":4,"posy":4,"amount":400},{"posx":6,"posy":5,"amount":650},{"posx":12,"posy":5,"amount":250},{"posx":19,"posy":6,"amount":150},{"posx":16,"posy":7,"amount":100}],"changedObstacles":[{"type":0,"posx":6,"posy":1,"value":-1},{"type":0,"posx":7,"posy":4,"value":-1}]},{"players":[{"playerId":3573,"score":1250,"energy":16,"posx":19,"posy":6,"lastAction":4,"status":0},{"playerId":2413234,"score":992,"energy":30,"posx":7,"posy":4,"lastAction":4,"status":0},{"playerId":75082,"score":817,"energy":19,"posx":5,"posy":1,"lastAction":0,"status":0},{"playerId":1166,"score":942,"energy":22,"posx":7,"posy":4,"lastAction":4,"status":0}],"golds":[{"posx":2,"posy":1,"amount":250},{"posx":8,"posy":1,"amount":150},{"posx":20,"posy":1,"amount":150},{"posx":11,"posy":2,"amount":200},{"posx":5,"posy":3,"amount":650},{"posx":1,"posy":4,"amount":750},{"posx":4,"posy":4,"amount":400},{"posx":6,"posy":5,"amount":650},{"posx":12,"posy":5,"amount":250},{"posx":19,"posy":6,"amount":150},{"posx":16,"posy":7,"amount":100}],"changedObstacles":[]},{"players":[{"playerId":3573,"score":1300,"energy":11,"posx":19,"posy":6,"lastAction":5,"status":0},{"playerId":2413234,"score":992,"energy":20,"posx":7,"posy":5,"lastAction":3,"status":0},{"playerId":75082,"score":817,"energy":9,"posx":4,"posy":1,"lastAction":0,"status":0},{"playerId":1166,"score":942,"energy":38,"posx":7,"posy":4,"lastAction":4,"status":0}],"golds":[{"posx":2,"posy":1,"amount":250},{"posx":8,"posy":1,"amount":150},{"posx":20,"posy":1,"amount":150},{"posx":11,"posy":2,"amount":200},{"posx":5,"posy":3,"amount":650},{"posx":1,"posy":4,"amount":750},{"posx":4,"posy":4,"amount":400},{"posx":6,"posy":5,"amount":650},{"posx":12,"posy":5,"amount":250},{"posx":19,"posy":6,"amount":100},{"posx":16,"posy":7,"amount":100}],"changedObstacles":[{"type":0,"posx":4,"posy":1,"value":-1},{"type":0,"posx":7,"posy":5,"value":-1}]},{"players":[{"playerId":3573,"score":1350,"energy":6,"posx":19,"posy":6,"lastAction":5,"status":0},{"playerId":2413234,"score":992,"energy":16,"posx":6,"posy":5,"lastAction":0,"status":0},{"playerId":75082,"score":817,"energy":21,"posx":4,"posy":1,"lastAction":4,"status":0},{"playerId":1166,"score":942,"energy":33,"posx":7,"posy":3,"lastAction":2,"status":0}],"golds":[{"posx":2,"posy":1,"amount":250},{"posx":8,"posy":1,"amount":150},{"posx":20,"posy":1,"amount":150},{"posx":11,"posy":2,"amount":200},{"posx":5,"posy":3,"amount":650},{"posx":1,"posy":4,"amount":750},{"posx":4,"posy":4,"amount":400},{"posx":6,"posy":5,"amount":650},{"posx":12,"posy":5,"amount":250},{"posx":19,"posy":6,"amount":50},{"posx":16,"posy":7,"amount":100}],"changedObstacles":[{"type":3,"posx":7,"posy":3,"value":-20}]},{"players":[{"playerId":3573,"score":1400,"energy":1,"posx":19,"posy":6,"lastAction":5,"status":0},{"playerId":2413234,"score":1042,"energy":11,"posx":6,"posy":5,"lastAction":5,"status":0},{"playerId":75082,"score":817,"energy":37,"posx":4,"posy":1,"lastAction":4,"status":0},{"playerId":1166,"score":942,"energy":32,"posx":6,"posy":3,"lastAction":0,"status":0}],"golds":[{"posx":2,"posy":1,"amount":250},{"posx":8,"posy":1,"amount":150},{"posx":20,"posy":1,"amount":150},{"posx":11,"posy":2,"amount":200},{"posx":5,"posy":3,"amount":650},{"posx":1,"posy":4,"amount":750},{"posx":4,"posy":4,"amount":400},{"posx":6,"posy":5,"amount":600},{"posx":12,"posy":5,"amount":250},{"posx":16,"posy":7,"amount":100}],"changedObstacles":[{"type":0,"posx":19,"posy":6,"value":-1}]},{"players":[{"playerId":3573,"score":1400,"energy":13,"posx":19,"posy":6,"lastAction":4,"status":0},{"playerId":2413234,"score":1092,"energy":6,"posx":6,"posy":5,"lastAction":5,"status":0},{"playerId":75082,"score":817,"energy":50,"posx":4,"posy":1,"lastAction":4,"status":0},{"playerId":1166,"score":942,"energy":28,"posx":5,"posy":3,"lastAction":0,"status":0}],"golds":[{"posx":2,"posy":1,"amount":250},{"posx":8,"posy":1,"amount":150},{"posx":20,"posy":1,"amount":150},{"posx":11,"posy":2,"amount":200},{"posx":5,"posy":3,"amount":650},{"posx":1,"posy":4,"amount":750},{"posx":4,"posy":4,"amount":400},{"posx":6,"posy":5,"amount":550},{"posx":12,"posy":5,"amount":250},{"posx":16,"posy":7,"amount":100}],"changedObstacles":[]},{"players":[{"playerId":3573,"score":1400,"energy":29,"posx":19,"posy":6,"lastAction":4,"status":0},{"playerId":2413234,"score":1142,"energy":1,"posx":6,"posy":5,"lastAction":5,"status":0},{"playerId":75082,"score":817,"energy":40,"posx":4,"posy":2,"lastAction":3,"status":0},{"playerId":1166,"score":992,"energy":23,"posx":5,"posy":3,"lastAction":5,"status":0}],"golds":[{"posx":2,"posy":1,"amount":250},{"posx":8,"posy":1,"amount":150},{"posx":20,"posy":1,"amount":150},{"posx":11,"posy":2,"amount":200},{"posx":5,"posy":3,"amount":600},{"posx":1,"posy":4,"amount":750},{"posx":4,"posy":4,"amount":400},{"posx":6,"posy":5,"amount":500},{"posx":12,"posy":5,"amount":250},{"posx":16,"posy":7,"amount":100}],"changedObstacles":[{"type":0,"posx":4,"posy":2,"value":-1}]},{"players":[{"playerId":3573,"score":1400,"energy":50,"posx":19,"posy":6,"lastAction":4,"status":0},{"playerId":2413234,"score":1142,"energy":13,"posx":6,"posy":5,"lastAction":4,"status":0},{"playerId":75082,"score":817,"energy":39,"posx":3,"posy":2,"lastAction":0,"status":0},{"playerId":1166,"score":1042,"energy":18,"posx":5,"posy":3,"lastAction":5,"status":0}],"golds":[{"posx":2,"posy":1,"amount":250},{"posx":8,"posy":1,"amount":150},{"posx":20,"posy":1,"amount":150},{"posx":11,"posy":2,"amount":200},{"posx":5,"posy":3,"amount":550},{"posx":1,"posy":4,"amount":750},{"posx":4,"posy":4,"amount":400},{"posx":6,"posy":5,"amount":500},{"posx":12,"posy":5,"amount":250},{"posx":16,"posy":7,"amount":100}],"changedObstacles":[]},{"players":[{"playerId":3573,"score":1400,"energy":49,"posx":18,"posy":6,"lastAction":0,"status":0},{"playerId":2413234,"score":1142,"energy":29,"posx":6,"posy":5,"lastAction":4,"status":0},{"playerId":75082,"score":817,"energy":38,"posx":3,"posy":3,"lastAction":3,"status":0},{"playerId":1166,"score":1092,"energy":13,"posx":5,"posy":3,"lastAction":5,"status":0}],"golds":[{"posx":2,"posy":1,"amount":250},{"posx":8,"posy":1,"amount":150},{"posx":20,"posy":1,"amount":150},{"posx":11,"posy":2,"amount":200},{"posx":5,"posy":3,"amount":500},{"posx":1,"posy":4,"amount":750},{"posx":4,"posy":4,"amount":400},{"posx":6,"posy":5,"amount":500},{"posx":12,"posy":5,"amount":250},{"posx":16,"posy":7,"amount":100}],"changedObstacles":[]},{"players":[{"playerId":3573,"score":1400,"energy":48,"posx":17,"posy":6,"lastAction":0,"status":0},{"playerId":2413234,"score":1192,"energy":24,"posx":6,"posy":5,"lastAction":5,"status":0},{"playerId":75082,"score":817,"energy":50,"posx":3,"posy":3,"lastAction":4,"status":0},{"playerId":1166,"score":1142,"energy":8,"posx":5,"posy":3,"lastAction":5,"status":0}],"golds":[{"posx":2,"posy":1,"amount":250},{"posx":8,"posy":1,"amount":150},{"posx":20,"posy":1,"amount":150},{"posx":11,"posy":2,"amount":200},{"posx":5,"posy":3,"amount":450},{"posx":1,"posy":4,"amount":750},{"posx":4,"posy":4,"amount":400},{"posx":6,"posy":5,"amount":450},{"posx":12,"posy":5,"amount":250},{"posx":16,"posy":7,"amount":100}],"changedObstacles":[]},{"players":[{"playerId":3573,"score":1400,"energy":30,"posx":16,"posy":6,"lastAction":0,"status":0},{"playerId":2413234,"score":1242,"energy":19,"posx":6,"posy":5,"lastAction":5,"status":0},{"playerId":75082,"score":817,"energy":49,"posx":3,"posy":2,"lastAction":2,"status":0},{"playerId":1166,"score":1192,"energy":3,"posx":5,"posy":3,"lastAction":5,"status":0}],"golds":[{"posx":2,"posy":1,"amount":250},{"posx":8,"posy":1,"amount":150},{"posx":20,"posy":1,"amount":150},{"posx":11,"posy":2,"amount":200},{"posx":5,"posy":3,"amount":400},{"posx":1,"posy":4,"amount":750},{"posx":4,"posy":4,"amount":400},{"posx":6,"posy":5,"amount":400},{"posx":12,"posy":5,"amount":250},{"posx":16,"posy":7,"amount":100}],"changedObstacles":[]},{"players":[{"playerId":3573,"score":1400,"energy":26,"posx":16,"posy":7,"lastAction":3,"status":0},{"playerId":2413234,"score":1292,"energy":14,"posx":6,"posy":5,"lastAction":5,"status":0},{"playerId":75082,"score":817,"energy":48,"posx":2,"posy":2,"lastAction":0,"status":0},{"playerId":1166,"score":1192,"energy":15,"posx":5,"posy":3,"lastAction":4,"status":0}],"golds":[{"posx":2,"posy":1,"amount":250},{"posx":8,"posy":1,"amount":150},{"posx":20,"posy":1,"amount":150},{"posx":11,"posy":2,"amount":200},{"posx":5,"posy":3,"amount":400},{"posx":1,"posy":4,"amount":750},{"posx":4,"posy":4,"amount":400},{"posx":6,"posy":5,"amount":350},{"posx":12,"posy":5,"amount":250},{"posx":16,"posy":7,"amount":100}],"changedObstacles":[]},{"players":[{"playerId":3573,"score":1450,"energy":21,"posx":16,"posy":7,"lastAction":5,"status":0},{"playerId":2413234,"score":1342,"energy":9,"posx":6,"posy":5,"lastAction":5,"status":0},{"playerId":75082,"score":817,"energy":44,"posx":2,"posy":1,"lastAction":2,"status":0},{"playerId":1166,"score":1192,"energy":31,"posx":5,"posy":3,"lastAction":4,"status":0}],"golds":[{"posx":2,"posy":1,"amount":250},{"posx":8,"posy":1,"amount":150},{"posx":20,"posy":1,"amount":150},{"posx":11,"posy":2,"amount":200},{"posx":5,"posy":3,"amount":400},{"posx":1,"posy":4,"amount":750},{"posx":4,"posy":4,"amount":400},{"posx":6,"posy":5,"amount":300},{"posx":12,"posy":5,"amount":250},{"posx":16,"posy":7,"amount":50}],"changedObstacles":[]},{"players":[{"playerId":3573,"score":1500,"energy":16,"posx":16,"posy":7,"lastAction":5,"status":0},{"playerId":2413234,"score":1392,"energy":4,"posx":6,"posy":5,"lastAction":5,"status":0},{"playerId":75082,"score":867,"energy":39,"posx":2,"posy":1,"lastAction":5,"status":0},{"playerId":1166,"score":1242,"energy":26,"posx":5,"posy":3,"lastAction":5,"status":0}],"golds":[{"posx":2,"posy":1,"amount":200},{"posx":8,"posy":1,"amount":150},{"posx":20,"posy":1,"amount":150},{"posx":11,"posy":2,"amount":200},{"posx":5,"posy":3,"amount":350},{"posx":1,"posy":4,"amount":750},{"posx":4,"posy":4,"amount":400},{"posx":6,"posy":5,"amount":250},{"posx":12,"posy":5,"amount":250}],"changedObstacles":[{"type":0,"posx":16,"posy":7,"value":-1}]},{"players":[{"playerId":3573,"score":1500,"energy":28,"posx":16,"posy":7,"lastAction":4,"status":0},{"playerId":2413234,"score":1392,"energy":16,"posx":6,"posy":5,"lastAction":4,"status":0},{"playerId":75082,"score":917,"energy":34,"posx":2,"posy":1,"lastAction":5,"status":0},{"playerId":1166,"score":1292,"energy":21,"posx":5,"posy":3,"lastAction":5,"status":0}],"golds":[{"posx":2,"posy":1,"amount":150},{"posx":8,"posy":1,"amount":150},{"posx":20,"posy":1,"amount":150},{"posx":11,"posy":2,"amount":200},{"posx":5,"posy":3,"amount":300},{"posx":1,"posy":4,"amount":750},{"posx":4,"posy":4,"amount":400},{"posx":6,"posy":5,"amount":250},{"posx":12,"posy":5,"amount":250}],"changedObstacles":[]},{"players":[{"playerId":3573,"score":1500,"energy":44,"posx":16,"posy":7,"lastAction":4,"status":0},{"playerId":2413234,"score":1392,"energy":32,"posx":6,"posy":5,"lastAction":4,"status":0},{"playerId":75082,"score":967,"energy":29,"posx":2,"posy":1,"lastAction":5,"status":0},{"playerId":1166,"score":1342,"energy":16,"posx":5,"posy":3,"lastAction":5,"status":0}],"golds":[{"posx":2,"posy":1,"amount":100},{"posx":8,"posy":1,"amount":150},{"posx":20,"posy":1,"amount":150},{"posx":11,"posy":2,"amount":200},{"posx":5,"posy":3,"amount":250},{"posx":1,"posy":4,"amount":750},{"posx":4,"posy":4,"amount":400},{"posx":6,"posy":5,"amount":250},{"posx":12,"posy":5,"amount":250}],"changedObstacles":[]},{"players":[{"playerId":3573,"score":1500,"energy":39,"posx":15,"posy":7,"lastAction":0,"status":0},{"playerId":2413234,"score":1442,"energy":27,"posx":6,"posy":5,"lastAction":5,"status":0},{"playerId":75082,"score":1017,"energy":24,"posx":2,"posy":1,"lastAction":5,"status":0},{"playerId":1166,"score":1392,"energy":11,"posx":5,"posy":3,"lastAction":5,"status":0}],"golds":[{"posx":2,"posy":1,"amount":50},{"posx":8,"posy":1,"amount":150},{"posx":20,"posy":1,"amount":150},{"posx":11,"posy":2,"amount":200},{"posx":5,"posy":3,"amount":200},{"posx":1,"posy":4,"amount":750},{"posx":4,"posy":4,"amount":400},{"posx":6,"posy":5,"amount":200},{"posx":12,"posy":5,"amount":250}],"changedObstacles":[{"type":3,"posx":15,"posy":7,"value":-20}]},{"players":[{"playerId":3573,"score":1500,"energy":38,"posx":14,"posy":7,"lastAction":0,"status":0},{"playerId":2413234,"score":1492,"energy":22,"posx":6,"posy":5,"lastAction":5,"status":0},{"playerId":75082,"score":1067,"energy":19,"posx":2,"posy":1,"lastAction":5,"status":0},{"playerId":1166,"score":1442,"energy":6,"posx":5,"posy":3,"lastAction":5,"status":0}],"golds":[{"posx":8,"posy":1,"amount":150},{"posx":20,"posy":1,"amount":150},{"posx":11,"posy":2,"amount":200},{"posx":5,"posy":3,"amount":150},{"posx":1,"posy":4,"amount":750},{"posx":4,"posy":4,"amount":400},{"posx":6,"posy":5,"amount":150},{"posx":12,"posy":5,"amount":250}],"changedObstacles":[{"type":0,"posx":2,"posy":1,"value":-1}]},{"players":[{"playerId":3573,"score":1500,"energy":33,"posx":13,"posy":7,"lastAction":0,"status":0},{"playerId":2413234,"score":1542,"energy":17,"posx":6,"posy":5,"lastAction":5,"status":0},{"playerId":75082,"score":1067,"energy":18,"posx":2,"posy":2,"lastAction":3,"status":0},{"playerId":1166,"score":1492,"energy":1,"posx":5,"posy":3,"lastAction":5,"status":0}],"golds":[{"posx":8,"posy":1,"amount":150},{"posx":20,"posy":1,"amount":150},{"posx":11,"posy":2,"amount":200},{"posx":5,"posy":3,"amount":100},{"posx":1,"posy":4,"amount":750},{"posx":4,"posy":4,"amount":400},{"posx":6,"posy":5,"amount":100},{"posx":12,"posy":5,"amount":250}],"changedObstacles":[{"type":3,"posx":13,"posy":7,"value":-20}]},{"players":[{"playerId":3573,"score":1500,"energy":32,"posx":12,"posy":7,"lastAction":0,"status":0},{"playerId":2413234,"score":1592,"energy":12,"posx":6,"posy":5,"lastAction":5,"status":0},{"playerId":75082,"score":1067,"energy":30,"posx":2,"posy":2,"lastAction":4,"status":0},{"playerId":1166,"score":1492,"energy":13,"posx":5,"posy":3,"lastAction":4,"status":0}],"golds":[{"posx":8,"posy":1,"amount":150},{"posx":20,"posy":1,"amount":150},{"posx":11,"posy":2,"amount":200},{"posx":5,"posy":3,"amount":100},{"posx":1,"posy":4,"amount":750},{"posx":4,"posy":4,"amount":400},{"posx":6,"posy":5,"amount":50},{"posx":12,"posy":5,"amount":250}],"changedObstacles":[]},{"players":[{"playerId":3573,"score":1500,"energy":22,"posx":12,"posy":6,"lastAction":2,"status":0},{"playerId":2413234,"score":1642,"energy":7,"posx":6,"posy":5,"lastAction":5,"status":0},{"playerId":75082,"score":1067,"energy":15,"posx":2,"posy":3,"lastAction":3,"status":0},{"playerId":1166,"score":1542,"energy":8,"posx":5,"posy":3,"lastAction":5,"status":0}],"golds":[{"posx":8,"posy":1,"amount":150},{"posx":20,"posy":1,"amount":150},{"posx":11,"posy":2,"amount":200},{"posx":5,"posy":3,"amount":50},{"posx":1,"posy":4,"amount":750},{"posx":4,"posy":4,"amount":400},{"posx":12,"posy":5,"amount":250}],"changedObstacles":[{"type":0,"posx":12,"posy":6,"value":-1},{"type":0,"posx":6,"posy":5,"value":-1}]},{"players":[{"playerId":3573,"score":1500,"energy":18,"posx":12,"posy":5,"lastAction":2,"status":0},{"playerId":2413234,"score":1642,"energy":19,"posx":6,"posy":5,"lastAction":4,"status":0},{"playerId":75082,"score":1067,"energy":5,"posx":1,"posy":3,"lastAction":0,"status":0},{"playerId":1166,"score":1592,"energy":3,"posx":5,"posy":3,"lastAction":5,"status":0}],"golds":[{"posx":8,"posy":1,"amount":150},{"posx":20,"posy":1,"amount":150},{"posx":11,"posy":2,"amount":200},{"posx":1,"posy":4,"amount":750},{"posx":4,"posy":4,"amount":400},{"posx":12,"posy":5,"amount":250}],"changedObstacles":[{"type":0,"posx":1,"posy":3,"value":-1},{"type":0,"posx":5,"posy":3,"value":-1}]},{"players":[{"playerId":3573,"score":1550,"energy":13,"posx":12,"posy":5,"lastAction":5,"status":0},{"playerId":2413234,"score":1642,"energy":35,"posx":6,"posy":5,"lastAction":4,"status":0},{"playerId":75082,"score":1067,"energy":1,"posx":1,"posy":4,"lastAction":3,"status":0},{"playerId":1166,"score":1592,"energy":15,"posx":5,"posy":3,"lastAction":4,"status":0}],"golds":[{"posx":8,"posy":1,"amount":150},{"posx":20,"posy":1,"amount":150},{"posx":11,"posy":2,"amount":200},{"posx":1,"posy":4,"amount":750},{"posx":4,"posy":4,"amount":400},{"posx":12,"posy":5,"amount":200}],"changedObstacles":[]},{"players":[{"playerId":3573,"score":1600,"energy":8,"posx":12,"posy":5,"lastAction":5,"status":0},{"playerId":2413234,"score":1642,"energy":25,"posx":5,"posy":5,"lastAction":0,"status":0},{"playerId":75082,"score":1067,"energy":13,"posx":1,"posy":4,"lastAction":4,"status":0},{"playerId":1166,"score":1592,"energy":31,"posx":5,"posy":3,"lastAction":4,"status":0}],"golds":[{"posx":8,"posy":1,"amount":150},{"posx":20,"posy":1,"amount":150},{"posx":11,"posy":2,"amount":200},{"posx":1,"posy":4,"amount":750},{"posx":4,"posy":4,"amount":400},{"posx":12,"posy":5,"amount":150}],"changedObstacles":[{"type":0,"posx":5,"posy":5,"value":-1}]},{"players":[{"playerId":3573,"score":1650,"energy":3,"posx":12,"posy":5,"lastAction":5,"status":0},{"playerId":2413234,"score":1642,"energy":20,"posx":5,"posy":4,"lastAction":2,"status":0},{"playerId":75082,"score":1117,"energy":8,"posx":1,"posy":4,"lastAction":5,"status":0},{"playerId":1166,"score":1592,"energy":50,"posx":5,"posy":3,"lastAction":4,"status":0}],"golds":[{"posx":8,"posy":1,"amount":150},{"posx":20,"posy":1,"amount":150},{"posx":11,"posy":2,"amount":200},{"posx":1,"posy":4,"amount":700},{"posx":4,"posy":4,"amount":400},{"posx":12,"posy":5,"amount":100}],"changedObstacles":[{"type":3,"posx":5,"posy":4,"value":-20}]},{"players":[{"playerId":3573,"score":1650,"energy":15,"posx":12,"posy":5,"lastAction":4,"status":0},{"playerId":2413234,"score":1642,"energy":16,"posx":4,"posy":4,"lastAction":0,"status":0},{"playerId":75082,"score":1167,"energy":3,"posx":1,"posy":4,"lastAction":5,"status":0},{"playerId":1166,"score":1592,"energy":31,"posx":4,"posy":3,"lastAction":0,"status":0}],"golds":[{"posx":8,"posy":1,"amount":150},{"posx":20,"posy":1,"amount":150},{"posx":11,"posy":2,"amount":200},{"posx":1,"posy":4,"amount":650},{"posx":4,"posy":4,"amount":400},{"posx":12,"posy":5,"amount":100}],"changedObstacles":[]},{"players":[{"playerId":3573,"score":1700,"energy":10,"posx":12,"posy":5,"lastAction":5,"status":0},{"playerId":2413234,"score":1692,"energy":11,"posx":4,"posy":4,"lastAction":5,"status":0},{"playerId":75082,"score":1167,"energy":15,"posx":1,"posy":4,"lastAction":4,"status":0},{"playerId":1166,"score":1592,"energy":27,"posx":4,"posy":4,"lastAction":3,"status":0}],"golds":[{"posx":8,"posy":1,"amount":150},{"posx":20,"posy":1,"amount":150},{"posx":11,"posy":2,"amount":200},{"posx":1,"posy":4,"amount":650},{"posx":4,"posy":4,"amount":350},{"posx":12,"posy":5,"amount":50}],"changedObstacles":[]},{"players":[{"playerId":3573,"score":1750,"energy":5,"posx":12,"posy":5,"lastAction":5,"status":0},{"playerId":2413234,"score":1742,"energy":6,"posx":4,"posy":4,"lastAction":5,"status":0},{"playerId":75082,"score":1217,"energy":10,"posx":1,"posy":4,"lastAction":5,"status":0},{"playerId":1166,"score":1642,"energy":22,"posx":4,"posy":4,"lastAction":5,"status":0}],"golds":[{"posx":8,"posy":1,"amount":150},{"posx":20,"posy":1,"amount":150},{"posx":11,"posy":2,"amount":200},{"posx":1,"posy":4,"amount":600},{"posx":4,"posy":4,"amount":250}],"changedObstacles":[{"type":0,"posx":12,"posy":5,"value":-1}]},{"players":[{"playerId":3573,"score":1750,"energy":17,"posx":12,"posy":5,"lastAction":4,"status":0},{"playerId":2413234,"score":1792,"energy":1,"posx":4,"posy":4,"lastAction":5,"status":0},{"playerId":75082,"score":1267,"energy":5,"posx":1,"posy":4,"lastAction":5,"status":0},{"playerId":1166,"score":1692,"energy":17,"posx":4,"posy":4,"lastAction":5,"status":0}],"golds":[{"posx":8,"posy":1,"amount":150},{"posx":20,"posy":1,"amount":150},{"posx":11,"posy":2,"amount":200},{"posx":1,"posy":4,"amount":550},{"posx":4,"posy":4,"amount":150}],"changedObstacles":[]},{"players":[{"playerId":3573,"score":1750,"energy":33,"posx":12,"posy":5,"lastAction":4,"status":0},{"playerId":2413234,"score":1792,"energy":13,"posx":4,"posy":4,"lastAction":4,"status":0},{"playerId":75082,"score":1267,"energy":17,"posx":1,"posy":4,"lastAction":4,"status":0},{"playerId":1166,"score":1742,"energy":12,"posx":4,"posy":4,"lastAction":5,"status":0}],"golds":[{"posx":8,"posy":1,"amount":150},{"posx":20,"posy":1,"amount":150},{"posx":11,"posy":2,"amount":200},{"posx":1,"posy":4,"amount":550},{"posx":4,"posy":4,"amount":100}],"changedObstacles":[]},{"players":[{"playerId":3573,"score":1750,"energy":21,"posx":11,"posy":5,"lastAction":0,"status":0},{"playerId":2413234,"score":1792,"energy":29,"posx":4,"posy":4,"lastAction":4,"status":0},{"playerId":75082,"score":1317,"energy":12,"posx":1,"posy":4,"lastAction":5,"status":0},{"playerId":1166,"score":1792,"energy":7,"posx":4,"posy":4,"lastAction":5,"status":0}],"golds":[{"posx":8,"posy":1,"amount":150},{"posx":20,"posy":1,"amount":150},{"posx":11,"posy":2,"amount":200},{"posx":1,"posy":4,"amount":500},{"posx":4,"posy":4,"amount":50}],"changedObstacles":[]},{"players":[{"playerId":3573,"score":1750,"energy":33,"posx":11,"posy":5,"lastAction":4,"status":0},{"playerId":2413234,"score":1817,"energy":24,"posx":4,"posy":4,"lastAction":5,"status":0},{"playerId":75082,"score":1367,"energy":7,"posx":1,"posy":4,"lastAction":5,"status":0},{"playerId":1166,"score":1817,"energy":2,"posx":4,"posy":4,"lastAction":5,"status":0}],"golds":[{"posx":8,"posy":1,"amount":150},{"posx":20,"posy":1,"amount":150},{"posx":11,"posy":2,"amount":200},{"posx":1,"posy":4,"amount":450}],"changedObstacles":[{"type":0,"posx":4,"posy":4,"value":-1}]},{"players":[{"playerId":3573,"score":1750,"energy":28,"posx":10,"posy":5,"lastAction":0,"status":0},{"playerId":2413234,"score":1817,"energy":14,"posx":3,"posy":4,"lastAction":0,"status":0},{"playerId":75082,"score":1417,"energy":2,"posx":1,"posy":4,"lastAction":5,"status":0},{"playerId":1166,"score":1817,"energy":14,"posx":4,"posy":4,"lastAction":4,"status":0}],"golds":[{"posx":8,"posy":1,"amount":150},{"posx":20,"posy":1,"amount":150},{"posx":11,"posy":2,"amount":200},{"posx":1,"posy":4,"amount":400}],"changedObstacles":[{"type":3,"posx":10,"posy":5,"value":-20}]},{"players":[{"playerId":3573,"score":1750,"energy":40,"posx":10,"posy":5,"lastAction":4,"status":0},{"playerId":2413234,"score":1817,"energy":26,"posx":3,"posy":4,"lastAction":4,"status":0},{"playerId":75082,"score":1417,"energy":14,"posx":1,"posy":4,"lastAction":4,"status":0},{"playerId":1166,"score":1817,"energy":30,"posx":4,"posy":4,"lastAction":4,"status":0}],"golds":[{"posx":8,"posy":1,"amount":150},{"posx":20,"posy":1,"amount":150},{"posx":11,"posy":2,"amount":200},{"posx":1,"posy":4,"amount":400}],"changedObstacles":[]},{"players":[{"playerId":3573,"score":1750,"energy":35,"posx":9,"posy":5,"lastAction":0,"status":0},{"playerId":2413234,"score":1817,"energy":42,"posx":3,"posy":4,"lastAction":4,"status":0},{"playerId":75082,"score":1467,"energy":9,"posx":1,"posy":4,"lastAction":5,"status":0},{"playerId":1166,"score":1817,"energy":50,"posx":4,"posy":4,"lastAction":4,"status":0}],"golds":[{"posx":8,"posy":1,"amount":150},{"posx":20,"posy":1,"amount":150},{"posx":11,"posy":2,"amount":200},{"posx":1,"posy":4,"amount":350}],"changedObstacles":[{"type":3,"posx":9,"posy":5,"value":-20}]},{"players":[{"playerId":3573,"score":1750,"energy":34,"posx":8,"posy":5,"lastAction":0,"status":0},{"playerId":2413234,"score":1817,"energy":35,"posx":2,"posy":4,"lastAction":0,"status":0},{"playerId":75082,"score":1517,"energy":4,"posx":1,"posy":4,"lastAction":5,"status":0},{"playerId":1166,"score":1817,"energy":31,"posx":3,"posy":4,"lastAction":0,"status":0}],"golds":[{"posx":8,"posy":1,"amount":150},{"posx":20,"posy":1,"amount":150},{"posx":11,"posy":2,"amount":200},{"posx":1,"posy":4,"amount":300}],"changedObstacles":[]},{"players":[{"playerId":3573,"score":1750,"energy":33,"posx":7,"posy":5,"lastAction":0,"status":0},{"playerId":2413234,"score":1817,"energy":31,"posx":1,"posy":4,"lastAction":0,"status":0},{"playerId":75082,"score":1517,"energy":16,"posx":1,"posy":4,"lastAction":4,"status":0},{"playerId":1166,"score":1817,"energy":26,"posx":2,"posy":4,"lastAction":0,"status":0}],"golds":[{"posx":8,"posy":1,"amount":150},{"posx":20,"posy":1,"amount":150},{"posx":11,"posy":2,"amount":200},{"posx":1,"posy":4,"amount":300}],"changedObstacles":[]},{"players":[{"playerId":3573,"score":1750,"energy":32,"posx":6,"posy":5,"lastAction":0,"status":0},{"playerId":2413234,"score":1867,"energy":26,"posx":1,"posy":4,"lastAction":5,"status":0},{"playerId":75082,"score":1567,"energy":11,"posx":1,"posy":4,"lastAction":5,"status":0},{"playerId":1166,"score":1817,"energy":22,"posx":1,"posy":4,"lastAction":0,"status":0}],"golds":[{"posx":8,"posy":1,"amount":150},{"posx":20,"posy":1,"amount":150},{"posx":11,"posy":2,"amount":200},{"posx":1,"posy":4,"amount":200}],"changedObstacles":[]},{"players":[{"playerId":3573,"score":1750,"energy":31,"posx":5,"posy":5,"lastAction":0,"status":0},{"playerId":2413234,"score":1917,"energy":21,"posx":1,"posy":4,"lastAction":5,"status":0},{"playerId":75082,"score":1617,"energy":6,"posx":1,"posy":4,"lastAction":5,"status":0},{"playerId":1166,"score":1867,"energy":17,"posx":1,"posy":4,"lastAction":5,"status":0}],"golds":[{"posx":8,"posy":1,"amount":150},{"posx":20,"posy":1,"amount":150},{"posx":11,"posy":2,"amount":200},{"posx":1,"posy":4,"amount":50}],"changedObstacles":[]},{"players":[{"playerId":3573,"score":1750,"energy":30,"posx":6,"posy":5,"lastAction":1,"status":0},{"playerId":2413234,"score":1934,"energy":16,"posx":1,"posy":4,"lastAction":5,"status":0},{"playerId":75082,"score":1634,"energy":1,"posx":1,"posy":4,"lastAction":5,"status":0},{"playerId":1166,"score":1884,"energy":12,"posx":1,"posy":4,"lastAction":5,"status":0}],"golds":[{"posx":8,"posy":1,"amount":150},{"posx":20,"posy":1,"amount":150},{"posx":11,"posy":2,"amount":200}],"changedObstacles":[{"type":0,"posx":1,"posy":4,"value":-1}]},{"players":[{"playerId":3573,"score":1750,"energy":29,"posx":7,"posy":5,"lastAction":1,"status":0},{"playerId":2413234,"score":1934,"energy":15,"posx":1,"posy":3,"lastAction":2,"status":0},{"playerId":75082,"score":1634,"energy":13,"posx":1,"posy":4,"lastAction":4,"status":0},{"playerId":1166,"score":1884,"energy":11,"posx":1,"posy":3,"lastAction":2,"status":0}],"golds":[{"posx":8,"posy":1,"amount":150},{"posx":20,"posy":1,"amount":150},{"posx":11,"posy":2,"amount":200}],"changedObstacles":[]},{"players":[{"playerId":3573,"score":1750,"energy":41,"posx":7,"posy":5,"lastAction":4,"status":0},{"playerId":2413234,"score":1934,"energy":27,"posx":1,"posy":3,"lastAction":4,"status":0},{"playerId":75082,"score":1634,"energy":12,"posx":0,"posy":4,"lastAction":0,"status":0},{"playerId":1166,"score":1884,"energy":23,"posx":1,"posy":3,"lastAction":4,"status":0}],"golds":[{"posx":8,"posy":1,"amount":150},{"posx":20,"posy":1,"amount":150},{"posx":11,"posy":2,"amount":200}],"changedObstacles":[]},{"players":[{"playerId":3573,"score":1750,"energy":40,"posx":8,"posy":5,"lastAction":1,"status":0},{"playerId":2413234,"score":1934,"energy":43,"posx":1,"posy":3,"lastAction":4,"status":0},{"playerId":75082,"score":1634,"energy":7,"posx":0,"posy":5,"lastAction":3,"status":0},{"playerId":1166,"score":1884,"energy":39,"posx":1,"posy":3,"lastAction":4,"status":0}],"golds":[{"posx":8,"posy":1,"amount":150},{"posx":20,"posy":1,"amount":150},{"posx":11,"posy":2,"amount":200}],"changedObstacles":[{"type":3,"posx":0,"posy":5,"value":-20}]},{"players":[{"playerId":3573,"score":1750,"energy":20,"posx":9,"posy":5,"lastAction":1,"status":0},{"playerId":2413234,"score":1934,"energy":26,"posx":1,"posy":2,"lastAction":2,"status":0},{"playerId":75082,"score":1634,"energy":6,"posx":0,"posy":4,"lastAction":2,"status":0},{"playerId":1166,"score":1884,"energy":25,"posx":2,"posy":3,"lastAction":1,"status":0}],"golds":[{"posx":8,"posy":1,"amount":150},{"posx":20,"posy":1,"amount":150},{"posx":11,"posy":2,"amount":200}],"changedObstacles":[{"type":3,"posx":9,"posy":5,"value":-40}]},{"players":[{"playerId":3573,"score":1750,"energy":32,"posx":9,"posy":5,"lastAction":4,"status":0},{"playerId":2413234,"score":1934,"energy":25,"posx":2,"posy":2,"lastAction":1,"status":0},{"playerId":75082,"score":1634,"energy":5,"posx":1,"posy":4,"lastAction":1,"status":0},{"playerId":1166,"score":1884,"energy":24,"posx":3,"posy":3,"lastAction":1,"status":0}],"golds":[{"posx":8,"posy":1,"amount":150},{"posx":20,"posy":1,"amount":150},{"posx":11,"posy":2,"amount":200}],"changedObstacles":[]},{"players":[{"playerId":3573,"score":1750,"energy":12,"posx":10,"posy":5,"lastAction":1,"status":0},{"playerId":2413234,"score":1934,"energy":24,"posx":3,"posy":2,"lastAction":1,"status":0},{"playerId":75082,"score":1634,"energy":17,"posx":1,"posy":4,"lastAction":4,"status":0},{"playerId":1166,"score":1884,"energy":17,"posx":4,"posy":3,"lastAction":1,"status":0}],"golds":[{"posx":8,"posy":1,"amount":150},{"posx":20,"posy":1,"amount":150},{"posx":11,"posy":2,"amount":200}],"changedObstacles":[{"type":3,"posx":10,"posy":5,"value":-40}]},{"players":[{"playerId":3573,"score":1750,"energy":24,"posx":10,"posy":5,"lastAction":4,"status":0},{"playerId":2413234,"score":1934,"energy":23,"posx":4,"posy":2,"lastAction":1,"status":0},{"playerId":75082,"score":1634,"energy":16,"posx":1,"posy":3,"lastAction":2,"status":0},{"playerId":1166,"score":1884,"energy":16,"posx":5,"posy":3,"lastAction":1,"status":0}],"golds":[{"posx":8,"posy":1,"amount":150},{"posx":20,"posy":1,"amount":150},{"posx":11,"posy":2,"amount":200}],"changedObstacles":[]},{"players":[{"playerId":3573,"score":1750,"energy":40,"posx":10,"posy":5,"lastAction":4,"status":0},{"playerId":2413234,"score":1934,"energy":22,"posx":4,"posy":1,"lastAction":2,"status":0},{"playerId":75082,"score":1634,"energy":15,"posx":1,"posy":4,"lastAction":3,"status":0},{"playerId":1166,"score":1884,"energy":15,"posx":6,"posy":3,"lastAction":1,"status":0}],"golds":[{"posx":8,"posy":1,"amount":150},{"posx":20,"posy":1,"amount":150},{"posx":11,"posy":2,"amount":200}],"changedObstacles":[]},{"players":[{"playerId":3573,"score":1750,"energy":35,"posx":11,"posy":5,"lastAction":1,"status":0},{"playerId":2413234,"score":1934,"energy":21,"posx":5,"posy":1,"lastAction":1,"status":0},{"playerId":75082,"score":1634,"energy":14,"posx":0,"posy":4,"lastAction":0,"status":0},{"playerId":1166,"score":1884,"energy":14,"posx":6,"posy":2,"lastAction":2,"status":0}],"golds":[{"posx":8,"posy":1,"amount":150},{"posx":20,"posy":1,"amount":150},{"posx":11,"posy":2,"amount":200}],"changedObstacles":[]},{"players":[{"playerId":3573,"score":1750,"energy":30,"posx":11,"posy":4,"lastAction":2,"status":0},{"playerId":2413234,"score":1934,"energy":20,"posx":6,"posy":1,"lastAction":1,"status":0},{"playerId":75082,"score":1634,"energy":26,"posx":0,"posy":4,"lastAction":4,"status":0},{"playerId":1166,"score":1884,"energy":13,"posx":6,"posy":1,"lastAction":2,"status":0}],"golds":[{"posx":8,"posy":1,"amount":150},{"posx":20,"posy":1,"amount":150},{"posx":11,"posy":2,"amount":200}],"changedObstacles":[]},{"players":[{"playerId":3573,"score":1750,"energy":29,"posx":11,"posy":3,"lastAction":2,"status":0},{"playerId":2413234,"score":1934,"energy":19,"posx":7,"posy":1,"lastAction":1,"status":0},{"playerId":75082,"score":1634,"energy":15,"posx":0,"posy":3,"lastAction":2,"status":0},{"playerId":1166,"score":1884,"energy":12,"posx":7,"posy":1,"lastAction":1,"status":0}],"golds":[{"posx":8,"posy":1,"amount":150},{"posx":20,"posy":1,"amount":150},{"posx":11,"posy":2,"amount":200}],"changedObstacles":[]},{"players":[{"playerId":3573,"score":1750,"energy":25,"posx":11,"posy":2,"lastAction":2,"status":0},{"playerId":2413234,"score":1934,"energy":15,"posx":8,"posy":1,"lastAction":1,"status":0},{"playerId":75082,"score":1634,"energy":14,"posx":1,"posy":3,"lastAction":1,"status":0},{"playerId":1166,"score":1884,"energy":8,"posx":8,"posy":1,"lastAction":1,"status":0}],"golds":[{"posx":8,"posy":1,"amount":150},{"posx":20,"posy":1,"amount":150},{"posx":11,"posy":2,"amount":200}],"changedObstacles":[]},{"players":[{"playerId":3573,"score":1800,"energy":20,"posx":11,"posy":2,"lastAction":5,"status":0},{"playerId":2413234,"score":1984,"energy":10,"posx":8,"posy":1,"lastAction":5,"status":0},{"playerId":75082,"score":1634,"energy":13,"posx":1,"posy":4,"lastAction":3,"status":0},{"playerId":1166,"score":1934,"energy":3,"posx":8,"posy":1,"lastAction":5,"status":0}],"golds":[{"posx":8,"posy":1,"amount":50},{"posx":20,"posy":1,"amount":150},{"posx":11,"posy":2,"amount":150}],"changedObstacles":[]},{"players":[{"playerId":3573,"score":1850,"energy":15,"posx":11,"posy":2,"lastAction":5,"status":0},{"playerId":2413234,"score":2034,"energy":5,"posx":8,"posy":1,"lastAction":5,"status":0},{"playerId":75082,"score":1634,"energy":12,"posx":0,"posy":4,"lastAction":0,"status":0},{"playerId":1166,"score":1934,"energy":15,"posx":8,"posy":1,"lastAction":4,"status":0}],"golds":[{"posx":20,"posy":1,"amount":150},{"posx":11,"posy":2,"amount":100}],"changedObstacles":[{"type":0,"posx":8,"posy":1,"value":-1}]},{"players":[{"playerId":3573,"score":1900,"energy":10,"posx":11,"posy":2,"lastAction":5,"status":0},{"playerId":2413234,"score":2034,"energy":17,"posx":8,"posy":1,"lastAction":4,"status":0},{"playerId":75082,"score":1634,"energy":11,"posx":1,"posy":4,"lastAction":1,"status":0},{"playerId":1166,"score":1934,"energy":31,"posx":8,"posy":1,"lastAction":4,"status":0}],"golds":[{"posx":20,"posy":1,"amount":150},{"posx":11,"posy":2,"amount":50}],"changedObstacles":[]},{"players":[{"playerId":3573,"score":1950,"energy":5,"posx":11,"posy":2,"lastAction":5,"status":0},{"playerId":2413234,"score":2034,"energy":33,"posx":8,"posy":1,"lastAction":4,"status":0},{"playerId":75082,"score":1634,"energy":10,"posx":1,"posy":3,"lastAction":2,"status":0},{"playerId":1166,"score":1934,"energy":50,"posx":8,"posy":1,"lastAction":4,"status":0}],"golds":[{"posx":20,"posy":1,"amount":150}],"changedObstacles":[{"type":0,"posx":11,"posy":2,"value":-1}]}]