[{"players":[{"playerId":2349571,"score":0,"energy":40,"posx":17,"posy":2,"lastAction":3,"status":0},{"playerId":2251128,"score":0,"energy":49,"posx":16,"posy":1,"lastAction":0,"status":0},{"playerId":2415753,"score":0,"energy":49,"posx":16,"posy":1,"lastAction":0,"status":0},{"playerId":2233933,"score":0,"energy":49,"posx":16,"posy":1,"lastAction":0,"status":0}],"golds":[{"posx":4,"posy":4,"amount":400},{"posx":13,"posy":3,"amount":550},{"posx":8,"posy":1,"amount":250},{"posx":16,"posy":7,"amount":100},{"posx":7,"posy":4,"amount":200},{"posx":16,"posy":4,"amount":500},{"posx":9,"posy":4,"amount":250},{"posx":20,"posy":1,"amount":150},{"posx":1,"posy":4,"amount":750},{"posx":8,"posy":4,"amount":300},{"posx":2,"posy":1,"amount":250},{"posx":12,"posy":5,"amount":250},{"posx":19,"posy":6,"amount":300},{"posx":6,"posy":1,"amount":150},{"posx":19,"posy":5,"amount":600},{"posx":5,"posy":3,"amount":650},{"posx":11,"posy":3,"amount":450},{"posx":10,"posy":2,"amount":650},{"posx":11,"posy":2,"amount":300},{"posx":6,"posy":5,"amount":650}],"changedObstacles":[]},{"players":[{"playerId":2349571,"score":0,"energy":35,"posx":16,"posy":2,"lastAction":0,"status":0},{"playerId":2251128,"score":0,"energy":44,"posx":16,"posy":2,"lastAction":3,"status":0},{"playerId":2415753,"score":0,"energy":39,"posx":15,"posy":1,"lastAction":0,"status":0},{"playerId":2233933,"score":0,"energy":44,"posx":16,"posy":2,"lastAction":3,"status":0}],"golds":[{"posx":4,"posy":4,"amount":400},{"posx":13,"posy":3,"amount":550},{"posx":8,"posy":1,"amount":250},{"posx":16,"posy":7,"amount":100},{"posx":7,"posy":4,"amount":200},{"posx":16,"posy":4,"amount":500},{"posx":9,"posy":4,"amount":250},{"posx":20,"posy":1,"amount":150},{"posx":1,"posy":4,"amount":750},{"posx":8,"posy":4,"amount":300},{"posx":2,"posy":1,"amount":250},{"posx":12,"posy":5,"amount":250},{"posx":19,"posy":6,"amount":300},{"posx":6,"posy":1,"amount":150},{"posx":19,"posy":5,"amount":600},{"posx":5,"posy":3,"amount":650},{"posx":11,"posy":3,"amount":450},{"posx":10,"posy":2,"amount":650},{"posx":11,"posy":2,"amount":300},{"posx":6,"posy":5,"amount":650}],"changedObstacles":[{"type":3,"posx":16,"posy":2,"value":-20},{"type":0,"posx":15,"posy":1,"value":-1}]},{"players":[{"playerId":2349571,"score":0,"energy":30,"posx":16,"posy":3,"lastAction":3,"status":0},{"playerId":2251128,"score":0,"energy":34,"posx":15,"posy":2,"lastAction":0,"status":0},{"playerId":2415753,"score":0,"energy":38,"posx":14,"posy":1,"lastAction":0,"status":0},{"playerId":2233933,"score":0,"energy":34,"posx":15,"posy":2,"lastAction":0,"status":0}],"golds":[{"posx":4,"posy":4,"amount":400},{"posx":13,"posy":3,"amount":550},{"posx":8,"posy":1,"amount":250},{"posx":16,"posy":7,"amount":100},{"posx":7,"posy":4,"amount":200},{"posx":16,"posy":4,"amount":500},{"posx":9,"posy":4,"amount":250},{"posx":20,"posy":1,"amount":150},{"posx":1,"posy":4,"amount":750},{"posx":8,"posy":4,"amount":300},{"posx":2,"posy":1,"amount":250},{"posx":12,"posy":5,"amount":250},{"posx":19,"posy":6,"amount":300},{"posx":6,"posy":1,"amount":150},{"posx":19,"posy":5,"amount":600},{"posx":5,"posy":3,"amount":650},{"posx":11,"posy":3,"amount":450},{"posx":10,"posy":2,"amount":650},{"posx":11,"posy":2,"amount":300},{"posx":6,"posy":5,"amount":650}],"changedObstacles":[{"type":0,"posx":15,"posy":2,"value":-1}]},{"players":[{"playerId":2349571,"score":0,"energy":26,"posx":16,"posy":4,"lastAction":3,"status":0},{"playerId":2251128,"score":0,"energy":33,"posx":15,"posy":3,"lastAction":3,"status":0},{"playerId":2415753,"score":0,"energy":37,"posx":13,"posy":1,"lastAction":0,"status":0},{"playerId":2233933,"score":0,"energy":33,"posx":15,"posy":3,"lastAction":3,"status":0}],"golds":[{"posx":4,"posy":4,"amount":400},{"posx":13,"posy":3,"amount":550},{"posx":8,"posy":1,"amount":250},{"posx":16,"posy":7,"amount":100},{"posx":7,"posy":4,"amount":200},{"posx":16,"posy":4,"amount":500},{"posx":9,"posy":4,"amount":250},{"posx":20,"posy":1,"amount":150},{"posx":1,"posy":4,"amount":750},{"posx":8,"posy":4,"amount":300},{"posx":2,"posy":1,"amount":250},{"posx":12,"posy":5,"amount":250},{"posx":19,"posy":6,"amount":300},{"posx":6,"posy":1,"amount":150},{"posx":19,"posy":5,"amount":600},{"posx":5,"posy":3,"amount":650},{"posx":11,"posy":3,"amount":450},{"posx":10,"posy":2,"amount":650},{"posx":11,"posy":2,"amount":300},{"posx":6,"posy":5,"amount":650}],"changedObstacles":[]},{"players":[{"playerId":2349571,"score":50,"energy":21,"posx":16,"posy":4,"lastAction":5,"status":0},{"playerId":2251128,"score":0,"energy":28,"posx":14,"posy":3,"lastAction":0,"status":0},{"playerId":2415753,"score":0,"energy":31,"posx":12,"posy":1,"lastAction":0,"status":0},{"playerId":2233933,"score":0,"energy":28,"posx":14,"posy":3,"lastAction":0,"status":0}],"golds":[{"posx":2,"posy":1,"amount":250},{"posx":6,"posy":1,"amount":150},{"posx":8,"posy":1,"amount":250},{"posx":20,"posy":1,"amount":150},{"posx":10,"posy":2,"amount":650},{"posx":11,"posy":2,"amount":300},{"posx":5,"posy":3,"amount":650},{"posx":11,"posy":3,"amount":450},{"posx":13,"posy":3,"amount":550},{"posx":1,"posy":4,"amount":750},{"posx":4,"posy":4,"amount":400},{"posx":7,"posy":4,"amount":200},{"posx":8,"posy":4,"amount":300},{"posx":9,"posy":4,"amount":250},{"posx":16,"posy":4,"amount":450},{"posx":6,"posy":5,"amount":650},{"posx":12,"posy":5,"amount":250},{"posx":19,"posy":5,"amount":600},{"posx":19,"posy":6,"amount":300},{"posx":16,"posy":7,"amount":100}],"changedObstacles":[{"type":3,"posx":14,"posy":3,"value":-20}]},{"players":[{"playerId":2349571,"score":100,"energy":16,"posx":16,"posy":4,"lastAction":5,"status":0},{"playerId":2251128,"score":0,"energy":24,"posx":13,"posy":3,"lastAction":0,"status":0},{"playerId":2415753,"score":0,"energy":30,"posx":12,"posy":2,"lastAction":3,"status":0},{"playerId":2233933,"score":0,"energy":24,"posx":13,"posy":3,"lastAction":0,"status":0}],"golds":[{"posx":2,"posy":1,"amount":250},{"posx":6,"posy":1,"amount":150},{"posx":8,"posy":1,"amount":250},{"posx":20,"posy":1,"amount":150},{"posx":10,"posy":2,"amount":650},{"posx":11,"posy":2,"amount":300},{"posx":5,"posy":3,"amount":650},{"posx":11,"posy":3,"amount":450},{"posx":13,"posy":3,"amount":550},{"posx":1,"posy":4,"amount":750},{"posx":4,"posy":4,"amount":400},{"posx":7,"posy":4,"amount":200},{"posx":8,"posy":4,"amount":300},{"posx":9,"posy":4,"amount":250},{"posx":16,"posy":4,"amount":400},{"posx":6,"posy":5,"amount":650},{"posx":12,"posy":5,"amount":250},{"posx":19,"posy":5,"amount":600},{"posx":19,"posy":6,"amount":300},{"posx":16,"posy":7,"amount":100}],"changedObstacles":[]},{"players":[{"playerId":2349571,"score":100,"energy":28,"posx":16,"posy":4,"lastAction":4,"status":0},{"playerId":2251128,"score":50,"energy":19,"posx":13,"posy":3,"lastAction":5,"status":0},{"playerId":2415753,"score":0,"energy":26,"posx":11,"posy":2,"lastAction":0,"status":0},{"playerId":2233933,"score":50,"energy":19,"posx":13,"posy":3,"lastAction":5,"status":0}],"golds":[{"posx":2,"posy":1,"amount":250},{"posx":6,"posy":1,"amount":150},{"posx":8,"posy":1,"amount":250},{"posx":20,"posy":1,"amount":150},{"posx":10,"posy":2,"amount":650},{"posx":11,"posy":2,"amount":300},{"posx":5,"posy":3,"amount":650},{"posx":11,"posy":3,"amount":450},{"posx":13,"posy":3,"amount":450},{"posx":1,"posy":4,"amount":750},{"posx":4,"posy":4,"amount":400},{"posx":7,"posy":4,"amount":200},{"posx":8,"posy":4,"amount":300},{"posx":9,"posy":4,"amount":250},{"posx":16,"posy":4,"amount":400},{"posx":6,"posy":5,"amount":650},{"posx":12,"posy":5,"amount":250},{"posx":19,"posy":5,"amount":600},{"posx":19,"posy":6,"amount":300},{"posx":16,"posy":7,"amount":100}],"changedObstacles":[]},{"players":[{"playerId":2349571,"score":150,"energy":23,"posx":16,"posy":4,"lastAction":5,"status":0},{"playerId":2251128,"score":100,"energy":14,"posx":13,"posy":3,"lastAction":5,"status":0},{"playerId":2415753,"score":50,"energy":21,"posx":11,"posy":2,"lastAction":5,"status":0},{"playerId":2233933,"score":100,"energy":14,"posx":13,"posy":3,"lastAction":5,"status":0}],"golds":[{"posx":2,"posy":1,"amount":250},{"posx":6,"posy":1,"amount":150},{"posx":8,"posy":1,"amount":250},{"posx":20,"posy":1,"amount":150},{"posx":10,"posy":2,"amount":650},{"posx":11,"posy":2,"amount":250},{"posx":5,"posy":3,"amount":650},{"posx":11,"posy":3,"amount":450},{"posx":13,"posy":3,"amount":350},{"posx":1,"posy":4,"amount":750},{"posx":4,"posy":4,"amount":400},{"posx":7,"posy":4,"amount":200},{"posx":8,"posy":4,"amount":300},{"posx":9,"posy":4,"amount":250},{"posx":16,"posy":4,"amount":350},{"posx":6,"posy":5,"amount":650},{"posx":12,"posy":5,"amount":250},{"posx":19,"posy":5,"amount":600},{"posx":19,"posy":6,"amount":300},{"posx":16,"posy":7,"amount":100}],"changedObstacles":[]},{"players":[{"playerId":2349571,"score":200,"energy":18,"posx":16,"posy":4,"lastAction":5,"status":0},{"playerId":2251128,"score":150,"energy":9,"posx":13,"posy":3,"lastAction":5,"status":0},{"playerId":2415753,"score":100,"energy":16,"posx":11,"posy":2,"lastAction":5,"status":0},{"playerId":2233933,"score":150,"energy":9,"posx":13,"posy":3,"lastAction":5,"status":0}],"golds":[{"posx":2,"posy":1,"amount":250},{"posx":6,"posy":1,"amount":150},{"posx":8,"posy":1,"amount":250},{"posx":20,"posy":1,"amount":150},{"posx":10,"posy":2,"amount":650},{"posx":11,"posy":2,"amount":200},{"posx":5,"posy":3,"amount":650},{"posx":11,"posy":3,"amount":450},{"posx":13,"posy":3,"amount":250},{"posx":1,"posy":4,"amount":750},{"posx":4,"posy":4,"amount":400},{"posx":7,"posy":4,"amount":200},{"posx":8,"posy":4,"amount":300},{"posx":9,"posy":4,"amount":250},{"posx":16,"posy":4,"amount":300},{"posx":6,"posy":5,"amount":650},{"posx":12,"posy":5,"amount":250},{"posx":19,"posy":5,"amount":600},{"posx":19,"posy":6,"amount":300},{"posx":16,"posy":7,"amount":100}],"changedObstacles":[]},{"players":[{"playerId":2349571,"score":200,"energy":30,"posx":16,"posy":4,"lastAction":4,"status":0},{"playerId":2251128,"score":200,"energy":4,"posx":13,"posy":3,"lastAction":5,"status":0},{"playerId":2415753,"score":150,"energy":11,"posx":11,"posy":2,"lastAction":5,"status":0},{"playerId":2233933,"score":200,"energy":4,"posx":13,"posy":3,"lastAction":5,"status":0}],"golds":[{"posx":2,"posy":1,"amount":250},{"posx":6,"posy":1,"amount":150},{"posx":8,"posy":1,"amount":250},{"posx":20,"posy":1,"amount":150},{"posx":10,"posy":2,"amount":650},{"posx":11,"posy":2,"amount":150},{"posx":5,"posy":3,"amount":650},{"posx":11,"posy":3,"amount":450},{"posx":13,"posy":3,"amount":150},{"posx":1,"posy":4,"amount":750},{"posx":4,"posy":4,"amount":400},{"posx":7,"posy":4,"amount":200},{"posx":8,"posy":4,"amount":300},{"posx":9,"posy":4,"amount":250},{"posx":16,"posy":4,"amount":300},{"posx":6,"posy":5,"amount":650},{"posx":12,"posy":5,"amount":250},{"posx":19,"posy":5,"amount":600},{"posx":19,"posy":6,"amount":300},{"posx":16,"posy":7,"amount":100}],"changedObstacles":[]},{"players":[{"playerId":2349571,"score":250,"energy":25,"posx":16,"posy":4,"lastAction":5,"status":0},{"playerId":2251128,"score":200,"energy":16,"posx":13,"posy":3,"lastAction":4,"status":0},{"playerId":2415753,"score":200,"energy":6,"posx":11,"posy":2,"lastAction":5,"status":0},{"playerId":2233933,"score":200,"energy":16,"posx":13,"posy":3,"lastAction":4,"status":0}],"golds":[{"posx":2,"posy":1,"amount":250},{"posx":6,"posy":1,"amount":150},{"posx":8,"posy":1,"amount":250},{"posx":20,"posy":1,"amount":150},{"posx":10,"posy":2,"amount":650},{"posx":11,"posy":2,"amount":100},{"posx":5,"posy":3,"amount":650},{"posx":11,"posy":3,"amount":450},{"posx":13,"posy":3,"amount":150},{"posx":1,"posy":4,"amount":750},{"posx":4,"posy":4,"amount":400},{"posx":7,"posy":4,"amount":200},{"posx":8,"posy":4,"amount":300},{"posx":9,"posy":4,"amount":250},{"posx":16,"posy":4,"amount":250},{"posx":6,"posy":5,"amount":650},{"posx":12,"posy":5,"amount":250},{"posx":19,"posy":5,"amount":600},{"posx":19,"posy":6,"amount":300},{"posx":16,"posy":7,"amount":100}],"changedObstacles":[]},{"players":[{"playerId":2349571,"score":300,"energy":20,"posx":16,"posy":4,"lastAction":5,"status":0},{"playerId":2251128,"score":200,"energy":32,"posx":13,"posy":3,"lastAction":4,"status":0},{"playerId":2415753,"score":250,"energy":1,"posx":11,"posy":2,"lastAction":5,"status":0},{"playerId":2233933,"score":250,"energy":11,"posx":13,"posy":3,"lastAction":5,"status":0}],"golds":[{"posx":2,"posy":1,"amount":250},{"posx":6,"posy":1,"amount":150},{"posx":8,"posy":1,"amount":250},{"posx":20,"posy":1,"amount":150},{"posx":10,"posy":2,"amount":650},{"posx":11,"posy":2,"amount":50},{"posx":5,"posy":3,"amount":650},{"posx":11,"posy":3,"amount":450},{"posx":13,"posy":3,"amount":100},{"posx":1,"posy":4,"amount":750},{"posx":4,"posy":4,"amount":400},{"posx":7,"posy":4,"amount":200},{"posx":8,"posy":4,"amount":300},{"posx":9,"posy":4,"amount":250},{"posx":16,"posy":4,"amount":200},{"posx":6,"posy":5,"amount":650},{"posx":12,"posy":5,"amount":250},{"posx":19,"posy":5,"amount":600},{"posx":19,"posy":6,"amount":300},{"posx":16,"posy":7,"amount":100}],"changedObstacles":[]},{"players":[{"playerId":2349571,"score":350,"energy":15,"posx":16,"posy":4,"lastAction":5,"status":0},{"playerId":2251128,"score":200,"energy":50,"posx":13,"posy":3,"lastAction":4,"status":0},{"playerId":2415753,"score":250,"energy":13,"posx":11,"posy":2,"lastAction":4,"status":0},{"playerId":2233933,"score":300,"energy":6,"posx":13,"posy":3,"lastAction":5,"status":0}],"golds":[{"posx":2,"posy":1,"amount":250},{"posx":6,"posy":1,"amount":150},{"posx":8,"posy":1,"amount":250},{"posx":20,"posy":1,"amount":150},{"posx":10,"posy":2,"amount":650},{"posx":11,"posy":2,"amount":50},{"posx":5,"posy":3,"amount":650},{"posx":11,"posy":3,"amount":450},{"posx":13,"posy":3,"amount":50},{"posx":1,"posy":4,"amount":750},{"posx":4,"posy":4,"amount":400},{"posx":7,"posy":4,"amount":200},{"posx":8,"posy":4,"amount":300},{"posx":9,"posy":4,"amount":250},{"posx":16,"posy":4,"amount":150},{"posx":6,"posy":5,"amount":650},{"posx":12,"posy":5,"amount":250},{"posx":19,"posy":5,"amount":600},{"posx":19,"posy":6,"amount":300},{"posx":16,"posy":7,"amount":100}],"changedObstacles":[]},{"players":[{"playerId":2349571,"score":350,"energy":27,"posx":16,"posy":4,"lastAction":4,"status":0},{"playerId":2251128,"score":225,"energy":45,"posx":13,"posy":3,"lastAction":5,"status":0},{"playerId":2415753,"score":300,"energy":8,"posx":11,"posy":2,"lastAction":5,"status":0},{"playerId":2233933,"score":325,"energy":1,"posx":13,"posy":3,"lastAction":5,"status":0}],"golds":[{"posx":2,"posy":1,"amount":250},{"posx":6,"posy":1,"amount":150},{"posx":8,"posy":1,"amount":250},{"posx":20,"posy":1,"amount":150},{"posx":10,"posy":2,"amount":650},{"posx":5,"posy":3,"amount":650},{"posx":11,"posy":3,"amount":450},{"posx":1,"posy":4,"amount":750},{"posx":4,"posy":4,"amount":400},{"posx":7,"posy":4,"amount":200},{"posx":8,"posy":4,"amount":300},{"posx":9,"posy":4,"amount":250},{"posx":16,"posy":4,"amount":150},{"posx":6,"posy":5,"amount":650},{"posx":12,"posy":5,"amount":250},{"posx":19,"posy":5,"amount":600},{"posx":19,"posy":6,"amount":300},{"posx":16,"posy":7,"amount":100}],"changedObstacles":[{"type":0,"posx":13,"posy":3,"value":-1},{"type":0,"posx":11,"posy":2,"value":-1}]},{"players":[{"playerId":2349571,"score":400,"energy":22,"posx":16,"posy":4,"lastAction":5,"status":0},{"playerId":2251128,"score":225,"energy":44,"posx":12,"posy":3,"lastAction":0,"status":0},{"playerId":2415753,"score":300,"energy":4,"posx":10,"posy":2,"lastAction":0,"status":0},{"playerId":2233933,"score":325,"energy":13,"posx":13,"posy":3,"lastAction":4,"status":0}],"golds":[{"posx":2,"posy":1,"amount":250},{"posx":6,"posy":1,"amount":150},{"posx":8,"posy":1,"amount":250},{"posx":20,"posy":1,"amount":150},{"posx":10,"posy":2,"amount":650},{"posx":5,"posy":3,"amount":650},{"posx":11,"posy":3,"amount":450},{"posx":1,"posy":4,"amount":750},{"posx":4,"posy":4,"amount":400},{"posx":7,"posy":4,"amount":200},{"posx":8,"posy":4,"amount":300},{"posx":9,"posy":4,"amount":250},{"posx":16,"posy":4,"amount":100},{"posx":6,"posy":5,"amount":650},{"posx":12,"posy":5,"amount":250},{"posx":19,"posy":5,"amount":600},{"posx":19,"posy":6,"amount":300},{"posx":16,"posy":7,"amount":100}],"changedObstacles":[]},{"players":[{"playerId":2349571,"score":450,"energy":17,"posx":16,"posy":4,"lastAction":5,"status":0},{"playerId":2251128,"score":225,"energy":40,"posx":11,"posy":3,"lastAction":0,"status":0},{"playerId":2415753,"score":300,"energy":16,"posx":10,"posy":2,"lastAction":4,"status":0},{"playerId":2233933,"score":325,"energy":29,"posx":13,"posy":3,"lastAction":4,"status":0}],"golds":[{"posx":2,"posy":1,"amount":250},{"posx":6,"posy":1,"amount":150},{"posx":8,"posy":1,"amount":250},{"posx":20,"posy":1,"amount":150},{"posx":10,"posy":2,"amount":650},{"posx":5,"posy":3,"amount":650},{"posx":11,"posy":3,"amount":450},{"posx":1,"posy":4,"amount":750},{"posx":4,"posy":4,"amount":400},{"posx":7,"posy":4,"amount":200},{"posx":8,"posy":4,"amount":300},{"posx":9,"posy":4,"amount":250},{"posx":16,"posy":4,"amount":50},{"posx":6,"posy":5,"amount":650},{"posx":12,"posy":5,"amount":250},{"posx":19,"posy":5,"amount":600},{"posx":19,"posy":6,"amount":300},{"posx":16,"posy":7,"amount":100}],"changedObstacles":[]},{"players":[{"playerId":2349571,"score":450,"energy":29,"posx":16,"posy":4,"lastAction":4,"status":0},{"playerId":2251128,"score":275,"energy":35,"posx":11,"posy":3,"lastAction":5,"status":0},{"playerId":2415753,"score":350,"energy":11,"posx":10,"posy":2,"lastAction":5,"status":0},{"playerId":2233933,"score":325,"energy":50,"posx":13,"posy":3,"lastAction":4,"status":0}],"golds":[{"posx":2,"posy":1,"amount":250},{"posx":6,"posy":1,"amount":150},{"posx":8,"posy":1,"amount":250},{"posx":20,"posy":1,"amount":150},{"posx":10,"posy":2,"amount":600},{"posx":5,"posy":3,"amount":650},{"posx":11,"posy":3,"amount":400},{"posx":1,"posy":4,"amount":750},{"posx":4,"posy":4,"amount":400},{"posx":7,"posy":4,"amount":200},{"posx":8,"posy":4,"amount":300},{"posx":9,"posy":4,"amount":250},{"posx":16,"posy":4,"amount":50},{"posx":6,"posy":5,"amount":650},{"posx":12,"posy":5,"amount":250},{"posx":19,"posy":5,"amount":600},{"posx":19,"posy":6,"amount":300},{"posx":16,"posy":7,"amount":100}],"changedObstacles":[]},{"players":[{"playerId":2349571,"score":500,"energy":24,"posx":16,"posy":4,"lastAction":5,"status":0},{"playerId":2251128,"score":325,"energy":30,"posx":11,"posy":3,"lastAction":5,"status":0},{"playerId":2415753,"score":400,"energy":6,"posx":10,"posy":2,"lastAction":5,"status":0},{"playerId":2233933,"score":325,"energy":49,"posx":12,"posy":3,"lastAction":0,"status":0}],"golds":[{"posx":2,"posy":1,"amount":250},{"posx":6,"posy":1,"amount":150},{"posx":8,"posy":1,"amount":250},{"posx":20,"posy":1,"amount":150},{"posx":10,"posy":2,"amount":550},{"posx":5,"posy":3,"amount":650},{"posx":11,"posy":3,"amount":350},{"posx":1,"posy":4,"amount":750},{"posx":4,"posy":4,"amount":400},{"posx":7,"posy":4,"amount":200},{"posx":8,"posy":4,"amount":300},{"posx":9,"posy":4,"amount":250},{"posx":6,"posy":5,"amount":650},{"posx":12,"posy":5,"amount":250},{"posx":19,"posy":5,"amount":600},{"posx":19,"posy":6,"amount":300},{"posx":16,"posy":7,"amount":100}],"changedObstacles":[{"type":0,"posx":16,"posy":4,"value":-1}]},{"players":[{"playerId":2349571,"score":500,"energy":9,"posx":15,"posy":4,"lastAction":0,"status":0},{"playerId":2251128,"score":375,"energy":25,"posx":11,"posy":3,"lastAction":5,"status":0},{"playerId":2415753,"score":450,"energy":1,"posx":10,"posy":2,"lastAction":5,"status":0},{"playerId":2233933,"score":325,"energy":45,"posx":11,"posy":3,"lastAction":0,"status":0}],"golds":[{"posx":2,"posy":1,"amount":250},{"posx":6,"posy":1,"amount":150},{"posx":8,"posy":1,"amount":250},{"posx":20,"posy":1,"amount":150},{"posx":10,"posy":2,"amount":500},{"posx":5,"posy":3,"amount":650},{"posx":11,"posy":3,"amount":300},{"posx":1,"posy":4,"amount":750},{"posx":4,"posy":4,"amount":400},{"posx":7,"posy":4,"amount":200},{"posx":8,"posy":4,"amount":300},{"posx":9,"posy":4,"amount":250},{"posx":6,"posy":5,"amount":650},{"posx":12,"posy":5,"amount":250},{"posx":19,"posy":5,"amount":600},{"posx":19,"posy":6,"amount":300},{"posx":16,"posy":7,"amount":100}],"changedObstacles":[]},{"players":[{"playerId":2349571,"score":500,"energy":21,"posx":15,"posy":4,"lastAction":4,"status":0},{"playerId":2251128,"score":425,"energy":20,"posx":11,"posy":3,"lastAction":5,"status":0},{"playerId":2415753,"score":450,"energy":13,"posx":10,"posy":2,"lastAction":4,"status":0},{"playerId":2233933,"score":375,"energy":40,"posx":11,"posy":3,"lastAction":5,"status":0}],"golds":[{"posx":2,"posy":1,"amount":250},{"posx":6,"posy":1,"amount":150},{"posx":8,"posy":1,"amount":250},{"posx":20,"posy":1,"amount":150},{"posx":10,"posy":2,"amount":500},{"posx":5,"posy":3,"amount":650},{"posx":11,"posy":3,"amount":200},{"posx":1,"posy":4,"amount":750},{"posx":4,"posy":4,"amount":400},{"posx":7,"posy":4,"amount":200},{"posx":8,"posy":4,"amount":300},{"posx":9,"posy":4,"amount":250},{"posx":6,"posy":5,"amount":650},{"posx":12,"posy":5,"amount":250},{"posx":19,"posy":5,"amount":600},{"posx":19,"posy":6,"amount":300},{"posx":16,"posy":7,"amount":100}],"changedObstacles":[]},{"players":[{"playerId":2349571,"score":500,"energy":20,"posx":15,"posy":5,"lastAction":3,"status":0},{"playerId":2251128,"score":475,"energy":15,"posx":11,"posy":3,"lastAction":5,"status":0},{"playerId":2415753,"score":500,"energy":8,"posx":10,"posy":2,"lastAction":5,"status":0},{"playerId":2233933,"score":425,"energy":35,"posx":11,"posy":3,"lastAction":5,"status":0}],"golds":[{"posx":2,"posy":1,"amount":250},{"posx":6,"posy":1,"amount":150},{"posx":8,"posy":1,"amount":250},{"posx":20,"posy":1,"amount":150},{"posx":10,"posy":2,"amount":450},{"posx":5,"posy":3,"amount":650},{"posx":11,"posy":3,"amount":100},{"posx":1,"posy":4,"amount":750},{"posx":4,"posy":4,"amount":400},{"posx":7,"posy":4,"amount":200},{"posx":8,"posy":4,"amount":300},{"posx":9,"posy":4,"amount":250},{"posx":6,"posy":5,"amount":650},{"posx":12,"posy":5,"amount":250},{"posx":19,"posy":5,"amount":600},{"posx":19,"posy":6,"amount":300},{"posx":16,"posy":7,"amount":100}],"changedObstacles":[]},{"players":[{"playerId":2349571,"score":500,"energy":3,"posx":14,"posy":5,"lastAction":0,"status":0},{"playerId":2251128,"score":525,"energy":10,"posx":11,"posy":3,"lastAction":5,"status":0},{"playerId":2415753,"score":550,"energy":3,"posx":10,"posy":2,"lastAction":5,"status":0},{"playerId":2233933,"score":475,"energy":30,"posx":11,"posy":3,"lastAction":5,"status":0}],"golds":[{"posx":2,"posy":1,"amount":250},{"posx":6,"posy":1,"amount":150},{"posx":8,"posy":1,"amount":250},{"posx":20,"posy":1,"amount":150},{"posx":10,"posy":2,"amount":400},{"posx":5,"posy":3,"amount":650},{"posx":1,"posy":4,"amount":750},{"posx":4,"posy":4,"amount":400},{"posx":7,"posy":4,"amount":200},{"posx":8,"posy":4,"amount":300},{"posx":9,"posy":4,"amount":250},{"posx":6,"posy":5,"amount":650},{"posx":12,"posy":5,"amount":250},{"posx":19,"posy":5,"amount":600},{"posx":19,"posy":6,"amount":300},{"posx":16,"posy":7,"amount":100}],"changedObstacles":[{"type":0,"posx":11,"posy":3,"value":-1}]},{"players":[{"playerId":2349571,"score":500,"energy":15,"posx":14,"posy":5,"lastAction":4,"status":0},{"playerId":2251128,"score":525,"energy":9,"posx":10,"posy":3,"lastAction":0,"status":0},{"playerId":2415753,"score":550,"energy":15,"posx":10,"posy":2,"lastAction":4,"status":0},{"playerId":2233933,"score":475,"energy":29,"posx":10,"posy":3,"lastAction":0,"status":0}],"golds":[{"posx":2,"posy":1,"amount":250},{"posx":6,"posy":1,"amount":150},{"posx":8,"posy":1,"amount":250},{"posx":20,"posy":1,"amount":150},{"posx":10,"posy":2,"amount":400},{"posx":5,"posy":3,"amount":650},{"posx":1,"posy":4,"amount":750},{"posx":4,"posy":4,"amount":400},{"posx":7,"posy":4,"amount":200},{"posx":8,"posy":4,"amount":300},{"posx":9,"posy":4,"amount":250},{"posx":6,"posy":5,"amount":650},{"posx":12,"posy":5,"amount":250},{"posx":19,"posy":5,"amount":600},{"posx":19,"posy":6,"amount":300},{"posx":16,"posy":7,"amount":100}],"changedObstacles":[]},{"players":[{"playerId":2349571,"score":500,"energy":31,"posx":14,"posy":5,"lastAction":4,"status":0},{"playerId":2251128,"score":525,"energy":5,"posx":10,"posy":2,"lastAction":2,"status":0},{"playerId":2415753,"score":600,"energy":10,"posx":10,"posy":2,"lastAction":5,"status":0},{"playerId":2233933,"score":475,"energy":15,"posx":9,"posy":3,"lastAction":0,"status":0}],"golds":[{"posx":2,"posy":1,"amount":250},{"posx":6,"posy":1,"amount":150},{"posx":8,"posy":1,"amount":250},{"posx":20,"posy":1,"amount":150},{"posx":10,"posy":2,"amount":350},{"posx":5,"posy":3,"amount":650},{"posx":1,"posy":4,"amount":750},{"posx":4,"posy":4,"amount":400},{"posx":7,"posy":4,"amount":200},{"posx":8,"posy":4,"amount":300},{"posx":9,"posy":4,"amount":250},{"posx":6,"posy":5,"amount":650},{"posx":12,"posy":5,"amount":250},{"posx":19,"posy":5,"amount":600},{"posx":19,"posy":6,"amount":300},{"posx":16,"posy":7,"amount":100}],"changedObstacles":[]},{"players":[{"playerId":2349571,"score":500,"energy":26,"posx":13,"posy":5,"lastAction":0,"status":0},{"playerId":2251128,"score":525,"energy":17,"posx":10,"posy":2,"lastAction":4,"status":0},{"playerId":2415753,"score":650,"energy":5,"posx":10,"posy":2,"lastAction":5,"status":0},{"playerId":2233933,"score":475,"energy":14,"posx":8,"posy":3,"lastAction":0,"status":0}],"golds":[{"posx":2,"posy":1,"amount":250},{"posx":6,"posy":1,"amount":150},{"posx":8,"posy":1,"amount":250},{"posx":20,"posy":1,"amount":150},{"posx":10,"posy":2,"amount":300},{"posx":5,"posy":3,"amount":650},{"posx":1,"posy":4,"amount":750},{"posx":4,"posy":4,"amount":400},{"posx":7,"posy":4,"amount":200},{"posx":8,"posy":4,"amount":300},{"posx":9,"posy":4,"amount":250},{"posx":6,"posy":5,"amount":650},{"posx":12,"posy":5,"amount":250},{"posx":19,"posy":5,"amount":600},{"posx":19,"posy":6,"amount":300},{"posx":16,"posy":7,"amount":100}],"changedObstacles":[{"type":3,"posx":13,"posy":5,"value":-20}]},{"players":[{"playerId":2349571,"score":500,"energy":22,"posx":12,"posy":5,"lastAction":0,"status":0},{"playerId":2251128,"score":525,"energy":33,"posx":10,"posy":2,"lastAction":4,"status":0},{"playerId":2415753,"score":650,"energy":17,"posx":10,"posy":2,"lastAction":4,"status":0},{"playerId":2233933,"score":475,"energy":9,"posx":7,"posy":3,"lastAction":0,"status":0}],"golds":[{"posx":2,"posy":1,"amount":250},{"posx":6,"posy":1,"amount":150},{"posx":8,"posy":1,"amount":250},{"posx":20,"posy":1,"amount":150},{"posx":10,"posy":2,"amount":300},{"posx":5,"posy":3,"amount":650},{"posx":1,"posy":4,"amount":750},{"posx":4,"posy":4,"amount":400},{"posx":7,"posy":4,"amount":200},{"posx":8,"posy":4,"amount":300},{"posx":9,"posy":4,"amount":250},{"posx":6,"posy":5,"amount":650},{"posx":12,"posy":5,"amount":250},{"posx":19,"posy":5,"amount":600},{"posx":19,"posy":6,"amount":300},{"posx":16,"posy":7,"amount":100}],"changedObstacles":[{"type":3,"posx":7,"posy":3,"value":-20}]},{"players":[{"playerId":2349571,"score":500,"energy":10,"posx":11,"posy":5,"lastAction":0,"status":0},{"playerId":2251128,"score":525,"energy":50,"posx":10,"posy":2,"lastAction":4,"status":0},{"playerId":2415753,"score":700,"energy":12,"posx":10,"posy":2,"lastAction":5,"status":0},{"playerId":2233933,"score":475,"energy":8,"posx":6,"posy":3,"lastAction":0,"status":0}],"golds":[{"posx":2,"posy":1,"amount":250},{"posx":6,"posy":1,"amount":150},{"posx":8,"posy":1,"amount":250},{"posx":20,"posy":1,"amount":150},{"posx":10,"posy":2,"amount":250},{"posx":5,"posy":3,"amount":650},{"posx":1,"posy":4,"amount":750},{"posx":4,"posy":4,"amount":400},{"posx":7,"posy":4,"amount":200},{"posx":8,"posy":4,"amount":300},{"posx":9,"posy":4,"amount":250},{"posx":6,"posy":5,"amount":650},{"posx":12,"posy":5,"amount":250},{"posx":19,"posy":5,"amount":600},{"posx":19,"posy":6,"amount":300},{"posx":16,"posy":7,"amount":100}],"changedObstacles":[]},{"players":[{"playerId":2349571,"score":500,"energy":22,"posx":11,"posy":5,"lastAction":4,"status":0},{"playerId":2251128,"score":575,"energy":45,"posx":10,"posy":2,"lastAction":5,"status":0},{"playerId":2415753,"score":750,"energy":7,"posx":10,"posy":2,"lastAction":5,"status":0},{"playerId":2233933,"score":475,"energy":4,"posx":5,"posy":3,"lastAction":0,"status":0}],"golds":[{"posx":2,"posy":1,"amount":250},{"posx":6,"posy":1,"amount":150},{"posx":8,"posy":1,"amount":250},{"posx":20,"posy":1,"amount":150},{"posx":10,"posy":2,"amount":150},{"posx":5,"posy":3,"amount":650},{"posx":1,"posy":4,"amount":750},{"posx":4,"posy":4,"amount":400},{"posx":7,"posy":4,"amount":200},{"posx":8,"posy":4,"amount":300},{"posx":9,"posy":4,"amount":250},{"posx":6,"posy":5,"amount":650},{"posx":12,"posy":5,"amount":250},{"posx":19,"posy":5,"amount":600},{"posx":19,"posy":6,"amount":300},{"posx":16,"posy":7,"amount":100}],"changedObstacles":[]},{"players":[{"playerId":2349571,"score":500,"energy":17,"posx":10,"posy":5,"lastAction":0,"status":0},{"playerId":2251128,"score":625,"energy":40,"posx":10,"posy":2,"lastAction":5,"status":0},{"playerId":2415753,"score":800,"energy":2,"posx":10,"posy":2,"lastAction":5,"status":0},{"playerId":2233933,"score":475,"energy":16,"posx":5,"posy":3,"lastAction":4,"status":0}],"golds":[{"posx":2,"posy":1,"amount":250},{"posx":6,"posy":1,"amount":150},{"posx":8,"posy":1,"amount":250},{"posx":20,"posy":1,"amount":150},{"posx":10,"posy":2,"amount":50},{"posx":5,"posy":3,"amount":650},{"posx":1,"posy":4,"amount":750},{"posx":4,"posy":4,"amount":400},{"posx":7,"posy":4,"amount":200},{"posx":8,"posy":4,"amount":300},{"posx":9,"posy":4,"amount":250},{"posx":6,"posy":5,"amount":650},{"posx":12,"posy":5,"amount":250},{"posx":19,"posy":5,"amount":600},{"posx":19,"posy":6,"amount":300},{"posx":16,"posy":7,"amount":100}],"changedObstacles":[{"type":3,"posx":10,"posy":5,"value":-20}]},{"players":[{"playerId":2349571,"score":500,"energy":29,"posx":10,"posy":5,"lastAction":4,"status":0},{"playerId":2251128,"score":675,"energy":35,"posx":10,"posy":2,"lastAction":5,"status":0},{"playerId":2415753,"score":800,"energy":14,"posx":10,"posy":2,"lastAction":4,"status":0},{"playerId":2233933,"score":475,"energy":32,"posx":5,"posy":3,"lastAction":4,"status":0}],"golds":[{"posx":2,"posy":1,"amount":250},{"posx":6,"posy":1,"amount":150},{"posx":8,"posy":1,"amount":250},{"posx":20,"posy":1,"amount":150},{"posx":5,"posy":3,"amount":650},{"posx":1,"posy":4,"amount":750},{"posx":4,"posy":4,"amount":400},{"posx":7,"posy":4,"amount":200},{"posx":8,"posy":4,"amount":300},{"posx":9,"posy":4,"amount":250},{"posx":6,"posy":5,"amount":650},{"posx":12,"posy":5,"amount":250},{"posx":19,"posy":5,"amount":600},{"posx":19,"posy":6,"amount":300},{"posx":16,"posy":7,"amount":100}],"changedObstacles":[{"type":0,"posx":10,"posy":2,"value":-1}]},{"players":[{"playerId":2349571,"score":500,"energy":24,"posx":9,"posy":5,"lastAction":0,"status":0},{"playerId":2251128,"score":675,"energy":25,"posx":9,"posy":2,"lastAction":0,"status":0},{"playerId":2415753,"score":800,"energy":13,"posx":10,"posy":3,"lastAction":3,"status":0},{"playerId":2233933,"score":525,"energy":27,"posx":5,"posy":3,"lastAction":5,"status":0}],"golds":[{"posx":2,"posy":1,"amount":250},{"posx":6,"posy":1,"amount":150},{"posx":8,"posy":1,"amount":250},{"posx":20,"posy":1,"amount":150},{"posx":5,"posy":3,"amount":600},{"posx":1,"posy":4,"amount":750},{"posx":4,"posy":4,"amount":400},{"posx":7,"posy":4,"amount":200},{"posx":8,"posy":4,"amount":300},{"posx":9,"posy":4,"amount":250},{"posx":6,"posy":5,"amount":650},{"posx":12,"posy":5,"amount":250},{"posx":19,"posy":5,"amount":600},{"posx":19,"posy":6,"amount":300},{"posx":16,"posy":7,"amount":100}],"changedObstacles":[{"type":0,"posx":9,"posy":2,"value":-1},{"type":3,"posx":9,"posy":5,"value":-20}]},{"players":[{"playerId":2349571,"score":500,"energy":23,"posx":8,"posy":5,"lastAction":0,"status":0},{"playerId":2251128,"score":675,"energy":24,"posx":9,"posy":1,"lastAction":2,"status":0},{"playerId":2415753,"score":800,"energy":12,"posx":11,"posy":3,"lastAction":1,"status":0},{"playerId":2233933,"score":575,"energy":22,"posx":5,"posy":3,"lastAction":5,"status":0}],"golds":[{"posx":2,"posy":1,"amount":250},{"posx":6,"posy":1,"amount":150},{"posx":8,"posy":1,"amount":250},{"posx":20,"posy":1,"amount":150},{"posx":5,"posy":3,"amount":550},{"posx":1,"posy":4,"amount":750},{"posx":4,"posy":4,"amount":400},{"posx":7,"posy":4,"amount":200},{"posx":8,"posy":4,"amount":300},{"posx":9,"posy":4,"amount":250},{"posx":6,"posy":5,"amount":650},{"posx":12,"posy":5,"amount":250},{"posx":19,"posy":5,"amount":600},{"posx":19,"posy":6,"amount":300},{"posx":16,"posy":7,"amount":100}],"changedObstacles":[]},{"players":[{"playerId":2349571,"score":500,"energy":13,"posx":7,"posy":5,"lastAction":0,"status":0},{"playerId":2251128,"score":675,"energy":20,"posx":8,"posy":1,"lastAction":0,"status":0},{"playerId":2415753,"score":800,"energy":11,"posx":12,"posy":3,"lastAction":1,"status":0},{"playerId":2233933,"score":625,"energy":17,"posx":5,"posy":3,"lastAction":5,"status":0}],"golds":[{"posx":2,"posy":1,"amount":250},{"posx":6,"posy":1,"amount":150},{"posx":8,"posy":1,"amount":250},{"posx":20,"posy":1,"amount":150},{"posx":5,"posy":3,"amount":500},{"posx":1,"posy":4,"amount":750},{"posx":4,"posy":4,"amount":400},{"posx":7,"posy":4,"amount":200},{"posx":8,"posy":4,"amount":300},{"posx":9,"posy":4,"amount":250},{"posx":6,"posy":5,"amount":650},{"posx":12,"posy":5,"amount":250},{"posx":19,"posy":5,"amount":600},{"posx":19,"posy":6,"amount":300},{"posx":16,"posy":7,"amount":100}],"changedObstacles":[{"type":0,"posx":7,"posy":5,"value":-1}]},{"players":[{"playerId":2349571,"score":500,"energy":25,"posx":7,"posy":5,"lastAction":4,"status":0},{"playerId":2251128,"score":725,"energy":15,"posx":8,"posy":1,"lastAction":5,"status":0},{"playerId":2415753,"score":800,"energy":10,"posx":12,"posy":4,"lastAction":3,"status":0},{"playerId":2233933,"score":675,"energy":12,"posx":5,"posy":3,"lastAction":5,"status":0}],"golds":[{"posx":2,"posy":1,"amount":250},{"posx":6,"posy":1,"amount":150},{"posx":8,"posy":1,"amount":200},{"posx":20,"posy":1,"amount":150},{"posx":5,"posy":3,"amount":450},{"posx":1,"posy":4,"amount":750},{"posx":4,"posy":4,"amount":400},{"posx":7,"posy":4,"amount":200},{"posx":8,"posy":4,"amount":300},{"posx":9,"posy":4,"amount":250},{"posx":6,"posy":5,"amount":650},{"posx":12,"posy":5,"amount":250},{"posx":19,"posy":5,"amount":600},{"posx":19,"posy":6,"amount":300},{"posx":16,"posy":7,"amount":100}],"changedObstacles":[]},{"players":[{"playerId":2349571,"score":500,"energy":21,"posx":6,"posy":5,"lastAction":0,"status":0},{"playerId":2251128,"score":775,"energy":10,"posx":8,"posy":1,"lastAction":5,"status":0},{"playerId":2415753,"score":800,"energy":22,"posx":12,"posy":4,"lastAction":4,"status":0},{"playerId":2233933,"score":725,"energy":7,"posx":5,"posy":3,"lastAction":5,"status":0}],"golds":[{"posx":2,"posy":1,"amount":250},{"posx":6,"posy":1,"amount":150},{"posx":8,"posy":1,"amount":150},{"posx":20,"posy":1,"amount":150},{"posx":5,"posy":3,"amount":400},{"posx":1,"posy":4,"amount":750},{"posx":4,"posy":4,"amount":400},{"posx":7,"posy":4,"amount":200},{"posx":8,"posy":4,"amount":300},{"posx":9,"posy":4,"amount":250},{"posx":6,"posy":5,"amount":650},{"posx":12,"posy":5,"amount":250},{"posx":19,"posy":5,"amount":600},{"posx":19,"posy":6,"amount":300},{"posx":16,"posy":7,"amount":100}],"changedObstacles":[]},{"players":[{"playerId":2349571,"score":550,"energy":16,"posx":6,"posy":5,"lastAction":5,"status":0},{"playerId":2251128,"score":825,"energy":5,"posx":8,"posy":1,"lastAction":5,"status":0},{"playerId":2415753,"score":800,"energy":21,"posx":12,"posy":3,"lastAction":2,"status":0},{"playerId":2233933,"score":775,"energy":2,"posx":5,"posy":3,"lastAction":5,"status":0}],"golds":[{"posx":2,"posy":1,"amount":250},{"posx":6,"posy":1,"amount":150},{"posx":8,"posy":1,"amount":100},{"posx":20,"posy":1,"amount":150},{"posx":5,"posy":3,"amount":350},{"posx":1,"posy":4,"amount":750},{"posx":4,"posy":4,"amount":400},{"posx":7,"posy":4,"amount":200},{"posx":8,"posy":4,"amount":300},{"posx":9,"posy":4,"amount":250},{"posx":6,"posy":5,"amount":600},{"posx":12,"posy":5,"amount":250},{"posx":19,"posy":5,"amount":600},{"posx":19,"posy":6,"amount":300},{"posx":16,"posy":7,"amount":100}],"changedObstacles":[]},{"players":[{"playerId":2349571,"score":550,"energy":28,"posx":6,"posy":5,"lastAction":4,"status":0},{"playerId":2251128,"score":825,"energy":17,"posx":8,"posy":1,"lastAction":4,"status":0},{"playerId":2415753,"score":800,"energy":20,"posx":11,"posy":3,"lastAction":0,"status":0},{"playerId":2233933,"score":775,"energy":14,"posx":5,"posy":3,"lastAction":4,"status":0}],"golds":[{"posx":2,"posy":1,"amount":250},{"posx":6,"posy":1,"amount":150},{"posx":8,"posy":1,"amount":100},{"posx":20,"posy":1,"amount":150},{"posx":5,"posy":3,"amount":350},{"posx":1,"posy":4,"amount":750},{"posx":4,"posy":4,"amount":400},{"posx":7,"posy":4,"amount":200},{"posx":8,"posy":4,"amount":300},{"posx":9,"posy":4,"amount":250},{"posx":6,"posy":5,"amount":600},{"posx":12,"posy":5,"amount":250},{"posx":19,"posy":5,"amount":600},{"posx":19,"posy":6,"amount":300},{"posx":16,"posy":7,"amount":100}],"changedObstacles":[]},{"players":[{"playerId":2349571,"score":600,"energy":23,"posx":6,"posy":5,"lastAction":5,"status":0},{"playerId":2251128,"score":825,"energy":33,"posx":8,"posy":1,"lastAction":4,"status":0},{"playerId":2415753,"score":800,"energy":19,"posx":10,"posy":3,"lastAction":0,"status":0},{"playerId":2233933,"score":775,"energy":30,"posx":5,"posy":3,"lastAction":4,"status":0}],"golds":[{"posx":2,"posy":1,"amount":250},{"posx":6,"posy":1,"amount":150},{"posx":8,"posy":1,"amount":100},{"posx":20,"posy":1,"amount":150},{"posx":5,"posy":3,"amount":350},{"posx":1,"posy":4,"amount":750},{"posx":4,"posy":4,"amount":400},{"posx":7,"posy":4,"amount":200},{"posx":8,"posy":4,"amount":300},{"posx":9,"posy":4,"amount":250},{"posx":6,"posy":5,"amount":550},{"posx":12,"posy":5,"amount":250},{"posx":19,"posy":5,"amount":600},{"posx":19,"posy":6,"amount":300},{"posx":16,"posy":7,"amount":100}],"changedObstacles":[]},{"players":[{"playerId":2349571,"score":650,"energy":18,"posx":6,"posy":5,"lastAction":5,"status":0},{"playerId":2251128,"score":825,"energy":50,"posx":8,"posy":1,"lastAction":4,"status":0},{"playerId":2415753,"score":800,"energy":9,"posx":10,"posy":4,"lastAction":3,"status":0},{"playerId":2233933,"score":825,"energy":25,"posx":5,"posy":3,"lastAction":5,"status":0}],"golds":[{"posx":2,"posy":1,"amount":250},{"posx":6,"posy":1,"amount":150},{"posx":8,"posy":1,"amount":100},{"posx":20,"posy":1,"amount":150},{"posx":5,"posy":3,"amount":300},{"posx":1,"posy":4,"amount":750},{"posx":4,"posy":4,"amount":400},{"posx":7,"posy":4,"amount":200},{"posx":8,"posy":4,"amount":300},{"posx":9,"posy":4,"amount":250},{"posx":6,"posy":5,"amount":500},{"posx":12,"posy":5,"amount":250},{"posx":19,"posy":5,"amount":600},{"posx":19,"posy":6,"amount":300},{"posx":16,"posy":7,"amount":100}],"changedObstacles":[{"type":0,"posx":10,"posy":4,"value":-1}]},{"players":[{"playerId":2349571,"score":650,"energy":30,"posx":6,"posy":5,"lastAction":4,"status":0},{"playerId":2251128,"score":875,"energy":45,"posx":8,"posy":1,"lastAction":5,"status":0},{"playerId":2415753,"score":800,"energy":5,"posx":9,"posy":4,"lastAction":0,"status":0},{"playerId":2233933,"score":875,"energy":20,"posx":5,"posy":3,"lastAction":5,"status":0}],"golds":[{"posx":2,"posy":1,"amount":250},{"posx":6,"posy":1,"amount":150},{"posx":8,"posy":1,"amount":50},{"posx":20,"posy":1,"amount":150},{"posx":5,"posy":3,"amount":250},{"posx":1,"posy":4,"amount":750},{"posx":4,"posy":4,"amount":400},{"posx":7,"posy":4,"amount":200},{"posx":8,"posy":4,"amount":300},{"posx":9,"posy":4,"amount":250},{"posx":6,"posy":5,"amount":500},{"posx":12,"posy":5,"amount":250},{"posx":19,"posy":5,"amount":600},{"posx":19,"posy":6,"amount":300},{"posx":16,"posy":7,"amount":100}],"changedObstacles":[]},{"players":[{"playerId":2349571,"score":700,"energy":25,"posx":6,"posy":5,"lastAction":5,"status":0},{"playerId":2251128,"score":925,"energy":40,"posx":8,"posy":1,"lastAction":5,"status":0},{"playerId":2415753,"score":800,"energy":17,"posx":9,"posy":4,"lastAction":4,"status":0},{"playerId":2233933,"score":925,"energy":15,"posx":5,"posy":3,"lastAction":5,"status":0}],"golds":[{"posx":2,"posy":1,"amount":250},{"posx":6,"posy":1,"amount":150},{"posx":20,"posy":1,"amount":150},{"posx":5,"posy":3,"amount":200},{"posx":1,"posy":4,"amount":750},{"posx":4,"posy":4,"amount":400},{"posx":7,"posy":4,"amount":200},{"posx":8,"posy":4,"amount":300},{"posx":9,"posy":4,"amount":250},{"posx":6,"posy":5,"amount":450},{"posx":12,"posy":5,"amount":250},{"posx":19,"posy":5,"amount":600},{"posx":19,"posy":6,"amount":300},{"posx":16,"posy":7,"amount":100}],"changedObstacles":[{"type":0,"posx":8,"posy":1,"value":-1}]},{"players":[{"playerId":2349571,"score":750,"energy":20,"posx":6,"posy":5,"lastAction":5,"status":0},{"playerId":2251128,"score":925,"energy":39,"posx":7,"posy":1,"lastAction":0,"status":0},{"playerId":2415753,"score":850,"energy":12,"posx":9,"posy":4,"lastAction":5,"status":0},{"playerId":2233933,"score":975,"energy":10,"posx":5,"posy":3,"lastAction":5,"status":0}],"golds":[{"posx":2,"posy":1,"amount":250},{"posx":6,"posy":1,"amount":150},{"posx":20,"posy":1,"amount":150},{"posx":5,"posy":3,"amount":150},{"posx":1,"posy":4,"amount":750},{"posx":4,"posy":4,"amount":400},{"posx":7,"posy":4,"amount":200},{"posx":8,"posy":4,"amount":300},{"posx":9,"posy":4,"amount":200},{"posx":6,"posy":5,"amount":400},{"posx":12,"posy":5,"amount":250},{"posx":19,"posy":5,"amount":600},{"posx":19,"posy":6,"amount":300},{"posx":16,"posy":7,"amount":100}],"changedObstacles":[]},{"players":[{"playerId":2349571,"score":800,"energy":15,"posx":6,"posy":5,"lastAction":5,"status":0},{"playerId":2251128,"score":925,"energy":35,"posx":6,"posy":1,"lastAction":0,"status":0},{"playerId":2415753,"score":900,"energy":7,"posx":9,"posy":4,"lastAction":5,"status":0},{"playerId":2233933,"score":1025,"energy":5,"posx":5,"posy":3,"lastAction":5,"status":0}],"golds":[{"posx":2,"posy":1,"amount":250},{"posx":6,"posy":1,"amount":150},{"posx":20,"posy":1,"amount":150},{"posx":5,"posy":3,"amount":100},{"posx":1,"posy":4,"amount":750},{"posx":4,"posy":4,"amount":400},{"posx":7,"posy":4,"amount":200},{"posx":8,"posy":4,"amount":300},{"posx":9,"posy":4,"amount":150},{"posx":6,"posy":5,"amount":350},{"posx":12,"posy":5,"amount":250},{"posx":19,"posy":5,"amount":600},{"posx":19,"posy":6,"amount":300},{"posx":16,"posy":7,"amount":100}],"changedObstacles":[]},{"players":[{"playerId":2349571,"score":800,"energy":27,"posx":6,"posy":5,"lastAction":4,"status":0},{"playerId":2251128,"score":975,"energy":30,"posx":6,"posy":1,"lastAction":5,"status":0},{"playerId":2415753,"score":950,"energy":2,"posx":9,"posy":4,"lastAction":5,"status":0},{"playerId":2233933,"score":1025,"energy":17,"posx":5,"posy":3,"lastAction":4,"status":0}],"golds":[{"posx":2,"posy":1,"amount":250},{"posx":6,"posy":1,"amount":100},{"posx":20,"posy":1,"amount":150},{"posx":5,"posy":3,"amount":100},{"posx":1,"posy":4,"amount":750},{"posx":4,"posy":4,"amount":400},{"posx":7,"posy":4,"amount":200},{"posx":8,"posy":4,"amount":300},{"posx":9,"posy":4,"amount":100},{"posx":6,"posy":5,"amount":350},{"posx":12,"posy":5,"amount":250},{"posx":19,"posy":5,"amount":600},{"posx":19,"posy":6,"amount":300},{"posx":16,"posy":7,"amount":100}],"changedObstacles":[]},{"players":[{"playerId":2349571,"score":850,"energy":22,"posx":6,"posy":5,"lastAction":5,"status":0},{"playerId":2251128,"score":1025,"energy":25,"posx":6,"posy":1,"lastAction":5,"status":0},{"playerId":2415753,"score":950,"energy":14,"posx":9,"posy":4,"lastAction":4,"status":0},{"playerId":2233933,"score":1075,"energy":12,"posx":5,"posy":3,"lastAction":5,"status":0}],"golds":[{"posx":2,"posy":1,"amount":250},{"posx":6,"posy":1,"amount":50},{"posx":20,"posy":1,"amount":150},{"posx":5,"posy":3,"amount":50},{"posx":1,"posy":4,"amount":750},{"posx":4,"posy":4,"amount":400},{"posx":7,"posy":4,"amount":200},{"posx":8,"posy":4,"amount":300},{"posx":9,"posy":4,"amount":100},{"posx":6,"posy":5,"amount":300},{"posx":12,"posy":5,"amount":250},{"posx":19,"posy":5,"amount":600},{"posx":19,"posy":6,"amount":300},{"posx":16,"posy":7,"amount":100}],"changedObstacles":[]},{"players":[{"playerId":2349571,"score":900,"energy":17,"posx":6,"posy":5,"lastAction":5,"status":0},{"playerId":2251128,"score":1075,"energy":20,"posx":6,"posy":1,"lastAction":5,"status":0},{"playerId":2415753,"score":1000,"energy":9,"posx":9,"posy":4,"lastAction":5,"status":0},{"playerId":2233933,"score":1125,"energy":7,"posx":5,"posy":3,"lastAction":5,"status":0}],"golds":[{"posx":2,"posy":1,"amount":250},{"posx":20,"posy":1,"amount":150},{"posx":1,"posy":4,"amount":750},{"posx":4,"posy":4,"amount":400},{"posx":7,"posy":4,"amount":200},{"posx":8,"posy":4,"amount":300},{"posx":9,"posy":4,"amount":50},{"posx":6,"posy":5,"amount":250},{"posx":12,"posy":5,"amount":250},{"posx":19,"posy":5,"amount":600},{"posx":19,"posy":6,"amount":300},{"posx":16,"posy":7,"amount":100}],"changedObstacles":[{"type":0,"posx":6,"posy":1,"value":-1},{"type":0,"posx":5,"posy":3,"value":-1}]},{"players":[{"playerId":2349571,"score":900,"energy":29,"posx":6,"posy":5,"lastAction":4,"status":0},{"playerId":2251128,"score":1075,"energy":19,"posx":6,"posy":2,"lastAction":3,"status":0},{"playerId":2415753,"score":1050,"energy":4,"posx":9,"posy":4,"lastAction":5,"status":0},{"playerId":2233933,"score":1125,"energy":2,"posx":5,"posy":4,"lastAction":3,"status":0}],"golds":[{"posx":2,"posy":1,"amount":250},{"posx":20,"posy":1,"amount":150},{"posx":1,"posy":4,"amount":750},{"posx":4,"posy":4,"amount":400},{"posx":7,"posy":4,"amount":200},{"posx":8,"posy":4,"amount":300},{"posx":6,"posy":5,"amount":250},{"posx":12,"posy":5,"amount":250},{"posx":19,"posy":5,"amount":600},{"posx":19,"posy":6,"amount":300},{"posx":16,"posy":7,"amount":100}],"changedObstacles":[{"type":3,"posx":5,"posy":4,"value":-20},{"type":0,"posx":9,"posy":4,"value":-1}]},{"players":[{"playerId":2349571,"score":950,"energy":24,"posx":6,"posy":5,"lastAction":5,"status":0},{"playerId":2251128,"score":1075,"energy":18,"posx":5,"posy":2,"lastAction":0,"status":0},{"playerId":2415753,"score":1050,"energy":16,"posx":9,"posy":4,"lastAction":4,"status":0},{"playerId":2233933,"score":1125,"energy":14,"posx":5,"posy":4,"lastAction":4,"status":0}],"golds":[{"posx":2,"posy":1,"amount":250},{"posx":20,"posy":1,"amount":150},{"posx":1,"posy":4,"amount":750},{"posx":4,"posy":4,"amount":400},{"posx":7,"posy":4,"amount":200},{"posx":8,"posy":4,"amount":300},{"posx":6,"posy":5,"amount":200},{"posx":12,"posy":5,"amount":250},{"posx":19,"posy":5,"amount":600},{"posx":19,"posy":6,"amount":300},{"posx":16,"posy":7,"amount":100}],"changedObstacles":[]},{"players":[{"playerId":2349571,"score":1000,"energy":19,"posx":6,"posy":5,"lastAction":5,"status":0},{"playerId":2251128,"score":1075,"energy":17,"posx":5,"posy":3,"lastAction":3,"status":0},{"playerId":2415753,"score":1050,"energy":12,"posx":8,"posy":4,"lastAction":0,"status":0},{"playerId":2233933,"score":1125,"energy":10,"posx":4,"posy":4,"lastAction":0,"status":0}],"golds":[{"posx":2,"posy":1,"amount":250},{"posx":20,"posy":1,"amount":150},{"posx":1,"posy":4,"amount":750},{"posx":4,"posy":4,"amount":400},{"posx":7,"posy":4,"amount":200},{"posx":8,"posy":4,"amount":300},{"posx":6,"posy":5,"amount":150},{"posx":12,"posy":5,"amount":250},{"posx":19,"posy":5,"amount":600},{"posx":19,"posy":6,"amount":300},{"posx":16,"posy":7,"amount":100}],"changedObstacles":[]},{"players":[{"playerId":2349571,"score":1000,"energy":31,"posx":6,"posy":5,"lastAction":4,"status":0},{"playerId":2251128,"score":1075,"energy":29,"posx":5,"posy":3,"lastAction":4,"status":0},{"playerId":2415753,"score":1100,"energy":7,"posx":8,"posy":4,"lastAction":5,"status":0},{"playerId":2233933,"score":1175,"energy":5,"posx":4,"posy":4,"lastAction":5,"status":0}],"golds":[{"posx":2,"posy":1,"amount":250},{"posx":20,"posy":1,"amount":150},{"posx":1,"posy":4,"amount":750},{"posx":4,"posy":4,"amount":350},{"posx":7,"posy":4,"amount":200},{"posx":8,"posy":4,"amount":250},{"posx":6,"posy":5,"amount":150},{"posx":12,"posy":5,"amount":250},{"posx":19,"posy":5,"amount":600},{"posx":19,"posy":6,"amount":300},{"posx":16,"posy":7,"amount":100}],"changedObstacles":[]},{"players":[{"playerId":2349571,"score":1050,"energy":26,"posx":6,"posy":5,"lastAction":5,"status":0},{"playerId":2251128,"score":1075,"energy":45,"posx":5,"posy":3,"lastAction":4,"status":0},{"playerId":2415753,"score":1150,"energy":2,"posx":8,"posy":4,"lastAction":5,"status":0},{"playerId":2233933,"score":1175,"energy":17,"posx":4,"posy":4,"lastAction":4,"status":0}],"golds":[{"posx":2,"posy":1,"amount":250},{"posx":20,"posy":1,"amount":150},{"posx":1,"posy":4,"amount":750},{"posx":4,"posy":4,"amount":350},{"posx":7,"posy":4,"amount":200},{"posx":8,"posy":4,"amount":200},{"posx":6,"posy":5,"amount":100},{"posx":12,"posy":5,"amount":250},{"posx":19,"posy":5,"amount":600},{"posx":19,"posy":6,"amount":300},{"posx":16,"posy":7,"amount":100}],"changedObstacles":[]},{"players":[{"playerId":2349571,"score":1100,"energy":21,"posx":6,"posy":5,"lastAction":5,"status":0},{"playerId":2251128,"score":1075,"energy":25,"posx":5,"posy":4,"lastAction":3,"status":0},{"playerId":2415753,"score":1150,"energy":14,"posx":8,"posy":4,"lastAction":4,"status":0},{"playerId":2233933,"score":1175,"energy":33,"posx":4,"posy":4,"lastAction":4,"status":0}],"golds":[{"posx":2,"posy":1,"amount":250},{"posx":20,"posy":1,"amount":150},{"posx":1,"posy":4,"amount":750},{"posx":4,"posy":4,"amount":350},{"posx":7,"posy":4,"amount":200},{"posx":8,"posy":4,"amount":200},{"posx":6,"posy":5,"amount":50},{"posx":12,"posy":5,"amount":250},{"posx":19,"posy":5,"amount":600},{"posx":19,"posy":6,"amount":300},{"posx":16,"posy":7,"amount":100}],"changedObstacles":[{"type":3,"posx":5,"posy":4,"value":-40}]},{"players":[{"playerId":2349571,"score":1150,"energy":16,"posx":6,"posy":5,"lastAction":5,"status":0},{"playerId":2251128,"score":1075,"energy":15,"posx":5,"posy":5,"lastAction":3,"status":0},{"playerId":2415753,"score":1200,"energy":9,"posx":8,"posy":4,"lastAction":5,"status":0},{"playerId":2233933,"score":1225,"energy":28,"posx":4,"posy":4,"lastAction":5,"status":0}],"golds":[{"posx":2,"posy":1,"amount":250},{"posx":20,"posy":1,"amount":150},{"posx":1,"posy":4,"amount":750},{"posx":4,"posy":4,"amount":300},{"posx":7,"posy":4,"amount":200},{"posx":8,"posy":4,"amount":150},{"posx":12,"posy":5,"amount":250},{"posx":19,"posy":5,"amount":600},{"posx":19,"posy":6,"amount":300},{"posx":16,"posy":7,"amount":100}],"changedObstacles":[{"type":0,"posx":5,"posy":5,"value":-1},{"type":0,"posx":6,"posy":5,"value":-1}]},{"players":[{"playerId":2349571,"score":1150,"energy":28,"posx":6,"posy":5,"lastAction":4,"status":0},{"playerId":2251128,"score":1075,"energy":14,"posx":6,"posy":5,"lastAction":1,"status":0},{"playerId":2415753,"score":1250,"energy":4,"posx":8,"posy":4,"lastAction":5,"status":0},{"playerId":2233933,"score":1275,"energy":23,"posx":4,"posy":4,"lastAction":5,"status":0}],"golds":[{"posx":2,"posy":1,"amount":250},{"posx":20,"posy":1,"amount":150},{"posx":1,"posy":4,"amount":750},{"posx":4,"posy":4,"amount":250},{"posx":7,"posy":4,"amount":200},{"posx":8,"posy":4,"amount":100},{"posx":12,"posy":5,"amount":250},{"posx":19,"posy":5,"amount":600},{"posx":19,"posy":6,"amount":300},{"posx":16,"posy":7,"amount":100}],"changedObstacles":[]},{"players":[{"playerId":2349571,"score":1150,"energy":11,"posx":6,"posy":6,"lastAction":3,"status":0},{"playerId":2251128,"score":1075,"energy":13,"posx":7,"posy":5,"lastAction":1,"status":0},{"playerId":2415753,"score":1250,"energy":16,"posx":8,"posy":4,"lastAction":4,"status":0},{"playerId":2233933,"score":1325,"energy":18,"posx":4,"posy":4,"lastAction":5,"status":0}],"golds":[{"posx":2,"posy":1,"amount":250},{"posx":20,"posy":1,"amount":150},{"posx":1,"posy":4,"amount":750},{"posx":4,"posy":4,"amount":200},{"posx":7,"posy":4,"amount":200},{"posx":8,"posy":4,"amount":100},{"posx":12,"posy":5,"amount":250},{"posx":19,"posy":5,"amount":600},{"posx":19,"posy":6,"amount":300},{"posx":16,"posy":7,"amount":100}],"changedObstacles":[]},{"players":[{"playerId":2349571,"score":1150,"energy":23,"posx":6,"posy":6,"lastAction":4,"status":0},{"playerId":2251128,"score":1075,"energy":12,"posx":8,"posy":5,"lastAction":1,"status":0},{"playerId":2415753,"score":1300,"energy":11,"posx":8,"posy":4,"lastAction":5,"status":0},{"playerId":2233933,"score":1375,"energy":13,"posx":4,"posy":4,"lastAction":5,"status":0}],"golds":[{"posx":2,"posy":1,"amount":250},{"posx":20,"posy":1,"amount":150},{"posx":1,"posy":4,"amount":750},{"posx":4,"posy":4,"amount":150},{"posx":7,"posy":4,"amount":200},{"posx":8,"posy":4,"amount":50},{"posx":12,"posy":5,"amount":250},{"posx":19,"posy":5,"amount":600},{"posx":19,"posy":6,"amount":300},{"posx":16,"posy":7,"amount":100}],"changedObstacles":[]},{"players":[{"playerId":2349571,"score":1150,"energy":22,"posx":6,"posy":7,"lastAction":3,"status":0},{"playerId":2251128,"score":1075,"energy":11,"posx":8,"posy":6,"lastAction":3,"status":0},{"playerId":2415753,"score":1350,"energy":6,"posx":8,"posy":4,"lastAction":5,"status":0},{"playerId":2233933,"score":1425,"energy":8,"posx":4,"posy":4,"lastAction":5,"status":0}],"golds":[{"posx":2,"posy":1,"amount":250},{"posx":20,"posy":1,"amount":150},{"posx":1,"posy":4,"amount":750},{"posx":4,"posy":4,"amount":100},{"posx":7,"posy":4,"amount":200},{"posx":12,"posy":5,"amount":250},{"posx":19,"posy":5,"amount":600},{"posx":19,"posy":6,"amount":300},{"posx":16,"posy":7,"amount":100}],"changedObstacles":[{"type":0,"posx":8,"posy":4,"value":-1}]},{"players":[{"playerId":2349571,"score":1150,"energy":4,"posx":7,"posy":7,"lastAction":1,"status":0},{"playerId":2251128,"score":1075,"energy":10,"posx":9,"posy":6,"lastAction":1,"status":0},{"playerId":2415753,"score":1350,"energy":5,"posx":9,"posy":4,"lastAction":1,"status":0},{"playerId":2233933,"score":1475,"energy":3,"posx":4,"posy":4,"lastAction":5,"status":0}],"golds":[{"posx":2,"posy":1,"amount":250},{"posx":20,"posy":1,"amount":150},{"posx":1,"posy":4,"amount":750},{"posx":4,"posy":4,"amount":50},{"posx":7,"posy":4,"amount":200},{"posx":12,"posy":5,"amount":250},{"posx":19,"posy":5,"amount":600},{"posx":19,"posy":6,"amount":300},{"posx":16,"posy":7,"amount":100}],"changedObstacles":[]},{"players":[{"playerId":2349571,"score":1150,"energy":16,"posx":7,"posy":7,"lastAction":4,"status":0},{"playerId":2251128,"score":1075,"energy":9,"posx":10,"posy":6,"lastAction":1,"status":0},{"playerId":2415753,"score":1350,"energy":4,"posx":10,"posy":4,"lastAction":1,"status":0},{"playerId":2233933,"score":1475,"energy":15,"posx":4,"posy":4,"lastAction":4,"status":0}],"golds":[{"posx":2,"posy":1,"amount":250},{"posx":20,"posy":1,"amount":150},{"posx":1,"posy":4,"amount":750},{"posx":4,"posy":4,"amount":50},{"posx":7,"posy":4,"amount":200},{"posx":12,"posy":5,"amount":250},{"posx":19,"posy":5,"amount":600},{"posx":19,"posy":6,"amount":300},{"posx":16,"posy":7,"amount":100}],"changedObstacles":[]},{"players":[{"playerId":2349571,"score":1150,"energy":32,"posx":7,"posy":7,"lastAction":4,"status":0},{"playerId":2251128,"score":1075,"energy":4,"posx":10,"posy":7,"lastAction":3,"status":0},{"playerId":2415753,"score":1350,"energy":16,"posx":10,"posy":4,"lastAction":4,"status":0},{"playerId":2233933,"score":1525,"energy":10,"posx":4,"posy":4,"lastAction":5,"status":0}],"golds":[{"posx":2,"posy":1,"amount":250},{"posx":20,"posy":1,"amount":150},{"posx":1,"posy":4,"amount":750},{"posx":7,"posy":4,"amount":200},{"posx":12,"posy":5,"amount":250},{"posx":19,"posy":5,"amount":600},{"posx":19,"posy":6,"amount":300},{"posx":16,"posy":7,"amount":100}],"changedObstacles":[{"type":3,"posx":10,"posy":7,"value":-20},{"type":0,"posx":4,"posy":4,"value":-1}]},{"players":[{"playerId":2349571,"score":1150,"energy":31,"posx":8,"posy":7,"lastAction":1,"status":0},{"playerId":2251128,"score":1075,"energy":16,"posx":10,"posy":7,"lastAction":4,"status":0},{"playerId":2415753,"score":1350,"energy":32,"posx":10,"posy":4,"lastAction":4,"status":0},{"playerId":2233933,"score":1525,"energy":22,"posx":4,"posy":4,"lastAction":4,"status":0}],"golds":[{"posx":2,"posy":1,"amount":250},{"posx":20,"posy":1,"amount":150},{"posx":1,"posy":4,"amount":750},{"posx":7,"posy":4,"amount":200},{"posx":12,"posy":5,"amount":250},{"posx":19,"posy":5,"amount":600},{"posx":19,"posy":6,"amount":300},{"posx":16,"posy":7,"amount":100}],"changedObstacles":[]},{"players":[{"playerId":2349571,"score":1150,"energy":26,"posx":9,"posy":7,"lastAction":1,"status":0},{"playerId":2251128,"score":1075,"energy":32,"posx":10,"posy":7,"lastAction":4,"status":0},{"playerId":2415753,"score":1350,"energy":20,"posx":11,"posy":4,"lastAction":1,"status":0},{"playerId":2233933,"score":1525,"energy":38,"posx":4,"posy":4,"lastAction":4,"status":0}],"golds":[{"posx":2,"posy":1,"amount":250},{"posx":20,"posy":1,"amount":150},{"posx":1,"posy":4,"amount":750},{"posx":7,"posy":4,"amount":200},{"posx":12,"posy":5,"amount":250},{"posx":19,"posy":5,"amount":600},{"posx":19,"posy":6,"amount":300},{"posx":16,"posy":7,"amount":100}],"changedObstacles":[{"type":3,"posx":9,"posy":7,"value":-20}]},{"players":[{"playerId":2349571,"score":1150,"energy":6,"posx":10,"posy":7,"lastAction":1,"status":0},{"playerId":2251128,"score":1075,"energy":50,"posx":10,"posy":7,"lastAction":4,"status":0},{"playerId":2415753,"score":1350,"energy":19,"posx":12,"posy":4,"lastAction":1,"status":0},{"playerId":2233933,"score":1525,"energy":50,"posx":4,"posy":4,"lastAction":4,"status":0}],"golds":[{"posx":2,"posy":1,"amount":250},{"posx":20,"posy":1,"amount":150},{"posx":1,"posy":4,"amount":750},{"posx":7,"posy":4,"amount":200},{"posx":12,"posy":5,"amount":250},{"posx":19,"posy":5,"amount":600},{"posx":19,"posy":6,"amount":300},{"posx":16,"posy":7,"amount":100}],"changedObstacles":[{"type":3,"posx":10,"posy":7,"value":-40}]},{"players":[{"playerId":2349571,"score":1150,"energy":18,"posx":10,"posy":7,"lastAction":4,"status":0},{"playerId":2251128,"score":1075,"energy":40,"posx":11,"posy":7,"lastAction":1,"status":0},{"playerId":2415753,"score":1350,"energy":9,"posx":13,"posy":4,"lastAction":1,"status":0},{"playerId":2233933,"score":1525,"energy":10,"posx":5,"posy":4,"lastAction":1,"status":0}],"golds":[{"posx":2,"posy":1,"amount":250},{"posx":20,"posy":1,"amount":150},{"posx":1,"posy":4,"amount":750},{"posx":7,"posy":4,"amount":200},{"posx":12,"posy":5,"amount":250},{"posx":19,"posy":5,"amount":600},{"posx":19,"posy":6,"amount":300},{"posx":16,"posy":7,"amount":100}],"changedObstacles":[{"type":0,"posx":11,"posy":7,"value":-1},{"type":0,"posx":13,"posy":4,"value":-1},{"type":3,"posx":5,"posy":4,"value":-100}]},{"players":[{"playerId":2349571,"score":1150,"energy":34,"posx":10,"posy":7,"lastAction":4,"status":0},{"playerId":2251128,"score":1075,"energy":39,"posx":12,"posy":7,"lastAction":1,"status":0},{"playerId":2415753,"score":1350,"energy":8,"posx":14,"posy":4,"lastAction":1,"status":0},{"playerId":2233933,"score":1525,"energy":9,"posx":5,"posy":3,"lastAction":2,"status":0}],"golds":[{"posx":2,"posy":1,"amount":250},{"posx":20,"posy":1,"amount":150},{"posx":1,"posy":4,"amount":750},{"posx":7,"posy":4,"amount":200},{"posx":12,"posy":5,"amount":250},{"posx":19,"posy":5,"amount":600},{"posx":19,"posy":6,"amount":300},{"posx":16,"posy":7,"amount":100}],"changedObstacles":[]},{"players":[{"playerId":2349571,"score":1150,"energy":33,"posx":11,"posy":7,"lastAction":1,"status":0},{"playerId":2251128,"score":1075,"energy":34,"posx":13,"posy":7,"lastAction":1,"status":0},{"playerId":2415753,"score":1350,"energy":20,"posx":14,"posy":4,"lastAction":4,"status":0},{"playerId":2233933,"score":1525,"energy":8,"posx":6,"posy":3,"lastAction":1,"status":0}],"golds":[{"posx":2,"posy":1,"amount":250},{"posx":20,"posy":1,"amount":150},{"posx":1,"posy":4,"amount":750},{"posx":7,"posy":4,"amount":200},{"posx":12,"posy":5,"amount":250},{"posx":19,"posy":5,"amount":600},{"posx":19,"posy":6,"amount":300},{"posx":16,"posy":7,"amount":100}],"changedObstacles":[{"type":3,"posx":13,"posy":7,"value":-20}]},{"players":[{"playerId":2349571,"score":1150,"energy":32,"posx":12,"posy":7,"lastAction":1,"status":0},{"playerId":2251128,"score":1075,"energy":29,"posx":13,"posy":6,"lastAction":2,"status":0},{"playerId":2415753,"score":1350,"energy":36,"posx":14,"posy":4,"lastAction":4,"status":0},{"playerId":2233933,"score":1525,"energy":20,"posx":6,"posy":3,"lastAction":4,"status":0}],"golds":[{"posx":2,"posy":1,"amount":250},{"posx":20,"posy":1,"amount":150},{"posx":1,"posy":4,"amount":750},{"posx":7,"posy":4,"amount":200},{"posx":12,"posy":5,"amount":250},{"posx":19,"posy":5,"amount":600},{"posx":19,"posy":6,"amount":300},{"posx":16,"posy":7,"amount":100}],"changedObstacles":[{"type":3,"posx":13,"posy":6,"value":-20}]},{"players":[{"playerId":2349571,"score":1150,"energy":12,"posx":13,"posy":7,"lastAction":1,"status":0},{"playerId":2251128,"score":1075,"energy":28,"posx":14,"posy":6,"lastAction":1,"status":0},{"playerId":2415753,"score":1350,"energy":25,"posx":15,"posy":4,"lastAction":1,"status":0},{"playerId":2233933,"score":1525,"energy":36,"posx":6,"posy":3,"lastAction":4,"status":0}],"golds":[{"posx":2,"posy":1,"amount":250},{"posx":20,"posy":1,"amount":150},{"posx":1,"posy":4,"amount":750},{"posx":7,"posy":4,"amount":200},{"posx":12,"posy":5,"amount":250},{"posx":19,"posy":5,"amount":600},{"posx":19,"posy":6,"amount":300},{"posx":16,"posy":7,"amount":100}],"changedObstacles":[{"type":3,"posx":13,"posy":7,"value":-40}]},{"players":[{"playerId":2349571,"score":1150,"energy":24,"posx":13,"posy":7,"lastAction":4,"status":0},{"playerId":2251128,"score":1075,"energy":27,"posx":15,"posy":6,"lastAction":1,"status":0},{"playerId":2415753,"score":1350,"energy":24,"posx":16,"posy":4,"lastAction":1,"status":0},{"playerId":2233933,"score":1525,"energy":19,"posx":6,"posy":4,"lastAction":3,"status":0}],"golds":[{"posx":2,"posy":1,"amount":250},{"posx":20,"posy":1,"amount":150},{"posx":1,"posy":4,"amount":750},{"posx":7,"posy":4,"amount":200},{"posx":12,"posy":5,"amount":250},{"posx":19,"posy":5,"amount":600},{"posx":19,"posy":6,"amount":300},{"posx":16,"posy":7,"amount":100}],"changedObstacles":[]},{"players":[{"playerId":2349571,"score":1150,"energy":23,"posx":14,"posy":7,"lastAction":1,"status":0},{"playerId":2251128,"score":1075,"energy":26,"posx":15,"posy":5,"lastAction":2,"status":0},{"playerId":2415753,"score":1350,"energy":23,"posx":17,"posy":4,"lastAction":1,"status":0},{"playerId":2233933,"score":1525,"energy":15,"posx":7,"posy":4,"lastAction":1,"status":0}],"golds":[{"posx":2,"posy":1,"amount":250},{"posx":20,"posy":1,"amount":150},{"posx":1,"posy":4,"amount":750},{"posx":7,"posy":4,"amount":200},{"posx":12,"posy":5,"amount":250},{"posx":19,"posy":5,"amount":600},{"posx":19,"posy":6,"amount":300},{"posx":16,"posy":7,"amount":100}],"changedObstacles":[]},{"players":[{"playerId":2349571,"score":1150,"energy":18,"posx":15,"posy":7,"lastAction":1,"status":0},{"playerId":2251128,"score":1075,"energy":21,"posx":16,"posy":5,"lastAction":1,"status":0},{"playerId":2415753,"score":1350,"energy":18,"posx":18,"posy":4,"lastAction":1,"status":0},{"playerId":2233933,"score":1575,"energy":10,"posx":7,"posy":4,"lastAction":5,"status":0}],"golds":[{"posx":2,"posy":1,"amount":250},{"posx":20,"posy":1,"amount":150},{"posx":1,"posy":4,"amount":750},{"posx":7,"posy":4,"amount":150},{"posx":12,"posy":5,"amount":250},{"posx":19,"posy":5,"amount":600},{"posx":19,"posy":6,"amount":300},{"posx":16,"posy":7,"amount":100}],"changedObstacles":[{"type":3,"posx":16,"posy":5,"value":-20},{"type":3,"posx":18,"posy":4,"value":-20},{"type":3,"posx":15,"posy":7,"value":-20}]},{"players":[{"playerId":2349571,"score":1150,"energy":30,"posx":15,"posy":7,"lastAction":4,"status":0},{"playerId":2251128,"score":1075,"energy":2,"posx":17,"posy":5,"lastAction":1,"status":0},{"playerId":2415753,"score":1350,"energy":17,"posx":18,"posy":5,"lastAction":3,"status":0},{"playerId":2233933,"score":1625,"energy":5,"posx":7,"posy":4,"lastAction":5,"status":0}],"golds":[{"posx":2,"posy":1,"amount":250},{"posx":20,"posy":1,"amount":150},{"posx":1,"posy":4,"amount":750},{"posx":7,"posy":4,"amount":100},{"posx":12,"posy":5,"amount":250},{"posx":19,"posy":5,"amount":600},{"posx":19,"posy":6,"amount":300},{"posx":16,"posy":7,"amount":100}],"changedObstacles":[]},{"players":[{"playerId":2349571,"score":1150,"energy":26,"posx":16,"posy":7,"lastAction":1,"status":0},{"playerId":2251128,"score":1075,"energy":1,"posx":18,"posy":5,"lastAction":1,"status":0},{"playerId":2415753,"score":1350,"energy":13,"posx":19,"posy":5,"lastAction":1,"status":0},{"playerId":2233933,"score":1625,"energy":17,"posx":7,"posy":4,"lastAction":4,"status":0}],"golds":[{"posx":2,"posy":1,"amount":250},{"posx":20,"posy":1,"amount":150},{"posx":1,"posy":4,"amount":750},{"posx":7,"posy":4,"amount":100},{"posx":12,"posy":5,"amount":250},{"posx":19,"posy":5,"amount":600},{"posx":19,"posy":6,"amount":300},{"posx":16,"posy":7,"amount":100}],"changedObstacles":[]},{"players":[{"playerId":2349571,"score":1200,"energy":21,"posx":16,"posy":7,"lastAction":5,"status":0},{"playerId":2251128,"score":1075,"energy":13,"posx":18,"posy":5,"lastAction":4,"status":0},{"playerId":2415753,"score":1400,"energy":8,"posx":19,"posy":5,"lastAction":5,"status":0},{"playerId":2233933,"score":1675,"energy":12,"posx":7,"posy":4,"lastAction":5,"status":0}],"golds":[{"posx":2,"posy":1,"amount":250},{"posx":20,"posy":1,"amount":150},{"posx":1,"posy":4,"amount":750},{"posx":7,"posy":4,"amount":50},{"posx":12,"posy":5,"amount":250},{"posx":19,"posy":5,"amount":550},{"posx":19,"posy":6,"amount":300},{"posx":16,"posy":7,"amount":50}],"changedObstacles":[]},{"players":[{"playerId":2349571,"score":1250,"energy":16,"posx":16,"posy":7,"lastAction":5,"status":0},{"playerId":2251128,"score":1075,"energy":29,"posx":18,"posy":5,"lastAction":4,"status":0},{"playerId":2415753,"score":1450,"energy":3,"posx":19,"posy":5,"lastAction":5,"status":0},{"playerId":2233933,"score":1725,"energy":7,"posx":7,"posy":4,"lastAction":5,"status":0}],"golds":[{"posx":2,"posy":1,"amount":250},{"posx":20,"posy":1,"amount":150},{"posx":1,"posy":4,"amount":750},{"posx":12,"posy":5,"amount":250},{"posx":19,"posy":5,"amount":500},{"posx":19,"posy":6,"amount":300}],"changedObstacles":[{"type":0,"posx":16,"posy":7,"value":-1},{"type":0,"posx":7,"posy":4,"value":-1}]},{"players":[{"playerId":2349571,"score":1250,"energy":28,"posx":16,"posy":7,"lastAction":4,"status":0},{"playerId":2251128,"score":1075,"energy":50,"posx":18,"posy":5,"lastAction":4,"status":0},{"playerId":2415753,"score":1450,"energy":15,"posx":19,"posy":5,"lastAction":4,"status":0},{"playerId":2233933,"score":1725,"energy":6,"posx":7,"posy":5,"lastAction":3,"status":0}],"golds":[{"posx":2,"posy":1,"amount":250},{"posx":20,"posy":1,"amount":150},{"posx":1,"posy":4,"amount":750},{"posx":12,"posy":5,"amount":250},{"posx":19,"posy":5,"amount":500},{"posx":19,"posy":6,"amount":300}],"changedObstacles":[]},{"players":[{"playerId":2349571,"score":1250,"energy":18,"posx":16,"posy":6,"lastAction":2,"status":0},{"playerId":2251128,"score":1075,"energy":49,"posx":18,"posy":6,"lastAction":3,"status":0},{"playerId":2415753,"score":1500,"energy":10,"posx":19,"posy":5,"lastAction":5,"status":0},{"playerId":2233933,"score":1725,"energy":5,"posx":6,"posy":5,"lastAction":0,"status":0}],"golds":[{"posx":2,"posy":1,"amount":250},{"posx":20,"posy":1,"amount":150},{"posx":1,"posy":4,"amount":750},{"posx":12,"posy":5,"amount":250},{"posx":19,"posy":5,"amount":450},{"posx":19,"posy":6,"amount":300}],"changedObstacles":[]},{"players":[{"playerId":2349571,"score":1250,"energy":30,"posx":16,"posy":6,"lastAction":4,"status":0},{"playerId":2251128,"score":1075,"energy":45,"posx":19,"posy":6,"lastAction":1,"status":0},{"playerId":2415753,"score":1550,"energy":5,"posx":19,"posy":5,"lastAction":5,"status":0},{"playerId":2233933,"score":1725,"energy":4,"posx":5,"posy":5,"lastAction":0,"status":0}],"golds":[{"posx":2,"posy":1,"amount":250},{"posx":20,"posy":1,"amount":150},{"posx":1,"posy":4,"amount":750},{"posx":12,"posy":5,"amount":250},{"posx":19,"posy":5,"amount":400},{"posx":19,"posy":6,"amount":300}],"changedObstacles":[]},{"players":[{"playerId":2349571,"score":1250,"energy":29,"posx":17,"posy":6,"lastAction":1,"status":0},{"playerId":2251128,"score":1125,"energy":40,"posx":19,"posy":6,"lastAction":5,"status":0},{"playerId":2415753,"score":1550,"energy":17,"posx":19,"posy":5,"lastAction":4,"status":0},{"playerId":2233933,"score":1725,"energy":16,"posx":5,"posy":5,"lastAction":4,"status":0}],"golds":[{"posx":2,"posy":1,"amount":250},{"posx":20,"posy":1,"amount":150},{"posx":1,"posy":4,"amount":750},{"posx":12,"posy":5,"amount":250},{"posx":19,"posy":5,"amount":400},{"posx":19,"posy":6,"amount":250}],"changedObstacles":[]},{"players":[{"playerId":2349571,"score":1250,"energy":28,"posx":18,"posy":6,"lastAction":1,"status":0},{"playerId":2251128,"score":1175,"energy":35,"posx":19,"posy":6,"lastAction":5,"status":0},{"playerId":2415753,"score":1600,"energy":12,"posx":19,"posy":5,"lastAction":5,"status":0},{"playerId":2233933,"score":1725,"energy":11,"posx":4,"posy":5,"lastAction":0,"status":0}],"golds":[{"posx":2,"posy":1,"amount":250},{"posx":20,"posy":1,"amount":150},{"posx":1,"posy":4,"amount":750},{"posx":12,"posy":5,"amount":250},{"posx":19,"posy":5,"amount":350},{"posx":19,"posy":6,"amount":200}],"changedObstacles":[{"type":3,"posx":4,"posy":5,"value":-20}]},{"players":[{"playerId":2349571,"score":1250,"energy":24,"posx":19,"posy":6,"lastAction":1,"status":0},{"playerId":2251128,"score":1225,"energy":30,"posx":19,"posy":6,"lastAction":5,"status":0},{"playerId":2415753,"score":1650,"energy":7,"posx":19,"posy":5,"lastAction":5,"status":0},{"playerId":2233933,"score":1725,"energy":10,"posx":4,"posy":4,"lastAction":2,"status":0}],"golds":[{"posx":2,"posy":1,"amount":250},{"posx":20,"posy":1,"amount":150},{"posx":1,"posy":4,"amount":750},{"posx":12,"posy":5,"amount":250},{"posx":19,"posy":5,"amount":300},{"posx":19,"posy":6,"amount":150}],"changedObstacles":[]},{"players":[{"playerId":2349571,"score":1300,"energy":19,"posx":19,"posy":6,"lastAction":5,"status":0},{"playerId":2251128,"score":1275,"energy":25,"posx":19,"posy":6,"lastAction":5,"status":0},{"playerId":2415753,"score":1700,"energy":2,"posx":19,"posy":5,"lastAction":5,"status":0},{"playerId":2233933,"score":1725,"energy":22,"posx":4,"posy":4,"lastAction":4,"status":0}],"golds":[{"posx":2,"posy":1,"amount":250},{"posx":20,"posy":1,"amount":150},{"posx":1,"posy":4,"amount":750},{"posx":12,"posy":5,"amount":250},{"posx":19,"posy":5,"amount":250},{"posx":19,"posy":6,"amount":50}],"changedObstacles":[]},{"players":[{"playerId":2349571,"score":1300,"energy":31,"posx":19,"posy":6,"lastAction":4,"status":0},{"playerId":2251128,"score":1325,"energy":20,"posx":19,"posy":6,"lastAction":5,"status":0},{"playerId":2415753,"score":1700,"energy":14,"posx":19,"posy":5,"lastAction":4,"status":0},{"playerId":2233933,"score":1725,"energy":2,"posx":3,"posy":4,"lastAction":0,"status":0}],"golds":[{"posx":2,"posy":1,"amount":250},{"posx":20,"posy":1,"amount":150},{"posx":1,"posy":4,"amount":750},{"posx":12,"posy":5,"amount":250},{"posx":19,"posy":5,"amount":250}],"changedObstacles":[{"type":0,"posx":19,"posy":6,"value":-1}]},{"players":[{"playerId":2349571,"score":1300,"energy":27,"posx":19,"posy":5,"lastAction":2,"status":0},{"playerId":2251128,"score":1325,"energy":16,"posx":19,"posy":5,"lastAction":2,"status":0},{"playerId":2415753,"score":1750,"energy":9,"posx":19,"posy":5,"lastAction":5,"status":0},{"playerId":2233933,"score":1725,"energy":14,"posx":3,"posy":4,"lastAction":4,"status":0}],"golds":[{"posx":2,"posy":1,"amount":250},{"posx":20,"posy":1,"amount":150},{"posx":1,"posy":4,"amount":750},{"posx":12,"posy":5,"amount":250},{"posx":19,"posy":5,"amount":200}],"changedObstacles":[]},{"players":[{"playerId":2349571,"score":1350,"energy":22,"posx":19,"posy":5,"lastAction":5,"status":0},{"playerId":2251128,"score":1375,"energy":11,"posx":19,"posy":5,"lastAction":5,"status":0},{"playerId":2415753,"score":1800,"energy":4,"posx":19,"posy":5,"lastAction":5,"status":0},{"playerId":2233933,"score":1725,"energy":30,"posx":3,"posy":4,"lastAction":4,"status":0}],"golds":[{"posx":2,"posy":1,"amount":250},{"posx":20,"posy":1,"amount":150},{"posx":1,"posy":4,"amount":750},{"posx":12,"posy":5,"amount":250},{"posx":19,"posy":5,"amount":50}],"changedObstacles":[]},{"players":[{"playerId":2349571,"score":1375,"energy":17,"posx":19,"posy":5,"lastAction":5,"status":0},{"playerId":2251128,"score":1400,"energy":6,"posx":19,"posy":5,"lastAction":5,"status":0},{"playerId":2415753,"score":1800,"energy":16,"posx":19,"posy":5,"lastAction":4,"status":0},{"playerId":2233933,"score":1725,"energy":16,"posx":2,"posy":4,"lastAction":0,"status":0}],"golds":[{"posx":2,"posy":1,"amount":250},{"posx":20,"posy":1,"amount":150},{"posx":1,"posy":4,"amount":750},{"posx":12,"posy":5,"amount":250}],"changedObstacles":[{"type":0,"posx":19,"posy":5,"value":-1}]},{"players":[{"playerId":2349571,"score":1375,"energy":29,"posx":19,"posy":5,"lastAction":4,"status":0},{"playerId":2251128,"score":1400,"energy":5,"posx":19,"posy":4,"lastAction":2,"status":0},{"playerId":2415753,"score":1800,"energy":15,"posx":18,"posy":5,"lastAction":0,"status":0},{"playerId":2233933,"score":1725,"energy":12,"posx":1,"posy":4,"lastAction":0,"status":0}],"golds":[{"posx":2,"posy":1,"amount":250},{"posx":20,"posy":1,"amount":150},{"posx":1,"posy":4,"amount":750},{"posx":12,"posy":5,"amount":250}],"changedObstacles":[]},{"players":[{"playerId":2349571,"score":1375,"energy":28,"posx":18,"posy":5,"lastAction":0,"status":0},{"playerId":2251128,"score":1400,"energy":17,"posx":19,"posy":4,"lastAction":4,"status":0},{"playerId":2415753,"score":1800,"energy":27,"posx":18,"posy":5,"lastAction":4,"status":0},{"playerId":2233933,"score":1775,"energy":7,"posx":1,"posy":4,"lastAction":5,"status":0}],"golds":[{"posx":2,"posy":1,"amount":250},{"posx":20,"posy":1,"amount":150},{"posx":1,"posy":4,"amount":700},{"posx":12,"posy":5,"amount":250}],"changedObstacles":[]},{"players":[{"playerId":2349571,"score":1375,"energy":18,"posx":17,"posy":5,"lastAction":0,"status":0},{"playerId":2251128,"score":1400,"energy":33,"posx":19,"posy":4,"lastAction":4,"status":0},{"playerId":2415753,"score":1800,"energy":19,"posx":17,"posy":5,"lastAction":0,"status":0},{"playerId":2233933,"score":1825,"energy":2,"posx":1,"posy":4,"lastAction":5,"status":0}],"golds":[{"posx":2,"posy":1,"amount":250},{"posx":20,"posy":1,"amount":150},{"posx":1,"posy":4,"amount":650},{"posx":12,"posy":5,"amount":250}],"changedObstacles":[]},{"players":[{"playerId":2349571,"score":1375,"energy":30,"posx":17,"posy":5,"lastAction":4,"status":0},{"playerId":2251128,"score":1400,"energy":50,"posx":19,"posy":4,"lastAction":4,"status":0},{"playerId":2415753,"score":1800,"energy":18,"posx":17,"posy":4,"lastAction":2,"status":0},{"playerId":2233933,"score":1825,"energy":14,"posx":1,"posy":4,"lastAction":4,"status":0}],"golds":[{"posx":2,"posy":1,"amount":250},{"posx":20,"posy":1,"amount":150},{"posx":1,"posy":4,"amount":650},{"posx":12,"posy":5,"amount":250}],"changedObstacles":[]},{"players":[{"playerId":2349571,"score":1375,"energy":10,"posx":16,"posy":5,"lastAction":0,"status":0},{"playerId":2251128,"score":1400,"energy":33,"posx":19,"posy":3,"lastAction":2,"status":0},{"playerId":2415753,"score":1800,"energy":17,"posx":16,"posy":4,"lastAction":0,"status":0},{"playerId":2233933,"score":1825,"energy":30,"posx":1,"posy":4,"lastAction":4,"status":0}],"golds":[{"posx":2,"posy":1,"amount":250},{"posx":20,"posy":1,"amount":150},{"posx":1,"posy":4,"amount":650},{"posx":12,"posy":5,"amount":250}],"changedObstacles":[{"type":3,"posx":16,"posy":5,"value":-40}]},{"players":[{"playerId":2349571,"score":1375,"energy":22,"posx":16,"posy":5,"lastAction":4,"status":0},{"playerId":2251128,"score":1400,"energy":32,"posx":19,"posy":2,"lastAction":2,"status":0},{"playerId":2415753,"score":1800,"energy":29,"posx":16,"posy":4,"lastAction":4,"status":0},{"playerId":2233933,"score":1875,"energy":25,"posx":1,"posy":4,"lastAction":5,"status":0}],"golds":[{"posx":2,"posy":1,"amount":250},{"posx":20,"posy":1,"amount":150},{"posx":1,"posy":4,"amount":600},{"posx":12,"posy":5,"amount":250}],"changedObstacles":[]},{"players":[{"playerId":2349571,"score":1375,"energy":21,"posx":15,"posy":5,"lastAction":0,"status":0},{"playerId":2251128,"score":1400,"energy":22,"posx":19,"posy":1,"lastAction":2,"status":0},{"playerId":2415753,"score":1800,"energy":9,"posx":15,"posy":4,"lastAction":0,"status":0},{"playerId":2233933,"score":1925,"energy":20,"posx":1,"posy":4,"lastAction":5,"status":0}],"golds":[{"posx":2,"posy":1,"amount":250},{"posx":20,"posy":1,"amount":150},{"posx":1,"posy":4,"amount":550},{"posx":12,"posy":5,"amount":250}],"changedObstacles":[{"type":0,"posx":19,"posy":1,"value":-1}]},{"players":[{"playerId":2349571,"score":1375,"energy":1,"posx":14,"posy":5,"lastAction":0,"status":0},{"playerId":2251128,"score":1400,"energy":18,"posx":20,"posy":1,"lastAction":1,"status":0},{"playerId":2415753,"score":1800,"energy":8,"posx":14,"posy":4,"lastAction":0,"status":0},{"playerId":2233933,"score":1975,"energy":15,"posx":1,"posy":4,"lastAction":5,"status":0}],"golds":[{"posx":2,"posy":1,"amount":250},{"posx":20,"posy":1,"amount":150},{"posx":1,"posy":4,"amount":500},{"posx":12,"posy":5,"amount":250}],"changedObstacles":[]},{"players":[{"playerId":2349571,"score":1375,"energy":13,"posx":14,"posy":5,"lastAction":4,"status":0},{"playerId":2251128,"score":1450,"energy":13,"posx":20,"posy":1,"lastAction":5,"status":0},{"playerId":2415753,"score":1800,"energy":7,"posx":13,"posy":4,"lastAction":0,"status":0},{"playerId":2233933,"score":2025,"energy":10,"posx":1,"posy":4,"lastAction":5,"status":0}],"golds":[{"posx":2,"posy":1,"amount":250},{"posx":20,"posy":1,"amount":100},{"posx":1,"posy":4,"amount":450},{"posx":12,"posy":5,"amount":250}],"changedObstacles":[]},{"players":[{"playerId":2349571,"score":1375,"energy":29,"posx":14,"posy":5,"lastAction":4,"status":0},{"playerId":2251128,"score":1500,"energy":8,"posx":20,"posy":1,"lastAction":5,"status":0},{"playerId":2415753,"score":1800,"energy":6,"posx":12,"posy":4,"lastAction":0,"status":0},{"playerId":2233933,"score":2075,"energy":5,"posx":1,"posy":4,"lastAction":5,"status":0}],"golds":[{"posx":2,"posy":1,"amount":250},{"posx":20,"posy":1,"amount":50},{"posx":1,"posy":4,"amount":400},{"posx":12,"posy":5,"amount":250}],"changedObstacles":[]},{"players":[{"playerId":2349571,"score":1375,"energy":9,"posx":13,"posy":5,"lastAction":0,"status":0},{"playerId":2251128,"score":1550,"energy":3,"posx":20,"posy":1,"lastAction":5,"status":0},{"playerId":2415753,"score":1800,"energy":5,"posx":12,"posy":3,"lastAction":2,"status":0},{"playerId":2233933,"score":2075,"energy":17,"posx":1,"posy":4,"lastAction":4,"status":0}],"golds":[{"posx":2,"posy":1,"amount":250},{"posx":1,"posy":4,"amount":400},{"posx":12,"posy":5,"amount":250}],"changedObstacles":[{"type":3,"posx":13,"posy":5,"value":-40},{"type":0,"posx":20,"posy":1,"value":-1}]},{"players":[{"playerId":2349571,"score":1375,"energy":21,"posx":13,"posy":5,"lastAction":4,"status":0},{"playerId":2251128,"score":1550,"energy":15,"posx":20,"posy":1,"lastAction":4,"status":0},{"playerId":2415753,"score":1800,"energy":4,"posx":11,"posy":3,"lastAction":0,"status":0},{"playerId":2233933,"score":2125,"energy":12,"posx":1,"posy":4,"lastAction":5,"status":0}],"golds":[{"posx":2,"posy":1,"amount":250},{"posx":1,"posy":4,"amount":350},{"posx":12,"posy":5,"amount":250}],"changedObstacles":[]},{"players":[{"playerId":2349571,"score":1375,"energy":17,"posx":12,"posy":5,"lastAction":0,"status":0},{"playerId":2251128,"score":1550,"energy":31,"posx":20,"posy":1,"lastAction":4,"status":0},{"playerId":2415753,"score":1800,"energy":3,"posx":10,"posy":3,"lastAction":0,"status":0},{"playerId":2233933,"score":2175,"energy":7,"posx":1,"posy":4,"lastAction":5,"status":0}],"golds":[{"posx":2,"posy":1,"amount":250},{"posx":1,"posy":4,"amount":300},{"posx":12,"posy":5,"amount":250}],"changedObstacles":[]},{"players":[{"playerId":2349571,"score":1375,"energy":29,"posx":12,"posy":5,"lastAction":4,"status":0},{"playerId":2251128,"score":1550,"energy":50,"posx":20,"posy":1,"lastAction":4,"status":0},{"playerId":2415753,"score":1800,"energy":2,"posx":10,"posy":2,"lastAction":2,"status":0},{"playerId":2233933,"score":2225,"energy":2,"posx":1,"posy":4,"lastAction":5,"status":0}],"golds":[{"posx":2,"posy":1,"amount":250},{"posx":1,"posy":4,"amount":250},{"posx":12,"posy":5,"amount":250}],"changedObstacles":[]}]