[{"players":[{"playerId":2344466,"score":0,"energy":49,"posx":16,"posy":1,"lastAction":0,"status":0},{"playerId":2251128,"score":0,"energy":49,"posx":16,"posy":1,"lastAction":0,"status":0},{"playerId":2415753,"score":0,"energy":49,"posx":16,"posy":1,"lastAction":0,"status":0},{"playerId":2233933,"score":0,"energy":49,"posx":16,"posy":1,"lastAction":0,"status":0}],"golds":[{"posx":4,"posy":4,"amount":400},{"posx":13,"posy":3,"amount":550},{"posx":8,"posy":1,"amount":250},{"posx":16,"posy":7,"amount":100},{"posx":7,"posy":4,"amount":200},{"posx":16,"posy":4,"amount":500},{"posx":9,"posy":4,"amount":250},{"posx":20,"posy":1,"amount":150},{"posx":1,"posy":4,"amount":750},{"posx":8,"posy":4,"amount":300},{"posx":2,"posy":1,"amount":250},{"posx":12,"posy":5,"amount":250},{"posx":19,"posy":6,"amount":300},{"posx":6,"posy":1,"amount":150},{"posx":19,"posy":5,"amount":600},{"posx":5,"posy":3,"amount":650},{"posx":11,"posy":3,"amount":450},{"posx":10,"posy":2,"amount":650},{"posx":11,"posy":2,"amount":300},{"posx":6,"posy":5,"amount":650}],"changedObstacles":[]},{"players":[{"playerId":2344466,"score":0,"energy":44,"posx":16,"posy":2,"lastAction":3,"status":0},{"playerId":2251128,"score":0,"energy":44,"posx":16,"posy":2,"lastAction":3,"status":0},{"playerId":2415753,"score":0,"energy":39,"posx":15,"posy":1,"lastAction":0,"status":0},{"playerId":2233933,"score":0,"energy":44,"posx":16,"posy":2,"lastAction":3,"status":0}],"golds":[{"posx":4,"posy":4,"amount":400},{"posx":13,"posy":3,"amount":550},{"posx":8,"posy":1,"amount":250},{"posx":16,"posy":7,"amount":100},{"posx":7,"posy":4,"amount":200},{"posx":16,"posy":4,"amount":500},{"posx":9,"posy":4,"amount":250},{"posx":20,"posy":1,"amount":150},{"posx":1,"posy":4,"amount":750},{"posx":8,"posy":4,"amount":300},{"posx":2,"posy":1,"amount":250},{"posx":12,"posy":5,"amount":250},{"posx":19,"posy":6,"amount":300},{"posx":6,"posy":1,"amount":150},{"posx":19,"posy":5,"amount":600},{"posx":5,"posy":3,"amount":650},{"posx":11,"posy":3,"amount":450},{"posx":10,"posy":2,"amount":650},{"posx":11,"posy":2,"amount":300},{"posx":6,"posy":5,"amount":650}],"changedObstacles":[{"type":3,"posx":16,"posy":2,"value":-20},{"type":0,"posx":15,"posy":1,"value":-1}]},{"players":[{"playerId":2344466,"score":0,"energy":35,"posx":16,"posy":3,"lastAction":3,"status":0},{"playerId":2251128,"score":0,"energy":34,"posx":15,"posy":2,"lastAction":0,"status":0},{"playerId":2415753,"score":0,"energy":38,"posx":14,"posy":1,"lastAction":0,"status":0},{"playerId":2233933,"score":0,"energy":34,"posx":15,"posy":2,"lastAction":0,"status":0}],"golds":[{"posx":4,"posy":4,"amount":400},{"posx":13,"posy":3,"amount":550},{"posx":8,"posy":1,"amount":250},{"posx":16,"posy":7,"amount":100},{"posx":7,"posy":4,"amount":200},{"posx":16,"posy":4,"amount":500},{"posx":9,"posy":4,"amount":250},{"posx":20,"posy":1,"amount":150},{"posx":1,"posy":4,"amount":750},{"posx":8,"posy":4,"amount":300},{"posx":2,"posy":1,"amount":250},{"posx":12,"posy":5,"amount":250},{"posx":19,"posy":6,"amount":300},{"posx":6,"posy":1,"amount":150},{"posx":19,"posy":5,"amount":600},{"posx":5,"posy":3,"amount":650},{"posx":11,"posy":3,"amount":450},{"posx":10,"posy":2,"amount":650},{"posx":11,"posy":2,"amount":300},{"posx":6,"posy":5,"amount":650}],"changedObstacles":[{"type":0,"posx":15,"posy":2,"value":-1}]},{"players":[{"playerId":2344466,"score":0,"energy":31,"posx":16,"posy":4,"lastAction":3,"status":0},{"playerId":2251128,"score":0,"energy":33,"posx":15,"posy":3,"lastAction":3,"status":0},{"playerId":2415753,"score":0,"energy":37,"posx":13,"posy":1,"lastAction":0,"status":0},{"playerId":2233933,"score":0,"energy":33,"posx":15,"posy":3,"lastAction":3,"status":0}],"golds":[{"posx":4,"posy":4,"amount":400},{"posx":13,"posy":3,"amount":550},{"posx":8,"posy":1,"amount":250},{"posx":16,"posy":7,"amount":100},{"posx":7,"posy":4,"amount":200},{"posx":16,"posy":4,"amount":500},{"posx":9,"posy":4,"amount":250},{"posx":20,"posy":1,"amount":150},{"posx":1,"posy":4,"amount":750},{"posx":8,"posy":4,"amount":300},{"posx":2,"posy":1,"amount":250},{"posx":12,"posy":5,"amount":250},{"posx":19,"posy":6,"amount":300},{"posx":6,"posy":1,"amount":150},{"posx":19,"posy":5,"amount":600},{"posx":5,"posy":3,"amount":650},{"posx":11,"posy":3,"amount":450},{"posx":10,"posy":2,"amount":650},{"posx":11,"posy":2,"amount":300},{"posx":6,"posy":5,"amount":650}],"changedObstacles":[]},{"players":[{"playerId":2344466,"score":50,"energy":26,"posx":16,"posy":4,"lastAction":5,"status":0},{"playerId":2251128,"score":0,"energy":28,"posx":14,"posy":3,"lastAction":0,"status":0},{"playerId":2415753,"score":0,"energy":30,"posx":12,"posy":1,"lastAction":0,"status":0},{"playerId":2233933,"score":0,"energy":28,"posx":14,"posy":3,"lastAction":0,"status":0}],"golds":[{"posx":2,"posy":1,"amount":250},{"posx":6,"posy":1,"amount":150},{"posx":8,"posy":1,"amount":250},{"posx":20,"posy":1,"amount":150},{"posx":10,"posy":2,"amount":650},{"posx":11,"posy":2,"amount":300},{"posx":5,"posy":3,"amount":650},{"posx":11,"posy":3,"amount":450},{"posx":13,"posy":3,"amount":550},{"posx":1,"posy":4,"amount":750},{"posx":4,"posy":4,"amount":400},{"posx":7,"posy":4,"amount":200},{"posx":8,"posy":4,"amount":300},{"posx":9,"posy":4,"amount":250},{"posx":16,"posy":4,"amount":450},{"posx":6,"posy":5,"amount":650},{"posx":12,"posy":5,"amount":250},{"posx":19,"posy":5,"amount":600},{"posx":19,"posy":6,"amount":300},{"posx":16,"posy":7,"amount":100}],"changedObstacles":[{"type":3,"posx":14,"posy":3,"value":-20}]},{"players":[{"playerId":2344466,"score":100,"energy":21,"posx":16,"posy":4,"lastAction":5,"status":0},{"playerId":2251128,"score":0,"energy":24,"posx":13,"posy":3,"lastAction":0,"status":0},{"playerId":2415753,"score":0,"energy":29,"posx":12,"posy":2,"lastAction":3,"status":0},{"playerId":2233933,"score":0,"energy":24,"posx":13,"posy":3,"lastAction":0,"status":0}],"golds":[{"posx":2,"posy":1,"amount":250},{"posx":6,"posy":1,"amount":150},{"posx":8,"posy":1,"amount":250},{"posx":20,"posy":1,"amount":150},{"posx":10,"posy":2,"amount":650},{"posx":11,"posy":2,"amount":300},{"posx":5,"posy":3,"amount":650},{"posx":11,"posy":3,"amount":450},{"posx":13,"posy":3,"amount":550},{"posx":1,"posy":4,"amount":750},{"posx":4,"posy":4,"amount":400},{"posx":7,"posy":4,"amount":200},{"posx":8,"posy":4,"amount":300},{"posx":9,"posy":4,"amount":250},{"posx":16,"posy":4,"amount":400},{"posx":6,"posy":5,"amount":650},{"posx":12,"posy":5,"amount":250},{"posx":19,"posy":5,"amount":600},{"posx":19,"posy":6,"amount":300},{"posx":16,"posy":7,"amount":100}],"changedObstacles":[]},{"players":[{"playerId":2344466,"score":150,"energy":16,"posx":16,"posy":4,"lastAction":5,"status":0},{"playerId":2251128,"score":50,"energy":19,"posx":13,"posy":3,"lastAction":5,"status":0},{"playerId":2415753,"score":0,"energy":25,"posx":11,"posy":2,"lastAction":0,"status":0},{"playerId":2233933,"score":50,"energy":19,"posx":13,"posy":3,"lastAction":5,"status":0}],"golds":[{"posx":2,"posy":1,"amount":250},{"posx":6,"posy":1,"amount":150},{"posx":8,"posy":1,"amount":250},{"posx":20,"posy":1,"amount":150},{"posx":10,"posy":2,"amount":650},{"posx":11,"posy":2,"amount":300},{"posx":5,"posy":3,"amount":650},{"posx":11,"posy":3,"amount":450},{"posx":13,"posy":3,"amount":450},{"posx":1,"posy":4,"amount":750},{"posx":4,"posy":4,"amount":400},{"posx":7,"posy":4,"amount":200},{"posx":8,"posy":4,"amount":300},{"posx":9,"posy":4,"amount":250},{"posx":16,"posy":4,"amount":350},{"posx":6,"posy":5,"amount":650},{"posx":12,"posy":5,"amount":250},{"posx":19,"posy":5,"amount":600},{"posx":19,"posy":6,"amount":300},{"posx":16,"posy":7,"amount":100}],"changedObstacles":[]},{"players":[{"playerId":2344466,"score":200,"energy":11,"posx":16,"posy":4,"lastAction":5,"status":0},{"playerId":2251128,"score":100,"energy":14,"posx":13,"posy":3,"lastAction":5,"status":0},{"playerId":2415753,"score":50,"energy":20,"posx":11,"posy":2,"lastAction":5,"status":0},{"playerId":2233933,"score":100,"energy":14,"posx":13,"posy":3,"lastAction":5,"status":0}],"golds":[{"posx":2,"posy":1,"amount":250},{"posx":6,"posy":1,"amount":150},{"posx":8,"posy":1,"amount":250},{"posx":20,"posy":1,"amount":150},{"posx":10,"posy":2,"amount":650},{"posx":11,"posy":2,"amount":250},{"posx":5,"posy":3,"amount":650},{"posx":11,"posy":3,"amount":450},{"posx":13,"posy":3,"amount":350},{"posx":1,"posy":4,"amount":750},{"posx":4,"posy":4,"amount":400},{"posx":7,"posy":4,"amount":200},{"posx":8,"posy":4,"amount":300},{"posx":9,"posy":4,"amount":250},{"posx":16,"posy":4,"amount":300},{"posx":6,"posy":5,"amount":650},{"posx":12,"posy":5,"amount":250},{"posx":19,"posy":5,"amount":600},{"posx":19,"posy":6,"amount":300},{"posx":16,"posy":7,"amount":100}],"changedObstacles":[]},{"players":[{"playerId":2344466,"score":250,"energy":6,"posx":16,"posy":4,"lastAction":5,"status":0},{"playerId":2251128,"score":150,"energy":9,"posx":13,"posy":3,"lastAction":5,"status":0},{"playerId":2415753,"score":100,"energy":15,"posx":11,"posy":2,"lastAction":5,"status":0},{"playerId":2233933,"score":150,"energy":9,"posx":13,"posy":3,"lastAction":5,"status":0}],"golds":[{"posx":2,"posy":1,"amount":250},{"posx":6,"posy":1,"amount":150},{"posx":8,"posy":1,"amount":250},{"posx":20,"posy":1,"amount":150},{"posx":10,"posy":2,"amount":650},{"posx":11,"posy":2,"amount":200},{"posx":5,"posy":3,"amount":650},{"posx":11,"posy":3,"amount":450},{"posx":13,"posy":3,"amount":250},{"posx":1,"posy":4,"amount":750},{"posx":4,"posy":4,"amount":400},{"posx":7,"posy":4,"amount":200},{"posx":8,"posy":4,"amount":300},{"posx":9,"posy":4,"amount":250},{"posx":16,"posy":4,"amount":250},{"posx":6,"posy":5,"amount":650},{"posx":12,"posy":5,"amount":250},{"posx":19,"posy":5,"amount":600},{"posx":19,"posy":6,"amount":300},{"posx":16,"posy":7,"amount":100}],"changedObstacles":[]},{"players":[{"playerId":2344466,"score":300,"energy":1,"posx":16,"posy":4,"lastAction":5,"status":0},{"playerId":2251128,"score":200,"energy":4,"posx":13,"posy":3,"lastAction":5,"status":0},{"playerId":2415753,"score":150,"energy":10,"posx":11,"posy":2,"lastAction":5,"status":0},{"playerId":2233933,"score":200,"energy":4,"posx":13,"posy":3,"lastAction":5,"status":0}],"golds":[{"posx":2,"posy":1,"amount":250},{"posx":6,"posy":1,"amount":150},{"posx":8,"posy":1,"amount":250},{"posx":20,"posy":1,"amount":150},{"posx":10,"posy":2,"amount":650},{"posx":11,"posy":2,"amount":150},{"posx":5,"posy":3,"amount":650},{"posx":11,"posy":3,"amount":450},{"posx":13,"posy":3,"amount":150},{"posx":1,"posy":4,"amount":750},{"posx":4,"posy":4,"amount":400},{"posx":7,"posy":4,"amount":200},{"posx":8,"posy":4,"amount":300},{"posx":9,"posy":4,"amount":250},{"posx":16,"posy":4,"amount":200},{"posx":6,"posy":5,"amount":650},{"posx":12,"posy":5,"amount":250},{"posx":19,"posy":5,"amount":600},{"posx":19,"posy":6,"amount":300},{"posx":16,"posy":7,"amount":100}],"changedObstacles":[]},{"players":[{"playerId":2344466,"score":300,"energy":13,"posx":16,"posy":4,"lastAction":4,"status":0},{"playerId":2251128,"score":200,"energy":16,"posx":13,"posy":3,"lastAction":4,"status":0},{"playerId":2415753,"score":200,"energy":5,"posx":11,"posy":2,"lastAction":5,"status":0},{"playerId":2233933,"score":200,"energy":16,"posx":13,"posy":3,"lastAction":4,"status":0}],"golds":[{"posx":2,"posy":1,"amount":250},{"posx":6,"posy":1,"amount":150},{"posx":8,"posy":1,"amount":250},{"posx":20,"posy":1,"amount":150},{"posx":10,"posy":2,"amount":650},{"posx":11,"posy":2,"amount":100},{"posx":5,"posy":3,"amount":650},{"posx":11,"posy":3,"amount":450},{"posx":13,"posy":3,"amount":150},{"posx":1,"posy":4,"amount":750},{"posx":4,"posy":4,"amount":400},{"posx":7,"posy":4,"amount":200},{"posx":8,"posy":4,"amount":300},{"posx":9,"posy":4,"amount":250},{"posx":16,"posy":4,"amount":200},{"posx":6,"posy":5,"amount":650},{"posx":12,"posy":5,"amount":250},{"posx":19,"posy":5,"amount":600},{"posx":19,"posy":6,"amount":300},{"posx":16,"posy":7,"amount":100}],"changedObstacles":[]},{"players":[{"playerId":2344466,"score":300,"energy":29,"posx":16,"posy":4,"lastAction":4,"status":0},{"playerId":2251128,"score":200,"energy":32,"posx":13,"posy":3,"lastAction":4,"status":0},{"playerId":2415753,"score":200,"energy":17,"posx":11,"posy":2,"lastAction":4,"status":0},{"playerId":2233933,"score":250,"energy":11,"posx":13,"posy":3,"lastAction":5,"status":0}],"golds":[{"posx":2,"posy":1,"amount":250},{"posx":6,"posy":1,"amount":150},{"posx":8,"posy":1,"amount":250},{"posx":20,"posy":1,"amount":150},{"posx":10,"posy":2,"amount":650},{"posx":11,"posy":2,"amount":100},{"posx":5,"posy":3,"amount":650},{"posx":11,"posy":3,"amount":450},{"posx":13,"posy":3,"amount":100},{"posx":1,"posy":4,"amount":750},{"posx":4,"posy":4,"amount":400},{"posx":7,"posy":4,"amount":200},{"posx":8,"posy":4,"amount":300},{"posx":9,"posy":4,"amount":250},{"posx":16,"posy":4,"amount":200},{"posx":6,"posy":5,"amount":650},{"posx":12,"posy":5,"amount":250},{"posx":19,"posy":5,"amount":600},{"posx":19,"posy":6,"amount":300},{"posx":16,"posy":7,"amount":100}],"changedObstacles":[]},{"players":[{"playerId":2344466,"score":300,"energy":50,"posx":16,"posy":4,"lastAction":4,"status":0},{"playerId":2251128,"score":200,"energy":50,"posx":13,"posy":3,"lastAction":4,"status":0},{"playerId":2415753,"score":250,"energy":12,"posx":11,"posy":2,"lastAction":5,"status":0},{"playerId":2233933,"score":300,"energy":6,"posx":13,"posy":3,"lastAction":5,"status":0}],"golds":[{"posx":2,"posy":1,"amount":250},{"posx":6,"posy":1,"amount":150},{"posx":8,"posy":1,"amount":250},{"posx":20,"posy":1,"amount":150},{"posx":10,"posy":2,"amount":650},{"posx":11,"posy":2,"amount":50},{"posx":5,"posy":3,"amount":650},{"posx":11,"posy":3,"amount":450},{"posx":13,"posy":3,"amount":50},{"posx":1,"posy":4,"amount":750},{"posx":4,"posy":4,"amount":400},{"posx":7,"posy":4,"amount":200},{"posx":8,"posy":4,"amount":300},{"posx":9,"posy":4,"amount":250},{"posx":16,"posy":4,"amount":200},{"posx":6,"posy":5,"amount":650},{"posx":12,"posy":5,"amount":250},{"posx":19,"posy":5,"amount":600},{"posx":19,"posy":6,"amount":300},{"posx":16,"posy":7,"amount":100}],"changedObstacles":[]},{"players":[{"playerId":2344466,"score":350,"energy":45,"posx":16,"posy":4,"lastAction":5,"status":0},{"playerId":2251128,"score":225,"energy":45,"posx":13,"posy":3,"lastAction":5,"status":0},{"playerId":2415753,"score":300,"energy":7,"posx":11,"posy":2,"lastAction":5,"status":0},{"playerId":2233933,"score":325,"energy":1,"posx":13,"posy":3,"lastAction":5,"status":0}],"golds":[{"posx":2,"posy":1,"amount":250},{"posx":6,"posy":1,"amount":150},{"posx":8,"posy":1,"amount":250},{"posx":20,"posy":1,"amount":150},{"posx":10,"posy":2,"amount":650},{"posx":5,"posy":3,"amount":650},{"posx":11,"posy":3,"amount":450},{"posx":1,"posy":4,"amount":750},{"posx":4,"posy":4,"amount":400},{"posx":7,"posy":4,"amount":200},{"posx":8,"posy":4,"amount":300},{"posx":9,"posy":4,"amount":250},{"posx":16,"posy":4,"amount":150},{"posx":6,"posy":5,"amount":650},{"posx":12,"posy":5,"amount":250},{"posx":19,"posy":5,"amount":600},{"posx":19,"posy":6,"amount":300},{"posx":16,"posy":7,"amount":100}],"changedObstacles":[{"type":0,"posx":13,"posy":3,"value":-1},{"type":0,"posx":11,"posy":2,"value":-1}]},{"players":[{"playerId":2344466,"score":400,"energy":40,"posx":16,"posy":4,"lastAction":5,"status":0},{"playerId":2251128,"score":225,"energy":44,"posx":12,"posy":3,"lastAction":0,"status":0},{"playerId":2415753,"score":300,"energy":3,"posx":10,"posy":2,"lastAction":0,"status":0},{"playerId":2233933,"score":325,"energy":13,"posx":13,"posy":3,"lastAction":4,"status":0}],"golds":[{"posx":2,"posy":1,"amount":250},{"posx":6,"posy":1,"amount":150},{"posx":8,"posy":1,"amount":250},{"posx":20,"posy":1,"amount":150},{"posx":10,"posy":2,"amount":650},{"posx":5,"posy":3,"amount":650},{"posx":11,"posy":3,"amount":450},{"posx":1,"posy":4,"amount":750},{"posx":4,"posy":4,"amount":400},{"posx":7,"posy":4,"amount":200},{"posx":8,"posy":4,"amount":300},{"posx":9,"posy":4,"amount":250},{"posx":16,"posy":4,"amount":100},{"posx":6,"posy":5,"amount":650},{"posx":12,"posy":5,"amount":250},{"posx":19,"posy":5,"amount":600},{"posx":19,"posy":6,"amount":300},{"posx":16,"posy":7,"amount":100}],"changedObstacles":[]},{"players":[{"playerId":2344466,"score":450,"energy":35,"posx":16,"posy":4,"lastAction":5,"status":0},{"playerId":2251128,"score":225,"energy":40,"posx":11,"posy":3,"lastAction":0,"status":0},{"playerId":2415753,"score":300,"energy":15,"posx":10,"posy":2,"lastAction":4,"status":0},{"playerId":2233933,"score":325,"energy":29,"posx":13,"posy":3,"lastAction":4,"status":0}],"golds":[{"posx":2,"posy":1,"amount":250},{"posx":6,"posy":1,"amount":150},{"posx":8,"posy":1,"amount":250},{"posx":20,"posy":1,"amount":150},{"posx":10,"posy":2,"amount":650},{"posx":5,"posy":3,"amount":650},{"posx":11,"posy":3,"amount":450},{"posx":1,"posy":4,"amount":750},{"posx":4,"posy":4,"amount":400},{"posx":7,"posy":4,"amount":200},{"posx":8,"posy":4,"amount":300},{"posx":9,"posy":4,"amount":250},{"posx":16,"posy":4,"amount":50},{"posx":6,"posy":5,"amount":650},{"posx":12,"posy":5,"amount":250},{"posx":19,"posy":5,"amount":600},{"posx":19,"posy":6,"amount":300},{"posx":16,"posy":7,"amount":100}],"changedObstacles":[]},{"players":[{"playerId":2344466,"score":500,"energy":30,"posx":16,"posy":4,"lastAction":5,"status":0},{"playerId":2251128,"score":275,"energy":35,"posx":11,"posy":3,"lastAction":5,"status":0},{"playerId":2415753,"score":350,"energy":10,"posx":10,"posy":2,"lastAction":5,"status":0},{"playerId":2233933,"score":325,"energy":50,"posx":13,"posy":3,"lastAction":4,"status":0}],"golds":[{"posx":2,"posy":1,"amount":250},{"posx":6,"posy":1,"amount":150},{"posx":8,"posy":1,"amount":250},{"posx":20,"posy":1,"amount":150},{"posx":10,"posy":2,"amount":600},{"posx":5,"posy":3,"amount":650},{"posx":11,"posy":3,"amount":400},{"posx":1,"posy":4,"amount":750},{"posx":4,"posy":4,"amount":400},{"posx":7,"posy":4,"amount":200},{"posx":8,"posy":4,"amount":300},{"posx":9,"posy":4,"amount":250},{"posx":6,"posy":5,"amount":650},{"posx":12,"posy":5,"amount":250},{"posx":19,"posy":5,"amount":600},{"posx":19,"posy":6,"amount":300},{"posx":16,"posy":7,"amount":100}],"changedObstacles":[{"type":0,"posx":16,"posy":4,"value":-1}]},{"players":[{"playerId":2344466,"score":500,"energy":29,"posx":17,"posy":4,"lastAction":1,"status":0},{"playerId":2251128,"score":325,"energy":30,"posx":11,"posy":3,"lastAction":5,"status":0},{"playerId":2415753,"score":400,"energy":5,"posx":10,"posy":2,"lastAction":5,"status":0},{"playerId":2233933,"score":325,"energy":49,"posx":12,"posy":3,"lastAction":0,"status":0}],"golds":[{"posx":2,"posy":1,"amount":250},{"posx":6,"posy":1,"amount":150},{"posx":8,"posy":1,"amount":250},{"posx":20,"posy":1,"amount":150},{"posx":10,"posy":2,"amount":550},{"posx":5,"posy":3,"amount":650},{"posx":11,"posy":3,"amount":350},{"posx":1,"posy":4,"amount":750},{"posx":4,"posy":4,"amount":400},{"posx":7,"posy":4,"amount":200},{"posx":8,"posy":4,"amount":300},{"posx":9,"posy":4,"amount":250},{"posx":6,"posy":5,"amount":650},{"posx":12,"posy":5,"amount":250},{"posx":19,"posy":5,"amount":600},{"posx":19,"posy":6,"amount":300},{"posx":16,"posy":7,"amount":100}],"changedObstacles":[]},{"players":[{"playerId":2344466,"score":500,"energy":24,"posx":18,"posy":4,"lastAction":1,"status":0},{"playerId":2251128,"score":375,"energy":25,"posx":11,"posy":3,"lastAction":5,"status":0},{"playerId":2415753,"score":400,"energy":17,"posx":10,"posy":2,"lastAction":4,"status":0},{"playerId":2233933,"score":325,"energy":45,"posx":11,"posy":3,"lastAction":0,"status":0}],"golds":[{"posx":2,"posy":1,"amount":250},{"posx":6,"posy":1,"amount":150},{"posx":8,"posy":1,"amount":250},{"posx":20,"posy":1,"amount":150},{"posx":10,"posy":2,"amount":550},{"posx":5,"posy":3,"amount":650},{"posx":11,"posy":3,"amount":300},{"posx":1,"posy":4,"amount":750},{"posx":4,"posy":4,"amount":400},{"posx":7,"posy":4,"amount":200},{"posx":8,"posy":4,"amount":300},{"posx":9,"posy":4,"amount":250},{"posx":6,"posy":5,"amount":650},{"posx":12,"posy":5,"amount":250},{"posx":19,"posy":5,"amount":600},{"posx":19,"posy":6,"amount":300},{"posx":16,"posy":7,"amount":100}],"changedObstacles":[{"type":3,"posx":18,"posy":4,"value":-20}]},{"players":[{"playerId":2344466,"score":500,"energy":23,"posx":18,"posy":5,"lastAction":3,"status":0},{"playerId":2251128,"score":425,"energy":20,"posx":11,"posy":3,"lastAction":5,"status":0},{"playerId":2415753,"score":450,"energy":12,"posx":10,"posy":2,"lastAction":5,"status":0},{"playerId":2233933,"score":375,"energy":40,"posx":11,"posy":3,"lastAction":5,"status":0}],"golds":[{"posx":2,"posy":1,"amount":250},{"posx":6,"posy":1,"amount":150},{"posx":8,"posy":1,"amount":250},{"posx":20,"posy":1,"amount":150},{"posx":10,"posy":2,"amount":500},{"posx":5,"posy":3,"amount":650},{"posx":11,"posy":3,"amount":200},{"posx":1,"posy":4,"amount":750},{"posx":4,"posy":4,"amount":400},{"posx":7,"posy":4,"amount":200},{"posx":8,"posy":4,"amount":300},{"posx":9,"posy":4,"amount":250},{"posx":6,"posy":5,"amount":650},{"posx":12,"posy":5,"amount":250},{"posx":19,"posy":5,"amount":600},{"posx":19,"posy":6,"amount":300},{"posx":16,"posy":7,"amount":100}],"changedObstacles":[]},{"players":[{"playerId":2344466,"score":500,"energy":19,"posx":19,"posy":5,"lastAction":1,"status":0},{"playerId":2251128,"score":475,"energy":15,"posx":11,"posy":3,"lastAction":5,"status":0},{"playerId":2415753,"score":500,"energy":7,"posx":10,"posy":2,"lastAction":5,"status":0},{"playerId":2233933,"score":425,"energy":35,"posx":11,"posy":3,"lastAction":5,"status":0}],"golds":[{"posx":2,"posy":1,"amount":250},{"posx":6,"posy":1,"amount":150},{"posx":8,"posy":1,"amount":250},{"posx":20,"posy":1,"amount":150},{"posx":10,"posy":2,"amount":450},{"posx":5,"posy":3,"amount":650},{"posx":11,"posy":3,"amount":100},{"posx":1,"posy":4,"amount":750},{"posx":4,"posy":4,"amount":400},{"posx":7,"posy":4,"amount":200},{"posx":8,"posy":4,"amount":300},{"posx":9,"posy":4,"amount":250},{"posx":6,"posy":5,"amount":650},{"posx":12,"posy":5,"amount":250},{"posx":19,"posy":5,"amount":600},{"posx":19,"posy":6,"amount":300},{"posx":16,"posy":7,"amount":100}],"changedObstacles":[]},{"players":[{"playerId":2344466,"score":550,"energy":14,"posx":19,"posy":5,"lastAction":5,"status":0},{"playerId":2251128,"score":525,"energy":10,"posx":11,"posy":3,"lastAction":5,"status":0},{"playerId":2415753,"score":550,"energy":2,"posx":10,"posy":2,"lastAction":5,"status":0},{"playerId":2233933,"score":475,"energy":30,"posx":11,"posy":3,"lastAction":5,"status":0}],"golds":[{"posx":2,"posy":1,"amount":250},{"posx":6,"posy":1,"amount":150},{"posx":8,"posy":1,"amount":250},{"posx":20,"posy":1,"amount":150},{"posx":10,"posy":2,"amount":400},{"posx":5,"posy":3,"amount":650},{"posx":1,"posy":4,"amount":750},{"posx":4,"posy":4,"amount":400},{"posx":7,"posy":4,"amount":200},{"posx":8,"posy":4,"amount":300},{"posx":9,"posy":4,"amount":250},{"posx":6,"posy":5,"amount":650},{"posx":12,"posy":5,"amount":250},{"posx":19,"posy":5,"amount":550},{"posx":19,"posy":6,"amount":300},{"posx":16,"posy":7,"amount":100}],"changedObstacles":[{"type":0,"posx":11,"posy":3,"value":-1}]},{"players":[{"playerId":2344466,"score":600,"energy":9,"posx":19,"posy":5,"lastAction":5,"status":0},{"playerId":2251128,"score":525,"energy":9,"posx":10,"posy":3,"lastAction":0,"status":0},{"playerId":2415753,"score":550,"energy":14,"posx":10,"posy":2,"lastAction":4,"status":0},{"playerId":2233933,"score":475,"energy":29,"posx":10,"posy":3,"lastAction":0,"status":0}],"golds":[{"posx":2,"posy":1,"amount":250},{"posx":6,"posy":1,"amount":150},{"posx":8,"posy":1,"amount":250},{"posx":20,"posy":1,"amount":150},{"posx":10,"posy":2,"amount":400},{"posx":5,"posy":3,"amount":650},{"posx":1,"posy":4,"amount":750},{"posx":4,"posy":4,"amount":400},{"posx":7,"posy":4,"amount":200},{"posx":8,"posy":4,"amount":300},{"posx":9,"posy":4,"amount":250},{"posx":6,"posy":5,"amount":650},{"posx":12,"posy":5,"amount":250},{"posx":19,"posy":5,"amount":500},{"posx":19,"posy":6,"amount":300},{"posx":16,"posy":7,"amount":100}],"changedObstacles":[]},{"players":[{"playerId":2344466,"score":650,"energy":4,"posx":19,"posy":5,"lastAction":5,"status":0},{"playerId":2251128,"score":525,"energy":5,"posx":10,"posy":2,"lastAction":2,"status":0},{"playerId":2415753,"score":600,"energy":9,"posx":10,"posy":2,"lastAction":5,"status":0},{"playerId":2233933,"score":475,"energy":16,"posx":9,"posy":3,"lastAction":0,"status":0}],"golds":[{"posx":2,"posy":1,"amount":250},{"posx":6,"posy":1,"amount":150},{"posx":8,"posy":1,"amount":250},{"posx":20,"posy":1,"amount":150},{"posx":10,"posy":2,"amount":350},{"posx":5,"posy":3,"amount":650},{"posx":1,"posy":4,"amount":750},{"posx":4,"posy":4,"amount":400},{"posx":7,"posy":4,"amount":200},{"posx":8,"posy":4,"amount":300},{"posx":9,"posy":4,"amount":250},{"posx":6,"posy":5,"amount":650},{"posx":12,"posy":5,"amount":250},{"posx":19,"posy":5,"amount":450},{"posx":19,"posy":6,"amount":300},{"posx":16,"posy":7,"amount":100}],"changedObstacles":[]},{"players":[{"playerId":2344466,"score":650,"energy":16,"posx":19,"posy":5,"lastAction":4,"status":0},{"playerId":2251128,"score":525,"energy":17,"posx":10,"posy":2,"lastAction":4,"status":0},{"playerId":2415753,"score":650,"energy":4,"posx":10,"posy":2,"lastAction":5,"status":0},{"playerId":2233933,"score":475,"energy":15,"posx":8,"posy":3,"lastAction":0,"status":0}],"golds":[{"posx":2,"posy":1,"amount":250},{"posx":6,"posy":1,"amount":150},{"posx":8,"posy":1,"amount":250},{"posx":20,"posy":1,"amount":150},{"posx":10,"posy":2,"amount":300},{"posx":5,"posy":3,"amount":650},{"posx":1,"posy":4,"amount":750},{"posx":4,"posy":4,"amount":400},{"posx":7,"posy":4,"amount":200},{"posx":8,"posy":4,"amount":300},{"posx":9,"posy":4,"amount":250},{"posx":6,"posy":5,"amount":650},{"posx":12,"posy":5,"amount":250},{"posx":19,"posy":5,"amount":450},{"posx":19,"posy":6,"amount":300},{"posx":16,"posy":7,"amount":100}],"changedObstacles":[]},{"players":[{"playerId":2344466,"score":650,"energy":32,"posx":19,"posy":5,"lastAction":4,"status":0},{"playerId":2251128,"score":525,"energy":33,"posx":10,"posy":2,"lastAction":4,"status":0},{"playerId":2415753,"score":650,"energy":16,"posx":10,"posy":2,"lastAction":4,"status":0},{"playerId":2233933,"score":475,"energy":10,"posx":7,"posy":3,"lastAction":0,"status":0}],"golds":[{"posx":2,"posy":1,"amount":250},{"posx":6,"posy":1,"amount":150},{"posx":8,"posy":1,"amount":250},{"posx":20,"posy":1,"amount":150},{"posx":10,"posy":2,"amount":300},{"posx":5,"posy":3,"amount":650},{"posx":1,"posy":4,"amount":750},{"posx":4,"posy":4,"amount":400},{"posx":7,"posy":4,"amount":200},{"posx":8,"posy":4,"amount":300},{"posx":9,"posy":4,"amount":250},{"posx":6,"posy":5,"amount":650},{"posx":12,"posy":5,"amount":250},{"posx":19,"posy":5,"amount":450},{"posx":19,"posy":6,"amount":300},{"posx":16,"posy":7,"amount":100}],"changedObstacles":[{"type":3,"posx":7,"posy":3,"value":-20}]},{"players":[{"playerId":2344466,"score":650,"energy":50,"posx":19,"posy":5,"lastAction":4,"status":0},{"playerId":2251128,"score":525,"energy":50,"posx":10,"posy":2,"lastAction":4,"status":0},{"playerId":2415753,"score":700,"energy":11,"posx":10,"posy":2,"lastAction":5,"status":0},{"playerId":2233933,"score":475,"energy":9,"posx":6,"posy":3,"lastAction":0,"status":0}],"golds":[{"posx":2,"posy":1,"amount":250},{"posx":6,"posy":1,"amount":150},{"posx":8,"posy":1,"amount":250},{"posx":20,"posy":1,"amount":150},{"posx":10,"posy":2,"amount":250},{"posx":5,"posy":3,"amount":650},{"posx":1,"posy":4,"amount":750},{"posx":4,"posy":4,"amount":400},{"posx":7,"posy":4,"amount":200},{"posx":8,"posy":4,"amount":300},{"posx":9,"posy":4,"amount":250},{"posx":6,"posy":5,"amount":650},{"posx":12,"posy":5,"amount":250},{"posx":19,"posy":5,"amount":450},{"posx":19,"posy":6,"amount":300},{"posx":16,"posy":7,"amount":100}],"changedObstacles":[]},{"players":[{"playerId":2344466,"score":700,"energy":45,"posx":19,"posy":5,"lastAction":5,"status":0},{"playerId":2251128,"score":575,"energy":45,"posx":10,"posy":2,"lastAction":5,"status":0},{"playerId":2415753,"score":750,"energy":6,"posx":10,"posy":2,"lastAction":5,"status":0},{"playerId":2233933,"score":475,"energy":5,"posx":5,"posy":3,"lastAction":0,"status":0}],"golds":[{"posx":2,"posy":1,"amount":250},{"posx":6,"posy":1,"amount":150},{"posx":8,"posy":1,"amount":250},{"posx":20,"posy":1,"amount":150},{"posx":10,"posy":2,"amount":150},{"posx":5,"posy":3,"amount":650},{"posx":1,"posy":4,"amount":750},{"posx":4,"posy":4,"amount":400},{"posx":7,"posy":4,"amount":200},{"posx":8,"posy":4,"amount":300},{"posx":9,"posy":4,"amount":250},{"posx":6,"posy":5,"amount":650},{"posx":12,"posy":5,"amount":250},{"posx":19,"posy":5,"amount":400},{"posx":19,"posy":6,"amount":300},{"posx":16,"posy":7,"amount":100}],"changedObstacles":[]},{"players":[{"playerId":2344466,"score":750,"energy":40,"posx":19,"posy":5,"lastAction":5,"status":0},{"playerId":2251128,"score":625,"energy":40,"posx":10,"posy":2,"lastAction":5,"status":0},{"playerId":2415753,"score":800,"energy":1,"posx":10,"posy":2,"lastAction":5,"status":0},{"playerId":2233933,"score":475,"energy":17,"posx":5,"posy":3,"lastAction":4,"status":0}],"golds":[{"posx":2,"posy":1,"amount":250},{"posx":6,"posy":1,"amount":150},{"posx":8,"posy":1,"amount":250},{"posx":20,"posy":1,"amount":150},{"posx":10,"posy":2,"amount":50},{"posx":5,"posy":3,"amount":650},{"posx":1,"posy":4,"amount":750},{"posx":4,"posy":4,"amount":400},{"posx":7,"posy":4,"amount":200},{"posx":8,"posy":4,"amount":300},{"posx":9,"posy":4,"amount":250},{"posx":6,"posy":5,"amount":650},{"posx":12,"posy":5,"amount":250},{"posx":19,"posy":5,"amount":350},{"posx":19,"posy":6,"amount":300},{"posx":16,"posy":7,"amount":100}],"changedObstacles":[]},{"players":[{"playerId":2344466,"score":800,"energy":35,"posx":19,"posy":5,"lastAction":5,"status":0},{"playerId":2251128,"score":675,"energy":35,"posx":10,"posy":2,"lastAction":5,"status":0},{"playerId":2415753,"score":800,"energy":13,"posx":10,"posy":2,"lastAction":4,"status":0},{"playerId":2233933,"score":475,"energy":33,"posx":5,"posy":3,"lastAction":4,"status":0}],"golds":[{"posx":2,"posy":1,"amount":250},{"posx":6,"posy":1,"amount":150},{"posx":8,"posy":1,"amount":250},{"posx":20,"posy":1,"amount":150},{"posx":5,"posy":3,"amount":650},{"posx":1,"posy":4,"amount":750},{"posx":4,"posy":4,"amount":400},{"posx":7,"posy":4,"amount":200},{"posx":8,"posy":4,"amount":300},{"posx":9,"posy":4,"amount":250},{"posx":6,"posy":5,"amount":650},{"posx":12,"posy":5,"amount":250},{"posx":19,"posy":5,"amount":300},{"posx":19,"posy":6,"amount":300},{"posx":16,"posy":7,"amount":100}],"changedObstacles":[{"type":0,"posx":10,"posy":2,"value":-1}]},{"players":[{"playerId":2344466,"score":850,"energy":30,"posx":19,"posy":5,"lastAction":5,"status":0},{"playerId":2251128,"score":675,"energy":25,"posx":9,"posy":2,"lastAction":0,"status":0},{"playerId":2415753,"score":800,"energy":12,"posx":10,"posy":3,"lastAction":3,"status":0},{"playerId":2233933,"score":525,"energy":28,"posx":5,"posy":3,"lastAction":5,"status":0}],"golds":[{"posx":2,"posy":1,"amount":250},{"posx":6,"posy":1,"amount":150},{"posx":8,"posy":1,"amount":250},{"posx":20,"posy":1,"amount":150},{"posx":5,"posy":3,"amount":600},{"posx":1,"posy":4,"amount":750},{"posx":4,"posy":4,"amount":400},{"posx":7,"posy":4,"amount":200},{"posx":8,"posy":4,"amount":300},{"posx":9,"posy":4,"amount":250},{"posx":6,"posy":5,"amount":650},{"posx":12,"posy":5,"amount":250},{"posx":19,"posy":5,"amount":250},{"posx":19,"posy":6,"amount":300},{"posx":16,"posy":7,"amount":100}],"changedObstacles":[{"type":0,"posx":9,"posy":2,"value":-1}]},{"players":[{"playerId":2344466,"score":900,"energy":25,"posx":19,"posy":5,"lastAction":5,"status":0},{"playerId":2251128,"score":675,"energy":24,"posx":9,"posy":1,"lastAction":2,"status":0},{"playerId":2415753,"score":800,"energy":2,"posx":10,"posy":4,"lastAction":3,"status":0},{"playerId":2233933,"score":575,"energy":23,"posx":5,"posy":3,"lastAction":5,"status":0}],"golds":[{"posx":2,"posy":1,"amount":250},{"posx":6,"posy":1,"amount":150},{"posx":8,"posy":1,"amount":250},{"posx":20,"posy":1,"amount":150},{"posx":5,"posy":3,"amount":550},{"posx":1,"posy":4,"amount":750},{"posx":4,"posy":4,"amount":400},{"posx":7,"posy":4,"amount":200},{"posx":8,"posy":4,"amount":300},{"posx":9,"posy":4,"amount":250},{"posx":6,"posy":5,"amount":650},{"posx":12,"posy":5,"amount":250},{"posx":19,"posy":5,"amount":200},{"posx":19,"posy":6,"amount":300},{"posx":16,"posy":7,"amount":100}],"changedObstacles":[{"type":0,"posx":10,"posy":4,"value":-1}]},{"players":[{"playerId":2344466,"score":950,"energy":20,"posx":19,"posy":5,"lastAction":5,"status":0},{"playerId":2251128,"score":675,"energy":20,"posx":8,"posy":1,"lastAction":0,"status":0},{"playerId":2415753,"score":800,"energy":14,"posx":10,"posy":4,"lastAction":4,"status":0},{"playerId":2233933,"score":625,"energy":18,"posx":5,"posy":3,"lastAction":5,"status":0}],"golds":[{"posx":2,"posy":1,"amount":250},{"posx":6,"posy":1,"amount":150},{"posx":8,"posy":1,"amount":250},{"posx":20,"posy":1,"amount":150},{"posx":5,"posy":3,"amount":500},{"posx":1,"posy":4,"amount":750},{"posx":4,"posy":4,"amount":400},{"posx":7,"posy":4,"amount":200},{"posx":8,"posy":4,"amount":300},{"posx":9,"posy":4,"amount":250},{"posx":6,"posy":5,"amount":650},{"posx":12,"posy":5,"amount":250},{"posx":19,"posy":5,"amount":150},{"posx":19,"posy":6,"amount":300},{"posx":16,"posy":7,"amount":100}],"changedObstacles":[]},{"players":[{"playerId":2344466,"score":1000,"energy":15,"posx":19,"posy":5,"lastAction":5,"status":0},{"playerId":2251128,"score":725,"energy":15,"posx":8,"posy":1,"lastAction":5,"status":0},{"playerId":2415753,"score":800,"energy":10,"posx":9,"posy":4,"lastAction":0,"status":0},{"playerId":2233933,"score":675,"energy":13,"posx":5,"posy":3,"lastAction":5,"status":0}],"golds":[{"posx":2,"posy":1,"amount":250},{"posx":6,"posy":1,"amount":150},{"posx":8,"posy":1,"amount":200},{"posx":20,"posy":1,"amount":150},{"posx":5,"posy":3,"amount":450},{"posx":1,"posy":4,"amount":750},{"posx":4,"posy":4,"amount":400},{"posx":7,"posy":4,"amount":200},{"posx":8,"posy":4,"amount":300},{"posx":9,"posy":4,"amount":250},{"posx":6,"posy":5,"amount":650},{"posx":12,"posy":5,"amount":250},{"posx":19,"posy":5,"amount":100},{"posx":19,"posy":6,"amount":300},{"posx":16,"posy":7,"amount":100}],"changedObstacles":[]},{"players":[{"playerId":2344466,"score":1050,"energy":10,"posx":19,"posy":5,"lastAction":5,"status":0},{"playerId":2251128,"score":775,"energy":10,"posx":8,"posy":1,"lastAction":5,"status":0},{"playerId":2415753,"score":850,"energy":5,"posx":9,"posy":4,"lastAction":5,"status":0},{"playerId":2233933,"score":725,"energy":8,"posx":5,"posy":3,"lastAction":5,"status":0}],"golds":[{"posx":2,"posy":1,"amount":250},{"posx":6,"posy":1,"amount":150},{"posx":8,"posy":1,"amount":150},{"posx":20,"posy":1,"amount":150},{"posx":5,"posy":3,"amount":400},{"posx":1,"posy":4,"amount":750},{"posx":4,"posy":4,"amount":400},{"posx":7,"posy":4,"amount":200},{"posx":8,"posy":4,"amount":300},{"posx":9,"posy":4,"amount":200},{"posx":6,"posy":5,"amount":650},{"posx":12,"posy":5,"amount":250},{"posx":19,"posy":5,"amount":50},{"posx":19,"posy":6,"amount":300},{"posx":16,"posy":7,"amount":100}],"changedObstacles":[]},{"players":[{"playerId":2344466,"score":1100,"energy":5,"posx":19,"posy":5,"lastAction":5,"status":0},{"playerId":2251128,"score":825,"energy":5,"posx":8,"posy":1,"lastAction":5,"status":0},{"playerId":2415753,"score":850,"energy":17,"posx":9,"posy":4,"lastAction":4,"status":0},{"playerId":2233933,"score":775,"energy":3,"posx":5,"posy":3,"lastAction":5,"status":0}],"golds":[{"posx":2,"posy":1,"amount":250},{"posx":6,"posy":1,"amount":150},{"posx":8,"posy":1,"amount":100},{"posx":20,"posy":1,"amount":150},{"posx":5,"posy":3,"amount":350},{"posx":1,"posy":4,"amount":750},{"posx":4,"posy":4,"amount":400},{"posx":7,"posy":4,"amount":200},{"posx":8,"posy":4,"amount":300},{"posx":9,"posy":4,"amount":200},{"posx":6,"posy":5,"amount":650},{"posx":12,"posy":5,"amount":250},{"posx":19,"posy":6,"amount":300},{"posx":16,"posy":7,"amount":100}],"changedObstacles":[{"type":0,"posx":19,"posy":5,"value":-1}]},{"players":[{"playerId":2344466,"score":1100,"energy":1,"posx":19,"posy":6,"lastAction":3,"status":0},{"playerId":2251128,"score":825,"energy":17,"posx":8,"posy":1,"lastAction":4,"status":0},{"playerId":2415753,"score":900,"energy":12,"posx":9,"posy":4,"lastAction":5,"status":0},{"playerId":2233933,"score":775,"energy":15,"posx":5,"posy":3,"lastAction":4,"status":0}],"golds":[{"posx":2,"posy":1,"amount":250},{"posx":6,"posy":1,"amount":150},{"posx":8,"posy":1,"amount":100},{"posx":20,"posy":1,"amount":150},{"posx":5,"posy":3,"amount":350},{"posx":1,"posy":4,"amount":750},{"posx":4,"posy":4,"amount":400},{"posx":7,"posy":4,"amount":200},{"posx":8,"posy":4,"amount":300},{"posx":9,"posy":4,"amount":150},{"posx":6,"posy":5,"amount":650},{"posx":12,"posy":5,"amount":250},{"posx":19,"posy":6,"amount":300},{"posx":16,"posy":7,"amount":100}],"changedObstacles":[]},{"players":[{"playerId":2344466,"score":1100,"energy":13,"posx":19,"posy":6,"lastAction":4,"status":0},{"playerId":2251128,"score":825,"energy":33,"posx":8,"posy":1,"lastAction":4,"status":0},{"playerId":2415753,"score":950,"energy":7,"posx":9,"posy":4,"lastAction":5,"status":0},{"playerId":2233933,"score":775,"energy":31,"posx":5,"posy":3,"lastAction":4,"status":0}],"golds":[{"posx":2,"posy":1,"amount":250},{"posx":6,"posy":1,"amount":150},{"posx":8,"posy":1,"amount":100},{"posx":20,"posy":1,"amount":150},{"posx":5,"posy":3,"amount":350},{"posx":1,"posy":4,"amount":750},{"posx":4,"posy":4,"amount":400},{"posx":7,"posy":4,"amount":200},{"posx":8,"posy":4,"amount":300},{"posx":9,"posy":4,"amount":100},{"posx":6,"posy":5,"amount":650},{"posx":12,"posy":5,"amount":250},{"posx":19,"posy":6,"amount":300},{"posx":16,"posy":7,"amount":100}],"changedObstacles":[]},{"players":[{"playerId":2344466,"score":1100,"energy":29,"posx":19,"posy":6,"lastAction":4,"status":0},{"playerId":2251128,"score":825,"energy":50,"posx":8,"posy":1,"lastAction":4,"status":0},{"playerId":2415753,"score":1000,"energy":2,"posx":9,"posy":4,"lastAction":5,"status":0},{"playerId":2233933,"score":825,"energy":26,"posx":5,"posy":3,"lastAction":5,"status":0}],"golds":[{"posx":2,"posy":1,"amount":250},{"posx":6,"posy":1,"amount":150},{"posx":8,"posy":1,"amount":100},{"posx":20,"posy":1,"amount":150},{"posx":5,"posy":3,"amount":300},{"posx":1,"posy":4,"amount":750},{"posx":4,"posy":4,"amount":400},{"posx":7,"posy":4,"amount":200},{"posx":8,"posy":4,"amount":300},{"posx":9,"posy":4,"amount":50},{"posx":6,"posy":5,"amount":650},{"posx":12,"posy":5,"amount":250},{"posx":19,"posy":6,"amount":300},{"posx":16,"posy":7,"amount":100}],"changedObstacles":[]},{"players":[{"playerId":2344466,"score":1100,"energy":50,"posx":19,"posy":6,"lastAction":4,"status":0},{"playerId":2251128,"score":875,"energy":45,"posx":8,"posy":1,"lastAction":5,"status":0},{"playerId":2415753,"score":1000,"energy":14,"posx":9,"posy":4,"lastAction":4,"status":0},{"playerId":2233933,"score":875,"energy":21,"posx":5,"posy":3,"lastAction":5,"status":0}],"golds":[{"posx":2,"posy":1,"amount":250},{"posx":6,"posy":1,"amount":150},{"posx":8,"posy":1,"amount":50},{"posx":20,"posy":1,"amount":150},{"posx":5,"posy":3,"amount":250},{"posx":1,"posy":4,"amount":750},{"posx":4,"posy":4,"amount":400},{"posx":7,"posy":4,"amount":200},{"posx":8,"posy":4,"amount":300},{"posx":9,"posy":4,"amount":50},{"posx":6,"posy":5,"amount":650},{"posx":12,"posy":5,"amount":250},{"posx":19,"posy":6,"amount":300},{"posx":16,"posy":7,"amount":100}],"changedObstacles":[]},{"players":[{"playerId":2344466,"score":1150,"energy":45,"posx":19,"posy":6,"lastAction":5,"status":0},{"playerId":2251128,"score":925,"energy":40,"posx":8,"posy":1,"lastAction":5,"status":0},{"playerId":2415753,"score":1050,"energy":9,"posx":9,"posy":4,"lastAction":5,"status":0},{"playerId":2233933,"score":925,"energy":16,"posx":5,"posy":3,"lastAction":5,"status":0}],"golds":[{"posx":2,"posy":1,"amount":250},{"posx":6,"posy":1,"amount":150},{"posx":20,"posy":1,"amount":150},{"posx":5,"posy":3,"amount":200},{"posx":1,"posy":4,"amount":750},{"posx":4,"posy":4,"amount":400},{"posx":7,"posy":4,"amount":200},{"posx":8,"posy":4,"amount":300},{"posx":6,"posy":5,"amount":650},{"posx":12,"posy":5,"amount":250},{"posx":19,"posy":6,"amount":250},{"posx":16,"posy":7,"amount":100}],"changedObstacles":[{"type":0,"posx":8,"posy":1,"value":-1},{"type":0,"posx":9,"posy":4,"value":-1}]},{"players":[{"playerId":2344466,"score":1200,"energy":40,"posx":19,"posy":6,"lastAction":5,"status":0},{"playerId":2251128,"score":925,"energy":39,"posx":7,"posy":1,"lastAction":0,"status":0},{"playerId":2415753,"score":1050,"energy":5,"posx":8,"posy":4,"lastAction":0,"status":0},{"playerId":2233933,"score":975,"energy":11,"posx":5,"posy":3,"lastAction":5,"status":0}],"golds":[{"posx":2,"posy":1,"amount":250},{"posx":6,"posy":1,"amount":150},{"posx":20,"posy":1,"amount":150},{"posx":5,"posy":3,"amount":150},{"posx":1,"posy":4,"amount":750},{"posx":4,"posy":4,"amount":400},{"posx":7,"posy":4,"amount":200},{"posx":8,"posy":4,"amount":300},{"posx":6,"posy":5,"amount":650},{"posx":12,"posy":5,"amount":250},{"posx":19,"posy":6,"amount":200},{"posx":16,"posy":7,"amount":100}],"changedObstacles":[]},{"players":[{"playerId":2344466,"score":1250,"energy":35,"posx":19,"posy":6,"lastAction":5,"status":0},{"playerId":2251128,"score":925,"energy":35,"posx":6,"posy":1,"lastAction":0,"status":0},{"playerId":2415753,"score":1050,"energy":17,"posx":8,"posy":4,"lastAction":4,"status":0},{"playerId":2233933,"score":1025,"energy":6,"posx":5,"posy":3,"lastAction":5,"status":0}],"golds":[{"posx":2,"posy":1,"amount":250},{"posx":6,"posy":1,"amount":150},{"posx":20,"posy":1,"amount":150},{"posx":5,"posy":3,"amount":100},{"posx":1,"posy":4,"amount":750},{"posx":4,"posy":4,"amount":400},{"posx":7,"posy":4,"amount":200},{"posx":8,"posy":4,"amount":300},{"posx":6,"posy":5,"amount":650},{"posx":12,"posy":5,"amount":250},{"posx":19,"posy":6,"amount":150},{"posx":16,"posy":7,"amount":100}],"changedObstacles":[]},{"players":[{"playerId":2344466,"score":1300,"energy":30,"posx":19,"posy":6,"lastAction":5,"status":0},{"playerId":2251128,"score":975,"energy":30,"posx":6,"posy":1,"lastAction":5,"status":0},{"playerId":2415753,"score":1100,"energy":12,"posx":8,"posy":4,"lastAction":5,"status":0},{"playerId":2233933,"score":1075,"energy":1,"posx":5,"posy":3,"lastAction":5,"status":0}],"golds":[{"posx":2,"posy":1,"amount":250},{"posx":6,"posy":1,"amount":100},{"posx":20,"posy":1,"amount":150},{"posx":5,"posy":3,"amount":50},{"posx":1,"posy":4,"amount":750},{"posx":4,"posy":4,"amount":400},{"posx":7,"posy":4,"amount":200},{"posx":8,"posy":4,"amount":250},{"posx":6,"posy":5,"amount":650},{"posx":12,"posy":5,"amount":250},{"posx":19,"posy":6,"amount":100},{"posx":16,"posy":7,"amount":100}],"changedObstacles":[]},{"players":[{"playerId":2344466,"score":1350,"energy":25,"posx":19,"posy":6,"lastAction":5,"status":0},{"playerId":2251128,"score":1025,"energy":25,"posx":6,"posy":1,"lastAction":5,"status":0},{"playerId":2415753,"score":1150,"energy":7,"posx":8,"posy":4,"lastAction":5,"status":0},{"playerId":2233933,"score":1075,"energy":13,"posx":5,"posy":3,"lastAction":4,"status":0}],"golds":[{"posx":2,"posy":1,"amount":250},{"posx":6,"posy":1,"amount":50},{"posx":20,"posy":1,"amount":150},{"posx":5,"posy":3,"amount":50},{"posx":1,"posy":4,"amount":750},{"posx":4,"posy":4,"amount":400},{"posx":7,"posy":4,"amount":200},{"posx":8,"posy":4,"amount":200},{"posx":6,"posy":5,"amount":650},{"posx":12,"posy":5,"amount":250},{"posx":19,"posy":6,"amount":50},{"posx":16,"posy":7,"amount":100}],"changedObstacles":[]},{"players":[{"playerId":2344466,"score":1400,"energy":20,"posx":19,"posy":6,"lastAction":5,"status":0},{"playerId":2251128,"score":1075,"energy":20,"posx":6,"posy":1,"lastAction":5,"status":0},{"playerId":2415753,"score":1200,"energy":2,"posx":8,"posy":4,"lastAction":5,"status":0},{"playerId":2233933,"score":1125,"energy":8,"posx":5,"posy":3,"lastAction":5,"status":0}],"golds":[{"posx":2,"posy":1,"amount":250},{"posx":20,"posy":1,"amount":150},{"posx":1,"posy":4,"amount":750},{"posx":4,"posy":4,"amount":400},{"posx":7,"posy":4,"amount":200},{"posx":8,"posy":4,"amount":150},{"posx":6,"posy":5,"amount":650},{"posx":12,"posy":5,"amount":250},{"posx":16,"posy":7,"amount":100}],"changedObstacles":[{"type":0,"posx":19,"posy":6,"value":-1},{"type":0,"posx":6,"posy":1,"value":-1},{"type":0,"posx":5,"posy":3,"value":-1}]},{"players":[{"playerId":2344466,"score":1400,"energy":19,"posx":18,"posy":6,"lastAction":0,"status":0},{"playerId":2251128,"score":1075,"energy":19,"posx":6,"posy":2,"lastAction":3,"status":0},{"playerId":2415753,"score":1200,"energy":14,"posx":8,"posy":4,"lastAction":4,"status":0},{"playerId":2233933,"score":1125,"energy":3,"posx":5,"posy":4,"lastAction":3,"status":0}],"golds":[{"posx":2,"posy":1,"amount":250},{"posx":20,"posy":1,"amount":150},{"posx":1,"posy":4,"amount":750},{"posx":4,"posy":4,"amount":400},{"posx":7,"posy":4,"amount":200},{"posx":8,"posy":4,"amount":150},{"posx":6,"posy":5,"amount":650},{"posx":12,"posy":5,"amount":250},{"posx":16,"posy":7,"amount":100}],"changedObstacles":[{"type":3,"posx":5,"posy":4,"value":-20}]},{"players":[{"playerId":2344466,"score":1400,"energy":18,"posx":17,"posy":6,"lastAction":0,"status":0},{"playerId":2251128,"score":1075,"energy":18,"posx":5,"posy":2,"lastAction":0,"status":0},{"playerId":2415753,"score":1250,"energy":9,"posx":8,"posy":4,"lastAction":5,"status":0},{"playerId":2233933,"score":1125,"energy":15,"posx":5,"posy":4,"lastAction":4,"status":0}],"golds":[{"posx":2,"posy":1,"amount":250},{"posx":20,"posy":1,"amount":150},{"posx":1,"posy":4,"amount":750},{"posx":4,"posy":4,"amount":400},{"posx":7,"posy":4,"amount":200},{"posx":8,"posy":4,"amount":100},{"posx":6,"posy":5,"amount":650},{"posx":12,"posy":5,"amount":250},{"posx":16,"posy":7,"amount":100}],"changedObstacles":[]},{"players":[{"playerId":2344466,"score":1400,"energy":30,"posx":17,"posy":6,"lastAction":4,"status":0},{"playerId":2251128,"score":1075,"energy":17,"posx":5,"posy":3,"lastAction":3,"status":0},{"playerId":2415753,"score":1300,"energy":4,"posx":8,"posy":4,"lastAction":5,"status":0},{"playerId":2233933,"score":1125,"energy":11,"posx":4,"posy":4,"lastAction":0,"status":0}],"golds":[{"posx":2,"posy":1,"amount":250},{"posx":20,"posy":1,"amount":150},{"posx":1,"posy":4,"amount":750},{"posx":4,"posy":4,"amount":400},{"posx":7,"posy":4,"amount":200},{"posx":8,"posy":4,"amount":50},{"posx":6,"posy":5,"amount":650},{"posx":12,"posy":5,"amount":250},{"posx":16,"posy":7,"amount":100}],"changedObstacles":[]},{"players":[{"playerId":2344466,"score":1400,"energy":46,"posx":17,"posy":6,"lastAction":4,"status":0},{"playerId":2251128,"score":1075,"energy":29,"posx":5,"posy":3,"lastAction":4,"status":0},{"playerId":2415753,"score":1300,"energy":16,"posx":8,"posy":4,"lastAction":4,"status":0},{"playerId":2233933,"score":1175,"energy":6,"posx":4,"posy":4,"lastAction":5,"status":0}],"golds":[{"posx":2,"posy":1,"amount":250},{"posx":20,"posy":1,"amount":150},{"posx":1,"posy":4,"amount":750},{"posx":4,"posy":4,"amount":350},{"posx":7,"posy":4,"amount":200},{"posx":8,"posy":4,"amount":50},{"posx":6,"posy":5,"amount":650},{"posx":12,"posy":5,"amount":250},{"posx":16,"posy":7,"amount":100}],"changedObstacles":[]},{"players":[{"playerId":2344466,"score":1400,"energy":32,"posx":16,"posy":6,"lastAction":0,"status":0},{"playerId":2251128,"score":1075,"energy":45,"posx":5,"posy":3,"lastAction":4,"status":0},{"playerId":2415753,"score":1350,"energy":11,"posx":8,"posy":4,"lastAction":5,"status":0},{"playerId":2233933,"score":1225,"energy":1,"posx":4,"posy":4,"lastAction":5,"status":0}],"golds":[{"posx":2,"posy":1,"amount":250},{"posx":20,"posy":1,"amount":150},{"posx":1,"posy":4,"amount":750},{"posx":4,"posy":4,"amount":300},{"posx":7,"posy":4,"amount":200},{"posx":6,"posy":5,"amount":650},{"posx":12,"posy":5,"amount":250},{"posx":16,"posy":7,"amount":100}],"changedObstacles":[{"type":0,"posx":8,"posy":4,"value":-1}]},{"players":[{"playerId":2344466,"score":1400,"energy":31,"posx":15,"posy":6,"lastAction":0,"status":0},{"playerId":2251128,"score":1075,"energy":44,"posx":6,"posy":3,"lastAction":1,"status":0},{"playerId":2415753,"score":1350,"energy":10,"posx":8,"posy":5,"lastAction":3,"status":0},{"playerId":2233933,"score":1225,"energy":13,"posx":4,"posy":4,"lastAction":4,"status":0}],"golds":[{"posx":2,"posy":1,"amount":250},{"posx":20,"posy":1,"amount":150},{"posx":1,"posy":4,"amount":750},{"posx":4,"posy":4,"amount":300},{"posx":7,"posy":4,"amount":200},{"posx":6,"posy":5,"amount":650},{"posx":12,"posy":5,"amount":250},{"posx":16,"posy":7,"amount":100}],"changedObstacles":[]},{"players":[{"playerId":2344466,"score":1400,"energy":30,"posx":14,"posy":6,"lastAction":0,"status":0},{"playerId":2251128,"score":1075,"energy":27,"posx":6,"posy":4,"lastAction":3,"status":0},{"playerId":2415753,"score":1350,"energy":22,"posx":8,"posy":5,"lastAction":4,"status":0},{"playerId":2233933,"score":1225,"energy":29,"posx":4,"posy":4,"lastAction":4,"status":0}],"golds":[{"posx":2,"posy":1,"amount":250},{"posx":20,"posy":1,"amount":150},{"posx":1,"posy":4,"amount":750},{"posx":4,"posy":4,"amount":300},{"posx":7,"posy":4,"amount":200},{"posx":6,"posy":5,"amount":650},{"posx":12,"posy":5,"amount":250},{"posx":16,"posy":7,"amount":100}],"changedObstacles":[]},{"players":[{"playerId":2344466,"score":1400,"energy":25,"posx":13,"posy":6,"lastAction":0,"status":0},{"playerId":2251128,"score":1075,"energy":23,"posx":6,"posy":5,"lastAction":3,"status":0},{"playerId":2415753,"score":1350,"energy":12,"posx":7,"posy":5,"lastAction":0,"status":0},{"playerId":2233933,"score":1275,"energy":24,"posx":4,"posy":4,"lastAction":5,"status":0}],"golds":[{"posx":2,"posy":1,"amount":250},{"posx":20,"posy":1,"amount":150},{"posx":1,"posy":4,"amount":750},{"posx":4,"posy":4,"amount":250},{"posx":7,"posy":4,"amount":200},{"posx":6,"posy":5,"amount":650},{"posx":12,"posy":5,"amount":250},{"posx":16,"posy":7,"amount":100}],"changedObstacles":[{"type":3,"posx":13,"posy":6,"value":-20},{"type":0,"posx":7,"posy":5,"value":-1}]},{"players":[{"playerId":2344466,"score":1400,"energy":15,"posx":12,"posy":6,"lastAction":0,"status":0},{"playerId":2251128,"score":1125,"energy":18,"posx":6,"posy":5,"lastAction":5,"status":0},{"playerId":2415753,"score":1350,"energy":8,"posx":6,"posy":5,"lastAction":0,"status":0},{"playerId":2233933,"score":1325,"energy":19,"posx":4,"posy":4,"lastAction":5,"status":0}],"golds":[{"posx":2,"posy":1,"amount":250},{"posx":20,"posy":1,"amount":150},{"posx":1,"posy":4,"amount":750},{"posx":4,"posy":4,"amount":200},{"posx":7,"posy":4,"amount":200},{"posx":6,"posy":5,"amount":600},{"posx":12,"posy":5,"amount":250},{"posx":16,"posy":7,"amount":100}],"changedObstacles":[{"type":0,"posx":12,"posy":6,"value":-1}]},{"players":[{"playerId":2344466,"score":1400,"energy":5,"posx":11,"posy":6,"lastAction":0,"status":0},{"playerId":2251128,"score":1175,"energy":13,"posx":6,"posy":5,"lastAction":5,"status":0},{"playerId":2415753,"score":1400,"energy":3,"posx":6,"posy":5,"lastAction":5,"status":0},{"playerId":2233933,"score":1375,"energy":14,"posx":4,"posy":4,"lastAction":5,"status":0}],"golds":[{"posx":2,"posy":1,"amount":250},{"posx":20,"posy":1,"amount":150},{"posx":1,"posy":4,"amount":750},{"posx":4,"posy":4,"amount":150},{"posx":7,"posy":4,"amount":200},{"posx":6,"posy":5,"amount":500},{"posx":12,"posy":5,"amount":250},{"posx":16,"posy":7,"amount":100}],"changedObstacles":[{"type":0,"posx":11,"posy":6,"value":-1}]},{"players":[{"playerId":2344466,"score":1400,"energy":4,"posx":10,"posy":6,"lastAction":0,"status":0},{"playerId":2251128,"score":1225,"energy":8,"posx":6,"posy":5,"lastAction":5,"status":0},{"playerId":2415753,"score":1400,"energy":15,"posx":6,"posy":5,"lastAction":4,"status":0},{"playerId":2233933,"score":1425,"energy":9,"posx":4,"posy":4,"lastAction":5,"status":0}],"golds":[{"posx":2,"posy":1,"amount":250},{"posx":20,"posy":1,"amount":150},{"posx":1,"posy":4,"amount":750},{"posx":4,"posy":4,"amount":100},{"posx":7,"posy":4,"amount":200},{"posx":6,"posy":5,"amount":450},{"posx":12,"posy":5,"amount":250},{"posx":16,"posy":7,"amount":100}],"changedObstacles":[]},{"players":[{"playerId":2344466,"score":1400,"energy":3,"posx":9,"posy":6,"lastAction":0,"status":0},{"playerId":2251128,"score":1275,"energy":3,"posx":6,"posy":5,"lastAction":5,"status":0},{"playerId":2415753,"score":1450,"energy":10,"posx":6,"posy":5,"lastAction":5,"status":0},{"playerId":2233933,"score":1475,"energy":4,"posx":4,"posy":4,"lastAction":5,"status":0}],"golds":[{"posx":2,"posy":1,"amount":250},{"posx":20,"posy":1,"amount":150},{"posx":1,"posy":4,"amount":750},{"posx":4,"posy":4,"amount":50},{"posx":7,"posy":4,"amount":200},{"posx":6,"posy":5,"amount":350},{"posx":12,"posy":5,"amount":250},{"posx":16,"posy":7,"amount":100}],"changedObstacles":[]},{"players":[{"playerId":2344466,"score":1400,"energy":2,"posx":8,"posy":6,"lastAction":0,"status":0},{"playerId":2251128,"score":1275,"energy":15,"posx":6,"posy":5,"lastAction":4,"status":0},{"playerId":2415753,"score":1500,"energy":5,"posx":6,"posy":5,"lastAction":5,"status":0},{"playerId":2233933,"score":1475,"energy":16,"posx":4,"posy":4,"lastAction":4,"status":0}],"golds":[{"posx":2,"posy":1,"amount":250},{"posx":20,"posy":1,"amount":150},{"posx":1,"posy":4,"amount":750},{"posx":4,"posy":4,"amount":50},{"posx":7,"posy":4,"amount":200},{"posx":6,"posy":5,"amount":300},{"posx":12,"posy":5,"amount":250},{"posx":16,"posy":7,"amount":100}],"changedObstacles":[]},{"players":[{"playerId":2344466,"score":1400,"energy":1,"posx":7,"posy":6,"lastAction":0,"status":0},{"playerId":2251128,"score":1275,"energy":31,"posx":6,"posy":5,"lastAction":4,"status":0},{"playerId":2415753,"score":1500,"energy":17,"posx":6,"posy":5,"lastAction":4,"status":0},{"playerId":2233933,"score":1525,"energy":11,"posx":4,"posy":4,"lastAction":5,"status":0}],"golds":[{"posx":2,"posy":1,"amount":250},{"posx":20,"posy":1,"amount":150},{"posx":1,"posy":4,"amount":750},{"posx":7,"posy":4,"amount":200},{"posx":6,"posy":5,"amount":300},{"posx":12,"posy":5,"amount":250},{"posx":16,"posy":7,"amount":100}],"changedObstacles":[{"type":0,"posx":4,"posy":4,"value":-1}]},{"players":[{"playerId":2344466,"score":1400,"energy":13,"posx":7,"posy":6,"lastAction":4,"status":0},{"playerId":2251128,"score":1275,"energy":50,"posx":6,"posy":5,"lastAction":4,"status":0},{"playerId":2415753,"score":1550,"energy":12,"posx":6,"posy":5,"lastAction":5,"status":0},{"playerId":2233933,"score":1525,"energy":6,"posx":4,"posy":5,"lastAction":3,"status":0}],"golds":[{"posx":2,"posy":1,"amount":250},{"posx":20,"posy":1,"amount":150},{"posx":1,"posy":4,"amount":750},{"posx":7,"posy":4,"amount":200},{"posx":6,"posy":5,"amount":250},{"posx":12,"posy":5,"amount":250},{"posx":16,"posy":7,"amount":100}],"changedObstacles":[{"type":3,"posx":4,"posy":5,"value":-20}]},{"players":[{"playerId":2344466,"score":1400,"energy":29,"posx":7,"posy":6,"lastAction":4,"status":0},{"playerId":2251128,"score":1325,"energy":45,"posx":6,"posy":5,"lastAction":5,"status":0},{"playerId":2415753,"score":1600,"energy":7,"posx":6,"posy":5,"lastAction":5,"status":0},{"playerId":2233933,"score":1525,"energy":18,"posx":4,"posy":5,"lastAction":4,"status":0}],"golds":[{"posx":2,"posy":1,"amount":250},{"posx":20,"posy":1,"amount":150},{"posx":1,"posy":4,"amount":750},{"posx":7,"posy":4,"amount":200},{"posx":6,"posy":5,"amount":150},{"posx":12,"posy":5,"amount":250},{"posx":16,"posy":7,"amount":100}],"changedObstacles":[]},{"players":[{"playerId":2344466,"score":1400,"energy":50,"posx":7,"posy":6,"lastAction":4,"status":0},{"playerId":2251128,"score":1375,"energy":40,"posx":6,"posy":5,"lastAction":5,"status":0},{"playerId":2415753,"score":1650,"energy":2,"posx":6,"posy":5,"lastAction":5,"status":0},{"playerId":2233933,"score":1525,"energy":8,"posx":5,"posy":5,"lastAction":1,"status":0}],"golds":[{"posx":2,"posy":1,"amount":250},{"posx":20,"posy":1,"amount":150},{"posx":1,"posy":4,"amount":750},{"posx":7,"posy":4,"amount":200},{"posx":6,"posy":5,"amount":50},{"posx":12,"posy":5,"amount":250},{"posx":16,"posy":7,"amount":100}],"changedObstacles":[{"type":0,"posx":5,"posy":5,"value":-1}]},{"players":[{"playerId":2344466,"score":1400,"energy":49,"posx":7,"posy":5,"lastAction":2,"status":0},{"playerId":2251128,"score":1425,"energy":35,"posx":6,"posy":5,"lastAction":5,"status":0},{"playerId":2415753,"score":1650,"energy":14,"posx":6,"posy":5,"lastAction":4,"status":0},{"playerId":2233933,"score":1525,"energy":4,"posx":6,"posy":5,"lastAction":1,"status":0}],"golds":[{"posx":2,"posy":1,"amount":250},{"posx":20,"posy":1,"amount":150},{"posx":1,"posy":4,"amount":750},{"posx":7,"posy":4,"amount":200},{"posx":12,"posy":5,"amount":250},{"posx":16,"posy":7,"amount":100}],"changedObstacles":[{"type":0,"posx":6,"posy":5,"value":-1}]},{"players":[{"playerId":2344466,"score":1400,"energy":45,"posx":7,"posy":4,"lastAction":2,"status":0},{"playerId":2251128,"score":1425,"energy":34,"posx":7,"posy":5,"lastAction":1,"status":0},{"playerId":2415753,"score":1650,"energy":13,"posx":5,"posy":5,"lastAction":0,"status":0},{"playerId":2233933,"score":1525,"energy":3,"posx":7,"posy":5,"lastAction":1,"status":0}],"golds":[{"posx":2,"posy":1,"amount":250},{"posx":20,"posy":1,"amount":150},{"posx":1,"posy":4,"amount":750},{"posx":7,"posy":4,"amount":200},{"posx":12,"posy":5,"amount":250},{"posx":16,"posy":7,"amount":100}],"changedObstacles":[]},{"players":[{"playerId":2344466,"score":1450,"energy":40,"posx":7,"posy":4,"lastAction":5,"status":0},{"playerId":2251128,"score":1425,"energy":33,"posx":6,"posy":5,"lastAction":0,"status":0},{"playerId":2415753,"score":1650,"energy":25,"posx":5,"posy":5,"lastAction":4,"status":0},{"playerId":2233933,"score":1525,"energy":15,"posx":7,"posy":5,"lastAction":4,"status":0}],"golds":[{"posx":2,"posy":1,"amount":250},{"posx":20,"posy":1,"amount":150},{"posx":1,"posy":4,"amount":750},{"posx":7,"posy":4,"amount":150},{"posx":12,"posy":5,"amount":250},{"posx":16,"posy":7,"amount":100}],"changedObstacles":[]},{"players":[{"playerId":2344466,"score":1500,"energy":35,"posx":7,"posy":4,"lastAction":5,"status":0},{"playerId":2251128,"score":1425,"energy":32,"posx":5,"posy":5,"lastAction":0,"status":0},{"playerId":2415753,"score":1650,"energy":5,"posx":4,"posy":5,"lastAction":0,"status":0},{"playerId":2233933,"score":1525,"energy":11,"posx":7,"posy":4,"lastAction":2,"status":0}],"golds":[{"posx":2,"posy":1,"amount":250},{"posx":20,"posy":1,"amount":150},{"posx":1,"posy":4,"amount":750},{"posx":7,"posy":4,"amount":100},{"posx":12,"posy":5,"amount":250},{"posx":16,"posy":7,"amount":100}],"changedObstacles":[{"type":3,"posx":4,"posy":5,"value":-40}]},{"players":[{"playerId":2344466,"score":1550,"energy":30,"posx":7,"posy":4,"lastAction":5,"status":0},{"playerId":2251128,"score":1425,"energy":44,"posx":5,"posy":5,"lastAction":4,"status":0},{"playerId":2415753,"score":1650,"energy":17,"posx":4,"posy":5,"lastAction":4,"status":0},{"playerId":2233933,"score":1575,"energy":6,"posx":7,"posy":4,"lastAction":5,"status":0}],"golds":[{"posx":2,"posy":1,"amount":250},{"posx":20,"posy":1,"amount":150},{"posx":1,"posy":4,"amount":750},{"posx":12,"posy":5,"amount":250},{"posx":16,"posy":7,"amount":100}],"changedObstacles":[{"type":0,"posx":7,"posy":4,"value":-1}]},{"players":[{"playerId":2344466,"score":1550,"energy":24,"posx":6,"posy":4,"lastAction":0,"status":0},{"playerId":2251128,"score":1425,"energy":4,"posx":4,"posy":5,"lastAction":0,"status":0},{"playerId":2415753,"score":1650,"energy":12,"posx":3,"posy":5,"lastAction":0,"status":0},{"playerId":2233933,"score":1575,"energy":18,"posx":7,"posy":4,"lastAction":4,"status":0}],"golds":[{"posx":2,"posy":1,"amount":250},{"posx":20,"posy":1,"amount":150},{"posx":1,"posy":4,"amount":750},{"posx":12,"posy":5,"amount":250},{"posx":16,"posy":7,"amount":100}],"changedObstacles":[{"type":3,"posx":4,"posy":5,"value":-100},{"type":3,"posx":3,"posy":5,"value":-20}]},{"players":[{"playerId":2344466,"score":1550,"energy":4,"posx":5,"posy":4,"lastAction":0,"status":0},{"playerId":2251128,"score":1425,"energy":16,"posx":4,"posy":5,"lastAction":4,"status":0},{"playerId":2415753,"score":1650,"energy":11,"posx":2,"posy":5,"lastAction":0,"status":0},{"playerId":2233933,"score":1575,"energy":34,"posx":7,"posy":4,"lastAction":4,"status":0}],"golds":[{"posx":2,"posy":1,"amount":250},{"posx":20,"posy":1,"amount":150},{"posx":1,"posy":4,"amount":750},{"posx":12,"posy":5,"amount":250},{"posx":16,"posy":7,"amount":100}],"changedObstacles":[{"type":3,"posx":5,"posy":4,"value":-40}]},{"players":[{"playerId":2344466,"score":1550,"energy":3,"posx":4,"posy":4,"lastAction":0,"status":0},{"playerId":2251128,"score":1425,"energy":32,"posx":4,"posy":5,"lastAction":4,"status":0},{"playerId":2415753,"score":1650,"energy":23,"posx":2,"posy":5,"lastAction":4,"status":0},{"playerId":2233933,"score":1575,"energy":33,"posx":8,"posy":4,"lastAction":1,"status":0}],"golds":[{"posx":2,"posy":1,"amount":250},{"posx":20,"posy":1,"amount":150},{"posx":1,"posy":4,"amount":750},{"posx":12,"posy":5,"amount":250},{"posx":16,"posy":7,"amount":100}],"changedObstacles":[]},{"players":[{"playerId":2344466,"score":1550,"energy":15,"posx":4,"posy":4,"lastAction":4,"status":0},{"playerId":2251128,"score":1425,"energy":50,"posx":4,"posy":5,"lastAction":4,"status":0},{"playerId":2415753,"score":1650,"energy":15,"posx":1,"posy":5,"lastAction":0,"status":0},{"playerId":2233933,"score":1575,"energy":32,"posx":9,"posy":4,"lastAction":1,"status":0}],"golds":[{"posx":2,"posy":1,"amount":250},{"posx":20,"posy":1,"amount":150},{"posx":1,"posy":4,"amount":750},{"posx":12,"posy":5,"amount":250},{"posx":16,"posy":7,"amount":100}],"changedObstacles":[]},{"players":[{"playerId":2344466,"score":1550,"energy":31,"posx":4,"posy":4,"lastAction":4,"status":0},{"playerId":2251128,"score":1425,"energy":30,"posx":3,"posy":5,"lastAction":0,"status":0},{"playerId":2415753,"score":1650,"energy":11,"posx":1,"posy":4,"lastAction":2,"status":0},{"playerId":2233933,"score":1575,"energy":31,"posx":10,"posy":4,"lastAction":1,"status":0}],"golds":[{"posx":2,"posy":1,"amount":250},{"posx":20,"posy":1,"amount":150},{"posx":1,"posy":4,"amount":750},{"posx":12,"posy":5,"amount":250},{"posx":16,"posy":7,"amount":100}],"changedObstacles":[{"type":3,"posx":3,"posy":5,"value":-40}]},{"players":[{"playerId":2344466,"score":1550,"energy":50,"posx":4,"posy":4,"lastAction":4,"status":0},{"playerId":2251128,"score":1425,"energy":29,"posx":2,"posy":5,"lastAction":0,"status":0},{"playerId":2415753,"score":1700,"energy":6,"posx":1,"posy":4,"lastAction":5,"status":0},{"playerId":2233933,"score":1575,"energy":26,"posx":10,"posy":5,"lastAction":3,"status":0}],"golds":[{"posx":2,"posy":1,"amount":250},{"posx":20,"posy":1,"amount":150},{"posx":1,"posy":4,"amount":700},{"posx":12,"posy":5,"amount":250},{"posx":16,"posy":7,"amount":100}],"changedObstacles":[{"type":3,"posx":10,"posy":5,"value":-20}]},{"players":[{"playerId":2344466,"score":1550,"energy":42,"posx":3,"posy":4,"lastAction":0,"status":0},{"playerId":2251128,"score":1425,"energy":22,"posx":2,"posy":4,"lastAction":2,"status":0},{"playerId":2415753,"score":1750,"energy":1,"posx":1,"posy":4,"lastAction":5,"status":0},{"playerId":2233933,"score":1575,"energy":9,"posx":11,"posy":5,"lastAction":1,"status":0}],"golds":[{"posx":2,"posy":1,"amount":250},{"posx":20,"posy":1,"amount":150},{"posx":1,"posy":4,"amount":650},{"posx":12,"posy":5,"amount":250},{"posx":16,"posy":7,"amount":100}],"changedObstacles":[]},{"players":[{"playerId":2344466,"score":1550,"energy":28,"posx":2,"posy":4,"lastAction":0,"status":0},{"playerId":2251128,"score":1425,"energy":18,"posx":1,"posy":4,"lastAction":0,"status":0},{"playerId":2415753,"score":1750,"energy":13,"posx":1,"posy":4,"lastAction":4,"status":0},{"playerId":2233933,"score":1575,"energy":5,"posx":12,"posy":5,"lastAction":1,"status":0}],"golds":[{"posx":2,"posy":1,"amount":250},{"posx":20,"posy":1,"amount":150},{"posx":1,"posy":4,"amount":650},{"posx":12,"posy":5,"amount":250},{"posx":16,"posy":7,"amount":100}],"changedObstacles":[]},{"players":[{"playerId":2344466,"score":1550,"energy":24,"posx":1,"posy":4,"lastAction":0,"status":0},{"playerId":2251128,"score":1475,"energy":13,"posx":1,"posy":4,"lastAction":5,"status":0},{"playerId":2415753,"score":1800,"energy":8,"posx":1,"posy":4,"lastAction":5,"status":0},{"playerId":2233933,"score":1575,"energy":17,"posx":12,"posy":5,"lastAction":4,"status":0}],"golds":[{"posx":2,"posy":1,"amount":250},{"posx":20,"posy":1,"amount":150},{"posx":1,"posy":4,"amount":550},{"posx":12,"posy":5,"amount":250},{"posx":16,"posy":7,"amount":100}],"changedObstacles":[]},{"players":[{"playerId":2344466,"score":1600,"energy":19,"posx":1,"posy":4,"lastAction":5,"status":0},{"playerId":2251128,"score":1525,"energy":8,"posx":1,"posy":4,"lastAction":5,"status":0},{"playerId":2415753,"score":1850,"energy":3,"posx":1,"posy":4,"lastAction":5,"status":0},{"playerId":2233933,"score":1575,"energy":33,"posx":12,"posy":5,"lastAction":4,"status":0}],"golds":[{"posx":2,"posy":1,"amount":250},{"posx":20,"posy":1,"amount":150},{"posx":1,"posy":4,"amount":400},{"posx":12,"posy":5,"amount":250},{"posx":16,"posy":7,"amount":100}],"changedObstacles":[]},{"players":[{"playerId":2344466,"score":1650,"energy":14,"posx":1,"posy":4,"lastAction":5,"status":0},{"playerId":2251128,"score":1575,"energy":3,"posx":1,"posy":4,"lastAction":5,"status":0},{"playerId":2415753,"score":1850,"energy":15,"posx":1,"posy":4,"lastAction":4,"status":0},{"playerId":2233933,"score":1625,"energy":28,"posx":12,"posy":5,"lastAction":5,"status":0}],"golds":[{"posx":2,"posy":1,"amount":250},{"posx":20,"posy":1,"amount":150},{"posx":1,"posy":4,"amount":300},{"posx":12,"posy":5,"amount":200},{"posx":16,"posy":7,"amount":100}],"changedObstacles":[]},{"players":[{"playerId":2344466,"score":1700,"energy":9,"posx":1,"posy":4,"lastAction":5,"status":0},{"playerId":2251128,"score":1575,"energy":15,"posx":1,"posy":4,"lastAction":4,"status":0},{"playerId":2415753,"score":1900,"energy":10,"posx":1,"posy":4,"lastAction":5,"status":0},{"playerId":2233933,"score":1675,"energy":23,"posx":12,"posy":5,"lastAction":5,"status":0}],"golds":[{"posx":2,"posy":1,"amount":250},{"posx":20,"posy":1,"amount":150},{"posx":1,"posy":4,"amount":200},{"posx":12,"posy":5,"amount":150},{"posx":16,"posy":7,"amount":100}],"changedObstacles":[]},{"players":[{"playerId":2344466,"score":1750,"energy":4,"posx":1,"posy":4,"lastAction":5,"status":0},{"playerId":2251128,"score":1575,"energy":31,"posx":1,"posy":4,"lastAction":4,"status":0},{"playerId":2415753,"score":1950,"energy":5,"posx":1,"posy":4,"lastAction":5,"status":0},{"playerId":2233933,"score":1725,"energy":18,"posx":12,"posy":5,"lastAction":5,"status":0}],"golds":[{"posx":2,"posy":1,"amount":250},{"posx":20,"posy":1,"amount":150},{"posx":1,"posy":4,"amount":100},{"posx":12,"posy":5,"amount":100},{"posx":16,"posy":7,"amount":100}],"changedObstacles":[]},{"players":[{"playerId":2344466,"score":1750,"energy":16,"posx":1,"posy":4,"lastAction":4,"status":0},{"playerId":2251128,"score":1575,"energy":50,"posx":1,"posy":4,"lastAction":4,"status":0},{"playerId":2415753,"score":1950,"energy":17,"posx":1,"posy":4,"lastAction":4,"status":0},{"playerId":2233933,"score":1775,"energy":13,"posx":12,"posy":5,"lastAction":5,"status":0}],"golds":[{"posx":2,"posy":1,"amount":250},{"posx":20,"posy":1,"amount":150},{"posx":1,"posy":4,"amount":100},{"posx":12,"posy":5,"amount":50},{"posx":16,"posy":7,"amount":100}],"changedObstacles":[]},{"players":[{"playerId":2344466,"score":1750,"energy":32,"posx":1,"posy":4,"lastAction":4,"status":0},{"playerId":2251128,"score":1625,"energy":45,"posx":1,"posy":4,"lastAction":5,"status":0},{"playerId":2415753,"score":2000,"energy":12,"posx":1,"posy":4,"lastAction":5,"status":0},{"playerId":2233933,"score":1825,"energy":8,"posx":12,"posy":5,"lastAction":5,"status":0}],"golds":[{"posx":2,"posy":1,"amount":250},{"posx":20,"posy":1,"amount":150},{"posx":16,"posy":7,"amount":100}],"changedObstacles":[{"type":0,"posx":1,"posy":4,"value":-1},{"type":0,"posx":12,"posy":5,"value":-1}]},{"players":[{"playerId":2344466,"score":1750,"energy":50,"posx":1,"posy":4,"lastAction":4,"status":0},{"playerId":2251128,"score":1625,"energy":35,"posx":1,"posy":3,"lastAction":2,"status":0},{"playerId":2415753,"score":2000,"energy":2,"posx":1,"posy":3,"lastAction":2,"status":0},{"playerId":2233933,"score":1825,"energy":7,"posx":12,"posy":6,"lastAction":3,"status":0}],"golds":[{"posx":2,"posy":1,"amount":250},{"posx":20,"posy":1,"amount":150},{"posx":16,"posy":7,"amount":100}],"changedObstacles":[{"type":0,"posx":1,"posy":3,"value":-1}]},{"players":[{"playerId":2344466,"score":1750,"energy":49,"posx":1,"posy":3,"lastAction":2,"status":0},{"playerId":2251128,"score":1625,"energy":24,"posx":1,"posy":2,"lastAction":2,"status":0},{"playerId":2415753,"score":2000,"energy":14,"posx":1,"posy":3,"lastAction":4,"status":0},{"playerId":2233933,"score":1825,"energy":6,"posx":12,"posy":7,"lastAction":3,"status":0}],"golds":[{"posx":2,"posy":1,"amount":250},{"posx":20,"posy":1,"amount":150},{"posx":16,"posy":7,"amount":100}],"changedObstacles":[]},{"players":[{"playerId":2344466,"score":1750,"energy":37,"posx":1,"posy":2,"lastAction":2,"status":0},{"playerId":2251128,"score":1625,"energy":23,"posx":1,"posy":1,"lastAction":2,"status":0},{"playerId":2415753,"score":2000,"energy":30,"posx":1,"posy":3,"lastAction":4,"status":0},{"playerId":2233933,"score":1825,"energy":1,"posx":13,"posy":7,"lastAction":1,"status":0}],"golds":[{"posx":2,"posy":1,"amount":250},{"posx":20,"posy":1,"amount":150},{"posx":16,"posy":7,"amount":100}],"changedObstacles":[{"type":3,"posx":13,"posy":7,"value":-20}]},{"players":[{"playerId":2344466,"score":1750,"energy":36,"posx":1,"posy":1,"lastAction":2,"status":0},{"playerId":2251128,"score":1625,"energy":19,"posx":2,"posy":1,"lastAction":1,"status":0},{"playerId":2415753,"score":2000,"energy":21,"posx":1,"posy":2,"lastAction":2,"status":0},{"playerId":2233933,"score":1825,"energy":13,"posx":13,"posy":7,"lastAction":4,"status":0}],"golds":[{"posx":2,"posy":1,"amount":250},{"posx":20,"posy":1,"amount":150},{"posx":16,"posy":7,"amount":100}],"changedObstacles":[]},{"players":[{"playerId":2344466,"score":1750,"energy":32,"posx":2,"posy":1,"lastAction":1,"status":0},{"playerId":2251128,"score":1675,"energy":14,"posx":2,"posy":1,"lastAction":5,"status":0},{"playerId":2415753,"score":2000,"energy":20,"posx":1,"posy":1,"lastAction":2,"status":0},{"playerId":2233933,"score":1825,"energy":29,"posx":13,"posy":7,"lastAction":4,"status":0}],"golds":[{"posx":2,"posy":1,"amount":200},{"posx":20,"posy":1,"amount":150},{"posx":16,"posy":7,"amount":100}],"changedObstacles":[]},{"players":[{"playerId":2344466,"score":1800,"energy":27,"posx":2,"posy":1,"lastAction":5,"status":0},{"playerId":2251128,"score":1725,"energy":9,"posx":2,"posy":1,"lastAction":5,"status":0},{"playerId":2415753,"score":2000,"energy":16,"posx":2,"posy":1,"lastAction":1,"status":0},{"playerId":2233933,"score":1825,"energy":50,"posx":13,"posy":7,"lastAction":4,"status":0}],"golds":[{"posx":2,"posy":1,"amount":100},{"posx":20,"posy":1,"amount":150},{"posx":16,"posy":7,"amount":100}],"changedObstacles":[]},{"players":[{"playerId":2344466,"score":1834,"energy":22,"posx":2,"posy":1,"lastAction":5,"status":0},{"playerId":2251128,"score":1759,"energy":4,"posx":2,"posy":1,"lastAction":5,"status":0},{"playerId":2415753,"score":2034,"energy":11,"posx":2,"posy":1,"lastAction":5,"status":0},{"playerId":2233933,"score":1825,"energy":49,"posx":14,"posy":7,"lastAction":1,"status":0}],"golds":[{"posx":20,"posy":1,"amount":150},{"posx":16,"posy":7,"amount":100}],"changedObstacles":[{"type":0,"posx":2,"posy":1,"value":-1}]},{"players":[{"playerId":2344466,"score":1834,"energy":8,"posx":3,"posy":1,"lastAction":1,"status":0},{"playerId":2251128,"score":1759,"energy":16,"posx":2,"posy":1,"lastAction":4,"status":0},{"playerId":2415753,"score":2034,"energy":10,"posx":2,"posy":2,"lastAction":3,"status":0},{"playerId":2233933,"score":1825,"energy":44,"posx":15,"posy":7,"lastAction":1,"status":0}],"golds":[{"posx":20,"posy":1,"amount":150},{"posx":16,"posy":7,"amount":100}],"changedObstacles":[{"type":3,"posx":15,"posy":7,"value":-20}]},{"players":[{"playerId":2344466,"score":1834,"energy":20,"posx":3,"posy":1,"lastAction":4,"status":0},{"playerId":2251128,"score":1759,"energy":32,"posx":2,"posy":1,"lastAction":4,"status":0},{"playerId":2415753,"score":2034,"energy":9,"posx":3,"posy":2,"lastAction":1,"status":0},{"playerId":2233933,"score":1825,"energy":40,"posx":16,"posy":7,"lastAction":1,"status":0}],"golds":[{"posx":20,"posy":1,"amount":150},{"posx":16,"posy":7,"amount":100}],"changedObstacles":[]},{"players":[{"playerId":2344466,"score":1834,"energy":36,"posx":3,"posy":1,"lastAction":4,"status":0},{"playerId":2251128,"score":1759,"energy":50,"posx":2,"posy":1,"lastAction":4,"status":0},{"playerId":2415753,"score":2034,"energy":21,"posx":3,"posy":2,"lastAction":4,"status":0},{"playerId":2233933,"score":1875,"energy":35,"posx":16,"posy":7,"lastAction":5,"status":0}],"golds":[{"posx":20,"posy":1,"amount":150},{"posx":16,"posy":7,"amount":50}],"changedObstacles":[]},{"players":[{"playerId":2344466,"score":1834,"energy":50,"posx":3,"posy":1,"lastAction":4,"status":0},{"playerId":2251128,"score":1759,"energy":50,"posx":2,"posy":1,"lastAction":4,"status":0},{"playerId":2415753,"score":2034,"energy":11,"posx":4,"posy":2,"lastAction":1,"status":0},{"playerId":2233933,"score":1925,"energy":30,"posx":16,"posy":7,"lastAction":5,"status":0}],"golds":[{"posx":20,"posy":1,"amount":150}],"changedObstacles":[{"type":0,"posx":4,"posy":2,"value":-1},{"type":0,"posx":16,"posy":7,"value":-1}]},{"players":[{"playerId":2344466,"score":1834,"energy":40,"posx":4,"posy":1,"lastAction":1,"status":0},{"playerId":2251128,"score":1759,"energy":50,"posx":2,"posy":1,"lastAction":4,"status":0},{"playerId":2415753,"score":2034,"energy":10,"posx":5,"posy":2,"lastAction":1,"status":0},{"playerId":2233933,"score":1925,"energy":42,"posx":16,"posy":7,"lastAction":4,"status":0}],"golds":[{"posx":20,"posy":1,"amount":150}],"changedObstacles":[{"type":0,"posx":4,"posy":1,"value":-1}]},{"players":[{"playerId":2344466,"score":1834,"energy":39,"posx":5,"posy":1,"lastAction":1,"status":0},{"playerId":2251128,"score":1759,"energy":50,"posx":2,"posy":1,"lastAction":4,"status":0},{"playerId":2415753,"score":2034,"energy":9,"posx":6,"posy":2,"lastAction":1,"status":0},{"playerId":2233933,"score":1925,"energy":50,"posx":16,"posy":7,"lastAction":4,"status":0}],"golds":[{"posx":20,"posy":1,"amount":150}],"changedObstacles":[]},{"players":[{"playerId":2344466,"score":1834,"energy":38,"posx":6,"posy":1,"lastAction":1,"status":0},{"playerId":2251128,"score":1759,"energy":50,"posx":2,"posy":1,"lastAction":4,"status":0},{"playerId":2415753,"score":2034,"energy":8,"posx":6,"posy":1,"lastAction":2,"status":0},{"playerId":2233933,"score":1925,"energy":50,"posx":16,"posy":7,"lastAction":4,"status":0}],"golds":[{"posx":20,"posy":1,"amount":150}],"changedObstacles":[]},{"players":[{"playerId":2344466,"score":1834,"energy":37,"posx":7,"posy":1,"lastAction":1,"status":0},{"playerId":2251128,"score":1759,"energy":50,"posx":2,"posy":1,"lastAction":4,"status":0},{"playerId":2415753,"score":2034,"energy":7,"posx":7,"posy":1,"lastAction":1,"status":0},{"playerId":2233933,"score":1925,"energy":50,"posx":16,"posy":7,"lastAction":4,"status":0}],"golds":[{"posx":20,"posy":1,"amount":150}],"changedObstacles":[]},{"players":[{"playerId":2344466,"score":1834,"energy":36,"posx":8,"posy":1,"lastAction":1,"status":0},{"playerId":2251128,"score":1759,"energy":50,"posx":2,"posy":1,"lastAction":4,"status":0},{"playerId":2415753,"score":2034,"energy":6,"posx":8,"posy":1,"lastAction":1,"status":0},{"playerId":2233933,"score":1925,"energy":50,"posx":16,"posy":7,"lastAction":4,"status":0}],"golds":[{"posx":20,"posy":1,"amount":150}],"changedObstacles":[]},{"players":[{"playerId":2344466,"score":1834,"energy":35,"posx":9,"posy":1,"lastAction":1,"status":0},{"playerId":2251128,"score":1759,"energy":50,"posx":2,"posy":1,"lastAction":4,"status":0},{"playerId":2415753,"score":2034,"energy":5,"posx":9,"posy":1,"lastAction":1,"status":0},{"playerId":2233933,"score":1925,"energy":50,"posx":16,"posy":7,"lastAction":4,"status":0}],"golds":[{"posx":20,"posy":1,"amount":150}],"changedObstacles":[]}]