[{"players":[{"playerId":206247,"score":0,"energy":49,"posx":16,"posy":1,"lastAction":0,"status":0},{"playerId":137845,"score":0,"energy":50,"posx":17,"posy":1,"lastAction":4,"status":0},{"playerId":2234905,"score":0,"energy":37,"posx":17,"posy":2,"lastAction":3,"status":0},{"playerId":2241999,"score":0,"energy":49,"posx":16,"posy":1,"lastAction":0,"status":0}],"golds":[{"posx":4,"posy":4,"amount":400},{"posx":13,"posy":3,"amount":550},{"posx":8,"posy":1,"amount":250},{"posx":16,"posy":7,"amount":100},{"posx":7,"posy":4,"amount":200},{"posx":16,"posy":4,"amount":500},{"posx":9,"posy":4,"amount":250},{"posx":20,"posy":1,"amount":150},{"posx":1,"posy":4,"amount":750},{"posx":8,"posy":4,"amount":300},{"posx":2,"posy":1,"amount":250},{"posx":12,"posy":5,"amount":250},{"posx":19,"posy":6,"amount":300},{"posx":6,"posy":1,"amount":150},{"posx":19,"posy":5,"amount":600},{"posx":5,"posy":3,"amount":650},{"posx":11,"posy":3,"amount":450},{"posx":10,"posy":2,"amount":650},{"posx":11,"posy":2,"amount":300},{"posx":6,"posy":5,"amount":650}],"changedObstacles":[]},{"players":[{"playerId":206247,"score":0,"energy":44,"posx":16,"posy":2,"lastAction":3,"status":0},{"playerId":137845,"score":0,"energy":49,"posx":16,"posy":1,"lastAction":0,"status":0},{"playerId":2234905,"score":0,"energy":27,"posx":17,"posy":3,"lastAction":3,"status":0},{"playerId":2241999,"score":0,"energy":39,"posx":15,"posy":1,"lastAction":0,"status":0}],"golds":[{"posx":4,"posy":4,"amount":400},{"posx":13,"posy":3,"amount":550},{"posx":8,"posy":1,"amount":250},{"posx":16,"posy":7,"amount":100},{"posx":7,"posy":4,"amount":200},{"posx":16,"posy":4,"amount":500},{"posx":9,"posy":4,"amount":250},{"posx":20,"posy":1,"amount":150},{"posx":1,"posy":4,"amount":750},{"posx":8,"posy":4,"amount":300},{"posx":2,"posy":1,"amount":250},{"posx":12,"posy":5,"amount":250},{"posx":19,"posy":6,"amount":300},{"posx":6,"posy":1,"amount":150},{"posx":19,"posy":5,"amount":600},{"posx":5,"posy":3,"amount":650},{"posx":11,"posy":3,"amount":450},{"posx":10,"posy":2,"amount":650},{"posx":11,"posy":2,"amount":300},{"posx":6,"posy":5,"amount":650}],"changedObstacles":[{"type":0,"posx":15,"posy":1,"value":-1},{"type":3,"posx":16,"posy":2,"value":-20},{"type":0,"posx":17,"posy":3,"value":-1}]},{"players":[{"playerId":206247,"score":0,"energy":34,"posx":15,"posy":2,"lastAction":0,"status":0},{"playerId":137845,"score":0,"energy":48,"posx":15,"posy":1,"lastAction":0,"status":0},{"playerId":2234905,"score":0,"energy":26,"posx":17,"posy":4,"lastAction":3,"status":0},{"playerId":2241999,"score":0,"energy":38,"posx":14,"posy":1,"lastAction":0,"status":0}],"golds":[{"posx":4,"posy":4,"amount":400},{"posx":13,"posy":3,"amount":550},{"posx":8,"posy":1,"amount":250},{"posx":16,"posy":7,"amount":100},{"posx":7,"posy":4,"amount":200},{"posx":16,"posy":4,"amount":500},{"posx":9,"posy":4,"amount":250},{"posx":20,"posy":1,"amount":150},{"posx":1,"posy":4,"amount":750},{"posx":8,"posy":4,"amount":300},{"posx":2,"posy":1,"amount":250},{"posx":12,"posy":5,"amount":250},{"posx":19,"posy":6,"amount":300},{"posx":6,"posy":1,"amount":150},{"posx":19,"posy":5,"amount":600},{"posx":5,"posy":3,"amount":650},{"posx":11,"posy":3,"amount":450},{"posx":10,"posy":2,"amount":650},{"posx":11,"posy":2,"amount":300},{"posx":6,"posy":5,"amount":650}],"changedObstacles":[{"type":0,"posx":15,"posy":2,"value":-1}]},{"players":[{"playerId":206247,"score":0,"energy":33,"posx":14,"posy":2,"lastAction":0,"status":0},{"playerId":137845,"score":0,"energy":47,"posx":14,"posy":1,"lastAction":0,"status":0},{"playerId":2234905,"score":0,"energy":19,"posx":17,"posy":5,"lastAction":3,"status":0},{"playerId":2241999,"score":0,"energy":37,"posx":14,"posy":2,"lastAction":3,"status":0}],"golds":[{"posx":4,"posy":4,"amount":400},{"posx":13,"posy":3,"amount":550},{"posx":8,"posy":1,"amount":250},{"posx":16,"posy":7,"amount":100},{"posx":7,"posy":4,"amount":200},{"posx":16,"posy":4,"amount":500},{"posx":9,"posy":4,"amount":250},{"posx":20,"posy":1,"amount":150},{"posx":1,"posy":4,"amount":750},{"posx":8,"posy":4,"amount":300},{"posx":2,"posy":1,"amount":250},{"posx":12,"posy":5,"amount":250},{"posx":19,"posy":6,"amount":300},{"posx":6,"posy":1,"amount":150},{"posx":19,"posy":5,"amount":600},{"posx":5,"posy":3,"amount":650},{"posx":11,"posy":3,"amount":450},{"posx":10,"posy":2,"amount":650},{"posx":11,"posy":2,"amount":300},{"posx":6,"posy":5,"amount":650}],"changedObstacles":[]},{"players":[{"playerId":206247,"score":0,"energy":28,"posx":14,"posy":3,"lastAction":3,"status":0},{"playerId":137845,"score":0,"energy":46,"posx":14,"posy":2,"lastAction":3,"status":0},{"playerId":2234905,"score":0,"energy":18,"posx":17,"posy":6,"lastAction":3,"status":0},{"playerId":2241999,"score":0,"energy":32,"posx":14,"posy":3,"lastAction":3,"status":0}],"golds":[{"posx":4,"posy":4,"amount":400},{"posx":13,"posy":3,"amount":550},{"posx":8,"posy":1,"amount":250},{"posx":16,"posy":7,"amount":100},{"posx":7,"posy":4,"amount":200},{"posx":16,"posy":4,"amount":500},{"posx":9,"posy":4,"amount":250},{"posx":20,"posy":1,"amount":150},{"posx":1,"posy":4,"amount":750},{"posx":8,"posy":4,"amount":300},{"posx":2,"posy":1,"amount":250},{"posx":12,"posy":5,"amount":250},{"posx":19,"posy":6,"amount":300},{"posx":6,"posy":1,"amount":150},{"posx":19,"posy":5,"amount":600},{"posx":5,"posy":3,"amount":650},{"posx":11,"posy":3,"amount":450},{"posx":10,"posy":2,"amount":650},{"posx":11,"posy":2,"amount":300},{"posx":6,"posy":5,"amount":650}],"changedObstacles":[{"type":3,"posx":14,"posy":3,"value":-20}]},{"players":[{"playerId":206247,"score":0,"energy":24,"posx":13,"posy":3,"lastAction":0,"status":0},{"playerId":137845,"score":0,"energy":35,"posx":13,"posy":2,"lastAction":0,"status":0},{"playerId":2234905,"score":0,"energy":17,"posx":18,"posy":6,"lastAction":1,"status":0},{"playerId":2241999,"score":0,"energy":28,"posx":13,"posy":3,"lastAction":0,"status":0}],"golds":[{"posx":4,"posy":4,"amount":400},{"posx":13,"posy":3,"amount":550},{"posx":8,"posy":1,"amount":250},{"posx":16,"posy":7,"amount":100},{"posx":7,"posy":4,"amount":200},{"posx":16,"posy":4,"amount":500},{"posx":9,"posy":4,"amount":250},{"posx":20,"posy":1,"amount":150},{"posx":1,"posy":4,"amount":750},{"posx":8,"posy":4,"amount":300},{"posx":2,"posy":1,"amount":250},{"posx":12,"posy":5,"amount":250},{"posx":19,"posy":6,"amount":300},{"posx":6,"posy":1,"amount":150},{"posx":19,"posy":5,"amount":600},{"posx":5,"posy":3,"amount":650},{"posx":11,"posy":3,"amount":450},{"posx":10,"posy":2,"amount":650},{"posx":11,"posy":2,"amount":300},{"posx":6,"posy":5,"amount":650}],"changedObstacles":[]},{"players":[{"playerId":206247,"score":0,"energy":23,"posx":12,"posy":3,"lastAction":0,"status":0},{"playerId":137845,"score":0,"energy":34,"posx":12,"posy":2,"lastAction":0,"status":0},{"playerId":2234905,"score":0,"energy":29,"posx":18,"posy":6,"lastAction":4,"status":0},{"playerId":2241999,"score":50,"energy":23,"posx":13,"posy":3,"lastAction":5,"status":0}],"golds":[{"posx":2,"posy":1,"amount":250},{"posx":6,"posy":1,"amount":150},{"posx":8,"posy":1,"amount":250},{"posx":20,"posy":1,"amount":150},{"posx":10,"posy":2,"amount":650},{"posx":11,"posy":2,"amount":300},{"posx":5,"posy":3,"amount":650},{"posx":11,"posy":3,"amount":450},{"posx":13,"posy":3,"amount":500},{"posx":1,"posy":4,"amount":750},{"posx":4,"posy":4,"amount":400},{"posx":7,"posy":4,"amount":200},{"posx":8,"posy":4,"amount":300},{"posx":9,"posy":4,"amount":250},{"posx":16,"posy":4,"amount":500},{"posx":6,"posy":5,"amount":650},{"posx":12,"posy":5,"amount":250},{"posx":19,"posy":5,"amount":600},{"posx":19,"posy":6,"amount":300},{"posx":16,"posy":7,"amount":100}],"changedObstacles":[]},{"players":[{"playerId":206247,"score":0,"energy":19,"posx":11,"posy":3,"lastAction":0,"status":0},{"playerId":137845,"score":0,"energy":30,"posx":11,"posy":2,"lastAction":0,"status":0},{"playerId":2234905,"score":0,"energy":45,"posx":18,"posy":6,"lastAction":4,"status":0},{"playerId":2241999,"score":100,"energy":18,"posx":13,"posy":3,"lastAction":5,"status":0}],"golds":[{"posx":2,"posy":1,"amount":250},{"posx":6,"posy":1,"amount":150},{"posx":8,"posy":1,"amount":250},{"posx":20,"posy":1,"amount":150},{"posx":10,"posy":2,"amount":650},{"posx":11,"posy":2,"amount":300},{"posx":5,"posy":3,"amount":650},{"posx":11,"posy":3,"amount":450},{"posx":13,"posy":3,"amount":450},{"posx":1,"posy":4,"amount":750},{"posx":4,"posy":4,"amount":400},{"posx":7,"posy":4,"amount":200},{"posx":8,"posy":4,"amount":300},{"posx":9,"posy":4,"amount":250},{"posx":16,"posy":4,"amount":500},{"posx":6,"posy":5,"amount":650},{"posx":12,"posy":5,"amount":250},{"posx":19,"posy":5,"amount":600},{"posx":19,"posy":6,"amount":300},{"posx":16,"posy":7,"amount":100}],"changedObstacles":[]},{"players":[{"playerId":206247,"score":50,"energy":14,"posx":11,"posy":3,"lastAction":5,"status":0},{"playerId":137845,"score":50,"energy":25,"posx":11,"posy":2,"lastAction":5,"status":0},{"playerId":2234905,"score":0,"energy":44,"posx":18,"posy":7,"lastAction":3,"status":0},{"playerId":2241999,"score":150,"energy":13,"posx":13,"posy":3,"lastAction":5,"status":0}],"golds":[{"posx":2,"posy":1,"amount":250},{"posx":6,"posy":1,"amount":150},{"posx":8,"posy":1,"amount":250},{"posx":20,"posy":1,"amount":150},{"posx":10,"posy":2,"amount":650},{"posx":11,"posy":2,"amount":250},{"posx":5,"posy":3,"amount":650},{"posx":11,"posy":3,"amount":400},{"posx":13,"posy":3,"amount":400},{"posx":1,"posy":4,"amount":750},{"posx":4,"posy":4,"amount":400},{"posx":7,"posy":4,"amount":200},{"posx":8,"posy":4,"amount":300},{"posx":9,"posy":4,"amount":250},{"posx":16,"posy":4,"amount":500},{"posx":6,"posy":5,"amount":650},{"posx":12,"posy":5,"amount":250},{"posx":19,"posy":5,"amount":600},{"posx":19,"posy":6,"amount":300},{"posx":16,"posy":7,"amount":100}],"changedObstacles":[]},{"players":[{"playerId":206247,"score":100,"energy":9,"posx":11,"posy":3,"lastAction":5,"status":0},{"playerId":137845,"score":100,"energy":20,"posx":11,"posy":2,"lastAction":5,"status":0},{"playerId":2234905,"score":0,"energy":30,"posx":18,"posy":8,"lastAction":3,"status":0},{"playerId":2241999,"score":200,"energy":8,"posx":13,"posy":3,"lastAction":5,"status":0}],"golds":[{"posx":2,"posy":1,"amount":250},{"posx":6,"posy":1,"amount":150},{"posx":8,"posy":1,"amount":250},{"posx":20,"posy":1,"amount":150},{"posx":10,"posy":2,"amount":650},{"posx":11,"posy":2,"amount":200},{"posx":5,"posy":3,"amount":650},{"posx":11,"posy":3,"amount":350},{"posx":13,"posy":3,"amount":350},{"posx":1,"posy":4,"amount":750},{"posx":4,"posy":4,"amount":400},{"posx":7,"posy":4,"amount":200},{"posx":8,"posy":4,"amount":300},{"posx":9,"posy":4,"amount":250},{"posx":16,"posy":4,"amount":500},{"posx":6,"posy":5,"amount":650},{"posx":12,"posy":5,"amount":250},{"posx":19,"posy":5,"amount":600},{"posx":19,"posy":6,"amount":300},{"posx":16,"posy":7,"amount":100}],"changedObstacles":[]},{"players":[{"playerId":206247,"score":150,"energy":4,"posx":11,"posy":3,"lastAction":5,"status":0},{"playerId":137845,"score":150,"energy":15,"posx":11,"posy":2,"lastAction":5,"status":0},{"playerId":2234905,"score":0,"energy":25,"posx":19,"posy":8,"lastAction":1,"status":0},{"playerId":2241999,"score":250,"energy":3,"posx":13,"posy":3,"lastAction":5,"status":0}],"golds":[{"posx":2,"posy":1,"amount":250},{"posx":6,"posy":1,"amount":150},{"posx":8,"posy":1,"amount":250},{"posx":20,"posy":1,"amount":150},{"posx":10,"posy":2,"amount":650},{"posx":11,"posy":2,"amount":150},{"posx":5,"posy":3,"amount":650},{"posx":11,"posy":3,"amount":300},{"posx":13,"posy":3,"amount":300},{"posx":1,"posy":4,"amount":750},{"posx":4,"posy":4,"amount":400},{"posx":7,"posy":4,"amount":200},{"posx":8,"posy":4,"amount":300},{"posx":9,"posy":4,"amount":250},{"posx":16,"posy":4,"amount":500},{"posx":6,"posy":5,"amount":650},{"posx":12,"posy":5,"amount":250},{"posx":19,"posy":5,"amount":600},{"posx":19,"posy":6,"amount":300},{"posx":16,"posy":7,"amount":100}],"changedObstacles":[{"type":3,"posx":19,"posy":8,"value":-20}]},{"players":[{"playerId":206247,"score":150,"energy":16,"posx":11,"posy":3,"lastAction":4,"status":0},{"playerId":137845,"score":200,"energy":10,"posx":11,"posy":2,"lastAction":5,"status":0},{"playerId":2234905,"score":0,"energy":24,"posx":20,"posy":8,"lastAction":1,"status":0},{"playerId":2241999,"score":250,"energy":15,"posx":13,"posy":3,"lastAction":4,"status":0}],"golds":[{"posx":2,"posy":1,"amount":250},{"posx":6,"posy":1,"amount":150},{"posx":8,"posy":1,"amount":250},{"posx":20,"posy":1,"amount":150},{"posx":10,"posy":2,"amount":650},{"posx":11,"posy":2,"amount":100},{"posx":5,"posy":3,"amount":650},{"posx":11,"posy":3,"amount":300},{"posx":13,"posy":3,"amount":300},{"posx":1,"posy":4,"amount":750},{"posx":4,"posy":4,"amount":400},{"posx":7,"posy":4,"amount":200},{"posx":8,"posy":4,"amount":300},{"posx":9,"posy":4,"amount":250},{"posx":16,"posy":4,"amount":500},{"posx":6,"posy":5,"amount":650},{"posx":12,"posy":5,"amount":250},{"posx":19,"posy":5,"amount":600},{"posx":19,"posy":6,"amount":300},{"posx":16,"posy":7,"amount":100}],"changedObstacles":[]},{"players":[{"playerId":206247,"score":150,"energy":32,"posx":11,"posy":3,"lastAction":4,"status":0},{"playerId":137845,"score":250,"energy":5,"posx":11,"posy":2,"lastAction":5,"status":0},{"playerId":2234905,"score":0,"energy":36,"posx":20,"posy":8,"lastAction":4,"status":0},{"playerId":2241999,"score":300,"energy":10,"posx":13,"posy":3,"lastAction":5,"status":0}],"golds":[{"posx":2,"posy":1,"amount":250},{"posx":6,"posy":1,"amount":150},{"posx":8,"posy":1,"amount":250},{"posx":20,"posy":1,"amount":150},{"posx":10,"posy":2,"amount":650},{"posx":11,"posy":2,"amount":50},{"posx":5,"posy":3,"amount":650},{"posx":11,"posy":3,"amount":300},{"posx":13,"posy":3,"amount":250},{"posx":1,"posy":4,"amount":750},{"posx":4,"posy":4,"amount":400},{"posx":7,"posy":4,"amount":200},{"posx":8,"posy":4,"amount":300},{"posx":9,"posy":4,"amount":250},{"posx":16,"posy":4,"amount":500},{"posx":6,"posy":5,"amount":650},{"posx":12,"posy":5,"amount":250},{"posx":19,"posy":5,"amount":600},{"posx":19,"posy":6,"amount":300},{"posx":16,"posy":7,"amount":100}],"changedObstacles":[]},{"players":[{"playerId":206247,"score":150,"energy":50,"posx":11,"posy":3,"lastAction":4,"status":0},{"playerId":137845,"score":250,"energy":17,"posx":11,"posy":2,"lastAction":4,"status":0},{"playerId":2234905,"score":0,"energy":50,"posx":20,"posy":8,"lastAction":4,"status":0},{"playerId":2241999,"score":350,"energy":5,"posx":13,"posy":3,"lastAction":5,"status":0}],"golds":[{"posx":2,"posy":1,"amount":250},{"posx":6,"posy":1,"amount":150},{"posx":8,"posy":1,"amount":250},{"posx":20,"posy":1,"amount":150},{"posx":10,"posy":2,"amount":650},{"posx":11,"posy":2,"amount":50},{"posx":5,"posy":3,"amount":650},{"posx":11,"posy":3,"amount":300},{"posx":13,"posy":3,"amount":200},{"posx":1,"posy":4,"amount":750},{"posx":4,"posy":4,"amount":400},{"posx":7,"posy":4,"amount":200},{"posx":8,"posy":4,"amount":300},{"posx":9,"posy":4,"amount":250},{"posx":16,"posy":4,"amount":500},{"posx":6,"posy":5,"amount":650},{"posx":12,"posy":5,"amount":250},{"posx":19,"posy":5,"amount":600},{"posx":19,"posy":6,"amount":300},{"posx":16,"posy":7,"amount":100}],"changedObstacles":[]},{"players":[{"playerId":206247,"score":200,"energy":45,"posx":11,"posy":3,"lastAction":5,"status":0},{"playerId":137845,"score":300,"energy":12,"posx":11,"posy":2,"lastAction":5,"status":0},{"playerId":2234905,"score":0,"energy":49,"posx":20,"posy":7,"lastAction":2,"status":0},{"playerId":2241999,"score":350,"energy":17,"posx":13,"posy":3,"lastAction":4,"status":0}],"golds":[{"posx":2,"posy":1,"amount":250},{"posx":6,"posy":1,"amount":150},{"posx":8,"posy":1,"amount":250},{"posx":20,"posy":1,"amount":150},{"posx":10,"posy":2,"amount":650},{"posx":5,"posy":3,"amount":650},{"posx":11,"posy":3,"amount":250},{"posx":13,"posy":3,"amount":200},{"posx":1,"posy":4,"amount":750},{"posx":4,"posy":4,"amount":400},{"posx":7,"posy":4,"amount":200},{"posx":8,"posy":4,"amount":300},{"posx":9,"posy":4,"amount":250},{"posx":16,"posy":4,"amount":500},{"posx":6,"posy":5,"amount":650},{"posx":12,"posy":5,"amount":250},{"posx":19,"posy":5,"amount":600},{"posx":19,"posy":6,"amount":300},{"posx":16,"posy":7,"amount":100}],"changedObstacles":[{"type":0,"posx":11,"posy":2,"value":-1}]},{"players":[{"playerId":206247,"score":250,"energy":40,"posx":11,"posy":3,"lastAction":5,"status":0},{"playerId":137845,"score":300,"energy":8,"posx":11,"posy":3,"lastAction":3,"status":0},{"playerId":2234905,"score":0,"energy":44,"posx":20,"posy":6,"lastAction":2,"status":0},{"playerId":2241999,"score":400,"energy":12,"posx":13,"posy":3,"lastAction":5,"status":0}],"golds":[{"posx":2,"posy":1,"amount":250},{"posx":6,"posy":1,"amount":150},{"posx":8,"posy":1,"amount":250},{"posx":20,"posy":1,"amount":150},{"posx":10,"posy":2,"amount":650},{"posx":5,"posy":3,"amount":650},{"posx":11,"posy":3,"amount":200},{"posx":13,"posy":3,"amount":150},{"posx":1,"posy":4,"amount":750},{"posx":4,"posy":4,"amount":400},{"posx":7,"posy":4,"amount":200},{"posx":8,"posy":4,"amount":300},{"posx":9,"posy":4,"amount":250},{"posx":16,"posy":4,"amount":500},{"posx":6,"posy":5,"amount":650},{"posx":12,"posy":5,"amount":250},{"posx":19,"posy":5,"amount":600},{"posx":19,"posy":6,"amount":300},{"posx":16,"posy":7,"amount":100}],"changedObstacles":[{"type":3,"posx":20,"posy":6,"value":-20}]},{"players":[{"playerId":206247,"score":300,"energy":35,"posx":11,"posy":3,"lastAction":5,"status":0},{"playerId":137845,"score":350,"energy":3,"posx":11,"posy":3,"lastAction":5,"status":0},{"playerId":2234905,"score":0,"energy":43,"posx":20,"posy":5,"lastAction":2,"status":0},{"playerId":2241999,"score":450,"energy":7,"posx":13,"posy":3,"lastAction":5,"status":0}],"golds":[{"posx":2,"posy":1,"amount":250},{"posx":6,"posy":1,"amount":150},{"posx":8,"posy":1,"amount":250},{"posx":20,"posy":1,"amount":150},{"posx":10,"posy":2,"amount":650},{"posx":5,"posy":3,"amount":650},{"posx":11,"posy":3,"amount":100},{"posx":13,"posy":3,"amount":100},{"posx":1,"posy":4,"amount":750},{"posx":4,"posy":4,"amount":400},{"posx":7,"posy":4,"amount":200},{"posx":8,"posy":4,"amount":300},{"posx":9,"posy":4,"amount":250},{"posx":16,"posy":4,"amount":500},{"posx":6,"posy":5,"amount":650},{"posx":12,"posy":5,"amount":250},{"posx":19,"posy":5,"amount":600},{"posx":19,"posy":6,"amount":300},{"posx":16,"posy":7,"amount":100}],"changedObstacles":[]},{"players":[{"playerId":206247,"score":350,"energy":30,"posx":11,"posy":3,"lastAction":5,"status":0},{"playerId":137845,"score":350,"energy":15,"posx":11,"posy":3,"lastAction":4,"status":0},{"playerId":2234905,"score":0,"energy":50,"posx":20,"posy":5,"lastAction":4,"status":0},{"playerId":2241999,"score":500,"energy":2,"posx":13,"posy":3,"lastAction":5,"status":0}],"golds":[{"posx":2,"posy":1,"amount":250},{"posx":6,"posy":1,"amount":150},{"posx":8,"posy":1,"amount":250},{"posx":20,"posy":1,"amount":150},{"posx":10,"posy":2,"amount":650},{"posx":5,"posy":3,"amount":650},{"posx":11,"posy":3,"amount":50},{"posx":13,"posy":3,"amount":50},{"posx":1,"posy":4,"amount":750},{"posx":4,"posy":4,"amount":400},{"posx":7,"posy":4,"amount":200},{"posx":8,"posy":4,"amount":300},{"posx":9,"posy":4,"amount":250},{"posx":16,"posy":4,"amount":500},{"posx":6,"posy":5,"amount":650},{"posx":12,"posy":5,"amount":250},{"posx":19,"posy":5,"amount":600},{"posx":19,"posy":6,"amount":300},{"posx":16,"posy":7,"amount":100}],"changedObstacles":[]},{"players":[{"playerId":206247,"score":400,"energy":25,"posx":11,"posy":3,"lastAction":5,"status":0},{"playerId":137845,"score":350,"energy":14,"posx":12,"posy":3,"lastAction":1,"status":0},{"playerId":2234905,"score":0,"energy":43,"posx":20,"posy":4,"lastAction":2,"status":0},{"playerId":2241999,"score":500,"energy":14,"posx":13,"posy":3,"lastAction":4,"status":0}],"golds":[{"posx":2,"posy":1,"amount":250},{"posx":6,"posy":1,"amount":150},{"posx":8,"posy":1,"amount":250},{"posx":20,"posy":1,"amount":150},{"posx":10,"posy":2,"amount":650},{"posx":5,"posy":3,"amount":650},{"posx":13,"posy":3,"amount":50},{"posx":1,"posy":4,"amount":750},{"posx":4,"posy":4,"amount":400},{"posx":7,"posy":4,"amount":200},{"posx":8,"posy":4,"amount":300},{"posx":9,"posy":4,"amount":250},{"posx":16,"posy":4,"amount":500},{"posx":6,"posy":5,"amount":650},{"posx":12,"posy":5,"amount":250},{"posx":19,"posy":5,"amount":600},{"posx":19,"posy":6,"amount":300},{"posx":16,"posy":7,"amount":100}],"changedObstacles":[{"type":0,"posx":11,"posy":3,"value":-1}]},{"players":[{"playerId":206247,"score":400,"energy":24,"posx":10,"posy":3,"lastAction":0,"status":0},{"playerId":137845,"score":350,"energy":10,"posx":13,"posy":3,"lastAction":1,"status":0},{"playerId":2234905,"score":0,"energy":38,"posx":20,"posy":3,"lastAction":2,"status":0},{"playerId":2241999,"score":550,"energy":9,"posx":13,"posy":3,"lastAction":5,"status":0}],"golds":[{"posx":2,"posy":1,"amount":250},{"posx":6,"posy":1,"amount":150},{"posx":8,"posy":1,"amount":250},{"posx":20,"posy":1,"amount":150},{"posx":10,"posy":2,"amount":650},{"posx":5,"posy":3,"amount":650},{"posx":1,"posy":4,"amount":750},{"posx":4,"posy":4,"amount":400},{"posx":7,"posy":4,"amount":200},{"posx":8,"posy":4,"amount":300},{"posx":9,"posy":4,"amount":250},{"posx":16,"posy":4,"amount":500},{"posx":6,"posy":5,"amount":650},{"posx":12,"posy":5,"amount":250},{"posx":19,"posy":5,"amount":600},{"posx":19,"posy":6,"amount":300},{"posx":16,"posy":7,"amount":100}],"changedObstacles":[{"type":3,"posx":20,"posy":3,"value":-20},{"type":0,"posx":13,"posy":3,"value":-1}]},{"players":[{"playerId":206247,"score":400,"energy":20,"posx":10,"posy":2,"lastAction":2,"status":0},{"playerId":137845,"score":350,"energy":22,"posx":13,"posy":3,"lastAction":4,"status":0},{"playerId":2234905,"score":0,"energy":37,"posx":20,"posy":2,"lastAction":2,"status":0},{"playerId":2241999,"score":550,"energy":8,"posx":12,"posy":3,"lastAction":0,"status":0}],"golds":[{"posx":2,"posy":1,"amount":250},{"posx":6,"posy":1,"amount":150},{"posx":8,"posy":1,"amount":250},{"posx":20,"posy":1,"amount":150},{"posx":10,"posy":2,"amount":650},{"posx":5,"posy":3,"amount":650},{"posx":1,"posy":4,"amount":750},{"posx":4,"posy":4,"amount":400},{"posx":7,"posy":4,"amount":200},{"posx":8,"posy":4,"amount":300},{"posx":9,"posy":4,"amount":250},{"posx":16,"posy":4,"amount":500},{"posx":6,"posy":5,"amount":650},{"posx":12,"posy":5,"amount":250},{"posx":19,"posy":5,"amount":600},{"posx":19,"posy":6,"amount":300},{"posx":16,"posy":7,"amount":100}],"changedObstacles":[]},{"players":[{"playerId":206247,"score":450,"energy":15,"posx":10,"posy":2,"lastAction":5,"status":0},{"playerId":137845,"score":350,"energy":38,"posx":13,"posy":3,"lastAction":4,"status":0},{"playerId":2234905,"score":0,"energy":33,"posx":20,"posy":1,"lastAction":2,"status":0},{"playerId":2241999,"score":550,"energy":7,"posx":12,"posy":4,"lastAction":3,"status":0}],"golds":[{"posx":2,"posy":1,"amount":250},{"posx":6,"posy":1,"amount":150},{"posx":8,"posy":1,"amount":250},{"posx":20,"posy":1,"amount":150},{"posx":10,"posy":2,"amount":600},{"posx":5,"posy":3,"amount":650},{"posx":1,"posy":4,"amount":750},{"posx":4,"posy":4,"amount":400},{"posx":7,"posy":4,"amount":200},{"posx":8,"posy":4,"amount":300},{"posx":9,"posy":4,"amount":250},{"posx":16,"posy":4,"amount":500},{"posx":6,"posy":5,"amount":650},{"posx":12,"posy":5,"amount":250},{"posx":19,"posy":5,"amount":600},{"posx":19,"posy":6,"amount":300},{"posx":16,"posy":7,"amount":100}],"changedObstacles":[]},{"players":[{"playerId":206247,"score":500,"energy":10,"posx":10,"posy":2,"lastAction":5,"status":0},{"playerId":137845,"score":350,"energy":50,"posx":13,"posy":3,"lastAction":4,"status":0},{"playerId":2234905,"score":50,"energy":28,"posx":20,"posy":1,"lastAction":5,"status":0},{"playerId":2241999,"score":550,"energy":3,"posx":12,"posy":5,"lastAction":3,"status":0}],"golds":[{"posx":2,"posy":1,"amount":250},{"posx":6,"posy":1,"amount":150},{"posx":8,"posy":1,"amount":250},{"posx":20,"posy":1,"amount":100},{"posx":10,"posy":2,"amount":550},{"posx":5,"posy":3,"amount":650},{"posx":1,"posy":4,"amount":750},{"posx":4,"posy":4,"amount":400},{"posx":7,"posy":4,"amount":200},{"posx":8,"posy":4,"amount":300},{"posx":9,"posy":4,"amount":250},{"posx":16,"posy":4,"amount":500},{"posx":6,"posy":5,"amount":650},{"posx":12,"posy":5,"amount":250},{"posx":19,"posy":5,"amount":600},{"posx":19,"posy":6,"amount":300},{"posx":16,"posy":7,"amount":100}],"changedObstacles":[]},{"players":[{"playerId":206247,"score":550,"energy":5,"posx":10,"posy":2,"lastAction":5,"status":0},{"playerId":137845,"score":350,"energy":40,"posx":13,"posy":4,"lastAction":3,"status":0},{"playerId":2234905,"score":100,"energy":23,"posx":20,"posy":1,"lastAction":5,"status":0},{"playerId":2241999,"score":550,"energy":15,"posx":12,"posy":5,"lastAction":4,"status":0}],"golds":[{"posx":2,"posy":1,"amount":250},{"posx":6,"posy":1,"amount":150},{"posx":8,"posy":1,"amount":250},{"posx":20,"posy":1,"amount":50},{"posx":10,"posy":2,"amount":500},{"posx":5,"posy":3,"amount":650},{"posx":1,"posy":4,"amount":750},{"posx":4,"posy":4,"amount":400},{"posx":7,"posy":4,"amount":200},{"posx":8,"posy":4,"amount":300},{"posx":9,"posy":4,"amount":250},{"posx":16,"posy":4,"amount":500},{"posx":6,"posy":5,"amount":650},{"posx":12,"posy":5,"amount":250},{"posx":19,"posy":5,"amount":600},{"posx":19,"posy":6,"amount":300},{"posx":16,"posy":7,"amount":100}],"changedObstacles":[{"type":0,"posx":13,"posy":4,"value":-1}]},{"players":[{"playerId":206247,"score":550,"energy":17,"posx":10,"posy":2,"lastAction":4,"status":0},{"playerId":137845,"score":350,"energy":39,"posx":14,"posy":4,"lastAction":1,"status":0},{"playerId":2234905,"score":150,"energy":18,"posx":20,"posy":1,"lastAction":5,"status":0},{"playerId":2241999,"score":600,"energy":10,"posx":12,"posy":5,"lastAction":5,"status":0}],"golds":[{"posx":2,"posy":1,"amount":250},{"posx":6,"posy":1,"amount":150},{"posx":8,"posy":1,"amount":250},{"posx":10,"posy":2,"amount":500},{"posx":5,"posy":3,"amount":650},{"posx":1,"posy":4,"amount":750},{"posx":4,"posy":4,"amount":400},{"posx":7,"posy":4,"amount":200},{"posx":8,"posy":4,"amount":300},{"posx":9,"posy":4,"amount":250},{"posx":16,"posy":4,"amount":500},{"posx":6,"posy":5,"amount":650},{"posx":12,"posy":5,"amount":200},{"posx":19,"posy":5,"amount":600},{"posx":19,"posy":6,"amount":300},{"posx":16,"posy":7,"amount":100}],"changedObstacles":[{"type":0,"posx":20,"posy":1,"value":-1}]},{"players":[{"playerId":206247,"score":550,"energy":33,"posx":10,"posy":2,"lastAction":4,"status":0},{"playerId":137845,"score":350,"energy":33,"posx":15,"posy":4,"lastAction":1,"status":0},{"playerId":2234905,"score":150,"energy":30,"posx":20,"posy":1,"lastAction":4,"status":0},{"playerId":2241999,"score":650,"energy":5,"posx":12,"posy":5,"lastAction":5,"status":0}],"golds":[{"posx":2,"posy":1,"amount":250},{"posx":6,"posy":1,"amount":150},{"posx":8,"posy":1,"amount":250},{"posx":10,"posy":2,"amount":500},{"posx":5,"posy":3,"amount":650},{"posx":1,"posy":4,"amount":750},{"posx":4,"posy":4,"amount":400},{"posx":7,"posy":4,"amount":200},{"posx":8,"posy":4,"amount":300},{"posx":9,"posy":4,"amount":250},{"posx":16,"posy":4,"amount":500},{"posx":6,"posy":5,"amount":650},{"posx":12,"posy":5,"amount":150},{"posx":19,"posy":5,"amount":600},{"posx":19,"posy":6,"amount":300},{"posx":16,"posy":7,"amount":100}],"changedObstacles":[]},{"players":[{"playerId":206247,"score":550,"energy":50,"posx":10,"posy":2,"lastAction":4,"status":0},{"playerId":137845,"score":350,"energy":29,"posx":16,"posy":4,"lastAction":1,"status":0},{"playerId":2234905,"score":150,"energy":29,"posx":20,"posy":2,"lastAction":3,"status":0},{"playerId":2241999,"score":650,"energy":17,"posx":12,"posy":5,"lastAction":4,"status":0}],"golds":[{"posx":2,"posy":1,"amount":250},{"posx":6,"posy":1,"amount":150},{"posx":8,"posy":1,"amount":250},{"posx":10,"posy":2,"amount":500},{"posx":5,"posy":3,"amount":650},{"posx":1,"posy":4,"amount":750},{"posx":4,"posy":4,"amount":400},{"posx":7,"posy":4,"amount":200},{"posx":8,"posy":4,"amount":300},{"posx":9,"posy":4,"amount":250},{"posx":16,"posy":4,"amount":500},{"posx":6,"posy":5,"amount":650},{"posx":12,"posy":5,"amount":150},{"posx":19,"posy":5,"amount":600},{"posx":19,"posy":6,"amount":300},{"posx":16,"posy":7,"amount":100}],"changedObstacles":[]},{"players":[{"playerId":206247,"score":600,"energy":45,"posx":10,"posy":2,"lastAction":5,"status":0},{"playerId":137845,"score":400,"energy":24,"posx":16,"posy":4,"lastAction":5,"status":0},{"playerId":2234905,"score":150,"energy":9,"posx":20,"posy":3,"lastAction":3,"status":0},{"playerId":2241999,"score":700,"energy":12,"posx":12,"posy":5,"lastAction":5,"status":0}],"golds":[{"posx":2,"posy":1,"amount":250},{"posx":6,"posy":1,"amount":150},{"posx":8,"posy":1,"amount":250},{"posx":10,"posy":2,"amount":450},{"posx":5,"posy":3,"amount":650},{"posx":1,"posy":4,"amount":750},{"posx":4,"posy":4,"amount":400},{"posx":7,"posy":4,"amount":200},{"posx":8,"posy":4,"amount":300},{"posx":9,"posy":4,"amount":250},{"posx":16,"posy":4,"amount":450},{"posx":6,"posy":5,"amount":650},{"posx":12,"posy":5,"amount":100},{"posx":19,"posy":5,"amount":600},{"posx":19,"posy":6,"amount":300},{"posx":16,"posy":7,"amount":100}],"changedObstacles":[{"type":3,"posx":20,"posy":3,"value":-40}]},{"players":[{"playerId":206247,"score":650,"energy":40,"posx":10,"posy":2,"lastAction":5,"status":0},{"playerId":137845,"score":450,"energy":19,"posx":16,"posy":4,"lastAction":5,"status":0},{"playerId":2234905,"score":150,"energy":21,"posx":20,"posy":3,"lastAction":4,"status":0},{"playerId":2241999,"score":750,"energy":7,"posx":12,"posy":5,"lastAction":5,"status":0}],"golds":[{"posx":2,"posy":1,"amount":250},{"posx":6,"posy":1,"amount":150},{"posx":8,"posy":1,"amount":250},{"posx":10,"posy":2,"amount":400},{"posx":5,"posy":3,"amount":650},{"posx":1,"posy":4,"amount":750},{"posx":4,"posy":4,"amount":400},{"posx":7,"posy":4,"amount":200},{"posx":8,"posy":4,"amount":300},{"posx":9,"posy":4,"amount":250},{"posx":16,"posy":4,"amount":400},{"posx":6,"posy":5,"amount":650},{"posx":12,"posy":5,"amount":50},{"posx":19,"posy":5,"amount":600},{"posx":19,"posy":6,"amount":300},{"posx":16,"posy":7,"amount":100}],"changedObstacles":[]},{"players":[{"playerId":206247,"score":700,"energy":35,"posx":10,"posy":2,"lastAction":5,"status":0},{"playerId":137845,"score":500,"energy":14,"posx":16,"posy":4,"lastAction":5,"status":0},{"playerId":2234905,"score":150,"energy":14,"posx":20,"posy":4,"lastAction":3,"status":0},{"playerId":2241999,"score":800,"energy":2,"posx":12,"posy":5,"lastAction":5,"status":0}],"golds":[{"posx":2,"posy":1,"amount":250},{"posx":6,"posy":1,"amount":150},{"posx":8,"posy":1,"amount":250},{"posx":10,"posy":2,"amount":350},{"posx":5,"posy":3,"amount":650},{"posx":1,"posy":4,"amount":750},{"posx":4,"posy":4,"amount":400},{"posx":7,"posy":4,"amount":200},{"posx":8,"posy":4,"amount":300},{"posx":9,"posy":4,"amount":250},{"posx":16,"posy":4,"amount":350},{"posx":6,"posy":5,"amount":650},{"posx":19,"posy":5,"amount":600},{"posx":19,"posy":6,"amount":300},{"posx":16,"posy":7,"amount":100}],"changedObstacles":[{"type":0,"posx":12,"posy":5,"value":-1}]},{"players":[{"playerId":206247,"score":750,"energy":30,"posx":10,"posy":2,"lastAction":5,"status":0},{"playerId":137845,"score":550,"energy":9,"posx":16,"posy":4,"lastAction":5,"status":0},{"playerId":2234905,"score":150,"energy":13,"posx":20,"posy":5,"lastAction":3,"status":0},{"playerId":2241999,"score":800,"energy":14,"posx":12,"posy":5,"lastAction":4,"status":0}],"golds":[{"posx":2,"posy":1,"amount":250},{"posx":6,"posy":1,"amount":150},{"posx":8,"posy":1,"amount":250},{"posx":10,"posy":2,"amount":300},{"posx":5,"posy":3,"amount":650},{"posx":1,"posy":4,"amount":750},{"posx":4,"posy":4,"amount":400},{"posx":7,"posy":4,"amount":200},{"posx":8,"posy":4,"amount":300},{"posx":9,"posy":4,"amount":250},{"posx":16,"posy":4,"amount":300},{"posx":6,"posy":5,"amount":650},{"posx":19,"posy":5,"amount":600},{"posx":19,"posy":6,"amount":300},{"posx":16,"posy":7,"amount":100}],"changedObstacles":[]},{"players":[{"playerId":206247,"score":800,"energy":25,"posx":10,"posy":2,"lastAction":5,"status":0},{"playerId":137845,"score":600,"energy":4,"posx":16,"posy":4,"lastAction":5,"status":0},{"playerId":2234905,"score":150,"energy":25,"posx":20,"posy":5,"lastAction":4,"status":0},{"playerId":2241999,"score":800,"energy":30,"posx":12,"posy":5,"lastAction":4,"status":0}],"golds":[{"posx":2,"posy":1,"amount":250},{"posx":6,"posy":1,"amount":150},{"posx":8,"posy":1,"amount":250},{"posx":10,"posy":2,"amount":250},{"posx":5,"posy":3,"amount":650},{"posx":1,"posy":4,"amount":750},{"posx":4,"posy":4,"amount":400},{"posx":7,"posy":4,"amount":200},{"posx":8,"posy":4,"amount":300},{"posx":9,"posy":4,"amount":250},{"posx":16,"posy":4,"amount":250},{"posx":6,"posy":5,"amount":650},{"posx":19,"posy":5,"amount":600},{"posx":19,"posy":6,"amount":300},{"posx":16,"posy":7,"amount":100}],"changedObstacles":[]},{"players":[{"playerId":206247,"score":850,"energy":20,"posx":10,"posy":2,"lastAction":5,"status":0},{"playerId":137845,"score":600,"energy":16,"posx":16,"posy":4,"lastAction":4,"status":0},{"playerId":2234905,"score":150,"energy":21,"posx":19,"posy":5,"lastAction":0,"status":0},{"playerId":2241999,"score":800,"energy":50,"posx":12,"posy":5,"lastAction":4,"status":0}],"golds":[{"posx":2,"posy":1,"amount":250},{"posx":6,"posy":1,"amount":150},{"posx":8,"posy":1,"amount":250},{"posx":10,"posy":2,"amount":200},{"posx":5,"posy":3,"amount":650},{"posx":1,"posy":4,"amount":750},{"posx":4,"posy":4,"amount":400},{"posx":7,"posy":4,"amount":200},{"posx":8,"posy":4,"amount":300},{"posx":9,"posy":4,"amount":250},{"posx":16,"posy":4,"amount":250},{"posx":6,"posy":5,"amount":650},{"posx":19,"posy":5,"amount":600},{"posx":19,"posy":6,"amount":300},{"posx":16,"posy":7,"amount":100}],"changedObstacles":[]},{"players":[{"playerId":206247,"score":900,"energy":15,"posx":10,"posy":2,"lastAction":5,"status":0},{"playerId":137845,"score":600,"energy":32,"posx":16,"posy":4,"lastAction":4,"status":0},{"playerId":2234905,"score":200,"energy":16,"posx":19,"posy":5,"lastAction":5,"status":0},{"playerId":2241999,"score":800,"energy":39,"posx":11,"posy":5,"lastAction":0,"status":0}],"golds":[{"posx":2,"posy":1,"amount":250},{"posx":6,"posy":1,"amount":150},{"posx":8,"posy":1,"amount":250},{"posx":10,"posy":2,"amount":150},{"posx":5,"posy":3,"amount":650},{"posx":1,"posy":4,"amount":750},{"posx":4,"posy":4,"amount":400},{"posx":7,"posy":4,"amount":200},{"posx":8,"posy":4,"amount":300},{"posx":9,"posy":4,"amount":250},{"posx":16,"posy":4,"amount":250},{"posx":6,"posy":5,"amount":650},{"posx":19,"posy":5,"amount":550},{"posx":19,"posy":6,"amount":300},{"posx":16,"posy":7,"amount":100}],"changedObstacles":[]},{"players":[{"playerId":206247,"score":950,"energy":10,"posx":10,"posy":2,"lastAction":5,"status":0},{"playerId":137845,"score":600,"energy":50,"posx":16,"posy":4,"lastAction":4,"status":0},{"playerId":2234905,"score":250,"energy":11,"posx":19,"posy":5,"lastAction":5,"status":0},{"playerId":2241999,"score":800,"energy":34,"posx":10,"posy":5,"lastAction":0,"status":0}],"golds":[{"posx":2,"posy":1,"amount":250},{"posx":6,"posy":1,"amount":150},{"posx":8,"posy":1,"amount":250},{"posx":10,"posy":2,"amount":100},{"posx":5,"posy":3,"amount":650},{"posx":1,"posy":4,"amount":750},{"posx":4,"posy":4,"amount":400},{"posx":7,"posy":4,"amount":200},{"posx":8,"posy":4,"amount":300},{"posx":9,"posy":4,"amount":250},{"posx":16,"posy":4,"amount":250},{"posx":6,"posy":5,"amount":650},{"posx":19,"posy":5,"amount":500},{"posx":19,"posy":6,"amount":300},{"posx":16,"posy":7,"amount":100}],"changedObstacles":[{"type":3,"posx":10,"posy":5,"value":-20}]},{"players":[{"playerId":206247,"score":1000,"energy":5,"posx":10,"posy":2,"lastAction":5,"status":0},{"playerId":137845,"score":650,"energy":45,"posx":16,"posy":4,"lastAction":5,"status":0},{"playerId":2234905,"score":300,"energy":6,"posx":19,"posy":5,"lastAction":5,"status":0},{"playerId":2241999,"score":800,"energy":29,"posx":9,"posy":5,"lastAction":0,"status":0}],"golds":[{"posx":2,"posy":1,"amount":250},{"posx":6,"posy":1,"amount":150},{"posx":8,"posy":1,"amount":250},{"posx":10,"posy":2,"amount":50},{"posx":5,"posy":3,"amount":650},{"posx":1,"posy":4,"amount":750},{"posx":4,"posy":4,"amount":400},{"posx":7,"posy":4,"amount":200},{"posx":8,"posy":4,"amount":300},{"posx":9,"posy":4,"amount":250},{"posx":16,"posy":4,"amount":200},{"posx":6,"posy":5,"amount":650},{"posx":19,"posy":5,"amount":450},{"posx":19,"posy":6,"amount":300},{"posx":16,"posy":7,"amount":100}],"changedObstacles":[{"type":3,"posx":9,"posy":5,"value":-20}]},{"players":[{"playerId":206247,"score":1000,"energy":17,"posx":10,"posy":2,"lastAction":4,"status":0},{"playerId":137845,"score":700,"energy":40,"posx":16,"posy":4,"lastAction":5,"status":0},{"playerId":2234905,"score":350,"energy":1,"posx":19,"posy":5,"lastAction":5,"status":0},{"playerId":2241999,"score":800,"energy":25,"posx":9,"posy":4,"lastAction":2,"status":0}],"golds":[{"posx":2,"posy":1,"amount":250},{"posx":6,"posy":1,"amount":150},{"posx":8,"posy":1,"amount":250},{"posx":10,"posy":2,"amount":50},{"posx":5,"posy":3,"amount":650},{"posx":1,"posy":4,"amount":750},{"posx":4,"posy":4,"amount":400},{"posx":7,"posy":4,"amount":200},{"posx":8,"posy":4,"amount":300},{"posx":9,"posy":4,"amount":250},{"posx":16,"posy":4,"amount":150},{"posx":6,"posy":5,"amount":650},{"posx":19,"posy":5,"amount":400},{"posx":19,"posy":6,"amount":300},{"posx":16,"posy":7,"amount":100}],"changedObstacles":[]},{"players":[{"playerId":206247,"score":1000,"energy":33,"posx":10,"posy":2,"lastAction":4,"status":0},{"playerId":137845,"score":750,"energy":35,"posx":16,"posy":4,"lastAction":5,"status":0},{"playerId":2234905,"score":350,"energy":13,"posx":19,"posy":5,"lastAction":4,"status":0},{"playerId":2241999,"score":850,"energy":20,"posx":9,"posy":4,"lastAction":5,"status":0}],"golds":[{"posx":2,"posy":1,"amount":250},{"posx":6,"posy":1,"amount":150},{"posx":8,"posy":1,"amount":250},{"posx":10,"posy":2,"amount":50},{"posx":5,"posy":3,"amount":650},{"posx":1,"posy":4,"amount":750},{"posx":4,"posy":4,"amount":400},{"posx":7,"posy":4,"amount":200},{"posx":8,"posy":4,"amount":300},{"posx":9,"posy":4,"amount":200},{"posx":16,"posy":4,"amount":100},{"posx":6,"posy":5,"amount":650},{"posx":19,"posy":5,"amount":400},{"posx":19,"posy":6,"amount":300},{"posx":16,"posy":7,"amount":100}],"changedObstacles":[]},{"players":[{"playerId":206247,"score":1000,"energy":50,"posx":10,"posy":2,"lastAction":4,"status":0},{"playerId":137845,"score":800,"energy":30,"posx":16,"posy":4,"lastAction":5,"status":0},{"playerId":2234905,"score":400,"energy":8,"posx":19,"posy":5,"lastAction":5,"status":0},{"playerId":2241999,"score":900,"energy":15,"posx":9,"posy":4,"lastAction":5,"status":0}],"golds":[{"posx":2,"posy":1,"amount":250},{"posx":6,"posy":1,"amount":150},{"posx":8,"posy":1,"amount":250},{"posx":10,"posy":2,"amount":50},{"posx":5,"posy":3,"amount":650},{"posx":1,"posy":4,"amount":750},{"posx":4,"posy":4,"amount":400},{"posx":7,"posy":4,"amount":200},{"posx":8,"posy":4,"amount":300},{"posx":9,"posy":4,"amount":150},{"posx":16,"posy":4,"amount":50},{"posx":6,"posy":5,"amount":650},{"posx":19,"posy":5,"amount":350},{"posx":19,"posy":6,"amount":300},{"posx":16,"posy":7,"amount":100}],"changedObstacles":[]},{"players":[{"playerId":206247,"score":1050,"energy":45,"posx":10,"posy":2,"lastAction":5,"status":0},{"playerId":137845,"score":850,"energy":25,"posx":16,"posy":4,"lastAction":5,"status":0},{"playerId":2234905,"score":450,"energy":3,"posx":19,"posy":5,"lastAction":5,"status":0},{"playerId":2241999,"score":950,"energy":10,"posx":9,"posy":4,"lastAction":5,"status":0}],"golds":[{"posx":2,"posy":1,"amount":250},{"posx":6,"posy":1,"amount":150},{"posx":8,"posy":1,"amount":250},{"posx":5,"posy":3,"amount":650},{"posx":1,"posy":4,"amount":750},{"posx":4,"posy":4,"amount":400},{"posx":7,"posy":4,"amount":200},{"posx":8,"posy":4,"amount":300},{"posx":9,"posy":4,"amount":100},{"posx":6,"posy":5,"amount":650},{"posx":19,"posy":5,"amount":300},{"posx":19,"posy":6,"amount":300},{"posx":16,"posy":7,"amount":100}],"changedObstacles":[{"type":0,"posx":16,"posy":4,"value":-1},{"type":0,"posx":10,"posy":2,"value":-1}]},{"players":[{"playerId":206247,"score":1050,"energy":35,"posx":9,"posy":2,"lastAction":0,"status":0},{"playerId":137845,"score":850,"energy":7,"posx":15,"posy":4,"lastAction":0,"status":0},{"playerId":2234905,"score":450,"energy":15,"posx":19,"posy":5,"lastAction":4,"status":0},{"playerId":2241999,"score":1000,"energy":5,"posx":9,"posy":4,"lastAction":5,"status":0}],"golds":[{"posx":2,"posy":1,"amount":250},{"posx":6,"posy":1,"amount":150},{"posx":8,"posy":1,"amount":250},{"posx":5,"posy":3,"amount":650},{"posx":1,"posy":4,"amount":750},{"posx":4,"posy":4,"amount":400},{"posx":7,"posy":4,"amount":200},{"posx":8,"posy":4,"amount":300},{"posx":9,"posy":4,"amount":50},{"posx":6,"posy":5,"amount":650},{"posx":19,"posy":5,"amount":300},{"posx":19,"posy":6,"amount":300},{"posx":16,"posy":7,"amount":100}],"changedObstacles":[{"type":0,"posx":9,"posy":2,"value":-1}]},{"players":[{"playerId":206247,"score":1050,"energy":20,"posx":8,"posy":2,"lastAction":0,"status":0},{"playerId":137845,"score":850,"energy":6,"posx":14,"posy":4,"lastAction":0,"status":0},{"playerId":2234905,"score":500,"energy":10,"posx":19,"posy":5,"lastAction":5,"status":0},{"playerId":2241999,"score":1000,"energy":17,"posx":9,"posy":4,"lastAction":4,"status":0}],"golds":[{"posx":2,"posy":1,"amount":250},{"posx":6,"posy":1,"amount":150},{"posx":8,"posy":1,"amount":250},{"posx":5,"posy":3,"amount":650},{"posx":1,"posy":4,"amount":750},{"posx":4,"posy":4,"amount":400},{"posx":7,"posy":4,"amount":200},{"posx":8,"posy":4,"amount":300},{"posx":9,"posy":4,"amount":50},{"posx":6,"posy":5,"amount":650},{"posx":19,"posy":5,"amount":250},{"posx":19,"posy":6,"amount":300},{"posx":16,"posy":7,"amount":100}],"changedObstacles":[]},{"players":[{"playerId":206247,"score":1050,"energy":19,"posx":8,"posy":3,"lastAction":3,"status":0},{"playerId":137845,"score":850,"energy":5,"posx":13,"posy":4,"lastAction":0,"status":0},{"playerId":2234905,"score":550,"energy":5,"posx":19,"posy":5,"lastAction":5,"status":0},{"playerId":2241999,"score":1050,"energy":12,"posx":9,"posy":4,"lastAction":5,"status":0}],"golds":[{"posx":2,"posy":1,"amount":250},{"posx":6,"posy":1,"amount":150},{"posx":8,"posy":1,"amount":250},{"posx":5,"posy":3,"amount":650},{"posx":1,"posy":4,"amount":750},{"posx":4,"posy":4,"amount":400},{"posx":7,"posy":4,"amount":200},{"posx":8,"posy":4,"amount":300},{"posx":6,"posy":5,"amount":650},{"posx":19,"posy":5,"amount":200},{"posx":19,"posy":6,"amount":300},{"posx":16,"posy":7,"amount":100}],"changedObstacles":[{"type":0,"posx":9,"posy":4,"value":-1}]},{"players":[{"playerId":206247,"score":1050,"energy":15,"posx":8,"posy":4,"lastAction":3,"status":0},{"playerId":137845,"score":850,"energy":4,"posx":12,"posy":4,"lastAction":0,"status":0},{"playerId":2234905,"score":550,"energy":17,"posx":19,"posy":5,"lastAction":4,"status":0},{"playerId":2241999,"score":1050,"energy":8,"posx":8,"posy":4,"lastAction":0,"status":0}],"golds":[{"posx":2,"posy":1,"amount":250},{"posx":6,"posy":1,"amount":150},{"posx":8,"posy":1,"amount":250},{"posx":5,"posy":3,"amount":650},{"posx":1,"posy":4,"amount":750},{"posx":4,"posy":4,"amount":400},{"posx":7,"posy":4,"amount":200},{"posx":8,"posy":4,"amount":300},{"posx":6,"posy":5,"amount":650},{"posx":19,"posy":5,"amount":200},{"posx":19,"posy":6,"amount":300},{"posx":16,"posy":7,"amount":100}],"changedObstacles":[]},{"players":[{"playerId":206247,"score":1050,"energy":14,"posx":8,"posy":5,"lastAction":3,"status":0},{"playerId":137845,"score":850,"energy":16,"posx":12,"posy":4,"lastAction":4,"status":0},{"playerId":2234905,"score":600,"energy":12,"posx":19,"posy":5,"lastAction":5,"status":0},{"playerId":2241999,"score":1100,"energy":3,"posx":8,"posy":4,"lastAction":5,"status":0}],"golds":[{"posx":2,"posy":1,"amount":250},{"posx":6,"posy":1,"amount":150},{"posx":8,"posy":1,"amount":250},{"posx":5,"posy":3,"amount":650},{"posx":1,"posy":4,"amount":750},{"posx":4,"posy":4,"amount":400},{"posx":7,"posy":4,"amount":200},{"posx":8,"posy":4,"amount":250},{"posx":6,"posy":5,"amount":650},{"posx":19,"posy":5,"amount":150},{"posx":19,"posy":6,"amount":300},{"posx":16,"posy":7,"amount":100}],"changedObstacles":[]},{"players":[{"playerId":206247,"score":1050,"energy":4,"posx":7,"posy":5,"lastAction":0,"status":0},{"playerId":137845,"score":850,"energy":32,"posx":12,"posy":4,"lastAction":4,"status":0},{"playerId":2234905,"score":650,"energy":7,"posx":19,"posy":5,"lastAction":5,"status":0},{"playerId":2241999,"score":1100,"energy":15,"posx":8,"posy":4,"lastAction":4,"status":0}],"golds":[{"posx":2,"posy":1,"amount":250},{"posx":6,"posy":1,"amount":150},{"posx":8,"posy":1,"amount":250},{"posx":5,"posy":3,"amount":650},{"posx":1,"posy":4,"amount":750},{"posx":4,"posy":4,"amount":400},{"posx":7,"posy":4,"amount":200},{"posx":8,"posy":4,"amount":250},{"posx":6,"posy":5,"amount":650},{"posx":19,"posy":5,"amount":100},{"posx":19,"posy":6,"amount":300},{"posx":16,"posy":7,"amount":100}],"changedObstacles":[{"type":0,"posx":7,"posy":5,"value":-1}]},{"players":[{"playerId":206247,"score":1050,"energy":16,"posx":7,"posy":5,"lastAction":4,"status":0},{"playerId":137845,"score":850,"energy":19,"posx":11,"posy":4,"lastAction":0,"status":0},{"playerId":2234905,"score":700,"energy":2,"posx":19,"posy":5,"lastAction":5,"status":0},{"playerId":2241999,"score":1150,"energy":10,"posx":8,"posy":4,"lastAction":5,"status":0}],"golds":[{"posx":2,"posy":1,"amount":250},{"posx":6,"posy":1,"amount":150},{"posx":8,"posy":1,"amount":250},{"posx":5,"posy":3,"amount":650},{"posx":1,"posy":4,"amount":750},{"posx":4,"posy":4,"amount":400},{"posx":7,"posy":4,"amount":200},{"posx":8,"posy":4,"amount":200},{"posx":6,"posy":5,"amount":650},{"posx":19,"posy":5,"amount":50},{"posx":19,"posy":6,"amount":300},{"posx":16,"posy":7,"amount":100}],"changedObstacles":[]},{"players":[{"playerId":206247,"score":1050,"energy":32,"posx":7,"posy":5,"lastAction":4,"status":0},{"playerId":137845,"score":850,"energy":9,"posx":10,"posy":4,"lastAction":0,"status":0},{"playerId":2234905,"score":700,"energy":14,"posx":19,"posy":5,"lastAction":4,"status":0},{"playerId":2241999,"score":1200,"energy":5,"posx":8,"posy":4,"lastAction":5,"status":0}],"golds":[{"posx":2,"posy":1,"amount":250},{"posx":6,"posy":1,"amount":150},{"posx":8,"posy":1,"amount":250},{"posx":5,"posy":3,"amount":650},{"posx":1,"posy":4,"amount":750},{"posx":4,"posy":4,"amount":400},{"posx":7,"posy":4,"amount":200},{"posx":8,"posy":4,"amount":150},{"posx":6,"posy":5,"amount":650},{"posx":19,"posy":5,"amount":50},{"posx":19,"posy":6,"amount":300},{"posx":16,"posy":7,"amount":100}],"changedObstacles":[{"type":0,"posx":10,"posy":4,"value":-1}]},{"players":[{"playerId":206247,"score":1050,"energy":50,"posx":7,"posy":5,"lastAction":4,"status":0},{"playerId":137845,"score":850,"energy":8,"posx":9,"posy":4,"lastAction":0,"status":0},{"playerId":2234905,"score":750,"energy":9,"posx":19,"posy":5,"lastAction":5,"status":0},{"playerId":2241999,"score":1200,"energy":17,"posx":8,"posy":4,"lastAction":4,"status":0}],"golds":[{"posx":2,"posy":1,"amount":250},{"posx":6,"posy":1,"amount":150},{"posx":8,"posy":1,"amount":250},{"posx":5,"posy":3,"amount":650},{"posx":1,"posy":4,"amount":750},{"posx":4,"posy":4,"amount":400},{"posx":7,"posy":4,"amount":200},{"posx":8,"posy":4,"amount":150},{"posx":6,"posy":5,"amount":650},{"posx":19,"posy":6,"amount":300},{"posx":16,"posy":7,"amount":100}],"changedObstacles":[{"type":0,"posx":19,"posy":5,"value":-1}]},{"players":[{"playerId":206247,"score":1050,"energy":46,"posx":6,"posy":5,"lastAction":0,"status":0},{"playerId":137845,"score":850,"energy":4,"posx":8,"posy":4,"lastAction":0,"status":0},{"playerId":2234905,"score":750,"energy":21,"posx":19,"posy":5,"lastAction":4,"status":0},{"playerId":2241999,"score":1250,"energy":12,"posx":8,"posy":4,"lastAction":5,"status":0}],"golds":[{"posx":2,"posy":1,"amount":250},{"posx":6,"posy":1,"amount":150},{"posx":8,"posy":1,"amount":250},{"posx":5,"posy":3,"amount":650},{"posx":1,"posy":4,"amount":750},{"posx":4,"posy":4,"amount":400},{"posx":7,"posy":4,"amount":200},{"posx":8,"posy":4,"amount":100},{"posx":6,"posy":5,"amount":650},{"posx":19,"posy":6,"amount":300},{"posx":16,"posy":7,"amount":100}],"changedObstacles":[]},{"players":[{"playerId":206247,"score":1100,"energy":41,"posx":6,"posy":5,"lastAction":5,"status":0},{"playerId":137845,"score":850,"energy":16,"posx":8,"posy":4,"lastAction":4,"status":0},{"playerId":2234905,"score":750,"energy":20,"posx":20,"posy":5,"lastAction":1,"status":0},{"playerId":2241999,"score":1300,"energy":7,"posx":8,"posy":4,"lastAction":5,"status":0}],"golds":[{"posx":2,"posy":1,"amount":250},{"posx":6,"posy":1,"amount":150},{"posx":8,"posy":1,"amount":250},{"posx":5,"posy":3,"amount":650},{"posx":1,"posy":4,"amount":750},{"posx":4,"posy":4,"amount":400},{"posx":7,"posy":4,"amount":200},{"posx":8,"posy":4,"amount":50},{"posx":6,"posy":5,"amount":600},{"posx":19,"posy":6,"amount":300},{"posx":16,"posy":7,"amount":100}],"changedObstacles":[]},{"players":[{"playerId":206247,"score":1150,"energy":36,"posx":6,"posy":5,"lastAction":5,"status":0},{"playerId":137845,"score":850,"energy":12,"posx":7,"posy":4,"lastAction":0,"status":0},{"playerId":2234905,"score":750,"energy":32,"posx":20,"posy":5,"lastAction":4,"status":0},{"playerId":2241999,"score":1350,"energy":2,"posx":8,"posy":4,"lastAction":5,"status":0}],"golds":[{"posx":2,"posy":1,"amount":250},{"posx":6,"posy":1,"amount":150},{"posx":8,"posy":1,"amount":250},{"posx":5,"posy":3,"amount":650},{"posx":1,"posy":4,"amount":750},{"posx":4,"posy":4,"amount":400},{"posx":7,"posy":4,"amount":200},{"posx":6,"posy":5,"amount":550},{"posx":19,"posy":6,"amount":300},{"posx":16,"posy":7,"amount":100}],"changedObstacles":[{"type":0,"posx":8,"posy":4,"value":-1}]},{"players":[{"playerId":206247,"score":1200,"energy":31,"posx":6,"posy":5,"lastAction":5,"status":0},{"playerId":137845,"score":900,"energy":7,"posx":7,"posy":4,"lastAction":5,"status":0},{"playerId":2234905,"score":750,"energy":48,"posx":20,"posy":5,"lastAction":4,"status":0},{"playerId":2241999,"score":1350,"energy":14,"posx":8,"posy":4,"lastAction":4,"status":0}],"golds":[{"posx":2,"posy":1,"amount":250},{"posx":6,"posy":1,"amount":150},{"posx":8,"posy":1,"amount":250},{"posx":5,"posy":3,"amount":650},{"posx":1,"posy":4,"amount":750},{"posx":4,"posy":4,"amount":400},{"posx":7,"posy":4,"amount":150},{"posx":6,"posy":5,"amount":500},{"posx":19,"posy":6,"amount":300},{"posx":16,"posy":7,"amount":100}],"changedObstacles":[]},{"players":[{"playerId":206247,"score":1250,"energy":26,"posx":6,"posy":5,"lastAction":5,"status":0},{"playerId":137845,"score":950,"energy":2,"posx":7,"posy":4,"lastAction":5,"status":0},{"playerId":2234905,"score":750,"energy":28,"posx":20,"posy":6,"lastAction":3,"status":0},{"playerId":2241999,"score":1350,"energy":30,"posx":8,"posy":4,"lastAction":4,"status":0}],"golds":[{"posx":2,"posy":1,"amount":250},{"posx":6,"posy":1,"amount":150},{"posx":8,"posy":1,"amount":250},{"posx":5,"posy":3,"amount":650},{"posx":1,"posy":4,"amount":750},{"posx":4,"posy":4,"amount":400},{"posx":7,"posy":4,"amount":100},{"posx":6,"posy":5,"amount":450},{"posx":19,"posy":6,"amount":300},{"posx":16,"posy":7,"amount":100}],"changedObstacles":[{"type":3,"posx":20,"posy":6,"value":-40}]},{"players":[{"playerId":206247,"score":1300,"energy":21,"posx":6,"posy":5,"lastAction":5,"status":0},{"playerId":137845,"score":950,"energy":14,"posx":7,"posy":4,"lastAction":4,"status":0},{"playerId":2234905,"score":750,"energy":27,"posx":20,"posy":7,"lastAction":3,"status":0},{"playerId":2241999,"score":1350,"energy":50,"posx":8,"posy":4,"lastAction":4,"status":0}],"golds":[{"posx":2,"posy":1,"amount":250},{"posx":6,"posy":1,"amount":150},{"posx":8,"posy":1,"amount":250},{"posx":5,"posy":3,"amount":650},{"posx":1,"posy":4,"amount":750},{"posx":4,"posy":4,"amount":400},{"posx":7,"posy":4,"amount":100},{"posx":6,"posy":5,"amount":400},{"posx":19,"posy":6,"amount":300},{"posx":16,"posy":7,"amount":100}],"changedObstacles":[]},{"players":[{"playerId":206247,"score":1350,"energy":16,"posx":6,"posy":5,"lastAction":5,"status":0},{"playerId":137845,"score":1000,"energy":9,"posx":7,"posy":4,"lastAction":5,"status":0},{"playerId":2234905,"score":750,"energy":39,"posx":20,"posy":7,"lastAction":4,"status":0},{"playerId":2241999,"score":1350,"energy":46,"posx":7,"posy":4,"lastAction":0,"status":0}],"golds":[{"posx":2,"posy":1,"amount":250},{"posx":6,"posy":1,"amount":150},{"posx":8,"posy":1,"amount":250},{"posx":5,"posy":3,"amount":650},{"posx":1,"posy":4,"amount":750},{"posx":4,"posy":4,"amount":400},{"posx":7,"posy":4,"amount":50},{"posx":6,"posy":5,"amount":350},{"posx":19,"posy":6,"amount":300},{"posx":16,"posy":7,"amount":100}],"changedObstacles":[]},{"players":[{"playerId":206247,"score":1400,"energy":11,"posx":6,"posy":5,"lastAction":5,"status":0},{"playerId":137845,"score":1000,"energy":21,"posx":7,"posy":4,"lastAction":4,"status":0},{"playerId":2234905,"score":750,"energy":38,"posx":20,"posy":8,"lastAction":3,"status":0},{"playerId":2241999,"score":1400,"energy":41,"posx":7,"posy":4,"lastAction":5,"status":0}],"golds":[{"posx":2,"posy":1,"amount":250},{"posx":6,"posy":1,"amount":150},{"posx":8,"posy":1,"amount":250},{"posx":5,"posy":3,"amount":650},{"posx":1,"posy":4,"amount":750},{"posx":4,"posy":4,"amount":400},{"posx":6,"posy":5,"amount":300},{"posx":19,"posy":6,"amount":300},{"posx":16,"posy":7,"amount":100}],"changedObstacles":[{"type":0,"posx":7,"posy":4,"value":-1}]},{"players":[{"playerId":206247,"score":1450,"energy":6,"posx":6,"posy":5,"lastAction":5,"status":0},{"playerId":137845,"score":1000,"energy":37,"posx":7,"posy":4,"lastAction":4,"status":0},{"playerId":2234905,"score":750,"energy":18,"posx":19,"posy":8,"lastAction":0,"status":0},{"playerId":2241999,"score":1400,"energy":36,"posx":7,"posy":3,"lastAction":2,"status":0}],"golds":[{"posx":2,"posy":1,"amount":250},{"posx":6,"posy":1,"amount":150},{"posx":8,"posy":1,"amount":250},{"posx":5,"posy":3,"amount":650},{"posx":1,"posy":4,"amount":750},{"posx":4,"posy":4,"amount":400},{"posx":6,"posy":5,"amount":250},{"posx":19,"posy":6,"amount":300},{"posx":16,"posy":7,"amount":100}],"changedObstacles":[{"type":3,"posx":7,"posy":3,"value":-20},{"type":3,"posx":19,"posy":8,"value":-40}]},{"players":[{"playerId":206247,"score":1500,"energy":1,"posx":6,"posy":5,"lastAction":5,"status":0},{"playerId":137845,"score":1000,"energy":17,"posx":6,"posy":4,"lastAction":0,"status":0},{"playerId":2234905,"score":750,"energy":17,"posx":20,"posy":8,"lastAction":1,"status":0},{"playerId":2241999,"score":1400,"energy":35,"posx":6,"posy":3,"lastAction":0,"status":0}],"golds":[{"posx":2,"posy":1,"amount":250},{"posx":6,"posy":1,"amount":150},{"posx":8,"posy":1,"amount":250},{"posx":5,"posy":3,"amount":650},{"posx":1,"posy":4,"amount":750},{"posx":4,"posy":4,"amount":400},{"posx":6,"posy":5,"amount":200},{"posx":19,"posy":6,"amount":300},{"posx":16,"posy":7,"amount":100}],"changedObstacles":[]},{"players":[{"playerId":206247,"score":1500,"energy":13,"posx":6,"posy":5,"lastAction":4,"status":0},{"playerId":137845,"score":1000,"energy":12,"posx":5,"posy":4,"lastAction":0,"status":0},{"playerId":2234905,"score":750,"energy":29,"posx":20,"posy":8,"lastAction":4,"status":0},{"playerId":2241999,"score":1400,"energy":31,"posx":5,"posy":3,"lastAction":0,"status":0}],"golds":[{"posx":2,"posy":1,"amount":250},{"posx":6,"posy":1,"amount":150},{"posx":8,"posy":1,"amount":250},{"posx":5,"posy":3,"amount":650},{"posx":1,"posy":4,"amount":750},{"posx":4,"posy":4,"amount":400},{"posx":6,"posy":5,"amount":200},{"posx":19,"posy":6,"amount":300},{"posx":16,"posy":7,"amount":100}],"changedObstacles":[{"type":3,"posx":5,"posy":4,"value":-20}]},{"players":[{"playerId":206247,"score":1500,"energy":29,"posx":6,"posy":5,"lastAction":4,"status":0},{"playerId":137845,"score":1000,"energy":8,"posx":4,"posy":4,"lastAction":0,"status":0},{"playerId":2234905,"score":750,"energy":28,"posx":20,"posy":7,"lastAction":2,"status":0},{"playerId":2241999,"score":1450,"energy":26,"posx":5,"posy":3,"lastAction":5,"status":0}],"golds":[{"posx":2,"posy":1,"amount":250},{"posx":6,"posy":1,"amount":150},{"posx":8,"posy":1,"amount":250},{"posx":5,"posy":3,"amount":600},{"posx":1,"posy":4,"amount":750},{"posx":4,"posy":4,"amount":400},{"posx":6,"posy":5,"amount":200},{"posx":19,"posy":6,"amount":300},{"posx":16,"posy":7,"amount":100}],"changedObstacles":[]},{"players":[{"playerId":206247,"score":1500,"energy":50,"posx":6,"posy":5,"lastAction":4,"status":0},{"playerId":137845,"score":1050,"energy":3,"posx":4,"posy":4,"lastAction":5,"status":0},{"playerId":2234905,"score":750,"energy":23,"posx":19,"posy":7,"lastAction":0,"status":0},{"playerId":2241999,"score":1500,"energy":21,"posx":5,"posy":3,"lastAction":5,"status":0}],"golds":[{"posx":2,"posy":1,"amount":250},{"posx":6,"posy":1,"amount":150},{"posx":8,"posy":1,"amount":250},{"posx":5,"posy":3,"amount":550},{"posx":1,"posy":4,"amount":750},{"posx":4,"posy":4,"amount":350},{"posx":6,"posy":5,"amount":200},{"posx":19,"posy":6,"amount":300},{"posx":16,"posy":7,"amount":100}],"changedObstacles":[{"type":3,"posx":19,"posy":7,"value":-20}]},{"players":[{"playerId":206247,"score":1550,"energy":45,"posx":6,"posy":5,"lastAction":5,"status":0},{"playerId":137845,"score":1050,"energy":15,"posx":4,"posy":4,"lastAction":4,"status":0},{"playerId":2234905,"score":750,"energy":22,"posx":20,"posy":7,"lastAction":1,"status":0},{"playerId":2241999,"score":1550,"energy":16,"posx":5,"posy":3,"lastAction":5,"status":0}],"golds":[{"posx":2,"posy":1,"amount":250},{"posx":6,"posy":1,"amount":150},{"posx":8,"posy":1,"amount":250},{"posx":5,"posy":3,"amount":500},{"posx":1,"posy":4,"amount":750},{"posx":4,"posy":4,"amount":350},{"posx":6,"posy":5,"amount":150},{"posx":19,"posy":6,"amount":300},{"posx":16,"posy":7,"amount":100}],"changedObstacles":[]},{"players":[{"playerId":206247,"score":1600,"energy":40,"posx":6,"posy":5,"lastAction":5,"status":0},{"playerId":137845,"score":1050,"energy":31,"posx":4,"posy":4,"lastAction":4,"status":0},{"playerId":2234905,"score":750,"energy":34,"posx":20,"posy":7,"lastAction":4,"status":0},{"playerId":2241999,"score":1600,"energy":11,"posx":5,"posy":3,"lastAction":5,"status":0}],"golds":[{"posx":2,"posy":1,"amount":250},{"posx":6,"posy":1,"amount":150},{"posx":8,"posy":1,"amount":250},{"posx":5,"posy":3,"amount":450},{"posx":1,"posy":4,"amount":750},{"posx":4,"posy":4,"amount":350},{"posx":6,"posy":5,"amount":100},{"posx":19,"posy":6,"amount":300},{"posx":16,"posy":7,"amount":100}],"changedObstacles":[]},{"players":[{"playerId":206247,"score":1650,"energy":35,"posx":6,"posy":5,"lastAction":5,"status":0},{"playerId":137845,"score":1050,"energy":50,"posx":4,"posy":4,"lastAction":4,"status":0},{"playerId":2234905,"score":750,"energy":14,"posx":19,"posy":7,"lastAction":0,"status":0},{"playerId":2241999,"score":1650,"energy":6,"posx":5,"posy":3,"lastAction":5,"status":0}],"golds":[{"posx":2,"posy":1,"amount":250},{"posx":6,"posy":1,"amount":150},{"posx":8,"posy":1,"amount":250},{"posx":5,"posy":3,"amount":400},{"posx":1,"posy":4,"amount":750},{"posx":4,"posy":4,"amount":350},{"posx":6,"posy":5,"amount":50},{"posx":19,"posy":6,"amount":300},{"posx":16,"posy":7,"amount":100}],"changedObstacles":[{"type":3,"posx":19,"posy":7,"value":-40}]},{"players":[{"playerId":206247,"score":1700,"energy":30,"posx":6,"posy":5,"lastAction":5,"status":0},{"playerId":137845,"score":1100,"energy":45,"posx":4,"posy":4,"lastAction":5,"status":0},{"playerId":2234905,"score":750,"energy":13,"posx":20,"posy":7,"lastAction":1,"status":0},{"playerId":2241999,"score":1700,"energy":1,"posx":5,"posy":3,"lastAction":5,"status":0}],"golds":[{"posx":2,"posy":1,"amount":250},{"posx":6,"posy":1,"amount":150},{"posx":8,"posy":1,"amount":250},{"posx":5,"posy":3,"amount":350},{"posx":1,"posy":4,"amount":750},{"posx":4,"posy":4,"amount":300},{"posx":19,"posy":6,"amount":300},{"posx":16,"posy":7,"amount":100}],"changedObstacles":[{"type":0,"posx":6,"posy":5,"value":-1}]},{"players":[{"playerId":206247,"score":1700,"energy":20,"posx":5,"posy":5,"lastAction":0,"status":0},{"playerId":137845,"score":1150,"energy":40,"posx":4,"posy":4,"lastAction":5,"status":0},{"playerId":2234905,"score":750,"energy":12,"posx":20,"posy":8,"lastAction":3,"status":0},{"playerId":2241999,"score":1700,"energy":13,"posx":5,"posy":3,"lastAction":4,"status":0}],"golds":[{"posx":2,"posy":1,"amount":250},{"posx":6,"posy":1,"amount":150},{"posx":8,"posy":1,"amount":250},{"posx":5,"posy":3,"amount":350},{"posx":1,"posy":4,"amount":750},{"posx":4,"posy":4,"amount":250},{"posx":19,"posy":6,"amount":300},{"posx":16,"posy":7,"amount":100}],"changedObstacles":[{"type":0,"posx":5,"posy":5,"value":-1}]},{"players":[{"playerId":206247,"score":1700,"energy":32,"posx":5,"posy":5,"lastAction":4,"status":0},{"playerId":137845,"score":1200,"energy":35,"posx":4,"posy":4,"lastAction":5,"status":0},{"playerId":2234905,"score":750,"energy":24,"posx":20,"posy":8,"lastAction":4,"status":0},{"playerId":2241999,"score":1750,"energy":8,"posx":5,"posy":3,"lastAction":5,"status":0}],"golds":[{"posx":2,"posy":1,"amount":250},{"posx":6,"posy":1,"amount":150},{"posx":8,"posy":1,"amount":250},{"posx":5,"posy":3,"amount":300},{"posx":1,"posy":4,"amount":750},{"posx":4,"posy":4,"amount":200},{"posx":19,"posy":6,"amount":300},{"posx":16,"posy":7,"amount":100}],"changedObstacles":[]},{"players":[{"playerId":206247,"score":1700,"energy":48,"posx":5,"posy":5,"lastAction":4,"status":0},{"playerId":137845,"score":1250,"energy":30,"posx":4,"posy":4,"lastAction":5,"status":0},{"playerId":2234905,"score":750,"energy":23,"posx":20,"posy":7,"lastAction":2,"status":0},{"playerId":2241999,"score":1800,"energy":3,"posx":5,"posy":3,"lastAction":5,"status":0}],"golds":[{"posx":2,"posy":1,"amount":250},{"posx":6,"posy":1,"amount":150},{"posx":8,"posy":1,"amount":250},{"posx":5,"posy":3,"amount":250},{"posx":1,"posy":4,"amount":750},{"posx":4,"posy":4,"amount":150},{"posx":19,"posy":6,"amount":300},{"posx":16,"posy":7,"amount":100}],"changedObstacles":[]},{"players":[{"playerId":206247,"score":1700,"energy":50,"posx":5,"posy":5,"lastAction":4,"status":0},{"playerId":137845,"score":1300,"energy":25,"posx":4,"posy":4,"lastAction":5,"status":0},{"playerId":2234905,"score":750,"energy":22,"posx":20,"posy":8,"lastAction":3,"status":0},{"playerId":2241999,"score":1800,"energy":15,"posx":5,"posy":3,"lastAction":4,"status":0}],"golds":[{"posx":2,"posy":1,"amount":250},{"posx":6,"posy":1,"amount":150},{"posx":8,"posy":1,"amount":250},{"posx":5,"posy":3,"amount":250},{"posx":1,"posy":4,"amount":750},{"posx":4,"posy":4,"amount":100},{"posx":19,"posy":6,"amount":300},{"posx":16,"posy":7,"amount":100}],"changedObstacles":[]},{"players":[{"playerId":206247,"score":1700,"energy":30,"posx":5,"posy":4,"lastAction":2,"status":0},{"playerId":137845,"score":1350,"energy":20,"posx":4,"posy":4,"lastAction":5,"status":0},{"playerId":2234905,"score":750,"energy":21,"posx":20,"posy":7,"lastAction":2,"status":0},{"playerId":2241999,"score":1850,"energy":10,"posx":5,"posy":3,"lastAction":5,"status":0}],"golds":[{"posx":2,"posy":1,"amount":250},{"posx":6,"posy":1,"amount":150},{"posx":8,"posy":1,"amount":250},{"posx":5,"posy":3,"amount":200},{"posx":1,"posy":4,"amount":750},{"posx":4,"posy":4,"amount":50},{"posx":19,"posy":6,"amount":300},{"posx":16,"posy":7,"amount":100}],"changedObstacles":[{"type":3,"posx":5,"posy":4,"value":-40}]},{"players":[{"playerId":206247,"score":1700,"energy":26,"posx":5,"posy":3,"lastAction":2,"status":0},{"playerId":137845,"score":1400,"energy":15,"posx":4,"posy":4,"lastAction":5,"status":0},{"playerId":2234905,"score":750,"energy":20,"posx":20,"posy":8,"lastAction":3,"status":0},{"playerId":2241999,"score":1900,"energy":5,"posx":5,"posy":3,"lastAction":5,"status":0}],"golds":[{"posx":2,"posy":1,"amount":250},{"posx":6,"posy":1,"amount":150},{"posx":8,"posy":1,"amount":250},{"posx":5,"posy":3,"amount":150},{"posx":1,"posy":4,"amount":750},{"posx":19,"posy":6,"amount":300},{"posx":16,"posy":7,"amount":100}],"changedObstacles":[{"type":0,"posx":4,"posy":4,"value":-1}]},{"players":[{"playerId":206247,"score":1750,"energy":21,"posx":5,"posy":3,"lastAction":5,"status":0},{"playerId":137845,"score":1400,"energy":27,"posx":4,"posy":4,"lastAction":4,"status":0},{"playerId":2234905,"score":750,"energy":19,"posx":20,"posy":7,"lastAction":2,"status":0},{"playerId":2241999,"score":1900,"energy":17,"posx":5,"posy":3,"lastAction":4,"status":0}],"golds":[{"posx":2,"posy":1,"amount":250},{"posx":6,"posy":1,"amount":150},{"posx":8,"posy":1,"amount":250},{"posx":5,"posy":3,"amount":100},{"posx":1,"posy":4,"amount":750},{"posx":19,"posy":6,"amount":300},{"posx":16,"posy":7,"amount":100}],"changedObstacles":[]},{"players":[{"playerId":206247,"score":1800,"energy":16,"posx":5,"posy":3,"lastAction":5,"status":0},{"playerId":137845,"score":1400,"energy":43,"posx":4,"posy":4,"lastAction":4,"status":0},{"playerId":2234905,"score":750,"energy":18,"posx":20,"posy":8,"lastAction":3,"status":0},{"playerId":2241999,"score":1950,"energy":12,"posx":5,"posy":3,"lastAction":5,"status":0}],"golds":[{"posx":2,"posy":1,"amount":250},{"posx":6,"posy":1,"amount":150},{"posx":8,"posy":1,"amount":250},{"posx":1,"posy":4,"amount":750},{"posx":19,"posy":6,"amount":300},{"posx":16,"posy":7,"amount":100}],"changedObstacles":[{"type":0,"posx":5,"posy":3,"value":-1}]},{"players":[{"playerId":206247,"score":1800,"energy":28,"posx":5,"posy":3,"lastAction":4,"status":0},{"playerId":137845,"score":1400,"energy":23,"posx":3,"posy":4,"lastAction":0,"status":0},{"playerId":2234905,"score":750,"energy":17,"posx":20,"posy":7,"lastAction":2,"status":0},{"playerId":2241999,"score":1950,"energy":11,"posx":5,"posy":2,"lastAction":2,"status":0}],"golds":[{"posx":2,"posy":1,"amount":250},{"posx":6,"posy":1,"amount":150},{"posx":8,"posy":1,"amount":250},{"posx":1,"posy":4,"amount":750},{"posx":19,"posy":6,"amount":300},{"posx":16,"posy":7,"amount":100}],"changedObstacles":[]},{"players":[{"playerId":206247,"score":1800,"energy":44,"posx":5,"posy":3,"lastAction":4,"status":0},{"playerId":137845,"score":1400,"energy":18,"posx":2,"posy":4,"lastAction":0,"status":0},{"playerId":2234905,"score":750,"energy":16,"posx":20,"posy":8,"lastAction":3,"status":0},{"playerId":2241999,"score":1950,"energy":10,"posx":5,"posy":1,"lastAction":2,"status":0}],"golds":[{"posx":2,"posy":1,"amount":250},{"posx":6,"posy":1,"amount":150},{"posx":8,"posy":1,"amount":250},{"posx":1,"posy":4,"amount":750},{"posx":19,"posy":6,"amount":300},{"posx":16,"posy":7,"amount":100}],"changedObstacles":[]},{"players":[{"playerId":206247,"score":1800,"energy":50,"posx":5,"posy":3,"lastAction":4,"status":0},{"playerId":137845,"score":1400,"energy":14,"posx":1,"posy":4,"lastAction":0,"status":0},{"playerId":2234905,"score":750,"energy":15,"posx":20,"posy":7,"lastAction":2,"status":0},{"playerId":2241999,"score":1950,"energy":6,"posx":6,"posy":1,"lastAction":1,"status":0}],"golds":[{"posx":2,"posy":1,"amount":250},{"posx":6,"posy":1,"amount":150},{"posx":8,"posy":1,"amount":250},{"posx":1,"posy":4,"amount":750},{"posx":19,"posy":6,"amount":300},{"posx":16,"posy":7,"amount":100}],"changedObstacles":[]},{"players":[{"playerId":206247,"score":1800,"energy":38,"posx":4,"posy":3,"lastAction":0,"status":0},{"playerId":137845,"score":1450,"energy":9,"posx":1,"posy":4,"lastAction":5,"status":0},{"playerId":2234905,"score":750,"energy":14,"posx":20,"posy":8,"lastAction":3,"status":0},{"playerId":2241999,"score":2000,"energy":1,"posx":6,"posy":1,"lastAction":5,"status":0}],"golds":[{"posx":2,"posy":1,"amount":250},{"posx":6,"posy":1,"amount":100},{"posx":8,"posy":1,"amount":250},{"posx":1,"posy":4,"amount":700},{"posx":19,"posy":6,"amount":300},{"posx":16,"posy":7,"amount":100}],"changedObstacles":[]},{"players":[{"playerId":206247,"score":1800,"energy":37,"posx":3,"posy":3,"lastAction":0,"status":0},{"playerId":137845,"score":1500,"energy":4,"posx":1,"posy":4,"lastAction":5,"status":0},{"playerId":2234905,"score":750,"energy":13,"posx":20,"posy":7,"lastAction":2,"status":0},{"playerId":2241999,"score":2000,"energy":13,"posx":6,"posy":1,"lastAction":4,"status":0}],"golds":[{"posx":2,"posy":1,"amount":250},{"posx":6,"posy":1,"amount":100},{"posx":8,"posy":1,"amount":250},{"posx":1,"posy":4,"amount":650},{"posx":19,"posy":6,"amount":300},{"posx":16,"posy":7,"amount":100}],"changedObstacles":[]},{"players":[{"playerId":206247,"score":1800,"energy":29,"posx":2,"posy":3,"lastAction":0,"status":0},{"playerId":137845,"score":1500,"energy":16,"posx":1,"posy":4,"lastAction":4,"status":0},{"playerId":2234905,"score":750,"energy":12,"posx":20,"posy":8,"lastAction":3,"status":0},{"playerId":2241999,"score":2050,"energy":8,"posx":6,"posy":1,"lastAction":5,"status":0}],"golds":[{"posx":2,"posy":1,"amount":250},{"posx":6,"posy":1,"amount":50},{"posx":8,"posy":1,"amount":250},{"posx":1,"posy":4,"amount":650},{"posx":19,"posy":6,"amount":300},{"posx":16,"posy":7,"amount":100}],"changedObstacles":[]},{"players":[{"playerId":206247,"score":1800,"energy":19,"posx":1,"posy":3,"lastAction":0,"status":0},{"playerId":137845,"score":1500,"energy":32,"posx":1,"posy":4,"lastAction":4,"status":0},{"playerId":2234905,"score":750,"energy":11,"posx":20,"posy":7,"lastAction":2,"status":0},{"playerId":2241999,"score":2100,"energy":3,"posx":6,"posy":1,"lastAction":5,"status":0}],"golds":[{"posx":2,"posy":1,"amount":250},{"posx":8,"posy":1,"amount":250},{"posx":1,"posy":4,"amount":650},{"posx":19,"posy":6,"amount":300},{"posx":16,"posy":7,"amount":100}],"changedObstacles":[{"type":0,"posx":1,"posy":3,"value":-1},{"type":0,"posx":6,"posy":1,"value":-1}]},{"players":[{"playerId":206247,"score":1800,"energy":15,"posx":1,"posy":4,"lastAction":3,"status":0},{"playerId":137845,"score":1500,"energy":50,"posx":1,"posy":4,"lastAction":4,"status":0},{"playerId":2234905,"score":750,"energy":23,"posx":20,"posy":7,"lastAction":4,"status":0},{"playerId":2241999,"score":2100,"energy":2,"posx":7,"posy":1,"lastAction":1,"status":0}],"golds":[{"posx":2,"posy":1,"amount":250},{"posx":8,"posy":1,"amount":250},{"posx":1,"posy":4,"amount":650},{"posx":19,"posy":6,"amount":300},{"posx":16,"posy":7,"amount":100}],"changedObstacles":[]},{"players":[{"playerId":206247,"score":1850,"energy":10,"posx":1,"posy":4,"lastAction":5,"status":0},{"playerId":137845,"score":1550,"energy":45,"posx":1,"posy":4,"lastAction":5,"status":0},{"playerId":2234905,"score":750,"energy":22,"posx":20,"posy":8,"lastAction":3,"status":0},{"playerId":2241999,"score":2100,"energy":14,"posx":7,"posy":1,"lastAction":4,"status":0}],"golds":[{"posx":2,"posy":1,"amount":250},{"posx":8,"posy":1,"amount":250},{"posx":1,"posy":4,"amount":550},{"posx":19,"posy":6,"amount":300},{"posx":16,"posy":7,"amount":100}],"changedObstacles":[]},{"players":[{"playerId":206247,"score":1900,"energy":5,"posx":1,"posy":4,"lastAction":5,"status":0},{"playerId":137845,"score":1600,"energy":40,"posx":1,"posy":4,"lastAction":5,"status":0},{"playerId":2234905,"score":750,"energy":21,"posx":20,"posy":7,"lastAction":2,"status":0},{"playerId":2241999,"score":2100,"energy":10,"posx":8,"posy":1,"lastAction":1,"status":0}],"golds":[{"posx":2,"posy":1,"amount":250},{"posx":8,"posy":1,"amount":250},{"posx":1,"posy":4,"amount":450},{"posx":19,"posy":6,"amount":300},{"posx":16,"posy":7,"amount":100}],"changedObstacles":[]},{"players":[{"playerId":206247,"score":1900,"energy":17,"posx":1,"posy":4,"lastAction":4,"status":0},{"playerId":137845,"score":1650,"energy":35,"posx":1,"posy":4,"lastAction":5,"status":0},{"playerId":2234905,"score":750,"energy":20,"posx":20,"posy":8,"lastAction":3,"status":0},{"playerId":2241999,"score":2150,"energy":5,"posx":8,"posy":1,"lastAction":5,"status":0}],"golds":[{"posx":2,"posy":1,"amount":250},{"posx":8,"posy":1,"amount":200},{"posx":1,"posy":4,"amount":400},{"posx":19,"posy":6,"amount":300},{"posx":16,"posy":7,"amount":100}],"changedObstacles":[]},{"players":[{"playerId":206247,"score":1900,"energy":33,"posx":1,"posy":4,"lastAction":4,"status":0},{"playerId":137845,"score":1700,"energy":30,"posx":1,"posy":4,"lastAction":5,"status":0},{"playerId":2234905,"score":750,"energy":19,"posx":20,"posy":7,"lastAction":2,"status":0},{"playerId":2241999,"score":2150,"energy":17,"posx":8,"posy":1,"lastAction":4,"status":0}],"golds":[{"posx":2,"posy":1,"amount":250},{"posx":8,"posy":1,"amount":200},{"posx":1,"posy":4,"amount":350},{"posx":19,"posy":6,"amount":300},{"posx":16,"posy":7,"amount":100}],"changedObstacles":[]},{"players":[{"playerId":206247,"score":1900,"energy":50,"posx":1,"posy":4,"lastAction":4,"status":0},{"playerId":137845,"score":1750,"energy":25,"posx":1,"posy":4,"lastAction":5,"status":0},{"playerId":2234905,"score":750,"energy":18,"posx":20,"posy":8,"lastAction":3,"status":0},{"playerId":2241999,"score":2200,"energy":12,"posx":8,"posy":1,"lastAction":5,"status":0}],"golds":[{"posx":2,"posy":1,"amount":250},{"posx":8,"posy":1,"amount":150},{"posx":1,"posy":4,"amount":300},{"posx":19,"posy":6,"amount":300},{"posx":16,"posy":7,"amount":100}],"changedObstacles":[]},{"players":[{"playerId":206247,"score":1950,"energy":45,"posx":1,"posy":4,"lastAction":5,"status":0},{"playerId":137845,"score":1800,"energy":20,"posx":1,"posy":4,"lastAction":5,"status":0},{"playerId":2234905,"score":750,"energy":17,"posx":20,"posy":7,"lastAction":2,"status":0},{"playerId":2241999,"score":2250,"energy":7,"posx":8,"posy":1,"lastAction":5,"status":0}],"golds":[{"posx":2,"posy":1,"amount":250},{"posx":8,"posy":1,"amount":100},{"posx":1,"posy":4,"amount":200},{"posx":19,"posy":6,"amount":300},{"posx":16,"posy":7,"amount":100}],"changedObstacles":[]},{"players":[{"playerId":206247,"score":2000,"energy":40,"posx":1,"posy":4,"lastAction":5,"status":0},{"playerId":137845,"score":1850,"energy":15,"posx":1,"posy":4,"lastAction":5,"status":0},{"playerId":2234905,"score":750,"energy":16,"posx":20,"posy":8,"lastAction":3,"status":0},{"playerId":2241999,"score":2300,"energy":2,"posx":8,"posy":1,"lastAction":5,"status":0}],"golds":[{"posx":2,"posy":1,"amount":250},{"posx":8,"posy":1,"amount":50},{"posx":1,"posy":4,"amount":100},{"posx":19,"posy":6,"amount":300},{"posx":16,"posy":7,"amount":100}],"changedObstacles":[]},{"players":[{"playerId":206247,"score":2050,"energy":35,"posx":1,"posy":4,"lastAction":5,"status":0},{"playerId":137845,"score":1900,"energy":10,"posx":1,"posy":4,"lastAction":5,"status":0},{"playerId":2234905,"score":750,"energy":15,"posx":20,"posy":7,"lastAction":2,"status":0},{"playerId":2241999,"score":2300,"energy":14,"posx":8,"posy":1,"lastAction":4,"status":0}],"golds":[{"posx":2,"posy":1,"amount":250},{"posx":8,"posy":1,"amount":50},{"posx":19,"posy":6,"amount":300},{"posx":16,"posy":7,"amount":100}],"changedObstacles":[{"type":0,"posx":1,"posy":4,"value":-1}]},{"players":[{"playerId":206247,"score":2050,"energy":24,"posx":2,"posy":4,"lastAction":1,"status":0},{"playerId":137845,"score":1900,"energy":9,"posx":1,"posy":3,"lastAction":2,"status":0},{"playerId":2234905,"score":750,"energy":14,"posx":20,"posy":8,"lastAction":3,"status":0},{"playerId":2241999,"score":2350,"energy":9,"posx":8,"posy":1,"lastAction":5,"status":0}],"golds":[{"posx":2,"posy":1,"amount":250},{"posx":19,"posy":6,"amount":300},{"posx":16,"posy":7,"amount":100}],"changedObstacles":[{"type":0,"posx":8,"posy":1,"value":-1}]},{"players":[{"playerId":206247,"score":2050,"energy":23,"posx":2,"posy":5,"lastAction":3,"status":0},{"playerId":137845,"score":1900,"energy":21,"posx":1,"posy":3,"lastAction":4,"status":0},{"playerId":2234905,"score":750,"energy":13,"posx":20,"posy":7,"lastAction":2,"status":0},{"playerId":2241999,"score":2350,"energy":8,"posx":7,"posy":1,"lastAction":0,"status":0}],"golds":[{"posx":2,"posy":1,"amount":250},{"posx":19,"posy":6,"amount":300},{"posx":16,"posy":7,"amount":100}],"changedObstacles":[]},{"players":[{"playerId":206247,"score":2050,"energy":18,"posx":3,"posy":5,"lastAction":1,"status":0},{"playerId":137845,"score":1900,"energy":37,"posx":1,"posy":3,"lastAction":4,"status":0},{"playerId":2234905,"score":750,"energy":12,"posx":20,"posy":8,"lastAction":3,"status":0},{"playerId":2241999,"score":2350,"energy":7,"posx":6,"posy":1,"lastAction":0,"status":0}],"golds":[{"posx":2,"posy":1,"amount":250},{"posx":19,"posy":6,"amount":300},{"posx":16,"posy":7,"amount":100}],"changedObstacles":[{"type":3,"posx":3,"posy":5,"value":-20}]},{"players":[{"playerId":206247,"score":2050,"energy":13,"posx":4,"posy":5,"lastAction":1,"status":0},{"playerId":137845,"score":1900,"energy":31,"posx":1,"posy":2,"lastAction":2,"status":0},{"playerId":2234905,"score":750,"energy":11,"posx":20,"posy":7,"lastAction":2,"status":0},{"playerId":2241999,"score":2350,"energy":6,"posx":5,"posy":1,"lastAction":0,"status":0}],"golds":[{"posx":2,"posy":1,"amount":250},{"posx":19,"posy":6,"amount":300},{"posx":16,"posy":7,"amount":100}],"changedObstacles":[{"type":3,"posx":4,"posy":5,"value":-20}]},{"players":[{"playerId":206247,"score":2050,"energy":12,"posx":5,"posy":5,"lastAction":1,"status":0},{"playerId":137845,"score":1900,"energy":30,"posx":1,"posy":1,"lastAction":2,"status":0},{"playerId":2234905,"score":750,"energy":10,"posx":20,"posy":8,"lastAction":3,"status":0},{"playerId":2241999,"score":2350,"energy":18,"posx":5,"posy":1,"lastAction":4,"status":0}],"golds":[{"posx":2,"posy":1,"amount":250},{"posx":19,"posy":6,"amount":300},{"posx":16,"posy":7,"amount":100}],"changedObstacles":[]},{"players":[{"playerId":206247,"score":2050,"energy":11,"posx":6,"posy":5,"lastAction":1,"status":0},{"playerId":137845,"score":1900,"energy":26,"posx":2,"posy":1,"lastAction":1,"status":0},{"playerId":2234905,"score":750,"energy":9,"posx":20,"posy":7,"lastAction":2,"status":0},{"playerId":2241999,"score":2350,"energy":8,"posx":4,"posy":1,"lastAction":0,"status":0}],"golds":[{"posx":2,"posy":1,"amount":250},{"posx":19,"posy":6,"amount":300},{"posx":16,"posy":7,"amount":100}],"changedObstacles":[{"type":0,"posx":4,"posy":1,"value":-1}]},{"players":[{"playerId":206247,"score":2050,"energy":10,"posx":7,"posy":5,"lastAction":1,"status":0},{"playerId":137845,"score":1950,"energy":21,"posx":2,"posy":1,"lastAction":5,"status":0},{"playerId":2234905,"score":750,"energy":8,"posx":20,"posy":8,"lastAction":3,"status":0},{"playerId":2241999,"score":2350,"energy":20,"posx":4,"posy":1,"lastAction":4,"status":0}],"golds":[{"posx":2,"posy":1,"amount":200},{"posx":19,"posy":6,"amount":300},{"posx":16,"posy":7,"amount":100}],"changedObstacles":[]},{"players":[{"playerId":206247,"score":2050,"energy":9,"posx":8,"posy":5,"lastAction":1,"status":0},{"playerId":137845,"score":2000,"energy":16,"posx":2,"posy":1,"lastAction":5,"status":0},{"playerId":2234905,"score":750,"energy":7,"posx":20,"posy":7,"lastAction":2,"status":0},{"playerId":2241999,"score":2350,"energy":36,"posx":4,"posy":1,"lastAction":4,"status":0}],"golds":[{"posx":2,"posy":1,"amount":150},{"posx":19,"posy":6,"amount":300},{"posx":16,"posy":7,"amount":100}],"changedObstacles":[]},{"players":[{"playerId":206247,"score":2050,"energy":8,"posx":8,"posy":6,"lastAction":3,"status":0},{"playerId":137845,"score":2050,"energy":11,"posx":2,"posy":1,"lastAction":5,"status":0},{"playerId":2234905,"score":750,"energy":6,"posx":20,"posy":8,"lastAction":3,"status":0},{"playerId":2241999,"score":2350,"energy":20,"posx":3,"posy":1,"lastAction":0,"status":0}],"golds":[{"posx":2,"posy":1,"amount":100},{"posx":19,"posy":6,"amount":300},{"posx":16,"posy":7,"amount":100}],"changedObstacles":[]},{"players":[{"playerId":206247,"score":2050,"energy":7,"posx":9,"posy":6,"lastAction":1,"status":0},{"playerId":137845,"score":2100,"energy":6,"posx":2,"posy":1,"lastAction":5,"status":0},{"playerId":2234905,"score":750,"energy":5,"posx":20,"posy":7,"lastAction":2,"status":0},{"playerId":2241999,"score":2350,"energy":16,"posx":2,"posy":1,"lastAction":0,"status":0}],"golds":[{"posx":2,"posy":1,"amount":50},{"posx":19,"posy":6,"amount":300},{"posx":16,"posy":7,"amount":100}],"changedObstacles":[]}]