[{"players":[{"playerId":2277,"score":0,"energy":36},{"playerId":137845,"score":0,"energy":50},{"playerId":3944,"score":0,"energy":46},{"playerId":2234905,"score":0,"energy":46}],"golds":[{"posx":1,"posy":8,"amount":100},{"posx":9,"posy":4,"amount":150},{"posx":15,"posy":6,"amount":300},{"posx":19,"posy":2,"amount":50},{"posx":17,"posy":1,"amount":50},{"posx":6,"posy":7,"amount":600},{"posx":1,"posy":6,"amount":600},{"posx":6,"posy":2,"amount":150},{"posx":8,"posy":3,"amount":100},{"posx":14,"posy":5,"amount":550},{"posx":5,"posy":6,"amount":450},{"posx":15,"posy":4,"amount":500},{"posx":18,"posy":7,"amount":350},{"posx":6,"posy":4,"amount":450},{"posx":3,"posy":8,"amount":250},{"posx":16,"posy":0,"amount":400},{"posx":1,"posy":7,"amount":250},{"posx":5,"posy":7,"amount":500},{"posx":13,"posy":6,"amount":550},{"posx":19,"posy":0,"amount":50}],"changedObstacles":[]},{"players":[{"playerId":2277,"score":0,"energy":32},{"playerId":137845,"score":0,"energy":40},{"playerId":3944,"score":50,"energy":41},{"playerId":2234905,"score":50,"energy":41}],"golds":[{"posx":16,"posy":0,"amount":400},{"posx":19,"posy":0,"amount":50},{"posx":17,"posy":1,"amount":50},{"posx":6,"posy":2,"amount":150},{"posx":19,"posy":2,"amount":50},{"posx":6,"posy":4,"amount":450},{"posx":9,"posy":4,"amount":150},{"posx":15,"posy":4,"amount":500},{"posx":14,"posy":5,"amount":550},{"posx":1,"posy":6,"amount":600},{"posx":5,"posy":6,"amount":450},{"posx":13,"posy":6,"amount":550},{"posx":15,"posy":6,"amount":300},{"posx":1,"posy":7,"amount":250},{"posx":5,"posy":7,"amount":500},{"posx":6,"posy":7,"amount":600},{"posx":18,"posy":7,"amount":350},{"posx":1,"posy":8,"amount":100},{"posx":3,"posy":8,"amount":250}],"changedObstacles":[{"type":0,"posx":8,"posy":3,"value":-1}]},{"players":[{"playerId":2277,"score":50,"energy":27},{"playerId":137845,"score":0,"energy":36},{"playerId":3944,"score":50,"energy":40},{"playerId":2234905,"score":50,"energy":40}],"golds":[{"posx":16,"posy":0,"amount":400},{"posx":19,"posy":0,"amount":50},{"posx":17,"posy":1,"amount":50},{"posx":6,"posy":2,"amount":100},{"posx":19,"posy":2,"amount":50},{"posx":6,"posy":4,"amount":450},{"posx":9,"posy":4,"amount":150},{"posx":15,"posy":4,"amount":500},{"posx":14,"posy":5,"amount":550},{"posx":1,"posy":6,"amount":600},{"posx":5,"posy":6,"amount":450},{"posx":13,"posy":6,"amount":550},{"posx":15,"posy":6,"amount":300},{"posx":1,"posy":7,"amount":250},{"posx":5,"posy":7,"amount":500},{"posx":6,"posy":7,"amount":600},{"posx":18,"posy":7,"amount":350},{"posx":1,"posy":8,"amount":100},{"posx":3,"posy":8,"amount":250}],"changedObstacles":[]},{"players":[{"playerId":2277,"score":100,"energy":22},{"playerId":137845,"score":50,"energy":31},{"playerId":3944,"score":50,"energy":36},{"playerId":2234905,"score":50,"energy":39}],"golds":[{"posx":16,"posy":0,"amount":400},{"posx":19,"posy":0,"amount":50},{"posx":17,"posy":1,"amount":50},{"posx":19,"posy":2,"amount":50},{"posx":6,"posy":4,"amount":450},{"posx":9,"posy":4,"amount":150},{"posx":15,"posy":4,"amount":500},{"posx":14,"posy":5,"amount":550},{"posx":1,"posy":6,"amount":600},{"posx":5,"posy":6,"amount":450},{"posx":13,"posy":6,"amount":550},{"posx":15,"posy":6,"amount":300},{"posx":1,"posy":7,"amount":250},{"posx":5,"posy":7,"amount":500},{"posx":6,"posy":7,"amount":600},{"posx":18,"posy":7,"amount":350},{"posx":1,"posy":8,"amount":100},{"posx":3,"posy":8,"amount":250}],"changedObstacles":[{"type":0,"posx":6,"posy":2,"value":-1}]},{"players":[{"playerId":2277,"score":100,"energy":21},{"playerId":137845,"score":50,"energy":30},{"playerId":3944,"score":100,"energy":31},{"playerId":2234905,"score":50,"energy":38}],"golds":[{"posx":16,"posy":0,"amount":400},{"posx":19,"posy":0,"amount":50},{"posx":17,"posy":1,"amount":50},{"posx":19,"posy":2,"amount":50},{"posx":6,"posy":4,"amount":450},{"posx":9,"posy":4,"amount":100},{"posx":15,"posy":4,"amount":500},{"posx":14,"posy":5,"amount":550},{"posx":1,"posy":6,"amount":600},{"posx":5,"posy":6,"amount":450},{"posx":13,"posy":6,"amount":550},{"posx":15,"posy":6,"amount":300},{"posx":1,"posy":7,"amount":250},{"posx":5,"posy":7,"amount":500},{"posx":6,"posy":7,"amount":600},{"posx":18,"posy":7,"amount":350},{"posx":1,"posy":8,"amount":100},{"posx":3,"posy":8,"amount":250}],"changedObstacles":[]},{"players":[{"playerId":2277,"score":100,"energy":20},{"playerId":137845,"score":50,"energy":26},{"playerId":3944,"score":150,"energy":26},{"playerId":2234905,"score":50,"energy":37}],"golds":[{"posx":16,"posy":0,"amount":400},{"posx":19,"posy":0,"amount":50},{"posx":17,"posy":1,"amount":50},{"posx":19,"posy":2,"amount":50},{"posx":6,"posy":4,"amount":450},{"posx":9,"posy":4,"amount":50},{"posx":15,"posy":4,"amount":500},{"posx":14,"posy":5,"amount":550},{"posx":1,"posy":6,"amount":600},{"posx":5,"posy":6,"amount":450},{"posx":13,"posy":6,"amount":550},{"posx":15,"posy":6,"amount":300},{"posx":1,"posy":7,"amount":250},{"posx":5,"posy":7,"amount":500},{"posx":6,"posy":7,"amount":600},{"posx":18,"posy":7,"amount":350},{"posx":1,"posy":8,"amount":100},{"posx":3,"posy":8,"amount":250}],"changedObstacles":[]},{"players":[{"playerId":2277,"score":100,"energy":32},{"playerId":137845,"score":100,"energy":21},{"playerId":3944,"score":200,"energy":21},{"playerId":2234905,"score":50,"energy":36}],"golds":[{"posx":16,"posy":0,"amount":400},{"posx":19,"posy":0,"amount":50},{"posx":17,"posy":1,"amount":50},{"posx":19,"posy":2,"amount":50},{"posx":6,"posy":4,"amount":400},{"posx":15,"posy":4,"amount":500},{"posx":14,"posy":5,"amount":550},{"posx":1,"posy":6,"amount":600},{"posx":5,"posy":6,"amount":450},{"posx":13,"posy":6,"amount":550},{"posx":15,"posy":6,"amount":300},{"posx":1,"posy":7,"amount":250},{"posx":5,"posy":7,"amount":500},{"posx":6,"posy":7,"amount":600},{"posx":18,"posy":7,"amount":350},{"posx":1,"posy":8,"amount":100},{"posx":3,"posy":8,"amount":250}],"changedObstacles":[{"type":0,"posx":9,"posy":4,"value":-1}]},{"players":[{"playerId":2277,"score":100,"energy":48},{"playerId":137845,"score":150,"energy":16},{"playerId":3944,"score":200,"energy":20},{"playerId":2234905,"score":50,"energy":32}],"golds":[{"posx":16,"posy":0,"amount":400},{"posx":19,"posy":0,"amount":50},{"posx":17,"posy":1,"amount":50},{"posx":19,"posy":2,"amount":50},{"posx":6,"posy":4,"amount":350},{"posx":15,"posy":4,"amount":500},{"posx":14,"posy":5,"amount":550},{"posx":1,"posy":6,"amount":600},{"posx":5,"posy":6,"amount":450},{"posx":13,"posy":6,"amount":550},{"posx":15,"posy":6,"amount":300},{"posx":1,"posy":7,"amount":250},{"posx":5,"posy":7,"amount":500},{"posx":6,"posy":7,"amount":600},{"posx":18,"posy":7,"amount":350},{"posx":1,"posy":8,"amount":100},{"posx":3,"posy":8,"amount":250}],"changedObstacles":[]},{"players":[{"playerId":2277,"score":100,"energy":47},{"playerId":137845,"score":200,"energy":11},{"playerId":3944,"score":200,"energy":19},{"playerId":2234905,"score":100,"energy":27}],"golds":[{"posx":16,"posy":0,"amount":400},{"posx":19,"posy":0,"amount":50},{"posx":17,"posy":1,"amount":50},{"posx":19,"posy":2,"amount":50},{"posx":6,"posy":4,"amount":300},{"posx":15,"posy":4,"amount":500},{"posx":14,"posy":5,"amount":550},{"posx":1,"posy":6,"amount":600},{"posx":5,"posy":6,"amount":400},{"posx":13,"posy":6,"amount":550},{"posx":15,"posy":6,"amount":300},{"posx":1,"posy":7,"amount":250},{"posx":5,"posy":7,"amount":500},{"posx":6,"posy":7,"amount":600},{"posx":18,"posy":7,"amount":350},{"posx":1,"posy":8,"amount":100},{"posx":3,"posy":8,"amount":250}],"changedObstacles":[]},{"players":[{"playerId":2277,"score":100,"energy":42},{"playerId":137845,"score":250,"energy":6},{"playerId":3944,"score":200,"energy":18},{"playerId":2234905,"score":150,"energy":22}],"golds":[{"posx":16,"posy":0,"amount":400},{"posx":19,"posy":0,"amount":50},{"posx":17,"posy":1,"amount":50},{"posx":19,"posy":2,"amount":50},{"posx":6,"posy":4,"amount":250},{"posx":15,"posy":4,"amount":500},{"posx":14,"posy":5,"amount":550},{"posx":1,"posy":6,"amount":600},{"posx":5,"posy":6,"amount":350},{"posx":13,"posy":6,"amount":550},{"posx":15,"posy":6,"amount":300},{"posx":1,"posy":7,"amount":250},{"posx":5,"posy":7,"amount":500},{"posx":6,"posy":7,"amount":600},{"posx":18,"posy":7,"amount":350},{"posx":1,"posy":8,"amount":100},{"posx":3,"posy":8,"amount":250}],"changedObstacles":[{"type":3,"posx":2,"posy":2,"value":-20}]},{"players":[{"playerId":2277,"score":100,"energy":41},{"playerId":137845,"score":300,"energy":1},{"playerId":3944,"score":200,"energy":17},{"playerId":2234905,"score":200,"energy":17}],"golds":[{"posx":16,"posy":0,"amount":400},{"posx":19,"posy":0,"amount":50},{"posx":17,"posy":1,"amount":50},{"posx":19,"posy":2,"amount":50},{"posx":6,"posy":4,"amount":200},{"posx":15,"posy":4,"amount":500},{"posx":14,"posy":5,"amount":550},{"posx":1,"posy":6,"amount":600},{"posx":5,"posy":6,"amount":300},{"posx":13,"posy":6,"amount":550},{"posx":15,"posy":6,"amount":300},{"posx":1,"posy":7,"amount":250},{"posx":5,"posy":7,"amount":500},{"posx":6,"posy":7,"amount":600},{"posx":18,"posy":7,"amount":350},{"posx":1,"posy":8,"amount":100},{"posx":3,"posy":8,"amount":250}],"changedObstacles":[]},{"players":[{"playerId":2277,"score":100,"energy":40},{"playerId":137845,"score":300,"energy":13},{"playerId":3944,"score":200,"energy":16},{"playerId":2234905,"score":250,"energy":12}],"golds":[{"posx":16,"posy":0,"amount":400},{"posx":19,"posy":0,"amount":50},{"posx":17,"posy":1,"amount":50},{"posx":19,"posy":2,"amount":50},{"posx":6,"posy":4,"amount":200},{"posx":15,"posy":4,"amount":500},{"posx":14,"posy":5,"amount":550},{"posx":1,"posy":6,"amount":600},{"posx":5,"posy":6,"amount":250},{"posx":13,"posy":6,"amount":550},{"posx":15,"posy":6,"amount":300},{"posx":1,"posy":7,"amount":250},{"posx":5,"posy":7,"amount":500},{"posx":6,"posy":7,"amount":600},{"posx":18,"posy":7,"amount":350},{"posx":1,"posy":8,"amount":100},{"posx":3,"posy":8,"amount":250}],"changedObstacles":[]},{"players":[{"playerId":2277,"score":100,"energy":39},{"playerId":137845,"score":300,"energy":29},{"playerId":3944,"score":200,"energy":12},{"playerId":2234905,"score":300,"energy":7}],"golds":[{"posx":16,"posy":0,"amount":400},{"posx":19,"posy":0,"amount":50},{"posx":17,"posy":1,"amount":50},{"posx":19,"posy":2,"amount":50},{"posx":6,"posy":4,"amount":200},{"posx":15,"posy":4,"amount":500},{"posx":14,"posy":5,"amount":550},{"posx":1,"posy":6,"amount":600},{"posx":5,"posy":6,"amount":200},{"posx":13,"posy":6,"amount":550},{"posx":15,"posy":6,"amount":300},{"posx":1,"posy":7,"amount":250},{"posx":5,"posy":7,"amount":500},{"posx":6,"posy":7,"amount":600},{"posx":18,"posy":7,"amount":350},{"posx":1,"posy":8,"amount":100},{"posx":3,"posy":8,"amount":250}],"changedObstacles":[]},{"players":[{"playerId":2277,"score":100,"energy":38},{"playerId":137845,"score":300,"energy":50},{"playerId":3944,"score":250,"energy":7},{"playerId":2234905,"score":350,"energy":2}],"golds":[{"posx":16,"posy":0,"amount":400},{"posx":19,"posy":0,"amount":50},{"posx":17,"posy":1,"amount":50},{"posx":19,"posy":2,"amount":50},{"posx":6,"posy":4,"amount":200},{"posx":15,"posy":4,"amount":500},{"posx":14,"posy":5,"amount":500},{"posx":1,"posy":6,"amount":600},{"posx":5,"posy":6,"amount":150},{"posx":13,"posy":6,"amount":550},{"posx":15,"posy":6,"amount":300},{"posx":1,"posy":7,"amount":250},{"posx":5,"posy":7,"amount":500},{"posx":6,"posy":7,"amount":600},{"posx":18,"posy":7,"amount":350},{"posx":1,"posy":8,"amount":100},{"posx":3,"posy":8,"amount":250}],"changedObstacles":[]},{"players":[{"playerId":2277,"score":100,"energy":34},{"playerId":137845,"score":350,"energy":45},{"playerId":3944,"score":300,"energy":2},{"playerId":2234905,"score":350,"energy":14}],"golds":[{"posx":16,"posy":0,"amount":400},{"posx":19,"posy":0,"amount":50},{"posx":17,"posy":1,"amount":50},{"posx":19,"posy":2,"amount":50},{"posx":6,"posy":4,"amount":150},{"posx":15,"posy":4,"amount":500},{"posx":14,"posy":5,"amount":450},{"posx":1,"posy":6,"amount":600},{"posx":5,"posy":6,"amount":150},{"posx":13,"posy":6,"amount":550},{"posx":15,"posy":6,"amount":300},{"posx":1,"posy":7,"amount":250},{"posx":5,"posy":7,"amount":500},{"posx":6,"posy":7,"amount":600},{"posx":18,"posy":7,"amount":350},{"posx":1,"posy":8,"amount":100},{"posx":3,"posy":8,"amount":250}],"changedObstacles":[]},{"players":[{"playerId":2277,"score":150,"energy":29},{"playerId":137845,"score":400,"energy":40},{"playerId":3944,"score":300,"energy":14},{"playerId":2234905,"score":400,"energy":9}],"golds":[{"posx":16,"posy":0,"amount":400},{"posx":19,"posy":0,"amount":50},{"posx":17,"posy":1,"amount":50},{"posx":19,"posy":2,"amount":50},{"posx":6,"posy":4,"amount":100},{"posx":15,"posy":4,"amount":500},{"posx":14,"posy":5,"amount":450},{"posx":1,"posy":6,"amount":550},{"posx":5,"posy":6,"amount":100},{"posx":13,"posy":6,"amount":550},{"posx":15,"posy":6,"amount":300},{"posx":1,"posy":7,"amount":250},{"posx":5,"posy":7,"amount":500},{"posx":6,"posy":7,"amount":600},{"posx":18,"posy":7,"amount":350},{"posx":1,"posy":8,"amount":100},{"posx":3,"posy":8,"amount":250}],"changedObstacles":[]},{"players":[{"playerId":2277,"score":200,"energy":24},{"playerId":137845,"score":450,"energy":35},{"playerId":3944,"score":300,"energy":30},{"playerId":2234905,"score":450,"energy":4}],"golds":[{"posx":16,"posy":0,"amount":400},{"posx":19,"posy":0,"amount":50},{"posx":17,"posy":1,"amount":50},{"posx":19,"posy":2,"amount":50},{"posx":6,"posy":4,"amount":50},{"posx":15,"posy":4,"amount":500},{"posx":14,"posy":5,"amount":450},{"posx":1,"posy":6,"amount":500},{"posx":5,"posy":6,"amount":50},{"posx":13,"posy":6,"amount":550},{"posx":15,"posy":6,"amount":300},{"posx":1,"posy":7,"amount":250},{"posx":5,"posy":7,"amount":500},{"posx":6,"posy":7,"amount":600},{"posx":18,"posy":7,"amount":350},{"posx":1,"posy":8,"amount":100},{"posx":3,"posy":8,"amount":250}],"changedObstacles":[]},{"players":[{"playerId":2277,"score":250,"energy":19},{"playerId":137845,"score":500,"energy":30},{"playerId":3944,"score":300,"energy":50},{"playerId":2234905,"score":450,"energy":16}],"golds":[{"posx":16,"posy":0,"amount":400},{"posx":19,"posy":0,"amount":50},{"posx":17,"posy":1,"amount":50},{"posx":19,"posy":2,"amount":50},{"posx":15,"posy":4,"amount":500},{"posx":14,"posy":5,"amount":450},{"posx":1,"posy":6,"amount":450},{"posx":5,"posy":6,"amount":50},{"posx":13,"posy":6,"amount":550},{"posx":15,"posy":6,"amount":300},{"posx":1,"posy":7,"amount":250},{"posx":5,"posy":7,"amount":500},{"posx":6,"posy":7,"amount":600},{"posx":18,"posy":7,"amount":350},{"posx":1,"posy":8,"amount":100},{"posx":3,"posy":8,"amount":250}],"changedObstacles":[{"type":0,"posx":6,"posy":4,"value":-1}]},{"players":[{"playerId":2277,"score":300,"energy":14},{"playerId":137845,"score":500,"energy":29},{"playerId":3944,"score":350,"energy":45},{"playerId":2234905,"score":500,"energy":11}],"golds":[{"posx":16,"posy":0,"amount":400},{"posx":19,"posy":0,"amount":50},{"posx":17,"posy":1,"amount":50},{"posx":19,"posy":2,"amount":50},{"posx":15,"posy":4,"amount":500},{"posx":14,"posy":5,"amount":400},{"posx":1,"posy":6,"amount":400},{"posx":13,"posy":6,"amount":550},{"posx":15,"posy":6,"amount":300},{"posx":1,"posy":7,"amount":250},{"posx":5,"posy":7,"amount":500},{"posx":6,"posy":7,"amount":600},{"posx":18,"posy":7,"amount":350},{"posx":1,"posy":8,"amount":100},{"posx":3,"posy":8,"amount":250}],"changedObstacles":[{"type":0,"posx":5,"posy":6,"value":-1}]},{"players":[{"playerId":2277,"score":350,"energy":9},{"playerId":137845,"score":500,"energy":28},{"playerId":3944,"score":400,"energy":40},{"playerId":2234905,"score":500,"energy":23}],"golds":[{"posx":16,"posy":0,"amount":400},{"posx":19,"posy":0,"amount":50},{"posx":17,"posy":1,"amount":50},{"posx":19,"posy":2,"amount":50},{"posx":15,"posy":4,"amount":500},{"posx":14,"posy":5,"amount":350},{"posx":1,"posy":6,"amount":350},{"posx":13,"posy":6,"amount":550},{"posx":15,"posy":6,"amount":300},{"posx":1,"posy":7,"amount":250},{"posx":5,"posy":7,"amount":500},{"posx":6,"posy":7,"amount":600},{"posx":18,"posy":7,"amount":350},{"posx":1,"posy":8,"amount":100},{"posx":3,"posy":8,"amount":250}],"changedObstacles":[]},{"players":[{"playerId":2277,"score":400,"energy":4},{"playerId":137845,"score":500,"energy":24},{"playerId":3944,"score":450,"energy":35},{"playerId":2234905,"score":500,"energy":19}],"golds":[{"posx":16,"posy":0,"amount":400},{"posx":19,"posy":0,"amount":50},{"posx":17,"posy":1,"amount":50},{"posx":19,"posy":2,"amount":50},{"posx":15,"posy":4,"amount":500},{"posx":14,"posy":5,"amount":300},{"posx":1,"posy":6,"amount":300},{"posx":13,"posy":6,"amount":550},{"posx":15,"posy":6,"amount":300},{"posx":1,"posy":7,"amount":250},{"posx":5,"posy":7,"amount":500},{"posx":6,"posy":7,"amount":600},{"posx":18,"posy":7,"amount":350},{"posx":1,"posy":8,"amount":100},{"posx":3,"posy":8,"amount":250}],"changedObstacles":[]},{"players":[{"playerId":2277,"score":400,"energy":16},{"playerId":137845,"score":550,"energy":19},{"playerId":3944,"score":500,"energy":30},{"playerId":2234905,"score":550,"energy":14}],"golds":[{"posx":16,"posy":0,"amount":400},{"posx":19,"posy":0,"amount":50},{"posx":17,"posy":1,"amount":50},{"posx":19,"posy":2,"amount":50},{"posx":15,"posy":4,"amount":500},{"posx":14,"posy":5,"amount":250},{"posx":1,"posy":6,"amount":300},{"posx":13,"posy":6,"amount":550},{"posx":15,"posy":6,"amount":300},{"posx":1,"posy":7,"amount":250},{"posx":5,"posy":7,"amount":450},{"posx":6,"posy":7,"amount":550},{"posx":18,"posy":7,"amount":350},{"posx":1,"posy":8,"amount":100},{"posx":3,"posy":8,"amount":250}],"changedObstacles":[]},{"players":[{"playerId":2277,"score":400,"energy":32},{"playerId":137845,"score":600,"energy":14},{"playerId":3944,"score":550,"energy":25},{"playerId":2234905,"score":600,"energy":9}],"golds":[{"posx":16,"posy":0,"amount":400},{"posx":19,"posy":0,"amount":50},{"posx":17,"posy":1,"amount":50},{"posx":19,"posy":2,"amount":50},{"posx":15,"posy":4,"amount":500},{"posx":14,"posy":5,"amount":200},{"posx":1,"posy":6,"amount":300},{"posx":13,"posy":6,"amount":550},{"posx":15,"posy":6,"amount":300},{"posx":1,"posy":7,"amount":250},{"posx":5,"posy":7,"amount":400},{"posx":6,"posy":7,"amount":500},{"posx":18,"posy":7,"amount":350},{"posx":1,"posy":8,"amount":100},{"posx":3,"posy":8,"amount":250}],"changedObstacles":[]},{"players":[{"playerId":2277,"score":400,"energy":50},{"playerId":137845,"score":650,"energy":9},{"playerId":3944,"score":600,"energy":20},{"playerId":2234905,"score":650,"energy":4}],"golds":[{"posx":16,"posy":0,"amount":400},{"posx":19,"posy":0,"amount":50},{"posx":17,"posy":1,"amount":50},{"posx":19,"posy":2,"amount":50},{"posx":15,"posy":4,"amount":500},{"posx":14,"posy":5,"amount":150},{"posx":1,"posy":6,"amount":300},{"posx":13,"posy":6,"amount":550},{"posx":15,"posy":6,"amount":300},{"posx":1,"posy":7,"amount":250},{"posx":5,"posy":7,"amount":350},{"posx":6,"posy":7,"amount":450},{"posx":18,"posy":7,"amount":350},{"posx":1,"posy":8,"amount":100},{"posx":3,"posy":8,"amount":250}],"changedObstacles":[]},{"players":[{"playerId":2277,"score":450,"energy":45},{"playerId":137845,"score":700,"energy":4},{"playerId":3944,"score":650,"energy":15},{"playerId":2234905,"score":650,"energy":16}],"golds":[{"posx":16,"posy":0,"amount":400},{"posx":19,"posy":0,"amount":50},{"posx":17,"posy":1,"amount":50},{"posx":19,"posy":2,"amount":50},{"posx":15,"posy":4,"amount":500},{"posx":14,"posy":5,"amount":100},{"posx":1,"posy":6,"amount":250},{"posx":13,"posy":6,"amount":550},{"posx":15,"posy":6,"amount":300},{"posx":1,"posy":7,"amount":250},{"posx":5,"posy":7,"amount":350},{"posx":6,"posy":7,"amount":400},{"posx":18,"posy":7,"amount":350},{"posx":1,"posy":8,"amount":100},{"posx":3,"posy":8,"amount":250}],"changedObstacles":[]},{"players":[{"playerId":2277,"score":500,"energy":40},{"playerId":137845,"score":700,"energy":16},{"playerId":3944,"score":700,"energy":10},{"playerId":2234905,"score":700,"energy":11}],"golds":[{"posx":16,"posy":0,"amount":400},{"posx":19,"posy":0,"amount":50},{"posx":17,"posy":1,"amount":50},{"posx":19,"posy":2,"amount":50},{"posx":15,"posy":4,"amount":500},{"posx":14,"posy":5,"amount":50},{"posx":1,"posy":6,"amount":200},{"posx":13,"posy":6,"amount":550},{"posx":15,"posy":6,"amount":300},{"posx":1,"posy":7,"amount":250},{"posx":5,"posy":7,"amount":300},{"posx":6,"posy":7,"amount":400},{"posx":18,"posy":7,"amount":350},{"posx":1,"posy":8,"amount":100},{"posx":3,"posy":8,"amount":250}],"changedObstacles":[]},{"players":[{"playerId":2277,"score":550,"energy":35},{"playerId":137845,"score":700,"energy":32},{"playerId":3944,"score":750,"energy":5},{"playerId":2234905,"score":750,"energy":6}],"golds":[{"posx":16,"posy":0,"amount":400},{"posx":19,"posy":0,"amount":50},{"posx":17,"posy":1,"amount":50},{"posx":19,"posy":2,"amount":50},{"posx":15,"posy":4,"amount":500},{"posx":1,"posy":6,"amount":150},{"posx":13,"posy":6,"amount":550},{"posx":15,"posy":6,"amount":300},{"posx":1,"posy":7,"amount":250},{"posx":5,"posy":7,"amount":250},{"posx":6,"posy":7,"amount":400},{"posx":18,"posy":7,"amount":350},{"posx":1,"posy":8,"amount":100},{"posx":3,"posy":8,"amount":250}],"changedObstacles":[{"type":0,"posx":14,"posy":5,"value":-1}]},{"players":[{"playerId":2277,"score":600,"energy":30},{"playerId":137845,"score":700,"energy":50},{"playerId":3944,"score":750,"energy":17},{"playerId":2234905,"score":800,"energy":1}],"golds":[{"posx":16,"posy":0,"amount":400},{"posx":19,"posy":0,"amount":50},{"posx":17,"posy":1,"amount":50},{"posx":19,"posy":2,"amount":50},{"posx":15,"posy":4,"amount":500},{"posx":1,"posy":6,"amount":100},{"posx":13,"posy":6,"amount":550},{"posx":15,"posy":6,"amount":300},{"posx":1,"posy":7,"amount":250},{"posx":5,"posy":7,"amount":200},{"posx":6,"posy":7,"amount":400},{"posx":18,"posy":7,"amount":350},{"posx":1,"posy":8,"amount":100},{"posx":3,"posy":8,"amount":250}],"changedObstacles":[]},{"players":[{"playerId":2277,"score":650,"energy":25},{"playerId":137845,"score":750,"energy":45},{"playerId":3944,"score":750,"energy":33},{"playerId":2234905,"score":800,"energy":13}],"golds":[{"posx":16,"posy":0,"amount":400},{"posx":19,"posy":0,"amount":50},{"posx":17,"posy":1,"amount":50},{"posx":19,"posy":2,"amount":50},{"posx":15,"posy":4,"amount":500},{"posx":1,"posy":6,"amount":50},{"posx":13,"posy":6,"amount":550},{"posx":15,"posy":6,"amount":300},{"posx":1,"posy":7,"amount":250},{"posx":5,"posy":7,"amount":200},{"posx":6,"posy":7,"amount":350},{"posx":18,"posy":7,"amount":350},{"posx":1,"posy":8,"amount":100},{"posx":3,"posy":8,"amount":250}],"changedObstacles":[]},{"players":[{"playerId":2277,"score":700,"energy":20},{"playerId":137845,"score":800,"energy":40},{"playerId":3944,"score":750,"energy":50},{"playerId":2234905,"score":850,"energy":8}],"golds":[{"posx":16,"posy":0,"amount":400},{"posx":19,"posy":0,"amount":50},{"posx":17,"posy":1,"amount":50},{"posx":19,"posy":2,"amount":50},{"posx":15,"posy":4,"amount":500},{"posx":13,"posy":6,"amount":550},{"posx":15,"posy":6,"amount":300},{"posx":1,"posy":7,"amount":250},{"posx":5,"posy":7,"amount":150},{"posx":6,"posy":7,"amount":300},{"posx":18,"posy":7,"amount":350},{"posx":1,"posy":8,"amount":100},{"posx":3,"posy":8,"amount":250}],"changedObstacles":[{"type":0,"posx":1,"posy":6,"value":-1}]},{"players":[{"playerId":2277,"score":700,"energy":32},{"playerId":137845,"score":850,"energy":35},{"playerId":3944,"score":750,"energy":49},{"playerId":2234905,"score":900,"energy":3}],"golds":[{"posx":16,"posy":0,"amount":400},{"posx":19,"posy":0,"amount":50},{"posx":17,"posy":1,"amount":50},{"posx":19,"posy":2,"amount":50},{"posx":15,"posy":4,"amount":500},{"posx":13,"posy":6,"amount":550},{"posx":15,"posy":6,"amount":300},{"posx":1,"posy":7,"amount":250},{"posx":5,"posy":7,"amount":100},{"posx":6,"posy":7,"amount":250},{"posx":18,"posy":7,"amount":350},{"posx":1,"posy":8,"amount":100},{"posx":3,"posy":8,"amount":250}],"changedObstacles":[]},{"players":[{"playerId":2277,"score":700,"energy":48},{"playerId":137845,"score":900,"energy":30},{"playerId":3944,"score":750,"energy":45},{"playerId":2234905,"score":900,"energy":15}],"golds":[{"posx":16,"posy":0,"amount":400},{"posx":19,"posy":0,"amount":50},{"posx":17,"posy":1,"amount":50},{"posx":19,"posy":2,"amount":50},{"posx":15,"posy":4,"amount":500},{"posx":13,"posy":6,"amount":550},{"posx":15,"posy":6,"amount":300},{"posx":1,"posy":7,"amount":250},{"posx":5,"posy":7,"amount":100},{"posx":6,"posy":7,"amount":200},{"posx":18,"posy":7,"amount":350},{"posx":1,"posy":8,"amount":100},{"posx":3,"posy":8,"amount":250}],"changedObstacles":[]},{"players":[{"playerId":2277,"score":700,"energy":47},{"playerId":137845,"score":950,"energy":25},{"playerId":3944,"score":800,"energy":40},{"playerId":2234905,"score":950,"energy":10}],"golds":[{"posx":16,"posy":0,"amount":400},{"posx":19,"posy":0,"amount":50},{"posx":17,"posy":1,"amount":50},{"posx":19,"posy":2,"amount":50},{"posx":15,"posy":4,"amount":500},{"posx":13,"posy":6,"amount":500},{"posx":15,"posy":6,"amount":300},{"posx":1,"posy":7,"amount":250},{"posx":5,"posy":7,"amount":50},{"posx":6,"posy":7,"amount":150},{"posx":18,"posy":7,"amount":350},{"posx":1,"posy":8,"amount":100},{"posx":3,"posy":8,"amount":250}],"changedObstacles":[]},{"players":[{"playerId":2277,"score":700,"energy":47},{"playerId":137845,"score":1000,"energy":20},{"playerId":3944,"score":850,"energy":35},{"playerId":2234905,"score":1000,"energy":5}],"golds":[{"posx":16,"posy":0,"amount":400},{"posx":19,"posy":0,"amount":50},{"posx":17,"posy":1,"amount":50},{"posx":19,"posy":2,"amount":50},{"posx":15,"posy":4,"amount":500},{"posx":13,"posy":6,"amount":450},{"posx":15,"posy":6,"amount":300},{"posx":1,"posy":7,"amount":250},{"posx":6,"posy":7,"amount":100},{"posx":18,"posy":7,"amount":350},{"posx":1,"posy":8,"amount":100},{"posx":3,"posy":8,"amount":250}],"changedObstacles":[{"type":0,"posx":5,"posy":7,"value":-1}]},{"players":[{"playerId":2277,"score":700,"energy":47},{"playerId":137845,"score":1050,"energy":15},{"playerId":3944,"score":900,"energy":30},{"playerId":2234905,"score":1000,"energy":1}],"golds":[{"posx":16,"posy":0,"amount":400},{"posx":19,"posy":0,"amount":50},{"posx":17,"posy":1,"amount":50},{"posx":19,"posy":2,"amount":50},{"posx":15,"posy":4,"amount":500},{"posx":13,"posy":6,"amount":400},{"posx":15,"posy":6,"amount":300},{"posx":1,"posy":7,"amount":250},{"posx":6,"posy":7,"amount":50},{"posx":18,"posy":7,"amount":350},{"posx":1,"posy":8,"amount":100},{"posx":3,"posy":8,"amount":250}],"changedObstacles":[]},{"players":[{"playerId":2277,"score":700,"energy":47},{"playerId":137845,"score":1100,"energy":10},{"playerId":3944,"score":950,"energy":25},{"playerId":2234905,"score":1000,"energy":13}],"golds":[{"posx":16,"posy":0,"amount":400},{"posx":19,"posy":0,"amount":50},{"posx":17,"posy":1,"amount":50},{"posx":19,"posy":2,"amount":50},{"posx":15,"posy":4,"amount":500},{"posx":13,"posy":6,"amount":350},{"posx":15,"posy":6,"amount":300},{"posx":1,"posy":7,"amount":250},{"posx":18,"posy":7,"amount":350},{"posx":1,"posy":8,"amount":100},{"posx":3,"posy":8,"amount":250}],"changedObstacles":[{"type":0,"posx":6,"posy":7,"value":-1}]},{"players":[{"playerId":2277,"score":700,"energy":47},{"playerId":137845,"score":1100,"energy":9},{"playerId":3944,"score":1000,"energy":20},{"playerId":2234905,"score":1000,"energy":12}],"golds":[{"posx":16,"posy":0,"amount":400},{"posx":19,"posy":0,"amount":50},{"posx":17,"posy":1,"amount":50},{"posx":19,"posy":2,"amount":50},{"posx":15,"posy":4,"amount":500},{"posx":13,"posy":6,"amount":300},{"posx":15,"posy":6,"amount":300},{"posx":1,"posy":7,"amount":250},{"posx":18,"posy":7,"amount":350},{"posx":1,"posy":8,"amount":100},{"posx":3,"posy":8,"amount":250}],"changedObstacles":[]},{"players":[{"playerId":2277,"score":700,"energy":47},{"playerId":137845,"score":1100,"energy":8},{"playerId":3944,"score":1050,"energy":15},{"playerId":2234905,"score":1000,"energy":11}],"golds":[{"posx":16,"posy":0,"amount":400},{"posx":19,"posy":0,"amount":50},{"posx":17,"posy":1,"amount":50},{"posx":19,"posy":2,"amount":50},{"posx":15,"posy":4,"amount":500},{"posx":13,"posy":6,"amount":250},{"posx":15,"posy":6,"amount":300},{"posx":1,"posy":7,"amount":250},{"posx":18,"posy":7,"amount":350},{"posx":1,"posy":8,"amount":100},{"posx":3,"posy":8,"amount":250}],"changedObstacles":[]},{"players":[{"playerId":2277,"score":700,"energy":47},{"playerId":137845,"score":1100,"energy":7},{"playerId":3944,"score":1100,"energy":10},{"playerId":2234905,"score":1000,"energy":10}],"golds":[{"posx":16,"posy":0,"amount":400},{"posx":19,"posy":0,"amount":50},{"posx":17,"posy":1,"amount":50},{"posx":19,"posy":2,"amount":50},{"posx":15,"posy":4,"amount":500},{"posx":13,"posy":6,"amount":200},{"posx":15,"posy":6,"amount":300},{"posx":1,"posy":7,"amount":250},{"posx":18,"posy":7,"amount":350},{"posx":1,"posy":8,"amount":100},{"posx":3,"posy":8,"amount":250}],"changedObstacles":[]},{"players":[{"playerId":2277,"score":700,"energy":47},{"playerId":137845,"score":1100,"energy":6},{"playerId":3944,"score":1150,"energy":5},{"playerId":2234905,"score":1000,"energy":22}],"golds":[{"posx":16,"posy":0,"amount":400},{"posx":19,"posy":0,"amount":50},{"posx":17,"posy":1,"amount":50},{"posx":19,"posy":2,"amount":50},{"posx":15,"posy":4,"amount":500},{"posx":13,"posy":6,"amount":150},{"posx":15,"posy":6,"amount":300},{"posx":1,"posy":7,"amount":250},{"posx":18,"posy":7,"amount":350},{"posx":1,"posy":8,"amount":100},{"posx":3,"posy":8,"amount":250}],"changedObstacles":[]},{"players":[{"playerId":2277,"score":700,"energy":47},{"playerId":137845,"score":1100,"energy":5},{"playerId":3944,"score":1150,"energy":17},{"playerId":2234905,"score":1000,"energy":38}],"golds":[{"posx":16,"posy":0,"amount":400},{"posx":19,"posy":0,"amount":50},{"posx":17,"posy":1,"amount":50},{"posx":19,"posy":2,"amount":50},{"posx":15,"posy":4,"amount":500},{"posx":13,"posy":6,"amount":150},{"posx":15,"posy":6,"amount":300},{"posx":1,"posy":7,"amount":250},{"posx":18,"posy":7,"amount":350},{"posx":1,"posy":8,"amount":100},{"posx":3,"posy":8,"amount":250}],"changedObstacles":[]},{"players":[{"playerId":2277,"score":700,"energy":47},{"playerId":137845,"score":1100,"energy":4},{"playerId":3944,"score":1150,"energy":33},{"playerId":2234905,"score":1000,"energy":37}],"golds":[{"posx":16,"posy":0,"amount":400},{"posx":19,"posy":0,"amount":50},{"posx":17,"posy":1,"amount":50},{"posx":19,"posy":2,"amount":50},{"posx":15,"posy":4,"amount":500},{"posx":13,"posy":6,"amount":150},{"posx":15,"posy":6,"amount":300},{"posx":1,"posy":7,"amount":250},{"posx":18,"posy":7,"amount":350},{"posx":1,"posy":8,"amount":100},{"posx":3,"posy":8,"amount":250}],"changedObstacles":[]},{"players":[{"playerId":2277,"score":700,"energy":47},{"playerId":137845,"score":1100,"energy":3},{"playerId":3944,"score":1150,"energy":50},{"playerId":2234905,"score":1000,"energy":36}],"golds":[{"posx":16,"posy":0,"amount":400},{"posx":19,"posy":0,"amount":50},{"posx":17,"posy":1,"amount":50},{"posx":19,"posy":2,"amount":50},{"posx":15,"posy":4,"amount":500},{"posx":13,"posy":6,"amount":150},{"posx":15,"posy":6,"amount":300},{"posx":1,"posy":7,"amount":250},{"posx":18,"posy":7,"amount":350},{"posx":1,"posy":8,"amount":100},{"posx":3,"posy":8,"amount":250}],"changedObstacles":[]},{"players":[{"playerId":2277,"score":700,"energy":47},{"playerId":137845,"score":1100,"energy":15},{"playerId":3944,"score":1200,"energy":45},{"playerId":2234905,"score":1000,"energy":23}],"golds":[{"posx":16,"posy":0,"amount":400},{"posx":19,"posy":0,"amount":50},{"posx":17,"posy":1,"amount":50},{"posx":19,"posy":2,"amount":50},{"posx":15,"posy":4,"amount":500},{"posx":13,"posy":6,"amount":100},{"posx":15,"posy":6,"amount":300},{"posx":1,"posy":7,"amount":250},{"posx":18,"posy":7,"amount":350},{"posx":1,"posy":8,"amount":100},{"posx":3,"posy":8,"amount":250}],"changedObstacles":[]},{"players":[{"playerId":2277,"score":700,"energy":47},{"playerId":137845,"score":1100,"energy":31},{"playerId":3944,"score":1250,"energy":40},{"playerId":2234905,"score":1000,"energy":22}],"golds":[{"posx":16,"posy":0,"amount":400},{"posx":19,"posy":0,"amount":50},{"posx":17,"posy":1,"amount":50},{"posx":19,"posy":2,"amount":50},{"posx":15,"posy":4,"amount":500},{"posx":13,"posy":6,"amount":50},{"posx":15,"posy":6,"amount":300},{"posx":1,"posy":7,"amount":250},{"posx":18,"posy":7,"amount":350},{"posx":1,"posy":8,"amount":100},{"posx":3,"posy":8,"amount":250}],"changedObstacles":[]},{"players":[{"playerId":2277,"score":700,"energy":47},{"playerId":137845,"score":1100,"energy":27},{"playerId":3944,"score":1300,"energy":35},{"playerId":2234905,"score":1000,"energy":34}],"golds":[{"posx":16,"posy":0,"amount":400},{"posx":19,"posy":0,"amount":50},{"posx":17,"posy":1,"amount":50},{"posx":19,"posy":2,"amount":50},{"posx":15,"posy":4,"amount":500},{"posx":15,"posy":6,"amount":300},{"posx":1,"posy":7,"amount":250},{"posx":18,"posy":7,"amount":350},{"posx":1,"posy":8,"amount":100},{"posx":3,"posy":8,"amount":250}],"changedObstacles":[{"type":0,"posx":13,"posy":6,"value":-1}]},{"players":[{"playerId":2277,"score":700,"energy":47},{"playerId":137845,"score":1100,"energy":26},{"playerId":3944,"score":1300,"energy":34},{"playerId":2234905,"score":1000,"energy":33}],"golds":[{"posx":16,"posy":0,"amount":400},{"posx":19,"posy":0,"amount":50},{"posx":17,"posy":1,"amount":50},{"posx":19,"posy":2,"amount":50},{"posx":15,"posy":4,"amount":500},{"posx":15,"posy":6,"amount":300},{"posx":1,"posy":7,"amount":250},{"posx":18,"posy":7,"amount":350},{"posx":1,"posy":8,"amount":100},{"posx":3,"posy":8,"amount":250}],"changedObstacles":[]},{"players":[{"playerId":2277,"score":700,"energy":47},{"playerId":137845,"score":1100,"energy":22},{"playerId":3944,"score":1300,"energy":30},{"playerId":2234905,"score":1000,"energy":32}],"golds":[{"posx":16,"posy":0,"amount":400},{"posx":19,"posy":0,"amount":50},{"posx":17,"posy":1,"amount":50},{"posx":19,"posy":2,"amount":50},{"posx":15,"posy":4,"amount":500},{"posx":15,"posy":6,"amount":300},{"posx":1,"posy":7,"amount":250},{"posx":18,"posy":7,"amount":350},{"posx":1,"posy":8,"amount":100},{"posx":3,"posy":8,"amount":250}],"changedObstacles":[]},{"players":[{"playerId":2277,"score":700,"energy":47},{"playerId":137845,"score":1150,"energy":17},{"playerId":3944,"score":1350,"energy":25},{"playerId":2234905,"score":1000,"energy":28}],"golds":[{"posx":16,"posy":0,"amount":400},{"posx":19,"posy":0,"amount":50},{"posx":17,"posy":1,"amount":50},{"posx":19,"posy":2,"amount":50},{"posx":15,"posy":4,"amount":500},{"posx":15,"posy":6,"amount":200},{"posx":1,"posy":7,"amount":250},{"posx":18,"posy":7,"amount":350},{"posx":1,"posy":8,"amount":100},{"posx":3,"posy":8,"amount":250}],"changedObstacles":[]},{"players":[{"playerId":2277,"score":700,"energy":47},{"playerId":137845,"score":1200,"energy":12},{"playerId":3944,"score":1400,"energy":20},{"playerId":2234905,"score":1050,"energy":23}],"golds":[{"posx":16,"posy":0,"amount":400},{"posx":19,"posy":0,"amount":50},{"posx":17,"posy":1,"amount":50},{"posx":19,"posy":2,"amount":50},{"posx":15,"posy":4,"amount":500},{"posx":15,"posy":6,"amount":50},{"posx":1,"posy":7,"amount":250},{"posx":18,"posy":7,"amount":350},{"posx":1,"posy":8,"amount":100},{"posx":3,"posy":8,"amount":250}],"changedObstacles":[]},{"players":[{"playerId":2277,"score":700,"energy":47},{"playerId":137845,"score":1200,"energy":11},{"playerId":3944,"score":1425,"energy":15},{"playerId":2234905,"score":1075,"energy":18}],"golds":[{"posx":16,"posy":0,"amount":400},{"posx":19,"posy":0,"amount":50},{"posx":17,"posy":1,"amount":50},{"posx":19,"posy":2,"amount":50},{"posx":15,"posy":4,"amount":500},{"posx":1,"posy":7,"amount":250},{"posx":18,"posy":7,"amount":350},{"posx":1,"posy":8,"amount":100},{"posx":3,"posy":8,"amount":250}],"changedObstacles":[{"type":0,"posx":15,"posy":6,"value":-1}]},{"players":[{"playerId":2277,"score":700,"energy":47},{"playerId":137845,"score":1200,"energy":7},{"playerId":3944,"score":1425,"energy":14},{"playerId":2234905,"score":1075,"energy":17}],"golds":[{"posx":16,"posy":0,"amount":400},{"posx":19,"posy":0,"amount":50},{"posx":17,"posy":1,"amount":50},{"posx":19,"posy":2,"amount":50},{"posx":15,"posy":4,"amount":500},{"posx":1,"posy":7,"amount":250},{"posx":18,"posy":7,"amount":350},{"posx":1,"posy":8,"amount":100},{"posx":3,"posy":8,"amount":250}],"changedObstacles":[]},{"players":[{"playerId":2277,"score":700,"energy":47},{"playerId":137845,"score":1250,"energy":2},{"playerId":3944,"score":1425,"energy":10},{"playerId":2234905,"score":1075,"energy":16}],"golds":[{"posx":16,"posy":0,"amount":400},{"posx":19,"posy":0,"amount":50},{"posx":17,"posy":1,"amount":50},{"posx":19,"posy":2,"amount":50},{"posx":15,"posy":4,"amount":450},{"posx":1,"posy":7,"amount":250},{"posx":18,"posy":7,"amount":350},{"posx":1,"posy":8,"amount":100},{"posx":3,"posy":8,"amount":250}],"changedObstacles":[]},{"players":[{"playerId":2277,"score":700,"energy":47},{"playerId":137845,"score":1250,"energy":14},{"playerId":3944,"score":1475,"energy":5},{"playerId":2234905,"score":1075,"energy":15}],"golds":[{"posx":16,"posy":0,"amount":400},{"posx":19,"posy":0,"amount":50},{"posx":17,"posy":1,"amount":50},{"posx":19,"posy":2,"amount":50},{"posx":15,"posy":4,"amount":400},{"posx":1,"posy":7,"amount":250},{"posx":18,"posy":7,"amount":350},{"posx":1,"posy":8,"amount":100},{"posx":3,"posy":8,"amount":250}],"changedObstacles":[]},{"players":[{"playerId":2277,"score":700,"energy":47},{"playerId":137845,"score":1250,"energy":30},{"playerId":3944,"score":1475,"energy":17},{"playerId":2234905,"score":1075,"energy":27}],"golds":[{"posx":16,"posy":0,"amount":400},{"posx":19,"posy":0,"amount":50},{"posx":17,"posy":1,"amount":50},{"posx":19,"posy":2,"amount":50},{"posx":15,"posy":4,"amount":400},{"posx":1,"posy":7,"amount":250},{"posx":18,"posy":7,"amount":350},{"posx":1,"posy":8,"amount":100},{"posx":3,"posy":8,"amount":250}],"changedObstacles":[]},{"players":[{"playerId":2277,"score":700,"energy":47},{"playerId":137845,"score":1300,"energy":25},{"playerId":3944,"score":1475,"energy":33},{"playerId":2234905,"score":1075,"energy":23}],"golds":[{"posx":16,"posy":0,"amount":400},{"posx":19,"posy":0,"amount":50},{"posx":17,"posy":1,"amount":50},{"posx":19,"posy":2,"amount":50},{"posx":15,"posy":4,"amount":350},{"posx":1,"posy":7,"amount":250},{"posx":18,"posy":7,"amount":350},{"posx":1,"posy":8,"amount":100},{"posx":3,"posy":8,"amount":250}],"changedObstacles":[]},{"players":[{"playerId":2277,"score":700,"energy":47},{"playerId":137845,"score":1350,"energy":20},{"playerId":3944,"score":1475,"energy":50},{"playerId":2234905,"score":1125,"energy":18}],"golds":[{"posx":16,"posy":0,"amount":400},{"posx":19,"posy":0,"amount":50},{"posx":17,"posy":1,"amount":50},{"posx":19,"posy":2,"amount":50},{"posx":15,"posy":4,"amount":300},{"posx":1,"posy":7,"amount":250},{"posx":18,"posy":7,"amount":300},{"posx":1,"posy":8,"amount":100},{"posx":3,"posy":8,"amount":250}],"changedObstacles":[]},{"players":[{"playerId":2277,"score":700,"energy":47},{"playerId":137845,"score":1400,"energy":15},{"playerId":3944,"score":1525,"energy":45},{"playerId":2234905,"score":1175,"energy":13}],"golds":[{"posx":16,"posy":0,"amount":400},{"posx":19,"posy":0,"amount":50},{"posx":17,"posy":1,"amount":50},{"posx":19,"posy":2,"amount":50},{"posx":15,"posy":4,"amount":200},{"posx":1,"posy":7,"amount":250},{"posx":18,"posy":7,"amount":250},{"posx":1,"posy":8,"amount":100},{"posx":3,"posy":8,"amount":250}],"changedObstacles":[]},{"players":[{"playerId":2277,"score":700,"energy":47},{"playerId":137845,"score":1450,"energy":10},{"playerId":3944,"score":1575,"energy":40},{"playerId":2234905,"score":1225,"energy":8}],"golds":[{"posx":16,"posy":0,"amount":400},{"posx":19,"posy":0,"amount":50},{"posx":17,"posy":1,"amount":50},{"posx":19,"posy":2,"amount":50},{"posx":15,"posy":4,"amount":100},{"posx":1,"posy":7,"amount":250},{"posx":18,"posy":7,"amount":200},{"posx":1,"posy":8,"amount":100},{"posx":3,"posy":8,"amount":250}],"changedObstacles":[]},{"players":[{"playerId":2277,"score":700,"energy":47},{"playerId":137845,"score":1500,"energy":5},{"playerId":3944,"score":1625,"energy":35},{"playerId":2234905,"score":1275,"energy":3}],"golds":[{"posx":16,"posy":0,"amount":400},{"posx":19,"posy":0,"amount":50},{"posx":17,"posy":1,"amount":50},{"posx":19,"posy":2,"amount":50},{"posx":1,"posy":7,"amount":250},{"posx":18,"posy":7,"amount":150},{"posx":1,"posy":8,"amount":100},{"posx":3,"posy":8,"amount":250}],"changedObstacles":[{"type":0,"posx":15,"posy":4,"value":-1}]},{"players":[{"playerId":2277,"score":700,"energy":47},{"playerId":137845,"score":1500,"energy":4},{"playerId":3944,"score":1625,"energy":34},{"playerId":2234905,"score":1275,"energy":15}],"golds":[{"posx":16,"posy":0,"amount":400},{"posx":19,"posy":0,"amount":50},{"posx":17,"posy":1,"amount":50},{"posx":19,"posy":2,"amount":50},{"posx":1,"posy":7,"amount":250},{"posx":18,"posy":7,"amount":150},{"posx":1,"posy":8,"amount":100},{"posx":3,"posy":8,"amount":250}],"changedObstacles":[]},{"players":[{"playerId":2277,"score":700,"energy":47},{"playerId":137845,"score":1500,"energy":3},{"playerId":3944,"score":1625,"energy":33},{"playerId":2234905,"score":1325,"energy":10}],"golds":[{"posx":16,"posy":0,"amount":400},{"posx":19,"posy":0,"amount":50},{"posx":17,"posy":1,"amount":50},{"posx":19,"posy":2,"amount":50},{"posx":1,"posy":7,"amount":250},{"posx":18,"posy":7,"amount":100},{"posx":1,"posy":8,"amount":100},{"posx":3,"posy":8,"amount":250}],"changedObstacles":[]},{"players":[{"playerId":2277,"score":700,"energy":47},{"playerId":137845,"score":1500,"energy":2},{"playerId":3944,"score":1625,"energy":32},{"playerId":2234905,"score":1375,"energy":5}],"golds":[{"posx":16,"posy":0,"amount":400},{"posx":19,"posy":0,"amount":50},{"posx":17,"posy":1,"amount":50},{"posx":19,"posy":2,"amount":50},{"posx":1,"posy":7,"amount":250},{"posx":18,"posy":7,"amount":50},{"posx":1,"posy":8,"amount":100},{"posx":3,"posy":8,"amount":250}],"changedObstacles":[]},{"players":[{"playerId":2277,"score":700,"energy":47},{"playerId":137845,"score":1500,"energy":1},{"playerId":3944,"score":1625,"energy":31},{"playerId":2234905,"score":1375,"energy":17}],"golds":[{"posx":16,"posy":0,"amount":400},{"posx":19,"posy":0,"amount":50},{"posx":17,"posy":1,"amount":50},{"posx":19,"posy":2,"amount":50},{"posx":1,"posy":7,"amount":250},{"posx":18,"posy":7,"amount":50},{"posx":1,"posy":8,"amount":100},{"posx":3,"posy":8,"amount":250}],"changedObstacles":[]},{"players":[{"playerId":2277,"score":700,"energy":47},{"playerId":137845,"score":1500,"energy":13},{"playerId":3944,"score":1625,"energy":30},{"playerId":2234905,"score":1425,"energy":12}],"golds":[{"posx":16,"posy":0,"amount":400},{"posx":19,"posy":0,"amount":50},{"posx":17,"posy":1,"amount":50},{"posx":19,"posy":2,"amount":50},{"posx":1,"posy":7,"amount":250},{"posx":1,"posy":8,"amount":100},{"posx":3,"posy":8,"amount":250}],"changedObstacles":[{"type":0,"posx":18,"posy":7,"value":-1}]},{"players":[{"playerId":2277,"score":700,"energy":47},{"playerId":137845,"score":1500,"energy":29},{"playerId":3944,"score":1625,"energy":29},{"playerId":2234905,"score":1425,"energy":11}],"golds":[{"posx":16,"posy":0,"amount":400},{"posx":19,"posy":0,"amount":50},{"posx":17,"posy":1,"amount":50},{"posx":19,"posy":2,"amount":50},{"posx":1,"posy":7,"amount":250},{"posx":1,"posy":8,"amount":100},{"posx":3,"posy":8,"amount":250}],"changedObstacles":[]},{"players":[{"playerId":2277,"score":700,"energy":47},{"playerId":137845,"score":1500,"energy":25},{"playerId":3944,"score":1625,"energy":28},{"playerId":2234905,"score":1425,"energy":23}],"golds":[{"posx":16,"posy":0,"amount":400},{"posx":19,"posy":0,"amount":50},{"posx":17,"posy":1,"amount":50},{"posx":19,"posy":2,"amount":50},{"posx":1,"posy":7,"amount":250},{"posx":1,"posy":8,"amount":100},{"posx":3,"posy":8,"amount":250}],"changedObstacles":[]},{"players":[{"playerId":2277,"score":700,"energy":47},{"playerId":137845,"score":1550,"energy":20},{"playerId":3944,"score":1625,"energy":27},{"playerId":2234905,"score":1425,"energy":18}],"golds":[{"posx":16,"posy":0,"amount":350},{"posx":19,"posy":0,"amount":50},{"posx":17,"posy":1,"amount":50},{"posx":19,"posy":2,"amount":50},{"posx":1,"posy":7,"amount":250},{"posx":1,"posy":8,"amount":100},{"posx":3,"posy":8,"amount":250}],"changedObstacles":[{"type":3,"posx":19,"posy":8,"value":-20}]},{"players":[{"playerId":2277,"score":700,"energy":47},{"playerId":137845,"score":1600,"energy":15},{"playerId":3944,"score":1625,"energy":26},{"playerId":2234905,"score":1425,"energy":13}],"golds":[{"posx":16,"posy":0,"amount":300},{"posx":19,"posy":0,"amount":50},{"posx":17,"posy":1,"amount":50},{"posx":19,"posy":2,"amount":50},{"posx":1,"posy":7,"amount":250},{"posx":1,"posy":8,"amount":100},{"posx":3,"posy":8,"amount":250}],"changedObstacles":[{"type":3,"posx":20,"posy":8,"value":-20}]},{"players":[{"playerId":2277,"score":700,"energy":47},{"playerId":137845,"score":1650,"energy":10},{"playerId":3944,"score":1625,"energy":25},{"playerId":2234905,"score":1425,"energy":3}],"golds":[{"posx":16,"posy":0,"amount":250},{"posx":19,"posy":0,"amount":50},{"posx":17,"posy":1,"amount":50},{"posx":19,"posy":2,"amount":50},{"posx":1,"posy":7,"amount":250},{"posx":1,"posy":8,"amount":100},{"posx":3,"posy":8,"amount":250}],"changedObstacles":[{"type":0,"posx":20,"posy":7,"value":-1}]},{"players":[{"playerId":2277,"score":700,"energy":47},{"playerId":137845,"score":1700,"energy":5},{"playerId":3944,"score":1625,"energy":24},{"playerId":2234905,"score":1425,"energy":15}],"golds":[{"posx":16,"posy":0,"amount":200},{"posx":19,"posy":0,"amount":50},{"posx":17,"posy":1,"amount":50},{"posx":19,"posy":2,"amount":50},{"posx":1,"posy":7,"amount":250},{"posx":1,"posy":8,"amount":100},{"posx":3,"posy":8,"amount":250}],"changedObstacles":[]},{"players":[{"playerId":2277,"score":700,"energy":47},{"playerId":137845,"score":1700,"energy":17},{"playerId":3944,"score":1625,"energy":23},{"playerId":2234905,"score":1425,"energy":14}],"golds":[{"posx":16,"posy":0,"amount":200},{"posx":19,"posy":0,"amount":50},{"posx":17,"posy":1,"amount":50},{"posx":19,"posy":2,"amount":50},{"posx":1,"posy":7,"amount":250},{"posx":1,"posy":8,"amount":100},{"posx":3,"posy":8,"amount":250}],"changedObstacles":[]},{"players":[{"playerId":2277,"score":700,"energy":47},{"playerId":137845,"score":1700,"energy":33},{"playerId":3944,"score":1625,"energy":22},{"playerId":2234905,"score":1425,"energy":26}],"golds":[{"posx":16,"posy":0,"amount":200},{"posx":19,"posy":0,"amount":50},{"posx":17,"posy":1,"amount":50},{"posx":19,"posy":2,"amount":50},{"posx":1,"posy":7,"amount":250},{"posx":1,"posy":8,"amount":100},{"posx":3,"posy":8,"amount":250}],"changedObstacles":[]},{"players":[{"playerId":2277,"score":700,"energy":47},{"playerId":137845,"score":1700,"energy":50},{"playerId":3944,"score":1625,"energy":21},{"playerId":2234905,"score":1425,"energy":6}],"golds":[{"posx":16,"posy":0,"amount":200},{"posx":19,"posy":0,"amount":50},{"posx":17,"posy":1,"amount":50},{"posx":19,"posy":2,"amount":50},{"posx":1,"posy":7,"amount":250},{"posx":1,"posy":8,"amount":100},{"posx":3,"posy":8,"amount":250}],"changedObstacles":[{"type":3,"posx":19,"posy":8,"value":-40}]},{"players":[{"playerId":2277,"score":700,"energy":47},{"playerId":137845,"score":1750,"energy":45},{"playerId":3944,"score":1625,"energy":20},{"playerId":2234905,"score":1425,"energy":5}],"golds":[{"posx":16,"posy":0,"amount":150},{"posx":19,"posy":0,"amount":50},{"posx":17,"posy":1,"amount":50},{"posx":19,"posy":2,"amount":50},{"posx":1,"posy":7,"amount":250},{"posx":1,"posy":8,"amount":100},{"posx":3,"posy":8,"amount":250}],"changedObstacles":[]},{"players":[{"playerId":2277,"score":700,"energy":47},{"playerId":137845,"score":1800,"energy":40},{"playerId":3944,"score":1625,"energy":16},{"playerId":2234905,"score":1425,"energy":4}],"golds":[{"posx":16,"posy":0,"amount":100},{"posx":19,"posy":0,"amount":50},{"posx":17,"posy":1,"amount":50},{"posx":19,"posy":2,"amount":50},{"posx":1,"posy":7,"amount":250},{"posx":1,"posy":8,"amount":100},{"posx":3,"posy":8,"amount":250}],"changedObstacles":[]},{"players":[{"playerId":2277,"score":700,"energy":47},{"playerId":137845,"score":1850,"energy":35},{"playerId":3944,"score":1675,"energy":11},{"playerId":2234905,"score":1425,"energy":16}],"golds":[{"posx":16,"posy":0,"amount":50},{"posx":19,"posy":0,"amount":50},{"posx":17,"posy":1,"amount":50},{"posx":19,"posy":2,"amount":50},{"posx":1,"posy":7,"amount":250},{"posx":1,"posy":8,"amount":100},{"posx":3,"posy":8,"amount":200}],"changedObstacles":[]},{"players":[{"playerId":2277,"score":700,"energy":47},{"playerId":137845,"score":1900,"energy":30},{"playerId":3944,"score":1725,"energy":6},{"playerId":2234905,"score":1425,"energy":32}],"golds":[{"posx":19,"posy":0,"amount":50},{"posx":17,"posy":1,"amount":50},{"posx":19,"posy":2,"amount":50},{"posx":1,"posy":7,"amount":250},{"posx":1,"posy":8,"amount":100},{"posx":3,"posy":8,"amount":150}],"changedObstacles":[{"type":0,"posx":16,"posy":0,"value":-1}]},{"players":[{"playerId":2277,"score":700,"energy":47},{"playerId":137845,"score":1900,"energy":29},{"playerId":3944,"score":1775,"energy":1},{"playerId":2234905,"score":1425,"energy":31}],"golds":[{"posx":19,"posy":0,"amount":50},{"posx":17,"posy":1,"amount":50},{"posx":19,"posy":2,"amount":50},{"posx":1,"posy":7,"amount":250},{"posx":1,"posy":8,"amount":100},{"posx":3,"posy":8,"amount":100}],"changedObstacles":[]},{"players":[{"playerId":2277,"score":700,"energy":47},{"playerId":137845,"score":1900,"energy":28},{"playerId":3944,"score":1775,"energy":13},{"playerId":2234905,"score":1425,"energy":43}],"golds":[{"posx":19,"posy":0,"amount":50},{"posx":17,"posy":1,"amount":50},{"posx":19,"posy":2,"amount":50},{"posx":1,"posy":7,"amount":250},{"posx":1,"posy":8,"amount":100},{"posx":3,"posy":8,"amount":100}],"changedObstacles":[]},{"players":[{"playerId":2277,"score":700,"energy":47},{"playerId":137845,"score":1900,"energy":27},{"playerId":3944,"score":1775,"energy":29},{"playerId":2234905,"score":1425,"energy":3}],"golds":[{"posx":19,"posy":0,"amount":50},{"posx":17,"posy":1,"amount":50},{"posx":19,"posy":2,"amount":50},{"posx":1,"posy":7,"amount":250},{"posx":1,"posy":8,"amount":100},{"posx":3,"posy":8,"amount":100}],"changedObstacles":[{"type":3,"posx":19,"posy":8,"value":-100}]},{"players":[{"playerId":2277,"score":700,"energy":47},{"playerId":137845,"score":1900,"energy":26},{"playerId":3944,"score":1775,"energy":50},{"playerId":2234905,"score":1425,"energy":2}],"golds":[{"posx":19,"posy":0,"amount":50},{"posx":17,"posy":1,"amount":50},{"posx":19,"posy":2,"amount":50},{"posx":1,"posy":7,"amount":250},{"posx":1,"posy":8,"amount":100},{"posx":3,"posy":8,"amount":100}],"changedObstacles":[]},{"players":[{"playerId":2277,"score":700,"energy":47},{"playerId":137845,"score":1900,"energy":25},{"playerId":3944,"score":1825,"energy":45},{"playerId":2234905,"score":1425,"energy":14}],"golds":[{"posx":19,"posy":0,"amount":50},{"posx":17,"posy":1,"amount":50},{"posx":19,"posy":2,"amount":50},{"posx":1,"posy":7,"amount":250},{"posx":1,"posy":8,"amount":100},{"posx":3,"posy":8,"amount":50}],"changedObstacles":[]},{"players":[{"playerId":2277,"score":700,"energy":47},{"playerId":137845,"score":1900,"energy":24},{"playerId":3944,"score":1875,"energy":40},{"playerId":2234905,"score":1425,"energy":13}],"golds":[{"posx":19,"posy":0,"amount":50},{"posx":17,"posy":1,"amount":50},{"posx":19,"posy":2,"amount":50},{"posx":1,"posy":7,"amount":250},{"posx":1,"posy":8,"amount":100}],"changedObstacles":[{"type":0,"posx":3,"posy":8,"value":-1}]},{"players":[{"playerId":2277,"score":700,"energy":47},{"playerId":137845,"score":1900,"energy":23},{"playerId":3944,"score":1875,"energy":39},{"playerId":2234905,"score":1425,"energy":25}],"golds":[{"posx":19,"posy":0,"amount":50},{"posx":17,"posy":1,"amount":50},{"posx":19,"posy":2,"amount":50},{"posx":1,"posy":7,"amount":250},{"posx":1,"posy":8,"amount":100}],"changedObstacles":[]},{"players":[{"playerId":2277,"score":700,"energy":47},{"playerId":137845,"score":1900,"energy":22},{"playerId":3944,"score":1875,"energy":35},{"playerId":2234905,"score":1425,"energy":24}],"golds":[{"posx":19,"posy":0,"amount":50},{"posx":17,"posy":1,"amount":50},{"posx":19,"posy":2,"amount":50},{"posx":1,"posy":7,"amount":250},{"posx":1,"posy":8,"amount":100}],"changedObstacles":[]},{"players":[{"playerId":2277,"score":700,"energy":47},{"playerId":137845,"score":1900,"energy":21},{"playerId":3944,"score":1925,"energy":30},{"playerId":2234905,"score":1425,"energy":23}],"golds":[{"posx":19,"posy":0,"amount":50},{"posx":17,"posy":1,"amount":50},{"posx":19,"posy":2,"amount":50},{"posx":1,"posy":7,"amount":250},{"posx":1,"posy":8,"amount":50}],"changedObstacles":[]},{"players":[{"playerId":2277,"score":700,"energy":47},{"playerId":137845,"score":1900,"energy":20},{"playerId":3944,"score":1975,"energy":25},{"playerId":2234905,"score":1425,"energy":35}],"golds":[{"posx":19,"posy":0,"amount":50},{"posx":17,"posy":1,"amount":50},{"posx":19,"posy":2,"amount":50},{"posx":1,"posy":7,"amount":250}],"changedObstacles":[{"type":0,"posx":1,"posy":8,"value":-1}]},{"players":[{"playerId":2277,"score":700,"energy":47},{"playerId":137845,"score":1900,"energy":19},{"playerId":3944,"score":1975,"energy":21},{"playerId":2234905,"score":1425,"energy":34}],"golds":[{"posx":19,"posy":0,"amount":50},{"posx":17,"posy":1,"amount":50},{"posx":19,"posy":2,"amount":50},{"posx":1,"posy":7,"amount":250}],"changedObstacles":[]},{"players":[{"playerId":2277,"score":700,"energy":47},{"playerId":137845,"score":1900,"energy":18},{"playerId":3944,"score":2025,"energy":16},{"playerId":2234905,"score":1425,"energy":33}],"golds":[{"posx":19,"posy":0,"amount":50},{"posx":17,"posy":1,"amount":50},{"posx":19,"posy":2,"amount":50},{"posx":1,"posy":7,"amount":200}],"changedObstacles":[]},{"players":[{"playerId":2277,"score":700,"energy":47},{"playerId":137845,"score":1900,"energy":17},{"playerId":3944,"score":2075,"energy":11},{"playerId":2234905,"score":1425,"energy":32}],"golds":[{"posx":19,"posy":0,"amount":50},{"posx":17,"posy":1,"amount":50},{"posx":19,"posy":2,"amount":50},{"posx":1,"posy":7,"amount":150}],"changedObstacles":[]},{"players":[{"playerId":2277,"score":700,"energy":47},{"playerId":137845,"score":1900,"energy":16},{"playerId":3944,"score":2125,"energy":6},{"playerId":2234905,"score":1425,"energy":31}],"golds":[{"posx":19,"posy":0,"amount":50},{"posx":17,"posy":1,"amount":50},{"posx":19,"posy":2,"amount":50},{"posx":1,"posy":7,"amount":100}],"changedObstacles":[]},{"players":[{"playerId":2277,"score":700,"energy":47},{"playerId":137845,"score":1900,"energy":15},{"playerId":3944,"score":2175,"energy":1},{"playerId":2234905,"score":1425,"energy":30}],"golds":[{"posx":19,"posy":0,"amount":50},{"posx":17,"posy":1,"amount":50},{"posx":19,"posy":2,"amount":50},{"posx":1,"posy":7,"amount":50}],"changedObstacles":[]},{"players":[{"playerId":2277,"score":700,"energy":47},{"playerId":137845,"score":1900,"energy":14},{"playerId":3944,"score":2175,"energy":13},{"playerId":2234905,"score":1425,"energy":29}],"golds":[{"posx":19,"posy":0,"amount":50},{"posx":17,"posy":1,"amount":50},{"posx":19,"posy":2,"amount":50},{"posx":1,"posy":7,"amount":50}],"changedObstacles":[]},{"players":[{"playerId":2277,"score":700,"energy":47},{"playerId":137845,"score":1900,"energy":13},{"playerId":3944,"score":2175,"energy":29},{"playerId":2234905,"score":1425,"energy":28}],"golds":[{"posx":19,"posy":0,"amount":50},{"posx":17,"posy":1,"amount":50},{"posx":19,"posy":2,"amount":50},{"posx":1,"posy":7,"amount":50}],"changedObstacles":[]},{"players":[{"playerId":2277,"score":700,"energy":47},{"playerId":137845,"score":1900,"energy":12},{"playerId":3944,"score":2175,"energy":50},{"playerId":2234905,"score":1425,"energy":27}],"golds":[{"posx":19,"posy":0,"amount":50},{"posx":17,"posy":1,"amount":50},{"posx":19,"posy":2,"amount":50},{"posx":1,"posy":7,"amount":50}],"changedObstacles":[]},{"players":[{"playerId":2277,"score":700,"energy":47},{"playerId":137845,"score":1900,"energy":11},{"playerId":3944,"score":2225,"energy":45},{"playerId":2234905,"score":1425,"energy":39}],"golds":[{"posx":19,"posy":0,"amount":50},{"posx":17,"posy":1,"amount":50},{"posx":19,"posy":2,"amount":50}],"changedObstacles":[{"type":0,"posx":1,"posy":7,"value":-1}]},{"players":[{"playerId":2277,"score":700,"energy":47},{"playerId":137845,"score":1900,"energy":10},{"playerId":3944,"score":2225,"energy":44},{"playerId":2234905,"score":1425,"energy":38}],"golds":[{"posx":19,"posy":0,"amount":50},{"posx":17,"posy":1,"amount":50},{"posx":19,"posy":2,"amount":50}],"changedObstacles":[]},{"players":[{"playerId":2277,"score":700,"energy":47},{"playerId":137845,"score":1900,"energy":9},{"playerId":3944,"score":2225,"energy":43},{"playerId":2234905,"score":1425,"energy":37}],"golds":[{"posx":19,"posy":0,"amount":50},{"posx":17,"posy":1,"amount":50},{"posx":19,"posy":2,"amount":50}],"changedObstacles":[]},{"players":[{"playerId":2277,"score":700,"energy":47},{"playerId":137845,"score":1900,"energy":8},{"playerId":3944,"score":2225,"energy":42},{"playerId":2234905,"score":1425,"energy":36}],"golds":[{"posx":19,"posy":0,"amount":50},{"posx":17,"posy":1,"amount":50},{"posx":19,"posy":2,"amount":50}],"changedObstacles":[]}]