[{"players":[{"playerId":61319,"score":0,"energy":32,"posx":18,"posy":6,"lastAction":0,"status":0},{"playerId":2583616,"score":0,"energy":40,"posx":19,"posy":5,"lastAction":2,"status":0},{"playerId":2407150,"score":0,"energy":44,"posx":18,"posy":6,"lastAction":0,"status":0},{"playerId":2251128,"score":0,"energy":40,"posx":19,"posy":5,"lastAction":2,"status":0}],"golds":[{"posx":16,"posy":8,"amount":550},{"posx":2,"posy":4,"amount":200},{"posx":11,"posy":3,"amount":700},{"posx":4,"posy":6,"amount":350},{"posx":11,"posy":5,"amount":550},{"posx":6,"posy":0,"amount":400},{"posx":11,"posy":7,"amount":200},{"posx":4,"posy":8,"amount":200},{"posx":19,"posy":2,"amount":700},{"posx":15,"posy":5,"amount":350},{"posx":10,"posy":0,"amount":700},{"posx":9,"posy":1,"amount":750},{"posx":17,"posy":7,"amount":100},{"posx":7,"posy":3,"amount":300},{"posx":2,"posy":1,"amount":200},{"posx":3,"posy":3,"amount":200},{"posx":12,"posy":8,"amount":300},{"posx":11,"posy":8,"amount":400},{"posx":4,"posy":1,"amount":300},{"posx":16,"posy":7,"amount":350}],"changedObstacles":[{"type":0,"posx":19,"posy":5,"value":-1}]},{"players":[{"playerId":61319,"score":0,"energy":31,"posx":17,"posy":6,"lastAction":0,"status":0},{"playerId":2583616,"score":0,"energy":39,"posx":19,"posy":4,"lastAction":2,"status":0},{"playerId":2407150,"score":0,"energy":43,"posx":17,"posy":6,"lastAction":0,"status":0},{"playerId":2251128,"score":0,"energy":39,"posx":19,"posy":4,"lastAction":2,"status":0}],"golds":[{"posx":16,"posy":8,"amount":550},{"posx":2,"posy":4,"amount":200},{"posx":11,"posy":3,"amount":700},{"posx":4,"posy":6,"amount":350},{"posx":11,"posy":5,"amount":550},{"posx":6,"posy":0,"amount":400},{"posx":11,"posy":7,"amount":200},{"posx":4,"posy":8,"amount":200},{"posx":19,"posy":2,"amount":700},{"posx":15,"posy":5,"amount":350},{"posx":10,"posy":0,"amount":700},{"posx":9,"posy":1,"amount":750},{"posx":17,"posy":7,"amount":100},{"posx":7,"posy":3,"amount":300},{"posx":2,"posy":1,"amount":200},{"posx":3,"posy":3,"amount":200},{"posx":12,"posy":8,"amount":300},{"posx":11,"posy":8,"amount":400},{"posx":4,"posy":1,"amount":300},{"posx":16,"posy":7,"amount":350}],"changedObstacles":[]},{"players":[{"playerId":61319,"score":0,"energy":27,"posx":17,"posy":7,"lastAction":3,"status":0},{"playerId":2583616,"score":0,"energy":38,"posx":19,"posy":3,"lastAction":2,"status":0},{"playerId":2407150,"score":0,"energy":33,"posx":16,"posy":6,"lastAction":0,"status":0},{"playerId":2251128,"score":0,"energy":38,"posx":19,"posy":3,"lastAction":2,"status":0}],"golds":[{"posx":16,"posy":8,"amount":550},{"posx":2,"posy":4,"amount":200},{"posx":11,"posy":3,"amount":700},{"posx":4,"posy":6,"amount":350},{"posx":11,"posy":5,"amount":550},{"posx":6,"posy":0,"amount":400},{"posx":11,"posy":7,"amount":200},{"posx":4,"posy":8,"amount":200},{"posx":19,"posy":2,"amount":700},{"posx":15,"posy":5,"amount":350},{"posx":10,"posy":0,"amount":700},{"posx":9,"posy":1,"amount":750},{"posx":17,"posy":7,"amount":100},{"posx":7,"posy":3,"amount":300},{"posx":2,"posy":1,"amount":200},{"posx":3,"posy":3,"amount":200},{"posx":12,"posy":8,"amount":300},{"posx":11,"posy":8,"amount":400},{"posx":4,"posy":1,"amount":300},{"posx":16,"posy":7,"amount":350}],"changedObstacles":[{"type":0,"posx":16,"posy":6,"value":-1}]},{"players":[{"playerId":61319,"score":50,"energy":22,"posx":17,"posy":7,"lastAction":5,"status":0},{"playerId":2583616,"score":0,"energy":33,"posx":18,"posy":3,"lastAction":0,"status":0},{"playerId":2407150,"score":0,"energy":28,"posx":15,"posy":6,"lastAction":0,"status":0},{"playerId":2251128,"score":0,"energy":33,"posx":18,"posy":3,"lastAction":0,"status":0}],"golds":[{"posx":6,"posy":0,"amount":400},{"posx":10,"posy":0,"amount":700},{"posx":2,"posy":1,"amount":200},{"posx":4,"posy":1,"amount":300},{"posx":9,"posy":1,"amount":750},{"posx":19,"posy":2,"amount":700},{"posx":3,"posy":3,"amount":200},{"posx":7,"posy":3,"amount":300},{"posx":11,"posy":3,"amount":700},{"posx":2,"posy":4,"amount":200},{"posx":11,"posy":5,"amount":550},{"posx":15,"posy":5,"amount":350},{"posx":4,"posy":6,"amount":350},{"posx":11,"posy":7,"amount":200},{"posx":16,"posy":7,"amount":350},{"posx":17,"posy":7,"amount":50},{"posx":4,"posy":8,"amount":200},{"posx":11,"posy":8,"amount":400},{"posx":12,"posy":8,"amount":300},{"posx":16,"posy":8,"amount":550}],"changedObstacles":[{"type":3,"posx":15,"posy":6,"value":-20},{"type":3,"posx":18,"posy":3,"value":-20}]},{"players":[{"playerId":61319,"score":100,"energy":17,"posx":17,"posy":7,"lastAction":5,"status":0},{"playerId":2583616,"score":0,"energy":28,"posx":17,"posy":3,"lastAction":0,"status":0},{"playerId":2407150,"score":0,"energy":24,"posx":15,"posy":5,"lastAction":2,"status":0},{"playerId":2251128,"score":0,"energy":28,"posx":17,"posy":3,"lastAction":0,"status":0}],"golds":[{"posx":6,"posy":0,"amount":400},{"posx":10,"posy":0,"amount":700},{"posx":2,"posy":1,"amount":200},{"posx":4,"posy":1,"amount":300},{"posx":9,"posy":1,"amount":750},{"posx":19,"posy":2,"amount":700},{"posx":3,"posy":3,"amount":200},{"posx":7,"posy":3,"amount":300},{"posx":11,"posy":3,"amount":700},{"posx":2,"posy":4,"amount":200},{"posx":11,"posy":5,"amount":550},{"posx":15,"posy":5,"amount":350},{"posx":4,"posy":6,"amount":350},{"posx":11,"posy":7,"amount":200},{"posx":16,"posy":7,"amount":350},{"posx":4,"posy":8,"amount":200},{"posx":11,"posy":8,"amount":400},{"posx":12,"posy":8,"amount":300},{"posx":16,"posy":8,"amount":550}],"changedObstacles":[{"type":3,"posx":17,"posy":3,"value":-20},{"type":0,"posx":17,"posy":7,"value":-1}]},{"players":[{"playerId":61319,"score":100,"energy":13,"posx":16,"posy":7,"lastAction":0,"status":0},{"playerId":2583616,"score":0,"energy":23,"posx":17,"posy":2,"lastAction":2,"status":0},{"playerId":2407150,"score":50,"energy":19,"posx":15,"posy":5,"lastAction":5,"status":0},{"playerId":2251128,"score":0,"energy":27,"posx":16,"posy":3,"lastAction":0,"status":0}],"golds":[{"posx":6,"posy":0,"amount":400},{"posx":10,"posy":0,"amount":700},{"posx":2,"posy":1,"amount":200},{"posx":4,"posy":1,"amount":300},{"posx":9,"posy":1,"amount":750},{"posx":19,"posy":2,"amount":700},{"posx":3,"posy":3,"amount":200},{"posx":7,"posy":3,"amount":300},{"posx":11,"posy":3,"amount":700},{"posx":2,"posy":4,"amount":200},{"posx":11,"posy":5,"amount":550},{"posx":15,"posy":5,"amount":300},{"posx":4,"posy":6,"amount":350},{"posx":11,"posy":7,"amount":200},{"posx":16,"posy":7,"amount":350},{"posx":4,"posy":8,"amount":200},{"posx":11,"posy":8,"amount":400},{"posx":12,"posy":8,"amount":300},{"posx":16,"posy":8,"amount":550}],"changedObstacles":[{"type":3,"posx":17,"posy":2,"value":-20}]},{"players":[{"playerId":61319,"score":150,"energy":8,"posx":16,"posy":7,"lastAction":5,"status":0},{"playerId":2583616,"score":0,"energy":18,"posx":18,"posy":2,"lastAction":1,"status":0},{"playerId":2407150,"score":100,"energy":14,"posx":15,"posy":5,"lastAction":5,"status":0},{"playerId":2251128,"score":0,"energy":26,"posx":15,"posy":3,"lastAction":0,"status":0}],"golds":[{"posx":6,"posy":0,"amount":400},{"posx":10,"posy":0,"amount":700},{"posx":2,"posy":1,"amount":200},{"posx":4,"posy":1,"amount":300},{"posx":9,"posy":1,"amount":750},{"posx":19,"posy":2,"amount":700},{"posx":3,"posy":3,"amount":200},{"posx":7,"posy":3,"amount":300},{"posx":11,"posy":3,"amount":700},{"posx":2,"posy":4,"amount":200},{"posx":11,"posy":5,"amount":550},{"posx":15,"posy":5,"amount":250},{"posx":4,"posy":6,"amount":350},{"posx":11,"posy":7,"amount":200},{"posx":16,"posy":7,"amount":300},{"posx":4,"posy":8,"amount":200},{"posx":11,"posy":8,"amount":400},{"posx":12,"posy":8,"amount":300},{"posx":16,"posy":8,"amount":550}],"changedObstacles":[{"type":3,"posx":18,"posy":2,"value":-20}]},{"players":[{"playerId":61319,"score":200,"energy":3,"posx":16,"posy":7,"lastAction":5,"status":0},{"playerId":2583616,"score":0,"energy":30,"posx":18,"posy":2,"lastAction":4,"status":0},{"playerId":2407150,"score":150,"energy":9,"posx":15,"posy":5,"lastAction":5,"status":0},{"playerId":2251128,"score":0,"energy":25,"posx":14,"posy":3,"lastAction":0,"status":0}],"golds":[{"posx":6,"posy":0,"amount":400},{"posx":10,"posy":0,"amount":700},{"posx":2,"posy":1,"amount":200},{"posx":4,"posy":1,"amount":300},{"posx":9,"posy":1,"amount":750},{"posx":19,"posy":2,"amount":700},{"posx":3,"posy":3,"amount":200},{"posx":7,"posy":3,"amount":300},{"posx":11,"posy":3,"amount":700},{"posx":2,"posy":4,"amount":200},{"posx":11,"posy":5,"amount":550},{"posx":15,"posy":5,"amount":200},{"posx":4,"posy":6,"amount":350},{"posx":11,"posy":7,"amount":200},{"posx":16,"posy":7,"amount":250},{"posx":4,"posy":8,"amount":200},{"posx":11,"posy":8,"amount":400},{"posx":12,"posy":8,"amount":300},{"posx":16,"posy":8,"amount":550}],"changedObstacles":[]},{"players":[{"playerId":61319,"score":200,"energy":15,"posx":16,"posy":7,"lastAction":4,"status":0},{"playerId":2583616,"score":0,"energy":46,"posx":18,"posy":2,"lastAction":4,"status":0},{"playerId":2407150,"score":200,"energy":4,"posx":15,"posy":5,"lastAction":5,"status":0},{"playerId":2251128,"score":0,"energy":15,"posx":13,"posy":3,"lastAction":0,"status":0}],"golds":[{"posx":6,"posy":0,"amount":400},{"posx":10,"posy":0,"amount":700},{"posx":2,"posy":1,"amount":200},{"posx":4,"posy":1,"amount":300},{"posx":9,"posy":1,"amount":750},{"posx":19,"posy":2,"amount":700},{"posx":3,"posy":3,"amount":200},{"posx":7,"posy":3,"amount":300},{"posx":11,"posy":3,"amount":700},{"posx":2,"posy":4,"amount":200},{"posx":11,"posy":5,"amount":550},{"posx":15,"posy":5,"amount":150},{"posx":4,"posy":6,"amount":350},{"posx":11,"posy":7,"amount":200},{"posx":16,"posy":7,"amount":250},{"posx":4,"posy":8,"amount":200},{"posx":11,"posy":8,"amount":400},{"posx":12,"posy":8,"amount":300},{"posx":16,"posy":8,"amount":550}],"changedObstacles":[{"type":0,"posx":13,"posy":3,"value":-1}]},{"players":[{"playerId":61319,"score":200,"energy":31,"posx":16,"posy":7,"lastAction":4,"status":0},{"playerId":2583616,"score":0,"energy":42,"posx":19,"posy":2,"lastAction":1,"status":0},{"playerId":2407150,"score":200,"energy":16,"posx":15,"posy":5,"lastAction":4,"status":0},{"playerId":2251128,"score":0,"energy":14,"posx":12,"posy":3,"lastAction":0,"status":0}],"golds":[{"posx":6,"posy":0,"amount":400},{"posx":10,"posy":0,"amount":700},{"posx":2,"posy":1,"amount":200},{"posx":4,"posy":1,"amount":300},{"posx":9,"posy":1,"amount":750},{"posx":19,"posy":2,"amount":700},{"posx":3,"posy":3,"amount":200},{"posx":7,"posy":3,"amount":300},{"posx":11,"posy":3,"amount":700},{"posx":2,"posy":4,"amount":200},{"posx":11,"posy":5,"amount":550},{"posx":15,"posy":5,"amount":150},{"posx":4,"posy":6,"amount":350},{"posx":11,"posy":7,"amount":200},{"posx":16,"posy":7,"amount":250},{"posx":4,"posy":8,"amount":200},{"posx":11,"posy":8,"amount":400},{"posx":12,"posy":8,"amount":300},{"posx":16,"posy":8,"amount":550}],"changedObstacles":[]},{"players":[{"playerId":61319,"score":250,"energy":26,"posx":16,"posy":7,"lastAction":5,"status":0},{"playerId":2583616,"score":50,"energy":37,"posx":19,"posy":2,"lastAction":5,"status":0},{"playerId":2407150,"score":200,"energy":32,"posx":15,"posy":5,"lastAction":4,"status":0},{"playerId":2251128,"score":0,"energy":10,"posx":11,"posy":3,"lastAction":0,"status":0}],"golds":[{"posx":6,"posy":0,"amount":400},{"posx":10,"posy":0,"amount":700},{"posx":2,"posy":1,"amount":200},{"posx":4,"posy":1,"amount":300},{"posx":9,"posy":1,"amount":750},{"posx":19,"posy":2,"amount":650},{"posx":3,"posy":3,"amount":200},{"posx":7,"posy":3,"amount":300},{"posx":11,"posy":3,"amount":700},{"posx":2,"posy":4,"amount":200},{"posx":11,"posy":5,"amount":550},{"posx":15,"posy":5,"amount":150},{"posx":4,"posy":6,"amount":350},{"posx":11,"posy":7,"amount":200},{"posx":16,"posy":7,"amount":200},{"posx":4,"posy":8,"amount":200},{"posx":11,"posy":8,"amount":400},{"posx":12,"posy":8,"amount":300},{"posx":16,"posy":8,"amount":550}],"changedObstacles":[]},{"players":[{"playerId":61319,"score":300,"energy":21,"posx":16,"posy":7,"lastAction":5,"status":0},{"playerId":2583616,"score":100,"energy":32,"posx":19,"posy":2,"lastAction":5,"status":0},{"playerId":2407150,"score":200,"energy":50,"posx":15,"posy":5,"lastAction":4,"status":0},{"playerId":2251128,"score":50,"energy":5,"posx":11,"posy":3,"lastAction":5,"status":0}],"golds":[{"posx":6,"posy":0,"amount":400},{"posx":10,"posy":0,"amount":700},{"posx":2,"posy":1,"amount":200},{"posx":4,"posy":1,"amount":300},{"posx":9,"posy":1,"amount":750},{"posx":19,"posy":2,"amount":600},{"posx":3,"posy":3,"amount":200},{"posx":7,"posy":3,"amount":300},{"posx":11,"posy":3,"amount":650},{"posx":2,"posy":4,"amount":200},{"posx":11,"posy":5,"amount":550},{"posx":15,"posy":5,"amount":150},{"posx":4,"posy":6,"amount":350},{"posx":11,"posy":7,"amount":200},{"posx":16,"posy":7,"amount":150},{"posx":4,"posy":8,"amount":200},{"posx":11,"posy":8,"amount":400},{"posx":12,"posy":8,"amount":300},{"posx":16,"posy":8,"amount":550}],"changedObstacles":[]},{"players":[{"playerId":61319,"score":350,"energy":16,"posx":16,"posy":7,"lastAction":5,"status":0},{"playerId":2583616,"score":150,"energy":27,"posx":19,"posy":2,"lastAction":5,"status":0},{"playerId":2407150,"score":250,"energy":45,"posx":15,"posy":5,"lastAction":5,"status":0},{"playerId":2251128,"score":50,"energy":17,"posx":11,"posy":3,"lastAction":4,"status":0}],"golds":[{"posx":6,"posy":0,"amount":400},{"posx":10,"posy":0,"amount":700},{"posx":2,"posy":1,"amount":200},{"posx":4,"posy":1,"amount":300},{"posx":9,"posy":1,"amount":750},{"posx":19,"posy":2,"amount":550},{"posx":3,"posy":3,"amount":200},{"posx":7,"posy":3,"amount":300},{"posx":11,"posy":3,"amount":650},{"posx":2,"posy":4,"amount":200},{"posx":11,"posy":5,"amount":550},{"posx":15,"posy":5,"amount":100},{"posx":4,"posy":6,"amount":350},{"posx":11,"posy":7,"amount":200},{"posx":16,"posy":7,"amount":100},{"posx":4,"posy":8,"amount":200},{"posx":11,"posy":8,"amount":400},{"posx":12,"posy":8,"amount":300},{"posx":16,"posy":8,"amount":550}],"changedObstacles":[]},{"players":[{"playerId":61319,"score":400,"energy":11,"posx":16,"posy":7,"lastAction":5,"status":0},{"playerId":2583616,"score":200,"energy":22,"posx":19,"posy":2,"lastAction":5,"status":0},{"playerId":2407150,"score":250,"energy":35,"posx":14,"posy":5,"lastAction":0,"status":0},{"playerId":2251128,"score":50,"energy":33,"posx":11,"posy":3,"lastAction":4,"status":0}],"golds":[{"posx":6,"posy":0,"amount":400},{"posx":10,"posy":0,"amount":700},{"posx":2,"posy":1,"amount":200},{"posx":4,"posy":1,"amount":300},{"posx":9,"posy":1,"amount":750},{"posx":19,"posy":2,"amount":500},{"posx":3,"posy":3,"amount":200},{"posx":7,"posy":3,"amount":300},{"posx":11,"posy":3,"amount":650},{"posx":2,"posy":4,"amount":200},{"posx":11,"posy":5,"amount":550},{"posx":15,"posy":5,"amount":100},{"posx":4,"posy":6,"amount":350},{"posx":11,"posy":7,"amount":200},{"posx":16,"posy":7,"amount":50},{"posx":4,"posy":8,"amount":200},{"posx":11,"posy":8,"amount":400},{"posx":12,"posy":8,"amount":300},{"posx":16,"posy":8,"amount":550}],"changedObstacles":[{"type":0,"posx":14,"posy":5,"value":-1}]},{"players":[{"playerId":61319,"score":450,"energy":6,"posx":16,"posy":7,"lastAction":5,"status":0},{"playerId":2583616,"score":250,"energy":17,"posx":19,"posy":2,"lastAction":5,"status":0},{"playerId":2407150,"score":250,"energy":30,"posx":13,"posy":5,"lastAction":0,"status":0},{"playerId":2251128,"score":50,"energy":50,"posx":11,"posy":3,"lastAction":4,"status":0}],"golds":[{"posx":6,"posy":0,"amount":400},{"posx":10,"posy":0,"amount":700},{"posx":2,"posy":1,"amount":200},{"posx":4,"posy":1,"amount":300},{"posx":9,"posy":1,"amount":750},{"posx":19,"posy":2,"amount":450},{"posx":3,"posy":3,"amount":200},{"posx":7,"posy":3,"amount":300},{"posx":11,"posy":3,"amount":650},{"posx":2,"posy":4,"amount":200},{"posx":11,"posy":5,"amount":550},{"posx":15,"posy":5,"amount":100},{"posx":4,"posy":6,"amount":350},{"posx":11,"posy":7,"amount":200},{"posx":4,"posy":8,"amount":200},{"posx":11,"posy":8,"amount":400},{"posx":12,"posy":8,"amount":300},{"posx":16,"posy":8,"amount":550}],"changedObstacles":[{"type":3,"posx":13,"posy":5,"value":-20},{"type":0,"posx":16,"posy":7,"value":-1}]},{"players":[{"playerId":61319,"score":450,"energy":2,"posx":16,"posy":8,"lastAction":3,"status":0},{"playerId":2583616,"score":300,"energy":12,"posx":19,"posy":2,"lastAction":5,"status":0},{"playerId":2407150,"score":250,"energy":29,"posx":12,"posy":5,"lastAction":0,"status":0},{"playerId":2251128,"score":100,"energy":45,"posx":11,"posy":3,"lastAction":5,"status":0}],"golds":[{"posx":6,"posy":0,"amount":400},{"posx":10,"posy":0,"amount":700},{"posx":2,"posy":1,"amount":200},{"posx":4,"posy":1,"amount":300},{"posx":9,"posy":1,"amount":750},{"posx":19,"posy":2,"amount":400},{"posx":3,"posy":3,"amount":200},{"posx":7,"posy":3,"amount":300},{"posx":11,"posy":3,"amount":600},{"posx":2,"posy":4,"amount":200},{"posx":11,"posy":5,"amount":550},{"posx":15,"posy":5,"amount":100},{"posx":4,"posy":6,"amount":350},{"posx":11,"posy":7,"amount":200},{"posx":4,"posy":8,"amount":200},{"posx":11,"posy":8,"amount":400},{"posx":12,"posy":8,"amount":300},{"posx":16,"posy":8,"amount":550}],"changedObstacles":[]},{"players":[{"playerId":61319,"score":450,"energy":14,"posx":16,"posy":8,"lastAction":4,"status":0},{"playerId":2583616,"score":350,"energy":7,"posx":19,"posy":2,"lastAction":5,"status":0},{"playerId":2407150,"score":250,"energy":25,"posx":11,"posy":5,"lastAction":0,"status":0},{"playerId":2251128,"score":150,"energy":40,"posx":11,"posy":3,"lastAction":5,"status":0}],"golds":[{"posx":6,"posy":0,"amount":400},{"posx":10,"posy":0,"amount":700},{"posx":2,"posy":1,"amount":200},{"posx":4,"posy":1,"amount":300},{"posx":9,"posy":1,"amount":750},{"posx":19,"posy":2,"amount":350},{"posx":3,"posy":3,"amount":200},{"posx":7,"posy":3,"amount":300},{"posx":11,"posy":3,"amount":550},{"posx":2,"posy":4,"amount":200},{"posx":11,"posy":5,"amount":550},{"posx":15,"posy":5,"amount":100},{"posx":4,"posy":6,"amount":350},{"posx":11,"posy":7,"amount":200},{"posx":4,"posy":8,"amount":200},{"posx":11,"posy":8,"amount":400},{"posx":12,"posy":8,"amount":300},{"posx":16,"posy":8,"amount":550}],"changedObstacles":[]},{"players":[{"playerId":61319,"score":450,"energy":30,"posx":16,"posy":8,"lastAction":4,"status":0},{"playerId":2583616,"score":400,"energy":2,"posx":19,"posy":2,"lastAction":5,"status":0},{"playerId":2407150,"score":300,"energy":20,"posx":11,"posy":5,"lastAction":5,"status":0},{"playerId":2251128,"score":200,"energy":35,"posx":11,"posy":3,"lastAction":5,"status":0}],"golds":[{"posx":6,"posy":0,"amount":400},{"posx":10,"posy":0,"amount":700},{"posx":2,"posy":1,"amount":200},{"posx":4,"posy":1,"amount":300},{"posx":9,"posy":1,"amount":750},{"posx":19,"posy":2,"amount":300},{"posx":3,"posy":3,"amount":200},{"posx":7,"posy":3,"amount":300},{"posx":11,"posy":3,"amount":500},{"posx":2,"posy":4,"amount":200},{"posx":11,"posy":5,"amount":500},{"posx":15,"posy":5,"amount":100},{"posx":4,"posy":6,"amount":350},{"posx":11,"posy":7,"amount":200},{"posx":4,"posy":8,"amount":200},{"posx":11,"posy":8,"amount":400},{"posx":12,"posy":8,"amount":300},{"posx":16,"posy":8,"amount":550}],"changedObstacles":[]},{"players":[{"playerId":61319,"score":450,"energy":50,"posx":16,"posy":8,"lastAction":4,"status":0},{"playerId":2583616,"score":400,"energy":14,"posx":19,"posy":2,"lastAction":4,"status":0},{"playerId":2407150,"score":350,"energy":15,"posx":11,"posy":5,"lastAction":5,"status":0},{"playerId":2251128,"score":250,"energy":30,"posx":11,"posy":3,"lastAction":5,"status":0}],"golds":[{"posx":6,"posy":0,"amount":400},{"posx":10,"posy":0,"amount":700},{"posx":2,"posy":1,"amount":200},{"posx":4,"posy":1,"amount":300},{"posx":9,"posy":1,"amount":750},{"posx":19,"posy":2,"amount":300},{"posx":3,"posy":3,"amount":200},{"posx":7,"posy":3,"amount":300},{"posx":11,"posy":3,"amount":450},{"posx":2,"posy":4,"amount":200},{"posx":11,"posy":5,"amount":450},{"posx":15,"posy":5,"amount":100},{"posx":4,"posy":6,"amount":350},{"posx":11,"posy":7,"amount":200},{"posx":4,"posy":8,"amount":200},{"posx":11,"posy":8,"amount":400},{"posx":12,"posy":8,"amount":300},{"posx":16,"posy":8,"amount":550}],"changedObstacles":[]},{"players":[{"playerId":61319,"score":500,"energy":45,"posx":16,"posy":8,"lastAction":5,"status":0},{"playerId":2583616,"score":400,"energy":30,"posx":19,"posy":2,"lastAction":4,"status":0},{"playerId":2407150,"score":400,"energy":10,"posx":11,"posy":5,"lastAction":5,"status":0},{"playerId":2251128,"score":300,"energy":25,"posx":11,"posy":3,"lastAction":5,"status":0}],"golds":[{"posx":6,"posy":0,"amount":400},{"posx":10,"posy":0,"amount":700},{"posx":2,"posy":1,"amount":200},{"posx":4,"posy":1,"amount":300},{"posx":9,"posy":1,"amount":750},{"posx":19,"posy":2,"amount":300},{"posx":3,"posy":3,"amount":200},{"posx":7,"posy":3,"amount":300},{"posx":11,"posy":3,"amount":400},{"posx":2,"posy":4,"amount":200},{"posx":11,"posy":5,"amount":400},{"posx":15,"posy":5,"amount":100},{"posx":4,"posy":6,"amount":350},{"posx":11,"posy":7,"amount":200},{"posx":4,"posy":8,"amount":200},{"posx":11,"posy":8,"amount":400},{"posx":12,"posy":8,"amount":300},{"posx":16,"posy":8,"amount":500}],"changedObstacles":[]},{"players":[{"playerId":61319,"score":550,"energy":40,"posx":16,"posy":8,"lastAction":5,"status":0},{"playerId":2583616,"score":400,"energy":50,"posx":19,"posy":2,"lastAction":4,"status":0},{"playerId":2407150,"score":450,"energy":5,"posx":11,"posy":5,"lastAction":5,"status":0},{"playerId":2251128,"score":350,"energy":20,"posx":11,"posy":3,"lastAction":5,"status":0}],"golds":[{"posx":6,"posy":0,"amount":400},{"posx":10,"posy":0,"amount":700},{"posx":2,"posy":1,"amount":200},{"posx":4,"posy":1,"amount":300},{"posx":9,"posy":1,"amount":750},{"posx":19,"posy":2,"amount":300},{"posx":3,"posy":3,"amount":200},{"posx":7,"posy":3,"amount":300},{"posx":11,"posy":3,"amount":350},{"posx":2,"posy":4,"amount":200},{"posx":11,"posy":5,"amount":350},{"posx":15,"posy":5,"amount":100},{"posx":4,"posy":6,"amount":350},{"posx":11,"posy":7,"amount":200},{"posx":4,"posy":8,"amount":200},{"posx":11,"posy":8,"amount":400},{"posx":12,"posy":8,"amount":300},{"posx":16,"posy":8,"amount":450}],"changedObstacles":[]},{"players":[{"playerId":61319,"score":600,"energy":35,"posx":16,"posy":8,"lastAction":5,"status":0},{"playerId":2583616,"score":450,"energy":45,"posx":19,"posy":2,"lastAction":5,"status":0},{"playerId":2407150,"score":450,"energy":17,"posx":11,"posy":5,"lastAction":4,"status":0},{"playerId":2251128,"score":400,"energy":15,"posx":11,"posy":3,"lastAction":5,"status":0}],"golds":[{"posx":6,"posy":0,"amount":400},{"posx":10,"posy":0,"amount":700},{"posx":2,"posy":1,"amount":200},{"posx":4,"posy":1,"amount":300},{"posx":9,"posy":1,"amount":750},{"posx":19,"posy":2,"amount":250},{"posx":3,"posy":3,"amount":200},{"posx":7,"posy":3,"amount":300},{"posx":11,"posy":3,"amount":300},{"posx":2,"posy":4,"amount":200},{"posx":11,"posy":5,"amount":350},{"posx":15,"posy":5,"amount":100},{"posx":4,"posy":6,"amount":350},{"posx":11,"posy":7,"amount":200},{"posx":4,"posy":8,"amount":200},{"posx":11,"posy":8,"amount":400},{"posx":12,"posy":8,"amount":300},{"posx":16,"posy":8,"amount":400}],"changedObstacles":[]},{"players":[{"playerId":61319,"score":650,"energy":30,"posx":16,"posy":8,"lastAction":5,"status":0},{"playerId":2583616,"score":500,"energy":40,"posx":19,"posy":2,"lastAction":5,"status":0},{"playerId":2407150,"score":450,"energy":33,"posx":11,"posy":5,"lastAction":4,"status":0},{"playerId":2251128,"score":450,"energy":10,"posx":11,"posy":3,"lastAction":5,"status":0}],"golds":[{"posx":6,"posy":0,"amount":400},{"posx":10,"posy":0,"amount":700},{"posx":2,"posy":1,"amount":200},{"posx":4,"posy":1,"amount":300},{"posx":9,"posy":1,"amount":750},{"posx":19,"posy":2,"amount":200},{"posx":3,"posy":3,"amount":200},{"posx":7,"posy":3,"amount":300},{"posx":11,"posy":3,"amount":250},{"posx":2,"posy":4,"amount":200},{"posx":11,"posy":5,"amount":350},{"posx":15,"posy":5,"amount":100},{"posx":4,"posy":6,"amount":350},{"posx":11,"posy":7,"amount":200},{"posx":4,"posy":8,"amount":200},{"posx":11,"posy":8,"amount":400},{"posx":12,"posy":8,"amount":300},{"posx":16,"posy":8,"amount":350}],"changedObstacles":[]},{"players":[{"playerId":61319,"score":700,"energy":25,"posx":16,"posy":8,"lastAction":5,"status":0},{"playerId":2583616,"score":550,"energy":35,"posx":19,"posy":2,"lastAction":5,"status":0},{"playerId":2407150,"score":450,"energy":50,"posx":11,"posy":5,"lastAction":4,"status":0},{"playerId":2251128,"score":500,"energy":5,"posx":11,"posy":3,"lastAction":5,"status":0}],"golds":[{"posx":6,"posy":0,"amount":400},{"posx":10,"posy":0,"amount":700},{"posx":2,"posy":1,"amount":200},{"posx":4,"posy":1,"amount":300},{"posx":9,"posy":1,"amount":750},{"posx":19,"posy":2,"amount":150},{"posx":3,"posy":3,"amount":200},{"posx":7,"posy":3,"amount":300},{"posx":11,"posy":3,"amount":200},{"posx":2,"posy":4,"amount":200},{"posx":11,"posy":5,"amount":350},{"posx":15,"posy":5,"amount":100},{"posx":4,"posy":6,"amount":350},{"posx":11,"posy":7,"amount":200},{"posx":4,"posy":8,"amount":200},{"posx":11,"posy":8,"amount":400},{"posx":12,"posy":8,"amount":300},{"posx":16,"posy":8,"amount":300}],"changedObstacles":[]},{"players":[{"playerId":61319,"score":750,"energy":20,"posx":16,"posy":8,"lastAction":5,"status":0},{"playerId":2583616,"score":600,"energy":30,"posx":19,"posy":2,"lastAction":5,"status":0},{"playerId":2407150,"score":500,"energy":45,"posx":11,"posy":5,"lastAction":5,"status":0},{"playerId":2251128,"score":500,"energy":17,"posx":11,"posy":3,"lastAction":4,"status":0}],"golds":[{"posx":6,"posy":0,"amount":400},{"posx":10,"posy":0,"amount":700},{"posx":2,"posy":1,"amount":200},{"posx":4,"posy":1,"amount":300},{"posx":9,"posy":1,"amount":750},{"posx":19,"posy":2,"amount":100},{"posx":3,"posy":3,"amount":200},{"posx":7,"posy":3,"amount":300},{"posx":11,"posy":3,"amount":200},{"posx":2,"posy":4,"amount":200},{"posx":11,"posy":5,"amount":300},{"posx":15,"posy":5,"amount":100},{"posx":4,"posy":6,"amount":350},{"posx":11,"posy":7,"amount":200},{"posx":4,"posy":8,"amount":200},{"posx":11,"posy":8,"amount":400},{"posx":12,"posy":8,"amount":300},{"posx":16,"posy":8,"amount":250}],"changedObstacles":[]},{"players":[{"playerId":61319,"score":800,"energy":15,"posx":16,"posy":8,"lastAction":5,"status":0},{"playerId":2583616,"score":650,"energy":25,"posx":19,"posy":2,"lastAction":5,"status":0},{"playerId":2407150,"score":550,"energy":40,"posx":11,"posy":5,"lastAction":5,"status":0},{"playerId":2251128,"score":500,"energy":33,"posx":11,"posy":3,"lastAction":4,"status":0}],"golds":[{"posx":6,"posy":0,"amount":400},{"posx":10,"posy":0,"amount":700},{"posx":2,"posy":1,"amount":200},{"posx":4,"posy":1,"amount":300},{"posx":9,"posy":1,"amount":750},{"posx":19,"posy":2,"amount":50},{"posx":3,"posy":3,"amount":200},{"posx":7,"posy":3,"amount":300},{"posx":11,"posy":3,"amount":200},{"posx":2,"posy":4,"amount":200},{"posx":11,"posy":5,"amount":250},{"posx":15,"posy":5,"amount":100},{"posx":4,"posy":6,"amount":350},{"posx":11,"posy":7,"amount":200},{"posx":4,"posy":8,"amount":200},{"posx":11,"posy":8,"amount":400},{"posx":12,"posy":8,"amount":300},{"posx":16,"posy":8,"amount":200}],"changedObstacles":[]},{"players":[{"playerId":61319,"score":850,"energy":10,"posx":16,"posy":8,"lastAction":5,"status":0},{"playerId":2583616,"score":700,"energy":20,"posx":19,"posy":2,"lastAction":5,"status":0},{"playerId":2407150,"score":600,"energy":35,"posx":11,"posy":5,"lastAction":5,"status":0},{"playerId":2251128,"score":500,"energy":50,"posx":11,"posy":3,"lastAction":4,"status":0}],"golds":[{"posx":6,"posy":0,"amount":400},{"posx":10,"posy":0,"amount":700},{"posx":2,"posy":1,"amount":200},{"posx":4,"posy":1,"amount":300},{"posx":9,"posy":1,"amount":750},{"posx":3,"posy":3,"amount":200},{"posx":7,"posy":3,"amount":300},{"posx":11,"posy":3,"amount":200},{"posx":2,"posy":4,"amount":200},{"posx":11,"posy":5,"amount":200},{"posx":15,"posy":5,"amount":100},{"posx":4,"posy":6,"amount":350},{"posx":11,"posy":7,"amount":200},{"posx":4,"posy":8,"amount":200},{"posx":11,"posy":8,"amount":400},{"posx":12,"posy":8,"amount":300},{"posx":16,"posy":8,"amount":150}],"changedObstacles":[{"type":0,"posx":19,"posy":2,"value":-1}]},{"players":[{"playerId":61319,"score":900,"energy":5,"posx":16,"posy":8,"lastAction":5,"status":0},{"playerId":2583616,"score":700,"energy":32,"posx":19,"posy":2,"lastAction":4,"status":0},{"playerId":2407150,"score":650,"energy":30,"posx":11,"posy":5,"lastAction":5,"status":0},{"playerId":2251128,"score":550,"energy":45,"posx":11,"posy":3,"lastAction":5,"status":0}],"golds":[{"posx":6,"posy":0,"amount":400},{"posx":10,"posy":0,"amount":700},{"posx":2,"posy":1,"amount":200},{"posx":4,"posy":1,"amount":300},{"posx":9,"posy":1,"amount":750},{"posx":3,"posy":3,"amount":200},{"posx":7,"posy":3,"amount":300},{"posx":11,"posy":3,"amount":150},{"posx":2,"posy":4,"amount":200},{"posx":11,"posy":5,"amount":150},{"posx":15,"posy":5,"amount":100},{"posx":4,"posy":6,"amount":350},{"posx":11,"posy":7,"amount":200},{"posx":4,"posy":8,"amount":200},{"posx":11,"posy":8,"amount":400},{"posx":12,"posy":8,"amount":300},{"posx":16,"posy":8,"amount":100}],"changedObstacles":[]},{"players":[{"playerId":61319,"score":900,"energy":17,"posx":16,"posy":8,"lastAction":4,"status":0},{"playerId":2583616,"score":700,"energy":48,"posx":19,"posy":2,"lastAction":4,"status":0},{"playerId":2407150,"score":700,"energy":25,"posx":11,"posy":5,"lastAction":5,"status":0},{"playerId":2251128,"score":600,"energy":40,"posx":11,"posy":3,"lastAction":5,"status":0}],"golds":[{"posx":6,"posy":0,"amount":400},{"posx":10,"posy":0,"amount":700},{"posx":2,"posy":1,"amount":200},{"posx":4,"posy":1,"amount":300},{"posx":9,"posy":1,"amount":750},{"posx":3,"posy":3,"amount":200},{"posx":7,"posy":3,"amount":300},{"posx":11,"posy":3,"amount":100},{"posx":2,"posy":4,"amount":200},{"posx":11,"posy":5,"amount":100},{"posx":15,"posy":5,"amount":100},{"posx":4,"posy":6,"amount":350},{"posx":11,"posy":7,"amount":200},{"posx":4,"posy":8,"amount":200},{"posx":11,"posy":8,"amount":400},{"posx":12,"posy":8,"amount":300},{"posx":16,"posy":8,"amount":100}],"changedObstacles":[]},{"players":[{"playerId":61319,"score":950,"energy":12,"posx":16,"posy":8,"lastAction":5,"status":0},{"playerId":2583616,"score":700,"energy":43,"posx":19,"posy":1,"lastAction":2,"status":0},{"playerId":2407150,"score":750,"energy":20,"posx":11,"posy":5,"lastAction":5,"status":0},{"playerId":2251128,"score":650,"energy":35,"posx":11,"posy":3,"lastAction":5,"status":0}],"golds":[{"posx":6,"posy":0,"amount":400},{"posx":10,"posy":0,"amount":700},{"posx":2,"posy":1,"amount":200},{"posx":4,"posy":1,"amount":300},{"posx":9,"posy":1,"amount":750},{"posx":3,"posy":3,"amount":200},{"posx":7,"posy":3,"amount":300},{"posx":11,"posy":3,"amount":50},{"posx":2,"posy":4,"amount":200},{"posx":11,"posy":5,"amount":50},{"posx":15,"posy":5,"amount":100},{"posx":4,"posy":6,"amount":350},{"posx":11,"posy":7,"amount":200},{"posx":4,"posy":8,"amount":200},{"posx":11,"posy":8,"amount":400},{"posx":12,"posy":8,"amount":300},{"posx":16,"posy":8,"amount":50}],"changedObstacles":[{"type":3,"posx":19,"posy":1,"value":-20}]},{"players":[{"playerId":61319,"score":1000,"energy":7,"posx":16,"posy":8,"lastAction":5,"status":0},{"playerId":2583616,"score":700,"energy":42,"posx":18,"posy":1,"lastAction":0,"status":0},{"playerId":2407150,"score":800,"energy":15,"posx":11,"posy":5,"lastAction":5,"status":0},{"playerId":2251128,"score":700,"energy":30,"posx":11,"posy":3,"lastAction":5,"status":0}],"golds":[{"posx":6,"posy":0,"amount":400},{"posx":10,"posy":0,"amount":700},{"posx":2,"posy":1,"amount":200},{"posx":4,"posy":1,"amount":300},{"posx":9,"posy":1,"amount":750},{"posx":3,"posy":3,"amount":200},{"posx":7,"posy":3,"amount":300},{"posx":2,"posy":4,"amount":200},{"posx":15,"posy":5,"amount":100},{"posx":4,"posy":6,"amount":350},{"posx":11,"posy":7,"amount":200},{"posx":4,"posy":8,"amount":200},{"posx":11,"posy":8,"amount":400},{"posx":12,"posy":8,"amount":300}],"changedObstacles":[{"type":0,"posx":11,"posy":5,"value":-1},{"type":0,"posx":16,"posy":8,"value":-1},{"type":0,"posx":11,"posy":3,"value":-1}]},{"players":[{"playerId":61319,"score":1000,"energy":6,"posx":15,"posy":8,"lastAction":0,"status":0},{"playerId":2583616,"score":700,"energy":32,"posx":17,"posy":1,"lastAction":0,"status":0},{"playerId":2407150,"score":800,"energy":14,"posx":10,"posy":5,"lastAction":0,"status":0},{"playerId":2251128,"score":700,"energy":25,"posx":11,"posy":2,"lastAction":2,"status":0}],"golds":[{"posx":6,"posy":0,"amount":400},{"posx":10,"posy":0,"amount":700},{"posx":2,"posy":1,"amount":200},{"posx":4,"posy":1,"amount":300},{"posx":9,"posy":1,"amount":750},{"posx":3,"posy":3,"amount":200},{"posx":7,"posy":3,"amount":300},{"posx":2,"posy":4,"amount":200},{"posx":15,"posy":5,"amount":100},{"posx":4,"posy":6,"amount":350},{"posx":11,"posy":7,"amount":200},{"posx":4,"posy":8,"amount":200},{"posx":11,"posy":8,"amount":400},{"posx":12,"posy":8,"amount":300}],"changedObstacles":[{"type":0,"posx":17,"posy":1,"value":-1},{"type":3,"posx":11,"posy":2,"value":-20}]},{"players":[{"playerId":61319,"score":1000,"energy":5,"posx":14,"posy":8,"lastAction":0,"status":0},{"playerId":2583616,"score":700,"energy":22,"posx":16,"posy":1,"lastAction":0,"status":0},{"playerId":2407150,"score":800,"energy":13,"posx":10,"posy":4,"lastAction":2,"status":0},{"playerId":2251128,"score":700,"energy":24,"posx":10,"posy":2,"lastAction":0,"status":0}],"golds":[{"posx":6,"posy":0,"amount":400},{"posx":10,"posy":0,"amount":700},{"posx":2,"posy":1,"amount":200},{"posx":4,"posy":1,"amount":300},{"posx":9,"posy":1,"amount":750},{"posx":3,"posy":3,"amount":200},{"posx":7,"posy":3,"amount":300},{"posx":2,"posy":4,"amount":200},{"posx":15,"posy":5,"amount":100},{"posx":4,"posy":6,"amount":350},{"posx":11,"posy":7,"amount":200},{"posx":4,"posy":8,"amount":200},{"posx":11,"posy":8,"amount":400},{"posx":12,"posy":8,"amount":300}],"changedObstacles":[{"type":0,"posx":16,"posy":1,"value":-1}]},{"players":[{"playerId":61319,"score":1000,"energy":4,"posx":13,"posy":8,"lastAction":0,"status":0},{"playerId":2583616,"score":700,"energy":21,"posx":16,"posy":0,"lastAction":2,"status":0},{"playerId":2407150,"score":800,"energy":12,"posx":10,"posy":3,"lastAction":2,"status":0},{"playerId":2251128,"score":700,"energy":23,"posx":9,"posy":2,"lastAction":0,"status":0}],"golds":[{"posx":6,"posy":0,"amount":400},{"posx":10,"posy":0,"amount":700},{"posx":2,"posy":1,"amount":200},{"posx":4,"posy":1,"amount":300},{"posx":9,"posy":1,"amount":750},{"posx":3,"posy":3,"amount":200},{"posx":7,"posy":3,"amount":300},{"posx":2,"posy":4,"amount":200},{"posx":15,"posy":5,"amount":100},{"posx":4,"posy":6,"amount":350},{"posx":11,"posy":7,"amount":200},{"posx":4,"posy":8,"amount":200},{"posx":11,"posy":8,"amount":400},{"posx":12,"posy":8,"amount":300}],"changedObstacles":[]},{"players":[{"playerId":61319,"score":1000,"energy":16,"posx":13,"posy":8,"lastAction":4,"status":0},{"playerId":2583616,"score":700,"energy":11,"posx":15,"posy":0,"lastAction":0,"status":0},{"playerId":2407150,"score":800,"energy":11,"posx":10,"posy":2,"lastAction":2,"status":0},{"playerId":2251128,"score":700,"energy":19,"posx":9,"posy":1,"lastAction":2,"status":0}],"golds":[{"posx":6,"posy":0,"amount":400},{"posx":10,"posy":0,"amount":700},{"posx":2,"posy":1,"amount":200},{"posx":4,"posy":1,"amount":300},{"posx":9,"posy":1,"amount":750},{"posx":3,"posy":3,"amount":200},{"posx":7,"posy":3,"amount":300},{"posx":2,"posy":4,"amount":200},{"posx":15,"posy":5,"amount":100},{"posx":4,"posy":6,"amount":350},{"posx":11,"posy":7,"amount":200},{"posx":4,"posy":8,"amount":200},{"posx":11,"posy":8,"amount":400},{"posx":12,"posy":8,"amount":300}],"changedObstacles":[{"type":0,"posx":15,"posy":0,"value":-1}]},{"players":[{"playerId":61319,"score":1000,"energy":12,"posx":12,"posy":8,"lastAction":0,"status":0},{"playerId":2583616,"score":700,"energy":23,"posx":15,"posy":0,"lastAction":4,"status":0},{"playerId":2407150,"score":800,"energy":23,"posx":10,"posy":2,"lastAction":4,"status":0},{"playerId":2251128,"score":750,"energy":14,"posx":9,"posy":1,"lastAction":5,"status":0}],"golds":[{"posx":6,"posy":0,"amount":400},{"posx":10,"posy":0,"amount":700},{"posx":2,"posy":1,"amount":200},{"posx":4,"posy":1,"amount":300},{"posx":9,"posy":1,"amount":700},{"posx":3,"posy":3,"amount":200},{"posx":7,"posy":3,"amount":300},{"posx":2,"posy":4,"amount":200},{"posx":15,"posy":5,"amount":100},{"posx":4,"posy":6,"amount":350},{"posx":11,"posy":7,"amount":200},{"posx":4,"posy":8,"amount":200},{"posx":11,"posy":8,"amount":400},{"posx":12,"posy":8,"amount":300}],"changedObstacles":[]},{"players":[{"playerId":61319,"score":1050,"energy":7,"posx":12,"posy":8,"lastAction":5,"status":0},{"playerId":2583616,"score":700,"energy":39,"posx":15,"posy":0,"lastAction":4,"status":0},{"playerId":2407150,"score":800,"energy":39,"posx":10,"posy":2,"lastAction":4,"status":0},{"playerId":2251128,"score":800,"energy":9,"posx":9,"posy":1,"lastAction":5,"status":0}],"golds":[{"posx":6,"posy":0,"amount":400},{"posx":10,"posy":0,"amount":700},{"posx":2,"posy":1,"amount":200},{"posx":4,"posy":1,"amount":300},{"posx":9,"posy":1,"amount":650},{"posx":3,"posy":3,"amount":200},{"posx":7,"posy":3,"amount":300},{"posx":2,"posy":4,"amount":200},{"posx":15,"posy":5,"amount":100},{"posx":4,"posy":6,"amount":350},{"posx":11,"posy":7,"amount":200},{"posx":4,"posy":8,"amount":200},{"posx":11,"posy":8,"amount":400},{"posx":12,"posy":8,"amount":250}],"changedObstacles":[]},{"players":[{"playerId":61319,"score":1100,"energy":2,"posx":12,"posy":8,"lastAction":5,"status":0},{"playerId":2583616,"score":700,"energy":29,"posx":14,"posy":0,"lastAction":0,"status":0},{"playerId":2407150,"score":800,"energy":38,"posx":10,"posy":3,"lastAction":3,"status":0},{"playerId":2251128,"score":850,"energy":4,"posx":9,"posy":1,"lastAction":5,"status":0}],"golds":[{"posx":6,"posy":0,"amount":400},{"posx":10,"posy":0,"amount":700},{"posx":2,"posy":1,"amount":200},{"posx":4,"posy":1,"amount":300},{"posx":9,"posy":1,"amount":600},{"posx":3,"posy":3,"amount":200},{"posx":7,"posy":3,"amount":300},{"posx":2,"posy":4,"amount":200},{"posx":15,"posy":5,"amount":100},{"posx":4,"posy":6,"amount":350},{"posx":11,"posy":7,"amount":200},{"posx":4,"posy":8,"amount":200},{"posx":11,"posy":8,"amount":400},{"posx":12,"posy":8,"amount":200}],"changedObstacles":[{"type":0,"posx":14,"posy":0,"value":-1}]},{"players":[{"playerId":61319,"score":1100,"energy":14,"posx":12,"posy":8,"lastAction":4,"status":0},{"playerId":2583616,"score":700,"energy":28,"posx":13,"posy":0,"lastAction":0,"status":0},{"playerId":2407150,"score":800,"energy":37,"posx":9,"posy":3,"lastAction":0,"status":0},{"playerId":2251128,"score":850,"energy":16,"posx":9,"posy":1,"lastAction":4,"status":0}],"golds":[{"posx":6,"posy":0,"amount":400},{"posx":10,"posy":0,"amount":700},{"posx":2,"posy":1,"amount":200},{"posx":4,"posy":1,"amount":300},{"posx":9,"posy":1,"amount":600},{"posx":3,"posy":3,"amount":200},{"posx":7,"posy":3,"amount":300},{"posx":2,"posy":4,"amount":200},{"posx":15,"posy":5,"amount":100},{"posx":4,"posy":6,"amount":350},{"posx":11,"posy":7,"amount":200},{"posx":4,"posy":8,"amount":200},{"posx":11,"posy":8,"amount":400},{"posx":12,"posy":8,"amount":200}],"changedObstacles":[]},{"players":[{"playerId":61319,"score":1100,"energy":30,"posx":12,"posy":8,"lastAction":4,"status":0},{"playerId":2583616,"score":700,"energy":23,"posx":12,"posy":0,"lastAction":0,"status":0},{"playerId":2407150,"score":800,"energy":24,"posx":8,"posy":3,"lastAction":0,"status":0},{"playerId":2251128,"score":850,"energy":32,"posx":9,"posy":1,"lastAction":4,"status":0}],"golds":[{"posx":6,"posy":0,"amount":400},{"posx":10,"posy":0,"amount":700},{"posx":2,"posy":1,"amount":200},{"posx":4,"posy":1,"amount":300},{"posx":9,"posy":1,"amount":600},{"posx":3,"posy":3,"amount":200},{"posx":7,"posy":3,"amount":300},{"posx":2,"posy":4,"amount":200},{"posx":15,"posy":5,"amount":100},{"posx":4,"posy":6,"amount":350},{"posx":11,"posy":7,"amount":200},{"posx":4,"posy":8,"amount":200},{"posx":11,"posy":8,"amount":400},{"posx":12,"posy":8,"amount":200}],"changedObstacles":[{"type":3,"posx":12,"posy":0,"value":-20}]},{"players":[{"playerId":61319,"score":1150,"energy":25,"posx":12,"posy":8,"lastAction":5,"status":0},{"playerId":2583616,"score":700,"energy":18,"posx":11,"posy":0,"lastAction":0,"status":0},{"playerId":2407150,"score":800,"energy":20,"posx":7,"posy":3,"lastAction":0,"status":0},{"playerId":2251128,"score":850,"energy":50,"posx":9,"posy":1,"lastAction":4,"status":0}],"golds":[{"posx":6,"posy":0,"amount":400},{"posx":10,"posy":0,"amount":700},{"posx":2,"posy":1,"amount":200},{"posx":4,"posy":1,"amount":300},{"posx":9,"posy":1,"amount":600},{"posx":3,"posy":3,"amount":200},{"posx":7,"posy":3,"amount":300},{"posx":2,"posy":4,"amount":200},{"posx":15,"posy":5,"amount":100},{"posx":4,"posy":6,"amount":350},{"posx":11,"posy":7,"amount":200},{"posx":4,"posy":8,"amount":200},{"posx":11,"posy":8,"amount":400},{"posx":12,"posy":8,"amount":150}],"changedObstacles":[{"type":3,"posx":11,"posy":0,"value":-20}]},{"players":[{"playerId":61319,"score":1200,"energy":20,"posx":12,"posy":8,"lastAction":5,"status":0},{"playerId":2583616,"score":700,"energy":30,"posx":11,"posy":0,"lastAction":4,"status":0},{"playerId":2407150,"score":850,"energy":15,"posx":7,"posy":3,"lastAction":5,"status":0},{"playerId":2251128,"score":900,"energy":45,"posx":9,"posy":1,"lastAction":5,"status":0}],"golds":[{"posx":6,"posy":0,"amount":400},{"posx":10,"posy":0,"amount":700},{"posx":2,"posy":1,"amount":200},{"posx":4,"posy":1,"amount":300},{"posx":9,"posy":1,"amount":550},{"posx":3,"posy":3,"amount":200},{"posx":7,"posy":3,"amount":250},{"posx":2,"posy":4,"amount":200},{"posx":15,"posy":5,"amount":100},{"posx":4,"posy":6,"amount":350},{"posx":11,"posy":7,"amount":200},{"posx":4,"posy":8,"amount":200},{"posx":11,"posy":8,"amount":400},{"posx":12,"posy":8,"amount":100}],"changedObstacles":[]},{"players":[{"playerId":61319,"score":1250,"energy":15,"posx":12,"posy":8,"lastAction":5,"status":0},{"playerId":2583616,"score":700,"energy":46,"posx":11,"posy":0,"lastAction":4,"status":0},{"playerId":2407150,"score":900,"energy":10,"posx":7,"posy":3,"lastAction":5,"status":0},{"playerId":2251128,"score":950,"energy":40,"posx":9,"posy":1,"lastAction":5,"status":0}],"golds":[{"posx":6,"posy":0,"amount":400},{"posx":10,"posy":0,"amount":700},{"posx":2,"posy":1,"amount":200},{"posx":4,"posy":1,"amount":300},{"posx":9,"posy":1,"amount":500},{"posx":3,"posy":3,"amount":200},{"posx":7,"posy":3,"amount":200},{"posx":2,"posy":4,"amount":200},{"posx":15,"posy":5,"amount":100},{"posx":4,"posy":6,"amount":350},{"posx":11,"posy":7,"amount":200},{"posx":4,"posy":8,"amount":200},{"posx":11,"posy":8,"amount":400},{"posx":12,"posy":8,"amount":50}],"changedObstacles":[]},{"players":[{"playerId":61319,"score":1300,"energy":10,"posx":12,"posy":8,"lastAction":5,"status":0},{"playerId":2583616,"score":700,"energy":42,"posx":10,"posy":0,"lastAction":0,"status":0},{"playerId":2407150,"score":950,"energy":5,"posx":7,"posy":3,"lastAction":5,"status":0},{"playerId":2251128,"score":1000,"energy":35,"posx":9,"posy":1,"lastAction":5,"status":0}],"golds":[{"posx":6,"posy":0,"amount":400},{"posx":10,"posy":0,"amount":700},{"posx":2,"posy":1,"amount":200},{"posx":4,"posy":1,"amount":300},{"posx":9,"posy":1,"amount":450},{"posx":3,"posy":3,"amount":200},{"posx":7,"posy":3,"amount":150},{"posx":2,"posy":4,"amount":200},{"posx":15,"posy":5,"amount":100},{"posx":4,"posy":6,"amount":350},{"posx":11,"posy":7,"amount":200},{"posx":4,"posy":8,"amount":200},{"posx":11,"posy":8,"amount":400}],"changedObstacles":[{"type":0,"posx":12,"posy":8,"value":-1}]},{"players":[{"playerId":61319,"score":1300,"energy":6,"posx":11,"posy":8,"lastAction":0,"status":0},{"playerId":2583616,"score":750,"energy":37,"posx":10,"posy":0,"lastAction":5,"status":0},{"playerId":2407150,"score":950,"energy":17,"posx":7,"posy":3,"lastAction":4,"status":0},{"playerId":2251128,"score":1050,"energy":30,"posx":9,"posy":1,"lastAction":5,"status":0}],"golds":[{"posx":6,"posy":0,"amount":400},{"posx":10,"posy":0,"amount":650},{"posx":2,"posy":1,"amount":200},{"posx":4,"posy":1,"amount":300},{"posx":9,"posy":1,"amount":400},{"posx":3,"posy":3,"amount":200},{"posx":7,"posy":3,"amount":150},{"posx":2,"posy":4,"amount":200},{"posx":15,"posy":5,"amount":100},{"posx":4,"posy":6,"amount":350},{"posx":11,"posy":7,"amount":200},{"posx":4,"posy":8,"amount":200},{"posx":11,"posy":8,"amount":400}],"changedObstacles":[]},{"players":[{"playerId":61319,"score":1350,"energy":1,"posx":11,"posy":8,"lastAction":5,"status":0},{"playerId":2583616,"score":800,"energy":32,"posx":10,"posy":0,"lastAction":5,"status":0},{"playerId":2407150,"score":950,"energy":33,"posx":7,"posy":3,"lastAction":4,"status":0},{"playerId":2251128,"score":1100,"energy":25,"posx":9,"posy":1,"lastAction":5,"status":0}],"golds":[{"posx":6,"posy":0,"amount":400},{"posx":10,"posy":0,"amount":600},{"posx":2,"posy":1,"amount":200},{"posx":4,"posy":1,"amount":300},{"posx":9,"posy":1,"amount":350},{"posx":3,"posy":3,"amount":200},{"posx":7,"posy":3,"amount":150},{"posx":2,"posy":4,"amount":200},{"posx":15,"posy":5,"amount":100},{"posx":4,"posy":6,"amount":350},{"posx":11,"posy":7,"amount":200},{"posx":4,"posy":8,"amount":200},{"posx":11,"posy":8,"amount":350}],"changedObstacles":[]},{"players":[{"playerId":61319,"score":1350,"energy":13,"posx":11,"posy":8,"lastAction":4,"status":0},{"playerId":2583616,"score":850,"energy":27,"posx":10,"posy":0,"lastAction":5,"status":0},{"playerId":2407150,"score":950,"energy":50,"posx":7,"posy":3,"lastAction":4,"status":0},{"playerId":2251128,"score":1150,"energy":20,"posx":9,"posy":1,"lastAction":5,"status":0}],"golds":[{"posx":6,"posy":0,"amount":400},{"posx":10,"posy":0,"amount":550},{"posx":2,"posy":1,"amount":200},{"posx":4,"posy":1,"amount":300},{"posx":9,"posy":1,"amount":300},{"posx":3,"posy":3,"amount":200},{"posx":7,"posy":3,"amount":150},{"posx":2,"posy":4,"amount":200},{"posx":15,"posy":5,"amount":100},{"posx":4,"posy":6,"amount":350},{"posx":11,"posy":7,"amount":200},{"posx":4,"posy":8,"amount":200},{"posx":11,"posy":8,"amount":350}],"changedObstacles":[]},{"players":[{"playerId":61319,"score":1350,"energy":29,"posx":11,"posy":8,"lastAction":4,"status":0},{"playerId":2583616,"score":900,"energy":22,"posx":10,"posy":0,"lastAction":5,"status":0},{"playerId":2407150,"score":1000,"energy":45,"posx":7,"posy":3,"lastAction":5,"status":0},{"playerId":2251128,"score":1200,"energy":15,"posx":9,"posy":1,"lastAction":5,"status":0}],"golds":[{"posx":6,"posy":0,"amount":400},{"posx":10,"posy":0,"amount":500},{"posx":2,"posy":1,"amount":200},{"posx":4,"posy":1,"amount":300},{"posx":9,"posy":1,"amount":250},{"posx":3,"posy":3,"amount":200},{"posx":7,"posy":3,"amount":100},{"posx":2,"posy":4,"amount":200},{"posx":15,"posy":5,"amount":100},{"posx":4,"posy":6,"amount":350},{"posx":11,"posy":7,"amount":200},{"posx":4,"posy":8,"amount":200},{"posx":11,"posy":8,"amount":350}],"changedObstacles":[]},{"players":[{"playerId":61319,"score":1350,"energy":50,"posx":11,"posy":8,"lastAction":4,"status":0},{"playerId":2583616,"score":950,"energy":17,"posx":10,"posy":0,"lastAction":5,"status":0},{"playerId":2407150,"score":1050,"energy":40,"posx":7,"posy":3,"lastAction":5,"status":0},{"playerId":2251128,"score":1250,"energy":10,"posx":9,"posy":1,"lastAction":5,"status":0}],"golds":[{"posx":6,"posy":0,"amount":400},{"posx":10,"posy":0,"amount":450},{"posx":2,"posy":1,"amount":200},{"posx":4,"posy":1,"amount":300},{"posx":9,"posy":1,"amount":200},{"posx":3,"posy":3,"amount":200},{"posx":7,"posy":3,"amount":50},{"posx":2,"posy":4,"amount":200},{"posx":15,"posy":5,"amount":100},{"posx":4,"posy":6,"amount":350},{"posx":11,"posy":7,"amount":200},{"posx":4,"posy":8,"amount":200},{"posx":11,"posy":8,"amount":350}],"changedObstacles":[]},{"players":[{"playerId":61319,"score":1400,"energy":45,"posx":11,"posy":8,"lastAction":5,"status":0},{"playerId":2583616,"score":1000,"energy":12,"posx":10,"posy":0,"lastAction":5,"status":0},{"playerId":2407150,"score":1100,"energy":35,"posx":7,"posy":3,"lastAction":5,"status":0},{"playerId":2251128,"score":1300,"energy":5,"posx":9,"posy":1,"lastAction":5,"status":0}],"golds":[{"posx":6,"posy":0,"amount":400},{"posx":10,"posy":0,"amount":400},{"posx":2,"posy":1,"amount":200},{"posx":4,"posy":1,"amount":300},{"posx":9,"posy":1,"amount":150},{"posx":3,"posy":3,"amount":200},{"posx":2,"posy":4,"amount":200},{"posx":15,"posy":5,"amount":100},{"posx":4,"posy":6,"amount":350},{"posx":11,"posy":7,"amount":200},{"posx":4,"posy":8,"amount":200},{"posx":11,"posy":8,"amount":300}],"changedObstacles":[{"type":0,"posx":7,"posy":3,"value":-1}]},{"players":[{"playerId":61319,"score":1450,"energy":40,"posx":11,"posy":8,"lastAction":5,"status":0},{"playerId":2583616,"score":1050,"energy":7,"posx":10,"posy":0,"lastAction":5,"status":0},{"playerId":2407150,"score":1100,"energy":34,"posx":6,"posy":3,"lastAction":0,"status":0},{"playerId":2251128,"score":1300,"energy":17,"posx":9,"posy":1,"lastAction":4,"status":0}],"golds":[{"posx":6,"posy":0,"amount":400},{"posx":10,"posy":0,"amount":350},{"posx":2,"posy":1,"amount":200},{"posx":4,"posy":1,"amount":300},{"posx":9,"posy":1,"amount":150},{"posx":3,"posy":3,"amount":200},{"posx":2,"posy":4,"amount":200},{"posx":15,"posy":5,"amount":100},{"posx":4,"posy":6,"amount":350},{"posx":11,"posy":7,"amount":200},{"posx":4,"posy":8,"amount":200},{"posx":11,"posy":8,"amount":250}],"changedObstacles":[]},{"players":[{"playerId":61319,"score":1500,"energy":35,"posx":11,"posy":8,"lastAction":5,"status":0},{"playerId":2583616,"score":1100,"energy":2,"posx":10,"posy":0,"lastAction":5,"status":0},{"playerId":2407150,"score":1100,"energy":33,"posx":5,"posy":3,"lastAction":0,"status":0},{"playerId":2251128,"score":1300,"energy":33,"posx":9,"posy":1,"lastAction":4,"status":0}],"golds":[{"posx":6,"posy":0,"amount":400},{"posx":10,"posy":0,"amount":300},{"posx":2,"posy":1,"amount":200},{"posx":4,"posy":1,"amount":300},{"posx":9,"posy":1,"amount":150},{"posx":3,"posy":3,"amount":200},{"posx":2,"posy":4,"amount":200},{"posx":15,"posy":5,"amount":100},{"posx":4,"posy":6,"amount":350},{"posx":11,"posy":7,"amount":200},{"posx":4,"posy":8,"amount":200},{"posx":11,"posy":8,"amount":200}],"changedObstacles":[]},{"players":[{"playerId":61319,"score":1550,"energy":30,"posx":11,"posy":8,"lastAction":5,"status":0},{"playerId":2583616,"score":1100,"energy":14,"posx":10,"posy":0,"lastAction":4,"status":0},{"playerId":2407150,"score":1100,"energy":19,"posx":4,"posy":3,"lastAction":0,"status":0},{"playerId":2251128,"score":1300,"energy":50,"posx":9,"posy":1,"lastAction":4,"status":0}],"golds":[{"posx":6,"posy":0,"amount":400},{"posx":10,"posy":0,"amount":300},{"posx":2,"posy":1,"amount":200},{"posx":4,"posy":1,"amount":300},{"posx":9,"posy":1,"amount":150},{"posx":3,"posy":3,"amount":200},{"posx":2,"posy":4,"amount":200},{"posx":15,"posy":5,"amount":100},{"posx":4,"posy":6,"amount":350},{"posx":11,"posy":7,"amount":200},{"posx":4,"posy":8,"amount":200},{"posx":11,"posy":8,"amount":150}],"changedObstacles":[]},{"players":[{"playerId":61319,"score":1600,"energy":25,"posx":11,"posy":8,"lastAction":5,"status":0},{"playerId":2583616,"score":1100,"energy":30,"posx":10,"posy":0,"lastAction":4,"status":0},{"playerId":2407150,"score":1100,"energy":15,"posx":3,"posy":3,"lastAction":0,"status":0},{"playerId":2251128,"score":1350,"energy":45,"posx":9,"posy":1,"lastAction":5,"status":0}],"golds":[{"posx":6,"posy":0,"amount":400},{"posx":10,"posy":0,"amount":300},{"posx":2,"posy":1,"amount":200},{"posx":4,"posy":1,"amount":300},{"posx":9,"posy":1,"amount":100},{"posx":3,"posy":3,"amount":200},{"posx":2,"posy":4,"amount":200},{"posx":15,"posy":5,"amount":100},{"posx":4,"posy":6,"amount":350},{"posx":11,"posy":7,"amount":200},{"posx":4,"posy":8,"amount":200},{"posx":11,"posy":8,"amount":100}],"changedObstacles":[]},{"players":[{"playerId":61319,"score":1650,"energy":20,"posx":11,"posy":8,"lastAction":5,"status":0},{"playerId":2583616,"score":1100,"energy":50,"posx":10,"posy":0,"lastAction":4,"status":0},{"playerId":2407150,"score":1150,"energy":10,"posx":3,"posy":3,"lastAction":5,"status":0},{"playerId":2251128,"score":1400,"energy":40,"posx":9,"posy":1,"lastAction":5,"status":0}],"golds":[{"posx":6,"posy":0,"amount":400},{"posx":10,"posy":0,"amount":300},{"posx":2,"posy":1,"amount":200},{"posx":4,"posy":1,"amount":300},{"posx":9,"posy":1,"amount":50},{"posx":3,"posy":3,"amount":150},{"posx":2,"posy":4,"amount":200},{"posx":15,"posy":5,"amount":100},{"posx":4,"posy":6,"amount":350},{"posx":11,"posy":7,"amount":200},{"posx":4,"posy":8,"amount":200},{"posx":11,"posy":8,"amount":50}],"changedObstacles":[]},{"players":[{"playerId":61319,"score":1700,"energy":15,"posx":11,"posy":8,"lastAction":5,"status":0},{"playerId":2583616,"score":1150,"energy":45,"posx":10,"posy":0,"lastAction":5,"status":0},{"playerId":2407150,"score":1200,"energy":5,"posx":3,"posy":3,"lastAction":5,"status":0},{"playerId":2251128,"score":1450,"energy":35,"posx":9,"posy":1,"lastAction":5,"status":0}],"golds":[{"posx":6,"posy":0,"amount":400},{"posx":10,"posy":0,"amount":250},{"posx":2,"posy":1,"amount":200},{"posx":4,"posy":1,"amount":300},{"posx":3,"posy":3,"amount":100},{"posx":2,"posy":4,"amount":200},{"posx":15,"posy":5,"amount":100},{"posx":4,"posy":6,"amount":350},{"posx":11,"posy":7,"amount":200},{"posx":4,"posy":8,"amount":200}],"changedObstacles":[{"type":0,"posx":11,"posy":8,"value":-1},{"type":0,"posx":9,"posy":1,"value":-1}]},{"players":[{"playerId":61319,"score":1700,"energy":11,"posx":11,"posy":7,"lastAction":2,"status":0},{"playerId":2583616,"score":1200,"energy":40,"posx":10,"posy":0,"lastAction":5,"status":0},{"playerId":2407150,"score":1200,"energy":17,"posx":3,"posy":3,"lastAction":4,"status":0},{"playerId":2251128,"score":1450,"energy":30,"posx":9,"posy":0,"lastAction":2,"status":0}],"golds":[{"posx":6,"posy":0,"amount":400},{"posx":10,"posy":0,"amount":200},{"posx":2,"posy":1,"amount":200},{"posx":4,"posy":1,"amount":300},{"posx":3,"posy":3,"amount":100},{"posx":2,"posy":4,"amount":200},{"posx":15,"posy":5,"amount":100},{"posx":4,"posy":6,"amount":350},{"posx":11,"posy":7,"amount":200},{"posx":4,"posy":8,"amount":200}],"changedObstacles":[{"type":3,"posx":9,"posy":0,"value":-20}]},{"players":[{"playerId":61319,"score":1750,"energy":6,"posx":11,"posy":7,"lastAction":5,"status":0},{"playerId":2583616,"score":1250,"energy":35,"posx":10,"posy":0,"lastAction":5,"status":0},{"playerId":2407150,"score":1200,"energy":33,"posx":3,"posy":3,"lastAction":4,"status":0},{"playerId":2251128,"score":1450,"energy":20,"posx":8,"posy":0,"lastAction":0,"status":0}],"golds":[{"posx":6,"posy":0,"amount":400},{"posx":10,"posy":0,"amount":150},{"posx":2,"posy":1,"amount":200},{"posx":4,"posy":1,"amount":300},{"posx":3,"posy":3,"amount":100},{"posx":2,"posy":4,"amount":200},{"posx":15,"posy":5,"amount":100},{"posx":4,"posy":6,"amount":350},{"posx":11,"posy":7,"amount":150},{"posx":4,"posy":8,"amount":200}],"changedObstacles":[{"type":0,"posx":8,"posy":0,"value":-1}]},{"players":[{"playerId":61319,"score":1800,"energy":1,"posx":11,"posy":7,"lastAction":5,"status":0},{"playerId":2583616,"score":1300,"energy":30,"posx":10,"posy":0,"lastAction":5,"status":0},{"playerId":2407150,"score":1200,"energy":50,"posx":3,"posy":3,"lastAction":4,"status":0},{"playerId":2251128,"score":1450,"energy":15,"posx":7,"posy":0,"lastAction":0,"status":0}],"golds":[{"posx":6,"posy":0,"amount":400},{"posx":10,"posy":0,"amount":100},{"posx":2,"posy":1,"amount":200},{"posx":4,"posy":1,"amount":300},{"posx":3,"posy":3,"amount":100},{"posx":2,"posy":4,"amount":200},{"posx":15,"posy":5,"amount":100},{"posx":4,"posy":6,"amount":350},{"posx":11,"posy":7,"amount":100},{"posx":4,"posy":8,"amount":200}],"changedObstacles":[{"type":3,"posx":7,"posy":0,"value":-20}]},{"players":[{"playerId":61319,"score":1800,"energy":13,"posx":11,"posy":7,"lastAction":4,"status":0},{"playerId":2583616,"score":1350,"energy":25,"posx":10,"posy":0,"lastAction":5,"status":0},{"playerId":2407150,"score":1250,"energy":45,"posx":3,"posy":3,"lastAction":5,"status":0},{"playerId":2251128,"score":1450,"energy":11,"posx":6,"posy":0,"lastAction":0,"status":0}],"golds":[{"posx":6,"posy":0,"amount":400},{"posx":10,"posy":0,"amount":50},{"posx":2,"posy":1,"amount":200},{"posx":4,"posy":1,"amount":300},{"posx":3,"posy":3,"amount":50},{"posx":2,"posy":4,"amount":200},{"posx":15,"posy":5,"amount":100},{"posx":4,"posy":6,"amount":350},{"posx":11,"posy":7,"amount":100},{"posx":4,"posy":8,"amount":200}],"changedObstacles":[]},{"players":[{"playerId":61319,"score":1850,"energy":8,"posx":11,"posy":7,"lastAction":5,"status":0},{"playerId":2583616,"score":1400,"energy":20,"posx":10,"posy":0,"lastAction":5,"status":0},{"playerId":2407150,"score":1300,"energy":40,"posx":3,"posy":3,"lastAction":5,"status":0},{"playerId":2251128,"score":1500,"energy":6,"posx":6,"posy":0,"lastAction":5,"status":0}],"golds":[{"posx":6,"posy":0,"amount":350},{"posx":2,"posy":1,"amount":200},{"posx":4,"posy":1,"amount":300},{"posx":2,"posy":4,"amount":200},{"posx":15,"posy":5,"amount":100},{"posx":4,"posy":6,"amount":350},{"posx":11,"posy":7,"amount":50},{"posx":4,"posy":8,"amount":200}],"changedObstacles":[{"type":0,"posx":3,"posy":3,"value":-1},{"type":0,"posx":10,"posy":0,"value":-1}]},{"players":[{"playerId":61319,"score":1900,"energy":3,"posx":11,"posy":7,"lastAction":5,"status":0},{"playerId":2583616,"score":1400,"energy":32,"posx":10,"posy":0,"lastAction":4,"status":0},{"playerId":2407150,"score":1300,"energy":39,"posx":3,"posy":4,"lastAction":3,"status":0},{"playerId":2251128,"score":1550,"energy":1,"posx":6,"posy":0,"lastAction":5,"status":0}],"golds":[{"posx":6,"posy":0,"amount":300},{"posx":2,"posy":1,"amount":200},{"posx":4,"posy":1,"amount":300},{"posx":2,"posy":4,"amount":200},{"posx":15,"posy":5,"amount":100},{"posx":4,"posy":6,"amount":350},{"posx":4,"posy":8,"amount":200}],"changedObstacles":[{"type":0,"posx":11,"posy":7,"value":-1}]},{"players":[{"playerId":61319,"score":1900,"energy":15,"posx":11,"posy":7,"lastAction":4,"status":0},{"playerId":2583616,"score":1400,"energy":48,"posx":10,"posy":0,"lastAction":4,"status":0},{"playerId":2407150,"score":1300,"energy":35,"posx":2,"posy":4,"lastAction":0,"status":0},{"playerId":2251128,"score":1550,"energy":13,"posx":6,"posy":0,"lastAction":4,"status":0}],"golds":[{"posx":6,"posy":0,"amount":300},{"posx":2,"posy":1,"amount":200},{"posx":4,"posy":1,"amount":300},{"posx":2,"posy":4,"amount":200},{"posx":15,"posy":5,"amount":100},{"posx":4,"posy":6,"amount":350},{"posx":4,"posy":8,"amount":200}],"changedObstacles":[]},{"players":[{"playerId":61319,"score":1900,"energy":31,"posx":11,"posy":7,"lastAction":4,"status":0},{"playerId":2583616,"score":1400,"energy":32,"posx":10,"posy":1,"lastAction":3,"status":0},{"playerId":2407150,"score":1350,"energy":30,"posx":2,"posy":4,"lastAction":5,"status":0},{"playerId":2251128,"score":1550,"energy":29,"posx":6,"posy":0,"lastAction":4,"status":0}],"golds":[{"posx":6,"posy":0,"amount":300},{"posx":2,"posy":1,"amount":200},{"posx":4,"posy":1,"amount":300},{"posx":2,"posy":4,"amount":150},{"posx":15,"posy":5,"amount":100},{"posx":4,"posy":6,"amount":350},{"posx":4,"posy":8,"amount":200}],"changedObstacles":[]},{"players":[{"playerId":61319,"score":1900,"energy":50,"posx":11,"posy":7,"lastAction":4,"status":0},{"playerId":2583616,"score":1400,"energy":31,"posx":9,"posy":1,"lastAction":0,"status":0},{"playerId":2407150,"score":1400,"energy":25,"posx":2,"posy":4,"lastAction":5,"status":0},{"playerId":2251128,"score":1550,"energy":50,"posx":6,"posy":0,"lastAction":4,"status":0}],"golds":[{"posx":6,"posy":0,"amount":300},{"posx":2,"posy":1,"amount":200},{"posx":4,"posy":1,"amount":300},{"posx":2,"posy":4,"amount":100},{"posx":15,"posy":5,"amount":100},{"posx":4,"posy":6,"amount":350},{"posx":4,"posy":8,"amount":200}],"changedObstacles":[]},{"players":[{"playerId":61319,"score":1900,"energy":40,"posx":11,"posy":6,"lastAction":2,"status":0},{"playerId":2583616,"score":1400,"energy":21,"posx":8,"posy":1,"lastAction":0,"status":0},{"playerId":2407150,"score":1450,"energy":20,"posx":2,"posy":4,"lastAction":5,"status":0},{"playerId":2251128,"score":1600,"energy":45,"posx":6,"posy":0,"lastAction":5,"status":0}],"golds":[{"posx":6,"posy":0,"amount":250},{"posx":2,"posy":1,"amount":200},{"posx":4,"posy":1,"amount":300},{"posx":2,"posy":4,"amount":50},{"posx":15,"posy":5,"amount":100},{"posx":4,"posy":6,"amount":350},{"posx":4,"posy":8,"amount":200}],"changedObstacles":[{"type":0,"posx":11,"posy":6,"value":-1},{"type":0,"posx":8,"posy":1,"value":-1}]},{"players":[{"playerId":61319,"score":1900,"energy":39,"posx":11,"posy":5,"lastAction":2,"status":0},{"playerId":2583616,"score":1400,"energy":20,"posx":7,"posy":1,"lastAction":0,"status":0},{"playerId":2407150,"score":1500,"energy":15,"posx":2,"posy":4,"lastAction":5,"status":0},{"playerId":2251128,"score":1650,"energy":40,"posx":6,"posy":0,"lastAction":5,"status":0}],"golds":[{"posx":6,"posy":0,"amount":200},{"posx":2,"posy":1,"amount":200},{"posx":4,"posy":1,"amount":300},{"posx":15,"posy":5,"amount":100},{"posx":4,"posy":6,"amount":350},{"posx":4,"posy":8,"amount":200}],"changedObstacles":[{"type":0,"posx":2,"posy":4,"value":-1}]},{"players":[{"playerId":61319,"score":1900,"energy":38,"posx":12,"posy":5,"lastAction":1,"status":0},{"playerId":2583616,"score":1400,"energy":32,"posx":7,"posy":1,"lastAction":4,"status":0},{"playerId":2407150,"score":1500,"energy":14,"posx":3,"posy":4,"lastAction":1,"status":0},{"playerId":2251128,"score":1700,"energy":35,"posx":6,"posy":0,"lastAction":5,"status":0}],"golds":[{"posx":6,"posy":0,"amount":150},{"posx":2,"posy":1,"amount":200},{"posx":4,"posy":1,"amount":300},{"posx":15,"posy":5,"amount":100},{"posx":4,"posy":6,"amount":350},{"posx":4,"posy":8,"amount":200}],"changedObstacles":[]},{"players":[{"playerId":61319,"score":1900,"energy":18,"posx":13,"posy":5,"lastAction":1,"status":0},{"playerId":2583616,"score":1400,"energy":48,"posx":7,"posy":1,"lastAction":4,"status":0},{"playerId":2407150,"score":1500,"energy":9,"posx":3,"posy":5,"lastAction":3,"status":0},{"playerId":2251128,"score":1750,"energy":30,"posx":6,"posy":0,"lastAction":5,"status":0}],"golds":[{"posx":6,"posy":0,"amount":100},{"posx":2,"posy":1,"amount":200},{"posx":4,"posy":1,"amount":300},{"posx":15,"posy":5,"amount":100},{"posx":4,"posy":6,"amount":350},{"posx":4,"posy":8,"amount":200}],"changedObstacles":[{"type":3,"posx":3,"posy":5,"value":-20},{"type":3,"posx":13,"posy":5,"value":-40}]},{"players":[{"playerId":61319,"score":1900,"energy":17,"posx":14,"posy":5,"lastAction":1,"status":0},{"playerId":2583616,"score":1400,"energy":38,"posx":6,"posy":1,"lastAction":0,"status":0},{"playerId":2407150,"score":1500,"energy":8,"posx":3,"posy":6,"lastAction":3,"status":0},{"playerId":2251128,"score":1800,"energy":25,"posx":6,"posy":0,"lastAction":5,"status":0}],"golds":[{"posx":6,"posy":0,"amount":50},{"posx":2,"posy":1,"amount":200},{"posx":4,"posy":1,"amount":300},{"posx":15,"posy":5,"amount":100},{"posx":4,"posy":6,"amount":350},{"posx":4,"posy":8,"amount":200}],"changedObstacles":[{"type":0,"posx":6,"posy":1,"value":-1}]},{"players":[{"playerId":61319,"score":1900,"energy":13,"posx":15,"posy":5,"lastAction":1,"status":0},{"playerId":2583616,"score":1400,"energy":28,"posx":5,"posy":1,"lastAction":0,"status":0},{"playerId":2407150,"score":1500,"energy":4,"posx":4,"posy":6,"lastAction":1,"status":0},{"playerId":2251128,"score":1850,"energy":20,"posx":6,"posy":0,"lastAction":5,"status":0}],"golds":[{"posx":2,"posy":1,"amount":200},{"posx":4,"posy":1,"amount":300},{"posx":15,"posy":5,"amount":100},{"posx":4,"posy":6,"amount":350},{"posx":4,"posy":8,"amount":200}],"changedObstacles":[{"type":0,"posx":5,"posy":1,"value":-1},{"type":0,"posx":6,"posy":0,"value":-1}]},{"players":[{"playerId":61319,"score":1950,"energy":8,"posx":15,"posy":5,"lastAction":5,"status":0},{"playerId":2583616,"score":1400,"energy":24,"posx":4,"posy":1,"lastAction":0,"status":0},{"playerId":2407150,"score":1500,"energy":16,"posx":4,"posy":6,"lastAction":4,"status":0},{"playerId":2251128,"score":1850,"energy":19,"posx":6,"posy":1,"lastAction":3,"status":0}],"golds":[{"posx":2,"posy":1,"amount":200},{"posx":4,"posy":1,"amount":300},{"posx":15,"posy":5,"amount":50},{"posx":4,"posy":6,"amount":350},{"posx":4,"posy":8,"amount":200}],"changedObstacles":[]},{"players":[{"playerId":61319,"score":2000,"energy":3,"posx":15,"posy":5,"lastAction":5,"status":0},{"playerId":2583616,"score":1450,"energy":19,"posx":4,"posy":1,"lastAction":5,"status":0},{"playerId":2407150,"score":1500,"energy":32,"posx":4,"posy":6,"lastAction":4,"status":0},{"playerId":2251128,"score":1850,"energy":18,"posx":5,"posy":1,"lastAction":0,"status":0}],"golds":[{"posx":2,"posy":1,"amount":200},{"posx":4,"posy":1,"amount":250},{"posx":4,"posy":6,"amount":350},{"posx":4,"posy":8,"amount":200}],"changedObstacles":[{"type":0,"posx":15,"posy":5,"value":-1}]},{"players":[{"playerId":61319,"score":2000,"energy":15,"posx":15,"posy":5,"lastAction":4,"status":0},{"playerId":2583616,"score":1500,"energy":14,"posx":4,"posy":1,"lastAction":5,"status":0},{"playerId":2407150,"score":1500,"energy":50,"posx":4,"posy":6,"lastAction":4,"status":0},{"playerId":2251128,"score":1850,"energy":14,"posx":4,"posy":1,"lastAction":0,"status":0}],"golds":[{"posx":2,"posy":1,"amount":200},{"posx":4,"posy":1,"amount":200},{"posx":4,"posy":6,"amount":350},{"posx":4,"posy":8,"amount":200}],"changedObstacles":[]},{"players":[{"playerId":61319,"score":2000,"energy":31,"posx":15,"posy":5,"lastAction":4,"status":0},{"playerId":2583616,"score":1550,"energy":9,"posx":4,"posy":1,"lastAction":5,"status":0},{"playerId":2407150,"score":1550,"energy":45,"posx":4,"posy":6,"lastAction":5,"status":0},{"playerId":2251128,"score":1900,"energy":9,"posx":4,"posy":1,"lastAction":5,"status":0}],"golds":[{"posx":2,"posy":1,"amount":200},{"posx":4,"posy":1,"amount":100},{"posx":4,"posy":6,"amount":300},{"posx":4,"posy":8,"amount":200}],"changedObstacles":[]},{"players":[{"playerId":61319,"score":2000,"energy":11,"posx":15,"posy":6,"lastAction":3,"status":0},{"playerId":2583616,"score":1600,"energy":4,"posx":4,"posy":1,"lastAction":5,"status":0},{"playerId":2407150,"score":1600,"energy":40,"posx":4,"posy":6,"lastAction":5,"status":0},{"playerId":2251128,"score":1950,"energy":4,"posx":4,"posy":1,"lastAction":5,"status":0}],"golds":[{"posx":2,"posy":1,"amount":200},{"posx":4,"posy":6,"amount":250},{"posx":4,"posy":8,"amount":200}],"changedObstacles":[{"type":3,"posx":15,"posy":6,"value":-40},{"type":0,"posx":4,"posy":1,"value":-1}]},{"players":[{"playerId":61319,"score":2000,"energy":6,"posx":15,"posy":7,"lastAction":3,"status":0},{"playerId":2583616,"score":1600,"energy":16,"posx":4,"posy":1,"lastAction":4,"status":0},{"playerId":2407150,"score":1650,"energy":35,"posx":4,"posy":6,"lastAction":5,"status":0},{"playerId":2251128,"score":1950,"energy":16,"posx":4,"posy":1,"lastAction":4,"status":0}],"golds":[{"posx":2,"posy":1,"amount":200},{"posx":4,"posy":6,"amount":200},{"posx":4,"posy":8,"amount":200}],"changedObstacles":[{"type":3,"posx":15,"posy":7,"value":-20}]},{"players":[{"playerId":61319,"score":2000,"energy":5,"posx":15,"posy":8,"lastAction":3,"status":0},{"playerId":2583616,"score":1600,"energy":32,"posx":4,"posy":1,"lastAction":4,"status":0},{"playerId":2407150,"score":1700,"energy":30,"posx":4,"posy":6,"lastAction":5,"status":0},{"playerId":2251128,"score":1950,"energy":32,"posx":4,"posy":1,"lastAction":4,"status":0}],"golds":[{"posx":2,"posy":1,"amount":200},{"posx":4,"posy":6,"amount":150},{"posx":4,"posy":8,"amount":200}],"changedObstacles":[]},{"players":[{"playerId":61319,"score":2000,"energy":4,"posx":14,"posy":8,"lastAction":0,"status":0},{"playerId":2583616,"score":1600,"energy":50,"posx":4,"posy":1,"lastAction":4,"status":0},{"playerId":2407150,"score":1750,"energy":25,"posx":4,"posy":6,"lastAction":5,"status":0},{"playerId":2251128,"score":1950,"energy":50,"posx":4,"posy":1,"lastAction":4,"status":0}],"golds":[{"posx":2,"posy":1,"amount":200},{"posx":4,"posy":6,"amount":100},{"posx":4,"posy":8,"amount":200}],"changedObstacles":[]},{"players":[{"playerId":61319,"score":2000,"energy":3,"posx":13,"posy":8,"lastAction":0,"status":0},{"playerId":2583616,"score":1600,"energy":45,"posx":3,"posy":1,"lastAction":0,"status":0},{"playerId":2407150,"score":1800,"energy":20,"posx":4,"posy":6,"lastAction":5,"status":0},{"playerId":2251128,"score":1950,"energy":45,"posx":3,"posy":1,"lastAction":0,"status":0}],"golds":[{"posx":2,"posy":1,"amount":200},{"posx":4,"posy":6,"amount":50},{"posx":4,"posy":8,"amount":200}],"changedObstacles":[{"type":3,"posx":3,"posy":1,"value":-20}]},{"players":[{"playerId":61319,"score":2000,"energy":2,"posx":12,"posy":8,"lastAction":0,"status":0},{"playerId":2583616,"score":1600,"energy":44,"posx":3,"posy":2,"lastAction":3,"status":0},{"playerId":2407150,"score":1850,"energy":15,"posx":4,"posy":6,"lastAction":5,"status":0},{"playerId":2251128,"score":1950,"energy":44,"posx":3,"posy":2,"lastAction":3,"status":0}],"golds":[{"posx":2,"posy":1,"amount":200},{"posx":4,"posy":8,"amount":200}],"changedObstacles":[{"type":0,"posx":4,"posy":6,"value":-1}]},{"players":[{"playerId":61319,"score":2000,"energy":1,"posx":11,"posy":8,"lastAction":0,"status":0},{"playerId":2583616,"score":1600,"energy":43,"posx":3,"posy":3,"lastAction":3,"status":0},{"playerId":2407150,"score":1850,"energy":5,"posx":4,"posy":7,"lastAction":3,"status":0},{"playerId":2251128,"score":1950,"energy":43,"posx":3,"posy":3,"lastAction":3,"status":0}],"golds":[{"posx":2,"posy":1,"amount":200},{"posx":4,"posy":8,"amount":200}],"changedObstacles":[{"type":0,"posx":4,"posy":7,"value":-1}]},{"players":[{"playerId":61319,"score":2000,"energy":13,"posx":11,"posy":8,"lastAction":4,"status":0},{"playerId":2583616,"score":1600,"energy":42,"posx":3,"posy":2,"lastAction":2,"status":0},{"playerId":2407150,"score":1850,"energy":1,"posx":4,"posy":8,"lastAction":3,"status":0},{"playerId":2251128,"score":1950,"energy":42,"posx":3,"posy":4,"lastAction":3,"status":0}],"golds":[{"posx":2,"posy":1,"amount":200},{"posx":4,"posy":8,"amount":200}],"changedObstacles":[]},{"players":[{"playerId":61319,"score":2000,"energy":3,"posx":10,"posy":8,"lastAction":0,"status":0},{"playerId":2583616,"score":1600,"energy":41,"posx":2,"posy":2,"lastAction":0,"status":0},{"playerId":2407150,"score":1850,"energy":13,"posx":4,"posy":8,"lastAction":4,"status":0},{"playerId":2251128,"score":1950,"energy":22,"posx":3,"posy":5,"lastAction":3,"status":0}],"golds":[{"posx":2,"posy":1,"amount":200},{"posx":4,"posy":8,"amount":200}],"changedObstacles":[{"type":0,"posx":10,"posy":8,"value":-1},{"type":3,"posx":3,"posy":5,"value":-40}]},{"players":[{"playerId":61319,"score":2000,"energy":15,"posx":10,"posy":8,"lastAction":4,"status":0},{"playerId":2583616,"score":1600,"energy":37,"posx":2,"posy":1,"lastAction":2,"status":0},{"playerId":2407150,"score":1850,"energy":29,"posx":4,"posy":8,"lastAction":4,"status":0},{"playerId":2251128,"score":1950,"energy":21,"posx":3,"posy":6,"lastAction":3,"status":0}],"golds":[{"posx":2,"posy":1,"amount":200},{"posx":4,"posy":8,"amount":200}],"changedObstacles":[]},{"players":[{"playerId":61319,"score":2000,"energy":5,"posx":9,"posy":8,"lastAction":0,"status":0},{"playerId":2583616,"score":1650,"energy":32,"posx":2,"posy":1,"lastAction":5,"status":0},{"playerId":2407150,"score":1850,"energy":50,"posx":4,"posy":8,"lastAction":4,"status":0},{"playerId":2251128,"score":1950,"energy":16,"posx":3,"posy":7,"lastAction":3,"status":0}],"golds":[{"posx":2,"posy":1,"amount":150},{"posx":4,"posy":8,"amount":200}],"changedObstacles":[{"type":0,"posx":9,"posy":8,"value":-1},{"type":3,"posx":3,"posy":7,"value":-20}]},{"players":[{"playerId":61319,"score":2000,"energy":4,"posx":8,"posy":8,"lastAction":0,"status":0},{"playerId":2583616,"score":1700,"energy":27,"posx":2,"posy":1,"lastAction":5,"status":0},{"playerId":2407150,"score":1900,"energy":45,"posx":4,"posy":8,"lastAction":5,"status":0},{"playerId":2251128,"score":1950,"energy":11,"posx":3,"posy":8,"lastAction":3,"status":0}],"golds":[{"posx":2,"posy":1,"amount":100},{"posx":4,"posy":8,"amount":150}],"changedObstacles":[{"type":3,"posx":3,"posy":8,"value":-20}]},{"players":[{"playerId":61319,"score":2000,"energy":3,"posx":7,"posy":8,"lastAction":0,"status":0},{"playerId":2583616,"score":1750,"energy":22,"posx":2,"posy":1,"lastAction":5,"status":0},{"playerId":2407150,"score":1950,"energy":40,"posx":4,"posy":8,"lastAction":5,"status":0},{"playerId":2251128,"score":1950,"energy":7,"posx":4,"posy":8,"lastAction":1,"status":0}],"golds":[{"posx":2,"posy":1,"amount":50},{"posx":4,"posy":8,"amount":100}],"changedObstacles":[]},{"players":[{"playerId":61319,"score":2000,"energy":15,"posx":7,"posy":8,"lastAction":4,"status":0},{"playerId":2583616,"score":1800,"energy":17,"posx":2,"posy":1,"lastAction":5,"status":0},{"playerId":2407150,"score":2000,"energy":35,"posx":4,"posy":8,"lastAction":5,"status":0},{"playerId":2251128,"score":2000,"energy":2,"posx":4,"posy":8,"lastAction":5,"status":0}],"golds":[],"changedObstacles":[{"type":0,"posx":4,"posy":8,"value":-1},{"type":0,"posx":2,"posy":1,"value":-1}]}]