[{"players":[{"playerId":206247,"score":0,"energy":40,"posx":19,"posy":5,"lastAction":2,"status":0},{"playerId":2483603,"score":0,"energy":31,"posx":18,"posy":6,"lastAction":0,"status":0},{"playerId":2422729,"score":0,"energy":40,"posx":19,"posy":5,"lastAction":2,"status":0},{"playerId":803122,"score":0,"energy":45,"posx":18,"posy":6,"lastAction":0,"status":0}],"golds":[{"posx":16,"posy":8,"amount":550},{"posx":2,"posy":4,"amount":200},{"posx":11,"posy":3,"amount":700},{"posx":4,"posy":6,"amount":350},{"posx":11,"posy":5,"amount":550},{"posx":6,"posy":0,"amount":400},{"posx":11,"posy":7,"amount":200},{"posx":4,"posy":8,"amount":200},{"posx":19,"posy":2,"amount":700},{"posx":15,"posy":5,"amount":350},{"posx":10,"posy":0,"amount":700},{"posx":9,"posy":1,"amount":750},{"posx":17,"posy":7,"amount":100},{"posx":7,"posy":3,"amount":300},{"posx":2,"posy":1,"amount":200},{"posx":3,"posy":3,"amount":200},{"posx":12,"posy":8,"amount":300},{"posx":11,"posy":8,"amount":400},{"posx":4,"posy":1,"amount":300},{"posx":16,"posy":7,"amount":350}],"changedObstacles":[{"type":0,"posx":19,"posy":5,"value":-1}]},{"players":[{"playerId":206247,"score":0,"energy":39,"posx":18,"posy":5,"lastAction":0,"status":0},{"playerId":2483603,"score":0,"energy":30,"posx":17,"posy":6,"lastAction":0,"status":0},{"playerId":2422729,"score":0,"energy":39,"posx":19,"posy":4,"lastAction":2,"status":0},{"playerId":803122,"score":0,"energy":44,"posx":17,"posy":6,"lastAction":0,"status":0}],"golds":[{"posx":16,"posy":8,"amount":550},{"posx":2,"posy":4,"amount":200},{"posx":11,"posy":3,"amount":700},{"posx":4,"posy":6,"amount":350},{"posx":11,"posy":5,"amount":550},{"posx":6,"posy":0,"amount":400},{"posx":11,"posy":7,"amount":200},{"posx":4,"posy":8,"amount":200},{"posx":19,"posy":2,"amount":700},{"posx":15,"posy":5,"amount":350},{"posx":10,"posy":0,"amount":700},{"posx":9,"posy":1,"amount":750},{"posx":17,"posy":7,"amount":100},{"posx":7,"posy":3,"amount":300},{"posx":2,"posy":1,"amount":200},{"posx":3,"posy":3,"amount":200},{"posx":12,"posy":8,"amount":300},{"posx":11,"posy":8,"amount":400},{"posx":4,"posy":1,"amount":300},{"posx":16,"posy":7,"amount":350}],"changedObstacles":[]},{"players":[{"playerId":206247,"score":0,"energy":38,"posx":18,"posy":4,"lastAction":2,"status":0},{"playerId":2483603,"score":0,"energy":26,"posx":17,"posy":7,"lastAction":3,"status":0},{"playerId":2422729,"score":0,"energy":38,"posx":19,"posy":3,"lastAction":2,"status":0},{"playerId":803122,"score":0,"energy":40,"posx":17,"posy":7,"lastAction":3,"status":0}],"golds":[{"posx":16,"posy":8,"amount":550},{"posx":2,"posy":4,"amount":200},{"posx":11,"posy":3,"amount":700},{"posx":4,"posy":6,"amount":350},{"posx":11,"posy":5,"amount":550},{"posx":6,"posy":0,"amount":400},{"posx":11,"posy":7,"amount":200},{"posx":4,"posy":8,"amount":200},{"posx":19,"posy":2,"amount":700},{"posx":15,"posy":5,"amount":350},{"posx":10,"posy":0,"amount":700},{"posx":9,"posy":1,"amount":750},{"posx":17,"posy":7,"amount":100},{"posx":7,"posy":3,"amount":300},{"posx":2,"posy":1,"amount":200},{"posx":3,"posy":3,"amount":200},{"posx":12,"posy":8,"amount":300},{"posx":11,"posy":8,"amount":400},{"posx":4,"posy":1,"amount":300},{"posx":16,"posy":7,"amount":350}],"changedObstacles":[]},{"players":[{"playerId":206247,"score":0,"energy":37,"posx":17,"posy":4,"lastAction":0,"status":0},{"playerId":2483603,"score":50,"energy":21,"posx":17,"posy":7,"lastAction":5,"status":0},{"playerId":2422729,"score":0,"energy":34,"posx":19,"posy":2,"lastAction":2,"status":0},{"playerId":803122,"score":50,"energy":35,"posx":17,"posy":7,"lastAction":5,"status":0}],"golds":[{"posx":6,"posy":0,"amount":400},{"posx":10,"posy":0,"amount":700},{"posx":2,"posy":1,"amount":200},{"posx":4,"posy":1,"amount":300},{"posx":9,"posy":1,"amount":750},{"posx":19,"posy":2,"amount":700},{"posx":3,"posy":3,"amount":200},{"posx":7,"posy":3,"amount":300},{"posx":11,"posy":3,"amount":700},{"posx":2,"posy":4,"amount":200},{"posx":11,"posy":5,"amount":550},{"posx":15,"posy":5,"amount":350},{"posx":4,"posy":6,"amount":350},{"posx":11,"posy":7,"amount":200},{"posx":16,"posy":7,"amount":350},{"posx":4,"posy":8,"amount":200},{"posx":11,"posy":8,"amount":400},{"posx":12,"posy":8,"amount":300},{"posx":16,"posy":8,"amount":550}],"changedObstacles":[{"type":0,"posx":17,"posy":7,"value":-1}]},{"players":[{"playerId":206247,"score":0,"energy":36,"posx":16,"posy":4,"lastAction":0,"status":0},{"playerId":2483603,"score":50,"energy":17,"posx":16,"posy":7,"lastAction":0,"status":0},{"playerId":2422729,"score":50,"energy":29,"posx":19,"posy":2,"lastAction":5,"status":0},{"playerId":803122,"score":50,"energy":31,"posx":16,"posy":7,"lastAction":0,"status":0}],"golds":[{"posx":6,"posy":0,"amount":400},{"posx":10,"posy":0,"amount":700},{"posx":2,"posy":1,"amount":200},{"posx":4,"posy":1,"amount":300},{"posx":9,"posy":1,"amount":750},{"posx":19,"posy":2,"amount":650},{"posx":3,"posy":3,"amount":200},{"posx":7,"posy":3,"amount":300},{"posx":11,"posy":3,"amount":700},{"posx":2,"posy":4,"amount":200},{"posx":11,"posy":5,"amount":550},{"posx":15,"posy":5,"amount":350},{"posx":4,"posy":6,"amount":350},{"posx":11,"posy":7,"amount":200},{"posx":16,"posy":7,"amount":350},{"posx":4,"posy":8,"amount":200},{"posx":11,"posy":8,"amount":400},{"posx":12,"posy":8,"amount":300},{"posx":16,"posy":8,"amount":550}],"changedObstacles":[]},{"players":[{"playerId":206247,"score":0,"energy":35,"posx":16,"posy":3,"lastAction":2,"status":0},{"playerId":2483603,"score":100,"energy":12,"posx":16,"posy":7,"lastAction":5,"status":0},{"playerId":2422729,"score":100,"energy":24,"posx":19,"posy":2,"lastAction":5,"status":0},{"playerId":803122,"score":100,"energy":26,"posx":16,"posy":7,"lastAction":5,"status":0}],"golds":[{"posx":6,"posy":0,"amount":400},{"posx":10,"posy":0,"amount":700},{"posx":2,"posy":1,"amount":200},{"posx":4,"posy":1,"amount":300},{"posx":9,"posy":1,"amount":750},{"posx":19,"posy":2,"amount":600},{"posx":3,"posy":3,"amount":200},{"posx":7,"posy":3,"amount":300},{"posx":11,"posy":3,"amount":700},{"posx":2,"posy":4,"amount":200},{"posx":11,"posy":5,"amount":550},{"posx":15,"posy":5,"amount":350},{"posx":4,"posy":6,"amount":350},{"posx":11,"posy":7,"amount":200},{"posx":16,"posy":7,"amount":250},{"posx":4,"posy":8,"amount":200},{"posx":11,"posy":8,"amount":400},{"posx":12,"posy":8,"amount":300},{"posx":16,"posy":8,"amount":550}],"changedObstacles":[]},{"players":[{"playerId":206247,"score":0,"energy":34,"posx":15,"posy":3,"lastAction":0,"status":0},{"playerId":2483603,"score":150,"energy":7,"posx":16,"posy":7,"lastAction":5,"status":0},{"playerId":2422729,"score":150,"energy":19,"posx":19,"posy":2,"lastAction":5,"status":0},{"playerId":803122,"score":150,"energy":21,"posx":16,"posy":7,"lastAction":5,"status":0}],"golds":[{"posx":6,"posy":0,"amount":400},{"posx":10,"posy":0,"amount":700},{"posx":2,"posy":1,"amount":200},{"posx":4,"posy":1,"amount":300},{"posx":9,"posy":1,"amount":750},{"posx":19,"posy":2,"amount":550},{"posx":3,"posy":3,"amount":200},{"posx":7,"posy":3,"amount":300},{"posx":11,"posy":3,"amount":700},{"posx":2,"posy":4,"amount":200},{"posx":11,"posy":5,"amount":550},{"posx":15,"posy":5,"amount":350},{"posx":4,"posy":6,"amount":350},{"posx":11,"posy":7,"amount":200},{"posx":16,"posy":7,"amount":150},{"posx":4,"posy":8,"amount":200},{"posx":11,"posy":8,"amount":400},{"posx":12,"posy":8,"amount":300},{"posx":16,"posy":8,"amount":550}],"changedObstacles":[]},{"players":[{"playerId":206247,"score":0,"energy":33,"posx":14,"posy":3,"lastAction":0,"status":0},{"playerId":2483603,"score":200,"energy":2,"posx":16,"posy":7,"lastAction":5,"status":0},{"playerId":2422729,"score":200,"energy":14,"posx":19,"posy":2,"lastAction":5,"status":0},{"playerId":803122,"score":200,"energy":16,"posx":16,"posy":7,"lastAction":5,"status":0}],"golds":[{"posx":6,"posy":0,"amount":400},{"posx":10,"posy":0,"amount":700},{"posx":2,"posy":1,"amount":200},{"posx":4,"posy":1,"amount":300},{"posx":9,"posy":1,"amount":750},{"posx":19,"posy":2,"amount":500},{"posx":3,"posy":3,"amount":200},{"posx":7,"posy":3,"amount":300},{"posx":11,"posy":3,"amount":700},{"posx":2,"posy":4,"amount":200},{"posx":11,"posy":5,"amount":550},{"posx":15,"posy":5,"amount":350},{"posx":4,"posy":6,"amount":350},{"posx":11,"posy":7,"amount":200},{"posx":16,"posy":7,"amount":50},{"posx":4,"posy":8,"amount":200},{"posx":11,"posy":8,"amount":400},{"posx":12,"posy":8,"amount":300},{"posx":16,"posy":8,"amount":550}],"changedObstacles":[]},{"players":[{"playerId":206247,"score":0,"energy":28,"posx":14,"posy":2,"lastAction":2,"status":0},{"playerId":2483603,"score":200,"energy":14,"posx":16,"posy":7,"lastAction":4,"status":0},{"playerId":2422729,"score":250,"energy":9,"posx":19,"posy":2,"lastAction":5,"status":0},{"playerId":803122,"score":250,"energy":11,"posx":16,"posy":7,"lastAction":5,"status":0}],"golds":[{"posx":6,"posy":0,"amount":400},{"posx":10,"posy":0,"amount":700},{"posx":2,"posy":1,"amount":200},{"posx":4,"posy":1,"amount":300},{"posx":9,"posy":1,"amount":750},{"posx":19,"posy":2,"amount":450},{"posx":3,"posy":3,"amount":200},{"posx":7,"posy":3,"amount":300},{"posx":11,"posy":3,"amount":700},{"posx":2,"posy":4,"amount":200},{"posx":11,"posy":5,"amount":550},{"posx":15,"posy":5,"amount":350},{"posx":4,"posy":6,"amount":350},{"posx":11,"posy":7,"amount":200},{"posx":4,"posy":8,"amount":200},{"posx":11,"posy":8,"amount":400},{"posx":12,"posy":8,"amount":300},{"posx":16,"posy":8,"amount":550}],"changedObstacles":[{"type":3,"posx":14,"posy":2,"value":-20},{"type":0,"posx":16,"posy":7,"value":-1}]},{"players":[{"playerId":206247,"score":0,"energy":27,"posx":13,"posy":2,"lastAction":0,"status":0},{"playerId":2483603,"score":200,"energy":30,"posx":16,"posy":7,"lastAction":4,"status":0},{"playerId":2422729,"score":300,"energy":4,"posx":19,"posy":2,"lastAction":5,"status":0},{"playerId":803122,"score":250,"energy":1,"posx":16,"posy":6,"lastAction":2,"status":0}],"golds":[{"posx":6,"posy":0,"amount":400},{"posx":10,"posy":0,"amount":700},{"posx":2,"posy":1,"amount":200},{"posx":4,"posy":1,"amount":300},{"posx":9,"posy":1,"amount":750},{"posx":19,"posy":2,"amount":400},{"posx":3,"posy":3,"amount":200},{"posx":7,"posy":3,"amount":300},{"posx":11,"posy":3,"amount":700},{"posx":2,"posy":4,"amount":200},{"posx":11,"posy":5,"amount":550},{"posx":15,"posy":5,"amount":350},{"posx":4,"posy":6,"amount":350},{"posx":11,"posy":7,"amount":200},{"posx":4,"posy":8,"amount":200},{"posx":11,"posy":8,"amount":400},{"posx":12,"posy":8,"amount":300},{"posx":16,"posy":8,"amount":550}],"changedObstacles":[{"type":0,"posx":16,"posy":6,"value":-1}]},{"players":[{"playerId":206247,"score":0,"energy":17,"posx":13,"posy":1,"lastAction":2,"status":0},{"playerId":2483603,"score":200,"energy":26,"posx":16,"posy":8,"lastAction":3,"status":0},{"playerId":2422729,"score":300,"energy":16,"posx":19,"posy":2,"lastAction":4,"status":0},{"playerId":803122,"score":250,"energy":13,"posx":16,"posy":6,"lastAction":4,"status":0}],"golds":[{"posx":6,"posy":0,"amount":400},{"posx":10,"posy":0,"amount":700},{"posx":2,"posy":1,"amount":200},{"posx":4,"posy":1,"amount":300},{"posx":9,"posy":1,"amount":750},{"posx":19,"posy":2,"amount":400},{"posx":3,"posy":3,"amount":200},{"posx":7,"posy":3,"amount":300},{"posx":11,"posy":3,"amount":700},{"posx":2,"posy":4,"amount":200},{"posx":11,"posy":5,"amount":550},{"posx":15,"posy":5,"amount":350},{"posx":4,"posy":6,"amount":350},{"posx":11,"posy":7,"amount":200},{"posx":4,"posy":8,"amount":200},{"posx":11,"posy":8,"amount":400},{"posx":12,"posy":8,"amount":300},{"posx":16,"posy":8,"amount":550}],"changedObstacles":[{"type":0,"posx":13,"posy":1,"value":-1}]},{"players":[{"playerId":206247,"score":0,"energy":29,"posx":13,"posy":1,"lastAction":4,"status":0},{"playerId":2483603,"score":250,"energy":21,"posx":16,"posy":8,"lastAction":5,"status":0},{"playerId":2422729,"score":350,"energy":11,"posx":19,"posy":2,"lastAction":5,"status":0},{"playerId":803122,"score":250,"energy":8,"posx":15,"posy":6,"lastAction":0,"status":0}],"golds":[{"posx":6,"posy":0,"amount":400},{"posx":10,"posy":0,"amount":700},{"posx":2,"posy":1,"amount":200},{"posx":4,"posy":1,"amount":300},{"posx":9,"posy":1,"amount":750},{"posx":19,"posy":2,"amount":350},{"posx":3,"posy":3,"amount":200},{"posx":7,"posy":3,"amount":300},{"posx":11,"posy":3,"amount":700},{"posx":2,"posy":4,"amount":200},{"posx":11,"posy":5,"amount":550},{"posx":15,"posy":5,"amount":350},{"posx":4,"posy":6,"amount":350},{"posx":11,"posy":7,"amount":200},{"posx":4,"posy":8,"amount":200},{"posx":11,"posy":8,"amount":400},{"posx":12,"posy":8,"amount":300},{"posx":16,"posy":8,"amount":500}],"changedObstacles":[{"type":3,"posx":15,"posy":6,"value":-20}]},{"players":[{"playerId":206247,"score":0,"energy":45,"posx":13,"posy":1,"lastAction":4,"status":0},{"playerId":2483603,"score":300,"energy":16,"posx":16,"posy":8,"lastAction":5,"status":0},{"playerId":2422729,"score":400,"energy":6,"posx":19,"posy":2,"lastAction":5,"status":0},{"playerId":803122,"score":250,"energy":4,"posx":15,"posy":5,"lastAction":2,"status":0}],"golds":[{"posx":6,"posy":0,"amount":400},{"posx":10,"posy":0,"amount":700},{"posx":2,"posy":1,"amount":200},{"posx":4,"posy":1,"amount":300},{"posx":9,"posy":1,"amount":750},{"posx":19,"posy":2,"amount":300},{"posx":3,"posy":3,"amount":200},{"posx":7,"posy":3,"amount":300},{"posx":11,"posy":3,"amount":700},{"posx":2,"posy":4,"amount":200},{"posx":11,"posy":5,"amount":550},{"posx":15,"posy":5,"amount":350},{"posx":4,"posy":6,"amount":350},{"posx":11,"posy":7,"amount":200},{"posx":4,"posy":8,"amount":200},{"posx":11,"posy":8,"amount":400},{"posx":12,"posy":8,"amount":300},{"posx":16,"posy":8,"amount":450}],"changedObstacles":[]},{"players":[{"playerId":206247,"score":0,"energy":50,"posx":13,"posy":1,"lastAction":4,"status":0},{"playerId":2483603,"score":350,"energy":11,"posx":16,"posy":8,"lastAction":5,"status":0},{"playerId":2422729,"score":450,"energy":1,"posx":19,"posy":2,"lastAction":5,"status":0},{"playerId":803122,"score":250,"energy":16,"posx":15,"posy":5,"lastAction":4,"status":0}],"golds":[{"posx":6,"posy":0,"amount":400},{"posx":10,"posy":0,"amount":700},{"posx":2,"posy":1,"amount":200},{"posx":4,"posy":1,"amount":300},{"posx":9,"posy":1,"amount":750},{"posx":19,"posy":2,"amount":250},{"posx":3,"posy":3,"amount":200},{"posx":7,"posy":3,"amount":300},{"posx":11,"posy":3,"amount":700},{"posx":2,"posy":4,"amount":200},{"posx":11,"posy":5,"amount":550},{"posx":15,"posy":5,"amount":350},{"posx":4,"posy":6,"amount":350},{"posx":11,"posy":7,"amount":200},{"posx":4,"posy":8,"amount":200},{"posx":11,"posy":8,"amount":400},{"posx":12,"posy":8,"amount":300},{"posx":16,"posy":8,"amount":400}],"changedObstacles":[]},{"players":[{"playerId":206247,"score":0,"energy":30,"posx":12,"posy":1,"lastAction":0,"status":0},{"playerId":2483603,"score":400,"energy":6,"posx":16,"posy":8,"lastAction":5,"status":0},{"playerId":2422729,"score":450,"energy":13,"posx":19,"posy":2,"lastAction":4,"status":0},{"playerId":803122,"score":300,"energy":11,"posx":15,"posy":5,"lastAction":5,"status":0}],"golds":[{"posx":6,"posy":0,"amount":400},{"posx":10,"posy":0,"amount":700},{"posx":2,"posy":1,"amount":200},{"posx":4,"posy":1,"amount":300},{"posx":9,"posy":1,"amount":750},{"posx":19,"posy":2,"amount":250},{"posx":3,"posy":3,"amount":200},{"posx":7,"posy":3,"amount":300},{"posx":11,"posy":3,"amount":700},{"posx":2,"posy":4,"amount":200},{"posx":11,"posy":5,"amount":550},{"posx":15,"posy":5,"amount":300},{"posx":4,"posy":6,"amount":350},{"posx":11,"posy":7,"amount":200},{"posx":4,"posy":8,"amount":200},{"posx":11,"posy":8,"amount":400},{"posx":12,"posy":8,"amount":300},{"posx":16,"posy":8,"amount":350}],"changedObstacles":[]},{"players":[{"playerId":206247,"score":0,"energy":25,"posx":11,"posy":1,"lastAction":0,"status":0},{"playerId":2483603,"score":450,"energy":1,"posx":16,"posy":8,"lastAction":5,"status":0},{"playerId":2422729,"score":500,"energy":8,"posx":19,"posy":2,"lastAction":5,"status":0},{"playerId":803122,"score":350,"energy":6,"posx":15,"posy":5,"lastAction":5,"status":0}],"golds":[{"posx":6,"posy":0,"amount":400},{"posx":10,"posy":0,"amount":700},{"posx":2,"posy":1,"amount":200},{"posx":4,"posy":1,"amount":300},{"posx":9,"posy":1,"amount":750},{"posx":19,"posy":2,"amount":200},{"posx":3,"posy":3,"amount":200},{"posx":7,"posy":3,"amount":300},{"posx":11,"posy":3,"amount":700},{"posx":2,"posy":4,"amount":200},{"posx":11,"posy":5,"amount":550},{"posx":15,"posy":5,"amount":250},{"posx":4,"posy":6,"amount":350},{"posx":11,"posy":7,"amount":200},{"posx":4,"posy":8,"amount":200},{"posx":11,"posy":8,"amount":400},{"posx":12,"posy":8,"amount":300},{"posx":16,"posy":8,"amount":300}],"changedObstacles":[{"type":3,"posx":11,"posy":1,"value":-20}]},{"players":[{"playerId":206247,"score":0,"energy":15,"posx":10,"posy":1,"lastAction":0,"status":0},{"playerId":2483603,"score":450,"energy":13,"posx":16,"posy":8,"lastAction":4,"status":0},{"playerId":2422729,"score":550,"energy":3,"posx":19,"posy":2,"lastAction":5,"status":0},{"playerId":803122,"score":400,"energy":1,"posx":15,"posy":5,"lastAction":5,"status":0}],"golds":[{"posx":6,"posy":0,"amount":400},{"posx":10,"posy":0,"amount":700},{"posx":2,"posy":1,"amount":200},{"posx":4,"posy":1,"amount":300},{"posx":9,"posy":1,"amount":750},{"posx":19,"posy":2,"amount":150},{"posx":3,"posy":3,"amount":200},{"posx":7,"posy":3,"amount":300},{"posx":11,"posy":3,"amount":700},{"posx":2,"posy":4,"amount":200},{"posx":11,"posy":5,"amount":550},{"posx":15,"posy":5,"amount":200},{"posx":4,"posy":6,"amount":350},{"posx":11,"posy":7,"amount":200},{"posx":4,"posy":8,"amount":200},{"posx":11,"posy":8,"amount":400},{"posx":12,"posy":8,"amount":300},{"posx":16,"posy":8,"amount":300}],"changedObstacles":[]},{"players":[{"playerId":206247,"score":0,"energy":11,"posx":9,"posy":1,"lastAction":0,"status":0},{"playerId":2483603,"score":450,"energy":29,"posx":16,"posy":8,"lastAction":4,"status":0},{"playerId":2422729,"score":550,"energy":15,"posx":19,"posy":2,"lastAction":4,"status":0},{"playerId":803122,"score":400,"energy":13,"posx":15,"posy":5,"lastAction":4,"status":0}],"golds":[{"posx":6,"posy":0,"amount":400},{"posx":10,"posy":0,"amount":700},{"posx":2,"posy":1,"amount":200},{"posx":4,"posy":1,"amount":300},{"posx":9,"posy":1,"amount":750},{"posx":19,"posy":2,"amount":150},{"posx":3,"posy":3,"amount":200},{"posx":7,"posy":3,"amount":300},{"posx":11,"posy":3,"amount":700},{"posx":2,"posy":4,"amount":200},{"posx":11,"posy":5,"amount":550},{"posx":15,"posy":5,"amount":200},{"posx":4,"posy":6,"amount":350},{"posx":11,"posy":7,"amount":200},{"posx":4,"posy":8,"amount":200},{"posx":11,"posy":8,"amount":400},{"posx":12,"posy":8,"amount":300},{"posx":16,"posy":8,"amount":300}],"changedObstacles":[]},{"players":[{"playerId":206247,"score":50,"energy":6,"posx":9,"posy":1,"lastAction":5,"status":0},{"playerId":2483603,"score":500,"energy":24,"posx":16,"posy":8,"lastAction":5,"status":0},{"playerId":2422729,"score":600,"energy":10,"posx":19,"posy":2,"lastAction":5,"status":0},{"playerId":803122,"score":450,"energy":8,"posx":15,"posy":5,"lastAction":5,"status":0}],"golds":[{"posx":6,"posy":0,"amount":400},{"posx":10,"posy":0,"amount":700},{"posx":2,"posy":1,"amount":200},{"posx":4,"posy":1,"amount":300},{"posx":9,"posy":1,"amount":700},{"posx":19,"posy":2,"amount":100},{"posx":3,"posy":3,"amount":200},{"posx":7,"posy":3,"amount":300},{"posx":11,"posy":3,"amount":700},{"posx":2,"posy":4,"amount":200},{"posx":11,"posy":5,"amount":550},{"posx":15,"posy":5,"amount":150},{"posx":4,"posy":6,"amount":350},{"posx":11,"posy":7,"amount":200},{"posx":4,"posy":8,"amount":200},{"posx":11,"posy":8,"amount":400},{"posx":12,"posy":8,"amount":300},{"posx":16,"posy":8,"amount":250}],"changedObstacles":[]},{"players":[{"playerId":206247,"score":100,"energy":1,"posx":9,"posy":1,"lastAction":5,"status":0},{"playerId":2483603,"score":550,"energy":19,"posx":16,"posy":8,"lastAction":5,"status":0},{"playerId":2422729,"score":650,"energy":5,"posx":19,"posy":2,"lastAction":5,"status":0},{"playerId":803122,"score":500,"energy":3,"posx":15,"posy":5,"lastAction":5,"status":0}],"golds":[{"posx":6,"posy":0,"amount":400},{"posx":10,"posy":0,"amount":700},{"posx":2,"posy":1,"amount":200},{"posx":4,"posy":1,"amount":300},{"posx":9,"posy":1,"amount":650},{"posx":19,"posy":2,"amount":50},{"posx":3,"posy":3,"amount":200},{"posx":7,"posy":3,"amount":300},{"posx":11,"posy":3,"amount":700},{"posx":2,"posy":4,"amount":200},{"posx":11,"posy":5,"amount":550},{"posx":15,"posy":5,"amount":100},{"posx":4,"posy":6,"amount":350},{"posx":11,"posy":7,"amount":200},{"posx":4,"posy":8,"amount":200},{"posx":11,"posy":8,"amount":400},{"posx":12,"posy":8,"amount":300},{"posx":16,"posy":8,"amount":200}],"changedObstacles":[]},{"players":[{"playerId":206247,"score":100,"energy":13,"posx":9,"posy":1,"lastAction":4,"status":0},{"playerId":2483603,"score":600,"energy":14,"posx":16,"posy":8,"lastAction":5,"status":0},{"playerId":2422729,"score":650,"energy":17,"posx":19,"posy":2,"lastAction":4,"status":0},{"playerId":803122,"score":500,"energy":15,"posx":15,"posy":5,"lastAction":4,"status":0}],"golds":[{"posx":6,"posy":0,"amount":400},{"posx":10,"posy":0,"amount":700},{"posx":2,"posy":1,"amount":200},{"posx":4,"posy":1,"amount":300},{"posx":9,"posy":1,"amount":650},{"posx":19,"posy":2,"amount":50},{"posx":3,"posy":3,"amount":200},{"posx":7,"posy":3,"amount":300},{"posx":11,"posy":3,"amount":700},{"posx":2,"posy":4,"amount":200},{"posx":11,"posy":5,"amount":550},{"posx":15,"posy":5,"amount":100},{"posx":4,"posy":6,"amount":350},{"posx":11,"posy":7,"amount":200},{"posx":4,"posy":8,"amount":200},{"posx":11,"posy":8,"amount":400},{"posx":12,"posy":8,"amount":300},{"posx":16,"posy":8,"amount":150}],"changedObstacles":[]},{"players":[{"playerId":206247,"score":100,"energy":29,"posx":9,"posy":1,"lastAction":4,"status":0},{"playerId":2483603,"score":650,"energy":9,"posx":16,"posy":8,"lastAction":5,"status":0},{"playerId":2422729,"score":700,"energy":12,"posx":19,"posy":2,"lastAction":5,"status":0},{"playerId":803122,"score":550,"energy":10,"posx":15,"posy":5,"lastAction":5,"status":0}],"golds":[{"posx":6,"posy":0,"amount":400},{"posx":10,"posy":0,"amount":700},{"posx":2,"posy":1,"amount":200},{"posx":4,"posy":1,"amount":300},{"posx":9,"posy":1,"amount":650},{"posx":3,"posy":3,"amount":200},{"posx":7,"posy":3,"amount":300},{"posx":11,"posy":3,"amount":700},{"posx":2,"posy":4,"amount":200},{"posx":11,"posy":5,"amount":550},{"posx":15,"posy":5,"amount":50},{"posx":4,"posy":6,"amount":350},{"posx":11,"posy":7,"amount":200},{"posx":4,"posy":8,"amount":200},{"posx":11,"posy":8,"amount":400},{"posx":12,"posy":8,"amount":300},{"posx":16,"posy":8,"amount":100}],"changedObstacles":[{"type":0,"posx":19,"posy":2,"value":-1}]},{"players":[{"playerId":206247,"score":100,"energy":50,"posx":9,"posy":1,"lastAction":4,"status":0},{"playerId":2483603,"score":700,"energy":4,"posx":16,"posy":8,"lastAction":5,"status":0},{"playerId":2422729,"score":700,"energy":11,"posx":19,"posy":3,"lastAction":3,"status":0},{"playerId":803122,"score":600,"energy":5,"posx":15,"posy":5,"lastAction":5,"status":0}],"golds":[{"posx":6,"posy":0,"amount":400},{"posx":10,"posy":0,"amount":700},{"posx":2,"posy":1,"amount":200},{"posx":4,"posy":1,"amount":300},{"posx":9,"posy":1,"amount":650},{"posx":3,"posy":3,"amount":200},{"posx":7,"posy":3,"amount":300},{"posx":11,"posy":3,"amount":700},{"posx":2,"posy":4,"amount":200},{"posx":11,"posy":5,"amount":550},{"posx":4,"posy":6,"amount":350},{"posx":11,"posy":7,"amount":200},{"posx":4,"posy":8,"amount":200},{"posx":11,"posy":8,"amount":400},{"posx":12,"posy":8,"amount":300},{"posx":16,"posy":8,"amount":50}],"changedObstacles":[{"type":0,"posx":15,"posy":5,"value":-1}]},{"players":[{"playerId":206247,"score":150,"energy":45,"posx":9,"posy":1,"lastAction":5,"status":0},{"playerId":2483603,"score":700,"energy":16,"posx":16,"posy":8,"lastAction":4,"status":0},{"playerId":2422729,"score":700,"energy":10,"posx":19,"posy":4,"lastAction":3,"status":0},{"playerId":803122,"score":600,"energy":17,"posx":15,"posy":5,"lastAction":4,"status":0}],"golds":[{"posx":6,"posy":0,"amount":400},{"posx":10,"posy":0,"amount":700},{"posx":2,"posy":1,"amount":200},{"posx":4,"posy":1,"amount":300},{"posx":9,"posy":1,"amount":600},{"posx":3,"posy":3,"amount":200},{"posx":7,"posy":3,"amount":300},{"posx":11,"posy":3,"amount":700},{"posx":2,"posy":4,"amount":200},{"posx":11,"posy":5,"amount":550},{"posx":4,"posy":6,"amount":350},{"posx":11,"posy":7,"amount":200},{"posx":4,"posy":8,"amount":200},{"posx":11,"posy":8,"amount":400},{"posx":12,"posy":8,"amount":300},{"posx":16,"posy":8,"amount":50}],"changedObstacles":[]},{"players":[{"playerId":206247,"score":200,"energy":40,"posx":9,"posy":1,"lastAction":5,"status":0},{"playerId":2483603,"score":700,"energy":32,"posx":16,"posy":8,"lastAction":4,"status":0},{"playerId":2422729,"score":700,"energy":9,"posx":19,"posy":5,"lastAction":3,"status":0},{"playerId":803122,"score":600,"energy":7,"posx":14,"posy":5,"lastAction":0,"status":0}],"golds":[{"posx":6,"posy":0,"amount":400},{"posx":10,"posy":0,"amount":700},{"posx":2,"posy":1,"amount":200},{"posx":4,"posy":1,"amount":300},{"posx":9,"posy":1,"amount":550},{"posx":3,"posy":3,"amount":200},{"posx":7,"posy":3,"amount":300},{"posx":11,"posy":3,"amount":700},{"posx":2,"posy":4,"amount":200},{"posx":11,"posy":5,"amount":550},{"posx":4,"posy":6,"amount":350},{"posx":11,"posy":7,"amount":200},{"posx":4,"posy":8,"amount":200},{"posx":11,"posy":8,"amount":400},{"posx":12,"posy":8,"amount":300},{"posx":16,"posy":8,"amount":50}],"changedObstacles":[{"type":0,"posx":14,"posy":5,"value":-1}]},{"players":[{"playerId":206247,"score":250,"energy":35,"posx":9,"posy":1,"lastAction":5,"status":0},{"playerId":2483603,"score":750,"energy":27,"posx":16,"posy":8,"lastAction":5,"status":0},{"playerId":2422729,"score":700,"energy":8,"posx":19,"posy":4,"lastAction":2,"status":0},{"playerId":803122,"score":600,"energy":2,"posx":13,"posy":5,"lastAction":0,"status":0}],"golds":[{"posx":6,"posy":0,"amount":400},{"posx":10,"posy":0,"amount":700},{"posx":2,"posy":1,"amount":200},{"posx":4,"posy":1,"amount":300},{"posx":9,"posy":1,"amount":500},{"posx":3,"posy":3,"amount":200},{"posx":7,"posy":3,"amount":300},{"posx":11,"posy":3,"amount":700},{"posx":2,"posy":4,"amount":200},{"posx":11,"posy":5,"amount":550},{"posx":4,"posy":6,"amount":350},{"posx":11,"posy":7,"amount":200},{"posx":4,"posy":8,"amount":200},{"posx":11,"posy":8,"amount":400},{"posx":12,"posy":8,"amount":300}],"changedObstacles":[{"type":3,"posx":13,"posy":5,"value":-20},{"type":0,"posx":16,"posy":8,"value":-1}]},{"players":[{"playerId":206247,"score":300,"energy":30,"posx":9,"posy":1,"lastAction":5,"status":0},{"playerId":2483603,"score":750,"energy":26,"posx":15,"posy":8,"lastAction":0,"status":0},{"playerId":2422729,"score":700,"energy":7,"posx":18,"posy":4,"lastAction":0,"status":0},{"playerId":803122,"score":600,"energy":1,"posx":12,"posy":5,"lastAction":0,"status":0}],"golds":[{"posx":6,"posy":0,"amount":400},{"posx":10,"posy":0,"amount":700},{"posx":2,"posy":1,"amount":200},{"posx":4,"posy":1,"amount":300},{"posx":9,"posy":1,"amount":450},{"posx":3,"posy":3,"amount":200},{"posx":7,"posy":3,"amount":300},{"posx":11,"posy":3,"amount":700},{"posx":2,"posy":4,"amount":200},{"posx":11,"posy":5,"amount":550},{"posx":4,"posy":6,"amount":350},{"posx":11,"posy":7,"amount":200},{"posx":4,"posy":8,"amount":200},{"posx":11,"posy":8,"amount":400},{"posx":12,"posy":8,"amount":300}],"changedObstacles":[]},{"players":[{"playerId":206247,"score":350,"energy":25,"posx":9,"posy":1,"lastAction":5,"status":0},{"playerId":2483603,"score":750,"energy":25,"posx":14,"posy":8,"lastAction":0,"status":0},{"playerId":2422729,"score":700,"energy":6,"posx":17,"posy":4,"lastAction":0,"status":0},{"playerId":803122,"score":600,"energy":13,"posx":12,"posy":5,"lastAction":4,"status":0}],"golds":[{"posx":6,"posy":0,"amount":400},{"posx":10,"posy":0,"amount":700},{"posx":2,"posy":1,"amount":200},{"posx":4,"posy":1,"amount":300},{"posx":9,"posy":1,"amount":400},{"posx":3,"posy":3,"amount":200},{"posx":7,"posy":3,"amount":300},{"posx":11,"posy":3,"amount":700},{"posx":2,"posy":4,"amount":200},{"posx":11,"posy":5,"amount":550},{"posx":4,"posy":6,"amount":350},{"posx":11,"posy":7,"amount":200},{"posx":4,"posy":8,"amount":200},{"posx":11,"posy":8,"amount":400},{"posx":12,"posy":8,"amount":300}],"changedObstacles":[]},{"players":[{"playerId":206247,"score":400,"energy":20,"posx":9,"posy":1,"lastAction":5,"status":0},{"playerId":2483603,"score":750,"energy":24,"posx":13,"posy":8,"lastAction":0,"status":0},{"playerId":2422729,"score":700,"energy":5,"posx":16,"posy":4,"lastAction":0,"status":0},{"playerId":803122,"score":600,"energy":9,"posx":11,"posy":5,"lastAction":0,"status":0}],"golds":[{"posx":6,"posy":0,"amount":400},{"posx":10,"posy":0,"amount":700},{"posx":2,"posy":1,"amount":200},{"posx":4,"posy":1,"amount":300},{"posx":9,"posy":1,"amount":350},{"posx":3,"posy":3,"amount":200},{"posx":7,"posy":3,"amount":300},{"posx":11,"posy":3,"amount":700},{"posx":2,"posy":4,"amount":200},{"posx":11,"posy":5,"amount":550},{"posx":4,"posy":6,"amount":350},{"posx":11,"posy":7,"amount":200},{"posx":4,"posy":8,"amount":200},{"posx":11,"posy":8,"amount":400},{"posx":12,"posy":8,"amount":300}],"changedObstacles":[]},{"players":[{"playerId":206247,"score":450,"energy":15,"posx":9,"posy":1,"lastAction":5,"status":0},{"playerId":2483603,"score":750,"energy":20,"posx":12,"posy":8,"lastAction":0,"status":0},{"playerId":2422729,"score":700,"energy":17,"posx":16,"posy":4,"lastAction":4,"status":0},{"playerId":803122,"score":650,"energy":4,"posx":11,"posy":5,"lastAction":5,"status":0}],"golds":[{"posx":6,"posy":0,"amount":400},{"posx":10,"posy":0,"amount":700},{"posx":2,"posy":1,"amount":200},{"posx":4,"posy":1,"amount":300},{"posx":9,"posy":1,"amount":300},{"posx":3,"posy":3,"amount":200},{"posx":7,"posy":3,"amount":300},{"posx":11,"posy":3,"amount":700},{"posx":2,"posy":4,"amount":200},{"posx":11,"posy":5,"amount":500},{"posx":4,"posy":6,"amount":350},{"posx":11,"posy":7,"amount":200},{"posx":4,"posy":8,"amount":200},{"posx":11,"posy":8,"amount":400},{"posx":12,"posy":8,"amount":300}],"changedObstacles":[]},{"players":[{"playerId":206247,"score":500,"energy":10,"posx":9,"posy":1,"lastAction":5,"status":0},{"playerId":2483603,"score":800,"energy":15,"posx":12,"posy":8,"lastAction":5,"status":0},{"playerId":2422729,"score":700,"energy":33,"posx":16,"posy":4,"lastAction":4,"status":0},{"playerId":803122,"score":650,"energy":16,"posx":11,"posy":5,"lastAction":4,"status":0}],"golds":[{"posx":6,"posy":0,"amount":400},{"posx":10,"posy":0,"amount":700},{"posx":2,"posy":1,"amount":200},{"posx":4,"posy":1,"amount":300},{"posx":9,"posy":1,"amount":250},{"posx":3,"posy":3,"amount":200},{"posx":7,"posy":3,"amount":300},{"posx":11,"posy":3,"amount":700},{"posx":2,"posy":4,"amount":200},{"posx":11,"posy":5,"amount":500},{"posx":4,"posy":6,"amount":350},{"posx":11,"posy":7,"amount":200},{"posx":4,"posy":8,"amount":200},{"posx":11,"posy":8,"amount":400},{"posx":12,"posy":8,"amount":250}],"changedObstacles":[]},{"players":[{"playerId":206247,"score":550,"energy":5,"posx":9,"posy":1,"lastAction":5,"status":0},{"playerId":2483603,"score":850,"energy":10,"posx":12,"posy":8,"lastAction":5,"status":0},{"playerId":2422729,"score":700,"energy":50,"posx":16,"posy":4,"lastAction":4,"status":0},{"playerId":803122,"score":700,"energy":11,"posx":11,"posy":5,"lastAction":5,"status":0}],"golds":[{"posx":6,"posy":0,"amount":400},{"posx":10,"posy":0,"amount":700},{"posx":2,"posy":1,"amount":200},{"posx":4,"posy":1,"amount":300},{"posx":9,"posy":1,"amount":200},{"posx":3,"posy":3,"amount":200},{"posx":7,"posy":3,"amount":300},{"posx":11,"posy":3,"amount":700},{"posx":2,"posy":4,"amount":200},{"posx":11,"posy":5,"amount":450},{"posx":4,"posy":6,"amount":350},{"posx":11,"posy":7,"amount":200},{"posx":4,"posy":8,"amount":200},{"posx":11,"posy":8,"amount":400},{"posx":12,"posy":8,"amount":200}],"changedObstacles":[]},{"players":[{"playerId":206247,"score":550,"energy":17,"posx":9,"posy":1,"lastAction":4,"status":0},{"playerId":2483603,"score":900,"energy":5,"posx":12,"posy":8,"lastAction":5,"status":0},{"playerId":2422729,"score":700,"energy":40,"posx":15,"posy":4,"lastAction":0,"status":0},{"playerId":803122,"score":750,"energy":6,"posx":11,"posy":5,"lastAction":5,"status":0}],"golds":[{"posx":6,"posy":0,"amount":400},{"posx":10,"posy":0,"amount":700},{"posx":2,"posy":1,"amount":200},{"posx":4,"posy":1,"amount":300},{"posx":9,"posy":1,"amount":200},{"posx":3,"posy":3,"amount":200},{"posx":7,"posy":3,"amount":300},{"posx":11,"posy":3,"amount":700},{"posx":2,"posy":4,"amount":200},{"posx":11,"posy":5,"amount":400},{"posx":4,"posy":6,"amount":350},{"posx":11,"posy":7,"amount":200},{"posx":4,"posy":8,"amount":200},{"posx":11,"posy":8,"amount":400},{"posx":12,"posy":8,"amount":150}],"changedObstacles":[{"type":0,"posx":15,"posy":4,"value":-1}]},{"players":[{"playerId":206247,"score":550,"energy":33,"posx":9,"posy":1,"lastAction":4,"status":0},{"playerId":2483603,"score":900,"energy":17,"posx":12,"posy":8,"lastAction":4,"status":0},{"playerId":2422729,"score":700,"energy":39,"posx":14,"posy":4,"lastAction":0,"status":0},{"playerId":803122,"score":800,"energy":1,"posx":11,"posy":5,"lastAction":5,"status":0}],"golds":[{"posx":6,"posy":0,"amount":400},{"posx":10,"posy":0,"amount":700},{"posx":2,"posy":1,"amount":200},{"posx":4,"posy":1,"amount":300},{"posx":9,"posy":1,"amount":200},{"posx":3,"posy":3,"amount":200},{"posx":7,"posy":3,"amount":300},{"posx":11,"posy":3,"amount":700},{"posx":2,"posy":4,"amount":200},{"posx":11,"posy":5,"amount":350},{"posx":4,"posy":6,"amount":350},{"posx":11,"posy":7,"amount":200},{"posx":4,"posy":8,"amount":200},{"posx":11,"posy":8,"amount":400},{"posx":12,"posy":8,"amount":150}],"changedObstacles":[]},{"players":[{"playerId":206247,"score":550,"energy":50,"posx":9,"posy":1,"lastAction":4,"status":0},{"playerId":2483603,"score":900,"energy":33,"posx":12,"posy":8,"lastAction":4,"status":0},{"playerId":2422729,"score":700,"energy":34,"posx":13,"posy":4,"lastAction":0,"status":0},{"playerId":803122,"score":800,"energy":13,"posx":11,"posy":5,"lastAction":4,"status":0}],"golds":[{"posx":6,"posy":0,"amount":400},{"posx":10,"posy":0,"amount":700},{"posx":2,"posy":1,"amount":200},{"posx":4,"posy":1,"amount":300},{"posx":9,"posy":1,"amount":200},{"posx":3,"posy":3,"amount":200},{"posx":7,"posy":3,"amount":300},{"posx":11,"posy":3,"amount":700},{"posx":2,"posy":4,"amount":200},{"posx":11,"posy":5,"amount":350},{"posx":4,"posy":6,"amount":350},{"posx":11,"posy":7,"amount":200},{"posx":4,"posy":8,"amount":200},{"posx":11,"posy":8,"amount":400},{"posx":12,"posy":8,"amount":150}],"changedObstacles":[{"type":3,"posx":13,"posy":4,"value":-20}]},{"players":[{"playerId":206247,"score":600,"energy":45,"posx":9,"posy":1,"lastAction":5,"status":0},{"playerId":2483603,"score":950,"energy":28,"posx":12,"posy":8,"lastAction":5,"status":0},{"playerId":2422729,"score":700,"energy":33,"posx":12,"posy":4,"lastAction":0,"status":0},{"playerId":803122,"score":850,"energy":8,"posx":11,"posy":5,"lastAction":5,"status":0}],"golds":[{"posx":6,"posy":0,"amount":400},{"posx":10,"posy":0,"amount":700},{"posx":2,"posy":1,"amount":200},{"posx":4,"posy":1,"amount":300},{"posx":9,"posy":1,"amount":150},{"posx":3,"posy":3,"amount":200},{"posx":7,"posy":3,"amount":300},{"posx":11,"posy":3,"amount":700},{"posx":2,"posy":4,"amount":200},{"posx":11,"posy":5,"amount":300},{"posx":4,"posy":6,"amount":350},{"posx":11,"posy":7,"amount":200},{"posx":4,"posy":8,"amount":200},{"posx":11,"posy":8,"amount":400},{"posx":12,"posy":8,"amount":100}],"changedObstacles":[]},{"players":[{"playerId":206247,"score":650,"energy":40,"posx":9,"posy":1,"lastAction":5,"status":0},{"playerId":2483603,"score":1000,"energy":23,"posx":12,"posy":8,"lastAction":5,"status":0},{"playerId":2422729,"score":700,"energy":14,"posx":11,"posy":4,"lastAction":0,"status":0},{"playerId":803122,"score":900,"energy":3,"posx":11,"posy":5,"lastAction":5,"status":0}],"golds":[{"posx":6,"posy":0,"amount":400},{"posx":10,"posy":0,"amount":700},{"posx":2,"posy":1,"amount":200},{"posx":4,"posy":1,"amount":300},{"posx":9,"posy":1,"amount":100},{"posx":3,"posy":3,"amount":200},{"posx":7,"posy":3,"amount":300},{"posx":11,"posy":3,"amount":700},{"posx":2,"posy":4,"amount":200},{"posx":11,"posy":5,"amount":250},{"posx":4,"posy":6,"amount":350},{"posx":11,"posy":7,"amount":200},{"posx":4,"posy":8,"amount":200},{"posx":11,"posy":8,"amount":400},{"posx":12,"posy":8,"amount":50}],"changedObstacles":[]},{"players":[{"playerId":206247,"score":700,"energy":35,"posx":9,"posy":1,"lastAction":5,"status":0},{"playerId":2483603,"score":1050,"energy":18,"posx":12,"posy":8,"lastAction":5,"status":0},{"playerId":2422729,"score":700,"energy":13,"posx":10,"posy":4,"lastAction":0,"status":0},{"playerId":803122,"score":900,"energy":15,"posx":11,"posy":5,"lastAction":4,"status":0}],"golds":[{"posx":6,"posy":0,"amount":400},{"posx":10,"posy":0,"amount":700},{"posx":2,"posy":1,"amount":200},{"posx":4,"posy":1,"amount":300},{"posx":9,"posy":1,"amount":50},{"posx":3,"posy":3,"amount":200},{"posx":7,"posy":3,"amount":300},{"posx":11,"posy":3,"amount":700},{"posx":2,"posy":4,"amount":200},{"posx":11,"posy":5,"amount":250},{"posx":4,"posy":6,"amount":350},{"posx":11,"posy":7,"amount":200},{"posx":4,"posy":8,"amount":200},{"posx":11,"posy":8,"amount":400}],"changedObstacles":[{"type":0,"posx":12,"posy":8,"value":-1}]},{"players":[{"playerId":206247,"score":750,"energy":30,"posx":9,"posy":1,"lastAction":5,"status":0},{"playerId":2483603,"score":1050,"energy":14,"posx":11,"posy":8,"lastAction":0,"status":0},{"playerId":2422729,"score":700,"energy":3,"posx":9,"posy":4,"lastAction":0,"status":0},{"playerId":803122,"score":950,"energy":10,"posx":11,"posy":5,"lastAction":5,"status":0}],"golds":[{"posx":6,"posy":0,"amount":400},{"posx":10,"posy":0,"amount":700},{"posx":2,"posy":1,"amount":200},{"posx":4,"posy":1,"amount":300},{"posx":3,"posy":3,"amount":200},{"posx":7,"posy":3,"amount":300},{"posx":11,"posy":3,"amount":700},{"posx":2,"posy":4,"amount":200},{"posx":11,"posy":5,"amount":200},{"posx":4,"posy":6,"amount":350},{"posx":11,"posy":7,"amount":200},{"posx":4,"posy":8,"amount":200},{"posx":11,"posy":8,"amount":400}],"changedObstacles":[{"type":0,"posx":9,"posy":4,"value":-1},{"type":0,"posx":9,"posy":1,"value":-1}]},{"players":[{"playerId":206247,"score":750,"energy":25,"posx":9,"posy":0,"lastAction":2,"status":0},{"playerId":2483603,"score":1100,"energy":9,"posx":11,"posy":8,"lastAction":5,"status":0},{"playerId":2422729,"score":700,"energy":2,"posx":9,"posy":3,"lastAction":2,"status":0},{"playerId":803122,"score":1000,"energy":5,"posx":11,"posy":5,"lastAction":5,"status":0}],"golds":[{"posx":6,"posy":0,"amount":400},{"posx":10,"posy":0,"amount":700},{"posx":2,"posy":1,"amount":200},{"posx":4,"posy":1,"amount":300},{"posx":3,"posy":3,"amount":200},{"posx":7,"posy":3,"amount":300},{"posx":11,"posy":3,"amount":700},{"posx":2,"posy":4,"amount":200},{"posx":11,"posy":5,"amount":150},{"posx":4,"posy":6,"amount":350},{"posx":11,"posy":7,"amount":200},{"posx":4,"posy":8,"amount":200},{"posx":11,"posy":8,"amount":350}],"changedObstacles":[{"type":3,"posx":9,"posy":0,"value":-20}]},{"players":[{"playerId":206247,"score":750,"energy":21,"posx":10,"posy":0,"lastAction":1,"status":0},{"playerId":2483603,"score":1150,"energy":4,"posx":11,"posy":8,"lastAction":5,"status":0},{"playerId":2422729,"score":700,"energy":1,"posx":9,"posy":2,"lastAction":2,"status":0},{"playerId":803122,"score":1000,"energy":17,"posx":11,"posy":5,"lastAction":4,"status":0}],"golds":[{"posx":6,"posy":0,"amount":400},{"posx":10,"posy":0,"amount":700},{"posx":2,"posy":1,"amount":200},{"posx":4,"posy":1,"amount":300},{"posx":3,"posy":3,"amount":200},{"posx":7,"posy":3,"amount":300},{"posx":11,"posy":3,"amount":700},{"posx":2,"posy":4,"amount":200},{"posx":11,"posy":5,"amount":150},{"posx":4,"posy":6,"amount":350},{"posx":11,"posy":7,"amount":200},{"posx":4,"posy":8,"amount":200},{"posx":11,"posy":8,"amount":300}],"changedObstacles":[]},{"players":[{"playerId":206247,"score":800,"energy":16,"posx":10,"posy":0,"lastAction":5,"status":0},{"playerId":2483603,"score":1150,"energy":16,"posx":11,"posy":8,"lastAction":4,"status":0},{"playerId":2422729,"score":700,"energy":13,"posx":9,"posy":2,"lastAction":4,"status":0},{"playerId":803122,"score":1050,"energy":12,"posx":11,"posy":5,"lastAction":5,"status":0}],"golds":[{"posx":6,"posy":0,"amount":400},{"posx":10,"posy":0,"amount":650},{"posx":2,"posy":1,"amount":200},{"posx":4,"posy":1,"amount":300},{"posx":3,"posy":3,"amount":200},{"posx":7,"posy":3,"amount":300},{"posx":11,"posy":3,"amount":700},{"posx":2,"posy":4,"amount":200},{"posx":11,"posy":5,"amount":100},{"posx":4,"posy":6,"amount":350},{"posx":11,"posy":7,"amount":200},{"posx":4,"posy":8,"amount":200},{"posx":11,"posy":8,"amount":300}],"changedObstacles":[]},{"players":[{"playerId":206247,"score":850,"energy":11,"posx":10,"posy":0,"lastAction":5,"status":0},{"playerId":2483603,"score":1150,"energy":32,"posx":11,"posy":8,"lastAction":4,"status":0},{"playerId":2422729,"score":700,"energy":29,"posx":9,"posy":2,"lastAction":4,"status":0},{"playerId":803122,"score":1100,"energy":7,"posx":11,"posy":5,"lastAction":5,"status":0}],"golds":[{"posx":6,"posy":0,"amount":400},{"posx":10,"posy":0,"amount":600},{"posx":2,"posy":1,"amount":200},{"posx":4,"posy":1,"amount":300},{"posx":3,"posy":3,"amount":200},{"posx":7,"posy":3,"amount":300},{"posx":11,"posy":3,"amount":700},{"posx":2,"posy":4,"amount":200},{"posx":11,"posy":5,"amount":50},{"posx":4,"posy":6,"amount":350},{"posx":11,"posy":7,"amount":200},{"posx":4,"posy":8,"amount":200},{"posx":11,"posy":8,"amount":300}],"changedObstacles":[]},{"players":[{"playerId":206247,"score":900,"energy":6,"posx":10,"posy":0,"lastAction":5,"status":0},{"playerId":2483603,"score":1200,"energy":27,"posx":11,"posy":8,"lastAction":5,"status":0},{"playerId":2422729,"score":700,"energy":50,"posx":9,"posy":2,"lastAction":4,"status":0},{"playerId":803122,"score":1150,"energy":2,"posx":11,"posy":5,"lastAction":5,"status":0}],"golds":[{"posx":6,"posy":0,"amount":400},{"posx":10,"posy":0,"amount":550},{"posx":2,"posy":1,"amount":200},{"posx":4,"posy":1,"amount":300},{"posx":3,"posy":3,"amount":200},{"posx":7,"posy":3,"amount":300},{"posx":11,"posy":3,"amount":700},{"posx":2,"posy":4,"amount":200},{"posx":4,"posy":6,"amount":350},{"posx":11,"posy":7,"amount":200},{"posx":4,"posy":8,"amount":200},{"posx":11,"posy":8,"amount":250}],"changedObstacles":[{"type":0,"posx":11,"posy":5,"value":-1}]},{"players":[{"playerId":206247,"score":950,"energy":1,"posx":10,"posy":0,"lastAction":5,"status":0},{"playerId":2483603,"score":1250,"energy":22,"posx":11,"posy":8,"lastAction":5,"status":0},{"playerId":2422729,"score":700,"energy":40,"posx":8,"posy":2,"lastAction":0,"status":0},{"playerId":803122,"score":1150,"energy":14,"posx":11,"posy":5,"lastAction":4,"status":0}],"golds":[{"posx":6,"posy":0,"amount":400},{"posx":10,"posy":0,"amount":500},{"posx":2,"posy":1,"amount":200},{"posx":4,"posy":1,"amount":300},{"posx":3,"posy":3,"amount":200},{"posx":7,"posy":3,"amount":300},{"posx":11,"posy":3,"amount":700},{"posx":2,"posy":4,"amount":200},{"posx":4,"posy":6,"amount":350},{"posx":11,"posy":7,"amount":200},{"posx":4,"posy":8,"amount":200},{"posx":11,"posy":8,"amount":200}],"changedObstacles":[{"type":0,"posx":8,"posy":2,"value":-1}]},{"players":[{"playerId":206247,"score":950,"energy":13,"posx":10,"posy":0,"lastAction":4,"status":0},{"playerId":2483603,"score":1300,"energy":17,"posx":11,"posy":8,"lastAction":5,"status":0},{"playerId":2422729,"score":700,"energy":30,"posx":7,"posy":2,"lastAction":0,"status":0},{"playerId":803122,"score":1150,"energy":30,"posx":11,"posy":5,"lastAction":4,"status":0}],"golds":[{"posx":6,"posy":0,"amount":400},{"posx":10,"posy":0,"amount":500},{"posx":2,"posy":1,"amount":200},{"posx":4,"posy":1,"amount":300},{"posx":3,"posy":3,"amount":200},{"posx":7,"posy":3,"amount":300},{"posx":11,"posy":3,"amount":700},{"posx":2,"posy":4,"amount":200},{"posx":4,"posy":6,"amount":350},{"posx":11,"posy":7,"amount":200},{"posx":4,"posy":8,"amount":200},{"posx":11,"posy":8,"amount":150}],"changedObstacles":[{"type":0,"posx":7,"posy":2,"value":-1}]},{"players":[{"playerId":206247,"score":950,"energy":29,"posx":10,"posy":0,"lastAction":4,"status":0},{"playerId":2483603,"score":1350,"energy":12,"posx":11,"posy":8,"lastAction":5,"status":0},{"playerId":2422729,"score":700,"energy":26,"posx":7,"posy":3,"lastAction":3,"status":0},{"playerId":803122,"score":1150,"energy":18,"posx":11,"posy":4,"lastAction":2,"status":0}],"golds":[{"posx":6,"posy":0,"amount":400},{"posx":10,"posy":0,"amount":500},{"posx":2,"posy":1,"amount":200},{"posx":4,"posy":1,"amount":300},{"posx":3,"posy":3,"amount":200},{"posx":7,"posy":3,"amount":300},{"posx":11,"posy":3,"amount":700},{"posx":2,"posy":4,"amount":200},{"posx":4,"posy":6,"amount":350},{"posx":11,"posy":7,"amount":200},{"posx":4,"posy":8,"amount":200},{"posx":11,"posy":8,"amount":100}],"changedObstacles":[]},{"players":[{"playerId":206247,"score":950,"energy":50,"posx":10,"posy":0,"lastAction":4,"status":0},{"playerId":2483603,"score":1400,"energy":7,"posx":11,"posy":8,"lastAction":5,"status":0},{"playerId":2422729,"score":750,"energy":21,"posx":7,"posy":3,"lastAction":5,"status":0},{"playerId":803122,"score":1150,"energy":14,"posx":11,"posy":3,"lastAction":2,"status":0}],"golds":[{"posx":6,"posy":0,"amount":400},{"posx":10,"posy":0,"amount":500},{"posx":2,"posy":1,"amount":200},{"posx":4,"posy":1,"amount":300},{"posx":3,"posy":3,"amount":200},{"posx":7,"posy":3,"amount":250},{"posx":11,"posy":3,"amount":700},{"posx":2,"posy":4,"amount":200},{"posx":4,"posy":6,"amount":350},{"posx":11,"posy":7,"amount":200},{"posx":4,"posy":8,"amount":200},{"posx":11,"posy":8,"amount":50}],"changedObstacles":[]},{"players":[{"playerId":206247,"score":1000,"energy":45,"posx":10,"posy":0,"lastAction":5,"status":0},{"playerId":2483603,"score":1450,"energy":2,"posx":11,"posy":8,"lastAction":5,"status":0},{"playerId":2422729,"score":800,"energy":16,"posx":7,"posy":3,"lastAction":5,"status":0},{"playerId":803122,"score":1200,"energy":9,"posx":11,"posy":3,"lastAction":5,"status":0}],"golds":[{"posx":6,"posy":0,"amount":400},{"posx":10,"posy":0,"amount":450},{"posx":2,"posy":1,"amount":200},{"posx":4,"posy":1,"amount":300},{"posx":3,"posy":3,"amount":200},{"posx":7,"posy":3,"amount":200},{"posx":11,"posy":3,"amount":650},{"posx":2,"posy":4,"amount":200},{"posx":4,"posy":6,"amount":350},{"posx":11,"posy":7,"amount":200},{"posx":4,"posy":8,"amount":200}],"changedObstacles":[{"type":0,"posx":11,"posy":8,"value":-1}]},{"players":[{"playerId":206247,"score":1050,"energy":40,"posx":10,"posy":0,"lastAction":5,"status":0},{"playerId":2483603,"score":1450,"energy":14,"posx":11,"posy":8,"lastAction":4,"status":0},{"playerId":2422729,"score":850,"energy":11,"posx":7,"posy":3,"lastAction":5,"status":0},{"playerId":803122,"score":1250,"energy":4,"posx":11,"posy":3,"lastAction":5,"status":0}],"golds":[{"posx":6,"posy":0,"amount":400},{"posx":10,"posy":0,"amount":400},{"posx":2,"posy":1,"amount":200},{"posx":4,"posy":1,"amount":300},{"posx":3,"posy":3,"amount":200},{"posx":7,"posy":3,"amount":150},{"posx":11,"posy":3,"amount":600},{"posx":2,"posy":4,"amount":200},{"posx":4,"posy":6,"amount":350},{"posx":11,"posy":7,"amount":200},{"posx":4,"posy":8,"amount":200}],"changedObstacles":[]},{"players":[{"playerId":206247,"score":1100,"energy":35,"posx":10,"posy":0,"lastAction":5,"status":0},{"playerId":2483603,"score":1450,"energy":30,"posx":11,"posy":8,"lastAction":4,"status":0},{"playerId":2422729,"score":900,"energy":6,"posx":7,"posy":3,"lastAction":5,"status":0},{"playerId":803122,"score":1250,"energy":16,"posx":11,"posy":3,"lastAction":4,"status":0}],"golds":[{"posx":6,"posy":0,"amount":400},{"posx":10,"posy":0,"amount":350},{"posx":2,"posy":1,"amount":200},{"posx":4,"posy":1,"amount":300},{"posx":3,"posy":3,"amount":200},{"posx":7,"posy":3,"amount":100},{"posx":11,"posy":3,"amount":600},{"posx":2,"posy":4,"amount":200},{"posx":4,"posy":6,"amount":350},{"posx":11,"posy":7,"amount":200},{"posx":4,"posy":8,"amount":200}],"changedObstacles":[]},{"players":[{"playerId":206247,"score":1150,"energy":30,"posx":10,"posy":0,"lastAction":5,"status":0},{"playerId":2483603,"score":1450,"energy":26,"posx":11,"posy":7,"lastAction":2,"status":0},{"playerId":2422729,"score":950,"energy":1,"posx":7,"posy":3,"lastAction":5,"status":0},{"playerId":803122,"score":1300,"energy":11,"posx":11,"posy":3,"lastAction":5,"status":0}],"golds":[{"posx":6,"posy":0,"amount":400},{"posx":10,"posy":0,"amount":300},{"posx":2,"posy":1,"amount":200},{"posx":4,"posy":1,"amount":300},{"posx":3,"posy":3,"amount":200},{"posx":7,"posy":3,"amount":50},{"posx":11,"posy":3,"amount":550},{"posx":2,"posy":4,"amount":200},{"posx":4,"posy":6,"amount":350},{"posx":11,"posy":7,"amount":200},{"posx":4,"posy":8,"amount":200}],"changedObstacles":[]},{"players":[{"playerId":206247,"score":1200,"energy":25,"posx":10,"posy":0,"lastAction":5,"status":0},{"playerId":2483603,"score":1500,"energy":21,"posx":11,"posy":7,"lastAction":5,"status":0},{"playerId":2422729,"score":950,"energy":13,"posx":7,"posy":3,"lastAction":4,"status":0},{"playerId":803122,"score":1350,"energy":6,"posx":11,"posy":3,"lastAction":5,"status":0}],"golds":[{"posx":6,"posy":0,"amount":400},{"posx":10,"posy":0,"amount":250},{"posx":2,"posy":1,"amount":200},{"posx":4,"posy":1,"amount":300},{"posx":3,"posy":3,"amount":200},{"posx":7,"posy":3,"amount":50},{"posx":11,"posy":3,"amount":500},{"posx":2,"posy":4,"amount":200},{"posx":4,"posy":6,"amount":350},{"posx":11,"posy":7,"amount":150},{"posx":4,"posy":8,"amount":200}],"changedObstacles":[]},{"players":[{"playerId":206247,"score":1250,"energy":20,"posx":10,"posy":0,"lastAction":5,"status":0},{"playerId":2483603,"score":1550,"energy":16,"posx":11,"posy":7,"lastAction":5,"status":0},{"playerId":2422729,"score":1000,"energy":8,"posx":7,"posy":3,"lastAction":5,"status":0},{"playerId":803122,"score":1400,"energy":1,"posx":11,"posy":3,"lastAction":5,"status":0}],"golds":[{"posx":6,"posy":0,"amount":400},{"posx":10,"posy":0,"amount":200},{"posx":2,"posy":1,"amount":200},{"posx":4,"posy":1,"amount":300},{"posx":3,"posy":3,"amount":200},{"posx":11,"posy":3,"amount":450},{"posx":2,"posy":4,"amount":200},{"posx":4,"posy":6,"amount":350},{"posx":11,"posy":7,"amount":100},{"posx":4,"posy":8,"amount":200}],"changedObstacles":[{"type":0,"posx":7,"posy":3,"value":-1}]},{"players":[{"playerId":206247,"score":1300,"energy":15,"posx":10,"posy":0,"lastAction":5,"status":0},{"playerId":2483603,"score":1600,"energy":11,"posx":11,"posy":7,"lastAction":5,"status":0},{"playerId":2422729,"score":1000,"energy":7,"posx":6,"posy":3,"lastAction":0,"status":0},{"playerId":803122,"score":1400,"energy":13,"posx":11,"posy":3,"lastAction":4,"status":0}],"golds":[{"posx":6,"posy":0,"amount":400},{"posx":10,"posy":0,"amount":150},{"posx":2,"posy":1,"amount":200},{"posx":4,"posy":1,"amount":300},{"posx":3,"posy":3,"amount":200},{"posx":11,"posy":3,"amount":450},{"posx":2,"posy":4,"amount":200},{"posx":4,"posy":6,"amount":350},{"posx":11,"posy":7,"amount":50},{"posx":4,"posy":8,"amount":200}],"changedObstacles":[]},{"players":[{"playerId":206247,"score":1350,"energy":10,"posx":10,"posy":0,"lastAction":5,"status":0},{"playerId":2483603,"score":1650,"energy":6,"posx":11,"posy":7,"lastAction":5,"status":0},{"playerId":2422729,"score":1000,"energy":6,"posx":6,"posy":4,"lastAction":3,"status":0},{"playerId":803122,"score":1450,"energy":8,"posx":11,"posy":3,"lastAction":5,"status":0}],"golds":[{"posx":6,"posy":0,"amount":400},{"posx":10,"posy":0,"amount":100},{"posx":2,"posy":1,"amount":200},{"posx":4,"posy":1,"amount":300},{"posx":3,"posy":3,"amount":200},{"posx":11,"posy":3,"amount":400},{"posx":2,"posy":4,"amount":200},{"posx":4,"posy":6,"amount":350},{"posx":4,"posy":8,"amount":200}],"changedObstacles":[{"type":0,"posx":11,"posy":7,"value":-1}]},{"players":[{"playerId":206247,"score":1400,"energy":5,"posx":10,"posy":0,"lastAction":5,"status":0},{"playerId":2483603,"score":1650,"energy":18,"posx":11,"posy":7,"lastAction":4,"status":0},{"playerId":2422729,"score":1000,"energy":1,"posx":5,"posy":4,"lastAction":0,"status":0},{"playerId":803122,"score":1500,"energy":3,"posx":11,"posy":3,"lastAction":5,"status":0}],"golds":[{"posx":6,"posy":0,"amount":400},{"posx":10,"posy":0,"amount":50},{"posx":2,"posy":1,"amount":200},{"posx":4,"posy":1,"amount":300},{"posx":3,"posy":3,"amount":200},{"posx":11,"posy":3,"amount":350},{"posx":2,"posy":4,"amount":200},{"posx":4,"posy":6,"amount":350},{"posx":4,"posy":8,"amount":200}],"changedObstacles":[{"type":3,"posx":5,"posy":4,"value":-20}]},{"players":[{"playerId":206247,"score":1400,"energy":17,"posx":10,"posy":0,"lastAction":4,"status":0},{"playerId":2483603,"score":1650,"energy":34,"posx":11,"posy":7,"lastAction":4,"status":0},{"playerId":2422729,"score":1000,"energy":13,"posx":5,"posy":4,"lastAction":4,"status":0},{"playerId":803122,"score":1500,"energy":15,"posx":11,"posy":3,"lastAction":4,"status":0}],"golds":[{"posx":6,"posy":0,"amount":400},{"posx":10,"posy":0,"amount":50},{"posx":2,"posy":1,"amount":200},{"posx":4,"posy":1,"amount":300},{"posx":3,"posy":3,"amount":200},{"posx":11,"posy":3,"amount":350},{"posx":2,"posy":4,"amount":200},{"posx":4,"posy":6,"amount":350},{"posx":4,"posy":8,"amount":200}],"changedObstacles":[]},{"players":[{"playerId":206247,"score":1400,"energy":33,"posx":10,"posy":0,"lastAction":4,"status":0},{"playerId":2483603,"score":1650,"energy":24,"posx":11,"posy":6,"lastAction":2,"status":0},{"playerId":2422729,"score":1000,"energy":29,"posx":5,"posy":4,"lastAction":4,"status":0},{"playerId":803122,"score":1550,"energy":10,"posx":11,"posy":3,"lastAction":5,"status":0}],"golds":[{"posx":6,"posy":0,"amount":400},{"posx":10,"posy":0,"amount":50},{"posx":2,"posy":1,"amount":200},{"posx":4,"posy":1,"amount":300},{"posx":3,"posy":3,"amount":200},{"posx":11,"posy":3,"amount":300},{"posx":2,"posy":4,"amount":200},{"posx":4,"posy":6,"amount":350},{"posx":4,"posy":8,"amount":200}],"changedObstacles":[{"type":0,"posx":11,"posy":6,"value":-1}]},{"players":[{"playerId":206247,"score":1400,"energy":50,"posx":10,"posy":0,"lastAction":4,"status":0},{"playerId":2483603,"score":1650,"energy":23,"posx":11,"posy":5,"lastAction":2,"status":0},{"playerId":2422729,"score":1000,"energy":50,"posx":5,"posy":4,"lastAction":4,"status":0},{"playerId":803122,"score":1600,"energy":5,"posx":11,"posy":3,"lastAction":5,"status":0}],"golds":[{"posx":6,"posy":0,"amount":400},{"posx":10,"posy":0,"amount":50},{"posx":2,"posy":1,"amount":200},{"posx":4,"posy":1,"amount":300},{"posx":3,"posy":3,"amount":200},{"posx":11,"posy":3,"amount":250},{"posx":2,"posy":4,"amount":200},{"posx":4,"posy":6,"amount":350},{"posx":4,"posy":8,"amount":200}],"changedObstacles":[]},{"players":[{"playerId":206247,"score":1450,"energy":45,"posx":10,"posy":0,"lastAction":5,"status":0},{"playerId":2483603,"score":1650,"energy":8,"posx":11,"posy":4,"lastAction":2,"status":0},{"playerId":2422729,"score":1000,"energy":40,"posx":5,"posy":5,"lastAction":3,"status":0},{"playerId":803122,"score":1600,"energy":17,"posx":11,"posy":3,"lastAction":4,"status":0}],"golds":[{"posx":6,"posy":0,"amount":400},{"posx":2,"posy":1,"amount":200},{"posx":4,"posy":1,"amount":300},{"posx":3,"posy":3,"amount":200},{"posx":11,"posy":3,"amount":250},{"posx":2,"posy":4,"amount":200},{"posx":4,"posy":6,"amount":350},{"posx":4,"posy":8,"amount":200}],"changedObstacles":[{"type":0,"posx":5,"posy":5,"value":-1},{"type":0,"posx":10,"posy":0,"value":-1}]},{"players":[{"playerId":206247,"score":1450,"energy":25,"posx":9,"posy":0,"lastAction":0,"status":0},{"playerId":2483603,"score":1650,"energy":4,"posx":11,"posy":3,"lastAction":2,"status":0},{"playerId":2422729,"score":1000,"energy":30,"posx":5,"posy":6,"lastAction":3,"status":0},{"playerId":803122,"score":1650,"energy":12,"posx":11,"posy":3,"lastAction":5,"status":0}],"golds":[{"posx":6,"posy":0,"amount":400},{"posx":2,"posy":1,"amount":200},{"posx":4,"posy":1,"amount":300},{"posx":3,"posy":3,"amount":200},{"posx":11,"posy":3,"amount":200},{"posx":2,"posy":4,"amount":200},{"posx":4,"posy":6,"amount":350},{"posx":4,"posy":8,"amount":200}],"changedObstacles":[{"type":3,"posx":9,"posy":0,"value":-40},{"type":0,"posx":5,"posy":6,"value":-1}]},{"players":[{"playerId":206247,"score":1450,"energy":15,"posx":8,"posy":0,"lastAction":0,"status":0},{"playerId":2483603,"score":1650,"energy":16,"posx":11,"posy":3,"lastAction":4,"status":0},{"playerId":2422729,"score":1000,"energy":26,"posx":4,"posy":6,"lastAction":0,"status":0},{"playerId":803122,"score":1700,"energy":7,"posx":11,"posy":3,"lastAction":5,"status":0}],"golds":[{"posx":6,"posy":0,"amount":400},{"posx":2,"posy":1,"amount":200},{"posx":4,"posy":1,"amount":300},{"posx":3,"posy":3,"amount":200},{"posx":11,"posy":3,"amount":150},{"posx":2,"posy":4,"amount":200},{"posx":4,"posy":6,"amount":350},{"posx":4,"posy":8,"amount":200}],"changedObstacles":[{"type":0,"posx":8,"posy":0,"value":-1}]},{"players":[{"playerId":206247,"score":1450,"energy":10,"posx":7,"posy":0,"lastAction":0,"status":0},{"playerId":2483603,"score":1650,"energy":32,"posx":11,"posy":3,"lastAction":4,"status":0},{"playerId":2422729,"score":1050,"energy":21,"posx":4,"posy":6,"lastAction":5,"status":0},{"playerId":803122,"score":1750,"energy":2,"posx":11,"posy":3,"lastAction":5,"status":0}],"golds":[{"posx":6,"posy":0,"amount":400},{"posx":2,"posy":1,"amount":200},{"posx":4,"posy":1,"amount":300},{"posx":3,"posy":3,"amount":200},{"posx":11,"posy":3,"amount":100},{"posx":2,"posy":4,"amount":200},{"posx":4,"posy":6,"amount":300},{"posx":4,"posy":8,"amount":200}],"changedObstacles":[{"type":3,"posx":7,"posy":0,"value":-20}]},{"players":[{"playerId":206247,"score":1450,"energy":6,"posx":6,"posy":0,"lastAction":0,"status":0},{"playerId":2483603,"score":1700,"energy":27,"posx":11,"posy":3,"lastAction":5,"status":0},{"playerId":2422729,"score":1100,"energy":16,"posx":4,"posy":6,"lastAction":5,"status":0},{"playerId":803122,"score":1750,"energy":14,"posx":11,"posy":3,"lastAction":4,"status":0}],"golds":[{"posx":6,"posy":0,"amount":400},{"posx":2,"posy":1,"amount":200},{"posx":4,"posy":1,"amount":300},{"posx":3,"posy":3,"amount":200},{"posx":11,"posy":3,"amount":50},{"posx":2,"posy":4,"amount":200},{"posx":4,"posy":6,"amount":250},{"posx":4,"posy":8,"amount":200}],"changedObstacles":[]},{"players":[{"playerId":206247,"score":1450,"energy":18,"posx":6,"posy":0,"lastAction":4,"status":0},{"playerId":2483603,"score":1725,"energy":22,"posx":11,"posy":3,"lastAction":5,"status":0},{"playerId":2422729,"score":1150,"energy":11,"posx":4,"posy":6,"lastAction":5,"status":0},{"playerId":803122,"score":1775,"energy":9,"posx":11,"posy":3,"lastAction":5,"status":0}],"golds":[{"posx":6,"posy":0,"amount":400},{"posx":2,"posy":1,"amount":200},{"posx":4,"posy":1,"amount":300},{"posx":3,"posy":3,"amount":200},{"posx":2,"posy":4,"amount":200},{"posx":4,"posy":6,"amount":200},{"posx":4,"posy":8,"amount":200}],"changedObstacles":[{"type":0,"posx":11,"posy":3,"value":-1}]},{"players":[{"playerId":206247,"score":1450,"energy":34,"posx":6,"posy":0,"lastAction":4,"status":0},{"playerId":2483603,"score":1725,"energy":21,"posx":10,"posy":3,"lastAction":0,"status":0},{"playerId":2422729,"score":1200,"energy":6,"posx":4,"posy":6,"lastAction":5,"status":0},{"playerId":803122,"score":1775,"energy":4,"posx":11,"posy":2,"lastAction":2,"status":0}],"golds":[{"posx":6,"posy":0,"amount":400},{"posx":2,"posy":1,"amount":200},{"posx":4,"posy":1,"amount":300},{"posx":3,"posy":3,"amount":200},{"posx":2,"posy":4,"amount":200},{"posx":4,"posy":6,"amount":150},{"posx":4,"posy":8,"amount":200}],"changedObstacles":[{"type":3,"posx":11,"posy":2,"value":-20}]},{"players":[{"playerId":206247,"score":1450,"energy":50,"posx":6,"posy":0,"lastAction":4,"status":0},{"playerId":2483603,"score":1725,"energy":20,"posx":9,"posy":3,"lastAction":0,"status":0},{"playerId":2422729,"score":1250,"energy":1,"posx":4,"posy":6,"lastAction":5,"status":0},{"playerId":803122,"score":1775,"energy":3,"posx":10,"posy":2,"lastAction":0,"status":0}],"golds":[{"posx":6,"posy":0,"amount":400},{"posx":2,"posy":1,"amount":200},{"posx":4,"posy":1,"amount":300},{"posx":3,"posy":3,"amount":200},{"posx":2,"posy":4,"amount":200},{"posx":4,"posy":6,"amount":100},{"posx":4,"posy":8,"amount":200}],"changedObstacles":[]},{"players":[{"playerId":206247,"score":1450,"energy":40,"posx":6,"posy":1,"lastAction":3,"status":0},{"playerId":2483603,"score":1725,"energy":19,"posx":9,"posy":2,"lastAction":2,"status":0},{"playerId":2422729,"score":1250,"energy":13,"posx":4,"posy":6,"lastAction":4,"status":0},{"playerId":803122,"score":1775,"energy":15,"posx":10,"posy":2,"lastAction":4,"status":0}],"golds":[{"posx":6,"posy":0,"amount":400},{"posx":2,"posy":1,"amount":200},{"posx":4,"posy":1,"amount":300},{"posx":3,"posy":3,"amount":200},{"posx":2,"posy":4,"amount":200},{"posx":4,"posy":6,"amount":100},{"posx":4,"posy":8,"amount":200}],"changedObstacles":[{"type":0,"posx":6,"posy":1,"value":-1}]},{"players":[{"playerId":206247,"score":1450,"energy":30,"posx":5,"posy":1,"lastAction":0,"status":0},{"playerId":2483603,"score":1725,"energy":18,"posx":8,"posy":2,"lastAction":0,"status":0},{"playerId":2422729,"score":1300,"energy":8,"posx":4,"posy":6,"lastAction":5,"status":0},{"playerId":803122,"score":1775,"energy":31,"posx":10,"posy":2,"lastAction":4,"status":0}],"golds":[{"posx":6,"posy":0,"amount":400},{"posx":2,"posy":1,"amount":200},{"posx":4,"posy":1,"amount":300},{"posx":3,"posy":3,"amount":200},{"posx":2,"posy":4,"amount":200},{"posx":4,"posy":6,"amount":50},{"posx":4,"posy":8,"amount":200}],"changedObstacles":[{"type":0,"posx":5,"posy":1,"value":-1}]},{"players":[{"playerId":206247,"score":1450,"energy":26,"posx":4,"posy":1,"lastAction":0,"status":0},{"playerId":2483603,"score":1725,"energy":17,"posx":7,"posy":2,"lastAction":0,"status":0},{"playerId":2422729,"score":1350,"energy":3,"posx":4,"posy":6,"lastAction":5,"status":0},{"playerId":803122,"score":1775,"energy":17,"posx":10,"posy":1,"lastAction":2,"status":0}],"golds":[{"posx":6,"posy":0,"amount":400},{"posx":2,"posy":1,"amount":200},{"posx":4,"posy":1,"amount":300},{"posx":3,"posy":3,"amount":200},{"posx":2,"posy":4,"amount":200},{"posx":4,"posy":8,"amount":200}],"changedObstacles":[{"type":0,"posx":4,"posy":6,"value":-1}]},{"players":[{"playerId":206247,"score":1500,"energy":21,"posx":4,"posy":1,"lastAction":5,"status":0},{"playerId":2483603,"score":1725,"energy":16,"posx":6,"posy":2,"lastAction":0,"status":0},{"playerId":2422729,"score":1350,"energy":2,"posx":5,"posy":6,"lastAction":1,"status":0},{"playerId":803122,"score":1775,"energy":16,"posx":9,"posy":1,"lastAction":0,"status":0}],"golds":[{"posx":6,"posy":0,"amount":400},{"posx":2,"posy":1,"amount":200},{"posx":4,"posy":1,"amount":250},{"posx":3,"posy":3,"amount":200},{"posx":2,"posy":4,"amount":200},{"posx":4,"posy":8,"amount":200}],"changedObstacles":[]},{"players":[{"playerId":206247,"score":1550,"energy":16,"posx":4,"posy":1,"lastAction":5,"status":0},{"playerId":2483603,"score":1725,"energy":15,"posx":6,"posy":1,"lastAction":2,"status":0},{"playerId":2422729,"score":1350,"energy":1,"posx":6,"posy":6,"lastAction":1,"status":0},{"playerId":803122,"score":1775,"energy":6,"posx":8,"posy":1,"lastAction":0,"status":0}],"golds":[{"posx":6,"posy":0,"amount":400},{"posx":2,"posy":1,"amount":200},{"posx":4,"posy":1,"amount":200},{"posx":3,"posy":3,"amount":200},{"posx":2,"posy":4,"amount":200},{"posx":4,"posy":8,"amount":200}],"changedObstacles":[{"type":0,"posx":8,"posy":1,"value":-1}]},{"players":[{"playerId":206247,"score":1600,"energy":11,"posx":4,"posy":1,"lastAction":5,"status":0},{"playerId":2483603,"score":1725,"energy":11,"posx":6,"posy":0,"lastAction":2,"status":0},{"playerId":2422729,"score":1350,"energy":13,"posx":6,"posy":6,"lastAction":4,"status":0},{"playerId":803122,"score":1775,"energy":5,"posx":7,"posy":1,"lastAction":0,"status":0}],"golds":[{"posx":6,"posy":0,"amount":400},{"posx":2,"posy":1,"amount":200},{"posx":4,"posy":1,"amount":150},{"posx":3,"posy":3,"amount":200},{"posx":2,"posy":4,"amount":200},{"posx":4,"posy":8,"amount":200}],"changedObstacles":[]},{"players":[{"playerId":206247,"score":1650,"energy":6,"posx":4,"posy":1,"lastAction":5,"status":0},{"playerId":2483603,"score":1775,"energy":6,"posx":6,"posy":0,"lastAction":5,"status":0},{"playerId":2422729,"score":1350,"energy":29,"posx":6,"posy":6,"lastAction":4,"status":0},{"playerId":803122,"score":1775,"energy":4,"posx":6,"posy":1,"lastAction":0,"status":0}],"golds":[{"posx":6,"posy":0,"amount":350},{"posx":2,"posy":1,"amount":200},{"posx":4,"posy":1,"amount":100},{"posx":3,"posy":3,"amount":200},{"posx":2,"posy":4,"amount":200},{"posx":4,"posy":8,"amount":200}],"changedObstacles":[]},{"players":[{"playerId":206247,"score":1700,"energy":1,"posx":4,"posy":1,"lastAction":5,"status":0},{"playerId":2483603,"score":1825,"energy":1,"posx":6,"posy":0,"lastAction":5,"status":0},{"playerId":2422729,"score":1350,"energy":28,"posx":5,"posy":6,"lastAction":0,"status":0},{"playerId":803122,"score":1775,"energy":16,"posx":6,"posy":1,"lastAction":4,"status":0}],"golds":[{"posx":6,"posy":0,"amount":300},{"posx":2,"posy":1,"amount":200},{"posx":4,"posy":1,"amount":50},{"posx":3,"posy":3,"amount":200},{"posx":2,"posy":4,"amount":200},{"posx":4,"posy":8,"amount":200}],"changedObstacles":[]},{"players":[{"playerId":206247,"score":1700,"energy":13,"posx":4,"posy":1,"lastAction":4,"status":0},{"playerId":2483603,"score":1825,"energy":13,"posx":6,"posy":0,"lastAction":4,"status":0},{"playerId":2422729,"score":1350,"energy":27,"posx":4,"posy":6,"lastAction":0,"status":0},{"playerId":803122,"score":1775,"energy":12,"posx":6,"posy":0,"lastAction":2,"status":0}],"golds":[{"posx":6,"posy":0,"amount":300},{"posx":2,"posy":1,"amount":200},{"posx":4,"posy":1,"amount":50},{"posx":3,"posy":3,"amount":200},{"posx":2,"posy":4,"amount":200},{"posx":4,"posy":8,"amount":200}],"changedObstacles":[]},{"players":[{"playerId":206247,"score":1700,"energy":29,"posx":4,"posy":1,"lastAction":4,"status":0},{"playerId":2483603,"score":1825,"energy":29,"posx":6,"posy":0,"lastAction":4,"status":0},{"playerId":2422729,"score":1350,"energy":26,"posx":3,"posy":6,"lastAction":0,"status":0},{"playerId":803122,"score":1825,"energy":7,"posx":6,"posy":0,"lastAction":5,"status":0}],"golds":[{"posx":6,"posy":0,"amount":250},{"posx":2,"posy":1,"amount":200},{"posx":4,"posy":1,"amount":50},{"posx":3,"posy":3,"amount":200},{"posx":2,"posy":4,"amount":200},{"posx":4,"posy":8,"amount":200}],"changedObstacles":[]},{"players":[{"playerId":206247,"score":1700,"energy":50,"posx":4,"posy":1,"lastAction":4,"status":0},{"playerId":2483603,"score":1875,"energy":24,"posx":6,"posy":0,"lastAction":5,"status":0},{"playerId":2422729,"score":1350,"energy":21,"posx":3,"posy":5,"lastAction":2,"status":0},{"playerId":803122,"score":1875,"energy":2,"posx":6,"posy":0,"lastAction":5,"status":0}],"golds":[{"posx":6,"posy":0,"amount":150},{"posx":2,"posy":1,"amount":200},{"posx":4,"posy":1,"amount":50},{"posx":3,"posy":3,"amount":200},{"posx":2,"posy":4,"amount":200},{"posx":4,"posy":8,"amount":200}],"changedObstacles":[{"type":3,"posx":3,"posy":5,"value":-20}]},{"players":[{"playerId":206247,"score":1750,"energy":45,"posx":4,"posy":1,"lastAction":5,"status":0},{"playerId":2483603,"score":1925,"energy":19,"posx":6,"posy":0,"lastAction":5,"status":0},{"playerId":2422729,"score":1350,"energy":20,"posx":3,"posy":4,"lastAction":2,"status":0},{"playerId":803122,"score":1875,"energy":14,"posx":6,"posy":0,"lastAction":4,"status":0}],"golds":[{"posx":6,"posy":0,"amount":100},{"posx":2,"posy":1,"amount":200},{"posx":3,"posy":3,"amount":200},{"posx":2,"posy":4,"amount":200},{"posx":4,"posy":8,"amount":200}],"changedObstacles":[{"type":0,"posx":4,"posy":1,"value":-1}]},{"players":[{"playerId":206247,"score":1750,"energy":40,"posx":3,"posy":1,"lastAction":0,"status":0},{"playerId":2483603,"score":1975,"energy":14,"posx":6,"posy":0,"lastAction":5,"status":0},{"playerId":2422729,"score":1350,"energy":16,"posx":2,"posy":4,"lastAction":0,"status":0},{"playerId":803122,"score":1925,"energy":9,"posx":6,"posy":0,"lastAction":5,"status":0}],"golds":[{"posx":2,"posy":1,"amount":200},{"posx":3,"posy":3,"amount":200},{"posx":2,"posy":4,"amount":200},{"posx":4,"posy":8,"amount":200}],"changedObstacles":[{"type":3,"posx":3,"posy":1,"value":-20},{"type":0,"posx":6,"posy":0,"value":-1}]},{"players":[{"playerId":206247,"score":1750,"energy":36,"posx":2,"posy":1,"lastAction":0,"status":0},{"playerId":2483603,"score":1975,"energy":13,"posx":6,"posy":1,"lastAction":3,"status":0},{"playerId":2422729,"score":1400,"energy":11,"posx":2,"posy":4,"lastAction":5,"status":0},{"playerId":803122,"score":1925,"energy":21,"posx":6,"posy":0,"lastAction":4,"status":0}],"golds":[{"posx":2,"posy":1,"amount":200},{"posx":3,"posy":3,"amount":200},{"posx":2,"posy":4,"amount":150},{"posx":4,"posy":8,"amount":200}],"changedObstacles":[]},{"players":[{"playerId":206247,"score":1800,"energy":31,"posx":2,"posy":1,"lastAction":5,"status":0},{"playerId":2483603,"score":1975,"energy":12,"posx":5,"posy":1,"lastAction":0,"status":0},{"playerId":2422729,"score":1450,"energy":6,"posx":2,"posy":4,"lastAction":5,"status":0},{"playerId":803122,"score":1925,"energy":2,"posx":5,"posy":0,"lastAction":0,"status":0}],"golds":[{"posx":2,"posy":1,"amount":150},{"posx":3,"posy":3,"amount":200},{"posx":2,"posy":4,"amount":100},{"posx":4,"posy":8,"amount":200}],"changedObstacles":[]},{"players":[{"playerId":206247,"score":1850,"energy":26,"posx":2,"posy":1,"lastAction":5,"status":0},{"playerId":2483603,"score":1975,"energy":11,"posx":4,"posy":1,"lastAction":0,"status":0},{"playerId":2422729,"score":1500,"energy":1,"posx":2,"posy":4,"lastAction":5,"status":0},{"playerId":803122,"score":1925,"energy":1,"posx":4,"posy":0,"lastAction":0,"status":0}],"golds":[{"posx":2,"posy":1,"amount":100},{"posx":3,"posy":3,"amount":200},{"posx":2,"posy":4,"amount":50},{"posx":4,"posy":8,"amount":200}],"changedObstacles":[]},{"players":[{"playerId":206247,"score":1900,"energy":21,"posx":2,"posy":1,"lastAction":5,"status":0},{"playerId":2483603,"score":1975,"energy":23,"posx":4,"posy":1,"lastAction":4,"status":0},{"playerId":2422729,"score":1500,"energy":13,"posx":2,"posy":4,"lastAction":4,"status":0},{"playerId":803122,"score":1925,"energy":13,"posx":4,"posy":0,"lastAction":4,"status":0}],"golds":[{"posx":2,"posy":1,"amount":50},{"posx":3,"posy":3,"amount":200},{"posx":2,"posy":4,"amount":50},{"posx":4,"posy":8,"amount":200}],"changedObstacles":[]},{"players":[{"playerId":206247,"score":1950,"energy":16,"posx":2,"posy":1,"lastAction":5,"status":0},{"playerId":2483603,"score":1975,"energy":3,"posx":3,"posy":1,"lastAction":0,"status":0},{"playerId":2422729,"score":1500,"energy":29,"posx":2,"posy":4,"lastAction":4,"status":0},{"playerId":803122,"score":1925,"energy":12,"posx":4,"posy":1,"lastAction":3,"status":0}],"golds":[{"posx":3,"posy":3,"amount":200},{"posx":2,"posy":4,"amount":50},{"posx":4,"posy":8,"amount":200}],"changedObstacles":[{"type":3,"posx":3,"posy":1,"value":-40},{"type":0,"posx":2,"posy":1,"value":-1}]},{"players":[{"playerId":206247,"score":1950,"energy":15,"posx":2,"posy":2,"lastAction":3,"status":0},{"playerId":2483603,"score":1975,"energy":2,"posx":3,"posy":2,"lastAction":3,"status":0},{"playerId":2422729,"score":1500,"energy":50,"posx":2,"posy":4,"lastAction":4,"status":0},{"playerId":803122,"score":1925,"energy":24,"posx":4,"posy":1,"lastAction":4,"status":0}],"golds":[{"posx":3,"posy":3,"amount":200},{"posx":2,"posy":4,"amount":50},{"posx":4,"posy":8,"amount":200}],"changedObstacles":[]},{"players":[{"playerId":206247,"score":1950,"energy":14,"posx":3,"posy":2,"lastAction":1,"status":0},{"playerId":2483603,"score":1975,"energy":14,"posx":3,"posy":2,"lastAction":4,"status":0},{"playerId":2422729,"score":1550,"energy":45,"posx":2,"posy":4,"lastAction":5,"status":0},{"playerId":803122,"score":1925,"energy":40,"posx":4,"posy":1,"lastAction":4,"status":0}],"golds":[{"posx":3,"posy":3,"amount":200},{"posx":4,"posy":8,"amount":200}],"changedObstacles":[{"type":0,"posx":2,"posy":4,"value":-1}]},{"players":[{"playerId":206247,"score":1950,"energy":10,"posx":3,"posy":3,"lastAction":3,"status":0},{"playerId":2483603,"score":1975,"energy":30,"posx":3,"posy":2,"lastAction":4,"status":0},{"playerId":2422729,"score":1550,"energy":44,"posx":2,"posy":5,"lastAction":3,"status":0},{"playerId":803122,"score":1925,"energy":50,"posx":4,"posy":1,"lastAction":4,"status":0}],"golds":[{"posx":3,"posy":3,"amount":200},{"posx":4,"posy":8,"amount":200}],"changedObstacles":[]},{"players":[{"playerId":206247,"score":2000,"energy":5,"posx":3,"posy":3,"lastAction":5,"status":0},{"playerId":2483603,"score":1975,"energy":26,"posx":3,"posy":3,"lastAction":3,"status":0},{"playerId":2422729,"score":1550,"energy":39,"posx":2,"posy":6,"lastAction":3,"status":0},{"playerId":803122,"score":1925,"energy":10,"posx":3,"posy":1,"lastAction":0,"status":0}],"golds":[{"posx":3,"posy":3,"amount":150},{"posx":4,"posy":8,"amount":200}],"changedObstacles":[{"type":3,"posx":3,"posy":1,"value":-100},{"type":3,"posx":2,"posy":6,"value":-20}]},{"players":[{"playerId":206247,"score":2000,"energy":17,"posx":3,"posy":3,"lastAction":4,"status":0},{"playerId":2483603,"score":2025,"energy":21,"posx":3,"posy":3,"lastAction":5,"status":0},{"playerId":2422729,"score":1550,"energy":38,"posx":3,"posy":6,"lastAction":1,"status":0},{"playerId":803122,"score":1925,"energy":9,"posx":3,"posy":2,"lastAction":3,"status":0}],"golds":[{"posx":3,"posy":3,"amount":100},{"posx":4,"posy":8,"amount":200}],"changedObstacles":[]},{"players":[{"playerId":206247,"score":2000,"energy":33,"posx":3,"posy":3,"lastAction":4,"status":0},{"playerId":2483603,"score":2075,"energy":16,"posx":3,"posy":3,"lastAction":5,"status":0},{"playerId":2422729,"score":1550,"energy":33,"posx":3,"posy":7,"lastAction":3,"status":0},{"playerId":803122,"score":1925,"energy":5,"posx":3,"posy":3,"lastAction":3,"status":0}],"golds":[{"posx":3,"posy":3,"amount":50},{"posx":4,"posy":8,"amount":200}],"changedObstacles":[{"type":3,"posx":3,"posy":7,"value":-20}]},{"players":[{"playerId":206247,"score":2000,"energy":50,"posx":3,"posy":3,"lastAction":4,"status":0},{"playerId":2483603,"score":2125,"energy":11,"posx":3,"posy":3,"lastAction":5,"status":0},{"playerId":2422729,"score":1550,"energy":23,"posx":4,"posy":7,"lastAction":1,"status":0},{"playerId":803122,"score":1925,"energy":17,"posx":3,"posy":3,"lastAction":4,"status":0}],"golds":[{"posx":4,"posy":8,"amount":200}],"changedObstacles":[{"type":0,"posx":4,"posy":7,"value":-1},{"type":0,"posx":3,"posy":3,"value":-1}]},{"players":[{"playerId":206247,"score":2000,"energy":49,"posx":3,"posy":4,"lastAction":3,"status":0},{"playerId":2483603,"score":2125,"energy":23,"posx":3,"posy":3,"lastAction":4,"status":0},{"playerId":2422729,"score":1550,"energy":19,"posx":4,"posy":8,"lastAction":3,"status":0},{"playerId":803122,"score":1925,"energy":33,"posx":3,"posy":3,"lastAction":4,"status":0}],"golds":[{"posx":4,"posy":8,"amount":200}],"changedObstacles":[]},{"players":[{"playerId":206247,"score":2000,"energy":39,"posx":4,"posy":4,"lastAction":1,"status":0},{"playerId":2483603,"score":2125,"energy":39,"posx":3,"posy":3,"lastAction":4,"status":0},{"playerId":2422729,"score":1600,"energy":14,"posx":4,"posy":8,"lastAction":5,"status":0},{"playerId":803122,"score":1925,"energy":50,"posx":3,"posy":3,"lastAction":4,"status":0}],"golds":[{"posx":4,"posy":8,"amount":150}],"changedObstacles":[{"type":0,"posx":4,"posy":4,"value":-1}]},{"players":[{"playerId":206247,"score":2000,"energy":20,"posx":4,"posy":5,"lastAction":3,"status":0},{"playerId":2483603,"score":2125,"energy":50,"posx":3,"posy":3,"lastAction":4,"status":0},{"playerId":2422729,"score":1650,"energy":9,"posx":4,"posy":8,"lastAction":5,"status":0},{"playerId":803122,"score":1925,"energy":50,"posx":3,"posy":3,"lastAction":4,"status":0}],"golds":[{"posx":4,"posy":8,"amount":100}],"changedObstacles":[]},{"players":[{"playerId":206247,"score":2000,"energy":19,"posx":4,"posy":6,"lastAction":3,"status":0},{"playerId":2483603,"score":2125,"energy":50,"posx":3,"posy":3,"lastAction":4,"status":0},{"playerId":2422729,"score":1700,"energy":4,"posx":4,"posy":8,"lastAction":5,"status":0},{"playerId":803122,"score":1925,"energy":50,"posx":3,"posy":3,"lastAction":4,"status":0}],"golds":[{"posx":4,"posy":8,"amount":50}],"changedObstacles":[]},{"players":[{"playerId":206247,"score":2000,"energy":18,"posx":4,"posy":7,"lastAction":3,"status":0},{"playerId":2483603,"score":2125,"energy":50,"posx":3,"posy":3,"lastAction":4,"status":0},{"playerId":2422729,"score":1700,"energy":16,"posx":4,"posy":8,"lastAction":4,"status":0},{"playerId":803122,"score":1925,"energy":50,"posx":3,"posy":3,"lastAction":4,"status":0}],"golds":[{"posx":4,"posy":8,"amount":50}],"changedObstacles":[]},{"players":[{"playerId":206247,"score":2000,"energy":14,"posx":4,"posy":8,"lastAction":3,"status":0},{"playerId":2483603,"score":2125,"energy":50,"posx":3,"posy":3,"lastAction":4,"status":0},{"playerId":2422729,"score":1750,"energy":11,"posx":4,"posy":8,"lastAction":5,"status":0},{"playerId":803122,"score":1925,"energy":50,"posx":3,"posy":3,"lastAction":4,"status":0}],"golds":[],"changedObstacles":[{"type":0,"posx":4,"posy":8,"value":-1}]}]