[{"players":[{"playerId":2374229,"score":0,"energy":40,"posx":19,"posy":5,"lastAction":2,"status":0},{"playerId":2415753,"score":0,"energy":40,"posx":19,"posy":5,"lastAction":2,"status":0},{"playerId":1166,"score":0,"energy":40,"posx":19,"posy":5,"lastAction":2,"status":0},{"playerId":2233933,"score":0,"energy":45,"posx":19,"posy":7,"lastAction":3,"status":0}],"golds":[{"posx":16,"posy":8,"amount":550},{"posx":2,"posy":4,"amount":200},{"posx":11,"posy":3,"amount":700},{"posx":4,"posy":6,"amount":350},{"posx":11,"posy":5,"amount":550},{"posx":6,"posy":0,"amount":400},{"posx":11,"posy":7,"amount":200},{"posx":4,"posy":8,"amount":200},{"posx":19,"posy":2,"amount":700},{"posx":15,"posy":5,"amount":350},{"posx":10,"posy":0,"amount":700},{"posx":9,"posy":1,"amount":750},{"posx":17,"posy":7,"amount":100},{"posx":7,"posy":3,"amount":300},{"posx":2,"posy":1,"amount":200},{"posx":3,"posy":3,"amount":200},{"posx":12,"posy":8,"amount":300},{"posx":11,"posy":8,"amount":400},{"posx":4,"posy":1,"amount":300},{"posx":16,"posy":7,"amount":350}],"changedObstacles":[{"type":0,"posx":19,"posy":5,"value":-1},{"type":3,"posx":19,"posy":7,"value":-20}]},{"players":[{"playerId":2374229,"score":0,"energy":39,"posx":19,"posy":4,"lastAction":2,"status":0},{"playerId":2415753,"score":0,"energy":39,"posx":18,"posy":5,"lastAction":0,"status":0},{"playerId":1166,"score":0,"energy":39,"posx":19,"posy":4,"lastAction":2,"status":0},{"playerId":2233933,"score":0,"energy":28,"posx":18,"posy":7,"lastAction":0,"status":0}],"golds":[{"posx":16,"posy":8,"amount":550},{"posx":2,"posy":4,"amount":200},{"posx":11,"posy":3,"amount":700},{"posx":4,"posy":6,"amount":350},{"posx":11,"posy":5,"amount":550},{"posx":6,"posy":0,"amount":400},{"posx":11,"posy":7,"amount":200},{"posx":4,"posy":8,"amount":200},{"posx":19,"posy":2,"amount":700},{"posx":15,"posy":5,"amount":350},{"posx":10,"posy":0,"amount":700},{"posx":9,"posy":1,"amount":750},{"posx":17,"posy":7,"amount":100},{"posx":7,"posy":3,"amount":300},{"posx":2,"posy":1,"amount":200},{"posx":3,"posy":3,"amount":200},{"posx":12,"posy":8,"amount":300},{"posx":11,"posy":8,"amount":400},{"posx":4,"posy":1,"amount":300},{"posx":16,"posy":7,"amount":350}],"changedObstacles":[]},{"players":[{"playerId":2374229,"score":0,"energy":38,"posx":19,"posy":3,"lastAction":2,"status":0},{"playerId":2415753,"score":0,"energy":38,"posx":18,"posy":4,"lastAction":2,"status":0},{"playerId":1166,"score":0,"energy":38,"posx":19,"posy":3,"lastAction":2,"status":0},{"playerId":2233933,"score":0,"energy":24,"posx":17,"posy":7,"lastAction":0,"status":0}],"golds":[{"posx":16,"posy":8,"amount":550},{"posx":2,"posy":4,"amount":200},{"posx":11,"posy":3,"amount":700},{"posx":4,"posy":6,"amount":350},{"posx":11,"posy":5,"amount":550},{"posx":6,"posy":0,"amount":400},{"posx":11,"posy":7,"amount":200},{"posx":4,"posy":8,"amount":200},{"posx":19,"posy":2,"amount":700},{"posx":15,"posy":5,"amount":350},{"posx":10,"posy":0,"amount":700},{"posx":9,"posy":1,"amount":750},{"posx":17,"posy":7,"amount":100},{"posx":7,"posy":3,"amount":300},{"posx":2,"posy":1,"amount":200},{"posx":3,"posy":3,"amount":200},{"posx":12,"posy":8,"amount":300},{"posx":11,"posy":8,"amount":400},{"posx":4,"posy":1,"amount":300},{"posx":16,"posy":7,"amount":350}],"changedObstacles":[]},{"players":[{"playerId":2374229,"score":0,"energy":33,"posx":18,"posy":3,"lastAction":0,"status":0},{"playerId":2415753,"score":0,"energy":37,"posx":17,"posy":4,"lastAction":0,"status":0},{"playerId":1166,"score":0,"energy":34,"posx":19,"posy":2,"lastAction":2,"status":0},{"playerId":2233933,"score":50,"energy":19,"posx":17,"posy":7,"lastAction":5,"status":0}],"golds":[{"posx":6,"posy":0,"amount":400},{"posx":10,"posy":0,"amount":700},{"posx":2,"posy":1,"amount":200},{"posx":4,"posy":1,"amount":300},{"posx":9,"posy":1,"amount":750},{"posx":19,"posy":2,"amount":700},{"posx":3,"posy":3,"amount":200},{"posx":7,"posy":3,"amount":300},{"posx":11,"posy":3,"amount":700},{"posx":2,"posy":4,"amount":200},{"posx":11,"posy":5,"amount":550},{"posx":15,"posy":5,"amount":350},{"posx":4,"posy":6,"amount":350},{"posx":11,"posy":7,"amount":200},{"posx":16,"posy":7,"amount":350},{"posx":17,"posy":7,"amount":50},{"posx":4,"posy":8,"amount":200},{"posx":11,"posy":8,"amount":400},{"posx":12,"posy":8,"amount":300},{"posx":16,"posy":8,"amount":550}],"changedObstacles":[{"type":3,"posx":18,"posy":3,"value":-20}]},{"players":[{"playerId":2374229,"score":0,"energy":28,"posx":18,"posy":2,"lastAction":2,"status":0},{"playerId":2415753,"score":0,"energy":36,"posx":16,"posy":4,"lastAction":0,"status":0},{"playerId":1166,"score":50,"energy":29,"posx":19,"posy":2,"lastAction":5,"status":0},{"playerId":2233933,"score":100,"energy":14,"posx":17,"posy":7,"lastAction":5,"status":0}],"golds":[{"posx":6,"posy":0,"amount":400},{"posx":10,"posy":0,"amount":700},{"posx":2,"posy":1,"amount":200},{"posx":4,"posy":1,"amount":300},{"posx":9,"posy":1,"amount":750},{"posx":19,"posy":2,"amount":650},{"posx":3,"posy":3,"amount":200},{"posx":7,"posy":3,"amount":300},{"posx":11,"posy":3,"amount":700},{"posx":2,"posy":4,"amount":200},{"posx":11,"posy":5,"amount":550},{"posx":15,"posy":5,"amount":350},{"posx":4,"posy":6,"amount":350},{"posx":11,"posy":7,"amount":200},{"posx":16,"posy":7,"amount":350},{"posx":4,"posy":8,"amount":200},{"posx":11,"posy":8,"amount":400},{"posx":12,"posy":8,"amount":300},{"posx":16,"posy":8,"amount":550}],"changedObstacles":[{"type":3,"posx":18,"posy":2,"value":-20},{"type":0,"posx":17,"posy":7,"value":-1}]},{"players":[{"playerId":2374229,"score":0,"energy":27,"posx":18,"posy":1,"lastAction":2,"status":0},{"playerId":2415753,"score":0,"energy":35,"posx":16,"posy":3,"lastAction":2,"status":0},{"playerId":1166,"score":100,"energy":24,"posx":19,"posy":2,"lastAction":5,"status":0},{"playerId":2233933,"score":100,"energy":10,"posx":16,"posy":7,"lastAction":0,"status":0}],"golds":[{"posx":6,"posy":0,"amount":400},{"posx":10,"posy":0,"amount":700},{"posx":2,"posy":1,"amount":200},{"posx":4,"posy":1,"amount":300},{"posx":9,"posy":1,"amount":750},{"posx":19,"posy":2,"amount":600},{"posx":3,"posy":3,"amount":200},{"posx":7,"posy":3,"amount":300},{"posx":11,"posy":3,"amount":700},{"posx":2,"posy":4,"amount":200},{"posx":11,"posy":5,"amount":550},{"posx":15,"posy":5,"amount":350},{"posx":4,"posy":6,"amount":350},{"posx":11,"posy":7,"amount":200},{"posx":16,"posy":7,"amount":350},{"posx":4,"posy":8,"amount":200},{"posx":11,"posy":8,"amount":400},{"posx":12,"posy":8,"amount":300},{"posx":16,"posy":8,"amount":550}],"changedObstacles":[]},{"players":[{"playerId":2374229,"score":0,"energy":7,"posx":18,"posy":2,"lastAction":3,"status":0},{"playerId":2415753,"score":0,"energy":34,"posx":15,"posy":3,"lastAction":0,"status":0},{"playerId":1166,"score":150,"energy":19,"posx":19,"posy":2,"lastAction":5,"status":0},{"playerId":2233933,"score":150,"energy":5,"posx":16,"posy":7,"lastAction":5,"status":0}],"golds":[{"posx":6,"posy":0,"amount":400},{"posx":10,"posy":0,"amount":700},{"posx":2,"posy":1,"amount":200},{"posx":4,"posy":1,"amount":300},{"posx":9,"posy":1,"amount":750},{"posx":19,"posy":2,"amount":550},{"posx":3,"posy":3,"amount":200},{"posx":7,"posy":3,"amount":300},{"posx":11,"posy":3,"amount":700},{"posx":2,"posy":4,"amount":200},{"posx":11,"posy":5,"amount":550},{"posx":15,"posy":5,"amount":350},{"posx":4,"posy":6,"amount":350},{"posx":11,"posy":7,"amount":200},{"posx":16,"posy":7,"amount":300},{"posx":4,"posy":8,"amount":200},{"posx":11,"posy":8,"amount":400},{"posx":12,"posy":8,"amount":300},{"posx":16,"posy":8,"amount":550}],"changedObstacles":[{"type":3,"posx":18,"posy":2,"value":-40}]},{"players":[{"playerId":2374229,"score":0,"energy":19,"posx":18,"posy":2,"lastAction":4,"status":0},{"playerId":2415753,"score":0,"energy":33,"posx":14,"posy":3,"lastAction":0,"status":0},{"playerId":1166,"score":200,"energy":14,"posx":19,"posy":2,"lastAction":5,"status":0},{"playerId":2233933,"score":150,"energy":17,"posx":16,"posy":7,"lastAction":4,"status":0}],"golds":[{"posx":6,"posy":0,"amount":400},{"posx":10,"posy":0,"amount":700},{"posx":2,"posy":1,"amount":200},{"posx":4,"posy":1,"amount":300},{"posx":9,"posy":1,"amount":750},{"posx":19,"posy":2,"amount":500},{"posx":3,"posy":3,"amount":200},{"posx":7,"posy":3,"amount":300},{"posx":11,"posy":3,"amount":700},{"posx":2,"posy":4,"amount":200},{"posx":11,"posy":5,"amount":550},{"posx":15,"posy":5,"amount":350},{"posx":4,"posy":6,"amount":350},{"posx":11,"posy":7,"amount":200},{"posx":16,"posy":7,"amount":300},{"posx":4,"posy":8,"amount":200},{"posx":11,"posy":8,"amount":400},{"posx":12,"posy":8,"amount":300},{"posx":16,"posy":8,"amount":550}],"changedObstacles":[]},{"players":[{"playerId":2374229,"score":0,"energy":35,"posx":18,"posy":2,"lastAction":4,"status":0},{"playerId":2415753,"score":0,"energy":23,"posx":13,"posy":3,"lastAction":0,"status":0},{"playerId":1166,"score":250,"energy":9,"posx":19,"posy":2,"lastAction":5,"status":0},{"playerId":2233933,"score":150,"energy":33,"posx":16,"posy":7,"lastAction":4,"status":0}],"golds":[{"posx":6,"posy":0,"amount":400},{"posx":10,"posy":0,"amount":700},{"posx":2,"posy":1,"amount":200},{"posx":4,"posy":1,"amount":300},{"posx":9,"posy":1,"amount":750},{"posx":19,"posy":2,"amount":450},{"posx":3,"posy":3,"amount":200},{"posx":7,"posy":3,"amount":300},{"posx":11,"posy":3,"amount":700},{"posx":2,"posy":4,"amount":200},{"posx":11,"posy":5,"amount":550},{"posx":15,"posy":5,"amount":350},{"posx":4,"posy":6,"amount":350},{"posx":11,"posy":7,"amount":200},{"posx":16,"posy":7,"amount":300},{"posx":4,"posy":8,"amount":200},{"posx":11,"posy":8,"amount":400},{"posx":12,"posy":8,"amount":300},{"posx":16,"posy":8,"amount":550}],"changedObstacles":[{"type":0,"posx":13,"posy":3,"value":-1}]},{"players":[{"playerId":2374229,"score":0,"energy":34,"posx":18,"posy":1,"lastAction":2,"status":0},{"playerId":2415753,"score":0,"energy":22,"posx":12,"posy":3,"lastAction":0,"status":0},{"playerId":1166,"score":300,"energy":4,"posx":19,"posy":2,"lastAction":5,"status":0},{"playerId":2233933,"score":150,"energy":50,"posx":16,"posy":7,"lastAction":4,"status":0}],"golds":[{"posx":6,"posy":0,"amount":400},{"posx":10,"posy":0,"amount":700},{"posx":2,"posy":1,"amount":200},{"posx":4,"posy":1,"amount":300},{"posx":9,"posy":1,"amount":750},{"posx":19,"posy":2,"amount":400},{"posx":3,"posy":3,"amount":200},{"posx":7,"posy":3,"amount":300},{"posx":11,"posy":3,"amount":700},{"posx":2,"posy":4,"amount":200},{"posx":11,"posy":5,"amount":550},{"posx":15,"posy":5,"amount":350},{"posx":4,"posy":6,"amount":350},{"posx":11,"posy":7,"amount":200},{"posx":16,"posy":7,"amount":300},{"posx":4,"posy":8,"amount":200},{"posx":11,"posy":8,"amount":400},{"posx":12,"posy":8,"amount":300},{"posx":16,"posy":8,"amount":550}],"changedObstacles":[]},{"players":[{"playerId":2374229,"score":0,"energy":29,"posx":19,"posy":1,"lastAction":1,"status":0},{"playerId":2415753,"score":0,"energy":18,"posx":11,"posy":3,"lastAction":0,"status":0},{"playerId":1166,"score":300,"energy":16,"posx":19,"posy":2,"lastAction":4,"status":0},{"playerId":2233933,"score":200,"energy":45,"posx":16,"posy":7,"lastAction":5,"status":0}],"golds":[{"posx":6,"posy":0,"amount":400},{"posx":10,"posy":0,"amount":700},{"posx":2,"posy":1,"amount":200},{"posx":4,"posy":1,"amount":300},{"posx":9,"posy":1,"amount":750},{"posx":19,"posy":2,"amount":400},{"posx":3,"posy":3,"amount":200},{"posx":7,"posy":3,"amount":300},{"posx":11,"posy":3,"amount":700},{"posx":2,"posy":4,"amount":200},{"posx":11,"posy":5,"amount":550},{"posx":15,"posy":5,"amount":350},{"posx":4,"posy":6,"amount":350},{"posx":11,"posy":7,"amount":200},{"posx":16,"posy":7,"amount":250},{"posx":4,"posy":8,"amount":200},{"posx":11,"posy":8,"amount":400},{"posx":12,"posy":8,"amount":300},{"posx":16,"posy":8,"amount":550}],"changedObstacles":[{"type":3,"posx":19,"posy":1,"value":-20}]},{"players":[{"playerId":2374229,"score":0,"energy":24,"posx":20,"posy":1,"lastAction":1,"status":0},{"playerId":2415753,"score":50,"energy":13,"posx":11,"posy":3,"lastAction":5,"status":0},{"playerId":1166,"score":300,"energy":32,"posx":19,"posy":2,"lastAction":4,"status":0},{"playerId":2233933,"score":250,"energy":40,"posx":16,"posy":7,"lastAction":5,"status":0}],"golds":[{"posx":6,"posy":0,"amount":400},{"posx":10,"posy":0,"amount":700},{"posx":2,"posy":1,"amount":200},{"posx":4,"posy":1,"amount":300},{"posx":9,"posy":1,"amount":750},{"posx":19,"posy":2,"amount":400},{"posx":3,"posy":3,"amount":200},{"posx":7,"posy":3,"amount":300},{"posx":11,"posy":3,"amount":650},{"posx":2,"posy":4,"amount":200},{"posx":11,"posy":5,"amount":550},{"posx":15,"posy":5,"amount":350},{"posx":4,"posy":6,"amount":350},{"posx":11,"posy":7,"amount":200},{"posx":16,"posy":7,"amount":200},{"posx":4,"posy":8,"amount":200},{"posx":11,"posy":8,"amount":400},{"posx":12,"posy":8,"amount":300},{"posx":16,"posy":8,"amount":550}],"changedObstacles":[{"type":3,"posx":20,"posy":1,"value":-20}]},{"players":[{"playerId":2374229,"score":0,"energy":19,"posx":20,"posy":2,"lastAction":3,"status":0},{"playerId":2415753,"score":100,"energy":8,"posx":11,"posy":3,"lastAction":5,"status":0},{"playerId":1166,"score":350,"energy":27,"posx":19,"posy":2,"lastAction":5,"status":0},{"playerId":2233933,"score":300,"energy":35,"posx":16,"posy":7,"lastAction":5,"status":0}],"golds":[{"posx":6,"posy":0,"amount":400},{"posx":10,"posy":0,"amount":700},{"posx":2,"posy":1,"amount":200},{"posx":4,"posy":1,"amount":300},{"posx":9,"posy":1,"amount":750},{"posx":19,"posy":2,"amount":350},{"posx":3,"posy":3,"amount":200},{"posx":7,"posy":3,"amount":300},{"posx":11,"posy":3,"amount":600},{"posx":2,"posy":4,"amount":200},{"posx":11,"posy":5,"amount":550},{"posx":15,"posy":5,"amount":350},{"posx":4,"posy":6,"amount":350},{"posx":11,"posy":7,"amount":200},{"posx":16,"posy":7,"amount":150},{"posx":4,"posy":8,"amount":200},{"posx":11,"posy":8,"amount":400},{"posx":12,"posy":8,"amount":300},{"posx":16,"posy":8,"amount":550}],"changedObstacles":[{"type":3,"posx":20,"posy":2,"value":-20}]},{"players":[{"playerId":2374229,"score":0,"energy":31,"posx":20,"posy":2,"lastAction":4,"status":0},{"playerId":2415753,"score":150,"energy":3,"posx":11,"posy":3,"lastAction":5,"status":0},{"playerId":1166,"score":400,"energy":22,"posx":19,"posy":2,"lastAction":5,"status":0},{"playerId":2233933,"score":350,"energy":30,"posx":16,"posy":7,"lastAction":5,"status":0}],"golds":[{"posx":6,"posy":0,"amount":400},{"posx":10,"posy":0,"amount":700},{"posx":2,"posy":1,"amount":200},{"posx":4,"posy":1,"amount":300},{"posx":9,"posy":1,"amount":750},{"posx":19,"posy":2,"amount":300},{"posx":3,"posy":3,"amount":200},{"posx":7,"posy":3,"amount":300},{"posx":11,"posy":3,"amount":550},{"posx":2,"posy":4,"amount":200},{"posx":11,"posy":5,"amount":550},{"posx":15,"posy":5,"amount":350},{"posx":4,"posy":6,"amount":350},{"posx":11,"posy":7,"amount":200},{"posx":16,"posy":7,"amount":100},{"posx":4,"posy":8,"amount":200},{"posx":11,"posy":8,"amount":400},{"posx":12,"posy":8,"amount":300},{"posx":16,"posy":8,"amount":550}],"changedObstacles":[]},{"players":[{"playerId":2374229,"score":0,"energy":11,"posx":20,"posy":1,"lastAction":2,"status":0},{"playerId":2415753,"score":150,"energy":15,"posx":11,"posy":3,"lastAction":4,"status":0},{"playerId":1166,"score":450,"energy":17,"posx":19,"posy":2,"lastAction":5,"status":0},{"playerId":2233933,"score":400,"energy":25,"posx":16,"posy":7,"lastAction":5,"status":0}],"golds":[{"posx":6,"posy":0,"amount":400},{"posx":10,"posy":0,"amount":700},{"posx":2,"posy":1,"amount":200},{"posx":4,"posy":1,"amount":300},{"posx":9,"posy":1,"amount":750},{"posx":19,"posy":2,"amount":250},{"posx":3,"posy":3,"amount":200},{"posx":7,"posy":3,"amount":300},{"posx":11,"posy":3,"amount":550},{"posx":2,"posy":4,"amount":200},{"posx":11,"posy":5,"amount":550},{"posx":15,"posy":5,"amount":350},{"posx":4,"posy":6,"amount":350},{"posx":11,"posy":7,"amount":200},{"posx":16,"posy":7,"amount":50},{"posx":4,"posy":8,"amount":200},{"posx":11,"posy":8,"amount":400},{"posx":12,"posy":8,"amount":300},{"posx":16,"posy":8,"amount":550}],"changedObstacles":[{"type":3,"posx":20,"posy":1,"value":-40}]},{"players":[{"playerId":2374229,"score":0,"energy":23,"posx":20,"posy":1,"lastAction":4,"status":0},{"playerId":2415753,"score":200,"energy":10,"posx":11,"posy":3,"lastAction":5,"status":0},{"playerId":1166,"score":500,"energy":12,"posx":19,"posy":2,"lastAction":5,"status":0},{"playerId":2233933,"score":450,"energy":20,"posx":16,"posy":7,"lastAction":5,"status":0}],"golds":[{"posx":6,"posy":0,"amount":400},{"posx":10,"posy":0,"amount":700},{"posx":2,"posy":1,"amount":200},{"posx":4,"posy":1,"amount":300},{"posx":9,"posy":1,"amount":750},{"posx":19,"posy":2,"amount":200},{"posx":3,"posy":3,"amount":200},{"posx":7,"posy":3,"amount":300},{"posx":11,"posy":3,"amount":500},{"posx":2,"posy":4,"amount":200},{"posx":11,"posy":5,"amount":550},{"posx":15,"posy":5,"amount":350},{"posx":4,"posy":6,"amount":350},{"posx":11,"posy":7,"amount":200},{"posx":4,"posy":8,"amount":200},{"posx":11,"posy":8,"amount":400},{"posx":12,"posy":8,"amount":300},{"posx":16,"posy":8,"amount":550}],"changedObstacles":[{"type":0,"posx":16,"posy":7,"value":-1}]},{"players":[{"playerId":2374229,"score":0,"energy":15,"posx":20,"posy":0,"lastAction":2,"status":0},{"playerId":2415753,"score":250,"energy":5,"posx":11,"posy":3,"lastAction":5,"status":0},{"playerId":1166,"score":550,"energy":7,"posx":19,"posy":2,"lastAction":5,"status":0},{"playerId":2233933,"score":450,"energy":16,"posx":16,"posy":8,"lastAction":3,"status":0}],"golds":[{"posx":6,"posy":0,"amount":400},{"posx":10,"posy":0,"amount":700},{"posx":2,"posy":1,"amount":200},{"posx":4,"posy":1,"amount":300},{"posx":9,"posy":1,"amount":750},{"posx":19,"posy":2,"amount":150},{"posx":3,"posy":3,"amount":200},{"posx":7,"posy":3,"amount":300},{"posx":11,"posy":3,"amount":450},{"posx":2,"posy":4,"amount":200},{"posx":11,"posy":5,"amount":550},{"posx":15,"posy":5,"amount":350},{"posx":4,"posy":6,"amount":350},{"posx":11,"posy":7,"amount":200},{"posx":4,"posy":8,"amount":200},{"posx":11,"posy":8,"amount":400},{"posx":12,"posy":8,"amount":300},{"posx":16,"posy":8,"amount":550}],"changedObstacles":[]},{"players":[{"playerId":2374229,"score":0,"energy":27,"posx":20,"posy":0,"lastAction":4,"status":0},{"playerId":2415753,"score":250,"energy":17,"posx":11,"posy":3,"lastAction":4,"status":0},{"playerId":1166,"score":600,"energy":2,"posx":19,"posy":2,"lastAction":5,"status":0},{"playerId":2233933,"score":500,"energy":11,"posx":16,"posy":8,"lastAction":5,"status":0}],"golds":[{"posx":6,"posy":0,"amount":400},{"posx":10,"posy":0,"amount":700},{"posx":2,"posy":1,"amount":200},{"posx":4,"posy":1,"amount":300},{"posx":9,"posy":1,"amount":750},{"posx":19,"posy":2,"amount":100},{"posx":3,"posy":3,"amount":200},{"posx":7,"posy":3,"amount":300},{"posx":11,"posy":3,"amount":450},{"posx":2,"posy":4,"amount":200},{"posx":11,"posy":5,"amount":550},{"posx":15,"posy":5,"amount":350},{"posx":4,"posy":6,"amount":350},{"posx":11,"posy":7,"amount":200},{"posx":4,"posy":8,"amount":200},{"posx":11,"posy":8,"amount":400},{"posx":12,"posy":8,"amount":300},{"posx":16,"posy":8,"amount":500}],"changedObstacles":[]},{"players":[{"playerId":2374229,"score":0,"energy":17,"posx":19,"posy":0,"lastAction":0,"status":0},{"playerId":2415753,"score":300,"energy":12,"posx":11,"posy":3,"lastAction":5,"status":0},{"playerId":1166,"score":600,"energy":14,"posx":19,"posy":2,"lastAction":4,"status":0},{"playerId":2233933,"score":550,"energy":6,"posx":16,"posy":8,"lastAction":5,"status":0}],"golds":[{"posx":6,"posy":0,"amount":400},{"posx":10,"posy":0,"amount":700},{"posx":2,"posy":1,"amount":200},{"posx":4,"posy":1,"amount":300},{"posx":9,"posy":1,"amount":750},{"posx":19,"posy":2,"amount":100},{"posx":3,"posy":3,"amount":200},{"posx":7,"posy":3,"amount":300},{"posx":11,"posy":3,"amount":400},{"posx":2,"posy":4,"amount":200},{"posx":11,"posy":5,"amount":550},{"posx":15,"posy":5,"amount":350},{"posx":4,"posy":6,"amount":350},{"posx":11,"posy":7,"amount":200},{"posx":4,"posy":8,"amount":200},{"posx":11,"posy":8,"amount":400},{"posx":12,"posy":8,"amount":300},{"posx":16,"posy":8,"amount":450}],"changedObstacles":[{"type":0,"posx":19,"posy":0,"value":-1}]},{"players":[{"playerId":2374229,"score":0,"energy":29,"posx":19,"posy":0,"lastAction":4,"status":0},{"playerId":2415753,"score":350,"energy":7,"posx":11,"posy":3,"lastAction":5,"status":0},{"playerId":1166,"score":650,"energy":9,"posx":19,"posy":2,"lastAction":5,"status":0},{"playerId":2233933,"score":600,"energy":1,"posx":16,"posy":8,"lastAction":5,"status":0}],"golds":[{"posx":6,"posy":0,"amount":400},{"posx":10,"posy":0,"amount":700},{"posx":2,"posy":1,"amount":200},{"posx":4,"posy":1,"amount":300},{"posx":9,"posy":1,"amount":750},{"posx":19,"posy":2,"amount":50},{"posx":3,"posy":3,"amount":200},{"posx":7,"posy":3,"amount":300},{"posx":11,"posy":3,"amount":350},{"posx":2,"posy":4,"amount":200},{"posx":11,"posy":5,"amount":550},{"posx":15,"posy":5,"amount":350},{"posx":4,"posy":6,"amount":350},{"posx":11,"posy":7,"amount":200},{"posx":4,"posy":8,"amount":200},{"posx":11,"posy":8,"amount":400},{"posx":12,"posy":8,"amount":300},{"posx":16,"posy":8,"amount":400}],"changedObstacles":[]},{"players":[{"playerId":2374229,"score":0,"energy":9,"posx":19,"posy":1,"lastAction":3,"status":0},{"playerId":2415753,"score":400,"energy":2,"posx":11,"posy":3,"lastAction":5,"status":0},{"playerId":1166,"score":700,"energy":4,"posx":19,"posy":2,"lastAction":5,"status":0},{"playerId":2233933,"score":600,"energy":13,"posx":16,"posy":8,"lastAction":4,"status":0}],"golds":[{"posx":6,"posy":0,"amount":400},{"posx":10,"posy":0,"amount":700},{"posx":2,"posy":1,"amount":200},{"posx":4,"posy":1,"amount":300},{"posx":9,"posy":1,"amount":750},{"posx":3,"posy":3,"amount":200},{"posx":7,"posy":3,"amount":300},{"posx":11,"posy":3,"amount":300},{"posx":2,"posy":4,"amount":200},{"posx":11,"posy":5,"amount":550},{"posx":15,"posy":5,"amount":350},{"posx":4,"posy":6,"amount":350},{"posx":11,"posy":7,"amount":200},{"posx":4,"posy":8,"amount":200},{"posx":11,"posy":8,"amount":400},{"posx":12,"posy":8,"amount":300},{"posx":16,"posy":8,"amount":400}],"changedObstacles":[{"type":3,"posx":19,"posy":1,"value":-40},{"type":0,"posx":19,"posy":2,"value":-1}]},{"players":[{"playerId":2374229,"score":0,"energy":21,"posx":19,"posy":1,"lastAction":4,"status":0},{"playerId":2415753,"score":400,"energy":14,"posx":11,"posy":3,"lastAction":4,"status":0},{"playerId":1166,"score":700,"energy":16,"posx":19,"posy":2,"lastAction":4,"status":0},{"playerId":2233933,"score":600,"energy":29,"posx":16,"posy":8,"lastAction":4,"status":0}],"golds":[{"posx":6,"posy":0,"amount":400},{"posx":10,"posy":0,"amount":700},{"posx":2,"posy":1,"amount":200},{"posx":4,"posy":1,"amount":300},{"posx":9,"posy":1,"amount":750},{"posx":3,"posy":3,"amount":200},{"posx":7,"posy":3,"amount":300},{"posx":11,"posy":3,"amount":300},{"posx":2,"posy":4,"amount":200},{"posx":11,"posy":5,"amount":550},{"posx":15,"posy":5,"amount":350},{"posx":4,"posy":6,"amount":350},{"posx":11,"posy":7,"amount":200},{"posx":4,"posy":8,"amount":200},{"posx":11,"posy":8,"amount":400},{"posx":12,"posy":8,"amount":300},{"posx":16,"posy":8,"amount":400}],"changedObstacles":[]},{"players":[{"playerId":2374229,"score":0,"energy":20,"posx":18,"posy":1,"lastAction":0,"status":0},{"playerId":2415753,"score":450,"energy":9,"posx":11,"posy":3,"lastAction":5,"status":0},{"playerId":1166,"score":700,"energy":32,"posx":19,"posy":2,"lastAction":4,"status":0},{"playerId":2233933,"score":600,"energy":50,"posx":16,"posy":8,"lastAction":4,"status":0}],"golds":[{"posx":6,"posy":0,"amount":400},{"posx":10,"posy":0,"amount":700},{"posx":2,"posy":1,"amount":200},{"posx":4,"posy":1,"amount":300},{"posx":9,"posy":1,"amount":750},{"posx":3,"posy":3,"amount":200},{"posx":7,"posy":3,"amount":300},{"posx":11,"posy":3,"amount":250},{"posx":2,"posy":4,"amount":200},{"posx":11,"posy":5,"amount":550},{"posx":15,"posy":5,"amount":350},{"posx":4,"posy":6,"amount":350},{"posx":11,"posy":7,"amount":200},{"posx":4,"posy":8,"amount":200},{"posx":11,"posy":8,"amount":400},{"posx":12,"posy":8,"amount":300},{"posx":16,"posy":8,"amount":400}],"changedObstacles":[]},{"players":[{"playerId":2374229,"score":0,"energy":32,"posx":18,"posy":1,"lastAction":4,"status":0},{"playerId":2415753,"score":500,"energy":4,"posx":11,"posy":3,"lastAction":5,"status":0},{"playerId":1166,"score":700,"energy":50,"posx":19,"posy":2,"lastAction":4,"status":0},{"playerId":2233933,"score":650,"energy":45,"posx":16,"posy":8,"lastAction":5,"status":0}],"golds":[{"posx":6,"posy":0,"amount":400},{"posx":10,"posy":0,"amount":700},{"posx":2,"posy":1,"amount":200},{"posx":4,"posy":1,"amount":300},{"posx":9,"posy":1,"amount":750},{"posx":3,"posy":3,"amount":200},{"posx":7,"posy":3,"amount":300},{"posx":11,"posy":3,"amount":200},{"posx":2,"posy":4,"amount":200},{"posx":11,"posy":5,"amount":550},{"posx":15,"posy":5,"amount":350},{"posx":4,"posy":6,"amount":350},{"posx":11,"posy":7,"amount":200},{"posx":4,"posy":8,"amount":200},{"posx":11,"posy":8,"amount":400},{"posx":12,"posy":8,"amount":300},{"posx":16,"posy":8,"amount":350}],"changedObstacles":[]},{"players":[{"playerId":2374229,"score":0,"energy":22,"posx":17,"posy":1,"lastAction":0,"status":0},{"playerId":2415753,"score":500,"energy":16,"posx":11,"posy":3,"lastAction":4,"status":0},{"playerId":1166,"score":700,"energy":10,"posx":18,"posy":2,"lastAction":0,"status":0},{"playerId":2233933,"score":700,"energy":40,"posx":16,"posy":8,"lastAction":5,"status":0}],"golds":[{"posx":6,"posy":0,"amount":400},{"posx":10,"posy":0,"amount":700},{"posx":2,"posy":1,"amount":200},{"posx":4,"posy":1,"amount":300},{"posx":9,"posy":1,"amount":750},{"posx":3,"posy":3,"amount":200},{"posx":7,"posy":3,"amount":300},{"posx":11,"posy":3,"amount":200},{"posx":2,"posy":4,"amount":200},{"posx":11,"posy":5,"amount":550},{"posx":15,"posy":5,"amount":350},{"posx":4,"posy":6,"amount":350},{"posx":11,"posy":7,"amount":200},{"posx":4,"posy":8,"amount":200},{"posx":11,"posy":8,"amount":400},{"posx":12,"posy":8,"amount":300},{"posx":16,"posy":8,"amount":300}],"changedObstacles":[{"type":3,"posx":18,"posy":2,"value":-100},{"type":0,"posx":17,"posy":1,"value":-1}]},{"players":[{"playerId":2374229,"score":0,"energy":12,"posx":16,"posy":1,"lastAction":0,"status":0},{"playerId":2415753,"score":550,"energy":11,"posx":11,"posy":3,"lastAction":5,"status":0},{"playerId":1166,"score":700,"energy":9,"posx":18,"posy":1,"lastAction":2,"status":0},{"playerId":2233933,"score":750,"energy":35,"posx":16,"posy":8,"lastAction":5,"status":0}],"golds":[{"posx":6,"posy":0,"amount":400},{"posx":10,"posy":0,"amount":700},{"posx":2,"posy":1,"amount":200},{"posx":4,"posy":1,"amount":300},{"posx":9,"posy":1,"amount":750},{"posx":3,"posy":3,"amount":200},{"posx":7,"posy":3,"amount":300},{"posx":11,"posy":3,"amount":150},{"posx":2,"posy":4,"amount":200},{"posx":11,"posy":5,"amount":550},{"posx":15,"posy":5,"amount":350},{"posx":4,"posy":6,"amount":350},{"posx":11,"posy":7,"amount":200},{"posx":4,"posy":8,"amount":200},{"posx":11,"posy":8,"amount":400},{"posx":12,"posy":8,"amount":300},{"posx":16,"posy":8,"amount":250}],"changedObstacles":[{"type":0,"posx":16,"posy":1,"value":-1}]},{"players":[{"playerId":2374229,"score":0,"energy":24,"posx":16,"posy":1,"lastAction":4,"status":0},{"playerId":2415753,"score":600,"energy":6,"posx":11,"posy":3,"lastAction":5,"status":0},{"playerId":1166,"score":700,"energy":8,"posx":17,"posy":1,"lastAction":0,"status":0},{"playerId":2233933,"score":800,"energy":30,"posx":16,"posy":8,"lastAction":5,"status":0}],"golds":[{"posx":6,"posy":0,"amount":400},{"posx":10,"posy":0,"amount":700},{"posx":2,"posy":1,"amount":200},{"posx":4,"posy":1,"amount":300},{"posx":9,"posy":1,"amount":750},{"posx":3,"posy":3,"amount":200},{"posx":7,"posy":3,"amount":300},{"posx":11,"posy":3,"amount":100},{"posx":2,"posy":4,"amount":200},{"posx":11,"posy":5,"amount":550},{"posx":15,"posy":5,"amount":350},{"posx":4,"posy":6,"amount":350},{"posx":11,"posy":7,"amount":200},{"posx":4,"posy":8,"amount":200},{"posx":11,"posy":8,"amount":400},{"posx":12,"posy":8,"amount":300},{"posx":16,"posy":8,"amount":200}],"changedObstacles":[]},{"players":[{"playerId":2374229,"score":0,"energy":19,"posx":15,"posy":1,"lastAction":0,"status":0},{"playerId":2415753,"score":650,"energy":1,"posx":11,"posy":3,"lastAction":5,"status":0},{"playerId":1166,"score":700,"energy":7,"posx":16,"posy":1,"lastAction":0,"status":0},{"playerId":2233933,"score":850,"energy":25,"posx":16,"posy":8,"lastAction":5,"status":0}],"golds":[{"posx":6,"posy":0,"amount":400},{"posx":10,"posy":0,"amount":700},{"posx":2,"posy":1,"amount":200},{"posx":4,"posy":1,"amount":300},{"posx":9,"posy":1,"amount":750},{"posx":3,"posy":3,"amount":200},{"posx":7,"posy":3,"amount":300},{"posx":11,"posy":3,"amount":50},{"posx":2,"posy":4,"amount":200},{"posx":11,"posy":5,"amount":550},{"posx":15,"posy":5,"amount":350},{"posx":4,"posy":6,"amount":350},{"posx":11,"posy":7,"amount":200},{"posx":4,"posy":8,"amount":200},{"posx":11,"posy":8,"amount":400},{"posx":12,"posy":8,"amount":300},{"posx":16,"posy":8,"amount":150}],"changedObstacles":[{"type":3,"posx":15,"posy":1,"value":-20}]},{"players":[{"playerId":2374229,"score":0,"energy":31,"posx":15,"posy":1,"lastAction":4,"status":0},{"playerId":2415753,"score":650,"energy":13,"posx":11,"posy":3,"lastAction":4,"status":0},{"playerId":1166,"score":700,"energy":19,"posx":16,"posy":1,"lastAction":4,"status":0},{"playerId":2233933,"score":900,"energy":20,"posx":16,"posy":8,"lastAction":5,"status":0}],"golds":[{"posx":6,"posy":0,"amount":400},{"posx":10,"posy":0,"amount":700},{"posx":2,"posy":1,"amount":200},{"posx":4,"posy":1,"amount":300},{"posx":9,"posy":1,"amount":750},{"posx":3,"posy":3,"amount":200},{"posx":7,"posy":3,"amount":300},{"posx":11,"posy":3,"amount":50},{"posx":2,"posy":4,"amount":200},{"posx":11,"posy":5,"amount":550},{"posx":15,"posy":5,"amount":350},{"posx":4,"posy":6,"amount":350},{"posx":11,"posy":7,"amount":200},{"posx":4,"posy":8,"amount":200},{"posx":11,"posy":8,"amount":400},{"posx":12,"posy":8,"amount":300},{"posx":16,"posy":8,"amount":100}],"changedObstacles":[]},{"players":[{"playerId":2374229,"score":0,"energy":21,"posx":15,"posy":2,"lastAction":3,"status":0},{"playerId":2415753,"score":700,"energy":8,"posx":11,"posy":3,"lastAction":5,"status":0},{"playerId":1166,"score":700,"energy":35,"posx":16,"posy":1,"lastAction":4,"status":0},{"playerId":2233933,"score":950,"energy":15,"posx":16,"posy":8,"lastAction":5,"status":0}],"golds":[{"posx":6,"posy":0,"amount":400},{"posx":10,"posy":0,"amount":700},{"posx":2,"posy":1,"amount":200},{"posx":4,"posy":1,"amount":300},{"posx":9,"posy":1,"amount":750},{"posx":3,"posy":3,"amount":200},{"posx":7,"posy":3,"amount":300},{"posx":2,"posy":4,"amount":200},{"posx":11,"posy":5,"amount":550},{"posx":15,"posy":5,"amount":350},{"posx":4,"posy":6,"amount":350},{"posx":11,"posy":7,"amount":200},{"posx":4,"posy":8,"amount":200},{"posx":11,"posy":8,"amount":400},{"posx":12,"posy":8,"amount":300},{"posx":16,"posy":8,"amount":50}],"changedObstacles":[{"type":0,"posx":15,"posy":2,"value":-1},{"type":0,"posx":11,"posy":3,"value":-1}]},{"players":[{"playerId":2374229,"score":0,"energy":20,"posx":15,"posy":3,"lastAction":3,"status":0},{"playerId":2415753,"score":700,"energy":7,"posx":10,"posy":3,"lastAction":0,"status":0},{"playerId":1166,"score":700,"energy":50,"posx":16,"posy":1,"lastAction":4,"status":0},{"playerId":2233933,"score":1000,"energy":10,"posx":16,"posy":8,"lastAction":5,"status":0}],"golds":[{"posx":6,"posy":0,"amount":400},{"posx":10,"posy":0,"amount":700},{"posx":2,"posy":1,"amount":200},{"posx":4,"posy":1,"amount":300},{"posx":9,"posy":1,"amount":750},{"posx":3,"posy":3,"amount":200},{"posx":7,"posy":3,"amount":300},{"posx":2,"posy":4,"amount":200},{"posx":11,"posy":5,"amount":550},{"posx":15,"posy":5,"amount":350},{"posx":4,"posy":6,"amount":350},{"posx":11,"posy":7,"amount":200},{"posx":4,"posy":8,"amount":200},{"posx":11,"posy":8,"amount":400},{"posx":12,"posy":8,"amount":300}],"changedObstacles":[{"type":0,"posx":16,"posy":8,"value":-1}]},{"players":[{"playerId":2374229,"score":0,"energy":32,"posx":15,"posy":3,"lastAction":4,"status":0},{"playerId":2415753,"score":700,"energy":6,"posx":9,"posy":3,"lastAction":0,"status":0},{"playerId":1166,"score":700,"energy":30,"posx":15,"posy":1,"lastAction":0,"status":0},{"playerId":2233933,"score":1000,"energy":9,"posx":15,"posy":8,"lastAction":0,"status":0}],"golds":[{"posx":6,"posy":0,"amount":400},{"posx":10,"posy":0,"amount":700},{"posx":2,"posy":1,"amount":200},{"posx":4,"posy":1,"amount":300},{"posx":9,"posy":1,"amount":750},{"posx":3,"posy":3,"amount":200},{"posx":7,"posy":3,"amount":300},{"posx":2,"posy":4,"amount":200},{"posx":11,"posy":5,"amount":550},{"posx":15,"posy":5,"amount":350},{"posx":4,"posy":6,"amount":350},{"posx":11,"posy":7,"amount":200},{"posx":4,"posy":8,"amount":200},{"posx":11,"posy":8,"amount":400},{"posx":12,"posy":8,"amount":300}],"changedObstacles":[{"type":3,"posx":15,"posy":1,"value":-40}]},{"players":[{"playerId":2374229,"score":0,"energy":22,"posx":15,"posy":4,"lastAction":3,"status":0},{"playerId":2415753,"score":700,"energy":5,"posx":9,"posy":2,"lastAction":2,"status":0},{"playerId":1166,"score":700,"energy":24,"posx":14,"posy":1,"lastAction":0,"status":0},{"playerId":2233933,"score":1000,"energy":4,"posx":15,"posy":7,"lastAction":2,"status":0}],"golds":[{"posx":6,"posy":0,"amount":400},{"posx":10,"posy":0,"amount":700},{"posx":2,"posy":1,"amount":200},{"posx":4,"posy":1,"amount":300},{"posx":9,"posy":1,"amount":750},{"posx":3,"posy":3,"amount":200},{"posx":7,"posy":3,"amount":300},{"posx":2,"posy":4,"amount":200},{"posx":11,"posy":5,"amount":550},{"posx":15,"posy":5,"amount":350},{"posx":4,"posy":6,"amount":350},{"posx":11,"posy":7,"amount":200},{"posx":4,"posy":8,"amount":200},{"posx":11,"posy":8,"amount":400},{"posx":12,"posy":8,"amount":300}],"changedObstacles":[{"type":0,"posx":15,"posy":4,"value":-1},{"type":3,"posx":15,"posy":7,"value":-20}]},{"players":[{"playerId":2374229,"score":0,"energy":18,"posx":15,"posy":5,"lastAction":3,"status":0},{"playerId":2415753,"score":700,"energy":1,"posx":9,"posy":1,"lastAction":2,"status":0},{"playerId":1166,"score":700,"energy":14,"posx":13,"posy":1,"lastAction":0,"status":0},{"playerId":2233933,"score":1000,"energy":16,"posx":15,"posy":7,"lastAction":4,"status":0}],"golds":[{"posx":6,"posy":0,"amount":400},{"posx":10,"posy":0,"amount":700},{"posx":2,"posy":1,"amount":200},{"posx":4,"posy":1,"amount":300},{"posx":9,"posy":1,"amount":750},{"posx":3,"posy":3,"amount":200},{"posx":7,"posy":3,"amount":300},{"posx":2,"posy":4,"amount":200},{"posx":11,"posy":5,"amount":550},{"posx":15,"posy":5,"amount":350},{"posx":4,"posy":6,"amount":350},{"posx":11,"posy":7,"amount":200},{"posx":4,"posy":8,"amount":200},{"posx":11,"posy":8,"amount":400},{"posx":12,"posy":8,"amount":300}],"changedObstacles":[{"type":0,"posx":13,"posy":1,"value":-1}]},{"players":[{"playerId":2374229,"score":50,"energy":13,"posx":15,"posy":5,"lastAction":5,"status":0},{"playerId":2415753,"score":700,"energy":13,"posx":9,"posy":1,"lastAction":4,"status":0},{"playerId":1166,"score":700,"energy":26,"posx":13,"posy":1,"lastAction":4,"status":0},{"playerId":2233933,"score":1000,"energy":11,"posx":15,"posy":6,"lastAction":2,"status":0}],"golds":[{"posx":6,"posy":0,"amount":400},{"posx":10,"posy":0,"amount":700},{"posx":2,"posy":1,"amount":200},{"posx":4,"posy":1,"amount":300},{"posx":9,"posy":1,"amount":750},{"posx":3,"posy":3,"amount":200},{"posx":7,"posy":3,"amount":300},{"posx":2,"posy":4,"amount":200},{"posx":11,"posy":5,"amount":550},{"posx":15,"posy":5,"amount":300},{"posx":4,"posy":6,"amount":350},{"posx":11,"posy":7,"amount":200},{"posx":4,"posy":8,"amount":200},{"posx":11,"posy":8,"amount":400},{"posx":12,"posy":8,"amount":300}],"changedObstacles":[{"type":3,"posx":15,"posy":6,"value":-20}]},{"players":[{"playerId":2374229,"score":100,"energy":8,"posx":15,"posy":5,"lastAction":5,"status":0},{"playerId":2415753,"score":750,"energy":8,"posx":9,"posy":1,"lastAction":5,"status":0},{"playerId":1166,"score":700,"energy":42,"posx":13,"posy":1,"lastAction":4,"status":0},{"playerId":2233933,"score":1000,"energy":7,"posx":15,"posy":5,"lastAction":2,"status":0}],"golds":[{"posx":6,"posy":0,"amount":400},{"posx":10,"posy":0,"amount":700},{"posx":2,"posy":1,"amount":200},{"posx":4,"posy":1,"amount":300},{"posx":9,"posy":1,"amount":700},{"posx":3,"posy":3,"amount":200},{"posx":7,"posy":3,"amount":300},{"posx":2,"posy":4,"amount":200},{"posx":11,"posy":5,"amount":550},{"posx":15,"posy":5,"amount":250},{"posx":4,"posy":6,"amount":350},{"posx":11,"posy":7,"amount":200},{"posx":4,"posy":8,"amount":200},{"posx":11,"posy":8,"amount":400},{"posx":12,"posy":8,"amount":300}],"changedObstacles":[]},{"players":[{"playerId":2374229,"score":150,"energy":3,"posx":15,"posy":5,"lastAction":5,"status":0},{"playerId":2415753,"score":800,"energy":3,"posx":9,"posy":1,"lastAction":5,"status":0},{"playerId":1166,"score":700,"energy":41,"posx":13,"posy":0,"lastAction":2,"status":0},{"playerId":2233933,"score":1050,"energy":2,"posx":15,"posy":5,"lastAction":5,"status":0}],"golds":[{"posx":6,"posy":0,"amount":400},{"posx":10,"posy":0,"amount":700},{"posx":2,"posy":1,"amount":200},{"posx":4,"posy":1,"amount":300},{"posx":9,"posy":1,"amount":650},{"posx":3,"posy":3,"amount":200},{"posx":7,"posy":3,"amount":300},{"posx":2,"posy":4,"amount":200},{"posx":11,"posy":5,"amount":550},{"posx":15,"posy":5,"amount":150},{"posx":4,"posy":6,"amount":350},{"posx":11,"posy":7,"amount":200},{"posx":4,"posy":8,"amount":200},{"posx":11,"posy":8,"amount":400},{"posx":12,"posy":8,"amount":300}],"changedObstacles":[]},{"players":[{"playerId":2374229,"score":150,"energy":15,"posx":15,"posy":5,"lastAction":4,"status":0},{"playerId":2415753,"score":800,"energy":15,"posx":9,"posy":1,"lastAction":4,"status":0},{"playerId":1166,"score":700,"energy":36,"posx":12,"posy":0,"lastAction":0,"status":0},{"playerId":2233933,"score":1050,"energy":14,"posx":15,"posy":5,"lastAction":4,"status":0}],"golds":[{"posx":6,"posy":0,"amount":400},{"posx":10,"posy":0,"amount":700},{"posx":2,"posy":1,"amount":200},{"posx":4,"posy":1,"amount":300},{"posx":9,"posy":1,"amount":650},{"posx":3,"posy":3,"amount":200},{"posx":7,"posy":3,"amount":300},{"posx":2,"posy":4,"amount":200},{"posx":11,"posy":5,"amount":550},{"posx":15,"posy":5,"amount":150},{"posx":4,"posy":6,"amount":350},{"posx":11,"posy":7,"amount":200},{"posx":4,"posy":8,"amount":200},{"posx":11,"posy":8,"amount":400},{"posx":12,"posy":8,"amount":300}],"changedObstacles":[{"type":3,"posx":12,"posy":0,"value":-20}]},{"players":[{"playerId":2374229,"score":150,"energy":31,"posx":15,"posy":5,"lastAction":4,"status":0},{"playerId":2415753,"score":850,"energy":10,"posx":9,"posy":1,"lastAction":5,"status":0},{"playerId":1166,"score":700,"energy":31,"posx":11,"posy":0,"lastAction":0,"status":0},{"playerId":2233933,"score":1050,"energy":30,"posx":15,"posy":5,"lastAction":4,"status":0}],"golds":[{"posx":6,"posy":0,"amount":400},{"posx":10,"posy":0,"amount":700},{"posx":2,"posy":1,"amount":200},{"posx":4,"posy":1,"amount":300},{"posx":9,"posy":1,"amount":600},{"posx":3,"posy":3,"amount":200},{"posx":7,"posy":3,"amount":300},{"posx":2,"posy":4,"amount":200},{"posx":11,"posy":5,"amount":550},{"posx":15,"posy":5,"amount":150},{"posx":4,"posy":6,"amount":350},{"posx":11,"posy":7,"amount":200},{"posx":4,"posy":8,"amount":200},{"posx":11,"posy":8,"amount":400},{"posx":12,"posy":8,"amount":300}],"changedObstacles":[{"type":3,"posx":11,"posy":0,"value":-20}]},{"players":[{"playerId":2374229,"score":200,"energy":26,"posx":15,"posy":5,"lastAction":5,"status":0},{"playerId":2415753,"score":900,"energy":5,"posx":9,"posy":1,"lastAction":5,"status":0},{"playerId":1166,"score":700,"energy":27,"posx":10,"posy":0,"lastAction":0,"status":0},{"playerId":2233933,"score":1050,"energy":50,"posx":15,"posy":5,"lastAction":4,"status":0}],"golds":[{"posx":6,"posy":0,"amount":400},{"posx":10,"posy":0,"amount":700},{"posx":2,"posy":1,"amount":200},{"posx":4,"posy":1,"amount":300},{"posx":9,"posy":1,"amount":550},{"posx":3,"posy":3,"amount":200},{"posx":7,"posy":3,"amount":300},{"posx":2,"posy":4,"amount":200},{"posx":11,"posy":5,"amount":550},{"posx":15,"posy":5,"amount":100},{"posx":4,"posy":6,"amount":350},{"posx":11,"posy":7,"amount":200},{"posx":4,"posy":8,"amount":200},{"posx":11,"posy":8,"amount":400},{"posx":12,"posy":8,"amount":300}],"changedObstacles":[]},{"players":[{"playerId":2374229,"score":250,"energy":21,"posx":15,"posy":5,"lastAction":5,"status":0},{"playerId":2415753,"score":900,"energy":17,"posx":9,"posy":1,"lastAction":4,"status":0},{"playerId":1166,"score":750,"energy":22,"posx":10,"posy":0,"lastAction":5,"status":0},{"playerId":2233933,"score":1100,"energy":45,"posx":15,"posy":5,"lastAction":5,"status":0}],"golds":[{"posx":6,"posy":0,"amount":400},{"posx":10,"posy":0,"amount":650},{"posx":2,"posy":1,"amount":200},{"posx":4,"posy":1,"amount":300},{"posx":9,"posy":1,"amount":550},{"posx":3,"posy":3,"amount":200},{"posx":7,"posy":3,"amount":300},{"posx":2,"posy":4,"amount":200},{"posx":11,"posy":5,"amount":550},{"posx":4,"posy":6,"amount":350},{"posx":11,"posy":7,"amount":200},{"posx":4,"posy":8,"amount":200},{"posx":11,"posy":8,"amount":400},{"posx":12,"posy":8,"amount":300}],"changedObstacles":[{"type":0,"posx":15,"posy":5,"value":-1}]},{"players":[{"playerId":2374229,"score":250,"energy":11,"posx":14,"posy":5,"lastAction":0,"status":0},{"playerId":2415753,"score":950,"energy":12,"posx":9,"posy":1,"lastAction":5,"status":0},{"playerId":1166,"score":800,"energy":17,"posx":10,"posy":0,"lastAction":5,"status":0},{"playerId":2233933,"score":1100,"energy":35,"posx":14,"posy":5,"lastAction":0,"status":0}],"golds":[{"posx":6,"posy":0,"amount":400},{"posx":10,"posy":0,"amount":600},{"posx":2,"posy":1,"amount":200},{"posx":4,"posy":1,"amount":300},{"posx":9,"posy":1,"amount":500},{"posx":3,"posy":3,"amount":200},{"posx":7,"posy":3,"amount":300},{"posx":2,"posy":4,"amount":200},{"posx":11,"posy":5,"amount":550},{"posx":4,"posy":6,"amount":350},{"posx":11,"posy":7,"amount":200},{"posx":4,"posy":8,"amount":200},{"posx":11,"posy":8,"amount":400},{"posx":12,"posy":8,"amount":300}],"changedObstacles":[{"type":0,"posx":14,"posy":5,"value":-1}]},{"players":[{"playerId":2374229,"score":250,"energy":23,"posx":14,"posy":5,"lastAction":4,"status":0},{"playerId":2415753,"score":1000,"energy":7,"posx":9,"posy":1,"lastAction":5,"status":0},{"playerId":1166,"score":850,"energy":12,"posx":10,"posy":0,"lastAction":5,"status":0},{"playerId":2233933,"score":1100,"energy":30,"posx":13,"posy":5,"lastAction":0,"status":0}],"golds":[{"posx":6,"posy":0,"amount":400},{"posx":10,"posy":0,"amount":550},{"posx":2,"posy":1,"amount":200},{"posx":4,"posy":1,"amount":300},{"posx":9,"posy":1,"amount":450},{"posx":3,"posy":3,"amount":200},{"posx":7,"posy":3,"amount":300},{"posx":2,"posy":4,"amount":200},{"posx":11,"posy":5,"amount":550},{"posx":4,"posy":6,"amount":350},{"posx":11,"posy":7,"amount":200},{"posx":4,"posy":8,"amount":200},{"posx":11,"posy":8,"amount":400},{"posx":12,"posy":8,"amount":300}],"changedObstacles":[{"type":3,"posx":13,"posy":5,"value":-20}]},{"players":[{"playerId":2374229,"score":250,"energy":4,"posx":14,"posy":6,"lastAction":3,"status":0},{"playerId":2415753,"score":1050,"energy":2,"posx":9,"posy":1,"lastAction":5,"status":0},{"playerId":1166,"score":900,"energy":7,"posx":10,"posy":0,"lastAction":5,"status":0},{"playerId":2233933,"score":1100,"energy":29,"posx":12,"posy":5,"lastAction":0,"status":0}],"golds":[{"posx":6,"posy":0,"amount":400},{"posx":10,"posy":0,"amount":500},{"posx":2,"posy":1,"amount":200},{"posx":4,"posy":1,"amount":300},{"posx":9,"posy":1,"amount":400},{"posx":3,"posy":3,"amount":200},{"posx":7,"posy":3,"amount":300},{"posx":2,"posy":4,"amount":200},{"posx":11,"posy":5,"amount":550},{"posx":4,"posy":6,"amount":350},{"posx":11,"posy":7,"amount":200},{"posx":4,"posy":8,"amount":200},{"posx":11,"posy":8,"amount":400},{"posx":12,"posy":8,"amount":300}],"changedObstacles":[]},{"players":[{"playerId":2374229,"score":250,"energy":16,"posx":14,"posy":6,"lastAction":4,"status":0},{"playerId":2415753,"score":1050,"energy":14,"posx":9,"posy":1,"lastAction":4,"status":0},{"playerId":1166,"score":950,"energy":2,"posx":10,"posy":0,"lastAction":5,"status":0},{"playerId":2233933,"score":1100,"energy":25,"posx":11,"posy":5,"lastAction":0,"status":0}],"golds":[{"posx":6,"posy":0,"amount":400},{"posx":10,"posy":0,"amount":450},{"posx":2,"posy":1,"amount":200},{"posx":4,"posy":1,"amount":300},{"posx":9,"posy":1,"amount":400},{"posx":3,"posy":3,"amount":200},{"posx":7,"posy":3,"amount":300},{"posx":2,"posy":4,"amount":200},{"posx":11,"posy":5,"amount":550},{"posx":4,"posy":6,"amount":350},{"posx":11,"posy":7,"amount":200},{"posx":4,"posy":8,"amount":200},{"posx":11,"posy":8,"amount":400},{"posx":12,"posy":8,"amount":300}],"changedObstacles":[]},{"players":[{"playerId":2374229,"score":250,"energy":32,"posx":14,"posy":6,"lastAction":4,"status":0},{"playerId":2415753,"score":1100,"energy":9,"posx":9,"posy":1,"lastAction":5,"status":0},{"playerId":1166,"score":950,"energy":14,"posx":10,"posy":0,"lastAction":4,"status":0},{"playerId":2233933,"score":1150,"energy":20,"posx":11,"posy":5,"lastAction":5,"status":0}],"golds":[{"posx":6,"posy":0,"amount":400},{"posx":10,"posy":0,"amount":450},{"posx":2,"posy":1,"amount":200},{"posx":4,"posy":1,"amount":300},{"posx":9,"posy":1,"amount":350},{"posx":3,"posy":3,"amount":200},{"posx":7,"posy":3,"amount":300},{"posx":2,"posy":4,"amount":200},{"posx":11,"posy":5,"amount":500},{"posx":4,"posy":6,"amount":350},{"posx":11,"posy":7,"amount":200},{"posx":4,"posy":8,"amount":200},{"posx":11,"posy":8,"amount":400},{"posx":12,"posy":8,"amount":300}],"changedObstacles":[]},{"players":[{"playerId":2374229,"score":250,"energy":27,"posx":13,"posy":6,"lastAction":0,"status":0},{"playerId":2415753,"score":1150,"energy":4,"posx":9,"posy":1,"lastAction":5,"status":0},{"playerId":1166,"score":950,"energy":30,"posx":10,"posy":0,"lastAction":4,"status":0},{"playerId":2233933,"score":1200,"energy":15,"posx":11,"posy":5,"lastAction":5,"status":0}],"golds":[{"posx":6,"posy":0,"amount":400},{"posx":10,"posy":0,"amount":450},{"posx":2,"posy":1,"amount":200},{"posx":4,"posy":1,"amount":300},{"posx":9,"posy":1,"amount":300},{"posx":3,"posy":3,"amount":200},{"posx":7,"posy":3,"amount":300},{"posx":2,"posy":4,"amount":200},{"posx":11,"posy":5,"amount":450},{"posx":4,"posy":6,"amount":350},{"posx":11,"posy":7,"amount":200},{"posx":4,"posy":8,"amount":200},{"posx":11,"posy":8,"amount":400},{"posx":12,"posy":8,"amount":300}],"changedObstacles":[{"type":3,"posx":13,"posy":6,"value":-20}]},{"players":[{"playerId":2374229,"score":250,"energy":22,"posx":12,"posy":6,"lastAction":0,"status":0},{"playerId":2415753,"score":1150,"energy":16,"posx":9,"posy":1,"lastAction":4,"status":0},{"playerId":1166,"score":1000,"energy":25,"posx":10,"posy":0,"lastAction":5,"status":0},{"playerId":2233933,"score":1250,"energy":10,"posx":11,"posy":5,"lastAction":5,"status":0}],"golds":[{"posx":6,"posy":0,"amount":400},{"posx":10,"posy":0,"amount":400},{"posx":2,"posy":1,"amount":200},{"posx":4,"posy":1,"amount":300},{"posx":9,"posy":1,"amount":300},{"posx":3,"posy":3,"amount":200},{"posx":7,"posy":3,"amount":300},{"posx":2,"posy":4,"amount":200},{"posx":11,"posy":5,"amount":400},{"posx":4,"posy":6,"amount":350},{"posx":11,"posy":7,"amount":200},{"posx":4,"posy":8,"amount":200},{"posx":11,"posy":8,"amount":400},{"posx":12,"posy":8,"amount":300}],"changedObstacles":[{"type":3,"posx":12,"posy":6,"value":-20}]},{"players":[{"playerId":2374229,"score":250,"energy":12,"posx":12,"posy":7,"lastAction":3,"status":0},{"playerId":2415753,"score":1200,"energy":11,"posx":9,"posy":1,"lastAction":5,"status":0},{"playerId":1166,"score":1050,"energy":20,"posx":10,"posy":0,"lastAction":5,"status":0},{"playerId":2233933,"score":1300,"energy":5,"posx":11,"posy":5,"lastAction":5,"status":0}],"golds":[{"posx":6,"posy":0,"amount":400},{"posx":10,"posy":0,"amount":350},{"posx":2,"posy":1,"amount":200},{"posx":4,"posy":1,"amount":300},{"posx":9,"posy":1,"amount":250},{"posx":3,"posy":3,"amount":200},{"posx":7,"posy":3,"amount":300},{"posx":2,"posy":4,"amount":200},{"posx":11,"posy":5,"amount":350},{"posx":4,"posy":6,"amount":350},{"posx":11,"posy":7,"amount":200},{"posx":4,"posy":8,"amount":200},{"posx":11,"posy":8,"amount":400},{"posx":12,"posy":8,"amount":300}],"changedObstacles":[{"type":0,"posx":12,"posy":7,"value":-1}]},{"players":[{"playerId":2374229,"score":250,"energy":24,"posx":12,"posy":7,"lastAction":4,"status":0},{"playerId":2415753,"score":1250,"energy":6,"posx":9,"posy":1,"lastAction":5,"status":0},{"playerId":1166,"score":1100,"energy":15,"posx":10,"posy":0,"lastAction":5,"status":0},{"playerId":2233933,"score":1300,"energy":17,"posx":11,"posy":5,"lastAction":4,"status":0}],"golds":[{"posx":6,"posy":0,"amount":400},{"posx":10,"posy":0,"amount":300},{"posx":2,"posy":1,"amount":200},{"posx":4,"posy":1,"amount":300},{"posx":9,"posy":1,"amount":200},{"posx":3,"posy":3,"amount":200},{"posx":7,"posy":3,"amount":300},{"posx":2,"posy":4,"amount":200},{"posx":11,"posy":5,"amount":350},{"posx":4,"posy":6,"amount":350},{"posx":11,"posy":7,"amount":200},{"posx":4,"posy":8,"amount":200},{"posx":11,"posy":8,"amount":400},{"posx":12,"posy":8,"amount":300}],"changedObstacles":[]},{"players":[{"playerId":2374229,"score":250,"energy":20,"posx":12,"posy":8,"lastAction":3,"status":0},{"playerId":2415753,"score":1300,"energy":1,"posx":9,"posy":1,"lastAction":5,"status":0},{"playerId":1166,"score":1150,"energy":10,"posx":10,"posy":0,"lastAction":5,"status":0},{"playerId":2233933,"score":1300,"energy":33,"posx":11,"posy":5,"lastAction":4,"status":0}],"golds":[{"posx":6,"posy":0,"amount":400},{"posx":10,"posy":0,"amount":250},{"posx":2,"posy":1,"amount":200},{"posx":4,"posy":1,"amount":300},{"posx":9,"posy":1,"amount":150},{"posx":3,"posy":3,"amount":200},{"posx":7,"posy":3,"amount":300},{"posx":2,"posy":4,"amount":200},{"posx":11,"posy":5,"amount":350},{"posx":4,"posy":6,"amount":350},{"posx":11,"posy":7,"amount":200},{"posx":4,"posy":8,"amount":200},{"posx":11,"posy":8,"amount":400},{"posx":12,"posy":8,"amount":300}],"changedObstacles":[]},{"players":[{"playerId":2374229,"score":300,"energy":15,"posx":12,"posy":8,"lastAction":5,"status":0},{"playerId":2415753,"score":1300,"energy":13,"posx":9,"posy":1,"lastAction":4,"status":0},{"playerId":1166,"score":1200,"energy":5,"posx":10,"posy":0,"lastAction":5,"status":0},{"playerId":2233933,"score":1300,"energy":50,"posx":11,"posy":5,"lastAction":4,"status":0}],"golds":[{"posx":6,"posy":0,"amount":400},{"posx":10,"posy":0,"amount":200},{"posx":2,"posy":1,"amount":200},{"posx":4,"posy":1,"amount":300},{"posx":9,"posy":1,"amount":150},{"posx":3,"posy":3,"amount":200},{"posx":7,"posy":3,"amount":300},{"posx":2,"posy":4,"amount":200},{"posx":11,"posy":5,"amount":350},{"posx":4,"posy":6,"amount":350},{"posx":11,"posy":7,"amount":200},{"posx":4,"posy":8,"amount":200},{"posx":11,"posy":8,"amount":400},{"posx":12,"posy":8,"amount":250}],"changedObstacles":[]},{"players":[{"playerId":2374229,"score":350,"energy":10,"posx":12,"posy":8,"lastAction":5,"status":0},{"playerId":2415753,"score":1350,"energy":8,"posx":9,"posy":1,"lastAction":5,"status":0},{"playerId":1166,"score":1200,"energy":17,"posx":10,"posy":0,"lastAction":4,"status":0},{"playerId":2233933,"score":1350,"energy":45,"posx":11,"posy":5,"lastAction":5,"status":0}],"golds":[{"posx":6,"posy":0,"amount":400},{"posx":10,"posy":0,"amount":200},{"posx":2,"posy":1,"amount":200},{"posx":4,"posy":1,"amount":300},{"posx":9,"posy":1,"amount":100},{"posx":3,"posy":3,"amount":200},{"posx":7,"posy":3,"amount":300},{"posx":2,"posy":4,"amount":200},{"posx":11,"posy":5,"amount":300},{"posx":4,"posy":6,"amount":350},{"posx":11,"posy":7,"amount":200},{"posx":4,"posy":8,"amount":200},{"posx":11,"posy":8,"amount":400},{"posx":12,"posy":8,"amount":200}],"changedObstacles":[]},{"players":[{"playerId":2374229,"score":400,"energy":5,"posx":12,"posy":8,"lastAction":5,"status":0},{"playerId":2415753,"score":1400,"energy":3,"posx":9,"posy":1,"lastAction":5,"status":0},{"playerId":1166,"score":1250,"energy":12,"posx":10,"posy":0,"lastAction":5,"status":0},{"playerId":2233933,"score":1400,"energy":40,"posx":11,"posy":5,"lastAction":5,"status":0}],"golds":[{"posx":6,"posy":0,"amount":400},{"posx":10,"posy":0,"amount":150},{"posx":2,"posy":1,"amount":200},{"posx":4,"posy":1,"amount":300},{"posx":9,"posy":1,"amount":50},{"posx":3,"posy":3,"amount":200},{"posx":7,"posy":3,"amount":300},{"posx":2,"posy":4,"amount":200},{"posx":11,"posy":5,"amount":250},{"posx":4,"posy":6,"amount":350},{"posx":11,"posy":7,"amount":200},{"posx":4,"posy":8,"amount":200},{"posx":11,"posy":8,"amount":400},{"posx":12,"posy":8,"amount":150}],"changedObstacles":[]},{"players":[{"playerId":2374229,"score":400,"energy":17,"posx":12,"posy":8,"lastAction":4,"status":0},{"playerId":2415753,"score":1400,"energy":15,"posx":9,"posy":1,"lastAction":4,"status":0},{"playerId":1166,"score":1300,"energy":7,"posx":10,"posy":0,"lastAction":5,"status":0},{"playerId":2233933,"score":1450,"energy":35,"posx":11,"posy":5,"lastAction":5,"status":0}],"golds":[{"posx":6,"posy":0,"amount":400},{"posx":10,"posy":0,"amount":100},{"posx":2,"posy":1,"amount":200},{"posx":4,"posy":1,"amount":300},{"posx":9,"posy":1,"amount":50},{"posx":3,"posy":3,"amount":200},{"posx":7,"posy":3,"amount":300},{"posx":2,"posy":4,"amount":200},{"posx":11,"posy":5,"amount":200},{"posx":4,"posy":6,"amount":350},{"posx":11,"posy":7,"amount":200},{"posx":4,"posy":8,"amount":200},{"posx":11,"posy":8,"amount":400},{"posx":12,"posy":8,"amount":150}],"changedObstacles":[]},{"players":[{"playerId":2374229,"score":400,"energy":33,"posx":12,"posy":8,"lastAction":4,"status":0},{"playerId":2415753,"score":1450,"energy":10,"posx":9,"posy":1,"lastAction":5,"status":0},{"playerId":1166,"score":1350,"energy":2,"posx":10,"posy":0,"lastAction":5,"status":0},{"playerId":2233933,"score":1500,"energy":30,"posx":11,"posy":5,"lastAction":5,"status":0}],"golds":[{"posx":6,"posy":0,"amount":400},{"posx":10,"posy":0,"amount":50},{"posx":2,"posy":1,"amount":200},{"posx":4,"posy":1,"amount":300},{"posx":3,"posy":3,"amount":200},{"posx":7,"posy":3,"amount":300},{"posx":2,"posy":4,"amount":200},{"posx":11,"posy":5,"amount":150},{"posx":4,"posy":6,"amount":350},{"posx":11,"posy":7,"amount":200},{"posx":4,"posy":8,"amount":200},{"posx":11,"posy":8,"amount":400},{"posx":12,"posy":8,"amount":150}],"changedObstacles":[{"type":0,"posx":9,"posy":1,"value":-1}]},{"players":[{"playerId":2374229,"score":450,"energy":28,"posx":12,"posy":8,"lastAction":5,"status":0},{"playerId":2415753,"score":1450,"energy":22,"posx":9,"posy":1,"lastAction":4,"status":0},{"playerId":1166,"score":1350,"energy":14,"posx":10,"posy":0,"lastAction":4,"status":0},{"playerId":2233933,"score":1550,"energy":25,"posx":11,"posy":5,"lastAction":5,"status":0}],"golds":[{"posx":6,"posy":0,"amount":400},{"posx":10,"posy":0,"amount":50},{"posx":2,"posy":1,"amount":200},{"posx":4,"posy":1,"amount":300},{"posx":3,"posy":3,"amount":200},{"posx":7,"posy":3,"amount":300},{"posx":2,"posy":4,"amount":200},{"posx":11,"posy":5,"amount":100},{"posx":4,"posy":6,"amount":350},{"posx":11,"posy":7,"amount":200},{"posx":4,"posy":8,"amount":200},{"posx":11,"posy":8,"amount":400},{"posx":12,"posy":8,"amount":100}],"changedObstacles":[]},{"players":[{"playerId":2374229,"score":500,"energy":23,"posx":12,"posy":8,"lastAction":5,"status":0},{"playerId":2415753,"score":1450,"energy":12,"posx":8,"posy":1,"lastAction":0,"status":0},{"playerId":1166,"score":1400,"energy":9,"posx":10,"posy":0,"lastAction":5,"status":0},{"playerId":2233933,"score":1600,"energy":20,"posx":11,"posy":5,"lastAction":5,"status":0}],"golds":[{"posx":6,"posy":0,"amount":400},{"posx":2,"posy":1,"amount":200},{"posx":4,"posy":1,"amount":300},{"posx":3,"posy":3,"amount":200},{"posx":7,"posy":3,"amount":300},{"posx":2,"posy":4,"amount":200},{"posx":11,"posy":5,"amount":50},{"posx":4,"posy":6,"amount":350},{"posx":11,"posy":7,"amount":200},{"posx":4,"posy":8,"amount":200},{"posx":11,"posy":8,"amount":400},{"posx":12,"posy":8,"amount":50}],"changedObstacles":[{"type":0,"posx":8,"posy":1,"value":-1},{"type":0,"posx":10,"posy":0,"value":-1}]},{"players":[{"playerId":2374229,"score":550,"energy":18,"posx":12,"posy":8,"lastAction":5,"status":0},{"playerId":2415753,"score":1450,"energy":11,"posx":7,"posy":1,"lastAction":0,"status":0},{"playerId":1166,"score":1400,"energy":4,"posx":9,"posy":0,"lastAction":0,"status":0},{"playerId":2233933,"score":1650,"energy":15,"posx":11,"posy":5,"lastAction":5,"status":0}],"golds":[{"posx":6,"posy":0,"amount":400},{"posx":2,"posy":1,"amount":200},{"posx":4,"posy":1,"amount":300},{"posx":3,"posy":3,"amount":200},{"posx":7,"posy":3,"amount":300},{"posx":2,"posy":4,"amount":200},{"posx":4,"posy":6,"amount":350},{"posx":11,"posy":7,"amount":200},{"posx":4,"posy":8,"amount":200},{"posx":11,"posy":8,"amount":400}],"changedObstacles":[{"type":3,"posx":9,"posy":0,"value":-20},{"type":0,"posx":12,"posy":8,"value":-1},{"type":0,"posx":11,"posy":5,"value":-1}]},{"players":[{"playerId":2374229,"score":550,"energy":30,"posx":12,"posy":8,"lastAction":4,"status":0},{"playerId":2415753,"score":1450,"energy":6,"posx":7,"posy":0,"lastAction":2,"status":0},{"playerId":1166,"score":1400,"energy":16,"posx":9,"posy":0,"lastAction":4,"status":0},{"playerId":2233933,"score":1650,"energy":5,"posx":11,"posy":6,"lastAction":3,"status":0}],"golds":[{"posx":6,"posy":0,"amount":400},{"posx":2,"posy":1,"amount":200},{"posx":4,"posy":1,"amount":300},{"posx":3,"posy":3,"amount":200},{"posx":7,"posy":3,"amount":300},{"posx":2,"posy":4,"amount":200},{"posx":4,"posy":6,"amount":350},{"posx":11,"posy":7,"amount":200},{"posx":4,"posy":8,"amount":200},{"posx":11,"posy":8,"amount":400}],"changedObstacles":[{"type":0,"posx":11,"posy":6,"value":-1},{"type":3,"posx":7,"posy":0,"value":-20}]},{"players":[{"playerId":2374229,"score":550,"energy":26,"posx":11,"posy":8,"lastAction":0,"status":0},{"playerId":2415753,"score":1450,"energy":2,"posx":6,"posy":0,"lastAction":0,"status":0},{"playerId":1166,"score":1400,"energy":32,"posx":9,"posy":0,"lastAction":4,"status":0},{"playerId":2233933,"score":1650,"energy":1,"posx":11,"posy":7,"lastAction":3,"status":0}],"golds":[{"posx":6,"posy":0,"amount":400},{"posx":2,"posy":1,"amount":200},{"posx":4,"posy":1,"amount":300},{"posx":3,"posy":3,"amount":200},{"posx":7,"posy":3,"amount":300},{"posx":2,"posy":4,"amount":200},{"posx":4,"posy":6,"amount":350},{"posx":11,"posy":7,"amount":200},{"posx":4,"posy":8,"amount":200},{"posx":11,"posy":8,"amount":400}],"changedObstacles":[]},{"players":[{"playerId":2374229,"score":600,"energy":21,"posx":11,"posy":8,"lastAction":5,"status":0},{"playerId":2415753,"score":1450,"energy":14,"posx":6,"posy":0,"lastAction":4,"status":0},{"playerId":1166,"score":1400,"energy":50,"posx":9,"posy":0,"lastAction":4,"status":0},{"playerId":2233933,"score":1650,"energy":13,"posx":11,"posy":7,"lastAction":4,"status":0}],"golds":[{"posx":6,"posy":0,"amount":400},{"posx":2,"posy":1,"amount":200},{"posx":4,"posy":1,"amount":300},{"posx":3,"posy":3,"amount":200},{"posx":7,"posy":3,"amount":300},{"posx":2,"posy":4,"amount":200},{"posx":4,"posy":6,"amount":350},{"posx":11,"posy":7,"amount":200},{"posx":4,"posy":8,"amount":200},{"posx":11,"posy":8,"amount":350}],"changedObstacles":[]},{"players":[{"playerId":2374229,"score":650,"energy":16,"posx":11,"posy":8,"lastAction":5,"status":0},{"playerId":2415753,"score":1500,"energy":9,"posx":6,"posy":0,"lastAction":5,"status":0},{"playerId":1166,"score":1400,"energy":40,"posx":8,"posy":0,"lastAction":0,"status":0},{"playerId":2233933,"score":1650,"energy":29,"posx":11,"posy":7,"lastAction":4,"status":0}],"golds":[{"posx":6,"posy":0,"amount":350},{"posx":2,"posy":1,"amount":200},{"posx":4,"posy":1,"amount":300},{"posx":3,"posy":3,"amount":200},{"posx":7,"posy":3,"amount":300},{"posx":2,"posy":4,"amount":200},{"posx":4,"posy":6,"amount":350},{"posx":11,"posy":7,"amount":200},{"posx":4,"posy":8,"amount":200},{"posx":11,"posy":8,"amount":300}],"changedObstacles":[{"type":0,"posx":8,"posy":0,"value":-1}]},{"players":[{"playerId":2374229,"score":700,"energy":11,"posx":11,"posy":8,"lastAction":5,"status":0},{"playerId":2415753,"score":1550,"energy":4,"posx":6,"posy":0,"lastAction":5,"status":0},{"playerId":1166,"score":1400,"energy":20,"posx":7,"posy":0,"lastAction":0,"status":0},{"playerId":2233933,"score":1650,"energy":50,"posx":11,"posy":7,"lastAction":4,"status":0}],"golds":[{"posx":6,"posy":0,"amount":300},{"posx":2,"posy":1,"amount":200},{"posx":4,"posy":1,"amount":300},{"posx":3,"posy":3,"amount":200},{"posx":7,"posy":3,"amount":300},{"posx":2,"posy":4,"amount":200},{"posx":4,"posy":6,"amount":350},{"posx":11,"posy":7,"amount":200},{"posx":4,"posy":8,"amount":200},{"posx":11,"posy":8,"amount":250}],"changedObstacles":[{"type":3,"posx":7,"posy":0,"value":-40}]},{"players":[{"playerId":2374229,"score":750,"energy":6,"posx":11,"posy":8,"lastAction":5,"status":0},{"playerId":2415753,"score":1550,"energy":16,"posx":6,"posy":0,"lastAction":4,"status":0},{"playerId":1166,"score":1400,"energy":16,"posx":6,"posy":0,"lastAction":0,"status":0},{"playerId":2233933,"score":1700,"energy":45,"posx":11,"posy":7,"lastAction":5,"status":0}],"golds":[{"posx":6,"posy":0,"amount":300},{"posx":2,"posy":1,"amount":200},{"posx":4,"posy":1,"amount":300},{"posx":3,"posy":3,"amount":200},{"posx":7,"posy":3,"amount":300},{"posx":2,"posy":4,"amount":200},{"posx":4,"posy":6,"amount":350},{"posx":11,"posy":7,"amount":150},{"posx":4,"posy":8,"amount":200},{"posx":11,"posy":8,"amount":200}],"changedObstacles":[]},{"players":[{"playerId":2374229,"score":800,"energy":1,"posx":11,"posy":8,"lastAction":5,"status":0},{"playerId":2415753,"score":1600,"energy":11,"posx":6,"posy":0,"lastAction":5,"status":0},{"playerId":1166,"score":1450,"energy":11,"posx":6,"posy":0,"lastAction":5,"status":0},{"playerId":2233933,"score":1750,"energy":40,"posx":11,"posy":7,"lastAction":5,"status":0}],"golds":[{"posx":6,"posy":0,"amount":200},{"posx":2,"posy":1,"amount":200},{"posx":4,"posy":1,"amount":300},{"posx":3,"posy":3,"amount":200},{"posx":7,"posy":3,"amount":300},{"posx":2,"posy":4,"amount":200},{"posx":4,"posy":6,"amount":350},{"posx":11,"posy":7,"amount":100},{"posx":4,"posy":8,"amount":200},{"posx":11,"posy":8,"amount":150}],"changedObstacles":[]},{"players":[{"playerId":2374229,"score":800,"energy":13,"posx":11,"posy":8,"lastAction":4,"status":0},{"playerId":2415753,"score":1650,"energy":6,"posx":6,"posy":0,"lastAction":5,"status":0},{"playerId":1166,"score":1500,"energy":6,"posx":6,"posy":0,"lastAction":5,"status":0},{"playerId":2233933,"score":1800,"energy":35,"posx":11,"posy":7,"lastAction":5,"status":0}],"golds":[{"posx":6,"posy":0,"amount":100},{"posx":2,"posy":1,"amount":200},{"posx":4,"posy":1,"amount":300},{"posx":3,"posy":3,"amount":200},{"posx":7,"posy":3,"amount":300},{"posx":2,"posy":4,"amount":200},{"posx":4,"posy":6,"amount":350},{"posx":11,"posy":7,"amount":50},{"posx":4,"posy":8,"amount":200},{"posx":11,"posy":8,"amount":150}],"changedObstacles":[]},{"players":[{"playerId":2374229,"score":800,"energy":29,"posx":11,"posy":8,"lastAction":4,"status":0},{"playerId":2415753,"score":1700,"energy":1,"posx":6,"posy":0,"lastAction":5,"status":0},{"playerId":1166,"score":1550,"energy":1,"posx":6,"posy":0,"lastAction":5,"status":0},{"playerId":2233933,"score":1850,"energy":30,"posx":11,"posy":7,"lastAction":5,"status":0}],"golds":[{"posx":2,"posy":1,"amount":200},{"posx":4,"posy":1,"amount":300},{"posx":3,"posy":3,"amount":200},{"posx":7,"posy":3,"amount":300},{"posx":2,"posy":4,"amount":200},{"posx":4,"posy":6,"amount":350},{"posx":4,"posy":8,"amount":200},{"posx":11,"posy":8,"amount":150}],"changedObstacles":[{"type":0,"posx":6,"posy":0,"value":-1},{"type":0,"posx":11,"posy":7,"value":-1}]},{"players":[{"playerId":2374229,"score":850,"energy":24,"posx":11,"posy":8,"lastAction":5,"status":0},{"playerId":2415753,"score":1700,"energy":13,"posx":6,"posy":0,"lastAction":4,"status":0},{"playerId":1166,"score":1550,"energy":13,"posx":6,"posy":0,"lastAction":4,"status":0},{"playerId":2233933,"score":1850,"energy":26,"posx":11,"posy":8,"lastAction":3,"status":0}],"golds":[{"posx":2,"posy":1,"amount":200},{"posx":4,"posy":1,"amount":300},{"posx":3,"posy":3,"amount":200},{"posx":7,"posy":3,"amount":300},{"posx":2,"posy":4,"amount":200},{"posx":4,"posy":6,"amount":350},{"posx":4,"posy":8,"amount":200},{"posx":11,"posy":8,"amount":100}],"changedObstacles":[]},{"players":[{"playerId":2374229,"score":900,"energy":19,"posx":11,"posy":8,"lastAction":5,"status":0},{"playerId":2415753,"score":1700,"energy":3,"posx":6,"posy":1,"lastAction":3,"status":0},{"playerId":1166,"score":1550,"energy":29,"posx":6,"posy":0,"lastAction":4,"status":0},{"playerId":2233933,"score":1900,"energy":21,"posx":11,"posy":8,"lastAction":5,"status":0}],"golds":[{"posx":2,"posy":1,"amount":200},{"posx":4,"posy":1,"amount":300},{"posx":3,"posy":3,"amount":200},{"posx":7,"posy":3,"amount":300},{"posx":2,"posy":4,"amount":200},{"posx":4,"posy":6,"amount":350},{"posx":4,"posy":8,"amount":200}],"changedObstacles":[{"type":0,"posx":6,"posy":1,"value":-1},{"type":0,"posx":11,"posy":8,"value":-1}]},{"players":[{"playerId":2374229,"score":900,"energy":31,"posx":11,"posy":8,"lastAction":4,"status":0},{"playerId":2415753,"score":1700,"energy":15,"posx":6,"posy":1,"lastAction":4,"status":0},{"playerId":1166,"score":1550,"energy":50,"posx":6,"posy":0,"lastAction":4,"status":0},{"playerId":2233933,"score":1900,"energy":20,"posx":11,"posy":7,"lastAction":2,"status":0}],"golds":[{"posx":2,"posy":1,"amount":200},{"posx":4,"posy":1,"amount":300},{"posx":3,"posy":3,"amount":200},{"posx":7,"posy":3,"amount":300},{"posx":2,"posy":4,"amount":200},{"posx":4,"posy":6,"amount":350},{"posx":4,"posy":8,"amount":200}],"changedObstacles":[]},{"players":[{"playerId":2374229,"score":900,"energy":21,"posx":10,"posy":8,"lastAction":0,"status":0},{"playerId":2415753,"score":1700,"energy":5,"posx":5,"posy":1,"lastAction":0,"status":0},{"playerId":1166,"score":1550,"energy":31,"posx":5,"posy":0,"lastAction":0,"status":0},{"playerId":2233933,"score":1900,"energy":19,"posx":11,"posy":6,"lastAction":2,"status":0}],"golds":[{"posx":2,"posy":1,"amount":200},{"posx":4,"posy":1,"amount":300},{"posx":3,"posy":3,"amount":200},{"posx":7,"posy":3,"amount":300},{"posx":2,"posy":4,"amount":200},{"posx":4,"posy":6,"amount":350},{"posx":4,"posy":8,"amount":200}],"changedObstacles":[{"type":0,"posx":10,"posy":8,"value":-1},{"type":0,"posx":5,"posy":1,"value":-1}]},{"players":[{"playerId":2374229,"score":900,"energy":11,"posx":9,"posy":8,"lastAction":0,"status":0},{"playerId":2415753,"score":1700,"energy":1,"posx":4,"posy":1,"lastAction":0,"status":0},{"playerId":1166,"score":1550,"energy":30,"posx":4,"posy":0,"lastAction":0,"status":0},{"playerId":2233933,"score":1900,"energy":18,"posx":11,"posy":5,"lastAction":2,"status":0}],"golds":[{"posx":2,"posy":1,"amount":200},{"posx":4,"posy":1,"amount":300},{"posx":3,"posy":3,"amount":200},{"posx":7,"posy":3,"amount":300},{"posx":2,"posy":4,"amount":200},{"posx":4,"posy":6,"amount":350},{"posx":4,"posy":8,"amount":200}],"changedObstacles":[{"type":0,"posx":9,"posy":8,"value":-1}]},{"players":[{"playerId":2374229,"score":900,"energy":23,"posx":9,"posy":8,"lastAction":4,"status":0},{"playerId":2415753,"score":1700,"energy":13,"posx":4,"posy":1,"lastAction":4,"status":0},{"playerId":1166,"score":1550,"energy":26,"posx":4,"posy":1,"lastAction":3,"status":0},{"playerId":2233933,"score":1900,"energy":17,"posx":10,"posy":5,"lastAction":0,"status":0}],"golds":[{"posx":2,"posy":1,"amount":200},{"posx":4,"posy":1,"amount":300},{"posx":3,"posy":3,"amount":200},{"posx":7,"posy":3,"amount":300},{"posx":2,"posy":4,"amount":200},{"posx":4,"posy":6,"amount":350},{"posx":4,"posy":8,"amount":200}],"changedObstacles":[]},{"players":[{"playerId":2374229,"score":900,"energy":22,"posx":8,"posy":8,"lastAction":0,"status":0},{"playerId":2415753,"score":1750,"energy":8,"posx":4,"posy":1,"lastAction":5,"status":0},{"playerId":1166,"score":1600,"energy":21,"posx":4,"posy":1,"lastAction":5,"status":0},{"playerId":2233933,"score":1900,"energy":16,"posx":10,"posy":4,"lastAction":2,"status":0}],"golds":[{"posx":2,"posy":1,"amount":200},{"posx":4,"posy":1,"amount":200},{"posx":3,"posy":3,"amount":200},{"posx":7,"posy":3,"amount":300},{"posx":2,"posy":4,"amount":200},{"posx":4,"posy":6,"amount":350},{"posx":4,"posy":8,"amount":200}],"changedObstacles":[]},{"players":[{"playerId":2374229,"score":900,"energy":21,"posx":7,"posy":8,"lastAction":0,"status":0},{"playerId":2415753,"score":1800,"energy":3,"posx":4,"posy":1,"lastAction":5,"status":0},{"playerId":1166,"score":1650,"energy":16,"posx":4,"posy":1,"lastAction":5,"status":0},{"playerId":2233933,"score":1900,"energy":15,"posx":10,"posy":3,"lastAction":2,"status":0}],"golds":[{"posx":2,"posy":1,"amount":200},{"posx":4,"posy":1,"amount":100},{"posx":3,"posy":3,"amount":200},{"posx":7,"posy":3,"amount":300},{"posx":2,"posy":4,"amount":200},{"posx":4,"posy":6,"amount":350},{"posx":4,"posy":8,"amount":200}],"changedObstacles":[]},{"players":[{"playerId":2374229,"score":900,"energy":16,"posx":6,"posy":8,"lastAction":0,"status":0},{"playerId":2415753,"score":1800,"energy":15,"posx":4,"posy":1,"lastAction":4,"status":0},{"playerId":1166,"score":1700,"energy":11,"posx":4,"posy":1,"lastAction":5,"status":0},{"playerId":2233933,"score":1900,"energy":14,"posx":9,"posy":3,"lastAction":0,"status":0}],"golds":[{"posx":2,"posy":1,"amount":200},{"posx":4,"posy":1,"amount":50},{"posx":3,"posy":3,"amount":200},{"posx":7,"posy":3,"amount":300},{"posx":2,"posy":4,"amount":200},{"posx":4,"posy":6,"amount":350},{"posx":4,"posy":8,"amount":200}],"changedObstacles":[{"type":3,"posx":6,"posy":8,"value":-20}]},{"players":[{"playerId":2374229,"score":900,"energy":28,"posx":6,"posy":8,"lastAction":4,"status":0},{"playerId":2415753,"score":1825,"energy":10,"posx":4,"posy":1,"lastAction":5,"status":0},{"playerId":1166,"score":1725,"energy":6,"posx":4,"posy":1,"lastAction":5,"status":0},{"playerId":2233933,"score":1900,"energy":26,"posx":9,"posy":3,"lastAction":4,"status":0}],"golds":[{"posx":2,"posy":1,"amount":200},{"posx":3,"posy":3,"amount":200},{"posx":7,"posy":3,"amount":300},{"posx":2,"posy":4,"amount":200},{"posx":4,"posy":6,"amount":350},{"posx":4,"posy":8,"amount":200}],"changedObstacles":[{"type":0,"posx":4,"posy":1,"value":-1}]},{"players":[{"playerId":2374229,"score":900,"energy":27,"posx":5,"posy":8,"lastAction":0,"status":0},{"playerId":2415753,"score":1825,"energy":9,"posx":4,"posy":2,"lastAction":3,"status":0},{"playerId":1166,"score":1725,"energy":5,"posx":5,"posy":1,"lastAction":1,"status":0},{"playerId":2233933,"score":1900,"energy":11,"posx":8,"posy":3,"lastAction":0,"status":0}],"golds":[{"posx":2,"posy":1,"amount":200},{"posx":3,"posy":3,"amount":200},{"posx":7,"posy":3,"amount":300},{"posx":2,"posy":4,"amount":200},{"posx":4,"posy":6,"amount":350},{"posx":4,"posy":8,"amount":200}],"changedObstacles":[]},{"players":[{"playerId":2374229,"score":900,"energy":26,"posx":5,"posy":7,"lastAction":2,"status":0},{"playerId":2415753,"score":1825,"energy":8,"posx":3,"posy":2,"lastAction":0,"status":0},{"playerId":1166,"score":1725,"energy":17,"posx":5,"posy":1,"lastAction":4,"status":0},{"playerId":2233933,"score":1900,"energy":7,"posx":7,"posy":3,"lastAction":0,"status":0}],"golds":[{"posx":2,"posy":1,"amount":200},{"posx":3,"posy":3,"amount":200},{"posx":7,"posy":3,"amount":300},{"posx":2,"posy":4,"amount":200},{"posx":4,"posy":6,"amount":350},{"posx":4,"posy":8,"amount":200}],"changedObstacles":[]},{"players":[{"playerId":2374229,"score":900,"energy":16,"posx":4,"posy":7,"lastAction":0,"status":0},{"playerId":2415753,"score":1825,"energy":4,"posx":3,"posy":3,"lastAction":3,"status":0},{"playerId":1166,"score":1725,"energy":33,"posx":5,"posy":1,"lastAction":4,"status":0},{"playerId":2233933,"score":1950,"energy":2,"posx":7,"posy":3,"lastAction":5,"status":0}],"golds":[{"posx":2,"posy":1,"amount":200},{"posx":3,"posy":3,"amount":200},{"posx":7,"posy":3,"amount":250},{"posx":2,"posy":4,"amount":200},{"posx":4,"posy":6,"amount":350},{"posx":4,"posy":8,"amount":200}],"changedObstacles":[{"type":0,"posx":4,"posy":7,"value":-1}]},{"players":[{"playerId":2374229,"score":900,"energy":28,"posx":4,"posy":7,"lastAction":4,"status":0},{"playerId":2415753,"score":1825,"energy":16,"posx":3,"posy":3,"lastAction":4,"status":0},{"playerId":1166,"score":1725,"energy":50,"posx":5,"posy":1,"lastAction":4,"status":0},{"playerId":2233933,"score":1950,"energy":14,"posx":7,"posy":3,"lastAction":4,"status":0}],"golds":[{"posx":2,"posy":1,"amount":200},{"posx":3,"posy":3,"amount":200},{"posx":7,"posy":3,"amount":250},{"posx":2,"posy":4,"amount":200},{"posx":4,"posy":6,"amount":350},{"posx":4,"posy":8,"amount":200}],"changedObstacles":[]},{"players":[{"playerId":2374229,"score":900,"energy":27,"posx":5,"posy":7,"lastAction":1,"status":0},{"playerId":2415753,"score":1875,"energy":11,"posx":3,"posy":3,"lastAction":5,"status":0},{"playerId":1166,"score":1725,"energy":49,"posx":4,"posy":1,"lastAction":0,"status":0},{"playerId":2233933,"score":1950,"energy":30,"posx":7,"posy":3,"lastAction":4,"status":0}],"golds":[{"posx":2,"posy":1,"amount":200},{"posx":3,"posy":3,"amount":150},{"posx":7,"posy":3,"amount":250},{"posx":2,"posy":4,"amount":200},{"posx":4,"posy":6,"amount":350},{"posx":4,"posy":8,"amount":200}],"changedObstacles":[]},{"players":[{"playerId":2374229,"score":900,"energy":17,"posx":5,"posy":6,"lastAction":2,"status":0},{"playerId":2415753,"score":1925,"energy":6,"posx":3,"posy":3,"lastAction":5,"status":0},{"playerId":1166,"score":1725,"energy":48,"posx":4,"posy":0,"lastAction":2,"status":0},{"playerId":2233933,"score":1950,"energy":50,"posx":7,"posy":3,"lastAction":4,"status":0}],"golds":[{"posx":2,"posy":1,"amount":200},{"posx":3,"posy":3,"amount":100},{"posx":7,"posy":3,"amount":250},{"posx":2,"posy":4,"amount":200},{"posx":4,"posy":6,"amount":350},{"posx":4,"posy":8,"amount":200}],"changedObstacles":[{"type":0,"posx":5,"posy":6,"value":-1}]},{"players":[{"playerId":2374229,"score":900,"energy":29,"posx":5,"posy":6,"lastAction":4,"status":0},{"playerId":2415753,"score":1975,"energy":1,"posx":3,"posy":3,"lastAction":5,"status":0},{"playerId":1166,"score":1725,"energy":43,"posx":3,"posy":0,"lastAction":0,"status":0},{"playerId":2233933,"score":2000,"energy":45,"posx":7,"posy":3,"lastAction":5,"status":0}],"golds":[{"posx":2,"posy":1,"amount":200},{"posx":3,"posy":3,"amount":50},{"posx":7,"posy":3,"amount":200},{"posx":2,"posy":4,"amount":200},{"posx":4,"posy":6,"amount":350},{"posx":4,"posy":8,"amount":200}],"changedObstacles":[]},{"players":[{"playerId":2374229,"score":900,"energy":19,"posx":5,"posy":5,"lastAction":2,"status":0},{"playerId":2415753,"score":1975,"energy":13,"posx":3,"posy":3,"lastAction":4,"status":0},{"playerId":1166,"score":1725,"energy":24,"posx":2,"posy":0,"lastAction":0,"status":0},{"playerId":2233933,"score":2050,"energy":40,"posx":7,"posy":3,"lastAction":5,"status":0}],"golds":[{"posx":2,"posy":1,"amount":200},{"posx":3,"posy":3,"amount":50},{"posx":7,"posy":3,"amount":150},{"posx":2,"posy":4,"amount":200},{"posx":4,"posy":6,"amount":350},{"posx":4,"posy":8,"amount":200}],"changedObstacles":[{"type":0,"posx":5,"posy":5,"value":-1}]},{"players":[{"playerId":2374229,"score":900,"energy":31,"posx":5,"posy":5,"lastAction":4,"status":0},{"playerId":2415753,"score":2025,"energy":8,"posx":3,"posy":3,"lastAction":5,"status":0},{"playerId":1166,"score":1725,"energy":20,"posx":2,"posy":1,"lastAction":3,"status":0},{"playerId":2233933,"score":2100,"energy":35,"posx":7,"posy":3,"lastAction":5,"status":0}],"golds":[{"posx":2,"posy":1,"amount":200},{"posx":7,"posy":3,"amount":100},{"posx":2,"posy":4,"amount":200},{"posx":4,"posy":6,"amount":350},{"posx":4,"posy":8,"amount":200}],"changedObstacles":[{"type":0,"posx":3,"posy":3,"value":-1}]},{"players":[{"playerId":2374229,"score":900,"energy":24,"posx":4,"posy":5,"lastAction":0,"status":0},{"playerId":2415753,"score":2025,"energy":7,"posx":3,"posy":4,"lastAction":3,"status":0},{"playerId":1166,"score":1775,"energy":15,"posx":2,"posy":1,"lastAction":5,"status":0},{"playerId":2233933,"score":2150,"energy":30,"posx":7,"posy":3,"lastAction":5,"status":0}],"golds":[{"posx":2,"posy":1,"amount":150},{"posx":7,"posy":3,"amount":50},{"posx":2,"posy":4,"amount":200},{"posx":4,"posy":6,"amount":350},{"posx":4,"posy":8,"amount":200}],"changedObstacles":[]},{"players":[{"playerId":2374229,"score":900,"energy":19,"posx":3,"posy":5,"lastAction":0,"status":0},{"playerId":2415753,"score":2025,"energy":2,"posx":3,"posy":5,"lastAction":3,"status":0},{"playerId":1166,"score":1825,"energy":10,"posx":2,"posy":1,"lastAction":5,"status":0},{"playerId":2233933,"score":2200,"energy":25,"posx":7,"posy":3,"lastAction":5,"status":0}],"golds":[{"posx":2,"posy":1,"amount":100},{"posx":2,"posy":4,"amount":200},{"posx":4,"posy":6,"amount":350},{"posx":4,"posy":8,"amount":200}],"changedObstacles":[{"type":3,"posx":3,"posy":5,"value":-20},{"type":0,"posx":7,"posy":3,"value":-1}]},{"players":[{"playerId":2374229,"score":900,"energy":31,"posx":3,"posy":5,"lastAction":4,"status":0},{"playerId":2415753,"score":2025,"energy":1,"posx":3,"posy":6,"lastAction":3,"status":0},{"playerId":1166,"score":1875,"energy":5,"posx":2,"posy":1,"lastAction":5,"status":0},{"playerId":2233933,"score":2200,"energy":24,"posx":6,"posy":3,"lastAction":0,"status":0}],"golds":[{"posx":2,"posy":1,"amount":50},{"posx":2,"posy":4,"amount":200},{"posx":4,"posy":6,"amount":350},{"posx":4,"posy":8,"amount":200}],"changedObstacles":[]},{"players":[{"playerId":2374229,"score":900,"energy":21,"posx":4,"posy":5,"lastAction":1,"status":0},{"playerId":2415753,"score":2025,"energy":13,"posx":3,"posy":6,"lastAction":4,"status":0},{"playerId":1166,"score":1875,"energy":17,"posx":2,"posy":1,"lastAction":4,"status":0},{"playerId":2233933,"score":2200,"energy":23,"posx":6,"posy":4,"lastAction":3,"status":0}],"golds":[{"posx":2,"posy":1,"amount":50},{"posx":2,"posy":4,"amount":200},{"posx":4,"posy":6,"amount":350},{"posx":4,"posy":8,"amount":200}],"changedObstacles":[]},{"players":[{"playerId":2374229,"score":900,"energy":17,"posx":4,"posy":6,"lastAction":3,"status":0},{"playerId":2415753,"score":2025,"energy":9,"posx":4,"posy":6,"lastAction":1,"status":0},{"playerId":1166,"score":1925,"energy":12,"posx":2,"posy":1,"lastAction":5,"status":0},{"playerId":2233933,"score":2200,"energy":18,"posx":5,"posy":4,"lastAction":0,"status":0}],"golds":[{"posx":2,"posy":4,"amount":200},{"posx":4,"posy":6,"amount":350},{"posx":4,"posy":8,"amount":200}],"changedObstacles":[{"type":3,"posx":5,"posy":4,"value":-20},{"type":0,"posx":2,"posy":1,"value":-1}]},{"players":[{"playerId":2374229,"score":950,"energy":12,"posx":4,"posy":6,"lastAction":5,"status":0},{"playerId":2415753,"score":2075,"energy":4,"posx":4,"posy":6,"lastAction":5,"status":0},{"playerId":1166,"score":1925,"energy":24,"posx":2,"posy":1,"lastAction":4,"status":0},{"playerId":2233933,"score":2200,"energy":8,"posx":4,"posy":4,"lastAction":0,"status":0}],"golds":[{"posx":2,"posy":4,"amount":200},{"posx":4,"posy":6,"amount":250},{"posx":4,"posy":8,"amount":200}],"changedObstacles":[{"type":0,"posx":4,"posy":4,"value":-1}]},{"players":[{"playerId":2374229,"score":1000,"energy":7,"posx":4,"posy":6,"lastAction":5,"status":0},{"playerId":2415753,"score":2075,"energy":16,"posx":4,"posy":6,"lastAction":4,"status":0},{"playerId":1166,"score":1925,"energy":40,"posx":2,"posy":1,"lastAction":4,"status":0},{"playerId":2233933,"score":2200,"energy":7,"posx":3,"posy":4,"lastAction":0,"status":0}],"golds":[{"posx":2,"posy":4,"amount":200},{"posx":4,"posy":6,"amount":200},{"posx":4,"posy":8,"amount":200}],"changedObstacles":[]},{"players":[{"playerId":2374229,"score":1050,"energy":2,"posx":4,"posy":6,"lastAction":5,"status":0},{"playerId":2415753,"score":2125,"energy":11,"posx":4,"posy":6,"lastAction":5,"status":0},{"playerId":1166,"score":1925,"energy":31,"posx":1,"posy":1,"lastAction":0,"status":0},{"playerId":2233933,"score":2200,"energy":3,"posx":2,"posy":4,"lastAction":0,"status":0}],"golds":[{"posx":2,"posy":4,"amount":200},{"posx":4,"posy":6,"amount":100},{"posx":4,"posy":8,"amount":200}],"changedObstacles":[]},{"players":[{"playerId":2374229,"score":1050,"energy":14,"posx":4,"posy":6,"lastAction":4,"status":0},{"playerId":2415753,"score":2175,"energy":6,"posx":4,"posy":6,"lastAction":5,"status":0},{"playerId":1166,"score":1925,"energy":30,"posx":1,"posy":0,"lastAction":2,"status":0},{"playerId":2233933,"score":2200,"energy":15,"posx":2,"posy":4,"lastAction":4,"status":0}],"golds":[{"posx":2,"posy":4,"amount":200},{"posx":4,"posy":6,"amount":50},{"posx":4,"posy":8,"amount":200}],"changedObstacles":[]},{"players":[{"playerId":2374229,"score":1050,"energy":30,"posx":4,"posy":6,"lastAction":4,"status":0},{"playerId":2415753,"score":2225,"energy":1,"posx":4,"posy":6,"lastAction":5,"status":0},{"playerId":1166,"score":1925,"energy":29,"posx":0,"posy":0,"lastAction":0,"status":0},{"playerId":2233933,"score":2200,"energy":31,"posx":2,"posy":4,"lastAction":4,"status":0}],"golds":[{"posx":2,"posy":4,"amount":200},{"posx":4,"posy":8,"amount":200}],"changedObstacles":[{"type":0,"posx":4,"posy":6,"value":-1}]},{"players":[{"playerId":2374229,"score":1050,"energy":29,"posx":4,"posy":7,"lastAction":3,"status":0},{"playerId":2415753,"score":2225,"energy":13,"posx":4,"posy":6,"lastAction":4,"status":0},{"playerId":1166,"score":1925,"energy":19,"posx":0,"posy":1,"lastAction":3,"status":0},{"playerId":2233933,"score":2200,"energy":50,"posx":2,"posy":4,"lastAction":4,"status":0}],"golds":[{"posx":2,"posy":4,"amount":200},{"posx":4,"posy":8,"amount":200}],"changedObstacles":[{"type":0,"posx":0,"posy":1,"value":-1}]},{"players":[{"playerId":2374229,"score":1050,"energy":24,"posx":3,"posy":7,"lastAction":0,"status":0},{"playerId":2415753,"score":2225,"energy":12,"posx":4,"posy":7,"lastAction":3,"status":0},{"playerId":1166,"score":1925,"energy":18,"posx":0,"posy":2,"lastAction":3,"status":0},{"playerId":2233933,"score":2250,"energy":45,"posx":2,"posy":4,"lastAction":5,"status":0}],"golds":[{"posx":2,"posy":4,"amount":150},{"posx":4,"posy":8,"amount":200}],"changedObstacles":[{"type":3,"posx":3,"posy":7,"value":-20}]},{"players":[{"playerId":2374229,"score":1050,"energy":19,"posx":3,"posy":8,"lastAction":3,"status":0},{"playerId":2415753,"score":2225,"energy":8,"posx":4,"posy":8,"lastAction":3,"status":0},{"playerId":1166,"score":1925,"energy":17,"posx":0,"posy":3,"lastAction":3,"status":0},{"playerId":2233933,"score":2300,"energy":40,"posx":2,"posy":4,"lastAction":5,"status":0}],"golds":[{"posx":2,"posy":4,"amount":100},{"posx":4,"posy":8,"amount":200}],"changedObstacles":[{"type":3,"posx":3,"posy":8,"value":-20}]}]