[{"players":[{"playerId":67457,"score":0,"energy":40,"posx":19,"posy":5,"lastAction":2,"status":0},{"playerId":2415753,"score":0,"energy":40,"posx":19,"posy":5,"lastAction":2,"status":0},{"playerId":1166,"score":0,"energy":40,"posx":19,"posy":5,"lastAction":2,"status":0},{"playerId":2233933,"score":0,"energy":45,"posx":19,"posy":7,"lastAction":3,"status":0}],"golds":[{"posx":16,"posy":8,"amount":550},{"posx":2,"posy":4,"amount":200},{"posx":11,"posy":3,"amount":700},{"posx":4,"posy":6,"amount":350},{"posx":11,"posy":5,"amount":550},{"posx":6,"posy":0,"amount":400},{"posx":11,"posy":7,"amount":200},{"posx":4,"posy":8,"amount":200},{"posx":19,"posy":2,"amount":700},{"posx":15,"posy":5,"amount":350},{"posx":10,"posy":0,"amount":700},{"posx":9,"posy":1,"amount":750},{"posx":17,"posy":7,"amount":100},{"posx":7,"posy":3,"amount":300},{"posx":2,"posy":1,"amount":200},{"posx":3,"posy":3,"amount":200},{"posx":12,"posy":8,"amount":300},{"posx":11,"posy":8,"amount":400},{"posx":4,"posy":1,"amount":300},{"posx":16,"posy":7,"amount":350}],"changedObstacles":[{"type":0,"posx":19,"posy":5,"value":-1},{"type":3,"posx":19,"posy":7,"value":-20}]},{"players":[{"playerId":67457,"score":0,"energy":39,"posx":19,"posy":4,"lastAction":2,"status":0},{"playerId":2415753,"score":0,"energy":39,"posx":18,"posy":5,"lastAction":0,"status":0},{"playerId":1166,"score":0,"energy":39,"posx":19,"posy":4,"lastAction":2,"status":0},{"playerId":2233933,"score":0,"energy":27,"posx":18,"posy":7,"lastAction":0,"status":0}],"golds":[{"posx":16,"posy":8,"amount":550},{"posx":2,"posy":4,"amount":200},{"posx":11,"posy":3,"amount":700},{"posx":4,"posy":6,"amount":350},{"posx":11,"posy":5,"amount":550},{"posx":6,"posy":0,"amount":400},{"posx":11,"posy":7,"amount":200},{"posx":4,"posy":8,"amount":200},{"posx":19,"posy":2,"amount":700},{"posx":15,"posy":5,"amount":350},{"posx":10,"posy":0,"amount":700},{"posx":9,"posy":1,"amount":750},{"posx":17,"posy":7,"amount":100},{"posx":7,"posy":3,"amount":300},{"posx":2,"posy":1,"amount":200},{"posx":3,"posy":3,"amount":200},{"posx":12,"posy":8,"amount":300},{"posx":11,"posy":8,"amount":400},{"posx":4,"posy":1,"amount":300},{"posx":16,"posy":7,"amount":350}],"changedObstacles":[]},{"players":[{"playerId":67457,"score":0,"energy":38,"posx":19,"posy":3,"lastAction":2,"status":0},{"playerId":2415753,"score":0,"energy":38,"posx":18,"posy":4,"lastAction":2,"status":0},{"playerId":1166,"score":0,"energy":38,"posx":19,"posy":3,"lastAction":2,"status":0},{"playerId":2233933,"score":0,"energy":23,"posx":17,"posy":7,"lastAction":0,"status":0}],"golds":[{"posx":16,"posy":8,"amount":550},{"posx":2,"posy":4,"amount":200},{"posx":11,"posy":3,"amount":700},{"posx":4,"posy":6,"amount":350},{"posx":11,"posy":5,"amount":550},{"posx":6,"posy":0,"amount":400},{"posx":11,"posy":7,"amount":200},{"posx":4,"posy":8,"amount":200},{"posx":19,"posy":2,"amount":700},{"posx":15,"posy":5,"amount":350},{"posx":10,"posy":0,"amount":700},{"posx":9,"posy":1,"amount":750},{"posx":17,"posy":7,"amount":100},{"posx":7,"posy":3,"amount":300},{"posx":2,"posy":1,"amount":200},{"posx":3,"posy":3,"amount":200},{"posx":12,"posy":8,"amount":300},{"posx":11,"posy":8,"amount":400},{"posx":4,"posy":1,"amount":300},{"posx":16,"posy":7,"amount":350}],"changedObstacles":[]},{"players":[{"playerId":67457,"score":0,"energy":34,"posx":19,"posy":2,"lastAction":2,"status":0},{"playerId":2415753,"score":0,"energy":37,"posx":17,"posy":4,"lastAction":0,"status":0},{"playerId":1166,"score":0,"energy":34,"posx":19,"posy":2,"lastAction":2,"status":0},{"playerId":2233933,"score":50,"energy":18,"posx":17,"posy":7,"lastAction":5,"status":0}],"golds":[{"posx":6,"posy":0,"amount":400},{"posx":10,"posy":0,"amount":700},{"posx":2,"posy":1,"amount":200},{"posx":4,"posy":1,"amount":300},{"posx":9,"posy":1,"amount":750},{"posx":19,"posy":2,"amount":700},{"posx":3,"posy":3,"amount":200},{"posx":7,"posy":3,"amount":300},{"posx":11,"posy":3,"amount":700},{"posx":2,"posy":4,"amount":200},{"posx":11,"posy":5,"amount":550},{"posx":15,"posy":5,"amount":350},{"posx":4,"posy":6,"amount":350},{"posx":11,"posy":7,"amount":200},{"posx":16,"posy":7,"amount":350},{"posx":17,"posy":7,"amount":50},{"posx":4,"posy":8,"amount":200},{"posx":11,"posy":8,"amount":400},{"posx":12,"posy":8,"amount":300},{"posx":16,"posy":8,"amount":550}],"changedObstacles":[]},{"players":[{"playerId":67457,"score":50,"energy":29,"posx":19,"posy":2,"lastAction":5,"status":0},{"playerId":2415753,"score":0,"energy":36,"posx":16,"posy":4,"lastAction":0,"status":0},{"playerId":1166,"score":50,"energy":29,"posx":19,"posy":2,"lastAction":5,"status":0},{"playerId":2233933,"score":100,"energy":13,"posx":17,"posy":7,"lastAction":5,"status":0}],"golds":[{"posx":6,"posy":0,"amount":400},{"posx":10,"posy":0,"amount":700},{"posx":2,"posy":1,"amount":200},{"posx":4,"posy":1,"amount":300},{"posx":9,"posy":1,"amount":750},{"posx":19,"posy":2,"amount":600},{"posx":3,"posy":3,"amount":200},{"posx":7,"posy":3,"amount":300},{"posx":11,"posy":3,"amount":700},{"posx":2,"posy":4,"amount":200},{"posx":11,"posy":5,"amount":550},{"posx":15,"posy":5,"amount":350},{"posx":4,"posy":6,"amount":350},{"posx":11,"posy":7,"amount":200},{"posx":16,"posy":7,"amount":350},{"posx":4,"posy":8,"amount":200},{"posx":11,"posy":8,"amount":400},{"posx":12,"posy":8,"amount":300},{"posx":16,"posy":8,"amount":550}],"changedObstacles":[{"type":0,"posx":17,"posy":7,"value":-1}]},{"players":[{"playerId":67457,"score":100,"energy":24,"posx":19,"posy":2,"lastAction":5,"status":0},{"playerId":2415753,"score":0,"energy":35,"posx":16,"posy":3,"lastAction":2,"status":0},{"playerId":1166,"score":100,"energy":24,"posx":19,"posy":2,"lastAction":5,"status":0},{"playerId":2233933,"score":100,"energy":9,"posx":16,"posy":7,"lastAction":0,"status":0}],"golds":[{"posx":6,"posy":0,"amount":400},{"posx":10,"posy":0,"amount":700},{"posx":2,"posy":1,"amount":200},{"posx":4,"posy":1,"amount":300},{"posx":9,"posy":1,"amount":750},{"posx":19,"posy":2,"amount":500},{"posx":3,"posy":3,"amount":200},{"posx":7,"posy":3,"amount":300},{"posx":11,"posy":3,"amount":700},{"posx":2,"posy":4,"amount":200},{"posx":11,"posy":5,"amount":550},{"posx":15,"posy":5,"amount":350},{"posx":4,"posy":6,"amount":350},{"posx":11,"posy":7,"amount":200},{"posx":16,"posy":7,"amount":350},{"posx":4,"posy":8,"amount":200},{"posx":11,"posy":8,"amount":400},{"posx":12,"posy":8,"amount":300},{"posx":16,"posy":8,"amount":550}],"changedObstacles":[]},{"players":[{"playerId":67457,"score":150,"energy":19,"posx":19,"posy":2,"lastAction":5,"status":0},{"playerId":2415753,"score":0,"energy":34,"posx":15,"posy":3,"lastAction":0,"status":0},{"playerId":1166,"score":150,"energy":19,"posx":19,"posy":2,"lastAction":5,"status":0},{"playerId":2233933,"score":150,"energy":4,"posx":16,"posy":7,"lastAction":5,"status":0}],"golds":[{"posx":6,"posy":0,"amount":400},{"posx":10,"posy":0,"amount":700},{"posx":2,"posy":1,"amount":200},{"posx":4,"posy":1,"amount":300},{"posx":9,"posy":1,"amount":750},{"posx":19,"posy":2,"amount":400},{"posx":3,"posy":3,"amount":200},{"posx":7,"posy":3,"amount":300},{"posx":11,"posy":3,"amount":700},{"posx":2,"posy":4,"amount":200},{"posx":11,"posy":5,"amount":550},{"posx":15,"posy":5,"amount":350},{"posx":4,"posy":6,"amount":350},{"posx":11,"posy":7,"amount":200},{"posx":16,"posy":7,"amount":300},{"posx":4,"posy":8,"amount":200},{"posx":11,"posy":8,"amount":400},{"posx":12,"posy":8,"amount":300},{"posx":16,"posy":8,"amount":550}],"changedObstacles":[]},{"players":[{"playerId":67457,"score":200,"energy":14,"posx":19,"posy":2,"lastAction":5,"status":0},{"playerId":2415753,"score":0,"energy":33,"posx":14,"posy":3,"lastAction":0,"status":0},{"playerId":1166,"score":200,"energy":14,"posx":19,"posy":2,"lastAction":5,"status":0},{"playerId":2233933,"score":150,"energy":16,"posx":16,"posy":7,"lastAction":4,"status":0}],"golds":[{"posx":6,"posy":0,"amount":400},{"posx":10,"posy":0,"amount":700},{"posx":2,"posy":1,"amount":200},{"posx":4,"posy":1,"amount":300},{"posx":9,"posy":1,"amount":750},{"posx":19,"posy":2,"amount":300},{"posx":3,"posy":3,"amount":200},{"posx":7,"posy":3,"amount":300},{"posx":11,"posy":3,"amount":700},{"posx":2,"posy":4,"amount":200},{"posx":11,"posy":5,"amount":550},{"posx":15,"posy":5,"amount":350},{"posx":4,"posy":6,"amount":350},{"posx":11,"posy":7,"amount":200},{"posx":16,"posy":7,"amount":300},{"posx":4,"posy":8,"amount":200},{"posx":11,"posy":8,"amount":400},{"posx":12,"posy":8,"amount":300},{"posx":16,"posy":8,"amount":550}],"changedObstacles":[]},{"players":[{"playerId":67457,"score":250,"energy":9,"posx":19,"posy":2,"lastAction":5,"status":0},{"playerId":2415753,"score":0,"energy":23,"posx":13,"posy":3,"lastAction":0,"status":0},{"playerId":1166,"score":250,"energy":9,"posx":19,"posy":2,"lastAction":5,"status":0},{"playerId":2233933,"score":150,"energy":32,"posx":16,"posy":7,"lastAction":4,"status":0}],"golds":[{"posx":6,"posy":0,"amount":400},{"posx":10,"posy":0,"amount":700},{"posx":2,"posy":1,"amount":200},{"posx":4,"posy":1,"amount":300},{"posx":9,"posy":1,"amount":750},{"posx":19,"posy":2,"amount":200},{"posx":3,"posy":3,"amount":200},{"posx":7,"posy":3,"amount":300},{"posx":11,"posy":3,"amount":700},{"posx":2,"posy":4,"amount":200},{"posx":11,"posy":5,"amount":550},{"posx":15,"posy":5,"amount":350},{"posx":4,"posy":6,"amount":350},{"posx":11,"posy":7,"amount":200},{"posx":16,"posy":7,"amount":300},{"posx":4,"posy":8,"amount":200},{"posx":11,"posy":8,"amount":400},{"posx":12,"posy":8,"amount":300},{"posx":16,"posy":8,"amount":550}],"changedObstacles":[{"type":0,"posx":13,"posy":3,"value":-1}]},{"players":[{"playerId":67457,"score":300,"energy":4,"posx":19,"posy":2,"lastAction":5,"status":0},{"playerId":2415753,"score":0,"energy":22,"posx":12,"posy":3,"lastAction":0,"status":0},{"playerId":1166,"score":300,"energy":4,"posx":19,"posy":2,"lastAction":5,"status":0},{"playerId":2233933,"score":150,"energy":50,"posx":16,"posy":7,"lastAction":4,"status":0}],"golds":[{"posx":6,"posy":0,"amount":400},{"posx":10,"posy":0,"amount":700},{"posx":2,"posy":1,"amount":200},{"posx":4,"posy":1,"amount":300},{"posx":9,"posy":1,"amount":750},{"posx":19,"posy":2,"amount":100},{"posx":3,"posy":3,"amount":200},{"posx":7,"posy":3,"amount":300},{"posx":11,"posy":3,"amount":700},{"posx":2,"posy":4,"amount":200},{"posx":11,"posy":5,"amount":550},{"posx":15,"posy":5,"amount":350},{"posx":4,"posy":6,"amount":350},{"posx":11,"posy":7,"amount":200},{"posx":16,"posy":7,"amount":300},{"posx":4,"posy":8,"amount":200},{"posx":11,"posy":8,"amount":400},{"posx":12,"posy":8,"amount":300},{"posx":16,"posy":8,"amount":550}],"changedObstacles":[]},{"players":[{"playerId":67457,"score":300,"energy":16,"posx":19,"posy":2,"lastAction":4,"status":0},{"playerId":2415753,"score":0,"energy":18,"posx":11,"posy":3,"lastAction":0,"status":0},{"playerId":1166,"score":300,"energy":16,"posx":19,"posy":2,"lastAction":4,"status":0},{"playerId":2233933,"score":200,"energy":45,"posx":16,"posy":7,"lastAction":5,"status":0}],"golds":[{"posx":6,"posy":0,"amount":400},{"posx":10,"posy":0,"amount":700},{"posx":2,"posy":1,"amount":200},{"posx":4,"posy":1,"amount":300},{"posx":9,"posy":1,"amount":750},{"posx":19,"posy":2,"amount":100},{"posx":3,"posy":3,"amount":200},{"posx":7,"posy":3,"amount":300},{"posx":11,"posy":3,"amount":700},{"posx":2,"posy":4,"amount":200},{"posx":11,"posy":5,"amount":550},{"posx":15,"posy":5,"amount":350},{"posx":4,"posy":6,"amount":350},{"posx":11,"posy":7,"amount":200},{"posx":16,"posy":7,"amount":250},{"posx":4,"posy":8,"amount":200},{"posx":11,"posy":8,"amount":400},{"posx":12,"posy":8,"amount":300},{"posx":16,"posy":8,"amount":550}],"changedObstacles":[]},{"players":[{"playerId":67457,"score":350,"energy":11,"posx":19,"posy":2,"lastAction":5,"status":0},{"playerId":2415753,"score":50,"energy":13,"posx":11,"posy":3,"lastAction":5,"status":0},{"playerId":1166,"score":350,"energy":11,"posx":19,"posy":2,"lastAction":5,"status":0},{"playerId":2233933,"score":250,"energy":40,"posx":16,"posy":7,"lastAction":5,"status":0}],"golds":[{"posx":6,"posy":0,"amount":400},{"posx":10,"posy":0,"amount":700},{"posx":2,"posy":1,"amount":200},{"posx":4,"posy":1,"amount":300},{"posx":9,"posy":1,"amount":750},{"posx":3,"posy":3,"amount":200},{"posx":7,"posy":3,"amount":300},{"posx":11,"posy":3,"amount":650},{"posx":2,"posy":4,"amount":200},{"posx":11,"posy":5,"amount":550},{"posx":15,"posy":5,"amount":350},{"posx":4,"posy":6,"amount":350},{"posx":11,"posy":7,"amount":200},{"posx":16,"posy":7,"amount":200},{"posx":4,"posy":8,"amount":200},{"posx":11,"posy":8,"amount":400},{"posx":12,"posy":8,"amount":300},{"posx":16,"posy":8,"amount":550}],"changedObstacles":[{"type":0,"posx":19,"posy":2,"value":-1}]},{"players":[{"playerId":67457,"score":350,"energy":23,"posx":19,"posy":2,"lastAction":4,"status":0},{"playerId":2415753,"score":100,"energy":8,"posx":11,"posy":3,"lastAction":5,"status":0},{"playerId":1166,"score":350,"energy":6,"posx":18,"posy":2,"lastAction":0,"status":0},{"playerId":2233933,"score":300,"energy":35,"posx":16,"posy":7,"lastAction":5,"status":0}],"golds":[{"posx":6,"posy":0,"amount":400},{"posx":10,"posy":0,"amount":700},{"posx":2,"posy":1,"amount":200},{"posx":4,"posy":1,"amount":300},{"posx":9,"posy":1,"amount":750},{"posx":3,"posy":3,"amount":200},{"posx":7,"posy":3,"amount":300},{"posx":11,"posy":3,"amount":600},{"posx":2,"posy":4,"amount":200},{"posx":11,"posy":5,"amount":550},{"posx":15,"posy":5,"amount":350},{"posx":4,"posy":6,"amount":350},{"posx":11,"posy":7,"amount":200},{"posx":16,"posy":7,"amount":150},{"posx":4,"posy":8,"amount":200},{"posx":11,"posy":8,"amount":400},{"posx":12,"posy":8,"amount":300},{"posx":16,"posy":8,"amount":550}],"changedObstacles":[{"type":3,"posx":18,"posy":2,"value":-20}]},{"players":[{"playerId":67457,"score":350,"energy":39,"posx":19,"posy":2,"lastAction":4,"status":0},{"playerId":2415753,"score":150,"energy":3,"posx":11,"posy":3,"lastAction":5,"status":0},{"playerId":1166,"score":350,"energy":5,"posx":18,"posy":1,"lastAction":2,"status":0},{"playerId":2233933,"score":350,"energy":30,"posx":16,"posy":7,"lastAction":5,"status":0}],"golds":[{"posx":6,"posy":0,"amount":400},{"posx":10,"posy":0,"amount":700},{"posx":2,"posy":1,"amount":200},{"posx":4,"posy":1,"amount":300},{"posx":9,"posy":1,"amount":750},{"posx":3,"posy":3,"amount":200},{"posx":7,"posy":3,"amount":300},{"posx":11,"posy":3,"amount":550},{"posx":2,"posy":4,"amount":200},{"posx":11,"posy":5,"amount":550},{"posx":15,"posy":5,"amount":350},{"posx":4,"posy":6,"amount":350},{"posx":11,"posy":7,"amount":200},{"posx":16,"posy":7,"amount":100},{"posx":4,"posy":8,"amount":200},{"posx":11,"posy":8,"amount":400},{"posx":12,"posy":8,"amount":300},{"posx":16,"posy":8,"amount":550}],"changedObstacles":[]},{"players":[{"playerId":67457,"score":350,"energy":38,"posx":19,"posy":3,"lastAction":3,"status":0},{"playerId":2415753,"score":150,"energy":15,"posx":11,"posy":3,"lastAction":4,"status":0},{"playerId":1166,"score":350,"energy":17,"posx":18,"posy":1,"lastAction":4,"status":0},{"playerId":2233933,"score":400,"energy":25,"posx":16,"posy":7,"lastAction":5,"status":0}],"golds":[{"posx":6,"posy":0,"amount":400},{"posx":10,"posy":0,"amount":700},{"posx":2,"posy":1,"amount":200},{"posx":4,"posy":1,"amount":300},{"posx":9,"posy":1,"amount":750},{"posx":3,"posy":3,"amount":200},{"posx":7,"posy":3,"amount":300},{"posx":11,"posy":3,"amount":550},{"posx":2,"posy":4,"amount":200},{"posx":11,"posy":5,"amount":550},{"posx":15,"posy":5,"amount":350},{"posx":4,"posy":6,"amount":350},{"posx":11,"posy":7,"amount":200},{"posx":16,"posy":7,"amount":50},{"posx":4,"posy":8,"amount":200},{"posx":11,"posy":8,"amount":400},{"posx":12,"posy":8,"amount":300},{"posx":16,"posy":8,"amount":550}],"changedObstacles":[]},{"players":[{"playerId":67457,"score":350,"energy":33,"posx":18,"posy":3,"lastAction":0,"status":0},{"playerId":2415753,"score":200,"energy":10,"posx":11,"posy":3,"lastAction":5,"status":0},{"playerId":1166,"score":350,"energy":33,"posx":18,"posy":1,"lastAction":4,"status":0},{"playerId":2233933,"score":450,"energy":20,"posx":16,"posy":7,"lastAction":5,"status":0}],"golds":[{"posx":6,"posy":0,"amount":400},{"posx":10,"posy":0,"amount":700},{"posx":2,"posy":1,"amount":200},{"posx":4,"posy":1,"amount":300},{"posx":9,"posy":1,"amount":750},{"posx":3,"posy":3,"amount":200},{"posx":7,"posy":3,"amount":300},{"posx":11,"posy":3,"amount":500},{"posx":2,"posy":4,"amount":200},{"posx":11,"posy":5,"amount":550},{"posx":15,"posy":5,"amount":350},{"posx":4,"posy":6,"amount":350},{"posx":11,"posy":7,"amount":200},{"posx":4,"posy":8,"amount":200},{"posx":11,"posy":8,"amount":400},{"posx":12,"posy":8,"amount":300},{"posx":16,"posy":8,"amount":550}],"changedObstacles":[{"type":3,"posx":18,"posy":3,"value":-20},{"type":0,"posx":16,"posy":7,"value":-1}]},{"players":[{"playerId":67457,"score":350,"energy":28,"posx":17,"posy":3,"lastAction":0,"status":0},{"playerId":2415753,"score":250,"energy":5,"posx":11,"posy":3,"lastAction":5,"status":0},{"playerId":1166,"score":350,"energy":50,"posx":18,"posy":1,"lastAction":4,"status":0},{"playerId":2233933,"score":450,"energy":16,"posx":16,"posy":8,"lastAction":3,"status":0}],"golds":[{"posx":6,"posy":0,"amount":400},{"posx":10,"posy":0,"amount":700},{"posx":2,"posy":1,"amount":200},{"posx":4,"posy":1,"amount":300},{"posx":9,"posy":1,"amount":750},{"posx":3,"posy":3,"amount":200},{"posx":7,"posy":3,"amount":300},{"posx":11,"posy":3,"amount":450},{"posx":2,"posy":4,"amount":200},{"posx":11,"posy":5,"amount":550},{"posx":15,"posy":5,"amount":350},{"posx":4,"posy":6,"amount":350},{"posx":11,"posy":7,"amount":200},{"posx":4,"posy":8,"amount":200},{"posx":11,"posy":8,"amount":400},{"posx":12,"posy":8,"amount":300},{"posx":16,"posy":8,"amount":550}],"changedObstacles":[{"type":3,"posx":17,"posy":3,"value":-20}]},{"players":[{"playerId":67457,"score":350,"energy":27,"posx":16,"posy":3,"lastAction":0,"status":0},{"playerId":2415753,"score":250,"energy":17,"posx":11,"posy":3,"lastAction":4,"status":0},{"playerId":1166,"score":350,"energy":40,"posx":17,"posy":1,"lastAction":0,"status":0},{"playerId":2233933,"score":500,"energy":11,"posx":16,"posy":8,"lastAction":5,"status":0}],"golds":[{"posx":6,"posy":0,"amount":400},{"posx":10,"posy":0,"amount":700},{"posx":2,"posy":1,"amount":200},{"posx":4,"posy":1,"amount":300},{"posx":9,"posy":1,"amount":750},{"posx":3,"posy":3,"amount":200},{"posx":7,"posy":3,"amount":300},{"posx":11,"posy":3,"amount":450},{"posx":2,"posy":4,"amount":200},{"posx":11,"posy":5,"amount":550},{"posx":15,"posy":5,"amount":350},{"posx":4,"posy":6,"amount":350},{"posx":11,"posy":7,"amount":200},{"posx":4,"posy":8,"amount":200},{"posx":11,"posy":8,"amount":400},{"posx":12,"posy":8,"amount":300},{"posx":16,"posy":8,"amount":500}],"changedObstacles":[{"type":0,"posx":17,"posy":1,"value":-1}]},{"players":[{"playerId":67457,"score":350,"energy":26,"posx":15,"posy":3,"lastAction":0,"status":0},{"playerId":2415753,"score":300,"energy":12,"posx":11,"posy":3,"lastAction":5,"status":0},{"playerId":1166,"score":350,"energy":30,"posx":16,"posy":1,"lastAction":0,"status":0},{"playerId":2233933,"score":550,"energy":6,"posx":16,"posy":8,"lastAction":5,"status":0}],"golds":[{"posx":6,"posy":0,"amount":400},{"posx":10,"posy":0,"amount":700},{"posx":2,"posy":1,"amount":200},{"posx":4,"posy":1,"amount":300},{"posx":9,"posy":1,"amount":750},{"posx":3,"posy":3,"amount":200},{"posx":7,"posy":3,"amount":300},{"posx":11,"posy":3,"amount":400},{"posx":2,"posy":4,"amount":200},{"posx":11,"posy":5,"amount":550},{"posx":15,"posy":5,"amount":350},{"posx":4,"posy":6,"amount":350},{"posx":11,"posy":7,"amount":200},{"posx":4,"posy":8,"amount":200},{"posx":11,"posy":8,"amount":400},{"posx":12,"posy":8,"amount":300},{"posx":16,"posy":8,"amount":450}],"changedObstacles":[{"type":0,"posx":16,"posy":1,"value":-1}]},{"players":[{"playerId":67457,"score":350,"energy":16,"posx":15,"posy":4,"lastAction":3,"status":0},{"playerId":2415753,"score":350,"energy":7,"posx":11,"posy":3,"lastAction":5,"status":0},{"playerId":1166,"score":350,"energy":25,"posx":15,"posy":1,"lastAction":0,"status":0},{"playerId":2233933,"score":600,"energy":1,"posx":16,"posy":8,"lastAction":5,"status":0}],"golds":[{"posx":6,"posy":0,"amount":400},{"posx":10,"posy":0,"amount":700},{"posx":2,"posy":1,"amount":200},{"posx":4,"posy":1,"amount":300},{"posx":9,"posy":1,"amount":750},{"posx":3,"posy":3,"amount":200},{"posx":7,"posy":3,"amount":300},{"posx":11,"posy":3,"amount":350},{"posx":2,"posy":4,"amount":200},{"posx":11,"posy":5,"amount":550},{"posx":15,"posy":5,"amount":350},{"posx":4,"posy":6,"amount":350},{"posx":11,"posy":7,"amount":200},{"posx":4,"posy":8,"amount":200},{"posx":11,"posy":8,"amount":400},{"posx":12,"posy":8,"amount":300},{"posx":16,"posy":8,"amount":400}],"changedObstacles":[{"type":0,"posx":15,"posy":4,"value":-1},{"type":3,"posx":15,"posy":1,"value":-20}]},{"players":[{"playerId":67457,"score":350,"energy":12,"posx":15,"posy":5,"lastAction":3,"status":0},{"playerId":2415753,"score":400,"energy":2,"posx":11,"posy":3,"lastAction":5,"status":0},{"playerId":1166,"score":350,"energy":7,"posx":14,"posy":1,"lastAction":0,"status":0},{"playerId":2233933,"score":600,"energy":13,"posx":16,"posy":8,"lastAction":4,"status":0}],"golds":[{"posx":6,"posy":0,"amount":400},{"posx":10,"posy":0,"amount":700},{"posx":2,"posy":1,"amount":200},{"posx":4,"posy":1,"amount":300},{"posx":9,"posy":1,"amount":750},{"posx":3,"posy":3,"amount":200},{"posx":7,"posy":3,"amount":300},{"posx":11,"posy":3,"amount":300},{"posx":2,"posy":4,"amount":200},{"posx":11,"posy":5,"amount":550},{"posx":15,"posy":5,"amount":350},{"posx":4,"posy":6,"amount":350},{"posx":11,"posy":7,"amount":200},{"posx":4,"posy":8,"amount":200},{"posx":11,"posy":8,"amount":400},{"posx":12,"posy":8,"amount":300},{"posx":16,"posy":8,"amount":400}],"changedObstacles":[]},{"players":[{"playerId":67457,"score":400,"energy":7,"posx":15,"posy":5,"lastAction":5,"status":0},{"playerId":2415753,"score":400,"energy":14,"posx":11,"posy":3,"lastAction":4,"status":0},{"playerId":1166,"score":350,"energy":19,"posx":14,"posy":1,"lastAction":4,"status":0},{"playerId":2233933,"score":600,"energy":29,"posx":16,"posy":8,"lastAction":4,"status":0}],"golds":[{"posx":6,"posy":0,"amount":400},{"posx":10,"posy":0,"amount":700},{"posx":2,"posy":1,"amount":200},{"posx":4,"posy":1,"amount":300},{"posx":9,"posy":1,"amount":750},{"posx":3,"posy":3,"amount":200},{"posx":7,"posy":3,"amount":300},{"posx":11,"posy":3,"amount":300},{"posx":2,"posy":4,"amount":200},{"posx":11,"posy":5,"amount":550},{"posx":15,"posy":5,"amount":300},{"posx":4,"posy":6,"amount":350},{"posx":11,"posy":7,"amount":200},{"posx":4,"posy":8,"amount":200},{"posx":11,"posy":8,"amount":400},{"posx":12,"posy":8,"amount":300},{"posx":16,"posy":8,"amount":400}],"changedObstacles":[]},{"players":[{"playerId":67457,"score":450,"energy":2,"posx":15,"posy":5,"lastAction":5,"status":0},{"playerId":2415753,"score":450,"energy":9,"posx":11,"posy":3,"lastAction":5,"status":0},{"playerId":1166,"score":350,"energy":35,"posx":14,"posy":1,"lastAction":4,"status":0},{"playerId":2233933,"score":600,"energy":50,"posx":16,"posy":8,"lastAction":4,"status":0}],"golds":[{"posx":6,"posy":0,"amount":400},{"posx":10,"posy":0,"amount":700},{"posx":2,"posy":1,"amount":200},{"posx":4,"posy":1,"amount":300},{"posx":9,"posy":1,"amount":750},{"posx":3,"posy":3,"amount":200},{"posx":7,"posy":3,"amount":300},{"posx":11,"posy":3,"amount":250},{"posx":2,"posy":4,"amount":200},{"posx":11,"posy":5,"amount":550},{"posx":15,"posy":5,"amount":250},{"posx":4,"posy":6,"amount":350},{"posx":11,"posy":7,"amount":200},{"posx":4,"posy":8,"amount":200},{"posx":11,"posy":8,"amount":400},{"posx":12,"posy":8,"amount":300},{"posx":16,"posy":8,"amount":400}],"changedObstacles":[]},{"players":[{"playerId":67457,"score":450,"energy":14,"posx":15,"posy":5,"lastAction":4,"status":0},{"playerId":2415753,"score":500,"energy":4,"posx":11,"posy":3,"lastAction":5,"status":0},{"playerId":1166,"score":350,"energy":50,"posx":14,"posy":1,"lastAction":4,"status":0},{"playerId":2233933,"score":650,"energy":45,"posx":16,"posy":8,"lastAction":5,"status":0}],"golds":[{"posx":6,"posy":0,"amount":400},{"posx":10,"posy":0,"amount":700},{"posx":2,"posy":1,"amount":200},{"posx":4,"posy":1,"amount":300},{"posx":9,"posy":1,"amount":750},{"posx":3,"posy":3,"amount":200},{"posx":7,"posy":3,"amount":300},{"posx":11,"posy":3,"amount":200},{"posx":2,"posy":4,"amount":200},{"posx":11,"posy":5,"amount":550},{"posx":15,"posy":5,"amount":250},{"posx":4,"posy":6,"amount":350},{"posx":11,"posy":7,"amount":200},{"posx":4,"posy":8,"amount":200},{"posx":11,"posy":8,"amount":400},{"posx":12,"posy":8,"amount":300},{"posx":16,"posy":8,"amount":350}],"changedObstacles":[]},{"players":[{"playerId":67457,"score":450,"energy":30,"posx":15,"posy":5,"lastAction":4,"status":0},{"playerId":2415753,"score":500,"energy":16,"posx":11,"posy":3,"lastAction":4,"status":0},{"playerId":1166,"score":350,"energy":40,"posx":13,"posy":1,"lastAction":0,"status":0},{"playerId":2233933,"score":700,"energy":40,"posx":16,"posy":8,"lastAction":5,"status":0}],"golds":[{"posx":6,"posy":0,"amount":400},{"posx":10,"posy":0,"amount":700},{"posx":2,"posy":1,"amount":200},{"posx":4,"posy":1,"amount":300},{"posx":9,"posy":1,"amount":750},{"posx":3,"posy":3,"amount":200},{"posx":7,"posy":3,"amount":300},{"posx":11,"posy":3,"amount":200},{"posx":2,"posy":4,"amount":200},{"posx":11,"posy":5,"amount":550},{"posx":15,"posy":5,"amount":250},{"posx":4,"posy":6,"amount":350},{"posx":11,"posy":7,"amount":200},{"posx":4,"posy":8,"amount":200},{"posx":11,"posy":8,"amount":400},{"posx":12,"posy":8,"amount":300},{"posx":16,"posy":8,"amount":300}],"changedObstacles":[{"type":0,"posx":13,"posy":1,"value":-1}]},{"players":[{"playerId":67457,"score":450,"energy":50,"posx":15,"posy":5,"lastAction":4,"status":0},{"playerId":2415753,"score":550,"energy":11,"posx":11,"posy":3,"lastAction":5,"status":0},{"playerId":1166,"score":350,"energy":34,"posx":12,"posy":1,"lastAction":0,"status":0},{"playerId":2233933,"score":750,"energy":35,"posx":16,"posy":8,"lastAction":5,"status":0}],"golds":[{"posx":6,"posy":0,"amount":400},{"posx":10,"posy":0,"amount":700},{"posx":2,"posy":1,"amount":200},{"posx":4,"posy":1,"amount":300},{"posx":9,"posy":1,"amount":750},{"posx":3,"posy":3,"amount":200},{"posx":7,"posy":3,"amount":300},{"posx":11,"posy":3,"amount":150},{"posx":2,"posy":4,"amount":200},{"posx":11,"posy":5,"amount":550},{"posx":15,"posy":5,"amount":250},{"posx":4,"posy":6,"amount":350},{"posx":11,"posy":7,"amount":200},{"posx":4,"posy":8,"amount":200},{"posx":11,"posy":8,"amount":400},{"posx":12,"posy":8,"amount":300},{"posx":16,"posy":8,"amount":250}],"changedObstacles":[]},{"players":[{"playerId":67457,"score":500,"energy":45,"posx":15,"posy":5,"lastAction":5,"status":0},{"playerId":2415753,"score":600,"energy":6,"posx":11,"posy":3,"lastAction":5,"status":0},{"playerId":1166,"score":350,"energy":29,"posx":11,"posy":1,"lastAction":0,"status":0},{"playerId":2233933,"score":800,"energy":30,"posx":16,"posy":8,"lastAction":5,"status":0}],"golds":[{"posx":6,"posy":0,"amount":400},{"posx":10,"posy":0,"amount":700},{"posx":2,"posy":1,"amount":200},{"posx":4,"posy":1,"amount":300},{"posx":9,"posy":1,"amount":750},{"posx":3,"posy":3,"amount":200},{"posx":7,"posy":3,"amount":300},{"posx":11,"posy":3,"amount":100},{"posx":2,"posy":4,"amount":200},{"posx":11,"posy":5,"amount":550},{"posx":15,"posy":5,"amount":200},{"posx":4,"posy":6,"amount":350},{"posx":11,"posy":7,"amount":200},{"posx":4,"posy":8,"amount":200},{"posx":11,"posy":8,"amount":400},{"posx":12,"posy":8,"amount":300},{"posx":16,"posy":8,"amount":200}],"changedObstacles":[{"type":3,"posx":11,"posy":1,"value":-20}]},{"players":[{"playerId":67457,"score":550,"energy":40,"posx":15,"posy":5,"lastAction":5,"status":0},{"playerId":2415753,"score":650,"energy":1,"posx":11,"posy":3,"lastAction":5,"status":0},{"playerId":1166,"score":350,"energy":17,"posx":10,"posy":1,"lastAction":0,"status":0},{"playerId":2233933,"score":850,"energy":25,"posx":16,"posy":8,"lastAction":5,"status":0}],"golds":[{"posx":6,"posy":0,"amount":400},{"posx":10,"posy":0,"amount":700},{"posx":2,"posy":1,"amount":200},{"posx":4,"posy":1,"amount":300},{"posx":9,"posy":1,"amount":750},{"posx":3,"posy":3,"amount":200},{"posx":7,"posy":3,"amount":300},{"posx":11,"posy":3,"amount":50},{"posx":2,"posy":4,"amount":200},{"posx":11,"posy":5,"amount":550},{"posx":15,"posy":5,"amount":150},{"posx":4,"posy":6,"amount":350},{"posx":11,"posy":7,"amount":200},{"posx":4,"posy":8,"amount":200},{"posx":11,"posy":8,"amount":400},{"posx":12,"posy":8,"amount":300},{"posx":16,"posy":8,"amount":150}],"changedObstacles":[]},{"players":[{"playerId":67457,"score":600,"energy":35,"posx":15,"posy":5,"lastAction":5,"status":0},{"playerId":2415753,"score":650,"energy":13,"posx":11,"posy":3,"lastAction":4,"status":0},{"playerId":1166,"score":350,"energy":13,"posx":9,"posy":1,"lastAction":0,"status":0},{"playerId":2233933,"score":900,"energy":20,"posx":16,"posy":8,"lastAction":5,"status":0}],"golds":[{"posx":6,"posy":0,"amount":400},{"posx":10,"posy":0,"amount":700},{"posx":2,"posy":1,"amount":200},{"posx":4,"posy":1,"amount":300},{"posx":9,"posy":1,"amount":750},{"posx":3,"posy":3,"amount":200},{"posx":7,"posy":3,"amount":300},{"posx":11,"posy":3,"amount":50},{"posx":2,"posy":4,"amount":200},{"posx":11,"posy":5,"amount":550},{"posx":15,"posy":5,"amount":100},{"posx":4,"posy":6,"amount":350},{"posx":11,"posy":7,"amount":200},{"posx":4,"posy":8,"amount":200},{"posx":11,"posy":8,"amount":400},{"posx":12,"posy":8,"amount":300},{"posx":16,"posy":8,"amount":100}],"changedObstacles":[]},{"players":[{"playerId":67457,"score":650,"energy":30,"posx":15,"posy":5,"lastAction":5,"status":0},{"playerId":2415753,"score":700,"energy":8,"posx":11,"posy":3,"lastAction":5,"status":0},{"playerId":1166,"score":400,"energy":8,"posx":9,"posy":1,"lastAction":5,"status":0},{"playerId":2233933,"score":950,"energy":15,"posx":16,"posy":8,"lastAction":5,"status":0}],"golds":[{"posx":6,"posy":0,"amount":400},{"posx":10,"posy":0,"amount":700},{"posx":2,"posy":1,"amount":200},{"posx":4,"posy":1,"amount":300},{"posx":9,"posy":1,"amount":700},{"posx":3,"posy":3,"amount":200},{"posx":7,"posy":3,"amount":300},{"posx":2,"posy":4,"amount":200},{"posx":11,"posy":5,"amount":550},{"posx":15,"posy":5,"amount":50},{"posx":4,"posy":6,"amount":350},{"posx":11,"posy":7,"amount":200},{"posx":4,"posy":8,"amount":200},{"posx":11,"posy":8,"amount":400},{"posx":12,"posy":8,"amount":300},{"posx":16,"posy":8,"amount":50}],"changedObstacles":[{"type":0,"posx":11,"posy":3,"value":-1}]},{"players":[{"playerId":67457,"score":700,"energy":25,"posx":15,"posy":5,"lastAction":5,"status":0},{"playerId":2415753,"score":700,"energy":7,"posx":12,"posy":3,"lastAction":1,"status":0},{"playerId":1166,"score":450,"energy":3,"posx":9,"posy":1,"lastAction":5,"status":0},{"playerId":2233933,"score":1000,"energy":10,"posx":16,"posy":8,"lastAction":5,"status":0}],"golds":[{"posx":6,"posy":0,"amount":400},{"posx":10,"posy":0,"amount":700},{"posx":2,"posy":1,"amount":200},{"posx":4,"posy":1,"amount":300},{"posx":9,"posy":1,"amount":650},{"posx":3,"posy":3,"amount":200},{"posx":7,"posy":3,"amount":300},{"posx":2,"posy":4,"amount":200},{"posx":11,"posy":5,"amount":550},{"posx":4,"posy":6,"amount":350},{"posx":11,"posy":7,"amount":200},{"posx":4,"posy":8,"amount":200},{"posx":11,"posy":8,"amount":400},{"posx":12,"posy":8,"amount":300}],"changedObstacles":[{"type":0,"posx":15,"posy":5,"value":-1},{"type":0,"posx":16,"posy":8,"value":-1}]},{"players":[{"playerId":67457,"score":700,"energy":15,"posx":14,"posy":5,"lastAction":0,"status":0},{"playerId":2415753,"score":700,"energy":6,"posx":12,"posy":4,"lastAction":3,"status":0},{"playerId":1166,"score":450,"energy":15,"posx":9,"posy":1,"lastAction":4,"status":0},{"playerId":2233933,"score":1000,"energy":9,"posx":15,"posy":8,"lastAction":0,"status":0}],"golds":[{"posx":6,"posy":0,"amount":400},{"posx":10,"posy":0,"amount":700},{"posx":2,"posy":1,"amount":200},{"posx":4,"posy":1,"amount":300},{"posx":9,"posy":1,"amount":650},{"posx":3,"posy":3,"amount":200},{"posx":7,"posy":3,"amount":300},{"posx":2,"posy":4,"amount":200},{"posx":11,"posy":5,"amount":550},{"posx":4,"posy":6,"amount":350},{"posx":11,"posy":7,"amount":200},{"posx":4,"posy":8,"amount":200},{"posx":11,"posy":8,"amount":400},{"posx":12,"posy":8,"amount":300}],"changedObstacles":[{"type":0,"posx":14,"posy":5,"value":-1}]},{"players":[{"playerId":67457,"score":700,"energy":10,"posx":13,"posy":5,"lastAction":0,"status":0},{"playerId":2415753,"score":700,"energy":5,"posx":12,"posy":5,"lastAction":3,"status":0},{"playerId":1166,"score":450,"energy":31,"posx":9,"posy":1,"lastAction":4,"status":0},{"playerId":2233933,"score":1000,"energy":8,"posx":14,"posy":8,"lastAction":0,"status":0}],"golds":[{"posx":6,"posy":0,"amount":400},{"posx":10,"posy":0,"amount":700},{"posx":2,"posy":1,"amount":200},{"posx":4,"posy":1,"amount":300},{"posx":9,"posy":1,"amount":650},{"posx":3,"posy":3,"amount":200},{"posx":7,"posy":3,"amount":300},{"posx":2,"posy":4,"amount":200},{"posx":11,"posy":5,"amount":550},{"posx":4,"posy":6,"amount":350},{"posx":11,"posy":7,"amount":200},{"posx":4,"posy":8,"amount":200},{"posx":11,"posy":8,"amount":400},{"posx":12,"posy":8,"amount":300}],"changedObstacles":[{"type":3,"posx":13,"posy":5,"value":-20}]},{"players":[{"playerId":67457,"score":700,"energy":9,"posx":12,"posy":5,"lastAction":0,"status":0},{"playerId":2415753,"score":700,"energy":1,"posx":11,"posy":5,"lastAction":0,"status":0},{"playerId":1166,"score":500,"energy":26,"posx":9,"posy":1,"lastAction":5,"status":0},{"playerId":2233933,"score":1000,"energy":7,"posx":13,"posy":8,"lastAction":0,"status":0}],"golds":[{"posx":6,"posy":0,"amount":400},{"posx":10,"posy":0,"amount":700},{"posx":2,"posy":1,"amount":200},{"posx":4,"posy":1,"amount":300},{"posx":9,"posy":1,"amount":600},{"posx":3,"posy":3,"amount":200},{"posx":7,"posy":3,"amount":300},{"posx":2,"posy":4,"amount":200},{"posx":11,"posy":5,"amount":550},{"posx":4,"posy":6,"amount":350},{"posx":11,"posy":7,"amount":200},{"posx":4,"posy":8,"amount":200},{"posx":11,"posy":8,"amount":400},{"posx":12,"posy":8,"amount":300}],"changedObstacles":[]},{"players":[{"playerId":67457,"score":700,"energy":5,"posx":11,"posy":5,"lastAction":0,"status":0},{"playerId":2415753,"score":700,"energy":13,"posx":11,"posy":5,"lastAction":4,"status":0},{"playerId":1166,"score":550,"energy":21,"posx":9,"posy":1,"lastAction":5,"status":0},{"playerId":2233933,"score":1000,"energy":3,"posx":12,"posy":8,"lastAction":0,"status":0}],"golds":[{"posx":6,"posy":0,"amount":400},{"posx":10,"posy":0,"amount":700},{"posx":2,"posy":1,"amount":200},{"posx":4,"posy":1,"amount":300},{"posx":9,"posy":1,"amount":550},{"posx":3,"posy":3,"amount":200},{"posx":7,"posy":3,"amount":300},{"posx":2,"posy":4,"amount":200},{"posx":11,"posy":5,"amount":550},{"posx":4,"posy":6,"amount":350},{"posx":11,"posy":7,"amount":200},{"posx":4,"posy":8,"amount":200},{"posx":11,"posy":8,"amount":400},{"posx":12,"posy":8,"amount":300}],"changedObstacles":[]},{"players":[{"playerId":67457,"score":700,"energy":17,"posx":11,"posy":5,"lastAction":4,"status":0},{"playerId":2415753,"score":750,"energy":8,"posx":11,"posy":5,"lastAction":5,"status":0},{"playerId":1166,"score":600,"energy":16,"posx":9,"posy":1,"lastAction":5,"status":0},{"playerId":2233933,"score":1000,"energy":15,"posx":12,"posy":8,"lastAction":4,"status":0}],"golds":[{"posx":6,"posy":0,"amount":400},{"posx":10,"posy":0,"amount":700},{"posx":2,"posy":1,"amount":200},{"posx":4,"posy":1,"amount":300},{"posx":9,"posy":1,"amount":500},{"posx":3,"posy":3,"amount":200},{"posx":7,"posy":3,"amount":300},{"posx":2,"posy":4,"amount":200},{"posx":11,"posy":5,"amount":500},{"posx":4,"posy":6,"amount":350},{"posx":11,"posy":7,"amount":200},{"posx":4,"posy":8,"amount":200},{"posx":11,"posy":8,"amount":400},{"posx":12,"posy":8,"amount":300}],"changedObstacles":[]},{"players":[{"playerId":67457,"score":750,"energy":12,"posx":11,"posy":5,"lastAction":5,"status":0},{"playerId":2415753,"score":800,"energy":3,"posx":11,"posy":5,"lastAction":5,"status":0},{"playerId":1166,"score":650,"energy":11,"posx":9,"posy":1,"lastAction":5,"status":0},{"playerId":2233933,"score":1000,"energy":31,"posx":12,"posy":8,"lastAction":4,"status":0}],"golds":[{"posx":6,"posy":0,"amount":400},{"posx":10,"posy":0,"amount":700},{"posx":2,"posy":1,"amount":200},{"posx":4,"posy":1,"amount":300},{"posx":9,"posy":1,"amount":450},{"posx":3,"posy":3,"amount":200},{"posx":7,"posy":3,"amount":300},{"posx":2,"posy":4,"amount":200},{"posx":11,"posy":5,"amount":400},{"posx":4,"posy":6,"amount":350},{"posx":11,"posy":7,"amount":200},{"posx":4,"posy":8,"amount":200},{"posx":11,"posy":8,"amount":400},{"posx":12,"posy":8,"amount":300}],"changedObstacles":[]},{"players":[{"playerId":67457,"score":800,"energy":7,"posx":11,"posy":5,"lastAction":5,"status":0},{"playerId":2415753,"score":800,"energy":15,"posx":11,"posy":5,"lastAction":4,"status":0},{"playerId":1166,"score":700,"energy":6,"posx":9,"posy":1,"lastAction":5,"status":0},{"playerId":2233933,"score":1000,"energy":50,"posx":12,"posy":8,"lastAction":4,"status":0}],"golds":[{"posx":6,"posy":0,"amount":400},{"posx":10,"posy":0,"amount":700},{"posx":2,"posy":1,"amount":200},{"posx":4,"posy":1,"amount":300},{"posx":9,"posy":1,"amount":400},{"posx":3,"posy":3,"amount":200},{"posx":7,"posy":3,"amount":300},{"posx":2,"posy":4,"amount":200},{"posx":11,"posy":5,"amount":350},{"posx":4,"posy":6,"amount":350},{"posx":11,"posy":7,"amount":200},{"posx":4,"posy":8,"amount":200},{"posx":11,"posy":8,"amount":400},{"posx":12,"posy":8,"amount":300}],"changedObstacles":[]},{"players":[{"playerId":67457,"score":850,"energy":2,"posx":11,"posy":5,"lastAction":5,"status":0},{"playerId":2415753,"score":850,"energy":10,"posx":11,"posy":5,"lastAction":5,"status":0},{"playerId":1166,"score":750,"energy":1,"posx":9,"posy":1,"lastAction":5,"status":0},{"playerId":2233933,"score":1050,"energy":45,"posx":12,"posy":8,"lastAction":5,"status":0}],"golds":[{"posx":6,"posy":0,"amount":400},{"posx":10,"posy":0,"amount":700},{"posx":2,"posy":1,"amount":200},{"posx":4,"posy":1,"amount":300},{"posx":9,"posy":1,"amount":350},{"posx":3,"posy":3,"amount":200},{"posx":7,"posy":3,"amount":300},{"posx":2,"posy":4,"amount":200},{"posx":11,"posy":5,"amount":250},{"posx":4,"posy":6,"amount":350},{"posx":11,"posy":7,"amount":200},{"posx":4,"posy":8,"amount":200},{"posx":11,"posy":8,"amount":400},{"posx":12,"posy":8,"amount":250}],"changedObstacles":[]},{"players":[{"playerId":67457,"score":850,"energy":14,"posx":11,"posy":5,"lastAction":4,"status":0},{"playerId":2415753,"score":900,"energy":5,"posx":11,"posy":5,"lastAction":5,"status":0},{"playerId":1166,"score":750,"energy":13,"posx":9,"posy":1,"lastAction":4,"status":0},{"playerId":2233933,"score":1100,"energy":40,"posx":12,"posy":8,"lastAction":5,"status":0}],"golds":[{"posx":6,"posy":0,"amount":400},{"posx":10,"posy":0,"amount":700},{"posx":2,"posy":1,"amount":200},{"posx":4,"posy":1,"amount":300},{"posx":9,"posy":1,"amount":350},{"posx":3,"posy":3,"amount":200},{"posx":7,"posy":3,"amount":300},{"posx":2,"posy":4,"amount":200},{"posx":11,"posy":5,"amount":200},{"posx":4,"posy":6,"amount":350},{"posx":11,"posy":7,"amount":200},{"posx":4,"posy":8,"amount":200},{"posx":11,"posy":8,"amount":400},{"posx":12,"posy":8,"amount":200}],"changedObstacles":[]},{"players":[{"playerId":67457,"score":900,"energy":9,"posx":11,"posy":5,"lastAction":5,"status":0},{"playerId":2415753,"score":900,"energy":17,"posx":11,"posy":5,"lastAction":4,"status":0},{"playerId":1166,"score":750,"energy":29,"posx":9,"posy":1,"lastAction":4,"status":0},{"playerId":2233933,"score":1150,"energy":35,"posx":12,"posy":8,"lastAction":5,"status":0}],"golds":[{"posx":6,"posy":0,"amount":400},{"posx":10,"posy":0,"amount":700},{"posx":2,"posy":1,"amount":200},{"posx":4,"posy":1,"amount":300},{"posx":9,"posy":1,"amount":350},{"posx":3,"posy":3,"amount":200},{"posx":7,"posy":3,"amount":300},{"posx":2,"posy":4,"amount":200},{"posx":11,"posy":5,"amount":150},{"posx":4,"posy":6,"amount":350},{"posx":11,"posy":7,"amount":200},{"posx":4,"posy":8,"amount":200},{"posx":11,"posy":8,"amount":400},{"posx":12,"posy":8,"amount":150}],"changedObstacles":[]},{"players":[{"playerId":67457,"score":950,"energy":4,"posx":11,"posy":5,"lastAction":5,"status":0},{"playerId":2415753,"score":950,"energy":12,"posx":11,"posy":5,"lastAction":5,"status":0},{"playerId":1166,"score":800,"energy":24,"posx":9,"posy":1,"lastAction":5,"status":0},{"playerId":2233933,"score":1200,"energy":30,"posx":12,"posy":8,"lastAction":5,"status":0}],"golds":[{"posx":6,"posy":0,"amount":400},{"posx":10,"posy":0,"amount":700},{"posx":2,"posy":1,"amount":200},{"posx":4,"posy":1,"amount":300},{"posx":9,"posy":1,"amount":300},{"posx":3,"posy":3,"amount":200},{"posx":7,"posy":3,"amount":300},{"posx":2,"posy":4,"amount":200},{"posx":11,"posy":5,"amount":50},{"posx":4,"posy":6,"amount":350},{"posx":11,"posy":7,"amount":200},{"posx":4,"posy":8,"amount":200},{"posx":11,"posy":8,"amount":400},{"posx":12,"posy":8,"amount":100}],"changedObstacles":[]},{"players":[{"playerId":67457,"score":950,"energy":16,"posx":11,"posy":5,"lastAction":4,"status":0},{"playerId":2415753,"score":1000,"energy":7,"posx":11,"posy":5,"lastAction":5,"status":0},{"playerId":1166,"score":850,"energy":19,"posx":9,"posy":1,"lastAction":5,"status":0},{"playerId":2233933,"score":1250,"energy":25,"posx":12,"posy":8,"lastAction":5,"status":0}],"golds":[{"posx":6,"posy":0,"amount":400},{"posx":10,"posy":0,"amount":700},{"posx":2,"posy":1,"amount":200},{"posx":4,"posy":1,"amount":300},{"posx":9,"posy":1,"amount":250},{"posx":3,"posy":3,"amount":200},{"posx":7,"posy":3,"amount":300},{"posx":2,"posy":4,"amount":200},{"posx":4,"posy":6,"amount":350},{"posx":11,"posy":7,"amount":200},{"posx":4,"posy":8,"amount":200},{"posx":11,"posy":8,"amount":400},{"posx":12,"posy":8,"amount":50}],"changedObstacles":[{"type":0,"posx":11,"posy":5,"value":-1}]},{"players":[{"playerId":67457,"score":950,"energy":32,"posx":11,"posy":5,"lastAction":4,"status":0},{"playerId":2415753,"score":1000,"energy":6,"posx":10,"posy":5,"lastAction":0,"status":0},{"playerId":1166,"score":900,"energy":14,"posx":9,"posy":1,"lastAction":5,"status":0},{"playerId":2233933,"score":1300,"energy":20,"posx":12,"posy":8,"lastAction":5,"status":0}],"golds":[{"posx":6,"posy":0,"amount":400},{"posx":10,"posy":0,"amount":700},{"posx":2,"posy":1,"amount":200},{"posx":4,"posy":1,"amount":300},{"posx":9,"posy":1,"amount":200},{"posx":3,"posy":3,"amount":200},{"posx":7,"posy":3,"amount":300},{"posx":2,"posy":4,"amount":200},{"posx":4,"posy":6,"amount":350},{"posx":11,"posy":7,"amount":200},{"posx":4,"posy":8,"amount":200},{"posx":11,"posy":8,"amount":400}],"changedObstacles":[{"type":0,"posx":12,"posy":8,"value":-1}]},{"players":[{"playerId":67457,"score":950,"energy":50,"posx":11,"posy":5,"lastAction":4,"status":0},{"playerId":2415753,"score":1000,"energy":5,"posx":10,"posy":4,"lastAction":2,"status":0},{"playerId":1166,"score":950,"energy":9,"posx":9,"posy":1,"lastAction":5,"status":0},{"playerId":2233933,"score":1300,"energy":16,"posx":11,"posy":8,"lastAction":0,"status":0}],"golds":[{"posx":6,"posy":0,"amount":400},{"posx":10,"posy":0,"amount":700},{"posx":2,"posy":1,"amount":200},{"posx":4,"posy":1,"amount":300},{"posx":9,"posy":1,"amount":150},{"posx":3,"posy":3,"amount":200},{"posx":7,"posy":3,"amount":300},{"posx":2,"posy":4,"amount":200},{"posx":4,"posy":6,"amount":350},{"posx":11,"posy":7,"amount":200},{"posx":4,"posy":8,"amount":200},{"posx":11,"posy":8,"amount":400}],"changedObstacles":[]},{"players":[{"playerId":67457,"score":950,"energy":40,"posx":11,"posy":6,"lastAction":3,"status":0},{"playerId":2415753,"score":1000,"energy":4,"posx":10,"posy":3,"lastAction":2,"status":0},{"playerId":1166,"score":1000,"energy":4,"posx":9,"posy":1,"lastAction":5,"status":0},{"playerId":2233933,"score":1350,"energy":11,"posx":11,"posy":8,"lastAction":5,"status":0}],"golds":[{"posx":6,"posy":0,"amount":400},{"posx":10,"posy":0,"amount":700},{"posx":2,"posy":1,"amount":200},{"posx":4,"posy":1,"amount":300},{"posx":9,"posy":1,"amount":100},{"posx":3,"posy":3,"amount":200},{"posx":7,"posy":3,"amount":300},{"posx":2,"posy":4,"amount":200},{"posx":4,"posy":6,"amount":350},{"posx":11,"posy":7,"amount":200},{"posx":4,"posy":8,"amount":200},{"posx":11,"posy":8,"amount":350}],"changedObstacles":[{"type":0,"posx":11,"posy":6,"value":-1}]},{"players":[{"playerId":67457,"score":950,"energy":36,"posx":11,"posy":7,"lastAction":3,"status":0},{"playerId":2415753,"score":1000,"energy":3,"posx":9,"posy":3,"lastAction":0,"status":0},{"playerId":1166,"score":1000,"energy":16,"posx":9,"posy":1,"lastAction":4,"status":0},{"playerId":2233933,"score":1400,"energy":6,"posx":11,"posy":8,"lastAction":5,"status":0}],"golds":[{"posx":6,"posy":0,"amount":400},{"posx":10,"posy":0,"amount":700},{"posx":2,"posy":1,"amount":200},{"posx":4,"posy":1,"amount":300},{"posx":9,"posy":1,"amount":100},{"posx":3,"posy":3,"amount":200},{"posx":7,"posy":3,"amount":300},{"posx":2,"posy":4,"amount":200},{"posx":4,"posy":6,"amount":350},{"posx":11,"posy":7,"amount":200},{"posx":4,"posy":8,"amount":200},{"posx":11,"posy":8,"amount":300}],"changedObstacles":[]},{"players":[{"playerId":67457,"score":1000,"energy":31,"posx":11,"posy":7,"lastAction":5,"status":0},{"playerId":2415753,"score":1000,"energy":15,"posx":9,"posy":3,"lastAction":4,"status":0},{"playerId":1166,"score":1050,"energy":11,"posx":9,"posy":1,"lastAction":5,"status":0},{"playerId":2233933,"score":1450,"energy":1,"posx":11,"posy":8,"lastAction":5,"status":0}],"golds":[{"posx":6,"posy":0,"amount":400},{"posx":10,"posy":0,"amount":700},{"posx":2,"posy":1,"amount":200},{"posx":4,"posy":1,"amount":300},{"posx":9,"posy":1,"amount":50},{"posx":3,"posy":3,"amount":200},{"posx":7,"posy":3,"amount":300},{"posx":2,"posy":4,"amount":200},{"posx":4,"posy":6,"amount":350},{"posx":11,"posy":7,"amount":150},{"posx":4,"posy":8,"amount":200},{"posx":11,"posy":8,"amount":250}],"changedObstacles":[]},{"players":[{"playerId":67457,"score":1050,"energy":26,"posx":11,"posy":7,"lastAction":5,"status":0},{"playerId":2415753,"score":1000,"energy":5,"posx":9,"posy":4,"lastAction":3,"status":0},{"playerId":1166,"score":1100,"energy":6,"posx":9,"posy":1,"lastAction":5,"status":0},{"playerId":2233933,"score":1450,"energy":13,"posx":11,"posy":8,"lastAction":4,"status":0}],"golds":[{"posx":6,"posy":0,"amount":400},{"posx":10,"posy":0,"amount":700},{"posx":2,"posy":1,"amount":200},{"posx":4,"posy":1,"amount":300},{"posx":3,"posy":3,"amount":200},{"posx":7,"posy":3,"amount":300},{"posx":2,"posy":4,"amount":200},{"posx":4,"posy":6,"amount":350},{"posx":11,"posy":7,"amount":100},{"posx":4,"posy":8,"amount":200},{"posx":11,"posy":8,"amount":250}],"changedObstacles":[{"type":0,"posx":9,"posy":4,"value":-1},{"type":0,"posx":9,"posy":1,"value":-1}]},{"players":[{"playerId":67457,"score":1100,"energy":21,"posx":11,"posy":7,"lastAction":5,"status":0},{"playerId":2415753,"score":1000,"energy":17,"posx":9,"posy":4,"lastAction":4,"status":0},{"playerId":1166,"score":1100,"energy":1,"posx":9,"posy":0,"lastAction":2,"status":0},{"playerId":2233933,"score":1450,"energy":29,"posx":11,"posy":8,"lastAction":4,"status":0}],"golds":[{"posx":6,"posy":0,"amount":400},{"posx":10,"posy":0,"amount":700},{"posx":2,"posy":1,"amount":200},{"posx":4,"posy":1,"amount":300},{"posx":3,"posy":3,"amount":200},{"posx":7,"posy":3,"amount":300},{"posx":2,"posy":4,"amount":200},{"posx":4,"posy":6,"amount":350},{"posx":11,"posy":7,"amount":50},{"posx":4,"posy":8,"amount":200},{"posx":11,"posy":8,"amount":250}],"changedObstacles":[{"type":3,"posx":9,"posy":0,"value":-20}]},{"players":[{"playerId":67457,"score":1150,"energy":16,"posx":11,"posy":7,"lastAction":5,"status":0},{"playerId":2415753,"score":1000,"energy":12,"posx":8,"posy":4,"lastAction":0,"status":0},{"playerId":1166,"score":1100,"energy":13,"posx":9,"posy":0,"lastAction":4,"status":0},{"playerId":2233933,"score":1450,"energy":50,"posx":11,"posy":8,"lastAction":4,"status":0}],"golds":[{"posx":6,"posy":0,"amount":400},{"posx":10,"posy":0,"amount":700},{"posx":2,"posy":1,"amount":200},{"posx":4,"posy":1,"amount":300},{"posx":3,"posy":3,"amount":200},{"posx":7,"posy":3,"amount":300},{"posx":2,"posy":4,"amount":200},{"posx":4,"posy":6,"amount":350},{"posx":4,"posy":8,"amount":200},{"posx":11,"posy":8,"amount":250}],"changedObstacles":[{"type":3,"posx":8,"posy":4,"value":-20},{"type":0,"posx":11,"posy":7,"value":-1}]},{"players":[{"playerId":67457,"score":1150,"energy":12,"posx":11,"posy":8,"lastAction":3,"status":0},{"playerId":2415753,"score":1000,"energy":7,"posx":7,"posy":4,"lastAction":0,"status":0},{"playerId":1166,"score":1100,"energy":29,"posx":9,"posy":0,"lastAction":4,"status":0},{"playerId":2233933,"score":1500,"energy":45,"posx":11,"posy":8,"lastAction":5,"status":0}],"golds":[{"posx":6,"posy":0,"amount":400},{"posx":10,"posy":0,"amount":700},{"posx":2,"posy":1,"amount":200},{"posx":4,"posy":1,"amount":300},{"posx":3,"posy":3,"amount":200},{"posx":7,"posy":3,"amount":300},{"posx":2,"posy":4,"amount":200},{"posx":4,"posy":6,"amount":350},{"posx":4,"posy":8,"amount":200},{"posx":11,"posy":8,"amount":200}],"changedObstacles":[{"type":3,"posx":7,"posy":4,"value":-20}]},{"players":[{"playerId":67457,"score":1200,"energy":7,"posx":11,"posy":8,"lastAction":5,"status":0},{"playerId":2415753,"score":1000,"energy":3,"posx":7,"posy":3,"lastAction":2,"status":0},{"playerId":1166,"score":1100,"energy":50,"posx":9,"posy":0,"lastAction":4,"status":0},{"playerId":2233933,"score":1550,"energy":40,"posx":11,"posy":8,"lastAction":5,"status":0}],"golds":[{"posx":6,"posy":0,"amount":400},{"posx":10,"posy":0,"amount":700},{"posx":2,"posy":1,"amount":200},{"posx":4,"posy":1,"amount":300},{"posx":3,"posy":3,"amount":200},{"posx":7,"posy":3,"amount":300},{"posx":2,"posy":4,"amount":200},{"posx":4,"posy":6,"amount":350},{"posx":4,"posy":8,"amount":200},{"posx":11,"posy":8,"amount":100}],"changedObstacles":[]},{"players":[{"playerId":67457,"score":1250,"energy":2,"posx":11,"posy":8,"lastAction":5,"status":0},{"playerId":2415753,"score":1000,"energy":15,"posx":7,"posy":3,"lastAction":4,"status":0},{"playerId":1166,"score":1100,"energy":46,"posx":10,"posy":0,"lastAction":1,"status":0},{"playerId":2233933,"score":1600,"energy":35,"posx":11,"posy":8,"lastAction":5,"status":0}],"golds":[{"posx":6,"posy":0,"amount":400},{"posx":10,"posy":0,"amount":700},{"posx":2,"posy":1,"amount":200},{"posx":4,"posy":1,"amount":300},{"posx":3,"posy":3,"amount":200},{"posx":7,"posy":3,"amount":300},{"posx":2,"posy":4,"amount":200},{"posx":4,"posy":6,"amount":350},{"posx":4,"posy":8,"amount":200}],"changedObstacles":[{"type":0,"posx":11,"posy":8,"value":-1}]},{"players":[{"playerId":67457,"score":1250,"energy":14,"posx":11,"posy":8,"lastAction":4,"status":0},{"playerId":2415753,"score":1050,"energy":10,"posx":7,"posy":3,"lastAction":5,"status":0},{"playerId":1166,"score":1150,"energy":41,"posx":10,"posy":0,"lastAction":5,"status":0},{"playerId":2233933,"score":1600,"energy":34,"posx":11,"posy":7,"lastAction":2,"status":0}],"golds":[{"posx":6,"posy":0,"amount":400},{"posx":10,"posy":0,"amount":650},{"posx":2,"posy":1,"amount":200},{"posx":4,"posy":1,"amount":300},{"posx":3,"posy":3,"amount":200},{"posx":7,"posy":3,"amount":250},{"posx":2,"posy":4,"amount":200},{"posx":4,"posy":6,"amount":350},{"posx":4,"posy":8,"amount":200}],"changedObstacles":[]},{"players":[{"playerId":67457,"score":1250,"energy":4,"posx":10,"posy":8,"lastAction":0,"status":0},{"playerId":2415753,"score":1100,"energy":5,"posx":7,"posy":3,"lastAction":5,"status":0},{"playerId":1166,"score":1200,"energy":36,"posx":10,"posy":0,"lastAction":5,"status":0},{"playerId":2233933,"score":1600,"energy":33,"posx":11,"posy":6,"lastAction":2,"status":0}],"golds":[{"posx":6,"posy":0,"amount":400},{"posx":10,"posy":0,"amount":600},{"posx":2,"posy":1,"amount":200},{"posx":4,"posy":1,"amount":300},{"posx":3,"posy":3,"amount":200},{"posx":7,"posy":3,"amount":200},{"posx":2,"posy":4,"amount":200},{"posx":4,"posy":6,"amount":350},{"posx":4,"posy":8,"amount":200}],"changedObstacles":[{"type":0,"posx":10,"posy":8,"value":-1}]},{"players":[{"playerId":67457,"score":1250,"energy":16,"posx":10,"posy":8,"lastAction":4,"status":0},{"playerId":2415753,"score":1100,"energy":17,"posx":7,"posy":3,"lastAction":4,"status":0},{"playerId":1166,"score":1250,"energy":31,"posx":10,"posy":0,"lastAction":5,"status":0},{"playerId":2233933,"score":1600,"energy":32,"posx":11,"posy":5,"lastAction":2,"status":0}],"golds":[{"posx":6,"posy":0,"amount":400},{"posx":10,"posy":0,"amount":550},{"posx":2,"posy":1,"amount":200},{"posx":4,"posy":1,"amount":300},{"posx":3,"posy":3,"amount":200},{"posx":7,"posy":3,"amount":200},{"posx":2,"posy":4,"amount":200},{"posx":4,"posy":6,"amount":350},{"posx":4,"posy":8,"amount":200}],"changedObstacles":[]},{"players":[{"playerId":67457,"score":1250,"energy":32,"posx":10,"posy":8,"lastAction":4,"status":0},{"playerId":2415753,"score":1150,"energy":12,"posx":7,"posy":3,"lastAction":5,"status":0},{"playerId":1166,"score":1300,"energy":26,"posx":10,"posy":0,"lastAction":5,"status":0},{"playerId":2233933,"score":1600,"energy":31,"posx":10,"posy":5,"lastAction":0,"status":0}],"golds":[{"posx":6,"posy":0,"amount":400},{"posx":10,"posy":0,"amount":500},{"posx":2,"posy":1,"amount":200},{"posx":4,"posy":1,"amount":300},{"posx":3,"posy":3,"amount":200},{"posx":7,"posy":3,"amount":150},{"posx":2,"posy":4,"amount":200},{"posx":4,"posy":6,"amount":350},{"posx":4,"posy":8,"amount":200}],"changedObstacles":[]},{"players":[{"playerId":67457,"score":1250,"energy":50,"posx":10,"posy":8,"lastAction":4,"status":0},{"playerId":2415753,"score":1200,"energy":7,"posx":7,"posy":3,"lastAction":5,"status":0},{"playerId":1166,"score":1350,"energy":21,"posx":10,"posy":0,"lastAction":5,"status":0},{"playerId":2233933,"score":1600,"energy":30,"posx":10,"posy":4,"lastAction":2,"status":0}],"golds":[{"posx":6,"posy":0,"amount":400},{"posx":10,"posy":0,"amount":450},{"posx":2,"posy":1,"amount":200},{"posx":4,"posy":1,"amount":300},{"posx":3,"posy":3,"amount":200},{"posx":7,"posy":3,"amount":100},{"posx":2,"posy":4,"amount":200},{"posx":4,"posy":6,"amount":350},{"posx":4,"posy":8,"amount":200}],"changedObstacles":[]},{"players":[{"playerId":67457,"score":1250,"energy":40,"posx":9,"posy":8,"lastAction":0,"status":0},{"playerId":2415753,"score":1250,"energy":2,"posx":7,"posy":3,"lastAction":5,"status":0},{"playerId":1166,"score":1400,"energy":16,"posx":10,"posy":0,"lastAction":5,"status":0},{"playerId":2233933,"score":1600,"energy":29,"posx":10,"posy":3,"lastAction":2,"status":0}],"golds":[{"posx":6,"posy":0,"amount":400},{"posx":10,"posy":0,"amount":400},{"posx":2,"posy":1,"amount":200},{"posx":4,"posy":1,"amount":300},{"posx":3,"posy":3,"amount":200},{"posx":7,"posy":3,"amount":50},{"posx":2,"posy":4,"amount":200},{"posx":4,"posy":6,"amount":350},{"posx":4,"posy":8,"amount":200}],"changedObstacles":[{"type":0,"posx":9,"posy":8,"value":-1}]},{"players":[{"playerId":67457,"score":1250,"energy":39,"posx":8,"posy":8,"lastAction":0,"status":0},{"playerId":2415753,"score":1250,"energy":14,"posx":7,"posy":3,"lastAction":4,"status":0},{"playerId":1166,"score":1450,"energy":11,"posx":10,"posy":0,"lastAction":5,"status":0},{"playerId":2233933,"score":1600,"energy":28,"posx":9,"posy":3,"lastAction":0,"status":0}],"golds":[{"posx":6,"posy":0,"amount":400},{"posx":10,"posy":0,"amount":350},{"posx":2,"posy":1,"amount":200},{"posx":4,"posy":1,"amount":300},{"posx":3,"posy":3,"amount":200},{"posx":7,"posy":3,"amount":50},{"posx":2,"posy":4,"amount":200},{"posx":4,"posy":6,"amount":350},{"posx":4,"posy":8,"amount":200}],"changedObstacles":[]},{"players":[{"playerId":67457,"score":1250,"energy":38,"posx":7,"posy":8,"lastAction":0,"status":0},{"playerId":2415753,"score":1300,"energy":9,"posx":7,"posy":3,"lastAction":5,"status":0},{"playerId":1166,"score":1500,"energy":6,"posx":10,"posy":0,"lastAction":5,"status":0},{"playerId":2233933,"score":1600,"energy":23,"posx":8,"posy":3,"lastAction":0,"status":0}],"golds":[{"posx":6,"posy":0,"amount":400},{"posx":10,"posy":0,"amount":300},{"posx":2,"posy":1,"amount":200},{"posx":4,"posy":1,"amount":300},{"posx":3,"posy":3,"amount":200},{"posx":2,"posy":4,"amount":200},{"posx":4,"posy":6,"amount":350},{"posx":4,"posy":8,"amount":200}],"changedObstacles":[{"type":0,"posx":7,"posy":3,"value":-1}]},{"players":[{"playerId":67457,"score":1250,"energy":33,"posx":6,"posy":8,"lastAction":0,"status":0},{"playerId":2415753,"score":1300,"energy":8,"posx":6,"posy":3,"lastAction":0,"status":0},{"playerId":1166,"score":1550,"energy":1,"posx":10,"posy":0,"lastAction":5,"status":0},{"playerId":2233933,"score":1600,"energy":22,"posx":7,"posy":3,"lastAction":0,"status":0}],"golds":[{"posx":6,"posy":0,"amount":400},{"posx":10,"posy":0,"amount":250},{"posx":2,"posy":1,"amount":200},{"posx":4,"posy":1,"amount":300},{"posx":3,"posy":3,"amount":200},{"posx":2,"posy":4,"amount":200},{"posx":4,"posy":6,"amount":350},{"posx":4,"posy":8,"amount":200}],"changedObstacles":[{"type":3,"posx":6,"posy":8,"value":-20}]},{"players":[{"playerId":67457,"score":1250,"energy":32,"posx":5,"posy":8,"lastAction":0,"status":0},{"playerId":2415753,"score":1300,"energy":7,"posx":6,"posy":2,"lastAction":2,"status":0},{"playerId":1166,"score":1550,"energy":13,"posx":10,"posy":0,"lastAction":4,"status":0},{"playerId":2233933,"score":1600,"energy":21,"posx":6,"posy":3,"lastAction":0,"status":0}],"golds":[{"posx":6,"posy":0,"amount":400},{"posx":10,"posy":0,"amount":250},{"posx":2,"posy":1,"amount":200},{"posx":4,"posy":1,"amount":300},{"posx":3,"posy":3,"amount":200},{"posx":2,"posy":4,"amount":200},{"posx":4,"posy":6,"amount":350},{"posx":4,"posy":8,"amount":200}],"changedObstacles":[]},{"players":[{"playerId":67457,"score":1250,"energy":28,"posx":4,"posy":8,"lastAction":0,"status":0},{"playerId":2415753,"score":1300,"energy":19,"posx":6,"posy":2,"lastAction":4,"status":0},{"playerId":1166,"score":1550,"energy":29,"posx":10,"posy":0,"lastAction":4,"status":0},{"playerId":2233933,"score":1600,"energy":20,"posx":5,"posy":3,"lastAction":0,"status":0}],"golds":[{"posx":6,"posy":0,"amount":400},{"posx":10,"posy":0,"amount":250},{"posx":2,"posy":1,"amount":200},{"posx":4,"posy":1,"amount":300},{"posx":3,"posy":3,"amount":200},{"posx":2,"posy":4,"amount":200},{"posx":4,"posy":6,"amount":350},{"posx":4,"posy":8,"amount":200}],"changedObstacles":[]},{"players":[{"playerId":67457,"score":1300,"energy":23,"posx":4,"posy":8,"lastAction":5,"status":0},{"playerId":2415753,"score":1300,"energy":9,"posx":6,"posy":1,"lastAction":2,"status":0},{"playerId":1166,"score":1600,"energy":24,"posx":10,"posy":0,"lastAction":5,"status":0},{"playerId":2233933,"score":1600,"energy":32,"posx":5,"posy":3,"lastAction":4,"status":0}],"golds":[{"posx":6,"posy":0,"amount":400},{"posx":10,"posy":0,"amount":200},{"posx":2,"posy":1,"amount":200},{"posx":4,"posy":1,"amount":300},{"posx":3,"posy":3,"amount":200},{"posx":2,"posy":4,"amount":200},{"posx":4,"posy":6,"amount":350},{"posx":4,"posy":8,"amount":150}],"changedObstacles":[{"type":0,"posx":6,"posy":1,"value":-1}]},{"players":[{"playerId":67457,"score":1350,"energy":18,"posx":4,"posy":8,"lastAction":5,"status":0},{"playerId":2415753,"score":1300,"energy":5,"posx":6,"posy":0,"lastAction":2,"status":0},{"playerId":1166,"score":1650,"energy":19,"posx":10,"posy":0,"lastAction":5,"status":0},{"playerId":2233933,"score":1600,"energy":20,"posx":4,"posy":3,"lastAction":0,"status":0}],"golds":[{"posx":6,"posy":0,"amount":400},{"posx":10,"posy":0,"amount":150},{"posx":2,"posy":1,"amount":200},{"posx":4,"posy":1,"amount":300},{"posx":3,"posy":3,"amount":200},{"posx":2,"posy":4,"amount":200},{"posx":4,"posy":6,"amount":350},{"posx":4,"posy":8,"amount":100}],"changedObstacles":[]},{"players":[{"playerId":67457,"score":1400,"energy":13,"posx":4,"posy":8,"lastAction":5,"status":0},{"playerId":2415753,"score":1300,"energy":17,"posx":6,"posy":0,"lastAction":4,"status":0},{"playerId":1166,"score":1700,"energy":14,"posx":10,"posy":0,"lastAction":5,"status":0},{"playerId":2233933,"score":1600,"energy":16,"posx":3,"posy":3,"lastAction":0,"status":0}],"golds":[{"posx":6,"posy":0,"amount":400},{"posx":10,"posy":0,"amount":100},{"posx":2,"posy":1,"amount":200},{"posx":4,"posy":1,"amount":300},{"posx":3,"posy":3,"amount":200},{"posx":2,"posy":4,"amount":200},{"posx":4,"posy":6,"amount":350},{"posx":4,"posy":8,"amount":50}],"changedObstacles":[]},{"players":[{"playerId":67457,"score":1450,"energy":8,"posx":4,"posy":8,"lastAction":5,"status":0},{"playerId":2415753,"score":1350,"energy":12,"posx":6,"posy":0,"lastAction":5,"status":0},{"playerId":1166,"score":1750,"energy":9,"posx":10,"posy":0,"lastAction":5,"status":0},{"playerId":2233933,"score":1650,"energy":11,"posx":3,"posy":3,"lastAction":5,"status":0}],"golds":[{"posx":6,"posy":0,"amount":350},{"posx":10,"posy":0,"amount":50},{"posx":2,"posy":1,"amount":200},{"posx":4,"posy":1,"amount":300},{"posx":3,"posy":3,"amount":150},{"posx":2,"posy":4,"amount":200},{"posx":4,"posy":6,"amount":350}],"changedObstacles":[{"type":0,"posx":4,"posy":8,"value":-1}]},{"players":[{"playerId":67457,"score":1450,"energy":20,"posx":4,"posy":8,"lastAction":4,"status":0},{"playerId":2415753,"score":1400,"energy":7,"posx":6,"posy":0,"lastAction":5,"status":0},{"playerId":1166,"score":1800,"energy":4,"posx":10,"posy":0,"lastAction":5,"status":0},{"playerId":2233933,"score":1700,"energy":6,"posx":3,"posy":3,"lastAction":5,"status":0}],"golds":[{"posx":6,"posy":0,"amount":300},{"posx":2,"posy":1,"amount":200},{"posx":4,"posy":1,"amount":300},{"posx":3,"posy":3,"amount":100},{"posx":2,"posy":4,"amount":200},{"posx":4,"posy":6,"amount":350}],"changedObstacles":[{"type":0,"posx":10,"posy":0,"value":-1}]},{"players":[{"playerId":67457,"score":1450,"energy":10,"posx":4,"posy":7,"lastAction":2,"status":0},{"playerId":2415753,"score":1450,"energy":2,"posx":6,"posy":0,"lastAction":5,"status":0},{"playerId":1166,"score":1800,"energy":16,"posx":10,"posy":0,"lastAction":4,"status":0},{"playerId":2233933,"score":1750,"energy":1,"posx":3,"posy":3,"lastAction":5,"status":0}],"golds":[{"posx":6,"posy":0,"amount":250},{"posx":2,"posy":1,"amount":200},{"posx":4,"posy":1,"amount":300},{"posx":3,"posy":3,"amount":50},{"posx":2,"posy":4,"amount":200},{"posx":4,"posy":6,"amount":350}],"changedObstacles":[{"type":0,"posx":4,"posy":7,"value":-1}]},{"players":[{"playerId":67457,"score":1450,"energy":6,"posx":4,"posy":6,"lastAction":2,"status":0},{"playerId":2415753,"score":1450,"energy":14,"posx":6,"posy":0,"lastAction":4,"status":0},{"playerId":1166,"score":1800,"energy":32,"posx":10,"posy":0,"lastAction":4,"status":0},{"playerId":2233933,"score":1750,"energy":13,"posx":3,"posy":3,"lastAction":4,"status":0}],"golds":[{"posx":6,"posy":0,"amount":250},{"posx":2,"posy":1,"amount":200},{"posx":4,"posy":1,"amount":300},{"posx":3,"posy":3,"amount":50},{"posx":2,"posy":4,"amount":200},{"posx":4,"posy":6,"amount":350}],"changedObstacles":[]},{"players":[{"playerId":67457,"score":1500,"energy":1,"posx":4,"posy":6,"lastAction":5,"status":0},{"playerId":2415753,"score":1500,"energy":9,"posx":6,"posy":0,"lastAction":5,"status":0},{"playerId":1166,"score":1800,"energy":50,"posx":10,"posy":0,"lastAction":4,"status":0},{"playerId":2233933,"score":1750,"energy":29,"posx":3,"posy":3,"lastAction":4,"status":0}],"golds":[{"posx":6,"posy":0,"amount":200},{"posx":2,"posy":1,"amount":200},{"posx":4,"posy":1,"amount":300},{"posx":3,"posy":3,"amount":50},{"posx":2,"posy":4,"amount":200},{"posx":4,"posy":6,"amount":300}],"changedObstacles":[]},{"players":[{"playerId":67457,"score":1500,"energy":13,"posx":4,"posy":6,"lastAction":4,"status":0},{"playerId":2415753,"score":1550,"energy":4,"posx":6,"posy":0,"lastAction":5,"status":0},{"playerId":1166,"score":1800,"energy":30,"posx":9,"posy":0,"lastAction":0,"status":0},{"playerId":2233933,"score":1750,"energy":50,"posx":3,"posy":3,"lastAction":4,"status":0}],"golds":[{"posx":6,"posy":0,"amount":150},{"posx":2,"posy":1,"amount":200},{"posx":4,"posy":1,"amount":300},{"posx":3,"posy":3,"amount":50},{"posx":2,"posy":4,"amount":200},{"posx":4,"posy":6,"amount":300}],"changedObstacles":[{"type":3,"posx":9,"posy":0,"value":-40}]},{"players":[{"playerId":67457,"score":1500,"energy":29,"posx":4,"posy":6,"lastAction":4,"status":0},{"playerId":2415753,"score":1550,"energy":16,"posx":6,"posy":0,"lastAction":4,"status":0},{"playerId":1166,"score":1800,"energy":20,"posx":8,"posy":0,"lastAction":0,"status":0},{"playerId":2233933,"score":1800,"energy":45,"posx":3,"posy":3,"lastAction":5,"status":0}],"golds":[{"posx":6,"posy":0,"amount":150},{"posx":2,"posy":1,"amount":200},{"posx":4,"posy":1,"amount":300},{"posx":2,"posy":4,"amount":200},{"posx":4,"posy":6,"amount":300}],"changedObstacles":[{"type":0,"posx":8,"posy":0,"value":-1},{"type":0,"posx":3,"posy":3,"value":-1}]},{"players":[{"playerId":67457,"score":1500,"energy":50,"posx":4,"posy":6,"lastAction":4,"status":0},{"playerId":2415753,"score":1600,"energy":11,"posx":6,"posy":0,"lastAction":5,"status":0},{"playerId":1166,"score":1800,"energy":15,"posx":7,"posy":0,"lastAction":0,"status":0},{"playerId":2233933,"score":1800,"energy":44,"posx":3,"posy":4,"lastAction":3,"status":0}],"golds":[{"posx":6,"posy":0,"amount":100},{"posx":2,"posy":1,"amount":200},{"posx":4,"posy":1,"amount":300},{"posx":2,"posy":4,"amount":200},{"posx":4,"posy":6,"amount":300}],"changedObstacles":[{"type":3,"posx":7,"posy":0,"value":-20}]},{"players":[{"playerId":67457,"score":1550,"energy":45,"posx":4,"posy":6,"lastAction":5,"status":0},{"playerId":2415753,"score":1650,"energy":6,"posx":6,"posy":0,"lastAction":5,"status":0},{"playerId":1166,"score":1800,"energy":11,"posx":6,"posy":0,"lastAction":0,"status":0},{"playerId":2233933,"score":1800,"energy":40,"posx":2,"posy":4,"lastAction":0,"status":0}],"golds":[{"posx":6,"posy":0,"amount":50},{"posx":2,"posy":1,"amount":200},{"posx":4,"posy":1,"amount":300},{"posx":2,"posy":4,"amount":200},{"posx":4,"posy":6,"amount":250}],"changedObstacles":[]},{"players":[{"playerId":67457,"score":1600,"energy":40,"posx":4,"posy":6,"lastAction":5,"status":0},{"playerId":2415753,"score":1675,"energy":1,"posx":6,"posy":0,"lastAction":5,"status":0},{"playerId":1166,"score":1825,"energy":6,"posx":6,"posy":0,"lastAction":5,"status":0},{"playerId":2233933,"score":1850,"energy":35,"posx":2,"posy":4,"lastAction":5,"status":0}],"golds":[{"posx":2,"posy":1,"amount":200},{"posx":4,"posy":1,"amount":300},{"posx":2,"posy":4,"amount":150},{"posx":4,"posy":6,"amount":200}],"changedObstacles":[{"type":0,"posx":6,"posy":0,"value":-1}]},{"players":[{"playerId":67457,"score":1650,"energy":35,"posx":4,"posy":6,"lastAction":5,"status":0},{"playerId":2415753,"score":1675,"energy":13,"posx":6,"posy":0,"lastAction":4,"status":0},{"playerId":1166,"score":1825,"energy":5,"posx":6,"posy":1,"lastAction":3,"status":0},{"playerId":2233933,"score":1900,"energy":30,"posx":2,"posy":4,"lastAction":5,"status":0}],"golds":[{"posx":2,"posy":1,"amount":200},{"posx":4,"posy":1,"amount":300},{"posx":2,"posy":4,"amount":100},{"posx":4,"posy":6,"amount":150}],"changedObstacles":[]},{"players":[{"playerId":67457,"score":1700,"energy":30,"posx":4,"posy":6,"lastAction":5,"status":0},{"playerId":2415753,"score":1675,"energy":12,"posx":6,"posy":1,"lastAction":3,"status":0},{"playerId":1166,"score":1825,"energy":17,"posx":6,"posy":1,"lastAction":4,"status":0},{"playerId":2233933,"score":1950,"energy":25,"posx":2,"posy":4,"lastAction":5,"status":0}],"golds":[{"posx":2,"posy":1,"amount":200},{"posx":4,"posy":1,"amount":300},{"posx":2,"posy":4,"amount":50},{"posx":4,"posy":6,"amount":100}],"changedObstacles":[]},{"players":[{"playerId":67457,"score":1750,"energy":25,"posx":4,"posy":6,"lastAction":5,"status":0},{"playerId":2415753,"score":1675,"energy":2,"posx":5,"posy":1,"lastAction":0,"status":0},{"playerId":1166,"score":1825,"energy":33,"posx":6,"posy":1,"lastAction":4,"status":0},{"playerId":2233933,"score":2000,"energy":20,"posx":2,"posy":4,"lastAction":5,"status":0}],"golds":[{"posx":2,"posy":1,"amount":200},{"posx":4,"posy":1,"amount":300},{"posx":4,"posy":6,"amount":50}],"changedObstacles":[{"type":0,"posx":5,"posy":1,"value":-1},{"type":0,"posx":2,"posy":4,"value":-1}]},{"players":[{"playerId":67457,"score":1800,"energy":20,"posx":4,"posy":6,"lastAction":5,"status":0},{"playerId":2415753,"score":1675,"energy":14,"posx":5,"posy":1,"lastAction":4,"status":0},{"playerId":1166,"score":1825,"energy":50,"posx":6,"posy":1,"lastAction":4,"status":0},{"playerId":2233933,"score":2000,"energy":19,"posx":2,"posy":3,"lastAction":2,"status":0}],"golds":[{"posx":2,"posy":1,"amount":200},{"posx":4,"posy":1,"amount":300}],"changedObstacles":[{"type":0,"posx":4,"posy":6,"value":-1}]},{"players":[{"playerId":67457,"score":1800,"energy":19,"posx":3,"posy":6,"lastAction":0,"status":0},{"playerId":2415753,"score":1675,"energy":10,"posx":4,"posy":1,"lastAction":0,"status":0},{"playerId":1166,"score":1825,"energy":49,"posx":5,"posy":1,"lastAction":0,"status":0},{"playerId":2233933,"score":2000,"energy":18,"posx":2,"posy":2,"lastAction":2,"status":0}],"golds":[{"posx":2,"posy":1,"amount":200},{"posx":4,"posy":1,"amount":300}],"changedObstacles":[]},{"players":[{"playerId":67457,"score":1800,"energy":14,"posx":2,"posy":6,"lastAction":0,"status":0},{"playerId":2415753,"score":1725,"energy":5,"posx":4,"posy":1,"lastAction":5,"status":0},{"playerId":1166,"score":1825,"energy":45,"posx":4,"posy":1,"lastAction":0,"status":0},{"playerId":2233933,"score":2000,"energy":14,"posx":2,"posy":1,"lastAction":2,"status":0}],"golds":[{"posx":2,"posy":1,"amount":200},{"posx":4,"posy":1,"amount":250}],"changedObstacles":[{"type":3,"posx":2,"posy":6,"value":-20}]},{"players":[{"playerId":67457,"score":1800,"energy":26,"posx":2,"posy":6,"lastAction":4,"status":0},{"playerId":2415753,"score":1725,"energy":17,"posx":4,"posy":1,"lastAction":4,"status":0},{"playerId":1166,"score":1875,"energy":40,"posx":4,"posy":1,"lastAction":5,"status":0},{"playerId":2233933,"score":2050,"energy":9,"posx":2,"posy":1,"lastAction":5,"status":0}],"golds":[{"posx":2,"posy":1,"amount":150},{"posx":4,"posy":1,"amount":200}],"changedObstacles":[]},{"players":[{"playerId":67457,"score":1800,"energy":42,"posx":2,"posy":6,"lastAction":4,"status":0},{"playerId":2415753,"score":1775,"energy":12,"posx":4,"posy":1,"lastAction":5,"status":0},{"playerId":1166,"score":1925,"energy":35,"posx":4,"posy":1,"lastAction":5,"status":0},{"playerId":2233933,"score":2100,"energy":4,"posx":2,"posy":1,"lastAction":5,"status":0}],"golds":[{"posx":2,"posy":1,"amount":100},{"posx":4,"posy":1,"amount":100}],"changedObstacles":[]},{"players":[{"playerId":67457,"score":1800,"energy":50,"posx":2,"posy":6,"lastAction":4,"status":0},{"playerId":2415753,"score":1825,"energy":7,"posx":4,"posy":1,"lastAction":5,"status":0},{"playerId":1166,"score":1975,"energy":30,"posx":4,"posy":1,"lastAction":5,"status":0},{"playerId":2233933,"score":2100,"energy":16,"posx":2,"posy":1,"lastAction":4,"status":0}],"golds":[{"posx":2,"posy":1,"amount":100}],"changedObstacles":[{"type":0,"posx":4,"posy":1,"value":-1}]},{"players":[{"playerId":67457,"score":1800,"energy":50,"posx":2,"posy":6,"lastAction":4,"status":0},{"playerId":2415753,"score":1825,"energy":6,"posx":4,"posy":2,"lastAction":3,"status":0},{"playerId":1166,"score":1975,"energy":25,"posx":3,"posy":1,"lastAction":0,"status":0},{"playerId":2233933,"score":2100,"energy":32,"posx":2,"posy":1,"lastAction":4,"status":0}],"golds":[{"posx":2,"posy":1,"amount":100}],"changedObstacles":[{"type":3,"posx":3,"posy":1,"value":-20}]},{"players":[{"playerId":67457,"score":1800,"energy":50,"posx":2,"posy":6,"lastAction":4,"status":0},{"playerId":2415753,"score":1825,"energy":5,"posx":3,"posy":2,"lastAction":0,"status":0},{"playerId":1166,"score":1975,"energy":21,"posx":2,"posy":1,"lastAction":0,"status":0},{"playerId":2233933,"score":2100,"energy":50,"posx":2,"posy":1,"lastAction":4,"status":0}],"golds":[{"posx":2,"posy":1,"amount":100}],"changedObstacles":[]},{"players":[{"playerId":67457,"score":1800,"energy":50,"posx":2,"posy":6,"lastAction":4,"status":0},{"playerId":2415753,"score":1825,"energy":4,"posx":2,"posy":2,"lastAction":0,"status":0},{"playerId":1166,"score":2025,"energy":16,"posx":2,"posy":1,"lastAction":5,"status":0},{"playerId":2233933,"score":2150,"energy":45,"posx":2,"posy":1,"lastAction":5,"status":0}],"golds":[],"changedObstacles":[{"type":0,"posx":2,"posy":1,"value":-1}]}]