[{"players":[{"playerId":2344466,"score":0,"energy":40,"posx":19,"posy":5,"lastAction":2,"status":0},{"playerId":2450708,"score":0,"energy":40,"posx":19,"posy":5,"lastAction":2,"status":0},{"playerId":2619262,"score":0,"energy":45,"posx":18,"posy":6,"lastAction":0,"status":0},{"playerId":2241039,"score":0,"energy":40,"posx":19,"posy":5,"lastAction":2,"status":0}],"golds":[{"posx":16,"posy":8,"amount":550},{"posx":2,"posy":4,"amount":200},{"posx":11,"posy":3,"amount":700},{"posx":4,"posy":6,"amount":350},{"posx":11,"posy":5,"amount":550},{"posx":6,"posy":0,"amount":400},{"posx":11,"posy":7,"amount":200},{"posx":4,"posy":8,"amount":200},{"posx":19,"posy":2,"amount":700},{"posx":15,"posy":5,"amount":350},{"posx":10,"posy":0,"amount":700},{"posx":9,"posy":1,"amount":750},{"posx":17,"posy":7,"amount":100},{"posx":7,"posy":3,"amount":300},{"posx":2,"posy":1,"amount":200},{"posx":3,"posy":3,"amount":200},{"posx":12,"posy":8,"amount":300},{"posx":11,"posy":8,"amount":400},{"posx":4,"posy":1,"amount":300},{"posx":16,"posy":7,"amount":350}],"changedObstacles":[{"type":0,"posx":19,"posy":5,"value":-1}]},{"players":[{"playerId":2344466,"score":0,"energy":39,"posx":19,"posy":4,"lastAction":2,"status":0},{"playerId":2450708,"score":0,"energy":39,"posx":19,"posy":4,"lastAction":2,"status":0},{"playerId":2619262,"score":0,"energy":44,"posx":17,"posy":6,"lastAction":0,"status":0},{"playerId":2241039,"score":0,"energy":39,"posx":19,"posy":4,"lastAction":2,"status":0}],"golds":[{"posx":16,"posy":8,"amount":550},{"posx":2,"posy":4,"amount":200},{"posx":11,"posy":3,"amount":700},{"posx":4,"posy":6,"amount":350},{"posx":11,"posy":5,"amount":550},{"posx":6,"posy":0,"amount":400},{"posx":11,"posy":7,"amount":200},{"posx":4,"posy":8,"amount":200},{"posx":19,"posy":2,"amount":700},{"posx":15,"posy":5,"amount":350},{"posx":10,"posy":0,"amount":700},{"posx":9,"posy":1,"amount":750},{"posx":17,"posy":7,"amount":100},{"posx":7,"posy":3,"amount":300},{"posx":2,"posy":1,"amount":200},{"posx":3,"posy":3,"amount":200},{"posx":12,"posy":8,"amount":300},{"posx":11,"posy":8,"amount":400},{"posx":4,"posy":1,"amount":300},{"posx":16,"posy":7,"amount":350}],"changedObstacles":[]},{"players":[{"playerId":2344466,"score":0,"energy":38,"posx":19,"posy":3,"lastAction":2,"status":0},{"playerId":2450708,"score":0,"energy":38,"posx":18,"posy":4,"lastAction":0,"status":0},{"playerId":2619262,"score":0,"energy":40,"posx":17,"posy":7,"lastAction":3,"status":0},{"playerId":2241039,"score":0,"energy":38,"posx":19,"posy":3,"lastAction":2,"status":0}],"golds":[{"posx":16,"posy":8,"amount":550},{"posx":2,"posy":4,"amount":200},{"posx":11,"posy":3,"amount":700},{"posx":4,"posy":6,"amount":350},{"posx":11,"posy":5,"amount":550},{"posx":6,"posy":0,"amount":400},{"posx":11,"posy":7,"amount":200},{"posx":4,"posy":8,"amount":200},{"posx":19,"posy":2,"amount":700},{"posx":15,"posy":5,"amount":350},{"posx":10,"posy":0,"amount":700},{"posx":9,"posy":1,"amount":750},{"posx":17,"posy":7,"amount":100},{"posx":7,"posy":3,"amount":300},{"posx":2,"posy":1,"amount":200},{"posx":3,"posy":3,"amount":200},{"posx":12,"posy":8,"amount":300},{"posx":11,"posy":8,"amount":400},{"posx":4,"posy":1,"amount":300},{"posx":16,"posy":7,"amount":350}],"changedObstacles":[]},{"players":[{"playerId":2344466,"score":0,"energy":34,"posx":19,"posy":2,"lastAction":2,"status":0},{"playerId":2450708,"score":0,"energy":37,"posx":17,"posy":4,"lastAction":0,"status":0},{"playerId":2619262,"score":50,"energy":35,"posx":17,"posy":7,"lastAction":5,"status":0},{"playerId":2241039,"score":0,"energy":34,"posx":19,"posy":2,"lastAction":2,"status":0}],"golds":[{"posx":6,"posy":0,"amount":400},{"posx":10,"posy":0,"amount":700},{"posx":2,"posy":1,"amount":200},{"posx":4,"posy":1,"amount":300},{"posx":9,"posy":1,"amount":750},{"posx":19,"posy":2,"amount":700},{"posx":3,"posy":3,"amount":200},{"posx":7,"posy":3,"amount":300},{"posx":11,"posy":3,"amount":700},{"posx":2,"posy":4,"amount":200},{"posx":11,"posy":5,"amount":550},{"posx":15,"posy":5,"amount":350},{"posx":4,"posy":6,"amount":350},{"posx":11,"posy":7,"amount":200},{"posx":16,"posy":7,"amount":350},{"posx":17,"posy":7,"amount":50},{"posx":4,"posy":8,"amount":200},{"posx":11,"posy":8,"amount":400},{"posx":12,"posy":8,"amount":300},{"posx":16,"posy":8,"amount":550}],"changedObstacles":[]},{"players":[{"playerId":2344466,"score":50,"energy":29,"posx":19,"posy":2,"lastAction":5,"status":0},{"playerId":2450708,"score":0,"energy":36,"posx":16,"posy":4,"lastAction":0,"status":0},{"playerId":2619262,"score":100,"energy":30,"posx":17,"posy":7,"lastAction":5,"status":0},{"playerId":2241039,"score":50,"energy":29,"posx":19,"posy":2,"lastAction":5,"status":0}],"golds":[{"posx":6,"posy":0,"amount":400},{"posx":10,"posy":0,"amount":700},{"posx":2,"posy":1,"amount":200},{"posx":4,"posy":1,"amount":300},{"posx":9,"posy":1,"amount":750},{"posx":19,"posy":2,"amount":600},{"posx":3,"posy":3,"amount":200},{"posx":7,"posy":3,"amount":300},{"posx":11,"posy":3,"amount":700},{"posx":2,"posy":4,"amount":200},{"posx":11,"posy":5,"amount":550},{"posx":15,"posy":5,"amount":350},{"posx":4,"posy":6,"amount":350},{"posx":11,"posy":7,"amount":200},{"posx":16,"posy":7,"amount":350},{"posx":4,"posy":8,"amount":200},{"posx":11,"posy":8,"amount":400},{"posx":12,"posy":8,"amount":300},{"posx":16,"posy":8,"amount":550}],"changedObstacles":[{"type":0,"posx":17,"posy":7,"value":-1}]},{"players":[{"playerId":2344466,"score":100,"energy":24,"posx":19,"posy":2,"lastAction":5,"status":0},{"playerId":2450708,"score":0,"energy":35,"posx":16,"posy":3,"lastAction":2,"status":0},{"playerId":2619262,"score":100,"energy":26,"posx":16,"posy":7,"lastAction":0,"status":0},{"playerId":2241039,"score":100,"energy":24,"posx":19,"posy":2,"lastAction":5,"status":0}],"golds":[{"posx":6,"posy":0,"amount":400},{"posx":10,"posy":0,"amount":700},{"posx":2,"posy":1,"amount":200},{"posx":4,"posy":1,"amount":300},{"posx":9,"posy":1,"amount":750},{"posx":19,"posy":2,"amount":500},{"posx":3,"posy":3,"amount":200},{"posx":7,"posy":3,"amount":300},{"posx":11,"posy":3,"amount":700},{"posx":2,"posy":4,"amount":200},{"posx":11,"posy":5,"amount":550},{"posx":15,"posy":5,"amount":350},{"posx":4,"posy":6,"amount":350},{"posx":11,"posy":7,"amount":200},{"posx":16,"posy":7,"amount":350},{"posx":4,"posy":8,"amount":200},{"posx":11,"posy":8,"amount":400},{"posx":12,"posy":8,"amount":300},{"posx":16,"posy":8,"amount":550}],"changedObstacles":[]},{"players":[{"playerId":2344466,"score":150,"energy":19,"posx":19,"posy":2,"lastAction":5,"status":0},{"playerId":2450708,"score":0,"energy":34,"posx":15,"posy":3,"lastAction":0,"status":0},{"playerId":2619262,"score":150,"energy":21,"posx":16,"posy":7,"lastAction":5,"status":0},{"playerId":2241039,"score":150,"energy":19,"posx":19,"posy":2,"lastAction":5,"status":0}],"golds":[{"posx":6,"posy":0,"amount":400},{"posx":10,"posy":0,"amount":700},{"posx":2,"posy":1,"amount":200},{"posx":4,"posy":1,"amount":300},{"posx":9,"posy":1,"amount":750},{"posx":19,"posy":2,"amount":400},{"posx":3,"posy":3,"amount":200},{"posx":7,"posy":3,"amount":300},{"posx":11,"posy":3,"amount":700},{"posx":2,"posy":4,"amount":200},{"posx":11,"posy":5,"amount":550},{"posx":15,"posy":5,"amount":350},{"posx":4,"posy":6,"amount":350},{"posx":11,"posy":7,"amount":200},{"posx":16,"posy":7,"amount":300},{"posx":4,"posy":8,"amount":200},{"posx":11,"posy":8,"amount":400},{"posx":12,"posy":8,"amount":300},{"posx":16,"posy":8,"amount":550}],"changedObstacles":[]},{"players":[{"playerId":2344466,"score":200,"energy":14,"posx":19,"posy":2,"lastAction":5,"status":0},{"playerId":2450708,"score":0,"energy":33,"posx":14,"posy":3,"lastAction":0,"status":0},{"playerId":2619262,"score":200,"energy":16,"posx":16,"posy":7,"lastAction":5,"status":0},{"playerId":2241039,"score":200,"energy":14,"posx":19,"posy":2,"lastAction":5,"status":0}],"golds":[{"posx":6,"posy":0,"amount":400},{"posx":10,"posy":0,"amount":700},{"posx":2,"posy":1,"amount":200},{"posx":4,"posy":1,"amount":300},{"posx":9,"posy":1,"amount":750},{"posx":19,"posy":2,"amount":300},{"posx":3,"posy":3,"amount":200},{"posx":7,"posy":3,"amount":300},{"posx":11,"posy":3,"amount":700},{"posx":2,"posy":4,"amount":200},{"posx":11,"posy":5,"amount":550},{"posx":15,"posy":5,"amount":350},{"posx":4,"posy":6,"amount":350},{"posx":11,"posy":7,"amount":200},{"posx":16,"posy":7,"amount":250},{"posx":4,"posy":8,"amount":200},{"posx":11,"posy":8,"amount":400},{"posx":12,"posy":8,"amount":300},{"posx":16,"posy":8,"amount":550}],"changedObstacles":[]},{"players":[{"playerId":2344466,"score":250,"energy":9,"posx":19,"posy":2,"lastAction":5,"status":0},{"playerId":2450708,"score":0,"energy":23,"posx":13,"posy":3,"lastAction":0,"status":0},{"playerId":2619262,"score":250,"energy":11,"posx":16,"posy":7,"lastAction":5,"status":0},{"playerId":2241039,"score":250,"energy":9,"posx":19,"posy":2,"lastAction":5,"status":0}],"golds":[{"posx":6,"posy":0,"amount":400},{"posx":10,"posy":0,"amount":700},{"posx":2,"posy":1,"amount":200},{"posx":4,"posy":1,"amount":300},{"posx":9,"posy":1,"amount":750},{"posx":19,"posy":2,"amount":200},{"posx":3,"posy":3,"amount":200},{"posx":7,"posy":3,"amount":300},{"posx":11,"posy":3,"amount":700},{"posx":2,"posy":4,"amount":200},{"posx":11,"posy":5,"amount":550},{"posx":15,"posy":5,"amount":350},{"posx":4,"posy":6,"amount":350},{"posx":11,"posy":7,"amount":200},{"posx":16,"posy":7,"amount":200},{"posx":4,"posy":8,"amount":200},{"posx":11,"posy":8,"amount":400},{"posx":12,"posy":8,"amount":300},{"posx":16,"posy":8,"amount":550}],"changedObstacles":[{"type":0,"posx":13,"posy":3,"value":-1}]},{"players":[{"playerId":2344466,"score":300,"energy":4,"posx":19,"posy":2,"lastAction":5,"status":0},{"playerId":2450708,"score":0,"energy":22,"posx":12,"posy":3,"lastAction":0,"status":0},{"playerId":2619262,"score":300,"energy":6,"posx":16,"posy":7,"lastAction":5,"status":0},{"playerId":2241039,"score":300,"energy":4,"posx":19,"posy":2,"lastAction":5,"status":0}],"golds":[{"posx":6,"posy":0,"amount":400},{"posx":10,"posy":0,"amount":700},{"posx":2,"posy":1,"amount":200},{"posx":4,"posy":1,"amount":300},{"posx":9,"posy":1,"amount":750},{"posx":19,"posy":2,"amount":100},{"posx":3,"posy":3,"amount":200},{"posx":7,"posy":3,"amount":300},{"posx":11,"posy":3,"amount":700},{"posx":2,"posy":4,"amount":200},{"posx":11,"posy":5,"amount":550},{"posx":15,"posy":5,"amount":350},{"posx":4,"posy":6,"amount":350},{"posx":11,"posy":7,"amount":200},{"posx":16,"posy":7,"amount":150},{"posx":4,"posy":8,"amount":200},{"posx":11,"posy":8,"amount":400},{"posx":12,"posy":8,"amount":300},{"posx":16,"posy":8,"amount":550}],"changedObstacles":[]},{"players":[{"playerId":2344466,"score":300,"energy":16,"posx":19,"posy":2,"lastAction":4,"status":0},{"playerId":2450708,"score":0,"energy":18,"posx":11,"posy":3,"lastAction":0,"status":0},{"playerId":2619262,"score":350,"energy":1,"posx":16,"posy":7,"lastAction":5,"status":0},{"playerId":2241039,"score":300,"energy":16,"posx":19,"posy":2,"lastAction":4,"status":0}],"golds":[{"posx":6,"posy":0,"amount":400},{"posx":10,"posy":0,"amount":700},{"posx":2,"posy":1,"amount":200},{"posx":4,"posy":1,"amount":300},{"posx":9,"posy":1,"amount":750},{"posx":19,"posy":2,"amount":100},{"posx":3,"posy":3,"amount":200},{"posx":7,"posy":3,"amount":300},{"posx":11,"posy":3,"amount":700},{"posx":2,"posy":4,"amount":200},{"posx":11,"posy":5,"amount":550},{"posx":15,"posy":5,"amount":350},{"posx":4,"posy":6,"amount":350},{"posx":11,"posy":7,"amount":200},{"posx":16,"posy":7,"amount":100},{"posx":4,"posy":8,"amount":200},{"posx":11,"posy":8,"amount":400},{"posx":12,"posy":8,"amount":300},{"posx":16,"posy":8,"amount":550}],"changedObstacles":[]},{"players":[{"playerId":2344466,"score":300,"energy":32,"posx":19,"posy":2,"lastAction":4,"status":0},{"playerId":2450708,"score":50,"energy":13,"posx":11,"posy":3,"lastAction":5,"status":0},{"playerId":2619262,"score":350,"energy":13,"posx":16,"posy":7,"lastAction":4,"status":0},{"playerId":2241039,"score":350,"energy":11,"posx":19,"posy":2,"lastAction":5,"status":0}],"golds":[{"posx":6,"posy":0,"amount":400},{"posx":10,"posy":0,"amount":700},{"posx":2,"posy":1,"amount":200},{"posx":4,"posy":1,"amount":300},{"posx":9,"posy":1,"amount":750},{"posx":19,"posy":2,"amount":50},{"posx":3,"posy":3,"amount":200},{"posx":7,"posy":3,"amount":300},{"posx":11,"posy":3,"amount":650},{"posx":2,"posy":4,"amount":200},{"posx":11,"posy":5,"amount":550},{"posx":15,"posy":5,"amount":350},{"posx":4,"posy":6,"amount":350},{"posx":11,"posy":7,"amount":200},{"posx":16,"posy":7,"amount":100},{"posx":4,"posy":8,"amount":200},{"posx":11,"posy":8,"amount":400},{"posx":12,"posy":8,"amount":300},{"posx":16,"posy":8,"amount":550}],"changedObstacles":[]},{"players":[{"playerId":2344466,"score":300,"energy":50,"posx":19,"posy":2,"lastAction":4,"status":0},{"playerId":2450708,"score":100,"energy":8,"posx":11,"posy":3,"lastAction":5,"status":0},{"playerId":2619262,"score":400,"energy":8,"posx":16,"posy":7,"lastAction":5,"status":0},{"playerId":2241039,"score":400,"energy":6,"posx":19,"posy":2,"lastAction":5,"status":0}],"golds":[{"posx":6,"posy":0,"amount":400},{"posx":10,"posy":0,"amount":700},{"posx":2,"posy":1,"amount":200},{"posx":4,"posy":1,"amount":300},{"posx":9,"posy":1,"amount":750},{"posx":3,"posy":3,"amount":200},{"posx":7,"posy":3,"amount":300},{"posx":11,"posy":3,"amount":600},{"posx":2,"posy":4,"amount":200},{"posx":11,"posy":5,"amount":550},{"posx":15,"posy":5,"amount":350},{"posx":4,"posy":6,"amount":350},{"posx":11,"posy":7,"amount":200},{"posx":16,"posy":7,"amount":50},{"posx":4,"posy":8,"amount":200},{"posx":11,"posy":8,"amount":400},{"posx":12,"posy":8,"amount":300},{"posx":16,"posy":8,"amount":550}],"changedObstacles":[{"type":0,"posx":19,"posy":2,"value":-1}]},{"players":[{"playerId":2344466,"score":300,"energy":49,"posx":19,"posy":3,"lastAction":3,"status":0},{"playerId":2450708,"score":150,"energy":3,"posx":11,"posy":3,"lastAction":5,"status":0},{"playerId":2619262,"score":450,"energy":3,"posx":16,"posy":7,"lastAction":5,"status":0},{"playerId":2241039,"score":400,"energy":5,"posx":19,"posy":3,"lastAction":3,"status":0}],"golds":[{"posx":6,"posy":0,"amount":400},{"posx":10,"posy":0,"amount":700},{"posx":2,"posy":1,"amount":200},{"posx":4,"posy":1,"amount":300},{"posx":9,"posy":1,"amount":750},{"posx":3,"posy":3,"amount":200},{"posx":7,"posy":3,"amount":300},{"posx":11,"posy":3,"amount":550},{"posx":2,"posy":4,"amount":200},{"posx":11,"posy":5,"amount":550},{"posx":15,"posy":5,"amount":350},{"posx":4,"posy":6,"amount":350},{"posx":11,"posy":7,"amount":200},{"posx":4,"posy":8,"amount":200},{"posx":11,"posy":8,"amount":400},{"posx":12,"posy":8,"amount":300},{"posx":16,"posy":8,"amount":550}],"changedObstacles":[{"type":0,"posx":16,"posy":7,"value":-1}]},{"players":[{"playerId":2344466,"score":300,"energy":44,"posx":18,"posy":3,"lastAction":0,"status":0},{"playerId":2450708,"score":150,"energy":15,"posx":11,"posy":3,"lastAction":4,"status":0},{"playerId":2619262,"score":450,"energy":15,"posx":16,"posy":7,"lastAction":4,"status":0},{"playerId":2241039,"score":400,"energy":17,"posx":19,"posy":3,"lastAction":4,"status":0}],"golds":[{"posx":6,"posy":0,"amount":400},{"posx":10,"posy":0,"amount":700},{"posx":2,"posy":1,"amount":200},{"posx":4,"posy":1,"amount":300},{"posx":9,"posy":1,"amount":750},{"posx":3,"posy":3,"amount":200},{"posx":7,"posy":3,"amount":300},{"posx":11,"posy":3,"amount":550},{"posx":2,"posy":4,"amount":200},{"posx":11,"posy":5,"amount":550},{"posx":15,"posy":5,"amount":350},{"posx":4,"posy":6,"amount":350},{"posx":11,"posy":7,"amount":200},{"posx":4,"posy":8,"amount":200},{"posx":11,"posy":8,"amount":400},{"posx":12,"posy":8,"amount":300},{"posx":16,"posy":8,"amount":550}],"changedObstacles":[{"type":3,"posx":18,"posy":3,"value":-20}]},{"players":[{"playerId":2344466,"score":300,"energy":39,"posx":17,"posy":3,"lastAction":0,"status":0},{"playerId":2450708,"score":150,"energy":31,"posx":11,"posy":3,"lastAction":4,"status":0},{"playerId":2619262,"score":450,"energy":11,"posx":16,"posy":8,"lastAction":3,"status":0},{"playerId":2241039,"score":400,"energy":33,"posx":19,"posy":3,"lastAction":4,"status":0}],"golds":[{"posx":6,"posy":0,"amount":400},{"posx":10,"posy":0,"amount":700},{"posx":2,"posy":1,"amount":200},{"posx":4,"posy":1,"amount":300},{"posx":9,"posy":1,"amount":750},{"posx":3,"posy":3,"amount":200},{"posx":7,"posy":3,"amount":300},{"posx":11,"posy":3,"amount":550},{"posx":2,"posy":4,"amount":200},{"posx":11,"posy":5,"amount":550},{"posx":15,"posy":5,"amount":350},{"posx":4,"posy":6,"amount":350},{"posx":11,"posy":7,"amount":200},{"posx":4,"posy":8,"amount":200},{"posx":11,"posy":8,"amount":400},{"posx":12,"posy":8,"amount":300},{"posx":16,"posy":8,"amount":550}],"changedObstacles":[{"type":3,"posx":17,"posy":3,"value":-20}]},{"players":[{"playerId":2344466,"score":300,"energy":38,"posx":16,"posy":3,"lastAction":0,"status":0},{"playerId":2450708,"score":150,"energy":50,"posx":11,"posy":3,"lastAction":4,"status":0},{"playerId":2619262,"score":500,"energy":6,"posx":16,"posy":8,"lastAction":5,"status":0},{"playerId":2241039,"score":400,"energy":13,"posx":18,"posy":3,"lastAction":0,"status":0}],"golds":[{"posx":6,"posy":0,"amount":400},{"posx":10,"posy":0,"amount":700},{"posx":2,"posy":1,"amount":200},{"posx":4,"posy":1,"amount":300},{"posx":9,"posy":1,"amount":750},{"posx":3,"posy":3,"amount":200},{"posx":7,"posy":3,"amount":300},{"posx":11,"posy":3,"amount":550},{"posx":2,"posy":4,"amount":200},{"posx":11,"posy":5,"amount":550},{"posx":15,"posy":5,"amount":350},{"posx":4,"posy":6,"amount":350},{"posx":11,"posy":7,"amount":200},{"posx":4,"posy":8,"amount":200},{"posx":11,"posy":8,"amount":400},{"posx":12,"posy":8,"amount":300},{"posx":16,"posy":8,"amount":500}],"changedObstacles":[{"type":3,"posx":18,"posy":3,"value":-40}]},{"players":[{"playerId":2344466,"score":300,"energy":37,"posx":15,"posy":3,"lastAction":0,"status":0},{"playerId":2450708,"score":200,"energy":45,"posx":11,"posy":3,"lastAction":5,"status":0},{"playerId":2619262,"score":550,"energy":1,"posx":16,"posy":8,"lastAction":5,"status":0},{"playerId":2241039,"score":400,"energy":25,"posx":18,"posy":3,"lastAction":4,"status":0}],"golds":[{"posx":6,"posy":0,"amount":400},{"posx":10,"posy":0,"amount":700},{"posx":2,"posy":1,"amount":200},{"posx":4,"posy":1,"amount":300},{"posx":9,"posy":1,"amount":750},{"posx":3,"posy":3,"amount":200},{"posx":7,"posy":3,"amount":300},{"posx":11,"posy":3,"amount":500},{"posx":2,"posy":4,"amount":200},{"posx":11,"posy":5,"amount":550},{"posx":15,"posy":5,"amount":350},{"posx":4,"posy":6,"amount":350},{"posx":11,"posy":7,"amount":200},{"posx":4,"posy":8,"amount":200},{"posx":11,"posy":8,"amount":400},{"posx":12,"posy":8,"amount":300},{"posx":16,"posy":8,"amount":450}],"changedObstacles":[]},{"players":[{"playerId":2344466,"score":300,"energy":36,"posx":14,"posy":3,"lastAction":0,"status":0},{"playerId":2450708,"score":250,"energy":40,"posx":11,"posy":3,"lastAction":5,"status":0},{"playerId":2619262,"score":550,"energy":13,"posx":16,"posy":8,"lastAction":4,"status":0},{"playerId":2241039,"score":400,"energy":5,"posx":17,"posy":3,"lastAction":0,"status":0}],"golds":[{"posx":6,"posy":0,"amount":400},{"posx":10,"posy":0,"amount":700},{"posx":2,"posy":1,"amount":200},{"posx":4,"posy":1,"amount":300},{"posx":9,"posy":1,"amount":750},{"posx":3,"posy":3,"amount":200},{"posx":7,"posy":3,"amount":300},{"posx":11,"posy":3,"amount":450},{"posx":2,"posy":4,"amount":200},{"posx":11,"posy":5,"amount":550},{"posx":15,"posy":5,"amount":350},{"posx":4,"posy":6,"amount":350},{"posx":11,"posy":7,"amount":200},{"posx":4,"posy":8,"amount":200},{"posx":11,"posy":8,"amount":400},{"posx":12,"posy":8,"amount":300},{"posx":16,"posy":8,"amount":450}],"changedObstacles":[{"type":3,"posx":17,"posy":3,"value":-40}]},{"players":[{"playerId":2344466,"score":300,"energy":35,"posx":13,"posy":3,"lastAction":0,"status":0},{"playerId":2450708,"score":300,"energy":35,"posx":11,"posy":3,"lastAction":5,"status":0},{"playerId":2619262,"score":600,"energy":8,"posx":16,"posy":8,"lastAction":5,"status":0},{"playerId":2241039,"score":400,"energy":17,"posx":17,"posy":3,"lastAction":4,"status":0}],"golds":[{"posx":6,"posy":0,"amount":400},{"posx":10,"posy":0,"amount":700},{"posx":2,"posy":1,"amount":200},{"posx":4,"posy":1,"amount":300},{"posx":9,"posy":1,"amount":750},{"posx":3,"posy":3,"amount":200},{"posx":7,"posy":3,"amount":300},{"posx":11,"posy":3,"amount":400},{"posx":2,"posy":4,"amount":200},{"posx":11,"posy":5,"amount":550},{"posx":15,"posy":5,"amount":350},{"posx":4,"posy":6,"amount":350},{"posx":11,"posy":7,"amount":200},{"posx":4,"posy":8,"amount":200},{"posx":11,"posy":8,"amount":400},{"posx":12,"posy":8,"amount":300},{"posx":16,"posy":8,"amount":400}],"changedObstacles":[]},{"players":[{"playerId":2344466,"score":300,"energy":34,"posx":12,"posy":3,"lastAction":0,"status":0},{"playerId":2450708,"score":350,"energy":30,"posx":11,"posy":3,"lastAction":5,"status":0},{"playerId":2619262,"score":650,"energy":3,"posx":16,"posy":8,"lastAction":5,"status":0},{"playerId":2241039,"score":400,"energy":16,"posx":16,"posy":3,"lastAction":0,"status":0}],"golds":[{"posx":6,"posy":0,"amount":400},{"posx":10,"posy":0,"amount":700},{"posx":2,"posy":1,"amount":200},{"posx":4,"posy":1,"amount":300},{"posx":9,"posy":1,"amount":750},{"posx":3,"posy":3,"amount":200},{"posx":7,"posy":3,"amount":300},{"posx":11,"posy":3,"amount":350},{"posx":2,"posy":4,"amount":200},{"posx":11,"posy":5,"amount":550},{"posx":15,"posy":5,"amount":350},{"posx":4,"posy":6,"amount":350},{"posx":11,"posy":7,"amount":200},{"posx":4,"posy":8,"amount":200},{"posx":11,"posy":8,"amount":400},{"posx":12,"posy":8,"amount":300},{"posx":16,"posy":8,"amount":350}],"changedObstacles":[]},{"players":[{"playerId":2344466,"score":300,"energy":30,"posx":11,"posy":3,"lastAction":0,"status":0},{"playerId":2450708,"score":400,"energy":25,"posx":11,"posy":3,"lastAction":5,"status":0},{"playerId":2619262,"score":650,"energy":15,"posx":16,"posy":8,"lastAction":4,"status":0},{"playerId":2241039,"score":400,"energy":15,"posx":15,"posy":3,"lastAction":0,"status":0}],"golds":[{"posx":6,"posy":0,"amount":400},{"posx":10,"posy":0,"amount":700},{"posx":2,"posy":1,"amount":200},{"posx":4,"posy":1,"amount":300},{"posx":9,"posy":1,"amount":750},{"posx":3,"posy":3,"amount":200},{"posx":7,"posy":3,"amount":300},{"posx":11,"posy":3,"amount":300},{"posx":2,"posy":4,"amount":200},{"posx":11,"posy":5,"amount":550},{"posx":15,"posy":5,"amount":350},{"posx":4,"posy":6,"amount":350},{"posx":11,"posy":7,"amount":200},{"posx":4,"posy":8,"amount":200},{"posx":11,"posy":8,"amount":400},{"posx":12,"posy":8,"amount":300},{"posx":16,"posy":8,"amount":350}],"changedObstacles":[]},{"players":[{"playerId":2344466,"score":350,"energy":25,"posx":11,"posy":3,"lastAction":5,"status":0},{"playerId":2450708,"score":450,"energy":20,"posx":11,"posy":3,"lastAction":5,"status":0},{"playerId":2619262,"score":700,"energy":10,"posx":16,"posy":8,"lastAction":5,"status":0},{"playerId":2241039,"score":400,"energy":5,"posx":15,"posy":4,"lastAction":3,"status":0}],"golds":[{"posx":6,"posy":0,"amount":400},{"posx":10,"posy":0,"amount":700},{"posx":2,"posy":1,"amount":200},{"posx":4,"posy":1,"amount":300},{"posx":9,"posy":1,"amount":750},{"posx":3,"posy":3,"amount":200},{"posx":7,"posy":3,"amount":300},{"posx":11,"posy":3,"amount":200},{"posx":2,"posy":4,"amount":200},{"posx":11,"posy":5,"amount":550},{"posx":15,"posy":5,"amount":350},{"posx":4,"posy":6,"amount":350},{"posx":11,"posy":7,"amount":200},{"posx":4,"posy":8,"amount":200},{"posx":11,"posy":8,"amount":400},{"posx":12,"posy":8,"amount":300},{"posx":16,"posy":8,"amount":300}],"changedObstacles":[{"type":0,"posx":15,"posy":4,"value":-1}]},{"players":[{"playerId":2344466,"score":400,"energy":20,"posx":11,"posy":3,"lastAction":5,"status":0},{"playerId":2450708,"score":500,"energy":15,"posx":11,"posy":3,"lastAction":5,"status":0},{"playerId":2619262,"score":750,"energy":5,"posx":16,"posy":8,"lastAction":5,"status":0},{"playerId":2241039,"score":400,"energy":1,"posx":15,"posy":5,"lastAction":3,"status":0}],"golds":[{"posx":6,"posy":0,"amount":400},{"posx":10,"posy":0,"amount":700},{"posx":2,"posy":1,"amount":200},{"posx":4,"posy":1,"amount":300},{"posx":9,"posy":1,"amount":750},{"posx":3,"posy":3,"amount":200},{"posx":7,"posy":3,"amount":300},{"posx":11,"posy":3,"amount":100},{"posx":2,"posy":4,"amount":200},{"posx":11,"posy":5,"amount":550},{"posx":15,"posy":5,"amount":350},{"posx":4,"posy":6,"amount":350},{"posx":11,"posy":7,"amount":200},{"posx":4,"posy":8,"amount":200},{"posx":11,"posy":8,"amount":400},{"posx":12,"posy":8,"amount":300},{"posx":16,"posy":8,"amount":250}],"changedObstacles":[]},{"players":[{"playerId":2344466,"score":450,"energy":15,"posx":11,"posy":3,"lastAction":5,"status":0},{"playerId":2450708,"score":550,"energy":10,"posx":11,"posy":3,"lastAction":5,"status":0},{"playerId":2619262,"score":750,"energy":17,"posx":16,"posy":8,"lastAction":4,"status":0},{"playerId":2241039,"score":400,"energy":13,"posx":15,"posy":5,"lastAction":4,"status":0}],"golds":[{"posx":6,"posy":0,"amount":400},{"posx":10,"posy":0,"amount":700},{"posx":2,"posy":1,"amount":200},{"posx":4,"posy":1,"amount":300},{"posx":9,"posy":1,"amount":750},{"posx":3,"posy":3,"amount":200},{"posx":7,"posy":3,"amount":300},{"posx":2,"posy":4,"amount":200},{"posx":11,"posy":5,"amount":550},{"posx":15,"posy":5,"amount":350},{"posx":4,"posy":6,"amount":350},{"posx":11,"posy":7,"amount":200},{"posx":4,"posy":8,"amount":200},{"posx":11,"posy":8,"amount":400},{"posx":12,"posy":8,"amount":300},{"posx":16,"posy":8,"amount":250}],"changedObstacles":[{"type":0,"posx":11,"posy":3,"value":-1}]},{"players":[{"playerId":2344466,"score":450,"energy":14,"posx":10,"posy":3,"lastAction":0,"status":0},{"playerId":2450708,"score":550,"energy":9,"posx":10,"posy":3,"lastAction":0,"status":0},{"playerId":2619262,"score":800,"energy":12,"posx":16,"posy":8,"lastAction":5,"status":0},{"playerId":2241039,"score":450,"energy":8,"posx":15,"posy":5,"lastAction":5,"status":0}],"golds":[{"posx":6,"posy":0,"amount":400},{"posx":10,"posy":0,"amount":700},{"posx":2,"posy":1,"amount":200},{"posx":4,"posy":1,"amount":300},{"posx":9,"posy":1,"amount":750},{"posx":3,"posy":3,"amount":200},{"posx":7,"posy":3,"amount":300},{"posx":2,"posy":4,"amount":200},{"posx":11,"posy":5,"amount":550},{"posx":15,"posy":5,"amount":300},{"posx":4,"posy":6,"amount":350},{"posx":11,"posy":7,"amount":200},{"posx":4,"posy":8,"amount":200},{"posx":11,"posy":8,"amount":400},{"posx":12,"posy":8,"amount":300},{"posx":16,"posy":8,"amount":200}],"changedObstacles":[]},{"players":[{"playerId":2344466,"score":450,"energy":13,"posx":9,"posy":3,"lastAction":0,"status":0},{"playerId":2450708,"score":550,"energy":8,"posx":10,"posy":2,"lastAction":2,"status":0},{"playerId":2619262,"score":850,"energy":7,"posx":16,"posy":8,"lastAction":5,"status":0},{"playerId":2241039,"score":500,"energy":3,"posx":15,"posy":5,"lastAction":5,"status":0}],"golds":[{"posx":6,"posy":0,"amount":400},{"posx":10,"posy":0,"amount":700},{"posx":2,"posy":1,"amount":200},{"posx":4,"posy":1,"amount":300},{"posx":9,"posy":1,"amount":750},{"posx":3,"posy":3,"amount":200},{"posx":7,"posy":3,"amount":300},{"posx":2,"posy":4,"amount":200},{"posx":11,"posy":5,"amount":550},{"posx":15,"posy":5,"amount":250},{"posx":4,"posy":6,"amount":350},{"posx":11,"posy":7,"amount":200},{"posx":4,"posy":8,"amount":200},{"posx":11,"posy":8,"amount":400},{"posx":12,"posy":8,"amount":300},{"posx":16,"posy":8,"amount":150}],"changedObstacles":[]},{"players":[{"playerId":2344466,"score":450,"energy":12,"posx":9,"posy":2,"lastAction":2,"status":0},{"playerId":2450708,"score":550,"energy":7,"posx":9,"posy":2,"lastAction":0,"status":0},{"playerId":2619262,"score":900,"energy":2,"posx":16,"posy":8,"lastAction":5,"status":0},{"playerId":2241039,"score":500,"energy":15,"posx":15,"posy":5,"lastAction":4,"status":0}],"golds":[{"posx":6,"posy":0,"amount":400},{"posx":10,"posy":0,"amount":700},{"posx":2,"posy":1,"amount":200},{"posx":4,"posy":1,"amount":300},{"posx":9,"posy":1,"amount":750},{"posx":3,"posy":3,"amount":200},{"posx":7,"posy":3,"amount":300},{"posx":2,"posy":4,"amount":200},{"posx":11,"posy":5,"amount":550},{"posx":15,"posy":5,"amount":250},{"posx":4,"posy":6,"amount":350},{"posx":11,"posy":7,"amount":200},{"posx":4,"posy":8,"amount":200},{"posx":11,"posy":8,"amount":400},{"posx":12,"posy":8,"amount":300},{"posx":16,"posy":8,"amount":100}],"changedObstacles":[]},{"players":[{"playerId":2344466,"score":450,"energy":8,"posx":9,"posy":1,"lastAction":2,"status":0},{"playerId":2450708,"score":550,"energy":3,"posx":9,"posy":1,"lastAction":2,"status":0},{"playerId":2619262,"score":900,"energy":14,"posx":16,"posy":8,"lastAction":4,"status":0},{"playerId":2241039,"score":550,"energy":10,"posx":15,"posy":5,"lastAction":5,"status":0}],"golds":[{"posx":6,"posy":0,"amount":400},{"posx":10,"posy":0,"amount":700},{"posx":2,"posy":1,"amount":200},{"posx":4,"posy":1,"amount":300},{"posx":9,"posy":1,"amount":750},{"posx":3,"posy":3,"amount":200},{"posx":7,"posy":3,"amount":300},{"posx":2,"posy":4,"amount":200},{"posx":11,"posy":5,"amount":550},{"posx":15,"posy":5,"amount":200},{"posx":4,"posy":6,"amount":350},{"posx":11,"posy":7,"amount":200},{"posx":4,"posy":8,"amount":200},{"posx":11,"posy":8,"amount":400},{"posx":12,"posy":8,"amount":300},{"posx":16,"posy":8,"amount":100}],"changedObstacles":[]},{"players":[{"playerId":2344466,"score":500,"energy":3,"posx":9,"posy":1,"lastAction":5,"status":0},{"playerId":2450708,"score":550,"energy":15,"posx":9,"posy":1,"lastAction":4,"status":0},{"playerId":2619262,"score":950,"energy":9,"posx":16,"posy":8,"lastAction":5,"status":0},{"playerId":2241039,"score":600,"energy":5,"posx":15,"posy":5,"lastAction":5,"status":0}],"golds":[{"posx":6,"posy":0,"amount":400},{"posx":10,"posy":0,"amount":700},{"posx":2,"posy":1,"amount":200},{"posx":4,"posy":1,"amount":300},{"posx":9,"posy":1,"amount":700},{"posx":3,"posy":3,"amount":200},{"posx":7,"posy":3,"amount":300},{"posx":2,"posy":4,"amount":200},{"posx":11,"posy":5,"amount":550},{"posx":15,"posy":5,"amount":150},{"posx":4,"posy":6,"amount":350},{"posx":11,"posy":7,"amount":200},{"posx":4,"posy":8,"amount":200},{"posx":11,"posy":8,"amount":400},{"posx":12,"posy":8,"amount":300},{"posx":16,"posy":8,"amount":50}],"changedObstacles":[]},{"players":[{"playerId":2344466,"score":500,"energy":15,"posx":9,"posy":1,"lastAction":4,"status":0},{"playerId":2450708,"score":550,"energy":31,"posx":9,"posy":1,"lastAction":4,"status":0},{"playerId":2619262,"score":1000,"energy":4,"posx":16,"posy":8,"lastAction":5,"status":0},{"playerId":2241039,"score":600,"energy":17,"posx":15,"posy":5,"lastAction":4,"status":0}],"golds":[{"posx":6,"posy":0,"amount":400},{"posx":10,"posy":0,"amount":700},{"posx":2,"posy":1,"amount":200},{"posx":4,"posy":1,"amount":300},{"posx":9,"posy":1,"amount":700},{"posx":3,"posy":3,"amount":200},{"posx":7,"posy":3,"amount":300},{"posx":2,"posy":4,"amount":200},{"posx":11,"posy":5,"amount":550},{"posx":15,"posy":5,"amount":150},{"posx":4,"posy":6,"amount":350},{"posx":11,"posy":7,"amount":200},{"posx":4,"posy":8,"amount":200},{"posx":11,"posy":8,"amount":400},{"posx":12,"posy":8,"amount":300}],"changedObstacles":[{"type":0,"posx":16,"posy":8,"value":-1}]},{"players":[{"playerId":2344466,"score":500,"energy":31,"posx":9,"posy":1,"lastAction":4,"status":0},{"playerId":2450708,"score":550,"energy":50,"posx":9,"posy":1,"lastAction":4,"status":0},{"playerId":2619262,"score":1000,"energy":3,"posx":15,"posy":8,"lastAction":0,"status":0},{"playerId":2241039,"score":650,"energy":12,"posx":15,"posy":5,"lastAction":5,"status":0}],"golds":[{"posx":6,"posy":0,"amount":400},{"posx":10,"posy":0,"amount":700},{"posx":2,"posy":1,"amount":200},{"posx":4,"posy":1,"amount":300},{"posx":9,"posy":1,"amount":700},{"posx":3,"posy":3,"amount":200},{"posx":7,"posy":3,"amount":300},{"posx":2,"posy":4,"amount":200},{"posx":11,"posy":5,"amount":550},{"posx":15,"posy":5,"amount":100},{"posx":4,"posy":6,"amount":350},{"posx":11,"posy":7,"amount":200},{"posx":4,"posy":8,"amount":200},{"posx":11,"posy":8,"amount":400},{"posx":12,"posy":8,"amount":300}],"changedObstacles":[]},{"players":[{"playerId":2344466,"score":500,"energy":50,"posx":9,"posy":1,"lastAction":4,"status":0},{"playerId":2450708,"score":600,"energy":45,"posx":9,"posy":1,"lastAction":5,"status":0},{"playerId":2619262,"score":1000,"energy":2,"posx":14,"posy":8,"lastAction":0,"status":0},{"playerId":2241039,"score":700,"energy":7,"posx":15,"posy":5,"lastAction":5,"status":0}],"golds":[{"posx":6,"posy":0,"amount":400},{"posx":10,"posy":0,"amount":700},{"posx":2,"posy":1,"amount":200},{"posx":4,"posy":1,"amount":300},{"posx":9,"posy":1,"amount":650},{"posx":3,"posy":3,"amount":200},{"posx":7,"posy":3,"amount":300},{"posx":2,"posy":4,"amount":200},{"posx":11,"posy":5,"amount":550},{"posx":15,"posy":5,"amount":50},{"posx":4,"posy":6,"amount":350},{"posx":11,"posy":7,"amount":200},{"posx":4,"posy":8,"amount":200},{"posx":11,"posy":8,"amount":400},{"posx":12,"posy":8,"amount":300}],"changedObstacles":[]},{"players":[{"playerId":2344466,"score":550,"energy":45,"posx":9,"posy":1,"lastAction":5,"status":0},{"playerId":2450708,"score":650,"energy":40,"posx":9,"posy":1,"lastAction":5,"status":0},{"playerId":2619262,"score":1000,"energy":1,"posx":13,"posy":8,"lastAction":0,"status":0},{"playerId":2241039,"score":750,"energy":2,"posx":15,"posy":5,"lastAction":5,"status":0}],"golds":[{"posx":6,"posy":0,"amount":400},{"posx":10,"posy":0,"amount":700},{"posx":2,"posy":1,"amount":200},{"posx":4,"posy":1,"amount":300},{"posx":9,"posy":1,"amount":550},{"posx":3,"posy":3,"amount":200},{"posx":7,"posy":3,"amount":300},{"posx":2,"posy":4,"amount":200},{"posx":11,"posy":5,"amount":550},{"posx":4,"posy":6,"amount":350},{"posx":11,"posy":7,"amount":200},{"posx":4,"posy":8,"amount":200},{"posx":11,"posy":8,"amount":400},{"posx":12,"posy":8,"amount":300}],"changedObstacles":[{"type":0,"posx":15,"posy":5,"value":-1}]},{"players":[{"playerId":2344466,"score":600,"energy":40,"posx":9,"posy":1,"lastAction":5,"status":0},{"playerId":2450708,"score":700,"energy":35,"posx":9,"posy":1,"lastAction":5,"status":0},{"playerId":2619262,"score":1000,"energy":13,"posx":13,"posy":8,"lastAction":4,"status":0},{"playerId":2241039,"score":750,"energy":14,"posx":15,"posy":5,"lastAction":4,"status":0}],"golds":[{"posx":6,"posy":0,"amount":400},{"posx":10,"posy":0,"amount":700},{"posx":2,"posy":1,"amount":200},{"posx":4,"posy":1,"amount":300},{"posx":9,"posy":1,"amount":450},{"posx":3,"posy":3,"amount":200},{"posx":7,"posy":3,"amount":300},{"posx":2,"posy":4,"amount":200},{"posx":11,"posy":5,"amount":550},{"posx":4,"posy":6,"amount":350},{"posx":11,"posy":7,"amount":200},{"posx":4,"posy":8,"amount":200},{"posx":11,"posy":8,"amount":400},{"posx":12,"posy":8,"amount":300}],"changedObstacles":[]},{"players":[{"playerId":2344466,"score":650,"energy":35,"posx":9,"posy":1,"lastAction":5,"status":0},{"playerId":2450708,"score":750,"energy":30,"posx":9,"posy":1,"lastAction":5,"status":0},{"playerId":2619262,"score":1000,"energy":9,"posx":12,"posy":8,"lastAction":0,"status":0},{"playerId":2241039,"score":750,"energy":4,"posx":14,"posy":5,"lastAction":0,"status":0}],"golds":[{"posx":6,"posy":0,"amount":400},{"posx":10,"posy":0,"amount":700},{"posx":2,"posy":1,"amount":200},{"posx":4,"posy":1,"amount":300},{"posx":9,"posy":1,"amount":350},{"posx":3,"posy":3,"amount":200},{"posx":7,"posy":3,"amount":300},{"posx":2,"posy":4,"amount":200},{"posx":11,"posy":5,"amount":550},{"posx":4,"posy":6,"amount":350},{"posx":11,"posy":7,"amount":200},{"posx":4,"posy":8,"amount":200},{"posx":11,"posy":8,"amount":400},{"posx":12,"posy":8,"amount":300}],"changedObstacles":[{"type":0,"posx":14,"posy":5,"value":-1}]},{"players":[{"playerId":2344466,"score":700,"energy":30,"posx":9,"posy":1,"lastAction":5,"status":0},{"playerId":2450708,"score":800,"energy":25,"posx":9,"posy":1,"lastAction":5,"status":0},{"playerId":2619262,"score":1050,"energy":4,"posx":12,"posy":8,"lastAction":5,"status":0},{"playerId":2241039,"score":750,"energy":16,"posx":14,"posy":5,"lastAction":4,"status":0}],"golds":[{"posx":6,"posy":0,"amount":400},{"posx":10,"posy":0,"amount":700},{"posx":2,"posy":1,"amount":200},{"posx":4,"posy":1,"amount":300},{"posx":9,"posy":1,"amount":250},{"posx":3,"posy":3,"amount":200},{"posx":7,"posy":3,"amount":300},{"posx":2,"posy":4,"amount":200},{"posx":11,"posy":5,"amount":550},{"posx":4,"posy":6,"amount":350},{"posx":11,"posy":7,"amount":200},{"posx":4,"posy":8,"amount":200},{"posx":11,"posy":8,"amount":400},{"posx":12,"posy":8,"amount":250}],"changedObstacles":[]},{"players":[{"playerId":2344466,"score":750,"energy":25,"posx":9,"posy":1,"lastAction":5,"status":0},{"playerId":2450708,"score":850,"energy":20,"posx":9,"posy":1,"lastAction":5,"status":0},{"playerId":2619262,"score":1050,"energy":16,"posx":12,"posy":8,"lastAction":4,"status":0},{"playerId":2241039,"score":750,"energy":11,"posx":13,"posy":5,"lastAction":0,"status":0}],"golds":[{"posx":6,"posy":0,"amount":400},{"posx":10,"posy":0,"amount":700},{"posx":2,"posy":1,"amount":200},{"posx":4,"posy":1,"amount":300},{"posx":9,"posy":1,"amount":150},{"posx":3,"posy":3,"amount":200},{"posx":7,"posy":3,"amount":300},{"posx":2,"posy":4,"amount":200},{"posx":11,"posy":5,"amount":550},{"posx":4,"posy":6,"amount":350},{"posx":11,"posy":7,"amount":200},{"posx":4,"posy":8,"amount":200},{"posx":11,"posy":8,"amount":400},{"posx":12,"posy":8,"amount":250}],"changedObstacles":[{"type":3,"posx":13,"posy":5,"value":-20}]},{"players":[{"playerId":2344466,"score":800,"energy":20,"posx":9,"posy":1,"lastAction":5,"status":0},{"playerId":2450708,"score":900,"energy":15,"posx":9,"posy":1,"lastAction":5,"status":0},{"playerId":2619262,"score":1100,"energy":11,"posx":12,"posy":8,"lastAction":5,"status":0},{"playerId":2241039,"score":750,"energy":10,"posx":12,"posy":5,"lastAction":0,"status":0}],"golds":[{"posx":6,"posy":0,"amount":400},{"posx":10,"posy":0,"amount":700},{"posx":2,"posy":1,"amount":200},{"posx":4,"posy":1,"amount":300},{"posx":9,"posy":1,"amount":50},{"posx":3,"posy":3,"amount":200},{"posx":7,"posy":3,"amount":300},{"posx":2,"posy":4,"amount":200},{"posx":11,"posy":5,"amount":550},{"posx":4,"posy":6,"amount":350},{"posx":11,"posy":7,"amount":200},{"posx":4,"posy":8,"amount":200},{"posx":11,"posy":8,"amount":400},{"posx":12,"posy":8,"amount":200}],"changedObstacles":[]},{"players":[{"playerId":2344466,"score":800,"energy":15,"posx":9,"posy":0,"lastAction":2,"status":0},{"playerId":2450708,"score":950,"energy":10,"posx":9,"posy":1,"lastAction":5,"status":0},{"playerId":2619262,"score":1150,"energy":6,"posx":12,"posy":8,"lastAction":5,"status":0},{"playerId":2241039,"score":750,"energy":6,"posx":11,"posy":5,"lastAction":0,"status":0}],"golds":[{"posx":6,"posy":0,"amount":400},{"posx":10,"posy":0,"amount":700},{"posx":2,"posy":1,"amount":200},{"posx":4,"posy":1,"amount":300},{"posx":3,"posy":3,"amount":200},{"posx":7,"posy":3,"amount":300},{"posx":2,"posy":4,"amount":200},{"posx":11,"posy":5,"amount":550},{"posx":4,"posy":6,"amount":350},{"posx":11,"posy":7,"amount":200},{"posx":4,"posy":8,"amount":200},{"posx":11,"posy":8,"amount":400},{"posx":12,"posy":8,"amount":150}],"changedObstacles":[{"type":3,"posx":9,"posy":0,"value":-20},{"type":0,"posx":9,"posy":1,"value":-1}]},{"players":[{"playerId":2344466,"score":800,"energy":11,"posx":10,"posy":0,"lastAction":1,"status":0},{"playerId":2450708,"score":950,"energy":22,"posx":9,"posy":1,"lastAction":4,"status":0},{"playerId":2619262,"score":1200,"energy":1,"posx":12,"posy":8,"lastAction":5,"status":0},{"playerId":2241039,"score":800,"energy":1,"posx":11,"posy":5,"lastAction":5,"status":0}],"golds":[{"posx":6,"posy":0,"amount":400},{"posx":10,"posy":0,"amount":700},{"posx":2,"posy":1,"amount":200},{"posx":4,"posy":1,"amount":300},{"posx":3,"posy":3,"amount":200},{"posx":7,"posy":3,"amount":300},{"posx":2,"posy":4,"amount":200},{"posx":11,"posy":5,"amount":500},{"posx":4,"posy":6,"amount":350},{"posx":11,"posy":7,"amount":200},{"posx":4,"posy":8,"amount":200},{"posx":11,"posy":8,"amount":400},{"posx":12,"posy":8,"amount":100}],"changedObstacles":[]},{"players":[{"playerId":2344466,"score":850,"energy":6,"posx":10,"posy":0,"lastAction":5,"status":0},{"playerId":2450708,"score":950,"energy":38,"posx":9,"posy":1,"lastAction":4,"status":0},{"playerId":2619262,"score":1200,"energy":13,"posx":12,"posy":8,"lastAction":4,"status":0},{"playerId":2241039,"score":800,"energy":13,"posx":11,"posy":5,"lastAction":4,"status":0}],"golds":[{"posx":6,"posy":0,"amount":400},{"posx":10,"posy":0,"amount":650},{"posx":2,"posy":1,"amount":200},{"posx":4,"posy":1,"amount":300},{"posx":3,"posy":3,"amount":200},{"posx":7,"posy":3,"amount":300},{"posx":2,"posy":4,"amount":200},{"posx":11,"posy":5,"amount":500},{"posx":4,"posy":6,"amount":350},{"posx":11,"posy":7,"amount":200},{"posx":4,"posy":8,"amount":200},{"posx":11,"posy":8,"amount":400},{"posx":12,"posy":8,"amount":100}],"changedObstacles":[]},{"players":[{"playerId":2344466,"score":900,"energy":1,"posx":10,"posy":0,"lastAction":5,"status":0},{"playerId":2450708,"score":950,"energy":25,"posx":10,"posy":1,"lastAction":1,"status":0},{"playerId":2619262,"score":1250,"energy":8,"posx":12,"posy":8,"lastAction":5,"status":0},{"playerId":2241039,"score":850,"energy":8,"posx":11,"posy":5,"lastAction":5,"status":0}],"golds":[{"posx":6,"posy":0,"amount":400},{"posx":10,"posy":0,"amount":600},{"posx":2,"posy":1,"amount":200},{"posx":4,"posy":1,"amount":300},{"posx":3,"posy":3,"amount":200},{"posx":7,"posy":3,"amount":300},{"posx":2,"posy":4,"amount":200},{"posx":11,"posy":5,"amount":450},{"posx":4,"posy":6,"amount":350},{"posx":11,"posy":7,"amount":200},{"posx":4,"posy":8,"amount":200},{"posx":11,"posy":8,"amount":400},{"posx":12,"posy":8,"amount":50}],"changedObstacles":[]},{"players":[{"playerId":2344466,"score":900,"energy":13,"posx":10,"posy":0,"lastAction":4,"status":0},{"playerId":2450708,"score":950,"energy":21,"posx":10,"posy":0,"lastAction":2,"status":0},{"playerId":2619262,"score":1300,"energy":3,"posx":12,"posy":8,"lastAction":5,"status":0},{"playerId":2241039,"score":900,"energy":3,"posx":11,"posy":5,"lastAction":5,"status":0}],"golds":[{"posx":6,"posy":0,"amount":400},{"posx":10,"posy":0,"amount":600},{"posx":2,"posy":1,"amount":200},{"posx":4,"posy":1,"amount":300},{"posx":3,"posy":3,"amount":200},{"posx":7,"posy":3,"amount":300},{"posx":2,"posy":4,"amount":200},{"posx":11,"posy":5,"amount":400},{"posx":4,"posy":6,"amount":350},{"posx":11,"posy":7,"amount":200},{"posx":4,"posy":8,"amount":200},{"posx":11,"posy":8,"amount":400}],"changedObstacles":[{"type":0,"posx":12,"posy":8,"value":-1}]},{"players":[{"playerId":2344466,"score":900,"energy":29,"posx":10,"posy":0,"lastAction":4,"status":0},{"playerId":2450708,"score":1000,"energy":16,"posx":10,"posy":0,"lastAction":5,"status":0},{"playerId":2619262,"score":1300,"energy":15,"posx":12,"posy":8,"lastAction":4,"status":0},{"playerId":2241039,"score":900,"energy":15,"posx":11,"posy":5,"lastAction":4,"status":0}],"golds":[{"posx":6,"posy":0,"amount":400},{"posx":10,"posy":0,"amount":550},{"posx":2,"posy":1,"amount":200},{"posx":4,"posy":1,"amount":300},{"posx":3,"posy":3,"amount":200},{"posx":7,"posy":3,"amount":300},{"posx":2,"posy":4,"amount":200},{"posx":11,"posy":5,"amount":400},{"posx":4,"posy":6,"amount":350},{"posx":11,"posy":7,"amount":200},{"posx":4,"posy":8,"amount":200},{"posx":11,"posy":8,"amount":400}],"changedObstacles":[]},{"players":[{"playerId":2344466,"score":900,"energy":50,"posx":10,"posy":0,"lastAction":4,"status":0},{"playerId":2450708,"score":1050,"energy":11,"posx":10,"posy":0,"lastAction":5,"status":0},{"playerId":2619262,"score":1300,"energy":11,"posx":11,"posy":8,"lastAction":0,"status":0},{"playerId":2241039,"score":950,"energy":10,"posx":11,"posy":5,"lastAction":5,"status":0}],"golds":[{"posx":6,"posy":0,"amount":400},{"posx":10,"posy":0,"amount":500},{"posx":2,"posy":1,"amount":200},{"posx":4,"posy":1,"amount":300},{"posx":3,"posy":3,"amount":200},{"posx":7,"posy":3,"amount":300},{"posx":2,"posy":4,"amount":200},{"posx":11,"posy":5,"amount":350},{"posx":4,"posy":6,"amount":350},{"posx":11,"posy":7,"amount":200},{"posx":4,"posy":8,"amount":200},{"posx":11,"posy":8,"amount":400}],"changedObstacles":[]},{"players":[{"playerId":2344466,"score":950,"energy":45,"posx":10,"posy":0,"lastAction":5,"status":0},{"playerId":2450708,"score":1100,"energy":6,"posx":10,"posy":0,"lastAction":5,"status":0},{"playerId":2619262,"score":1350,"energy":6,"posx":11,"posy":8,"lastAction":5,"status":0},{"playerId":2241039,"score":1000,"energy":5,"posx":11,"posy":5,"lastAction":5,"status":0}],"golds":[{"posx":6,"posy":0,"amount":400},{"posx":10,"posy":0,"amount":400},{"posx":2,"posy":1,"amount":200},{"posx":4,"posy":1,"amount":300},{"posx":3,"posy":3,"amount":200},{"posx":7,"posy":3,"amount":300},{"posx":2,"posy":4,"amount":200},{"posx":11,"posy":5,"amount":300},{"posx":4,"posy":6,"amount":350},{"posx":11,"posy":7,"amount":200},{"posx":4,"posy":8,"amount":200},{"posx":11,"posy":8,"amount":350}],"changedObstacles":[]},{"players":[{"playerId":2344466,"score":1000,"energy":40,"posx":10,"posy":0,"lastAction":5,"status":0},{"playerId":2450708,"score":1150,"energy":1,"posx":10,"posy":0,"lastAction":5,"status":0},{"playerId":2619262,"score":1400,"energy":1,"posx":11,"posy":8,"lastAction":5,"status":0},{"playerId":2241039,"score":1000,"energy":17,"posx":11,"posy":5,"lastAction":4,"status":0}],"golds":[{"posx":6,"posy":0,"amount":400},{"posx":10,"posy":0,"amount":300},{"posx":2,"posy":1,"amount":200},{"posx":4,"posy":1,"amount":300},{"posx":3,"posy":3,"amount":200},{"posx":7,"posy":3,"amount":300},{"posx":2,"posy":4,"amount":200},{"posx":11,"posy":5,"amount":300},{"posx":4,"posy":6,"amount":350},{"posx":11,"posy":7,"amount":200},{"posx":4,"posy":8,"amount":200},{"posx":11,"posy":8,"amount":300}],"changedObstacles":[]},{"players":[{"playerId":2344466,"score":1050,"energy":35,"posx":10,"posy":0,"lastAction":5,"status":0},{"playerId":2450708,"score":1150,"energy":13,"posx":10,"posy":0,"lastAction":4,"status":0},{"playerId":2619262,"score":1400,"energy":13,"posx":11,"posy":8,"lastAction":4,"status":0},{"playerId":2241039,"score":1050,"energy":12,"posx":11,"posy":5,"lastAction":5,"status":0}],"golds":[{"posx":6,"posy":0,"amount":400},{"posx":10,"posy":0,"amount":250},{"posx":2,"posy":1,"amount":200},{"posx":4,"posy":1,"amount":300},{"posx":3,"posy":3,"amount":200},{"posx":7,"posy":3,"amount":300},{"posx":2,"posy":4,"amount":200},{"posx":11,"posy":5,"amount":250},{"posx":4,"posy":6,"amount":350},{"posx":11,"posy":7,"amount":200},{"posx":4,"posy":8,"amount":200},{"posx":11,"posy":8,"amount":300}],"changedObstacles":[]},{"players":[{"playerId":2344466,"score":1100,"energy":30,"posx":10,"posy":0,"lastAction":5,"status":0},{"playerId":2450708,"score":1150,"energy":29,"posx":10,"posy":0,"lastAction":4,"status":0},{"playerId":2619262,"score":1450,"energy":8,"posx":11,"posy":8,"lastAction":5,"status":0},{"playerId":2241039,"score":1100,"energy":7,"posx":11,"posy":5,"lastAction":5,"status":0}],"golds":[{"posx":6,"posy":0,"amount":400},{"posx":10,"posy":0,"amount":200},{"posx":2,"posy":1,"amount":200},{"posx":4,"posy":1,"amount":300},{"posx":3,"posy":3,"amount":200},{"posx":7,"posy":3,"amount":300},{"posx":2,"posy":4,"amount":200},{"posx":11,"posy":5,"amount":200},{"posx":4,"posy":6,"amount":350},{"posx":11,"posy":7,"amount":200},{"posx":4,"posy":8,"amount":200},{"posx":11,"posy":8,"amount":250}],"changedObstacles":[]},{"players":[{"playerId":2344466,"score":1150,"energy":25,"posx":10,"posy":0,"lastAction":5,"status":0},{"playerId":2450708,"score":1150,"energy":50,"posx":10,"posy":0,"lastAction":4,"status":0},{"playerId":2619262,"score":1500,"energy":3,"posx":11,"posy":8,"lastAction":5,"status":0},{"playerId":2241039,"score":1150,"energy":2,"posx":11,"posy":5,"lastAction":5,"status":0}],"golds":[{"posx":6,"posy":0,"amount":400},{"posx":10,"posy":0,"amount":150},{"posx":2,"posy":1,"amount":200},{"posx":4,"posy":1,"amount":300},{"posx":3,"posy":3,"amount":200},{"posx":7,"posy":3,"amount":300},{"posx":2,"posy":4,"amount":200},{"posx":11,"posy":5,"amount":150},{"posx":4,"posy":6,"amount":350},{"posx":11,"posy":7,"amount":200},{"posx":4,"posy":8,"amount":200},{"posx":11,"posy":8,"amount":200}],"changedObstacles":[]},{"players":[{"playerId":2344466,"score":1200,"energy":20,"posx":10,"posy":0,"lastAction":5,"status":0},{"playerId":2450708,"score":1200,"energy":45,"posx":10,"posy":0,"lastAction":5,"status":0},{"playerId":2619262,"score":1500,"energy":15,"posx":11,"posy":8,"lastAction":4,"status":0},{"playerId":2241039,"score":1150,"energy":14,"posx":11,"posy":5,"lastAction":4,"status":0}],"golds":[{"posx":6,"posy":0,"amount":400},{"posx":10,"posy":0,"amount":50},{"posx":2,"posy":1,"amount":200},{"posx":4,"posy":1,"amount":300},{"posx":3,"posy":3,"amount":200},{"posx":7,"posy":3,"amount":300},{"posx":2,"posy":4,"amount":200},{"posx":11,"posy":5,"amount":150},{"posx":4,"posy":6,"amount":350},{"posx":11,"posy":7,"amount":200},{"posx":4,"posy":8,"amount":200},{"posx":11,"posy":8,"amount":200}],"changedObstacles":[]},{"players":[{"playerId":2344466,"score":1200,"energy":32,"posx":10,"posy":0,"lastAction":4,"status":0},{"playerId":2450708,"score":1250,"energy":40,"posx":10,"posy":0,"lastAction":5,"status":0},{"playerId":2619262,"score":1550,"energy":10,"posx":11,"posy":8,"lastAction":5,"status":0},{"playerId":2241039,"score":1200,"energy":9,"posx":11,"posy":5,"lastAction":5,"status":0}],"golds":[{"posx":6,"posy":0,"amount":400},{"posx":2,"posy":1,"amount":200},{"posx":4,"posy":1,"amount":300},{"posx":3,"posy":3,"amount":200},{"posx":7,"posy":3,"amount":300},{"posx":2,"posy":4,"amount":200},{"posx":11,"posy":5,"amount":100},{"posx":4,"posy":6,"amount":350},{"posx":11,"posy":7,"amount":200},{"posx":4,"posy":8,"amount":200},{"posx":11,"posy":8,"amount":150}],"changedObstacles":[{"type":0,"posx":10,"posy":0,"value":-1}]},{"players":[{"playerId":2344466,"score":1200,"energy":48,"posx":10,"posy":0,"lastAction":4,"status":0},{"playerId":2450708,"score":1250,"energy":20,"posx":9,"posy":0,"lastAction":0,"status":0},{"playerId":2619262,"score":1600,"energy":5,"posx":11,"posy":8,"lastAction":5,"status":0},{"playerId":2241039,"score":1250,"energy":4,"posx":11,"posy":5,"lastAction":5,"status":0}],"golds":[{"posx":6,"posy":0,"amount":400},{"posx":2,"posy":1,"amount":200},{"posx":4,"posy":1,"amount":300},{"posx":3,"posy":3,"amount":200},{"posx":7,"posy":3,"amount":300},{"posx":2,"posy":4,"amount":200},{"posx":11,"posy":5,"amount":50},{"posx":4,"posy":6,"amount":350},{"posx":11,"posy":7,"amount":200},{"posx":4,"posy":8,"amount":200},{"posx":11,"posy":8,"amount":100}],"changedObstacles":[{"type":3,"posx":9,"posy":0,"value":-40}]},{"players":[{"playerId":2344466,"score":1200,"energy":8,"posx":9,"posy":0,"lastAction":0,"status":0},{"playerId":2450708,"score":1250,"energy":10,"posx":8,"posy":0,"lastAction":0,"status":0},{"playerId":2619262,"score":1600,"energy":17,"posx":11,"posy":8,"lastAction":4,"status":0},{"playerId":2241039,"score":1250,"energy":16,"posx":11,"posy":5,"lastAction":4,"status":0}],"golds":[{"posx":6,"posy":0,"amount":400},{"posx":2,"posy":1,"amount":200},{"posx":4,"posy":1,"amount":300},{"posx":3,"posy":3,"amount":200},{"posx":7,"posy":3,"amount":300},{"posx":2,"posy":4,"amount":200},{"posx":11,"posy":5,"amount":50},{"posx":4,"posy":6,"amount":350},{"posx":11,"posy":7,"amount":200},{"posx":4,"posy":8,"amount":200},{"posx":11,"posy":8,"amount":100}],"changedObstacles":[{"type":3,"posx":9,"posy":0,"value":-100},{"type":0,"posx":8,"posy":0,"value":-1}]},{"players":[{"playerId":2344466,"score":1200,"energy":7,"posx":8,"posy":0,"lastAction":0,"status":0},{"playerId":2450708,"score":1250,"energy":5,"posx":7,"posy":0,"lastAction":0,"status":0},{"playerId":2619262,"score":1650,"energy":12,"posx":11,"posy":8,"lastAction":5,"status":0},{"playerId":2241039,"score":1300,"energy":11,"posx":11,"posy":5,"lastAction":5,"status":0}],"golds":[{"posx":6,"posy":0,"amount":400},{"posx":2,"posy":1,"amount":200},{"posx":4,"posy":1,"amount":300},{"posx":3,"posy":3,"amount":200},{"posx":7,"posy":3,"amount":300},{"posx":2,"posy":4,"amount":200},{"posx":4,"posy":6,"amount":350},{"posx":11,"posy":7,"amount":200},{"posx":4,"posy":8,"amount":200},{"posx":11,"posy":8,"amount":50}],"changedObstacles":[{"type":3,"posx":7,"posy":0,"value":-20},{"type":0,"posx":11,"posy":5,"value":-1}]},{"players":[{"playerId":2344466,"score":1200,"energy":19,"posx":8,"posy":0,"lastAction":4,"status":0},{"playerId":2450708,"score":1250,"energy":1,"posx":6,"posy":0,"lastAction":0,"status":0},{"playerId":2619262,"score":1700,"energy":7,"posx":11,"posy":8,"lastAction":5,"status":0},{"playerId":2241039,"score":1300,"energy":1,"posx":11,"posy":6,"lastAction":3,"status":0}],"golds":[{"posx":6,"posy":0,"amount":400},{"posx":2,"posy":1,"amount":200},{"posx":4,"posy":1,"amount":300},{"posx":3,"posy":3,"amount":200},{"posx":7,"posy":3,"amount":300},{"posx":2,"posy":4,"amount":200},{"posx":4,"posy":6,"amount":350},{"posx":11,"posy":7,"amount":200},{"posx":4,"posy":8,"amount":200}],"changedObstacles":[{"type":0,"posx":11,"posy":6,"value":-1},{"type":0,"posx":11,"posy":8,"value":-1}]},{"players":[{"playerId":2344466,"score":1200,"energy":35,"posx":8,"posy":0,"lastAction":4,"status":0},{"playerId":2450708,"score":1250,"energy":13,"posx":6,"posy":0,"lastAction":4,"status":0},{"playerId":2619262,"score":1700,"energy":3,"posx":11,"posy":7,"lastAction":2,"status":0},{"playerId":2241039,"score":1300,"energy":13,"posx":11,"posy":6,"lastAction":4,"status":0}],"golds":[{"posx":6,"posy":0,"amount":400},{"posx":2,"posy":1,"amount":200},{"posx":4,"posy":1,"amount":300},{"posx":3,"posy":3,"amount":200},{"posx":7,"posy":3,"amount":300},{"posx":2,"posy":4,"amount":200},{"posx":4,"posy":6,"amount":350},{"posx":11,"posy":7,"amount":200},{"posx":4,"posy":8,"amount":200}],"changedObstacles":[]},{"players":[{"playerId":2344466,"score":1200,"energy":50,"posx":8,"posy":0,"lastAction":4,"status":0},{"playerId":2450708,"score":1250,"energy":29,"posx":6,"posy":0,"lastAction":4,"status":0},{"playerId":2619262,"score":1700,"energy":15,"posx":11,"posy":7,"lastAction":4,"status":0},{"playerId":2241039,"score":1300,"energy":9,"posx":11,"posy":7,"lastAction":3,"status":0}],"golds":[{"posx":6,"posy":0,"amount":400},{"posx":2,"posy":1,"amount":200},{"posx":4,"posy":1,"amount":300},{"posx":3,"posy":3,"amount":200},{"posx":7,"posy":3,"amount":300},{"posx":2,"posy":4,"amount":200},{"posx":4,"posy":6,"amount":350},{"posx":11,"posy":7,"amount":200},{"posx":4,"posy":8,"amount":200}],"changedObstacles":[]},{"players":[{"playerId":2344466,"score":1200,"energy":30,"posx":7,"posy":0,"lastAction":0,"status":0},{"playerId":2450708,"score":1250,"energy":50,"posx":6,"posy":0,"lastAction":4,"status":0},{"playerId":2619262,"score":1750,"energy":10,"posx":11,"posy":7,"lastAction":5,"status":0},{"playerId":2241039,"score":1350,"energy":4,"posx":11,"posy":7,"lastAction":5,"status":0}],"golds":[{"posx":6,"posy":0,"amount":400},{"posx":2,"posy":1,"amount":200},{"posx":4,"posy":1,"amount":300},{"posx":3,"posy":3,"amount":200},{"posx":7,"posy":3,"amount":300},{"posx":2,"posy":4,"amount":200},{"posx":4,"posy":6,"amount":350},{"posx":11,"posy":7,"amount":100},{"posx":4,"posy":8,"amount":200}],"changedObstacles":[{"type":3,"posx":7,"posy":0,"value":-40}]},{"players":[{"playerId":2344466,"score":1200,"energy":26,"posx":6,"posy":0,"lastAction":0,"status":0},{"playerId":2450708,"score":1300,"energy":45,"posx":6,"posy":0,"lastAction":5,"status":0},{"playerId":2619262,"score":1800,"energy":5,"posx":11,"posy":7,"lastAction":5,"status":0},{"playerId":2241039,"score":1350,"energy":16,"posx":11,"posy":7,"lastAction":4,"status":0}],"golds":[{"posx":6,"posy":0,"amount":350},{"posx":2,"posy":1,"amount":200},{"posx":4,"posy":1,"amount":300},{"posx":3,"posy":3,"amount":200},{"posx":7,"posy":3,"amount":300},{"posx":2,"posy":4,"amount":200},{"posx":4,"posy":6,"amount":350},{"posx":11,"posy":7,"amount":50},{"posx":4,"posy":8,"amount":200}],"changedObstacles":[]},{"players":[{"playerId":2344466,"score":1250,"energy":21,"posx":6,"posy":0,"lastAction":5,"status":0},{"playerId":2450708,"score":1350,"energy":40,"posx":6,"posy":0,"lastAction":5,"status":0},{"playerId":2619262,"score":1800,"energy":17,"posx":11,"posy":7,"lastAction":4,"status":0},{"playerId":2241039,"score":1400,"energy":11,"posx":11,"posy":7,"lastAction":5,"status":0}],"golds":[{"posx":6,"posy":0,"amount":250},{"posx":2,"posy":1,"amount":200},{"posx":4,"posy":1,"amount":300},{"posx":3,"posy":3,"amount":200},{"posx":7,"posy":3,"amount":300},{"posx":2,"posy":4,"amount":200},{"posx":4,"posy":6,"amount":350},{"posx":4,"posy":8,"amount":200}],"changedObstacles":[{"type":0,"posx":11,"posy":7,"value":-1}]},{"players":[{"playerId":2344466,"score":1300,"energy":16,"posx":6,"posy":0,"lastAction":5,"status":0},{"playerId":2450708,"score":1400,"energy":35,"posx":6,"posy":0,"lastAction":5,"status":0},{"playerId":2619262,"score":1800,"energy":16,"posx":11,"posy":6,"lastAction":2,"status":0},{"playerId":2241039,"score":1400,"energy":10,"posx":11,"posy":8,"lastAction":3,"status":0}],"golds":[{"posx":6,"posy":0,"amount":150},{"posx":2,"posy":1,"amount":200},{"posx":4,"posy":1,"amount":300},{"posx":3,"posy":3,"amount":200},{"posx":7,"posy":3,"amount":300},{"posx":2,"posy":4,"amount":200},{"posx":4,"posy":6,"amount":350},{"posx":4,"posy":8,"amount":200}],"changedObstacles":[]},{"players":[{"playerId":2344466,"score":1350,"energy":11,"posx":6,"posy":0,"lastAction":5,"status":0},{"playerId":2450708,"score":1450,"energy":30,"posx":6,"posy":0,"lastAction":5,"status":0},{"playerId":2619262,"score":1800,"energy":6,"posx":10,"posy":6,"lastAction":0,"status":0},{"playerId":2241039,"score":1400,"energy":22,"posx":11,"posy":8,"lastAction":4,"status":0}],"golds":[{"posx":6,"posy":0,"amount":50},{"posx":2,"posy":1,"amount":200},{"posx":4,"posy":1,"amount":300},{"posx":3,"posy":3,"amount":200},{"posx":7,"posy":3,"amount":300},{"posx":2,"posy":4,"amount":200},{"posx":4,"posy":6,"amount":350},{"posx":4,"posy":8,"amount":200}],"changedObstacles":[{"type":0,"posx":10,"posy":6,"value":-1}]},{"players":[{"playerId":2344466,"score":1375,"energy":6,"posx":6,"posy":0,"lastAction":5,"status":0},{"playerId":2450708,"score":1475,"energy":25,"posx":6,"posy":0,"lastAction":5,"status":0},{"playerId":2619262,"score":1800,"energy":5,"posx":10,"posy":5,"lastAction":2,"status":0},{"playerId":2241039,"score":1400,"energy":12,"posx":10,"posy":8,"lastAction":0,"status":0}],"golds":[{"posx":2,"posy":1,"amount":200},{"posx":4,"posy":1,"amount":300},{"posx":3,"posy":3,"amount":200},{"posx":7,"posy":3,"amount":300},{"posx":2,"posy":4,"amount":200},{"posx":4,"posy":6,"amount":350},{"posx":4,"posy":8,"amount":200}],"changedObstacles":[{"type":0,"posx":10,"posy":8,"value":-1},{"type":0,"posx":6,"posy":0,"value":-1}]},{"players":[{"playerId":2344466,"score":1375,"energy":18,"posx":6,"posy":0,"lastAction":4,"status":0},{"playerId":2450708,"score":1475,"energy":16,"posx":5,"posy":0,"lastAction":0,"status":0},{"playerId":2619262,"score":1800,"energy":4,"posx":9,"posy":5,"lastAction":0,"status":0},{"playerId":2241039,"score":1400,"energy":2,"posx":9,"posy":8,"lastAction":0,"status":0}],"golds":[{"posx":2,"posy":1,"amount":200},{"posx":4,"posy":1,"amount":300},{"posx":3,"posy":3,"amount":200},{"posx":7,"posy":3,"amount":300},{"posx":2,"posy":4,"amount":200},{"posx":4,"posy":6,"amount":350},{"posx":4,"posy":8,"amount":200}],"changedObstacles":[{"type":0,"posx":9,"posy":8,"value":-1}]},{"players":[{"playerId":2344466,"score":1375,"energy":34,"posx":6,"posy":0,"lastAction":4,"status":0},{"playerId":2450708,"score":1475,"energy":15,"posx":4,"posy":0,"lastAction":0,"status":0},{"playerId":2619262,"score":1800,"energy":16,"posx":9,"posy":5,"lastAction":4,"status":0},{"playerId":2241039,"score":1400,"energy":14,"posx":9,"posy":8,"lastAction":4,"status":0}],"golds":[{"posx":2,"posy":1,"amount":200},{"posx":4,"posy":1,"amount":300},{"posx":3,"posy":3,"amount":200},{"posx":7,"posy":3,"amount":300},{"posx":2,"posy":4,"amount":200},{"posx":4,"posy":6,"amount":350},{"posx":4,"posy":8,"amount":200}],"changedObstacles":[]},{"players":[{"playerId":2344466,"score":1375,"energy":50,"posx":6,"posy":0,"lastAction":4,"status":0},{"playerId":2450708,"score":1475,"energy":11,"posx":4,"posy":1,"lastAction":3,"status":0},{"playerId":2619262,"score":1800,"energy":32,"posx":9,"posy":5,"lastAction":4,"status":0},{"playerId":2241039,"score":1400,"energy":13,"posx":8,"posy":8,"lastAction":0,"status":0}],"golds":[{"posx":2,"posy":1,"amount":200},{"posx":4,"posy":1,"amount":300},{"posx":3,"posy":3,"amount":200},{"posx":7,"posy":3,"amount":300},{"posx":2,"posy":4,"amount":200},{"posx":4,"posy":6,"amount":350},{"posx":4,"posy":8,"amount":200}],"changedObstacles":[]},{"players":[{"playerId":2344466,"score":1375,"energy":40,"posx":5,"posy":0,"lastAction":0,"status":0},{"playerId":2450708,"score":1525,"energy":6,"posx":4,"posy":1,"lastAction":5,"status":0},{"playerId":2619262,"score":1800,"energy":19,"posx":8,"posy":5,"lastAction":0,"status":0},{"playerId":2241039,"score":1400,"energy":12,"posx":7,"posy":8,"lastAction":0,"status":0}],"golds":[{"posx":2,"posy":1,"amount":200},{"posx":4,"posy":1,"amount":250},{"posx":3,"posy":3,"amount":200},{"posx":7,"posy":3,"amount":300},{"posx":2,"posy":4,"amount":200},{"posx":4,"posy":6,"amount":350},{"posx":4,"posy":8,"amount":200}],"changedObstacles":[]},{"players":[{"playerId":2344466,"score":1375,"energy":39,"posx":4,"posy":0,"lastAction":0,"status":0},{"playerId":2450708,"score":1575,"energy":1,"posx":4,"posy":1,"lastAction":5,"status":0},{"playerId":2619262,"score":1800,"energy":14,"posx":7,"posy":5,"lastAction":0,"status":0},{"playerId":2241039,"score":1400,"energy":7,"posx":6,"posy":8,"lastAction":0,"status":0}],"golds":[{"posx":2,"posy":1,"amount":200},{"posx":4,"posy":1,"amount":200},{"posx":3,"posy":3,"amount":200},{"posx":7,"posy":3,"amount":300},{"posx":2,"posy":4,"amount":200},{"posx":4,"posy":6,"amount":350},{"posx":4,"posy":8,"amount":200}],"changedObstacles":[{"type":3,"posx":6,"posy":8,"value":-20},{"type":3,"posx":7,"posy":5,"value":-20}]},{"players":[{"playerId":2344466,"score":1375,"energy":35,"posx":4,"posy":1,"lastAction":3,"status":0},{"playerId":2450708,"score":1575,"energy":13,"posx":4,"posy":1,"lastAction":4,"status":0},{"playerId":2619262,"score":1800,"energy":9,"posx":7,"posy":4,"lastAction":2,"status":0},{"playerId":2241039,"score":1400,"energy":19,"posx":6,"posy":8,"lastAction":4,"status":0}],"golds":[{"posx":2,"posy":1,"amount":200},{"posx":4,"posy":1,"amount":200},{"posx":3,"posy":3,"amount":200},{"posx":7,"posy":3,"amount":300},{"posx":2,"posy":4,"amount":200},{"posx":4,"posy":6,"amount":350},{"posx":4,"posy":8,"amount":200}],"changedObstacles":[{"type":3,"posx":7,"posy":4,"value":-20}]},{"players":[{"playerId":2344466,"score":1425,"energy":30,"posx":4,"posy":1,"lastAction":5,"status":0},{"playerId":2450708,"score":1625,"energy":8,"posx":4,"posy":1,"lastAction":5,"status":0},{"playerId":2619262,"score":1800,"energy":5,"posx":7,"posy":3,"lastAction":2,"status":0},{"playerId":2241039,"score":1400,"energy":18,"posx":5,"posy":8,"lastAction":0,"status":0}],"golds":[{"posx":2,"posy":1,"amount":200},{"posx":4,"posy":1,"amount":100},{"posx":3,"posy":3,"amount":200},{"posx":7,"posy":3,"amount":300},{"posx":2,"posy":4,"amount":200},{"posx":4,"posy":6,"amount":350},{"posx":4,"posy":8,"amount":200}],"changedObstacles":[]},{"players":[{"playerId":2344466,"score":1475,"energy":25,"posx":4,"posy":1,"lastAction":5,"status":0},{"playerId":2450708,"score":1675,"energy":3,"posx":4,"posy":1,"lastAction":5,"status":0},{"playerId":2619262,"score":1800,"energy":17,"posx":7,"posy":3,"lastAction":4,"status":0},{"playerId":2241039,"score":1400,"energy":14,"posx":4,"posy":8,"lastAction":0,"status":0}],"golds":[{"posx":2,"posy":1,"amount":200},{"posx":3,"posy":3,"amount":200},{"posx":7,"posy":3,"amount":300},{"posx":2,"posy":4,"amount":200},{"posx":4,"posy":6,"amount":350},{"posx":4,"posy":8,"amount":200}],"changedObstacles":[{"type":0,"posx":4,"posy":1,"value":-1}]},{"players":[{"playerId":2344466,"score":1475,"energy":20,"posx":3,"posy":1,"lastAction":0,"status":0},{"playerId":2450708,"score":1675,"energy":15,"posx":4,"posy":1,"lastAction":4,"status":0},{"playerId":2619262,"score":1850,"energy":12,"posx":7,"posy":3,"lastAction":5,"status":0},{"playerId":2241039,"score":1450,"energy":9,"posx":4,"posy":8,"lastAction":5,"status":0}],"golds":[{"posx":2,"posy":1,"amount":200},{"posx":3,"posy":3,"amount":200},{"posx":7,"posy":3,"amount":250},{"posx":2,"posy":4,"amount":200},{"posx":4,"posy":6,"amount":350},{"posx":4,"posy":8,"amount":150}],"changedObstacles":[{"type":3,"posx":3,"posy":1,"value":-20}]},{"players":[{"playerId":2344466,"score":1475,"energy":16,"posx":2,"posy":1,"lastAction":0,"status":0},{"playerId":2450708,"score":1675,"energy":31,"posx":4,"posy":1,"lastAction":4,"status":0},{"playerId":2619262,"score":1900,"energy":7,"posx":7,"posy":3,"lastAction":5,"status":0},{"playerId":2241039,"score":1500,"energy":4,"posx":4,"posy":8,"lastAction":5,"status":0}],"golds":[{"posx":2,"posy":1,"amount":200},{"posx":3,"posy":3,"amount":200},{"posx":7,"posy":3,"amount":200},{"posx":2,"posy":4,"amount":200},{"posx":4,"posy":6,"amount":350},{"posx":4,"posy":8,"amount":100}],"changedObstacles":[]},{"players":[{"playerId":2344466,"score":1525,"energy":11,"posx":2,"posy":1,"lastAction":5,"status":0},{"playerId":2450708,"score":1675,"energy":50,"posx":4,"posy":1,"lastAction":4,"status":0},{"playerId":2619262,"score":1950,"energy":2,"posx":7,"posy":3,"lastAction":5,"status":0},{"playerId":2241039,"score":1500,"energy":16,"posx":4,"posy":8,"lastAction":4,"status":0}],"golds":[{"posx":2,"posy":1,"amount":150},{"posx":3,"posy":3,"amount":200},{"posx":7,"posy":3,"amount":150},{"posx":2,"posy":4,"amount":200},{"posx":4,"posy":6,"amount":350},{"posx":4,"posy":8,"amount":100}],"changedObstacles":[]},{"players":[{"playerId":2344466,"score":1575,"energy":6,"posx":2,"posy":1,"lastAction":5,"status":0},{"playerId":2450708,"score":1675,"energy":49,"posx":4,"posy":2,"lastAction":3,"status":0},{"playerId":2619262,"score":1950,"energy":14,"posx":7,"posy":3,"lastAction":4,"status":0},{"playerId":2241039,"score":1550,"energy":11,"posx":4,"posy":8,"lastAction":5,"status":0}],"golds":[{"posx":2,"posy":1,"amount":100},{"posx":3,"posy":3,"amount":200},{"posx":7,"posy":3,"amount":150},{"posx":2,"posy":4,"amount":200},{"posx":4,"posy":6,"amount":350},{"posx":4,"posy":8,"amount":50}],"changedObstacles":[]},{"players":[{"playerId":2344466,"score":1625,"energy":1,"posx":2,"posy":1,"lastAction":5,"status":0},{"playerId":2450708,"score":1675,"energy":34,"posx":4,"posy":3,"lastAction":3,"status":0},{"playerId":2619262,"score":2000,"energy":9,"posx":7,"posy":3,"lastAction":5,"status":0},{"playerId":2241039,"score":1600,"energy":6,"posx":4,"posy":8,"lastAction":5,"status":0}],"golds":[{"posx":2,"posy":1,"amount":50},{"posx":3,"posy":3,"amount":200},{"posx":7,"posy":3,"amount":100},{"posx":2,"posy":4,"amount":200},{"posx":4,"posy":6,"amount":350}],"changedObstacles":[{"type":0,"posx":4,"posy":8,"value":-1}]},{"players":[{"playerId":2344466,"score":1625,"energy":13,"posx":2,"posy":1,"lastAction":4,"status":0},{"playerId":2450708,"score":1675,"energy":24,"posx":4,"posy":4,"lastAction":3,"status":0},{"playerId":2619262,"score":2050,"energy":4,"posx":7,"posy":3,"lastAction":5,"status":0},{"playerId":2241039,"score":1600,"energy":18,"posx":4,"posy":8,"lastAction":4,"status":0}],"golds":[{"posx":2,"posy":1,"amount":50},{"posx":3,"posy":3,"amount":200},{"posx":7,"posy":3,"amount":50},{"posx":2,"posy":4,"amount":200},{"posx":4,"posy":6,"amount":350}],"changedObstacles":[{"type":0,"posx":4,"posy":4,"value":-1}]},{"players":[{"playerId":2344466,"score":1625,"energy":29,"posx":2,"posy":1,"lastAction":4,"status":0},{"playerId":2450708,"score":1675,"energy":11,"posx":4,"posy":5,"lastAction":3,"status":0},{"playerId":2619262,"score":2050,"energy":16,"posx":7,"posy":3,"lastAction":4,"status":0},{"playerId":2241039,"score":1600,"energy":8,"posx":4,"posy":7,"lastAction":2,"status":0}],"golds":[{"posx":2,"posy":1,"amount":50},{"posx":3,"posy":3,"amount":200},{"posx":7,"posy":3,"amount":50},{"posx":2,"posy":4,"amount":200},{"posx":4,"posy":6,"amount":350}],"changedObstacles":[{"type":0,"posx":4,"posy":7,"value":-1}]},{"players":[{"playerId":2344466,"score":1625,"energy":50,"posx":2,"posy":1,"lastAction":4,"status":0},{"playerId":2450708,"score":1675,"energy":7,"posx":4,"posy":6,"lastAction":3,"status":0},{"playerId":2619262,"score":2100,"energy":11,"posx":7,"posy":3,"lastAction":5,"status":0},{"playerId":2241039,"score":1600,"energy":4,"posx":4,"posy":6,"lastAction":2,"status":0}],"golds":[{"posx":2,"posy":1,"amount":50},{"posx":3,"posy":3,"amount":200},{"posx":2,"posy":4,"amount":200},{"posx":4,"posy":6,"amount":350}],"changedObstacles":[{"type":0,"posx":7,"posy":3,"value":-1}]},{"players":[{"playerId":2344466,"score":1675,"energy":45,"posx":2,"posy":1,"lastAction":5,"status":0},{"playerId":2450708,"score":1725,"energy":2,"posx":4,"posy":6,"lastAction":5,"status":0},{"playerId":2619262,"score":2100,"energy":10,"posx":6,"posy":3,"lastAction":0,"status":0},{"playerId":2241039,"score":1600,"energy":16,"posx":4,"posy":6,"lastAction":4,"status":0}],"golds":[{"posx":3,"posy":3,"amount":200},{"posx":2,"posy":4,"amount":200},{"posx":4,"posy":6,"amount":300}],"changedObstacles":[{"type":0,"posx":2,"posy":1,"value":-1}]},{"players":[{"playerId":2344466,"score":1675,"energy":44,"posx":2,"posy":2,"lastAction":3,"status":0},{"playerId":2450708,"score":1725,"energy":14,"posx":4,"posy":6,"lastAction":4,"status":0},{"playerId":2619262,"score":2100,"energy":9,"posx":6,"posy":4,"lastAction":3,"status":0},{"playerId":2241039,"score":1650,"energy":11,"posx":4,"posy":6,"lastAction":5,"status":0}],"golds":[{"posx":3,"posy":3,"amount":200},{"posx":2,"posy":4,"amount":200},{"posx":4,"posy":6,"amount":250}],"changedObstacles":[]},{"players":[{"playerId":2344466,"score":1675,"energy":43,"posx":2,"posy":3,"lastAction":3,"status":0},{"playerId":2450708,"score":1725,"energy":30,"posx":4,"posy":6,"lastAction":4,"status":0},{"playerId":2619262,"score":2100,"energy":4,"posx":5,"posy":4,"lastAction":0,"status":0},{"playerId":2241039,"score":1700,"energy":6,"posx":4,"posy":6,"lastAction":5,"status":0}],"golds":[{"posx":3,"posy":3,"amount":200},{"posx":2,"posy":4,"amount":200},{"posx":4,"posy":6,"amount":200}],"changedObstacles":[{"type":3,"posx":5,"posy":4,"value":-20}]},{"players":[{"playerId":2344466,"score":1675,"energy":39,"posx":3,"posy":3,"lastAction":1,"status":0},{"playerId":2450708,"score":1775,"energy":25,"posx":4,"posy":6,"lastAction":5,"status":0},{"playerId":2619262,"score":2100,"energy":3,"posx":4,"posy":4,"lastAction":0,"status":0},{"playerId":2241039,"score":1750,"energy":1,"posx":4,"posy":6,"lastAction":5,"status":0}],"golds":[{"posx":3,"posy":3,"amount":200},{"posx":2,"posy":4,"amount":200},{"posx":4,"posy":6,"amount":100}],"changedObstacles":[]},{"players":[{"playerId":2344466,"score":1725,"energy":34,"posx":3,"posy":3,"lastAction":5,"status":0},{"playerId":2450708,"score":1825,"energy":20,"posx":4,"posy":6,"lastAction":5,"status":0},{"playerId":2619262,"score":2100,"energy":2,"posx":3,"posy":4,"lastAction":0,"status":0},{"playerId":2241039,"score":1750,"energy":13,"posx":4,"posy":6,"lastAction":4,"status":0}],"golds":[{"posx":3,"posy":3,"amount":150},{"posx":2,"posy":4,"amount":200},{"posx":4,"posy":6,"amount":50}],"changedObstacles":[]},{"players":[{"playerId":2344466,"score":1775,"energy":29,"posx":3,"posy":3,"lastAction":5,"status":0},{"playerId":2450708,"score":1850,"energy":15,"posx":4,"posy":6,"lastAction":5,"status":0},{"playerId":2619262,"score":2100,"energy":14,"posx":3,"posy":4,"lastAction":4,"status":0},{"playerId":2241039,"score":1775,"energy":8,"posx":4,"posy":6,"lastAction":5,"status":0}],"golds":[{"posx":3,"posy":3,"amount":100},{"posx":2,"posy":4,"amount":200}],"changedObstacles":[{"type":0,"posx":4,"posy":6,"value":-1}]},{"players":[{"playerId":2344466,"score":1825,"energy":24,"posx":3,"posy":3,"lastAction":5,"status":0},{"playerId":2450708,"score":1850,"energy":14,"posx":3,"posy":6,"lastAction":0,"status":0},{"playerId":2619262,"score":2100,"energy":10,"posx":3,"posy":3,"lastAction":2,"status":0},{"playerId":2241039,"score":1775,"energy":7,"posx":3,"posy":6,"lastAction":0,"status":0}],"golds":[{"posx":3,"posy":3,"amount":50},{"posx":2,"posy":4,"amount":200}],"changedObstacles":[]},{"players":[{"playerId":2344466,"score":1825,"energy":23,"posx":2,"posy":3,"lastAction":0,"status":0},{"playerId":2450708,"score":1850,"energy":9,"posx":3,"posy":5,"lastAction":2,"status":0},{"playerId":2619262,"score":2150,"energy":5,"posx":3,"posy":3,"lastAction":5,"status":0},{"playerId":2241039,"score":1775,"energy":2,"posx":2,"posy":6,"lastAction":0,"status":0}],"golds":[{"posx":2,"posy":4,"amount":200}],"changedObstacles":[{"type":3,"posx":2,"posy":6,"value":-20},{"type":3,"posx":3,"posy":5,"value":-20},{"type":0,"posx":3,"posy":3,"value":-1}]},{"players":[{"playerId":2344466,"score":1825,"energy":19,"posx":2,"posy":4,"lastAction":3,"status":0},{"playerId":2450708,"score":1850,"energy":8,"posx":3,"posy":4,"lastAction":2,"status":0},{"playerId":2619262,"score":2150,"energy":4,"posx":3,"posy":4,"lastAction":3,"status":0},{"playerId":2241039,"score":1775,"energy":14,"posx":2,"posy":6,"lastAction":4,"status":0}],"golds":[{"posx":2,"posy":4,"amount":200}],"changedObstacles":[]},{"players":[{"playerId":2344466,"score":1875,"energy":14,"posx":2,"posy":4,"lastAction":5,"status":0},{"playerId":2450708,"score":1850,"energy":4,"posx":2,"posy":4,"lastAction":0,"status":0},{"playerId":2619262,"score":2150,"energy":16,"posx":3,"posy":4,"lastAction":4,"status":0},{"playerId":2241039,"score":1775,"energy":13,"posx":2,"posy":5,"lastAction":2,"status":0}],"golds":[{"posx":2,"posy":4,"amount":150}],"changedObstacles":[]},{"players":[{"playerId":2344466,"score":1925,"energy":9,"posx":2,"posy":4,"lastAction":5,"status":0},{"playerId":2450708,"score":1850,"energy":16,"posx":2,"posy":4,"lastAction":4,"status":0},{"playerId":2619262,"score":2150,"energy":12,"posx":2,"posy":4,"lastAction":0,"status":0},{"playerId":2241039,"score":1775,"energy":9,"posx":2,"posy":4,"lastAction":2,"status":0}],"golds":[{"posx":2,"posy":4,"amount":100}],"changedObstacles":[]},{"players":[{"playerId":2344466,"score":1950,"energy":4,"posx":2,"posy":4,"lastAction":5,"status":0},{"playerId":2450708,"score":1875,"energy":11,"posx":2,"posy":4,"lastAction":5,"status":0},{"playerId":2619262,"score":2175,"energy":7,"posx":2,"posy":4,"lastAction":5,"status":0},{"playerId":2241039,"score":1800,"energy":4,"posx":2,"posy":4,"lastAction":5,"status":0}],"golds":[],"changedObstacles":[{"type":0,"posx":2,"posy":4,"value":-1}]}]