[{"players":[{"playerId":675419,"score":0,"energy":44,"posx":18,"posy":6,"lastAction":0,"status":0},{"playerId":2256302,"score":0,"energy":34,"posx":18,"posy":6,"lastAction":0,"status":0},{"playerId":2238718,"score":0,"energy":44,"posx":18,"posy":6,"lastAction":0,"status":0},{"playerId":1168092,"score":0,"energy":40,"posx":19,"posy":5,"lastAction":2,"status":0}],"golds":[{"posx":16,"posy":8,"amount":550},{"posx":2,"posy":4,"amount":200},{"posx":11,"posy":3,"amount":700},{"posx":4,"posy":6,"amount":350},{"posx":11,"posy":5,"amount":550},{"posx":6,"posy":0,"amount":400},{"posx":11,"posy":7,"amount":200},{"posx":4,"posy":8,"amount":200},{"posx":19,"posy":2,"amount":700},{"posx":15,"posy":5,"amount":350},{"posx":10,"posy":0,"amount":700},{"posx":9,"posy":1,"amount":750},{"posx":17,"posy":7,"amount":100},{"posx":7,"posy":3,"amount":300},{"posx":2,"posy":1,"amount":200},{"posx":3,"posy":3,"amount":200},{"posx":12,"posy":8,"amount":300},{"posx":11,"posy":8,"amount":400},{"posx":4,"posy":1,"amount":300},{"posx":16,"posy":7,"amount":350}],"changedObstacles":[{"type":0,"posx":19,"posy":5,"value":-1}]},{"players":[{"playerId":675419,"score":0,"energy":43,"posx":17,"posy":6,"lastAction":0,"status":0},{"playerId":2256302,"score":0,"energy":33,"posx":17,"posy":6,"lastAction":0,"status":0},{"playerId":2238718,"score":0,"energy":43,"posx":18,"posy":5,"lastAction":2,"status":0},{"playerId":1168092,"score":0,"energy":39,"posx":19,"posy":4,"lastAction":2,"status":0}],"golds":[{"posx":16,"posy":8,"amount":550},{"posx":2,"posy":4,"amount":200},{"posx":11,"posy":3,"amount":700},{"posx":4,"posy":6,"amount":350},{"posx":11,"posy":5,"amount":550},{"posx":6,"posy":0,"amount":400},{"posx":11,"posy":7,"amount":200},{"posx":4,"posy":8,"amount":200},{"posx":19,"posy":2,"amount":700},{"posx":15,"posy":5,"amount":350},{"posx":10,"posy":0,"amount":700},{"posx":9,"posy":1,"amount":750},{"posx":17,"posy":7,"amount":100},{"posx":7,"posy":3,"amount":300},{"posx":2,"posy":1,"amount":200},{"posx":3,"posy":3,"amount":200},{"posx":12,"posy":8,"amount":300},{"posx":11,"posy":8,"amount":400},{"posx":4,"posy":1,"amount":300},{"posx":16,"posy":7,"amount":350}],"changedObstacles":[]},{"players":[{"playerId":675419,"score":0,"energy":39,"posx":17,"posy":7,"lastAction":3,"status":0},{"playerId":2256302,"score":0,"energy":29,"posx":17,"posy":7,"lastAction":3,"status":0},{"playerId":2238718,"score":0,"energy":42,"posx":18,"posy":4,"lastAction":2,"status":0},{"playerId":1168092,"score":0,"energy":38,"posx":19,"posy":3,"lastAction":2,"status":0}],"golds":[{"posx":16,"posy":8,"amount":550},{"posx":2,"posy":4,"amount":200},{"posx":11,"posy":3,"amount":700},{"posx":4,"posy":6,"amount":350},{"posx":11,"posy":5,"amount":550},{"posx":6,"posy":0,"amount":400},{"posx":11,"posy":7,"amount":200},{"posx":4,"posy":8,"amount":200},{"posx":19,"posy":2,"amount":700},{"posx":15,"posy":5,"amount":350},{"posx":10,"posy":0,"amount":700},{"posx":9,"posy":1,"amount":750},{"posx":17,"posy":7,"amount":100},{"posx":7,"posy":3,"amount":300},{"posx":2,"posy":1,"amount":200},{"posx":3,"posy":3,"amount":200},{"posx":12,"posy":8,"amount":300},{"posx":11,"posy":8,"amount":400},{"posx":4,"posy":1,"amount":300},{"posx":16,"posy":7,"amount":350}],"changedObstacles":[]},{"players":[{"playerId":675419,"score":0,"energy":35,"posx":16,"posy":7,"lastAction":0,"status":0},{"playerId":2256302,"score":50,"energy":24,"posx":17,"posy":7,"lastAction":5,"status":0},{"playerId":2238718,"score":0,"energy":41,"posx":17,"posy":4,"lastAction":0,"status":0},{"playerId":1168092,"score":0,"energy":34,"posx":19,"posy":2,"lastAction":2,"status":0}],"golds":[{"posx":6,"posy":0,"amount":400},{"posx":10,"posy":0,"amount":700},{"posx":2,"posy":1,"amount":200},{"posx":4,"posy":1,"amount":300},{"posx":9,"posy":1,"amount":750},{"posx":19,"posy":2,"amount":700},{"posx":3,"posy":3,"amount":200},{"posx":7,"posy":3,"amount":300},{"posx":11,"posy":3,"amount":700},{"posx":2,"posy":4,"amount":200},{"posx":11,"posy":5,"amount":550},{"posx":15,"posy":5,"amount":350},{"posx":4,"posy":6,"amount":350},{"posx":11,"posy":7,"amount":200},{"posx":16,"posy":7,"amount":350},{"posx":17,"posy":7,"amount":50},{"posx":4,"posy":8,"amount":200},{"posx":11,"posy":8,"amount":400},{"posx":12,"posy":8,"amount":300},{"posx":16,"posy":8,"amount":550}],"changedObstacles":[]},{"players":[{"playerId":675419,"score":50,"energy":30,"posx":16,"posy":7,"lastAction":5,"status":0},{"playerId":2256302,"score":100,"energy":19,"posx":17,"posy":7,"lastAction":5,"status":0},{"playerId":2238718,"score":0,"energy":40,"posx":16,"posy":4,"lastAction":0,"status":0},{"playerId":1168092,"score":50,"energy":29,"posx":19,"posy":2,"lastAction":5,"status":0}],"golds":[{"posx":6,"posy":0,"amount":400},{"posx":10,"posy":0,"amount":700},{"posx":2,"posy":1,"amount":200},{"posx":4,"posy":1,"amount":300},{"posx":9,"posy":1,"amount":750},{"posx":19,"posy":2,"amount":650},{"posx":3,"posy":3,"amount":200},{"posx":7,"posy":3,"amount":300},{"posx":11,"posy":3,"amount":700},{"posx":2,"posy":4,"amount":200},{"posx":11,"posy":5,"amount":550},{"posx":15,"posy":5,"amount":350},{"posx":4,"posy":6,"amount":350},{"posx":11,"posy":7,"amount":200},{"posx":16,"posy":7,"amount":300},{"posx":4,"posy":8,"amount":200},{"posx":11,"posy":8,"amount":400},{"posx":12,"posy":8,"amount":300},{"posx":16,"posy":8,"amount":550}],"changedObstacles":[{"type":0,"posx":17,"posy":7,"value":-1}]},{"players":[{"playerId":675419,"score":100,"energy":25,"posx":16,"posy":7,"lastAction":5,"status":0},{"playerId":2256302,"score":100,"energy":15,"posx":16,"posy":7,"lastAction":0,"status":0},{"playerId":2238718,"score":0,"energy":30,"posx":15,"posy":4,"lastAction":0,"status":0},{"playerId":1168092,"score":100,"energy":24,"posx":19,"posy":2,"lastAction":5,"status":0}],"golds":[{"posx":6,"posy":0,"amount":400},{"posx":10,"posy":0,"amount":700},{"posx":2,"posy":1,"amount":200},{"posx":4,"posy":1,"amount":300},{"posx":9,"posy":1,"amount":750},{"posx":19,"posy":2,"amount":600},{"posx":3,"posy":3,"amount":200},{"posx":7,"posy":3,"amount":300},{"posx":11,"posy":3,"amount":700},{"posx":2,"posy":4,"amount":200},{"posx":11,"posy":5,"amount":550},{"posx":15,"posy":5,"amount":350},{"posx":4,"posy":6,"amount":350},{"posx":11,"posy":7,"amount":200},{"posx":16,"posy":7,"amount":250},{"posx":4,"posy":8,"amount":200},{"posx":11,"posy":8,"amount":400},{"posx":12,"posy":8,"amount":300},{"posx":16,"posy":8,"amount":550}],"changedObstacles":[{"type":0,"posx":15,"posy":4,"value":-1}]},{"players":[{"playerId":675419,"score":150,"energy":20,"posx":16,"posy":7,"lastAction":5,"status":0},{"playerId":2256302,"score":150,"energy":10,"posx":16,"posy":7,"lastAction":5,"status":0},{"playerId":2238718,"score":0,"energy":26,"posx":15,"posy":5,"lastAction":3,"status":0},{"playerId":1168092,"score":150,"energy":19,"posx":19,"posy":2,"lastAction":5,"status":0}],"golds":[{"posx":6,"posy":0,"amount":400},{"posx":10,"posy":0,"amount":700},{"posx":2,"posy":1,"amount":200},{"posx":4,"posy":1,"amount":300},{"posx":9,"posy":1,"amount":750},{"posx":19,"posy":2,"amount":550},{"posx":3,"posy":3,"amount":200},{"posx":7,"posy":3,"amount":300},{"posx":11,"posy":3,"amount":700},{"posx":2,"posy":4,"amount":200},{"posx":11,"posy":5,"amount":550},{"posx":15,"posy":5,"amount":350},{"posx":4,"posy":6,"amount":350},{"posx":11,"posy":7,"amount":200},{"posx":16,"posy":7,"amount":150},{"posx":4,"posy":8,"amount":200},{"posx":11,"posy":8,"amount":400},{"posx":12,"posy":8,"amount":300},{"posx":16,"posy":8,"amount":550}],"changedObstacles":[]},{"players":[{"playerId":675419,"score":200,"energy":15,"posx":16,"posy":7,"lastAction":5,"status":0},{"playerId":2256302,"score":200,"energy":5,"posx":16,"posy":7,"lastAction":5,"status":0},{"playerId":2238718,"score":50,"energy":21,"posx":15,"posy":5,"lastAction":5,"status":0},{"playerId":1168092,"score":200,"energy":14,"posx":19,"posy":2,"lastAction":5,"status":0}],"golds":[{"posx":6,"posy":0,"amount":400},{"posx":10,"posy":0,"amount":700},{"posx":2,"posy":1,"amount":200},{"posx":4,"posy":1,"amount":300},{"posx":9,"posy":1,"amount":750},{"posx":19,"posy":2,"amount":500},{"posx":3,"posy":3,"amount":200},{"posx":7,"posy":3,"amount":300},{"posx":11,"posy":3,"amount":700},{"posx":2,"posy":4,"amount":200},{"posx":11,"posy":5,"amount":550},{"posx":15,"posy":5,"amount":300},{"posx":4,"posy":6,"amount":350},{"posx":11,"posy":7,"amount":200},{"posx":16,"posy":7,"amount":50},{"posx":4,"posy":8,"amount":200},{"posx":11,"posy":8,"amount":400},{"posx":12,"posy":8,"amount":300},{"posx":16,"posy":8,"amount":550}],"changedObstacles":[]},{"players":[{"playerId":675419,"score":250,"energy":10,"posx":16,"posy":7,"lastAction":5,"status":0},{"playerId":2256302,"score":200,"energy":17,"posx":16,"posy":7,"lastAction":4,"status":0},{"playerId":2238718,"score":100,"energy":16,"posx":15,"posy":5,"lastAction":5,"status":0},{"playerId":1168092,"score":250,"energy":9,"posx":19,"posy":2,"lastAction":5,"status":0}],"golds":[{"posx":6,"posy":0,"amount":400},{"posx":10,"posy":0,"amount":700},{"posx":2,"posy":1,"amount":200},{"posx":4,"posy":1,"amount":300},{"posx":9,"posy":1,"amount":750},{"posx":19,"posy":2,"amount":450},{"posx":3,"posy":3,"amount":200},{"posx":7,"posy":3,"amount":300},{"posx":11,"posy":3,"amount":700},{"posx":2,"posy":4,"amount":200},{"posx":11,"posy":5,"amount":550},{"posx":15,"posy":5,"amount":250},{"posx":4,"posy":6,"amount":350},{"posx":11,"posy":7,"amount":200},{"posx":4,"posy":8,"amount":200},{"posx":11,"posy":8,"amount":400},{"posx":12,"posy":8,"amount":300},{"posx":16,"posy":8,"amount":550}],"changedObstacles":[{"type":0,"posx":16,"posy":7,"value":-1}]},{"players":[{"playerId":675419,"score":250,"energy":6,"posx":16,"posy":8,"lastAction":3,"status":0},{"playerId":2256302,"score":200,"energy":33,"posx":16,"posy":7,"lastAction":4,"status":0},{"playerId":2238718,"score":150,"energy":11,"posx":15,"posy":5,"lastAction":5,"status":0},{"playerId":1168092,"score":300,"energy":4,"posx":19,"posy":2,"lastAction":5,"status":0}],"golds":[{"posx":6,"posy":0,"amount":400},{"posx":10,"posy":0,"amount":700},{"posx":2,"posy":1,"amount":200},{"posx":4,"posy":1,"amount":300},{"posx":9,"posy":1,"amount":750},{"posx":19,"posy":2,"amount":400},{"posx":3,"posy":3,"amount":200},{"posx":7,"posy":3,"amount":300},{"posx":11,"posy":3,"amount":700},{"posx":2,"posy":4,"amount":200},{"posx":11,"posy":5,"amount":550},{"posx":15,"posy":5,"amount":200},{"posx":4,"posy":6,"amount":350},{"posx":11,"posy":7,"amount":200},{"posx":4,"posy":8,"amount":200},{"posx":11,"posy":8,"amount":400},{"posx":12,"posy":8,"amount":300},{"posx":16,"posy":8,"amount":550}],"changedObstacles":[]},{"players":[{"playerId":675419,"score":250,"energy":5,"posx":15,"posy":8,"lastAction":0,"status":0},{"playerId":2256302,"score":200,"energy":50,"posx":16,"posy":7,"lastAction":4,"status":0},{"playerId":2238718,"score":200,"energy":6,"posx":15,"posy":5,"lastAction":5,"status":0},{"playerId":1168092,"score":300,"energy":16,"posx":19,"posy":2,"lastAction":4,"status":0}],"golds":[{"posx":6,"posy":0,"amount":400},{"posx":10,"posy":0,"amount":700},{"posx":2,"posy":1,"amount":200},{"posx":4,"posy":1,"amount":300},{"posx":9,"posy":1,"amount":750},{"posx":19,"posy":2,"amount":400},{"posx":3,"posy":3,"amount":200},{"posx":7,"posy":3,"amount":300},{"posx":11,"posy":3,"amount":700},{"posx":2,"posy":4,"amount":200},{"posx":11,"posy":5,"amount":550},{"posx":15,"posy":5,"amount":150},{"posx":4,"posy":6,"amount":350},{"posx":11,"posy":7,"amount":200},{"posx":4,"posy":8,"amount":200},{"posx":11,"posy":8,"amount":400},{"posx":12,"posy":8,"amount":300},{"posx":16,"posy":8,"amount":550}],"changedObstacles":[]},{"players":[{"playerId":675419,"score":250,"energy":4,"posx":14,"posy":8,"lastAction":0,"status":0},{"playerId":2256302,"score":200,"energy":45,"posx":15,"posy":7,"lastAction":0,"status":0},{"playerId":2238718,"score":200,"energy":18,"posx":15,"posy":5,"lastAction":4,"status":0},{"playerId":1168092,"score":300,"energy":32,"posx":19,"posy":2,"lastAction":4,"status":0}],"golds":[{"posx":6,"posy":0,"amount":400},{"posx":10,"posy":0,"amount":700},{"posx":2,"posy":1,"amount":200},{"posx":4,"posy":1,"amount":300},{"posx":9,"posy":1,"amount":750},{"posx":19,"posy":2,"amount":400},{"posx":3,"posy":3,"amount":200},{"posx":7,"posy":3,"amount":300},{"posx":11,"posy":3,"amount":700},{"posx":2,"posy":4,"amount":200},{"posx":11,"posy":5,"amount":550},{"posx":15,"posy":5,"amount":150},{"posx":4,"posy":6,"amount":350},{"posx":11,"posy":7,"amount":200},{"posx":4,"posy":8,"amount":200},{"posx":11,"posy":8,"amount":400},{"posx":12,"posy":8,"amount":300},{"posx":16,"posy":8,"amount":550}],"changedObstacles":[{"type":3,"posx":15,"posy":7,"value":-20}]},{"players":[{"playerId":675419,"score":250,"energy":3,"posx":13,"posy":8,"lastAction":0,"status":0},{"playerId":2256302,"score":200,"energy":44,"posx":16,"posy":7,"lastAction":1,"status":0},{"playerId":2238718,"score":250,"energy":13,"posx":15,"posy":5,"lastAction":5,"status":0},{"playerId":1168092,"score":350,"energy":27,"posx":19,"posy":2,"lastAction":5,"status":0}],"golds":[{"posx":6,"posy":0,"amount":400},{"posx":10,"posy":0,"amount":700},{"posx":2,"posy":1,"amount":200},{"posx":4,"posy":1,"amount":300},{"posx":9,"posy":1,"amount":750},{"posx":19,"posy":2,"amount":350},{"posx":3,"posy":3,"amount":200},{"posx":7,"posy":3,"amount":300},{"posx":11,"posy":3,"amount":700},{"posx":2,"posy":4,"amount":200},{"posx":11,"posy":5,"amount":550},{"posx":15,"posy":5,"amount":100},{"posx":4,"posy":6,"amount":350},{"posx":11,"posy":7,"amount":200},{"posx":4,"posy":8,"amount":200},{"posx":11,"posy":8,"amount":400},{"posx":12,"posy":8,"amount":300},{"posx":16,"posy":8,"amount":550}],"changedObstacles":[]},{"players":[{"playerId":675419,"score":250,"energy":15,"posx":13,"posy":8,"lastAction":4,"status":0},{"playerId":2256302,"score":200,"energy":40,"posx":16,"posy":8,"lastAction":3,"status":0},{"playerId":2238718,"score":300,"energy":8,"posx":15,"posy":5,"lastAction":5,"status":0},{"playerId":1168092,"score":400,"energy":22,"posx":19,"posy":2,"lastAction":5,"status":0}],"golds":[{"posx":6,"posy":0,"amount":400},{"posx":10,"posy":0,"amount":700},{"posx":2,"posy":1,"amount":200},{"posx":4,"posy":1,"amount":300},{"posx":9,"posy":1,"amount":750},{"posx":19,"posy":2,"amount":300},{"posx":3,"posy":3,"amount":200},{"posx":7,"posy":3,"amount":300},{"posx":11,"posy":3,"amount":700},{"posx":2,"posy":4,"amount":200},{"posx":11,"posy":5,"amount":550},{"posx":15,"posy":5,"amount":50},{"posx":4,"posy":6,"amount":350},{"posx":11,"posy":7,"amount":200},{"posx":4,"posy":8,"amount":200},{"posx":11,"posy":8,"amount":400},{"posx":12,"posy":8,"amount":300},{"posx":16,"posy":8,"amount":550}],"changedObstacles":[]},{"players":[{"playerId":675419,"score":250,"energy":11,"posx":12,"posy":8,"lastAction":0,"status":0},{"playerId":2256302,"score":250,"energy":35,"posx":16,"posy":8,"lastAction":5,"status":0},{"playerId":2238718,"score":300,"energy":20,"posx":15,"posy":5,"lastAction":4,"status":0},{"playerId":1168092,"score":450,"energy":17,"posx":19,"posy":2,"lastAction":5,"status":0}],"golds":[{"posx":6,"posy":0,"amount":400},{"posx":10,"posy":0,"amount":700},{"posx":2,"posy":1,"amount":200},{"posx":4,"posy":1,"amount":300},{"posx":9,"posy":1,"amount":750},{"posx":19,"posy":2,"amount":250},{"posx":3,"posy":3,"amount":200},{"posx":7,"posy":3,"amount":300},{"posx":11,"posy":3,"amount":700},{"posx":2,"posy":4,"amount":200},{"posx":11,"posy":5,"amount":550},{"posx":15,"posy":5,"amount":50},{"posx":4,"posy":6,"amount":350},{"posx":11,"posy":7,"amount":200},{"posx":4,"posy":8,"amount":200},{"posx":11,"posy":8,"amount":400},{"posx":12,"posy":8,"amount":300},{"posx":16,"posy":8,"amount":500}],"changedObstacles":[]},{"players":[{"playerId":675419,"score":300,"energy":6,"posx":12,"posy":8,"lastAction":5,"status":0},{"playerId":2256302,"score":300,"energy":30,"posx":16,"posy":8,"lastAction":5,"status":0},{"playerId":2238718,"score":350,"energy":15,"posx":15,"posy":5,"lastAction":5,"status":0},{"playerId":1168092,"score":500,"energy":12,"posx":19,"posy":2,"lastAction":5,"status":0}],"golds":[{"posx":6,"posy":0,"amount":400},{"posx":10,"posy":0,"amount":700},{"posx":2,"posy":1,"amount":200},{"posx":4,"posy":1,"amount":300},{"posx":9,"posy":1,"amount":750},{"posx":19,"posy":2,"amount":200},{"posx":3,"posy":3,"amount":200},{"posx":7,"posy":3,"amount":300},{"posx":11,"posy":3,"amount":700},{"posx":2,"posy":4,"amount":200},{"posx":11,"posy":5,"amount":550},{"posx":4,"posy":6,"amount":350},{"posx":11,"posy":7,"amount":200},{"posx":4,"posy":8,"amount":200},{"posx":11,"posy":8,"amount":400},{"posx":12,"posy":8,"amount":250},{"posx":16,"posy":8,"amount":450}],"changedObstacles":[{"type":0,"posx":15,"posy":5,"value":-1}]},{"players":[{"playerId":675419,"score":350,"energy":1,"posx":12,"posy":8,"lastAction":5,"status":0},{"playerId":2256302,"score":350,"energy":25,"posx":16,"posy":8,"lastAction":5,"status":0},{"playerId":2238718,"score":350,"energy":14,"posx":15,"posy":4,"lastAction":2,"status":0},{"playerId":1168092,"score":550,"energy":7,"posx":19,"posy":2,"lastAction":5,"status":0}],"golds":[{"posx":6,"posy":0,"amount":400},{"posx":10,"posy":0,"amount":700},{"posx":2,"posy":1,"amount":200},{"posx":4,"posy":1,"amount":300},{"posx":9,"posy":1,"amount":750},{"posx":19,"posy":2,"amount":150},{"posx":3,"posy":3,"amount":200},{"posx":7,"posy":3,"amount":300},{"posx":11,"posy":3,"amount":700},{"posx":2,"posy":4,"amount":200},{"posx":11,"posy":5,"amount":550},{"posx":4,"posy":6,"amount":350},{"posx":11,"posy":7,"amount":200},{"posx":4,"posy":8,"amount":200},{"posx":11,"posy":8,"amount":400},{"posx":12,"posy":8,"amount":200},{"posx":16,"posy":8,"amount":400}],"changedObstacles":[]},{"players":[{"playerId":675419,"score":350,"energy":13,"posx":12,"posy":8,"lastAction":4,"status":0},{"playerId":2256302,"score":400,"energy":20,"posx":16,"posy":8,"lastAction":5,"status":0},{"playerId":2238718,"score":350,"energy":13,"posx":14,"posy":4,"lastAction":0,"status":0},{"playerId":1168092,"score":600,"energy":2,"posx":19,"posy":2,"lastAction":5,"status":0}],"golds":[{"posx":6,"posy":0,"amount":400},{"posx":10,"posy":0,"amount":700},{"posx":2,"posy":1,"amount":200},{"posx":4,"posy":1,"amount":300},{"posx":9,"posy":1,"amount":750},{"posx":19,"posy":2,"amount":100},{"posx":3,"posy":3,"amount":200},{"posx":7,"posy":3,"amount":300},{"posx":11,"posy":3,"amount":700},{"posx":2,"posy":4,"amount":200},{"posx":11,"posy":5,"amount":550},{"posx":4,"posy":6,"amount":350},{"posx":11,"posy":7,"amount":200},{"posx":4,"posy":8,"amount":200},{"posx":11,"posy":8,"amount":400},{"posx":12,"posy":8,"amount":200},{"posx":16,"posy":8,"amount":350}],"changedObstacles":[]},{"players":[{"playerId":675419,"score":350,"energy":29,"posx":12,"posy":8,"lastAction":4,"status":0},{"playerId":2256302,"score":450,"energy":15,"posx":16,"posy":8,"lastAction":5,"status":0},{"playerId":2238718,"score":350,"energy":8,"posx":13,"posy":4,"lastAction":0,"status":0},{"playerId":1168092,"score":600,"energy":14,"posx":19,"posy":2,"lastAction":4,"status":0}],"golds":[{"posx":6,"posy":0,"amount":400},{"posx":10,"posy":0,"amount":700},{"posx":2,"posy":1,"amount":200},{"posx":4,"posy":1,"amount":300},{"posx":9,"posy":1,"amount":750},{"posx":19,"posy":2,"amount":100},{"posx":3,"posy":3,"amount":200},{"posx":7,"posy":3,"amount":300},{"posx":11,"posy":3,"amount":700},{"posx":2,"posy":4,"amount":200},{"posx":11,"posy":5,"amount":550},{"posx":4,"posy":6,"amount":350},{"posx":11,"posy":7,"amount":200},{"posx":4,"posy":8,"amount":200},{"posx":11,"posy":8,"amount":400},{"posx":12,"posy":8,"amount":200},{"posx":16,"posy":8,"amount":300}],"changedObstacles":[{"type":3,"posx":13,"posy":4,"value":-20}]},{"players":[{"playerId":675419,"score":400,"energy":24,"posx":12,"posy":8,"lastAction":5,"status":0},{"playerId":2256302,"score":500,"energy":10,"posx":16,"posy":8,"lastAction":5,"status":0},{"playerId":2238718,"score":350,"energy":20,"posx":13,"posy":4,"lastAction":4,"status":0},{"playerId":1168092,"score":600,"energy":30,"posx":19,"posy":2,"lastAction":4,"status":0}],"golds":[{"posx":6,"posy":0,"amount":400},{"posx":10,"posy":0,"amount":700},{"posx":2,"posy":1,"amount":200},{"posx":4,"posy":1,"amount":300},{"posx":9,"posy":1,"amount":750},{"posx":19,"posy":2,"amount":100},{"posx":3,"posy":3,"amount":200},{"posx":7,"posy":3,"amount":300},{"posx":11,"posy":3,"amount":700},{"posx":2,"posy":4,"amount":200},{"posx":11,"posy":5,"amount":550},{"posx":4,"posy":6,"amount":350},{"posx":11,"posy":7,"amount":200},{"posx":4,"posy":8,"amount":200},{"posx":11,"posy":8,"amount":400},{"posx":12,"posy":8,"amount":150},{"posx":16,"posy":8,"amount":250}],"changedObstacles":[]},{"players":[{"playerId":675419,"score":450,"energy":19,"posx":12,"posy":8,"lastAction":5,"status":0},{"playerId":2256302,"score":550,"energy":5,"posx":16,"posy":8,"lastAction":5,"status":0},{"playerId":2238718,"score":350,"energy":19,"posx":12,"posy":4,"lastAction":0,"status":0},{"playerId":1168092,"score":650,"energy":25,"posx":19,"posy":2,"lastAction":5,"status":0}],"golds":[{"posx":6,"posy":0,"amount":400},{"posx":10,"posy":0,"amount":700},{"posx":2,"posy":1,"amount":200},{"posx":4,"posy":1,"amount":300},{"posx":9,"posy":1,"amount":750},{"posx":19,"posy":2,"amount":50},{"posx":3,"posy":3,"amount":200},{"posx":7,"posy":3,"amount":300},{"posx":11,"posy":3,"amount":700},{"posx":2,"posy":4,"amount":200},{"posx":11,"posy":5,"amount":550},{"posx":4,"posy":6,"amount":350},{"posx":11,"posy":7,"amount":200},{"posx":4,"posy":8,"amount":200},{"posx":11,"posy":8,"amount":400},{"posx":12,"posy":8,"amount":100},{"posx":16,"posy":8,"amount":200}],"changedObstacles":[]},{"players":[{"playerId":675419,"score":500,"energy":14,"posx":12,"posy":8,"lastAction":5,"status":0},{"playerId":2256302,"score":550,"energy":17,"posx":16,"posy":8,"lastAction":4,"status":0},{"playerId":2238718,"score":350,"energy":18,"posx":12,"posy":5,"lastAction":3,"status":0},{"playerId":1168092,"score":700,"energy":20,"posx":19,"posy":2,"lastAction":5,"status":0}],"golds":[{"posx":6,"posy":0,"amount":400},{"posx":10,"posy":0,"amount":700},{"posx":2,"posy":1,"amount":200},{"posx":4,"posy":1,"amount":300},{"posx":9,"posy":1,"amount":750},{"posx":3,"posy":3,"amount":200},{"posx":7,"posy":3,"amount":300},{"posx":11,"posy":3,"amount":700},{"posx":2,"posy":4,"amount":200},{"posx":11,"posy":5,"amount":550},{"posx":4,"posy":6,"amount":350},{"posx":11,"posy":7,"amount":200},{"posx":4,"posy":8,"amount":200},{"posx":11,"posy":8,"amount":400},{"posx":12,"posy":8,"amount":50},{"posx":16,"posy":8,"amount":200}],"changedObstacles":[{"type":0,"posx":19,"posy":2,"value":-1}]},{"players":[{"playerId":675419,"score":550,"energy":9,"posx":12,"posy":8,"lastAction":5,"status":0},{"playerId":2256302,"score":550,"energy":33,"posx":16,"posy":8,"lastAction":4,"status":0},{"playerId":2238718,"score":350,"energy":14,"posx":11,"posy":5,"lastAction":0,"status":0},{"playerId":1168092,"score":700,"energy":15,"posx":19,"posy":1,"lastAction":2,"status":0}],"golds":[{"posx":6,"posy":0,"amount":400},{"posx":10,"posy":0,"amount":700},{"posx":2,"posy":1,"amount":200},{"posx":4,"posy":1,"amount":300},{"posx":9,"posy":1,"amount":750},{"posx":3,"posy":3,"amount":200},{"posx":7,"posy":3,"amount":300},{"posx":11,"posy":3,"amount":700},{"posx":2,"posy":4,"amount":200},{"posx":11,"posy":5,"amount":550},{"posx":4,"posy":6,"amount":350},{"posx":11,"posy":7,"amount":200},{"posx":4,"posy":8,"amount":200},{"posx":11,"posy":8,"amount":400},{"posx":16,"posy":8,"amount":200}],"changedObstacles":[{"type":3,"posx":19,"posy":1,"value":-20},{"type":0,"posx":12,"posy":8,"value":-1}]},{"players":[{"playerId":675419,"score":550,"energy":21,"posx":12,"posy":8,"lastAction":4,"status":0},{"playerId":2256302,"score":550,"energy":50,"posx":16,"posy":8,"lastAction":4,"status":0},{"playerId":2238718,"score":400,"energy":9,"posx":11,"posy":5,"lastAction":5,"status":0},{"playerId":1168092,"score":700,"energy":14,"posx":18,"posy":1,"lastAction":0,"status":0}],"golds":[{"posx":6,"posy":0,"amount":400},{"posx":10,"posy":0,"amount":700},{"posx":2,"posy":1,"amount":200},{"posx":4,"posy":1,"amount":300},{"posx":9,"posy":1,"amount":750},{"posx":3,"posy":3,"amount":200},{"posx":7,"posy":3,"amount":300},{"posx":11,"posy":3,"amount":700},{"posx":2,"posy":4,"amount":200},{"posx":11,"posy":5,"amount":500},{"posx":4,"posy":6,"amount":350},{"posx":11,"posy":7,"amount":200},{"posx":4,"posy":8,"amount":200},{"posx":11,"posy":8,"amount":400},{"posx":16,"posy":8,"amount":200}],"changedObstacles":[]},{"players":[{"playerId":675419,"score":550,"energy":11,"posx":12,"posy":7,"lastAction":2,"status":0},{"playerId":2256302,"score":600,"energy":45,"posx":16,"posy":8,"lastAction":5,"status":0},{"playerId":2238718,"score":400,"energy":21,"posx":11,"posy":5,"lastAction":4,"status":0},{"playerId":1168092,"score":700,"energy":13,"posx":18,"posy":0,"lastAction":2,"status":0}],"golds":[{"posx":6,"posy":0,"amount":400},{"posx":10,"posy":0,"amount":700},{"posx":2,"posy":1,"amount":200},{"posx":4,"posy":1,"amount":300},{"posx":9,"posy":1,"amount":750},{"posx":3,"posy":3,"amount":200},{"posx":7,"posy":3,"amount":300},{"posx":11,"posy":3,"amount":700},{"posx":2,"posy":4,"amount":200},{"posx":11,"posy":5,"amount":500},{"posx":4,"posy":6,"amount":350},{"posx":11,"posy":7,"amount":200},{"posx":4,"posy":8,"amount":200},{"posx":11,"posy":8,"amount":400},{"posx":16,"posy":8,"amount":150}],"changedObstacles":[{"type":0,"posx":12,"posy":7,"value":-1}]},{"players":[{"playerId":675419,"score":550,"energy":6,"posx":12,"posy":6,"lastAction":2,"status":0},{"playerId":2256302,"score":650,"energy":40,"posx":16,"posy":8,"lastAction":5,"status":0},{"playerId":2238718,"score":450,"energy":16,"posx":11,"posy":5,"lastAction":5,"status":0},{"playerId":1168092,"score":700,"energy":8,"posx":17,"posy":0,"lastAction":0,"status":0}],"golds":[{"posx":6,"posy":0,"amount":400},{"posx":10,"posy":0,"amount":700},{"posx":2,"posy":1,"amount":200},{"posx":4,"posy":1,"amount":300},{"posx":9,"posy":1,"amount":750},{"posx":3,"posy":3,"amount":200},{"posx":7,"posy":3,"amount":300},{"posx":11,"posy":3,"amount":700},{"posx":2,"posy":4,"amount":200},{"posx":11,"posy":5,"amount":450},{"posx":4,"posy":6,"amount":350},{"posx":11,"posy":7,"amount":200},{"posx":4,"posy":8,"amount":200},{"posx":11,"posy":8,"amount":400},{"posx":16,"posy":8,"amount":100}],"changedObstacles":[{"type":3,"posx":12,"posy":6,"value":-20},{"type":3,"posx":17,"posy":0,"value":-20}]},{"players":[{"playerId":675419,"score":550,"energy":5,"posx":12,"posy":5,"lastAction":2,"status":0},{"playerId":2256302,"score":700,"energy":35,"posx":16,"posy":8,"lastAction":5,"status":0},{"playerId":2238718,"score":500,"energy":11,"posx":11,"posy":5,"lastAction":5,"status":0},{"playerId":1168092,"score":700,"energy":7,"posx":16,"posy":0,"lastAction":0,"status":0}],"golds":[{"posx":6,"posy":0,"amount":400},{"posx":10,"posy":0,"amount":700},{"posx":2,"posy":1,"amount":200},{"posx":4,"posy":1,"amount":300},{"posx":9,"posy":1,"amount":750},{"posx":3,"posy":3,"amount":200},{"posx":7,"posy":3,"amount":300},{"posx":11,"posy":3,"amount":700},{"posx":2,"posy":4,"amount":200},{"posx":11,"posy":5,"amount":400},{"posx":4,"posy":6,"amount":350},{"posx":11,"posy":7,"amount":200},{"posx":4,"posy":8,"amount":200},{"posx":11,"posy":8,"amount":400},{"posx":16,"posy":8,"amount":50}],"changedObstacles":[]},{"players":[{"playerId":675419,"score":550,"energy":17,"posx":12,"posy":5,"lastAction":4,"status":0},{"playerId":2256302,"score":750,"energy":30,"posx":16,"posy":8,"lastAction":5,"status":0},{"playerId":2238718,"score":550,"energy":6,"posx":11,"posy":5,"lastAction":5,"status":0},{"playerId":1168092,"score":700,"energy":19,"posx":16,"posy":0,"lastAction":4,"status":0}],"golds":[{"posx":6,"posy":0,"amount":400},{"posx":10,"posy":0,"amount":700},{"posx":2,"posy":1,"amount":200},{"posx":4,"posy":1,"amount":300},{"posx":9,"posy":1,"amount":750},{"posx":3,"posy":3,"amount":200},{"posx":7,"posy":3,"amount":300},{"posx":11,"posy":3,"amount":700},{"posx":2,"posy":4,"amount":200},{"posx":11,"posy":5,"amount":350},{"posx":4,"posy":6,"amount":350},{"posx":11,"posy":7,"amount":200},{"posx":4,"posy":8,"amount":200},{"posx":11,"posy":8,"amount":400}],"changedObstacles":[{"type":0,"posx":16,"posy":8,"value":-1}]},{"players":[{"playerId":675419,"score":550,"energy":13,"posx":11,"posy":5,"lastAction":0,"status":0},{"playerId":2256302,"score":750,"energy":29,"posx":15,"posy":8,"lastAction":0,"status":0},{"playerId":2238718,"score":550,"energy":18,"posx":11,"posy":5,"lastAction":4,"status":0},{"playerId":1168092,"score":700,"energy":9,"posx":15,"posy":0,"lastAction":0,"status":0}],"golds":[{"posx":6,"posy":0,"amount":400},{"posx":10,"posy":0,"amount":700},{"posx":2,"posy":1,"amount":200},{"posx":4,"posy":1,"amount":300},{"posx":9,"posy":1,"amount":750},{"posx":3,"posy":3,"amount":200},{"posx":7,"posy":3,"amount":300},{"posx":11,"posy":3,"amount":700},{"posx":2,"posy":4,"amount":200},{"posx":11,"posy":5,"amount":350},{"posx":4,"posy":6,"amount":350},{"posx":11,"posy":7,"amount":200},{"posx":4,"posy":8,"amount":200},{"posx":11,"posy":8,"amount":400}],"changedObstacles":[{"type":0,"posx":15,"posy":0,"value":-1}]},{"players":[{"playerId":675419,"score":600,"energy":8,"posx":11,"posy":5,"lastAction":5,"status":0},{"playerId":2256302,"score":750,"energy":28,"posx":14,"posy":8,"lastAction":0,"status":0},{"playerId":2238718,"score":600,"energy":13,"posx":11,"posy":5,"lastAction":5,"status":0},{"playerId":1168092,"score":700,"energy":21,"posx":15,"posy":0,"lastAction":4,"status":0}],"golds":[{"posx":6,"posy":0,"amount":400},{"posx":10,"posy":0,"amount":700},{"posx":2,"posy":1,"amount":200},{"posx":4,"posy":1,"amount":300},{"posx":9,"posy":1,"amount":750},{"posx":3,"posy":3,"amount":200},{"posx":7,"posy":3,"amount":300},{"posx":11,"posy":3,"amount":700},{"posx":2,"posy":4,"amount":200},{"posx":11,"posy":5,"amount":250},{"posx":4,"posy":6,"amount":350},{"posx":11,"posy":7,"amount":200},{"posx":4,"posy":8,"amount":200},{"posx":11,"posy":8,"amount":400}],"changedObstacles":[]},{"players":[{"playerId":675419,"score":650,"energy":3,"posx":11,"posy":5,"lastAction":5,"status":0},{"playerId":2256302,"score":750,"energy":27,"posx":13,"posy":8,"lastAction":0,"status":0},{"playerId":2238718,"score":650,"energy":8,"posx":11,"posy":5,"lastAction":5,"status":0},{"playerId":1168092,"score":700,"energy":11,"posx":14,"posy":0,"lastAction":0,"status":0}],"golds":[{"posx":6,"posy":0,"amount":400},{"posx":10,"posy":0,"amount":700},{"posx":2,"posy":1,"amount":200},{"posx":4,"posy":1,"amount":300},{"posx":9,"posy":1,"amount":750},{"posx":3,"posy":3,"amount":200},{"posx":7,"posy":3,"amount":300},{"posx":11,"posy":3,"amount":700},{"posx":2,"posy":4,"amount":200},{"posx":11,"posy":5,"amount":150},{"posx":4,"posy":6,"amount":350},{"posx":11,"posy":7,"amount":200},{"posx":4,"posy":8,"amount":200},{"posx":11,"posy":8,"amount":400}],"changedObstacles":[{"type":0,"posx":14,"posy":0,"value":-1}]},{"players":[{"playerId":675419,"score":650,"energy":15,"posx":11,"posy":5,"lastAction":4,"status":0},{"playerId":2256302,"score":750,"energy":26,"posx":12,"posy":8,"lastAction":0,"status":0},{"playerId":2238718,"score":650,"energy":20,"posx":11,"posy":5,"lastAction":4,"status":0},{"playerId":1168092,"score":700,"energy":10,"posx":13,"posy":0,"lastAction":0,"status":0}],"golds":[{"posx":6,"posy":0,"amount":400},{"posx":10,"posy":0,"amount":700},{"posx":2,"posy":1,"amount":200},{"posx":4,"posy":1,"amount":300},{"posx":9,"posy":1,"amount":750},{"posx":3,"posy":3,"amount":200},{"posx":7,"posy":3,"amount":300},{"posx":11,"posy":3,"amount":700},{"posx":2,"posy":4,"amount":200},{"posx":11,"posy":5,"amount":150},{"posx":4,"posy":6,"amount":350},{"posx":11,"posy":7,"amount":200},{"posx":4,"posy":8,"amount":200},{"posx":11,"posy":8,"amount":400}],"changedObstacles":[]},{"players":[{"playerId":675419,"score":650,"energy":31,"posx":11,"posy":5,"lastAction":4,"status":0},{"playerId":2256302,"score":750,"energy":22,"posx":11,"posy":8,"lastAction":0,"status":0},{"playerId":2238718,"score":700,"energy":15,"posx":11,"posy":5,"lastAction":5,"status":0},{"playerId":1168092,"score":700,"energy":5,"posx":12,"posy":0,"lastAction":0,"status":0}],"golds":[{"posx":6,"posy":0,"amount":400},{"posx":10,"posy":0,"amount":700},{"posx":2,"posy":1,"amount":200},{"posx":4,"posy":1,"amount":300},{"posx":9,"posy":1,"amount":750},{"posx":3,"posy":3,"amount":200},{"posx":7,"posy":3,"amount":300},{"posx":11,"posy":3,"amount":700},{"posx":2,"posy":4,"amount":200},{"posx":11,"posy":5,"amount":100},{"posx":4,"posy":6,"amount":350},{"posx":11,"posy":7,"amount":200},{"posx":4,"posy":8,"amount":200},{"posx":11,"posy":8,"amount":400}],"changedObstacles":[{"type":3,"posx":12,"posy":0,"value":-20}]},{"players":[{"playerId":675419,"score":700,"energy":26,"posx":11,"posy":5,"lastAction":5,"status":0},{"playerId":2256302,"score":800,"energy":17,"posx":11,"posy":8,"lastAction":5,"status":0},{"playerId":2238718,"score":750,"energy":10,"posx":11,"posy":5,"lastAction":5,"status":0},{"playerId":1168092,"score":700,"energy":17,"posx":12,"posy":0,"lastAction":4,"status":0}],"golds":[{"posx":6,"posy":0,"amount":400},{"posx":10,"posy":0,"amount":700},{"posx":2,"posy":1,"amount":200},{"posx":4,"posy":1,"amount":300},{"posx":9,"posy":1,"amount":750},{"posx":3,"posy":3,"amount":200},{"posx":7,"posy":3,"amount":300},{"posx":11,"posy":3,"amount":700},{"posx":2,"posy":4,"amount":200},{"posx":4,"posy":6,"amount":350},{"posx":11,"posy":7,"amount":200},{"posx":4,"posy":8,"amount":200},{"posx":11,"posy":8,"amount":350}],"changedObstacles":[{"type":0,"posx":11,"posy":5,"value":-1}]},{"players":[{"playerId":675419,"score":700,"energy":6,"posx":11,"posy":4,"lastAction":2,"status":0},{"playerId":2256302,"score":850,"energy":12,"posx":11,"posy":8,"lastAction":5,"status":0},{"playerId":2238718,"score":750,"energy":22,"posx":11,"posy":5,"lastAction":4,"status":0},{"playerId":1168092,"score":700,"energy":12,"posx":11,"posy":0,"lastAction":0,"status":0}],"golds":[{"posx":6,"posy":0,"amount":400},{"posx":10,"posy":0,"amount":700},{"posx":2,"posy":1,"amount":200},{"posx":4,"posy":1,"amount":300},{"posx":9,"posy":1,"amount":750},{"posx":3,"posy":3,"amount":200},{"posx":7,"posy":3,"amount":300},{"posx":11,"posy":3,"amount":700},{"posx":2,"posy":4,"amount":200},{"posx":4,"posy":6,"amount":350},{"posx":11,"posy":7,"amount":200},{"posx":4,"posy":8,"amount":200},{"posx":11,"posy":8,"amount":300}],"changedObstacles":[{"type":3,"posx":11,"posy":0,"value":-20}]},{"players":[{"playerId":675419,"score":700,"energy":2,"posx":11,"posy":3,"lastAction":2,"status":0},{"playerId":2256302,"score":900,"energy":7,"posx":11,"posy":8,"lastAction":5,"status":0},{"playerId":2238718,"score":750,"energy":21,"posx":10,"posy":5,"lastAction":0,"status":0},{"playerId":1168092,"score":700,"energy":8,"posx":10,"posy":0,"lastAction":0,"status":0}],"golds":[{"posx":6,"posy":0,"amount":400},{"posx":10,"posy":0,"amount":700},{"posx":2,"posy":1,"amount":200},{"posx":4,"posy":1,"amount":300},{"posx":9,"posy":1,"amount":750},{"posx":3,"posy":3,"amount":200},{"posx":7,"posy":3,"amount":300},{"posx":11,"posy":3,"amount":700},{"posx":2,"posy":4,"amount":200},{"posx":4,"posy":6,"amount":350},{"posx":11,"posy":7,"amount":200},{"posx":4,"posy":8,"amount":200},{"posx":11,"posy":8,"amount":250}],"changedObstacles":[]},{"players":[{"playerId":675419,"score":700,"energy":14,"posx":11,"posy":3,"lastAction":4,"status":0},{"playerId":2256302,"score":950,"energy":2,"posx":11,"posy":8,"lastAction":5,"status":0},{"playerId":2238718,"score":750,"energy":20,"posx":10,"posy":4,"lastAction":2,"status":0},{"playerId":1168092,"score":750,"energy":3,"posx":10,"posy":0,"lastAction":5,"status":0}],"golds":[{"posx":6,"posy":0,"amount":400},{"posx":10,"posy":0,"amount":650},{"posx":2,"posy":1,"amount":200},{"posx":4,"posy":1,"amount":300},{"posx":9,"posy":1,"amount":750},{"posx":3,"posy":3,"amount":200},{"posx":7,"posy":3,"amount":300},{"posx":11,"posy":3,"amount":700},{"posx":2,"posy":4,"amount":200},{"posx":4,"posy":6,"amount":350},{"posx":11,"posy":7,"amount":200},{"posx":4,"posy":8,"amount":200},{"posx":11,"posy":8,"amount":200}],"changedObstacles":[]},{"players":[{"playerId":675419,"score":700,"energy":30,"posx":11,"posy":3,"lastAction":4,"status":0},{"playerId":2256302,"score":950,"energy":14,"posx":11,"posy":8,"lastAction":4,"status":0},{"playerId":2238718,"score":750,"energy":19,"posx":10,"posy":3,"lastAction":2,"status":0},{"playerId":1168092,"score":750,"energy":15,"posx":10,"posy":0,"lastAction":4,"status":0}],"golds":[{"posx":6,"posy":0,"amount":400},{"posx":10,"posy":0,"amount":650},{"posx":2,"posy":1,"amount":200},{"posx":4,"posy":1,"amount":300},{"posx":9,"posy":1,"amount":750},{"posx":3,"posy":3,"amount":200},{"posx":7,"posy":3,"amount":300},{"posx":11,"posy":3,"amount":700},{"posx":2,"posy":4,"amount":200},{"posx":4,"posy":6,"amount":350},{"posx":11,"posy":7,"amount":200},{"posx":4,"posy":8,"amount":200},{"posx":11,"posy":8,"amount":200}],"changedObstacles":[]},{"players":[{"playerId":675419,"score":750,"energy":25,"posx":11,"posy":3,"lastAction":5,"status":0},{"playerId":2256302,"score":950,"energy":30,"posx":11,"posy":8,"lastAction":4,"status":0},{"playerId":2238718,"score":750,"energy":18,"posx":10,"posy":2,"lastAction":2,"status":0},{"playerId":1168092,"score":750,"energy":31,"posx":10,"posy":0,"lastAction":4,"status":0}],"golds":[{"posx":6,"posy":0,"amount":400},{"posx":10,"posy":0,"amount":650},{"posx":2,"posy":1,"amount":200},{"posx":4,"posy":1,"amount":300},{"posx":9,"posy":1,"amount":750},{"posx":3,"posy":3,"amount":200},{"posx":7,"posy":3,"amount":300},{"posx":11,"posy":3,"amount":650},{"posx":2,"posy":4,"amount":200},{"posx":4,"posy":6,"amount":350},{"posx":11,"posy":7,"amount":200},{"posx":4,"posy":8,"amount":200},{"posx":11,"posy":8,"amount":200}],"changedObstacles":[]},{"players":[{"playerId":675419,"score":800,"energy":20,"posx":11,"posy":3,"lastAction":5,"status":0},{"playerId":2256302,"score":950,"energy":50,"posx":11,"posy":8,"lastAction":4,"status":0},{"playerId":2238718,"score":750,"energy":0,"posx":10,"posy":1,"lastAction":2,"status":2},{"playerId":1168092,"score":800,"energy":26,"posx":10,"posy":0,"lastAction":5,"status":0}],"golds":[{"posx":6,"posy":0,"amount":400},{"posx":10,"posy":0,"amount":600},{"posx":2,"posy":1,"amount":200},{"posx":4,"posy":1,"amount":300},{"posx":9,"posy":1,"amount":750},{"posx":3,"posy":3,"amount":200},{"posx":7,"posy":3,"amount":300},{"posx":11,"posy":3,"amount":600},{"posx":2,"posy":4,"amount":200},{"posx":4,"posy":6,"amount":350},{"posx":11,"posy":7,"amount":200},{"posx":4,"posy":8,"amount":200},{"posx":11,"posy":8,"amount":200}],"changedObstacles":[]},{"players":[{"playerId":675419,"score":850,"energy":15,"posx":11,"posy":3,"lastAction":5,"status":0},{"playerId":2256302,"score":1000,"energy":45,"posx":11,"posy":8,"lastAction":5,"status":0},{"playerId":2238718,"score":750,"energy":0,"posx":10,"posy":1,"lastAction":6,"status":2},{"playerId":1168092,"score":850,"energy":21,"posx":10,"posy":0,"lastAction":5,"status":0}],"golds":[{"posx":6,"posy":0,"amount":400},{"posx":10,"posy":0,"amount":550},{"posx":2,"posy":1,"amount":200},{"posx":4,"posy":1,"amount":300},{"posx":9,"posy":1,"amount":750},{"posx":3,"posy":3,"amount":200},{"posx":7,"posy":3,"amount":300},{"posx":11,"posy":3,"amount":550},{"posx":2,"posy":4,"amount":200},{"posx":4,"posy":6,"amount":350},{"posx":11,"posy":7,"amount":200},{"posx":4,"posy":8,"amount":200},{"posx":11,"posy":8,"amount":150}],"changedObstacles":[]},{"players":[{"playerId":675419,"score":900,"energy":10,"posx":11,"posy":3,"lastAction":5,"status":0},{"playerId":2256302,"score":1050,"energy":40,"posx":11,"posy":8,"lastAction":5,"status":0},{"playerId":2238718,"score":750,"energy":0,"posx":10,"posy":1,"lastAction":6,"status":2},{"playerId":1168092,"score":900,"energy":16,"posx":10,"posy":0,"lastAction":5,"status":0}],"golds":[{"posx":6,"posy":0,"amount":400},{"posx":10,"posy":0,"amount":500},{"posx":2,"posy":1,"amount":200},{"posx":4,"posy":1,"amount":300},{"posx":9,"posy":1,"amount":750},{"posx":3,"posy":3,"amount":200},{"posx":7,"posy":3,"amount":300},{"posx":11,"posy":3,"amount":500},{"posx":2,"posy":4,"amount":200},{"posx":4,"posy":6,"amount":350},{"posx":11,"posy":7,"amount":200},{"posx":4,"posy":8,"amount":200},{"posx":11,"posy":8,"amount":100}],"changedObstacles":[]},{"players":[{"playerId":675419,"score":950,"energy":5,"posx":11,"posy":3,"lastAction":5,"status":0},{"playerId":2256302,"score":1100,"energy":35,"posx":11,"posy":8,"lastAction":5,"status":0},{"playerId":2238718,"score":750,"energy":0,"posx":10,"posy":1,"lastAction":6,"status":2},{"playerId":1168092,"score":950,"energy":11,"posx":10,"posy":0,"lastAction":5,"status":0}],"golds":[{"posx":6,"posy":0,"amount":400},{"posx":10,"posy":0,"amount":450},{"posx":2,"posy":1,"amount":200},{"posx":4,"posy":1,"amount":300},{"posx":9,"posy":1,"amount":750},{"posx":3,"posy":3,"amount":200},{"posx":7,"posy":3,"amount":300},{"posx":11,"posy":3,"amount":450},{"posx":2,"posy":4,"amount":200},{"posx":4,"posy":6,"amount":350},{"posx":11,"posy":7,"amount":200},{"posx":4,"posy":8,"amount":200},{"posx":11,"posy":8,"amount":50}],"changedObstacles":[]},{"players":[{"playerId":675419,"score":950,"energy":17,"posx":11,"posy":3,"lastAction":4,"status":0},{"playerId":2256302,"score":1150,"energy":30,"posx":11,"posy":8,"lastAction":5,"status":0},{"playerId":2238718,"score":750,"energy":0,"posx":10,"posy":1,"lastAction":6,"status":2},{"playerId":1168092,"score":1000,"energy":6,"posx":10,"posy":0,"lastAction":5,"status":0}],"golds":[{"posx":6,"posy":0,"amount":400},{"posx":10,"posy":0,"amount":400},{"posx":2,"posy":1,"amount":200},{"posx":4,"posy":1,"amount":300},{"posx":9,"posy":1,"amount":750},{"posx":3,"posy":3,"amount":200},{"posx":7,"posy":3,"amount":300},{"posx":11,"posy":3,"amount":450},{"posx":2,"posy":4,"amount":200},{"posx":4,"posy":6,"amount":350},{"posx":11,"posy":7,"amount":200},{"posx":4,"posy":8,"amount":200}],"changedObstacles":[{"type":0,"posx":11,"posy":8,"value":-1}]},{"players":[{"playerId":675419,"score":950,"energy":33,"posx":11,"posy":3,"lastAction":4,"status":0},{"playerId":2256302,"score":1150,"energy":26,"posx":11,"posy":7,"lastAction":2,"status":0},{"playerId":2238718,"score":750,"energy":0,"posx":10,"posy":1,"lastAction":6,"status":2},{"playerId":1168092,"score":1050,"energy":1,"posx":10,"posy":0,"lastAction":5,"status":0}],"golds":[{"posx":6,"posy":0,"amount":400},{"posx":10,"posy":0,"amount":350},{"posx":2,"posy":1,"amount":200},{"posx":4,"posy":1,"amount":300},{"posx":9,"posy":1,"amount":750},{"posx":3,"posy":3,"amount":200},{"posx":7,"posy":3,"amount":300},{"posx":11,"posy":3,"amount":450},{"posx":2,"posy":4,"amount":200},{"posx":4,"posy":6,"amount":350},{"posx":11,"posy":7,"amount":200},{"posx":4,"posy":8,"amount":200}],"changedObstacles":[]},{"players":[{"playerId":675419,"score":1000,"energy":28,"posx":11,"posy":3,"lastAction":5,"status":0},{"playerId":2256302,"score":1200,"energy":21,"posx":11,"posy":7,"lastAction":5,"status":0},{"playerId":2238718,"score":750,"energy":0,"posx":10,"posy":1,"lastAction":6,"status":2},{"playerId":1168092,"score":1050,"energy":13,"posx":10,"posy":0,"lastAction":4,"status":0}],"golds":[{"posx":6,"posy":0,"amount":400},{"posx":10,"posy":0,"amount":350},{"posx":2,"posy":1,"amount":200},{"posx":4,"posy":1,"amount":300},{"posx":9,"posy":1,"amount":750},{"posx":3,"posy":3,"amount":200},{"posx":7,"posy":3,"amount":300},{"posx":11,"posy":3,"amount":400},{"posx":2,"posy":4,"amount":200},{"posx":4,"posy":6,"amount":350},{"posx":11,"posy":7,"amount":150},{"posx":4,"posy":8,"amount":200}],"changedObstacles":[]},{"players":[{"playerId":675419,"score":1050,"energy":23,"posx":11,"posy":3,"lastAction":5,"status":0},{"playerId":2256302,"score":1250,"energy":16,"posx":11,"posy":7,"lastAction":5,"status":0},{"playerId":2238718,"score":750,"energy":0,"posx":10,"posy":1,"lastAction":6,"status":2},{"playerId":1168092,"score":1050,"energy":29,"posx":10,"posy":0,"lastAction":4,"status":0}],"golds":[{"posx":6,"posy":0,"amount":400},{"posx":10,"posy":0,"amount":350},{"posx":2,"posy":1,"amount":200},{"posx":4,"posy":1,"amount":300},{"posx":9,"posy":1,"amount":750},{"posx":3,"posy":3,"amount":200},{"posx":7,"posy":3,"amount":300},{"posx":11,"posy":3,"amount":350},{"posx":2,"posy":4,"amount":200},{"posx":4,"posy":6,"amount":350},{"posx":11,"posy":7,"amount":100},{"posx":4,"posy":8,"amount":200}],"changedObstacles":[]},{"players":[{"playerId":675419,"score":1100,"energy":18,"posx":11,"posy":3,"lastAction":5,"status":0},{"playerId":2256302,"score":1300,"energy":11,"posx":11,"posy":7,"lastAction":5,"status":0},{"playerId":2238718,"score":750,"energy":0,"posx":10,"posy":1,"lastAction":6,"status":2},{"playerId":1168092,"score":1100,"energy":24,"posx":10,"posy":0,"lastAction":5,"status":0}],"golds":[{"posx":6,"posy":0,"amount":400},{"posx":10,"posy":0,"amount":300},{"posx":2,"posy":1,"amount":200},{"posx":4,"posy":1,"amount":300},{"posx":9,"posy":1,"amount":750},{"posx":3,"posy":3,"amount":200},{"posx":7,"posy":3,"amount":300},{"posx":11,"posy":3,"amount":300},{"posx":2,"posy":4,"amount":200},{"posx":4,"posy":6,"amount":350},{"posx":11,"posy":7,"amount":50},{"posx":4,"posy":8,"amount":200}],"changedObstacles":[]},{"players":[{"playerId":675419,"score":1150,"energy":13,"posx":11,"posy":3,"lastAction":5,"status":0},{"playerId":2256302,"score":1350,"energy":6,"posx":11,"posy":7,"lastAction":5,"status":0},{"playerId":2238718,"score":750,"energy":0,"posx":10,"posy":1,"lastAction":6,"status":2},{"playerId":1168092,"score":1150,"energy":19,"posx":10,"posy":0,"lastAction":5,"status":0}],"golds":[{"posx":6,"posy":0,"amount":400},{"posx":10,"posy":0,"amount":250},{"posx":2,"posy":1,"amount":200},{"posx":4,"posy":1,"amount":300},{"posx":9,"posy":1,"amount":750},{"posx":3,"posy":3,"amount":200},{"posx":7,"posy":3,"amount":300},{"posx":11,"posy":3,"amount":250},{"posx":2,"posy":4,"amount":200},{"posx":4,"posy":6,"amount":350},{"posx":4,"posy":8,"amount":200}],"changedObstacles":[{"type":0,"posx":11,"posy":7,"value":-1}]},{"players":[{"playerId":675419,"score":1200,"energy":8,"posx":11,"posy":3,"lastAction":5,"status":0},{"playerId":2256302,"score":1350,"energy":18,"posx":11,"posy":7,"lastAction":4,"status":0},{"playerId":2238718,"score":750,"energy":0,"posx":10,"posy":1,"lastAction":6,"status":2},{"playerId":1168092,"score":1200,"energy":14,"posx":10,"posy":0,"lastAction":5,"status":0}],"golds":[{"posx":6,"posy":0,"amount":400},{"posx":10,"posy":0,"amount":200},{"posx":2,"posy":1,"amount":200},{"posx":4,"posy":1,"amount":300},{"posx":9,"posy":1,"amount":750},{"posx":3,"posy":3,"amount":200},{"posx":7,"posy":3,"amount":300},{"posx":11,"posy":3,"amount":200},{"posx":2,"posy":4,"amount":200},{"posx":4,"posy":6,"amount":350},{"posx":4,"posy":8,"amount":200}],"changedObstacles":[]},{"players":[{"playerId":675419,"score":1250,"energy":3,"posx":11,"posy":3,"lastAction":5,"status":0},{"playerId":2256302,"score":1350,"energy":34,"posx":11,"posy":7,"lastAction":4,"status":0},{"playerId":2238718,"score":750,"energy":0,"posx":10,"posy":1,"lastAction":6,"status":2},{"playerId":1168092,"score":1250,"energy":9,"posx":10,"posy":0,"lastAction":5,"status":0}],"golds":[{"posx":6,"posy":0,"amount":400},{"posx":10,"posy":0,"amount":150},{"posx":2,"posy":1,"amount":200},{"posx":4,"posy":1,"amount":300},{"posx":9,"posy":1,"amount":750},{"posx":3,"posy":3,"amount":200},{"posx":7,"posy":3,"amount":300},{"posx":11,"posy":3,"amount":150},{"posx":2,"posy":4,"amount":200},{"posx":4,"posy":6,"amount":350},{"posx":4,"posy":8,"amount":200}],"changedObstacles":[]},{"players":[{"playerId":675419,"score":1250,"energy":15,"posx":11,"posy":3,"lastAction":4,"status":0},{"playerId":2256302,"score":1350,"energy":50,"posx":11,"posy":7,"lastAction":4,"status":0},{"playerId":2238718,"score":750,"energy":0,"posx":10,"posy":1,"lastAction":6,"status":2},{"playerId":1168092,"score":1300,"energy":4,"posx":10,"posy":0,"lastAction":5,"status":0}],"golds":[{"posx":6,"posy":0,"amount":400},{"posx":10,"posy":0,"amount":100},{"posx":2,"posy":1,"amount":200},{"posx":4,"posy":1,"amount":300},{"posx":9,"posy":1,"amount":750},{"posx":3,"posy":3,"amount":200},{"posx":7,"posy":3,"amount":300},{"posx":11,"posy":3,"amount":150},{"posx":2,"posy":4,"amount":200},{"posx":4,"posy":6,"amount":350},{"posx":4,"posy":8,"amount":200}],"changedObstacles":[]},{"players":[{"playerId":675419,"score":1250,"energy":31,"posx":11,"posy":3,"lastAction":4,"status":0},{"playerId":2256302,"score":1350,"energy":40,"posx":11,"posy":6,"lastAction":2,"status":0},{"playerId":2238718,"score":750,"energy":0,"posx":10,"posy":1,"lastAction":6,"status":2},{"playerId":1168092,"score":1300,"energy":16,"posx":10,"posy":0,"lastAction":4,"status":0}],"golds":[{"posx":6,"posy":0,"amount":400},{"posx":10,"posy":0,"amount":100},{"posx":2,"posy":1,"amount":200},{"posx":4,"posy":1,"amount":300},{"posx":9,"posy":1,"amount":750},{"posx":3,"posy":3,"amount":200},{"posx":7,"posy":3,"amount":300},{"posx":11,"posy":3,"amount":150},{"posx":2,"posy":4,"amount":200},{"posx":4,"posy":6,"amount":350},{"posx":4,"posy":8,"amount":200}],"changedObstacles":[{"type":0,"posx":11,"posy":6,"value":-1}]},{"players":[{"playerId":675419,"score":1300,"energy":26,"posx":11,"posy":3,"lastAction":5,"status":0},{"playerId":2256302,"score":1350,"energy":39,"posx":11,"posy":5,"lastAction":2,"status":0},{"playerId":2238718,"score":750,"energy":0,"posx":10,"posy":1,"lastAction":6,"status":2},{"playerId":1168092,"score":1300,"energy":32,"posx":10,"posy":0,"lastAction":4,"status":0}],"golds":[{"posx":6,"posy":0,"amount":400},{"posx":10,"posy":0,"amount":100},{"posx":2,"posy":1,"amount":200},{"posx":4,"posy":1,"amount":300},{"posx":9,"posy":1,"amount":750},{"posx":3,"posy":3,"amount":200},{"posx":7,"posy":3,"amount":300},{"posx":11,"posy":3,"amount":100},{"posx":2,"posy":4,"amount":200},{"posx":4,"posy":6,"amount":350},{"posx":4,"posy":8,"amount":200}],"changedObstacles":[]},{"players":[{"playerId":675419,"score":1350,"energy":21,"posx":11,"posy":3,"lastAction":5,"status":0},{"playerId":2256302,"score":1350,"energy":32,"posx":11,"posy":4,"lastAction":2,"status":0},{"playerId":2238718,"score":750,"energy":0,"posx":10,"posy":1,"lastAction":6,"status":2},{"playerId":1168092,"score":1350,"energy":27,"posx":10,"posy":0,"lastAction":5,"status":0}],"golds":[{"posx":6,"posy":0,"amount":400},{"posx":10,"posy":0,"amount":50},{"posx":2,"posy":1,"amount":200},{"posx":4,"posy":1,"amount":300},{"posx":9,"posy":1,"amount":750},{"posx":3,"posy":3,"amount":200},{"posx":7,"posy":3,"amount":300},{"posx":11,"posy":3,"amount":50},{"posx":2,"posy":4,"amount":200},{"posx":4,"posy":6,"amount":350},{"posx":4,"posy":8,"amount":200}],"changedObstacles":[]},{"players":[{"playerId":675419,"score":1400,"energy":16,"posx":11,"posy":3,"lastAction":5,"status":0},{"playerId":2256302,"score":1350,"energy":28,"posx":11,"posy":3,"lastAction":2,"status":0},{"playerId":2238718,"score":750,"energy":0,"posx":10,"posy":1,"lastAction":6,"status":2},{"playerId":1168092,"score":1400,"energy":22,"posx":10,"posy":0,"lastAction":5,"status":0}],"golds":[{"posx":6,"posy":0,"amount":400},{"posx":2,"posy":1,"amount":200},{"posx":4,"posy":1,"amount":300},{"posx":9,"posy":1,"amount":750},{"posx":3,"posy":3,"amount":200},{"posx":7,"posy":3,"amount":300},{"posx":2,"posy":4,"amount":200},{"posx":4,"posy":6,"amount":350},{"posx":4,"posy":8,"amount":200}],"changedObstacles":[{"type":0,"posx":11,"posy":3,"value":-1},{"type":0,"posx":10,"posy":0,"value":-1}]},{"players":[{"playerId":675419,"score":1400,"energy":15,"posx":10,"posy":3,"lastAction":0,"status":0},{"playerId":2256302,"score":1350,"energy":27,"posx":10,"posy":3,"lastAction":0,"status":0},{"playerId":2238718,"score":750,"energy":0,"posx":10,"posy":1,"lastAction":6,"status":2},{"playerId":1168092,"score":1400,"energy":17,"posx":9,"posy":0,"lastAction":0,"status":0}],"golds":[{"posx":6,"posy":0,"amount":400},{"posx":2,"posy":1,"amount":200},{"posx":4,"posy":1,"amount":300},{"posx":9,"posy":1,"amount":750},{"posx":3,"posy":3,"amount":200},{"posx":7,"posy":3,"amount":300},{"posx":2,"posy":4,"amount":200},{"posx":4,"posy":6,"amount":350},{"posx":4,"posy":8,"amount":200}],"changedObstacles":[{"type":3,"posx":9,"posy":0,"value":-20}]},{"players":[{"playerId":675419,"score":1400,"energy":14,"posx":9,"posy":3,"lastAction":0,"status":0},{"playerId":2256302,"score":1350,"energy":26,"posx":10,"posy":2,"lastAction":2,"status":0},{"playerId":2238718,"score":750,"energy":0,"posx":10,"posy":1,"lastAction":6,"status":2},{"playerId":1168092,"score":1400,"energy":13,"posx":9,"posy":1,"lastAction":3,"status":0}],"golds":[{"posx":6,"posy":0,"amount":400},{"posx":2,"posy":1,"amount":200},{"posx":4,"posy":1,"amount":300},{"posx":9,"posy":1,"amount":750},{"posx":3,"posy":3,"amount":200},{"posx":7,"posy":3,"amount":300},{"posx":2,"posy":4,"amount":200},{"posx":4,"posy":6,"amount":350},{"posx":4,"posy":8,"amount":200}],"changedObstacles":[]},{"players":[{"playerId":675419,"score":1400,"energy":13,"posx":9,"posy":2,"lastAction":2,"status":0},{"playerId":2256302,"score":1350,"energy":25,"posx":9,"posy":2,"lastAction":0,"status":0},{"playerId":2238718,"score":750,"energy":0,"posx":10,"posy":1,"lastAction":6,"status":2},{"playerId":1168092,"score":1450,"energy":8,"posx":9,"posy":1,"lastAction":5,"status":0}],"golds":[{"posx":6,"posy":0,"amount":400},{"posx":2,"posy":1,"amount":200},{"posx":4,"posy":1,"amount":300},{"posx":9,"posy":1,"amount":700},{"posx":3,"posy":3,"amount":200},{"posx":7,"posy":3,"amount":300},{"posx":2,"posy":4,"amount":200},{"posx":4,"posy":6,"amount":350},{"posx":4,"posy":8,"amount":200}],"changedObstacles":[]},{"players":[{"playerId":675419,"score":1400,"energy":9,"posx":9,"posy":1,"lastAction":2,"status":0},{"playerId":2256302,"score":1350,"energy":21,"posx":9,"posy":1,"lastAction":2,"status":0},{"playerId":2238718,"score":750,"energy":0,"posx":10,"posy":1,"lastAction":6,"status":2},{"playerId":1168092,"score":1500,"energy":3,"posx":9,"posy":1,"lastAction":5,"status":0}],"golds":[{"posx":6,"posy":0,"amount":400},{"posx":2,"posy":1,"amount":200},{"posx":4,"posy":1,"amount":300},{"posx":9,"posy":1,"amount":650},{"posx":3,"posy":3,"amount":200},{"posx":7,"posy":3,"amount":300},{"posx":2,"posy":4,"amount":200},{"posx":4,"posy":6,"amount":350},{"posx":4,"posy":8,"amount":200}],"changedObstacles":[]},{"players":[{"playerId":675419,"score":1450,"energy":4,"posx":9,"posy":1,"lastAction":5,"status":0},{"playerId":2256302,"score":1400,"energy":16,"posx":9,"posy":1,"lastAction":5,"status":0},{"playerId":2238718,"score":750,"energy":0,"posx":10,"posy":1,"lastAction":6,"status":2},{"playerId":1168092,"score":1500,"energy":15,"posx":9,"posy":1,"lastAction":4,"status":0}],"golds":[{"posx":6,"posy":0,"amount":400},{"posx":2,"posy":1,"amount":200},{"posx":4,"posy":1,"amount":300},{"posx":9,"posy":1,"amount":550},{"posx":3,"posy":3,"amount":200},{"posx":7,"posy":3,"amount":300},{"posx":2,"posy":4,"amount":200},{"posx":4,"posy":6,"amount":350},{"posx":4,"posy":8,"amount":200}],"changedObstacles":[]},{"players":[{"playerId":675419,"score":1450,"energy":16,"posx":9,"posy":1,"lastAction":4,"status":0},{"playerId":2256302,"score":1450,"energy":11,"posx":9,"posy":1,"lastAction":5,"status":0},{"playerId":2238718,"score":750,"energy":0,"posx":10,"posy":1,"lastAction":6,"status":2},{"playerId":1168092,"score":1500,"energy":31,"posx":9,"posy":1,"lastAction":4,"status":0}],"golds":[{"posx":6,"posy":0,"amount":400},{"posx":2,"posy":1,"amount":200},{"posx":4,"posy":1,"amount":300},{"posx":9,"posy":1,"amount":500},{"posx":3,"posy":3,"amount":200},{"posx":7,"posy":3,"amount":300},{"posx":2,"posy":4,"amount":200},{"posx":4,"posy":6,"amount":350},{"posx":4,"posy":8,"amount":200}],"changedObstacles":[]},{"players":[{"playerId":675419,"score":1450,"energy":32,"posx":9,"posy":1,"lastAction":4,"status":0},{"playerId":2256302,"score":1500,"energy":6,"posx":9,"posy":1,"lastAction":5,"status":0},{"playerId":2238718,"score":750,"energy":0,"posx":10,"posy":1,"lastAction":6,"status":2},{"playerId":1168092,"score":1550,"energy":26,"posx":9,"posy":1,"lastAction":5,"status":0}],"golds":[{"posx":6,"posy":0,"amount":400},{"posx":2,"posy":1,"amount":200},{"posx":4,"posy":1,"amount":300},{"posx":9,"posy":1,"amount":400},{"posx":3,"posy":3,"amount":200},{"posx":7,"posy":3,"amount":300},{"posx":2,"posy":4,"amount":200},{"posx":4,"posy":6,"amount":350},{"posx":4,"posy":8,"amount":200}],"changedObstacles":[]},{"players":[{"playerId":675419,"score":1500,"energy":27,"posx":9,"posy":1,"lastAction":5,"status":0},{"playerId":2256302,"score":1550,"energy":1,"posx":9,"posy":1,"lastAction":5,"status":0},{"playerId":2238718,"score":750,"energy":0,"posx":10,"posy":1,"lastAction":6,"status":2},{"playerId":1168092,"score":1600,"energy":21,"posx":9,"posy":1,"lastAction":5,"status":0}],"golds":[{"posx":6,"posy":0,"amount":400},{"posx":2,"posy":1,"amount":200},{"posx":4,"posy":1,"amount":300},{"posx":9,"posy":1,"amount":250},{"posx":3,"posy":3,"amount":200},{"posx":7,"posy":3,"amount":300},{"posx":2,"posy":4,"amount":200},{"posx":4,"posy":6,"amount":350},{"posx":4,"posy":8,"amount":200}],"changedObstacles":[]},{"players":[{"playerId":675419,"score":1550,"energy":22,"posx":9,"posy":1,"lastAction":5,"status":0},{"playerId":2256302,"score":1550,"energy":13,"posx":9,"posy":1,"lastAction":4,"status":0},{"playerId":2238718,"score":750,"energy":0,"posx":10,"posy":1,"lastAction":6,"status":2},{"playerId":1168092,"score":1650,"energy":16,"posx":9,"posy":1,"lastAction":5,"status":0}],"golds":[{"posx":6,"posy":0,"amount":400},{"posx":2,"posy":1,"amount":200},{"posx":4,"posy":1,"amount":300},{"posx":9,"posy":1,"amount":150},{"posx":3,"posy":3,"amount":200},{"posx":7,"posy":3,"amount":300},{"posx":2,"posy":4,"amount":200},{"posx":4,"posy":6,"amount":350},{"posx":4,"posy":8,"amount":200}],"changedObstacles":[]},{"players":[{"playerId":675419,"score":1600,"energy":17,"posx":9,"posy":1,"lastAction":5,"status":0},{"playerId":2256302,"score":1550,"energy":29,"posx":9,"posy":1,"lastAction":4,"status":0},{"playerId":2238718,"score":750,"energy":0,"posx":10,"posy":1,"lastAction":6,"status":2},{"playerId":1168092,"score":1700,"energy":11,"posx":9,"posy":1,"lastAction":5,"status":0}],"golds":[{"posx":6,"posy":0,"amount":400},{"posx":2,"posy":1,"amount":200},{"posx":4,"posy":1,"amount":300},{"posx":9,"posy":1,"amount":50},{"posx":3,"posy":3,"amount":200},{"posx":7,"posy":3,"amount":300},{"posx":2,"posy":4,"amount":200},{"posx":4,"posy":6,"amount":350},{"posx":4,"posy":8,"amount":200}],"changedObstacles":[]},{"players":[{"playerId":675419,"score":1625,"energy":12,"posx":9,"posy":1,"lastAction":5,"status":0},{"playerId":2256302,"score":1550,"energy":50,"posx":9,"posy":1,"lastAction":4,"status":0},{"playerId":2238718,"score":750,"energy":0,"posx":10,"posy":1,"lastAction":6,"status":2},{"playerId":1168092,"score":1725,"energy":6,"posx":9,"posy":1,"lastAction":5,"status":0}],"golds":[{"posx":6,"posy":0,"amount":400},{"posx":2,"posy":1,"amount":200},{"posx":4,"posy":1,"amount":300},{"posx":3,"posy":3,"amount":200},{"posx":7,"posy":3,"amount":300},{"posx":2,"posy":4,"amount":200},{"posx":4,"posy":6,"amount":350},{"posx":4,"posy":8,"amount":200}],"changedObstacles":[{"type":0,"posx":9,"posy":1,"value":-1}]},{"players":[{"playerId":675419,"score":1625,"energy":2,"posx":8,"posy":1,"lastAction":0,"status":0},{"playerId":2256302,"score":1550,"energy":49,"posx":9,"posy":2,"lastAction":3,"status":0},{"playerId":2238718,"score":750,"energy":0,"posx":10,"posy":1,"lastAction":6,"status":2},{"playerId":1168092,"score":1725,"energy":18,"posx":9,"posy":1,"lastAction":4,"status":0}],"golds":[{"posx":6,"posy":0,"amount":400},{"posx":2,"posy":1,"amount":200},{"posx":4,"posy":1,"amount":300},{"posx":3,"posy":3,"amount":200},{"posx":7,"posy":3,"amount":300},{"posx":2,"posy":4,"amount":200},{"posx":4,"posy":6,"amount":350},{"posx":4,"posy":8,"amount":200}],"changedObstacles":[{"type":0,"posx":8,"posy":1,"value":-1}]},{"players":[{"playerId":675419,"score":1625,"energy":1,"posx":7,"posy":1,"lastAction":0,"status":0},{"playerId":2256302,"score":1550,"energy":48,"posx":9,"posy":3,"lastAction":3,"status":0},{"playerId":2238718,"score":750,"energy":0,"posx":10,"posy":1,"lastAction":6,"status":2},{"playerId":1168092,"score":1725,"energy":34,"posx":9,"posy":1,"lastAction":4,"status":0}],"golds":[{"posx":6,"posy":0,"amount":400},{"posx":2,"posy":1,"amount":200},{"posx":4,"posy":1,"amount":300},{"posx":3,"posy":3,"amount":200},{"posx":7,"posy":3,"amount":300},{"posx":2,"posy":4,"amount":200},{"posx":4,"posy":6,"amount":350},{"posx":4,"posy":8,"amount":200}],"changedObstacles":[]},{"players":[{"playerId":675419,"score":1625,"energy":13,"posx":7,"posy":1,"lastAction":4,"status":0},{"playerId":2256302,"score":1550,"energy":31,"posx":8,"posy":3,"lastAction":0,"status":0},{"playerId":2238718,"score":750,"energy":0,"posx":10,"posy":1,"lastAction":6,"status":2},{"playerId":1168092,"score":1725,"energy":14,"posx":9,"posy":0,"lastAction":2,"status":0}],"golds":[{"posx":6,"posy":0,"amount":400},{"posx":2,"posy":1,"amount":200},{"posx":4,"posy":1,"amount":300},{"posx":3,"posy":3,"amount":200},{"posx":7,"posy":3,"amount":300},{"posx":2,"posy":4,"amount":200},{"posx":4,"posy":6,"amount":350},{"posx":4,"posy":8,"amount":200}],"changedObstacles":[{"type":3,"posx":9,"posy":0,"value":-40}]},{"players":[{"playerId":675419,"score":1625,"energy":8,"posx":7,"posy":0,"lastAction":2,"status":0},{"playerId":2256302,"score":1550,"energy":27,"posx":7,"posy":3,"lastAction":0,"status":0},{"playerId":2238718,"score":750,"energy":0,"posx":10,"posy":1,"lastAction":6,"status":2},{"playerId":1168092,"score":1725,"energy":4,"posx":8,"posy":0,"lastAction":0,"status":0}],"golds":[{"posx":6,"posy":0,"amount":400},{"posx":2,"posy":1,"amount":200},{"posx":4,"posy":1,"amount":300},{"posx":3,"posy":3,"amount":200},{"posx":7,"posy":3,"amount":300},{"posx":2,"posy":4,"amount":200},{"posx":4,"posy":6,"amount":350},{"posx":4,"posy":8,"amount":200}],"changedObstacles":[{"type":3,"posx":7,"posy":0,"value":-20},{"type":0,"posx":8,"posy":0,"value":-1}]},{"players":[{"playerId":675419,"score":1625,"energy":4,"posx":6,"posy":0,"lastAction":0,"status":0},{"playerId":2256302,"score":1600,"energy":22,"posx":7,"posy":3,"lastAction":5,"status":0},{"playerId":2238718,"score":750,"energy":0,"posx":10,"posy":1,"lastAction":6,"status":2},{"playerId":1168092,"score":1725,"energy":16,"posx":8,"posy":0,"lastAction":4,"status":0}],"golds":[{"posx":6,"posy":0,"amount":400},{"posx":2,"posy":1,"amount":200},{"posx":4,"posy":1,"amount":300},{"posx":3,"posy":3,"amount":200},{"posx":7,"posy":3,"amount":250},{"posx":2,"posy":4,"amount":200},{"posx":4,"posy":6,"amount":350},{"posx":4,"posy":8,"amount":200}],"changedObstacles":[]},{"players":[{"playerId":675419,"score":1625,"energy":16,"posx":6,"posy":0,"lastAction":4,"status":0},{"playerId":2256302,"score":1650,"energy":17,"posx":7,"posy":3,"lastAction":5,"status":0},{"playerId":2238718,"score":750,"energy":0,"posx":10,"posy":1,"lastAction":6,"status":2},{"playerId":1168092,"score":1725,"energy":32,"posx":8,"posy":0,"lastAction":4,"status":0}],"golds":[{"posx":6,"posy":0,"amount":400},{"posx":2,"posy":1,"amount":200},{"posx":4,"posy":1,"amount":300},{"posx":3,"posy":3,"amount":200},{"posx":7,"posy":3,"amount":200},{"posx":2,"posy":4,"amount":200},{"posx":4,"posy":6,"amount":350},{"posx":4,"posy":8,"amount":200}],"changedObstacles":[]},{"players":[{"playerId":675419,"score":1625,"energy":32,"posx":6,"posy":0,"lastAction":4,"status":0},{"playerId":2256302,"score":1700,"energy":12,"posx":7,"posy":3,"lastAction":5,"status":0},{"playerId":2238718,"score":750,"energy":0,"posx":10,"posy":1,"lastAction":6,"status":2},{"playerId":1168092,"score":1725,"energy":12,"posx":7,"posy":0,"lastAction":0,"status":0}],"golds":[{"posx":6,"posy":0,"amount":400},{"posx":2,"posy":1,"amount":200},{"posx":4,"posy":1,"amount":300},{"posx":3,"posy":3,"amount":200},{"posx":7,"posy":3,"amount":150},{"posx":2,"posy":4,"amount":200},{"posx":4,"posy":6,"amount":350},{"posx":4,"posy":8,"amount":200}],"changedObstacles":[{"type":3,"posx":7,"posy":0,"value":-40}]},{"players":[{"playerId":675419,"score":1675,"energy":27,"posx":6,"posy":0,"lastAction":5,"status":0},{"playerId":2256302,"score":1750,"energy":7,"posx":7,"posy":3,"lastAction":5,"status":0},{"playerId":2238718,"score":750,"energy":0,"posx":10,"posy":1,"lastAction":6,"status":2},{"playerId":1168092,"score":1725,"energy":8,"posx":6,"posy":0,"lastAction":0,"status":0}],"golds":[{"posx":6,"posy":0,"amount":350},{"posx":2,"posy":1,"amount":200},{"posx":4,"posy":1,"amount":300},{"posx":3,"posy":3,"amount":200},{"posx":7,"posy":3,"amount":100},{"posx":2,"posy":4,"amount":200},{"posx":4,"posy":6,"amount":350},{"posx":4,"posy":8,"amount":200}],"changedObstacles":[]},{"players":[{"playerId":675419,"score":1725,"energy":22,"posx":6,"posy":0,"lastAction":5,"status":0},{"playerId":2256302,"score":1800,"energy":2,"posx":7,"posy":3,"lastAction":5,"status":0},{"playerId":2238718,"score":750,"energy":0,"posx":10,"posy":1,"lastAction":6,"status":2},{"playerId":1168092,"score":1775,"energy":3,"posx":6,"posy":0,"lastAction":5,"status":0}],"golds":[{"posx":6,"posy":0,"amount":250},{"posx":2,"posy":1,"amount":200},{"posx":4,"posy":1,"amount":300},{"posx":3,"posy":3,"amount":200},{"posx":7,"posy":3,"amount":50},{"posx":2,"posy":4,"amount":200},{"posx":4,"posy":6,"amount":350},{"posx":4,"posy":8,"amount":200}],"changedObstacles":[]},{"players":[{"playerId":675419,"score":1775,"energy":17,"posx":6,"posy":0,"lastAction":5,"status":0},{"playerId":2256302,"score":1800,"energy":14,"posx":7,"posy":3,"lastAction":4,"status":0},{"playerId":2238718,"score":750,"energy":0,"posx":10,"posy":1,"lastAction":6,"status":2},{"playerId":1168092,"score":1775,"energy":15,"posx":6,"posy":0,"lastAction":4,"status":0}],"golds":[{"posx":6,"posy":0,"amount":200},{"posx":2,"posy":1,"amount":200},{"posx":4,"posy":1,"amount":300},{"posx":3,"posy":3,"amount":200},{"posx":7,"posy":3,"amount":50},{"posx":2,"posy":4,"amount":200},{"posx":4,"posy":6,"amount":350},{"posx":4,"posy":8,"amount":200}],"changedObstacles":[]},{"players":[{"playerId":675419,"score":1825,"energy":12,"posx":6,"posy":0,"lastAction":5,"status":0},{"playerId":2256302,"score":1800,"energy":30,"posx":7,"posy":3,"lastAction":4,"status":0},{"playerId":2238718,"score":750,"energy":0,"posx":10,"posy":1,"lastAction":6,"status":2},{"playerId":1168092,"score":1775,"energy":31,"posx":6,"posy":0,"lastAction":4,"status":0}],"golds":[{"posx":6,"posy":0,"amount":150},{"posx":2,"posy":1,"amount":200},{"posx":4,"posy":1,"amount":300},{"posx":3,"posy":3,"amount":200},{"posx":7,"posy":3,"amount":50},{"posx":2,"posy":4,"amount":200},{"posx":4,"posy":6,"amount":350},{"posx":4,"posy":8,"amount":200}],"changedObstacles":[]},{"players":[{"playerId":675419,"score":1875,"energy":7,"posx":6,"posy":0,"lastAction":5,"status":0},{"playerId":2256302,"score":1850,"energy":25,"posx":7,"posy":3,"lastAction":5,"status":0},{"playerId":2238718,"score":750,"energy":0,"posx":10,"posy":1,"lastAction":6,"status":2},{"playerId":1168092,"score":1825,"energy":26,"posx":6,"posy":0,"lastAction":5,"status":0}],"golds":[{"posx":6,"posy":0,"amount":50},{"posx":2,"posy":1,"amount":200},{"posx":4,"posy":1,"amount":300},{"posx":3,"posy":3,"amount":200},{"posx":2,"posy":4,"amount":200},{"posx":4,"posy":6,"amount":350},{"posx":4,"posy":8,"amount":200}],"changedObstacles":[{"type":0,"posx":7,"posy":3,"value":-1}]},{"players":[{"playerId":675419,"score":1900,"energy":2,"posx":6,"posy":0,"lastAction":5,"status":0},{"playerId":2256302,"score":1850,"energy":24,"posx":6,"posy":3,"lastAction":0,"status":0},{"playerId":2238718,"score":750,"energy":0,"posx":10,"posy":1,"lastAction":6,"status":2},{"playerId":1168092,"score":1850,"energy":21,"posx":6,"posy":0,"lastAction":5,"status":0}],"golds":[{"posx":2,"posy":1,"amount":200},{"posx":4,"posy":1,"amount":300},{"posx":3,"posy":3,"amount":200},{"posx":2,"posy":4,"amount":200},{"posx":4,"posy":6,"amount":350},{"posx":4,"posy":8,"amount":200}],"changedObstacles":[{"type":0,"posx":6,"posy":0,"value":-1}]},{"players":[{"playerId":675419,"score":1900,"energy":14,"posx":6,"posy":0,"lastAction":4,"status":0},{"playerId":2256302,"score":1850,"energy":23,"posx":5,"posy":3,"lastAction":0,"status":0},{"playerId":2238718,"score":750,"energy":0,"posx":10,"posy":1,"lastAction":6,"status":2},{"playerId":1168092,"score":1850,"energy":11,"posx":6,"posy":1,"lastAction":3,"status":0}],"golds":[{"posx":2,"posy":1,"amount":200},{"posx":4,"posy":1,"amount":300},{"posx":3,"posy":3,"amount":200},{"posx":2,"posy":4,"amount":200},{"posx":4,"posy":6,"amount":350},{"posx":4,"posy":8,"amount":200}],"changedObstacles":[{"type":0,"posx":6,"posy":1,"value":-1}]},{"players":[{"playerId":675419,"score":1900,"energy":13,"posx":6,"posy":1,"lastAction":3,"status":0},{"playerId":2256302,"score":1850,"energy":5,"posx":4,"posy":3,"lastAction":0,"status":0},{"playerId":2238718,"score":750,"energy":0,"posx":10,"posy":1,"lastAction":6,"status":2},{"playerId":1168092,"score":1850,"energy":1,"posx":5,"posy":1,"lastAction":0,"status":0}],"golds":[{"posx":2,"posy":1,"amount":200},{"posx":4,"posy":1,"amount":300},{"posx":3,"posy":3,"amount":200},{"posx":2,"posy":4,"amount":200},{"posx":4,"posy":6,"amount":350},{"posx":4,"posy":8,"amount":200}],"changedObstacles":[{"type":0,"posx":5,"posy":1,"value":-1}]},{"players":[{"playerId":675419,"score":1900,"energy":12,"posx":5,"posy":1,"lastAction":0,"status":0},{"playerId":2256302,"score":1850,"energy":1,"posx":3,"posy":3,"lastAction":0,"status":0},{"playerId":2238718,"score":750,"energy":0,"posx":10,"posy":1,"lastAction":6,"status":2},{"playerId":1168092,"score":1850,"energy":13,"posx":5,"posy":1,"lastAction":4,"status":0}],"golds":[{"posx":2,"posy":1,"amount":200},{"posx":4,"posy":1,"amount":300},{"posx":3,"posy":3,"amount":200},{"posx":2,"posy":4,"amount":200},{"posx":4,"posy":6,"amount":350},{"posx":4,"posy":8,"amount":200}],"changedObstacles":[]},{"players":[{"playerId":675419,"score":1900,"energy":8,"posx":4,"posy":1,"lastAction":0,"status":0},{"playerId":2256302,"score":1850,"energy":13,"posx":3,"posy":3,"lastAction":4,"status":0},{"playerId":2238718,"score":750,"energy":0,"posx":10,"posy":1,"lastAction":6,"status":2},{"playerId":1168092,"score":1850,"energy":9,"posx":4,"posy":1,"lastAction":0,"status":0}],"golds":[{"posx":2,"posy":1,"amount":200},{"posx":4,"posy":1,"amount":300},{"posx":3,"posy":3,"amount":200},{"posx":2,"posy":4,"amount":200},{"posx":4,"posy":6,"amount":350},{"posx":4,"posy":8,"amount":200}],"changedObstacles":[]},{"players":[{"playerId":675419,"score":1950,"energy":3,"posx":4,"posy":1,"lastAction":5,"status":0},{"playerId":2256302,"score":1850,"energy":29,"posx":3,"posy":3,"lastAction":4,"status":0},{"playerId":2238718,"score":750,"energy":0,"posx":10,"posy":1,"lastAction":6,"status":2},{"playerId":1168092,"score":1900,"energy":4,"posx":4,"posy":1,"lastAction":5,"status":0}],"golds":[{"posx":2,"posy":1,"amount":200},{"posx":4,"posy":1,"amount":200},{"posx":3,"posy":3,"amount":200},{"posx":2,"posy":4,"amount":200},{"posx":4,"posy":6,"amount":350},{"posx":4,"posy":8,"amount":200}],"changedObstacles":[]},{"players":[{"playerId":675419,"score":1950,"energy":15,"posx":4,"posy":1,"lastAction":4,"status":0},{"playerId":2256302,"score":1900,"energy":24,"posx":3,"posy":3,"lastAction":5,"status":0},{"playerId":2238718,"score":750,"energy":0,"posx":10,"posy":1,"lastAction":6,"status":2},{"playerId":1168092,"score":1900,"energy":16,"posx":4,"posy":1,"lastAction":4,"status":0}],"golds":[{"posx":2,"posy":1,"amount":200},{"posx":4,"posy":1,"amount":200},{"posx":3,"posy":3,"amount":150},{"posx":2,"posy":4,"amount":200},{"posx":4,"posy":6,"amount":350},{"posx":4,"posy":8,"amount":200}],"changedObstacles":[]},{"players":[{"playerId":675419,"score":1950,"energy":31,"posx":4,"posy":1,"lastAction":4,"status":0},{"playerId":2256302,"score":1950,"energy":19,"posx":3,"posy":3,"lastAction":5,"status":0},{"playerId":2238718,"score":750,"energy":0,"posx":10,"posy":1,"lastAction":6,"status":2},{"playerId":1168092,"score":1900,"energy":32,"posx":4,"posy":1,"lastAction":4,"status":0}],"golds":[{"posx":2,"posy":1,"amount":200},{"posx":4,"posy":1,"amount":200},{"posx":3,"posy":3,"amount":100},{"posx":2,"posy":4,"amount":200},{"posx":4,"posy":6,"amount":350},{"posx":4,"posy":8,"amount":200}],"changedObstacles":[]},{"players":[{"playerId":675419,"score":2000,"energy":26,"posx":4,"posy":1,"lastAction":5,"status":0},{"playerId":2256302,"score":2000,"energy":14,"posx":3,"posy":3,"lastAction":5,"status":0},{"playerId":2238718,"score":750,"energy":0,"posx":10,"posy":1,"lastAction":6,"status":2},{"playerId":1168092,"score":1950,"energy":27,"posx":4,"posy":1,"lastAction":5,"status":0}],"golds":[{"posx":2,"posy":1,"amount":200},{"posx":4,"posy":1,"amount":100},{"posx":3,"posy":3,"amount":50},{"posx":2,"posy":4,"amount":200},{"posx":4,"posy":6,"amount":350},{"posx":4,"posy":8,"amount":200}],"changedObstacles":[]},{"players":[{"playerId":675419,"score":2050,"energy":21,"posx":4,"posy":1,"lastAction":5,"status":0},{"playerId":2256302,"score":2050,"energy":9,"posx":3,"posy":3,"lastAction":5,"status":0},{"playerId":2238718,"score":750,"energy":0,"posx":10,"posy":1,"lastAction":6,"status":2},{"playerId":1168092,"score":2000,"energy":22,"posx":4,"posy":1,"lastAction":5,"status":0}],"golds":[{"posx":2,"posy":1,"amount":200},{"posx":2,"posy":4,"amount":200},{"posx":4,"posy":6,"amount":350},{"posx":4,"posy":8,"amount":200}],"changedObstacles":[{"type":0,"posx":3,"posy":3,"value":-1},{"type":0,"posx":4,"posy":1,"value":-1}]},{"players":[{"playerId":675419,"score":2050,"energy":20,"posx":4,"posy":2,"lastAction":3,"status":0},{"playerId":2256302,"score":2050,"energy":8,"posx":3,"posy":4,"lastAction":3,"status":0},{"playerId":2238718,"score":750,"energy":0,"posx":10,"posy":1,"lastAction":6,"status":2},{"playerId":1168092,"score":2000,"energy":17,"posx":3,"posy":1,"lastAction":0,"status":0}],"golds":[{"posx":2,"posy":1,"amount":200},{"posx":2,"posy":4,"amount":200},{"posx":4,"posy":6,"amount":350},{"posx":4,"posy":8,"amount":200}],"changedObstacles":[{"type":3,"posx":3,"posy":1,"value":-20}]},{"players":[{"playerId":675419,"score":2050,"energy":19,"posx":3,"posy":2,"lastAction":0,"status":0},{"playerId":2256302,"score":2050,"energy":4,"posx":2,"posy":4,"lastAction":0,"status":0},{"playerId":2238718,"score":750,"energy":0,"posx":10,"posy":1,"lastAction":6,"status":2},{"playerId":1168092,"score":2000,"energy":13,"posx":2,"posy":1,"lastAction":0,"status":0}],"golds":[{"posx":2,"posy":1,"amount":200},{"posx":2,"posy":4,"amount":200},{"posx":4,"posy":6,"amount":350},{"posx":4,"posy":8,"amount":200}],"changedObstacles":[]},{"players":[{"playerId":675419,"score":2050,"energy":18,"posx":3,"posy":3,"lastAction":3,"status":0},{"playerId":2256302,"score":2050,"energy":16,"posx":2,"posy":4,"lastAction":4,"status":0},{"playerId":2238718,"score":750,"energy":0,"posx":10,"posy":1,"lastAction":6,"status":2},{"playerId":1168092,"score":2050,"energy":8,"posx":2,"posy":1,"lastAction":5,"status":0}],"golds":[{"posx":2,"posy":1,"amount":150},{"posx":2,"posy":4,"amount":200},{"posx":4,"posy":6,"amount":350},{"posx":4,"posy":8,"amount":200}],"changedObstacles":[]},{"players":[{"playerId":675419,"score":2050,"energy":17,"posx":3,"posy":4,"lastAction":3,"status":0},{"playerId":2256302,"score":2050,"energy":32,"posx":2,"posy":4,"lastAction":4,"status":0},{"playerId":2238718,"score":750,"energy":0,"posx":10,"posy":1,"lastAction":6,"status":2},{"playerId":1168092,"score":2100,"energy":3,"posx":2,"posy":1,"lastAction":5,"status":0}],"golds":[{"posx":2,"posy":1,"amount":100},{"posx":2,"posy":4,"amount":200},{"posx":4,"posy":6,"amount":350},{"posx":4,"posy":8,"amount":200}],"changedObstacles":[]},{"players":[{"playerId":675419,"score":2050,"energy":12,"posx":3,"posy":5,"lastAction":3,"status":0},{"playerId":2256302,"score":2100,"energy":27,"posx":2,"posy":4,"lastAction":5,"status":0},{"playerId":2238718,"score":750,"energy":0,"posx":10,"posy":1,"lastAction":6,"status":2},{"playerId":1168092,"score":2100,"energy":15,"posx":2,"posy":1,"lastAction":4,"status":0}],"golds":[{"posx":2,"posy":1,"amount":100},{"posx":2,"posy":4,"amount":150},{"posx":4,"posy":6,"amount":350},{"posx":4,"posy":8,"amount":200}],"changedObstacles":[{"type":3,"posx":3,"posy":5,"value":-20}]},{"players":[{"playerId":675419,"score":2050,"energy":11,"posx":3,"posy":6,"lastAction":3,"status":0},{"playerId":2256302,"score":2150,"energy":22,"posx":2,"posy":4,"lastAction":5,"status":0},{"playerId":2238718,"score":750,"energy":0,"posx":10,"posy":1,"lastAction":6,"status":2},{"playerId":1168092,"score":2100,"energy":31,"posx":2,"posy":1,"lastAction":4,"status":0}],"golds":[{"posx":2,"posy":1,"amount":100},{"posx":2,"posy":4,"amount":100},{"posx":4,"posy":6,"amount":350},{"posx":4,"posy":8,"amount":200}],"changedObstacles":[]},{"players":[{"playerId":675419,"score":2050,"energy":7,"posx":4,"posy":6,"lastAction":1,"status":0},{"playerId":2256302,"score":2200,"energy":17,"posx":2,"posy":4,"lastAction":5,"status":0},{"playerId":2238718,"score":750,"energy":0,"posx":10,"posy":1,"lastAction":6,"status":2},{"playerId":1168092,"score":2150,"energy":26,"posx":2,"posy":1,"lastAction":5,"status":0}],"golds":[{"posx":2,"posy":1,"amount":50},{"posx":2,"posy":4,"amount":50},{"posx":4,"posy":6,"amount":350},{"posx":4,"posy":8,"amount":200}],"changedObstacles":[]},{"players":[{"playerId":675419,"score":2100,"energy":2,"posx":4,"posy":6,"lastAction":5,"status":0},{"playerId":2256302,"score":2250,"energy":12,"posx":2,"posy":4,"lastAction":5,"status":0},{"playerId":2238718,"score":750,"energy":0,"posx":10,"posy":1,"lastAction":6,"status":2},{"playerId":1168092,"score":2200,"energy":21,"posx":2,"posy":1,"lastAction":5,"status":0}],"golds":[{"posx":4,"posy":6,"amount":300},{"posx":4,"posy":8,"amount":200}],"changedObstacles":[{"type":0,"posx":2,"posy":4,"value":-1},{"type":0,"posx":2,"posy":1,"value":-1}]},{"players":[{"playerId":675419,"score":2100,"energy":14,"posx":4,"posy":6,"lastAction":4,"status":0},{"playerId":2256302,"score":2250,"energy":11,"posx":2,"posy":5,"lastAction":3,"status":0},{"playerId":2238718,"score":750,"energy":0,"posx":10,"posy":1,"lastAction":6,"status":2},{"playerId":1168092,"score":2200,"energy":20,"posx":2,"posy":2,"lastAction":3,"status":0}],"golds":[{"posx":4,"posy":6,"amount":300},{"posx":4,"posy":8,"amount":200}],"changedObstacles":[]},{"players":[{"playerId":675419,"score":2100,"energy":30,"posx":4,"posy":6,"lastAction":4,"status":0},{"playerId":2256302,"score":2250,"energy":6,"posx":2,"posy":6,"lastAction":3,"status":0},{"playerId":2238718,"score":750,"energy":0,"posx":10,"posy":1,"lastAction":6,"status":2},{"playerId":1168092,"score":2200,"energy":19,"posx":2,"posy":3,"lastAction":3,"status":0}],"golds":[{"posx":4,"posy":6,"amount":300},{"posx":4,"posy":8,"amount":200}],"changedObstacles":[{"type":3,"posx":2,"posy":6,"value":-20}]},{"players":[{"playerId":675419,"score":2150,"energy":25,"posx":4,"posy":6,"lastAction":5,"status":0},{"playerId":2256302,"score":2250,"energy":5,"posx":3,"posy":6,"lastAction":1,"status":0},{"playerId":2238718,"score":750,"energy":0,"posx":10,"posy":1,"lastAction":6,"status":2},{"playerId":1168092,"score":2200,"energy":18,"posx":2,"posy":4,"lastAction":3,"status":0}],"golds":[{"posx":4,"posy":6,"amount":250},{"posx":4,"posy":8,"amount":200}],"changedObstacles":[]}]