[{"players":[{"playerId":2410245,"score":0,"energy":46,"posx":16,"posy":1,"lastAction":1,"status":0},{"playerId":2237456,"score":0,"energy":46,"posx":16,"posy":1,"lastAction":1,"status":0},{"playerId":277917,"score":0,"energy":46,"posx":14,"posy":1,"lastAction":0,"status":0},{"playerId":2415753,"score":0,"energy":46,"posx":16,"posy":1,"lastAction":1,"status":0}],"golds":[{"posx":6,"posy":6,"amount":100},{"posx":13,"posy":2,"amount":150},{"posx":16,"posy":4,"amount":700},{"posx":8,"posy":0,"amount":550},{"posx":19,"posy":6,"amount":650},{"posx":7,"posy":1,"amount":550},{"posx":16,"posy":1,"amount":450},{"posx":9,"posy":3,"amount":400},{"posx":11,"posy":3,"amount":700},{"posx":9,"posy":7,"amount":300},{"posx":14,"posy":1,"amount":100},{"posx":7,"posy":4,"amount":600},{"posx":0,"posy":1,"amount":400},{"posx":13,"posy":3,"amount":550},{"posx":1,"posy":1,"amount":700},{"posx":15,"posy":6,"amount":700},{"posx":6,"posy":3,"amount":750},{"posx":0,"posy":0,"amount":650},{"posx":6,"posy":5,"amount":100},{"posx":18,"posy":2,"amount":250}],"changedObstacles":[]},{"players":[{"playerId":2410245,"score":50,"energy":41,"posx":16,"posy":1,"lastAction":5,"status":0},{"playerId":2237456,"score":50,"energy":41,"posx":16,"posy":1,"lastAction":5,"status":0},{"playerId":277917,"score":50,"energy":41,"posx":14,"posy":1,"lastAction":5,"status":0},{"playerId":2415753,"score":50,"energy":41,"posx":16,"posy":1,"lastAction":5,"status":0}],"golds":[{"posx":0,"posy":0,"amount":650},{"posx":8,"posy":0,"amount":550},{"posx":0,"posy":1,"amount":400},{"posx":1,"posy":1,"amount":700},{"posx":7,"posy":1,"amount":550},{"posx":14,"posy":1,"amount":50},{"posx":16,"posy":1,"amount":300},{"posx":13,"posy":2,"amount":150},{"posx":18,"posy":2,"amount":250},{"posx":6,"posy":3,"amount":750},{"posx":9,"posy":3,"amount":400},{"posx":11,"posy":3,"amount":700},{"posx":13,"posy":3,"amount":550},{"posx":7,"posy":4,"amount":600},{"posx":16,"posy":4,"amount":700},{"posx":6,"posy":5,"amount":100},{"posx":6,"posy":6,"amount":100},{"posx":15,"posy":6,"amount":700},{"posx":19,"posy":6,"amount":650},{"posx":9,"posy":7,"amount":300}],"changedObstacles":[]},{"players":[{"playerId":2410245,"score":100,"energy":36,"posx":16,"posy":1,"lastAction":5,"status":0},{"playerId":2237456,"score":100,"energy":36,"posx":16,"posy":1,"lastAction":5,"status":0},{"playerId":277917,"score":100,"energy":36,"posx":14,"posy":1,"lastAction":5,"status":0},{"playerId":2415753,"score":100,"energy":36,"posx":16,"posy":1,"lastAction":5,"status":0}],"golds":[{"posx":0,"posy":0,"amount":650},{"posx":8,"posy":0,"amount":550},{"posx":0,"posy":1,"amount":400},{"posx":1,"posy":1,"amount":700},{"posx":7,"posy":1,"amount":550},{"posx":16,"posy":1,"amount":150},{"posx":13,"posy":2,"amount":150},{"posx":18,"posy":2,"amount":250},{"posx":6,"posy":3,"amount":750},{"posx":9,"posy":3,"amount":400},{"posx":11,"posy":3,"amount":700},{"posx":13,"posy":3,"amount":550},{"posx":7,"posy":4,"amount":600},{"posx":16,"posy":4,"amount":700},{"posx":6,"posy":5,"amount":100},{"posx":6,"posy":6,"amount":100},{"posx":15,"posy":6,"amount":700},{"posx":19,"posy":6,"amount":650},{"posx":9,"posy":7,"amount":300}],"changedObstacles":[{"type":0,"posx":14,"posy":1,"value":-1}]},{"players":[{"playerId":2410245,"score":150,"energy":31,"posx":16,"posy":1,"lastAction":5,"status":0},{"playerId":2237456,"score":150,"energy":31,"posx":16,"posy":1,"lastAction":5,"status":0},{"playerId":277917,"score":100,"energy":35,"posx":14,"posy":2,"lastAction":3,"status":0},{"playerId":2415753,"score":150,"energy":31,"posx":16,"posy":1,"lastAction":5,"status":0}],"golds":[{"posx":0,"posy":0,"amount":650},{"posx":8,"posy":0,"amount":550},{"posx":0,"posy":1,"amount":400},{"posx":1,"posy":1,"amount":700},{"posx":7,"posy":1,"amount":550},{"posx":13,"posy":2,"amount":150},{"posx":18,"posy":2,"amount":250},{"posx":6,"posy":3,"amount":750},{"posx":9,"posy":3,"amount":400},{"posx":11,"posy":3,"amount":700},{"posx":13,"posy":3,"amount":550},{"posx":7,"posy":4,"amount":600},{"posx":16,"posy":4,"amount":700},{"posx":6,"posy":5,"amount":100},{"posx":6,"posy":6,"amount":100},{"posx":15,"posy":6,"amount":700},{"posx":19,"posy":6,"amount":650},{"posx":9,"posy":7,"amount":300}],"changedObstacles":[{"type":0,"posx":16,"posy":1,"value":-1}]},{"players":[{"playerId":2410245,"score":150,"energy":26,"posx":16,"posy":2,"lastAction":3,"status":0},{"playerId":2237456,"score":150,"energy":30,"posx":15,"posy":1,"lastAction":0,"status":0},{"playerId":277917,"score":100,"energy":31,"posx":13,"posy":2,"lastAction":0,"status":0},{"playerId":2415753,"score":150,"energy":26,"posx":16,"posy":2,"lastAction":3,"status":0}],"golds":[{"posx":0,"posy":0,"amount":650},{"posx":8,"posy":0,"amount":550},{"posx":0,"posy":1,"amount":400},{"posx":1,"posy":1,"amount":700},{"posx":7,"posy":1,"amount":550},{"posx":13,"posy":2,"amount":150},{"posx":18,"posy":2,"amount":250},{"posx":6,"posy":3,"amount":750},{"posx":9,"posy":3,"amount":400},{"posx":11,"posy":3,"amount":700},{"posx":13,"posy":3,"amount":550},{"posx":7,"posy":4,"amount":600},{"posx":16,"posy":4,"amount":700},{"posx":6,"posy":5,"amount":100},{"posx":6,"posy":6,"amount":100},{"posx":15,"posy":6,"amount":700},{"posx":19,"posy":6,"amount":650},{"posx":9,"posy":7,"amount":300}],"changedObstacles":[{"type":3,"posx":16,"posy":2,"value":-20}]},{"players":[{"playerId":2410245,"score":150,"energy":21,"posx":16,"posy":3,"lastAction":3,"status":0},{"playerId":2237456,"score":150,"energy":29,"posx":14,"posy":1,"lastAction":0,"status":0},{"playerId":277917,"score":150,"energy":26,"posx":13,"posy":2,"lastAction":5,"status":0},{"playerId":2415753,"score":150,"energy":21,"posx":16,"posy":3,"lastAction":3,"status":0}],"golds":[{"posx":0,"posy":0,"amount":650},{"posx":8,"posy":0,"amount":550},{"posx":0,"posy":1,"amount":400},{"posx":1,"posy":1,"amount":700},{"posx":7,"posy":1,"amount":550},{"posx":13,"posy":2,"amount":100},{"posx":18,"posy":2,"amount":250},{"posx":6,"posy":3,"amount":750},{"posx":9,"posy":3,"amount":400},{"posx":11,"posy":3,"amount":700},{"posx":13,"posy":3,"amount":550},{"posx":7,"posy":4,"amount":600},{"posx":16,"posy":4,"amount":700},{"posx":6,"posy":5,"amount":100},{"posx":6,"posy":6,"amount":100},{"posx":15,"posy":6,"amount":700},{"posx":19,"posy":6,"amount":650},{"posx":9,"posy":7,"amount":300}],"changedObstacles":[{"type":3,"posx":16,"posy":3,"value":-20}]},{"players":[{"playerId":2410245,"score":150,"energy":17,"posx":16,"posy":4,"lastAction":3,"status":0},{"playerId":2237456,"score":150,"energy":28,"posx":14,"posy":2,"lastAction":3,"status":0},{"playerId":277917,"score":200,"energy":21,"posx":13,"posy":2,"lastAction":5,"status":0},{"playerId":2415753,"score":150,"energy":17,"posx":16,"posy":4,"lastAction":3,"status":0}],"golds":[{"posx":0,"posy":0,"amount":650},{"posx":8,"posy":0,"amount":550},{"posx":0,"posy":1,"amount":400},{"posx":1,"posy":1,"amount":700},{"posx":7,"posy":1,"amount":550},{"posx":13,"posy":2,"amount":50},{"posx":18,"posy":2,"amount":250},{"posx":6,"posy":3,"amount":750},{"posx":9,"posy":3,"amount":400},{"posx":11,"posy":3,"amount":700},{"posx":13,"posy":3,"amount":550},{"posx":7,"posy":4,"amount":600},{"posx":16,"posy":4,"amount":700},{"posx":6,"posy":5,"amount":100},{"posx":6,"posy":6,"amount":100},{"posx":15,"posy":6,"amount":700},{"posx":19,"posy":6,"amount":650},{"posx":9,"posy":7,"amount":300}],"changedObstacles":[]},{"players":[{"playerId":2410245,"score":200,"energy":12,"posx":16,"posy":4,"lastAction":5,"status":0},{"playerId":2237456,"score":150,"energy":24,"posx":13,"posy":2,"lastAction":0,"status":0},{"playerId":277917,"score":250,"energy":16,"posx":13,"posy":2,"lastAction":5,"status":0},{"playerId":2415753,"score":200,"energy":12,"posx":16,"posy":4,"lastAction":5,"status":0}],"golds":[{"posx":0,"posy":0,"amount":650},{"posx":8,"posy":0,"amount":550},{"posx":0,"posy":1,"amount":400},{"posx":1,"posy":1,"amount":700},{"posx":7,"posy":1,"amount":550},{"posx":18,"posy":2,"amount":250},{"posx":6,"posy":3,"amount":750},{"posx":9,"posy":3,"amount":400},{"posx":11,"posy":3,"amount":700},{"posx":13,"posy":3,"amount":550},{"posx":7,"posy":4,"amount":600},{"posx":16,"posy":4,"amount":600},{"posx":6,"posy":5,"amount":100},{"posx":6,"posy":6,"amount":100},{"posx":15,"posy":6,"amount":700},{"posx":19,"posy":6,"amount":650},{"posx":9,"posy":7,"amount":300}],"changedObstacles":[{"type":0,"posx":13,"posy":2,"value":-1}]},{"players":[{"playerId":2410245,"score":250,"energy":7,"posx":16,"posy":4,"lastAction":5,"status":0},{"playerId":2237456,"score":150,"energy":23,"posx":12,"posy":2,"lastAction":0,"status":0},{"playerId":277917,"score":250,"energy":12,"posx":13,"posy":3,"lastAction":3,"status":0},{"playerId":2415753,"score":250,"energy":7,"posx":16,"posy":4,"lastAction":5,"status":0}],"golds":[{"posx":0,"posy":0,"amount":650},{"posx":8,"posy":0,"amount":550},{"posx":0,"posy":1,"amount":400},{"posx":1,"posy":1,"amount":700},{"posx":7,"posy":1,"amount":550},{"posx":18,"posy":2,"amount":250},{"posx":6,"posy":3,"amount":750},{"posx":9,"posy":3,"amount":400},{"posx":11,"posy":3,"amount":700},{"posx":13,"posy":3,"amount":550},{"posx":7,"posy":4,"amount":600},{"posx":16,"posy":4,"amount":500},{"posx":6,"posy":5,"amount":100},{"posx":6,"posy":6,"amount":100},{"posx":15,"posy":6,"amount":700},{"posx":19,"posy":6,"amount":650},{"posx":9,"posy":7,"amount":300}],"changedObstacles":[]},{"players":[{"playerId":2410245,"score":300,"energy":2,"posx":16,"posy":4,"lastAction":5,"status":0},{"playerId":2237456,"score":150,"energy":22,"posx":11,"posy":2,"lastAction":0,"status":0},{"playerId":277917,"score":300,"energy":7,"posx":13,"posy":3,"lastAction":5,"status":0},{"playerId":2415753,"score":300,"energy":2,"posx":16,"posy":4,"lastAction":5,"status":0}],"golds":[{"posx":0,"posy":0,"amount":650},{"posx":8,"posy":0,"amount":550},{"posx":0,"posy":1,"amount":400},{"posx":1,"posy":1,"amount":700},{"posx":7,"posy":1,"amount":550},{"posx":18,"posy":2,"amount":250},{"posx":6,"posy":3,"amount":750},{"posx":9,"posy":3,"amount":400},{"posx":11,"posy":3,"amount":700},{"posx":13,"posy":3,"amount":500},{"posx":7,"posy":4,"amount":600},{"posx":16,"posy":4,"amount":400},{"posx":6,"posy":5,"amount":100},{"posx":6,"posy":6,"amount":100},{"posx":15,"posy":6,"amount":700},{"posx":19,"posy":6,"amount":650},{"posx":9,"posy":7,"amount":300}],"changedObstacles":[]},{"players":[{"playerId":2410245,"score":300,"energy":14,"posx":16,"posy":4,"lastAction":4,"status":0},{"playerId":2237456,"score":150,"energy":18,"posx":11,"posy":3,"lastAction":3,"status":0},{"playerId":277917,"score":350,"energy":2,"posx":13,"posy":3,"lastAction":5,"status":0},{"playerId":2415753,"score":300,"energy":14,"posx":16,"posy":4,"lastAction":4,"status":0}],"golds":[{"posx":0,"posy":0,"amount":650},{"posx":8,"posy":0,"amount":550},{"posx":0,"posy":1,"amount":400},{"posx":1,"posy":1,"amount":700},{"posx":7,"posy":1,"amount":550},{"posx":18,"posy":2,"amount":250},{"posx":6,"posy":3,"amount":750},{"posx":9,"posy":3,"amount":400},{"posx":11,"posy":3,"amount":700},{"posx":13,"posy":3,"amount":450},{"posx":7,"posy":4,"amount":600},{"posx":16,"posy":4,"amount":400},{"posx":6,"posy":5,"amount":100},{"posx":6,"posy":6,"amount":100},{"posx":15,"posy":6,"amount":700},{"posx":19,"posy":6,"amount":650},{"posx":9,"posy":7,"amount":300}],"changedObstacles":[]},{"players":[{"playerId":2410245,"score":350,"energy":9,"posx":16,"posy":4,"lastAction":5,"status":0},{"playerId":2237456,"score":200,"energy":13,"posx":11,"posy":3,"lastAction":5,"status":0},{"playerId":277917,"score":350,"energy":14,"posx":13,"posy":3,"lastAction":4,"status":0},{"playerId":2415753,"score":300,"energy":30,"posx":16,"posy":4,"lastAction":4,"status":0}],"golds":[{"posx":0,"posy":0,"amount":650},{"posx":8,"posy":0,"amount":550},{"posx":0,"posy":1,"amount":400},{"posx":1,"posy":1,"amount":700},{"posx":7,"posy":1,"amount":550},{"posx":18,"posy":2,"amount":250},{"posx":6,"posy":3,"amount":750},{"posx":9,"posy":3,"amount":400},{"posx":11,"posy":3,"amount":650},{"posx":13,"posy":3,"amount":450},{"posx":7,"posy":4,"amount":600},{"posx":16,"posy":4,"amount":350},{"posx":6,"posy":5,"amount":100},{"posx":6,"posy":6,"amount":100},{"posx":15,"posy":6,"amount":700},{"posx":19,"posy":6,"amount":650},{"posx":9,"posy":7,"amount":300}],"changedObstacles":[]},{"players":[{"playerId":2410245,"score":400,"energy":4,"posx":16,"posy":4,"lastAction":5,"status":0},{"playerId":2237456,"score":250,"energy":8,"posx":11,"posy":3,"lastAction":5,"status":0},{"playerId":277917,"score":350,"energy":30,"posx":13,"posy":3,"lastAction":4,"status":0},{"playerId":2415753,"score":350,"energy":25,"posx":16,"posy":4,"lastAction":5,"status":0}],"golds":[{"posx":0,"posy":0,"amount":650},{"posx":8,"posy":0,"amount":550},{"posx":0,"posy":1,"amount":400},{"posx":1,"posy":1,"amount":700},{"posx":7,"posy":1,"amount":550},{"posx":18,"posy":2,"amount":250},{"posx":6,"posy":3,"amount":750},{"posx":9,"posy":3,"amount":400},{"posx":11,"posy":3,"amount":600},{"posx":13,"posy":3,"amount":450},{"posx":7,"posy":4,"amount":600},{"posx":16,"posy":4,"amount":250},{"posx":6,"posy":5,"amount":100},{"posx":6,"posy":6,"amount":100},{"posx":15,"posy":6,"amount":700},{"posx":19,"posy":6,"amount":650},{"posx":9,"posy":7,"amount":300}],"changedObstacles":[]},{"players":[{"playerId":2410245,"score":400,"energy":16,"posx":16,"posy":4,"lastAction":4,"status":0},{"playerId":2237456,"score":300,"energy":3,"posx":11,"posy":3,"lastAction":5,"status":0},{"playerId":277917,"score":350,"energy":50,"posx":13,"posy":3,"lastAction":4,"status":0},{"playerId":2415753,"score":400,"energy":20,"posx":16,"posy":4,"lastAction":5,"status":0}],"golds":[{"posx":0,"posy":0,"amount":650},{"posx":8,"posy":0,"amount":550},{"posx":0,"posy":1,"amount":400},{"posx":1,"posy":1,"amount":700},{"posx":7,"posy":1,"amount":550},{"posx":18,"posy":2,"amount":250},{"posx":6,"posy":3,"amount":750},{"posx":9,"posy":3,"amount":400},{"posx":11,"posy":3,"amount":550},{"posx":13,"posy":3,"amount":450},{"posx":7,"posy":4,"amount":600},{"posx":16,"posy":4,"amount":200},{"posx":6,"posy":5,"amount":100},{"posx":6,"posy":6,"amount":100},{"posx":15,"posy":6,"amount":700},{"posx":19,"posy":6,"amount":650},{"posx":9,"posy":7,"amount":300}],"changedObstacles":[]},{"players":[{"playerId":2410245,"score":450,"energy":11,"posx":16,"posy":4,"lastAction":5,"status":0},{"playerId":2237456,"score":300,"energy":15,"posx":11,"posy":3,"lastAction":4,"status":0},{"playerId":277917,"score":400,"energy":45,"posx":13,"posy":3,"lastAction":5,"status":0},{"playerId":2415753,"score":450,"energy":15,"posx":16,"posy":4,"lastAction":5,"status":0}],"golds":[{"posx":0,"posy":0,"amount":650},{"posx":8,"posy":0,"amount":550},{"posx":0,"posy":1,"amount":400},{"posx":1,"posy":1,"amount":700},{"posx":7,"posy":1,"amount":550},{"posx":18,"posy":2,"amount":250},{"posx":6,"posy":3,"amount":750},{"posx":9,"posy":3,"amount":400},{"posx":11,"posy":3,"amount":550},{"posx":13,"posy":3,"amount":400},{"posx":7,"posy":4,"amount":600},{"posx":16,"posy":4,"amount":100},{"posx":6,"posy":5,"amount":100},{"posx":6,"posy":6,"amount":100},{"posx":15,"posy":6,"amount":700},{"posx":19,"posy":6,"amount":650},{"posx":9,"posy":7,"amount":300}],"changedObstacles":[]},{"players":[{"playerId":2410245,"score":500,"energy":6,"posx":16,"posy":4,"lastAction":5,"status":0},{"playerId":2237456,"score":300,"energy":31,"posx":11,"posy":3,"lastAction":4,"status":0},{"playerId":277917,"score":450,"energy":40,"posx":13,"posy":3,"lastAction":5,"status":0},{"playerId":2415753,"score":500,"energy":10,"posx":16,"posy":4,"lastAction":5,"status":0}],"golds":[{"posx":0,"posy":0,"amount":650},{"posx":8,"posy":0,"amount":550},{"posx":0,"posy":1,"amount":400},{"posx":1,"posy":1,"amount":700},{"posx":7,"posy":1,"amount":550},{"posx":18,"posy":2,"amount":250},{"posx":6,"posy":3,"amount":750},{"posx":9,"posy":3,"amount":400},{"posx":11,"posy":3,"amount":550},{"posx":13,"posy":3,"amount":350},{"posx":7,"posy":4,"amount":600},{"posx":6,"posy":5,"amount":100},{"posx":6,"posy":6,"amount":100},{"posx":15,"posy":6,"amount":700},{"posx":19,"posy":6,"amount":650},{"posx":9,"posy":7,"amount":300}],"changedObstacles":[{"type":0,"posx":16,"posy":4,"value":-1}]},{"players":[{"playerId":2410245,"score":500,"energy":1,"posx":16,"posy":5,"lastAction":3,"status":0},{"playerId":2237456,"score":300,"energy":50,"posx":11,"posy":3,"lastAction":4,"status":0},{"playerId":277917,"score":500,"energy":35,"posx":13,"posy":3,"lastAction":5,"status":0},{"playerId":2415753,"score":500,"energy":5,"posx":16,"posy":5,"lastAction":3,"status":0}],"golds":[{"posx":0,"posy":0,"amount":650},{"posx":8,"posy":0,"amount":550},{"posx":0,"posy":1,"amount":400},{"posx":1,"posy":1,"amount":700},{"posx":7,"posy":1,"amount":550},{"posx":18,"posy":2,"amount":250},{"posx":6,"posy":3,"amount":750},{"posx":9,"posy":3,"amount":400},{"posx":11,"posy":3,"amount":550},{"posx":13,"posy":3,"amount":300},{"posx":7,"posy":4,"amount":600},{"posx":6,"posy":5,"amount":100},{"posx":6,"posy":6,"amount":100},{"posx":15,"posy":6,"amount":700},{"posx":19,"posy":6,"amount":650},{"posx":9,"posy":7,"amount":300}],"changedObstacles":[{"type":3,"posx":16,"posy":5,"value":-20}]},{"players":[{"playerId":2410245,"score":500,"energy":13,"posx":16,"posy":5,"lastAction":4,"status":0},{"playerId":2237456,"score":350,"energy":45,"posx":11,"posy":3,"lastAction":5,"status":0},{"playerId":277917,"score":550,"energy":30,"posx":13,"posy":3,"lastAction":5,"status":0},{"playerId":2415753,"score":500,"energy":4,"posx":15,"posy":5,"lastAction":0,"status":0}],"golds":[{"posx":0,"posy":0,"amount":650},{"posx":8,"posy":0,"amount":550},{"posx":0,"posy":1,"amount":400},{"posx":1,"posy":1,"amount":700},{"posx":7,"posy":1,"amount":550},{"posx":18,"posy":2,"amount":250},{"posx":6,"posy":3,"amount":750},{"posx":9,"posy":3,"amount":400},{"posx":11,"posy":3,"amount":500},{"posx":13,"posy":3,"amount":250},{"posx":7,"posy":4,"amount":600},{"posx":6,"posy":5,"amount":100},{"posx":6,"posy":6,"amount":100},{"posx":15,"posy":6,"amount":700},{"posx":19,"posy":6,"amount":650},{"posx":9,"posy":7,"amount":300}],"changedObstacles":[]},{"players":[{"playerId":2410245,"score":500,"energy":12,"posx":16,"posy":6,"lastAction":3,"status":0},{"playerId":2237456,"score":400,"energy":40,"posx":11,"posy":3,"lastAction":5,"status":0},{"playerId":277917,"score":600,"energy":25,"posx":13,"posy":3,"lastAction":5,"status":0},{"playerId":2415753,"score":500,"energy":16,"posx":15,"posy":5,"lastAction":4,"status":0}],"golds":[{"posx":0,"posy":0,"amount":650},{"posx":8,"posy":0,"amount":550},{"posx":0,"posy":1,"amount":400},{"posx":1,"posy":1,"amount":700},{"posx":7,"posy":1,"amount":550},{"posx":18,"posy":2,"amount":250},{"posx":6,"posy":3,"amount":750},{"posx":9,"posy":3,"amount":400},{"posx":11,"posy":3,"amount":450},{"posx":13,"posy":3,"amount":200},{"posx":7,"posy":4,"amount":600},{"posx":6,"posy":5,"amount":100},{"posx":6,"posy":6,"amount":100},{"posx":15,"posy":6,"amount":700},{"posx":19,"posy":6,"amount":650},{"posx":9,"posy":7,"amount":300}],"changedObstacles":[]},{"players":[{"playerId":2410245,"score":500,"energy":8,"posx":15,"posy":6,"lastAction":0,"status":0},{"playerId":2237456,"score":450,"energy":35,"posx":11,"posy":3,"lastAction":5,"status":0},{"playerId":277917,"score":650,"energy":20,"posx":13,"posy":3,"lastAction":5,"status":0},{"playerId":2415753,"score":500,"energy":32,"posx":15,"posy":5,"lastAction":4,"status":0}],"golds":[{"posx":0,"posy":0,"amount":650},{"posx":8,"posy":0,"amount":550},{"posx":0,"posy":1,"amount":400},{"posx":1,"posy":1,"amount":700},{"posx":7,"posy":1,"amount":550},{"posx":18,"posy":2,"amount":250},{"posx":6,"posy":3,"amount":750},{"posx":9,"posy":3,"amount":400},{"posx":11,"posy":3,"amount":400},{"posx":13,"posy":3,"amount":150},{"posx":7,"posy":4,"amount":600},{"posx":6,"posy":5,"amount":100},{"posx":6,"posy":6,"amount":100},{"posx":15,"posy":6,"amount":700},{"posx":19,"posy":6,"amount":650},{"posx":9,"posy":7,"amount":300}],"changedObstacles":[]},{"players":[{"playerId":2410245,"score":550,"energy":3,"posx":15,"posy":6,"lastAction":5,"status":0},{"playerId":2237456,"score":500,"energy":30,"posx":11,"posy":3,"lastAction":5,"status":0},{"playerId":277917,"score":700,"energy":15,"posx":13,"posy":3,"lastAction":5,"status":0},{"playerId":2415753,"score":500,"energy":50,"posx":15,"posy":5,"lastAction":4,"status":0}],"golds":[{"posx":0,"posy":0,"amount":650},{"posx":8,"posy":0,"amount":550},{"posx":0,"posy":1,"amount":400},{"posx":1,"posy":1,"amount":700},{"posx":7,"posy":1,"amount":550},{"posx":18,"posy":2,"amount":250},{"posx":6,"posy":3,"amount":750},{"posx":9,"posy":3,"amount":400},{"posx":11,"posy":3,"amount":350},{"posx":13,"posy":3,"amount":100},{"posx":7,"posy":4,"amount":600},{"posx":6,"posy":5,"amount":100},{"posx":6,"posy":6,"amount":100},{"posx":15,"posy":6,"amount":650},{"posx":19,"posy":6,"amount":650},{"posx":9,"posy":7,"amount":300}],"changedObstacles":[]},{"players":[{"playerId":2410245,"score":550,"energy":15,"posx":15,"posy":6,"lastAction":4,"status":0},{"playerId":2237456,"score":550,"energy":25,"posx":11,"posy":3,"lastAction":5,"status":0},{"playerId":277917,"score":750,"energy":10,"posx":13,"posy":3,"lastAction":5,"status":0},{"playerId":2415753,"score":500,"energy":46,"posx":15,"posy":6,"lastAction":3,"status":0}],"golds":[{"posx":0,"posy":0,"amount":650},{"posx":8,"posy":0,"amount":550},{"posx":0,"posy":1,"amount":400},{"posx":1,"posy":1,"amount":700},{"posx":7,"posy":1,"amount":550},{"posx":18,"posy":2,"amount":250},{"posx":6,"posy":3,"amount":750},{"posx":9,"posy":3,"amount":400},{"posx":11,"posy":3,"amount":300},{"posx":13,"posy":3,"amount":50},{"posx":7,"posy":4,"amount":600},{"posx":6,"posy":5,"amount":100},{"posx":6,"posy":6,"amount":100},{"posx":15,"posy":6,"amount":650},{"posx":19,"posy":6,"amount":650},{"posx":9,"posy":7,"amount":300}],"changedObstacles":[]},{"players":[{"playerId":2410245,"score":600,"energy":10,"posx":15,"posy":6,"lastAction":5,"status":0},{"playerId":2237456,"score":600,"energy":20,"posx":11,"posy":3,"lastAction":5,"status":0},{"playerId":277917,"score":800,"energy":5,"posx":13,"posy":3,"lastAction":5,"status":0},{"playerId":2415753,"score":550,"energy":41,"posx":15,"posy":6,"lastAction":5,"status":0}],"golds":[{"posx":0,"posy":0,"amount":650},{"posx":8,"posy":0,"amount":550},{"posx":0,"posy":1,"amount":400},{"posx":1,"posy":1,"amount":700},{"posx":7,"posy":1,"amount":550},{"posx":18,"posy":2,"amount":250},{"posx":6,"posy":3,"amount":750},{"posx":9,"posy":3,"amount":400},{"posx":11,"posy":3,"amount":250},{"posx":7,"posy":4,"amount":600},{"posx":6,"posy":5,"amount":100},{"posx":6,"posy":6,"amount":100},{"posx":15,"posy":6,"amount":550},{"posx":19,"posy":6,"amount":650},{"posx":9,"posy":7,"amount":300}],"changedObstacles":[{"type":0,"posx":13,"posy":3,"value":-1}]},{"players":[{"playerId":2410245,"score":650,"energy":5,"posx":15,"posy":6,"lastAction":5,"status":0},{"playerId":2237456,"score":650,"energy":15,"posx":11,"posy":3,"lastAction":5,"status":0},{"playerId":277917,"score":800,"energy":4,"posx":12,"posy":3,"lastAction":0,"status":0},{"playerId":2415753,"score":600,"energy":36,"posx":15,"posy":6,"lastAction":5,"status":0}],"golds":[{"posx":0,"posy":0,"amount":650},{"posx":8,"posy":0,"amount":550},{"posx":0,"posy":1,"amount":400},{"posx":1,"posy":1,"amount":700},{"posx":7,"posy":1,"amount":550},{"posx":18,"posy":2,"amount":250},{"posx":6,"posy":3,"amount":750},{"posx":9,"posy":3,"amount":400},{"posx":11,"posy":3,"amount":200},{"posx":7,"posy":4,"amount":600},{"posx":6,"posy":5,"amount":100},{"posx":6,"posy":6,"amount":100},{"posx":15,"posy":6,"amount":450},{"posx":19,"posy":6,"amount":650},{"posx":9,"posy":7,"amount":300}],"changedObstacles":[]},{"players":[{"playerId":2410245,"score":650,"energy":17,"posx":15,"posy":6,"lastAction":4,"status":0},{"playerId":2237456,"score":700,"energy":10,"posx":11,"posy":3,"lastAction":5,"status":0},{"playerId":277917,"score":800,"energy":16,"posx":12,"posy":3,"lastAction":4,"status":0},{"playerId":2415753,"score":650,"energy":31,"posx":15,"posy":6,"lastAction":5,"status":0}],"golds":[{"posx":0,"posy":0,"amount":650},{"posx":8,"posy":0,"amount":550},{"posx":0,"posy":1,"amount":400},{"posx":1,"posy":1,"amount":700},{"posx":7,"posy":1,"amount":550},{"posx":18,"posy":2,"amount":250},{"posx":6,"posy":3,"amount":750},{"posx":9,"posy":3,"amount":400},{"posx":11,"posy":3,"amount":150},{"posx":7,"posy":4,"amount":600},{"posx":6,"posy":5,"amount":100},{"posx":6,"posy":6,"amount":100},{"posx":15,"posy":6,"amount":400},{"posx":19,"posy":6,"amount":650},{"posx":9,"posy":7,"amount":300}],"changedObstacles":[]},{"players":[{"playerId":2410245,"score":700,"energy":12,"posx":15,"posy":6,"lastAction":5,"status":0},{"playerId":2237456,"score":750,"energy":5,"posx":11,"posy":3,"lastAction":5,"status":0},{"playerId":277917,"score":800,"energy":32,"posx":12,"posy":3,"lastAction":4,"status":0},{"playerId":2415753,"score":700,"energy":26,"posx":15,"posy":6,"lastAction":5,"status":0}],"golds":[{"posx":0,"posy":0,"amount":650},{"posx":8,"posy":0,"amount":550},{"posx":0,"posy":1,"amount":400},{"posx":1,"posy":1,"amount":700},{"posx":7,"posy":1,"amount":550},{"posx":18,"posy":2,"amount":250},{"posx":6,"posy":3,"amount":750},{"posx":9,"posy":3,"amount":400},{"posx":11,"posy":3,"amount":100},{"posx":7,"posy":4,"amount":600},{"posx":6,"posy":5,"amount":100},{"posx":6,"posy":6,"amount":100},{"posx":15,"posy":6,"amount":300},{"posx":19,"posy":6,"amount":650},{"posx":9,"posy":7,"amount":300}],"changedObstacles":[]},{"players":[{"playerId":2410245,"score":750,"energy":7,"posx":15,"posy":6,"lastAction":5,"status":0},{"playerId":2237456,"score":750,"energy":17,"posx":11,"posy":3,"lastAction":4,"status":0},{"playerId":277917,"score":800,"energy":50,"posx":12,"posy":3,"lastAction":4,"status":0},{"playerId":2415753,"score":750,"energy":21,"posx":15,"posy":6,"lastAction":5,"status":0}],"golds":[{"posx":0,"posy":0,"amount":650},{"posx":8,"posy":0,"amount":550},{"posx":0,"posy":1,"amount":400},{"posx":1,"posy":1,"amount":700},{"posx":7,"posy":1,"amount":550},{"posx":18,"posy":2,"amount":250},{"posx":6,"posy":3,"amount":750},{"posx":9,"posy":3,"amount":400},{"posx":11,"posy":3,"amount":100},{"posx":7,"posy":4,"amount":600},{"posx":6,"posy":5,"amount":100},{"posx":6,"posy":6,"amount":100},{"posx":15,"posy":6,"amount":200},{"posx":19,"posy":6,"amount":650},{"posx":9,"posy":7,"amount":300}],"changedObstacles":[]},{"players":[{"playerId":2410245,"score":800,"energy":2,"posx":15,"posy":6,"lastAction":5,"status":0},{"playerId":2237456,"score":750,"energy":33,"posx":11,"posy":3,"lastAction":4,"status":0},{"playerId":277917,"score":800,"energy":46,"posx":11,"posy":3,"lastAction":0,"status":0},{"playerId":2415753,"score":800,"energy":16,"posx":15,"posy":6,"lastAction":5,"status":0}],"golds":[{"posx":0,"posy":0,"amount":650},{"posx":8,"posy":0,"amount":550},{"posx":0,"posy":1,"amount":400},{"posx":1,"posy":1,"amount":700},{"posx":7,"posy":1,"amount":550},{"posx":18,"posy":2,"amount":250},{"posx":6,"posy":3,"amount":750},{"posx":9,"posy":3,"amount":400},{"posx":11,"posy":3,"amount":100},{"posx":7,"posy":4,"amount":600},{"posx":6,"posy":5,"amount":100},{"posx":6,"posy":6,"amount":100},{"posx":15,"posy":6,"amount":100},{"posx":19,"posy":6,"amount":650},{"posx":9,"posy":7,"amount":300}],"changedObstacles":[]},{"players":[{"playerId":2410245,"score":800,"energy":14,"posx":15,"posy":6,"lastAction":4,"status":0},{"playerId":2237456,"score":800,"energy":28,"posx":11,"posy":3,"lastAction":5,"status":0},{"playerId":277917,"score":850,"energy":41,"posx":11,"posy":3,"lastAction":5,"status":0},{"playerId":2415753,"score":850,"energy":11,"posx":15,"posy":6,"lastAction":5,"status":0}],"golds":[{"posx":0,"posy":0,"amount":650},{"posx":8,"posy":0,"amount":550},{"posx":0,"posy":1,"amount":400},{"posx":1,"posy":1,"amount":700},{"posx":7,"posy":1,"amount":550},{"posx":18,"posy":2,"amount":250},{"posx":6,"posy":3,"amount":750},{"posx":9,"posy":3,"amount":400},{"posx":7,"posy":4,"amount":600},{"posx":6,"posy":5,"amount":100},{"posx":6,"posy":6,"amount":100},{"posx":15,"posy":6,"amount":50},{"posx":19,"posy":6,"amount":650},{"posx":9,"posy":7,"amount":300}],"changedObstacles":[{"type":0,"posx":11,"posy":3,"value":-1}]},{"players":[{"playerId":2410245,"score":825,"energy":9,"posx":15,"posy":6,"lastAction":5,"status":0},{"playerId":2237456,"score":800,"energy":27,"posx":11,"posy":4,"lastAction":3,"status":0},{"playerId":277917,"score":850,"energy":31,"posx":10,"posy":3,"lastAction":0,"status":0},{"playerId":2415753,"score":875,"energy":6,"posx":15,"posy":6,"lastAction":5,"status":0}],"golds":[{"posx":0,"posy":0,"amount":650},{"posx":8,"posy":0,"amount":550},{"posx":0,"posy":1,"amount":400},{"posx":1,"posy":1,"amount":700},{"posx":7,"posy":1,"amount":550},{"posx":18,"posy":2,"amount":250},{"posx":6,"posy":3,"amount":750},{"posx":9,"posy":3,"amount":400},{"posx":7,"posy":4,"amount":600},{"posx":6,"posy":5,"amount":100},{"posx":6,"posy":6,"amount":100},{"posx":19,"posy":6,"amount":650},{"posx":9,"posy":7,"amount":300}],"changedObstacles":[{"type":0,"posx":10,"posy":3,"value":-1},{"type":0,"posx":15,"posy":6,"value":-1}]},{"players":[{"playerId":2410245,"score":825,"energy":8,"posx":16,"posy":6,"lastAction":1,"status":0},{"playerId":2237456,"score":800,"energy":26,"posx":11,"posy":3,"lastAction":2,"status":0},{"playerId":277917,"score":850,"energy":27,"posx":9,"posy":3,"lastAction":0,"status":0},{"playerId":2415753,"score":875,"energy":5,"posx":16,"posy":6,"lastAction":1,"status":0}],"golds":[{"posx":0,"posy":0,"amount":650},{"posx":8,"posy":0,"amount":550},{"posx":0,"posy":1,"amount":400},{"posx":1,"posy":1,"amount":700},{"posx":7,"posy":1,"amount":550},{"posx":18,"posy":2,"amount":250},{"posx":6,"posy":3,"amount":750},{"posx":9,"posy":3,"amount":400},{"posx":7,"posy":4,"amount":600},{"posx":6,"posy":5,"amount":100},{"posx":6,"posy":6,"amount":100},{"posx":19,"posy":6,"amount":650},{"posx":9,"posy":7,"amount":300}],"changedObstacles":[]},{"players":[{"playerId":2410245,"score":825,"energy":3,"posx":17,"posy":6,"lastAction":1,"status":0},{"playerId":2237456,"score":800,"energy":25,"posx":10,"posy":3,"lastAction":0,"status":0},{"playerId":277917,"score":900,"energy":22,"posx":9,"posy":3,"lastAction":5,"status":0},{"playerId":2415753,"score":875,"energy":17,"posx":16,"posy":6,"lastAction":4,"status":0}],"golds":[{"posx":0,"posy":0,"amount":650},{"posx":8,"posy":0,"amount":550},{"posx":0,"posy":1,"amount":400},{"posx":1,"posy":1,"amount":700},{"posx":7,"posy":1,"amount":550},{"posx":18,"posy":2,"amount":250},{"posx":6,"posy":3,"amount":750},{"posx":9,"posy":3,"amount":350},{"posx":7,"posy":4,"amount":600},{"posx":6,"posy":5,"amount":100},{"posx":6,"posy":6,"amount":100},{"posx":19,"posy":6,"amount":650},{"posx":9,"posy":7,"amount":300}],"changedObstacles":[{"type":3,"posx":17,"posy":6,"value":-20}]},{"players":[{"playerId":2410245,"score":825,"energy":15,"posx":17,"posy":6,"lastAction":4,"status":0},{"playerId":2237456,"score":800,"energy":21,"posx":9,"posy":3,"lastAction":0,"status":0},{"playerId":277917,"score":950,"energy":17,"posx":9,"posy":3,"lastAction":5,"status":0},{"playerId":2415753,"score":875,"energy":33,"posx":16,"posy":6,"lastAction":4,"status":0}],"golds":[{"posx":0,"posy":0,"amount":650},{"posx":8,"posy":0,"amount":550},{"posx":0,"posy":1,"amount":400},{"posx":1,"posy":1,"amount":700},{"posx":7,"posy":1,"amount":550},{"posx":18,"posy":2,"amount":250},{"posx":6,"posy":3,"amount":750},{"posx":9,"posy":3,"amount":300},{"posx":7,"posy":4,"amount":600},{"posx":6,"posy":5,"amount":100},{"posx":6,"posy":6,"amount":100},{"posx":19,"posy":6,"amount":650},{"posx":9,"posy":7,"amount":300}],"changedObstacles":[]},{"players":[{"playerId":2410245,"score":825,"energy":10,"posx":18,"posy":6,"lastAction":1,"status":0},{"playerId":2237456,"score":850,"energy":16,"posx":9,"posy":3,"lastAction":5,"status":0},{"playerId":277917,"score":1000,"energy":12,"posx":9,"posy":3,"lastAction":5,"status":0},{"playerId":2415753,"score":875,"energy":50,"posx":16,"posy":6,"lastAction":4,"status":0}],"golds":[{"posx":0,"posy":0,"amount":650},{"posx":8,"posy":0,"amount":550},{"posx":0,"posy":1,"amount":400},{"posx":1,"posy":1,"amount":700},{"posx":7,"posy":1,"amount":550},{"posx":18,"posy":2,"amount":250},{"posx":6,"posy":3,"amount":750},{"posx":9,"posy":3,"amount":200},{"posx":7,"posy":4,"amount":600},{"posx":6,"posy":5,"amount":100},{"posx":6,"posy":6,"amount":100},{"posx":19,"posy":6,"amount":650},{"posx":9,"posy":7,"amount":300}],"changedObstacles":[{"type":3,"posx":18,"posy":6,"value":-20}]},{"players":[{"playerId":2410245,"score":825,"energy":6,"posx":19,"posy":6,"lastAction":1,"status":0},{"playerId":2237456,"score":900,"energy":11,"posx":9,"posy":3,"lastAction":5,"status":0},{"playerId":277917,"score":1050,"energy":7,"posx":9,"posy":3,"lastAction":5,"status":0},{"playerId":2415753,"score":875,"energy":30,"posx":17,"posy":6,"lastAction":1,"status":0}],"golds":[{"posx":0,"posy":0,"amount":650},{"posx":8,"posy":0,"amount":550},{"posx":0,"posy":1,"amount":400},{"posx":1,"posy":1,"amount":700},{"posx":7,"posy":1,"amount":550},{"posx":18,"posy":2,"amount":250},{"posx":6,"posy":3,"amount":750},{"posx":9,"posy":3,"amount":100},{"posx":7,"posy":4,"amount":600},{"posx":6,"posy":5,"amount":100},{"posx":6,"posy":6,"amount":100},{"posx":19,"posy":6,"amount":650},{"posx":9,"posy":7,"amount":300}],"changedObstacles":[{"type":3,"posx":17,"posy":6,"value":-40}]},{"players":[{"playerId":2410245,"score":875,"energy":1,"posx":19,"posy":6,"lastAction":5,"status":0},{"playerId":2237456,"score":950,"energy":6,"posx":9,"posy":3,"lastAction":5,"status":0},{"playerId":277917,"score":1100,"energy":2,"posx":9,"posy":3,"lastAction":5,"status":0},{"playerId":2415753,"score":875,"energy":10,"posx":18,"posy":6,"lastAction":1,"status":0}],"golds":[{"posx":0,"posy":0,"amount":650},{"posx":8,"posy":0,"amount":550},{"posx":0,"posy":1,"amount":400},{"posx":1,"posy":1,"amount":700},{"posx":7,"posy":1,"amount":550},{"posx":18,"posy":2,"amount":250},{"posx":6,"posy":3,"amount":750},{"posx":7,"posy":4,"amount":600},{"posx":6,"posy":5,"amount":100},{"posx":6,"posy":6,"amount":100},{"posx":19,"posy":6,"amount":600},{"posx":9,"posy":7,"amount":300}],"changedObstacles":[{"type":3,"posx":18,"posy":6,"value":-40},{"type":0,"posx":9,"posy":3,"value":-1}]},{"players":[{"playerId":2410245,"score":875,"energy":13,"posx":19,"posy":6,"lastAction":4,"status":0},{"playerId":2237456,"score":950,"energy":18,"posx":9,"posy":3,"lastAction":4,"status":0},{"playerId":277917,"score":1100,"energy":14,"posx":9,"posy":3,"lastAction":4,"status":0},{"playerId":2415753,"score":875,"energy":6,"posx":19,"posy":6,"lastAction":1,"status":0}],"golds":[{"posx":0,"posy":0,"amount":650},{"posx":8,"posy":0,"amount":550},{"posx":0,"posy":1,"amount":400},{"posx":1,"posy":1,"amount":700},{"posx":7,"posy":1,"amount":550},{"posx":18,"posy":2,"amount":250},{"posx":6,"posy":3,"amount":750},{"posx":7,"posy":4,"amount":600},{"posx":6,"posy":5,"amount":100},{"posx":6,"posy":6,"amount":100},{"posx":19,"posy":6,"amount":600},{"posx":9,"posy":7,"amount":300}],"changedObstacles":[]},{"players":[{"playerId":2410245,"score":925,"energy":8,"posx":19,"posy":6,"lastAction":5,"status":0},{"playerId":2237456,"score":950,"energy":34,"posx":9,"posy":3,"lastAction":4,"status":0},{"playerId":277917,"score":1100,"energy":4,"posx":8,"posy":3,"lastAction":0,"status":0},{"playerId":2415753,"score":925,"energy":1,"posx":19,"posy":6,"lastAction":5,"status":0}],"golds":[{"posx":0,"posy":0,"amount":650},{"posx":8,"posy":0,"amount":550},{"posx":0,"posy":1,"amount":400},{"posx":1,"posy":1,"amount":700},{"posx":7,"posy":1,"amount":550},{"posx":18,"posy":2,"amount":250},{"posx":6,"posy":3,"amount":750},{"posx":7,"posy":4,"amount":600},{"posx":6,"posy":5,"amount":100},{"posx":6,"posy":6,"amount":100},{"posx":19,"posy":6,"amount":500},{"posx":9,"posy":7,"amount":300}],"changedObstacles":[{"type":0,"posx":8,"posy":3,"value":-1}]},{"players":[{"playerId":2410245,"score":975,"energy":3,"posx":19,"posy":6,"lastAction":5,"status":0},{"playerId":2237456,"score":950,"energy":50,"posx":9,"posy":3,"lastAction":4,"status":0},{"playerId":277917,"score":1100,"energy":3,"posx":7,"posy":3,"lastAction":0,"status":0},{"playerId":2415753,"score":925,"energy":13,"posx":19,"posy":6,"lastAction":4,"status":0}],"golds":[{"posx":0,"posy":0,"amount":650},{"posx":8,"posy":0,"amount":550},{"posx":0,"posy":1,"amount":400},{"posx":1,"posy":1,"amount":700},{"posx":7,"posy":1,"amount":550},{"posx":18,"posy":2,"amount":250},{"posx":6,"posy":3,"amount":750},{"posx":7,"posy":4,"amount":600},{"posx":6,"posy":5,"amount":100},{"posx":6,"posy":6,"amount":100},{"posx":19,"posy":6,"amount":450},{"posx":9,"posy":7,"amount":300}],"changedObstacles":[]},{"players":[{"playerId":2410245,"score":975,"energy":15,"posx":19,"posy":6,"lastAction":4,"status":0},{"playerId":2237456,"score":950,"energy":49,"posx":8,"posy":3,"lastAction":0,"status":0},{"playerId":277917,"score":1100,"energy":15,"posx":7,"posy":3,"lastAction":4,"status":0},{"playerId":2415753,"score":925,"energy":29,"posx":19,"posy":6,"lastAction":4,"status":0}],"golds":[{"posx":0,"posy":0,"amount":650},{"posx":8,"posy":0,"amount":550},{"posx":0,"posy":1,"amount":400},{"posx":1,"posy":1,"amount":700},{"posx":7,"posy":1,"amount":550},{"posx":18,"posy":2,"amount":250},{"posx":6,"posy":3,"amount":750},{"posx":7,"posy":4,"amount":600},{"posx":6,"posy":5,"amount":100},{"posx":6,"posy":6,"amount":100},{"posx":19,"posy":6,"amount":450},{"posx":9,"posy":7,"amount":300}],"changedObstacles":[]},{"players":[{"playerId":2410245,"score":1025,"energy":10,"posx":19,"posy":6,"lastAction":5,"status":0},{"playerId":2237456,"score":950,"energy":48,"posx":7,"posy":3,"lastAction":0,"status":0},{"playerId":277917,"score":1100,"energy":31,"posx":7,"posy":3,"lastAction":4,"status":0},{"playerId":2415753,"score":975,"energy":24,"posx":19,"posy":6,"lastAction":5,"status":0}],"golds":[{"posx":0,"posy":0,"amount":650},{"posx":8,"posy":0,"amount":550},{"posx":0,"posy":1,"amount":400},{"posx":1,"posy":1,"amount":700},{"posx":7,"posy":1,"amount":550},{"posx":18,"posy":2,"amount":250},{"posx":6,"posy":3,"amount":750},{"posx":7,"posy":4,"amount":600},{"posx":6,"posy":5,"amount":100},{"posx":6,"posy":6,"amount":100},{"posx":19,"posy":6,"amount":350},{"posx":9,"posy":7,"amount":300}],"changedObstacles":[]},{"players":[{"playerId":2410245,"score":1075,"energy":5,"posx":19,"posy":6,"lastAction":5,"status":0},{"playerId":2237456,"score":950,"energy":38,"posx":7,"posy":2,"lastAction":2,"status":0},{"playerId":277917,"score":1100,"energy":50,"posx":7,"posy":3,"lastAction":4,"status":0},{"playerId":2415753,"score":1025,"energy":19,"posx":19,"posy":6,"lastAction":5,"status":0}],"golds":[{"posx":0,"posy":0,"amount":650},{"posx":8,"posy":0,"amount":550},{"posx":0,"posy":1,"amount":400},{"posx":1,"posy":1,"amount":700},{"posx":7,"posy":1,"amount":550},{"posx":18,"posy":2,"amount":250},{"posx":6,"posy":3,"amount":750},{"posx":7,"posy":4,"amount":600},{"posx":6,"posy":5,"amount":100},{"posx":6,"posy":6,"amount":100},{"posx":19,"posy":6,"amount":250},{"posx":9,"posy":7,"amount":300}],"changedObstacles":[{"type":0,"posx":7,"posy":2,"value":-1}]},{"players":[{"playerId":2410245,"score":1075,"energy":17,"posx":19,"posy":6,"lastAction":4,"status":0},{"playerId":2237456,"score":950,"energy":34,"posx":7,"posy":1,"lastAction":2,"status":0},{"playerId":277917,"score":1100,"energy":46,"posx":7,"posy":4,"lastAction":3,"status":0},{"playerId":2415753,"score":1075,"energy":14,"posx":19,"posy":6,"lastAction":5,"status":0}],"golds":[{"posx":0,"posy":0,"amount":650},{"posx":8,"posy":0,"amount":550},{"posx":0,"posy":1,"amount":400},{"posx":1,"posy":1,"amount":700},{"posx":7,"posy":1,"amount":550},{"posx":18,"posy":2,"amount":250},{"posx":6,"posy":3,"amount":750},{"posx":7,"posy":4,"amount":600},{"posx":6,"posy":5,"amount":100},{"posx":6,"posy":6,"amount":100},{"posx":19,"posy":6,"amount":200},{"posx":9,"posy":7,"amount":300}],"changedObstacles":[]},{"players":[{"playerId":2410245,"score":1125,"energy":12,"posx":19,"posy":6,"lastAction":5,"status":0},{"playerId":2237456,"score":1000,"energy":29,"posx":7,"posy":1,"lastAction":5,"status":0},{"playerId":277917,"score":1150,"energy":41,"posx":7,"posy":4,"lastAction":5,"status":0},{"playerId":2415753,"score":1125,"energy":9,"posx":19,"posy":6,"lastAction":5,"status":0}],"golds":[{"posx":0,"posy":0,"amount":650},{"posx":8,"posy":0,"amount":550},{"posx":0,"posy":1,"amount":400},{"posx":1,"posy":1,"amount":700},{"posx":7,"posy":1,"amount":500},{"posx":18,"posy":2,"amount":250},{"posx":6,"posy":3,"amount":750},{"posx":7,"posy":4,"amount":550},{"posx":6,"posy":5,"amount":100},{"posx":6,"posy":6,"amount":100},{"posx":19,"posy":6,"amount":100},{"posx":9,"posy":7,"amount":300}],"changedObstacles":[]},{"players":[{"playerId":2410245,"score":1175,"energy":7,"posx":19,"posy":6,"lastAction":5,"status":0},{"playerId":2237456,"score":1050,"energy":24,"posx":7,"posy":1,"lastAction":5,"status":0},{"playerId":277917,"score":1200,"energy":36,"posx":7,"posy":4,"lastAction":5,"status":0},{"playerId":2415753,"score":1175,"energy":4,"posx":19,"posy":6,"lastAction":5,"status":0}],"golds":[{"posx":0,"posy":0,"amount":650},{"posx":8,"posy":0,"amount":550},{"posx":0,"posy":1,"amount":400},{"posx":1,"posy":1,"amount":700},{"posx":7,"posy":1,"amount":450},{"posx":18,"posy":2,"amount":250},{"posx":6,"posy":3,"amount":750},{"posx":7,"posy":4,"amount":500},{"posx":6,"posy":5,"amount":100},{"posx":6,"posy":6,"amount":100},{"posx":9,"posy":7,"amount":300}],"changedObstacles":[{"type":0,"posx":19,"posy":6,"value":-1}]},{"players":[{"playerId":2410245,"score":1175,"energy":6,"posx":19,"posy":5,"lastAction":2,"status":0},{"playerId":2237456,"score":1100,"energy":19,"posx":7,"posy":1,"lastAction":5,"status":0},{"playerId":277917,"score":1250,"energy":31,"posx":7,"posy":4,"lastAction":5,"status":0},{"playerId":2415753,"score":1175,"energy":3,"posx":19,"posy":5,"lastAction":2,"status":0}],"golds":[{"posx":0,"posy":0,"amount":650},{"posx":8,"posy":0,"amount":550},{"posx":0,"posy":1,"amount":400},{"posx":1,"posy":1,"amount":700},{"posx":7,"posy":1,"amount":400},{"posx":18,"posy":2,"amount":250},{"posx":6,"posy":3,"amount":750},{"posx":7,"posy":4,"amount":450},{"posx":6,"posy":5,"amount":100},{"posx":6,"posy":6,"amount":100},{"posx":9,"posy":7,"amount":300}],"changedObstacles":[]},{"players":[{"playerId":2410245,"score":1175,"energy":1,"posx":19,"posy":4,"lastAction":2,"status":0},{"playerId":2237456,"score":1150,"energy":14,"posx":7,"posy":1,"lastAction":5,"status":0},{"playerId":277917,"score":1300,"energy":26,"posx":7,"posy":4,"lastAction":5,"status":0},{"playerId":2415753,"score":1175,"energy":2,"posx":18,"posy":5,"lastAction":0,"status":0}],"golds":[{"posx":0,"posy":0,"amount":650},{"posx":8,"posy":0,"amount":550},{"posx":0,"posy":1,"amount":400},{"posx":1,"posy":1,"amount":700},{"posx":7,"posy":1,"amount":350},{"posx":18,"posy":2,"amount":250},{"posx":6,"posy":3,"amount":750},{"posx":7,"posy":4,"amount":400},{"posx":6,"posy":5,"amount":100},{"posx":6,"posy":6,"amount":100},{"posx":9,"posy":7,"amount":300}],"changedObstacles":[{"type":3,"posx":19,"posy":4,"value":-20}]},{"players":[{"playerId":2410245,"score":1175,"energy":13,"posx":19,"posy":4,"lastAction":4,"status":0},{"playerId":2237456,"score":1200,"energy":9,"posx":7,"posy":1,"lastAction":5,"status":0},{"playerId":277917,"score":1350,"energy":21,"posx":7,"posy":4,"lastAction":5,"status":0},{"playerId":2415753,"score":1175,"energy":1,"posx":18,"posy":4,"lastAction":2,"status":0}],"golds":[{"posx":0,"posy":0,"amount":650},{"posx":8,"posy":0,"amount":550},{"posx":0,"posy":1,"amount":400},{"posx":1,"posy":1,"amount":700},{"posx":7,"posy":1,"amount":300},{"posx":18,"posy":2,"amount":250},{"posx":6,"posy":3,"amount":750},{"posx":7,"posy":4,"amount":350},{"posx":6,"posy":5,"amount":100},{"posx":6,"posy":6,"amount":100},{"posx":9,"posy":7,"amount":300}],"changedObstacles":[]},{"players":[{"playerId":2410245,"score":1175,"energy":12,"posx":19,"posy":3,"lastAction":2,"status":0},{"playerId":2237456,"score":1250,"energy":4,"posx":7,"posy":1,"lastAction":5,"status":0},{"playerId":277917,"score":1400,"energy":16,"posx":7,"posy":4,"lastAction":5,"status":0},{"playerId":2415753,"score":1175,"energy":13,"posx":18,"posy":4,"lastAction":4,"status":0}],"golds":[{"posx":0,"posy":0,"amount":650},{"posx":8,"posy":0,"amount":550},{"posx":0,"posy":1,"amount":400},{"posx":1,"posy":1,"amount":700},{"posx":7,"posy":1,"amount":250},{"posx":18,"posy":2,"amount":250},{"posx":6,"posy":3,"amount":750},{"posx":7,"posy":4,"amount":300},{"posx":6,"posy":5,"amount":100},{"posx":6,"posy":6,"amount":100},{"posx":9,"posy":7,"amount":300}],"changedObstacles":[]},{"players":[{"playerId":2410245,"score":1175,"energy":7,"posx":19,"posy":2,"lastAction":2,"status":0},{"playerId":2237456,"score":1250,"energy":16,"posx":7,"posy":1,"lastAction":4,"status":0},{"playerId":277917,"score":1450,"energy":11,"posx":7,"posy":4,"lastAction":5,"status":0},{"playerId":2415753,"score":1175,"energy":29,"posx":18,"posy":4,"lastAction":4,"status":0}],"golds":[{"posx":0,"posy":0,"amount":650},{"posx":8,"posy":0,"amount":550},{"posx":0,"posy":1,"amount":400},{"posx":1,"posy":1,"amount":700},{"posx":7,"posy":1,"amount":250},{"posx":18,"posy":2,"amount":250},{"posx":6,"posy":3,"amount":750},{"posx":7,"posy":4,"amount":250},{"posx":6,"posy":5,"amount":100},{"posx":6,"posy":6,"amount":100},{"posx":9,"posy":7,"amount":300}],"changedObstacles":[{"type":3,"posx":19,"posy":2,"value":-20}]},{"players":[{"playerId":2410245,"score":1175,"energy":3,"posx":18,"posy":2,"lastAction":0,"status":0},{"playerId":2237456,"score":1250,"energy":32,"posx":7,"posy":1,"lastAction":4,"status":0},{"playerId":277917,"score":1500,"energy":6,"posx":7,"posy":4,"lastAction":5,"status":0},{"playerId":2415753,"score":1175,"energy":50,"posx":18,"posy":4,"lastAction":4,"status":0}],"golds":[{"posx":0,"posy":0,"amount":650},{"posx":8,"posy":0,"amount":550},{"posx":0,"posy":1,"amount":400},{"posx":1,"posy":1,"amount":700},{"posx":7,"posy":1,"amount":250},{"posx":18,"posy":2,"amount":250},{"posx":6,"posy":3,"amount":750},{"posx":7,"posy":4,"amount":200},{"posx":6,"posy":5,"amount":100},{"posx":6,"posy":6,"amount":100},{"posx":9,"posy":7,"amount":300}],"changedObstacles":[]},{"players":[{"playerId":2410245,"score":1175,"energy":15,"posx":18,"posy":2,"lastAction":4,"status":0},{"playerId":2237456,"score":1250,"energy":50,"posx":7,"posy":1,"lastAction":4,"status":0},{"playerId":277917,"score":1550,"energy":1,"posx":7,"posy":4,"lastAction":5,"status":0},{"playerId":2415753,"score":1175,"energy":45,"posx":17,"posy":4,"lastAction":0,"status":0}],"golds":[{"posx":0,"posy":0,"amount":650},{"posx":8,"posy":0,"amount":550},{"posx":0,"posy":1,"amount":400},{"posx":1,"posy":1,"amount":700},{"posx":7,"posy":1,"amount":250},{"posx":18,"posy":2,"amount":250},{"posx":6,"posy":3,"amount":750},{"posx":7,"posy":4,"amount":150},{"posx":6,"posy":5,"amount":100},{"posx":6,"posy":6,"amount":100},{"posx":9,"posy":7,"amount":300}],"changedObstacles":[{"type":3,"posx":17,"posy":4,"value":-20}]},{"players":[{"playerId":2410245,"score":1225,"energy":10,"posx":18,"posy":2,"lastAction":5,"status":0},{"playerId":2237456,"score":1300,"energy":45,"posx":7,"posy":1,"lastAction":5,"status":0},{"playerId":277917,"score":1550,"energy":13,"posx":7,"posy":4,"lastAction":4,"status":0},{"playerId":2415753,"score":1175,"energy":44,"posx":16,"posy":4,"lastAction":0,"status":0}],"golds":[{"posx":0,"posy":0,"amount":650},{"posx":8,"posy":0,"amount":550},{"posx":0,"posy":1,"amount":400},{"posx":1,"posy":1,"amount":700},{"posx":7,"posy":1,"amount":200},{"posx":18,"posy":2,"amount":200},{"posx":6,"posy":3,"amount":750},{"posx":7,"posy":4,"amount":150},{"posx":6,"posy":5,"amount":100},{"posx":6,"posy":6,"amount":100},{"posx":9,"posy":7,"amount":300}],"changedObstacles":[]},{"players":[{"playerId":2410245,"score":1275,"energy":5,"posx":18,"posy":2,"lastAction":5,"status":0},{"playerId":2237456,"score":1350,"energy":40,"posx":7,"posy":1,"lastAction":5,"status":0},{"playerId":277917,"score":1550,"energy":29,"posx":7,"posy":4,"lastAction":4,"status":0},{"playerId":2415753,"score":1175,"energy":31,"posx":15,"posy":4,"lastAction":0,"status":0}],"golds":[{"posx":0,"posy":0,"amount":650},{"posx":8,"posy":0,"amount":550},{"posx":0,"posy":1,"amount":400},{"posx":1,"posy":1,"amount":700},{"posx":7,"posy":1,"amount":150},{"posx":18,"posy":2,"amount":150},{"posx":6,"posy":3,"amount":750},{"posx":7,"posy":4,"amount":150},{"posx":6,"posy":5,"amount":100},{"posx":6,"posy":6,"amount":100},{"posx":9,"posy":7,"amount":300}],"changedObstacles":[]},{"players":[{"playerId":2410245,"score":1275,"energy":17,"posx":18,"posy":2,"lastAction":4,"status":0},{"playerId":2237456,"score":1400,"energy":35,"posx":7,"posy":1,"lastAction":5,"status":0},{"playerId":277917,"score":1550,"energy":50,"posx":7,"posy":4,"lastAction":4,"status":0},{"playerId":2415753,"score":1175,"energy":22,"posx":14,"posy":4,"lastAction":0,"status":0}],"golds":[{"posx":0,"posy":0,"amount":650},{"posx":8,"posy":0,"amount":550},{"posx":0,"posy":1,"amount":400},{"posx":1,"posy":1,"amount":700},{"posx":7,"posy":1,"amount":100},{"posx":18,"posy":2,"amount":150},{"posx":6,"posy":3,"amount":750},{"posx":7,"posy":4,"amount":150},{"posx":6,"posy":5,"amount":100},{"posx":6,"posy":6,"amount":100},{"posx":9,"posy":7,"amount":300}],"changedObstacles":[]},{"players":[{"playerId":2410245,"score":1325,"energy":12,"posx":18,"posy":2,"lastAction":5,"status":0},{"playerId":2237456,"score":1450,"energy":30,"posx":7,"posy":1,"lastAction":5,"status":0},{"playerId":277917,"score":1600,"energy":45,"posx":7,"posy":4,"lastAction":5,"status":0},{"playerId":2415753,"score":1175,"energy":21,"posx":14,"posy":3,"lastAction":2,"status":0}],"golds":[{"posx":0,"posy":0,"amount":650},{"posx":8,"posy":0,"amount":550},{"posx":0,"posy":1,"amount":400},{"posx":1,"posy":1,"amount":700},{"posx":7,"posy":1,"amount":50},{"posx":18,"posy":2,"amount":100},{"posx":6,"posy":3,"amount":750},{"posx":7,"posy":4,"amount":100},{"posx":6,"posy":5,"amount":100},{"posx":6,"posy":6,"amount":100},{"posx":9,"posy":7,"amount":300}],"changedObstacles":[]},{"players":[{"playerId":2410245,"score":1375,"energy":7,"posx":18,"posy":2,"lastAction":5,"status":0},{"playerId":2237456,"score":1500,"energy":25,"posx":7,"posy":1,"lastAction":5,"status":0},{"playerId":277917,"score":1650,"energy":40,"posx":7,"posy":4,"lastAction":5,"status":0},{"playerId":2415753,"score":1175,"energy":20,"posx":13,"posy":3,"lastAction":0,"status":0}],"golds":[{"posx":0,"posy":0,"amount":650},{"posx":8,"posy":0,"amount":550},{"posx":0,"posy":1,"amount":400},{"posx":1,"posy":1,"amount":700},{"posx":18,"posy":2,"amount":50},{"posx":6,"posy":3,"amount":750},{"posx":7,"posy":4,"amount":50},{"posx":6,"posy":5,"amount":100},{"posx":6,"posy":6,"amount":100},{"posx":9,"posy":7,"amount":300}],"changedObstacles":[{"type":0,"posx":7,"posy":1,"value":-1}]},{"players":[{"playerId":2410245,"score":1425,"energy":2,"posx":18,"posy":2,"lastAction":5,"status":0},{"playerId":2237456,"score":1500,"energy":15,"posx":6,"posy":1,"lastAction":0,"status":0},{"playerId":277917,"score":1700,"energy":35,"posx":7,"posy":4,"lastAction":5,"status":0},{"playerId":2415753,"score":1175,"energy":19,"posx":12,"posy":3,"lastAction":0,"status":0}],"golds":[{"posx":0,"posy":0,"amount":650},{"posx":8,"posy":0,"amount":550},{"posx":0,"posy":1,"amount":400},{"posx":1,"posy":1,"amount":700},{"posx":6,"posy":3,"amount":750},{"posx":6,"posy":5,"amount":100},{"posx":6,"posy":6,"amount":100},{"posx":9,"posy":7,"amount":300}],"changedObstacles":[{"type":0,"posx":6,"posy":1,"value":-1},{"type":0,"posx":7,"posy":4,"value":-1},{"type":0,"posx":18,"posy":2,"value":-1}]},{"players":[{"playerId":2410245,"score":1425,"energy":14,"posx":18,"posy":2,"lastAction":4,"status":0},{"playerId":2237456,"score":1500,"energy":27,"posx":6,"posy":1,"lastAction":4,"status":0},{"playerId":277917,"score":1700,"energy":34,"posx":6,"posy":4,"lastAction":0,"status":0},{"playerId":2415753,"score":1175,"energy":18,"posx":11,"posy":3,"lastAction":0,"status":0}],"golds":[{"posx":0,"posy":0,"amount":650},{"posx":8,"posy":0,"amount":550},{"posx":0,"posy":1,"amount":400},{"posx":1,"posy":1,"amount":700},{"posx":6,"posy":3,"amount":750},{"posx":6,"posy":5,"amount":100},{"posx":6,"posy":6,"amount":100},{"posx":9,"posy":7,"amount":300}],"changedObstacles":[]},{"players":[{"playerId":2410245,"score":1425,"energy":13,"posx":17,"posy":2,"lastAction":0,"status":0},{"playerId":2237456,"score":1500,"energy":43,"posx":6,"posy":1,"lastAction":4,"status":0},{"playerId":277917,"score":1700,"energy":30,"posx":6,"posy":3,"lastAction":2,"status":0},{"playerId":2415753,"score":1175,"energy":17,"posx":10,"posy":3,"lastAction":0,"status":0}],"golds":[{"posx":0,"posy":0,"amount":650},{"posx":8,"posy":0,"amount":550},{"posx":0,"posy":1,"amount":400},{"posx":1,"posy":1,"amount":700},{"posx":6,"posy":3,"amount":750},{"posx":6,"posy":5,"amount":100},{"posx":6,"posy":6,"amount":100},{"posx":9,"posy":7,"amount":300}],"changedObstacles":[]},{"players":[{"playerId":2410245,"score":1425,"energy":25,"posx":17,"posy":2,"lastAction":4,"status":0},{"playerId":2237456,"score":1500,"energy":27,"posx":5,"posy":1,"lastAction":0,"status":0},{"playerId":277917,"score":1750,"energy":25,"posx":6,"posy":3,"lastAction":5,"status":0},{"playerId":2415753,"score":1175,"energy":16,"posx":9,"posy":3,"lastAction":0,"status":0}],"golds":[{"posx":0,"posy":0,"amount":650},{"posx":8,"posy":0,"amount":550},{"posx":0,"posy":1,"amount":400},{"posx":1,"posy":1,"amount":700},{"posx":6,"posy":3,"amount":700},{"posx":6,"posy":5,"amount":100},{"posx":6,"posy":6,"amount":100},{"posx":9,"posy":7,"amount":300}],"changedObstacles":[]},{"players":[{"playerId":2410245,"score":1425,"energy":5,"posx":16,"posy":2,"lastAction":0,"status":0},{"playerId":2237456,"score":1500,"energy":22,"posx":4,"posy":1,"lastAction":0,"status":0},{"playerId":277917,"score":1800,"energy":20,"posx":6,"posy":3,"lastAction":5,"status":0},{"playerId":2415753,"score":1175,"energy":15,"posx":8,"posy":3,"lastAction":0,"status":0}],"golds":[{"posx":0,"posy":0,"amount":650},{"posx":8,"posy":0,"amount":550},{"posx":0,"posy":1,"amount":400},{"posx":1,"posy":1,"amount":700},{"posx":6,"posy":3,"amount":650},{"posx":6,"posy":5,"amount":100},{"posx":6,"posy":6,"amount":100},{"posx":9,"posy":7,"amount":300}],"changedObstacles":[{"type":3,"posx":4,"posy":1,"value":-20},{"type":3,"posx":16,"posy":2,"value":-40}]},{"players":[{"playerId":2410245,"score":1425,"energy":17,"posx":16,"posy":2,"lastAction":4,"status":0},{"playerId":2237456,"score":1500,"energy":17,"posx":3,"posy":1,"lastAction":0,"status":0},{"playerId":277917,"score":1850,"energy":15,"posx":6,"posy":3,"lastAction":5,"status":0},{"playerId":2415753,"score":1175,"energy":14,"posx":7,"posy":3,"lastAction":0,"status":0}],"golds":[{"posx":0,"posy":0,"amount":650},{"posx":8,"posy":0,"amount":550},{"posx":0,"posy":1,"amount":400},{"posx":1,"posy":1,"amount":700},{"posx":6,"posy":3,"amount":600},{"posx":6,"posy":5,"amount":100},{"posx":6,"posy":6,"amount":100},{"posx":9,"posy":7,"amount":300}],"changedObstacles":[{"type":3,"posx":3,"posy":1,"value":-20}]},{"players":[{"playerId":2410245,"score":1425,"energy":16,"posx":16,"posy":1,"lastAction":2,"status":0},{"playerId":2237456,"score":1500,"energy":7,"posx":2,"posy":1,"lastAction":0,"status":0},{"playerId":277917,"score":1900,"energy":10,"posx":6,"posy":3,"lastAction":5,"status":0},{"playerId":2415753,"score":1175,"energy":10,"posx":6,"posy":3,"lastAction":0,"status":0}],"golds":[{"posx":0,"posy":0,"amount":650},{"posx":8,"posy":0,"amount":550},{"posx":0,"posy":1,"amount":400},{"posx":1,"posy":1,"amount":700},{"posx":6,"posy":3,"amount":550},{"posx":6,"posy":5,"amount":100},{"posx":6,"posy":6,"amount":100},{"posx":9,"posy":7,"amount":300}],"changedObstacles":[{"type":0,"posx":2,"posy":1,"value":-1}]},{"players":[{"playerId":2410245,"score":1425,"energy":15,"posx":15,"posy":1,"lastAction":0,"status":0},{"playerId":2237456,"score":1500,"energy":3,"posx":1,"posy":1,"lastAction":0,"status":0},{"playerId":277917,"score":1950,"energy":5,"posx":6,"posy":3,"lastAction":5,"status":0},{"playerId":2415753,"score":1225,"energy":5,"posx":6,"posy":3,"lastAction":5,"status":0}],"golds":[{"posx":0,"posy":0,"amount":650},{"posx":8,"posy":0,"amount":550},{"posx":0,"posy":1,"amount":400},{"posx":1,"posy":1,"amount":700},{"posx":6,"posy":3,"amount":450},{"posx":6,"posy":5,"amount":100},{"posx":6,"posy":6,"amount":100},{"posx":9,"posy":7,"amount":300}],"changedObstacles":[]},{"players":[{"playerId":2410245,"score":1425,"energy":14,"posx":14,"posy":1,"lastAction":0,"status":0},{"playerId":2237456,"score":1500,"energy":15,"posx":1,"posy":1,"lastAction":4,"status":0},{"playerId":277917,"score":1950,"energy":17,"posx":6,"posy":3,"lastAction":4,"status":0},{"playerId":2415753,"score":1225,"energy":17,"posx":6,"posy":3,"lastAction":4,"status":0}],"golds":[{"posx":0,"posy":0,"amount":650},{"posx":8,"posy":0,"amount":550},{"posx":0,"posy":1,"amount":400},{"posx":1,"posy":1,"amount":700},{"posx":6,"posy":3,"amount":450},{"posx":6,"posy":5,"amount":100},{"posx":6,"posy":6,"amount":100},{"posx":9,"posy":7,"amount":300}],"changedObstacles":[]},{"players":[{"playerId":2410245,"score":1425,"energy":13,"posx":14,"posy":2,"lastAction":3,"status":0},{"playerId":2237456,"score":1500,"energy":31,"posx":1,"posy":1,"lastAction":4,"status":0},{"playerId":277917,"score":1950,"energy":33,"posx":6,"posy":3,"lastAction":4,"status":0},{"playerId":2415753,"score":1225,"energy":33,"posx":6,"posy":3,"lastAction":4,"status":0}],"golds":[{"posx":0,"posy":0,"amount":650},{"posx":8,"posy":0,"amount":550},{"posx":0,"posy":1,"amount":400},{"posx":1,"posy":1,"amount":700},{"posx":6,"posy":3,"amount":450},{"posx":6,"posy":5,"amount":100},{"posx":6,"posy":6,"amount":100},{"posx":9,"posy":7,"amount":300}],"changedObstacles":[]},{"players":[{"playerId":2410245,"score":1425,"energy":12,"posx":13,"posy":2,"lastAction":0,"status":0},{"playerId":2237456,"score":1500,"energy":50,"posx":1,"posy":1,"lastAction":4,"status":0},{"playerId":277917,"score":1950,"energy":50,"posx":6,"posy":3,"lastAction":4,"status":0},{"playerId":2415753,"score":1275,"energy":28,"posx":6,"posy":3,"lastAction":5,"status":0}],"golds":[{"posx":0,"posy":0,"amount":650},{"posx":8,"posy":0,"amount":550},{"posx":0,"posy":1,"amount":400},{"posx":1,"posy":1,"amount":700},{"posx":6,"posy":3,"amount":400},{"posx":6,"posy":5,"amount":100},{"posx":6,"posy":6,"amount":100},{"posx":9,"posy":7,"amount":300}],"changedObstacles":[]},{"players":[{"playerId":2410245,"score":1425,"energy":11,"posx":12,"posy":2,"lastAction":0,"status":0},{"playerId":2237456,"score":1550,"energy":45,"posx":1,"posy":1,"lastAction":5,"status":0},{"playerId":277917,"score":2000,"energy":45,"posx":6,"posy":3,"lastAction":5,"status":0},{"playerId":2415753,"score":1325,"energy":23,"posx":6,"posy":3,"lastAction":5,"status":0}],"golds":[{"posx":0,"posy":0,"amount":650},{"posx":8,"posy":0,"amount":550},{"posx":0,"posy":1,"amount":400},{"posx":1,"posy":1,"amount":650},{"posx":6,"posy":3,"amount":300},{"posx":6,"posy":5,"amount":100},{"posx":6,"posy":6,"amount":100},{"posx":9,"posy":7,"amount":300}],"changedObstacles":[]},{"players":[{"playerId":2410245,"score":1425,"energy":10,"posx":11,"posy":2,"lastAction":0,"status":0},{"playerId":2237456,"score":1600,"energy":40,"posx":1,"posy":1,"lastAction":5,"status":0},{"playerId":277917,"score":2050,"energy":40,"posx":6,"posy":3,"lastAction":5,"status":0},{"playerId":2415753,"score":1375,"energy":18,"posx":6,"posy":3,"lastAction":5,"status":0}],"golds":[{"posx":0,"posy":0,"amount":650},{"posx":8,"posy":0,"amount":550},{"posx":0,"posy":1,"amount":400},{"posx":1,"posy":1,"amount":600},{"posx":6,"posy":3,"amount":200},{"posx":6,"posy":5,"amount":100},{"posx":6,"posy":6,"amount":100},{"posx":9,"posy":7,"amount":300}],"changedObstacles":[]},{"players":[{"playerId":2410245,"score":1425,"energy":9,"posx":11,"posy":3,"lastAction":3,"status":0},{"playerId":2237456,"score":1650,"energy":35,"posx":1,"posy":1,"lastAction":5,"status":0},{"playerId":277917,"score":2100,"energy":35,"posx":6,"posy":3,"lastAction":5,"status":0},{"playerId":2415753,"score":1425,"energy":13,"posx":6,"posy":3,"lastAction":5,"status":0}],"golds":[{"posx":0,"posy":0,"amount":650},{"posx":8,"posy":0,"amount":550},{"posx":0,"posy":1,"amount":400},{"posx":1,"posy":1,"amount":550},{"posx":6,"posy":3,"amount":100},{"posx":6,"posy":5,"amount":100},{"posx":6,"posy":6,"amount":100},{"posx":9,"posy":7,"amount":300}],"changedObstacles":[]},{"players":[{"playerId":2410245,"score":1425,"energy":8,"posx":10,"posy":3,"lastAction":0,"status":0},{"playerId":2237456,"score":1700,"energy":30,"posx":1,"posy":1,"lastAction":5,"status":0},{"playerId":277917,"score":2150,"energy":30,"posx":6,"posy":3,"lastAction":5,"status":0},{"playerId":2415753,"score":1475,"energy":8,"posx":6,"posy":3,"lastAction":5,"status":0}],"golds":[{"posx":0,"posy":0,"amount":650},{"posx":8,"posy":0,"amount":550},{"posx":0,"posy":1,"amount":400},{"posx":1,"posy":1,"amount":500},{"posx":6,"posy":5,"amount":100},{"posx":6,"posy":6,"amount":100},{"posx":9,"posy":7,"amount":300}],"changedObstacles":[{"type":0,"posx":6,"posy":3,"value":-1}]},{"players":[{"playerId":2410245,"score":1425,"energy":7,"posx":9,"posy":3,"lastAction":0,"status":0},{"playerId":2237456,"score":1750,"energy":25,"posx":1,"posy":1,"lastAction":5,"status":0},{"playerId":277917,"score":2150,"energy":29,"posx":5,"posy":3,"lastAction":0,"status":0},{"playerId":2415753,"score":1475,"energy":7,"posx":6,"posy":4,"lastAction":3,"status":0}],"golds":[{"posx":0,"posy":0,"amount":650},{"posx":8,"posy":0,"amount":550},{"posx":0,"posy":1,"amount":400},{"posx":1,"posy":1,"amount":450},{"posx":6,"posy":5,"amount":100},{"posx":6,"posy":6,"amount":100},{"posx":9,"posy":7,"amount":300}],"changedObstacles":[]},{"players":[{"playerId":2410245,"score":1425,"energy":6,"posx":9,"posy":2,"lastAction":2,"status":0},{"playerId":2237456,"score":1800,"energy":20,"posx":1,"posy":1,"lastAction":5,"status":0},{"playerId":277917,"score":2150,"energy":19,"posx":4,"posy":3,"lastAction":0,"status":0},{"playerId":2415753,"score":1475,"energy":3,"posx":6,"posy":5,"lastAction":3,"status":0}],"golds":[{"posx":0,"posy":0,"amount":650},{"posx":8,"posy":0,"amount":550},{"posx":0,"posy":1,"amount":400},{"posx":1,"posy":1,"amount":400},{"posx":6,"posy":5,"amount":100},{"posx":6,"posy":6,"amount":100},{"posx":9,"posy":7,"amount":300}],"changedObstacles":[{"type":0,"posx":4,"posy":3,"value":-1}]},{"players":[{"playerId":2410245,"score":1425,"energy":5,"posx":8,"posy":2,"lastAction":0,"status":0},{"playerId":2237456,"score":1850,"energy":15,"posx":1,"posy":1,"lastAction":5,"status":0},{"playerId":277917,"score":2150,"energy":9,"posx":3,"posy":3,"lastAction":0,"status":0},{"playerId":2415753,"score":1475,"energy":15,"posx":6,"posy":5,"lastAction":4,"status":0}],"golds":[{"posx":0,"posy":0,"amount":650},{"posx":8,"posy":0,"amount":550},{"posx":0,"posy":1,"amount":400},{"posx":1,"posy":1,"amount":350},{"posx":6,"posy":5,"amount":100},{"posx":6,"posy":6,"amount":100},{"posx":9,"posy":7,"amount":300}],"changedObstacles":[{"type":0,"posx":3,"posy":3,"value":-1}]},{"players":[{"playerId":2410245,"score":1425,"energy":4,"posx":7,"posy":2,"lastAction":0,"status":0},{"playerId":2237456,"score":1900,"energy":10,"posx":1,"posy":1,"lastAction":5,"status":0},{"playerId":277917,"score":2150,"energy":21,"posx":3,"posy":3,"lastAction":4,"status":0},{"playerId":2415753,"score":1475,"energy":31,"posx":6,"posy":5,"lastAction":4,"status":0}],"golds":[{"posx":0,"posy":0,"amount":650},{"posx":8,"posy":0,"amount":550},{"posx":0,"posy":1,"amount":400},{"posx":1,"posy":1,"amount":300},{"posx":6,"posy":5,"amount":100},{"posx":6,"posy":6,"amount":100},{"posx":9,"posy":7,"amount":300}],"changedObstacles":[]},{"players":[{"playerId":2410245,"score":1425,"energy":16,"posx":7,"posy":2,"lastAction":4,"status":0},{"playerId":2237456,"score":1950,"energy":5,"posx":1,"posy":1,"lastAction":5,"status":0},{"playerId":277917,"score":2150,"energy":37,"posx":3,"posy":3,"lastAction":4,"status":0},{"playerId":2415753,"score":1475,"energy":50,"posx":6,"posy":5,"lastAction":4,"status":0}],"golds":[{"posx":0,"posy":0,"amount":650},{"posx":8,"posy":0,"amount":550},{"posx":0,"posy":1,"amount":400},{"posx":1,"posy":1,"amount":250},{"posx":6,"posy":5,"amount":100},{"posx":6,"posy":6,"amount":100},{"posx":9,"posy":7,"amount":300}],"changedObstacles":[]},{"players":[{"playerId":2410245,"score":1425,"energy":15,"posx":7,"posy":1,"lastAction":2,"status":0},{"playerId":2237456,"score":1950,"energy":17,"posx":1,"posy":1,"lastAction":4,"status":0},{"playerId":277917,"score":2150,"energy":27,"posx":3,"posy":2,"lastAction":2,"status":0},{"playerId":2415753,"score":1525,"energy":45,"posx":6,"posy":5,"lastAction":5,"status":0}],"golds":[{"posx":0,"posy":0,"amount":650},{"posx":8,"posy":0,"amount":550},{"posx":0,"posy":1,"amount":400},{"posx":1,"posy":1,"amount":250},{"posx":6,"posy":5,"amount":50},{"posx":6,"posy":6,"amount":100},{"posx":9,"posy":7,"amount":300}],"changedObstacles":[{"type":0,"posx":3,"posy":2,"value":-1}]},{"players":[{"playerId":2410245,"score":1425,"energy":14,"posx":7,"posy":0,"lastAction":2,"status":0},{"playerId":2237456,"score":1950,"energy":33,"posx":1,"posy":1,"lastAction":4,"status":0},{"playerId":277917,"score":2150,"energy":26,"posx":2,"posy":2,"lastAction":0,"status":0},{"playerId":2415753,"score":1575,"energy":40,"posx":6,"posy":5,"lastAction":5,"status":0}],"golds":[{"posx":0,"posy":0,"amount":650},{"posx":8,"posy":0,"amount":550},{"posx":0,"posy":1,"amount":400},{"posx":1,"posy":1,"amount":250},{"posx":6,"posy":6,"amount":100},{"posx":9,"posy":7,"amount":300}],"changedObstacles":[{"type":0,"posx":6,"posy":5,"value":-1}]},{"players":[{"playerId":2410245,"score":1425,"energy":10,"posx":8,"posy":0,"lastAction":1,"status":0},{"playerId":2237456,"score":1950,"energy":50,"posx":1,"posy":1,"lastAction":4,"status":0},{"playerId":277917,"score":2150,"energy":25,"posx":2,"posy":1,"lastAction":2,"status":0},{"playerId":2415753,"score":1575,"energy":36,"posx":6,"posy":6,"lastAction":3,"status":0}],"golds":[{"posx":0,"posy":0,"amount":650},{"posx":8,"posy":0,"amount":550},{"posx":0,"posy":1,"amount":400},{"posx":1,"posy":1,"amount":250},{"posx":6,"posy":6,"amount":100},{"posx":9,"posy":7,"amount":300}],"changedObstacles":[]},{"players":[{"playerId":2410245,"score":1475,"energy":5,"posx":8,"posy":0,"lastAction":5,"status":0},{"playerId":2237456,"score":2000,"energy":45,"posx":1,"posy":1,"lastAction":5,"status":0},{"playerId":277917,"score":2150,"energy":21,"posx":1,"posy":1,"lastAction":0,"status":0},{"playerId":2415753,"score":1625,"energy":31,"posx":6,"posy":6,"lastAction":5,"status":0}],"golds":[{"posx":0,"posy":0,"amount":650},{"posx":8,"posy":0,"amount":500},{"posx":0,"posy":1,"amount":400},{"posx":1,"posy":1,"amount":200},{"posx":6,"posy":6,"amount":50},{"posx":9,"posy":7,"amount":300}],"changedObstacles":[]},{"players":[{"playerId":2410245,"score":1475,"energy":17,"posx":8,"posy":0,"lastAction":4,"status":0},{"playerId":2237456,"score":2050,"energy":40,"posx":1,"posy":1,"lastAction":5,"status":0},{"playerId":277917,"score":2200,"energy":16,"posx":1,"posy":1,"lastAction":5,"status":0},{"playerId":2415753,"score":1675,"energy":26,"posx":6,"posy":6,"lastAction":5,"status":0}],"golds":[{"posx":0,"posy":0,"amount":650},{"posx":8,"posy":0,"amount":500},{"posx":0,"posy":1,"amount":400},{"posx":1,"posy":1,"amount":100},{"posx":9,"posy":7,"amount":300}],"changedObstacles":[{"type":0,"posx":6,"posy":6,"value":-1}]},{"players":[{"playerId":2410245,"score":1525,"energy":12,"posx":8,"posy":0,"lastAction":5,"status":0},{"playerId":2237456,"score":2100,"energy":35,"posx":1,"posy":1,"lastAction":5,"status":0},{"playerId":277917,"score":2250,"energy":11,"posx":1,"posy":1,"lastAction":5,"status":0},{"playerId":2415753,"score":1675,"energy":25,"posx":6,"posy":5,"lastAction":2,"status":0}],"golds":[{"posx":0,"posy":0,"amount":650},{"posx":8,"posy":0,"amount":450},{"posx":0,"posy":1,"amount":400},{"posx":9,"posy":7,"amount":300}],"changedObstacles":[{"type":0,"posx":1,"posy":1,"value":-1}]},{"players":[{"playerId":2410245,"score":1575,"energy":7,"posx":8,"posy":0,"lastAction":5,"status":0},{"playerId":2237456,"score":2100,"energy":31,"posx":0,"posy":1,"lastAction":0,"status":0},{"playerId":277917,"score":2250,"energy":7,"posx":0,"posy":1,"lastAction":0,"status":0},{"playerId":2415753,"score":1675,"energy":24,"posx":6,"posy":4,"lastAction":2,"status":0}],"golds":[{"posx":0,"posy":0,"amount":650},{"posx":8,"posy":0,"amount":400},{"posx":0,"posy":1,"amount":400},{"posx":9,"posy":7,"amount":300}],"changedObstacles":[]},{"players":[{"playerId":2410245,"score":1625,"energy":2,"posx":8,"posy":0,"lastAction":5,"status":0},{"playerId":2237456,"score":2150,"energy":26,"posx":0,"posy":1,"lastAction":5,"status":0},{"playerId":277917,"score":2300,"energy":2,"posx":0,"posy":1,"lastAction":5,"status":0},{"playerId":2415753,"score":1675,"energy":23,"posx":6,"posy":3,"lastAction":2,"status":0}],"golds":[{"posx":0,"posy":0,"amount":650},{"posx":8,"posy":0,"amount":350},{"posx":0,"posy":1,"amount":300},{"posx":9,"posy":7,"amount":300}],"changedObstacles":[]},{"players":[{"playerId":2410245,"score":1625,"energy":14,"posx":8,"posy":0,"lastAction":4,"status":0},{"playerId":2237456,"score":2200,"energy":21,"posx":0,"posy":1,"lastAction":5,"status":0},{"playerId":277917,"score":2300,"energy":14,"posx":0,"posy":1,"lastAction":4,"status":0},{"playerId":2415753,"score":1675,"energy":22,"posx":7,"posy":3,"lastAction":1,"status":0}],"golds":[{"posx":0,"posy":0,"amount":650},{"posx":8,"posy":0,"amount":350},{"posx":0,"posy":1,"amount":250},{"posx":9,"posy":7,"amount":300}],"changedObstacles":[]},{"players":[{"playerId":2410245,"score":1675,"energy":9,"posx":8,"posy":0,"lastAction":5,"status":0},{"playerId":2237456,"score":2250,"energy":16,"posx":0,"posy":1,"lastAction":5,"status":0},{"playerId":277917,"score":2300,"energy":30,"posx":0,"posy":1,"lastAction":4,"status":0},{"playerId":2415753,"score":1675,"energy":21,"posx":7,"posy":2,"lastAction":2,"status":0}],"golds":[{"posx":0,"posy":0,"amount":650},{"posx":8,"posy":0,"amount":300},{"posx":0,"posy":1,"amount":200},{"posx":9,"posy":7,"amount":300}],"changedObstacles":[]},{"players":[{"playerId":2410245,"score":1725,"energy":4,"posx":8,"posy":0,"lastAction":5,"status":0},{"playerId":2237456,"score":2300,"energy":11,"posx":0,"posy":1,"lastAction":5,"status":0},{"playerId":277917,"score":2300,"energy":50,"posx":0,"posy":1,"lastAction":4,"status":0},{"playerId":2415753,"score":1675,"energy":20,"posx":7,"posy":1,"lastAction":2,"status":0}],"golds":[{"posx":0,"posy":0,"amount":650},{"posx":8,"posy":0,"amount":250},{"posx":0,"posy":1,"amount":150},{"posx":9,"posy":7,"amount":300}],"changedObstacles":[]},{"players":[{"playerId":2410245,"score":1725,"energy":16,"posx":8,"posy":0,"lastAction":4,"status":0},{"playerId":2237456,"score":2350,"energy":6,"posx":0,"posy":1,"lastAction":5,"status":0},{"playerId":277917,"score":2350,"energy":45,"posx":0,"posy":1,"lastAction":5,"status":0},{"playerId":2415753,"score":1675,"energy":19,"posx":6,"posy":1,"lastAction":0,"status":0}],"golds":[{"posx":0,"posy":0,"amount":650},{"posx":8,"posy":0,"amount":250},{"posx":0,"posy":1,"amount":50},{"posx":9,"posy":7,"amount":300}],"changedObstacles":[]},{"players":[{"playerId":2410245,"score":1775,"energy":11,"posx":8,"posy":0,"lastAction":5,"status":0},{"playerId":2237456,"score":2400,"energy":1,"posx":0,"posy":1,"lastAction":5,"status":0},{"playerId":277917,"score":2350,"energy":41,"posx":0,"posy":0,"lastAction":2,"status":0},{"playerId":2415753,"score":1675,"energy":14,"posx":6,"posy":0,"lastAction":2,"status":0}],"golds":[{"posx":0,"posy":0,"amount":650},{"posx":8,"posy":0,"amount":200},{"posx":9,"posy":7,"amount":300}],"changedObstacles":[{"type":3,"posx":6,"posy":0,"value":-20},{"type":0,"posx":0,"posy":1,"value":-1}]},{"players":[{"playerId":2410245,"score":1825,"energy":6,"posx":8,"posy":0,"lastAction":5,"status":0},{"playerId":2237456,"score":2400,"energy":13,"posx":0,"posy":1,"lastAction":4,"status":0},{"playerId":277917,"score":2400,"energy":36,"posx":0,"posy":0,"lastAction":5,"status":0},{"playerId":2415753,"score":1675,"energy":13,"posx":7,"posy":0,"lastAction":1,"status":0}],"golds":[{"posx":0,"posy":0,"amount":600},{"posx":8,"posy":0,"amount":150},{"posx":9,"posy":7,"amount":300}],"changedObstacles":[]},{"players":[{"playerId":2410245,"score":1875,"energy":1,"posx":8,"posy":0,"lastAction":5,"status":0},{"playerId":2237456,"score":2400,"energy":29,"posx":0,"posy":1,"lastAction":4,"status":0},{"playerId":277917,"score":2450,"energy":31,"posx":0,"posy":0,"lastAction":5,"status":0},{"playerId":2415753,"score":1675,"energy":9,"posx":8,"posy":0,"lastAction":1,"status":0}],"golds":[{"posx":0,"posy":0,"amount":550},{"posx":8,"posy":0,"amount":100},{"posx":9,"posy":7,"amount":300}],"changedObstacles":[]},{"players":[{"playerId":2410245,"score":1875,"energy":13,"posx":8,"posy":0,"lastAction":4,"status":0},{"playerId":2237456,"score":2400,"energy":50,"posx":0,"posy":1,"lastAction":4,"status":0},{"playerId":277917,"score":2500,"energy":26,"posx":0,"posy":0,"lastAction":5,"status":0},{"playerId":2415753,"score":1725,"energy":4,"posx":8,"posy":0,"lastAction":5,"status":0}],"golds":[{"posx":0,"posy":0,"amount":500},{"posx":8,"posy":0,"amount":50},{"posx":9,"posy":7,"amount":300}],"changedObstacles":[]},{"players":[{"playerId":2410245,"score":1925,"energy":8,"posx":8,"posy":0,"lastAction":5,"status":0},{"playerId":2237456,"score":2400,"energy":46,"posx":0,"posy":0,"lastAction":2,"status":0},{"playerId":277917,"score":2550,"energy":21,"posx":0,"posy":0,"lastAction":5,"status":0},{"playerId":2415753,"score":1725,"energy":16,"posx":8,"posy":0,"lastAction":4,"status":0}],"golds":[{"posx":0,"posy":0,"amount":450},{"posx":9,"posy":7,"amount":300}],"changedObstacles":[{"type":0,"posx":8,"posy":0,"value":-1}]},{"players":[{"playerId":2410245,"score":1925,"energy":7,"posx":7,"posy":0,"lastAction":0,"status":0},{"playerId":2237456,"score":2450,"energy":41,"posx":0,"posy":0,"lastAction":5,"status":0},{"playerId":277917,"score":2600,"energy":16,"posx":0,"posy":0,"lastAction":5,"status":0},{"playerId":2415753,"score":1725,"energy":32,"posx":8,"posy":0,"lastAction":4,"status":0}],"golds":[{"posx":0,"posy":0,"amount":350},{"posx":9,"posy":7,"amount":300}],"changedObstacles":[]},{"players":[{"playerId":2410245,"score":1925,"energy":6,"posx":7,"posy":1,"lastAction":3,"status":0},{"playerId":2237456,"score":2500,"energy":36,"posx":0,"posy":0,"lastAction":5,"status":0},{"playerId":277917,"score":2650,"energy":11,"posx":0,"posy":0,"lastAction":5,"status":0},{"playerId":2415753,"score":1725,"energy":22,"posx":8,"posy":1,"lastAction":3,"status":0}],"golds":[{"posx":0,"posy":0,"amount":250},{"posx":9,"posy":7,"amount":300}],"changedObstacles":[{"type":0,"posx":8,"posy":1,"value":-1}]},{"players":[{"playerId":2410245,"score":1925,"energy":5,"posx":7,"posy":2,"lastAction":3,"status":0},{"playerId":2237456,"score":2550,"energy":31,"posx":0,"posy":0,"lastAction":5,"status":0},{"playerId":277917,"score":2700,"energy":6,"posx":0,"posy":0,"lastAction":5,"status":0},{"playerId":2415753,"score":1725,"energy":21,"posx":8,"posy":2,"lastAction":3,"status":0}],"golds":[{"posx":0,"posy":0,"amount":150},{"posx":9,"posy":7,"amount":300}],"changedObstacles":[]},{"players":[{"playerId":2410245,"score":1925,"energy":4,"posx":7,"posy":3,"lastAction":3,"status":0},{"playerId":2237456,"score":2600,"energy":26,"posx":0,"posy":0,"lastAction":5,"status":0},{"playerId":277917,"score":2750,"energy":1,"posx":0,"posy":0,"lastAction":5,"status":0},{"playerId":2415753,"score":1725,"energy":20,"posx":8,"posy":3,"lastAction":3,"status":0}],"golds":[{"posx":0,"posy":0,"amount":50},{"posx":9,"posy":7,"amount":300}],"changedObstacles":[]},{"players":[{"playerId":2410245,"score":1925,"energy":16,"posx":7,"posy":3,"lastAction":4,"status":0},{"playerId":2237456,"score":2650,"energy":21,"posx":0,"posy":0,"lastAction":5,"status":0},{"playerId":277917,"score":2750,"energy":13,"posx":0,"posy":0,"lastAction":4,"status":0},{"playerId":2415753,"score":1725,"energy":19,"posx":9,"posy":3,"lastAction":1,"status":0}],"golds":[{"posx":9,"posy":7,"amount":300}],"changedObstacles":[{"type":0,"posx":0,"posy":0,"value":-1}]},{"players":[{"playerId":2410245,"score":1925,"energy":15,"posx":8,"posy":3,"lastAction":1,"status":0},{"playerId":2237456,"score":2650,"energy":20,"posx":1,"posy":0,"lastAction":1,"status":0},{"playerId":277917,"score":2750,"energy":29,"posx":0,"posy":0,"lastAction":4,"status":0},{"playerId":2415753,"score":1725,"energy":18,"posx":9,"posy":4,"lastAction":3,"status":0}],"golds":[{"posx":9,"posy":7,"amount":300}],"changedObstacles":[]}]