[{"players":[{"playerId":2450708,"score":0,"energy":46,"posx":14,"posy":1,"lastAction":0,"status":0},{"playerId":3099802,"score":0,"energy":46,"posx":14,"posy":1,"lastAction":0,"status":0},{"playerId":2483603,"score":0,"energy":46,"posx":16,"posy":1,"lastAction":1,"status":0},{"playerId":2407150,"score":0,"energy":46,"posx":14,"posy":1,"lastAction":0,"status":0}],"golds":[{"posx":6,"posy":6,"amount":100},{"posx":13,"posy":2,"amount":150},{"posx":16,"posy":4,"amount":700},{"posx":8,"posy":0,"amount":550},{"posx":19,"posy":6,"amount":650},{"posx":7,"posy":1,"amount":550},{"posx":16,"posy":1,"amount":450},{"posx":9,"posy":3,"amount":400},{"posx":11,"posy":3,"amount":700},{"posx":9,"posy":7,"amount":300},{"posx":14,"posy":1,"amount":100},{"posx":7,"posy":4,"amount":600},{"posx":0,"posy":1,"amount":400},{"posx":13,"posy":3,"amount":550},{"posx":1,"posy":1,"amount":700},{"posx":15,"posy":6,"amount":700},{"posx":6,"posy":3,"amount":750},{"posx":0,"posy":0,"amount":650},{"posx":6,"posy":5,"amount":100},{"posx":18,"posy":2,"amount":250}],"changedObstacles":[]},{"players":[{"playerId":2450708,"score":0,"energy":45,"posx":14,"posy":2,"lastAction":3,"status":0},{"playerId":3099802,"score":50,"energy":41,"posx":14,"posy":1,"lastAction":5,"status":0},{"playerId":2483603,"score":50,"energy":41,"posx":16,"posy":1,"lastAction":5,"status":0},{"playerId":2407150,"score":0,"energy":45,"posx":14,"posy":2,"lastAction":3,"status":0}],"golds":[{"posx":0,"posy":0,"amount":650},{"posx":8,"posy":0,"amount":550},{"posx":0,"posy":1,"amount":400},{"posx":1,"posy":1,"amount":700},{"posx":7,"posy":1,"amount":550},{"posx":14,"posy":1,"amount":50},{"posx":16,"posy":1,"amount":400},{"posx":13,"posy":2,"amount":150},{"posx":18,"posy":2,"amount":250},{"posx":6,"posy":3,"amount":750},{"posx":9,"posy":3,"amount":400},{"posx":11,"posy":3,"amount":700},{"posx":13,"posy":3,"amount":550},{"posx":7,"posy":4,"amount":600},{"posx":16,"posy":4,"amount":700},{"posx":6,"posy":5,"amount":100},{"posx":6,"posy":6,"amount":100},{"posx":15,"posy":6,"amount":700},{"posx":19,"posy":6,"amount":650},{"posx":9,"posy":7,"amount":300}],"changedObstacles":[]},{"players":[{"playerId":2450708,"score":0,"energy":41,"posx":13,"posy":2,"lastAction":0,"status":0},{"playerId":3099802,"score":100,"energy":36,"posx":14,"posy":1,"lastAction":5,"status":0},{"playerId":2483603,"score":100,"energy":36,"posx":16,"posy":1,"lastAction":5,"status":0},{"playerId":2407150,"score":0,"energy":44,"posx":14,"posy":3,"lastAction":3,"status":0}],"golds":[{"posx":0,"posy":0,"amount":650},{"posx":8,"posy":0,"amount":550},{"posx":0,"posy":1,"amount":400},{"posx":1,"posy":1,"amount":700},{"posx":7,"posy":1,"amount":550},{"posx":16,"posy":1,"amount":350},{"posx":13,"posy":2,"amount":150},{"posx":18,"posy":2,"amount":250},{"posx":6,"posy":3,"amount":750},{"posx":9,"posy":3,"amount":400},{"posx":11,"posy":3,"amount":700},{"posx":13,"posy":3,"amount":550},{"posx":7,"posy":4,"amount":600},{"posx":16,"posy":4,"amount":700},{"posx":6,"posy":5,"amount":100},{"posx":6,"posy":6,"amount":100},{"posx":15,"posy":6,"amount":700},{"posx":19,"posy":6,"amount":650},{"posx":9,"posy":7,"amount":300}],"changedObstacles":[{"type":0,"posx":14,"posy":1,"value":-1}]},{"players":[{"playerId":2450708,"score":50,"energy":36,"posx":13,"posy":2,"lastAction":5,"status":0},{"playerId":3099802,"score":100,"energy":35,"posx":14,"posy":2,"lastAction":3,"status":0},{"playerId":2483603,"score":150,"energy":31,"posx":16,"posy":1,"lastAction":5,"status":0},{"playerId":2407150,"score":0,"energy":40,"posx":13,"posy":3,"lastAction":0,"status":0}],"golds":[{"posx":0,"posy":0,"amount":650},{"posx":8,"posy":0,"amount":550},{"posx":0,"posy":1,"amount":400},{"posx":1,"posy":1,"amount":700},{"posx":7,"posy":1,"amount":550},{"posx":16,"posy":1,"amount":300},{"posx":13,"posy":2,"amount":100},{"posx":18,"posy":2,"amount":250},{"posx":6,"posy":3,"amount":750},{"posx":9,"posy":3,"amount":400},{"posx":11,"posy":3,"amount":700},{"posx":13,"posy":3,"amount":550},{"posx":7,"posy":4,"amount":600},{"posx":16,"posy":4,"amount":700},{"posx":6,"posy":5,"amount":100},{"posx":6,"posy":6,"amount":100},{"posx":15,"posy":6,"amount":700},{"posx":19,"posy":6,"amount":650},{"posx":9,"posy":7,"amount":300}],"changedObstacles":[]},{"players":[{"playerId":2450708,"score":100,"energy":31,"posx":13,"posy":2,"lastAction":5,"status":0},{"playerId":3099802,"score":100,"energy":34,"posx":14,"posy":3,"lastAction":3,"status":0},{"playerId":2483603,"score":200,"energy":26,"posx":16,"posy":1,"lastAction":5,"status":0},{"playerId":2407150,"score":50,"energy":35,"posx":13,"posy":3,"lastAction":5,"status":0}],"golds":[{"posx":0,"posy":0,"amount":650},{"posx":8,"posy":0,"amount":550},{"posx":0,"posy":1,"amount":400},{"posx":1,"posy":1,"amount":700},{"posx":7,"posy":1,"amount":550},{"posx":16,"posy":1,"amount":250},{"posx":13,"posy":2,"amount":50},{"posx":18,"posy":2,"amount":250},{"posx":6,"posy":3,"amount":750},{"posx":9,"posy":3,"amount":400},{"posx":11,"posy":3,"amount":700},{"posx":13,"posy":3,"amount":500},{"posx":7,"posy":4,"amount":600},{"posx":16,"posy":4,"amount":700},{"posx":6,"posy":5,"amount":100},{"posx":6,"posy":6,"amount":100},{"posx":15,"posy":6,"amount":700},{"posx":19,"posy":6,"amount":650},{"posx":9,"posy":7,"amount":300}],"changedObstacles":[]},{"players":[{"playerId":2450708,"score":100,"energy":30,"posx":12,"posy":2,"lastAction":0,"status":0},{"playerId":3099802,"score":100,"energy":30,"posx":13,"posy":3,"lastAction":0,"status":0},{"playerId":2483603,"score":250,"energy":21,"posx":16,"posy":1,"lastAction":5,"status":0},{"playerId":2407150,"score":100,"energy":30,"posx":13,"posy":3,"lastAction":5,"status":0}],"golds":[{"posx":0,"posy":0,"amount":650},{"posx":8,"posy":0,"amount":550},{"posx":0,"posy":1,"amount":400},{"posx":1,"posy":1,"amount":700},{"posx":7,"posy":1,"amount":550},{"posx":16,"posy":1,"amount":200},{"posx":13,"posy":2,"amount":50},{"posx":18,"posy":2,"amount":250},{"posx":6,"posy":3,"amount":750},{"posx":9,"posy":3,"amount":400},{"posx":11,"posy":3,"amount":700},{"posx":13,"posy":3,"amount":450},{"posx":7,"posy":4,"amount":600},{"posx":16,"posy":4,"amount":700},{"posx":6,"posy":5,"amount":100},{"posx":6,"posy":6,"amount":100},{"posx":15,"posy":6,"amount":700},{"posx":19,"posy":6,"amount":650},{"posx":9,"posy":7,"amount":300}],"changedObstacles":[]},{"players":[{"playerId":2450708,"score":100,"energy":29,"posx":11,"posy":2,"lastAction":0,"status":0},{"playerId":3099802,"score":150,"energy":25,"posx":13,"posy":3,"lastAction":5,"status":0},{"playerId":2483603,"score":300,"energy":16,"posx":16,"posy":1,"lastAction":5,"status":0},{"playerId":2407150,"score":150,"energy":25,"posx":13,"posy":3,"lastAction":5,"status":0}],"golds":[{"posx":0,"posy":0,"amount":650},{"posx":8,"posy":0,"amount":550},{"posx":0,"posy":1,"amount":400},{"posx":1,"posy":1,"amount":700},{"posx":7,"posy":1,"amount":550},{"posx":16,"posy":1,"amount":150},{"posx":13,"posy":2,"amount":50},{"posx":18,"posy":2,"amount":250},{"posx":6,"posy":3,"amount":750},{"posx":9,"posy":3,"amount":400},{"posx":11,"posy":3,"amount":700},{"posx":13,"posy":3,"amount":350},{"posx":7,"posy":4,"amount":600},{"posx":16,"posy":4,"amount":700},{"posx":6,"posy":5,"amount":100},{"posx":6,"posy":6,"amount":100},{"posx":15,"posy":6,"amount":700},{"posx":19,"posy":6,"amount":650},{"posx":9,"posy":7,"amount":300}],"changedObstacles":[]},{"players":[{"playerId":2450708,"score":100,"energy":25,"posx":11,"posy":3,"lastAction":3,"status":0},{"playerId":3099802,"score":200,"energy":20,"posx":13,"posy":3,"lastAction":5,"status":0},{"playerId":2483603,"score":350,"energy":11,"posx":16,"posy":1,"lastAction":5,"status":0},{"playerId":2407150,"score":200,"energy":20,"posx":13,"posy":3,"lastAction":5,"status":0}],"golds":[{"posx":0,"posy":0,"amount":650},{"posx":8,"posy":0,"amount":550},{"posx":0,"posy":1,"amount":400},{"posx":1,"posy":1,"amount":700},{"posx":7,"posy":1,"amount":550},{"posx":16,"posy":1,"amount":100},{"posx":13,"posy":2,"amount":50},{"posx":18,"posy":2,"amount":250},{"posx":6,"posy":3,"amount":750},{"posx":9,"posy":3,"amount":400},{"posx":11,"posy":3,"amount":700},{"posx":13,"posy":3,"amount":250},{"posx":7,"posy":4,"amount":600},{"posx":16,"posy":4,"amount":700},{"posx":6,"posy":5,"amount":100},{"posx":6,"posy":6,"amount":100},{"posx":15,"posy":6,"amount":700},{"posx":19,"posy":6,"amount":650},{"posx":9,"posy":7,"amount":300}],"changedObstacles":[]},{"players":[{"playerId":2450708,"score":150,"energy":20,"posx":11,"posy":3,"lastAction":5,"status":0},{"playerId":3099802,"score":250,"energy":15,"posx":13,"posy":3,"lastAction":5,"status":0},{"playerId":2483603,"score":400,"energy":6,"posx":16,"posy":1,"lastAction":5,"status":0},{"playerId":2407150,"score":250,"energy":15,"posx":13,"posy":3,"lastAction":5,"status":0}],"golds":[{"posx":0,"posy":0,"amount":650},{"posx":8,"posy":0,"amount":550},{"posx":0,"posy":1,"amount":400},{"posx":1,"posy":1,"amount":700},{"posx":7,"posy":1,"amount":550},{"posx":16,"posy":1,"amount":50},{"posx":13,"posy":2,"amount":50},{"posx":18,"posy":2,"amount":250},{"posx":6,"posy":3,"amount":750},{"posx":9,"posy":3,"amount":400},{"posx":11,"posy":3,"amount":650},{"posx":13,"posy":3,"amount":150},{"posx":7,"posy":4,"amount":600},{"posx":16,"posy":4,"amount":700},{"posx":6,"posy":5,"amount":100},{"posx":6,"posy":6,"amount":100},{"posx":15,"posy":6,"amount":700},{"posx":19,"posy":6,"amount":650},{"posx":9,"posy":7,"amount":300}],"changedObstacles":[]},{"players":[{"playerId":2450708,"score":200,"energy":15,"posx":11,"posy":3,"lastAction":5,"status":0},{"playerId":3099802,"score":300,"energy":10,"posx":13,"posy":3,"lastAction":5,"status":0},{"playerId":2483603,"score":450,"energy":1,"posx":16,"posy":1,"lastAction":5,"status":0},{"playerId":2407150,"score":300,"energy":10,"posx":13,"posy":3,"lastAction":5,"status":0}],"golds":[{"posx":0,"posy":0,"amount":650},{"posx":8,"posy":0,"amount":550},{"posx":0,"posy":1,"amount":400},{"posx":1,"posy":1,"amount":700},{"posx":7,"posy":1,"amount":550},{"posx":13,"posy":2,"amount":50},{"posx":18,"posy":2,"amount":250},{"posx":6,"posy":3,"amount":750},{"posx":9,"posy":3,"amount":400},{"posx":11,"posy":3,"amount":600},{"posx":13,"posy":3,"amount":50},{"posx":7,"posy":4,"amount":600},{"posx":16,"posy":4,"amount":700},{"posx":6,"posy":5,"amount":100},{"posx":6,"posy":6,"amount":100},{"posx":15,"posy":6,"amount":700},{"posx":19,"posy":6,"amount":650},{"posx":9,"posy":7,"amount":300}],"changedObstacles":[{"type":0,"posx":16,"posy":1,"value":-1}]},{"players":[{"playerId":2450708,"score":250,"energy":10,"posx":11,"posy":3,"lastAction":5,"status":0},{"playerId":3099802,"score":350,"energy":5,"posx":13,"posy":3,"lastAction":5,"status":0},{"playerId":2483603,"score":450,"energy":13,"posx":16,"posy":1,"lastAction":4,"status":0},{"playerId":2407150,"score":300,"energy":9,"posx":12,"posy":3,"lastAction":0,"status":0}],"golds":[{"posx":0,"posy":0,"amount":650},{"posx":8,"posy":0,"amount":550},{"posx":0,"posy":1,"amount":400},{"posx":1,"posy":1,"amount":700},{"posx":7,"posy":1,"amount":550},{"posx":13,"posy":2,"amount":50},{"posx":18,"posy":2,"amount":250},{"posx":6,"posy":3,"amount":750},{"posx":9,"posy":3,"amount":400},{"posx":11,"posy":3,"amount":550},{"posx":7,"posy":4,"amount":600},{"posx":16,"posy":4,"amount":700},{"posx":6,"posy":5,"amount":100},{"posx":6,"posy":6,"amount":100},{"posx":15,"posy":6,"amount":700},{"posx":19,"posy":6,"amount":650},{"posx":9,"posy":7,"amount":300}],"changedObstacles":[{"type":0,"posx":13,"posy":3,"value":-1}]},{"players":[{"playerId":2450708,"score":300,"energy":5,"posx":11,"posy":3,"lastAction":5,"status":0},{"playerId":3099802,"score":350,"energy":4,"posx":12,"posy":3,"lastAction":0,"status":0},{"playerId":2483603,"score":450,"energy":29,"posx":16,"posy":1,"lastAction":4,"status":0},{"playerId":2407150,"score":300,"energy":5,"posx":11,"posy":3,"lastAction":0,"status":0}],"golds":[{"posx":0,"posy":0,"amount":650},{"posx":8,"posy":0,"amount":550},{"posx":0,"posy":1,"amount":400},{"posx":1,"posy":1,"amount":700},{"posx":7,"posy":1,"amount":550},{"posx":13,"posy":2,"amount":50},{"posx":18,"posy":2,"amount":250},{"posx":6,"posy":3,"amount":750},{"posx":9,"posy":3,"amount":400},{"posx":11,"posy":3,"amount":500},{"posx":7,"posy":4,"amount":600},{"posx":16,"posy":4,"amount":700},{"posx":6,"posy":5,"amount":100},{"posx":6,"posy":6,"amount":100},{"posx":15,"posy":6,"amount":700},{"posx":19,"posy":6,"amount":650},{"posx":9,"posy":7,"amount":300}],"changedObstacles":[]},{"players":[{"playerId":2450708,"score":300,"energy":17,"posx":11,"posy":3,"lastAction":4,"status":0},{"playerId":3099802,"score":350,"energy":3,"posx":13,"posy":3,"lastAction":1,"status":0},{"playerId":2483603,"score":450,"energy":24,"posx":16,"posy":2,"lastAction":3,"status":0},{"playerId":2407150,"score":300,"energy":17,"posx":11,"posy":3,"lastAction":4,"status":0}],"golds":[{"posx":0,"posy":0,"amount":650},{"posx":8,"posy":0,"amount":550},{"posx":0,"posy":1,"amount":400},{"posx":1,"posy":1,"amount":700},{"posx":7,"posy":1,"amount":550},{"posx":13,"posy":2,"amount":50},{"posx":18,"posy":2,"amount":250},{"posx":6,"posy":3,"amount":750},{"posx":9,"posy":3,"amount":400},{"posx":11,"posy":3,"amount":500},{"posx":7,"posy":4,"amount":600},{"posx":16,"posy":4,"amount":700},{"posx":6,"posy":5,"amount":100},{"posx":6,"posy":6,"amount":100},{"posx":15,"posy":6,"amount":700},{"posx":19,"posy":6,"amount":650},{"posx":9,"posy":7,"amount":300}],"changedObstacles":[{"type":3,"posx":16,"posy":2,"value":-20}]},{"players":[{"playerId":2450708,"score":300,"energy":33,"posx":11,"posy":3,"lastAction":4,"status":0},{"playerId":3099802,"score":350,"energy":2,"posx":14,"posy":3,"lastAction":1,"status":0},{"playerId":2483603,"score":450,"energy":23,"posx":17,"posy":2,"lastAction":1,"status":0},{"playerId":2407150,"score":300,"energy":33,"posx":11,"posy":3,"lastAction":4,"status":0}],"golds":[{"posx":0,"posy":0,"amount":650},{"posx":8,"posy":0,"amount":550},{"posx":0,"posy":1,"amount":400},{"posx":1,"posy":1,"amount":700},{"posx":7,"posy":1,"amount":550},{"posx":13,"posy":2,"amount":50},{"posx":18,"posy":2,"amount":250},{"posx":6,"posy":3,"amount":750},{"posx":9,"posy":3,"amount":400},{"posx":11,"posy":3,"amount":500},{"posx":7,"posy":4,"amount":600},{"posx":16,"posy":4,"amount":700},{"posx":6,"posy":5,"amount":100},{"posx":6,"posy":6,"amount":100},{"posx":15,"posy":6,"amount":700},{"posx":19,"posy":6,"amount":650},{"posx":9,"posy":7,"amount":300}],"changedObstacles":[]},{"players":[{"playerId":2450708,"score":300,"energy":50,"posx":11,"posy":3,"lastAction":4,"status":0},{"playerId":3099802,"score":350,"energy":14,"posx":14,"posy":3,"lastAction":4,"status":0},{"playerId":2483603,"score":450,"energy":19,"posx":18,"posy":2,"lastAction":1,"status":0},{"playerId":2407150,"score":300,"energy":50,"posx":11,"posy":3,"lastAction":4,"status":0}],"golds":[{"posx":0,"posy":0,"amount":650},{"posx":8,"posy":0,"amount":550},{"posx":0,"posy":1,"amount":400},{"posx":1,"posy":1,"amount":700},{"posx":7,"posy":1,"amount":550},{"posx":13,"posy":2,"amount":50},{"posx":18,"posy":2,"amount":250},{"posx":6,"posy":3,"amount":750},{"posx":9,"posy":3,"amount":400},{"posx":11,"posy":3,"amount":500},{"posx":7,"posy":4,"amount":600},{"posx":16,"posy":4,"amount":700},{"posx":6,"posy":5,"amount":100},{"posx":6,"posy":6,"amount":100},{"posx":15,"posy":6,"amount":700},{"posx":19,"posy":6,"amount":650},{"posx":9,"posy":7,"amount":300}],"changedObstacles":[]},{"players":[{"playerId":2450708,"score":350,"energy":45,"posx":11,"posy":3,"lastAction":5,"status":0},{"playerId":3099802,"score":350,"energy":30,"posx":14,"posy":3,"lastAction":4,"status":0},{"playerId":2483603,"score":500,"energy":14,"posx":18,"posy":2,"lastAction":5,"status":0},{"playerId":2407150,"score":350,"energy":45,"posx":11,"posy":3,"lastAction":5,"status":0}],"golds":[{"posx":0,"posy":0,"amount":650},{"posx":8,"posy":0,"amount":550},{"posx":0,"posy":1,"amount":400},{"posx":1,"posy":1,"amount":700},{"posx":7,"posy":1,"amount":550},{"posx":13,"posy":2,"amount":50},{"posx":18,"posy":2,"amount":200},{"posx":6,"posy":3,"amount":750},{"posx":9,"posy":3,"amount":400},{"posx":11,"posy":3,"amount":400},{"posx":7,"posy":4,"amount":600},{"posx":16,"posy":4,"amount":700},{"posx":6,"posy":5,"amount":100},{"posx":6,"posy":6,"amount":100},{"posx":15,"posy":6,"amount":700},{"posx":19,"posy":6,"amount":650},{"posx":9,"posy":7,"amount":300}],"changedObstacles":[]},{"players":[{"playerId":2450708,"score":350,"energy":35,"posx":10,"posy":3,"lastAction":0,"status":0},{"playerId":3099802,"score":350,"energy":20,"posx":15,"posy":3,"lastAction":1,"status":0},{"playerId":2483603,"score":550,"energy":9,"posx":18,"posy":2,"lastAction":5,"status":0},{"playerId":2407150,"score":400,"energy":40,"posx":11,"posy":3,"lastAction":5,"status":0}],"golds":[{"posx":0,"posy":0,"amount":650},{"posx":8,"posy":0,"amount":550},{"posx":0,"posy":1,"amount":400},{"posx":1,"posy":1,"amount":700},{"posx":7,"posy":1,"amount":550},{"posx":13,"posy":2,"amount":50},{"posx":18,"posy":2,"amount":150},{"posx":6,"posy":3,"amount":750},{"posx":9,"posy":3,"amount":400},{"posx":11,"posy":3,"amount":350},{"posx":7,"posy":4,"amount":600},{"posx":16,"posy":4,"amount":700},{"posx":6,"posy":5,"amount":100},{"posx":6,"posy":6,"amount":100},{"posx":15,"posy":6,"amount":700},{"posx":19,"posy":6,"amount":650},{"posx":9,"posy":7,"amount":300}],"changedObstacles":[{"type":0,"posx":10,"posy":3,"value":-1}]},{"players":[{"playerId":2450708,"score":350,"energy":31,"posx":9,"posy":3,"lastAction":0,"status":0},{"playerId":3099802,"score":350,"energy":15,"posx":16,"posy":3,"lastAction":1,"status":0},{"playerId":2483603,"score":600,"energy":4,"posx":18,"posy":2,"lastAction":5,"status":0},{"playerId":2407150,"score":450,"energy":35,"posx":11,"posy":3,"lastAction":5,"status":0}],"golds":[{"posx":0,"posy":0,"amount":650},{"posx":8,"posy":0,"amount":550},{"posx":0,"posy":1,"amount":400},{"posx":1,"posy":1,"amount":700},{"posx":7,"posy":1,"amount":550},{"posx":13,"posy":2,"amount":50},{"posx":18,"posy":2,"amount":100},{"posx":6,"posy":3,"amount":750},{"posx":9,"posy":3,"amount":400},{"posx":11,"posy":3,"amount":300},{"posx":7,"posy":4,"amount":600},{"posx":16,"posy":4,"amount":700},{"posx":6,"posy":5,"amount":100},{"posx":6,"posy":6,"amount":100},{"posx":15,"posy":6,"amount":700},{"posx":19,"posy":6,"amount":650},{"posx":9,"posy":7,"amount":300}],"changedObstacles":[{"type":3,"posx":16,"posy":3,"value":-20}]},{"players":[{"playerId":2450708,"score":400,"energy":26,"posx":9,"posy":3,"lastAction":5,"status":0},{"playerId":3099802,"score":350,"energy":11,"posx":16,"posy":4,"lastAction":3,"status":0},{"playerId":2483603,"score":600,"energy":16,"posx":18,"posy":2,"lastAction":4,"status":0},{"playerId":2407150,"score":500,"energy":30,"posx":11,"posy":3,"lastAction":5,"status":0}],"golds":[{"posx":0,"posy":0,"amount":650},{"posx":8,"posy":0,"amount":550},{"posx":0,"posy":1,"amount":400},{"posx":1,"posy":1,"amount":700},{"posx":7,"posy":1,"amount":550},{"posx":13,"posy":2,"amount":50},{"posx":18,"posy":2,"amount":100},{"posx":6,"posy":3,"amount":750},{"posx":9,"posy":3,"amount":350},{"posx":11,"posy":3,"amount":250},{"posx":7,"posy":4,"amount":600},{"posx":16,"posy":4,"amount":700},{"posx":6,"posy":5,"amount":100},{"posx":6,"posy":6,"amount":100},{"posx":15,"posy":6,"amount":700},{"posx":19,"posy":6,"amount":650},{"posx":9,"posy":7,"amount":300}],"changedObstacles":[]},{"players":[{"playerId":2450708,"score":450,"energy":21,"posx":9,"posy":3,"lastAction":5,"status":0},{"playerId":3099802,"score":350,"energy":23,"posx":16,"posy":4,"lastAction":4,"status":0},{"playerId":2483603,"score":600,"energy":32,"posx":18,"posy":2,"lastAction":4,"status":0},{"playerId":2407150,"score":550,"energy":25,"posx":11,"posy":3,"lastAction":5,"status":0}],"golds":[{"posx":0,"posy":0,"amount":650},{"posx":8,"posy":0,"amount":550},{"posx":0,"posy":1,"amount":400},{"posx":1,"posy":1,"amount":700},{"posx":7,"posy":1,"amount":550},{"posx":13,"posy":2,"amount":50},{"posx":18,"posy":2,"amount":100},{"posx":6,"posy":3,"amount":750},{"posx":9,"posy":3,"amount":300},{"posx":11,"posy":3,"amount":200},{"posx":7,"posy":4,"amount":600},{"posx":16,"posy":4,"amount":700},{"posx":6,"posy":5,"amount":100},{"posx":6,"posy":6,"amount":100},{"posx":15,"posy":6,"amount":700},{"posx":19,"posy":6,"amount":650},{"posx":9,"posy":7,"amount":300}],"changedObstacles":[]},{"players":[{"playerId":2450708,"score":500,"energy":16,"posx":9,"posy":3,"lastAction":5,"status":0},{"playerId":3099802,"score":350,"energy":39,"posx":16,"posy":4,"lastAction":4,"status":0},{"playerId":2483603,"score":650,"energy":27,"posx":18,"posy":2,"lastAction":5,"status":0},{"playerId":2407150,"score":600,"energy":20,"posx":11,"posy":3,"lastAction":5,"status":0}],"golds":[{"posx":0,"posy":0,"amount":650},{"posx":8,"posy":0,"amount":550},{"posx":0,"posy":1,"amount":400},{"posx":1,"posy":1,"amount":700},{"posx":7,"posy":1,"amount":550},{"posx":13,"posy":2,"amount":50},{"posx":18,"posy":2,"amount":50},{"posx":6,"posy":3,"amount":750},{"posx":9,"posy":3,"amount":250},{"posx":11,"posy":3,"amount":150},{"posx":7,"posy":4,"amount":600},{"posx":16,"posy":4,"amount":700},{"posx":6,"posy":5,"amount":100},{"posx":6,"posy":6,"amount":100},{"posx":15,"posy":6,"amount":700},{"posx":19,"posy":6,"amount":650},{"posx":9,"posy":7,"amount":300}],"changedObstacles":[]},{"players":[{"playerId":2450708,"score":550,"energy":11,"posx":9,"posy":3,"lastAction":5,"status":0},{"playerId":3099802,"score":400,"energy":34,"posx":16,"posy":4,"lastAction":5,"status":0},{"playerId":2483603,"score":700,"energy":22,"posx":18,"posy":2,"lastAction":5,"status":0},{"playerId":2407150,"score":650,"energy":15,"posx":11,"posy":3,"lastAction":5,"status":0}],"golds":[{"posx":0,"posy":0,"amount":650},{"posx":8,"posy":0,"amount":550},{"posx":0,"posy":1,"amount":400},{"posx":1,"posy":1,"amount":700},{"posx":7,"posy":1,"amount":550},{"posx":13,"posy":2,"amount":50},{"posx":6,"posy":3,"amount":750},{"posx":9,"posy":3,"amount":200},{"posx":11,"posy":3,"amount":100},{"posx":7,"posy":4,"amount":600},{"posx":16,"posy":4,"amount":650},{"posx":6,"posy":5,"amount":100},{"posx":6,"posy":6,"amount":100},{"posx":15,"posy":6,"amount":700},{"posx":19,"posy":6,"amount":650},{"posx":9,"posy":7,"amount":300}],"changedObstacles":[{"type":0,"posx":18,"posy":2,"value":-1}]},{"players":[{"playerId":2450708,"score":600,"energy":6,"posx":9,"posy":3,"lastAction":5,"status":0},{"playerId":3099802,"score":450,"energy":29,"posx":16,"posy":4,"lastAction":5,"status":0},{"playerId":2483603,"score":700,"energy":21,"posx":17,"posy":2,"lastAction":0,"status":0},{"playerId":2407150,"score":650,"energy":14,"posx":10,"posy":3,"lastAction":0,"status":0}],"golds":[{"posx":0,"posy":0,"amount":650},{"posx":8,"posy":0,"amount":550},{"posx":0,"posy":1,"amount":400},{"posx":1,"posy":1,"amount":700},{"posx":7,"posy":1,"amount":550},{"posx":13,"posy":2,"amount":50},{"posx":6,"posy":3,"amount":750},{"posx":9,"posy":3,"amount":150},{"posx":11,"posy":3,"amount":100},{"posx":7,"posy":4,"amount":600},{"posx":16,"posy":4,"amount":600},{"posx":6,"posy":5,"amount":100},{"posx":6,"posy":6,"amount":100},{"posx":15,"posy":6,"amount":700},{"posx":19,"posy":6,"amount":650},{"posx":9,"posy":7,"amount":300}],"changedObstacles":[]},{"players":[{"playerId":2450708,"score":650,"energy":1,"posx":9,"posy":3,"lastAction":5,"status":0},{"playerId":3099802,"score":500,"energy":24,"posx":16,"posy":4,"lastAction":5,"status":0},{"playerId":2483603,"score":700,"energy":1,"posx":17,"posy":3,"lastAction":3,"status":0},{"playerId":2407150,"score":650,"energy":10,"posx":9,"posy":3,"lastAction":0,"status":0}],"golds":[{"posx":0,"posy":0,"amount":650},{"posx":8,"posy":0,"amount":550},{"posx":0,"posy":1,"amount":400},{"posx":1,"posy":1,"amount":700},{"posx":7,"posy":1,"amount":550},{"posx":13,"posy":2,"amount":50},{"posx":6,"posy":3,"amount":750},{"posx":9,"posy":3,"amount":100},{"posx":11,"posy":3,"amount":100},{"posx":7,"posy":4,"amount":600},{"posx":16,"posy":4,"amount":550},{"posx":6,"posy":5,"amount":100},{"posx":6,"posy":6,"amount":100},{"posx":15,"posy":6,"amount":700},{"posx":19,"posy":6,"amount":650},{"posx":9,"posy":7,"amount":300}],"changedObstacles":[]},{"players":[{"playerId":2450708,"score":650,"energy":13,"posx":9,"posy":3,"lastAction":4,"status":0},{"playerId":3099802,"score":550,"energy":19,"posx":16,"posy":4,"lastAction":5,"status":0},{"playerId":2483603,"score":700,"energy":13,"posx":17,"posy":3,"lastAction":4,"status":0},{"playerId":2407150,"score":650,"energy":22,"posx":9,"posy":3,"lastAction":4,"status":0}],"golds":[{"posx":0,"posy":0,"amount":650},{"posx":8,"posy":0,"amount":550},{"posx":0,"posy":1,"amount":400},{"posx":1,"posy":1,"amount":700},{"posx":7,"posy":1,"amount":550},{"posx":13,"posy":2,"amount":50},{"posx":6,"posy":3,"amount":750},{"posx":9,"posy":3,"amount":100},{"posx":11,"posy":3,"amount":100},{"posx":7,"posy":4,"amount":600},{"posx":16,"posy":4,"amount":500},{"posx":6,"posy":5,"amount":100},{"posx":6,"posy":6,"amount":100},{"posx":15,"posy":6,"amount":700},{"posx":19,"posy":6,"amount":650},{"posx":9,"posy":7,"amount":300}],"changedObstacles":[]},{"players":[{"playerId":2450708,"score":650,"energy":29,"posx":9,"posy":3,"lastAction":4,"status":0},{"playerId":3099802,"score":600,"energy":14,"posx":16,"posy":4,"lastAction":5,"status":0},{"playerId":2483603,"score":700,"energy":29,"posx":17,"posy":3,"lastAction":4,"status":0},{"playerId":2407150,"score":650,"energy":38,"posx":9,"posy":3,"lastAction":4,"status":0}],"golds":[{"posx":0,"posy":0,"amount":650},{"posx":8,"posy":0,"amount":550},{"posx":0,"posy":1,"amount":400},{"posx":1,"posy":1,"amount":700},{"posx":7,"posy":1,"amount":550},{"posx":13,"posy":2,"amount":50},{"posx":6,"posy":3,"amount":750},{"posx":9,"posy":3,"amount":100},{"posx":11,"posy":3,"amount":100},{"posx":7,"posy":4,"amount":600},{"posx":16,"posy":4,"amount":450},{"posx":6,"posy":5,"amount":100},{"posx":6,"posy":6,"amount":100},{"posx":15,"posy":6,"amount":700},{"posx":19,"posy":6,"amount":650},{"posx":9,"posy":7,"amount":300}],"changedObstacles":[]},{"players":[{"playerId":2450708,"score":650,"energy":50,"posx":9,"posy":3,"lastAction":4,"status":0},{"playerId":3099802,"score":650,"energy":9,"posx":16,"posy":4,"lastAction":5,"status":0},{"playerId":2483603,"score":700,"energy":24,"posx":17,"posy":4,"lastAction":3,"status":0},{"playerId":2407150,"score":650,"energy":28,"posx":8,"posy":3,"lastAction":0,"status":0}],"golds":[{"posx":0,"posy":0,"amount":650},{"posx":8,"posy":0,"amount":550},{"posx":0,"posy":1,"amount":400},{"posx":1,"posy":1,"amount":700},{"posx":7,"posy":1,"amount":550},{"posx":13,"posy":2,"amount":50},{"posx":6,"posy":3,"amount":750},{"posx":9,"posy":3,"amount":100},{"posx":11,"posy":3,"amount":100},{"posx":7,"posy":4,"amount":600},{"posx":16,"posy":4,"amount":400},{"posx":6,"posy":5,"amount":100},{"posx":6,"posy":6,"amount":100},{"posx":15,"posy":6,"amount":700},{"posx":19,"posy":6,"amount":650},{"posx":9,"posy":7,"amount":300}],"changedObstacles":[{"type":0,"posx":8,"posy":3,"value":-1},{"type":3,"posx":17,"posy":4,"value":-20}]},{"players":[{"playerId":2450708,"score":700,"energy":45,"posx":9,"posy":3,"lastAction":5,"status":0},{"playerId":3099802,"score":700,"energy":4,"posx":16,"posy":4,"lastAction":5,"status":0},{"playerId":2483603,"score":700,"energy":20,"posx":16,"posy":4,"lastAction":0,"status":0},{"playerId":2407150,"score":650,"energy":27,"posx":7,"posy":3,"lastAction":0,"status":0}],"golds":[{"posx":0,"posy":0,"amount":650},{"posx":8,"posy":0,"amount":550},{"posx":0,"posy":1,"amount":400},{"posx":1,"posy":1,"amount":700},{"posx":7,"posy":1,"amount":550},{"posx":13,"posy":2,"amount":50},{"posx":6,"posy":3,"amount":750},{"posx":9,"posy":3,"amount":50},{"posx":11,"posy":3,"amount":100},{"posx":7,"posy":4,"amount":600},{"posx":16,"posy":4,"amount":350},{"posx":6,"posy":5,"amount":100},{"posx":6,"posy":6,"amount":100},{"posx":15,"posy":6,"amount":700},{"posx":19,"posy":6,"amount":650},{"posx":9,"posy":7,"amount":300}],"changedObstacles":[]},{"players":[{"playerId":2450708,"score":700,"energy":44,"posx":8,"posy":3,"lastAction":0,"status":0},{"playerId":3099802,"score":700,"energy":16,"posx":16,"posy":4,"lastAction":4,"status":0},{"playerId":2483603,"score":750,"energy":15,"posx":16,"posy":4,"lastAction":5,"status":0},{"playerId":2407150,"score":650,"energy":23,"posx":6,"posy":3,"lastAction":0,"status":0}],"golds":[{"posx":0,"posy":0,"amount":650},{"posx":8,"posy":0,"amount":550},{"posx":0,"posy":1,"amount":400},{"posx":1,"posy":1,"amount":700},{"posx":7,"posy":1,"amount":550},{"posx":13,"posy":2,"amount":50},{"posx":6,"posy":3,"amount":750},{"posx":9,"posy":3,"amount":50},{"posx":11,"posy":3,"amount":100},{"posx":7,"posy":4,"amount":600},{"posx":16,"posy":4,"amount":300},{"posx":6,"posy":5,"amount":100},{"posx":6,"posy":6,"amount":100},{"posx":15,"posy":6,"amount":700},{"posx":19,"posy":6,"amount":650},{"posx":9,"posy":7,"amount":300}],"changedObstacles":[]},{"players":[{"playerId":2450708,"score":700,"energy":43,"posx":7,"posy":3,"lastAction":0,"status":0},{"playerId":3099802,"score":750,"energy":11,"posx":16,"posy":4,"lastAction":5,"status":0},{"playerId":2483603,"score":800,"energy":10,"posx":16,"posy":4,"lastAction":5,"status":0},{"playerId":2407150,"score":700,"energy":18,"posx":6,"posy":3,"lastAction":5,"status":0}],"golds":[{"posx":0,"posy":0,"amount":650},{"posx":8,"posy":0,"amount":550},{"posx":0,"posy":1,"amount":400},{"posx":1,"posy":1,"amount":700},{"posx":7,"posy":1,"amount":550},{"posx":13,"posy":2,"amount":50},{"posx":6,"posy":3,"amount":700},{"posx":9,"posy":3,"amount":50},{"posx":11,"posy":3,"amount":100},{"posx":7,"posy":4,"amount":600},{"posx":16,"posy":4,"amount":200},{"posx":6,"posy":5,"amount":100},{"posx":6,"posy":6,"amount":100},{"posx":15,"posy":6,"amount":700},{"posx":19,"posy":6,"amount":650},{"posx":9,"posy":7,"amount":300}],"changedObstacles":[]},{"players":[{"playerId":2450708,"score":700,"energy":39,"posx":7,"posy":4,"lastAction":3,"status":0},{"playerId":3099802,"score":800,"energy":6,"posx":16,"posy":4,"lastAction":5,"status":0},{"playerId":2483603,"score":850,"energy":5,"posx":16,"posy":4,"lastAction":5,"status":0},{"playerId":2407150,"score":750,"energy":13,"posx":6,"posy":3,"lastAction":5,"status":0}],"golds":[{"posx":0,"posy":0,"amount":650},{"posx":8,"posy":0,"amount":550},{"posx":0,"posy":1,"amount":400},{"posx":1,"posy":1,"amount":700},{"posx":7,"posy":1,"amount":550},{"posx":13,"posy":2,"amount":50},{"posx":6,"posy":3,"amount":650},{"posx":9,"posy":3,"amount":50},{"posx":11,"posy":3,"amount":100},{"posx":7,"posy":4,"amount":600},{"posx":16,"posy":4,"amount":100},{"posx":6,"posy":5,"amount":100},{"posx":6,"posy":6,"amount":100},{"posx":15,"posy":6,"amount":700},{"posx":19,"posy":6,"amount":650},{"posx":9,"posy":7,"amount":300}],"changedObstacles":[]},{"players":[{"playerId":2450708,"score":750,"energy":34,"posx":7,"posy":4,"lastAction":5,"status":0},{"playerId":3099802,"score":800,"energy":18,"posx":16,"posy":4,"lastAction":4,"status":0},{"playerId":2483603,"score":850,"energy":17,"posx":16,"posy":4,"lastAction":4,"status":0},{"playerId":2407150,"score":800,"energy":8,"posx":6,"posy":3,"lastAction":5,"status":0}],"golds":[{"posx":0,"posy":0,"amount":650},{"posx":8,"posy":0,"amount":550},{"posx":0,"posy":1,"amount":400},{"posx":1,"posy":1,"amount":700},{"posx":7,"posy":1,"amount":550},{"posx":13,"posy":2,"amount":50},{"posx":6,"posy":3,"amount":600},{"posx":9,"posy":3,"amount":50},{"posx":11,"posy":3,"amount":100},{"posx":7,"posy":4,"amount":550},{"posx":16,"posy":4,"amount":100},{"posx":6,"posy":5,"amount":100},{"posx":6,"posy":6,"amount":100},{"posx":15,"posy":6,"amount":700},{"posx":19,"posy":6,"amount":650},{"posx":9,"posy":7,"amount":300}],"changedObstacles":[]},{"players":[{"playerId":2450708,"score":800,"energy":29,"posx":7,"posy":4,"lastAction":5,"status":0},{"playerId":3099802,"score":850,"energy":13,"posx":16,"posy":4,"lastAction":5,"status":0},{"playerId":2483603,"score":850,"energy":33,"posx":16,"posy":4,"lastAction":4,"status":0},{"playerId":2407150,"score":850,"energy":3,"posx":6,"posy":3,"lastAction":5,"status":0}],"golds":[{"posx":0,"posy":0,"amount":650},{"posx":8,"posy":0,"amount":550},{"posx":0,"posy":1,"amount":400},{"posx":1,"posy":1,"amount":700},{"posx":7,"posy":1,"amount":550},{"posx":13,"posy":2,"amount":50},{"posx":6,"posy":3,"amount":550},{"posx":9,"posy":3,"amount":50},{"posx":11,"posy":3,"amount":100},{"posx":7,"posy":4,"amount":500},{"posx":16,"posy":4,"amount":50},{"posx":6,"posy":5,"amount":100},{"posx":6,"posy":6,"amount":100},{"posx":15,"posy":6,"amount":700},{"posx":19,"posy":6,"amount":650},{"posx":9,"posy":7,"amount":300}],"changedObstacles":[]},{"players":[{"playerId":2450708,"score":850,"energy":24,"posx":7,"posy":4,"lastAction":5,"status":0},{"playerId":3099802,"score":875,"energy":8,"posx":16,"posy":4,"lastAction":5,"status":0},{"playerId":2483603,"score":875,"energy":28,"posx":16,"posy":4,"lastAction":5,"status":0},{"playerId":2407150,"score":850,"energy":15,"posx":6,"posy":3,"lastAction":4,"status":0}],"golds":[{"posx":0,"posy":0,"amount":650},{"posx":8,"posy":0,"amount":550},{"posx":0,"posy":1,"amount":400},{"posx":1,"posy":1,"amount":700},{"posx":7,"posy":1,"amount":550},{"posx":13,"posy":2,"amount":50},{"posx":6,"posy":3,"amount":550},{"posx":9,"posy":3,"amount":50},{"posx":11,"posy":3,"amount":100},{"posx":7,"posy":4,"amount":450},{"posx":6,"posy":5,"amount":100},{"posx":6,"posy":6,"amount":100},{"posx":15,"posy":6,"amount":700},{"posx":19,"posy":6,"amount":650},{"posx":9,"posy":7,"amount":300}],"changedObstacles":[{"type":0,"posx":16,"posy":4,"value":-1}]},{"players":[{"playerId":2450708,"score":900,"energy":19,"posx":7,"posy":4,"lastAction":5,"status":0},{"playerId":3099802,"score":875,"energy":3,"posx":16,"posy":5,"lastAction":3,"status":0},{"playerId":2483603,"score":875,"energy":23,"posx":16,"posy":5,"lastAction":3,"status":0},{"playerId":2407150,"score":850,"energy":31,"posx":6,"posy":3,"lastAction":4,"status":0}],"golds":[{"posx":0,"posy":0,"amount":650},{"posx":8,"posy":0,"amount":550},{"posx":0,"posy":1,"amount":400},{"posx":1,"posy":1,"amount":700},{"posx":7,"posy":1,"amount":550},{"posx":13,"posy":2,"amount":50},{"posx":6,"posy":3,"amount":550},{"posx":9,"posy":3,"amount":50},{"posx":11,"posy":3,"amount":100},{"posx":7,"posy":4,"amount":400},{"posx":6,"posy":5,"amount":100},{"posx":6,"posy":6,"amount":100},{"posx":15,"posy":6,"amount":700},{"posx":19,"posy":6,"amount":650},{"posx":9,"posy":7,"amount":300}],"changedObstacles":[{"type":3,"posx":16,"posy":5,"value":-20}]},{"players":[{"playerId":2450708,"score":950,"energy":14,"posx":7,"posy":4,"lastAction":5,"status":0},{"playerId":3099802,"score":875,"energy":2,"posx":16,"posy":6,"lastAction":3,"status":0},{"playerId":2483603,"score":875,"energy":22,"posx":15,"posy":5,"lastAction":0,"status":0},{"playerId":2407150,"score":850,"energy":50,"posx":6,"posy":3,"lastAction":4,"status":0}],"golds":[{"posx":0,"posy":0,"amount":650},{"posx":8,"posy":0,"amount":550},{"posx":0,"posy":1,"amount":400},{"posx":1,"posy":1,"amount":700},{"posx":7,"posy":1,"amount":550},{"posx":13,"posy":2,"amount":50},{"posx":6,"posy":3,"amount":550},{"posx":9,"posy":3,"amount":50},{"posx":11,"posy":3,"amount":100},{"posx":7,"posy":4,"amount":350},{"posx":6,"posy":5,"amount":100},{"posx":6,"posy":6,"amount":100},{"posx":15,"posy":6,"amount":700},{"posx":19,"posy":6,"amount":650},{"posx":9,"posy":7,"amount":300}],"changedObstacles":[]},{"players":[{"playerId":2450708,"score":1000,"energy":9,"posx":7,"posy":4,"lastAction":5,"status":0},{"playerId":3099802,"score":875,"energy":14,"posx":16,"posy":6,"lastAction":4,"status":0},{"playerId":2483603,"score":875,"energy":18,"posx":15,"posy":6,"lastAction":3,"status":0},{"playerId":2407150,"score":900,"energy":45,"posx":6,"posy":3,"lastAction":5,"status":0}],"golds":[{"posx":0,"posy":0,"amount":650},{"posx":8,"posy":0,"amount":550},{"posx":0,"posy":1,"amount":400},{"posx":1,"posy":1,"amount":700},{"posx":7,"posy":1,"amount":550},{"posx":13,"posy":2,"amount":50},{"posx":6,"posy":3,"amount":500},{"posx":9,"posy":3,"amount":50},{"posx":11,"posy":3,"amount":100},{"posx":7,"posy":4,"amount":300},{"posx":6,"posy":5,"amount":100},{"posx":6,"posy":6,"amount":100},{"posx":15,"posy":6,"amount":700},{"posx":19,"posy":6,"amount":650},{"posx":9,"posy":7,"amount":300}],"changedObstacles":[]},{"players":[{"playerId":2450708,"score":1050,"energy":4,"posx":7,"posy":4,"lastAction":5,"status":0},{"playerId":3099802,"score":875,"energy":9,"posx":17,"posy":6,"lastAction":1,"status":0},{"playerId":2483603,"score":925,"energy":13,"posx":15,"posy":6,"lastAction":5,"status":0},{"playerId":2407150,"score":950,"energy":40,"posx":6,"posy":3,"lastAction":5,"status":0}],"golds":[{"posx":0,"posy":0,"amount":650},{"posx":8,"posy":0,"amount":550},{"posx":0,"posy":1,"amount":400},{"posx":1,"posy":1,"amount":700},{"posx":7,"posy":1,"amount":550},{"posx":13,"posy":2,"amount":50},{"posx":6,"posy":3,"amount":450},{"posx":9,"posy":3,"amount":50},{"posx":11,"posy":3,"amount":100},{"posx":7,"posy":4,"amount":250},{"posx":6,"posy":5,"amount":100},{"posx":6,"posy":6,"amount":100},{"posx":15,"posy":6,"amount":650},{"posx":19,"posy":6,"amount":650},{"posx":9,"posy":7,"amount":300}],"changedObstacles":[{"type":3,"posx":17,"posy":6,"value":-20}]},{"players":[{"playerId":2450708,"score":1050,"energy":16,"posx":7,"posy":4,"lastAction":4,"status":0},{"playerId":3099802,"score":875,"energy":4,"posx":18,"posy":6,"lastAction":1,"status":0},{"playerId":2483603,"score":975,"energy":8,"posx":15,"posy":6,"lastAction":5,"status":0},{"playerId":2407150,"score":1000,"energy":35,"posx":6,"posy":3,"lastAction":5,"status":0}],"golds":[{"posx":0,"posy":0,"amount":650},{"posx":8,"posy":0,"amount":550},{"posx":0,"posy":1,"amount":400},{"posx":1,"posy":1,"amount":700},{"posx":7,"posy":1,"amount":550},{"posx":13,"posy":2,"amount":50},{"posx":6,"posy":3,"amount":400},{"posx":9,"posy":3,"amount":50},{"posx":11,"posy":3,"amount":100},{"posx":7,"posy":4,"amount":250},{"posx":6,"posy":5,"amount":100},{"posx":6,"posy":6,"amount":100},{"posx":15,"posy":6,"amount":600},{"posx":19,"posy":6,"amount":650},{"posx":9,"posy":7,"amount":300}],"changedObstacles":[{"type":3,"posx":18,"posy":6,"value":-20}]},{"players":[{"playerId":2450708,"score":1050,"energy":32,"posx":7,"posy":4,"lastAction":4,"status":0},{"playerId":3099802,"score":875,"energy":16,"posx":18,"posy":6,"lastAction":4,"status":0},{"playerId":2483603,"score":1025,"energy":3,"posx":15,"posy":6,"lastAction":5,"status":0},{"playerId":2407150,"score":1050,"energy":30,"posx":6,"posy":3,"lastAction":5,"status":0}],"golds":[{"posx":0,"posy":0,"amount":650},{"posx":8,"posy":0,"amount":550},{"posx":0,"posy":1,"amount":400},{"posx":1,"posy":1,"amount":700},{"posx":7,"posy":1,"amount":550},{"posx":13,"posy":2,"amount":50},{"posx":6,"posy":3,"amount":350},{"posx":9,"posy":3,"amount":50},{"posx":11,"posy":3,"amount":100},{"posx":7,"posy":4,"amount":250},{"posx":6,"posy":5,"amount":100},{"posx":6,"posy":6,"amount":100},{"posx":15,"posy":6,"amount":550},{"posx":19,"posy":6,"amount":650},{"posx":9,"posy":7,"amount":300}],"changedObstacles":[]},{"players":[{"playerId":2450708,"score":1050,"energy":50,"posx":7,"posy":4,"lastAction":4,"status":0},{"playerId":3099802,"score":875,"energy":12,"posx":19,"posy":6,"lastAction":1,"status":0},{"playerId":2483603,"score":1025,"energy":15,"posx":15,"posy":6,"lastAction":4,"status":0},{"playerId":2407150,"score":1100,"energy":25,"posx":6,"posy":3,"lastAction":5,"status":0}],"golds":[{"posx":0,"posy":0,"amount":650},{"posx":8,"posy":0,"amount":550},{"posx":0,"posy":1,"amount":400},{"posx":1,"posy":1,"amount":700},{"posx":7,"posy":1,"amount":550},{"posx":13,"posy":2,"amount":50},{"posx":6,"posy":3,"amount":300},{"posx":9,"posy":3,"amount":50},{"posx":11,"posy":3,"amount":100},{"posx":7,"posy":4,"amount":250},{"posx":6,"posy":5,"amount":100},{"posx":6,"posy":6,"amount":100},{"posx":15,"posy":6,"amount":550},{"posx":19,"posy":6,"amount":650},{"posx":9,"posy":7,"amount":300}],"changedObstacles":[]},{"players":[{"playerId":2450708,"score":1100,"energy":45,"posx":7,"posy":4,"lastAction":5,"status":0},{"playerId":3099802,"score":875,"energy":24,"posx":19,"posy":6,"lastAction":4,"status":0},{"playerId":2483603,"score":1025,"energy":31,"posx":15,"posy":6,"lastAction":4,"status":0},{"playerId":2407150,"score":1150,"energy":20,"posx":6,"posy":3,"lastAction":5,"status":0}],"golds":[{"posx":0,"posy":0,"amount":650},{"posx":8,"posy":0,"amount":550},{"posx":0,"posy":1,"amount":400},{"posx":1,"posy":1,"amount":700},{"posx":7,"posy":1,"amount":550},{"posx":13,"posy":2,"amount":50},{"posx":6,"posy":3,"amount":250},{"posx":9,"posy":3,"amount":50},{"posx":11,"posy":3,"amount":100},{"posx":7,"posy":4,"amount":200},{"posx":6,"posy":5,"amount":100},{"posx":6,"posy":6,"amount":100},{"posx":15,"posy":6,"amount":550},{"posx":19,"posy":6,"amount":650},{"posx":9,"posy":7,"amount":300}],"changedObstacles":[]},{"players":[{"playerId":2450708,"score":1150,"energy":40,"posx":7,"posy":4,"lastAction":5,"status":0},{"playerId":3099802,"score":875,"energy":40,"posx":19,"posy":6,"lastAction":4,"status":0},{"playerId":2483603,"score":1075,"energy":26,"posx":15,"posy":6,"lastAction":5,"status":0},{"playerId":2407150,"score":1200,"energy":15,"posx":6,"posy":3,"lastAction":5,"status":0}],"golds":[{"posx":0,"posy":0,"amount":650},{"posx":8,"posy":0,"amount":550},{"posx":0,"posy":1,"amount":400},{"posx":1,"posy":1,"amount":700},{"posx":7,"posy":1,"amount":550},{"posx":13,"posy":2,"amount":50},{"posx":6,"posy":3,"amount":200},{"posx":9,"posy":3,"amount":50},{"posx":11,"posy":3,"amount":100},{"posx":7,"posy":4,"amount":150},{"posx":6,"posy":5,"amount":100},{"posx":6,"posy":6,"amount":100},{"posx":15,"posy":6,"amount":500},{"posx":19,"posy":6,"amount":650},{"posx":9,"posy":7,"amount":300}],"changedObstacles":[]},{"players":[{"playerId":2450708,"score":1200,"energy":35,"posx":7,"posy":4,"lastAction":5,"status":0},{"playerId":3099802,"score":925,"energy":35,"posx":19,"posy":6,"lastAction":5,"status":0},{"playerId":2483603,"score":1125,"energy":21,"posx":15,"posy":6,"lastAction":5,"status":0},{"playerId":2407150,"score":1250,"energy":10,"posx":6,"posy":3,"lastAction":5,"status":0}],"golds":[{"posx":0,"posy":0,"amount":650},{"posx":8,"posy":0,"amount":550},{"posx":0,"posy":1,"amount":400},{"posx":1,"posy":1,"amount":700},{"posx":7,"posy":1,"amount":550},{"posx":13,"posy":2,"amount":50},{"posx":6,"posy":3,"amount":150},{"posx":9,"posy":3,"amount":50},{"posx":11,"posy":3,"amount":100},{"posx":7,"posy":4,"amount":100},{"posx":6,"posy":5,"amount":100},{"posx":6,"posy":6,"amount":100},{"posx":15,"posy":6,"amount":450},{"posx":19,"posy":6,"amount":600},{"posx":9,"posy":7,"amount":300}],"changedObstacles":[]},{"players":[{"playerId":2450708,"score":1250,"energy":30,"posx":7,"posy":4,"lastAction":5,"status":0},{"playerId":3099802,"score":975,"energy":30,"posx":19,"posy":6,"lastAction":5,"status":0},{"playerId":2483603,"score":1175,"energy":16,"posx":15,"posy":6,"lastAction":5,"status":0},{"playerId":2407150,"score":1300,"energy":5,"posx":6,"posy":3,"lastAction":5,"status":0}],"golds":[{"posx":0,"posy":0,"amount":650},{"posx":8,"posy":0,"amount":550},{"posx":0,"posy":1,"amount":400},{"posx":1,"posy":1,"amount":700},{"posx":7,"posy":1,"amount":550},{"posx":13,"posy":2,"amount":50},{"posx":6,"posy":3,"amount":100},{"posx":9,"posy":3,"amount":50},{"posx":11,"posy":3,"amount":100},{"posx":7,"posy":4,"amount":50},{"posx":6,"posy":5,"amount":100},{"posx":6,"posy":6,"amount":100},{"posx":15,"posy":6,"amount":400},{"posx":19,"posy":6,"amount":550},{"posx":9,"posy":7,"amount":300}],"changedObstacles":[]},{"players":[{"playerId":2450708,"score":1300,"energy":25,"posx":7,"posy":4,"lastAction":5,"status":0},{"playerId":3099802,"score":1025,"energy":25,"posx":19,"posy":6,"lastAction":5,"status":0},{"playerId":2483603,"score":1225,"energy":11,"posx":15,"posy":6,"lastAction":5,"status":0},{"playerId":2407150,"score":1300,"energy":17,"posx":6,"posy":3,"lastAction":4,"status":0}],"golds":[{"posx":0,"posy":0,"amount":650},{"posx":8,"posy":0,"amount":550},{"posx":0,"posy":1,"amount":400},{"posx":1,"posy":1,"amount":700},{"posx":7,"posy":1,"amount":550},{"posx":13,"posy":2,"amount":50},{"posx":6,"posy":3,"amount":100},{"posx":9,"posy":3,"amount":50},{"posx":11,"posy":3,"amount":100},{"posx":6,"posy":5,"amount":100},{"posx":6,"posy":6,"amount":100},{"posx":15,"posy":6,"amount":350},{"posx":19,"posy":6,"amount":500},{"posx":9,"posy":7,"amount":300}],"changedObstacles":[{"type":0,"posx":7,"posy":4,"value":-1}]},{"players":[{"playerId":2450708,"score":1300,"energy":24,"posx":7,"posy":3,"lastAction":2,"status":0},{"playerId":3099802,"score":1075,"energy":20,"posx":19,"posy":6,"lastAction":5,"status":0},{"playerId":2483603,"score":1275,"energy":6,"posx":15,"posy":6,"lastAction":5,"status":0},{"playerId":2407150,"score":1300,"energy":33,"posx":6,"posy":3,"lastAction":4,"status":0}],"golds":[{"posx":0,"posy":0,"amount":650},{"posx":8,"posy":0,"amount":550},{"posx":0,"posy":1,"amount":400},{"posx":1,"posy":1,"amount":700},{"posx":7,"posy":1,"amount":550},{"posx":13,"posy":2,"amount":50},{"posx":6,"posy":3,"amount":100},{"posx":9,"posy":3,"amount":50},{"posx":11,"posy":3,"amount":100},{"posx":6,"posy":5,"amount":100},{"posx":6,"posy":6,"amount":100},{"posx":15,"posy":6,"amount":300},{"posx":19,"posy":6,"amount":450},{"posx":9,"posy":7,"amount":300}],"changedObstacles":[]},{"players":[{"playerId":2450708,"score":1300,"energy":14,"posx":7,"posy":2,"lastAction":2,"status":0},{"playerId":3099802,"score":1125,"energy":15,"posx":19,"posy":6,"lastAction":5,"status":0},{"playerId":2483603,"score":1325,"energy":1,"posx":15,"posy":6,"lastAction":5,"status":0},{"playerId":2407150,"score":1300,"energy":50,"posx":6,"posy":3,"lastAction":4,"status":0}],"golds":[{"posx":0,"posy":0,"amount":650},{"posx":8,"posy":0,"amount":550},{"posx":0,"posy":1,"amount":400},{"posx":1,"posy":1,"amount":700},{"posx":7,"posy":1,"amount":550},{"posx":13,"posy":2,"amount":50},{"posx":6,"posy":3,"amount":100},{"posx":9,"posy":3,"amount":50},{"posx":11,"posy":3,"amount":100},{"posx":6,"posy":5,"amount":100},{"posx":6,"posy":6,"amount":100},{"posx":15,"posy":6,"amount":250},{"posx":19,"posy":6,"amount":400},{"posx":9,"posy":7,"amount":300}],"changedObstacles":[{"type":0,"posx":7,"posy":2,"value":-1}]},{"players":[{"playerId":2450708,"score":1300,"energy":10,"posx":7,"posy":1,"lastAction":2,"status":0},{"playerId":3099802,"score":1175,"energy":10,"posx":19,"posy":6,"lastAction":5,"status":0},{"playerId":2483603,"score":1325,"energy":13,"posx":15,"posy":6,"lastAction":4,"status":0},{"playerId":2407150,"score":1350,"energy":45,"posx":6,"posy":3,"lastAction":5,"status":0}],"golds":[{"posx":0,"posy":0,"amount":650},{"posx":8,"posy":0,"amount":550},{"posx":0,"posy":1,"amount":400},{"posx":1,"posy":1,"amount":700},{"posx":7,"posy":1,"amount":550},{"posx":13,"posy":2,"amount":50},{"posx":6,"posy":3,"amount":50},{"posx":9,"posy":3,"amount":50},{"posx":11,"posy":3,"amount":100},{"posx":6,"posy":5,"amount":100},{"posx":6,"posy":6,"amount":100},{"posx":15,"posy":6,"amount":250},{"posx":19,"posy":6,"amount":350},{"posx":9,"posy":7,"amount":300}],"changedObstacles":[]},{"players":[{"playerId":2450708,"score":1350,"energy":5,"posx":7,"posy":1,"lastAction":5,"status":0},{"playerId":3099802,"score":1225,"energy":5,"posx":19,"posy":6,"lastAction":5,"status":0},{"playerId":2483603,"score":1325,"energy":29,"posx":15,"posy":6,"lastAction":4,"status":0},{"playerId":2407150,"score":1400,"energy":40,"posx":6,"posy":3,"lastAction":5,"status":0}],"golds":[{"posx":0,"posy":0,"amount":650},{"posx":8,"posy":0,"amount":550},{"posx":0,"posy":1,"amount":400},{"posx":1,"posy":1,"amount":700},{"posx":7,"posy":1,"amount":500},{"posx":13,"posy":2,"amount":50},{"posx":9,"posy":3,"amount":50},{"posx":11,"posy":3,"amount":100},{"posx":6,"posy":5,"amount":100},{"posx":6,"posy":6,"amount":100},{"posx":15,"posy":6,"amount":250},{"posx":19,"posy":6,"amount":300},{"posx":9,"posy":7,"amount":300}],"changedObstacles":[{"type":0,"posx":6,"posy":3,"value":-1}]},{"players":[{"playerId":2450708,"score":1350,"energy":17,"posx":7,"posy":1,"lastAction":4,"status":0},{"playerId":3099802,"score":1225,"energy":17,"posx":19,"posy":6,"lastAction":4,"status":0},{"playerId":2483603,"score":1375,"energy":24,"posx":15,"posy":6,"lastAction":5,"status":0},{"playerId":2407150,"score":1400,"energy":39,"posx":5,"posy":3,"lastAction":0,"status":0}],"golds":[{"posx":0,"posy":0,"amount":650},{"posx":8,"posy":0,"amount":550},{"posx":0,"posy":1,"amount":400},{"posx":1,"posy":1,"amount":700},{"posx":7,"posy":1,"amount":500},{"posx":13,"posy":2,"amount":50},{"posx":9,"posy":3,"amount":50},{"posx":11,"posy":3,"amount":100},{"posx":6,"posy":5,"amount":100},{"posx":6,"posy":6,"amount":100},{"posx":15,"posy":6,"amount":200},{"posx":19,"posy":6,"amount":300},{"posx":9,"posy":7,"amount":300}],"changedObstacles":[]},{"players":[{"playerId":2450708,"score":1350,"energy":33,"posx":7,"posy":1,"lastAction":4,"status":0},{"playerId":3099802,"score":1225,"energy":33,"posx":19,"posy":6,"lastAction":4,"status":0},{"playerId":2483603,"score":1425,"energy":19,"posx":15,"posy":6,"lastAction":5,"status":0},{"playerId":2407150,"score":1400,"energy":29,"posx":4,"posy":3,"lastAction":0,"status":0}],"golds":[{"posx":0,"posy":0,"amount":650},{"posx":8,"posy":0,"amount":550},{"posx":0,"posy":1,"amount":400},{"posx":1,"posy":1,"amount":700},{"posx":7,"posy":1,"amount":500},{"posx":13,"posy":2,"amount":50},{"posx":9,"posy":3,"amount":50},{"posx":11,"posy":3,"amount":100},{"posx":6,"posy":5,"amount":100},{"posx":6,"posy":6,"amount":100},{"posx":15,"posy":6,"amount":150},{"posx":19,"posy":6,"amount":300},{"posx":9,"posy":7,"amount":300}],"changedObstacles":[{"type":0,"posx":4,"posy":3,"value":-1}]},{"players":[{"playerId":2450708,"score":1350,"energy":50,"posx":7,"posy":1,"lastAction":4,"status":0},{"playerId":3099802,"score":1275,"energy":28,"posx":19,"posy":6,"lastAction":5,"status":0},{"playerId":2483603,"score":1475,"energy":14,"posx":15,"posy":6,"lastAction":5,"status":0},{"playerId":2407150,"score":1400,"energy":19,"posx":4,"posy":2,"lastAction":2,"status":0}],"golds":[{"posx":0,"posy":0,"amount":650},{"posx":8,"posy":0,"amount":550},{"posx":0,"posy":1,"amount":400},{"posx":1,"posy":1,"amount":700},{"posx":7,"posy":1,"amount":500},{"posx":13,"posy":2,"amount":50},{"posx":9,"posy":3,"amount":50},{"posx":11,"posy":3,"amount":100},{"posx":6,"posy":5,"amount":100},{"posx":6,"posy":6,"amount":100},{"posx":15,"posy":6,"amount":100},{"posx":19,"posy":6,"amount":250},{"posx":9,"posy":7,"amount":300}],"changedObstacles":[{"type":0,"posx":4,"posy":2,"value":-1}]},{"players":[{"playerId":2450708,"score":1400,"energy":45,"posx":7,"posy":1,"lastAction":5,"status":0},{"playerId":3099802,"score":1325,"energy":23,"posx":19,"posy":6,"lastAction":5,"status":0},{"playerId":2483603,"score":1525,"energy":9,"posx":15,"posy":6,"lastAction":5,"status":0},{"playerId":2407150,"score":1400,"energy":9,"posx":3,"posy":2,"lastAction":0,"status":0}],"golds":[{"posx":0,"posy":0,"amount":650},{"posx":8,"posy":0,"amount":550},{"posx":0,"posy":1,"amount":400},{"posx":1,"posy":1,"amount":700},{"posx":7,"posy":1,"amount":450},{"posx":13,"posy":2,"amount":50},{"posx":9,"posy":3,"amount":50},{"posx":11,"posy":3,"amount":100},{"posx":6,"posy":5,"amount":100},{"posx":6,"posy":6,"amount":100},{"posx":15,"posy":6,"amount":50},{"posx":19,"posy":6,"amount":200},{"posx":9,"posy":7,"amount":300}],"changedObstacles":[{"type":0,"posx":3,"posy":2,"value":-1}]},{"players":[{"playerId":2450708,"score":1450,"energy":40,"posx":7,"posy":1,"lastAction":5,"status":0},{"playerId":3099802,"score":1375,"energy":18,"posx":19,"posy":6,"lastAction":5,"status":0},{"playerId":2483603,"score":1575,"energy":4,"posx":15,"posy":6,"lastAction":5,"status":0},{"playerId":2407150,"score":1400,"energy":8,"posx":2,"posy":2,"lastAction":0,"status":0}],"golds":[{"posx":0,"posy":0,"amount":650},{"posx":8,"posy":0,"amount":550},{"posx":0,"posy":1,"amount":400},{"posx":1,"posy":1,"amount":700},{"posx":7,"posy":1,"amount":400},{"posx":13,"posy":2,"amount":50},{"posx":9,"posy":3,"amount":50},{"posx":11,"posy":3,"amount":100},{"posx":6,"posy":5,"amount":100},{"posx":6,"posy":6,"amount":100},{"posx":19,"posy":6,"amount":150},{"posx":9,"posy":7,"amount":300}],"changedObstacles":[{"type":0,"posx":15,"posy":6,"value":-1}]},{"players":[{"playerId":2450708,"score":1500,"energy":35,"posx":7,"posy":1,"lastAction":5,"status":0},{"playerId":3099802,"score":1425,"energy":13,"posx":19,"posy":6,"lastAction":5,"status":0},{"playerId":2483603,"score":1575,"energy":3,"posx":14,"posy":6,"lastAction":0,"status":0},{"playerId":2407150,"score":1400,"energy":3,"posx":1,"posy":2,"lastAction":0,"status":0}],"golds":[{"posx":0,"posy":0,"amount":650},{"posx":8,"posy":0,"amount":550},{"posx":0,"posy":1,"amount":400},{"posx":1,"posy":1,"amount":700},{"posx":7,"posy":1,"amount":350},{"posx":13,"posy":2,"amount":50},{"posx":9,"posy":3,"amount":50},{"posx":11,"posy":3,"amount":100},{"posx":6,"posy":5,"amount":100},{"posx":6,"posy":6,"amount":100},{"posx":19,"posy":6,"amount":100},{"posx":9,"posy":7,"amount":300}],"changedObstacles":[{"type":3,"posx":1,"posy":2,"value":-20}]},{"players":[{"playerId":2450708,"score":1550,"energy":30,"posx":7,"posy":1,"lastAction":5,"status":0},{"playerId":3099802,"score":1475,"energy":8,"posx":19,"posy":6,"lastAction":5,"status":0},{"playerId":2483603,"score":1575,"energy":15,"posx":14,"posy":6,"lastAction":4,"status":0},{"playerId":2407150,"score":1400,"energy":15,"posx":1,"posy":2,"lastAction":4,"status":0}],"golds":[{"posx":0,"posy":0,"amount":650},{"posx":8,"posy":0,"amount":550},{"posx":0,"posy":1,"amount":400},{"posx":1,"posy":1,"amount":700},{"posx":7,"posy":1,"amount":300},{"posx":13,"posy":2,"amount":50},{"posx":9,"posy":3,"amount":50},{"posx":11,"posy":3,"amount":100},{"posx":6,"posy":5,"amount":100},{"posx":6,"posy":6,"amount":100},{"posx":19,"posy":6,"amount":50},{"posx":9,"posy":7,"amount":300}],"changedObstacles":[]},{"players":[{"playerId":2450708,"score":1600,"energy":25,"posx":7,"posy":1,"lastAction":5,"status":0},{"playerId":3099802,"score":1525,"energy":3,"posx":19,"posy":6,"lastAction":5,"status":0},{"playerId":2483603,"score":1575,"energy":31,"posx":14,"posy":6,"lastAction":4,"status":0},{"playerId":2407150,"score":1400,"energy":31,"posx":1,"posy":2,"lastAction":4,"status":0}],"golds":[{"posx":0,"posy":0,"amount":650},{"posx":8,"posy":0,"amount":550},{"posx":0,"posy":1,"amount":400},{"posx":1,"posy":1,"amount":700},{"posx":7,"posy":1,"amount":250},{"posx":13,"posy":2,"amount":50},{"posx":9,"posy":3,"amount":50},{"posx":11,"posy":3,"amount":100},{"posx":6,"posy":5,"amount":100},{"posx":6,"posy":6,"amount":100},{"posx":9,"posy":7,"amount":300}],"changedObstacles":[{"type":0,"posx":19,"posy":6,"value":-1}]},{"players":[{"playerId":2450708,"score":1650,"energy":20,"posx":7,"posy":1,"lastAction":5,"status":0},{"playerId":3099802,"score":1525,"energy":2,"posx":19,"posy":5,"lastAction":2,"status":0},{"playerId":2483603,"score":1575,"energy":16,"posx":14,"posy":5,"lastAction":2,"status":0},{"playerId":2407150,"score":1400,"energy":50,"posx":1,"posy":2,"lastAction":4,"status":0}],"golds":[{"posx":0,"posy":0,"amount":650},{"posx":8,"posy":0,"amount":550},{"posx":0,"posy":1,"amount":400},{"posx":1,"posy":1,"amount":700},{"posx":7,"posy":1,"amount":200},{"posx":13,"posy":2,"amount":50},{"posx":9,"posy":3,"amount":50},{"posx":11,"posy":3,"amount":100},{"posx":6,"posy":5,"amount":100},{"posx":6,"posy":6,"amount":100},{"posx":9,"posy":7,"amount":300}],"changedObstacles":[]},{"players":[{"playerId":2450708,"score":1700,"energy":15,"posx":7,"posy":1,"lastAction":5,"status":0},{"playerId":3099802,"score":1525,"energy":14,"posx":19,"posy":5,"lastAction":4,"status":0},{"playerId":2483603,"score":1575,"energy":28,"posx":14,"posy":5,"lastAction":4,"status":0},{"playerId":2407150,"score":1400,"energy":46,"posx":1,"posy":1,"lastAction":2,"status":0}],"golds":[{"posx":0,"posy":0,"amount":650},{"posx":8,"posy":0,"amount":550},{"posx":0,"posy":1,"amount":400},{"posx":1,"posy":1,"amount":700},{"posx":7,"posy":1,"amount":150},{"posx":13,"posy":2,"amount":50},{"posx":9,"posy":3,"amount":50},{"posx":11,"posy":3,"amount":100},{"posx":6,"posy":5,"amount":100},{"posx":6,"posy":6,"amount":100},{"posx":9,"posy":7,"amount":300}],"changedObstacles":[]},{"players":[{"playerId":2450708,"score":1750,"energy":10,"posx":7,"posy":1,"lastAction":5,"status":0},{"playerId":3099802,"score":1525,"energy":13,"posx":18,"posy":5,"lastAction":0,"status":0},{"playerId":2483603,"score":1575,"energy":16,"posx":14,"posy":4,"lastAction":2,"status":0},{"playerId":2407150,"score":1450,"energy":41,"posx":1,"posy":1,"lastAction":5,"status":0}],"golds":[{"posx":0,"posy":0,"amount":650},{"posx":8,"posy":0,"amount":550},{"posx":0,"posy":1,"amount":400},{"posx":1,"posy":1,"amount":650},{"posx":7,"posy":1,"amount":100},{"posx":13,"posy":2,"amount":50},{"posx":9,"posy":3,"amount":50},{"posx":11,"posy":3,"amount":100},{"posx":6,"posy":5,"amount":100},{"posx":6,"posy":6,"amount":100},{"posx":9,"posy":7,"amount":300}],"changedObstacles":[]},{"players":[{"playerId":2450708,"score":1800,"energy":5,"posx":7,"posy":1,"lastAction":5,"status":0},{"playerId":3099802,"score":1525,"energy":12,"posx":18,"posy":4,"lastAction":2,"status":0},{"playerId":2483603,"score":1575,"energy":15,"posx":14,"posy":3,"lastAction":2,"status":0},{"playerId":2407150,"score":1500,"energy":36,"posx":1,"posy":1,"lastAction":5,"status":0}],"golds":[{"posx":0,"posy":0,"amount":650},{"posx":8,"posy":0,"amount":550},{"posx":0,"posy":1,"amount":400},{"posx":1,"posy":1,"amount":600},{"posx":7,"posy":1,"amount":50},{"posx":13,"posy":2,"amount":50},{"posx":9,"posy":3,"amount":50},{"posx":11,"posy":3,"amount":100},{"posx":6,"posy":5,"amount":100},{"posx":6,"posy":6,"amount":100},{"posx":9,"posy":7,"amount":300}],"changedObstacles":[]},{"players":[{"playerId":2450708,"score":1800,"energy":17,"posx":7,"posy":1,"lastAction":4,"status":0},{"playerId":3099802,"score":1525,"energy":24,"posx":18,"posy":4,"lastAction":4,"status":0},{"playerId":2483603,"score":1575,"energy":14,"posx":13,"posy":3,"lastAction":0,"status":0},{"playerId":2407150,"score":1550,"energy":31,"posx":1,"posy":1,"lastAction":5,"status":0}],"golds":[{"posx":0,"posy":0,"amount":650},{"posx":8,"posy":0,"amount":550},{"posx":0,"posy":1,"amount":400},{"posx":1,"posy":1,"amount":550},{"posx":7,"posy":1,"amount":50},{"posx":13,"posy":2,"amount":50},{"posx":9,"posy":3,"amount":50},{"posx":11,"posy":3,"amount":100},{"posx":6,"posy":5,"amount":100},{"posx":6,"posy":6,"amount":100},{"posx":9,"posy":7,"amount":300}],"changedObstacles":[]},{"players":[{"playerId":2450708,"score":1800,"energy":33,"posx":7,"posy":1,"lastAction":4,"status":0},{"playerId":3099802,"score":1525,"energy":4,"posx":17,"posy":4,"lastAction":0,"status":0},{"playerId":2483603,"score":1575,"energy":10,"posx":13,"posy":2,"lastAction":2,"status":0},{"playerId":2407150,"score":1600,"energy":26,"posx":1,"posy":1,"lastAction":5,"status":0}],"golds":[{"posx":0,"posy":0,"amount":650},{"posx":8,"posy":0,"amount":550},{"posx":0,"posy":1,"amount":400},{"posx":1,"posy":1,"amount":500},{"posx":7,"posy":1,"amount":50},{"posx":13,"posy":2,"amount":50},{"posx":9,"posy":3,"amount":50},{"posx":11,"posy":3,"amount":100},{"posx":6,"posy":5,"amount":100},{"posx":6,"posy":6,"amount":100},{"posx":9,"posy":7,"amount":300}],"changedObstacles":[{"type":3,"posx":17,"posy":4,"value":-40}]},{"players":[{"playerId":2450708,"score":1800,"energy":50,"posx":7,"posy":1,"lastAction":4,"status":0},{"playerId":3099802,"score":1525,"energy":3,"posx":16,"posy":4,"lastAction":0,"status":0},{"playerId":2483603,"score":1625,"energy":5,"posx":13,"posy":2,"lastAction":5,"status":0},{"playerId":2407150,"score":1650,"energy":21,"posx":1,"posy":1,"lastAction":5,"status":0}],"golds":[{"posx":0,"posy":0,"amount":650},{"posx":8,"posy":0,"amount":550},{"posx":0,"posy":1,"amount":400},{"posx":1,"posy":1,"amount":450},{"posx":7,"posy":1,"amount":50},{"posx":9,"posy":3,"amount":50},{"posx":11,"posy":3,"amount":100},{"posx":6,"posy":5,"amount":100},{"posx":6,"posy":6,"amount":100},{"posx":9,"posy":7,"amount":300}],"changedObstacles":[{"type":0,"posx":13,"posy":2,"value":-1}]},{"players":[{"playerId":2450708,"score":1850,"energy":45,"posx":7,"posy":1,"lastAction":5,"status":0},{"playerId":3099802,"score":1525,"energy":15,"posx":16,"posy":4,"lastAction":4,"status":0},{"playerId":2483603,"score":1625,"energy":4,"posx":12,"posy":2,"lastAction":0,"status":0},{"playerId":2407150,"score":1700,"energy":16,"posx":1,"posy":1,"lastAction":5,"status":0}],"golds":[{"posx":0,"posy":0,"amount":650},{"posx":8,"posy":0,"amount":550},{"posx":0,"posy":1,"amount":400},{"posx":1,"posy":1,"amount":400},{"posx":9,"posy":3,"amount":50},{"posx":11,"posy":3,"amount":100},{"posx":6,"posy":5,"amount":100},{"posx":6,"posy":6,"amount":100},{"posx":9,"posy":7,"amount":300}],"changedObstacles":[{"type":0,"posx":7,"posy":1,"value":-1}]},{"players":[{"playerId":2450708,"score":1850,"energy":44,"posx":7,"posy":0,"lastAction":2,"status":0},{"playerId":3099802,"score":1525,"energy":31,"posx":16,"posy":4,"lastAction":4,"status":0},{"playerId":2483603,"score":1625,"energy":3,"posx":11,"posy":2,"lastAction":0,"status":0},{"playerId":2407150,"score":1750,"energy":11,"posx":1,"posy":1,"lastAction":5,"status":0}],"golds":[{"posx":0,"posy":0,"amount":650},{"posx":8,"posy":0,"amount":550},{"posx":0,"posy":1,"amount":400},{"posx":1,"posy":1,"amount":350},{"posx":9,"posy":3,"amount":50},{"posx":11,"posy":3,"amount":100},{"posx":6,"posy":5,"amount":100},{"posx":6,"posy":6,"amount":100},{"posx":9,"posy":7,"amount":300}],"changedObstacles":[]},{"players":[{"playerId":2450708,"score":1850,"energy":40,"posx":8,"posy":0,"lastAction":1,"status":0},{"playerId":3099802,"score":1525,"energy":11,"posx":16,"posy":3,"lastAction":2,"status":0},{"playerId":2483603,"score":1625,"energy":15,"posx":11,"posy":2,"lastAction":4,"status":0},{"playerId":2407150,"score":1800,"energy":6,"posx":1,"posy":1,"lastAction":5,"status":0}],"golds":[{"posx":0,"posy":0,"amount":650},{"posx":8,"posy":0,"amount":550},{"posx":0,"posy":1,"amount":400},{"posx":1,"posy":1,"amount":300},{"posx":9,"posy":3,"amount":50},{"posx":11,"posy":3,"amount":100},{"posx":6,"posy":5,"amount":100},{"posx":6,"posy":6,"amount":100},{"posx":9,"posy":7,"amount":300}],"changedObstacles":[{"type":3,"posx":16,"posy":3,"value":-40}]},{"players":[{"playerId":2450708,"score":1900,"energy":35,"posx":8,"posy":0,"lastAction":5,"status":0},{"playerId":3099802,"score":1525,"energy":23,"posx":16,"posy":3,"lastAction":4,"status":0},{"playerId":2483603,"score":1625,"energy":31,"posx":11,"posy":2,"lastAction":4,"status":0},{"playerId":2407150,"score":1850,"energy":1,"posx":1,"posy":1,"lastAction":5,"status":0}],"golds":[{"posx":0,"posy":0,"amount":650},{"posx":8,"posy":0,"amount":500},{"posx":0,"posy":1,"amount":400},{"posx":1,"posy":1,"amount":250},{"posx":9,"posy":3,"amount":50},{"posx":11,"posy":3,"amount":100},{"posx":6,"posy":5,"amount":100},{"posx":6,"posy":6,"amount":100},{"posx":9,"posy":7,"amount":300}],"changedObstacles":[]},{"players":[{"playerId":2450708,"score":1950,"energy":30,"posx":8,"posy":0,"lastAction":5,"status":0},{"playerId":3099802,"score":1525,"energy":13,"posx":15,"posy":3,"lastAction":0,"status":0},{"playerId":2483603,"score":1625,"energy":27,"posx":11,"posy":3,"lastAction":3,"status":0},{"playerId":2407150,"score":1850,"energy":13,"posx":1,"posy":1,"lastAction":4,"status":0}],"golds":[{"posx":0,"posy":0,"amount":650},{"posx":8,"posy":0,"amount":450},{"posx":0,"posy":1,"amount":400},{"posx":1,"posy":1,"amount":250},{"posx":9,"posy":3,"amount":50},{"posx":11,"posy":3,"amount":100},{"posx":6,"posy":5,"amount":100},{"posx":6,"posy":6,"amount":100},{"posx":9,"posy":7,"amount":300}],"changedObstacles":[]},{"players":[{"playerId":2450708,"score":2000,"energy":25,"posx":8,"posy":0,"lastAction":5,"status":0},{"playerId":3099802,"score":1525,"energy":12,"posx":14,"posy":3,"lastAction":0,"status":0},{"playerId":2483603,"score":1675,"energy":22,"posx":11,"posy":3,"lastAction":5,"status":0},{"playerId":2407150,"score":1850,"energy":29,"posx":1,"posy":1,"lastAction":4,"status":0}],"golds":[{"posx":0,"posy":0,"amount":650},{"posx":8,"posy":0,"amount":400},{"posx":0,"posy":1,"amount":400},{"posx":1,"posy":1,"amount":250},{"posx":9,"posy":3,"amount":50},{"posx":11,"posy":3,"amount":50},{"posx":6,"posy":5,"amount":100},{"posx":6,"posy":6,"amount":100},{"posx":9,"posy":7,"amount":300}],"changedObstacles":[]},{"players":[{"playerId":2450708,"score":2050,"energy":20,"posx":8,"posy":0,"lastAction":5,"status":0},{"playerId":3099802,"score":1525,"energy":11,"posx":13,"posy":3,"lastAction":0,"status":0},{"playerId":2483603,"score":1725,"energy":17,"posx":11,"posy":3,"lastAction":5,"status":0},{"playerId":2407150,"score":1850,"energy":50,"posx":1,"posy":1,"lastAction":4,"status":0}],"golds":[{"posx":0,"posy":0,"amount":650},{"posx":8,"posy":0,"amount":350},{"posx":0,"posy":1,"amount":400},{"posx":1,"posy":1,"amount":250},{"posx":9,"posy":3,"amount":50},{"posx":6,"posy":5,"amount":100},{"posx":6,"posy":6,"amount":100},{"posx":9,"posy":7,"amount":300}],"changedObstacles":[{"type":0,"posx":11,"posy":3,"value":-1}]},{"players":[{"playerId":2450708,"score":2100,"energy":15,"posx":8,"posy":0,"lastAction":5,"status":0},{"playerId":3099802,"score":1525,"energy":10,"posx":12,"posy":3,"lastAction":0,"status":0},{"playerId":2483603,"score":1725,"energy":16,"posx":10,"posy":3,"lastAction":0,"status":0},{"playerId":2407150,"score":1900,"energy":45,"posx":1,"posy":1,"lastAction":5,"status":0}],"golds":[{"posx":0,"posy":0,"amount":650},{"posx":8,"posy":0,"amount":300},{"posx":0,"posy":1,"amount":400},{"posx":1,"posy":1,"amount":200},{"posx":9,"posy":3,"amount":50},{"posx":6,"posy":5,"amount":100},{"posx":6,"posy":6,"amount":100},{"posx":9,"posy":7,"amount":300}],"changedObstacles":[]},{"players":[{"playerId":2450708,"score":2150,"energy":10,"posx":8,"posy":0,"lastAction":5,"status":0},{"playerId":3099802,"score":1525,"energy":9,"posx":11,"posy":3,"lastAction":0,"status":0},{"playerId":2483603,"score":1725,"energy":12,"posx":9,"posy":3,"lastAction":0,"status":0},{"playerId":2407150,"score":1950,"energy":40,"posx":1,"posy":1,"lastAction":5,"status":0}],"golds":[{"posx":0,"posy":0,"amount":650},{"posx":8,"posy":0,"amount":250},{"posx":0,"posy":1,"amount":400},{"posx":1,"posy":1,"amount":150},{"posx":9,"posy":3,"amount":50},{"posx":6,"posy":5,"amount":100},{"posx":6,"posy":6,"amount":100},{"posx":9,"posy":7,"amount":300}],"changedObstacles":[]},{"players":[{"playerId":2450708,"score":2200,"energy":5,"posx":8,"posy":0,"lastAction":5,"status":0},{"playerId":3099802,"score":1525,"energy":8,"posx":10,"posy":3,"lastAction":0,"status":0},{"playerId":2483603,"score":1775,"energy":7,"posx":9,"posy":3,"lastAction":5,"status":0},{"playerId":2407150,"score":2000,"energy":35,"posx":1,"posy":1,"lastAction":5,"status":0}],"golds":[{"posx":0,"posy":0,"amount":650},{"posx":8,"posy":0,"amount":200},{"posx":0,"posy":1,"amount":400},{"posx":1,"posy":1,"amount":100},{"posx":6,"posy":5,"amount":100},{"posx":6,"posy":6,"amount":100},{"posx":9,"posy":7,"amount":300}],"changedObstacles":[{"type":0,"posx":9,"posy":3,"value":-1}]},{"players":[{"playerId":2450708,"score":2200,"energy":17,"posx":8,"posy":0,"lastAction":4,"status":0},{"playerId":3099802,"score":1525,"energy":7,"posx":9,"posy":3,"lastAction":0,"status":0},{"playerId":2483603,"score":1775,"energy":6,"posx":8,"posy":3,"lastAction":0,"status":0},{"playerId":2407150,"score":2050,"energy":30,"posx":1,"posy":1,"lastAction":5,"status":0}],"golds":[{"posx":0,"posy":0,"amount":650},{"posx":8,"posy":0,"amount":200},{"posx":0,"posy":1,"amount":400},{"posx":1,"posy":1,"amount":50},{"posx":6,"posy":5,"amount":100},{"posx":6,"posy":6,"amount":100},{"posx":9,"posy":7,"amount":300}],"changedObstacles":[]},{"players":[{"playerId":2450708,"score":2200,"energy":33,"posx":8,"posy":0,"lastAction":4,"status":0},{"playerId":3099802,"score":1525,"energy":6,"posx":9,"posy":4,"lastAction":3,"status":0},{"playerId":2483603,"score":1775,"energy":5,"posx":7,"posy":3,"lastAction":0,"status":0},{"playerId":2407150,"score":2100,"energy":25,"posx":1,"posy":1,"lastAction":5,"status":0}],"golds":[{"posx":0,"posy":0,"amount":650},{"posx":8,"posy":0,"amount":200},{"posx":0,"posy":1,"amount":400},{"posx":6,"posy":5,"amount":100},{"posx":6,"posy":6,"amount":100},{"posx":9,"posy":7,"amount":300}],"changedObstacles":[{"type":0,"posx":1,"posy":1,"value":-1}]},{"players":[{"playerId":2450708,"score":2250,"energy":28,"posx":8,"posy":0,"lastAction":5,"status":0},{"playerId":3099802,"score":1525,"energy":1,"posx":9,"posy":5,"lastAction":3,"status":0},{"playerId":2483603,"score":1775,"energy":4,"posx":6,"posy":3,"lastAction":0,"status":0},{"playerId":2407150,"score":2100,"energy":24,"posx":1,"posy":0,"lastAction":2,"status":0}],"golds":[{"posx":0,"posy":0,"amount":650},{"posx":8,"posy":0,"amount":150},{"posx":0,"posy":1,"amount":400},{"posx":6,"posy":5,"amount":100},{"posx":6,"posy":6,"amount":100},{"posx":9,"posy":7,"amount":300}],"changedObstacles":[{"type":3,"posx":9,"posy":5,"value":-20}]},{"players":[{"playerId":2450708,"score":2300,"energy":23,"posx":8,"posy":0,"lastAction":5,"status":0},{"playerId":3099802,"score":1525,"energy":13,"posx":9,"posy":5,"lastAction":4,"status":0},{"playerId":2483603,"score":1775,"energy":3,"posx":6,"posy":4,"lastAction":3,"status":0},{"playerId":2407150,"score":2100,"energy":20,"posx":0,"posy":0,"lastAction":0,"status":0}],"golds":[{"posx":0,"posy":0,"amount":650},{"posx":8,"posy":0,"amount":100},{"posx":0,"posy":1,"amount":400},{"posx":6,"posy":5,"amount":100},{"posx":6,"posy":6,"amount":100},{"posx":9,"posy":7,"amount":300}],"changedObstacles":[]},{"players":[{"playerId":2450708,"score":2350,"energy":18,"posx":8,"posy":0,"lastAction":5,"status":0},{"playerId":3099802,"score":1525,"energy":3,"posx":9,"posy":6,"lastAction":3,"status":0},{"playerId":2483603,"score":1775,"energy":15,"posx":6,"posy":4,"lastAction":4,"status":0},{"playerId":2407150,"score":2150,"energy":15,"posx":0,"posy":0,"lastAction":5,"status":0}],"golds":[{"posx":0,"posy":0,"amount":600},{"posx":8,"posy":0,"amount":50},{"posx":0,"posy":1,"amount":400},{"posx":6,"posy":5,"amount":100},{"posx":6,"posy":6,"amount":100},{"posx":9,"posy":7,"amount":300}],"changedObstacles":[{"type":0,"posx":9,"posy":6,"value":-1}]},{"players":[{"playerId":2450708,"score":2400,"energy":13,"posx":8,"posy":0,"lastAction":5,"status":0},{"playerId":3099802,"score":1525,"energy":15,"posx":9,"posy":6,"lastAction":4,"status":0},{"playerId":2483603,"score":1775,"energy":31,"posx":6,"posy":4,"lastAction":4,"status":0},{"playerId":2407150,"score":2200,"energy":10,"posx":0,"posy":0,"lastAction":5,"status":0}],"golds":[{"posx":0,"posy":0,"amount":550},{"posx":0,"posy":1,"amount":400},{"posx":6,"posy":5,"amount":100},{"posx":6,"posy":6,"amount":100},{"posx":9,"posy":7,"amount":300}],"changedObstacles":[{"type":0,"posx":8,"posy":0,"value":-1}]},{"players":[{"playerId":2450708,"score":2400,"energy":12,"posx":7,"posy":0,"lastAction":0,"status":0},{"playerId":3099802,"score":1525,"energy":11,"posx":9,"posy":7,"lastAction":3,"status":0},{"playerId":2483603,"score":1775,"energy":27,"posx":6,"posy":5,"lastAction":3,"status":0},{"playerId":2407150,"score":2250,"energy":5,"posx":0,"posy":0,"lastAction":5,"status":0}],"golds":[{"posx":0,"posy":0,"amount":500},{"posx":0,"posy":1,"amount":400},{"posx":6,"posy":5,"amount":100},{"posx":6,"posy":6,"amount":100},{"posx":9,"posy":7,"amount":300}],"changedObstacles":[]},{"players":[{"playerId":2450708,"score":2400,"energy":7,"posx":6,"posy":0,"lastAction":0,"status":0},{"playerId":3099802,"score":1525,"energy":23,"posx":9,"posy":7,"lastAction":4,"status":0},{"playerId":2483603,"score":1825,"energy":22,"posx":6,"posy":5,"lastAction":5,"status":0},{"playerId":2407150,"score":2250,"energy":17,"posx":0,"posy":0,"lastAction":4,"status":0}],"golds":[{"posx":0,"posy":0,"amount":500},{"posx":0,"posy":1,"amount":400},{"posx":6,"posy":5,"amount":50},{"posx":6,"posy":6,"amount":100},{"posx":9,"posy":7,"amount":300}],"changedObstacles":[{"type":3,"posx":6,"posy":0,"value":-20}]},{"players":[{"playerId":2450708,"score":2400,"energy":2,"posx":5,"posy":0,"lastAction":0,"status":0},{"playerId":3099802,"score":1525,"energy":39,"posx":9,"posy":7,"lastAction":4,"status":0},{"playerId":2483603,"score":1875,"energy":17,"posx":6,"posy":5,"lastAction":5,"status":0},{"playerId":2407150,"score":2250,"energy":33,"posx":0,"posy":0,"lastAction":4,"status":0}],"golds":[{"posx":0,"posy":0,"amount":500},{"posx":0,"posy":1,"amount":400},{"posx":6,"posy":6,"amount":100},{"posx":9,"posy":7,"amount":300}],"changedObstacles":[{"type":3,"posx":5,"posy":0,"value":-20},{"type":0,"posx":6,"posy":5,"value":-1}]},{"players":[{"playerId":2450708,"score":2400,"energy":14,"posx":5,"posy":0,"lastAction":4,"status":0},{"playerId":3099802,"score":1575,"energy":34,"posx":9,"posy":7,"lastAction":5,"status":0},{"playerId":2483603,"score":1875,"energy":13,"posx":6,"posy":6,"lastAction":3,"status":0},{"playerId":2407150,"score":2250,"energy":50,"posx":0,"posy":0,"lastAction":4,"status":0}],"golds":[{"posx":0,"posy":0,"amount":500},{"posx":0,"posy":1,"amount":400},{"posx":6,"posy":6,"amount":100},{"posx":9,"posy":7,"amount":250}],"changedObstacles":[]},{"players":[{"playerId":2450708,"score":2400,"energy":9,"posx":4,"posy":0,"lastAction":0,"status":0},{"playerId":3099802,"score":1625,"energy":29,"posx":9,"posy":7,"lastAction":5,"status":0},{"playerId":2483603,"score":1925,"energy":8,"posx":6,"posy":6,"lastAction":5,"status":0},{"playerId":2407150,"score":2300,"energy":45,"posx":0,"posy":0,"lastAction":5,"status":0}],"golds":[{"posx":0,"posy":0,"amount":450},{"posx":0,"posy":1,"amount":400},{"posx":6,"posy":6,"amount":50},{"posx":9,"posy":7,"amount":200}],"changedObstacles":[{"type":3,"posx":4,"posy":0,"value":-20}]},{"players":[{"playerId":2450708,"score":2400,"energy":4,"posx":3,"posy":0,"lastAction":0,"status":0},{"playerId":3099802,"score":1675,"energy":24,"posx":9,"posy":7,"lastAction":5,"status":0},{"playerId":2483603,"score":1975,"energy":3,"posx":6,"posy":6,"lastAction":5,"status":0},{"playerId":2407150,"score":2350,"energy":40,"posx":0,"posy":0,"lastAction":5,"status":0}],"golds":[{"posx":0,"posy":0,"amount":400},{"posx":0,"posy":1,"amount":400},{"posx":9,"posy":7,"amount":150}],"changedObstacles":[{"type":3,"posx":3,"posy":0,"value":-20},{"type":0,"posx":6,"posy":6,"value":-1}]},{"players":[{"playerId":2450708,"score":2400,"energy":3,"posx":2,"posy":0,"lastAction":0,"status":0},{"playerId":3099802,"score":1725,"energy":19,"posx":9,"posy":7,"lastAction":5,"status":0},{"playerId":2483603,"score":1975,"energy":15,"posx":6,"posy":6,"lastAction":4,"status":0},{"playerId":2407150,"score":2400,"energy":35,"posx":0,"posy":0,"lastAction":5,"status":0}],"golds":[{"posx":0,"posy":0,"amount":350},{"posx":0,"posy":1,"amount":400},{"posx":9,"posy":7,"amount":100}],"changedObstacles":[]},{"players":[{"playerId":2450708,"score":2400,"energy":2,"posx":1,"posy":0,"lastAction":0,"status":0},{"playerId":3099802,"score":1775,"energy":14,"posx":9,"posy":7,"lastAction":5,"status":0},{"playerId":2483603,"score":1975,"energy":31,"posx":6,"posy":6,"lastAction":4,"status":0},{"playerId":2407150,"score":2450,"energy":30,"posx":0,"posy":0,"lastAction":5,"status":0}],"golds":[{"posx":0,"posy":0,"amount":300},{"posx":0,"posy":1,"amount":400},{"posx":9,"posy":7,"amount":50}],"changedObstacles":[]},{"players":[{"playerId":2450708,"score":2400,"energy":1,"posx":1,"posy":1,"lastAction":3,"status":0},{"playerId":3099802,"score":1825,"energy":9,"posx":9,"posy":7,"lastAction":5,"status":0},{"playerId":2483603,"score":1975,"energy":21,"posx":7,"posy":6,"lastAction":1,"status":0},{"playerId":2407150,"score":2500,"energy":25,"posx":0,"posy":0,"lastAction":5,"status":0}],"golds":[{"posx":0,"posy":0,"amount":250},{"posx":0,"posy":1,"amount":400}],"changedObstacles":[{"type":0,"posx":7,"posy":6,"value":-1},{"type":0,"posx":9,"posy":7,"value":-1}]},{"players":[{"playerId":2450708,"score":2400,"energy":13,"posx":1,"posy":1,"lastAction":4,"status":0},{"playerId":3099802,"score":1825,"energy":21,"posx":9,"posy":7,"lastAction":4,"status":0},{"playerId":2483603,"score":1975,"energy":20,"posx":6,"posy":6,"lastAction":0,"status":0},{"playerId":2407150,"score":2550,"energy":20,"posx":0,"posy":0,"lastAction":5,"status":0}],"golds":[{"posx":0,"posy":0,"amount":200},{"posx":0,"posy":1,"amount":400}],"changedObstacles":[]},{"players":[{"playerId":2450708,"score":2400,"energy":9,"posx":0,"posy":1,"lastAction":0,"status":0},{"playerId":3099802,"score":1825,"energy":37,"posx":9,"posy":7,"lastAction":4,"status":0},{"playerId":2483603,"score":1975,"energy":19,"posx":6,"posy":5,"lastAction":2,"status":0},{"playerId":2407150,"score":2600,"energy":15,"posx":0,"posy":0,"lastAction":5,"status":0}],"golds":[{"posx":0,"posy":0,"amount":150},{"posx":0,"posy":1,"amount":400}],"changedObstacles":[]},{"players":[{"playerId":2450708,"score":2450,"energy":4,"posx":0,"posy":1,"lastAction":5,"status":0},{"playerId":3099802,"score":1825,"energy":50,"posx":9,"posy":7,"lastAction":4,"status":0},{"playerId":2483603,"score":1975,"energy":18,"posx":6,"posy":4,"lastAction":2,"status":0},{"playerId":2407150,"score":2650,"energy":10,"posx":0,"posy":0,"lastAction":5,"status":0}],"golds":[{"posx":0,"posy":0,"amount":100},{"posx":0,"posy":1,"amount":350}],"changedObstacles":[]},{"players":[{"playerId":2450708,"score":2450,"energy":16,"posx":0,"posy":1,"lastAction":4,"status":0},{"playerId":3099802,"score":1825,"energy":50,"posx":9,"posy":7,"lastAction":4,"status":0},{"playerId":2483603,"score":1975,"energy":17,"posx":6,"posy":3,"lastAction":2,"status":0},{"playerId":2407150,"score":2700,"energy":5,"posx":0,"posy":0,"lastAction":5,"status":0}],"golds":[{"posx":0,"posy":0,"amount":50},{"posx":0,"posy":1,"amount":350}],"changedObstacles":[]},{"players":[{"playerId":2450708,"score":2450,"energy":32,"posx":0,"posy":1,"lastAction":4,"status":0},{"playerId":3099802,"score":1825,"energy":50,"posx":9,"posy":7,"lastAction":4,"status":0},{"playerId":2483603,"score":1975,"energy":16,"posx":5,"posy":3,"lastAction":0,"status":0},{"playerId":2407150,"score":2700,"energy":17,"posx":0,"posy":0,"lastAction":4,"status":0}],"golds":[{"posx":0,"posy":0,"amount":50},{"posx":0,"posy":1,"amount":350}],"changedObstacles":[]},{"players":[{"playerId":2450708,"score":2500,"energy":27,"posx":0,"posy":1,"lastAction":5,"status":0},{"playerId":3099802,"score":1825,"energy":50,"posx":9,"posy":7,"lastAction":4,"status":0},{"playerId":2483603,"score":1975,"energy":15,"posx":4,"posy":3,"lastAction":0,"status":0},{"playerId":2407150,"score":2700,"energy":33,"posx":0,"posy":0,"lastAction":4,"status":0}],"golds":[{"posx":0,"posy":0,"amount":50},{"posx":0,"posy":1,"amount":300}],"changedObstacles":[]},{"players":[{"playerId":2450708,"score":2550,"energy":22,"posx":0,"posy":1,"lastAction":5,"status":0},{"playerId":3099802,"score":1825,"energy":50,"posx":9,"posy":7,"lastAction":4,"status":0},{"playerId":2483603,"score":1975,"energy":14,"posx":4,"posy":2,"lastAction":2,"status":0},{"playerId":2407150,"score":2750,"energy":28,"posx":0,"posy":0,"lastAction":5,"status":0}],"golds":[{"posx":0,"posy":1,"amount":250}],"changedObstacles":[{"type":0,"posx":0,"posy":0,"value":-1}]},{"players":[{"playerId":2450708,"score":2600,"energy":17,"posx":0,"posy":1,"lastAction":5,"status":0},{"playerId":3099802,"score":1825,"energy":50,"posx":9,"posy":7,"lastAction":4,"status":0},{"playerId":2483603,"score":1975,"energy":26,"posx":4,"posy":2,"lastAction":4,"status":0},{"playerId":2407150,"score":2750,"energy":24,"posx":0,"posy":1,"lastAction":3,"status":0}],"golds":[{"posx":0,"posy":1,"amount":200}],"changedObstacles":[]},{"players":[{"playerId":2450708,"score":2650,"energy":12,"posx":0,"posy":1,"lastAction":5,"status":0},{"playerId":3099802,"score":1825,"energy":50,"posx":9,"posy":7,"lastAction":4,"status":0},{"playerId":2483603,"score":1975,"energy":42,"posx":4,"posy":2,"lastAction":4,"status":0},{"playerId":2407150,"score":2800,"energy":19,"posx":0,"posy":1,"lastAction":5,"status":0}],"golds":[{"posx":0,"posy":1,"amount":100}],"changedObstacles":[]},{"players":[{"playerId":2450708,"score":2700,"energy":7,"posx":0,"posy":1,"lastAction":5,"status":0},{"playerId":3099802,"score":1825,"energy":50,"posx":9,"posy":7,"lastAction":4,"status":0},{"playerId":2483603,"score":1975,"energy":50,"posx":4,"posy":2,"lastAction":4,"status":0},{"playerId":2407150,"score":2850,"energy":14,"posx":0,"posy":1,"lastAction":5,"status":0}],"golds":[],"changedObstacles":[{"type":0,"posx":0,"posy":1,"value":-1}]}]