[{"players":[{"playerId":675419,"score":0,"energy":46,"posx":16,"posy":1,"lastAction":1,"status":0},{"playerId":2611188,"score":0,"energy":46,"posx":16,"posy":1,"lastAction":1,"status":0},{"playerId":2277,"score":0,"energy":46,"posx":14,"posy":1,"lastAction":0,"status":0},{"playerId":239305,"score":0,"energy":46,"posx":16,"posy":1,"lastAction":1,"status":0}],"golds":[{"posx":6,"posy":6,"amount":100},{"posx":13,"posy":2,"amount":150},{"posx":16,"posy":4,"amount":700},{"posx":8,"posy":0,"amount":550},{"posx":19,"posy":6,"amount":650},{"posx":7,"posy":1,"amount":550},{"posx":16,"posy":1,"amount":450},{"posx":9,"posy":3,"amount":400},{"posx":11,"posy":3,"amount":700},{"posx":9,"posy":7,"amount":300},{"posx":14,"posy":1,"amount":100},{"posx":7,"posy":4,"amount":600},{"posx":0,"posy":1,"amount":400},{"posx":13,"posy":3,"amount":550},{"posx":1,"posy":1,"amount":700},{"posx":15,"posy":6,"amount":700},{"posx":6,"posy":3,"amount":750},{"posx":0,"posy":0,"amount":650},{"posx":6,"posy":5,"amount":100},{"posx":18,"posy":2,"amount":250}],"changedObstacles":[]},{"players":[{"playerId":675419,"score":50,"energy":41,"posx":16,"posy":1,"lastAction":5,"status":0},{"playerId":2611188,"score":50,"energy":41,"posx":16,"posy":1,"lastAction":5,"status":0},{"playerId":2277,"score":50,"energy":41,"posx":14,"posy":1,"lastAction":5,"status":0},{"playerId":239305,"score":50,"energy":41,"posx":16,"posy":1,"lastAction":5,"status":0}],"golds":[{"posx":0,"posy":0,"amount":650},{"posx":8,"posy":0,"amount":550},{"posx":0,"posy":1,"amount":400},{"posx":1,"posy":1,"amount":700},{"posx":7,"posy":1,"amount":550},{"posx":14,"posy":1,"amount":50},{"posx":16,"posy":1,"amount":300},{"posx":13,"posy":2,"amount":150},{"posx":18,"posy":2,"amount":250},{"posx":6,"posy":3,"amount":750},{"posx":9,"posy":3,"amount":400},{"posx":11,"posy":3,"amount":700},{"posx":13,"posy":3,"amount":550},{"posx":7,"posy":4,"amount":600},{"posx":16,"posy":4,"amount":700},{"posx":6,"posy":5,"amount":100},{"posx":6,"posy":6,"amount":100},{"posx":15,"posy":6,"amount":700},{"posx":19,"posy":6,"amount":650},{"posx":9,"posy":7,"amount":300}],"changedObstacles":[]},{"players":[{"playerId":675419,"score":100,"energy":36,"posx":16,"posy":1,"lastAction":5,"status":0},{"playerId":2611188,"score":100,"energy":36,"posx":16,"posy":1,"lastAction":5,"status":0},{"playerId":2277,"score":100,"energy":36,"posx":14,"posy":1,"lastAction":5,"status":0},{"playerId":239305,"score":100,"energy":36,"posx":16,"posy":1,"lastAction":5,"status":0}],"golds":[{"posx":0,"posy":0,"amount":650},{"posx":8,"posy":0,"amount":550},{"posx":0,"posy":1,"amount":400},{"posx":1,"posy":1,"amount":700},{"posx":7,"posy":1,"amount":550},{"posx":16,"posy":1,"amount":150},{"posx":13,"posy":2,"amount":150},{"posx":18,"posy":2,"amount":250},{"posx":6,"posy":3,"amount":750},{"posx":9,"posy":3,"amount":400},{"posx":11,"posy":3,"amount":700},{"posx":13,"posy":3,"amount":550},{"posx":7,"posy":4,"amount":600},{"posx":16,"posy":4,"amount":700},{"posx":6,"posy":5,"amount":100},{"posx":6,"posy":6,"amount":100},{"posx":15,"posy":6,"amount":700},{"posx":19,"posy":6,"amount":650},{"posx":9,"posy":7,"amount":300}],"changedObstacles":[{"type":0,"posx":14,"posy":1,"value":-1}]},{"players":[{"playerId":675419,"score":150,"energy":31,"posx":16,"posy":1,"lastAction":5,"status":0},{"playerId":2611188,"score":150,"energy":31,"posx":16,"posy":1,"lastAction":5,"status":0},{"playerId":2277,"score":100,"energy":35,"posx":14,"posy":2,"lastAction":3,"status":0},{"playerId":239305,"score":150,"energy":31,"posx":16,"posy":1,"lastAction":5,"status":0}],"golds":[{"posx":0,"posy":0,"amount":650},{"posx":8,"posy":0,"amount":550},{"posx":0,"posy":1,"amount":400},{"posx":1,"posy":1,"amount":700},{"posx":7,"posy":1,"amount":550},{"posx":13,"posy":2,"amount":150},{"posx":18,"posy":2,"amount":250},{"posx":6,"posy":3,"amount":750},{"posx":9,"posy":3,"amount":400},{"posx":11,"posy":3,"amount":700},{"posx":13,"posy":3,"amount":550},{"posx":7,"posy":4,"amount":600},{"posx":16,"posy":4,"amount":700},{"posx":6,"posy":5,"amount":100},{"posx":6,"posy":6,"amount":100},{"posx":15,"posy":6,"amount":700},{"posx":19,"posy":6,"amount":650},{"posx":9,"posy":7,"amount":300}],"changedObstacles":[{"type":0,"posx":16,"posy":1,"value":-1}]},{"players":[{"playerId":675419,"score":150,"energy":26,"posx":16,"posy":2,"lastAction":3,"status":0},{"playerId":2611188,"score":150,"energy":30,"posx":15,"posy":1,"lastAction":0,"status":0},{"playerId":2277,"score":100,"energy":31,"posx":13,"posy":2,"lastAction":0,"status":0},{"playerId":239305,"score":150,"energy":26,"posx":16,"posy":2,"lastAction":3,"status":0}],"golds":[{"posx":0,"posy":0,"amount":650},{"posx":8,"posy":0,"amount":550},{"posx":0,"posy":1,"amount":400},{"posx":1,"posy":1,"amount":700},{"posx":7,"posy":1,"amount":550},{"posx":13,"posy":2,"amount":150},{"posx":18,"posy":2,"amount":250},{"posx":6,"posy":3,"amount":750},{"posx":9,"posy":3,"amount":400},{"posx":11,"posy":3,"amount":700},{"posx":13,"posy":3,"amount":550},{"posx":7,"posy":4,"amount":600},{"posx":16,"posy":4,"amount":700},{"posx":6,"posy":5,"amount":100},{"posx":6,"posy":6,"amount":100},{"posx":15,"posy":6,"amount":700},{"posx":19,"posy":6,"amount":650},{"posx":9,"posy":7,"amount":300}],"changedObstacles":[{"type":3,"posx":16,"posy":2,"value":-20}]},{"players":[{"playerId":675419,"score":150,"energy":21,"posx":16,"posy":3,"lastAction":3,"status":0},{"playerId":2611188,"score":150,"energy":29,"posx":14,"posy":1,"lastAction":0,"status":0},{"playerId":2277,"score":150,"energy":26,"posx":13,"posy":2,"lastAction":5,"status":0},{"playerId":239305,"score":150,"energy":21,"posx":16,"posy":3,"lastAction":3,"status":0}],"golds":[{"posx":0,"posy":0,"amount":650},{"posx":8,"posy":0,"amount":550},{"posx":0,"posy":1,"amount":400},{"posx":1,"posy":1,"amount":700},{"posx":7,"posy":1,"amount":550},{"posx":13,"posy":2,"amount":100},{"posx":18,"posy":2,"amount":250},{"posx":6,"posy":3,"amount":750},{"posx":9,"posy":3,"amount":400},{"posx":11,"posy":3,"amount":700},{"posx":13,"posy":3,"amount":550},{"posx":7,"posy":4,"amount":600},{"posx":16,"posy":4,"amount":700},{"posx":6,"posy":5,"amount":100},{"posx":6,"posy":6,"amount":100},{"posx":15,"posy":6,"amount":700},{"posx":19,"posy":6,"amount":650},{"posx":9,"posy":7,"amount":300}],"changedObstacles":[{"type":3,"posx":16,"posy":3,"value":-20}]},{"players":[{"playerId":675419,"score":150,"energy":17,"posx":16,"posy":4,"lastAction":3,"status":0},{"playerId":2611188,"score":150,"energy":28,"posx":14,"posy":2,"lastAction":3,"status":0},{"playerId":2277,"score":200,"energy":21,"posx":13,"posy":2,"lastAction":5,"status":0},{"playerId":239305,"score":150,"energy":17,"posx":16,"posy":4,"lastAction":3,"status":0}],"golds":[{"posx":0,"posy":0,"amount":650},{"posx":8,"posy":0,"amount":550},{"posx":0,"posy":1,"amount":400},{"posx":1,"posy":1,"amount":700},{"posx":7,"posy":1,"amount":550},{"posx":13,"posy":2,"amount":50},{"posx":18,"posy":2,"amount":250},{"posx":6,"posy":3,"amount":750},{"posx":9,"posy":3,"amount":400},{"posx":11,"posy":3,"amount":700},{"posx":13,"posy":3,"amount":550},{"posx":7,"posy":4,"amount":600},{"posx":16,"posy":4,"amount":700},{"posx":6,"posy":5,"amount":100},{"posx":6,"posy":6,"amount":100},{"posx":15,"posy":6,"amount":700},{"posx":19,"posy":6,"amount":650},{"posx":9,"posy":7,"amount":300}],"changedObstacles":[]},{"players":[{"playerId":675419,"score":200,"energy":12,"posx":16,"posy":4,"lastAction":5,"status":0},{"playerId":2611188,"score":150,"energy":24,"posx":13,"posy":2,"lastAction":0,"status":0},{"playerId":2277,"score":250,"energy":16,"posx":13,"posy":2,"lastAction":5,"status":0},{"playerId":239305,"score":200,"energy":12,"posx":16,"posy":4,"lastAction":5,"status":0}],"golds":[{"posx":0,"posy":0,"amount":650},{"posx":8,"posy":0,"amount":550},{"posx":0,"posy":1,"amount":400},{"posx":1,"posy":1,"amount":700},{"posx":7,"posy":1,"amount":550},{"posx":18,"posy":2,"amount":250},{"posx":6,"posy":3,"amount":750},{"posx":9,"posy":3,"amount":400},{"posx":11,"posy":3,"amount":700},{"posx":13,"posy":3,"amount":550},{"posx":7,"posy":4,"amount":600},{"posx":16,"posy":4,"amount":600},{"posx":6,"posy":5,"amount":100},{"posx":6,"posy":6,"amount":100},{"posx":15,"posy":6,"amount":700},{"posx":19,"posy":6,"amount":650},{"posx":9,"posy":7,"amount":300}],"changedObstacles":[{"type":0,"posx":13,"posy":2,"value":-1}]},{"players":[{"playerId":675419,"score":250,"energy":7,"posx":16,"posy":4,"lastAction":5,"status":0},{"playerId":2611188,"score":150,"energy":23,"posx":12,"posy":2,"lastAction":0,"status":0},{"playerId":2277,"score":250,"energy":12,"posx":13,"posy":3,"lastAction":3,"status":0},{"playerId":239305,"score":250,"energy":7,"posx":16,"posy":4,"lastAction":5,"status":0}],"golds":[{"posx":0,"posy":0,"amount":650},{"posx":8,"posy":0,"amount":550},{"posx":0,"posy":1,"amount":400},{"posx":1,"posy":1,"amount":700},{"posx":7,"posy":1,"amount":550},{"posx":18,"posy":2,"amount":250},{"posx":6,"posy":3,"amount":750},{"posx":9,"posy":3,"amount":400},{"posx":11,"posy":3,"amount":700},{"posx":13,"posy":3,"amount":550},{"posx":7,"posy":4,"amount":600},{"posx":16,"posy":4,"amount":500},{"posx":6,"posy":5,"amount":100},{"posx":6,"posy":6,"amount":100},{"posx":15,"posy":6,"amount":700},{"posx":19,"posy":6,"amount":650},{"posx":9,"posy":7,"amount":300}],"changedObstacles":[]},{"players":[{"playerId":675419,"score":300,"energy":2,"posx":16,"posy":4,"lastAction":5,"status":0},{"playerId":2611188,"score":150,"energy":22,"posx":11,"posy":2,"lastAction":0,"status":0},{"playerId":2277,"score":300,"energy":7,"posx":13,"posy":3,"lastAction":5,"status":0},{"playerId":239305,"score":300,"energy":2,"posx":16,"posy":4,"lastAction":5,"status":0}],"golds":[{"posx":0,"posy":0,"amount":650},{"posx":8,"posy":0,"amount":550},{"posx":0,"posy":1,"amount":400},{"posx":1,"posy":1,"amount":700},{"posx":7,"posy":1,"amount":550},{"posx":18,"posy":2,"amount":250},{"posx":6,"posy":3,"amount":750},{"posx":9,"posy":3,"amount":400},{"posx":11,"posy":3,"amount":700},{"posx":13,"posy":3,"amount":500},{"posx":7,"posy":4,"amount":600},{"posx":16,"posy":4,"amount":400},{"posx":6,"posy":5,"amount":100},{"posx":6,"posy":6,"amount":100},{"posx":15,"posy":6,"amount":700},{"posx":19,"posy":6,"amount":650},{"posx":9,"posy":7,"amount":300}],"changedObstacles":[]},{"players":[{"playerId":675419,"score":300,"energy":14,"posx":16,"posy":4,"lastAction":4,"status":0},{"playerId":2611188,"score":150,"energy":18,"posx":11,"posy":3,"lastAction":3,"status":0},{"playerId":2277,"score":350,"energy":2,"posx":13,"posy":3,"lastAction":5,"status":0},{"playerId":239305,"score":300,"energy":14,"posx":16,"posy":4,"lastAction":4,"status":0}],"golds":[{"posx":0,"posy":0,"amount":650},{"posx":8,"posy":0,"amount":550},{"posx":0,"posy":1,"amount":400},{"posx":1,"posy":1,"amount":700},{"posx":7,"posy":1,"amount":550},{"posx":18,"posy":2,"amount":250},{"posx":6,"posy":3,"amount":750},{"posx":9,"posy":3,"amount":400},{"posx":11,"posy":3,"amount":700},{"posx":13,"posy":3,"amount":450},{"posx":7,"posy":4,"amount":600},{"posx":16,"posy":4,"amount":400},{"posx":6,"posy":5,"amount":100},{"posx":6,"posy":6,"amount":100},{"posx":15,"posy":6,"amount":700},{"posx":19,"posy":6,"amount":650},{"posx":9,"posy":7,"amount":300}],"changedObstacles":[]},{"players":[{"playerId":675419,"score":300,"energy":30,"posx":16,"posy":4,"lastAction":4,"status":0},{"playerId":2611188,"score":200,"energy":13,"posx":11,"posy":3,"lastAction":5,"status":0},{"playerId":2277,"score":350,"energy":14,"posx":13,"posy":3,"lastAction":4,"status":0},{"playerId":239305,"score":350,"energy":9,"posx":16,"posy":4,"lastAction":5,"status":0}],"golds":[{"posx":0,"posy":0,"amount":650},{"posx":8,"posy":0,"amount":550},{"posx":0,"posy":1,"amount":400},{"posx":1,"posy":1,"amount":700},{"posx":7,"posy":1,"amount":550},{"posx":18,"posy":2,"amount":250},{"posx":6,"posy":3,"amount":750},{"posx":9,"posy":3,"amount":400},{"posx":11,"posy":3,"amount":650},{"posx":13,"posy":3,"amount":450},{"posx":7,"posy":4,"amount":600},{"posx":16,"posy":4,"amount":350},{"posx":6,"posy":5,"amount":100},{"posx":6,"posy":6,"amount":100},{"posx":15,"posy":6,"amount":700},{"posx":19,"posy":6,"amount":650},{"posx":9,"posy":7,"amount":300}],"changedObstacles":[]},{"players":[{"playerId":675419,"score":350,"energy":25,"posx":16,"posy":4,"lastAction":5,"status":0},{"playerId":2611188,"score":250,"energy":8,"posx":11,"posy":3,"lastAction":5,"status":0},{"playerId":2277,"score":350,"energy":30,"posx":13,"posy":3,"lastAction":4,"status":0},{"playerId":239305,"score":400,"energy":4,"posx":16,"posy":4,"lastAction":5,"status":0}],"golds":[{"posx":0,"posy":0,"amount":650},{"posx":8,"posy":0,"amount":550},{"posx":0,"posy":1,"amount":400},{"posx":1,"posy":1,"amount":700},{"posx":7,"posy":1,"amount":550},{"posx":18,"posy":2,"amount":250},{"posx":6,"posy":3,"amount":750},{"posx":9,"posy":3,"amount":400},{"posx":11,"posy":3,"amount":600},{"posx":13,"posy":3,"amount":450},{"posx":7,"posy":4,"amount":600},{"posx":16,"posy":4,"amount":250},{"posx":6,"posy":5,"amount":100},{"posx":6,"posy":6,"amount":100},{"posx":15,"posy":6,"amount":700},{"posx":19,"posy":6,"amount":650},{"posx":9,"posy":7,"amount":300}],"changedObstacles":[]},{"players":[{"playerId":675419,"score":400,"energy":20,"posx":16,"posy":4,"lastAction":5,"status":0},{"playerId":2611188,"score":300,"energy":3,"posx":11,"posy":3,"lastAction":5,"status":0},{"playerId":2277,"score":350,"energy":50,"posx":13,"posy":3,"lastAction":4,"status":0},{"playerId":239305,"score":400,"energy":16,"posx":16,"posy":4,"lastAction":4,"status":0}],"golds":[{"posx":0,"posy":0,"amount":650},{"posx":8,"posy":0,"amount":550},{"posx":0,"posy":1,"amount":400},{"posx":1,"posy":1,"amount":700},{"posx":7,"posy":1,"amount":550},{"posx":18,"posy":2,"amount":250},{"posx":6,"posy":3,"amount":750},{"posx":9,"posy":3,"amount":400},{"posx":11,"posy":3,"amount":550},{"posx":13,"posy":3,"amount":450},{"posx":7,"posy":4,"amount":600},{"posx":16,"posy":4,"amount":200},{"posx":6,"posy":5,"amount":100},{"posx":6,"posy":6,"amount":100},{"posx":15,"posy":6,"amount":700},{"posx":19,"posy":6,"amount":650},{"posx":9,"posy":7,"amount":300}],"changedObstacles":[]},{"players":[{"playerId":675419,"score":450,"energy":15,"posx":16,"posy":4,"lastAction":5,"status":0},{"playerId":2611188,"score":300,"energy":15,"posx":11,"posy":3,"lastAction":4,"status":0},{"playerId":2277,"score":400,"energy":45,"posx":13,"posy":3,"lastAction":5,"status":0},{"playerId":239305,"score":450,"energy":11,"posx":16,"posy":4,"lastAction":5,"status":0}],"golds":[{"posx":0,"posy":0,"amount":650},{"posx":8,"posy":0,"amount":550},{"posx":0,"posy":1,"amount":400},{"posx":1,"posy":1,"amount":700},{"posx":7,"posy":1,"amount":550},{"posx":18,"posy":2,"amount":250},{"posx":6,"posy":3,"amount":750},{"posx":9,"posy":3,"amount":400},{"posx":11,"posy":3,"amount":550},{"posx":13,"posy":3,"amount":400},{"posx":7,"posy":4,"amount":600},{"posx":16,"posy":4,"amount":100},{"posx":6,"posy":5,"amount":100},{"posx":6,"posy":6,"amount":100},{"posx":15,"posy":6,"amount":700},{"posx":19,"posy":6,"amount":650},{"posx":9,"posy":7,"amount":300}],"changedObstacles":[]},{"players":[{"playerId":675419,"score":500,"energy":10,"posx":16,"posy":4,"lastAction":5,"status":0},{"playerId":2611188,"score":300,"energy":31,"posx":11,"posy":3,"lastAction":4,"status":0},{"playerId":2277,"score":450,"energy":40,"posx":13,"posy":3,"lastAction":5,"status":0},{"playerId":239305,"score":500,"energy":6,"posx":16,"posy":4,"lastAction":5,"status":0}],"golds":[{"posx":0,"posy":0,"amount":650},{"posx":8,"posy":0,"amount":550},{"posx":0,"posy":1,"amount":400},{"posx":1,"posy":1,"amount":700},{"posx":7,"posy":1,"amount":550},{"posx":18,"posy":2,"amount":250},{"posx":6,"posy":3,"amount":750},{"posx":9,"posy":3,"amount":400},{"posx":11,"posy":3,"amount":550},{"posx":13,"posy":3,"amount":350},{"posx":7,"posy":4,"amount":600},{"posx":6,"posy":5,"amount":100},{"posx":6,"posy":6,"amount":100},{"posx":15,"posy":6,"amount":700},{"posx":19,"posy":6,"amount":650},{"posx":9,"posy":7,"amount":300}],"changedObstacles":[{"type":0,"posx":16,"posy":4,"value":-1}]},{"players":[{"playerId":675419,"score":500,"energy":22,"posx":16,"posy":4,"lastAction":4,"status":0},{"playerId":2611188,"score":300,"energy":50,"posx":11,"posy":3,"lastAction":4,"status":0},{"playerId":2277,"score":500,"energy":35,"posx":13,"posy":3,"lastAction":5,"status":0},{"playerId":239305,"score":500,"energy":1,"posx":16,"posy":5,"lastAction":3,"status":0}],"golds":[{"posx":0,"posy":0,"amount":650},{"posx":8,"posy":0,"amount":550},{"posx":0,"posy":1,"amount":400},{"posx":1,"posy":1,"amount":700},{"posx":7,"posy":1,"amount":550},{"posx":18,"posy":2,"amount":250},{"posx":6,"posy":3,"amount":750},{"posx":9,"posy":3,"amount":400},{"posx":11,"posy":3,"amount":550},{"posx":13,"posy":3,"amount":300},{"posx":7,"posy":4,"amount":600},{"posx":6,"posy":5,"amount":100},{"posx":6,"posy":6,"amount":100},{"posx":15,"posy":6,"amount":700},{"posx":19,"posy":6,"amount":650},{"posx":9,"posy":7,"amount":300}],"changedObstacles":[{"type":3,"posx":16,"posy":5,"value":-20}]},{"players":[{"playerId":675419,"score":500,"energy":5,"posx":15,"posy":4,"lastAction":0,"status":0},{"playerId":2611188,"score":350,"energy":45,"posx":11,"posy":3,"lastAction":5,"status":0},{"playerId":2277,"score":550,"energy":30,"posx":13,"posy":3,"lastAction":5,"status":0},{"playerId":239305,"score":500,"energy":13,"posx":16,"posy":5,"lastAction":4,"status":0}],"golds":[{"posx":0,"posy":0,"amount":650},{"posx":8,"posy":0,"amount":550},{"posx":0,"posy":1,"amount":400},{"posx":1,"posy":1,"amount":700},{"posx":7,"posy":1,"amount":550},{"posx":18,"posy":2,"amount":250},{"posx":6,"posy":3,"amount":750},{"posx":9,"posy":3,"amount":400},{"posx":11,"posy":3,"amount":500},{"posx":13,"posy":3,"amount":250},{"posx":7,"posy":4,"amount":600},{"posx":6,"posy":5,"amount":100},{"posx":6,"posy":6,"amount":100},{"posx":15,"posy":6,"amount":700},{"posx":19,"posy":6,"amount":650},{"posx":9,"posy":7,"amount":300}],"changedObstacles":[]},{"players":[{"playerId":675419,"score":500,"energy":17,"posx":15,"posy":4,"lastAction":4,"status":0},{"playerId":2611188,"score":400,"energy":40,"posx":11,"posy":3,"lastAction":5,"status":0},{"playerId":2277,"score":600,"energy":25,"posx":13,"posy":3,"lastAction":5,"status":0},{"playerId":239305,"score":500,"energy":29,"posx":16,"posy":5,"lastAction":4,"status":0}],"golds":[{"posx":0,"posy":0,"amount":650},{"posx":8,"posy":0,"amount":550},{"posx":0,"posy":1,"amount":400},{"posx":1,"posy":1,"amount":700},{"posx":7,"posy":1,"amount":550},{"posx":18,"posy":2,"amount":250},{"posx":6,"posy":3,"amount":750},{"posx":9,"posy":3,"amount":400},{"posx":11,"posy":3,"amount":450},{"posx":13,"posy":3,"amount":200},{"posx":7,"posy":4,"amount":600},{"posx":6,"posy":5,"amount":100},{"posx":6,"posy":6,"amount":100},{"posx":15,"posy":6,"amount":700},{"posx":19,"posy":6,"amount":650},{"posx":9,"posy":7,"amount":300}],"changedObstacles":[]},{"players":[{"playerId":675419,"score":500,"energy":33,"posx":15,"posy":4,"lastAction":4,"status":0},{"playerId":2611188,"score":450,"energy":35,"posx":11,"posy":3,"lastAction":5,"status":0},{"playerId":2277,"score":650,"energy":20,"posx":13,"posy":3,"lastAction":5,"status":0},{"playerId":239305,"score":500,"energy":50,"posx":16,"posy":5,"lastAction":4,"status":0}],"golds":[{"posx":0,"posy":0,"amount":650},{"posx":8,"posy":0,"amount":550},{"posx":0,"posy":1,"amount":400},{"posx":1,"posy":1,"amount":700},{"posx":7,"posy":1,"amount":550},{"posx":18,"posy":2,"amount":250},{"posx":6,"posy":3,"amount":750},{"posx":9,"posy":3,"amount":400},{"posx":11,"posy":3,"amount":400},{"posx":13,"posy":3,"amount":150},{"posx":7,"posy":4,"amount":600},{"posx":6,"posy":5,"amount":100},{"posx":6,"posy":6,"amount":100},{"posx":15,"posy":6,"amount":700},{"posx":19,"posy":6,"amount":650},{"posx":9,"posy":7,"amount":300}],"changedObstacles":[]},{"players":[{"playerId":675419,"score":500,"energy":14,"posx":14,"posy":4,"lastAction":0,"status":0},{"playerId":2611188,"score":500,"energy":30,"posx":11,"posy":3,"lastAction":5,"status":0},{"playerId":2277,"score":700,"energy":15,"posx":13,"posy":3,"lastAction":5,"status":0},{"playerId":239305,"score":500,"energy":49,"posx":15,"posy":5,"lastAction":0,"status":0}],"golds":[{"posx":0,"posy":0,"amount":650},{"posx":8,"posy":0,"amount":550},{"posx":0,"posy":1,"amount":400},{"posx":1,"posy":1,"amount":700},{"posx":7,"posy":1,"amount":550},{"posx":18,"posy":2,"amount":250},{"posx":6,"posy":3,"amount":750},{"posx":9,"posy":3,"amount":400},{"posx":11,"posy":3,"amount":350},{"posx":13,"posy":3,"amount":100},{"posx":7,"posy":4,"amount":600},{"posx":6,"posy":5,"amount":100},{"posx":6,"posy":6,"amount":100},{"posx":15,"posy":6,"amount":700},{"posx":19,"posy":6,"amount":650},{"posx":9,"posy":7,"amount":300}],"changedObstacles":[]},{"players":[{"playerId":675419,"score":500,"energy":13,"posx":14,"posy":3,"lastAction":2,"status":0},{"playerId":2611188,"score":550,"energy":25,"posx":11,"posy":3,"lastAction":5,"status":0},{"playerId":2277,"score":750,"energy":10,"posx":13,"posy":3,"lastAction":5,"status":0},{"playerId":239305,"score":500,"energy":45,"posx":15,"posy":6,"lastAction":3,"status":0}],"golds":[{"posx":0,"posy":0,"amount":650},{"posx":8,"posy":0,"amount":550},{"posx":0,"posy":1,"amount":400},{"posx":1,"posy":1,"amount":700},{"posx":7,"posy":1,"amount":550},{"posx":18,"posy":2,"amount":250},{"posx":6,"posy":3,"amount":750},{"posx":9,"posy":3,"amount":400},{"posx":11,"posy":3,"amount":300},{"posx":13,"posy":3,"amount":50},{"posx":7,"posy":4,"amount":600},{"posx":6,"posy":5,"amount":100},{"posx":6,"posy":6,"amount":100},{"posx":15,"posy":6,"amount":700},{"posx":19,"posy":6,"amount":650},{"posx":9,"posy":7,"amount":300}],"changedObstacles":[]},{"players":[{"playerId":675419,"score":500,"energy":9,"posx":13,"posy":3,"lastAction":0,"status":0},{"playerId":2611188,"score":600,"energy":20,"posx":11,"posy":3,"lastAction":5,"status":0},{"playerId":2277,"score":800,"energy":5,"posx":13,"posy":3,"lastAction":5,"status":0},{"playerId":239305,"score":550,"energy":40,"posx":15,"posy":6,"lastAction":5,"status":0}],"golds":[{"posx":0,"posy":0,"amount":650},{"posx":8,"posy":0,"amount":550},{"posx":0,"posy":1,"amount":400},{"posx":1,"posy":1,"amount":700},{"posx":7,"posy":1,"amount":550},{"posx":18,"posy":2,"amount":250},{"posx":6,"posy":3,"amount":750},{"posx":9,"posy":3,"amount":400},{"posx":11,"posy":3,"amount":250},{"posx":7,"posy":4,"amount":600},{"posx":6,"posy":5,"amount":100},{"posx":6,"posy":6,"amount":100},{"posx":15,"posy":6,"amount":650},{"posx":19,"posy":6,"amount":650},{"posx":9,"posy":7,"amount":300}],"changedObstacles":[{"type":0,"posx":13,"posy":3,"value":-1}]},{"players":[{"playerId":675419,"score":500,"energy":8,"posx":12,"posy":3,"lastAction":0,"status":0},{"playerId":2611188,"score":650,"energy":15,"posx":11,"posy":3,"lastAction":5,"status":0},{"playerId":2277,"score":800,"energy":17,"posx":13,"posy":3,"lastAction":4,"status":0},{"playerId":239305,"score":600,"energy":35,"posx":15,"posy":6,"lastAction":5,"status":0}],"golds":[{"posx":0,"posy":0,"amount":650},{"posx":8,"posy":0,"amount":550},{"posx":0,"posy":1,"amount":400},{"posx":1,"posy":1,"amount":700},{"posx":7,"posy":1,"amount":550},{"posx":18,"posy":2,"amount":250},{"posx":6,"posy":3,"amount":750},{"posx":9,"posy":3,"amount":400},{"posx":11,"posy":3,"amount":200},{"posx":7,"posy":4,"amount":600},{"posx":6,"posy":5,"amount":100},{"posx":6,"posy":6,"amount":100},{"posx":15,"posy":6,"amount":600},{"posx":19,"posy":6,"amount":650},{"posx":9,"posy":7,"amount":300}],"changedObstacles":[]},{"players":[{"playerId":675419,"score":500,"energy":4,"posx":11,"posy":3,"lastAction":0,"status":0},{"playerId":2611188,"score":700,"energy":10,"posx":11,"posy":3,"lastAction":5,"status":0},{"playerId":2277,"score":800,"energy":33,"posx":13,"posy":3,"lastAction":4,"status":0},{"playerId":239305,"score":650,"energy":30,"posx":15,"posy":6,"lastAction":5,"status":0}],"golds":[{"posx":0,"posy":0,"amount":650},{"posx":8,"posy":0,"amount":550},{"posx":0,"posy":1,"amount":400},{"posx":1,"posy":1,"amount":700},{"posx":7,"posy":1,"amount":550},{"posx":18,"posy":2,"amount":250},{"posx":6,"posy":3,"amount":750},{"posx":9,"posy":3,"amount":400},{"posx":11,"posy":3,"amount":150},{"posx":7,"posy":4,"amount":600},{"posx":6,"posy":5,"amount":100},{"posx":6,"posy":6,"amount":100},{"posx":15,"posy":6,"amount":550},{"posx":19,"posy":6,"amount":650},{"posx":9,"posy":7,"amount":300}],"changedObstacles":[]},{"players":[{"playerId":675419,"score":500,"energy":16,"posx":11,"posy":3,"lastAction":4,"status":0},{"playerId":2611188,"score":750,"energy":5,"posx":11,"posy":3,"lastAction":5,"status":0},{"playerId":2277,"score":800,"energy":50,"posx":13,"posy":3,"lastAction":4,"status":0},{"playerId":239305,"score":700,"energy":25,"posx":15,"posy":6,"lastAction":5,"status":0}],"golds":[{"posx":0,"posy":0,"amount":650},{"posx":8,"posy":0,"amount":550},{"posx":0,"posy":1,"amount":400},{"posx":1,"posy":1,"amount":700},{"posx":7,"posy":1,"amount":550},{"posx":18,"posy":2,"amount":250},{"posx":6,"posy":3,"amount":750},{"posx":9,"posy":3,"amount":400},{"posx":11,"posy":3,"amount":100},{"posx":7,"posy":4,"amount":600},{"posx":6,"posy":5,"amount":100},{"posx":6,"posy":6,"amount":100},{"posx":15,"posy":6,"amount":500},{"posx":19,"posy":6,"amount":650},{"posx":9,"posy":7,"amount":300}],"changedObstacles":[]},{"players":[{"playerId":675419,"score":500,"energy":6,"posx":10,"posy":3,"lastAction":0,"status":0},{"playerId":2611188,"score":750,"energy":17,"posx":11,"posy":3,"lastAction":4,"status":0},{"playerId":2277,"score":800,"energy":49,"posx":12,"posy":3,"lastAction":0,"status":0},{"playerId":239305,"score":750,"energy":20,"posx":15,"posy":6,"lastAction":5,"status":0}],"golds":[{"posx":0,"posy":0,"amount":650},{"posx":8,"posy":0,"amount":550},{"posx":0,"posy":1,"amount":400},{"posx":1,"posy":1,"amount":700},{"posx":7,"posy":1,"amount":550},{"posx":18,"posy":2,"amount":250},{"posx":6,"posy":3,"amount":750},{"posx":9,"posy":3,"amount":400},{"posx":11,"posy":3,"amount":100},{"posx":7,"posy":4,"amount":600},{"posx":6,"posy":5,"amount":100},{"posx":6,"posy":6,"amount":100},{"posx":15,"posy":6,"amount":450},{"posx":19,"posy":6,"amount":650},{"posx":9,"posy":7,"amount":300}],"changedObstacles":[{"type":0,"posx":10,"posy":3,"value":-1}]},{"players":[{"playerId":675419,"score":500,"energy":2,"posx":9,"posy":3,"lastAction":0,"status":0},{"playerId":2611188,"score":750,"energy":33,"posx":11,"posy":3,"lastAction":4,"status":0},{"playerId":2277,"score":800,"energy":45,"posx":11,"posy":3,"lastAction":0,"status":0},{"playerId":239305,"score":800,"energy":15,"posx":15,"posy":6,"lastAction":5,"status":0}],"golds":[{"posx":0,"posy":0,"amount":650},{"posx":8,"posy":0,"amount":550},{"posx":0,"posy":1,"amount":400},{"posx":1,"posy":1,"amount":700},{"posx":7,"posy":1,"amount":550},{"posx":18,"posy":2,"amount":250},{"posx":6,"posy":3,"amount":750},{"posx":9,"posy":3,"amount":400},{"posx":11,"posy":3,"amount":100},{"posx":7,"posy":4,"amount":600},{"posx":6,"posy":5,"amount":100},{"posx":6,"posy":6,"amount":100},{"posx":15,"posy":6,"amount":400},{"posx":19,"posy":6,"amount":650},{"posx":9,"posy":7,"amount":300}],"changedObstacles":[]},{"players":[{"playerId":675419,"score":500,"energy":14,"posx":9,"posy":3,"lastAction":4,"status":0},{"playerId":2611188,"score":800,"energy":28,"posx":11,"posy":3,"lastAction":5,"status":0},{"playerId":2277,"score":850,"energy":40,"posx":11,"posy":3,"lastAction":5,"status":0},{"playerId":239305,"score":850,"energy":10,"posx":15,"posy":6,"lastAction":5,"status":0}],"golds":[{"posx":0,"posy":0,"amount":650},{"posx":8,"posy":0,"amount":550},{"posx":0,"posy":1,"amount":400},{"posx":1,"posy":1,"amount":700},{"posx":7,"posy":1,"amount":550},{"posx":18,"posy":2,"amount":250},{"posx":6,"posy":3,"amount":750},{"posx":9,"posy":3,"amount":400},{"posx":7,"posy":4,"amount":600},{"posx":6,"posy":5,"amount":100},{"posx":6,"posy":6,"amount":100},{"posx":15,"posy":6,"amount":350},{"posx":19,"posy":6,"amount":650},{"posx":9,"posy":7,"amount":300}],"changedObstacles":[{"type":0,"posx":11,"posy":3,"value":-1}]},{"players":[{"playerId":675419,"score":500,"energy":30,"posx":9,"posy":3,"lastAction":4,"status":0},{"playerId":2611188,"score":800,"energy":27,"posx":10,"posy":3,"lastAction":0,"status":0},{"playerId":2277,"score":850,"energy":39,"posx":10,"posy":3,"lastAction":0,"status":0},{"playerId":239305,"score":900,"energy":5,"posx":15,"posy":6,"lastAction":5,"status":0}],"golds":[{"posx":0,"posy":0,"amount":650},{"posx":8,"posy":0,"amount":550},{"posx":0,"posy":1,"amount":400},{"posx":1,"posy":1,"amount":700},{"posx":7,"posy":1,"amount":550},{"posx":18,"posy":2,"amount":250},{"posx":6,"posy":3,"amount":750},{"posx":9,"posy":3,"amount":400},{"posx":7,"posy":4,"amount":600},{"posx":6,"posy":5,"amount":100},{"posx":6,"posy":6,"amount":100},{"posx":15,"posy":6,"amount":300},{"posx":19,"posy":6,"amount":650},{"posx":9,"posy":7,"amount":300}],"changedObstacles":[]},{"players":[{"playerId":675419,"score":550,"energy":25,"posx":9,"posy":3,"lastAction":5,"status":0},{"playerId":2611188,"score":800,"energy":23,"posx":9,"posy":3,"lastAction":0,"status":0},{"playerId":2277,"score":850,"energy":35,"posx":9,"posy":3,"lastAction":0,"status":0},{"playerId":239305,"score":900,"energy":17,"posx":15,"posy":6,"lastAction":4,"status":0}],"golds":[{"posx":0,"posy":0,"amount":650},{"posx":8,"posy":0,"amount":550},{"posx":0,"posy":1,"amount":400},{"posx":1,"posy":1,"amount":700},{"posx":7,"posy":1,"amount":550},{"posx":18,"posy":2,"amount":250},{"posx":6,"posy":3,"amount":750},{"posx":9,"posy":3,"amount":350},{"posx":7,"posy":4,"amount":600},{"posx":6,"posy":5,"amount":100},{"posx":6,"posy":6,"amount":100},{"posx":15,"posy":6,"amount":300},{"posx":19,"posy":6,"amount":650},{"posx":9,"posy":7,"amount":300}],"changedObstacles":[]},{"players":[{"playerId":675419,"score":600,"energy":20,"posx":9,"posy":3,"lastAction":5,"status":0},{"playerId":2611188,"score":850,"energy":18,"posx":9,"posy":3,"lastAction":5,"status":0},{"playerId":2277,"score":900,"energy":30,"posx":9,"posy":3,"lastAction":5,"status":0},{"playerId":239305,"score":900,"energy":33,"posx":15,"posy":6,"lastAction":4,"status":0}],"golds":[{"posx":0,"posy":0,"amount":650},{"posx":8,"posy":0,"amount":550},{"posx":0,"posy":1,"amount":400},{"posx":1,"posy":1,"amount":700},{"posx":7,"posy":1,"amount":550},{"posx":18,"posy":2,"amount":250},{"posx":6,"posy":3,"amount":750},{"posx":9,"posy":3,"amount":200},{"posx":7,"posy":4,"amount":600},{"posx":6,"posy":5,"amount":100},{"posx":6,"posy":6,"amount":100},{"posx":15,"posy":6,"amount":300},{"posx":19,"posy":6,"amount":650},{"posx":9,"posy":7,"amount":300}],"changedObstacles":[]},{"players":[{"playerId":675419,"score":650,"energy":15,"posx":9,"posy":3,"lastAction":5,"status":0},{"playerId":2611188,"score":900,"energy":13,"posx":9,"posy":3,"lastAction":5,"status":0},{"playerId":2277,"score":950,"energy":25,"posx":9,"posy":3,"lastAction":5,"status":0},{"playerId":239305,"score":900,"energy":50,"posx":15,"posy":6,"lastAction":4,"status":0}],"golds":[{"posx":0,"posy":0,"amount":650},{"posx":8,"posy":0,"amount":550},{"posx":0,"posy":1,"amount":400},{"posx":1,"posy":1,"amount":700},{"posx":7,"posy":1,"amount":550},{"posx":18,"posy":2,"amount":250},{"posx":6,"posy":3,"amount":750},{"posx":9,"posy":3,"amount":50},{"posx":7,"posy":4,"amount":600},{"posx":6,"posy":5,"amount":100},{"posx":6,"posy":6,"amount":100},{"posx":15,"posy":6,"amount":300},{"posx":19,"posy":6,"amount":650},{"posx":9,"posy":7,"amount":300}],"changedObstacles":[]},{"players":[{"playerId":675419,"score":675,"energy":10,"posx":9,"posy":3,"lastAction":5,"status":0},{"playerId":2611188,"score":900,"energy":3,"posx":8,"posy":3,"lastAction":0,"status":0},{"playerId":2277,"score":975,"energy":20,"posx":9,"posy":3,"lastAction":5,"status":0},{"playerId":239305,"score":950,"energy":45,"posx":15,"posy":6,"lastAction":5,"status":0}],"golds":[{"posx":0,"posy":0,"amount":650},{"posx":8,"posy":0,"amount":550},{"posx":0,"posy":1,"amount":400},{"posx":1,"posy":1,"amount":700},{"posx":7,"posy":1,"amount":550},{"posx":18,"posy":2,"amount":250},{"posx":6,"posy":3,"amount":750},{"posx":7,"posy":4,"amount":600},{"posx":6,"posy":5,"amount":100},{"posx":6,"posy":6,"amount":100},{"posx":15,"posy":6,"amount":250},{"posx":19,"posy":6,"amount":650},{"posx":9,"posy":7,"amount":300}],"changedObstacles":[{"type":0,"posx":8,"posy":3,"value":-1},{"type":0,"posx":9,"posy":3,"value":-1}]},{"players":[{"playerId":675419,"score":675,"energy":9,"posx":8,"posy":3,"lastAction":0,"status":0},{"playerId":2611188,"score":900,"energy":2,"posx":7,"posy":3,"lastAction":0,"status":0},{"playerId":2277,"score":975,"energy":19,"posx":8,"posy":3,"lastAction":0,"status":0},{"playerId":239305,"score":1000,"energy":40,"posx":15,"posy":6,"lastAction":5,"status":0}],"golds":[{"posx":0,"posy":0,"amount":650},{"posx":8,"posy":0,"amount":550},{"posx":0,"posy":1,"amount":400},{"posx":1,"posy":1,"amount":700},{"posx":7,"posy":1,"amount":550},{"posx":18,"posy":2,"amount":250},{"posx":6,"posy":3,"amount":750},{"posx":7,"posy":4,"amount":600},{"posx":6,"posy":5,"amount":100},{"posx":6,"posy":6,"amount":100},{"posx":15,"posy":6,"amount":200},{"posx":19,"posy":6,"amount":650},{"posx":9,"posy":7,"amount":300}],"changedObstacles":[]},{"players":[{"playerId":675419,"score":675,"energy":8,"posx":7,"posy":3,"lastAction":0,"status":0},{"playerId":2611188,"score":900,"energy":14,"posx":7,"posy":3,"lastAction":4,"status":0},{"playerId":2277,"score":975,"energy":18,"posx":7,"posy":3,"lastAction":0,"status":0},{"playerId":239305,"score":1050,"energy":35,"posx":15,"posy":6,"lastAction":5,"status":0}],"golds":[{"posx":0,"posy":0,"amount":650},{"posx":8,"posy":0,"amount":550},{"posx":0,"posy":1,"amount":400},{"posx":1,"posy":1,"amount":700},{"posx":7,"posy":1,"amount":550},{"posx":18,"posy":2,"amount":250},{"posx":6,"posy":3,"amount":750},{"posx":7,"posy":4,"amount":600},{"posx":6,"posy":5,"amount":100},{"posx":6,"posy":6,"amount":100},{"posx":15,"posy":6,"amount":150},{"posx":19,"posy":6,"amount":650},{"posx":9,"posy":7,"amount":300}],"changedObstacles":[]},{"players":[{"playerId":675419,"score":675,"energy":4,"posx":6,"posy":3,"lastAction":0,"status":0},{"playerId":2611188,"score":900,"energy":30,"posx":7,"posy":3,"lastAction":4,"status":0},{"playerId":2277,"score":975,"energy":14,"posx":6,"posy":3,"lastAction":0,"status":0},{"playerId":239305,"score":1100,"energy":30,"posx":15,"posy":6,"lastAction":5,"status":0}],"golds":[{"posx":0,"posy":0,"amount":650},{"posx":8,"posy":0,"amount":550},{"posx":0,"posy":1,"amount":400},{"posx":1,"posy":1,"amount":700},{"posx":7,"posy":1,"amount":550},{"posx":18,"posy":2,"amount":250},{"posx":6,"posy":3,"amount":750},{"posx":7,"posy":4,"amount":600},{"posx":6,"posy":5,"amount":100},{"posx":6,"posy":6,"amount":100},{"posx":15,"posy":6,"amount":100},{"posx":19,"posy":6,"amount":650},{"posx":9,"posy":7,"amount":300}],"changedObstacles":[]},{"players":[{"playerId":675419,"score":675,"energy":16,"posx":6,"posy":3,"lastAction":4,"status":0},{"playerId":2611188,"score":900,"energy":50,"posx":7,"posy":3,"lastAction":4,"status":0},{"playerId":2277,"score":1025,"energy":9,"posx":6,"posy":3,"lastAction":5,"status":0},{"playerId":239305,"score":1150,"energy":25,"posx":15,"posy":6,"lastAction":5,"status":0}],"golds":[{"posx":0,"posy":0,"amount":650},{"posx":8,"posy":0,"amount":550},{"posx":0,"posy":1,"amount":400},{"posx":1,"posy":1,"amount":700},{"posx":7,"posy":1,"amount":550},{"posx":18,"posy":2,"amount":250},{"posx":6,"posy":3,"amount":700},{"posx":7,"posy":4,"amount":600},{"posx":6,"posy":5,"amount":100},{"posx":6,"posy":6,"amount":100},{"posx":15,"posy":6,"amount":50},{"posx":19,"posy":6,"amount":650},{"posx":9,"posy":7,"amount":300}],"changedObstacles":[]},{"players":[{"playerId":675419,"score":675,"energy":32,"posx":6,"posy":3,"lastAction":4,"status":0},{"playerId":2611188,"score":900,"energy":46,"posx":7,"posy":4,"lastAction":3,"status":0},{"playerId":2277,"score":1075,"energy":4,"posx":6,"posy":3,"lastAction":5,"status":0},{"playerId":239305,"score":1200,"energy":20,"posx":15,"posy":6,"lastAction":5,"status":0}],"golds":[{"posx":0,"posy":0,"amount":650},{"posx":8,"posy":0,"amount":550},{"posx":0,"posy":1,"amount":400},{"posx":1,"posy":1,"amount":700},{"posx":7,"posy":1,"amount":550},{"posx":18,"posy":2,"amount":250},{"posx":6,"posy":3,"amount":650},{"posx":7,"posy":4,"amount":600},{"posx":6,"posy":5,"amount":100},{"posx":6,"posy":6,"amount":100},{"posx":19,"posy":6,"amount":650},{"posx":9,"posy":7,"amount":300}],"changedObstacles":[{"type":0,"posx":15,"posy":6,"value":-1}]},{"players":[{"playerId":675419,"score":725,"energy":27,"posx":6,"posy":3,"lastAction":5,"status":0},{"playerId":2611188,"score":950,"energy":41,"posx":7,"posy":4,"lastAction":5,"status":0},{"playerId":2277,"score":1075,"energy":16,"posx":6,"posy":3,"lastAction":4,"status":0},{"playerId":239305,"score":1200,"energy":19,"posx":16,"posy":6,"lastAction":1,"status":0}],"golds":[{"posx":0,"posy":0,"amount":650},{"posx":8,"posy":0,"amount":550},{"posx":0,"posy":1,"amount":400},{"posx":1,"posy":1,"amount":700},{"posx":7,"posy":1,"amount":550},{"posx":18,"posy":2,"amount":250},{"posx":6,"posy":3,"amount":600},{"posx":7,"posy":4,"amount":550},{"posx":6,"posy":5,"amount":100},{"posx":6,"posy":6,"amount":100},{"posx":19,"posy":6,"amount":650},{"posx":9,"posy":7,"amount":300}],"changedObstacles":[]},{"players":[{"playerId":675419,"score":775,"energy":22,"posx":6,"posy":3,"lastAction":5,"status":0},{"playerId":2611188,"score":1000,"energy":36,"posx":7,"posy":4,"lastAction":5,"status":0},{"playerId":2277,"score":1075,"energy":32,"posx":6,"posy":3,"lastAction":4,"status":0},{"playerId":239305,"score":1200,"energy":14,"posx":17,"posy":6,"lastAction":1,"status":0}],"golds":[{"posx":0,"posy":0,"amount":650},{"posx":8,"posy":0,"amount":550},{"posx":0,"posy":1,"amount":400},{"posx":1,"posy":1,"amount":700},{"posx":7,"posy":1,"amount":550},{"posx":18,"posy":2,"amount":250},{"posx":6,"posy":3,"amount":550},{"posx":7,"posy":4,"amount":500},{"posx":6,"posy":5,"amount":100},{"posx":6,"posy":6,"amount":100},{"posx":19,"posy":6,"amount":650},{"posx":9,"posy":7,"amount":300}],"changedObstacles":[{"type":3,"posx":17,"posy":6,"value":-20}]},{"players":[{"playerId":675419,"score":825,"energy":17,"posx":6,"posy":3,"lastAction":5,"status":0},{"playerId":2611188,"score":1050,"energy":31,"posx":7,"posy":4,"lastAction":5,"status":0},{"playerId":2277,"score":1075,"energy":50,"posx":6,"posy":3,"lastAction":4,"status":0},{"playerId":239305,"score":1200,"energy":9,"posx":18,"posy":6,"lastAction":1,"status":0}],"golds":[{"posx":0,"posy":0,"amount":650},{"posx":8,"posy":0,"amount":550},{"posx":0,"posy":1,"amount":400},{"posx":1,"posy":1,"amount":700},{"posx":7,"posy":1,"amount":550},{"posx":18,"posy":2,"amount":250},{"posx":6,"posy":3,"amount":500},{"posx":7,"posy":4,"amount":450},{"posx":6,"posy":5,"amount":100},{"posx":6,"posy":6,"amount":100},{"posx":19,"posy":6,"amount":650},{"posx":9,"posy":7,"amount":300}],"changedObstacles":[{"type":3,"posx":18,"posy":6,"value":-20}]},{"players":[{"playerId":675419,"score":875,"energy":12,"posx":6,"posy":3,"lastAction":5,"status":0},{"playerId":2611188,"score":1100,"energy":26,"posx":7,"posy":4,"lastAction":5,"status":0},{"playerId":2277,"score":1125,"energy":45,"posx":6,"posy":3,"lastAction":5,"status":0},{"playerId":239305,"score":1200,"energy":5,"posx":19,"posy":6,"lastAction":1,"status":0}],"golds":[{"posx":0,"posy":0,"amount":650},{"posx":8,"posy":0,"amount":550},{"posx":0,"posy":1,"amount":400},{"posx":1,"posy":1,"amount":700},{"posx":7,"posy":1,"amount":550},{"posx":18,"posy":2,"amount":250},{"posx":6,"posy":3,"amount":400},{"posx":7,"posy":4,"amount":400},{"posx":6,"posy":5,"amount":100},{"posx":6,"posy":6,"amount":100},{"posx":19,"posy":6,"amount":650},{"posx":9,"posy":7,"amount":300}],"changedObstacles":[]},{"players":[{"playerId":675419,"score":925,"energy":7,"posx":6,"posy":3,"lastAction":5,"status":0},{"playerId":2611188,"score":1150,"energy":21,"posx":7,"posy":4,"lastAction":5,"status":0},{"playerId":2277,"score":1175,"energy":40,"posx":6,"posy":3,"lastAction":5,"status":0},{"playerId":239305,"score":1200,"energy":17,"posx":19,"posy":6,"lastAction":4,"status":0}],"golds":[{"posx":0,"posy":0,"amount":650},{"posx":8,"posy":0,"amount":550},{"posx":0,"posy":1,"amount":400},{"posx":1,"posy":1,"amount":700},{"posx":7,"posy":1,"amount":550},{"posx":18,"posy":2,"amount":250},{"posx":6,"posy":3,"amount":300},{"posx":7,"posy":4,"amount":350},{"posx":6,"posy":5,"amount":100},{"posx":6,"posy":6,"amount":100},{"posx":19,"posy":6,"amount":650},{"posx":9,"posy":7,"amount":300}],"changedObstacles":[]},{"players":[{"playerId":675419,"score":975,"energy":2,"posx":6,"posy":3,"lastAction":5,"status":0},{"playerId":2611188,"score":1200,"energy":16,"posx":7,"posy":4,"lastAction":5,"status":0},{"playerId":2277,"score":1225,"energy":35,"posx":6,"posy":3,"lastAction":5,"status":0},{"playerId":239305,"score":1200,"energy":33,"posx":19,"posy":6,"lastAction":4,"status":0}],"golds":[{"posx":0,"posy":0,"amount":650},{"posx":8,"posy":0,"amount":550},{"posx":0,"posy":1,"amount":400},{"posx":1,"posy":1,"amount":700},{"posx":7,"posy":1,"amount":550},{"posx":18,"posy":2,"amount":250},{"posx":6,"posy":3,"amount":200},{"posx":7,"posy":4,"amount":300},{"posx":6,"posy":5,"amount":100},{"posx":6,"posy":6,"amount":100},{"posx":19,"posy":6,"amount":650},{"posx":9,"posy":7,"amount":300}],"changedObstacles":[]},{"players":[{"playerId":675419,"score":975,"energy":14,"posx":6,"posy":3,"lastAction":4,"status":0},{"playerId":2611188,"score":1250,"energy":11,"posx":7,"posy":4,"lastAction":5,"status":0},{"playerId":2277,"score":1275,"energy":30,"posx":6,"posy":3,"lastAction":5,"status":0},{"playerId":239305,"score":1200,"energy":50,"posx":19,"posy":6,"lastAction":4,"status":0}],"golds":[{"posx":0,"posy":0,"amount":650},{"posx":8,"posy":0,"amount":550},{"posx":0,"posy":1,"amount":400},{"posx":1,"posy":1,"amount":700},{"posx":7,"posy":1,"amount":550},{"posx":18,"posy":2,"amount":250},{"posx":6,"posy":3,"amount":150},{"posx":7,"posy":4,"amount":250},{"posx":6,"posy":5,"amount":100},{"posx":6,"posy":6,"amount":100},{"posx":19,"posy":6,"amount":650},{"posx":9,"posy":7,"amount":300}],"changedObstacles":[]},{"players":[{"playerId":675419,"score":975,"energy":30,"posx":6,"posy":3,"lastAction":4,"status":0},{"playerId":2611188,"score":1300,"energy":6,"posx":7,"posy":4,"lastAction":5,"status":0},{"playerId":2277,"score":1325,"energy":25,"posx":6,"posy":3,"lastAction":5,"status":0},{"playerId":239305,"score":1250,"energy":45,"posx":19,"posy":6,"lastAction":5,"status":0}],"golds":[{"posx":0,"posy":0,"amount":650},{"posx":8,"posy":0,"amount":550},{"posx":0,"posy":1,"amount":400},{"posx":1,"posy":1,"amount":700},{"posx":7,"posy":1,"amount":550},{"posx":18,"posy":2,"amount":250},{"posx":6,"posy":3,"amount":100},{"posx":7,"posy":4,"amount":200},{"posx":6,"posy":5,"amount":100},{"posx":6,"posy":6,"amount":100},{"posx":19,"posy":6,"amount":600},{"posx":9,"posy":7,"amount":300}],"changedObstacles":[]},{"players":[{"playerId":675419,"score":1025,"energy":25,"posx":6,"posy":3,"lastAction":5,"status":0},{"playerId":2611188,"score":1350,"energy":1,"posx":7,"posy":4,"lastAction":5,"status":0},{"playerId":2277,"score":1375,"energy":20,"posx":6,"posy":3,"lastAction":5,"status":0},{"playerId":239305,"score":1300,"energy":40,"posx":19,"posy":6,"lastAction":5,"status":0}],"golds":[{"posx":0,"posy":0,"amount":650},{"posx":8,"posy":0,"amount":550},{"posx":0,"posy":1,"amount":400},{"posx":1,"posy":1,"amount":700},{"posx":7,"posy":1,"amount":550},{"posx":18,"posy":2,"amount":250},{"posx":7,"posy":4,"amount":150},{"posx":6,"posy":5,"amount":100},{"posx":6,"posy":6,"amount":100},{"posx":19,"posy":6,"amount":550},{"posx":9,"posy":7,"amount":300}],"changedObstacles":[{"type":0,"posx":6,"posy":3,"value":-1}]},{"players":[{"playerId":675419,"score":1025,"energy":24,"posx":7,"posy":3,"lastAction":1,"status":0},{"playerId":2611188,"score":1350,"energy":13,"posx":7,"posy":4,"lastAction":4,"status":0},{"playerId":2277,"score":1375,"energy":19,"posx":5,"posy":3,"lastAction":0,"status":0},{"playerId":239305,"score":1350,"energy":35,"posx":19,"posy":6,"lastAction":5,"status":0}],"golds":[{"posx":0,"posy":0,"amount":650},{"posx":8,"posy":0,"amount":550},{"posx":0,"posy":1,"amount":400},{"posx":1,"posy":1,"amount":700},{"posx":7,"posy":1,"amount":550},{"posx":18,"posy":2,"amount":250},{"posx":7,"posy":4,"amount":150},{"posx":6,"posy":5,"amount":100},{"posx":6,"posy":6,"amount":100},{"posx":19,"posy":6,"amount":500},{"posx":9,"posy":7,"amount":300}],"changedObstacles":[]},{"players":[{"playerId":675419,"score":1025,"energy":14,"posx":7,"posy":2,"lastAction":2,"status":0},{"playerId":2611188,"score":1350,"energy":29,"posx":7,"posy":4,"lastAction":4,"status":0},{"playerId":2277,"score":1375,"energy":9,"posx":4,"posy":3,"lastAction":0,"status":0},{"playerId":239305,"score":1400,"energy":30,"posx":19,"posy":6,"lastAction":5,"status":0}],"golds":[{"posx":0,"posy":0,"amount":650},{"posx":8,"posy":0,"amount":550},{"posx":0,"posy":1,"amount":400},{"posx":1,"posy":1,"amount":700},{"posx":7,"posy":1,"amount":550},{"posx":18,"posy":2,"amount":250},{"posx":7,"posy":4,"amount":150},{"posx":6,"posy":5,"amount":100},{"posx":6,"posy":6,"amount":100},{"posx":19,"posy":6,"amount":450},{"posx":9,"posy":7,"amount":300}],"changedObstacles":[{"type":0,"posx":4,"posy":3,"value":-1},{"type":0,"posx":7,"posy":2,"value":-1}]},{"players":[{"playerId":675419,"score":1025,"energy":10,"posx":7,"posy":1,"lastAction":2,"status":0},{"playerId":2611188,"score":1350,"energy":50,"posx":7,"posy":4,"lastAction":4,"status":0},{"playerId":2277,"score":1375,"energy":8,"posx":5,"posy":3,"lastAction":1,"status":0},{"playerId":239305,"score":1450,"energy":25,"posx":19,"posy":6,"lastAction":5,"status":0}],"golds":[{"posx":0,"posy":0,"amount":650},{"posx":8,"posy":0,"amount":550},{"posx":0,"posy":1,"amount":400},{"posx":1,"posy":1,"amount":700},{"posx":7,"posy":1,"amount":550},{"posx":18,"posy":2,"amount":250},{"posx":7,"posy":4,"amount":150},{"posx":6,"posy":5,"amount":100},{"posx":6,"posy":6,"amount":100},{"posx":19,"posy":6,"amount":400},{"posx":9,"posy":7,"amount":300}],"changedObstacles":[]},{"players":[{"playerId":675419,"score":1075,"energy":5,"posx":7,"posy":1,"lastAction":5,"status":0},{"playerId":2611188,"score":1400,"energy":45,"posx":7,"posy":4,"lastAction":5,"status":0},{"playerId":2277,"score":1375,"energy":7,"posx":6,"posy":3,"lastAction":1,"status":0},{"playerId":239305,"score":1500,"energy":20,"posx":19,"posy":6,"lastAction":5,"status":0}],"golds":[{"posx":0,"posy":0,"amount":650},{"posx":8,"posy":0,"amount":550},{"posx":0,"posy":1,"amount":400},{"posx":1,"posy":1,"amount":700},{"posx":7,"posy":1,"amount":500},{"posx":18,"posy":2,"amount":250},{"posx":7,"posy":4,"amount":100},{"posx":6,"posy":5,"amount":100},{"posx":6,"posy":6,"amount":100},{"posx":19,"posy":6,"amount":350},{"posx":9,"posy":7,"amount":300}],"changedObstacles":[]},{"players":[{"playerId":675419,"score":1075,"energy":17,"posx":7,"posy":1,"lastAction":4,"status":0},{"playerId":2611188,"score":1450,"energy":40,"posx":7,"posy":4,"lastAction":5,"status":0},{"playerId":2277,"score":1375,"energy":6,"posx":7,"posy":3,"lastAction":1,"status":0},{"playerId":239305,"score":1550,"energy":15,"posx":19,"posy":6,"lastAction":5,"status":0}],"golds":[{"posx":0,"posy":0,"amount":650},{"posx":8,"posy":0,"amount":550},{"posx":0,"posy":1,"amount":400},{"posx":1,"posy":1,"amount":700},{"posx":7,"posy":1,"amount":500},{"posx":18,"posy":2,"amount":250},{"posx":7,"posy":4,"amount":50},{"posx":6,"posy":5,"amount":100},{"posx":6,"posy":6,"amount":100},{"posx":19,"posy":6,"amount":300},{"posx":9,"posy":7,"amount":300}],"changedObstacles":[]},{"players":[{"playerId":675419,"score":1075,"energy":33,"posx":7,"posy":1,"lastAction":4,"status":0},{"playerId":2611188,"score":1500,"energy":35,"posx":7,"posy":4,"lastAction":5,"status":0},{"playerId":2277,"score":1375,"energy":2,"posx":7,"posy":4,"lastAction":3,"status":0},{"playerId":239305,"score":1600,"energy":10,"posx":19,"posy":6,"lastAction":5,"status":0}],"golds":[{"posx":0,"posy":0,"amount":650},{"posx":8,"posy":0,"amount":550},{"posx":0,"posy":1,"amount":400},{"posx":1,"posy":1,"amount":700},{"posx":7,"posy":1,"amount":500},{"posx":18,"posy":2,"amount":250},{"posx":6,"posy":5,"amount":100},{"posx":6,"posy":6,"amount":100},{"posx":19,"posy":6,"amount":250},{"posx":9,"posy":7,"amount":300}],"changedObstacles":[{"type":0,"posx":7,"posy":4,"value":-1}]},{"players":[{"playerId":675419,"score":1125,"energy":28,"posx":7,"posy":1,"lastAction":5,"status":0},{"playerId":2611188,"score":1500,"energy":34,"posx":6,"posy":4,"lastAction":0,"status":0},{"playerId":2277,"score":1375,"energy":14,"posx":7,"posy":4,"lastAction":4,"status":0},{"playerId":239305,"score":1650,"energy":5,"posx":19,"posy":6,"lastAction":5,"status":0}],"golds":[{"posx":0,"posy":0,"amount":650},{"posx":8,"posy":0,"amount":550},{"posx":0,"posy":1,"amount":400},{"posx":1,"posy":1,"amount":700},{"posx":7,"posy":1,"amount":450},{"posx":18,"posy":2,"amount":250},{"posx":6,"posy":5,"amount":100},{"posx":6,"posy":6,"amount":100},{"posx":19,"posy":6,"amount":200},{"posx":9,"posy":7,"amount":300}],"changedObstacles":[]},{"players":[{"playerId":675419,"score":1175,"energy":23,"posx":7,"posy":1,"lastAction":5,"status":0},{"playerId":2611188,"score":1500,"energy":30,"posx":6,"posy":5,"lastAction":3,"status":0},{"playerId":2277,"score":1375,"energy":30,"posx":7,"posy":4,"lastAction":4,"status":0},{"playerId":239305,"score":1650,"energy":17,"posx":19,"posy":6,"lastAction":4,"status":0}],"golds":[{"posx":0,"posy":0,"amount":650},{"posx":8,"posy":0,"amount":550},{"posx":0,"posy":1,"amount":400},{"posx":1,"posy":1,"amount":700},{"posx":7,"posy":1,"amount":400},{"posx":18,"posy":2,"amount":250},{"posx":6,"posy":5,"amount":100},{"posx":6,"posy":6,"amount":100},{"posx":19,"posy":6,"amount":200},{"posx":9,"posy":7,"amount":300}],"changedObstacles":[]},{"players":[{"playerId":675419,"score":1225,"energy":18,"posx":7,"posy":1,"lastAction":5,"status":0},{"playerId":2611188,"score":1550,"energy":25,"posx":6,"posy":5,"lastAction":5,"status":0},{"playerId":2277,"score":1375,"energy":50,"posx":7,"posy":4,"lastAction":4,"status":0},{"playerId":239305,"score":1650,"energy":33,"posx":19,"posy":6,"lastAction":4,"status":0}],"golds":[{"posx":0,"posy":0,"amount":650},{"posx":8,"posy":0,"amount":550},{"posx":0,"posy":1,"amount":400},{"posx":1,"posy":1,"amount":700},{"posx":7,"posy":1,"amount":350},{"posx":18,"posy":2,"amount":250},{"posx":6,"posy":5,"amount":50},{"posx":6,"posy":6,"amount":100},{"posx":19,"posy":6,"amount":200},{"posx":9,"posy":7,"amount":300}],"changedObstacles":[]},{"players":[{"playerId":675419,"score":1275,"energy":13,"posx":7,"posy":1,"lastAction":5,"status":0},{"playerId":2611188,"score":1600,"energy":20,"posx":6,"posy":5,"lastAction":5,"status":0},{"playerId":2277,"score":1375,"energy":49,"posx":6,"posy":4,"lastAction":0,"status":0},{"playerId":239305,"score":1650,"energy":50,"posx":19,"posy":6,"lastAction":4,"status":0}],"golds":[{"posx":0,"posy":0,"amount":650},{"posx":8,"posy":0,"amount":550},{"posx":0,"posy":1,"amount":400},{"posx":1,"posy":1,"amount":700},{"posx":7,"posy":1,"amount":300},{"posx":18,"posy":2,"amount":250},{"posx":6,"posy":6,"amount":100},{"posx":19,"posy":6,"amount":200},{"posx":9,"posy":7,"amount":300}],"changedObstacles":[{"type":0,"posx":6,"posy":5,"value":-1}]},{"players":[{"playerId":675419,"score":1325,"energy":8,"posx":7,"posy":1,"lastAction":5,"status":0},{"playerId":2611188,"score":1600,"energy":19,"posx":6,"posy":4,"lastAction":2,"status":0},{"playerId":2277,"score":1375,"energy":48,"posx":6,"posy":5,"lastAction":3,"status":0},{"playerId":239305,"score":1700,"energy":45,"posx":19,"posy":6,"lastAction":5,"status":0}],"golds":[{"posx":0,"posy":0,"amount":650},{"posx":8,"posy":0,"amount":550},{"posx":0,"posy":1,"amount":400},{"posx":1,"posy":1,"amount":700},{"posx":7,"posy":1,"amount":250},{"posx":18,"posy":2,"amount":250},{"posx":6,"posy":6,"amount":100},{"posx":19,"posy":6,"amount":150},{"posx":9,"posy":7,"amount":300}],"changedObstacles":[]},{"players":[{"playerId":675419,"score":1375,"energy":3,"posx":7,"posy":1,"lastAction":5,"status":0},{"playerId":2611188,"score":1600,"energy":18,"posx":6,"posy":3,"lastAction":2,"status":0},{"playerId":2277,"score":1375,"energy":44,"posx":6,"posy":6,"lastAction":3,"status":0},{"playerId":239305,"score":1750,"energy":40,"posx":19,"posy":6,"lastAction":5,"status":0}],"golds":[{"posx":0,"posy":0,"amount":650},{"posx":8,"posy":0,"amount":550},{"posx":0,"posy":1,"amount":400},{"posx":1,"posy":1,"amount":700},{"posx":7,"posy":1,"amount":200},{"posx":18,"posy":2,"amount":250},{"posx":6,"posy":6,"amount":100},{"posx":19,"posy":6,"amount":100},{"posx":9,"posy":7,"amount":300}],"changedObstacles":[]},{"players":[{"playerId":675419,"score":1375,"energy":15,"posx":7,"posy":1,"lastAction":4,"status":0},{"playerId":2611188,"score":1600,"energy":17,"posx":5,"posy":3,"lastAction":0,"status":0},{"playerId":2277,"score":1425,"energy":39,"posx":6,"posy":6,"lastAction":5,"status":0},{"playerId":239305,"score":1800,"energy":35,"posx":19,"posy":6,"lastAction":5,"status":0}],"golds":[{"posx":0,"posy":0,"amount":650},{"posx":8,"posy":0,"amount":550},{"posx":0,"posy":1,"amount":400},{"posx":1,"posy":1,"amount":700},{"posx":7,"posy":1,"amount":200},{"posx":18,"posy":2,"amount":250},{"posx":6,"posy":6,"amount":50},{"posx":19,"posy":6,"amount":50},{"posx":9,"posy":7,"amount":300}],"changedObstacles":[]},{"players":[{"playerId":675419,"score":1375,"energy":31,"posx":7,"posy":1,"lastAction":4,"status":0},{"playerId":2611188,"score":1600,"energy":16,"posx":4,"posy":3,"lastAction":0,"status":0},{"playerId":2277,"score":1475,"energy":34,"posx":6,"posy":6,"lastAction":5,"status":0},{"playerId":239305,"score":1850,"energy":30,"posx":19,"posy":6,"lastAction":5,"status":0}],"golds":[{"posx":0,"posy":0,"amount":650},{"posx":8,"posy":0,"amount":550},{"posx":0,"posy":1,"amount":400},{"posx":1,"posy":1,"amount":700},{"posx":7,"posy":1,"amount":200},{"posx":18,"posy":2,"amount":250},{"posx":9,"posy":7,"amount":300}],"changedObstacles":[{"type":0,"posx":6,"posy":6,"value":-1},{"type":0,"posx":19,"posy":6,"value":-1}]},{"players":[{"playerId":675419,"score":1425,"energy":26,"posx":7,"posy":1,"lastAction":5,"status":0},{"playerId":2611188,"score":1600,"energy":6,"posx":3,"posy":3,"lastAction":0,"status":0},{"playerId":2277,"score":1475,"energy":24,"posx":7,"posy":6,"lastAction":1,"status":0},{"playerId":239305,"score":1850,"energy":29,"posx":19,"posy":5,"lastAction":2,"status":0}],"golds":[{"posx":0,"posy":0,"amount":650},{"posx":8,"posy":0,"amount":550},{"posx":0,"posy":1,"amount":400},{"posx":1,"posy":1,"amount":700},{"posx":7,"posy":1,"amount":150},{"posx":18,"posy":2,"amount":250},{"posx":9,"posy":7,"amount":300}],"changedObstacles":[{"type":0,"posx":3,"posy":3,"value":-1},{"type":0,"posx":7,"posy":6,"value":-1}]},{"players":[{"playerId":675419,"score":1475,"energy":21,"posx":7,"posy":1,"lastAction":5,"status":0},{"playerId":2611188,"score":1600,"energy":18,"posx":3,"posy":3,"lastAction":4,"status":0},{"playerId":2277,"score":1475,"energy":19,"posx":8,"posy":6,"lastAction":1,"status":0},{"playerId":239305,"score":1850,"energy":24,"posx":19,"posy":4,"lastAction":2,"status":0}],"golds":[{"posx":0,"posy":0,"amount":650},{"posx":8,"posy":0,"amount":550},{"posx":0,"posy":1,"amount":400},{"posx":1,"posy":1,"amount":700},{"posx":7,"posy":1,"amount":100},{"posx":18,"posy":2,"amount":250},{"posx":9,"posy":7,"amount":300}],"changedObstacles":[{"type":3,"posx":8,"posy":6,"value":-20},{"type":3,"posx":19,"posy":4,"value":-20}]},{"players":[{"playerId":675419,"score":1525,"energy":16,"posx":7,"posy":1,"lastAction":5,"status":0},{"playerId":2611188,"score":1600,"energy":34,"posx":3,"posy":3,"lastAction":4,"status":0},{"playerId":2277,"score":1475,"energy":9,"posx":9,"posy":6,"lastAction":1,"status":0},{"playerId":239305,"score":1850,"energy":23,"posx":19,"posy":3,"lastAction":2,"status":0}],"golds":[{"posx":0,"posy":0,"amount":650},{"posx":8,"posy":0,"amount":550},{"posx":0,"posy":1,"amount":400},{"posx":1,"posy":1,"amount":700},{"posx":7,"posy":1,"amount":50},{"posx":18,"posy":2,"amount":250},{"posx":9,"posy":7,"amount":300}],"changedObstacles":[{"type":0,"posx":9,"posy":6,"value":-1}]},{"players":[{"playerId":675419,"score":1575,"energy":11,"posx":7,"posy":1,"lastAction":5,"status":0},{"playerId":2611188,"score":1600,"energy":50,"posx":3,"posy":3,"lastAction":4,"status":0},{"playerId":2277,"score":1475,"energy":5,"posx":9,"posy":7,"lastAction":3,"status":0},{"playerId":239305,"score":1850,"energy":18,"posx":19,"posy":2,"lastAction":2,"status":0}],"golds":[{"posx":0,"posy":0,"amount":650},{"posx":8,"posy":0,"amount":550},{"posx":0,"posy":1,"amount":400},{"posx":1,"posy":1,"amount":700},{"posx":18,"posy":2,"amount":250},{"posx":9,"posy":7,"amount":300}],"changedObstacles":[{"type":3,"posx":19,"posy":2,"value":-20},{"type":0,"posx":7,"posy":1,"value":-1}]},{"players":[{"playerId":675419,"score":1575,"energy":10,"posx":7,"posy":0,"lastAction":2,"status":0},{"playerId":2611188,"score":1600,"energy":40,"posx":3,"posy":2,"lastAction":2,"status":0},{"playerId":2277,"score":1475,"energy":17,"posx":9,"posy":7,"lastAction":4,"status":0},{"playerId":239305,"score":1850,"energy":14,"posx":18,"posy":2,"lastAction":0,"status":0}],"golds":[{"posx":0,"posy":0,"amount":650},{"posx":8,"posy":0,"amount":550},{"posx":0,"posy":1,"amount":400},{"posx":1,"posy":1,"amount":700},{"posx":18,"posy":2,"amount":250},{"posx":9,"posy":7,"amount":300}],"changedObstacles":[{"type":0,"posx":3,"posy":2,"value":-1}]},{"players":[{"playerId":675419,"score":1575,"energy":6,"posx":8,"posy":0,"lastAction":1,"status":0},{"playerId":2611188,"score":1600,"energy":39,"posx":2,"posy":2,"lastAction":0,"status":0},{"playerId":2277,"score":1475,"energy":33,"posx":9,"posy":7,"lastAction":4,"status":0},{"playerId":239305,"score":1900,"energy":9,"posx":18,"posy":2,"lastAction":5,"status":0}],"golds":[{"posx":0,"posy":0,"amount":650},{"posx":8,"posy":0,"amount":550},{"posx":0,"posy":1,"amount":400},{"posx":1,"posy":1,"amount":700},{"posx":18,"posy":2,"amount":200},{"posx":9,"posy":7,"amount":300}],"changedObstacles":[]},{"players":[{"playerId":675419,"score":1625,"energy":1,"posx":8,"posy":0,"lastAction":5,"status":0},{"playerId":2611188,"score":1600,"energy":34,"posx":1,"posy":2,"lastAction":0,"status":0},{"playerId":2277,"score":1475,"energy":50,"posx":9,"posy":7,"lastAction":4,"status":0},{"playerId":239305,"score":1950,"energy":4,"posx":18,"posy":2,"lastAction":5,"status":0}],"golds":[{"posx":0,"posy":0,"amount":650},{"posx":8,"posy":0,"amount":500},{"posx":0,"posy":1,"amount":400},{"posx":1,"posy":1,"amount":700},{"posx":18,"posy":2,"amount":150},{"posx":9,"posy":7,"amount":300}],"changedObstacles":[{"type":3,"posx":1,"posy":2,"value":-20}]},{"players":[{"playerId":675419,"score":1625,"energy":13,"posx":8,"posy":0,"lastAction":4,"status":0},{"playerId":2611188,"score":1600,"energy":30,"posx":1,"posy":1,"lastAction":2,"status":0},{"playerId":2277,"score":1525,"energy":45,"posx":9,"posy":7,"lastAction":5,"status":0},{"playerId":239305,"score":1950,"energy":16,"posx":18,"posy":2,"lastAction":4,"status":0}],"golds":[{"posx":0,"posy":0,"amount":650},{"posx":8,"posy":0,"amount":500},{"posx":0,"posy":1,"amount":400},{"posx":1,"posy":1,"amount":700},{"posx":18,"posy":2,"amount":150},{"posx":9,"posy":7,"amount":250}],"changedObstacles":[]},{"players":[{"playerId":675419,"score":1625,"energy":29,"posx":8,"posy":0,"lastAction":4,"status":0},{"playerId":2611188,"score":1650,"energy":25,"posx":1,"posy":1,"lastAction":5,"status":0},{"playerId":2277,"score":1575,"energy":40,"posx":9,"posy":7,"lastAction":5,"status":0},{"playerId":239305,"score":1950,"energy":32,"posx":18,"posy":2,"lastAction":4,"status":0}],"golds":[{"posx":0,"posy":0,"amount":650},{"posx":8,"posy":0,"amount":500},{"posx":0,"posy":1,"amount":400},{"posx":1,"posy":1,"amount":650},{"posx":18,"posy":2,"amount":150},{"posx":9,"posy":7,"amount":200}],"changedObstacles":[]},{"players":[{"playerId":675419,"score":1675,"energy":24,"posx":8,"posy":0,"lastAction":5,"status":0},{"playerId":2611188,"score":1700,"energy":20,"posx":1,"posy":1,"lastAction":5,"status":0},{"playerId":2277,"score":1625,"energy":35,"posx":9,"posy":7,"lastAction":5,"status":0},{"playerId":239305,"score":1950,"energy":50,"posx":18,"posy":2,"lastAction":4,"status":0}],"golds":[{"posx":0,"posy":0,"amount":650},{"posx":8,"posy":0,"amount":450},{"posx":0,"posy":1,"amount":400},{"posx":1,"posy":1,"amount":600},{"posx":18,"posy":2,"amount":150},{"posx":9,"posy":7,"amount":150}],"changedObstacles":[]},{"players":[{"playerId":675419,"score":1725,"energy":19,"posx":8,"posy":0,"lastAction":5,"status":0},{"playerId":2611188,"score":1750,"energy":15,"posx":1,"posy":1,"lastAction":5,"status":0},{"playerId":2277,"score":1675,"energy":30,"posx":9,"posy":7,"lastAction":5,"status":0},{"playerId":239305,"score":2000,"energy":45,"posx":18,"posy":2,"lastAction":5,"status":0}],"golds":[{"posx":0,"posy":0,"amount":650},{"posx":8,"posy":0,"amount":400},{"posx":0,"posy":1,"amount":400},{"posx":1,"posy":1,"amount":550},{"posx":18,"posy":2,"amount":100},{"posx":9,"posy":7,"amount":100}],"changedObstacles":[]},{"players":[{"playerId":675419,"score":1775,"energy":14,"posx":8,"posy":0,"lastAction":5,"status":0},{"playerId":2611188,"score":1800,"energy":10,"posx":1,"posy":1,"lastAction":5,"status":0},{"playerId":2277,"score":1725,"energy":25,"posx":9,"posy":7,"lastAction":5,"status":0},{"playerId":239305,"score":2050,"energy":40,"posx":18,"posy":2,"lastAction":5,"status":0}],"golds":[{"posx":0,"posy":0,"amount":650},{"posx":8,"posy":0,"amount":350},{"posx":0,"posy":1,"amount":400},{"posx":1,"posy":1,"amount":500},{"posx":18,"posy":2,"amount":50},{"posx":9,"posy":7,"amount":50}],"changedObstacles":[]},{"players":[{"playerId":675419,"score":1825,"energy":9,"posx":8,"posy":0,"lastAction":5,"status":0},{"playerId":2611188,"score":1850,"energy":5,"posx":1,"posy":1,"lastAction":5,"status":0},{"playerId":2277,"score":1775,"energy":20,"posx":9,"posy":7,"lastAction":5,"status":0},{"playerId":239305,"score":2100,"energy":35,"posx":18,"posy":2,"lastAction":5,"status":0}],"golds":[{"posx":0,"posy":0,"amount":650},{"posx":8,"posy":0,"amount":300},{"posx":0,"posy":1,"amount":400},{"posx":1,"posy":1,"amount":450}],"changedObstacles":[{"type":0,"posx":9,"posy":7,"value":-1},{"type":0,"posx":18,"posy":2,"value":-1}]},{"players":[{"playerId":675419,"score":1875,"energy":4,"posx":8,"posy":0,"lastAction":5,"status":0},{"playerId":2611188,"score":1850,"energy":17,"posx":1,"posy":1,"lastAction":4,"status":0},{"playerId":2277,"score":1775,"energy":19,"posx":9,"posy":6,"lastAction":2,"status":0},{"playerId":239305,"score":2100,"energy":34,"posx":18,"posy":1,"lastAction":2,"status":0}],"golds":[{"posx":0,"posy":0,"amount":650},{"posx":8,"posy":0,"amount":250},{"posx":0,"posy":1,"amount":400},{"posx":1,"posy":1,"amount":450}],"changedObstacles":[]},{"players":[{"playerId":675419,"score":1875,"energy":16,"posx":8,"posy":0,"lastAction":4,"status":0},{"playerId":2611188,"score":1850,"energy":33,"posx":1,"posy":1,"lastAction":4,"status":0},{"playerId":2277,"score":1775,"energy":14,"posx":9,"posy":5,"lastAction":2,"status":0},{"playerId":239305,"score":2100,"energy":29,"posx":17,"posy":1,"lastAction":0,"status":0}],"golds":[{"posx":0,"posy":0,"amount":650},{"posx":8,"posy":0,"amount":250},{"posx":0,"posy":1,"amount":400},{"posx":1,"posy":1,"amount":450}],"changedObstacles":[{"type":3,"posx":9,"posy":5,"value":-20},{"type":3,"posx":17,"posy":1,"value":-20}]},{"players":[{"playerId":675419,"score":1875,"energy":32,"posx":8,"posy":0,"lastAction":4,"status":0},{"playerId":2611188,"score":1850,"energy":50,"posx":1,"posy":1,"lastAction":4,"status":0},{"playerId":2277,"score":1775,"energy":13,"posx":9,"posy":4,"lastAction":2,"status":0},{"playerId":239305,"score":2100,"energy":28,"posx":16,"posy":1,"lastAction":0,"status":0}],"golds":[{"posx":0,"posy":0,"amount":650},{"posx":8,"posy":0,"amount":250},{"posx":0,"posy":1,"amount":400},{"posx":1,"posy":1,"amount":450}],"changedObstacles":[]},{"players":[{"playerId":675419,"score":1925,"energy":27,"posx":8,"posy":0,"lastAction":5,"status":0},{"playerId":2611188,"score":1900,"energy":45,"posx":1,"posy":1,"lastAction":5,"status":0},{"playerId":2277,"score":1775,"energy":12,"posx":9,"posy":3,"lastAction":2,"status":0},{"playerId":239305,"score":2100,"energy":27,"posx":15,"posy":1,"lastAction":0,"status":0}],"golds":[{"posx":0,"posy":0,"amount":650},{"posx":8,"posy":0,"amount":200},{"posx":0,"posy":1,"amount":400},{"posx":1,"posy":1,"amount":400}],"changedObstacles":[]},{"players":[{"playerId":675419,"score":1975,"energy":22,"posx":8,"posy":0,"lastAction":5,"status":0},{"playerId":2611188,"score":1950,"energy":40,"posx":1,"posy":1,"lastAction":5,"status":0},{"playerId":2277,"score":1775,"energy":11,"posx":8,"posy":3,"lastAction":0,"status":0},{"playerId":239305,"score":2100,"energy":26,"posx":14,"posy":1,"lastAction":0,"status":0}],"golds":[{"posx":0,"posy":0,"amount":650},{"posx":8,"posy":0,"amount":150},{"posx":0,"posy":1,"amount":400},{"posx":1,"posy":1,"amount":350}],"changedObstacles":[]},{"players":[{"playerId":675419,"score":2025,"energy":17,"posx":8,"posy":0,"lastAction":5,"status":0},{"playerId":2611188,"score":2000,"energy":35,"posx":1,"posy":1,"lastAction":5,"status":0},{"playerId":2277,"score":1775,"energy":10,"posx":8,"posy":2,"lastAction":2,"status":0},{"playerId":239305,"score":2100,"energy":25,"posx":14,"posy":0,"lastAction":2,"status":0}],"golds":[{"posx":0,"posy":0,"amount":650},{"posx":8,"posy":0,"amount":100},{"posx":0,"posy":1,"amount":400},{"posx":1,"posy":1,"amount":300}],"changedObstacles":[]},{"players":[{"playerId":675419,"score":2075,"energy":12,"posx":8,"posy":0,"lastAction":5,"status":0},{"playerId":2611188,"score":2050,"energy":30,"posx":1,"posy":1,"lastAction":5,"status":0},{"playerId":2277,"score":1775,"energy":22,"posx":8,"posy":2,"lastAction":4,"status":0},{"playerId":239305,"score":2100,"energy":24,"posx":13,"posy":0,"lastAction":0,"status":0}],"golds":[{"posx":0,"posy":0,"amount":650},{"posx":8,"posy":0,"amount":50},{"posx":0,"posy":1,"amount":400},{"posx":1,"posy":1,"amount":250}],"changedObstacles":[]},{"players":[{"playerId":675419,"score":2125,"energy":7,"posx":8,"posy":0,"lastAction":5,"status":0},{"playerId":2611188,"score":2100,"energy":25,"posx":1,"posy":1,"lastAction":5,"status":0},{"playerId":2277,"score":1775,"energy":38,"posx":8,"posy":2,"lastAction":4,"status":0},{"playerId":239305,"score":2100,"energy":14,"posx":12,"posy":0,"lastAction":0,"status":0}],"golds":[{"posx":0,"posy":0,"amount":650},{"posx":0,"posy":1,"amount":400},{"posx":1,"posy":1,"amount":200}],"changedObstacles":[{"type":0,"posx":12,"posy":0,"value":-1},{"type":0,"posx":8,"posy":0,"value":-1}]},{"players":[{"playerId":675419,"score":2125,"energy":6,"posx":7,"posy":0,"lastAction":0,"status":0},{"playerId":2611188,"score":2150,"energy":20,"posx":1,"posy":1,"lastAction":5,"status":0},{"playerId":2277,"score":1775,"energy":37,"posx":7,"posy":2,"lastAction":0,"status":0},{"playerId":239305,"score":2100,"energy":26,"posx":12,"posy":0,"lastAction":4,"status":0}],"golds":[{"posx":0,"posy":0,"amount":650},{"posx":0,"posy":1,"amount":400},{"posx":1,"posy":1,"amount":150}],"changedObstacles":[]},{"players":[{"playerId":675419,"score":2125,"energy":1,"posx":6,"posy":0,"lastAction":0,"status":0},{"playerId":2611188,"score":2200,"energy":15,"posx":1,"posy":1,"lastAction":5,"status":0},{"playerId":2277,"score":1775,"energy":36,"posx":7,"posy":1,"lastAction":2,"status":0},{"playerId":239305,"score":2100,"energy":42,"posx":12,"posy":0,"lastAction":4,"status":0}],"golds":[{"posx":0,"posy":0,"amount":650},{"posx":0,"posy":1,"amount":400},{"posx":1,"posy":1,"amount":100}],"changedObstacles":[{"type":3,"posx":6,"posy":0,"value":-20}]},{"players":[{"playerId":675419,"score":2125,"energy":13,"posx":6,"posy":0,"lastAction":4,"status":0},{"playerId":2611188,"score":2250,"energy":10,"posx":1,"posy":1,"lastAction":5,"status":0},{"playerId":2277,"score":1775,"energy":26,"posx":6,"posy":1,"lastAction":0,"status":0},{"playerId":239305,"score":2100,"energy":41,"posx":11,"posy":0,"lastAction":0,"status":0}],"golds":[{"posx":0,"posy":0,"amount":650},{"posx":0,"posy":1,"amount":400},{"posx":1,"posy":1,"amount":50}],"changedObstacles":[{"type":0,"posx":6,"posy":1,"value":-1}]},{"players":[{"playerId":675419,"score":2125,"energy":8,"posx":5,"posy":0,"lastAction":0,"status":0},{"playerId":2611188,"score":2300,"energy":5,"posx":1,"posy":1,"lastAction":5,"status":0},{"playerId":2277,"score":1775,"energy":8,"posx":5,"posy":1,"lastAction":0,"status":0},{"playerId":239305,"score":2100,"energy":36,"posx":10,"posy":0,"lastAction":0,"status":0}],"golds":[{"posx":0,"posy":0,"amount":650},{"posx":0,"posy":1,"amount":400}],"changedObstacles":[{"type":3,"posx":10,"posy":0,"value":-20},{"type":3,"posx":5,"posy":0,"value":-20},{"type":0,"posx":1,"posy":1,"value":-1}]},{"players":[{"playerId":675419,"score":2125,"energy":3,"posx":4,"posy":0,"lastAction":0,"status":0},{"playerId":2611188,"score":2300,"energy":4,"posx":1,"posy":0,"lastAction":2,"status":0},{"playerId":2277,"score":1775,"energy":3,"posx":4,"posy":1,"lastAction":0,"status":0},{"playerId":239305,"score":2100,"energy":48,"posx":10,"posy":0,"lastAction":4,"status":0}],"golds":[{"posx":0,"posy":0,"amount":650},{"posx":0,"posy":1,"amount":400}],"changedObstacles":[{"type":3,"posx":4,"posy":1,"value":-20},{"type":3,"posx":4,"posy":0,"value":-20}]},{"players":[{"playerId":675419,"score":2125,"energy":15,"posx":4,"posy":0,"lastAction":4,"status":0},{"playerId":2611188,"score":2300,"energy":16,"posx":1,"posy":0,"lastAction":4,"status":0},{"playerId":2277,"score":1775,"energy":15,"posx":4,"posy":1,"lastAction":4,"status":0},{"playerId":239305,"score":2100,"energy":50,"posx":10,"posy":0,"lastAction":4,"status":0}],"golds":[{"posx":0,"posy":0,"amount":650},{"posx":0,"posy":1,"amount":400}],"changedObstacles":[]},{"players":[{"playerId":675419,"score":2125,"energy":10,"posx":3,"posy":0,"lastAction":0,"status":0},{"playerId":2611188,"score":2300,"energy":32,"posx":1,"posy":0,"lastAction":4,"status":0},{"playerId":2277,"score":1775,"energy":31,"posx":4,"posy":1,"lastAction":4,"status":0},{"playerId":239305,"score":2100,"energy":50,"posx":10,"posy":0,"lastAction":4,"status":0}],"golds":[{"posx":0,"posy":0,"amount":650},{"posx":0,"posy":1,"amount":400}],"changedObstacles":[{"type":3,"posx":3,"posy":0,"value":-20}]},{"players":[{"playerId":675419,"score":2125,"energy":9,"posx":2,"posy":0,"lastAction":0,"status":0},{"playerId":2611188,"score":2300,"energy":50,"posx":1,"posy":0,"lastAction":4,"status":0},{"playerId":2277,"score":1775,"energy":50,"posx":4,"posy":1,"lastAction":4,"status":0},{"playerId":239305,"score":2100,"energy":50,"posx":10,"posy":0,"lastAction":4,"status":0}],"golds":[{"posx":0,"posy":0,"amount":650},{"posx":0,"posy":1,"amount":400}],"changedObstacles":[]},{"players":[{"playerId":675419,"score":2125,"energy":8,"posx":1,"posy":0,"lastAction":0,"status":0},{"playerId":2611188,"score":2300,"energy":46,"posx":0,"posy":0,"lastAction":0,"status":0},{"playerId":2277,"score":1775,"energy":45,"posx":3,"posy":1,"lastAction":0,"status":0},{"playerId":239305,"score":2100,"energy":50,"posx":10,"posy":0,"lastAction":4,"status":0}],"golds":[{"posx":0,"posy":0,"amount":650},{"posx":0,"posy":1,"amount":400}],"changedObstacles":[{"type":3,"posx":3,"posy":1,"value":-20}]},{"players":[{"playerId":675419,"score":2125,"energy":4,"posx":0,"posy":0,"lastAction":0,"status":0},{"playerId":2611188,"score":2350,"energy":41,"posx":0,"posy":0,"lastAction":5,"status":0},{"playerId":2277,"score":1775,"energy":35,"posx":2,"posy":1,"lastAction":0,"status":0},{"playerId":239305,"score":2100,"energy":50,"posx":10,"posy":0,"lastAction":4,"status":0}],"golds":[{"posx":0,"posy":0,"amount":600},{"posx":0,"posy":1,"amount":400}],"changedObstacles":[{"type":0,"posx":2,"posy":1,"value":-1}]},{"players":[{"playerId":675419,"score":2125,"energy":16,"posx":0,"posy":0,"lastAction":4,"status":0},{"playerId":2611188,"score":2400,"energy":36,"posx":0,"posy":0,"lastAction":5,"status":0},{"playerId":2277,"score":1775,"energy":34,"posx":1,"posy":1,"lastAction":0,"status":0},{"playerId":239305,"score":2100,"energy":50,"posx":10,"posy":0,"lastAction":4,"status":0}],"golds":[{"posx":0,"posy":0,"amount":550},{"posx":0,"posy":1,"amount":400}],"changedObstacles":[]},{"players":[{"playerId":675419,"score":2125,"energy":32,"posx":0,"posy":0,"lastAction":4,"status":0},{"playerId":2611188,"score":2450,"energy":31,"posx":0,"posy":0,"lastAction":5,"status":0},{"playerId":2277,"score":1775,"energy":30,"posx":0,"posy":1,"lastAction":0,"status":0},{"playerId":239305,"score":2100,"energy":50,"posx":10,"posy":0,"lastAction":4,"status":0}],"golds":[{"posx":0,"posy":0,"amount":500},{"posx":0,"posy":1,"amount":400}],"changedObstacles":[]},{"players":[{"playerId":675419,"score":2175,"energy":27,"posx":0,"posy":0,"lastAction":5,"status":0},{"playerId":2611188,"score":2500,"energy":26,"posx":0,"posy":0,"lastAction":5,"status":0},{"playerId":2277,"score":1825,"energy":25,"posx":0,"posy":1,"lastAction":5,"status":0},{"playerId":239305,"score":2100,"energy":50,"posx":10,"posy":0,"lastAction":4,"status":0}],"golds":[{"posx":0,"posy":0,"amount":400},{"posx":0,"posy":1,"amount":350}],"changedObstacles":[]},{"players":[{"playerId":675419,"score":2225,"energy":22,"posx":0,"posy":0,"lastAction":5,"status":0},{"playerId":2611188,"score":2550,"energy":21,"posx":0,"posy":0,"lastAction":5,"status":0},{"playerId":2277,"score":1875,"energy":20,"posx":0,"posy":1,"lastAction":5,"status":0},{"playerId":239305,"score":2100,"energy":50,"posx":10,"posy":0,"lastAction":4,"status":0}],"golds":[{"posx":0,"posy":0,"amount":300},{"posx":0,"posy":1,"amount":300}],"changedObstacles":[]},{"players":[{"playerId":675419,"score":2275,"energy":17,"posx":0,"posy":0,"lastAction":5,"status":0},{"playerId":2611188,"score":2600,"energy":16,"posx":0,"posy":0,"lastAction":5,"status":0},{"playerId":2277,"score":1925,"energy":15,"posx":0,"posy":1,"lastAction":5,"status":0},{"playerId":239305,"score":2100,"energy":50,"posx":10,"posy":0,"lastAction":4,"status":0}],"golds":[{"posx":0,"posy":0,"amount":200},{"posx":0,"posy":1,"amount":250}],"changedObstacles":[]},{"players":[{"playerId":675419,"score":2325,"energy":12,"posx":0,"posy":0,"lastAction":5,"status":0},{"playerId":2611188,"score":2650,"energy":11,"posx":0,"posy":0,"lastAction":5,"status":0},{"playerId":2277,"score":1975,"energy":10,"posx":0,"posy":1,"lastAction":5,"status":0},{"playerId":239305,"score":2100,"energy":50,"posx":10,"posy":0,"lastAction":4,"status":0}],"golds":[{"posx":0,"posy":0,"amount":100},{"posx":0,"posy":1,"amount":200}],"changedObstacles":[]},{"players":[{"playerId":675419,"score":2375,"energy":7,"posx":0,"posy":0,"lastAction":5,"status":0},{"playerId":2611188,"score":2700,"energy":6,"posx":0,"posy":0,"lastAction":5,"status":0},{"playerId":2277,"score":2025,"energy":5,"posx":0,"posy":1,"lastAction":5,"status":0},{"playerId":239305,"score":2100,"energy":50,"posx":10,"posy":0,"lastAction":4,"status":0}],"golds":[{"posx":0,"posy":1,"amount":150}],"changedObstacles":[{"type":0,"posx":0,"posy":0,"value":-1}]}]