[{"players":[{"playerId":1027,"score":0,"energy":46,"posx":14,"posy":1,"lastAction":0,"status":0},{"playerId":1879247,"score":0,"energy":46,"posx":16,"posy":1,"lastAction":1,"status":0},{"playerId":2451990,"score":0,"energy":46,"posx":16,"posy":1,"lastAction":1,"status":0},{"playerId":2231262,"score":0,"energy":46,"posx":16,"posy":1,"lastAction":1,"status":0}],"golds":[{"posx":6,"posy":6,"amount":100},{"posx":13,"posy":2,"amount":150},{"posx":16,"posy":4,"amount":700},{"posx":8,"posy":0,"amount":550},{"posx":19,"posy":6,"amount":650},{"posx":7,"posy":1,"amount":550},{"posx":16,"posy":1,"amount":450},{"posx":9,"posy":3,"amount":400},{"posx":11,"posy":3,"amount":700},{"posx":9,"posy":7,"amount":300},{"posx":14,"posy":1,"amount":100},{"posx":7,"posy":4,"amount":600},{"posx":0,"posy":1,"amount":400},{"posx":13,"posy":3,"amount":550},{"posx":1,"posy":1,"amount":700},{"posx":15,"posy":6,"amount":700},{"posx":6,"posy":3,"amount":750},{"posx":0,"posy":0,"amount":650},{"posx":6,"posy":5,"amount":100},{"posx":18,"posy":2,"amount":250}],"changedObstacles":[]},{"players":[{"playerId":1027,"score":50,"energy":41,"posx":14,"posy":1,"lastAction":5,"status":0},{"playerId":1879247,"score":50,"energy":41,"posx":16,"posy":1,"lastAction":5,"status":0},{"playerId":2451990,"score":50,"energy":41,"posx":16,"posy":1,"lastAction":5,"status":0},{"playerId":2231262,"score":50,"energy":41,"posx":16,"posy":1,"lastAction":5,"status":0}],"golds":[{"posx":0,"posy":0,"amount":650},{"posx":8,"posy":0,"amount":550},{"posx":0,"posy":1,"amount":400},{"posx":1,"posy":1,"amount":700},{"posx":7,"posy":1,"amount":550},{"posx":14,"posy":1,"amount":50},{"posx":16,"posy":1,"amount":300},{"posx":13,"posy":2,"amount":150},{"posx":18,"posy":2,"amount":250},{"posx":6,"posy":3,"amount":750},{"posx":9,"posy":3,"amount":400},{"posx":11,"posy":3,"amount":700},{"posx":13,"posy":3,"amount":550},{"posx":7,"posy":4,"amount":600},{"posx":16,"posy":4,"amount":700},{"posx":6,"posy":5,"amount":100},{"posx":6,"posy":6,"amount":100},{"posx":15,"posy":6,"amount":700},{"posx":19,"posy":6,"amount":650},{"posx":9,"posy":7,"amount":300}],"changedObstacles":[]},{"players":[{"playerId":1027,"score":100,"energy":36,"posx":14,"posy":1,"lastAction":5,"status":0},{"playerId":1879247,"score":100,"energy":36,"posx":16,"posy":1,"lastAction":5,"status":0},{"playerId":2451990,"score":100,"energy":36,"posx":16,"posy":1,"lastAction":5,"status":0},{"playerId":2231262,"score":100,"energy":36,"posx":16,"posy":1,"lastAction":5,"status":0}],"golds":[{"posx":0,"posy":0,"amount":650},{"posx":8,"posy":0,"amount":550},{"posx":0,"posy":1,"amount":400},{"posx":1,"posy":1,"amount":700},{"posx":7,"posy":1,"amount":550},{"posx":16,"posy":1,"amount":150},{"posx":13,"posy":2,"amount":150},{"posx":18,"posy":2,"amount":250},{"posx":6,"posy":3,"amount":750},{"posx":9,"posy":3,"amount":400},{"posx":11,"posy":3,"amount":700},{"posx":13,"posy":3,"amount":550},{"posx":7,"posy":4,"amount":600},{"posx":16,"posy":4,"amount":700},{"posx":6,"posy":5,"amount":100},{"posx":6,"posy":6,"amount":100},{"posx":15,"posy":6,"amount":700},{"posx":19,"posy":6,"amount":650},{"posx":9,"posy":7,"amount":300}],"changedObstacles":[{"type":0,"posx":14,"posy":1,"value":-1}]},{"players":[{"playerId":1027,"score":100,"energy":35,"posx":14,"posy":2,"lastAction":3,"status":0},{"playerId":1879247,"score":150,"energy":31,"posx":16,"posy":1,"lastAction":5,"status":0},{"playerId":2451990,"score":100,"energy":35,"posx":15,"posy":1,"lastAction":0,"status":0},{"playerId":2231262,"score":150,"energy":31,"posx":16,"posy":1,"lastAction":5,"status":0}],"golds":[{"posx":0,"posy":0,"amount":650},{"posx":8,"posy":0,"amount":550},{"posx":0,"posy":1,"amount":400},{"posx":1,"posy":1,"amount":700},{"posx":7,"posy":1,"amount":550},{"posx":16,"posy":1,"amount":50},{"posx":13,"posy":2,"amount":150},{"posx":18,"posy":2,"amount":250},{"posx":6,"posy":3,"amount":750},{"posx":9,"posy":3,"amount":400},{"posx":11,"posy":3,"amount":700},{"posx":13,"posy":3,"amount":550},{"posx":7,"posy":4,"amount":600},{"posx":16,"posy":4,"amount":700},{"posx":6,"posy":5,"amount":100},{"posx":6,"posy":6,"amount":100},{"posx":15,"posy":6,"amount":700},{"posx":19,"posy":6,"amount":650},{"posx":9,"posy":7,"amount":300}],"changedObstacles":[]},{"players":[{"playerId":1027,"score":100,"energy":31,"posx":13,"posy":2,"lastAction":0,"status":0},{"playerId":1879247,"score":175,"energy":26,"posx":16,"posy":1,"lastAction":5,"status":0},{"playerId":2451990,"score":100,"energy":34,"posx":14,"posy":1,"lastAction":0,"status":0},{"playerId":2231262,"score":175,"energy":26,"posx":16,"posy":1,"lastAction":5,"status":0}],"golds":[{"posx":0,"posy":0,"amount":650},{"posx":8,"posy":0,"amount":550},{"posx":0,"posy":1,"amount":400},{"posx":1,"posy":1,"amount":700},{"posx":7,"posy":1,"amount":550},{"posx":13,"posy":2,"amount":150},{"posx":18,"posy":2,"amount":250},{"posx":6,"posy":3,"amount":750},{"posx":9,"posy":3,"amount":400},{"posx":11,"posy":3,"amount":700},{"posx":13,"posy":3,"amount":550},{"posx":7,"posy":4,"amount":600},{"posx":16,"posy":4,"amount":700},{"posx":6,"posy":5,"amount":100},{"posx":6,"posy":6,"amount":100},{"posx":15,"posy":6,"amount":700},{"posx":19,"posy":6,"amount":650},{"posx":9,"posy":7,"amount":300}],"changedObstacles":[{"type":0,"posx":16,"posy":1,"value":-1}]},{"players":[{"playerId":1027,"score":150,"energy":26,"posx":13,"posy":2,"lastAction":5,"status":0},{"playerId":1879247,"score":175,"energy":21,"posx":17,"posy":1,"lastAction":1,"status":0},{"playerId":2451990,"score":100,"energy":33,"posx":14,"posy":2,"lastAction":3,"status":0},{"playerId":2231262,"score":175,"energy":25,"posx":15,"posy":1,"lastAction":0,"status":0}],"golds":[{"posx":0,"posy":0,"amount":650},{"posx":8,"posy":0,"amount":550},{"posx":0,"posy":1,"amount":400},{"posx":1,"posy":1,"amount":700},{"posx":7,"posy":1,"amount":550},{"posx":13,"posy":2,"amount":100},{"posx":18,"posy":2,"amount":250},{"posx":6,"posy":3,"amount":750},{"posx":9,"posy":3,"amount":400},{"posx":11,"posy":3,"amount":700},{"posx":13,"posy":3,"amount":550},{"posx":7,"posy":4,"amount":600},{"posx":16,"posy":4,"amount":700},{"posx":6,"posy":5,"amount":100},{"posx":6,"posy":6,"amount":100},{"posx":15,"posy":6,"amount":700},{"posx":19,"posy":6,"amount":650},{"posx":9,"posy":7,"amount":300}],"changedObstacles":[{"type":3,"posx":17,"posy":1,"value":-20}]},{"players":[{"playerId":1027,"score":200,"energy":21,"posx":13,"posy":2,"lastAction":5,"status":0},{"playerId":1879247,"score":175,"energy":20,"posx":18,"posy":1,"lastAction":1,"status":0},{"playerId":2451990,"score":100,"energy":32,"posx":14,"posy":3,"lastAction":3,"status":0},{"playerId":2231262,"score":175,"energy":24,"posx":14,"posy":1,"lastAction":0,"status":0}],"golds":[{"posx":0,"posy":0,"amount":650},{"posx":8,"posy":0,"amount":550},{"posx":0,"posy":1,"amount":400},{"posx":1,"posy":1,"amount":700},{"posx":7,"posy":1,"amount":550},{"posx":13,"posy":2,"amount":50},{"posx":18,"posy":2,"amount":250},{"posx":6,"posy":3,"amount":750},{"posx":9,"posy":3,"amount":400},{"posx":11,"posy":3,"amount":700},{"posx":13,"posy":3,"amount":550},{"posx":7,"posy":4,"amount":600},{"posx":16,"posy":4,"amount":700},{"posx":6,"posy":5,"amount":100},{"posx":6,"posy":6,"amount":100},{"posx":15,"posy":6,"amount":700},{"posx":19,"posy":6,"amount":650},{"posx":9,"posy":7,"amount":300}],"changedObstacles":[]},{"players":[{"playerId":1027,"score":250,"energy":16,"posx":13,"posy":2,"lastAction":5,"status":0},{"playerId":1879247,"score":175,"energy":16,"posx":18,"posy":2,"lastAction":3,"status":0},{"playerId":2451990,"score":100,"energy":28,"posx":13,"posy":3,"lastAction":0,"status":0},{"playerId":2231262,"score":175,"energy":16,"posx":13,"posy":1,"lastAction":0,"status":0}],"golds":[{"posx":0,"posy":0,"amount":650},{"posx":8,"posy":0,"amount":550},{"posx":0,"posy":1,"amount":400},{"posx":1,"posy":1,"amount":700},{"posx":7,"posy":1,"amount":550},{"posx":18,"posy":2,"amount":250},{"posx":6,"posy":3,"amount":750},{"posx":9,"posy":3,"amount":400},{"posx":11,"posy":3,"amount":700},{"posx":13,"posy":3,"amount":550},{"posx":7,"posy":4,"amount":600},{"posx":16,"posy":4,"amount":700},{"posx":6,"posy":5,"amount":100},{"posx":6,"posy":6,"amount":100},{"posx":15,"posy":6,"amount":700},{"posx":19,"posy":6,"amount":650},{"posx":9,"posy":7,"amount":300}],"changedObstacles":[{"type":0,"posx":13,"posy":2,"value":-1}]},{"players":[{"playerId":1027,"score":250,"energy":15,"posx":12,"posy":2,"lastAction":0,"status":0},{"playerId":1879247,"score":225,"energy":11,"posx":18,"posy":2,"lastAction":5,"status":0},{"playerId":2451990,"score":150,"energy":23,"posx":13,"posy":3,"lastAction":5,"status":0},{"playerId":2231262,"score":175,"energy":28,"posx":13,"posy":1,"lastAction":4,"status":0}],"golds":[{"posx":0,"posy":0,"amount":650},{"posx":8,"posy":0,"amount":550},{"posx":0,"posy":1,"amount":400},{"posx":1,"posy":1,"amount":700},{"posx":7,"posy":1,"amount":550},{"posx":18,"posy":2,"amount":200},{"posx":6,"posy":3,"amount":750},{"posx":9,"posy":3,"amount":400},{"posx":11,"posy":3,"amount":700},{"posx":13,"posy":3,"amount":500},{"posx":7,"posy":4,"amount":600},{"posx":16,"posy":4,"amount":700},{"posx":6,"posy":5,"amount":100},{"posx":6,"posy":6,"amount":100},{"posx":15,"posy":6,"amount":700},{"posx":19,"posy":6,"amount":650},{"posx":9,"posy":7,"amount":300}],"changedObstacles":[]},{"players":[{"playerId":1027,"score":250,"energy":14,"posx":11,"posy":2,"lastAction":0,"status":0},{"playerId":1879247,"score":275,"energy":6,"posx":18,"posy":2,"lastAction":5,"status":0},{"playerId":2451990,"score":200,"energy":18,"posx":13,"posy":3,"lastAction":5,"status":0},{"playerId":2231262,"score":175,"energy":18,"posx":12,"posy":1,"lastAction":0,"status":0}],"golds":[{"posx":0,"posy":0,"amount":650},{"posx":8,"posy":0,"amount":550},{"posx":0,"posy":1,"amount":400},{"posx":1,"posy":1,"amount":700},{"posx":7,"posy":1,"amount":550},{"posx":18,"posy":2,"amount":150},{"posx":6,"posy":3,"amount":750},{"posx":9,"posy":3,"amount":400},{"posx":11,"posy":3,"amount":700},{"posx":13,"posy":3,"amount":450},{"posx":7,"posy":4,"amount":600},{"posx":16,"posy":4,"amount":700},{"posx":6,"posy":5,"amount":100},{"posx":6,"posy":6,"amount":100},{"posx":15,"posy":6,"amount":700},{"posx":19,"posy":6,"amount":650},{"posx":9,"posy":7,"amount":300}],"changedObstacles":[{"type":0,"posx":12,"posy":1,"value":-1}]},{"players":[{"playerId":1027,"score":250,"energy":10,"posx":11,"posy":3,"lastAction":3,"status":0},{"playerId":1879247,"score":325,"energy":1,"posx":18,"posy":2,"lastAction":5,"status":0},{"playerId":2451990,"score":250,"energy":13,"posx":13,"posy":3,"lastAction":5,"status":0},{"playerId":2231262,"score":175,"energy":30,"posx":12,"posy":1,"lastAction":4,"status":0}],"golds":[{"posx":0,"posy":0,"amount":650},{"posx":8,"posy":0,"amount":550},{"posx":0,"posy":1,"amount":400},{"posx":1,"posy":1,"amount":700},{"posx":7,"posy":1,"amount":550},{"posx":18,"posy":2,"amount":100},{"posx":6,"posy":3,"amount":750},{"posx":9,"posy":3,"amount":400},{"posx":11,"posy":3,"amount":700},{"posx":13,"posy":3,"amount":400},{"posx":7,"posy":4,"amount":600},{"posx":16,"posy":4,"amount":700},{"posx":6,"posy":5,"amount":100},{"posx":6,"posy":6,"amount":100},{"posx":15,"posy":6,"amount":700},{"posx":19,"posy":6,"amount":650},{"posx":9,"posy":7,"amount":300}],"changedObstacles":[]},{"players":[{"playerId":1027,"score":300,"energy":5,"posx":11,"posy":3,"lastAction":5,"status":0},{"playerId":1879247,"score":325,"energy":13,"posx":18,"posy":2,"lastAction":4,"status":0},{"playerId":2451990,"score":300,"energy":8,"posx":13,"posy":3,"lastAction":5,"status":0},{"playerId":2231262,"score":175,"energy":29,"posx":12,"posy":2,"lastAction":3,"status":0}],"golds":[{"posx":0,"posy":0,"amount":650},{"posx":8,"posy":0,"amount":550},{"posx":0,"posy":1,"amount":400},{"posx":1,"posy":1,"amount":700},{"posx":7,"posy":1,"amount":550},{"posx":18,"posy":2,"amount":100},{"posx":6,"posy":3,"amount":750},{"posx":9,"posy":3,"amount":400},{"posx":11,"posy":3,"amount":650},{"posx":13,"posy":3,"amount":350},{"posx":7,"posy":4,"amount":600},{"posx":16,"posy":4,"amount":700},{"posx":6,"posy":5,"amount":100},{"posx":6,"posy":6,"amount":100},{"posx":15,"posy":6,"amount":700},{"posx":19,"posy":6,"amount":650},{"posx":9,"posy":7,"amount":300}],"changedObstacles":[]},{"players":[{"playerId":1027,"score":300,"energy":17,"posx":11,"posy":3,"lastAction":4,"status":0},{"playerId":1879247,"score":375,"energy":8,"posx":18,"posy":2,"lastAction":5,"status":0},{"playerId":2451990,"score":350,"energy":3,"posx":13,"posy":3,"lastAction":5,"status":0},{"playerId":2231262,"score":175,"energy":28,"posx":12,"posy":3,"lastAction":3,"status":0}],"golds":[{"posx":0,"posy":0,"amount":650},{"posx":8,"posy":0,"amount":550},{"posx":0,"posy":1,"amount":400},{"posx":1,"posy":1,"amount":700},{"posx":7,"posy":1,"amount":550},{"posx":18,"posy":2,"amount":50},{"posx":6,"posy":3,"amount":750},{"posx":9,"posy":3,"amount":400},{"posx":11,"posy":3,"amount":650},{"posx":13,"posy":3,"amount":300},{"posx":7,"posy":4,"amount":600},{"posx":16,"posy":4,"amount":700},{"posx":6,"posy":5,"amount":100},{"posx":6,"posy":6,"amount":100},{"posx":15,"posy":6,"amount":700},{"posx":19,"posy":6,"amount":650},{"posx":9,"posy":7,"amount":300}],"changedObstacles":[]},{"players":[{"playerId":1027,"score":300,"energy":33,"posx":11,"posy":3,"lastAction":4,"status":0},{"playerId":1879247,"score":425,"energy":3,"posx":18,"posy":2,"lastAction":5,"status":0},{"playerId":2451990,"score":350,"energy":15,"posx":13,"posy":3,"lastAction":4,"status":0},{"playerId":2231262,"score":175,"energy":24,"posx":11,"posy":3,"lastAction":0,"status":0}],"golds":[{"posx":0,"posy":0,"amount":650},{"posx":8,"posy":0,"amount":550},{"posx":0,"posy":1,"amount":400},{"posx":1,"posy":1,"amount":700},{"posx":7,"posy":1,"amount":550},{"posx":6,"posy":3,"amount":750},{"posx":9,"posy":3,"amount":400},{"posx":11,"posy":3,"amount":650},{"posx":13,"posy":3,"amount":300},{"posx":7,"posy":4,"amount":600},{"posx":16,"posy":4,"amount":700},{"posx":6,"posy":5,"amount":100},{"posx":6,"posy":6,"amount":100},{"posx":15,"posy":6,"amount":700},{"posx":19,"posy":6,"amount":650},{"posx":9,"posy":7,"amount":300}],"changedObstacles":[{"type":0,"posx":18,"posy":2,"value":-1}]},{"players":[{"playerId":1027,"score":300,"energy":50,"posx":11,"posy":3,"lastAction":4,"status":0},{"playerId":1879247,"score":425,"energy":2,"posx":17,"posy":2,"lastAction":0,"status":0},{"playerId":2451990,"score":350,"energy":31,"posx":13,"posy":3,"lastAction":4,"status":0},{"playerId":2231262,"score":225,"energy":19,"posx":11,"posy":3,"lastAction":5,"status":0}],"golds":[{"posx":0,"posy":0,"amount":650},{"posx":8,"posy":0,"amount":550},{"posx":0,"posy":1,"amount":400},{"posx":1,"posy":1,"amount":700},{"posx":7,"posy":1,"amount":550},{"posx":6,"posy":3,"amount":750},{"posx":9,"posy":3,"amount":400},{"posx":11,"posy":3,"amount":600},{"posx":13,"posy":3,"amount":300},{"posx":7,"posy":4,"amount":600},{"posx":16,"posy":4,"amount":700},{"posx":6,"posy":5,"amount":100},{"posx":6,"posy":6,"amount":100},{"posx":15,"posy":6,"amount":700},{"posx":19,"posy":6,"amount":650},{"posx":9,"posy":7,"amount":300}],"changedObstacles":[]},{"players":[{"playerId":1027,"score":350,"energy":45,"posx":11,"posy":3,"lastAction":5,"status":0},{"playerId":1879247,"score":425,"energy":14,"posx":17,"posy":2,"lastAction":4,"status":0},{"playerId":2451990,"score":400,"energy":26,"posx":13,"posy":3,"lastAction":5,"status":0},{"playerId":2231262,"score":275,"energy":14,"posx":11,"posy":3,"lastAction":5,"status":0}],"golds":[{"posx":0,"posy":0,"amount":650},{"posx":8,"posy":0,"amount":550},{"posx":0,"posy":1,"amount":400},{"posx":1,"posy":1,"amount":700},{"posx":7,"posy":1,"amount":550},{"posx":6,"posy":3,"amount":750},{"posx":9,"posy":3,"amount":400},{"posx":11,"posy":3,"amount":500},{"posx":13,"posy":3,"amount":250},{"posx":7,"posy":4,"amount":600},{"posx":16,"posy":4,"amount":700},{"posx":6,"posy":5,"amount":100},{"posx":6,"posy":6,"amount":100},{"posx":15,"posy":6,"amount":700},{"posx":19,"posy":6,"amount":650},{"posx":9,"posy":7,"amount":300}],"changedObstacles":[]},{"players":[{"playerId":1027,"score":400,"energy":40,"posx":11,"posy":3,"lastAction":5,"status":0},{"playerId":1879247,"score":425,"energy":9,"posx":16,"posy":2,"lastAction":0,"status":0},{"playerId":2451990,"score":450,"energy":21,"posx":13,"posy":3,"lastAction":5,"status":0},{"playerId":2231262,"score":275,"energy":26,"posx":11,"posy":3,"lastAction":4,"status":0}],"golds":[{"posx":0,"posy":0,"amount":650},{"posx":8,"posy":0,"amount":550},{"posx":0,"posy":1,"amount":400},{"posx":1,"posy":1,"amount":700},{"posx":7,"posy":1,"amount":550},{"posx":6,"posy":3,"amount":750},{"posx":9,"posy":3,"amount":400},{"posx":11,"posy":3,"amount":450},{"posx":13,"posy":3,"amount":200},{"posx":7,"posy":4,"amount":600},{"posx":16,"posy":4,"amount":700},{"posx":6,"posy":5,"amount":100},{"posx":6,"posy":6,"amount":100},{"posx":15,"posy":6,"amount":700},{"posx":19,"posy":6,"amount":650},{"posx":9,"posy":7,"amount":300}],"changedObstacles":[{"type":3,"posx":16,"posy":2,"value":-20}]},{"players":[{"playerId":1027,"score":450,"energy":35,"posx":11,"posy":3,"lastAction":5,"status":0},{"playerId":1879247,"score":425,"energy":4,"posx":16,"posy":3,"lastAction":3,"status":0},{"playerId":2451990,"score":500,"energy":16,"posx":13,"posy":3,"lastAction":5,"status":0},{"playerId":2231262,"score":325,"energy":21,"posx":11,"posy":3,"lastAction":5,"status":0}],"golds":[{"posx":0,"posy":0,"amount":650},{"posx":8,"posy":0,"amount":550},{"posx":0,"posy":1,"amount":400},{"posx":1,"posy":1,"amount":700},{"posx":7,"posy":1,"amount":550},{"posx":6,"posy":3,"amount":750},{"posx":9,"posy":3,"amount":400},{"posx":11,"posy":3,"amount":350},{"posx":13,"posy":3,"amount":150},{"posx":7,"posy":4,"amount":600},{"posx":16,"posy":4,"amount":700},{"posx":6,"posy":5,"amount":100},{"posx":6,"posy":6,"amount":100},{"posx":15,"posy":6,"amount":700},{"posx":19,"posy":6,"amount":650},{"posx":9,"posy":7,"amount":300}],"changedObstacles":[{"type":3,"posx":16,"posy":3,"value":-20}]},{"players":[{"playerId":1027,"score":500,"energy":30,"posx":11,"posy":3,"lastAction":5,"status":0},{"playerId":1879247,"score":425,"energy":16,"posx":16,"posy":3,"lastAction":4,"status":0},{"playerId":2451990,"score":550,"energy":11,"posx":13,"posy":3,"lastAction":5,"status":0},{"playerId":2231262,"score":375,"energy":16,"posx":11,"posy":3,"lastAction":5,"status":0}],"golds":[{"posx":0,"posy":0,"amount":650},{"posx":8,"posy":0,"amount":550},{"posx":0,"posy":1,"amount":400},{"posx":1,"posy":1,"amount":700},{"posx":7,"posy":1,"amount":550},{"posx":6,"posy":3,"amount":750},{"posx":9,"posy":3,"amount":400},{"posx":11,"posy":3,"amount":250},{"posx":13,"posy":3,"amount":100},{"posx":7,"posy":4,"amount":600},{"posx":16,"posy":4,"amount":700},{"posx":6,"posy":5,"amount":100},{"posx":6,"posy":6,"amount":100},{"posx":15,"posy":6,"amount":700},{"posx":19,"posy":6,"amount":650},{"posx":9,"posy":7,"amount":300}],"changedObstacles":[]},{"players":[{"playerId":1027,"score":550,"energy":25,"posx":11,"posy":3,"lastAction":5,"status":0},{"playerId":1879247,"score":425,"energy":12,"posx":16,"posy":4,"lastAction":3,"status":0},{"playerId":2451990,"score":600,"energy":6,"posx":13,"posy":3,"lastAction":5,"status":0},{"playerId":2231262,"score":375,"energy":28,"posx":11,"posy":3,"lastAction":4,"status":0}],"golds":[{"posx":0,"posy":0,"amount":650},{"posx":8,"posy":0,"amount":550},{"posx":0,"posy":1,"amount":400},{"posx":1,"posy":1,"amount":700},{"posx":7,"posy":1,"amount":550},{"posx":6,"posy":3,"amount":750},{"posx":9,"posy":3,"amount":400},{"posx":11,"posy":3,"amount":200},{"posx":13,"posy":3,"amount":50},{"posx":7,"posy":4,"amount":600},{"posx":16,"posy":4,"amount":700},{"posx":6,"posy":5,"amount":100},{"posx":6,"posy":6,"amount":100},{"posx":15,"posy":6,"amount":700},{"posx":19,"posy":6,"amount":650},{"posx":9,"posy":7,"amount":300}],"changedObstacles":[]},{"players":[{"playerId":1027,"score":600,"energy":20,"posx":11,"posy":3,"lastAction":5,"status":0},{"playerId":1879247,"score":475,"energy":7,"posx":16,"posy":4,"lastAction":5,"status":0},{"playerId":2451990,"score":650,"energy":1,"posx":13,"posy":3,"lastAction":5,"status":0},{"playerId":2231262,"score":425,"energy":23,"posx":11,"posy":3,"lastAction":5,"status":0}],"golds":[{"posx":0,"posy":0,"amount":650},{"posx":8,"posy":0,"amount":550},{"posx":0,"posy":1,"amount":400},{"posx":1,"posy":1,"amount":700},{"posx":7,"posy":1,"amount":550},{"posx":6,"posy":3,"amount":750},{"posx":9,"posy":3,"amount":400},{"posx":11,"posy":3,"amount":100},{"posx":7,"posy":4,"amount":600},{"posx":16,"posy":4,"amount":650},{"posx":6,"posy":5,"amount":100},{"posx":6,"posy":6,"amount":100},{"posx":15,"posy":6,"amount":700},{"posx":19,"posy":6,"amount":650},{"posx":9,"posy":7,"amount":300}],"changedObstacles":[{"type":0,"posx":13,"posy":3,"value":-1}]},{"players":[{"playerId":1027,"score":650,"energy":15,"posx":11,"posy":3,"lastAction":5,"status":0},{"playerId":1879247,"score":525,"energy":2,"posx":16,"posy":4,"lastAction":5,"status":0},{"playerId":2451990,"score":650,"energy":13,"posx":13,"posy":3,"lastAction":4,"status":0},{"playerId":2231262,"score":475,"energy":18,"posx":11,"posy":3,"lastAction":5,"status":0}],"golds":[{"posx":0,"posy":0,"amount":650},{"posx":8,"posy":0,"amount":550},{"posx":0,"posy":1,"amount":400},{"posx":1,"posy":1,"amount":700},{"posx":7,"posy":1,"amount":550},{"posx":6,"posy":3,"amount":750},{"posx":9,"posy":3,"amount":400},{"posx":7,"posy":4,"amount":600},{"posx":16,"posy":4,"amount":600},{"posx":6,"posy":5,"amount":100},{"posx":6,"posy":6,"amount":100},{"posx":15,"posy":6,"amount":700},{"posx":19,"posy":6,"amount":650},{"posx":9,"posy":7,"amount":300}],"changedObstacles":[{"type":0,"posx":11,"posy":3,"value":-1}]},{"players":[{"playerId":1027,"score":650,"energy":5,"posx":10,"posy":3,"lastAction":0,"status":0},{"playerId":1879247,"score":525,"energy":14,"posx":16,"posy":4,"lastAction":4,"status":0},{"playerId":2451990,"score":650,"energy":29,"posx":13,"posy":3,"lastAction":4,"status":0},{"playerId":2231262,"score":475,"energy":8,"posx":10,"posy":3,"lastAction":0,"status":0}],"golds":[{"posx":0,"posy":0,"amount":650},{"posx":8,"posy":0,"amount":550},{"posx":0,"posy":1,"amount":400},{"posx":1,"posy":1,"amount":700},{"posx":7,"posy":1,"amount":550},{"posx":6,"posy":3,"amount":750},{"posx":9,"posy":3,"amount":400},{"posx":7,"posy":4,"amount":600},{"posx":16,"posy":4,"amount":600},{"posx":6,"posy":5,"amount":100},{"posx":6,"posy":6,"amount":100},{"posx":15,"posy":6,"amount":700},{"posx":19,"posy":6,"amount":650},{"posx":9,"posy":7,"amount":300}],"changedObstacles":[{"type":0,"posx":10,"posy":3,"value":-1}]},{"players":[{"playerId":1027,"score":650,"energy":17,"posx":10,"posy":3,"lastAction":4,"status":0},{"playerId":1879247,"score":575,"energy":9,"posx":16,"posy":4,"lastAction":5,"status":0},{"playerId":2451990,"score":650,"energy":50,"posx":13,"posy":3,"lastAction":4,"status":0},{"playerId":2231262,"score":475,"energy":20,"posx":10,"posy":3,"lastAction":4,"status":0}],"golds":[{"posx":0,"posy":0,"amount":650},{"posx":8,"posy":0,"amount":550},{"posx":0,"posy":1,"amount":400},{"posx":1,"posy":1,"amount":700},{"posx":7,"posy":1,"amount":550},{"posx":6,"posy":3,"amount":750},{"posx":9,"posy":3,"amount":400},{"posx":7,"posy":4,"amount":600},{"posx":16,"posy":4,"amount":550},{"posx":6,"posy":5,"amount":100},{"posx":6,"posy":6,"amount":100},{"posx":15,"posy":6,"amount":700},{"posx":19,"posy":6,"amount":650},{"posx":9,"posy":7,"amount":300}],"changedObstacles":[]},{"players":[{"playerId":1027,"score":650,"energy":33,"posx":10,"posy":3,"lastAction":4,"status":0},{"playerId":1879247,"score":625,"energy":4,"posx":16,"posy":4,"lastAction":5,"status":0},{"playerId":2451990,"score":650,"energy":36,"posx":13,"posy":4,"lastAction":3,"status":0},{"playerId":2231262,"score":475,"energy":16,"posx":9,"posy":3,"lastAction":0,"status":0}],"golds":[{"posx":0,"posy":0,"amount":650},{"posx":8,"posy":0,"amount":550},{"posx":0,"posy":1,"amount":400},{"posx":1,"posy":1,"amount":700},{"posx":7,"posy":1,"amount":550},{"posx":6,"posy":3,"amount":750},{"posx":9,"posy":3,"amount":400},{"posx":7,"posy":4,"amount":600},{"posx":16,"posy":4,"amount":500},{"posx":6,"posy":5,"amount":100},{"posx":6,"posy":6,"amount":100},{"posx":15,"posy":6,"amount":700},{"posx":19,"posy":6,"amount":650},{"posx":9,"posy":7,"amount":300}],"changedObstacles":[]},{"players":[{"playerId":1027,"score":650,"energy":50,"posx":10,"posy":3,"lastAction":4,"status":0},{"playerId":1879247,"score":625,"energy":16,"posx":16,"posy":4,"lastAction":4,"status":0},{"playerId":2451990,"score":650,"energy":31,"posx":12,"posy":4,"lastAction":0,"status":0},{"playerId":2231262,"score":475,"energy":28,"posx":9,"posy":3,"lastAction":4,"status":0}],"golds":[{"posx":0,"posy":0,"amount":650},{"posx":8,"posy":0,"amount":550},{"posx":0,"posy":1,"amount":400},{"posx":1,"posy":1,"amount":700},{"posx":7,"posy":1,"amount":550},{"posx":6,"posy":3,"amount":750},{"posx":9,"posy":3,"amount":400},{"posx":7,"posy":4,"amount":600},{"posx":16,"posy":4,"amount":500},{"posx":6,"posy":5,"amount":100},{"posx":6,"posy":6,"amount":100},{"posx":15,"posy":6,"amount":700},{"posx":19,"posy":6,"amount":650},{"posx":9,"posy":7,"amount":300}],"changedObstacles":[{"type":3,"posx":12,"posy":4,"value":-20}]},{"players":[{"playerId":1027,"score":650,"energy":46,"posx":9,"posy":3,"lastAction":0,"status":0},{"playerId":1879247,"score":675,"energy":11,"posx":16,"posy":4,"lastAction":5,"status":0},{"playerId":2451990,"score":650,"energy":30,"posx":11,"posy":4,"lastAction":0,"status":0},{"playerId":2231262,"score":525,"energy":23,"posx":9,"posy":3,"lastAction":5,"status":0}],"golds":[{"posx":0,"posy":0,"amount":650},{"posx":8,"posy":0,"amount":550},{"posx":0,"posy":1,"amount":400},{"posx":1,"posy":1,"amount":700},{"posx":7,"posy":1,"amount":550},{"posx":6,"posy":3,"amount":750},{"posx":9,"posy":3,"amount":350},{"posx":7,"posy":4,"amount":600},{"posx":16,"posy":4,"amount":450},{"posx":6,"posy":5,"amount":100},{"posx":6,"posy":6,"amount":100},{"posx":15,"posy":6,"amount":700},{"posx":19,"posy":6,"amount":650},{"posx":9,"posy":7,"amount":300}],"changedObstacles":[]},{"players":[{"playerId":1027,"score":700,"energy":41,"posx":9,"posy":3,"lastAction":5,"status":0},{"playerId":1879247,"score":725,"energy":6,"posx":16,"posy":4,"lastAction":5,"status":0},{"playerId":2451990,"score":650,"energy":25,"posx":10,"posy":4,"lastAction":0,"status":0},{"playerId":2231262,"score":575,"energy":18,"posx":9,"posy":3,"lastAction":5,"status":0}],"golds":[{"posx":0,"posy":0,"amount":650},{"posx":8,"posy":0,"amount":550},{"posx":0,"posy":1,"amount":400},{"posx":1,"posy":1,"amount":700},{"posx":7,"posy":1,"amount":550},{"posx":6,"posy":3,"amount":750},{"posx":9,"posy":3,"amount":250},{"posx":7,"posy":4,"amount":600},{"posx":16,"posy":4,"amount":400},{"posx":6,"posy":5,"amount":100},{"posx":6,"posy":6,"amount":100},{"posx":15,"posy":6,"amount":700},{"posx":19,"posy":6,"amount":650},{"posx":9,"posy":7,"amount":300}],"changedObstacles":[{"type":3,"posx":10,"posy":4,"value":-20}]},{"players":[{"playerId":1027,"score":750,"energy":36,"posx":9,"posy":3,"lastAction":5,"status":0},{"playerId":1879247,"score":775,"energy":1,"posx":16,"posy":4,"lastAction":5,"status":0},{"playerId":2451990,"score":650,"energy":24,"posx":9,"posy":4,"lastAction":0,"status":0},{"playerId":2231262,"score":625,"energy":13,"posx":9,"posy":3,"lastAction":5,"status":0}],"golds":[{"posx":0,"posy":0,"amount":650},{"posx":8,"posy":0,"amount":550},{"posx":0,"posy":1,"amount":400},{"posx":1,"posy":1,"amount":700},{"posx":7,"posy":1,"amount":550},{"posx":6,"posy":3,"amount":750},{"posx":9,"posy":3,"amount":150},{"posx":7,"posy":4,"amount":600},{"posx":16,"posy":4,"amount":350},{"posx":6,"posy":5,"amount":100},{"posx":6,"posy":6,"amount":100},{"posx":15,"posy":6,"amount":700},{"posx":19,"posy":6,"amount":650},{"posx":9,"posy":7,"amount":300}],"changedObstacles":[]},{"players":[{"playerId":1027,"score":800,"energy":31,"posx":9,"posy":3,"lastAction":5,"status":0},{"playerId":1879247,"score":775,"energy":13,"posx":16,"posy":4,"lastAction":4,"status":0},{"playerId":2451990,"score":650,"energy":14,"posx":8,"posy":4,"lastAction":0,"status":0},{"playerId":2231262,"score":625,"energy":25,"posx":9,"posy":3,"lastAction":4,"status":0}],"golds":[{"posx":0,"posy":0,"amount":650},{"posx":8,"posy":0,"amount":550},{"posx":0,"posy":1,"amount":400},{"posx":1,"posy":1,"amount":700},{"posx":7,"posy":1,"amount":550},{"posx":6,"posy":3,"amount":750},{"posx":9,"posy":3,"amount":100},{"posx":7,"posy":4,"amount":600},{"posx":16,"posy":4,"amount":350},{"posx":6,"posy":5,"amount":100},{"posx":6,"posy":6,"amount":100},{"posx":15,"posy":6,"amount":700},{"posx":19,"posy":6,"amount":650},{"posx":9,"posy":7,"amount":300}],"changedObstacles":[{"type":0,"posx":8,"posy":4,"value":-1}]},{"players":[{"playerId":1027,"score":850,"energy":26,"posx":9,"posy":3,"lastAction":5,"status":0},{"playerId":1879247,"score":825,"energy":8,"posx":16,"posy":4,"lastAction":5,"status":0},{"playerId":2451990,"score":650,"energy":10,"posx":7,"posy":4,"lastAction":0,"status":0},{"playerId":2231262,"score":675,"energy":20,"posx":9,"posy":3,"lastAction":5,"status":0}],"golds":[{"posx":0,"posy":0,"amount":650},{"posx":8,"posy":0,"amount":550},{"posx":0,"posy":1,"amount":400},{"posx":1,"posy":1,"amount":700},{"posx":7,"posy":1,"amount":550},{"posx":6,"posy":3,"amount":750},{"posx":7,"posy":4,"amount":600},{"posx":16,"posy":4,"amount":300},{"posx":6,"posy":5,"amount":100},{"posx":6,"posy":6,"amount":100},{"posx":15,"posy":6,"amount":700},{"posx":19,"posy":6,"amount":650},{"posx":9,"posy":7,"amount":300}],"changedObstacles":[{"type":0,"posx":9,"posy":3,"value":-1}]},{"players":[{"playerId":1027,"score":850,"energy":16,"posx":8,"posy":3,"lastAction":0,"status":0},{"playerId":1879247,"score":875,"energy":3,"posx":16,"posy":4,"lastAction":5,"status":0},{"playerId":2451990,"score":700,"energy":5,"posx":7,"posy":4,"lastAction":5,"status":0},{"playerId":2231262,"score":675,"energy":10,"posx":8,"posy":3,"lastAction":0,"status":0}],"golds":[{"posx":0,"posy":0,"amount":650},{"posx":8,"posy":0,"amount":550},{"posx":0,"posy":1,"amount":400},{"posx":1,"posy":1,"amount":700},{"posx":7,"posy":1,"amount":550},{"posx":6,"posy":3,"amount":750},{"posx":7,"posy":4,"amount":550},{"posx":16,"posy":4,"amount":250},{"posx":6,"posy":5,"amount":100},{"posx":6,"posy":6,"amount":100},{"posx":15,"posy":6,"amount":700},{"posx":19,"posy":6,"amount":650},{"posx":9,"posy":7,"amount":300}],"changedObstacles":[{"type":0,"posx":8,"posy":3,"value":-1}]},{"players":[{"playerId":1027,"score":850,"energy":15,"posx":7,"posy":3,"lastAction":0,"status":0},{"playerId":1879247,"score":875,"energy":15,"posx":16,"posy":4,"lastAction":4,"status":0},{"playerId":2451990,"score":700,"energy":17,"posx":7,"posy":4,"lastAction":4,"status":0},{"playerId":2231262,"score":675,"energy":22,"posx":8,"posy":3,"lastAction":4,"status":0}],"golds":[{"posx":0,"posy":0,"amount":650},{"posx":8,"posy":0,"amount":550},{"posx":0,"posy":1,"amount":400},{"posx":1,"posy":1,"amount":700},{"posx":7,"posy":1,"amount":550},{"posx":6,"posy":3,"amount":750},{"posx":7,"posy":4,"amount":550},{"posx":16,"posy":4,"amount":250},{"posx":6,"posy":5,"amount":100},{"posx":6,"posy":6,"amount":100},{"posx":15,"posy":6,"amount":700},{"posx":19,"posy":6,"amount":650},{"posx":9,"posy":7,"amount":300}],"changedObstacles":[]},{"players":[{"playerId":1027,"score":850,"energy":11,"posx":6,"posy":3,"lastAction":0,"status":0},{"playerId":1879247,"score":925,"energy":10,"posx":16,"posy":4,"lastAction":5,"status":0},{"playerId":2451990,"score":700,"energy":33,"posx":7,"posy":4,"lastAction":4,"status":0},{"playerId":2231262,"score":675,"energy":21,"posx":7,"posy":3,"lastAction":0,"status":0}],"golds":[{"posx":0,"posy":0,"amount":650},{"posx":8,"posy":0,"amount":550},{"posx":0,"posy":1,"amount":400},{"posx":1,"posy":1,"amount":700},{"posx":7,"posy":1,"amount":550},{"posx":6,"posy":3,"amount":750},{"posx":7,"posy":4,"amount":550},{"posx":16,"posy":4,"amount":200},{"posx":6,"posy":5,"amount":100},{"posx":6,"posy":6,"amount":100},{"posx":15,"posy":6,"amount":700},{"posx":19,"posy":6,"amount":650},{"posx":9,"posy":7,"amount":300}],"changedObstacles":[]},{"players":[{"playerId":1027,"score":900,"energy":6,"posx":6,"posy":3,"lastAction":5,"status":0},{"playerId":1879247,"score":975,"energy":5,"posx":16,"posy":4,"lastAction":5,"status":0},{"playerId":2451990,"score":700,"energy":50,"posx":7,"posy":4,"lastAction":4,"status":0},{"playerId":2231262,"score":675,"energy":17,"posx":6,"posy":3,"lastAction":0,"status":0}],"golds":[{"posx":0,"posy":0,"amount":650},{"posx":8,"posy":0,"amount":550},{"posx":0,"posy":1,"amount":400},{"posx":1,"posy":1,"amount":700},{"posx":7,"posy":1,"amount":550},{"posx":6,"posy":3,"amount":700},{"posx":7,"posy":4,"amount":550},{"posx":16,"posy":4,"amount":150},{"posx":6,"posy":5,"amount":100},{"posx":6,"posy":6,"amount":100},{"posx":15,"posy":6,"amount":700},{"posx":19,"posy":6,"amount":650},{"posx":9,"posy":7,"amount":300}],"changedObstacles":[]},{"players":[{"playerId":1027,"score":900,"energy":18,"posx":6,"posy":3,"lastAction":4,"status":0},{"playerId":1879247,"score":975,"energy":17,"posx":16,"posy":4,"lastAction":4,"status":0},{"playerId":2451990,"score":750,"energy":45,"posx":7,"posy":4,"lastAction":5,"status":0},{"playerId":2231262,"score":725,"energy":12,"posx":6,"posy":3,"lastAction":5,"status":0}],"golds":[{"posx":0,"posy":0,"amount":650},{"posx":8,"posy":0,"amount":550},{"posx":0,"posy":1,"amount":400},{"posx":1,"posy":1,"amount":700},{"posx":7,"posy":1,"amount":550},{"posx":6,"posy":3,"amount":650},{"posx":7,"posy":4,"amount":500},{"posx":16,"posy":4,"amount":150},{"posx":6,"posy":5,"amount":100},{"posx":6,"posy":6,"amount":100},{"posx":15,"posy":6,"amount":700},{"posx":19,"posy":6,"amount":650},{"posx":9,"posy":7,"amount":300}],"changedObstacles":[]},{"players":[{"playerId":1027,"score":900,"energy":34,"posx":6,"posy":3,"lastAction":4,"status":0},{"playerId":1879247,"score":1025,"energy":12,"posx":16,"posy":4,"lastAction":5,"status":0},{"playerId":2451990,"score":800,"energy":40,"posx":7,"posy":4,"lastAction":5,"status":0},{"playerId":2231262,"score":725,"energy":24,"posx":6,"posy":3,"lastAction":4,"status":0}],"golds":[{"posx":0,"posy":0,"amount":650},{"posx":8,"posy":0,"amount":550},{"posx":0,"posy":1,"amount":400},{"posx":1,"posy":1,"amount":700},{"posx":7,"posy":1,"amount":550},{"posx":6,"posy":3,"amount":650},{"posx":7,"posy":4,"amount":450},{"posx":16,"posy":4,"amount":100},{"posx":6,"posy":5,"amount":100},{"posx":6,"posy":6,"amount":100},{"posx":15,"posy":6,"amount":700},{"posx":19,"posy":6,"amount":650},{"posx":9,"posy":7,"amount":300}],"changedObstacles":[]},{"players":[{"playerId":1027,"score":900,"energy":50,"posx":6,"posy":3,"lastAction":4,"status":0},{"playerId":1879247,"score":1075,"energy":7,"posx":16,"posy":4,"lastAction":5,"status":0},{"playerId":2451990,"score":850,"energy":35,"posx":7,"posy":4,"lastAction":5,"status":0},{"playerId":2231262,"score":725,"energy":40,"posx":6,"posy":3,"lastAction":4,"status":0}],"golds":[{"posx":0,"posy":0,"amount":650},{"posx":8,"posy":0,"amount":550},{"posx":0,"posy":1,"amount":400},{"posx":1,"posy":1,"amount":700},{"posx":7,"posy":1,"amount":550},{"posx":6,"posy":3,"amount":650},{"posx":7,"posy":4,"amount":400},{"posx":16,"posy":4,"amount":50},{"posx":6,"posy":5,"amount":100},{"posx":6,"posy":6,"amount":100},{"posx":15,"posy":6,"amount":700},{"posx":19,"posy":6,"amount":650},{"posx":9,"posy":7,"amount":300}],"changedObstacles":[]},{"players":[{"playerId":1027,"score":950,"energy":45,"posx":6,"posy":3,"lastAction":5,"status":0},{"playerId":1879247,"score":1125,"energy":2,"posx":16,"posy":4,"lastAction":5,"status":0},{"playerId":2451990,"score":900,"energy":30,"posx":7,"posy":4,"lastAction":5,"status":0},{"playerId":2231262,"score":775,"energy":35,"posx":6,"posy":3,"lastAction":5,"status":0}],"golds":[{"posx":0,"posy":0,"amount":650},{"posx":8,"posy":0,"amount":550},{"posx":0,"posy":1,"amount":400},{"posx":1,"posy":1,"amount":700},{"posx":7,"posy":1,"amount":550},{"posx":6,"posy":3,"amount":550},{"posx":7,"posy":4,"amount":350},{"posx":6,"posy":5,"amount":100},{"posx":6,"posy":6,"amount":100},{"posx":15,"posy":6,"amount":700},{"posx":19,"posy":6,"amount":650},{"posx":9,"posy":7,"amount":300}],"changedObstacles":[{"type":0,"posx":16,"posy":4,"value":-1}]},{"players":[{"playerId":1027,"score":1000,"energy":40,"posx":6,"posy":3,"lastAction":5,"status":0},{"playerId":1879247,"score":1125,"energy":14,"posx":16,"posy":4,"lastAction":4,"status":0},{"playerId":2451990,"score":950,"energy":25,"posx":7,"posy":4,"lastAction":5,"status":0},{"playerId":2231262,"score":825,"energy":30,"posx":6,"posy":3,"lastAction":5,"status":0}],"golds":[{"posx":0,"posy":0,"amount":650},{"posx":8,"posy":0,"amount":550},{"posx":0,"posy":1,"amount":400},{"posx":1,"posy":1,"amount":700},{"posx":7,"posy":1,"amount":550},{"posx":6,"posy":3,"amount":450},{"posx":7,"posy":4,"amount":300},{"posx":6,"posy":5,"amount":100},{"posx":6,"posy":6,"amount":100},{"posx":15,"posy":6,"amount":700},{"posx":19,"posy":6,"amount":650},{"posx":9,"posy":7,"amount":300}],"changedObstacles":[]},{"players":[{"playerId":1027,"score":1050,"energy":35,"posx":6,"posy":3,"lastAction":5,"status":0},{"playerId":1879247,"score":1125,"energy":9,"posx":16,"posy":5,"lastAction":3,"status":0},{"playerId":2451990,"score":1000,"energy":20,"posx":7,"posy":4,"lastAction":5,"status":0},{"playerId":2231262,"score":875,"energy":25,"posx":6,"posy":3,"lastAction":5,"status":0}],"golds":[{"posx":0,"posy":0,"amount":650},{"posx":8,"posy":0,"amount":550},{"posx":0,"posy":1,"amount":400},{"posx":1,"posy":1,"amount":700},{"posx":7,"posy":1,"amount":550},{"posx":6,"posy":3,"amount":350},{"posx":7,"posy":4,"amount":250},{"posx":6,"posy":5,"amount":100},{"posx":6,"posy":6,"amount":100},{"posx":15,"posy":6,"amount":700},{"posx":19,"posy":6,"amount":650},{"posx":9,"posy":7,"amount":300}],"changedObstacles":[{"type":3,"posx":16,"posy":5,"value":-20}]},{"players":[{"playerId":1027,"score":1100,"energy":30,"posx":6,"posy":3,"lastAction":5,"status":0},{"playerId":1879247,"score":1125,"energy":8,"posx":15,"posy":5,"lastAction":0,"status":0},{"playerId":2451990,"score":1050,"energy":15,"posx":7,"posy":4,"lastAction":5,"status":0},{"playerId":2231262,"score":925,"energy":20,"posx":6,"posy":3,"lastAction":5,"status":0}],"golds":[{"posx":0,"posy":0,"amount":650},{"posx":8,"posy":0,"amount":550},{"posx":0,"posy":1,"amount":400},{"posx":1,"posy":1,"amount":700},{"posx":7,"posy":1,"amount":550},{"posx":6,"posy":3,"amount":250},{"posx":7,"posy":4,"amount":200},{"posx":6,"posy":5,"amount":100},{"posx":6,"posy":6,"amount":100},{"posx":15,"posy":6,"amount":700},{"posx":19,"posy":6,"amount":650},{"posx":9,"posy":7,"amount":300}],"changedObstacles":[]},{"players":[{"playerId":1027,"score":1150,"energy":25,"posx":6,"posy":3,"lastAction":5,"status":0},{"playerId":1879247,"score":1125,"energy":4,"posx":15,"posy":6,"lastAction":3,"status":0},{"playerId":2451990,"score":1100,"energy":10,"posx":7,"posy":4,"lastAction":5,"status":0},{"playerId":2231262,"score":975,"energy":15,"posx":6,"posy":3,"lastAction":5,"status":0}],"golds":[{"posx":0,"posy":0,"amount":650},{"posx":8,"posy":0,"amount":550},{"posx":0,"posy":1,"amount":400},{"posx":1,"posy":1,"amount":700},{"posx":7,"posy":1,"amount":550},{"posx":6,"posy":3,"amount":150},{"posx":7,"posy":4,"amount":150},{"posx":6,"posy":5,"amount":100},{"posx":6,"posy":6,"amount":100},{"posx":15,"posy":6,"amount":700},{"posx":19,"posy":6,"amount":650},{"posx":9,"posy":7,"amount":300}],"changedObstacles":[]},{"players":[{"playerId":1027,"score":1200,"energy":20,"posx":6,"posy":3,"lastAction":5,"status":0},{"playerId":1879247,"score":1125,"energy":16,"posx":15,"posy":6,"lastAction":4,"status":0},{"playerId":2451990,"score":1150,"energy":5,"posx":7,"posy":4,"lastAction":5,"status":0},{"playerId":2231262,"score":975,"energy":27,"posx":6,"posy":3,"lastAction":4,"status":0}],"golds":[{"posx":0,"posy":0,"amount":650},{"posx":8,"posy":0,"amount":550},{"posx":0,"posy":1,"amount":400},{"posx":1,"posy":1,"amount":700},{"posx":7,"posy":1,"amount":550},{"posx":6,"posy":3,"amount":100},{"posx":7,"posy":4,"amount":100},{"posx":6,"posy":5,"amount":100},{"posx":6,"posy":6,"amount":100},{"posx":15,"posy":6,"amount":700},{"posx":19,"posy":6,"amount":650},{"posx":9,"posy":7,"amount":300}],"changedObstacles":[]},{"players":[{"playerId":1027,"score":1250,"energy":15,"posx":6,"posy":3,"lastAction":5,"status":0},{"playerId":1879247,"score":1175,"energy":11,"posx":15,"posy":6,"lastAction":5,"status":0},{"playerId":2451990,"score":1150,"energy":17,"posx":7,"posy":4,"lastAction":4,"status":0},{"playerId":2231262,"score":1025,"energy":22,"posx":6,"posy":3,"lastAction":5,"status":0}],"golds":[{"posx":0,"posy":0,"amount":650},{"posx":8,"posy":0,"amount":550},{"posx":0,"posy":1,"amount":400},{"posx":1,"posy":1,"amount":700},{"posx":7,"posy":1,"amount":550},{"posx":7,"posy":4,"amount":100},{"posx":6,"posy":5,"amount":100},{"posx":6,"posy":6,"amount":100},{"posx":15,"posy":6,"amount":650},{"posx":19,"posy":6,"amount":650},{"posx":9,"posy":7,"amount":300}],"changedObstacles":[{"type":0,"posx":6,"posy":3,"value":-1}]},{"players":[{"playerId":1027,"score":1250,"energy":14,"posx":5,"posy":3,"lastAction":0,"status":0},{"playerId":1879247,"score":1225,"energy":6,"posx":15,"posy":6,"lastAction":5,"status":0},{"playerId":2451990,"score":1200,"energy":12,"posx":7,"posy":4,"lastAction":5,"status":0},{"playerId":2231262,"score":1025,"energy":21,"posx":6,"posy":4,"lastAction":3,"status":0}],"golds":[{"posx":0,"posy":0,"amount":650},{"posx":8,"posy":0,"amount":550},{"posx":0,"posy":1,"amount":400},{"posx":1,"posy":1,"amount":700},{"posx":7,"posy":1,"amount":550},{"posx":7,"posy":4,"amount":50},{"posx":6,"posy":5,"amount":100},{"posx":6,"posy":6,"amount":100},{"posx":15,"posy":6,"amount":600},{"posx":19,"posy":6,"amount":650},{"posx":9,"posy":7,"amount":300}],"changedObstacles":[]},{"players":[{"playerId":1027,"score":1250,"energy":4,"posx":4,"posy":3,"lastAction":0,"status":0},{"playerId":1879247,"score":1275,"energy":1,"posx":15,"posy":6,"lastAction":5,"status":0},{"playerId":2451990,"score":1250,"energy":7,"posx":7,"posy":4,"lastAction":5,"status":0},{"playerId":2231262,"score":1025,"energy":17,"posx":7,"posy":4,"lastAction":1,"status":0}],"golds":[{"posx":0,"posy":0,"amount":650},{"posx":8,"posy":0,"amount":550},{"posx":0,"posy":1,"amount":400},{"posx":1,"posy":1,"amount":700},{"posx":7,"posy":1,"amount":550},{"posx":6,"posy":5,"amount":100},{"posx":6,"posy":6,"amount":100},{"posx":15,"posy":6,"amount":550},{"posx":19,"posy":6,"amount":650},{"posx":9,"posy":7,"amount":300}],"changedObstacles":[{"type":0,"posx":4,"posy":3,"value":-1},{"type":0,"posx":7,"posy":4,"value":-1}]},{"players":[{"playerId":1027,"score":1250,"energy":16,"posx":4,"posy":3,"lastAction":4,"status":0},{"playerId":1879247,"score":1275,"energy":13,"posx":15,"posy":6,"lastAction":4,"status":0},{"playerId":2451990,"score":1250,"energy":6,"posx":7,"posy":3,"lastAction":2,"status":0},{"playerId":2231262,"score":1025,"energy":16,"posx":6,"posy":4,"lastAction":0,"status":0}],"golds":[{"posx":0,"posy":0,"amount":650},{"posx":8,"posy":0,"amount":550},{"posx":0,"posy":1,"amount":400},{"posx":1,"posy":1,"amount":700},{"posx":7,"posy":1,"amount":550},{"posx":6,"posy":5,"amount":100},{"posx":6,"posy":6,"amount":100},{"posx":15,"posy":6,"amount":550},{"posx":19,"posy":6,"amount":650},{"posx":9,"posy":7,"amount":300}],"changedObstacles":[]},{"players":[{"playerId":1027,"score":1250,"energy":32,"posx":4,"posy":3,"lastAction":4,"status":0},{"playerId":1879247,"score":1325,"energy":8,"posx":15,"posy":6,"lastAction":5,"status":0},{"playerId":2451990,"score":1250,"energy":18,"posx":7,"posy":3,"lastAction":4,"status":0},{"playerId":2231262,"score":1025,"energy":28,"posx":6,"posy":4,"lastAction":4,"status":0}],"golds":[{"posx":0,"posy":0,"amount":650},{"posx":8,"posy":0,"amount":550},{"posx":0,"posy":1,"amount":400},{"posx":1,"posy":1,"amount":700},{"posx":7,"posy":1,"amount":550},{"posx":6,"posy":5,"amount":100},{"posx":6,"posy":6,"amount":100},{"posx":15,"posy":6,"amount":500},{"posx":19,"posy":6,"amount":650},{"posx":9,"posy":7,"amount":300}],"changedObstacles":[]},{"players":[{"playerId":1027,"score":1250,"energy":50,"posx":4,"posy":3,"lastAction":4,"status":0},{"playerId":1879247,"score":1375,"energy":3,"posx":15,"posy":6,"lastAction":5,"status":0},{"playerId":2451990,"score":1250,"energy":34,"posx":7,"posy":3,"lastAction":4,"status":0},{"playerId":2231262,"score":1025,"energy":24,"posx":6,"posy":5,"lastAction":3,"status":0}],"golds":[{"posx":0,"posy":0,"amount":650},{"posx":8,"posy":0,"amount":550},{"posx":0,"posy":1,"amount":400},{"posx":1,"posy":1,"amount":700},{"posx":7,"posy":1,"amount":550},{"posx":6,"posy":5,"amount":100},{"posx":6,"posy":6,"amount":100},{"posx":15,"posy":6,"amount":450},{"posx":19,"posy":6,"amount":650},{"posx":9,"posy":7,"amount":300}],"changedObstacles":[]},{"players":[{"playerId":1027,"score":1250,"energy":40,"posx":3,"posy":3,"lastAction":0,"status":0},{"playerId":1879247,"score":1375,"energy":15,"posx":15,"posy":6,"lastAction":4,"status":0},{"playerId":2451990,"score":1250,"energy":50,"posx":7,"posy":3,"lastAction":4,"status":0},{"playerId":2231262,"score":1075,"energy":19,"posx":6,"posy":5,"lastAction":5,"status":0}],"golds":[{"posx":0,"posy":0,"amount":650},{"posx":8,"posy":0,"amount":550},{"posx":0,"posy":1,"amount":400},{"posx":1,"posy":1,"amount":700},{"posx":7,"posy":1,"amount":550},{"posx":6,"posy":5,"amount":50},{"posx":6,"posy":6,"amount":100},{"posx":15,"posy":6,"amount":450},{"posx":19,"posy":6,"amount":650},{"posx":9,"posy":7,"amount":300}],"changedObstacles":[{"type":0,"posx":3,"posy":3,"value":-1}]},{"players":[{"playerId":1027,"score":1250,"energy":30,"posx":3,"posy":2,"lastAction":2,"status":0},{"playerId":1879247,"score":1425,"energy":10,"posx":15,"posy":6,"lastAction":5,"status":0},{"playerId":2451990,"score":1250,"energy":40,"posx":7,"posy":2,"lastAction":2,"status":0},{"playerId":2231262,"score":1125,"energy":14,"posx":6,"posy":5,"lastAction":5,"status":0}],"golds":[{"posx":0,"posy":0,"amount":650},{"posx":8,"posy":0,"amount":550},{"posx":0,"posy":1,"amount":400},{"posx":1,"posy":1,"amount":700},{"posx":7,"posy":1,"amount":550},{"posx":6,"posy":6,"amount":100},{"posx":15,"posy":6,"amount":400},{"posx":19,"posy":6,"amount":650},{"posx":9,"posy":7,"amount":300}],"changedObstacles":[{"type":0,"posx":3,"posy":2,"value":-1},{"type":0,"posx":7,"posy":2,"value":-1},{"type":0,"posx":6,"posy":5,"value":-1}]},{"players":[{"playerId":1027,"score":1250,"energy":29,"posx":2,"posy":2,"lastAction":0,"status":0},{"playerId":1879247,"score":1475,"energy":5,"posx":15,"posy":6,"lastAction":5,"status":0},{"playerId":2451990,"score":1250,"energy":36,"posx":7,"posy":1,"lastAction":2,"status":0},{"playerId":2231262,"score":1125,"energy":26,"posx":6,"posy":5,"lastAction":4,"status":0}],"golds":[{"posx":0,"posy":0,"amount":650},{"posx":8,"posy":0,"amount":550},{"posx":0,"posy":1,"amount":400},{"posx":1,"posy":1,"amount":700},{"posx":7,"posy":1,"amount":550},{"posx":6,"posy":6,"amount":100},{"posx":15,"posy":6,"amount":350},{"posx":19,"posy":6,"amount":650},{"posx":9,"posy":7,"amount":300}],"changedObstacles":[]},{"players":[{"playerId":1027,"score":1250,"energy":24,"posx":1,"posy":2,"lastAction":0,"status":0},{"playerId":1879247,"score":1475,"energy":17,"posx":15,"posy":6,"lastAction":4,"status":0},{"playerId":2451990,"score":1300,"energy":31,"posx":7,"posy":1,"lastAction":5,"status":0},{"playerId":2231262,"score":1125,"energy":22,"posx":6,"posy":6,"lastAction":3,"status":0}],"golds":[{"posx":0,"posy":0,"amount":650},{"posx":8,"posy":0,"amount":550},{"posx":0,"posy":1,"amount":400},{"posx":1,"posy":1,"amount":700},{"posx":7,"posy":1,"amount":500},{"posx":6,"posy":6,"amount":100},{"posx":15,"posy":6,"amount":350},{"posx":19,"posy":6,"amount":650},{"posx":9,"posy":7,"amount":300}],"changedObstacles":[{"type":3,"posx":1,"posy":2,"value":-20}]},{"players":[{"playerId":1027,"score":1250,"energy":20,"posx":1,"posy":1,"lastAction":2,"status":0},{"playerId":1879247,"score":1525,"energy":12,"posx":15,"posy":6,"lastAction":5,"status":0},{"playerId":2451990,"score":1350,"energy":26,"posx":7,"posy":1,"lastAction":5,"status":0},{"playerId":2231262,"score":1175,"energy":17,"posx":6,"posy":6,"lastAction":5,"status":0}],"golds":[{"posx":0,"posy":0,"amount":650},{"posx":8,"posy":0,"amount":550},{"posx":0,"posy":1,"amount":400},{"posx":1,"posy":1,"amount":700},{"posx":7,"posy":1,"amount":450},{"posx":6,"posy":6,"amount":50},{"posx":15,"posy":6,"amount":300},{"posx":19,"posy":6,"amount":650},{"posx":9,"posy":7,"amount":300}],"changedObstacles":[]},{"players":[{"playerId":1027,"score":1300,"energy":15,"posx":1,"posy":1,"lastAction":5,"status":0},{"playerId":1879247,"score":1575,"energy":7,"posx":15,"posy":6,"lastAction":5,"status":0},{"playerId":2451990,"score":1400,"energy":21,"posx":7,"posy":1,"lastAction":5,"status":0},{"playerId":2231262,"score":1225,"energy":12,"posx":6,"posy":6,"lastAction":5,"status":0}],"golds":[{"posx":0,"posy":0,"amount":650},{"posx":8,"posy":0,"amount":550},{"posx":0,"posy":1,"amount":400},{"posx":1,"posy":1,"amount":650},{"posx":7,"posy":1,"amount":400},{"posx":15,"posy":6,"amount":250},{"posx":19,"posy":6,"amount":650},{"posx":9,"posy":7,"amount":300}],"changedObstacles":[{"type":0,"posx":6,"posy":6,"value":-1}]},{"players":[{"playerId":1027,"score":1350,"energy":10,"posx":1,"posy":1,"lastAction":5,"status":0},{"playerId":1879247,"score":1625,"energy":2,"posx":15,"posy":6,"lastAction":5,"status":0},{"playerId":2451990,"score":1450,"energy":16,"posx":7,"posy":1,"lastAction":5,"status":0},{"playerId":2231262,"score":1225,"energy":24,"posx":6,"posy":6,"lastAction":4,"status":0}],"golds":[{"posx":0,"posy":0,"amount":650},{"posx":8,"posy":0,"amount":550},{"posx":0,"posy":1,"amount":400},{"posx":1,"posy":1,"amount":600},{"posx":7,"posy":1,"amount":350},{"posx":15,"posy":6,"amount":200},{"posx":19,"posy":6,"amount":650},{"posx":9,"posy":7,"amount":300}],"changedObstacles":[]},{"players":[{"playerId":1027,"score":1400,"energy":5,"posx":1,"posy":1,"lastAction":5,"status":0},{"playerId":1879247,"score":1625,"energy":14,"posx":15,"posy":6,"lastAction":4,"status":0},{"playerId":2451990,"score":1500,"energy":11,"posx":7,"posy":1,"lastAction":5,"status":0},{"playerId":2231262,"score":1225,"energy":14,"posx":7,"posy":6,"lastAction":1,"status":0}],"golds":[{"posx":0,"posy":0,"amount":650},{"posx":8,"posy":0,"amount":550},{"posx":0,"posy":1,"amount":400},{"posx":1,"posy":1,"amount":550},{"posx":7,"posy":1,"amount":300},{"posx":15,"posy":6,"amount":200},{"posx":19,"posy":6,"amount":650},{"posx":9,"posy":7,"amount":300}],"changedObstacles":[{"type":0,"posx":7,"posy":6,"value":-1}]},{"players":[{"playerId":1027,"score":1400,"energy":17,"posx":1,"posy":1,"lastAction":4,"status":0},{"playerId":1879247,"score":1675,"energy":9,"posx":15,"posy":6,"lastAction":5,"status":0},{"playerId":2451990,"score":1550,"energy":6,"posx":7,"posy":1,"lastAction":5,"status":0},{"playerId":2231262,"score":1225,"energy":26,"posx":7,"posy":6,"lastAction":4,"status":0}],"golds":[{"posx":0,"posy":0,"amount":650},{"posx":8,"posy":0,"amount":550},{"posx":0,"posy":1,"amount":400},{"posx":1,"posy":1,"amount":550},{"posx":7,"posy":1,"amount":250},{"posx":15,"posy":6,"amount":150},{"posx":19,"posy":6,"amount":650},{"posx":9,"posy":7,"amount":300}],"changedObstacles":[]},{"players":[{"playerId":1027,"score":1400,"energy":33,"posx":1,"posy":1,"lastAction":4,"status":0},{"playerId":1879247,"score":1725,"energy":4,"posx":15,"posy":6,"lastAction":5,"status":0},{"playerId":2451990,"score":1600,"energy":1,"posx":7,"posy":1,"lastAction":5,"status":0},{"playerId":2231262,"score":1225,"energy":21,"posx":7,"posy":7,"lastAction":3,"status":0}],"golds":[{"posx":0,"posy":0,"amount":650},{"posx":8,"posy":0,"amount":550},{"posx":0,"posy":1,"amount":400},{"posx":1,"posy":1,"amount":550},{"posx":7,"posy":1,"amount":200},{"posx":15,"posy":6,"amount":100},{"posx":19,"posy":6,"amount":650},{"posx":9,"posy":7,"amount":300}],"changedObstacles":[{"type":3,"posx":7,"posy":7,"value":-20}]},{"players":[{"playerId":1027,"score":1400,"energy":50,"posx":1,"posy":1,"lastAction":4,"status":0},{"playerId":1879247,"score":1725,"energy":16,"posx":15,"posy":6,"lastAction":4,"status":0},{"playerId":2451990,"score":1600,"energy":13,"posx":7,"posy":1,"lastAction":4,"status":0},{"playerId":2231262,"score":1225,"energy":11,"posx":8,"posy":7,"lastAction":1,"status":0}],"golds":[{"posx":0,"posy":0,"amount":650},{"posx":8,"posy":0,"amount":550},{"posx":0,"posy":1,"amount":400},{"posx":1,"posy":1,"amount":550},{"posx":7,"posy":1,"amount":200},{"posx":15,"posy":6,"amount":100},{"posx":19,"posy":6,"amount":650},{"posx":9,"posy":7,"amount":300}],"changedObstacles":[{"type":0,"posx":8,"posy":7,"value":-1}]},{"players":[{"playerId":1027,"score":1450,"energy":45,"posx":1,"posy":1,"lastAction":5,"status":0},{"playerId":1879247,"score":1775,"energy":11,"posx":15,"posy":6,"lastAction":5,"status":0},{"playerId":2451990,"score":1600,"energy":29,"posx":7,"posy":1,"lastAction":4,"status":0},{"playerId":2231262,"score":1225,"energy":23,"posx":8,"posy":7,"lastAction":4,"status":0}],"golds":[{"posx":0,"posy":0,"amount":650},{"posx":8,"posy":0,"amount":550},{"posx":0,"posy":1,"amount":400},{"posx":1,"posy":1,"amount":500},{"posx":7,"posy":1,"amount":200},{"posx":15,"posy":6,"amount":50},{"posx":19,"posy":6,"amount":650},{"posx":9,"posy":7,"amount":300}],"changedObstacles":[]},{"players":[{"playerId":1027,"score":1500,"energy":40,"posx":1,"posy":1,"lastAction":5,"status":0},{"playerId":1879247,"score":1825,"energy":6,"posx":15,"posy":6,"lastAction":5,"status":0},{"playerId":2451990,"score":1650,"energy":24,"posx":7,"posy":1,"lastAction":5,"status":0},{"playerId":2231262,"score":1225,"energy":19,"posx":9,"posy":7,"lastAction":1,"status":0}],"golds":[{"posx":0,"posy":0,"amount":650},{"posx":8,"posy":0,"amount":550},{"posx":0,"posy":1,"amount":400},{"posx":1,"posy":1,"amount":450},{"posx":7,"posy":1,"amount":150},{"posx":19,"posy":6,"amount":650},{"posx":9,"posy":7,"amount":300}],"changedObstacles":[{"type":0,"posx":15,"posy":6,"value":-1}]},{"players":[{"playerId":1027,"score":1550,"energy":35,"posx":1,"posy":1,"lastAction":5,"status":0},{"playerId":1879247,"score":1825,"energy":5,"posx":16,"posy":6,"lastAction":1,"status":0},{"playerId":2451990,"score":1700,"energy":19,"posx":7,"posy":1,"lastAction":5,"status":0},{"playerId":2231262,"score":1275,"energy":14,"posx":9,"posy":7,"lastAction":5,"status":0}],"golds":[{"posx":0,"posy":0,"amount":650},{"posx":8,"posy":0,"amount":550},{"posx":0,"posy":1,"amount":400},{"posx":1,"posy":1,"amount":400},{"posx":7,"posy":1,"amount":100},{"posx":19,"posy":6,"amount":650},{"posx":9,"posy":7,"amount":250}],"changedObstacles":[]},{"players":[{"playerId":1027,"score":1600,"energy":30,"posx":1,"posy":1,"lastAction":5,"status":0},{"playerId":1879247,"score":1825,"energy":17,"posx":16,"posy":6,"lastAction":4,"status":0},{"playerId":2451990,"score":1750,"energy":14,"posx":7,"posy":1,"lastAction":5,"status":0},{"playerId":2231262,"score":1275,"energy":26,"posx":9,"posy":7,"lastAction":4,"status":0}],"golds":[{"posx":0,"posy":0,"amount":650},{"posx":8,"posy":0,"amount":550},{"posx":0,"posy":1,"amount":400},{"posx":1,"posy":1,"amount":350},{"posx":7,"posy":1,"amount":50},{"posx":19,"posy":6,"amount":650},{"posx":9,"posy":7,"amount":250}],"changedObstacles":[]},{"players":[{"playerId":1027,"score":1650,"energy":25,"posx":1,"posy":1,"lastAction":5,"status":0},{"playerId":1879247,"score":1825,"energy":12,"posx":17,"posy":6,"lastAction":1,"status":0},{"playerId":2451990,"score":1800,"energy":9,"posx":7,"posy":1,"lastAction":5,"status":0},{"playerId":2231262,"score":1325,"energy":21,"posx":9,"posy":7,"lastAction":5,"status":0}],"golds":[{"posx":0,"posy":0,"amount":650},{"posx":8,"posy":0,"amount":550},{"posx":0,"posy":1,"amount":400},{"posx":1,"posy":1,"amount":300},{"posx":19,"posy":6,"amount":650},{"posx":9,"posy":7,"amount":200}],"changedObstacles":[{"type":3,"posx":17,"posy":6,"value":-20},{"type":0,"posx":7,"posy":1,"value":-1}]},{"players":[{"playerId":1027,"score":1700,"energy":20,"posx":1,"posy":1,"lastAction":5,"status":0},{"playerId":1879247,"score":1825,"energy":7,"posx":18,"posy":6,"lastAction":1,"status":0},{"playerId":2451990,"score":1800,"energy":21,"posx":7,"posy":1,"lastAction":4,"status":0},{"playerId":2231262,"score":1375,"energy":16,"posx":9,"posy":7,"lastAction":5,"status":0}],"golds":[{"posx":0,"posy":0,"amount":650},{"posx":8,"posy":0,"amount":550},{"posx":0,"posy":1,"amount":400},{"posx":1,"posy":1,"amount":250},{"posx":19,"posy":6,"amount":650},{"posx":9,"posy":7,"amount":150}],"changedObstacles":[{"type":3,"posx":18,"posy":6,"value":-20}]},{"players":[{"playerId":1027,"score":1750,"energy":15,"posx":1,"posy":1,"lastAction":5,"status":0},{"playerId":1879247,"score":1825,"energy":3,"posx":19,"posy":6,"lastAction":1,"status":0},{"playerId":2451990,"score":1800,"energy":37,"posx":7,"posy":1,"lastAction":4,"status":0},{"playerId":2231262,"score":1375,"energy":28,"posx":9,"posy":7,"lastAction":4,"status":0}],"golds":[{"posx":0,"posy":0,"amount":650},{"posx":8,"posy":0,"amount":550},{"posx":0,"posy":1,"amount":400},{"posx":1,"posy":1,"amount":200},{"posx":19,"posy":6,"amount":650},{"posx":9,"posy":7,"amount":150}],"changedObstacles":[]},{"players":[{"playerId":1027,"score":1800,"energy":10,"posx":1,"posy":1,"lastAction":5,"status":0},{"playerId":1879247,"score":1825,"energy":15,"posx":19,"posy":6,"lastAction":4,"status":0},{"playerId":2451990,"score":1800,"energy":27,"posx":8,"posy":1,"lastAction":1,"status":0},{"playerId":2231262,"score":1425,"energy":23,"posx":9,"posy":7,"lastAction":5,"status":0}],"golds":[{"posx":0,"posy":0,"amount":650},{"posx":8,"posy":0,"amount":550},{"posx":0,"posy":1,"amount":400},{"posx":1,"posy":1,"amount":150},{"posx":19,"posy":6,"amount":650},{"posx":9,"posy":7,"amount":100}],"changedObstacles":[{"type":0,"posx":8,"posy":1,"value":-1}]},{"players":[{"playerId":1027,"score":1850,"energy":5,"posx":1,"posy":1,"lastAction":5,"status":0},{"playerId":1879247,"score":1875,"energy":10,"posx":19,"posy":6,"lastAction":5,"status":0},{"playerId":2451990,"score":1800,"energy":23,"posx":8,"posy":0,"lastAction":2,"status":0},{"playerId":2231262,"score":1475,"energy":18,"posx":9,"posy":7,"lastAction":5,"status":0}],"golds":[{"posx":0,"posy":0,"amount":650},{"posx":8,"posy":0,"amount":550},{"posx":0,"posy":1,"amount":400},{"posx":1,"posy":1,"amount":100},{"posx":19,"posy":6,"amount":600},{"posx":9,"posy":7,"amount":50}],"changedObstacles":[]},{"players":[{"playerId":1027,"score":1850,"energy":17,"posx":1,"posy":1,"lastAction":4,"status":0},{"playerId":1879247,"score":1925,"energy":5,"posx":19,"posy":6,"lastAction":5,"status":0},{"playerId":2451990,"score":1850,"energy":18,"posx":8,"posy":0,"lastAction":5,"status":0},{"playerId":2231262,"score":1525,"energy":13,"posx":9,"posy":7,"lastAction":5,"status":0}],"golds":[{"posx":0,"posy":0,"amount":650},{"posx":8,"posy":0,"amount":500},{"posx":0,"posy":1,"amount":400},{"posx":1,"posy":1,"amount":100},{"posx":19,"posy":6,"amount":550}],"changedObstacles":[{"type":0,"posx":9,"posy":7,"value":-1}]},{"players":[{"playerId":1027,"score":1850,"energy":33,"posx":1,"posy":1,"lastAction":4,"status":0},{"playerId":1879247,"score":1925,"energy":17,"posx":19,"posy":6,"lastAction":4,"status":0},{"playerId":2451990,"score":1900,"energy":13,"posx":8,"posy":0,"lastAction":5,"status":0},{"playerId":2231262,"score":1525,"energy":25,"posx":9,"posy":7,"lastAction":4,"status":0}],"golds":[{"posx":0,"posy":0,"amount":650},{"posx":8,"posy":0,"amount":450},{"posx":0,"posy":1,"amount":400},{"posx":1,"posy":1,"amount":100},{"posx":19,"posy":6,"amount":550}],"changedObstacles":[]},{"players":[{"playerId":1027,"score":1850,"energy":50,"posx":1,"posy":1,"lastAction":4,"status":0},{"playerId":1879247,"score":1975,"energy":12,"posx":19,"posy":6,"lastAction":5,"status":0},{"playerId":2451990,"score":1950,"energy":8,"posx":8,"posy":0,"lastAction":5,"status":0},{"playerId":2231262,"score":1525,"energy":24,"posx":8,"posy":7,"lastAction":0,"status":0}],"golds":[{"posx":0,"posy":0,"amount":650},{"posx":8,"posy":0,"amount":400},{"posx":0,"posy":1,"amount":400},{"posx":1,"posy":1,"amount":100},{"posx":19,"posy":6,"amount":500}],"changedObstacles":[]},{"players":[{"playerId":1027,"score":1900,"energy":45,"posx":1,"posy":1,"lastAction":5,"status":0},{"playerId":1879247,"score":2025,"energy":7,"posx":19,"posy":6,"lastAction":5,"status":0},{"playerId":2451990,"score":2000,"energy":3,"posx":8,"posy":0,"lastAction":5,"status":0},{"playerId":2231262,"score":1525,"energy":19,"posx":8,"posy":6,"lastAction":2,"status":0}],"golds":[{"posx":0,"posy":0,"amount":650},{"posx":8,"posy":0,"amount":350},{"posx":0,"posy":1,"amount":400},{"posx":1,"posy":1,"amount":50},{"posx":19,"posy":6,"amount":450}],"changedObstacles":[{"type":3,"posx":8,"posy":6,"value":-20}]},{"players":[{"playerId":1027,"score":1950,"energy":40,"posx":1,"posy":1,"lastAction":5,"status":0},{"playerId":1879247,"score":2075,"energy":2,"posx":19,"posy":6,"lastAction":5,"status":0},{"playerId":2451990,"score":2000,"energy":15,"posx":8,"posy":0,"lastAction":4,"status":0},{"playerId":2231262,"score":1525,"energy":14,"posx":8,"posy":5,"lastAction":2,"status":0}],"golds":[{"posx":0,"posy":0,"amount":650},{"posx":8,"posy":0,"amount":350},{"posx":0,"posy":1,"amount":400},{"posx":19,"posy":6,"amount":400}],"changedObstacles":[{"type":3,"posx":8,"posy":5,"value":-20},{"type":0,"posx":1,"posy":1,"value":-1}]},{"players":[{"playerId":1027,"score":1950,"energy":36,"posx":0,"posy":1,"lastAction":0,"status":0},{"playerId":1879247,"score":2075,"energy":14,"posx":19,"posy":6,"lastAction":4,"status":0},{"playerId":2451990,"score":2000,"energy":31,"posx":8,"posy":0,"lastAction":4,"status":0},{"playerId":2231262,"score":1525,"energy":26,"posx":8,"posy":5,"lastAction":4,"status":0}],"golds":[{"posx":0,"posy":0,"amount":650},{"posx":8,"posy":0,"amount":350},{"posx":0,"posy":1,"amount":400},{"posx":19,"posy":6,"amount":400}],"changedObstacles":[]},{"players":[{"playerId":1027,"score":2000,"energy":31,"posx":0,"posy":1,"lastAction":5,"status":0},{"playerId":1879247,"score":2125,"energy":9,"posx":19,"posy":6,"lastAction":5,"status":0},{"playerId":2451990,"score":2000,"energy":50,"posx":8,"posy":0,"lastAction":4,"status":0},{"playerId":2231262,"score":1525,"energy":25,"posx":8,"posy":4,"lastAction":2,"status":0}],"golds":[{"posx":0,"posy":0,"amount":650},{"posx":8,"posy":0,"amount":350},{"posx":0,"posy":1,"amount":350},{"posx":19,"posy":6,"amount":350}],"changedObstacles":[]},{"players":[{"playerId":1027,"score":2050,"energy":26,"posx":0,"posy":1,"lastAction":5,"status":0},{"playerId":1879247,"score":2175,"energy":4,"posx":19,"posy":6,"lastAction":5,"status":0},{"playerId":2451990,"score":2050,"energy":45,"posx":8,"posy":0,"lastAction":5,"status":0},{"playerId":2231262,"score":1525,"energy":24,"posx":8,"posy":3,"lastAction":2,"status":0}],"golds":[{"posx":0,"posy":0,"amount":650},{"posx":8,"posy":0,"amount":300},{"posx":0,"posy":1,"amount":300},{"posx":19,"posy":6,"amount":300}],"changedObstacles":[]},{"players":[{"playerId":1027,"score":2100,"energy":21,"posx":0,"posy":1,"lastAction":5,"status":0},{"playerId":1879247,"score":2175,"energy":16,"posx":19,"posy":6,"lastAction":4,"status":0},{"playerId":2451990,"score":2100,"energy":40,"posx":8,"posy":0,"lastAction":5,"status":0},{"playerId":2231262,"score":1525,"energy":23,"posx":8,"posy":2,"lastAction":2,"status":0}],"golds":[{"posx":0,"posy":0,"amount":650},{"posx":8,"posy":0,"amount":250},{"posx":0,"posy":1,"amount":250},{"posx":19,"posy":6,"amount":300}],"changedObstacles":[]},{"players":[{"playerId":1027,"score":2150,"energy":16,"posx":0,"posy":1,"lastAction":5,"status":0},{"playerId":1879247,"score":2225,"energy":11,"posx":19,"posy":6,"lastAction":5,"status":0},{"playerId":2451990,"score":2150,"energy":35,"posx":8,"posy":0,"lastAction":5,"status":0},{"playerId":2231262,"score":1525,"energy":22,"posx":8,"posy":1,"lastAction":2,"status":0}],"golds":[{"posx":0,"posy":0,"amount":650},{"posx":8,"posy":0,"amount":200},{"posx":0,"posy":1,"amount":200},{"posx":19,"posy":6,"amount":250}],"changedObstacles":[]},{"players":[{"playerId":1027,"score":2200,"energy":11,"posx":0,"posy":1,"lastAction":5,"status":0},{"playerId":1879247,"score":2275,"energy":6,"posx":19,"posy":6,"lastAction":5,"status":0},{"playerId":2451990,"score":2200,"energy":30,"posx":8,"posy":0,"lastAction":5,"status":0},{"playerId":2231262,"score":1525,"energy":18,"posx":8,"posy":0,"lastAction":2,"status":0}],"golds":[{"posx":0,"posy":0,"amount":650},{"posx":8,"posy":0,"amount":150},{"posx":0,"posy":1,"amount":150},{"posx":19,"posy":6,"amount":200}],"changedObstacles":[]},{"players":[{"playerId":1027,"score":2250,"energy":6,"posx":0,"posy":1,"lastAction":5,"status":0},{"playerId":1879247,"score":2325,"energy":1,"posx":19,"posy":6,"lastAction":5,"status":0},{"playerId":2451990,"score":2250,"energy":25,"posx":8,"posy":0,"lastAction":5,"status":0},{"playerId":2231262,"score":1575,"energy":13,"posx":8,"posy":0,"lastAction":5,"status":0}],"golds":[{"posx":0,"posy":0,"amount":650},{"posx":8,"posy":0,"amount":50},{"posx":0,"posy":1,"amount":100},{"posx":19,"posy":6,"amount":150}],"changedObstacles":[]},{"players":[{"playerId":1027,"score":2250,"energy":18,"posx":0,"posy":1,"lastAction":4,"status":0},{"playerId":1879247,"score":2325,"energy":13,"posx":19,"posy":6,"lastAction":4,"status":0},{"playerId":2451990,"score":2300,"energy":20,"posx":8,"posy":0,"lastAction":5,"status":0},{"playerId":2231262,"score":1575,"energy":25,"posx":8,"posy":0,"lastAction":4,"status":0}],"golds":[{"posx":0,"posy":0,"amount":650},{"posx":0,"posy":1,"amount":100},{"posx":19,"posy":6,"amount":150}],"changedObstacles":[{"type":0,"posx":8,"posy":0,"value":-1}]},{"players":[{"playerId":1027,"score":2250,"energy":34,"posx":0,"posy":1,"lastAction":4,"status":0},{"playerId":1879247,"score":2375,"energy":8,"posx":19,"posy":6,"lastAction":5,"status":0},{"playerId":2451990,"score":2300,"energy":19,"posx":7,"posy":0,"lastAction":0,"status":0},{"playerId":2231262,"score":1575,"energy":24,"posx":7,"posy":0,"lastAction":0,"status":0}],"golds":[{"posx":0,"posy":0,"amount":650},{"posx":0,"posy":1,"amount":100},{"posx":19,"posy":6,"amount":100}],"changedObstacles":[]},{"players":[{"playerId":1027,"score":2250,"energy":50,"posx":0,"posy":1,"lastAction":4,"status":0},{"playerId":1879247,"score":2425,"energy":3,"posx":19,"posy":6,"lastAction":5,"status":0},{"playerId":2451990,"score":2300,"energy":14,"posx":6,"posy":0,"lastAction":0,"status":0},{"playerId":2231262,"score":1575,"energy":19,"posx":6,"posy":0,"lastAction":0,"status":0}],"golds":[{"posx":0,"posy":0,"amount":650},{"posx":0,"posy":1,"amount":100},{"posx":19,"posy":6,"amount":50}],"changedObstacles":[{"type":3,"posx":6,"posy":0,"value":-20}]},{"players":[{"playerId":1027,"score":2300,"energy":45,"posx":0,"posy":1,"lastAction":5,"status":0},{"playerId":1879247,"score":2425,"energy":15,"posx":19,"posy":6,"lastAction":4,"status":0},{"playerId":2451990,"score":2300,"energy":9,"posx":5,"posy":0,"lastAction":0,"status":0},{"playerId":2231262,"score":1575,"energy":14,"posx":5,"posy":0,"lastAction":0,"status":0}],"golds":[{"posx":0,"posy":0,"amount":650},{"posx":0,"posy":1,"amount":50},{"posx":19,"posy":6,"amount":50}],"changedObstacles":[{"type":3,"posx":5,"posy":0,"value":-20}]},{"players":[{"playerId":1027,"score":2350,"energy":40,"posx":0,"posy":1,"lastAction":5,"status":0},{"playerId":1879247,"score":2475,"energy":10,"posx":19,"posy":6,"lastAction":5,"status":0},{"playerId":2451990,"score":2300,"energy":4,"posx":4,"posy":0,"lastAction":0,"status":0},{"playerId":2231262,"score":1575,"energy":26,"posx":5,"posy":0,"lastAction":4,"status":0}],"golds":[{"posx":0,"posy":0,"amount":650}],"changedObstacles":[{"type":3,"posx":4,"posy":0,"value":-20},{"type":0,"posx":0,"posy":1,"value":-1},{"type":0,"posx":19,"posy":6,"value":-1}]},{"players":[{"playerId":1027,"score":2350,"energy":36,"posx":0,"posy":0,"lastAction":2,"status":0},{"playerId":1879247,"score":2475,"energy":9,"posx":19,"posy":5,"lastAction":2,"status":0},{"playerId":2451990,"score":2300,"energy":16,"posx":4,"posy":0,"lastAction":4,"status":0},{"playerId":2231262,"score":1575,"energy":6,"posx":4,"posy":0,"lastAction":0,"status":0}],"golds":[{"posx":0,"posy":0,"amount":650}],"changedObstacles":[{"type":3,"posx":4,"posy":0,"value":-40}]},{"players":[{"playerId":1027,"score":2400,"energy":31,"posx":0,"posy":0,"lastAction":5,"status":0},{"playerId":1879247,"score":2475,"energy":8,"posx":18,"posy":5,"lastAction":0,"status":0},{"playerId":2451990,"score":2300,"energy":32,"posx":4,"posy":0,"lastAction":4,"status":0},{"playerId":2231262,"score":1575,"energy":18,"posx":4,"posy":0,"lastAction":4,"status":0}],"golds":[{"posx":0,"posy":0,"amount":600}],"changedObstacles":[]},{"players":[{"playerId":1027,"score":2450,"energy":26,"posx":0,"posy":0,"lastAction":5,"status":0},{"playerId":1879247,"score":2475,"energy":7,"posx":18,"posy":4,"lastAction":2,"status":0},{"playerId":2451990,"score":2300,"energy":27,"posx":3,"posy":0,"lastAction":0,"status":0},{"playerId":2231262,"score":1575,"energy":13,"posx":3,"posy":0,"lastAction":0,"status":0}],"golds":[{"posx":0,"posy":0,"amount":550}],"changedObstacles":[{"type":3,"posx":3,"posy":0,"value":-20}]},{"players":[{"playerId":1027,"score":2500,"energy":21,"posx":0,"posy":0,"lastAction":5,"status":0},{"playerId":1879247,"score":2475,"energy":2,"posx":17,"posy":4,"lastAction":0,"status":0},{"playerId":2451990,"score":2300,"energy":26,"posx":2,"posy":0,"lastAction":0,"status":0},{"playerId":2231262,"score":1575,"energy":25,"posx":3,"posy":0,"lastAction":4,"status":0}],"golds":[{"posx":0,"posy":0,"amount":500}],"changedObstacles":[{"type":3,"posx":17,"posy":4,"value":-20}]},{"players":[{"playerId":1027,"score":2550,"energy":16,"posx":0,"posy":0,"lastAction":5,"status":0},{"playerId":1879247,"score":2475,"energy":1,"posx":16,"posy":4,"lastAction":0,"status":0},{"playerId":2451990,"score":2300,"energy":25,"posx":1,"posy":0,"lastAction":0,"status":0},{"playerId":2231262,"score":1575,"energy":24,"posx":2,"posy":0,"lastAction":0,"status":0}],"golds":[{"posx":0,"posy":0,"amount":450}],"changedObstacles":[]},{"players":[{"playerId":1027,"score":2600,"energy":11,"posx":0,"posy":0,"lastAction":5,"status":0},{"playerId":1879247,"score":2475,"energy":13,"posx":16,"posy":4,"lastAction":4,"status":0},{"playerId":2451990,"score":2300,"energy":21,"posx":0,"posy":0,"lastAction":0,"status":0},{"playerId":2231262,"score":1575,"energy":23,"posx":1,"posy":0,"lastAction":0,"status":0}],"golds":[{"posx":0,"posy":0,"amount":400}],"changedObstacles":[]},{"players":[{"playerId":1027,"score":2650,"energy":6,"posx":0,"posy":0,"lastAction":5,"status":0},{"playerId":1879247,"score":2475,"energy":29,"posx":16,"posy":4,"lastAction":4,"status":0},{"playerId":2451990,"score":2350,"energy":16,"posx":0,"posy":0,"lastAction":5,"status":0},{"playerId":2231262,"score":1575,"energy":19,"posx":0,"posy":0,"lastAction":0,"status":0}],"golds":[{"posx":0,"posy":0,"amount":300}],"changedObstacles":[]},{"players":[{"playerId":1027,"score":2650,"energy":18,"posx":0,"posy":0,"lastAction":4,"status":0},{"playerId":1879247,"score":2475,"energy":10,"posx":15,"posy":4,"lastAction":0,"status":0},{"playerId":2451990,"score":2400,"energy":11,"posx":0,"posy":0,"lastAction":5,"status":0},{"playerId":2231262,"score":1625,"energy":14,"posx":0,"posy":0,"lastAction":5,"status":0}],"golds":[{"posx":0,"posy":0,"amount":200}],"changedObstacles":[]},{"players":[{"playerId":1027,"score":2650,"energy":34,"posx":0,"posy":0,"lastAction":4,"status":0},{"playerId":1879247,"score":2475,"energy":22,"posx":15,"posy":4,"lastAction":4,"status":0},{"playerId":2451990,"score":2450,"energy":6,"posx":0,"posy":0,"lastAction":5,"status":0},{"playerId":2231262,"score":1625,"energy":26,"posx":0,"posy":0,"lastAction":4,"status":0}],"golds":[{"posx":0,"posy":0,"amount":150}],"changedObstacles":[]},{"players":[{"playerId":1027,"score":2650,"energy":50,"posx":0,"posy":0,"lastAction":4,"status":0},{"playerId":1879247,"score":2475,"energy":13,"posx":14,"posy":4,"lastAction":0,"status":0},{"playerId":2451990,"score":2500,"energy":1,"posx":0,"posy":0,"lastAction":5,"status":0},{"playerId":2231262,"score":1675,"energy":21,"posx":0,"posy":0,"lastAction":5,"status":0}],"golds":[{"posx":0,"posy":0,"amount":50}],"changedObstacles":[]},{"players":[{"playerId":1027,"score":2675,"energy":45,"posx":0,"posy":0,"lastAction":5,"status":0},{"playerId":1879247,"score":2475,"energy":12,"posx":14,"posy":3,"lastAction":2,"status":0},{"playerId":2451990,"score":2500,"energy":13,"posx":0,"posy":0,"lastAction":4,"status":0},{"playerId":2231262,"score":1700,"energy":16,"posx":0,"posy":0,"lastAction":5,"status":0}],"golds":[],"changedObstacles":[{"type":0,"posx":0,"posy":0,"value":-1}]}]