[{"players":[{"playerId":2349571,"score":0,"energy":34,"posx":15,"posy":2,"lastAction":3,"status":0},{"playerId":3099802,"score":0,"energy":46,"posx":14,"posy":1,"lastAction":0,"status":0},{"playerId":2365650,"score":0,"energy":46,"posx":16,"posy":1,"lastAction":1,"status":0},{"playerId":2483603,"score":0,"energy":46,"posx":16,"posy":1,"lastAction":1,"status":0}],"golds":[{"posx":6,"posy":6,"amount":100},{"posx":13,"posy":2,"amount":150},{"posx":16,"posy":4,"amount":700},{"posx":8,"posy":0,"amount":550},{"posx":19,"posy":6,"amount":650},{"posx":7,"posy":1,"amount":550},{"posx":16,"posy":1,"amount":450},{"posx":9,"posy":3,"amount":400},{"posx":11,"posy":3,"amount":700},{"posx":9,"posy":7,"amount":300},{"posx":14,"posy":1,"amount":100},{"posx":7,"posy":4,"amount":600},{"posx":0,"posy":1,"amount":400},{"posx":13,"posy":3,"amount":550},{"posx":1,"posy":1,"amount":700},{"posx":15,"posy":6,"amount":700},{"posx":6,"posy":3,"amount":750},{"posx":0,"posy":0,"amount":650},{"posx":6,"posy":5,"amount":100},{"posx":18,"posy":2,"amount":250}],"changedObstacles":[]},{"players":[{"playerId":2349571,"score":0,"energy":29,"posx":16,"posy":2,"lastAction":1,"status":0},{"playerId":3099802,"score":50,"energy":41,"posx":14,"posy":1,"lastAction":5,"status":0},{"playerId":2365650,"score":50,"energy":41,"posx":16,"posy":1,"lastAction":5,"status":0},{"playerId":2483603,"score":50,"energy":41,"posx":16,"posy":1,"lastAction":5,"status":0}],"golds":[{"posx":0,"posy":0,"amount":650},{"posx":8,"posy":0,"amount":550},{"posx":0,"posy":1,"amount":400},{"posx":1,"posy":1,"amount":700},{"posx":7,"posy":1,"amount":550},{"posx":14,"posy":1,"amount":50},{"posx":16,"posy":1,"amount":350},{"posx":13,"posy":2,"amount":150},{"posx":18,"posy":2,"amount":250},{"posx":6,"posy":3,"amount":750},{"posx":9,"posy":3,"amount":400},{"posx":11,"posy":3,"amount":700},{"posx":13,"posy":3,"amount":550},{"posx":7,"posy":4,"amount":600},{"posx":16,"posy":4,"amount":700},{"posx":6,"posy":5,"amount":100},{"posx":6,"posy":6,"amount":100},{"posx":15,"posy":6,"amount":700},{"posx":19,"posy":6,"amount":650},{"posx":9,"posy":7,"amount":300}],"changedObstacles":[{"type":3,"posx":16,"posy":2,"value":-20}]},{"players":[{"playerId":2349571,"score":0,"energy":28,"posx":17,"posy":2,"lastAction":1,"status":0},{"playerId":3099802,"score":100,"energy":36,"posx":14,"posy":1,"lastAction":5,"status":0},{"playerId":2365650,"score":100,"energy":36,"posx":16,"posy":1,"lastAction":5,"status":0},{"playerId":2483603,"score":100,"energy":36,"posx":16,"posy":1,"lastAction":5,"status":0}],"golds":[{"posx":0,"posy":0,"amount":650},{"posx":8,"posy":0,"amount":550},{"posx":0,"posy":1,"amount":400},{"posx":1,"posy":1,"amount":700},{"posx":7,"posy":1,"amount":550},{"posx":16,"posy":1,"amount":250},{"posx":13,"posy":2,"amount":150},{"posx":18,"posy":2,"amount":250},{"posx":6,"posy":3,"amount":750},{"posx":9,"posy":3,"amount":400},{"posx":11,"posy":3,"amount":700},{"posx":13,"posy":3,"amount":550},{"posx":7,"posy":4,"amount":600},{"posx":16,"posy":4,"amount":700},{"posx":6,"posy":5,"amount":100},{"posx":6,"posy":6,"amount":100},{"posx":15,"posy":6,"amount":700},{"posx":19,"posy":6,"amount":650},{"posx":9,"posy":7,"amount":300}],"changedObstacles":[{"type":0,"posx":14,"posy":1,"value":-1}]},{"players":[{"playerId":2349571,"score":0,"energy":24,"posx":18,"posy":2,"lastAction":1,"status":0},{"playerId":3099802,"score":100,"energy":35,"posx":14,"posy":2,"lastAction":3,"status":0},{"playerId":2365650,"score":150,"energy":31,"posx":16,"posy":1,"lastAction":5,"status":0},{"playerId":2483603,"score":150,"energy":31,"posx":16,"posy":1,"lastAction":5,"status":0}],"golds":[{"posx":0,"posy":0,"amount":650},{"posx":8,"posy":0,"amount":550},{"posx":0,"posy":1,"amount":400},{"posx":1,"posy":1,"amount":700},{"posx":7,"posy":1,"amount":550},{"posx":16,"posy":1,"amount":150},{"posx":13,"posy":2,"amount":150},{"posx":18,"posy":2,"amount":250},{"posx":6,"posy":3,"amount":750},{"posx":9,"posy":3,"amount":400},{"posx":11,"posy":3,"amount":700},{"posx":13,"posy":3,"amount":550},{"posx":7,"posy":4,"amount":600},{"posx":16,"posy":4,"amount":700},{"posx":6,"posy":5,"amount":100},{"posx":6,"posy":6,"amount":100},{"posx":15,"posy":6,"amount":700},{"posx":19,"posy":6,"amount":650},{"posx":9,"posy":7,"amount":300}],"changedObstacles":[]},{"players":[{"playerId":2349571,"score":50,"energy":19,"posx":18,"posy":2,"lastAction":5,"status":0},{"playerId":3099802,"score":100,"energy":34,"posx":14,"posy":3,"lastAction":3,"status":0},{"playerId":2365650,"score":200,"energy":26,"posx":16,"posy":1,"lastAction":5,"status":0},{"playerId":2483603,"score":200,"energy":26,"posx":16,"posy":1,"lastAction":5,"status":0}],"golds":[{"posx":0,"posy":0,"amount":650},{"posx":8,"posy":0,"amount":550},{"posx":0,"posy":1,"amount":400},{"posx":1,"posy":1,"amount":700},{"posx":7,"posy":1,"amount":550},{"posx":16,"posy":1,"amount":50},{"posx":13,"posy":2,"amount":150},{"posx":18,"posy":2,"amount":200},{"posx":6,"posy":3,"amount":750},{"posx":9,"posy":3,"amount":400},{"posx":11,"posy":3,"amount":700},{"posx":13,"posy":3,"amount":550},{"posx":7,"posy":4,"amount":600},{"posx":16,"posy":4,"amount":700},{"posx":6,"posy":5,"amount":100},{"posx":6,"posy":6,"amount":100},{"posx":15,"posy":6,"amount":700},{"posx":19,"posy":6,"amount":650},{"posx":9,"posy":7,"amount":300}],"changedObstacles":[]},{"players":[{"playerId":2349571,"score":50,"energy":31,"posx":18,"posy":2,"lastAction":4,"status":0},{"playerId":3099802,"score":100,"energy":30,"posx":13,"posy":3,"lastAction":0,"status":0},{"playerId":2365650,"score":225,"energy":21,"posx":16,"posy":1,"lastAction":5,"status":0},{"playerId":2483603,"score":225,"energy":21,"posx":16,"posy":1,"lastAction":5,"status":0}],"golds":[{"posx":0,"posy":0,"amount":650},{"posx":8,"posy":0,"amount":550},{"posx":0,"posy":1,"amount":400},{"posx":1,"posy":1,"amount":700},{"posx":7,"posy":1,"amount":550},{"posx":13,"posy":2,"amount":150},{"posx":18,"posy":2,"amount":200},{"posx":6,"posy":3,"amount":750},{"posx":9,"posy":3,"amount":400},{"posx":11,"posy":3,"amount":700},{"posx":13,"posy":3,"amount":550},{"posx":7,"posy":4,"amount":600},{"posx":16,"posy":4,"amount":700},{"posx":6,"posy":5,"amount":100},{"posx":6,"posy":6,"amount":100},{"posx":15,"posy":6,"amount":700},{"posx":19,"posy":6,"amount":650},{"posx":9,"posy":7,"amount":300}],"changedObstacles":[{"type":0,"posx":16,"posy":1,"value":-1}]},{"players":[{"playerId":2349571,"score":100,"energy":26,"posx":18,"posy":2,"lastAction":5,"status":0},{"playerId":3099802,"score":100,"energy":42,"posx":13,"posy":3,"lastAction":4,"status":0},{"playerId":2365650,"score":225,"energy":33,"posx":16,"posy":1,"lastAction":4,"status":0},{"playerId":2483603,"score":225,"energy":16,"posx":17,"posy":1,"lastAction":1,"status":0}],"golds":[{"posx":0,"posy":0,"amount":650},{"posx":8,"posy":0,"amount":550},{"posx":0,"posy":1,"amount":400},{"posx":1,"posy":1,"amount":700},{"posx":7,"posy":1,"amount":550},{"posx":13,"posy":2,"amount":150},{"posx":18,"posy":2,"amount":150},{"posx":6,"posy":3,"amount":750},{"posx":9,"posy":3,"amount":400},{"posx":11,"posy":3,"amount":700},{"posx":13,"posy":3,"amount":550},{"posx":7,"posy":4,"amount":600},{"posx":16,"posy":4,"amount":700},{"posx":6,"posy":5,"amount":100},{"posx":6,"posy":6,"amount":100},{"posx":15,"posy":6,"amount":700},{"posx":19,"posy":6,"amount":650},{"posx":9,"posy":7,"amount":300}],"changedObstacles":[{"type":3,"posx":17,"posy":1,"value":-20}]},{"players":[{"playerId":2349571,"score":150,"energy":21,"posx":18,"posy":2,"lastAction":5,"status":0},{"playerId":3099802,"score":150,"energy":37,"posx":13,"posy":3,"lastAction":5,"status":0},{"playerId":2365650,"score":225,"energy":49,"posx":16,"posy":1,"lastAction":4,"status":0},{"playerId":2483603,"score":225,"energy":15,"posx":17,"posy":2,"lastAction":3,"status":0}],"golds":[{"posx":0,"posy":0,"amount":650},{"posx":8,"posy":0,"amount":550},{"posx":0,"posy":1,"amount":400},{"posx":1,"posy":1,"amount":700},{"posx":7,"posy":1,"amount":550},{"posx":13,"posy":2,"amount":150},{"posx":18,"posy":2,"amount":100},{"posx":6,"posy":3,"amount":750},{"posx":9,"posy":3,"amount":400},{"posx":11,"posy":3,"amount":700},{"posx":13,"posy":3,"amount":500},{"posx":7,"posy":4,"amount":600},{"posx":16,"posy":4,"amount":700},{"posx":6,"posy":5,"amount":100},{"posx":6,"posy":6,"amount":100},{"posx":15,"posy":6,"amount":700},{"posx":19,"posy":6,"amount":650},{"posx":9,"posy":7,"amount":300}],"changedObstacles":[]},{"players":[{"playerId":2349571,"score":200,"energy":16,"posx":18,"posy":2,"lastAction":5,"status":0},{"playerId":3099802,"score":200,"energy":32,"posx":13,"posy":3,"lastAction":5,"status":0},{"playerId":2365650,"score":225,"energy":29,"posx":16,"posy":2,"lastAction":3,"status":0},{"playerId":2483603,"score":225,"energy":11,"posx":18,"posy":2,"lastAction":1,"status":0}],"golds":[{"posx":0,"posy":0,"amount":650},{"posx":8,"posy":0,"amount":550},{"posx":0,"posy":1,"amount":400},{"posx":1,"posy":1,"amount":700},{"posx":7,"posy":1,"amount":550},{"posx":13,"posy":2,"amount":150},{"posx":18,"posy":2,"amount":50},{"posx":6,"posy":3,"amount":750},{"posx":9,"posy":3,"amount":400},{"posx":11,"posy":3,"amount":700},{"posx":13,"posy":3,"amount":450},{"posx":7,"posy":4,"amount":600},{"posx":16,"posy":4,"amount":700},{"posx":6,"posy":5,"amount":100},{"posx":6,"posy":6,"amount":100},{"posx":15,"posy":6,"amount":700},{"posx":19,"posy":6,"amount":650},{"posx":9,"posy":7,"amount":300}],"changedObstacles":[{"type":3,"posx":16,"posy":2,"value":-40}]},{"players":[{"playerId":2349571,"score":200,"energy":28,"posx":18,"posy":2,"lastAction":4,"status":0},{"playerId":3099802,"score":250,"energy":27,"posx":13,"posy":3,"lastAction":5,"status":0},{"playerId":2365650,"score":225,"energy":9,"posx":15,"posy":2,"lastAction":0,"status":0},{"playerId":2483603,"score":275,"energy":6,"posx":18,"posy":2,"lastAction":5,"status":0}],"golds":[{"posx":0,"posy":0,"amount":650},{"posx":8,"posy":0,"amount":550},{"posx":0,"posy":1,"amount":400},{"posx":1,"posy":1,"amount":700},{"posx":7,"posy":1,"amount":550},{"posx":13,"posy":2,"amount":150},{"posx":6,"posy":3,"amount":750},{"posx":9,"posy":3,"amount":400},{"posx":11,"posy":3,"amount":700},{"posx":13,"posy":3,"amount":400},{"posx":7,"posy":4,"amount":600},{"posx":16,"posy":4,"amount":700},{"posx":6,"posy":5,"amount":100},{"posx":6,"posy":6,"amount":100},{"posx":15,"posy":6,"amount":700},{"posx":19,"posy":6,"amount":650},{"posx":9,"posy":7,"amount":300}],"changedObstacles":[{"type":0,"posx":18,"posy":2,"value":-1}]},{"players":[{"playerId":2349571,"score":200,"energy":22,"posx":18,"posy":3,"lastAction":3,"status":0},{"playerId":3099802,"score":300,"energy":22,"posx":13,"posy":3,"lastAction":5,"status":0},{"playerId":2365650,"score":225,"energy":8,"posx":14,"posy":2,"lastAction":0,"status":0},{"playerId":2483603,"score":275,"energy":5,"posx":17,"posy":2,"lastAction":0,"status":0}],"golds":[{"posx":0,"posy":0,"amount":650},{"posx":8,"posy":0,"amount":550},{"posx":0,"posy":1,"amount":400},{"posx":1,"posy":1,"amount":700},{"posx":7,"posy":1,"amount":550},{"posx":13,"posy":2,"amount":150},{"posx":6,"posy":3,"amount":750},{"posx":9,"posy":3,"amount":400},{"posx":11,"posy":3,"amount":700},{"posx":13,"posy":3,"amount":350},{"posx":7,"posy":4,"amount":600},{"posx":16,"posy":4,"amount":700},{"posx":6,"posy":5,"amount":100},{"posx":6,"posy":6,"amount":100},{"posx":15,"posy":6,"amount":700},{"posx":19,"posy":6,"amount":650},{"posx":9,"posy":7,"amount":300}],"changedObstacles":[]},{"players":[{"playerId":2349571,"score":200,"energy":9,"posx":17,"posy":3,"lastAction":0,"status":0},{"playerId":3099802,"score":350,"energy":17,"posx":13,"posy":3,"lastAction":5,"status":0},{"playerId":2365650,"score":225,"energy":4,"posx":13,"posy":2,"lastAction":0,"status":0},{"playerId":2483603,"score":275,"energy":17,"posx":17,"posy":2,"lastAction":4,"status":0}],"golds":[{"posx":0,"posy":0,"amount":650},{"posx":8,"posy":0,"amount":550},{"posx":0,"posy":1,"amount":400},{"posx":1,"posy":1,"amount":700},{"posx":7,"posy":1,"amount":550},{"posx":13,"posy":2,"amount":150},{"posx":6,"posy":3,"amount":750},{"posx":9,"posy":3,"amount":400},{"posx":11,"posy":3,"amount":700},{"posx":13,"posy":3,"amount":300},{"posx":7,"posy":4,"amount":600},{"posx":16,"posy":4,"amount":700},{"posx":6,"posy":5,"amount":100},{"posx":6,"posy":6,"amount":100},{"posx":15,"posy":6,"amount":700},{"posx":19,"posy":6,"amount":650},{"posx":9,"posy":7,"amount":300}],"changedObstacles":[]},{"players":[{"playerId":2349571,"score":200,"energy":21,"posx":17,"posy":3,"lastAction":4,"status":0},{"playerId":3099802,"score":400,"energy":12,"posx":13,"posy":3,"lastAction":5,"status":0},{"playerId":2365650,"score":225,"energy":16,"posx":13,"posy":2,"lastAction":4,"status":0},{"playerId":2483603,"score":275,"energy":33,"posx":17,"posy":2,"lastAction":4,"status":0}],"golds":[{"posx":0,"posy":0,"amount":650},{"posx":8,"posy":0,"amount":550},{"posx":0,"posy":1,"amount":400},{"posx":1,"posy":1,"amount":700},{"posx":7,"posy":1,"amount":550},{"posx":13,"posy":2,"amount":150},{"posx":6,"posy":3,"amount":750},{"posx":9,"posy":3,"amount":400},{"posx":11,"posy":3,"amount":700},{"posx":13,"posy":3,"amount":250},{"posx":7,"posy":4,"amount":600},{"posx":16,"posy":4,"amount":700},{"posx":6,"posy":5,"amount":100},{"posx":6,"posy":6,"amount":100},{"posx":15,"posy":6,"amount":700},{"posx":19,"posy":6,"amount":650},{"posx":9,"posy":7,"amount":300}],"changedObstacles":[]},{"players":[{"playerId":2349571,"score":200,"energy":16,"posx":17,"posy":4,"lastAction":3,"status":0},{"playerId":3099802,"score":450,"energy":7,"posx":13,"posy":3,"lastAction":5,"status":0},{"playerId":2365650,"score":275,"energy":11,"posx":13,"posy":2,"lastAction":5,"status":0},{"playerId":2483603,"score":275,"energy":24,"posx":17,"posy":3,"lastAction":3,"status":0}],"golds":[{"posx":0,"posy":0,"amount":650},{"posx":8,"posy":0,"amount":550},{"posx":0,"posy":1,"amount":400},{"posx":1,"posy":1,"amount":700},{"posx":7,"posy":1,"amount":550},{"posx":13,"posy":2,"amount":100},{"posx":6,"posy":3,"amount":750},{"posx":9,"posy":3,"amount":400},{"posx":11,"posy":3,"amount":700},{"posx":13,"posy":3,"amount":200},{"posx":7,"posy":4,"amount":600},{"posx":16,"posy":4,"amount":700},{"posx":6,"posy":5,"amount":100},{"posx":6,"posy":6,"amount":100},{"posx":15,"posy":6,"amount":700},{"posx":19,"posy":6,"amount":650},{"posx":9,"posy":7,"amount":300}],"changedObstacles":[{"type":3,"posx":17,"posy":4,"value":-20}]},{"players":[{"playerId":2349571,"score":200,"energy":28,"posx":17,"posy":4,"lastAction":4,"status":0},{"playerId":3099802,"score":500,"energy":2,"posx":13,"posy":3,"lastAction":5,"status":0},{"playerId":2365650,"score":325,"energy":6,"posx":13,"posy":2,"lastAction":5,"status":0},{"playerId":2483603,"score":275,"energy":19,"posx":16,"posy":3,"lastAction":0,"status":0}],"golds":[{"posx":0,"posy":0,"amount":650},{"posx":8,"posy":0,"amount":550},{"posx":0,"posy":1,"amount":400},{"posx":1,"posy":1,"amount":700},{"posx":7,"posy":1,"amount":550},{"posx":13,"posy":2,"amount":50},{"posx":6,"posy":3,"amount":750},{"posx":9,"posy":3,"amount":400},{"posx":11,"posy":3,"amount":700},{"posx":13,"posy":3,"amount":150},{"posx":7,"posy":4,"amount":600},{"posx":16,"posy":4,"amount":700},{"posx":6,"posy":5,"amount":100},{"posx":6,"posy":6,"amount":100},{"posx":15,"posy":6,"amount":700},{"posx":19,"posy":6,"amount":650},{"posx":9,"posy":7,"amount":300}],"changedObstacles":[{"type":3,"posx":16,"posy":3,"value":-20}]},{"players":[{"playerId":2349571,"score":200,"energy":9,"posx":17,"posy":5,"lastAction":3,"status":0},{"playerId":3099802,"score":500,"energy":14,"posx":13,"posy":3,"lastAction":4,"status":0},{"playerId":2365650,"score":375,"energy":1,"posx":13,"posy":2,"lastAction":5,"status":0},{"playerId":2483603,"score":275,"energy":15,"posx":16,"posy":4,"lastAction":3,"status":0}],"golds":[{"posx":0,"posy":0,"amount":650},{"posx":8,"posy":0,"amount":550},{"posx":0,"posy":1,"amount":400},{"posx":1,"posy":1,"amount":700},{"posx":7,"posy":1,"amount":550},{"posx":6,"posy":3,"amount":750},{"posx":9,"posy":3,"amount":400},{"posx":11,"posy":3,"amount":700},{"posx":13,"posy":3,"amount":150},{"posx":7,"posy":4,"amount":600},{"posx":16,"posy":4,"amount":700},{"posx":6,"posy":5,"amount":100},{"posx":6,"posy":6,"amount":100},{"posx":15,"posy":6,"amount":700},{"posx":19,"posy":6,"amount":650},{"posx":9,"posy":7,"amount":300}],"changedObstacles":[{"type":0,"posx":13,"posy":2,"value":-1}]},{"players":[{"playerId":2349571,"score":200,"energy":21,"posx":17,"posy":5,"lastAction":4,"status":0},{"playerId":3099802,"score":500,"energy":30,"posx":13,"posy":3,"lastAction":4,"status":0},{"playerId":2365650,"score":375,"energy":13,"posx":13,"posy":2,"lastAction":4,"status":0},{"playerId":2483603,"score":325,"energy":10,"posx":16,"posy":4,"lastAction":5,"status":0}],"golds":[{"posx":0,"posy":0,"amount":650},{"posx":8,"posy":0,"amount":550},{"posx":0,"posy":1,"amount":400},{"posx":1,"posy":1,"amount":700},{"posx":7,"posy":1,"amount":550},{"posx":6,"posy":3,"amount":750},{"posx":9,"posy":3,"amount":400},{"posx":11,"posy":3,"amount":700},{"posx":13,"posy":3,"amount":150},{"posx":7,"posy":4,"amount":600},{"posx":16,"posy":4,"amount":650},{"posx":6,"posy":5,"amount":100},{"posx":6,"posy":6,"amount":100},{"posx":15,"posy":6,"amount":700},{"posx":19,"posy":6,"amount":650},{"posx":9,"posy":7,"amount":300}],"changedObstacles":[]},{"players":[{"playerId":2349571,"score":200,"energy":16,"posx":17,"posy":6,"lastAction":3,"status":0},{"playerId":3099802,"score":550,"energy":25,"posx":13,"posy":3,"lastAction":5,"status":0},{"playerId":2365650,"score":375,"energy":29,"posx":13,"posy":2,"lastAction":4,"status":0},{"playerId":2483603,"score":375,"energy":5,"posx":16,"posy":4,"lastAction":5,"status":0}],"golds":[{"posx":0,"posy":0,"amount":650},{"posx":8,"posy":0,"amount":550},{"posx":0,"posy":1,"amount":400},{"posx":1,"posy":1,"amount":700},{"posx":7,"posy":1,"amount":550},{"posx":6,"posy":3,"amount":750},{"posx":9,"posy":3,"amount":400},{"posx":11,"posy":3,"amount":700},{"posx":13,"posy":3,"amount":100},{"posx":7,"posy":4,"amount":600},{"posx":16,"posy":4,"amount":600},{"posx":6,"posy":5,"amount":100},{"posx":6,"posy":6,"amount":100},{"posx":15,"posy":6,"amount":700},{"posx":19,"posy":6,"amount":650},{"posx":9,"posy":7,"amount":300}],"changedObstacles":[{"type":3,"posx":17,"posy":6,"value":-20}]},{"players":[{"playerId":2349571,"score":200,"energy":28,"posx":17,"posy":6,"lastAction":4,"status":0},{"playerId":3099802,"score":600,"energy":20,"posx":13,"posy":3,"lastAction":5,"status":0},{"playerId":2365650,"score":375,"energy":50,"posx":13,"posy":2,"lastAction":4,"status":0},{"playerId":2483603,"score":375,"energy":17,"posx":16,"posy":4,"lastAction":4,"status":0}],"golds":[{"posx":0,"posy":0,"amount":650},{"posx":8,"posy":0,"amount":550},{"posx":0,"posy":1,"amount":400},{"posx":1,"posy":1,"amount":700},{"posx":7,"posy":1,"amount":550},{"posx":6,"posy":3,"amount":750},{"posx":9,"posy":3,"amount":400},{"posx":11,"posy":3,"amount":700},{"posx":13,"posy":3,"amount":50},{"posx":7,"posy":4,"amount":600},{"posx":16,"posy":4,"amount":600},{"posx":6,"posy":5,"amount":100},{"posx":6,"posy":6,"amount":100},{"posx":15,"posy":6,"amount":700},{"posx":19,"posy":6,"amount":650},{"posx":9,"posy":7,"amount":300}],"changedObstacles":[]},{"players":[{"playerId":2349571,"score":200,"energy":17,"posx":17,"posy":7,"lastAction":3,"status":0},{"playerId":3099802,"score":650,"energy":15,"posx":13,"posy":3,"lastAction":5,"status":0},{"playerId":2365650,"score":375,"energy":46,"posx":13,"posy":3,"lastAction":3,"status":0},{"playerId":2483603,"score":375,"energy":33,"posx":16,"posy":4,"lastAction":4,"status":0}],"golds":[{"posx":0,"posy":0,"amount":650},{"posx":8,"posy":0,"amount":550},{"posx":0,"posy":1,"amount":400},{"posx":1,"posy":1,"amount":700},{"posx":7,"posy":1,"amount":550},{"posx":6,"posy":3,"amount":750},{"posx":9,"posy":3,"amount":400},{"posx":11,"posy":3,"amount":700},{"posx":7,"posy":4,"amount":600},{"posx":16,"posy":4,"amount":600},{"posx":6,"posy":5,"amount":100},{"posx":6,"posy":6,"amount":100},{"posx":15,"posy":6,"amount":700},{"posx":19,"posy":6,"amount":650},{"posx":9,"posy":7,"amount":300}],"changedObstacles":[{"type":0,"posx":13,"posy":3,"value":-1}]},{"players":[{"playerId":2349571,"score":200,"energy":29,"posx":17,"posy":7,"lastAction":4,"status":0},{"playerId":3099802,"score":650,"energy":14,"posx":12,"posy":3,"lastAction":0,"status":0},{"playerId":2365650,"score":375,"energy":45,"posx":12,"posy":3,"lastAction":0,"status":0},{"playerId":2483603,"score":425,"energy":28,"posx":16,"posy":4,"lastAction":5,"status":0}],"golds":[{"posx":0,"posy":0,"amount":650},{"posx":8,"posy":0,"amount":550},{"posx":0,"posy":1,"amount":400},{"posx":1,"posy":1,"amount":700},{"posx":7,"posy":1,"amount":550},{"posx":6,"posy":3,"amount":750},{"posx":9,"posy":3,"amount":400},{"posx":11,"posy":3,"amount":700},{"posx":7,"posy":4,"amount":600},{"posx":16,"posy":4,"amount":550},{"posx":6,"posy":5,"amount":100},{"posx":6,"posy":6,"amount":100},{"posx":15,"posy":6,"amount":700},{"posx":19,"posy":6,"amount":650},{"posx":9,"posy":7,"amount":300}],"changedObstacles":[]},{"players":[{"playerId":2349571,"score":200,"energy":19,"posx":16,"posy":7,"lastAction":0,"status":0},{"playerId":3099802,"score":650,"energy":10,"posx":11,"posy":3,"lastAction":0,"status":0},{"playerId":2365650,"score":375,"energy":41,"posx":11,"posy":3,"lastAction":0,"status":0},{"playerId":2483603,"score":475,"energy":23,"posx":16,"posy":4,"lastAction":5,"status":0}],"golds":[{"posx":0,"posy":0,"amount":650},{"posx":8,"posy":0,"amount":550},{"posx":0,"posy":1,"amount":400},{"posx":1,"posy":1,"amount":700},{"posx":7,"posy":1,"amount":550},{"posx":6,"posy":3,"amount":750},{"posx":9,"posy":3,"amount":400},{"posx":11,"posy":3,"amount":700},{"posx":7,"posy":4,"amount":600},{"posx":16,"posy":4,"amount":500},{"posx":6,"posy":5,"amount":100},{"posx":6,"posy":6,"amount":100},{"posx":15,"posy":6,"amount":700},{"posx":19,"posy":6,"amount":650},{"posx":9,"posy":7,"amount":300}],"changedObstacles":[{"type":0,"posx":16,"posy":7,"value":-1}]},{"players":[{"playerId":2349571,"score":200,"energy":31,"posx":16,"posy":7,"lastAction":4,"status":0},{"playerId":3099802,"score":650,"energy":22,"posx":11,"posy":3,"lastAction":4,"status":0},{"playerId":2365650,"score":425,"energy":36,"posx":11,"posy":3,"lastAction":5,"status":0},{"playerId":2483603,"score":525,"energy":18,"posx":16,"posy":4,"lastAction":5,"status":0}],"golds":[{"posx":0,"posy":0,"amount":650},{"posx":8,"posy":0,"amount":550},{"posx":0,"posy":1,"amount":400},{"posx":1,"posy":1,"amount":700},{"posx":7,"posy":1,"amount":550},{"posx":6,"posy":3,"amount":750},{"posx":9,"posy":3,"amount":400},{"posx":11,"posy":3,"amount":650},{"posx":7,"posy":4,"amount":600},{"posx":16,"posy":4,"amount":450},{"posx":6,"posy":5,"amount":100},{"posx":6,"posy":6,"amount":100},{"posx":15,"posy":6,"amount":700},{"posx":19,"posy":6,"amount":650},{"posx":9,"posy":7,"amount":300}],"changedObstacles":[]},{"players":[{"playerId":2349571,"score":200,"energy":30,"posx":15,"posy":7,"lastAction":0,"status":0},{"playerId":3099802,"score":650,"energy":38,"posx":11,"posy":3,"lastAction":4,"status":0},{"playerId":2365650,"score":475,"energy":31,"posx":11,"posy":3,"lastAction":5,"status":0},{"playerId":2483603,"score":575,"energy":13,"posx":16,"posy":4,"lastAction":5,"status":0}],"golds":[{"posx":0,"posy":0,"amount":650},{"posx":8,"posy":0,"amount":550},{"posx":0,"posy":1,"amount":400},{"posx":1,"posy":1,"amount":700},{"posx":7,"posy":1,"amount":550},{"posx":6,"posy":3,"amount":750},{"posx":9,"posy":3,"amount":400},{"posx":11,"posy":3,"amount":600},{"posx":7,"posy":4,"amount":600},{"posx":16,"posy":4,"amount":400},{"posx":6,"posy":5,"amount":100},{"posx":6,"posy":6,"amount":100},{"posx":15,"posy":6,"amount":700},{"posx":19,"posy":6,"amount":650},{"posx":9,"posy":7,"amount":300}],"changedObstacles":[]},{"players":[{"playerId":2349571,"score":200,"energy":23,"posx":14,"posy":7,"lastAction":0,"status":0},{"playerId":3099802,"score":700,"energy":33,"posx":11,"posy":3,"lastAction":5,"status":0},{"playerId":2365650,"score":525,"energy":26,"posx":11,"posy":3,"lastAction":5,"status":0},{"playerId":2483603,"score":625,"energy":8,"posx":16,"posy":4,"lastAction":5,"status":0}],"golds":[{"posx":0,"posy":0,"amount":650},{"posx":8,"posy":0,"amount":550},{"posx":0,"posy":1,"amount":400},{"posx":1,"posy":1,"amount":700},{"posx":7,"posy":1,"amount":550},{"posx":6,"posy":3,"amount":750},{"posx":9,"posy":3,"amount":400},{"posx":11,"posy":3,"amount":500},{"posx":7,"posy":4,"amount":600},{"posx":16,"posy":4,"amount":350},{"posx":6,"posy":5,"amount":100},{"posx":6,"posy":6,"amount":100},{"posx":15,"posy":6,"amount":700},{"posx":19,"posy":6,"amount":650},{"posx":9,"posy":7,"amount":300}],"changedObstacles":[]},{"players":[{"playerId":2349571,"score":200,"energy":13,"posx":13,"posy":7,"lastAction":0,"status":0},{"playerId":3099802,"score":750,"energy":28,"posx":11,"posy":3,"lastAction":5,"status":0},{"playerId":2365650,"score":575,"energy":21,"posx":11,"posy":3,"lastAction":5,"status":0},{"playerId":2483603,"score":675,"energy":3,"posx":16,"posy":4,"lastAction":5,"status":0}],"golds":[{"posx":0,"posy":0,"amount":650},{"posx":8,"posy":0,"amount":550},{"posx":0,"posy":1,"amount":400},{"posx":1,"posy":1,"amount":700},{"posx":7,"posy":1,"amount":550},{"posx":6,"posy":3,"amount":750},{"posx":9,"posy":3,"amount":400},{"posx":11,"posy":3,"amount":400},{"posx":7,"posy":4,"amount":600},{"posx":16,"posy":4,"amount":300},{"posx":6,"posy":5,"amount":100},{"posx":6,"posy":6,"amount":100},{"posx":15,"posy":6,"amount":700},{"posx":19,"posy":6,"amount":650},{"posx":9,"posy":7,"amount":300}],"changedObstacles":[{"type":0,"posx":13,"posy":7,"value":-1}]},{"players":[{"playerId":2349571,"score":200,"energy":25,"posx":13,"posy":7,"lastAction":4,"status":0},{"playerId":3099802,"score":800,"energy":23,"posx":11,"posy":3,"lastAction":5,"status":0},{"playerId":2365650,"score":625,"energy":16,"posx":11,"posy":3,"lastAction":5,"status":0},{"playerId":2483603,"score":675,"energy":15,"posx":16,"posy":4,"lastAction":4,"status":0}],"golds":[{"posx":0,"posy":0,"amount":650},{"posx":8,"posy":0,"amount":550},{"posx":0,"posy":1,"amount":400},{"posx":1,"posy":1,"amount":700},{"posx":7,"posy":1,"amount":550},{"posx":6,"posy":3,"amount":750},{"posx":9,"posy":3,"amount":400},{"posx":11,"posy":3,"amount":300},{"posx":7,"posy":4,"amount":600},{"posx":16,"posy":4,"amount":300},{"posx":6,"posy":5,"amount":100},{"posx":6,"posy":6,"amount":100},{"posx":15,"posy":6,"amount":700},{"posx":19,"posy":6,"amount":650},{"posx":9,"posy":7,"amount":300}],"changedObstacles":[]},{"players":[{"playerId":2349571,"score":200,"energy":15,"posx":12,"posy":7,"lastAction":0,"status":0},{"playerId":3099802,"score":850,"energy":18,"posx":11,"posy":3,"lastAction":5,"status":0},{"playerId":2365650,"score":675,"energy":11,"posx":11,"posy":3,"lastAction":5,"status":0},{"playerId":2483603,"score":675,"energy":31,"posx":16,"posy":4,"lastAction":4,"status":0}],"golds":[{"posx":0,"posy":0,"amount":650},{"posx":8,"posy":0,"amount":550},{"posx":0,"posy":1,"amount":400},{"posx":1,"posy":1,"amount":700},{"posx":7,"posy":1,"amount":550},{"posx":6,"posy":3,"amount":750},{"posx":9,"posy":3,"amount":400},{"posx":11,"posy":3,"amount":200},{"posx":7,"posy":4,"amount":600},{"posx":16,"posy":4,"amount":300},{"posx":6,"posy":5,"amount":100},{"posx":6,"posy":6,"amount":100},{"posx":15,"posy":6,"amount":700},{"posx":19,"posy":6,"amount":650},{"posx":9,"posy":7,"amount":300}],"changedObstacles":[{"type":0,"posx":12,"posy":7,"value":-1}]},{"players":[{"playerId":2349571,"score":200,"energy":27,"posx":12,"posy":7,"lastAction":4,"status":0},{"playerId":3099802,"score":900,"energy":13,"posx":11,"posy":3,"lastAction":5,"status":0},{"playerId":2365650,"score":725,"energy":6,"posx":11,"posy":3,"lastAction":5,"status":0},{"playerId":2483603,"score":725,"energy":26,"posx":16,"posy":4,"lastAction":5,"status":0}],"golds":[{"posx":0,"posy":0,"amount":650},{"posx":8,"posy":0,"amount":550},{"posx":0,"posy":1,"amount":400},{"posx":1,"posy":1,"amount":700},{"posx":7,"posy":1,"amount":550},{"posx":6,"posy":3,"amount":750},{"posx":9,"posy":3,"amount":400},{"posx":11,"posy":3,"amount":100},{"posx":7,"posy":4,"amount":600},{"posx":16,"posy":4,"amount":250},{"posx":6,"posy":5,"amount":100},{"posx":6,"posy":6,"amount":100},{"posx":15,"posy":6,"amount":700},{"posx":19,"posy":6,"amount":650},{"posx":9,"posy":7,"amount":300}],"changedObstacles":[]},{"players":[{"playerId":2349571,"score":200,"energy":26,"posx":11,"posy":7,"lastAction":0,"status":0},{"playerId":3099802,"score":950,"energy":8,"posx":11,"posy":3,"lastAction":5,"status":0},{"playerId":2365650,"score":775,"energy":1,"posx":11,"posy":3,"lastAction":5,"status":0},{"playerId":2483603,"score":775,"energy":21,"posx":16,"posy":4,"lastAction":5,"status":0}],"golds":[{"posx":0,"posy":0,"amount":650},{"posx":8,"posy":0,"amount":550},{"posx":0,"posy":1,"amount":400},{"posx":1,"posy":1,"amount":700},{"posx":7,"posy":1,"amount":550},{"posx":6,"posy":3,"amount":750},{"posx":9,"posy":3,"amount":400},{"posx":7,"posy":4,"amount":600},{"posx":16,"posy":4,"amount":200},{"posx":6,"posy":5,"amount":100},{"posx":6,"posy":6,"amount":100},{"posx":15,"posy":6,"amount":700},{"posx":19,"posy":6,"amount":650},{"posx":9,"posy":7,"amount":300}],"changedObstacles":[{"type":0,"posx":11,"posy":3,"value":-1}]},{"players":[{"playerId":2349571,"score":200,"energy":19,"posx":10,"posy":7,"lastAction":0,"status":0},{"playerId":3099802,"score":950,"energy":20,"posx":11,"posy":3,"lastAction":4,"status":0},{"playerId":2365650,"score":775,"energy":13,"posx":11,"posy":3,"lastAction":4,"status":0},{"playerId":2483603,"score":825,"energy":16,"posx":16,"posy":4,"lastAction":5,"status":0}],"golds":[{"posx":0,"posy":0,"amount":650},{"posx":8,"posy":0,"amount":550},{"posx":0,"posy":1,"amount":400},{"posx":1,"posy":1,"amount":700},{"posx":7,"posy":1,"amount":550},{"posx":6,"posy":3,"amount":750},{"posx":9,"posy":3,"amount":400},{"posx":7,"posy":4,"amount":600},{"posx":16,"posy":4,"amount":150},{"posx":6,"posy":5,"amount":100},{"posx":6,"posy":6,"amount":100},{"posx":15,"posy":6,"amount":700},{"posx":19,"posy":6,"amount":650},{"posx":9,"posy":7,"amount":300}],"changedObstacles":[]},{"players":[{"playerId":2349571,"score":200,"energy":31,"posx":10,"posy":7,"lastAction":4,"status":0},{"playerId":3099802,"score":950,"energy":10,"posx":10,"posy":3,"lastAction":0,"status":0},{"playerId":2365650,"score":775,"energy":29,"posx":11,"posy":3,"lastAction":4,"status":0},{"playerId":2483603,"score":875,"energy":11,"posx":16,"posy":4,"lastAction":5,"status":0}],"golds":[{"posx":0,"posy":0,"amount":650},{"posx":8,"posy":0,"amount":550},{"posx":0,"posy":1,"amount":400},{"posx":1,"posy":1,"amount":700},{"posx":7,"posy":1,"amount":550},{"posx":6,"posy":3,"amount":750},{"posx":9,"posy":3,"amount":400},{"posx":7,"posy":4,"amount":600},{"posx":16,"posy":4,"amount":100},{"posx":6,"posy":5,"amount":100},{"posx":6,"posy":6,"amount":100},{"posx":15,"posy":6,"amount":700},{"posx":19,"posy":6,"amount":650},{"posx":9,"posy":7,"amount":300}],"changedObstacles":[{"type":0,"posx":10,"posy":3,"value":-1}]},{"players":[{"playerId":2349571,"score":200,"energy":27,"posx":9,"posy":7,"lastAction":0,"status":0},{"playerId":3099802,"score":950,"energy":6,"posx":9,"posy":3,"lastAction":0,"status":0},{"playerId":2365650,"score":775,"energy":50,"posx":11,"posy":3,"lastAction":4,"status":0},{"playerId":2483603,"score":925,"energy":6,"posx":16,"posy":4,"lastAction":5,"status":0}],"golds":[{"posx":0,"posy":0,"amount":650},{"posx":8,"posy":0,"amount":550},{"posx":0,"posy":1,"amount":400},{"posx":1,"posy":1,"amount":700},{"posx":7,"posy":1,"amount":550},{"posx":6,"posy":3,"amount":750},{"posx":9,"posy":3,"amount":400},{"posx":7,"posy":4,"amount":600},{"posx":16,"posy":4,"amount":50},{"posx":6,"posy":5,"amount":100},{"posx":6,"posy":6,"amount":100},{"posx":15,"posy":6,"amount":700},{"posx":19,"posy":6,"amount":650},{"posx":9,"posy":7,"amount":300}],"changedObstacles":[]},{"players":[{"playerId":2349571,"score":250,"energy":22,"posx":9,"posy":7,"lastAction":5,"status":0},{"playerId":3099802,"score":950,"energy":18,"posx":9,"posy":3,"lastAction":4,"status":0},{"playerId":2365650,"score":775,"energy":49,"posx":10,"posy":3,"lastAction":0,"status":0},{"playerId":2483603,"score":975,"energy":1,"posx":16,"posy":4,"lastAction":5,"status":0}],"golds":[{"posx":0,"posy":0,"amount":650},{"posx":8,"posy":0,"amount":550},{"posx":0,"posy":1,"amount":400},{"posx":1,"posy":1,"amount":700},{"posx":7,"posy":1,"amount":550},{"posx":6,"posy":3,"amount":750},{"posx":9,"posy":3,"amount":400},{"posx":7,"posy":4,"amount":600},{"posx":6,"posy":5,"amount":100},{"posx":6,"posy":6,"amount":100},{"posx":15,"posy":6,"amount":700},{"posx":19,"posy":6,"amount":650},{"posx":9,"posy":7,"amount":250}],"changedObstacles":[{"type":0,"posx":16,"posy":4,"value":-1}]},{"players":[{"playerId":2349571,"score":300,"energy":17,"posx":9,"posy":7,"lastAction":5,"status":0},{"playerId":3099802,"score":950,"energy":34,"posx":9,"posy":3,"lastAction":4,"status":0},{"playerId":2365650,"score":775,"energy":45,"posx":9,"posy":3,"lastAction":0,"status":0},{"playerId":2483603,"score":975,"energy":13,"posx":16,"posy":4,"lastAction":4,"status":0}],"golds":[{"posx":0,"posy":0,"amount":650},{"posx":8,"posy":0,"amount":550},{"posx":0,"posy":1,"amount":400},{"posx":1,"posy":1,"amount":700},{"posx":7,"posy":1,"amount":550},{"posx":6,"posy":3,"amount":750},{"posx":9,"posy":3,"amount":400},{"posx":7,"posy":4,"amount":600},{"posx":6,"posy":5,"amount":100},{"posx":6,"posy":6,"amount":100},{"posx":15,"posy":6,"amount":700},{"posx":19,"posy":6,"amount":650},{"posx":9,"posy":7,"amount":200}],"changedObstacles":[]},{"players":[{"playerId":2349571,"score":300,"energy":29,"posx":9,"posy":7,"lastAction":4,"status":0},{"playerId":3099802,"score":1000,"energy":29,"posx":9,"posy":3,"lastAction":5,"status":0},{"playerId":2365650,"score":825,"energy":40,"posx":9,"posy":3,"lastAction":5,"status":0},{"playerId":2483603,"score":975,"energy":29,"posx":16,"posy":4,"lastAction":4,"status":0}],"golds":[{"posx":0,"posy":0,"amount":650},{"posx":8,"posy":0,"amount":550},{"posx":0,"posy":1,"amount":400},{"posx":1,"posy":1,"amount":700},{"posx":7,"posy":1,"amount":550},{"posx":6,"posy":3,"amount":750},{"posx":9,"posy":3,"amount":300},{"posx":7,"posy":4,"amount":600},{"posx":6,"posy":5,"amount":100},{"posx":6,"posy":6,"amount":100},{"posx":15,"posy":6,"amount":700},{"posx":19,"posy":6,"amount":650},{"posx":9,"posy":7,"amount":200}],"changedObstacles":[]},{"players":[{"playerId":2349571,"score":350,"energy":24,"posx":9,"posy":7,"lastAction":5,"status":0},{"playerId":3099802,"score":1050,"energy":24,"posx":9,"posy":3,"lastAction":5,"status":0},{"playerId":2365650,"score":875,"energy":35,"posx":9,"posy":3,"lastAction":5,"status":0},{"playerId":2483603,"score":975,"energy":24,"posx":16,"posy":5,"lastAction":3,"status":0}],"golds":[{"posx":0,"posy":0,"amount":650},{"posx":8,"posy":0,"amount":550},{"posx":0,"posy":1,"amount":400},{"posx":1,"posy":1,"amount":700},{"posx":7,"posy":1,"amount":550},{"posx":6,"posy":3,"amount":750},{"posx":9,"posy":3,"amount":200},{"posx":7,"posy":4,"amount":600},{"posx":6,"posy":5,"amount":100},{"posx":6,"posy":6,"amount":100},{"posx":15,"posy":6,"amount":700},{"posx":19,"posy":6,"amount":650},{"posx":9,"posy":7,"amount":150}],"changedObstacles":[{"type":3,"posx":16,"posy":5,"value":-20}]},{"players":[{"playerId":2349571,"score":400,"energy":19,"posx":9,"posy":7,"lastAction":5,"status":0},{"playerId":3099802,"score":1100,"energy":19,"posx":9,"posy":3,"lastAction":5,"status":0},{"playerId":2365650,"score":925,"energy":30,"posx":9,"posy":3,"lastAction":5,"status":0},{"playerId":2483603,"score":975,"energy":23,"posx":15,"posy":5,"lastAction":0,"status":0}],"golds":[{"posx":0,"posy":0,"amount":650},{"posx":8,"posy":0,"amount":550},{"posx":0,"posy":1,"amount":400},{"posx":1,"posy":1,"amount":700},{"posx":7,"posy":1,"amount":550},{"posx":6,"posy":3,"amount":750},{"posx":9,"posy":3,"amount":100},{"posx":7,"posy":4,"amount":600},{"posx":6,"posy":5,"amount":100},{"posx":6,"posy":6,"amount":100},{"posx":15,"posy":6,"amount":700},{"posx":19,"posy":6,"amount":650},{"posx":9,"posy":7,"amount":100}],"changedObstacles":[]},{"players":[{"playerId":2349571,"score":400,"energy":31,"posx":9,"posy":7,"lastAction":4,"status":0},{"playerId":3099802,"score":1150,"energy":14,"posx":9,"posy":3,"lastAction":5,"status":0},{"playerId":2365650,"score":975,"energy":25,"posx":9,"posy":3,"lastAction":5,"status":0},{"playerId":2483603,"score":975,"energy":19,"posx":15,"posy":6,"lastAction":3,"status":0}],"golds":[{"posx":0,"posy":0,"amount":650},{"posx":8,"posy":0,"amount":550},{"posx":0,"posy":1,"amount":400},{"posx":1,"posy":1,"amount":700},{"posx":7,"posy":1,"amount":550},{"posx":6,"posy":3,"amount":750},{"posx":7,"posy":4,"amount":600},{"posx":6,"posy":5,"amount":100},{"posx":6,"posy":6,"amount":100},{"posx":15,"posy":6,"amount":700},{"posx":19,"posy":6,"amount":650},{"posx":9,"posy":7,"amount":100}],"changedObstacles":[{"type":0,"posx":9,"posy":3,"value":-1}]},{"players":[{"playerId":2349571,"score":450,"energy":26,"posx":9,"posy":7,"lastAction":5,"status":0},{"playerId":3099802,"score":1150,"energy":13,"posx":9,"posy":4,"lastAction":3,"status":0},{"playerId":2365650,"score":975,"energy":24,"posx":9,"posy":4,"lastAction":3,"status":0},{"playerId":2483603,"score":1025,"energy":14,"posx":15,"posy":6,"lastAction":5,"status":0}],"golds":[{"posx":0,"posy":0,"amount":650},{"posx":8,"posy":0,"amount":550},{"posx":0,"posy":1,"amount":400},{"posx":1,"posy":1,"amount":700},{"posx":7,"posy":1,"amount":550},{"posx":6,"posy":3,"amount":750},{"posx":7,"posy":4,"amount":600},{"posx":6,"posy":5,"amount":100},{"posx":6,"posy":6,"amount":100},{"posx":15,"posy":6,"amount":650},{"posx":19,"posy":6,"amount":650},{"posx":9,"posy":7,"amount":50}],"changedObstacles":[]},{"players":[{"playerId":2349571,"score":500,"energy":21,"posx":9,"posy":7,"lastAction":5,"status":0},{"playerId":3099802,"score":1150,"energy":3,"posx":8,"posy":4,"lastAction":0,"status":0},{"playerId":2365650,"score":975,"energy":14,"posx":8,"posy":4,"lastAction":0,"status":0},{"playerId":2483603,"score":1075,"energy":9,"posx":15,"posy":6,"lastAction":5,"status":0}],"golds":[{"posx":0,"posy":0,"amount":650},{"posx":8,"posy":0,"amount":550},{"posx":0,"posy":1,"amount":400},{"posx":1,"posy":1,"amount":700},{"posx":7,"posy":1,"amount":550},{"posx":6,"posy":3,"amount":750},{"posx":7,"posy":4,"amount":600},{"posx":6,"posy":5,"amount":100},{"posx":6,"posy":6,"amount":100},{"posx":15,"posy":6,"amount":600},{"posx":19,"posy":6,"amount":650}],"changedObstacles":[{"type":0,"posx":8,"posy":4,"value":-1},{"type":0,"posx":9,"posy":7,"value":-1}]},{"players":[{"playerId":2349571,"score":500,"energy":10,"posx":10,"posy":7,"lastAction":1,"status":0},{"playerId":3099802,"score":1150,"energy":15,"posx":8,"posy":4,"lastAction":4,"status":0},{"playerId":2365650,"score":975,"energy":10,"posx":7,"posy":4,"lastAction":0,"status":0},{"playerId":2483603,"score":1125,"energy":4,"posx":15,"posy":6,"lastAction":5,"status":0}],"golds":[{"posx":0,"posy":0,"amount":650},{"posx":8,"posy":0,"amount":550},{"posx":0,"posy":1,"amount":400},{"posx":1,"posy":1,"amount":700},{"posx":7,"posy":1,"amount":550},{"posx":6,"posy":3,"amount":750},{"posx":7,"posy":4,"amount":600},{"posx":6,"posy":5,"amount":100},{"posx":6,"posy":6,"amount":100},{"posx":15,"posy":6,"amount":550},{"posx":19,"posy":6,"amount":650}],"changedObstacles":[]},{"players":[{"playerId":2349571,"score":500,"energy":22,"posx":10,"posy":7,"lastAction":4,"status":0},{"playerId":3099802,"score":1150,"energy":11,"posx":7,"posy":4,"lastAction":0,"status":0},{"playerId":2365650,"score":1025,"energy":5,"posx":7,"posy":4,"lastAction":5,"status":0},{"playerId":2483603,"score":1125,"energy":16,"posx":15,"posy":6,"lastAction":4,"status":0}],"golds":[{"posx":0,"posy":0,"amount":650},{"posx":8,"posy":0,"amount":550},{"posx":0,"posy":1,"amount":400},{"posx":1,"posy":1,"amount":700},{"posx":7,"posy":1,"amount":550},{"posx":6,"posy":3,"amount":750},{"posx":7,"posy":4,"amount":550},{"posx":6,"posy":5,"amount":100},{"posx":6,"posy":6,"amount":100},{"posx":15,"posy":6,"amount":550},{"posx":19,"posy":6,"amount":650}],"changedObstacles":[]},{"players":[{"playerId":2349571,"score":500,"energy":21,"posx":10,"posy":6,"lastAction":2,"status":0},{"playerId":3099802,"score":1150,"energy":23,"posx":7,"posy":4,"lastAction":4,"status":0},{"playerId":2365650,"score":1025,"energy":17,"posx":7,"posy":4,"lastAction":4,"status":0},{"playerId":2483603,"score":1125,"energy":32,"posx":15,"posy":6,"lastAction":4,"status":0}],"golds":[{"posx":0,"posy":0,"amount":650},{"posx":8,"posy":0,"amount":550},{"posx":0,"posy":1,"amount":400},{"posx":1,"posy":1,"amount":700},{"posx":7,"posy":1,"amount":550},{"posx":6,"posy":3,"amount":750},{"posx":7,"posy":4,"amount":550},{"posx":6,"posy":5,"amount":100},{"posx":6,"posy":6,"amount":100},{"posx":15,"posy":6,"amount":550},{"posx":19,"posy":6,"amount":650}],"changedObstacles":[]},{"players":[{"playerId":2349571,"score":500,"energy":16,"posx":11,"posy":6,"lastAction":1,"status":0},{"playerId":3099802,"score":1150,"energy":39,"posx":7,"posy":4,"lastAction":4,"status":0},{"playerId":2365650,"score":1025,"energy":33,"posx":7,"posy":4,"lastAction":4,"status":0},{"playerId":2483603,"score":1175,"energy":27,"posx":15,"posy":6,"lastAction":5,"status":0}],"golds":[{"posx":0,"posy":0,"amount":650},{"posx":8,"posy":0,"amount":550},{"posx":0,"posy":1,"amount":400},{"posx":1,"posy":1,"amount":700},{"posx":7,"posy":1,"amount":550},{"posx":6,"posy":3,"amount":750},{"posx":7,"posy":4,"amount":550},{"posx":6,"posy":5,"amount":100},{"posx":6,"posy":6,"amount":100},{"posx":15,"posy":6,"amount":500},{"posx":19,"posy":6,"amount":650}],"changedObstacles":[{"type":3,"posx":11,"posy":6,"value":-20}]},{"players":[{"playerId":2349571,"score":500,"energy":28,"posx":11,"posy":6,"lastAction":4,"status":0},{"playerId":3099802,"score":1200,"energy":34,"posx":7,"posy":4,"lastAction":5,"status":0},{"playerId":2365650,"score":1075,"energy":28,"posx":7,"posy":4,"lastAction":5,"status":0},{"playerId":2483603,"score":1225,"energy":22,"posx":15,"posy":6,"lastAction":5,"status":0}],"golds":[{"posx":0,"posy":0,"amount":650},{"posx":8,"posy":0,"amount":550},{"posx":0,"posy":1,"amount":400},{"posx":1,"posy":1,"amount":700},{"posx":7,"posy":1,"amount":550},{"posx":6,"posy":3,"amount":750},{"posx":7,"posy":4,"amount":450},{"posx":6,"posy":5,"amount":100},{"posx":6,"posy":6,"amount":100},{"posx":15,"posy":6,"amount":450},{"posx":19,"posy":6,"amount":650}],"changedObstacles":[]},{"players":[{"playerId":2349571,"score":500,"energy":20,"posx":12,"posy":6,"lastAction":1,"status":0},{"playerId":3099802,"score":1250,"energy":29,"posx":7,"posy":4,"lastAction":5,"status":0},{"playerId":2365650,"score":1125,"energy":23,"posx":7,"posy":4,"lastAction":5,"status":0},{"playerId":2483603,"score":1275,"energy":17,"posx":15,"posy":6,"lastAction":5,"status":0}],"golds":[{"posx":0,"posy":0,"amount":650},{"posx":8,"posy":0,"amount":550},{"posx":0,"posy":1,"amount":400},{"posx":1,"posy":1,"amount":700},{"posx":7,"posy":1,"amount":550},{"posx":6,"posy":3,"amount":750},{"posx":7,"posy":4,"amount":350},{"posx":6,"posy":5,"amount":100},{"posx":6,"posy":6,"amount":100},{"posx":15,"posy":6,"amount":400},{"posx":19,"posy":6,"amount":650}],"changedObstacles":[]},{"players":[{"playerId":2349571,"score":500,"energy":3,"posx":13,"posy":6,"lastAction":1,"status":0},{"playerId":3099802,"score":1300,"energy":24,"posx":7,"posy":4,"lastAction":5,"status":0},{"playerId":2365650,"score":1175,"energy":18,"posx":7,"posy":4,"lastAction":5,"status":0},{"playerId":2483603,"score":1325,"energy":12,"posx":15,"posy":6,"lastAction":5,"status":0}],"golds":[{"posx":0,"posy":0,"amount":650},{"posx":8,"posy":0,"amount":550},{"posx":0,"posy":1,"amount":400},{"posx":1,"posy":1,"amount":700},{"posx":7,"posy":1,"amount":550},{"posx":6,"posy":3,"amount":750},{"posx":7,"posy":4,"amount":250},{"posx":6,"posy":5,"amount":100},{"posx":6,"posy":6,"amount":100},{"posx":15,"posy":6,"amount":350},{"posx":19,"posy":6,"amount":650}],"changedObstacles":[]},{"players":[{"playerId":2349571,"score":500,"energy":15,"posx":13,"posy":6,"lastAction":4,"status":0},{"playerId":3099802,"score":1350,"energy":19,"posx":7,"posy":4,"lastAction":5,"status":0},{"playerId":2365650,"score":1225,"energy":13,"posx":7,"posy":4,"lastAction":5,"status":0},{"playerId":2483603,"score":1375,"energy":7,"posx":15,"posy":6,"lastAction":5,"status":0}],"golds":[{"posx":0,"posy":0,"amount":650},{"posx":8,"posy":0,"amount":550},{"posx":0,"posy":1,"amount":400},{"posx":1,"posy":1,"amount":700},{"posx":7,"posy":1,"amount":550},{"posx":6,"posy":3,"amount":750},{"posx":7,"posy":4,"amount":150},{"posx":6,"posy":5,"amount":100},{"posx":6,"posy":6,"amount":100},{"posx":15,"posy":6,"amount":300},{"posx":19,"posy":6,"amount":650}],"changedObstacles":[]},{"players":[{"playerId":2349571,"score":500,"energy":31,"posx":13,"posy":6,"lastAction":4,"status":0},{"playerId":3099802,"score":1400,"energy":14,"posx":7,"posy":4,"lastAction":5,"status":0},{"playerId":2365650,"score":1275,"energy":8,"posx":7,"posy":4,"lastAction":5,"status":0},{"playerId":2483603,"score":1425,"energy":2,"posx":15,"posy":6,"lastAction":5,"status":0}],"golds":[{"posx":0,"posy":0,"amount":650},{"posx":8,"posy":0,"amount":550},{"posx":0,"posy":1,"amount":400},{"posx":1,"posy":1,"amount":700},{"posx":7,"posy":1,"amount":550},{"posx":6,"posy":3,"amount":750},{"posx":7,"posy":4,"amount":50},{"posx":6,"posy":5,"amount":100},{"posx":6,"posy":6,"amount":100},{"posx":15,"posy":6,"amount":250},{"posx":19,"posy":6,"amount":650}],"changedObstacles":[]},{"players":[{"playerId":2349571,"score":500,"energy":30,"posx":14,"posy":6,"lastAction":1,"status":0},{"playerId":3099802,"score":1425,"energy":9,"posx":7,"posy":4,"lastAction":5,"status":0},{"playerId":2365650,"score":1300,"energy":3,"posx":7,"posy":4,"lastAction":5,"status":0},{"playerId":2483603,"score":1425,"energy":14,"posx":15,"posy":6,"lastAction":4,"status":0}],"golds":[{"posx":0,"posy":0,"amount":650},{"posx":8,"posy":0,"amount":550},{"posx":0,"posy":1,"amount":400},{"posx":1,"posy":1,"amount":700},{"posx":7,"posy":1,"amount":550},{"posx":6,"posy":3,"amount":750},{"posx":6,"posy":5,"amount":100},{"posx":6,"posy":6,"amount":100},{"posx":15,"posy":6,"amount":250},{"posx":19,"posy":6,"amount":650}],"changedObstacles":[{"type":0,"posx":7,"posy":4,"value":-1}]},{"players":[{"playerId":2349571,"score":500,"energy":26,"posx":15,"posy":6,"lastAction":1,"status":0},{"playerId":3099802,"score":1425,"energy":8,"posx":7,"posy":3,"lastAction":2,"status":0},{"playerId":2365650,"score":1300,"energy":15,"posx":7,"posy":4,"lastAction":4,"status":0},{"playerId":2483603,"score":1425,"energy":30,"posx":15,"posy":6,"lastAction":4,"status":0}],"golds":[{"posx":0,"posy":0,"amount":650},{"posx":8,"posy":0,"amount":550},{"posx":0,"posy":1,"amount":400},{"posx":1,"posy":1,"amount":700},{"posx":7,"posy":1,"amount":550},{"posx":6,"posy":3,"amount":750},{"posx":6,"posy":5,"amount":100},{"posx":6,"posy":6,"amount":100},{"posx":15,"posy":6,"amount":250},{"posx":19,"posy":6,"amount":650}],"changedObstacles":[]},{"players":[{"playerId":2349571,"score":550,"energy":21,"posx":15,"posy":6,"lastAction":5,"status":0},{"playerId":3099802,"score":1425,"energy":4,"posx":6,"posy":3,"lastAction":0,"status":0},{"playerId":2365650,"score":1300,"energy":31,"posx":7,"posy":4,"lastAction":4,"status":0},{"playerId":2483603,"score":1475,"energy":25,"posx":15,"posy":6,"lastAction":5,"status":0}],"golds":[{"posx":0,"posy":0,"amount":650},{"posx":8,"posy":0,"amount":550},{"posx":0,"posy":1,"amount":400},{"posx":1,"posy":1,"amount":700},{"posx":7,"posy":1,"amount":550},{"posx":6,"posy":3,"amount":750},{"posx":6,"posy":5,"amount":100},{"posx":6,"posy":6,"amount":100},{"posx":15,"posy":6,"amount":150},{"posx":19,"posy":6,"amount":650}],"changedObstacles":[]},{"players":[{"playerId":2349571,"score":600,"energy":16,"posx":15,"posy":6,"lastAction":5,"status":0},{"playerId":3099802,"score":1425,"energy":16,"posx":6,"posy":3,"lastAction":4,"status":0},{"playerId":2365650,"score":1300,"energy":50,"posx":7,"posy":4,"lastAction":4,"status":0},{"playerId":2483603,"score":1525,"energy":20,"posx":15,"posy":6,"lastAction":5,"status":0}],"golds":[{"posx":0,"posy":0,"amount":650},{"posx":8,"posy":0,"amount":550},{"posx":0,"posy":1,"amount":400},{"posx":1,"posy":1,"amount":700},{"posx":7,"posy":1,"amount":550},{"posx":6,"posy":3,"amount":750},{"posx":6,"posy":5,"amount":100},{"posx":6,"posy":6,"amount":100},{"posx":15,"posy":6,"amount":50},{"posx":19,"posy":6,"amount":650}],"changedObstacles":[]},{"players":[{"playerId":2349571,"score":600,"energy":28,"posx":15,"posy":6,"lastAction":4,"status":0},{"playerId":3099802,"score":1425,"energy":32,"posx":6,"posy":3,"lastAction":4,"status":0},{"playerId":2365650,"score":1300,"energy":49,"posx":7,"posy":3,"lastAction":2,"status":0},{"playerId":2483603,"score":1575,"energy":15,"posx":15,"posy":6,"lastAction":5,"status":0}],"golds":[{"posx":0,"posy":0,"amount":650},{"posx":8,"posy":0,"amount":550},{"posx":0,"posy":1,"amount":400},{"posx":1,"posy":1,"amount":700},{"posx":7,"posy":1,"amount":550},{"posx":6,"posy":3,"amount":750},{"posx":6,"posy":5,"amount":100},{"posx":6,"posy":6,"amount":100},{"posx":19,"posy":6,"amount":650}],"changedObstacles":[{"type":0,"posx":15,"posy":6,"value":-1}]},{"players":[{"playerId":2349571,"score":600,"energy":27,"posx":16,"posy":6,"lastAction":1,"status":0},{"playerId":3099802,"score":1425,"energy":50,"posx":6,"posy":3,"lastAction":4,"status":0},{"playerId":2365650,"score":1300,"energy":45,"posx":6,"posy":3,"lastAction":0,"status":0},{"playerId":2483603,"score":1575,"energy":14,"posx":16,"posy":6,"lastAction":1,"status":0}],"golds":[{"posx":0,"posy":0,"amount":650},{"posx":8,"posy":0,"amount":550},{"posx":0,"posy":1,"amount":400},{"posx":1,"posy":1,"amount":700},{"posx":7,"posy":1,"amount":550},{"posx":6,"posy":3,"amount":750},{"posx":6,"posy":5,"amount":100},{"posx":6,"posy":6,"amount":100},{"posx":19,"posy":6,"amount":650}],"changedObstacles":[]},{"players":[{"playerId":2349571,"score":600,"energy":7,"posx":17,"posy":6,"lastAction":1,"status":0},{"playerId":3099802,"score":1475,"energy":45,"posx":6,"posy":3,"lastAction":5,"status":0},{"playerId":2365650,"score":1350,"energy":40,"posx":6,"posy":3,"lastAction":5,"status":0},{"playerId":2483603,"score":1575,"energy":26,"posx":16,"posy":6,"lastAction":4,"status":0}],"golds":[{"posx":0,"posy":0,"amount":650},{"posx":8,"posy":0,"amount":550},{"posx":0,"posy":1,"amount":400},{"posx":1,"posy":1,"amount":700},{"posx":7,"posy":1,"amount":550},{"posx":6,"posy":3,"amount":650},{"posx":6,"posy":5,"amount":100},{"posx":6,"posy":6,"amount":100},{"posx":19,"posy":6,"amount":650}],"changedObstacles":[{"type":3,"posx":17,"posy":6,"value":-40}]},{"players":[{"playerId":2349571,"score":600,"energy":19,"posx":17,"posy":6,"lastAction":4,"status":0},{"playerId":3099802,"score":1525,"energy":40,"posx":6,"posy":3,"lastAction":5,"status":0},{"playerId":2365650,"score":1400,"energy":35,"posx":6,"posy":3,"lastAction":5,"status":0},{"playerId":2483603,"score":1575,"energy":42,"posx":16,"posy":6,"lastAction":4,"status":0}],"golds":[{"posx":0,"posy":0,"amount":650},{"posx":8,"posy":0,"amount":550},{"posx":0,"posy":1,"amount":400},{"posx":1,"posy":1,"amount":700},{"posx":7,"posy":1,"amount":550},{"posx":6,"posy":3,"amount":550},{"posx":6,"posy":5,"amount":100},{"posx":6,"posy":6,"amount":100},{"posx":19,"posy":6,"amount":650}],"changedObstacles":[]},{"players":[{"playerId":2349571,"score":600,"energy":35,"posx":17,"posy":6,"lastAction":4,"status":0},{"playerId":3099802,"score":1575,"energy":35,"posx":6,"posy":3,"lastAction":5,"status":0},{"playerId":2365650,"score":1450,"energy":30,"posx":6,"posy":3,"lastAction":5,"status":0},{"playerId":2483603,"score":1575,"energy":2,"posx":17,"posy":6,"lastAction":1,"status":0}],"golds":[{"posx":0,"posy":0,"amount":650},{"posx":8,"posy":0,"amount":550},{"posx":0,"posy":1,"amount":400},{"posx":1,"posy":1,"amount":700},{"posx":7,"posy":1,"amount":550},{"posx":6,"posy":3,"amount":450},{"posx":6,"posy":5,"amount":100},{"posx":6,"posy":6,"amount":100},{"posx":19,"posy":6,"amount":650}],"changedObstacles":[{"type":3,"posx":17,"posy":6,"value":-100}]},{"players":[{"playerId":2349571,"score":600,"energy":30,"posx":18,"posy":6,"lastAction":1,"status":0},{"playerId":3099802,"score":1625,"energy":30,"posx":6,"posy":3,"lastAction":5,"status":0},{"playerId":2365650,"score":1500,"energy":25,"posx":6,"posy":3,"lastAction":5,"status":0},{"playerId":2483603,"score":1575,"energy":14,"posx":17,"posy":6,"lastAction":4,"status":0}],"golds":[{"posx":0,"posy":0,"amount":650},{"posx":8,"posy":0,"amount":550},{"posx":0,"posy":1,"amount":400},{"posx":1,"posy":1,"amount":700},{"posx":7,"posy":1,"amount":550},{"posx":6,"posy":3,"amount":350},{"posx":6,"posy":5,"amount":100},{"posx":6,"posy":6,"amount":100},{"posx":19,"posy":6,"amount":650}],"changedObstacles":[{"type":3,"posx":18,"posy":6,"value":-20}]},{"players":[{"playerId":2349571,"score":600,"energy":26,"posx":19,"posy":6,"lastAction":1,"status":0},{"playerId":3099802,"score":1675,"energy":25,"posx":6,"posy":3,"lastAction":5,"status":0},{"playerId":2365650,"score":1550,"energy":20,"posx":6,"posy":3,"lastAction":5,"status":0},{"playerId":2483603,"score":1575,"energy":30,"posx":17,"posy":6,"lastAction":4,"status":0}],"golds":[{"posx":0,"posy":0,"amount":650},{"posx":8,"posy":0,"amount":550},{"posx":0,"posy":1,"amount":400},{"posx":1,"posy":1,"amount":700},{"posx":7,"posy":1,"amount":550},{"posx":6,"posy":3,"amount":250},{"posx":6,"posy":5,"amount":100},{"posx":6,"posy":6,"amount":100},{"posx":19,"posy":6,"amount":650}],"changedObstacles":[]},{"players":[{"playerId":2349571,"score":650,"energy":21,"posx":19,"posy":6,"lastAction":5,"status":0},{"playerId":3099802,"score":1725,"energy":20,"posx":6,"posy":3,"lastAction":5,"status":0},{"playerId":2365650,"score":1600,"energy":15,"posx":6,"posy":3,"lastAction":5,"status":0},{"playerId":2483603,"score":1575,"energy":10,"posx":18,"posy":6,"lastAction":1,"status":0}],"golds":[{"posx":0,"posy":0,"amount":650},{"posx":8,"posy":0,"amount":550},{"posx":0,"posy":1,"amount":400},{"posx":1,"posy":1,"amount":700},{"posx":7,"posy":1,"amount":550},{"posx":6,"posy":3,"amount":150},{"posx":6,"posy":5,"amount":100},{"posx":6,"posy":6,"amount":100},{"posx":19,"posy":6,"amount":600}],"changedObstacles":[{"type":3,"posx":18,"posy":6,"value":-40}]},{"players":[{"playerId":2349571,"score":700,"energy":16,"posx":19,"posy":6,"lastAction":5,"status":0},{"playerId":3099802,"score":1775,"energy":15,"posx":6,"posy":3,"lastAction":5,"status":0},{"playerId":2365650,"score":1650,"energy":10,"posx":6,"posy":3,"lastAction":5,"status":0},{"playerId":2483603,"score":1575,"energy":6,"posx":19,"posy":6,"lastAction":1,"status":0}],"golds":[{"posx":0,"posy":0,"amount":650},{"posx":8,"posy":0,"amount":550},{"posx":0,"posy":1,"amount":400},{"posx":1,"posy":1,"amount":700},{"posx":7,"posy":1,"amount":550},{"posx":6,"posy":3,"amount":50},{"posx":6,"posy":5,"amount":100},{"posx":6,"posy":6,"amount":100},{"posx":19,"posy":6,"amount":550}],"changedObstacles":[]},{"players":[{"playerId":2349571,"score":700,"energy":28,"posx":19,"posy":6,"lastAction":4,"status":0},{"playerId":3099802,"score":1800,"energy":10,"posx":6,"posy":3,"lastAction":5,"status":0},{"playerId":2365650,"score":1675,"energy":5,"posx":6,"posy":3,"lastAction":5,"status":0},{"playerId":2483603,"score":1625,"energy":1,"posx":19,"posy":6,"lastAction":5,"status":0}],"golds":[{"posx":0,"posy":0,"amount":650},{"posx":8,"posy":0,"amount":550},{"posx":0,"posy":1,"amount":400},{"posx":1,"posy":1,"amount":700},{"posx":7,"posy":1,"amount":550},{"posx":6,"posy":5,"amount":100},{"posx":6,"posy":6,"amount":100},{"posx":19,"posy":6,"amount":500}],"changedObstacles":[{"type":0,"posx":6,"posy":3,"value":-1}]},{"players":[{"playerId":2349571,"score":750,"energy":23,"posx":19,"posy":6,"lastAction":5,"status":0},{"playerId":3099802,"score":1800,"energy":9,"posx":7,"posy":3,"lastAction":1,"status":0},{"playerId":2365650,"score":1675,"energy":17,"posx":6,"posy":3,"lastAction":4,"status":0},{"playerId":2483603,"score":1625,"energy":13,"posx":19,"posy":6,"lastAction":4,"status":0}],"golds":[{"posx":0,"posy":0,"amount":650},{"posx":8,"posy":0,"amount":550},{"posx":0,"posy":1,"amount":400},{"posx":1,"posy":1,"amount":700},{"posx":7,"posy":1,"amount":550},{"posx":6,"posy":5,"amount":100},{"posx":6,"posy":6,"amount":100},{"posx":19,"posy":6,"amount":450}],"changedObstacles":[]},{"players":[{"playerId":2349571,"score":800,"energy":18,"posx":19,"posy":6,"lastAction":5,"status":0},{"playerId":3099802,"score":1800,"energy":21,"posx":7,"posy":3,"lastAction":4,"status":0},{"playerId":2365650,"score":1675,"energy":33,"posx":6,"posy":3,"lastAction":4,"status":0},{"playerId":2483603,"score":1625,"energy":29,"posx":19,"posy":6,"lastAction":4,"status":0}],"golds":[{"posx":0,"posy":0,"amount":650},{"posx":8,"posy":0,"amount":550},{"posx":0,"posy":1,"amount":400},{"posx":1,"posy":1,"amount":700},{"posx":7,"posy":1,"amount":550},{"posx":6,"posy":5,"amount":100},{"posx":6,"posy":6,"amount":100},{"posx":19,"posy":6,"amount":400}],"changedObstacles":[]},{"players":[{"playerId":2349571,"score":800,"energy":30,"posx":19,"posy":6,"lastAction":4,"status":0},{"playerId":3099802,"score":1800,"energy":11,"posx":7,"posy":2,"lastAction":2,"status":0},{"playerId":2365650,"score":1675,"energy":27,"posx":6,"posy":2,"lastAction":2,"status":0},{"playerId":2483603,"score":1675,"energy":24,"posx":19,"posy":6,"lastAction":5,"status":0}],"golds":[{"posx":0,"posy":0,"amount":650},{"posx":8,"posy":0,"amount":550},{"posx":0,"posy":1,"amount":400},{"posx":1,"posy":1,"amount":700},{"posx":7,"posy":1,"amount":550},{"posx":6,"posy":5,"amount":100},{"posx":6,"posy":6,"amount":100},{"posx":19,"posy":6,"amount":350}],"changedObstacles":[{"type":0,"posx":7,"posy":2,"value":-1}]},{"players":[{"playerId":2349571,"score":850,"energy":25,"posx":19,"posy":6,"lastAction":5,"status":0},{"playerId":3099802,"score":1800,"energy":7,"posx":7,"posy":1,"lastAction":2,"status":0},{"playerId":2365650,"score":1675,"energy":26,"posx":7,"posy":2,"lastAction":1,"status":0},{"playerId":2483603,"score":1725,"energy":19,"posx":19,"posy":6,"lastAction":5,"status":0}],"golds":[{"posx":0,"posy":0,"amount":650},{"posx":8,"posy":0,"amount":550},{"posx":0,"posy":1,"amount":400},{"posx":1,"posy":1,"amount":700},{"posx":7,"posy":1,"amount":550},{"posx":6,"posy":5,"amount":100},{"posx":6,"posy":6,"amount":100},{"posx":19,"posy":6,"amount":250}],"changedObstacles":[]},{"players":[{"playerId":2349571,"score":900,"energy":20,"posx":19,"posy":6,"lastAction":5,"status":0},{"playerId":3099802,"score":1800,"energy":19,"posx":7,"posy":1,"lastAction":4,"status":0},{"playerId":2365650,"score":1675,"energy":22,"posx":7,"posy":1,"lastAction":2,"status":0},{"playerId":2483603,"score":1775,"energy":14,"posx":19,"posy":6,"lastAction":5,"status":0}],"golds":[{"posx":0,"posy":0,"amount":650},{"posx":8,"posy":0,"amount":550},{"posx":0,"posy":1,"amount":400},{"posx":1,"posy":1,"amount":700},{"posx":7,"posy":1,"amount":550},{"posx":6,"posy":5,"amount":100},{"posx":6,"posy":6,"amount":100},{"posx":19,"posy":6,"amount":150}],"changedObstacles":[]},{"players":[{"playerId":2349571,"score":950,"energy":15,"posx":19,"posy":6,"lastAction":5,"status":0},{"playerId":3099802,"score":1800,"energy":35,"posx":7,"posy":1,"lastAction":4,"status":0},{"playerId":2365650,"score":1725,"energy":17,"posx":7,"posy":1,"lastAction":5,"status":0},{"playerId":2483603,"score":1825,"energy":9,"posx":19,"posy":6,"lastAction":5,"status":0}],"golds":[{"posx":0,"posy":0,"amount":650},{"posx":8,"posy":0,"amount":550},{"posx":0,"posy":1,"amount":400},{"posx":1,"posy":1,"amount":700},{"posx":7,"posy":1,"amount":500},{"posx":6,"posy":5,"amount":100},{"posx":6,"posy":6,"amount":100},{"posx":19,"posy":6,"amount":50}],"changedObstacles":[]},{"players":[{"playerId":2349571,"score":950,"energy":27,"posx":19,"posy":6,"lastAction":4,"status":0},{"playerId":3099802,"score":1850,"energy":30,"posx":7,"posy":1,"lastAction":5,"status":0},{"playerId":2365650,"score":1775,"energy":12,"posx":7,"posy":1,"lastAction":5,"status":0},{"playerId":2483603,"score":1875,"energy":4,"posx":19,"posy":6,"lastAction":5,"status":0}],"golds":[{"posx":0,"posy":0,"amount":650},{"posx":8,"posy":0,"amount":550},{"posx":0,"posy":1,"amount":400},{"posx":1,"posy":1,"amount":700},{"posx":7,"posy":1,"amount":400},{"posx":6,"posy":5,"amount":100},{"posx":6,"posy":6,"amount":100}],"changedObstacles":[{"type":0,"posx":19,"posy":6,"value":-1}]},{"players":[{"playerId":2349571,"score":950,"energy":-13,"posx":18,"posy":6,"lastAction":0,"status":2},{"playerId":3099802,"score":1900,"energy":25,"posx":7,"posy":1,"lastAction":5,"status":0},{"playerId":2365650,"score":1825,"energy":7,"posx":7,"posy":1,"lastAction":5,"status":0},{"playerId":2483603,"score":1875,"energy":3,"posx":19,"posy":5,"lastAction":2,"status":0}],"golds":[{"posx":0,"posy":0,"amount":650},{"posx":8,"posy":0,"amount":550},{"posx":0,"posy":1,"amount":400},{"posx":1,"posy":1,"amount":700},{"posx":7,"posy":1,"amount":300},{"posx":6,"posy":5,"amount":100},{"posx":6,"posy":6,"amount":100}],"changedObstacles":[{"type":3,"posx":18,"posy":6,"value":-100}]},{"players":[{"playerId":2349571,"score":950,"energy":-13,"posx":18,"posy":6,"lastAction":6,"status":2},{"playerId":3099802,"score":1950,"energy":20,"posx":7,"posy":1,"lastAction":5,"status":0},{"playerId":2365650,"score":1875,"energy":2,"posx":7,"posy":1,"lastAction":5,"status":0},{"playerId":2483603,"score":1875,"energy":15,"posx":19,"posy":5,"lastAction":4,"status":0}],"golds":[{"posx":0,"posy":0,"amount":650},{"posx":8,"posy":0,"amount":550},{"posx":0,"posy":1,"amount":400},{"posx":1,"posy":1,"amount":700},{"posx":7,"posy":1,"amount":200},{"posx":6,"posy":5,"amount":100},{"posx":6,"posy":6,"amount":100}],"changedObstacles":[]},{"players":[{"playerId":2349571,"score":950,"energy":-13,"posx":18,"posy":6,"lastAction":6,"status":2},{"playerId":3099802,"score":1950,"energy":32,"posx":7,"posy":1,"lastAction":4,"status":0},{"playerId":2365650,"score":1875,"energy":14,"posx":7,"posy":1,"lastAction":4,"status":0},{"playerId":2483603,"score":1875,"energy":31,"posx":19,"posy":5,"lastAction":4,"status":0}],"golds":[{"posx":0,"posy":0,"amount":650},{"posx":8,"posy":0,"amount":550},{"posx":0,"posy":1,"amount":400},{"posx":1,"posy":1,"amount":700},{"posx":7,"posy":1,"amount":200},{"posx":6,"posy":5,"amount":100},{"posx":6,"posy":6,"amount":100}],"changedObstacles":[]},{"players":[{"playerId":2349571,"score":950,"energy":-13,"posx":18,"posy":6,"lastAction":6,"status":2},{"playerId":3099802,"score":2000,"energy":27,"posx":7,"posy":1,"lastAction":5,"status":0},{"playerId":2365650,"score":1875,"energy":30,"posx":7,"posy":1,"lastAction":4,"status":0},{"playerId":2483603,"score":1875,"energy":26,"posx":19,"posy":4,"lastAction":2,"status":0}],"golds":[{"posx":0,"posy":0,"amount":650},{"posx":8,"posy":0,"amount":550},{"posx":0,"posy":1,"amount":400},{"posx":1,"posy":1,"amount":700},{"posx":7,"posy":1,"amount":150},{"posx":6,"posy":5,"amount":100},{"posx":6,"posy":6,"amount":100}],"changedObstacles":[{"type":3,"posx":19,"posy":4,"value":-20}]},{"players":[{"playerId":2349571,"score":950,"energy":-13,"posx":18,"posy":6,"lastAction":6,"status":2},{"playerId":3099802,"score":2050,"energy":22,"posx":7,"posy":1,"lastAction":5,"status":0},{"playerId":2365650,"score":1925,"energy":25,"posx":7,"posy":1,"lastAction":5,"status":0},{"playerId":2483603,"score":1875,"energy":25,"posx":19,"posy":3,"lastAction":2,"status":0}],"golds":[{"posx":0,"posy":0,"amount":650},{"posx":8,"posy":0,"amount":550},{"posx":0,"posy":1,"amount":400},{"posx":1,"posy":1,"amount":700},{"posx":7,"posy":1,"amount":50},{"posx":6,"posy":5,"amount":100},{"posx":6,"posy":6,"amount":100}],"changedObstacles":[]},{"players":[{"playerId":2349571,"score":950,"energy":-13,"posx":18,"posy":6,"lastAction":6,"status":2},{"playerId":3099802,"score":2075,"energy":17,"posx":7,"posy":1,"lastAction":5,"status":0},{"playerId":2365650,"score":1950,"energy":20,"posx":7,"posy":1,"lastAction":5,"status":0},{"playerId":2483603,"score":1875,"energy":20,"posx":19,"posy":2,"lastAction":2,"status":0}],"golds":[{"posx":0,"posy":0,"amount":650},{"posx":8,"posy":0,"amount":550},{"posx":0,"posy":1,"amount":400},{"posx":1,"posy":1,"amount":700},{"posx":6,"posy":5,"amount":100},{"posx":6,"posy":6,"amount":100}],"changedObstacles":[{"type":3,"posx":19,"posy":2,"value":-20},{"type":0,"posx":7,"posy":1,"value":-1}]},{"players":[{"playerId":2349571,"score":950,"energy":-13,"posx":18,"posy":6,"lastAction":6,"status":2},{"playerId":3099802,"score":2075,"energy":16,"posx":7,"posy":0,"lastAction":2,"status":0},{"playerId":2365650,"score":1950,"energy":10,"posx":6,"posy":1,"lastAction":0,"status":0},{"playerId":2483603,"score":1875,"energy":19,"posx":18,"posy":2,"lastAction":0,"status":0}],"golds":[{"posx":0,"posy":0,"amount":650},{"posx":8,"posy":0,"amount":550},{"posx":0,"posy":1,"amount":400},{"posx":1,"posy":1,"amount":700},{"posx":6,"posy":5,"amount":100},{"posx":6,"posy":6,"amount":100}],"changedObstacles":[{"type":0,"posx":6,"posy":1,"value":-1}]},{"players":[{"playerId":2349571,"score":950,"energy":-13,"posx":18,"posy":6,"lastAction":6,"status":2},{"playerId":3099802,"score":2075,"energy":11,"posx":6,"posy":0,"lastAction":0,"status":0},{"playerId":2365650,"score":1950,"energy":22,"posx":6,"posy":1,"lastAction":4,"status":0},{"playerId":2483603,"score":1875,"energy":18,"posx":17,"posy":2,"lastAction":0,"status":0}],"golds":[{"posx":0,"posy":0,"amount":650},{"posx":8,"posy":0,"amount":550},{"posx":0,"posy":1,"amount":400},{"posx":1,"posy":1,"amount":700},{"posx":6,"posy":5,"amount":100},{"posx":6,"posy":6,"amount":100}],"changedObstacles":[{"type":3,"posx":6,"posy":0,"value":-20}]},{"players":[{"playerId":2349571,"score":950,"energy":-13,"posx":18,"posy":6,"lastAction":6,"status":2},{"playerId":3099802,"score":2075,"energy":6,"posx":5,"posy":0,"lastAction":0,"status":0},{"playerId":2365650,"score":1950,"energy":38,"posx":6,"posy":1,"lastAction":4,"status":0},{"playerId":2483603,"score":1875,"energy":30,"posx":17,"posy":2,"lastAction":4,"status":0}],"golds":[{"posx":0,"posy":0,"amount":650},{"posx":8,"posy":0,"amount":550},{"posx":0,"posy":1,"amount":400},{"posx":1,"posy":1,"amount":700},{"posx":6,"posy":5,"amount":100},{"posx":6,"posy":6,"amount":100}],"changedObstacles":[{"type":3,"posx":5,"posy":0,"value":-20}]},{"players":[{"playerId":2349571,"score":950,"energy":-13,"posx":18,"posy":6,"lastAction":6,"status":2},{"playerId":3099802,"score":2075,"energy":1,"posx":4,"posy":0,"lastAction":0,"status":0},{"playerId":2365650,"score":1950,"energy":19,"posx":5,"posy":1,"lastAction":0,"status":0},{"playerId":2483603,"score":1875,"energy":10,"posx":17,"posy":1,"lastAction":2,"status":0}],"golds":[{"posx":0,"posy":0,"amount":650},{"posx":8,"posy":0,"amount":550},{"posx":0,"posy":1,"amount":400},{"posx":1,"posy":1,"amount":700},{"posx":6,"posy":5,"amount":100},{"posx":6,"posy":6,"amount":100}],"changedObstacles":[{"type":3,"posx":17,"posy":1,"value":-40},{"type":3,"posx":4,"posy":0,"value":-20}]},{"players":[{"playerId":2349571,"score":950,"energy":-13,"posx":18,"posy":6,"lastAction":6,"status":2},{"playerId":3099802,"score":2075,"energy":13,"posx":4,"posy":0,"lastAction":4,"status":0},{"playerId":2365650,"score":1950,"energy":14,"posx":4,"posy":1,"lastAction":0,"status":0},{"playerId":2483603,"score":1875,"energy":9,"posx":16,"posy":1,"lastAction":0,"status":0}],"golds":[{"posx":0,"posy":0,"amount":650},{"posx":8,"posy":0,"amount":550},{"posx":0,"posy":1,"amount":400},{"posx":1,"posy":1,"amount":700},{"posx":6,"posy":5,"amount":100},{"posx":6,"posy":6,"amount":100}],"changedObstacles":[{"type":3,"posx":4,"posy":1,"value":-20}]},{"players":[{"playerId":2349571,"score":950,"energy":-13,"posx":18,"posy":6,"lastAction":6,"status":2},{"playerId":3099802,"score":2075,"energy":8,"posx":3,"posy":0,"lastAction":0,"status":0},{"playerId":2365650,"score":1950,"energy":9,"posx":3,"posy":1,"lastAction":0,"status":0},{"playerId":2483603,"score":1875,"energy":8,"posx":15,"posy":1,"lastAction":0,"status":0}],"golds":[{"posx":0,"posy":0,"amount":650},{"posx":8,"posy":0,"amount":550},{"posx":0,"posy":1,"amount":400},{"posx":1,"posy":1,"amount":700},{"posx":6,"posy":5,"amount":100},{"posx":6,"posy":6,"amount":100}],"changedObstacles":[{"type":3,"posx":3,"posy":1,"value":-20},{"type":3,"posx":3,"posy":0,"value":-20}]},{"players":[{"playerId":2349571,"score":950,"energy":-13,"posx":18,"posy":6,"lastAction":6,"status":2},{"playerId":3099802,"score":2075,"energy":7,"posx":2,"posy":0,"lastAction":0,"status":0},{"playerId":2365650,"score":1950,"energy":21,"posx":3,"posy":1,"lastAction":4,"status":0},{"playerId":2483603,"score":1875,"energy":7,"posx":14,"posy":1,"lastAction":0,"status":0}],"golds":[{"posx":0,"posy":0,"amount":650},{"posx":8,"posy":0,"amount":550},{"posx":0,"posy":1,"amount":400},{"posx":1,"posy":1,"amount":700},{"posx":6,"posy":5,"amount":100},{"posx":6,"posy":6,"amount":100}],"changedObstacles":[]},{"players":[{"playerId":2349571,"score":950,"energy":-13,"posx":18,"posy":6,"lastAction":6,"status":2},{"playerId":3099802,"score":2075,"energy":6,"posx":1,"posy":0,"lastAction":0,"status":0},{"playerId":2365650,"score":1950,"energy":37,"posx":3,"posy":1,"lastAction":4,"status":0},{"playerId":2483603,"score":1875,"energy":6,"posx":14,"posy":0,"lastAction":2,"status":0}],"golds":[{"posx":0,"posy":0,"amount":650},{"posx":8,"posy":0,"amount":550},{"posx":0,"posy":1,"amount":400},{"posx":1,"posy":1,"amount":700},{"posx":6,"posy":5,"amount":100},{"posx":6,"posy":6,"amount":100}],"changedObstacles":[]},{"players":[{"playerId":2349571,"score":950,"energy":-13,"posx":18,"posy":6,"lastAction":6,"status":2},{"playerId":3099802,"score":2075,"energy":2,"posx":0,"posy":0,"lastAction":0,"status":0},{"playerId":2365650,"score":1950,"energy":27,"posx":2,"posy":1,"lastAction":0,"status":0},{"playerId":2483603,"score":1875,"energy":5,"posx":13,"posy":0,"lastAction":0,"status":0}],"golds":[{"posx":0,"posy":0,"amount":650},{"posx":8,"posy":0,"amount":550},{"posx":0,"posy":1,"amount":400},{"posx":1,"posy":1,"amount":700},{"posx":6,"posy":5,"amount":100},{"posx":6,"posy":6,"amount":100}],"changedObstacles":[{"type":0,"posx":2,"posy":1,"value":-1}]},{"players":[{"playerId":2349571,"score":950,"energy":-13,"posx":18,"posy":6,"lastAction":6,"status":2},{"playerId":3099802,"score":2075,"energy":14,"posx":0,"posy":0,"lastAction":4,"status":0},{"playerId":2365650,"score":1950,"energy":23,"posx":1,"posy":1,"lastAction":0,"status":0},{"playerId":2483603,"score":1875,"energy":17,"posx":13,"posy":0,"lastAction":4,"status":0}],"golds":[{"posx":0,"posy":0,"amount":650},{"posx":8,"posy":0,"amount":550},{"posx":0,"posy":1,"amount":400},{"posx":1,"posy":1,"amount":700},{"posx":6,"posy":5,"amount":100},{"posx":6,"posy":6,"amount":100}],"changedObstacles":[]},{"players":[{"playerId":2349571,"score":950,"energy":-13,"posx":18,"posy":6,"lastAction":6,"status":2},{"playerId":3099802,"score":2075,"energy":30,"posx":0,"posy":0,"lastAction":4,"status":0},{"playerId":2365650,"score":2000,"energy":18,"posx":1,"posy":1,"lastAction":5,"status":0},{"playerId":2483603,"score":1875,"energy":33,"posx":13,"posy":0,"lastAction":4,"status":0}],"golds":[{"posx":0,"posy":0,"amount":650},{"posx":8,"posy":0,"amount":550},{"posx":0,"posy":1,"amount":400},{"posx":1,"posy":1,"amount":650},{"posx":6,"posy":5,"amount":100},{"posx":6,"posy":6,"amount":100}],"changedObstacles":[]},{"players":[{"playerId":2349571,"score":950,"energy":-13,"posx":18,"posy":6,"lastAction":6,"status":2},{"playerId":3099802,"score":2075,"energy":50,"posx":0,"posy":0,"lastAction":4,"status":0},{"playerId":2365650,"score":2050,"energy":13,"posx":1,"posy":1,"lastAction":5,"status":0},{"playerId":2483603,"score":1875,"energy":23,"posx":12,"posy":0,"lastAction":0,"status":0}],"golds":[{"posx":0,"posy":0,"amount":650},{"posx":8,"posy":0,"amount":550},{"posx":0,"posy":1,"amount":400},{"posx":1,"posy":1,"amount":600},{"posx":6,"posy":5,"amount":100},{"posx":6,"posy":6,"amount":100}],"changedObstacles":[{"type":0,"posx":12,"posy":0,"value":-1}]},{"players":[{"playerId":2349571,"score":950,"energy":-13,"posx":18,"posy":6,"lastAction":6,"status":2},{"playerId":3099802,"score":2125,"energy":45,"posx":0,"posy":0,"lastAction":5,"status":0},{"playerId":2365650,"score":2100,"energy":8,"posx":1,"posy":1,"lastAction":5,"status":0},{"playerId":2483603,"score":1875,"energy":22,"posx":11,"posy":0,"lastAction":0,"status":0}],"golds":[{"posx":0,"posy":0,"amount":600},{"posx":8,"posy":0,"amount":550},{"posx":0,"posy":1,"amount":400},{"posx":1,"posy":1,"amount":550},{"posx":6,"posy":5,"amount":100},{"posx":6,"posy":6,"amount":100}],"changedObstacles":[]},{"players":[{"playerId":2349571,"score":950,"energy":-13,"posx":18,"posy":6,"lastAction":6,"status":2},{"playerId":3099802,"score":2175,"energy":40,"posx":0,"posy":0,"lastAction":5,"status":0},{"playerId":2365650,"score":2150,"energy":3,"posx":1,"posy":1,"lastAction":5,"status":0},{"playerId":2483603,"score":1875,"energy":17,"posx":10,"posy":0,"lastAction":0,"status":0}],"golds":[{"posx":0,"posy":0,"amount":550},{"posx":8,"posy":0,"amount":550},{"posx":0,"posy":1,"amount":400},{"posx":1,"posy":1,"amount":500},{"posx":6,"posy":5,"amount":100},{"posx":6,"posy":6,"amount":100}],"changedObstacles":[{"type":3,"posx":10,"posy":0,"value":-20}]},{"players":[{"playerId":2349571,"score":950,"energy":-13,"posx":18,"posy":6,"lastAction":6,"status":2},{"playerId":3099802,"score":2225,"energy":35,"posx":0,"posy":0,"lastAction":5,"status":0},{"playerId":2365650,"score":2150,"energy":15,"posx":1,"posy":1,"lastAction":4,"status":0},{"playerId":2483603,"score":1875,"energy":29,"posx":10,"posy":0,"lastAction":4,"status":0}],"golds":[{"posx":0,"posy":0,"amount":500},{"posx":8,"posy":0,"amount":550},{"posx":0,"posy":1,"amount":400},{"posx":1,"posy":1,"amount":500},{"posx":6,"posy":5,"amount":100},{"posx":6,"posy":6,"amount":100}],"changedObstacles":[]},{"players":[{"playerId":2349571,"score":950,"energy":-13,"posx":18,"posy":6,"lastAction":6,"status":2},{"playerId":3099802,"score":2275,"energy":30,"posx":0,"posy":0,"lastAction":5,"status":0},{"playerId":2365650,"score":2150,"energy":31,"posx":1,"posy":1,"lastAction":4,"status":0},{"playerId":2483603,"score":1875,"energy":11,"posx":9,"posy":0,"lastAction":0,"status":0}],"golds":[{"posx":0,"posy":0,"amount":450},{"posx":8,"posy":0,"amount":550},{"posx":0,"posy":1,"amount":400},{"posx":1,"posy":1,"amount":500},{"posx":6,"posy":5,"amount":100},{"posx":6,"posy":6,"amount":100}],"changedObstacles":[]},{"players":[{"playerId":2349571,"score":950,"energy":-13,"posx":18,"posy":6,"lastAction":6,"status":2},{"playerId":3099802,"score":2325,"energy":25,"posx":0,"posy":0,"lastAction":5,"status":0},{"playerId":2365650,"score":2150,"energy":50,"posx":1,"posy":1,"lastAction":4,"status":0},{"playerId":2483603,"score":1875,"energy":7,"posx":8,"posy":0,"lastAction":0,"status":0}],"golds":[{"posx":0,"posy":0,"amount":400},{"posx":8,"posy":0,"amount":550},{"posx":0,"posy":1,"amount":400},{"posx":1,"posy":1,"amount":500},{"posx":6,"posy":5,"amount":100},{"posx":6,"posy":6,"amount":100}],"changedObstacles":[]},{"players":[{"playerId":2349571,"score":950,"energy":-13,"posx":18,"posy":6,"lastAction":6,"status":2},{"playerId":3099802,"score":2375,"energy":20,"posx":0,"posy":0,"lastAction":5,"status":0},{"playerId":2365650,"score":2200,"energy":45,"posx":1,"posy":1,"lastAction":5,"status":0},{"playerId":2483603,"score":1925,"energy":2,"posx":8,"posy":0,"lastAction":5,"status":0}],"golds":[{"posx":0,"posy":0,"amount":350},{"posx":8,"posy":0,"amount":500},{"posx":0,"posy":1,"amount":400},{"posx":1,"posy":1,"amount":450},{"posx":6,"posy":5,"amount":100},{"posx":6,"posy":6,"amount":100}],"changedObstacles":[]},{"players":[{"playerId":2349571,"score":950,"energy":-13,"posx":18,"posy":6,"lastAction":6,"status":2},{"playerId":3099802,"score":2425,"energy":15,"posx":0,"posy":0,"lastAction":5,"status":0},{"playerId":2365650,"score":2250,"energy":40,"posx":1,"posy":1,"lastAction":5,"status":0},{"playerId":2483603,"score":1925,"energy":14,"posx":8,"posy":0,"lastAction":4,"status":0}],"golds":[{"posx":0,"posy":0,"amount":300},{"posx":8,"posy":0,"amount":500},{"posx":0,"posy":1,"amount":400},{"posx":1,"posy":1,"amount":400},{"posx":6,"posy":5,"amount":100},{"posx":6,"posy":6,"amount":100}],"changedObstacles":[]},{"players":[{"playerId":2349571,"score":950,"energy":-13,"posx":18,"posy":6,"lastAction":6,"status":2},{"playerId":3099802,"score":2475,"energy":10,"posx":0,"posy":0,"lastAction":5,"status":0},{"playerId":2365650,"score":2300,"energy":35,"posx":1,"posy":1,"lastAction":5,"status":0},{"playerId":2483603,"score":1925,"energy":30,"posx":8,"posy":0,"lastAction":4,"status":0}],"golds":[{"posx":0,"posy":0,"amount":250},{"posx":8,"posy":0,"amount":500},{"posx":0,"posy":1,"amount":400},{"posx":1,"posy":1,"amount":350},{"posx":6,"posy":5,"amount":100},{"posx":6,"posy":6,"amount":100}],"changedObstacles":[]},{"players":[{"playerId":2349571,"score":950,"energy":-13,"posx":18,"posy":6,"lastAction":6,"status":2},{"playerId":3099802,"score":2525,"energy":5,"posx":0,"posy":0,"lastAction":5,"status":0},{"playerId":2365650,"score":2350,"energy":30,"posx":1,"posy":1,"lastAction":5,"status":0},{"playerId":2483603,"score":1975,"energy":25,"posx":8,"posy":0,"lastAction":5,"status":0}],"golds":[{"posx":0,"posy":0,"amount":200},{"posx":8,"posy":0,"amount":450},{"posx":0,"posy":1,"amount":400},{"posx":1,"posy":1,"amount":300},{"posx":6,"posy":5,"amount":100},{"posx":6,"posy":6,"amount":100}],"changedObstacles":[]},{"players":[{"playerId":2349571,"score":950,"energy":-13,"posx":18,"posy":6,"lastAction":6,"status":2},{"playerId":3099802,"score":2525,"energy":17,"posx":0,"posy":0,"lastAction":4,"status":0},{"playerId":2365650,"score":2400,"energy":25,"posx":1,"posy":1,"lastAction":5,"status":0},{"playerId":2483603,"score":2025,"energy":20,"posx":8,"posy":0,"lastAction":5,"status":0}],"golds":[{"posx":0,"posy":0,"amount":200},{"posx":8,"posy":0,"amount":400},{"posx":0,"posy":1,"amount":400},{"posx":1,"posy":1,"amount":250},{"posx":6,"posy":5,"amount":100},{"posx":6,"posy":6,"amount":100}],"changedObstacles":[]},{"players":[{"playerId":2349571,"score":950,"energy":-13,"posx":18,"posy":6,"lastAction":6,"status":2},{"playerId":3099802,"score":2575,"energy":12,"posx":0,"posy":0,"lastAction":5,"status":0},{"playerId":2365650,"score":2450,"energy":20,"posx":1,"posy":1,"lastAction":5,"status":0},{"playerId":2483603,"score":2075,"energy":15,"posx":8,"posy":0,"lastAction":5,"status":0}],"golds":[{"posx":0,"posy":0,"amount":150},{"posx":8,"posy":0,"amount":350},{"posx":0,"posy":1,"amount":400},{"posx":1,"posy":1,"amount":200},{"posx":6,"posy":5,"amount":100},{"posx":6,"posy":6,"amount":100}],"changedObstacles":[]}]