[{"players":[{"playerId":206247,"score":0,"energy":46,"posx":14,"posy":1,"lastAction":0,"status":0},{"playerId":1168092,"score":0,"energy":46,"posx":16,"posy":1,"lastAction":1,"status":0},{"playerId":1658775,"score":0,"energy":46,"posx":14,"posy":1,"lastAction":0,"status":0},{"playerId":803122,"score":0,"energy":46,"posx":16,"posy":1,"lastAction":1,"status":0}],"golds":[{"posx":6,"posy":6,"amount":100},{"posx":13,"posy":2,"amount":150},{"posx":16,"posy":4,"amount":700},{"posx":8,"posy":0,"amount":550},{"posx":19,"posy":6,"amount":650},{"posx":7,"posy":1,"amount":550},{"posx":16,"posy":1,"amount":450},{"posx":9,"posy":3,"amount":400},{"posx":11,"posy":3,"amount":700},{"posx":9,"posy":7,"amount":300},{"posx":14,"posy":1,"amount":100},{"posx":7,"posy":4,"amount":600},{"posx":0,"posy":1,"amount":400},{"posx":13,"posy":3,"amount":550},{"posx":1,"posy":1,"amount":700},{"posx":15,"posy":6,"amount":700},{"posx":6,"posy":3,"amount":750},{"posx":0,"posy":0,"amount":650},{"posx":6,"posy":5,"amount":100},{"posx":18,"posy":2,"amount":250}],"changedObstacles":[]},{"players":[{"playerId":206247,"score":0,"energy":26,"posx":13,"posy":1,"lastAction":0,"status":0},{"playerId":1168092,"score":50,"energy":41,"posx":16,"posy":1,"lastAction":5,"status":0},{"playerId":1658775,"score":50,"energy":41,"posx":14,"posy":1,"lastAction":5,"status":0},{"playerId":803122,"score":50,"energy":41,"posx":16,"posy":1,"lastAction":5,"status":0}],"golds":[{"posx":0,"posy":0,"amount":650},{"posx":8,"posy":0,"amount":550},{"posx":0,"posy":1,"amount":400},{"posx":1,"posy":1,"amount":700},{"posx":7,"posy":1,"amount":550},{"posx":14,"posy":1,"amount":50},{"posx":16,"posy":1,"amount":350},{"posx":13,"posy":2,"amount":150},{"posx":18,"posy":2,"amount":250},{"posx":6,"posy":3,"amount":750},{"posx":9,"posy":3,"amount":400},{"posx":11,"posy":3,"amount":700},{"posx":13,"posy":3,"amount":550},{"posx":7,"posy":4,"amount":600},{"posx":16,"posy":4,"amount":700},{"posx":6,"posy":5,"amount":100},{"posx":6,"posy":6,"amount":100},{"posx":15,"posy":6,"amount":700},{"posx":19,"posy":6,"amount":650},{"posx":9,"posy":7,"amount":300}],"changedObstacles":[]},{"players":[{"playerId":206247,"score":0,"energy":16,"posx":12,"posy":1,"lastAction":0,"status":0},{"playerId":1168092,"score":100,"energy":36,"posx":16,"posy":1,"lastAction":5,"status":0},{"playerId":1658775,"score":100,"energy":36,"posx":14,"posy":1,"lastAction":5,"status":0},{"playerId":803122,"score":100,"energy":36,"posx":16,"posy":1,"lastAction":5,"status":0}],"golds":[{"posx":0,"posy":0,"amount":650},{"posx":8,"posy":0,"amount":550},{"posx":0,"posy":1,"amount":400},{"posx":1,"posy":1,"amount":700},{"posx":7,"posy":1,"amount":550},{"posx":16,"posy":1,"amount":250},{"posx":13,"posy":2,"amount":150},{"posx":18,"posy":2,"amount":250},{"posx":6,"posy":3,"amount":750},{"posx":9,"posy":3,"amount":400},{"posx":11,"posy":3,"amount":700},{"posx":13,"posy":3,"amount":550},{"posx":7,"posy":4,"amount":600},{"posx":16,"posy":4,"amount":700},{"posx":6,"posy":5,"amount":100},{"posx":6,"posy":6,"amount":100},{"posx":15,"posy":6,"amount":700},{"posx":19,"posy":6,"amount":650},{"posx":9,"posy":7,"amount":300}],"changedObstacles":[{"type":0,"posx":12,"posy":1,"value":-1},{"type":0,"posx":14,"posy":1,"value":-1}]},{"players":[{"playerId":206247,"score":0,"energy":28,"posx":12,"posy":1,"lastAction":4,"status":0},{"playerId":1168092,"score":150,"energy":31,"posx":16,"posy":1,"lastAction":5,"status":0},{"playerId":1658775,"score":100,"energy":35,"posx":15,"posy":1,"lastAction":1,"status":0},{"playerId":803122,"score":150,"energy":31,"posx":16,"posy":1,"lastAction":5,"status":0}],"golds":[{"posx":0,"posy":0,"amount":650},{"posx":8,"posy":0,"amount":550},{"posx":0,"posy":1,"amount":400},{"posx":1,"posy":1,"amount":700},{"posx":7,"posy":1,"amount":550},{"posx":16,"posy":1,"amount":150},{"posx":13,"posy":2,"amount":150},{"posx":18,"posy":2,"amount":250},{"posx":6,"posy":3,"amount":750},{"posx":9,"posy":3,"amount":400},{"posx":11,"posy":3,"amount":700},{"posx":13,"posy":3,"amount":550},{"posx":7,"posy":4,"amount":600},{"posx":16,"posy":4,"amount":700},{"posx":6,"posy":5,"amount":100},{"posx":6,"posy":6,"amount":100},{"posx":15,"posy":6,"amount":700},{"posx":19,"posy":6,"amount":650},{"posx":9,"posy":7,"amount":300}],"changedObstacles":[]},{"players":[{"playerId":206247,"score":0,"energy":44,"posx":12,"posy":1,"lastAction":4,"status":0},{"playerId":1168092,"score":200,"energy":26,"posx":16,"posy":1,"lastAction":5,"status":0},{"playerId":1658775,"score":100,"energy":31,"posx":16,"posy":1,"lastAction":1,"status":0},{"playerId":803122,"score":200,"energy":26,"posx":16,"posy":1,"lastAction":5,"status":0}],"golds":[{"posx":0,"posy":0,"amount":650},{"posx":8,"posy":0,"amount":550},{"posx":0,"posy":1,"amount":400},{"posx":1,"posy":1,"amount":700},{"posx":7,"posy":1,"amount":550},{"posx":16,"posy":1,"amount":50},{"posx":13,"posy":2,"amount":150},{"posx":18,"posy":2,"amount":250},{"posx":6,"posy":3,"amount":750},{"posx":9,"posy":3,"amount":400},{"posx":11,"posy":3,"amount":700},{"posx":13,"posy":3,"amount":550},{"posx":7,"posy":4,"amount":600},{"posx":16,"posy":4,"amount":700},{"posx":6,"posy":5,"amount":100},{"posx":6,"posy":6,"amount":100},{"posx":15,"posy":6,"amount":700},{"posx":19,"posy":6,"amount":650},{"posx":9,"posy":7,"amount":300}],"changedObstacles":[]},{"players":[{"playerId":206247,"score":0,"energy":50,"posx":12,"posy":1,"lastAction":4,"status":0},{"playerId":1168092,"score":217,"energy":21,"posx":16,"posy":1,"lastAction":5,"status":0},{"playerId":1658775,"score":117,"energy":26,"posx":16,"posy":1,"lastAction":5,"status":0},{"playerId":803122,"score":217,"energy":21,"posx":16,"posy":1,"lastAction":5,"status":0}],"golds":[{"posx":0,"posy":0,"amount":650},{"posx":8,"posy":0,"amount":550},{"posx":0,"posy":1,"amount":400},{"posx":1,"posy":1,"amount":700},{"posx":7,"posy":1,"amount":550},{"posx":13,"posy":2,"amount":150},{"posx":18,"posy":2,"amount":250},{"posx":6,"posy":3,"amount":750},{"posx":9,"posy":3,"amount":400},{"posx":11,"posy":3,"amount":700},{"posx":13,"posy":3,"amount":550},{"posx":7,"posy":4,"amount":600},{"posx":16,"posy":4,"amount":700},{"posx":6,"posy":5,"amount":100},{"posx":6,"posy":6,"amount":100},{"posx":15,"posy":6,"amount":700},{"posx":19,"posy":6,"amount":650},{"posx":9,"posy":7,"amount":300}],"changedObstacles":[{"type":0,"posx":16,"posy":1,"value":-1}]},{"players":[{"playerId":206247,"score":0,"energy":44,"posx":11,"posy":1,"lastAction":0,"status":0},{"playerId":1168092,"score":217,"energy":20,"posx":15,"posy":1,"lastAction":0,"status":0},{"playerId":1658775,"score":117,"energy":21,"posx":17,"posy":1,"lastAction":1,"status":0},{"playerId":803122,"score":217,"energy":16,"posx":16,"posy":2,"lastAction":3,"status":0}],"golds":[{"posx":0,"posy":0,"amount":650},{"posx":8,"posy":0,"amount":550},{"posx":0,"posy":1,"amount":400},{"posx":1,"posy":1,"amount":700},{"posx":7,"posy":1,"amount":550},{"posx":13,"posy":2,"amount":150},{"posx":18,"posy":2,"amount":250},{"posx":6,"posy":3,"amount":750},{"posx":9,"posy":3,"amount":400},{"posx":11,"posy":3,"amount":700},{"posx":13,"posy":3,"amount":550},{"posx":7,"posy":4,"amount":600},{"posx":16,"posy":4,"amount":700},{"posx":6,"posy":5,"amount":100},{"posx":6,"posy":6,"amount":100},{"posx":15,"posy":6,"amount":700},{"posx":19,"posy":6,"amount":650},{"posx":9,"posy":7,"amount":300}],"changedObstacles":[{"type":3,"posx":17,"posy":1,"value":-20},{"type":3,"posx":16,"posy":2,"value":-20}]},{"players":[{"playerId":206247,"score":0,"energy":27,"posx":10,"posy":1,"lastAction":0,"status":0},{"playerId":1168092,"score":217,"energy":19,"posx":14,"posy":1,"lastAction":0,"status":0},{"playerId":1658775,"score":117,"energy":20,"posx":18,"posy":1,"lastAction":1,"status":0},{"playerId":803122,"score":217,"energy":11,"posx":16,"posy":3,"lastAction":3,"status":0}],"golds":[{"posx":0,"posy":0,"amount":650},{"posx":8,"posy":0,"amount":550},{"posx":0,"posy":1,"amount":400},{"posx":1,"posy":1,"amount":700},{"posx":7,"posy":1,"amount":550},{"posx":13,"posy":2,"amount":150},{"posx":18,"posy":2,"amount":250},{"posx":6,"posy":3,"amount":750},{"posx":9,"posy":3,"amount":400},{"posx":11,"posy":3,"amount":700},{"posx":13,"posy":3,"amount":550},{"posx":7,"posy":4,"amount":600},{"posx":16,"posy":4,"amount":700},{"posx":6,"posy":5,"amount":100},{"posx":6,"posy":6,"amount":100},{"posx":15,"posy":6,"amount":700},{"posx":19,"posy":6,"amount":650},{"posx":9,"posy":7,"amount":300}],"changedObstacles":[{"type":3,"posx":16,"posy":3,"value":-20}]},{"players":[{"playerId":206247,"score":0,"energy":26,"posx":9,"posy":1,"lastAction":0,"status":0},{"playerId":1168092,"score":217,"energy":18,"posx":14,"posy":2,"lastAction":3,"status":0},{"playerId":1658775,"score":117,"energy":16,"posx":18,"posy":2,"lastAction":3,"status":0},{"playerId":803122,"score":217,"energy":7,"posx":16,"posy":4,"lastAction":3,"status":0}],"golds":[{"posx":0,"posy":0,"amount":650},{"posx":8,"posy":0,"amount":550},{"posx":0,"posy":1,"amount":400},{"posx":1,"posy":1,"amount":700},{"posx":7,"posy":1,"amount":550},{"posx":13,"posy":2,"amount":150},{"posx":18,"posy":2,"amount":250},{"posx":6,"posy":3,"amount":750},{"posx":9,"posy":3,"amount":400},{"posx":11,"posy":3,"amount":700},{"posx":13,"posy":3,"amount":550},{"posx":7,"posy":4,"amount":600},{"posx":16,"posy":4,"amount":700},{"posx":6,"posy":5,"amount":100},{"posx":6,"posy":6,"amount":100},{"posx":15,"posy":6,"amount":700},{"posx":19,"posy":6,"amount":650},{"posx":9,"posy":7,"amount":300}],"changedObstacles":[]},{"players":[{"playerId":206247,"score":0,"energy":16,"posx":8,"posy":1,"lastAction":0,"status":0},{"playerId":1168092,"score":217,"energy":14,"posx":13,"posy":2,"lastAction":0,"status":0},{"playerId":1658775,"score":167,"energy":11,"posx":18,"posy":2,"lastAction":5,"status":0},{"playerId":803122,"score":267,"energy":2,"posx":16,"posy":4,"lastAction":5,"status":0}],"golds":[{"posx":0,"posy":0,"amount":650},{"posx":8,"posy":0,"amount":550},{"posx":0,"posy":1,"amount":400},{"posx":1,"posy":1,"amount":700},{"posx":7,"posy":1,"amount":550},{"posx":13,"posy":2,"amount":150},{"posx":18,"posy":2,"amount":200},{"posx":6,"posy":3,"amount":750},{"posx":9,"posy":3,"amount":400},{"posx":11,"posy":3,"amount":700},{"posx":13,"posy":3,"amount":550},{"posx":7,"posy":4,"amount":600},{"posx":16,"posy":4,"amount":650},{"posx":6,"posy":5,"amount":100},{"posx":6,"posy":6,"amount":100},{"posx":15,"posy":6,"amount":700},{"posx":19,"posy":6,"amount":650},{"posx":9,"posy":7,"amount":300}],"changedObstacles":[{"type":0,"posx":8,"posy":1,"value":-1}]},{"players":[{"playerId":206247,"score":0,"energy":12,"posx":7,"posy":1,"lastAction":0,"status":0},{"playerId":1168092,"score":267,"energy":9,"posx":13,"posy":2,"lastAction":5,"status":0},{"playerId":1658775,"score":217,"energy":6,"posx":18,"posy":2,"lastAction":5,"status":0},{"playerId":803122,"score":267,"energy":14,"posx":16,"posy":4,"lastAction":4,"status":0}],"golds":[{"posx":0,"posy":0,"amount":650},{"posx":8,"posy":0,"amount":550},{"posx":0,"posy":1,"amount":400},{"posx":1,"posy":1,"amount":700},{"posx":7,"posy":1,"amount":550},{"posx":13,"posy":2,"amount":100},{"posx":18,"posy":2,"amount":150},{"posx":6,"posy":3,"amount":750},{"posx":9,"posy":3,"amount":400},{"posx":11,"posy":3,"amount":700},{"posx":13,"posy":3,"amount":550},{"posx":7,"posy":4,"amount":600},{"posx":16,"posy":4,"amount":650},{"posx":6,"posy":5,"amount":100},{"posx":6,"posy":6,"amount":100},{"posx":15,"posy":6,"amount":700},{"posx":19,"posy":6,"amount":650},{"posx":9,"posy":7,"amount":300}],"changedObstacles":[]},{"players":[{"playerId":206247,"score":50,"energy":7,"posx":7,"posy":1,"lastAction":5,"status":0},{"playerId":1168092,"score":317,"energy":4,"posx":13,"posy":2,"lastAction":5,"status":0},{"playerId":1658775,"score":267,"energy":1,"posx":18,"posy":2,"lastAction":5,"status":0},{"playerId":803122,"score":317,"energy":9,"posx":16,"posy":4,"lastAction":5,"status":0}],"golds":[{"posx":0,"posy":0,"amount":650},{"posx":8,"posy":0,"amount":550},{"posx":0,"posy":1,"amount":400},{"posx":1,"posy":1,"amount":700},{"posx":7,"posy":1,"amount":500},{"posx":13,"posy":2,"amount":50},{"posx":18,"posy":2,"amount":100},{"posx":6,"posy":3,"amount":750},{"posx":9,"posy":3,"amount":400},{"posx":11,"posy":3,"amount":700},{"posx":13,"posy":3,"amount":550},{"posx":7,"posy":4,"amount":600},{"posx":16,"posy":4,"amount":600},{"posx":6,"posy":5,"amount":100},{"posx":6,"posy":6,"amount":100},{"posx":15,"posy":6,"amount":700},{"posx":19,"posy":6,"amount":650},{"posx":9,"posy":7,"amount":300}],"changedObstacles":[]},{"players":[{"playerId":206247,"score":100,"energy":2,"posx":7,"posy":1,"lastAction":5,"status":0},{"playerId":1168092,"score":317,"energy":16,"posx":13,"posy":2,"lastAction":4,"status":0},{"playerId":1658775,"score":267,"energy":13,"posx":18,"posy":2,"lastAction":4,"status":0},{"playerId":803122,"score":367,"energy":4,"posx":16,"posy":4,"lastAction":5,"status":0}],"golds":[{"posx":0,"posy":0,"amount":650},{"posx":8,"posy":0,"amount":550},{"posx":0,"posy":1,"amount":400},{"posx":1,"posy":1,"amount":700},{"posx":7,"posy":1,"amount":450},{"posx":13,"posy":2,"amount":50},{"posx":18,"posy":2,"amount":100},{"posx":6,"posy":3,"amount":750},{"posx":9,"posy":3,"amount":400},{"posx":11,"posy":3,"amount":700},{"posx":13,"posy":3,"amount":550},{"posx":7,"posy":4,"amount":600},{"posx":16,"posy":4,"amount":550},{"posx":6,"posy":5,"amount":100},{"posx":6,"posy":6,"amount":100},{"posx":15,"posy":6,"amount":700},{"posx":19,"posy":6,"amount":650},{"posx":9,"posy":7,"amount":300}],"changedObstacles":[]},{"players":[{"playerId":206247,"score":100,"energy":14,"posx":7,"posy":1,"lastAction":4,"status":0},{"playerId":1168092,"score":317,"energy":32,"posx":13,"posy":2,"lastAction":4,"status":0},{"playerId":1658775,"score":317,"energy":8,"posx":18,"posy":2,"lastAction":5,"status":0},{"playerId":803122,"score":367,"energy":16,"posx":16,"posy":4,"lastAction":4,"status":0}],"golds":[{"posx":0,"posy":0,"amount":650},{"posx":8,"posy":0,"amount":550},{"posx":0,"posy":1,"amount":400},{"posx":1,"posy":1,"amount":700},{"posx":7,"posy":1,"amount":450},{"posx":13,"posy":2,"amount":50},{"posx":18,"posy":2,"amount":50},{"posx":6,"posy":3,"amount":750},{"posx":9,"posy":3,"amount":400},{"posx":11,"posy":3,"amount":700},{"posx":13,"posy":3,"amount":550},{"posx":7,"posy":4,"amount":600},{"posx":16,"posy":4,"amount":550},{"posx":6,"posy":5,"amount":100},{"posx":6,"posy":6,"amount":100},{"posx":15,"posy":6,"amount":700},{"posx":19,"posy":6,"amount":650},{"posx":9,"posy":7,"amount":300}],"changedObstacles":[]},{"players":[{"playerId":206247,"score":100,"energy":30,"posx":7,"posy":1,"lastAction":4,"status":0},{"playerId":1168092,"score":367,"energy":27,"posx":13,"posy":2,"lastAction":5,"status":0},{"playerId":1658775,"score":367,"energy":3,"posx":18,"posy":2,"lastAction":5,"status":0},{"playerId":803122,"score":417,"energy":11,"posx":16,"posy":4,"lastAction":5,"status":0}],"golds":[{"posx":0,"posy":0,"amount":650},{"posx":8,"posy":0,"amount":550},{"posx":0,"posy":1,"amount":400},{"posx":1,"posy":1,"amount":700},{"posx":7,"posy":1,"amount":450},{"posx":6,"posy":3,"amount":750},{"posx":9,"posy":3,"amount":400},{"posx":11,"posy":3,"amount":700},{"posx":13,"posy":3,"amount":550},{"posx":7,"posy":4,"amount":600},{"posx":16,"posy":4,"amount":500},{"posx":6,"posy":5,"amount":100},{"posx":6,"posy":6,"amount":100},{"posx":15,"posy":6,"amount":700},{"posx":19,"posy":6,"amount":650},{"posx":9,"posy":7,"amount":300}],"changedObstacles":[{"type":0,"posx":18,"posy":2,"value":-1},{"type":0,"posx":13,"posy":2,"value":-1}]},{"players":[{"playerId":206247,"score":100,"energy":50,"posx":7,"posy":1,"lastAction":4,"status":0},{"playerId":1168092,"score":367,"energy":23,"posx":13,"posy":3,"lastAction":3,"status":0},{"playerId":1658775,"score":367,"energy":15,"posx":18,"posy":2,"lastAction":4,"status":0},{"playerId":803122,"score":467,"energy":6,"posx":16,"posy":4,"lastAction":5,"status":0}],"golds":[{"posx":0,"posy":0,"amount":650},{"posx":8,"posy":0,"amount":550},{"posx":0,"posy":1,"amount":400},{"posx":1,"posy":1,"amount":700},{"posx":7,"posy":1,"amount":450},{"posx":6,"posy":3,"amount":750},{"posx":9,"posy":3,"amount":400},{"posx":11,"posy":3,"amount":700},{"posx":13,"posy":3,"amount":550},{"posx":7,"posy":4,"amount":600},{"posx":16,"posy":4,"amount":450},{"posx":6,"posy":5,"amount":100},{"posx":6,"posy":6,"amount":100},{"posx":15,"posy":6,"amount":700},{"posx":19,"posy":6,"amount":650},{"posx":9,"posy":7,"amount":300}],"changedObstacles":[]},{"players":[{"playerId":206247,"score":150,"energy":45,"posx":7,"posy":1,"lastAction":5,"status":0},{"playerId":1168092,"score":417,"energy":18,"posx":13,"posy":3,"lastAction":5,"status":0},{"playerId":1658775,"score":367,"energy":10,"posx":19,"posy":2,"lastAction":1,"status":0},{"playerId":803122,"score":517,"energy":1,"posx":16,"posy":4,"lastAction":5,"status":0}],"golds":[{"posx":0,"posy":0,"amount":650},{"posx":8,"posy":0,"amount":550},{"posx":0,"posy":1,"amount":400},{"posx":1,"posy":1,"amount":700},{"posx":7,"posy":1,"amount":400},{"posx":6,"posy":3,"amount":750},{"posx":9,"posy":3,"amount":400},{"posx":11,"posy":3,"amount":700},{"posx":13,"posy":3,"amount":500},{"posx":7,"posy":4,"amount":600},{"posx":16,"posy":4,"amount":400},{"posx":6,"posy":5,"amount":100},{"posx":6,"posy":6,"amount":100},{"posx":15,"posy":6,"amount":700},{"posx":19,"posy":6,"amount":650},{"posx":9,"posy":7,"amount":300}],"changedObstacles":[{"type":3,"posx":19,"posy":2,"value":-20}]},{"players":[{"playerId":206247,"score":200,"energy":40,"posx":7,"posy":1,"lastAction":5,"status":0},{"playerId":1168092,"score":467,"energy":13,"posx":13,"posy":3,"lastAction":5,"status":0},{"playerId":1658775,"score":367,"energy":22,"posx":19,"posy":2,"lastAction":4,"status":0},{"playerId":803122,"score":517,"energy":13,"posx":16,"posy":4,"lastAction":4,"status":0}],"golds":[{"posx":0,"posy":0,"amount":650},{"posx":8,"posy":0,"amount":550},{"posx":0,"posy":1,"amount":400},{"posx":1,"posy":1,"amount":700},{"posx":7,"posy":1,"amount":350},{"posx":6,"posy":3,"amount":750},{"posx":9,"posy":3,"amount":400},{"posx":11,"posy":3,"amount":700},{"posx":13,"posy":3,"amount":450},{"posx":7,"posy":4,"amount":600},{"posx":16,"posy":4,"amount":400},{"posx":6,"posy":5,"amount":100},{"posx":6,"posy":6,"amount":100},{"posx":15,"posy":6,"amount":700},{"posx":19,"posy":6,"amount":650},{"posx":9,"posy":7,"amount":300}],"changedObstacles":[]},{"players":[{"playerId":206247,"score":250,"energy":35,"posx":7,"posy":1,"lastAction":5,"status":0},{"playerId":1168092,"score":517,"energy":8,"posx":13,"posy":3,"lastAction":5,"status":0},{"playerId":1658775,"score":367,"energy":21,"posx":19,"posy":3,"lastAction":3,"status":0},{"playerId":803122,"score":567,"energy":8,"posx":16,"posy":4,"lastAction":5,"status":0}],"golds":[{"posx":0,"posy":0,"amount":650},{"posx":8,"posy":0,"amount":550},{"posx":0,"posy":1,"amount":400},{"posx":1,"posy":1,"amount":700},{"posx":7,"posy":1,"amount":300},{"posx":6,"posy":3,"amount":750},{"posx":9,"posy":3,"amount":400},{"posx":11,"posy":3,"amount":700},{"posx":13,"posy":3,"amount":400},{"posx":7,"posy":4,"amount":600},{"posx":16,"posy":4,"amount":350},{"posx":6,"posy":5,"amount":100},{"posx":6,"posy":6,"amount":100},{"posx":15,"posy":6,"amount":700},{"posx":19,"posy":6,"amount":650},{"posx":9,"posy":7,"amount":300}],"changedObstacles":[]},{"players":[{"playerId":206247,"score":300,"energy":30,"posx":7,"posy":1,"lastAction":5,"status":0},{"playerId":1168092,"score":567,"energy":3,"posx":13,"posy":3,"lastAction":5,"status":0},{"playerId":1658775,"score":367,"energy":16,"posx":19,"posy":4,"lastAction":3,"status":0},{"playerId":803122,"score":617,"energy":3,"posx":16,"posy":4,"lastAction":5,"status":0}],"golds":[{"posx":0,"posy":0,"amount":650},{"posx":8,"posy":0,"amount":550},{"posx":0,"posy":1,"amount":400},{"posx":1,"posy":1,"amount":700},{"posx":7,"posy":1,"amount":250},{"posx":6,"posy":3,"amount":750},{"posx":9,"posy":3,"amount":400},{"posx":11,"posy":3,"amount":700},{"posx":13,"posy":3,"amount":350},{"posx":7,"posy":4,"amount":600},{"posx":16,"posy":4,"amount":300},{"posx":6,"posy":5,"amount":100},{"posx":6,"posy":6,"amount":100},{"posx":15,"posy":6,"amount":700},{"posx":19,"posy":6,"amount":650},{"posx":9,"posy":7,"amount":300}],"changedObstacles":[{"type":3,"posx":19,"posy":4,"value":-20}]},{"players":[{"playerId":206247,"score":350,"energy":25,"posx":7,"posy":1,"lastAction":5,"status":0},{"playerId":1168092,"score":567,"energy":15,"posx":13,"posy":3,"lastAction":4,"status":0},{"playerId":1658775,"score":367,"energy":15,"posx":19,"posy":5,"lastAction":3,"status":0},{"playerId":803122,"score":617,"energy":15,"posx":16,"posy":4,"lastAction":4,"status":0}],"golds":[{"posx":0,"posy":0,"amount":650},{"posx":8,"posy":0,"amount":550},{"posx":0,"posy":1,"amount":400},{"posx":1,"posy":1,"amount":700},{"posx":7,"posy":1,"amount":200},{"posx":6,"posy":3,"amount":750},{"posx":9,"posy":3,"amount":400},{"posx":11,"posy":3,"amount":700},{"posx":13,"posy":3,"amount":350},{"posx":7,"posy":4,"amount":600},{"posx":16,"posy":4,"amount":300},{"posx":6,"posy":5,"amount":100},{"posx":6,"posy":6,"amount":100},{"posx":15,"posy":6,"amount":700},{"posx":19,"posy":6,"amount":650},{"posx":9,"posy":7,"amount":300}],"changedObstacles":[]},{"players":[{"playerId":206247,"score":400,"energy":20,"posx":7,"posy":1,"lastAction":5,"status":0},{"playerId":1168092,"score":567,"energy":31,"posx":13,"posy":3,"lastAction":4,"status":0},{"playerId":1658775,"score":367,"energy":11,"posx":19,"posy":6,"lastAction":3,"status":0},{"playerId":803122,"score":667,"energy":10,"posx":16,"posy":4,"lastAction":5,"status":0}],"golds":[{"posx":0,"posy":0,"amount":650},{"posx":8,"posy":0,"amount":550},{"posx":0,"posy":1,"amount":400},{"posx":1,"posy":1,"amount":700},{"posx":7,"posy":1,"amount":150},{"posx":6,"posy":3,"amount":750},{"posx":9,"posy":3,"amount":400},{"posx":11,"posy":3,"amount":700},{"posx":13,"posy":3,"amount":350},{"posx":7,"posy":4,"amount":600},{"posx":16,"posy":4,"amount":250},{"posx":6,"posy":5,"amount":100},{"posx":6,"posy":6,"amount":100},{"posx":15,"posy":6,"amount":700},{"posx":19,"posy":6,"amount":650},{"posx":9,"posy":7,"amount":300}],"changedObstacles":[]},{"players":[{"playerId":206247,"score":450,"energy":15,"posx":7,"posy":1,"lastAction":5,"status":0},{"playerId":1168092,"score":617,"energy":26,"posx":13,"posy":3,"lastAction":5,"status":0},{"playerId":1658775,"score":417,"energy":6,"posx":19,"posy":6,"lastAction":5,"status":0},{"playerId":803122,"score":717,"energy":5,"posx":16,"posy":4,"lastAction":5,"status":0}],"golds":[{"posx":0,"posy":0,"amount":650},{"posx":8,"posy":0,"amount":550},{"posx":0,"posy":1,"amount":400},{"posx":1,"posy":1,"amount":700},{"posx":7,"posy":1,"amount":100},{"posx":6,"posy":3,"amount":750},{"posx":9,"posy":3,"amount":400},{"posx":11,"posy":3,"amount":700},{"posx":13,"posy":3,"amount":300},{"posx":7,"posy":4,"amount":600},{"posx":16,"posy":4,"amount":200},{"posx":6,"posy":5,"amount":100},{"posx":6,"posy":6,"amount":100},{"posx":15,"posy":6,"amount":700},{"posx":19,"posy":6,"amount":600},{"posx":9,"posy":7,"amount":300}],"changedObstacles":[]},{"players":[{"playerId":206247,"score":500,"energy":10,"posx":7,"posy":1,"lastAction":5,"status":0},{"playerId":1168092,"score":667,"energy":21,"posx":13,"posy":3,"lastAction":5,"status":0},{"playerId":1658775,"score":467,"energy":1,"posx":19,"posy":6,"lastAction":5,"status":0},{"playerId":803122,"score":717,"energy":17,"posx":16,"posy":4,"lastAction":4,"status":0}],"golds":[{"posx":0,"posy":0,"amount":650},{"posx":8,"posy":0,"amount":550},{"posx":0,"posy":1,"amount":400},{"posx":1,"posy":1,"amount":700},{"posx":7,"posy":1,"amount":50},{"posx":6,"posy":3,"amount":750},{"posx":9,"posy":3,"amount":400},{"posx":11,"posy":3,"amount":700},{"posx":13,"posy":3,"amount":250},{"posx":7,"posy":4,"amount":600},{"posx":16,"posy":4,"amount":200},{"posx":6,"posy":5,"amount":100},{"posx":6,"posy":6,"amount":100},{"posx":15,"posy":6,"amount":700},{"posx":19,"posy":6,"amount":550},{"posx":9,"posy":7,"amount":300}],"changedObstacles":[]},{"players":[{"playerId":206247,"score":550,"energy":5,"posx":7,"posy":1,"lastAction":5,"status":0},{"playerId":1168092,"score":717,"energy":16,"posx":13,"posy":3,"lastAction":5,"status":0},{"playerId":1658775,"score":467,"energy":13,"posx":19,"posy":6,"lastAction":4,"status":0},{"playerId":803122,"score":767,"energy":12,"posx":16,"posy":4,"lastAction":5,"status":0}],"golds":[{"posx":0,"posy":0,"amount":650},{"posx":8,"posy":0,"amount":550},{"posx":0,"posy":1,"amount":400},{"posx":1,"posy":1,"amount":700},{"posx":6,"posy":3,"amount":750},{"posx":9,"posy":3,"amount":400},{"posx":11,"posy":3,"amount":700},{"posx":13,"posy":3,"amount":200},{"posx":7,"posy":4,"amount":600},{"posx":16,"posy":4,"amount":150},{"posx":6,"posy":5,"amount":100},{"posx":6,"posy":6,"amount":100},{"posx":15,"posy":6,"amount":700},{"posx":19,"posy":6,"amount":550},{"posx":9,"posy":7,"amount":300}],"changedObstacles":[{"type":0,"posx":7,"posy":1,"value":-1}]},{"players":[{"playerId":206247,"score":550,"energy":4,"posx":8,"posy":1,"lastAction":1,"status":0},{"playerId":1168092,"score":767,"energy":11,"posx":13,"posy":3,"lastAction":5,"status":0},{"playerId":1658775,"score":517,"energy":8,"posx":19,"posy":6,"lastAction":5,"status":0},{"playerId":803122,"score":817,"energy":7,"posx":16,"posy":4,"lastAction":5,"status":0}],"golds":[{"posx":0,"posy":0,"amount":650},{"posx":8,"posy":0,"amount":550},{"posx":0,"posy":1,"amount":400},{"posx":1,"posy":1,"amount":700},{"posx":6,"posy":3,"amount":750},{"posx":9,"posy":3,"amount":400},{"posx":11,"posy":3,"amount":700},{"posx":13,"posy":3,"amount":150},{"posx":7,"posy":4,"amount":600},{"posx":16,"posy":4,"amount":100},{"posx":6,"posy":5,"amount":100},{"posx":6,"posy":6,"amount":100},{"posx":15,"posy":6,"amount":700},{"posx":19,"posy":6,"amount":500},{"posx":9,"posy":7,"amount":300}],"changedObstacles":[]},{"players":[{"playerId":206247,"score":550,"energy":16,"posx":8,"posy":1,"lastAction":4,"status":0},{"playerId":1168092,"score":817,"energy":6,"posx":13,"posy":3,"lastAction":5,"status":0},{"playerId":1658775,"score":567,"energy":3,"posx":19,"posy":6,"lastAction":5,"status":0},{"playerId":803122,"score":867,"energy":2,"posx":16,"posy":4,"lastAction":5,"status":0}],"golds":[{"posx":0,"posy":0,"amount":650},{"posx":8,"posy":0,"amount":550},{"posx":0,"posy":1,"amount":400},{"posx":1,"posy":1,"amount":700},{"posx":6,"posy":3,"amount":750},{"posx":9,"posy":3,"amount":400},{"posx":11,"posy":3,"amount":700},{"posx":13,"posy":3,"amount":100},{"posx":7,"posy":4,"amount":600},{"posx":16,"posy":4,"amount":50},{"posx":6,"posy":5,"amount":100},{"posx":6,"posy":6,"amount":100},{"posx":15,"posy":6,"amount":700},{"posx":19,"posy":6,"amount":450},{"posx":9,"posy":7,"amount":300}],"changedObstacles":[]},{"players":[{"playerId":206247,"score":550,"energy":32,"posx":8,"posy":1,"lastAction":4,"status":0},{"playerId":1168092,"score":867,"energy":1,"posx":13,"posy":3,"lastAction":5,"status":0},{"playerId":1658775,"score":567,"energy":15,"posx":19,"posy":6,"lastAction":4,"status":0},{"playerId":803122,"score":867,"energy":14,"posx":16,"posy":4,"lastAction":4,"status":0}],"golds":[{"posx":0,"posy":0,"amount":650},{"posx":8,"posy":0,"amount":550},{"posx":0,"posy":1,"amount":400},{"posx":1,"posy":1,"amount":700},{"posx":6,"posy":3,"amount":750},{"posx":9,"posy":3,"amount":400},{"posx":11,"posy":3,"amount":700},{"posx":13,"posy":3,"amount":50},{"posx":7,"posy":4,"amount":600},{"posx":16,"posy":4,"amount":50},{"posx":6,"posy":5,"amount":100},{"posx":6,"posy":6,"amount":100},{"posx":15,"posy":6,"amount":700},{"posx":19,"posy":6,"amount":450},{"posx":9,"posy":7,"amount":300}],"changedObstacles":[]},{"players":[{"playerId":206247,"score":550,"energy":50,"posx":8,"posy":1,"lastAction":4,"status":0},{"playerId":1168092,"score":867,"energy":13,"posx":13,"posy":3,"lastAction":4,"status":0},{"playerId":1658775,"score":617,"energy":10,"posx":19,"posy":6,"lastAction":5,"status":0},{"playerId":803122,"score":917,"energy":9,"posx":16,"posy":4,"lastAction":5,"status":0}],"golds":[{"posx":0,"posy":0,"amount":650},{"posx":8,"posy":0,"amount":550},{"posx":0,"posy":1,"amount":400},{"posx":1,"posy":1,"amount":700},{"posx":6,"posy":3,"amount":750},{"posx":9,"posy":3,"amount":400},{"posx":11,"posy":3,"amount":700},{"posx":13,"posy":3,"amount":50},{"posx":7,"posy":4,"amount":600},{"posx":6,"posy":5,"amount":100},{"posx":6,"posy":6,"amount":100},{"posx":15,"posy":6,"amount":700},{"posx":19,"posy":6,"amount":400},{"posx":9,"posy":7,"amount":300}],"changedObstacles":[{"type":0,"posx":16,"posy":4,"value":-1}]},{"players":[{"playerId":206247,"score":550,"energy":46,"posx":8,"posy":0,"lastAction":2,"status":0},{"playerId":1168092,"score":867,"energy":29,"posx":13,"posy":3,"lastAction":4,"status":0},{"playerId":1658775,"score":667,"energy":5,"posx":19,"posy":6,"lastAction":5,"status":0},{"playerId":803122,"score":917,"energy":21,"posx":16,"posy":4,"lastAction":4,"status":0}],"golds":[{"posx":0,"posy":0,"amount":650},{"posx":8,"posy":0,"amount":550},{"posx":0,"posy":1,"amount":400},{"posx":1,"posy":1,"amount":700},{"posx":6,"posy":3,"amount":750},{"posx":9,"posy":3,"amount":400},{"posx":11,"posy":3,"amount":700},{"posx":13,"posy":3,"amount":50},{"posx":7,"posy":4,"amount":600},{"posx":6,"posy":5,"amount":100},{"posx":6,"posy":6,"amount":100},{"posx":15,"posy":6,"amount":700},{"posx":19,"posy":6,"amount":350},{"posx":9,"posy":7,"amount":300}],"changedObstacles":[]},{"players":[{"playerId":206247,"score":600,"energy":41,"posx":8,"posy":0,"lastAction":5,"status":0},{"playerId":1168092,"score":917,"energy":24,"posx":13,"posy":3,"lastAction":5,"status":0},{"playerId":1658775,"score":667,"energy":17,"posx":19,"posy":6,"lastAction":4,"status":0},{"playerId":803122,"score":917,"energy":9,"posx":15,"posy":4,"lastAction":0,"status":0}],"golds":[{"posx":0,"posy":0,"amount":650},{"posx":8,"posy":0,"amount":500},{"posx":0,"posy":1,"amount":400},{"posx":1,"posy":1,"amount":700},{"posx":6,"posy":3,"amount":750},{"posx":9,"posy":3,"amount":400},{"posx":11,"posy":3,"amount":700},{"posx":7,"posy":4,"amount":600},{"posx":6,"posy":5,"amount":100},{"posx":6,"posy":6,"amount":100},{"posx":15,"posy":6,"amount":700},{"posx":19,"posy":6,"amount":350},{"posx":9,"posy":7,"amount":300}],"changedObstacles":[{"type":0,"posx":13,"posy":3,"value":-1}]},{"players":[{"playerId":206247,"score":650,"energy":36,"posx":8,"posy":0,"lastAction":5,"status":0},{"playerId":1168092,"score":917,"energy":23,"posx":12,"posy":3,"lastAction":0,"status":0},{"playerId":1658775,"score":717,"energy":12,"posx":19,"posy":6,"lastAction":5,"status":0},{"playerId":803122,"score":917,"energy":8,"posx":15,"posy":5,"lastAction":3,"status":0}],"golds":[{"posx":0,"posy":0,"amount":650},{"posx":8,"posy":0,"amount":450},{"posx":0,"posy":1,"amount":400},{"posx":1,"posy":1,"amount":700},{"posx":6,"posy":3,"amount":750},{"posx":9,"posy":3,"amount":400},{"posx":11,"posy":3,"amount":700},{"posx":7,"posy":4,"amount":600},{"posx":6,"posy":5,"amount":100},{"posx":6,"posy":6,"amount":100},{"posx":15,"posy":6,"amount":700},{"posx":19,"posy":6,"amount":300},{"posx":9,"posy":7,"amount":300}],"changedObstacles":[]},{"players":[{"playerId":206247,"score":700,"energy":31,"posx":8,"posy":0,"lastAction":5,"status":0},{"playerId":1168092,"score":917,"energy":19,"posx":11,"posy":3,"lastAction":0,"status":0},{"playerId":1658775,"score":767,"energy":7,"posx":19,"posy":6,"lastAction":5,"status":0},{"playerId":803122,"score":917,"energy":4,"posx":15,"posy":6,"lastAction":3,"status":0}],"golds":[{"posx":0,"posy":0,"amount":650},{"posx":8,"posy":0,"amount":400},{"posx":0,"posy":1,"amount":400},{"posx":1,"posy":1,"amount":700},{"posx":6,"posy":3,"amount":750},{"posx":9,"posy":3,"amount":400},{"posx":11,"posy":3,"amount":700},{"posx":7,"posy":4,"amount":600},{"posx":6,"posy":5,"amount":100},{"posx":6,"posy":6,"amount":100},{"posx":15,"posy":6,"amount":700},{"posx":19,"posy":6,"amount":250},{"posx":9,"posy":7,"amount":300}],"changedObstacles":[]},{"players":[{"playerId":206247,"score":750,"energy":26,"posx":8,"posy":0,"lastAction":5,"status":0},{"playerId":1168092,"score":967,"energy":14,"posx":11,"posy":3,"lastAction":5,"status":0},{"playerId":1658775,"score":817,"energy":2,"posx":19,"posy":6,"lastAction":5,"status":0},{"playerId":803122,"score":917,"energy":16,"posx":15,"posy":6,"lastAction":4,"status":0}],"golds":[{"posx":0,"posy":0,"amount":650},{"posx":8,"posy":0,"amount":350},{"posx":0,"posy":1,"amount":400},{"posx":1,"posy":1,"amount":700},{"posx":6,"posy":3,"amount":750},{"posx":9,"posy":3,"amount":400},{"posx":11,"posy":3,"amount":650},{"posx":7,"posy":4,"amount":600},{"posx":6,"posy":5,"amount":100},{"posx":6,"posy":6,"amount":100},{"posx":15,"posy":6,"amount":700},{"posx":19,"posy":6,"amount":200},{"posx":9,"posy":7,"amount":300}],"changedObstacles":[]},{"players":[{"playerId":206247,"score":800,"energy":21,"posx":8,"posy":0,"lastAction":5,"status":0},{"playerId":1168092,"score":1017,"energy":9,"posx":11,"posy":3,"lastAction":5,"status":0},{"playerId":1658775,"score":817,"energy":14,"posx":19,"posy":6,"lastAction":4,"status":0},{"playerId":803122,"score":967,"energy":11,"posx":15,"posy":6,"lastAction":5,"status":0}],"golds":[{"posx":0,"posy":0,"amount":650},{"posx":8,"posy":0,"amount":300},{"posx":0,"posy":1,"amount":400},{"posx":1,"posy":1,"amount":700},{"posx":6,"posy":3,"amount":750},{"posx":9,"posy":3,"amount":400},{"posx":11,"posy":3,"amount":600},{"posx":7,"posy":4,"amount":600},{"posx":6,"posy":5,"amount":100},{"posx":6,"posy":6,"amount":100},{"posx":15,"posy":6,"amount":650},{"posx":19,"posy":6,"amount":200},{"posx":9,"posy":7,"amount":300}],"changedObstacles":[]},{"players":[{"playerId":206247,"score":850,"energy":16,"posx":8,"posy":0,"lastAction":5,"status":0},{"playerId":1168092,"score":1067,"energy":4,"posx":11,"posy":3,"lastAction":5,"status":0},{"playerId":1658775,"score":867,"energy":9,"posx":19,"posy":6,"lastAction":5,"status":0},{"playerId":803122,"score":1017,"energy":6,"posx":15,"posy":6,"lastAction":5,"status":0}],"golds":[{"posx":0,"posy":0,"amount":650},{"posx":8,"posy":0,"amount":250},{"posx":0,"posy":1,"amount":400},{"posx":1,"posy":1,"amount":700},{"posx":6,"posy":3,"amount":750},{"posx":9,"posy":3,"amount":400},{"posx":11,"posy":3,"amount":550},{"posx":7,"posy":4,"amount":600},{"posx":6,"posy":5,"amount":100},{"posx":6,"posy":6,"amount":100},{"posx":15,"posy":6,"amount":600},{"posx":19,"posy":6,"amount":150},{"posx":9,"posy":7,"amount":300}],"changedObstacles":[]},{"players":[{"playerId":206247,"score":900,"energy":11,"posx":8,"posy":0,"lastAction":5,"status":0},{"playerId":1168092,"score":1067,"energy":16,"posx":11,"posy":3,"lastAction":4,"status":0},{"playerId":1658775,"score":917,"energy":4,"posx":19,"posy":6,"lastAction":5,"status":0},{"playerId":803122,"score":1067,"energy":1,"posx":15,"posy":6,"lastAction":5,"status":0}],"golds":[{"posx":0,"posy":0,"amount":650},{"posx":8,"posy":0,"amount":200},{"posx":0,"posy":1,"amount":400},{"posx":1,"posy":1,"amount":700},{"posx":6,"posy":3,"amount":750},{"posx":9,"posy":3,"amount":400},{"posx":11,"posy":3,"amount":550},{"posx":7,"posy":4,"amount":600},{"posx":6,"posy":5,"amount":100},{"posx":6,"posy":6,"amount":100},{"posx":15,"posy":6,"amount":550},{"posx":19,"posy":6,"amount":100},{"posx":9,"posy":7,"amount":300}],"changedObstacles":[]},{"players":[{"playerId":206247,"score":950,"energy":6,"posx":8,"posy":0,"lastAction":5,"status":0},{"playerId":1168092,"score":1067,"energy":32,"posx":11,"posy":3,"lastAction":4,"status":0},{"playerId":1658775,"score":917,"energy":16,"posx":19,"posy":6,"lastAction":4,"status":0},{"playerId":803122,"score":1067,"energy":13,"posx":15,"posy":6,"lastAction":4,"status":0}],"golds":[{"posx":0,"posy":0,"amount":650},{"posx":8,"posy":0,"amount":150},{"posx":0,"posy":1,"amount":400},{"posx":1,"posy":1,"amount":700},{"posx":6,"posy":3,"amount":750},{"posx":9,"posy":3,"amount":400},{"posx":11,"posy":3,"amount":550},{"posx":7,"posy":4,"amount":600},{"posx":6,"posy":5,"amount":100},{"posx":6,"posy":6,"amount":100},{"posx":15,"posy":6,"amount":550},{"posx":19,"posy":6,"amount":100},{"posx":9,"posy":7,"amount":300}],"changedObstacles":[]},{"players":[{"playerId":206247,"score":1000,"energy":1,"posx":8,"posy":0,"lastAction":5,"status":0},{"playerId":1168092,"score":1117,"energy":27,"posx":11,"posy":3,"lastAction":5,"status":0},{"playerId":1658775,"score":967,"energy":11,"posx":19,"posy":6,"lastAction":5,"status":0},{"playerId":803122,"score":1117,"energy":8,"posx":15,"posy":6,"lastAction":5,"status":0}],"golds":[{"posx":0,"posy":0,"amount":650},{"posx":8,"posy":0,"amount":100},{"posx":0,"posy":1,"amount":400},{"posx":1,"posy":1,"amount":700},{"posx":6,"posy":3,"amount":750},{"posx":9,"posy":3,"amount":400},{"posx":11,"posy":3,"amount":500},{"posx":7,"posy":4,"amount":600},{"posx":6,"posy":5,"amount":100},{"posx":6,"posy":6,"amount":100},{"posx":15,"posy":6,"amount":500},{"posx":19,"posy":6,"amount":50},{"posx":9,"posy":7,"amount":300}],"changedObstacles":[]},{"players":[{"playerId":206247,"score":1000,"energy":13,"posx":8,"posy":0,"lastAction":4,"status":0},{"playerId":1168092,"score":1167,"energy":22,"posx":11,"posy":3,"lastAction":5,"status":0},{"playerId":1658775,"score":1017,"energy":6,"posx":19,"posy":6,"lastAction":5,"status":0},{"playerId":803122,"score":1167,"energy":3,"posx":15,"posy":6,"lastAction":5,"status":0}],"golds":[{"posx":0,"posy":0,"amount":650},{"posx":8,"posy":0,"amount":100},{"posx":0,"posy":1,"amount":400},{"posx":1,"posy":1,"amount":700},{"posx":6,"posy":3,"amount":750},{"posx":9,"posy":3,"amount":400},{"posx":11,"posy":3,"amount":450},{"posx":7,"posy":4,"amount":600},{"posx":6,"posy":5,"amount":100},{"posx":6,"posy":6,"amount":100},{"posx":15,"posy":6,"amount":450},{"posx":9,"posy":7,"amount":300}],"changedObstacles":[{"type":0,"posx":19,"posy":6,"value":-1}]},{"players":[{"playerId":206247,"score":1000,"energy":29,"posx":8,"posy":0,"lastAction":4,"status":0},{"playerId":1168092,"score":1217,"energy":17,"posx":11,"posy":3,"lastAction":5,"status":0},{"playerId":1658775,"score":1017,"energy":18,"posx":19,"posy":6,"lastAction":4,"status":0},{"playerId":803122,"score":1167,"energy":15,"posx":15,"posy":6,"lastAction":4,"status":0}],"golds":[{"posx":0,"posy":0,"amount":650},{"posx":8,"posy":0,"amount":100},{"posx":0,"posy":1,"amount":400},{"posx":1,"posy":1,"amount":700},{"posx":6,"posy":3,"amount":750},{"posx":9,"posy":3,"amount":400},{"posx":11,"posy":3,"amount":400},{"posx":7,"posy":4,"amount":600},{"posx":6,"posy":5,"amount":100},{"posx":6,"posy":6,"amount":100},{"posx":15,"posy":6,"amount":450},{"posx":9,"posy":7,"amount":300}],"changedObstacles":[]},{"players":[{"playerId":206247,"score":1000,"energy":50,"posx":8,"posy":0,"lastAction":4,"status":0},{"playerId":1168092,"score":1267,"energy":12,"posx":11,"posy":3,"lastAction":5,"status":0},{"playerId":1658775,"score":1017,"energy":13,"posx":18,"posy":6,"lastAction":0,"status":0},{"playerId":803122,"score":1217,"energy":10,"posx":15,"posy":6,"lastAction":5,"status":0}],"golds":[{"posx":0,"posy":0,"amount":650},{"posx":8,"posy":0,"amount":100},{"posx":0,"posy":1,"amount":400},{"posx":1,"posy":1,"amount":700},{"posx":6,"posy":3,"amount":750},{"posx":9,"posy":3,"amount":400},{"posx":11,"posy":3,"amount":350},{"posx":7,"posy":4,"amount":600},{"posx":6,"posy":5,"amount":100},{"posx":6,"posy":6,"amount":100},{"posx":15,"posy":6,"amount":400},{"posx":9,"posy":7,"amount":300}],"changedObstacles":[{"type":3,"posx":18,"posy":6,"value":-20}]},{"players":[{"playerId":206247,"score":1050,"energy":45,"posx":8,"posy":0,"lastAction":5,"status":0},{"playerId":1168092,"score":1317,"energy":7,"posx":11,"posy":3,"lastAction":5,"status":0},{"playerId":1658775,"score":1017,"energy":8,"posx":17,"posy":6,"lastAction":0,"status":0},{"playerId":803122,"score":1267,"energy":5,"posx":15,"posy":6,"lastAction":5,"status":0}],"golds":[{"posx":0,"posy":0,"amount":650},{"posx":8,"posy":0,"amount":50},{"posx":0,"posy":1,"amount":400},{"posx":1,"posy":1,"amount":700},{"posx":6,"posy":3,"amount":750},{"posx":9,"posy":3,"amount":400},{"posx":11,"posy":3,"amount":300},{"posx":7,"posy":4,"amount":600},{"posx":6,"posy":5,"amount":100},{"posx":6,"posy":6,"amount":100},{"posx":15,"posy":6,"amount":350},{"posx":9,"posy":7,"amount":300}],"changedObstacles":[{"type":3,"posx":17,"posy":6,"value":-20}]},{"players":[{"playerId":206247,"score":1100,"energy":40,"posx":8,"posy":0,"lastAction":5,"status":0},{"playerId":1168092,"score":1367,"energy":2,"posx":11,"posy":3,"lastAction":5,"status":0},{"playerId":1658775,"score":1017,"energy":20,"posx":17,"posy":6,"lastAction":4,"status":0},{"playerId":803122,"score":1267,"energy":17,"posx":15,"posy":6,"lastAction":4,"status":0}],"golds":[{"posx":0,"posy":0,"amount":650},{"posx":0,"posy":1,"amount":400},{"posx":1,"posy":1,"amount":700},{"posx":6,"posy":3,"amount":750},{"posx":9,"posy":3,"amount":400},{"posx":11,"posy":3,"amount":250},{"posx":7,"posy":4,"amount":600},{"posx":6,"posy":5,"amount":100},{"posx":6,"posy":6,"amount":100},{"posx":15,"posy":6,"amount":350},{"posx":9,"posy":7,"amount":300}],"changedObstacles":[{"type":0,"posx":8,"posy":0,"value":-1}]},{"players":[{"playerId":206247,"score":1100,"energy":39,"posx":8,"posy":1,"lastAction":3,"status":0},{"playerId":1168092,"score":1367,"energy":14,"posx":11,"posy":3,"lastAction":4,"status":0},{"playerId":1658775,"score":1017,"energy":19,"posx":16,"posy":6,"lastAction":0,"status":0},{"playerId":803122,"score":1317,"energy":12,"posx":15,"posy":6,"lastAction":5,"status":0}],"golds":[{"posx":0,"posy":0,"amount":650},{"posx":0,"posy":1,"amount":400},{"posx":1,"posy":1,"amount":700},{"posx":6,"posy":3,"amount":750},{"posx":9,"posy":3,"amount":400},{"posx":11,"posy":3,"amount":250},{"posx":7,"posy":4,"amount":600},{"posx":6,"posy":5,"amount":100},{"posx":6,"posy":6,"amount":100},{"posx":15,"posy":6,"amount":300},{"posx":9,"posy":7,"amount":300}],"changedObstacles":[]},{"players":[{"playerId":206247,"score":1100,"energy":38,"posx":9,"posy":1,"lastAction":1,"status":0},{"playerId":1168092,"score":1367,"energy":30,"posx":11,"posy":3,"lastAction":4,"status":0},{"playerId":1658775,"score":1017,"energy":14,"posx":16,"posy":5,"lastAction":2,"status":0},{"playerId":803122,"score":1367,"energy":7,"posx":15,"posy":6,"lastAction":5,"status":0}],"golds":[{"posx":0,"posy":0,"amount":650},{"posx":0,"posy":1,"amount":400},{"posx":1,"posy":1,"amount":700},{"posx":6,"posy":3,"amount":750},{"posx":9,"posy":3,"amount":400},{"posx":11,"posy":3,"amount":250},{"posx":7,"posy":4,"amount":600},{"posx":6,"posy":5,"amount":100},{"posx":6,"posy":6,"amount":100},{"posx":15,"posy":6,"amount":250},{"posx":9,"posy":7,"amount":300}],"changedObstacles":[{"type":3,"posx":16,"posy":5,"value":-20}]},{"players":[{"playerId":206247,"score":1100,"energy":37,"posx":9,"posy":2,"lastAction":3,"status":0},{"playerId":1168092,"score":1417,"energy":25,"posx":11,"posy":3,"lastAction":5,"status":0},{"playerId":1658775,"score":1017,"energy":26,"posx":16,"posy":5,"lastAction":4,"status":0},{"playerId":803122,"score":1417,"energy":2,"posx":15,"posy":6,"lastAction":5,"status":0}],"golds":[{"posx":0,"posy":0,"amount":650},{"posx":0,"posy":1,"amount":400},{"posx":1,"posy":1,"amount":700},{"posx":6,"posy":3,"amount":750},{"posx":9,"posy":3,"amount":400},{"posx":11,"posy":3,"amount":200},{"posx":7,"posy":4,"amount":600},{"posx":6,"posy":5,"amount":100},{"posx":6,"posy":6,"amount":100},{"posx":15,"posy":6,"amount":200},{"posx":9,"posy":7,"amount":300}],"changedObstacles":[]},{"players":[{"playerId":206247,"score":1100,"energy":33,"posx":9,"posy":3,"lastAction":3,"status":0},{"playerId":1168092,"score":1467,"energy":20,"posx":11,"posy":3,"lastAction":5,"status":0},{"playerId":1658775,"score":1017,"energy":25,"posx":15,"posy":5,"lastAction":0,"status":0},{"playerId":803122,"score":1417,"energy":14,"posx":15,"posy":6,"lastAction":4,"status":0}],"golds":[{"posx":0,"posy":0,"amount":650},{"posx":0,"posy":1,"amount":400},{"posx":1,"posy":1,"amount":700},{"posx":6,"posy":3,"amount":750},{"posx":9,"posy":3,"amount":400},{"posx":11,"posy":3,"amount":150},{"posx":7,"posy":4,"amount":600},{"posx":6,"posy":5,"amount":100},{"posx":6,"posy":6,"amount":100},{"posx":15,"posy":6,"amount":200},{"posx":9,"posy":7,"amount":300}],"changedObstacles":[]},{"players":[{"playerId":206247,"score":1150,"energy":28,"posx":9,"posy":3,"lastAction":5,"status":0},{"playerId":1168092,"score":1517,"energy":15,"posx":11,"posy":3,"lastAction":5,"status":0},{"playerId":1658775,"score":1017,"energy":9,"posx":14,"posy":5,"lastAction":0,"status":0},{"playerId":803122,"score":1467,"energy":9,"posx":15,"posy":6,"lastAction":5,"status":0}],"golds":[{"posx":0,"posy":0,"amount":650},{"posx":0,"posy":1,"amount":400},{"posx":1,"posy":1,"amount":700},{"posx":6,"posy":3,"amount":750},{"posx":9,"posy":3,"amount":350},{"posx":11,"posy":3,"amount":100},{"posx":7,"posy":4,"amount":600},{"posx":6,"posy":5,"amount":100},{"posx":6,"posy":6,"amount":100},{"posx":15,"posy":6,"amount":150},{"posx":9,"posy":7,"amount":300}],"changedObstacles":[]},{"players":[{"playerId":206247,"score":1200,"energy":23,"posx":9,"posy":3,"lastAction":5,"status":0},{"playerId":1168092,"score":1567,"energy":10,"posx":11,"posy":3,"lastAction":5,"status":0},{"playerId":1658775,"score":1017,"energy":21,"posx":14,"posy":5,"lastAction":4,"status":0},{"playerId":803122,"score":1517,"energy":4,"posx":15,"posy":6,"lastAction":5,"status":0}],"golds":[{"posx":0,"posy":0,"amount":650},{"posx":0,"posy":1,"amount":400},{"posx":1,"posy":1,"amount":700},{"posx":6,"posy":3,"amount":750},{"posx":9,"posy":3,"amount":300},{"posx":11,"posy":3,"amount":50},{"posx":7,"posy":4,"amount":600},{"posx":6,"posy":5,"amount":100},{"posx":6,"posy":6,"amount":100},{"posx":15,"posy":6,"amount":100},{"posx":9,"posy":7,"amount":300}],"changedObstacles":[]},{"players":[{"playerId":206247,"score":1250,"energy":18,"posx":9,"posy":3,"lastAction":5,"status":0},{"playerId":1168092,"score":1617,"energy":5,"posx":11,"posy":3,"lastAction":5,"status":0},{"playerId":1658775,"score":1017,"energy":20,"posx":14,"posy":6,"lastAction":3,"status":0},{"playerId":803122,"score":1517,"energy":16,"posx":15,"posy":6,"lastAction":4,"status":0}],"golds":[{"posx":0,"posy":0,"amount":650},{"posx":0,"posy":1,"amount":400},{"posx":1,"posy":1,"amount":700},{"posx":6,"posy":3,"amount":750},{"posx":9,"posy":3,"amount":250},{"posx":7,"posy":4,"amount":600},{"posx":6,"posy":5,"amount":100},{"posx":6,"posy":6,"amount":100},{"posx":15,"posy":6,"amount":100},{"posx":9,"posy":7,"amount":300}],"changedObstacles":[{"type":0,"posx":11,"posy":3,"value":-1}]},{"players":[{"playerId":206247,"score":1300,"energy":13,"posx":9,"posy":3,"lastAction":5,"status":0},{"playerId":1168092,"score":1617,"energy":17,"posx":11,"posy":3,"lastAction":4,"status":0},{"playerId":1658775,"score":1017,"energy":32,"posx":14,"posy":6,"lastAction":4,"status":0},{"playerId":803122,"score":1567,"energy":11,"posx":15,"posy":6,"lastAction":5,"status":0}],"golds":[{"posx":0,"posy":0,"amount":650},{"posx":0,"posy":1,"amount":400},{"posx":1,"posy":1,"amount":700},{"posx":6,"posy":3,"amount":750},{"posx":9,"posy":3,"amount":200},{"posx":7,"posy":4,"amount":600},{"posx":6,"posy":5,"amount":100},{"posx":6,"posy":6,"amount":100},{"posx":15,"posy":6,"amount":50},{"posx":9,"posy":7,"amount":300}],"changedObstacles":[]},{"players":[{"playerId":206247,"score":1350,"energy":8,"posx":9,"posy":3,"lastAction":5,"status":0},{"playerId":1168092,"score":1617,"energy":7,"posx":10,"posy":3,"lastAction":0,"status":0},{"playerId":1658775,"score":1017,"energy":27,"posx":13,"posy":6,"lastAction":0,"status":0},{"playerId":803122,"score":1617,"energy":6,"posx":15,"posy":6,"lastAction":5,"status":0}],"golds":[{"posx":0,"posy":0,"amount":650},{"posx":0,"posy":1,"amount":400},{"posx":1,"posy":1,"amount":700},{"posx":6,"posy":3,"amount":750},{"posx":9,"posy":3,"amount":150},{"posx":7,"posy":4,"amount":600},{"posx":6,"posy":5,"amount":100},{"posx":6,"posy":6,"amount":100},{"posx":9,"posy":7,"amount":300}],"changedObstacles":[{"type":0,"posx":10,"posy":3,"value":-1},{"type":0,"posx":15,"posy":6,"value":-1}]},{"players":[{"playerId":206247,"score":1400,"energy":3,"posx":9,"posy":3,"lastAction":5,"status":0},{"playerId":1168092,"score":1617,"energy":3,"posx":9,"posy":3,"lastAction":0,"status":0},{"playerId":1658775,"score":1017,"energy":11,"posx":12,"posy":6,"lastAction":0,"status":0},{"playerId":803122,"score":1617,"energy":5,"posx":16,"posy":6,"lastAction":1,"status":0}],"golds":[{"posx":0,"posy":0,"amount":650},{"posx":0,"posy":1,"amount":400},{"posx":1,"posy":1,"amount":700},{"posx":6,"posy":3,"amount":750},{"posx":9,"posy":3,"amount":100},{"posx":7,"posy":4,"amount":600},{"posx":6,"posy":5,"amount":100},{"posx":6,"posy":6,"amount":100},{"posx":9,"posy":7,"amount":300}],"changedObstacles":[]},{"players":[{"playerId":206247,"score":1400,"energy":15,"posx":9,"posy":3,"lastAction":4,"status":0},{"playerId":1168092,"score":1617,"energy":15,"posx":9,"posy":3,"lastAction":4,"status":0},{"playerId":1658775,"score":1017,"energy":6,"posx":11,"posy":6,"lastAction":0,"status":0},{"playerId":803122,"score":1617,"energy":17,"posx":16,"posy":6,"lastAction":4,"status":0}],"golds":[{"posx":0,"posy":0,"amount":650},{"posx":0,"posy":1,"amount":400},{"posx":1,"posy":1,"amount":700},{"posx":6,"posy":3,"amount":750},{"posx":9,"posy":3,"amount":100},{"posx":7,"posy":4,"amount":600},{"posx":6,"posy":5,"amount":100},{"posx":6,"posy":6,"amount":100},{"posx":9,"posy":7,"amount":300}],"changedObstacles":[{"type":3,"posx":11,"posy":6,"value":-20}]},{"players":[{"playerId":206247,"score":1400,"energy":31,"posx":9,"posy":3,"lastAction":4,"status":0},{"playerId":1168092,"score":1617,"energy":31,"posx":9,"posy":3,"lastAction":4,"status":0},{"playerId":1658775,"score":1017,"energy":18,"posx":11,"posy":6,"lastAction":4,"status":0},{"playerId":803122,"score":1617,"energy":33,"posx":16,"posy":6,"lastAction":4,"status":0}],"golds":[{"posx":0,"posy":0,"amount":650},{"posx":0,"posy":1,"amount":400},{"posx":1,"posy":1,"amount":700},{"posx":6,"posy":3,"amount":750},{"posx":9,"posy":3,"amount":100},{"posx":7,"posy":4,"amount":600},{"posx":6,"posy":5,"amount":100},{"posx":6,"posy":6,"amount":100},{"posx":9,"posy":7,"amount":300}],"changedObstacles":[]},{"players":[{"playerId":206247,"score":1400,"energy":50,"posx":9,"posy":3,"lastAction":4,"status":0},{"playerId":1168092,"score":1667,"energy":26,"posx":9,"posy":3,"lastAction":5,"status":0},{"playerId":1658775,"score":1017,"energy":17,"posx":10,"posy":6,"lastAction":0,"status":0},{"playerId":803122,"score":1617,"energy":13,"posx":16,"posy":5,"lastAction":2,"status":0}],"golds":[{"posx":0,"posy":0,"amount":650},{"posx":0,"posy":1,"amount":400},{"posx":1,"posy":1,"amount":700},{"posx":6,"posy":3,"amount":750},{"posx":9,"posy":3,"amount":50},{"posx":7,"posy":4,"amount":600},{"posx":6,"posy":5,"amount":100},{"posx":6,"posy":6,"amount":100},{"posx":9,"posy":7,"amount":300}],"changedObstacles":[{"type":3,"posx":16,"posy":5,"value":-40}]},{"players":[{"playerId":206247,"score":1425,"energy":45,"posx":9,"posy":3,"lastAction":5,"status":0},{"playerId":1168092,"score":1692,"energy":21,"posx":9,"posy":3,"lastAction":5,"status":0},{"playerId":1658775,"score":1017,"energy":7,"posx":9,"posy":6,"lastAction":0,"status":0},{"playerId":803122,"score":1617,"energy":12,"posx":15,"posy":5,"lastAction":0,"status":0}],"golds":[{"posx":0,"posy":0,"amount":650},{"posx":0,"posy":1,"amount":400},{"posx":1,"posy":1,"amount":700},{"posx":6,"posy":3,"amount":750},{"posx":7,"posy":4,"amount":600},{"posx":6,"posy":5,"amount":100},{"posx":6,"posy":6,"amount":100},{"posx":9,"posy":7,"amount":300}],"changedObstacles":[{"type":0,"posx":9,"posy":6,"value":-1},{"type":0,"posx":9,"posy":3,"value":-1}]},{"players":[{"playerId":206247,"score":1425,"energy":35,"posx":8,"posy":3,"lastAction":0,"status":0},{"playerId":1168092,"score":1692,"energy":11,"posx":8,"posy":3,"lastAction":0,"status":0},{"playerId":1658775,"score":1017,"energy":19,"posx":9,"posy":6,"lastAction":4,"status":0},{"playerId":803122,"score":1617,"energy":24,"posx":15,"posy":5,"lastAction":4,"status":0}],"golds":[{"posx":0,"posy":0,"amount":650},{"posx":0,"posy":1,"amount":400},{"posx":1,"posy":1,"amount":700},{"posx":6,"posy":3,"amount":750},{"posx":7,"posy":4,"amount":600},{"posx":6,"posy":5,"amount":100},{"posx":6,"posy":6,"amount":100},{"posx":9,"posy":7,"amount":300}],"changedObstacles":[{"type":0,"posx":8,"posy":3,"value":-1}]},{"players":[{"playerId":206247,"score":1425,"energy":34,"posx":7,"posy":3,"lastAction":0,"status":0},{"playerId":1168092,"score":1692,"energy":10,"posx":7,"posy":3,"lastAction":0,"status":0},{"playerId":1658775,"score":1017,"energy":14,"posx":9,"posy":5,"lastAction":2,"status":0},{"playerId":803122,"score":1617,"energy":40,"posx":15,"posy":5,"lastAction":4,"status":0}],"golds":[{"posx":0,"posy":0,"amount":650},{"posx":0,"posy":1,"amount":400},{"posx":1,"posy":1,"amount":700},{"posx":6,"posy":3,"amount":750},{"posx":7,"posy":4,"amount":600},{"posx":6,"posy":5,"amount":100},{"posx":6,"posy":6,"amount":100},{"posx":9,"posy":7,"amount":300}],"changedObstacles":[{"type":3,"posx":9,"posy":5,"value":-20}]},{"players":[{"playerId":206247,"score":1425,"energy":30,"posx":6,"posy":3,"lastAction":0,"status":0},{"playerId":1168092,"score":1692,"energy":6,"posx":6,"posy":3,"lastAction":0,"status":0},{"playerId":1658775,"score":1017,"energy":13,"posx":9,"posy":4,"lastAction":2,"status":0},{"playerId":803122,"score":1617,"energy":50,"posx":15,"posy":5,"lastAction":4,"status":0}],"golds":[{"posx":0,"posy":0,"amount":650},{"posx":0,"posy":1,"amount":400},{"posx":1,"posy":1,"amount":700},{"posx":6,"posy":3,"amount":750},{"posx":7,"posy":4,"amount":600},{"posx":6,"posy":5,"amount":100},{"posx":6,"posy":6,"amount":100},{"posx":9,"posy":7,"amount":300}],"changedObstacles":[]},{"players":[{"playerId":206247,"score":1475,"energy":25,"posx":6,"posy":3,"lastAction":5,"status":0},{"playerId":1168092,"score":1742,"energy":1,"posx":6,"posy":3,"lastAction":5,"status":0},{"playerId":1658775,"score":1017,"energy":3,"posx":8,"posy":4,"lastAction":0,"status":0},{"playerId":803122,"score":1617,"energy":10,"posx":16,"posy":5,"lastAction":1,"status":0}],"golds":[{"posx":0,"posy":0,"amount":650},{"posx":0,"posy":1,"amount":400},{"posx":1,"posy":1,"amount":700},{"posx":6,"posy":3,"amount":650},{"posx":7,"posy":4,"amount":600},{"posx":6,"posy":5,"amount":100},{"posx":6,"posy":6,"amount":100},{"posx":9,"posy":7,"amount":300}],"changedObstacles":[{"type":0,"posx":8,"posy":4,"value":-1},{"type":3,"posx":16,"posy":5,"value":-100}]},{"players":[{"playerId":206247,"score":1525,"energy":20,"posx":6,"posy":3,"lastAction":5,"status":0},{"playerId":1168092,"score":1742,"energy":13,"posx":6,"posy":3,"lastAction":4,"status":0},{"playerId":1658775,"score":1017,"energy":15,"posx":8,"posy":4,"lastAction":4,"status":0},{"playerId":803122,"score":1617,"energy":9,"posx":16,"posy":4,"lastAction":2,"status":0}],"golds":[{"posx":0,"posy":0,"amount":650},{"posx":0,"posy":1,"amount":400},{"posx":1,"posy":1,"amount":700},{"posx":6,"posy":3,"amount":600},{"posx":7,"posy":4,"amount":600},{"posx":6,"posy":5,"amount":100},{"posx":6,"posy":6,"amount":100},{"posx":9,"posy":7,"amount":300}],"changedObstacles":[]},{"players":[{"playerId":206247,"score":1575,"energy":15,"posx":6,"posy":3,"lastAction":5,"status":0},{"playerId":1168092,"score":1742,"energy":29,"posx":6,"posy":3,"lastAction":4,"status":0},{"playerId":1658775,"score":1017,"energy":11,"posx":7,"posy":4,"lastAction":0,"status":0},{"playerId":803122,"score":1617,"energy":4,"posx":17,"posy":4,"lastAction":1,"status":0}],"golds":[{"posx":0,"posy":0,"amount":650},{"posx":0,"posy":1,"amount":400},{"posx":1,"posy":1,"amount":700},{"posx":6,"posy":3,"amount":550},{"posx":7,"posy":4,"amount":600},{"posx":6,"posy":5,"amount":100},{"posx":6,"posy":6,"amount":100},{"posx":9,"posy":7,"amount":300}],"changedObstacles":[{"type":3,"posx":17,"posy":4,"value":-20}]},{"players":[{"playerId":206247,"score":1625,"energy":10,"posx":6,"posy":3,"lastAction":5,"status":0},{"playerId":1168092,"score":1792,"energy":24,"posx":6,"posy":3,"lastAction":5,"status":0},{"playerId":1658775,"score":1067,"energy":6,"posx":7,"posy":4,"lastAction":5,"status":0},{"playerId":803122,"score":1617,"energy":3,"posx":18,"posy":4,"lastAction":1,"status":0}],"golds":[{"posx":0,"posy":0,"amount":650},{"posx":0,"posy":1,"amount":400},{"posx":1,"posy":1,"amount":700},{"posx":6,"posy":3,"amount":450},{"posx":7,"posy":4,"amount":550},{"posx":6,"posy":5,"amount":100},{"posx":6,"posy":6,"amount":100},{"posx":9,"posy":7,"amount":300}],"changedObstacles":[]},{"players":[{"playerId":206247,"score":1675,"energy":5,"posx":6,"posy":3,"lastAction":5,"status":0},{"playerId":1168092,"score":1842,"energy":19,"posx":6,"posy":3,"lastAction":5,"status":0},{"playerId":1658775,"score":1117,"energy":1,"posx":7,"posy":4,"lastAction":5,"status":0},{"playerId":803122,"score":1617,"energy":15,"posx":18,"posy":4,"lastAction":4,"status":0}],"golds":[{"posx":0,"posy":0,"amount":650},{"posx":0,"posy":1,"amount":400},{"posx":1,"posy":1,"amount":700},{"posx":6,"posy":3,"amount":350},{"posx":7,"posy":4,"amount":500},{"posx":6,"posy":5,"amount":100},{"posx":6,"posy":6,"amount":100},{"posx":9,"posy":7,"amount":300}],"changedObstacles":[]},{"players":[{"playerId":206247,"score":1675,"energy":17,"posx":6,"posy":3,"lastAction":4,"status":0},{"playerId":1168092,"score":1892,"energy":14,"posx":6,"posy":3,"lastAction":5,"status":0},{"playerId":1658775,"score":1117,"energy":13,"posx":7,"posy":4,"lastAction":4,"status":0},{"playerId":803122,"score":1617,"energy":31,"posx":18,"posy":4,"lastAction":4,"status":0}],"golds":[{"posx":0,"posy":0,"amount":650},{"posx":0,"posy":1,"amount":400},{"posx":1,"posy":1,"amount":700},{"posx":6,"posy":3,"amount":300},{"posx":7,"posy":4,"amount":500},{"posx":6,"posy":5,"amount":100},{"posx":6,"posy":6,"amount":100},{"posx":9,"posy":7,"amount":300}],"changedObstacles":[]},{"players":[{"playerId":206247,"score":1675,"energy":33,"posx":6,"posy":3,"lastAction":4,"status":0},{"playerId":1168092,"score":1942,"energy":9,"posx":6,"posy":3,"lastAction":5,"status":0},{"playerId":1658775,"score":1167,"energy":8,"posx":7,"posy":4,"lastAction":5,"status":0},{"playerId":803122,"score":1617,"energy":21,"posx":18,"posy":3,"lastAction":2,"status":0}],"golds":[{"posx":0,"posy":0,"amount":650},{"posx":0,"posy":1,"amount":400},{"posx":1,"posy":1,"amount":700},{"posx":6,"posy":3,"amount":250},{"posx":7,"posy":4,"amount":450},{"posx":6,"posy":5,"amount":100},{"posx":6,"posy":6,"amount":100},{"posx":9,"posy":7,"amount":300}],"changedObstacles":[]},{"players":[{"playerId":206247,"score":1675,"energy":50,"posx":6,"posy":3,"lastAction":4,"status":0},{"playerId":1168092,"score":1992,"energy":4,"posx":6,"posy":3,"lastAction":5,"status":0},{"playerId":1658775,"score":1217,"energy":3,"posx":7,"posy":4,"lastAction":5,"status":0},{"playerId":803122,"score":1617,"energy":20,"posx":18,"posy":2,"lastAction":2,"status":0}],"golds":[{"posx":0,"posy":0,"amount":650},{"posx":0,"posy":1,"amount":400},{"posx":1,"posy":1,"amount":700},{"posx":6,"posy":3,"amount":200},{"posx":7,"posy":4,"amount":400},{"posx":6,"posy":5,"amount":100},{"posx":6,"posy":6,"amount":100},{"posx":9,"posy":7,"amount":300}],"changedObstacles":[]},{"players":[{"playerId":206247,"score":1725,"energy":45,"posx":6,"posy":3,"lastAction":5,"status":0},{"playerId":1168092,"score":1992,"energy":16,"posx":6,"posy":3,"lastAction":4,"status":0},{"playerId":1658775,"score":1217,"energy":15,"posx":7,"posy":4,"lastAction":4,"status":0},{"playerId":803122,"score":1617,"energy":19,"posx":17,"posy":2,"lastAction":0,"status":0}],"golds":[{"posx":0,"posy":0,"amount":650},{"posx":0,"posy":1,"amount":400},{"posx":1,"posy":1,"amount":700},{"posx":6,"posy":3,"amount":150},{"posx":7,"posy":4,"amount":400},{"posx":6,"posy":5,"amount":100},{"posx":6,"posy":6,"amount":100},{"posx":9,"posy":7,"amount":300}],"changedObstacles":[]},{"players":[{"playerId":206247,"score":1775,"energy":40,"posx":6,"posy":3,"lastAction":5,"status":0},{"playerId":1168092,"score":1992,"energy":32,"posx":6,"posy":3,"lastAction":4,"status":0},{"playerId":1658775,"score":1267,"energy":10,"posx":7,"posy":4,"lastAction":5,"status":0},{"playerId":803122,"score":1617,"energy":31,"posx":17,"posy":2,"lastAction":4,"status":0}],"golds":[{"posx":0,"posy":0,"amount":650},{"posx":0,"posy":1,"amount":400},{"posx":1,"posy":1,"amount":700},{"posx":6,"posy":3,"amount":100},{"posx":7,"posy":4,"amount":350},{"posx":6,"posy":5,"amount":100},{"posx":6,"posy":6,"amount":100},{"posx":9,"posy":7,"amount":300}],"changedObstacles":[]},{"players":[{"playerId":206247,"score":1825,"energy":35,"posx":6,"posy":3,"lastAction":5,"status":0},{"playerId":1168092,"score":2042,"energy":27,"posx":6,"posy":3,"lastAction":5,"status":0},{"playerId":1658775,"score":1317,"energy":5,"posx":7,"posy":4,"lastAction":5,"status":0},{"playerId":803122,"score":1617,"energy":11,"posx":17,"posy":1,"lastAction":2,"status":0}],"golds":[{"posx":0,"posy":0,"amount":650},{"posx":0,"posy":1,"amount":400},{"posx":1,"posy":1,"amount":700},{"posx":7,"posy":4,"amount":300},{"posx":6,"posy":5,"amount":100},{"posx":6,"posy":6,"amount":100},{"posx":9,"posy":7,"amount":300}],"changedObstacles":[{"type":3,"posx":17,"posy":1,"value":-40},{"type":0,"posx":6,"posy":3,"value":-1}]},{"players":[{"playerId":206247,"score":1825,"energy":34,"posx":5,"posy":3,"lastAction":0,"status":0},{"playerId":1168092,"score":2042,"energy":26,"posx":6,"posy":4,"lastAction":3,"status":0},{"playerId":1658775,"score":1317,"energy":17,"posx":7,"posy":4,"lastAction":4,"status":0},{"playerId":803122,"score":1617,"energy":10,"posx":16,"posy":1,"lastAction":0,"status":0}],"golds":[{"posx":0,"posy":0,"amount":650},{"posx":0,"posy":1,"amount":400},{"posx":1,"posy":1,"amount":700},{"posx":7,"posy":4,"amount":300},{"posx":6,"posy":5,"amount":100},{"posx":6,"posy":6,"amount":100},{"posx":9,"posy":7,"amount":300}],"changedObstacles":[]},{"players":[{"playerId":206247,"score":1825,"energy":24,"posx":4,"posy":3,"lastAction":0,"status":0},{"playerId":1168092,"score":2042,"energy":22,"posx":7,"posy":4,"lastAction":1,"status":0},{"playerId":1658775,"score":1367,"energy":12,"posx":7,"posy":4,"lastAction":5,"status":0},{"playerId":803122,"score":1617,"energy":9,"posx":15,"posy":1,"lastAction":0,"status":0}],"golds":[{"posx":0,"posy":0,"amount":650},{"posx":0,"posy":1,"amount":400},{"posx":1,"posy":1,"amount":700},{"posx":7,"posy":4,"amount":250},{"posx":6,"posy":5,"amount":100},{"posx":6,"posy":6,"amount":100},{"posx":9,"posy":7,"amount":300}],"changedObstacles":[{"type":0,"posx":4,"posy":3,"value":-1}]},{"players":[{"playerId":206247,"score":1825,"energy":14,"posx":3,"posy":3,"lastAction":0,"status":0},{"playerId":1168092,"score":2092,"energy":17,"posx":7,"posy":4,"lastAction":5,"status":0},{"playerId":1658775,"score":1417,"energy":7,"posx":7,"posy":4,"lastAction":5,"status":0},{"playerId":803122,"score":1617,"energy":21,"posx":15,"posy":1,"lastAction":4,"status":0}],"golds":[{"posx":0,"posy":0,"amount":650},{"posx":0,"posy":1,"amount":400},{"posx":1,"posy":1,"amount":700},{"posx":7,"posy":4,"amount":150},{"posx":6,"posy":5,"amount":100},{"posx":6,"posy":6,"amount":100},{"posx":9,"posy":7,"amount":300}],"changedObstacles":[{"type":0,"posx":3,"posy":3,"value":-1}]},{"players":[{"playerId":206247,"score":1825,"energy":4,"posx":3,"posy":2,"lastAction":2,"status":0},{"playerId":1168092,"score":2142,"energy":12,"posx":7,"posy":4,"lastAction":5,"status":0},{"playerId":1658775,"score":1467,"energy":2,"posx":7,"posy":4,"lastAction":5,"status":0},{"playerId":803122,"score":1617,"energy":9,"posx":15,"posy":2,"lastAction":3,"status":0}],"golds":[{"posx":0,"posy":0,"amount":650},{"posx":0,"posy":1,"amount":400},{"posx":1,"posy":1,"amount":700},{"posx":7,"posy":4,"amount":50},{"posx":6,"posy":5,"amount":100},{"posx":6,"posy":6,"amount":100},{"posx":9,"posy":7,"amount":300}],"changedObstacles":[{"type":0,"posx":3,"posy":2,"value":-1}]},{"players":[{"playerId":206247,"score":1825,"energy":3,"posx":2,"posy":2,"lastAction":0,"status":0},{"playerId":1168092,"score":2192,"energy":7,"posx":7,"posy":4,"lastAction":5,"status":0},{"playerId":1658775,"score":1467,"energy":14,"posx":7,"posy":4,"lastAction":4,"status":0},{"playerId":803122,"score":1617,"energy":8,"posx":14,"posy":2,"lastAction":0,"status":0}],"golds":[{"posx":0,"posy":0,"amount":650},{"posx":0,"posy":1,"amount":400},{"posx":1,"posy":1,"amount":700},{"posx":6,"posy":5,"amount":100},{"posx":6,"posy":6,"amount":100},{"posx":9,"posy":7,"amount":300}],"changedObstacles":[{"type":0,"posx":7,"posy":4,"value":-1}]},{"players":[{"playerId":206247,"score":1825,"energy":15,"posx":2,"posy":2,"lastAction":4,"status":0},{"playerId":1168092,"score":2192,"energy":6,"posx":6,"posy":4,"lastAction":0,"status":0},{"playerId":1658775,"score":1467,"energy":13,"posx":8,"posy":4,"lastAction":1,"status":0},{"playerId":803122,"score":1617,"energy":7,"posx":13,"posy":2,"lastAction":0,"status":0}],"golds":[{"posx":0,"posy":0,"amount":650},{"posx":0,"posy":1,"amount":400},{"posx":1,"posy":1,"amount":700},{"posx":6,"posy":5,"amount":100},{"posx":6,"posy":6,"amount":100},{"posx":9,"posy":7,"amount":300}],"changedObstacles":[]},{"players":[{"playerId":206247,"score":1825,"energy":31,"posx":2,"posy":2,"lastAction":4,"status":0},{"playerId":1168092,"score":2192,"energy":2,"posx":6,"posy":5,"lastAction":3,"status":0},{"playerId":1658775,"score":1467,"energy":8,"posx":8,"posy":5,"lastAction":3,"status":0},{"playerId":803122,"score":1617,"energy":6,"posx":12,"posy":2,"lastAction":0,"status":0}],"golds":[{"posx":0,"posy":0,"amount":650},{"posx":0,"posy":1,"amount":400},{"posx":1,"posy":1,"amount":700},{"posx":6,"posy":5,"amount":100},{"posx":6,"posy":6,"amount":100},{"posx":9,"posy":7,"amount":300}],"changedObstacles":[{"type":3,"posx":8,"posy":5,"value":-20}]},{"players":[{"playerId":206247,"score":1825,"energy":50,"posx":2,"posy":2,"lastAction":4,"status":0},{"playerId":1168092,"score":2192,"energy":14,"posx":6,"posy":5,"lastAction":4,"status":0},{"playerId":1658775,"score":1467,"energy":20,"posx":8,"posy":5,"lastAction":4,"status":0},{"playerId":803122,"score":1617,"energy":5,"posx":11,"posy":2,"lastAction":0,"status":0}],"golds":[{"posx":0,"posy":0,"amount":650},{"posx":0,"posy":1,"amount":400},{"posx":1,"posy":1,"amount":700},{"posx":6,"posy":5,"amount":100},{"posx":6,"posy":6,"amount":100},{"posx":9,"posy":7,"amount":300}],"changedObstacles":[]},{"players":[{"playerId":206247,"score":1825,"energy":45,"posx":1,"posy":2,"lastAction":0,"status":0},{"playerId":1168092,"score":2192,"energy":30,"posx":6,"posy":5,"lastAction":4,"status":0},{"playerId":1658775,"score":1467,"energy":15,"posx":8,"posy":6,"lastAction":3,"status":0},{"playerId":803122,"score":1617,"energy":17,"posx":11,"posy":2,"lastAction":4,"status":0}],"golds":[{"posx":0,"posy":0,"amount":650},{"posx":0,"posy":1,"amount":400},{"posx":1,"posy":1,"amount":700},{"posx":6,"posy":5,"amount":100},{"posx":6,"posy":6,"amount":100},{"posx":9,"posy":7,"amount":300}],"changedObstacles":[{"type":3,"posx":8,"posy":6,"value":-20},{"type":3,"posx":1,"posy":2,"value":-20}]},{"players":[{"playerId":206247,"score":1825,"energy":41,"posx":1,"posy":1,"lastAction":2,"status":0},{"playerId":1168092,"score":2242,"energy":25,"posx":6,"posy":5,"lastAction":5,"status":0},{"playerId":1658775,"score":1467,"energy":14,"posx":9,"posy":6,"lastAction":1,"status":0},{"playerId":803122,"score":1617,"energy":7,"posx":10,"posy":2,"lastAction":0,"status":0}],"golds":[{"posx":0,"posy":0,"amount":650},{"posx":0,"posy":1,"amount":400},{"posx":1,"posy":1,"amount":700},{"posx":6,"posy":5,"amount":50},{"posx":6,"posy":6,"amount":100},{"posx":9,"posy":7,"amount":300}],"changedObstacles":[{"type":0,"posx":10,"posy":2,"value":-1}]},{"players":[{"playerId":206247,"score":1825,"energy":40,"posx":1,"posy":0,"lastAction":2,"status":0},{"playerId":1168092,"score":2292,"energy":20,"posx":6,"posy":5,"lastAction":5,"status":0},{"playerId":1658775,"score":1467,"energy":10,"posx":9,"posy":7,"lastAction":3,"status":0},{"playerId":803122,"score":1617,"energy":6,"posx":10,"posy":3,"lastAction":3,"status":0}],"golds":[{"posx":0,"posy":0,"amount":650},{"posx":0,"posy":1,"amount":400},{"posx":1,"posy":1,"amount":700},{"posx":6,"posy":6,"amount":100},{"posx":9,"posy":7,"amount":300}],"changedObstacles":[{"type":0,"posx":6,"posy":5,"value":-1}]},{"players":[{"playerId":206247,"score":1825,"energy":36,"posx":0,"posy":0,"lastAction":0,"status":0},{"playerId":1168092,"score":2292,"energy":16,"posx":6,"posy":6,"lastAction":3,"status":0},{"playerId":1658775,"score":1517,"energy":5,"posx":9,"posy":7,"lastAction":5,"status":0},{"playerId":803122,"score":1617,"energy":1,"posx":10,"posy":4,"lastAction":3,"status":0}],"golds":[{"posx":0,"posy":0,"amount":650},{"posx":0,"posy":1,"amount":400},{"posx":1,"posy":1,"amount":700},{"posx":6,"posy":6,"amount":100},{"posx":9,"posy":7,"amount":250}],"changedObstacles":[{"type":3,"posx":10,"posy":4,"value":-20}]},{"players":[{"playerId":206247,"score":1875,"energy":31,"posx":0,"posy":0,"lastAction":5,"status":0},{"playerId":1168092,"score":2342,"energy":11,"posx":6,"posy":6,"lastAction":5,"status":0},{"playerId":1658775,"score":1517,"energy":17,"posx":9,"posy":7,"lastAction":4,"status":0},{"playerId":803122,"score":1617,"energy":13,"posx":10,"posy":4,"lastAction":4,"status":0}],"golds":[{"posx":0,"posy":0,"amount":600},{"posx":0,"posy":1,"amount":400},{"posx":1,"posy":1,"amount":700},{"posx":6,"posy":6,"amount":50},{"posx":9,"posy":7,"amount":250}],"changedObstacles":[]},{"players":[{"playerId":206247,"score":1925,"energy":26,"posx":0,"posy":0,"lastAction":5,"status":0},{"playerId":1168092,"score":2392,"energy":6,"posx":6,"posy":6,"lastAction":5,"status":0},{"playerId":1658775,"score":1567,"energy":12,"posx":9,"posy":7,"lastAction":5,"status":0},{"playerId":803122,"score":1617,"energy":12,"posx":9,"posy":4,"lastAction":0,"status":0}],"golds":[{"posx":0,"posy":0,"amount":550},{"posx":0,"posy":1,"amount":400},{"posx":1,"posy":1,"amount":700},{"posx":9,"posy":7,"amount":200}],"changedObstacles":[{"type":0,"posx":6,"posy":6,"value":-1}]},{"players":[{"playerId":206247,"score":1975,"energy":21,"posx":0,"posy":0,"lastAction":5,"status":0},{"playerId":1168092,"score":2392,"energy":18,"posx":6,"posy":6,"lastAction":4,"status":0},{"playerId":1658775,"score":1617,"energy":7,"posx":9,"posy":7,"lastAction":5,"status":0},{"playerId":803122,"score":1617,"energy":24,"posx":9,"posy":4,"lastAction":4,"status":0}],"golds":[{"posx":0,"posy":0,"amount":500},{"posx":0,"posy":1,"amount":400},{"posx":1,"posy":1,"amount":700},{"posx":9,"posy":7,"amount":150}],"changedObstacles":[]},{"players":[{"playerId":206247,"score":2025,"energy":16,"posx":0,"posy":0,"lastAction":5,"status":0},{"playerId":1168092,"score":2392,"energy":8,"posx":7,"posy":6,"lastAction":1,"status":0},{"playerId":1658775,"score":1667,"energy":2,"posx":9,"posy":7,"lastAction":5,"status":0},{"playerId":803122,"score":1617,"energy":4,"posx":9,"posy":5,"lastAction":3,"status":0}],"golds":[{"posx":0,"posy":0,"amount":450},{"posx":0,"posy":1,"amount":400},{"posx":1,"posy":1,"amount":700},{"posx":9,"posy":7,"amount":100}],"changedObstacles":[{"type":0,"posx":7,"posy":6,"value":-1},{"type":3,"posx":9,"posy":5,"value":-40}]},{"players":[{"playerId":206247,"score":2075,"energy":11,"posx":0,"posy":0,"lastAction":5,"status":0},{"playerId":1168092,"score":2392,"energy":3,"posx":7,"posy":7,"lastAction":3,"status":0},{"playerId":1658775,"score":1667,"energy":14,"posx":9,"posy":7,"lastAction":4,"status":0},{"playerId":803122,"score":1617,"energy":3,"posx":9,"posy":6,"lastAction":3,"status":0}],"golds":[{"posx":0,"posy":0,"amount":400},{"posx":0,"posy":1,"amount":400},{"posx":1,"posy":1,"amount":700},{"posx":9,"posy":7,"amount":100}],"changedObstacles":[{"type":3,"posx":7,"posy":7,"value":-20}]},{"players":[{"playerId":206247,"score":2125,"energy":6,"posx":0,"posy":0,"lastAction":5,"status":0},{"playerId":1168092,"score":2392,"energy":15,"posx":7,"posy":7,"lastAction":4,"status":0},{"playerId":1658775,"score":1717,"energy":9,"posx":9,"posy":7,"lastAction":5,"status":0},{"playerId":803122,"score":1617,"energy":15,"posx":9,"posy":6,"lastAction":4,"status":0}],"golds":[{"posx":0,"posy":0,"amount":350},{"posx":0,"posy":1,"amount":400},{"posx":1,"posy":1,"amount":700},{"posx":9,"posy":7,"amount":50}],"changedObstacles":[]},{"players":[{"playerId":206247,"score":2175,"energy":1,"posx":0,"posy":0,"lastAction":5,"status":0},{"playerId":1168092,"score":2392,"energy":5,"posx":8,"posy":7,"lastAction":1,"status":0},{"playerId":1658775,"score":1767,"energy":4,"posx":9,"posy":7,"lastAction":5,"status":0},{"playerId":803122,"score":1617,"energy":11,"posx":9,"posy":7,"lastAction":3,"status":0}],"golds":[{"posx":0,"posy":0,"amount":300},{"posx":0,"posy":1,"amount":400},{"posx":1,"posy":1,"amount":700}],"changedObstacles":[{"type":0,"posx":8,"posy":7,"value":-1},{"type":0,"posx":9,"posy":7,"value":-1}]},{"players":[{"playerId":206247,"score":2175,"energy":13,"posx":0,"posy":0,"lastAction":4,"status":0},{"playerId":1168092,"score":2392,"energy":17,"posx":8,"posy":7,"lastAction":4,"status":0},{"playerId":1658775,"score":1767,"energy":16,"posx":9,"posy":7,"lastAction":4,"status":0},{"playerId":803122,"score":1617,"energy":10,"posx":8,"posy":7,"lastAction":0,"status":0}],"golds":[{"posx":0,"posy":0,"amount":300},{"posx":0,"posy":1,"amount":400},{"posx":1,"posy":1,"amount":700}],"changedObstacles":[]},{"players":[{"playerId":206247,"score":2175,"energy":29,"posx":0,"posy":0,"lastAction":4,"status":0},{"playerId":1168092,"score":2392,"energy":33,"posx":8,"posy":7,"lastAction":4,"status":0},{"playerId":1658775,"score":1767,"energy":32,"posx":9,"posy":7,"lastAction":4,"status":0},{"playerId":803122,"score":1617,"energy":22,"posx":8,"posy":7,"lastAction":4,"status":0}],"golds":[{"posx":0,"posy":0,"amount":300},{"posx":0,"posy":1,"amount":400},{"posx":1,"posy":1,"amount":700}],"changedObstacles":[]},{"players":[{"playerId":206247,"score":2175,"energy":50,"posx":0,"posy":0,"lastAction":4,"status":0},{"playerId":1168092,"score":2392,"energy":13,"posx":7,"posy":7,"lastAction":0,"status":0},{"playerId":1658775,"score":1767,"energy":31,"posx":8,"posy":7,"lastAction":0,"status":0},{"playerId":803122,"score":1617,"energy":2,"posx":7,"posy":7,"lastAction":0,"status":0}],"golds":[{"posx":0,"posy":0,"amount":300},{"posx":0,"posy":1,"amount":400},{"posx":1,"posy":1,"amount":700}],"changedObstacles":[{"type":3,"posx":7,"posy":7,"value":-40}]},{"players":[{"playerId":206247,"score":2225,"energy":45,"posx":0,"posy":0,"lastAction":5,"status":0},{"playerId":1168092,"score":2392,"energy":12,"posx":7,"posy":6,"lastAction":2,"status":0},{"playerId":1658775,"score":1767,"energy":11,"posx":8,"posy":6,"lastAction":2,"status":0},{"playerId":803122,"score":1617,"energy":1,"posx":7,"posy":6,"lastAction":2,"status":0}],"golds":[{"posx":0,"posy":0,"amount":250},{"posx":0,"posy":1,"amount":400},{"posx":1,"posy":1,"amount":700}],"changedObstacles":[{"type":3,"posx":8,"posy":6,"value":-40}]},{"players":[{"playerId":206247,"score":2275,"energy":40,"posx":0,"posy":0,"lastAction":5,"status":0},{"playerId":1168092,"score":2392,"energy":2,"posx":7,"posy":5,"lastAction":2,"status":0},{"playerId":1658775,"score":1767,"energy":10,"posx":7,"posy":6,"lastAction":0,"status":0},{"playerId":803122,"score":1617,"energy":13,"posx":7,"posy":6,"lastAction":4,"status":0}],"golds":[{"posx":0,"posy":0,"amount":200},{"posx":0,"posy":1,"amount":400},{"posx":1,"posy":1,"amount":700}],"changedObstacles":[{"type":0,"posx":7,"posy":5,"value":-1}]},{"players":[{"playerId":206247,"score":2325,"energy":35,"posx":0,"posy":0,"lastAction":5,"status":0},{"playerId":1168092,"score":2392,"energy":1,"posx":7,"posy":4,"lastAction":2,"status":0},{"playerId":1658775,"score":1767,"energy":22,"posx":7,"posy":6,"lastAction":4,"status":0},{"playerId":803122,"score":1617,"energy":12,"posx":6,"posy":6,"lastAction":0,"status":0}],"golds":[{"posx":0,"posy":0,"amount":150},{"posx":0,"posy":1,"amount":400},{"posx":1,"posy":1,"amount":700}],"changedObstacles":[]},{"players":[{"playerId":206247,"score":2375,"energy":30,"posx":0,"posy":0,"lastAction":5,"status":0},{"playerId":1168092,"score":2392,"energy":13,"posx":7,"posy":4,"lastAction":4,"status":0},{"playerId":1658775,"score":1767,"energy":21,"posx":6,"posy":6,"lastAction":0,"status":0},{"playerId":803122,"score":1617,"energy":11,"posx":6,"posy":5,"lastAction":2,"status":0}],"golds":[{"posx":0,"posy":0,"amount":100},{"posx":0,"posy":1,"amount":400},{"posx":1,"posy":1,"amount":700}],"changedObstacles":[]},{"players":[{"playerId":206247,"score":2425,"energy":25,"posx":0,"posy":0,"lastAction":5,"status":0},{"playerId":1168092,"score":2392,"energy":12,"posx":7,"posy":3,"lastAction":2,"status":0},{"playerId":1658775,"score":1767,"energy":20,"posx":5,"posy":6,"lastAction":0,"status":0},{"playerId":803122,"score":1617,"energy":10,"posx":6,"posy":4,"lastAction":2,"status":0}],"golds":[{"posx":0,"posy":0,"amount":50},{"posx":0,"posy":1,"amount":400},{"posx":1,"posy":1,"amount":700}],"changedObstacles":[]},{"players":[{"playerId":206247,"score":2475,"energy":20,"posx":0,"posy":0,"lastAction":5,"status":0},{"playerId":1168092,"score":2392,"energy":11,"posx":6,"posy":3,"lastAction":0,"status":0},{"playerId":1658775,"score":1767,"energy":15,"posx":4,"posy":6,"lastAction":0,"status":0},{"playerId":803122,"score":1617,"energy":22,"posx":6,"posy":4,"lastAction":4,"status":0}],"golds":[{"posx":0,"posy":1,"amount":400},{"posx":1,"posy":1,"amount":700}],"changedObstacles":[{"type":3,"posx":4,"posy":6,"value":-20},{"type":0,"posx":0,"posy":0,"value":-1}]}]