[{"players":[{"playerId":206247,"score":0,"energy":46,"posx":14,"posy":1,"lastAction":0,"status":0},{"playerId":2241039,"score":0,"energy":46,"posx":14,"posy":1,"lastAction":0,"status":0},{"playerId":1168092,"score":0,"energy":46,"posx":16,"posy":1,"lastAction":1,"status":0},{"playerId":2294637,"score":0,"energy":46,"posx":16,"posy":1,"lastAction":1,"status":0}],"golds":[{"posx":6,"posy":6,"amount":100},{"posx":13,"posy":2,"amount":150},{"posx":16,"posy":4,"amount":700},{"posx":8,"posy":0,"amount":550},{"posx":19,"posy":6,"amount":650},{"posx":7,"posy":1,"amount":550},{"posx":16,"posy":1,"amount":450},{"posx":9,"posy":3,"amount":400},{"posx":11,"posy":3,"amount":700},{"posx":9,"posy":7,"amount":300},{"posx":14,"posy":1,"amount":100},{"posx":7,"posy":4,"amount":600},{"posx":0,"posy":1,"amount":400},{"posx":13,"posy":3,"amount":550},{"posx":1,"posy":1,"amount":700},{"posx":15,"posy":6,"amount":700},{"posx":6,"posy":3,"amount":750},{"posx":0,"posy":0,"amount":650},{"posx":6,"posy":5,"amount":100},{"posx":18,"posy":2,"amount":250}],"changedObstacles":[]},{"players":[{"playerId":206247,"score":0,"energy":34,"posx":13,"posy":1,"lastAction":0,"status":0},{"playerId":2241039,"score":50,"energy":41,"posx":14,"posy":1,"lastAction":5,"status":0},{"playerId":1168092,"score":50,"energy":41,"posx":16,"posy":1,"lastAction":5,"status":0},{"playerId":2294637,"score":50,"energy":41,"posx":16,"posy":1,"lastAction":5,"status":0}],"golds":[{"posx":0,"posy":0,"amount":650},{"posx":8,"posy":0,"amount":550},{"posx":0,"posy":1,"amount":400},{"posx":1,"posy":1,"amount":700},{"posx":7,"posy":1,"amount":550},{"posx":14,"posy":1,"amount":50},{"posx":16,"posy":1,"amount":350},{"posx":13,"posy":2,"amount":150},{"posx":18,"posy":2,"amount":250},{"posx":6,"posy":3,"amount":750},{"posx":9,"posy":3,"amount":400},{"posx":11,"posy":3,"amount":700},{"posx":13,"posy":3,"amount":550},{"posx":7,"posy":4,"amount":600},{"posx":16,"posy":4,"amount":700},{"posx":6,"posy":5,"amount":100},{"posx":6,"posy":6,"amount":100},{"posx":15,"posy":6,"amount":700},{"posx":19,"posy":6,"amount":650},{"posx":9,"posy":7,"amount":300}],"changedObstacles":[]},{"players":[{"playerId":206247,"score":0,"energy":24,"posx":12,"posy":1,"lastAction":0,"status":0},{"playerId":2241039,"score":100,"energy":36,"posx":14,"posy":1,"lastAction":5,"status":0},{"playerId":1168092,"score":100,"energy":36,"posx":16,"posy":1,"lastAction":5,"status":0},{"playerId":2294637,"score":100,"energy":36,"posx":16,"posy":1,"lastAction":5,"status":0}],"golds":[{"posx":0,"posy":0,"amount":650},{"posx":8,"posy":0,"amount":550},{"posx":0,"posy":1,"amount":400},{"posx":1,"posy":1,"amount":700},{"posx":7,"posy":1,"amount":550},{"posx":16,"posy":1,"amount":250},{"posx":13,"posy":2,"amount":150},{"posx":18,"posy":2,"amount":250},{"posx":6,"posy":3,"amount":750},{"posx":9,"posy":3,"amount":400},{"posx":11,"posy":3,"amount":700},{"posx":13,"posy":3,"amount":550},{"posx":7,"posy":4,"amount":600},{"posx":16,"posy":4,"amount":700},{"posx":6,"posy":5,"amount":100},{"posx":6,"posy":6,"amount":100},{"posx":15,"posy":6,"amount":700},{"posx":19,"posy":6,"amount":650},{"posx":9,"posy":7,"amount":300}],"changedObstacles":[{"type":0,"posx":12,"posy":1,"value":-1},{"type":0,"posx":14,"posy":1,"value":-1}]},{"players":[{"playerId":206247,"score":0,"energy":16,"posx":11,"posy":1,"lastAction":0,"status":0},{"playerId":2241039,"score":100,"energy":18,"posx":13,"posy":1,"lastAction":0,"status":0},{"playerId":1168092,"score":150,"energy":31,"posx":16,"posy":1,"lastAction":5,"status":0},{"playerId":2294637,"score":150,"energy":31,"posx":16,"posy":1,"lastAction":5,"status":0}],"golds":[{"posx":0,"posy":0,"amount":650},{"posx":8,"posy":0,"amount":550},{"posx":0,"posy":1,"amount":400},{"posx":1,"posy":1,"amount":700},{"posx":7,"posy":1,"amount":550},{"posx":16,"posy":1,"amount":150},{"posx":13,"posy":2,"amount":150},{"posx":18,"posy":2,"amount":250},{"posx":6,"posy":3,"amount":750},{"posx":9,"posy":3,"amount":400},{"posx":11,"posy":3,"amount":700},{"posx":13,"posy":3,"amount":550},{"posx":7,"posy":4,"amount":600},{"posx":16,"posy":4,"amount":700},{"posx":6,"posy":5,"amount":100},{"posx":6,"posy":6,"amount":100},{"posx":15,"posy":6,"amount":700},{"posx":19,"posy":6,"amount":650},{"posx":9,"posy":7,"amount":300}],"changedObstacles":[]},{"players":[{"playerId":206247,"score":0,"energy":28,"posx":11,"posy":1,"lastAction":4,"status":0},{"playerId":2241039,"score":100,"energy":14,"posx":13,"posy":2,"lastAction":3,"status":0},{"playerId":1168092,"score":200,"energy":26,"posx":16,"posy":1,"lastAction":5,"status":0},{"playerId":2294637,"score":200,"energy":26,"posx":16,"posy":1,"lastAction":5,"status":0}],"golds":[{"posx":0,"posy":0,"amount":650},{"posx":8,"posy":0,"amount":550},{"posx":0,"posy":1,"amount":400},{"posx":1,"posy":1,"amount":700},{"posx":7,"posy":1,"amount":550},{"posx":16,"posy":1,"amount":50},{"posx":13,"posy":2,"amount":150},{"posx":18,"posy":2,"amount":250},{"posx":6,"posy":3,"amount":750},{"posx":9,"posy":3,"amount":400},{"posx":11,"posy":3,"amount":700},{"posx":13,"posy":3,"amount":550},{"posx":7,"posy":4,"amount":600},{"posx":16,"posy":4,"amount":700},{"posx":6,"posy":5,"amount":100},{"posx":6,"posy":6,"amount":100},{"posx":15,"posy":6,"amount":700},{"posx":19,"posy":6,"amount":650},{"posx":9,"posy":7,"amount":300}],"changedObstacles":[]},{"players":[{"playerId":206247,"score":0,"energy":44,"posx":11,"posy":1,"lastAction":4,"status":0},{"playerId":2241039,"score":150,"energy":9,"posx":13,"posy":2,"lastAction":5,"status":0},{"playerId":1168092,"score":225,"energy":21,"posx":16,"posy":1,"lastAction":5,"status":0},{"playerId":2294637,"score":225,"energy":21,"posx":16,"posy":1,"lastAction":5,"status":0}],"golds":[{"posx":0,"posy":0,"amount":650},{"posx":8,"posy":0,"amount":550},{"posx":0,"posy":1,"amount":400},{"posx":1,"posy":1,"amount":700},{"posx":7,"posy":1,"amount":550},{"posx":13,"posy":2,"amount":100},{"posx":18,"posy":2,"amount":250},{"posx":6,"posy":3,"amount":750},{"posx":9,"posy":3,"amount":400},{"posx":11,"posy":3,"amount":700},{"posx":13,"posy":3,"amount":550},{"posx":7,"posy":4,"amount":600},{"posx":16,"posy":4,"amount":700},{"posx":6,"posy":5,"amount":100},{"posx":6,"posy":6,"amount":100},{"posx":15,"posy":6,"amount":700},{"posx":19,"posy":6,"amount":650},{"posx":9,"posy":7,"amount":300}],"changedObstacles":[{"type":0,"posx":16,"posy":1,"value":-1}]},{"players":[{"playerId":206247,"score":0,"energy":50,"posx":11,"posy":1,"lastAction":4,"status":0},{"playerId":2241039,"score":200,"energy":4,"posx":13,"posy":2,"lastAction":5,"status":0},{"playerId":1168092,"score":225,"energy":20,"posx":15,"posy":1,"lastAction":0,"status":0},{"playerId":2294637,"score":225,"energy":16,"posx":16,"posy":2,"lastAction":3,"status":0}],"golds":[{"posx":0,"posy":0,"amount":650},{"posx":8,"posy":0,"amount":550},{"posx":0,"posy":1,"amount":400},{"posx":1,"posy":1,"amount":700},{"posx":7,"posy":1,"amount":550},{"posx":13,"posy":2,"amount":50},{"posx":18,"posy":2,"amount":250},{"posx":6,"posy":3,"amount":750},{"posx":9,"posy":3,"amount":400},{"posx":11,"posy":3,"amount":700},{"posx":13,"posy":3,"amount":550},{"posx":7,"posy":4,"amount":600},{"posx":16,"posy":4,"amount":700},{"posx":6,"posy":5,"amount":100},{"posx":6,"posy":6,"amount":100},{"posx":15,"posy":6,"amount":700},{"posx":19,"posy":6,"amount":650},{"posx":9,"posy":7,"amount":300}],"changedObstacles":[{"type":3,"posx":16,"posy":2,"value":-20}]},{"players":[{"playerId":206247,"score":0,"energy":30,"posx":10,"posy":1,"lastAction":0,"status":0},{"playerId":2241039,"score":200,"energy":16,"posx":13,"posy":2,"lastAction":4,"status":0},{"playerId":1168092,"score":225,"energy":19,"posx":14,"posy":1,"lastAction":0,"status":0},{"playerId":2294637,"score":225,"energy":11,"posx":16,"posy":3,"lastAction":3,"status":0}],"golds":[{"posx":0,"posy":0,"amount":650},{"posx":8,"posy":0,"amount":550},{"posx":0,"posy":1,"amount":400},{"posx":1,"posy":1,"amount":700},{"posx":7,"posy":1,"amount":550},{"posx":13,"posy":2,"amount":50},{"posx":18,"posy":2,"amount":250},{"posx":6,"posy":3,"amount":750},{"posx":9,"posy":3,"amount":400},{"posx":11,"posy":3,"amount":700},{"posx":13,"posy":3,"amount":550},{"posx":7,"posy":4,"amount":600},{"posx":16,"posy":4,"amount":700},{"posx":6,"posy":5,"amount":100},{"posx":6,"posy":6,"amount":100},{"posx":15,"posy":6,"amount":700},{"posx":19,"posy":6,"amount":650},{"posx":9,"posy":7,"amount":300}],"changedObstacles":[{"type":3,"posx":16,"posy":3,"value":-20}]},{"players":[{"playerId":206247,"score":0,"energy":29,"posx":9,"posy":1,"lastAction":0,"status":0},{"playerId":2241039,"score":250,"energy":11,"posx":13,"posy":2,"lastAction":5,"status":0},{"playerId":1168092,"score":225,"energy":18,"posx":14,"posy":2,"lastAction":3,"status":0},{"playerId":2294637,"score":225,"energy":7,"posx":16,"posy":4,"lastAction":3,"status":0}],"golds":[{"posx":0,"posy":0,"amount":650},{"posx":8,"posy":0,"amount":550},{"posx":0,"posy":1,"amount":400},{"posx":1,"posy":1,"amount":700},{"posx":7,"posy":1,"amount":550},{"posx":18,"posy":2,"amount":250},{"posx":6,"posy":3,"amount":750},{"posx":9,"posy":3,"amount":400},{"posx":11,"posy":3,"amount":700},{"posx":13,"posy":3,"amount":550},{"posx":7,"posy":4,"amount":600},{"posx":16,"posy":4,"amount":700},{"posx":6,"posy":5,"amount":100},{"posx":6,"posy":6,"amount":100},{"posx":15,"posy":6,"amount":700},{"posx":19,"posy":6,"amount":650},{"posx":9,"posy":7,"amount":300}],"changedObstacles":[{"type":0,"posx":13,"posy":2,"value":-1}]},{"players":[{"playerId":206247,"score":0,"energy":19,"posx":8,"posy":1,"lastAction":0,"status":0},{"playerId":2241039,"score":250,"energy":7,"posx":13,"posy":3,"lastAction":3,"status":0},{"playerId":1168092,"score":225,"energy":17,"posx":14,"posy":3,"lastAction":3,"status":0},{"playerId":2294637,"score":225,"energy":19,"posx":16,"posy":4,"lastAction":4,"status":0}],"golds":[{"posx":0,"posy":0,"amount":650},{"posx":8,"posy":0,"amount":550},{"posx":0,"posy":1,"amount":400},{"posx":1,"posy":1,"amount":700},{"posx":7,"posy":1,"amount":550},{"posx":18,"posy":2,"amount":250},{"posx":6,"posy":3,"amount":750},{"posx":9,"posy":3,"amount":400},{"posx":11,"posy":3,"amount":700},{"posx":13,"posy":3,"amount":550},{"posx":7,"posy":4,"amount":600},{"posx":16,"posy":4,"amount":700},{"posx":6,"posy":5,"amount":100},{"posx":6,"posy":6,"amount":100},{"posx":15,"posy":6,"amount":700},{"posx":19,"posy":6,"amount":650},{"posx":9,"posy":7,"amount":300}],"changedObstacles":[{"type":0,"posx":8,"posy":1,"value":-1}]},{"players":[{"playerId":206247,"score":0,"energy":15,"posx":7,"posy":1,"lastAction":0,"status":0},{"playerId":2241039,"score":300,"energy":2,"posx":13,"posy":3,"lastAction":5,"status":0},{"playerId":1168092,"score":225,"energy":13,"posx":13,"posy":3,"lastAction":0,"status":0},{"playerId":2294637,"score":225,"energy":35,"posx":16,"posy":4,"lastAction":4,"status":0}],"golds":[{"posx":0,"posy":0,"amount":650},{"posx":8,"posy":0,"amount":550},{"posx":0,"posy":1,"amount":400},{"posx":1,"posy":1,"amount":700},{"posx":7,"posy":1,"amount":550},{"posx":18,"posy":2,"amount":250},{"posx":6,"posy":3,"amount":750},{"posx":9,"posy":3,"amount":400},{"posx":11,"posy":3,"amount":700},{"posx":13,"posy":3,"amount":500},{"posx":7,"posy":4,"amount":600},{"posx":16,"posy":4,"amount":700},{"posx":6,"posy":5,"amount":100},{"posx":6,"posy":6,"amount":100},{"posx":15,"posy":6,"amount":700},{"posx":19,"posy":6,"amount":650},{"posx":9,"posy":7,"amount":300}],"changedObstacles":[]},{"players":[{"playerId":206247,"score":50,"energy":10,"posx":7,"posy":1,"lastAction":5,"status":0},{"playerId":2241039,"score":300,"energy":14,"posx":13,"posy":3,"lastAction":4,"status":0},{"playerId":1168092,"score":275,"energy":8,"posx":13,"posy":3,"lastAction":5,"status":0},{"playerId":2294637,"score":225,"energy":50,"posx":16,"posy":4,"lastAction":4,"status":0}],"golds":[{"posx":0,"posy":0,"amount":650},{"posx":8,"posy":0,"amount":550},{"posx":0,"posy":1,"amount":400},{"posx":1,"posy":1,"amount":700},{"posx":7,"posy":1,"amount":500},{"posx":18,"posy":2,"amount":250},{"posx":6,"posy":3,"amount":750},{"posx":9,"posy":3,"amount":400},{"posx":11,"posy":3,"amount":700},{"posx":13,"posy":3,"amount":450},{"posx":7,"posy":4,"amount":600},{"posx":16,"posy":4,"amount":700},{"posx":6,"posy":5,"amount":100},{"posx":6,"posy":6,"amount":100},{"posx":15,"posy":6,"amount":700},{"posx":19,"posy":6,"amount":650},{"posx":9,"posy":7,"amount":300}],"changedObstacles":[]},{"players":[{"playerId":206247,"score":100,"energy":5,"posx":7,"posy":1,"lastAction":5,"status":0},{"playerId":2241039,"score":350,"energy":9,"posx":13,"posy":3,"lastAction":5,"status":0},{"playerId":1168092,"score":325,"energy":3,"posx":13,"posy":3,"lastAction":5,"status":0},{"playerId":2294637,"score":275,"energy":45,"posx":16,"posy":4,"lastAction":5,"status":0}],"golds":[{"posx":0,"posy":0,"amount":650},{"posx":8,"posy":0,"amount":550},{"posx":0,"posy":1,"amount":400},{"posx":1,"posy":1,"amount":700},{"posx":7,"posy":1,"amount":450},{"posx":18,"posy":2,"amount":250},{"posx":6,"posy":3,"amount":750},{"posx":9,"posy":3,"amount":400},{"posx":11,"posy":3,"amount":700},{"posx":13,"posy":3,"amount":350},{"posx":7,"posy":4,"amount":600},{"posx":16,"posy":4,"amount":650},{"posx":6,"posy":5,"amount":100},{"posx":6,"posy":6,"amount":100},{"posx":15,"posy":6,"amount":700},{"posx":19,"posy":6,"amount":650},{"posx":9,"posy":7,"amount":300}],"changedObstacles":[]},{"players":[{"playerId":206247,"score":100,"energy":17,"posx":7,"posy":1,"lastAction":4,"status":0},{"playerId":2241039,"score":400,"energy":4,"posx":13,"posy":3,"lastAction":5,"status":0},{"playerId":1168092,"score":325,"energy":15,"posx":13,"posy":3,"lastAction":4,"status":0},{"playerId":2294637,"score":325,"energy":40,"posx":16,"posy":4,"lastAction":5,"status":0}],"golds":[{"posx":0,"posy":0,"amount":650},{"posx":8,"posy":0,"amount":550},{"posx":0,"posy":1,"amount":400},{"posx":1,"posy":1,"amount":700},{"posx":7,"posy":1,"amount":450},{"posx":18,"posy":2,"amount":250},{"posx":6,"posy":3,"amount":750},{"posx":9,"posy":3,"amount":400},{"posx":11,"posy":3,"amount":700},{"posx":13,"posy":3,"amount":300},{"posx":7,"posy":4,"amount":600},{"posx":16,"posy":4,"amount":600},{"posx":6,"posy":5,"amount":100},{"posx":6,"posy":6,"amount":100},{"posx":15,"posy":6,"amount":700},{"posx":19,"posy":6,"amount":650},{"posx":9,"posy":7,"amount":300}],"changedObstacles":[]},{"players":[{"playerId":206247,"score":100,"energy":33,"posx":7,"posy":1,"lastAction":4,"status":0},{"playerId":2241039,"score":400,"energy":16,"posx":13,"posy":3,"lastAction":4,"status":0},{"playerId":1168092,"score":325,"energy":31,"posx":13,"posy":3,"lastAction":4,"status":0},{"playerId":2294637,"score":375,"energy":35,"posx":16,"posy":4,"lastAction":5,"status":0}],"golds":[{"posx":0,"posy":0,"amount":650},{"posx":8,"posy":0,"amount":550},{"posx":0,"posy":1,"amount":400},{"posx":1,"posy":1,"amount":700},{"posx":7,"posy":1,"amount":450},{"posx":18,"posy":2,"amount":250},{"posx":6,"posy":3,"amount":750},{"posx":9,"posy":3,"amount":400},{"posx":11,"posy":3,"amount":700},{"posx":13,"posy":3,"amount":300},{"posx":7,"posy":4,"amount":600},{"posx":16,"posy":4,"amount":550},{"posx":6,"posy":5,"amount":100},{"posx":6,"posy":6,"amount":100},{"posx":15,"posy":6,"amount":700},{"posx":19,"posy":6,"amount":650},{"posx":9,"posy":7,"amount":300}],"changedObstacles":[]},{"players":[{"playerId":206247,"score":100,"energy":50,"posx":7,"posy":1,"lastAction":4,"status":0},{"playerId":2241039,"score":450,"energy":11,"posx":13,"posy":3,"lastAction":5,"status":0},{"playerId":1168092,"score":375,"energy":26,"posx":13,"posy":3,"lastAction":5,"status":0},{"playerId":2294637,"score":425,"energy":30,"posx":16,"posy":4,"lastAction":5,"status":0}],"golds":[{"posx":0,"posy":0,"amount":650},{"posx":8,"posy":0,"amount":550},{"posx":0,"posy":1,"amount":400},{"posx":1,"posy":1,"amount":700},{"posx":7,"posy":1,"amount":450},{"posx":18,"posy":2,"amount":250},{"posx":6,"posy":3,"amount":750},{"posx":9,"posy":3,"amount":400},{"posx":11,"posy":3,"amount":700},{"posx":13,"posy":3,"amount":200},{"posx":7,"posy":4,"amount":600},{"posx":16,"posy":4,"amount":500},{"posx":6,"posy":5,"amount":100},{"posx":6,"posy":6,"amount":100},{"posx":15,"posy":6,"amount":700},{"posx":19,"posy":6,"amount":650},{"posx":9,"posy":7,"amount":300}],"changedObstacles":[]},{"players":[{"playerId":206247,"score":150,"energy":45,"posx":7,"posy":1,"lastAction":5,"status":0},{"playerId":2241039,"score":500,"energy":6,"posx":13,"posy":3,"lastAction":5,"status":0},{"playerId":1168092,"score":425,"energy":21,"posx":13,"posy":3,"lastAction":5,"status":0},{"playerId":2294637,"score":475,"energy":25,"posx":16,"posy":4,"lastAction":5,"status":0}],"golds":[{"posx":0,"posy":0,"amount":650},{"posx":8,"posy":0,"amount":550},{"posx":0,"posy":1,"amount":400},{"posx":1,"posy":1,"amount":700},{"posx":7,"posy":1,"amount":400},{"posx":18,"posy":2,"amount":250},{"posx":6,"posy":3,"amount":750},{"posx":9,"posy":3,"amount":400},{"posx":11,"posy":3,"amount":700},{"posx":13,"posy":3,"amount":100},{"posx":7,"posy":4,"amount":600},{"posx":16,"posy":4,"amount":450},{"posx":6,"posy":5,"amount":100},{"posx":6,"posy":6,"amount":100},{"posx":15,"posy":6,"amount":700},{"posx":19,"posy":6,"amount":650},{"posx":9,"posy":7,"amount":300}],"changedObstacles":[]},{"players":[{"playerId":206247,"score":200,"energy":40,"posx":7,"posy":1,"lastAction":5,"status":0},{"playerId":2241039,"score":550,"energy":1,"posx":13,"posy":3,"lastAction":5,"status":0},{"playerId":1168092,"score":475,"energy":16,"posx":13,"posy":3,"lastAction":5,"status":0},{"playerId":2294637,"score":525,"energy":20,"posx":16,"posy":4,"lastAction":5,"status":0}],"golds":[{"posx":0,"posy":0,"amount":650},{"posx":8,"posy":0,"amount":550},{"posx":0,"posy":1,"amount":400},{"posx":1,"posy":1,"amount":700},{"posx":7,"posy":1,"amount":350},{"posx":18,"posy":2,"amount":250},{"posx":6,"posy":3,"amount":750},{"posx":9,"posy":3,"amount":400},{"posx":11,"posy":3,"amount":700},{"posx":7,"posy":4,"amount":600},{"posx":16,"posy":4,"amount":400},{"posx":6,"posy":5,"amount":100},{"posx":6,"posy":6,"amount":100},{"posx":15,"posy":6,"amount":700},{"posx":19,"posy":6,"amount":650},{"posx":9,"posy":7,"amount":300}],"changedObstacles":[{"type":0,"posx":13,"posy":3,"value":-1}]},{"players":[{"playerId":206247,"score":250,"energy":35,"posx":7,"posy":1,"lastAction":5,"status":0},{"playerId":2241039,"score":550,"energy":13,"posx":13,"posy":3,"lastAction":4,"status":0},{"playerId":1168092,"score":475,"energy":15,"posx":12,"posy":3,"lastAction":0,"status":0},{"playerId":2294637,"score":575,"energy":15,"posx":16,"posy":4,"lastAction":5,"status":0}],"golds":[{"posx":0,"posy":0,"amount":650},{"posx":8,"posy":0,"amount":550},{"posx":0,"posy":1,"amount":400},{"posx":1,"posy":1,"amount":700},{"posx":7,"posy":1,"amount":300},{"posx":18,"posy":2,"amount":250},{"posx":6,"posy":3,"amount":750},{"posx":9,"posy":3,"amount":400},{"posx":11,"posy":3,"amount":700},{"posx":7,"posy":4,"amount":600},{"posx":16,"posy":4,"amount":350},{"posx":6,"posy":5,"amount":100},{"posx":6,"posy":6,"amount":100},{"posx":15,"posy":6,"amount":700},{"posx":19,"posy":6,"amount":650},{"posx":9,"posy":7,"amount":300}],"changedObstacles":[]},{"players":[{"playerId":206247,"score":300,"energy":30,"posx":7,"posy":1,"lastAction":5,"status":0},{"playerId":2241039,"score":550,"energy":12,"posx":12,"posy":3,"lastAction":0,"status":0},{"playerId":1168092,"score":475,"energy":11,"posx":11,"posy":3,"lastAction":0,"status":0},{"playerId":2294637,"score":625,"energy":10,"posx":16,"posy":4,"lastAction":5,"status":0}],"golds":[{"posx":0,"posy":0,"amount":650},{"posx":8,"posy":0,"amount":550},{"posx":0,"posy":1,"amount":400},{"posx":1,"posy":1,"amount":700},{"posx":7,"posy":1,"amount":250},{"posx":18,"posy":2,"amount":250},{"posx":6,"posy":3,"amount":750},{"posx":9,"posy":3,"amount":400},{"posx":11,"posy":3,"amount":700},{"posx":7,"posy":4,"amount":600},{"posx":16,"posy":4,"amount":300},{"posx":6,"posy":5,"amount":100},{"posx":6,"posy":6,"amount":100},{"posx":15,"posy":6,"amount":700},{"posx":19,"posy":6,"amount":650},{"posx":9,"posy":7,"amount":300}],"changedObstacles":[]},{"players":[{"playerId":206247,"score":350,"energy":25,"posx":7,"posy":1,"lastAction":5,"status":0},{"playerId":2241039,"score":550,"energy":11,"posx":13,"posy":3,"lastAction":1,"status":0},{"playerId":1168092,"score":525,"energy":6,"posx":11,"posy":3,"lastAction":5,"status":0},{"playerId":2294637,"score":675,"energy":5,"posx":16,"posy":4,"lastAction":5,"status":0}],"golds":[{"posx":0,"posy":0,"amount":650},{"posx":8,"posy":0,"amount":550},{"posx":0,"posy":1,"amount":400},{"posx":1,"posy":1,"amount":700},{"posx":7,"posy":1,"amount":200},{"posx":18,"posy":2,"amount":250},{"posx":6,"posy":3,"amount":750},{"posx":9,"posy":3,"amount":400},{"posx":11,"posy":3,"amount":650},{"posx":7,"posy":4,"amount":600},{"posx":16,"posy":4,"amount":250},{"posx":6,"posy":5,"amount":100},{"posx":6,"posy":6,"amount":100},{"posx":15,"posy":6,"amount":700},{"posx":19,"posy":6,"amount":650},{"posx":9,"posy":7,"amount":300}],"changedObstacles":[]},{"players":[{"playerId":206247,"score":400,"energy":20,"posx":7,"posy":1,"lastAction":5,"status":0},{"playerId":2241039,"score":550,"energy":10,"posx":14,"posy":3,"lastAction":1,"status":0},{"playerId":1168092,"score":575,"energy":1,"posx":11,"posy":3,"lastAction":5,"status":0},{"playerId":2294637,"score":675,"energy":17,"posx":16,"posy":4,"lastAction":4,"status":0}],"golds":[{"posx":0,"posy":0,"amount":650},{"posx":8,"posy":0,"amount":550},{"posx":0,"posy":1,"amount":400},{"posx":1,"posy":1,"amount":700},{"posx":7,"posy":1,"amount":150},{"posx":18,"posy":2,"amount":250},{"posx":6,"posy":3,"amount":750},{"posx":9,"posy":3,"amount":400},{"posx":11,"posy":3,"amount":600},{"posx":7,"posy":4,"amount":600},{"posx":16,"posy":4,"amount":250},{"posx":6,"posy":5,"amount":100},{"posx":6,"posy":6,"amount":100},{"posx":15,"posy":6,"amount":700},{"posx":19,"posy":6,"amount":650},{"posx":9,"posy":7,"amount":300}],"changedObstacles":[]},{"players":[{"playerId":206247,"score":450,"energy":15,"posx":7,"posy":1,"lastAction":5,"status":0},{"playerId":2241039,"score":550,"energy":22,"posx":14,"posy":3,"lastAction":4,"status":0},{"playerId":1168092,"score":575,"energy":13,"posx":11,"posy":3,"lastAction":4,"status":0},{"playerId":2294637,"score":675,"energy":33,"posx":16,"posy":4,"lastAction":4,"status":0}],"golds":[{"posx":0,"posy":0,"amount":650},{"posx":8,"posy":0,"amount":550},{"posx":0,"posy":1,"amount":400},{"posx":1,"posy":1,"amount":700},{"posx":7,"posy":1,"amount":100},{"posx":18,"posy":2,"amount":250},{"posx":6,"posy":3,"amount":750},{"posx":9,"posy":3,"amount":400},{"posx":11,"posy":3,"amount":600},{"posx":7,"posy":4,"amount":600},{"posx":16,"posy":4,"amount":250},{"posx":6,"posy":5,"amount":100},{"posx":6,"posy":6,"amount":100},{"posx":15,"posy":6,"amount":700},{"posx":19,"posy":6,"amount":650},{"posx":9,"posy":7,"amount":300}],"changedObstacles":[]},{"players":[{"playerId":206247,"score":500,"energy":10,"posx":7,"posy":1,"lastAction":5,"status":0},{"playerId":2241039,"score":550,"energy":7,"posx":15,"posy":3,"lastAction":1,"status":0},{"playerId":1168092,"score":575,"energy":29,"posx":11,"posy":3,"lastAction":4,"status":0},{"playerId":2294637,"score":675,"energy":50,"posx":16,"posy":4,"lastAction":4,"status":0}],"golds":[{"posx":0,"posy":0,"amount":650},{"posx":8,"posy":0,"amount":550},{"posx":0,"posy":1,"amount":400},{"posx":1,"posy":1,"amount":700},{"posx":7,"posy":1,"amount":50},{"posx":18,"posy":2,"amount":250},{"posx":6,"posy":3,"amount":750},{"posx":9,"posy":3,"amount":400},{"posx":11,"posy":3,"amount":600},{"posx":7,"posy":4,"amount":600},{"posx":16,"posy":4,"amount":250},{"posx":6,"posy":5,"amount":100},{"posx":6,"posy":6,"amount":100},{"posx":15,"posy":6,"amount":700},{"posx":19,"posy":6,"amount":650},{"posx":9,"posy":7,"amount":300}],"changedObstacles":[]},{"players":[{"playerId":206247,"score":550,"energy":5,"posx":7,"posy":1,"lastAction":5,"status":0},{"playerId":2241039,"score":550,"energy":19,"posx":15,"posy":3,"lastAction":4,"status":0},{"playerId":1168092,"score":625,"energy":24,"posx":11,"posy":3,"lastAction":5,"status":0},{"playerId":2294637,"score":725,"energy":45,"posx":16,"posy":4,"lastAction":5,"status":0}],"golds":[{"posx":0,"posy":0,"amount":650},{"posx":8,"posy":0,"amount":550},{"posx":0,"posy":1,"amount":400},{"posx":1,"posy":1,"amount":700},{"posx":18,"posy":2,"amount":250},{"posx":6,"posy":3,"amount":750},{"posx":9,"posy":3,"amount":400},{"posx":11,"posy":3,"amount":550},{"posx":7,"posy":4,"amount":600},{"posx":16,"posy":4,"amount":200},{"posx":6,"posy":5,"amount":100},{"posx":6,"posy":6,"amount":100},{"posx":15,"posy":6,"amount":700},{"posx":19,"posy":6,"amount":650},{"posx":9,"posy":7,"amount":300}],"changedObstacles":[{"type":0,"posx":7,"posy":1,"value":-1}]},{"players":[{"playerId":206247,"score":550,"energy":4,"posx":8,"posy":1,"lastAction":1,"status":0},{"playerId":2241039,"score":550,"energy":35,"posx":15,"posy":3,"lastAction":4,"status":0},{"playerId":1168092,"score":675,"energy":19,"posx":11,"posy":3,"lastAction":5,"status":0},{"playerId":2294637,"score":775,"energy":40,"posx":16,"posy":4,"lastAction":5,"status":0}],"golds":[{"posx":0,"posy":0,"amount":650},{"posx":8,"posy":0,"amount":550},{"posx":0,"posy":1,"amount":400},{"posx":1,"posy":1,"amount":700},{"posx":18,"posy":2,"amount":250},{"posx":6,"posy":3,"amount":750},{"posx":9,"posy":3,"amount":400},{"posx":11,"posy":3,"amount":500},{"posx":7,"posy":4,"amount":600},{"posx":16,"posy":4,"amount":150},{"posx":6,"posy":5,"amount":100},{"posx":6,"posy":6,"amount":100},{"posx":15,"posy":6,"amount":700},{"posx":19,"posy":6,"amount":650},{"posx":9,"posy":7,"amount":300}],"changedObstacles":[]},{"players":[{"playerId":206247,"score":550,"energy":16,"posx":8,"posy":1,"lastAction":4,"status":0},{"playerId":2241039,"score":550,"energy":24,"posx":15,"posy":4,"lastAction":3,"status":0},{"playerId":1168092,"score":725,"energy":14,"posx":11,"posy":3,"lastAction":5,"status":0},{"playerId":2294637,"score":825,"energy":35,"posx":16,"posy":4,"lastAction":5,"status":0}],"golds":[{"posx":0,"posy":0,"amount":650},{"posx":8,"posy":0,"amount":550},{"posx":0,"posy":1,"amount":400},{"posx":1,"posy":1,"amount":700},{"posx":18,"posy":2,"amount":250},{"posx":6,"posy":3,"amount":750},{"posx":9,"posy":3,"amount":400},{"posx":11,"posy":3,"amount":450},{"posx":7,"posy":4,"amount":600},{"posx":16,"posy":4,"amount":100},{"posx":6,"posy":5,"amount":100},{"posx":6,"posy":6,"amount":100},{"posx":15,"posy":6,"amount":700},{"posx":19,"posy":6,"amount":650},{"posx":9,"posy":7,"amount":300}],"changedObstacles":[]},{"players":[{"playerId":206247,"score":550,"energy":32,"posx":8,"posy":1,"lastAction":4,"status":0},{"playerId":2241039,"score":550,"energy":23,"posx":15,"posy":5,"lastAction":3,"status":0},{"playerId":1168092,"score":775,"energy":9,"posx":11,"posy":3,"lastAction":5,"status":0},{"playerId":2294637,"score":875,"energy":30,"posx":16,"posy":4,"lastAction":5,"status":0}],"golds":[{"posx":0,"posy":0,"amount":650},{"posx":8,"posy":0,"amount":550},{"posx":0,"posy":1,"amount":400},{"posx":1,"posy":1,"amount":700},{"posx":18,"posy":2,"amount":250},{"posx":6,"posy":3,"amount":750},{"posx":9,"posy":3,"amount":400},{"posx":11,"posy":3,"amount":400},{"posx":7,"posy":4,"amount":600},{"posx":16,"posy":4,"amount":50},{"posx":6,"posy":5,"amount":100},{"posx":6,"posy":6,"amount":100},{"posx":15,"posy":6,"amount":700},{"posx":19,"posy":6,"amount":650},{"posx":9,"posy":7,"amount":300}],"changedObstacles":[]},{"players":[{"playerId":206247,"score":550,"energy":50,"posx":8,"posy":1,"lastAction":4,"status":0},{"playerId":2241039,"score":550,"energy":19,"posx":15,"posy":6,"lastAction":3,"status":0},{"playerId":1168092,"score":825,"energy":4,"posx":11,"posy":3,"lastAction":5,"status":0},{"playerId":2294637,"score":925,"energy":25,"posx":16,"posy":4,"lastAction":5,"status":0}],"golds":[{"posx":0,"posy":0,"amount":650},{"posx":8,"posy":0,"amount":550},{"posx":0,"posy":1,"amount":400},{"posx":1,"posy":1,"amount":700},{"posx":18,"posy":2,"amount":250},{"posx":6,"posy":3,"amount":750},{"posx":9,"posy":3,"amount":400},{"posx":11,"posy":3,"amount":350},{"posx":7,"posy":4,"amount":600},{"posx":6,"posy":5,"amount":100},{"posx":6,"posy":6,"amount":100},{"posx":15,"posy":6,"amount":700},{"posx":19,"posy":6,"amount":650},{"posx":9,"posy":7,"amount":300}],"changedObstacles":[{"type":0,"posx":16,"posy":4,"value":-1}]},{"players":[{"playerId":206247,"score":550,"energy":46,"posx":8,"posy":0,"lastAction":2,"status":0},{"playerId":2241039,"score":600,"energy":14,"posx":15,"posy":6,"lastAction":5,"status":0},{"playerId":1168092,"score":825,"energy":16,"posx":11,"posy":3,"lastAction":4,"status":0},{"playerId":2294637,"score":925,"energy":20,"posx":16,"posy":5,"lastAction":3,"status":0}],"golds":[{"posx":0,"posy":0,"amount":650},{"posx":8,"posy":0,"amount":550},{"posx":0,"posy":1,"amount":400},{"posx":1,"posy":1,"amount":700},{"posx":18,"posy":2,"amount":250},{"posx":6,"posy":3,"amount":750},{"posx":9,"posy":3,"amount":400},{"posx":11,"posy":3,"amount":350},{"posx":7,"posy":4,"amount":600},{"posx":6,"posy":5,"amount":100},{"posx":6,"posy":6,"amount":100},{"posx":15,"posy":6,"amount":650},{"posx":19,"posy":6,"amount":650},{"posx":9,"posy":7,"amount":300}],"changedObstacles":[{"type":3,"posx":16,"posy":5,"value":-20}]},{"players":[{"playerId":206247,"score":600,"energy":41,"posx":8,"posy":0,"lastAction":5,"status":0},{"playerId":2241039,"score":650,"energy":9,"posx":15,"posy":6,"lastAction":5,"status":0},{"playerId":1168092,"score":825,"energy":32,"posx":11,"posy":3,"lastAction":4,"status":0},{"playerId":2294637,"score":925,"energy":19,"posx":16,"posy":6,"lastAction":3,"status":0}],"golds":[{"posx":0,"posy":0,"amount":650},{"posx":8,"posy":0,"amount":500},{"posx":0,"posy":1,"amount":400},{"posx":1,"posy":1,"amount":700},{"posx":18,"posy":2,"amount":250},{"posx":6,"posy":3,"amount":750},{"posx":9,"posy":3,"amount":400},{"posx":11,"posy":3,"amount":350},{"posx":7,"posy":4,"amount":600},{"posx":6,"posy":5,"amount":100},{"posx":6,"posy":6,"amount":100},{"posx":15,"posy":6,"amount":600},{"posx":19,"posy":6,"amount":650},{"posx":9,"posy":7,"amount":300}],"changedObstacles":[]},{"players":[{"playerId":206247,"score":650,"energy":36,"posx":8,"posy":0,"lastAction":5,"status":0},{"playerId":2241039,"score":700,"energy":4,"posx":15,"posy":6,"lastAction":5,"status":0},{"playerId":1168092,"score":875,"energy":27,"posx":11,"posy":3,"lastAction":5,"status":0},{"playerId":2294637,"score":925,"energy":14,"posx":17,"posy":6,"lastAction":1,"status":0}],"golds":[{"posx":0,"posy":0,"amount":650},{"posx":8,"posy":0,"amount":450},{"posx":0,"posy":1,"amount":400},{"posx":1,"posy":1,"amount":700},{"posx":18,"posy":2,"amount":250},{"posx":6,"posy":3,"amount":750},{"posx":9,"posy":3,"amount":400},{"posx":11,"posy":3,"amount":300},{"posx":7,"posy":4,"amount":600},{"posx":6,"posy":5,"amount":100},{"posx":6,"posy":6,"amount":100},{"posx":15,"posy":6,"amount":550},{"posx":19,"posy":6,"amount":650},{"posx":9,"posy":7,"amount":300}],"changedObstacles":[{"type":3,"posx":17,"posy":6,"value":-20}]},{"players":[{"playerId":206247,"score":700,"energy":31,"posx":8,"posy":0,"lastAction":5,"status":0},{"playerId":2241039,"score":700,"energy":16,"posx":15,"posy":6,"lastAction":4,"status":0},{"playerId":1168092,"score":925,"energy":22,"posx":11,"posy":3,"lastAction":5,"status":0},{"playerId":2294637,"score":925,"energy":9,"posx":18,"posy":6,"lastAction":1,"status":0}],"golds":[{"posx":0,"posy":0,"amount":650},{"posx":8,"posy":0,"amount":400},{"posx":0,"posy":1,"amount":400},{"posx":1,"posy":1,"amount":700},{"posx":18,"posy":2,"amount":250},{"posx":6,"posy":3,"amount":750},{"posx":9,"posy":3,"amount":400},{"posx":11,"posy":3,"amount":250},{"posx":7,"posy":4,"amount":600},{"posx":6,"posy":5,"amount":100},{"posx":6,"posy":6,"amount":100},{"posx":15,"posy":6,"amount":550},{"posx":19,"posy":6,"amount":650},{"posx":9,"posy":7,"amount":300}],"changedObstacles":[{"type":3,"posx":18,"posy":6,"value":-20}]},{"players":[{"playerId":206247,"score":750,"energy":26,"posx":8,"posy":0,"lastAction":5,"status":0},{"playerId":2241039,"score":750,"energy":11,"posx":15,"posy":6,"lastAction":5,"status":0},{"playerId":1168092,"score":975,"energy":17,"posx":11,"posy":3,"lastAction":5,"status":0},{"playerId":2294637,"score":925,"energy":5,"posx":19,"posy":6,"lastAction":1,"status":0}],"golds":[{"posx":0,"posy":0,"amount":650},{"posx":8,"posy":0,"amount":350},{"posx":0,"posy":1,"amount":400},{"posx":1,"posy":1,"amount":700},{"posx":18,"posy":2,"amount":250},{"posx":6,"posy":3,"amount":750},{"posx":9,"posy":3,"amount":400},{"posx":11,"posy":3,"amount":200},{"posx":7,"posy":4,"amount":600},{"posx":6,"posy":5,"amount":100},{"posx":6,"posy":6,"amount":100},{"posx":15,"posy":6,"amount":500},{"posx":19,"posy":6,"amount":650},{"posx":9,"posy":7,"amount":300}],"changedObstacles":[]},{"players":[{"playerId":206247,"score":800,"energy":21,"posx":8,"posy":0,"lastAction":5,"status":0},{"playerId":2241039,"score":800,"energy":6,"posx":15,"posy":6,"lastAction":5,"status":0},{"playerId":1168092,"score":1025,"energy":12,"posx":11,"posy":3,"lastAction":5,"status":0},{"playerId":2294637,"score":925,"energy":17,"posx":19,"posy":6,"lastAction":4,"status":0}],"golds":[{"posx":0,"posy":0,"amount":650},{"posx":8,"posy":0,"amount":300},{"posx":0,"posy":1,"amount":400},{"posx":1,"posy":1,"amount":700},{"posx":18,"posy":2,"amount":250},{"posx":6,"posy":3,"amount":750},{"posx":9,"posy":3,"amount":400},{"posx":11,"posy":3,"amount":150},{"posx":7,"posy":4,"amount":600},{"posx":6,"posy":5,"amount":100},{"posx":6,"posy":6,"amount":100},{"posx":15,"posy":6,"amount":450},{"posx":19,"posy":6,"amount":650},{"posx":9,"posy":7,"amount":300}],"changedObstacles":[]},{"players":[{"playerId":206247,"score":850,"energy":16,"posx":8,"posy":0,"lastAction":5,"status":0},{"playerId":2241039,"score":850,"energy":1,"posx":15,"posy":6,"lastAction":5,"status":0},{"playerId":1168092,"score":1075,"energy":7,"posx":11,"posy":3,"lastAction":5,"status":0},{"playerId":2294637,"score":925,"energy":33,"posx":19,"posy":6,"lastAction":4,"status":0}],"golds":[{"posx":0,"posy":0,"amount":650},{"posx":8,"posy":0,"amount":250},{"posx":0,"posy":1,"amount":400},{"posx":1,"posy":1,"amount":700},{"posx":18,"posy":2,"amount":250},{"posx":6,"posy":3,"amount":750},{"posx":9,"posy":3,"amount":400},{"posx":11,"posy":3,"amount":100},{"posx":7,"posy":4,"amount":600},{"posx":6,"posy":5,"amount":100},{"posx":6,"posy":6,"amount":100},{"posx":15,"posy":6,"amount":400},{"posx":19,"posy":6,"amount":650},{"posx":9,"posy":7,"amount":300}],"changedObstacles":[]},{"players":[{"playerId":206247,"score":900,"energy":11,"posx":8,"posy":0,"lastAction":5,"status":0},{"playerId":2241039,"score":850,"energy":13,"posx":15,"posy":6,"lastAction":4,"status":0},{"playerId":1168092,"score":1125,"energy":2,"posx":11,"posy":3,"lastAction":5,"status":0},{"playerId":2294637,"score":925,"energy":50,"posx":19,"posy":6,"lastAction":4,"status":0}],"golds":[{"posx":0,"posy":0,"amount":650},{"posx":8,"posy":0,"amount":200},{"posx":0,"posy":1,"amount":400},{"posx":1,"posy":1,"amount":700},{"posx":18,"posy":2,"amount":250},{"posx":6,"posy":3,"amount":750},{"posx":9,"posy":3,"amount":400},{"posx":11,"posy":3,"amount":50},{"posx":7,"posy":4,"amount":600},{"posx":6,"posy":5,"amount":100},{"posx":6,"posy":6,"amount":100},{"posx":15,"posy":6,"amount":400},{"posx":19,"posy":6,"amount":650},{"posx":9,"posy":7,"amount":300}],"changedObstacles":[]},{"players":[{"playerId":206247,"score":950,"energy":6,"posx":8,"posy":0,"lastAction":5,"status":0},{"playerId":2241039,"score":900,"energy":8,"posx":15,"posy":6,"lastAction":5,"status":0},{"playerId":1168092,"score":1125,"energy":14,"posx":11,"posy":3,"lastAction":4,"status":0},{"playerId":2294637,"score":975,"energy":45,"posx":19,"posy":6,"lastAction":5,"status":0}],"golds":[{"posx":0,"posy":0,"amount":650},{"posx":8,"posy":0,"amount":150},{"posx":0,"posy":1,"amount":400},{"posx":1,"posy":1,"amount":700},{"posx":18,"posy":2,"amount":250},{"posx":6,"posy":3,"amount":750},{"posx":9,"posy":3,"amount":400},{"posx":11,"posy":3,"amount":50},{"posx":7,"posy":4,"amount":600},{"posx":6,"posy":5,"amount":100},{"posx":6,"posy":6,"amount":100},{"posx":15,"posy":6,"amount":350},{"posx":19,"posy":6,"amount":600},{"posx":9,"posy":7,"amount":300}],"changedObstacles":[]},{"players":[{"playerId":206247,"score":1000,"energy":1,"posx":8,"posy":0,"lastAction":5,"status":0},{"playerId":2241039,"score":950,"energy":3,"posx":15,"posy":6,"lastAction":5,"status":0},{"playerId":1168092,"score":1125,"energy":30,"posx":11,"posy":3,"lastAction":4,"status":0},{"playerId":2294637,"score":1025,"energy":40,"posx":19,"posy":6,"lastAction":5,"status":0}],"golds":[{"posx":0,"posy":0,"amount":650},{"posx":8,"posy":0,"amount":100},{"posx":0,"posy":1,"amount":400},{"posx":1,"posy":1,"amount":700},{"posx":18,"posy":2,"amount":250},{"posx":6,"posy":3,"amount":750},{"posx":9,"posy":3,"amount":400},{"posx":11,"posy":3,"amount":50},{"posx":7,"posy":4,"amount":600},{"posx":6,"posy":5,"amount":100},{"posx":6,"posy":6,"amount":100},{"posx":15,"posy":6,"amount":300},{"posx":19,"posy":6,"amount":550},{"posx":9,"posy":7,"amount":300}],"changedObstacles":[]},{"players":[{"playerId":206247,"score":1000,"energy":13,"posx":8,"posy":0,"lastAction":4,"status":0},{"playerId":2241039,"score":950,"energy":15,"posx":15,"posy":6,"lastAction":4,"status":0},{"playerId":1168092,"score":1175,"energy":25,"posx":11,"posy":3,"lastAction":5,"status":0},{"playerId":2294637,"score":1075,"energy":35,"posx":19,"posy":6,"lastAction":5,"status":0}],"golds":[{"posx":0,"posy":0,"amount":650},{"posx":8,"posy":0,"amount":100},{"posx":0,"posy":1,"amount":400},{"posx":1,"posy":1,"amount":700},{"posx":18,"posy":2,"amount":250},{"posx":6,"posy":3,"amount":750},{"posx":9,"posy":3,"amount":400},{"posx":7,"posy":4,"amount":600},{"posx":6,"posy":5,"amount":100},{"posx":6,"posy":6,"amount":100},{"posx":15,"posy":6,"amount":300},{"posx":19,"posy":6,"amount":500},{"posx":9,"posy":7,"amount":300}],"changedObstacles":[{"type":0,"posx":11,"posy":3,"value":-1}]},{"players":[{"playerId":206247,"score":1000,"energy":29,"posx":8,"posy":0,"lastAction":4,"status":0},{"playerId":2241039,"score":1000,"energy":10,"posx":15,"posy":6,"lastAction":5,"status":0},{"playerId":1168092,"score":1175,"energy":15,"posx":10,"posy":3,"lastAction":0,"status":0},{"playerId":2294637,"score":1125,"energy":30,"posx":19,"posy":6,"lastAction":5,"status":0}],"golds":[{"posx":0,"posy":0,"amount":650},{"posx":8,"posy":0,"amount":100},{"posx":0,"posy":1,"amount":400},{"posx":1,"posy":1,"amount":700},{"posx":18,"posy":2,"amount":250},{"posx":6,"posy":3,"amount":750},{"posx":9,"posy":3,"amount":400},{"posx":7,"posy":4,"amount":600},{"posx":6,"posy":5,"amount":100},{"posx":6,"posy":6,"amount":100},{"posx":15,"posy":6,"amount":250},{"posx":19,"posy":6,"amount":450},{"posx":9,"posy":7,"amount":300}],"changedObstacles":[{"type":0,"posx":10,"posy":3,"value":-1}]},{"players":[{"playerId":206247,"score":1000,"energy":50,"posx":8,"posy":0,"lastAction":4,"status":0},{"playerId":2241039,"score":1050,"energy":5,"posx":15,"posy":6,"lastAction":5,"status":0},{"playerId":1168092,"score":1175,"energy":11,"posx":9,"posy":3,"lastAction":0,"status":0},{"playerId":2294637,"score":1175,"energy":25,"posx":19,"posy":6,"lastAction":5,"status":0}],"golds":[{"posx":0,"posy":0,"amount":650},{"posx":8,"posy":0,"amount":100},{"posx":0,"posy":1,"amount":400},{"posx":1,"posy":1,"amount":700},{"posx":18,"posy":2,"amount":250},{"posx":6,"posy":3,"amount":750},{"posx":9,"posy":3,"amount":400},{"posx":7,"posy":4,"amount":600},{"posx":6,"posy":5,"amount":100},{"posx":6,"posy":6,"amount":100},{"posx":15,"posy":6,"amount":200},{"posx":19,"posy":6,"amount":400},{"posx":9,"posy":7,"amount":300}],"changedObstacles":[]},{"players":[{"playerId":206247,"score":1050,"energy":45,"posx":8,"posy":0,"lastAction":5,"status":0},{"playerId":2241039,"score":1050,"energy":17,"posx":15,"posy":6,"lastAction":4,"status":0},{"playerId":1168092,"score":1225,"energy":6,"posx":9,"posy":3,"lastAction":5,"status":0},{"playerId":2294637,"score":1225,"energy":20,"posx":19,"posy":6,"lastAction":5,"status":0}],"golds":[{"posx":0,"posy":0,"amount":650},{"posx":8,"posy":0,"amount":50},{"posx":0,"posy":1,"amount":400},{"posx":1,"posy":1,"amount":700},{"posx":18,"posy":2,"amount":250},{"posx":6,"posy":3,"amount":750},{"posx":9,"posy":3,"amount":350},{"posx":7,"posy":4,"amount":600},{"posx":6,"posy":5,"amount":100},{"posx":6,"posy":6,"amount":100},{"posx":15,"posy":6,"amount":200},{"posx":19,"posy":6,"amount":350},{"posx":9,"posy":7,"amount":300}],"changedObstacles":[]},{"players":[{"playerId":206247,"score":1100,"energy":40,"posx":8,"posy":0,"lastAction":5,"status":0},{"playerId":2241039,"score":1100,"energy":12,"posx":15,"posy":6,"lastAction":5,"status":0},{"playerId":1168092,"score":1275,"energy":1,"posx":9,"posy":3,"lastAction":5,"status":0},{"playerId":2294637,"score":1275,"energy":15,"posx":19,"posy":6,"lastAction":5,"status":0}],"golds":[{"posx":0,"posy":0,"amount":650},{"posx":0,"posy":1,"amount":400},{"posx":1,"posy":1,"amount":700},{"posx":18,"posy":2,"amount":250},{"posx":6,"posy":3,"amount":750},{"posx":9,"posy":3,"amount":300},{"posx":7,"posy":4,"amount":600},{"posx":6,"posy":5,"amount":100},{"posx":6,"posy":6,"amount":100},{"posx":15,"posy":6,"amount":150},{"posx":19,"posy":6,"amount":300},{"posx":9,"posy":7,"amount":300}],"changedObstacles":[{"type":0,"posx":8,"posy":0,"value":-1}]},{"players":[{"playerId":206247,"score":1100,"energy":39,"posx":8,"posy":1,"lastAction":3,"status":0},{"playerId":2241039,"score":1150,"energy":7,"posx":15,"posy":6,"lastAction":5,"status":0},{"playerId":1168092,"score":1275,"energy":13,"posx":9,"posy":3,"lastAction":4,"status":0},{"playerId":2294637,"score":1325,"energy":10,"posx":19,"posy":6,"lastAction":5,"status":0}],"golds":[{"posx":0,"posy":0,"amount":650},{"posx":0,"posy":1,"amount":400},{"posx":1,"posy":1,"amount":700},{"posx":18,"posy":2,"amount":250},{"posx":6,"posy":3,"amount":750},{"posx":9,"posy":3,"amount":300},{"posx":7,"posy":4,"amount":600},{"posx":6,"posy":5,"amount":100},{"posx":6,"posy":6,"amount":100},{"posx":15,"posy":6,"amount":100},{"posx":19,"posy":6,"amount":250},{"posx":9,"posy":7,"amount":300}],"changedObstacles":[]},{"players":[{"playerId":206247,"score":1100,"energy":38,"posx":9,"posy":1,"lastAction":1,"status":0},{"playerId":2241039,"score":1200,"energy":2,"posx":15,"posy":6,"lastAction":5,"status":0},{"playerId":1168092,"score":1275,"energy":29,"posx":9,"posy":3,"lastAction":4,"status":0},{"playerId":2294637,"score":1375,"energy":5,"posx":19,"posy":6,"lastAction":5,"status":0}],"golds":[{"posx":0,"posy":0,"amount":650},{"posx":0,"posy":1,"amount":400},{"posx":1,"posy":1,"amount":700},{"posx":18,"posy":2,"amount":250},{"posx":6,"posy":3,"amount":750},{"posx":9,"posy":3,"amount":300},{"posx":7,"posy":4,"amount":600},{"posx":6,"posy":5,"amount":100},{"posx":6,"posy":6,"amount":100},{"posx":15,"posy":6,"amount":50},{"posx":19,"posy":6,"amount":200},{"posx":9,"posy":7,"amount":300}],"changedObstacles":[]},{"players":[{"playerId":206247,"score":1100,"energy":37,"posx":9,"posy":2,"lastAction":3,"status":0},{"playerId":2241039,"score":1200,"energy":14,"posx":15,"posy":6,"lastAction":4,"status":0},{"playerId":1168092,"score":1325,"energy":24,"posx":9,"posy":3,"lastAction":5,"status":0},{"playerId":2294637,"score":1375,"energy":17,"posx":19,"posy":6,"lastAction":4,"status":0}],"golds":[{"posx":0,"posy":0,"amount":650},{"posx":0,"posy":1,"amount":400},{"posx":1,"posy":1,"amount":700},{"posx":18,"posy":2,"amount":250},{"posx":6,"posy":3,"amount":750},{"posx":9,"posy":3,"amount":250},{"posx":7,"posy":4,"amount":600},{"posx":6,"posy":5,"amount":100},{"posx":6,"posy":6,"amount":100},{"posx":15,"posy":6,"amount":50},{"posx":19,"posy":6,"amount":200},{"posx":9,"posy":7,"amount":300}],"changedObstacles":[]},{"players":[{"playerId":206247,"score":1100,"energy":33,"posx":9,"posy":3,"lastAction":3,"status":0},{"playerId":2241039,"score":1250,"energy":9,"posx":15,"posy":6,"lastAction":5,"status":0},{"playerId":1168092,"score":1375,"energy":19,"posx":9,"posy":3,"lastAction":5,"status":0},{"playerId":2294637,"score":1375,"energy":33,"posx":19,"posy":6,"lastAction":4,"status":0}],"golds":[{"posx":0,"posy":0,"amount":650},{"posx":0,"posy":1,"amount":400},{"posx":1,"posy":1,"amount":700},{"posx":18,"posy":2,"amount":250},{"posx":6,"posy":3,"amount":750},{"posx":9,"posy":3,"amount":200},{"posx":7,"posy":4,"amount":600},{"posx":6,"posy":5,"amount":100},{"posx":6,"posy":6,"amount":100},{"posx":19,"posy":6,"amount":200},{"posx":9,"posy":7,"amount":300}],"changedObstacles":[{"type":0,"posx":15,"posy":6,"value":-1}]},{"players":[{"playerId":206247,"score":1150,"energy":28,"posx":9,"posy":3,"lastAction":5,"status":0},{"playerId":2241039,"score":1250,"energy":21,"posx":15,"posy":6,"lastAction":4,"status":0},{"playerId":1168092,"score":1425,"energy":14,"posx":9,"posy":3,"lastAction":5,"status":0},{"playerId":2294637,"score":1375,"energy":50,"posx":19,"posy":6,"lastAction":4,"status":0}],"golds":[{"posx":0,"posy":0,"amount":650},{"posx":0,"posy":1,"amount":400},{"posx":1,"posy":1,"amount":700},{"posx":18,"posy":2,"amount":250},{"posx":6,"posy":3,"amount":750},{"posx":9,"posy":3,"amount":100},{"posx":7,"posy":4,"amount":600},{"posx":6,"posy":5,"amount":100},{"posx":6,"posy":6,"amount":100},{"posx":19,"posy":6,"amount":200},{"posx":9,"posy":7,"amount":300}],"changedObstacles":[]},{"players":[{"playerId":206247,"score":1200,"energy":23,"posx":9,"posy":3,"lastAction":5,"status":0},{"playerId":2241039,"score":1250,"energy":20,"posx":14,"posy":6,"lastAction":0,"status":0},{"playerId":1168092,"score":1475,"energy":9,"posx":9,"posy":3,"lastAction":5,"status":0},{"playerId":2294637,"score":1425,"energy":45,"posx":19,"posy":6,"lastAction":5,"status":0}],"golds":[{"posx":0,"posy":0,"amount":650},{"posx":0,"posy":1,"amount":400},{"posx":1,"posy":1,"amount":700},{"posx":18,"posy":2,"amount":250},{"posx":6,"posy":3,"amount":750},{"posx":7,"posy":4,"amount":600},{"posx":6,"posy":5,"amount":100},{"posx":6,"posy":6,"amount":100},{"posx":19,"posy":6,"amount":150},{"posx":9,"posy":7,"amount":300}],"changedObstacles":[{"type":0,"posx":9,"posy":3,"value":-1}]},{"players":[{"playerId":206247,"score":1200,"energy":13,"posx":8,"posy":3,"lastAction":0,"status":0},{"playerId":2241039,"score":1250,"energy":32,"posx":14,"posy":6,"lastAction":4,"status":0},{"playerId":1168092,"score":1475,"energy":21,"posx":9,"posy":3,"lastAction":4,"status":0},{"playerId":2294637,"score":1475,"energy":40,"posx":19,"posy":6,"lastAction":5,"status":0}],"golds":[{"posx":0,"posy":0,"amount":650},{"posx":0,"posy":1,"amount":400},{"posx":1,"posy":1,"amount":700},{"posx":18,"posy":2,"amount":250},{"posx":6,"posy":3,"amount":750},{"posx":7,"posy":4,"amount":600},{"posx":6,"posy":5,"amount":100},{"posx":6,"posy":6,"amount":100},{"posx":19,"posy":6,"amount":100},{"posx":9,"posy":7,"amount":300}],"changedObstacles":[{"type":0,"posx":8,"posy":3,"value":-1}]},{"players":[{"playerId":206247,"score":1200,"energy":12,"posx":7,"posy":3,"lastAction":0,"status":0},{"playerId":2241039,"score":1250,"energy":13,"posx":14,"posy":5,"lastAction":2,"status":0},{"playerId":1168092,"score":1475,"energy":20,"posx":8,"posy":3,"lastAction":0,"status":0},{"playerId":2294637,"score":1525,"energy":35,"posx":19,"posy":6,"lastAction":5,"status":0}],"golds":[{"posx":0,"posy":0,"amount":650},{"posx":0,"posy":1,"amount":400},{"posx":1,"posy":1,"amount":700},{"posx":18,"posy":2,"amount":250},{"posx":6,"posy":3,"amount":750},{"posx":7,"posy":4,"amount":600},{"posx":6,"posy":5,"amount":100},{"posx":6,"posy":6,"amount":100},{"posx":19,"posy":6,"amount":50},{"posx":9,"posy":7,"amount":300}],"changedObstacles":[]},{"players":[{"playerId":206247,"score":1200,"energy":8,"posx":6,"posy":3,"lastAction":0,"status":0},{"playerId":2241039,"score":1250,"energy":25,"posx":14,"posy":5,"lastAction":4,"status":0},{"playerId":1168092,"score":1475,"energy":19,"posx":7,"posy":3,"lastAction":0,"status":0},{"playerId":2294637,"score":1575,"energy":30,"posx":19,"posy":6,"lastAction":5,"status":0}],"golds":[{"posx":0,"posy":0,"amount":650},{"posx":0,"posy":1,"amount":400},{"posx":1,"posy":1,"amount":700},{"posx":18,"posy":2,"amount":250},{"posx":6,"posy":3,"amount":750},{"posx":7,"posy":4,"amount":600},{"posx":6,"posy":5,"amount":100},{"posx":6,"posy":6,"amount":100},{"posx":9,"posy":7,"amount":300}],"changedObstacles":[{"type":0,"posx":19,"posy":6,"value":-1}]},{"players":[{"playerId":206247,"score":1250,"energy":3,"posx":6,"posy":3,"lastAction":5,"status":0},{"playerId":2241039,"score":1250,"energy":8,"posx":14,"posy":4,"lastAction":2,"status":0},{"playerId":1168092,"score":1475,"energy":15,"posx":6,"posy":3,"lastAction":0,"status":0},{"playerId":2294637,"score":1575,"energy":29,"posx":19,"posy":5,"lastAction":2,"status":0}],"golds":[{"posx":0,"posy":0,"amount":650},{"posx":0,"posy":1,"amount":400},{"posx":1,"posy":1,"amount":700},{"posx":18,"posy":2,"amount":250},{"posx":6,"posy":3,"amount":700},{"posx":7,"posy":4,"amount":600},{"posx":6,"posy":5,"amount":100},{"posx":6,"posy":6,"amount":100},{"posx":9,"posy":7,"amount":300}],"changedObstacles":[]},{"players":[{"playerId":206247,"score":1250,"energy":15,"posx":6,"posy":3,"lastAction":4,"status":0},{"playerId":2241039,"score":1250,"energy":20,"posx":14,"posy":4,"lastAction":4,"status":0},{"playerId":1168092,"score":1525,"energy":10,"posx":6,"posy":3,"lastAction":5,"status":0},{"playerId":2294637,"score":1575,"energy":24,"posx":19,"posy":4,"lastAction":2,"status":0}],"golds":[{"posx":0,"posy":0,"amount":650},{"posx":0,"posy":1,"amount":400},{"posx":1,"posy":1,"amount":700},{"posx":18,"posy":2,"amount":250},{"posx":6,"posy":3,"amount":650},{"posx":7,"posy":4,"amount":600},{"posx":6,"posy":5,"amount":100},{"posx":6,"posy":6,"amount":100},{"posx":9,"posy":7,"amount":300}],"changedObstacles":[{"type":3,"posx":19,"posy":4,"value":-20}]},{"players":[{"playerId":206247,"score":1250,"energy":31,"posx":6,"posy":3,"lastAction":4,"status":0},{"playerId":2241039,"score":1250,"energy":36,"posx":14,"posy":4,"lastAction":4,"status":0},{"playerId":1168092,"score":1575,"energy":5,"posx":6,"posy":3,"lastAction":5,"status":0},{"playerId":2294637,"score":1575,"energy":23,"posx":19,"posy":3,"lastAction":2,"status":0}],"golds":[{"posx":0,"posy":0,"amount":650},{"posx":0,"posy":1,"amount":400},{"posx":1,"posy":1,"amount":700},{"posx":18,"posy":2,"amount":250},{"posx":6,"posy":3,"amount":600},{"posx":7,"posy":4,"amount":600},{"posx":6,"posy":5,"amount":100},{"posx":6,"posy":6,"amount":100},{"posx":9,"posy":7,"amount":300}],"changedObstacles":[]},{"players":[{"playerId":206247,"score":1250,"energy":50,"posx":6,"posy":3,"lastAction":4,"status":0},{"playerId":2241039,"score":1250,"energy":30,"posx":13,"posy":4,"lastAction":0,"status":0},{"playerId":1168092,"score":1575,"energy":17,"posx":6,"posy":3,"lastAction":4,"status":0},{"playerId":2294637,"score":1575,"energy":18,"posx":19,"posy":2,"lastAction":2,"status":0}],"golds":[{"posx":0,"posy":0,"amount":650},{"posx":0,"posy":1,"amount":400},{"posx":1,"posy":1,"amount":700},{"posx":18,"posy":2,"amount":250},{"posx":6,"posy":3,"amount":600},{"posx":7,"posy":4,"amount":600},{"posx":6,"posy":5,"amount":100},{"posx":6,"posy":6,"amount":100},{"posx":9,"posy":7,"amount":300}],"changedObstacles":[{"type":3,"posx":19,"posy":2,"value":-20}]},{"players":[{"playerId":206247,"score":1300,"energy":45,"posx":6,"posy":3,"lastAction":5,"status":0},{"playerId":2241039,"score":1250,"energy":25,"posx":12,"posy":4,"lastAction":0,"status":0},{"playerId":1168092,"score":1575,"energy":33,"posx":6,"posy":3,"lastAction":4,"status":0},{"playerId":2294637,"score":1575,"energy":14,"posx":18,"posy":2,"lastAction":0,"status":0}],"golds":[{"posx":0,"posy":0,"amount":650},{"posx":0,"posy":1,"amount":400},{"posx":1,"posy":1,"amount":700},{"posx":18,"posy":2,"amount":250},{"posx":6,"posy":3,"amount":550},{"posx":7,"posy":4,"amount":600},{"posx":6,"posy":5,"amount":100},{"posx":6,"posy":6,"amount":100},{"posx":9,"posy":7,"amount":300}],"changedObstacles":[{"type":3,"posx":12,"posy":4,"value":-20}]},{"players":[{"playerId":206247,"score":1350,"energy":40,"posx":6,"posy":3,"lastAction":5,"status":0},{"playerId":2241039,"score":1250,"energy":24,"posx":11,"posy":4,"lastAction":0,"status":0},{"playerId":1168092,"score":1625,"energy":28,"posx":6,"posy":3,"lastAction":5,"status":0},{"playerId":2294637,"score":1625,"energy":9,"posx":18,"posy":2,"lastAction":5,"status":0}],"golds":[{"posx":0,"posy":0,"amount":650},{"posx":0,"posy":1,"amount":400},{"posx":1,"posy":1,"amount":700},{"posx":18,"posy":2,"amount":200},{"posx":6,"posy":3,"amount":450},{"posx":7,"posy":4,"amount":600},{"posx":6,"posy":5,"amount":100},{"posx":6,"posy":6,"amount":100},{"posx":9,"posy":7,"amount":300}],"changedObstacles":[]},{"players":[{"playerId":206247,"score":1400,"energy":35,"posx":6,"posy":3,"lastAction":5,"status":0},{"playerId":2241039,"score":1250,"energy":19,"posx":10,"posy":4,"lastAction":0,"status":0},{"playerId":1168092,"score":1675,"energy":23,"posx":6,"posy":3,"lastAction":5,"status":0},{"playerId":2294637,"score":1675,"energy":4,"posx":18,"posy":2,"lastAction":5,"status":0}],"golds":[{"posx":0,"posy":0,"amount":650},{"posx":0,"posy":1,"amount":400},{"posx":1,"posy":1,"amount":700},{"posx":18,"posy":2,"amount":150},{"posx":6,"posy":3,"amount":350},{"posx":7,"posy":4,"amount":600},{"posx":6,"posy":5,"amount":100},{"posx":6,"posy":6,"amount":100},{"posx":9,"posy":7,"amount":300}],"changedObstacles":[{"type":3,"posx":10,"posy":4,"value":-20}]},{"players":[{"playerId":206247,"score":1450,"energy":30,"posx":6,"posy":3,"lastAction":5,"status":0},{"playerId":2241039,"score":1250,"energy":18,"posx":9,"posy":4,"lastAction":0,"status":0},{"playerId":1168092,"score":1725,"energy":18,"posx":6,"posy":3,"lastAction":5,"status":0},{"playerId":2294637,"score":1675,"energy":16,"posx":18,"posy":2,"lastAction":4,"status":0}],"golds":[{"posx":0,"posy":0,"amount":650},{"posx":0,"posy":1,"amount":400},{"posx":1,"posy":1,"amount":700},{"posx":18,"posy":2,"amount":150},{"posx":6,"posy":3,"amount":250},{"posx":7,"posy":4,"amount":600},{"posx":6,"posy":5,"amount":100},{"posx":6,"posy":6,"amount":100},{"posx":9,"posy":7,"amount":300}],"changedObstacles":[]},{"players":[{"playerId":206247,"score":1500,"energy":25,"posx":6,"posy":3,"lastAction":5,"status":0},{"playerId":2241039,"score":1250,"energy":8,"posx":8,"posy":4,"lastAction":0,"status":0},{"playerId":1168092,"score":1775,"energy":13,"posx":6,"posy":3,"lastAction":5,"status":0},{"playerId":2294637,"score":1675,"energy":32,"posx":18,"posy":2,"lastAction":4,"status":0}],"golds":[{"posx":0,"posy":0,"amount":650},{"posx":0,"posy":1,"amount":400},{"posx":1,"posy":1,"amount":700},{"posx":18,"posy":2,"amount":150},{"posx":6,"posy":3,"amount":150},{"posx":7,"posy":4,"amount":600},{"posx":6,"posy":5,"amount":100},{"posx":6,"posy":6,"amount":100},{"posx":9,"posy":7,"amount":300}],"changedObstacles":[{"type":0,"posx":8,"posy":4,"value":-1}]},{"players":[{"playerId":206247,"score":1550,"energy":20,"posx":6,"posy":3,"lastAction":5,"status":0},{"playerId":2241039,"score":1250,"energy":4,"posx":7,"posy":4,"lastAction":0,"status":0},{"playerId":1168092,"score":1825,"energy":8,"posx":6,"posy":3,"lastAction":5,"status":0},{"playerId":2294637,"score":1675,"energy":50,"posx":18,"posy":2,"lastAction":4,"status":0}],"golds":[{"posx":0,"posy":0,"amount":650},{"posx":0,"posy":1,"amount":400},{"posx":1,"posy":1,"amount":700},{"posx":18,"posy":2,"amount":150},{"posx":6,"posy":3,"amount":50},{"posx":7,"posy":4,"amount":600},{"posx":6,"posy":5,"amount":100},{"posx":6,"posy":6,"amount":100},{"posx":9,"posy":7,"amount":300}],"changedObstacles":[]},{"players":[{"playerId":206247,"score":1550,"energy":19,"posx":5,"posy":3,"lastAction":0,"status":0},{"playerId":2241039,"score":1250,"energy":16,"posx":7,"posy":4,"lastAction":4,"status":0},{"playerId":1168092,"score":1875,"energy":3,"posx":6,"posy":3,"lastAction":5,"status":0},{"playerId":2294637,"score":1725,"energy":45,"posx":18,"posy":2,"lastAction":5,"status":0}],"golds":[{"posx":0,"posy":0,"amount":650},{"posx":0,"posy":1,"amount":400},{"posx":1,"posy":1,"amount":700},{"posx":18,"posy":2,"amount":100},{"posx":7,"posy":4,"amount":600},{"posx":6,"posy":5,"amount":100},{"posx":6,"posy":6,"amount":100},{"posx":9,"posy":7,"amount":300}],"changedObstacles":[{"type":0,"posx":6,"posy":3,"value":-1}]},{"players":[{"playerId":206247,"score":1550,"energy":9,"posx":4,"posy":3,"lastAction":0,"status":0},{"playerId":2241039,"score":1300,"energy":11,"posx":7,"posy":4,"lastAction":5,"status":0},{"playerId":1168092,"score":1875,"energy":2,"posx":6,"posy":4,"lastAction":3,"status":0},{"playerId":2294637,"score":1775,"energy":40,"posx":18,"posy":2,"lastAction":5,"status":0}],"golds":[{"posx":0,"posy":0,"amount":650},{"posx":0,"posy":1,"amount":400},{"posx":1,"posy":1,"amount":700},{"posx":18,"posy":2,"amount":50},{"posx":7,"posy":4,"amount":550},{"posx":6,"posy":5,"amount":100},{"posx":6,"posy":6,"amount":100},{"posx":9,"posy":7,"amount":300}],"changedObstacles":[{"type":0,"posx":4,"posy":3,"value":-1}]},{"players":[{"playerId":206247,"score":1550,"energy":21,"posx":4,"posy":3,"lastAction":4,"status":0},{"playerId":2241039,"score":1350,"energy":6,"posx":7,"posy":4,"lastAction":5,"status":0},{"playerId":1168092,"score":1875,"energy":14,"posx":6,"posy":4,"lastAction":4,"status":0},{"playerId":2294637,"score":1825,"energy":35,"posx":18,"posy":2,"lastAction":5,"status":0}],"golds":[{"posx":0,"posy":0,"amount":650},{"posx":0,"posy":1,"amount":400},{"posx":1,"posy":1,"amount":700},{"posx":7,"posy":4,"amount":500},{"posx":6,"posy":5,"amount":100},{"posx":6,"posy":6,"amount":100},{"posx":9,"posy":7,"amount":300}],"changedObstacles":[{"type":0,"posx":18,"posy":2,"value":-1}]},{"players":[{"playerId":206247,"score":1550,"energy":37,"posx":4,"posy":3,"lastAction":4,"status":0},{"playerId":2241039,"score":1400,"energy":1,"posx":7,"posy":4,"lastAction":5,"status":0},{"playerId":1168092,"score":1875,"energy":10,"posx":7,"posy":4,"lastAction":1,"status":0},{"playerId":2294637,"score":1825,"energy":34,"posx":17,"posy":2,"lastAction":0,"status":0}],"golds":[{"posx":0,"posy":0,"amount":650},{"posx":0,"posy":1,"amount":400},{"posx":1,"posy":1,"amount":700},{"posx":7,"posy":4,"amount":450},{"posx":6,"posy":5,"amount":100},{"posx":6,"posy":6,"amount":100},{"posx":9,"posy":7,"amount":300}],"changedObstacles":[]},{"players":[{"playerId":206247,"score":1550,"energy":50,"posx":4,"posy":3,"lastAction":4,"status":0},{"playerId":2241039,"score":1400,"energy":13,"posx":7,"posy":4,"lastAction":4,"status":0},{"playerId":1168092,"score":1925,"energy":5,"posx":7,"posy":4,"lastAction":5,"status":0},{"playerId":2294637,"score":1825,"energy":29,"posx":17,"posy":1,"lastAction":2,"status":0}],"golds":[{"posx":0,"posy":0,"amount":650},{"posx":0,"posy":1,"amount":400},{"posx":1,"posy":1,"amount":700},{"posx":7,"posy":4,"amount":400},{"posx":6,"posy":5,"amount":100},{"posx":6,"posy":6,"amount":100},{"posx":9,"posy":7,"amount":300}],"changedObstacles":[{"type":3,"posx":17,"posy":1,"value":-20}]},{"players":[{"playerId":206247,"score":1550,"energy":40,"posx":3,"posy":3,"lastAction":0,"status":0},{"playerId":2241039,"score":1450,"energy":8,"posx":7,"posy":4,"lastAction":5,"status":0},{"playerId":1168092,"score":1925,"energy":17,"posx":7,"posy":4,"lastAction":4,"status":0},{"playerId":2294637,"score":1825,"energy":28,"posx":16,"posy":1,"lastAction":0,"status":0}],"golds":[{"posx":0,"posy":0,"amount":650},{"posx":0,"posy":1,"amount":400},{"posx":1,"posy":1,"amount":700},{"posx":7,"posy":4,"amount":350},{"posx":6,"posy":5,"amount":100},{"posx":6,"posy":6,"amount":100},{"posx":9,"posy":7,"amount":300}],"changedObstacles":[{"type":0,"posx":3,"posy":3,"value":-1}]},{"players":[{"playerId":206247,"score":1550,"energy":30,"posx":3,"posy":2,"lastAction":2,"status":0},{"playerId":2241039,"score":1500,"energy":3,"posx":7,"posy":4,"lastAction":5,"status":0},{"playerId":1168092,"score":1925,"energy":33,"posx":7,"posy":4,"lastAction":4,"status":0},{"playerId":2294637,"score":1825,"energy":27,"posx":15,"posy":1,"lastAction":0,"status":0}],"golds":[{"posx":0,"posy":0,"amount":650},{"posx":0,"posy":1,"amount":400},{"posx":1,"posy":1,"amount":700},{"posx":7,"posy":4,"amount":300},{"posx":6,"posy":5,"amount":100},{"posx":6,"posy":6,"amount":100},{"posx":9,"posy":7,"amount":300}],"changedObstacles":[{"type":0,"posx":3,"posy":2,"value":-1}]},{"players":[{"playerId":206247,"score":1550,"energy":29,"posx":2,"posy":2,"lastAction":0,"status":0},{"playerId":2241039,"score":1500,"energy":15,"posx":7,"posy":4,"lastAction":4,"status":0},{"playerId":1168092,"score":1975,"energy":28,"posx":7,"posy":4,"lastAction":5,"status":0},{"playerId":2294637,"score":1825,"energy":26,"posx":14,"posy":1,"lastAction":0,"status":0}],"golds":[{"posx":0,"posy":0,"amount":650},{"posx":0,"posy":1,"amount":400},{"posx":1,"posy":1,"amount":700},{"posx":7,"posy":4,"amount":250},{"posx":6,"posy":5,"amount":100},{"posx":6,"posy":6,"amount":100},{"posx":9,"posy":7,"amount":300}],"changedObstacles":[]},{"players":[{"playerId":206247,"score":1550,"energy":24,"posx":1,"posy":2,"lastAction":0,"status":0},{"playerId":2241039,"score":1550,"energy":10,"posx":7,"posy":4,"lastAction":5,"status":0},{"playerId":1168092,"score":2025,"energy":23,"posx":7,"posy":4,"lastAction":5,"status":0},{"playerId":2294637,"score":1825,"energy":25,"posx":14,"posy":2,"lastAction":3,"status":0}],"golds":[{"posx":0,"posy":0,"amount":650},{"posx":0,"posy":1,"amount":400},{"posx":1,"posy":1,"amount":700},{"posx":7,"posy":4,"amount":150},{"posx":6,"posy":5,"amount":100},{"posx":6,"posy":6,"amount":100},{"posx":9,"posy":7,"amount":300}],"changedObstacles":[{"type":3,"posx":1,"posy":2,"value":-20}]},{"players":[{"playerId":206247,"score":1550,"energy":20,"posx":1,"posy":1,"lastAction":2,"status":0},{"playerId":2241039,"score":1600,"energy":5,"posx":7,"posy":4,"lastAction":5,"status":0},{"playerId":1168092,"score":2075,"energy":18,"posx":7,"posy":4,"lastAction":5,"status":0},{"playerId":2294637,"score":1825,"energy":24,"posx":13,"posy":2,"lastAction":0,"status":0}],"golds":[{"posx":0,"posy":0,"amount":650},{"posx":0,"posy":1,"amount":400},{"posx":1,"posy":1,"amount":700},{"posx":7,"posy":4,"amount":50},{"posx":6,"posy":5,"amount":100},{"posx":6,"posy":6,"amount":100},{"posx":9,"posy":7,"amount":300}],"changedObstacles":[]},{"players":[{"playerId":206247,"score":1550,"energy":19,"posx":1,"posy":0,"lastAction":2,"status":0},{"playerId":2241039,"score":1600,"energy":17,"posx":7,"posy":4,"lastAction":4,"status":0},{"playerId":1168092,"score":2125,"energy":13,"posx":7,"posy":4,"lastAction":5,"status":0},{"playerId":2294637,"score":1825,"energy":23,"posx":12,"posy":2,"lastAction":0,"status":0}],"golds":[{"posx":0,"posy":0,"amount":650},{"posx":0,"posy":1,"amount":400},{"posx":1,"posy":1,"amount":700},{"posx":6,"posy":5,"amount":100},{"posx":6,"posy":6,"amount":100},{"posx":9,"posy":7,"amount":300}],"changedObstacles":[{"type":0,"posx":7,"posy":4,"value":-1}]},{"players":[{"playerId":206247,"score":1550,"energy":15,"posx":0,"posy":0,"lastAction":0,"status":0},{"playerId":2241039,"score":1600,"energy":16,"posx":6,"posy":4,"lastAction":0,"status":0},{"playerId":1168092,"score":2125,"energy":12,"posx":6,"posy":4,"lastAction":0,"status":0},{"playerId":2294637,"score":1825,"energy":22,"posx":11,"posy":2,"lastAction":0,"status":0}],"golds":[{"posx":0,"posy":0,"amount":650},{"posx":0,"posy":1,"amount":400},{"posx":1,"posy":1,"amount":700},{"posx":6,"posy":5,"amount":100},{"posx":6,"posy":6,"amount":100},{"posx":9,"posy":7,"amount":300}],"changedObstacles":[]},{"players":[{"playerId":206247,"score":1600,"energy":10,"posx":0,"posy":0,"lastAction":5,"status":0},{"playerId":2241039,"score":1600,"energy":12,"posx":6,"posy":5,"lastAction":3,"status":0},{"playerId":1168092,"score":2125,"energy":8,"posx":6,"posy":5,"lastAction":3,"status":0},{"playerId":2294637,"score":1825,"energy":21,"posx":11,"posy":3,"lastAction":3,"status":0}],"golds":[{"posx":0,"posy":0,"amount":600},{"posx":0,"posy":1,"amount":400},{"posx":1,"posy":1,"amount":700},{"posx":6,"posy":5,"amount":100},{"posx":6,"posy":6,"amount":100},{"posx":9,"posy":7,"amount":300}],"changedObstacles":[]},{"players":[{"playerId":206247,"score":1650,"energy":5,"posx":0,"posy":0,"lastAction":5,"status":0},{"playerId":2241039,"score":1650,"energy":7,"posx":6,"posy":5,"lastAction":5,"status":0},{"playerId":1168092,"score":2175,"energy":3,"posx":6,"posy":5,"lastAction":5,"status":0},{"playerId":2294637,"score":1825,"energy":20,"posx":10,"posy":3,"lastAction":0,"status":0}],"golds":[{"posx":0,"posy":0,"amount":550},{"posx":0,"posy":1,"amount":400},{"posx":1,"posy":1,"amount":700},{"posx":6,"posy":6,"amount":100},{"posx":9,"posy":7,"amount":300}],"changedObstacles":[{"type":0,"posx":6,"posy":5,"value":-1}]},{"players":[{"playerId":206247,"score":1650,"energy":17,"posx":0,"posy":0,"lastAction":4,"status":0},{"playerId":2241039,"score":1650,"energy":19,"posx":6,"posy":5,"lastAction":4,"status":0},{"playerId":1168092,"score":2175,"energy":15,"posx":6,"posy":5,"lastAction":4,"status":0},{"playerId":2294637,"score":1825,"energy":19,"posx":9,"posy":3,"lastAction":0,"status":0}],"golds":[{"posx":0,"posy":0,"amount":550},{"posx":0,"posy":1,"amount":400},{"posx":1,"posy":1,"amount":700},{"posx":6,"posy":6,"amount":100},{"posx":9,"posy":7,"amount":300}],"changedObstacles":[]},{"players":[{"playerId":206247,"score":1650,"energy":33,"posx":0,"posy":0,"lastAction":4,"status":0},{"playerId":2241039,"score":1650,"energy":15,"posx":6,"posy":6,"lastAction":3,"status":0},{"playerId":1168092,"score":2175,"energy":11,"posx":6,"posy":6,"lastAction":3,"status":0},{"playerId":2294637,"score":1825,"energy":18,"posx":8,"posy":3,"lastAction":0,"status":0}],"golds":[{"posx":0,"posy":0,"amount":550},{"posx":0,"posy":1,"amount":400},{"posx":1,"posy":1,"amount":700},{"posx":6,"posy":6,"amount":100},{"posx":9,"posy":7,"amount":300}],"changedObstacles":[]},{"players":[{"playerId":206247,"score":1650,"energy":50,"posx":0,"posy":0,"lastAction":4,"status":0},{"playerId":2241039,"score":1700,"energy":10,"posx":6,"posy":6,"lastAction":5,"status":0},{"playerId":1168092,"score":2225,"energy":6,"posx":6,"posy":6,"lastAction":5,"status":0},{"playerId":2294637,"score":1825,"energy":17,"posx":7,"posy":3,"lastAction":0,"status":0}],"golds":[{"posx":0,"posy":0,"amount":550},{"posx":0,"posy":1,"amount":400},{"posx":1,"posy":1,"amount":700},{"posx":9,"posy":7,"amount":300}],"changedObstacles":[{"type":0,"posx":6,"posy":6,"value":-1}]},{"players":[{"playerId":206247,"score":1700,"energy":45,"posx":0,"posy":0,"lastAction":5,"status":0},{"playerId":2241039,"score":1700,"energy":22,"posx":6,"posy":6,"lastAction":4,"status":0},{"playerId":1168092,"score":2225,"energy":18,"posx":6,"posy":6,"lastAction":4,"status":0},{"playerId":2294637,"score":1825,"energy":16,"posx":6,"posy":3,"lastAction":0,"status":0}],"golds":[{"posx":0,"posy":0,"amount":500},{"posx":0,"posy":1,"amount":400},{"posx":1,"posy":1,"amount":700},{"posx":9,"posy":7,"amount":300}],"changedObstacles":[]},{"players":[{"playerId":206247,"score":1750,"energy":40,"posx":0,"posy":0,"lastAction":5,"status":0},{"playerId":2241039,"score":1700,"energy":12,"posx":7,"posy":6,"lastAction":1,"status":0},{"playerId":1168092,"score":2225,"energy":8,"posx":7,"posy":6,"lastAction":1,"status":0},{"playerId":2294637,"score":1825,"energy":15,"posx":5,"posy":3,"lastAction":0,"status":0}],"golds":[{"posx":0,"posy":0,"amount":450},{"posx":0,"posy":1,"amount":400},{"posx":1,"posy":1,"amount":700},{"posx":9,"posy":7,"amount":300}],"changedObstacles":[{"type":0,"posx":7,"posy":6,"value":-1}]},{"players":[{"playerId":206247,"score":1800,"energy":35,"posx":0,"posy":0,"lastAction":5,"status":0},{"playerId":2241039,"score":1700,"energy":7,"posx":8,"posy":6,"lastAction":1,"status":0},{"playerId":1168092,"score":2225,"energy":3,"posx":7,"posy":7,"lastAction":3,"status":0},{"playerId":2294637,"score":1825,"energy":14,"posx":4,"posy":3,"lastAction":0,"status":0}],"golds":[{"posx":0,"posy":0,"amount":400},{"posx":0,"posy":1,"amount":400},{"posx":1,"posy":1,"amount":700},{"posx":9,"posy":7,"amount":300}],"changedObstacles":[{"type":3,"posx":8,"posy":6,"value":-20},{"type":3,"posx":7,"posy":7,"value":-20}]},{"players":[{"playerId":206247,"score":1850,"energy":30,"posx":0,"posy":0,"lastAction":5,"status":0},{"playerId":2241039,"score":1700,"energy":19,"posx":8,"posy":6,"lastAction":4,"status":0},{"playerId":1168092,"score":2225,"energy":15,"posx":7,"posy":7,"lastAction":4,"status":0},{"playerId":2294637,"score":1825,"energy":13,"posx":3,"posy":3,"lastAction":0,"status":0}],"golds":[{"posx":0,"posy":0,"amount":350},{"posx":0,"posy":1,"amount":400},{"posx":1,"posy":1,"amount":700},{"posx":9,"posy":7,"amount":300}],"changedObstacles":[]},{"players":[{"playerId":206247,"score":1900,"energy":25,"posx":0,"posy":0,"lastAction":5,"status":0},{"playerId":2241039,"score":1700,"energy":35,"posx":8,"posy":6,"lastAction":4,"status":0},{"playerId":1168092,"score":2225,"energy":5,"posx":8,"posy":7,"lastAction":1,"status":0},{"playerId":2294637,"score":1825,"energy":12,"posx":3,"posy":2,"lastAction":2,"status":0}],"golds":[{"posx":0,"posy":0,"amount":300},{"posx":0,"posy":1,"amount":400},{"posx":1,"posy":1,"amount":700},{"posx":9,"posy":7,"amount":300}],"changedObstacles":[{"type":0,"posx":8,"posy":7,"value":-1}]},{"players":[{"playerId":206247,"score":1950,"energy":20,"posx":0,"posy":0,"lastAction":5,"status":0},{"playerId":2241039,"score":1700,"energy":25,"posx":9,"posy":6,"lastAction":1,"status":0},{"playerId":1168092,"score":2225,"energy":1,"posx":9,"posy":7,"lastAction":1,"status":0},{"playerId":2294637,"score":1825,"energy":11,"posx":2,"posy":2,"lastAction":0,"status":0}],"golds":[{"posx":0,"posy":0,"amount":250},{"posx":0,"posy":1,"amount":400},{"posx":1,"posy":1,"amount":700},{"posx":9,"posy":7,"amount":300}],"changedObstacles":[{"type":0,"posx":9,"posy":6,"value":-1}]},{"players":[{"playerId":206247,"score":2000,"energy":15,"posx":0,"posy":0,"lastAction":5,"status":0},{"playerId":2241039,"score":1700,"energy":21,"posx":9,"posy":7,"lastAction":3,"status":0},{"playerId":1168092,"score":2225,"energy":13,"posx":9,"posy":7,"lastAction":4,"status":0},{"playerId":2294637,"score":1825,"energy":1,"posx":2,"posy":1,"lastAction":2,"status":0}],"golds":[{"posx":0,"posy":0,"amount":200},{"posx":0,"posy":1,"amount":400},{"posx":1,"posy":1,"amount":700},{"posx":9,"posy":7,"amount":300}],"changedObstacles":[{"type":0,"posx":2,"posy":1,"value":-1}]},{"players":[{"playerId":206247,"score":2050,"energy":10,"posx":0,"posy":0,"lastAction":5,"status":0},{"playerId":2241039,"score":1750,"energy":16,"posx":9,"posy":7,"lastAction":5,"status":0},{"playerId":1168092,"score":2225,"energy":29,"posx":9,"posy":7,"lastAction":4,"status":0},{"playerId":2294637,"score":1825,"energy":13,"posx":2,"posy":1,"lastAction":4,"status":0}],"golds":[{"posx":0,"posy":0,"amount":150},{"posx":0,"posy":1,"amount":400},{"posx":1,"posy":1,"amount":700},{"posx":9,"posy":7,"amount":250}],"changedObstacles":[]},{"players":[{"playerId":206247,"score":2100,"energy":5,"posx":0,"posy":0,"lastAction":5,"status":0},{"playerId":2241039,"score":1800,"energy":11,"posx":9,"posy":7,"lastAction":5,"status":0},{"playerId":1168092,"score":2275,"energy":24,"posx":9,"posy":7,"lastAction":5,"status":0},{"playerId":2294637,"score":1825,"energy":29,"posx":2,"posy":1,"lastAction":4,"status":0}],"golds":[{"posx":0,"posy":0,"amount":100},{"posx":0,"posy":1,"amount":400},{"posx":1,"posy":1,"amount":700},{"posx":9,"posy":7,"amount":150}],"changedObstacles":[]},{"players":[{"playerId":206247,"score":2100,"energy":17,"posx":0,"posy":0,"lastAction":4,"status":0},{"playerId":2241039,"score":1850,"energy":6,"posx":9,"posy":7,"lastAction":5,"status":0},{"playerId":1168092,"score":2325,"energy":19,"posx":9,"posy":7,"lastAction":5,"status":0},{"playerId":2294637,"score":1825,"energy":50,"posx":2,"posy":1,"lastAction":4,"status":0}],"golds":[{"posx":0,"posy":0,"amount":100},{"posx":0,"posy":1,"amount":400},{"posx":1,"posy":1,"amount":700},{"posx":9,"posy":7,"amount":50}],"changedObstacles":[]},{"players":[{"playerId":206247,"score":2100,"energy":33,"posx":0,"posy":0,"lastAction":4,"status":0},{"playerId":2241039,"score":1875,"energy":1,"posx":9,"posy":7,"lastAction":5,"status":0},{"playerId":1168092,"score":2350,"energy":14,"posx":9,"posy":7,"lastAction":5,"status":0},{"playerId":2294637,"score":1825,"energy":46,"posx":1,"posy":1,"lastAction":0,"status":0}],"golds":[{"posx":0,"posy":0,"amount":100},{"posx":0,"posy":1,"amount":400},{"posx":1,"posy":1,"amount":700}],"changedObstacles":[{"type":0,"posx":9,"posy":7,"value":-1}]},{"players":[{"playerId":206247,"score":2100,"energy":50,"posx":0,"posy":0,"lastAction":4,"status":0},{"playerId":2241039,"score":1875,"energy":13,"posx":9,"posy":7,"lastAction":4,"status":0},{"playerId":1168092,"score":2350,"energy":13,"posx":9,"posy":6,"lastAction":2,"status":0},{"playerId":2294637,"score":1875,"energy":41,"posx":1,"posy":1,"lastAction":5,"status":0}],"golds":[{"posx":0,"posy":0,"amount":100},{"posx":0,"posy":1,"amount":400},{"posx":1,"posy":1,"amount":650}],"changedObstacles":[]},{"players":[{"playerId":206247,"score":2150,"energy":45,"posx":0,"posy":0,"lastAction":5,"status":0},{"playerId":2241039,"score":1875,"energy":12,"posx":9,"posy":6,"lastAction":2,"status":0},{"playerId":1168092,"score":2350,"energy":25,"posx":9,"posy":6,"lastAction":4,"status":0},{"playerId":2294637,"score":1925,"energy":36,"posx":1,"posy":1,"lastAction":5,"status":0}],"golds":[{"posx":0,"posy":0,"amount":50},{"posx":0,"posy":1,"amount":400},{"posx":1,"posy":1,"amount":600}],"changedObstacles":[]},{"players":[{"playerId":206247,"score":2200,"energy":40,"posx":0,"posy":0,"lastAction":5,"status":0},{"playerId":2241039,"score":1875,"energy":7,"posx":9,"posy":5,"lastAction":2,"status":0},{"playerId":1168092,"score":2350,"energy":5,"posx":8,"posy":6,"lastAction":0,"status":0},{"playerId":2294637,"score":1975,"energy":31,"posx":1,"posy":1,"lastAction":5,"status":0}],"golds":[{"posx":0,"posy":1,"amount":400},{"posx":1,"posy":1,"amount":550}],"changedObstacles":[{"type":3,"posx":9,"posy":5,"value":-20},{"type":3,"posx":8,"posy":6,"value":-40},{"type":0,"posx":0,"posy":0,"value":-1}]},{"players":[{"playerId":206247,"score":2200,"energy":36,"posx":0,"posy":1,"lastAction":3,"status":0},{"playerId":2241039,"score":1875,"energy":6,"posx":9,"posy":4,"lastAction":2,"status":0},{"playerId":1168092,"score":2350,"energy":4,"posx":7,"posy":6,"lastAction":0,"status":0},{"playerId":2294637,"score":2025,"energy":26,"posx":1,"posy":1,"lastAction":5,"status":0}],"golds":[{"posx":0,"posy":1,"amount":400},{"posx":1,"posy":1,"amount":500}],"changedObstacles":[]},{"players":[{"playerId":206247,"score":2250,"energy":31,"posx":0,"posy":1,"lastAction":5,"status":0},{"playerId":2241039,"score":1875,"energy":5,"posx":9,"posy":3,"lastAction":2,"status":0},{"playerId":1168092,"score":2350,"energy":16,"posx":7,"posy":6,"lastAction":4,"status":0},{"playerId":2294637,"score":2075,"energy":21,"posx":1,"posy":1,"lastAction":5,"status":0}],"golds":[{"posx":0,"posy":1,"amount":350},{"posx":1,"posy":1,"amount":450}],"changedObstacles":[]},{"players":[{"playerId":206247,"score":2300,"energy":26,"posx":0,"posy":1,"lastAction":5,"status":0},{"playerId":2241039,"score":1875,"energy":17,"posx":9,"posy":3,"lastAction":4,"status":0},{"playerId":1168092,"score":2350,"energy":6,"posx":7,"posy":5,"lastAction":2,"status":0},{"playerId":2294637,"score":2125,"energy":16,"posx":1,"posy":1,"lastAction":5,"status":0}],"golds":[{"posx":0,"posy":1,"amount":300},{"posx":1,"posy":1,"amount":400}],"changedObstacles":[{"type":0,"posx":7,"posy":5,"value":-1}]},{"players":[{"playerId":206247,"score":2350,"energy":21,"posx":0,"posy":1,"lastAction":5,"status":0},{"playerId":2241039,"score":1875,"energy":16,"posx":9,"posy":2,"lastAction":2,"status":0},{"playerId":1168092,"score":2350,"energy":5,"posx":7,"posy":4,"lastAction":2,"status":0},{"playerId":2294637,"score":2175,"energy":11,"posx":1,"posy":1,"lastAction":5,"status":0}],"golds":[{"posx":0,"posy":1,"amount":250},{"posx":1,"posy":1,"amount":350}],"changedObstacles":[]},{"players":[{"playerId":206247,"score":2400,"energy":16,"posx":0,"posy":1,"lastAction":5,"status":0},{"playerId":2241039,"score":1875,"energy":15,"posx":9,"posy":1,"lastAction":2,"status":0},{"playerId":1168092,"score":2350,"energy":4,"posx":7,"posy":3,"lastAction":2,"status":0},{"playerId":2294637,"score":2225,"energy":6,"posx":1,"posy":1,"lastAction":5,"status":0}],"golds":[{"posx":0,"posy":1,"amount":200},{"posx":1,"posy":1,"amount":300}],"changedObstacles":[]},{"players":[{"playerId":206247,"score":2450,"energy":11,"posx":0,"posy":1,"lastAction":5,"status":0},{"playerId":2241039,"score":1875,"energy":14,"posx":8,"posy":1,"lastAction":0,"status":0},{"playerId":1168092,"score":2350,"energy":3,"posx":6,"posy":3,"lastAction":0,"status":0},{"playerId":2294637,"score":2225,"energy":18,"posx":1,"posy":1,"lastAction":4,"status":0}],"golds":[{"posx":0,"posy":1,"amount":150},{"posx":1,"posy":1,"amount":300}],"changedObstacles":[]}]