[{"players":[{"playerId":2619262,"score":0,"energy":49,"posx":2,"posy":7,"lastAction":2,"status":0},{"playerId":277917,"score":0,"energy":49,"posx":2,"posy":7,"lastAction":2,"status":0},{"playerId":75082,"score":0,"energy":49,"posx":3,"posy":8,"lastAction":1,"status":0},{"playerId":2238718,"score":0,"energy":49,"posx":2,"posy":7,"lastAction":2,"status":0}],"golds":[{"posx":14,"posy":7,"amount":150},{"posx":2,"posy":2,"amount":350},{"posx":18,"posy":6,"amount":550},{"posx":11,"posy":8,"amount":450},{"posx":10,"posy":5,"amount":400},{"posx":15,"posy":3,"amount":400},{"posx":13,"posy":1,"amount":400},{"posx":16,"posy":7,"amount":450},{"posx":14,"posy":4,"amount":300},{"posx":7,"posy":1,"amount":100},{"posx":2,"posy":5,"amount":100},{"posx":9,"posy":0,"amount":400},{"posx":9,"posy":8,"amount":50},{"posx":0,"posy":3,"amount":50},{"posx":13,"posy":6,"amount":50},{"posx":18,"posy":3,"amount":450},{"posx":10,"posy":3,"amount":150},{"posx":16,"posy":4,"amount":350},{"posx":3,"posy":7,"amount":750},{"posx":11,"posy":3,"amount":650}],"changedObstacles":[]},{"players":[{"playerId":2619262,"score":0,"energy":45,"posx":3,"posy":7,"lastAction":1,"status":0},{"playerId":277917,"score":0,"energy":45,"posx":3,"posy":7,"lastAction":1,"status":0},{"playerId":75082,"score":0,"energy":45,"posx":3,"posy":7,"lastAction":2,"status":0},{"playerId":2238718,"score":0,"energy":48,"posx":2,"posy":6,"lastAction":2,"status":0}],"golds":[{"posx":14,"posy":7,"amount":150},{"posx":2,"posy":2,"amount":350},{"posx":18,"posy":6,"amount":550},{"posx":11,"posy":8,"amount":450},{"posx":10,"posy":5,"amount":400},{"posx":15,"posy":3,"amount":400},{"posx":13,"posy":1,"amount":400},{"posx":16,"posy":7,"amount":450},{"posx":14,"posy":4,"amount":300},{"posx":7,"posy":1,"amount":100},{"posx":2,"posy":5,"amount":100},{"posx":9,"posy":0,"amount":400},{"posx":9,"posy":8,"amount":50},{"posx":0,"posy":3,"amount":50},{"posx":13,"posy":6,"amount":50},{"posx":18,"posy":3,"amount":450},{"posx":10,"posy":3,"amount":150},{"posx":16,"posy":4,"amount":350},{"posx":3,"posy":7,"amount":750},{"posx":11,"posy":3,"amount":650}],"changedObstacles":[]},{"players":[{"playerId":2619262,"score":50,"energy":40,"posx":3,"posy":7,"lastAction":5,"status":0},{"playerId":277917,"score":50,"energy":40,"posx":3,"posy":7,"lastAction":5,"status":0},{"playerId":75082,"score":50,"energy":40,"posx":3,"posy":7,"lastAction":5,"status":0},{"playerId":2238718,"score":0,"energy":47,"posx":3,"posy":6,"lastAction":1,"status":0}],"golds":[{"posx":9,"posy":0,"amount":400},{"posx":7,"posy":1,"amount":100},{"posx":13,"posy":1,"amount":400},{"posx":2,"posy":2,"amount":350},{"posx":0,"posy":3,"amount":50},{"posx":10,"posy":3,"amount":150},{"posx":11,"posy":3,"amount":650},{"posx":15,"posy":3,"amount":400},{"posx":18,"posy":3,"amount":450},{"posx":14,"posy":4,"amount":300},{"posx":16,"posy":4,"amount":350},{"posx":2,"posy":5,"amount":100},{"posx":10,"posy":5,"amount":400},{"posx":13,"posy":6,"amount":50},{"posx":18,"posy":6,"amount":550},{"posx":3,"posy":7,"amount":600},{"posx":14,"posy":7,"amount":150},{"posx":16,"posy":7,"amount":450},{"posx":9,"posy":8,"amount":50},{"posx":11,"posy":8,"amount":450}],"changedObstacles":[]},{"players":[{"playerId":2619262,"score":100,"energy":35,"posx":3,"posy":7,"lastAction":5,"status":0},{"playerId":277917,"score":100,"energy":35,"posx":3,"posy":7,"lastAction":5,"status":0},{"playerId":75082,"score":100,"energy":35,"posx":3,"posy":7,"lastAction":5,"status":0},{"playerId":2238718,"score":0,"energy":46,"posx":3,"posy":5,"lastAction":2,"status":0}],"golds":[{"posx":9,"posy":0,"amount":400},{"posx":7,"posy":1,"amount":100},{"posx":13,"posy":1,"amount":400},{"posx":2,"posy":2,"amount":350},{"posx":0,"posy":3,"amount":50},{"posx":10,"posy":3,"amount":150},{"posx":11,"posy":3,"amount":650},{"posx":15,"posy":3,"amount":400},{"posx":18,"posy":3,"amount":450},{"posx":14,"posy":4,"amount":300},{"posx":16,"posy":4,"amount":350},{"posx":2,"posy":5,"amount":100},{"posx":10,"posy":5,"amount":400},{"posx":13,"posy":6,"amount":50},{"posx":18,"posy":6,"amount":550},{"posx":3,"posy":7,"amount":450},{"posx":14,"posy":7,"amount":150},{"posx":16,"posy":7,"amount":450},{"posx":9,"posy":8,"amount":50},{"posx":11,"posy":8,"amount":450}],"changedObstacles":[]},{"players":[{"playerId":2619262,"score":150,"energy":30,"posx":3,"posy":7,"lastAction":5,"status":0},{"playerId":277917,"score":150,"energy":30,"posx":3,"posy":7,"lastAction":5,"status":0},{"playerId":75082,"score":150,"energy":30,"posx":3,"posy":7,"lastAction":5,"status":0},{"playerId":2238718,"score":0,"energy":45,"posx":4,"posy":5,"lastAction":1,"status":0}],"golds":[{"posx":9,"posy":0,"amount":400},{"posx":7,"posy":1,"amount":100},{"posx":13,"posy":1,"amount":400},{"posx":2,"posy":2,"amount":350},{"posx":0,"posy":3,"amount":50},{"posx":10,"posy":3,"amount":150},{"posx":11,"posy":3,"amount":650},{"posx":15,"posy":3,"amount":400},{"posx":18,"posy":3,"amount":450},{"posx":14,"posy":4,"amount":300},{"posx":16,"posy":4,"amount":350},{"posx":2,"posy":5,"amount":100},{"posx":10,"posy":5,"amount":400},{"posx":13,"posy":6,"amount":50},{"posx":18,"posy":6,"amount":550},{"posx":3,"posy":7,"amount":300},{"posx":14,"posy":7,"amount":150},{"posx":16,"posy":7,"amount":450},{"posx":9,"posy":8,"amount":50},{"posx":11,"posy":8,"amount":450}],"changedObstacles":[]},{"players":[{"playerId":2619262,"score":200,"energy":25,"posx":3,"posy":7,"lastAction":5,"status":0},{"playerId":277917,"score":200,"energy":25,"posx":3,"posy":7,"lastAction":5,"status":0},{"playerId":75082,"score":200,"energy":25,"posx":3,"posy":7,"lastAction":5,"status":0},{"playerId":2238718,"score":0,"energy":44,"posx":5,"posy":5,"lastAction":1,"status":0}],"golds":[{"posx":9,"posy":0,"amount":400},{"posx":7,"posy":1,"amount":100},{"posx":13,"posy":1,"amount":400},{"posx":2,"posy":2,"amount":350},{"posx":0,"posy":3,"amount":50},{"posx":10,"posy":3,"amount":150},{"posx":11,"posy":3,"amount":650},{"posx":15,"posy":3,"amount":400},{"posx":18,"posy":3,"amount":450},{"posx":14,"posy":4,"amount":300},{"posx":16,"posy":4,"amount":350},{"posx":2,"posy":5,"amount":100},{"posx":10,"posy":5,"amount":400},{"posx":13,"posy":6,"amount":50},{"posx":18,"posy":6,"amount":550},{"posx":3,"posy":7,"amount":150},{"posx":14,"posy":7,"amount":150},{"posx":16,"posy":7,"amount":450},{"posx":9,"posy":8,"amount":50},{"posx":11,"posy":8,"amount":450}],"changedObstacles":[]},{"players":[{"playerId":2619262,"score":250,"energy":20,"posx":3,"posy":7,"lastAction":5,"status":0},{"playerId":277917,"score":250,"energy":20,"posx":3,"posy":7,"lastAction":5,"status":0},{"playerId":75082,"score":250,"energy":20,"posx":3,"posy":7,"lastAction":5,"status":0},{"playerId":2238718,"score":0,"energy":43,"posx":6,"posy":5,"lastAction":1,"status":0}],"golds":[{"posx":9,"posy":0,"amount":400},{"posx":7,"posy":1,"amount":100},{"posx":13,"posy":1,"amount":400},{"posx":2,"posy":2,"amount":350},{"posx":0,"posy":3,"amount":50},{"posx":10,"posy":3,"amount":150},{"posx":11,"posy":3,"amount":650},{"posx":15,"posy":3,"amount":400},{"posx":18,"posy":3,"amount":450},{"posx":14,"posy":4,"amount":300},{"posx":16,"posy":4,"amount":350},{"posx":2,"posy":5,"amount":100},{"posx":10,"posy":5,"amount":400},{"posx":13,"posy":6,"amount":50},{"posx":18,"posy":6,"amount":550},{"posx":14,"posy":7,"amount":150},{"posx":16,"posy":7,"amount":450},{"posx":9,"posy":8,"amount":50},{"posx":11,"posy":8,"amount":450}],"changedObstacles":[{"type":0,"posx":3,"posy":7,"value":-1}]},{"players":[{"playerId":2619262,"score":250,"energy":19,"posx":4,"posy":7,"lastAction":1,"status":0},{"playerId":277917,"score":250,"energy":19,"posx":3,"posy":6,"lastAction":2,"status":0},{"playerId":75082,"score":250,"energy":19,"posx":4,"posy":7,"lastAction":1,"status":0},{"playerId":2238718,"score":0,"energy":42,"posx":6,"posy":4,"lastAction":2,"status":0}],"golds":[{"posx":9,"posy":0,"amount":400},{"posx":7,"posy":1,"amount":100},{"posx":13,"posy":1,"amount":400},{"posx":2,"posy":2,"amount":350},{"posx":0,"posy":3,"amount":50},{"posx":10,"posy":3,"amount":150},{"posx":11,"posy":3,"amount":650},{"posx":15,"posy":3,"amount":400},{"posx":18,"posy":3,"amount":450},{"posx":14,"posy":4,"amount":300},{"posx":16,"posy":4,"amount":350},{"posx":2,"posy":5,"amount":100},{"posx":10,"posy":5,"amount":400},{"posx":13,"posy":6,"amount":50},{"posx":18,"posy":6,"amount":550},{"posx":14,"posy":7,"amount":150},{"posx":16,"posy":7,"amount":450},{"posx":9,"posy":8,"amount":50},{"posx":11,"posy":8,"amount":450}],"changedObstacles":[]},{"players":[{"playerId":2619262,"score":250,"energy":18,"posx":5,"posy":7,"lastAction":1,"status":0},{"playerId":277917,"score":250,"energy":18,"posx":3,"posy":5,"lastAction":2,"status":0},{"playerId":75082,"score":250,"energy":18,"posx":5,"posy":7,"lastAction":1,"status":0},{"playerId":2238718,"score":0,"energy":41,"posx":7,"posy":4,"lastAction":1,"status":0}],"golds":[{"posx":9,"posy":0,"amount":400},{"posx":7,"posy":1,"amount":100},{"posx":13,"posy":1,"amount":400},{"posx":2,"posy":2,"amount":350},{"posx":0,"posy":3,"amount":50},{"posx":10,"posy":3,"amount":150},{"posx":11,"posy":3,"amount":650},{"posx":15,"posy":3,"amount":400},{"posx":18,"posy":3,"amount":450},{"posx":14,"posy":4,"amount":300},{"posx":16,"posy":4,"amount":350},{"posx":2,"posy":5,"amount":100},{"posx":10,"posy":5,"amount":400},{"posx":13,"posy":6,"amount":50},{"posx":18,"posy":6,"amount":550},{"posx":14,"posy":7,"amount":150},{"posx":16,"posy":7,"amount":450},{"posx":9,"posy":8,"amount":50},{"posx":11,"posy":8,"amount":450}],"changedObstacles":[]},{"players":[{"playerId":2619262,"score":250,"energy":17,"posx":6,"posy":7,"lastAction":1,"status":0},{"playerId":277917,"score":250,"energy":17,"posx":4,"posy":5,"lastAction":1,"status":0},{"playerId":75082,"score":250,"energy":17,"posx":6,"posy":7,"lastAction":1,"status":0},{"playerId":2238718,"score":0,"energy":40,"posx":8,"posy":4,"lastAction":1,"status":0}],"golds":[{"posx":9,"posy":0,"amount":400},{"posx":7,"posy":1,"amount":100},{"posx":13,"posy":1,"amount":400},{"posx":2,"posy":2,"amount":350},{"posx":0,"posy":3,"amount":50},{"posx":10,"posy":3,"amount":150},{"posx":11,"posy":3,"amount":650},{"posx":15,"posy":3,"amount":400},{"posx":18,"posy":3,"amount":450},{"posx":14,"posy":4,"amount":300},{"posx":16,"posy":4,"amount":350},{"posx":2,"posy":5,"amount":100},{"posx":10,"posy":5,"amount":400},{"posx":13,"posy":6,"amount":50},{"posx":18,"posy":6,"amount":550},{"posx":14,"posy":7,"amount":150},{"posx":16,"posy":7,"amount":450},{"posx":9,"posy":8,"amount":50},{"posx":11,"posy":8,"amount":450}],"changedObstacles":[]},{"players":[{"playerId":2619262,"score":250,"energy":16,"posx":7,"posy":7,"lastAction":1,"status":0},{"playerId":277917,"score":250,"energy":16,"posx":5,"posy":5,"lastAction":1,"status":0},{"playerId":75082,"score":250,"energy":16,"posx":7,"posy":7,"lastAction":1,"status":0},{"playerId":2238718,"score":0,"energy":39,"posx":9,"posy":4,"lastAction":1,"status":0}],"golds":[{"posx":9,"posy":0,"amount":400},{"posx":7,"posy":1,"amount":100},{"posx":13,"posy":1,"amount":400},{"posx":2,"posy":2,"amount":350},{"posx":0,"posy":3,"amount":50},{"posx":10,"posy":3,"amount":150},{"posx":11,"posy":3,"amount":650},{"posx":15,"posy":3,"amount":400},{"posx":18,"posy":3,"amount":450},{"posx":14,"posy":4,"amount":300},{"posx":16,"posy":4,"amount":350},{"posx":2,"posy":5,"amount":100},{"posx":10,"posy":5,"amount":400},{"posx":13,"posy":6,"amount":50},{"posx":18,"posy":6,"amount":550},{"posx":14,"posy":7,"amount":150},{"posx":16,"posy":7,"amount":450},{"posx":9,"posy":8,"amount":50},{"posx":11,"posy":8,"amount":450}],"changedObstacles":[]},{"players":[{"playerId":2619262,"score":250,"energy":15,"posx":8,"posy":7,"lastAction":1,"status":0},{"playerId":277917,"score":250,"energy":15,"posx":6,"posy":5,"lastAction":1,"status":0},{"playerId":75082,"score":250,"energy":15,"posx":8,"posy":7,"lastAction":1,"status":0},{"playerId":2238718,"score":0,"energy":38,"posx":10,"posy":4,"lastAction":1,"status":0}],"golds":[{"posx":9,"posy":0,"amount":400},{"posx":7,"posy":1,"amount":100},{"posx":13,"posy":1,"amount":400},{"posx":2,"posy":2,"amount":350},{"posx":0,"posy":3,"amount":50},{"posx":10,"posy":3,"amount":150},{"posx":11,"posy":3,"amount":650},{"posx":15,"posy":3,"amount":400},{"posx":18,"posy":3,"amount":450},{"posx":14,"posy":4,"amount":300},{"posx":16,"posy":4,"amount":350},{"posx":2,"posy":5,"amount":100},{"posx":10,"posy":5,"amount":400},{"posx":13,"posy":6,"amount":50},{"posx":18,"posy":6,"amount":550},{"posx":14,"posy":7,"amount":150},{"posx":16,"posy":7,"amount":450},{"posx":9,"posy":8,"amount":50},{"posx":11,"posy":8,"amount":450}],"changedObstacles":[]},{"players":[{"playerId":2619262,"score":250,"energy":14,"posx":9,"posy":7,"lastAction":1,"status":0},{"playerId":277917,"score":250,"energy":14,"posx":7,"posy":5,"lastAction":1,"status":0},{"playerId":75082,"score":250,"energy":14,"posx":9,"posy":7,"lastAction":1,"status":0},{"playerId":2238718,"score":0,"energy":34,"posx":10,"posy":3,"lastAction":2,"status":0}],"golds":[{"posx":9,"posy":0,"amount":400},{"posx":7,"posy":1,"amount":100},{"posx":13,"posy":1,"amount":400},{"posx":2,"posy":2,"amount":350},{"posx":0,"posy":3,"amount":50},{"posx":10,"posy":3,"amount":150},{"posx":11,"posy":3,"amount":650},{"posx":15,"posy":3,"amount":400},{"posx":18,"posy":3,"amount":450},{"posx":14,"posy":4,"amount":300},{"posx":16,"posy":4,"amount":350},{"posx":2,"posy":5,"amount":100},{"posx":10,"posy":5,"amount":400},{"posx":13,"posy":6,"amount":50},{"posx":18,"posy":6,"amount":550},{"posx":14,"posy":7,"amount":150},{"posx":16,"posy":7,"amount":450},{"posx":9,"posy":8,"amount":50},{"posx":11,"posy":8,"amount":450}],"changedObstacles":[]},{"players":[{"playerId":2619262,"score":250,"energy":13,"posx":10,"posy":7,"lastAction":1,"status":0},{"playerId":277917,"score":250,"energy":13,"posx":8,"posy":5,"lastAction":1,"status":0},{"playerId":75082,"score":250,"energy":13,"posx":10,"posy":7,"lastAction":1,"status":0},{"playerId":2238718,"score":50,"energy":29,"posx":10,"posy":3,"lastAction":5,"status":0}],"golds":[{"posx":9,"posy":0,"amount":400},{"posx":7,"posy":1,"amount":100},{"posx":13,"posy":1,"amount":400},{"posx":2,"posy":2,"amount":350},{"posx":0,"posy":3,"amount":50},{"posx":10,"posy":3,"amount":100},{"posx":11,"posy":3,"amount":650},{"posx":15,"posy":3,"amount":400},{"posx":18,"posy":3,"amount":450},{"posx":14,"posy":4,"amount":300},{"posx":16,"posy":4,"amount":350},{"posx":2,"posy":5,"amount":100},{"posx":10,"posy":5,"amount":400},{"posx":13,"posy":6,"amount":50},{"posx":18,"posy":6,"amount":550},{"posx":14,"posy":7,"amount":150},{"posx":16,"posy":7,"amount":450},{"posx":9,"posy":8,"amount":50},{"posx":11,"posy":8,"amount":450}],"changedObstacles":[]},{"players":[{"playerId":2619262,"score":250,"energy":12,"posx":10,"posy":6,"lastAction":2,"status":0},{"playerId":277917,"score":250,"energy":12,"posx":9,"posy":5,"lastAction":1,"status":0},{"playerId":75082,"score":250,"energy":12,"posx":11,"posy":7,"lastAction":1,"status":0},{"playerId":2238718,"score":100,"energy":24,"posx":10,"posy":3,"lastAction":5,"status":0}],"golds":[{"posx":9,"posy":0,"amount":400},{"posx":7,"posy":1,"amount":100},{"posx":13,"posy":1,"amount":400},{"posx":2,"posy":2,"amount":350},{"posx":0,"posy":3,"amount":50},{"posx":10,"posy":3,"amount":50},{"posx":11,"posy":3,"amount":650},{"posx":15,"posy":3,"amount":400},{"posx":18,"posy":3,"amount":450},{"posx":14,"posy":4,"amount":300},{"posx":16,"posy":4,"amount":350},{"posx":2,"posy":5,"amount":100},{"posx":10,"posy":5,"amount":400},{"posx":13,"posy":6,"amount":50},{"posx":18,"posy":6,"amount":550},{"posx":14,"posy":7,"amount":150},{"posx":16,"posy":7,"amount":450},{"posx":9,"posy":8,"amount":50},{"posx":11,"posy":8,"amount":450}],"changedObstacles":[]},{"players":[{"playerId":2619262,"score":250,"energy":11,"posx":11,"posy":6,"lastAction":1,"status":0},{"playerId":277917,"score":250,"energy":8,"posx":10,"posy":5,"lastAction":1,"status":0},{"playerId":75082,"score":250,"energy":8,"posx":11,"posy":8,"lastAction":3,"status":0},{"playerId":2238718,"score":150,"energy":19,"posx":10,"posy":3,"lastAction":5,"status":0}],"golds":[{"posx":9,"posy":0,"amount":400},{"posx":7,"posy":1,"amount":100},{"posx":13,"posy":1,"amount":400},{"posx":2,"posy":2,"amount":350},{"posx":0,"posy":3,"amount":50},{"posx":11,"posy":3,"amount":650},{"posx":15,"posy":3,"amount":400},{"posx":18,"posy":3,"amount":450},{"posx":14,"posy":4,"amount":300},{"posx":16,"posy":4,"amount":350},{"posx":2,"posy":5,"amount":100},{"posx":10,"posy":5,"amount":400},{"posx":13,"posy":6,"amount":50},{"posx":18,"posy":6,"amount":550},{"posx":14,"posy":7,"amount":150},{"posx":16,"posy":7,"amount":450},{"posx":9,"posy":8,"amount":50},{"posx":11,"posy":8,"amount":450}],"changedObstacles":[{"type":0,"posx":10,"posy":3,"value":-1}]},{"players":[{"playerId":2619262,"score":250,"energy":1,"posx":11,"posy":5,"lastAction":2,"status":0},{"playerId":277917,"score":300,"energy":3,"posx":10,"posy":5,"lastAction":5,"status":0},{"playerId":75082,"score":300,"energy":3,"posx":11,"posy":8,"lastAction":5,"status":0},{"playerId":2238718,"score":150,"energy":18,"posx":10,"posy":4,"lastAction":3,"status":0}],"golds":[{"posx":9,"posy":0,"amount":400},{"posx":7,"posy":1,"amount":100},{"posx":13,"posy":1,"amount":400},{"posx":2,"posy":2,"amount":350},{"posx":0,"posy":3,"amount":50},{"posx":11,"posy":3,"amount":650},{"posx":15,"posy":3,"amount":400},{"posx":18,"posy":3,"amount":450},{"posx":14,"posy":4,"amount":300},{"posx":16,"posy":4,"amount":350},{"posx":2,"posy":5,"amount":100},{"posx":10,"posy":5,"amount":350},{"posx":13,"posy":6,"amount":50},{"posx":18,"posy":6,"amount":550},{"posx":14,"posy":7,"amount":150},{"posx":16,"posy":7,"amount":450},{"posx":9,"posy":8,"amount":50},{"posx":11,"posy":8,"amount":400}],"changedObstacles":[{"type":0,"posx":11,"posy":5,"value":-1}]},{"players":[{"playerId":2619262,"score":250,"energy":13,"posx":11,"posy":5,"lastAction":4,"status":0},{"playerId":277917,"score":300,"energy":15,"posx":10,"posy":5,"lastAction":4,"status":0},{"playerId":75082,"score":300,"energy":15,"posx":11,"posy":8,"lastAction":4,"status":0},{"playerId":2238718,"score":150,"energy":17,"posx":11,"posy":4,"lastAction":1,"status":0}],"golds":[{"posx":9,"posy":0,"amount":400},{"posx":7,"posy":1,"amount":100},{"posx":13,"posy":1,"amount":400},{"posx":2,"posy":2,"amount":350},{"posx":0,"posy":3,"amount":50},{"posx":11,"posy":3,"amount":650},{"posx":15,"posy":3,"amount":400},{"posx":18,"posy":3,"amount":450},{"posx":14,"posy":4,"amount":300},{"posx":16,"posy":4,"amount":350},{"posx":2,"posy":5,"amount":100},{"posx":10,"posy":5,"amount":350},{"posx":13,"posy":6,"amount":50},{"posx":18,"posy":6,"amount":550},{"posx":14,"posy":7,"amount":150},{"posx":16,"posy":7,"amount":450},{"posx":9,"posy":8,"amount":50},{"posx":11,"posy":8,"amount":400}],"changedObstacles":[]},{"players":[{"playerId":2619262,"score":250,"energy":12,"posx":11,"posy":4,"lastAction":2,"status":0},{"playerId":277917,"score":300,"energy":31,"posx":10,"posy":5,"lastAction":4,"status":0},{"playerId":75082,"score":300,"energy":31,"posx":11,"posy":8,"lastAction":4,"status":0},{"playerId":2238718,"score":150,"energy":16,"posx":11,"posy":5,"lastAction":3,"status":0}],"golds":[{"posx":9,"posy":0,"amount":400},{"posx":7,"posy":1,"amount":100},{"posx":13,"posy":1,"amount":400},{"posx":2,"posy":2,"amount":350},{"posx":0,"posy":3,"amount":50},{"posx":11,"posy":3,"amount":650},{"posx":15,"posy":3,"amount":400},{"posx":18,"posy":3,"amount":450},{"posx":14,"posy":4,"amount":300},{"posx":16,"posy":4,"amount":350},{"posx":2,"posy":5,"amount":100},{"posx":10,"posy":5,"amount":350},{"posx":13,"posy":6,"amount":50},{"posx":18,"posy":6,"amount":550},{"posx":14,"posy":7,"amount":150},{"posx":16,"posy":7,"amount":450},{"posx":9,"posy":8,"amount":50},{"posx":11,"posy":8,"amount":400}],"changedObstacles":[]},{"players":[{"playerId":2619262,"score":250,"energy":8,"posx":11,"posy":3,"lastAction":2,"status":0},{"playerId":277917,"score":300,"energy":50,"posx":10,"posy":5,"lastAction":4,"status":0},{"playerId":75082,"score":300,"energy":50,"posx":11,"posy":8,"lastAction":4,"status":0},{"playerId":2238718,"score":150,"energy":15,"posx":12,"posy":5,"lastAction":1,"status":0}],"golds":[{"posx":9,"posy":0,"amount":400},{"posx":7,"posy":1,"amount":100},{"posx":13,"posy":1,"amount":400},{"posx":2,"posy":2,"amount":350},{"posx":0,"posy":3,"amount":50},{"posx":11,"posy":3,"amount":650},{"posx":15,"posy":3,"amount":400},{"posx":18,"posy":3,"amount":450},{"posx":14,"posy":4,"amount":300},{"posx":16,"posy":4,"amount":350},{"posx":2,"posy":5,"amount":100},{"posx":10,"posy":5,"amount":350},{"posx":13,"posy":6,"amount":50},{"posx":18,"posy":6,"amount":550},{"posx":14,"posy":7,"amount":150},{"posx":16,"posy":7,"amount":450},{"posx":9,"posy":8,"amount":50},{"posx":11,"posy":8,"amount":400}],"changedObstacles":[]},{"players":[{"playerId":2619262,"score":300,"energy":3,"posx":11,"posy":3,"lastAction":5,"status":0},{"playerId":277917,"score":350,"energy":45,"posx":10,"posy":5,"lastAction":5,"status":0},{"playerId":75082,"score":350,"energy":45,"posx":11,"posy":8,"lastAction":5,"status":0},{"playerId":2238718,"score":150,"energy":14,"posx":13,"posy":5,"lastAction":1,"status":0}],"golds":[{"posx":9,"posy":0,"amount":400},{"posx":7,"posy":1,"amount":100},{"posx":13,"posy":1,"amount":400},{"posx":2,"posy":2,"amount":350},{"posx":0,"posy":3,"amount":50},{"posx":11,"posy":3,"amount":600},{"posx":15,"posy":3,"amount":400},{"posx":18,"posy":3,"amount":450},{"posx":14,"posy":4,"amount":300},{"posx":16,"posy":4,"amount":350},{"posx":2,"posy":5,"amount":100},{"posx":10,"posy":5,"amount":300},{"posx":13,"posy":6,"amount":50},{"posx":18,"posy":6,"amount":550},{"posx":14,"posy":7,"amount":150},{"posx":16,"posy":7,"amount":450},{"posx":9,"posy":8,"amount":50},{"posx":11,"posy":8,"amount":350}],"changedObstacles":[]},{"players":[{"playerId":2619262,"score":300,"energy":15,"posx":11,"posy":3,"lastAction":4,"status":0},{"playerId":277917,"score":400,"energy":40,"posx":10,"posy":5,"lastAction":5,"status":0},{"playerId":75082,"score":400,"energy":40,"posx":11,"posy":8,"lastAction":5,"status":0},{"playerId":2238718,"score":150,"energy":10,"posx":13,"posy":6,"lastAction":3,"status":0}],"golds":[{"posx":9,"posy":0,"amount":400},{"posx":7,"posy":1,"amount":100},{"posx":13,"posy":1,"amount":400},{"posx":2,"posy":2,"amount":350},{"posx":0,"posy":3,"amount":50},{"posx":11,"posy":3,"amount":600},{"posx":15,"posy":3,"amount":400},{"posx":18,"posy":3,"amount":450},{"posx":14,"posy":4,"amount":300},{"posx":16,"posy":4,"amount":350},{"posx":2,"posy":5,"amount":100},{"posx":10,"posy":5,"amount":250},{"posx":13,"posy":6,"amount":50},{"posx":18,"posy":6,"amount":550},{"posx":14,"posy":7,"amount":150},{"posx":16,"posy":7,"amount":450},{"posx":9,"posy":8,"amount":50},{"posx":11,"posy":8,"amount":300}],"changedObstacles":[]},{"players":[{"playerId":2619262,"score":350,"energy":10,"posx":11,"posy":3,"lastAction":5,"status":0},{"playerId":277917,"score":450,"energy":35,"posx":10,"posy":5,"lastAction":5,"status":0},{"playerId":75082,"score":450,"energy":35,"posx":11,"posy":8,"lastAction":5,"status":0},{"playerId":2238718,"score":150,"energy":22,"posx":13,"posy":6,"lastAction":4,"status":0}],"golds":[{"posx":9,"posy":0,"amount":400},{"posx":7,"posy":1,"amount":100},{"posx":13,"posy":1,"amount":400},{"posx":2,"posy":2,"amount":350},{"posx":0,"posy":3,"amount":50},{"posx":11,"posy":3,"amount":550},{"posx":15,"posy":3,"amount":400},{"posx":18,"posy":3,"amount":450},{"posx":14,"posy":4,"amount":300},{"posx":16,"posy":4,"amount":350},{"posx":2,"posy":5,"amount":100},{"posx":10,"posy":5,"amount":200},{"posx":13,"posy":6,"amount":50},{"posx":18,"posy":6,"amount":550},{"posx":14,"posy":7,"amount":150},{"posx":16,"posy":7,"amount":450},{"posx":9,"posy":8,"amount":50},{"posx":11,"posy":8,"amount":250}],"changedObstacles":[]},{"players":[{"playerId":2619262,"score":400,"energy":5,"posx":11,"posy":3,"lastAction":5,"status":0},{"playerId":277917,"score":500,"energy":30,"posx":10,"posy":5,"lastAction":5,"status":0},{"playerId":75082,"score":500,"energy":30,"posx":11,"posy":8,"lastAction":5,"status":0},{"playerId":2238718,"score":200,"energy":17,"posx":13,"posy":6,"lastAction":5,"status":0}],"golds":[{"posx":9,"posy":0,"amount":400},{"posx":7,"posy":1,"amount":100},{"posx":13,"posy":1,"amount":400},{"posx":2,"posy":2,"amount":350},{"posx":0,"posy":3,"amount":50},{"posx":11,"posy":3,"amount":500},{"posx":15,"posy":3,"amount":400},{"posx":18,"posy":3,"amount":450},{"posx":14,"posy":4,"amount":300},{"posx":16,"posy":4,"amount":350},{"posx":2,"posy":5,"amount":100},{"posx":10,"posy":5,"amount":150},{"posx":18,"posy":6,"amount":550},{"posx":14,"posy":7,"amount":150},{"posx":16,"posy":7,"amount":450},{"posx":9,"posy":8,"amount":50},{"posx":11,"posy":8,"amount":200}],"changedObstacles":[{"type":0,"posx":13,"posy":6,"value":-1}]},{"players":[{"playerId":2619262,"score":400,"energy":17,"posx":11,"posy":3,"lastAction":4,"status":0},{"playerId":277917,"score":550,"energy":25,"posx":10,"posy":5,"lastAction":5,"status":0},{"playerId":75082,"score":550,"energy":25,"posx":11,"posy":8,"lastAction":5,"status":0},{"playerId":2238718,"score":200,"energy":16,"posx":13,"posy":7,"lastAction":3,"status":0}],"golds":[{"posx":9,"posy":0,"amount":400},{"posx":7,"posy":1,"amount":100},{"posx":13,"posy":1,"amount":400},{"posx":2,"posy":2,"amount":350},{"posx":0,"posy":3,"amount":50},{"posx":11,"posy":3,"amount":500},{"posx":15,"posy":3,"amount":400},{"posx":18,"posy":3,"amount":450},{"posx":14,"posy":4,"amount":300},{"posx":16,"posy":4,"amount":350},{"posx":2,"posy":5,"amount":100},{"posx":10,"posy":5,"amount":100},{"posx":18,"posy":6,"amount":550},{"posx":14,"posy":7,"amount":150},{"posx":16,"posy":7,"amount":450},{"posx":9,"posy":8,"amount":50},{"posx":11,"posy":8,"amount":150}],"changedObstacles":[]},{"players":[{"playerId":2619262,"score":450,"energy":12,"posx":11,"posy":3,"lastAction":5,"status":0},{"playerId":277917,"score":600,"energy":20,"posx":10,"posy":5,"lastAction":5,"status":0},{"playerId":75082,"score":600,"energy":20,"posx":11,"posy":8,"lastAction":5,"status":0},{"playerId":2238718,"score":200,"energy":15,"posx":12,"posy":7,"lastAction":0,"status":0}],"golds":[{"posx":9,"posy":0,"amount":400},{"posx":7,"posy":1,"amount":100},{"posx":13,"posy":1,"amount":400},{"posx":2,"posy":2,"amount":350},{"posx":0,"posy":3,"amount":50},{"posx":11,"posy":3,"amount":450},{"posx":15,"posy":3,"amount":400},{"posx":18,"posy":3,"amount":450},{"posx":14,"posy":4,"amount":300},{"posx":16,"posy":4,"amount":350},{"posx":2,"posy":5,"amount":100},{"posx":10,"posy":5,"amount":50},{"posx":18,"posy":6,"amount":550},{"posx":14,"posy":7,"amount":150},{"posx":16,"posy":7,"amount":450},{"posx":9,"posy":8,"amount":50},{"posx":11,"posy":8,"amount":100}],"changedObstacles":[]},{"players":[{"playerId":2619262,"score":500,"energy":7,"posx":11,"posy":3,"lastAction":5,"status":0},{"playerId":277917,"score":650,"energy":15,"posx":10,"posy":5,"lastAction":5,"status":0},{"playerId":75082,"score":650,"energy":15,"posx":11,"posy":8,"lastAction":5,"status":0},{"playerId":2238718,"score":200,"energy":14,"posx":11,"posy":7,"lastAction":0,"status":0}],"golds":[{"posx":9,"posy":0,"amount":400},{"posx":7,"posy":1,"amount":100},{"posx":13,"posy":1,"amount":400},{"posx":2,"posy":2,"amount":350},{"posx":0,"posy":3,"amount":50},{"posx":11,"posy":3,"amount":400},{"posx":15,"posy":3,"amount":400},{"posx":18,"posy":3,"amount":450},{"posx":14,"posy":4,"amount":300},{"posx":16,"posy":4,"amount":350},{"posx":2,"posy":5,"amount":100},{"posx":18,"posy":6,"amount":550},{"posx":14,"posy":7,"amount":150},{"posx":16,"posy":7,"amount":450},{"posx":9,"posy":8,"amount":50},{"posx":11,"posy":8,"amount":50}],"changedObstacles":[{"type":0,"posx":10,"posy":5,"value":-1}]},{"players":[{"playerId":2619262,"score":550,"energy":2,"posx":11,"posy":3,"lastAction":5,"status":0},{"playerId":277917,"score":650,"energy":14,"posx":10,"posy":4,"lastAction":2,"status":0},{"playerId":75082,"score":700,"energy":10,"posx":11,"posy":8,"lastAction":5,"status":0},{"playerId":2238718,"score":200,"energy":10,"posx":11,"posy":8,"lastAction":3,"status":0}],"golds":[{"posx":9,"posy":0,"amount":400},{"posx":7,"posy":1,"amount":100},{"posx":13,"posy":1,"amount":400},{"posx":2,"posy":2,"amount":350},{"posx":0,"posy":3,"amount":50},{"posx":11,"posy":3,"amount":350},{"posx":15,"posy":3,"amount":400},{"posx":18,"posy":3,"amount":450},{"posx":14,"posy":4,"amount":300},{"posx":16,"posy":4,"amount":350},{"posx":2,"posy":5,"amount":100},{"posx":18,"posy":6,"amount":550},{"posx":14,"posy":7,"amount":150},{"posx":16,"posy":7,"amount":450},{"posx":9,"posy":8,"amount":50}],"changedObstacles":[{"type":0,"posx":11,"posy":8,"value":-1}]},{"players":[{"playerId":2619262,"score":550,"energy":14,"posx":11,"posy":3,"lastAction":4,"status":0},{"playerId":277917,"score":650,"energy":13,"posx":10,"posy":3,"lastAction":2,"status":0},{"playerId":75082,"score":700,"energy":9,"posx":12,"posy":8,"lastAction":1,"status":0},{"playerId":2238718,"score":200,"energy":22,"posx":11,"posy":8,"lastAction":4,"status":0}],"golds":[{"posx":9,"posy":0,"amount":400},{"posx":7,"posy":1,"amount":100},{"posx":13,"posy":1,"amount":400},{"posx":2,"posy":2,"amount":350},{"posx":0,"posy":3,"amount":50},{"posx":11,"posy":3,"amount":350},{"posx":15,"posy":3,"amount":400},{"posx":18,"posy":3,"amount":450},{"posx":14,"posy":4,"amount":300},{"posx":16,"posy":4,"amount":350},{"posx":2,"posy":5,"amount":100},{"posx":18,"posy":6,"amount":550},{"posx":14,"posy":7,"amount":150},{"posx":16,"posy":7,"amount":450},{"posx":9,"posy":8,"amount":50}],"changedObstacles":[]},{"players":[{"playerId":2619262,"score":600,"energy":9,"posx":11,"posy":3,"lastAction":5,"status":0},{"playerId":277917,"score":650,"energy":9,"posx":11,"posy":3,"lastAction":1,"status":0},{"playerId":75082,"score":700,"energy":8,"posx":13,"posy":8,"lastAction":1,"status":0},{"playerId":2238718,"score":200,"energy":21,"posx":11,"posy":7,"lastAction":2,"status":0}],"golds":[{"posx":9,"posy":0,"amount":400},{"posx":7,"posy":1,"amount":100},{"posx":13,"posy":1,"amount":400},{"posx":2,"posy":2,"amount":350},{"posx":0,"posy":3,"amount":50},{"posx":11,"posy":3,"amount":300},{"posx":15,"posy":3,"amount":400},{"posx":18,"posy":3,"amount":450},{"posx":14,"posy":4,"amount":300},{"posx":16,"posy":4,"amount":350},{"posx":2,"posy":5,"amount":100},{"posx":18,"posy":6,"amount":550},{"posx":14,"posy":7,"amount":150},{"posx":16,"posy":7,"amount":450},{"posx":9,"posy":8,"amount":50}],"changedObstacles":[]},{"players":[{"playerId":2619262,"score":650,"energy":4,"posx":11,"posy":3,"lastAction":5,"status":0},{"playerId":277917,"score":700,"energy":4,"posx":11,"posy":3,"lastAction":5,"status":0},{"playerId":75082,"score":700,"energy":7,"posx":14,"posy":8,"lastAction":1,"status":0},{"playerId":2238718,"score":200,"energy":20,"posx":10,"posy":7,"lastAction":0,"status":0}],"golds":[{"posx":9,"posy":0,"amount":400},{"posx":7,"posy":1,"amount":100},{"posx":13,"posy":1,"amount":400},{"posx":2,"posy":2,"amount":350},{"posx":0,"posy":3,"amount":50},{"posx":11,"posy":3,"amount":200},{"posx":15,"posy":3,"amount":400},{"posx":18,"posy":3,"amount":450},{"posx":14,"posy":4,"amount":300},{"posx":16,"posy":4,"amount":350},{"posx":2,"posy":5,"amount":100},{"posx":18,"posy":6,"amount":550},{"posx":14,"posy":7,"amount":150},{"posx":16,"posy":7,"amount":450},{"posx":9,"posy":8,"amount":50}],"changedObstacles":[]},{"players":[{"playerId":2619262,"score":650,"energy":16,"posx":11,"posy":3,"lastAction":4,"status":0},{"playerId":277917,"score":700,"energy":16,"posx":11,"posy":3,"lastAction":4,"status":0},{"playerId":75082,"score":700,"energy":3,"posx":14,"posy":7,"lastAction":2,"status":0},{"playerId":2238718,"score":200,"energy":19,"posx":9,"posy":7,"lastAction":0,"status":0}],"golds":[{"posx":9,"posy":0,"amount":400},{"posx":7,"posy":1,"amount":100},{"posx":13,"posy":1,"amount":400},{"posx":2,"posy":2,"amount":350},{"posx":0,"posy":3,"amount":50},{"posx":11,"posy":3,"amount":200},{"posx":15,"posy":3,"amount":400},{"posx":18,"posy":3,"amount":450},{"posx":14,"posy":4,"amount":300},{"posx":16,"posy":4,"amount":350},{"posx":2,"posy":5,"amount":100},{"posx":18,"posy":6,"amount":550},{"posx":14,"posy":7,"amount":150},{"posx":16,"posy":7,"amount":450},{"posx":9,"posy":8,"amount":50}],"changedObstacles":[]},{"players":[{"playerId":2619262,"score":700,"energy":11,"posx":11,"posy":3,"lastAction":5,"status":0},{"playerId":277917,"score":700,"energy":32,"posx":11,"posy":3,"lastAction":4,"status":0},{"playerId":75082,"score":700,"energy":15,"posx":14,"posy":7,"lastAction":4,"status":0},{"playerId":2238718,"score":200,"energy":15,"posx":9,"posy":8,"lastAction":3,"status":0}],"golds":[{"posx":9,"posy":0,"amount":400},{"posx":7,"posy":1,"amount":100},{"posx":13,"posy":1,"amount":400},{"posx":2,"posy":2,"amount":350},{"posx":0,"posy":3,"amount":50},{"posx":11,"posy":3,"amount":150},{"posx":15,"posy":3,"amount":400},{"posx":18,"posy":3,"amount":450},{"posx":14,"posy":4,"amount":300},{"posx":16,"posy":4,"amount":350},{"posx":2,"posy":5,"amount":100},{"posx":18,"posy":6,"amount":550},{"posx":14,"posy":7,"amount":150},{"posx":16,"posy":7,"amount":450},{"posx":9,"posy":8,"amount":50}],"changedObstacles":[]},{"players":[{"playerId":2619262,"score":750,"energy":6,"posx":11,"posy":3,"lastAction":5,"status":0},{"playerId":277917,"score":750,"energy":27,"posx":11,"posy":3,"lastAction":5,"status":0},{"playerId":75082,"score":700,"energy":31,"posx":14,"posy":7,"lastAction":4,"status":0},{"playerId":2238718,"score":250,"energy":10,"posx":9,"posy":8,"lastAction":5,"status":0}],"golds":[{"posx":9,"posy":0,"amount":400},{"posx":7,"posy":1,"amount":100},{"posx":13,"posy":1,"amount":400},{"posx":2,"posy":2,"amount":350},{"posx":0,"posy":3,"amount":50},{"posx":11,"posy":3,"amount":50},{"posx":15,"posy":3,"amount":400},{"posx":18,"posy":3,"amount":450},{"posx":14,"posy":4,"amount":300},{"posx":16,"posy":4,"amount":350},{"posx":2,"posy":5,"amount":100},{"posx":18,"posy":6,"amount":550},{"posx":14,"posy":7,"amount":150},{"posx":16,"posy":7,"amount":450}],"changedObstacles":[{"type":0,"posx":9,"posy":8,"value":-1}]},{"players":[{"playerId":2619262,"score":800,"energy":1,"posx":11,"posy":3,"lastAction":5,"status":0},{"playerId":277917,"score":750,"energy":26,"posx":12,"posy":3,"lastAction":1,"status":0},{"playerId":75082,"score":700,"energy":50,"posx":14,"posy":7,"lastAction":4,"status":0},{"playerId":2238718,"score":250,"energy":22,"posx":9,"posy":8,"lastAction":4,"status":0}],"golds":[{"posx":9,"posy":0,"amount":400},{"posx":7,"posy":1,"amount":100},{"posx":13,"posy":1,"amount":400},{"posx":2,"posy":2,"amount":350},{"posx":0,"posy":3,"amount":50},{"posx":15,"posy":3,"amount":400},{"posx":18,"posy":3,"amount":450},{"posx":14,"posy":4,"amount":300},{"posx":16,"posy":4,"amount":350},{"posx":2,"posy":5,"amount":100},{"posx":18,"posy":6,"amount":550},{"posx":14,"posy":7,"amount":150},{"posx":16,"posy":7,"amount":450}],"changedObstacles":[{"type":0,"posx":11,"posy":3,"value":-1}]},{"players":[{"playerId":2619262,"score":800,"energy":13,"posx":11,"posy":3,"lastAction":4,"status":0},{"playerId":277917,"score":750,"energy":25,"posx":13,"posy":3,"lastAction":1,"status":0},{"playerId":75082,"score":750,"energy":45,"posx":14,"posy":7,"lastAction":5,"status":0},{"playerId":2238718,"score":250,"energy":21,"posx":9,"posy":7,"lastAction":2,"status":0}],"golds":[{"posx":9,"posy":0,"amount":400},{"posx":7,"posy":1,"amount":100},{"posx":13,"posy":1,"amount":400},{"posx":2,"posy":2,"amount":350},{"posx":0,"posy":3,"amount":50},{"posx":15,"posy":3,"amount":400},{"posx":18,"posy":3,"amount":450},{"posx":14,"posy":4,"amount":300},{"posx":16,"posy":4,"amount":350},{"posx":2,"posy":5,"amount":100},{"posx":18,"posy":6,"amount":550},{"posx":14,"posy":7,"amount":100},{"posx":16,"posy":7,"amount":450}],"changedObstacles":[]},{"players":[{"playerId":2619262,"score":800,"energy":12,"posx":12,"posy":3,"lastAction":1,"status":0},{"playerId":277917,"score":750,"energy":24,"posx":14,"posy":3,"lastAction":1,"status":0},{"playerId":75082,"score":800,"energy":40,"posx":14,"posy":7,"lastAction":5,"status":0},{"playerId":2238718,"score":250,"energy":20,"posx":9,"posy":6,"lastAction":2,"status":0}],"golds":[{"posx":9,"posy":0,"amount":400},{"posx":7,"posy":1,"amount":100},{"posx":13,"posy":1,"amount":400},{"posx":2,"posy":2,"amount":350},{"posx":0,"posy":3,"amount":50},{"posx":15,"posy":3,"amount":400},{"posx":18,"posy":3,"amount":450},{"posx":14,"posy":4,"amount":300},{"posx":16,"posy":4,"amount":350},{"posx":2,"posy":5,"amount":100},{"posx":18,"posy":6,"amount":550},{"posx":14,"posy":7,"amount":50},{"posx":16,"posy":7,"amount":450}],"changedObstacles":[]},{"players":[{"playerId":2619262,"score":800,"energy":11,"posx":13,"posy":3,"lastAction":1,"status":0},{"playerId":277917,"score":750,"energy":20,"posx":15,"posy":3,"lastAction":1,"status":0},{"playerId":75082,"score":850,"energy":35,"posx":14,"posy":7,"lastAction":5,"status":0},{"playerId":2238718,"score":250,"energy":19,"posx":9,"posy":5,"lastAction":2,"status":0}],"golds":[{"posx":9,"posy":0,"amount":400},{"posx":7,"posy":1,"amount":100},{"posx":13,"posy":1,"amount":400},{"posx":2,"posy":2,"amount":350},{"posx":0,"posy":3,"amount":50},{"posx":15,"posy":3,"amount":400},{"posx":18,"posy":3,"amount":450},{"posx":14,"posy":4,"amount":300},{"posx":16,"posy":4,"amount":350},{"posx":2,"posy":5,"amount":100},{"posx":18,"posy":6,"amount":550},{"posx":16,"posy":7,"amount":450}],"changedObstacles":[{"type":0,"posx":14,"posy":7,"value":-1}]},{"players":[{"playerId":2619262,"score":800,"energy":10,"posx":14,"posy":3,"lastAction":1,"status":0},{"playerId":277917,"score":800,"energy":15,"posx":15,"posy":3,"lastAction":5,"status":0},{"playerId":75082,"score":850,"energy":34,"posx":15,"posy":7,"lastAction":1,"status":0},{"playerId":2238718,"score":250,"energy":18,"posx":10,"posy":5,"lastAction":1,"status":0}],"golds":[{"posx":9,"posy":0,"amount":400},{"posx":7,"posy":1,"amount":100},{"posx":13,"posy":1,"amount":400},{"posx":2,"posy":2,"amount":350},{"posx":0,"posy":3,"amount":50},{"posx":15,"posy":3,"amount":350},{"posx":18,"posy":3,"amount":450},{"posx":14,"posy":4,"amount":300},{"posx":16,"posy":4,"amount":350},{"posx":2,"posy":5,"amount":100},{"posx":18,"posy":6,"amount":550},{"posx":16,"posy":7,"amount":450}],"changedObstacles":[]},{"players":[{"playerId":2619262,"score":800,"energy":6,"posx":15,"posy":3,"lastAction":1,"status":0},{"playerId":277917,"score":850,"energy":10,"posx":15,"posy":3,"lastAction":5,"status":0},{"playerId":75082,"score":850,"energy":30,"posx":16,"posy":7,"lastAction":1,"status":0},{"playerId":2238718,"score":250,"energy":17,"posx":11,"posy":5,"lastAction":1,"status":0}],"golds":[{"posx":9,"posy":0,"amount":400},{"posx":7,"posy":1,"amount":100},{"posx":13,"posy":1,"amount":400},{"posx":2,"posy":2,"amount":350},{"posx":0,"posy":3,"amount":50},{"posx":15,"posy":3,"amount":300},{"posx":18,"posy":3,"amount":450},{"posx":14,"posy":4,"amount":300},{"posx":16,"posy":4,"amount":350},{"posx":2,"posy":5,"amount":100},{"posx":18,"posy":6,"amount":550},{"posx":16,"posy":7,"amount":450}],"changedObstacles":[]},{"players":[{"playerId":2619262,"score":850,"energy":1,"posx":15,"posy":3,"lastAction":5,"status":0},{"playerId":277917,"score":900,"energy":5,"posx":15,"posy":3,"lastAction":5,"status":0},{"playerId":75082,"score":900,"energy":25,"posx":16,"posy":7,"lastAction":5,"status":0},{"playerId":2238718,"score":250,"energy":16,"posx":12,"posy":5,"lastAction":1,"status":0}],"golds":[{"posx":9,"posy":0,"amount":400},{"posx":7,"posy":1,"amount":100},{"posx":13,"posy":1,"amount":400},{"posx":2,"posy":2,"amount":350},{"posx":0,"posy":3,"amount":50},{"posx":15,"posy":3,"amount":200},{"posx":18,"posy":3,"amount":450},{"posx":14,"posy":4,"amount":300},{"posx":16,"posy":4,"amount":350},{"posx":2,"posy":5,"amount":100},{"posx":18,"posy":6,"amount":550},{"posx":16,"posy":7,"amount":400}],"changedObstacles":[]},{"players":[{"playerId":2619262,"score":850,"energy":13,"posx":15,"posy":3,"lastAction":4,"status":0},{"playerId":277917,"score":900,"energy":17,"posx":15,"posy":3,"lastAction":4,"status":0},{"playerId":75082,"score":950,"energy":20,"posx":16,"posy":7,"lastAction":5,"status":0},{"playerId":2238718,"score":250,"energy":15,"posx":13,"posy":5,"lastAction":1,"status":0}],"golds":[{"posx":9,"posy":0,"amount":400},{"posx":7,"posy":1,"amount":100},{"posx":13,"posy":1,"amount":400},{"posx":2,"posy":2,"amount":350},{"posx":0,"posy":3,"amount":50},{"posx":15,"posy":3,"amount":200},{"posx":18,"posy":3,"amount":450},{"posx":14,"posy":4,"amount":300},{"posx":16,"posy":4,"amount":350},{"posx":2,"posy":5,"amount":100},{"posx":18,"posy":6,"amount":550},{"posx":16,"posy":7,"amount":350}],"changedObstacles":[]},{"players":[{"playerId":2619262,"score":900,"energy":8,"posx":15,"posy":3,"lastAction":5,"status":0},{"playerId":277917,"score":900,"energy":33,"posx":15,"posy":3,"lastAction":4,"status":0},{"playerId":75082,"score":1000,"energy":15,"posx":16,"posy":7,"lastAction":5,"status":0},{"playerId":2238718,"score":250,"energy":14,"posx":14,"posy":5,"lastAction":1,"status":0}],"golds":[{"posx":9,"posy":0,"amount":400},{"posx":7,"posy":1,"amount":100},{"posx":13,"posy":1,"amount":400},{"posx":2,"posy":2,"amount":350},{"posx":0,"posy":3,"amount":50},{"posx":15,"posy":3,"amount":150},{"posx":18,"posy":3,"amount":450},{"posx":14,"posy":4,"amount":300},{"posx":16,"posy":4,"amount":350},{"posx":2,"posy":5,"amount":100},{"posx":18,"posy":6,"amount":550},{"posx":16,"posy":7,"amount":300}],"changedObstacles":[]},{"players":[{"playerId":2619262,"score":950,"energy":3,"posx":15,"posy":3,"lastAction":5,"status":0},{"playerId":277917,"score":950,"energy":28,"posx":15,"posy":3,"lastAction":5,"status":0},{"playerId":75082,"score":1050,"energy":10,"posx":16,"posy":7,"lastAction":5,"status":0},{"playerId":2238718,"score":250,"energy":13,"posx":15,"posy":5,"lastAction":1,"status":0}],"golds":[{"posx":9,"posy":0,"amount":400},{"posx":7,"posy":1,"amount":100},{"posx":13,"posy":1,"amount":400},{"posx":2,"posy":2,"amount":350},{"posx":0,"posy":3,"amount":50},{"posx":15,"posy":3,"amount":50},{"posx":18,"posy":3,"amount":450},{"posx":14,"posy":4,"amount":300},{"posx":16,"posy":4,"amount":350},{"posx":2,"posy":5,"amount":100},{"posx":18,"posy":6,"amount":550},{"posx":16,"posy":7,"amount":250}],"changedObstacles":[]},{"players":[{"playerId":2619262,"score":950,"energy":15,"posx":15,"posy":3,"lastAction":4,"status":0},{"playerId":277917,"score":1000,"energy":23,"posx":15,"posy":3,"lastAction":5,"status":0},{"playerId":75082,"score":1100,"energy":5,"posx":16,"posy":7,"lastAction":5,"status":0},{"playerId":2238718,"score":250,"energy":12,"posx":16,"posy":5,"lastAction":1,"status":0}],"golds":[{"posx":9,"posy":0,"amount":400},{"posx":7,"posy":1,"amount":100},{"posx":13,"posy":1,"amount":400},{"posx":2,"posy":2,"amount":350},{"posx":0,"posy":3,"amount":50},{"posx":18,"posy":3,"amount":450},{"posx":14,"posy":4,"amount":300},{"posx":16,"posy":4,"amount":350},{"posx":2,"posy":5,"amount":100},{"posx":18,"posy":6,"amount":550},{"posx":16,"posy":7,"amount":200}],"changedObstacles":[{"type":0,"posx":15,"posy":3,"value":-1}]},{"players":[{"playerId":2619262,"score":950,"energy":14,"posx":15,"posy":4,"lastAction":3,"status":0},{"playerId":277917,"score":1000,"energy":22,"posx":15,"posy":4,"lastAction":3,"status":0},{"playerId":75082,"score":1100,"energy":17,"posx":16,"posy":7,"lastAction":4,"status":0},{"playerId":2238718,"score":250,"energy":11,"posx":17,"posy":5,"lastAction":1,"status":0}],"golds":[{"posx":9,"posy":0,"amount":400},{"posx":7,"posy":1,"amount":100},{"posx":13,"posy":1,"amount":400},{"posx":2,"posy":2,"amount":350},{"posx":0,"posy":3,"amount":50},{"posx":18,"posy":3,"amount":450},{"posx":14,"posy":4,"amount":300},{"posx":16,"posy":4,"amount":350},{"posx":2,"posy":5,"amount":100},{"posx":18,"posy":6,"amount":550},{"posx":16,"posy":7,"amount":200}],"changedObstacles":[]},{"players":[{"playerId":2619262,"score":950,"energy":10,"posx":16,"posy":4,"lastAction":1,"status":0},{"playerId":277917,"score":1000,"energy":18,"posx":16,"posy":4,"lastAction":1,"status":0},{"playerId":75082,"score":1100,"energy":33,"posx":16,"posy":7,"lastAction":4,"status":0},{"playerId":2238718,"score":250,"energy":10,"posx":18,"posy":5,"lastAction":1,"status":0}],"golds":[{"posx":9,"posy":0,"amount":400},{"posx":7,"posy":1,"amount":100},{"posx":13,"posy":1,"amount":400},{"posx":2,"posy":2,"amount":350},{"posx":0,"posy":3,"amount":50},{"posx":18,"posy":3,"amount":450},{"posx":14,"posy":4,"amount":300},{"posx":16,"posy":4,"amount":350},{"posx":2,"posy":5,"amount":100},{"posx":18,"posy":6,"amount":550},{"posx":16,"posy":7,"amount":200}],"changedObstacles":[]},{"players":[{"playerId":2619262,"score":1000,"energy":5,"posx":16,"posy":4,"lastAction":5,"status":0},{"playerId":277917,"score":1050,"energy":13,"posx":16,"posy":4,"lastAction":5,"status":0},{"playerId":75082,"score":1100,"energy":50,"posx":16,"posy":7,"lastAction":4,"status":0},{"playerId":2238718,"score":250,"energy":22,"posx":18,"posy":5,"lastAction":4,"status":0}],"golds":[{"posx":9,"posy":0,"amount":400},{"posx":7,"posy":1,"amount":100},{"posx":13,"posy":1,"amount":400},{"posx":2,"posy":2,"amount":350},{"posx":0,"posy":3,"amount":50},{"posx":18,"posy":3,"amount":450},{"posx":14,"posy":4,"amount":300},{"posx":16,"posy":4,"amount":250},{"posx":2,"posy":5,"amount":100},{"posx":18,"posy":6,"amount":550},{"posx":16,"posy":7,"amount":200}],"changedObstacles":[]},{"players":[{"playerId":2619262,"score":1000,"energy":17,"posx":16,"posy":4,"lastAction":4,"status":0},{"playerId":277917,"score":1100,"energy":8,"posx":16,"posy":4,"lastAction":5,"status":0},{"playerId":75082,"score":1150,"energy":45,"posx":16,"posy":7,"lastAction":5,"status":0},{"playerId":2238718,"score":250,"energy":18,"posx":18,"posy":6,"lastAction":3,"status":0}],"golds":[{"posx":9,"posy":0,"amount":400},{"posx":7,"posy":1,"amount":100},{"posx":13,"posy":1,"amount":400},{"posx":2,"posy":2,"amount":350},{"posx":0,"posy":3,"amount":50},{"posx":18,"posy":3,"amount":450},{"posx":14,"posy":4,"amount":300},{"posx":16,"posy":4,"amount":200},{"posx":2,"posy":5,"amount":100},{"posx":18,"posy":6,"amount":550},{"posx":16,"posy":7,"amount":150}],"changedObstacles":[]},{"players":[{"playerId":2619262,"score":1050,"energy":12,"posx":16,"posy":4,"lastAction":5,"status":0},{"playerId":277917,"score":1150,"energy":3,"posx":16,"posy":4,"lastAction":5,"status":0},{"playerId":75082,"score":1200,"energy":40,"posx":16,"posy":7,"lastAction":5,"status":0},{"playerId":2238718,"score":300,"energy":13,"posx":18,"posy":6,"lastAction":5,"status":0}],"golds":[{"posx":9,"posy":0,"amount":400},{"posx":7,"posy":1,"amount":100},{"posx":13,"posy":1,"amount":400},{"posx":2,"posy":2,"amount":350},{"posx":0,"posy":3,"amount":50},{"posx":18,"posy":3,"amount":450},{"posx":14,"posy":4,"amount":300},{"posx":16,"posy":4,"amount":100},{"posx":2,"posy":5,"amount":100},{"posx":18,"posy":6,"amount":500},{"posx":16,"posy":7,"amount":100}],"changedObstacles":[]},{"players":[{"playerId":2619262,"score":1100,"energy":7,"posx":16,"posy":4,"lastAction":5,"status":0},{"playerId":277917,"score":1150,"energy":15,"posx":16,"posy":4,"lastAction":4,"status":0},{"playerId":75082,"score":1250,"energy":35,"posx":16,"posy":7,"lastAction":5,"status":0},{"playerId":2238718,"score":350,"energy":8,"posx":18,"posy":6,"lastAction":5,"status":0}],"golds":[{"posx":9,"posy":0,"amount":400},{"posx":7,"posy":1,"amount":100},{"posx":13,"posy":1,"amount":400},{"posx":2,"posy":2,"amount":350},{"posx":0,"posy":3,"amount":50},{"posx":18,"posy":3,"amount":450},{"posx":14,"posy":4,"amount":300},{"posx":16,"posy":4,"amount":50},{"posx":2,"posy":5,"amount":100},{"posx":18,"posy":6,"amount":450},{"posx":16,"posy":7,"amount":50}],"changedObstacles":[]},{"players":[{"playerId":2619262,"score":1150,"energy":2,"posx":16,"posy":4,"lastAction":5,"status":0},{"playerId":277917,"score":1150,"energy":14,"posx":15,"posy":4,"lastAction":0,"status":0},{"playerId":75082,"score":1300,"energy":30,"posx":16,"posy":7,"lastAction":5,"status":0},{"playerId":2238718,"score":350,"energy":20,"posx":18,"posy":6,"lastAction":4,"status":0}],"golds":[{"posx":9,"posy":0,"amount":400},{"posx":7,"posy":1,"amount":100},{"posx":13,"posy":1,"amount":400},{"posx":2,"posy":2,"amount":350},{"posx":0,"posy":3,"amount":50},{"posx":18,"posy":3,"amount":450},{"posx":14,"posy":4,"amount":300},{"posx":2,"posy":5,"amount":100},{"posx":18,"posy":6,"amount":450}],"changedObstacles":[{"type":0,"posx":16,"posy":4,"value":-1},{"type":0,"posx":16,"posy":7,"value":-1}]},{"players":[{"playerId":2619262,"score":1150,"energy":1,"posx":15,"posy":4,"lastAction":0,"status":0},{"playerId":277917,"score":1150,"energy":10,"posx":14,"posy":4,"lastAction":0,"status":0},{"playerId":75082,"score":1300,"energy":29,"posx":16,"posy":6,"lastAction":2,"status":0},{"playerId":2238718,"score":400,"energy":15,"posx":18,"posy":6,"lastAction":5,"status":0}],"golds":[{"posx":9,"posy":0,"amount":400},{"posx":7,"posy":1,"amount":100},{"posx":13,"posy":1,"amount":400},{"posx":2,"posy":2,"amount":350},{"posx":0,"posy":3,"amount":50},{"posx":18,"posy":3,"amount":450},{"posx":14,"posy":4,"amount":300},{"posx":2,"posy":5,"amount":100},{"posx":18,"posy":6,"amount":400}],"changedObstacles":[]},{"players":[{"playerId":2619262,"score":1150,"energy":13,"posx":15,"posy":4,"lastAction":4,"status":0},{"playerId":277917,"score":1200,"energy":5,"posx":14,"posy":4,"lastAction":5,"status":0},{"playerId":75082,"score":1300,"energy":28,"posx":16,"posy":5,"lastAction":2,"status":0},{"playerId":2238718,"score":450,"energy":10,"posx":18,"posy":6,"lastAction":5,"status":0}],"golds":[{"posx":9,"posy":0,"amount":400},{"posx":7,"posy":1,"amount":100},{"posx":13,"posy":1,"amount":400},{"posx":2,"posy":2,"amount":350},{"posx":0,"posy":3,"amount":50},{"posx":18,"posy":3,"amount":450},{"posx":14,"posy":4,"amount":250},{"posx":2,"posy":5,"amount":100},{"posx":18,"posy":6,"amount":350}],"changedObstacles":[]},{"players":[{"playerId":2619262,"score":1150,"energy":9,"posx":14,"posy":4,"lastAction":0,"status":0},{"playerId":277917,"score":1200,"energy":17,"posx":14,"posy":4,"lastAction":4,"status":0},{"playerId":75082,"score":1300,"energy":27,"posx":15,"posy":5,"lastAction":0,"status":0},{"playerId":2238718,"score":450,"energy":22,"posx":18,"posy":6,"lastAction":4,"status":0}],"golds":[{"posx":9,"posy":0,"amount":400},{"posx":7,"posy":1,"amount":100},{"posx":13,"posy":1,"amount":400},{"posx":2,"posy":2,"amount":350},{"posx":0,"posy":3,"amount":50},{"posx":18,"posy":3,"amount":450},{"posx":14,"posy":4,"amount":250},{"posx":2,"posy":5,"amount":100},{"posx":18,"posy":6,"amount":350}],"changedObstacles":[]},{"players":[{"playerId":2619262,"score":1200,"energy":4,"posx":14,"posy":4,"lastAction":5,"status":0},{"playerId":277917,"score":1200,"energy":33,"posx":14,"posy":4,"lastAction":4,"status":0},{"playerId":75082,"score":1300,"energy":26,"posx":15,"posy":4,"lastAction":2,"status":0},{"playerId":2238718,"score":500,"energy":17,"posx":18,"posy":6,"lastAction":5,"status":0}],"golds":[{"posx":9,"posy":0,"amount":400},{"posx":7,"posy":1,"amount":100},{"posx":13,"posy":1,"amount":400},{"posx":2,"posy":2,"amount":350},{"posx":0,"posy":3,"amount":50},{"posx":18,"posy":3,"amount":450},{"posx":14,"posy":4,"amount":200},{"posx":2,"posy":5,"amount":100},{"posx":18,"posy":6,"amount":300}],"changedObstacles":[]},{"players":[{"playerId":2619262,"score":1200,"energy":16,"posx":14,"posy":4,"lastAction":4,"status":0},{"playerId":277917,"score":1200,"energy":50,"posx":14,"posy":4,"lastAction":4,"status":0},{"playerId":75082,"score":1300,"energy":22,"posx":14,"posy":4,"lastAction":0,"status":0},{"playerId":2238718,"score":550,"energy":12,"posx":18,"posy":6,"lastAction":5,"status":0}],"golds":[{"posx":9,"posy":0,"amount":400},{"posx":7,"posy":1,"amount":100},{"posx":13,"posy":1,"amount":400},{"posx":2,"posy":2,"amount":350},{"posx":0,"posy":3,"amount":50},{"posx":18,"posy":3,"amount":450},{"posx":14,"posy":4,"amount":200},{"posx":2,"posy":5,"amount":100},{"posx":18,"posy":6,"amount":250}],"changedObstacles":[]},{"players":[{"playerId":2619262,"score":1250,"energy":11,"posx":14,"posy":4,"lastAction":5,"status":0},{"playerId":277917,"score":1250,"energy":45,"posx":14,"posy":4,"lastAction":5,"status":0},{"playerId":75082,"score":1350,"energy":17,"posx":14,"posy":4,"lastAction":5,"status":0},{"playerId":2238718,"score":600,"energy":7,"posx":18,"posy":6,"lastAction":5,"status":0}],"golds":[{"posx":9,"posy":0,"amount":400},{"posx":7,"posy":1,"amount":100},{"posx":13,"posy":1,"amount":400},{"posx":2,"posy":2,"amount":350},{"posx":0,"posy":3,"amount":50},{"posx":18,"posy":3,"amount":450},{"posx":14,"posy":4,"amount":50},{"posx":2,"posy":5,"amount":100},{"posx":18,"posy":6,"amount":200}],"changedObstacles":[]},{"players":[{"playerId":2619262,"score":1275,"energy":6,"posx":14,"posy":4,"lastAction":5,"status":0},{"playerId":277917,"score":1250,"energy":44,"posx":13,"posy":4,"lastAction":0,"status":0},{"playerId":75082,"score":1375,"energy":12,"posx":14,"posy":4,"lastAction":5,"status":0},{"playerId":2238718,"score":600,"energy":19,"posx":18,"posy":6,"lastAction":4,"status":0}],"golds":[{"posx":9,"posy":0,"amount":400},{"posx":7,"posy":1,"amount":100},{"posx":13,"posy":1,"amount":400},{"posx":2,"posy":2,"amount":350},{"posx":0,"posy":3,"amount":50},{"posx":18,"posy":3,"amount":450},{"posx":2,"posy":5,"amount":100},{"posx":18,"posy":6,"amount":200}],"changedObstacles":[{"type":0,"posx":14,"posy":4,"value":-1}]},{"players":[{"playerId":2619262,"score":1275,"energy":5,"posx":14,"posy":3,"lastAction":2,"status":0},{"playerId":277917,"score":1250,"energy":43,"posx":13,"posy":3,"lastAction":2,"status":0},{"playerId":75082,"score":1375,"energy":11,"posx":14,"posy":3,"lastAction":2,"status":0},{"playerId":2238718,"score":650,"energy":14,"posx":18,"posy":6,"lastAction":5,"status":0}],"golds":[{"posx":9,"posy":0,"amount":400},{"posx":7,"posy":1,"amount":100},{"posx":13,"posy":1,"amount":400},{"posx":2,"posy":2,"amount":350},{"posx":0,"posy":3,"amount":50},{"posx":18,"posy":3,"amount":450},{"posx":2,"posy":5,"amount":100},{"posx":18,"posy":6,"amount":150}],"changedObstacles":[]},{"players":[{"playerId":2619262,"score":1275,"energy":4,"posx":14,"posy":2,"lastAction":2,"status":0},{"playerId":277917,"score":1250,"energy":42,"posx":13,"posy":2,"lastAction":2,"status":0},{"playerId":75082,"score":1375,"energy":10,"posx":14,"posy":2,"lastAction":2,"status":0},{"playerId":2238718,"score":700,"energy":9,"posx":18,"posy":6,"lastAction":5,"status":0}],"golds":[{"posx":9,"posy":0,"amount":400},{"posx":7,"posy":1,"amount":100},{"posx":13,"posy":1,"amount":400},{"posx":2,"posy":2,"amount":350},{"posx":0,"posy":3,"amount":50},{"posx":18,"posy":3,"amount":450},{"posx":2,"posy":5,"amount":100},{"posx":18,"posy":6,"amount":100}],"changedObstacles":[]},{"players":[{"playerId":2619262,"score":1275,"energy":3,"posx":14,"posy":1,"lastAction":2,"status":0},{"playerId":277917,"score":1250,"energy":38,"posx":13,"posy":1,"lastAction":2,"status":0},{"playerId":75082,"score":1375,"energy":9,"posx":14,"posy":1,"lastAction":2,"status":0},{"playerId":2238718,"score":700,"energy":21,"posx":18,"posy":6,"lastAction":4,"status":0}],"golds":[{"posx":9,"posy":0,"amount":400},{"posx":7,"posy":1,"amount":100},{"posx":13,"posy":1,"amount":400},{"posx":2,"posy":2,"amount":350},{"posx":0,"posy":3,"amount":50},{"posx":18,"posy":3,"amount":450},{"posx":2,"posy":5,"amount":100},{"posx":18,"posy":6,"amount":100}],"changedObstacles":[]},{"players":[{"playerId":2619262,"score":1275,"energy":15,"posx":14,"posy":1,"lastAction":4,"status":0},{"playerId":277917,"score":1300,"energy":33,"posx":13,"posy":1,"lastAction":5,"status":0},{"playerId":75082,"score":1375,"energy":5,"posx":13,"posy":1,"lastAction":0,"status":0},{"playerId":2238718,"score":750,"energy":16,"posx":18,"posy":6,"lastAction":5,"status":0}],"golds":[{"posx":9,"posy":0,"amount":400},{"posx":7,"posy":1,"amount":100},{"posx":13,"posy":1,"amount":350},{"posx":2,"posy":2,"amount":350},{"posx":0,"posy":3,"amount":50},{"posx":18,"posy":3,"amount":450},{"posx":2,"posy":5,"amount":100},{"posx":18,"posy":6,"amount":50}],"changedObstacles":[]},{"players":[{"playerId":2619262,"score":1275,"energy":11,"posx":13,"posy":1,"lastAction":0,"status":0},{"playerId":277917,"score":1350,"energy":28,"posx":13,"posy":1,"lastAction":5,"status":0},{"playerId":75082,"score":1375,"energy":17,"posx":13,"posy":1,"lastAction":4,"status":0},{"playerId":2238718,"score":800,"energy":11,"posx":18,"posy":6,"lastAction":5,"status":0}],"golds":[{"posx":9,"posy":0,"amount":400},{"posx":7,"posy":1,"amount":100},{"posx":13,"posy":1,"amount":300},{"posx":2,"posy":2,"amount":350},{"posx":0,"posy":3,"amount":50},{"posx":18,"posy":3,"amount":450},{"posx":2,"posy":5,"amount":100}],"changedObstacles":[{"type":0,"posx":18,"posy":6,"value":-1}]},{"players":[{"playerId":2619262,"score":1325,"energy":6,"posx":13,"posy":1,"lastAction":5,"status":0},{"playerId":277917,"score":1400,"energy":23,"posx":13,"posy":1,"lastAction":5,"status":0},{"playerId":75082,"score":1375,"energy":33,"posx":13,"posy":1,"lastAction":4,"status":0},{"playerId":2238718,"score":800,"energy":10,"posx":18,"posy":5,"lastAction":2,"status":0}],"golds":[{"posx":9,"posy":0,"amount":400},{"posx":7,"posy":1,"amount":100},{"posx":13,"posy":1,"amount":200},{"posx":2,"posy":2,"amount":350},{"posx":0,"posy":3,"amount":50},{"posx":18,"posy":3,"amount":450},{"posx":2,"posy":5,"amount":100}],"changedObstacles":[]},{"players":[{"playerId":2619262,"score":1375,"energy":1,"posx":13,"posy":1,"lastAction":5,"status":0},{"playerId":277917,"score":1450,"energy":18,"posx":13,"posy":1,"lastAction":5,"status":0},{"playerId":75082,"score":1375,"energy":50,"posx":13,"posy":1,"lastAction":4,"status":0},{"playerId":2238718,"score":800,"energy":22,"posx":18,"posy":5,"lastAction":4,"status":0}],"golds":[{"posx":9,"posy":0,"amount":400},{"posx":7,"posy":1,"amount":100},{"posx":13,"posy":1,"amount":100},{"posx":2,"posy":2,"amount":350},{"posx":0,"posy":3,"amount":50},{"posx":18,"posy":3,"amount":450},{"posx":2,"posy":5,"amount":100}],"changedObstacles":[]},{"players":[{"playerId":2619262,"score":1375,"energy":13,"posx":13,"posy":1,"lastAction":4,"status":0},{"playerId":277917,"score":1500,"energy":13,"posx":13,"posy":1,"lastAction":5,"status":0},{"playerId":75082,"score":1425,"energy":45,"posx":13,"posy":1,"lastAction":5,"status":0},{"playerId":2238718,"score":800,"energy":21,"posx":18,"posy":4,"lastAction":2,"status":0}],"golds":[{"posx":9,"posy":0,"amount":400},{"posx":7,"posy":1,"amount":100},{"posx":2,"posy":2,"amount":350},{"posx":0,"posy":3,"amount":50},{"posx":18,"posy":3,"amount":450},{"posx":2,"posy":5,"amount":100}],"changedObstacles":[{"type":0,"posx":13,"posy":1,"value":-1}]},{"players":[{"playerId":2619262,"score":1375,"energy":12,"posx":13,"posy":0,"lastAction":2,"status":0},{"playerId":277917,"score":1500,"energy":12,"posx":12,"posy":1,"lastAction":0,"status":0},{"playerId":75082,"score":1425,"energy":44,"posx":12,"posy":1,"lastAction":0,"status":0},{"playerId":2238718,"score":800,"energy":17,"posx":18,"posy":3,"lastAction":2,"status":0}],"golds":[{"posx":9,"posy":0,"amount":400},{"posx":7,"posy":1,"amount":100},{"posx":2,"posy":2,"amount":350},{"posx":0,"posy":3,"amount":50},{"posx":18,"posy":3,"amount":450},{"posx":2,"posy":5,"amount":100}],"changedObstacles":[]},{"players":[{"playerId":2619262,"score":1375,"energy":11,"posx":12,"posy":0,"lastAction":0,"status":0},{"playerId":277917,"score":1500,"energy":11,"posx":11,"posy":1,"lastAction":0,"status":0},{"playerId":75082,"score":1425,"energy":43,"posx":11,"posy":1,"lastAction":0,"status":0},{"playerId":2238718,"score":850,"energy":12,"posx":18,"posy":3,"lastAction":5,"status":0}],"golds":[{"posx":9,"posy":0,"amount":400},{"posx":7,"posy":1,"amount":100},{"posx":2,"posy":2,"amount":350},{"posx":0,"posy":3,"amount":50},{"posx":18,"posy":3,"amount":400},{"posx":2,"posy":5,"amount":100}],"changedObstacles":[]},{"players":[{"playerId":2619262,"score":1375,"energy":10,"posx":11,"posy":0,"lastAction":0,"status":0},{"playerId":277917,"score":1500,"energy":10,"posx":10,"posy":1,"lastAction":0,"status":0},{"playerId":75082,"score":1425,"energy":42,"posx":10,"posy":1,"lastAction":0,"status":0},{"playerId":2238718,"score":900,"energy":7,"posx":18,"posy":3,"lastAction":5,"status":0}],"golds":[{"posx":9,"posy":0,"amount":400},{"posx":7,"posy":1,"amount":100},{"posx":2,"posy":2,"amount":350},{"posx":0,"posy":3,"amount":50},{"posx":18,"posy":3,"amount":350},{"posx":2,"posy":5,"amount":100}],"changedObstacles":[]},{"players":[{"playerId":2619262,"score":1375,"energy":9,"posx":10,"posy":0,"lastAction":0,"status":0},{"playerId":277917,"score":1500,"energy":9,"posx":9,"posy":1,"lastAction":0,"status":0},{"playerId":75082,"score":1425,"energy":41,"posx":9,"posy":1,"lastAction":0,"status":0},{"playerId":2238718,"score":900,"energy":19,"posx":18,"posy":3,"lastAction":4,"status":0}],"golds":[{"posx":9,"posy":0,"amount":400},{"posx":7,"posy":1,"amount":100},{"posx":2,"posy":2,"amount":350},{"posx":0,"posy":3,"amount":50},{"posx":18,"posy":3,"amount":350},{"posx":2,"posy":5,"amount":100}],"changedObstacles":[]},{"players":[{"playerId":2619262,"score":1375,"energy":5,"posx":9,"posy":0,"lastAction":0,"status":0},{"playerId":277917,"score":1500,"energy":5,"posx":9,"posy":0,"lastAction":2,"status":0},{"playerId":75082,"score":1425,"energy":37,"posx":9,"posy":0,"lastAction":2,"status":0},{"playerId":2238718,"score":950,"energy":14,"posx":18,"posy":3,"lastAction":5,"status":0}],"golds":[{"posx":9,"posy":0,"amount":400},{"posx":7,"posy":1,"amount":100},{"posx":2,"posy":2,"amount":350},{"posx":0,"posy":3,"amount":50},{"posx":18,"posy":3,"amount":300},{"posx":2,"posy":5,"amount":100}],"changedObstacles":[]},{"players":[{"playerId":2619262,"score":1375,"energy":17,"posx":9,"posy":0,"lastAction":4,"status":0},{"playerId":277917,"score":1500,"energy":17,"posx":9,"posy":0,"lastAction":4,"status":0},{"playerId":75082,"score":1475,"energy":32,"posx":9,"posy":0,"lastAction":5,"status":0},{"playerId":2238718,"score":1000,"energy":9,"posx":18,"posy":3,"lastAction":5,"status":0}],"golds":[{"posx":9,"posy":0,"amount":350},{"posx":7,"posy":1,"amount":100},{"posx":2,"posy":2,"amount":350},{"posx":0,"posy":3,"amount":50},{"posx":18,"posy":3,"amount":250},{"posx":2,"posy":5,"amount":100}],"changedObstacles":[]},{"players":[{"playerId":2619262,"score":1425,"energy":12,"posx":9,"posy":0,"lastAction":5,"status":0},{"playerId":277917,"score":1500,"energy":33,"posx":9,"posy":0,"lastAction":4,"status":0},{"playerId":75082,"score":1525,"energy":27,"posx":9,"posy":0,"lastAction":5,"status":0},{"playerId":2238718,"score":1000,"energy":21,"posx":18,"posy":3,"lastAction":4,"status":0}],"golds":[{"posx":9,"posy":0,"amount":250},{"posx":7,"posy":1,"amount":100},{"posx":2,"posy":2,"amount":350},{"posx":0,"posy":3,"amount":50},{"posx":18,"posy":3,"amount":250},{"posx":2,"posy":5,"amount":100}],"changedObstacles":[]},{"players":[{"playerId":2619262,"score":1475,"energy":7,"posx":9,"posy":0,"lastAction":5,"status":0},{"playerId":277917,"score":1550,"energy":28,"posx":9,"posy":0,"lastAction":5,"status":0},{"playerId":75082,"score":1575,"energy":22,"posx":9,"posy":0,"lastAction":5,"status":0},{"playerId":2238718,"score":1050,"energy":16,"posx":18,"posy":3,"lastAction":5,"status":0}],"golds":[{"posx":9,"posy":0,"amount":100},{"posx":7,"posy":1,"amount":100},{"posx":2,"posy":2,"amount":350},{"posx":0,"posy":3,"amount":50},{"posx":18,"posy":3,"amount":200},{"posx":2,"posy":5,"amount":100}],"changedObstacles":[]},{"players":[{"playerId":2619262,"score":1525,"energy":2,"posx":9,"posy":0,"lastAction":5,"status":0},{"playerId":277917,"score":1550,"energy":27,"posx":8,"posy":0,"lastAction":0,"status":0},{"playerId":75082,"score":1625,"energy":17,"posx":9,"posy":0,"lastAction":5,"status":0},{"playerId":2238718,"score":1100,"energy":11,"posx":18,"posy":3,"lastAction":5,"status":0}],"golds":[{"posx":7,"posy":1,"amount":100},{"posx":2,"posy":2,"amount":350},{"posx":0,"posy":3,"amount":50},{"posx":18,"posy":3,"amount":150},{"posx":2,"posy":5,"amount":100}],"changedObstacles":[{"type":0,"posx":9,"posy":0,"value":-1}]},{"players":[{"playerId":2619262,"score":1525,"energy":1,"posx":8,"posy":0,"lastAction":0,"status":0},{"playerId":277917,"score":1550,"energy":26,"posx":7,"posy":0,"lastAction":0,"status":0},{"playerId":75082,"score":1625,"energy":16,"posx":10,"posy":0,"lastAction":1,"status":0},{"playerId":2238718,"score":1150,"energy":6,"posx":18,"posy":3,"lastAction":5,"status":0}],"golds":[{"posx":7,"posy":1,"amount":100},{"posx":2,"posy":2,"amount":350},{"posx":0,"posy":3,"amount":50},{"posx":18,"posy":3,"amount":100},{"posx":2,"posy":5,"amount":100}],"changedObstacles":[]},{"players":[{"playerId":2619262,"score":1525,"energy":13,"posx":8,"posy":0,"lastAction":4,"status":0},{"playerId":277917,"score":1550,"energy":22,"posx":7,"posy":1,"lastAction":3,"status":0},{"playerId":75082,"score":1625,"energy":15,"posx":9,"posy":0,"lastAction":0,"status":0},{"playerId":2238718,"score":1150,"energy":18,"posx":18,"posy":3,"lastAction":4,"status":0}],"golds":[{"posx":7,"posy":1,"amount":100},{"posx":2,"posy":2,"amount":350},{"posx":0,"posy":3,"amount":50},{"posx":18,"posy":3,"amount":100},{"posx":2,"posy":5,"amount":100}],"changedObstacles":[]},{"players":[{"playerId":2619262,"score":1525,"energy":12,"posx":7,"posy":0,"lastAction":0,"status":0},{"playerId":277917,"score":1600,"energy":17,"posx":7,"posy":1,"lastAction":5,"status":0},{"playerId":75082,"score":1625,"energy":14,"posx":10,"posy":0,"lastAction":1,"status":0},{"playerId":2238718,"score":1200,"energy":13,"posx":18,"posy":3,"lastAction":5,"status":0}],"golds":[{"posx":7,"posy":1,"amount":50},{"posx":2,"posy":2,"amount":350},{"posx":0,"posy":3,"amount":50},{"posx":18,"posy":3,"amount":50},{"posx":2,"posy":5,"amount":100}],"changedObstacles":[]},{"players":[{"playerId":2619262,"score":1525,"energy":8,"posx":7,"posy":1,"lastAction":3,"status":0},{"playerId":277917,"score":1650,"energy":12,"posx":7,"posy":1,"lastAction":5,"status":0},{"playerId":75082,"score":1625,"energy":13,"posx":9,"posy":0,"lastAction":0,"status":0},{"playerId":2238718,"score":1250,"energy":8,"posx":18,"posy":3,"lastAction":5,"status":0}],"golds":[{"posx":2,"posy":2,"amount":350},{"posx":0,"posy":3,"amount":50},{"posx":2,"posy":5,"amount":100}],"changedObstacles":[{"type":0,"posx":18,"posy":3,"value":-1},{"type":0,"posx":7,"posy":1,"value":-1}]},{"players":[{"playerId":2619262,"score":1525,"energy":7,"posx":7,"posy":2,"lastAction":3,"status":0},{"playerId":277917,"score":1650,"energy":11,"posx":6,"posy":1,"lastAction":0,"status":0},{"playerId":75082,"score":1625,"energy":12,"posx":10,"posy":0,"lastAction":1,"status":0},{"playerId":2238718,"score":1250,"energy":20,"posx":18,"posy":3,"lastAction":4,"status":0}],"golds":[{"posx":2,"posy":2,"amount":350},{"posx":0,"posy":3,"amount":50},{"posx":2,"posy":5,"amount":100}],"changedObstacles":[]},{"players":[{"playerId":2619262,"score":1525,"energy":6,"posx":6,"posy":2,"lastAction":0,"status":0},{"playerId":277917,"score":1650,"energy":10,"posx":5,"posy":1,"lastAction":0,"status":0},{"playerId":75082,"score":1625,"energy":11,"posx":11,"posy":0,"lastAction":1,"status":0},{"playerId":2238718,"score":1250,"energy":36,"posx":18,"posy":3,"lastAction":4,"status":0}],"golds":[{"posx":2,"posy":2,"amount":350},{"posx":0,"posy":3,"amount":50},{"posx":2,"posy":5,"amount":100}],"changedObstacles":[]},{"players":[{"playerId":2619262,"score":1525,"energy":5,"posx":5,"posy":2,"lastAction":0,"status":0},{"playerId":277917,"score":1650,"energy":9,"posx":4,"posy":1,"lastAction":0,"status":0},{"playerId":75082,"score":1625,"energy":10,"posx":11,"posy":1,"lastAction":3,"status":0},{"playerId":2238718,"score":1250,"energy":35,"posx":17,"posy":3,"lastAction":0,"status":0}],"golds":[{"posx":2,"posy":2,"amount":350},{"posx":0,"posy":3,"amount":50},{"posx":2,"posy":5,"amount":100}],"changedObstacles":[]},{"players":[{"playerId":2619262,"score":1525,"energy":4,"posx":4,"posy":2,"lastAction":0,"status":0},{"playerId":277917,"score":1650,"energy":8,"posx":3,"posy":1,"lastAction":0,"status":0},{"playerId":75082,"score":1625,"energy":22,"posx":11,"posy":1,"lastAction":4,"status":0},{"playerId":2238718,"score":1250,"energy":34,"posx":16,"posy":3,"lastAction":0,"status":0}],"golds":[{"posx":2,"posy":2,"amount":350},{"posx":0,"posy":3,"amount":50},{"posx":2,"posy":5,"amount":100}],"changedObstacles":[]},{"players":[{"playerId":2619262,"score":1525,"energy":3,"posx":3,"posy":2,"lastAction":0,"status":0},{"playerId":277917,"score":1650,"energy":7,"posx":2,"posy":1,"lastAction":0,"status":0},{"playerId":75082,"score":1625,"energy":38,"posx":11,"posy":1,"lastAction":4,"status":0},{"playerId":2238718,"score":1250,"energy":33,"posx":15,"posy":3,"lastAction":0,"status":0}],"golds":[{"posx":2,"posy":2,"amount":350},{"posx":0,"posy":3,"amount":50},{"posx":2,"posy":5,"amount":100}],"changedObstacles":[]},{"players":[{"playerId":2619262,"score":1525,"energy":15,"posx":3,"posy":2,"lastAction":4,"status":0},{"playerId":277917,"score":1650,"energy":3,"posx":2,"posy":2,"lastAction":3,"status":0},{"playerId":75082,"score":1625,"energy":37,"posx":11,"posy":0,"lastAction":2,"status":0},{"playerId":2238718,"score":1250,"energy":32,"posx":14,"posy":3,"lastAction":0,"status":0}],"golds":[{"posx":2,"posy":2,"amount":350},{"posx":0,"posy":3,"amount":50},{"posx":2,"posy":5,"amount":100}],"changedObstacles":[]},{"players":[{"playerId":2619262,"score":1525,"energy":11,"posx":2,"posy":2,"lastAction":0,"status":0},{"playerId":277917,"score":1650,"energy":15,"posx":2,"posy":2,"lastAction":4,"status":0},{"playerId":75082,"score":1625,"energy":36,"posx":11,"posy":1,"lastAction":3,"status":0},{"playerId":2238718,"score":1250,"energy":31,"posx":13,"posy":3,"lastAction":0,"status":0}],"golds":[{"posx":2,"posy":2,"amount":350},{"posx":0,"posy":3,"amount":50},{"posx":2,"posy":5,"amount":100}],"changedObstacles":[]},{"players":[{"playerId":2619262,"score":1575,"energy":6,"posx":2,"posy":2,"lastAction":5,"status":0},{"playerId":277917,"score":1650,"energy":31,"posx":2,"posy":2,"lastAction":4,"status":0},{"playerId":75082,"score":1625,"energy":35,"posx":11,"posy":0,"lastAction":2,"status":0},{"playerId":2238718,"score":1250,"energy":30,"posx":12,"posy":3,"lastAction":0,"status":0}],"golds":[{"posx":2,"posy":2,"amount":300},{"posx":0,"posy":3,"amount":50},{"posx":2,"posy":5,"amount":100}],"changedObstacles":[]},{"players":[{"playerId":2619262,"score":1625,"energy":1,"posx":2,"posy":2,"lastAction":5,"status":0},{"playerId":277917,"score":1650,"energy":50,"posx":2,"posy":2,"lastAction":4,"status":0},{"playerId":75082,"score":1625,"energy":34,"posx":11,"posy":1,"lastAction":3,"status":0},{"playerId":2238718,"score":1250,"energy":29,"posx":11,"posy":3,"lastAction":0,"status":0}],"golds":[{"posx":2,"posy":2,"amount":250},{"posx":0,"posy":3,"amount":50},{"posx":2,"posy":5,"amount":100}],"changedObstacles":[]},{"players":[{"playerId":2619262,"score":1625,"energy":13,"posx":2,"posy":2,"lastAction":4,"status":0},{"playerId":277917,"score":1700,"energy":45,"posx":2,"posy":2,"lastAction":5,"status":0},{"playerId":75082,"score":1625,"energy":33,"posx":11,"posy":0,"lastAction":2,"status":0},{"playerId":2238718,"score":1250,"energy":28,"posx":10,"posy":3,"lastAction":0,"status":0}],"golds":[{"posx":2,"posy":2,"amount":200},{"posx":0,"posy":3,"amount":50},{"posx":2,"posy":5,"amount":100}],"changedObstacles":[]},{"players":[{"playerId":2619262,"score":1675,"energy":8,"posx":2,"posy":2,"lastAction":5,"status":0},{"playerId":277917,"score":1750,"energy":40,"posx":2,"posy":2,"lastAction":5,"status":0},{"playerId":75082,"score":1625,"energy":32,"posx":11,"posy":1,"lastAction":3,"status":0},{"playerId":2238718,"score":1250,"energy":27,"posx":10,"posy":2,"lastAction":2,"status":0}],"golds":[{"posx":2,"posy":2,"amount":100},{"posx":0,"posy":3,"amount":50},{"posx":2,"posy":5,"amount":100}],"changedObstacles":[]},{"players":[{"playerId":2619262,"score":1725,"energy":3,"posx":2,"posy":2,"lastAction":5,"status":0},{"playerId":277917,"score":1800,"energy":35,"posx":2,"posy":2,"lastAction":5,"status":0},{"playerId":75082,"score":1625,"energy":31,"posx":11,"posy":0,"lastAction":2,"status":0},{"playerId":2238718,"score":1250,"energy":26,"posx":9,"posy":2,"lastAction":0,"status":0}],"golds":[{"posx":0,"posy":3,"amount":50},{"posx":2,"posy":5,"amount":100}],"changedObstacles":[{"type":0,"posx":2,"posy":2,"value":-1}]},{"players":[{"playerId":2619262,"score":1725,"energy":2,"posx":2,"posy":3,"lastAction":3,"status":0},{"playerId":277917,"score":1800,"energy":34,"posx":2,"posy":3,"lastAction":3,"status":0},{"playerId":75082,"score":1625,"energy":30,"posx":11,"posy":1,"lastAction":3,"status":0},{"playerId":2238718,"score":1250,"energy":25,"posx":8,"posy":2,"lastAction":0,"status":0}],"golds":[{"posx":0,"posy":3,"amount":50},{"posx":2,"posy":5,"amount":100}],"changedObstacles":[]},{"players":[{"playerId":2619262,"score":1725,"energy":1,"posx":2,"posy":4,"lastAction":3,"status":0},{"playerId":277917,"score":1800,"energy":33,"posx":2,"posy":4,"lastAction":3,"status":0},{"playerId":75082,"score":1625,"energy":29,"posx":12,"posy":1,"lastAction":1,"status":0},{"playerId":2238718,"score":1250,"energy":24,"posx":7,"posy":2,"lastAction":0,"status":0}],"golds":[{"posx":0,"posy":3,"amount":50},{"posx":2,"posy":5,"amount":100}],"changedObstacles":[]},{"players":[{"playerId":2619262,"score":1725,"energy":13,"posx":2,"posy":4,"lastAction":4,"status":0},{"playerId":277917,"score":1800,"energy":29,"posx":2,"posy":5,"lastAction":3,"status":0},{"playerId":75082,"score":1625,"energy":28,"posx":13,"posy":1,"lastAction":1,"status":0},{"playerId":2238718,"score":1250,"energy":23,"posx":6,"posy":2,"lastAction":0,"status":0}],"golds":[{"posx":0,"posy":3,"amount":50},{"posx":2,"posy":5,"amount":100}],"changedObstacles":[]},{"players":[{"playerId":2619262,"score":1725,"energy":9,"posx":2,"posy":5,"lastAction":3,"status":0},{"playerId":277917,"score":1850,"energy":24,"posx":2,"posy":5,"lastAction":5,"status":0},{"playerId":75082,"score":1625,"energy":27,"posx":12,"posy":1,"lastAction":0,"status":0},{"playerId":2238718,"score":1250,"energy":22,"posx":5,"posy":2,"lastAction":0,"status":0}],"golds":[{"posx":0,"posy":3,"amount":50},{"posx":2,"posy":5,"amount":50}],"changedObstacles":[]},{"players":[{"playerId":2619262,"score":1750,"energy":4,"posx":2,"posy":5,"lastAction":5,"status":0},{"playerId":277917,"score":1875,"energy":19,"posx":2,"posy":5,"lastAction":5,"status":0},{"playerId":75082,"score":1625,"energy":26,"posx":11,"posy":1,"lastAction":0,"status":0},{"playerId":2238718,"score":1250,"energy":21,"posx":4,"posy":2,"lastAction":0,"status":0}],"golds":[{"posx":0,"posy":3,"amount":50}],"changedObstacles":[{"type":0,"posx":2,"posy":5,"value":-1}]},{"players":[{"playerId":2619262,"score":1750,"energy":3,"posx":1,"posy":5,"lastAction":0,"status":0},{"playerId":277917,"score":1875,"energy":31,"posx":2,"posy":5,"lastAction":4,"status":0},{"playerId":75082,"score":1625,"energy":25,"posx":12,"posy":1,"lastAction":1,"status":0},{"playerId":2238718,"score":1250,"energy":20,"posx":3,"posy":2,"lastAction":0,"status":0}],"golds":[{"posx":0,"posy":3,"amount":50}],"changedObstacles":[]},{"players":[{"playerId":2619262,"score":1750,"energy":2,"posx":0,"posy":5,"lastAction":0,"status":0},{"playerId":277917,"score":1875,"energy":47,"posx":2,"posy":5,"lastAction":4,"status":0},{"playerId":75082,"score":1625,"energy":24,"posx":13,"posy":1,"lastAction":1,"status":0},{"playerId":2238718,"score":1250,"energy":19,"posx":2,"posy":2,"lastAction":0,"status":0}],"golds":[{"posx":0,"posy":3,"amount":50}],"changedObstacles":[]},{"players":[{"playerId":2619262,"score":1750,"energy":1,"posx":0,"posy":4,"lastAction":2,"status":0},{"playerId":277917,"score":1875,"energy":50,"posx":2,"posy":5,"lastAction":4,"status":0},{"playerId":75082,"score":1625,"energy":23,"posx":12,"posy":1,"lastAction":0,"status":0},{"playerId":2238718,"score":1250,"energy":18,"posx":1,"posy":2,"lastAction":0,"status":0}],"golds":[{"posx":0,"posy":3,"amount":50}],"changedObstacles":[]}]