[{"players":[{"playerId":5588,"score":0,"energy":49,"posx":2,"posy":7,"lastAction":2,"status":0},{"playerId":2248990,"score":0,"energy":49,"posx":2,"posy":7,"lastAction":2,"status":0},{"playerId":1168092,"score":0,"energy":49,"posx":2,"posy":7,"lastAction":2,"status":0},{"playerId":2271981,"score":0,"energy":49,"posx":2,"posy":7,"lastAction":2,"status":0}],"golds":[{"posx":14,"posy":7,"amount":150},{"posx":2,"posy":2,"amount":350},{"posx":18,"posy":6,"amount":550},{"posx":11,"posy":8,"amount":450},{"posx":10,"posy":5,"amount":400},{"posx":15,"posy":3,"amount":400},{"posx":13,"posy":1,"amount":400},{"posx":16,"posy":7,"amount":450},{"posx":14,"posy":4,"amount":300},{"posx":7,"posy":1,"amount":100},{"posx":2,"posy":5,"amount":100},{"posx":9,"posy":0,"amount":400},{"posx":9,"posy":8,"amount":50},{"posx":0,"posy":3,"amount":50},{"posx":13,"posy":6,"amount":50},{"posx":18,"posy":3,"amount":450},{"posx":10,"posy":3,"amount":150},{"posx":16,"posy":4,"amount":350},{"posx":3,"posy":7,"amount":750},{"posx":11,"posy":3,"amount":650}],"changedObstacles":[]},{"players":[{"playerId":5588,"score":0,"energy":45,"posx":3,"posy":7,"lastAction":1,"status":0},{"playerId":2248990,"score":0,"energy":45,"posx":3,"posy":7,"lastAction":1,"status":0},{"playerId":1168092,"score":0,"energy":45,"posx":3,"posy":7,"lastAction":1,"status":0},{"playerId":2271981,"score":0,"energy":45,"posx":3,"posy":7,"lastAction":1,"status":0}],"golds":[{"posx":14,"posy":7,"amount":150},{"posx":2,"posy":2,"amount":350},{"posx":18,"posy":6,"amount":550},{"posx":11,"posy":8,"amount":450},{"posx":10,"posy":5,"amount":400},{"posx":15,"posy":3,"amount":400},{"posx":13,"posy":1,"amount":400},{"posx":16,"posy":7,"amount":450},{"posx":14,"posy":4,"amount":300},{"posx":7,"posy":1,"amount":100},{"posx":2,"posy":5,"amount":100},{"posx":9,"posy":0,"amount":400},{"posx":9,"posy":8,"amount":50},{"posx":0,"posy":3,"amount":50},{"posx":13,"posy":6,"amount":50},{"posx":18,"posy":3,"amount":450},{"posx":10,"posy":3,"amount":150},{"posx":16,"posy":4,"amount":350},{"posx":3,"posy":7,"amount":750},{"posx":11,"posy":3,"amount":650}],"changedObstacles":[]},{"players":[{"playerId":5588,"score":50,"energy":40,"posx":3,"posy":7,"lastAction":5,"status":0},{"playerId":2248990,"score":50,"energy":40,"posx":3,"posy":7,"lastAction":5,"status":0},{"playerId":1168092,"score":50,"energy":40,"posx":3,"posy":7,"lastAction":5,"status":0},{"playerId":2271981,"score":50,"energy":40,"posx":3,"posy":7,"lastAction":5,"status":0}],"golds":[{"posx":9,"posy":0,"amount":400},{"posx":7,"posy":1,"amount":100},{"posx":13,"posy":1,"amount":400},{"posx":2,"posy":2,"amount":350},{"posx":0,"posy":3,"amount":50},{"posx":10,"posy":3,"amount":150},{"posx":11,"posy":3,"amount":650},{"posx":15,"posy":3,"amount":400},{"posx":18,"posy":3,"amount":450},{"posx":14,"posy":4,"amount":300},{"posx":16,"posy":4,"amount":350},{"posx":2,"posy":5,"amount":100},{"posx":10,"posy":5,"amount":400},{"posx":13,"posy":6,"amount":50},{"posx":18,"posy":6,"amount":550},{"posx":3,"posy":7,"amount":550},{"posx":14,"posy":7,"amount":150},{"posx":16,"posy":7,"amount":450},{"posx":9,"posy":8,"amount":50},{"posx":11,"posy":8,"amount":450}],"changedObstacles":[]},{"players":[{"playerId":5588,"score":100,"energy":35,"posx":3,"posy":7,"lastAction":5,"status":0},{"playerId":2248990,"score":100,"energy":35,"posx":3,"posy":7,"lastAction":5,"status":0},{"playerId":1168092,"score":100,"energy":35,"posx":3,"posy":7,"lastAction":5,"status":0},{"playerId":2271981,"score":100,"energy":35,"posx":3,"posy":7,"lastAction":5,"status":0}],"golds":[{"posx":9,"posy":0,"amount":400},{"posx":7,"posy":1,"amount":100},{"posx":13,"posy":1,"amount":400},{"posx":2,"posy":2,"amount":350},{"posx":0,"posy":3,"amount":50},{"posx":10,"posy":3,"amount":150},{"posx":11,"posy":3,"amount":650},{"posx":15,"posy":3,"amount":400},{"posx":18,"posy":3,"amount":450},{"posx":14,"posy":4,"amount":300},{"posx":16,"posy":4,"amount":350},{"posx":2,"posy":5,"amount":100},{"posx":10,"posy":5,"amount":400},{"posx":13,"posy":6,"amount":50},{"posx":18,"posy":6,"amount":550},{"posx":3,"posy":7,"amount":350},{"posx":14,"posy":7,"amount":150},{"posx":16,"posy":7,"amount":450},{"posx":9,"posy":8,"amount":50},{"posx":11,"posy":8,"amount":450}],"changedObstacles":[]},{"players":[{"playerId":5588,"score":150,"energy":30,"posx":3,"posy":7,"lastAction":5,"status":0},{"playerId":2248990,"score":150,"energy":30,"posx":3,"posy":7,"lastAction":5,"status":0},{"playerId":1168092,"score":150,"energy":30,"posx":3,"posy":7,"lastAction":5,"status":0},{"playerId":2271981,"score":150,"energy":30,"posx":3,"posy":7,"lastAction":5,"status":0}],"golds":[{"posx":9,"posy":0,"amount":400},{"posx":7,"posy":1,"amount":100},{"posx":13,"posy":1,"amount":400},{"posx":2,"posy":2,"amount":350},{"posx":0,"posy":3,"amount":50},{"posx":10,"posy":3,"amount":150},{"posx":11,"posy":3,"amount":650},{"posx":15,"posy":3,"amount":400},{"posx":18,"posy":3,"amount":450},{"posx":14,"posy":4,"amount":300},{"posx":16,"posy":4,"amount":350},{"posx":2,"posy":5,"amount":100},{"posx":10,"posy":5,"amount":400},{"posx":13,"posy":6,"amount":50},{"posx":18,"posy":6,"amount":550},{"posx":3,"posy":7,"amount":150},{"posx":14,"posy":7,"amount":150},{"posx":16,"posy":7,"amount":450},{"posx":9,"posy":8,"amount":50},{"posx":11,"posy":8,"amount":450}],"changedObstacles":[]},{"players":[{"playerId":5588,"score":188,"energy":25,"posx":3,"posy":7,"lastAction":5,"status":0},{"playerId":2248990,"score":188,"energy":25,"posx":3,"posy":7,"lastAction":5,"status":0},{"playerId":1168092,"score":188,"energy":25,"posx":3,"posy":7,"lastAction":5,"status":0},{"playerId":2271981,"score":188,"energy":25,"posx":3,"posy":7,"lastAction":5,"status":0}],"golds":[{"posx":9,"posy":0,"amount":400},{"posx":7,"posy":1,"amount":100},{"posx":13,"posy":1,"amount":400},{"posx":2,"posy":2,"amount":350},{"posx":0,"posy":3,"amount":50},{"posx":10,"posy":3,"amount":150},{"posx":11,"posy":3,"amount":650},{"posx":15,"posy":3,"amount":400},{"posx":18,"posy":3,"amount":450},{"posx":14,"posy":4,"amount":300},{"posx":16,"posy":4,"amount":350},{"posx":2,"posy":5,"amount":100},{"posx":10,"posy":5,"amount":400},{"posx":13,"posy":6,"amount":50},{"posx":18,"posy":6,"amount":550},{"posx":14,"posy":7,"amount":150},{"posx":16,"posy":7,"amount":450},{"posx":9,"posy":8,"amount":50},{"posx":11,"posy":8,"amount":450}],"changedObstacles":[{"type":0,"posx":3,"posy":7,"value":-1}]},{"players":[{"playerId":5588,"score":188,"energy":24,"posx":3,"posy":6,"lastAction":2,"status":0},{"playerId":2248990,"score":188,"energy":24,"posx":4,"posy":7,"lastAction":1,"status":0},{"playerId":1168092,"score":188,"energy":24,"posx":3,"posy":6,"lastAction":2,"status":0},{"playerId":2271981,"score":188,"energy":24,"posx":3,"posy":6,"lastAction":2,"status":0}],"golds":[{"posx":9,"posy":0,"amount":400},{"posx":7,"posy":1,"amount":100},{"posx":13,"posy":1,"amount":400},{"posx":2,"posy":2,"amount":350},{"posx":0,"posy":3,"amount":50},{"posx":10,"posy":3,"amount":150},{"posx":11,"posy":3,"amount":650},{"posx":15,"posy":3,"amount":400},{"posx":18,"posy":3,"amount":450},{"posx":14,"posy":4,"amount":300},{"posx":16,"posy":4,"amount":350},{"posx":2,"posy":5,"amount":100},{"posx":10,"posy":5,"amount":400},{"posx":13,"posy":6,"amount":50},{"posx":18,"posy":6,"amount":550},{"posx":14,"posy":7,"amount":150},{"posx":16,"posy":7,"amount":450},{"posx":9,"posy":8,"amount":50},{"posx":11,"posy":8,"amount":450}],"changedObstacles":[]},{"players":[{"playerId":5588,"score":188,"energy":23,"posx":3,"posy":5,"lastAction":2,"status":0},{"playerId":2248990,"score":188,"energy":23,"posx":5,"posy":7,"lastAction":1,"status":0},{"playerId":1168092,"score":188,"energy":23,"posx":3,"posy":5,"lastAction":2,"status":0},{"playerId":2271981,"score":188,"energy":23,"posx":3,"posy":5,"lastAction":2,"status":0}],"golds":[{"posx":9,"posy":0,"amount":400},{"posx":7,"posy":1,"amount":100},{"posx":13,"posy":1,"amount":400},{"posx":2,"posy":2,"amount":350},{"posx":0,"posy":3,"amount":50},{"posx":10,"posy":3,"amount":150},{"posx":11,"posy":3,"amount":650},{"posx":15,"posy":3,"amount":400},{"posx":18,"posy":3,"amount":450},{"posx":14,"posy":4,"amount":300},{"posx":16,"posy":4,"amount":350},{"posx":2,"posy":5,"amount":100},{"posx":10,"posy":5,"amount":400},{"posx":13,"posy":6,"amount":50},{"posx":18,"posy":6,"amount":550},{"posx":14,"posy":7,"amount":150},{"posx":16,"posy":7,"amount":450},{"posx":9,"posy":8,"amount":50},{"posx":11,"posy":8,"amount":450}],"changedObstacles":[]},{"players":[{"playerId":5588,"score":188,"energy":19,"posx":2,"posy":5,"lastAction":0,"status":0},{"playerId":2248990,"score":188,"energy":22,"posx":6,"posy":7,"lastAction":1,"status":0},{"playerId":1168092,"score":188,"energy":19,"posx":2,"posy":5,"lastAction":0,"status":0},{"playerId":2271981,"score":188,"energy":19,"posx":2,"posy":5,"lastAction":0,"status":0}],"golds":[{"posx":9,"posy":0,"amount":400},{"posx":7,"posy":1,"amount":100},{"posx":13,"posy":1,"amount":400},{"posx":2,"posy":2,"amount":350},{"posx":0,"posy":3,"amount":50},{"posx":10,"posy":3,"amount":150},{"posx":11,"posy":3,"amount":650},{"posx":15,"posy":3,"amount":400},{"posx":18,"posy":3,"amount":450},{"posx":14,"posy":4,"amount":300},{"posx":16,"posy":4,"amount":350},{"posx":2,"posy":5,"amount":100},{"posx":10,"posy":5,"amount":400},{"posx":13,"posy":6,"amount":50},{"posx":18,"posy":6,"amount":550},{"posx":14,"posy":7,"amount":150},{"posx":16,"posy":7,"amount":450},{"posx":9,"posy":8,"amount":50},{"posx":11,"posy":8,"amount":450}],"changedObstacles":[]},{"players":[{"playerId":5588,"score":222,"energy":14,"posx":2,"posy":5,"lastAction":5,"status":0},{"playerId":2248990,"score":188,"energy":21,"posx":7,"posy":7,"lastAction":1,"status":0},{"playerId":1168092,"score":222,"energy":14,"posx":2,"posy":5,"lastAction":5,"status":0},{"playerId":2271981,"score":222,"energy":14,"posx":2,"posy":5,"lastAction":5,"status":0}],"golds":[{"posx":9,"posy":0,"amount":400},{"posx":7,"posy":1,"amount":100},{"posx":13,"posy":1,"amount":400},{"posx":2,"posy":2,"amount":350},{"posx":0,"posy":3,"amount":50},{"posx":10,"posy":3,"amount":150},{"posx":11,"posy":3,"amount":650},{"posx":15,"posy":3,"amount":400},{"posx":18,"posy":3,"amount":450},{"posx":14,"posy":4,"amount":300},{"posx":16,"posy":4,"amount":350},{"posx":10,"posy":5,"amount":400},{"posx":13,"posy":6,"amount":50},{"posx":18,"posy":6,"amount":550},{"posx":14,"posy":7,"amount":150},{"posx":16,"posy":7,"amount":450},{"posx":9,"posy":8,"amount":50},{"posx":11,"posy":8,"amount":450}],"changedObstacles":[{"type":0,"posx":2,"posy":5,"value":-1}]},{"players":[{"playerId":5588,"score":222,"energy":13,"posx":2,"posy":4,"lastAction":2,"status":0},{"playerId":2248990,"score":188,"energy":20,"posx":8,"posy":7,"lastAction":1,"status":0},{"playerId":1168092,"score":222,"energy":13,"posx":2,"posy":4,"lastAction":2,"status":0},{"playerId":2271981,"score":222,"energy":13,"posx":2,"posy":4,"lastAction":2,"status":0}],"golds":[{"posx":9,"posy":0,"amount":400},{"posx":7,"posy":1,"amount":100},{"posx":13,"posy":1,"amount":400},{"posx":2,"posy":2,"amount":350},{"posx":0,"posy":3,"amount":50},{"posx":10,"posy":3,"amount":150},{"posx":11,"posy":3,"amount":650},{"posx":15,"posy":3,"amount":400},{"posx":18,"posy":3,"amount":450},{"posx":14,"posy":4,"amount":300},{"posx":16,"posy":4,"amount":350},{"posx":10,"posy":5,"amount":400},{"posx":13,"posy":6,"amount":50},{"posx":18,"posy":6,"amount":550},{"posx":14,"posy":7,"amount":150},{"posx":16,"posy":7,"amount":450},{"posx":9,"posy":8,"amount":50},{"posx":11,"posy":8,"amount":450}],"changedObstacles":[]},{"players":[{"playerId":5588,"score":222,"energy":12,"posx":2,"posy":3,"lastAction":2,"status":0},{"playerId":2248990,"score":188,"energy":32,"posx":8,"posy":7,"lastAction":4,"status":0},{"playerId":1168092,"score":222,"energy":12,"posx":2,"posy":3,"lastAction":2,"status":0},{"playerId":2271981,"score":222,"energy":12,"posx":2,"posy":3,"lastAction":2,"status":0}],"golds":[{"posx":9,"posy":0,"amount":400},{"posx":7,"posy":1,"amount":100},{"posx":13,"posy":1,"amount":400},{"posx":2,"posy":2,"amount":350},{"posx":0,"posy":3,"amount":50},{"posx":10,"posy":3,"amount":150},{"posx":11,"posy":3,"amount":650},{"posx":15,"posy":3,"amount":400},{"posx":18,"posy":3,"amount":450},{"posx":14,"posy":4,"amount":300},{"posx":16,"posy":4,"amount":350},{"posx":10,"posy":5,"amount":400},{"posx":13,"posy":6,"amount":50},{"posx":18,"posy":6,"amount":550},{"posx":14,"posy":7,"amount":150},{"posx":16,"posy":7,"amount":450},{"posx":9,"posy":8,"amount":50},{"posx":11,"posy":8,"amount":450}],"changedObstacles":[]},{"players":[{"playerId":5588,"score":222,"energy":8,"posx":2,"posy":2,"lastAction":2,"status":0},{"playerId":2248990,"score":188,"energy":31,"posx":9,"posy":7,"lastAction":1,"status":0},{"playerId":1168092,"score":222,"energy":8,"posx":2,"posy":2,"lastAction":2,"status":0},{"playerId":2271981,"score":222,"energy":8,"posx":2,"posy":2,"lastAction":2,"status":0}],"golds":[{"posx":9,"posy":0,"amount":400},{"posx":7,"posy":1,"amount":100},{"posx":13,"posy":1,"amount":400},{"posx":2,"posy":2,"amount":350},{"posx":0,"posy":3,"amount":50},{"posx":10,"posy":3,"amount":150},{"posx":11,"posy":3,"amount":650},{"posx":15,"posy":3,"amount":400},{"posx":18,"posy":3,"amount":450},{"posx":14,"posy":4,"amount":300},{"posx":16,"posy":4,"amount":350},{"posx":10,"posy":5,"amount":400},{"posx":13,"posy":6,"amount":50},{"posx":18,"posy":6,"amount":550},{"posx":14,"posy":7,"amount":150},{"posx":16,"posy":7,"amount":450},{"posx":9,"posy":8,"amount":50},{"posx":11,"posy":8,"amount":450}],"changedObstacles":[]},{"players":[{"playerId":5588,"score":222,"energy":20,"posx":2,"posy":2,"lastAction":4,"status":0},{"playerId":2248990,"score":188,"energy":30,"posx":9,"posy":6,"lastAction":2,"status":0},{"playerId":1168092,"score":272,"energy":3,"posx":2,"posy":2,"lastAction":5,"status":0},{"playerId":2271981,"score":272,"energy":3,"posx":2,"posy":2,"lastAction":5,"status":0}],"golds":[{"posx":9,"posy":0,"amount":400},{"posx":7,"posy":1,"amount":100},{"posx":13,"posy":1,"amount":400},{"posx":2,"posy":2,"amount":250},{"posx":0,"posy":3,"amount":50},{"posx":10,"posy":3,"amount":150},{"posx":11,"posy":3,"amount":650},{"posx":15,"posy":3,"amount":400},{"posx":18,"posy":3,"amount":450},{"posx":14,"posy":4,"amount":300},{"posx":16,"posy":4,"amount":350},{"posx":10,"posy":5,"amount":400},{"posx":13,"posy":6,"amount":50},{"posx":18,"posy":6,"amount":550},{"posx":14,"posy":7,"amount":150},{"posx":16,"posy":7,"amount":450},{"posx":9,"posy":8,"amount":50},{"posx":11,"posy":8,"amount":450}],"changedObstacles":[]},{"players":[{"playerId":5588,"score":272,"energy":15,"posx":2,"posy":2,"lastAction":5,"status":0},{"playerId":2248990,"score":188,"energy":29,"posx":9,"posy":5,"lastAction":2,"status":0},{"playerId":1168092,"score":272,"energy":15,"posx":2,"posy":2,"lastAction":4,"status":0},{"playerId":2271981,"score":272,"energy":15,"posx":2,"posy":2,"lastAction":4,"status":0}],"golds":[{"posx":9,"posy":0,"amount":400},{"posx":7,"posy":1,"amount":100},{"posx":13,"posy":1,"amount":400},{"posx":2,"posy":2,"amount":200},{"posx":0,"posy":3,"amount":50},{"posx":10,"posy":3,"amount":150},{"posx":11,"posy":3,"amount":650},{"posx":15,"posy":3,"amount":400},{"posx":18,"posy":3,"amount":450},{"posx":14,"posy":4,"amount":300},{"posx":16,"posy":4,"amount":350},{"posx":10,"posy":5,"amount":400},{"posx":13,"posy":6,"amount":50},{"posx":18,"posy":6,"amount":550},{"posx":14,"posy":7,"amount":150},{"posx":16,"posy":7,"amount":450},{"posx":9,"posy":8,"amount":50},{"posx":11,"posy":8,"amount":450}],"changedObstacles":[]},{"players":[{"playerId":5588,"score":322,"energy":10,"posx":2,"posy":2,"lastAction":5,"status":0},{"playerId":2248990,"score":188,"energy":25,"posx":10,"posy":5,"lastAction":1,"status":0},{"playerId":1168092,"score":272,"energy":31,"posx":2,"posy":2,"lastAction":4,"status":0},{"playerId":2271981,"score":322,"energy":10,"posx":2,"posy":2,"lastAction":5,"status":0}],"golds":[{"posx":9,"posy":0,"amount":400},{"posx":7,"posy":1,"amount":100},{"posx":13,"posy":1,"amount":400},{"posx":2,"posy":2,"amount":100},{"posx":0,"posy":3,"amount":50},{"posx":10,"posy":3,"amount":150},{"posx":11,"posy":3,"amount":650},{"posx":15,"posy":3,"amount":400},{"posx":18,"posy":3,"amount":450},{"posx":14,"posy":4,"amount":300},{"posx":16,"posy":4,"amount":350},{"posx":10,"posy":5,"amount":400},{"posx":13,"posy":6,"amount":50},{"posx":18,"posy":6,"amount":550},{"posx":14,"posy":7,"amount":150},{"posx":16,"posy":7,"amount":450},{"posx":9,"posy":8,"amount":50},{"posx":11,"posy":8,"amount":450}],"changedObstacles":[]},{"players":[{"playerId":5588,"score":322,"energy":22,"posx":2,"posy":2,"lastAction":4,"status":0},{"playerId":2248990,"score":238,"energy":20,"posx":10,"posy":5,"lastAction":5,"status":0},{"playerId":1168092,"score":322,"energy":26,"posx":2,"posy":2,"lastAction":5,"status":0},{"playerId":2271981,"score":372,"energy":5,"posx":2,"posy":2,"lastAction":5,"status":0}],"golds":[{"posx":9,"posy":0,"amount":400},{"posx":7,"posy":1,"amount":100},{"posx":13,"posy":1,"amount":400},{"posx":0,"posy":3,"amount":50},{"posx":10,"posy":3,"amount":150},{"posx":11,"posy":3,"amount":650},{"posx":15,"posy":3,"amount":400},{"posx":18,"posy":3,"amount":450},{"posx":14,"posy":4,"amount":300},{"posx":16,"posy":4,"amount":350},{"posx":10,"posy":5,"amount":350},{"posx":13,"posy":6,"amount":50},{"posx":18,"posy":6,"amount":550},{"posx":14,"posy":7,"amount":150},{"posx":16,"posy":7,"amount":450},{"posx":9,"posy":8,"amount":50},{"posx":11,"posy":8,"amount":450}],"changedObstacles":[{"type":0,"posx":2,"posy":2,"value":-1}]},{"players":[{"playerId":5588,"score":322,"energy":21,"posx":2,"posy":3,"lastAction":3,"status":0},{"playerId":2248990,"score":288,"energy":15,"posx":10,"posy":5,"lastAction":5,"status":0},{"playerId":1168092,"score":322,"energy":25,"posx":2,"posy":3,"lastAction":3,"status":0},{"playerId":2271981,"score":372,"energy":17,"posx":2,"posy":2,"lastAction":4,"status":0}],"golds":[{"posx":9,"posy":0,"amount":400},{"posx":7,"posy":1,"amount":100},{"posx":13,"posy":1,"amount":400},{"posx":0,"posy":3,"amount":50},{"posx":10,"posy":3,"amount":150},{"posx":11,"posy":3,"amount":650},{"posx":15,"posy":3,"amount":400},{"posx":18,"posy":3,"amount":450},{"posx":14,"posy":4,"amount":300},{"posx":16,"posy":4,"amount":350},{"posx":10,"posy":5,"amount":300},{"posx":13,"posy":6,"amount":50},{"posx":18,"posy":6,"amount":550},{"posx":14,"posy":7,"amount":150},{"posx":16,"posy":7,"amount":450},{"posx":9,"posy":8,"amount":50},{"posx":11,"posy":8,"amount":450}],"changedObstacles":[]},{"players":[{"playerId":5588,"score":322,"energy":20,"posx":1,"posy":3,"lastAction":0,"status":0},{"playerId":2248990,"score":338,"energy":10,"posx":10,"posy":5,"lastAction":5,"status":0},{"playerId":1168092,"score":322,"energy":24,"posx":3,"posy":3,"lastAction":1,"status":0},{"playerId":2271981,"score":372,"energy":33,"posx":2,"posy":2,"lastAction":4,"status":0}],"golds":[{"posx":9,"posy":0,"amount":400},{"posx":7,"posy":1,"amount":100},{"posx":13,"posy":1,"amount":400},{"posx":0,"posy":3,"amount":50},{"posx":10,"posy":3,"amount":150},{"posx":11,"posy":3,"amount":650},{"posx":15,"posy":3,"amount":400},{"posx":18,"posy":3,"amount":450},{"posx":14,"posy":4,"amount":300},{"posx":16,"posy":4,"amount":350},{"posx":10,"posy":5,"amount":250},{"posx":13,"posy":6,"amount":50},{"posx":18,"posy":6,"amount":550},{"posx":14,"posy":7,"amount":150},{"posx":16,"posy":7,"amount":450},{"posx":9,"posy":8,"amount":50},{"posx":11,"posy":8,"amount":450}],"changedObstacles":[]},{"players":[{"playerId":5588,"score":322,"energy":16,"posx":0,"posy":3,"lastAction":0,"status":0},{"playerId":2248990,"score":338,"energy":22,"posx":10,"posy":5,"lastAction":4,"status":0},{"playerId":1168092,"score":322,"energy":23,"posx":4,"posy":3,"lastAction":1,"status":0},{"playerId":2271981,"score":372,"energy":50,"posx":2,"posy":2,"lastAction":4,"status":0}],"golds":[{"posx":9,"posy":0,"amount":400},{"posx":7,"posy":1,"amount":100},{"posx":13,"posy":1,"amount":400},{"posx":0,"posy":3,"amount":50},{"posx":10,"posy":3,"amount":150},{"posx":11,"posy":3,"amount":650},{"posx":15,"posy":3,"amount":400},{"posx":18,"posy":3,"amount":450},{"posx":14,"posy":4,"amount":300},{"posx":16,"posy":4,"amount":350},{"posx":10,"posy":5,"amount":250},{"posx":13,"posy":6,"amount":50},{"posx":18,"posy":6,"amount":550},{"posx":14,"posy":7,"amount":150},{"posx":16,"posy":7,"amount":450},{"posx":9,"posy":8,"amount":50},{"posx":11,"posy":8,"amount":450}],"changedObstacles":[]},{"players":[{"playerId":5588,"score":372,"energy":11,"posx":0,"posy":3,"lastAction":5,"status":0},{"playerId":2248990,"score":388,"energy":17,"posx":10,"posy":5,"lastAction":5,"status":0},{"playerId":1168092,"score":322,"energy":22,"posx":5,"posy":3,"lastAction":1,"status":0},{"playerId":2271981,"score":372,"energy":49,"posx":2,"posy":3,"lastAction":3,"status":0}],"golds":[{"posx":9,"posy":0,"amount":400},{"posx":7,"posy":1,"amount":100},{"posx":13,"posy":1,"amount":400},{"posx":10,"posy":3,"amount":150},{"posx":11,"posy":3,"amount":650},{"posx":15,"posy":3,"amount":400},{"posx":18,"posy":3,"amount":450},{"posx":14,"posy":4,"amount":300},{"posx":16,"posy":4,"amount":350},{"posx":10,"posy":5,"amount":200},{"posx":13,"posy":6,"amount":50},{"posx":18,"posy":6,"amount":550},{"posx":14,"posy":7,"amount":150},{"posx":16,"posy":7,"amount":450},{"posx":9,"posy":8,"amount":50},{"posx":11,"posy":8,"amount":450}],"changedObstacles":[{"type":0,"posx":0,"posy":3,"value":-1}]},{"players":[{"playerId":5588,"score":372,"energy":10,"posx":1,"posy":3,"lastAction":1,"status":0},{"playerId":2248990,"score":438,"energy":12,"posx":10,"posy":5,"lastAction":5,"status":0},{"playerId":1168092,"score":322,"energy":21,"posx":6,"posy":3,"lastAction":1,"status":0},{"playerId":2271981,"score":372,"energy":48,"posx":3,"posy":3,"lastAction":1,"status":0}],"golds":[{"posx":9,"posy":0,"amount":400},{"posx":7,"posy":1,"amount":100},{"posx":13,"posy":1,"amount":400},{"posx":10,"posy":3,"amount":150},{"posx":11,"posy":3,"amount":650},{"posx":15,"posy":3,"amount":400},{"posx":18,"posy":3,"amount":450},{"posx":14,"posy":4,"amount":300},{"posx":16,"posy":4,"amount":350},{"posx":10,"posy":5,"amount":150},{"posx":13,"posy":6,"amount":50},{"posx":18,"posy":6,"amount":550},{"posx":14,"posy":7,"amount":150},{"posx":16,"posy":7,"amount":450},{"posx":9,"posy":8,"amount":50},{"posx":11,"posy":8,"amount":450}],"changedObstacles":[]},{"players":[{"playerId":5588,"score":372,"energy":22,"posx":1,"posy":3,"lastAction":4,"status":0},{"playerId":2248990,"score":438,"energy":24,"posx":10,"posy":5,"lastAction":4,"status":0},{"playerId":1168092,"score":322,"energy":20,"posx":7,"posy":3,"lastAction":1,"status":0},{"playerId":2271981,"score":372,"energy":47,"posx":4,"posy":3,"lastAction":1,"status":0}],"golds":[{"posx":9,"posy":0,"amount":400},{"posx":7,"posy":1,"amount":100},{"posx":13,"posy":1,"amount":400},{"posx":10,"posy":3,"amount":150},{"posx":11,"posy":3,"amount":650},{"posx":15,"posy":3,"amount":400},{"posx":18,"posy":3,"amount":450},{"posx":14,"posy":4,"amount":300},{"posx":16,"posy":4,"amount":350},{"posx":10,"posy":5,"amount":150},{"posx":13,"posy":6,"amount":50},{"posx":18,"posy":6,"amount":550},{"posx":14,"posy":7,"amount":150},{"posx":16,"posy":7,"amount":450},{"posx":9,"posy":8,"amount":50},{"posx":11,"posy":8,"amount":450}],"changedObstacles":[]},{"players":[{"playerId":5588,"score":372,"energy":21,"posx":1,"posy":2,"lastAction":2,"status":0},{"playerId":2248990,"score":488,"energy":19,"posx":10,"posy":5,"lastAction":5,"status":0},{"playerId":1168092,"score":322,"energy":19,"posx":8,"posy":3,"lastAction":1,"status":0},{"playerId":2271981,"score":372,"energy":46,"posx":5,"posy":3,"lastAction":1,"status":0}],"golds":[{"posx":9,"posy":0,"amount":400},{"posx":7,"posy":1,"amount":100},{"posx":13,"posy":1,"amount":400},{"posx":10,"posy":3,"amount":150},{"posx":11,"posy":3,"amount":650},{"posx":15,"posy":3,"amount":400},{"posx":18,"posy":3,"amount":450},{"posx":14,"posy":4,"amount":300},{"posx":16,"posy":4,"amount":350},{"posx":10,"posy":5,"amount":100},{"posx":13,"posy":6,"amount":50},{"posx":18,"posy":6,"amount":550},{"posx":14,"posy":7,"amount":150},{"posx":16,"posy":7,"amount":450},{"posx":9,"posy":8,"amount":50},{"posx":11,"posy":8,"amount":450}],"changedObstacles":[]},{"players":[{"playerId":5588,"score":372,"energy":20,"posx":1,"posy":1,"lastAction":2,"status":0},{"playerId":2248990,"score":538,"energy":14,"posx":10,"posy":5,"lastAction":5,"status":0},{"playerId":1168092,"score":322,"energy":31,"posx":8,"posy":3,"lastAction":4,"status":0},{"playerId":2271981,"score":372,"energy":45,"posx":6,"posy":3,"lastAction":1,"status":0}],"golds":[{"posx":9,"posy":0,"amount":400},{"posx":7,"posy":1,"amount":100},{"posx":13,"posy":1,"amount":400},{"posx":10,"posy":3,"amount":150},{"posx":11,"posy":3,"amount":650},{"posx":15,"posy":3,"amount":400},{"posx":18,"posy":3,"amount":450},{"posx":14,"posy":4,"amount":300},{"posx":16,"posy":4,"amount":350},{"posx":10,"posy":5,"amount":50},{"posx":13,"posy":6,"amount":50},{"posx":18,"posy":6,"amount":550},{"posx":14,"posy":7,"amount":150},{"posx":16,"posy":7,"amount":450},{"posx":9,"posy":8,"amount":50},{"posx":11,"posy":8,"amount":450}],"changedObstacles":[]},{"players":[{"playerId":5588,"score":372,"energy":19,"posx":2,"posy":1,"lastAction":1,"status":0},{"playerId":2248990,"score":588,"energy":9,"posx":10,"posy":5,"lastAction":5,"status":0},{"playerId":1168092,"score":322,"energy":20,"posx":9,"posy":3,"lastAction":1,"status":0},{"playerId":2271981,"score":372,"energy":44,"posx":7,"posy":3,"lastAction":1,"status":0}],"golds":[{"posx":9,"posy":0,"amount":400},{"posx":7,"posy":1,"amount":100},{"posx":13,"posy":1,"amount":400},{"posx":10,"posy":3,"amount":150},{"posx":11,"posy":3,"amount":650},{"posx":15,"posy":3,"amount":400},{"posx":18,"posy":3,"amount":450},{"posx":14,"posy":4,"amount":300},{"posx":16,"posy":4,"amount":350},{"posx":13,"posy":6,"amount":50},{"posx":18,"posy":6,"amount":550},{"posx":14,"posy":7,"amount":150},{"posx":16,"posy":7,"amount":450},{"posx":9,"posy":8,"amount":50},{"posx":11,"posy":8,"amount":450}],"changedObstacles":[{"type":0,"posx":10,"posy":5,"value":-1}]},{"players":[{"playerId":5588,"score":372,"energy":18,"posx":3,"posy":1,"lastAction":1,"status":0},{"playerId":2248990,"score":588,"energy":21,"posx":10,"posy":5,"lastAction":4,"status":0},{"playerId":1168092,"score":322,"energy":16,"posx":10,"posy":3,"lastAction":1,"status":0},{"playerId":2271981,"score":372,"energy":43,"posx":8,"posy":3,"lastAction":1,"status":0}],"golds":[{"posx":9,"posy":0,"amount":400},{"posx":7,"posy":1,"amount":100},{"posx":13,"posy":1,"amount":400},{"posx":10,"posy":3,"amount":150},{"posx":11,"posy":3,"amount":650},{"posx":15,"posy":3,"amount":400},{"posx":18,"posy":3,"amount":450},{"posx":14,"posy":4,"amount":300},{"posx":16,"posy":4,"amount":350},{"posx":13,"posy":6,"amount":50},{"posx":18,"posy":6,"amount":550},{"posx":14,"posy":7,"amount":150},{"posx":16,"posy":7,"amount":450},{"posx":9,"posy":8,"amount":50},{"posx":11,"posy":8,"amount":450}],"changedObstacles":[]},{"players":[{"playerId":5588,"score":372,"energy":17,"posx":4,"posy":1,"lastAction":1,"status":0},{"playerId":2248990,"score":588,"energy":11,"posx":11,"posy":5,"lastAction":1,"status":0},{"playerId":1168092,"score":372,"energy":11,"posx":10,"posy":3,"lastAction":5,"status":0},{"playerId":2271981,"score":372,"energy":37,"posx":9,"posy":3,"lastAction":1,"status":0}],"golds":[{"posx":9,"posy":0,"amount":400},{"posx":7,"posy":1,"amount":100},{"posx":13,"posy":1,"amount":400},{"posx":10,"posy":3,"amount":100},{"posx":11,"posy":3,"amount":650},{"posx":15,"posy":3,"amount":400},{"posx":18,"posy":3,"amount":450},{"posx":14,"posy":4,"amount":300},{"posx":16,"posy":4,"amount":350},{"posx":13,"posy":6,"amount":50},{"posx":18,"posy":6,"amount":550},{"posx":14,"posy":7,"amount":150},{"posx":16,"posy":7,"amount":450},{"posx":9,"posy":8,"amount":50},{"posx":11,"posy":8,"amount":450}],"changedObstacles":[{"type":0,"posx":11,"posy":5,"value":-1}]},{"players":[{"playerId":5588,"score":372,"energy":16,"posx":5,"posy":1,"lastAction":1,"status":0},{"playerId":2248990,"score":588,"energy":23,"posx":11,"posy":5,"lastAction":4,"status":0},{"playerId":1168092,"score":422,"energy":6,"posx":10,"posy":3,"lastAction":5,"status":0},{"playerId":2271981,"score":372,"energy":33,"posx":10,"posy":3,"lastAction":1,"status":0}],"golds":[{"posx":9,"posy":0,"amount":400},{"posx":7,"posy":1,"amount":100},{"posx":13,"posy":1,"amount":400},{"posx":10,"posy":3,"amount":50},{"posx":11,"posy":3,"amount":650},{"posx":15,"posy":3,"amount":400},{"posx":18,"posy":3,"amount":450},{"posx":14,"posy":4,"amount":300},{"posx":16,"posy":4,"amount":350},{"posx":13,"posy":6,"amount":50},{"posx":18,"posy":6,"amount":550},{"posx":14,"posy":7,"amount":150},{"posx":16,"posy":7,"amount":450},{"posx":9,"posy":8,"amount":50},{"posx":11,"posy":8,"amount":450}],"changedObstacles":[]},{"players":[{"playerId":5588,"score":372,"energy":15,"posx":6,"posy":1,"lastAction":1,"status":0},{"playerId":2248990,"score":588,"energy":22,"posx":12,"posy":5,"lastAction":1,"status":0},{"playerId":1168092,"score":472,"energy":1,"posx":10,"posy":3,"lastAction":5,"status":0},{"playerId":2271981,"score":372,"energy":29,"posx":11,"posy":3,"lastAction":1,"status":0}],"golds":[{"posx":9,"posy":0,"amount":400},{"posx":7,"posy":1,"amount":100},{"posx":13,"posy":1,"amount":400},{"posx":11,"posy":3,"amount":650},{"posx":15,"posy":3,"amount":400},{"posx":18,"posy":3,"amount":450},{"posx":14,"posy":4,"amount":300},{"posx":16,"posy":4,"amount":350},{"posx":13,"posy":6,"amount":50},{"posx":18,"posy":6,"amount":550},{"posx":14,"posy":7,"amount":150},{"posx":16,"posy":7,"amount":450},{"posx":9,"posy":8,"amount":50},{"posx":11,"posy":8,"amount":450}],"changedObstacles":[{"type":0,"posx":10,"posy":3,"value":-1}]},{"players":[{"playerId":5588,"score":372,"energy":11,"posx":7,"posy":1,"lastAction":1,"status":0},{"playerId":2248990,"score":588,"energy":21,"posx":13,"posy":5,"lastAction":1,"status":0},{"playerId":1168092,"score":472,"energy":13,"posx":10,"posy":3,"lastAction":4,"status":0},{"playerId":2271981,"score":422,"energy":24,"posx":11,"posy":3,"lastAction":5,"status":0}],"golds":[{"posx":9,"posy":0,"amount":400},{"posx":7,"posy":1,"amount":100},{"posx":13,"posy":1,"amount":400},{"posx":11,"posy":3,"amount":600},{"posx":15,"posy":3,"amount":400},{"posx":18,"posy":3,"amount":450},{"posx":14,"posy":4,"amount":300},{"posx":16,"posy":4,"amount":350},{"posx":13,"posy":6,"amount":50},{"posx":18,"posy":6,"amount":550},{"posx":14,"posy":7,"amount":150},{"posx":16,"posy":7,"amount":450},{"posx":9,"posy":8,"amount":50},{"posx":11,"posy":8,"amount":450}],"changedObstacles":[]},{"players":[{"playerId":5588,"score":422,"energy":6,"posx":7,"posy":1,"lastAction":5,"status":0},{"playerId":2248990,"score":588,"energy":33,"posx":13,"posy":5,"lastAction":4,"status":0},{"playerId":1168092,"score":472,"energy":9,"posx":11,"posy":3,"lastAction":1,"status":0},{"playerId":2271981,"score":472,"energy":19,"posx":11,"posy":3,"lastAction":5,"status":0}],"golds":[{"posx":9,"posy":0,"amount":400},{"posx":7,"posy":1,"amount":50},{"posx":13,"posy":1,"amount":400},{"posx":11,"posy":3,"amount":550},{"posx":15,"posy":3,"amount":400},{"posx":18,"posy":3,"amount":450},{"posx":14,"posy":4,"amount":300},{"posx":16,"posy":4,"amount":350},{"posx":13,"posy":6,"amount":50},{"posx":18,"posy":6,"amount":550},{"posx":14,"posy":7,"amount":150},{"posx":16,"posy":7,"amount":450},{"posx":9,"posy":8,"amount":50},{"posx":11,"posy":8,"amount":450}],"changedObstacles":[]},{"players":[{"playerId":5588,"score":422,"energy":18,"posx":7,"posy":1,"lastAction":4,"status":0},{"playerId":2248990,"score":588,"energy":32,"posx":14,"posy":5,"lastAction":1,"status":0},{"playerId":1168092,"score":522,"energy":4,"posx":11,"posy":3,"lastAction":5,"status":0},{"playerId":2271981,"score":522,"energy":14,"posx":11,"posy":3,"lastAction":5,"status":0}],"golds":[{"posx":9,"posy":0,"amount":400},{"posx":7,"posy":1,"amount":50},{"posx":13,"posy":1,"amount":400},{"posx":11,"posy":3,"amount":450},{"posx":15,"posy":3,"amount":400},{"posx":18,"posy":3,"amount":450},{"posx":14,"posy":4,"amount":300},{"posx":16,"posy":4,"amount":350},{"posx":13,"posy":6,"amount":50},{"posx":18,"posy":6,"amount":550},{"posx":14,"posy":7,"amount":150},{"posx":16,"posy":7,"amount":450},{"posx":9,"posy":8,"amount":50},{"posx":11,"posy":8,"amount":450}],"changedObstacles":[]},{"players":[{"playerId":5588,"score":472,"energy":13,"posx":7,"posy":1,"lastAction":5,"status":0},{"playerId":2248990,"score":588,"energy":28,"posx":14,"posy":4,"lastAction":2,"status":0},{"playerId":1168092,"score":522,"energy":16,"posx":11,"posy":3,"lastAction":4,"status":0},{"playerId":2271981,"score":572,"energy":9,"posx":11,"posy":3,"lastAction":5,"status":0}],"golds":[{"posx":9,"posy":0,"amount":400},{"posx":13,"posy":1,"amount":400},{"posx":11,"posy":3,"amount":400},{"posx":15,"posy":3,"amount":400},{"posx":18,"posy":3,"amount":450},{"posx":14,"posy":4,"amount":300},{"posx":16,"posy":4,"amount":350},{"posx":13,"posy":6,"amount":50},{"posx":18,"posy":6,"amount":550},{"posx":14,"posy":7,"amount":150},{"posx":16,"posy":7,"amount":450},{"posx":9,"posy":8,"amount":50},{"posx":11,"posy":8,"amount":450}],"changedObstacles":[{"type":0,"posx":7,"posy":1,"value":-1}]},{"players":[{"playerId":5588,"score":472,"energy":12,"posx":8,"posy":1,"lastAction":1,"status":0},{"playerId":2248990,"score":638,"energy":23,"posx":14,"posy":4,"lastAction":5,"status":0},{"playerId":1168092,"score":522,"energy":32,"posx":11,"posy":3,"lastAction":4,"status":0},{"playerId":2271981,"score":622,"energy":4,"posx":11,"posy":3,"lastAction":5,"status":0}],"golds":[{"posx":9,"posy":0,"amount":400},{"posx":13,"posy":1,"amount":400},{"posx":11,"posy":3,"amount":350},{"posx":15,"posy":3,"amount":400},{"posx":18,"posy":3,"amount":450},{"posx":14,"posy":4,"amount":250},{"posx":16,"posy":4,"amount":350},{"posx":13,"posy":6,"amount":50},{"posx":18,"posy":6,"amount":550},{"posx":14,"posy":7,"amount":150},{"posx":16,"posy":7,"amount":450},{"posx":9,"posy":8,"amount":50},{"posx":11,"posy":8,"amount":450}],"changedObstacles":[]},{"players":[{"playerId":5588,"score":472,"energy":11,"posx":9,"posy":1,"lastAction":1,"status":0},{"playerId":2248990,"score":688,"energy":18,"posx":14,"posy":4,"lastAction":5,"status":0},{"playerId":1168092,"score":572,"energy":27,"posx":11,"posy":3,"lastAction":5,"status":0},{"playerId":2271981,"score":622,"energy":16,"posx":11,"posy":3,"lastAction":4,"status":0}],"golds":[{"posx":9,"posy":0,"amount":400},{"posx":13,"posy":1,"amount":400},{"posx":11,"posy":3,"amount":300},{"posx":15,"posy":3,"amount":400},{"posx":18,"posy":3,"amount":450},{"posx":14,"posy":4,"amount":200},{"posx":16,"posy":4,"amount":350},{"posx":13,"posy":6,"amount":50},{"posx":18,"posy":6,"amount":550},{"posx":14,"posy":7,"amount":150},{"posx":16,"posy":7,"amount":450},{"posx":9,"posy":8,"amount":50},{"posx":11,"posy":8,"amount":450}],"changedObstacles":[]},{"players":[{"playerId":5588,"score":472,"energy":7,"posx":9,"posy":0,"lastAction":2,"status":0},{"playerId":2248990,"score":738,"energy":13,"posx":14,"posy":4,"lastAction":5,"status":0},{"playerId":1168092,"score":622,"energy":22,"posx":11,"posy":3,"lastAction":5,"status":0},{"playerId":2271981,"score":672,"energy":11,"posx":11,"posy":3,"lastAction":5,"status":0}],"golds":[{"posx":9,"posy":0,"amount":400},{"posx":13,"posy":1,"amount":400},{"posx":11,"posy":3,"amount":200},{"posx":15,"posy":3,"amount":400},{"posx":18,"posy":3,"amount":450},{"posx":14,"posy":4,"amount":150},{"posx":16,"posy":4,"amount":350},{"posx":13,"posy":6,"amount":50},{"posx":18,"posy":6,"amount":550},{"posx":14,"posy":7,"amount":150},{"posx":16,"posy":7,"amount":450},{"posx":9,"posy":8,"amount":50},{"posx":11,"posy":8,"amount":450}],"changedObstacles":[]},{"players":[{"playerId":5588,"score":472,"energy":19,"posx":9,"posy":0,"lastAction":4,"status":0},{"playerId":2248990,"score":738,"energy":25,"posx":14,"posy":4,"lastAction":4,"status":0},{"playerId":1168092,"score":672,"energy":17,"posx":11,"posy":3,"lastAction":5,"status":0},{"playerId":2271981,"score":722,"energy":6,"posx":11,"posy":3,"lastAction":5,"status":0}],"golds":[{"posx":9,"posy":0,"amount":400},{"posx":13,"posy":1,"amount":400},{"posx":11,"posy":3,"amount":100},{"posx":15,"posy":3,"amount":400},{"posx":18,"posy":3,"amount":450},{"posx":14,"posy":4,"amount":150},{"posx":16,"posy":4,"amount":350},{"posx":13,"posy":6,"amount":50},{"posx":18,"posy":6,"amount":550},{"posx":14,"posy":7,"amount":150},{"posx":16,"posy":7,"amount":450},{"posx":9,"posy":8,"amount":50},{"posx":11,"posy":8,"amount":450}],"changedObstacles":[]},{"players":[{"playerId":5588,"score":522,"energy":14,"posx":9,"posy":0,"lastAction":5,"status":0},{"playerId":2248990,"score":788,"energy":20,"posx":14,"posy":4,"lastAction":5,"status":0},{"playerId":1168092,"score":722,"energy":12,"posx":11,"posy":3,"lastAction":5,"status":0},{"playerId":2271981,"score":722,"energy":18,"posx":11,"posy":3,"lastAction":4,"status":0}],"golds":[{"posx":9,"posy":0,"amount":350},{"posx":13,"posy":1,"amount":400},{"posx":11,"posy":3,"amount":50},{"posx":15,"posy":3,"amount":400},{"posx":18,"posy":3,"amount":450},{"posx":14,"posy":4,"amount":100},{"posx":16,"posy":4,"amount":350},{"posx":13,"posy":6,"amount":50},{"posx":18,"posy":6,"amount":550},{"posx":14,"posy":7,"amount":150},{"posx":16,"posy":7,"amount":450},{"posx":9,"posy":8,"amount":50},{"posx":11,"posy":8,"amount":450}],"changedObstacles":[]},{"players":[{"playerId":5588,"score":572,"energy":9,"posx":9,"posy":0,"lastAction":5,"status":0},{"playerId":2248990,"score":788,"energy":32,"posx":14,"posy":4,"lastAction":4,"status":0},{"playerId":1168092,"score":772,"energy":7,"posx":11,"posy":3,"lastAction":5,"status":0},{"playerId":2271981,"score":722,"energy":17,"posx":12,"posy":3,"lastAction":1,"status":0}],"golds":[{"posx":9,"posy":0,"amount":300},{"posx":13,"posy":1,"amount":400},{"posx":15,"posy":3,"amount":400},{"posx":18,"posy":3,"amount":450},{"posx":14,"posy":4,"amount":100},{"posx":16,"posy":4,"amount":350},{"posx":13,"posy":6,"amount":50},{"posx":18,"posy":6,"amount":550},{"posx":14,"posy":7,"amount":150},{"posx":16,"posy":7,"amount":450},{"posx":9,"posy":8,"amount":50},{"posx":11,"posy":8,"amount":450}],"changedObstacles":[{"type":0,"posx":11,"posy":3,"value":-1}]},{"players":[{"playerId":5588,"score":572,"energy":21,"posx":9,"posy":0,"lastAction":4,"status":0},{"playerId":2248990,"score":838,"energy":27,"posx":14,"posy":4,"lastAction":5,"status":0},{"playerId":1168092,"score":772,"energy":6,"posx":11,"posy":4,"lastAction":3,"status":0},{"playerId":2271981,"score":722,"energy":16,"posx":13,"posy":3,"lastAction":1,"status":0}],"golds":[{"posx":9,"posy":0,"amount":300},{"posx":13,"posy":1,"amount":400},{"posx":15,"posy":3,"amount":400},{"posx":18,"posy":3,"amount":450},{"posx":14,"posy":4,"amount":50},{"posx":16,"posy":4,"amount":350},{"posx":13,"posy":6,"amount":50},{"posx":18,"posy":6,"amount":550},{"posx":14,"posy":7,"amount":150},{"posx":16,"posy":7,"amount":450},{"posx":9,"posy":8,"amount":50},{"posx":11,"posy":8,"amount":450}],"changedObstacles":[]},{"players":[{"playerId":5588,"score":622,"energy":16,"posx":9,"posy":0,"lastAction":5,"status":0},{"playerId":2248990,"score":888,"energy":22,"posx":14,"posy":4,"lastAction":5,"status":0},{"playerId":1168092,"score":772,"energy":5,"posx":11,"posy":5,"lastAction":3,"status":0},{"playerId":2271981,"score":722,"energy":15,"posx":14,"posy":3,"lastAction":1,"status":0}],"golds":[{"posx":9,"posy":0,"amount":250},{"posx":13,"posy":1,"amount":400},{"posx":15,"posy":3,"amount":400},{"posx":18,"posy":3,"amount":450},{"posx":16,"posy":4,"amount":350},{"posx":13,"posy":6,"amount":50},{"posx":18,"posy":6,"amount":550},{"posx":14,"posy":7,"amount":150},{"posx":16,"posy":7,"amount":450},{"posx":9,"posy":8,"amount":50},{"posx":11,"posy":8,"amount":450}],"changedObstacles":[{"type":0,"posx":14,"posy":4,"value":-1}]},{"players":[{"playerId":5588,"score":672,"energy":11,"posx":9,"posy":0,"lastAction":5,"status":0},{"playerId":2248990,"score":888,"energy":21,"posx":15,"posy":4,"lastAction":1,"status":0},{"playerId":1168092,"score":772,"energy":4,"posx":11,"posy":6,"lastAction":3,"status":0},{"playerId":2271981,"score":722,"energy":11,"posx":15,"posy":3,"lastAction":1,"status":0}],"golds":[{"posx":9,"posy":0,"amount":200},{"posx":13,"posy":1,"amount":400},{"posx":15,"posy":3,"amount":400},{"posx":18,"posy":3,"amount":450},{"posx":16,"posy":4,"amount":350},{"posx":13,"posy":6,"amount":50},{"posx":18,"posy":6,"amount":550},{"posx":14,"posy":7,"amount":150},{"posx":16,"posy":7,"amount":450},{"posx":9,"posy":8,"amount":50},{"posx":11,"posy":8,"amount":450}],"changedObstacles":[]},{"players":[{"playerId":5588,"score":722,"energy":6,"posx":9,"posy":0,"lastAction":5,"status":0},{"playerId":2248990,"score":888,"energy":17,"posx":16,"posy":4,"lastAction":1,"status":0},{"playerId":1168092,"score":772,"energy":16,"posx":11,"posy":6,"lastAction":4,"status":0},{"playerId":2271981,"score":772,"energy":6,"posx":15,"posy":3,"lastAction":5,"status":0}],"golds":[{"posx":9,"posy":0,"amount":150},{"posx":13,"posy":1,"amount":400},{"posx":15,"posy":3,"amount":350},{"posx":18,"posy":3,"amount":450},{"posx":16,"posy":4,"amount":350},{"posx":13,"posy":6,"amount":50},{"posx":18,"posy":6,"amount":550},{"posx":14,"posy":7,"amount":150},{"posx":16,"posy":7,"amount":450},{"posx":9,"posy":8,"amount":50},{"posx":11,"posy":8,"amount":450}],"changedObstacles":[]},{"players":[{"playerId":5588,"score":722,"energy":18,"posx":9,"posy":0,"lastAction":4,"status":0},{"playerId":2248990,"score":938,"energy":12,"posx":16,"posy":4,"lastAction":5,"status":0},{"playerId":1168092,"score":772,"energy":32,"posx":11,"posy":6,"lastAction":4,"status":0},{"playerId":2271981,"score":822,"energy":1,"posx":15,"posy":3,"lastAction":5,"status":0}],"golds":[{"posx":9,"posy":0,"amount":150},{"posx":13,"posy":1,"amount":400},{"posx":15,"posy":3,"amount":300},{"posx":18,"posy":3,"amount":450},{"posx":16,"posy":4,"amount":300},{"posx":13,"posy":6,"amount":50},{"posx":18,"posy":6,"amount":550},{"posx":14,"posy":7,"amount":150},{"posx":16,"posy":7,"amount":450},{"posx":9,"posy":8,"amount":50},{"posx":11,"posy":8,"amount":450}],"changedObstacles":[]},{"players":[{"playerId":5588,"score":772,"energy":13,"posx":9,"posy":0,"lastAction":5,"status":0},{"playerId":2248990,"score":938,"energy":24,"posx":16,"posy":4,"lastAction":4,"status":0},{"playerId":1168092,"score":772,"energy":24,"posx":12,"posy":6,"lastAction":1,"status":0},{"playerId":2271981,"score":822,"energy":13,"posx":15,"posy":3,"lastAction":4,"status":0}],"golds":[{"posx":9,"posy":0,"amount":100},{"posx":13,"posy":1,"amount":400},{"posx":15,"posy":3,"amount":300},{"posx":18,"posy":3,"amount":450},{"posx":16,"posy":4,"amount":300},{"posx":13,"posy":6,"amount":50},{"posx":18,"posy":6,"amount":550},{"posx":14,"posy":7,"amount":150},{"posx":16,"posy":7,"amount":450},{"posx":9,"posy":8,"amount":50},{"posx":11,"posy":8,"amount":450}],"changedObstacles":[]},{"players":[{"playerId":5588,"score":822,"energy":8,"posx":9,"posy":0,"lastAction":5,"status":0},{"playerId":2248990,"score":988,"energy":19,"posx":16,"posy":4,"lastAction":5,"status":0},{"playerId":1168092,"score":772,"energy":20,"posx":13,"posy":6,"lastAction":1,"status":0},{"playerId":2271981,"score":872,"energy":8,"posx":15,"posy":3,"lastAction":5,"status":0}],"golds":[{"posx":9,"posy":0,"amount":50},{"posx":13,"posy":1,"amount":400},{"posx":15,"posy":3,"amount":250},{"posx":18,"posy":3,"amount":450},{"posx":16,"posy":4,"amount":250},{"posx":13,"posy":6,"amount":50},{"posx":18,"posy":6,"amount":550},{"posx":14,"posy":7,"amount":150},{"posx":16,"posy":7,"amount":450},{"posx":9,"posy":8,"amount":50},{"posx":11,"posy":8,"amount":450}],"changedObstacles":[]},{"players":[{"playerId":5588,"score":822,"energy":20,"posx":9,"posy":0,"lastAction":4,"status":0},{"playerId":2248990,"score":1038,"energy":14,"posx":16,"posy":4,"lastAction":5,"status":0},{"playerId":1168092,"score":822,"energy":15,"posx":13,"posy":6,"lastAction":5,"status":0},{"playerId":2271981,"score":922,"energy":3,"posx":15,"posy":3,"lastAction":5,"status":0}],"golds":[{"posx":9,"posy":0,"amount":50},{"posx":13,"posy":1,"amount":400},{"posx":15,"posy":3,"amount":200},{"posx":18,"posy":3,"amount":450},{"posx":16,"posy":4,"amount":200},{"posx":18,"posy":6,"amount":550},{"posx":14,"posy":7,"amount":150},{"posx":16,"posy":7,"amount":450},{"posx":9,"posy":8,"amount":50},{"posx":11,"posy":8,"amount":450}],"changedObstacles":[{"type":0,"posx":13,"posy":6,"value":-1}]},{"players":[{"playerId":5588,"score":872,"energy":15,"posx":9,"posy":0,"lastAction":5,"status":0},{"playerId":2248990,"score":1088,"energy":9,"posx":16,"posy":4,"lastAction":5,"status":0},{"playerId":1168092,"score":822,"energy":14,"posx":14,"posy":6,"lastAction":1,"status":0},{"playerId":2271981,"score":922,"energy":15,"posx":15,"posy":3,"lastAction":4,"status":0}],"golds":[{"posx":13,"posy":1,"amount":400},{"posx":15,"posy":3,"amount":200},{"posx":18,"posy":3,"amount":450},{"posx":16,"posy":4,"amount":150},{"posx":18,"posy":6,"amount":550},{"posx":14,"posy":7,"amount":150},{"posx":16,"posy":7,"amount":450},{"posx":9,"posy":8,"amount":50},{"posx":11,"posy":8,"amount":450}],"changedObstacles":[{"type":0,"posx":9,"posy":0,"value":-1}]},{"players":[{"playerId":5588,"score":872,"energy":14,"posx":9,"posy":1,"lastAction":3,"status":0},{"playerId":2248990,"score":1088,"energy":21,"posx":16,"posy":4,"lastAction":4,"status":0},{"playerId":1168092,"score":822,"energy":10,"posx":14,"posy":7,"lastAction":3,"status":0},{"playerId":2271981,"score":972,"energy":10,"posx":15,"posy":3,"lastAction":5,"status":0}],"golds":[{"posx":13,"posy":1,"amount":400},{"posx":15,"posy":3,"amount":150},{"posx":18,"posy":3,"amount":450},{"posx":16,"posy":4,"amount":150},{"posx":18,"posy":6,"amount":550},{"posx":14,"posy":7,"amount":150},{"posx":16,"posy":7,"amount":450},{"posx":9,"posy":8,"amount":50},{"posx":11,"posy":8,"amount":450}],"changedObstacles":[]},{"players":[{"playerId":5588,"score":872,"energy":13,"posx":10,"posy":1,"lastAction":1,"status":0},{"playerId":2248990,"score":1138,"energy":16,"posx":16,"posy":4,"lastAction":5,"status":0},{"playerId":1168092,"score":872,"energy":5,"posx":14,"posy":7,"lastAction":5,"status":0},{"playerId":2271981,"score":1022,"energy":5,"posx":15,"posy":3,"lastAction":5,"status":0}],"golds":[{"posx":13,"posy":1,"amount":400},{"posx":15,"posy":3,"amount":100},{"posx":18,"posy":3,"amount":450},{"posx":16,"posy":4,"amount":100},{"posx":18,"posy":6,"amount":550},{"posx":14,"posy":7,"amount":100},{"posx":16,"posy":7,"amount":450},{"posx":9,"posy":8,"amount":50},{"posx":11,"posy":8,"amount":450}],"changedObstacles":[]},{"players":[{"playerId":5588,"score":872,"energy":12,"posx":11,"posy":1,"lastAction":1,"status":0},{"playerId":2248990,"score":1188,"energy":11,"posx":16,"posy":4,"lastAction":5,"status":0},{"playerId":1168092,"score":872,"energy":17,"posx":14,"posy":7,"lastAction":4,"status":0},{"playerId":2271981,"score":1022,"energy":17,"posx":15,"posy":3,"lastAction":4,"status":0}],"golds":[{"posx":13,"posy":1,"amount":400},{"posx":15,"posy":3,"amount":100},{"posx":18,"posy":3,"amount":450},{"posx":16,"posy":4,"amount":50},{"posx":18,"posy":6,"amount":550},{"posx":14,"posy":7,"amount":100},{"posx":16,"posy":7,"amount":450},{"posx":9,"posy":8,"amount":50},{"posx":11,"posy":8,"amount":450}],"changedObstacles":[]},{"players":[{"playerId":5588,"score":872,"energy":11,"posx":12,"posy":1,"lastAction":1,"status":0},{"playerId":2248990,"score":1188,"energy":23,"posx":16,"posy":4,"lastAction":4,"status":0},{"playerId":1168092,"score":872,"energy":33,"posx":14,"posy":7,"lastAction":4,"status":0},{"playerId":2271981,"score":1072,"energy":12,"posx":15,"posy":3,"lastAction":5,"status":0}],"golds":[{"posx":13,"posy":1,"amount":400},{"posx":15,"posy":3,"amount":50},{"posx":18,"posy":3,"amount":450},{"posx":16,"posy":4,"amount":50},{"posx":18,"posy":6,"amount":550},{"posx":14,"posy":7,"amount":100},{"posx":16,"posy":7,"amount":450},{"posx":9,"posy":8,"amount":50},{"posx":11,"posy":8,"amount":450}],"changedObstacles":[]},{"players":[{"playerId":5588,"score":872,"energy":7,"posx":13,"posy":1,"lastAction":1,"status":0},{"playerId":2248990,"score":1238,"energy":18,"posx":16,"posy":4,"lastAction":5,"status":0},{"playerId":1168092,"score":922,"energy":28,"posx":14,"posy":7,"lastAction":5,"status":0},{"playerId":2271981,"score":1122,"energy":7,"posx":15,"posy":3,"lastAction":5,"status":0}],"golds":[{"posx":13,"posy":1,"amount":400},{"posx":18,"posy":3,"amount":450},{"posx":18,"posy":6,"amount":550},{"posx":14,"posy":7,"amount":50},{"posx":16,"posy":7,"amount":450},{"posx":9,"posy":8,"amount":50},{"posx":11,"posy":8,"amount":450}],"changedObstacles":[{"type":0,"posx":16,"posy":4,"value":-1},{"type":0,"posx":15,"posy":3,"value":-1}]},{"players":[{"playerId":5588,"score":872,"energy":19,"posx":13,"posy":1,"lastAction":4,"status":0},{"playerId":2248990,"score":1238,"energy":30,"posx":16,"posy":4,"lastAction":4,"status":0},{"playerId":1168092,"score":972,"energy":23,"posx":14,"posy":7,"lastAction":5,"status":0},{"playerId":2271981,"score":1122,"energy":6,"posx":16,"posy":3,"lastAction":1,"status":0}],"golds":[{"posx":13,"posy":1,"amount":400},{"posx":18,"posy":3,"amount":450},{"posx":18,"posy":6,"amount":550},{"posx":16,"posy":7,"amount":450},{"posx":9,"posy":8,"amount":50},{"posx":11,"posy":8,"amount":450}],"changedObstacles":[{"type":0,"posx":14,"posy":7,"value":-1}]},{"players":[{"playerId":5588,"score":922,"energy":14,"posx":13,"posy":1,"lastAction":5,"status":0},{"playerId":2248990,"score":1238,"energy":29,"posx":16,"posy":5,"lastAction":3,"status":0},{"playerId":1168092,"score":972,"energy":22,"posx":14,"posy":8,"lastAction":3,"status":0},{"playerId":2271981,"score":1122,"energy":18,"posx":16,"posy":3,"lastAction":4,"status":0}],"golds":[{"posx":13,"posy":1,"amount":350},{"posx":18,"posy":3,"amount":450},{"posx":18,"posy":6,"amount":550},{"posx":16,"posy":7,"amount":450},{"posx":9,"posy":8,"amount":50},{"posx":11,"posy":8,"amount":450}],"changedObstacles":[]},{"players":[{"playerId":5588,"score":972,"energy":9,"posx":13,"posy":1,"lastAction":5,"status":0},{"playerId":2248990,"score":1238,"energy":28,"posx":16,"posy":6,"lastAction":3,"status":0},{"playerId":1168092,"score":972,"energy":21,"posx":13,"posy":8,"lastAction":0,"status":0},{"playerId":2271981,"score":1122,"energy":34,"posx":16,"posy":3,"lastAction":4,"status":0}],"golds":[{"posx":13,"posy":1,"amount":300},{"posx":18,"posy":3,"amount":450},{"posx":18,"posy":6,"amount":550},{"posx":16,"posy":7,"amount":450},{"posx":9,"posy":8,"amount":50},{"posx":11,"posy":8,"amount":450}],"changedObstacles":[]},{"players":[{"playerId":5588,"score":972,"energy":21,"posx":13,"posy":1,"lastAction":4,"status":0},{"playerId":2248990,"score":1238,"energy":24,"posx":16,"posy":7,"lastAction":3,"status":0},{"playerId":1168092,"score":972,"energy":20,"posx":12,"posy":8,"lastAction":0,"status":0},{"playerId":2271981,"score":1122,"energy":50,"posx":16,"posy":3,"lastAction":4,"status":0}],"golds":[{"posx":13,"posy":1,"amount":300},{"posx":18,"posy":3,"amount":450},{"posx":18,"posy":6,"amount":550},{"posx":16,"posy":7,"amount":450},{"posx":9,"posy":8,"amount":50},{"posx":11,"posy":8,"amount":450}],"changedObstacles":[]},{"players":[{"playerId":5588,"score":1022,"energy":16,"posx":13,"posy":1,"lastAction":5,"status":0},{"playerId":2248990,"score":1288,"energy":19,"posx":16,"posy":7,"lastAction":5,"status":0},{"playerId":1168092,"score":972,"energy":16,"posx":11,"posy":8,"lastAction":0,"status":0},{"playerId":2271981,"score":1122,"energy":49,"posx":17,"posy":3,"lastAction":1,"status":0}],"golds":[{"posx":13,"posy":1,"amount":250},{"posx":18,"posy":3,"amount":450},{"posx":18,"posy":6,"amount":550},{"posx":16,"posy":7,"amount":400},{"posx":9,"posy":8,"amount":50},{"posx":11,"posy":8,"amount":450}],"changedObstacles":[]},{"players":[{"playerId":5588,"score":1072,"energy":11,"posx":13,"posy":1,"lastAction":5,"status":0},{"playerId":2248990,"score":1338,"energy":14,"posx":16,"posy":7,"lastAction":5,"status":0},{"playerId":1168092,"score":1022,"energy":11,"posx":11,"posy":8,"lastAction":5,"status":0},{"playerId":2271981,"score":1122,"energy":45,"posx":18,"posy":3,"lastAction":1,"status":0}],"golds":[{"posx":13,"posy":1,"amount":200},{"posx":18,"posy":3,"amount":450},{"posx":18,"posy":6,"amount":550},{"posx":16,"posy":7,"amount":350},{"posx":9,"posy":8,"amount":50},{"posx":11,"posy":8,"amount":400}],"changedObstacles":[]},{"players":[{"playerId":5588,"score":1122,"energy":6,"posx":13,"posy":1,"lastAction":5,"status":0},{"playerId":2248990,"score":1388,"energy":9,"posx":16,"posy":7,"lastAction":5,"status":0},{"playerId":1168092,"score":1072,"energy":6,"posx":11,"posy":8,"lastAction":5,"status":0},{"playerId":2271981,"score":1172,"energy":40,"posx":18,"posy":3,"lastAction":5,"status":0}],"golds":[{"posx":13,"posy":1,"amount":150},{"posx":18,"posy":3,"amount":400},{"posx":18,"posy":6,"amount":550},{"posx":16,"posy":7,"amount":300},{"posx":9,"posy":8,"amount":50},{"posx":11,"posy":8,"amount":350}],"changedObstacles":[]},{"players":[{"playerId":5588,"score":1122,"energy":18,"posx":13,"posy":1,"lastAction":4,"status":0},{"playerId":2248990,"score":1388,"energy":21,"posx":16,"posy":7,"lastAction":4,"status":0},{"playerId":1168092,"score":1122,"energy":1,"posx":11,"posy":8,"lastAction":5,"status":0},{"playerId":2271981,"score":1222,"energy":35,"posx":18,"posy":3,"lastAction":5,"status":0}],"golds":[{"posx":13,"posy":1,"amount":150},{"posx":18,"posy":3,"amount":350},{"posx":18,"posy":6,"amount":550},{"posx":16,"posy":7,"amount":300},{"posx":9,"posy":8,"amount":50},{"posx":11,"posy":8,"amount":300}],"changedObstacles":[]},{"players":[{"playerId":5588,"score":1172,"energy":13,"posx":13,"posy":1,"lastAction":5,"status":0},{"playerId":2248990,"score":1438,"energy":16,"posx":16,"posy":7,"lastAction":5,"status":0},{"playerId":1168092,"score":1122,"energy":13,"posx":11,"posy":8,"lastAction":4,"status":0},{"playerId":2271981,"score":1272,"energy":30,"posx":18,"posy":3,"lastAction":5,"status":0}],"golds":[{"posx":13,"posy":1,"amount":100},{"posx":18,"posy":3,"amount":300},{"posx":18,"posy":6,"amount":550},{"posx":16,"posy":7,"amount":250},{"posx":9,"posy":8,"amount":50},{"posx":11,"posy":8,"amount":300}],"changedObstacles":[]},{"players":[{"playerId":5588,"score":1222,"energy":8,"posx":13,"posy":1,"lastAction":5,"status":0},{"playerId":2248990,"score":1488,"energy":11,"posx":16,"posy":7,"lastAction":5,"status":0},{"playerId":1168092,"score":1122,"energy":29,"posx":11,"posy":8,"lastAction":4,"status":0},{"playerId":2271981,"score":1322,"energy":25,"posx":18,"posy":3,"lastAction":5,"status":0}],"golds":[{"posx":13,"posy":1,"amount":50},{"posx":18,"posy":3,"amount":250},{"posx":18,"posy":6,"amount":550},{"posx":16,"posy":7,"amount":200},{"posx":9,"posy":8,"amount":50},{"posx":11,"posy":8,"amount":300}],"changedObstacles":[]},{"players":[{"playerId":5588,"score":1222,"energy":20,"posx":13,"posy":1,"lastAction":4,"status":0},{"playerId":2248990,"score":1538,"energy":6,"posx":16,"posy":7,"lastAction":5,"status":0},{"playerId":1168092,"score":1172,"energy":24,"posx":11,"posy":8,"lastAction":5,"status":0},{"playerId":2271981,"score":1372,"energy":20,"posx":18,"posy":3,"lastAction":5,"status":0}],"golds":[{"posx":13,"posy":1,"amount":50},{"posx":18,"posy":3,"amount":200},{"posx":18,"posy":6,"amount":550},{"posx":16,"posy":7,"amount":150},{"posx":9,"posy":8,"amount":50},{"posx":11,"posy":8,"amount":250}],"changedObstacles":[]},{"players":[{"playerId":5588,"score":1272,"energy":15,"posx":13,"posy":1,"lastAction":5,"status":0},{"playerId":2248990,"score":1538,"energy":18,"posx":16,"posy":7,"lastAction":4,"status":0},{"playerId":1168092,"score":1222,"energy":19,"posx":11,"posy":8,"lastAction":5,"status":0},{"playerId":2271981,"score":1422,"energy":15,"posx":18,"posy":3,"lastAction":5,"status":0}],"golds":[{"posx":18,"posy":3,"amount":150},{"posx":18,"posy":6,"amount":550},{"posx":16,"posy":7,"amount":150},{"posx":9,"posy":8,"amount":50},{"posx":11,"posy":8,"amount":200}],"changedObstacles":[{"type":0,"posx":13,"posy":1,"value":-1}]},{"players":[{"playerId":5588,"score":1272,"energy":14,"posx":13,"posy":2,"lastAction":3,"status":0},{"playerId":2248990,"score":1588,"energy":13,"posx":16,"posy":7,"lastAction":5,"status":0},{"playerId":1168092,"score":1272,"energy":14,"posx":11,"posy":8,"lastAction":5,"status":0},{"playerId":2271981,"score":1472,"energy":10,"posx":18,"posy":3,"lastAction":5,"status":0}],"golds":[{"posx":18,"posy":3,"amount":100},{"posx":18,"posy":6,"amount":550},{"posx":16,"posy":7,"amount":100},{"posx":9,"posy":8,"amount":50},{"posx":11,"posy":8,"amount":150}],"changedObstacles":[]},{"players":[{"playerId":5588,"score":1272,"energy":13,"posx":13,"posy":3,"lastAction":3,"status":0},{"playerId":2248990,"score":1638,"energy":8,"posx":16,"posy":7,"lastAction":5,"status":0},{"playerId":1168092,"score":1322,"energy":9,"posx":11,"posy":8,"lastAction":5,"status":0},{"playerId":2271981,"score":1522,"energy":5,"posx":18,"posy":3,"lastAction":5,"status":0}],"golds":[{"posx":18,"posy":3,"amount":50},{"posx":18,"posy":6,"amount":550},{"posx":16,"posy":7,"amount":50},{"posx":9,"posy":8,"amount":50},{"posx":11,"posy":8,"amount":100}],"changedObstacles":[]},{"players":[{"playerId":5588,"score":1272,"energy":12,"posx":14,"posy":3,"lastAction":1,"status":0},{"playerId":2248990,"score":1638,"energy":20,"posx":16,"posy":7,"lastAction":4,"status":0},{"playerId":1168092,"score":1372,"energy":4,"posx":11,"posy":8,"lastAction":5,"status":0},{"playerId":2271981,"score":1522,"energy":17,"posx":18,"posy":3,"lastAction":4,"status":0}],"golds":[{"posx":18,"posy":3,"amount":50},{"posx":18,"posy":6,"amount":550},{"posx":16,"posy":7,"amount":50},{"posx":9,"posy":8,"amount":50},{"posx":11,"posy":8,"amount":50}],"changedObstacles":[]},{"players":[{"playerId":5588,"score":1272,"energy":11,"posx":15,"posy":3,"lastAction":1,"status":0},{"playerId":2248990,"score":1688,"energy":15,"posx":16,"posy":7,"lastAction":5,"status":0},{"playerId":1168092,"score":1372,"energy":16,"posx":11,"posy":8,"lastAction":4,"status":0},{"playerId":2271981,"score":1522,"energy":33,"posx":18,"posy":3,"lastAction":4,"status":0}],"golds":[{"posx":18,"posy":3,"amount":50},{"posx":18,"posy":6,"amount":550},{"posx":9,"posy":8,"amount":50},{"posx":11,"posy":8,"amount":50}],"changedObstacles":[{"type":0,"posx":16,"posy":7,"value":-1}]},{"players":[{"playerId":5588,"score":1272,"energy":10,"posx":16,"posy":3,"lastAction":1,"status":0},{"playerId":2248990,"score":1688,"energy":27,"posx":16,"posy":7,"lastAction":4,"status":0},{"playerId":1168092,"score":1372,"energy":32,"posx":11,"posy":8,"lastAction":4,"status":0},{"playerId":2271981,"score":1522,"energy":50,"posx":18,"posy":3,"lastAction":4,"status":0}],"golds":[{"posx":18,"posy":3,"amount":50},{"posx":18,"posy":6,"amount":550},{"posx":9,"posy":8,"amount":50},{"posx":11,"posy":8,"amount":50}],"changedObstacles":[]},{"players":[{"playerId":5588,"score":1272,"energy":22,"posx":16,"posy":3,"lastAction":4,"status":0},{"playerId":2248990,"score":1688,"energy":26,"posx":17,"posy":7,"lastAction":1,"status":0},{"playerId":1168092,"score":1422,"energy":27,"posx":11,"posy":8,"lastAction":5,"status":0},{"playerId":2271981,"score":1572,"energy":45,"posx":18,"posy":3,"lastAction":5,"status":0}],"golds":[{"posx":18,"posy":6,"amount":550},{"posx":9,"posy":8,"amount":50}],"changedObstacles":[{"type":0,"posx":11,"posy":8,"value":-1},{"type":0,"posx":18,"posy":3,"value":-1}]},{"players":[{"playerId":5588,"score":1272,"energy":21,"posx":16,"posy":4,"lastAction":3,"status":0},{"playerId":2248990,"score":1688,"energy":21,"posx":17,"posy":6,"lastAction":2,"status":0},{"playerId":1168092,"score":1422,"energy":17,"posx":10,"posy":8,"lastAction":0,"status":0},{"playerId":2271981,"score":1572,"energy":44,"posx":18,"posy":4,"lastAction":3,"status":0}],"golds":[{"posx":18,"posy":6,"amount":550},{"posx":9,"posy":8,"amount":50}],"changedObstacles":[{"type":0,"posx":10,"posy":8,"value":-1},{"type":3,"posx":17,"posy":6,"value":-20}]},{"players":[{"playerId":5588,"score":1272,"energy":20,"posx":16,"posy":5,"lastAction":3,"status":0},{"playerId":2248990,"score":1688,"energy":17,"posx":18,"posy":6,"lastAction":1,"status":0},{"playerId":1168092,"score":1422,"energy":13,"posx":9,"posy":8,"lastAction":0,"status":0},{"playerId":2271981,"score":1572,"energy":43,"posx":18,"posy":5,"lastAction":3,"status":0}],"golds":[{"posx":18,"posy":6,"amount":550},{"posx":9,"posy":8,"amount":50}],"changedObstacles":[]},{"players":[{"playerId":5588,"score":1272,"energy":19,"posx":16,"posy":6,"lastAction":3,"status":0},{"playerId":2248990,"score":1738,"energy":12,"posx":18,"posy":6,"lastAction":5,"status":0},{"playerId":1168092,"score":1472,"energy":8,"posx":9,"posy":8,"lastAction":5,"status":0},{"playerId":2271981,"score":1572,"energy":39,"posx":18,"posy":6,"lastAction":3,"status":0}],"golds":[{"posx":18,"posy":6,"amount":500}],"changedObstacles":[{"type":0,"posx":9,"posy":8,"value":-1}]},{"players":[{"playerId":5588,"score":1272,"energy":31,"posx":16,"posy":6,"lastAction":4,"status":0},{"playerId":2248990,"score":1788,"energy":7,"posx":18,"posy":6,"lastAction":5,"status":0},{"playerId":1168092,"score":1472,"energy":7,"posx":9,"posy":7,"lastAction":2,"status":0},{"playerId":2271981,"score":1622,"energy":34,"posx":18,"posy":6,"lastAction":5,"status":0}],"golds":[{"posx":18,"posy":6,"amount":400}],"changedObstacles":[]},{"players":[{"playerId":5588,"score":1272,"energy":11,"posx":17,"posy":6,"lastAction":1,"status":0},{"playerId":2248990,"score":1788,"energy":19,"posx":18,"posy":6,"lastAction":4,"status":0},{"playerId":1168092,"score":1472,"energy":6,"posx":9,"posy":6,"lastAction":2,"status":0},{"playerId":2271981,"score":1672,"energy":29,"posx":18,"posy":6,"lastAction":5,"status":0}],"golds":[{"posx":18,"posy":6,"amount":350}],"changedObstacles":[{"type":3,"posx":17,"posy":6,"value":-40}]},{"players":[{"playerId":5588,"score":1272,"energy":7,"posx":18,"posy":6,"lastAction":1,"status":0},{"playerId":2248990,"score":1838,"energy":14,"posx":18,"posy":6,"lastAction":5,"status":0},{"playerId":1168092,"score":1472,"energy":5,"posx":10,"posy":6,"lastAction":1,"status":0},{"playerId":2271981,"score":1722,"energy":24,"posx":18,"posy":6,"lastAction":5,"status":0}],"golds":[{"posx":18,"posy":6,"amount":250}],"changedObstacles":[]},{"players":[{"playerId":5588,"score":1272,"energy":19,"posx":18,"posy":6,"lastAction":4,"status":0},{"playerId":2248990,"score":1888,"energy":9,"posx":18,"posy":6,"lastAction":5,"status":0},{"playerId":1168092,"score":1472,"energy":4,"posx":11,"posy":6,"lastAction":1,"status":0},{"playerId":2271981,"score":1772,"energy":19,"posx":18,"posy":6,"lastAction":5,"status":0}],"golds":[{"posx":18,"posy":6,"amount":150}],"changedObstacles":[]},{"players":[{"playerId":5588,"score":1322,"energy":14,"posx":18,"posy":6,"lastAction":5,"status":0},{"playerId":2248990,"score":1888,"energy":21,"posx":18,"posy":6,"lastAction":4,"status":0},{"playerId":1168092,"score":1472,"energy":16,"posx":11,"posy":6,"lastAction":4,"status":0},{"playerId":2271981,"score":1822,"energy":14,"posx":18,"posy":6,"lastAction":5,"status":0}],"golds":[{"posx":18,"posy":6,"amount":50}],"changedObstacles":[]},{"players":[{"playerId":5588,"score":1339,"energy":9,"posx":18,"posy":6,"lastAction":5,"status":0},{"playerId":2248990,"score":1905,"energy":16,"posx":18,"posy":6,"lastAction":5,"status":0},{"playerId":1168092,"score":1472,"energy":32,"posx":11,"posy":6,"lastAction":4,"status":0},{"playerId":2271981,"score":1839,"energy":9,"posx":18,"posy":6,"lastAction":5,"status":0}],"golds":[],"changedObstacles":[{"type":0,"posx":18,"posy":6,"value":-1}]}]