[{"players":[{"playerId":2344466,"score":0,"energy":49,"posx":2,"posy":7,"lastAction":2,"status":0},{"playerId":4120,"score":0,"energy":49,"posx":3,"posy":8,"lastAction":1,"status":0},{"playerId":2407150,"score":0,"energy":49,"posx":3,"posy":8,"lastAction":1,"status":0},{"playerId":2231262,"score":0,"energy":49,"posx":3,"posy":8,"lastAction":1,"status":0}],"golds":[{"posx":14,"posy":7,"amount":150},{"posx":2,"posy":2,"amount":350},{"posx":18,"posy":6,"amount":550},{"posx":11,"posy":8,"amount":450},{"posx":10,"posy":5,"amount":400},{"posx":15,"posy":3,"amount":400},{"posx":13,"posy":1,"amount":400},{"posx":16,"posy":7,"amount":450},{"posx":14,"posy":4,"amount":300},{"posx":7,"posy":1,"amount":100},{"posx":2,"posy":5,"amount":100},{"posx":9,"posy":0,"amount":400},{"posx":9,"posy":8,"amount":50},{"posx":0,"posy":3,"amount":50},{"posx":13,"posy":6,"amount":50},{"posx":18,"posy":3,"amount":450},{"posx":10,"posy":3,"amount":150},{"posx":16,"posy":4,"amount":350},{"posx":3,"posy":7,"amount":750},{"posx":11,"posy":3,"amount":650}],"changedObstacles":[]},{"players":[{"playerId":2344466,"score":0,"energy":45,"posx":3,"posy":7,"lastAction":1,"status":0},{"playerId":4120,"score":0,"energy":45,"posx":3,"posy":7,"lastAction":2,"status":0},{"playerId":2407150,"score":0,"energy":45,"posx":3,"posy":7,"lastAction":2,"status":0},{"playerId":2231262,"score":0,"energy":44,"posx":4,"posy":8,"lastAction":1,"status":0}],"golds":[{"posx":14,"posy":7,"amount":150},{"posx":2,"posy":2,"amount":350},{"posx":18,"posy":6,"amount":550},{"posx":11,"posy":8,"amount":450},{"posx":10,"posy":5,"amount":400},{"posx":15,"posy":3,"amount":400},{"posx":13,"posy":1,"amount":400},{"posx":16,"posy":7,"amount":450},{"posx":14,"posy":4,"amount":300},{"posx":7,"posy":1,"amount":100},{"posx":2,"posy":5,"amount":100},{"posx":9,"posy":0,"amount":400},{"posx":9,"posy":8,"amount":50},{"posx":0,"posy":3,"amount":50},{"posx":13,"posy":6,"amount":50},{"posx":18,"posy":3,"amount":450},{"posx":10,"posy":3,"amount":150},{"posx":16,"posy":4,"amount":350},{"posx":3,"posy":7,"amount":750},{"posx":11,"posy":3,"amount":650}],"changedObstacles":[{"type":3,"posx":4,"posy":8,"value":-20}]},{"players":[{"playerId":2344466,"score":50,"energy":40,"posx":3,"posy":7,"lastAction":5,"status":0},{"playerId":4120,"score":50,"energy":40,"posx":3,"posy":7,"lastAction":5,"status":0},{"playerId":2407150,"score":50,"energy":40,"posx":3,"posy":7,"lastAction":5,"status":0},{"playerId":2231262,"score":0,"energy":43,"posx":5,"posy":8,"lastAction":1,"status":0}],"golds":[{"posx":9,"posy":0,"amount":400},{"posx":7,"posy":1,"amount":100},{"posx":13,"posy":1,"amount":400},{"posx":2,"posy":2,"amount":350},{"posx":0,"posy":3,"amount":50},{"posx":10,"posy":3,"amount":150},{"posx":11,"posy":3,"amount":650},{"posx":15,"posy":3,"amount":400},{"posx":18,"posy":3,"amount":450},{"posx":14,"posy":4,"amount":300},{"posx":16,"posy":4,"amount":350},{"posx":2,"posy":5,"amount":100},{"posx":10,"posy":5,"amount":400},{"posx":13,"posy":6,"amount":50},{"posx":18,"posy":6,"amount":550},{"posx":3,"posy":7,"amount":600},{"posx":14,"posy":7,"amount":150},{"posx":16,"posy":7,"amount":450},{"posx":9,"posy":8,"amount":50},{"posx":11,"posy":8,"amount":450}],"changedObstacles":[]},{"players":[{"playerId":2344466,"score":100,"energy":35,"posx":3,"posy":7,"lastAction":5,"status":0},{"playerId":4120,"score":100,"energy":35,"posx":3,"posy":7,"lastAction":5,"status":0},{"playerId":2407150,"score":100,"energy":35,"posx":3,"posy":7,"lastAction":5,"status":0},{"playerId":2231262,"score":0,"energy":42,"posx":5,"posy":7,"lastAction":2,"status":0}],"golds":[{"posx":9,"posy":0,"amount":400},{"posx":7,"posy":1,"amount":100},{"posx":13,"posy":1,"amount":400},{"posx":2,"posy":2,"amount":350},{"posx":0,"posy":3,"amount":50},{"posx":10,"posy":3,"amount":150},{"posx":11,"posy":3,"amount":650},{"posx":15,"posy":3,"amount":400},{"posx":18,"posy":3,"amount":450},{"posx":14,"posy":4,"amount":300},{"posx":16,"posy":4,"amount":350},{"posx":2,"posy":5,"amount":100},{"posx":10,"posy":5,"amount":400},{"posx":13,"posy":6,"amount":50},{"posx":18,"posy":6,"amount":550},{"posx":3,"posy":7,"amount":450},{"posx":14,"posy":7,"amount":150},{"posx":16,"posy":7,"amount":450},{"posx":9,"posy":8,"amount":50},{"posx":11,"posy":8,"amount":450}],"changedObstacles":[]},{"players":[{"playerId":2344466,"score":150,"energy":30,"posx":3,"posy":7,"lastAction":5,"status":0},{"playerId":4120,"score":150,"energy":30,"posx":3,"posy":7,"lastAction":5,"status":0},{"playerId":2407150,"score":150,"energy":30,"posx":3,"posy":7,"lastAction":5,"status":0},{"playerId":2231262,"score":0,"energy":41,"posx":5,"posy":6,"lastAction":2,"status":0}],"golds":[{"posx":9,"posy":0,"amount":400},{"posx":7,"posy":1,"amount":100},{"posx":13,"posy":1,"amount":400},{"posx":2,"posy":2,"amount":350},{"posx":0,"posy":3,"amount":50},{"posx":10,"posy":3,"amount":150},{"posx":11,"posy":3,"amount":650},{"posx":15,"posy":3,"amount":400},{"posx":18,"posy":3,"amount":450},{"posx":14,"posy":4,"amount":300},{"posx":16,"posy":4,"amount":350},{"posx":2,"posy":5,"amount":100},{"posx":10,"posy":5,"amount":400},{"posx":13,"posy":6,"amount":50},{"posx":18,"posy":6,"amount":550},{"posx":3,"posy":7,"amount":300},{"posx":14,"posy":7,"amount":150},{"posx":16,"posy":7,"amount":450},{"posx":9,"posy":8,"amount":50},{"posx":11,"posy":8,"amount":450}],"changedObstacles":[]},{"players":[{"playerId":2344466,"score":200,"energy":25,"posx":3,"posy":7,"lastAction":5,"status":0},{"playerId":4120,"score":200,"energy":25,"posx":3,"posy":7,"lastAction":5,"status":0},{"playerId":2407150,"score":200,"energy":25,"posx":3,"posy":7,"lastAction":5,"status":0},{"playerId":2231262,"score":0,"energy":40,"posx":5,"posy":5,"lastAction":2,"status":0}],"golds":[{"posx":9,"posy":0,"amount":400},{"posx":7,"posy":1,"amount":100},{"posx":13,"posy":1,"amount":400},{"posx":2,"posy":2,"amount":350},{"posx":0,"posy":3,"amount":50},{"posx":10,"posy":3,"amount":150},{"posx":11,"posy":3,"amount":650},{"posx":15,"posy":3,"amount":400},{"posx":18,"posy":3,"amount":450},{"posx":14,"posy":4,"amount":300},{"posx":16,"posy":4,"amount":350},{"posx":2,"posy":5,"amount":100},{"posx":10,"posy":5,"amount":400},{"posx":13,"posy":6,"amount":50},{"posx":18,"posy":6,"amount":550},{"posx":3,"posy":7,"amount":150},{"posx":14,"posy":7,"amount":150},{"posx":16,"posy":7,"amount":450},{"posx":9,"posy":8,"amount":50},{"posx":11,"posy":8,"amount":450}],"changedObstacles":[]},{"players":[{"playerId":2344466,"score":250,"energy":20,"posx":3,"posy":7,"lastAction":5,"status":0},{"playerId":4120,"score":250,"energy":20,"posx":3,"posy":7,"lastAction":5,"status":0},{"playerId":2407150,"score":200,"energy":24,"posx":4,"posy":7,"lastAction":1,"status":0},{"playerId":2231262,"score":0,"energy":39,"posx":4,"posy":5,"lastAction":0,"status":0}],"golds":[{"posx":9,"posy":0,"amount":400},{"posx":7,"posy":1,"amount":100},{"posx":13,"posy":1,"amount":400},{"posx":2,"posy":2,"amount":350},{"posx":0,"posy":3,"amount":50},{"posx":10,"posy":3,"amount":150},{"posx":11,"posy":3,"amount":650},{"posx":15,"posy":3,"amount":400},{"posx":18,"posy":3,"amount":450},{"posx":14,"posy":4,"amount":300},{"posx":16,"posy":4,"amount":350},{"posx":2,"posy":5,"amount":100},{"posx":10,"posy":5,"amount":400},{"posx":13,"posy":6,"amount":50},{"posx":18,"posy":6,"amount":550},{"posx":3,"posy":7,"amount":50},{"posx":14,"posy":7,"amount":150},{"posx":16,"posy":7,"amount":450},{"posx":9,"posy":8,"amount":50},{"posx":11,"posy":8,"amount":450}],"changedObstacles":[]},{"players":[{"playerId":2344466,"score":250,"energy":19,"posx":3,"posy":6,"lastAction":2,"status":0},{"playerId":4120,"score":300,"energy":15,"posx":3,"posy":7,"lastAction":5,"status":0},{"playerId":2407150,"score":200,"energy":23,"posx":5,"posy":7,"lastAction":1,"status":0},{"playerId":2231262,"score":0,"energy":38,"posx":4,"posy":4,"lastAction":2,"status":0}],"golds":[{"posx":9,"posy":0,"amount":400},{"posx":7,"posy":1,"amount":100},{"posx":13,"posy":1,"amount":400},{"posx":2,"posy":2,"amount":350},{"posx":0,"posy":3,"amount":50},{"posx":10,"posy":3,"amount":150},{"posx":11,"posy":3,"amount":650},{"posx":15,"posy":3,"amount":400},{"posx":18,"posy":3,"amount":450},{"posx":14,"posy":4,"amount":300},{"posx":16,"posy":4,"amount":350},{"posx":2,"posy":5,"amount":100},{"posx":10,"posy":5,"amount":400},{"posx":13,"posy":6,"amount":50},{"posx":18,"posy":6,"amount":550},{"posx":14,"posy":7,"amount":150},{"posx":16,"posy":7,"amount":450},{"posx":9,"posy":8,"amount":50},{"posx":11,"posy":8,"amount":450}],"changedObstacles":[{"type":0,"posx":3,"posy":7,"value":-1}]},{"players":[{"playerId":2344466,"score":250,"energy":18,"posx":3,"posy":5,"lastAction":2,"status":0},{"playerId":4120,"score":300,"energy":14,"posx":4,"posy":7,"lastAction":1,"status":0},{"playerId":2407150,"score":200,"energy":22,"posx":6,"posy":7,"lastAction":1,"status":0},{"playerId":2231262,"score":0,"energy":37,"posx":4,"posy":3,"lastAction":2,"status":0}],"golds":[{"posx":9,"posy":0,"amount":400},{"posx":7,"posy":1,"amount":100},{"posx":13,"posy":1,"amount":400},{"posx":2,"posy":2,"amount":350},{"posx":0,"posy":3,"amount":50},{"posx":10,"posy":3,"amount":150},{"posx":11,"posy":3,"amount":650},{"posx":15,"posy":3,"amount":400},{"posx":18,"posy":3,"amount":450},{"posx":14,"posy":4,"amount":300},{"posx":16,"posy":4,"amount":350},{"posx":2,"posy":5,"amount":100},{"posx":10,"posy":5,"amount":400},{"posx":13,"posy":6,"amount":50},{"posx":18,"posy":6,"amount":550},{"posx":14,"posy":7,"amount":150},{"posx":16,"posy":7,"amount":450},{"posx":9,"posy":8,"amount":50},{"posx":11,"posy":8,"amount":450}],"changedObstacles":[]},{"players":[{"playerId":2344466,"score":250,"energy":17,"posx":3,"posy":4,"lastAction":2,"status":0},{"playerId":4120,"score":300,"energy":13,"posx":5,"posy":7,"lastAction":1,"status":0},{"playerId":2407150,"score":200,"energy":21,"posx":7,"posy":7,"lastAction":1,"status":0},{"playerId":2231262,"score":0,"energy":36,"posx":4,"posy":2,"lastAction":2,"status":0}],"golds":[{"posx":9,"posy":0,"amount":400},{"posx":7,"posy":1,"amount":100},{"posx":13,"posy":1,"amount":400},{"posx":2,"posy":2,"amount":350},{"posx":0,"posy":3,"amount":50},{"posx":10,"posy":3,"amount":150},{"posx":11,"posy":3,"amount":650},{"posx":15,"posy":3,"amount":400},{"posx":18,"posy":3,"amount":450},{"posx":14,"posy":4,"amount":300},{"posx":16,"posy":4,"amount":350},{"posx":2,"posy":5,"amount":100},{"posx":10,"posy":5,"amount":400},{"posx":13,"posy":6,"amount":50},{"posx":18,"posy":6,"amount":550},{"posx":14,"posy":7,"amount":150},{"posx":16,"posy":7,"amount":450},{"posx":9,"posy":8,"amount":50},{"posx":11,"posy":8,"amount":450}],"changedObstacles":[]},{"players":[{"playerId":2344466,"score":250,"energy":16,"posx":3,"posy":3,"lastAction":2,"status":0},{"playerId":4120,"score":300,"energy":12,"posx":6,"posy":7,"lastAction":1,"status":0},{"playerId":2407150,"score":200,"energy":20,"posx":8,"posy":7,"lastAction":1,"status":0},{"playerId":2231262,"score":0,"energy":35,"posx":3,"posy":2,"lastAction":0,"status":0}],"golds":[{"posx":9,"posy":0,"amount":400},{"posx":7,"posy":1,"amount":100},{"posx":13,"posy":1,"amount":400},{"posx":2,"posy":2,"amount":350},{"posx":0,"posy":3,"amount":50},{"posx":10,"posy":3,"amount":150},{"posx":11,"posy":3,"amount":650},{"posx":15,"posy":3,"amount":400},{"posx":18,"posy":3,"amount":450},{"posx":14,"posy":4,"amount":300},{"posx":16,"posy":4,"amount":350},{"posx":2,"posy":5,"amount":100},{"posx":10,"posy":5,"amount":400},{"posx":13,"posy":6,"amount":50},{"posx":18,"posy":6,"amount":550},{"posx":14,"posy":7,"amount":150},{"posx":16,"posy":7,"amount":450},{"posx":9,"posy":8,"amount":50},{"posx":11,"posy":8,"amount":450}],"changedObstacles":[]},{"players":[{"playerId":2344466,"score":250,"energy":15,"posx":2,"posy":3,"lastAction":0,"status":0},{"playerId":4120,"score":300,"energy":11,"posx":7,"posy":7,"lastAction":1,"status":0},{"playerId":2407150,"score":200,"energy":19,"posx":9,"posy":7,"lastAction":1,"status":0},{"playerId":2231262,"score":0,"energy":31,"posx":2,"posy":2,"lastAction":0,"status":0}],"golds":[{"posx":9,"posy":0,"amount":400},{"posx":7,"posy":1,"amount":100},{"posx":13,"posy":1,"amount":400},{"posx":2,"posy":2,"amount":350},{"posx":0,"posy":3,"amount":50},{"posx":10,"posy":3,"amount":150},{"posx":11,"posy":3,"amount":650},{"posx":15,"posy":3,"amount":400},{"posx":18,"posy":3,"amount":450},{"posx":14,"posy":4,"amount":300},{"posx":16,"posy":4,"amount":350},{"posx":2,"posy":5,"amount":100},{"posx":10,"posy":5,"amount":400},{"posx":13,"posy":6,"amount":50},{"posx":18,"posy":6,"amount":550},{"posx":14,"posy":7,"amount":150},{"posx":16,"posy":7,"amount":450},{"posx":9,"posy":8,"amount":50},{"posx":11,"posy":8,"amount":450}],"changedObstacles":[]},{"players":[{"playerId":2344466,"score":250,"energy":11,"posx":2,"posy":2,"lastAction":2,"status":0},{"playerId":4120,"score":300,"energy":10,"posx":8,"posy":7,"lastAction":1,"status":0},{"playerId":2407150,"score":200,"energy":18,"posx":10,"posy":7,"lastAction":1,"status":0},{"playerId":2231262,"score":50,"energy":26,"posx":2,"posy":2,"lastAction":5,"status":0}],"golds":[{"posx":9,"posy":0,"amount":400},{"posx":7,"posy":1,"amount":100},{"posx":13,"posy":1,"amount":400},{"posx":2,"posy":2,"amount":300},{"posx":0,"posy":3,"amount":50},{"posx":10,"posy":3,"amount":150},{"posx":11,"posy":3,"amount":650},{"posx":15,"posy":3,"amount":400},{"posx":18,"posy":3,"amount":450},{"posx":14,"posy":4,"amount":300},{"posx":16,"posy":4,"amount":350},{"posx":2,"posy":5,"amount":100},{"posx":10,"posy":5,"amount":400},{"posx":13,"posy":6,"amount":50},{"posx":18,"posy":6,"amount":550},{"posx":14,"posy":7,"amount":150},{"posx":16,"posy":7,"amount":450},{"posx":9,"posy":8,"amount":50},{"posx":11,"posy":8,"amount":450}],"changedObstacles":[]},{"players":[{"playerId":2344466,"score":300,"energy":6,"posx":2,"posy":2,"lastAction":5,"status":0},{"playerId":4120,"score":300,"energy":9,"posx":9,"posy":7,"lastAction":1,"status":0},{"playerId":2407150,"score":200,"energy":17,"posx":10,"posy":6,"lastAction":2,"status":0},{"playerId":2231262,"score":100,"energy":21,"posx":2,"posy":2,"lastAction":5,"status":0}],"golds":[{"posx":9,"posy":0,"amount":400},{"posx":7,"posy":1,"amount":100},{"posx":13,"posy":1,"amount":400},{"posx":2,"posy":2,"amount":200},{"posx":0,"posy":3,"amount":50},{"posx":10,"posy":3,"amount":150},{"posx":11,"posy":3,"amount":650},{"posx":15,"posy":3,"amount":400},{"posx":18,"posy":3,"amount":450},{"posx":14,"posy":4,"amount":300},{"posx":16,"posy":4,"amount":350},{"posx":2,"posy":5,"amount":100},{"posx":10,"posy":5,"amount":400},{"posx":13,"posy":6,"amount":50},{"posx":18,"posy":6,"amount":550},{"posx":14,"posy":7,"amount":150},{"posx":16,"posy":7,"amount":450},{"posx":9,"posy":8,"amount":50},{"posx":11,"posy":8,"amount":450}],"changedObstacles":[]},{"players":[{"playerId":2344466,"score":350,"energy":1,"posx":2,"posy":2,"lastAction":5,"status":0},{"playerId":4120,"score":300,"energy":8,"posx":10,"posy":7,"lastAction":1,"status":0},{"playerId":2407150,"score":200,"energy":13,"posx":10,"posy":5,"lastAction":2,"status":0},{"playerId":2231262,"score":150,"energy":16,"posx":2,"posy":2,"lastAction":5,"status":0}],"golds":[{"posx":9,"posy":0,"amount":400},{"posx":7,"posy":1,"amount":100},{"posx":13,"posy":1,"amount":400},{"posx":2,"posy":2,"amount":100},{"posx":0,"posy":3,"amount":50},{"posx":10,"posy":3,"amount":150},{"posx":11,"posy":3,"amount":650},{"posx":15,"posy":3,"amount":400},{"posx":18,"posy":3,"amount":450},{"posx":14,"posy":4,"amount":300},{"posx":16,"posy":4,"amount":350},{"posx":2,"posy":5,"amount":100},{"posx":10,"posy":5,"amount":400},{"posx":13,"posy":6,"amount":50},{"posx":18,"posy":6,"amount":550},{"posx":14,"posy":7,"amount":150},{"posx":16,"posy":7,"amount":450},{"posx":9,"posy":8,"amount":50},{"posx":11,"posy":8,"amount":450}],"changedObstacles":[]},{"players":[{"playerId":2344466,"score":350,"energy":13,"posx":2,"posy":2,"lastAction":4,"status":0},{"playerId":4120,"score":300,"energy":7,"posx":10,"posy":6,"lastAction":2,"status":0},{"playerId":2407150,"score":250,"energy":8,"posx":10,"posy":5,"lastAction":5,"status":0},{"playerId":2231262,"score":150,"energy":28,"posx":2,"posy":2,"lastAction":4,"status":0}],"golds":[{"posx":9,"posy":0,"amount":400},{"posx":7,"posy":1,"amount":100},{"posx":13,"posy":1,"amount":400},{"posx":2,"posy":2,"amount":100},{"posx":0,"posy":3,"amount":50},{"posx":10,"posy":3,"amount":150},{"posx":11,"posy":3,"amount":650},{"posx":15,"posy":3,"amount":400},{"posx":18,"posy":3,"amount":450},{"posx":14,"posy":4,"amount":300},{"posx":16,"posy":4,"amount":350},{"posx":2,"posy":5,"amount":100},{"posx":10,"posy":5,"amount":350},{"posx":13,"posy":6,"amount":50},{"posx":18,"posy":6,"amount":550},{"posx":14,"posy":7,"amount":150},{"posx":16,"posy":7,"amount":450},{"posx":9,"posy":8,"amount":50},{"posx":11,"posy":8,"amount":450}],"changedObstacles":[]},{"players":[{"playerId":2344466,"score":350,"energy":29,"posx":2,"posy":2,"lastAction":4,"status":0},{"playerId":4120,"score":300,"energy":3,"posx":10,"posy":5,"lastAction":2,"status":0},{"playerId":2407150,"score":300,"energy":3,"posx":10,"posy":5,"lastAction":5,"status":0},{"playerId":2231262,"score":200,"energy":23,"posx":2,"posy":2,"lastAction":5,"status":0}],"golds":[{"posx":9,"posy":0,"amount":400},{"posx":7,"posy":1,"amount":100},{"posx":13,"posy":1,"amount":400},{"posx":2,"posy":2,"amount":50},{"posx":0,"posy":3,"amount":50},{"posx":10,"posy":3,"amount":150},{"posx":11,"posy":3,"amount":650},{"posx":15,"posy":3,"amount":400},{"posx":18,"posy":3,"amount":450},{"posx":14,"posy":4,"amount":300},{"posx":16,"posy":4,"amount":350},{"posx":2,"posy":5,"amount":100},{"posx":10,"posy":5,"amount":300},{"posx":13,"posy":6,"amount":50},{"posx":18,"posy":6,"amount":550},{"posx":14,"posy":7,"amount":150},{"posx":16,"posy":7,"amount":450},{"posx":9,"posy":8,"amount":50},{"posx":11,"posy":8,"amount":450}],"changedObstacles":[]},{"players":[{"playerId":2344466,"score":350,"energy":50,"posx":2,"posy":2,"lastAction":4,"status":0},{"playerId":4120,"score":300,"energy":15,"posx":10,"posy":5,"lastAction":4,"status":0},{"playerId":2407150,"score":300,"energy":15,"posx":10,"posy":5,"lastAction":4,"status":0},{"playerId":2231262,"score":250,"energy":18,"posx":2,"posy":2,"lastAction":5,"status":0}],"golds":[{"posx":9,"posy":0,"amount":400},{"posx":7,"posy":1,"amount":100},{"posx":13,"posy":1,"amount":400},{"posx":0,"posy":3,"amount":50},{"posx":10,"posy":3,"amount":150},{"posx":11,"posy":3,"amount":650},{"posx":15,"posy":3,"amount":400},{"posx":18,"posy":3,"amount":450},{"posx":14,"posy":4,"amount":300},{"posx":16,"posy":4,"amount":350},{"posx":2,"posy":5,"amount":100},{"posx":10,"posy":5,"amount":300},{"posx":13,"posy":6,"amount":50},{"posx":18,"posy":6,"amount":550},{"posx":14,"posy":7,"amount":150},{"posx":16,"posy":7,"amount":450},{"posx":9,"posy":8,"amount":50},{"posx":11,"posy":8,"amount":450}],"changedObstacles":[{"type":0,"posx":2,"posy":2,"value":-1}]},{"players":[{"playerId":2344466,"score":350,"energy":49,"posx":2,"posy":1,"lastAction":2,"status":0},{"playerId":4120,"score":300,"energy":31,"posx":10,"posy":5,"lastAction":4,"status":0},{"playerId":2407150,"score":300,"energy":31,"posx":10,"posy":5,"lastAction":4,"status":0},{"playerId":2231262,"score":250,"energy":17,"posx":2,"posy":3,"lastAction":3,"status":0}],"golds":[{"posx":9,"posy":0,"amount":400},{"posx":7,"posy":1,"amount":100},{"posx":13,"posy":1,"amount":400},{"posx":0,"posy":3,"amount":50},{"posx":10,"posy":3,"amount":150},{"posx":11,"posy":3,"amount":650},{"posx":15,"posy":3,"amount":400},{"posx":18,"posy":3,"amount":450},{"posx":14,"posy":4,"amount":300},{"posx":16,"posy":4,"amount":350},{"posx":2,"posy":5,"amount":100},{"posx":10,"posy":5,"amount":300},{"posx":13,"posy":6,"amount":50},{"posx":18,"posy":6,"amount":550},{"posx":14,"posy":7,"amount":150},{"posx":16,"posy":7,"amount":450},{"posx":9,"posy":8,"amount":50},{"posx":11,"posy":8,"amount":450}],"changedObstacles":[]},{"players":[{"playerId":2344466,"score":350,"energy":48,"posx":3,"posy":1,"lastAction":1,"status":0},{"playerId":4120,"score":300,"energy":50,"posx":10,"posy":5,"lastAction":4,"status":0},{"playerId":2407150,"score":300,"energy":50,"posx":10,"posy":5,"lastAction":4,"status":0},{"playerId":2231262,"score":250,"energy":16,"posx":1,"posy":3,"lastAction":0,"status":0}],"golds":[{"posx":9,"posy":0,"amount":400},{"posx":7,"posy":1,"amount":100},{"posx":13,"posy":1,"amount":400},{"posx":0,"posy":3,"amount":50},{"posx":10,"posy":3,"amount":150},{"posx":11,"posy":3,"amount":650},{"posx":15,"posy":3,"amount":400},{"posx":18,"posy":3,"amount":450},{"posx":14,"posy":4,"amount":300},{"posx":16,"posy":4,"amount":350},{"posx":2,"posy":5,"amount":100},{"posx":10,"posy":5,"amount":300},{"posx":13,"posy":6,"amount":50},{"posx":18,"posy":6,"amount":550},{"posx":14,"posy":7,"amount":150},{"posx":16,"posy":7,"amount":450},{"posx":9,"posy":8,"amount":50},{"posx":11,"posy":8,"amount":450}],"changedObstacles":[]},{"players":[{"playerId":2344466,"score":350,"energy":47,"posx":4,"posy":1,"lastAction":1,"status":0},{"playerId":4120,"score":350,"energy":45,"posx":10,"posy":5,"lastAction":5,"status":0},{"playerId":2407150,"score":350,"energy":45,"posx":10,"posy":5,"lastAction":5,"status":0},{"playerId":2231262,"score":250,"energy":28,"posx":1,"posy":3,"lastAction":4,"status":0}],"golds":[{"posx":9,"posy":0,"amount":400},{"posx":7,"posy":1,"amount":100},{"posx":13,"posy":1,"amount":400},{"posx":0,"posy":3,"amount":50},{"posx":10,"posy":3,"amount":150},{"posx":11,"posy":3,"amount":650},{"posx":15,"posy":3,"amount":400},{"posx":18,"posy":3,"amount":450},{"posx":14,"posy":4,"amount":300},{"posx":16,"posy":4,"amount":350},{"posx":2,"posy":5,"amount":100},{"posx":10,"posy":5,"amount":200},{"posx":13,"posy":6,"amount":50},{"posx":18,"posy":6,"amount":550},{"posx":14,"posy":7,"amount":150},{"posx":16,"posy":7,"amount":450},{"posx":9,"posy":8,"amount":50},{"posx":11,"posy":8,"amount":450}],"changedObstacles":[]},{"players":[{"playerId":2344466,"score":350,"energy":46,"posx":5,"posy":1,"lastAction":1,"status":0},{"playerId":4120,"score":400,"energy":40,"posx":10,"posy":5,"lastAction":5,"status":0},{"playerId":2407150,"score":400,"energy":40,"posx":10,"posy":5,"lastAction":5,"status":0},{"playerId":2231262,"score":250,"energy":24,"posx":0,"posy":3,"lastAction":0,"status":0}],"golds":[{"posx":9,"posy":0,"amount":400},{"posx":7,"posy":1,"amount":100},{"posx":13,"posy":1,"amount":400},{"posx":0,"posy":3,"amount":50},{"posx":10,"posy":3,"amount":150},{"posx":11,"posy":3,"amount":650},{"posx":15,"posy":3,"amount":400},{"posx":18,"posy":3,"amount":450},{"posx":14,"posy":4,"amount":300},{"posx":16,"posy":4,"amount":350},{"posx":2,"posy":5,"amount":100},{"posx":10,"posy":5,"amount":100},{"posx":13,"posy":6,"amount":50},{"posx":18,"posy":6,"amount":550},{"posx":14,"posy":7,"amount":150},{"posx":16,"posy":7,"amount":450},{"posx":9,"posy":8,"amount":50},{"posx":11,"posy":8,"amount":450}],"changedObstacles":[]},{"players":[{"playerId":2344466,"score":350,"energy":45,"posx":6,"posy":1,"lastAction":1,"status":0},{"playerId":4120,"score":450,"energy":35,"posx":10,"posy":5,"lastAction":5,"status":0},{"playerId":2407150,"score":450,"energy":35,"posx":10,"posy":5,"lastAction":5,"status":0},{"playerId":2231262,"score":300,"energy":19,"posx":0,"posy":3,"lastAction":5,"status":0}],"golds":[{"posx":9,"posy":0,"amount":400},{"posx":7,"posy":1,"amount":100},{"posx":13,"posy":1,"amount":400},{"posx":10,"posy":3,"amount":150},{"posx":11,"posy":3,"amount":650},{"posx":15,"posy":3,"amount":400},{"posx":18,"posy":3,"amount":450},{"posx":14,"posy":4,"amount":300},{"posx":16,"posy":4,"amount":350},{"posx":2,"posy":5,"amount":100},{"posx":13,"posy":6,"amount":50},{"posx":18,"posy":6,"amount":550},{"posx":14,"posy":7,"amount":150},{"posx":16,"posy":7,"amount":450},{"posx":9,"posy":8,"amount":50},{"posx":11,"posy":8,"amount":450}],"changedObstacles":[{"type":0,"posx":10,"posy":5,"value":-1},{"type":0,"posx":0,"posy":3,"value":-1}]},{"players":[{"playerId":2344466,"score":350,"energy":41,"posx":7,"posy":1,"lastAction":1,"status":0},{"playerId":4120,"score":450,"energy":34,"posx":10,"posy":4,"lastAction":2,"status":0},{"playerId":2407150,"score":450,"energy":34,"posx":10,"posy":4,"lastAction":2,"status":0},{"playerId":2231262,"score":300,"energy":18,"posx":0,"posy":4,"lastAction":3,"status":0}],"golds":[{"posx":9,"posy":0,"amount":400},{"posx":7,"posy":1,"amount":100},{"posx":13,"posy":1,"amount":400},{"posx":10,"posy":3,"amount":150},{"posx":11,"posy":3,"amount":650},{"posx":15,"posy":3,"amount":400},{"posx":18,"posy":3,"amount":450},{"posx":14,"posy":4,"amount":300},{"posx":16,"posy":4,"amount":350},{"posx":2,"posy":5,"amount":100},{"posx":13,"posy":6,"amount":50},{"posx":18,"posy":6,"amount":550},{"posx":14,"posy":7,"amount":150},{"posx":16,"posy":7,"amount":450},{"posx":9,"posy":8,"amount":50},{"posx":11,"posy":8,"amount":450}],"changedObstacles":[]},{"players":[{"playerId":2344466,"score":400,"energy":36,"posx":7,"posy":1,"lastAction":5,"status":0},{"playerId":4120,"score":450,"energy":30,"posx":10,"posy":3,"lastAction":2,"status":0},{"playerId":2407150,"score":450,"energy":33,"posx":11,"posy":4,"lastAction":1,"status":0},{"playerId":2231262,"score":300,"energy":17,"posx":0,"posy":5,"lastAction":3,"status":0}],"golds":[{"posx":9,"posy":0,"amount":400},{"posx":7,"posy":1,"amount":50},{"posx":13,"posy":1,"amount":400},{"posx":10,"posy":3,"amount":150},{"posx":11,"posy":3,"amount":650},{"posx":15,"posy":3,"amount":400},{"posx":18,"posy":3,"amount":450},{"posx":14,"posy":4,"amount":300},{"posx":16,"posy":4,"amount":350},{"posx":2,"posy":5,"amount":100},{"posx":13,"posy":6,"amount":50},{"posx":18,"posy":6,"amount":550},{"posx":14,"posy":7,"amount":150},{"posx":16,"posy":7,"amount":450},{"posx":9,"posy":8,"amount":50},{"posx":11,"posy":8,"amount":450}],"changedObstacles":[]},{"players":[{"playerId":2344466,"score":450,"energy":31,"posx":7,"posy":1,"lastAction":5,"status":0},{"playerId":4120,"score":500,"energy":25,"posx":10,"posy":3,"lastAction":5,"status":0},{"playerId":2407150,"score":450,"energy":29,"posx":11,"posy":3,"lastAction":2,"status":0},{"playerId":2231262,"score":300,"energy":16,"posx":1,"posy":5,"lastAction":1,"status":0}],"golds":[{"posx":9,"posy":0,"amount":400},{"posx":13,"posy":1,"amount":400},{"posx":10,"posy":3,"amount":100},{"posx":11,"posy":3,"amount":650},{"posx":15,"posy":3,"amount":400},{"posx":18,"posy":3,"amount":450},{"posx":14,"posy":4,"amount":300},{"posx":16,"posy":4,"amount":350},{"posx":2,"posy":5,"amount":100},{"posx":13,"posy":6,"amount":50},{"posx":18,"posy":6,"amount":550},{"posx":14,"posy":7,"amount":150},{"posx":16,"posy":7,"amount":450},{"posx":9,"posy":8,"amount":50},{"posx":11,"posy":8,"amount":450}],"changedObstacles":[{"type":0,"posx":7,"posy":1,"value":-1}]},{"players":[{"playerId":2344466,"score":450,"energy":30,"posx":7,"posy":0,"lastAction":2,"status":0},{"playerId":4120,"score":550,"energy":20,"posx":10,"posy":3,"lastAction":5,"status":0},{"playerId":2407150,"score":500,"energy":24,"posx":11,"posy":3,"lastAction":5,"status":0},{"playerId":2231262,"score":300,"energy":28,"posx":1,"posy":5,"lastAction":4,"status":0}],"golds":[{"posx":9,"posy":0,"amount":400},{"posx":13,"posy":1,"amount":400},{"posx":10,"posy":3,"amount":50},{"posx":11,"posy":3,"amount":600},{"posx":15,"posy":3,"amount":400},{"posx":18,"posy":3,"amount":450},{"posx":14,"posy":4,"amount":300},{"posx":16,"posy":4,"amount":350},{"posx":2,"posy":5,"amount":100},{"posx":13,"posy":6,"amount":50},{"posx":18,"posy":6,"amount":550},{"posx":14,"posy":7,"amount":150},{"posx":16,"posy":7,"amount":450},{"posx":9,"posy":8,"amount":50},{"posx":11,"posy":8,"amount":450}],"changedObstacles":[]},{"players":[{"playerId":2344466,"score":450,"energy":29,"posx":8,"posy":0,"lastAction":1,"status":0},{"playerId":4120,"score":600,"energy":15,"posx":10,"posy":3,"lastAction":5,"status":0},{"playerId":2407150,"score":550,"energy":19,"posx":11,"posy":3,"lastAction":5,"status":0},{"playerId":2231262,"score":300,"energy":24,"posx":2,"posy":5,"lastAction":1,"status":0}],"golds":[{"posx":9,"posy":0,"amount":400},{"posx":13,"posy":1,"amount":400},{"posx":11,"posy":3,"amount":550},{"posx":15,"posy":3,"amount":400},{"posx":18,"posy":3,"amount":450},{"posx":14,"posy":4,"amount":300},{"posx":16,"posy":4,"amount":350},{"posx":2,"posy":5,"amount":100},{"posx":13,"posy":6,"amount":50},{"posx":18,"posy":6,"amount":550},{"posx":14,"posy":7,"amount":150},{"posx":16,"posy":7,"amount":450},{"posx":9,"posy":8,"amount":50},{"posx":11,"posy":8,"amount":450}],"changedObstacles":[{"type":0,"posx":10,"posy":3,"value":-1}]},{"players":[{"playerId":2344466,"score":450,"energy":25,"posx":9,"posy":0,"lastAction":1,"status":0},{"playerId":4120,"score":600,"energy":11,"posx":11,"posy":3,"lastAction":1,"status":0},{"playerId":2407150,"score":600,"energy":14,"posx":11,"posy":3,"lastAction":5,"status":0},{"playerId":2231262,"score":350,"energy":19,"posx":2,"posy":5,"lastAction":5,"status":0}],"golds":[{"posx":9,"posy":0,"amount":400},{"posx":13,"posy":1,"amount":400},{"posx":11,"posy":3,"amount":500},{"posx":15,"posy":3,"amount":400},{"posx":18,"posy":3,"amount":450},{"posx":14,"posy":4,"amount":300},{"posx":16,"posy":4,"amount":350},{"posx":2,"posy":5,"amount":50},{"posx":13,"posy":6,"amount":50},{"posx":18,"posy":6,"amount":550},{"posx":14,"posy":7,"amount":150},{"posx":16,"posy":7,"amount":450},{"posx":9,"posy":8,"amount":50},{"posx":11,"posy":8,"amount":450}],"changedObstacles":[]},{"players":[{"playerId":2344466,"score":500,"energy":20,"posx":9,"posy":0,"lastAction":5,"status":0},{"playerId":4120,"score":650,"energy":6,"posx":11,"posy":3,"lastAction":5,"status":0},{"playerId":2407150,"score":650,"energy":9,"posx":11,"posy":3,"lastAction":5,"status":0},{"playerId":2231262,"score":400,"energy":14,"posx":2,"posy":5,"lastAction":5,"status":0}],"golds":[{"posx":9,"posy":0,"amount":350},{"posx":13,"posy":1,"amount":400},{"posx":11,"posy":3,"amount":400},{"posx":15,"posy":3,"amount":400},{"posx":18,"posy":3,"amount":450},{"posx":14,"posy":4,"amount":300},{"posx":16,"posy":4,"amount":350},{"posx":13,"posy":6,"amount":50},{"posx":18,"posy":6,"amount":550},{"posx":14,"posy":7,"amount":150},{"posx":16,"posy":7,"amount":450},{"posx":9,"posy":8,"amount":50},{"posx":11,"posy":8,"amount":450}],"changedObstacles":[{"type":0,"posx":2,"posy":5,"value":-1}]},{"players":[{"playerId":2344466,"score":550,"energy":15,"posx":9,"posy":0,"lastAction":5,"status":0},{"playerId":4120,"score":700,"energy":1,"posx":11,"posy":3,"lastAction":5,"status":0},{"playerId":2407150,"score":700,"energy":4,"posx":11,"posy":3,"lastAction":5,"status":0},{"playerId":2231262,"score":400,"energy":26,"posx":2,"posy":5,"lastAction":4,"status":0}],"golds":[{"posx":9,"posy":0,"amount":300},{"posx":13,"posy":1,"amount":400},{"posx":11,"posy":3,"amount":300},{"posx":15,"posy":3,"amount":400},{"posx":18,"posy":3,"amount":450},{"posx":14,"posy":4,"amount":300},{"posx":16,"posy":4,"amount":350},{"posx":13,"posy":6,"amount":50},{"posx":18,"posy":6,"amount":550},{"posx":14,"posy":7,"amount":150},{"posx":16,"posy":7,"amount":450},{"posx":9,"posy":8,"amount":50},{"posx":11,"posy":8,"amount":450}],"changedObstacles":[]},{"players":[{"playerId":2344466,"score":600,"energy":10,"posx":9,"posy":0,"lastAction":5,"status":0},{"playerId":4120,"score":700,"energy":13,"posx":11,"posy":3,"lastAction":4,"status":0},{"playerId":2407150,"score":700,"energy":16,"posx":11,"posy":3,"lastAction":4,"status":0},{"playerId":2231262,"score":400,"energy":25,"posx":2,"posy":6,"lastAction":3,"status":0}],"golds":[{"posx":9,"posy":0,"amount":250},{"posx":13,"posy":1,"amount":400},{"posx":11,"posy":3,"amount":300},{"posx":15,"posy":3,"amount":400},{"posx":18,"posy":3,"amount":450},{"posx":14,"posy":4,"amount":300},{"posx":16,"posy":4,"amount":350},{"posx":13,"posy":6,"amount":50},{"posx":18,"posy":6,"amount":550},{"posx":14,"posy":7,"amount":150},{"posx":16,"posy":7,"amount":450},{"posx":9,"posy":8,"amount":50},{"posx":11,"posy":8,"amount":450}],"changedObstacles":[]},{"players":[{"playerId":2344466,"score":650,"energy":5,"posx":9,"posy":0,"lastAction":5,"status":0},{"playerId":4120,"score":700,"energy":29,"posx":11,"posy":3,"lastAction":4,"status":0},{"playerId":2407150,"score":700,"energy":32,"posx":11,"posy":3,"lastAction":4,"status":0},{"playerId":2231262,"score":400,"energy":24,"posx":2,"posy":7,"lastAction":3,"status":0}],"golds":[{"posx":9,"posy":0,"amount":200},{"posx":13,"posy":1,"amount":400},{"posx":11,"posy":3,"amount":300},{"posx":15,"posy":3,"amount":400},{"posx":18,"posy":3,"amount":450},{"posx":14,"posy":4,"amount":300},{"posx":16,"posy":4,"amount":350},{"posx":13,"posy":6,"amount":50},{"posx":18,"posy":6,"amount":550},{"posx":14,"posy":7,"amount":150},{"posx":16,"posy":7,"amount":450},{"posx":9,"posy":8,"amount":50},{"posx":11,"posy":8,"amount":450}],"changedObstacles":[]},{"players":[{"playerId":2344466,"score":650,"energy":17,"posx":9,"posy":0,"lastAction":4,"status":0},{"playerId":4120,"score":700,"energy":50,"posx":11,"posy":3,"lastAction":4,"status":0},{"playerId":2407150,"score":700,"energy":50,"posx":11,"posy":3,"lastAction":4,"status":0},{"playerId":2231262,"score":400,"energy":23,"posx":2,"posy":8,"lastAction":3,"status":0}],"golds":[{"posx":9,"posy":0,"amount":200},{"posx":13,"posy":1,"amount":400},{"posx":11,"posy":3,"amount":300},{"posx":15,"posy":3,"amount":400},{"posx":18,"posy":3,"amount":450},{"posx":14,"posy":4,"amount":300},{"posx":16,"posy":4,"amount":350},{"posx":13,"posy":6,"amount":50},{"posx":18,"posy":6,"amount":550},{"posx":14,"posy":7,"amount":150},{"posx":16,"posy":7,"amount":450},{"posx":9,"posy":8,"amount":50},{"posx":11,"posy":8,"amount":450}],"changedObstacles":[]},{"players":[{"playerId":2344466,"score":650,"energy":33,"posx":9,"posy":0,"lastAction":4,"status":0},{"playerId":4120,"score":750,"energy":45,"posx":11,"posy":3,"lastAction":5,"status":0},{"playerId":2407150,"score":750,"energy":45,"posx":11,"posy":3,"lastAction":5,"status":0},{"playerId":2231262,"score":400,"energy":22,"posx":3,"posy":8,"lastAction":1,"status":0}],"golds":[{"posx":9,"posy":0,"amount":200},{"posx":13,"posy":1,"amount":400},{"posx":11,"posy":3,"amount":200},{"posx":15,"posy":3,"amount":400},{"posx":18,"posy":3,"amount":450},{"posx":14,"posy":4,"amount":300},{"posx":16,"posy":4,"amount":350},{"posx":13,"posy":6,"amount":50},{"posx":18,"posy":6,"amount":550},{"posx":14,"posy":7,"amount":150},{"posx":16,"posy":7,"amount":450},{"posx":9,"posy":8,"amount":50},{"posx":11,"posy":8,"amount":450}],"changedObstacles":[]},{"players":[{"playerId":2344466,"score":650,"energy":50,"posx":9,"posy":0,"lastAction":4,"status":0},{"playerId":4120,"score":800,"energy":40,"posx":11,"posy":3,"lastAction":5,"status":0},{"playerId":2407150,"score":800,"energy":40,"posx":11,"posy":3,"lastAction":5,"status":0},{"playerId":2231262,"score":400,"energy":2,"posx":4,"posy":8,"lastAction":1,"status":0}],"golds":[{"posx":9,"posy":0,"amount":200},{"posx":13,"posy":1,"amount":400},{"posx":11,"posy":3,"amount":100},{"posx":15,"posy":3,"amount":400},{"posx":18,"posy":3,"amount":450},{"posx":14,"posy":4,"amount":300},{"posx":16,"posy":4,"amount":350},{"posx":13,"posy":6,"amount":50},{"posx":18,"posy":6,"amount":550},{"posx":14,"posy":7,"amount":150},{"posx":16,"posy":7,"amount":450},{"posx":9,"posy":8,"amount":50},{"posx":11,"posy":8,"amount":450}],"changedObstacles":[{"type":3,"posx":4,"posy":8,"value":-40}]},{"players":[{"playerId":2344466,"score":700,"energy":45,"posx":9,"posy":0,"lastAction":5,"status":0},{"playerId":4120,"score":850,"energy":35,"posx":11,"posy":3,"lastAction":5,"status":0},{"playerId":2407150,"score":800,"energy":39,"posx":12,"posy":3,"lastAction":1,"status":0},{"playerId":2231262,"score":400,"energy":14,"posx":4,"posy":8,"lastAction":4,"status":0}],"golds":[{"posx":9,"posy":0,"amount":150},{"posx":13,"posy":1,"amount":400},{"posx":11,"posy":3,"amount":50},{"posx":15,"posy":3,"amount":400},{"posx":18,"posy":3,"amount":450},{"posx":14,"posy":4,"amount":300},{"posx":16,"posy":4,"amount":350},{"posx":13,"posy":6,"amount":50},{"posx":18,"posy":6,"amount":550},{"posx":14,"posy":7,"amount":150},{"posx":16,"posy":7,"amount":450},{"posx":9,"posy":8,"amount":50},{"posx":11,"posy":8,"amount":450}],"changedObstacles":[]},{"players":[{"playerId":2344466,"score":750,"energy":40,"posx":9,"posy":0,"lastAction":5,"status":0},{"playerId":4120,"score":900,"energy":30,"posx":11,"posy":3,"lastAction":5,"status":0},{"playerId":2407150,"score":800,"energy":38,"posx":13,"posy":3,"lastAction":1,"status":0},{"playerId":2231262,"score":400,"energy":30,"posx":4,"posy":8,"lastAction":4,"status":0}],"golds":[{"posx":9,"posy":0,"amount":100},{"posx":13,"posy":1,"amount":400},{"posx":15,"posy":3,"amount":400},{"posx":18,"posy":3,"amount":450},{"posx":14,"posy":4,"amount":300},{"posx":16,"posy":4,"amount":350},{"posx":13,"posy":6,"amount":50},{"posx":18,"posy":6,"amount":550},{"posx":14,"posy":7,"amount":150},{"posx":16,"posy":7,"amount":450},{"posx":9,"posy":8,"amount":50},{"posx":11,"posy":8,"amount":450}],"changedObstacles":[{"type":0,"posx":11,"posy":3,"value":-1}]},{"players":[{"playerId":2344466,"score":800,"energy":35,"posx":9,"posy":0,"lastAction":5,"status":0},{"playerId":4120,"score":900,"energy":29,"posx":12,"posy":3,"lastAction":1,"status":0},{"playerId":2407150,"score":800,"energy":37,"posx":14,"posy":3,"lastAction":1,"status":0},{"playerId":2231262,"score":400,"energy":29,"posx":5,"posy":8,"lastAction":1,"status":0}],"golds":[{"posx":9,"posy":0,"amount":50},{"posx":13,"posy":1,"amount":400},{"posx":15,"posy":3,"amount":400},{"posx":18,"posy":3,"amount":450},{"posx":14,"posy":4,"amount":300},{"posx":16,"posy":4,"amount":350},{"posx":13,"posy":6,"amount":50},{"posx":18,"posy":6,"amount":550},{"posx":14,"posy":7,"amount":150},{"posx":16,"posy":7,"amount":450},{"posx":9,"posy":8,"amount":50},{"posx":11,"posy":8,"amount":450}],"changedObstacles":[]},{"players":[{"playerId":2344466,"score":850,"energy":30,"posx":9,"posy":0,"lastAction":5,"status":0},{"playerId":4120,"score":900,"energy":28,"posx":13,"posy":3,"lastAction":1,"status":0},{"playerId":2407150,"score":800,"energy":33,"posx":15,"posy":3,"lastAction":1,"status":0},{"playerId":2231262,"score":400,"energy":28,"posx":6,"posy":8,"lastAction":1,"status":0}],"golds":[{"posx":13,"posy":1,"amount":400},{"posx":15,"posy":3,"amount":400},{"posx":18,"posy":3,"amount":450},{"posx":14,"posy":4,"amount":300},{"posx":16,"posy":4,"amount":350},{"posx":13,"posy":6,"amount":50},{"posx":18,"posy":6,"amount":550},{"posx":14,"posy":7,"amount":150},{"posx":16,"posy":7,"amount":450},{"posx":9,"posy":8,"amount":50},{"posx":11,"posy":8,"amount":450}],"changedObstacles":[{"type":0,"posx":9,"posy":0,"value":-1}]},{"players":[{"playerId":2344466,"score":850,"energy":30,"posx":9,"posy":0,"lastAction":5,"status":3},{"playerId":4120,"score":900,"energy":27,"posx":13,"posy":2,"lastAction":2,"status":0},{"playerId":2407150,"score":850,"energy":28,"posx":15,"posy":3,"lastAction":5,"status":0},{"playerId":2231262,"score":400,"energy":19,"posx":7,"posy":8,"lastAction":1,"status":0}],"golds":[{"posx":13,"posy":1,"amount":400},{"posx":15,"posy":3,"amount":350},{"posx":18,"posy":3,"amount":450},{"posx":14,"posy":4,"amount":300},{"posx":16,"posy":4,"amount":350},{"posx":13,"posy":6,"amount":50},{"posx":18,"posy":6,"amount":550},{"posx":14,"posy":7,"amount":150},{"posx":16,"posy":7,"amount":450},{"posx":9,"posy":8,"amount":50},{"posx":11,"posy":8,"amount":450}],"changedObstacles":[]},{"players":[{"playerId":2344466,"score":850,"energy":30,"posx":9,"posy":0,"lastAction":6,"status":3},{"playerId":4120,"score":900,"energy":23,"posx":13,"posy":1,"lastAction":2,"status":0},{"playerId":2407150,"score":900,"energy":23,"posx":15,"posy":3,"lastAction":5,"status":0},{"playerId":2231262,"score":400,"energy":18,"posx":8,"posy":8,"lastAction":1,"status":0}],"golds":[{"posx":13,"posy":1,"amount":400},{"posx":15,"posy":3,"amount":300},{"posx":18,"posy":3,"amount":450},{"posx":14,"posy":4,"amount":300},{"posx":16,"posy":4,"amount":350},{"posx":13,"posy":6,"amount":50},{"posx":18,"posy":6,"amount":550},{"posx":14,"posy":7,"amount":150},{"posx":16,"posy":7,"amount":450},{"posx":9,"posy":8,"amount":50},{"posx":11,"posy":8,"amount":450}],"changedObstacles":[]},{"players":[{"playerId":2344466,"score":850,"energy":30,"posx":9,"posy":0,"lastAction":6,"status":3},{"playerId":4120,"score":950,"energy":18,"posx":13,"posy":1,"lastAction":5,"status":0},{"playerId":2407150,"score":950,"energy":18,"posx":15,"posy":3,"lastAction":5,"status":0},{"playerId":2231262,"score":400,"energy":14,"posx":9,"posy":8,"lastAction":1,"status":0}],"golds":[{"posx":13,"posy":1,"amount":350},{"posx":15,"posy":3,"amount":250},{"posx":18,"posy":3,"amount":450},{"posx":14,"posy":4,"amount":300},{"posx":16,"posy":4,"amount":350},{"posx":13,"posy":6,"amount":50},{"posx":18,"posy":6,"amount":550},{"posx":14,"posy":7,"amount":150},{"posx":16,"posy":7,"amount":450},{"posx":9,"posy":8,"amount":50},{"posx":11,"posy":8,"amount":450}],"changedObstacles":[]},{"players":[{"playerId":2344466,"score":850,"energy":30,"posx":9,"posy":0,"lastAction":6,"status":3},{"playerId":4120,"score":1000,"energy":13,"posx":13,"posy":1,"lastAction":5,"status":0},{"playerId":2407150,"score":1000,"energy":13,"posx":15,"posy":3,"lastAction":5,"status":0},{"playerId":2231262,"score":400,"energy":26,"posx":9,"posy":8,"lastAction":4,"status":0}],"golds":[{"posx":13,"posy":1,"amount":300},{"posx":15,"posy":3,"amount":200},{"posx":18,"posy":3,"amount":450},{"posx":14,"posy":4,"amount":300},{"posx":16,"posy":4,"amount":350},{"posx":13,"posy":6,"amount":50},{"posx":18,"posy":6,"amount":550},{"posx":14,"posy":7,"amount":150},{"posx":16,"posy":7,"amount":450},{"posx":9,"posy":8,"amount":50},{"posx":11,"posy":8,"amount":450}],"changedObstacles":[]},{"players":[{"playerId":2344466,"score":850,"energy":30,"posx":9,"posy":0,"lastAction":6,"status":3},{"playerId":4120,"score":1050,"energy":8,"posx":13,"posy":1,"lastAction":5,"status":0},{"playerId":2407150,"score":1050,"energy":8,"posx":15,"posy":3,"lastAction":5,"status":0},{"playerId":2231262,"score":450,"energy":21,"posx":9,"posy":8,"lastAction":5,"status":0}],"golds":[{"posx":13,"posy":1,"amount":250},{"posx":15,"posy":3,"amount":150},{"posx":18,"posy":3,"amount":450},{"posx":14,"posy":4,"amount":300},{"posx":16,"posy":4,"amount":350},{"posx":13,"posy":6,"amount":50},{"posx":18,"posy":6,"amount":550},{"posx":14,"posy":7,"amount":150},{"posx":16,"posy":7,"amount":450},{"posx":11,"posy":8,"amount":450}],"changedObstacles":[{"type":0,"posx":9,"posy":8,"value":-1}]},{"players":[{"playerId":2344466,"score":850,"energy":30,"posx":9,"posy":0,"lastAction":6,"status":3},{"playerId":4120,"score":1100,"energy":3,"posx":13,"posy":1,"lastAction":5,"status":0},{"playerId":2407150,"score":1100,"energy":3,"posx":15,"posy":3,"lastAction":5,"status":0},{"playerId":2231262,"score":450,"energy":11,"posx":10,"posy":8,"lastAction":1,"status":0}],"golds":[{"posx":13,"posy":1,"amount":200},{"posx":15,"posy":3,"amount":100},{"posx":18,"posy":3,"amount":450},{"posx":14,"posy":4,"amount":300},{"posx":16,"posy":4,"amount":350},{"posx":13,"posy":6,"amount":50},{"posx":18,"posy":6,"amount":550},{"posx":14,"posy":7,"amount":150},{"posx":16,"posy":7,"amount":450},{"posx":11,"posy":8,"amount":450}],"changedObstacles":[{"type":0,"posx":10,"posy":8,"value":-1}]},{"players":[{"playerId":2344466,"score":850,"energy":30,"posx":9,"posy":0,"lastAction":6,"status":3},{"playerId":4120,"score":1100,"energy":15,"posx":13,"posy":1,"lastAction":4,"status":0},{"playerId":2407150,"score":1100,"energy":15,"posx":15,"posy":3,"lastAction":4,"status":0},{"playerId":2231262,"score":450,"energy":23,"posx":10,"posy":8,"lastAction":4,"status":0}],"golds":[{"posx":13,"posy":1,"amount":200},{"posx":15,"posy":3,"amount":100},{"posx":18,"posy":3,"amount":450},{"posx":14,"posy":4,"amount":300},{"posx":16,"posy":4,"amount":350},{"posx":13,"posy":6,"amount":50},{"posx":18,"posy":6,"amount":550},{"posx":14,"posy":7,"amount":150},{"posx":16,"posy":7,"amount":450},{"posx":11,"posy":8,"amount":450}],"changedObstacles":[]},{"players":[{"playerId":2344466,"score":850,"energy":30,"posx":9,"posy":0,"lastAction":6,"status":3},{"playerId":4120,"score":1100,"energy":31,"posx":13,"posy":1,"lastAction":4,"status":0},{"playerId":2407150,"score":1100,"energy":31,"posx":15,"posy":3,"lastAction":4,"status":0},{"playerId":2231262,"score":450,"energy":19,"posx":11,"posy":8,"lastAction":1,"status":0}],"golds":[{"posx":13,"posy":1,"amount":200},{"posx":15,"posy":3,"amount":100},{"posx":18,"posy":3,"amount":450},{"posx":14,"posy":4,"amount":300},{"posx":16,"posy":4,"amount":350},{"posx":13,"posy":6,"amount":50},{"posx":18,"posy":6,"amount":550},{"posx":14,"posy":7,"amount":150},{"posx":16,"posy":7,"amount":450},{"posx":11,"posy":8,"amount":450}],"changedObstacles":[]},{"players":[{"playerId":2344466,"score":850,"energy":30,"posx":9,"posy":0,"lastAction":6,"status":3},{"playerId":4120,"score":1100,"energy":50,"posx":13,"posy":1,"lastAction":4,"status":0},{"playerId":2407150,"score":1100,"energy":50,"posx":15,"posy":3,"lastAction":4,"status":0},{"playerId":2231262,"score":500,"energy":14,"posx":11,"posy":8,"lastAction":5,"status":0}],"golds":[{"posx":13,"posy":1,"amount":200},{"posx":15,"posy":3,"amount":100},{"posx":18,"posy":3,"amount":450},{"posx":14,"posy":4,"amount":300},{"posx":16,"posy":4,"amount":350},{"posx":13,"posy":6,"amount":50},{"posx":18,"posy":6,"amount":550},{"posx":14,"posy":7,"amount":150},{"posx":16,"posy":7,"amount":450},{"posx":11,"posy":8,"amount":400}],"changedObstacles":[]},{"players":[{"playerId":2344466,"score":850,"energy":30,"posx":9,"posy":0,"lastAction":6,"status":3},{"playerId":4120,"score":1150,"energy":45,"posx":13,"posy":1,"lastAction":5,"status":0},{"playerId":2407150,"score":1150,"energy":45,"posx":15,"posy":3,"lastAction":5,"status":0},{"playerId":2231262,"score":500,"energy":26,"posx":11,"posy":8,"lastAction":4,"status":0}],"golds":[{"posx":13,"posy":1,"amount":150},{"posx":15,"posy":3,"amount":50},{"posx":18,"posy":3,"amount":450},{"posx":14,"posy":4,"amount":300},{"posx":16,"posy":4,"amount":350},{"posx":13,"posy":6,"amount":50},{"posx":18,"posy":6,"amount":550},{"posx":14,"posy":7,"amount":150},{"posx":16,"posy":7,"amount":450},{"posx":11,"posy":8,"amount":400}],"changedObstacles":[]},{"players":[{"playerId":2344466,"score":850,"energy":30,"posx":9,"posy":0,"lastAction":6,"status":3},{"playerId":4120,"score":1200,"energy":40,"posx":13,"posy":1,"lastAction":5,"status":0},{"playerId":2407150,"score":1150,"energy":44,"posx":16,"posy":3,"lastAction":1,"status":0},{"playerId":2231262,"score":500,"energy":42,"posx":11,"posy":8,"lastAction":4,"status":0}],"golds":[{"posx":13,"posy":1,"amount":100},{"posx":15,"posy":3,"amount":50},{"posx":18,"posy":3,"amount":450},{"posx":14,"posy":4,"amount":300},{"posx":16,"posy":4,"amount":350},{"posx":13,"posy":6,"amount":50},{"posx":18,"posy":6,"amount":550},{"posx":14,"posy":7,"amount":150},{"posx":16,"posy":7,"amount":450},{"posx":11,"posy":8,"amount":400}],"changedObstacles":[]},{"players":[{"playerId":2344466,"score":850,"energy":30,"posx":9,"posy":0,"lastAction":6,"status":3},{"playerId":4120,"score":1250,"energy":35,"posx":13,"posy":1,"lastAction":5,"status":0},{"playerId":2407150,"score":1150,"energy":40,"posx":16,"posy":4,"lastAction":3,"status":0},{"playerId":2231262,"score":550,"energy":37,"posx":11,"posy":8,"lastAction":5,"status":0}],"golds":[{"posx":13,"posy":1,"amount":50},{"posx":15,"posy":3,"amount":50},{"posx":18,"posy":3,"amount":450},{"posx":14,"posy":4,"amount":300},{"posx":16,"posy":4,"amount":350},{"posx":13,"posy":6,"amount":50},{"posx":18,"posy":6,"amount":550},{"posx":14,"posy":7,"amount":150},{"posx":16,"posy":7,"amount":450},{"posx":11,"posy":8,"amount":350}],"changedObstacles":[]},{"players":[{"playerId":2344466,"score":850,"energy":30,"posx":9,"posy":0,"lastAction":6,"status":3},{"playerId":4120,"score":1300,"energy":30,"posx":13,"posy":1,"lastAction":5,"status":0},{"playerId":2407150,"score":1200,"energy":35,"posx":16,"posy":4,"lastAction":5,"status":0},{"playerId":2231262,"score":600,"energy":32,"posx":11,"posy":8,"lastAction":5,"status":0}],"golds":[{"posx":15,"posy":3,"amount":50},{"posx":18,"posy":3,"amount":450},{"posx":14,"posy":4,"amount":300},{"posx":16,"posy":4,"amount":300},{"posx":13,"posy":6,"amount":50},{"posx":18,"posy":6,"amount":550},{"posx":14,"posy":7,"amount":150},{"posx":16,"posy":7,"amount":450},{"posx":11,"posy":8,"amount":300}],"changedObstacles":[{"type":0,"posx":13,"posy":1,"value":-1}]},{"players":[{"playerId":2344466,"score":850,"energy":30,"posx":9,"posy":0,"lastAction":6,"status":3},{"playerId":4120,"score":1300,"energy":29,"posx":14,"posy":1,"lastAction":1,"status":0},{"playerId":2407150,"score":1250,"energy":30,"posx":16,"posy":4,"lastAction":5,"status":0},{"playerId":2231262,"score":650,"energy":27,"posx":11,"posy":8,"lastAction":5,"status":0}],"golds":[{"posx":15,"posy":3,"amount":50},{"posx":18,"posy":3,"amount":450},{"posx":14,"posy":4,"amount":300},{"posx":16,"posy":4,"amount":250},{"posx":13,"posy":6,"amount":50},{"posx":18,"posy":6,"amount":550},{"posx":14,"posy":7,"amount":150},{"posx":16,"posy":7,"amount":450},{"posx":11,"posy":8,"amount":250}],"changedObstacles":[]},{"players":[{"playerId":2344466,"score":850,"energy":30,"posx":9,"posy":0,"lastAction":6,"status":3},{"playerId":4120,"score":1300,"energy":28,"posx":14,"posy":2,"lastAction":3,"status":0},{"playerId":2407150,"score":1300,"energy":25,"posx":16,"posy":4,"lastAction":5,"status":0},{"playerId":2231262,"score":700,"energy":22,"posx":11,"posy":8,"lastAction":5,"status":0}],"golds":[{"posx":15,"posy":3,"amount":50},{"posx":18,"posy":3,"amount":450},{"posx":14,"posy":4,"amount":300},{"posx":16,"posy":4,"amount":200},{"posx":13,"posy":6,"amount":50},{"posx":18,"posy":6,"amount":550},{"posx":14,"posy":7,"amount":150},{"posx":16,"posy":7,"amount":450},{"posx":11,"posy":8,"amount":200}],"changedObstacles":[]},{"players":[{"playerId":2344466,"score":850,"energy":30,"posx":9,"posy":0,"lastAction":6,"status":3},{"playerId":4120,"score":1300,"energy":27,"posx":14,"posy":3,"lastAction":3,"status":0},{"playerId":2407150,"score":1350,"energy":20,"posx":16,"posy":4,"lastAction":5,"status":0},{"playerId":2231262,"score":750,"energy":17,"posx":11,"posy":8,"lastAction":5,"status":0}],"golds":[{"posx":15,"posy":3,"amount":50},{"posx":18,"posy":3,"amount":450},{"posx":14,"posy":4,"amount":300},{"posx":16,"posy":4,"amount":150},{"posx":13,"posy":6,"amount":50},{"posx":18,"posy":6,"amount":550},{"posx":14,"posy":7,"amount":150},{"posx":16,"posy":7,"amount":450},{"posx":11,"posy":8,"amount":150}],"changedObstacles":[]},{"players":[{"playerId":2344466,"score":850,"energy":30,"posx":9,"posy":0,"lastAction":6,"status":3},{"playerId":4120,"score":1300,"energy":23,"posx":14,"posy":4,"lastAction":3,"status":0},{"playerId":2407150,"score":1400,"energy":15,"posx":16,"posy":4,"lastAction":5,"status":0},{"playerId":2231262,"score":800,"energy":12,"posx":11,"posy":8,"lastAction":5,"status":0}],"golds":[{"posx":15,"posy":3,"amount":50},{"posx":18,"posy":3,"amount":450},{"posx":14,"posy":4,"amount":300},{"posx":16,"posy":4,"amount":100},{"posx":13,"posy":6,"amount":50},{"posx":18,"posy":6,"amount":550},{"posx":14,"posy":7,"amount":150},{"posx":16,"posy":7,"amount":450},{"posx":11,"posy":8,"amount":100}],"changedObstacles":[]},{"players":[{"playerId":2344466,"score":850,"energy":30,"posx":9,"posy":0,"lastAction":6,"status":3},{"playerId":4120,"score":1350,"energy":18,"posx":14,"posy":4,"lastAction":5,"status":0},{"playerId":2407150,"score":1450,"energy":10,"posx":16,"posy":4,"lastAction":5,"status":0},{"playerId":2231262,"score":800,"energy":24,"posx":11,"posy":8,"lastAction":4,"status":0}],"golds":[{"posx":15,"posy":3,"amount":50},{"posx":18,"posy":3,"amount":450},{"posx":14,"posy":4,"amount":250},{"posx":16,"posy":4,"amount":50},{"posx":13,"posy":6,"amount":50},{"posx":18,"posy":6,"amount":550},{"posx":14,"posy":7,"amount":150},{"posx":16,"posy":7,"amount":450},{"posx":11,"posy":8,"amount":100}],"changedObstacles":[]},{"players":[{"playerId":2344466,"score":850,"energy":30,"posx":9,"posy":0,"lastAction":6,"status":3},{"playerId":4120,"score":1400,"energy":13,"posx":14,"posy":4,"lastAction":5,"status":0},{"playerId":2407150,"score":1500,"energy":5,"posx":16,"posy":4,"lastAction":5,"status":0},{"playerId":2231262,"score":850,"energy":19,"posx":11,"posy":8,"lastAction":5,"status":0}],"golds":[{"posx":15,"posy":3,"amount":50},{"posx":18,"posy":3,"amount":450},{"posx":14,"posy":4,"amount":200},{"posx":13,"posy":6,"amount":50},{"posx":18,"posy":6,"amount":550},{"posx":14,"posy":7,"amount":150},{"posx":16,"posy":7,"amount":450},{"posx":11,"posy":8,"amount":50}],"changedObstacles":[{"type":0,"posx":16,"posy":4,"value":-1}]},{"players":[{"playerId":2344466,"score":850,"energy":30,"posx":9,"posy":0,"lastAction":6,"status":3},{"playerId":4120,"score":1450,"energy":8,"posx":14,"posy":4,"lastAction":5,"status":0},{"playerId":2407150,"score":1500,"energy":4,"posx":17,"posy":4,"lastAction":1,"status":0},{"playerId":2231262,"score":900,"energy":14,"posx":11,"posy":8,"lastAction":5,"status":0}],"golds":[{"posx":15,"posy":3,"amount":50},{"posx":18,"posy":3,"amount":450},{"posx":14,"posy":4,"amount":150},{"posx":13,"posy":6,"amount":50},{"posx":18,"posy":6,"amount":550},{"posx":14,"posy":7,"amount":150},{"posx":16,"posy":7,"amount":450}],"changedObstacles":[{"type":0,"posx":11,"posy":8,"value":-1}]},{"players":[{"playerId":2344466,"score":850,"energy":30,"posx":9,"posy":0,"lastAction":6,"status":3},{"playerId":4120,"score":1500,"energy":3,"posx":14,"posy":4,"lastAction":5,"status":0},{"playerId":2407150,"score":1500,"energy":3,"posx":18,"posy":4,"lastAction":1,"status":0},{"playerId":2231262,"score":900,"energy":26,"posx":11,"posy":8,"lastAction":4,"status":0}],"golds":[{"posx":15,"posy":3,"amount":50},{"posx":18,"posy":3,"amount":450},{"posx":14,"posy":4,"amount":100},{"posx":13,"posy":6,"amount":50},{"posx":18,"posy":6,"amount":550},{"posx":14,"posy":7,"amount":150},{"posx":16,"posy":7,"amount":450}],"changedObstacles":[]},{"players":[{"playerId":2344466,"score":850,"energy":30,"posx":9,"posy":0,"lastAction":6,"status":3},{"playerId":4120,"score":1500,"energy":15,"posx":14,"posy":4,"lastAction":4,"status":0},{"playerId":2407150,"score":1500,"energy":2,"posx":18,"posy":5,"lastAction":3,"status":0},{"playerId":2231262,"score":900,"energy":25,"posx":11,"posy":7,"lastAction":2,"status":0}],"golds":[{"posx":15,"posy":3,"amount":50},{"posx":18,"posy":3,"amount":450},{"posx":14,"posy":4,"amount":100},{"posx":13,"posy":6,"amount":50},{"posx":18,"posy":6,"amount":550},{"posx":14,"posy":7,"amount":150},{"posx":16,"posy":7,"amount":450}],"changedObstacles":[]},{"players":[{"playerId":2344466,"score":850,"energy":30,"posx":9,"posy":0,"lastAction":6,"status":3},{"playerId":4120,"score":1500,"energy":31,"posx":14,"posy":4,"lastAction":4,"status":0},{"playerId":2407150,"score":1500,"energy":14,"posx":18,"posy":5,"lastAction":4,"status":0},{"playerId":2231262,"score":900,"energy":24,"posx":11,"posy":6,"lastAction":2,"status":0}],"golds":[{"posx":15,"posy":3,"amount":50},{"posx":18,"posy":3,"amount":450},{"posx":14,"posy":4,"amount":100},{"posx":13,"posy":6,"amount":50},{"posx":18,"posy":6,"amount":550},{"posx":14,"posy":7,"amount":150},{"posx":16,"posy":7,"amount":450}],"changedObstacles":[]},{"players":[{"playerId":2344466,"score":850,"energy":30,"posx":9,"posy":0,"lastAction":6,"status":3},{"playerId":4120,"score":1550,"energy":26,"posx":14,"posy":4,"lastAction":5,"status":0},{"playerId":2407150,"score":1500,"energy":30,"posx":18,"posy":5,"lastAction":4,"status":0},{"playerId":2231262,"score":900,"energy":9,"posx":12,"posy":6,"lastAction":1,"status":0}],"golds":[{"posx":15,"posy":3,"amount":50},{"posx":18,"posy":3,"amount":450},{"posx":14,"posy":4,"amount":50},{"posx":13,"posy":6,"amount":50},{"posx":18,"posy":6,"amount":550},{"posx":14,"posy":7,"amount":150},{"posx":16,"posy":7,"amount":450}],"changedObstacles":[]},{"players":[{"playerId":2344466,"score":850,"energy":30,"posx":9,"posy":0,"lastAction":6,"status":3},{"playerId":4120,"score":1600,"energy":21,"posx":14,"posy":4,"lastAction":5,"status":0},{"playerId":2407150,"score":1500,"energy":50,"posx":18,"posy":5,"lastAction":4,"status":0},{"playerId":2231262,"score":900,"energy":21,"posx":12,"posy":6,"lastAction":4,"status":0}],"golds":[{"posx":15,"posy":3,"amount":50},{"posx":18,"posy":3,"amount":450},{"posx":13,"posy":6,"amount":50},{"posx":18,"posy":6,"amount":550},{"posx":14,"posy":7,"amount":150},{"posx":16,"posy":7,"amount":450}],"changedObstacles":[{"type":0,"posx":14,"posy":4,"value":-1}]},{"players":[{"playerId":2344466,"score":850,"energy":30,"posx":9,"posy":0,"lastAction":6,"status":3},{"playerId":4120,"score":1600,"energy":20,"posx":15,"posy":4,"lastAction":1,"status":0},{"playerId":2407150,"score":1500,"energy":46,"posx":18,"posy":6,"lastAction":3,"status":0},{"playerId":2231262,"score":900,"energy":17,"posx":13,"posy":6,"lastAction":1,"status":0}],"golds":[{"posx":15,"posy":3,"amount":50},{"posx":18,"posy":3,"amount":450},{"posx":13,"posy":6,"amount":50},{"posx":18,"posy":6,"amount":550},{"posx":14,"posy":7,"amount":150},{"posx":16,"posy":7,"amount":450}],"changedObstacles":[]},{"players":[{"playerId":2344466,"score":850,"energy":30,"posx":9,"posy":0,"lastAction":6,"status":3},{"playerId":4120,"score":1600,"energy":16,"posx":15,"posy":3,"lastAction":2,"status":0},{"playerId":2407150,"score":1550,"energy":41,"posx":18,"posy":6,"lastAction":5,"status":0},{"playerId":2231262,"score":950,"energy":12,"posx":13,"posy":6,"lastAction":5,"status":0}],"golds":[{"posx":15,"posy":3,"amount":50},{"posx":18,"posy":3,"amount":450},{"posx":18,"posy":6,"amount":500},{"posx":14,"posy":7,"amount":150},{"posx":16,"posy":7,"amount":450}],"changedObstacles":[{"type":0,"posx":13,"posy":6,"value":-1}]},{"players":[{"playerId":2344466,"score":850,"energy":30,"posx":9,"posy":0,"lastAction":6,"status":3},{"playerId":4120,"score":1650,"energy":11,"posx":15,"posy":3,"lastAction":5,"status":0},{"playerId":2407150,"score":1600,"energy":36,"posx":18,"posy":6,"lastAction":5,"status":0},{"playerId":2231262,"score":950,"energy":24,"posx":13,"posy":6,"lastAction":4,"status":0}],"golds":[{"posx":18,"posy":3,"amount":450},{"posx":18,"posy":6,"amount":450},{"posx":14,"posy":7,"amount":150},{"posx":16,"posy":7,"amount":450}],"changedObstacles":[{"type":0,"posx":15,"posy":3,"value":-1}]},{"players":[{"playerId":2344466,"score":850,"energy":30,"posx":9,"posy":0,"lastAction":6,"status":3},{"playerId":4120,"score":1650,"energy":10,"posx":16,"posy":3,"lastAction":1,"status":0},{"playerId":2407150,"score":1650,"energy":31,"posx":18,"posy":6,"lastAction":5,"status":0},{"playerId":2231262,"score":950,"energy":23,"posx":13,"posy":7,"lastAction":3,"status":0}],"golds":[{"posx":18,"posy":3,"amount":450},{"posx":18,"posy":6,"amount":400},{"posx":14,"posy":7,"amount":150},{"posx":16,"posy":7,"amount":450}],"changedObstacles":[]},{"players":[{"playerId":2344466,"score":850,"energy":30,"posx":9,"posy":0,"lastAction":6,"status":3},{"playerId":4120,"score":1650,"energy":9,"posx":17,"posy":3,"lastAction":1,"status":0},{"playerId":2407150,"score":1700,"energy":26,"posx":18,"posy":6,"lastAction":5,"status":0},{"playerId":2231262,"score":950,"energy":19,"posx":14,"posy":7,"lastAction":1,"status":0}],"golds":[{"posx":18,"posy":3,"amount":450},{"posx":18,"posy":6,"amount":350},{"posx":14,"posy":7,"amount":150},{"posx":16,"posy":7,"amount":450}],"changedObstacles":[]},{"players":[{"playerId":2344466,"score":850,"energy":30,"posx":9,"posy":0,"lastAction":6,"status":3},{"playerId":4120,"score":1650,"energy":5,"posx":18,"posy":3,"lastAction":1,"status":0},{"playerId":2407150,"score":1750,"energy":21,"posx":18,"posy":6,"lastAction":5,"status":0},{"playerId":2231262,"score":1000,"energy":14,"posx":14,"posy":7,"lastAction":5,"status":0}],"golds":[{"posx":18,"posy":3,"amount":450},{"posx":18,"posy":6,"amount":300},{"posx":14,"posy":7,"amount":100},{"posx":16,"posy":7,"amount":450}],"changedObstacles":[]},{"players":[{"playerId":2344466,"score":850,"energy":30,"posx":9,"posy":0,"lastAction":6,"status":3},{"playerId":4120,"score":1650,"energy":17,"posx":18,"posy":3,"lastAction":4,"status":0},{"playerId":2407150,"score":1800,"energy":16,"posx":18,"posy":6,"lastAction":5,"status":0},{"playerId":2231262,"score":1000,"energy":26,"posx":14,"posy":7,"lastAction":4,"status":0}],"golds":[{"posx":18,"posy":3,"amount":450},{"posx":18,"posy":6,"amount":250},{"posx":14,"posy":7,"amount":100},{"posx":16,"posy":7,"amount":450}],"changedObstacles":[]},{"players":[{"playerId":2344466,"score":850,"energy":30,"posx":9,"posy":0,"lastAction":6,"status":3},{"playerId":4120,"score":1650,"energy":33,"posx":18,"posy":3,"lastAction":4,"status":0},{"playerId":2407150,"score":1850,"energy":11,"posx":18,"posy":6,"lastAction":5,"status":0},{"playerId":2231262,"score":1050,"energy":21,"posx":14,"posy":7,"lastAction":5,"status":0}],"golds":[{"posx":18,"posy":3,"amount":450},{"posx":18,"posy":6,"amount":200},{"posx":14,"posy":7,"amount":50},{"posx":16,"posy":7,"amount":450}],"changedObstacles":[]},{"players":[{"playerId":2344466,"score":850,"energy":30,"posx":9,"posy":0,"lastAction":6,"status":3},{"playerId":4120,"score":1700,"energy":28,"posx":18,"posy":3,"lastAction":5,"status":0},{"playerId":2407150,"score":1900,"energy":6,"posx":18,"posy":6,"lastAction":5,"status":0},{"playerId":2231262,"score":1100,"energy":16,"posx":14,"posy":7,"lastAction":5,"status":0}],"golds":[{"posx":18,"posy":3,"amount":400},{"posx":18,"posy":6,"amount":150},{"posx":16,"posy":7,"amount":450}],"changedObstacles":[{"type":0,"posx":14,"posy":7,"value":-1}]},{"players":[{"playerId":2344466,"score":850,"energy":30,"posx":9,"posy":0,"lastAction":6,"status":3},{"playerId":4120,"score":1750,"energy":23,"posx":18,"posy":3,"lastAction":5,"status":0},{"playerId":2407150,"score":1900,"energy":5,"posx":18,"posy":7,"lastAction":3,"status":0},{"playerId":2231262,"score":1100,"energy":28,"posx":14,"posy":7,"lastAction":4,"status":0}],"golds":[{"posx":18,"posy":3,"amount":350},{"posx":18,"posy":6,"amount":150},{"posx":16,"posy":7,"amount":450}],"changedObstacles":[]},{"players":[{"playerId":2344466,"score":850,"energy":30,"posx":9,"posy":0,"lastAction":6,"status":3},{"playerId":4120,"score":1800,"energy":18,"posx":18,"posy":3,"lastAction":5,"status":0},{"playerId":2407150,"score":1900,"energy":4,"posx":17,"posy":7,"lastAction":0,"status":0},{"playerId":2231262,"score":1100,"energy":27,"posx":15,"posy":7,"lastAction":1,"status":0}],"golds":[{"posx":18,"posy":3,"amount":300},{"posx":18,"posy":6,"amount":150},{"posx":16,"posy":7,"amount":450}],"changedObstacles":[]},{"players":[{"playerId":2344466,"score":850,"energy":30,"posx":9,"posy":0,"lastAction":6,"status":3},{"playerId":4120,"score":1850,"energy":13,"posx":18,"posy":3,"lastAction":5,"status":0},{"playerId":2407150,"score":1900,"energy":16,"posx":17,"posy":7,"lastAction":4,"status":0},{"playerId":2231262,"score":1100,"energy":23,"posx":16,"posy":7,"lastAction":1,"status":0}],"golds":[{"posx":18,"posy":3,"amount":250},{"posx":18,"posy":6,"amount":150},{"posx":16,"posy":7,"amount":450}],"changedObstacles":[]},{"players":[{"playerId":2344466,"score":850,"energy":30,"posx":9,"posy":0,"lastAction":6,"status":3},{"playerId":4120,"score":1900,"energy":8,"posx":18,"posy":3,"lastAction":5,"status":0},{"playerId":2407150,"score":1900,"energy":32,"posx":17,"posy":7,"lastAction":4,"status":0},{"playerId":2231262,"score":1150,"energy":18,"posx":16,"posy":7,"lastAction":5,"status":0}],"golds":[{"posx":18,"posy":3,"amount":200},{"posx":18,"posy":6,"amount":150},{"posx":16,"posy":7,"amount":400}],"changedObstacles":[]},{"players":[{"playerId":2344466,"score":850,"energy":30,"posx":9,"posy":0,"lastAction":6,"status":3},{"playerId":4120,"score":1950,"energy":3,"posx":18,"posy":3,"lastAction":5,"status":0},{"playerId":2407150,"score":1900,"energy":50,"posx":17,"posy":7,"lastAction":4,"status":0},{"playerId":2231262,"score":1200,"energy":13,"posx":16,"posy":7,"lastAction":5,"status":0}],"golds":[{"posx":18,"posy":3,"amount":150},{"posx":18,"posy":6,"amount":150},{"posx":16,"posy":7,"amount":350}],"changedObstacles":[]},{"players":[{"playerId":2344466,"score":850,"energy":30,"posx":9,"posy":0,"lastAction":6,"status":3},{"playerId":4120,"score":1950,"energy":15,"posx":18,"posy":3,"lastAction":4,"status":0},{"playerId":2407150,"score":1900,"energy":46,"posx":16,"posy":7,"lastAction":0,"status":0},{"playerId":2231262,"score":1200,"energy":25,"posx":16,"posy":7,"lastAction":4,"status":0}],"golds":[{"posx":18,"posy":3,"amount":150},{"posx":18,"posy":6,"amount":150},{"posx":16,"posy":7,"amount":350}],"changedObstacles":[]},{"players":[{"playerId":2344466,"score":850,"energy":30,"posx":9,"posy":0,"lastAction":6,"status":3},{"playerId":4120,"score":1950,"energy":31,"posx":18,"posy":3,"lastAction":4,"status":0},{"playerId":2407150,"score":1950,"energy":41,"posx":16,"posy":7,"lastAction":5,"status":0},{"playerId":2231262,"score":1200,"energy":41,"posx":16,"posy":7,"lastAction":4,"status":0}],"golds":[{"posx":18,"posy":3,"amount":150},{"posx":18,"posy":6,"amount":150},{"posx":16,"posy":7,"amount":300}],"changedObstacles":[]},{"players":[{"playerId":2344466,"score":850,"energy":30,"posx":9,"posy":0,"lastAction":6,"status":3},{"playerId":4120,"score":2000,"energy":26,"posx":18,"posy":3,"lastAction":5,"status":0},{"playerId":2407150,"score":2000,"energy":36,"posx":16,"posy":7,"lastAction":5,"status":0},{"playerId":2231262,"score":1250,"energy":36,"posx":16,"posy":7,"lastAction":5,"status":0}],"golds":[{"posx":18,"posy":3,"amount":100},{"posx":18,"posy":6,"amount":150},{"posx":16,"posy":7,"amount":200}],"changedObstacles":[]},{"players":[{"playerId":2344466,"score":850,"energy":30,"posx":9,"posy":0,"lastAction":6,"status":3},{"playerId":4120,"score":2050,"energy":21,"posx":18,"posy":3,"lastAction":5,"status":0},{"playerId":2407150,"score":2050,"energy":31,"posx":16,"posy":7,"lastAction":5,"status":0},{"playerId":2231262,"score":1300,"energy":31,"posx":16,"posy":7,"lastAction":5,"status":0}],"golds":[{"posx":18,"posy":3,"amount":50},{"posx":18,"posy":6,"amount":150},{"posx":16,"posy":7,"amount":100}],"changedObstacles":[]},{"players":[{"playerId":2344466,"score":850,"energy":30,"posx":9,"posy":0,"lastAction":6,"status":3},{"playerId":4120,"score":2100,"energy":16,"posx":18,"posy":3,"lastAction":5,"status":0},{"playerId":2407150,"score":2050,"energy":30,"posx":17,"posy":7,"lastAction":1,"status":0},{"playerId":2231262,"score":1350,"energy":26,"posx":16,"posy":7,"lastAction":5,"status":0}],"golds":[{"posx":18,"posy":6,"amount":150},{"posx":16,"posy":7,"amount":50}],"changedObstacles":[{"type":0,"posx":18,"posy":3,"value":-1}]},{"players":[{"playerId":2344466,"score":850,"energy":30,"posx":9,"posy":0,"lastAction":6,"status":3},{"playerId":4120,"score":2100,"energy":15,"posx":18,"posy":4,"lastAction":3,"status":0},{"playerId":2407150,"score":2050,"energy":29,"posx":18,"posy":7,"lastAction":1,"status":0},{"playerId":2231262,"score":1400,"energy":21,"posx":16,"posy":7,"lastAction":5,"status":0}],"golds":[{"posx":18,"posy":6,"amount":150}],"changedObstacles":[{"type":0,"posx":16,"posy":7,"value":-1}]},{"players":[{"playerId":2344466,"score":850,"energy":30,"posx":9,"posy":0,"lastAction":6,"status":3},{"playerId":4120,"score":2100,"energy":14,"posx":18,"posy":5,"lastAction":3,"status":0},{"playerId":2407150,"score":2050,"energy":25,"posx":18,"posy":6,"lastAction":2,"status":0},{"playerId":2231262,"score":1400,"energy":20,"posx":16,"posy":6,"lastAction":2,"status":0}],"golds":[{"posx":18,"posy":6,"amount":150}],"changedObstacles":[]},{"players":[{"playerId":2344466,"score":850,"energy":30,"posx":9,"posy":0,"lastAction":6,"status":3},{"playerId":4120,"score":2100,"energy":10,"posx":18,"posy":6,"lastAction":3,"status":0},{"playerId":2407150,"score":2100,"energy":20,"posx":18,"posy":6,"lastAction":5,"status":0},{"playerId":2231262,"score":1400,"energy":15,"posx":17,"posy":6,"lastAction":1,"status":0}],"golds":[{"posx":18,"posy":6,"amount":100}],"changedObstacles":[{"type":3,"posx":17,"posy":6,"value":-20}]},{"players":[{"playerId":2344466,"score":850,"energy":30,"posx":9,"posy":0,"lastAction":6,"status":3},{"playerId":4120,"score":2150,"energy":5,"posx":18,"posy":6,"lastAction":5,"status":0},{"playerId":2407150,"score":2150,"energy":15,"posx":18,"posy":6,"lastAction":5,"status":0},{"playerId":2231262,"score":1400,"energy":27,"posx":17,"posy":6,"lastAction":4,"status":0}],"golds":[],"changedObstacles":[{"type":0,"posx":18,"posy":6,"value":-1}]}]