[{"players":[{"playerId":2349571,"score":0,"energy":49,"posx":2,"posy":7,"lastAction":2,"status":0},{"playerId":2277,"score":0,"energy":49,"posx":3,"posy":8,"lastAction":1,"status":0},{"playerId":137845,"score":0,"energy":49,"posx":3,"posy":8,"lastAction":1,"status":0},{"playerId":239305,"score":0,"energy":49,"posx":2,"posy":7,"lastAction":2,"status":0}],"golds":[{"posx":14,"posy":7,"amount":150},{"posx":2,"posy":2,"amount":350},{"posx":18,"posy":6,"amount":550},{"posx":11,"posy":8,"amount":450},{"posx":10,"posy":5,"amount":400},{"posx":15,"posy":3,"amount":400},{"posx":13,"posy":1,"amount":400},{"posx":16,"posy":7,"amount":450},{"posx":14,"posy":4,"amount":300},{"posx":7,"posy":1,"amount":100},{"posx":2,"posy":5,"amount":100},{"posx":9,"posy":0,"amount":400},{"posx":9,"posy":8,"amount":50},{"posx":0,"posy":3,"amount":50},{"posx":13,"posy":6,"amount":50},{"posx":18,"posy":3,"amount":450},{"posx":10,"posy":3,"amount":150},{"posx":16,"posy":4,"amount":350},{"posx":3,"posy":7,"amount":750},{"posx":11,"posy":3,"amount":650}],"changedObstacles":[]},{"players":[{"playerId":2349571,"score":0,"energy":45,"posx":3,"posy":7,"lastAction":1,"status":0},{"playerId":2277,"score":0,"energy":45,"posx":3,"posy":7,"lastAction":2,"status":0},{"playerId":137845,"score":0,"energy":45,"posx":3,"posy":7,"lastAction":2,"status":0},{"playerId":239305,"score":0,"energy":45,"posx":3,"posy":7,"lastAction":1,"status":0}],"golds":[{"posx":14,"posy":7,"amount":150},{"posx":2,"posy":2,"amount":350},{"posx":18,"posy":6,"amount":550},{"posx":11,"posy":8,"amount":450},{"posx":10,"posy":5,"amount":400},{"posx":15,"posy":3,"amount":400},{"posx":13,"posy":1,"amount":400},{"posx":16,"posy":7,"amount":450},{"posx":14,"posy":4,"amount":300},{"posx":7,"posy":1,"amount":100},{"posx":2,"posy":5,"amount":100},{"posx":9,"posy":0,"amount":400},{"posx":9,"posy":8,"amount":50},{"posx":0,"posy":3,"amount":50},{"posx":13,"posy":6,"amount":50},{"posx":18,"posy":3,"amount":450},{"posx":10,"posy":3,"amount":150},{"posx":16,"posy":4,"amount":350},{"posx":3,"posy":7,"amount":750},{"posx":11,"posy":3,"amount":650}],"changedObstacles":[]},{"players":[{"playerId":2349571,"score":50,"energy":40,"posx":3,"posy":7,"lastAction":5,"status":0},{"playerId":2277,"score":50,"energy":40,"posx":3,"posy":7,"lastAction":5,"status":0},{"playerId":137845,"score":50,"energy":40,"posx":3,"posy":7,"lastAction":5,"status":0},{"playerId":239305,"score":50,"energy":40,"posx":3,"posy":7,"lastAction":5,"status":0}],"golds":[{"posx":9,"posy":0,"amount":400},{"posx":7,"posy":1,"amount":100},{"posx":13,"posy":1,"amount":400},{"posx":2,"posy":2,"amount":350},{"posx":0,"posy":3,"amount":50},{"posx":10,"posy":3,"amount":150},{"posx":11,"posy":3,"amount":650},{"posx":15,"posy":3,"amount":400},{"posx":18,"posy":3,"amount":450},{"posx":14,"posy":4,"amount":300},{"posx":16,"posy":4,"amount":350},{"posx":2,"posy":5,"amount":100},{"posx":10,"posy":5,"amount":400},{"posx":13,"posy":6,"amount":50},{"posx":18,"posy":6,"amount":550},{"posx":3,"posy":7,"amount":550},{"posx":14,"posy":7,"amount":150},{"posx":16,"posy":7,"amount":450},{"posx":9,"posy":8,"amount":50},{"posx":11,"posy":8,"amount":450}],"changedObstacles":[]},{"players":[{"playerId":2349571,"score":50,"energy":39,"posx":3,"posy":6,"lastAction":2,"status":0},{"playerId":2277,"score":100,"energy":35,"posx":3,"posy":7,"lastAction":5,"status":0},{"playerId":137845,"score":100,"energy":35,"posx":3,"posy":7,"lastAction":5,"status":0},{"playerId":239305,"score":100,"energy":35,"posx":3,"posy":7,"lastAction":5,"status":0}],"golds":[{"posx":9,"posy":0,"amount":400},{"posx":7,"posy":1,"amount":100},{"posx":13,"posy":1,"amount":400},{"posx":2,"posy":2,"amount":350},{"posx":0,"posy":3,"amount":50},{"posx":10,"posy":3,"amount":150},{"posx":11,"posy":3,"amount":650},{"posx":15,"posy":3,"amount":400},{"posx":18,"posy":3,"amount":450},{"posx":14,"posy":4,"amount":300},{"posx":16,"posy":4,"amount":350},{"posx":2,"posy":5,"amount":100},{"posx":10,"posy":5,"amount":400},{"posx":13,"posy":6,"amount":50},{"posx":18,"posy":6,"amount":550},{"posx":3,"posy":7,"amount":400},{"posx":14,"posy":7,"amount":150},{"posx":16,"posy":7,"amount":450},{"posx":9,"posy":8,"amount":50},{"posx":11,"posy":8,"amount":450}],"changedObstacles":[]},{"players":[{"playerId":2349571,"score":50,"energy":38,"posx":3,"posy":5,"lastAction":2,"status":0},{"playerId":2277,"score":150,"energy":30,"posx":3,"posy":7,"lastAction":5,"status":0},{"playerId":137845,"score":150,"energy":30,"posx":3,"posy":7,"lastAction":5,"status":0},{"playerId":239305,"score":150,"energy":30,"posx":3,"posy":7,"lastAction":5,"status":0}],"golds":[{"posx":9,"posy":0,"amount":400},{"posx":7,"posy":1,"amount":100},{"posx":13,"posy":1,"amount":400},{"posx":2,"posy":2,"amount":350},{"posx":0,"posy":3,"amount":50},{"posx":10,"posy":3,"amount":150},{"posx":11,"posy":3,"amount":650},{"posx":15,"posy":3,"amount":400},{"posx":18,"posy":3,"amount":450},{"posx":14,"posy":4,"amount":300},{"posx":16,"posy":4,"amount":350},{"posx":2,"posy":5,"amount":100},{"posx":10,"posy":5,"amount":400},{"posx":13,"posy":6,"amount":50},{"posx":18,"posy":6,"amount":550},{"posx":3,"posy":7,"amount":250},{"posx":14,"posy":7,"amount":150},{"posx":16,"posy":7,"amount":450},{"posx":9,"posy":8,"amount":50},{"posx":11,"posy":8,"amount":450}],"changedObstacles":[]},{"players":[{"playerId":2349571,"score":50,"energy":37,"posx":3,"posy":4,"lastAction":2,"status":0},{"playerId":2277,"score":200,"energy":25,"posx":3,"posy":7,"lastAction":5,"status":0},{"playerId":137845,"score":200,"energy":25,"posx":3,"posy":7,"lastAction":5,"status":0},{"playerId":239305,"score":200,"energy":25,"posx":3,"posy":7,"lastAction":5,"status":0}],"golds":[{"posx":9,"posy":0,"amount":400},{"posx":7,"posy":1,"amount":100},{"posx":13,"posy":1,"amount":400},{"posx":2,"posy":2,"amount":350},{"posx":0,"posy":3,"amount":50},{"posx":10,"posy":3,"amount":150},{"posx":11,"posy":3,"amount":650},{"posx":15,"posy":3,"amount":400},{"posx":18,"posy":3,"amount":450},{"posx":14,"posy":4,"amount":300},{"posx":16,"posy":4,"amount":350},{"posx":2,"posy":5,"amount":100},{"posx":10,"posy":5,"amount":400},{"posx":13,"posy":6,"amount":50},{"posx":18,"posy":6,"amount":550},{"posx":3,"posy":7,"amount":100},{"posx":14,"posy":7,"amount":150},{"posx":16,"posy":7,"amount":450},{"posx":9,"posy":8,"amount":50},{"posx":11,"posy":8,"amount":450}],"changedObstacles":[]},{"players":[{"playerId":2349571,"score":50,"energy":36,"posx":3,"posy":3,"lastAction":2,"status":0},{"playerId":2277,"score":250,"energy":20,"posx":3,"posy":7,"lastAction":5,"status":0},{"playerId":137845,"score":200,"energy":24,"posx":3,"posy":6,"lastAction":2,"status":0},{"playerId":239305,"score":250,"energy":20,"posx":3,"posy":7,"lastAction":5,"status":0}],"golds":[{"posx":9,"posy":0,"amount":400},{"posx":7,"posy":1,"amount":100},{"posx":13,"posy":1,"amount":400},{"posx":2,"posy":2,"amount":350},{"posx":0,"posy":3,"amount":50},{"posx":10,"posy":3,"amount":150},{"posx":11,"posy":3,"amount":650},{"posx":15,"posy":3,"amount":400},{"posx":18,"posy":3,"amount":450},{"posx":14,"posy":4,"amount":300},{"posx":16,"posy":4,"amount":350},{"posx":2,"posy":5,"amount":100},{"posx":10,"posy":5,"amount":400},{"posx":13,"posy":6,"amount":50},{"posx":18,"posy":6,"amount":550},{"posx":14,"posy":7,"amount":150},{"posx":16,"posy":7,"amount":450},{"posx":9,"posy":8,"amount":50},{"posx":11,"posy":8,"amount":450}],"changedObstacles":[{"type":0,"posx":3,"posy":7,"value":-1}]},{"players":[{"playerId":2349571,"score":50,"energy":35,"posx":4,"posy":3,"lastAction":1,"status":0},{"playerId":2277,"score":250,"energy":19,"posx":4,"posy":7,"lastAction":1,"status":0},{"playerId":137845,"score":200,"energy":23,"posx":3,"posy":5,"lastAction":2,"status":0},{"playerId":239305,"score":250,"energy":19,"posx":3,"posy":6,"lastAction":2,"status":0}],"golds":[{"posx":9,"posy":0,"amount":400},{"posx":7,"posy":1,"amount":100},{"posx":13,"posy":1,"amount":400},{"posx":2,"posy":2,"amount":350},{"posx":0,"posy":3,"amount":50},{"posx":10,"posy":3,"amount":150},{"posx":11,"posy":3,"amount":650},{"posx":15,"posy":3,"amount":400},{"posx":18,"posy":3,"amount":450},{"posx":14,"posy":4,"amount":300},{"posx":16,"posy":4,"amount":350},{"posx":2,"posy":5,"amount":100},{"posx":10,"posy":5,"amount":400},{"posx":13,"posy":6,"amount":50},{"posx":18,"posy":6,"amount":550},{"posx":14,"posy":7,"amount":150},{"posx":16,"posy":7,"amount":450},{"posx":9,"posy":8,"amount":50},{"posx":11,"posy":8,"amount":450}],"changedObstacles":[]},{"players":[{"playerId":2349571,"score":50,"energy":34,"posx":5,"posy":3,"lastAction":1,"status":0},{"playerId":2277,"score":250,"energy":18,"posx":5,"posy":7,"lastAction":1,"status":0},{"playerId":137845,"score":200,"energy":22,"posx":4,"posy":5,"lastAction":1,"status":0},{"playerId":239305,"score":250,"energy":18,"posx":3,"posy":5,"lastAction":2,"status":0}],"golds":[{"posx":9,"posy":0,"amount":400},{"posx":7,"posy":1,"amount":100},{"posx":13,"posy":1,"amount":400},{"posx":2,"posy":2,"amount":350},{"posx":0,"posy":3,"amount":50},{"posx":10,"posy":3,"amount":150},{"posx":11,"posy":3,"amount":650},{"posx":15,"posy":3,"amount":400},{"posx":18,"posy":3,"amount":450},{"posx":14,"posy":4,"amount":300},{"posx":16,"posy":4,"amount":350},{"posx":2,"posy":5,"amount":100},{"posx":10,"posy":5,"amount":400},{"posx":13,"posy":6,"amount":50},{"posx":18,"posy":6,"amount":550},{"posx":14,"posy":7,"amount":150},{"posx":16,"posy":7,"amount":450},{"posx":9,"posy":8,"amount":50},{"posx":11,"posy":8,"amount":450}],"changedObstacles":[]},{"players":[{"playerId":2349571,"score":50,"energy":33,"posx":6,"posy":3,"lastAction":1,"status":0},{"playerId":2277,"score":250,"energy":17,"posx":6,"posy":7,"lastAction":1,"status":0},{"playerId":137845,"score":200,"energy":21,"posx":5,"posy":5,"lastAction":1,"status":0},{"playerId":239305,"score":250,"energy":14,"posx":2,"posy":5,"lastAction":0,"status":0}],"golds":[{"posx":9,"posy":0,"amount":400},{"posx":7,"posy":1,"amount":100},{"posx":13,"posy":1,"amount":400},{"posx":2,"posy":2,"amount":350},{"posx":0,"posy":3,"amount":50},{"posx":10,"posy":3,"amount":150},{"posx":11,"posy":3,"amount":650},{"posx":15,"posy":3,"amount":400},{"posx":18,"posy":3,"amount":450},{"posx":14,"posy":4,"amount":300},{"posx":16,"posy":4,"amount":350},{"posx":2,"posy":5,"amount":100},{"posx":10,"posy":5,"amount":400},{"posx":13,"posy":6,"amount":50},{"posx":18,"posy":6,"amount":550},{"posx":14,"posy":7,"amount":150},{"posx":16,"posy":7,"amount":450},{"posx":9,"posy":8,"amount":50},{"posx":11,"posy":8,"amount":450}],"changedObstacles":[]},{"players":[{"playerId":2349571,"score":50,"energy":32,"posx":7,"posy":3,"lastAction":1,"status":0},{"playerId":2277,"score":250,"energy":16,"posx":7,"posy":7,"lastAction":1,"status":0},{"playerId":137845,"score":200,"energy":20,"posx":6,"posy":5,"lastAction":1,"status":0},{"playerId":239305,"score":300,"energy":9,"posx":2,"posy":5,"lastAction":5,"status":0}],"golds":[{"posx":9,"posy":0,"amount":400},{"posx":7,"posy":1,"amount":100},{"posx":13,"posy":1,"amount":400},{"posx":2,"posy":2,"amount":350},{"posx":0,"posy":3,"amount":50},{"posx":10,"posy":3,"amount":150},{"posx":11,"posy":3,"amount":650},{"posx":15,"posy":3,"amount":400},{"posx":18,"posy":3,"amount":450},{"posx":14,"posy":4,"amount":300},{"posx":16,"posy":4,"amount":350},{"posx":2,"posy":5,"amount":50},{"posx":10,"posy":5,"amount":400},{"posx":13,"posy":6,"amount":50},{"posx":18,"posy":6,"amount":550},{"posx":14,"posy":7,"amount":150},{"posx":16,"posy":7,"amount":450},{"posx":9,"posy":8,"amount":50},{"posx":11,"posy":8,"amount":450}],"changedObstacles":[]},{"players":[{"playerId":2349571,"score":50,"energy":31,"posx":8,"posy":3,"lastAction":1,"status":0},{"playerId":2277,"score":250,"energy":15,"posx":8,"posy":7,"lastAction":1,"status":0},{"playerId":137845,"score":200,"energy":19,"posx":7,"posy":5,"lastAction":1,"status":0},{"playerId":239305,"score":350,"energy":4,"posx":2,"posy":5,"lastAction":5,"status":0}],"golds":[{"posx":9,"posy":0,"amount":400},{"posx":7,"posy":1,"amount":100},{"posx":13,"posy":1,"amount":400},{"posx":2,"posy":2,"amount":350},{"posx":0,"posy":3,"amount":50},{"posx":10,"posy":3,"amount":150},{"posx":11,"posy":3,"amount":650},{"posx":15,"posy":3,"amount":400},{"posx":18,"posy":3,"amount":450},{"posx":14,"posy":4,"amount":300},{"posx":16,"posy":4,"amount":350},{"posx":10,"posy":5,"amount":400},{"posx":13,"posy":6,"amount":50},{"posx":18,"posy":6,"amount":550},{"posx":14,"posy":7,"amount":150},{"posx":16,"posy":7,"amount":450},{"posx":9,"posy":8,"amount":50},{"posx":11,"posy":8,"amount":450}],"changedObstacles":[{"type":0,"posx":2,"posy":5,"value":-1}]},{"players":[{"playerId":2349571,"score":50,"energy":24,"posx":9,"posy":3,"lastAction":1,"status":0},{"playerId":2277,"score":250,"energy":14,"posx":9,"posy":7,"lastAction":1,"status":0},{"playerId":137845,"score":200,"energy":18,"posx":8,"posy":5,"lastAction":1,"status":0},{"playerId":239305,"score":350,"energy":3,"posx":2,"posy":4,"lastAction":2,"status":0}],"golds":[{"posx":9,"posy":0,"amount":400},{"posx":7,"posy":1,"amount":100},{"posx":13,"posy":1,"amount":400},{"posx":2,"posy":2,"amount":350},{"posx":0,"posy":3,"amount":50},{"posx":10,"posy":3,"amount":150},{"posx":11,"posy":3,"amount":650},{"posx":15,"posy":3,"amount":400},{"posx":18,"posy":3,"amount":450},{"posx":14,"posy":4,"amount":300},{"posx":16,"posy":4,"amount":350},{"posx":10,"posy":5,"amount":400},{"posx":13,"posy":6,"amount":50},{"posx":18,"posy":6,"amount":550},{"posx":14,"posy":7,"amount":150},{"posx":16,"posy":7,"amount":450},{"posx":9,"posy":8,"amount":50},{"posx":11,"posy":8,"amount":450}],"changedObstacles":[]},{"players":[{"playerId":2349571,"score":50,"energy":20,"posx":10,"posy":3,"lastAction":1,"status":0},{"playerId":2277,"score":250,"energy":13,"posx":10,"posy":7,"lastAction":1,"status":0},{"playerId":137845,"score":200,"energy":17,"posx":9,"posy":5,"lastAction":1,"status":0},{"playerId":239305,"score":350,"energy":2,"posx":2,"posy":3,"lastAction":2,"status":0}],"golds":[{"posx":9,"posy":0,"amount":400},{"posx":7,"posy":1,"amount":100},{"posx":13,"posy":1,"amount":400},{"posx":2,"posy":2,"amount":350},{"posx":0,"posy":3,"amount":50},{"posx":10,"posy":3,"amount":150},{"posx":11,"posy":3,"amount":650},{"posx":15,"posy":3,"amount":400},{"posx":18,"posy":3,"amount":450},{"posx":14,"posy":4,"amount":300},{"posx":16,"posy":4,"amount":350},{"posx":10,"posy":5,"amount":400},{"posx":13,"posy":6,"amount":50},{"posx":18,"posy":6,"amount":550},{"posx":14,"posy":7,"amount":150},{"posx":16,"posy":7,"amount":450},{"posx":9,"posy":8,"amount":50},{"posx":11,"posy":8,"amount":450}],"changedObstacles":[]},{"players":[{"playerId":2349571,"score":100,"energy":15,"posx":10,"posy":3,"lastAction":5,"status":0},{"playerId":2277,"score":250,"energy":12,"posx":10,"posy":6,"lastAction":2,"status":0},{"playerId":137845,"score":200,"energy":13,"posx":10,"posy":5,"lastAction":1,"status":0},{"playerId":239305,"score":350,"energy":14,"posx":2,"posy":3,"lastAction":4,"status":0}],"golds":[{"posx":9,"posy":0,"amount":400},{"posx":7,"posy":1,"amount":100},{"posx":13,"posy":1,"amount":400},{"posx":2,"posy":2,"amount":350},{"posx":0,"posy":3,"amount":50},{"posx":10,"posy":3,"amount":100},{"posx":11,"posy":3,"amount":650},{"posx":15,"posy":3,"amount":400},{"posx":18,"posy":3,"amount":450},{"posx":14,"posy":4,"amount":300},{"posx":16,"posy":4,"amount":350},{"posx":10,"posy":5,"amount":400},{"posx":13,"posy":6,"amount":50},{"posx":18,"posy":6,"amount":550},{"posx":14,"posy":7,"amount":150},{"posx":16,"posy":7,"amount":450},{"posx":9,"posy":8,"amount":50},{"posx":11,"posy":8,"amount":450}],"changedObstacles":[]},{"players":[{"playerId":2349571,"score":100,"energy":27,"posx":10,"posy":3,"lastAction":4,"status":0},{"playerId":2277,"score":250,"energy":8,"posx":10,"posy":5,"lastAction":2,"status":0},{"playerId":137845,"score":250,"energy":8,"posx":10,"posy":5,"lastAction":5,"status":0},{"playerId":239305,"score":350,"energy":30,"posx":2,"posy":3,"lastAction":4,"status":0}],"golds":[{"posx":9,"posy":0,"amount":400},{"posx":7,"posy":1,"amount":100},{"posx":13,"posy":1,"amount":400},{"posx":2,"posy":2,"amount":350},{"posx":0,"posy":3,"amount":50},{"posx":10,"posy":3,"amount":100},{"posx":11,"posy":3,"amount":650},{"posx":15,"posy":3,"amount":400},{"posx":18,"posy":3,"amount":450},{"posx":14,"posy":4,"amount":300},{"posx":16,"posy":4,"amount":350},{"posx":10,"posy":5,"amount":350},{"posx":13,"posy":6,"amount":50},{"posx":18,"posy":6,"amount":550},{"posx":14,"posy":7,"amount":150},{"posx":16,"posy":7,"amount":450},{"posx":9,"posy":8,"amount":50},{"posx":11,"posy":8,"amount":450}],"changedObstacles":[]},{"players":[{"playerId":2349571,"score":150,"energy":22,"posx":10,"posy":3,"lastAction":5,"status":0},{"playerId":2277,"score":300,"energy":3,"posx":10,"posy":5,"lastAction":5,"status":0},{"playerId":137845,"score":300,"energy":3,"posx":10,"posy":5,"lastAction":5,"status":0},{"playerId":239305,"score":350,"energy":50,"posx":2,"posy":3,"lastAction":4,"status":0}],"golds":[{"posx":9,"posy":0,"amount":400},{"posx":7,"posy":1,"amount":100},{"posx":13,"posy":1,"amount":400},{"posx":2,"posy":2,"amount":350},{"posx":0,"posy":3,"amount":50},{"posx":10,"posy":3,"amount":50},{"posx":11,"posy":3,"amount":650},{"posx":15,"posy":3,"amount":400},{"posx":18,"posy":3,"amount":450},{"posx":14,"posy":4,"amount":300},{"posx":16,"posy":4,"amount":350},{"posx":10,"posy":5,"amount":250},{"posx":13,"posy":6,"amount":50},{"posx":18,"posy":6,"amount":550},{"posx":14,"posy":7,"amount":150},{"posx":16,"posy":7,"amount":450},{"posx":9,"posy":8,"amount":50},{"posx":11,"posy":8,"amount":450}],"changedObstacles":[]},{"players":[{"playerId":2349571,"score":200,"energy":17,"posx":10,"posy":3,"lastAction":5,"status":0},{"playerId":2277,"score":300,"energy":15,"posx":10,"posy":5,"lastAction":4,"status":0},{"playerId":137845,"score":300,"energy":15,"posx":10,"posy":5,"lastAction":4,"status":0},{"playerId":239305,"score":350,"energy":46,"posx":2,"posy":2,"lastAction":2,"status":0}],"golds":[{"posx":9,"posy":0,"amount":400},{"posx":7,"posy":1,"amount":100},{"posx":13,"posy":1,"amount":400},{"posx":2,"posy":2,"amount":350},{"posx":0,"posy":3,"amount":50},{"posx":11,"posy":3,"amount":650},{"posx":15,"posy":3,"amount":400},{"posx":18,"posy":3,"amount":450},{"posx":14,"posy":4,"amount":300},{"posx":16,"posy":4,"amount":350},{"posx":10,"posy":5,"amount":250},{"posx":13,"posy":6,"amount":50},{"posx":18,"posy":6,"amount":550},{"posx":14,"posy":7,"amount":150},{"posx":16,"posy":7,"amount":450},{"posx":9,"posy":8,"amount":50},{"posx":11,"posy":8,"amount":450}],"changedObstacles":[{"type":0,"posx":10,"posy":3,"value":-1}]},{"players":[{"playerId":2349571,"score":200,"energy":29,"posx":10,"posy":3,"lastAction":4,"status":0},{"playerId":2277,"score":300,"energy":31,"posx":10,"posy":5,"lastAction":4,"status":0},{"playerId":137845,"score":350,"energy":10,"posx":10,"posy":5,"lastAction":5,"status":0},{"playerId":239305,"score":400,"energy":41,"posx":2,"posy":2,"lastAction":5,"status":0}],"golds":[{"posx":9,"posy":0,"amount":400},{"posx":7,"posy":1,"amount":100},{"posx":13,"posy":1,"amount":400},{"posx":2,"posy":2,"amount":300},{"posx":0,"posy":3,"amount":50},{"posx":11,"posy":3,"amount":650},{"posx":15,"posy":3,"amount":400},{"posx":18,"posy":3,"amount":450},{"posx":14,"posy":4,"amount":300},{"posx":16,"posy":4,"amount":350},{"posx":10,"posy":5,"amount":200},{"posx":13,"posy":6,"amount":50},{"posx":18,"posy":6,"amount":550},{"posx":14,"posy":7,"amount":150},{"posx":16,"posy":7,"amount":450},{"posx":9,"posy":8,"amount":50},{"posx":11,"posy":8,"amount":450}],"changedObstacles":[]},{"players":[{"playerId":2349571,"score":200,"energy":25,"posx":11,"posy":3,"lastAction":1,"status":0},{"playerId":2277,"score":300,"energy":50,"posx":10,"posy":5,"lastAction":4,"status":0},{"playerId":137845,"score":400,"energy":5,"posx":10,"posy":5,"lastAction":5,"status":0},{"playerId":239305,"score":450,"energy":36,"posx":2,"posy":2,"lastAction":5,"status":0}],"golds":[{"posx":9,"posy":0,"amount":400},{"posx":7,"posy":1,"amount":100},{"posx":13,"posy":1,"amount":400},{"posx":2,"posy":2,"amount":250},{"posx":0,"posy":3,"amount":50},{"posx":11,"posy":3,"amount":650},{"posx":15,"posy":3,"amount":400},{"posx":18,"posy":3,"amount":450},{"posx":14,"posy":4,"amount":300},{"posx":16,"posy":4,"amount":350},{"posx":10,"posy":5,"amount":150},{"posx":13,"posy":6,"amount":50},{"posx":18,"posy":6,"amount":550},{"posx":14,"posy":7,"amount":150},{"posx":16,"posy":7,"amount":450},{"posx":9,"posy":8,"amount":50},{"posx":11,"posy":8,"amount":450}],"changedObstacles":[]},{"players":[{"playerId":2349571,"score":250,"energy":20,"posx":11,"posy":3,"lastAction":5,"status":0},{"playerId":2277,"score":350,"energy":45,"posx":10,"posy":5,"lastAction":5,"status":0},{"playerId":137845,"score":400,"energy":17,"posx":10,"posy":5,"lastAction":4,"status":0},{"playerId":239305,"score":500,"energy":31,"posx":2,"posy":2,"lastAction":5,"status":0}],"golds":[{"posx":9,"posy":0,"amount":400},{"posx":7,"posy":1,"amount":100},{"posx":13,"posy":1,"amount":400},{"posx":2,"posy":2,"amount":200},{"posx":0,"posy":3,"amount":50},{"posx":11,"posy":3,"amount":600},{"posx":15,"posy":3,"amount":400},{"posx":18,"posy":3,"amount":450},{"posx":14,"posy":4,"amount":300},{"posx":16,"posy":4,"amount":350},{"posx":10,"posy":5,"amount":100},{"posx":13,"posy":6,"amount":50},{"posx":18,"posy":6,"amount":550},{"posx":14,"posy":7,"amount":150},{"posx":16,"posy":7,"amount":450},{"posx":9,"posy":8,"amount":50},{"posx":11,"posy":8,"amount":450}],"changedObstacles":[]},{"players":[{"playerId":2349571,"score":300,"energy":15,"posx":11,"posy":3,"lastAction":5,"status":0},{"playerId":2277,"score":400,"energy":40,"posx":10,"posy":5,"lastAction":5,"status":0},{"playerId":137845,"score":450,"energy":12,"posx":10,"posy":5,"lastAction":5,"status":0},{"playerId":239305,"score":550,"energy":26,"posx":2,"posy":2,"lastAction":5,"status":0}],"golds":[{"posx":9,"posy":0,"amount":400},{"posx":7,"posy":1,"amount":100},{"posx":13,"posy":1,"amount":400},{"posx":2,"posy":2,"amount":150},{"posx":0,"posy":3,"amount":50},{"posx":11,"posy":3,"amount":550},{"posx":15,"posy":3,"amount":400},{"posx":18,"posy":3,"amount":450},{"posx":14,"posy":4,"amount":300},{"posx":16,"posy":4,"amount":350},{"posx":13,"posy":6,"amount":50},{"posx":18,"posy":6,"amount":550},{"posx":14,"posy":7,"amount":150},{"posx":16,"posy":7,"amount":450},{"posx":9,"posy":8,"amount":50},{"posx":11,"posy":8,"amount":450}],"changedObstacles":[{"type":0,"posx":10,"posy":5,"value":-1}]},{"players":[{"playerId":2349571,"score":300,"energy":27,"posx":11,"posy":3,"lastAction":4,"status":0},{"playerId":2277,"score":400,"energy":39,"posx":10,"posy":4,"lastAction":2,"status":0},{"playerId":137845,"score":450,"energy":2,"posx":11,"posy":5,"lastAction":1,"status":0},{"playerId":239305,"score":600,"energy":21,"posx":2,"posy":2,"lastAction":5,"status":0}],"golds":[{"posx":9,"posy":0,"amount":400},{"posx":7,"posy":1,"amount":100},{"posx":13,"posy":1,"amount":400},{"posx":2,"posy":2,"amount":100},{"posx":0,"posy":3,"amount":50},{"posx":11,"posy":3,"amount":550},{"posx":15,"posy":3,"amount":400},{"posx":18,"posy":3,"amount":450},{"posx":14,"posy":4,"amount":300},{"posx":16,"posy":4,"amount":350},{"posx":13,"posy":6,"amount":50},{"posx":18,"posy":6,"amount":550},{"posx":14,"posy":7,"amount":150},{"posx":16,"posy":7,"amount":450},{"posx":9,"posy":8,"amount":50},{"posx":11,"posy":8,"amount":450}],"changedObstacles":[{"type":0,"posx":11,"posy":5,"value":-1}]},{"players":[{"playerId":2349571,"score":350,"energy":22,"posx":11,"posy":3,"lastAction":5,"status":0},{"playerId":2277,"score":400,"energy":38,"posx":11,"posy":4,"lastAction":1,"status":0},{"playerId":137845,"score":450,"energy":1,"posx":12,"posy":5,"lastAction":1,"status":0},{"playerId":239305,"score":650,"energy":16,"posx":2,"posy":2,"lastAction":5,"status":0}],"golds":[{"posx":9,"posy":0,"amount":400},{"posx":7,"posy":1,"amount":100},{"posx":13,"posy":1,"amount":400},{"posx":2,"posy":2,"amount":50},{"posx":0,"posy":3,"amount":50},{"posx":11,"posy":3,"amount":500},{"posx":15,"posy":3,"amount":400},{"posx":18,"posy":3,"amount":450},{"posx":14,"posy":4,"amount":300},{"posx":16,"posy":4,"amount":350},{"posx":13,"posy":6,"amount":50},{"posx":18,"posy":6,"amount":550},{"posx":14,"posy":7,"amount":150},{"posx":16,"posy":7,"amount":450},{"posx":9,"posy":8,"amount":50},{"posx":11,"posy":8,"amount":450}],"changedObstacles":[]},{"players":[{"playerId":2349571,"score":400,"energy":17,"posx":11,"posy":3,"lastAction":5,"status":0},{"playerId":2277,"score":400,"energy":37,"posx":12,"posy":4,"lastAction":1,"status":0},{"playerId":137845,"score":450,"energy":13,"posx":12,"posy":5,"lastAction":4,"status":0},{"playerId":239305,"score":700,"energy":11,"posx":2,"posy":2,"lastAction":5,"status":0}],"golds":[{"posx":9,"posy":0,"amount":400},{"posx":7,"posy":1,"amount":100},{"posx":13,"posy":1,"amount":400},{"posx":0,"posy":3,"amount":50},{"posx":11,"posy":3,"amount":450},{"posx":15,"posy":3,"amount":400},{"posx":18,"posy":3,"amount":450},{"posx":14,"posy":4,"amount":300},{"posx":16,"posy":4,"amount":350},{"posx":13,"posy":6,"amount":50},{"posx":18,"posy":6,"amount":550},{"posx":14,"posy":7,"amount":150},{"posx":16,"posy":7,"amount":450},{"posx":9,"posy":8,"amount":50},{"posx":11,"posy":8,"amount":450}],"changedObstacles":[{"type":0,"posx":2,"posy":2,"value":-1}]},{"players":[{"playerId":2349571,"score":400,"energy":29,"posx":11,"posy":3,"lastAction":4,"status":0},{"playerId":2277,"score":400,"energy":36,"posx":13,"posy":4,"lastAction":1,"status":0},{"playerId":137845,"score":450,"energy":29,"posx":12,"posy":5,"lastAction":4,"status":0},{"playerId":239305,"score":700,"energy":10,"posx":2,"posy":1,"lastAction":2,"status":0}],"golds":[{"posx":9,"posy":0,"amount":400},{"posx":7,"posy":1,"amount":100},{"posx":13,"posy":1,"amount":400},{"posx":0,"posy":3,"amount":50},{"posx":11,"posy":3,"amount":450},{"posx":15,"posy":3,"amount":400},{"posx":18,"posy":3,"amount":450},{"posx":14,"posy":4,"amount":300},{"posx":16,"posy":4,"amount":350},{"posx":13,"posy":6,"amount":50},{"posx":18,"posy":6,"amount":550},{"posx":14,"posy":7,"amount":150},{"posx":16,"posy":7,"amount":450},{"posx":9,"posy":8,"amount":50},{"posx":11,"posy":8,"amount":450}],"changedObstacles":[]},{"players":[{"playerId":2349571,"score":450,"energy":24,"posx":11,"posy":3,"lastAction":5,"status":0},{"playerId":2277,"score":400,"energy":32,"posx":14,"posy":4,"lastAction":1,"status":0},{"playerId":137845,"score":450,"energy":28,"posx":13,"posy":5,"lastAction":1,"status":0},{"playerId":239305,"score":700,"energy":9,"posx":3,"posy":1,"lastAction":1,"status":0}],"golds":[{"posx":9,"posy":0,"amount":400},{"posx":7,"posy":1,"amount":100},{"posx":13,"posy":1,"amount":400},{"posx":0,"posy":3,"amount":50},{"posx":11,"posy":3,"amount":400},{"posx":15,"posy":3,"amount":400},{"posx":18,"posy":3,"amount":450},{"posx":14,"posy":4,"amount":300},{"posx":16,"posy":4,"amount":350},{"posx":13,"posy":6,"amount":50},{"posx":18,"posy":6,"amount":550},{"posx":14,"posy":7,"amount":150},{"posx":16,"posy":7,"amount":450},{"posx":9,"posy":8,"amount":50},{"posx":11,"posy":8,"amount":450}],"changedObstacles":[]},{"players":[{"playerId":2349571,"score":500,"energy":19,"posx":11,"posy":3,"lastAction":5,"status":0},{"playerId":2277,"score":450,"energy":27,"posx":14,"posy":4,"lastAction":5,"status":0},{"playerId":137845,"score":450,"energy":24,"posx":13,"posy":6,"lastAction":3,"status":0},{"playerId":239305,"score":700,"energy":8,"posx":4,"posy":1,"lastAction":1,"status":0}],"golds":[{"posx":9,"posy":0,"amount":400},{"posx":7,"posy":1,"amount":100},{"posx":13,"posy":1,"amount":400},{"posx":0,"posy":3,"amount":50},{"posx":11,"posy":3,"amount":350},{"posx":15,"posy":3,"amount":400},{"posx":18,"posy":3,"amount":450},{"posx":14,"posy":4,"amount":250},{"posx":16,"posy":4,"amount":350},{"posx":13,"posy":6,"amount":50},{"posx":18,"posy":6,"amount":550},{"posx":14,"posy":7,"amount":150},{"posx":16,"posy":7,"amount":450},{"posx":9,"posy":8,"amount":50},{"posx":11,"posy":8,"amount":450}],"changedObstacles":[]},{"players":[{"playerId":2349571,"score":500,"energy":31,"posx":11,"posy":3,"lastAction":4,"status":0},{"playerId":2277,"score":500,"energy":22,"posx":14,"posy":4,"lastAction":5,"status":0},{"playerId":137845,"score":500,"energy":19,"posx":13,"posy":6,"lastAction":5,"status":0},{"playerId":239305,"score":700,"energy":7,"posx":4,"posy":0,"lastAction":2,"status":0}],"golds":[{"posx":9,"posy":0,"amount":400},{"posx":7,"posy":1,"amount":100},{"posx":13,"posy":1,"amount":400},{"posx":0,"posy":3,"amount":50},{"posx":11,"posy":3,"amount":350},{"posx":15,"posy":3,"amount":400},{"posx":18,"posy":3,"amount":450},{"posx":14,"posy":4,"amount":200},{"posx":16,"posy":4,"amount":350},{"posx":18,"posy":6,"amount":550},{"posx":14,"posy":7,"amount":150},{"posx":16,"posy":7,"amount":450},{"posx":9,"posy":8,"amount":50},{"posx":11,"posy":8,"amount":450}],"changedObstacles":[{"type":0,"posx":13,"posy":6,"value":-1}]},{"players":[{"playerId":2349571,"score":550,"energy":26,"posx":11,"posy":3,"lastAction":5,"status":0},{"playerId":2277,"score":550,"energy":17,"posx":14,"posy":4,"lastAction":5,"status":0},{"playerId":137845,"score":500,"energy":18,"posx":13,"posy":7,"lastAction":3,"status":0},{"playerId":239305,"score":700,"energy":6,"posx":5,"posy":0,"lastAction":1,"status":0}],"golds":[{"posx":9,"posy":0,"amount":400},{"posx":7,"posy":1,"amount":100},{"posx":13,"posy":1,"amount":400},{"posx":0,"posy":3,"amount":50},{"posx":11,"posy":3,"amount":300},{"posx":15,"posy":3,"amount":400},{"posx":18,"posy":3,"amount":450},{"posx":14,"posy":4,"amount":150},{"posx":16,"posy":4,"amount":350},{"posx":18,"posy":6,"amount":550},{"posx":14,"posy":7,"amount":150},{"posx":16,"posy":7,"amount":450},{"posx":9,"posy":8,"amount":50},{"posx":11,"posy":8,"amount":450}],"changedObstacles":[]},{"players":[{"playerId":2349571,"score":600,"energy":21,"posx":11,"posy":3,"lastAction":5,"status":0},{"playerId":2277,"score":600,"energy":12,"posx":14,"posy":4,"lastAction":5,"status":0},{"playerId":137845,"score":500,"energy":14,"posx":14,"posy":7,"lastAction":1,"status":0},{"playerId":239305,"score":700,"energy":5,"posx":6,"posy":0,"lastAction":1,"status":0}],"golds":[{"posx":9,"posy":0,"amount":400},{"posx":7,"posy":1,"amount":100},{"posx":13,"posy":1,"amount":400},{"posx":0,"posy":3,"amount":50},{"posx":11,"posy":3,"amount":250},{"posx":15,"posy":3,"amount":400},{"posx":18,"posy":3,"amount":450},{"posx":14,"posy":4,"amount":100},{"posx":16,"posy":4,"amount":350},{"posx":18,"posy":6,"amount":550},{"posx":14,"posy":7,"amount":150},{"posx":16,"posy":7,"amount":450},{"posx":9,"posy":8,"amount":50},{"posx":11,"posy":8,"amount":450}],"changedObstacles":[]},{"players":[{"playerId":2349571,"score":650,"energy":16,"posx":11,"posy":3,"lastAction":5,"status":0},{"playerId":2277,"score":650,"energy":7,"posx":14,"posy":4,"lastAction":5,"status":0},{"playerId":137845,"score":550,"energy":9,"posx":14,"posy":7,"lastAction":5,"status":0},{"playerId":239305,"score":700,"energy":4,"posx":7,"posy":0,"lastAction":1,"status":0}],"golds":[{"posx":9,"posy":0,"amount":400},{"posx":7,"posy":1,"amount":100},{"posx":13,"posy":1,"amount":400},{"posx":0,"posy":3,"amount":50},{"posx":11,"posy":3,"amount":200},{"posx":15,"posy":3,"amount":400},{"posx":18,"posy":3,"amount":450},{"posx":14,"posy":4,"amount":50},{"posx":16,"posy":4,"amount":350},{"posx":18,"posy":6,"amount":550},{"posx":14,"posy":7,"amount":100},{"posx":16,"posy":7,"amount":450},{"posx":9,"posy":8,"amount":50},{"posx":11,"posy":8,"amount":450}],"changedObstacles":[]},{"players":[{"playerId":2349571,"score":650,"energy":28,"posx":11,"posy":3,"lastAction":4,"status":0},{"playerId":2277,"score":700,"energy":2,"posx":14,"posy":4,"lastAction":5,"status":0},{"playerId":137845,"score":600,"energy":4,"posx":14,"posy":7,"lastAction":5,"status":0},{"playerId":239305,"score":700,"energy":3,"posx":8,"posy":0,"lastAction":1,"status":0}],"golds":[{"posx":9,"posy":0,"amount":400},{"posx":7,"posy":1,"amount":100},{"posx":13,"posy":1,"amount":400},{"posx":0,"posy":3,"amount":50},{"posx":11,"posy":3,"amount":200},{"posx":15,"posy":3,"amount":400},{"posx":18,"posy":3,"amount":450},{"posx":16,"posy":4,"amount":350},{"posx":18,"posy":6,"amount":550},{"posx":14,"posy":7,"amount":50},{"posx":16,"posy":7,"amount":450},{"posx":9,"posy":8,"amount":50},{"posx":11,"posy":8,"amount":450}],"changedObstacles":[{"type":0,"posx":14,"posy":4,"value":-1}]},{"players":[{"playerId":2349571,"score":700,"energy":23,"posx":11,"posy":3,"lastAction":5,"status":0},{"playerId":2277,"score":700,"energy":14,"posx":14,"posy":4,"lastAction":4,"status":0},{"playerId":137845,"score":600,"energy":16,"posx":14,"posy":7,"lastAction":4,"status":0},{"playerId":239305,"score":700,"energy":15,"posx":8,"posy":0,"lastAction":4,"status":0}],"golds":[{"posx":9,"posy":0,"amount":400},{"posx":7,"posy":1,"amount":100},{"posx":13,"posy":1,"amount":400},{"posx":0,"posy":3,"amount":50},{"posx":11,"posy":3,"amount":150},{"posx":15,"posy":3,"amount":400},{"posx":18,"posy":3,"amount":450},{"posx":16,"posy":4,"amount":350},{"posx":18,"posy":6,"amount":550},{"posx":14,"posy":7,"amount":50},{"posx":16,"posy":7,"amount":450},{"posx":9,"posy":8,"amount":50},{"posx":11,"posy":8,"amount":450}],"changedObstacles":[]},{"players":[{"playerId":2349571,"score":750,"energy":18,"posx":11,"posy":3,"lastAction":5,"status":0},{"playerId":2277,"score":700,"energy":30,"posx":14,"posy":4,"lastAction":4,"status":0},{"playerId":137845,"score":600,"energy":32,"posx":14,"posy":7,"lastAction":4,"status":0},{"playerId":239305,"score":700,"energy":31,"posx":8,"posy":0,"lastAction":4,"status":0}],"golds":[{"posx":9,"posy":0,"amount":400},{"posx":7,"posy":1,"amount":100},{"posx":13,"posy":1,"amount":400},{"posx":0,"posy":3,"amount":50},{"posx":11,"posy":3,"amount":100},{"posx":15,"posy":3,"amount":400},{"posx":18,"posy":3,"amount":450},{"posx":16,"posy":4,"amount":350},{"posx":18,"posy":6,"amount":550},{"posx":14,"posy":7,"amount":50},{"posx":16,"posy":7,"amount":450},{"posx":9,"posy":8,"amount":50},{"posx":11,"posy":8,"amount":450}],"changedObstacles":[]},{"players":[{"playerId":2349571,"score":750,"energy":30,"posx":11,"posy":3,"lastAction":4,"status":0},{"playerId":2277,"score":700,"energy":50,"posx":14,"posy":4,"lastAction":4,"status":0},{"playerId":137845,"score":600,"energy":50,"posx":14,"posy":7,"lastAction":4,"status":0},{"playerId":239305,"score":700,"energy":50,"posx":8,"posy":0,"lastAction":4,"status":0}],"golds":[{"posx":9,"posy":0,"amount":400},{"posx":7,"posy":1,"amount":100},{"posx":13,"posy":1,"amount":400},{"posx":0,"posy":3,"amount":50},{"posx":11,"posy":3,"amount":100},{"posx":15,"posy":3,"amount":400},{"posx":18,"posy":3,"amount":450},{"posx":16,"posy":4,"amount":350},{"posx":18,"posy":6,"amount":550},{"posx":14,"posy":7,"amount":50},{"posx":16,"posy":7,"amount":450},{"posx":9,"posy":8,"amount":50},{"posx":11,"posy":8,"amount":450}],"changedObstacles":[]},{"players":[{"playerId":2349571,"score":800,"energy":25,"posx":11,"posy":3,"lastAction":5,"status":0},{"playerId":2277,"score":700,"energy":49,"posx":15,"posy":4,"lastAction":1,"status":0},{"playerId":137845,"score":650,"energy":45,"posx":14,"posy":7,"lastAction":5,"status":0},{"playerId":239305,"score":700,"energy":46,"posx":9,"posy":0,"lastAction":1,"status":0}],"golds":[{"posx":9,"posy":0,"amount":400},{"posx":7,"posy":1,"amount":100},{"posx":13,"posy":1,"amount":400},{"posx":0,"posy":3,"amount":50},{"posx":11,"posy":3,"amount":50},{"posx":15,"posy":3,"amount":400},{"posx":18,"posy":3,"amount":450},{"posx":16,"posy":4,"amount":350},{"posx":18,"posy":6,"amount":550},{"posx":16,"posy":7,"amount":450},{"posx":9,"posy":8,"amount":50},{"posx":11,"posy":8,"amount":450}],"changedObstacles":[{"type":0,"posx":14,"posy":7,"value":-1}]},{"players":[{"playerId":2349571,"score":850,"energy":20,"posx":11,"posy":3,"lastAction":5,"status":0},{"playerId":2277,"score":700,"energy":45,"posx":16,"posy":4,"lastAction":1,"status":0},{"playerId":137845,"score":650,"energy":44,"posx":15,"posy":7,"lastAction":1,"status":0},{"playerId":239305,"score":750,"energy":41,"posx":9,"posy":0,"lastAction":5,"status":0}],"golds":[{"posx":9,"posy":0,"amount":350},{"posx":7,"posy":1,"amount":100},{"posx":13,"posy":1,"amount":400},{"posx":0,"posy":3,"amount":50},{"posx":15,"posy":3,"amount":400},{"posx":18,"posy":3,"amount":450},{"posx":16,"posy":4,"amount":350},{"posx":18,"posy":6,"amount":550},{"posx":16,"posy":7,"amount":450},{"posx":9,"posy":8,"amount":50},{"posx":11,"posy":8,"amount":450}],"changedObstacles":[{"type":0,"posx":11,"posy":3,"value":-1}]},{"players":[{"playerId":2349571,"score":850,"energy":19,"posx":11,"posy":4,"lastAction":3,"status":0},{"playerId":2277,"score":750,"energy":40,"posx":16,"posy":4,"lastAction":5,"status":0},{"playerId":137845,"score":650,"energy":40,"posx":16,"posy":7,"lastAction":1,"status":0},{"playerId":239305,"score":800,"energy":36,"posx":9,"posy":0,"lastAction":5,"status":0}],"golds":[{"posx":9,"posy":0,"amount":300},{"posx":7,"posy":1,"amount":100},{"posx":13,"posy":1,"amount":400},{"posx":0,"posy":3,"amount":50},{"posx":15,"posy":3,"amount":400},{"posx":18,"posy":3,"amount":450},{"posx":16,"posy":4,"amount":300},{"posx":18,"posy":6,"amount":550},{"posx":16,"posy":7,"amount":450},{"posx":9,"posy":8,"amount":50},{"posx":11,"posy":8,"amount":450}],"changedObstacles":[]},{"players":[{"playerId":2349571,"score":850,"energy":31,"posx":11,"posy":4,"lastAction":4,"status":0},{"playerId":2277,"score":800,"energy":35,"posx":16,"posy":4,"lastAction":5,"status":0},{"playerId":137845,"score":700,"energy":35,"posx":16,"posy":7,"lastAction":5,"status":0},{"playerId":239305,"score":850,"energy":31,"posx":9,"posy":0,"lastAction":5,"status":0}],"golds":[{"posx":9,"posy":0,"amount":250},{"posx":7,"posy":1,"amount":100},{"posx":13,"posy":1,"amount":400},{"posx":0,"posy":3,"amount":50},{"posx":15,"posy":3,"amount":400},{"posx":18,"posy":3,"amount":450},{"posx":16,"posy":4,"amount":250},{"posx":18,"posy":6,"amount":550},{"posx":16,"posy":7,"amount":400},{"posx":9,"posy":8,"amount":50},{"posx":11,"posy":8,"amount":450}],"changedObstacles":[]},{"players":[{"playerId":2349571,"score":850,"energy":30,"posx":11,"posy":5,"lastAction":3,"status":0},{"playerId":2277,"score":850,"energy":30,"posx":16,"posy":4,"lastAction":5,"status":0},{"playerId":137845,"score":750,"energy":30,"posx":16,"posy":7,"lastAction":5,"status":0},{"playerId":239305,"score":900,"energy":26,"posx":9,"posy":0,"lastAction":5,"status":0}],"golds":[{"posx":9,"posy":0,"amount":200},{"posx":7,"posy":1,"amount":100},{"posx":13,"posy":1,"amount":400},{"posx":0,"posy":3,"amount":50},{"posx":15,"posy":3,"amount":400},{"posx":18,"posy":3,"amount":450},{"posx":16,"posy":4,"amount":200},{"posx":18,"posy":6,"amount":550},{"posx":16,"posy":7,"amount":350},{"posx":9,"posy":8,"amount":50},{"posx":11,"posy":8,"amount":450}],"changedObstacles":[]},{"players":[{"playerId":2349571,"score":850,"energy":29,"posx":11,"posy":6,"lastAction":3,"status":0},{"playerId":2277,"score":900,"energy":25,"posx":16,"posy":4,"lastAction":5,"status":0},{"playerId":137845,"score":800,"energy":25,"posx":16,"posy":7,"lastAction":5,"status":0},{"playerId":239305,"score":950,"energy":21,"posx":9,"posy":0,"lastAction":5,"status":0}],"golds":[{"posx":9,"posy":0,"amount":150},{"posx":7,"posy":1,"amount":100},{"posx":13,"posy":1,"amount":400},{"posx":0,"posy":3,"amount":50},{"posx":15,"posy":3,"amount":400},{"posx":18,"posy":3,"amount":450},{"posx":16,"posy":4,"amount":150},{"posx":18,"posy":6,"amount":550},{"posx":16,"posy":7,"amount":300},{"posx":9,"posy":8,"amount":50},{"posx":11,"posy":8,"amount":450}],"changedObstacles":[]},{"players":[{"playerId":2349571,"score":850,"energy":28,"posx":11,"posy":7,"lastAction":3,"status":0},{"playerId":2277,"score":950,"energy":20,"posx":16,"posy":4,"lastAction":5,"status":0},{"playerId":137845,"score":850,"energy":20,"posx":16,"posy":7,"lastAction":5,"status":0},{"playerId":239305,"score":1000,"energy":16,"posx":9,"posy":0,"lastAction":5,"status":0}],"golds":[{"posx":9,"posy":0,"amount":100},{"posx":7,"posy":1,"amount":100},{"posx":13,"posy":1,"amount":400},{"posx":0,"posy":3,"amount":50},{"posx":15,"posy":3,"amount":400},{"posx":18,"posy":3,"amount":450},{"posx":16,"posy":4,"amount":100},{"posx":18,"posy":6,"amount":550},{"posx":16,"posy":7,"amount":250},{"posx":9,"posy":8,"amount":50},{"posx":11,"posy":8,"amount":450}],"changedObstacles":[]},{"players":[{"playerId":2349571,"score":850,"energy":24,"posx":11,"posy":8,"lastAction":3,"status":0},{"playerId":2277,"score":1000,"energy":15,"posx":16,"posy":4,"lastAction":5,"status":0},{"playerId":137845,"score":900,"energy":15,"posx":16,"posy":7,"lastAction":5,"status":0},{"playerId":239305,"score":1050,"energy":11,"posx":9,"posy":0,"lastAction":5,"status":0}],"golds":[{"posx":9,"posy":0,"amount":50},{"posx":7,"posy":1,"amount":100},{"posx":13,"posy":1,"amount":400},{"posx":0,"posy":3,"amount":50},{"posx":15,"posy":3,"amount":400},{"posx":18,"posy":3,"amount":450},{"posx":16,"posy":4,"amount":50},{"posx":18,"posy":6,"amount":550},{"posx":16,"posy":7,"amount":200},{"posx":9,"posy":8,"amount":50},{"posx":11,"posy":8,"amount":450}],"changedObstacles":[]},{"players":[{"playerId":2349571,"score":900,"energy":19,"posx":11,"posy":8,"lastAction":5,"status":0},{"playerId":2277,"score":1050,"energy":10,"posx":16,"posy":4,"lastAction":5,"status":0},{"playerId":137845,"score":950,"energy":10,"posx":16,"posy":7,"lastAction":5,"status":0},{"playerId":239305,"score":1100,"energy":6,"posx":9,"posy":0,"lastAction":5,"status":0}],"golds":[{"posx":7,"posy":1,"amount":100},{"posx":13,"posy":1,"amount":400},{"posx":0,"posy":3,"amount":50},{"posx":15,"posy":3,"amount":400},{"posx":18,"posy":3,"amount":450},{"posx":18,"posy":6,"amount":550},{"posx":16,"posy":7,"amount":150},{"posx":9,"posy":8,"amount":50},{"posx":11,"posy":8,"amount":400}],"changedObstacles":[{"type":0,"posx":9,"posy":0,"value":-1},{"type":0,"posx":16,"posy":4,"value":-1}]},{"players":[{"playerId":2349571,"score":900,"energy":31,"posx":11,"posy":8,"lastAction":4,"status":0},{"playerId":2277,"score":1050,"energy":9,"posx":17,"posy":4,"lastAction":1,"status":0},{"playerId":137845,"score":1000,"energy":5,"posx":16,"posy":7,"lastAction":5,"status":0},{"playerId":239305,"score":1100,"energy":5,"posx":10,"posy":0,"lastAction":1,"status":0}],"golds":[{"posx":7,"posy":1,"amount":100},{"posx":13,"posy":1,"amount":400},{"posx":0,"posy":3,"amount":50},{"posx":15,"posy":3,"amount":400},{"posx":18,"posy":3,"amount":450},{"posx":18,"posy":6,"amount":550},{"posx":16,"posy":7,"amount":100},{"posx":9,"posy":8,"amount":50},{"posx":11,"posy":8,"amount":400}],"changedObstacles":[]},{"players":[{"playerId":2349571,"score":950,"energy":26,"posx":11,"posy":8,"lastAction":5,"status":0},{"playerId":2277,"score":1050,"energy":8,"posx":18,"posy":4,"lastAction":1,"status":0},{"playerId":137845,"score":1000,"energy":17,"posx":16,"posy":7,"lastAction":4,"status":0},{"playerId":239305,"score":1100,"energy":4,"posx":11,"posy":0,"lastAction":1,"status":0}],"golds":[{"posx":7,"posy":1,"amount":100},{"posx":13,"posy":1,"amount":400},{"posx":0,"posy":3,"amount":50},{"posx":15,"posy":3,"amount":400},{"posx":18,"posy":3,"amount":450},{"posx":18,"posy":6,"amount":550},{"posx":16,"posy":7,"amount":100},{"posx":9,"posy":8,"amount":50},{"posx":11,"posy":8,"amount":350}],"changedObstacles":[]},{"players":[{"playerId":2349571,"score":1000,"energy":21,"posx":11,"posy":8,"lastAction":5,"status":0},{"playerId":2277,"score":1050,"energy":7,"posx":18,"posy":5,"lastAction":3,"status":0},{"playerId":137845,"score":1000,"energy":33,"posx":16,"posy":7,"lastAction":4,"status":0},{"playerId":239305,"score":1100,"energy":3,"posx":12,"posy":0,"lastAction":1,"status":0}],"golds":[{"posx":7,"posy":1,"amount":100},{"posx":13,"posy":1,"amount":400},{"posx":0,"posy":3,"amount":50},{"posx":15,"posy":3,"amount":400},{"posx":18,"posy":3,"amount":450},{"posx":18,"posy":6,"amount":550},{"posx":16,"posy":7,"amount":100},{"posx":9,"posy":8,"amount":50},{"posx":11,"posy":8,"amount":300}],"changedObstacles":[]},{"players":[{"playerId":2349571,"score":1050,"energy":16,"posx":11,"posy":8,"lastAction":5,"status":0},{"playerId":2277,"score":1050,"energy":3,"posx":18,"posy":6,"lastAction":3,"status":0},{"playerId":137845,"score":1000,"energy":50,"posx":16,"posy":7,"lastAction":4,"status":0},{"playerId":239305,"score":1100,"energy":2,"posx":13,"posy":0,"lastAction":1,"status":0}],"golds":[{"posx":7,"posy":1,"amount":100},{"posx":13,"posy":1,"amount":400},{"posx":0,"posy":3,"amount":50},{"posx":15,"posy":3,"amount":400},{"posx":18,"posy":3,"amount":450},{"posx":18,"posy":6,"amount":550},{"posx":16,"posy":7,"amount":100},{"posx":9,"posy":8,"amount":50},{"posx":11,"posy":8,"amount":250}],"changedObstacles":[]},{"players":[{"playerId":2349571,"score":1050,"energy":28,"posx":11,"posy":8,"lastAction":4,"status":0},{"playerId":2277,"score":1050,"energy":15,"posx":18,"posy":6,"lastAction":4,"status":0},{"playerId":137845,"score":1050,"energy":45,"posx":16,"posy":7,"lastAction":5,"status":0},{"playerId":239305,"score":1100,"energy":14,"posx":13,"posy":0,"lastAction":4,"status":0}],"golds":[{"posx":7,"posy":1,"amount":100},{"posx":13,"posy":1,"amount":400},{"posx":0,"posy":3,"amount":50},{"posx":15,"posy":3,"amount":400},{"posx":18,"posy":3,"amount":450},{"posx":18,"posy":6,"amount":550},{"posx":16,"posy":7,"amount":50},{"posx":9,"posy":8,"amount":50},{"posx":11,"posy":8,"amount":250}],"changedObstacles":[]},{"players":[{"playerId":2349571,"score":1100,"energy":23,"posx":11,"posy":8,"lastAction":5,"status":0},{"playerId":2277,"score":1050,"energy":31,"posx":18,"posy":6,"lastAction":4,"status":0},{"playerId":137845,"score":1100,"energy":40,"posx":16,"posy":7,"lastAction":5,"status":0},{"playerId":239305,"score":1100,"energy":30,"posx":13,"posy":0,"lastAction":4,"status":0}],"golds":[{"posx":7,"posy":1,"amount":100},{"posx":13,"posy":1,"amount":400},{"posx":0,"posy":3,"amount":50},{"posx":15,"posy":3,"amount":400},{"posx":18,"posy":3,"amount":450},{"posx":18,"posy":6,"amount":550},{"posx":9,"posy":8,"amount":50},{"posx":11,"posy":8,"amount":200}],"changedObstacles":[{"type":0,"posx":16,"posy":7,"value":-1}]},{"players":[{"playerId":2349571,"score":1150,"energy":18,"posx":11,"posy":8,"lastAction":5,"status":0},{"playerId":2277,"score":1050,"energy":50,"posx":18,"posy":6,"lastAction":4,"status":0},{"playerId":137845,"score":1100,"energy":39,"posx":16,"posy":6,"lastAction":2,"status":0},{"playerId":239305,"score":1100,"energy":50,"posx":13,"posy":0,"lastAction":4,"status":0}],"golds":[{"posx":7,"posy":1,"amount":100},{"posx":13,"posy":1,"amount":400},{"posx":0,"posy":3,"amount":50},{"posx":15,"posy":3,"amount":400},{"posx":18,"posy":3,"amount":450},{"posx":18,"posy":6,"amount":550},{"posx":9,"posy":8,"amount":50},{"posx":11,"posy":8,"amount":150}],"changedObstacles":[]},{"players":[{"playerId":2349571,"score":1150,"energy":30,"posx":11,"posy":8,"lastAction":4,"status":0},{"playerId":2277,"score":1100,"energy":45,"posx":18,"posy":6,"lastAction":5,"status":0},{"playerId":137845,"score":1100,"energy":38,"posx":16,"posy":5,"lastAction":2,"status":0},{"playerId":239305,"score":1100,"energy":46,"posx":13,"posy":1,"lastAction":3,"status":0}],"golds":[{"posx":7,"posy":1,"amount":100},{"posx":13,"posy":1,"amount":400},{"posx":0,"posy":3,"amount":50},{"posx":15,"posy":3,"amount":400},{"posx":18,"posy":3,"amount":450},{"posx":18,"posy":6,"amount":500},{"posx":9,"posy":8,"amount":50},{"posx":11,"posy":8,"amount":150}],"changedObstacles":[]},{"players":[{"playerId":2349571,"score":1200,"energy":25,"posx":11,"posy":8,"lastAction":5,"status":0},{"playerId":2277,"score":1150,"energy":40,"posx":18,"posy":6,"lastAction":5,"status":0},{"playerId":137845,"score":1100,"energy":37,"posx":16,"posy":4,"lastAction":2,"status":0},{"playerId":239305,"score":1150,"energy":41,"posx":13,"posy":1,"lastAction":5,"status":0}],"golds":[{"posx":7,"posy":1,"amount":100},{"posx":13,"posy":1,"amount":350},{"posx":0,"posy":3,"amount":50},{"posx":15,"posy":3,"amount":400},{"posx":18,"posy":3,"amount":450},{"posx":18,"posy":6,"amount":450},{"posx":9,"posy":8,"amount":50},{"posx":11,"posy":8,"amount":100}],"changedObstacles":[]},{"players":[{"playerId":2349571,"score":1250,"energy":20,"posx":11,"posy":8,"lastAction":5,"status":0},{"playerId":2277,"score":1200,"energy":35,"posx":18,"posy":6,"lastAction":5,"status":0},{"playerId":137845,"score":1100,"energy":36,"posx":16,"posy":3,"lastAction":2,"status":0},{"playerId":239305,"score":1200,"energy":36,"posx":13,"posy":1,"lastAction":5,"status":0}],"golds":[{"posx":7,"posy":1,"amount":100},{"posx":13,"posy":1,"amount":300},{"posx":0,"posy":3,"amount":50},{"posx":15,"posy":3,"amount":400},{"posx":18,"posy":3,"amount":450},{"posx":18,"posy":6,"amount":400},{"posx":9,"posy":8,"amount":50},{"posx":11,"posy":8,"amount":50}],"changedObstacles":[]},{"players":[{"playerId":2349571,"score":1300,"energy":15,"posx":11,"posy":8,"lastAction":5,"status":0},{"playerId":2277,"score":1250,"energy":30,"posx":18,"posy":6,"lastAction":5,"status":0},{"playerId":137845,"score":1100,"energy":35,"posx":17,"posy":3,"lastAction":1,"status":0},{"playerId":239305,"score":1250,"energy":31,"posx":13,"posy":1,"lastAction":5,"status":0}],"golds":[{"posx":7,"posy":1,"amount":100},{"posx":13,"posy":1,"amount":250},{"posx":0,"posy":3,"amount":50},{"posx":15,"posy":3,"amount":400},{"posx":18,"posy":3,"amount":450},{"posx":18,"posy":6,"amount":350},{"posx":9,"posy":8,"amount":50}],"changedObstacles":[{"type":0,"posx":11,"posy":8,"value":-1}]},{"players":[{"playerId":2349571,"score":1300,"energy":27,"posx":11,"posy":8,"lastAction":4,"status":0},{"playerId":2277,"score":1300,"energy":25,"posx":18,"posy":6,"lastAction":5,"status":0},{"playerId":137845,"score":1100,"energy":31,"posx":18,"posy":3,"lastAction":1,"status":0},{"playerId":239305,"score":1300,"energy":26,"posx":13,"posy":1,"lastAction":5,"status":0}],"golds":[{"posx":7,"posy":1,"amount":100},{"posx":13,"posy":1,"amount":200},{"posx":0,"posy":3,"amount":50},{"posx":15,"posy":3,"amount":400},{"posx":18,"posy":3,"amount":450},{"posx":18,"posy":6,"amount":300},{"posx":9,"posy":8,"amount":50}],"changedObstacles":[]},{"players":[{"playerId":2349571,"score":1300,"energy":17,"posx":10,"posy":8,"lastAction":0,"status":0},{"playerId":2277,"score":1350,"energy":20,"posx":18,"posy":6,"lastAction":5,"status":0},{"playerId":137845,"score":1150,"energy":26,"posx":18,"posy":3,"lastAction":5,"status":0},{"playerId":239305,"score":1350,"energy":21,"posx":13,"posy":1,"lastAction":5,"status":0}],"golds":[{"posx":7,"posy":1,"amount":100},{"posx":13,"posy":1,"amount":150},{"posx":0,"posy":3,"amount":50},{"posx":15,"posy":3,"amount":400},{"posx":18,"posy":3,"amount":400},{"posx":18,"posy":6,"amount":250},{"posx":9,"posy":8,"amount":50}],"changedObstacles":[{"type":0,"posx":10,"posy":8,"value":-1}]},{"players":[{"playerId":2349571,"score":1300,"energy":29,"posx":10,"posy":8,"lastAction":4,"status":0},{"playerId":2277,"score":1400,"energy":15,"posx":18,"posy":6,"lastAction":5,"status":0},{"playerId":137845,"score":1200,"energy":21,"posx":18,"posy":3,"lastAction":5,"status":0},{"playerId":239305,"score":1400,"energy":16,"posx":13,"posy":1,"lastAction":5,"status":0}],"golds":[{"posx":7,"posy":1,"amount":100},{"posx":13,"posy":1,"amount":100},{"posx":0,"posy":3,"amount":50},{"posx":15,"posy":3,"amount":400},{"posx":18,"posy":3,"amount":350},{"posx":18,"posy":6,"amount":200},{"posx":9,"posy":8,"amount":50}],"changedObstacles":[]},{"players":[{"playerId":2349571,"score":1300,"energy":25,"posx":9,"posy":8,"lastAction":0,"status":0},{"playerId":2277,"score":1450,"energy":10,"posx":18,"posy":6,"lastAction":5,"status":0},{"playerId":137845,"score":1250,"energy":16,"posx":18,"posy":3,"lastAction":5,"status":0},{"playerId":239305,"score":1450,"energy":11,"posx":13,"posy":1,"lastAction":5,"status":0}],"golds":[{"posx":7,"posy":1,"amount":100},{"posx":13,"posy":1,"amount":50},{"posx":0,"posy":3,"amount":50},{"posx":15,"posy":3,"amount":400},{"posx":18,"posy":3,"amount":300},{"posx":18,"posy":6,"amount":150},{"posx":9,"posy":8,"amount":50}],"changedObstacles":[]},{"players":[{"playerId":2349571,"score":1350,"energy":20,"posx":9,"posy":8,"lastAction":5,"status":0},{"playerId":2277,"score":1500,"energy":5,"posx":18,"posy":6,"lastAction":5,"status":0},{"playerId":137845,"score":1300,"energy":11,"posx":18,"posy":3,"lastAction":5,"status":0},{"playerId":239305,"score":1500,"energy":6,"posx":13,"posy":1,"lastAction":5,"status":0}],"golds":[{"posx":7,"posy":1,"amount":100},{"posx":0,"posy":3,"amount":50},{"posx":15,"posy":3,"amount":400},{"posx":18,"posy":3,"amount":250},{"posx":18,"posy":6,"amount":100}],"changedObstacles":[{"type":0,"posx":13,"posy":1,"value":-1},{"type":0,"posx":9,"posy":8,"value":-1}]},{"players":[{"playerId":2349571,"score":1350,"energy":19,"posx":9,"posy":7,"lastAction":2,"status":0},{"playerId":2277,"score":1500,"energy":17,"posx":18,"posy":6,"lastAction":4,"status":0},{"playerId":137845,"score":1350,"energy":6,"posx":18,"posy":3,"lastAction":5,"status":0},{"playerId":239305,"score":1500,"energy":5,"posx":14,"posy":1,"lastAction":1,"status":0}],"golds":[{"posx":7,"posy":1,"amount":100},{"posx":0,"posy":3,"amount":50},{"posx":15,"posy":3,"amount":400},{"posx":18,"posy":3,"amount":200},{"posx":18,"posy":6,"amount":100}],"changedObstacles":[]},{"players":[{"playerId":2349571,"score":1350,"energy":31,"posx":9,"posy":7,"lastAction":4,"status":0},{"playerId":2277,"score":1500,"energy":33,"posx":18,"posy":6,"lastAction":4,"status":0},{"playerId":137845,"score":1400,"energy":1,"posx":18,"posy":3,"lastAction":5,"status":0},{"playerId":239305,"score":1500,"energy":4,"posx":15,"posy":1,"lastAction":1,"status":0}],"golds":[{"posx":7,"posy":1,"amount":100},{"posx":0,"posy":3,"amount":50},{"posx":15,"posy":3,"amount":400},{"posx":18,"posy":3,"amount":150},{"posx":18,"posy":6,"amount":100}],"changedObstacles":[]},{"players":[{"playerId":2349571,"score":1350,"energy":30,"posx":9,"posy":6,"lastAction":2,"status":0},{"playerId":2277,"score":1500,"energy":50,"posx":18,"posy":6,"lastAction":4,"status":0},{"playerId":137845,"score":1400,"energy":13,"posx":18,"posy":3,"lastAction":4,"status":0},{"playerId":239305,"score":1500,"energy":3,"posx":15,"posy":2,"lastAction":3,"status":0}],"golds":[{"posx":7,"posy":1,"amount":100},{"posx":0,"posy":3,"amount":50},{"posx":15,"posy":3,"amount":400},{"posx":18,"posy":3,"amount":150},{"posx":18,"posy":6,"amount":100}],"changedObstacles":[]},{"players":[{"playerId":2349571,"score":1350,"energy":29,"posx":10,"posy":6,"lastAction":1,"status":0},{"playerId":2277,"score":1550,"energy":45,"posx":18,"posy":6,"lastAction":5,"status":0},{"playerId":137845,"score":1400,"energy":29,"posx":18,"posy":3,"lastAction":4,"status":0},{"playerId":239305,"score":1500,"energy":15,"posx":15,"posy":2,"lastAction":4,"status":0}],"golds":[{"posx":7,"posy":1,"amount":100},{"posx":0,"posy":3,"amount":50},{"posx":15,"posy":3,"amount":400},{"posx":18,"posy":3,"amount":150},{"posx":18,"posy":6,"amount":50}],"changedObstacles":[]},{"players":[{"playerId":2349571,"score":1350,"energy":28,"posx":11,"posy":6,"lastAction":1,"status":0},{"playerId":2277,"score":1600,"energy":40,"posx":18,"posy":6,"lastAction":5,"status":0},{"playerId":137845,"score":1400,"energy":50,"posx":18,"posy":3,"lastAction":4,"status":0},{"playerId":239305,"score":1500,"energy":31,"posx":15,"posy":2,"lastAction":4,"status":0}],"golds":[{"posx":7,"posy":1,"amount":100},{"posx":0,"posy":3,"amount":50},{"posx":15,"posy":3,"amount":400},{"posx":18,"posy":3,"amount":150}],"changedObstacles":[{"type":0,"posx":18,"posy":6,"value":-1}]},{"players":[{"playerId":2349571,"score":1350,"energy":23,"posx":12,"posy":6,"lastAction":1,"status":0},{"playerId":2277,"score":1600,"energy":39,"posx":18,"posy":5,"lastAction":2,"status":0},{"playerId":137845,"score":1450,"energy":45,"posx":18,"posy":3,"lastAction":5,"status":0},{"playerId":239305,"score":1500,"energy":50,"posx":15,"posy":2,"lastAction":4,"status":0}],"golds":[{"posx":7,"posy":1,"amount":100},{"posx":0,"posy":3,"amount":50},{"posx":15,"posy":3,"amount":400},{"posx":18,"posy":3,"amount":100}],"changedObstacles":[]},{"players":[{"playerId":2349571,"score":1350,"energy":22,"posx":13,"posy":6,"lastAction":1,"status":0},{"playerId":2277,"score":1600,"energy":38,"posx":18,"posy":4,"lastAction":2,"status":0},{"playerId":137845,"score":1500,"energy":40,"posx":18,"posy":3,"lastAction":5,"status":0},{"playerId":239305,"score":1500,"energy":46,"posx":15,"posy":3,"lastAction":3,"status":0}],"golds":[{"posx":7,"posy":1,"amount":100},{"posx":0,"posy":3,"amount":50},{"posx":15,"posy":3,"amount":400},{"posx":18,"posy":3,"amount":50}],"changedObstacles":[]},{"players":[{"playerId":2349571,"score":1350,"energy":21,"posx":13,"posy":5,"lastAction":2,"status":0},{"playerId":2277,"score":1600,"energy":34,"posx":18,"posy":3,"lastAction":2,"status":0},{"playerId":137845,"score":1550,"energy":35,"posx":18,"posy":3,"lastAction":5,"status":0},{"playerId":239305,"score":1550,"energy":41,"posx":15,"posy":3,"lastAction":5,"status":0}],"golds":[{"posx":7,"posy":1,"amount":100},{"posx":0,"posy":3,"amount":50},{"posx":15,"posy":3,"amount":350}],"changedObstacles":[{"type":0,"posx":18,"posy":3,"value":-1}]},{"players":[{"playerId":2349571,"score":1350,"energy":20,"posx":13,"posy":4,"lastAction":2,"status":0},{"playerId":2277,"score":1600,"energy":33,"posx":17,"posy":3,"lastAction":0,"status":0},{"playerId":137845,"score":1550,"energy":34,"posx":17,"posy":3,"lastAction":0,"status":0},{"playerId":239305,"score":1600,"energy":36,"posx":15,"posy":3,"lastAction":5,"status":0}],"golds":[{"posx":7,"posy":1,"amount":100},{"posx":0,"posy":3,"amount":50},{"posx":15,"posy":3,"amount":300}],"changedObstacles":[]},{"players":[{"playerId":2349571,"score":1350,"energy":19,"posx":14,"posy":4,"lastAction":1,"status":0},{"playerId":2277,"score":1600,"energy":32,"posx":16,"posy":3,"lastAction":0,"status":0},{"playerId":137845,"score":1550,"energy":33,"posx":16,"posy":3,"lastAction":0,"status":0},{"playerId":239305,"score":1650,"energy":31,"posx":15,"posy":3,"lastAction":5,"status":0}],"golds":[{"posx":7,"posy":1,"amount":100},{"posx":0,"posy":3,"amount":50},{"posx":15,"posy":3,"amount":250}],"changedObstacles":[]},{"players":[{"playerId":2349571,"score":1350,"energy":31,"posx":14,"posy":4,"lastAction":4,"status":0},{"playerId":2277,"score":1600,"energy":28,"posx":15,"posy":3,"lastAction":0,"status":0},{"playerId":137845,"score":1550,"energy":29,"posx":15,"posy":3,"lastAction":0,"status":0},{"playerId":239305,"score":1700,"energy":26,"posx":15,"posy":3,"lastAction":5,"status":0}],"golds":[{"posx":7,"posy":1,"amount":100},{"posx":0,"posy":3,"amount":50},{"posx":15,"posy":3,"amount":200}],"changedObstacles":[]},{"players":[{"playerId":2349571,"score":1350,"energy":30,"posx":14,"posy":3,"lastAction":2,"status":0},{"playerId":2277,"score":1650,"energy":23,"posx":15,"posy":3,"lastAction":5,"status":0},{"playerId":137845,"score":1600,"energy":24,"posx":15,"posy":3,"lastAction":5,"status":0},{"playerId":239305,"score":1750,"energy":21,"posx":15,"posy":3,"lastAction":5,"status":0}],"golds":[{"posx":7,"posy":1,"amount":100},{"posx":0,"posy":3,"amount":50},{"posx":15,"posy":3,"amount":50}],"changedObstacles":[]},{"players":[{"playerId":2349571,"score":1350,"energy":26,"posx":15,"posy":3,"lastAction":1,"status":0},{"playerId":2277,"score":1667,"energy":18,"posx":15,"posy":3,"lastAction":5,"status":0},{"playerId":137845,"score":1617,"energy":19,"posx":15,"posy":3,"lastAction":5,"status":0},{"playerId":239305,"score":1767,"energy":16,"posx":15,"posy":3,"lastAction":5,"status":0}],"golds":[{"posx":7,"posy":1,"amount":100},{"posx":0,"posy":3,"amount":50}],"changedObstacles":[{"type":0,"posx":15,"posy":3,"value":-1}]},{"players":[{"playerId":2349571,"score":1350,"energy":25,"posx":14,"posy":3,"lastAction":0,"status":0},{"playerId":2277,"score":1667,"energy":17,"posx":14,"posy":3,"lastAction":0,"status":0},{"playerId":137845,"score":1617,"energy":18,"posx":15,"posy":2,"lastAction":2,"status":0},{"playerId":239305,"score":1767,"energy":15,"posx":15,"posy":2,"lastAction":2,"status":0}],"golds":[{"posx":7,"posy":1,"amount":100},{"posx":0,"posy":3,"amount":50}],"changedObstacles":[]},{"players":[{"playerId":2349571,"score":1350,"energy":24,"posx":13,"posy":3,"lastAction":0,"status":0},{"playerId":2277,"score":1667,"energy":16,"posx":13,"posy":3,"lastAction":0,"status":0},{"playerId":137845,"score":1617,"energy":17,"posx":15,"posy":1,"lastAction":2,"status":0},{"playerId":239305,"score":1767,"energy":14,"posx":15,"posy":1,"lastAction":2,"status":0}],"golds":[{"posx":7,"posy":1,"amount":100},{"posx":0,"posy":3,"amount":50}],"changedObstacles":[]},{"players":[{"playerId":2349571,"score":1350,"energy":23,"posx":12,"posy":3,"lastAction":0,"status":0},{"playerId":2277,"score":1667,"energy":15,"posx":12,"posy":3,"lastAction":0,"status":0},{"playerId":137845,"score":1617,"energy":16,"posx":14,"posy":1,"lastAction":0,"status":0},{"playerId":239305,"score":1767,"energy":13,"posx":14,"posy":1,"lastAction":0,"status":0}],"golds":[{"posx":7,"posy":1,"amount":100},{"posx":0,"posy":3,"amount":50}],"changedObstacles":[]},{"players":[{"playerId":2349571,"score":1350,"energy":22,"posx":11,"posy":3,"lastAction":0,"status":0},{"playerId":2277,"score":1667,"energy":14,"posx":11,"posy":3,"lastAction":0,"status":0},{"playerId":137845,"score":1617,"energy":15,"posx":13,"posy":1,"lastAction":0,"status":0},{"playerId":239305,"score":1767,"energy":12,"posx":13,"posy":1,"lastAction":0,"status":0}],"golds":[{"posx":7,"posy":1,"amount":100},{"posx":0,"posy":3,"amount":50}],"changedObstacles":[]},{"players":[{"playerId":2349571,"score":1350,"energy":21,"posx":10,"posy":3,"lastAction":0,"status":0},{"playerId":2277,"score":1667,"energy":13,"posx":10,"posy":3,"lastAction":0,"status":0},{"playerId":137845,"score":1617,"energy":14,"posx":12,"posy":1,"lastAction":0,"status":0},{"playerId":239305,"score":1767,"energy":11,"posx":12,"posy":1,"lastAction":0,"status":0}],"golds":[{"posx":7,"posy":1,"amount":100},{"posx":0,"posy":3,"amount":50}],"changedObstacles":[]},{"players":[{"playerId":2349571,"score":1350,"energy":1,"posx":9,"posy":3,"lastAction":0,"status":0},{"playerId":2277,"score":1667,"energy":12,"posx":10,"posy":2,"lastAction":2,"status":0},{"playerId":137845,"score":1617,"energy":13,"posx":11,"posy":1,"lastAction":0,"status":0},{"playerId":239305,"score":1767,"energy":10,"posx":11,"posy":1,"lastAction":0,"status":0}],"golds":[{"posx":7,"posy":1,"amount":100},{"posx":0,"posy":3,"amount":50}],"changedObstacles":[]},{"players":[{"playerId":2349571,"score":1350,"energy":13,"posx":9,"posy":3,"lastAction":4,"status":0},{"playerId":2277,"score":1667,"energy":11,"posx":9,"posy":2,"lastAction":0,"status":0},{"playerId":137845,"score":1617,"energy":12,"posx":10,"posy":1,"lastAction":0,"status":0},{"playerId":239305,"score":1767,"energy":9,"posx":10,"posy":1,"lastAction":0,"status":0}],"golds":[{"posx":7,"posy":1,"amount":100},{"posx":0,"posy":3,"amount":50}],"changedObstacles":[]},{"players":[{"playerId":2349571,"score":1350,"energy":29,"posx":9,"posy":3,"lastAction":4,"status":0},{"playerId":2277,"score":1667,"energy":10,"posx":8,"posy":2,"lastAction":0,"status":0},{"playerId":137845,"score":1617,"energy":11,"posx":9,"posy":1,"lastAction":0,"status":0},{"playerId":239305,"score":1767,"energy":8,"posx":9,"posy":1,"lastAction":0,"status":0}],"golds":[{"posx":7,"posy":1,"amount":100},{"posx":0,"posy":3,"amount":50}],"changedObstacles":[]},{"players":[{"playerId":2349571,"score":1350,"energy":28,"posx":8,"posy":3,"lastAction":0,"status":0},{"playerId":2277,"score":1667,"energy":9,"posx":7,"posy":2,"lastAction":0,"status":0},{"playerId":137845,"score":1617,"energy":10,"posx":8,"posy":1,"lastAction":0,"status":0},{"playerId":239305,"score":1767,"energy":7,"posx":8,"posy":1,"lastAction":0,"status":0}],"golds":[{"posx":7,"posy":1,"amount":100},{"posx":0,"posy":3,"amount":50}],"changedObstacles":[]},{"players":[{"playerId":2349571,"score":1350,"energy":27,"posx":7,"posy":3,"lastAction":0,"status":0},{"playerId":2277,"score":1667,"energy":5,"posx":7,"posy":1,"lastAction":2,"status":0},{"playerId":137845,"score":1617,"energy":6,"posx":7,"posy":1,"lastAction":0,"status":0},{"playerId":239305,"score":1767,"energy":3,"posx":7,"posy":1,"lastAction":0,"status":0}],"golds":[{"posx":7,"posy":1,"amount":100},{"posx":0,"posy":3,"amount":50}],"changedObstacles":[]},{"players":[{"playerId":2349571,"score":1350,"energy":26,"posx":6,"posy":3,"lastAction":0,"status":0},{"playerId":2277,"score":1667,"energy":17,"posx":7,"posy":1,"lastAction":4,"status":0},{"playerId":137845,"score":1667,"energy":1,"posx":7,"posy":1,"lastAction":5,"status":0},{"playerId":239305,"score":1767,"energy":15,"posx":7,"posy":1,"lastAction":4,"status":0}],"golds":[{"posx":7,"posy":1,"amount":50},{"posx":0,"posy":3,"amount":50}],"changedObstacles":[]},{"players":[{"playerId":2349571,"score":1350,"energy":25,"posx":5,"posy":3,"lastAction":0,"status":0},{"playerId":2277,"score":1667,"energy":33,"posx":7,"posy":1,"lastAction":4,"status":0},{"playerId":137845,"score":1667,"energy":13,"posx":7,"posy":1,"lastAction":4,"status":0},{"playerId":239305,"score":1817,"energy":10,"posx":7,"posy":1,"lastAction":5,"status":0}],"golds":[{"posx":0,"posy":3,"amount":50}],"changedObstacles":[{"type":0,"posx":7,"posy":1,"value":-1}]},{"players":[{"playerId":2349571,"score":1350,"energy":24,"posx":4,"posy":3,"lastAction":0,"status":0},{"playerId":2277,"score":1667,"energy":50,"posx":7,"posy":1,"lastAction":4,"status":0},{"playerId":137845,"score":1667,"energy":12,"posx":7,"posy":0,"lastAction":2,"status":0},{"playerId":239305,"score":1817,"energy":9,"posx":6,"posy":1,"lastAction":0,"status":0}],"golds":[{"posx":0,"posy":3,"amount":50}],"changedObstacles":[]},{"players":[{"playerId":2349571,"score":1350,"energy":23,"posx":3,"posy":3,"lastAction":0,"status":0},{"playerId":2277,"score":1667,"energy":49,"posx":6,"posy":1,"lastAction":0,"status":0},{"playerId":137845,"score":1667,"energy":11,"posx":6,"posy":0,"lastAction":0,"status":0},{"playerId":239305,"score":1817,"energy":8,"posx":5,"posy":1,"lastAction":0,"status":0}],"golds":[{"posx":0,"posy":3,"amount":50}],"changedObstacles":[]},{"players":[{"playerId":2349571,"score":1350,"energy":22,"posx":2,"posy":3,"lastAction":0,"status":0},{"playerId":2277,"score":1667,"energy":48,"posx":5,"posy":1,"lastAction":0,"status":0},{"playerId":137845,"score":1667,"energy":10,"posx":5,"posy":0,"lastAction":0,"status":0},{"playerId":239305,"score":1817,"energy":7,"posx":4,"posy":1,"lastAction":0,"status":0}],"golds":[{"posx":0,"posy":3,"amount":50}],"changedObstacles":[]},{"players":[{"playerId":2349571,"score":1350,"energy":21,"posx":1,"posy":3,"lastAction":0,"status":0},{"playerId":2277,"score":1667,"energy":47,"posx":4,"posy":1,"lastAction":0,"status":0},{"playerId":137845,"score":1667,"energy":9,"posx":4,"posy":0,"lastAction":0,"status":0},{"playerId":239305,"score":1817,"energy":6,"posx":3,"posy":1,"lastAction":0,"status":0}],"golds":[{"posx":0,"posy":3,"amount":50}],"changedObstacles":[]},{"players":[{"playerId":2349571,"score":1350,"energy":17,"posx":0,"posy":3,"lastAction":0,"status":0},{"playerId":2277,"score":1667,"energy":46,"posx":3,"posy":1,"lastAction":0,"status":0},{"playerId":137845,"score":1667,"energy":21,"posx":4,"posy":0,"lastAction":4,"status":0},{"playerId":239305,"score":1817,"energy":5,"posx":2,"posy":1,"lastAction":0,"status":0}],"golds":[{"posx":0,"posy":3,"amount":50}],"changedObstacles":[]},{"players":[{"playerId":2349571,"score":1350,"energy":29,"posx":0,"posy":3,"lastAction":4,"status":0},{"playerId":2277,"score":1667,"energy":45,"posx":2,"posy":1,"lastAction":0,"status":0},{"playerId":137845,"score":1667,"energy":37,"posx":4,"posy":0,"lastAction":4,"status":0},{"playerId":239305,"score":1817,"energy":4,"posx":1,"posy":1,"lastAction":0,"status":0}],"golds":[{"posx":0,"posy":3,"amount":50}],"changedObstacles":[]},{"players":[{"playerId":2349571,"score":1400,"energy":24,"posx":0,"posy":3,"lastAction":5,"status":0},{"playerId":2277,"score":1667,"energy":44,"posx":1,"posy":1,"lastAction":0,"status":0},{"playerId":137845,"score":1667,"energy":27,"posx":3,"posy":0,"lastAction":0,"status":0},{"playerId":239305,"score":1817,"energy":3,"posx":0,"posy":1,"lastAction":0,"status":0}],"golds":[],"changedObstacles":[{"type":0,"posx":3,"posy":0,"value":-1},{"type":0,"posx":0,"posy":3,"value":-1}]}]