[{"players":[{"playerId":2663641,"score":0,"energy":49,"posx":3,"posy":8,"lastAction":1,"status":0},{"playerId":2451990,"score":0,"energy":49,"posx":3,"posy":8,"lastAction":1,"status":0},{"playerId":61319,"score":0,"energy":49,"posx":3,"posy":8,"lastAction":1,"status":0},{"playerId":239305,"score":0,"energy":49,"posx":2,"posy":7,"lastAction":2,"status":0}],"golds":[{"posx":14,"posy":7,"amount":150},{"posx":2,"posy":2,"amount":350},{"posx":18,"posy":6,"amount":550},{"posx":11,"posy":8,"amount":450},{"posx":10,"posy":5,"amount":400},{"posx":15,"posy":3,"amount":400},{"posx":13,"posy":1,"amount":400},{"posx":16,"posy":7,"amount":450},{"posx":14,"posy":4,"amount":300},{"posx":7,"posy":1,"amount":100},{"posx":2,"posy":5,"amount":100},{"posx":9,"posy":0,"amount":400},{"posx":9,"posy":8,"amount":50},{"posx":0,"posy":3,"amount":50},{"posx":13,"posy":6,"amount":50},{"posx":18,"posy":3,"amount":450},{"posx":10,"posy":3,"amount":150},{"posx":16,"posy":4,"amount":350},{"posx":3,"posy":7,"amount":750},{"posx":11,"posy":3,"amount":650}],"changedObstacles":[]},{"players":[{"playerId":2663641,"score":0,"energy":44,"posx":4,"posy":8,"lastAction":1,"status":0},{"playerId":2451990,"score":0,"energy":45,"posx":3,"posy":7,"lastAction":2,"status":0},{"playerId":61319,"score":0,"energy":45,"posx":3,"posy":7,"lastAction":2,"status":0},{"playerId":239305,"score":0,"energy":45,"posx":3,"posy":7,"lastAction":1,"status":0}],"golds":[{"posx":14,"posy":7,"amount":150},{"posx":2,"posy":2,"amount":350},{"posx":18,"posy":6,"amount":550},{"posx":11,"posy":8,"amount":450},{"posx":10,"posy":5,"amount":400},{"posx":15,"posy":3,"amount":400},{"posx":13,"posy":1,"amount":400},{"posx":16,"posy":7,"amount":450},{"posx":14,"posy":4,"amount":300},{"posx":7,"posy":1,"amount":100},{"posx":2,"posy":5,"amount":100},{"posx":9,"posy":0,"amount":400},{"posx":9,"posy":8,"amount":50},{"posx":0,"posy":3,"amount":50},{"posx":13,"posy":6,"amount":50},{"posx":18,"posy":3,"amount":450},{"posx":10,"posy":3,"amount":150},{"posx":16,"posy":4,"amount":350},{"posx":3,"posy":7,"amount":750},{"posx":11,"posy":3,"amount":650}],"changedObstacles":[{"type":3,"posx":4,"posy":8,"value":-20}]},{"players":[{"playerId":2663641,"score":0,"energy":43,"posx":5,"posy":8,"lastAction":1,"status":0},{"playerId":2451990,"score":50,"energy":40,"posx":3,"posy":7,"lastAction":5,"status":0},{"playerId":61319,"score":50,"energy":40,"posx":3,"posy":7,"lastAction":5,"status":0},{"playerId":239305,"score":50,"energy":40,"posx":3,"posy":7,"lastAction":5,"status":0}],"golds":[{"posx":9,"posy":0,"amount":400},{"posx":7,"posy":1,"amount":100},{"posx":13,"posy":1,"amount":400},{"posx":2,"posy":2,"amount":350},{"posx":0,"posy":3,"amount":50},{"posx":10,"posy":3,"amount":150},{"posx":11,"posy":3,"amount":650},{"posx":15,"posy":3,"amount":400},{"posx":18,"posy":3,"amount":450},{"posx":14,"posy":4,"amount":300},{"posx":16,"posy":4,"amount":350},{"posx":2,"posy":5,"amount":100},{"posx":10,"posy":5,"amount":400},{"posx":13,"posy":6,"amount":50},{"posx":18,"posy":6,"amount":550},{"posx":3,"posy":7,"amount":600},{"posx":14,"posy":7,"amount":150},{"posx":16,"posy":7,"amount":450},{"posx":9,"posy":8,"amount":50},{"posx":11,"posy":8,"amount":450}],"changedObstacles":[]},{"players":[{"playerId":2663641,"score":0,"energy":42,"posx":6,"posy":8,"lastAction":1,"status":0},{"playerId":2451990,"score":100,"energy":35,"posx":3,"posy":7,"lastAction":5,"status":0},{"playerId":61319,"score":100,"energy":35,"posx":3,"posy":7,"lastAction":5,"status":0},{"playerId":239305,"score":100,"energy":35,"posx":3,"posy":7,"lastAction":5,"status":0}],"golds":[{"posx":9,"posy":0,"amount":400},{"posx":7,"posy":1,"amount":100},{"posx":13,"posy":1,"amount":400},{"posx":2,"posy":2,"amount":350},{"posx":0,"posy":3,"amount":50},{"posx":10,"posy":3,"amount":150},{"posx":11,"posy":3,"amount":650},{"posx":15,"posy":3,"amount":400},{"posx":18,"posy":3,"amount":450},{"posx":14,"posy":4,"amount":300},{"posx":16,"posy":4,"amount":350},{"posx":2,"posy":5,"amount":100},{"posx":10,"posy":5,"amount":400},{"posx":13,"posy":6,"amount":50},{"posx":18,"posy":6,"amount":550},{"posx":3,"posy":7,"amount":450},{"posx":14,"posy":7,"amount":150},{"posx":16,"posy":7,"amount":450},{"posx":9,"posy":8,"amount":50},{"posx":11,"posy":8,"amount":450}],"changedObstacles":[]},{"players":[{"playerId":2663641,"score":0,"energy":41,"posx":6,"posy":7,"lastAction":2,"status":0},{"playerId":2451990,"score":150,"energy":30,"posx":3,"posy":7,"lastAction":5,"status":0},{"playerId":61319,"score":150,"energy":30,"posx":3,"posy":7,"lastAction":5,"status":0},{"playerId":239305,"score":150,"energy":30,"posx":3,"posy":7,"lastAction":5,"status":0}],"golds":[{"posx":9,"posy":0,"amount":400},{"posx":7,"posy":1,"amount":100},{"posx":13,"posy":1,"amount":400},{"posx":2,"posy":2,"amount":350},{"posx":0,"posy":3,"amount":50},{"posx":10,"posy":3,"amount":150},{"posx":11,"posy":3,"amount":650},{"posx":15,"posy":3,"amount":400},{"posx":18,"posy":3,"amount":450},{"posx":14,"posy":4,"amount":300},{"posx":16,"posy":4,"amount":350},{"posx":2,"posy":5,"amount":100},{"posx":10,"posy":5,"amount":400},{"posx":13,"posy":6,"amount":50},{"posx":18,"posy":6,"amount":550},{"posx":3,"posy":7,"amount":300},{"posx":14,"posy":7,"amount":150},{"posx":16,"posy":7,"amount":450},{"posx":9,"posy":8,"amount":50},{"posx":11,"posy":8,"amount":450}],"changedObstacles":[]},{"players":[{"playerId":2663641,"score":0,"energy":40,"posx":7,"posy":7,"lastAction":1,"status":0},{"playerId":2451990,"score":200,"energy":25,"posx":3,"posy":7,"lastAction":5,"status":0},{"playerId":61319,"score":200,"energy":25,"posx":3,"posy":7,"lastAction":5,"status":0},{"playerId":239305,"score":200,"energy":25,"posx":3,"posy":7,"lastAction":5,"status":0}],"golds":[{"posx":9,"posy":0,"amount":400},{"posx":7,"posy":1,"amount":100},{"posx":13,"posy":1,"amount":400},{"posx":2,"posy":2,"amount":350},{"posx":0,"posy":3,"amount":50},{"posx":10,"posy":3,"amount":150},{"posx":11,"posy":3,"amount":650},{"posx":15,"posy":3,"amount":400},{"posx":18,"posy":3,"amount":450},{"posx":14,"posy":4,"amount":300},{"posx":16,"posy":4,"amount":350},{"posx":2,"posy":5,"amount":100},{"posx":10,"posy":5,"amount":400},{"posx":13,"posy":6,"amount":50},{"posx":18,"posy":6,"amount":550},{"posx":3,"posy":7,"amount":150},{"posx":14,"posy":7,"amount":150},{"posx":16,"posy":7,"amount":450},{"posx":9,"posy":8,"amount":50},{"posx":11,"posy":8,"amount":450}],"changedObstacles":[]},{"players":[{"playerId":2663641,"score":0,"energy":39,"posx":7,"posy":6,"lastAction":2,"status":0},{"playerId":2451990,"score":200,"energy":24,"posx":4,"posy":7,"lastAction":1,"status":0},{"playerId":61319,"score":250,"energy":20,"posx":3,"posy":7,"lastAction":5,"status":0},{"playerId":239305,"score":250,"energy":20,"posx":3,"posy":7,"lastAction":5,"status":0}],"golds":[{"posx":9,"posy":0,"amount":400},{"posx":7,"posy":1,"amount":100},{"posx":13,"posy":1,"amount":400},{"posx":2,"posy":2,"amount":350},{"posx":0,"posy":3,"amount":50},{"posx":10,"posy":3,"amount":150},{"posx":11,"posy":3,"amount":650},{"posx":15,"posy":3,"amount":400},{"posx":18,"posy":3,"amount":450},{"posx":14,"posy":4,"amount":300},{"posx":16,"posy":4,"amount":350},{"posx":2,"posy":5,"amount":100},{"posx":10,"posy":5,"amount":400},{"posx":13,"posy":6,"amount":50},{"posx":18,"posy":6,"amount":550},{"posx":3,"posy":7,"amount":50},{"posx":14,"posy":7,"amount":150},{"posx":16,"posy":7,"amount":450},{"posx":9,"posy":8,"amount":50},{"posx":11,"posy":8,"amount":450}],"changedObstacles":[]},{"players":[{"playerId":2663641,"score":0,"energy":38,"posx":8,"posy":6,"lastAction":1,"status":0},{"playerId":2451990,"score":200,"energy":23,"posx":5,"posy":7,"lastAction":1,"status":0},{"playerId":61319,"score":275,"energy":15,"posx":3,"posy":7,"lastAction":5,"status":0},{"playerId":239305,"score":275,"energy":15,"posx":3,"posy":7,"lastAction":5,"status":0}],"golds":[{"posx":9,"posy":0,"amount":400},{"posx":7,"posy":1,"amount":100},{"posx":13,"posy":1,"amount":400},{"posx":2,"posy":2,"amount":350},{"posx":0,"posy":3,"amount":50},{"posx":10,"posy":3,"amount":150},{"posx":11,"posy":3,"amount":650},{"posx":15,"posy":3,"amount":400},{"posx":18,"posy":3,"amount":450},{"posx":14,"posy":4,"amount":300},{"posx":16,"posy":4,"amount":350},{"posx":2,"posy":5,"amount":100},{"posx":10,"posy":5,"amount":400},{"posx":13,"posy":6,"amount":50},{"posx":18,"posy":6,"amount":550},{"posx":14,"posy":7,"amount":150},{"posx":16,"posy":7,"amount":450},{"posx":9,"posy":8,"amount":50},{"posx":11,"posy":8,"amount":450}],"changedObstacles":[{"type":0,"posx":3,"posy":7,"value":-1}]},{"players":[{"playerId":2663641,"score":0,"energy":37,"posx":8,"posy":5,"lastAction":2,"status":0},{"playerId":2451990,"score":200,"energy":22,"posx":6,"posy":7,"lastAction":1,"status":0},{"playerId":61319,"score":275,"energy":14,"posx":4,"posy":7,"lastAction":1,"status":0},{"playerId":239305,"score":275,"energy":14,"posx":3,"posy":6,"lastAction":2,"status":0}],"golds":[{"posx":9,"posy":0,"amount":400},{"posx":7,"posy":1,"amount":100},{"posx":13,"posy":1,"amount":400},{"posx":2,"posy":2,"amount":350},{"posx":0,"posy":3,"amount":50},{"posx":10,"posy":3,"amount":150},{"posx":11,"posy":3,"amount":650},{"posx":15,"posy":3,"amount":400},{"posx":18,"posy":3,"amount":450},{"posx":14,"posy":4,"amount":300},{"posx":16,"posy":4,"amount":350},{"posx":2,"posy":5,"amount":100},{"posx":10,"posy":5,"amount":400},{"posx":13,"posy":6,"amount":50},{"posx":18,"posy":6,"amount":550},{"posx":14,"posy":7,"amount":150},{"posx":16,"posy":7,"amount":450},{"posx":9,"posy":8,"amount":50},{"posx":11,"posy":8,"amount":450}],"changedObstacles":[]},{"players":[{"playerId":2663641,"score":0,"energy":36,"posx":9,"posy":5,"lastAction":1,"status":0},{"playerId":2451990,"score":200,"energy":21,"posx":7,"posy":7,"lastAction":1,"status":0},{"playerId":61319,"score":275,"energy":13,"posx":5,"posy":7,"lastAction":1,"status":0},{"playerId":239305,"score":275,"energy":13,"posx":3,"posy":5,"lastAction":2,"status":0}],"golds":[{"posx":9,"posy":0,"amount":400},{"posx":7,"posy":1,"amount":100},{"posx":13,"posy":1,"amount":400},{"posx":2,"posy":2,"amount":350},{"posx":0,"posy":3,"amount":50},{"posx":10,"posy":3,"amount":150},{"posx":11,"posy":3,"amount":650},{"posx":15,"posy":3,"amount":400},{"posx":18,"posy":3,"amount":450},{"posx":14,"posy":4,"amount":300},{"posx":16,"posy":4,"amount":350},{"posx":2,"posy":5,"amount":100},{"posx":10,"posy":5,"amount":400},{"posx":13,"posy":6,"amount":50},{"posx":18,"posy":6,"amount":550},{"posx":14,"posy":7,"amount":150},{"posx":16,"posy":7,"amount":450},{"posx":9,"posy":8,"amount":50},{"posx":11,"posy":8,"amount":450}],"changedObstacles":[]},{"players":[{"playerId":2663641,"score":0,"energy":35,"posx":9,"posy":4,"lastAction":2,"status":0},{"playerId":2451990,"score":200,"energy":20,"posx":8,"posy":7,"lastAction":1,"status":0},{"playerId":61319,"score":275,"energy":12,"posx":6,"posy":7,"lastAction":1,"status":0},{"playerId":239305,"score":275,"energy":9,"posx":2,"posy":5,"lastAction":0,"status":0}],"golds":[{"posx":9,"posy":0,"amount":400},{"posx":7,"posy":1,"amount":100},{"posx":13,"posy":1,"amount":400},{"posx":2,"posy":2,"amount":350},{"posx":0,"posy":3,"amount":50},{"posx":10,"posy":3,"amount":150},{"posx":11,"posy":3,"amount":650},{"posx":15,"posy":3,"amount":400},{"posx":18,"posy":3,"amount":450},{"posx":14,"posy":4,"amount":300},{"posx":16,"posy":4,"amount":350},{"posx":2,"posy":5,"amount":100},{"posx":10,"posy":5,"amount":400},{"posx":13,"posy":6,"amount":50},{"posx":18,"posy":6,"amount":550},{"posx":14,"posy":7,"amount":150},{"posx":16,"posy":7,"amount":450},{"posx":9,"posy":8,"amount":50},{"posx":11,"posy":8,"amount":450}],"changedObstacles":[]},{"players":[{"playerId":2663641,"score":0,"energy":34,"posx":10,"posy":4,"lastAction":1,"status":0},{"playerId":2451990,"score":200,"energy":19,"posx":9,"posy":7,"lastAction":1,"status":0},{"playerId":61319,"score":275,"energy":11,"posx":7,"posy":7,"lastAction":1,"status":0},{"playerId":239305,"score":325,"energy":4,"posx":2,"posy":5,"lastAction":5,"status":0}],"golds":[{"posx":9,"posy":0,"amount":400},{"posx":7,"posy":1,"amount":100},{"posx":13,"posy":1,"amount":400},{"posx":2,"posy":2,"amount":350},{"posx":0,"posy":3,"amount":50},{"posx":10,"posy":3,"amount":150},{"posx":11,"posy":3,"amount":650},{"posx":15,"posy":3,"amount":400},{"posx":18,"posy":3,"amount":450},{"posx":14,"posy":4,"amount":300},{"posx":16,"posy":4,"amount":350},{"posx":2,"posy":5,"amount":50},{"posx":10,"posy":5,"amount":400},{"posx":13,"posy":6,"amount":50},{"posx":18,"posy":6,"amount":550},{"posx":14,"posy":7,"amount":150},{"posx":16,"posy":7,"amount":450},{"posx":9,"posy":8,"amount":50},{"posx":11,"posy":8,"amount":450}],"changedObstacles":[]},{"players":[{"playerId":2663641,"score":0,"energy":33,"posx":11,"posy":4,"lastAction":1,"status":0},{"playerId":2451990,"score":200,"energy":18,"posx":10,"posy":7,"lastAction":1,"status":0},{"playerId":61319,"score":275,"energy":10,"posx":8,"posy":7,"lastAction":1,"status":0},{"playerId":239305,"score":325,"energy":16,"posx":2,"posy":5,"lastAction":4,"status":0}],"golds":[{"posx":9,"posy":0,"amount":400},{"posx":7,"posy":1,"amount":100},{"posx":13,"posy":1,"amount":400},{"posx":2,"posy":2,"amount":350},{"posx":0,"posy":3,"amount":50},{"posx":10,"posy":3,"amount":150},{"posx":11,"posy":3,"amount":650},{"posx":15,"posy":3,"amount":400},{"posx":18,"posy":3,"amount":450},{"posx":14,"posy":4,"amount":300},{"posx":16,"posy":4,"amount":350},{"posx":2,"posy":5,"amount":50},{"posx":10,"posy":5,"amount":400},{"posx":13,"posy":6,"amount":50},{"posx":18,"posy":6,"amount":550},{"posx":14,"posy":7,"amount":150},{"posx":16,"posy":7,"amount":450},{"posx":9,"posy":8,"amount":50},{"posx":11,"posy":8,"amount":450}],"changedObstacles":[]},{"players":[{"playerId":2663641,"score":0,"energy":29,"posx":11,"posy":3,"lastAction":2,"status":0},{"playerId":2451990,"score":200,"energy":17,"posx":10,"posy":6,"lastAction":2,"status":0},{"playerId":61319,"score":275,"energy":9,"posx":9,"posy":7,"lastAction":1,"status":0},{"playerId":239305,"score":325,"energy":32,"posx":2,"posy":5,"lastAction":4,"status":0}],"golds":[{"posx":9,"posy":0,"amount":400},{"posx":7,"posy":1,"amount":100},{"posx":13,"posy":1,"amount":400},{"posx":2,"posy":2,"amount":350},{"posx":0,"posy":3,"amount":50},{"posx":10,"posy":3,"amount":150},{"posx":11,"posy":3,"amount":650},{"posx":15,"posy":3,"amount":400},{"posx":18,"posy":3,"amount":450},{"posx":14,"posy":4,"amount":300},{"posx":16,"posy":4,"amount":350},{"posx":2,"posy":5,"amount":50},{"posx":10,"posy":5,"amount":400},{"posx":13,"posy":6,"amount":50},{"posx":18,"posy":6,"amount":550},{"posx":14,"posy":7,"amount":150},{"posx":16,"posy":7,"amount":450},{"posx":9,"posy":8,"amount":50},{"posx":11,"posy":8,"amount":450}],"changedObstacles":[]},{"players":[{"playerId":2663641,"score":50,"energy":24,"posx":11,"posy":3,"lastAction":5,"status":0},{"playerId":2451990,"score":200,"energy":13,"posx":10,"posy":5,"lastAction":2,"status":0},{"playerId":61319,"score":275,"energy":8,"posx":10,"posy":7,"lastAction":1,"status":0},{"playerId":239305,"score":325,"energy":50,"posx":2,"posy":5,"lastAction":4,"status":0}],"golds":[{"posx":9,"posy":0,"amount":400},{"posx":7,"posy":1,"amount":100},{"posx":13,"posy":1,"amount":400},{"posx":2,"posy":2,"amount":350},{"posx":0,"posy":3,"amount":50},{"posx":10,"posy":3,"amount":150},{"posx":11,"posy":3,"amount":600},{"posx":15,"posy":3,"amount":400},{"posx":18,"posy":3,"amount":450},{"posx":14,"posy":4,"amount":300},{"posx":16,"posy":4,"amount":350},{"posx":2,"posy":5,"amount":50},{"posx":10,"posy":5,"amount":400},{"posx":13,"posy":6,"amount":50},{"posx":18,"posy":6,"amount":550},{"posx":14,"posy":7,"amount":150},{"posx":16,"posy":7,"amount":450},{"posx":9,"posy":8,"amount":50},{"posx":11,"posy":8,"amount":450}],"changedObstacles":[]},{"players":[{"playerId":2663641,"score":100,"energy":19,"posx":11,"posy":3,"lastAction":5,"status":0},{"playerId":2451990,"score":250,"energy":8,"posx":10,"posy":5,"lastAction":5,"status":0},{"playerId":61319,"score":275,"energy":7,"posx":11,"posy":7,"lastAction":1,"status":0},{"playerId":239305,"score":375,"energy":45,"posx":2,"posy":5,"lastAction":5,"status":0}],"golds":[{"posx":9,"posy":0,"amount":400},{"posx":7,"posy":1,"amount":100},{"posx":13,"posy":1,"amount":400},{"posx":2,"posy":2,"amount":350},{"posx":0,"posy":3,"amount":50},{"posx":10,"posy":3,"amount":150},{"posx":11,"posy":3,"amount":550},{"posx":15,"posy":3,"amount":400},{"posx":18,"posy":3,"amount":450},{"posx":14,"posy":4,"amount":300},{"posx":16,"posy":4,"amount":350},{"posx":10,"posy":5,"amount":350},{"posx":13,"posy":6,"amount":50},{"posx":18,"posy":6,"amount":550},{"posx":14,"posy":7,"amount":150},{"posx":16,"posy":7,"amount":450},{"posx":9,"posy":8,"amount":50},{"posx":11,"posy":8,"amount":450}],"changedObstacles":[{"type":0,"posx":2,"posy":5,"value":-1}]},{"players":[{"playerId":2663641,"score":150,"energy":14,"posx":11,"posy":3,"lastAction":5,"status":0},{"playerId":2451990,"score":300,"energy":3,"posx":10,"posy":5,"lastAction":5,"status":0},{"playerId":61319,"score":275,"energy":3,"posx":11,"posy":8,"lastAction":3,"status":0},{"playerId":239305,"score":375,"energy":44,"posx":2,"posy":4,"lastAction":2,"status":0}],"golds":[{"posx":9,"posy":0,"amount":400},{"posx":7,"posy":1,"amount":100},{"posx":13,"posy":1,"amount":400},{"posx":2,"posy":2,"amount":350},{"posx":0,"posy":3,"amount":50},{"posx":10,"posy":3,"amount":150},{"posx":11,"posy":3,"amount":500},{"posx":15,"posy":3,"amount":400},{"posx":18,"posy":3,"amount":450},{"posx":14,"posy":4,"amount":300},{"posx":16,"posy":4,"amount":350},{"posx":10,"posy":5,"amount":300},{"posx":13,"posy":6,"amount":50},{"posx":18,"posy":6,"amount":550},{"posx":14,"posy":7,"amount":150},{"posx":16,"posy":7,"amount":450},{"posx":9,"posy":8,"amount":50},{"posx":11,"posy":8,"amount":450}],"changedObstacles":[]},{"players":[{"playerId":2663641,"score":200,"energy":9,"posx":11,"posy":3,"lastAction":5,"status":0},{"playerId":2451990,"score":300,"energy":15,"posx":10,"posy":5,"lastAction":4,"status":0},{"playerId":61319,"score":275,"energy":15,"posx":11,"posy":8,"lastAction":4,"status":0},{"playerId":239305,"score":375,"energy":43,"posx":2,"posy":3,"lastAction":2,"status":0}],"golds":[{"posx":9,"posy":0,"amount":400},{"posx":7,"posy":1,"amount":100},{"posx":13,"posy":1,"amount":400},{"posx":2,"posy":2,"amount":350},{"posx":0,"posy":3,"amount":50},{"posx":10,"posy":3,"amount":150},{"posx":11,"posy":3,"amount":450},{"posx":15,"posy":3,"amount":400},{"posx":18,"posy":3,"amount":450},{"posx":14,"posy":4,"amount":300},{"posx":16,"posy":4,"amount":350},{"posx":10,"posy":5,"amount":300},{"posx":13,"posy":6,"amount":50},{"posx":18,"posy":6,"amount":550},{"posx":14,"posy":7,"amount":150},{"posx":16,"posy":7,"amount":450},{"posx":9,"posy":8,"amount":50},{"posx":11,"posy":8,"amount":450}],"changedObstacles":[]},{"players":[{"playerId":2663641,"score":250,"energy":4,"posx":11,"posy":3,"lastAction":5,"status":0},{"playerId":2451990,"score":300,"energy":31,"posx":10,"posy":5,"lastAction":4,"status":0},{"playerId":61319,"score":275,"energy":31,"posx":11,"posy":8,"lastAction":4,"status":0},{"playerId":239305,"score":375,"energy":39,"posx":2,"posy":2,"lastAction":2,"status":0}],"golds":[{"posx":9,"posy":0,"amount":400},{"posx":7,"posy":1,"amount":100},{"posx":13,"posy":1,"amount":400},{"posx":2,"posy":2,"amount":350},{"posx":0,"posy":3,"amount":50},{"posx":10,"posy":3,"amount":150},{"posx":11,"posy":3,"amount":400},{"posx":15,"posy":3,"amount":400},{"posx":18,"posy":3,"amount":450},{"posx":14,"posy":4,"amount":300},{"posx":16,"posy":4,"amount":350},{"posx":10,"posy":5,"amount":300},{"posx":13,"posy":6,"amount":50},{"posx":18,"posy":6,"amount":550},{"posx":14,"posy":7,"amount":150},{"posx":16,"posy":7,"amount":450},{"posx":9,"posy":8,"amount":50},{"posx":11,"posy":8,"amount":450}],"changedObstacles":[]},{"players":[{"playerId":2663641,"score":250,"energy":16,"posx":11,"posy":3,"lastAction":4,"status":0},{"playerId":2451990,"score":300,"energy":50,"posx":10,"posy":5,"lastAction":4,"status":0},{"playerId":61319,"score":275,"energy":50,"posx":11,"posy":8,"lastAction":4,"status":0},{"playerId":239305,"score":425,"energy":34,"posx":2,"posy":2,"lastAction":5,"status":0}],"golds":[{"posx":9,"posy":0,"amount":400},{"posx":7,"posy":1,"amount":100},{"posx":13,"posy":1,"amount":400},{"posx":2,"posy":2,"amount":300},{"posx":0,"posy":3,"amount":50},{"posx":10,"posy":3,"amount":150},{"posx":11,"posy":3,"amount":400},{"posx":15,"posy":3,"amount":400},{"posx":18,"posy":3,"amount":450},{"posx":14,"posy":4,"amount":300},{"posx":16,"posy":4,"amount":350},{"posx":10,"posy":5,"amount":300},{"posx":13,"posy":6,"amount":50},{"posx":18,"posy":6,"amount":550},{"posx":14,"posy":7,"amount":150},{"posx":16,"posy":7,"amount":450},{"posx":9,"posy":8,"amount":50},{"posx":11,"posy":8,"amount":450}],"changedObstacles":[]},{"players":[{"playerId":2663641,"score":300,"energy":11,"posx":11,"posy":3,"lastAction":5,"status":0},{"playerId":2451990,"score":350,"energy":45,"posx":10,"posy":5,"lastAction":5,"status":0},{"playerId":61319,"score":325,"energy":45,"posx":11,"posy":8,"lastAction":5,"status":0},{"playerId":239305,"score":475,"energy":29,"posx":2,"posy":2,"lastAction":5,"status":0}],"golds":[{"posx":9,"posy":0,"amount":400},{"posx":7,"posy":1,"amount":100},{"posx":13,"posy":1,"amount":400},{"posx":2,"posy":2,"amount":250},{"posx":0,"posy":3,"amount":50},{"posx":10,"posy":3,"amount":150},{"posx":11,"posy":3,"amount":350},{"posx":15,"posy":3,"amount":400},{"posx":18,"posy":3,"amount":450},{"posx":14,"posy":4,"amount":300},{"posx":16,"posy":4,"amount":350},{"posx":10,"posy":5,"amount":250},{"posx":13,"posy":6,"amount":50},{"posx":18,"posy":6,"amount":550},{"posx":14,"posy":7,"amount":150},{"posx":16,"posy":7,"amount":450},{"posx":9,"posy":8,"amount":50},{"posx":11,"posy":8,"amount":400}],"changedObstacles":[]},{"players":[{"playerId":2663641,"score":350,"energy":6,"posx":11,"posy":3,"lastAction":5,"status":0},{"playerId":2451990,"score":400,"energy":40,"posx":10,"posy":5,"lastAction":5,"status":0},{"playerId":61319,"score":375,"energy":40,"posx":11,"posy":8,"lastAction":5,"status":0},{"playerId":239305,"score":525,"energy":24,"posx":2,"posy":2,"lastAction":5,"status":0}],"golds":[{"posx":9,"posy":0,"amount":400},{"posx":7,"posy":1,"amount":100},{"posx":13,"posy":1,"amount":400},{"posx":2,"posy":2,"amount":200},{"posx":0,"posy":3,"amount":50},{"posx":10,"posy":3,"amount":150},{"posx":11,"posy":3,"amount":300},{"posx":15,"posy":3,"amount":400},{"posx":18,"posy":3,"amount":450},{"posx":14,"posy":4,"amount":300},{"posx":16,"posy":4,"amount":350},{"posx":10,"posy":5,"amount":200},{"posx":13,"posy":6,"amount":50},{"posx":18,"posy":6,"amount":550},{"posx":14,"posy":7,"amount":150},{"posx":16,"posy":7,"amount":450},{"posx":9,"posy":8,"amount":50},{"posx":11,"posy":8,"amount":350}],"changedObstacles":[]},{"players":[{"playerId":2663641,"score":400,"energy":1,"posx":11,"posy":3,"lastAction":5,"status":0},{"playerId":2451990,"score":450,"energy":35,"posx":10,"posy":5,"lastAction":5,"status":0},{"playerId":61319,"score":425,"energy":35,"posx":11,"posy":8,"lastAction":5,"status":0},{"playerId":239305,"score":575,"energy":19,"posx":2,"posy":2,"lastAction":5,"status":0}],"golds":[{"posx":9,"posy":0,"amount":400},{"posx":7,"posy":1,"amount":100},{"posx":13,"posy":1,"amount":400},{"posx":2,"posy":2,"amount":150},{"posx":0,"posy":3,"amount":50},{"posx":10,"posy":3,"amount":150},{"posx":11,"posy":3,"amount":250},{"posx":15,"posy":3,"amount":400},{"posx":18,"posy":3,"amount":450},{"posx":14,"posy":4,"amount":300},{"posx":16,"posy":4,"amount":350},{"posx":10,"posy":5,"amount":150},{"posx":13,"posy":6,"amount":50},{"posx":18,"posy":6,"amount":550},{"posx":14,"posy":7,"amount":150},{"posx":16,"posy":7,"amount":450},{"posx":9,"posy":8,"amount":50},{"posx":11,"posy":8,"amount":300}],"changedObstacles":[]},{"players":[{"playerId":2663641,"score":400,"energy":13,"posx":11,"posy":3,"lastAction":4,"status":0},{"playerId":2451990,"score":500,"energy":30,"posx":10,"posy":5,"lastAction":5,"status":0},{"playerId":61319,"score":475,"energy":30,"posx":11,"posy":8,"lastAction":5,"status":0},{"playerId":239305,"score":625,"energy":14,"posx":2,"posy":2,"lastAction":5,"status":0}],"golds":[{"posx":9,"posy":0,"amount":400},{"posx":7,"posy":1,"amount":100},{"posx":13,"posy":1,"amount":400},{"posx":2,"posy":2,"amount":100},{"posx":0,"posy":3,"amount":50},{"posx":10,"posy":3,"amount":150},{"posx":11,"posy":3,"amount":250},{"posx":15,"posy":3,"amount":400},{"posx":18,"posy":3,"amount":450},{"posx":14,"posy":4,"amount":300},{"posx":16,"posy":4,"amount":350},{"posx":10,"posy":5,"amount":100},{"posx":13,"posy":6,"amount":50},{"posx":18,"posy":6,"amount":550},{"posx":14,"posy":7,"amount":150},{"posx":16,"posy":7,"amount":450},{"posx":9,"posy":8,"amount":50},{"posx":11,"posy":8,"amount":250}],"changedObstacles":[]},{"players":[{"playerId":2663641,"score":450,"energy":8,"posx":11,"posy":3,"lastAction":5,"status":0},{"playerId":2451990,"score":550,"energy":25,"posx":10,"posy":5,"lastAction":5,"status":0},{"playerId":61319,"score":525,"energy":25,"posx":11,"posy":8,"lastAction":5,"status":0},{"playerId":239305,"score":675,"energy":9,"posx":2,"posy":2,"lastAction":5,"status":0}],"golds":[{"posx":9,"posy":0,"amount":400},{"posx":7,"posy":1,"amount":100},{"posx":13,"posy":1,"amount":400},{"posx":2,"posy":2,"amount":50},{"posx":0,"posy":3,"amount":50},{"posx":10,"posy":3,"amount":150},{"posx":11,"posy":3,"amount":200},{"posx":15,"posy":3,"amount":400},{"posx":18,"posy":3,"amount":450},{"posx":14,"posy":4,"amount":300},{"posx":16,"posy":4,"amount":350},{"posx":10,"posy":5,"amount":50},{"posx":13,"posy":6,"amount":50},{"posx":18,"posy":6,"amount":550},{"posx":14,"posy":7,"amount":150},{"posx":16,"posy":7,"amount":450},{"posx":9,"posy":8,"amount":50},{"posx":11,"posy":8,"amount":200}],"changedObstacles":[]},{"players":[{"playerId":2663641,"score":500,"energy":3,"posx":11,"posy":3,"lastAction":5,"status":0},{"playerId":2451990,"score":600,"energy":20,"posx":10,"posy":5,"lastAction":5,"status":0},{"playerId":61319,"score":575,"energy":20,"posx":11,"posy":8,"lastAction":5,"status":0},{"playerId":239305,"score":725,"energy":4,"posx":2,"posy":2,"lastAction":5,"status":0}],"golds":[{"posx":9,"posy":0,"amount":400},{"posx":7,"posy":1,"amount":100},{"posx":13,"posy":1,"amount":400},{"posx":0,"posy":3,"amount":50},{"posx":10,"posy":3,"amount":150},{"posx":11,"posy":3,"amount":150},{"posx":15,"posy":3,"amount":400},{"posx":18,"posy":3,"amount":450},{"posx":14,"posy":4,"amount":300},{"posx":16,"posy":4,"amount":350},{"posx":13,"posy":6,"amount":50},{"posx":18,"posy":6,"amount":550},{"posx":14,"posy":7,"amount":150},{"posx":16,"posy":7,"amount":450},{"posx":9,"posy":8,"amount":50},{"posx":11,"posy":8,"amount":150}],"changedObstacles":[{"type":0,"posx":2,"posy":2,"value":-1},{"type":0,"posx":10,"posy":5,"value":-1}]},{"players":[{"playerId":2663641,"score":500,"energy":15,"posx":11,"posy":3,"lastAction":4,"status":0},{"playerId":2451990,"score":600,"energy":19,"posx":10,"posy":4,"lastAction":2,"status":0},{"playerId":61319,"score":625,"energy":15,"posx":11,"posy":8,"lastAction":5,"status":0},{"playerId":239305,"score":725,"energy":3,"posx":2,"posy":1,"lastAction":2,"status":0}],"golds":[{"posx":9,"posy":0,"amount":400},{"posx":7,"posy":1,"amount":100},{"posx":13,"posy":1,"amount":400},{"posx":0,"posy":3,"amount":50},{"posx":10,"posy":3,"amount":150},{"posx":11,"posy":3,"amount":150},{"posx":15,"posy":3,"amount":400},{"posx":18,"posy":3,"amount":450},{"posx":14,"posy":4,"amount":300},{"posx":16,"posy":4,"amount":350},{"posx":13,"posy":6,"amount":50},{"posx":18,"posy":6,"amount":550},{"posx":14,"posy":7,"amount":150},{"posx":16,"posy":7,"amount":450},{"posx":9,"posy":8,"amount":50},{"posx":11,"posy":8,"amount":100}],"changedObstacles":[]},{"players":[{"playerId":2663641,"score":550,"energy":10,"posx":11,"posy":3,"lastAction":5,"status":0},{"playerId":2451990,"score":600,"energy":18,"posx":11,"posy":4,"lastAction":1,"status":0},{"playerId":61319,"score":675,"energy":10,"posx":11,"posy":8,"lastAction":5,"status":0},{"playerId":239305,"score":725,"energy":2,"posx":3,"posy":1,"lastAction":1,"status":0}],"golds":[{"posx":9,"posy":0,"amount":400},{"posx":7,"posy":1,"amount":100},{"posx":13,"posy":1,"amount":400},{"posx":0,"posy":3,"amount":50},{"posx":10,"posy":3,"amount":150},{"posx":11,"posy":3,"amount":100},{"posx":15,"posy":3,"amount":400},{"posx":18,"posy":3,"amount":450},{"posx":14,"posy":4,"amount":300},{"posx":16,"posy":4,"amount":350},{"posx":13,"posy":6,"amount":50},{"posx":18,"posy":6,"amount":550},{"posx":14,"posy":7,"amount":150},{"posx":16,"posy":7,"amount":450},{"posx":9,"posy":8,"amount":50},{"posx":11,"posy":8,"amount":50}],"changedObstacles":[]},{"players":[{"playerId":2663641,"score":600,"energy":5,"posx":11,"posy":3,"lastAction":5,"status":0},{"playerId":2451990,"score":600,"energy":17,"posx":12,"posy":4,"lastAction":1,"status":0},{"playerId":61319,"score":725,"energy":5,"posx":11,"posy":8,"lastAction":5,"status":0},{"playerId":239305,"score":725,"energy":1,"posx":4,"posy":1,"lastAction":1,"status":0}],"golds":[{"posx":9,"posy":0,"amount":400},{"posx":7,"posy":1,"amount":100},{"posx":13,"posy":1,"amount":400},{"posx":0,"posy":3,"amount":50},{"posx":10,"posy":3,"amount":150},{"posx":11,"posy":3,"amount":50},{"posx":15,"posy":3,"amount":400},{"posx":18,"posy":3,"amount":450},{"posx":14,"posy":4,"amount":300},{"posx":16,"posy":4,"amount":350},{"posx":13,"posy":6,"amount":50},{"posx":18,"posy":6,"amount":550},{"posx":14,"posy":7,"amount":150},{"posx":16,"posy":7,"amount":450},{"posx":9,"posy":8,"amount":50}],"changedObstacles":[{"type":0,"posx":11,"posy":8,"value":-1}]},{"players":[{"playerId":2663641,"score":600,"energy":17,"posx":11,"posy":3,"lastAction":4,"status":0},{"playerId":2451990,"score":600,"energy":16,"posx":13,"posy":4,"lastAction":1,"status":0},{"playerId":61319,"score":725,"energy":4,"posx":12,"posy":8,"lastAction":1,"status":0},{"playerId":239305,"score":725,"energy":13,"posx":4,"posy":1,"lastAction":4,"status":0}],"golds":[{"posx":9,"posy":0,"amount":400},{"posx":7,"posy":1,"amount":100},{"posx":13,"posy":1,"amount":400},{"posx":0,"posy":3,"amount":50},{"posx":10,"posy":3,"amount":150},{"posx":11,"posy":3,"amount":50},{"posx":15,"posy":3,"amount":400},{"posx":18,"posy":3,"amount":450},{"posx":14,"posy":4,"amount":300},{"posx":16,"posy":4,"amount":350},{"posx":13,"posy":6,"amount":50},{"posx":18,"posy":6,"amount":550},{"posx":14,"posy":7,"amount":150},{"posx":16,"posy":7,"amount":450},{"posx":9,"posy":8,"amount":50}],"changedObstacles":[]},{"players":[{"playerId":2663641,"score":600,"energy":33,"posx":11,"posy":3,"lastAction":4,"status":0},{"playerId":2451990,"score":600,"energy":12,"posx":14,"posy":4,"lastAction":1,"status":0},{"playerId":61319,"score":725,"energy":3,"posx":13,"posy":8,"lastAction":1,"status":0},{"playerId":239305,"score":725,"energy":29,"posx":4,"posy":1,"lastAction":4,"status":0}],"golds":[{"posx":9,"posy":0,"amount":400},{"posx":7,"posy":1,"amount":100},{"posx":13,"posy":1,"amount":400},{"posx":0,"posy":3,"amount":50},{"posx":10,"posy":3,"amount":150},{"posx":11,"posy":3,"amount":50},{"posx":15,"posy":3,"amount":400},{"posx":18,"posy":3,"amount":450},{"posx":14,"posy":4,"amount":300},{"posx":16,"posy":4,"amount":350},{"posx":13,"posy":6,"amount":50},{"posx":18,"posy":6,"amount":550},{"posx":14,"posy":7,"amount":150},{"posx":16,"posy":7,"amount":450},{"posx":9,"posy":8,"amount":50}],"changedObstacles":[]},{"players":[{"playerId":2663641,"score":650,"energy":28,"posx":11,"posy":3,"lastAction":5,"status":0},{"playerId":2451990,"score":650,"energy":7,"posx":14,"posy":4,"lastAction":5,"status":0},{"playerId":61319,"score":725,"energy":2,"posx":14,"posy":8,"lastAction":1,"status":0},{"playerId":239305,"score":725,"energy":50,"posx":4,"posy":1,"lastAction":4,"status":0}],"golds":[{"posx":9,"posy":0,"amount":400},{"posx":7,"posy":1,"amount":100},{"posx":13,"posy":1,"amount":400},{"posx":0,"posy":3,"amount":50},{"posx":10,"posy":3,"amount":150},{"posx":15,"posy":3,"amount":400},{"posx":18,"posy":3,"amount":450},{"posx":14,"posy":4,"amount":250},{"posx":16,"posy":4,"amount":350},{"posx":13,"posy":6,"amount":50},{"posx":18,"posy":6,"amount":550},{"posx":14,"posy":7,"amount":150},{"posx":16,"posy":7,"amount":450},{"posx":9,"posy":8,"amount":50}],"changedObstacles":[{"type":0,"posx":11,"posy":3,"value":-1}]},{"players":[{"playerId":2663641,"score":650,"energy":24,"posx":10,"posy":3,"lastAction":0,"status":0},{"playerId":2451990,"score":700,"energy":2,"posx":14,"posy":4,"lastAction":5,"status":0},{"playerId":61319,"score":725,"energy":1,"posx":15,"posy":8,"lastAction":1,"status":0},{"playerId":239305,"score":725,"energy":49,"posx":4,"posy":0,"lastAction":2,"status":0}],"golds":[{"posx":9,"posy":0,"amount":400},{"posx":7,"posy":1,"amount":100},{"posx":13,"posy":1,"amount":400},{"posx":0,"posy":3,"amount":50},{"posx":10,"posy":3,"amount":150},{"posx":15,"posy":3,"amount":400},{"posx":18,"posy":3,"amount":450},{"posx":14,"posy":4,"amount":200},{"posx":16,"posy":4,"amount":350},{"posx":13,"posy":6,"amount":50},{"posx":18,"posy":6,"amount":550},{"posx":14,"posy":7,"amount":150},{"posx":16,"posy":7,"amount":450},{"posx":9,"posy":8,"amount":50}],"changedObstacles":[]},{"players":[{"playerId":2663641,"score":700,"energy":19,"posx":10,"posy":3,"lastAction":5,"status":0},{"playerId":2451990,"score":700,"energy":14,"posx":14,"posy":4,"lastAction":4,"status":0},{"playerId":61319,"score":725,"energy":13,"posx":15,"posy":8,"lastAction":4,"status":0},{"playerId":239305,"score":725,"energy":48,"posx":5,"posy":0,"lastAction":1,"status":0}],"golds":[{"posx":9,"posy":0,"amount":400},{"posx":7,"posy":1,"amount":100},{"posx":13,"posy":1,"amount":400},{"posx":0,"posy":3,"amount":50},{"posx":10,"posy":3,"amount":100},{"posx":15,"posy":3,"amount":400},{"posx":18,"posy":3,"amount":450},{"posx":14,"posy":4,"amount":200},{"posx":16,"posy":4,"amount":350},{"posx":13,"posy":6,"amount":50},{"posx":18,"posy":6,"amount":550},{"posx":14,"posy":7,"amount":150},{"posx":16,"posy":7,"amount":450},{"posx":9,"posy":8,"amount":50}],"changedObstacles":[]},{"players":[{"playerId":2663641,"score":750,"energy":14,"posx":10,"posy":3,"lastAction":5,"status":0},{"playerId":2451990,"score":700,"energy":30,"posx":14,"posy":4,"lastAction":4,"status":0},{"playerId":61319,"score":725,"energy":12,"posx":16,"posy":8,"lastAction":1,"status":0},{"playerId":239305,"score":725,"energy":47,"posx":6,"posy":0,"lastAction":1,"status":0}],"golds":[{"posx":9,"posy":0,"amount":400},{"posx":7,"posy":1,"amount":100},{"posx":13,"posy":1,"amount":400},{"posx":0,"posy":3,"amount":50},{"posx":10,"posy":3,"amount":50},{"posx":15,"posy":3,"amount":400},{"posx":18,"posy":3,"amount":450},{"posx":14,"posy":4,"amount":200},{"posx":16,"posy":4,"amount":350},{"posx":13,"posy":6,"amount":50},{"posx":18,"posy":6,"amount":550},{"posx":14,"posy":7,"amount":150},{"posx":16,"posy":7,"amount":450},{"posx":9,"posy":8,"amount":50}],"changedObstacles":[]},{"players":[{"playerId":2663641,"score":800,"energy":9,"posx":10,"posy":3,"lastAction":5,"status":0},{"playerId":2451990,"score":700,"energy":50,"posx":14,"posy":4,"lastAction":4,"status":0},{"playerId":61319,"score":725,"energy":8,"posx":16,"posy":7,"lastAction":2,"status":0},{"playerId":239305,"score":725,"energy":46,"posx":7,"posy":0,"lastAction":1,"status":0}],"golds":[{"posx":9,"posy":0,"amount":400},{"posx":7,"posy":1,"amount":100},{"posx":13,"posy":1,"amount":400},{"posx":0,"posy":3,"amount":50},{"posx":15,"posy":3,"amount":400},{"posx":18,"posy":3,"amount":450},{"posx":14,"posy":4,"amount":200},{"posx":16,"posy":4,"amount":350},{"posx":13,"posy":6,"amount":50},{"posx":18,"posy":6,"amount":550},{"posx":14,"posy":7,"amount":150},{"posx":16,"posy":7,"amount":450},{"posx":9,"posy":8,"amount":50}],"changedObstacles":[{"type":0,"posx":10,"posy":3,"value":-1}]},{"players":[{"playerId":2663641,"score":800,"energy":8,"posx":10,"posy":4,"lastAction":3,"status":0},{"playerId":2451990,"score":750,"energy":45,"posx":14,"posy":4,"lastAction":5,"status":0},{"playerId":61319,"score":775,"energy":3,"posx":16,"posy":7,"lastAction":5,"status":0},{"playerId":239305,"score":725,"energy":45,"posx":8,"posy":0,"lastAction":1,"status":0}],"golds":[{"posx":9,"posy":0,"amount":400},{"posx":7,"posy":1,"amount":100},{"posx":13,"posy":1,"amount":400},{"posx":0,"posy":3,"amount":50},{"posx":15,"posy":3,"amount":400},{"posx":18,"posy":3,"amount":450},{"posx":14,"posy":4,"amount":150},{"posx":16,"posy":4,"amount":350},{"posx":13,"posy":6,"amount":50},{"posx":18,"posy":6,"amount":550},{"posx":14,"posy":7,"amount":150},{"posx":16,"posy":7,"amount":400},{"posx":9,"posy":8,"amount":50}],"changedObstacles":[]},{"players":[{"playerId":2663641,"score":800,"energy":7,"posx":10,"posy":5,"lastAction":3,"status":0},{"playerId":2451990,"score":800,"energy":40,"posx":14,"posy":4,"lastAction":5,"status":0},{"playerId":61319,"score":775,"energy":15,"posx":16,"posy":7,"lastAction":4,"status":0},{"playerId":239305,"score":725,"energy":41,"posx":9,"posy":0,"lastAction":1,"status":0}],"golds":[{"posx":9,"posy":0,"amount":400},{"posx":7,"posy":1,"amount":100},{"posx":13,"posy":1,"amount":400},{"posx":0,"posy":3,"amount":50},{"posx":15,"posy":3,"amount":400},{"posx":18,"posy":3,"amount":450},{"posx":14,"posy":4,"amount":100},{"posx":16,"posy":4,"amount":350},{"posx":13,"posy":6,"amount":50},{"posx":18,"posy":6,"amount":550},{"posx":14,"posy":7,"amount":150},{"posx":16,"posy":7,"amount":400},{"posx":9,"posy":8,"amount":50}],"changedObstacles":[]},{"players":[{"playerId":2663641,"score":800,"energy":6,"posx":10,"posy":6,"lastAction":3,"status":0},{"playerId":2451990,"score":850,"energy":35,"posx":14,"posy":4,"lastAction":5,"status":0},{"playerId":61319,"score":775,"energy":31,"posx":16,"posy":7,"lastAction":4,"status":0},{"playerId":239305,"score":775,"energy":36,"posx":9,"posy":0,"lastAction":5,"status":0}],"golds":[{"posx":9,"posy":0,"amount":350},{"posx":7,"posy":1,"amount":100},{"posx":13,"posy":1,"amount":400},{"posx":0,"posy":3,"amount":50},{"posx":15,"posy":3,"amount":400},{"posx":18,"posy":3,"amount":450},{"posx":14,"posy":4,"amount":50},{"posx":16,"posy":4,"amount":350},{"posx":13,"posy":6,"amount":50},{"posx":18,"posy":6,"amount":550},{"posx":14,"posy":7,"amount":150},{"posx":16,"posy":7,"amount":400},{"posx":9,"posy":8,"amount":50}],"changedObstacles":[]},{"players":[{"playerId":2663641,"score":800,"energy":5,"posx":10,"posy":7,"lastAction":3,"status":0},{"playerId":2451990,"score":900,"energy":30,"posx":14,"posy":4,"lastAction":5,"status":0},{"playerId":61319,"score":775,"energy":50,"posx":16,"posy":7,"lastAction":4,"status":0},{"playerId":239305,"score":825,"energy":31,"posx":9,"posy":0,"lastAction":5,"status":0}],"golds":[{"posx":9,"posy":0,"amount":300},{"posx":7,"posy":1,"amount":100},{"posx":13,"posy":1,"amount":400},{"posx":0,"posy":3,"amount":50},{"posx":15,"posy":3,"amount":400},{"posx":18,"posy":3,"amount":450},{"posx":16,"posy":4,"amount":350},{"posx":13,"posy":6,"amount":50},{"posx":18,"posy":6,"amount":550},{"posx":14,"posy":7,"amount":150},{"posx":16,"posy":7,"amount":400},{"posx":9,"posy":8,"amount":50}],"changedObstacles":[{"type":0,"posx":14,"posy":4,"value":-1}]},{"players":[{"playerId":2663641,"score":800,"energy":4,"posx":9,"posy":7,"lastAction":0,"status":0},{"playerId":2451990,"score":900,"energy":29,"posx":15,"posy":4,"lastAction":1,"status":0},{"playerId":61319,"score":825,"energy":45,"posx":16,"posy":7,"lastAction":5,"status":0},{"playerId":239305,"score":875,"energy":26,"posx":9,"posy":0,"lastAction":5,"status":0}],"golds":[{"posx":9,"posy":0,"amount":250},{"posx":7,"posy":1,"amount":100},{"posx":13,"posy":1,"amount":400},{"posx":0,"posy":3,"amount":50},{"posx":15,"posy":3,"amount":400},{"posx":18,"posy":3,"amount":450},{"posx":16,"posy":4,"amount":350},{"posx":13,"posy":6,"amount":50},{"posx":18,"posy":6,"amount":550},{"posx":14,"posy":7,"amount":150},{"posx":16,"posy":7,"amount":350},{"posx":9,"posy":8,"amount":50}],"changedObstacles":[]},{"players":[{"playerId":2663641,"score":800,"energy":16,"posx":9,"posy":7,"lastAction":4,"status":0},{"playerId":2451990,"score":900,"energy":25,"posx":16,"posy":4,"lastAction":1,"status":0},{"playerId":61319,"score":875,"energy":40,"posx":16,"posy":7,"lastAction":5,"status":0},{"playerId":239305,"score":925,"energy":21,"posx":9,"posy":0,"lastAction":5,"status":0}],"golds":[{"posx":9,"posy":0,"amount":200},{"posx":7,"posy":1,"amount":100},{"posx":13,"posy":1,"amount":400},{"posx":0,"posy":3,"amount":50},{"posx":15,"posy":3,"amount":400},{"posx":18,"posy":3,"amount":450},{"posx":16,"posy":4,"amount":350},{"posx":13,"posy":6,"amount":50},{"posx":18,"posy":6,"amount":550},{"posx":14,"posy":7,"amount":150},{"posx":16,"posy":7,"amount":300},{"posx":9,"posy":8,"amount":50}],"changedObstacles":[]},{"players":[{"playerId":2663641,"score":800,"energy":32,"posx":9,"posy":7,"lastAction":4,"status":0},{"playerId":2451990,"score":950,"energy":20,"posx":16,"posy":4,"lastAction":5,"status":0},{"playerId":61319,"score":925,"energy":35,"posx":16,"posy":7,"lastAction":5,"status":0},{"playerId":239305,"score":975,"energy":16,"posx":9,"posy":0,"lastAction":5,"status":0}],"golds":[{"posx":9,"posy":0,"amount":150},{"posx":7,"posy":1,"amount":100},{"posx":13,"posy":1,"amount":400},{"posx":0,"posy":3,"amount":50},{"posx":15,"posy":3,"amount":400},{"posx":18,"posy":3,"amount":450},{"posx":16,"posy":4,"amount":300},{"posx":13,"posy":6,"amount":50},{"posx":18,"posy":6,"amount":550},{"posx":14,"posy":7,"amount":150},{"posx":16,"posy":7,"amount":250},{"posx":9,"posy":8,"amount":50}],"changedObstacles":[]},{"players":[{"playerId":2663641,"score":800,"energy":28,"posx":9,"posy":8,"lastAction":3,"status":0},{"playerId":2451990,"score":1000,"energy":15,"posx":16,"posy":4,"lastAction":5,"status":0},{"playerId":61319,"score":975,"energy":30,"posx":16,"posy":7,"lastAction":5,"status":0},{"playerId":239305,"score":1025,"energy":11,"posx":9,"posy":0,"lastAction":5,"status":0}],"golds":[{"posx":9,"posy":0,"amount":100},{"posx":7,"posy":1,"amount":100},{"posx":13,"posy":1,"amount":400},{"posx":0,"posy":3,"amount":50},{"posx":15,"posy":3,"amount":400},{"posx":18,"posy":3,"amount":450},{"posx":16,"posy":4,"amount":250},{"posx":13,"posy":6,"amount":50},{"posx":18,"posy":6,"amount":550},{"posx":14,"posy":7,"amount":150},{"posx":16,"posy":7,"amount":200},{"posx":9,"posy":8,"amount":50}],"changedObstacles":[]},{"players":[{"playerId":2663641,"score":850,"energy":23,"posx":9,"posy":8,"lastAction":5,"status":0},{"playerId":2451990,"score":1050,"energy":10,"posx":16,"posy":4,"lastAction":5,"status":0},{"playerId":61319,"score":1025,"energy":25,"posx":16,"posy":7,"lastAction":5,"status":0},{"playerId":239305,"score":1075,"energy":6,"posx":9,"posy":0,"lastAction":5,"status":0}],"golds":[{"posx":9,"posy":0,"amount":50},{"posx":7,"posy":1,"amount":100},{"posx":13,"posy":1,"amount":400},{"posx":0,"posy":3,"amount":50},{"posx":15,"posy":3,"amount":400},{"posx":18,"posy":3,"amount":450},{"posx":16,"posy":4,"amount":200},{"posx":13,"posy":6,"amount":50},{"posx":18,"posy":6,"amount":550},{"posx":14,"posy":7,"amount":150},{"posx":16,"posy":7,"amount":150}],"changedObstacles":[{"type":0,"posx":9,"posy":8,"value":-1}]},{"players":[{"playerId":2663641,"score":850,"energy":13,"posx":10,"posy":8,"lastAction":1,"status":0},{"playerId":2451990,"score":1100,"energy":5,"posx":16,"posy":4,"lastAction":5,"status":0},{"playerId":61319,"score":1075,"energy":20,"posx":16,"posy":7,"lastAction":5,"status":0},{"playerId":239305,"score":1125,"energy":1,"posx":9,"posy":0,"lastAction":5,"status":0}],"golds":[{"posx":7,"posy":1,"amount":100},{"posx":13,"posy":1,"amount":400},{"posx":0,"posy":3,"amount":50},{"posx":15,"posy":3,"amount":400},{"posx":18,"posy":3,"amount":450},{"posx":16,"posy":4,"amount":150},{"posx":13,"posy":6,"amount":50},{"posx":18,"posy":6,"amount":550},{"posx":14,"posy":7,"amount":150},{"posx":16,"posy":7,"amount":100}],"changedObstacles":[{"type":0,"posx":10,"posy":8,"value":-1},{"type":0,"posx":9,"posy":0,"value":-1}]},{"players":[{"playerId":2663641,"score":850,"energy":12,"posx":11,"posy":8,"lastAction":1,"status":0},{"playerId":2451990,"score":1100,"energy":17,"posx":16,"posy":4,"lastAction":4,"status":0},{"playerId":61319,"score":1125,"energy":15,"posx":16,"posy":7,"lastAction":5,"status":0},{"playerId":239305,"score":1125,"energy":13,"posx":9,"posy":0,"lastAction":4,"status":0}],"golds":[{"posx":7,"posy":1,"amount":100},{"posx":13,"posy":1,"amount":400},{"posx":0,"posy":3,"amount":50},{"posx":15,"posy":3,"amount":400},{"posx":18,"posy":3,"amount":450},{"posx":16,"posy":4,"amount":150},{"posx":13,"posy":6,"amount":50},{"posx":18,"posy":6,"amount":550},{"posx":14,"posy":7,"amount":150},{"posx":16,"posy":7,"amount":50}],"changedObstacles":[]},{"players":[{"playerId":2663641,"score":850,"energy":11,"posx":11,"posy":7,"lastAction":2,"status":0},{"playerId":2451990,"score":1100,"energy":33,"posx":16,"posy":4,"lastAction":4,"status":0},{"playerId":61319,"score":1175,"energy":10,"posx":16,"posy":7,"lastAction":5,"status":0},{"playerId":239305,"score":1125,"energy":29,"posx":9,"posy":0,"lastAction":4,"status":0}],"golds":[{"posx":7,"posy":1,"amount":100},{"posx":13,"posy":1,"amount":400},{"posx":0,"posy":3,"amount":50},{"posx":15,"posy":3,"amount":400},{"posx":18,"posy":3,"amount":450},{"posx":16,"posy":4,"amount":150},{"posx":13,"posy":6,"amount":50},{"posx":18,"posy":6,"amount":550},{"posx":14,"posy":7,"amount":150}],"changedObstacles":[{"type":0,"posx":16,"posy":7,"value":-1}]},{"players":[{"playerId":2663641,"score":850,"energy":10,"posx":12,"posy":7,"lastAction":1,"status":0},{"playerId":2451990,"score":1100,"energy":50,"posx":16,"posy":4,"lastAction":4,"status":0},{"playerId":61319,"score":1175,"energy":9,"posx":17,"posy":7,"lastAction":1,"status":0},{"playerId":239305,"score":1125,"energy":50,"posx":9,"posy":0,"lastAction":4,"status":0}],"golds":[{"posx":7,"posy":1,"amount":100},{"posx":13,"posy":1,"amount":400},{"posx":0,"posy":3,"amount":50},{"posx":15,"posy":3,"amount":400},{"posx":18,"posy":3,"amount":450},{"posx":16,"posy":4,"amount":150},{"posx":13,"posy":6,"amount":50},{"posx":18,"posy":6,"amount":550},{"posx":14,"posy":7,"amount":150}],"changedObstacles":[]},{"players":[{"playerId":2663641,"score":850,"energy":9,"posx":13,"posy":7,"lastAction":1,"status":0},{"playerId":2451990,"score":1150,"energy":45,"posx":16,"posy":4,"lastAction":5,"status":0},{"playerId":61319,"score":1175,"energy":8,"posx":18,"posy":7,"lastAction":1,"status":0},{"playerId":239305,"score":1125,"energy":49,"posx":10,"posy":0,"lastAction":1,"status":0}],"golds":[{"posx":7,"posy":1,"amount":100},{"posx":13,"posy":1,"amount":400},{"posx":0,"posy":3,"amount":50},{"posx":15,"posy":3,"amount":400},{"posx":18,"posy":3,"amount":450},{"posx":16,"posy":4,"amount":100},{"posx":13,"posy":6,"amount":50},{"posx":18,"posy":6,"amount":550},{"posx":14,"posy":7,"amount":150}],"changedObstacles":[]},{"players":[{"playerId":2663641,"score":850,"energy":5,"posx":13,"posy":6,"lastAction":2,"status":0},{"playerId":2451990,"score":1200,"energy":40,"posx":16,"posy":4,"lastAction":5,"status":0},{"playerId":61319,"score":1175,"energy":4,"posx":18,"posy":6,"lastAction":2,"status":0},{"playerId":239305,"score":1125,"energy":48,"posx":11,"posy":0,"lastAction":1,"status":0}],"golds":[{"posx":7,"posy":1,"amount":100},{"posx":13,"posy":1,"amount":400},{"posx":0,"posy":3,"amount":50},{"posx":15,"posy":3,"amount":400},{"posx":18,"posy":3,"amount":450},{"posx":16,"posy":4,"amount":50},{"posx":13,"posy":6,"amount":50},{"posx":18,"posy":6,"amount":550},{"posx":14,"posy":7,"amount":150}],"changedObstacles":[]},{"players":[{"playerId":2663641,"score":850,"energy":17,"posx":13,"posy":6,"lastAction":4,"status":0},{"playerId":2451990,"score":1250,"energy":35,"posx":16,"posy":4,"lastAction":5,"status":0},{"playerId":61319,"score":1175,"energy":16,"posx":18,"posy":6,"lastAction":4,"status":0},{"playerId":239305,"score":1125,"energy":47,"posx":12,"posy":0,"lastAction":1,"status":0}],"golds":[{"posx":7,"posy":1,"amount":100},{"posx":13,"posy":1,"amount":400},{"posx":0,"posy":3,"amount":50},{"posx":15,"posy":3,"amount":400},{"posx":18,"posy":3,"amount":450},{"posx":13,"posy":6,"amount":50},{"posx":18,"posy":6,"amount":550},{"posx":14,"posy":7,"amount":150}],"changedObstacles":[{"type":0,"posx":16,"posy":4,"value":-1}]},{"players":[{"playerId":2663641,"score":850,"energy":33,"posx":13,"posy":6,"lastAction":4,"status":0},{"playerId":2451990,"score":1250,"energy":34,"posx":15,"posy":4,"lastAction":0,"status":0},{"playerId":61319,"score":1225,"energy":11,"posx":18,"posy":6,"lastAction":5,"status":0},{"playerId":239305,"score":1125,"energy":46,"posx":13,"posy":0,"lastAction":1,"status":0}],"golds":[{"posx":7,"posy":1,"amount":100},{"posx":13,"posy":1,"amount":400},{"posx":0,"posy":3,"amount":50},{"posx":15,"posy":3,"amount":400},{"posx":18,"posy":3,"amount":450},{"posx":13,"posy":6,"amount":50},{"posx":18,"posy":6,"amount":500},{"posx":14,"posy":7,"amount":150}],"changedObstacles":[]},{"players":[{"playerId":2663641,"score":900,"energy":28,"posx":13,"posy":6,"lastAction":5,"status":0},{"playerId":2451990,"score":1250,"energy":30,"posx":15,"posy":3,"lastAction":2,"status":0},{"playerId":61319,"score":1275,"energy":6,"posx":18,"posy":6,"lastAction":5,"status":0},{"playerId":239305,"score":1125,"energy":42,"posx":13,"posy":1,"lastAction":3,"status":0}],"golds":[{"posx":7,"posy":1,"amount":100},{"posx":13,"posy":1,"amount":400},{"posx":0,"posy":3,"amount":50},{"posx":15,"posy":3,"amount":400},{"posx":18,"posy":3,"amount":450},{"posx":18,"posy":6,"amount":450},{"posx":14,"posy":7,"amount":150}],"changedObstacles":[{"type":0,"posx":13,"posy":6,"value":-1}]},{"players":[{"playerId":2663641,"score":900,"energy":27,"posx":13,"posy":7,"lastAction":3,"status":0},{"playerId":2451990,"score":1300,"energy":25,"posx":15,"posy":3,"lastAction":5,"status":0},{"playerId":61319,"score":1325,"energy":1,"posx":18,"posy":6,"lastAction":5,"status":0},{"playerId":239305,"score":1175,"energy":37,"posx":13,"posy":1,"lastAction":5,"status":0}],"golds":[{"posx":7,"posy":1,"amount":100},{"posx":13,"posy":1,"amount":350},{"posx":0,"posy":3,"amount":50},{"posx":15,"posy":3,"amount":350},{"posx":18,"posy":3,"amount":450},{"posx":18,"posy":6,"amount":400},{"posx":14,"posy":7,"amount":150}],"changedObstacles":[]},{"players":[{"playerId":2663641,"score":900,"energy":23,"posx":14,"posy":7,"lastAction":1,"status":0},{"playerId":2451990,"score":1350,"energy":20,"posx":15,"posy":3,"lastAction":5,"status":0},{"playerId":61319,"score":1325,"energy":13,"posx":18,"posy":6,"lastAction":4,"status":0},{"playerId":239305,"score":1225,"energy":32,"posx":13,"posy":1,"lastAction":5,"status":0}],"golds":[{"posx":7,"posy":1,"amount":100},{"posx":13,"posy":1,"amount":300},{"posx":0,"posy":3,"amount":50},{"posx":15,"posy":3,"amount":300},{"posx":18,"posy":3,"amount":450},{"posx":18,"posy":6,"amount":400},{"posx":14,"posy":7,"amount":150}],"changedObstacles":[]},{"players":[{"playerId":2663641,"score":950,"energy":18,"posx":14,"posy":7,"lastAction":5,"status":0},{"playerId":2451990,"score":1400,"energy":15,"posx":15,"posy":3,"lastAction":5,"status":0},{"playerId":61319,"score":1325,"energy":29,"posx":18,"posy":6,"lastAction":4,"status":0},{"playerId":239305,"score":1275,"energy":27,"posx":13,"posy":1,"lastAction":5,"status":0}],"golds":[{"posx":7,"posy":1,"amount":100},{"posx":13,"posy":1,"amount":250},{"posx":0,"posy":3,"amount":50},{"posx":15,"posy":3,"amount":250},{"posx":18,"posy":3,"amount":450},{"posx":18,"posy":6,"amount":400},{"posx":14,"posy":7,"amount":100}],"changedObstacles":[]},{"players":[{"playerId":2663641,"score":1000,"energy":13,"posx":14,"posy":7,"lastAction":5,"status":0},{"playerId":2451990,"score":1450,"energy":10,"posx":15,"posy":3,"lastAction":5,"status":0},{"playerId":61319,"score":1325,"energy":50,"posx":18,"posy":6,"lastAction":4,"status":0},{"playerId":239305,"score":1325,"energy":22,"posx":13,"posy":1,"lastAction":5,"status":0}],"golds":[{"posx":7,"posy":1,"amount":100},{"posx":13,"posy":1,"amount":200},{"posx":0,"posy":3,"amount":50},{"posx":15,"posy":3,"amount":200},{"posx":18,"posy":3,"amount":450},{"posx":18,"posy":6,"amount":400},{"posx":14,"posy":7,"amount":50}],"changedObstacles":[]},{"players":[{"playerId":2663641,"score":1050,"energy":8,"posx":14,"posy":7,"lastAction":5,"status":0},{"playerId":2451990,"score":1500,"energy":5,"posx":15,"posy":3,"lastAction":5,"status":0},{"playerId":61319,"score":1375,"energy":45,"posx":18,"posy":6,"lastAction":5,"status":0},{"playerId":239305,"score":1375,"energy":17,"posx":13,"posy":1,"lastAction":5,"status":0}],"golds":[{"posx":7,"posy":1,"amount":100},{"posx":13,"posy":1,"amount":150},{"posx":0,"posy":3,"amount":50},{"posx":15,"posy":3,"amount":150},{"posx":18,"posy":3,"amount":450},{"posx":18,"posy":6,"amount":350}],"changedObstacles":[{"type":0,"posx":14,"posy":7,"value":-1}]},{"players":[{"playerId":2663641,"score":1050,"energy":7,"posx":15,"posy":7,"lastAction":1,"status":0},{"playerId":2451990,"score":1500,"energy":17,"posx":15,"posy":3,"lastAction":4,"status":0},{"playerId":61319,"score":1425,"energy":40,"posx":18,"posy":6,"lastAction":5,"status":0},{"playerId":239305,"score":1425,"energy":12,"posx":13,"posy":1,"lastAction":5,"status":0}],"golds":[{"posx":7,"posy":1,"amount":100},{"posx":13,"posy":1,"amount":100},{"posx":0,"posy":3,"amount":50},{"posx":15,"posy":3,"amount":150},{"posx":18,"posy":3,"amount":450},{"posx":18,"posy":6,"amount":300}],"changedObstacles":[]},{"players":[{"playerId":2663641,"score":1050,"energy":6,"posx":16,"posy":7,"lastAction":1,"status":0},{"playerId":2451990,"score":1500,"energy":33,"posx":15,"posy":3,"lastAction":4,"status":0},{"playerId":61319,"score":1475,"energy":35,"posx":18,"posy":6,"lastAction":5,"status":0},{"playerId":239305,"score":1475,"energy":7,"posx":13,"posy":1,"lastAction":5,"status":0}],"golds":[{"posx":7,"posy":1,"amount":100},{"posx":13,"posy":1,"amount":50},{"posx":0,"posy":3,"amount":50},{"posx":15,"posy":3,"amount":150},{"posx":18,"posy":3,"amount":450},{"posx":18,"posy":6,"amount":250}],"changedObstacles":[]},{"players":[{"playerId":2663641,"score":1050,"energy":5,"posx":17,"posy":7,"lastAction":1,"status":0},{"playerId":2451990,"score":1500,"energy":50,"posx":15,"posy":3,"lastAction":4,"status":0},{"playerId":61319,"score":1525,"energy":30,"posx":18,"posy":6,"lastAction":5,"status":0},{"playerId":239305,"score":1525,"energy":2,"posx":13,"posy":1,"lastAction":5,"status":0}],"golds":[{"posx":7,"posy":1,"amount":100},{"posx":0,"posy":3,"amount":50},{"posx":15,"posy":3,"amount":150},{"posx":18,"posy":3,"amount":450},{"posx":18,"posy":6,"amount":200}],"changedObstacles":[{"type":0,"posx":13,"posy":1,"value":-1}]},{"players":[{"playerId":2663641,"score":1050,"energy":4,"posx":18,"posy":7,"lastAction":1,"status":0},{"playerId":2451990,"score":1550,"energy":45,"posx":15,"posy":3,"lastAction":5,"status":0},{"playerId":61319,"score":1575,"energy":25,"posx":18,"posy":6,"lastAction":5,"status":0},{"playerId":239305,"score":1525,"energy":1,"posx":14,"posy":1,"lastAction":1,"status":0}],"golds":[{"posx":7,"posy":1,"amount":100},{"posx":0,"posy":3,"amount":50},{"posx":15,"posy":3,"amount":100},{"posx":18,"posy":3,"amount":450},{"posx":18,"posy":6,"amount":150}],"changedObstacles":[]},{"players":[{"playerId":2663641,"score":1050,"energy":16,"posx":18,"posy":7,"lastAction":4,"status":0},{"playerId":2451990,"score":1600,"energy":40,"posx":15,"posy":3,"lastAction":5,"status":0},{"playerId":61319,"score":1625,"energy":20,"posx":18,"posy":6,"lastAction":5,"status":0},{"playerId":239305,"score":1525,"energy":13,"posx":14,"posy":1,"lastAction":4,"status":0}],"golds":[{"posx":7,"posy":1,"amount":100},{"posx":0,"posy":3,"amount":50},{"posx":15,"posy":3,"amount":50},{"posx":18,"posy":3,"amount":450},{"posx":18,"posy":6,"amount":100}],"changedObstacles":[]},{"players":[{"playerId":2663641,"score":1050,"energy":12,"posx":18,"posy":6,"lastAction":2,"status":0},{"playerId":2451990,"score":1650,"energy":35,"posx":15,"posy":3,"lastAction":5,"status":0},{"playerId":61319,"score":1675,"energy":15,"posx":18,"posy":6,"lastAction":5,"status":0},{"playerId":239305,"score":1525,"energy":29,"posx":14,"posy":1,"lastAction":4,"status":0}],"golds":[{"posx":7,"posy":1,"amount":100},{"posx":0,"posy":3,"amount":50},{"posx":18,"posy":3,"amount":450},{"posx":18,"posy":6,"amount":50}],"changedObstacles":[{"type":0,"posx":15,"posy":3,"value":-1}]},{"players":[{"playerId":2663641,"score":1075,"energy":7,"posx":18,"posy":6,"lastAction":5,"status":0},{"playerId":2451990,"score":1650,"energy":34,"posx":16,"posy":3,"lastAction":1,"status":0},{"playerId":61319,"score":1700,"energy":10,"posx":18,"posy":6,"lastAction":5,"status":0},{"playerId":239305,"score":1525,"energy":50,"posx":14,"posy":1,"lastAction":4,"status":0}],"golds":[{"posx":7,"posy":1,"amount":100},{"posx":0,"posy":3,"amount":50},{"posx":18,"posy":3,"amount":450}],"changedObstacles":[{"type":0,"posx":18,"posy":6,"value":-1}]},{"players":[{"playerId":2663641,"score":1075,"energy":6,"posx":18,"posy":5,"lastAction":2,"status":0},{"playerId":2451990,"score":1650,"energy":33,"posx":17,"posy":3,"lastAction":1,"status":0},{"playerId":61319,"score":1700,"energy":9,"posx":18,"posy":5,"lastAction":2,"status":0},{"playerId":239305,"score":1525,"energy":49,"posx":15,"posy":1,"lastAction":1,"status":0}],"golds":[{"posx":7,"posy":1,"amount":100},{"posx":0,"posy":3,"amount":50},{"posx":18,"posy":3,"amount":450}],"changedObstacles":[]},{"players":[{"playerId":2663641,"score":1075,"energy":5,"posx":18,"posy":4,"lastAction":2,"status":0},{"playerId":2451990,"score":1650,"energy":29,"posx":18,"posy":3,"lastAction":1,"status":0},{"playerId":61319,"score":1700,"energy":8,"posx":18,"posy":4,"lastAction":2,"status":0},{"playerId":239305,"score":1525,"energy":48,"posx":16,"posy":1,"lastAction":1,"status":0}],"golds":[{"posx":7,"posy":1,"amount":100},{"posx":0,"posy":3,"amount":50},{"posx":18,"posy":3,"amount":450}],"changedObstacles":[]},{"players":[{"playerId":2663641,"score":1075,"energy":1,"posx":18,"posy":3,"lastAction":2,"status":0},{"playerId":2451990,"score":1700,"energy":24,"posx":18,"posy":3,"lastAction":5,"status":0},{"playerId":61319,"score":1700,"energy":4,"posx":18,"posy":3,"lastAction":2,"status":0},{"playerId":239305,"score":1525,"energy":47,"posx":17,"posy":1,"lastAction":1,"status":0}],"golds":[{"posx":7,"posy":1,"amount":100},{"posx":0,"posy":3,"amount":50},{"posx":18,"posy":3,"amount":400}],"changedObstacles":[]},{"players":[{"playerId":2663641,"score":1075,"energy":13,"posx":18,"posy":3,"lastAction":4,"status":0},{"playerId":2451990,"score":1750,"energy":19,"posx":18,"posy":3,"lastAction":5,"status":0},{"playerId":61319,"score":1700,"energy":16,"posx":18,"posy":3,"lastAction":4,"status":0},{"playerId":239305,"score":1525,"energy":46,"posx":18,"posy":1,"lastAction":1,"status":0}],"golds":[{"posx":7,"posy":1,"amount":100},{"posx":0,"posy":3,"amount":50},{"posx":18,"posy":3,"amount":350}],"changedObstacles":[]},{"players":[{"playerId":2663641,"score":1125,"energy":8,"posx":18,"posy":3,"lastAction":5,"status":0},{"playerId":2451990,"score":1800,"energy":14,"posx":18,"posy":3,"lastAction":5,"status":0},{"playerId":61319,"score":1750,"energy":11,"posx":18,"posy":3,"lastAction":5,"status":0},{"playerId":239305,"score":1525,"energy":45,"posx":18,"posy":2,"lastAction":3,"status":0}],"golds":[{"posx":7,"posy":1,"amount":100},{"posx":0,"posy":3,"amount":50},{"posx":18,"posy":3,"amount":200}],"changedObstacles":[]},{"players":[{"playerId":2663641,"score":1175,"energy":3,"posx":18,"posy":3,"lastAction":5,"status":0},{"playerId":2451990,"score":1850,"energy":9,"posx":18,"posy":3,"lastAction":5,"status":0},{"playerId":61319,"score":1800,"energy":6,"posx":18,"posy":3,"lastAction":5,"status":0},{"playerId":239305,"score":1525,"energy":41,"posx":18,"posy":3,"lastAction":3,"status":0}],"golds":[{"posx":7,"posy":1,"amount":100},{"posx":0,"posy":3,"amount":50},{"posx":18,"posy":3,"amount":50}],"changedObstacles":[]},{"players":[{"playerId":2663641,"score":1175,"energy":15,"posx":18,"posy":3,"lastAction":4,"status":0},{"playerId":2451990,"score":1867,"energy":4,"posx":18,"posy":3,"lastAction":5,"status":0},{"playerId":61319,"score":1817,"energy":1,"posx":18,"posy":3,"lastAction":5,"status":0},{"playerId":239305,"score":1542,"energy":36,"posx":18,"posy":3,"lastAction":5,"status":0}],"golds":[{"posx":7,"posy":1,"amount":100},{"posx":0,"posy":3,"amount":50}],"changedObstacles":[{"type":0,"posx":18,"posy":3,"value":-1}]},{"players":[{"playerId":2663641,"score":1175,"energy":14,"posx":17,"posy":3,"lastAction":0,"status":0},{"playerId":2451990,"score":1867,"energy":3,"posx":17,"posy":3,"lastAction":0,"status":0},{"playerId":61319,"score":1817,"energy":13,"posx":18,"posy":3,"lastAction":4,"status":0},{"playerId":239305,"score":1542,"energy":35,"posx":18,"posy":2,"lastAction":2,"status":0}],"golds":[{"posx":7,"posy":1,"amount":100},{"posx":0,"posy":3,"amount":50}],"changedObstacles":[]},{"players":[{"playerId":2663641,"score":1175,"energy":13,"posx":16,"posy":3,"lastAction":0,"status":0},{"playerId":2451990,"score":1867,"energy":2,"posx":16,"posy":3,"lastAction":0,"status":0},{"playerId":61319,"score":1817,"energy":29,"posx":18,"posy":3,"lastAction":4,"status":0},{"playerId":239305,"score":1542,"energy":34,"posx":18,"posy":1,"lastAction":2,"status":0}],"golds":[{"posx":7,"posy":1,"amount":100},{"posx":0,"posy":3,"amount":50}],"changedObstacles":[]},{"players":[{"playerId":2663641,"score":1175,"energy":12,"posx":15,"posy":3,"lastAction":0,"status":0},{"playerId":2451990,"score":1867,"energy":1,"posx":15,"posy":3,"lastAction":0,"status":0},{"playerId":61319,"score":1817,"energy":28,"posx":17,"posy":3,"lastAction":0,"status":0},{"playerId":239305,"score":1542,"energy":33,"posx":17,"posy":1,"lastAction":0,"status":0}],"golds":[{"posx":7,"posy":1,"amount":100},{"posx":0,"posy":3,"amount":50}],"changedObstacles":[]},{"players":[{"playerId":2663641,"score":1175,"energy":11,"posx":14,"posy":3,"lastAction":0,"status":0},{"playerId":2451990,"score":1867,"energy":13,"posx":15,"posy":3,"lastAction":4,"status":0},{"playerId":61319,"score":1817,"energy":27,"posx":16,"posy":3,"lastAction":0,"status":0},{"playerId":239305,"score":1542,"energy":32,"posx":16,"posy":1,"lastAction":0,"status":0}],"golds":[{"posx":7,"posy":1,"amount":100},{"posx":0,"posy":3,"amount":50}],"changedObstacles":[]},{"players":[{"playerId":2663641,"score":1175,"energy":10,"posx":13,"posy":3,"lastAction":0,"status":0},{"playerId":2451990,"score":1867,"energy":29,"posx":15,"posy":3,"lastAction":4,"status":0},{"playerId":61319,"score":1817,"energy":26,"posx":15,"posy":3,"lastAction":0,"status":0},{"playerId":239305,"score":1542,"energy":31,"posx":15,"posy":1,"lastAction":0,"status":0}],"golds":[{"posx":7,"posy":1,"amount":100},{"posx":0,"posy":3,"amount":50}],"changedObstacles":[]},{"players":[{"playerId":2663641,"score":1175,"energy":9,"posx":12,"posy":3,"lastAction":0,"status":0},{"playerId":2451990,"score":1867,"energy":50,"posx":15,"posy":3,"lastAction":4,"status":0},{"playerId":61319,"score":1817,"energy":25,"posx":14,"posy":3,"lastAction":0,"status":0},{"playerId":239305,"score":1542,"energy":30,"posx":14,"posy":1,"lastAction":0,"status":0}],"golds":[{"posx":7,"posy":1,"amount":100},{"posx":0,"posy":3,"amount":50}],"changedObstacles":[]},{"players":[{"playerId":2663641,"score":1175,"energy":8,"posx":11,"posy":3,"lastAction":0,"status":0},{"playerId":2451990,"score":1867,"energy":49,"posx":14,"posy":3,"lastAction":0,"status":0},{"playerId":61319,"score":1817,"energy":24,"posx":13,"posy":3,"lastAction":0,"status":0},{"playerId":239305,"score":1542,"energy":29,"posx":13,"posy":1,"lastAction":0,"status":0}],"golds":[{"posx":7,"posy":1,"amount":100},{"posx":0,"posy":3,"amount":50}],"changedObstacles":[]},{"players":[{"playerId":2663641,"score":1175,"energy":7,"posx":10,"posy":3,"lastAction":0,"status":0},{"playerId":2451990,"score":1867,"energy":48,"posx":13,"posy":3,"lastAction":0,"status":0},{"playerId":61319,"score":1817,"energy":23,"posx":12,"posy":3,"lastAction":0,"status":0},{"playerId":239305,"score":1542,"energy":28,"posx":12,"posy":1,"lastAction":0,"status":0}],"golds":[{"posx":7,"posy":1,"amount":100},{"posx":0,"posy":3,"amount":50}],"changedObstacles":[]},{"players":[{"playerId":2663641,"score":1175,"energy":6,"posx":10,"posy":2,"lastAction":2,"status":0},{"playerId":2451990,"score":1867,"energy":47,"posx":12,"posy":3,"lastAction":0,"status":0},{"playerId":61319,"score":1817,"energy":22,"posx":11,"posy":3,"lastAction":0,"status":0},{"playerId":239305,"score":1542,"energy":27,"posx":11,"posy":1,"lastAction":0,"status":0}],"golds":[{"posx":7,"posy":1,"amount":100},{"posx":0,"posy":3,"amount":50}],"changedObstacles":[]},{"players":[{"playerId":2663641,"score":1175,"energy":5,"posx":9,"posy":2,"lastAction":0,"status":0},{"playerId":2451990,"score":1867,"energy":46,"posx":11,"posy":3,"lastAction":0,"status":0},{"playerId":61319,"score":1817,"energy":21,"posx":10,"posy":3,"lastAction":0,"status":0},{"playerId":239305,"score":1542,"energy":26,"posx":10,"posy":1,"lastAction":0,"status":0}],"golds":[{"posx":7,"posy":1,"amount":100},{"posx":0,"posy":3,"amount":50}],"changedObstacles":[]},{"players":[{"playerId":2663641,"score":1175,"energy":4,"posx":8,"posy":2,"lastAction":0,"status":0},{"playerId":2451990,"score":1867,"energy":45,"posx":10,"posy":3,"lastAction":0,"status":0},{"playerId":61319,"score":1817,"energy":20,"posx":10,"posy":2,"lastAction":2,"status":0},{"playerId":239305,"score":1542,"energy":25,"posx":9,"posy":1,"lastAction":0,"status":0}],"golds":[{"posx":7,"posy":1,"amount":100},{"posx":0,"posy":3,"amount":50}],"changedObstacles":[]},{"players":[{"playerId":2663641,"score":1175,"energy":3,"posx":8,"posy":1,"lastAction":2,"status":0},{"playerId":2451990,"score":1867,"energy":44,"posx":10,"posy":2,"lastAction":2,"status":0},{"playerId":61319,"score":1817,"energy":19,"posx":9,"posy":2,"lastAction":0,"status":0},{"playerId":239305,"score":1542,"energy":24,"posx":8,"posy":1,"lastAction":0,"status":0}],"golds":[{"posx":7,"posy":1,"amount":100},{"posx":0,"posy":3,"amount":50}],"changedObstacles":[]},{"players":[{"playerId":2663641,"score":1175,"energy":15,"posx":8,"posy":1,"lastAction":4,"status":0},{"playerId":2451990,"score":1867,"energy":43,"posx":9,"posy":2,"lastAction":0,"status":0},{"playerId":61319,"score":1817,"energy":18,"posx":8,"posy":2,"lastAction":0,"status":0},{"playerId":239305,"score":1542,"energy":20,"posx":7,"posy":1,"lastAction":0,"status":0}],"golds":[{"posx":7,"posy":1,"amount":100},{"posx":0,"posy":3,"amount":50}],"changedObstacles":[]},{"players":[{"playerId":2663641,"score":1175,"energy":11,"posx":7,"posy":1,"lastAction":0,"status":0},{"playerId":2451990,"score":1867,"energy":42,"posx":8,"posy":2,"lastAction":0,"status":0},{"playerId":61319,"score":1817,"energy":17,"posx":7,"posy":2,"lastAction":0,"status":0},{"playerId":239305,"score":1592,"energy":15,"posx":7,"posy":1,"lastAction":5,"status":0}],"golds":[{"posx":7,"posy":1,"amount":50},{"posx":0,"posy":3,"amount":50}],"changedObstacles":[]},{"players":[{"playerId":2663641,"score":1200,"energy":6,"posx":7,"posy":1,"lastAction":5,"status":0},{"playerId":2451990,"score":1867,"energy":41,"posx":7,"posy":2,"lastAction":0,"status":0},{"playerId":61319,"score":1817,"energy":16,"posx":6,"posy":2,"lastAction":0,"status":0},{"playerId":239305,"score":1617,"energy":10,"posx":7,"posy":1,"lastAction":5,"status":0}],"golds":[{"posx":0,"posy":3,"amount":50}],"changedObstacles":[{"type":0,"posx":7,"posy":1,"value":-1}]},{"players":[{"playerId":2663641,"score":1200,"energy":5,"posx":6,"posy":1,"lastAction":0,"status":0},{"playerId":2451990,"score":1867,"energy":40,"posx":6,"posy":2,"lastAction":0,"status":0},{"playerId":61319,"score":1817,"energy":15,"posx":5,"posy":2,"lastAction":0,"status":0},{"playerId":239305,"score":1617,"energy":22,"posx":7,"posy":1,"lastAction":4,"status":0}],"golds":[{"posx":0,"posy":3,"amount":50}],"changedObstacles":[]},{"players":[{"playerId":2663641,"score":1200,"energy":4,"posx":5,"posy":1,"lastAction":0,"status":0},{"playerId":2451990,"score":1867,"energy":39,"posx":5,"posy":2,"lastAction":0,"status":0},{"playerId":61319,"score":1817,"energy":14,"posx":4,"posy":2,"lastAction":0,"status":0},{"playerId":239305,"score":1617,"energy":38,"posx":7,"posy":1,"lastAction":4,"status":0}],"golds":[{"posx":0,"posy":3,"amount":50}],"changedObstacles":[]},{"players":[{"playerId":2663641,"score":1200,"energy":3,"posx":4,"posy":1,"lastAction":0,"status":0},{"playerId":2451990,"score":1867,"energy":38,"posx":4,"posy":2,"lastAction":0,"status":0},{"playerId":61319,"score":1817,"energy":13,"posx":3,"posy":2,"lastAction":0,"status":0},{"playerId":239305,"score":1617,"energy":37,"posx":6,"posy":1,"lastAction":0,"status":0}],"golds":[{"posx":0,"posy":3,"amount":50}],"changedObstacles":[]},{"players":[{"playerId":2663641,"score":1200,"energy":2,"posx":3,"posy":1,"lastAction":0,"status":0},{"playerId":2451990,"score":1867,"energy":37,"posx":3,"posy":2,"lastAction":0,"status":0},{"playerId":61319,"score":1817,"energy":12,"posx":2,"posy":2,"lastAction":0,"status":0},{"playerId":239305,"score":1617,"energy":36,"posx":5,"posy":1,"lastAction":0,"status":0}],"golds":[{"posx":0,"posy":3,"amount":50}],"changedObstacles":[]},{"players":[{"playerId":2663641,"score":1200,"energy":1,"posx":2,"posy":1,"lastAction":0,"status":0},{"playerId":2451990,"score":1867,"energy":36,"posx":2,"posy":2,"lastAction":0,"status":0},{"playerId":61319,"score":1817,"energy":11,"posx":1,"posy":2,"lastAction":0,"status":0},{"playerId":239305,"score":1617,"energy":35,"posx":4,"posy":1,"lastAction":0,"status":0}],"golds":[{"posx":0,"posy":3,"amount":50}],"changedObstacles":[]},{"players":[{"playerId":2663641,"score":1200,"energy":13,"posx":2,"posy":1,"lastAction":4,"status":0},{"playerId":2451990,"score":1867,"energy":35,"posx":1,"posy":2,"lastAction":0,"status":0},{"playerId":61319,"score":1817,"energy":10,"posx":0,"posy":2,"lastAction":0,"status":0},{"playerId":239305,"score":1617,"energy":34,"posx":3,"posy":1,"lastAction":0,"status":0}],"golds":[{"posx":0,"posy":3,"amount":50}],"changedObstacles":[]},{"players":[{"playerId":2663641,"score":1200,"energy":29,"posx":2,"posy":1,"lastAction":4,"status":0},{"playerId":2451990,"score":1867,"energy":34,"posx":0,"posy":2,"lastAction":0,"status":0},{"playerId":61319,"score":1817,"energy":6,"posx":0,"posy":3,"lastAction":3,"status":0},{"playerId":239305,"score":1617,"energy":33,"posx":2,"posy":1,"lastAction":0,"status":0}],"golds":[{"posx":0,"posy":3,"amount":50}],"changedObstacles":[]},{"players":[{"playerId":2663641,"score":1200,"energy":28,"posx":2,"posy":2,"lastAction":3,"status":0},{"playerId":2451990,"score":1867,"energy":30,"posx":0,"posy":3,"lastAction":3,"status":0},{"playerId":61319,"score":1867,"energy":1,"posx":0,"posy":3,"lastAction":5,"status":0},{"playerId":239305,"score":1617,"energy":32,"posx":1,"posy":1,"lastAction":0,"status":0}],"golds":[],"changedObstacles":[{"type":0,"posx":0,"posy":3,"value":-1}]}]