[{"players":[{"playerId":2349571,"score":0,"energy":49,"posx":2,"posy":7,"lastAction":2,"status":0},{"playerId":2663641,"score":0,"energy":49,"posx":3,"posy":8,"lastAction":1,"status":0},{"playerId":2451990,"score":0,"energy":49,"posx":3,"posy":8,"lastAction":1,"status":0},{"playerId":61319,"score":0,"energy":49,"posx":3,"posy":8,"lastAction":1,"status":0}],"golds":[{"posx":14,"posy":7,"amount":150},{"posx":2,"posy":2,"amount":350},{"posx":18,"posy":6,"amount":550},{"posx":11,"posy":8,"amount":450},{"posx":10,"posy":5,"amount":400},{"posx":15,"posy":3,"amount":400},{"posx":13,"posy":1,"amount":400},{"posx":16,"posy":7,"amount":450},{"posx":14,"posy":4,"amount":300},{"posx":7,"posy":1,"amount":100},{"posx":2,"posy":5,"amount":100},{"posx":9,"posy":0,"amount":400},{"posx":9,"posy":8,"amount":50},{"posx":0,"posy":3,"amount":50},{"posx":13,"posy":6,"amount":50},{"posx":18,"posy":3,"amount":450},{"posx":10,"posy":3,"amount":150},{"posx":16,"posy":4,"amount":350},{"posx":3,"posy":7,"amount":750},{"posx":11,"posy":3,"amount":650}],"changedObstacles":[]},{"players":[{"playerId":2349571,"score":0,"energy":45,"posx":3,"posy":7,"lastAction":1,"status":0},{"playerId":2663641,"score":0,"energy":44,"posx":4,"posy":8,"lastAction":1,"status":0},{"playerId":2451990,"score":0,"energy":45,"posx":3,"posy":7,"lastAction":2,"status":0},{"playerId":61319,"score":0,"energy":45,"posx":3,"posy":7,"lastAction":2,"status":0}],"golds":[{"posx":14,"posy":7,"amount":150},{"posx":2,"posy":2,"amount":350},{"posx":18,"posy":6,"amount":550},{"posx":11,"posy":8,"amount":450},{"posx":10,"posy":5,"amount":400},{"posx":15,"posy":3,"amount":400},{"posx":13,"posy":1,"amount":400},{"posx":16,"posy":7,"amount":450},{"posx":14,"posy":4,"amount":300},{"posx":7,"posy":1,"amount":100},{"posx":2,"posy":5,"amount":100},{"posx":9,"posy":0,"amount":400},{"posx":9,"posy":8,"amount":50},{"posx":0,"posy":3,"amount":50},{"posx":13,"posy":6,"amount":50},{"posx":18,"posy":3,"amount":450},{"posx":10,"posy":3,"amount":150},{"posx":16,"posy":4,"amount":350},{"posx":3,"posy":7,"amount":750},{"posx":11,"posy":3,"amount":650}],"changedObstacles":[{"type":3,"posx":4,"posy":8,"value":-20}]},{"players":[{"playerId":2349571,"score":50,"energy":40,"posx":3,"posy":7,"lastAction":5,"status":0},{"playerId":2663641,"score":0,"energy":43,"posx":5,"posy":8,"lastAction":1,"status":0},{"playerId":2451990,"score":50,"energy":40,"posx":3,"posy":7,"lastAction":5,"status":0},{"playerId":61319,"score":50,"energy":40,"posx":3,"posy":7,"lastAction":5,"status":0}],"golds":[{"posx":9,"posy":0,"amount":400},{"posx":7,"posy":1,"amount":100},{"posx":13,"posy":1,"amount":400},{"posx":2,"posy":2,"amount":350},{"posx":0,"posy":3,"amount":50},{"posx":10,"posy":3,"amount":150},{"posx":11,"posy":3,"amount":650},{"posx":15,"posy":3,"amount":400},{"posx":18,"posy":3,"amount":450},{"posx":14,"posy":4,"amount":300},{"posx":16,"posy":4,"amount":350},{"posx":2,"posy":5,"amount":100},{"posx":10,"posy":5,"amount":400},{"posx":13,"posy":6,"amount":50},{"posx":18,"posy":6,"amount":550},{"posx":3,"posy":7,"amount":600},{"posx":14,"posy":7,"amount":150},{"posx":16,"posy":7,"amount":450},{"posx":9,"posy":8,"amount":50},{"posx":11,"posy":8,"amount":450}],"changedObstacles":[]},{"players":[{"playerId":2349571,"score":50,"energy":39,"posx":3,"posy":6,"lastAction":2,"status":0},{"playerId":2663641,"score":0,"energy":42,"posx":6,"posy":8,"lastAction":1,"status":0},{"playerId":2451990,"score":100,"energy":35,"posx":3,"posy":7,"lastAction":5,"status":0},{"playerId":61319,"score":100,"energy":35,"posx":3,"posy":7,"lastAction":5,"status":0}],"golds":[{"posx":9,"posy":0,"amount":400},{"posx":7,"posy":1,"amount":100},{"posx":13,"posy":1,"amount":400},{"posx":2,"posy":2,"amount":350},{"posx":0,"posy":3,"amount":50},{"posx":10,"posy":3,"amount":150},{"posx":11,"posy":3,"amount":650},{"posx":15,"posy":3,"amount":400},{"posx":18,"posy":3,"amount":450},{"posx":14,"posy":4,"amount":300},{"posx":16,"posy":4,"amount":350},{"posx":2,"posy":5,"amount":100},{"posx":10,"posy":5,"amount":400},{"posx":13,"posy":6,"amount":50},{"posx":18,"posy":6,"amount":550},{"posx":3,"posy":7,"amount":500},{"posx":14,"posy":7,"amount":150},{"posx":16,"posy":7,"amount":450},{"posx":9,"posy":8,"amount":50},{"posx":11,"posy":8,"amount":450}],"changedObstacles":[]},{"players":[{"playerId":2349571,"score":50,"energy":38,"posx":3,"posy":5,"lastAction":2,"status":0},{"playerId":2663641,"score":0,"energy":41,"posx":6,"posy":7,"lastAction":2,"status":0},{"playerId":2451990,"score":150,"energy":30,"posx":3,"posy":7,"lastAction":5,"status":0},{"playerId":61319,"score":150,"energy":30,"posx":3,"posy":7,"lastAction":5,"status":0}],"golds":[{"posx":9,"posy":0,"amount":400},{"posx":7,"posy":1,"amount":100},{"posx":13,"posy":1,"amount":400},{"posx":2,"posy":2,"amount":350},{"posx":0,"posy":3,"amount":50},{"posx":10,"posy":3,"amount":150},{"posx":11,"posy":3,"amount":650},{"posx":15,"posy":3,"amount":400},{"posx":18,"posy":3,"amount":450},{"posx":14,"posy":4,"amount":300},{"posx":16,"posy":4,"amount":350},{"posx":2,"posy":5,"amount":100},{"posx":10,"posy":5,"amount":400},{"posx":13,"posy":6,"amount":50},{"posx":18,"posy":6,"amount":550},{"posx":3,"posy":7,"amount":400},{"posx":14,"posy":7,"amount":150},{"posx":16,"posy":7,"amount":450},{"posx":9,"posy":8,"amount":50},{"posx":11,"posy":8,"amount":450}],"changedObstacles":[]},{"players":[{"playerId":2349571,"score":50,"energy":37,"posx":3,"posy":4,"lastAction":2,"status":0},{"playerId":2663641,"score":0,"energy":40,"posx":7,"posy":7,"lastAction":1,"status":0},{"playerId":2451990,"score":200,"energy":25,"posx":3,"posy":7,"lastAction":5,"status":0},{"playerId":61319,"score":200,"energy":25,"posx":3,"posy":7,"lastAction":5,"status":0}],"golds":[{"posx":9,"posy":0,"amount":400},{"posx":7,"posy":1,"amount":100},{"posx":13,"posy":1,"amount":400},{"posx":2,"posy":2,"amount":350},{"posx":0,"posy":3,"amount":50},{"posx":10,"posy":3,"amount":150},{"posx":11,"posy":3,"amount":650},{"posx":15,"posy":3,"amount":400},{"posx":18,"posy":3,"amount":450},{"posx":14,"posy":4,"amount":300},{"posx":16,"posy":4,"amount":350},{"posx":2,"posy":5,"amount":100},{"posx":10,"posy":5,"amount":400},{"posx":13,"posy":6,"amount":50},{"posx":18,"posy":6,"amount":550},{"posx":3,"posy":7,"amount":300},{"posx":14,"posy":7,"amount":150},{"posx":16,"posy":7,"amount":450},{"posx":9,"posy":8,"amount":50},{"posx":11,"posy":8,"amount":450}],"changedObstacles":[]},{"players":[{"playerId":2349571,"score":50,"energy":36,"posx":3,"posy":3,"lastAction":2,"status":0},{"playerId":2663641,"score":0,"energy":39,"posx":7,"posy":6,"lastAction":2,"status":0},{"playerId":2451990,"score":250,"energy":20,"posx":3,"posy":7,"lastAction":5,"status":0},{"playerId":61319,"score":250,"energy":20,"posx":3,"posy":7,"lastAction":5,"status":0}],"golds":[{"posx":9,"posy":0,"amount":400},{"posx":7,"posy":1,"amount":100},{"posx":13,"posy":1,"amount":400},{"posx":2,"posy":2,"amount":350},{"posx":0,"posy":3,"amount":50},{"posx":10,"posy":3,"amount":150},{"posx":11,"posy":3,"amount":650},{"posx":15,"posy":3,"amount":400},{"posx":18,"posy":3,"amount":450},{"posx":14,"posy":4,"amount":300},{"posx":16,"posy":4,"amount":350},{"posx":2,"posy":5,"amount":100},{"posx":10,"posy":5,"amount":400},{"posx":13,"posy":6,"amount":50},{"posx":18,"posy":6,"amount":550},{"posx":3,"posy":7,"amount":200},{"posx":14,"posy":7,"amount":150},{"posx":16,"posy":7,"amount":450},{"posx":9,"posy":8,"amount":50},{"posx":11,"posy":8,"amount":450}],"changedObstacles":[]},{"players":[{"playerId":2349571,"score":50,"energy":35,"posx":4,"posy":3,"lastAction":1,"status":0},{"playerId":2663641,"score":0,"energy":38,"posx":8,"posy":6,"lastAction":1,"status":0},{"playerId":2451990,"score":300,"energy":15,"posx":3,"posy":7,"lastAction":5,"status":0},{"playerId":61319,"score":300,"energy":15,"posx":3,"posy":7,"lastAction":5,"status":0}],"golds":[{"posx":9,"posy":0,"amount":400},{"posx":7,"posy":1,"amount":100},{"posx":13,"posy":1,"amount":400},{"posx":2,"posy":2,"amount":350},{"posx":0,"posy":3,"amount":50},{"posx":10,"posy":3,"amount":150},{"posx":11,"posy":3,"amount":650},{"posx":15,"posy":3,"amount":400},{"posx":18,"posy":3,"amount":450},{"posx":14,"posy":4,"amount":300},{"posx":16,"posy":4,"amount":350},{"posx":2,"posy":5,"amount":100},{"posx":10,"posy":5,"amount":400},{"posx":13,"posy":6,"amount":50},{"posx":18,"posy":6,"amount":550},{"posx":3,"posy":7,"amount":100},{"posx":14,"posy":7,"amount":150},{"posx":16,"posy":7,"amount":450},{"posx":9,"posy":8,"amount":50},{"posx":11,"posy":8,"amount":450}],"changedObstacles":[]},{"players":[{"playerId":2349571,"score":50,"energy":34,"posx":5,"posy":3,"lastAction":1,"status":0},{"playerId":2663641,"score":0,"energy":37,"posx":8,"posy":5,"lastAction":2,"status":0},{"playerId":2451990,"score":300,"energy":14,"posx":4,"posy":7,"lastAction":1,"status":0},{"playerId":61319,"score":350,"energy":10,"posx":3,"posy":7,"lastAction":5,"status":0}],"golds":[{"posx":9,"posy":0,"amount":400},{"posx":7,"posy":1,"amount":100},{"posx":13,"posy":1,"amount":400},{"posx":2,"posy":2,"amount":350},{"posx":0,"posy":3,"amount":50},{"posx":10,"posy":3,"amount":150},{"posx":11,"posy":3,"amount":650},{"posx":15,"posy":3,"amount":400},{"posx":18,"posy":3,"amount":450},{"posx":14,"posy":4,"amount":300},{"posx":16,"posy":4,"amount":350},{"posx":2,"posy":5,"amount":100},{"posx":10,"posy":5,"amount":400},{"posx":13,"posy":6,"amount":50},{"posx":18,"posy":6,"amount":550},{"posx":3,"posy":7,"amount":50},{"posx":14,"posy":7,"amount":150},{"posx":16,"posy":7,"amount":450},{"posx":9,"posy":8,"amount":50},{"posx":11,"posy":8,"amount":450}],"changedObstacles":[]},{"players":[{"playerId":2349571,"score":50,"energy":33,"posx":6,"posy":3,"lastAction":1,"status":0},{"playerId":2663641,"score":0,"energy":36,"posx":9,"posy":5,"lastAction":1,"status":0},{"playerId":2451990,"score":300,"energy":13,"posx":5,"posy":7,"lastAction":1,"status":0},{"playerId":61319,"score":400,"energy":5,"posx":3,"posy":7,"lastAction":5,"status":0}],"golds":[{"posx":9,"posy":0,"amount":400},{"posx":7,"posy":1,"amount":100},{"posx":13,"posy":1,"amount":400},{"posx":2,"posy":2,"amount":350},{"posx":0,"posy":3,"amount":50},{"posx":10,"posy":3,"amount":150},{"posx":11,"posy":3,"amount":650},{"posx":15,"posy":3,"amount":400},{"posx":18,"posy":3,"amount":450},{"posx":14,"posy":4,"amount":300},{"posx":16,"posy":4,"amount":350},{"posx":2,"posy":5,"amount":100},{"posx":10,"posy":5,"amount":400},{"posx":13,"posy":6,"amount":50},{"posx":18,"posy":6,"amount":550},{"posx":14,"posy":7,"amount":150},{"posx":16,"posy":7,"amount":450},{"posx":9,"posy":8,"amount":50},{"posx":11,"posy":8,"amount":450}],"changedObstacles":[{"type":0,"posx":3,"posy":7,"value":-1}]},{"players":[{"playerId":2349571,"score":50,"energy":32,"posx":7,"posy":3,"lastAction":1,"status":0},{"playerId":2663641,"score":0,"energy":35,"posx":9,"posy":4,"lastAction":2,"status":0},{"playerId":2451990,"score":300,"energy":12,"posx":6,"posy":7,"lastAction":1,"status":0},{"playerId":61319,"score":400,"energy":4,"posx":4,"posy":7,"lastAction":1,"status":0}],"golds":[{"posx":9,"posy":0,"amount":400},{"posx":7,"posy":1,"amount":100},{"posx":13,"posy":1,"amount":400},{"posx":2,"posy":2,"amount":350},{"posx":0,"posy":3,"amount":50},{"posx":10,"posy":3,"amount":150},{"posx":11,"posy":3,"amount":650},{"posx":15,"posy":3,"amount":400},{"posx":18,"posy":3,"amount":450},{"posx":14,"posy":4,"amount":300},{"posx":16,"posy":4,"amount":350},{"posx":2,"posy":5,"amount":100},{"posx":10,"posy":5,"amount":400},{"posx":13,"posy":6,"amount":50},{"posx":18,"posy":6,"amount":550},{"posx":14,"posy":7,"amount":150},{"posx":16,"posy":7,"amount":450},{"posx":9,"posy":8,"amount":50},{"posx":11,"posy":8,"amount":450}],"changedObstacles":[]},{"players":[{"playerId":2349571,"score":50,"energy":31,"posx":8,"posy":3,"lastAction":1,"status":0},{"playerId":2663641,"score":0,"energy":34,"posx":10,"posy":4,"lastAction":1,"status":0},{"playerId":2451990,"score":300,"energy":11,"posx":7,"posy":7,"lastAction":1,"status":0},{"playerId":61319,"score":400,"energy":3,"posx":5,"posy":7,"lastAction":1,"status":0}],"golds":[{"posx":9,"posy":0,"amount":400},{"posx":7,"posy":1,"amount":100},{"posx":13,"posy":1,"amount":400},{"posx":2,"posy":2,"amount":350},{"posx":0,"posy":3,"amount":50},{"posx":10,"posy":3,"amount":150},{"posx":11,"posy":3,"amount":650},{"posx":15,"posy":3,"amount":400},{"posx":18,"posy":3,"amount":450},{"posx":14,"posy":4,"amount":300},{"posx":16,"posy":4,"amount":350},{"posx":2,"posy":5,"amount":100},{"posx":10,"posy":5,"amount":400},{"posx":13,"posy":6,"amount":50},{"posx":18,"posy":6,"amount":550},{"posx":14,"posy":7,"amount":150},{"posx":16,"posy":7,"amount":450},{"posx":9,"posy":8,"amount":50},{"posx":11,"posy":8,"amount":450}],"changedObstacles":[]},{"players":[{"playerId":2349571,"score":50,"energy":25,"posx":9,"posy":3,"lastAction":1,"status":0},{"playerId":2663641,"score":0,"energy":33,"posx":11,"posy":4,"lastAction":1,"status":0},{"playerId":2451990,"score":300,"energy":10,"posx":8,"posy":7,"lastAction":1,"status":0},{"playerId":61319,"score":400,"energy":2,"posx":6,"posy":7,"lastAction":1,"status":0}],"golds":[{"posx":9,"posy":0,"amount":400},{"posx":7,"posy":1,"amount":100},{"posx":13,"posy":1,"amount":400},{"posx":2,"posy":2,"amount":350},{"posx":0,"posy":3,"amount":50},{"posx":10,"posy":3,"amount":150},{"posx":11,"posy":3,"amount":650},{"posx":15,"posy":3,"amount":400},{"posx":18,"posy":3,"amount":450},{"posx":14,"posy":4,"amount":300},{"posx":16,"posy":4,"amount":350},{"posx":2,"posy":5,"amount":100},{"posx":10,"posy":5,"amount":400},{"posx":13,"posy":6,"amount":50},{"posx":18,"posy":6,"amount":550},{"posx":14,"posy":7,"amount":150},{"posx":16,"posy":7,"amount":450},{"posx":9,"posy":8,"amount":50},{"posx":11,"posy":8,"amount":450}],"changedObstacles":[]},{"players":[{"playerId":2349571,"score":50,"energy":21,"posx":10,"posy":3,"lastAction":1,"status":0},{"playerId":2663641,"score":0,"energy":29,"posx":11,"posy":3,"lastAction":2,"status":0},{"playerId":2451990,"score":300,"energy":9,"posx":9,"posy":7,"lastAction":1,"status":0},{"playerId":61319,"score":400,"energy":1,"posx":7,"posy":7,"lastAction":1,"status":0}],"golds":[{"posx":9,"posy":0,"amount":400},{"posx":7,"posy":1,"amount":100},{"posx":13,"posy":1,"amount":400},{"posx":2,"posy":2,"amount":350},{"posx":0,"posy":3,"amount":50},{"posx":10,"posy":3,"amount":150},{"posx":11,"posy":3,"amount":650},{"posx":15,"posy":3,"amount":400},{"posx":18,"posy":3,"amount":450},{"posx":14,"posy":4,"amount":300},{"posx":16,"posy":4,"amount":350},{"posx":2,"posy":5,"amount":100},{"posx":10,"posy":5,"amount":400},{"posx":13,"posy":6,"amount":50},{"posx":18,"posy":6,"amount":550},{"posx":14,"posy":7,"amount":150},{"posx":16,"posy":7,"amount":450},{"posx":9,"posy":8,"amount":50},{"posx":11,"posy":8,"amount":450}],"changedObstacles":[]},{"players":[{"playerId":2349571,"score":100,"energy":16,"posx":10,"posy":3,"lastAction":5,"status":0},{"playerId":2663641,"score":50,"energy":24,"posx":11,"posy":3,"lastAction":5,"status":0},{"playerId":2451990,"score":300,"energy":8,"posx":10,"posy":7,"lastAction":1,"status":0},{"playerId":61319,"score":400,"energy":13,"posx":7,"posy":7,"lastAction":4,"status":0}],"golds":[{"posx":9,"posy":0,"amount":400},{"posx":7,"posy":1,"amount":100},{"posx":13,"posy":1,"amount":400},{"posx":2,"posy":2,"amount":350},{"posx":0,"posy":3,"amount":50},{"posx":10,"posy":3,"amount":100},{"posx":11,"posy":3,"amount":600},{"posx":15,"posy":3,"amount":400},{"posx":18,"posy":3,"amount":450},{"posx":14,"posy":4,"amount":300},{"posx":16,"posy":4,"amount":350},{"posx":2,"posy":5,"amount":100},{"posx":10,"posy":5,"amount":400},{"posx":13,"posy":6,"amount":50},{"posx":18,"posy":6,"amount":550},{"posx":14,"posy":7,"amount":150},{"posx":16,"posy":7,"amount":450},{"posx":9,"posy":8,"amount":50},{"posx":11,"posy":8,"amount":450}],"changedObstacles":[]},{"players":[{"playerId":2349571,"score":100,"energy":28,"posx":10,"posy":3,"lastAction":4,"status":0},{"playerId":2663641,"score":100,"energy":19,"posx":11,"posy":3,"lastAction":5,"status":0},{"playerId":2451990,"score":300,"energy":7,"posx":10,"posy":6,"lastAction":2,"status":0},{"playerId":61319,"score":400,"energy":29,"posx":7,"posy":7,"lastAction":4,"status":0}],"golds":[{"posx":9,"posy":0,"amount":400},{"posx":7,"posy":1,"amount":100},{"posx":13,"posy":1,"amount":400},{"posx":2,"posy":2,"amount":350},{"posx":0,"posy":3,"amount":50},{"posx":10,"posy":3,"amount":100},{"posx":11,"posy":3,"amount":550},{"posx":15,"posy":3,"amount":400},{"posx":18,"posy":3,"amount":450},{"posx":14,"posy":4,"amount":300},{"posx":16,"posy":4,"amount":350},{"posx":2,"posy":5,"amount":100},{"posx":10,"posy":5,"amount":400},{"posx":13,"posy":6,"amount":50},{"posx":18,"posy":6,"amount":550},{"posx":14,"posy":7,"amount":150},{"posx":16,"posy":7,"amount":450},{"posx":9,"posy":8,"amount":50},{"posx":11,"posy":8,"amount":450}],"changedObstacles":[]},{"players":[{"playerId":2349571,"score":150,"energy":23,"posx":10,"posy":3,"lastAction":5,"status":0},{"playerId":2663641,"score":150,"energy":14,"posx":11,"posy":3,"lastAction":5,"status":0},{"playerId":2451990,"score":300,"energy":3,"posx":10,"posy":5,"lastAction":2,"status":0},{"playerId":61319,"score":400,"energy":28,"posx":8,"posy":7,"lastAction":1,"status":0}],"golds":[{"posx":9,"posy":0,"amount":400},{"posx":7,"posy":1,"amount":100},{"posx":13,"posy":1,"amount":400},{"posx":2,"posy":2,"amount":350},{"posx":0,"posy":3,"amount":50},{"posx":10,"posy":3,"amount":50},{"posx":11,"posy":3,"amount":500},{"posx":15,"posy":3,"amount":400},{"posx":18,"posy":3,"amount":450},{"posx":14,"posy":4,"amount":300},{"posx":16,"posy":4,"amount":350},{"posx":2,"posy":5,"amount":100},{"posx":10,"posy":5,"amount":400},{"posx":13,"posy":6,"amount":50},{"posx":18,"posy":6,"amount":550},{"posx":14,"posy":7,"amount":150},{"posx":16,"posy":7,"amount":450},{"posx":9,"posy":8,"amount":50},{"posx":11,"posy":8,"amount":450}],"changedObstacles":[]},{"players":[{"playerId":2349571,"score":200,"energy":18,"posx":10,"posy":3,"lastAction":5,"status":0},{"playerId":2663641,"score":200,"energy":9,"posx":11,"posy":3,"lastAction":5,"status":0},{"playerId":2451990,"score":300,"energy":15,"posx":10,"posy":5,"lastAction":4,"status":0},{"playerId":61319,"score":400,"energy":27,"posx":9,"posy":7,"lastAction":1,"status":0}],"golds":[{"posx":9,"posy":0,"amount":400},{"posx":7,"posy":1,"amount":100},{"posx":13,"posy":1,"amount":400},{"posx":2,"posy":2,"amount":350},{"posx":0,"posy":3,"amount":50},{"posx":11,"posy":3,"amount":450},{"posx":15,"posy":3,"amount":400},{"posx":18,"posy":3,"amount":450},{"posx":14,"posy":4,"amount":300},{"posx":16,"posy":4,"amount":350},{"posx":2,"posy":5,"amount":100},{"posx":10,"posy":5,"amount":400},{"posx":13,"posy":6,"amount":50},{"posx":18,"posy":6,"amount":550},{"posx":14,"posy":7,"amount":150},{"posx":16,"posy":7,"amount":450},{"posx":9,"posy":8,"amount":50},{"posx":11,"posy":8,"amount":450}],"changedObstacles":[{"type":0,"posx":10,"posy":3,"value":-1}]},{"players":[{"playerId":2349571,"score":200,"energy":30,"posx":10,"posy":3,"lastAction":4,"status":0},{"playerId":2663641,"score":250,"energy":4,"posx":11,"posy":3,"lastAction":5,"status":0},{"playerId":2451990,"score":300,"energy":31,"posx":10,"posy":5,"lastAction":4,"status":0},{"playerId":61319,"score":400,"energy":26,"posx":10,"posy":7,"lastAction":1,"status":0}],"golds":[{"posx":9,"posy":0,"amount":400},{"posx":7,"posy":1,"amount":100},{"posx":13,"posy":1,"amount":400},{"posx":2,"posy":2,"amount":350},{"posx":0,"posy":3,"amount":50},{"posx":11,"posy":3,"amount":400},{"posx":15,"posy":3,"amount":400},{"posx":18,"posy":3,"amount":450},{"posx":14,"posy":4,"amount":300},{"posx":16,"posy":4,"amount":350},{"posx":2,"posy":5,"amount":100},{"posx":10,"posy":5,"amount":400},{"posx":13,"posy":6,"amount":50},{"posx":18,"posy":6,"amount":550},{"posx":14,"posy":7,"amount":150},{"posx":16,"posy":7,"amount":450},{"posx":9,"posy":8,"amount":50},{"posx":11,"posy":8,"amount":450}],"changedObstacles":[]},{"players":[{"playerId":2349571,"score":200,"energy":26,"posx":11,"posy":3,"lastAction":1,"status":0},{"playerId":2663641,"score":250,"energy":16,"posx":11,"posy":3,"lastAction":4,"status":0},{"playerId":2451990,"score":300,"energy":50,"posx":10,"posy":5,"lastAction":4,"status":0},{"playerId":61319,"score":400,"energy":25,"posx":11,"posy":7,"lastAction":1,"status":0}],"golds":[{"posx":9,"posy":0,"amount":400},{"posx":7,"posy":1,"amount":100},{"posx":13,"posy":1,"amount":400},{"posx":2,"posy":2,"amount":350},{"posx":0,"posy":3,"amount":50},{"posx":11,"posy":3,"amount":400},{"posx":15,"posy":3,"amount":400},{"posx":18,"posy":3,"amount":450},{"posx":14,"posy":4,"amount":300},{"posx":16,"posy":4,"amount":350},{"posx":2,"posy":5,"amount":100},{"posx":10,"posy":5,"amount":400},{"posx":13,"posy":6,"amount":50},{"posx":18,"posy":6,"amount":550},{"posx":14,"posy":7,"amount":150},{"posx":16,"posy":7,"amount":450},{"posx":9,"posy":8,"amount":50},{"posx":11,"posy":8,"amount":450}],"changedObstacles":[]},{"players":[{"playerId":2349571,"score":250,"energy":21,"posx":11,"posy":3,"lastAction":5,"status":0},{"playerId":2663641,"score":300,"energy":11,"posx":11,"posy":3,"lastAction":5,"status":0},{"playerId":2451990,"score":350,"energy":45,"posx":10,"posy":5,"lastAction":5,"status":0},{"playerId":61319,"score":400,"energy":21,"posx":11,"posy":8,"lastAction":3,"status":0}],"golds":[{"posx":9,"posy":0,"amount":400},{"posx":7,"posy":1,"amount":100},{"posx":13,"posy":1,"amount":400},{"posx":2,"posy":2,"amount":350},{"posx":0,"posy":3,"amount":50},{"posx":11,"posy":3,"amount":300},{"posx":15,"posy":3,"amount":400},{"posx":18,"posy":3,"amount":450},{"posx":14,"posy":4,"amount":300},{"posx":16,"posy":4,"amount":350},{"posx":2,"posy":5,"amount":100},{"posx":10,"posy":5,"amount":350},{"posx":13,"posy":6,"amount":50},{"posx":18,"posy":6,"amount":550},{"posx":14,"posy":7,"amount":150},{"posx":16,"posy":7,"amount":450},{"posx":9,"posy":8,"amount":50},{"posx":11,"posy":8,"amount":450}],"changedObstacles":[]},{"players":[{"playerId":2349571,"score":300,"energy":16,"posx":11,"posy":3,"lastAction":5,"status":0},{"playerId":2663641,"score":350,"energy":6,"posx":11,"posy":3,"lastAction":5,"status":0},{"playerId":2451990,"score":400,"energy":40,"posx":10,"posy":5,"lastAction":5,"status":0},{"playerId":61319,"score":450,"energy":16,"posx":11,"posy":8,"lastAction":5,"status":0}],"golds":[{"posx":9,"posy":0,"amount":400},{"posx":7,"posy":1,"amount":100},{"posx":13,"posy":1,"amount":400},{"posx":2,"posy":2,"amount":350},{"posx":0,"posy":3,"amount":50},{"posx":11,"posy":3,"amount":200},{"posx":15,"posy":3,"amount":400},{"posx":18,"posy":3,"amount":450},{"posx":14,"posy":4,"amount":300},{"posx":16,"posy":4,"amount":350},{"posx":2,"posy":5,"amount":100},{"posx":10,"posy":5,"amount":300},{"posx":13,"posy":6,"amount":50},{"posx":18,"posy":6,"amount":550},{"posx":14,"posy":7,"amount":150},{"posx":16,"posy":7,"amount":450},{"posx":9,"posy":8,"amount":50},{"posx":11,"posy":8,"amount":400}],"changedObstacles":[]},{"players":[{"playerId":2349571,"score":300,"energy":28,"posx":11,"posy":3,"lastAction":4,"status":0},{"playerId":2663641,"score":400,"energy":1,"posx":11,"posy":3,"lastAction":5,"status":0},{"playerId":2451990,"score":450,"energy":35,"posx":10,"posy":5,"lastAction":5,"status":0},{"playerId":61319,"score":500,"energy":11,"posx":11,"posy":8,"lastAction":5,"status":0}],"golds":[{"posx":9,"posy":0,"amount":400},{"posx":7,"posy":1,"amount":100},{"posx":13,"posy":1,"amount":400},{"posx":2,"posy":2,"amount":350},{"posx":0,"posy":3,"amount":50},{"posx":11,"posy":3,"amount":150},{"posx":15,"posy":3,"amount":400},{"posx":18,"posy":3,"amount":450},{"posx":14,"posy":4,"amount":300},{"posx":16,"posy":4,"amount":350},{"posx":2,"posy":5,"amount":100},{"posx":10,"posy":5,"amount":250},{"posx":13,"posy":6,"amount":50},{"posx":18,"posy":6,"amount":550},{"posx":14,"posy":7,"amount":150},{"posx":16,"posy":7,"amount":450},{"posx":9,"posy":8,"amount":50},{"posx":11,"posy":8,"amount":350}],"changedObstacles":[]},{"players":[{"playerId":2349571,"score":350,"energy":23,"posx":11,"posy":3,"lastAction":5,"status":0},{"playerId":2663641,"score":400,"energy":13,"posx":11,"posy":3,"lastAction":4,"status":0},{"playerId":2451990,"score":500,"energy":30,"posx":10,"posy":5,"lastAction":5,"status":0},{"playerId":61319,"score":550,"energy":6,"posx":11,"posy":8,"lastAction":5,"status":0}],"golds":[{"posx":9,"posy":0,"amount":400},{"posx":7,"posy":1,"amount":100},{"posx":13,"posy":1,"amount":400},{"posx":2,"posy":2,"amount":350},{"posx":0,"posy":3,"amount":50},{"posx":11,"posy":3,"amount":100},{"posx":15,"posy":3,"amount":400},{"posx":18,"posy":3,"amount":450},{"posx":14,"posy":4,"amount":300},{"posx":16,"posy":4,"amount":350},{"posx":2,"posy":5,"amount":100},{"posx":10,"posy":5,"amount":200},{"posx":13,"posy":6,"amount":50},{"posx":18,"posy":6,"amount":550},{"posx":14,"posy":7,"amount":150},{"posx":16,"posy":7,"amount":450},{"posx":9,"posy":8,"amount":50},{"posx":11,"posy":8,"amount":300}],"changedObstacles":[]},{"players":[{"playerId":2349571,"score":400,"energy":18,"posx":11,"posy":3,"lastAction":5,"status":0},{"playerId":2663641,"score":450,"energy":8,"posx":11,"posy":3,"lastAction":5,"status":0},{"playerId":2451990,"score":550,"energy":25,"posx":10,"posy":5,"lastAction":5,"status":0},{"playerId":61319,"score":600,"energy":1,"posx":11,"posy":8,"lastAction":5,"status":0}],"golds":[{"posx":9,"posy":0,"amount":400},{"posx":7,"posy":1,"amount":100},{"posx":13,"posy":1,"amount":400},{"posx":2,"posy":2,"amount":350},{"posx":0,"posy":3,"amount":50},{"posx":15,"posy":3,"amount":400},{"posx":18,"posy":3,"amount":450},{"posx":14,"posy":4,"amount":300},{"posx":16,"posy":4,"amount":350},{"posx":2,"posy":5,"amount":100},{"posx":10,"posy":5,"amount":150},{"posx":13,"posy":6,"amount":50},{"posx":18,"posy":6,"amount":550},{"posx":14,"posy":7,"amount":150},{"posx":16,"posy":7,"amount":450},{"posx":9,"posy":8,"amount":50},{"posx":11,"posy":8,"amount":250}],"changedObstacles":[{"type":0,"posx":11,"posy":3,"value":-1}]},{"players":[{"playerId":2349571,"score":400,"energy":30,"posx":11,"posy":3,"lastAction":4,"status":0},{"playerId":2663641,"score":450,"energy":7,"posx":10,"posy":3,"lastAction":0,"status":0},{"playerId":2451990,"score":600,"energy":20,"posx":10,"posy":5,"lastAction":5,"status":0},{"playerId":61319,"score":600,"energy":13,"posx":11,"posy":8,"lastAction":4,"status":0}],"golds":[{"posx":9,"posy":0,"amount":400},{"posx":7,"posy":1,"amount":100},{"posx":13,"posy":1,"amount":400},{"posx":2,"posy":2,"amount":350},{"posx":0,"posy":3,"amount":50},{"posx":15,"posy":3,"amount":400},{"posx":18,"posy":3,"amount":450},{"posx":14,"posy":4,"amount":300},{"posx":16,"posy":4,"amount":350},{"posx":2,"posy":5,"amount":100},{"posx":10,"posy":5,"amount":100},{"posx":13,"posy":6,"amount":50},{"posx":18,"posy":6,"amount":550},{"posx":14,"posy":7,"amount":150},{"posx":16,"posy":7,"amount":450},{"posx":9,"posy":8,"amount":50},{"posx":11,"posy":8,"amount":250}],"changedObstacles":[]},{"players":[{"playerId":2349571,"score":400,"energy":29,"posx":11,"posy":4,"lastAction":3,"status":0},{"playerId":2663641,"score":450,"energy":19,"posx":10,"posy":3,"lastAction":4,"status":0},{"playerId":2451990,"score":650,"energy":15,"posx":10,"posy":5,"lastAction":5,"status":0},{"playerId":61319,"score":600,"energy":29,"posx":11,"posy":8,"lastAction":4,"status":0}],"golds":[{"posx":9,"posy":0,"amount":400},{"posx":7,"posy":1,"amount":100},{"posx":13,"posy":1,"amount":400},{"posx":2,"posy":2,"amount":350},{"posx":0,"posy":3,"amount":50},{"posx":15,"posy":3,"amount":400},{"posx":18,"posy":3,"amount":450},{"posx":14,"posy":4,"amount":300},{"posx":16,"posy":4,"amount":350},{"posx":2,"posy":5,"amount":100},{"posx":10,"posy":5,"amount":50},{"posx":13,"posy":6,"amount":50},{"posx":18,"posy":6,"amount":550},{"posx":14,"posy":7,"amount":150},{"posx":16,"posy":7,"amount":450},{"posx":9,"posy":8,"amount":50},{"posx":11,"posy":8,"amount":250}],"changedObstacles":[]},{"players":[{"playerId":2349571,"score":400,"energy":19,"posx":11,"posy":5,"lastAction":3,"status":0},{"playerId":2663641,"score":450,"energy":35,"posx":10,"posy":3,"lastAction":4,"status":0},{"playerId":2451990,"score":700,"energy":10,"posx":10,"posy":5,"lastAction":5,"status":0},{"playerId":61319,"score":650,"energy":24,"posx":11,"posy":8,"lastAction":5,"status":0}],"golds":[{"posx":9,"posy":0,"amount":400},{"posx":7,"posy":1,"amount":100},{"posx":13,"posy":1,"amount":400},{"posx":2,"posy":2,"amount":350},{"posx":0,"posy":3,"amount":50},{"posx":15,"posy":3,"amount":400},{"posx":18,"posy":3,"amount":450},{"posx":14,"posy":4,"amount":300},{"posx":16,"posy":4,"amount":350},{"posx":2,"posy":5,"amount":100},{"posx":13,"posy":6,"amount":50},{"posx":18,"posy":6,"amount":550},{"posx":14,"posy":7,"amount":150},{"posx":16,"posy":7,"amount":450},{"posx":9,"posy":8,"amount":50},{"posx":11,"posy":8,"amount":200}],"changedObstacles":[{"type":0,"posx":11,"posy":5,"value":-1},{"type":0,"posx":10,"posy":5,"value":-1}]},{"players":[{"playerId":2349571,"score":400,"energy":31,"posx":11,"posy":5,"lastAction":4,"status":0},{"playerId":2663641,"score":450,"energy":18,"posx":9,"posy":3,"lastAction":0,"status":0},{"playerId":2451990,"score":700,"energy":9,"posx":11,"posy":5,"lastAction":1,"status":0},{"playerId":61319,"score":700,"energy":19,"posx":11,"posy":8,"lastAction":5,"status":0}],"golds":[{"posx":9,"posy":0,"amount":400},{"posx":7,"posy":1,"amount":100},{"posx":13,"posy":1,"amount":400},{"posx":2,"posy":2,"amount":350},{"posx":0,"posy":3,"amount":50},{"posx":15,"posy":3,"amount":400},{"posx":18,"posy":3,"amount":450},{"posx":14,"posy":4,"amount":300},{"posx":16,"posy":4,"amount":350},{"posx":2,"posy":5,"amount":100},{"posx":13,"posy":6,"amount":50},{"posx":18,"posy":6,"amount":550},{"posx":14,"posy":7,"amount":150},{"posx":16,"posy":7,"amount":450},{"posx":9,"posy":8,"amount":50},{"posx":11,"posy":8,"amount":150}],"changedObstacles":[]},{"players":[{"playerId":2349571,"score":400,"energy":30,"posx":11,"posy":6,"lastAction":3,"status":0},{"playerId":2663641,"score":450,"energy":17,"posx":8,"posy":3,"lastAction":0,"status":0},{"playerId":2451990,"score":700,"energy":8,"posx":12,"posy":5,"lastAction":1,"status":0},{"playerId":61319,"score":750,"energy":14,"posx":11,"posy":8,"lastAction":5,"status":0}],"golds":[{"posx":9,"posy":0,"amount":400},{"posx":7,"posy":1,"amount":100},{"posx":13,"posy":1,"amount":400},{"posx":2,"posy":2,"amount":350},{"posx":0,"posy":3,"amount":50},{"posx":15,"posy":3,"amount":400},{"posx":18,"posy":3,"amount":450},{"posx":14,"posy":4,"amount":300},{"posx":16,"posy":4,"amount":350},{"posx":2,"posy":5,"amount":100},{"posx":13,"posy":6,"amount":50},{"posx":18,"posy":6,"amount":550},{"posx":14,"posy":7,"amount":150},{"posx":16,"posy":7,"amount":450},{"posx":9,"posy":8,"amount":50},{"posx":11,"posy":8,"amount":100}],"changedObstacles":[]},{"players":[{"playerId":2349571,"score":400,"energy":29,"posx":11,"posy":7,"lastAction":3,"status":0},{"playerId":2663641,"score":450,"energy":16,"posx":7,"posy":3,"lastAction":0,"status":0},{"playerId":2451990,"score":700,"energy":7,"posx":13,"posy":5,"lastAction":1,"status":0},{"playerId":61319,"score":800,"energy":9,"posx":11,"posy":8,"lastAction":5,"status":0}],"golds":[{"posx":9,"posy":0,"amount":400},{"posx":7,"posy":1,"amount":100},{"posx":13,"posy":1,"amount":400},{"posx":2,"posy":2,"amount":350},{"posx":0,"posy":3,"amount":50},{"posx":15,"posy":3,"amount":400},{"posx":18,"posy":3,"amount":450},{"posx":14,"posy":4,"amount":300},{"posx":16,"posy":4,"amount":350},{"posx":2,"posy":5,"amount":100},{"posx":13,"posy":6,"amount":50},{"posx":18,"posy":6,"amount":550},{"posx":14,"posy":7,"amount":150},{"posx":16,"posy":7,"amount":450},{"posx":9,"posy":8,"amount":50},{"posx":11,"posy":8,"amount":50}],"changedObstacles":[]},{"players":[{"playerId":2349571,"score":400,"energy":25,"posx":11,"posy":8,"lastAction":3,"status":0},{"playerId":2663641,"score":450,"energy":15,"posx":6,"posy":3,"lastAction":0,"status":0},{"playerId":2451990,"score":700,"energy":6,"posx":14,"posy":5,"lastAction":1,"status":0},{"playerId":61319,"score":850,"energy":4,"posx":11,"posy":8,"lastAction":5,"status":0}],"golds":[{"posx":9,"posy":0,"amount":400},{"posx":7,"posy":1,"amount":100},{"posx":13,"posy":1,"amount":400},{"posx":2,"posy":2,"amount":350},{"posx":0,"posy":3,"amount":50},{"posx":15,"posy":3,"amount":400},{"posx":18,"posy":3,"amount":450},{"posx":14,"posy":4,"amount":300},{"posx":16,"posy":4,"amount":350},{"posx":2,"posy":5,"amount":100},{"posx":13,"posy":6,"amount":50},{"posx":18,"posy":6,"amount":550},{"posx":14,"posy":7,"amount":150},{"posx":16,"posy":7,"amount":450},{"posx":9,"posy":8,"amount":50}],"changedObstacles":[{"type":0,"posx":11,"posy":8,"value":-1}]},{"players":[{"playerId":2349571,"score":400,"energy":15,"posx":10,"posy":8,"lastAction":0,"status":0},{"playerId":2663641,"score":450,"energy":14,"posx":5,"posy":3,"lastAction":0,"status":0},{"playerId":2451990,"score":700,"energy":2,"posx":14,"posy":4,"lastAction":2,"status":0},{"playerId":61319,"score":850,"energy":3,"posx":11,"posy":7,"lastAction":2,"status":0}],"golds":[{"posx":9,"posy":0,"amount":400},{"posx":7,"posy":1,"amount":100},{"posx":13,"posy":1,"amount":400},{"posx":2,"posy":2,"amount":350},{"posx":0,"posy":3,"amount":50},{"posx":15,"posy":3,"amount":400},{"posx":18,"posy":3,"amount":450},{"posx":14,"posy":4,"amount":300},{"posx":16,"posy":4,"amount":350},{"posx":2,"posy":5,"amount":100},{"posx":13,"posy":6,"amount":50},{"posx":18,"posy":6,"amount":550},{"posx":14,"posy":7,"amount":150},{"posx":16,"posy":7,"amount":450},{"posx":9,"posy":8,"amount":50}],"changedObstacles":[{"type":0,"posx":10,"posy":8,"value":-1}]},{"players":[{"playerId":2349571,"score":400,"energy":27,"posx":10,"posy":8,"lastAction":4,"status":0},{"playerId":2663641,"score":450,"energy":13,"posx":4,"posy":3,"lastAction":0,"status":0},{"playerId":2451990,"score":700,"energy":14,"posx":14,"posy":4,"lastAction":4,"status":0},{"playerId":61319,"score":850,"energy":2,"posx":12,"posy":7,"lastAction":1,"status":0}],"golds":[{"posx":9,"posy":0,"amount":400},{"posx":7,"posy":1,"amount":100},{"posx":13,"posy":1,"amount":400},{"posx":2,"posy":2,"amount":350},{"posx":0,"posy":3,"amount":50},{"posx":15,"posy":3,"amount":400},{"posx":18,"posy":3,"amount":450},{"posx":14,"posy":4,"amount":300},{"posx":16,"posy":4,"amount":350},{"posx":2,"posy":5,"amount":100},{"posx":13,"posy":6,"amount":50},{"posx":18,"posy":6,"amount":550},{"posx":14,"posy":7,"amount":150},{"posx":16,"posy":7,"amount":450},{"posx":9,"posy":8,"amount":50}],"changedObstacles":[]},{"players":[{"playerId":2349571,"score":400,"energy":23,"posx":9,"posy":8,"lastAction":0,"status":0},{"playerId":2663641,"score":450,"energy":12,"posx":3,"posy":3,"lastAction":0,"status":0},{"playerId":2451990,"score":700,"energy":30,"posx":14,"posy":4,"lastAction":4,"status":0},{"playerId":61319,"score":850,"energy":1,"posx":13,"posy":7,"lastAction":1,"status":0}],"golds":[{"posx":9,"posy":0,"amount":400},{"posx":7,"posy":1,"amount":100},{"posx":13,"posy":1,"amount":400},{"posx":2,"posy":2,"amount":350},{"posx":0,"posy":3,"amount":50},{"posx":15,"posy":3,"amount":400},{"posx":18,"posy":3,"amount":450},{"posx":14,"posy":4,"amount":300},{"posx":16,"posy":4,"amount":350},{"posx":2,"posy":5,"amount":100},{"posx":13,"posy":6,"amount":50},{"posx":18,"posy":6,"amount":550},{"posx":14,"posy":7,"amount":150},{"posx":16,"posy":7,"amount":450},{"posx":9,"posy":8,"amount":50}],"changedObstacles":[]},{"players":[{"playerId":2349571,"score":450,"energy":18,"posx":9,"posy":8,"lastAction":5,"status":0},{"playerId":2663641,"score":450,"energy":11,"posx":2,"posy":3,"lastAction":0,"status":0},{"playerId":2451990,"score":700,"energy":50,"posx":14,"posy":4,"lastAction":4,"status":0},{"playerId":61319,"score":850,"energy":13,"posx":13,"posy":7,"lastAction":4,"status":0}],"golds":[{"posx":9,"posy":0,"amount":400},{"posx":7,"posy":1,"amount":100},{"posx":13,"posy":1,"amount":400},{"posx":2,"posy":2,"amount":350},{"posx":0,"posy":3,"amount":50},{"posx":15,"posy":3,"amount":400},{"posx":18,"posy":3,"amount":450},{"posx":14,"posy":4,"amount":300},{"posx":16,"posy":4,"amount":350},{"posx":2,"posy":5,"amount":100},{"posx":13,"posy":6,"amount":50},{"posx":18,"posy":6,"amount":550},{"posx":14,"posy":7,"amount":150},{"posx":16,"posy":7,"amount":450}],"changedObstacles":[{"type":0,"posx":9,"posy":8,"value":-1}]},{"players":[{"playerId":2349571,"score":450,"energy":30,"posx":9,"posy":8,"lastAction":4,"status":0},{"playerId":2663641,"score":450,"energy":10,"posx":1,"posy":3,"lastAction":0,"status":0},{"playerId":2451990,"score":750,"energy":45,"posx":14,"posy":4,"lastAction":5,"status":0},{"playerId":61319,"score":850,"energy":9,"posx":14,"posy":7,"lastAction":1,"status":0}],"golds":[{"posx":9,"posy":0,"amount":400},{"posx":7,"posy":1,"amount":100},{"posx":13,"posy":1,"amount":400},{"posx":2,"posy":2,"amount":350},{"posx":0,"posy":3,"amount":50},{"posx":15,"posy":3,"amount":400},{"posx":18,"posy":3,"amount":450},{"posx":14,"posy":4,"amount":250},{"posx":16,"posy":4,"amount":350},{"posx":2,"posy":5,"amount":100},{"posx":13,"posy":6,"amount":50},{"posx":18,"posy":6,"amount":550},{"posx":14,"posy":7,"amount":150},{"posx":16,"posy":7,"amount":450}],"changedObstacles":[]},{"players":[{"playerId":2349571,"score":450,"energy":29,"posx":9,"posy":7,"lastAction":2,"status":0},{"playerId":2663641,"score":450,"energy":6,"posx":0,"posy":3,"lastAction":0,"status":0},{"playerId":2451990,"score":800,"energy":40,"posx":14,"posy":4,"lastAction":5,"status":0},{"playerId":61319,"score":900,"energy":4,"posx":14,"posy":7,"lastAction":5,"status":0}],"golds":[{"posx":9,"posy":0,"amount":400},{"posx":7,"posy":1,"amount":100},{"posx":13,"posy":1,"amount":400},{"posx":2,"posy":2,"amount":350},{"posx":0,"posy":3,"amount":50},{"posx":15,"posy":3,"amount":400},{"posx":18,"posy":3,"amount":450},{"posx":14,"posy":4,"amount":200},{"posx":16,"posy":4,"amount":350},{"posx":2,"posy":5,"amount":100},{"posx":13,"posy":6,"amount":50},{"posx":18,"posy":6,"amount":550},{"posx":14,"posy":7,"amount":100},{"posx":16,"posy":7,"amount":450}],"changedObstacles":[]},{"players":[{"playerId":2349571,"score":450,"energy":28,"posx":10,"posy":7,"lastAction":1,"status":0},{"playerId":2663641,"score":500,"energy":1,"posx":0,"posy":3,"lastAction":5,"status":0},{"playerId":2451990,"score":850,"energy":35,"posx":14,"posy":4,"lastAction":5,"status":0},{"playerId":61319,"score":900,"energy":16,"posx":14,"posy":7,"lastAction":4,"status":0}],"golds":[{"posx":9,"posy":0,"amount":400},{"posx":7,"posy":1,"amount":100},{"posx":13,"posy":1,"amount":400},{"posx":2,"posy":2,"amount":350},{"posx":15,"posy":3,"amount":400},{"posx":18,"posy":3,"amount":450},{"posx":14,"posy":4,"amount":150},{"posx":16,"posy":4,"amount":350},{"posx":2,"posy":5,"amount":100},{"posx":13,"posy":6,"amount":50},{"posx":18,"posy":6,"amount":550},{"posx":14,"posy":7,"amount":100},{"posx":16,"posy":7,"amount":450}],"changedObstacles":[{"type":0,"posx":0,"posy":3,"value":-1}]},{"players":[{"playerId":2349571,"score":450,"energy":27,"posx":11,"posy":7,"lastAction":1,"status":0},{"playerId":2663641,"score":500,"energy":13,"posx":0,"posy":3,"lastAction":4,"status":0},{"playerId":2451990,"score":900,"energy":30,"posx":14,"posy":4,"lastAction":5,"status":0},{"playerId":61319,"score":950,"energy":11,"posx":14,"posy":7,"lastAction":5,"status":0}],"golds":[{"posx":9,"posy":0,"amount":400},{"posx":7,"posy":1,"amount":100},{"posx":13,"posy":1,"amount":400},{"posx":2,"posy":2,"amount":350},{"posx":15,"posy":3,"amount":400},{"posx":18,"posy":3,"amount":450},{"posx":14,"posy":4,"amount":100},{"posx":16,"posy":4,"amount":350},{"posx":2,"posy":5,"amount":100},{"posx":13,"posy":6,"amount":50},{"posx":18,"posy":6,"amount":550},{"posx":14,"posy":7,"amount":50},{"posx":16,"posy":7,"amount":450}],"changedObstacles":[]},{"players":[{"playerId":2349571,"score":450,"energy":26,"posx":12,"posy":7,"lastAction":1,"status":0},{"playerId":2663641,"score":500,"energy":29,"posx":0,"posy":3,"lastAction":4,"status":0},{"playerId":2451990,"score":950,"energy":25,"posx":14,"posy":4,"lastAction":5,"status":0},{"playerId":61319,"score":1000,"energy":6,"posx":14,"posy":7,"lastAction":5,"status":0}],"golds":[{"posx":9,"posy":0,"amount":400},{"posx":7,"posy":1,"amount":100},{"posx":13,"posy":1,"amount":400},{"posx":2,"posy":2,"amount":350},{"posx":15,"posy":3,"amount":400},{"posx":18,"posy":3,"amount":450},{"posx":14,"posy":4,"amount":50},{"posx":16,"posy":4,"amount":350},{"posx":2,"posy":5,"amount":100},{"posx":13,"posy":6,"amount":50},{"posx":18,"posy":6,"amount":550},{"posx":16,"posy":7,"amount":450}],"changedObstacles":[{"type":0,"posx":14,"posy":7,"value":-1}]},{"players":[{"playerId":2349571,"score":450,"energy":25,"posx":13,"posy":7,"lastAction":1,"status":0},{"playerId":2663641,"score":500,"energy":28,"posx":1,"posy":3,"lastAction":1,"status":0},{"playerId":2451990,"score":1000,"energy":20,"posx":14,"posy":4,"lastAction":5,"status":0},{"playerId":61319,"score":1000,"energy":5,"posx":15,"posy":7,"lastAction":1,"status":0}],"golds":[{"posx":9,"posy":0,"amount":400},{"posx":7,"posy":1,"amount":100},{"posx":13,"posy":1,"amount":400},{"posx":2,"posy":2,"amount":350},{"posx":15,"posy":3,"amount":400},{"posx":18,"posy":3,"amount":450},{"posx":16,"posy":4,"amount":350},{"posx":2,"posy":5,"amount":100},{"posx":13,"posy":6,"amount":50},{"posx":18,"posy":6,"amount":550},{"posx":16,"posy":7,"amount":450}],"changedObstacles":[{"type":0,"posx":14,"posy":4,"value":-1}]},{"players":[{"playerId":2349571,"score":450,"energy":24,"posx":14,"posy":7,"lastAction":1,"status":0},{"playerId":2663641,"score":500,"energy":27,"posx":1,"posy":2,"lastAction":2,"status":0},{"playerId":2451990,"score":1000,"energy":19,"posx":15,"posy":4,"lastAction":1,"status":0},{"playerId":61319,"score":1000,"energy":1,"posx":16,"posy":7,"lastAction":1,"status":0}],"golds":[{"posx":9,"posy":0,"amount":400},{"posx":7,"posy":1,"amount":100},{"posx":13,"posy":1,"amount":400},{"posx":2,"posy":2,"amount":350},{"posx":15,"posy":3,"amount":400},{"posx":18,"posy":3,"amount":450},{"posx":16,"posy":4,"amount":350},{"posx":2,"posy":5,"amount":100},{"posx":13,"posy":6,"amount":50},{"posx":18,"posy":6,"amount":550},{"posx":16,"posy":7,"amount":450}],"changedObstacles":[]},{"players":[{"playerId":2349571,"score":450,"energy":23,"posx":15,"posy":7,"lastAction":1,"status":0},{"playerId":2663641,"score":500,"energy":23,"posx":2,"posy":2,"lastAction":1,"status":0},{"playerId":2451990,"score":1000,"energy":15,"posx":15,"posy":3,"lastAction":2,"status":0},{"playerId":61319,"score":1000,"energy":13,"posx":16,"posy":7,"lastAction":4,"status":0}],"golds":[{"posx":9,"posy":0,"amount":400},{"posx":7,"posy":1,"amount":100},{"posx":13,"posy":1,"amount":400},{"posx":2,"posy":2,"amount":350},{"posx":15,"posy":3,"amount":400},{"posx":18,"posy":3,"amount":450},{"posx":16,"posy":4,"amount":350},{"posx":2,"posy":5,"amount":100},{"posx":13,"posy":6,"amount":50},{"posx":18,"posy":6,"amount":550},{"posx":16,"posy":7,"amount":450}],"changedObstacles":[]},{"players":[{"playerId":2349571,"score":450,"energy":19,"posx":16,"posy":7,"lastAction":1,"status":0},{"playerId":2663641,"score":550,"energy":18,"posx":2,"posy":2,"lastAction":5,"status":0},{"playerId":2451990,"score":1050,"energy":10,"posx":15,"posy":3,"lastAction":5,"status":0},{"playerId":61319,"score":1000,"energy":29,"posx":16,"posy":7,"lastAction":4,"status":0}],"golds":[{"posx":9,"posy":0,"amount":400},{"posx":7,"posy":1,"amount":100},{"posx":13,"posy":1,"amount":400},{"posx":2,"posy":2,"amount":300},{"posx":15,"posy":3,"amount":350},{"posx":18,"posy":3,"amount":450},{"posx":16,"posy":4,"amount":350},{"posx":2,"posy":5,"amount":100},{"posx":13,"posy":6,"amount":50},{"posx":18,"posy":6,"amount":550},{"posx":16,"posy":7,"amount":450}],"changedObstacles":[]},{"players":[{"playerId":2349571,"score":450,"energy":31,"posx":16,"posy":7,"lastAction":4,"status":0},{"playerId":2663641,"score":600,"energy":13,"posx":2,"posy":2,"lastAction":5,"status":0},{"playerId":2451990,"score":1100,"energy":5,"posx":15,"posy":3,"lastAction":5,"status":0},{"playerId":61319,"score":1050,"energy":24,"posx":16,"posy":7,"lastAction":5,"status":0}],"golds":[{"posx":9,"posy":0,"amount":400},{"posx":7,"posy":1,"amount":100},{"posx":13,"posy":1,"amount":400},{"posx":2,"posy":2,"amount":250},{"posx":15,"posy":3,"amount":300},{"posx":18,"posy":3,"amount":450},{"posx":16,"posy":4,"amount":350},{"posx":2,"posy":5,"amount":100},{"posx":13,"posy":6,"amount":50},{"posx":18,"posy":6,"amount":550},{"posx":16,"posy":7,"amount":400}],"changedObstacles":[]},{"players":[{"playerId":2349571,"score":500,"energy":26,"posx":16,"posy":7,"lastAction":5,"status":0},{"playerId":2663641,"score":650,"energy":8,"posx":2,"posy":2,"lastAction":5,"status":0},{"playerId":2451990,"score":1100,"energy":17,"posx":15,"posy":3,"lastAction":4,"status":0},{"playerId":61319,"score":1100,"energy":19,"posx":16,"posy":7,"lastAction":5,"status":0}],"golds":[{"posx":9,"posy":0,"amount":400},{"posx":7,"posy":1,"amount":100},{"posx":13,"posy":1,"amount":400},{"posx":2,"posy":2,"amount":200},{"posx":15,"posy":3,"amount":300},{"posx":18,"posy":3,"amount":450},{"posx":16,"posy":4,"amount":350},{"posx":2,"posy":5,"amount":100},{"posx":13,"posy":6,"amount":50},{"posx":18,"posy":6,"amount":550},{"posx":16,"posy":7,"amount":300}],"changedObstacles":[]},{"players":[{"playerId":2349571,"score":550,"energy":21,"posx":16,"posy":7,"lastAction":5,"status":0},{"playerId":2663641,"score":700,"energy":3,"posx":2,"posy":2,"lastAction":5,"status":0},{"playerId":2451990,"score":1100,"energy":33,"posx":15,"posy":3,"lastAction":4,"status":0},{"playerId":61319,"score":1150,"energy":14,"posx":16,"posy":7,"lastAction":5,"status":0}],"golds":[{"posx":9,"posy":0,"amount":400},{"posx":7,"posy":1,"amount":100},{"posx":13,"posy":1,"amount":400},{"posx":2,"posy":2,"amount":150},{"posx":15,"posy":3,"amount":300},{"posx":18,"posy":3,"amount":450},{"posx":16,"posy":4,"amount":350},{"posx":2,"posy":5,"amount":100},{"posx":13,"posy":6,"amount":50},{"posx":18,"posy":6,"amount":550},{"posx":16,"posy":7,"amount":200}],"changedObstacles":[]},{"players":[{"playerId":2349571,"score":600,"energy":16,"posx":16,"posy":7,"lastAction":5,"status":0},{"playerId":2663641,"score":700,"energy":15,"posx":2,"posy":2,"lastAction":4,"status":0},{"playerId":2451990,"score":1100,"energy":50,"posx":15,"posy":3,"lastAction":4,"status":0},{"playerId":61319,"score":1200,"energy":9,"posx":16,"posy":7,"lastAction":5,"status":0}],"golds":[{"posx":9,"posy":0,"amount":400},{"posx":7,"posy":1,"amount":100},{"posx":13,"posy":1,"amount":400},{"posx":2,"posy":2,"amount":150},{"posx":15,"posy":3,"amount":300},{"posx":18,"posy":3,"amount":450},{"posx":16,"posy":4,"amount":350},{"posx":2,"posy":5,"amount":100},{"posx":13,"posy":6,"amount":50},{"posx":18,"posy":6,"amount":550},{"posx":16,"posy":7,"amount":100}],"changedObstacles":[]},{"players":[{"playerId":2349571,"score":600,"energy":28,"posx":16,"posy":7,"lastAction":4,"status":0},{"playerId":2663641,"score":700,"energy":31,"posx":2,"posy":2,"lastAction":4,"status":0},{"playerId":2451990,"score":1150,"energy":45,"posx":15,"posy":3,"lastAction":5,"status":0},{"playerId":61319,"score":1250,"energy":4,"posx":16,"posy":7,"lastAction":5,"status":0}],"golds":[{"posx":9,"posy":0,"amount":400},{"posx":7,"posy":1,"amount":100},{"posx":13,"posy":1,"amount":400},{"posx":2,"posy":2,"amount":150},{"posx":15,"posy":3,"amount":250},{"posx":18,"posy":3,"amount":450},{"posx":16,"posy":4,"amount":350},{"posx":2,"posy":5,"amount":100},{"posx":13,"posy":6,"amount":50},{"posx":18,"posy":6,"amount":550},{"posx":16,"posy":7,"amount":50}],"changedObstacles":[]},{"players":[{"playerId":2349571,"score":650,"energy":23,"posx":16,"posy":7,"lastAction":5,"status":0},{"playerId":2663641,"score":750,"energy":26,"posx":2,"posy":2,"lastAction":5,"status":0},{"playerId":2451990,"score":1200,"energy":40,"posx":15,"posy":3,"lastAction":5,"status":0},{"playerId":61319,"score":1250,"energy":16,"posx":16,"posy":7,"lastAction":4,"status":0}],"golds":[{"posx":9,"posy":0,"amount":400},{"posx":7,"posy":1,"amount":100},{"posx":13,"posy":1,"amount":400},{"posx":2,"posy":2,"amount":100},{"posx":15,"posy":3,"amount":200},{"posx":18,"posy":3,"amount":450},{"posx":16,"posy":4,"amount":350},{"posx":2,"posy":5,"amount":100},{"posx":13,"posy":6,"amount":50},{"posx":18,"posy":6,"amount":550}],"changedObstacles":[{"type":0,"posx":16,"posy":7,"value":-1}]},{"players":[{"playerId":2349571,"score":650,"energy":22,"posx":16,"posy":6,"lastAction":2,"status":0},{"playerId":2663641,"score":800,"energy":21,"posx":2,"posy":2,"lastAction":5,"status":0},{"playerId":2451990,"score":1250,"energy":35,"posx":15,"posy":3,"lastAction":5,"status":0},{"playerId":61319,"score":1250,"energy":15,"posx":17,"posy":7,"lastAction":1,"status":0}],"golds":[{"posx":9,"posy":0,"amount":400},{"posx":7,"posy":1,"amount":100},{"posx":13,"posy":1,"amount":400},{"posx":2,"posy":2,"amount":50},{"posx":15,"posy":3,"amount":150},{"posx":18,"posy":3,"amount":450},{"posx":16,"posy":4,"amount":350},{"posx":2,"posy":5,"amount":100},{"posx":13,"posy":6,"amount":50},{"posx":18,"posy":6,"amount":550}],"changedObstacles":[]},{"players":[{"playerId":2349571,"score":650,"energy":17,"posx":17,"posy":6,"lastAction":1,"status":0},{"playerId":2663641,"score":850,"energy":16,"posx":2,"posy":2,"lastAction":5,"status":0},{"playerId":2451990,"score":1300,"energy":30,"posx":15,"posy":3,"lastAction":5,"status":0},{"playerId":61319,"score":1250,"energy":14,"posx":18,"posy":7,"lastAction":1,"status":0}],"golds":[{"posx":9,"posy":0,"amount":400},{"posx":7,"posy":1,"amount":100},{"posx":13,"posy":1,"amount":400},{"posx":15,"posy":3,"amount":100},{"posx":18,"posy":3,"amount":450},{"posx":16,"posy":4,"amount":350},{"posx":2,"posy":5,"amount":100},{"posx":13,"posy":6,"amount":50},{"posx":18,"posy":6,"amount":550}],"changedObstacles":[{"type":3,"posx":17,"posy":6,"value":-20},{"type":0,"posx":2,"posy":2,"value":-1}]},{"players":[{"playerId":2349571,"score":650,"energy":29,"posx":17,"posy":6,"lastAction":4,"status":0},{"playerId":2663641,"score":850,"energy":15,"posx":2,"posy":3,"lastAction":3,"status":0},{"playerId":2451990,"score":1350,"energy":25,"posx":15,"posy":3,"lastAction":5,"status":0},{"playerId":61319,"score":1250,"energy":10,"posx":18,"posy":6,"lastAction":2,"status":0}],"golds":[{"posx":9,"posy":0,"amount":400},{"posx":7,"posy":1,"amount":100},{"posx":13,"posy":1,"amount":400},{"posx":15,"posy":3,"amount":50},{"posx":18,"posy":3,"amount":450},{"posx":16,"posy":4,"amount":350},{"posx":2,"posy":5,"amount":100},{"posx":13,"posy":6,"amount":50},{"posx":18,"posy":6,"amount":550}],"changedObstacles":[]},{"players":[{"playerId":2349571,"score":650,"energy":25,"posx":18,"posy":6,"lastAction":1,"status":0},{"playerId":2663641,"score":850,"energy":14,"posx":2,"posy":4,"lastAction":3,"status":0},{"playerId":2451990,"score":1400,"energy":20,"posx":15,"posy":3,"lastAction":5,"status":0},{"playerId":61319,"score":1300,"energy":5,"posx":18,"posy":6,"lastAction":5,"status":0}],"golds":[{"posx":9,"posy":0,"amount":400},{"posx":7,"posy":1,"amount":100},{"posx":13,"posy":1,"amount":400},{"posx":18,"posy":3,"amount":450},{"posx":16,"posy":4,"amount":350},{"posx":2,"posy":5,"amount":100},{"posx":13,"posy":6,"amount":50},{"posx":18,"posy":6,"amount":500}],"changedObstacles":[{"type":0,"posx":15,"posy":3,"value":-1}]},{"players":[{"playerId":2349571,"score":700,"energy":20,"posx":18,"posy":6,"lastAction":5,"status":0},{"playerId":2663641,"score":850,"energy":10,"posx":2,"posy":5,"lastAction":3,"status":0},{"playerId":2451990,"score":1400,"energy":19,"posx":14,"posy":3,"lastAction":0,"status":0},{"playerId":61319,"score":1300,"energy":17,"posx":18,"posy":6,"lastAction":4,"status":0}],"golds":[{"posx":9,"posy":0,"amount":400},{"posx":7,"posy":1,"amount":100},{"posx":13,"posy":1,"amount":400},{"posx":18,"posy":3,"amount":450},{"posx":16,"posy":4,"amount":350},{"posx":2,"posy":5,"amount":100},{"posx":13,"posy":6,"amount":50},{"posx":18,"posy":6,"amount":450}],"changedObstacles":[]},{"players":[{"playerId":2349571,"score":750,"energy":15,"posx":18,"posy":6,"lastAction":5,"status":0},{"playerId":2663641,"score":900,"energy":5,"posx":2,"posy":5,"lastAction":5,"status":0},{"playerId":2451990,"score":1400,"energy":18,"posx":13,"posy":3,"lastAction":0,"status":0},{"playerId":61319,"score":1300,"energy":33,"posx":18,"posy":6,"lastAction":4,"status":0}],"golds":[{"posx":9,"posy":0,"amount":400},{"posx":7,"posy":1,"amount":100},{"posx":13,"posy":1,"amount":400},{"posx":18,"posy":3,"amount":450},{"posx":16,"posy":4,"amount":350},{"posx":2,"posy":5,"amount":50},{"posx":13,"posy":6,"amount":50},{"posx":18,"posy":6,"amount":400}],"changedObstacles":[]},{"players":[{"playerId":2349571,"score":750,"energy":27,"posx":18,"posy":6,"lastAction":4,"status":0},{"playerId":2663641,"score":900,"energy":17,"posx":2,"posy":5,"lastAction":4,"status":0},{"playerId":2451990,"score":1400,"energy":17,"posx":13,"posy":2,"lastAction":2,"status":0},{"playerId":61319,"score":1350,"energy":28,"posx":18,"posy":6,"lastAction":5,"status":0}],"golds":[{"posx":9,"posy":0,"amount":400},{"posx":7,"posy":1,"amount":100},{"posx":13,"posy":1,"amount":400},{"posx":18,"posy":3,"amount":450},{"posx":16,"posy":4,"amount":350},{"posx":2,"posy":5,"amount":50},{"posx":13,"posy":6,"amount":50},{"posx":18,"posy":6,"amount":350}],"changedObstacles":[]},{"players":[{"playerId":2349571,"score":800,"energy":22,"posx":18,"posy":6,"lastAction":5,"status":0},{"playerId":2663641,"score":900,"energy":33,"posx":2,"posy":5,"lastAction":4,"status":0},{"playerId":2451990,"score":1400,"energy":13,"posx":13,"posy":1,"lastAction":2,"status":0},{"playerId":61319,"score":1400,"energy":23,"posx":18,"posy":6,"lastAction":5,"status":0}],"golds":[{"posx":9,"posy":0,"amount":400},{"posx":7,"posy":1,"amount":100},{"posx":13,"posy":1,"amount":400},{"posx":18,"posy":3,"amount":450},{"posx":16,"posy":4,"amount":350},{"posx":2,"posy":5,"amount":50},{"posx":13,"posy":6,"amount":50},{"posx":18,"posy":6,"amount":250}],"changedObstacles":[]},{"players":[{"playerId":2349571,"score":850,"energy":17,"posx":18,"posy":6,"lastAction":5,"status":0},{"playerId":2663641,"score":950,"energy":28,"posx":2,"posy":5,"lastAction":5,"status":0},{"playerId":2451990,"score":1450,"energy":8,"posx":13,"posy":1,"lastAction":5,"status":0},{"playerId":61319,"score":1450,"energy":18,"posx":18,"posy":6,"lastAction":5,"status":0}],"golds":[{"posx":9,"posy":0,"amount":400},{"posx":7,"posy":1,"amount":100},{"posx":13,"posy":1,"amount":350},{"posx":18,"posy":3,"amount":450},{"posx":16,"posy":4,"amount":350},{"posx":13,"posy":6,"amount":50},{"posx":18,"posy":6,"amount":150}],"changedObstacles":[{"type":0,"posx":2,"posy":5,"value":-1}]},{"players":[{"playerId":2349571,"score":850,"energy":29,"posx":18,"posy":6,"lastAction":4,"status":0},{"playerId":2663641,"score":950,"energy":27,"posx":3,"posy":5,"lastAction":1,"status":0},{"playerId":2451990,"score":1500,"energy":3,"posx":13,"posy":1,"lastAction":5,"status":0},{"playerId":61319,"score":1500,"energy":13,"posx":18,"posy":6,"lastAction":5,"status":0}],"golds":[{"posx":9,"posy":0,"amount":400},{"posx":7,"posy":1,"amount":100},{"posx":13,"posy":1,"amount":300},{"posx":18,"posy":3,"amount":450},{"posx":16,"posy":4,"amount":350},{"posx":13,"posy":6,"amount":50},{"posx":18,"posy":6,"amount":100}],"changedObstacles":[]},{"players":[{"playerId":2349571,"score":900,"energy":24,"posx":18,"posy":6,"lastAction":5,"status":0},{"playerId":2663641,"score":950,"energy":26,"posx":3,"posy":4,"lastAction":2,"status":0},{"playerId":2451990,"score":1500,"energy":15,"posx":13,"posy":1,"lastAction":4,"status":0},{"playerId":61319,"score":1550,"energy":8,"posx":18,"posy":6,"lastAction":5,"status":0}],"golds":[{"posx":9,"posy":0,"amount":400},{"posx":7,"posy":1,"amount":100},{"posx":13,"posy":1,"amount":300},{"posx":18,"posy":3,"amount":450},{"posx":16,"posy":4,"amount":350},{"posx":13,"posy":6,"amount":50}],"changedObstacles":[{"type":0,"posx":18,"posy":6,"value":-1}]},{"players":[{"playerId":2349571,"score":900,"energy":4,"posx":17,"posy":6,"lastAction":0,"status":0},{"playerId":2663641,"score":950,"energy":25,"posx":4,"posy":4,"lastAction":1,"status":0},{"playerId":2451990,"score":1500,"energy":31,"posx":13,"posy":1,"lastAction":4,"status":0},{"playerId":61319,"score":1550,"energy":7,"posx":18,"posy":5,"lastAction":2,"status":0}],"golds":[{"posx":9,"posy":0,"amount":400},{"posx":7,"posy":1,"amount":100},{"posx":13,"posy":1,"amount":300},{"posx":18,"posy":3,"amount":450},{"posx":16,"posy":4,"amount":350},{"posx":13,"posy":6,"amount":50}],"changedObstacles":[{"type":3,"posx":17,"posy":6,"value":-40}]},{"players":[{"playerId":2349571,"score":900,"energy":16,"posx":17,"posy":6,"lastAction":4,"status":0},{"playerId":2663641,"score":950,"energy":24,"posx":4,"posy":3,"lastAction":2,"status":0},{"playerId":2451990,"score":1500,"energy":50,"posx":13,"posy":1,"lastAction":4,"status":0},{"playerId":61319,"score":1550,"energy":6,"posx":18,"posy":4,"lastAction":2,"status":0}],"golds":[{"posx":9,"posy":0,"amount":400},{"posx":7,"posy":1,"amount":100},{"posx":13,"posy":1,"amount":300},{"posx":18,"posy":3,"amount":450},{"posx":16,"posy":4,"amount":350},{"posx":13,"posy":6,"amount":50}],"changedObstacles":[]},{"players":[{"playerId":2349571,"score":900,"energy":32,"posx":17,"posy":6,"lastAction":4,"status":0},{"playerId":2663641,"score":950,"energy":23,"posx":5,"posy":3,"lastAction":1,"status":0},{"playerId":2451990,"score":1550,"energy":45,"posx":13,"posy":1,"lastAction":5,"status":0},{"playerId":61319,"score":1550,"energy":2,"posx":18,"posy":3,"lastAction":2,"status":0}],"golds":[{"posx":9,"posy":0,"amount":400},{"posx":7,"posy":1,"amount":100},{"posx":13,"posy":1,"amount":250},{"posx":18,"posy":3,"amount":450},{"posx":16,"posy":4,"amount":350},{"posx":13,"posy":6,"amount":50}],"changedObstacles":[]},{"players":[{"playerId":2349571,"score":900,"energy":31,"posx":16,"posy":6,"lastAction":0,"status":0},{"playerId":2663641,"score":950,"energy":22,"posx":5,"posy":2,"lastAction":2,"status":0},{"playerId":2451990,"score":1600,"energy":40,"posx":13,"posy":1,"lastAction":5,"status":0},{"playerId":61319,"score":1550,"energy":14,"posx":18,"posy":3,"lastAction":4,"status":0}],"golds":[{"posx":9,"posy":0,"amount":400},{"posx":7,"posy":1,"amount":100},{"posx":13,"posy":1,"amount":200},{"posx":18,"posy":3,"amount":450},{"posx":16,"posy":4,"amount":350},{"posx":13,"posy":6,"amount":50}],"changedObstacles":[]},{"players":[{"playerId":2349571,"score":900,"energy":30,"posx":15,"posy":6,"lastAction":0,"status":0},{"playerId":2663641,"score":950,"energy":21,"posx":6,"posy":2,"lastAction":1,"status":0},{"playerId":2451990,"score":1650,"energy":35,"posx":13,"posy":1,"lastAction":5,"status":0},{"playerId":61319,"score":1550,"energy":30,"posx":18,"posy":3,"lastAction":4,"status":0}],"golds":[{"posx":9,"posy":0,"amount":400},{"posx":7,"posy":1,"amount":100},{"posx":13,"posy":1,"amount":150},{"posx":18,"posy":3,"amount":450},{"posx":16,"posy":4,"amount":350},{"posx":13,"posy":6,"amount":50}],"changedObstacles":[]},{"players":[{"playerId":2349571,"score":900,"energy":29,"posx":14,"posy":6,"lastAction":0,"status":0},{"playerId":2663641,"score":950,"energy":20,"posx":6,"posy":1,"lastAction":2,"status":0},{"playerId":2451990,"score":1700,"energy":30,"posx":13,"posy":1,"lastAction":5,"status":0},{"playerId":61319,"score":1550,"energy":50,"posx":18,"posy":3,"lastAction":4,"status":0}],"golds":[{"posx":9,"posy":0,"amount":400},{"posx":7,"posy":1,"amount":100},{"posx":13,"posy":1,"amount":100},{"posx":18,"posy":3,"amount":450},{"posx":16,"posy":4,"amount":350},{"posx":13,"posy":6,"amount":50}],"changedObstacles":[]},{"players":[{"playerId":2349571,"score":900,"energy":25,"posx":13,"posy":6,"lastAction":0,"status":0},{"playerId":2663641,"score":950,"energy":16,"posx":7,"posy":1,"lastAction":1,"status":0},{"playerId":2451990,"score":1750,"energy":25,"posx":13,"posy":1,"lastAction":5,"status":0},{"playerId":61319,"score":1600,"energy":45,"posx":18,"posy":3,"lastAction":5,"status":0}],"golds":[{"posx":9,"posy":0,"amount":400},{"posx":7,"posy":1,"amount":100},{"posx":13,"posy":1,"amount":50},{"posx":18,"posy":3,"amount":400},{"posx":16,"posy":4,"amount":350},{"posx":13,"posy":6,"amount":50}],"changedObstacles":[]},{"players":[{"playerId":2349571,"score":950,"energy":20,"posx":13,"posy":6,"lastAction":5,"status":0},{"playerId":2663641,"score":1000,"energy":11,"posx":7,"posy":1,"lastAction":5,"status":0},{"playerId":2451990,"score":1800,"energy":20,"posx":13,"posy":1,"lastAction":5,"status":0},{"playerId":61319,"score":1650,"energy":40,"posx":18,"posy":3,"lastAction":5,"status":0}],"golds":[{"posx":9,"posy":0,"amount":400},{"posx":7,"posy":1,"amount":50},{"posx":18,"posy":3,"amount":350},{"posx":16,"posy":4,"amount":350}],"changedObstacles":[{"type":0,"posx":13,"posy":1,"value":-1},{"type":0,"posx":13,"posy":6,"value":-1}]},{"players":[{"playerId":2349571,"score":950,"energy":19,"posx":13,"posy":5,"lastAction":2,"status":0},{"playerId":2663641,"score":1050,"energy":6,"posx":7,"posy":1,"lastAction":5,"status":0},{"playerId":2451990,"score":1800,"energy":19,"posx":12,"posy":1,"lastAction":0,"status":0},{"playerId":61319,"score":1700,"energy":35,"posx":18,"posy":3,"lastAction":5,"status":0}],"golds":[{"posx":9,"posy":0,"amount":400},{"posx":18,"posy":3,"amount":300},{"posx":16,"posy":4,"amount":350}],"changedObstacles":[{"type":0,"posx":7,"posy":1,"value":-1}]},{"players":[{"playerId":2349571,"score":950,"energy":31,"posx":13,"posy":5,"lastAction":4,"status":0},{"playerId":2663641,"score":1050,"energy":5,"posx":8,"posy":1,"lastAction":1,"status":0},{"playerId":2451990,"score":1800,"energy":18,"posx":11,"posy":1,"lastAction":0,"status":0},{"playerId":61319,"score":1750,"energy":30,"posx":18,"posy":3,"lastAction":5,"status":0}],"golds":[{"posx":9,"posy":0,"amount":400},{"posx":18,"posy":3,"amount":250},{"posx":16,"posy":4,"amount":350}],"changedObstacles":[]},{"players":[{"playerId":2349571,"score":950,"energy":30,"posx":13,"posy":4,"lastAction":2,"status":0},{"playerId":2663641,"score":1050,"energy":4,"posx":8,"posy":0,"lastAction":2,"status":0},{"playerId":2451990,"score":1800,"energy":17,"posx":10,"posy":1,"lastAction":0,"status":0},{"playerId":61319,"score":1800,"energy":25,"posx":18,"posy":3,"lastAction":5,"status":0}],"golds":[{"posx":9,"posy":0,"amount":400},{"posx":18,"posy":3,"amount":200},{"posx":16,"posy":4,"amount":350}],"changedObstacles":[]},{"players":[{"playerId":2349571,"score":950,"energy":29,"posx":14,"posy":4,"lastAction":1,"status":0},{"playerId":2663641,"score":1050,"energy":16,"posx":8,"posy":0,"lastAction":4,"status":0},{"playerId":2451990,"score":1800,"energy":16,"posx":9,"posy":1,"lastAction":0,"status":0},{"playerId":61319,"score":1850,"energy":20,"posx":18,"posy":3,"lastAction":5,"status":0}],"golds":[{"posx":9,"posy":0,"amount":400},{"posx":18,"posy":3,"amount":150},{"posx":16,"posy":4,"amount":350}],"changedObstacles":[]},{"players":[{"playerId":2349571,"score":950,"energy":28,"posx":15,"posy":4,"lastAction":1,"status":0},{"playerId":2663641,"score":1050,"energy":12,"posx":9,"posy":0,"lastAction":1,"status":0},{"playerId":2451990,"score":1800,"energy":12,"posx":9,"posy":0,"lastAction":2,"status":0},{"playerId":61319,"score":1900,"energy":15,"posx":18,"posy":3,"lastAction":5,"status":0}],"golds":[{"posx":9,"posy":0,"amount":400},{"posx":18,"posy":3,"amount":100},{"posx":16,"posy":4,"amount":350}],"changedObstacles":[]},{"players":[{"playerId":2349571,"score":950,"energy":24,"posx":16,"posy":4,"lastAction":1,"status":0},{"playerId":2663641,"score":1100,"energy":7,"posx":9,"posy":0,"lastAction":5,"status":0},{"playerId":2451990,"score":1850,"energy":7,"posx":9,"posy":0,"lastAction":5,"status":0},{"playerId":61319,"score":1950,"energy":10,"posx":18,"posy":3,"lastAction":5,"status":0}],"golds":[{"posx":9,"posy":0,"amount":300},{"posx":18,"posy":3,"amount":50},{"posx":16,"posy":4,"amount":350}],"changedObstacles":[]},{"players":[{"playerId":2349571,"score":1000,"energy":19,"posx":16,"posy":4,"lastAction":5,"status":0},{"playerId":2663641,"score":1150,"energy":2,"posx":9,"posy":0,"lastAction":5,"status":0},{"playerId":2451990,"score":1900,"energy":2,"posx":9,"posy":0,"lastAction":5,"status":0},{"playerId":61319,"score":2000,"energy":5,"posx":18,"posy":3,"lastAction":5,"status":0}],"golds":[{"posx":9,"posy":0,"amount":200},{"posx":16,"posy":4,"amount":300}],"changedObstacles":[{"type":0,"posx":18,"posy":3,"value":-1}]},{"players":[{"playerId":2349571,"score":1000,"energy":31,"posx":16,"posy":4,"lastAction":4,"status":0},{"playerId":2663641,"score":1150,"energy":14,"posx":9,"posy":0,"lastAction":4,"status":0},{"playerId":2451990,"score":1900,"energy":14,"posx":9,"posy":0,"lastAction":4,"status":0},{"playerId":61319,"score":2000,"energy":4,"posx":17,"posy":3,"lastAction":0,"status":0}],"golds":[{"posx":9,"posy":0,"amount":200},{"posx":16,"posy":4,"amount":300}],"changedObstacles":[]},{"players":[{"playerId":2349571,"score":1050,"energy":26,"posx":16,"posy":4,"lastAction":5,"status":0},{"playerId":2663641,"score":1200,"energy":9,"posx":9,"posy":0,"lastAction":5,"status":0},{"playerId":2451990,"score":1950,"energy":9,"posx":9,"posy":0,"lastAction":5,"status":0},{"playerId":61319,"score":2000,"energy":3,"posx":16,"posy":3,"lastAction":0,"status":0}],"golds":[{"posx":9,"posy":0,"amount":100},{"posx":16,"posy":4,"amount":250}],"changedObstacles":[]},{"players":[{"playerId":2349571,"score":1100,"energy":21,"posx":16,"posy":4,"lastAction":5,"status":0},{"playerId":2663641,"score":1250,"energy":4,"posx":9,"posy":0,"lastAction":5,"status":0},{"playerId":2451990,"score":2000,"energy":4,"posx":9,"posy":0,"lastAction":5,"status":0},{"playerId":61319,"score":2000,"energy":15,"posx":16,"posy":3,"lastAction":4,"status":0}],"golds":[{"posx":16,"posy":4,"amount":200}],"changedObstacles":[{"type":0,"posx":9,"posy":0,"value":-1}]},{"players":[{"playerId":2349571,"score":1150,"energy":16,"posx":16,"posy":4,"lastAction":5,"status":0},{"playerId":2663641,"score":1250,"energy":3,"posx":10,"posy":0,"lastAction":1,"status":0},{"playerId":2451990,"score":2000,"energy":3,"posx":10,"posy":0,"lastAction":1,"status":0},{"playerId":61319,"score":2000,"energy":11,"posx":16,"posy":4,"lastAction":3,"status":0}],"golds":[{"posx":16,"posy":4,"amount":150}],"changedObstacles":[]},{"players":[{"playerId":2349571,"score":1150,"energy":28,"posx":16,"posy":4,"lastAction":4,"status":0},{"playerId":2663641,"score":1250,"energy":2,"posx":11,"posy":0,"lastAction":1,"status":0},{"playerId":2451990,"score":2000,"energy":2,"posx":11,"posy":0,"lastAction":1,"status":0},{"playerId":61319,"score":2050,"energy":6,"posx":16,"posy":4,"lastAction":5,"status":0}],"golds":[{"posx":16,"posy":4,"amount":100}],"changedObstacles":[]},{"players":[{"playerId":2349571,"score":1200,"energy":23,"posx":16,"posy":4,"lastAction":5,"status":0},{"playerId":2663641,"score":1250,"energy":1,"posx":12,"posy":0,"lastAction":1,"status":0},{"playerId":2451990,"score":2000,"energy":1,"posx":12,"posy":0,"lastAction":1,"status":0},{"playerId":61319,"score":2100,"energy":1,"posx":16,"posy":4,"lastAction":5,"status":0}],"golds":[],"changedObstacles":[{"type":0,"posx":16,"posy":4,"value":-1}]}]