[{"players":[{"playerId":1168092,"score":0,"energy":49,"posx":2,"posy":7,"lastAction":2,"status":0},{"playerId":2422729,"score":0,"energy":49,"posx":2,"posy":7,"lastAction":2,"status":0},{"playerId":2294637,"score":0,"energy":49,"posx":2,"posy":7,"lastAction":2,"status":0},{"playerId":2271981,"score":0,"energy":49,"posx":2,"posy":7,"lastAction":2,"status":0}],"golds":[{"posx":14,"posy":7,"amount":150},{"posx":2,"posy":2,"amount":350},{"posx":18,"posy":6,"amount":550},{"posx":11,"posy":8,"amount":450},{"posx":10,"posy":5,"amount":400},{"posx":15,"posy":3,"amount":400},{"posx":13,"posy":1,"amount":400},{"posx":16,"posy":7,"amount":450},{"posx":14,"posy":4,"amount":300},{"posx":7,"posy":1,"amount":100},{"posx":2,"posy":5,"amount":100},{"posx":9,"posy":0,"amount":400},{"posx":9,"posy":8,"amount":50},{"posx":0,"posy":3,"amount":50},{"posx":13,"posy":6,"amount":50},{"posx":18,"posy":3,"amount":450},{"posx":10,"posy":3,"amount":150},{"posx":16,"posy":4,"amount":350},{"posx":3,"posy":7,"amount":750},{"posx":11,"posy":3,"amount":650}],"changedObstacles":[]},{"players":[{"playerId":1168092,"score":0,"energy":45,"posx":3,"posy":7,"lastAction":1,"status":0},{"playerId":2422729,"score":0,"energy":48,"posx":2,"posy":6,"lastAction":2,"status":0},{"playerId":2294637,"score":0,"energy":48,"posx":2,"posy":6,"lastAction":2,"status":0},{"playerId":2271981,"score":0,"energy":45,"posx":3,"posy":7,"lastAction":1,"status":0}],"golds":[{"posx":14,"posy":7,"amount":150},{"posx":2,"posy":2,"amount":350},{"posx":18,"posy":6,"amount":550},{"posx":11,"posy":8,"amount":450},{"posx":10,"posy":5,"amount":400},{"posx":15,"posy":3,"amount":400},{"posx":13,"posy":1,"amount":400},{"posx":16,"posy":7,"amount":450},{"posx":14,"posy":4,"amount":300},{"posx":7,"posy":1,"amount":100},{"posx":2,"posy":5,"amount":100},{"posx":9,"posy":0,"amount":400},{"posx":9,"posy":8,"amount":50},{"posx":0,"posy":3,"amount":50},{"posx":13,"posy":6,"amount":50},{"posx":18,"posy":3,"amount":450},{"posx":10,"posy":3,"amount":150},{"posx":16,"posy":4,"amount":350},{"posx":3,"posy":7,"amount":750},{"posx":11,"posy":3,"amount":650}],"changedObstacles":[]},{"players":[{"playerId":1168092,"score":50,"energy":40,"posx":3,"posy":7,"lastAction":5,"status":0},{"playerId":2422729,"score":0,"energy":47,"posx":3,"posy":6,"lastAction":1,"status":0},{"playerId":2294637,"score":0,"energy":47,"posx":1,"posy":6,"lastAction":0,"status":0},{"playerId":2271981,"score":50,"energy":40,"posx":3,"posy":7,"lastAction":5,"status":0}],"golds":[{"posx":9,"posy":0,"amount":400},{"posx":7,"posy":1,"amount":100},{"posx":13,"posy":1,"amount":400},{"posx":2,"posy":2,"amount":350},{"posx":0,"posy":3,"amount":50},{"posx":10,"posy":3,"amount":150},{"posx":11,"posy":3,"amount":650},{"posx":15,"posy":3,"amount":400},{"posx":18,"posy":3,"amount":450},{"posx":14,"posy":4,"amount":300},{"posx":16,"posy":4,"amount":350},{"posx":2,"posy":5,"amount":100},{"posx":10,"posy":5,"amount":400},{"posx":13,"posy":6,"amount":50},{"posx":18,"posy":6,"amount":550},{"posx":3,"posy":7,"amount":650},{"posx":14,"posy":7,"amount":150},{"posx":16,"posy":7,"amount":450},{"posx":9,"posy":8,"amount":50},{"posx":11,"posy":8,"amount":450}],"changedObstacles":[]},{"players":[{"playerId":1168092,"score":100,"energy":35,"posx":3,"posy":7,"lastAction":5,"status":0},{"playerId":2422729,"score":0,"energy":46,"posx":3,"posy":5,"lastAction":2,"status":0},{"playerId":2294637,"score":0,"energy":46,"posx":1,"posy":5,"lastAction":2,"status":0},{"playerId":2271981,"score":100,"energy":35,"posx":3,"posy":7,"lastAction":5,"status":0}],"golds":[{"posx":9,"posy":0,"amount":400},{"posx":7,"posy":1,"amount":100},{"posx":13,"posy":1,"amount":400},{"posx":2,"posy":2,"amount":350},{"posx":0,"posy":3,"amount":50},{"posx":10,"posy":3,"amount":150},{"posx":11,"posy":3,"amount":650},{"posx":15,"posy":3,"amount":400},{"posx":18,"posy":3,"amount":450},{"posx":14,"posy":4,"amount":300},{"posx":16,"posy":4,"amount":350},{"posx":2,"posy":5,"amount":100},{"posx":10,"posy":5,"amount":400},{"posx":13,"posy":6,"amount":50},{"posx":18,"posy":6,"amount":550},{"posx":3,"posy":7,"amount":550},{"posx":14,"posy":7,"amount":150},{"posx":16,"posy":7,"amount":450},{"posx":9,"posy":8,"amount":50},{"posx":11,"posy":8,"amount":450}],"changedObstacles":[]},{"players":[{"playerId":1168092,"score":150,"energy":30,"posx":3,"posy":7,"lastAction":5,"status":0},{"playerId":2422729,"score":0,"energy":45,"posx":4,"posy":5,"lastAction":1,"status":0},{"playerId":2294637,"score":0,"energy":45,"posx":1,"posy":4,"lastAction":2,"status":0},{"playerId":2271981,"score":150,"energy":30,"posx":3,"posy":7,"lastAction":5,"status":0}],"golds":[{"posx":9,"posy":0,"amount":400},{"posx":7,"posy":1,"amount":100},{"posx":13,"posy":1,"amount":400},{"posx":2,"posy":2,"amount":350},{"posx":0,"posy":3,"amount":50},{"posx":10,"posy":3,"amount":150},{"posx":11,"posy":3,"amount":650},{"posx":15,"posy":3,"amount":400},{"posx":18,"posy":3,"amount":450},{"posx":14,"posy":4,"amount":300},{"posx":16,"posy":4,"amount":350},{"posx":2,"posy":5,"amount":100},{"posx":10,"posy":5,"amount":400},{"posx":13,"posy":6,"amount":50},{"posx":18,"posy":6,"amount":550},{"posx":3,"posy":7,"amount":450},{"posx":14,"posy":7,"amount":150},{"posx":16,"posy":7,"amount":450},{"posx":9,"posy":8,"amount":50},{"posx":11,"posy":8,"amount":450}],"changedObstacles":[]},{"players":[{"playerId":1168092,"score":200,"energy":25,"posx":3,"posy":7,"lastAction":5,"status":0},{"playerId":2422729,"score":0,"energy":44,"posx":5,"posy":5,"lastAction":1,"status":0},{"playerId":2294637,"score":0,"energy":44,"posx":1,"posy":3,"lastAction":2,"status":0},{"playerId":2271981,"score":200,"energy":25,"posx":3,"posy":7,"lastAction":5,"status":0}],"golds":[{"posx":9,"posy":0,"amount":400},{"posx":7,"posy":1,"amount":100},{"posx":13,"posy":1,"amount":400},{"posx":2,"posy":2,"amount":350},{"posx":0,"posy":3,"amount":50},{"posx":10,"posy":3,"amount":150},{"posx":11,"posy":3,"amount":650},{"posx":15,"posy":3,"amount":400},{"posx":18,"posy":3,"amount":450},{"posx":14,"posy":4,"amount":300},{"posx":16,"posy":4,"amount":350},{"posx":2,"posy":5,"amount":100},{"posx":10,"posy":5,"amount":400},{"posx":13,"posy":6,"amount":50},{"posx":18,"posy":6,"amount":550},{"posx":3,"posy":7,"amount":350},{"posx":14,"posy":7,"amount":150},{"posx":16,"posy":7,"amount":450},{"posx":9,"posy":8,"amount":50},{"posx":11,"posy":8,"amount":450}],"changedObstacles":[]},{"players":[{"playerId":1168092,"score":250,"energy":20,"posx":3,"posy":7,"lastAction":5,"status":0},{"playerId":2422729,"score":0,"energy":43,"posx":6,"posy":5,"lastAction":1,"status":0},{"playerId":2294637,"score":0,"energy":40,"posx":0,"posy":3,"lastAction":0,"status":0},{"playerId":2271981,"score":250,"energy":20,"posx":3,"posy":7,"lastAction":5,"status":0}],"golds":[{"posx":9,"posy":0,"amount":400},{"posx":7,"posy":1,"amount":100},{"posx":13,"posy":1,"amount":400},{"posx":2,"posy":2,"amount":350},{"posx":0,"posy":3,"amount":50},{"posx":10,"posy":3,"amount":150},{"posx":11,"posy":3,"amount":650},{"posx":15,"posy":3,"amount":400},{"posx":18,"posy":3,"amount":450},{"posx":14,"posy":4,"amount":300},{"posx":16,"posy":4,"amount":350},{"posx":2,"posy":5,"amount":100},{"posx":10,"posy":5,"amount":400},{"posx":13,"posy":6,"amount":50},{"posx":18,"posy":6,"amount":550},{"posx":3,"posy":7,"amount":250},{"posx":14,"posy":7,"amount":150},{"posx":16,"posy":7,"amount":450},{"posx":9,"posy":8,"amount":50},{"posx":11,"posy":8,"amount":450}],"changedObstacles":[]},{"players":[{"playerId":1168092,"score":300,"energy":15,"posx":3,"posy":7,"lastAction":5,"status":0},{"playerId":2422729,"score":0,"energy":42,"posx":7,"posy":5,"lastAction":1,"status":0},{"playerId":2294637,"score":50,"energy":35,"posx":0,"posy":3,"lastAction":5,"status":0},{"playerId":2271981,"score":300,"energy":15,"posx":3,"posy":7,"lastAction":5,"status":0}],"golds":[{"posx":9,"posy":0,"amount":400},{"posx":7,"posy":1,"amount":100},{"posx":13,"posy":1,"amount":400},{"posx":2,"posy":2,"amount":350},{"posx":10,"posy":3,"amount":150},{"posx":11,"posy":3,"amount":650},{"posx":15,"posy":3,"amount":400},{"posx":18,"posy":3,"amount":450},{"posx":14,"posy":4,"amount":300},{"posx":16,"posy":4,"amount":350},{"posx":2,"posy":5,"amount":100},{"posx":10,"posy":5,"amount":400},{"posx":13,"posy":6,"amount":50},{"posx":18,"posy":6,"amount":550},{"posx":3,"posy":7,"amount":150},{"posx":14,"posy":7,"amount":150},{"posx":16,"posy":7,"amount":450},{"posx":9,"posy":8,"amount":50},{"posx":11,"posy":8,"amount":450}],"changedObstacles":[{"type":0,"posx":0,"posy":3,"value":-1}]},{"players":[{"playerId":1168092,"score":350,"energy":10,"posx":3,"posy":7,"lastAction":5,"status":0},{"playerId":2422729,"score":0,"energy":41,"posx":8,"posy":5,"lastAction":1,"status":0},{"playerId":2294637,"score":50,"energy":34,"posx":1,"posy":3,"lastAction":1,"status":0},{"playerId":2271981,"score":350,"energy":10,"posx":3,"posy":7,"lastAction":5,"status":0}],"golds":[{"posx":9,"posy":0,"amount":400},{"posx":7,"posy":1,"amount":100},{"posx":13,"posy":1,"amount":400},{"posx":2,"posy":2,"amount":350},{"posx":10,"posy":3,"amount":150},{"posx":11,"posy":3,"amount":650},{"posx":15,"posy":3,"amount":400},{"posx":18,"posy":3,"amount":450},{"posx":14,"posy":4,"amount":300},{"posx":16,"posy":4,"amount":350},{"posx":2,"posy":5,"amount":100},{"posx":10,"posy":5,"amount":400},{"posx":13,"posy":6,"amount":50},{"posx":18,"posy":6,"amount":550},{"posx":3,"posy":7,"amount":50},{"posx":14,"posy":7,"amount":150},{"posx":16,"posy":7,"amount":450},{"posx":9,"posy":8,"amount":50},{"posx":11,"posy":8,"amount":450}],"changedObstacles":[]},{"players":[{"playerId":1168092,"score":375,"energy":5,"posx":3,"posy":7,"lastAction":5,"status":0},{"playerId":2422729,"score":0,"energy":40,"posx":8,"posy":4,"lastAction":2,"status":0},{"playerId":2294637,"score":50,"energy":33,"posx":2,"posy":3,"lastAction":1,"status":0},{"playerId":2271981,"score":375,"energy":5,"posx":3,"posy":7,"lastAction":5,"status":0}],"golds":[{"posx":9,"posy":0,"amount":400},{"posx":7,"posy":1,"amount":100},{"posx":13,"posy":1,"amount":400},{"posx":2,"posy":2,"amount":350},{"posx":10,"posy":3,"amount":150},{"posx":11,"posy":3,"amount":650},{"posx":15,"posy":3,"amount":400},{"posx":18,"posy":3,"amount":450},{"posx":14,"posy":4,"amount":300},{"posx":16,"posy":4,"amount":350},{"posx":2,"posy":5,"amount":100},{"posx":10,"posy":5,"amount":400},{"posx":13,"posy":6,"amount":50},{"posx":18,"posy":6,"amount":550},{"posx":14,"posy":7,"amount":150},{"posx":16,"posy":7,"amount":450},{"posx":9,"posy":8,"amount":50},{"posx":11,"posy":8,"amount":450}],"changedObstacles":[{"type":0,"posx":3,"posy":7,"value":-1}]},{"players":[{"playerId":1168092,"score":375,"energy":4,"posx":3,"posy":6,"lastAction":2,"status":0},{"playerId":2422729,"score":0,"energy":39,"posx":9,"posy":4,"lastAction":1,"status":0},{"playerId":2294637,"score":50,"energy":32,"posx":3,"posy":3,"lastAction":1,"status":0},{"playerId":2271981,"score":375,"energy":17,"posx":3,"posy":7,"lastAction":4,"status":0}],"golds":[{"posx":9,"posy":0,"amount":400},{"posx":7,"posy":1,"amount":100},{"posx":13,"posy":1,"amount":400},{"posx":2,"posy":2,"amount":350},{"posx":10,"posy":3,"amount":150},{"posx":11,"posy":3,"amount":650},{"posx":15,"posy":3,"amount":400},{"posx":18,"posy":3,"amount":450},{"posx":14,"posy":4,"amount":300},{"posx":16,"posy":4,"amount":350},{"posx":2,"posy":5,"amount":100},{"posx":10,"posy":5,"amount":400},{"posx":13,"posy":6,"amount":50},{"posx":18,"posy":6,"amount":550},{"posx":14,"posy":7,"amount":150},{"posx":16,"posy":7,"amount":450},{"posx":9,"posy":8,"amount":50},{"posx":11,"posy":8,"amount":450}],"changedObstacles":[]},{"players":[{"playerId":1168092,"score":375,"energy":3,"posx":3,"posy":5,"lastAction":2,"status":0},{"playerId":2422729,"score":0,"energy":38,"posx":10,"posy":4,"lastAction":1,"status":0},{"playerId":2294637,"score":50,"energy":31,"posx":4,"posy":3,"lastAction":1,"status":0},{"playerId":2271981,"score":375,"energy":33,"posx":3,"posy":7,"lastAction":4,"status":0}],"golds":[{"posx":9,"posy":0,"amount":400},{"posx":7,"posy":1,"amount":100},{"posx":13,"posy":1,"amount":400},{"posx":2,"posy":2,"amount":350},{"posx":10,"posy":3,"amount":150},{"posx":11,"posy":3,"amount":650},{"posx":15,"posy":3,"amount":400},{"posx":18,"posy":3,"amount":450},{"posx":14,"posy":4,"amount":300},{"posx":16,"posy":4,"amount":350},{"posx":2,"posy":5,"amount":100},{"posx":10,"posy":5,"amount":400},{"posx":13,"posy":6,"amount":50},{"posx":18,"posy":6,"amount":550},{"posx":14,"posy":7,"amount":150},{"posx":16,"posy":7,"amount":450},{"posx":9,"posy":8,"amount":50},{"posx":11,"posy":8,"amount":450}],"changedObstacles":[]},{"players":[{"playerId":1168092,"score":375,"energy":15,"posx":3,"posy":5,"lastAction":4,"status":0},{"playerId":2422729,"score":0,"energy":37,"posx":11,"posy":4,"lastAction":1,"status":0},{"playerId":2294637,"score":50,"energy":30,"posx":5,"posy":3,"lastAction":1,"status":0},{"playerId":2271981,"score":375,"energy":50,"posx":3,"posy":7,"lastAction":4,"status":0}],"golds":[{"posx":9,"posy":0,"amount":400},{"posx":7,"posy":1,"amount":100},{"posx":13,"posy":1,"amount":400},{"posx":2,"posy":2,"amount":350},{"posx":10,"posy":3,"amount":150},{"posx":11,"posy":3,"amount":650},{"posx":15,"posy":3,"amount":400},{"posx":18,"posy":3,"amount":450},{"posx":14,"posy":4,"amount":300},{"posx":16,"posy":4,"amount":350},{"posx":2,"posy":5,"amount":100},{"posx":10,"posy":5,"amount":400},{"posx":13,"posy":6,"amount":50},{"posx":18,"posy":6,"amount":550},{"posx":14,"posy":7,"amount":150},{"posx":16,"posy":7,"amount":450},{"posx":9,"posy":8,"amount":50},{"posx":11,"posy":8,"amount":450}],"changedObstacles":[]},{"players":[{"playerId":1168092,"score":375,"energy":11,"posx":2,"posy":5,"lastAction":0,"status":0},{"playerId":2422729,"score":0,"energy":36,"posx":12,"posy":4,"lastAction":1,"status":0},{"playerId":2294637,"score":50,"energy":29,"posx":6,"posy":3,"lastAction":1,"status":0},{"playerId":2271981,"score":375,"energy":49,"posx":3,"posy":6,"lastAction":2,"status":0}],"golds":[{"posx":9,"posy":0,"amount":400},{"posx":7,"posy":1,"amount":100},{"posx":13,"posy":1,"amount":400},{"posx":2,"posy":2,"amount":350},{"posx":10,"posy":3,"amount":150},{"posx":11,"posy":3,"amount":650},{"posx":15,"posy":3,"amount":400},{"posx":18,"posy":3,"amount":450},{"posx":14,"posy":4,"amount":300},{"posx":16,"posy":4,"amount":350},{"posx":2,"posy":5,"amount":100},{"posx":10,"posy":5,"amount":400},{"posx":13,"posy":6,"amount":50},{"posx":18,"posy":6,"amount":550},{"posx":14,"posy":7,"amount":150},{"posx":16,"posy":7,"amount":450},{"posx":9,"posy":8,"amount":50},{"posx":11,"posy":8,"amount":450}],"changedObstacles":[]},{"players":[{"playerId":1168092,"score":425,"energy":6,"posx":2,"posy":5,"lastAction":5,"status":0},{"playerId":2422729,"score":0,"energy":35,"posx":12,"posy":3,"lastAction":2,"status":0},{"playerId":2294637,"score":50,"energy":28,"posx":7,"posy":3,"lastAction":1,"status":0},{"playerId":2271981,"score":375,"energy":48,"posx":3,"posy":5,"lastAction":2,"status":0}],"golds":[{"posx":9,"posy":0,"amount":400},{"posx":7,"posy":1,"amount":100},{"posx":13,"posy":1,"amount":400},{"posx":2,"posy":2,"amount":350},{"posx":10,"posy":3,"amount":150},{"posx":11,"posy":3,"amount":650},{"posx":15,"posy":3,"amount":400},{"posx":18,"posy":3,"amount":450},{"posx":14,"posy":4,"amount":300},{"posx":16,"posy":4,"amount":350},{"posx":2,"posy":5,"amount":50},{"posx":10,"posy":5,"amount":400},{"posx":13,"posy":6,"amount":50},{"posx":18,"posy":6,"amount":550},{"posx":14,"posy":7,"amount":150},{"posx":16,"posy":7,"amount":450},{"posx":9,"posy":8,"amount":50},{"posx":11,"posy":8,"amount":450}],"changedObstacles":[]},{"players":[{"playerId":1168092,"score":475,"energy":1,"posx":2,"posy":5,"lastAction":5,"status":0},{"playerId":2422729,"score":0,"energy":34,"posx":13,"posy":3,"lastAction":1,"status":0},{"playerId":2294637,"score":50,"energy":27,"posx":8,"posy":3,"lastAction":1,"status":0},{"playerId":2271981,"score":375,"energy":44,"posx":2,"posy":5,"lastAction":0,"status":0}],"golds":[{"posx":9,"posy":0,"amount":400},{"posx":7,"posy":1,"amount":100},{"posx":13,"posy":1,"amount":400},{"posx":2,"posy":2,"amount":350},{"posx":10,"posy":3,"amount":150},{"posx":11,"posy":3,"amount":650},{"posx":15,"posy":3,"amount":400},{"posx":18,"posy":3,"amount":450},{"posx":14,"posy":4,"amount":300},{"posx":16,"posy":4,"amount":350},{"posx":10,"posy":5,"amount":400},{"posx":13,"posy":6,"amount":50},{"posx":18,"posy":6,"amount":550},{"posx":14,"posy":7,"amount":150},{"posx":16,"posy":7,"amount":450},{"posx":9,"posy":8,"amount":50},{"posx":11,"posy":8,"amount":450}],"changedObstacles":[{"type":0,"posx":2,"posy":5,"value":-1}]},{"players":[{"playerId":1168092,"score":475,"energy":13,"posx":2,"posy":5,"lastAction":4,"status":0},{"playerId":2422729,"score":0,"energy":33,"posx":13,"posy":4,"lastAction":3,"status":0},{"playerId":2294637,"score":50,"energy":26,"posx":8,"posy":2,"lastAction":2,"status":0},{"playerId":2271981,"score":375,"energy":43,"posx":2,"posy":4,"lastAction":2,"status":0}],"golds":[{"posx":9,"posy":0,"amount":400},{"posx":7,"posy":1,"amount":100},{"posx":13,"posy":1,"amount":400},{"posx":2,"posy":2,"amount":350},{"posx":10,"posy":3,"amount":150},{"posx":11,"posy":3,"amount":650},{"posx":15,"posy":3,"amount":400},{"posx":18,"posy":3,"amount":450},{"posx":14,"posy":4,"amount":300},{"posx":16,"posy":4,"amount":350},{"posx":10,"posy":5,"amount":400},{"posx":13,"posy":6,"amount":50},{"posx":18,"posy":6,"amount":550},{"posx":14,"posy":7,"amount":150},{"posx":16,"posy":7,"amount":450},{"posx":9,"posy":8,"amount":50},{"posx":11,"posy":8,"amount":450}],"changedObstacles":[]},{"players":[{"playerId":1168092,"score":475,"energy":12,"posx":2,"posy":6,"lastAction":3,"status":0},{"playerId":2422729,"score":0,"energy":29,"posx":14,"posy":4,"lastAction":1,"status":0},{"playerId":2294637,"score":50,"energy":25,"posx":9,"posy":2,"lastAction":1,"status":0},{"playerId":2271981,"score":375,"energy":42,"posx":2,"posy":3,"lastAction":2,"status":0}],"golds":[{"posx":9,"posy":0,"amount":400},{"posx":7,"posy":1,"amount":100},{"posx":13,"posy":1,"amount":400},{"posx":2,"posy":2,"amount":350},{"posx":10,"posy":3,"amount":150},{"posx":11,"posy":3,"amount":650},{"posx":15,"posy":3,"amount":400},{"posx":18,"posy":3,"amount":450},{"posx":14,"posy":4,"amount":300},{"posx":16,"posy":4,"amount":350},{"posx":10,"posy":5,"amount":400},{"posx":13,"posy":6,"amount":50},{"posx":18,"posy":6,"amount":550},{"posx":14,"posy":7,"amount":150},{"posx":16,"posy":7,"amount":450},{"posx":9,"posy":8,"amount":50},{"posx":11,"posy":8,"amount":450}],"changedObstacles":[]},{"players":[{"playerId":1168092,"score":475,"energy":11,"posx":3,"posy":6,"lastAction":1,"status":0},{"playerId":2422729,"score":50,"energy":24,"posx":14,"posy":4,"lastAction":5,"status":0},{"playerId":2294637,"score":50,"energy":24,"posx":10,"posy":2,"lastAction":1,"status":0},{"playerId":2271981,"score":375,"energy":38,"posx":2,"posy":2,"lastAction":2,"status":0}],"golds":[{"posx":9,"posy":0,"amount":400},{"posx":7,"posy":1,"amount":100},{"posx":13,"posy":1,"amount":400},{"posx":2,"posy":2,"amount":350},{"posx":10,"posy":3,"amount":150},{"posx":11,"posy":3,"amount":650},{"posx":15,"posy":3,"amount":400},{"posx":18,"posy":3,"amount":450},{"posx":14,"posy":4,"amount":250},{"posx":16,"posy":4,"amount":350},{"posx":10,"posy":5,"amount":400},{"posx":13,"posy":6,"amount":50},{"posx":18,"posy":6,"amount":550},{"posx":14,"posy":7,"amount":150},{"posx":16,"posy":7,"amount":450},{"posx":9,"posy":8,"amount":50},{"posx":11,"posy":8,"amount":450}],"changedObstacles":[]},{"players":[{"playerId":1168092,"score":475,"energy":10,"posx":4,"posy":6,"lastAction":1,"status":0},{"playerId":2422729,"score":100,"energy":19,"posx":14,"posy":4,"lastAction":5,"status":0},{"playerId":2294637,"score":50,"energy":23,"posx":11,"posy":2,"lastAction":1,"status":0},{"playerId":2271981,"score":425,"energy":33,"posx":2,"posy":2,"lastAction":5,"status":0}],"golds":[{"posx":9,"posy":0,"amount":400},{"posx":7,"posy":1,"amount":100},{"posx":13,"posy":1,"amount":400},{"posx":2,"posy":2,"amount":300},{"posx":10,"posy":3,"amount":150},{"posx":11,"posy":3,"amount":650},{"posx":15,"posy":3,"amount":400},{"posx":18,"posy":3,"amount":450},{"posx":14,"posy":4,"amount":200},{"posx":16,"posy":4,"amount":350},{"posx":10,"posy":5,"amount":400},{"posx":13,"posy":6,"amount":50},{"posx":18,"posy":6,"amount":550},{"posx":14,"posy":7,"amount":150},{"posx":16,"posy":7,"amount":450},{"posx":9,"posy":8,"amount":50},{"posx":11,"posy":8,"amount":450}],"changedObstacles":[]},{"players":[{"playerId":1168092,"score":475,"energy":9,"posx":5,"posy":6,"lastAction":1,"status":0},{"playerId":2422729,"score":150,"energy":14,"posx":14,"posy":4,"lastAction":5,"status":0},{"playerId":2294637,"score":50,"energy":22,"posx":12,"posy":2,"lastAction":1,"status":0},{"playerId":2271981,"score":475,"energy":28,"posx":2,"posy":2,"lastAction":5,"status":0}],"golds":[{"posx":9,"posy":0,"amount":400},{"posx":7,"posy":1,"amount":100},{"posx":13,"posy":1,"amount":400},{"posx":2,"posy":2,"amount":250},{"posx":10,"posy":3,"amount":150},{"posx":11,"posy":3,"amount":650},{"posx":15,"posy":3,"amount":400},{"posx":18,"posy":3,"amount":450},{"posx":14,"posy":4,"amount":150},{"posx":16,"posy":4,"amount":350},{"posx":10,"posy":5,"amount":400},{"posx":13,"posy":6,"amount":50},{"posx":18,"posy":6,"amount":550},{"posx":14,"posy":7,"amount":150},{"posx":16,"posy":7,"amount":450},{"posx":9,"posy":8,"amount":50},{"posx":11,"posy":8,"amount":450}],"changedObstacles":[]},{"players":[{"playerId":1168092,"score":475,"energy":21,"posx":5,"posy":6,"lastAction":4,"status":0},{"playerId":2422729,"score":200,"energy":9,"posx":14,"posy":4,"lastAction":5,"status":0},{"playerId":2294637,"score":50,"energy":21,"posx":13,"posy":2,"lastAction":1,"status":0},{"playerId":2271981,"score":525,"energy":23,"posx":2,"posy":2,"lastAction":5,"status":0}],"golds":[{"posx":9,"posy":0,"amount":400},{"posx":7,"posy":1,"amount":100},{"posx":13,"posy":1,"amount":400},{"posx":2,"posy":2,"amount":200},{"posx":10,"posy":3,"amount":150},{"posx":11,"posy":3,"amount":650},{"posx":15,"posy":3,"amount":400},{"posx":18,"posy":3,"amount":450},{"posx":14,"posy":4,"amount":100},{"posx":16,"posy":4,"amount":350},{"posx":10,"posy":5,"amount":400},{"posx":13,"posy":6,"amount":50},{"posx":18,"posy":6,"amount":550},{"posx":14,"posy":7,"amount":150},{"posx":16,"posy":7,"amount":450},{"posx":9,"posy":8,"amount":50},{"posx":11,"posy":8,"amount":450}],"changedObstacles":[]},{"players":[{"playerId":1168092,"score":475,"energy":11,"posx":6,"posy":6,"lastAction":1,"status":0},{"playerId":2422729,"score":250,"energy":4,"posx":14,"posy":4,"lastAction":5,"status":0},{"playerId":2294637,"score":50,"energy":17,"posx":13,"posy":1,"lastAction":2,"status":0},{"playerId":2271981,"score":575,"energy":18,"posx":2,"posy":2,"lastAction":5,"status":0}],"golds":[{"posx":9,"posy":0,"amount":400},{"posx":7,"posy":1,"amount":100},{"posx":13,"posy":1,"amount":400},{"posx":2,"posy":2,"amount":150},{"posx":10,"posy":3,"amount":150},{"posx":11,"posy":3,"amount":650},{"posx":15,"posy":3,"amount":400},{"posx":18,"posy":3,"amount":450},{"posx":14,"posy":4,"amount":50},{"posx":16,"posy":4,"amount":350},{"posx":10,"posy":5,"amount":400},{"posx":13,"posy":6,"amount":50},{"posx":18,"posy":6,"amount":550},{"posx":14,"posy":7,"amount":150},{"posx":16,"posy":7,"amount":450},{"posx":9,"posy":8,"amount":50},{"posx":11,"posy":8,"amount":450}],"changedObstacles":[]},{"players":[{"playerId":1168092,"score":475,"energy":10,"posx":7,"posy":6,"lastAction":1,"status":0},{"playerId":2422729,"score":250,"energy":16,"posx":14,"posy":4,"lastAction":4,"status":0},{"playerId":2294637,"score":100,"energy":12,"posx":13,"posy":1,"lastAction":5,"status":0},{"playerId":2271981,"score":625,"energy":13,"posx":2,"posy":2,"lastAction":5,"status":0}],"golds":[{"posx":9,"posy":0,"amount":400},{"posx":7,"posy":1,"amount":100},{"posx":13,"posy":1,"amount":350},{"posx":2,"posy":2,"amount":100},{"posx":10,"posy":3,"amount":150},{"posx":11,"posy":3,"amount":650},{"posx":15,"posy":3,"amount":400},{"posx":18,"posy":3,"amount":450},{"posx":14,"posy":4,"amount":50},{"posx":16,"posy":4,"amount":350},{"posx":10,"posy":5,"amount":400},{"posx":13,"posy":6,"amount":50},{"posx":18,"posy":6,"amount":550},{"posx":14,"posy":7,"amount":150},{"posx":16,"posy":7,"amount":450},{"posx":9,"posy":8,"amount":50},{"posx":11,"posy":8,"amount":450}],"changedObstacles":[]},{"players":[{"playerId":1168092,"score":475,"energy":9,"posx":8,"posy":6,"lastAction":1,"status":0},{"playerId":2422729,"score":250,"energy":32,"posx":14,"posy":4,"lastAction":4,"status":0},{"playerId":2294637,"score":150,"energy":7,"posx":13,"posy":1,"lastAction":5,"status":0},{"playerId":2271981,"score":675,"energy":8,"posx":2,"posy":2,"lastAction":5,"status":0}],"golds":[{"posx":9,"posy":0,"amount":400},{"posx":7,"posy":1,"amount":100},{"posx":13,"posy":1,"amount":300},{"posx":2,"posy":2,"amount":50},{"posx":10,"posy":3,"amount":150},{"posx":11,"posy":3,"amount":650},{"posx":15,"posy":3,"amount":400},{"posx":18,"posy":3,"amount":450},{"posx":14,"posy":4,"amount":50},{"posx":16,"posy":4,"amount":350},{"posx":10,"posy":5,"amount":400},{"posx":13,"posy":6,"amount":50},{"posx":18,"posy":6,"amount":550},{"posx":14,"posy":7,"amount":150},{"posx":16,"posy":7,"amount":450},{"posx":9,"posy":8,"amount":50},{"posx":11,"posy":8,"amount":450}],"changedObstacles":[]},{"players":[{"playerId":1168092,"score":475,"energy":8,"posx":9,"posy":6,"lastAction":1,"status":0},{"playerId":2422729,"score":250,"energy":50,"posx":14,"posy":4,"lastAction":4,"status":0},{"playerId":2294637,"score":150,"energy":19,"posx":13,"posy":1,"lastAction":4,"status":0},{"playerId":2271981,"score":725,"energy":3,"posx":2,"posy":2,"lastAction":5,"status":0}],"golds":[{"posx":9,"posy":0,"amount":400},{"posx":7,"posy":1,"amount":100},{"posx":13,"posy":1,"amount":300},{"posx":10,"posy":3,"amount":150},{"posx":11,"posy":3,"amount":650},{"posx":15,"posy":3,"amount":400},{"posx":18,"posy":3,"amount":450},{"posx":14,"posy":4,"amount":50},{"posx":16,"posy":4,"amount":350},{"posx":10,"posy":5,"amount":400},{"posx":13,"posy":6,"amount":50},{"posx":18,"posy":6,"amount":550},{"posx":14,"posy":7,"amount":150},{"posx":16,"posy":7,"amount":450},{"posx":9,"posy":8,"amount":50},{"posx":11,"posy":8,"amount":450}],"changedObstacles":[{"type":0,"posx":2,"posy":2,"value":-1}]},{"players":[{"playerId":1168092,"score":475,"energy":7,"posx":10,"posy":6,"lastAction":1,"status":0},{"playerId":2422729,"score":300,"energy":45,"posx":14,"posy":4,"lastAction":5,"status":0},{"playerId":2294637,"score":150,"energy":35,"posx":13,"posy":1,"lastAction":4,"status":0},{"playerId":2271981,"score":725,"energy":15,"posx":2,"posy":2,"lastAction":4,"status":0}],"golds":[{"posx":9,"posy":0,"amount":400},{"posx":7,"posy":1,"amount":100},{"posx":13,"posy":1,"amount":300},{"posx":10,"posy":3,"amount":150},{"posx":11,"posy":3,"amount":650},{"posx":15,"posy":3,"amount":400},{"posx":18,"posy":3,"amount":450},{"posx":16,"posy":4,"amount":350},{"posx":10,"posy":5,"amount":400},{"posx":13,"posy":6,"amount":50},{"posx":18,"posy":6,"amount":550},{"posx":14,"posy":7,"amount":150},{"posx":16,"posy":7,"amount":450},{"posx":9,"posy":8,"amount":50},{"posx":11,"posy":8,"amount":450}],"changedObstacles":[{"type":0,"posx":14,"posy":4,"value":-1}]},{"players":[{"playerId":1168092,"score":475,"energy":3,"posx":10,"posy":5,"lastAction":2,"status":0},{"playerId":2422729,"score":300,"energy":44,"posx":14,"posy":5,"lastAction":3,"status":0},{"playerId":2294637,"score":150,"energy":50,"posx":13,"posy":1,"lastAction":4,"status":0},{"playerId":2271981,"score":725,"energy":31,"posx":2,"posy":2,"lastAction":4,"status":0}],"golds":[{"posx":9,"posy":0,"amount":400},{"posx":7,"posy":1,"amount":100},{"posx":13,"posy":1,"amount":300},{"posx":10,"posy":3,"amount":150},{"posx":11,"posy":3,"amount":650},{"posx":15,"posy":3,"amount":400},{"posx":18,"posy":3,"amount":450},{"posx":16,"posy":4,"amount":350},{"posx":10,"posy":5,"amount":400},{"posx":13,"posy":6,"amount":50},{"posx":18,"posy":6,"amount":550},{"posx":14,"posy":7,"amount":150},{"posx":16,"posy":7,"amount":450},{"posx":9,"posy":8,"amount":50},{"posx":11,"posy":8,"amount":450}],"changedObstacles":[]},{"players":[{"playerId":1168092,"score":475,"energy":15,"posx":10,"posy":5,"lastAction":4,"status":0},{"playerId":2422729,"score":300,"energy":43,"posx":13,"posy":5,"lastAction":0,"status":0},{"playerId":2294637,"score":200,"energy":45,"posx":13,"posy":1,"lastAction":5,"status":0},{"playerId":2271981,"score":725,"energy":50,"posx":2,"posy":2,"lastAction":4,"status":0}],"golds":[{"posx":9,"posy":0,"amount":400},{"posx":7,"posy":1,"amount":100},{"posx":13,"posy":1,"amount":250},{"posx":10,"posy":3,"amount":150},{"posx":11,"posy":3,"amount":650},{"posx":15,"posy":3,"amount":400},{"posx":18,"posy":3,"amount":450},{"posx":16,"posy":4,"amount":350},{"posx":10,"posy":5,"amount":400},{"posx":13,"posy":6,"amount":50},{"posx":18,"posy":6,"amount":550},{"posx":14,"posy":7,"amount":150},{"posx":16,"posy":7,"amount":450},{"posx":9,"posy":8,"amount":50},{"posx":11,"posy":8,"amount":450}],"changedObstacles":[]},{"players":[{"playerId":1168092,"score":475,"energy":31,"posx":10,"posy":5,"lastAction":4,"status":0},{"playerId":2422729,"score":300,"energy":42,"posx":13,"posy":4,"lastAction":2,"status":0},{"playerId":2294637,"score":250,"energy":40,"posx":13,"posy":1,"lastAction":5,"status":0},{"playerId":2271981,"score":725,"energy":49,"posx":2,"posy":3,"lastAction":3,"status":0}],"golds":[{"posx":9,"posy":0,"amount":400},{"posx":7,"posy":1,"amount":100},{"posx":13,"posy":1,"amount":200},{"posx":10,"posy":3,"amount":150},{"posx":11,"posy":3,"amount":650},{"posx":15,"posy":3,"amount":400},{"posx":18,"posy":3,"amount":450},{"posx":16,"posy":4,"amount":350},{"posx":10,"posy":5,"amount":400},{"posx":13,"posy":6,"amount":50},{"posx":18,"posy":6,"amount":550},{"posx":14,"posy":7,"amount":150},{"posx":16,"posy":7,"amount":450},{"posx":9,"posy":8,"amount":50},{"posx":11,"posy":8,"amount":450}],"changedObstacles":[]},{"players":[{"playerId":1168092,"score":525,"energy":26,"posx":10,"posy":5,"lastAction":5,"status":0},{"playerId":2422729,"score":300,"energy":41,"posx":13,"posy":5,"lastAction":3,"status":0},{"playerId":2294637,"score":300,"energy":35,"posx":13,"posy":1,"lastAction":5,"status":0},{"playerId":2271981,"score":725,"energy":48,"posx":3,"posy":3,"lastAction":1,"status":0}],"golds":[{"posx":9,"posy":0,"amount":400},{"posx":7,"posy":1,"amount":100},{"posx":13,"posy":1,"amount":150},{"posx":10,"posy":3,"amount":150},{"posx":11,"posy":3,"amount":650},{"posx":15,"posy":3,"amount":400},{"posx":18,"posy":3,"amount":450},{"posx":16,"posy":4,"amount":350},{"posx":10,"posy":5,"amount":350},{"posx":13,"posy":6,"amount":50},{"posx":18,"posy":6,"amount":550},{"posx":14,"posy":7,"amount":150},{"posx":16,"posy":7,"amount":450},{"posx":9,"posy":8,"amount":50},{"posx":11,"posy":8,"amount":450}],"changedObstacles":[]},{"players":[{"playerId":1168092,"score":575,"energy":21,"posx":10,"posy":5,"lastAction":5,"status":0},{"playerId":2422729,"score":300,"energy":40,"posx":13,"posy":4,"lastAction":2,"status":0},{"playerId":2294637,"score":350,"energy":30,"posx":13,"posy":1,"lastAction":5,"status":0},{"playerId":2271981,"score":725,"energy":47,"posx":4,"posy":3,"lastAction":1,"status":0}],"golds":[{"posx":9,"posy":0,"amount":400},{"posx":7,"posy":1,"amount":100},{"posx":13,"posy":1,"amount":100},{"posx":10,"posy":3,"amount":150},{"posx":11,"posy":3,"amount":650},{"posx":15,"posy":3,"amount":400},{"posx":18,"posy":3,"amount":450},{"posx":16,"posy":4,"amount":350},{"posx":10,"posy":5,"amount":300},{"posx":13,"posy":6,"amount":50},{"posx":18,"posy":6,"amount":550},{"posx":14,"posy":7,"amount":150},{"posx":16,"posy":7,"amount":450},{"posx":9,"posy":8,"amount":50},{"posx":11,"posy":8,"amount":450}],"changedObstacles":[]},{"players":[{"playerId":1168092,"score":625,"energy":16,"posx":10,"posy":5,"lastAction":5,"status":0},{"playerId":2422729,"score":300,"energy":39,"posx":13,"posy":5,"lastAction":3,"status":0},{"playerId":2294637,"score":400,"energy":25,"posx":13,"posy":1,"lastAction":5,"status":0},{"playerId":2271981,"score":725,"energy":46,"posx":5,"posy":3,"lastAction":1,"status":0}],"golds":[{"posx":9,"posy":0,"amount":400},{"posx":7,"posy":1,"amount":100},{"posx":13,"posy":1,"amount":50},{"posx":10,"posy":3,"amount":150},{"posx":11,"posy":3,"amount":650},{"posx":15,"posy":3,"amount":400},{"posx":18,"posy":3,"amount":450},{"posx":16,"posy":4,"amount":350},{"posx":10,"posy":5,"amount":250},{"posx":13,"posy":6,"amount":50},{"posx":18,"posy":6,"amount":550},{"posx":14,"posy":7,"amount":150},{"posx":16,"posy":7,"amount":450},{"posx":9,"posy":8,"amount":50},{"posx":11,"posy":8,"amount":450}],"changedObstacles":[]},{"players":[{"playerId":1168092,"score":675,"energy":11,"posx":10,"posy":5,"lastAction":5,"status":0},{"playerId":2422729,"score":300,"energy":38,"posx":13,"posy":4,"lastAction":2,"status":0},{"playerId":2294637,"score":450,"energy":20,"posx":13,"posy":1,"lastAction":5,"status":0},{"playerId":2271981,"score":725,"energy":45,"posx":6,"posy":3,"lastAction":1,"status":0}],"golds":[{"posx":9,"posy":0,"amount":400},{"posx":7,"posy":1,"amount":100},{"posx":10,"posy":3,"amount":150},{"posx":11,"posy":3,"amount":650},{"posx":15,"posy":3,"amount":400},{"posx":18,"posy":3,"amount":450},{"posx":16,"posy":4,"amount":350},{"posx":10,"posy":5,"amount":200},{"posx":13,"posy":6,"amount":50},{"posx":18,"posy":6,"amount":550},{"posx":14,"posy":7,"amount":150},{"posx":16,"posy":7,"amount":450},{"posx":9,"posy":8,"amount":50},{"posx":11,"posy":8,"amount":450}],"changedObstacles":[{"type":0,"posx":13,"posy":1,"value":-1}]},{"players":[{"playerId":1168092,"score":725,"energy":6,"posx":10,"posy":5,"lastAction":5,"status":0},{"playerId":2422729,"score":300,"energy":37,"posx":13,"posy":5,"lastAction":3,"status":0},{"playerId":2294637,"score":450,"energy":19,"posx":12,"posy":1,"lastAction":0,"status":0},{"playerId":2271981,"score":725,"energy":44,"posx":7,"posy":3,"lastAction":1,"status":0}],"golds":[{"posx":9,"posy":0,"amount":400},{"posx":7,"posy":1,"amount":100},{"posx":10,"posy":3,"amount":150},{"posx":11,"posy":3,"amount":650},{"posx":15,"posy":3,"amount":400},{"posx":18,"posy":3,"amount":450},{"posx":16,"posy":4,"amount":350},{"posx":10,"posy":5,"amount":150},{"posx":13,"posy":6,"amount":50},{"posx":18,"posy":6,"amount":550},{"posx":14,"posy":7,"amount":150},{"posx":16,"posy":7,"amount":450},{"posx":9,"posy":8,"amount":50},{"posx":11,"posy":8,"amount":450}],"changedObstacles":[]},{"players":[{"playerId":1168092,"score":775,"energy":1,"posx":10,"posy":5,"lastAction":5,"status":0},{"playerId":2422729,"score":300,"energy":36,"posx":13,"posy":4,"lastAction":2,"status":0},{"playerId":2294637,"score":450,"energy":18,"posx":11,"posy":1,"lastAction":0,"status":0},{"playerId":2271981,"score":725,"energy":43,"posx":8,"posy":3,"lastAction":1,"status":0}],"golds":[{"posx":9,"posy":0,"amount":400},{"posx":7,"posy":1,"amount":100},{"posx":10,"posy":3,"amount":150},{"posx":11,"posy":3,"amount":650},{"posx":15,"posy":3,"amount":400},{"posx":18,"posy":3,"amount":450},{"posx":16,"posy":4,"amount":350},{"posx":10,"posy":5,"amount":100},{"posx":13,"posy":6,"amount":50},{"posx":18,"posy":6,"amount":550},{"posx":14,"posy":7,"amount":150},{"posx":16,"posy":7,"amount":450},{"posx":9,"posy":8,"amount":50},{"posx":11,"posy":8,"amount":450}],"changedObstacles":[]},{"players":[{"playerId":1168092,"score":775,"energy":13,"posx":10,"posy":5,"lastAction":4,"status":0},{"playerId":2422729,"score":300,"energy":35,"posx":13,"posy":5,"lastAction":3,"status":0},{"playerId":2294637,"score":450,"energy":17,"posx":10,"posy":1,"lastAction":0,"status":0},{"playerId":2271981,"score":725,"energy":24,"posx":9,"posy":3,"lastAction":1,"status":0}],"golds":[{"posx":9,"posy":0,"amount":400},{"posx":7,"posy":1,"amount":100},{"posx":10,"posy":3,"amount":150},{"posx":11,"posy":3,"amount":650},{"posx":15,"posy":3,"amount":400},{"posx":18,"posy":3,"amount":450},{"posx":16,"posy":4,"amount":350},{"posx":10,"posy":5,"amount":100},{"posx":13,"posy":6,"amount":50},{"posx":18,"posy":6,"amount":550},{"posx":14,"posy":7,"amount":150},{"posx":16,"posy":7,"amount":450},{"posx":9,"posy":8,"amount":50},{"posx":11,"posy":8,"amount":450}],"changedObstacles":[]},{"players":[{"playerId":1168092,"score":775,"energy":29,"posx":10,"posy":5,"lastAction":4,"status":0},{"playerId":2422729,"score":300,"energy":31,"posx":13,"posy":6,"lastAction":3,"status":0},{"playerId":2294637,"score":450,"energy":16,"posx":9,"posy":1,"lastAction":0,"status":0},{"playerId":2271981,"score":725,"energy":20,"posx":10,"posy":3,"lastAction":1,"status":0}],"golds":[{"posx":9,"posy":0,"amount":400},{"posx":7,"posy":1,"amount":100},{"posx":10,"posy":3,"amount":150},{"posx":11,"posy":3,"amount":650},{"posx":15,"posy":3,"amount":400},{"posx":18,"posy":3,"amount":450},{"posx":16,"posy":4,"amount":350},{"posx":10,"posy":5,"amount":100},{"posx":13,"posy":6,"amount":50},{"posx":18,"posy":6,"amount":550},{"posx":14,"posy":7,"amount":150},{"posx":16,"posy":7,"amount":450},{"posx":9,"posy":8,"amount":50},{"posx":11,"posy":8,"amount":450}],"changedObstacles":[]},{"players":[{"playerId":1168092,"score":825,"energy":24,"posx":10,"posy":5,"lastAction":5,"status":0},{"playerId":2422729,"score":350,"energy":26,"posx":13,"posy":6,"lastAction":5,"status":0},{"playerId":2294637,"score":450,"energy":12,"posx":9,"posy":0,"lastAction":2,"status":0},{"playerId":2271981,"score":775,"energy":15,"posx":10,"posy":3,"lastAction":5,"status":0}],"golds":[{"posx":9,"posy":0,"amount":400},{"posx":7,"posy":1,"amount":100},{"posx":10,"posy":3,"amount":100},{"posx":11,"posy":3,"amount":650},{"posx":15,"posy":3,"amount":400},{"posx":18,"posy":3,"amount":450},{"posx":16,"posy":4,"amount":350},{"posx":10,"posy":5,"amount":50},{"posx":18,"posy":6,"amount":550},{"posx":14,"posy":7,"amount":150},{"posx":16,"posy":7,"amount":450},{"posx":9,"posy":8,"amount":50},{"posx":11,"posy":8,"amount":450}],"changedObstacles":[{"type":0,"posx":13,"posy":6,"value":-1}]},{"players":[{"playerId":1168092,"score":875,"energy":19,"posx":10,"posy":5,"lastAction":5,"status":0},{"playerId":2422729,"score":350,"energy":25,"posx":14,"posy":6,"lastAction":1,"status":0},{"playerId":2294637,"score":500,"energy":7,"posx":9,"posy":0,"lastAction":5,"status":0},{"playerId":2271981,"score":825,"energy":10,"posx":10,"posy":3,"lastAction":5,"status":0}],"golds":[{"posx":9,"posy":0,"amount":350},{"posx":7,"posy":1,"amount":100},{"posx":10,"posy":3,"amount":50},{"posx":11,"posy":3,"amount":650},{"posx":15,"posy":3,"amount":400},{"posx":18,"posy":3,"amount":450},{"posx":16,"posy":4,"amount":350},{"posx":18,"posy":6,"amount":550},{"posx":14,"posy":7,"amount":150},{"posx":16,"posy":7,"amount":450},{"posx":9,"posy":8,"amount":50},{"posx":11,"posy":8,"amount":450}],"changedObstacles":[{"type":0,"posx":10,"posy":5,"value":-1}]},{"players":[{"playerId":1168092,"score":875,"energy":18,"posx":10,"posy":6,"lastAction":3,"status":0},{"playerId":2422729,"score":350,"energy":24,"posx":15,"posy":6,"lastAction":1,"status":0},{"playerId":2294637,"score":500,"energy":19,"posx":9,"posy":0,"lastAction":4,"status":0},{"playerId":2271981,"score":875,"energy":5,"posx":10,"posy":3,"lastAction":5,"status":0}],"golds":[{"posx":9,"posy":0,"amount":350},{"posx":7,"posy":1,"amount":100},{"posx":11,"posy":3,"amount":650},{"posx":15,"posy":3,"amount":400},{"posx":18,"posy":3,"amount":450},{"posx":16,"posy":4,"amount":350},{"posx":18,"posy":6,"amount":550},{"posx":14,"posy":7,"amount":150},{"posx":16,"posy":7,"amount":450},{"posx":9,"posy":8,"amount":50},{"posx":11,"posy":8,"amount":450}],"changedObstacles":[{"type":0,"posx":10,"posy":3,"value":-1}]},{"players":[{"playerId":1168092,"score":875,"energy":17,"posx":11,"posy":6,"lastAction":1,"status":0},{"playerId":2422729,"score":350,"energy":23,"posx":16,"posy":6,"lastAction":1,"status":0},{"playerId":2294637,"score":500,"energy":35,"posx":9,"posy":0,"lastAction":4,"status":0},{"playerId":2271981,"score":875,"energy":17,"posx":10,"posy":3,"lastAction":4,"status":0}],"golds":[{"posx":9,"posy":0,"amount":350},{"posx":7,"posy":1,"amount":100},{"posx":11,"posy":3,"amount":650},{"posx":15,"posy":3,"amount":400},{"posx":18,"posy":3,"amount":450},{"posx":16,"posy":4,"amount":350},{"posx":18,"posy":6,"amount":550},{"posx":14,"posy":7,"amount":150},{"posx":16,"posy":7,"amount":450},{"posx":9,"posy":8,"amount":50},{"posx":11,"posy":8,"amount":450}],"changedObstacles":[]},{"players":[{"playerId":1168092,"score":875,"energy":29,"posx":11,"posy":6,"lastAction":4,"status":0},{"playerId":2422729,"score":350,"energy":18,"posx":17,"posy":6,"lastAction":1,"status":0},{"playerId":2294637,"score":500,"energy":50,"posx":9,"posy":0,"lastAction":4,"status":0},{"playerId":2271981,"score":875,"energy":33,"posx":10,"posy":3,"lastAction":4,"status":0}],"golds":[{"posx":9,"posy":0,"amount":350},{"posx":7,"posy":1,"amount":100},{"posx":11,"posy":3,"amount":650},{"posx":15,"posy":3,"amount":400},{"posx":18,"posy":3,"amount":450},{"posx":16,"posy":4,"amount":350},{"posx":18,"posy":6,"amount":550},{"posx":14,"posy":7,"amount":150},{"posx":16,"posy":7,"amount":450},{"posx":9,"posy":8,"amount":50},{"posx":11,"posy":8,"amount":450}],"changedObstacles":[{"type":3,"posx":17,"posy":6,"value":-20}]},{"players":[{"playerId":1168092,"score":875,"energy":11,"posx":12,"posy":6,"lastAction":1,"status":0},{"playerId":2422729,"score":350,"energy":14,"posx":18,"posy":6,"lastAction":1,"status":0},{"playerId":2294637,"score":550,"energy":45,"posx":9,"posy":0,"lastAction":5,"status":0},{"playerId":2271981,"score":875,"energy":50,"posx":10,"posy":3,"lastAction":4,"status":0}],"golds":[{"posx":9,"posy":0,"amount":300},{"posx":7,"posy":1,"amount":100},{"posx":11,"posy":3,"amount":650},{"posx":15,"posy":3,"amount":400},{"posx":18,"posy":3,"amount":450},{"posx":16,"posy":4,"amount":350},{"posx":18,"posy":6,"amount":550},{"posx":14,"posy":7,"amount":150},{"posx":16,"posy":7,"amount":450},{"posx":9,"posy":8,"amount":50},{"posx":11,"posy":8,"amount":450}],"changedObstacles":[]},{"players":[{"playerId":1168092,"score":875,"energy":10,"posx":13,"posy":6,"lastAction":1,"status":0},{"playerId":2422729,"score":400,"energy":9,"posx":18,"posy":6,"lastAction":5,"status":0},{"playerId":2294637,"score":600,"energy":40,"posx":9,"posy":0,"lastAction":5,"status":0},{"playerId":2271981,"score":875,"energy":46,"posx":11,"posy":3,"lastAction":1,"status":0}],"golds":[{"posx":9,"posy":0,"amount":250},{"posx":7,"posy":1,"amount":100},{"posx":11,"posy":3,"amount":650},{"posx":15,"posy":3,"amount":400},{"posx":18,"posy":3,"amount":450},{"posx":16,"posy":4,"amount":350},{"posx":18,"posy":6,"amount":500},{"posx":14,"posy":7,"amount":150},{"posx":16,"posy":7,"amount":450},{"posx":9,"posy":8,"amount":50},{"posx":11,"posy":8,"amount":450}],"changedObstacles":[]},{"players":[{"playerId":1168092,"score":875,"energy":9,"posx":14,"posy":6,"lastAction":1,"status":0},{"playerId":2422729,"score":450,"energy":4,"posx":18,"posy":6,"lastAction":5,"status":0},{"playerId":2294637,"score":650,"energy":35,"posx":9,"posy":0,"lastAction":5,"status":0},{"playerId":2271981,"score":925,"energy":41,"posx":11,"posy":3,"lastAction":5,"status":0}],"golds":[{"posx":9,"posy":0,"amount":200},{"posx":7,"posy":1,"amount":100},{"posx":11,"posy":3,"amount":600},{"posx":15,"posy":3,"amount":400},{"posx":18,"posy":3,"amount":450},{"posx":16,"posy":4,"amount":350},{"posx":18,"posy":6,"amount":450},{"posx":14,"posy":7,"amount":150},{"posx":16,"posy":7,"amount":450},{"posx":9,"posy":8,"amount":50},{"posx":11,"posy":8,"amount":450}],"changedObstacles":[]},{"players":[{"playerId":1168092,"score":875,"energy":5,"posx":14,"posy":7,"lastAction":3,"status":0},{"playerId":2422729,"score":450,"energy":16,"posx":18,"posy":6,"lastAction":4,"status":0},{"playerId":2294637,"score":700,"energy":30,"posx":9,"posy":0,"lastAction":5,"status":0},{"playerId":2271981,"score":975,"energy":36,"posx":11,"posy":3,"lastAction":5,"status":0}],"golds":[{"posx":9,"posy":0,"amount":150},{"posx":7,"posy":1,"amount":100},{"posx":11,"posy":3,"amount":550},{"posx":15,"posy":3,"amount":400},{"posx":18,"posy":3,"amount":450},{"posx":16,"posy":4,"amount":350},{"posx":18,"posy":6,"amount":450},{"posx":14,"posy":7,"amount":150},{"posx":16,"posy":7,"amount":450},{"posx":9,"posy":8,"amount":50},{"posx":11,"posy":8,"amount":450}],"changedObstacles":[]},{"players":[{"playerId":1168092,"score":875,"energy":17,"posx":14,"posy":7,"lastAction":4,"status":0},{"playerId":2422729,"score":450,"energy":32,"posx":18,"posy":6,"lastAction":4,"status":0},{"playerId":2294637,"score":750,"energy":25,"posx":9,"posy":0,"lastAction":5,"status":0},{"playerId":2271981,"score":1025,"energy":31,"posx":11,"posy":3,"lastAction":5,"status":0}],"golds":[{"posx":9,"posy":0,"amount":100},{"posx":7,"posy":1,"amount":100},{"posx":11,"posy":3,"amount":500},{"posx":15,"posy":3,"amount":400},{"posx":18,"posy":3,"amount":450},{"posx":16,"posy":4,"amount":350},{"posx":18,"posy":6,"amount":450},{"posx":14,"posy":7,"amount":150},{"posx":16,"posy":7,"amount":450},{"posx":9,"posy":8,"amount":50},{"posx":11,"posy":8,"amount":450}],"changedObstacles":[]},{"players":[{"playerId":1168092,"score":875,"energy":33,"posx":14,"posy":7,"lastAction":4,"status":0},{"playerId":2422729,"score":450,"energy":50,"posx":18,"posy":6,"lastAction":4,"status":0},{"playerId":2294637,"score":800,"energy":20,"posx":9,"posy":0,"lastAction":5,"status":0},{"playerId":2271981,"score":1075,"energy":26,"posx":11,"posy":3,"lastAction":5,"status":0}],"golds":[{"posx":9,"posy":0,"amount":50},{"posx":7,"posy":1,"amount":100},{"posx":11,"posy":3,"amount":450},{"posx":15,"posy":3,"amount":400},{"posx":18,"posy":3,"amount":450},{"posx":16,"posy":4,"amount":350},{"posx":18,"posy":6,"amount":450},{"posx":14,"posy":7,"amount":150},{"posx":16,"posy":7,"amount":450},{"posx":9,"posy":8,"amount":50},{"posx":11,"posy":8,"amount":450}],"changedObstacles":[]},{"players":[{"playerId":1168092,"score":925,"energy":28,"posx":14,"posy":7,"lastAction":5,"status":0},{"playerId":2422729,"score":500,"energy":45,"posx":18,"posy":6,"lastAction":5,"status":0},{"playerId":2294637,"score":850,"energy":15,"posx":9,"posy":0,"lastAction":5,"status":0},{"playerId":2271981,"score":1125,"energy":21,"posx":11,"posy":3,"lastAction":5,"status":0}],"golds":[{"posx":7,"posy":1,"amount":100},{"posx":11,"posy":3,"amount":400},{"posx":15,"posy":3,"amount":400},{"posx":18,"posy":3,"amount":450},{"posx":16,"posy":4,"amount":350},{"posx":18,"posy":6,"amount":400},{"posx":14,"posy":7,"amount":100},{"posx":16,"posy":7,"amount":450},{"posx":9,"posy":8,"amount":50},{"posx":11,"posy":8,"amount":450}],"changedObstacles":[{"type":0,"posx":9,"posy":0,"value":-1}]},{"players":[{"playerId":1168092,"score":975,"energy":23,"posx":14,"posy":7,"lastAction":5,"status":0},{"playerId":2422729,"score":550,"energy":40,"posx":18,"posy":6,"lastAction":5,"status":0},{"playerId":2294637,"score":850,"energy":14,"posx":8,"posy":0,"lastAction":0,"status":0},{"playerId":2271981,"score":1175,"energy":16,"posx":11,"posy":3,"lastAction":5,"status":0}],"golds":[{"posx":7,"posy":1,"amount":100},{"posx":11,"posy":3,"amount":350},{"posx":15,"posy":3,"amount":400},{"posx":18,"posy":3,"amount":450},{"posx":16,"posy":4,"amount":350},{"posx":18,"posy":6,"amount":350},{"posx":14,"posy":7,"amount":50},{"posx":16,"posy":7,"amount":450},{"posx":9,"posy":8,"amount":50},{"posx":11,"posy":8,"amount":450}],"changedObstacles":[]},{"players":[{"playerId":1168092,"score":1025,"energy":18,"posx":14,"posy":7,"lastAction":5,"status":0},{"playerId":2422729,"score":600,"energy":35,"posx":18,"posy":6,"lastAction":5,"status":0},{"playerId":2294637,"score":850,"energy":13,"posx":8,"posy":1,"lastAction":3,"status":0},{"playerId":2271981,"score":1225,"energy":11,"posx":11,"posy":3,"lastAction":5,"status":0}],"golds":[{"posx":7,"posy":1,"amount":100},{"posx":11,"posy":3,"amount":300},{"posx":15,"posy":3,"amount":400},{"posx":18,"posy":3,"amount":450},{"posx":16,"posy":4,"amount":350},{"posx":18,"posy":6,"amount":300},{"posx":16,"posy":7,"amount":450},{"posx":9,"posy":8,"amount":50},{"posx":11,"posy":8,"amount":450}],"changedObstacles":[{"type":0,"posx":14,"posy":7,"value":-1}]},{"players":[{"playerId":1168092,"score":1025,"energy":17,"posx":14,"posy":6,"lastAction":2,"status":0},{"playerId":2422729,"score":650,"energy":30,"posx":18,"posy":6,"lastAction":5,"status":0},{"playerId":2294637,"score":850,"energy":9,"posx":7,"posy":1,"lastAction":0,"status":0},{"playerId":2271981,"score":1275,"energy":6,"posx":11,"posy":3,"lastAction":5,"status":0}],"golds":[{"posx":7,"posy":1,"amount":100},{"posx":11,"posy":3,"amount":250},{"posx":15,"posy":3,"amount":400},{"posx":18,"posy":3,"amount":450},{"posx":16,"posy":4,"amount":350},{"posx":18,"posy":6,"amount":250},{"posx":16,"posy":7,"amount":450},{"posx":9,"posy":8,"amount":50},{"posx":11,"posy":8,"amount":450}],"changedObstacles":[]},{"players":[{"playerId":1168092,"score":1025,"energy":16,"posx":15,"posy":6,"lastAction":1,"status":0},{"playerId":2422729,"score":700,"energy":25,"posx":18,"posy":6,"lastAction":5,"status":0},{"playerId":2294637,"score":900,"energy":4,"posx":7,"posy":1,"lastAction":5,"status":0},{"playerId":2271981,"score":1325,"energy":1,"posx":11,"posy":3,"lastAction":5,"status":0}],"golds":[{"posx":7,"posy":1,"amount":50},{"posx":11,"posy":3,"amount":200},{"posx":15,"posy":3,"amount":400},{"posx":18,"posy":3,"amount":450},{"posx":16,"posy":4,"amount":350},{"posx":18,"posy":6,"amount":200},{"posx":16,"posy":7,"amount":450},{"posx":9,"posy":8,"amount":50},{"posx":11,"posy":8,"amount":450}],"changedObstacles":[]},{"players":[{"playerId":1168092,"score":1025,"energy":15,"posx":16,"posy":6,"lastAction":1,"status":0},{"playerId":2422729,"score":750,"energy":20,"posx":18,"posy":6,"lastAction":5,"status":0},{"playerId":2294637,"score":900,"energy":16,"posx":7,"posy":1,"lastAction":4,"status":0},{"playerId":2271981,"score":1325,"energy":13,"posx":11,"posy":3,"lastAction":4,"status":0}],"golds":[{"posx":7,"posy":1,"amount":50},{"posx":11,"posy":3,"amount":200},{"posx":15,"posy":3,"amount":400},{"posx":18,"posy":3,"amount":450},{"posx":16,"posy":4,"amount":350},{"posx":18,"posy":6,"amount":150},{"posx":16,"posy":7,"amount":450},{"posx":9,"posy":8,"amount":50},{"posx":11,"posy":8,"amount":450}],"changedObstacles":[]},{"players":[{"playerId":1168092,"score":1025,"energy":11,"posx":16,"posy":7,"lastAction":3,"status":0},{"playerId":2422729,"score":800,"energy":15,"posx":18,"posy":6,"lastAction":5,"status":0},{"playerId":2294637,"score":900,"energy":32,"posx":7,"posy":1,"lastAction":4,"status":0},{"playerId":2271981,"score":1325,"energy":29,"posx":11,"posy":3,"lastAction":4,"status":0}],"golds":[{"posx":7,"posy":1,"amount":50},{"posx":11,"posy":3,"amount":200},{"posx":15,"posy":3,"amount":400},{"posx":18,"posy":3,"amount":450},{"posx":16,"posy":4,"amount":350},{"posx":18,"posy":6,"amount":100},{"posx":16,"posy":7,"amount":450},{"posx":9,"posy":8,"amount":50},{"posx":11,"posy":8,"amount":450}],"changedObstacles":[]},{"players":[{"playerId":1168092,"score":1075,"energy":6,"posx":16,"posy":7,"lastAction":5,"status":0},{"playerId":2422729,"score":850,"energy":10,"posx":18,"posy":6,"lastAction":5,"status":0},{"playerId":2294637,"score":900,"energy":50,"posx":7,"posy":1,"lastAction":4,"status":0},{"playerId":2271981,"score":1325,"energy":50,"posx":11,"posy":3,"lastAction":4,"status":0}],"golds":[{"posx":7,"posy":1,"amount":50},{"posx":11,"posy":3,"amount":200},{"posx":15,"posy":3,"amount":400},{"posx":18,"posy":3,"amount":450},{"posx":16,"posy":4,"amount":350},{"posx":18,"posy":6,"amount":50},{"posx":16,"posy":7,"amount":400},{"posx":9,"posy":8,"amount":50},{"posx":11,"posy":8,"amount":450}],"changedObstacles":[]},{"players":[{"playerId":1168092,"score":1125,"energy":1,"posx":16,"posy":7,"lastAction":5,"status":0},{"playerId":2422729,"score":900,"energy":5,"posx":18,"posy":6,"lastAction":5,"status":0},{"playerId":2294637,"score":950,"energy":45,"posx":7,"posy":1,"lastAction":5,"status":0},{"playerId":2271981,"score":1375,"energy":45,"posx":11,"posy":3,"lastAction":5,"status":0}],"golds":[{"posx":11,"posy":3,"amount":150},{"posx":15,"posy":3,"amount":400},{"posx":18,"posy":3,"amount":450},{"posx":16,"posy":4,"amount":350},{"posx":16,"posy":7,"amount":350},{"posx":9,"posy":8,"amount":50},{"posx":11,"posy":8,"amount":450}],"changedObstacles":[{"type":0,"posx":7,"posy":1,"value":-1},{"type":0,"posx":18,"posy":6,"value":-1}]},{"players":[{"playerId":1168092,"score":1125,"energy":13,"posx":16,"posy":7,"lastAction":4,"status":0},{"playerId":2422729,"score":900,"energy":4,"posx":18,"posy":5,"lastAction":2,"status":0},{"playerId":2294637,"score":950,"energy":44,"posx":7,"posy":2,"lastAction":3,"status":0},{"playerId":2271981,"score":1425,"energy":40,"posx":11,"posy":3,"lastAction":5,"status":0}],"golds":[{"posx":11,"posy":3,"amount":100},{"posx":15,"posy":3,"amount":400},{"posx":18,"posy":3,"amount":450},{"posx":16,"posy":4,"amount":350},{"posx":16,"posy":7,"amount":350},{"posx":9,"posy":8,"amount":50},{"posx":11,"posy":8,"amount":450}],"changedObstacles":[]},{"players":[{"playerId":1168092,"score":1125,"energy":29,"posx":16,"posy":7,"lastAction":4,"status":0},{"playerId":2422729,"score":900,"energy":3,"posx":18,"posy":4,"lastAction":2,"status":0},{"playerId":2294637,"score":950,"energy":43,"posx":7,"posy":3,"lastAction":3,"status":0},{"playerId":2271981,"score":1475,"energy":35,"posx":11,"posy":3,"lastAction":5,"status":0}],"golds":[{"posx":11,"posy":3,"amount":50},{"posx":15,"posy":3,"amount":400},{"posx":18,"posy":3,"amount":450},{"posx":16,"posy":4,"amount":350},{"posx":16,"posy":7,"amount":350},{"posx":9,"posy":8,"amount":50},{"posx":11,"posy":8,"amount":450}],"changedObstacles":[]},{"players":[{"playerId":1168092,"score":1175,"energy":24,"posx":16,"posy":7,"lastAction":5,"status":0},{"playerId":2422729,"score":900,"energy":15,"posx":18,"posy":4,"lastAction":4,"status":0},{"playerId":2294637,"score":950,"energy":42,"posx":7,"posy":4,"lastAction":3,"status":0},{"playerId":2271981,"score":1525,"energy":30,"posx":11,"posy":3,"lastAction":5,"status":0}],"golds":[{"posx":15,"posy":3,"amount":400},{"posx":18,"posy":3,"amount":450},{"posx":16,"posy":4,"amount":350},{"posx":16,"posy":7,"amount":300},{"posx":9,"posy":8,"amount":50},{"posx":11,"posy":8,"amount":450}],"changedObstacles":[{"type":0,"posx":11,"posy":3,"value":-1}]},{"players":[{"playerId":1168092,"score":1225,"energy":19,"posx":16,"posy":7,"lastAction":5,"status":0},{"playerId":2422729,"score":900,"energy":31,"posx":18,"posy":4,"lastAction":4,"status":0},{"playerId":2294637,"score":950,"energy":41,"posx":8,"posy":4,"lastAction":1,"status":0},{"playerId":2271981,"score":1525,"energy":29,"posx":12,"posy":3,"lastAction":1,"status":0}],"golds":[{"posx":15,"posy":3,"amount":400},{"posx":18,"posy":3,"amount":450},{"posx":16,"posy":4,"amount":350},{"posx":16,"posy":7,"amount":250},{"posx":9,"posy":8,"amount":50},{"posx":11,"posy":8,"amount":450}],"changedObstacles":[]},{"players":[{"playerId":1168092,"score":1275,"energy":14,"posx":16,"posy":7,"lastAction":5,"status":0},{"playerId":2422729,"score":900,"energy":50,"posx":18,"posy":4,"lastAction":4,"status":0},{"playerId":2294637,"score":950,"energy":40,"posx":9,"posy":4,"lastAction":1,"status":0},{"playerId":2271981,"score":1525,"energy":28,"posx":13,"posy":3,"lastAction":1,"status":0}],"golds":[{"posx":15,"posy":3,"amount":400},{"posx":18,"posy":3,"amount":450},{"posx":16,"posy":4,"amount":350},{"posx":16,"posy":7,"amount":200},{"posx":9,"posy":8,"amount":50},{"posx":11,"posy":8,"amount":450}],"changedObstacles":[]},{"players":[{"playerId":1168092,"score":1325,"energy":9,"posx":16,"posy":7,"lastAction":5,"status":0},{"playerId":2422729,"score":900,"energy":46,"posx":18,"posy":3,"lastAction":2,"status":0},{"playerId":2294637,"score":950,"energy":39,"posx":9,"posy":5,"lastAction":3,"status":0},{"playerId":2271981,"score":1525,"energy":27,"posx":14,"posy":3,"lastAction":1,"status":0}],"golds":[{"posx":15,"posy":3,"amount":400},{"posx":18,"posy":3,"amount":450},{"posx":16,"posy":4,"amount":350},{"posx":16,"posy":7,"amount":150},{"posx":9,"posy":8,"amount":50},{"posx":11,"posy":8,"amount":450}],"changedObstacles":[]},{"players":[{"playerId":1168092,"score":1375,"energy":4,"posx":16,"posy":7,"lastAction":5,"status":0},{"playerId":2422729,"score":950,"energy":41,"posx":18,"posy":3,"lastAction":5,"status":0},{"playerId":2294637,"score":950,"energy":38,"posx":10,"posy":5,"lastAction":1,"status":0},{"playerId":2271981,"score":1525,"energy":23,"posx":15,"posy":3,"lastAction":1,"status":0}],"golds":[{"posx":15,"posy":3,"amount":400},{"posx":18,"posy":3,"amount":400},{"posx":16,"posy":4,"amount":350},{"posx":16,"posy":7,"amount":100},{"posx":9,"posy":8,"amount":50},{"posx":11,"posy":8,"amount":450}],"changedObstacles":[]},{"players":[{"playerId":1168092,"score":1375,"energy":16,"posx":16,"posy":7,"lastAction":4,"status":0},{"playerId":2422729,"score":1000,"energy":36,"posx":18,"posy":3,"lastAction":5,"status":0},{"playerId":2294637,"score":950,"energy":37,"posx":10,"posy":6,"lastAction":3,"status":0},{"playerId":2271981,"score":1575,"energy":18,"posx":15,"posy":3,"lastAction":5,"status":0}],"golds":[{"posx":15,"posy":3,"amount":350},{"posx":18,"posy":3,"amount":350},{"posx":16,"posy":4,"amount":350},{"posx":16,"posy":7,"amount":100},{"posx":9,"posy":8,"amount":50},{"posx":11,"posy":8,"amount":450}],"changedObstacles":[]},{"players":[{"playerId":1168092,"score":1375,"energy":32,"posx":16,"posy":7,"lastAction":4,"status":0},{"playerId":2422729,"score":1050,"energy":31,"posx":18,"posy":3,"lastAction":5,"status":0},{"playerId":2294637,"score":950,"energy":36,"posx":10,"posy":7,"lastAction":3,"status":0},{"playerId":2271981,"score":1625,"energy":13,"posx":15,"posy":3,"lastAction":5,"status":0}],"golds":[{"posx":15,"posy":3,"amount":300},{"posx":18,"posy":3,"amount":300},{"posx":16,"posy":4,"amount":350},{"posx":16,"posy":7,"amount":100},{"posx":9,"posy":8,"amount":50},{"posx":11,"posy":8,"amount":450}],"changedObstacles":[]},{"players":[{"playerId":1168092,"score":1425,"energy":27,"posx":16,"posy":7,"lastAction":5,"status":0},{"playerId":2422729,"score":1100,"energy":26,"posx":18,"posy":3,"lastAction":5,"status":0},{"playerId":2294637,"score":950,"energy":35,"posx":11,"posy":7,"lastAction":1,"status":0},{"playerId":2271981,"score":1675,"energy":8,"posx":15,"posy":3,"lastAction":5,"status":0}],"golds":[{"posx":15,"posy":3,"amount":250},{"posx":18,"posy":3,"amount":250},{"posx":16,"posy":4,"amount":350},{"posx":16,"posy":7,"amount":50},{"posx":9,"posy":8,"amount":50},{"posx":11,"posy":8,"amount":450}],"changedObstacles":[]},{"players":[{"playerId":1168092,"score":1475,"energy":22,"posx":16,"posy":7,"lastAction":5,"status":0},{"playerId":2422729,"score":1150,"energy":21,"posx":18,"posy":3,"lastAction":5,"status":0},{"playerId":2294637,"score":950,"energy":31,"posx":11,"posy":8,"lastAction":3,"status":0},{"playerId":2271981,"score":1725,"energy":3,"posx":15,"posy":3,"lastAction":5,"status":0}],"golds":[{"posx":15,"posy":3,"amount":200},{"posx":18,"posy":3,"amount":200},{"posx":16,"posy":4,"amount":350},{"posx":9,"posy":8,"amount":50},{"posx":11,"posy":8,"amount":450}],"changedObstacles":[{"type":0,"posx":16,"posy":7,"value":-1}]},{"players":[{"playerId":1168092,"score":1475,"energy":21,"posx":16,"posy":6,"lastAction":2,"status":0},{"playerId":2422729,"score":1200,"energy":16,"posx":18,"posy":3,"lastAction":5,"status":0},{"playerId":2294637,"score":1000,"energy":26,"posx":11,"posy":8,"lastAction":5,"status":0},{"playerId":2271981,"score":1725,"energy":15,"posx":15,"posy":3,"lastAction":4,"status":0}],"golds":[{"posx":15,"posy":3,"amount":200},{"posx":18,"posy":3,"amount":150},{"posx":16,"posy":4,"amount":350},{"posx":9,"posy":8,"amount":50},{"posx":11,"posy":8,"amount":400}],"changedObstacles":[]},{"players":[{"playerId":1168092,"score":1475,"energy":20,"posx":16,"posy":5,"lastAction":2,"status":0},{"playerId":2422729,"score":1250,"energy":11,"posx":18,"posy":3,"lastAction":5,"status":0},{"playerId":2294637,"score":1050,"energy":21,"posx":11,"posy":8,"lastAction":5,"status":0},{"playerId":2271981,"score":1725,"energy":31,"posx":15,"posy":3,"lastAction":4,"status":0}],"golds":[{"posx":15,"posy":3,"amount":200},{"posx":18,"posy":3,"amount":100},{"posx":16,"posy":4,"amount":350},{"posx":9,"posy":8,"amount":50},{"posx":11,"posy":8,"amount":350}],"changedObstacles":[]},{"players":[{"playerId":1168092,"score":1475,"energy":16,"posx":16,"posy":4,"lastAction":2,"status":0},{"playerId":2422729,"score":1300,"energy":6,"posx":18,"posy":3,"lastAction":5,"status":0},{"playerId":2294637,"score":1100,"energy":16,"posx":11,"posy":8,"lastAction":5,"status":0},{"playerId":2271981,"score":1725,"energy":50,"posx":15,"posy":3,"lastAction":4,"status":0}],"golds":[{"posx":15,"posy":3,"amount":200},{"posx":18,"posy":3,"amount":50},{"posx":16,"posy":4,"amount":350},{"posx":9,"posy":8,"amount":50},{"posx":11,"posy":8,"amount":300}],"changedObstacles":[]},{"players":[{"playerId":1168092,"score":1525,"energy":11,"posx":16,"posy":4,"lastAction":5,"status":0},{"playerId":2422729,"score":1350,"energy":1,"posx":18,"posy":3,"lastAction":5,"status":0},{"playerId":2294637,"score":1150,"energy":11,"posx":11,"posy":8,"lastAction":5,"status":0},{"playerId":2271981,"score":1775,"energy":45,"posx":15,"posy":3,"lastAction":5,"status":0}],"golds":[{"posx":15,"posy":3,"amount":150},{"posx":16,"posy":4,"amount":300},{"posx":9,"posy":8,"amount":50},{"posx":11,"posy":8,"amount":250}],"changedObstacles":[{"type":0,"posx":18,"posy":3,"value":-1}]},{"players":[{"playerId":1168092,"score":1575,"energy":6,"posx":16,"posy":4,"lastAction":5,"status":0},{"playerId":2422729,"score":1350,"energy":13,"posx":18,"posy":3,"lastAction":4,"status":0},{"playerId":2294637,"score":1200,"energy":6,"posx":11,"posy":8,"lastAction":5,"status":0},{"playerId":2271981,"score":1825,"energy":40,"posx":15,"posy":3,"lastAction":5,"status":0}],"golds":[{"posx":15,"posy":3,"amount":100},{"posx":16,"posy":4,"amount":250},{"posx":9,"posy":8,"amount":50},{"posx":11,"posy":8,"amount":200}],"changedObstacles":[]},{"players":[{"playerId":1168092,"score":1625,"energy":1,"posx":16,"posy":4,"lastAction":5,"status":0},{"playerId":2422729,"score":1350,"energy":12,"posx":17,"posy":3,"lastAction":0,"status":0},{"playerId":2294637,"score":1200,"energy":18,"posx":11,"posy":8,"lastAction":4,"status":0},{"playerId":2271981,"score":1875,"energy":35,"posx":15,"posy":3,"lastAction":5,"status":0}],"golds":[{"posx":15,"posy":3,"amount":50},{"posx":16,"posy":4,"amount":200},{"posx":9,"posy":8,"amount":50},{"posx":11,"posy":8,"amount":200}],"changedObstacles":[]},{"players":[{"playerId":1168092,"score":1625,"energy":13,"posx":16,"posy":4,"lastAction":4,"status":0},{"playerId":2422729,"score":1350,"energy":11,"posx":17,"posy":4,"lastAction":3,"status":0},{"playerId":2294637,"score":1200,"energy":34,"posx":11,"posy":8,"lastAction":4,"status":0},{"playerId":2271981,"score":1925,"energy":30,"posx":15,"posy":3,"lastAction":5,"status":0}],"golds":[{"posx":16,"posy":4,"amount":200},{"posx":9,"posy":8,"amount":50},{"posx":11,"posy":8,"amount":200}],"changedObstacles":[{"type":0,"posx":15,"posy":3,"value":-1}]},{"players":[{"playerId":1168092,"score":1625,"energy":29,"posx":16,"posy":4,"lastAction":4,"status":0},{"playerId":2422729,"score":1350,"energy":7,"posx":16,"posy":4,"lastAction":0,"status":0},{"playerId":2294637,"score":1200,"energy":50,"posx":11,"posy":8,"lastAction":4,"status":0},{"playerId":2271981,"score":1925,"energy":29,"posx":15,"posy":4,"lastAction":3,"status":0}],"golds":[{"posx":16,"posy":4,"amount":200},{"posx":9,"posy":8,"amount":50},{"posx":11,"posy":8,"amount":200}],"changedObstacles":[]},{"players":[{"playerId":1168092,"score":1675,"energy":24,"posx":16,"posy":4,"lastAction":5,"status":0},{"playerId":2422729,"score":1400,"energy":2,"posx":16,"posy":4,"lastAction":5,"status":0},{"playerId":2294637,"score":1250,"energy":45,"posx":11,"posy":8,"lastAction":5,"status":0},{"playerId":2271981,"score":1925,"energy":25,"posx":16,"posy":4,"lastAction":1,"status":0}],"golds":[{"posx":16,"posy":4,"amount":100},{"posx":9,"posy":8,"amount":50},{"posx":11,"posy":8,"amount":150}],"changedObstacles":[]},{"players":[{"playerId":1168092,"score":1725,"energy":19,"posx":16,"posy":4,"lastAction":5,"status":0},{"playerId":2422729,"score":1400,"energy":14,"posx":16,"posy":4,"lastAction":4,"status":0},{"playerId":2294637,"score":1300,"energy":40,"posx":11,"posy":8,"lastAction":5,"status":0},{"playerId":2271981,"score":1975,"energy":20,"posx":16,"posy":4,"lastAction":5,"status":0}],"golds":[{"posx":9,"posy":8,"amount":50},{"posx":11,"posy":8,"amount":100}],"changedObstacles":[{"type":0,"posx":16,"posy":4,"value":-1}]},{"players":[{"playerId":1168092,"score":1725,"energy":18,"posx":16,"posy":5,"lastAction":3,"status":0},{"playerId":2422729,"score":1400,"energy":30,"posx":16,"posy":4,"lastAction":4,"status":0},{"playerId":2294637,"score":1350,"energy":35,"posx":11,"posy":8,"lastAction":5,"status":0},{"playerId":2271981,"score":1975,"energy":19,"posx":16,"posy":5,"lastAction":3,"status":0}],"golds":[{"posx":9,"posy":8,"amount":50},{"posx":11,"posy":8,"amount":50}],"changedObstacles":[]},{"players":[{"playerId":1168092,"score":1725,"energy":17,"posx":16,"posy":6,"lastAction":3,"status":0},{"playerId":2422729,"score":1400,"energy":50,"posx":16,"posy":4,"lastAction":4,"status":0},{"playerId":2294637,"score":1400,"energy":30,"posx":11,"posy":8,"lastAction":5,"status":0},{"playerId":2271981,"score":1975,"energy":18,"posx":16,"posy":6,"lastAction":3,"status":0}],"golds":[{"posx":9,"posy":8,"amount":50}],"changedObstacles":[{"type":0,"posx":11,"posy":8,"value":-1}]},{"players":[{"playerId":1168092,"score":1725,"energy":16,"posx":16,"posy":7,"lastAction":3,"status":0},{"playerId":2422729,"score":1400,"energy":49,"posx":16,"posy":5,"lastAction":3,"status":0},{"playerId":2294637,"score":1400,"energy":20,"posx":10,"posy":8,"lastAction":0,"status":0},{"playerId":2271981,"score":1975,"energy":17,"posx":16,"posy":7,"lastAction":3,"status":0}],"golds":[{"posx":9,"posy":8,"amount":50}],"changedObstacles":[{"type":0,"posx":10,"posy":8,"value":-1}]},{"players":[{"playerId":1168092,"score":1725,"energy":15,"posx":16,"posy":8,"lastAction":3,"status":0},{"playerId":2422729,"score":1400,"energy":48,"posx":16,"posy":6,"lastAction":3,"status":0},{"playerId":2294637,"score":1400,"energy":16,"posx":9,"posy":8,"lastAction":0,"status":0},{"playerId":2271981,"score":1975,"energy":16,"posx":16,"posy":8,"lastAction":3,"status":0}],"golds":[{"posx":9,"posy":8,"amount":50}],"changedObstacles":[]},{"players":[{"playerId":1168092,"score":1725,"energy":14,"posx":15,"posy":8,"lastAction":0,"status":0},{"playerId":2422729,"score":1400,"energy":47,"posx":16,"posy":7,"lastAction":3,"status":0},{"playerId":2294637,"score":1450,"energy":11,"posx":9,"posy":8,"lastAction":5,"status":0},{"playerId":2271981,"score":1975,"energy":15,"posx":15,"posy":8,"lastAction":0,"status":0}],"golds":[],"changedObstacles":[{"type":0,"posx":9,"posy":8,"value":-1}]}]