[{"players":[{"playerId":2611188,"score":0,"energy":49,"posx":3,"posy":8,"lastAction":1,"status":0},{"playerId":206247,"score":0,"energy":49,"posx":3,"posy":8,"lastAction":1,"status":0},{"playerId":2370542,"score":0,"energy":50,"posx":2,"posy":8,"lastAction":6,"status":0},{"playerId":131454,"score":0,"energy":49,"posx":3,"posy":8,"lastAction":1,"status":0}],"golds":[{"posx":14,"posy":7,"amount":150},{"posx":2,"posy":2,"amount":350},{"posx":18,"posy":6,"amount":550},{"posx":11,"posy":8,"amount":450},{"posx":10,"posy":5,"amount":400},{"posx":15,"posy":3,"amount":400},{"posx":13,"posy":1,"amount":400},{"posx":16,"posy":7,"amount":450},{"posx":14,"posy":4,"amount":300},{"posx":7,"posy":1,"amount":100},{"posx":2,"posy":5,"amount":100},{"posx":9,"posy":0,"amount":400},{"posx":9,"posy":8,"amount":50},{"posx":0,"posy":3,"amount":50},{"posx":13,"posy":6,"amount":50},{"posx":18,"posy":3,"amount":450},{"posx":10,"posy":3,"amount":150},{"posx":16,"posy":4,"amount":350},{"posx":3,"posy":7,"amount":750},{"posx":11,"posy":3,"amount":650}],"changedObstacles":[]},{"players":[{"playerId":2611188,"score":0,"energy":45,"posx":3,"posy":7,"lastAction":2,"status":0},{"playerId":206247,"score":0,"energy":45,"posx":3,"posy":7,"lastAction":2,"status":0},{"playerId":2370542,"score":0,"energy":50,"posx":2,"posy":8,"lastAction":6,"status":0},{"playerId":131454,"score":0,"energy":45,"posx":3,"posy":7,"lastAction":2,"status":0}],"golds":[{"posx":14,"posy":7,"amount":150},{"posx":2,"posy":2,"amount":350},{"posx":18,"posy":6,"amount":550},{"posx":11,"posy":8,"amount":450},{"posx":10,"posy":5,"amount":400},{"posx":15,"posy":3,"amount":400},{"posx":13,"posy":1,"amount":400},{"posx":16,"posy":7,"amount":450},{"posx":14,"posy":4,"amount":300},{"posx":7,"posy":1,"amount":100},{"posx":2,"posy":5,"amount":100},{"posx":9,"posy":0,"amount":400},{"posx":9,"posy":8,"amount":50},{"posx":0,"posy":3,"amount":50},{"posx":13,"posy":6,"amount":50},{"posx":18,"posy":3,"amount":450},{"posx":10,"posy":3,"amount":150},{"posx":16,"posy":4,"amount":350},{"posx":3,"posy":7,"amount":750},{"posx":11,"posy":3,"amount":650}],"changedObstacles":[]},{"players":[{"playerId":2611188,"score":50,"energy":40,"posx":3,"posy":7,"lastAction":5,"status":0},{"playerId":206247,"score":0,"energy":44,"posx":4,"posy":7,"lastAction":1,"status":0},{"playerId":2370542,"score":0,"energy":50,"posx":2,"posy":8,"lastAction":6,"status":0},{"playerId":131454,"score":50,"energy":40,"posx":3,"posy":7,"lastAction":5,"status":0}],"golds":[{"posx":9,"posy":0,"amount":400},{"posx":7,"posy":1,"amount":100},{"posx":13,"posy":1,"amount":400},{"posx":2,"posy":2,"amount":350},{"posx":0,"posy":3,"amount":50},{"posx":10,"posy":3,"amount":150},{"posx":11,"posy":3,"amount":650},{"posx":15,"posy":3,"amount":400},{"posx":18,"posy":3,"amount":450},{"posx":14,"posy":4,"amount":300},{"posx":16,"posy":4,"amount":350},{"posx":2,"posy":5,"amount":100},{"posx":10,"posy":5,"amount":400},{"posx":13,"posy":6,"amount":50},{"posx":18,"posy":6,"amount":550},{"posx":3,"posy":7,"amount":650},{"posx":14,"posy":7,"amount":150},{"posx":16,"posy":7,"amount":450},{"posx":9,"posy":8,"amount":50},{"posx":11,"posy":8,"amount":450}],"changedObstacles":[]},{"players":[{"playerId":2611188,"score":100,"energy":35,"posx":3,"posy":7,"lastAction":5,"status":0},{"playerId":206247,"score":0,"energy":43,"posx":5,"posy":7,"lastAction":1,"status":0},{"playerId":2370542,"score":0,"energy":50,"posx":2,"posy":8,"lastAction":6,"status":0},{"playerId":131454,"score":100,"energy":35,"posx":3,"posy":7,"lastAction":5,"status":0}],"golds":[{"posx":9,"posy":0,"amount":400},{"posx":7,"posy":1,"amount":100},{"posx":13,"posy":1,"amount":400},{"posx":2,"posy":2,"amount":350},{"posx":0,"posy":3,"amount":50},{"posx":10,"posy":3,"amount":150},{"posx":11,"posy":3,"amount":650},{"posx":15,"posy":3,"amount":400},{"posx":18,"posy":3,"amount":450},{"posx":14,"posy":4,"amount":300},{"posx":16,"posy":4,"amount":350},{"posx":2,"posy":5,"amount":100},{"posx":10,"posy":5,"amount":400},{"posx":13,"posy":6,"amount":50},{"posx":18,"posy":6,"amount":550},{"posx":3,"posy":7,"amount":550},{"posx":14,"posy":7,"amount":150},{"posx":16,"posy":7,"amount":450},{"posx":9,"posy":8,"amount":50},{"posx":11,"posy":8,"amount":450}],"changedObstacles":[]},{"players":[{"playerId":2611188,"score":150,"energy":30,"posx":3,"posy":7,"lastAction":5,"status":0},{"playerId":206247,"score":0,"energy":42,"posx":6,"posy":7,"lastAction":1,"status":0},{"playerId":2370542,"score":0,"energy":50,"posx":2,"posy":8,"lastAction":6,"status":0},{"playerId":131454,"score":150,"energy":30,"posx":3,"posy":7,"lastAction":5,"status":0}],"golds":[{"posx":9,"posy":0,"amount":400},{"posx":7,"posy":1,"amount":100},{"posx":13,"posy":1,"amount":400},{"posx":2,"posy":2,"amount":350},{"posx":0,"posy":3,"amount":50},{"posx":10,"posy":3,"amount":150},{"posx":11,"posy":3,"amount":650},{"posx":15,"posy":3,"amount":400},{"posx":18,"posy":3,"amount":450},{"posx":14,"posy":4,"amount":300},{"posx":16,"posy":4,"amount":350},{"posx":2,"posy":5,"amount":100},{"posx":10,"posy":5,"amount":400},{"posx":13,"posy":6,"amount":50},{"posx":18,"posy":6,"amount":550},{"posx":3,"posy":7,"amount":450},{"posx":14,"posy":7,"amount":150},{"posx":16,"posy":7,"amount":450},{"posx":9,"posy":8,"amount":50},{"posx":11,"posy":8,"amount":450}],"changedObstacles":[]},{"players":[{"playerId":2611188,"score":200,"energy":25,"posx":3,"posy":7,"lastAction":5,"status":0},{"playerId":206247,"score":0,"energy":41,"posx":7,"posy":7,"lastAction":1,"status":0},{"playerId":2370542,"score":0,"energy":50,"posx":2,"posy":8,"lastAction":6,"status":0},{"playerId":131454,"score":200,"energy":25,"posx":3,"posy":7,"lastAction":5,"status":0}],"golds":[{"posx":9,"posy":0,"amount":400},{"posx":7,"posy":1,"amount":100},{"posx":13,"posy":1,"amount":400},{"posx":2,"posy":2,"amount":350},{"posx":0,"posy":3,"amount":50},{"posx":10,"posy":3,"amount":150},{"posx":11,"posy":3,"amount":650},{"posx":15,"posy":3,"amount":400},{"posx":18,"posy":3,"amount":450},{"posx":14,"posy":4,"amount":300},{"posx":16,"posy":4,"amount":350},{"posx":2,"posy":5,"amount":100},{"posx":10,"posy":5,"amount":400},{"posx":13,"posy":6,"amount":50},{"posx":18,"posy":6,"amount":550},{"posx":3,"posy":7,"amount":350},{"posx":14,"posy":7,"amount":150},{"posx":16,"posy":7,"amount":450},{"posx":9,"posy":8,"amount":50},{"posx":11,"posy":8,"amount":450}],"changedObstacles":[]},{"players":[{"playerId":2611188,"score":250,"energy":20,"posx":3,"posy":7,"lastAction":5,"status":0},{"playerId":206247,"score":0,"energy":40,"posx":8,"posy":7,"lastAction":1,"status":0},{"playerId":2370542,"score":0,"energy":50,"posx":2,"posy":8,"lastAction":6,"status":0},{"playerId":131454,"score":250,"energy":20,"posx":3,"posy":7,"lastAction":5,"status":0}],"golds":[{"posx":9,"posy":0,"amount":400},{"posx":7,"posy":1,"amount":100},{"posx":13,"posy":1,"amount":400},{"posx":2,"posy":2,"amount":350},{"posx":0,"posy":3,"amount":50},{"posx":10,"posy":3,"amount":150},{"posx":11,"posy":3,"amount":650},{"posx":15,"posy":3,"amount":400},{"posx":18,"posy":3,"amount":450},{"posx":14,"posy":4,"amount":300},{"posx":16,"posy":4,"amount":350},{"posx":2,"posy":5,"amount":100},{"posx":10,"posy":5,"amount":400},{"posx":13,"posy":6,"amount":50},{"posx":18,"posy":6,"amount":550},{"posx":3,"posy":7,"amount":250},{"posx":14,"posy":7,"amount":150},{"posx":16,"posy":7,"amount":450},{"posx":9,"posy":8,"amount":50},{"posx":11,"posy":8,"amount":450}],"changedObstacles":[]},{"players":[{"playerId":2611188,"score":300,"energy":15,"posx":3,"posy":7,"lastAction":5,"status":0},{"playerId":206247,"score":0,"energy":39,"posx":9,"posy":7,"lastAction":1,"status":0},{"playerId":2370542,"score":0,"energy":50,"posx":2,"posy":8,"lastAction":6,"status":0},{"playerId":131454,"score":300,"energy":15,"posx":3,"posy":7,"lastAction":5,"status":0}],"golds":[{"posx":9,"posy":0,"amount":400},{"posx":7,"posy":1,"amount":100},{"posx":13,"posy":1,"amount":400},{"posx":2,"posy":2,"amount":350},{"posx":0,"posy":3,"amount":50},{"posx":10,"posy":3,"amount":150},{"posx":11,"posy":3,"amount":650},{"posx":15,"posy":3,"amount":400},{"posx":18,"posy":3,"amount":450},{"posx":14,"posy":4,"amount":300},{"posx":16,"posy":4,"amount":350},{"posx":2,"posy":5,"amount":100},{"posx":10,"posy":5,"amount":400},{"posx":13,"posy":6,"amount":50},{"posx":18,"posy":6,"amount":550},{"posx":3,"posy":7,"amount":150},{"posx":14,"posy":7,"amount":150},{"posx":16,"posy":7,"amount":450},{"posx":9,"posy":8,"amount":50},{"posx":11,"posy":8,"amount":450}],"changedObstacles":[]},{"players":[{"playerId":2611188,"score":350,"energy":10,"posx":3,"posy":7,"lastAction":5,"status":0},{"playerId":206247,"score":0,"energy":38,"posx":10,"posy":7,"lastAction":1,"status":0},{"playerId":2370542,"score":0,"energy":50,"posx":2,"posy":8,"lastAction":6,"status":0},{"playerId":131454,"score":350,"energy":10,"posx":3,"posy":7,"lastAction":5,"status":0}],"golds":[{"posx":9,"posy":0,"amount":400},{"posx":7,"posy":1,"amount":100},{"posx":13,"posy":1,"amount":400},{"posx":2,"posy":2,"amount":350},{"posx":0,"posy":3,"amount":50},{"posx":10,"posy":3,"amount":150},{"posx":11,"posy":3,"amount":650},{"posx":15,"posy":3,"amount":400},{"posx":18,"posy":3,"amount":450},{"posx":14,"posy":4,"amount":300},{"posx":16,"posy":4,"amount":350},{"posx":2,"posy":5,"amount":100},{"posx":10,"posy":5,"amount":400},{"posx":13,"posy":6,"amount":50},{"posx":18,"posy":6,"amount":550},{"posx":3,"posy":7,"amount":50},{"posx":14,"posy":7,"amount":150},{"posx":16,"posy":7,"amount":450},{"posx":9,"posy":8,"amount":50},{"posx":11,"posy":8,"amount":450}],"changedObstacles":[]},{"players":[{"playerId":2611188,"score":375,"energy":5,"posx":3,"posy":7,"lastAction":5,"status":0},{"playerId":206247,"score":0,"energy":37,"posx":11,"posy":7,"lastAction":1,"status":0},{"playerId":2370542,"score":0,"energy":50,"posx":2,"posy":8,"lastAction":6,"status":0},{"playerId":131454,"score":375,"energy":5,"posx":3,"posy":7,"lastAction":5,"status":0}],"golds":[{"posx":9,"posy":0,"amount":400},{"posx":7,"posy":1,"amount":100},{"posx":13,"posy":1,"amount":400},{"posx":2,"posy":2,"amount":350},{"posx":0,"posy":3,"amount":50},{"posx":10,"posy":3,"amount":150},{"posx":11,"posy":3,"amount":650},{"posx":15,"posy":3,"amount":400},{"posx":18,"posy":3,"amount":450},{"posx":14,"posy":4,"amount":300},{"posx":16,"posy":4,"amount":350},{"posx":2,"posy":5,"amount":100},{"posx":10,"posy":5,"amount":400},{"posx":13,"posy":6,"amount":50},{"posx":18,"posy":6,"amount":550},{"posx":14,"posy":7,"amount":150},{"posx":16,"posy":7,"amount":450},{"posx":9,"posy":8,"amount":50},{"posx":11,"posy":8,"amount":450}],"changedObstacles":[{"type":0,"posx":3,"posy":7,"value":-1}]},{"players":[{"playerId":2611188,"score":375,"energy":4,"posx":4,"posy":7,"lastAction":1,"status":0},{"playerId":206247,"score":0,"energy":36,"posx":12,"posy":7,"lastAction":1,"status":0},{"playerId":2370542,"score":0,"energy":50,"posx":2,"posy":8,"lastAction":6,"status":0},{"playerId":131454,"score":375,"energy":17,"posx":3,"posy":7,"lastAction":4,"status":0}],"golds":[{"posx":9,"posy":0,"amount":400},{"posx":7,"posy":1,"amount":100},{"posx":13,"posy":1,"amount":400},{"posx":2,"posy":2,"amount":350},{"posx":0,"posy":3,"amount":50},{"posx":10,"posy":3,"amount":150},{"posx":11,"posy":3,"amount":650},{"posx":15,"posy":3,"amount":400},{"posx":18,"posy":3,"amount":450},{"posx":14,"posy":4,"amount":300},{"posx":16,"posy":4,"amount":350},{"posx":2,"posy":5,"amount":100},{"posx":10,"posy":5,"amount":400},{"posx":13,"posy":6,"amount":50},{"posx":18,"posy":6,"amount":550},{"posx":14,"posy":7,"amount":150},{"posx":16,"posy":7,"amount":450},{"posx":9,"posy":8,"amount":50},{"posx":11,"posy":8,"amount":450}],"changedObstacles":[]},{"players":[{"playerId":2611188,"score":375,"energy":3,"posx":5,"posy":7,"lastAction":1,"status":0},{"playerId":206247,"score":0,"energy":35,"posx":13,"posy":7,"lastAction":1,"status":0},{"playerId":2370542,"score":0,"energy":50,"posx":2,"posy":8,"lastAction":6,"status":0},{"playerId":131454,"score":375,"energy":33,"posx":3,"posy":7,"lastAction":4,"status":0}],"golds":[{"posx":9,"posy":0,"amount":400},{"posx":7,"posy":1,"amount":100},{"posx":13,"posy":1,"amount":400},{"posx":2,"posy":2,"amount":350},{"posx":0,"posy":3,"amount":50},{"posx":10,"posy":3,"amount":150},{"posx":11,"posy":3,"amount":650},{"posx":15,"posy":3,"amount":400},{"posx":18,"posy":3,"amount":450},{"posx":14,"posy":4,"amount":300},{"posx":16,"posy":4,"amount":350},{"posx":2,"posy":5,"amount":100},{"posx":10,"posy":5,"amount":400},{"posx":13,"posy":6,"amount":50},{"posx":18,"posy":6,"amount":550},{"posx":14,"posy":7,"amount":150},{"posx":16,"posy":7,"amount":450},{"posx":9,"posy":8,"amount":50},{"posx":11,"posy":8,"amount":450}],"changedObstacles":[]},{"players":[{"playerId":2611188,"score":375,"energy":2,"posx":6,"posy":7,"lastAction":1,"status":0},{"playerId":206247,"score":0,"energy":31,"posx":14,"posy":7,"lastAction":1,"status":0},{"playerId":2370542,"score":0,"energy":50,"posx":2,"posy":8,"lastAction":6,"status":0},{"playerId":131454,"score":375,"energy":50,"posx":3,"posy":7,"lastAction":4,"status":0}],"golds":[{"posx":9,"posy":0,"amount":400},{"posx":7,"posy":1,"amount":100},{"posx":13,"posy":1,"amount":400},{"posx":2,"posy":2,"amount":350},{"posx":0,"posy":3,"amount":50},{"posx":10,"posy":3,"amount":150},{"posx":11,"posy":3,"amount":650},{"posx":15,"posy":3,"amount":400},{"posx":18,"posy":3,"amount":450},{"posx":14,"posy":4,"amount":300},{"posx":16,"posy":4,"amount":350},{"posx":2,"posy":5,"amount":100},{"posx":10,"posy":5,"amount":400},{"posx":13,"posy":6,"amount":50},{"posx":18,"posy":6,"amount":550},{"posx":14,"posy":7,"amount":150},{"posx":16,"posy":7,"amount":450},{"posx":9,"posy":8,"amount":50},{"posx":11,"posy":8,"amount":450}],"changedObstacles":[]},{"players":[{"playerId":2611188,"score":375,"energy":1,"posx":7,"posy":7,"lastAction":1,"status":0},{"playerId":206247,"score":0,"energy":30,"posx":15,"posy":7,"lastAction":1,"status":0},{"playerId":2370542,"score":0,"energy":50,"posx":2,"posy":8,"lastAction":6,"status":0},{"playerId":131454,"score":375,"energy":49,"posx":3,"posy":6,"lastAction":2,"status":0}],"golds":[{"posx":9,"posy":0,"amount":400},{"posx":7,"posy":1,"amount":100},{"posx":13,"posy":1,"amount":400},{"posx":2,"posy":2,"amount":350},{"posx":0,"posy":3,"amount":50},{"posx":10,"posy":3,"amount":150},{"posx":11,"posy":3,"amount":650},{"posx":15,"posy":3,"amount":400},{"posx":18,"posy":3,"amount":450},{"posx":14,"posy":4,"amount":300},{"posx":16,"posy":4,"amount":350},{"posx":2,"posy":5,"amount":100},{"posx":10,"posy":5,"amount":400},{"posx":13,"posy":6,"amount":50},{"posx":18,"posy":6,"amount":550},{"posx":14,"posy":7,"amount":150},{"posx":16,"posy":7,"amount":450},{"posx":9,"posy":8,"amount":50},{"posx":11,"posy":8,"amount":450}],"changedObstacles":[]},{"players":[{"playerId":2611188,"score":375,"energy":13,"posx":7,"posy":7,"lastAction":4,"status":0},{"playerId":206247,"score":0,"energy":29,"posx":15,"posy":6,"lastAction":2,"status":0},{"playerId":2370542,"score":0,"energy":50,"posx":2,"posy":8,"lastAction":6,"status":0},{"playerId":131454,"score":375,"energy":48,"posx":3,"posy":5,"lastAction":2,"status":0}],"golds":[{"posx":9,"posy":0,"amount":400},{"posx":7,"posy":1,"amount":100},{"posx":13,"posy":1,"amount":400},{"posx":2,"posy":2,"amount":350},{"posx":0,"posy":3,"amount":50},{"posx":10,"posy":3,"amount":150},{"posx":11,"posy":3,"amount":650},{"posx":15,"posy":3,"amount":400},{"posx":18,"posy":3,"amount":450},{"posx":14,"posy":4,"amount":300},{"posx":16,"posy":4,"amount":350},{"posx":2,"posy":5,"amount":100},{"posx":10,"posy":5,"amount":400},{"posx":13,"posy":6,"amount":50},{"posx":18,"posy":6,"amount":550},{"posx":14,"posy":7,"amount":150},{"posx":16,"posy":7,"amount":450},{"posx":9,"posy":8,"amount":50},{"posx":11,"posy":8,"amount":450}],"changedObstacles":[]},{"players":[{"playerId":2611188,"score":375,"energy":29,"posx":7,"posy":7,"lastAction":4,"status":0},{"playerId":206247,"score":0,"energy":28,"posx":16,"posy":6,"lastAction":1,"status":0},{"playerId":2370542,"score":0,"energy":50,"posx":2,"posy":8,"lastAction":6,"status":0},{"playerId":131454,"score":375,"energy":44,"posx":2,"posy":5,"lastAction":0,"status":0}],"golds":[{"posx":9,"posy":0,"amount":400},{"posx":7,"posy":1,"amount":100},{"posx":13,"posy":1,"amount":400},{"posx":2,"posy":2,"amount":350},{"posx":0,"posy":3,"amount":50},{"posx":10,"posy":3,"amount":150},{"posx":11,"posy":3,"amount":650},{"posx":15,"posy":3,"amount":400},{"posx":18,"posy":3,"amount":450},{"posx":14,"posy":4,"amount":300},{"posx":16,"posy":4,"amount":350},{"posx":2,"posy":5,"amount":100},{"posx":10,"posy":5,"amount":400},{"posx":13,"posy":6,"amount":50},{"posx":18,"posy":6,"amount":550},{"posx":14,"posy":7,"amount":150},{"posx":16,"posy":7,"amount":450},{"posx":9,"posy":8,"amount":50},{"posx":11,"posy":8,"amount":450}],"changedObstacles":[]},{"players":[{"playerId":2611188,"score":375,"energy":50,"posx":7,"posy":7,"lastAction":4,"status":0},{"playerId":206247,"score":0,"energy":27,"posx":16,"posy":5,"lastAction":2,"status":0},{"playerId":2370542,"score":0,"energy":50,"posx":2,"posy":8,"lastAction":6,"status":0},{"playerId":131454,"score":425,"energy":39,"posx":2,"posy":5,"lastAction":5,"status":0}],"golds":[{"posx":9,"posy":0,"amount":400},{"posx":7,"posy":1,"amount":100},{"posx":13,"posy":1,"amount":400},{"posx":2,"posy":2,"amount":350},{"posx":0,"posy":3,"amount":50},{"posx":10,"posy":3,"amount":150},{"posx":11,"posy":3,"amount":650},{"posx":15,"posy":3,"amount":400},{"posx":18,"posy":3,"amount":450},{"posx":14,"posy":4,"amount":300},{"posx":16,"posy":4,"amount":350},{"posx":2,"posy":5,"amount":50},{"posx":10,"posy":5,"amount":400},{"posx":13,"posy":6,"amount":50},{"posx":18,"posy":6,"amount":550},{"posx":14,"posy":7,"amount":150},{"posx":16,"posy":7,"amount":450},{"posx":9,"posy":8,"amount":50},{"posx":11,"posy":8,"amount":450}],"changedObstacles":[]},{"players":[{"playerId":2611188,"score":375,"energy":49,"posx":8,"posy":7,"lastAction":1,"status":0},{"playerId":206247,"score":0,"energy":23,"posx":16,"posy":4,"lastAction":2,"status":0},{"playerId":2370542,"score":0,"energy":50,"posx":2,"posy":8,"lastAction":6,"status":0},{"playerId":131454,"score":475,"energy":34,"posx":2,"posy":5,"lastAction":5,"status":0}],"golds":[{"posx":9,"posy":0,"amount":400},{"posx":7,"posy":1,"amount":100},{"posx":13,"posy":1,"amount":400},{"posx":2,"posy":2,"amount":350},{"posx":0,"posy":3,"amount":50},{"posx":10,"posy":3,"amount":150},{"posx":11,"posy":3,"amount":650},{"posx":15,"posy":3,"amount":400},{"posx":18,"posy":3,"amount":450},{"posx":14,"posy":4,"amount":300},{"posx":16,"posy":4,"amount":350},{"posx":10,"posy":5,"amount":400},{"posx":13,"posy":6,"amount":50},{"posx":18,"posy":6,"amount":550},{"posx":14,"posy":7,"amount":150},{"posx":16,"posy":7,"amount":450},{"posx":9,"posy":8,"amount":50},{"posx":11,"posy":8,"amount":450}],"changedObstacles":[{"type":0,"posx":2,"posy":5,"value":-1}]},{"players":[{"playerId":2611188,"score":375,"energy":48,"posx":9,"posy":7,"lastAction":1,"status":0},{"playerId":206247,"score":50,"energy":18,"posx":16,"posy":4,"lastAction":5,"status":0},{"playerId":2370542,"score":0,"energy":50,"posx":2,"posy":8,"lastAction":6,"status":0},{"playerId":131454,"score":475,"energy":33,"posx":2,"posy":4,"lastAction":2,"status":0}],"golds":[{"posx":9,"posy":0,"amount":400},{"posx":7,"posy":1,"amount":100},{"posx":13,"posy":1,"amount":400},{"posx":2,"posy":2,"amount":350},{"posx":0,"posy":3,"amount":50},{"posx":10,"posy":3,"amount":150},{"posx":11,"posy":3,"amount":650},{"posx":15,"posy":3,"amount":400},{"posx":18,"posy":3,"amount":450},{"posx":14,"posy":4,"amount":300},{"posx":16,"posy":4,"amount":300},{"posx":10,"posy":5,"amount":400},{"posx":13,"posy":6,"amount":50},{"posx":18,"posy":6,"amount":550},{"posx":14,"posy":7,"amount":150},{"posx":16,"posy":7,"amount":450},{"posx":9,"posy":8,"amount":50},{"posx":11,"posy":8,"amount":450}],"changedObstacles":[]},{"players":[{"playerId":2611188,"score":375,"energy":47,"posx":10,"posy":7,"lastAction":1,"status":0},{"playerId":206247,"score":100,"energy":13,"posx":16,"posy":4,"lastAction":5,"status":0},{"playerId":2370542,"score":0,"energy":50,"posx":2,"posy":8,"lastAction":6,"status":0},{"playerId":131454,"score":475,"energy":32,"posx":2,"posy":3,"lastAction":2,"status":0}],"golds":[{"posx":9,"posy":0,"amount":400},{"posx":7,"posy":1,"amount":100},{"posx":13,"posy":1,"amount":400},{"posx":2,"posy":2,"amount":350},{"posx":0,"posy":3,"amount":50},{"posx":10,"posy":3,"amount":150},{"posx":11,"posy":3,"amount":650},{"posx":15,"posy":3,"amount":400},{"posx":18,"posy":3,"amount":450},{"posx":14,"posy":4,"amount":300},{"posx":16,"posy":4,"amount":250},{"posx":10,"posy":5,"amount":400},{"posx":13,"posy":6,"amount":50},{"posx":18,"posy":6,"amount":550},{"posx":14,"posy":7,"amount":150},{"posx":16,"posy":7,"amount":450},{"posx":9,"posy":8,"amount":50},{"posx":11,"posy":8,"amount":450}],"changedObstacles":[]},{"players":[{"playerId":2611188,"score":375,"energy":46,"posx":10,"posy":6,"lastAction":2,"status":0},{"playerId":206247,"score":150,"energy":8,"posx":16,"posy":4,"lastAction":5,"status":0},{"playerId":2370542,"score":0,"energy":50,"posx":2,"posy":8,"lastAction":6,"status":0},{"playerId":131454,"score":475,"energy":28,"posx":2,"posy":2,"lastAction":2,"status":0}],"golds":[{"posx":9,"posy":0,"amount":400},{"posx":7,"posy":1,"amount":100},{"posx":13,"posy":1,"amount":400},{"posx":2,"posy":2,"amount":350},{"posx":0,"posy":3,"amount":50},{"posx":10,"posy":3,"amount":150},{"posx":11,"posy":3,"amount":650},{"posx":15,"posy":3,"amount":400},{"posx":18,"posy":3,"amount":450},{"posx":14,"posy":4,"amount":300},{"posx":16,"posy":4,"amount":200},{"posx":10,"posy":5,"amount":400},{"posx":13,"posy":6,"amount":50},{"posx":18,"posy":6,"amount":550},{"posx":14,"posy":7,"amount":150},{"posx":16,"posy":7,"amount":450},{"posx":9,"posy":8,"amount":50},{"posx":11,"posy":8,"amount":450}],"changedObstacles":[]},{"players":[{"playerId":2611188,"score":375,"energy":42,"posx":10,"posy":5,"lastAction":2,"status":0},{"playerId":206247,"score":200,"energy":3,"posx":16,"posy":4,"lastAction":5,"status":0},{"playerId":2370542,"score":0,"energy":50,"posx":2,"posy":8,"lastAction":6,"status":0},{"playerId":131454,"score":525,"energy":23,"posx":2,"posy":2,"lastAction":5,"status":0}],"golds":[{"posx":9,"posy":0,"amount":400},{"posx":7,"posy":1,"amount":100},{"posx":13,"posy":1,"amount":400},{"posx":2,"posy":2,"amount":300},{"posx":0,"posy":3,"amount":50},{"posx":10,"posy":3,"amount":150},{"posx":11,"posy":3,"amount":650},{"posx":15,"posy":3,"amount":400},{"posx":18,"posy":3,"amount":450},{"posx":14,"posy":4,"amount":300},{"posx":16,"posy":4,"amount":150},{"posx":10,"posy":5,"amount":400},{"posx":13,"posy":6,"amount":50},{"posx":18,"posy":6,"amount":550},{"posx":14,"posy":7,"amount":150},{"posx":16,"posy":7,"amount":450},{"posx":9,"posy":8,"amount":50},{"posx":11,"posy":8,"amount":450}],"changedObstacles":[]},{"players":[{"playerId":2611188,"score":425,"energy":37,"posx":10,"posy":5,"lastAction":5,"status":0},{"playerId":206247,"score":200,"energy":15,"posx":16,"posy":4,"lastAction":4,"status":0},{"playerId":2370542,"score":0,"energy":50,"posx":2,"posy":8,"lastAction":6,"status":0},{"playerId":131454,"score":575,"energy":18,"posx":2,"posy":2,"lastAction":5,"status":0}],"golds":[{"posx":9,"posy":0,"amount":400},{"posx":7,"posy":1,"amount":100},{"posx":13,"posy":1,"amount":400},{"posx":2,"posy":2,"amount":250},{"posx":0,"posy":3,"amount":50},{"posx":10,"posy":3,"amount":150},{"posx":11,"posy":3,"amount":650},{"posx":15,"posy":3,"amount":400},{"posx":18,"posy":3,"amount":450},{"posx":14,"posy":4,"amount":300},{"posx":16,"posy":4,"amount":150},{"posx":10,"posy":5,"amount":350},{"posx":13,"posy":6,"amount":50},{"posx":18,"posy":6,"amount":550},{"posx":14,"posy":7,"amount":150},{"posx":16,"posy":7,"amount":450},{"posx":9,"posy":8,"amount":50},{"posx":11,"posy":8,"amount":450}],"changedObstacles":[]},{"players":[{"playerId":2611188,"score":475,"energy":32,"posx":10,"posy":5,"lastAction":5,"status":0},{"playerId":206247,"score":200,"energy":31,"posx":16,"posy":4,"lastAction":4,"status":0},{"playerId":2370542,"score":0,"energy":50,"posx":2,"posy":8,"lastAction":6,"status":0},{"playerId":131454,"score":625,"energy":13,"posx":2,"posy":2,"lastAction":5,"status":0}],"golds":[{"posx":9,"posy":0,"amount":400},{"posx":7,"posy":1,"amount":100},{"posx":13,"posy":1,"amount":400},{"posx":2,"posy":2,"amount":200},{"posx":0,"posy":3,"amount":50},{"posx":10,"posy":3,"amount":150},{"posx":11,"posy":3,"amount":650},{"posx":15,"posy":3,"amount":400},{"posx":18,"posy":3,"amount":450},{"posx":14,"posy":4,"amount":300},{"posx":16,"posy":4,"amount":150},{"posx":10,"posy":5,"amount":300},{"posx":13,"posy":6,"amount":50},{"posx":18,"posy":6,"amount":550},{"posx":14,"posy":7,"amount":150},{"posx":16,"posy":7,"amount":450},{"posx":9,"posy":8,"amount":50},{"posx":11,"posy":8,"amount":450}],"changedObstacles":[]},{"players":[{"playerId":2611188,"score":525,"energy":27,"posx":10,"posy":5,"lastAction":5,"status":0},{"playerId":206247,"score":200,"energy":50,"posx":16,"posy":4,"lastAction":4,"status":0},{"playerId":2370542,"score":0,"energy":50,"posx":2,"posy":8,"lastAction":6,"status":0},{"playerId":131454,"score":675,"energy":8,"posx":2,"posy":2,"lastAction":5,"status":0}],"golds":[{"posx":9,"posy":0,"amount":400},{"posx":7,"posy":1,"amount":100},{"posx":13,"posy":1,"amount":400},{"posx":2,"posy":2,"amount":150},{"posx":0,"posy":3,"amount":50},{"posx":10,"posy":3,"amount":150},{"posx":11,"posy":3,"amount":650},{"posx":15,"posy":3,"amount":400},{"posx":18,"posy":3,"amount":450},{"posx":14,"posy":4,"amount":300},{"posx":16,"posy":4,"amount":150},{"posx":10,"posy":5,"amount":250},{"posx":13,"posy":6,"amount":50},{"posx":18,"posy":6,"amount":550},{"posx":14,"posy":7,"amount":150},{"posx":16,"posy":7,"amount":450},{"posx":9,"posy":8,"amount":50},{"posx":11,"posy":8,"amount":450}],"changedObstacles":[]},{"players":[{"playerId":2611188,"score":575,"energy":22,"posx":10,"posy":5,"lastAction":5,"status":0},{"playerId":206247,"score":250,"energy":45,"posx":16,"posy":4,"lastAction":5,"status":0},{"playerId":2370542,"score":0,"energy":50,"posx":2,"posy":8,"lastAction":6,"status":0},{"playerId":131454,"score":725,"energy":3,"posx":2,"posy":2,"lastAction":5,"status":0}],"golds":[{"posx":9,"posy":0,"amount":400},{"posx":7,"posy":1,"amount":100},{"posx":13,"posy":1,"amount":400},{"posx":2,"posy":2,"amount":100},{"posx":0,"posy":3,"amount":50},{"posx":10,"posy":3,"amount":150},{"posx":11,"posy":3,"amount":650},{"posx":15,"posy":3,"amount":400},{"posx":18,"posy":3,"amount":450},{"posx":14,"posy":4,"amount":300},{"posx":16,"posy":4,"amount":100},{"posx":10,"posy":5,"amount":200},{"posx":13,"posy":6,"amount":50},{"posx":18,"posy":6,"amount":550},{"posx":14,"posy":7,"amount":150},{"posx":16,"posy":7,"amount":450},{"posx":9,"posy":8,"amount":50},{"posx":11,"posy":8,"amount":450}],"changedObstacles":[]},{"players":[{"playerId":2611188,"score":625,"energy":17,"posx":10,"posy":5,"lastAction":5,"status":0},{"playerId":206247,"score":300,"energy":40,"posx":16,"posy":4,"lastAction":5,"status":0},{"playerId":2370542,"score":0,"energy":50,"posx":2,"posy":8,"lastAction":6,"status":0},{"playerId":131454,"score":725,"energy":15,"posx":2,"posy":2,"lastAction":4,"status":0}],"golds":[{"posx":9,"posy":0,"amount":400},{"posx":7,"posy":1,"amount":100},{"posx":13,"posy":1,"amount":400},{"posx":2,"posy":2,"amount":100},{"posx":0,"posy":3,"amount":50},{"posx":10,"posy":3,"amount":150},{"posx":11,"posy":3,"amount":650},{"posx":15,"posy":3,"amount":400},{"posx":18,"posy":3,"amount":450},{"posx":14,"posy":4,"amount":300},{"posx":16,"posy":4,"amount":50},{"posx":10,"posy":5,"amount":150},{"posx":13,"posy":6,"amount":50},{"posx":18,"posy":6,"amount":550},{"posx":14,"posy":7,"amount":150},{"posx":16,"posy":7,"amount":450},{"posx":9,"posy":8,"amount":50},{"posx":11,"posy":8,"amount":450}],"changedObstacles":[]},{"players":[{"playerId":2611188,"score":675,"energy":12,"posx":10,"posy":5,"lastAction":5,"status":0},{"playerId":206247,"score":350,"energy":35,"posx":16,"posy":4,"lastAction":5,"status":0},{"playerId":2370542,"score":0,"energy":50,"posx":2,"posy":8,"lastAction":6,"status":0},{"playerId":131454,"score":725,"energy":31,"posx":2,"posy":2,"lastAction":4,"status":0}],"golds":[{"posx":9,"posy":0,"amount":400},{"posx":7,"posy":1,"amount":100},{"posx":13,"posy":1,"amount":400},{"posx":2,"posy":2,"amount":100},{"posx":0,"posy":3,"amount":50},{"posx":10,"posy":3,"amount":150},{"posx":11,"posy":3,"amount":650},{"posx":15,"posy":3,"amount":400},{"posx":18,"posy":3,"amount":450},{"posx":14,"posy":4,"amount":300},{"posx":10,"posy":5,"amount":100},{"posx":13,"posy":6,"amount":50},{"posx":18,"posy":6,"amount":550},{"posx":14,"posy":7,"amount":150},{"posx":16,"posy":7,"amount":450},{"posx":9,"posy":8,"amount":50},{"posx":11,"posy":8,"amount":450}],"changedObstacles":[{"type":0,"posx":16,"posy":4,"value":-1}]},{"players":[{"playerId":2611188,"score":725,"energy":7,"posx":10,"posy":5,"lastAction":5,"status":0},{"playerId":206247,"score":350,"energy":34,"posx":15,"posy":4,"lastAction":0,"status":0},{"playerId":2370542,"score":0,"energy":50,"posx":2,"posy":8,"lastAction":6,"status":0},{"playerId":131454,"score":725,"energy":50,"posx":2,"posy":2,"lastAction":4,"status":0}],"golds":[{"posx":9,"posy":0,"amount":400},{"posx":7,"posy":1,"amount":100},{"posx":13,"posy":1,"amount":400},{"posx":2,"posy":2,"amount":100},{"posx":0,"posy":3,"amount":50},{"posx":10,"posy":3,"amount":150},{"posx":11,"posy":3,"amount":650},{"posx":15,"posy":3,"amount":400},{"posx":18,"posy":3,"amount":450},{"posx":14,"posy":4,"amount":300},{"posx":10,"posy":5,"amount":50},{"posx":13,"posy":6,"amount":50},{"posx":18,"posy":6,"amount":550},{"posx":14,"posy":7,"amount":150},{"posx":16,"posy":7,"amount":450},{"posx":9,"posy":8,"amount":50},{"posx":11,"posy":8,"amount":450}],"changedObstacles":[]},{"players":[{"playerId":2611188,"score":775,"energy":2,"posx":10,"posy":5,"lastAction":5,"status":0},{"playerId":206247,"score":350,"energy":30,"posx":15,"posy":3,"lastAction":2,"status":0},{"playerId":2370542,"score":0,"energy":50,"posx":2,"posy":8,"lastAction":6,"status":0},{"playerId":131454,"score":775,"energy":45,"posx":2,"posy":2,"lastAction":5,"status":0}],"golds":[{"posx":9,"posy":0,"amount":400},{"posx":7,"posy":1,"amount":100},{"posx":13,"posy":1,"amount":400},{"posx":2,"posy":2,"amount":50},{"posx":0,"posy":3,"amount":50},{"posx":10,"posy":3,"amount":150},{"posx":11,"posy":3,"amount":650},{"posx":15,"posy":3,"amount":400},{"posx":18,"posy":3,"amount":450},{"posx":14,"posy":4,"amount":300},{"posx":13,"posy":6,"amount":50},{"posx":18,"posy":6,"amount":550},{"posx":14,"posy":7,"amount":150},{"posx":16,"posy":7,"amount":450},{"posx":9,"posy":8,"amount":50},{"posx":11,"posy":8,"amount":450}],"changedObstacles":[{"type":0,"posx":10,"posy":5,"value":-1}]},{"players":[{"playerId":2611188,"score":775,"energy":1,"posx":10,"posy":4,"lastAction":2,"status":0},{"playerId":206247,"score":400,"energy":25,"posx":15,"posy":3,"lastAction":5,"status":0},{"playerId":2370542,"score":0,"energy":50,"posx":2,"posy":8,"lastAction":6,"status":0},{"playerId":131454,"score":825,"energy":40,"posx":2,"posy":2,"lastAction":5,"status":0}],"golds":[{"posx":9,"posy":0,"amount":400},{"posx":7,"posy":1,"amount":100},{"posx":13,"posy":1,"amount":400},{"posx":0,"posy":3,"amount":50},{"posx":10,"posy":3,"amount":150},{"posx":11,"posy":3,"amount":650},{"posx":15,"posy":3,"amount":350},{"posx":18,"posy":3,"amount":450},{"posx":14,"posy":4,"amount":300},{"posx":13,"posy":6,"amount":50},{"posx":18,"posy":6,"amount":550},{"posx":14,"posy":7,"amount":150},{"posx":16,"posy":7,"amount":450},{"posx":9,"posy":8,"amount":50},{"posx":11,"posy":8,"amount":450}],"changedObstacles":[{"type":0,"posx":2,"posy":2,"value":-1}]},{"players":[{"playerId":2611188,"score":775,"energy":13,"posx":10,"posy":4,"lastAction":4,"status":0},{"playerId":206247,"score":450,"energy":20,"posx":15,"posy":3,"lastAction":5,"status":0},{"playerId":2370542,"score":0,"energy":50,"posx":2,"posy":8,"lastAction":6,"status":0},{"playerId":131454,"score":825,"energy":39,"posx":1,"posy":2,"lastAction":0,"status":0}],"golds":[{"posx":9,"posy":0,"amount":400},{"posx":7,"posy":1,"amount":100},{"posx":13,"posy":1,"amount":400},{"posx":0,"posy":3,"amount":50},{"posx":10,"posy":3,"amount":150},{"posx":11,"posy":3,"amount":650},{"posx":15,"posy":3,"amount":300},{"posx":18,"posy":3,"amount":450},{"posx":14,"posy":4,"amount":300},{"posx":13,"posy":6,"amount":50},{"posx":18,"posy":6,"amount":550},{"posx":14,"posy":7,"amount":150},{"posx":16,"posy":7,"amount":450},{"posx":9,"posy":8,"amount":50},{"posx":11,"posy":8,"amount":450}],"changedObstacles":[]},{"players":[{"playerId":2611188,"score":775,"energy":29,"posx":10,"posy":4,"lastAction":4,"status":0},{"playerId":206247,"score":500,"energy":15,"posx":15,"posy":3,"lastAction":5,"status":0},{"playerId":2370542,"score":0,"energy":50,"posx":2,"posy":8,"lastAction":6,"status":0},{"playerId":131454,"score":825,"energy":38,"posx":1,"posy":3,"lastAction":3,"status":0}],"golds":[{"posx":9,"posy":0,"amount":400},{"posx":7,"posy":1,"amount":100},{"posx":13,"posy":1,"amount":400},{"posx":0,"posy":3,"amount":50},{"posx":10,"posy":3,"amount":150},{"posx":11,"posy":3,"amount":650},{"posx":15,"posy":3,"amount":250},{"posx":18,"posy":3,"amount":450},{"posx":14,"posy":4,"amount":300},{"posx":13,"posy":6,"amount":50},{"posx":18,"posy":6,"amount":550},{"posx":14,"posy":7,"amount":150},{"posx":16,"posy":7,"amount":450},{"posx":9,"posy":8,"amount":50},{"posx":11,"posy":8,"amount":450}],"changedObstacles":[]},{"players":[{"playerId":2611188,"score":775,"energy":50,"posx":10,"posy":4,"lastAction":4,"status":0},{"playerId":206247,"score":550,"energy":10,"posx":15,"posy":3,"lastAction":5,"status":0},{"playerId":2370542,"score":0,"energy":50,"posx":2,"posy":8,"lastAction":6,"status":0},{"playerId":131454,"score":825,"energy":34,"posx":0,"posy":3,"lastAction":0,"status":0}],"golds":[{"posx":9,"posy":0,"amount":400},{"posx":7,"posy":1,"amount":100},{"posx":13,"posy":1,"amount":400},{"posx":0,"posy":3,"amount":50},{"posx":10,"posy":3,"amount":150},{"posx":11,"posy":3,"amount":650},{"posx":15,"posy":3,"amount":200},{"posx":18,"posy":3,"amount":450},{"posx":14,"posy":4,"amount":300},{"posx":13,"posy":6,"amount":50},{"posx":18,"posy":6,"amount":550},{"posx":14,"posy":7,"amount":150},{"posx":16,"posy":7,"amount":450},{"posx":9,"posy":8,"amount":50},{"posx":11,"posy":8,"amount":450}],"changedObstacles":[]},{"players":[{"playerId":2611188,"score":775,"energy":46,"posx":10,"posy":3,"lastAction":2,"status":0},{"playerId":206247,"score":600,"energy":5,"posx":15,"posy":3,"lastAction":5,"status":0},{"playerId":2370542,"score":0,"energy":50,"posx":2,"posy":8,"lastAction":6,"status":0},{"playerId":131454,"score":875,"energy":29,"posx":0,"posy":3,"lastAction":5,"status":0}],"golds":[{"posx":9,"posy":0,"amount":400},{"posx":7,"posy":1,"amount":100},{"posx":13,"posy":1,"amount":400},{"posx":10,"posy":3,"amount":150},{"posx":11,"posy":3,"amount":650},{"posx":15,"posy":3,"amount":150},{"posx":18,"posy":3,"amount":450},{"posx":14,"posy":4,"amount":300},{"posx":13,"posy":6,"amount":50},{"posx":18,"posy":6,"amount":550},{"posx":14,"posy":7,"amount":150},{"posx":16,"posy":7,"amount":450},{"posx":9,"posy":8,"amount":50},{"posx":11,"posy":8,"amount":450}],"changedObstacles":[{"type":0,"posx":0,"posy":3,"value":-1}]},{"players":[{"playerId":2611188,"score":825,"energy":41,"posx":10,"posy":3,"lastAction":5,"status":0},{"playerId":206247,"score":600,"energy":17,"posx":15,"posy":3,"lastAction":4,"status":0},{"playerId":2370542,"score":0,"energy":50,"posx":2,"posy":8,"lastAction":6,"status":0},{"playerId":131454,"score":875,"energy":28,"posx":1,"posy":3,"lastAction":1,"status":0}],"golds":[{"posx":9,"posy":0,"amount":400},{"posx":7,"posy":1,"amount":100},{"posx":13,"posy":1,"amount":400},{"posx":10,"posy":3,"amount":100},{"posx":11,"posy":3,"amount":650},{"posx":15,"posy":3,"amount":150},{"posx":18,"posy":3,"amount":450},{"posx":14,"posy":4,"amount":300},{"posx":13,"posy":6,"amount":50},{"posx":18,"posy":6,"amount":550},{"posx":14,"posy":7,"amount":150},{"posx":16,"posy":7,"amount":450},{"posx":9,"posy":8,"amount":50},{"posx":11,"posy":8,"amount":450}],"changedObstacles":[]},{"players":[{"playerId":2611188,"score":875,"energy":36,"posx":10,"posy":3,"lastAction":5,"status":0},{"playerId":206247,"score":600,"energy":33,"posx":15,"posy":3,"lastAction":4,"status":0},{"playerId":2370542,"score":0,"energy":50,"posx":2,"posy":8,"lastAction":6,"status":0},{"playerId":131454,"score":875,"energy":27,"posx":2,"posy":3,"lastAction":1,"status":0}],"golds":[{"posx":9,"posy":0,"amount":400},{"posx":7,"posy":1,"amount":100},{"posx":13,"posy":1,"amount":400},{"posx":10,"posy":3,"amount":50},{"posx":11,"posy":3,"amount":650},{"posx":15,"posy":3,"amount":150},{"posx":18,"posy":3,"amount":450},{"posx":14,"posy":4,"amount":300},{"posx":13,"posy":6,"amount":50},{"posx":18,"posy":6,"amount":550},{"posx":14,"posy":7,"amount":150},{"posx":16,"posy":7,"amount":450},{"posx":9,"posy":8,"amount":50},{"posx":11,"posy":8,"amount":450}],"changedObstacles":[]},{"players":[{"playerId":2611188,"score":925,"energy":31,"posx":10,"posy":3,"lastAction":5,"status":0},{"playerId":206247,"score":600,"energy":50,"posx":15,"posy":3,"lastAction":4,"status":0},{"playerId":2370542,"score":0,"energy":50,"posx":2,"posy":8,"lastAction":6,"status":0},{"playerId":131454,"score":875,"energy":26,"posx":3,"posy":3,"lastAction":1,"status":0}],"golds":[{"posx":9,"posy":0,"amount":400},{"posx":7,"posy":1,"amount":100},{"posx":13,"posy":1,"amount":400},{"posx":11,"posy":3,"amount":650},{"posx":15,"posy":3,"amount":150},{"posx":18,"posy":3,"amount":450},{"posx":14,"posy":4,"amount":300},{"posx":13,"posy":6,"amount":50},{"posx":18,"posy":6,"amount":550},{"posx":14,"posy":7,"amount":150},{"posx":16,"posy":7,"amount":450},{"posx":9,"posy":8,"amount":50},{"posx":11,"posy":8,"amount":450}],"changedObstacles":[{"type":0,"posx":10,"posy":3,"value":-1}]},{"players":[{"playerId":2611188,"score":925,"energy":27,"posx":11,"posy":3,"lastAction":1,"status":0},{"playerId":206247,"score":650,"energy":45,"posx":15,"posy":3,"lastAction":5,"status":0},{"playerId":2370542,"score":0,"energy":50,"posx":2,"posy":8,"lastAction":6,"status":0},{"playerId":131454,"score":875,"energy":25,"posx":4,"posy":3,"lastAction":1,"status":0}],"golds":[{"posx":9,"posy":0,"amount":400},{"posx":7,"posy":1,"amount":100},{"posx":13,"posy":1,"amount":400},{"posx":11,"posy":3,"amount":650},{"posx":15,"posy":3,"amount":100},{"posx":18,"posy":3,"amount":450},{"posx":14,"posy":4,"amount":300},{"posx":13,"posy":6,"amount":50},{"posx":18,"posy":6,"amount":550},{"posx":14,"posy":7,"amount":150},{"posx":16,"posy":7,"amount":450},{"posx":9,"posy":8,"amount":50},{"posx":11,"posy":8,"amount":450}],"changedObstacles":[]},{"players":[{"playerId":2611188,"score":975,"energy":22,"posx":11,"posy":3,"lastAction":5,"status":0},{"playerId":206247,"score":700,"energy":40,"posx":15,"posy":3,"lastAction":5,"status":0},{"playerId":2370542,"score":0,"energy":50,"posx":2,"posy":8,"lastAction":6,"status":0},{"playerId":131454,"score":875,"energy":24,"posx":5,"posy":3,"lastAction":1,"status":0}],"golds":[{"posx":9,"posy":0,"amount":400},{"posx":7,"posy":1,"amount":100},{"posx":13,"posy":1,"amount":400},{"posx":11,"posy":3,"amount":600},{"posx":15,"posy":3,"amount":50},{"posx":18,"posy":3,"amount":450},{"posx":14,"posy":4,"amount":300},{"posx":13,"posy":6,"amount":50},{"posx":18,"posy":6,"amount":550},{"posx":14,"posy":7,"amount":150},{"posx":16,"posy":7,"amount":450},{"posx":9,"posy":8,"amount":50},{"posx":11,"posy":8,"amount":450}],"changedObstacles":[]},{"players":[{"playerId":2611188,"score":1025,"energy":17,"posx":11,"posy":3,"lastAction":5,"status":0},{"playerId":206247,"score":750,"energy":35,"posx":15,"posy":3,"lastAction":5,"status":0},{"playerId":2370542,"score":0,"energy":50,"posx":2,"posy":8,"lastAction":6,"status":0},{"playerId":131454,"score":875,"energy":23,"posx":6,"posy":3,"lastAction":1,"status":0}],"golds":[{"posx":9,"posy":0,"amount":400},{"posx":7,"posy":1,"amount":100},{"posx":13,"posy":1,"amount":400},{"posx":11,"posy":3,"amount":550},{"posx":18,"posy":3,"amount":450},{"posx":14,"posy":4,"amount":300},{"posx":13,"posy":6,"amount":50},{"posx":18,"posy":6,"amount":550},{"posx":14,"posy":7,"amount":150},{"posx":16,"posy":7,"amount":450},{"posx":9,"posy":8,"amount":50},{"posx":11,"posy":8,"amount":450}],"changedObstacles":[{"type":0,"posx":15,"posy":3,"value":-1}]},{"players":[{"playerId":2611188,"score":1075,"energy":12,"posx":11,"posy":3,"lastAction":5,"status":0},{"playerId":206247,"score":750,"energy":34,"posx":14,"posy":3,"lastAction":0,"status":0},{"playerId":2370542,"score":0,"energy":50,"posx":2,"posy":8,"lastAction":6,"status":0},{"playerId":131454,"score":875,"energy":22,"posx":6,"posy":2,"lastAction":2,"status":0}],"golds":[{"posx":9,"posy":0,"amount":400},{"posx":7,"posy":1,"amount":100},{"posx":13,"posy":1,"amount":400},{"posx":11,"posy":3,"amount":500},{"posx":18,"posy":3,"amount":450},{"posx":14,"posy":4,"amount":300},{"posx":13,"posy":6,"amount":50},{"posx":18,"posy":6,"amount":550},{"posx":14,"posy":7,"amount":150},{"posx":16,"posy":7,"amount":450},{"posx":9,"posy":8,"amount":50},{"posx":11,"posy":8,"amount":450}],"changedObstacles":[]},{"players":[{"playerId":2611188,"score":1125,"energy":7,"posx":11,"posy":3,"lastAction":5,"status":0},{"playerId":206247,"score":750,"energy":30,"posx":14,"posy":4,"lastAction":3,"status":0},{"playerId":2370542,"score":0,"energy":50,"posx":2,"posy":8,"lastAction":6,"status":0},{"playerId":131454,"score":875,"energy":21,"posx":7,"posy":2,"lastAction":1,"status":0}],"golds":[{"posx":9,"posy":0,"amount":400},{"posx":7,"posy":1,"amount":100},{"posx":13,"posy":1,"amount":400},{"posx":11,"posy":3,"amount":450},{"posx":18,"posy":3,"amount":450},{"posx":14,"posy":4,"amount":300},{"posx":13,"posy":6,"amount":50},{"posx":18,"posy":6,"amount":550},{"posx":14,"posy":7,"amount":150},{"posx":16,"posy":7,"amount":450},{"posx":9,"posy":8,"amount":50},{"posx":11,"posy":8,"amount":450}],"changedObstacles":[]},{"players":[{"playerId":2611188,"score":1175,"energy":2,"posx":11,"posy":3,"lastAction":5,"status":0},{"playerId":206247,"score":800,"energy":25,"posx":14,"posy":4,"lastAction":5,"status":0},{"playerId":2370542,"score":0,"energy":50,"posx":2,"posy":8,"lastAction":6,"status":0},{"playerId":131454,"score":875,"energy":17,"posx":7,"posy":1,"lastAction":2,"status":0}],"golds":[{"posx":9,"posy":0,"amount":400},{"posx":7,"posy":1,"amount":100},{"posx":13,"posy":1,"amount":400},{"posx":11,"posy":3,"amount":400},{"posx":18,"posy":3,"amount":450},{"posx":14,"posy":4,"amount":250},{"posx":13,"posy":6,"amount":50},{"posx":18,"posy":6,"amount":550},{"posx":14,"posy":7,"amount":150},{"posx":16,"posy":7,"amount":450},{"posx":9,"posy":8,"amount":50},{"posx":11,"posy":8,"amount":450}],"changedObstacles":[]},{"players":[{"playerId":2611188,"score":1175,"energy":14,"posx":11,"posy":3,"lastAction":4,"status":0},{"playerId":206247,"score":850,"energy":20,"posx":14,"posy":4,"lastAction":5,"status":0},{"playerId":2370542,"score":0,"energy":50,"posx":2,"posy":8,"lastAction":6,"status":0},{"playerId":131454,"score":925,"energy":12,"posx":7,"posy":1,"lastAction":5,"status":0}],"golds":[{"posx":9,"posy":0,"amount":400},{"posx":7,"posy":1,"amount":50},{"posx":13,"posy":1,"amount":400},{"posx":11,"posy":3,"amount":400},{"posx":18,"posy":3,"amount":450},{"posx":14,"posy":4,"amount":200},{"posx":13,"posy":6,"amount":50},{"posx":18,"posy":6,"amount":550},{"posx":14,"posy":7,"amount":150},{"posx":16,"posy":7,"amount":450},{"posx":9,"posy":8,"amount":50},{"posx":11,"posy":8,"amount":450}],"changedObstacles":[]},{"players":[{"playerId":2611188,"score":1175,"energy":30,"posx":11,"posy":3,"lastAction":4,"status":0},{"playerId":206247,"score":900,"energy":15,"posx":14,"posy":4,"lastAction":5,"status":0},{"playerId":2370542,"score":0,"energy":50,"posx":2,"posy":8,"lastAction":6,"status":0},{"playerId":131454,"score":975,"energy":7,"posx":7,"posy":1,"lastAction":5,"status":0}],"golds":[{"posx":9,"posy":0,"amount":400},{"posx":13,"posy":1,"amount":400},{"posx":11,"posy":3,"amount":400},{"posx":18,"posy":3,"amount":450},{"posx":14,"posy":4,"amount":150},{"posx":13,"posy":6,"amount":50},{"posx":18,"posy":6,"amount":550},{"posx":14,"posy":7,"amount":150},{"posx":16,"posy":7,"amount":450},{"posx":9,"posy":8,"amount":50},{"posx":11,"posy":8,"amount":450}],"changedObstacles":[{"type":0,"posx":7,"posy":1,"value":-1}]},{"players":[{"playerId":2611188,"score":1175,"energy":50,"posx":11,"posy":3,"lastAction":4,"status":0},{"playerId":206247,"score":950,"energy":10,"posx":14,"posy":4,"lastAction":5,"status":0},{"playerId":2370542,"score":0,"energy":50,"posx":2,"posy":8,"lastAction":6,"status":0},{"playerId":131454,"score":975,"energy":6,"posx":7,"posy":0,"lastAction":2,"status":0}],"golds":[{"posx":9,"posy":0,"amount":400},{"posx":13,"posy":1,"amount":400},{"posx":11,"posy":3,"amount":400},{"posx":18,"posy":3,"amount":450},{"posx":14,"posy":4,"amount":100},{"posx":13,"posy":6,"amount":50},{"posx":18,"posy":6,"amount":550},{"posx":14,"posy":7,"amount":150},{"posx":16,"posy":7,"amount":450},{"posx":9,"posy":8,"amount":50},{"posx":11,"posy":8,"amount":450}],"changedObstacles":[]},{"players":[{"playerId":2611188,"score":1225,"energy":45,"posx":11,"posy":3,"lastAction":5,"status":0},{"playerId":206247,"score":1000,"energy":5,"posx":14,"posy":4,"lastAction":5,"status":0},{"playerId":2370542,"score":0,"energy":50,"posx":2,"posy":8,"lastAction":6,"status":0},{"playerId":131454,"score":975,"energy":5,"posx":8,"posy":0,"lastAction":1,"status":0}],"golds":[{"posx":9,"posy":0,"amount":400},{"posx":13,"posy":1,"amount":400},{"posx":11,"posy":3,"amount":350},{"posx":18,"posy":3,"amount":450},{"posx":14,"posy":4,"amount":50},{"posx":13,"posy":6,"amount":50},{"posx":18,"posy":6,"amount":550},{"posx":14,"posy":7,"amount":150},{"posx":16,"posy":7,"amount":450},{"posx":9,"posy":8,"amount":50},{"posx":11,"posy":8,"amount":450}],"changedObstacles":[]},{"players":[{"playerId":2611188,"score":1275,"energy":40,"posx":11,"posy":3,"lastAction":5,"status":0},{"playerId":206247,"score":1000,"energy":17,"posx":14,"posy":4,"lastAction":4,"status":0},{"playerId":2370542,"score":0,"energy":50,"posx":2,"posy":8,"lastAction":6,"status":0},{"playerId":131454,"score":975,"energy":17,"posx":8,"posy":0,"lastAction":4,"status":0}],"golds":[{"posx":9,"posy":0,"amount":400},{"posx":13,"posy":1,"amount":400},{"posx":11,"posy":3,"amount":300},{"posx":18,"posy":3,"amount":450},{"posx":14,"posy":4,"amount":50},{"posx":13,"posy":6,"amount":50},{"posx":18,"posy":6,"amount":550},{"posx":14,"posy":7,"amount":150},{"posx":16,"posy":7,"amount":450},{"posx":9,"posy":8,"amount":50},{"posx":11,"posy":8,"amount":450}],"changedObstacles":[]},{"players":[{"playerId":2611188,"score":1325,"energy":35,"posx":11,"posy":3,"lastAction":5,"status":0},{"playerId":206247,"score":1000,"energy":33,"posx":14,"posy":4,"lastAction":4,"status":0},{"playerId":2370542,"score":0,"energy":50,"posx":2,"posy":8,"lastAction":6,"status":0},{"playerId":131454,"score":975,"energy":33,"posx":8,"posy":0,"lastAction":4,"status":0}],"golds":[{"posx":9,"posy":0,"amount":400},{"posx":13,"posy":1,"amount":400},{"posx":11,"posy":3,"amount":250},{"posx":18,"posy":3,"amount":450},{"posx":14,"posy":4,"amount":50},{"posx":13,"posy":6,"amount":50},{"posx":18,"posy":6,"amount":550},{"posx":14,"posy":7,"amount":150},{"posx":16,"posy":7,"amount":450},{"posx":9,"posy":8,"amount":50},{"posx":11,"posy":8,"amount":450}],"changedObstacles":[]},{"players":[{"playerId":2611188,"score":1375,"energy":30,"posx":11,"posy":3,"lastAction":5,"status":0},{"playerId":206247,"score":1000,"energy":50,"posx":14,"posy":4,"lastAction":4,"status":0},{"playerId":2370542,"score":0,"energy":50,"posx":2,"posy":8,"lastAction":6,"status":0},{"playerId":131454,"score":975,"energy":50,"posx":8,"posy":0,"lastAction":4,"status":0}],"golds":[{"posx":9,"posy":0,"amount":400},{"posx":13,"posy":1,"amount":400},{"posx":11,"posy":3,"amount":200},{"posx":18,"posy":3,"amount":450},{"posx":14,"posy":4,"amount":50},{"posx":13,"posy":6,"amount":50},{"posx":18,"posy":6,"amount":550},{"posx":14,"posy":7,"amount":150},{"posx":16,"posy":7,"amount":450},{"posx":9,"posy":8,"amount":50},{"posx":11,"posy":8,"amount":450}],"changedObstacles":[]},{"players":[{"playerId":2611188,"score":1425,"energy":25,"posx":11,"posy":3,"lastAction":5,"status":0},{"playerId":206247,"score":1050,"energy":45,"posx":14,"posy":4,"lastAction":5,"status":0},{"playerId":2370542,"score":0,"energy":50,"posx":2,"posy":8,"lastAction":6,"status":0},{"playerId":131454,"score":975,"energy":46,"posx":9,"posy":0,"lastAction":1,"status":0}],"golds":[{"posx":9,"posy":0,"amount":400},{"posx":13,"posy":1,"amount":400},{"posx":11,"posy":3,"amount":150},{"posx":18,"posy":3,"amount":450},{"posx":13,"posy":6,"amount":50},{"posx":18,"posy":6,"amount":550},{"posx":14,"posy":7,"amount":150},{"posx":16,"posy":7,"amount":450},{"posx":9,"posy":8,"amount":50},{"posx":11,"posy":8,"amount":450}],"changedObstacles":[{"type":0,"posx":14,"posy":4,"value":-1}]},{"players":[{"playerId":2611188,"score":1475,"energy":20,"posx":11,"posy":3,"lastAction":5,"status":0},{"playerId":206247,"score":1050,"energy":44,"posx":14,"posy":5,"lastAction":3,"status":0},{"playerId":2370542,"score":0,"energy":50,"posx":2,"posy":8,"lastAction":6,"status":0},{"playerId":131454,"score":1025,"energy":41,"posx":9,"posy":0,"lastAction":5,"status":0}],"golds":[{"posx":9,"posy":0,"amount":350},{"posx":13,"posy":1,"amount":400},{"posx":11,"posy":3,"amount":100},{"posx":18,"posy":3,"amount":450},{"posx":13,"posy":6,"amount":50},{"posx":18,"posy":6,"amount":550},{"posx":14,"posy":7,"amount":150},{"posx":16,"posy":7,"amount":450},{"posx":9,"posy":8,"amount":50},{"posx":11,"posy":8,"amount":450}],"changedObstacles":[]},{"players":[{"playerId":2611188,"score":1525,"energy":15,"posx":11,"posy":3,"lastAction":5,"status":0},{"playerId":206247,"score":1050,"energy":43,"posx":14,"posy":6,"lastAction":3,"status":0},{"playerId":2370542,"score":0,"energy":50,"posx":2,"posy":8,"lastAction":6,"status":0},{"playerId":131454,"score":1075,"energy":36,"posx":9,"posy":0,"lastAction":5,"status":0}],"golds":[{"posx":9,"posy":0,"amount":300},{"posx":13,"posy":1,"amount":400},{"posx":11,"posy":3,"amount":50},{"posx":18,"posy":3,"amount":450},{"posx":13,"posy":6,"amount":50},{"posx":18,"posy":6,"amount":550},{"posx":14,"posy":7,"amount":150},{"posx":16,"posy":7,"amount":450},{"posx":9,"posy":8,"amount":50},{"posx":11,"posy":8,"amount":450}],"changedObstacles":[]},{"players":[{"playerId":2611188,"score":1575,"energy":10,"posx":11,"posy":3,"lastAction":5,"status":0},{"playerId":206247,"score":1050,"energy":39,"posx":14,"posy":7,"lastAction":3,"status":0},{"playerId":2370542,"score":0,"energy":50,"posx":2,"posy":8,"lastAction":6,"status":0},{"playerId":131454,"score":1125,"energy":31,"posx":9,"posy":0,"lastAction":5,"status":0}],"golds":[{"posx":9,"posy":0,"amount":250},{"posx":13,"posy":1,"amount":400},{"posx":18,"posy":3,"amount":450},{"posx":13,"posy":6,"amount":50},{"posx":18,"posy":6,"amount":550},{"posx":14,"posy":7,"amount":150},{"posx":16,"posy":7,"amount":450},{"posx":9,"posy":8,"amount":50},{"posx":11,"posy":8,"amount":450}],"changedObstacles":[{"type":0,"posx":11,"posy":3,"value":-1}]},{"players":[{"playerId":2611188,"score":1575,"energy":9,"posx":10,"posy":3,"lastAction":0,"status":0},{"playerId":206247,"score":1100,"energy":34,"posx":14,"posy":7,"lastAction":5,"status":0},{"playerId":2370542,"score":0,"energy":50,"posx":2,"posy":8,"lastAction":6,"status":0},{"playerId":131454,"score":1175,"energy":26,"posx":9,"posy":0,"lastAction":5,"status":0}],"golds":[{"posx":9,"posy":0,"amount":200},{"posx":13,"posy":1,"amount":400},{"posx":18,"posy":3,"amount":450},{"posx":13,"posy":6,"amount":50},{"posx":18,"posy":6,"amount":550},{"posx":14,"posy":7,"amount":100},{"posx":16,"posy":7,"amount":450},{"posx":9,"posy":8,"amount":50},{"posx":11,"posy":8,"amount":450}],"changedObstacles":[]},{"players":[{"playerId":2611188,"score":1575,"energy":8,"posx":10,"posy":4,"lastAction":3,"status":0},{"playerId":206247,"score":1150,"energy":29,"posx":14,"posy":7,"lastAction":5,"status":0},{"playerId":2370542,"score":0,"energy":50,"posx":2,"posy":8,"lastAction":6,"status":0},{"playerId":131454,"score":1225,"energy":21,"posx":9,"posy":0,"lastAction":5,"status":0}],"golds":[{"posx":9,"posy":0,"amount":150},{"posx":13,"posy":1,"amount":400},{"posx":18,"posy":3,"amount":450},{"posx":13,"posy":6,"amount":50},{"posx":18,"posy":6,"amount":550},{"posx":14,"posy":7,"amount":50},{"posx":16,"posy":7,"amount":450},{"posx":9,"posy":8,"amount":50},{"posx":11,"posy":8,"amount":450}],"changedObstacles":[]},{"players":[{"playerId":2611188,"score":1575,"energy":7,"posx":9,"posy":4,"lastAction":0,"status":0},{"playerId":206247,"score":1200,"energy":24,"posx":14,"posy":7,"lastAction":5,"status":0},{"playerId":2370542,"score":0,"energy":50,"posx":2,"posy":8,"lastAction":6,"status":0},{"playerId":131454,"score":1275,"energy":16,"posx":9,"posy":0,"lastAction":5,"status":0}],"golds":[{"posx":9,"posy":0,"amount":100},{"posx":13,"posy":1,"amount":400},{"posx":18,"posy":3,"amount":450},{"posx":13,"posy":6,"amount":50},{"posx":18,"posy":6,"amount":550},{"posx":16,"posy":7,"amount":450},{"posx":9,"posy":8,"amount":50},{"posx":11,"posy":8,"amount":450}],"changedObstacles":[{"type":0,"posx":14,"posy":7,"value":-1}]},{"players":[{"playerId":2611188,"score":1575,"energy":6,"posx":9,"posy":5,"lastAction":3,"status":0},{"playerId":206247,"score":1200,"energy":23,"posx":15,"posy":7,"lastAction":1,"status":0},{"playerId":2370542,"score":0,"energy":50,"posx":2,"posy":8,"lastAction":6,"status":0},{"playerId":131454,"score":1325,"energy":11,"posx":9,"posy":0,"lastAction":5,"status":0}],"golds":[{"posx":9,"posy":0,"amount":50},{"posx":13,"posy":1,"amount":400},{"posx":18,"posy":3,"amount":450},{"posx":13,"posy":6,"amount":50},{"posx":18,"posy":6,"amount":550},{"posx":16,"posy":7,"amount":450},{"posx":9,"posy":8,"amount":50},{"posx":11,"posy":8,"amount":450}],"changedObstacles":[]},{"players":[{"playerId":2611188,"score":1575,"energy":5,"posx":9,"posy":6,"lastAction":3,"status":0},{"playerId":206247,"score":1200,"energy":19,"posx":16,"posy":7,"lastAction":1,"status":0},{"playerId":2370542,"score":0,"energy":50,"posx":2,"posy":8,"lastAction":6,"status":0},{"playerId":131454,"score":1375,"energy":6,"posx":9,"posy":0,"lastAction":5,"status":0}],"golds":[{"posx":13,"posy":1,"amount":400},{"posx":18,"posy":3,"amount":450},{"posx":13,"posy":6,"amount":50},{"posx":18,"posy":6,"amount":550},{"posx":16,"posy":7,"amount":450},{"posx":9,"posy":8,"amount":50},{"posx":11,"posy":8,"amount":450}],"changedObstacles":[{"type":0,"posx":9,"posy":0,"value":-1}]},{"players":[{"playerId":2611188,"score":1575,"energy":4,"posx":9,"posy":7,"lastAction":3,"status":0},{"playerId":206247,"score":1250,"energy":14,"posx":16,"posy":7,"lastAction":5,"status":0},{"playerId":2370542,"score":0,"energy":50,"posx":2,"posy":8,"lastAction":6,"status":0},{"playerId":131454,"score":1375,"energy":5,"posx":10,"posy":0,"lastAction":1,"status":0}],"golds":[{"posx":13,"posy":1,"amount":400},{"posx":18,"posy":3,"amount":450},{"posx":13,"posy":6,"amount":50},{"posx":18,"posy":6,"amount":550},{"posx":16,"posy":7,"amount":400},{"posx":9,"posy":8,"amount":50},{"posx":11,"posy":8,"amount":450}],"changedObstacles":[]},{"players":[{"playerId":2611188,"score":1575,"energy":16,"posx":9,"posy":7,"lastAction":4,"status":0},{"playerId":206247,"score":1300,"energy":9,"posx":16,"posy":7,"lastAction":5,"status":0},{"playerId":2370542,"score":0,"energy":50,"posx":2,"posy":8,"lastAction":6,"status":0},{"playerId":131454,"score":1375,"energy":17,"posx":10,"posy":0,"lastAction":4,"status":0}],"golds":[{"posx":13,"posy":1,"amount":400},{"posx":18,"posy":3,"amount":450},{"posx":13,"posy":6,"amount":50},{"posx":18,"posy":6,"amount":550},{"posx":16,"posy":7,"amount":350},{"posx":9,"posy":8,"amount":50},{"posx":11,"posy":8,"amount":450}],"changedObstacles":[]},{"players":[{"playerId":2611188,"score":1575,"energy":32,"posx":9,"posy":7,"lastAction":4,"status":0},{"playerId":206247,"score":1350,"energy":4,"posx":16,"posy":7,"lastAction":5,"status":0},{"playerId":2370542,"score":0,"energy":50,"posx":2,"posy":8,"lastAction":6,"status":0},{"playerId":131454,"score":1375,"energy":33,"posx":10,"posy":0,"lastAction":4,"status":0}],"golds":[{"posx":13,"posy":1,"amount":400},{"posx":18,"posy":3,"amount":450},{"posx":13,"posy":6,"amount":50},{"posx":18,"posy":6,"amount":550},{"posx":16,"posy":7,"amount":300},{"posx":9,"posy":8,"amount":50},{"posx":11,"posy":8,"amount":450}],"changedObstacles":[]},{"players":[{"playerId":2611188,"score":1575,"energy":50,"posx":9,"posy":7,"lastAction":4,"status":0},{"playerId":206247,"score":1350,"energy":16,"posx":16,"posy":7,"lastAction":4,"status":0},{"playerId":2370542,"score":0,"energy":50,"posx":2,"posy":8,"lastAction":6,"status":0},{"playerId":131454,"score":1375,"energy":50,"posx":10,"posy":0,"lastAction":4,"status":0}],"golds":[{"posx":13,"posy":1,"amount":400},{"posx":18,"posy":3,"amount":450},{"posx":13,"posy":6,"amount":50},{"posx":18,"posy":6,"amount":550},{"posx":16,"posy":7,"amount":300},{"posx":9,"posy":8,"amount":50},{"posx":11,"posy":8,"amount":450}],"changedObstacles":[]},{"players":[{"playerId":2611188,"score":1575,"energy":46,"posx":9,"posy":8,"lastAction":3,"status":0},{"playerId":206247,"score":1350,"energy":32,"posx":16,"posy":7,"lastAction":4,"status":0},{"playerId":2370542,"score":0,"energy":50,"posx":2,"posy":8,"lastAction":6,"status":0},{"playerId":131454,"score":1375,"energy":49,"posx":11,"posy":0,"lastAction":1,"status":0}],"golds":[{"posx":13,"posy":1,"amount":400},{"posx":18,"posy":3,"amount":450},{"posx":13,"posy":6,"amount":50},{"posx":18,"posy":6,"amount":550},{"posx":16,"posy":7,"amount":300},{"posx":9,"posy":8,"amount":50},{"posx":11,"posy":8,"amount":450}],"changedObstacles":[]},{"players":[{"playerId":2611188,"score":1625,"energy":41,"posx":9,"posy":8,"lastAction":5,"status":0},{"playerId":206247,"score":1350,"energy":50,"posx":16,"posy":7,"lastAction":4,"status":0},{"playerId":2370542,"score":0,"energy":50,"posx":2,"posy":8,"lastAction":6,"status":0},{"playerId":131454,"score":1375,"energy":48,"posx":12,"posy":0,"lastAction":1,"status":0}],"golds":[{"posx":13,"posy":1,"amount":400},{"posx":18,"posy":3,"amount":450},{"posx":13,"posy":6,"amount":50},{"posx":18,"posy":6,"amount":550},{"posx":16,"posy":7,"amount":300},{"posx":11,"posy":8,"amount":450}],"changedObstacles":[{"type":0,"posx":9,"posy":8,"value":-1}]},{"players":[{"playerId":2611188,"score":1625,"energy":40,"posx":9,"posy":7,"lastAction":2,"status":0},{"playerId":206247,"score":1400,"energy":45,"posx":16,"posy":7,"lastAction":5,"status":0},{"playerId":2370542,"score":0,"energy":50,"posx":2,"posy":8,"lastAction":6,"status":0},{"playerId":131454,"score":1375,"energy":47,"posx":13,"posy":0,"lastAction":1,"status":0}],"golds":[{"posx":13,"posy":1,"amount":400},{"posx":18,"posy":3,"amount":450},{"posx":13,"posy":6,"amount":50},{"posx":18,"posy":6,"amount":550},{"posx":16,"posy":7,"amount":250},{"posx":11,"posy":8,"amount":450}],"changedObstacles":[]},{"players":[{"playerId":2611188,"score":1625,"energy":39,"posx":10,"posy":7,"lastAction":1,"status":0},{"playerId":206247,"score":1450,"energy":40,"posx":16,"posy":7,"lastAction":5,"status":0},{"playerId":2370542,"score":0,"energy":50,"posx":2,"posy":8,"lastAction":6,"status":0},{"playerId":131454,"score":1375,"energy":43,"posx":13,"posy":1,"lastAction":3,"status":0}],"golds":[{"posx":13,"posy":1,"amount":400},{"posx":18,"posy":3,"amount":450},{"posx":13,"posy":6,"amount":50},{"posx":18,"posy":6,"amount":550},{"posx":16,"posy":7,"amount":200},{"posx":11,"posy":8,"amount":450}],"changedObstacles":[]},{"players":[{"playerId":2611188,"score":1625,"energy":38,"posx":11,"posy":7,"lastAction":1,"status":0},{"playerId":206247,"score":1500,"energy":35,"posx":16,"posy":7,"lastAction":5,"status":0},{"playerId":2370542,"score":0,"energy":50,"posx":2,"posy":8,"lastAction":6,"status":0},{"playerId":131454,"score":1425,"energy":38,"posx":13,"posy":1,"lastAction":5,"status":0}],"golds":[{"posx":13,"posy":1,"amount":350},{"posx":18,"posy":3,"amount":450},{"posx":13,"posy":6,"amount":50},{"posx":18,"posy":6,"amount":550},{"posx":16,"posy":7,"amount":150},{"posx":11,"posy":8,"amount":450}],"changedObstacles":[]},{"players":[{"playerId":2611188,"score":1625,"energy":34,"posx":11,"posy":8,"lastAction":3,"status":0},{"playerId":206247,"score":1550,"energy":30,"posx":16,"posy":7,"lastAction":5,"status":0},{"playerId":2370542,"score":0,"energy":50,"posx":2,"posy":8,"lastAction":6,"status":0},{"playerId":131454,"score":1475,"energy":33,"posx":13,"posy":1,"lastAction":5,"status":0}],"golds":[{"posx":13,"posy":1,"amount":300},{"posx":18,"posy":3,"amount":450},{"posx":13,"posy":6,"amount":50},{"posx":18,"posy":6,"amount":550},{"posx":16,"posy":7,"amount":100},{"posx":11,"posy":8,"amount":450}],"changedObstacles":[]},{"players":[{"playerId":2611188,"score":1675,"energy":29,"posx":11,"posy":8,"lastAction":5,"status":0},{"playerId":206247,"score":1600,"energy":25,"posx":16,"posy":7,"lastAction":5,"status":0},{"playerId":2370542,"score":0,"energy":50,"posx":2,"posy":8,"lastAction":6,"status":0},{"playerId":131454,"score":1525,"energy":28,"posx":13,"posy":1,"lastAction":5,"status":0}],"golds":[{"posx":13,"posy":1,"amount":250},{"posx":18,"posy":3,"amount":450},{"posx":13,"posy":6,"amount":50},{"posx":18,"posy":6,"amount":550},{"posx":16,"posy":7,"amount":50},{"posx":11,"posy":8,"amount":400}],"changedObstacles":[]},{"players":[{"playerId":2611188,"score":1725,"energy":24,"posx":11,"posy":8,"lastAction":5,"status":0},{"playerId":206247,"score":1650,"energy":20,"posx":16,"posy":7,"lastAction":5,"status":0},{"playerId":2370542,"score":0,"energy":50,"posx":2,"posy":8,"lastAction":6,"status":0},{"playerId":131454,"score":1575,"energy":23,"posx":13,"posy":1,"lastAction":5,"status":0}],"golds":[{"posx":13,"posy":1,"amount":200},{"posx":18,"posy":3,"amount":450},{"posx":13,"posy":6,"amount":50},{"posx":18,"posy":6,"amount":550},{"posx":11,"posy":8,"amount":350}],"changedObstacles":[{"type":0,"posx":16,"posy":7,"value":-1}]},{"players":[{"playerId":2611188,"score":1775,"energy":19,"posx":11,"posy":8,"lastAction":5,"status":0},{"playerId":206247,"score":1650,"energy":19,"posx":17,"posy":7,"lastAction":1,"status":0},{"playerId":2370542,"score":0,"energy":50,"posx":2,"posy":8,"lastAction":6,"status":0},{"playerId":131454,"score":1625,"energy":18,"posx":13,"posy":1,"lastAction":5,"status":0}],"golds":[{"posx":13,"posy":1,"amount":150},{"posx":18,"posy":3,"amount":450},{"posx":13,"posy":6,"amount":50},{"posx":18,"posy":6,"amount":550},{"posx":11,"posy":8,"amount":300}],"changedObstacles":[]},{"players":[{"playerId":2611188,"score":1825,"energy":14,"posx":11,"posy":8,"lastAction":5,"status":0},{"playerId":206247,"score":1650,"energy":18,"posx":18,"posy":7,"lastAction":1,"status":0},{"playerId":2370542,"score":0,"energy":50,"posx":2,"posy":8,"lastAction":6,"status":0},{"playerId":131454,"score":1675,"energy":13,"posx":13,"posy":1,"lastAction":5,"status":0}],"golds":[{"posx":13,"posy":1,"amount":100},{"posx":18,"posy":3,"amount":450},{"posx":13,"posy":6,"amount":50},{"posx":18,"posy":6,"amount":550},{"posx":11,"posy":8,"amount":250}],"changedObstacles":[]},{"players":[{"playerId":2611188,"score":1875,"energy":9,"posx":11,"posy":8,"lastAction":5,"status":0},{"playerId":206247,"score":1650,"energy":14,"posx":18,"posy":6,"lastAction":2,"status":0},{"playerId":2370542,"score":0,"energy":50,"posx":2,"posy":8,"lastAction":6,"status":0},{"playerId":131454,"score":1725,"energy":8,"posx":13,"posy":1,"lastAction":5,"status":0}],"golds":[{"posx":13,"posy":1,"amount":50},{"posx":18,"posy":3,"amount":450},{"posx":13,"posy":6,"amount":50},{"posx":18,"posy":6,"amount":550},{"posx":11,"posy":8,"amount":200}],"changedObstacles":[]},{"players":[{"playerId":2611188,"score":1925,"energy":4,"posx":11,"posy":8,"lastAction":5,"status":0},{"playerId":206247,"score":1700,"energy":9,"posx":18,"posy":6,"lastAction":5,"status":0},{"playerId":2370542,"score":0,"energy":50,"posx":2,"posy":8,"lastAction":6,"status":0},{"playerId":131454,"score":1775,"energy":3,"posx":13,"posy":1,"lastAction":5,"status":0}],"golds":[{"posx":18,"posy":3,"amount":450},{"posx":13,"posy":6,"amount":50},{"posx":18,"posy":6,"amount":500},{"posx":11,"posy":8,"amount":150}],"changedObstacles":[{"type":0,"posx":13,"posy":1,"value":-1}]},{"players":[{"playerId":2611188,"score":1925,"energy":16,"posx":11,"posy":8,"lastAction":4,"status":0},{"playerId":206247,"score":1750,"energy":4,"posx":18,"posy":6,"lastAction":5,"status":0},{"playerId":2370542,"score":0,"energy":50,"posx":2,"posy":8,"lastAction":6,"status":0},{"playerId":131454,"score":1775,"energy":15,"posx":13,"posy":1,"lastAction":4,"status":0}],"golds":[{"posx":18,"posy":3,"amount":450},{"posx":13,"posy":6,"amount":50},{"posx":18,"posy":6,"amount":450},{"posx":11,"posy":8,"amount":150}],"changedObstacles":[]},{"players":[{"playerId":2611188,"score":1925,"energy":32,"posx":11,"posy":8,"lastAction":4,"status":0},{"playerId":206247,"score":1750,"energy":16,"posx":18,"posy":6,"lastAction":4,"status":0},{"playerId":2370542,"score":0,"energy":50,"posx":2,"posy":8,"lastAction":6,"status":0},{"playerId":131454,"score":1775,"energy":31,"posx":13,"posy":1,"lastAction":4,"status":0}],"golds":[{"posx":18,"posy":3,"amount":450},{"posx":13,"posy":6,"amount":50},{"posx":18,"posy":6,"amount":450},{"posx":11,"posy":8,"amount":150}],"changedObstacles":[]},{"players":[{"playerId":2611188,"score":1925,"energy":50,"posx":11,"posy":8,"lastAction":4,"status":0},{"playerId":206247,"score":1750,"energy":32,"posx":18,"posy":6,"lastAction":4,"status":0},{"playerId":2370542,"score":0,"energy":50,"posx":2,"posy":8,"lastAction":6,"status":0},{"playerId":131454,"score":1775,"energy":50,"posx":13,"posy":1,"lastAction":4,"status":0}],"golds":[{"posx":18,"posy":3,"amount":450},{"posx":13,"posy":6,"amount":50},{"posx":18,"posy":6,"amount":450},{"posx":11,"posy":8,"amount":150}],"changedObstacles":[]},{"players":[{"playerId":2611188,"score":1975,"energy":45,"posx":11,"posy":8,"lastAction":5,"status":0},{"playerId":206247,"score":1750,"energy":50,"posx":18,"posy":6,"lastAction":4,"status":0},{"playerId":2370542,"score":0,"energy":50,"posx":2,"posy":8,"lastAction":6,"status":0},{"playerId":131454,"score":1775,"energy":49,"posx":14,"posy":1,"lastAction":1,"status":0}],"golds":[{"posx":18,"posy":3,"amount":450},{"posx":13,"posy":6,"amount":50},{"posx":18,"posy":6,"amount":450},{"posx":11,"posy":8,"amount":100}],"changedObstacles":[]},{"players":[{"playerId":2611188,"score":2025,"energy":40,"posx":11,"posy":8,"lastAction":5,"status":0},{"playerId":206247,"score":1800,"energy":45,"posx":18,"posy":6,"lastAction":5,"status":0},{"playerId":2370542,"score":0,"energy":50,"posx":2,"posy":8,"lastAction":6,"status":0},{"playerId":131454,"score":1775,"energy":48,"posx":15,"posy":1,"lastAction":1,"status":0}],"golds":[{"posx":18,"posy":3,"amount":450},{"posx":13,"posy":6,"amount":50},{"posx":18,"posy":6,"amount":400},{"posx":11,"posy":8,"amount":50}],"changedObstacles":[]},{"players":[{"playerId":2611188,"score":2075,"energy":35,"posx":11,"posy":8,"lastAction":5,"status":0},{"playerId":206247,"score":1850,"energy":40,"posx":18,"posy":6,"lastAction":5,"status":0},{"playerId":2370542,"score":0,"energy":50,"posx":2,"posy":8,"lastAction":6,"status":0},{"playerId":131454,"score":1775,"energy":47,"posx":16,"posy":1,"lastAction":1,"status":0}],"golds":[{"posx":18,"posy":3,"amount":450},{"posx":13,"posy":6,"amount":50},{"posx":18,"posy":6,"amount":350}],"changedObstacles":[{"type":0,"posx":11,"posy":8,"value":-1}]},{"players":[{"playerId":2611188,"score":2075,"energy":34,"posx":12,"posy":8,"lastAction":1,"status":0},{"playerId":206247,"score":1900,"energy":35,"posx":18,"posy":6,"lastAction":5,"status":0},{"playerId":2370542,"score":0,"energy":50,"posx":2,"posy":8,"lastAction":6,"status":0},{"playerId":131454,"score":1775,"energy":46,"posx":17,"posy":1,"lastAction":1,"status":0}],"golds":[{"posx":18,"posy":3,"amount":450},{"posx":13,"posy":6,"amount":50},{"posx":18,"posy":6,"amount":300}],"changedObstacles":[]},{"players":[{"playerId":2611188,"score":2075,"energy":33,"posx":13,"posy":8,"lastAction":1,"status":0},{"playerId":206247,"score":1950,"energy":30,"posx":18,"posy":6,"lastAction":5,"status":0},{"playerId":2370542,"score":0,"energy":50,"posx":2,"posy":8,"lastAction":6,"status":0},{"playerId":131454,"score":1775,"energy":45,"posx":18,"posy":1,"lastAction":1,"status":0}],"golds":[{"posx":18,"posy":3,"amount":450},{"posx":13,"posy":6,"amount":50},{"posx":18,"posy":6,"amount":250}],"changedObstacles":[]},{"players":[{"playerId":2611188,"score":2075,"energy":32,"posx":13,"posy":7,"lastAction":2,"status":0},{"playerId":206247,"score":2000,"energy":25,"posx":18,"posy":6,"lastAction":5,"status":0},{"playerId":2370542,"score":0,"energy":50,"posx":2,"posy":8,"lastAction":6,"status":0},{"playerId":131454,"score":1775,"energy":44,"posx":18,"posy":2,"lastAction":3,"status":0}],"golds":[{"posx":18,"posy":3,"amount":450},{"posx":13,"posy":6,"amount":50},{"posx":18,"posy":6,"amount":200}],"changedObstacles":[]},{"players":[{"playerId":2611188,"score":2075,"energy":28,"posx":13,"posy":6,"lastAction":2,"status":0},{"playerId":206247,"score":2050,"energy":20,"posx":18,"posy":6,"lastAction":5,"status":0},{"playerId":2370542,"score":0,"energy":50,"posx":2,"posy":8,"lastAction":6,"status":0},{"playerId":131454,"score":1775,"energy":40,"posx":18,"posy":3,"lastAction":3,"status":0}],"golds":[{"posx":18,"posy":3,"amount":450},{"posx":13,"posy":6,"amount":50},{"posx":18,"posy":6,"amount":150}],"changedObstacles":[]},{"players":[{"playerId":2611188,"score":2125,"energy":23,"posx":13,"posy":6,"lastAction":5,"status":0},{"playerId":206247,"score":2100,"energy":15,"posx":18,"posy":6,"lastAction":5,"status":0},{"playerId":2370542,"score":0,"energy":50,"posx":2,"posy":8,"lastAction":6,"status":0},{"playerId":131454,"score":1825,"energy":35,"posx":18,"posy":3,"lastAction":5,"status":0}],"golds":[{"posx":18,"posy":3,"amount":400},{"posx":18,"posy":6,"amount":100}],"changedObstacles":[{"type":0,"posx":13,"posy":6,"value":-1}]},{"players":[{"playerId":2611188,"score":2125,"energy":22,"posx":14,"posy":6,"lastAction":1,"status":0},{"playerId":206247,"score":2150,"energy":10,"posx":18,"posy":6,"lastAction":5,"status":0},{"playerId":2370542,"score":0,"energy":50,"posx":2,"posy":8,"lastAction":6,"status":0},{"playerId":131454,"score":1875,"energy":30,"posx":18,"posy":3,"lastAction":5,"status":0}],"golds":[{"posx":18,"posy":3,"amount":350},{"posx":18,"posy":6,"amount":50}],"changedObstacles":[]},{"players":[{"playerId":2611188,"score":2125,"energy":21,"posx":15,"posy":6,"lastAction":1,"status":0},{"playerId":206247,"score":2200,"energy":5,"posx":18,"posy":6,"lastAction":5,"status":0},{"playerId":2370542,"score":0,"energy":50,"posx":2,"posy":8,"lastAction":6,"status":0},{"playerId":131454,"score":1925,"energy":25,"posx":18,"posy":3,"lastAction":5,"status":0}],"golds":[{"posx":18,"posy":3,"amount":300}],"changedObstacles":[{"type":0,"posx":18,"posy":6,"value":-1}]},{"players":[{"playerId":2611188,"score":2125,"energy":20,"posx":16,"posy":6,"lastAction":1,"status":0},{"playerId":206247,"score":2200,"energy":4,"posx":18,"posy":5,"lastAction":2,"status":0},{"playerId":2370542,"score":0,"energy":50,"posx":2,"posy":8,"lastAction":6,"status":0},{"playerId":131454,"score":1975,"energy":20,"posx":18,"posy":3,"lastAction":5,"status":0}],"golds":[{"posx":18,"posy":3,"amount":250}],"changedObstacles":[]},{"players":[{"playerId":2611188,"score":2125,"energy":15,"posx":17,"posy":6,"lastAction":1,"status":0},{"playerId":206247,"score":2200,"energy":3,"posx":18,"posy":4,"lastAction":2,"status":0},{"playerId":2370542,"score":0,"energy":50,"posx":2,"posy":8,"lastAction":6,"status":0},{"playerId":131454,"score":2025,"energy":15,"posx":18,"posy":3,"lastAction":5,"status":0}],"golds":[{"posx":18,"posy":3,"amount":200}],"changedObstacles":[{"type":3,"posx":17,"posy":6,"value":-20}]},{"players":[{"playerId":2611188,"score":2125,"energy":14,"posx":18,"posy":6,"lastAction":1,"status":0},{"playerId":206247,"score":2200,"energy":15,"posx":18,"posy":4,"lastAction":4,"status":0},{"playerId":2370542,"score":0,"energy":50,"posx":2,"posy":8,"lastAction":6,"status":0},{"playerId":131454,"score":2075,"energy":10,"posx":18,"posy":3,"lastAction":5,"status":0}],"golds":[{"posx":18,"posy":3,"amount":150}],"changedObstacles":[]},{"players":[{"playerId":2611188,"score":2125,"energy":13,"posx":18,"posy":5,"lastAction":2,"status":0},{"playerId":206247,"score":2200,"energy":31,"posx":18,"posy":4,"lastAction":4,"status":0},{"playerId":2370542,"score":0,"energy":50,"posx":2,"posy":8,"lastAction":6,"status":0},{"playerId":131454,"score":2125,"energy":5,"posx":18,"posy":3,"lastAction":5,"status":0}],"golds":[{"posx":18,"posy":3,"amount":100}],"changedObstacles":[]},{"players":[{"playerId":2611188,"score":2125,"energy":12,"posx":18,"posy":4,"lastAction":2,"status":0},{"playerId":206247,"score":2200,"energy":50,"posx":18,"posy":4,"lastAction":4,"status":0},{"playerId":2370542,"score":0,"energy":50,"posx":2,"posy":8,"lastAction":6,"status":0},{"playerId":131454,"score":2125,"energy":17,"posx":18,"posy":3,"lastAction":4,"status":0}],"golds":[{"posx":18,"posy":3,"amount":100}],"changedObstacles":[]},{"players":[{"playerId":2611188,"score":2125,"energy":8,"posx":18,"posy":3,"lastAction":2,"status":0},{"playerId":206247,"score":2200,"energy":46,"posx":18,"posy":3,"lastAction":2,"status":0},{"playerId":2370542,"score":0,"energy":50,"posx":2,"posy":8,"lastAction":6,"status":0},{"playerId":131454,"score":2125,"energy":33,"posx":18,"posy":3,"lastAction":4,"status":0}],"golds":[{"posx":18,"posy":3,"amount":100}],"changedObstacles":[]},{"players":[{"playerId":2611188,"score":2175,"energy":3,"posx":18,"posy":3,"lastAction":5,"status":0},{"playerId":206247,"score":2250,"energy":41,"posx":18,"posy":3,"lastAction":5,"status":0},{"playerId":2370542,"score":0,"energy":50,"posx":2,"posy":8,"lastAction":6,"status":0},{"playerId":131454,"score":2125,"energy":50,"posx":18,"posy":3,"lastAction":4,"status":0}],"golds":[],"changedObstacles":[{"type":0,"posx":18,"posy":3,"value":-1}]}]