[{"players":[{"playerId":1027,"score":0,"energy":49,"posx":2,"posy":7,"lastAction":2,"status":0},{"playerId":2413234,"score":0,"energy":49,"posx":2,"posy":7,"lastAction":2,"status":0},{"playerId":2234905,"score":0,"energy":49,"posx":3,"posy":8,"lastAction":1,"status":0},{"playerId":131454,"score":0,"energy":49,"posx":3,"posy":8,"lastAction":1,"status":0}],"golds":[{"posx":14,"posy":7,"amount":150},{"posx":2,"posy":2,"amount":350},{"posx":18,"posy":6,"amount":550},{"posx":11,"posy":8,"amount":450},{"posx":10,"posy":5,"amount":400},{"posx":15,"posy":3,"amount":400},{"posx":13,"posy":1,"amount":400},{"posx":16,"posy":7,"amount":450},{"posx":14,"posy":4,"amount":300},{"posx":7,"posy":1,"amount":100},{"posx":2,"posy":5,"amount":100},{"posx":9,"posy":0,"amount":400},{"posx":9,"posy":8,"amount":50},{"posx":0,"posy":3,"amount":50},{"posx":13,"posy":6,"amount":50},{"posx":18,"posy":3,"amount":450},{"posx":10,"posy":3,"amount":150},{"posx":16,"posy":4,"amount":350},{"posx":3,"posy":7,"amount":750},{"posx":11,"posy":3,"amount":650}],"changedObstacles":[]},{"players":[{"playerId":1027,"score":0,"energy":48,"posx":2,"posy":6,"lastAction":2,"status":0},{"playerId":2413234,"score":0,"energy":45,"posx":3,"posy":7,"lastAction":1,"status":0},{"playerId":2234905,"score":0,"energy":45,"posx":3,"posy":7,"lastAction":2,"status":0},{"playerId":131454,"score":0,"energy":45,"posx":3,"posy":7,"lastAction":2,"status":0}],"golds":[{"posx":14,"posy":7,"amount":150},{"posx":2,"posy":2,"amount":350},{"posx":18,"posy":6,"amount":550},{"posx":11,"posy":8,"amount":450},{"posx":10,"posy":5,"amount":400},{"posx":15,"posy":3,"amount":400},{"posx":13,"posy":1,"amount":400},{"posx":16,"posy":7,"amount":450},{"posx":14,"posy":4,"amount":300},{"posx":7,"posy":1,"amount":100},{"posx":2,"posy":5,"amount":100},{"posx":9,"posy":0,"amount":400},{"posx":9,"posy":8,"amount":50},{"posx":0,"posy":3,"amount":50},{"posx":13,"posy":6,"amount":50},{"posx":18,"posy":3,"amount":450},{"posx":10,"posy":3,"amount":150},{"posx":16,"posy":4,"amount":350},{"posx":3,"posy":7,"amount":750},{"posx":11,"posy":3,"amount":650}],"changedObstacles":[]},{"players":[{"playerId":1027,"score":0,"energy":44,"posx":2,"posy":5,"lastAction":2,"status":0},{"playerId":2413234,"score":50,"energy":40,"posx":3,"posy":7,"lastAction":5,"status":0},{"playerId":2234905,"score":50,"energy":40,"posx":3,"posy":7,"lastAction":5,"status":0},{"playerId":131454,"score":50,"energy":40,"posx":3,"posy":7,"lastAction":5,"status":0}],"golds":[{"posx":9,"posy":0,"amount":400},{"posx":7,"posy":1,"amount":100},{"posx":13,"posy":1,"amount":400},{"posx":2,"posy":2,"amount":350},{"posx":0,"posy":3,"amount":50},{"posx":10,"posy":3,"amount":150},{"posx":11,"posy":3,"amount":650},{"posx":15,"posy":3,"amount":400},{"posx":18,"posy":3,"amount":450},{"posx":14,"posy":4,"amount":300},{"posx":16,"posy":4,"amount":350},{"posx":2,"posy":5,"amount":100},{"posx":10,"posy":5,"amount":400},{"posx":13,"posy":6,"amount":50},{"posx":18,"posy":6,"amount":550},{"posx":3,"posy":7,"amount":600},{"posx":14,"posy":7,"amount":150},{"posx":16,"posy":7,"amount":450},{"posx":9,"posy":8,"amount":50},{"posx":11,"posy":8,"amount":450}],"changedObstacles":[]},{"players":[{"playerId":1027,"score":50,"energy":39,"posx":2,"posy":5,"lastAction":5,"status":0},{"playerId":2413234,"score":100,"energy":35,"posx":3,"posy":7,"lastAction":5,"status":0},{"playerId":2234905,"score":100,"energy":35,"posx":3,"posy":7,"lastAction":5,"status":0},{"playerId":131454,"score":100,"energy":35,"posx":3,"posy":7,"lastAction":5,"status":0}],"golds":[{"posx":9,"posy":0,"amount":400},{"posx":7,"posy":1,"amount":100},{"posx":13,"posy":1,"amount":400},{"posx":2,"posy":2,"amount":350},{"posx":0,"posy":3,"amount":50},{"posx":10,"posy":3,"amount":150},{"posx":11,"posy":3,"amount":650},{"posx":15,"posy":3,"amount":400},{"posx":18,"posy":3,"amount":450},{"posx":14,"posy":4,"amount":300},{"posx":16,"posy":4,"amount":350},{"posx":2,"posy":5,"amount":50},{"posx":10,"posy":5,"amount":400},{"posx":13,"posy":6,"amount":50},{"posx":18,"posy":6,"amount":550},{"posx":3,"posy":7,"amount":450},{"posx":14,"posy":7,"amount":150},{"posx":16,"posy":7,"amount":450},{"posx":9,"posy":8,"amount":50},{"posx":11,"posy":8,"amount":450}],"changedObstacles":[]},{"players":[{"playerId":1027,"score":100,"energy":34,"posx":2,"posy":5,"lastAction":5,"status":0},{"playerId":2413234,"score":150,"energy":30,"posx":3,"posy":7,"lastAction":5,"status":0},{"playerId":2234905,"score":150,"energy":30,"posx":3,"posy":7,"lastAction":5,"status":0},{"playerId":131454,"score":150,"energy":30,"posx":3,"posy":7,"lastAction":5,"status":0}],"golds":[{"posx":9,"posy":0,"amount":400},{"posx":7,"posy":1,"amount":100},{"posx":13,"posy":1,"amount":400},{"posx":2,"posy":2,"amount":350},{"posx":0,"posy":3,"amount":50},{"posx":10,"posy":3,"amount":150},{"posx":11,"posy":3,"amount":650},{"posx":15,"posy":3,"amount":400},{"posx":18,"posy":3,"amount":450},{"posx":14,"posy":4,"amount":300},{"posx":16,"posy":4,"amount":350},{"posx":10,"posy":5,"amount":400},{"posx":13,"posy":6,"amount":50},{"posx":18,"posy":6,"amount":550},{"posx":3,"posy":7,"amount":300},{"posx":14,"posy":7,"amount":150},{"posx":16,"posy":7,"amount":450},{"posx":9,"posy":8,"amount":50},{"posx":11,"posy":8,"amount":450}],"changedObstacles":[{"type":0,"posx":2,"posy":5,"value":-1}]},{"players":[{"playerId":1027,"score":100,"energy":33,"posx":3,"posy":5,"lastAction":1,"status":0},{"playerId":2413234,"score":200,"energy":25,"posx":3,"posy":7,"lastAction":5,"status":0},{"playerId":2234905,"score":200,"energy":25,"posx":3,"posy":7,"lastAction":5,"status":0},{"playerId":131454,"score":200,"energy":25,"posx":3,"posy":7,"lastAction":5,"status":0}],"golds":[{"posx":9,"posy":0,"amount":400},{"posx":7,"posy":1,"amount":100},{"posx":13,"posy":1,"amount":400},{"posx":2,"posy":2,"amount":350},{"posx":0,"posy":3,"amount":50},{"posx":10,"posy":3,"amount":150},{"posx":11,"posy":3,"amount":650},{"posx":15,"posy":3,"amount":400},{"posx":18,"posy":3,"amount":450},{"posx":14,"posy":4,"amount":300},{"posx":16,"posy":4,"amount":350},{"posx":10,"posy":5,"amount":400},{"posx":13,"posy":6,"amount":50},{"posx":18,"posy":6,"amount":550},{"posx":3,"posy":7,"amount":150},{"posx":14,"posy":7,"amount":150},{"posx":16,"posy":7,"amount":450},{"posx":9,"posy":8,"amount":50},{"posx":11,"posy":8,"amount":450}],"changedObstacles":[]},{"players":[{"playerId":1027,"score":100,"energy":32,"posx":4,"posy":5,"lastAction":1,"status":0},{"playerId":2413234,"score":250,"energy":20,"posx":3,"posy":7,"lastAction":5,"status":0},{"playerId":2234905,"score":250,"energy":20,"posx":3,"posy":7,"lastAction":5,"status":0},{"playerId":131454,"score":250,"energy":20,"posx":3,"posy":7,"lastAction":5,"status":0}],"golds":[{"posx":9,"posy":0,"amount":400},{"posx":7,"posy":1,"amount":100},{"posx":13,"posy":1,"amount":400},{"posx":2,"posy":2,"amount":350},{"posx":0,"posy":3,"amount":50},{"posx":10,"posy":3,"amount":150},{"posx":11,"posy":3,"amount":650},{"posx":15,"posy":3,"amount":400},{"posx":18,"posy":3,"amount":450},{"posx":14,"posy":4,"amount":300},{"posx":16,"posy":4,"amount":350},{"posx":10,"posy":5,"amount":400},{"posx":13,"posy":6,"amount":50},{"posx":18,"posy":6,"amount":550},{"posx":14,"posy":7,"amount":150},{"posx":16,"posy":7,"amount":450},{"posx":9,"posy":8,"amount":50},{"posx":11,"posy":8,"amount":450}],"changedObstacles":[{"type":0,"posx":3,"posy":7,"value":-1}]},{"players":[{"playerId":1027,"score":100,"energy":31,"posx":5,"posy":5,"lastAction":1,"status":0},{"playerId":2413234,"score":250,"energy":19,"posx":3,"posy":6,"lastAction":2,"status":0},{"playerId":2234905,"score":250,"energy":19,"posx":2,"posy":7,"lastAction":0,"status":0},{"playerId":131454,"score":250,"energy":19,"posx":4,"posy":7,"lastAction":1,"status":0}],"golds":[{"posx":9,"posy":0,"amount":400},{"posx":7,"posy":1,"amount":100},{"posx":13,"posy":1,"amount":400},{"posx":2,"posy":2,"amount":350},{"posx":0,"posy":3,"amount":50},{"posx":10,"posy":3,"amount":150},{"posx":11,"posy":3,"amount":650},{"posx":15,"posy":3,"amount":400},{"posx":18,"posy":3,"amount":450},{"posx":14,"posy":4,"amount":300},{"posx":16,"posy":4,"amount":350},{"posx":10,"posy":5,"amount":400},{"posx":13,"posy":6,"amount":50},{"posx":18,"posy":6,"amount":550},{"posx":14,"posy":7,"amount":150},{"posx":16,"posy":7,"amount":450},{"posx":9,"posy":8,"amount":50},{"posx":11,"posy":8,"amount":450}],"changedObstacles":[]},{"players":[{"playerId":1027,"score":100,"energy":30,"posx":6,"posy":5,"lastAction":1,"status":0},{"playerId":2413234,"score":250,"energy":18,"posx":3,"posy":5,"lastAction":2,"status":0},{"playerId":2234905,"score":250,"energy":18,"posx":2,"posy":6,"lastAction":2,"status":0},{"playerId":131454,"score":250,"energy":18,"posx":5,"posy":7,"lastAction":1,"status":0}],"golds":[{"posx":9,"posy":0,"amount":400},{"posx":7,"posy":1,"amount":100},{"posx":13,"posy":1,"amount":400},{"posx":2,"posy":2,"amount":350},{"posx":0,"posy":3,"amount":50},{"posx":10,"posy":3,"amount":150},{"posx":11,"posy":3,"amount":650},{"posx":15,"posy":3,"amount":400},{"posx":18,"posy":3,"amount":450},{"posx":14,"posy":4,"amount":300},{"posx":16,"posy":4,"amount":350},{"posx":10,"posy":5,"amount":400},{"posx":13,"posy":6,"amount":50},{"posx":18,"posy":6,"amount":550},{"posx":14,"posy":7,"amount":150},{"posx":16,"posy":7,"amount":450},{"posx":9,"posy":8,"amount":50},{"posx":11,"posy":8,"amount":450}],"changedObstacles":[]},{"players":[{"playerId":1027,"score":100,"energy":29,"posx":6,"posy":4,"lastAction":2,"status":0},{"playerId":2413234,"score":250,"energy":17,"posx":4,"posy":5,"lastAction":1,"status":0},{"playerId":2234905,"score":250,"energy":17,"posx":2,"posy":5,"lastAction":2,"status":0},{"playerId":131454,"score":250,"energy":17,"posx":6,"posy":7,"lastAction":1,"status":0}],"golds":[{"posx":9,"posy":0,"amount":400},{"posx":7,"posy":1,"amount":100},{"posx":13,"posy":1,"amount":400},{"posx":2,"posy":2,"amount":350},{"posx":0,"posy":3,"amount":50},{"posx":10,"posy":3,"amount":150},{"posx":11,"posy":3,"amount":650},{"posx":15,"posy":3,"amount":400},{"posx":18,"posy":3,"amount":450},{"posx":14,"posy":4,"amount":300},{"posx":16,"posy":4,"amount":350},{"posx":10,"posy":5,"amount":400},{"posx":13,"posy":6,"amount":50},{"posx":18,"posy":6,"amount":550},{"posx":14,"posy":7,"amount":150},{"posx":16,"posy":7,"amount":450},{"posx":9,"posy":8,"amount":50},{"posx":11,"posy":8,"amount":450}],"changedObstacles":[]},{"players":[{"playerId":1027,"score":100,"energy":28,"posx":7,"posy":4,"lastAction":1,"status":0},{"playerId":2413234,"score":250,"energy":16,"posx":5,"posy":5,"lastAction":1,"status":0},{"playerId":2234905,"score":250,"energy":16,"posx":2,"posy":4,"lastAction":2,"status":0},{"playerId":131454,"score":250,"energy":16,"posx":7,"posy":7,"lastAction":1,"status":0}],"golds":[{"posx":9,"posy":0,"amount":400},{"posx":7,"posy":1,"amount":100},{"posx":13,"posy":1,"amount":400},{"posx":2,"posy":2,"amount":350},{"posx":0,"posy":3,"amount":50},{"posx":10,"posy":3,"amount":150},{"posx":11,"posy":3,"amount":650},{"posx":15,"posy":3,"amount":400},{"posx":18,"posy":3,"amount":450},{"posx":14,"posy":4,"amount":300},{"posx":16,"posy":4,"amount":350},{"posx":10,"posy":5,"amount":400},{"posx":13,"posy":6,"amount":50},{"posx":18,"posy":6,"amount":550},{"posx":14,"posy":7,"amount":150},{"posx":16,"posy":7,"amount":450},{"posx":9,"posy":8,"amount":50},{"posx":11,"posy":8,"amount":450}],"changedObstacles":[]},{"players":[{"playerId":1027,"score":100,"energy":27,"posx":8,"posy":4,"lastAction":1,"status":0},{"playerId":2413234,"score":250,"energy":15,"posx":6,"posy":5,"lastAction":1,"status":0},{"playerId":2234905,"score":250,"energy":15,"posx":2,"posy":3,"lastAction":2,"status":0},{"playerId":131454,"score":250,"energy":15,"posx":8,"posy":7,"lastAction":1,"status":0}],"golds":[{"posx":9,"posy":0,"amount":400},{"posx":7,"posy":1,"amount":100},{"posx":13,"posy":1,"amount":400},{"posx":2,"posy":2,"amount":350},{"posx":0,"posy":3,"amount":50},{"posx":10,"posy":3,"amount":150},{"posx":11,"posy":3,"amount":650},{"posx":15,"posy":3,"amount":400},{"posx":18,"posy":3,"amount":450},{"posx":14,"posy":4,"amount":300},{"posx":16,"posy":4,"amount":350},{"posx":10,"posy":5,"amount":400},{"posx":13,"posy":6,"amount":50},{"posx":18,"posy":6,"amount":550},{"posx":14,"posy":7,"amount":150},{"posx":16,"posy":7,"amount":450},{"posx":9,"posy":8,"amount":50},{"posx":11,"posy":8,"amount":450}],"changedObstacles":[]},{"players":[{"playerId":1027,"score":100,"energy":26,"posx":9,"posy":4,"lastAction":1,"status":0},{"playerId":2413234,"score":250,"energy":14,"posx":6,"posy":4,"lastAction":2,"status":0},{"playerId":2234905,"score":250,"energy":11,"posx":2,"posy":2,"lastAction":2,"status":0},{"playerId":131454,"score":250,"energy":14,"posx":9,"posy":7,"lastAction":1,"status":0}],"golds":[{"posx":9,"posy":0,"amount":400},{"posx":7,"posy":1,"amount":100},{"posx":13,"posy":1,"amount":400},{"posx":2,"posy":2,"amount":350},{"posx":0,"posy":3,"amount":50},{"posx":10,"posy":3,"amount":150},{"posx":11,"posy":3,"amount":650},{"posx":15,"posy":3,"amount":400},{"posx":18,"posy":3,"amount":450},{"posx":14,"posy":4,"amount":300},{"posx":16,"posy":4,"amount":350},{"posx":10,"posy":5,"amount":400},{"posx":13,"posy":6,"amount":50},{"posx":18,"posy":6,"amount":550},{"posx":14,"posy":7,"amount":150},{"posx":16,"posy":7,"amount":450},{"posx":9,"posy":8,"amount":50},{"posx":11,"posy":8,"amount":450}],"changedObstacles":[]},{"players":[{"playerId":1027,"score":100,"energy":25,"posx":10,"posy":4,"lastAction":1,"status":0},{"playerId":2413234,"score":250,"energy":13,"posx":7,"posy":4,"lastAction":1,"status":0},{"playerId":2234905,"score":300,"energy":6,"posx":2,"posy":2,"lastAction":5,"status":0},{"playerId":131454,"score":250,"energy":10,"posx":9,"posy":8,"lastAction":3,"status":0}],"golds":[{"posx":9,"posy":0,"amount":400},{"posx":7,"posy":1,"amount":100},{"posx":13,"posy":1,"amount":400},{"posx":2,"posy":2,"amount":300},{"posx":0,"posy":3,"amount":50},{"posx":10,"posy":3,"amount":150},{"posx":11,"posy":3,"amount":650},{"posx":15,"posy":3,"amount":400},{"posx":18,"posy":3,"amount":450},{"posx":14,"posy":4,"amount":300},{"posx":16,"posy":4,"amount":350},{"posx":10,"posy":5,"amount":400},{"posx":13,"posy":6,"amount":50},{"posx":18,"posy":6,"amount":550},{"posx":14,"posy":7,"amount":150},{"posx":16,"posy":7,"amount":450},{"posx":9,"posy":8,"amount":50},{"posx":11,"posy":8,"amount":450}],"changedObstacles":[]},{"players":[{"playerId":1027,"score":100,"energy":21,"posx":10,"posy":3,"lastAction":2,"status":0},{"playerId":2413234,"score":250,"energy":12,"posx":8,"posy":4,"lastAction":1,"status":0},{"playerId":2234905,"score":350,"energy":1,"posx":2,"posy":2,"lastAction":5,"status":0},{"playerId":131454,"score":300,"energy":5,"posx":9,"posy":8,"lastAction":5,"status":0}],"golds":[{"posx":9,"posy":0,"amount":400},{"posx":7,"posy":1,"amount":100},{"posx":13,"posy":1,"amount":400},{"posx":2,"posy":2,"amount":250},{"posx":0,"posy":3,"amount":50},{"posx":10,"posy":3,"amount":150},{"posx":11,"posy":3,"amount":650},{"posx":15,"posy":3,"amount":400},{"posx":18,"posy":3,"amount":450},{"posx":14,"posy":4,"amount":300},{"posx":16,"posy":4,"amount":350},{"posx":10,"posy":5,"amount":400},{"posx":13,"posy":6,"amount":50},{"posx":18,"posy":6,"amount":550},{"posx":14,"posy":7,"amount":150},{"posx":16,"posy":7,"amount":450},{"posx":11,"posy":8,"amount":450}],"changedObstacles":[{"type":0,"posx":9,"posy":8,"value":-1}]},{"players":[{"playerId":1027,"score":150,"energy":16,"posx":10,"posy":3,"lastAction":5,"status":0},{"playerId":2413234,"score":250,"energy":11,"posx":9,"posy":4,"lastAction":1,"status":0},{"playerId":2234905,"score":350,"energy":13,"posx":2,"posy":2,"lastAction":4,"status":0},{"playerId":131454,"score":300,"energy":17,"posx":9,"posy":8,"lastAction":4,"status":0}],"golds":[{"posx":9,"posy":0,"amount":400},{"posx":7,"posy":1,"amount":100},{"posx":13,"posy":1,"amount":400},{"posx":2,"posy":2,"amount":250},{"posx":0,"posy":3,"amount":50},{"posx":10,"posy":3,"amount":100},{"posx":11,"posy":3,"amount":650},{"posx":15,"posy":3,"amount":400},{"posx":18,"posy":3,"amount":450},{"posx":14,"posy":4,"amount":300},{"posx":16,"posy":4,"amount":350},{"posx":10,"posy":5,"amount":400},{"posx":13,"posy":6,"amount":50},{"posx":18,"posy":6,"amount":550},{"posx":14,"posy":7,"amount":150},{"posx":16,"posy":7,"amount":450},{"posx":11,"posy":8,"amount":450}],"changedObstacles":[]},{"players":[{"playerId":1027,"score":200,"energy":11,"posx":10,"posy":3,"lastAction":5,"status":0},{"playerId":2413234,"score":250,"energy":10,"posx":10,"posy":4,"lastAction":1,"status":0},{"playerId":2234905,"score":400,"energy":8,"posx":2,"posy":2,"lastAction":5,"status":0},{"playerId":131454,"score":300,"energy":33,"posx":9,"posy":8,"lastAction":4,"status":0}],"golds":[{"posx":9,"posy":0,"amount":400},{"posx":7,"posy":1,"amount":100},{"posx":13,"posy":1,"amount":400},{"posx":2,"posy":2,"amount":200},{"posx":0,"posy":3,"amount":50},{"posx":10,"posy":3,"amount":50},{"posx":11,"posy":3,"amount":650},{"posx":15,"posy":3,"amount":400},{"posx":18,"posy":3,"amount":450},{"posx":14,"posy":4,"amount":300},{"posx":16,"posy":4,"amount":350},{"posx":10,"posy":5,"amount":400},{"posx":13,"posy":6,"amount":50},{"posx":18,"posy":6,"amount":550},{"posx":14,"posy":7,"amount":150},{"posx":16,"posy":7,"amount":450},{"posx":11,"posy":8,"amount":450}],"changedObstacles":[]},{"players":[{"playerId":1027,"score":250,"energy":6,"posx":10,"posy":3,"lastAction":5,"status":0},{"playerId":2413234,"score":250,"energy":9,"posx":11,"posy":4,"lastAction":1,"status":0},{"playerId":2234905,"score":450,"energy":3,"posx":2,"posy":2,"lastAction":5,"status":0},{"playerId":131454,"score":300,"energy":50,"posx":9,"posy":8,"lastAction":4,"status":0}],"golds":[{"posx":9,"posy":0,"amount":400},{"posx":7,"posy":1,"amount":100},{"posx":13,"posy":1,"amount":400},{"posx":2,"posy":2,"amount":150},{"posx":0,"posy":3,"amount":50},{"posx":11,"posy":3,"amount":650},{"posx":15,"posy":3,"amount":400},{"posx":18,"posy":3,"amount":450},{"posx":14,"posy":4,"amount":300},{"posx":16,"posy":4,"amount":350},{"posx":10,"posy":5,"amount":400},{"posx":13,"posy":6,"amount":50},{"posx":18,"posy":6,"amount":550},{"posx":14,"posy":7,"amount":150},{"posx":16,"posy":7,"amount":450},{"posx":11,"posy":8,"amount":450}],"changedObstacles":[{"type":0,"posx":10,"posy":3,"value":-1}]},{"players":[{"playerId":1027,"score":250,"energy":18,"posx":10,"posy":3,"lastAction":4,"status":0},{"playerId":2413234,"score":250,"energy":5,"posx":11,"posy":3,"lastAction":2,"status":0},{"playerId":2234905,"score":450,"energy":15,"posx":2,"posy":2,"lastAction":4,"status":0},{"playerId":131454,"score":300,"energy":40,"posx":10,"posy":8,"lastAction":1,"status":0}],"golds":[{"posx":9,"posy":0,"amount":400},{"posx":7,"posy":1,"amount":100},{"posx":13,"posy":1,"amount":400},{"posx":2,"posy":2,"amount":150},{"posx":0,"posy":3,"amount":50},{"posx":11,"posy":3,"amount":650},{"posx":15,"posy":3,"amount":400},{"posx":18,"posy":3,"amount":450},{"posx":14,"posy":4,"amount":300},{"posx":16,"posy":4,"amount":350},{"posx":10,"posy":5,"amount":400},{"posx":13,"posy":6,"amount":50},{"posx":18,"posy":6,"amount":550},{"posx":14,"posy":7,"amount":150},{"posx":16,"posy":7,"amount":450},{"posx":11,"posy":8,"amount":450}],"changedObstacles":[{"type":0,"posx":10,"posy":8,"value":-1}]},{"players":[{"playerId":1027,"score":250,"energy":34,"posx":10,"posy":3,"lastAction":4,"status":0},{"playerId":2413234,"score":250,"energy":17,"posx":11,"posy":3,"lastAction":4,"status":0},{"playerId":2234905,"score":500,"energy":10,"posx":2,"posy":2,"lastAction":5,"status":0},{"playerId":131454,"score":300,"energy":36,"posx":11,"posy":8,"lastAction":1,"status":0}],"golds":[{"posx":9,"posy":0,"amount":400},{"posx":7,"posy":1,"amount":100},{"posx":13,"posy":1,"amount":400},{"posx":2,"posy":2,"amount":100},{"posx":0,"posy":3,"amount":50},{"posx":11,"posy":3,"amount":650},{"posx":15,"posy":3,"amount":400},{"posx":18,"posy":3,"amount":450},{"posx":14,"posy":4,"amount":300},{"posx":16,"posy":4,"amount":350},{"posx":10,"posy":5,"amount":400},{"posx":13,"posy":6,"amount":50},{"posx":18,"posy":6,"amount":550},{"posx":14,"posy":7,"amount":150},{"posx":16,"posy":7,"amount":450},{"posx":11,"posy":8,"amount":450}],"changedObstacles":[]},{"players":[{"playerId":1027,"score":250,"energy":50,"posx":10,"posy":3,"lastAction":4,"status":0},{"playerId":2413234,"score":250,"energy":33,"posx":11,"posy":3,"lastAction":4,"status":0},{"playerId":2234905,"score":550,"energy":5,"posx":2,"posy":2,"lastAction":5,"status":0},{"playerId":131454,"score":350,"energy":31,"posx":11,"posy":8,"lastAction":5,"status":0}],"golds":[{"posx":9,"posy":0,"amount":400},{"posx":7,"posy":1,"amount":100},{"posx":13,"posy":1,"amount":400},{"posx":2,"posy":2,"amount":50},{"posx":0,"posy":3,"amount":50},{"posx":11,"posy":3,"amount":650},{"posx":15,"posy":3,"amount":400},{"posx":18,"posy":3,"amount":450},{"posx":14,"posy":4,"amount":300},{"posx":16,"posy":4,"amount":350},{"posx":10,"posy":5,"amount":400},{"posx":13,"posy":6,"amount":50},{"posx":18,"posy":6,"amount":550},{"posx":14,"posy":7,"amount":150},{"posx":16,"posy":7,"amount":450},{"posx":11,"posy":8,"amount":400}],"changedObstacles":[]},{"players":[{"playerId":1027,"score":250,"energy":46,"posx":11,"posy":3,"lastAction":1,"status":0},{"playerId":2413234,"score":300,"energy":28,"posx":11,"posy":3,"lastAction":5,"status":0},{"playerId":2234905,"score":550,"energy":17,"posx":2,"posy":2,"lastAction":4,"status":0},{"playerId":131454,"score":400,"energy":26,"posx":11,"posy":8,"lastAction":5,"status":0}],"golds":[{"posx":9,"posy":0,"amount":400},{"posx":7,"posy":1,"amount":100},{"posx":13,"posy":1,"amount":400},{"posx":2,"posy":2,"amount":50},{"posx":0,"posy":3,"amount":50},{"posx":11,"posy":3,"amount":600},{"posx":15,"posy":3,"amount":400},{"posx":18,"posy":3,"amount":450},{"posx":14,"posy":4,"amount":300},{"posx":16,"posy":4,"amount":350},{"posx":10,"posy":5,"amount":400},{"posx":13,"posy":6,"amount":50},{"posx":18,"posy":6,"amount":550},{"posx":14,"posy":7,"amount":150},{"posx":16,"posy":7,"amount":450},{"posx":11,"posy":8,"amount":350}],"changedObstacles":[]},{"players":[{"playerId":1027,"score":300,"energy":41,"posx":11,"posy":3,"lastAction":5,"status":0},{"playerId":2413234,"score":350,"energy":23,"posx":11,"posy":3,"lastAction":5,"status":0},{"playerId":2234905,"score":600,"energy":12,"posx":2,"posy":2,"lastAction":5,"status":0},{"playerId":131454,"score":450,"energy":21,"posx":11,"posy":8,"lastAction":5,"status":0}],"golds":[{"posx":9,"posy":0,"amount":400},{"posx":7,"posy":1,"amount":100},{"posx":13,"posy":1,"amount":400},{"posx":0,"posy":3,"amount":50},{"posx":11,"posy":3,"amount":500},{"posx":15,"posy":3,"amount":400},{"posx":18,"posy":3,"amount":450},{"posx":14,"posy":4,"amount":300},{"posx":16,"posy":4,"amount":350},{"posx":10,"posy":5,"amount":400},{"posx":13,"posy":6,"amount":50},{"posx":18,"posy":6,"amount":550},{"posx":14,"posy":7,"amount":150},{"posx":16,"posy":7,"amount":450},{"posx":11,"posy":8,"amount":300}],"changedObstacles":[{"type":0,"posx":2,"posy":2,"value":-1}]},{"players":[{"playerId":1027,"score":350,"energy":36,"posx":11,"posy":3,"lastAction":5,"status":0},{"playerId":2413234,"score":400,"energy":18,"posx":11,"posy":3,"lastAction":5,"status":0},{"playerId":2234905,"score":600,"energy":11,"posx":2,"posy":3,"lastAction":3,"status":0},{"playerId":131454,"score":500,"energy":16,"posx":11,"posy":8,"lastAction":5,"status":0}],"golds":[{"posx":9,"posy":0,"amount":400},{"posx":7,"posy":1,"amount":100},{"posx":13,"posy":1,"amount":400},{"posx":0,"posy":3,"amount":50},{"posx":11,"posy":3,"amount":400},{"posx":15,"posy":3,"amount":400},{"posx":18,"posy":3,"amount":450},{"posx":14,"posy":4,"amount":300},{"posx":16,"posy":4,"amount":350},{"posx":10,"posy":5,"amount":400},{"posx":13,"posy":6,"amount":50},{"posx":18,"posy":6,"amount":550},{"posx":14,"posy":7,"amount":150},{"posx":16,"posy":7,"amount":450},{"posx":11,"posy":8,"amount":250}],"changedObstacles":[]},{"players":[{"playerId":1027,"score":400,"energy":31,"posx":11,"posy":3,"lastAction":5,"status":0},{"playerId":2413234,"score":450,"energy":13,"posx":11,"posy":3,"lastAction":5,"status":0},{"playerId":2234905,"score":600,"energy":10,"posx":1,"posy":3,"lastAction":0,"status":0},{"playerId":131454,"score":550,"energy":11,"posx":11,"posy":8,"lastAction":5,"status":0}],"golds":[{"posx":9,"posy":0,"amount":400},{"posx":7,"posy":1,"amount":100},{"posx":13,"posy":1,"amount":400},{"posx":0,"posy":3,"amount":50},{"posx":11,"posy":3,"amount":300},{"posx":15,"posy":3,"amount":400},{"posx":18,"posy":3,"amount":450},{"posx":14,"posy":4,"amount":300},{"posx":16,"posy":4,"amount":350},{"posx":10,"posy":5,"amount":400},{"posx":13,"posy":6,"amount":50},{"posx":18,"posy":6,"amount":550},{"posx":14,"posy":7,"amount":150},{"posx":16,"posy":7,"amount":450},{"posx":11,"posy":8,"amount":200}],"changedObstacles":[]},{"players":[{"playerId":1027,"score":450,"energy":26,"posx":11,"posy":3,"lastAction":5,"status":0},{"playerId":2413234,"score":500,"energy":8,"posx":11,"posy":3,"lastAction":5,"status":0},{"playerId":2234905,"score":600,"energy":6,"posx":0,"posy":3,"lastAction":0,"status":0},{"playerId":131454,"score":600,"energy":6,"posx":11,"posy":8,"lastAction":5,"status":0}],"golds":[{"posx":9,"posy":0,"amount":400},{"posx":7,"posy":1,"amount":100},{"posx":13,"posy":1,"amount":400},{"posx":0,"posy":3,"amount":50},{"posx":11,"posy":3,"amount":200},{"posx":15,"posy":3,"amount":400},{"posx":18,"posy":3,"amount":450},{"posx":14,"posy":4,"amount":300},{"posx":16,"posy":4,"amount":350},{"posx":10,"posy":5,"amount":400},{"posx":13,"posy":6,"amount":50},{"posx":18,"posy":6,"amount":550},{"posx":14,"posy":7,"amount":150},{"posx":16,"posy":7,"amount":450},{"posx":11,"posy":8,"amount":150}],"changedObstacles":[]},{"players":[{"playerId":1027,"score":500,"energy":21,"posx":11,"posy":3,"lastAction":5,"status":0},{"playerId":2413234,"score":550,"energy":3,"posx":11,"posy":3,"lastAction":5,"status":0},{"playerId":2234905,"score":650,"energy":1,"posx":0,"posy":3,"lastAction":5,"status":0},{"playerId":131454,"score":650,"energy":1,"posx":11,"posy":8,"lastAction":5,"status":0}],"golds":[{"posx":9,"posy":0,"amount":400},{"posx":7,"posy":1,"amount":100},{"posx":13,"posy":1,"amount":400},{"posx":11,"posy":3,"amount":100},{"posx":15,"posy":3,"amount":400},{"posx":18,"posy":3,"amount":450},{"posx":14,"posy":4,"amount":300},{"posx":16,"posy":4,"amount":350},{"posx":10,"posy":5,"amount":400},{"posx":13,"posy":6,"amount":50},{"posx":18,"posy":6,"amount":550},{"posx":14,"posy":7,"amount":150},{"posx":16,"posy":7,"amount":450},{"posx":11,"posy":8,"amount":100}],"changedObstacles":[{"type":0,"posx":0,"posy":3,"value":-1}]},{"players":[{"playerId":1027,"score":550,"energy":16,"posx":11,"posy":3,"lastAction":5,"status":0},{"playerId":2413234,"score":550,"energy":15,"posx":11,"posy":3,"lastAction":4,"status":0},{"playerId":2234905,"score":650,"energy":13,"posx":0,"posy":3,"lastAction":4,"status":0},{"playerId":131454,"score":650,"energy":13,"posx":11,"posy":8,"lastAction":4,"status":0}],"golds":[{"posx":9,"posy":0,"amount":400},{"posx":7,"posy":1,"amount":100},{"posx":13,"posy":1,"amount":400},{"posx":11,"posy":3,"amount":50},{"posx":15,"posy":3,"amount":400},{"posx":18,"posy":3,"amount":450},{"posx":14,"posy":4,"amount":300},{"posx":16,"posy":4,"amount":350},{"posx":10,"posy":5,"amount":400},{"posx":13,"posy":6,"amount":50},{"posx":18,"posy":6,"amount":550},{"posx":14,"posy":7,"amount":150},{"posx":16,"posy":7,"amount":450},{"posx":11,"posy":8,"amount":100}],"changedObstacles":[]},{"players":[{"playerId":1027,"score":600,"energy":11,"posx":11,"posy":3,"lastAction":5,"status":0},{"playerId":2413234,"score":550,"energy":31,"posx":11,"posy":3,"lastAction":4,"status":0},{"playerId":2234905,"score":650,"energy":12,"posx":0,"posy":2,"lastAction":2,"status":0},{"playerId":131454,"score":650,"energy":29,"posx":11,"posy":8,"lastAction":4,"status":0}],"golds":[{"posx":9,"posy":0,"amount":400},{"posx":7,"posy":1,"amount":100},{"posx":13,"posy":1,"amount":400},{"posx":15,"posy":3,"amount":400},{"posx":18,"posy":3,"amount":450},{"posx":14,"posy":4,"amount":300},{"posx":16,"posy":4,"amount":350},{"posx":10,"posy":5,"amount":400},{"posx":13,"posy":6,"amount":50},{"posx":18,"posy":6,"amount":550},{"posx":14,"posy":7,"amount":150},{"posx":16,"posy":7,"amount":450},{"posx":11,"posy":8,"amount":100}],"changedObstacles":[{"type":0,"posx":11,"posy":3,"value":-1}]},{"players":[{"playerId":1027,"score":600,"energy":10,"posx":11,"posy":4,"lastAction":3,"status":0},{"playerId":2413234,"score":550,"energy":30,"posx":12,"posy":3,"lastAction":1,"status":0},{"playerId":2234905,"score":650,"energy":11,"posx":0,"posy":1,"lastAction":2,"status":0},{"playerId":131454,"score":650,"energy":50,"posx":11,"posy":8,"lastAction":4,"status":0}],"golds":[{"posx":9,"posy":0,"amount":400},{"posx":7,"posy":1,"amount":100},{"posx":13,"posy":1,"amount":400},{"posx":15,"posy":3,"amount":400},{"posx":18,"posy":3,"amount":450},{"posx":14,"posy":4,"amount":300},{"posx":16,"posy":4,"amount":350},{"posx":10,"posy":5,"amount":400},{"posx":13,"posy":6,"amount":50},{"posx":18,"posy":6,"amount":550},{"posx":14,"posy":7,"amount":150},{"posx":16,"posy":7,"amount":450},{"posx":11,"posy":8,"amount":100}],"changedObstacles":[]},{"players":[{"playerId":1027,"score":600,"energy":9,"posx":12,"posy":4,"lastAction":1,"status":0},{"playerId":2413234,"score":550,"energy":29,"posx":13,"posy":3,"lastAction":1,"status":0},{"playerId":2234905,"score":650,"energy":10,"posx":1,"posy":1,"lastAction":1,"status":0},{"playerId":131454,"score":700,"energy":45,"posx":11,"posy":8,"lastAction":5,"status":0}],"golds":[{"posx":9,"posy":0,"amount":400},{"posx":7,"posy":1,"amount":100},{"posx":13,"posy":1,"amount":400},{"posx":15,"posy":3,"amount":400},{"posx":18,"posy":3,"amount":450},{"posx":14,"posy":4,"amount":300},{"posx":16,"posy":4,"amount":350},{"posx":10,"posy":5,"amount":400},{"posx":13,"posy":6,"amount":50},{"posx":18,"posy":6,"amount":550},{"posx":14,"posy":7,"amount":150},{"posx":16,"posy":7,"amount":450},{"posx":11,"posy":8,"amount":50}],"changedObstacles":[]},{"players":[{"playerId":1027,"score":600,"energy":8,"posx":13,"posy":4,"lastAction":1,"status":0},{"playerId":2413234,"score":550,"energy":28,"posx":14,"posy":3,"lastAction":1,"status":0},{"playerId":2234905,"score":650,"energy":9,"posx":2,"posy":1,"lastAction":1,"status":0},{"playerId":131454,"score":750,"energy":40,"posx":11,"posy":8,"lastAction":5,"status":0}],"golds":[{"posx":9,"posy":0,"amount":400},{"posx":7,"posy":1,"amount":100},{"posx":13,"posy":1,"amount":400},{"posx":15,"posy":3,"amount":400},{"posx":18,"posy":3,"amount":450},{"posx":14,"posy":4,"amount":300},{"posx":16,"posy":4,"amount":350},{"posx":10,"posy":5,"amount":400},{"posx":13,"posy":6,"amount":50},{"posx":18,"posy":6,"amount":550},{"posx":14,"posy":7,"amount":150},{"posx":16,"posy":7,"amount":450}],"changedObstacles":[{"type":0,"posx":11,"posy":8,"value":-1}]},{"players":[{"playerId":1027,"score":600,"energy":4,"posx":14,"posy":4,"lastAction":1,"status":0},{"playerId":2413234,"score":550,"energy":24,"posx":15,"posy":3,"lastAction":1,"status":0},{"playerId":2234905,"score":650,"energy":8,"posx":3,"posy":1,"lastAction":1,"status":0},{"playerId":131454,"score":750,"energy":39,"posx":11,"posy":7,"lastAction":2,"status":0}],"golds":[{"posx":9,"posy":0,"amount":400},{"posx":7,"posy":1,"amount":100},{"posx":13,"posy":1,"amount":400},{"posx":15,"posy":3,"amount":400},{"posx":18,"posy":3,"amount":450},{"posx":14,"posy":4,"amount":300},{"posx":16,"posy":4,"amount":350},{"posx":10,"posy":5,"amount":400},{"posx":13,"posy":6,"amount":50},{"posx":18,"posy":6,"amount":550},{"posx":14,"posy":7,"amount":150},{"posx":16,"posy":7,"amount":450}],"changedObstacles":[]},{"players":[{"playerId":1027,"score":600,"energy":16,"posx":14,"posy":4,"lastAction":4,"status":0},{"playerId":2413234,"score":600,"energy":19,"posx":15,"posy":3,"lastAction":5,"status":0},{"playerId":2234905,"score":650,"energy":20,"posx":3,"posy":1,"lastAction":4,"status":0},{"playerId":131454,"score":750,"energy":38,"posx":11,"posy":6,"lastAction":2,"status":0}],"golds":[{"posx":9,"posy":0,"amount":400},{"posx":7,"posy":1,"amount":100},{"posx":13,"posy":1,"amount":400},{"posx":15,"posy":3,"amount":350},{"posx":18,"posy":3,"amount":450},{"posx":14,"posy":4,"amount":300},{"posx":16,"posy":4,"amount":350},{"posx":10,"posy":5,"amount":400},{"posx":13,"posy":6,"amount":50},{"posx":18,"posy":6,"amount":550},{"posx":14,"posy":7,"amount":150},{"posx":16,"posy":7,"amount":450}],"changedObstacles":[]},{"players":[{"playerId":1027,"score":600,"energy":32,"posx":14,"posy":4,"lastAction":4,"status":0},{"playerId":2413234,"score":650,"energy":14,"posx":15,"posy":3,"lastAction":5,"status":0},{"playerId":2234905,"score":650,"energy":19,"posx":4,"posy":1,"lastAction":1,"status":0},{"playerId":131454,"score":750,"energy":37,"posx":10,"posy":6,"lastAction":0,"status":0}],"golds":[{"posx":9,"posy":0,"amount":400},{"posx":7,"posy":1,"amount":100},{"posx":13,"posy":1,"amount":400},{"posx":15,"posy":3,"amount":300},{"posx":18,"posy":3,"amount":450},{"posx":14,"posy":4,"amount":300},{"posx":16,"posy":4,"amount":350},{"posx":10,"posy":5,"amount":400},{"posx":13,"posy":6,"amount":50},{"posx":18,"posy":6,"amount":550},{"posx":14,"posy":7,"amount":150},{"posx":16,"posy":7,"amount":450}],"changedObstacles":[]},{"players":[{"playerId":1027,"score":600,"energy":50,"posx":14,"posy":4,"lastAction":4,"status":0},{"playerId":2413234,"score":700,"energy":9,"posx":15,"posy":3,"lastAction":5,"status":0},{"playerId":2234905,"score":650,"energy":18,"posx":5,"posy":1,"lastAction":1,"status":0},{"playerId":131454,"score":750,"energy":33,"posx":10,"posy":5,"lastAction":2,"status":0}],"golds":[{"posx":9,"posy":0,"amount":400},{"posx":7,"posy":1,"amount":100},{"posx":13,"posy":1,"amount":400},{"posx":15,"posy":3,"amount":250},{"posx":18,"posy":3,"amount":450},{"posx":14,"posy":4,"amount":300},{"posx":16,"posy":4,"amount":350},{"posx":10,"posy":5,"amount":400},{"posx":13,"posy":6,"amount":50},{"posx":18,"posy":6,"amount":550},{"posx":14,"posy":7,"amount":150},{"posx":16,"posy":7,"amount":450}],"changedObstacles":[]},{"players":[{"playerId":1027,"score":650,"energy":45,"posx":14,"posy":4,"lastAction":5,"status":0},{"playerId":2413234,"score":750,"energy":4,"posx":15,"posy":3,"lastAction":5,"status":0},{"playerId":2234905,"score":650,"energy":17,"posx":6,"posy":1,"lastAction":1,"status":0},{"playerId":131454,"score":800,"energy":28,"posx":10,"posy":5,"lastAction":5,"status":0}],"golds":[{"posx":9,"posy":0,"amount":400},{"posx":7,"posy":1,"amount":100},{"posx":13,"posy":1,"amount":400},{"posx":15,"posy":3,"amount":200},{"posx":18,"posy":3,"amount":450},{"posx":14,"posy":4,"amount":250},{"posx":16,"posy":4,"amount":350},{"posx":10,"posy":5,"amount":350},{"posx":13,"posy":6,"amount":50},{"posx":18,"posy":6,"amount":550},{"posx":14,"posy":7,"amount":150},{"posx":16,"posy":7,"amount":450}],"changedObstacles":[]},{"players":[{"playerId":1027,"score":700,"energy":40,"posx":14,"posy":4,"lastAction":5,"status":0},{"playerId":2413234,"score":750,"energy":16,"posx":15,"posy":3,"lastAction":4,"status":0},{"playerId":2234905,"score":650,"energy":13,"posx":7,"posy":1,"lastAction":1,"status":0},{"playerId":131454,"score":850,"energy":23,"posx":10,"posy":5,"lastAction":5,"status":0}],"golds":[{"posx":9,"posy":0,"amount":400},{"posx":7,"posy":1,"amount":100},{"posx":13,"posy":1,"amount":400},{"posx":15,"posy":3,"amount":200},{"posx":18,"posy":3,"amount":450},{"posx":14,"posy":4,"amount":200},{"posx":16,"posy":4,"amount":350},{"posx":10,"posy":5,"amount":300},{"posx":13,"posy":6,"amount":50},{"posx":18,"posy":6,"amount":550},{"posx":14,"posy":7,"amount":150},{"posx":16,"posy":7,"amount":450}],"changedObstacles":[]},{"players":[{"playerId":1027,"score":750,"energy":35,"posx":14,"posy":4,"lastAction":5,"status":0},{"playerId":2413234,"score":750,"energy":32,"posx":15,"posy":3,"lastAction":4,"status":0},{"playerId":2234905,"score":700,"energy":8,"posx":7,"posy":1,"lastAction":5,"status":0},{"playerId":131454,"score":900,"energy":18,"posx":10,"posy":5,"lastAction":5,"status":0}],"golds":[{"posx":9,"posy":0,"amount":400},{"posx":7,"posy":1,"amount":50},{"posx":13,"posy":1,"amount":400},{"posx":15,"posy":3,"amount":200},{"posx":18,"posy":3,"amount":450},{"posx":14,"posy":4,"amount":150},{"posx":16,"posy":4,"amount":350},{"posx":10,"posy":5,"amount":250},{"posx":13,"posy":6,"amount":50},{"posx":18,"posy":6,"amount":550},{"posx":14,"posy":7,"amount":150},{"posx":16,"posy":7,"amount":450}],"changedObstacles":[]},{"players":[{"playerId":1027,"score":800,"energy":30,"posx":14,"posy":4,"lastAction":5,"status":0},{"playerId":2413234,"score":800,"energy":27,"posx":15,"posy":3,"lastAction":5,"status":0},{"playerId":2234905,"score":750,"energy":3,"posx":7,"posy":1,"lastAction":5,"status":0},{"playerId":131454,"score":950,"energy":13,"posx":10,"posy":5,"lastAction":5,"status":0}],"golds":[{"posx":9,"posy":0,"amount":400},{"posx":13,"posy":1,"amount":400},{"posx":15,"posy":3,"amount":150},{"posx":18,"posy":3,"amount":450},{"posx":14,"posy":4,"amount":100},{"posx":16,"posy":4,"amount":350},{"posx":10,"posy":5,"amount":200},{"posx":13,"posy":6,"amount":50},{"posx":18,"posy":6,"amount":550},{"posx":14,"posy":7,"amount":150},{"posx":16,"posy":7,"amount":450}],"changedObstacles":[{"type":0,"posx":7,"posy":1,"value":-1}]},{"players":[{"playerId":1027,"score":850,"energy":25,"posx":14,"posy":4,"lastAction":5,"status":0},{"playerId":2413234,"score":850,"energy":22,"posx":15,"posy":3,"lastAction":5,"status":0},{"playerId":2234905,"score":750,"energy":2,"posx":7,"posy":0,"lastAction":2,"status":0},{"playerId":131454,"score":1000,"energy":8,"posx":10,"posy":5,"lastAction":5,"status":0}],"golds":[{"posx":9,"posy":0,"amount":400},{"posx":13,"posy":1,"amount":400},{"posx":15,"posy":3,"amount":100},{"posx":18,"posy":3,"amount":450},{"posx":14,"posy":4,"amount":50},{"posx":16,"posy":4,"amount":350},{"posx":10,"posy":5,"amount":150},{"posx":13,"posy":6,"amount":50},{"posx":18,"posy":6,"amount":550},{"posx":14,"posy":7,"amount":150},{"posx":16,"posy":7,"amount":450}],"changedObstacles":[]},{"players":[{"playerId":1027,"score":900,"energy":20,"posx":14,"posy":4,"lastAction":5,"status":0},{"playerId":2413234,"score":900,"energy":17,"posx":15,"posy":3,"lastAction":5,"status":0},{"playerId":2234905,"score":750,"energy":1,"posx":8,"posy":0,"lastAction":1,"status":0},{"playerId":131454,"score":1050,"energy":3,"posx":10,"posy":5,"lastAction":5,"status":0}],"golds":[{"posx":9,"posy":0,"amount":400},{"posx":13,"posy":1,"amount":400},{"posx":15,"posy":3,"amount":50},{"posx":18,"posy":3,"amount":450},{"posx":16,"posy":4,"amount":350},{"posx":10,"posy":5,"amount":100},{"posx":13,"posy":6,"amount":50},{"posx":18,"posy":6,"amount":550},{"posx":14,"posy":7,"amount":150},{"posx":16,"posy":7,"amount":450}],"changedObstacles":[{"type":0,"posx":14,"posy":4,"value":-1}]},{"players":[{"playerId":1027,"score":900,"energy":19,"posx":14,"posy":5,"lastAction":3,"status":0},{"playerId":2413234,"score":950,"energy":12,"posx":15,"posy":3,"lastAction":5,"status":0},{"playerId":2234905,"score":750,"energy":13,"posx":8,"posy":0,"lastAction":4,"status":0},{"playerId":131454,"score":1050,"energy":15,"posx":10,"posy":5,"lastAction":4,"status":0}],"golds":[{"posx":9,"posy":0,"amount":400},{"posx":13,"posy":1,"amount":400},{"posx":18,"posy":3,"amount":450},{"posx":16,"posy":4,"amount":350},{"posx":10,"posy":5,"amount":100},{"posx":13,"posy":6,"amount":50},{"posx":18,"posy":6,"amount":550},{"posx":14,"posy":7,"amount":150},{"posx":16,"posy":7,"amount":450}],"changedObstacles":[{"type":0,"posx":15,"posy":3,"value":-1}]},{"players":[{"playerId":1027,"score":900,"energy":18,"posx":14,"posy":6,"lastAction":3,"status":0},{"playerId":2413234,"score":950,"energy":11,"posx":16,"posy":3,"lastAction":1,"status":0},{"playerId":2234905,"score":750,"energy":9,"posx":9,"posy":0,"lastAction":1,"status":0},{"playerId":131454,"score":1050,"energy":31,"posx":10,"posy":5,"lastAction":4,"status":0}],"golds":[{"posx":9,"posy":0,"amount":400},{"posx":13,"posy":1,"amount":400},{"posx":18,"posy":3,"amount":450},{"posx":16,"posy":4,"amount":350},{"posx":10,"posy":5,"amount":100},{"posx":13,"posy":6,"amount":50},{"posx":18,"posy":6,"amount":550},{"posx":14,"posy":7,"amount":150},{"posx":16,"posy":7,"amount":450}],"changedObstacles":[]},{"players":[{"playerId":1027,"score":900,"energy":14,"posx":14,"posy":7,"lastAction":3,"status":0},{"playerId":2413234,"score":950,"energy":7,"posx":16,"posy":4,"lastAction":3,"status":0},{"playerId":2234905,"score":800,"energy":4,"posx":9,"posy":0,"lastAction":5,"status":0},{"playerId":131454,"score":1050,"energy":50,"posx":10,"posy":5,"lastAction":4,"status":0}],"golds":[{"posx":9,"posy":0,"amount":350},{"posx":13,"posy":1,"amount":400},{"posx":18,"posy":3,"amount":450},{"posx":16,"posy":4,"amount":350},{"posx":10,"posy":5,"amount":100},{"posx":13,"posy":6,"amount":50},{"posx":18,"posy":6,"amount":550},{"posx":14,"posy":7,"amount":150},{"posx":16,"posy":7,"amount":450}],"changedObstacles":[]},{"players":[{"playerId":1027,"score":950,"energy":9,"posx":14,"posy":7,"lastAction":5,"status":0},{"playerId":2413234,"score":1000,"energy":2,"posx":16,"posy":4,"lastAction":5,"status":0},{"playerId":2234905,"score":800,"energy":16,"posx":9,"posy":0,"lastAction":4,"status":0},{"playerId":131454,"score":1100,"energy":45,"posx":10,"posy":5,"lastAction":5,"status":0}],"golds":[{"posx":9,"posy":0,"amount":350},{"posx":13,"posy":1,"amount":400},{"posx":18,"posy":3,"amount":450},{"posx":16,"posy":4,"amount":300},{"posx":10,"posy":5,"amount":50},{"posx":13,"posy":6,"amount":50},{"posx":18,"posy":6,"amount":550},{"posx":14,"posy":7,"amount":100},{"posx":16,"posy":7,"amount":450}],"changedObstacles":[]},{"players":[{"playerId":1027,"score":1000,"energy":4,"posx":14,"posy":7,"lastAction":5,"status":0},{"playerId":2413234,"score":1000,"energy":14,"posx":16,"posy":4,"lastAction":4,"status":0},{"playerId":2234905,"score":850,"energy":11,"posx":9,"posy":0,"lastAction":5,"status":0},{"playerId":131454,"score":1150,"energy":40,"posx":10,"posy":5,"lastAction":5,"status":0}],"golds":[{"posx":9,"posy":0,"amount":300},{"posx":13,"posy":1,"amount":400},{"posx":18,"posy":3,"amount":450},{"posx":16,"posy":4,"amount":300},{"posx":13,"posy":6,"amount":50},{"posx":18,"posy":6,"amount":550},{"posx":14,"posy":7,"amount":50},{"posx":16,"posy":7,"amount":450}],"changedObstacles":[{"type":0,"posx":10,"posy":5,"value":-1}]},{"players":[{"playerId":1027,"score":1000,"energy":16,"posx":14,"posy":7,"lastAction":4,"status":0},{"playerId":2413234,"score":1000,"energy":30,"posx":16,"posy":4,"lastAction":4,"status":0},{"playerId":2234905,"score":900,"energy":6,"posx":9,"posy":0,"lastAction":5,"status":0},{"playerId":131454,"score":1150,"energy":39,"posx":10,"posy":4,"lastAction":2,"status":0}],"golds":[{"posx":9,"posy":0,"amount":250},{"posx":13,"posy":1,"amount":400},{"posx":18,"posy":3,"amount":450},{"posx":16,"posy":4,"amount":300},{"posx":13,"posy":6,"amount":50},{"posx":18,"posy":6,"amount":550},{"posx":14,"posy":7,"amount":50},{"posx":16,"posy":7,"amount":450}],"changedObstacles":[]},{"players":[{"playerId":1027,"score":1000,"energy":32,"posx":14,"posy":7,"lastAction":4,"status":0},{"playerId":2413234,"score":1050,"energy":25,"posx":16,"posy":4,"lastAction":5,"status":0},{"playerId":2234905,"score":950,"energy":1,"posx":9,"posy":0,"lastAction":5,"status":0},{"playerId":131454,"score":1150,"energy":38,"posx":10,"posy":3,"lastAction":2,"status":0}],"golds":[{"posx":9,"posy":0,"amount":200},{"posx":13,"posy":1,"amount":400},{"posx":18,"posy":3,"amount":450},{"posx":16,"posy":4,"amount":250},{"posx":13,"posy":6,"amount":50},{"posx":18,"posy":6,"amount":550},{"posx":14,"posy":7,"amount":50},{"posx":16,"posy":7,"amount":450}],"changedObstacles":[]},{"players":[{"playerId":1027,"score":1000,"energy":50,"posx":14,"posy":7,"lastAction":4,"status":0},{"playerId":2413234,"score":1100,"energy":20,"posx":16,"posy":4,"lastAction":5,"status":0},{"playerId":2234905,"score":950,"energy":13,"posx":9,"posy":0,"lastAction":4,"status":0},{"playerId":131454,"score":1150,"energy":37,"posx":10,"posy":2,"lastAction":2,"status":0}],"golds":[{"posx":9,"posy":0,"amount":200},{"posx":13,"posy":1,"amount":400},{"posx":18,"posy":3,"amount":450},{"posx":16,"posy":4,"amount":200},{"posx":13,"posy":6,"amount":50},{"posx":18,"posy":6,"amount":550},{"posx":14,"posy":7,"amount":50},{"posx":16,"posy":7,"amount":450}],"changedObstacles":[]},{"players":[{"playerId":1027,"score":1050,"energy":45,"posx":14,"posy":7,"lastAction":5,"status":0},{"playerId":2413234,"score":1150,"energy":15,"posx":16,"posy":4,"lastAction":5,"status":0},{"playerId":2234905,"score":1000,"energy":8,"posx":9,"posy":0,"lastAction":5,"status":0},{"playerId":131454,"score":1150,"energy":36,"posx":10,"posy":1,"lastAction":2,"status":0}],"golds":[{"posx":9,"posy":0,"amount":150},{"posx":13,"posy":1,"amount":400},{"posx":18,"posy":3,"amount":450},{"posx":16,"posy":4,"amount":150},{"posx":13,"posy":6,"amount":50},{"posx":18,"posy":6,"amount":550},{"posx":16,"posy":7,"amount":450}],"changedObstacles":[{"type":0,"posx":14,"posy":7,"value":-1}]},{"players":[{"playerId":1027,"score":1050,"energy":44,"posx":15,"posy":7,"lastAction":1,"status":0},{"playerId":2413234,"score":1200,"energy":10,"posx":16,"posy":4,"lastAction":5,"status":0},{"playerId":2234905,"score":1050,"energy":3,"posx":9,"posy":0,"lastAction":5,"status":0},{"playerId":131454,"score":1150,"energy":35,"posx":10,"posy":0,"lastAction":2,"status":0}],"golds":[{"posx":9,"posy":0,"amount":100},{"posx":13,"posy":1,"amount":400},{"posx":18,"posy":3,"amount":450},{"posx":16,"posy":4,"amount":100},{"posx":13,"posy":6,"amount":50},{"posx":18,"posy":6,"amount":550},{"posx":16,"posy":7,"amount":450}],"changedObstacles":[]},{"players":[{"playerId":1027,"score":1050,"energy":40,"posx":16,"posy":7,"lastAction":1,"status":0},{"playerId":2413234,"score":1250,"energy":5,"posx":16,"posy":4,"lastAction":5,"status":0},{"playerId":2234905,"score":1050,"energy":15,"posx":9,"posy":0,"lastAction":4,"status":0},{"playerId":131454,"score":1150,"energy":31,"posx":9,"posy":0,"lastAction":0,"status":0}],"golds":[{"posx":9,"posy":0,"amount":100},{"posx":13,"posy":1,"amount":400},{"posx":18,"posy":3,"amount":450},{"posx":16,"posy":4,"amount":50},{"posx":13,"posy":6,"amount":50},{"posx":18,"posy":6,"amount":550},{"posx":16,"posy":7,"amount":450}],"changedObstacles":[]},{"players":[{"playerId":1027,"score":1100,"energy":35,"posx":16,"posy":7,"lastAction":5,"status":0},{"playerId":2413234,"score":1250,"energy":17,"posx":16,"posy":4,"lastAction":4,"status":0},{"playerId":2234905,"score":1100,"energy":10,"posx":9,"posy":0,"lastAction":5,"status":0},{"playerId":131454,"score":1200,"energy":26,"posx":9,"posy":0,"lastAction":5,"status":0}],"golds":[{"posx":13,"posy":1,"amount":400},{"posx":18,"posy":3,"amount":450},{"posx":16,"posy":4,"amount":50},{"posx":13,"posy":6,"amount":50},{"posx":18,"posy":6,"amount":550},{"posx":16,"posy":7,"amount":400}],"changedObstacles":[{"type":0,"posx":9,"posy":0,"value":-1}]},{"players":[{"playerId":1027,"score":1150,"energy":30,"posx":16,"posy":7,"lastAction":5,"status":0},{"playerId":2413234,"score":1250,"energy":33,"posx":16,"posy":4,"lastAction":4,"status":0},{"playerId":2234905,"score":1100,"energy":9,"posx":9,"posy":1,"lastAction":3,"status":0},{"playerId":131454,"score":1200,"energy":25,"posx":10,"posy":0,"lastAction":1,"status":0}],"golds":[{"posx":13,"posy":1,"amount":400},{"posx":18,"posy":3,"amount":450},{"posx":16,"posy":4,"amount":50},{"posx":13,"posy":6,"amount":50},{"posx":18,"posy":6,"amount":550},{"posx":16,"posy":7,"amount":350}],"changedObstacles":[]},{"players":[{"playerId":1027,"score":1200,"energy":25,"posx":16,"posy":7,"lastAction":5,"status":0},{"playerId":2413234,"score":1300,"energy":28,"posx":16,"posy":4,"lastAction":5,"status":0},{"playerId":2234905,"score":1100,"energy":8,"posx":10,"posy":1,"lastAction":1,"status":0},{"playerId":131454,"score":1200,"energy":24,"posx":11,"posy":0,"lastAction":1,"status":0}],"golds":[{"posx":13,"posy":1,"amount":400},{"posx":18,"posy":3,"amount":450},{"posx":13,"posy":6,"amount":50},{"posx":18,"posy":6,"amount":550},{"posx":16,"posy":7,"amount":300}],"changedObstacles":[{"type":0,"posx":16,"posy":4,"value":-1}]},{"players":[{"playerId":1027,"score":1250,"energy":20,"posx":16,"posy":7,"lastAction":5,"status":0},{"playerId":2413234,"score":1300,"energy":27,"posx":16,"posy":3,"lastAction":2,"status":0},{"playerId":2234905,"score":1100,"energy":7,"posx":11,"posy":1,"lastAction":1,"status":0},{"playerId":131454,"score":1200,"energy":23,"posx":12,"posy":0,"lastAction":1,"status":0}],"golds":[{"posx":13,"posy":1,"amount":400},{"posx":18,"posy":3,"amount":450},{"posx":13,"posy":6,"amount":50},{"posx":18,"posy":6,"amount":550},{"posx":16,"posy":7,"amount":250}],"changedObstacles":[]},{"players":[{"playerId":1027,"score":1300,"energy":15,"posx":16,"posy":7,"lastAction":5,"status":0},{"playerId":2413234,"score":1300,"energy":26,"posx":17,"posy":3,"lastAction":1,"status":0},{"playerId":2234905,"score":1100,"energy":6,"posx":12,"posy":1,"lastAction":1,"status":0},{"playerId":131454,"score":1200,"energy":22,"posx":13,"posy":0,"lastAction":1,"status":0}],"golds":[{"posx":13,"posy":1,"amount":400},{"posx":18,"posy":3,"amount":450},{"posx":13,"posy":6,"amount":50},{"posx":18,"posy":6,"amount":550},{"posx":16,"posy":7,"amount":200}],"changedObstacles":[]},{"players":[{"playerId":1027,"score":1350,"energy":10,"posx":16,"posy":7,"lastAction":5,"status":0},{"playerId":2413234,"score":1300,"energy":22,"posx":18,"posy":3,"lastAction":1,"status":0},{"playerId":2234905,"score":1100,"energy":2,"posx":13,"posy":1,"lastAction":1,"status":0},{"playerId":131454,"score":1200,"energy":18,"posx":13,"posy":1,"lastAction":3,"status":0}],"golds":[{"posx":13,"posy":1,"amount":400},{"posx":18,"posy":3,"amount":450},{"posx":13,"posy":6,"amount":50},{"posx":18,"posy":6,"amount":550},{"posx":16,"posy":7,"amount":150}],"changedObstacles":[]},{"players":[{"playerId":1027,"score":1400,"energy":5,"posx":16,"posy":7,"lastAction":5,"status":0},{"playerId":2413234,"score":1350,"energy":17,"posx":18,"posy":3,"lastAction":5,"status":0},{"playerId":2234905,"score":1100,"energy":14,"posx":13,"posy":1,"lastAction":4,"status":0},{"playerId":131454,"score":1250,"energy":13,"posx":13,"posy":1,"lastAction":5,"status":0}],"golds":[{"posx":13,"posy":1,"amount":350},{"posx":18,"posy":3,"amount":400},{"posx":13,"posy":6,"amount":50},{"posx":18,"posy":6,"amount":550},{"posx":16,"posy":7,"amount":100}],"changedObstacles":[]},{"players":[{"playerId":1027,"score":1400,"energy":17,"posx":16,"posy":7,"lastAction":4,"status":0},{"playerId":2413234,"score":1400,"energy":12,"posx":18,"posy":3,"lastAction":5,"status":0},{"playerId":2234905,"score":1150,"energy":9,"posx":13,"posy":1,"lastAction":5,"status":0},{"playerId":131454,"score":1300,"energy":8,"posx":13,"posy":1,"lastAction":5,"status":0}],"golds":[{"posx":13,"posy":1,"amount":250},{"posx":18,"posy":3,"amount":350},{"posx":13,"posy":6,"amount":50},{"posx":18,"posy":6,"amount":550},{"posx":16,"posy":7,"amount":100}],"changedObstacles":[]},{"players":[{"playerId":1027,"score":1400,"energy":33,"posx":16,"posy":7,"lastAction":4,"status":0},{"playerId":2413234,"score":1450,"energy":7,"posx":18,"posy":3,"lastAction":5,"status":0},{"playerId":2234905,"score":1200,"energy":4,"posx":13,"posy":1,"lastAction":5,"status":0},{"playerId":131454,"score":1350,"energy":3,"posx":13,"posy":1,"lastAction":5,"status":0}],"golds":[{"posx":13,"posy":1,"amount":150},{"posx":18,"posy":3,"amount":300},{"posx":13,"posy":6,"amount":50},{"posx":18,"posy":6,"amount":550},{"posx":16,"posy":7,"amount":100}],"changedObstacles":[]},{"players":[{"playerId":1027,"score":1400,"energy":50,"posx":16,"posy":7,"lastAction":4,"status":0},{"playerId":2413234,"score":1500,"energy":2,"posx":18,"posy":3,"lastAction":5,"status":0},{"playerId":2234905,"score":1200,"energy":16,"posx":13,"posy":1,"lastAction":4,"status":0},{"playerId":131454,"score":1350,"energy":15,"posx":13,"posy":1,"lastAction":4,"status":0}],"golds":[{"posx":13,"posy":1,"amount":150},{"posx":18,"posy":3,"amount":250},{"posx":13,"posy":6,"amount":50},{"posx":18,"posy":6,"amount":550},{"posx":16,"posy":7,"amount":100}],"changedObstacles":[]},{"players":[{"playerId":1027,"score":1450,"energy":45,"posx":16,"posy":7,"lastAction":5,"status":0},{"playerId":2413234,"score":1500,"energy":14,"posx":18,"posy":3,"lastAction":4,"status":0},{"playerId":2234905,"score":1250,"energy":11,"posx":13,"posy":1,"lastAction":5,"status":0},{"playerId":131454,"score":1350,"energy":31,"posx":13,"posy":1,"lastAction":4,"status":0}],"golds":[{"posx":13,"posy":1,"amount":100},{"posx":18,"posy":3,"amount":250},{"posx":13,"posy":6,"amount":50},{"posx":18,"posy":6,"amount":550},{"posx":16,"posy":7,"amount":50}],"changedObstacles":[]},{"players":[{"playerId":1027,"score":1500,"energy":40,"posx":16,"posy":7,"lastAction":5,"status":0},{"playerId":2413234,"score":1500,"energy":30,"posx":18,"posy":3,"lastAction":4,"status":0},{"playerId":2234905,"score":1300,"energy":6,"posx":13,"posy":1,"lastAction":5,"status":0},{"playerId":131454,"score":1350,"energy":50,"posx":13,"posy":1,"lastAction":4,"status":0}],"golds":[{"posx":13,"posy":1,"amount":50},{"posx":18,"posy":3,"amount":250},{"posx":13,"posy":6,"amount":50},{"posx":18,"posy":6,"amount":550}],"changedObstacles":[{"type":0,"posx":16,"posy":7,"value":-1}]},{"players":[{"playerId":1027,"score":1500,"energy":39,"posx":17,"posy":7,"lastAction":1,"status":0},{"playerId":2413234,"score":1550,"energy":25,"posx":18,"posy":3,"lastAction":5,"status":0},{"playerId":2234905,"score":1325,"energy":1,"posx":13,"posy":1,"lastAction":5,"status":0},{"playerId":131454,"score":1375,"energy":45,"posx":13,"posy":1,"lastAction":5,"status":0}],"golds":[{"posx":18,"posy":3,"amount":200},{"posx":13,"posy":6,"amount":50},{"posx":18,"posy":6,"amount":550}],"changedObstacles":[{"type":0,"posx":13,"posy":1,"value":-1}]},{"players":[{"playerId":1027,"score":1500,"energy":38,"posx":18,"posy":7,"lastAction":1,"status":0},{"playerId":2413234,"score":1600,"energy":20,"posx":18,"posy":3,"lastAction":5,"status":0},{"playerId":2234905,"score":1325,"energy":13,"posx":13,"posy":1,"lastAction":4,"status":0},{"playerId":131454,"score":1375,"energy":44,"posx":14,"posy":1,"lastAction":1,"status":0}],"golds":[{"posx":18,"posy":3,"amount":150},{"posx":13,"posy":6,"amount":50},{"posx":18,"posy":6,"amount":550}],"changedObstacles":[]},{"players":[{"playerId":1027,"score":1500,"energy":34,"posx":18,"posy":6,"lastAction":2,"status":0},{"playerId":2413234,"score":1650,"energy":15,"posx":18,"posy":3,"lastAction":5,"status":0},{"playerId":2234905,"score":1325,"energy":12,"posx":13,"posy":2,"lastAction":3,"status":0},{"playerId":131454,"score":1375,"energy":43,"posx":15,"posy":1,"lastAction":1,"status":0}],"golds":[{"posx":18,"posy":3,"amount":100},{"posx":13,"posy":6,"amount":50},{"posx":18,"posy":6,"amount":550}],"changedObstacles":[]},{"players":[{"playerId":1027,"score":1550,"energy":29,"posx":18,"posy":6,"lastAction":5,"status":0},{"playerId":2413234,"score":1700,"energy":10,"posx":18,"posy":3,"lastAction":5,"status":0},{"playerId":2234905,"score":1325,"energy":11,"posx":13,"posy":3,"lastAction":3,"status":0},{"playerId":131454,"score":1375,"energy":42,"posx":16,"posy":1,"lastAction":1,"status":0}],"golds":[{"posx":18,"posy":3,"amount":50},{"posx":13,"posy":6,"amount":50},{"posx":18,"posy":6,"amount":500}],"changedObstacles":[]},{"players":[{"playerId":1027,"score":1600,"energy":24,"posx":18,"posy":6,"lastAction":5,"status":0},{"playerId":2413234,"score":1750,"energy":5,"posx":18,"posy":3,"lastAction":5,"status":0},{"playerId":2234905,"score":1325,"energy":10,"posx":13,"posy":4,"lastAction":3,"status":0},{"playerId":131454,"score":1375,"energy":41,"posx":17,"posy":1,"lastAction":1,"status":0}],"golds":[{"posx":13,"posy":6,"amount":50},{"posx":18,"posy":6,"amount":450}],"changedObstacles":[{"type":0,"posx":18,"posy":3,"value":-1}]},{"players":[{"playerId":1027,"score":1650,"energy":19,"posx":18,"posy":6,"lastAction":5,"status":0},{"playerId":2413234,"score":1750,"energy":4,"posx":18,"posy":4,"lastAction":3,"status":0},{"playerId":2234905,"score":1325,"energy":9,"posx":13,"posy":5,"lastAction":3,"status":0},{"playerId":131454,"score":1375,"energy":40,"posx":18,"posy":1,"lastAction":1,"status":0}],"golds":[{"posx":13,"posy":6,"amount":50},{"posx":18,"posy":6,"amount":400}],"changedObstacles":[]},{"players":[{"playerId":1027,"score":1700,"energy":14,"posx":18,"posy":6,"lastAction":5,"status":0},{"playerId":2413234,"score":1750,"energy":3,"posx":18,"posy":5,"lastAction":3,"status":0},{"playerId":2234905,"score":1325,"energy":5,"posx":13,"posy":6,"lastAction":3,"status":0},{"playerId":131454,"score":1375,"energy":39,"posx":18,"posy":2,"lastAction":3,"status":0}],"golds":[{"posx":13,"posy":6,"amount":50},{"posx":18,"posy":6,"amount":350}],"changedObstacles":[]},{"players":[{"playerId":1027,"score":1750,"energy":9,"posx":18,"posy":6,"lastAction":5,"status":0},{"playerId":2413234,"score":1750,"energy":15,"posx":18,"posy":5,"lastAction":4,"status":0},{"playerId":2234905,"score":1325,"energy":17,"posx":13,"posy":6,"lastAction":4,"status":0},{"playerId":131454,"score":1375,"energy":38,"posx":18,"posy":3,"lastAction":3,"status":0}],"golds":[{"posx":13,"posy":6,"amount":50},{"posx":18,"posy":6,"amount":300}],"changedObstacles":[]},{"players":[{"playerId":1027,"score":1800,"energy":4,"posx":18,"posy":6,"lastAction":5,"status":0},{"playerId":2413234,"score":1750,"energy":31,"posx":18,"posy":5,"lastAction":4,"status":0},{"playerId":2234905,"score":1325,"energy":33,"posx":13,"posy":6,"lastAction":4,"status":0},{"playerId":131454,"score":1375,"energy":37,"posx":18,"posy":4,"lastAction":3,"status":0}],"golds":[{"posx":13,"posy":6,"amount":50},{"posx":18,"posy":6,"amount":250}],"changedObstacles":[]},{"players":[{"playerId":1027,"score":1800,"energy":16,"posx":18,"posy":6,"lastAction":4,"status":0},{"playerId":2413234,"score":1750,"energy":27,"posx":18,"posy":6,"lastAction":3,"status":0},{"playerId":2234905,"score":1375,"energy":28,"posx":13,"posy":6,"lastAction":5,"status":0},{"playerId":131454,"score":1375,"energy":36,"posx":18,"posy":5,"lastAction":3,"status":0}],"golds":[{"posx":18,"posy":6,"amount":250}],"changedObstacles":[{"type":0,"posx":13,"posy":6,"value":-1}]},{"players":[{"playerId":1027,"score":1800,"energy":16,"posx":18,"posy":6,"lastAction":4,"status":3},{"playerId":2413234,"score":1800,"energy":22,"posx":18,"posy":6,"lastAction":5,"status":0},{"playerId":2234905,"score":1375,"energy":27,"posx":14,"posy":6,"lastAction":1,"status":0},{"playerId":131454,"score":1375,"energy":32,"posx":18,"posy":6,"lastAction":3,"status":0}],"golds":[{"posx":18,"posy":6,"amount":200}],"changedObstacles":[]},{"players":[{"playerId":1027,"score":1800,"energy":16,"posx":18,"posy":6,"lastAction":6,"status":3},{"playerId":2413234,"score":1850,"energy":17,"posx":18,"posy":6,"lastAction":5,"status":0},{"playerId":2234905,"score":1375,"energy":26,"posx":15,"posy":6,"lastAction":1,"status":0},{"playerId":131454,"score":1425,"energy":27,"posx":18,"posy":6,"lastAction":5,"status":0}],"golds":[{"posx":18,"posy":6,"amount":100}],"changedObstacles":[]},{"players":[{"playerId":1027,"score":1800,"energy":16,"posx":18,"posy":6,"lastAction":6,"status":3},{"playerId":2413234,"score":1900,"energy":12,"posx":18,"posy":6,"lastAction":5,"status":0},{"playerId":2234905,"score":1375,"energy":25,"posx":16,"posy":6,"lastAction":1,"status":0},{"playerId":131454,"score":1475,"energy":22,"posx":18,"posy":6,"lastAction":5,"status":0}],"golds":[],"changedObstacles":[{"type":0,"posx":18,"posy":6,"value":-1}]}]