[{"players":[{"playerId":67457,"score":0,"energy":49,"posx":2,"posy":7,"lastAction":2,"status":0},{"playerId":1879247,"score":0,"energy":49,"posx":3,"posy":8,"lastAction":1,"status":0},{"playerId":2299591,"score":0,"energy":49,"posx":2,"posy":7,"lastAction":2,"status":0},{"playerId":1658775,"score":0,"energy":49,"posx":3,"posy":8,"lastAction":1,"status":0}],"golds":[{"posx":14,"posy":7,"amount":150},{"posx":2,"posy":2,"amount":350},{"posx":18,"posy":6,"amount":550},{"posx":11,"posy":8,"amount":450},{"posx":10,"posy":5,"amount":400},{"posx":15,"posy":3,"amount":400},{"posx":13,"posy":1,"amount":400},{"posx":16,"posy":7,"amount":450},{"posx":14,"posy":4,"amount":300},{"posx":7,"posy":1,"amount":100},{"posx":2,"posy":5,"amount":100},{"posx":9,"posy":0,"amount":400},{"posx":9,"posy":8,"amount":50},{"posx":0,"posy":3,"amount":50},{"posx":13,"posy":6,"amount":50},{"posx":18,"posy":3,"amount":450},{"posx":10,"posy":3,"amount":150},{"posx":16,"posy":4,"amount":350},{"posx":3,"posy":7,"amount":750},{"posx":11,"posy":3,"amount":650}],"changedObstacles":[]},{"players":[{"playerId":67457,"score":0,"energy":45,"posx":3,"posy":7,"lastAction":1,"status":0},{"playerId":1879247,"score":0,"energy":45,"posx":3,"posy":7,"lastAction":2,"status":0},{"playerId":2299591,"score":0,"energy":45,"posx":3,"posy":7,"lastAction":1,"status":0},{"playerId":1658775,"score":0,"energy":39,"posx":3,"posy":8,"lastAction":5,"status":0}],"golds":[{"posx":14,"posy":7,"amount":150},{"posx":2,"posy":2,"amount":350},{"posx":18,"posy":6,"amount":550},{"posx":11,"posy":8,"amount":450},{"posx":10,"posy":5,"amount":400},{"posx":15,"posy":3,"amount":400},{"posx":13,"posy":1,"amount":400},{"posx":16,"posy":7,"amount":450},{"posx":14,"posy":4,"amount":300},{"posx":7,"posy":1,"amount":100},{"posx":2,"posy":5,"amount":100},{"posx":9,"posy":0,"amount":400},{"posx":9,"posy":8,"amount":50},{"posx":0,"posy":3,"amount":50},{"posx":13,"posy":6,"amount":50},{"posx":18,"posy":3,"amount":450},{"posx":10,"posy":3,"amount":150},{"posx":16,"posy":4,"amount":350},{"posx":3,"posy":7,"amount":750},{"posx":11,"posy":3,"amount":650}],"changedObstacles":[]},{"players":[{"playerId":67457,"score":50,"energy":40,"posx":3,"posy":7,"lastAction":5,"status":0},{"playerId":1879247,"score":50,"energy":40,"posx":3,"posy":7,"lastAction":5,"status":0},{"playerId":2299591,"score":50,"energy":40,"posx":3,"posy":7,"lastAction":5,"status":0},{"playerId":1658775,"score":0,"energy":35,"posx":3,"posy":7,"lastAction":2,"status":0}],"golds":[{"posx":9,"posy":0,"amount":400},{"posx":7,"posy":1,"amount":100},{"posx":13,"posy":1,"amount":400},{"posx":2,"posy":2,"amount":350},{"posx":0,"posy":3,"amount":50},{"posx":10,"posy":3,"amount":150},{"posx":11,"posy":3,"amount":650},{"posx":15,"posy":3,"amount":400},{"posx":18,"posy":3,"amount":450},{"posx":14,"posy":4,"amount":300},{"posx":16,"posy":4,"amount":350},{"posx":2,"posy":5,"amount":100},{"posx":10,"posy":5,"amount":400},{"posx":13,"posy":6,"amount":50},{"posx":18,"posy":6,"amount":550},{"posx":3,"posy":7,"amount":600},{"posx":14,"posy":7,"amount":150},{"posx":16,"posy":7,"amount":450},{"posx":9,"posy":8,"amount":50},{"posx":11,"posy":8,"amount":450}],"changedObstacles":[]},{"players":[{"playerId":67457,"score":100,"energy":35,"posx":3,"posy":7,"lastAction":5,"status":0},{"playerId":1879247,"score":100,"energy":35,"posx":3,"posy":7,"lastAction":5,"status":0},{"playerId":2299591,"score":100,"energy":35,"posx":3,"posy":7,"lastAction":5,"status":0},{"playerId":1658775,"score":50,"energy":30,"posx":3,"posy":7,"lastAction":5,"status":0}],"golds":[{"posx":9,"posy":0,"amount":400},{"posx":7,"posy":1,"amount":100},{"posx":13,"posy":1,"amount":400},{"posx":2,"posy":2,"amount":350},{"posx":0,"posy":3,"amount":50},{"posx":10,"posy":3,"amount":150},{"posx":11,"posy":3,"amount":650},{"posx":15,"posy":3,"amount":400},{"posx":18,"posy":3,"amount":450},{"posx":14,"posy":4,"amount":300},{"posx":16,"posy":4,"amount":350},{"posx":2,"posy":5,"amount":100},{"posx":10,"posy":5,"amount":400},{"posx":13,"posy":6,"amount":50},{"posx":18,"posy":6,"amount":550},{"posx":3,"posy":7,"amount":400},{"posx":14,"posy":7,"amount":150},{"posx":16,"posy":7,"amount":450},{"posx":9,"posy":8,"amount":50},{"posx":11,"posy":8,"amount":450}],"changedObstacles":[]},{"players":[{"playerId":67457,"score":150,"energy":30,"posx":3,"posy":7,"lastAction":5,"status":0},{"playerId":1879247,"score":150,"energy":30,"posx":3,"posy":7,"lastAction":5,"status":0},{"playerId":2299591,"score":150,"energy":30,"posx":3,"posy":7,"lastAction":5,"status":0},{"playerId":1658775,"score":100,"energy":25,"posx":3,"posy":7,"lastAction":5,"status":0}],"golds":[{"posx":9,"posy":0,"amount":400},{"posx":7,"posy":1,"amount":100},{"posx":13,"posy":1,"amount":400},{"posx":2,"posy":2,"amount":350},{"posx":0,"posy":3,"amount":50},{"posx":10,"posy":3,"amount":150},{"posx":11,"posy":3,"amount":650},{"posx":15,"posy":3,"amount":400},{"posx":18,"posy":3,"amount":450},{"posx":14,"posy":4,"amount":300},{"posx":16,"posy":4,"amount":350},{"posx":2,"posy":5,"amount":100},{"posx":10,"posy":5,"amount":400},{"posx":13,"posy":6,"amount":50},{"posx":18,"posy":6,"amount":550},{"posx":3,"posy":7,"amount":200},{"posx":14,"posy":7,"amount":150},{"posx":16,"posy":7,"amount":450},{"posx":9,"posy":8,"amount":50},{"posx":11,"posy":8,"amount":450}],"changedObstacles":[]},{"players":[{"playerId":67457,"score":200,"energy":25,"posx":3,"posy":7,"lastAction":5,"status":0},{"playerId":1879247,"score":200,"energy":25,"posx":3,"posy":7,"lastAction":5,"status":0},{"playerId":2299591,"score":200,"energy":25,"posx":3,"posy":7,"lastAction":5,"status":0},{"playerId":1658775,"score":150,"energy":20,"posx":3,"posy":7,"lastAction":5,"status":0}],"golds":[{"posx":9,"posy":0,"amount":400},{"posx":7,"posy":1,"amount":100},{"posx":13,"posy":1,"amount":400},{"posx":2,"posy":2,"amount":350},{"posx":0,"posy":3,"amount":50},{"posx":10,"posy":3,"amount":150},{"posx":11,"posy":3,"amount":650},{"posx":15,"posy":3,"amount":400},{"posx":18,"posy":3,"amount":450},{"posx":14,"posy":4,"amount":300},{"posx":16,"posy":4,"amount":350},{"posx":2,"posy":5,"amount":100},{"posx":10,"posy":5,"amount":400},{"posx":13,"posy":6,"amount":50},{"posx":18,"posy":6,"amount":550},{"posx":14,"posy":7,"amount":150},{"posx":16,"posy":7,"amount":450},{"posx":9,"posy":8,"amount":50},{"posx":11,"posy":8,"amount":450}],"changedObstacles":[{"type":0,"posx":3,"posy":7,"value":-1}]},{"players":[{"playerId":67457,"score":200,"energy":24,"posx":4,"posy":7,"lastAction":1,"status":0},{"playerId":1879247,"score":200,"energy":24,"posx":2,"posy":7,"lastAction":0,"status":0},{"playerId":2299591,"score":200,"energy":24,"posx":2,"posy":7,"lastAction":0,"status":0},{"playerId":1658775,"score":150,"energy":19,"posx":2,"posy":7,"lastAction":0,"status":0}],"golds":[{"posx":9,"posy":0,"amount":400},{"posx":7,"posy":1,"amount":100},{"posx":13,"posy":1,"amount":400},{"posx":2,"posy":2,"amount":350},{"posx":0,"posy":3,"amount":50},{"posx":10,"posy":3,"amount":150},{"posx":11,"posy":3,"amount":650},{"posx":15,"posy":3,"amount":400},{"posx":18,"posy":3,"amount":450},{"posx":14,"posy":4,"amount":300},{"posx":16,"posy":4,"amount":350},{"posx":2,"posy":5,"amount":100},{"posx":10,"posy":5,"amount":400},{"posx":13,"posy":6,"amount":50},{"posx":18,"posy":6,"amount":550},{"posx":14,"posy":7,"amount":150},{"posx":16,"posy":7,"amount":450},{"posx":9,"posy":8,"amount":50},{"posx":11,"posy":8,"amount":450}],"changedObstacles":[]},{"players":[{"playerId":67457,"score":200,"energy":23,"posx":5,"posy":7,"lastAction":1,"status":0},{"playerId":1879247,"score":200,"energy":23,"posx":2,"posy":6,"lastAction":2,"status":0},{"playerId":2299591,"score":200,"energy":23,"posx":2,"posy":6,"lastAction":2,"status":0},{"playerId":1658775,"score":150,"energy":18,"posx":2,"posy":6,"lastAction":2,"status":0}],"golds":[{"posx":9,"posy":0,"amount":400},{"posx":7,"posy":1,"amount":100},{"posx":13,"posy":1,"amount":400},{"posx":2,"posy":2,"amount":350},{"posx":0,"posy":3,"amount":50},{"posx":10,"posy":3,"amount":150},{"posx":11,"posy":3,"amount":650},{"posx":15,"posy":3,"amount":400},{"posx":18,"posy":3,"amount":450},{"posx":14,"posy":4,"amount":300},{"posx":16,"posy":4,"amount":350},{"posx":2,"posy":5,"amount":100},{"posx":10,"posy":5,"amount":400},{"posx":13,"posy":6,"amount":50},{"posx":18,"posy":6,"amount":550},{"posx":14,"posy":7,"amount":150},{"posx":16,"posy":7,"amount":450},{"posx":9,"posy":8,"amount":50},{"posx":11,"posy":8,"amount":450}],"changedObstacles":[]},{"players":[{"playerId":67457,"score":200,"energy":22,"posx":6,"posy":7,"lastAction":1,"status":0},{"playerId":1879247,"score":200,"energy":19,"posx":2,"posy":5,"lastAction":2,"status":0},{"playerId":2299591,"score":200,"energy":19,"posx":2,"posy":5,"lastAction":2,"status":0},{"playerId":1658775,"score":150,"energy":14,"posx":2,"posy":5,"lastAction":2,"status":0}],"golds":[{"posx":9,"posy":0,"amount":400},{"posx":7,"posy":1,"amount":100},{"posx":13,"posy":1,"amount":400},{"posx":2,"posy":2,"amount":350},{"posx":0,"posy":3,"amount":50},{"posx":10,"posy":3,"amount":150},{"posx":11,"posy":3,"amount":650},{"posx":15,"posy":3,"amount":400},{"posx":18,"posy":3,"amount":450},{"posx":14,"posy":4,"amount":300},{"posx":16,"posy":4,"amount":350},{"posx":2,"posy":5,"amount":100},{"posx":10,"posy":5,"amount":400},{"posx":13,"posy":6,"amount":50},{"posx":18,"posy":6,"amount":550},{"posx":14,"posy":7,"amount":150},{"posx":16,"posy":7,"amount":450},{"posx":9,"posy":8,"amount":50},{"posx":11,"posy":8,"amount":450}],"changedObstacles":[]},{"players":[{"playerId":67457,"score":200,"energy":21,"posx":7,"posy":7,"lastAction":1,"status":0},{"playerId":1879247,"score":234,"energy":14,"posx":2,"posy":5,"lastAction":5,"status":0},{"playerId":2299591,"score":234,"energy":14,"posx":2,"posy":5,"lastAction":5,"status":0},{"playerId":1658775,"score":184,"energy":9,"posx":2,"posy":5,"lastAction":5,"status":0}],"golds":[{"posx":9,"posy":0,"amount":400},{"posx":7,"posy":1,"amount":100},{"posx":13,"posy":1,"amount":400},{"posx":2,"posy":2,"amount":350},{"posx":0,"posy":3,"amount":50},{"posx":10,"posy":3,"amount":150},{"posx":11,"posy":3,"amount":650},{"posx":15,"posy":3,"amount":400},{"posx":18,"posy":3,"amount":450},{"posx":14,"posy":4,"amount":300},{"posx":16,"posy":4,"amount":350},{"posx":10,"posy":5,"amount":400},{"posx":13,"posy":6,"amount":50},{"posx":18,"posy":6,"amount":550},{"posx":14,"posy":7,"amount":150},{"posx":16,"posy":7,"amount":450},{"posx":9,"posy":8,"amount":50},{"posx":11,"posy":8,"amount":450}],"changedObstacles":[{"type":0,"posx":2,"posy":5,"value":-1}]},{"players":[{"playerId":67457,"score":200,"energy":20,"posx":8,"posy":7,"lastAction":1,"status":0},{"playerId":1879247,"score":234,"energy":13,"posx":2,"posy":4,"lastAction":2,"status":0},{"playerId":2299591,"score":234,"energy":26,"posx":2,"posy":5,"lastAction":4,"status":0},{"playerId":1658775,"score":184,"energy":21,"posx":2,"posy":5,"lastAction":4,"status":0}],"golds":[{"posx":9,"posy":0,"amount":400},{"posx":7,"posy":1,"amount":100},{"posx":13,"posy":1,"amount":400},{"posx":2,"posy":2,"amount":350},{"posx":0,"posy":3,"amount":50},{"posx":10,"posy":3,"amount":150},{"posx":11,"posy":3,"amount":650},{"posx":15,"posy":3,"amount":400},{"posx":18,"posy":3,"amount":450},{"posx":14,"posy":4,"amount":300},{"posx":16,"posy":4,"amount":350},{"posx":10,"posy":5,"amount":400},{"posx":13,"posy":6,"amount":50},{"posx":18,"posy":6,"amount":550},{"posx":14,"posy":7,"amount":150},{"posx":16,"posy":7,"amount":450},{"posx":9,"posy":8,"amount":50},{"posx":11,"posy":8,"amount":450}],"changedObstacles":[]},{"players":[{"playerId":67457,"score":200,"energy":19,"posx":9,"posy":7,"lastAction":1,"status":0},{"playerId":1879247,"score":234,"energy":12,"posx":2,"posy":3,"lastAction":2,"status":0},{"playerId":2299591,"score":234,"energy":25,"posx":2,"posy":4,"lastAction":2,"status":0},{"playerId":1658775,"score":184,"energy":20,"posx":2,"posy":4,"lastAction":2,"status":0}],"golds":[{"posx":9,"posy":0,"amount":400},{"posx":7,"posy":1,"amount":100},{"posx":13,"posy":1,"amount":400},{"posx":2,"posy":2,"amount":350},{"posx":0,"posy":3,"amount":50},{"posx":10,"posy":3,"amount":150},{"posx":11,"posy":3,"amount":650},{"posx":15,"posy":3,"amount":400},{"posx":18,"posy":3,"amount":450},{"posx":14,"posy":4,"amount":300},{"posx":16,"posy":4,"amount":350},{"posx":10,"posy":5,"amount":400},{"posx":13,"posy":6,"amount":50},{"posx":18,"posy":6,"amount":550},{"posx":14,"posy":7,"amount":150},{"posx":16,"posy":7,"amount":450},{"posx":9,"posy":8,"amount":50},{"posx":11,"posy":8,"amount":450}],"changedObstacles":[]},{"players":[{"playerId":67457,"score":200,"energy":18,"posx":10,"posy":7,"lastAction":1,"status":0},{"playerId":1879247,"score":234,"energy":8,"posx":2,"posy":2,"lastAction":2,"status":0},{"playerId":2299591,"score":234,"energy":24,"posx":2,"posy":3,"lastAction":2,"status":0},{"playerId":1658775,"score":184,"energy":19,"posx":2,"posy":3,"lastAction":2,"status":0}],"golds":[{"posx":9,"posy":0,"amount":400},{"posx":7,"posy":1,"amount":100},{"posx":13,"posy":1,"amount":400},{"posx":2,"posy":2,"amount":350},{"posx":0,"posy":3,"amount":50},{"posx":10,"posy":3,"amount":150},{"posx":11,"posy":3,"amount":650},{"posx":15,"posy":3,"amount":400},{"posx":18,"posy":3,"amount":450},{"posx":14,"posy":4,"amount":300},{"posx":16,"posy":4,"amount":350},{"posx":10,"posy":5,"amount":400},{"posx":13,"posy":6,"amount":50},{"posx":18,"posy":6,"amount":550},{"posx":14,"posy":7,"amount":150},{"posx":16,"posy":7,"amount":450},{"posx":9,"posy":8,"amount":50},{"posx":11,"posy":8,"amount":450}],"changedObstacles":[]},{"players":[{"playerId":67457,"score":200,"energy":17,"posx":10,"posy":6,"lastAction":2,"status":0},{"playerId":1879247,"score":284,"energy":3,"posx":2,"posy":2,"lastAction":5,"status":0},{"playerId":2299591,"score":234,"energy":20,"posx":2,"posy":2,"lastAction":2,"status":0},{"playerId":1658775,"score":184,"energy":15,"posx":2,"posy":2,"lastAction":2,"status":0}],"golds":[{"posx":9,"posy":0,"amount":400},{"posx":7,"posy":1,"amount":100},{"posx":13,"posy":1,"amount":400},{"posx":2,"posy":2,"amount":300},{"posx":0,"posy":3,"amount":50},{"posx":10,"posy":3,"amount":150},{"posx":11,"posy":3,"amount":650},{"posx":15,"posy":3,"amount":400},{"posx":18,"posy":3,"amount":450},{"posx":14,"posy":4,"amount":300},{"posx":16,"posy":4,"amount":350},{"posx":10,"posy":5,"amount":400},{"posx":13,"posy":6,"amount":50},{"posx":18,"posy":6,"amount":550},{"posx":14,"posy":7,"amount":150},{"posx":16,"posy":7,"amount":450},{"posx":9,"posy":8,"amount":50},{"posx":11,"posy":8,"amount":450}],"changedObstacles":[]},{"players":[{"playerId":67457,"score":200,"energy":13,"posx":10,"posy":5,"lastAction":2,"status":0},{"playerId":1879247,"score":284,"energy":15,"posx":2,"posy":2,"lastAction":4,"status":0},{"playerId":2299591,"score":284,"energy":15,"posx":2,"posy":2,"lastAction":5,"status":0},{"playerId":1658775,"score":234,"energy":10,"posx":2,"posy":2,"lastAction":5,"status":0}],"golds":[{"posx":9,"posy":0,"amount":400},{"posx":7,"posy":1,"amount":100},{"posx":13,"posy":1,"amount":400},{"posx":2,"posy":2,"amount":200},{"posx":0,"posy":3,"amount":50},{"posx":10,"posy":3,"amount":150},{"posx":11,"posy":3,"amount":650},{"posx":15,"posy":3,"amount":400},{"posx":18,"posy":3,"amount":450},{"posx":14,"posy":4,"amount":300},{"posx":16,"posy":4,"amount":350},{"posx":10,"posy":5,"amount":400},{"posx":13,"posy":6,"amount":50},{"posx":18,"posy":6,"amount":550},{"posx":14,"posy":7,"amount":150},{"posx":16,"posy":7,"amount":450},{"posx":9,"posy":8,"amount":50},{"posx":11,"posy":8,"amount":450}],"changedObstacles":[]},{"players":[{"playerId":67457,"score":250,"energy":8,"posx":10,"posy":5,"lastAction":5,"status":0},{"playerId":1879247,"score":334,"energy":10,"posx":2,"posy":2,"lastAction":5,"status":0},{"playerId":2299591,"score":334,"energy":10,"posx":2,"posy":2,"lastAction":5,"status":0},{"playerId":1658775,"score":284,"energy":5,"posx":2,"posy":2,"lastAction":5,"status":0}],"golds":[{"posx":9,"posy":0,"amount":400},{"posx":7,"posy":1,"amount":100},{"posx":13,"posy":1,"amount":400},{"posx":2,"posy":2,"amount":50},{"posx":0,"posy":3,"amount":50},{"posx":10,"posy":3,"amount":150},{"posx":11,"posy":3,"amount":650},{"posx":15,"posy":3,"amount":400},{"posx":18,"posy":3,"amount":450},{"posx":14,"posy":4,"amount":300},{"posx":16,"posy":4,"amount":350},{"posx":10,"posy":5,"amount":350},{"posx":13,"posy":6,"amount":50},{"posx":18,"posy":6,"amount":550},{"posx":14,"posy":7,"amount":150},{"posx":16,"posy":7,"amount":450},{"posx":9,"posy":8,"amount":50},{"posx":11,"posy":8,"amount":450}],"changedObstacles":[]},{"players":[{"playerId":67457,"score":300,"energy":3,"posx":10,"posy":5,"lastAction":5,"status":0},{"playerId":1879247,"score":359,"energy":5,"posx":2,"posy":2,"lastAction":5,"status":0},{"playerId":2299591,"score":359,"energy":5,"posx":2,"posy":2,"lastAction":5,"status":0},{"playerId":1658775,"score":284,"energy":17,"posx":2,"posy":2,"lastAction":4,"status":0}],"golds":[{"posx":9,"posy":0,"amount":400},{"posx":7,"posy":1,"amount":100},{"posx":13,"posy":1,"amount":400},{"posx":0,"posy":3,"amount":50},{"posx":10,"posy":3,"amount":150},{"posx":11,"posy":3,"amount":650},{"posx":15,"posy":3,"amount":400},{"posx":18,"posy":3,"amount":450},{"posx":14,"posy":4,"amount":300},{"posx":16,"posy":4,"amount":350},{"posx":10,"posy":5,"amount":300},{"posx":13,"posy":6,"amount":50},{"posx":18,"posy":6,"amount":550},{"posx":14,"posy":7,"amount":150},{"posx":16,"posy":7,"amount":450},{"posx":9,"posy":8,"amount":50},{"posx":11,"posy":8,"amount":450}],"changedObstacles":[{"type":0,"posx":2,"posy":2,"value":-1}]},{"players":[{"playerId":67457,"score":300,"energy":15,"posx":10,"posy":5,"lastAction":4,"status":0},{"playerId":1879247,"score":359,"energy":4,"posx":1,"posy":2,"lastAction":0,"status":0},{"playerId":2299591,"score":359,"energy":17,"posx":2,"posy":2,"lastAction":4,"status":0},{"playerId":1658775,"score":284,"energy":16,"posx":3,"posy":2,"lastAction":1,"status":0}],"golds":[{"posx":9,"posy":0,"amount":400},{"posx":7,"posy":1,"amount":100},{"posx":13,"posy":1,"amount":400},{"posx":0,"posy":3,"amount":50},{"posx":10,"posy":3,"amount":150},{"posx":11,"posy":3,"amount":650},{"posx":15,"posy":3,"amount":400},{"posx":18,"posy":3,"amount":450},{"posx":14,"posy":4,"amount":300},{"posx":16,"posy":4,"amount":350},{"posx":10,"posy":5,"amount":300},{"posx":13,"posy":6,"amount":50},{"posx":18,"posy":6,"amount":550},{"posx":14,"posy":7,"amount":150},{"posx":16,"posy":7,"amount":450},{"posx":9,"posy":8,"amount":50},{"posx":11,"posy":8,"amount":450}],"changedObstacles":[]},{"players":[{"playerId":67457,"score":300,"energy":31,"posx":10,"posy":5,"lastAction":4,"status":0},{"playerId":1879247,"score":359,"energy":3,"posx":0,"posy":2,"lastAction":0,"status":0},{"playerId":2299591,"score":359,"energy":33,"posx":2,"posy":2,"lastAction":4,"status":0},{"playerId":1658775,"score":284,"energy":15,"posx":4,"posy":2,"lastAction":1,"status":0}],"golds":[{"posx":9,"posy":0,"amount":400},{"posx":7,"posy":1,"amount":100},{"posx":13,"posy":1,"amount":400},{"posx":0,"posy":3,"amount":50},{"posx":10,"posy":3,"amount":150},{"posx":11,"posy":3,"amount":650},{"posx":15,"posy":3,"amount":400},{"posx":18,"posy":3,"amount":450},{"posx":14,"posy":4,"amount":300},{"posx":16,"posy":4,"amount":350},{"posx":10,"posy":5,"amount":300},{"posx":13,"posy":6,"amount":50},{"posx":18,"posy":6,"amount":550},{"posx":14,"posy":7,"amount":150},{"posx":16,"posy":7,"amount":450},{"posx":9,"posy":8,"amount":50},{"posx":11,"posy":8,"amount":450}],"changedObstacles":[]},{"players":[{"playerId":67457,"score":300,"energy":50,"posx":10,"posy":5,"lastAction":4,"status":0},{"playerId":1879247,"score":359,"energy":15,"posx":0,"posy":2,"lastAction":4,"status":0},{"playerId":2299591,"score":359,"energy":32,"posx":1,"posy":2,"lastAction":0,"status":0},{"playerId":1658775,"score":284,"energy":14,"posx":5,"posy":2,"lastAction":1,"status":0}],"golds":[{"posx":9,"posy":0,"amount":400},{"posx":7,"posy":1,"amount":100},{"posx":13,"posy":1,"amount":400},{"posx":0,"posy":3,"amount":50},{"posx":10,"posy":3,"amount":150},{"posx":11,"posy":3,"amount":650},{"posx":15,"posy":3,"amount":400},{"posx":18,"posy":3,"amount":450},{"posx":14,"posy":4,"amount":300},{"posx":16,"posy":4,"amount":350},{"posx":10,"posy":5,"amount":300},{"posx":13,"posy":6,"amount":50},{"posx":18,"posy":6,"amount":550},{"posx":14,"posy":7,"amount":150},{"posx":16,"posy":7,"amount":450},{"posx":9,"posy":8,"amount":50},{"posx":11,"posy":8,"amount":450}],"changedObstacles":[]},{"players":[{"playerId":67457,"score":350,"energy":45,"posx":10,"posy":5,"lastAction":5,"status":0},{"playerId":1879247,"score":359,"energy":11,"posx":0,"posy":3,"lastAction":3,"status":0},{"playerId":2299591,"score":359,"energy":31,"posx":0,"posy":2,"lastAction":0,"status":0},{"playerId":1658775,"score":284,"energy":13,"posx":6,"posy":2,"lastAction":1,"status":0}],"golds":[{"posx":9,"posy":0,"amount":400},{"posx":7,"posy":1,"amount":100},{"posx":13,"posy":1,"amount":400},{"posx":0,"posy":3,"amount":50},{"posx":10,"posy":3,"amount":150},{"posx":11,"posy":3,"amount":650},{"posx":15,"posy":3,"amount":400},{"posx":18,"posy":3,"amount":450},{"posx":14,"posy":4,"amount":300},{"posx":16,"posy":4,"amount":350},{"posx":10,"posy":5,"amount":250},{"posx":13,"posy":6,"amount":50},{"posx":18,"posy":6,"amount":550},{"posx":14,"posy":7,"amount":150},{"posx":16,"posy":7,"amount":450},{"posx":9,"posy":8,"amount":50},{"posx":11,"posy":8,"amount":450}],"changedObstacles":[]},{"players":[{"playerId":67457,"score":400,"energy":40,"posx":10,"posy":5,"lastAction":5,"status":0},{"playerId":1879247,"score":409,"energy":6,"posx":0,"posy":3,"lastAction":5,"status":0},{"playerId":2299591,"score":359,"energy":27,"posx":0,"posy":3,"lastAction":3,"status":0},{"playerId":1658775,"score":284,"energy":12,"posx":7,"posy":2,"lastAction":1,"status":0}],"golds":[{"posx":9,"posy":0,"amount":400},{"posx":7,"posy":1,"amount":100},{"posx":13,"posy":1,"amount":400},{"posx":10,"posy":3,"amount":150},{"posx":11,"posy":3,"amount":650},{"posx":15,"posy":3,"amount":400},{"posx":18,"posy":3,"amount":450},{"posx":14,"posy":4,"amount":300},{"posx":16,"posy":4,"amount":350},{"posx":10,"posy":5,"amount":200},{"posx":13,"posy":6,"amount":50},{"posx":18,"posy":6,"amount":550},{"posx":14,"posy":7,"amount":150},{"posx":16,"posy":7,"amount":450},{"posx":9,"posy":8,"amount":50},{"posx":11,"posy":8,"amount":450}],"changedObstacles":[{"type":0,"posx":0,"posy":3,"value":-1}]},{"players":[{"playerId":67457,"score":450,"energy":35,"posx":10,"posy":5,"lastAction":5,"status":0},{"playerId":1879247,"score":409,"energy":5,"posx":1,"posy":3,"lastAction":1,"status":0},{"playerId":2299591,"score":359,"energy":26,"posx":0,"posy":2,"lastAction":2,"status":0},{"playerId":1658775,"score":284,"energy":11,"posx":8,"posy":2,"lastAction":1,"status":0}],"golds":[{"posx":9,"posy":0,"amount":400},{"posx":7,"posy":1,"amount":100},{"posx":13,"posy":1,"amount":400},{"posx":10,"posy":3,"amount":150},{"posx":11,"posy":3,"amount":650},{"posx":15,"posy":3,"amount":400},{"posx":18,"posy":3,"amount":450},{"posx":14,"posy":4,"amount":300},{"posx":16,"posy":4,"amount":350},{"posx":10,"posy":5,"amount":150},{"posx":13,"posy":6,"amount":50},{"posx":18,"posy":6,"amount":550},{"posx":14,"posy":7,"amount":150},{"posx":16,"posy":7,"amount":450},{"posx":9,"posy":8,"amount":50},{"posx":11,"posy":8,"amount":450}],"changedObstacles":[]},{"players":[{"playerId":67457,"score":500,"energy":30,"posx":10,"posy":5,"lastAction":5,"status":0},{"playerId":1879247,"score":409,"energy":4,"posx":2,"posy":3,"lastAction":1,"status":0},{"playerId":2299591,"score":359,"energy":25,"posx":0,"posy":1,"lastAction":2,"status":0},{"playerId":1658775,"score":284,"energy":10,"posx":9,"posy":2,"lastAction":1,"status":0}],"golds":[{"posx":9,"posy":0,"amount":400},{"posx":7,"posy":1,"amount":100},{"posx":13,"posy":1,"amount":400},{"posx":10,"posy":3,"amount":150},{"posx":11,"posy":3,"amount":650},{"posx":15,"posy":3,"amount":400},{"posx":18,"posy":3,"amount":450},{"posx":14,"posy":4,"amount":300},{"posx":16,"posy":4,"amount":350},{"posx":10,"posy":5,"amount":100},{"posx":13,"posy":6,"amount":50},{"posx":18,"posy":6,"amount":550},{"posx":14,"posy":7,"amount":150},{"posx":16,"posy":7,"amount":450},{"posx":9,"posy":8,"amount":50},{"posx":11,"posy":8,"amount":450}],"changedObstacles":[]},{"players":[{"playerId":67457,"score":550,"energy":25,"posx":10,"posy":5,"lastAction":5,"status":0},{"playerId":1879247,"score":409,"energy":3,"posx":3,"posy":3,"lastAction":1,"status":0},{"playerId":2299591,"score":359,"energy":24,"posx":1,"posy":1,"lastAction":1,"status":0},{"playerId":1658775,"score":284,"energy":22,"posx":9,"posy":2,"lastAction":4,"status":0}],"golds":[{"posx":9,"posy":0,"amount":400},{"posx":7,"posy":1,"amount":100},{"posx":13,"posy":1,"amount":400},{"posx":10,"posy":3,"amount":150},{"posx":11,"posy":3,"amount":650},{"posx":15,"posy":3,"amount":400},{"posx":18,"posy":3,"amount":450},{"posx":14,"posy":4,"amount":300},{"posx":16,"posy":4,"amount":350},{"posx":10,"posy":5,"amount":50},{"posx":13,"posy":6,"amount":50},{"posx":18,"posy":6,"amount":550},{"posx":14,"posy":7,"amount":150},{"posx":16,"posy":7,"amount":450},{"posx":9,"posy":8,"amount":50},{"posx":11,"posy":8,"amount":450}],"changedObstacles":[]},{"players":[{"playerId":67457,"score":600,"energy":20,"posx":10,"posy":5,"lastAction":5,"status":0},{"playerId":1879247,"score":409,"energy":2,"posx":4,"posy":3,"lastAction":1,"status":0},{"playerId":2299591,"score":359,"energy":23,"posx":2,"posy":1,"lastAction":1,"status":0},{"playerId":1658775,"score":284,"energy":21,"posx":10,"posy":2,"lastAction":1,"status":0}],"golds":[{"posx":9,"posy":0,"amount":400},{"posx":7,"posy":1,"amount":100},{"posx":13,"posy":1,"amount":400},{"posx":10,"posy":3,"amount":150},{"posx":11,"posy":3,"amount":650},{"posx":15,"posy":3,"amount":400},{"posx":18,"posy":3,"amount":450},{"posx":14,"posy":4,"amount":300},{"posx":16,"posy":4,"amount":350},{"posx":13,"posy":6,"amount":50},{"posx":18,"posy":6,"amount":550},{"posx":14,"posy":7,"amount":150},{"posx":16,"posy":7,"amount":450},{"posx":9,"posy":8,"amount":50},{"posx":11,"posy":8,"amount":450}],"changedObstacles":[{"type":0,"posx":10,"posy":5,"value":-1}]},{"players":[{"playerId":67457,"score":600,"energy":19,"posx":10,"posy":4,"lastAction":2,"status":0},{"playerId":1879247,"score":409,"energy":1,"posx":5,"posy":3,"lastAction":1,"status":0},{"playerId":2299591,"score":359,"energy":22,"posx":3,"posy":1,"lastAction":1,"status":0},{"playerId":1658775,"score":284,"energy":17,"posx":10,"posy":3,"lastAction":3,"status":0}],"golds":[{"posx":9,"posy":0,"amount":400},{"posx":7,"posy":1,"amount":100},{"posx":13,"posy":1,"amount":400},{"posx":10,"posy":3,"amount":150},{"posx":11,"posy":3,"amount":650},{"posx":15,"posy":3,"amount":400},{"posx":18,"posy":3,"amount":450},{"posx":14,"posy":4,"amount":300},{"posx":16,"posy":4,"amount":350},{"posx":13,"posy":6,"amount":50},{"posx":18,"posy":6,"amount":550},{"posx":14,"posy":7,"amount":150},{"posx":16,"posy":7,"amount":450},{"posx":9,"posy":8,"amount":50},{"posx":11,"posy":8,"amount":450}],"changedObstacles":[]},{"players":[{"playerId":67457,"score":600,"energy":18,"posx":11,"posy":4,"lastAction":1,"status":0},{"playerId":1879247,"score":409,"energy":13,"posx":5,"posy":3,"lastAction":4,"status":0},{"playerId":2299591,"score":359,"energy":21,"posx":4,"posy":1,"lastAction":1,"status":0},{"playerId":1658775,"score":334,"energy":12,"posx":10,"posy":3,"lastAction":5,"status":0}],"golds":[{"posx":9,"posy":0,"amount":400},{"posx":7,"posy":1,"amount":100},{"posx":13,"posy":1,"amount":400},{"posx":10,"posy":3,"amount":100},{"posx":11,"posy":3,"amount":650},{"posx":15,"posy":3,"amount":400},{"posx":18,"posy":3,"amount":450},{"posx":14,"posy":4,"amount":300},{"posx":16,"posy":4,"amount":350},{"posx":13,"posy":6,"amount":50},{"posx":18,"posy":6,"amount":550},{"posx":14,"posy":7,"amount":150},{"posx":16,"posy":7,"amount":450},{"posx":9,"posy":8,"amount":50},{"posx":11,"posy":8,"amount":450}],"changedObstacles":[]},{"players":[{"playerId":67457,"score":600,"energy":14,"posx":11,"posy":3,"lastAction":2,"status":0},{"playerId":1879247,"score":409,"energy":12,"posx":6,"posy":3,"lastAction":1,"status":0},{"playerId":2299591,"score":359,"energy":20,"posx":4,"posy":0,"lastAction":2,"status":0},{"playerId":1658775,"score":384,"energy":7,"posx":10,"posy":3,"lastAction":5,"status":0}],"golds":[{"posx":9,"posy":0,"amount":400},{"posx":7,"posy":1,"amount":100},{"posx":13,"posy":1,"amount":400},{"posx":10,"posy":3,"amount":50},{"posx":11,"posy":3,"amount":650},{"posx":15,"posy":3,"amount":400},{"posx":18,"posy":3,"amount":450},{"posx":14,"posy":4,"amount":300},{"posx":16,"posy":4,"amount":350},{"posx":13,"posy":6,"amount":50},{"posx":18,"posy":6,"amount":550},{"posx":14,"posy":7,"amount":150},{"posx":16,"posy":7,"amount":450},{"posx":9,"posy":8,"amount":50},{"posx":11,"posy":8,"amount":450}],"changedObstacles":[]},{"players":[{"playerId":67457,"score":650,"energy":9,"posx":11,"posy":3,"lastAction":5,"status":0},{"playerId":1879247,"score":409,"energy":11,"posx":7,"posy":3,"lastAction":1,"status":0},{"playerId":2299591,"score":359,"energy":19,"posx":5,"posy":0,"lastAction":1,"status":0},{"playerId":1658775,"score":434,"energy":2,"posx":10,"posy":3,"lastAction":5,"status":0}],"golds":[{"posx":9,"posy":0,"amount":400},{"posx":7,"posy":1,"amount":100},{"posx":13,"posy":1,"amount":400},{"posx":11,"posy":3,"amount":600},{"posx":15,"posy":3,"amount":400},{"posx":18,"posy":3,"amount":450},{"posx":14,"posy":4,"amount":300},{"posx":16,"posy":4,"amount":350},{"posx":13,"posy":6,"amount":50},{"posx":18,"posy":6,"amount":550},{"posx":14,"posy":7,"amount":150},{"posx":16,"posy":7,"amount":450},{"posx":9,"posy":8,"amount":50},{"posx":11,"posy":8,"amount":450}],"changedObstacles":[{"type":0,"posx":10,"posy":3,"value":-1}]},{"players":[{"playerId":67457,"score":700,"energy":4,"posx":11,"posy":3,"lastAction":5,"status":0},{"playerId":1879247,"score":409,"energy":10,"posx":7,"posy":2,"lastAction":2,"status":0},{"playerId":2299591,"score":359,"energy":31,"posx":5,"posy":0,"lastAction":4,"status":0},{"playerId":1658775,"score":434,"energy":14,"posx":10,"posy":3,"lastAction":4,"status":0}],"golds":[{"posx":9,"posy":0,"amount":400},{"posx":7,"posy":1,"amount":100},{"posx":13,"posy":1,"amount":400},{"posx":11,"posy":3,"amount":550},{"posx":15,"posy":3,"amount":400},{"posx":18,"posy":3,"amount":450},{"posx":14,"posy":4,"amount":300},{"posx":16,"posy":4,"amount":350},{"posx":13,"posy":6,"amount":50},{"posx":18,"posy":6,"amount":550},{"posx":14,"posy":7,"amount":150},{"posx":16,"posy":7,"amount":450},{"posx":9,"posy":8,"amount":50},{"posx":11,"posy":8,"amount":450}],"changedObstacles":[]},{"players":[{"playerId":67457,"score":700,"energy":16,"posx":11,"posy":3,"lastAction":4,"status":0},{"playerId":1879247,"score":409,"energy":6,"posx":7,"posy":1,"lastAction":2,"status":0},{"playerId":2299591,"score":359,"energy":30,"posx":6,"posy":0,"lastAction":1,"status":0},{"playerId":1658775,"score":434,"energy":10,"posx":11,"posy":3,"lastAction":1,"status":0}],"golds":[{"posx":9,"posy":0,"amount":400},{"posx":7,"posy":1,"amount":100},{"posx":13,"posy":1,"amount":400},{"posx":11,"posy":3,"amount":550},{"posx":15,"posy":3,"amount":400},{"posx":18,"posy":3,"amount":450},{"posx":14,"posy":4,"amount":300},{"posx":16,"posy":4,"amount":350},{"posx":13,"posy":6,"amount":50},{"posx":18,"posy":6,"amount":550},{"posx":14,"posy":7,"amount":150},{"posx":16,"posy":7,"amount":450},{"posx":9,"posy":8,"amount":50},{"posx":11,"posy":8,"amount":450}],"changedObstacles":[]},{"players":[{"playerId":67457,"score":750,"energy":11,"posx":11,"posy":3,"lastAction":5,"status":0},{"playerId":1879247,"score":459,"energy":1,"posx":7,"posy":1,"lastAction":5,"status":0},{"playerId":2299591,"score":359,"energy":29,"posx":7,"posy":0,"lastAction":1,"status":0},{"playerId":1658775,"score":484,"energy":5,"posx":11,"posy":3,"lastAction":5,"status":0}],"golds":[{"posx":9,"posy":0,"amount":400},{"posx":7,"posy":1,"amount":50},{"posx":13,"posy":1,"amount":400},{"posx":11,"posy":3,"amount":450},{"posx":15,"posy":3,"amount":400},{"posx":18,"posy":3,"amount":450},{"posx":14,"posy":4,"amount":300},{"posx":16,"posy":4,"amount":350},{"posx":13,"posy":6,"amount":50},{"posx":18,"posy":6,"amount":550},{"posx":14,"posy":7,"amount":150},{"posx":16,"posy":7,"amount":450},{"posx":9,"posy":8,"amount":50},{"posx":11,"posy":8,"amount":450}],"changedObstacles":[]},{"players":[{"playerId":67457,"score":800,"energy":6,"posx":11,"posy":3,"lastAction":5,"status":0},{"playerId":1879247,"score":459,"energy":13,"posx":7,"posy":1,"lastAction":4,"status":0},{"playerId":2299591,"score":359,"energy":28,"posx":8,"posy":0,"lastAction":1,"status":0},{"playerId":1658775,"score":484,"energy":17,"posx":11,"posy":3,"lastAction":4,"status":0}],"golds":[{"posx":9,"posy":0,"amount":400},{"posx":7,"posy":1,"amount":50},{"posx":13,"posy":1,"amount":400},{"posx":11,"posy":3,"amount":400},{"posx":15,"posy":3,"amount":400},{"posx":18,"posy":3,"amount":450},{"posx":14,"posy":4,"amount":300},{"posx":16,"posy":4,"amount":350},{"posx":13,"posy":6,"amount":50},{"posx":18,"posy":6,"amount":550},{"posx":14,"posy":7,"amount":150},{"posx":16,"posy":7,"amount":450},{"posx":9,"posy":8,"amount":50},{"posx":11,"posy":8,"amount":450}],"changedObstacles":[]},{"players":[{"playerId":67457,"score":850,"energy":1,"posx":11,"posy":3,"lastAction":5,"status":0},{"playerId":1879247,"score":509,"energy":8,"posx":7,"posy":1,"lastAction":5,"status":0},{"playerId":2299591,"score":359,"energy":24,"posx":9,"posy":0,"lastAction":1,"status":0},{"playerId":1658775,"score":534,"energy":12,"posx":11,"posy":3,"lastAction":5,"status":0}],"golds":[{"posx":9,"posy":0,"amount":400},{"posx":13,"posy":1,"amount":400},{"posx":11,"posy":3,"amount":300},{"posx":15,"posy":3,"amount":400},{"posx":18,"posy":3,"amount":450},{"posx":14,"posy":4,"amount":300},{"posx":16,"posy":4,"amount":350},{"posx":13,"posy":6,"amount":50},{"posx":18,"posy":6,"amount":550},{"posx":14,"posy":7,"amount":150},{"posx":16,"posy":7,"amount":450},{"posx":9,"posy":8,"amount":50},{"posx":11,"posy":8,"amount":450}],"changedObstacles":[{"type":0,"posx":7,"posy":1,"value":-1}]},{"players":[{"playerId":67457,"score":850,"energy":13,"posx":11,"posy":3,"lastAction":4,"status":0},{"playerId":1879247,"score":509,"energy":7,"posx":8,"posy":1,"lastAction":1,"status":0},{"playerId":2299591,"score":409,"energy":19,"posx":9,"posy":0,"lastAction":5,"status":0},{"playerId":1658775,"score":584,"energy":7,"posx":11,"posy":3,"lastAction":5,"status":0}],"golds":[{"posx":9,"posy":0,"amount":350},{"posx":13,"posy":1,"amount":400},{"posx":11,"posy":3,"amount":250},{"posx":15,"posy":3,"amount":400},{"posx":18,"posy":3,"amount":450},{"posx":14,"posy":4,"amount":300},{"posx":16,"posy":4,"amount":350},{"posx":13,"posy":6,"amount":50},{"posx":18,"posy":6,"amount":550},{"posx":14,"posy":7,"amount":150},{"posx":16,"posy":7,"amount":450},{"posx":9,"posy":8,"amount":50},{"posx":11,"posy":8,"amount":450}],"changedObstacles":[]},{"players":[{"playerId":67457,"score":900,"energy":8,"posx":11,"posy":3,"lastAction":5,"status":0},{"playerId":1879247,"score":509,"energy":6,"posx":9,"posy":1,"lastAction":1,"status":0},{"playerId":2299591,"score":459,"energy":14,"posx":9,"posy":0,"lastAction":5,"status":0},{"playerId":1658775,"score":634,"energy":2,"posx":11,"posy":3,"lastAction":5,"status":0}],"golds":[{"posx":9,"posy":0,"amount":300},{"posx":13,"posy":1,"amount":400},{"posx":11,"posy":3,"amount":150},{"posx":15,"posy":3,"amount":400},{"posx":18,"posy":3,"amount":450},{"posx":14,"posy":4,"amount":300},{"posx":16,"posy":4,"amount":350},{"posx":13,"posy":6,"amount":50},{"posx":18,"posy":6,"amount":550},{"posx":14,"posy":7,"amount":150},{"posx":16,"posy":7,"amount":450},{"posx":9,"posy":8,"amount":50},{"posx":11,"posy":8,"amount":450}],"changedObstacles":[]},{"players":[{"playerId":67457,"score":950,"energy":3,"posx":11,"posy":3,"lastAction":5,"status":0},{"playerId":1879247,"score":509,"energy":2,"posx":9,"posy":0,"lastAction":2,"status":0},{"playerId":2299591,"score":509,"energy":9,"posx":9,"posy":0,"lastAction":5,"status":0},{"playerId":1658775,"score":634,"energy":14,"posx":11,"posy":3,"lastAction":4,"status":0}],"golds":[{"posx":9,"posy":0,"amount":250},{"posx":13,"posy":1,"amount":400},{"posx":11,"posy":3,"amount":100},{"posx":15,"posy":3,"amount":400},{"posx":18,"posy":3,"amount":450},{"posx":14,"posy":4,"amount":300},{"posx":16,"posy":4,"amount":350},{"posx":13,"posy":6,"amount":50},{"posx":18,"posy":6,"amount":550},{"posx":14,"posy":7,"amount":150},{"posx":16,"posy":7,"amount":450},{"posx":9,"posy":8,"amount":50},{"posx":11,"posy":8,"amount":450}],"changedObstacles":[]},{"players":[{"playerId":67457,"score":950,"energy":15,"posx":11,"posy":3,"lastAction":4,"status":0},{"playerId":1879247,"score":509,"energy":14,"posx":9,"posy":0,"lastAction":4,"status":0},{"playerId":2299591,"score":559,"energy":4,"posx":9,"posy":0,"lastAction":5,"status":0},{"playerId":1658775,"score":684,"energy":9,"posx":11,"posy":3,"lastAction":5,"status":0}],"golds":[{"posx":9,"posy":0,"amount":200},{"posx":13,"posy":1,"amount":400},{"posx":11,"posy":3,"amount":50},{"posx":15,"posy":3,"amount":400},{"posx":18,"posy":3,"amount":450},{"posx":14,"posy":4,"amount":300},{"posx":16,"posy":4,"amount":350},{"posx":13,"posy":6,"amount":50},{"posx":18,"posy":6,"amount":550},{"posx":14,"posy":7,"amount":150},{"posx":16,"posy":7,"amount":450},{"posx":9,"posy":8,"amount":50},{"posx":11,"posy":8,"amount":450}],"changedObstacles":[]},{"players":[{"playerId":67457,"score":975,"energy":10,"posx":11,"posy":3,"lastAction":5,"status":0},{"playerId":1879247,"score":559,"energy":9,"posx":9,"posy":0,"lastAction":5,"status":0},{"playerId":2299591,"score":559,"energy":16,"posx":9,"posy":0,"lastAction":4,"status":0},{"playerId":1658775,"score":709,"energy":4,"posx":11,"posy":3,"lastAction":5,"status":0}],"golds":[{"posx":9,"posy":0,"amount":150},{"posx":13,"posy":1,"amount":400},{"posx":15,"posy":3,"amount":400},{"posx":18,"posy":3,"amount":450},{"posx":14,"posy":4,"amount":300},{"posx":16,"posy":4,"amount":350},{"posx":13,"posy":6,"amount":50},{"posx":18,"posy":6,"amount":550},{"posx":14,"posy":7,"amount":150},{"posx":16,"posy":7,"amount":450},{"posx":9,"posy":8,"amount":50},{"posx":11,"posy":8,"amount":450}],"changedObstacles":[{"type":0,"posx":11,"posy":3,"value":-1}]},{"players":[{"playerId":67457,"score":975,"energy":22,"posx":11,"posy":3,"lastAction":4,"status":0},{"playerId":1879247,"score":609,"energy":4,"posx":9,"posy":0,"lastAction":5,"status":0},{"playerId":2299591,"score":609,"energy":11,"posx":9,"posy":0,"lastAction":5,"status":0},{"playerId":1658775,"score":709,"energy":16,"posx":11,"posy":3,"lastAction":4,"status":0}],"golds":[{"posx":9,"posy":0,"amount":50},{"posx":13,"posy":1,"amount":400},{"posx":15,"posy":3,"amount":400},{"posx":18,"posy":3,"amount":450},{"posx":14,"posy":4,"amount":300},{"posx":16,"posy":4,"amount":350},{"posx":13,"posy":6,"amount":50},{"posx":18,"posy":6,"amount":550},{"posx":14,"posy":7,"amount":150},{"posx":16,"posy":7,"amount":450},{"posx":9,"posy":8,"amount":50},{"posx":11,"posy":8,"amount":450}],"changedObstacles":[]},{"players":[{"playerId":67457,"score":975,"energy":38,"posx":11,"posy":3,"lastAction":4,"status":0},{"playerId":1879247,"score":609,"energy":16,"posx":9,"posy":0,"lastAction":4,"status":0},{"playerId":2299591,"score":659,"energy":6,"posx":9,"posy":0,"lastAction":5,"status":0},{"playerId":1658775,"score":709,"energy":15,"posx":12,"posy":3,"lastAction":1,"status":0}],"golds":[{"posx":13,"posy":1,"amount":400},{"posx":15,"posy":3,"amount":400},{"posx":18,"posy":3,"amount":450},{"posx":14,"posy":4,"amount":300},{"posx":16,"posy":4,"amount":350},{"posx":13,"posy":6,"amount":50},{"posx":18,"posy":6,"amount":550},{"posx":14,"posy":7,"amount":150},{"posx":16,"posy":7,"amount":450},{"posx":9,"posy":8,"amount":50},{"posx":11,"posy":8,"amount":450}],"changedObstacles":[{"type":0,"posx":9,"posy":0,"value":-1}]},{"players":[{"playerId":67457,"score":975,"energy":37,"posx":11,"posy":4,"lastAction":3,"status":0},{"playerId":1879247,"score":609,"energy":15,"posx":10,"posy":0,"lastAction":1,"status":0},{"playerId":2299591,"score":659,"energy":18,"posx":9,"posy":0,"lastAction":4,"status":0},{"playerId":1658775,"score":709,"energy":14,"posx":13,"posy":3,"lastAction":1,"status":0}],"golds":[{"posx":13,"posy":1,"amount":400},{"posx":15,"posy":3,"amount":400},{"posx":18,"posy":3,"amount":450},{"posx":14,"posy":4,"amount":300},{"posx":16,"posy":4,"amount":350},{"posx":13,"posy":6,"amount":50},{"posx":18,"posy":6,"amount":550},{"posx":14,"posy":7,"amount":150},{"posx":16,"posy":7,"amount":450},{"posx":9,"posy":8,"amount":50},{"posx":11,"posy":8,"amount":450}],"changedObstacles":[]},{"players":[{"playerId":67457,"score":975,"energy":27,"posx":11,"posy":5,"lastAction":3,"status":0},{"playerId":1879247,"score":609,"energy":14,"posx":11,"posy":0,"lastAction":1,"status":0},{"playerId":2299591,"score":659,"energy":34,"posx":9,"posy":0,"lastAction":4,"status":0},{"playerId":1658775,"score":709,"energy":13,"posx":14,"posy":3,"lastAction":1,"status":0}],"golds":[{"posx":13,"posy":1,"amount":400},{"posx":15,"posy":3,"amount":400},{"posx":18,"posy":3,"amount":450},{"posx":14,"posy":4,"amount":300},{"posx":16,"posy":4,"amount":350},{"posx":13,"posy":6,"amount":50},{"posx":18,"posy":6,"amount":550},{"posx":14,"posy":7,"amount":150},{"posx":16,"posy":7,"amount":450},{"posx":9,"posy":8,"amount":50},{"posx":11,"posy":8,"amount":450}],"changedObstacles":[{"type":0,"posx":11,"posy":5,"value":-1}]},{"players":[{"playerId":67457,"score":975,"energy":26,"posx":11,"posy":6,"lastAction":3,"status":0},{"playerId":1879247,"score":609,"energy":13,"posx":12,"posy":0,"lastAction":1,"status":0},{"playerId":2299591,"score":659,"energy":33,"posx":10,"posy":0,"lastAction":1,"status":0},{"playerId":1658775,"score":709,"energy":13,"posx":14,"posy":3,"lastAction":1,"status":3}],"golds":[{"posx":13,"posy":1,"amount":400},{"posx":15,"posy":3,"amount":400},{"posx":18,"posy":3,"amount":450},{"posx":14,"posy":4,"amount":300},{"posx":16,"posy":4,"amount":350},{"posx":13,"posy":6,"amount":50},{"posx":18,"posy":6,"amount":550},{"posx":14,"posy":7,"amount":150},{"posx":16,"posy":7,"amount":450},{"posx":9,"posy":8,"amount":50},{"posx":11,"posy":8,"amount":450}],"changedObstacles":[]},{"players":[{"playerId":67457,"score":975,"energy":25,"posx":11,"posy":7,"lastAction":3,"status":0},{"playerId":1879247,"score":609,"energy":13,"posx":12,"posy":0,"lastAction":1,"status":3},{"playerId":2299591,"score":659,"energy":32,"posx":11,"posy":0,"lastAction":1,"status":0},{"playerId":1658775,"score":709,"energy":13,"posx":14,"posy":3,"lastAction":6,"status":3}],"golds":[{"posx":13,"posy":1,"amount":400},{"posx":15,"posy":3,"amount":400},{"posx":18,"posy":3,"amount":450},{"posx":14,"posy":4,"amount":300},{"posx":16,"posy":4,"amount":350},{"posx":13,"posy":6,"amount":50},{"posx":18,"posy":6,"amount":550},{"posx":14,"posy":7,"amount":150},{"posx":16,"posy":7,"amount":450},{"posx":9,"posy":8,"amount":50},{"posx":11,"posy":8,"amount":450}],"changedObstacles":[]},{"players":[{"playerId":67457,"score":975,"energy":21,"posx":11,"posy":8,"lastAction":3,"status":0},{"playerId":1879247,"score":609,"energy":13,"posx":12,"posy":0,"lastAction":6,"status":3},{"playerId":2299591,"score":659,"energy":31,"posx":12,"posy":0,"lastAction":1,"status":0},{"playerId":1658775,"score":709,"energy":13,"posx":14,"posy":3,"lastAction":6,"status":3}],"golds":[{"posx":13,"posy":1,"amount":400},{"posx":15,"posy":3,"amount":400},{"posx":18,"posy":3,"amount":450},{"posx":14,"posy":4,"amount":300},{"posx":16,"posy":4,"amount":350},{"posx":13,"posy":6,"amount":50},{"posx":18,"posy":6,"amount":550},{"posx":14,"posy":7,"amount":150},{"posx":16,"posy":7,"amount":450},{"posx":9,"posy":8,"amount":50},{"posx":11,"posy":8,"amount":450}],"changedObstacles":[]},{"players":[{"playerId":67457,"score":1025,"energy":16,"posx":11,"posy":8,"lastAction":5,"status":0},{"playerId":1879247,"score":609,"energy":13,"posx":12,"posy":0,"lastAction":6,"status":3},{"playerId":2299591,"score":659,"energy":30,"posx":13,"posy":0,"lastAction":1,"status":0},{"playerId":1658775,"score":709,"energy":13,"posx":14,"posy":3,"lastAction":6,"status":3}],"golds":[{"posx":13,"posy":1,"amount":400},{"posx":15,"posy":3,"amount":400},{"posx":18,"posy":3,"amount":450},{"posx":14,"posy":4,"amount":300},{"posx":16,"posy":4,"amount":350},{"posx":13,"posy":6,"amount":50},{"posx":18,"posy":6,"amount":550},{"posx":14,"posy":7,"amount":150},{"posx":16,"posy":7,"amount":450},{"posx":9,"posy":8,"amount":50},{"posx":11,"posy":8,"amount":400}],"changedObstacles":[]},{"players":[{"playerId":67457,"score":1075,"energy":11,"posx":11,"posy":8,"lastAction":5,"status":0},{"playerId":1879247,"score":609,"energy":13,"posx":12,"posy":0,"lastAction":6,"status":3},{"playerId":2299591,"score":659,"energy":26,"posx":13,"posy":1,"lastAction":3,"status":0},{"playerId":1658775,"score":709,"energy":13,"posx":14,"posy":3,"lastAction":6,"status":3}],"golds":[{"posx":13,"posy":1,"amount":400},{"posx":15,"posy":3,"amount":400},{"posx":18,"posy":3,"amount":450},{"posx":14,"posy":4,"amount":300},{"posx":16,"posy":4,"amount":350},{"posx":13,"posy":6,"amount":50},{"posx":18,"posy":6,"amount":550},{"posx":14,"posy":7,"amount":150},{"posx":16,"posy":7,"amount":450},{"posx":9,"posy":8,"amount":50},{"posx":11,"posy":8,"amount":350}],"changedObstacles":[]},{"players":[{"playerId":67457,"score":1125,"energy":6,"posx":11,"posy":8,"lastAction":5,"status":0},{"playerId":1879247,"score":609,"energy":13,"posx":12,"posy":0,"lastAction":6,"status":3},{"playerId":2299591,"score":709,"energy":21,"posx":13,"posy":1,"lastAction":5,"status":0},{"playerId":1658775,"score":709,"energy":13,"posx":14,"posy":3,"lastAction":6,"status":3}],"golds":[{"posx":13,"posy":1,"amount":350},{"posx":15,"posy":3,"amount":400},{"posx":18,"posy":3,"amount":450},{"posx":14,"posy":4,"amount":300},{"posx":16,"posy":4,"amount":350},{"posx":13,"posy":6,"amount":50},{"posx":18,"posy":6,"amount":550},{"posx":14,"posy":7,"amount":150},{"posx":16,"posy":7,"amount":450},{"posx":9,"posy":8,"amount":50},{"posx":11,"posy":8,"amount":300}],"changedObstacles":[]},{"players":[{"playerId":67457,"score":1175,"energy":1,"posx":11,"posy":8,"lastAction":5,"status":0},{"playerId":1879247,"score":609,"energy":13,"posx":12,"posy":0,"lastAction":6,"status":3},{"playerId":2299591,"score":759,"energy":16,"posx":13,"posy":1,"lastAction":5,"status":0},{"playerId":1658775,"score":709,"energy":13,"posx":14,"posy":3,"lastAction":6,"status":3}],"golds":[{"posx":13,"posy":1,"amount":300},{"posx":15,"posy":3,"amount":400},{"posx":18,"posy":3,"amount":450},{"posx":14,"posy":4,"amount":300},{"posx":16,"posy":4,"amount":350},{"posx":13,"posy":6,"amount":50},{"posx":18,"posy":6,"amount":550},{"posx":14,"posy":7,"amount":150},{"posx":16,"posy":7,"amount":450},{"posx":9,"posy":8,"amount":50},{"posx":11,"posy":8,"amount":250}],"changedObstacles":[]},{"players":[{"playerId":67457,"score":1175,"energy":13,"posx":11,"posy":8,"lastAction":4,"status":0},{"playerId":1879247,"score":609,"energy":13,"posx":12,"posy":0,"lastAction":6,"status":3},{"playerId":2299591,"score":809,"energy":11,"posx":13,"posy":1,"lastAction":5,"status":0},{"playerId":1658775,"score":709,"energy":13,"posx":14,"posy":3,"lastAction":6,"status":3}],"golds":[{"posx":13,"posy":1,"amount":250},{"posx":15,"posy":3,"amount":400},{"posx":18,"posy":3,"amount":450},{"posx":14,"posy":4,"amount":300},{"posx":16,"posy":4,"amount":350},{"posx":13,"posy":6,"amount":50},{"posx":18,"posy":6,"amount":550},{"posx":14,"posy":7,"amount":150},{"posx":16,"posy":7,"amount":450},{"posx":9,"posy":8,"amount":50},{"posx":11,"posy":8,"amount":250}],"changedObstacles":[]},{"players":[{"playerId":67457,"score":1175,"energy":29,"posx":11,"posy":8,"lastAction":4,"status":0},{"playerId":1879247,"score":609,"energy":13,"posx":12,"posy":0,"lastAction":6,"status":3},{"playerId":2299591,"score":859,"energy":6,"posx":13,"posy":1,"lastAction":5,"status":0},{"playerId":1658775,"score":709,"energy":13,"posx":14,"posy":3,"lastAction":6,"status":3}],"golds":[{"posx":13,"posy":1,"amount":200},{"posx":15,"posy":3,"amount":400},{"posx":18,"posy":3,"amount":450},{"posx":14,"posy":4,"amount":300},{"posx":16,"posy":4,"amount":350},{"posx":13,"posy":6,"amount":50},{"posx":18,"posy":6,"amount":550},{"posx":14,"posy":7,"amount":150},{"posx":16,"posy":7,"amount":450},{"posx":9,"posy":8,"amount":50},{"posx":11,"posy":8,"amount":250}],"changedObstacles":[]},{"players":[{"playerId":67457,"score":1175,"energy":50,"posx":11,"posy":8,"lastAction":4,"status":0},{"playerId":1879247,"score":609,"energy":13,"posx":12,"posy":0,"lastAction":6,"status":3},{"playerId":2299591,"score":909,"energy":1,"posx":13,"posy":1,"lastAction":5,"status":0},{"playerId":1658775,"score":709,"energy":13,"posx":14,"posy":3,"lastAction":6,"status":3}],"golds":[{"posx":13,"posy":1,"amount":150},{"posx":15,"posy":3,"amount":400},{"posx":18,"posy":3,"amount":450},{"posx":14,"posy":4,"amount":300},{"posx":16,"posy":4,"amount":350},{"posx":13,"posy":6,"amount":50},{"posx":18,"posy":6,"amount":550},{"posx":14,"posy":7,"amount":150},{"posx":16,"posy":7,"amount":450},{"posx":9,"posy":8,"amount":50},{"posx":11,"posy":8,"amount":250}],"changedObstacles":[]},{"players":[{"playerId":67457,"score":1225,"energy":45,"posx":11,"posy":8,"lastAction":5,"status":0},{"playerId":1879247,"score":609,"energy":13,"posx":12,"posy":0,"lastAction":6,"status":3},{"playerId":2299591,"score":909,"energy":13,"posx":13,"posy":1,"lastAction":4,"status":0},{"playerId":1658775,"score":709,"energy":13,"posx":14,"posy":3,"lastAction":6,"status":3}],"golds":[{"posx":13,"posy":1,"amount":150},{"posx":15,"posy":3,"amount":400},{"posx":18,"posy":3,"amount":450},{"posx":14,"posy":4,"amount":300},{"posx":16,"posy":4,"amount":350},{"posx":13,"posy":6,"amount":50},{"posx":18,"posy":6,"amount":550},{"posx":14,"posy":7,"amount":150},{"posx":16,"posy":7,"amount":450},{"posx":9,"posy":8,"amount":50},{"posx":11,"posy":8,"amount":200}],"changedObstacles":[]},{"players":[{"playerId":67457,"score":1275,"energy":40,"posx":11,"posy":8,"lastAction":5,"status":0},{"playerId":1879247,"score":609,"energy":13,"posx":12,"posy":0,"lastAction":6,"status":3},{"playerId":2299591,"score":959,"energy":8,"posx":13,"posy":1,"lastAction":5,"status":0},{"playerId":1658775,"score":709,"energy":13,"posx":14,"posy":3,"lastAction":6,"status":3}],"golds":[{"posx":13,"posy":1,"amount":100},{"posx":15,"posy":3,"amount":400},{"posx":18,"posy":3,"amount":450},{"posx":14,"posy":4,"amount":300},{"posx":16,"posy":4,"amount":350},{"posx":13,"posy":6,"amount":50},{"posx":18,"posy":6,"amount":550},{"posx":14,"posy":7,"amount":150},{"posx":16,"posy":7,"amount":450},{"posx":9,"posy":8,"amount":50},{"posx":11,"posy":8,"amount":150}],"changedObstacles":[]},{"players":[{"playerId":67457,"score":1325,"energy":35,"posx":11,"posy":8,"lastAction":5,"status":0},{"playerId":1879247,"score":609,"energy":13,"posx":12,"posy":0,"lastAction":6,"status":3},{"playerId":2299591,"score":1009,"energy":3,"posx":13,"posy":1,"lastAction":5,"status":0},{"playerId":1658775,"score":709,"energy":13,"posx":14,"posy":3,"lastAction":6,"status":3}],"golds":[{"posx":13,"posy":1,"amount":50},{"posx":15,"posy":3,"amount":400},{"posx":18,"posy":3,"amount":450},{"posx":14,"posy":4,"amount":300},{"posx":16,"posy":4,"amount":350},{"posx":13,"posy":6,"amount":50},{"posx":18,"posy":6,"amount":550},{"posx":14,"posy":7,"amount":150},{"posx":16,"posy":7,"amount":450},{"posx":9,"posy":8,"amount":50},{"posx":11,"posy":8,"amount":100}],"changedObstacles":[]},{"players":[{"playerId":67457,"score":1375,"energy":30,"posx":11,"posy":8,"lastAction":5,"status":0},{"playerId":1879247,"score":609,"energy":13,"posx":12,"posy":0,"lastAction":6,"status":3},{"playerId":2299591,"score":1009,"energy":15,"posx":13,"posy":1,"lastAction":4,"status":0},{"playerId":1658775,"score":709,"energy":13,"posx":14,"posy":3,"lastAction":6,"status":3}],"golds":[{"posx":13,"posy":1,"amount":50},{"posx":15,"posy":3,"amount":400},{"posx":18,"posy":3,"amount":450},{"posx":14,"posy":4,"amount":300},{"posx":16,"posy":4,"amount":350},{"posx":13,"posy":6,"amount":50},{"posx":18,"posy":6,"amount":550},{"posx":14,"posy":7,"amount":150},{"posx":16,"posy":7,"amount":450},{"posx":9,"posy":8,"amount":50},{"posx":11,"posy":8,"amount":50}],"changedObstacles":[]},{"players":[{"playerId":67457,"score":1425,"energy":25,"posx":11,"posy":8,"lastAction":5,"status":0},{"playerId":1879247,"score":609,"energy":13,"posx":12,"posy":0,"lastAction":6,"status":3},{"playerId":2299591,"score":1059,"energy":10,"posx":13,"posy":1,"lastAction":5,"status":0},{"playerId":1658775,"score":709,"energy":13,"posx":14,"posy":3,"lastAction":6,"status":3}],"golds":[{"posx":15,"posy":3,"amount":400},{"posx":18,"posy":3,"amount":450},{"posx":14,"posy":4,"amount":300},{"posx":16,"posy":4,"amount":350},{"posx":13,"posy":6,"amount":50},{"posx":18,"posy":6,"amount":550},{"posx":14,"posy":7,"amount":150},{"posx":16,"posy":7,"amount":450},{"posx":9,"posy":8,"amount":50}],"changedObstacles":[{"type":0,"posx":13,"posy":1,"value":-1},{"type":0,"posx":11,"posy":8,"value":-1}]},{"players":[{"playerId":67457,"score":1425,"energy":15,"posx":10,"posy":8,"lastAction":0,"status":0},{"playerId":1879247,"score":609,"energy":13,"posx":12,"posy":0,"lastAction":6,"status":3},{"playerId":2299591,"score":1059,"energy":22,"posx":13,"posy":1,"lastAction":4,"status":0},{"playerId":1658775,"score":709,"energy":13,"posx":14,"posy":3,"lastAction":6,"status":3}],"golds":[{"posx":15,"posy":3,"amount":400},{"posx":18,"posy":3,"amount":450},{"posx":14,"posy":4,"amount":300},{"posx":16,"posy":4,"amount":350},{"posx":13,"posy":6,"amount":50},{"posx":18,"posy":6,"amount":550},{"posx":14,"posy":7,"amount":150},{"posx":16,"posy":7,"amount":450},{"posx":9,"posy":8,"amount":50}],"changedObstacles":[{"type":0,"posx":10,"posy":8,"value":-1}]},{"players":[{"playerId":67457,"score":1425,"energy":11,"posx":9,"posy":8,"lastAction":0,"status":0},{"playerId":1879247,"score":609,"energy":13,"posx":12,"posy":0,"lastAction":6,"status":3},{"playerId":2299591,"score":1059,"energy":21,"posx":14,"posy":1,"lastAction":1,"status":0},{"playerId":1658775,"score":709,"energy":13,"posx":14,"posy":3,"lastAction":6,"status":3}],"golds":[{"posx":15,"posy":3,"amount":400},{"posx":18,"posy":3,"amount":450},{"posx":14,"posy":4,"amount":300},{"posx":16,"posy":4,"amount":350},{"posx":13,"posy":6,"amount":50},{"posx":18,"posy":6,"amount":550},{"posx":14,"posy":7,"amount":150},{"posx":16,"posy":7,"amount":450},{"posx":9,"posy":8,"amount":50}],"changedObstacles":[]},{"players":[{"playerId":67457,"score":1475,"energy":6,"posx":9,"posy":8,"lastAction":5,"status":0},{"playerId":1879247,"score":609,"energy":13,"posx":12,"posy":0,"lastAction":6,"status":3},{"playerId":2299591,"score":1059,"energy":20,"posx":15,"posy":1,"lastAction":1,"status":0},{"playerId":1658775,"score":709,"energy":13,"posx":14,"posy":3,"lastAction":6,"status":3}],"golds":[{"posx":15,"posy":3,"amount":400},{"posx":18,"posy":3,"amount":450},{"posx":14,"posy":4,"amount":300},{"posx":16,"posy":4,"amount":350},{"posx":13,"posy":6,"amount":50},{"posx":18,"posy":6,"amount":550},{"posx":14,"posy":7,"amount":150},{"posx":16,"posy":7,"amount":450}],"changedObstacles":[{"type":0,"posx":9,"posy":8,"value":-1}]},{"players":[{"playerId":67457,"score":1475,"energy":5,"posx":10,"posy":8,"lastAction":1,"status":0},{"playerId":1879247,"score":609,"energy":13,"posx":12,"posy":0,"lastAction":6,"status":3},{"playerId":2299591,"score":1059,"energy":19,"posx":15,"posy":2,"lastAction":3,"status":0},{"playerId":1658775,"score":709,"energy":13,"posx":14,"posy":3,"lastAction":6,"status":3}],"golds":[{"posx":15,"posy":3,"amount":400},{"posx":18,"posy":3,"amount":450},{"posx":14,"posy":4,"amount":300},{"posx":16,"posy":4,"amount":350},{"posx":13,"posy":6,"amount":50},{"posx":18,"posy":6,"amount":550},{"posx":14,"posy":7,"amount":150},{"posx":16,"posy":7,"amount":450}],"changedObstacles":[]},{"players":[{"playerId":67457,"score":1475,"energy":4,"posx":11,"posy":8,"lastAction":1,"status":0},{"playerId":1879247,"score":609,"energy":13,"posx":12,"posy":0,"lastAction":6,"status":3},{"playerId":2299591,"score":1059,"energy":31,"posx":15,"posy":2,"lastAction":4,"status":0},{"playerId":1658775,"score":709,"energy":13,"posx":14,"posy":3,"lastAction":6,"status":3}],"golds":[{"posx":15,"posy":3,"amount":400},{"posx":18,"posy":3,"amount":450},{"posx":14,"posy":4,"amount":300},{"posx":16,"posy":4,"amount":350},{"posx":13,"posy":6,"amount":50},{"posx":18,"posy":6,"amount":550},{"posx":14,"posy":7,"amount":150},{"posx":16,"posy":7,"amount":450}],"changedObstacles":[]},{"players":[{"playerId":67457,"score":1475,"energy":3,"posx":12,"posy":8,"lastAction":1,"status":0},{"playerId":1879247,"score":609,"energy":13,"posx":12,"posy":0,"lastAction":6,"status":3},{"playerId":2299591,"score":1059,"energy":27,"posx":15,"posy":3,"lastAction":3,"status":0},{"playerId":1658775,"score":709,"energy":13,"posx":14,"posy":3,"lastAction":6,"status":3}],"golds":[{"posx":15,"posy":3,"amount":400},{"posx":18,"posy":3,"amount":450},{"posx":14,"posy":4,"amount":300},{"posx":16,"posy":4,"amount":350},{"posx":13,"posy":6,"amount":50},{"posx":18,"posy":6,"amount":550},{"posx":14,"posy":7,"amount":150},{"posx":16,"posy":7,"amount":450}],"changedObstacles":[]},{"players":[{"playerId":67457,"score":1475,"energy":2,"posx":13,"posy":8,"lastAction":1,"status":0},{"playerId":1879247,"score":609,"energy":13,"posx":12,"posy":0,"lastAction":6,"status":3},{"playerId":2299591,"score":1109,"energy":22,"posx":15,"posy":3,"lastAction":5,"status":0},{"playerId":1658775,"score":709,"energy":13,"posx":14,"posy":3,"lastAction":6,"status":3}],"golds":[{"posx":15,"posy":3,"amount":350},{"posx":18,"posy":3,"amount":450},{"posx":14,"posy":4,"amount":300},{"posx":16,"posy":4,"amount":350},{"posx":13,"posy":6,"amount":50},{"posx":18,"posy":6,"amount":550},{"posx":14,"posy":7,"amount":150},{"posx":16,"posy":7,"amount":450}],"changedObstacles":[]},{"players":[{"playerId":67457,"score":1475,"energy":1,"posx":14,"posy":8,"lastAction":1,"status":0},{"playerId":1879247,"score":609,"energy":13,"posx":12,"posy":0,"lastAction":6,"status":3},{"playerId":2299591,"score":1159,"energy":17,"posx":15,"posy":3,"lastAction":5,"status":0},{"playerId":1658775,"score":709,"energy":13,"posx":14,"posy":3,"lastAction":6,"status":3}],"golds":[{"posx":15,"posy":3,"amount":300},{"posx":18,"posy":3,"amount":450},{"posx":14,"posy":4,"amount":300},{"posx":16,"posy":4,"amount":350},{"posx":13,"posy":6,"amount":50},{"posx":18,"posy":6,"amount":550},{"posx":14,"posy":7,"amount":150},{"posx":16,"posy":7,"amount":450}],"changedObstacles":[]},{"players":[{"playerId":67457,"score":1475,"energy":13,"posx":14,"posy":8,"lastAction":4,"status":0},{"playerId":1879247,"score":609,"energy":13,"posx":12,"posy":0,"lastAction":6,"status":3},{"playerId":2299591,"score":1209,"energy":12,"posx":15,"posy":3,"lastAction":5,"status":0},{"playerId":1658775,"score":709,"energy":13,"posx":14,"posy":3,"lastAction":6,"status":3}],"golds":[{"posx":15,"posy":3,"amount":250},{"posx":18,"posy":3,"amount":450},{"posx":14,"posy":4,"amount":300},{"posx":16,"posy":4,"amount":350},{"posx":13,"posy":6,"amount":50},{"posx":18,"posy":6,"amount":550},{"posx":14,"posy":7,"amount":150},{"posx":16,"posy":7,"amount":450}],"changedObstacles":[]},{"players":[{"playerId":67457,"score":1475,"energy":29,"posx":14,"posy":8,"lastAction":4,"status":0},{"playerId":1879247,"score":609,"energy":13,"posx":12,"posy":0,"lastAction":6,"status":3},{"playerId":2299591,"score":1259,"energy":7,"posx":15,"posy":3,"lastAction":5,"status":0},{"playerId":1658775,"score":709,"energy":13,"posx":14,"posy":3,"lastAction":6,"status":3}],"golds":[{"posx":15,"posy":3,"amount":200},{"posx":18,"posy":3,"amount":450},{"posx":14,"posy":4,"amount":300},{"posx":16,"posy":4,"amount":350},{"posx":13,"posy":6,"amount":50},{"posx":18,"posy":6,"amount":550},{"posx":14,"posy":7,"amount":150},{"posx":16,"posy":7,"amount":450}],"changedObstacles":[]},{"players":[{"playerId":67457,"score":1475,"energy":50,"posx":14,"posy":8,"lastAction":4,"status":0},{"playerId":1879247,"score":609,"energy":13,"posx":12,"posy":0,"lastAction":6,"status":3},{"playerId":2299591,"score":1309,"energy":2,"posx":15,"posy":3,"lastAction":5,"status":0},{"playerId":1658775,"score":709,"energy":13,"posx":14,"posy":3,"lastAction":6,"status":3}],"golds":[{"posx":15,"posy":3,"amount":150},{"posx":18,"posy":3,"amount":450},{"posx":14,"posy":4,"amount":300},{"posx":16,"posy":4,"amount":350},{"posx":13,"posy":6,"amount":50},{"posx":18,"posy":6,"amount":550},{"posx":14,"posy":7,"amount":150},{"posx":16,"posy":7,"amount":450}],"changedObstacles":[]},{"players":[{"playerId":67457,"score":1475,"energy":49,"posx":15,"posy":8,"lastAction":1,"status":0},{"playerId":1879247,"score":609,"energy":13,"posx":12,"posy":0,"lastAction":6,"status":3},{"playerId":2299591,"score":1309,"energy":14,"posx":15,"posy":3,"lastAction":4,"status":0},{"playerId":1658775,"score":709,"energy":13,"posx":14,"posy":3,"lastAction":6,"status":3}],"golds":[{"posx":15,"posy":3,"amount":150},{"posx":18,"posy":3,"amount":450},{"posx":14,"posy":4,"amount":300},{"posx":16,"posy":4,"amount":350},{"posx":13,"posy":6,"amount":50},{"posx":18,"posy":6,"amount":550},{"posx":14,"posy":7,"amount":150},{"posx":16,"posy":7,"amount":450}],"changedObstacles":[]},{"players":[{"playerId":67457,"score":1475,"energy":48,"posx":15,"posy":7,"lastAction":2,"status":0},{"playerId":1879247,"score":609,"energy":13,"posx":12,"posy":0,"lastAction":6,"status":3},{"playerId":2299591,"score":1359,"energy":9,"posx":15,"posy":3,"lastAction":5,"status":0},{"playerId":1658775,"score":709,"energy":13,"posx":14,"posy":3,"lastAction":6,"status":3}],"golds":[{"posx":15,"posy":3,"amount":100},{"posx":18,"posy":3,"amount":450},{"posx":14,"posy":4,"amount":300},{"posx":16,"posy":4,"amount":350},{"posx":13,"posy":6,"amount":50},{"posx":18,"posy":6,"amount":550},{"posx":14,"posy":7,"amount":150},{"posx":16,"posy":7,"amount":450}],"changedObstacles":[]},{"players":[{"playerId":67457,"score":1475,"energy":44,"posx":16,"posy":7,"lastAction":1,"status":0},{"playerId":1879247,"score":609,"energy":13,"posx":12,"posy":0,"lastAction":6,"status":3},{"playerId":2299591,"score":1409,"energy":4,"posx":15,"posy":3,"lastAction":5,"status":0},{"playerId":1658775,"score":709,"energy":13,"posx":14,"posy":3,"lastAction":6,"status":3}],"golds":[{"posx":15,"posy":3,"amount":50},{"posx":18,"posy":3,"amount":450},{"posx":14,"posy":4,"amount":300},{"posx":16,"posy":4,"amount":350},{"posx":13,"posy":6,"amount":50},{"posx":18,"posy":6,"amount":550},{"posx":14,"posy":7,"amount":150},{"posx":16,"posy":7,"amount":450}],"changedObstacles":[]},{"players":[{"playerId":67457,"score":1525,"energy":39,"posx":16,"posy":7,"lastAction":5,"status":0},{"playerId":1879247,"score":609,"energy":13,"posx":12,"posy":0,"lastAction":6,"status":3},{"playerId":2299591,"score":1409,"energy":16,"posx":15,"posy":3,"lastAction":4,"status":0},{"playerId":1658775,"score":709,"energy":13,"posx":14,"posy":3,"lastAction":6,"status":3}],"golds":[{"posx":15,"posy":3,"amount":50},{"posx":18,"posy":3,"amount":450},{"posx":14,"posy":4,"amount":300},{"posx":16,"posy":4,"amount":350},{"posx":13,"posy":6,"amount":50},{"posx":18,"posy":6,"amount":550},{"posx":14,"posy":7,"amount":150},{"posx":16,"posy":7,"amount":400}],"changedObstacles":[]},{"players":[{"playerId":67457,"score":1575,"energy":34,"posx":16,"posy":7,"lastAction":5,"status":0},{"playerId":1879247,"score":609,"energy":13,"posx":12,"posy":0,"lastAction":6,"status":3},{"playerId":2299591,"score":1459,"energy":11,"posx":15,"posy":3,"lastAction":5,"status":0},{"playerId":1658775,"score":709,"energy":13,"posx":14,"posy":3,"lastAction":6,"status":3}],"golds":[{"posx":18,"posy":3,"amount":450},{"posx":14,"posy":4,"amount":300},{"posx":16,"posy":4,"amount":350},{"posx":13,"posy":6,"amount":50},{"posx":18,"posy":6,"amount":550},{"posx":14,"posy":7,"amount":150},{"posx":16,"posy":7,"amount":350}],"changedObstacles":[{"type":0,"posx":15,"posy":3,"value":-1}]},{"players":[{"playerId":67457,"score":1625,"energy":29,"posx":16,"posy":7,"lastAction":5,"status":0},{"playerId":1879247,"score":609,"energy":13,"posx":12,"posy":0,"lastAction":6,"status":3},{"playerId":2299591,"score":1459,"energy":23,"posx":15,"posy":3,"lastAction":4,"status":0},{"playerId":1658775,"score":709,"energy":13,"posx":14,"posy":3,"lastAction":6,"status":3}],"golds":[{"posx":18,"posy":3,"amount":450},{"posx":14,"posy":4,"amount":300},{"posx":16,"posy":4,"amount":350},{"posx":13,"posy":6,"amount":50},{"posx":18,"posy":6,"amount":550},{"posx":14,"posy":7,"amount":150},{"posx":16,"posy":7,"amount":300}],"changedObstacles":[]},{"players":[{"playerId":67457,"score":1675,"energy":24,"posx":16,"posy":7,"lastAction":5,"status":0},{"playerId":1879247,"score":609,"energy":13,"posx":12,"posy":0,"lastAction":6,"status":3},{"playerId":2299591,"score":1459,"energy":22,"posx":14,"posy":3,"lastAction":0,"status":0},{"playerId":1658775,"score":709,"energy":13,"posx":14,"posy":3,"lastAction":6,"status":3}],"golds":[{"posx":18,"posy":3,"amount":450},{"posx":14,"posy":4,"amount":300},{"posx":16,"posy":4,"amount":350},{"posx":13,"posy":6,"amount":50},{"posx":18,"posy":6,"amount":550},{"posx":14,"posy":7,"amount":150},{"posx":16,"posy":7,"amount":250}],"changedObstacles":[]},{"players":[{"playerId":67457,"score":1725,"energy":19,"posx":16,"posy":7,"lastAction":5,"status":0},{"playerId":1879247,"score":609,"energy":13,"posx":12,"posy":0,"lastAction":6,"status":3},{"playerId":2299591,"score":1459,"energy":18,"posx":14,"posy":4,"lastAction":3,"status":0},{"playerId":1658775,"score":709,"energy":13,"posx":14,"posy":3,"lastAction":6,"status":3}],"golds":[{"posx":18,"posy":3,"amount":450},{"posx":14,"posy":4,"amount":300},{"posx":16,"posy":4,"amount":350},{"posx":13,"posy":6,"amount":50},{"posx":18,"posy":6,"amount":550},{"posx":14,"posy":7,"amount":150},{"posx":16,"posy":7,"amount":200}],"changedObstacles":[]},{"players":[{"playerId":67457,"score":1775,"energy":14,"posx":16,"posy":7,"lastAction":5,"status":0},{"playerId":1879247,"score":609,"energy":13,"posx":12,"posy":0,"lastAction":6,"status":3},{"playerId":2299591,"score":1509,"energy":13,"posx":14,"posy":4,"lastAction":5,"status":0},{"playerId":1658775,"score":709,"energy":13,"posx":14,"posy":3,"lastAction":6,"status":3}],"golds":[{"posx":18,"posy":3,"amount":450},{"posx":14,"posy":4,"amount":250},{"posx":16,"posy":4,"amount":350},{"posx":13,"posy":6,"amount":50},{"posx":18,"posy":6,"amount":550},{"posx":14,"posy":7,"amount":150},{"posx":16,"posy":7,"amount":150}],"changedObstacles":[]},{"players":[{"playerId":67457,"score":1825,"energy":9,"posx":16,"posy":7,"lastAction":5,"status":0},{"playerId":1879247,"score":609,"energy":13,"posx":12,"posy":0,"lastAction":6,"status":3},{"playerId":2299591,"score":1559,"energy":8,"posx":14,"posy":4,"lastAction":5,"status":0},{"playerId":1658775,"score":709,"energy":13,"posx":14,"posy":3,"lastAction":6,"status":3}],"golds":[{"posx":18,"posy":3,"amount":450},{"posx":14,"posy":4,"amount":200},{"posx":16,"posy":4,"amount":350},{"posx":13,"posy":6,"amount":50},{"posx":18,"posy":6,"amount":550},{"posx":14,"posy":7,"amount":150},{"posx":16,"posy":7,"amount":100}],"changedObstacles":[]},{"players":[{"playerId":67457,"score":1875,"energy":4,"posx":16,"posy":7,"lastAction":5,"status":0},{"playerId":1879247,"score":609,"energy":13,"posx":12,"posy":0,"lastAction":6,"status":3},{"playerId":2299591,"score":1609,"energy":3,"posx":14,"posy":4,"lastAction":5,"status":0},{"playerId":1658775,"score":709,"energy":13,"posx":14,"posy":3,"lastAction":6,"status":3}],"golds":[{"posx":18,"posy":3,"amount":450},{"posx":14,"posy":4,"amount":150},{"posx":16,"posy":4,"amount":350},{"posx":13,"posy":6,"amount":50},{"posx":18,"posy":6,"amount":550},{"posx":14,"posy":7,"amount":150},{"posx":16,"posy":7,"amount":50}],"changedObstacles":[]},{"players":[{"playerId":67457,"score":1875,"energy":16,"posx":16,"posy":7,"lastAction":4,"status":0},{"playerId":1879247,"score":609,"energy":13,"posx":12,"posy":0,"lastAction":6,"status":3},{"playerId":2299591,"score":1609,"energy":15,"posx":14,"posy":4,"lastAction":4,"status":0},{"playerId":1658775,"score":709,"energy":13,"posx":14,"posy":3,"lastAction":6,"status":3}],"golds":[{"posx":18,"posy":3,"amount":450},{"posx":14,"posy":4,"amount":150},{"posx":16,"posy":4,"amount":350},{"posx":13,"posy":6,"amount":50},{"posx":18,"posy":6,"amount":550},{"posx":14,"posy":7,"amount":150},{"posx":16,"posy":7,"amount":50}],"changedObstacles":[]},{"players":[{"playerId":67457,"score":1875,"energy":32,"posx":16,"posy":7,"lastAction":4,"status":0},{"playerId":1879247,"score":609,"energy":13,"posx":12,"posy":0,"lastAction":6,"status":3},{"playerId":2299591,"score":1659,"energy":10,"posx":14,"posy":4,"lastAction":5,"status":0},{"playerId":1658775,"score":709,"energy":13,"posx":14,"posy":3,"lastAction":6,"status":3}],"golds":[{"posx":18,"posy":3,"amount":450},{"posx":14,"posy":4,"amount":100},{"posx":16,"posy":4,"amount":350},{"posx":13,"posy":6,"amount":50},{"posx":18,"posy":6,"amount":550},{"posx":14,"posy":7,"amount":150},{"posx":16,"posy":7,"amount":50}],"changedObstacles":[]},{"players":[{"playerId":67457,"score":1875,"energy":50,"posx":16,"posy":7,"lastAction":4,"status":0},{"playerId":1879247,"score":609,"energy":13,"posx":12,"posy":0,"lastAction":6,"status":3},{"playerId":2299591,"score":1709,"energy":5,"posx":14,"posy":4,"lastAction":5,"status":0},{"playerId":1658775,"score":709,"energy":13,"posx":14,"posy":3,"lastAction":6,"status":3}],"golds":[{"posx":18,"posy":3,"amount":450},{"posx":14,"posy":4,"amount":50},{"posx":16,"posy":4,"amount":350},{"posx":13,"posy":6,"amount":50},{"posx":18,"posy":6,"amount":550},{"posx":14,"posy":7,"amount":150},{"posx":16,"posy":7,"amount":50}],"changedObstacles":[]},{"players":[{"playerId":67457,"score":1925,"energy":45,"posx":16,"posy":7,"lastAction":5,"status":0},{"playerId":1879247,"score":609,"energy":13,"posx":12,"posy":0,"lastAction":6,"status":3},{"playerId":2299591,"score":1709,"energy":17,"posx":14,"posy":4,"lastAction":4,"status":0},{"playerId":1658775,"score":709,"energy":13,"posx":14,"posy":3,"lastAction":6,"status":3}],"golds":[{"posx":18,"posy":3,"amount":450},{"posx":14,"posy":4,"amount":50},{"posx":16,"posy":4,"amount":350},{"posx":13,"posy":6,"amount":50},{"posx":18,"posy":6,"amount":550},{"posx":14,"posy":7,"amount":150}],"changedObstacles":[{"type":0,"posx":16,"posy":7,"value":-1}]},{"players":[{"playerId":67457,"score":1925,"energy":44,"posx":17,"posy":7,"lastAction":1,"status":0},{"playerId":1879247,"score":609,"energy":13,"posx":12,"posy":0,"lastAction":6,"status":3},{"playerId":2299591,"score":1759,"energy":12,"posx":14,"posy":4,"lastAction":5,"status":0},{"playerId":1658775,"score":709,"energy":13,"posx":14,"posy":3,"lastAction":6,"status":3}],"golds":[{"posx":18,"posy":3,"amount":450},{"posx":16,"posy":4,"amount":350},{"posx":13,"posy":6,"amount":50},{"posx":18,"posy":6,"amount":550},{"posx":14,"posy":7,"amount":150}],"changedObstacles":[{"type":0,"posx":14,"posy":4,"value":-1}]},{"players":[{"playerId":67457,"score":1925,"energy":43,"posx":18,"posy":7,"lastAction":1,"status":0},{"playerId":1879247,"score":609,"energy":13,"posx":12,"posy":0,"lastAction":6,"status":3},{"playerId":2299591,"score":1759,"energy":24,"posx":14,"posy":4,"lastAction":4,"status":0},{"playerId":1658775,"score":709,"energy":13,"posx":14,"posy":3,"lastAction":6,"status":3}],"golds":[{"posx":18,"posy":3,"amount":450},{"posx":16,"posy":4,"amount":350},{"posx":13,"posy":6,"amount":50},{"posx":18,"posy":6,"amount":550},{"posx":14,"posy":7,"amount":150}],"changedObstacles":[]},{"players":[{"playerId":67457,"score":1925,"energy":39,"posx":18,"posy":6,"lastAction":2,"status":0},{"playerId":1879247,"score":609,"energy":13,"posx":12,"posy":0,"lastAction":6,"status":3},{"playerId":2299591,"score":1759,"energy":23,"posx":15,"posy":4,"lastAction":1,"status":0},{"playerId":1658775,"score":709,"energy":13,"posx":14,"posy":3,"lastAction":6,"status":3}],"golds":[{"posx":18,"posy":3,"amount":450},{"posx":16,"posy":4,"amount":350},{"posx":13,"posy":6,"amount":50},{"posx":18,"posy":6,"amount":550},{"posx":14,"posy":7,"amount":150}],"changedObstacles":[]},{"players":[{"playerId":67457,"score":1975,"energy":34,"posx":18,"posy":6,"lastAction":5,"status":0},{"playerId":1879247,"score":609,"energy":13,"posx":12,"posy":0,"lastAction":6,"status":3},{"playerId":2299591,"score":1759,"energy":19,"posx":16,"posy":4,"lastAction":1,"status":0},{"playerId":1658775,"score":709,"energy":13,"posx":14,"posy":3,"lastAction":6,"status":3}],"golds":[{"posx":18,"posy":3,"amount":450},{"posx":16,"posy":4,"amount":350},{"posx":13,"posy":6,"amount":50},{"posx":18,"posy":6,"amount":500},{"posx":14,"posy":7,"amount":150}],"changedObstacles":[]},{"players":[{"playerId":67457,"score":2025,"energy":29,"posx":18,"posy":6,"lastAction":5,"status":0},{"playerId":1879247,"score":609,"energy":13,"posx":12,"posy":0,"lastAction":6,"status":3},{"playerId":2299591,"score":1809,"energy":14,"posx":16,"posy":4,"lastAction":5,"status":0},{"playerId":1658775,"score":709,"energy":13,"posx":14,"posy":3,"lastAction":6,"status":3}],"golds":[{"posx":18,"posy":3,"amount":450},{"posx":16,"posy":4,"amount":300},{"posx":13,"posy":6,"amount":50},{"posx":18,"posy":6,"amount":450},{"posx":14,"posy":7,"amount":150}],"changedObstacles":[]},{"players":[{"playerId":67457,"score":2075,"energy":24,"posx":18,"posy":6,"lastAction":5,"status":0},{"playerId":1879247,"score":609,"energy":13,"posx":12,"posy":0,"lastAction":6,"status":3},{"playerId":2299591,"score":1859,"energy":9,"posx":16,"posy":4,"lastAction":5,"status":0},{"playerId":1658775,"score":709,"energy":13,"posx":14,"posy":3,"lastAction":6,"status":3}],"golds":[{"posx":18,"posy":3,"amount":450},{"posx":16,"posy":4,"amount":250},{"posx":13,"posy":6,"amount":50},{"posx":18,"posy":6,"amount":400},{"posx":14,"posy":7,"amount":150}],"changedObstacles":[]},{"players":[{"playerId":67457,"score":2125,"energy":19,"posx":18,"posy":6,"lastAction":5,"status":0},{"playerId":1879247,"score":609,"energy":13,"posx":12,"posy":0,"lastAction":6,"status":3},{"playerId":2299591,"score":1909,"energy":4,"posx":16,"posy":4,"lastAction":5,"status":0},{"playerId":1658775,"score":709,"energy":13,"posx":14,"posy":3,"lastAction":6,"status":3}],"golds":[{"posx":18,"posy":3,"amount":450},{"posx":16,"posy":4,"amount":200},{"posx":13,"posy":6,"amount":50},{"posx":18,"posy":6,"amount":350},{"posx":14,"posy":7,"amount":150}],"changedObstacles":[]},{"players":[{"playerId":67457,"score":2175,"energy":14,"posx":18,"posy":6,"lastAction":5,"status":0},{"playerId":1879247,"score":609,"energy":13,"posx":12,"posy":0,"lastAction":6,"status":3},{"playerId":2299591,"score":1909,"energy":16,"posx":16,"posy":4,"lastAction":4,"status":0},{"playerId":1658775,"score":709,"energy":13,"posx":14,"posy":3,"lastAction":6,"status":3}],"golds":[{"posx":18,"posy":3,"amount":450},{"posx":16,"posy":4,"amount":200},{"posx":13,"posy":6,"amount":50},{"posx":18,"posy":6,"amount":300},{"posx":14,"posy":7,"amount":150}],"changedObstacles":[]},{"players":[{"playerId":67457,"score":2225,"energy":9,"posx":18,"posy":6,"lastAction":5,"status":0},{"playerId":1879247,"score":609,"energy":13,"posx":12,"posy":0,"lastAction":6,"status":3},{"playerId":2299591,"score":1959,"energy":11,"posx":16,"posy":4,"lastAction":5,"status":0},{"playerId":1658775,"score":709,"energy":13,"posx":14,"posy":3,"lastAction":6,"status":3}],"golds":[{"posx":18,"posy":3,"amount":450},{"posx":16,"posy":4,"amount":150},{"posx":13,"posy":6,"amount":50},{"posx":18,"posy":6,"amount":250},{"posx":14,"posy":7,"amount":150}],"changedObstacles":[]},{"players":[{"playerId":67457,"score":2275,"energy":4,"posx":18,"posy":6,"lastAction":5,"status":0},{"playerId":1879247,"score":609,"energy":13,"posx":12,"posy":0,"lastAction":6,"status":3},{"playerId":2299591,"score":2009,"energy":6,"posx":16,"posy":4,"lastAction":5,"status":0},{"playerId":1658775,"score":709,"energy":13,"posx":14,"posy":3,"lastAction":6,"status":3}],"golds":[{"posx":18,"posy":3,"amount":450},{"posx":16,"posy":4,"amount":100},{"posx":13,"posy":6,"amount":50},{"posx":18,"posy":6,"amount":200},{"posx":14,"posy":7,"amount":150}],"changedObstacles":[]},{"players":[{"playerId":67457,"score":2275,"energy":16,"posx":18,"posy":6,"lastAction":4,"status":0},{"playerId":1879247,"score":609,"energy":13,"posx":12,"posy":0,"lastAction":6,"status":3},{"playerId":2299591,"score":2059,"energy":1,"posx":16,"posy":4,"lastAction":5,"status":0},{"playerId":1658775,"score":709,"energy":13,"posx":14,"posy":3,"lastAction":6,"status":3}],"golds":[{"posx":18,"posy":3,"amount":450},{"posx":16,"posy":4,"amount":50},{"posx":13,"posy":6,"amount":50},{"posx":18,"posy":6,"amount":200},{"posx":14,"posy":7,"amount":150}],"changedObstacles":[]},{"players":[{"playerId":67457,"score":2325,"energy":11,"posx":18,"posy":6,"lastAction":5,"status":0},{"playerId":1879247,"score":609,"energy":13,"posx":12,"posy":0,"lastAction":6,"status":3},{"playerId":2299591,"score":2059,"energy":13,"posx":16,"posy":4,"lastAction":4,"status":0},{"playerId":1658775,"score":709,"energy":13,"posx":14,"posy":3,"lastAction":6,"status":3}],"golds":[{"posx":18,"posy":3,"amount":450},{"posx":16,"posy":4,"amount":50},{"posx":13,"posy":6,"amount":50},{"posx":18,"posy":6,"amount":150},{"posx":14,"posy":7,"amount":150}],"changedObstacles":[]},{"players":[{"playerId":67457,"score":2375,"energy":6,"posx":18,"posy":6,"lastAction":5,"status":0},{"playerId":1879247,"score":609,"energy":13,"posx":12,"posy":0,"lastAction":6,"status":3},{"playerId":2299591,"score":2109,"energy":8,"posx":16,"posy":4,"lastAction":5,"status":0},{"playerId":1658775,"score":709,"energy":13,"posx":14,"posy":3,"lastAction":6,"status":3}],"golds":[{"posx":18,"posy":3,"amount":450},{"posx":13,"posy":6,"amount":50},{"posx":18,"posy":6,"amount":100},{"posx":14,"posy":7,"amount":150}],"changedObstacles":[{"type":0,"posx":16,"posy":4,"value":-1}]},{"players":[{"playerId":67457,"score":2425,"energy":1,"posx":18,"posy":6,"lastAction":5,"status":0},{"playerId":1879247,"score":609,"energy":13,"posx":12,"posy":0,"lastAction":6,"status":3},{"playerId":2299591,"score":2109,"energy":20,"posx":16,"posy":4,"lastAction":4,"status":0},{"playerId":1658775,"score":709,"energy":13,"posx":14,"posy":3,"lastAction":6,"status":3}],"golds":[{"posx":18,"posy":3,"amount":450},{"posx":13,"posy":6,"amount":50},{"posx":18,"posy":6,"amount":50},{"posx":14,"posy":7,"amount":150}],"changedObstacles":[]},{"players":[{"playerId":67457,"score":2425,"energy":13,"posx":18,"posy":6,"lastAction":4,"status":0},{"playerId":1879247,"score":609,"energy":13,"posx":12,"posy":0,"lastAction":6,"status":3},{"playerId":2299591,"score":2109,"energy":19,"posx":16,"posy":3,"lastAction":2,"status":0},{"playerId":1658775,"score":709,"energy":13,"posx":14,"posy":3,"lastAction":6,"status":3}],"golds":[{"posx":18,"posy":3,"amount":450},{"posx":13,"posy":6,"amount":50},{"posx":18,"posy":6,"amount":50},{"posx":14,"posy":7,"amount":150}],"changedObstacles":[]}]