[{"players":[{"playerId":2450708,"score":0,"energy":49,"posx":2,"posy":7,"lastAction":2,"status":0},{"playerId":3099802,"score":0,"energy":49,"posx":2,"posy":7,"lastAction":2,"status":0},{"playerId":2583616,"score":0,"energy":49,"posx":2,"posy":7,"lastAction":2,"status":0},{"playerId":2375363,"score":0,"energy":49,"posx":3,"posy":8,"lastAction":1,"status":0}],"golds":[{"posx":14,"posy":7,"amount":150},{"posx":2,"posy":2,"amount":350},{"posx":18,"posy":6,"amount":550},{"posx":11,"posy":8,"amount":450},{"posx":10,"posy":5,"amount":400},{"posx":15,"posy":3,"amount":400},{"posx":13,"posy":1,"amount":400},{"posx":16,"posy":7,"amount":450},{"posx":14,"posy":4,"amount":300},{"posx":7,"posy":1,"amount":100},{"posx":2,"posy":5,"amount":100},{"posx":9,"posy":0,"amount":400},{"posx":9,"posy":8,"amount":50},{"posx":0,"posy":3,"amount":50},{"posx":13,"posy":6,"amount":50},{"posx":18,"posy":3,"amount":450},{"posx":10,"posy":3,"amount":150},{"posx":16,"posy":4,"amount":350},{"posx":3,"posy":7,"amount":750},{"posx":11,"posy":3,"amount":650}],"changedObstacles":[]},{"players":[{"playerId":2450708,"score":0,"energy":45,"posx":3,"posy":7,"lastAction":1,"status":0},{"playerId":3099802,"score":0,"energy":48,"posx":2,"posy":6,"lastAction":2,"status":0},{"playerId":2583616,"score":0,"energy":48,"posx":2,"posy":6,"lastAction":2,"status":0},{"playerId":2375363,"score":0,"energy":45,"posx":3,"posy":7,"lastAction":2,"status":0}],"golds":[{"posx":14,"posy":7,"amount":150},{"posx":2,"posy":2,"amount":350},{"posx":18,"posy":6,"amount":550},{"posx":11,"posy":8,"amount":450},{"posx":10,"posy":5,"amount":400},{"posx":15,"posy":3,"amount":400},{"posx":13,"posy":1,"amount":400},{"posx":16,"posy":7,"amount":450},{"posx":14,"posy":4,"amount":300},{"posx":7,"posy":1,"amount":100},{"posx":2,"posy":5,"amount":100},{"posx":9,"posy":0,"amount":400},{"posx":9,"posy":8,"amount":50},{"posx":0,"posy":3,"amount":50},{"posx":13,"posy":6,"amount":50},{"posx":18,"posy":3,"amount":450},{"posx":10,"posy":3,"amount":150},{"posx":16,"posy":4,"amount":350},{"posx":3,"posy":7,"amount":750},{"posx":11,"posy":3,"amount":650}],"changedObstacles":[]},{"players":[{"playerId":2450708,"score":50,"energy":40,"posx":3,"posy":7,"lastAction":5,"status":0},{"playerId":3099802,"score":0,"energy":47,"posx":3,"posy":6,"lastAction":1,"status":0},{"playerId":2583616,"score":0,"energy":47,"posx":3,"posy":6,"lastAction":1,"status":0},{"playerId":2375363,"score":50,"energy":40,"posx":3,"posy":7,"lastAction":5,"status":0}],"golds":[{"posx":9,"posy":0,"amount":400},{"posx":7,"posy":1,"amount":100},{"posx":13,"posy":1,"amount":400},{"posx":2,"posy":2,"amount":350},{"posx":0,"posy":3,"amount":50},{"posx":10,"posy":3,"amount":150},{"posx":11,"posy":3,"amount":650},{"posx":15,"posy":3,"amount":400},{"posx":18,"posy":3,"amount":450},{"posx":14,"posy":4,"amount":300},{"posx":16,"posy":4,"amount":350},{"posx":2,"posy":5,"amount":100},{"posx":10,"posy":5,"amount":400},{"posx":13,"posy":6,"amount":50},{"posx":18,"posy":6,"amount":550},{"posx":3,"posy":7,"amount":650},{"posx":14,"posy":7,"amount":150},{"posx":16,"posy":7,"amount":450},{"posx":9,"posy":8,"amount":50},{"posx":11,"posy":8,"amount":450}],"changedObstacles":[]},{"players":[{"playerId":2450708,"score":100,"energy":35,"posx":3,"posy":7,"lastAction":5,"status":0},{"playerId":3099802,"score":0,"energy":46,"posx":3,"posy":5,"lastAction":2,"status":0},{"playerId":2583616,"score":0,"energy":46,"posx":3,"posy":5,"lastAction":2,"status":0},{"playerId":2375363,"score":100,"energy":35,"posx":3,"posy":7,"lastAction":5,"status":0}],"golds":[{"posx":9,"posy":0,"amount":400},{"posx":7,"posy":1,"amount":100},{"posx":13,"posy":1,"amount":400},{"posx":2,"posy":2,"amount":350},{"posx":0,"posy":3,"amount":50},{"posx":10,"posy":3,"amount":150},{"posx":11,"posy":3,"amount":650},{"posx":15,"posy":3,"amount":400},{"posx":18,"posy":3,"amount":450},{"posx":14,"posy":4,"amount":300},{"posx":16,"posy":4,"amount":350},{"posx":2,"posy":5,"amount":100},{"posx":10,"posy":5,"amount":400},{"posx":13,"posy":6,"amount":50},{"posx":18,"posy":6,"amount":550},{"posx":3,"posy":7,"amount":550},{"posx":14,"posy":7,"amount":150},{"posx":16,"posy":7,"amount":450},{"posx":9,"posy":8,"amount":50},{"posx":11,"posy":8,"amount":450}],"changedObstacles":[]},{"players":[{"playerId":2450708,"score":150,"energy":30,"posx":3,"posy":7,"lastAction":5,"status":0},{"playerId":3099802,"score":0,"energy":45,"posx":4,"posy":5,"lastAction":1,"status":0},{"playerId":2583616,"score":0,"energy":45,"posx":3,"posy":4,"lastAction":2,"status":0},{"playerId":2375363,"score":150,"energy":30,"posx":3,"posy":7,"lastAction":5,"status":0}],"golds":[{"posx":9,"posy":0,"amount":400},{"posx":7,"posy":1,"amount":100},{"posx":13,"posy":1,"amount":400},{"posx":2,"posy":2,"amount":350},{"posx":0,"posy":3,"amount":50},{"posx":10,"posy":3,"amount":150},{"posx":11,"posy":3,"amount":650},{"posx":15,"posy":3,"amount":400},{"posx":18,"posy":3,"amount":450},{"posx":14,"posy":4,"amount":300},{"posx":16,"posy":4,"amount":350},{"posx":2,"posy":5,"amount":100},{"posx":10,"posy":5,"amount":400},{"posx":13,"posy":6,"amount":50},{"posx":18,"posy":6,"amount":550},{"posx":3,"posy":7,"amount":450},{"posx":14,"posy":7,"amount":150},{"posx":16,"posy":7,"amount":450},{"posx":9,"posy":8,"amount":50},{"posx":11,"posy":8,"amount":450}],"changedObstacles":[]},{"players":[{"playerId":2450708,"score":200,"energy":25,"posx":3,"posy":7,"lastAction":5,"status":0},{"playerId":3099802,"score":0,"energy":44,"posx":5,"posy":5,"lastAction":1,"status":0},{"playerId":2583616,"score":0,"energy":44,"posx":3,"posy":3,"lastAction":2,"status":0},{"playerId":2375363,"score":200,"energy":25,"posx":3,"posy":7,"lastAction":5,"status":0}],"golds":[{"posx":9,"posy":0,"amount":400},{"posx":7,"posy":1,"amount":100},{"posx":13,"posy":1,"amount":400},{"posx":2,"posy":2,"amount":350},{"posx":0,"posy":3,"amount":50},{"posx":10,"posy":3,"amount":150},{"posx":11,"posy":3,"amount":650},{"posx":15,"posy":3,"amount":400},{"posx":18,"posy":3,"amount":450},{"posx":14,"posy":4,"amount":300},{"posx":16,"posy":4,"amount":350},{"posx":2,"posy":5,"amount":100},{"posx":10,"posy":5,"amount":400},{"posx":13,"posy":6,"amount":50},{"posx":18,"posy":6,"amount":550},{"posx":3,"posy":7,"amount":350},{"posx":14,"posy":7,"amount":150},{"posx":16,"posy":7,"amount":450},{"posx":9,"posy":8,"amount":50},{"posx":11,"posy":8,"amount":450}],"changedObstacles":[]},{"players":[{"playerId":2450708,"score":250,"energy":20,"posx":3,"posy":7,"lastAction":5,"status":0},{"playerId":3099802,"score":0,"energy":43,"posx":6,"posy":5,"lastAction":1,"status":0},{"playerId":2583616,"score":0,"energy":43,"posx":4,"posy":3,"lastAction":1,"status":0},{"playerId":2375363,"score":250,"energy":20,"posx":3,"posy":7,"lastAction":5,"status":0}],"golds":[{"posx":9,"posy":0,"amount":400},{"posx":7,"posy":1,"amount":100},{"posx":13,"posy":1,"amount":400},{"posx":2,"posy":2,"amount":350},{"posx":0,"posy":3,"amount":50},{"posx":10,"posy":3,"amount":150},{"posx":11,"posy":3,"amount":650},{"posx":15,"posy":3,"amount":400},{"posx":18,"posy":3,"amount":450},{"posx":14,"posy":4,"amount":300},{"posx":16,"posy":4,"amount":350},{"posx":2,"posy":5,"amount":100},{"posx":10,"posy":5,"amount":400},{"posx":13,"posy":6,"amount":50},{"posx":18,"posy":6,"amount":550},{"posx":3,"posy":7,"amount":250},{"posx":14,"posy":7,"amount":150},{"posx":16,"posy":7,"amount":450},{"posx":9,"posy":8,"amount":50},{"posx":11,"posy":8,"amount":450}],"changedObstacles":[]},{"players":[{"playerId":2450708,"score":300,"energy":15,"posx":3,"posy":7,"lastAction":5,"status":0},{"playerId":3099802,"score":0,"energy":42,"posx":7,"posy":5,"lastAction":1,"status":0},{"playerId":2583616,"score":0,"energy":42,"posx":5,"posy":3,"lastAction":1,"status":0},{"playerId":2375363,"score":300,"energy":15,"posx":3,"posy":7,"lastAction":5,"status":0}],"golds":[{"posx":9,"posy":0,"amount":400},{"posx":7,"posy":1,"amount":100},{"posx":13,"posy":1,"amount":400},{"posx":2,"posy":2,"amount":350},{"posx":0,"posy":3,"amount":50},{"posx":10,"posy":3,"amount":150},{"posx":11,"posy":3,"amount":650},{"posx":15,"posy":3,"amount":400},{"posx":18,"posy":3,"amount":450},{"posx":14,"posy":4,"amount":300},{"posx":16,"posy":4,"amount":350},{"posx":2,"posy":5,"amount":100},{"posx":10,"posy":5,"amount":400},{"posx":13,"posy":6,"amount":50},{"posx":18,"posy":6,"amount":550},{"posx":3,"posy":7,"amount":150},{"posx":14,"posy":7,"amount":150},{"posx":16,"posy":7,"amount":450},{"posx":9,"posy":8,"amount":50},{"posx":11,"posy":8,"amount":450}],"changedObstacles":[]},{"players":[{"playerId":2450708,"score":350,"energy":10,"posx":3,"posy":7,"lastAction":5,"status":0},{"playerId":3099802,"score":0,"energy":41,"posx":8,"posy":5,"lastAction":1,"status":0},{"playerId":2583616,"score":0,"energy":41,"posx":6,"posy":3,"lastAction":1,"status":0},{"playerId":2375363,"score":350,"energy":10,"posx":3,"posy":7,"lastAction":5,"status":0}],"golds":[{"posx":9,"posy":0,"amount":400},{"posx":7,"posy":1,"amount":100},{"posx":13,"posy":1,"amount":400},{"posx":2,"posy":2,"amount":350},{"posx":0,"posy":3,"amount":50},{"posx":10,"posy":3,"amount":150},{"posx":11,"posy":3,"amount":650},{"posx":15,"posy":3,"amount":400},{"posx":18,"posy":3,"amount":450},{"posx":14,"posy":4,"amount":300},{"posx":16,"posy":4,"amount":350},{"posx":2,"posy":5,"amount":100},{"posx":10,"posy":5,"amount":400},{"posx":13,"posy":6,"amount":50},{"posx":18,"posy":6,"amount":550},{"posx":3,"posy":7,"amount":50},{"posx":14,"posy":7,"amount":150},{"posx":16,"posy":7,"amount":450},{"posx":9,"posy":8,"amount":50},{"posx":11,"posy":8,"amount":450}],"changedObstacles":[]},{"players":[{"playerId":2450708,"score":350,"energy":9,"posx":3,"posy":6,"lastAction":2,"status":0},{"playerId":3099802,"score":0,"energy":40,"posx":9,"posy":5,"lastAction":1,"status":0},{"playerId":2583616,"score":0,"energy":40,"posx":7,"posy":3,"lastAction":1,"status":0},{"playerId":2375363,"score":400,"energy":5,"posx":3,"posy":7,"lastAction":5,"status":0}],"golds":[{"posx":9,"posy":0,"amount":400},{"posx":7,"posy":1,"amount":100},{"posx":13,"posy":1,"amount":400},{"posx":2,"posy":2,"amount":350},{"posx":0,"posy":3,"amount":50},{"posx":10,"posy":3,"amount":150},{"posx":11,"posy":3,"amount":650},{"posx":15,"posy":3,"amount":400},{"posx":18,"posy":3,"amount":450},{"posx":14,"posy":4,"amount":300},{"posx":16,"posy":4,"amount":350},{"posx":2,"posy":5,"amount":100},{"posx":10,"posy":5,"amount":400},{"posx":13,"posy":6,"amount":50},{"posx":18,"posy":6,"amount":550},{"posx":14,"posy":7,"amount":150},{"posx":16,"posy":7,"amount":450},{"posx":9,"posy":8,"amount":50},{"posx":11,"posy":8,"amount":450}],"changedObstacles":[{"type":0,"posx":3,"posy":7,"value":-1}]},{"players":[{"playerId":2450708,"score":350,"energy":8,"posx":3,"posy":5,"lastAction":2,"status":0},{"playerId":3099802,"score":0,"energy":36,"posx":10,"posy":5,"lastAction":1,"status":0},{"playerId":2583616,"score":0,"energy":39,"posx":8,"posy":3,"lastAction":1,"status":0},{"playerId":2375363,"score":400,"energy":17,"posx":3,"posy":7,"lastAction":4,"status":0}],"golds":[{"posx":9,"posy":0,"amount":400},{"posx":7,"posy":1,"amount":100},{"posx":13,"posy":1,"amount":400},{"posx":2,"posy":2,"amount":350},{"posx":0,"posy":3,"amount":50},{"posx":10,"posy":3,"amount":150},{"posx":11,"posy":3,"amount":650},{"posx":15,"posy":3,"amount":400},{"posx":18,"posy":3,"amount":450},{"posx":14,"posy":4,"amount":300},{"posx":16,"posy":4,"amount":350},{"posx":2,"posy":5,"amount":100},{"posx":10,"posy":5,"amount":400},{"posx":13,"posy":6,"amount":50},{"posx":18,"posy":6,"amount":550},{"posx":14,"posy":7,"amount":150},{"posx":16,"posy":7,"amount":450},{"posx":9,"posy":8,"amount":50},{"posx":11,"posy":8,"amount":450}],"changedObstacles":[]},{"players":[{"playerId":2450708,"score":350,"energy":7,"posx":4,"posy":5,"lastAction":1,"status":0},{"playerId":3099802,"score":0,"energy":48,"posx":10,"posy":5,"lastAction":4,"status":0},{"playerId":2583616,"score":0,"energy":20,"posx":9,"posy":3,"lastAction":1,"status":0},{"playerId":2375363,"score":400,"energy":33,"posx":3,"posy":7,"lastAction":4,"status":0}],"golds":[{"posx":9,"posy":0,"amount":400},{"posx":7,"posy":1,"amount":100},{"posx":13,"posy":1,"amount":400},{"posx":2,"posy":2,"amount":350},{"posx":0,"posy":3,"amount":50},{"posx":10,"posy":3,"amount":150},{"posx":11,"posy":3,"amount":650},{"posx":15,"posy":3,"amount":400},{"posx":18,"posy":3,"amount":450},{"posx":14,"posy":4,"amount":300},{"posx":16,"posy":4,"amount":350},{"posx":2,"posy":5,"amount":100},{"posx":10,"posy":5,"amount":400},{"posx":13,"posy":6,"amount":50},{"posx":18,"posy":6,"amount":550},{"posx":14,"posy":7,"amount":150},{"posx":16,"posy":7,"amount":450},{"posx":9,"posy":8,"amount":50},{"posx":11,"posy":8,"amount":450}],"changedObstacles":[]},{"players":[{"playerId":2450708,"score":350,"energy":6,"posx":5,"posy":5,"lastAction":1,"status":0},{"playerId":3099802,"score":50,"energy":43,"posx":10,"posy":5,"lastAction":5,"status":0},{"playerId":2583616,"score":0,"energy":16,"posx":10,"posy":3,"lastAction":1,"status":0},{"playerId":2375363,"score":400,"energy":32,"posx":4,"posy":7,"lastAction":1,"status":0}],"golds":[{"posx":9,"posy":0,"amount":400},{"posx":7,"posy":1,"amount":100},{"posx":13,"posy":1,"amount":400},{"posx":2,"posy":2,"amount":350},{"posx":0,"posy":3,"amount":50},{"posx":10,"posy":3,"amount":150},{"posx":11,"posy":3,"amount":650},{"posx":15,"posy":3,"amount":400},{"posx":18,"posy":3,"amount":450},{"posx":14,"posy":4,"amount":300},{"posx":16,"posy":4,"amount":350},{"posx":2,"posy":5,"amount":100},{"posx":10,"posy":5,"amount":350},{"posx":13,"posy":6,"amount":50},{"posx":18,"posy":6,"amount":550},{"posx":14,"posy":7,"amount":150},{"posx":16,"posy":7,"amount":450},{"posx":9,"posy":8,"amount":50},{"posx":11,"posy":8,"amount":450}],"changedObstacles":[]},{"players":[{"playerId":2450708,"score":350,"energy":5,"posx":6,"posy":5,"lastAction":1,"status":0},{"playerId":3099802,"score":100,"energy":38,"posx":10,"posy":5,"lastAction":5,"status":0},{"playerId":2583616,"score":50,"energy":11,"posx":10,"posy":3,"lastAction":5,"status":0},{"playerId":2375363,"score":400,"energy":31,"posx":5,"posy":7,"lastAction":1,"status":0}],"golds":[{"posx":9,"posy":0,"amount":400},{"posx":7,"posy":1,"amount":100},{"posx":13,"posy":1,"amount":400},{"posx":2,"posy":2,"amount":350},{"posx":0,"posy":3,"amount":50},{"posx":10,"posy":3,"amount":100},{"posx":11,"posy":3,"amount":650},{"posx":15,"posy":3,"amount":400},{"posx":18,"posy":3,"amount":450},{"posx":14,"posy":4,"amount":300},{"posx":16,"posy":4,"amount":350},{"posx":2,"posy":5,"amount":100},{"posx":10,"posy":5,"amount":300},{"posx":13,"posy":6,"amount":50},{"posx":18,"posy":6,"amount":550},{"posx":14,"posy":7,"amount":150},{"posx":16,"posy":7,"amount":450},{"posx":9,"posy":8,"amount":50},{"posx":11,"posy":8,"amount":450}],"changedObstacles":[]},{"players":[{"playerId":2450708,"score":350,"energy":4,"posx":6,"posy":4,"lastAction":2,"status":0},{"playerId":3099802,"score":150,"energy":33,"posx":10,"posy":5,"lastAction":5,"status":0},{"playerId":2583616,"score":100,"energy":6,"posx":10,"posy":3,"lastAction":5,"status":0},{"playerId":2375363,"score":400,"energy":30,"posx":6,"posy":7,"lastAction":1,"status":0}],"golds":[{"posx":9,"posy":0,"amount":400},{"posx":7,"posy":1,"amount":100},{"posx":13,"posy":1,"amount":400},{"posx":2,"posy":2,"amount":350},{"posx":0,"posy":3,"amount":50},{"posx":10,"posy":3,"amount":50},{"posx":11,"posy":3,"amount":650},{"posx":15,"posy":3,"amount":400},{"posx":18,"posy":3,"amount":450},{"posx":14,"posy":4,"amount":300},{"posx":16,"posy":4,"amount":350},{"posx":2,"posy":5,"amount":100},{"posx":10,"posy":5,"amount":250},{"posx":13,"posy":6,"amount":50},{"posx":18,"posy":6,"amount":550},{"posx":14,"posy":7,"amount":150},{"posx":16,"posy":7,"amount":450},{"posx":9,"posy":8,"amount":50},{"posx":11,"posy":8,"amount":450}],"changedObstacles":[]},{"players":[{"playerId":2450708,"score":350,"energy":3,"posx":7,"posy":4,"lastAction":1,"status":0},{"playerId":3099802,"score":200,"energy":28,"posx":10,"posy":5,"lastAction":5,"status":0},{"playerId":2583616,"score":150,"energy":1,"posx":10,"posy":3,"lastAction":5,"status":0},{"playerId":2375363,"score":400,"energy":29,"posx":7,"posy":7,"lastAction":1,"status":0}],"golds":[{"posx":9,"posy":0,"amount":400},{"posx":7,"posy":1,"amount":100},{"posx":13,"posy":1,"amount":400},{"posx":2,"posy":2,"amount":350},{"posx":0,"posy":3,"amount":50},{"posx":11,"posy":3,"amount":650},{"posx":15,"posy":3,"amount":400},{"posx":18,"posy":3,"amount":450},{"posx":14,"posy":4,"amount":300},{"posx":16,"posy":4,"amount":350},{"posx":2,"posy":5,"amount":100},{"posx":10,"posy":5,"amount":200},{"posx":13,"posy":6,"amount":50},{"posx":18,"posy":6,"amount":550},{"posx":14,"posy":7,"amount":150},{"posx":16,"posy":7,"amount":450},{"posx":9,"posy":8,"amount":50},{"posx":11,"posy":8,"amount":450}],"changedObstacles":[{"type":0,"posx":10,"posy":3,"value":-1}]},{"players":[{"playerId":2450708,"score":350,"energy":2,"posx":8,"posy":4,"lastAction":1,"status":0},{"playerId":3099802,"score":250,"energy":23,"posx":10,"posy":5,"lastAction":5,"status":0},{"playerId":2583616,"score":150,"energy":13,"posx":10,"posy":3,"lastAction":4,"status":0},{"playerId":2375363,"score":400,"energy":28,"posx":8,"posy":7,"lastAction":1,"status":0}],"golds":[{"posx":9,"posy":0,"amount":400},{"posx":7,"posy":1,"amount":100},{"posx":13,"posy":1,"amount":400},{"posx":2,"posy":2,"amount":350},{"posx":0,"posy":3,"amount":50},{"posx":11,"posy":3,"amount":650},{"posx":15,"posy":3,"amount":400},{"posx":18,"posy":3,"amount":450},{"posx":14,"posy":4,"amount":300},{"posx":16,"posy":4,"amount":350},{"posx":2,"posy":5,"amount":100},{"posx":10,"posy":5,"amount":150},{"posx":13,"posy":6,"amount":50},{"posx":18,"posy":6,"amount":550},{"posx":14,"posy":7,"amount":150},{"posx":16,"posy":7,"amount":450},{"posx":9,"posy":8,"amount":50},{"posx":11,"posy":8,"amount":450}],"changedObstacles":[]},{"players":[{"playerId":2450708,"score":350,"energy":1,"posx":9,"posy":4,"lastAction":1,"status":0},{"playerId":3099802,"score":300,"energy":18,"posx":10,"posy":5,"lastAction":5,"status":0},{"playerId":2583616,"score":150,"energy":29,"posx":10,"posy":3,"lastAction":4,"status":0},{"playerId":2375363,"score":400,"energy":27,"posx":9,"posy":7,"lastAction":1,"status":0}],"golds":[{"posx":9,"posy":0,"amount":400},{"posx":7,"posy":1,"amount":100},{"posx":13,"posy":1,"amount":400},{"posx":2,"posy":2,"amount":350},{"posx":0,"posy":3,"amount":50},{"posx":11,"posy":3,"amount":650},{"posx":15,"posy":3,"amount":400},{"posx":18,"posy":3,"amount":450},{"posx":14,"posy":4,"amount":300},{"posx":16,"posy":4,"amount":350},{"posx":2,"posy":5,"amount":100},{"posx":10,"posy":5,"amount":100},{"posx":13,"posy":6,"amount":50},{"posx":18,"posy":6,"amount":550},{"posx":14,"posy":7,"amount":150},{"posx":16,"posy":7,"amount":450},{"posx":9,"posy":8,"amount":50},{"posx":11,"posy":8,"amount":450}],"changedObstacles":[]},{"players":[{"playerId":2450708,"score":350,"energy":13,"posx":9,"posy":4,"lastAction":4,"status":0},{"playerId":3099802,"score":350,"energy":13,"posx":10,"posy":5,"lastAction":5,"status":0},{"playerId":2583616,"score":150,"energy":25,"posx":11,"posy":3,"lastAction":1,"status":0},{"playerId":2375363,"score":400,"energy":23,"posx":9,"posy":8,"lastAction":3,"status":0}],"golds":[{"posx":9,"posy":0,"amount":400},{"posx":7,"posy":1,"amount":100},{"posx":13,"posy":1,"amount":400},{"posx":2,"posy":2,"amount":350},{"posx":0,"posy":3,"amount":50},{"posx":11,"posy":3,"amount":650},{"posx":15,"posy":3,"amount":400},{"posx":18,"posy":3,"amount":450},{"posx":14,"posy":4,"amount":300},{"posx":16,"posy":4,"amount":350},{"posx":2,"posy":5,"amount":100},{"posx":10,"posy":5,"amount":50},{"posx":13,"posy":6,"amount":50},{"posx":18,"posy":6,"amount":550},{"posx":14,"posy":7,"amount":150},{"posx":16,"posy":7,"amount":450},{"posx":9,"posy":8,"amount":50},{"posx":11,"posy":8,"amount":450}],"changedObstacles":[]},{"players":[{"playerId":2450708,"score":350,"energy":29,"posx":9,"posy":4,"lastAction":4,"status":0},{"playerId":3099802,"score":400,"energy":8,"posx":10,"posy":5,"lastAction":5,"status":0},{"playerId":2583616,"score":200,"energy":20,"posx":11,"posy":3,"lastAction":5,"status":0},{"playerId":2375363,"score":450,"energy":18,"posx":9,"posy":8,"lastAction":5,"status":0}],"golds":[{"posx":9,"posy":0,"amount":400},{"posx":7,"posy":1,"amount":100},{"posx":13,"posy":1,"amount":400},{"posx":2,"posy":2,"amount":350},{"posx":0,"posy":3,"amount":50},{"posx":11,"posy":3,"amount":600},{"posx":15,"posy":3,"amount":400},{"posx":18,"posy":3,"amount":450},{"posx":14,"posy":4,"amount":300},{"posx":16,"posy":4,"amount":350},{"posx":2,"posy":5,"amount":100},{"posx":13,"posy":6,"amount":50},{"posx":18,"posy":6,"amount":550},{"posx":14,"posy":7,"amount":150},{"posx":16,"posy":7,"amount":450},{"posx":11,"posy":8,"amount":450}],"changedObstacles":[{"type":0,"posx":10,"posy":5,"value":-1},{"type":0,"posx":9,"posy":8,"value":-1}]},{"players":[{"playerId":2450708,"score":350,"energy":50,"posx":9,"posy":4,"lastAction":4,"status":0},{"playerId":3099802,"score":400,"energy":7,"posx":10,"posy":4,"lastAction":2,"status":0},{"playerId":2583616,"score":250,"energy":15,"posx":11,"posy":3,"lastAction":5,"status":0},{"playerId":2375363,"score":450,"energy":30,"posx":9,"posy":8,"lastAction":4,"status":0}],"golds":[{"posx":9,"posy":0,"amount":400},{"posx":7,"posy":1,"amount":100},{"posx":13,"posy":1,"amount":400},{"posx":2,"posy":2,"amount":350},{"posx":0,"posy":3,"amount":50},{"posx":11,"posy":3,"amount":550},{"posx":15,"posy":3,"amount":400},{"posx":18,"posy":3,"amount":450},{"posx":14,"posy":4,"amount":300},{"posx":16,"posy":4,"amount":350},{"posx":2,"posy":5,"amount":100},{"posx":13,"posy":6,"amount":50},{"posx":18,"posy":6,"amount":550},{"posx":14,"posy":7,"amount":150},{"posx":16,"posy":7,"amount":450},{"posx":11,"posy":8,"amount":450}],"changedObstacles":[]},{"players":[{"playerId":2450708,"score":350,"energy":49,"posx":10,"posy":4,"lastAction":1,"status":0},{"playerId":3099802,"score":400,"energy":6,"posx":10,"posy":3,"lastAction":2,"status":0},{"playerId":2583616,"score":300,"energy":10,"posx":11,"posy":3,"lastAction":5,"status":0},{"playerId":2375363,"score":450,"energy":46,"posx":9,"posy":8,"lastAction":4,"status":0}],"golds":[{"posx":9,"posy":0,"amount":400},{"posx":7,"posy":1,"amount":100},{"posx":13,"posy":1,"amount":400},{"posx":2,"posy":2,"amount":350},{"posx":0,"posy":3,"amount":50},{"posx":11,"posy":3,"amount":500},{"posx":15,"posy":3,"amount":400},{"posx":18,"posy":3,"amount":450},{"posx":14,"posy":4,"amount":300},{"posx":16,"posy":4,"amount":350},{"posx":2,"posy":5,"amount":100},{"posx":13,"posy":6,"amount":50},{"posx":18,"posy":6,"amount":550},{"posx":14,"posy":7,"amount":150},{"posx":16,"posy":7,"amount":450},{"posx":11,"posy":8,"amount":450}],"changedObstacles":[]},{"players":[{"playerId":2450708,"score":350,"energy":48,"posx":10,"posy":3,"lastAction":2,"status":0},{"playerId":3099802,"score":400,"energy":2,"posx":11,"posy":3,"lastAction":1,"status":0},{"playerId":2583616,"score":350,"energy":5,"posx":11,"posy":3,"lastAction":5,"status":0},{"playerId":2375363,"score":450,"energy":36,"posx":10,"posy":8,"lastAction":1,"status":0}],"golds":[{"posx":9,"posy":0,"amount":400},{"posx":7,"posy":1,"amount":100},{"posx":13,"posy":1,"amount":400},{"posx":2,"posy":2,"amount":350},{"posx":0,"posy":3,"amount":50},{"posx":11,"posy":3,"amount":450},{"posx":15,"posy":3,"amount":400},{"posx":18,"posy":3,"amount":450},{"posx":14,"posy":4,"amount":300},{"posx":16,"posy":4,"amount":350},{"posx":2,"posy":5,"amount":100},{"posx":13,"posy":6,"amount":50},{"posx":18,"posy":6,"amount":550},{"posx":14,"posy":7,"amount":150},{"posx":16,"posy":7,"amount":450},{"posx":11,"posy":8,"amount":450}],"changedObstacles":[{"type":0,"posx":10,"posy":8,"value":-1}]},{"players":[{"playerId":2450708,"score":350,"energy":44,"posx":11,"posy":3,"lastAction":1,"status":0},{"playerId":3099802,"score":400,"energy":14,"posx":11,"posy":3,"lastAction":4,"status":0},{"playerId":2583616,"score":350,"energy":4,"posx":12,"posy":3,"lastAction":1,"status":0},{"playerId":2375363,"score":450,"energy":32,"posx":11,"posy":8,"lastAction":1,"status":0}],"golds":[{"posx":9,"posy":0,"amount":400},{"posx":7,"posy":1,"amount":100},{"posx":13,"posy":1,"amount":400},{"posx":2,"posy":2,"amount":350},{"posx":0,"posy":3,"amount":50},{"posx":11,"posy":3,"amount":450},{"posx":15,"posy":3,"amount":400},{"posx":18,"posy":3,"amount":450},{"posx":14,"posy":4,"amount":300},{"posx":16,"posy":4,"amount":350},{"posx":2,"posy":5,"amount":100},{"posx":13,"posy":6,"amount":50},{"posx":18,"posy":6,"amount":550},{"posx":14,"posy":7,"amount":150},{"posx":16,"posy":7,"amount":450},{"posx":11,"posy":8,"amount":450}],"changedObstacles":[]},{"players":[{"playerId":2450708,"score":400,"energy":39,"posx":11,"posy":3,"lastAction":5,"status":0},{"playerId":3099802,"score":400,"energy":30,"posx":11,"posy":3,"lastAction":4,"status":0},{"playerId":2583616,"score":350,"energy":3,"posx":12,"posy":4,"lastAction":3,"status":0},{"playerId":2375363,"score":500,"energy":27,"posx":11,"posy":8,"lastAction":5,"status":0}],"golds":[{"posx":9,"posy":0,"amount":400},{"posx":7,"posy":1,"amount":100},{"posx":13,"posy":1,"amount":400},{"posx":2,"posy":2,"amount":350},{"posx":0,"posy":3,"amount":50},{"posx":11,"posy":3,"amount":400},{"posx":15,"posy":3,"amount":400},{"posx":18,"posy":3,"amount":450},{"posx":14,"posy":4,"amount":300},{"posx":16,"posy":4,"amount":350},{"posx":2,"posy":5,"amount":100},{"posx":13,"posy":6,"amount":50},{"posx":18,"posy":6,"amount":550},{"posx":14,"posy":7,"amount":150},{"posx":16,"posy":7,"amount":450},{"posx":11,"posy":8,"amount":400}],"changedObstacles":[]},{"players":[{"playerId":2450708,"score":450,"energy":34,"posx":11,"posy":3,"lastAction":5,"status":0},{"playerId":3099802,"score":450,"energy":25,"posx":11,"posy":3,"lastAction":5,"status":0},{"playerId":2583616,"score":350,"energy":2,"posx":13,"posy":4,"lastAction":1,"status":0},{"playerId":2375363,"score":550,"energy":22,"posx":11,"posy":8,"lastAction":5,"status":0}],"golds":[{"posx":9,"posy":0,"amount":400},{"posx":7,"posy":1,"amount":100},{"posx":13,"posy":1,"amount":400},{"posx":2,"posy":2,"amount":350},{"posx":0,"posy":3,"amount":50},{"posx":11,"posy":3,"amount":300},{"posx":15,"posy":3,"amount":400},{"posx":18,"posy":3,"amount":450},{"posx":14,"posy":4,"amount":300},{"posx":16,"posy":4,"amount":350},{"posx":2,"posy":5,"amount":100},{"posx":13,"posy":6,"amount":50},{"posx":18,"posy":6,"amount":550},{"posx":14,"posy":7,"amount":150},{"posx":16,"posy":7,"amount":450},{"posx":11,"posy":8,"amount":350}],"changedObstacles":[]},{"players":[{"playerId":2450708,"score":500,"energy":29,"posx":11,"posy":3,"lastAction":5,"status":0},{"playerId":3099802,"score":500,"energy":20,"posx":11,"posy":3,"lastAction":5,"status":0},{"playerId":2583616,"score":350,"energy":14,"posx":13,"posy":4,"lastAction":4,"status":0},{"playerId":2375363,"score":600,"energy":17,"posx":11,"posy":8,"lastAction":5,"status":0}],"golds":[{"posx":9,"posy":0,"amount":400},{"posx":7,"posy":1,"amount":100},{"posx":13,"posy":1,"amount":400},{"posx":2,"posy":2,"amount":350},{"posx":0,"posy":3,"amount":50},{"posx":11,"posy":3,"amount":200},{"posx":15,"posy":3,"amount":400},{"posx":18,"posy":3,"amount":450},{"posx":14,"posy":4,"amount":300},{"posx":16,"posy":4,"amount":350},{"posx":2,"posy":5,"amount":100},{"posx":13,"posy":6,"amount":50},{"posx":18,"posy":6,"amount":550},{"posx":14,"posy":7,"amount":150},{"posx":16,"posy":7,"amount":450},{"posx":11,"posy":8,"amount":300}],"changedObstacles":[]},{"players":[{"playerId":2450708,"score":550,"energy":24,"posx":11,"posy":3,"lastAction":5,"status":0},{"playerId":3099802,"score":550,"energy":15,"posx":11,"posy":3,"lastAction":5,"status":0},{"playerId":2583616,"score":350,"energy":30,"posx":13,"posy":4,"lastAction":4,"status":0},{"playerId":2375363,"score":650,"energy":12,"posx":11,"posy":8,"lastAction":5,"status":0}],"golds":[{"posx":9,"posy":0,"amount":400},{"posx":7,"posy":1,"amount":100},{"posx":13,"posy":1,"amount":400},{"posx":2,"posy":2,"amount":350},{"posx":0,"posy":3,"amount":50},{"posx":11,"posy":3,"amount":100},{"posx":15,"posy":3,"amount":400},{"posx":18,"posy":3,"amount":450},{"posx":14,"posy":4,"amount":300},{"posx":16,"posy":4,"amount":350},{"posx":2,"posy":5,"amount":100},{"posx":13,"posy":6,"amount":50},{"posx":18,"posy":6,"amount":550},{"posx":14,"posy":7,"amount":150},{"posx":16,"posy":7,"amount":450},{"posx":11,"posy":8,"amount":250}],"changedObstacles":[]},{"players":[{"playerId":2450708,"score":600,"energy":19,"posx":11,"posy":3,"lastAction":5,"status":0},{"playerId":3099802,"score":600,"energy":10,"posx":11,"posy":3,"lastAction":5,"status":0},{"playerId":2583616,"score":350,"energy":26,"posx":14,"posy":4,"lastAction":1,"status":0},{"playerId":2375363,"score":700,"energy":7,"posx":11,"posy":8,"lastAction":5,"status":0}],"golds":[{"posx":9,"posy":0,"amount":400},{"posx":7,"posy":1,"amount":100},{"posx":13,"posy":1,"amount":400},{"posx":2,"posy":2,"amount":350},{"posx":0,"posy":3,"amount":50},{"posx":15,"posy":3,"amount":400},{"posx":18,"posy":3,"amount":450},{"posx":14,"posy":4,"amount":300},{"posx":16,"posy":4,"amount":350},{"posx":2,"posy":5,"amount":100},{"posx":13,"posy":6,"amount":50},{"posx":18,"posy":6,"amount":550},{"posx":14,"posy":7,"amount":150},{"posx":16,"posy":7,"amount":450},{"posx":11,"posy":8,"amount":200}],"changedObstacles":[{"type":0,"posx":11,"posy":3,"value":-1}]},{"players":[{"playerId":2450708,"score":600,"energy":18,"posx":11,"posy":2,"lastAction":2,"status":0},{"playerId":3099802,"score":600,"energy":9,"posx":12,"posy":3,"lastAction":1,"status":0},{"playerId":2583616,"score":400,"energy":21,"posx":14,"posy":4,"lastAction":5,"status":0},{"playerId":2375363,"score":750,"energy":2,"posx":11,"posy":8,"lastAction":5,"status":0}],"golds":[{"posx":9,"posy":0,"amount":400},{"posx":7,"posy":1,"amount":100},{"posx":13,"posy":1,"amount":400},{"posx":2,"posy":2,"amount":350},{"posx":0,"posy":3,"amount":50},{"posx":15,"posy":3,"amount":400},{"posx":18,"posy":3,"amount":450},{"posx":14,"posy":4,"amount":250},{"posx":16,"posy":4,"amount":350},{"posx":2,"posy":5,"amount":100},{"posx":13,"posy":6,"amount":50},{"posx":18,"posy":6,"amount":550},{"posx":14,"posy":7,"amount":150},{"posx":16,"posy":7,"amount":450},{"posx":11,"posy":8,"amount":150}],"changedObstacles":[]},{"players":[{"playerId":2450708,"score":600,"energy":17,"posx":11,"posy":1,"lastAction":2,"status":0},{"playerId":3099802,"score":600,"energy":8,"posx":13,"posy":3,"lastAction":1,"status":0},{"playerId":2583616,"score":450,"energy":16,"posx":14,"posy":4,"lastAction":5,"status":0},{"playerId":2375363,"score":750,"energy":14,"posx":11,"posy":8,"lastAction":4,"status":0}],"golds":[{"posx":9,"posy":0,"amount":400},{"posx":7,"posy":1,"amount":100},{"posx":13,"posy":1,"amount":400},{"posx":2,"posy":2,"amount":350},{"posx":0,"posy":3,"amount":50},{"posx":15,"posy":3,"amount":400},{"posx":18,"posy":3,"amount":450},{"posx":14,"posy":4,"amount":200},{"posx":16,"posy":4,"amount":350},{"posx":2,"posy":5,"amount":100},{"posx":13,"posy":6,"amount":50},{"posx":18,"posy":6,"amount":550},{"posx":14,"posy":7,"amount":150},{"posx":16,"posy":7,"amount":450},{"posx":11,"posy":8,"amount":150}],"changedObstacles":[]},{"players":[{"playerId":2450708,"score":600,"energy":16,"posx":11,"posy":0,"lastAction":2,"status":0},{"playerId":3099802,"score":600,"energy":7,"posx":14,"posy":3,"lastAction":1,"status":0},{"playerId":2583616,"score":500,"energy":11,"posx":14,"posy":4,"lastAction":5,"status":0},{"playerId":2375363,"score":750,"energy":30,"posx":11,"posy":8,"lastAction":4,"status":0}],"golds":[{"posx":9,"posy":0,"amount":400},{"posx":7,"posy":1,"amount":100},{"posx":13,"posy":1,"amount":400},{"posx":2,"posy":2,"amount":350},{"posx":0,"posy":3,"amount":50},{"posx":15,"posy":3,"amount":400},{"posx":18,"posy":3,"amount":450},{"posx":14,"posy":4,"amount":150},{"posx":16,"posy":4,"amount":350},{"posx":2,"posy":5,"amount":100},{"posx":13,"posy":6,"amount":50},{"posx":18,"posy":6,"amount":550},{"posx":14,"posy":7,"amount":150},{"posx":16,"posy":7,"amount":450},{"posx":11,"posy":8,"amount":150}],"changedObstacles":[]},{"players":[{"playerId":2450708,"score":600,"energy":15,"posx":10,"posy":0,"lastAction":0,"status":0},{"playerId":3099802,"score":600,"energy":3,"posx":15,"posy":3,"lastAction":1,"status":0},{"playerId":2583616,"score":550,"energy":6,"posx":14,"posy":4,"lastAction":5,"status":0},{"playerId":2375363,"score":750,"energy":50,"posx":11,"posy":8,"lastAction":4,"status":0}],"golds":[{"posx":9,"posy":0,"amount":400},{"posx":7,"posy":1,"amount":100},{"posx":13,"posy":1,"amount":400},{"posx":2,"posy":2,"amount":350},{"posx":0,"posy":3,"amount":50},{"posx":15,"posy":3,"amount":400},{"posx":18,"posy":3,"amount":450},{"posx":14,"posy":4,"amount":100},{"posx":16,"posy":4,"amount":350},{"posx":2,"posy":5,"amount":100},{"posx":13,"posy":6,"amount":50},{"posx":18,"posy":6,"amount":550},{"posx":14,"posy":7,"amount":150},{"posx":16,"posy":7,"amount":450},{"posx":11,"posy":8,"amount":150}],"changedObstacles":[]},{"players":[{"playerId":2450708,"score":600,"energy":11,"posx":9,"posy":0,"lastAction":0,"status":0},{"playerId":3099802,"score":600,"energy":15,"posx":15,"posy":3,"lastAction":4,"status":0},{"playerId":2583616,"score":600,"energy":1,"posx":14,"posy":4,"lastAction":5,"status":0},{"playerId":2375363,"score":800,"energy":45,"posx":11,"posy":8,"lastAction":5,"status":0}],"golds":[{"posx":9,"posy":0,"amount":400},{"posx":7,"posy":1,"amount":100},{"posx":13,"posy":1,"amount":400},{"posx":2,"posy":2,"amount":350},{"posx":0,"posy":3,"amount":50},{"posx":15,"posy":3,"amount":400},{"posx":18,"posy":3,"amount":450},{"posx":14,"posy":4,"amount":50},{"posx":16,"posy":4,"amount":350},{"posx":2,"posy":5,"amount":100},{"posx":13,"posy":6,"amount":50},{"posx":18,"posy":6,"amount":550},{"posx":14,"posy":7,"amount":150},{"posx":16,"posy":7,"amount":450},{"posx":11,"posy":8,"amount":100}],"changedObstacles":[]},{"players":[{"playerId":2450708,"score":650,"energy":6,"posx":9,"posy":0,"lastAction":5,"status":0},{"playerId":3099802,"score":600,"energy":31,"posx":15,"posy":3,"lastAction":4,"status":0},{"playerId":2583616,"score":600,"energy":13,"posx":14,"posy":4,"lastAction":4,"status":0},{"playerId":2375363,"score":850,"energy":40,"posx":11,"posy":8,"lastAction":5,"status":0}],"golds":[{"posx":9,"posy":0,"amount":350},{"posx":7,"posy":1,"amount":100},{"posx":13,"posy":1,"amount":400},{"posx":2,"posy":2,"amount":350},{"posx":0,"posy":3,"amount":50},{"posx":15,"posy":3,"amount":400},{"posx":18,"posy":3,"amount":450},{"posx":14,"posy":4,"amount":50},{"posx":16,"posy":4,"amount":350},{"posx":2,"posy":5,"amount":100},{"posx":13,"posy":6,"amount":50},{"posx":18,"posy":6,"amount":550},{"posx":14,"posy":7,"amount":150},{"posx":16,"posy":7,"amount":450},{"posx":11,"posy":8,"amount":50}],"changedObstacles":[]},{"players":[{"playerId":2450708,"score":700,"energy":1,"posx":9,"posy":0,"lastAction":5,"status":0},{"playerId":3099802,"score":600,"energy":50,"posx":15,"posy":3,"lastAction":4,"status":0},{"playerId":2583616,"score":650,"energy":8,"posx":14,"posy":4,"lastAction":5,"status":0},{"playerId":2375363,"score":900,"energy":35,"posx":11,"posy":8,"lastAction":5,"status":0}],"golds":[{"posx":9,"posy":0,"amount":300},{"posx":7,"posy":1,"amount":100},{"posx":13,"posy":1,"amount":400},{"posx":2,"posy":2,"amount":350},{"posx":0,"posy":3,"amount":50},{"posx":15,"posy":3,"amount":400},{"posx":18,"posy":3,"amount":450},{"posx":16,"posy":4,"amount":350},{"posx":2,"posy":5,"amount":100},{"posx":13,"posy":6,"amount":50},{"posx":18,"posy":6,"amount":550},{"posx":14,"posy":7,"amount":150},{"posx":16,"posy":7,"amount":450}],"changedObstacles":[{"type":0,"posx":14,"posy":4,"value":-1},{"type":0,"posx":11,"posy":8,"value":-1}]},{"players":[{"playerId":2450708,"score":700,"energy":13,"posx":9,"posy":0,"lastAction":4,"status":0},{"playerId":3099802,"score":650,"energy":45,"posx":15,"posy":3,"lastAction":5,"status":0},{"playerId":2583616,"score":650,"energy":7,"posx":15,"posy":4,"lastAction":1,"status":0},{"playerId":2375363,"score":900,"energy":34,"posx":12,"posy":8,"lastAction":1,"status":0}],"golds":[{"posx":9,"posy":0,"amount":300},{"posx":7,"posy":1,"amount":100},{"posx":13,"posy":1,"amount":400},{"posx":2,"posy":2,"amount":350},{"posx":0,"posy":3,"amount":50},{"posx":15,"posy":3,"amount":350},{"posx":18,"posy":3,"amount":450},{"posx":16,"posy":4,"amount":350},{"posx":2,"posy":5,"amount":100},{"posx":13,"posy":6,"amount":50},{"posx":18,"posy":6,"amount":550},{"posx":14,"posy":7,"amount":150},{"posx":16,"posy":7,"amount":450}],"changedObstacles":[]},{"players":[{"playerId":2450708,"score":700,"energy":29,"posx":9,"posy":0,"lastAction":4,"status":0},{"playerId":3099802,"score":700,"energy":40,"posx":15,"posy":3,"lastAction":5,"status":0},{"playerId":2583616,"score":650,"energy":3,"posx":16,"posy":4,"lastAction":1,"status":0},{"playerId":2375363,"score":900,"energy":33,"posx":13,"posy":8,"lastAction":1,"status":0}],"golds":[{"posx":9,"posy":0,"amount":300},{"posx":7,"posy":1,"amount":100},{"posx":13,"posy":1,"amount":400},{"posx":2,"posy":2,"amount":350},{"posx":0,"posy":3,"amount":50},{"posx":15,"posy":3,"amount":300},{"posx":18,"posy":3,"amount":450},{"posx":16,"posy":4,"amount":350},{"posx":2,"posy":5,"amount":100},{"posx":13,"posy":6,"amount":50},{"posx":18,"posy":6,"amount":550},{"posx":14,"posy":7,"amount":150},{"posx":16,"posy":7,"amount":450}],"changedObstacles":[]},{"players":[{"playerId":2450708,"score":700,"energy":50,"posx":9,"posy":0,"lastAction":4,"status":0},{"playerId":3099802,"score":750,"energy":35,"posx":15,"posy":3,"lastAction":5,"status":0},{"playerId":2583616,"score":650,"energy":15,"posx":16,"posy":4,"lastAction":4,"status":0},{"playerId":2375363,"score":900,"energy":32,"posx":14,"posy":8,"lastAction":1,"status":0}],"golds":[{"posx":9,"posy":0,"amount":300},{"posx":7,"posy":1,"amount":100},{"posx":13,"posy":1,"amount":400},{"posx":2,"posy":2,"amount":350},{"posx":0,"posy":3,"amount":50},{"posx":15,"posy":3,"amount":250},{"posx":18,"posy":3,"amount":450},{"posx":16,"posy":4,"amount":350},{"posx":2,"posy":5,"amount":100},{"posx":13,"posy":6,"amount":50},{"posx":18,"posy":6,"amount":550},{"posx":14,"posy":7,"amount":150},{"posx":16,"posy":7,"amount":450}],"changedObstacles":[]},{"players":[{"playerId":2450708,"score":750,"energy":45,"posx":9,"posy":0,"lastAction":5,"status":0},{"playerId":3099802,"score":800,"energy":30,"posx":15,"posy":3,"lastAction":5,"status":0},{"playerId":2583616,"score":650,"energy":31,"posx":16,"posy":4,"lastAction":4,"status":0},{"playerId":2375363,"score":900,"energy":28,"posx":14,"posy":7,"lastAction":2,"status":0}],"golds":[{"posx":9,"posy":0,"amount":250},{"posx":7,"posy":1,"amount":100},{"posx":13,"posy":1,"amount":400},{"posx":2,"posy":2,"amount":350},{"posx":0,"posy":3,"amount":50},{"posx":15,"posy":3,"amount":200},{"posx":18,"posy":3,"amount":450},{"posx":16,"posy":4,"amount":350},{"posx":2,"posy":5,"amount":100},{"posx":13,"posy":6,"amount":50},{"posx":18,"posy":6,"amount":550},{"posx":14,"posy":7,"amount":150},{"posx":16,"posy":7,"amount":450}],"changedObstacles":[]},{"players":[{"playerId":2450708,"score":800,"energy":40,"posx":9,"posy":0,"lastAction":5,"status":0},{"playerId":3099802,"score":850,"energy":25,"posx":15,"posy":3,"lastAction":5,"status":0},{"playerId":2583616,"score":650,"energy":50,"posx":16,"posy":4,"lastAction":4,"status":0},{"playerId":2375363,"score":950,"energy":23,"posx":14,"posy":7,"lastAction":5,"status":0}],"golds":[{"posx":9,"posy":0,"amount":200},{"posx":7,"posy":1,"amount":100},{"posx":13,"posy":1,"amount":400},{"posx":2,"posy":2,"amount":350},{"posx":0,"posy":3,"amount":50},{"posx":15,"posy":3,"amount":150},{"posx":18,"posy":3,"amount":450},{"posx":16,"posy":4,"amount":350},{"posx":2,"posy":5,"amount":100},{"posx":13,"posy":6,"amount":50},{"posx":18,"posy":6,"amount":550},{"posx":14,"posy":7,"amount":100},{"posx":16,"posy":7,"amount":450}],"changedObstacles":[]},{"players":[{"playerId":2450708,"score":850,"energy":35,"posx":9,"posy":0,"lastAction":5,"status":0},{"playerId":3099802,"score":900,"energy":20,"posx":15,"posy":3,"lastAction":5,"status":0},{"playerId":2583616,"score":700,"energy":45,"posx":16,"posy":4,"lastAction":5,"status":0},{"playerId":2375363,"score":1000,"energy":18,"posx":14,"posy":7,"lastAction":5,"status":0}],"golds":[{"posx":9,"posy":0,"amount":150},{"posx":7,"posy":1,"amount":100},{"posx":13,"posy":1,"amount":400},{"posx":2,"posy":2,"amount":350},{"posx":0,"posy":3,"amount":50},{"posx":15,"posy":3,"amount":100},{"posx":18,"posy":3,"amount":450},{"posx":16,"posy":4,"amount":300},{"posx":2,"posy":5,"amount":100},{"posx":13,"posy":6,"amount":50},{"posx":18,"posy":6,"amount":550},{"posx":14,"posy":7,"amount":50},{"posx":16,"posy":7,"amount":450}],"changedObstacles":[]},{"players":[{"playerId":2450708,"score":900,"energy":30,"posx":9,"posy":0,"lastAction":5,"status":0},{"playerId":3099802,"score":950,"energy":15,"posx":15,"posy":3,"lastAction":5,"status":0},{"playerId":2583616,"score":750,"energy":40,"posx":16,"posy":4,"lastAction":5,"status":0},{"playerId":2375363,"score":1050,"energy":13,"posx":14,"posy":7,"lastAction":5,"status":0}],"golds":[{"posx":9,"posy":0,"amount":100},{"posx":7,"posy":1,"amount":100},{"posx":13,"posy":1,"amount":400},{"posx":2,"posy":2,"amount":350},{"posx":0,"posy":3,"amount":50},{"posx":15,"posy":3,"amount":50},{"posx":18,"posy":3,"amount":450},{"posx":16,"posy":4,"amount":250},{"posx":2,"posy":5,"amount":100},{"posx":13,"posy":6,"amount":50},{"posx":18,"posy":6,"amount":550},{"posx":16,"posy":7,"amount":450}],"changedObstacles":[{"type":0,"posx":14,"posy":7,"value":-1}]},{"players":[{"playerId":2450708,"score":950,"energy":25,"posx":9,"posy":0,"lastAction":5,"status":0},{"playerId":3099802,"score":1000,"energy":10,"posx":15,"posy":3,"lastAction":5,"status":0},{"playerId":2583616,"score":800,"energy":35,"posx":16,"posy":4,"lastAction":5,"status":0},{"playerId":2375363,"score":1050,"energy":12,"posx":15,"posy":7,"lastAction":1,"status":0}],"golds":[{"posx":9,"posy":0,"amount":50},{"posx":7,"posy":1,"amount":100},{"posx":13,"posy":1,"amount":400},{"posx":2,"posy":2,"amount":350},{"posx":0,"posy":3,"amount":50},{"posx":18,"posy":3,"amount":450},{"posx":16,"posy":4,"amount":200},{"posx":2,"posy":5,"amount":100},{"posx":13,"posy":6,"amount":50},{"posx":18,"posy":6,"amount":550},{"posx":16,"posy":7,"amount":450}],"changedObstacles":[{"type":0,"posx":15,"posy":3,"value":-1}]},{"players":[{"playerId":2450708,"score":1000,"energy":20,"posx":9,"posy":0,"lastAction":5,"status":0},{"playerId":3099802,"score":1000,"energy":9,"posx":16,"posy":3,"lastAction":1,"status":0},{"playerId":2583616,"score":850,"energy":30,"posx":16,"posy":4,"lastAction":5,"status":0},{"playerId":2375363,"score":1050,"energy":8,"posx":16,"posy":7,"lastAction":1,"status":0}],"golds":[{"posx":7,"posy":1,"amount":100},{"posx":13,"posy":1,"amount":400},{"posx":2,"posy":2,"amount":350},{"posx":0,"posy":3,"amount":50},{"posx":18,"posy":3,"amount":450},{"posx":16,"posy":4,"amount":150},{"posx":2,"posy":5,"amount":100},{"posx":13,"posy":6,"amount":50},{"posx":18,"posy":6,"amount":550},{"posx":16,"posy":7,"amount":450}],"changedObstacles":[{"type":0,"posx":9,"posy":0,"value":-1}]},{"players":[{"playerId":2450708,"score":1000,"energy":19,"posx":10,"posy":0,"lastAction":1,"status":0},{"playerId":3099802,"score":1000,"energy":8,"posx":17,"posy":3,"lastAction":1,"status":0},{"playerId":2583616,"score":900,"energy":25,"posx":16,"posy":4,"lastAction":5,"status":0},{"playerId":2375363,"score":1100,"energy":3,"posx":16,"posy":7,"lastAction":5,"status":0}],"golds":[{"posx":7,"posy":1,"amount":100},{"posx":13,"posy":1,"amount":400},{"posx":2,"posy":2,"amount":350},{"posx":0,"posy":3,"amount":50},{"posx":18,"posy":3,"amount":450},{"posx":16,"posy":4,"amount":100},{"posx":2,"posy":5,"amount":100},{"posx":13,"posy":6,"amount":50},{"posx":18,"posy":6,"amount":550},{"posx":16,"posy":7,"amount":400}],"changedObstacles":[]},{"players":[{"playerId":2450708,"score":1000,"energy":18,"posx":11,"posy":0,"lastAction":1,"status":0},{"playerId":3099802,"score":1000,"energy":4,"posx":18,"posy":3,"lastAction":1,"status":0},{"playerId":2583616,"score":950,"energy":20,"posx":16,"posy":4,"lastAction":5,"status":0},{"playerId":2375363,"score":1100,"energy":15,"posx":16,"posy":7,"lastAction":4,"status":0}],"golds":[{"posx":7,"posy":1,"amount":100},{"posx":13,"posy":1,"amount":400},{"posx":2,"posy":2,"amount":350},{"posx":0,"posy":3,"amount":50},{"posx":18,"posy":3,"amount":450},{"posx":16,"posy":4,"amount":50},{"posx":2,"posy":5,"amount":100},{"posx":13,"posy":6,"amount":50},{"posx":18,"posy":6,"amount":550},{"posx":16,"posy":7,"amount":400}],"changedObstacles":[]},{"players":[{"playerId":2450708,"score":1000,"energy":17,"posx":12,"posy":0,"lastAction":1,"status":0},{"playerId":3099802,"score":1000,"energy":16,"posx":18,"posy":3,"lastAction":4,"status":0},{"playerId":2583616,"score":1000,"energy":15,"posx":16,"posy":4,"lastAction":5,"status":0},{"playerId":2375363,"score":1100,"energy":31,"posx":16,"posy":7,"lastAction":4,"status":0}],"golds":[{"posx":7,"posy":1,"amount":100},{"posx":13,"posy":1,"amount":400},{"posx":2,"posy":2,"amount":350},{"posx":0,"posy":3,"amount":50},{"posx":18,"posy":3,"amount":450},{"posx":2,"posy":5,"amount":100},{"posx":13,"posy":6,"amount":50},{"posx":18,"posy":6,"amount":550},{"posx":16,"posy":7,"amount":400}],"changedObstacles":[{"type":0,"posx":16,"posy":4,"value":-1}]},{"players":[{"playerId":2450708,"score":1000,"energy":16,"posx":13,"posy":0,"lastAction":1,"status":0},{"playerId":3099802,"score":1000,"energy":32,"posx":18,"posy":3,"lastAction":4,"status":0},{"playerId":2583616,"score":1000,"energy":14,"posx":16,"posy":5,"lastAction":3,"status":0},{"playerId":2375363,"score":1100,"energy":50,"posx":16,"posy":7,"lastAction":4,"status":0}],"golds":[{"posx":7,"posy":1,"amount":100},{"posx":13,"posy":1,"amount":400},{"posx":2,"posy":2,"amount":350},{"posx":0,"posy":3,"amount":50},{"posx":18,"posy":3,"amount":450},{"posx":2,"posy":5,"amount":100},{"posx":13,"posy":6,"amount":50},{"posx":18,"posy":6,"amount":550},{"posx":16,"posy":7,"amount":400}],"changedObstacles":[]},{"players":[{"playerId":2450708,"score":1000,"energy":12,"posx":13,"posy":1,"lastAction":3,"status":0},{"playerId":3099802,"score":1000,"energy":50,"posx":18,"posy":3,"lastAction":4,"status":0},{"playerId":2583616,"score":1000,"energy":13,"posx":16,"posy":6,"lastAction":3,"status":0},{"playerId":2375363,"score":1150,"energy":45,"posx":16,"posy":7,"lastAction":5,"status":0}],"golds":[{"posx":7,"posy":1,"amount":100},{"posx":13,"posy":1,"amount":400},{"posx":2,"posy":2,"amount":350},{"posx":0,"posy":3,"amount":50},{"posx":18,"posy":3,"amount":450},{"posx":2,"posy":5,"amount":100},{"posx":13,"posy":6,"amount":50},{"posx":18,"posy":6,"amount":550},{"posx":16,"posy":7,"amount":350}],"changedObstacles":[]},{"players":[{"playerId":2450708,"score":1050,"energy":7,"posx":13,"posy":1,"lastAction":5,"status":0},{"playerId":3099802,"score":1050,"energy":45,"posx":18,"posy":3,"lastAction":5,"status":0},{"playerId":2583616,"score":1000,"energy":8,"posx":17,"posy":6,"lastAction":1,"status":0},{"playerId":2375363,"score":1200,"energy":40,"posx":16,"posy":7,"lastAction":5,"status":0}],"golds":[{"posx":7,"posy":1,"amount":100},{"posx":13,"posy":1,"amount":350},{"posx":2,"posy":2,"amount":350},{"posx":0,"posy":3,"amount":50},{"posx":18,"posy":3,"amount":400},{"posx":2,"posy":5,"amount":100},{"posx":13,"posy":6,"amount":50},{"posx":18,"posy":6,"amount":550},{"posx":16,"posy":7,"amount":300}],"changedObstacles":[{"type":3,"posx":17,"posy":6,"value":-20}]},{"players":[{"playerId":2450708,"score":1100,"energy":2,"posx":13,"posy":1,"lastAction":5,"status":0},{"playerId":3099802,"score":1100,"energy":40,"posx":18,"posy":3,"lastAction":5,"status":0},{"playerId":2583616,"score":1000,"energy":4,"posx":18,"posy":6,"lastAction":1,"status":0},{"playerId":2375363,"score":1250,"energy":35,"posx":16,"posy":7,"lastAction":5,"status":0}],"golds":[{"posx":7,"posy":1,"amount":100},{"posx":13,"posy":1,"amount":300},{"posx":2,"posy":2,"amount":350},{"posx":0,"posy":3,"amount":50},{"posx":18,"posy":3,"amount":350},{"posx":2,"posy":5,"amount":100},{"posx":13,"posy":6,"amount":50},{"posx":18,"posy":6,"amount":550},{"posx":16,"posy":7,"amount":250}],"changedObstacles":[]},{"players":[{"playerId":2450708,"score":1100,"energy":14,"posx":13,"posy":1,"lastAction":4,"status":0},{"playerId":3099802,"score":1150,"energy":35,"posx":18,"posy":3,"lastAction":5,"status":0},{"playerId":2583616,"score":1000,"energy":16,"posx":18,"posy":6,"lastAction":4,"status":0},{"playerId":2375363,"score":1300,"energy":30,"posx":16,"posy":7,"lastAction":5,"status":0}],"golds":[{"posx":7,"posy":1,"amount":100},{"posx":13,"posy":1,"amount":300},{"posx":2,"posy":2,"amount":350},{"posx":0,"posy":3,"amount":50},{"posx":18,"posy":3,"amount":300},{"posx":2,"posy":5,"amount":100},{"posx":13,"posy":6,"amount":50},{"posx":18,"posy":6,"amount":550},{"posx":16,"posy":7,"amount":200}],"changedObstacles":[]},{"players":[{"playerId":2450708,"score":1100,"energy":30,"posx":13,"posy":1,"lastAction":4,"status":0},{"playerId":3099802,"score":1200,"energy":30,"posx":18,"posy":3,"lastAction":5,"status":0},{"playerId":2583616,"score":1000,"energy":32,"posx":18,"posy":6,"lastAction":4,"status":0},{"playerId":2375363,"score":1350,"energy":25,"posx":16,"posy":7,"lastAction":5,"status":0}],"golds":[{"posx":7,"posy":1,"amount":100},{"posx":13,"posy":1,"amount":300},{"posx":2,"posy":2,"amount":350},{"posx":0,"posy":3,"amount":50},{"posx":18,"posy":3,"amount":250},{"posx":2,"posy":5,"amount":100},{"posx":13,"posy":6,"amount":50},{"posx":18,"posy":6,"amount":550},{"posx":16,"posy":7,"amount":150}],"changedObstacles":[]},{"players":[{"playerId":2450708,"score":1100,"energy":50,"posx":13,"posy":1,"lastAction":4,"status":0},{"playerId":3099802,"score":1250,"energy":25,"posx":18,"posy":3,"lastAction":5,"status":0},{"playerId":2583616,"score":1000,"energy":50,"posx":18,"posy":6,"lastAction":4,"status":0},{"playerId":2375363,"score":1400,"energy":20,"posx":16,"posy":7,"lastAction":5,"status":0}],"golds":[{"posx":7,"posy":1,"amount":100},{"posx":13,"posy":1,"amount":300},{"posx":2,"posy":2,"amount":350},{"posx":0,"posy":3,"amount":50},{"posx":18,"posy":3,"amount":200},{"posx":2,"posy":5,"amount":100},{"posx":13,"posy":6,"amount":50},{"posx":18,"posy":6,"amount":550},{"posx":16,"posy":7,"amount":100}],"changedObstacles":[]},{"players":[{"playerId":2450708,"score":1150,"energy":45,"posx":13,"posy":1,"lastAction":5,"status":0},{"playerId":3099802,"score":1300,"energy":20,"posx":18,"posy":3,"lastAction":5,"status":0},{"playerId":2583616,"score":1050,"energy":45,"posx":18,"posy":6,"lastAction":5,"status":0},{"playerId":2375363,"score":1450,"energy":15,"posx":16,"posy":7,"lastAction":5,"status":0}],"golds":[{"posx":7,"posy":1,"amount":100},{"posx":13,"posy":1,"amount":250},{"posx":2,"posy":2,"amount":350},{"posx":0,"posy":3,"amount":50},{"posx":18,"posy":3,"amount":150},{"posx":2,"posy":5,"amount":100},{"posx":13,"posy":6,"amount":50},{"posx":18,"posy":6,"amount":500},{"posx":16,"posy":7,"amount":50}],"changedObstacles":[]},{"players":[{"playerId":2450708,"score":1200,"energy":40,"posx":13,"posy":1,"lastAction":5,"status":0},{"playerId":3099802,"score":1350,"energy":15,"posx":18,"posy":3,"lastAction":5,"status":0},{"playerId":2583616,"score":1100,"energy":40,"posx":18,"posy":6,"lastAction":5,"status":0},{"playerId":2375363,"score":1500,"energy":10,"posx":16,"posy":7,"lastAction":5,"status":0}],"golds":[{"posx":7,"posy":1,"amount":100},{"posx":13,"posy":1,"amount":200},{"posx":2,"posy":2,"amount":350},{"posx":0,"posy":3,"amount":50},{"posx":18,"posy":3,"amount":100},{"posx":2,"posy":5,"amount":100},{"posx":13,"posy":6,"amount":50},{"posx":18,"posy":6,"amount":450}],"changedObstacles":[{"type":0,"posx":16,"posy":7,"value":-1}]},{"players":[{"playerId":2450708,"score":1250,"energy":35,"posx":13,"posy":1,"lastAction":5,"status":0},{"playerId":3099802,"score":1400,"energy":10,"posx":18,"posy":3,"lastAction":5,"status":0},{"playerId":2583616,"score":1150,"energy":35,"posx":18,"posy":6,"lastAction":5,"status":0},{"playerId":2375363,"score":1500,"energy":22,"posx":16,"posy":7,"lastAction":4,"status":0}],"golds":[{"posx":7,"posy":1,"amount":100},{"posx":13,"posy":1,"amount":150},{"posx":2,"posy":2,"amount":350},{"posx":0,"posy":3,"amount":50},{"posx":18,"posy":3,"amount":50},{"posx":2,"posy":5,"amount":100},{"posx":13,"posy":6,"amount":50},{"posx":18,"posy":6,"amount":400}],"changedObstacles":[]},{"players":[{"playerId":2450708,"score":1300,"energy":30,"posx":13,"posy":1,"lastAction":5,"status":0},{"playerId":3099802,"score":1450,"energy":5,"posx":18,"posy":3,"lastAction":5,"status":0},{"playerId":2583616,"score":1200,"energy":30,"posx":18,"posy":6,"lastAction":5,"status":0},{"playerId":2375363,"score":1500,"energy":38,"posx":16,"posy":7,"lastAction":4,"status":0}],"golds":[{"posx":7,"posy":1,"amount":100},{"posx":13,"posy":1,"amount":100},{"posx":2,"posy":2,"amount":350},{"posx":0,"posy":3,"amount":50},{"posx":2,"posy":5,"amount":100},{"posx":13,"posy":6,"amount":50},{"posx":18,"posy":6,"amount":350}],"changedObstacles":[{"type":0,"posx":18,"posy":3,"value":-1}]},{"players":[{"playerId":2450708,"score":1350,"energy":25,"posx":13,"posy":1,"lastAction":5,"status":0},{"playerId":3099802,"score":1450,"energy":4,"posx":18,"posy":2,"lastAction":2,"status":0},{"playerId":2583616,"score":1250,"energy":25,"posx":18,"posy":6,"lastAction":5,"status":0},{"playerId":2375363,"score":1500,"energy":37,"posx":17,"posy":7,"lastAction":1,"status":0}],"golds":[{"posx":7,"posy":1,"amount":100},{"posx":13,"posy":1,"amount":50},{"posx":2,"posy":2,"amount":350},{"posx":0,"posy":3,"amount":50},{"posx":2,"posy":5,"amount":100},{"posx":13,"posy":6,"amount":50},{"posx":18,"posy":6,"amount":300}],"changedObstacles":[]},{"players":[{"playerId":2450708,"score":1400,"energy":20,"posx":13,"posy":1,"lastAction":5,"status":0},{"playerId":3099802,"score":1450,"energy":3,"posx":17,"posy":2,"lastAction":0,"status":0},{"playerId":2583616,"score":1300,"energy":20,"posx":18,"posy":6,"lastAction":5,"status":0},{"playerId":2375363,"score":1500,"energy":49,"posx":17,"posy":7,"lastAction":4,"status":0}],"golds":[{"posx":7,"posy":1,"amount":100},{"posx":2,"posy":2,"amount":350},{"posx":0,"posy":3,"amount":50},{"posx":2,"posy":5,"amount":100},{"posx":13,"posy":6,"amount":50},{"posx":18,"posy":6,"amount":250}],"changedObstacles":[{"type":0,"posx":13,"posy":1,"value":-1}]},{"players":[{"playerId":2450708,"score":1400,"energy":19,"posx":12,"posy":1,"lastAction":0,"status":0},{"playerId":3099802,"score":1450,"energy":2,"posx":16,"posy":2,"lastAction":0,"status":0},{"playerId":2583616,"score":1350,"energy":15,"posx":18,"posy":6,"lastAction":5,"status":0},{"playerId":2375363,"score":1500,"energy":48,"posx":17,"posy":8,"lastAction":3,"status":0}],"golds":[{"posx":7,"posy":1,"amount":100},{"posx":2,"posy":2,"amount":350},{"posx":0,"posy":3,"amount":50},{"posx":2,"posy":5,"amount":100},{"posx":13,"posy":6,"amount":50},{"posx":18,"posy":6,"amount":200}],"changedObstacles":[]},{"players":[{"playerId":2450708,"score":1400,"energy":18,"posx":11,"posy":1,"lastAction":0,"status":0},{"playerId":3099802,"score":1450,"energy":1,"posx":15,"posy":2,"lastAction":0,"status":0},{"playerId":2583616,"score":1400,"energy":10,"posx":18,"posy":6,"lastAction":5,"status":0},{"playerId":2375363,"score":1500,"energy":47,"posx":16,"posy":8,"lastAction":0,"status":0}],"golds":[{"posx":7,"posy":1,"amount":100},{"posx":2,"posy":2,"amount":350},{"posx":0,"posy":3,"amount":50},{"posx":2,"posy":5,"amount":100},{"posx":13,"posy":6,"amount":50},{"posx":18,"posy":6,"amount":150}],"changedObstacles":[]},{"players":[{"playerId":2450708,"score":1400,"energy":17,"posx":10,"posy":1,"lastAction":0,"status":0},{"playerId":3099802,"score":1450,"energy":13,"posx":15,"posy":2,"lastAction":4,"status":0},{"playerId":2583616,"score":1450,"energy":5,"posx":18,"posy":6,"lastAction":5,"status":0},{"playerId":2375363,"score":1500,"energy":46,"posx":16,"posy":7,"lastAction":2,"status":0}],"golds":[{"posx":7,"posy":1,"amount":100},{"posx":2,"posy":2,"amount":350},{"posx":0,"posy":3,"amount":50},{"posx":2,"posy":5,"amount":100},{"posx":13,"posy":6,"amount":50},{"posx":18,"posy":6,"amount":100}],"changedObstacles":[]},{"players":[{"playerId":2450708,"score":1400,"energy":16,"posx":9,"posy":1,"lastAction":0,"status":0},{"playerId":3099802,"score":1450,"energy":12,"posx":14,"posy":2,"lastAction":0,"status":0},{"playerId":2583616,"score":1450,"energy":17,"posx":18,"posy":6,"lastAction":4,"status":0},{"playerId":2375363,"score":1500,"energy":45,"posx":15,"posy":7,"lastAction":0,"status":0}],"golds":[{"posx":7,"posy":1,"amount":100},{"posx":2,"posy":2,"amount":350},{"posx":0,"posy":3,"amount":50},{"posx":2,"posy":5,"amount":100},{"posx":13,"posy":6,"amount":50},{"posx":18,"posy":6,"amount":100}],"changedObstacles":[]},{"players":[{"playerId":2450708,"score":1400,"energy":15,"posx":8,"posy":1,"lastAction":0,"status":0},{"playerId":3099802,"score":1450,"energy":11,"posx":13,"posy":2,"lastAction":0,"status":0},{"playerId":2583616,"score":1500,"energy":12,"posx":18,"posy":6,"lastAction":5,"status":0},{"playerId":2375363,"score":1500,"energy":44,"posx":15,"posy":6,"lastAction":2,"status":0}],"golds":[{"posx":7,"posy":1,"amount":100},{"posx":2,"posy":2,"amount":350},{"posx":0,"posy":3,"amount":50},{"posx":2,"posy":5,"amount":100},{"posx":13,"posy":6,"amount":50},{"posx":18,"posy":6,"amount":50}],"changedObstacles":[]},{"players":[{"playerId":2450708,"score":1400,"energy":14,"posx":8,"posy":2,"lastAction":3,"status":0},{"playerId":3099802,"score":1450,"energy":10,"posx":12,"posy":2,"lastAction":0,"status":0},{"playerId":2583616,"score":1550,"energy":7,"posx":18,"posy":6,"lastAction":5,"status":0},{"playerId":2375363,"score":1500,"energy":43,"posx":14,"posy":6,"lastAction":0,"status":0}],"golds":[{"posx":7,"posy":1,"amount":100},{"posx":2,"posy":2,"amount":350},{"posx":0,"posy":3,"amount":50},{"posx":2,"posy":5,"amount":100},{"posx":13,"posy":6,"amount":50}],"changedObstacles":[{"type":0,"posx":18,"posy":6,"value":-1}]},{"players":[{"playerId":2450708,"score":1400,"energy":13,"posx":7,"posy":2,"lastAction":0,"status":0},{"playerId":3099802,"score":1450,"energy":9,"posx":11,"posy":2,"lastAction":0,"status":0},{"playerId":2583616,"score":1550,"energy":6,"posx":18,"posy":5,"lastAction":2,"status":0},{"playerId":2375363,"score":1500,"energy":39,"posx":13,"posy":6,"lastAction":0,"status":0}],"golds":[{"posx":7,"posy":1,"amount":100},{"posx":2,"posy":2,"amount":350},{"posx":0,"posy":3,"amount":50},{"posx":2,"posy":5,"amount":100},{"posx":13,"posy":6,"amount":50}],"changedObstacles":[]},{"players":[{"playerId":2450708,"score":1400,"energy":12,"posx":6,"posy":2,"lastAction":0,"status":0},{"playerId":3099802,"score":1450,"energy":8,"posx":10,"posy":2,"lastAction":0,"status":0},{"playerId":2583616,"score":1550,"energy":5,"posx":18,"posy":4,"lastAction":2,"status":0},{"playerId":2375363,"score":1550,"energy":34,"posx":13,"posy":6,"lastAction":5,"status":0}],"golds":[{"posx":7,"posy":1,"amount":100},{"posx":2,"posy":2,"amount":350},{"posx":0,"posy":3,"amount":50},{"posx":2,"posy":5,"amount":100}],"changedObstacles":[{"type":0,"posx":13,"posy":6,"value":-1}]},{"players":[{"playerId":2450708,"score":1400,"energy":11,"posx":5,"posy":2,"lastAction":0,"status":0},{"playerId":3099802,"score":1450,"energy":7,"posx":9,"posy":2,"lastAction":0,"status":0},{"playerId":2583616,"score":1550,"energy":4,"posx":18,"posy":3,"lastAction":2,"status":0},{"playerId":2375363,"score":1550,"energy":33,"posx":13,"posy":7,"lastAction":3,"status":0}],"golds":[{"posx":7,"posy":1,"amount":100},{"posx":2,"posy":2,"amount":350},{"posx":0,"posy":3,"amount":50},{"posx":2,"posy":5,"amount":100}],"changedObstacles":[]},{"players":[{"playerId":2450708,"score":1400,"energy":10,"posx":4,"posy":2,"lastAction":0,"status":0},{"playerId":3099802,"score":1450,"energy":6,"posx":8,"posy":2,"lastAction":0,"status":0},{"playerId":2583616,"score":1550,"energy":3,"posx":18,"posy":2,"lastAction":2,"status":0},{"playerId":2375363,"score":1550,"energy":32,"posx":12,"posy":7,"lastAction":0,"status":0}],"golds":[{"posx":7,"posy":1,"amount":100},{"posx":2,"posy":2,"amount":350},{"posx":0,"posy":3,"amount":50},{"posx":2,"posy":5,"amount":100}],"changedObstacles":[]},{"players":[{"playerId":2450708,"score":1400,"energy":9,"posx":3,"posy":2,"lastAction":0,"status":0},{"playerId":3099802,"score":1450,"energy":5,"posx":7,"posy":2,"lastAction":0,"status":0},{"playerId":2583616,"score":1550,"energy":2,"posx":17,"posy":2,"lastAction":0,"status":0},{"playerId":2375363,"score":1550,"energy":31,"posx":11,"posy":7,"lastAction":0,"status":0}],"golds":[{"posx":7,"posy":1,"amount":100},{"posx":2,"posy":2,"amount":350},{"posx":0,"posy":3,"amount":50},{"posx":2,"posy":5,"amount":100}],"changedObstacles":[]},{"players":[{"playerId":2450708,"score":1400,"energy":5,"posx":2,"posy":2,"lastAction":0,"status":0},{"playerId":3099802,"score":1450,"energy":4,"posx":6,"posy":2,"lastAction":0,"status":0},{"playerId":2583616,"score":1550,"energy":1,"posx":16,"posy":2,"lastAction":0,"status":0},{"playerId":2375363,"score":1550,"energy":43,"posx":11,"posy":7,"lastAction":4,"status":0}],"golds":[{"posx":7,"posy":1,"amount":100},{"posx":2,"posy":2,"amount":350},{"posx":0,"posy":3,"amount":50},{"posx":2,"posy":5,"amount":100}],"changedObstacles":[]},{"players":[{"playerId":2450708,"score":1400,"energy":17,"posx":2,"posy":2,"lastAction":4,"status":0},{"playerId":3099802,"score":1450,"energy":3,"posx":5,"posy":2,"lastAction":0,"status":0},{"playerId":2583616,"score":1550,"energy":13,"posx":16,"posy":2,"lastAction":4,"status":0},{"playerId":2375363,"score":1550,"energy":42,"posx":11,"posy":6,"lastAction":2,"status":0}],"golds":[{"posx":7,"posy":1,"amount":100},{"posx":2,"posy":2,"amount":350},{"posx":0,"posy":3,"amount":50},{"posx":2,"posy":5,"amount":100}],"changedObstacles":[]},{"players":[{"playerId":2450708,"score":1400,"energy":33,"posx":2,"posy":2,"lastAction":4,"status":0},{"playerId":3099802,"score":1450,"energy":2,"posx":4,"posy":2,"lastAction":0,"status":0},{"playerId":2583616,"score":1550,"energy":29,"posx":16,"posy":2,"lastAction":4,"status":0},{"playerId":2375363,"score":1550,"energy":41,"posx":10,"posy":6,"lastAction":0,"status":0}],"golds":[{"posx":7,"posy":1,"amount":100},{"posx":2,"posy":2,"amount":350},{"posx":0,"posy":3,"amount":50},{"posx":2,"posy":5,"amount":100}],"changedObstacles":[]},{"players":[{"playerId":2450708,"score":1450,"energy":28,"posx":2,"posy":2,"lastAction":5,"status":0},{"playerId":3099802,"score":1450,"energy":1,"posx":3,"posy":2,"lastAction":0,"status":0},{"playerId":2583616,"score":1550,"energy":28,"posx":16,"posy":1,"lastAction":2,"status":0},{"playerId":2375363,"score":1550,"energy":40,"posx":9,"posy":6,"lastAction":0,"status":0}],"golds":[{"posx":7,"posy":1,"amount":100},{"posx":2,"posy":2,"amount":300},{"posx":0,"posy":3,"amount":50},{"posx":2,"posy":5,"amount":100}],"changedObstacles":[]},{"players":[{"playerId":2450708,"score":1500,"energy":23,"posx":2,"posy":2,"lastAction":5,"status":0},{"playerId":3099802,"score":1450,"energy":13,"posx":3,"posy":2,"lastAction":4,"status":0},{"playerId":2583616,"score":1550,"energy":27,"posx":15,"posy":1,"lastAction":0,"status":0},{"playerId":2375363,"score":1550,"energy":39,"posx":9,"posy":5,"lastAction":2,"status":0}],"golds":[{"posx":7,"posy":1,"amount":100},{"posx":2,"posy":2,"amount":250},{"posx":0,"posy":3,"amount":50},{"posx":2,"posy":5,"amount":100}],"changedObstacles":[]},{"players":[{"playerId":2450708,"score":1550,"energy":18,"posx":2,"posy":2,"lastAction":5,"status":0},{"playerId":3099802,"score":1450,"energy":9,"posx":2,"posy":2,"lastAction":0,"status":0},{"playerId":2583616,"score":1550,"energy":26,"posx":14,"posy":1,"lastAction":0,"status":0},{"playerId":2375363,"score":1550,"energy":38,"posx":9,"posy":4,"lastAction":2,"status":0}],"golds":[{"posx":7,"posy":1,"amount":100},{"posx":2,"posy":2,"amount":200},{"posx":0,"posy":3,"amount":50},{"posx":2,"posy":5,"amount":100}],"changedObstacles":[]},{"players":[{"playerId":2450708,"score":1600,"energy":13,"posx":2,"posy":2,"lastAction":5,"status":0},{"playerId":3099802,"score":1450,"energy":21,"posx":2,"posy":2,"lastAction":4,"status":0},{"playerId":2583616,"score":1550,"energy":25,"posx":13,"posy":1,"lastAction":0,"status":0},{"playerId":2375363,"score":1550,"energy":37,"posx":10,"posy":4,"lastAction":1,"status":0}],"golds":[{"posx":7,"posy":1,"amount":100},{"posx":2,"posy":2,"amount":150},{"posx":0,"posy":3,"amount":50},{"posx":2,"posy":5,"amount":100}],"changedObstacles":[]},{"players":[{"playerId":2450708,"score":1650,"energy":8,"posx":2,"posy":2,"lastAction":5,"status":0},{"playerId":3099802,"score":1500,"energy":16,"posx":2,"posy":2,"lastAction":5,"status":0},{"playerId":2583616,"score":1550,"energy":24,"posx":12,"posy":1,"lastAction":0,"status":0},{"playerId":2375363,"score":1550,"energy":36,"posx":11,"posy":4,"lastAction":1,"status":0}],"golds":[{"posx":7,"posy":1,"amount":100},{"posx":2,"posy":2,"amount":50},{"posx":0,"posy":3,"amount":50},{"posx":2,"posy":5,"amount":100}],"changedObstacles":[]},{"players":[{"playerId":2450708,"score":1700,"energy":3,"posx":2,"posy":2,"lastAction":5,"status":0},{"playerId":3099802,"score":1500,"energy":15,"posx":2,"posy":3,"lastAction":3,"status":0},{"playerId":2583616,"score":1550,"energy":23,"posx":11,"posy":1,"lastAction":0,"status":0},{"playerId":2375363,"score":1550,"energy":35,"posx":12,"posy":4,"lastAction":1,"status":0}],"golds":[{"posx":7,"posy":1,"amount":100},{"posx":0,"posy":3,"amount":50},{"posx":2,"posy":5,"amount":100}],"changedObstacles":[{"type":0,"posx":2,"posy":2,"value":-1}]},{"players":[{"playerId":2450708,"score":1700,"energy":2,"posx":2,"posy":3,"lastAction":3,"status":0},{"playerId":3099802,"score":1500,"energy":14,"posx":2,"posy":4,"lastAction":3,"status":0},{"playerId":2583616,"score":1550,"energy":22,"posx":10,"posy":1,"lastAction":0,"status":0},{"playerId":2375363,"score":1550,"energy":34,"posx":12,"posy":3,"lastAction":2,"status":0}],"golds":[{"posx":7,"posy":1,"amount":100},{"posx":0,"posy":3,"amount":50},{"posx":2,"posy":5,"amount":100}],"changedObstacles":[]},{"players":[{"playerId":2450708,"score":1700,"energy":1,"posx":2,"posy":4,"lastAction":3,"status":0},{"playerId":3099802,"score":1500,"energy":10,"posx":2,"posy":5,"lastAction":3,"status":0},{"playerId":2583616,"score":1550,"energy":21,"posx":9,"posy":1,"lastAction":0,"status":0},{"playerId":2375363,"score":1550,"energy":33,"posx":12,"posy":2,"lastAction":2,"status":0}],"golds":[{"posx":7,"posy":1,"amount":100},{"posx":0,"posy":3,"amount":50},{"posx":2,"posy":5,"amount":100}],"changedObstacles":[]},{"players":[{"playerId":2450708,"score":1700,"energy":13,"posx":2,"posy":4,"lastAction":4,"status":0},{"playerId":3099802,"score":1500,"energy":22,"posx":2,"posy":5,"lastAction":4,"status":0},{"playerId":2583616,"score":1550,"energy":20,"posx":8,"posy":1,"lastAction":0,"status":0},{"playerId":2375363,"score":1550,"energy":32,"posx":11,"posy":2,"lastAction":0,"status":0}],"golds":[{"posx":7,"posy":1,"amount":100},{"posx":0,"posy":3,"amount":50},{"posx":2,"posy":5,"amount":100}],"changedObstacles":[]},{"players":[{"playerId":2450708,"score":1700,"energy":9,"posx":2,"posy":5,"lastAction":3,"status":0},{"playerId":3099802,"score":1550,"energy":17,"posx":2,"posy":5,"lastAction":5,"status":0},{"playerId":2583616,"score":1550,"energy":16,"posx":7,"posy":1,"lastAction":0,"status":0},{"playerId":2375363,"score":1550,"energy":31,"posx":10,"posy":2,"lastAction":0,"status":0}],"golds":[{"posx":7,"posy":1,"amount":100},{"posx":0,"posy":3,"amount":50},{"posx":2,"posy":5,"amount":50}],"changedObstacles":[]},{"players":[{"playerId":2450708,"score":1750,"energy":4,"posx":2,"posy":5,"lastAction":5,"status":0},{"playerId":3099802,"score":1550,"energy":16,"posx":2,"posy":4,"lastAction":2,"status":0},{"playerId":2583616,"score":1600,"energy":11,"posx":7,"posy":1,"lastAction":5,"status":0},{"playerId":2375363,"score":1550,"energy":30,"posx":9,"posy":2,"lastAction":0,"status":0}],"golds":[{"posx":7,"posy":1,"amount":50},{"posx":0,"posy":3,"amount":50}],"changedObstacles":[{"type":0,"posx":2,"posy":5,"value":-1}]},{"players":[{"playerId":2450708,"score":1750,"energy":3,"posx":2,"posy":4,"lastAction":2,"status":0},{"playerId":3099802,"score":1550,"energy":15,"posx":2,"posy":3,"lastAction":2,"status":0},{"playerId":2583616,"score":1650,"energy":6,"posx":7,"posy":1,"lastAction":5,"status":0},{"playerId":2375363,"score":1550,"energy":29,"posx":9,"posy":1,"lastAction":2,"status":0}],"golds":[{"posx":0,"posy":3,"amount":50}],"changedObstacles":[{"type":0,"posx":7,"posy":1,"value":-1}]},{"players":[{"playerId":2450708,"score":1750,"energy":2,"posx":2,"posy":3,"lastAction":2,"status":0},{"playerId":3099802,"score":1550,"energy":14,"posx":1,"posy":3,"lastAction":0,"status":0},{"playerId":2583616,"score":1650,"energy":5,"posx":7,"posy":2,"lastAction":3,"status":0},{"playerId":2375363,"score":1550,"energy":28,"posx":8,"posy":1,"lastAction":0,"status":0}],"golds":[{"posx":0,"posy":3,"amount":50}],"changedObstacles":[]},{"players":[{"playerId":2450708,"score":1750,"energy":1,"posx":1,"posy":3,"lastAction":0,"status":0},{"playerId":3099802,"score":1550,"energy":10,"posx":0,"posy":3,"lastAction":0,"status":0},{"playerId":2583616,"score":1650,"energy":4,"posx":7,"posy":3,"lastAction":3,"status":0},{"playerId":2375363,"score":1550,"energy":27,"posx":7,"posy":1,"lastAction":0,"status":0}],"golds":[{"posx":0,"posy":3,"amount":50}],"changedObstacles":[]},{"players":[{"playerId":2450708,"score":1750,"energy":13,"posx":1,"posy":3,"lastAction":4,"status":0},{"playerId":3099802,"score":1600,"energy":5,"posx":0,"posy":3,"lastAction":5,"status":0},{"playerId":2583616,"score":1650,"energy":3,"posx":6,"posy":3,"lastAction":0,"status":0},{"playerId":2375363,"score":1550,"energy":26,"posx":6,"posy":1,"lastAction":0,"status":0}],"golds":[],"changedObstacles":[{"type":0,"posx":0,"posy":3,"value":-1}]}]