[{"players":[{"playerId":2450708,"score":0,"energy":49,"posx":2,"posy":7,"lastAction":2,"status":0},{"playerId":3099802,"score":0,"energy":49,"posx":2,"posy":7,"lastAction":2,"status":0},{"playerId":2375363,"score":0,"energy":49,"posx":3,"posy":8,"lastAction":1,"status":0},{"playerId":2241039,"score":0,"energy":49,"posx":3,"posy":8,"lastAction":1,"status":0}],"golds":[{"posx":14,"posy":7,"amount":150},{"posx":2,"posy":2,"amount":350},{"posx":18,"posy":6,"amount":550},{"posx":11,"posy":8,"amount":450},{"posx":10,"posy":5,"amount":400},{"posx":15,"posy":3,"amount":400},{"posx":13,"posy":1,"amount":400},{"posx":16,"posy":7,"amount":450},{"posx":14,"posy":4,"amount":300},{"posx":7,"posy":1,"amount":100},{"posx":2,"posy":5,"amount":100},{"posx":9,"posy":0,"amount":400},{"posx":9,"posy":8,"amount":50},{"posx":0,"posy":3,"amount":50},{"posx":13,"posy":6,"amount":50},{"posx":18,"posy":3,"amount":450},{"posx":10,"posy":3,"amount":150},{"posx":16,"posy":4,"amount":350},{"posx":3,"posy":7,"amount":750},{"posx":11,"posy":3,"amount":650}],"changedObstacles":[]},{"players":[{"playerId":2450708,"score":0,"energy":45,"posx":3,"posy":7,"lastAction":1,"status":0},{"playerId":3099802,"score":0,"energy":48,"posx":2,"posy":6,"lastAction":2,"status":0},{"playerId":2375363,"score":0,"energy":45,"posx":3,"posy":7,"lastAction":2,"status":0},{"playerId":2241039,"score":0,"energy":45,"posx":3,"posy":7,"lastAction":2,"status":0}],"golds":[{"posx":14,"posy":7,"amount":150},{"posx":2,"posy":2,"amount":350},{"posx":18,"posy":6,"amount":550},{"posx":11,"posy":8,"amount":450},{"posx":10,"posy":5,"amount":400},{"posx":15,"posy":3,"amount":400},{"posx":13,"posy":1,"amount":400},{"posx":16,"posy":7,"amount":450},{"posx":14,"posy":4,"amount":300},{"posx":7,"posy":1,"amount":100},{"posx":2,"posy":5,"amount":100},{"posx":9,"posy":0,"amount":400},{"posx":9,"posy":8,"amount":50},{"posx":0,"posy":3,"amount":50},{"posx":13,"posy":6,"amount":50},{"posx":18,"posy":3,"amount":450},{"posx":10,"posy":3,"amount":150},{"posx":16,"posy":4,"amount":350},{"posx":3,"posy":7,"amount":750},{"posx":11,"posy":3,"amount":650}],"changedObstacles":[]},{"players":[{"playerId":2450708,"score":50,"energy":40,"posx":3,"posy":7,"lastAction":5,"status":0},{"playerId":3099802,"score":0,"energy":47,"posx":3,"posy":6,"lastAction":1,"status":0},{"playerId":2375363,"score":50,"energy":40,"posx":3,"posy":7,"lastAction":5,"status":0},{"playerId":2241039,"score":50,"energy":40,"posx":3,"posy":7,"lastAction":5,"status":0}],"golds":[{"posx":9,"posy":0,"amount":400},{"posx":7,"posy":1,"amount":100},{"posx":13,"posy":1,"amount":400},{"posx":2,"posy":2,"amount":350},{"posx":0,"posy":3,"amount":50},{"posx":10,"posy":3,"amount":150},{"posx":11,"posy":3,"amount":650},{"posx":15,"posy":3,"amount":400},{"posx":18,"posy":3,"amount":450},{"posx":14,"posy":4,"amount":300},{"posx":16,"posy":4,"amount":350},{"posx":2,"posy":5,"amount":100},{"posx":10,"posy":5,"amount":400},{"posx":13,"posy":6,"amount":50},{"posx":18,"posy":6,"amount":550},{"posx":3,"posy":7,"amount":600},{"posx":14,"posy":7,"amount":150},{"posx":16,"posy":7,"amount":450},{"posx":9,"posy":8,"amount":50},{"posx":11,"posy":8,"amount":450}],"changedObstacles":[]},{"players":[{"playerId":2450708,"score":100,"energy":35,"posx":3,"posy":7,"lastAction":5,"status":0},{"playerId":3099802,"score":0,"energy":46,"posx":3,"posy":5,"lastAction":2,"status":0},{"playerId":2375363,"score":100,"energy":35,"posx":3,"posy":7,"lastAction":5,"status":0},{"playerId":2241039,"score":100,"energy":35,"posx":3,"posy":7,"lastAction":5,"status":0}],"golds":[{"posx":9,"posy":0,"amount":400},{"posx":7,"posy":1,"amount":100},{"posx":13,"posy":1,"amount":400},{"posx":2,"posy":2,"amount":350},{"posx":0,"posy":3,"amount":50},{"posx":10,"posy":3,"amount":150},{"posx":11,"posy":3,"amount":650},{"posx":15,"posy":3,"amount":400},{"posx":18,"posy":3,"amount":450},{"posx":14,"posy":4,"amount":300},{"posx":16,"posy":4,"amount":350},{"posx":2,"posy":5,"amount":100},{"posx":10,"posy":5,"amount":400},{"posx":13,"posy":6,"amount":50},{"posx":18,"posy":6,"amount":550},{"posx":3,"posy":7,"amount":450},{"posx":14,"posy":7,"amount":150},{"posx":16,"posy":7,"amount":450},{"posx":9,"posy":8,"amount":50},{"posx":11,"posy":8,"amount":450}],"changedObstacles":[]},{"players":[{"playerId":2450708,"score":150,"energy":30,"posx":3,"posy":7,"lastAction":5,"status":0},{"playerId":3099802,"score":0,"energy":45,"posx":4,"posy":5,"lastAction":1,"status":0},{"playerId":2375363,"score":150,"energy":30,"posx":3,"posy":7,"lastAction":5,"status":0},{"playerId":2241039,"score":150,"energy":30,"posx":3,"posy":7,"lastAction":5,"status":0}],"golds":[{"posx":9,"posy":0,"amount":400},{"posx":7,"posy":1,"amount":100},{"posx":13,"posy":1,"amount":400},{"posx":2,"posy":2,"amount":350},{"posx":0,"posy":3,"amount":50},{"posx":10,"posy":3,"amount":150},{"posx":11,"posy":3,"amount":650},{"posx":15,"posy":3,"amount":400},{"posx":18,"posy":3,"amount":450},{"posx":14,"posy":4,"amount":300},{"posx":16,"posy":4,"amount":350},{"posx":2,"posy":5,"amount":100},{"posx":10,"posy":5,"amount":400},{"posx":13,"posy":6,"amount":50},{"posx":18,"posy":6,"amount":550},{"posx":3,"posy":7,"amount":300},{"posx":14,"posy":7,"amount":150},{"posx":16,"posy":7,"amount":450},{"posx":9,"posy":8,"amount":50},{"posx":11,"posy":8,"amount":450}],"changedObstacles":[]},{"players":[{"playerId":2450708,"score":200,"energy":25,"posx":3,"posy":7,"lastAction":5,"status":0},{"playerId":3099802,"score":0,"energy":44,"posx":5,"posy":5,"lastAction":1,"status":0},{"playerId":2375363,"score":200,"energy":25,"posx":3,"posy":7,"lastAction":5,"status":0},{"playerId":2241039,"score":200,"energy":25,"posx":3,"posy":7,"lastAction":5,"status":0}],"golds":[{"posx":9,"posy":0,"amount":400},{"posx":7,"posy":1,"amount":100},{"posx":13,"posy":1,"amount":400},{"posx":2,"posy":2,"amount":350},{"posx":0,"posy":3,"amount":50},{"posx":10,"posy":3,"amount":150},{"posx":11,"posy":3,"amount":650},{"posx":15,"posy":3,"amount":400},{"posx":18,"posy":3,"amount":450},{"posx":14,"posy":4,"amount":300},{"posx":16,"posy":4,"amount":350},{"posx":2,"posy":5,"amount":100},{"posx":10,"posy":5,"amount":400},{"posx":13,"posy":6,"amount":50},{"posx":18,"posy":6,"amount":550},{"posx":3,"posy":7,"amount":150},{"posx":14,"posy":7,"amount":150},{"posx":16,"posy":7,"amount":450},{"posx":9,"posy":8,"amount":50},{"posx":11,"posy":8,"amount":450}],"changedObstacles":[]},{"players":[{"playerId":2450708,"score":250,"energy":20,"posx":3,"posy":7,"lastAction":5,"status":0},{"playerId":3099802,"score":0,"energy":43,"posx":6,"posy":5,"lastAction":1,"status":0},{"playerId":2375363,"score":250,"energy":20,"posx":3,"posy":7,"lastAction":5,"status":0},{"playerId":2241039,"score":200,"energy":37,"posx":3,"posy":7,"lastAction":4,"status":0}],"golds":[{"posx":9,"posy":0,"amount":400},{"posx":7,"posy":1,"amount":100},{"posx":13,"posy":1,"amount":400},{"posx":2,"posy":2,"amount":350},{"posx":0,"posy":3,"amount":50},{"posx":10,"posy":3,"amount":150},{"posx":11,"posy":3,"amount":650},{"posx":15,"posy":3,"amount":400},{"posx":18,"posy":3,"amount":450},{"posx":14,"posy":4,"amount":300},{"posx":16,"posy":4,"amount":350},{"posx":2,"posy":5,"amount":100},{"posx":10,"posy":5,"amount":400},{"posx":13,"posy":6,"amount":50},{"posx":18,"posy":6,"amount":550},{"posx":3,"posy":7,"amount":50},{"posx":14,"posy":7,"amount":150},{"posx":16,"posy":7,"amount":450},{"posx":9,"posy":8,"amount":50},{"posx":11,"posy":8,"amount":450}],"changedObstacles":[]},{"players":[{"playerId":2450708,"score":250,"energy":19,"posx":3,"posy":6,"lastAction":2,"status":0},{"playerId":3099802,"score":0,"energy":42,"posx":7,"posy":5,"lastAction":1,"status":0},{"playerId":2375363,"score":275,"energy":15,"posx":3,"posy":7,"lastAction":5,"status":0},{"playerId":2241039,"score":225,"energy":32,"posx":3,"posy":7,"lastAction":5,"status":0}],"golds":[{"posx":9,"posy":0,"amount":400},{"posx":7,"posy":1,"amount":100},{"posx":13,"posy":1,"amount":400},{"posx":2,"posy":2,"amount":350},{"posx":0,"posy":3,"amount":50},{"posx":10,"posy":3,"amount":150},{"posx":11,"posy":3,"amount":650},{"posx":15,"posy":3,"amount":400},{"posx":18,"posy":3,"amount":450},{"posx":14,"posy":4,"amount":300},{"posx":16,"posy":4,"amount":350},{"posx":2,"posy":5,"amount":100},{"posx":10,"posy":5,"amount":400},{"posx":13,"posy":6,"amount":50},{"posx":18,"posy":6,"amount":550},{"posx":14,"posy":7,"amount":150},{"posx":16,"posy":7,"amount":450},{"posx":9,"posy":8,"amount":50},{"posx":11,"posy":8,"amount":450}],"changedObstacles":[{"type":0,"posx":3,"posy":7,"value":-1}]},{"players":[{"playerId":2450708,"score":250,"energy":18,"posx":3,"posy":5,"lastAction":2,"status":0},{"playerId":3099802,"score":0,"energy":41,"posx":8,"posy":5,"lastAction":1,"status":0},{"playerId":2375363,"score":275,"energy":14,"posx":4,"posy":7,"lastAction":1,"status":0},{"playerId":2241039,"score":225,"energy":31,"posx":4,"posy":7,"lastAction":1,"status":0}],"golds":[{"posx":9,"posy":0,"amount":400},{"posx":7,"posy":1,"amount":100},{"posx":13,"posy":1,"amount":400},{"posx":2,"posy":2,"amount":350},{"posx":0,"posy":3,"amount":50},{"posx":10,"posy":3,"amount":150},{"posx":11,"posy":3,"amount":650},{"posx":15,"posy":3,"amount":400},{"posx":18,"posy":3,"amount":450},{"posx":14,"posy":4,"amount":300},{"posx":16,"posy":4,"amount":350},{"posx":2,"posy":5,"amount":100},{"posx":10,"posy":5,"amount":400},{"posx":13,"posy":6,"amount":50},{"posx":18,"posy":6,"amount":550},{"posx":14,"posy":7,"amount":150},{"posx":16,"posy":7,"amount":450},{"posx":9,"posy":8,"amount":50},{"posx":11,"posy":8,"amount":450}],"changedObstacles":[]},{"players":[{"playerId":2450708,"score":250,"energy":17,"posx":4,"posy":5,"lastAction":1,"status":0},{"playerId":3099802,"score":0,"energy":40,"posx":9,"posy":5,"lastAction":1,"status":0},{"playerId":2375363,"score":275,"energy":13,"posx":5,"posy":7,"lastAction":1,"status":0},{"playerId":2241039,"score":225,"energy":30,"posx":5,"posy":7,"lastAction":1,"status":0}],"golds":[{"posx":9,"posy":0,"amount":400},{"posx":7,"posy":1,"amount":100},{"posx":13,"posy":1,"amount":400},{"posx":2,"posy":2,"amount":350},{"posx":0,"posy":3,"amount":50},{"posx":10,"posy":3,"amount":150},{"posx":11,"posy":3,"amount":650},{"posx":15,"posy":3,"amount":400},{"posx":18,"posy":3,"amount":450},{"posx":14,"posy":4,"amount":300},{"posx":16,"posy":4,"amount":350},{"posx":2,"posy":5,"amount":100},{"posx":10,"posy":5,"amount":400},{"posx":13,"posy":6,"amount":50},{"posx":18,"posy":6,"amount":550},{"posx":14,"posy":7,"amount":150},{"posx":16,"posy":7,"amount":450},{"posx":9,"posy":8,"amount":50},{"posx":11,"posy":8,"amount":450}],"changedObstacles":[]},{"players":[{"playerId":2450708,"score":250,"energy":16,"posx":5,"posy":5,"lastAction":1,"status":0},{"playerId":3099802,"score":0,"energy":36,"posx":10,"posy":5,"lastAction":1,"status":0},{"playerId":2375363,"score":275,"energy":12,"posx":6,"posy":7,"lastAction":1,"status":0},{"playerId":2241039,"score":225,"energy":29,"posx":6,"posy":7,"lastAction":1,"status":0}],"golds":[{"posx":9,"posy":0,"amount":400},{"posx":7,"posy":1,"amount":100},{"posx":13,"posy":1,"amount":400},{"posx":2,"posy":2,"amount":350},{"posx":0,"posy":3,"amount":50},{"posx":10,"posy":3,"amount":150},{"posx":11,"posy":3,"amount":650},{"posx":15,"posy":3,"amount":400},{"posx":18,"posy":3,"amount":450},{"posx":14,"posy":4,"amount":300},{"posx":16,"posy":4,"amount":350},{"posx":2,"posy":5,"amount":100},{"posx":10,"posy":5,"amount":400},{"posx":13,"posy":6,"amount":50},{"posx":18,"posy":6,"amount":550},{"posx":14,"posy":7,"amount":150},{"posx":16,"posy":7,"amount":450},{"posx":9,"posy":8,"amount":50},{"posx":11,"posy":8,"amount":450}],"changedObstacles":[]},{"players":[{"playerId":2450708,"score":250,"energy":15,"posx":6,"posy":5,"lastAction":1,"status":0},{"playerId":3099802,"score":0,"energy":48,"posx":10,"posy":5,"lastAction":4,"status":0},{"playerId":2375363,"score":275,"energy":24,"posx":6,"posy":7,"lastAction":4,"status":0},{"playerId":2241039,"score":225,"energy":28,"posx":7,"posy":7,"lastAction":1,"status":0}],"golds":[{"posx":9,"posy":0,"amount":400},{"posx":7,"posy":1,"amount":100},{"posx":13,"posy":1,"amount":400},{"posx":2,"posy":2,"amount":350},{"posx":0,"posy":3,"amount":50},{"posx":10,"posy":3,"amount":150},{"posx":11,"posy":3,"amount":650},{"posx":15,"posy":3,"amount":400},{"posx":18,"posy":3,"amount":450},{"posx":14,"posy":4,"amount":300},{"posx":16,"posy":4,"amount":350},{"posx":2,"posy":5,"amount":100},{"posx":10,"posy":5,"amount":400},{"posx":13,"posy":6,"amount":50},{"posx":18,"posy":6,"amount":550},{"posx":14,"posy":7,"amount":150},{"posx":16,"posy":7,"amount":450},{"posx":9,"posy":8,"amount":50},{"posx":11,"posy":8,"amount":450}],"changedObstacles":[]},{"players":[{"playerId":2450708,"score":250,"energy":14,"posx":6,"posy":4,"lastAction":2,"status":0},{"playerId":3099802,"score":50,"energy":43,"posx":10,"posy":5,"lastAction":5,"status":0},{"playerId":2375363,"score":275,"energy":40,"posx":6,"posy":7,"lastAction":4,"status":0},{"playerId":2241039,"score":225,"energy":27,"posx":8,"posy":7,"lastAction":1,"status":0}],"golds":[{"posx":9,"posy":0,"amount":400},{"posx":7,"posy":1,"amount":100},{"posx":13,"posy":1,"amount":400},{"posx":2,"posy":2,"amount":350},{"posx":0,"posy":3,"amount":50},{"posx":10,"posy":3,"amount":150},{"posx":11,"posy":3,"amount":650},{"posx":15,"posy":3,"amount":400},{"posx":18,"posy":3,"amount":450},{"posx":14,"posy":4,"amount":300},{"posx":16,"posy":4,"amount":350},{"posx":2,"posy":5,"amount":100},{"posx":10,"posy":5,"amount":350},{"posx":13,"posy":6,"amount":50},{"posx":18,"posy":6,"amount":550},{"posx":14,"posy":7,"amount":150},{"posx":16,"posy":7,"amount":450},{"posx":9,"posy":8,"amount":50},{"posx":11,"posy":8,"amount":450}],"changedObstacles":[]},{"players":[{"playerId":2450708,"score":250,"energy":13,"posx":7,"posy":4,"lastAction":1,"status":0},{"playerId":3099802,"score":100,"energy":38,"posx":10,"posy":5,"lastAction":5,"status":0},{"playerId":2375363,"score":275,"energy":39,"posx":7,"posy":7,"lastAction":1,"status":0},{"playerId":2241039,"score":225,"energy":26,"posx":9,"posy":7,"lastAction":1,"status":0}],"golds":[{"posx":9,"posy":0,"amount":400},{"posx":7,"posy":1,"amount":100},{"posx":13,"posy":1,"amount":400},{"posx":2,"posy":2,"amount":350},{"posx":0,"posy":3,"amount":50},{"posx":10,"posy":3,"amount":150},{"posx":11,"posy":3,"amount":650},{"posx":15,"posy":3,"amount":400},{"posx":18,"posy":3,"amount":450},{"posx":14,"posy":4,"amount":300},{"posx":16,"posy":4,"amount":350},{"posx":2,"posy":5,"amount":100},{"posx":10,"posy":5,"amount":300},{"posx":13,"posy":6,"amount":50},{"posx":18,"posy":6,"amount":550},{"posx":14,"posy":7,"amount":150},{"posx":16,"posy":7,"amount":450},{"posx":9,"posy":8,"amount":50},{"posx":11,"posy":8,"amount":450}],"changedObstacles":[]},{"players":[{"playerId":2450708,"score":250,"energy":12,"posx":8,"posy":4,"lastAction":1,"status":0},{"playerId":3099802,"score":150,"energy":33,"posx":10,"posy":5,"lastAction":5,"status":0},{"playerId":2375363,"score":275,"energy":38,"posx":8,"posy":7,"lastAction":1,"status":0},{"playerId":2241039,"score":225,"energy":22,"posx":9,"posy":8,"lastAction":3,"status":0}],"golds":[{"posx":9,"posy":0,"amount":400},{"posx":7,"posy":1,"amount":100},{"posx":13,"posy":1,"amount":400},{"posx":2,"posy":2,"amount":350},{"posx":0,"posy":3,"amount":50},{"posx":10,"posy":3,"amount":150},{"posx":11,"posy":3,"amount":650},{"posx":15,"posy":3,"amount":400},{"posx":18,"posy":3,"amount":450},{"posx":14,"posy":4,"amount":300},{"posx":16,"posy":4,"amount":350},{"posx":2,"posy":5,"amount":100},{"posx":10,"posy":5,"amount":250},{"posx":13,"posy":6,"amount":50},{"posx":18,"posy":6,"amount":550},{"posx":14,"posy":7,"amount":150},{"posx":16,"posy":7,"amount":450},{"posx":9,"posy":8,"amount":50},{"posx":11,"posy":8,"amount":450}],"changedObstacles":[]},{"players":[{"playerId":2450708,"score":250,"energy":11,"posx":9,"posy":4,"lastAction":1,"status":0},{"playerId":3099802,"score":200,"energy":28,"posx":10,"posy":5,"lastAction":5,"status":0},{"playerId":2375363,"score":275,"energy":37,"posx":9,"posy":7,"lastAction":1,"status":0},{"playerId":2241039,"score":275,"energy":17,"posx":9,"posy":8,"lastAction":5,"status":0}],"golds":[{"posx":9,"posy":0,"amount":400},{"posx":7,"posy":1,"amount":100},{"posx":13,"posy":1,"amount":400},{"posx":2,"posy":2,"amount":350},{"posx":0,"posy":3,"amount":50},{"posx":10,"posy":3,"amount":150},{"posx":11,"posy":3,"amount":650},{"posx":15,"posy":3,"amount":400},{"posx":18,"posy":3,"amount":450},{"posx":14,"posy":4,"amount":300},{"posx":16,"posy":4,"amount":350},{"posx":2,"posy":5,"amount":100},{"posx":10,"posy":5,"amount":200},{"posx":13,"posy":6,"amount":50},{"posx":18,"posy":6,"amount":550},{"posx":14,"posy":7,"amount":150},{"posx":16,"posy":7,"amount":450},{"posx":11,"posy":8,"amount":450}],"changedObstacles":[{"type":0,"posx":9,"posy":8,"value":-1}]},{"players":[{"playerId":2450708,"score":250,"energy":10,"posx":10,"posy":4,"lastAction":1,"status":0},{"playerId":3099802,"score":250,"energy":23,"posx":10,"posy":5,"lastAction":5,"status":0},{"playerId":2375363,"score":275,"energy":36,"posx":10,"posy":7,"lastAction":1,"status":0},{"playerId":2241039,"score":275,"energy":7,"posx":10,"posy":8,"lastAction":1,"status":0}],"golds":[{"posx":9,"posy":0,"amount":400},{"posx":7,"posy":1,"amount":100},{"posx":13,"posy":1,"amount":400},{"posx":2,"posy":2,"amount":350},{"posx":0,"posy":3,"amount":50},{"posx":10,"posy":3,"amount":150},{"posx":11,"posy":3,"amount":650},{"posx":15,"posy":3,"amount":400},{"posx":18,"posy":3,"amount":450},{"posx":14,"posy":4,"amount":300},{"posx":16,"posy":4,"amount":350},{"posx":2,"posy":5,"amount":100},{"posx":10,"posy":5,"amount":150},{"posx":13,"posy":6,"amount":50},{"posx":18,"posy":6,"amount":550},{"posx":14,"posy":7,"amount":150},{"posx":16,"posy":7,"amount":450},{"posx":11,"posy":8,"amount":450}],"changedObstacles":[{"type":0,"posx":10,"posy":8,"value":-1}]},{"players":[{"playerId":2450708,"score":250,"energy":9,"posx":11,"posy":4,"lastAction":1,"status":0},{"playerId":3099802,"score":300,"energy":18,"posx":10,"posy":5,"lastAction":5,"status":0},{"playerId":2375363,"score":275,"energy":35,"posx":11,"posy":7,"lastAction":1,"status":0},{"playerId":2241039,"score":275,"energy":3,"posx":11,"posy":8,"lastAction":1,"status":0}],"golds":[{"posx":9,"posy":0,"amount":400},{"posx":7,"posy":1,"amount":100},{"posx":13,"posy":1,"amount":400},{"posx":2,"posy":2,"amount":350},{"posx":0,"posy":3,"amount":50},{"posx":10,"posy":3,"amount":150},{"posx":11,"posy":3,"amount":650},{"posx":15,"posy":3,"amount":400},{"posx":18,"posy":3,"amount":450},{"posx":14,"posy":4,"amount":300},{"posx":16,"posy":4,"amount":350},{"posx":2,"posy":5,"amount":100},{"posx":10,"posy":5,"amount":100},{"posx":13,"posy":6,"amount":50},{"posx":18,"posy":6,"amount":550},{"posx":14,"posy":7,"amount":150},{"posx":16,"posy":7,"amount":450},{"posx":11,"posy":8,"amount":450}],"changedObstacles":[]},{"players":[{"playerId":2450708,"score":250,"energy":5,"posx":11,"posy":3,"lastAction":2,"status":0},{"playerId":3099802,"score":350,"energy":13,"posx":10,"posy":5,"lastAction":5,"status":0},{"playerId":2375363,"score":275,"energy":31,"posx":11,"posy":8,"lastAction":3,"status":0},{"playerId":2241039,"score":275,"energy":15,"posx":11,"posy":8,"lastAction":4,"status":0}],"golds":[{"posx":9,"posy":0,"amount":400},{"posx":7,"posy":1,"amount":100},{"posx":13,"posy":1,"amount":400},{"posx":2,"posy":2,"amount":350},{"posx":0,"posy":3,"amount":50},{"posx":10,"posy":3,"amount":150},{"posx":11,"posy":3,"amount":650},{"posx":15,"posy":3,"amount":400},{"posx":18,"posy":3,"amount":450},{"posx":14,"posy":4,"amount":300},{"posx":16,"posy":4,"amount":350},{"posx":2,"posy":5,"amount":100},{"posx":10,"posy":5,"amount":50},{"posx":13,"posy":6,"amount":50},{"posx":18,"posy":6,"amount":550},{"posx":14,"posy":7,"amount":150},{"posx":16,"posy":7,"amount":450},{"posx":11,"posy":8,"amount":450}],"changedObstacles":[]},{"players":[{"playerId":2450708,"score":250,"energy":17,"posx":11,"posy":3,"lastAction":4,"status":0},{"playerId":3099802,"score":400,"energy":8,"posx":10,"posy":5,"lastAction":5,"status":0},{"playerId":2375363,"score":325,"energy":26,"posx":11,"posy":8,"lastAction":5,"status":0},{"playerId":2241039,"score":325,"energy":10,"posx":11,"posy":8,"lastAction":5,"status":0}],"golds":[{"posx":9,"posy":0,"amount":400},{"posx":7,"posy":1,"amount":100},{"posx":13,"posy":1,"amount":400},{"posx":2,"posy":2,"amount":350},{"posx":0,"posy":3,"amount":50},{"posx":10,"posy":3,"amount":150},{"posx":11,"posy":3,"amount":650},{"posx":15,"posy":3,"amount":400},{"posx":18,"posy":3,"amount":450},{"posx":14,"posy":4,"amount":300},{"posx":16,"posy":4,"amount":350},{"posx":2,"posy":5,"amount":100},{"posx":13,"posy":6,"amount":50},{"posx":18,"posy":6,"amount":550},{"posx":14,"posy":7,"amount":150},{"posx":16,"posy":7,"amount":450},{"posx":11,"posy":8,"amount":350}],"changedObstacles":[{"type":0,"posx":10,"posy":5,"value":-1}]},{"players":[{"playerId":2450708,"score":250,"energy":33,"posx":11,"posy":3,"lastAction":4,"status":0},{"playerId":3099802,"score":400,"energy":7,"posx":10,"posy":4,"lastAction":2,"status":0},{"playerId":2375363,"score":375,"energy":21,"posx":11,"posy":8,"lastAction":5,"status":0},{"playerId":2241039,"score":375,"energy":5,"posx":11,"posy":8,"lastAction":5,"status":0}],"golds":[{"posx":9,"posy":0,"amount":400},{"posx":7,"posy":1,"amount":100},{"posx":13,"posy":1,"amount":400},{"posx":2,"posy":2,"amount":350},{"posx":0,"posy":3,"amount":50},{"posx":10,"posy":3,"amount":150},{"posx":11,"posy":3,"amount":650},{"posx":15,"posy":3,"amount":400},{"posx":18,"posy":3,"amount":450},{"posx":14,"posy":4,"amount":300},{"posx":16,"posy":4,"amount":350},{"posx":2,"posy":5,"amount":100},{"posx":13,"posy":6,"amount":50},{"posx":18,"posy":6,"amount":550},{"posx":14,"posy":7,"amount":150},{"posx":16,"posy":7,"amount":450},{"posx":11,"posy":8,"amount":250}],"changedObstacles":[]},{"players":[{"playerId":2450708,"score":250,"energy":50,"posx":11,"posy":3,"lastAction":4,"status":0},{"playerId":3099802,"score":400,"energy":3,"posx":10,"posy":3,"lastAction":2,"status":0},{"playerId":2375363,"score":425,"energy":16,"posx":11,"posy":8,"lastAction":5,"status":0},{"playerId":2241039,"score":375,"energy":17,"posx":11,"posy":8,"lastAction":4,"status":0}],"golds":[{"posx":9,"posy":0,"amount":400},{"posx":7,"posy":1,"amount":100},{"posx":13,"posy":1,"amount":400},{"posx":2,"posy":2,"amount":350},{"posx":0,"posy":3,"amount":50},{"posx":10,"posy":3,"amount":150},{"posx":11,"posy":3,"amount":650},{"posx":15,"posy":3,"amount":400},{"posx":18,"posy":3,"amount":450},{"posx":14,"posy":4,"amount":300},{"posx":16,"posy":4,"amount":350},{"posx":2,"posy":5,"amount":100},{"posx":13,"posy":6,"amount":50},{"posx":18,"posy":6,"amount":550},{"posx":14,"posy":7,"amount":150},{"posx":16,"posy":7,"amount":450},{"posx":11,"posy":8,"amount":200}],"changedObstacles":[]},{"players":[{"playerId":2450708,"score":300,"energy":45,"posx":11,"posy":3,"lastAction":5,"status":0},{"playerId":3099802,"score":400,"energy":15,"posx":10,"posy":3,"lastAction":4,"status":0},{"playerId":2375363,"score":475,"energy":11,"posx":11,"posy":8,"lastAction":5,"status":0},{"playerId":2241039,"score":425,"energy":12,"posx":11,"posy":8,"lastAction":5,"status":0}],"golds":[{"posx":9,"posy":0,"amount":400},{"posx":7,"posy":1,"amount":100},{"posx":13,"posy":1,"amount":400},{"posx":2,"posy":2,"amount":350},{"posx":0,"posy":3,"amount":50},{"posx":10,"posy":3,"amount":150},{"posx":11,"posy":3,"amount":600},{"posx":15,"posy":3,"amount":400},{"posx":18,"posy":3,"amount":450},{"posx":14,"posy":4,"amount":300},{"posx":16,"posy":4,"amount":350},{"posx":2,"posy":5,"amount":100},{"posx":13,"posy":6,"amount":50},{"posx":18,"posy":6,"amount":550},{"posx":14,"posy":7,"amount":150},{"posx":16,"posy":7,"amount":450},{"posx":11,"posy":8,"amount":100}],"changedObstacles":[]},{"players":[{"playerId":2450708,"score":350,"energy":40,"posx":11,"posy":3,"lastAction":5,"status":0},{"playerId":3099802,"score":400,"energy":31,"posx":10,"posy":3,"lastAction":4,"status":0},{"playerId":2375363,"score":525,"energy":6,"posx":11,"posy":8,"lastAction":5,"status":0},{"playerId":2241039,"score":475,"energy":7,"posx":11,"posy":8,"lastAction":5,"status":0}],"golds":[{"posx":9,"posy":0,"amount":400},{"posx":7,"posy":1,"amount":100},{"posx":13,"posy":1,"amount":400},{"posx":2,"posy":2,"amount":350},{"posx":0,"posy":3,"amount":50},{"posx":10,"posy":3,"amount":150},{"posx":11,"posy":3,"amount":550},{"posx":15,"posy":3,"amount":400},{"posx":18,"posy":3,"amount":450},{"posx":14,"posy":4,"amount":300},{"posx":16,"posy":4,"amount":350},{"posx":2,"posy":5,"amount":100},{"posx":13,"posy":6,"amount":50},{"posx":18,"posy":6,"amount":550},{"posx":14,"posy":7,"amount":150},{"posx":16,"posy":7,"amount":450}],"changedObstacles":[{"type":0,"posx":11,"posy":8,"value":-1}]},{"players":[{"playerId":2450708,"score":400,"energy":35,"posx":11,"posy":3,"lastAction":5,"status":0},{"playerId":3099802,"score":450,"energy":26,"posx":10,"posy":3,"lastAction":5,"status":0},{"playerId":2375363,"score":525,"energy":18,"posx":11,"posy":8,"lastAction":4,"status":0},{"playerId":2241039,"score":475,"energy":19,"posx":11,"posy":8,"lastAction":4,"status":0}],"golds":[{"posx":9,"posy":0,"amount":400},{"posx":7,"posy":1,"amount":100},{"posx":13,"posy":1,"amount":400},{"posx":2,"posy":2,"amount":350},{"posx":0,"posy":3,"amount":50},{"posx":10,"posy":3,"amount":100},{"posx":11,"posy":3,"amount":500},{"posx":15,"posy":3,"amount":400},{"posx":18,"posy":3,"amount":450},{"posx":14,"posy":4,"amount":300},{"posx":16,"posy":4,"amount":350},{"posx":2,"posy":5,"amount":100},{"posx":13,"posy":6,"amount":50},{"posx":18,"posy":6,"amount":550},{"posx":14,"posy":7,"amount":150},{"posx":16,"posy":7,"amount":450}],"changedObstacles":[]},{"players":[{"playerId":2450708,"score":450,"energy":30,"posx":11,"posy":3,"lastAction":5,"status":0},{"playerId":3099802,"score":500,"energy":21,"posx":10,"posy":3,"lastAction":5,"status":0},{"playerId":2375363,"score":525,"energy":34,"posx":11,"posy":8,"lastAction":4,"status":0},{"playerId":2241039,"score":475,"energy":18,"posx":11,"posy":7,"lastAction":2,"status":0}],"golds":[{"posx":9,"posy":0,"amount":400},{"posx":7,"posy":1,"amount":100},{"posx":13,"posy":1,"amount":400},{"posx":2,"posy":2,"amount":350},{"posx":0,"posy":3,"amount":50},{"posx":10,"posy":3,"amount":50},{"posx":11,"posy":3,"amount":450},{"posx":15,"posy":3,"amount":400},{"posx":18,"posy":3,"amount":450},{"posx":14,"posy":4,"amount":300},{"posx":16,"posy":4,"amount":350},{"posx":2,"posy":5,"amount":100},{"posx":13,"posy":6,"amount":50},{"posx":18,"posy":6,"amount":550},{"posx":14,"posy":7,"amount":150},{"posx":16,"posy":7,"amount":450}],"changedObstacles":[]},{"players":[{"playerId":2450708,"score":500,"energy":25,"posx":11,"posy":3,"lastAction":5,"status":0},{"playerId":3099802,"score":550,"energy":16,"posx":10,"posy":3,"lastAction":5,"status":0},{"playerId":2375363,"score":525,"energy":33,"posx":12,"posy":8,"lastAction":1,"status":0},{"playerId":2241039,"score":475,"energy":17,"posx":12,"posy":7,"lastAction":1,"status":0}],"golds":[{"posx":9,"posy":0,"amount":400},{"posx":7,"posy":1,"amount":100},{"posx":13,"posy":1,"amount":400},{"posx":2,"posy":2,"amount":350},{"posx":0,"posy":3,"amount":50},{"posx":11,"posy":3,"amount":400},{"posx":15,"posy":3,"amount":400},{"posx":18,"posy":3,"amount":450},{"posx":14,"posy":4,"amount":300},{"posx":16,"posy":4,"amount":350},{"posx":2,"posy":5,"amount":100},{"posx":13,"posy":6,"amount":50},{"posx":18,"posy":6,"amount":550},{"posx":14,"posy":7,"amount":150},{"posx":16,"posy":7,"amount":450}],"changedObstacles":[{"type":0,"posx":10,"posy":3,"value":-1}]},{"players":[{"playerId":2450708,"score":550,"energy":20,"posx":11,"posy":3,"lastAction":5,"status":0},{"playerId":3099802,"score":550,"energy":12,"posx":11,"posy":3,"lastAction":1,"status":0},{"playerId":2375363,"score":525,"energy":45,"posx":12,"posy":8,"lastAction":4,"status":0},{"playerId":2241039,"score":475,"energy":16,"posx":13,"posy":7,"lastAction":1,"status":0}],"golds":[{"posx":9,"posy":0,"amount":400},{"posx":7,"posy":1,"amount":100},{"posx":13,"posy":1,"amount":400},{"posx":2,"posy":2,"amount":350},{"posx":0,"posy":3,"amount":50},{"posx":11,"posy":3,"amount":350},{"posx":15,"posy":3,"amount":400},{"posx":18,"posy":3,"amount":450},{"posx":14,"posy":4,"amount":300},{"posx":16,"posy":4,"amount":350},{"posx":2,"posy":5,"amount":100},{"posx":13,"posy":6,"amount":50},{"posx":18,"posy":6,"amount":550},{"posx":14,"posy":7,"amount":150},{"posx":16,"posy":7,"amount":450}],"changedObstacles":[]},{"players":[{"playerId":2450708,"score":600,"energy":15,"posx":11,"posy":3,"lastAction":5,"status":0},{"playerId":3099802,"score":550,"energy":24,"posx":11,"posy":3,"lastAction":4,"status":0},{"playerId":2375363,"score":525,"energy":44,"posx":12,"posy":7,"lastAction":2,"status":0},{"playerId":2241039,"score":475,"energy":12,"posx":14,"posy":7,"lastAction":1,"status":0}],"golds":[{"posx":9,"posy":0,"amount":400},{"posx":7,"posy":1,"amount":100},{"posx":13,"posy":1,"amount":400},{"posx":2,"posy":2,"amount":350},{"posx":0,"posy":3,"amount":50},{"posx":11,"posy":3,"amount":300},{"posx":15,"posy":3,"amount":400},{"posx":18,"posy":3,"amount":450},{"posx":14,"posy":4,"amount":300},{"posx":16,"posy":4,"amount":350},{"posx":2,"posy":5,"amount":100},{"posx":13,"posy":6,"amount":50},{"posx":18,"posy":6,"amount":550},{"posx":14,"posy":7,"amount":150},{"posx":16,"posy":7,"amount":450}],"changedObstacles":[]},{"players":[{"playerId":2450708,"score":650,"energy":10,"posx":11,"posy":3,"lastAction":5,"status":0},{"playerId":3099802,"score":600,"energy":19,"posx":11,"posy":3,"lastAction":5,"status":0},{"playerId":2375363,"score":525,"energy":43,"posx":13,"posy":7,"lastAction":1,"status":0},{"playerId":2241039,"score":525,"energy":7,"posx":14,"posy":7,"lastAction":5,"status":0}],"golds":[{"posx":9,"posy":0,"amount":400},{"posx":7,"posy":1,"amount":100},{"posx":13,"posy":1,"amount":400},{"posx":2,"posy":2,"amount":350},{"posx":0,"posy":3,"amount":50},{"posx":11,"posy":3,"amount":200},{"posx":15,"posy":3,"amount":400},{"posx":18,"posy":3,"amount":450},{"posx":14,"posy":4,"amount":300},{"posx":16,"posy":4,"amount":350},{"posx":2,"posy":5,"amount":100},{"posx":13,"posy":6,"amount":50},{"posx":18,"posy":6,"amount":550},{"posx":14,"posy":7,"amount":100},{"posx":16,"posy":7,"amount":450}],"changedObstacles":[]},{"players":[{"playerId":2450708,"score":700,"energy":5,"posx":11,"posy":3,"lastAction":5,"status":0},{"playerId":3099802,"score":650,"energy":14,"posx":11,"posy":3,"lastAction":5,"status":0},{"playerId":2375363,"score":525,"energy":39,"posx":14,"posy":7,"lastAction":1,"status":0},{"playerId":2241039,"score":575,"energy":2,"posx":14,"posy":7,"lastAction":5,"status":0}],"golds":[{"posx":9,"posy":0,"amount":400},{"posx":7,"posy":1,"amount":100},{"posx":13,"posy":1,"amount":400},{"posx":2,"posy":2,"amount":350},{"posx":0,"posy":3,"amount":50},{"posx":11,"posy":3,"amount":100},{"posx":15,"posy":3,"amount":400},{"posx":18,"posy":3,"amount":450},{"posx":14,"posy":4,"amount":300},{"posx":16,"posy":4,"amount":350},{"posx":2,"posy":5,"amount":100},{"posx":13,"posy":6,"amount":50},{"posx":18,"posy":6,"amount":550},{"posx":14,"posy":7,"amount":50},{"posx":16,"posy":7,"amount":450}],"changedObstacles":[]},{"players":[{"playerId":2450708,"score":700,"energy":17,"posx":11,"posy":3,"lastAction":4,"status":0},{"playerId":3099802,"score":700,"energy":9,"posx":11,"posy":3,"lastAction":5,"status":0},{"playerId":2375363,"score":575,"energy":34,"posx":14,"posy":7,"lastAction":5,"status":0},{"playerId":2241039,"score":575,"energy":14,"posx":14,"posy":7,"lastAction":4,"status":0}],"golds":[{"posx":9,"posy":0,"amount":400},{"posx":7,"posy":1,"amount":100},{"posx":13,"posy":1,"amount":400},{"posx":2,"posy":2,"amount":350},{"posx":0,"posy":3,"amount":50},{"posx":11,"posy":3,"amount":50},{"posx":15,"posy":3,"amount":400},{"posx":18,"posy":3,"amount":450},{"posx":14,"posy":4,"amount":300},{"posx":16,"posy":4,"amount":350},{"posx":2,"posy":5,"amount":100},{"posx":13,"posy":6,"amount":50},{"posx":18,"posy":6,"amount":550},{"posx":16,"posy":7,"amount":450}],"changedObstacles":[{"type":0,"posx":14,"posy":7,"value":-1}]},{"players":[{"playerId":2450708,"score":700,"energy":33,"posx":11,"posy":3,"lastAction":4,"status":0},{"playerId":3099802,"score":700,"energy":8,"posx":11,"posy":2,"lastAction":2,"status":0},{"playerId":2375363,"score":575,"energy":33,"posx":15,"posy":7,"lastAction":1,"status":0},{"playerId":2241039,"score":575,"energy":13,"posx":15,"posy":7,"lastAction":1,"status":0}],"golds":[{"posx":9,"posy":0,"amount":400},{"posx":7,"posy":1,"amount":100},{"posx":13,"posy":1,"amount":400},{"posx":2,"posy":2,"amount":350},{"posx":0,"posy":3,"amount":50},{"posx":11,"posy":3,"amount":50},{"posx":15,"posy":3,"amount":400},{"posx":18,"posy":3,"amount":450},{"posx":14,"posy":4,"amount":300},{"posx":16,"posy":4,"amount":350},{"posx":2,"posy":5,"amount":100},{"posx":13,"posy":6,"amount":50},{"posx":18,"posy":6,"amount":550},{"posx":16,"posy":7,"amount":450}],"changedObstacles":[]},{"players":[{"playerId":2450708,"score":700,"energy":50,"posx":11,"posy":3,"lastAction":4,"status":0},{"playerId":3099802,"score":700,"energy":7,"posx":11,"posy":1,"lastAction":2,"status":0},{"playerId":2375363,"score":575,"energy":29,"posx":16,"posy":7,"lastAction":1,"status":0},{"playerId":2241039,"score":575,"energy":9,"posx":16,"posy":7,"lastAction":1,"status":0}],"golds":[{"posx":9,"posy":0,"amount":400},{"posx":7,"posy":1,"amount":100},{"posx":13,"posy":1,"amount":400},{"posx":2,"posy":2,"amount":350},{"posx":0,"posy":3,"amount":50},{"posx":11,"posy":3,"amount":50},{"posx":15,"posy":3,"amount":400},{"posx":18,"posy":3,"amount":450},{"posx":14,"posy":4,"amount":300},{"posx":16,"posy":4,"amount":350},{"posx":2,"posy":5,"amount":100},{"posx":13,"posy":6,"amount":50},{"posx":18,"posy":6,"amount":550},{"posx":16,"posy":7,"amount":450}],"changedObstacles":[]},{"players":[{"playerId":2450708,"score":750,"energy":45,"posx":11,"posy":3,"lastAction":5,"status":0},{"playerId":3099802,"score":700,"energy":6,"posx":12,"posy":1,"lastAction":1,"status":0},{"playerId":2375363,"score":625,"energy":24,"posx":16,"posy":7,"lastAction":5,"status":0},{"playerId":2241039,"score":625,"energy":4,"posx":16,"posy":7,"lastAction":5,"status":0}],"golds":[{"posx":9,"posy":0,"amount":400},{"posx":7,"posy":1,"amount":100},{"posx":13,"posy":1,"amount":400},{"posx":2,"posy":2,"amount":350},{"posx":0,"posy":3,"amount":50},{"posx":15,"posy":3,"amount":400},{"posx":18,"posy":3,"amount":450},{"posx":14,"posy":4,"amount":300},{"posx":16,"posy":4,"amount":350},{"posx":2,"posy":5,"amount":100},{"posx":13,"posy":6,"amount":50},{"posx":18,"posy":6,"amount":550},{"posx":16,"posy":7,"amount":350}],"changedObstacles":[{"type":0,"posx":11,"posy":3,"value":-1}]},{"players":[{"playerId":2450708,"score":750,"energy":44,"posx":11,"posy":2,"lastAction":2,"status":0},{"playerId":3099802,"score":700,"energy":2,"posx":13,"posy":1,"lastAction":1,"status":0},{"playerId":2375363,"score":675,"energy":19,"posx":16,"posy":7,"lastAction":5,"status":0},{"playerId":2241039,"score":625,"energy":16,"posx":16,"posy":7,"lastAction":4,"status":0}],"golds":[{"posx":9,"posy":0,"amount":400},{"posx":7,"posy":1,"amount":100},{"posx":13,"posy":1,"amount":400},{"posx":2,"posy":2,"amount":350},{"posx":0,"posy":3,"amount":50},{"posx":15,"posy":3,"amount":400},{"posx":18,"posy":3,"amount":450},{"posx":14,"posy":4,"amount":300},{"posx":16,"posy":4,"amount":350},{"posx":2,"posy":5,"amount":100},{"posx":13,"posy":6,"amount":50},{"posx":18,"posy":6,"amount":550},{"posx":16,"posy":7,"amount":300}],"changedObstacles":[]},{"players":[{"playerId":2450708,"score":750,"energy":43,"posx":11,"posy":1,"lastAction":2,"status":0},{"playerId":3099802,"score":700,"energy":14,"posx":13,"posy":1,"lastAction":4,"status":0},{"playerId":2375363,"score":725,"energy":14,"posx":16,"posy":7,"lastAction":5,"status":0},{"playerId":2241039,"score":675,"energy":11,"posx":16,"posy":7,"lastAction":5,"status":0}],"golds":[{"posx":9,"posy":0,"amount":400},{"posx":7,"posy":1,"amount":100},{"posx":13,"posy":1,"amount":400},{"posx":2,"posy":2,"amount":350},{"posx":0,"posy":3,"amount":50},{"posx":15,"posy":3,"amount":400},{"posx":18,"posy":3,"amount":450},{"posx":14,"posy":4,"amount":300},{"posx":16,"posy":4,"amount":350},{"posx":2,"posy":5,"amount":100},{"posx":13,"posy":6,"amount":50},{"posx":18,"posy":6,"amount":550},{"posx":16,"posy":7,"amount":200}],"changedObstacles":[]},{"players":[{"playerId":2450708,"score":750,"energy":42,"posx":11,"posy":0,"lastAction":2,"status":0},{"playerId":3099802,"score":700,"energy":30,"posx":13,"posy":1,"lastAction":4,"status":0},{"playerId":2375363,"score":775,"energy":9,"posx":16,"posy":7,"lastAction":5,"status":0},{"playerId":2241039,"score":725,"energy":6,"posx":16,"posy":7,"lastAction":5,"status":0}],"golds":[{"posx":9,"posy":0,"amount":400},{"posx":7,"posy":1,"amount":100},{"posx":13,"posy":1,"amount":400},{"posx":2,"posy":2,"amount":350},{"posx":0,"posy":3,"amount":50},{"posx":15,"posy":3,"amount":400},{"posx":18,"posy":3,"amount":450},{"posx":14,"posy":4,"amount":300},{"posx":16,"posy":4,"amount":350},{"posx":2,"posy":5,"amount":100},{"posx":13,"posy":6,"amount":50},{"posx":18,"posy":6,"amount":550},{"posx":16,"posy":7,"amount":100}],"changedObstacles":[]},{"players":[{"playerId":2450708,"score":750,"energy":41,"posx":10,"posy":0,"lastAction":0,"status":0},{"playerId":3099802,"score":700,"energy":50,"posx":13,"posy":1,"lastAction":4,"status":0},{"playerId":2375363,"score":825,"energy":4,"posx":16,"posy":7,"lastAction":5,"status":0},{"playerId":2241039,"score":775,"energy":1,"posx":16,"posy":7,"lastAction":5,"status":0}],"golds":[{"posx":9,"posy":0,"amount":400},{"posx":7,"posy":1,"amount":100},{"posx":13,"posy":1,"amount":400},{"posx":2,"posy":2,"amount":350},{"posx":0,"posy":3,"amount":50},{"posx":15,"posy":3,"amount":400},{"posx":18,"posy":3,"amount":450},{"posx":14,"posy":4,"amount":300},{"posx":16,"posy":4,"amount":350},{"posx":2,"posy":5,"amount":100},{"posx":13,"posy":6,"amount":50},{"posx":18,"posy":6,"amount":550}],"changedObstacles":[{"type":0,"posx":16,"posy":7,"value":-1}]},{"players":[{"playerId":2450708,"score":750,"energy":37,"posx":9,"posy":0,"lastAction":0,"status":0},{"playerId":3099802,"score":750,"energy":45,"posx":13,"posy":1,"lastAction":5,"status":0},{"playerId":2375363,"score":825,"energy":16,"posx":16,"posy":7,"lastAction":4,"status":0},{"playerId":2241039,"score":775,"energy":13,"posx":16,"posy":7,"lastAction":4,"status":0}],"golds":[{"posx":9,"posy":0,"amount":400},{"posx":7,"posy":1,"amount":100},{"posx":13,"posy":1,"amount":350},{"posx":2,"posy":2,"amount":350},{"posx":0,"posy":3,"amount":50},{"posx":15,"posy":3,"amount":400},{"posx":18,"posy":3,"amount":450},{"posx":14,"posy":4,"amount":300},{"posx":16,"posy":4,"amount":350},{"posx":2,"posy":5,"amount":100},{"posx":13,"posy":6,"amount":50},{"posx":18,"posy":6,"amount":550}],"changedObstacles":[]},{"players":[{"playerId":2450708,"score":800,"energy":32,"posx":9,"posy":0,"lastAction":5,"status":0},{"playerId":3099802,"score":800,"energy":40,"posx":13,"posy":1,"lastAction":5,"status":0},{"playerId":2375363,"score":825,"energy":32,"posx":16,"posy":7,"lastAction":4,"status":0},{"playerId":2241039,"score":775,"energy":12,"posx":16,"posy":6,"lastAction":2,"status":0}],"golds":[{"posx":9,"posy":0,"amount":350},{"posx":7,"posy":1,"amount":100},{"posx":13,"posy":1,"amount":300},{"posx":2,"posy":2,"amount":350},{"posx":0,"posy":3,"amount":50},{"posx":15,"posy":3,"amount":400},{"posx":18,"posy":3,"amount":450},{"posx":14,"posy":4,"amount":300},{"posx":16,"posy":4,"amount":350},{"posx":2,"posy":5,"amount":100},{"posx":13,"posy":6,"amount":50},{"posx":18,"posy":6,"amount":550}],"changedObstacles":[]},{"players":[{"playerId":2450708,"score":850,"energy":27,"posx":9,"posy":0,"lastAction":5,"status":0},{"playerId":3099802,"score":850,"energy":35,"posx":13,"posy":1,"lastAction":5,"status":0},{"playerId":2375363,"score":825,"energy":31,"posx":16,"posy":6,"lastAction":2,"status":0},{"playerId":2241039,"score":775,"energy":11,"posx":16,"posy":5,"lastAction":2,"status":0}],"golds":[{"posx":9,"posy":0,"amount":300},{"posx":7,"posy":1,"amount":100},{"posx":13,"posy":1,"amount":250},{"posx":2,"posy":2,"amount":350},{"posx":0,"posy":3,"amount":50},{"posx":15,"posy":3,"amount":400},{"posx":18,"posy":3,"amount":450},{"posx":14,"posy":4,"amount":300},{"posx":16,"posy":4,"amount":350},{"posx":2,"posy":5,"amount":100},{"posx":13,"posy":6,"amount":50},{"posx":18,"posy":6,"amount":550}],"changedObstacles":[]},{"players":[{"playerId":2450708,"score":900,"energy":22,"posx":9,"posy":0,"lastAction":5,"status":0},{"playerId":3099802,"score":900,"energy":30,"posx":13,"posy":1,"lastAction":5,"status":0},{"playerId":2375363,"score":825,"energy":26,"posx":17,"posy":6,"lastAction":1,"status":0},{"playerId":2241039,"score":775,"energy":7,"posx":16,"posy":4,"lastAction":2,"status":0}],"golds":[{"posx":9,"posy":0,"amount":250},{"posx":7,"posy":1,"amount":100},{"posx":13,"posy":1,"amount":200},{"posx":2,"posy":2,"amount":350},{"posx":0,"posy":3,"amount":50},{"posx":15,"posy":3,"amount":400},{"posx":18,"posy":3,"amount":450},{"posx":14,"posy":4,"amount":300},{"posx":16,"posy":4,"amount":350},{"posx":2,"posy":5,"amount":100},{"posx":13,"posy":6,"amount":50},{"posx":18,"posy":6,"amount":550}],"changedObstacles":[{"type":3,"posx":17,"posy":6,"value":-20}]},{"players":[{"playerId":2450708,"score":950,"energy":17,"posx":9,"posy":0,"lastAction":5,"status":0},{"playerId":3099802,"score":950,"energy":25,"posx":13,"posy":1,"lastAction":5,"status":0},{"playerId":2375363,"score":825,"energy":22,"posx":18,"posy":6,"lastAction":1,"status":0},{"playerId":2241039,"score":825,"energy":2,"posx":16,"posy":4,"lastAction":5,"status":0}],"golds":[{"posx":9,"posy":0,"amount":200},{"posx":7,"posy":1,"amount":100},{"posx":13,"posy":1,"amount":150},{"posx":2,"posy":2,"amount":350},{"posx":0,"posy":3,"amount":50},{"posx":15,"posy":3,"amount":400},{"posx":18,"posy":3,"amount":450},{"posx":14,"posy":4,"amount":300},{"posx":16,"posy":4,"amount":300},{"posx":2,"posy":5,"amount":100},{"posx":13,"posy":6,"amount":50},{"posx":18,"posy":6,"amount":550}],"changedObstacles":[]},{"players":[{"playerId":2450708,"score":1000,"energy":12,"posx":9,"posy":0,"lastAction":5,"status":0},{"playerId":3099802,"score":1000,"energy":20,"posx":13,"posy":1,"lastAction":5,"status":0},{"playerId":2375363,"score":875,"energy":17,"posx":18,"posy":6,"lastAction":5,"status":0},{"playerId":2241039,"score":825,"energy":14,"posx":16,"posy":4,"lastAction":4,"status":0}],"golds":[{"posx":9,"posy":0,"amount":150},{"posx":7,"posy":1,"amount":100},{"posx":13,"posy":1,"amount":100},{"posx":2,"posy":2,"amount":350},{"posx":0,"posy":3,"amount":50},{"posx":15,"posy":3,"amount":400},{"posx":18,"posy":3,"amount":450},{"posx":14,"posy":4,"amount":300},{"posx":16,"posy":4,"amount":300},{"posx":2,"posy":5,"amount":100},{"posx":13,"posy":6,"amount":50},{"posx":18,"posy":6,"amount":500}],"changedObstacles":[]},{"players":[{"playerId":2450708,"score":1050,"energy":7,"posx":9,"posy":0,"lastAction":5,"status":0},{"playerId":3099802,"score":1050,"energy":15,"posx":13,"posy":1,"lastAction":5,"status":0},{"playerId":2375363,"score":925,"energy":12,"posx":18,"posy":6,"lastAction":5,"status":0},{"playerId":2241039,"score":875,"energy":9,"posx":16,"posy":4,"lastAction":5,"status":0}],"golds":[{"posx":9,"posy":0,"amount":100},{"posx":7,"posy":1,"amount":100},{"posx":13,"posy":1,"amount":50},{"posx":2,"posy":2,"amount":350},{"posx":0,"posy":3,"amount":50},{"posx":15,"posy":3,"amount":400},{"posx":18,"posy":3,"amount":450},{"posx":14,"posy":4,"amount":300},{"posx":16,"posy":4,"amount":250},{"posx":2,"posy":5,"amount":100},{"posx":13,"posy":6,"amount":50},{"posx":18,"posy":6,"amount":450}],"changedObstacles":[]},{"players":[{"playerId":2450708,"score":1100,"energy":2,"posx":9,"posy":0,"lastAction":5,"status":0},{"playerId":3099802,"score":1100,"energy":10,"posx":13,"posy":1,"lastAction":5,"status":0},{"playerId":2375363,"score":975,"energy":7,"posx":18,"posy":6,"lastAction":5,"status":0},{"playerId":2241039,"score":925,"energy":4,"posx":16,"posy":4,"lastAction":5,"status":0}],"golds":[{"posx":9,"posy":0,"amount":50},{"posx":7,"posy":1,"amount":100},{"posx":2,"posy":2,"amount":350},{"posx":0,"posy":3,"amount":50},{"posx":15,"posy":3,"amount":400},{"posx":18,"posy":3,"amount":450},{"posx":14,"posy":4,"amount":300},{"posx":16,"posy":4,"amount":200},{"posx":2,"posy":5,"amount":100},{"posx":13,"posy":6,"amount":50},{"posx":18,"posy":6,"amount":400}],"changedObstacles":[{"type":0,"posx":13,"posy":1,"value":-1}]},{"players":[{"playerId":2450708,"score":1100,"energy":14,"posx":9,"posy":0,"lastAction":4,"status":0},{"playerId":3099802,"score":1100,"energy":9,"posx":13,"posy":2,"lastAction":3,"status":0},{"playerId":2375363,"score":1025,"energy":2,"posx":18,"posy":6,"lastAction":5,"status":0},{"playerId":2241039,"score":925,"energy":16,"posx":16,"posy":4,"lastAction":4,"status":0}],"golds":[{"posx":9,"posy":0,"amount":50},{"posx":7,"posy":1,"amount":100},{"posx":2,"posy":2,"amount":350},{"posx":0,"posy":3,"amount":50},{"posx":15,"posy":3,"amount":400},{"posx":18,"posy":3,"amount":450},{"posx":14,"posy":4,"amount":300},{"posx":16,"posy":4,"amount":200},{"posx":2,"posy":5,"amount":100},{"posx":13,"posy":6,"amount":50},{"posx":18,"posy":6,"amount":350}],"changedObstacles":[]},{"players":[{"playerId":2450708,"score":1100,"energy":30,"posx":9,"posy":0,"lastAction":4,"status":0},{"playerId":3099802,"score":1100,"energy":8,"posx":13,"posy":3,"lastAction":3,"status":0},{"playerId":2375363,"score":1025,"energy":14,"posx":18,"posy":6,"lastAction":4,"status":0},{"playerId":2241039,"score":975,"energy":11,"posx":16,"posy":4,"lastAction":5,"status":0}],"golds":[{"posx":9,"posy":0,"amount":50},{"posx":7,"posy":1,"amount":100},{"posx":2,"posy":2,"amount":350},{"posx":0,"posy":3,"amount":50},{"posx":15,"posy":3,"amount":400},{"posx":18,"posy":3,"amount":450},{"posx":14,"posy":4,"amount":300},{"posx":16,"posy":4,"amount":150},{"posx":2,"posy":5,"amount":100},{"posx":13,"posy":6,"amount":50},{"posx":18,"posy":6,"amount":350}],"changedObstacles":[]},{"players":[{"playerId":2450708,"score":1100,"energy":50,"posx":9,"posy":0,"lastAction":4,"status":0},{"playerId":3099802,"score":1100,"energy":7,"posx":13,"posy":4,"lastAction":3,"status":0},{"playerId":2375363,"score":1025,"energy":30,"posx":18,"posy":6,"lastAction":4,"status":0},{"playerId":2241039,"score":1025,"energy":6,"posx":16,"posy":4,"lastAction":5,"status":0}],"golds":[{"posx":9,"posy":0,"amount":50},{"posx":7,"posy":1,"amount":100},{"posx":2,"posy":2,"amount":350},{"posx":0,"posy":3,"amount":50},{"posx":15,"posy":3,"amount":400},{"posx":18,"posy":3,"amount":450},{"posx":14,"posy":4,"amount":300},{"posx":16,"posy":4,"amount":100},{"posx":2,"posy":5,"amount":100},{"posx":13,"posy":6,"amount":50},{"posx":18,"posy":6,"amount":350}],"changedObstacles":[]},{"players":[{"playerId":2450708,"score":1150,"energy":45,"posx":9,"posy":0,"lastAction":5,"status":0},{"playerId":3099802,"score":1100,"energy":3,"posx":14,"posy":4,"lastAction":1,"status":0},{"playerId":2375363,"score":1025,"energy":50,"posx":18,"posy":6,"lastAction":4,"status":0},{"playerId":2241039,"score":1075,"energy":1,"posx":16,"posy":4,"lastAction":5,"status":0}],"golds":[{"posx":7,"posy":1,"amount":100},{"posx":2,"posy":2,"amount":350},{"posx":0,"posy":3,"amount":50},{"posx":15,"posy":3,"amount":400},{"posx":18,"posy":3,"amount":450},{"posx":14,"posy":4,"amount":300},{"posx":16,"posy":4,"amount":50},{"posx":2,"posy":5,"amount":100},{"posx":13,"posy":6,"amount":50},{"posx":18,"posy":6,"amount":350}],"changedObstacles":[{"type":0,"posx":9,"posy":0,"value":-1}]},{"players":[{"playerId":2450708,"score":1150,"energy":44,"posx":8,"posy":0,"lastAction":0,"status":0},{"playerId":3099802,"score":1100,"energy":15,"posx":14,"posy":4,"lastAction":4,"status":0},{"playerId":2375363,"score":1075,"energy":45,"posx":18,"posy":6,"lastAction":5,"status":0},{"playerId":2241039,"score":1075,"energy":13,"posx":16,"posy":4,"lastAction":4,"status":0}],"golds":[{"posx":7,"posy":1,"amount":100},{"posx":2,"posy":2,"amount":350},{"posx":0,"posy":3,"amount":50},{"posx":15,"posy":3,"amount":400},{"posx":18,"posy":3,"amount":450},{"posx":14,"posy":4,"amount":300},{"posx":16,"posy":4,"amount":50},{"posx":2,"posy":5,"amount":100},{"posx":13,"posy":6,"amount":50},{"posx":18,"posy":6,"amount":300}],"changedObstacles":[]},{"players":[{"playerId":2450708,"score":1150,"energy":43,"posx":7,"posy":0,"lastAction":0,"status":0},{"playerId":3099802,"score":1100,"energy":31,"posx":14,"posy":4,"lastAction":4,"status":0},{"playerId":2375363,"score":1125,"energy":40,"posx":18,"posy":6,"lastAction":5,"status":0},{"playerId":2241039,"score":1125,"energy":8,"posx":16,"posy":4,"lastAction":5,"status":0}],"golds":[{"posx":7,"posy":1,"amount":100},{"posx":2,"posy":2,"amount":350},{"posx":0,"posy":3,"amount":50},{"posx":15,"posy":3,"amount":400},{"posx":18,"posy":3,"amount":450},{"posx":14,"posy":4,"amount":300},{"posx":2,"posy":5,"amount":100},{"posx":13,"posy":6,"amount":50},{"posx":18,"posy":6,"amount":250}],"changedObstacles":[{"type":0,"posx":16,"posy":4,"value":-1}]},{"players":[{"playerId":2450708,"score":1150,"energy":42,"posx":6,"posy":0,"lastAction":0,"status":0},{"playerId":3099802,"score":1150,"energy":26,"posx":14,"posy":4,"lastAction":5,"status":0},{"playerId":2375363,"score":1175,"energy":35,"posx":18,"posy":6,"lastAction":5,"status":0},{"playerId":2241039,"score":1125,"energy":7,"posx":17,"posy":4,"lastAction":1,"status":0}],"golds":[{"posx":7,"posy":1,"amount":100},{"posx":2,"posy":2,"amount":350},{"posx":0,"posy":3,"amount":50},{"posx":15,"posy":3,"amount":400},{"posx":18,"posy":3,"amount":450},{"posx":14,"posy":4,"amount":250},{"posx":2,"posy":5,"amount":100},{"posx":13,"posy":6,"amount":50},{"posx":18,"posy":6,"amount":200}],"changedObstacles":[]},{"players":[{"playerId":2450708,"score":1150,"energy":41,"posx":5,"posy":0,"lastAction":0,"status":0},{"playerId":3099802,"score":1200,"energy":21,"posx":14,"posy":4,"lastAction":5,"status":0},{"playerId":2375363,"score":1225,"energy":30,"posx":18,"posy":6,"lastAction":5,"status":0},{"playerId":2241039,"score":1125,"energy":19,"posx":17,"posy":4,"lastAction":4,"status":0}],"golds":[{"posx":7,"posy":1,"amount":100},{"posx":2,"posy":2,"amount":350},{"posx":0,"posy":3,"amount":50},{"posx":15,"posy":3,"amount":400},{"posx":18,"posy":3,"amount":450},{"posx":14,"posy":4,"amount":200},{"posx":2,"posy":5,"amount":100},{"posx":13,"posy":6,"amount":50},{"posx":18,"posy":6,"amount":150}],"changedObstacles":[]},{"players":[{"playerId":2450708,"score":1150,"energy":40,"posx":4,"posy":0,"lastAction":0,"status":0},{"playerId":3099802,"score":1250,"energy":16,"posx":14,"posy":4,"lastAction":5,"status":0},{"playerId":2375363,"score":1275,"energy":25,"posx":18,"posy":6,"lastAction":5,"status":0},{"playerId":2241039,"score":1125,"energy":18,"posx":18,"posy":4,"lastAction":1,"status":0}],"golds":[{"posx":7,"posy":1,"amount":100},{"posx":2,"posy":2,"amount":350},{"posx":0,"posy":3,"amount":50},{"posx":15,"posy":3,"amount":400},{"posx":18,"posy":3,"amount":450},{"posx":14,"posy":4,"amount":150},{"posx":2,"posy":5,"amount":100},{"posx":13,"posy":6,"amount":50},{"posx":18,"posy":6,"amount":100}],"changedObstacles":[]},{"players":[{"playerId":2450708,"score":1150,"energy":39,"posx":4,"posy":1,"lastAction":3,"status":0},{"playerId":3099802,"score":1300,"energy":11,"posx":14,"posy":4,"lastAction":5,"status":0},{"playerId":2375363,"score":1325,"energy":20,"posx":18,"posy":6,"lastAction":5,"status":0},{"playerId":2241039,"score":1125,"energy":14,"posx":18,"posy":3,"lastAction":2,"status":0}],"golds":[{"posx":7,"posy":1,"amount":100},{"posx":2,"posy":2,"amount":350},{"posx":0,"posy":3,"amount":50},{"posx":15,"posy":3,"amount":400},{"posx":18,"posy":3,"amount":450},{"posx":14,"posy":4,"amount":100},{"posx":2,"posy":5,"amount":100},{"posx":13,"posy":6,"amount":50},{"posx":18,"posy":6,"amount":50}],"changedObstacles":[]},{"players":[{"playerId":2450708,"score":1150,"energy":38,"posx":3,"posy":1,"lastAction":0,"status":0},{"playerId":3099802,"score":1350,"energy":6,"posx":14,"posy":4,"lastAction":5,"status":0},{"playerId":2375363,"score":1375,"energy":15,"posx":18,"posy":6,"lastAction":5,"status":0},{"playerId":2241039,"score":1175,"energy":9,"posx":18,"posy":3,"lastAction":5,"status":0}],"golds":[{"posx":7,"posy":1,"amount":100},{"posx":2,"posy":2,"amount":350},{"posx":0,"posy":3,"amount":50},{"posx":15,"posy":3,"amount":400},{"posx":18,"posy":3,"amount":400},{"posx":14,"posy":4,"amount":50},{"posx":2,"posy":5,"amount":100},{"posx":13,"posy":6,"amount":50}],"changedObstacles":[{"type":0,"posx":18,"posy":6,"value":-1}]},{"players":[{"playerId":2450708,"score":1150,"energy":37,"posx":2,"posy":1,"lastAction":0,"status":0},{"playerId":3099802,"score":1400,"energy":1,"posx":14,"posy":4,"lastAction":5,"status":0},{"playerId":2375363,"score":1375,"energy":14,"posx":18,"posy":5,"lastAction":2,"status":0},{"playerId":2241039,"score":1225,"energy":4,"posx":18,"posy":3,"lastAction":5,"status":0}],"golds":[{"posx":7,"posy":1,"amount":100},{"posx":2,"posy":2,"amount":350},{"posx":0,"posy":3,"amount":50},{"posx":15,"posy":3,"amount":400},{"posx":18,"posy":3,"amount":350},{"posx":2,"posy":5,"amount":100},{"posx":13,"posy":6,"amount":50}],"changedObstacles":[{"type":0,"posx":14,"posy":4,"value":-1}]},{"players":[{"playerId":2450708,"score":1150,"energy":33,"posx":2,"posy":2,"lastAction":3,"status":0},{"playerId":3099802,"score":1400,"energy":13,"posx":14,"posy":4,"lastAction":4,"status":0},{"playerId":2375363,"score":1375,"energy":26,"posx":18,"posy":5,"lastAction":4,"status":0},{"playerId":2241039,"score":1225,"energy":16,"posx":18,"posy":3,"lastAction":4,"status":0}],"golds":[{"posx":7,"posy":1,"amount":100},{"posx":2,"posy":2,"amount":350},{"posx":0,"posy":3,"amount":50},{"posx":15,"posy":3,"amount":400},{"posx":18,"posy":3,"amount":350},{"posx":2,"posy":5,"amount":100},{"posx":13,"posy":6,"amount":50}],"changedObstacles":[]},{"players":[{"playerId":2450708,"score":1200,"energy":28,"posx":2,"posy":2,"lastAction":5,"status":0},{"playerId":3099802,"score":1400,"energy":12,"posx":14,"posy":3,"lastAction":2,"status":0},{"playerId":2375363,"score":1375,"energy":42,"posx":18,"posy":5,"lastAction":4,"status":0},{"playerId":2241039,"score":1275,"energy":11,"posx":18,"posy":3,"lastAction":5,"status":0}],"golds":[{"posx":7,"posy":1,"amount":100},{"posx":2,"posy":2,"amount":300},{"posx":0,"posy":3,"amount":50},{"posx":15,"posy":3,"amount":400},{"posx":18,"posy":3,"amount":300},{"posx":2,"posy":5,"amount":100},{"posx":13,"posy":6,"amount":50}],"changedObstacles":[]},{"players":[{"playerId":2450708,"score":1250,"energy":23,"posx":2,"posy":2,"lastAction":5,"status":0},{"playerId":3099802,"score":1400,"energy":8,"posx":15,"posy":3,"lastAction":1,"status":0},{"playerId":2375363,"score":1375,"energy":41,"posx":18,"posy":4,"lastAction":2,"status":0},{"playerId":2241039,"score":1275,"energy":23,"posx":18,"posy":3,"lastAction":4,"status":0}],"golds":[{"posx":7,"posy":1,"amount":100},{"posx":2,"posy":2,"amount":250},{"posx":0,"posy":3,"amount":50},{"posx":15,"posy":3,"amount":400},{"posx":18,"posy":3,"amount":300},{"posx":2,"posy":5,"amount":100},{"posx":13,"posy":6,"amount":50}],"changedObstacles":[]},{"players":[{"playerId":2450708,"score":1300,"energy":18,"posx":2,"posy":2,"lastAction":5,"status":0},{"playerId":3099802,"score":1400,"energy":20,"posx":15,"posy":3,"lastAction":4,"status":0},{"playerId":2375363,"score":1375,"energy":37,"posx":18,"posy":3,"lastAction":2,"status":0},{"playerId":2241039,"score":1325,"energy":18,"posx":18,"posy":3,"lastAction":5,"status":0}],"golds":[{"posx":7,"posy":1,"amount":100},{"posx":2,"posy":2,"amount":200},{"posx":0,"posy":3,"amount":50},{"posx":15,"posy":3,"amount":400},{"posx":18,"posy":3,"amount":250},{"posx":2,"posy":5,"amount":100},{"posx":13,"posy":6,"amount":50}],"changedObstacles":[]},{"players":[{"playerId":2450708,"score":1350,"energy":13,"posx":2,"posy":2,"lastAction":5,"status":0},{"playerId":3099802,"score":1400,"energy":36,"posx":15,"posy":3,"lastAction":4,"status":0},{"playerId":2375363,"score":1425,"energy":32,"posx":18,"posy":3,"lastAction":5,"status":0},{"playerId":2241039,"score":1375,"energy":13,"posx":18,"posy":3,"lastAction":5,"status":0}],"golds":[{"posx":7,"posy":1,"amount":100},{"posx":2,"posy":2,"amount":150},{"posx":0,"posy":3,"amount":50},{"posx":15,"posy":3,"amount":400},{"posx":18,"posy":3,"amount":150},{"posx":2,"posy":5,"amount":100},{"posx":13,"posy":6,"amount":50}],"changedObstacles":[]},{"players":[{"playerId":2450708,"score":1400,"energy":8,"posx":2,"posy":2,"lastAction":5,"status":0},{"playerId":3099802,"score":1400,"energy":50,"posx":15,"posy":3,"lastAction":4,"status":0},{"playerId":2375363,"score":1475,"energy":27,"posx":18,"posy":3,"lastAction":5,"status":0},{"playerId":2241039,"score":1425,"energy":8,"posx":18,"posy":3,"lastAction":5,"status":0}],"golds":[{"posx":7,"posy":1,"amount":100},{"posx":2,"posy":2,"amount":100},{"posx":0,"posy":3,"amount":50},{"posx":15,"posy":3,"amount":400},{"posx":18,"posy":3,"amount":50},{"posx":2,"posy":5,"amount":100},{"posx":13,"posy":6,"amount":50}],"changedObstacles":[]},{"players":[{"playerId":2450708,"score":1450,"energy":3,"posx":2,"posy":2,"lastAction":5,"status":0},{"playerId":3099802,"score":1450,"energy":45,"posx":15,"posy":3,"lastAction":5,"status":0},{"playerId":2375363,"score":1500,"energy":22,"posx":18,"posy":3,"lastAction":5,"status":0},{"playerId":2241039,"score":1450,"energy":3,"posx":18,"posy":3,"lastAction":5,"status":0}],"golds":[{"posx":7,"posy":1,"amount":100},{"posx":2,"posy":2,"amount":50},{"posx":0,"posy":3,"amount":50},{"posx":15,"posy":3,"amount":350},{"posx":2,"posy":5,"amount":100},{"posx":13,"posy":6,"amount":50}],"changedObstacles":[{"type":0,"posx":18,"posy":3,"value":-1}]},{"players":[{"playerId":2450708,"score":1450,"energy":15,"posx":2,"posy":2,"lastAction":4,"status":0},{"playerId":3099802,"score":1500,"energy":40,"posx":15,"posy":3,"lastAction":5,"status":0},{"playerId":2375363,"score":1500,"energy":21,"posx":17,"posy":3,"lastAction":0,"status":0},{"playerId":2241039,"score":1450,"energy":15,"posx":18,"posy":3,"lastAction":4,"status":0}],"golds":[{"posx":7,"posy":1,"amount":100},{"posx":2,"posy":2,"amount":50},{"posx":0,"posy":3,"amount":50},{"posx":15,"posy":3,"amount":300},{"posx":2,"posy":5,"amount":100},{"posx":13,"posy":6,"amount":50}],"changedObstacles":[]},{"players":[{"playerId":2450708,"score":1450,"energy":31,"posx":2,"posy":2,"lastAction":4,"status":0},{"playerId":3099802,"score":1550,"energy":35,"posx":15,"posy":3,"lastAction":5,"status":0},{"playerId":2375363,"score":1500,"energy":20,"posx":16,"posy":3,"lastAction":0,"status":0},{"playerId":2241039,"score":1450,"energy":14,"posx":17,"posy":3,"lastAction":0,"status":0}],"golds":[{"posx":7,"posy":1,"amount":100},{"posx":2,"posy":2,"amount":50},{"posx":0,"posy":3,"amount":50},{"posx":15,"posy":3,"amount":250},{"posx":2,"posy":5,"amount":100},{"posx":13,"posy":6,"amount":50}],"changedObstacles":[]},{"players":[{"playerId":2450708,"score":1450,"energy":50,"posx":2,"posy":2,"lastAction":4,"status":0},{"playerId":3099802,"score":1600,"energy":30,"posx":15,"posy":3,"lastAction":5,"status":0},{"playerId":2375363,"score":1500,"energy":16,"posx":15,"posy":3,"lastAction":0,"status":0},{"playerId":2241039,"score":1450,"energy":13,"posx":16,"posy":3,"lastAction":0,"status":0}],"golds":[{"posx":7,"posy":1,"amount":100},{"posx":2,"posy":2,"amount":50},{"posx":0,"posy":3,"amount":50},{"posx":15,"posy":3,"amount":200},{"posx":2,"posy":5,"amount":100},{"posx":13,"posy":6,"amount":50}],"changedObstacles":[]},{"players":[{"playerId":2450708,"score":1500,"energy":45,"posx":2,"posy":2,"lastAction":5,"status":0},{"playerId":3099802,"score":1650,"energy":25,"posx":15,"posy":3,"lastAction":5,"status":0},{"playerId":2375363,"score":1550,"energy":11,"posx":15,"posy":3,"lastAction":5,"status":0},{"playerId":2241039,"score":1450,"energy":9,"posx":15,"posy":3,"lastAction":0,"status":0}],"golds":[{"posx":7,"posy":1,"amount":100},{"posx":0,"posy":3,"amount":50},{"posx":15,"posy":3,"amount":100},{"posx":2,"posy":5,"amount":100},{"posx":13,"posy":6,"amount":50}],"changedObstacles":[{"type":0,"posx":2,"posy":2,"value":-1}]},{"players":[{"playerId":2450708,"score":1500,"energy":44,"posx":2,"posy":3,"lastAction":3,"status":0},{"playerId":3099802,"score":1650,"energy":24,"posx":15,"posy":2,"lastAction":2,"status":0},{"playerId":2375363,"score":1600,"energy":6,"posx":15,"posy":3,"lastAction":5,"status":0},{"playerId":2241039,"score":1500,"energy":4,"posx":15,"posy":3,"lastAction":5,"status":0}],"golds":[{"posx":7,"posy":1,"amount":100},{"posx":0,"posy":3,"amount":50},{"posx":2,"posy":5,"amount":100},{"posx":13,"posy":6,"amount":50}],"changedObstacles":[{"type":0,"posx":15,"posy":3,"value":-1}]},{"players":[{"playerId":2450708,"score":1500,"energy":43,"posx":2,"posy":4,"lastAction":3,"status":0},{"playerId":3099802,"score":1650,"energy":23,"posx":15,"posy":1,"lastAction":2,"status":0},{"playerId":2375363,"score":1600,"energy":18,"posx":15,"posy":3,"lastAction":4,"status":0},{"playerId":2241039,"score":1500,"energy":16,"posx":15,"posy":3,"lastAction":4,"status":0}],"golds":[{"posx":7,"posy":1,"amount":100},{"posx":0,"posy":3,"amount":50},{"posx":2,"posy":5,"amount":100},{"posx":13,"posy":6,"amount":50}],"changedObstacles":[]},{"players":[{"playerId":2450708,"score":1500,"energy":39,"posx":2,"posy":5,"lastAction":3,"status":0},{"playerId":3099802,"score":1650,"energy":22,"posx":14,"posy":1,"lastAction":0,"status":0},{"playerId":2375363,"score":1600,"energy":34,"posx":15,"posy":3,"lastAction":4,"status":0},{"playerId":2241039,"score":1500,"energy":15,"posx":14,"posy":3,"lastAction":0,"status":0}],"golds":[{"posx":7,"posy":1,"amount":100},{"posx":0,"posy":3,"amount":50},{"posx":2,"posy":5,"amount":100},{"posx":13,"posy":6,"amount":50}],"changedObstacles":[]},{"players":[{"playerId":2450708,"score":1550,"energy":34,"posx":2,"posy":5,"lastAction":5,"status":0},{"playerId":3099802,"score":1650,"energy":21,"posx":13,"posy":1,"lastAction":0,"status":0},{"playerId":2375363,"score":1600,"energy":33,"posx":16,"posy":3,"lastAction":1,"status":0},{"playerId":2241039,"score":1500,"energy":14,"posx":13,"posy":3,"lastAction":0,"status":0}],"golds":[{"posx":7,"posy":1,"amount":100},{"posx":0,"posy":3,"amount":50},{"posx":2,"posy":5,"amount":50},{"posx":13,"posy":6,"amount":50}],"changedObstacles":[]},{"players":[{"playerId":2450708,"score":1600,"energy":29,"posx":2,"posy":5,"lastAction":5,"status":0},{"playerId":3099802,"score":1650,"energy":20,"posx":12,"posy":1,"lastAction":0,"status":0},{"playerId":2375363,"score":1600,"energy":32,"posx":17,"posy":3,"lastAction":1,"status":0},{"playerId":2241039,"score":1500,"energy":13,"posx":13,"posy":4,"lastAction":3,"status":0}],"golds":[{"posx":7,"posy":1,"amount":100},{"posx":0,"posy":3,"amount":50},{"posx":13,"posy":6,"amount":50}],"changedObstacles":[{"type":0,"posx":2,"posy":5,"value":-1}]},{"players":[{"playerId":2450708,"score":1600,"energy":28,"posx":2,"posy":4,"lastAction":2,"status":0},{"playerId":3099802,"score":1650,"energy":19,"posx":11,"posy":1,"lastAction":0,"status":0},{"playerId":2375363,"score":1600,"energy":31,"posx":18,"posy":3,"lastAction":1,"status":0},{"playerId":2241039,"score":1500,"energy":12,"posx":13,"posy":5,"lastAction":3,"status":0}],"golds":[{"posx":7,"posy":1,"amount":100},{"posx":0,"posy":3,"amount":50},{"posx":13,"posy":6,"amount":50}],"changedObstacles":[]},{"players":[{"playerId":2450708,"score":1600,"energy":27,"posx":2,"posy":3,"lastAction":2,"status":0},{"playerId":3099802,"score":1650,"energy":18,"posx":10,"posy":1,"lastAction":0,"status":0},{"playerId":2375363,"score":1600,"energy":30,"posx":18,"posy":2,"lastAction":2,"status":0},{"playerId":2241039,"score":1500,"energy":8,"posx":13,"posy":6,"lastAction":3,"status":0}],"golds":[{"posx":7,"posy":1,"amount":100},{"posx":0,"posy":3,"amount":50},{"posx":13,"posy":6,"amount":50}],"changedObstacles":[]},{"players":[{"playerId":2450708,"score":1600,"energy":26,"posx":2,"posy":2,"lastAction":2,"status":0},{"playerId":3099802,"score":1650,"energy":17,"posx":9,"posy":1,"lastAction":0,"status":0},{"playerId":2375363,"score":1600,"energy":29,"posx":18,"posy":1,"lastAction":2,"status":0},{"playerId":2241039,"score":1550,"energy":3,"posx":13,"posy":6,"lastAction":5,"status":0}],"golds":[{"posx":7,"posy":1,"amount":100},{"posx":0,"posy":3,"amount":50}],"changedObstacles":[{"type":0,"posx":13,"posy":6,"value":-1}]},{"players":[{"playerId":2450708,"score":1600,"energy":25,"posx":2,"posy":1,"lastAction":2,"status":0},{"playerId":3099802,"score":1650,"energy":16,"posx":8,"posy":1,"lastAction":0,"status":0},{"playerId":2375363,"score":1600,"energy":28,"posx":17,"posy":1,"lastAction":0,"status":0},{"playerId":2241039,"score":1550,"energy":15,"posx":13,"posy":6,"lastAction":4,"status":0}],"golds":[{"posx":7,"posy":1,"amount":100},{"posx":0,"posy":3,"amount":50}],"changedObstacles":[]},{"players":[{"playerId":2450708,"score":1600,"energy":24,"posx":3,"posy":1,"lastAction":1,"status":0},{"playerId":3099802,"score":1650,"energy":12,"posx":7,"posy":1,"lastAction":0,"status":0},{"playerId":2375363,"score":1600,"energy":27,"posx":16,"posy":1,"lastAction":0,"status":0},{"playerId":2241039,"score":1550,"energy":31,"posx":13,"posy":6,"lastAction":4,"status":0}],"golds":[{"posx":7,"posy":1,"amount":100},{"posx":0,"posy":3,"amount":50}],"changedObstacles":[]},{"players":[{"playerId":2450708,"score":1600,"energy":23,"posx":4,"posy":1,"lastAction":1,"status":0},{"playerId":3099802,"score":1700,"energy":7,"posx":7,"posy":1,"lastAction":5,"status":0},{"playerId":2375363,"score":1600,"energy":26,"posx":15,"posy":1,"lastAction":0,"status":0},{"playerId":2241039,"score":1550,"energy":30,"posx":13,"posy":5,"lastAction":2,"status":0}],"golds":[{"posx":7,"posy":1,"amount":50},{"posx":0,"posy":3,"amount":50}],"changedObstacles":[]},{"players":[{"playerId":2450708,"score":1600,"energy":22,"posx":5,"posy":1,"lastAction":1,"status":0},{"playerId":3099802,"score":1750,"energy":2,"posx":7,"posy":1,"lastAction":5,"status":0},{"playerId":2375363,"score":1600,"energy":25,"posx":14,"posy":1,"lastAction":0,"status":0},{"playerId":2241039,"score":1550,"energy":29,"posx":12,"posy":5,"lastAction":0,"status":0}],"golds":[{"posx":0,"posy":3,"amount":50}],"changedObstacles":[{"type":0,"posx":7,"posy":1,"value":-1}]},{"players":[{"playerId":2450708,"score":1600,"energy":21,"posx":4,"posy":1,"lastAction":0,"status":0},{"playerId":3099802,"score":1750,"energy":1,"posx":7,"posy":2,"lastAction":3,"status":0},{"playerId":2375363,"score":1600,"energy":24,"posx":13,"posy":1,"lastAction":0,"status":0},{"playerId":2241039,"score":1550,"energy":19,"posx":11,"posy":5,"lastAction":0,"status":0}],"golds":[{"posx":0,"posy":3,"amount":50}],"changedObstacles":[{"type":0,"posx":11,"posy":5,"value":-1}]},{"players":[{"playerId":2450708,"score":1600,"energy":20,"posx":3,"posy":1,"lastAction":0,"status":0},{"playerId":3099802,"score":1750,"energy":13,"posx":7,"posy":2,"lastAction":4,"status":0},{"playerId":2375363,"score":1600,"energy":23,"posx":12,"posy":1,"lastAction":0,"status":0},{"playerId":2241039,"score":1550,"energy":18,"posx":10,"posy":5,"lastAction":0,"status":0}],"golds":[{"posx":0,"posy":3,"amount":50}],"changedObstacles":[]},{"players":[{"playerId":2450708,"score":1600,"energy":19,"posx":2,"posy":1,"lastAction":0,"status":0},{"playerId":3099802,"score":1750,"energy":12,"posx":7,"posy":3,"lastAction":3,"status":0},{"playerId":2375363,"score":1600,"energy":22,"posx":11,"posy":1,"lastAction":0,"status":0},{"playerId":2241039,"score":1550,"energy":17,"posx":9,"posy":5,"lastAction":0,"status":0}],"golds":[{"posx":0,"posy":3,"amount":50}],"changedObstacles":[]},{"players":[{"playerId":2450708,"score":1600,"energy":18,"posx":1,"posy":1,"lastAction":0,"status":0},{"playerId":3099802,"score":1750,"energy":11,"posx":6,"posy":3,"lastAction":0,"status":0},{"playerId":2375363,"score":1600,"energy":21,"posx":10,"posy":1,"lastAction":0,"status":0},{"playerId":2241039,"score":1550,"energy":16,"posx":8,"posy":5,"lastAction":0,"status":0}],"golds":[{"posx":0,"posy":3,"amount":50}],"changedObstacles":[]},{"players":[{"playerId":2450708,"score":1600,"energy":17,"posx":0,"posy":1,"lastAction":0,"status":0},{"playerId":3099802,"score":1750,"energy":10,"posx":5,"posy":3,"lastAction":0,"status":0},{"playerId":2375363,"score":1600,"energy":20,"posx":9,"posy":1,"lastAction":0,"status":0},{"playerId":2241039,"score":1550,"energy":15,"posx":7,"posy":5,"lastAction":0,"status":0}],"golds":[{"posx":0,"posy":3,"amount":50}],"changedObstacles":[]},{"players":[{"playerId":2450708,"score":1600,"energy":16,"posx":0,"posy":2,"lastAction":3,"status":0},{"playerId":3099802,"score":1750,"energy":9,"posx":4,"posy":3,"lastAction":0,"status":0},{"playerId":2375363,"score":1600,"energy":19,"posx":8,"posy":1,"lastAction":0,"status":0},{"playerId":2241039,"score":1550,"energy":14,"posx":6,"posy":5,"lastAction":0,"status":0}],"golds":[{"posx":0,"posy":3,"amount":50}],"changedObstacles":[]},{"players":[{"playerId":2450708,"score":1600,"energy":12,"posx":0,"posy":3,"lastAction":3,"status":0},{"playerId":3099802,"score":1750,"energy":8,"posx":3,"posy":3,"lastAction":0,"status":0},{"playerId":2375363,"score":1600,"energy":18,"posx":7,"posy":1,"lastAction":0,"status":0},{"playerId":2241039,"score":1550,"energy":13,"posx":5,"posy":5,"lastAction":0,"status":0}],"golds":[{"posx":0,"posy":3,"amount":50}],"changedObstacles":[]},{"players":[{"playerId":2450708,"score":1650,"energy":7,"posx":0,"posy":3,"lastAction":5,"status":0},{"playerId":3099802,"score":1750,"energy":20,"posx":3,"posy":3,"lastAction":4,"status":0},{"playerId":2375363,"score":1600,"energy":17,"posx":6,"posy":1,"lastAction":0,"status":0},{"playerId":2241039,"score":1550,"energy":12,"posx":4,"posy":5,"lastAction":0,"status":0}],"golds":[],"changedObstacles":[{"type":0,"posx":0,"posy":3,"value":-1}]}]