[{"players":[{"playerId":3944,"score":0,"energy":49,"posx":2,"posy":7,"lastAction":2,"status":0},{"playerId":2256302,"score":0,"energy":49,"posx":3,"posy":8,"lastAction":1,"status":0},{"playerId":2415753,"score":0,"energy":49,"posx":2,"posy":7,"lastAction":2,"status":0},{"playerId":803122,"score":0,"energy":49,"posx":2,"posy":7,"lastAction":2,"status":0}],"golds":[{"posx":14,"posy":7,"amount":150},{"posx":2,"posy":2,"amount":350},{"posx":18,"posy":6,"amount":550},{"posx":11,"posy":8,"amount":450},{"posx":10,"posy":5,"amount":400},{"posx":15,"posy":3,"amount":400},{"posx":13,"posy":1,"amount":400},{"posx":16,"posy":7,"amount":450},{"posx":14,"posy":4,"amount":300},{"posx":7,"posy":1,"amount":100},{"posx":2,"posy":5,"amount":100},{"posx":9,"posy":0,"amount":400},{"posx":9,"posy":8,"amount":50},{"posx":0,"posy":3,"amount":50},{"posx":13,"posy":6,"amount":50},{"posx":18,"posy":3,"amount":450},{"posx":10,"posy":3,"amount":150},{"posx":16,"posy":4,"amount":350},{"posx":3,"posy":7,"amount":750},{"posx":11,"posy":3,"amount":650}],"changedObstacles":[]},{"players":[{"playerId":3944,"score":0,"energy":48,"posx":2,"posy":6,"lastAction":2,"status":0},{"playerId":2256302,"score":0,"energy":45,"posx":3,"posy":7,"lastAction":2,"status":0},{"playerId":2415753,"score":0,"energy":45,"posx":3,"posy":7,"lastAction":1,"status":0},{"playerId":803122,"score":0,"energy":45,"posx":3,"posy":7,"lastAction":1,"status":0}],"golds":[{"posx":14,"posy":7,"amount":150},{"posx":2,"posy":2,"amount":350},{"posx":18,"posy":6,"amount":550},{"posx":11,"posy":8,"amount":450},{"posx":10,"posy":5,"amount":400},{"posx":15,"posy":3,"amount":400},{"posx":13,"posy":1,"amount":400},{"posx":16,"posy":7,"amount":450},{"posx":14,"posy":4,"amount":300},{"posx":7,"posy":1,"amount":100},{"posx":2,"posy":5,"amount":100},{"posx":9,"posy":0,"amount":400},{"posx":9,"posy":8,"amount":50},{"posx":0,"posy":3,"amount":50},{"posx":13,"posy":6,"amount":50},{"posx":18,"posy":3,"amount":450},{"posx":10,"posy":3,"amount":150},{"posx":16,"posy":4,"amount":350},{"posx":3,"posy":7,"amount":750},{"posx":11,"posy":3,"amount":650}],"changedObstacles":[]},{"players":[{"playerId":3944,"score":0,"energy":44,"posx":2,"posy":5,"lastAction":2,"status":0},{"playerId":2256302,"score":50,"energy":40,"posx":3,"posy":7,"lastAction":5,"status":0},{"playerId":2415753,"score":50,"energy":40,"posx":3,"posy":7,"lastAction":5,"status":0},{"playerId":803122,"score":50,"energy":40,"posx":3,"posy":7,"lastAction":5,"status":0}],"golds":[{"posx":9,"posy":0,"amount":400},{"posx":7,"posy":1,"amount":100},{"posx":13,"posy":1,"amount":400},{"posx":2,"posy":2,"amount":350},{"posx":0,"posy":3,"amount":50},{"posx":10,"posy":3,"amount":150},{"posx":11,"posy":3,"amount":650},{"posx":15,"posy":3,"amount":400},{"posx":18,"posy":3,"amount":450},{"posx":14,"posy":4,"amount":300},{"posx":16,"posy":4,"amount":350},{"posx":2,"posy":5,"amount":100},{"posx":10,"posy":5,"amount":400},{"posx":13,"posy":6,"amount":50},{"posx":18,"posy":6,"amount":550},{"posx":3,"posy":7,"amount":600},{"posx":14,"posy":7,"amount":150},{"posx":16,"posy":7,"amount":450},{"posx":9,"posy":8,"amount":50},{"posx":11,"posy":8,"amount":450}],"changedObstacles":[]},{"players":[{"playerId":3944,"score":50,"energy":39,"posx":2,"posy":5,"lastAction":5,"status":0},{"playerId":2256302,"score":100,"energy":35,"posx":3,"posy":7,"lastAction":5,"status":0},{"playerId":2415753,"score":100,"energy":35,"posx":3,"posy":7,"lastAction":5,"status":0},{"playerId":803122,"score":100,"energy":35,"posx":3,"posy":7,"lastAction":5,"status":0}],"golds":[{"posx":9,"posy":0,"amount":400},{"posx":7,"posy":1,"amount":100},{"posx":13,"posy":1,"amount":400},{"posx":2,"posy":2,"amount":350},{"posx":0,"posy":3,"amount":50},{"posx":10,"posy":3,"amount":150},{"posx":11,"posy":3,"amount":650},{"posx":15,"posy":3,"amount":400},{"posx":18,"posy":3,"amount":450},{"posx":14,"posy":4,"amount":300},{"posx":16,"posy":4,"amount":350},{"posx":2,"posy":5,"amount":50},{"posx":10,"posy":5,"amount":400},{"posx":13,"posy":6,"amount":50},{"posx":18,"posy":6,"amount":550},{"posx":3,"posy":7,"amount":450},{"posx":14,"posy":7,"amount":150},{"posx":16,"posy":7,"amount":450},{"posx":9,"posy":8,"amount":50},{"posx":11,"posy":8,"amount":450}],"changedObstacles":[]},{"players":[{"playerId":3944,"score":100,"energy":34,"posx":2,"posy":5,"lastAction":5,"status":0},{"playerId":2256302,"score":150,"energy":30,"posx":3,"posy":7,"lastAction":5,"status":0},{"playerId":2415753,"score":150,"energy":30,"posx":3,"posy":7,"lastAction":5,"status":0},{"playerId":803122,"score":150,"energy":30,"posx":3,"posy":7,"lastAction":5,"status":0}],"golds":[{"posx":9,"posy":0,"amount":400},{"posx":7,"posy":1,"amount":100},{"posx":13,"posy":1,"amount":400},{"posx":2,"posy":2,"amount":350},{"posx":0,"posy":3,"amount":50},{"posx":10,"posy":3,"amount":150},{"posx":11,"posy":3,"amount":650},{"posx":15,"posy":3,"amount":400},{"posx":18,"posy":3,"amount":450},{"posx":14,"posy":4,"amount":300},{"posx":16,"posy":4,"amount":350},{"posx":10,"posy":5,"amount":400},{"posx":13,"posy":6,"amount":50},{"posx":18,"posy":6,"amount":550},{"posx":3,"posy":7,"amount":300},{"posx":14,"posy":7,"amount":150},{"posx":16,"posy":7,"amount":450},{"posx":9,"posy":8,"amount":50},{"posx":11,"posy":8,"amount":450}],"changedObstacles":[{"type":0,"posx":2,"posy":5,"value":-1}]},{"players":[{"playerId":3944,"score":100,"energy":33,"posx":3,"posy":5,"lastAction":1,"status":0},{"playerId":2256302,"score":200,"energy":25,"posx":3,"posy":7,"lastAction":5,"status":0},{"playerId":2415753,"score":200,"energy":25,"posx":3,"posy":7,"lastAction":5,"status":0},{"playerId":803122,"score":200,"energy":25,"posx":3,"posy":7,"lastAction":5,"status":0}],"golds":[{"posx":9,"posy":0,"amount":400},{"posx":7,"posy":1,"amount":100},{"posx":13,"posy":1,"amount":400},{"posx":2,"posy":2,"amount":350},{"posx":0,"posy":3,"amount":50},{"posx":10,"posy":3,"amount":150},{"posx":11,"posy":3,"amount":650},{"posx":15,"posy":3,"amount":400},{"posx":18,"posy":3,"amount":450},{"posx":14,"posy":4,"amount":300},{"posx":16,"posy":4,"amount":350},{"posx":10,"posy":5,"amount":400},{"posx":13,"posy":6,"amount":50},{"posx":18,"posy":6,"amount":550},{"posx":3,"posy":7,"amount":150},{"posx":14,"posy":7,"amount":150},{"posx":16,"posy":7,"amount":450},{"posx":9,"posy":8,"amount":50},{"posx":11,"posy":8,"amount":450}],"changedObstacles":[]},{"players":[{"playerId":3944,"score":100,"energy":32,"posx":4,"posy":5,"lastAction":1,"status":0},{"playerId":2256302,"score":250,"energy":20,"posx":3,"posy":7,"lastAction":5,"status":0},{"playerId":2415753,"score":250,"energy":20,"posx":3,"posy":7,"lastAction":5,"status":0},{"playerId":803122,"score":250,"energy":20,"posx":3,"posy":7,"lastAction":5,"status":0}],"golds":[{"posx":9,"posy":0,"amount":400},{"posx":7,"posy":1,"amount":100},{"posx":13,"posy":1,"amount":400},{"posx":2,"posy":2,"amount":350},{"posx":0,"posy":3,"amount":50},{"posx":10,"posy":3,"amount":150},{"posx":11,"posy":3,"amount":650},{"posx":15,"posy":3,"amount":400},{"posx":18,"posy":3,"amount":450},{"posx":14,"posy":4,"amount":300},{"posx":16,"posy":4,"amount":350},{"posx":10,"posy":5,"amount":400},{"posx":13,"posy":6,"amount":50},{"posx":18,"posy":6,"amount":550},{"posx":14,"posy":7,"amount":150},{"posx":16,"posy":7,"amount":450},{"posx":9,"posy":8,"amount":50},{"posx":11,"posy":8,"amount":450}],"changedObstacles":[{"type":0,"posx":3,"posy":7,"value":-1}]},{"players":[{"playerId":3944,"score":100,"energy":31,"posx":5,"posy":5,"lastAction":1,"status":0},{"playerId":2256302,"score":250,"energy":19,"posx":4,"posy":7,"lastAction":1,"status":0},{"playerId":2415753,"score":250,"energy":19,"posx":3,"posy":6,"lastAction":2,"status":0},{"playerId":803122,"score":250,"energy":19,"posx":3,"posy":6,"lastAction":2,"status":0}],"golds":[{"posx":9,"posy":0,"amount":400},{"posx":7,"posy":1,"amount":100},{"posx":13,"posy":1,"amount":400},{"posx":2,"posy":2,"amount":350},{"posx":0,"posy":3,"amount":50},{"posx":10,"posy":3,"amount":150},{"posx":11,"posy":3,"amount":650},{"posx":15,"posy":3,"amount":400},{"posx":18,"posy":3,"amount":450},{"posx":14,"posy":4,"amount":300},{"posx":16,"posy":4,"amount":350},{"posx":10,"posy":5,"amount":400},{"posx":13,"posy":6,"amount":50},{"posx":18,"posy":6,"amount":550},{"posx":14,"posy":7,"amount":150},{"posx":16,"posy":7,"amount":450},{"posx":9,"posy":8,"amount":50},{"posx":11,"posy":8,"amount":450}],"changedObstacles":[]},{"players":[{"playerId":3944,"score":100,"energy":30,"posx":6,"posy":5,"lastAction":1,"status":0},{"playerId":2256302,"score":250,"energy":18,"posx":5,"posy":7,"lastAction":1,"status":0},{"playerId":2415753,"score":250,"energy":18,"posx":3,"posy":5,"lastAction":2,"status":0},{"playerId":803122,"score":250,"energy":18,"posx":3,"posy":5,"lastAction":2,"status":0}],"golds":[{"posx":9,"posy":0,"amount":400},{"posx":7,"posy":1,"amount":100},{"posx":13,"posy":1,"amount":400},{"posx":2,"posy":2,"amount":350},{"posx":0,"posy":3,"amount":50},{"posx":10,"posy":3,"amount":150},{"posx":11,"posy":3,"amount":650},{"posx":15,"posy":3,"amount":400},{"posx":18,"posy":3,"amount":450},{"posx":14,"posy":4,"amount":300},{"posx":16,"posy":4,"amount":350},{"posx":10,"posy":5,"amount":400},{"posx":13,"posy":6,"amount":50},{"posx":18,"posy":6,"amount":550},{"posx":14,"posy":7,"amount":150},{"posx":16,"posy":7,"amount":450},{"posx":9,"posy":8,"amount":50},{"posx":11,"posy":8,"amount":450}],"changedObstacles":[]},{"players":[{"playerId":3944,"score":100,"energy":29,"posx":7,"posy":5,"lastAction":1,"status":0},{"playerId":2256302,"score":250,"energy":17,"posx":6,"posy":7,"lastAction":1,"status":0},{"playerId":2415753,"score":250,"energy":17,"posx":2,"posy":5,"lastAction":0,"status":0},{"playerId":803122,"score":250,"energy":17,"posx":3,"posy":4,"lastAction":2,"status":0}],"golds":[{"posx":9,"posy":0,"amount":400},{"posx":7,"posy":1,"amount":100},{"posx":13,"posy":1,"amount":400},{"posx":2,"posy":2,"amount":350},{"posx":0,"posy":3,"amount":50},{"posx":10,"posy":3,"amount":150},{"posx":11,"posy":3,"amount":650},{"posx":15,"posy":3,"amount":400},{"posx":18,"posy":3,"amount":450},{"posx":14,"posy":4,"amount":300},{"posx":16,"posy":4,"amount":350},{"posx":10,"posy":5,"amount":400},{"posx":13,"posy":6,"amount":50},{"posx":18,"posy":6,"amount":550},{"posx":14,"posy":7,"amount":150},{"posx":16,"posy":7,"amount":450},{"posx":9,"posy":8,"amount":50},{"posx":11,"posy":8,"amount":450}],"changedObstacles":[]},{"players":[{"playerId":3944,"score":100,"energy":28,"posx":8,"posy":5,"lastAction":1,"status":0},{"playerId":2256302,"score":250,"energy":16,"posx":7,"posy":7,"lastAction":1,"status":0},{"playerId":2415753,"score":250,"energy":16,"posx":2,"posy":4,"lastAction":2,"status":0},{"playerId":803122,"score":250,"energy":16,"posx":3,"posy":3,"lastAction":2,"status":0}],"golds":[{"posx":9,"posy":0,"amount":400},{"posx":7,"posy":1,"amount":100},{"posx":13,"posy":1,"amount":400},{"posx":2,"posy":2,"amount":350},{"posx":0,"posy":3,"amount":50},{"posx":10,"posy":3,"amount":150},{"posx":11,"posy":3,"amount":650},{"posx":15,"posy":3,"amount":400},{"posx":18,"posy":3,"amount":450},{"posx":14,"posy":4,"amount":300},{"posx":16,"posy":4,"amount":350},{"posx":10,"posy":5,"amount":400},{"posx":13,"posy":6,"amount":50},{"posx":18,"posy":6,"amount":550},{"posx":14,"posy":7,"amount":150},{"posx":16,"posy":7,"amount":450},{"posx":9,"posy":8,"amount":50},{"posx":11,"posy":8,"amount":450}],"changedObstacles":[]},{"players":[{"playerId":3944,"score":100,"energy":27,"posx":9,"posy":5,"lastAction":1,"status":0},{"playerId":2256302,"score":250,"energy":15,"posx":8,"posy":7,"lastAction":1,"status":0},{"playerId":2415753,"score":250,"energy":15,"posx":2,"posy":3,"lastAction":2,"status":0},{"playerId":803122,"score":250,"energy":15,"posx":2,"posy":3,"lastAction":0,"status":0}],"golds":[{"posx":9,"posy":0,"amount":400},{"posx":7,"posy":1,"amount":100},{"posx":13,"posy":1,"amount":400},{"posx":2,"posy":2,"amount":350},{"posx":0,"posy":3,"amount":50},{"posx":10,"posy":3,"amount":150},{"posx":11,"posy":3,"amount":650},{"posx":15,"posy":3,"amount":400},{"posx":18,"posy":3,"amount":450},{"posx":14,"posy":4,"amount":300},{"posx":16,"posy":4,"amount":350},{"posx":10,"posy":5,"amount":400},{"posx":13,"posy":6,"amount":50},{"posx":18,"posy":6,"amount":550},{"posx":14,"posy":7,"amount":150},{"posx":16,"posy":7,"amount":450},{"posx":9,"posy":8,"amount":50},{"posx":11,"posy":8,"amount":450}],"changedObstacles":[]},{"players":[{"playerId":3944,"score":100,"energy":23,"posx":10,"posy":5,"lastAction":1,"status":0},{"playerId":2256302,"score":250,"energy":14,"posx":9,"posy":7,"lastAction":1,"status":0},{"playerId":2415753,"score":250,"energy":11,"posx":2,"posy":2,"lastAction":2,"status":0},{"playerId":803122,"score":250,"energy":11,"posx":2,"posy":2,"lastAction":2,"status":0}],"golds":[{"posx":9,"posy":0,"amount":400},{"posx":7,"posy":1,"amount":100},{"posx":13,"posy":1,"amount":400},{"posx":2,"posy":2,"amount":350},{"posx":0,"posy":3,"amount":50},{"posx":10,"posy":3,"amount":150},{"posx":11,"posy":3,"amount":650},{"posx":15,"posy":3,"amount":400},{"posx":18,"posy":3,"amount":450},{"posx":14,"posy":4,"amount":300},{"posx":16,"posy":4,"amount":350},{"posx":10,"posy":5,"amount":400},{"posx":13,"posy":6,"amount":50},{"posx":18,"posy":6,"amount":550},{"posx":14,"posy":7,"amount":150},{"posx":16,"posy":7,"amount":450},{"posx":9,"posy":8,"amount":50},{"posx":11,"posy":8,"amount":450}],"changedObstacles":[]},{"players":[{"playerId":3944,"score":150,"energy":18,"posx":10,"posy":5,"lastAction":5,"status":0},{"playerId":2256302,"score":250,"energy":13,"posx":9,"posy":6,"lastAction":2,"status":0},{"playerId":2415753,"score":300,"energy":6,"posx":2,"posy":2,"lastAction":5,"status":0},{"playerId":803122,"score":300,"energy":6,"posx":2,"posy":2,"lastAction":5,"status":0}],"golds":[{"posx":9,"posy":0,"amount":400},{"posx":7,"posy":1,"amount":100},{"posx":13,"posy":1,"amount":400},{"posx":2,"posy":2,"amount":250},{"posx":0,"posy":3,"amount":50},{"posx":10,"posy":3,"amount":150},{"posx":11,"posy":3,"amount":650},{"posx":15,"posy":3,"amount":400},{"posx":18,"posy":3,"amount":450},{"posx":14,"posy":4,"amount":300},{"posx":16,"posy":4,"amount":350},{"posx":10,"posy":5,"amount":350},{"posx":13,"posy":6,"amount":50},{"posx":18,"posy":6,"amount":550},{"posx":14,"posy":7,"amount":150},{"posx":16,"posy":7,"amount":450},{"posx":9,"posy":8,"amount":50},{"posx":11,"posy":8,"amount":450}],"changedObstacles":[]},{"players":[{"playerId":3944,"score":200,"energy":13,"posx":10,"posy":5,"lastAction":5,"status":0},{"playerId":2256302,"score":250,"energy":12,"posx":10,"posy":6,"lastAction":1,"status":0},{"playerId":2415753,"score":350,"energy":1,"posx":2,"posy":2,"lastAction":5,"status":0},{"playerId":803122,"score":350,"energy":1,"posx":2,"posy":2,"lastAction":5,"status":0}],"golds":[{"posx":9,"posy":0,"amount":400},{"posx":7,"posy":1,"amount":100},{"posx":13,"posy":1,"amount":400},{"posx":2,"posy":2,"amount":150},{"posx":0,"posy":3,"amount":50},{"posx":10,"posy":3,"amount":150},{"posx":11,"posy":3,"amount":650},{"posx":15,"posy":3,"amount":400},{"posx":18,"posy":3,"amount":450},{"posx":14,"posy":4,"amount":300},{"posx":16,"posy":4,"amount":350},{"posx":10,"posy":5,"amount":300},{"posx":13,"posy":6,"amount":50},{"posx":18,"posy":6,"amount":550},{"posx":14,"posy":7,"amount":150},{"posx":16,"posy":7,"amount":450},{"posx":9,"posy":8,"amount":50},{"posx":11,"posy":8,"amount":450}],"changedObstacles":[]},{"players":[{"playerId":3944,"score":250,"energy":8,"posx":10,"posy":5,"lastAction":5,"status":0},{"playerId":2256302,"score":250,"energy":8,"posx":10,"posy":5,"lastAction":2,"status":0},{"playerId":2415753,"score":350,"energy":13,"posx":2,"posy":2,"lastAction":4,"status":0},{"playerId":803122,"score":350,"energy":13,"posx":2,"posy":2,"lastAction":4,"status":0}],"golds":[{"posx":9,"posy":0,"amount":400},{"posx":7,"posy":1,"amount":100},{"posx":13,"posy":1,"amount":400},{"posx":2,"posy":2,"amount":150},{"posx":0,"posy":3,"amount":50},{"posx":10,"posy":3,"amount":150},{"posx":11,"posy":3,"amount":650},{"posx":15,"posy":3,"amount":400},{"posx":18,"posy":3,"amount":450},{"posx":14,"posy":4,"amount":300},{"posx":16,"posy":4,"amount":350},{"posx":10,"posy":5,"amount":250},{"posx":13,"posy":6,"amount":50},{"posx":18,"posy":6,"amount":550},{"posx":14,"posy":7,"amount":150},{"posx":16,"posy":7,"amount":450},{"posx":9,"posy":8,"amount":50},{"posx":11,"posy":8,"amount":450}],"changedObstacles":[]},{"players":[{"playerId":3944,"score":300,"energy":3,"posx":10,"posy":5,"lastAction":5,"status":0},{"playerId":2256302,"score":300,"energy":3,"posx":10,"posy":5,"lastAction":5,"status":0},{"playerId":2415753,"score":350,"energy":29,"posx":2,"posy":2,"lastAction":4,"status":0},{"playerId":803122,"score":400,"energy":8,"posx":2,"posy":2,"lastAction":5,"status":0}],"golds":[{"posx":9,"posy":0,"amount":400},{"posx":7,"posy":1,"amount":100},{"posx":13,"posy":1,"amount":400},{"posx":2,"posy":2,"amount":100},{"posx":0,"posy":3,"amount":50},{"posx":10,"posy":3,"amount":150},{"posx":11,"posy":3,"amount":650},{"posx":15,"posy":3,"amount":400},{"posx":18,"posy":3,"amount":450},{"posx":14,"posy":4,"amount":300},{"posx":16,"posy":4,"amount":350},{"posx":10,"posy":5,"amount":150},{"posx":13,"posy":6,"amount":50},{"posx":18,"posy":6,"amount":550},{"posx":14,"posy":7,"amount":150},{"posx":16,"posy":7,"amount":450},{"posx":9,"posy":8,"amount":50},{"posx":11,"posy":8,"amount":450}],"changedObstacles":[]},{"players":[{"playerId":3944,"score":300,"energy":15,"posx":10,"posy":5,"lastAction":4,"status":0},{"playerId":2256302,"score":300,"energy":15,"posx":10,"posy":5,"lastAction":4,"status":0},{"playerId":2415753,"score":400,"energy":24,"posx":2,"posy":2,"lastAction":5,"status":0},{"playerId":803122,"score":450,"energy":3,"posx":2,"posy":2,"lastAction":5,"status":0}],"golds":[{"posx":9,"posy":0,"amount":400},{"posx":7,"posy":1,"amount":100},{"posx":13,"posy":1,"amount":400},{"posx":0,"posy":3,"amount":50},{"posx":10,"posy":3,"amount":150},{"posx":11,"posy":3,"amount":650},{"posx":15,"posy":3,"amount":400},{"posx":18,"posy":3,"amount":450},{"posx":14,"posy":4,"amount":300},{"posx":16,"posy":4,"amount":350},{"posx":10,"posy":5,"amount":150},{"posx":13,"posy":6,"amount":50},{"posx":18,"posy":6,"amount":550},{"posx":14,"posy":7,"amount":150},{"posx":16,"posy":7,"amount":450},{"posx":9,"posy":8,"amount":50},{"posx":11,"posy":8,"amount":450}],"changedObstacles":[{"type":0,"posx":2,"posy":2,"value":-1}]},{"players":[{"playerId":3944,"score":300,"energy":31,"posx":10,"posy":5,"lastAction":4,"status":0},{"playerId":2256302,"score":300,"energy":31,"posx":10,"posy":5,"lastAction":4,"status":0},{"playerId":2415753,"score":400,"energy":23,"posx":3,"posy":2,"lastAction":1,"status":0},{"playerId":803122,"score":450,"energy":2,"posx":2,"posy":3,"lastAction":3,"status":0}],"golds":[{"posx":9,"posy":0,"amount":400},{"posx":7,"posy":1,"amount":100},{"posx":13,"posy":1,"amount":400},{"posx":0,"posy":3,"amount":50},{"posx":10,"posy":3,"amount":150},{"posx":11,"posy":3,"amount":650},{"posx":15,"posy":3,"amount":400},{"posx":18,"posy":3,"amount":450},{"posx":14,"posy":4,"amount":300},{"posx":16,"posy":4,"amount":350},{"posx":10,"posy":5,"amount":150},{"posx":13,"posy":6,"amount":50},{"posx":18,"posy":6,"amount":550},{"posx":14,"posy":7,"amount":150},{"posx":16,"posy":7,"amount":450},{"posx":9,"posy":8,"amount":50},{"posx":11,"posy":8,"amount":450}],"changedObstacles":[]},{"players":[{"playerId":3944,"score":300,"energy":50,"posx":10,"posy":5,"lastAction":4,"status":0},{"playerId":2256302,"score":300,"energy":50,"posx":10,"posy":5,"lastAction":4,"status":0},{"playerId":2415753,"score":400,"energy":22,"posx":4,"posy":2,"lastAction":1,"status":0},{"playerId":803122,"score":450,"energy":1,"posx":1,"posy":3,"lastAction":0,"status":0}],"golds":[{"posx":9,"posy":0,"amount":400},{"posx":7,"posy":1,"amount":100},{"posx":13,"posy":1,"amount":400},{"posx":0,"posy":3,"amount":50},{"posx":10,"posy":3,"amount":150},{"posx":11,"posy":3,"amount":650},{"posx":15,"posy":3,"amount":400},{"posx":18,"posy":3,"amount":450},{"posx":14,"posy":4,"amount":300},{"posx":16,"posy":4,"amount":350},{"posx":10,"posy":5,"amount":150},{"posx":13,"posy":6,"amount":50},{"posx":18,"posy":6,"amount":550},{"posx":14,"posy":7,"amount":150},{"posx":16,"posy":7,"amount":450},{"posx":9,"posy":8,"amount":50},{"posx":11,"posy":8,"amount":450}],"changedObstacles":[]},{"players":[{"playerId":3944,"score":350,"energy":45,"posx":10,"posy":5,"lastAction":5,"status":0},{"playerId":2256302,"score":350,"energy":45,"posx":10,"posy":5,"lastAction":5,"status":0},{"playerId":2415753,"score":400,"energy":21,"posx":5,"posy":2,"lastAction":1,"status":0},{"playerId":803122,"score":450,"energy":13,"posx":1,"posy":3,"lastAction":4,"status":0}],"golds":[{"posx":9,"posy":0,"amount":400},{"posx":7,"posy":1,"amount":100},{"posx":13,"posy":1,"amount":400},{"posx":0,"posy":3,"amount":50},{"posx":10,"posy":3,"amount":150},{"posx":11,"posy":3,"amount":650},{"posx":15,"posy":3,"amount":400},{"posx":18,"posy":3,"amount":450},{"posx":14,"posy":4,"amount":300},{"posx":16,"posy":4,"amount":350},{"posx":10,"posy":5,"amount":50},{"posx":13,"posy":6,"amount":50},{"posx":18,"posy":6,"amount":550},{"posx":14,"posy":7,"amount":150},{"posx":16,"posy":7,"amount":450},{"posx":9,"posy":8,"amount":50},{"posx":11,"posy":8,"amount":450}],"changedObstacles":[]},{"players":[{"playerId":3944,"score":400,"energy":40,"posx":10,"posy":5,"lastAction":5,"status":0},{"playerId":2256302,"score":350,"energy":44,"posx":10,"posy":4,"lastAction":2,"status":0},{"playerId":2415753,"score":400,"energy":20,"posx":6,"posy":2,"lastAction":1,"status":0},{"playerId":803122,"score":450,"energy":9,"posx":0,"posy":3,"lastAction":0,"status":0}],"golds":[{"posx":9,"posy":0,"amount":400},{"posx":7,"posy":1,"amount":100},{"posx":13,"posy":1,"amount":400},{"posx":0,"posy":3,"amount":50},{"posx":10,"posy":3,"amount":150},{"posx":11,"posy":3,"amount":650},{"posx":15,"posy":3,"amount":400},{"posx":18,"posy":3,"amount":450},{"posx":14,"posy":4,"amount":300},{"posx":16,"posy":4,"amount":350},{"posx":13,"posy":6,"amount":50},{"posx":18,"posy":6,"amount":550},{"posx":14,"posy":7,"amount":150},{"posx":16,"posy":7,"amount":450},{"posx":9,"posy":8,"amount":50},{"posx":11,"posy":8,"amount":450}],"changedObstacles":[{"type":0,"posx":10,"posy":5,"value":-1}]},{"players":[{"playerId":3944,"score":400,"energy":39,"posx":10,"posy":4,"lastAction":2,"status":0},{"playerId":2256302,"score":350,"energy":40,"posx":10,"posy":3,"lastAction":2,"status":0},{"playerId":2415753,"score":400,"energy":19,"posx":7,"posy":2,"lastAction":1,"status":0},{"playerId":803122,"score":500,"energy":4,"posx":0,"posy":3,"lastAction":5,"status":0}],"golds":[{"posx":9,"posy":0,"amount":400},{"posx":7,"posy":1,"amount":100},{"posx":13,"posy":1,"amount":400},{"posx":10,"posy":3,"amount":150},{"posx":11,"posy":3,"amount":650},{"posx":15,"posy":3,"amount":400},{"posx":18,"posy":3,"amount":450},{"posx":14,"posy":4,"amount":300},{"posx":16,"posy":4,"amount":350},{"posx":13,"posy":6,"amount":50},{"posx":18,"posy":6,"amount":550},{"posx":14,"posy":7,"amount":150},{"posx":16,"posy":7,"amount":450},{"posx":9,"posy":8,"amount":50},{"posx":11,"posy":8,"amount":450}],"changedObstacles":[{"type":0,"posx":0,"posy":3,"value":-1}]},{"players":[{"playerId":3944,"score":400,"energy":35,"posx":10,"posy":3,"lastAction":2,"status":0},{"playerId":2256302,"score":400,"energy":35,"posx":10,"posy":3,"lastAction":5,"status":0},{"playerId":2415753,"score":400,"energy":18,"posx":8,"posy":2,"lastAction":1,"status":0},{"playerId":803122,"score":500,"energy":3,"posx":1,"posy":3,"lastAction":1,"status":0}],"golds":[{"posx":9,"posy":0,"amount":400},{"posx":7,"posy":1,"amount":100},{"posx":13,"posy":1,"amount":400},{"posx":10,"posy":3,"amount":100},{"posx":11,"posy":3,"amount":650},{"posx":15,"posy":3,"amount":400},{"posx":18,"posy":3,"amount":450},{"posx":14,"posy":4,"amount":300},{"posx":16,"posy":4,"amount":350},{"posx":13,"posy":6,"amount":50},{"posx":18,"posy":6,"amount":550},{"posx":14,"posy":7,"amount":150},{"posx":16,"posy":7,"amount":450},{"posx":9,"posy":8,"amount":50},{"posx":11,"posy":8,"amount":450}],"changedObstacles":[]},{"players":[{"playerId":3944,"score":450,"energy":30,"posx":10,"posy":3,"lastAction":5,"status":0},{"playerId":2256302,"score":450,"energy":30,"posx":10,"posy":3,"lastAction":5,"status":0},{"playerId":2415753,"score":400,"energy":17,"posx":9,"posy":2,"lastAction":1,"status":0},{"playerId":803122,"score":500,"energy":2,"posx":2,"posy":3,"lastAction":1,"status":0}],"golds":[{"posx":9,"posy":0,"amount":400},{"posx":7,"posy":1,"amount":100},{"posx":13,"posy":1,"amount":400},{"posx":11,"posy":3,"amount":650},{"posx":15,"posy":3,"amount":400},{"posx":18,"posy":3,"amount":450},{"posx":14,"posy":4,"amount":300},{"posx":16,"posy":4,"amount":350},{"posx":13,"posy":6,"amount":50},{"posx":18,"posy":6,"amount":550},{"posx":14,"posy":7,"amount":150},{"posx":16,"posy":7,"amount":450},{"posx":9,"posy":8,"amount":50},{"posx":11,"posy":8,"amount":450}],"changedObstacles":[{"type":0,"posx":10,"posy":3,"value":-1}]},{"players":[{"playerId":3944,"score":450,"energy":26,"posx":11,"posy":3,"lastAction":1,"status":0},{"playerId":2256302,"score":450,"energy":26,"posx":11,"posy":3,"lastAction":1,"status":0},{"playerId":2415753,"score":400,"energy":16,"posx":10,"posy":2,"lastAction":1,"status":0},{"playerId":803122,"score":500,"energy":1,"posx":3,"posy":3,"lastAction":1,"status":0}],"golds":[{"posx":9,"posy":0,"amount":400},{"posx":7,"posy":1,"amount":100},{"posx":13,"posy":1,"amount":400},{"posx":11,"posy":3,"amount":650},{"posx":15,"posy":3,"amount":400},{"posx":18,"posy":3,"amount":450},{"posx":14,"posy":4,"amount":300},{"posx":16,"posy":4,"amount":350},{"posx":13,"posy":6,"amount":50},{"posx":18,"posy":6,"amount":550},{"posx":14,"posy":7,"amount":150},{"posx":16,"posy":7,"amount":450},{"posx":9,"posy":8,"amount":50},{"posx":11,"posy":8,"amount":450}],"changedObstacles":[]},{"players":[{"playerId":3944,"score":500,"energy":21,"posx":11,"posy":3,"lastAction":5,"status":0},{"playerId":2256302,"score":500,"energy":21,"posx":11,"posy":3,"lastAction":5,"status":0},{"playerId":2415753,"score":400,"energy":15,"posx":11,"posy":2,"lastAction":1,"status":0},{"playerId":803122,"score":500,"energy":13,"posx":3,"posy":3,"lastAction":4,"status":0}],"golds":[{"posx":9,"posy":0,"amount":400},{"posx":7,"posy":1,"amount":100},{"posx":13,"posy":1,"amount":400},{"posx":11,"posy":3,"amount":550},{"posx":15,"posy":3,"amount":400},{"posx":18,"posy":3,"amount":450},{"posx":14,"posy":4,"amount":300},{"posx":16,"posy":4,"amount":350},{"posx":13,"posy":6,"amount":50},{"posx":18,"posy":6,"amount":550},{"posx":14,"posy":7,"amount":150},{"posx":16,"posy":7,"amount":450},{"posx":9,"posy":8,"amount":50},{"posx":11,"posy":8,"amount":450}],"changedObstacles":[]},{"players":[{"playerId":3944,"score":550,"energy":16,"posx":11,"posy":3,"lastAction":5,"status":0},{"playerId":2256302,"score":550,"energy":16,"posx":11,"posy":3,"lastAction":5,"status":0},{"playerId":2415753,"score":400,"energy":11,"posx":11,"posy":3,"lastAction":3,"status":0},{"playerId":803122,"score":500,"energy":12,"posx":4,"posy":3,"lastAction":1,"status":0}],"golds":[{"posx":9,"posy":0,"amount":400},{"posx":7,"posy":1,"amount":100},{"posx":13,"posy":1,"amount":400},{"posx":11,"posy":3,"amount":450},{"posx":15,"posy":3,"amount":400},{"posx":18,"posy":3,"amount":450},{"posx":14,"posy":4,"amount":300},{"posx":16,"posy":4,"amount":350},{"posx":13,"posy":6,"amount":50},{"posx":18,"posy":6,"amount":550},{"posx":14,"posy":7,"amount":150},{"posx":16,"posy":7,"amount":450},{"posx":9,"posy":8,"amount":50},{"posx":11,"posy":8,"amount":450}],"changedObstacles":[]},{"players":[{"playerId":3944,"score":600,"energy":11,"posx":11,"posy":3,"lastAction":5,"status":0},{"playerId":2256302,"score":600,"energy":11,"posx":11,"posy":3,"lastAction":5,"status":0},{"playerId":2415753,"score":450,"energy":6,"posx":11,"posy":3,"lastAction":5,"status":0},{"playerId":803122,"score":500,"energy":11,"posx":5,"posy":3,"lastAction":1,"status":0}],"golds":[{"posx":9,"posy":0,"amount":400},{"posx":7,"posy":1,"amount":100},{"posx":13,"posy":1,"amount":400},{"posx":11,"posy":3,"amount":300},{"posx":15,"posy":3,"amount":400},{"posx":18,"posy":3,"amount":450},{"posx":14,"posy":4,"amount":300},{"posx":16,"posy":4,"amount":350},{"posx":13,"posy":6,"amount":50},{"posx":18,"posy":6,"amount":550},{"posx":14,"posy":7,"amount":150},{"posx":16,"posy":7,"amount":450},{"posx":9,"posy":8,"amount":50},{"posx":11,"posy":8,"amount":450}],"changedObstacles":[]},{"players":[{"playerId":3944,"score":650,"energy":6,"posx":11,"posy":3,"lastAction":5,"status":0},{"playerId":2256302,"score":650,"energy":6,"posx":11,"posy":3,"lastAction":5,"status":0},{"playerId":2415753,"score":500,"energy":1,"posx":11,"posy":3,"lastAction":5,"status":0},{"playerId":803122,"score":500,"energy":10,"posx":6,"posy":3,"lastAction":1,"status":0}],"golds":[{"posx":9,"posy":0,"amount":400},{"posx":7,"posy":1,"amount":100},{"posx":13,"posy":1,"amount":400},{"posx":11,"posy":3,"amount":150},{"posx":15,"posy":3,"amount":400},{"posx":18,"posy":3,"amount":450},{"posx":14,"posy":4,"amount":300},{"posx":16,"posy":4,"amount":350},{"posx":13,"posy":6,"amount":50},{"posx":18,"posy":6,"amount":550},{"posx":14,"posy":7,"amount":150},{"posx":16,"posy":7,"amount":450},{"posx":9,"posy":8,"amount":50},{"posx":11,"posy":8,"amount":450}],"changedObstacles":[]},{"players":[{"playerId":3944,"score":700,"energy":1,"posx":11,"posy":3,"lastAction":5,"status":0},{"playerId":2256302,"score":700,"energy":1,"posx":11,"posy":3,"lastAction":5,"status":0},{"playerId":2415753,"score":500,"energy":13,"posx":11,"posy":3,"lastAction":4,"status":0},{"playerId":803122,"score":500,"energy":9,"posx":7,"posy":3,"lastAction":1,"status":0}],"golds":[{"posx":9,"posy":0,"amount":400},{"posx":7,"posy":1,"amount":100},{"posx":13,"posy":1,"amount":400},{"posx":11,"posy":3,"amount":50},{"posx":15,"posy":3,"amount":400},{"posx":18,"posy":3,"amount":450},{"posx":14,"posy":4,"amount":300},{"posx":16,"posy":4,"amount":350},{"posx":13,"posy":6,"amount":50},{"posx":18,"posy":6,"amount":550},{"posx":14,"posy":7,"amount":150},{"posx":16,"posy":7,"amount":450},{"posx":9,"posy":8,"amount":50},{"posx":11,"posy":8,"amount":450}],"changedObstacles":[]},{"players":[{"playerId":3944,"score":700,"energy":13,"posx":11,"posy":3,"lastAction":4,"status":0},{"playerId":2256302,"score":700,"energy":13,"posx":11,"posy":3,"lastAction":4,"status":0},{"playerId":2415753,"score":500,"energy":29,"posx":11,"posy":3,"lastAction":4,"status":0},{"playerId":803122,"score":500,"energy":8,"posx":7,"posy":2,"lastAction":2,"status":0}],"golds":[{"posx":9,"posy":0,"amount":400},{"posx":7,"posy":1,"amount":100},{"posx":13,"posy":1,"amount":400},{"posx":11,"posy":3,"amount":50},{"posx":15,"posy":3,"amount":400},{"posx":18,"posy":3,"amount":450},{"posx":14,"posy":4,"amount":300},{"posx":16,"posy":4,"amount":350},{"posx":13,"posy":6,"amount":50},{"posx":18,"posy":6,"amount":550},{"posx":14,"posy":7,"amount":150},{"posx":16,"posy":7,"amount":450},{"posx":9,"posy":8,"amount":50},{"posx":11,"posy":8,"amount":450}],"changedObstacles":[]},{"players":[{"playerId":3944,"score":700,"energy":29,"posx":11,"posy":3,"lastAction":4,"status":0},{"playerId":2256302,"score":700,"energy":29,"posx":11,"posy":3,"lastAction":4,"status":0},{"playerId":2415753,"score":550,"energy":24,"posx":11,"posy":3,"lastAction":5,"status":0},{"playerId":803122,"score":500,"energy":4,"posx":7,"posy":1,"lastAction":2,"status":0}],"golds":[{"posx":9,"posy":0,"amount":400},{"posx":7,"posy":1,"amount":100},{"posx":13,"posy":1,"amount":400},{"posx":15,"posy":3,"amount":400},{"posx":18,"posy":3,"amount":450},{"posx":14,"posy":4,"amount":300},{"posx":16,"posy":4,"amount":350},{"posx":13,"posy":6,"amount":50},{"posx":18,"posy":6,"amount":550},{"posx":14,"posy":7,"amount":150},{"posx":16,"posy":7,"amount":450},{"posx":9,"posy":8,"amount":50},{"posx":11,"posy":8,"amount":450}],"changedObstacles":[{"type":0,"posx":11,"posy":3,"value":-1}]},{"players":[{"playerId":3944,"score":700,"energy":50,"posx":11,"posy":3,"lastAction":4,"status":0},{"playerId":2256302,"score":700,"energy":50,"posx":11,"posy":3,"lastAction":4,"status":0},{"playerId":2415753,"score":550,"energy":23,"posx":12,"posy":3,"lastAction":1,"status":0},{"playerId":803122,"score":500,"energy":16,"posx":7,"posy":1,"lastAction":4,"status":0}],"golds":[{"posx":9,"posy":0,"amount":400},{"posx":7,"posy":1,"amount":100},{"posx":13,"posy":1,"amount":400},{"posx":15,"posy":3,"amount":400},{"posx":18,"posy":3,"amount":450},{"posx":14,"posy":4,"amount":300},{"posx":16,"posy":4,"amount":350},{"posx":13,"posy":6,"amount":50},{"posx":18,"posy":6,"amount":550},{"posx":14,"posy":7,"amount":150},{"posx":16,"posy":7,"amount":450},{"posx":9,"posy":8,"amount":50},{"posx":11,"posy":8,"amount":450}],"changedObstacles":[]},{"players":[{"playerId":3944,"score":700,"energy":49,"posx":12,"posy":3,"lastAction":1,"status":0},{"playerId":2256302,"score":700,"energy":49,"posx":12,"posy":3,"lastAction":1,"status":0},{"playerId":2415753,"score":550,"energy":22,"posx":13,"posy":3,"lastAction":1,"status":0},{"playerId":803122,"score":550,"energy":11,"posx":7,"posy":1,"lastAction":5,"status":0}],"golds":[{"posx":9,"posy":0,"amount":400},{"posx":7,"posy":1,"amount":50},{"posx":13,"posy":1,"amount":400},{"posx":15,"posy":3,"amount":400},{"posx":18,"posy":3,"amount":450},{"posx":14,"posy":4,"amount":300},{"posx":16,"posy":4,"amount":350},{"posx":13,"posy":6,"amount":50},{"posx":18,"posy":6,"amount":550},{"posx":14,"posy":7,"amount":150},{"posx":16,"posy":7,"amount":450},{"posx":9,"posy":8,"amount":50},{"posx":11,"posy":8,"amount":450}],"changedObstacles":[]},{"players":[{"playerId":3944,"score":700,"energy":48,"posx":13,"posy":3,"lastAction":1,"status":0},{"playerId":2256302,"score":700,"energy":48,"posx":13,"posy":3,"lastAction":1,"status":0},{"playerId":2415753,"score":550,"energy":21,"posx":14,"posy":3,"lastAction":1,"status":0},{"playerId":803122,"score":600,"energy":6,"posx":7,"posy":1,"lastAction":5,"status":0}],"golds":[{"posx":9,"posy":0,"amount":400},{"posx":13,"posy":1,"amount":400},{"posx":15,"posy":3,"amount":400},{"posx":18,"posy":3,"amount":450},{"posx":14,"posy":4,"amount":300},{"posx":16,"posy":4,"amount":350},{"posx":13,"posy":6,"amount":50},{"posx":18,"posy":6,"amount":550},{"posx":14,"posy":7,"amount":150},{"posx":16,"posy":7,"amount":450},{"posx":9,"posy":8,"amount":50},{"posx":11,"posy":8,"amount":450}],"changedObstacles":[{"type":0,"posx":7,"posy":1,"value":-1}]},{"players":[{"playerId":3944,"score":700,"energy":47,"posx":14,"posy":3,"lastAction":1,"status":0},{"playerId":2256302,"score":700,"energy":47,"posx":14,"posy":3,"lastAction":1,"status":0},{"playerId":2415753,"score":550,"energy":17,"posx":15,"posy":3,"lastAction":1,"status":0},{"playerId":803122,"score":600,"energy":5,"posx":8,"posy":1,"lastAction":1,"status":0}],"golds":[{"posx":9,"posy":0,"amount":400},{"posx":13,"posy":1,"amount":400},{"posx":15,"posy":3,"amount":400},{"posx":18,"posy":3,"amount":450},{"posx":14,"posy":4,"amount":300},{"posx":16,"posy":4,"amount":350},{"posx":13,"posy":6,"amount":50},{"posx":18,"posy":6,"amount":550},{"posx":14,"posy":7,"amount":150},{"posx":16,"posy":7,"amount":450},{"posx":9,"posy":8,"amount":50},{"posx":11,"posy":8,"amount":450}],"changedObstacles":[]},{"players":[{"playerId":3944,"score":700,"energy":43,"posx":15,"posy":3,"lastAction":1,"status":0},{"playerId":2256302,"score":700,"energy":43,"posx":15,"posy":3,"lastAction":1,"status":0},{"playerId":2415753,"score":600,"energy":12,"posx":15,"posy":3,"lastAction":5,"status":0},{"playerId":803122,"score":600,"energy":4,"posx":9,"posy":1,"lastAction":1,"status":0}],"golds":[{"posx":9,"posy":0,"amount":400},{"posx":13,"posy":1,"amount":400},{"posx":15,"posy":3,"amount":350},{"posx":18,"posy":3,"amount":450},{"posx":14,"posy":4,"amount":300},{"posx":16,"posy":4,"amount":350},{"posx":13,"posy":6,"amount":50},{"posx":18,"posy":6,"amount":550},{"posx":14,"posy":7,"amount":150},{"posx":16,"posy":7,"amount":450},{"posx":9,"posy":8,"amount":50},{"posx":11,"posy":8,"amount":450}],"changedObstacles":[]},{"players":[{"playerId":3944,"score":750,"energy":38,"posx":15,"posy":3,"lastAction":5,"status":0},{"playerId":2256302,"score":750,"energy":38,"posx":15,"posy":3,"lastAction":5,"status":0},{"playerId":2415753,"score":650,"energy":7,"posx":15,"posy":3,"lastAction":5,"status":0},{"playerId":803122,"score":600,"energy":16,"posx":9,"posy":1,"lastAction":4,"status":0}],"golds":[{"posx":9,"posy":0,"amount":400},{"posx":13,"posy":1,"amount":400},{"posx":15,"posy":3,"amount":200},{"posx":18,"posy":3,"amount":450},{"posx":14,"posy":4,"amount":300},{"posx":16,"posy":4,"amount":350},{"posx":13,"posy":6,"amount":50},{"posx":18,"posy":6,"amount":550},{"posx":14,"posy":7,"amount":150},{"posx":16,"posy":7,"amount":450},{"posx":9,"posy":8,"amount":50},{"posx":11,"posy":8,"amount":450}],"changedObstacles":[]},{"players":[{"playerId":3944,"score":800,"energy":33,"posx":15,"posy":3,"lastAction":5,"status":0},{"playerId":2256302,"score":800,"energy":33,"posx":15,"posy":3,"lastAction":5,"status":0},{"playerId":2415753,"score":700,"energy":2,"posx":15,"posy":3,"lastAction":5,"status":0},{"playerId":803122,"score":600,"energy":12,"posx":9,"posy":0,"lastAction":2,"status":0}],"golds":[{"posx":9,"posy":0,"amount":400},{"posx":13,"posy":1,"amount":400},{"posx":15,"posy":3,"amount":50},{"posx":18,"posy":3,"amount":450},{"posx":14,"posy":4,"amount":300},{"posx":16,"posy":4,"amount":350},{"posx":13,"posy":6,"amount":50},{"posx":18,"posy":6,"amount":550},{"posx":14,"posy":7,"amount":150},{"posx":16,"posy":7,"amount":450},{"posx":9,"posy":8,"amount":50},{"posx":11,"posy":8,"amount":450}],"changedObstacles":[]},{"players":[{"playerId":3944,"score":850,"energy":28,"posx":15,"posy":3,"lastAction":5,"status":0},{"playerId":2256302,"score":800,"energy":32,"posx":15,"posy":4,"lastAction":3,"status":0},{"playerId":2415753,"score":700,"energy":14,"posx":15,"posy":3,"lastAction":4,"status":0},{"playerId":803122,"score":650,"energy":7,"posx":9,"posy":0,"lastAction":5,"status":0}],"golds":[{"posx":9,"posy":0,"amount":350},{"posx":13,"posy":1,"amount":400},{"posx":18,"posy":3,"amount":450},{"posx":14,"posy":4,"amount":300},{"posx":16,"posy":4,"amount":350},{"posx":13,"posy":6,"amount":50},{"posx":18,"posy":6,"amount":550},{"posx":14,"posy":7,"amount":150},{"posx":16,"posy":7,"amount":450},{"posx":9,"posy":8,"amount":50},{"posx":11,"posy":8,"amount":450}],"changedObstacles":[{"type":0,"posx":15,"posy":3,"value":-1}]},{"players":[{"playerId":3944,"score":850,"energy":27,"posx":15,"posy":4,"lastAction":3,"status":0},{"playerId":2256302,"score":800,"energy":28,"posx":14,"posy":4,"lastAction":0,"status":0},{"playerId":2415753,"score":700,"energy":30,"posx":15,"posy":3,"lastAction":4,"status":0},{"playerId":803122,"score":700,"energy":2,"posx":9,"posy":0,"lastAction":5,"status":0}],"golds":[{"posx":9,"posy":0,"amount":300},{"posx":13,"posy":1,"amount":400},{"posx":18,"posy":3,"amount":450},{"posx":14,"posy":4,"amount":300},{"posx":16,"posy":4,"amount":350},{"posx":13,"posy":6,"amount":50},{"posx":18,"posy":6,"amount":550},{"posx":14,"posy":7,"amount":150},{"posx":16,"posy":7,"amount":450},{"posx":9,"posy":8,"amount":50},{"posx":11,"posy":8,"amount":450}],"changedObstacles":[]},{"players":[{"playerId":3944,"score":850,"energy":23,"posx":16,"posy":4,"lastAction":1,"status":0},{"playerId":2256302,"score":850,"energy":23,"posx":14,"posy":4,"lastAction":5,"status":0},{"playerId":2415753,"score":700,"energy":29,"posx":15,"posy":4,"lastAction":3,"status":0},{"playerId":803122,"score":700,"energy":14,"posx":9,"posy":0,"lastAction":4,"status":0}],"golds":[{"posx":9,"posy":0,"amount":300},{"posx":13,"posy":1,"amount":400},{"posx":18,"posy":3,"amount":450},{"posx":14,"posy":4,"amount":250},{"posx":16,"posy":4,"amount":350},{"posx":13,"posy":6,"amount":50},{"posx":18,"posy":6,"amount":550},{"posx":14,"posy":7,"amount":150},{"posx":16,"posy":7,"amount":450},{"posx":9,"posy":8,"amount":50},{"posx":11,"posy":8,"amount":450}],"changedObstacles":[]},{"players":[{"playerId":3944,"score":900,"energy":18,"posx":16,"posy":4,"lastAction":5,"status":0},{"playerId":2256302,"score":900,"energy":18,"posx":14,"posy":4,"lastAction":5,"status":0},{"playerId":2415753,"score":700,"energy":25,"posx":16,"posy":4,"lastAction":1,"status":0},{"playerId":803122,"score":750,"energy":9,"posx":9,"posy":0,"lastAction":5,"status":0}],"golds":[{"posx":9,"posy":0,"amount":250},{"posx":13,"posy":1,"amount":400},{"posx":18,"posy":3,"amount":450},{"posx":14,"posy":4,"amount":200},{"posx":16,"posy":4,"amount":300},{"posx":13,"posy":6,"amount":50},{"posx":18,"posy":6,"amount":550},{"posx":14,"posy":7,"amount":150},{"posx":16,"posy":7,"amount":450},{"posx":9,"posy":8,"amount":50},{"posx":11,"posy":8,"amount":450}],"changedObstacles":[]},{"players":[{"playerId":3944,"score":950,"energy":13,"posx":16,"posy":4,"lastAction":5,"status":0},{"playerId":2256302,"score":950,"energy":13,"posx":14,"posy":4,"lastAction":5,"status":0},{"playerId":2415753,"score":750,"energy":20,"posx":16,"posy":4,"lastAction":5,"status":0},{"playerId":803122,"score":800,"energy":4,"posx":9,"posy":0,"lastAction":5,"status":0}],"golds":[{"posx":9,"posy":0,"amount":200},{"posx":13,"posy":1,"amount":400},{"posx":18,"posy":3,"amount":450},{"posx":14,"posy":4,"amount":150},{"posx":16,"posy":4,"amount":200},{"posx":13,"posy":6,"amount":50},{"posx":18,"posy":6,"amount":550},{"posx":14,"posy":7,"amount":150},{"posx":16,"posy":7,"amount":450},{"posx":9,"posy":8,"amount":50},{"posx":11,"posy":8,"amount":450}],"changedObstacles":[]},{"players":[{"playerId":3944,"score":1000,"energy":8,"posx":16,"posy":4,"lastAction":5,"status":0},{"playerId":2256302,"score":1000,"energy":8,"posx":14,"posy":4,"lastAction":5,"status":0},{"playerId":2415753,"score":800,"energy":15,"posx":16,"posy":4,"lastAction":5,"status":0},{"playerId":803122,"score":800,"energy":16,"posx":9,"posy":0,"lastAction":4,"status":0}],"golds":[{"posx":9,"posy":0,"amount":200},{"posx":13,"posy":1,"amount":400},{"posx":18,"posy":3,"amount":450},{"posx":14,"posy":4,"amount":100},{"posx":16,"posy":4,"amount":100},{"posx":13,"posy":6,"amount":50},{"posx":18,"posy":6,"amount":550},{"posx":14,"posy":7,"amount":150},{"posx":16,"posy":7,"amount":450},{"posx":9,"posy":8,"amount":50},{"posx":11,"posy":8,"amount":450}],"changedObstacles":[]},{"players":[{"playerId":3944,"score":1050,"energy":3,"posx":16,"posy":4,"lastAction":5,"status":0},{"playerId":2256302,"score":1050,"energy":3,"posx":14,"posy":4,"lastAction":5,"status":0},{"playerId":2415753,"score":850,"energy":10,"posx":16,"posy":4,"lastAction":5,"status":0},{"playerId":803122,"score":850,"energy":11,"posx":9,"posy":0,"lastAction":5,"status":0}],"golds":[{"posx":9,"posy":0,"amount":150},{"posx":13,"posy":1,"amount":400},{"posx":18,"posy":3,"amount":450},{"posx":14,"posy":4,"amount":50},{"posx":13,"posy":6,"amount":50},{"posx":18,"posy":6,"amount":550},{"posx":14,"posy":7,"amount":150},{"posx":16,"posy":7,"amount":450},{"posx":9,"posy":8,"amount":50},{"posx":11,"posy":8,"amount":450}],"changedObstacles":[{"type":0,"posx":16,"posy":4,"value":-1}]},{"players":[{"playerId":3944,"score":1050,"energy":15,"posx":16,"posy":4,"lastAction":4,"status":0},{"playerId":2256302,"score":1050,"energy":15,"posx":14,"posy":4,"lastAction":4,"status":0},{"playerId":2415753,"score":850,"energy":9,"posx":16,"posy":5,"lastAction":3,"status":0},{"playerId":803122,"score":900,"energy":6,"posx":9,"posy":0,"lastAction":5,"status":0}],"golds":[{"posx":9,"posy":0,"amount":100},{"posx":13,"posy":1,"amount":400},{"posx":18,"posy":3,"amount":450},{"posx":14,"posy":4,"amount":50},{"posx":13,"posy":6,"amount":50},{"posx":18,"posy":6,"amount":550},{"posx":14,"posy":7,"amount":150},{"posx":16,"posy":7,"amount":450},{"posx":9,"posy":8,"amount":50},{"posx":11,"posy":8,"amount":450}],"changedObstacles":[]},{"players":[{"playerId":3944,"score":1050,"energy":31,"posx":16,"posy":4,"lastAction":4,"status":0},{"playerId":2256302,"score":1050,"energy":31,"posx":14,"posy":4,"lastAction":4,"status":0},{"playerId":2415753,"score":850,"energy":8,"posx":16,"posy":6,"lastAction":3,"status":0},{"playerId":803122,"score":950,"energy":1,"posx":9,"posy":0,"lastAction":5,"status":0}],"golds":[{"posx":9,"posy":0,"amount":50},{"posx":13,"posy":1,"amount":400},{"posx":18,"posy":3,"amount":450},{"posx":14,"posy":4,"amount":50},{"posx":13,"posy":6,"amount":50},{"posx":18,"posy":6,"amount":550},{"posx":14,"posy":7,"amount":150},{"posx":16,"posy":7,"amount":450},{"posx":9,"posy":8,"amount":50},{"posx":11,"posy":8,"amount":450}],"changedObstacles":[]},{"players":[{"playerId":3944,"score":1050,"energy":50,"posx":16,"posy":4,"lastAction":4,"status":0},{"playerId":2256302,"score":1050,"energy":50,"posx":14,"posy":4,"lastAction":4,"status":0},{"playerId":2415753,"score":850,"energy":4,"posx":16,"posy":7,"lastAction":3,"status":0},{"playerId":803122,"score":950,"energy":13,"posx":9,"posy":0,"lastAction":4,"status":0}],"golds":[{"posx":9,"posy":0,"amount":50},{"posx":13,"posy":1,"amount":400},{"posx":18,"posy":3,"amount":450},{"posx":14,"posy":4,"amount":50},{"posx":13,"posy":6,"amount":50},{"posx":18,"posy":6,"amount":550},{"posx":14,"posy":7,"amount":150},{"posx":16,"posy":7,"amount":450},{"posx":9,"posy":8,"amount":50},{"posx":11,"posy":8,"amount":450}],"changedObstacles":[]},{"players":[{"playerId":3944,"score":1050,"energy":49,"posx":15,"posy":4,"lastAction":0,"status":0},{"playerId":2256302,"score":1100,"energy":45,"posx":14,"posy":4,"lastAction":5,"status":0},{"playerId":2415753,"score":850,"energy":16,"posx":16,"posy":7,"lastAction":4,"status":0},{"playerId":803122,"score":1000,"energy":8,"posx":9,"posy":0,"lastAction":5,"status":0}],"golds":[{"posx":13,"posy":1,"amount":400},{"posx":18,"posy":3,"amount":450},{"posx":13,"posy":6,"amount":50},{"posx":18,"posy":6,"amount":550},{"posx":14,"posy":7,"amount":150},{"posx":16,"posy":7,"amount":450},{"posx":9,"posy":8,"amount":50},{"posx":11,"posy":8,"amount":450}],"changedObstacles":[{"type":0,"posx":14,"posy":4,"value":-1},{"type":0,"posx":9,"posy":0,"value":-1}]},{"players":[{"playerId":3944,"score":1050,"energy":48,"posx":15,"posy":5,"lastAction":3,"status":0},{"playerId":2256302,"score":1100,"energy":44,"posx":14,"posy":5,"lastAction":3,"status":0},{"playerId":2415753,"score":850,"energy":32,"posx":16,"posy":7,"lastAction":4,"status":0},{"playerId":803122,"score":1000,"energy":7,"posx":9,"posy":1,"lastAction":3,"status":0}],"golds":[{"posx":13,"posy":1,"amount":400},{"posx":18,"posy":3,"amount":450},{"posx":13,"posy":6,"amount":50},{"posx":18,"posy":6,"amount":550},{"posx":14,"posy":7,"amount":150},{"posx":16,"posy":7,"amount":450},{"posx":9,"posy":8,"amount":50},{"posx":11,"posy":8,"amount":450}],"changedObstacles":[]},{"players":[{"playerId":3944,"score":1050,"energy":47,"posx":15,"posy":6,"lastAction":3,"status":0},{"playerId":2256302,"score":1100,"energy":43,"posx":14,"posy":6,"lastAction":3,"status":0},{"playerId":2415753,"score":850,"energy":50,"posx":16,"posy":7,"lastAction":4,"status":0},{"playerId":803122,"score":1000,"energy":6,"posx":10,"posy":1,"lastAction":1,"status":0}],"golds":[{"posx":13,"posy":1,"amount":400},{"posx":18,"posy":3,"amount":450},{"posx":13,"posy":6,"amount":50},{"posx":18,"posy":6,"amount":550},{"posx":14,"posy":7,"amount":150},{"posx":16,"posy":7,"amount":450},{"posx":9,"posy":8,"amount":50},{"posx":11,"posy":8,"amount":450}],"changedObstacles":[]},{"players":[{"playerId":3944,"score":1050,"energy":46,"posx":15,"posy":7,"lastAction":3,"status":0},{"playerId":2256302,"score":1100,"energy":39,"posx":14,"posy":7,"lastAction":3,"status":0},{"playerId":2415753,"score":900,"energy":45,"posx":16,"posy":7,"lastAction":5,"status":0},{"playerId":803122,"score":1000,"energy":5,"posx":11,"posy":1,"lastAction":1,"status":0}],"golds":[{"posx":13,"posy":1,"amount":400},{"posx":18,"posy":3,"amount":450},{"posx":13,"posy":6,"amount":50},{"posx":18,"posy":6,"amount":550},{"posx":14,"posy":7,"amount":150},{"posx":16,"posy":7,"amount":400},{"posx":9,"posy":8,"amount":50},{"posx":11,"posy":8,"amount":450}],"changedObstacles":[]},{"players":[{"playerId":3944,"score":1050,"energy":42,"posx":16,"posy":7,"lastAction":1,"status":0},{"playerId":2256302,"score":1150,"energy":34,"posx":14,"posy":7,"lastAction":5,"status":0},{"playerId":2415753,"score":950,"energy":40,"posx":16,"posy":7,"lastAction":5,"status":0},{"playerId":803122,"score":1000,"energy":4,"posx":12,"posy":1,"lastAction":1,"status":0}],"golds":[{"posx":13,"posy":1,"amount":400},{"posx":18,"posy":3,"amount":450},{"posx":13,"posy":6,"amount":50},{"posx":18,"posy":6,"amount":550},{"posx":14,"posy":7,"amount":100},{"posx":16,"posy":7,"amount":350},{"posx":9,"posy":8,"amount":50},{"posx":11,"posy":8,"amount":450}],"changedObstacles":[]},{"players":[{"playerId":3944,"score":1100,"energy":37,"posx":16,"posy":7,"lastAction":5,"status":0},{"playerId":2256302,"score":1200,"energy":29,"posx":14,"posy":7,"lastAction":5,"status":0},{"playerId":2415753,"score":1000,"energy":35,"posx":16,"posy":7,"lastAction":5,"status":0},{"playerId":803122,"score":1000,"energy":16,"posx":12,"posy":1,"lastAction":4,"status":0}],"golds":[{"posx":13,"posy":1,"amount":400},{"posx":18,"posy":3,"amount":450},{"posx":13,"posy":6,"amount":50},{"posx":18,"posy":6,"amount":550},{"posx":14,"posy":7,"amount":50},{"posx":16,"posy":7,"amount":250},{"posx":9,"posy":8,"amount":50},{"posx":11,"posy":8,"amount":450}],"changedObstacles":[]},{"players":[{"playerId":3944,"score":1150,"energy":32,"posx":16,"posy":7,"lastAction":5,"status":0},{"playerId":2256302,"score":1250,"energy":24,"posx":14,"posy":7,"lastAction":5,"status":0},{"playerId":2415753,"score":1050,"energy":30,"posx":16,"posy":7,"lastAction":5,"status":0},{"playerId":803122,"score":1000,"energy":12,"posx":13,"posy":1,"lastAction":1,"status":0}],"golds":[{"posx":13,"posy":1,"amount":400},{"posx":18,"posy":3,"amount":450},{"posx":13,"posy":6,"amount":50},{"posx":18,"posy":6,"amount":550},{"posx":16,"posy":7,"amount":150},{"posx":9,"posy":8,"amount":50},{"posx":11,"posy":8,"amount":450}],"changedObstacles":[{"type":0,"posx":14,"posy":7,"value":-1}]},{"players":[{"playerId":3944,"score":1200,"energy":27,"posx":16,"posy":7,"lastAction":5,"status":0},{"playerId":2256302,"score":1250,"energy":23,"posx":13,"posy":7,"lastAction":0,"status":0},{"playerId":2415753,"score":1100,"energy":25,"posx":16,"posy":7,"lastAction":5,"status":0},{"playerId":803122,"score":1050,"energy":7,"posx":13,"posy":1,"lastAction":5,"status":0}],"golds":[{"posx":13,"posy":1,"amount":350},{"posx":18,"posy":3,"amount":450},{"posx":13,"posy":6,"amount":50},{"posx":18,"posy":6,"amount":550},{"posx":16,"posy":7,"amount":50},{"posx":9,"posy":8,"amount":50},{"posx":11,"posy":8,"amount":450}],"changedObstacles":[]},{"players":[{"playerId":3944,"score":1225,"energy":22,"posx":16,"posy":7,"lastAction":5,"status":0},{"playerId":2256302,"score":1250,"energy":22,"posx":13,"posy":8,"lastAction":3,"status":0},{"playerId":2415753,"score":1125,"energy":20,"posx":16,"posy":7,"lastAction":5,"status":0},{"playerId":803122,"score":1100,"energy":2,"posx":13,"posy":1,"lastAction":5,"status":0}],"golds":[{"posx":13,"posy":1,"amount":300},{"posx":18,"posy":3,"amount":450},{"posx":13,"posy":6,"amount":50},{"posx":18,"posy":6,"amount":550},{"posx":9,"posy":8,"amount":50},{"posx":11,"posy":8,"amount":450}],"changedObstacles":[{"type":0,"posx":16,"posy":7,"value":-1}]},{"players":[{"playerId":3944,"score":1225,"energy":21,"posx":17,"posy":7,"lastAction":1,"status":0},{"playerId":2256302,"score":1250,"energy":21,"posx":12,"posy":8,"lastAction":0,"status":0},{"playerId":2415753,"score":1125,"energy":19,"posx":17,"posy":7,"lastAction":1,"status":0},{"playerId":803122,"score":1100,"energy":14,"posx":13,"posy":1,"lastAction":4,"status":0}],"golds":[{"posx":13,"posy":1,"amount":300},{"posx":18,"posy":3,"amount":450},{"posx":13,"posy":6,"amount":50},{"posx":18,"posy":6,"amount":550},{"posx":9,"posy":8,"amount":50},{"posx":11,"posy":8,"amount":450}],"changedObstacles":[]},{"players":[{"playerId":3944,"score":1225,"energy":20,"posx":18,"posy":7,"lastAction":1,"status":0},{"playerId":2256302,"score":1250,"energy":17,"posx":11,"posy":8,"lastAction":0,"status":0},{"playerId":2415753,"score":1125,"energy":18,"posx":18,"posy":7,"lastAction":1,"status":0},{"playerId":803122,"score":1150,"energy":9,"posx":13,"posy":1,"lastAction":5,"status":0}],"golds":[{"posx":13,"posy":1,"amount":250},{"posx":18,"posy":3,"amount":450},{"posx":13,"posy":6,"amount":50},{"posx":18,"posy":6,"amount":550},{"posx":9,"posy":8,"amount":50},{"posx":11,"posy":8,"amount":450}],"changedObstacles":[]},{"players":[{"playerId":3944,"score":1225,"energy":16,"posx":18,"posy":6,"lastAction":2,"status":0},{"playerId":2256302,"score":1300,"energy":12,"posx":11,"posy":8,"lastAction":5,"status":0},{"playerId":2415753,"score":1125,"energy":14,"posx":18,"posy":6,"lastAction":2,"status":0},{"playerId":803122,"score":1200,"energy":4,"posx":13,"posy":1,"lastAction":5,"status":0}],"golds":[{"posx":13,"posy":1,"amount":200},{"posx":18,"posy":3,"amount":450},{"posx":13,"posy":6,"amount":50},{"posx":18,"posy":6,"amount":550},{"posx":9,"posy":8,"amount":50},{"posx":11,"posy":8,"amount":400}],"changedObstacles":[]},{"players":[{"playerId":3944,"score":1275,"energy":11,"posx":18,"posy":6,"lastAction":5,"status":0},{"playerId":2256302,"score":1350,"energy":7,"posx":11,"posy":8,"lastAction":5,"status":0},{"playerId":2415753,"score":1175,"energy":9,"posx":18,"posy":6,"lastAction":5,"status":0},{"playerId":803122,"score":1200,"energy":16,"posx":13,"posy":1,"lastAction":4,"status":0}],"golds":[{"posx":13,"posy":1,"amount":200},{"posx":18,"posy":3,"amount":450},{"posx":13,"posy":6,"amount":50},{"posx":18,"posy":6,"amount":450},{"posx":9,"posy":8,"amount":50},{"posx":11,"posy":8,"amount":350}],"changedObstacles":[]},{"players":[{"playerId":3944,"score":1325,"energy":6,"posx":18,"posy":6,"lastAction":5,"status":0},{"playerId":2256302,"score":1400,"energy":2,"posx":11,"posy":8,"lastAction":5,"status":0},{"playerId":2415753,"score":1225,"energy":4,"posx":18,"posy":6,"lastAction":5,"status":0},{"playerId":803122,"score":1250,"energy":11,"posx":13,"posy":1,"lastAction":5,"status":0}],"golds":[{"posx":13,"posy":1,"amount":150},{"posx":18,"posy":3,"amount":450},{"posx":13,"posy":6,"amount":50},{"posx":18,"posy":6,"amount":350},{"posx":9,"posy":8,"amount":50},{"posx":11,"posy":8,"amount":300}],"changedObstacles":[]},{"players":[{"playerId":3944,"score":1375,"energy":1,"posx":18,"posy":6,"lastAction":5,"status":0},{"playerId":2256302,"score":1400,"energy":14,"posx":11,"posy":8,"lastAction":4,"status":0},{"playerId":2415753,"score":1225,"energy":16,"posx":18,"posy":6,"lastAction":4,"status":0},{"playerId":803122,"score":1300,"energy":6,"posx":13,"posy":1,"lastAction":5,"status":0}],"golds":[{"posx":13,"posy":1,"amount":100},{"posx":18,"posy":3,"amount":450},{"posx":13,"posy":6,"amount":50},{"posx":18,"posy":6,"amount":300},{"posx":9,"posy":8,"amount":50},{"posx":11,"posy":8,"amount":300}],"changedObstacles":[]},{"players":[{"playerId":3944,"score":1375,"energy":13,"posx":18,"posy":6,"lastAction":4,"status":0},{"playerId":2256302,"score":1400,"energy":30,"posx":11,"posy":8,"lastAction":4,"status":0},{"playerId":2415753,"score":1225,"energy":32,"posx":18,"posy":6,"lastAction":4,"status":0},{"playerId":803122,"score":1350,"energy":1,"posx":13,"posy":1,"lastAction":5,"status":0}],"golds":[{"posx":13,"posy":1,"amount":50},{"posx":18,"posy":3,"amount":450},{"posx":13,"posy":6,"amount":50},{"posx":18,"posy":6,"amount":300},{"posx":9,"posy":8,"amount":50},{"posx":11,"posy":8,"amount":300}],"changedObstacles":[]},{"players":[{"playerId":3944,"score":1375,"energy":29,"posx":18,"posy":6,"lastAction":4,"status":0},{"playerId":2256302,"score":1400,"energy":50,"posx":11,"posy":8,"lastAction":4,"status":0},{"playerId":2415753,"score":1275,"energy":27,"posx":18,"posy":6,"lastAction":5,"status":0},{"playerId":803122,"score":1350,"energy":13,"posx":13,"posy":1,"lastAction":4,"status":0}],"golds":[{"posx":13,"posy":1,"amount":50},{"posx":18,"posy":3,"amount":450},{"posx":13,"posy":6,"amount":50},{"posx":18,"posy":6,"amount":250},{"posx":9,"posy":8,"amount":50},{"posx":11,"posy":8,"amount":300}],"changedObstacles":[]},{"players":[{"playerId":3944,"score":1375,"energy":50,"posx":18,"posy":6,"lastAction":4,"status":0},{"playerId":2256302,"score":1450,"energy":45,"posx":11,"posy":8,"lastAction":5,"status":0},{"playerId":2415753,"score":1325,"energy":22,"posx":18,"posy":6,"lastAction":5,"status":0},{"playerId":803122,"score":1400,"energy":8,"posx":13,"posy":1,"lastAction":5,"status":0}],"golds":[{"posx":18,"posy":3,"amount":450},{"posx":13,"posy":6,"amount":50},{"posx":18,"posy":6,"amount":200},{"posx":9,"posy":8,"amount":50},{"posx":11,"posy":8,"amount":250}],"changedObstacles":[{"type":0,"posx":13,"posy":1,"value":-1}]},{"players":[{"playerId":3944,"score":1425,"energy":45,"posx":18,"posy":6,"lastAction":5,"status":0},{"playerId":2256302,"score":1500,"energy":40,"posx":11,"posy":8,"lastAction":5,"status":0},{"playerId":2415753,"score":1375,"energy":17,"posx":18,"posy":6,"lastAction":5,"status":0},{"playerId":803122,"score":1400,"energy":7,"posx":14,"posy":1,"lastAction":1,"status":0}],"golds":[{"posx":18,"posy":3,"amount":450},{"posx":13,"posy":6,"amount":50},{"posx":18,"posy":6,"amount":100},{"posx":9,"posy":8,"amount":50},{"posx":11,"posy":8,"amount":200}],"changedObstacles":[]},{"players":[{"playerId":3944,"score":1475,"energy":40,"posx":18,"posy":6,"lastAction":5,"status":0},{"playerId":2256302,"score":1550,"energy":35,"posx":11,"posy":8,"lastAction":5,"status":0},{"playerId":2415753,"score":1425,"energy":12,"posx":18,"posy":6,"lastAction":5,"status":0},{"playerId":803122,"score":1400,"energy":6,"posx":14,"posy":2,"lastAction":3,"status":0}],"golds":[{"posx":18,"posy":3,"amount":450},{"posx":13,"posy":6,"amount":50},{"posx":9,"posy":8,"amount":50},{"posx":11,"posy":8,"amount":150}],"changedObstacles":[{"type":0,"posx":18,"posy":6,"value":-1}]},{"players":[{"playerId":3944,"score":1475,"energy":39,"posx":18,"posy":5,"lastAction":2,"status":0},{"playerId":2256302,"score":1600,"energy":30,"posx":11,"posy":8,"lastAction":5,"status":0},{"playerId":2415753,"score":1425,"energy":11,"posx":18,"posy":5,"lastAction":2,"status":0},{"playerId":803122,"score":1400,"energy":5,"posx":14,"posy":3,"lastAction":3,"status":0}],"golds":[{"posx":18,"posy":3,"amount":450},{"posx":13,"posy":6,"amount":50},{"posx":9,"posy":8,"amount":50},{"posx":11,"posy":8,"amount":100}],"changedObstacles":[]},{"players":[{"playerId":3944,"score":1475,"energy":38,"posx":18,"posy":4,"lastAction":2,"status":0},{"playerId":2256302,"score":1650,"energy":25,"posx":11,"posy":8,"lastAction":5,"status":0},{"playerId":2415753,"score":1425,"energy":10,"posx":18,"posy":4,"lastAction":2,"status":0},{"playerId":803122,"score":1400,"energy":4,"posx":15,"posy":3,"lastAction":1,"status":0}],"golds":[{"posx":18,"posy":3,"amount":450},{"posx":13,"posy":6,"amount":50},{"posx":9,"posy":8,"amount":50},{"posx":11,"posy":8,"amount":50}],"changedObstacles":[]},{"players":[{"playerId":3944,"score":1475,"energy":34,"posx":18,"posy":3,"lastAction":2,"status":0},{"playerId":2256302,"score":1700,"energy":20,"posx":11,"posy":8,"lastAction":5,"status":0},{"playerId":2415753,"score":1425,"energy":6,"posx":18,"posy":3,"lastAction":2,"status":0},{"playerId":803122,"score":1400,"energy":3,"posx":16,"posy":3,"lastAction":1,"status":0}],"golds":[{"posx":18,"posy":3,"amount":450},{"posx":13,"posy":6,"amount":50},{"posx":9,"posy":8,"amount":50}],"changedObstacles":[{"type":0,"posx":11,"posy":8,"value":-1}]},{"players":[{"playerId":3944,"score":1525,"energy":29,"posx":18,"posy":3,"lastAction":5,"status":0},{"playerId":2256302,"score":1700,"energy":10,"posx":10,"posy":8,"lastAction":0,"status":0},{"playerId":2415753,"score":1475,"energy":1,"posx":18,"posy":3,"lastAction":5,"status":0},{"playerId":803122,"score":1400,"energy":2,"posx":17,"posy":3,"lastAction":1,"status":0}],"golds":[{"posx":18,"posy":3,"amount":350},{"posx":13,"posy":6,"amount":50},{"posx":9,"posy":8,"amount":50}],"changedObstacles":[{"type":0,"posx":10,"posy":8,"value":-1}]},{"players":[{"playerId":3944,"score":1575,"energy":24,"posx":18,"posy":3,"lastAction":5,"status":0},{"playerId":2256302,"score":1700,"energy":6,"posx":9,"posy":8,"lastAction":0,"status":0},{"playerId":2415753,"score":1475,"energy":13,"posx":18,"posy":3,"lastAction":4,"status":0},{"playerId":803122,"score":1400,"energy":14,"posx":17,"posy":3,"lastAction":4,"status":0}],"golds":[{"posx":18,"posy":3,"amount":300},{"posx":13,"posy":6,"amount":50},{"posx":9,"posy":8,"amount":50}],"changedObstacles":[]},{"players":[{"playerId":3944,"score":1625,"energy":19,"posx":18,"posy":3,"lastAction":5,"status":0},{"playerId":2256302,"score":1750,"energy":1,"posx":9,"posy":8,"lastAction":5,"status":0},{"playerId":2415753,"score":1475,"energy":29,"posx":18,"posy":3,"lastAction":4,"status":0},{"playerId":803122,"score":1400,"energy":10,"posx":18,"posy":3,"lastAction":1,"status":0}],"golds":[{"posx":18,"posy":3,"amount":250},{"posx":13,"posy":6,"amount":50}],"changedObstacles":[{"type":0,"posx":9,"posy":8,"value":-1}]},{"players":[{"playerId":3944,"score":1675,"energy":14,"posx":18,"posy":3,"lastAction":5,"status":0},{"playerId":2256302,"score":1750,"energy":13,"posx":9,"posy":8,"lastAction":4,"status":0},{"playerId":2415753,"score":1525,"energy":24,"posx":18,"posy":3,"lastAction":5,"status":0},{"playerId":803122,"score":1450,"energy":5,"posx":18,"posy":3,"lastAction":5,"status":0}],"golds":[{"posx":18,"posy":3,"amount":100},{"posx":13,"posy":6,"amount":50}],"changedObstacles":[]},{"players":[{"playerId":3944,"score":1725,"energy":9,"posx":18,"posy":3,"lastAction":5,"status":0},{"playerId":2256302,"score":1750,"energy":12,"posx":10,"posy":8,"lastAction":1,"status":0},{"playerId":2415753,"score":1575,"energy":19,"posx":18,"posy":3,"lastAction":5,"status":0},{"playerId":803122,"score":1450,"energy":17,"posx":18,"posy":3,"lastAction":4,"status":0}],"golds":[{"posx":13,"posy":6,"amount":50}],"changedObstacles":[{"type":0,"posx":18,"posy":3,"value":-1}]},{"players":[{"playerId":3944,"score":1725,"energy":8,"posx":18,"posy":4,"lastAction":3,"status":0},{"playerId":2256302,"score":1750,"energy":11,"posx":11,"posy":8,"lastAction":1,"status":0},{"playerId":2415753,"score":1575,"energy":18,"posx":17,"posy":3,"lastAction":0,"status":0},{"playerId":803122,"score":1450,"energy":16,"posx":18,"posy":4,"lastAction":3,"status":0}],"golds":[{"posx":13,"posy":6,"amount":50}],"changedObstacles":[]},{"players":[{"playerId":3944,"score":1725,"energy":7,"posx":18,"posy":5,"lastAction":3,"status":0},{"playerId":2256302,"score":1750,"energy":10,"posx":12,"posy":8,"lastAction":1,"status":0},{"playerId":2415753,"score":1575,"energy":17,"posx":16,"posy":3,"lastAction":0,"status":0},{"playerId":803122,"score":1450,"energy":15,"posx":18,"posy":5,"lastAction":3,"status":0}],"golds":[{"posx":13,"posy":6,"amount":50}],"changedObstacles":[]},{"players":[{"playerId":3944,"score":1725,"energy":6,"posx":17,"posy":5,"lastAction":0,"status":0},{"playerId":2256302,"score":1750,"energy":9,"posx":13,"posy":8,"lastAction":1,"status":0},{"playerId":2415753,"score":1575,"energy":16,"posx":15,"posy":3,"lastAction":0,"status":0},{"playerId":803122,"score":1450,"energy":14,"posx":17,"posy":5,"lastAction":0,"status":0}],"golds":[{"posx":13,"posy":6,"amount":50}],"changedObstacles":[]},{"players":[{"playerId":3944,"score":1725,"energy":5,"posx":16,"posy":5,"lastAction":0,"status":0},{"playerId":2256302,"score":1750,"energy":8,"posx":13,"posy":7,"lastAction":2,"status":0},{"playerId":2415753,"score":1575,"energy":15,"posx":14,"posy":3,"lastAction":0,"status":0},{"playerId":803122,"score":1450,"energy":9,"posx":17,"posy":6,"lastAction":3,"status":0}],"golds":[{"posx":13,"posy":6,"amount":50}],"changedObstacles":[{"type":3,"posx":17,"posy":6,"value":-20}]},{"players":[{"playerId":3944,"score":1725,"energy":17,"posx":16,"posy":5,"lastAction":4,"status":0},{"playerId":2256302,"score":1750,"energy":4,"posx":13,"posy":6,"lastAction":2,"status":0},{"playerId":2415753,"score":1575,"energy":14,"posx":13,"posy":3,"lastAction":0,"status":0},{"playerId":803122,"score":1450,"energy":8,"posx":16,"posy":6,"lastAction":0,"status":0}],"golds":[{"posx":13,"posy":6,"amount":50}],"changedObstacles":[]},{"players":[{"playerId":3944,"score":1725,"energy":33,"posx":16,"posy":5,"lastAction":4,"status":0},{"playerId":2256302,"score":1750,"energy":16,"posx":13,"posy":6,"lastAction":4,"status":0},{"playerId":2415753,"score":1575,"energy":13,"posx":13,"posy":4,"lastAction":3,"status":0},{"playerId":803122,"score":1450,"energy":7,"posx":15,"posy":6,"lastAction":0,"status":0}],"golds":[{"posx":13,"posy":6,"amount":50}],"changedObstacles":[]},{"players":[{"playerId":3944,"score":1725,"energy":50,"posx":16,"posy":5,"lastAction":4,"status":0},{"playerId":2256302,"score":1800,"energy":11,"posx":13,"posy":6,"lastAction":5,"status":0},{"playerId":2415753,"score":1575,"energy":12,"posx":13,"posy":5,"lastAction":3,"status":0},{"playerId":803122,"score":1450,"energy":6,"posx":14,"posy":6,"lastAction":0,"status":0}],"golds":[],"changedObstacles":[{"type":0,"posx":13,"posy":6,"value":-1}]}]