[{"players":[{"playerId":5588,"score":0,"energy":49,"posx":4,"posy":1,"lastAction":0,"status":0},{"playerId":2268490,"score":0,"energy":49,"posx":4,"posy":1,"lastAction":0,"status":0},{"playerId":2287533,"score":0,"energy":49,"posx":4,"posy":1,"lastAction":0,"status":0}],"golds":[{"posx":19,"posy":6,"amount":300},{"posx":1,"posy":5,"amount":500},{"posx":4,"posy":0,"amount":600},{"posx":8,"posy":1,"amount":150},{"posx":14,"posy":7,"amount":600},{"posx":0,"posy":0,"amount":650},{"posx":3,"posy":7,"amount":650},{"posx":2,"posy":4,"amount":650},{"posx":7,"posy":4,"amount":50},{"posx":4,"posy":3,"amount":500},{"posx":19,"posy":1,"amount":150},{"posx":8,"posy":3,"amount":350},{"posx":12,"posy":3,"amount":400},{"posx":2,"posy":8,"amount":250},{"posx":17,"posy":8,"amount":600},{"posx":8,"posy":6,"amount":350},{"posx":18,"posy":8,"amount":100},{"posx":2,"posy":3,"amount":650},{"posx":4,"posy":4,"amount":550},{"posx":3,"posy":5,"amount":750}],"changedObstacles":[]},{"players":[{"playerId":5588,"score":0,"energy":45,"posx":4,"posy":0,"lastAction":2,"status":0},{"playerId":2268490,"score":0,"energy":39,"posx":4,"posy":2,"lastAction":3,"status":0},{"playerId":2287533,"score":0,"energy":45,"posx":4,"posy":0,"lastAction":2,"status":0}],"golds":[{"posx":19,"posy":6,"amount":300},{"posx":1,"posy":5,"amount":500},{"posx":4,"posy":0,"amount":600},{"posx":8,"posy":1,"amount":150},{"posx":14,"posy":7,"amount":600},{"posx":0,"posy":0,"amount":650},{"posx":3,"posy":7,"amount":650},{"posx":2,"posy":4,"amount":650},{"posx":7,"posy":4,"amount":50},{"posx":4,"posy":3,"amount":500},{"posx":19,"posy":1,"amount":150},{"posx":8,"posy":3,"amount":350},{"posx":12,"posy":3,"amount":400},{"posx":2,"posy":8,"amount":250},{"posx":17,"posy":8,"amount":600},{"posx":8,"posy":6,"amount":350},{"posx":18,"posy":8,"amount":100},{"posx":2,"posy":3,"amount":650},{"posx":4,"posy":4,"amount":550},{"posx":3,"posy":5,"amount":750}],"changedObstacles":[{"type":0,"posx":4,"posy":2,"value":-1}]},{"players":[{"playerId":5588,"score":50,"energy":40,"posx":4,"posy":0,"lastAction":5,"status":0},{"playerId":2268490,"score":0,"energy":38,"posx":3,"posy":2,"lastAction":0,"status":0},{"playerId":2287533,"score":50,"energy":40,"posx":4,"posy":0,"lastAction":5,"status":0}],"golds":[{"posx":0,"posy":0,"amount":650},{"posx":4,"posy":0,"amount":500},{"posx":8,"posy":1,"amount":150},{"posx":19,"posy":1,"amount":150},{"posx":2,"posy":3,"amount":650},{"posx":4,"posy":3,"amount":500},{"posx":8,"posy":3,"amount":350},{"posx":12,"posy":3,"amount":400},{"posx":2,"posy":4,"amount":650},{"posx":4,"posy":4,"amount":550},{"posx":7,"posy":4,"amount":50},{"posx":1,"posy":5,"amount":500},{"posx":3,"posy":5,"amount":750},{"posx":8,"posy":6,"amount":350},{"posx":19,"posy":6,"amount":300},{"posx":3,"posy":7,"amount":650},{"posx":14,"posy":7,"amount":600},{"posx":2,"posy":8,"amount":250},{"posx":17,"posy":8,"amount":600},{"posx":18,"posy":8,"amount":100}],"changedObstacles":[]},{"players":[{"playerId":5588,"score":100,"energy":35,"posx":4,"posy":0,"lastAction":5,"status":0},{"playerId":2268490,"score":0,"energy":33,"posx":3,"posy":3,"lastAction":3,"status":0},{"playerId":2287533,"score":100,"energy":35,"posx":4,"posy":0,"lastAction":5,"status":0}],"golds":[{"posx":0,"posy":0,"amount":650},{"posx":4,"posy":0,"amount":400},{"posx":8,"posy":1,"amount":150},{"posx":19,"posy":1,"amount":150},{"posx":2,"posy":3,"amount":650},{"posx":4,"posy":3,"amount":500},{"posx":8,"posy":3,"amount":350},{"posx":12,"posy":3,"amount":400},{"posx":2,"posy":4,"amount":650},{"posx":4,"posy":4,"amount":550},{"posx":7,"posy":4,"amount":50},{"posx":1,"posy":5,"amount":500},{"posx":3,"posy":5,"amount":750},{"posx":8,"posy":6,"amount":350},{"posx":19,"posy":6,"amount":300},{"posx":3,"posy":7,"amount":650},{"posx":14,"posy":7,"amount":600},{"posx":2,"posy":8,"amount":250},{"posx":17,"posy":8,"amount":600},{"posx":18,"posy":8,"amount":100}],"changedObstacles":[{"type":3,"posx":3,"posy":3,"value":-20}]},{"players":[{"playerId":5588,"score":150,"energy":30,"posx":4,"posy":0,"lastAction":5,"status":0},{"playerId":2268490,"score":0,"energy":29,"posx":2,"posy":3,"lastAction":0,"status":0},{"playerId":2287533,"score":150,"energy":30,"posx":4,"posy":0,"lastAction":5,"status":0}],"golds":[{"posx":0,"posy":0,"amount":650},{"posx":4,"posy":0,"amount":300},{"posx":8,"posy":1,"amount":150},{"posx":19,"posy":1,"amount":150},{"posx":2,"posy":3,"amount":650},{"posx":4,"posy":3,"amount":500},{"posx":8,"posy":3,"amount":350},{"posx":12,"posy":3,"amount":400},{"posx":2,"posy":4,"amount":650},{"posx":4,"posy":4,"amount":550},{"posx":7,"posy":4,"amount":50},{"posx":1,"posy":5,"amount":500},{"posx":3,"posy":5,"amount":750},{"posx":8,"posy":6,"amount":350},{"posx":19,"posy":6,"amount":300},{"posx":3,"posy":7,"amount":650},{"posx":14,"posy":7,"amount":600},{"posx":2,"posy":8,"amount":250},{"posx":17,"posy":8,"amount":600},{"posx":18,"posy":8,"amount":100}],"changedObstacles":[]},{"players":[{"playerId":5588,"score":200,"energy":25,"posx":4,"posy":0,"lastAction":5,"status":0},{"playerId":2268490,"score":50,"energy":24,"posx":2,"posy":3,"lastAction":5,"status":0},{"playerId":2287533,"score":200,"energy":25,"posx":4,"posy":0,"lastAction":5,"status":0}],"golds":[{"posx":0,"posy":0,"amount":650},{"posx":4,"posy":0,"amount":200},{"posx":8,"posy":1,"amount":150},{"posx":19,"posy":1,"amount":150},{"posx":2,"posy":3,"amount":600},{"posx":4,"posy":3,"amount":500},{"posx":8,"posy":3,"amount":350},{"posx":12,"posy":3,"amount":400},{"posx":2,"posy":4,"amount":650},{"posx":4,"posy":4,"amount":550},{"posx":7,"posy":4,"amount":50},{"posx":1,"posy":5,"amount":500},{"posx":3,"posy":5,"amount":750},{"posx":8,"posy":6,"amount":350},{"posx":19,"posy":6,"amount":300},{"posx":3,"posy":7,"amount":650},{"posx":14,"posy":7,"amount":600},{"posx":2,"posy":8,"amount":250},{"posx":17,"posy":8,"amount":600},{"posx":18,"posy":8,"amount":100}],"changedObstacles":[]},{"players":[{"playerId":5588,"score":250,"energy":20,"posx":4,"posy":0,"lastAction":5,"status":0},{"playerId":2268490,"score":100,"energy":19,"posx":2,"posy":3,"lastAction":5,"status":0},{"playerId":2287533,"score":250,"energy":20,"posx":4,"posy":0,"lastAction":5,"status":0}],"golds":[{"posx":0,"posy":0,"amount":650},{"posx":4,"posy":0,"amount":100},{"posx":8,"posy":1,"amount":150},{"posx":19,"posy":1,"amount":150},{"posx":2,"posy":3,"amount":550},{"posx":4,"posy":3,"amount":500},{"posx":8,"posy":3,"amount":350},{"posx":12,"posy":3,"amount":400},{"posx":2,"posy":4,"amount":650},{"posx":4,"posy":4,"amount":550},{"posx":7,"posy":4,"amount":50},{"posx":1,"posy":5,"amount":500},{"posx":3,"posy":5,"amount":750},{"posx":8,"posy":6,"amount":350},{"posx":19,"posy":6,"amount":300},{"posx":3,"posy":7,"amount":650},{"posx":14,"posy":7,"amount":600},{"posx":2,"posy":8,"amount":250},{"posx":17,"posy":8,"amount":600},{"posx":18,"posy":8,"amount":100}],"changedObstacles":[]},{"players":[{"playerId":5588,"score":300,"energy":15,"posx":4,"posy":0,"lastAction":5,"status":0},{"playerId":2268490,"score":150,"energy":14,"posx":2,"posy":3,"lastAction":5,"status":0},{"playerId":2287533,"score":300,"energy":15,"posx":4,"posy":0,"lastAction":5,"status":0}],"golds":[{"posx":0,"posy":0,"amount":650},{"posx":8,"posy":1,"amount":150},{"posx":19,"posy":1,"amount":150},{"posx":2,"posy":3,"amount":500},{"posx":4,"posy":3,"amount":500},{"posx":8,"posy":3,"amount":350},{"posx":12,"posy":3,"amount":400},{"posx":2,"posy":4,"amount":650},{"posx":4,"posy":4,"amount":550},{"posx":7,"posy":4,"amount":50},{"posx":1,"posy":5,"amount":500},{"posx":3,"posy":5,"amount":750},{"posx":8,"posy":6,"amount":350},{"posx":19,"posy":6,"amount":300},{"posx":3,"posy":7,"amount":650},{"posx":14,"posy":7,"amount":600},{"posx":2,"posy":8,"amount":250},{"posx":17,"posy":8,"amount":600},{"posx":18,"posy":8,"amount":100}],"changedObstacles":[{"type":0,"posx":4,"posy":0,"value":-1}]},{"players":[{"playerId":5588,"score":300,"energy":14,"posx":4,"posy":1,"lastAction":3,"status":0},{"playerId":2268490,"score":200,"energy":9,"posx":2,"posy":3,"lastAction":5,"status":0},{"playerId":2287533,"score":300,"energy":27,"posx":4,"posy":0,"lastAction":4,"status":0}],"golds":[{"posx":0,"posy":0,"amount":650},{"posx":8,"posy":1,"amount":150},{"posx":19,"posy":1,"amount":150},{"posx":2,"posy":3,"amount":450},{"posx":4,"posy":3,"amount":500},{"posx":8,"posy":3,"amount":350},{"posx":12,"posy":3,"amount":400},{"posx":2,"posy":4,"amount":650},{"posx":4,"posy":4,"amount":550},{"posx":7,"posy":4,"amount":50},{"posx":1,"posy":5,"amount":500},{"posx":3,"posy":5,"amount":750},{"posx":8,"posy":6,"amount":350},{"posx":19,"posy":6,"amount":300},{"posx":3,"posy":7,"amount":650},{"posx":14,"posy":7,"amount":600},{"posx":2,"posy":8,"amount":250},{"posx":17,"posy":8,"amount":600},{"posx":18,"posy":8,"amount":100}],"changedObstacles":[]},{"players":[{"playerId":5588,"score":300,"energy":13,"posx":4,"posy":2,"lastAction":3,"status":0},{"playerId":2268490,"score":200,"energy":21,"posx":2,"posy":3,"lastAction":4,"status":0},{"playerId":2287533,"score":300,"energy":43,"posx":4,"posy":0,"lastAction":4,"status":0}],"golds":[{"posx":0,"posy":0,"amount":650},{"posx":8,"posy":1,"amount":150},{"posx":19,"posy":1,"amount":150},{"posx":2,"posy":3,"amount":450},{"posx":4,"posy":3,"amount":500},{"posx":8,"posy":3,"amount":350},{"posx":12,"posy":3,"amount":400},{"posx":2,"posy":4,"amount":650},{"posx":4,"posy":4,"amount":550},{"posx":7,"posy":4,"amount":50},{"posx":1,"posy":5,"amount":500},{"posx":3,"posy":5,"amount":750},{"posx":8,"posy":6,"amount":350},{"posx":19,"posy":6,"amount":300},{"posx":3,"posy":7,"amount":650},{"posx":14,"posy":7,"amount":600},{"posx":2,"posy":8,"amount":250},{"posx":17,"posy":8,"amount":600},{"posx":18,"posy":8,"amount":100}],"changedObstacles":[]},{"players":[{"playerId":5588,"score":300,"energy":9,"posx":4,"posy":3,"lastAction":3,"status":0},{"playerId":2268490,"score":200,"energy":37,"posx":2,"posy":3,"lastAction":4,"status":0},{"playerId":2287533,"score":300,"energy":42,"posx":4,"posy":1,"lastAction":3,"status":0}],"golds":[{"posx":0,"posy":0,"amount":650},{"posx":8,"posy":1,"amount":150},{"posx":19,"posy":1,"amount":150},{"posx":2,"posy":3,"amount":450},{"posx":4,"posy":3,"amount":500},{"posx":8,"posy":3,"amount":350},{"posx":12,"posy":3,"amount":400},{"posx":2,"posy":4,"amount":650},{"posx":4,"posy":4,"amount":550},{"posx":7,"posy":4,"amount":50},{"posx":1,"posy":5,"amount":500},{"posx":3,"posy":5,"amount":750},{"posx":8,"posy":6,"amount":350},{"posx":19,"posy":6,"amount":300},{"posx":3,"posy":7,"amount":650},{"posx":14,"posy":7,"amount":600},{"posx":2,"posy":8,"amount":250},{"posx":17,"posy":8,"amount":600},{"posx":18,"posy":8,"amount":100}],"changedObstacles":[]},{"players":[{"playerId":5588,"score":300,"energy":21,"posx":4,"posy":3,"lastAction":4,"status":0},{"playerId":2268490,"score":250,"energy":32,"posx":2,"posy":3,"lastAction":5,"status":0},{"playerId":2287533,"score":300,"energy":41,"posx":4,"posy":2,"lastAction":3,"status":0}],"golds":[{"posx":0,"posy":0,"amount":650},{"posx":8,"posy":1,"amount":150},{"posx":19,"posy":1,"amount":150},{"posx":2,"posy":3,"amount":400},{"posx":4,"posy":3,"amount":500},{"posx":8,"posy":3,"amount":350},{"posx":12,"posy":3,"amount":400},{"posx":2,"posy":4,"amount":650},{"posx":4,"posy":4,"amount":550},{"posx":7,"posy":4,"amount":50},{"posx":1,"posy":5,"amount":500},{"posx":3,"posy":5,"amount":750},{"posx":8,"posy":6,"amount":350},{"posx":19,"posy":6,"amount":300},{"posx":3,"posy":7,"amount":650},{"posx":14,"posy":7,"amount":600},{"posx":2,"posy":8,"amount":250},{"posx":17,"posy":8,"amount":600},{"posx":18,"posy":8,"amount":100}],"changedObstacles":[]},{"players":[{"playerId":5588,"score":350,"energy":16,"posx":4,"posy":3,"lastAction":5,"status":0},{"playerId":2268490,"score":300,"energy":27,"posx":2,"posy":3,"lastAction":5,"status":0},{"playerId":2287533,"score":300,"energy":37,"posx":4,"posy":3,"lastAction":3,"status":0}],"golds":[{"posx":0,"posy":0,"amount":650},{"posx":8,"posy":1,"amount":150},{"posx":19,"posy":1,"amount":150},{"posx":2,"posy":3,"amount":350},{"posx":4,"posy":3,"amount":450},{"posx":8,"posy":3,"amount":350},{"posx":12,"posy":3,"amount":400},{"posx":2,"posy":4,"amount":650},{"posx":4,"posy":4,"amount":550},{"posx":7,"posy":4,"amount":50},{"posx":1,"posy":5,"amount":500},{"posx":3,"posy":5,"amount":750},{"posx":8,"posy":6,"amount":350},{"posx":19,"posy":6,"amount":300},{"posx":3,"posy":7,"amount":650},{"posx":14,"posy":7,"amount":600},{"posx":2,"posy":8,"amount":250},{"posx":17,"posy":8,"amount":600},{"posx":18,"posy":8,"amount":100}],"changedObstacles":[]},{"players":[{"playerId":5588,"score":400,"energy":11,"posx":4,"posy":3,"lastAction":5,"status":0},{"playerId":2268490,"score":350,"energy":22,"posx":2,"posy":3,"lastAction":5,"status":0},{"playerId":2287533,"score":350,"energy":32,"posx":4,"posy":3,"lastAction":5,"status":0}],"golds":[{"posx":0,"posy":0,"amount":650},{"posx":8,"posy":1,"amount":150},{"posx":19,"posy":1,"amount":150},{"posx":2,"posy":3,"amount":300},{"posx":4,"posy":3,"amount":350},{"posx":8,"posy":3,"amount":350},{"posx":12,"posy":3,"amount":400},{"posx":2,"posy":4,"amount":650},{"posx":4,"posy":4,"amount":550},{"posx":7,"posy":4,"amount":50},{"posx":1,"posy":5,"amount":500},{"posx":3,"posy":5,"amount":750},{"posx":8,"posy":6,"amount":350},{"posx":19,"posy":6,"amount":300},{"posx":3,"posy":7,"amount":650},{"posx":14,"posy":7,"amount":600},{"posx":2,"posy":8,"amount":250},{"posx":17,"posy":8,"amount":600},{"posx":18,"posy":8,"amount":100}],"changedObstacles":[]},{"players":[{"playerId":5588,"score":450,"energy":6,"posx":4,"posy":3,"lastAction":5,"status":0},{"playerId":2268490,"score":400,"energy":17,"posx":2,"posy":3,"lastAction":5,"status":0},{"playerId":2287533,"score":400,"energy":27,"posx":4,"posy":3,"lastAction":5,"status":0}],"golds":[{"posx":0,"posy":0,"amount":650},{"posx":8,"posy":1,"amount":150},{"posx":19,"posy":1,"amount":150},{"posx":2,"posy":3,"amount":250},{"posx":4,"posy":3,"amount":250},{"posx":8,"posy":3,"amount":350},{"posx":12,"posy":3,"amount":400},{"posx":2,"posy":4,"amount":650},{"posx":4,"posy":4,"amount":550},{"posx":7,"posy":4,"amount":50},{"posx":1,"posy":5,"amount":500},{"posx":3,"posy":5,"amount":750},{"posx":8,"posy":6,"amount":350},{"posx":19,"posy":6,"amount":300},{"posx":3,"posy":7,"amount":650},{"posx":14,"posy":7,"amount":600},{"posx":2,"posy":8,"amount":250},{"posx":17,"posy":8,"amount":600},{"posx":18,"posy":8,"amount":100}],"changedObstacles":[]},{"players":[{"playerId":5588,"score":450,"energy":18,"posx":4,"posy":3,"lastAction":4,"status":0},{"playerId":2268490,"score":450,"energy":12,"posx":2,"posy":3,"lastAction":5,"status":0},{"playerId":2287533,"score":450,"energy":22,"posx":4,"posy":3,"lastAction":5,"status":0}],"golds":[{"posx":0,"posy":0,"amount":650},{"posx":8,"posy":1,"amount":150},{"posx":19,"posy":1,"amount":150},{"posx":2,"posy":3,"amount":200},{"posx":4,"posy":3,"amount":200},{"posx":8,"posy":3,"amount":350},{"posx":12,"posy":3,"amount":400},{"posx":2,"posy":4,"amount":650},{"posx":4,"posy":4,"amount":550},{"posx":7,"posy":4,"amount":50},{"posx":1,"posy":5,"amount":500},{"posx":3,"posy":5,"amount":750},{"posx":8,"posy":6,"amount":350},{"posx":19,"posy":6,"amount":300},{"posx":3,"posy":7,"amount":650},{"posx":14,"posy":7,"amount":600},{"posx":2,"posy":8,"amount":250},{"posx":17,"posy":8,"amount":600},{"posx":18,"posy":8,"amount":100}],"changedObstacles":[]},{"players":[{"playerId":5588,"score":500,"energy":13,"posx":4,"posy":3,"lastAction":5,"status":0},{"playerId":2268490,"score":500,"energy":7,"posx":2,"posy":3,"lastAction":5,"status":0},{"playerId":2287533,"score":500,"energy":17,"posx":4,"posy":3,"lastAction":5,"status":0}],"golds":[{"posx":0,"posy":0,"amount":650},{"posx":8,"posy":1,"amount":150},{"posx":19,"posy":1,"amount":150},{"posx":2,"posy":3,"amount":150},{"posx":4,"posy":3,"amount":100},{"posx":8,"posy":3,"amount":350},{"posx":12,"posy":3,"amount":400},{"posx":2,"posy":4,"amount":650},{"posx":4,"posy":4,"amount":550},{"posx":7,"posy":4,"amount":50},{"posx":1,"posy":5,"amount":500},{"posx":3,"posy":5,"amount":750},{"posx":8,"posy":6,"amount":350},{"posx":19,"posy":6,"amount":300},{"posx":3,"posy":7,"amount":650},{"posx":14,"posy":7,"amount":600},{"posx":2,"posy":8,"amount":250},{"posx":17,"posy":8,"amount":600},{"posx":18,"posy":8,"amount":100}],"changedObstacles":[]},{"players":[{"playerId":5588,"score":550,"energy":8,"posx":4,"posy":3,"lastAction":5,"status":0},{"playerId":2268490,"score":500,"energy":19,"posx":2,"posy":3,"lastAction":4,"status":0},{"playerId":2287533,"score":550,"energy":12,"posx":4,"posy":3,"lastAction":5,"status":0}],"golds":[{"posx":0,"posy":0,"amount":650},{"posx":8,"posy":1,"amount":150},{"posx":19,"posy":1,"amount":150},{"posx":2,"posy":3,"amount":150},{"posx":8,"posy":3,"amount":350},{"posx":12,"posy":3,"amount":400},{"posx":2,"posy":4,"amount":650},{"posx":4,"posy":4,"amount":550},{"posx":7,"posy":4,"amount":50},{"posx":1,"posy":5,"amount":500},{"posx":3,"posy":5,"amount":750},{"posx":8,"posy":6,"amount":350},{"posx":19,"posy":6,"amount":300},{"posx":3,"posy":7,"amount":650},{"posx":14,"posy":7,"amount":600},{"posx":2,"posy":8,"amount":250},{"posx":17,"posy":8,"amount":600},{"posx":18,"posy":8,"amount":100}],"changedObstacles":[{"type":0,"posx":4,"posy":3,"value":-1}]},{"players":[{"playerId":5588,"score":550,"energy":20,"posx":4,"posy":3,"lastAction":4,"status":0},{"playerId":2268490,"score":500,"energy":35,"posx":2,"posy":3,"lastAction":4,"status":0},{"playerId":2287533,"score":550,"energy":24,"posx":4,"posy":3,"lastAction":4,"status":0}],"golds":[{"posx":0,"posy":0,"amount":650},{"posx":8,"posy":1,"amount":150},{"posx":19,"posy":1,"amount":150},{"posx":2,"posy":3,"amount":150},{"posx":8,"posy":3,"amount":350},{"posx":12,"posy":3,"amount":400},{"posx":2,"posy":4,"amount":650},{"posx":4,"posy":4,"amount":550},{"posx":7,"posy":4,"amount":50},{"posx":1,"posy":5,"amount":500},{"posx":3,"posy":5,"amount":750},{"posx":8,"posy":6,"amount":350},{"posx":19,"posy":6,"amount":300},{"posx":3,"posy":7,"amount":650},{"posx":14,"posy":7,"amount":600},{"posx":2,"posy":8,"amount":250},{"posx":17,"posy":8,"amount":600},{"posx":18,"posy":8,"amount":100}],"changedObstacles":[]},{"players":[{"playerId":5588,"score":550,"energy":16,"posx":4,"posy":4,"lastAction":3,"status":0},{"playerId":2268490,"score":550,"energy":30,"posx":2,"posy":3,"lastAction":5,"status":0},{"playerId":2287533,"score":550,"energy":20,"posx":4,"posy":4,"lastAction":3,"status":0}],"golds":[{"posx":0,"posy":0,"amount":650},{"posx":8,"posy":1,"amount":150},{"posx":19,"posy":1,"amount":150},{"posx":2,"posy":3,"amount":100},{"posx":8,"posy":3,"amount":350},{"posx":12,"posy":3,"amount":400},{"posx":2,"posy":4,"amount":650},{"posx":4,"posy":4,"amount":550},{"posx":7,"posy":4,"amount":50},{"posx":1,"posy":5,"amount":500},{"posx":3,"posy":5,"amount":750},{"posx":8,"posy":6,"amount":350},{"posx":19,"posy":6,"amount":300},{"posx":3,"posy":7,"amount":650},{"posx":14,"posy":7,"amount":600},{"posx":2,"posy":8,"amount":250},{"posx":17,"posy":8,"amount":600},{"posx":18,"posy":8,"amount":100}],"changedObstacles":[]},{"players":[{"playerId":5588,"score":600,"energy":11,"posx":4,"posy":4,"lastAction":5,"status":0},{"playerId":2268490,"score":600,"energy":25,"posx":2,"posy":3,"lastAction":5,"status":0},{"playerId":2287533,"score":600,"energy":15,"posx":4,"posy":4,"lastAction":5,"status":0}],"golds":[{"posx":0,"posy":0,"amount":650},{"posx":8,"posy":1,"amount":150},{"posx":19,"posy":1,"amount":150},{"posx":2,"posy":3,"amount":50},{"posx":8,"posy":3,"amount":350},{"posx":12,"posy":3,"amount":400},{"posx":2,"posy":4,"amount":650},{"posx":4,"posy":4,"amount":450},{"posx":7,"posy":4,"amount":50},{"posx":1,"posy":5,"amount":500},{"posx":3,"posy":5,"amount":750},{"posx":8,"posy":6,"amount":350},{"posx":19,"posy":6,"amount":300},{"posx":3,"posy":7,"amount":650},{"posx":14,"posy":7,"amount":600},{"posx":2,"posy":8,"amount":250},{"posx":17,"posy":8,"amount":600},{"posx":18,"posy":8,"amount":100}],"changedObstacles":[]},{"players":[{"playerId":5588,"score":650,"energy":6,"posx":4,"posy":4,"lastAction":5,"status":0},{"playerId":2268490,"score":650,"energy":20,"posx":2,"posy":3,"lastAction":5,"status":0},{"playerId":2287533,"score":650,"energy":10,"posx":4,"posy":4,"lastAction":5,"status":0}],"golds":[{"posx":0,"posy":0,"amount":650},{"posx":8,"posy":1,"amount":150},{"posx":19,"posy":1,"amount":150},{"posx":8,"posy":3,"amount":350},{"posx":12,"posy":3,"amount":400},{"posx":2,"posy":4,"amount":650},{"posx":4,"posy":4,"amount":350},{"posx":7,"posy":4,"amount":50},{"posx":1,"posy":5,"amount":500},{"posx":3,"posy":5,"amount":750},{"posx":8,"posy":6,"amount":350},{"posx":19,"posy":6,"amount":300},{"posx":3,"posy":7,"amount":650},{"posx":14,"posy":7,"amount":600},{"posx":2,"posy":8,"amount":250},{"posx":17,"posy":8,"amount":600},{"posx":18,"posy":8,"amount":100}],"changedObstacles":[{"type":0,"posx":2,"posy":3,"value":-1}]},{"players":[{"playerId":5588,"score":650,"energy":18,"posx":4,"posy":4,"lastAction":4,"status":0},{"playerId":2268490,"score":650,"energy":16,"posx":2,"posy":4,"lastAction":3,"status":0},{"playerId":2287533,"score":700,"energy":5,"posx":4,"posy":4,"lastAction":5,"status":0}],"golds":[{"posx":0,"posy":0,"amount":650},{"posx":8,"posy":1,"amount":150},{"posx":19,"posy":1,"amount":150},{"posx":8,"posy":3,"amount":350},{"posx":12,"posy":3,"amount":400},{"posx":2,"posy":4,"amount":650},{"posx":4,"posy":4,"amount":300},{"posx":7,"posy":4,"amount":50},{"posx":1,"posy":5,"amount":500},{"posx":3,"posy":5,"amount":750},{"posx":8,"posy":6,"amount":350},{"posx":19,"posy":6,"amount":300},{"posx":3,"posy":7,"amount":650},{"posx":14,"posy":7,"amount":600},{"posx":2,"posy":8,"amount":250},{"posx":17,"posy":8,"amount":600},{"posx":18,"posy":8,"amount":100}],"changedObstacles":[]},{"players":[{"playerId":5588,"score":700,"energy":13,"posx":4,"posy":4,"lastAction":5,"status":0},{"playerId":2268490,"score":700,"energy":11,"posx":2,"posy":4,"lastAction":5,"status":0},{"playerId":2287533,"score":700,"energy":17,"posx":4,"posy":4,"lastAction":4,"status":0}],"golds":[{"posx":0,"posy":0,"amount":650},{"posx":8,"posy":1,"amount":150},{"posx":19,"posy":1,"amount":150},{"posx":8,"posy":3,"amount":350},{"posx":12,"posy":3,"amount":400},{"posx":2,"posy":4,"amount":600},{"posx":4,"posy":4,"amount":250},{"posx":7,"posy":4,"amount":50},{"posx":1,"posy":5,"amount":500},{"posx":3,"posy":5,"amount":750},{"posx":8,"posy":6,"amount":350},{"posx":19,"posy":6,"amount":300},{"posx":3,"posy":7,"amount":650},{"posx":14,"posy":7,"amount":600},{"posx":2,"posy":8,"amount":250},{"posx":17,"posy":8,"amount":600},{"posx":18,"posy":8,"amount":100}],"changedObstacles":[]},{"players":[{"playerId":5588,"score":750,"energy":8,"posx":4,"posy":4,"lastAction":5,"status":0},{"playerId":2268490,"score":750,"energy":6,"posx":2,"posy":4,"lastAction":5,"status":0},{"playerId":2287533,"score":750,"energy":12,"posx":4,"posy":4,"lastAction":5,"status":0}],"golds":[{"posx":0,"posy":0,"amount":650},{"posx":8,"posy":1,"amount":150},{"posx":19,"posy":1,"amount":150},{"posx":8,"posy":3,"amount":350},{"posx":12,"posy":3,"amount":400},{"posx":2,"posy":4,"amount":550},{"posx":4,"posy":4,"amount":150},{"posx":7,"posy":4,"amount":50},{"posx":1,"posy":5,"amount":500},{"posx":3,"posy":5,"amount":750},{"posx":8,"posy":6,"amount":350},{"posx":19,"posy":6,"amount":300},{"posx":3,"posy":7,"amount":650},{"posx":14,"posy":7,"amount":600},{"posx":2,"posy":8,"amount":250},{"posx":17,"posy":8,"amount":600},{"posx":18,"posy":8,"amount":100}],"changedObstacles":[]},{"players":[{"playerId":5588,"score":750,"energy":20,"posx":4,"posy":4,"lastAction":4,"status":0},{"playerId":2268490,"score":750,"energy":18,"posx":2,"posy":4,"lastAction":4,"status":0},{"playerId":2287533,"score":800,"energy":7,"posx":4,"posy":4,"lastAction":5,"status":0}],"golds":[{"posx":0,"posy":0,"amount":650},{"posx":8,"posy":1,"amount":150},{"posx":19,"posy":1,"amount":150},{"posx":8,"posy":3,"amount":350},{"posx":12,"posy":3,"amount":400},{"posx":2,"posy":4,"amount":550},{"posx":4,"posy":4,"amount":100},{"posx":7,"posy":4,"amount":50},{"posx":1,"posy":5,"amount":500},{"posx":3,"posy":5,"amount":750},{"posx":8,"posy":6,"amount":350},{"posx":19,"posy":6,"amount":300},{"posx":3,"posy":7,"amount":650},{"posx":14,"posy":7,"amount":600},{"posx":2,"posy":8,"amount":250},{"posx":17,"posy":8,"amount":600},{"posx":18,"posy":8,"amount":100}],"changedObstacles":[]},{"players":[{"playerId":5588,"score":800,"energy":15,"posx":4,"posy":4,"lastAction":5,"status":0},{"playerId":2268490,"score":750,"energy":34,"posx":2,"posy":4,"lastAction":4,"status":0},{"playerId":2287533,"score":850,"energy":2,"posx":4,"posy":4,"lastAction":5,"status":0}],"golds":[{"posx":0,"posy":0,"amount":650},{"posx":8,"posy":1,"amount":150},{"posx":19,"posy":1,"amount":150},{"posx":8,"posy":3,"amount":350},{"posx":12,"posy":3,"amount":400},{"posx":2,"posy":4,"amount":550},{"posx":7,"posy":4,"amount":50},{"posx":1,"posy":5,"amount":500},{"posx":3,"posy":5,"amount":750},{"posx":8,"posy":6,"amount":350},{"posx":19,"posy":6,"amount":300},{"posx":3,"posy":7,"amount":650},{"posx":14,"posy":7,"amount":600},{"posx":2,"posy":8,"amount":250},{"posx":17,"posy":8,"amount":600},{"posx":18,"posy":8,"amount":100}],"changedObstacles":[{"type":0,"posx":4,"posy":4,"value":-1}]},{"players":[{"playerId":5588,"score":800,"energy":27,"posx":4,"posy":4,"lastAction":4,"status":0},{"playerId":2268490,"score":800,"energy":29,"posx":2,"posy":4,"lastAction":5,"status":0},{"playerId":2287533,"score":850,"energy":14,"posx":4,"posy":4,"lastAction":4,"status":0}],"golds":[{"posx":0,"posy":0,"amount":650},{"posx":8,"posy":1,"amount":150},{"posx":19,"posy":1,"amount":150},{"posx":8,"posy":3,"amount":350},{"posx":12,"posy":3,"amount":400},{"posx":2,"posy":4,"amount":500},{"posx":7,"posy":4,"amount":50},{"posx":1,"posy":5,"amount":500},{"posx":3,"posy":5,"amount":750},{"posx":8,"posy":6,"amount":350},{"posx":19,"posy":6,"amount":300},{"posx":3,"posy":7,"amount":650},{"posx":14,"posy":7,"amount":600},{"posx":2,"posy":8,"amount":250},{"posx":17,"posy":8,"amount":600},{"posx":18,"posy":8,"amount":100}],"changedObstacles":[]},{"players":[{"playerId":5588,"score":800,"energy":17,"posx":4,"posy":5,"lastAction":3,"status":0},{"playerId":2268490,"score":850,"energy":24,"posx":2,"posy":4,"lastAction":5,"status":0},{"playerId":2287533,"score":850,"energy":30,"posx":4,"posy":4,"lastAction":4,"status":0}],"golds":[{"posx":0,"posy":0,"amount":650},{"posx":8,"posy":1,"amount":150},{"posx":19,"posy":1,"amount":150},{"posx":8,"posy":3,"amount":350},{"posx":12,"posy":3,"amount":400},{"posx":2,"posy":4,"amount":450},{"posx":7,"posy":4,"amount":50},{"posx":1,"posy":5,"amount":500},{"posx":3,"posy":5,"amount":750},{"posx":8,"posy":6,"amount":350},{"posx":19,"posy":6,"amount":300},{"posx":3,"posy":7,"amount":650},{"posx":14,"posy":7,"amount":600},{"posx":2,"posy":8,"amount":250},{"posx":17,"posy":8,"amount":600},{"posx":18,"posy":8,"amount":100}],"changedObstacles":[{"type":0,"posx":4,"posy":5,"value":-1}]},{"players":[{"playerId":5588,"score":800,"energy":13,"posx":3,"posy":5,"lastAction":0,"status":0},{"playerId":2268490,"score":900,"energy":19,"posx":2,"posy":4,"lastAction":5,"status":0},{"playerId":2287533,"score":850,"energy":25,"posx":3,"posy":4,"lastAction":0,"status":0}],"golds":[{"posx":0,"posy":0,"amount":650},{"posx":8,"posy":1,"amount":150},{"posx":19,"posy":1,"amount":150},{"posx":8,"posy":3,"amount":350},{"posx":12,"posy":3,"amount":400},{"posx":2,"posy":4,"amount":400},{"posx":7,"posy":4,"amount":50},{"posx":1,"posy":5,"amount":500},{"posx":3,"posy":5,"amount":750},{"posx":8,"posy":6,"amount":350},{"posx":19,"posy":6,"amount":300},{"posx":3,"posy":7,"amount":650},{"posx":14,"posy":7,"amount":600},{"posx":2,"posy":8,"amount":250},{"posx":17,"posy":8,"amount":600},{"posx":18,"posy":8,"amount":100}],"changedObstacles":[{"type":3,"posx":3,"posy":4,"value":-20}]},{"players":[{"playerId":5588,"score":850,"energy":8,"posx":3,"posy":5,"lastAction":5,"status":0},{"playerId":2268490,"score":950,"energy":14,"posx":2,"posy":4,"lastAction":5,"status":0},{"playerId":2287533,"score":850,"energy":21,"posx":3,"posy":5,"lastAction":3,"status":0}],"golds":[{"posx":0,"posy":0,"amount":650},{"posx":8,"posy":1,"amount":150},{"posx":19,"posy":1,"amount":150},{"posx":8,"posy":3,"amount":350},{"posx":12,"posy":3,"amount":400},{"posx":2,"posy":4,"amount":350},{"posx":7,"posy":4,"amount":50},{"posx":1,"posy":5,"amount":500},{"posx":3,"posy":5,"amount":700},{"posx":8,"posy":6,"amount":350},{"posx":19,"posy":6,"amount":300},{"posx":3,"posy":7,"amount":650},{"posx":14,"posy":7,"amount":600},{"posx":2,"posy":8,"amount":250},{"posx":17,"posy":8,"amount":600},{"posx":18,"posy":8,"amount":100}],"changedObstacles":[]},{"players":[{"playerId":5588,"score":850,"energy":20,"posx":3,"posy":5,"lastAction":4,"status":0},{"playerId":2268490,"score":1000,"energy":9,"posx":2,"posy":4,"lastAction":5,"status":0},{"playerId":2287533,"score":900,"energy":16,"posx":3,"posy":5,"lastAction":5,"status":0}],"golds":[{"posx":0,"posy":0,"amount":650},{"posx":8,"posy":1,"amount":150},{"posx":19,"posy":1,"amount":150},{"posx":8,"posy":3,"amount":350},{"posx":12,"posy":3,"amount":400},{"posx":2,"posy":4,"amount":300},{"posx":7,"posy":4,"amount":50},{"posx":1,"posy":5,"amount":500},{"posx":3,"posy":5,"amount":650},{"posx":8,"posy":6,"amount":350},{"posx":19,"posy":6,"amount":300},{"posx":3,"posy":7,"amount":650},{"posx":14,"posy":7,"amount":600},{"posx":2,"posy":8,"amount":250},{"posx":17,"posy":8,"amount":600},{"posx":18,"posy":8,"amount":100}],"changedObstacles":[]},{"players":[{"playerId":5588,"score":900,"energy":15,"posx":3,"posy":5,"lastAction":5,"status":0},{"playerId":2268490,"score":1000,"energy":21,"posx":2,"posy":4,"lastAction":4,"status":0},{"playerId":2287533,"score":950,"energy":11,"posx":3,"posy":5,"lastAction":5,"status":0}],"golds":[{"posx":0,"posy":0,"amount":650},{"posx":8,"posy":1,"amount":150},{"posx":19,"posy":1,"amount":150},{"posx":8,"posy":3,"amount":350},{"posx":12,"posy":3,"amount":400},{"posx":2,"posy":4,"amount":300},{"posx":7,"posy":4,"amount":50},{"posx":1,"posy":5,"amount":500},{"posx":3,"posy":5,"amount":550},{"posx":8,"posy":6,"amount":350},{"posx":19,"posy":6,"amount":300},{"posx":3,"posy":7,"amount":650},{"posx":14,"posy":7,"amount":600},{"posx":2,"posy":8,"amount":250},{"posx":17,"posy":8,"amount":600},{"posx":18,"posy":8,"amount":100}],"changedObstacles":[]},{"players":[{"playerId":5588,"score":950,"energy":10,"posx":3,"posy":5,"lastAction":5,"status":0},{"playerId":2268490,"score":1000,"energy":37,"posx":2,"posy":4,"lastAction":4,"status":0},{"playerId":2287533,"score":1000,"energy":6,"posx":3,"posy":5,"lastAction":5,"status":0}],"golds":[{"posx":0,"posy":0,"amount":650},{"posx":8,"posy":1,"amount":150},{"posx":19,"posy":1,"amount":150},{"posx":8,"posy":3,"amount":350},{"posx":12,"posy":3,"amount":400},{"posx":2,"posy":4,"amount":300},{"posx":7,"posy":4,"amount":50},{"posx":1,"posy":5,"amount":500},{"posx":3,"posy":5,"amount":450},{"posx":8,"posy":6,"amount":350},{"posx":19,"posy":6,"amount":300},{"posx":3,"posy":7,"amount":650},{"posx":14,"posy":7,"amount":600},{"posx":2,"posy":8,"amount":250},{"posx":17,"posy":8,"amount":600},{"posx":18,"posy":8,"amount":100}],"changedObstacles":[]},{"players":[{"playerId":5588,"score":950,"energy":22,"posx":3,"posy":5,"lastAction":4,"status":0},{"playerId":2268490,"score":1050,"energy":32,"posx":2,"posy":4,"lastAction":5,"status":0},{"playerId":2287533,"score":1050,"energy":1,"posx":3,"posy":5,"lastAction":5,"status":0}],"golds":[{"posx":0,"posy":0,"amount":650},{"posx":8,"posy":1,"amount":150},{"posx":19,"posy":1,"amount":150},{"posx":8,"posy":3,"amount":350},{"posx":12,"posy":3,"amount":400},{"posx":2,"posy":4,"amount":250},{"posx":7,"posy":4,"amount":50},{"posx":1,"posy":5,"amount":500},{"posx":3,"posy":5,"amount":400},{"posx":8,"posy":6,"amount":350},{"posx":19,"posy":6,"amount":300},{"posx":3,"posy":7,"amount":650},{"posx":14,"posy":7,"amount":600},{"posx":2,"posy":8,"amount":250},{"posx":17,"posy":8,"amount":600},{"posx":18,"posy":8,"amount":100}],"changedObstacles":[]},{"players":[{"playerId":5588,"score":1000,"energy":17,"posx":3,"posy":5,"lastAction":5,"status":0},{"playerId":2268490,"score":1100,"energy":27,"posx":2,"posy":4,"lastAction":5,"status":0},{"playerId":2287533,"score":1050,"energy":13,"posx":3,"posy":5,"lastAction":4,"status":0}],"golds":[{"posx":0,"posy":0,"amount":650},{"posx":8,"posy":1,"amount":150},{"posx":19,"posy":1,"amount":150},{"posx":8,"posy":3,"amount":350},{"posx":12,"posy":3,"amount":400},{"posx":2,"posy":4,"amount":200},{"posx":7,"posy":4,"amount":50},{"posx":1,"posy":5,"amount":500},{"posx":3,"posy":5,"amount":350},{"posx":8,"posy":6,"amount":350},{"posx":19,"posy":6,"amount":300},{"posx":3,"posy":7,"amount":650},{"posx":14,"posy":7,"amount":600},{"posx":2,"posy":8,"amount":250},{"posx":17,"posy":8,"amount":600},{"posx":18,"posy":8,"amount":100}],"changedObstacles":[]},{"players":[{"playerId":5588,"score":1050,"energy":12,"posx":3,"posy":5,"lastAction":5,"status":0},{"playerId":2268490,"score":1150,"energy":22,"posx":2,"posy":4,"lastAction":5,"status":0},{"playerId":2287533,"score":1100,"energy":8,"posx":3,"posy":5,"lastAction":5,"status":0}],"golds":[{"posx":0,"posy":0,"amount":650},{"posx":8,"posy":1,"amount":150},{"posx":19,"posy":1,"amount":150},{"posx":8,"posy":3,"amount":350},{"posx":12,"posy":3,"amount":400},{"posx":2,"posy":4,"amount":150},{"posx":7,"posy":4,"amount":50},{"posx":1,"posy":5,"amount":500},{"posx":3,"posy":5,"amount":250},{"posx":8,"posy":6,"amount":350},{"posx":19,"posy":6,"amount":300},{"posx":3,"posy":7,"amount":650},{"posx":14,"posy":7,"amount":600},{"posx":2,"posy":8,"amount":250},{"posx":17,"posy":8,"amount":600},{"posx":18,"posy":8,"amount":100}],"changedObstacles":[]},{"players":[{"playerId":5588,"score":1100,"energy":7,"posx":3,"posy":5,"lastAction":5,"status":0},{"playerId":2268490,"score":1200,"energy":17,"posx":2,"posy":4,"lastAction":5,"status":0},{"playerId":2287533,"score":1150,"energy":3,"posx":3,"posy":5,"lastAction":5,"status":0}],"golds":[{"posx":0,"posy":0,"amount":650},{"posx":8,"posy":1,"amount":150},{"posx":19,"posy":1,"amount":150},{"posx":8,"posy":3,"amount":350},{"posx":12,"posy":3,"amount":400},{"posx":2,"posy":4,"amount":100},{"posx":7,"posy":4,"amount":50},{"posx":1,"posy":5,"amount":500},{"posx":3,"posy":5,"amount":150},{"posx":8,"posy":6,"amount":350},{"posx":19,"posy":6,"amount":300},{"posx":3,"posy":7,"amount":650},{"posx":14,"posy":7,"amount":600},{"posx":2,"posy":8,"amount":250},{"posx":17,"posy":8,"amount":600},{"posx":18,"posy":8,"amount":100}],"changedObstacles":[]},{"players":[{"playerId":5588,"score":1100,"energy":19,"posx":3,"posy":5,"lastAction":4,"status":0},{"playerId":2268490,"score":1250,"energy":12,"posx":2,"posy":4,"lastAction":5,"status":0},{"playerId":2287533,"score":1150,"energy":15,"posx":3,"posy":5,"lastAction":4,"status":0}],"golds":[{"posx":0,"posy":0,"amount":650},{"posx":8,"posy":1,"amount":150},{"posx":19,"posy":1,"amount":150},{"posx":8,"posy":3,"amount":350},{"posx":12,"posy":3,"amount":400},{"posx":2,"posy":4,"amount":50},{"posx":7,"posy":4,"amount":50},{"posx":1,"posy":5,"amount":500},{"posx":3,"posy":5,"amount":150},{"posx":8,"posy":6,"amount":350},{"posx":19,"posy":6,"amount":300},{"posx":3,"posy":7,"amount":650},{"posx":14,"posy":7,"amount":600},{"posx":2,"posy":8,"amount":250},{"posx":17,"posy":8,"amount":600},{"posx":18,"posy":8,"amount":100}],"changedObstacles":[]},{"players":[{"playerId":5588,"score":1150,"energy":14,"posx":3,"posy":5,"lastAction":5,"status":0},{"playerId":2268490,"score":1300,"energy":7,"posx":2,"posy":4,"lastAction":5,"status":0},{"playerId":2287533,"score":1200,"energy":10,"posx":3,"posy":5,"lastAction":5,"status":0}],"golds":[{"posx":0,"posy":0,"amount":650},{"posx":8,"posy":1,"amount":150},{"posx":19,"posy":1,"amount":150},{"posx":8,"posy":3,"amount":350},{"posx":12,"posy":3,"amount":400},{"posx":7,"posy":4,"amount":50},{"posx":1,"posy":5,"amount":500},{"posx":3,"posy":5,"amount":50},{"posx":8,"posy":6,"amount":350},{"posx":19,"posy":6,"amount":300},{"posx":3,"posy":7,"amount":650},{"posx":14,"posy":7,"amount":600},{"posx":2,"posy":8,"amount":250},{"posx":17,"posy":8,"amount":600},{"posx":18,"posy":8,"amount":100}],"changedObstacles":[{"type":0,"posx":2,"posy":4,"value":-1}]},{"players":[{"playerId":5588,"score":1175,"energy":9,"posx":3,"posy":5,"lastAction":5,"status":0},{"playerId":2268490,"score":1300,"energy":2,"posx":2,"posy":5,"lastAction":3,"status":0},{"playerId":2287533,"score":1225,"energy":5,"posx":3,"posy":5,"lastAction":5,"status":0}],"golds":[{"posx":0,"posy":0,"amount":650},{"posx":8,"posy":1,"amount":150},{"posx":19,"posy":1,"amount":150},{"posx":8,"posy":3,"amount":350},{"posx":12,"posy":3,"amount":400},{"posx":7,"posy":4,"amount":50},{"posx":1,"posy":5,"amount":500},{"posx":8,"posy":6,"amount":350},{"posx":19,"posy":6,"amount":300},{"posx":3,"posy":7,"amount":650},{"posx":14,"posy":7,"amount":600},{"posx":2,"posy":8,"amount":250},{"posx":17,"posy":8,"amount":600},{"posx":18,"posy":8,"amount":100}],"changedObstacles":[{"type":3,"posx":2,"posy":5,"value":-20},{"type":0,"posx":3,"posy":5,"value":-1}]},{"players":[{"playerId":5588,"score":1175,"energy":21,"posx":3,"posy":5,"lastAction":4,"status":0},{"playerId":2268490,"score":1300,"energy":14,"posx":2,"posy":5,"lastAction":4,"status":0},{"playerId":2287533,"score":1225,"energy":17,"posx":3,"posy":5,"lastAction":4,"status":0}],"golds":[{"posx":0,"posy":0,"amount":650},{"posx":8,"posy":1,"amount":150},{"posx":19,"posy":1,"amount":150},{"posx":8,"posy":3,"amount":350},{"posx":12,"posy":3,"amount":400},{"posx":7,"posy":4,"amount":50},{"posx":1,"posy":5,"amount":500},{"posx":8,"posy":6,"amount":350},{"posx":19,"posy":6,"amount":300},{"posx":3,"posy":7,"amount":650},{"posx":14,"posy":7,"amount":600},{"posx":2,"posy":8,"amount":250},{"posx":17,"posy":8,"amount":600},{"posx":18,"posy":8,"amount":100}],"changedObstacles":[]},{"players":[{"playerId":5588,"score":1175,"energy":37,"posx":3,"posy":5,"lastAction":4,"status":0},{"playerId":2268490,"score":1300,"energy":30,"posx":2,"posy":5,"lastAction":4,"status":0},{"playerId":2287533,"score":1225,"energy":33,"posx":3,"posy":5,"lastAction":4,"status":0}],"golds":[{"posx":0,"posy":0,"amount":650},{"posx":8,"posy":1,"amount":150},{"posx":19,"posy":1,"amount":150},{"posx":8,"posy":3,"amount":350},{"posx":12,"posy":3,"amount":400},{"posx":7,"posy":4,"amount":50},{"posx":1,"posy":5,"amount":500},{"posx":8,"posy":6,"amount":350},{"posx":19,"posy":6,"amount":300},{"posx":3,"posy":7,"amount":650},{"posx":14,"posy":7,"amount":600},{"posx":2,"posy":8,"amount":250},{"posx":17,"posy":8,"amount":600},{"posx":18,"posy":8,"amount":100}],"changedObstacles":[]},{"players":[{"playerId":5588,"score":1175,"energy":17,"posx":2,"posy":5,"lastAction":0,"status":0},{"playerId":2268490,"score":1300,"energy":21,"posx":2,"posy":6,"lastAction":3,"status":0},{"playerId":2287533,"score":1225,"energy":13,"posx":2,"posy":5,"lastAction":0,"status":0}],"golds":[{"posx":0,"posy":0,"amount":650},{"posx":8,"posy":1,"amount":150},{"posx":19,"posy":1,"amount":150},{"posx":8,"posy":3,"amount":350},{"posx":12,"posy":3,"amount":400},{"posx":7,"posy":4,"amount":50},{"posx":1,"posy":5,"amount":500},{"posx":8,"posy":6,"amount":350},{"posx":19,"posy":6,"amount":300},{"posx":3,"posy":7,"amount":650},{"posx":14,"posy":7,"amount":600},{"posx":2,"posy":8,"amount":250},{"posx":17,"posy":8,"amount":600},{"posx":18,"posy":8,"amount":100}],"changedObstacles":[{"type":3,"posx":2,"posy":5,"value":-40}]},{"players":[{"playerId":5588,"score":1175,"energy":13,"posx":1,"posy":5,"lastAction":0,"status":0},{"playerId":2268490,"score":1300,"energy":20,"posx":2,"posy":7,"lastAction":3,"status":0},{"playerId":2287533,"score":1225,"energy":25,"posx":2,"posy":5,"lastAction":4,"status":0}],"golds":[{"posx":0,"posy":0,"amount":650},{"posx":8,"posy":1,"amount":150},{"posx":19,"posy":1,"amount":150},{"posx":8,"posy":3,"amount":350},{"posx":12,"posy":3,"amount":400},{"posx":7,"posy":4,"amount":50},{"posx":1,"posy":5,"amount":500},{"posx":8,"posy":6,"amount":350},{"posx":19,"posy":6,"amount":300},{"posx":3,"posy":7,"amount":650},{"posx":14,"posy":7,"amount":600},{"posx":2,"posy":8,"amount":250},{"posx":17,"posy":8,"amount":600},{"posx":18,"posy":8,"amount":100}],"changedObstacles":[]},{"players":[{"playerId":5588,"score":1225,"energy":8,"posx":1,"posy":5,"lastAction":5,"status":0},{"playerId":2268490,"score":1300,"energy":16,"posx":2,"posy":8,"lastAction":3,"status":0},{"playerId":2287533,"score":1225,"energy":21,"posx":1,"posy":5,"lastAction":0,"status":0}],"golds":[{"posx":0,"posy":0,"amount":650},{"posx":8,"posy":1,"amount":150},{"posx":19,"posy":1,"amount":150},{"posx":8,"posy":3,"amount":350},{"posx":12,"posy":3,"amount":400},{"posx":7,"posy":4,"amount":50},{"posx":1,"posy":5,"amount":450},{"posx":8,"posy":6,"amount":350},{"posx":19,"posy":6,"amount":300},{"posx":3,"posy":7,"amount":650},{"posx":14,"posy":7,"amount":600},{"posx":2,"posy":8,"amount":250},{"posx":17,"posy":8,"amount":600},{"posx":18,"posy":8,"amount":100}],"changedObstacles":[]},{"players":[{"playerId":5588,"score":1225,"energy":20,"posx":1,"posy":5,"lastAction":4,"status":0},{"playerId":2268490,"score":1350,"energy":11,"posx":2,"posy":8,"lastAction":5,"status":0},{"playerId":2287533,"score":1275,"energy":16,"posx":1,"posy":5,"lastAction":5,"status":0}],"golds":[{"posx":0,"posy":0,"amount":650},{"posx":8,"posy":1,"amount":150},{"posx":19,"posy":1,"amount":150},{"posx":8,"posy":3,"amount":350},{"posx":12,"posy":3,"amount":400},{"posx":7,"posy":4,"amount":50},{"posx":1,"posy":5,"amount":400},{"posx":8,"posy":6,"amount":350},{"posx":19,"posy":6,"amount":300},{"posx":3,"posy":7,"amount":650},{"posx":14,"posy":7,"amount":600},{"posx":2,"posy":8,"amount":200},{"posx":17,"posy":8,"amount":600},{"posx":18,"posy":8,"amount":100}],"changedObstacles":[]},{"players":[{"playerId":5588,"score":1275,"energy":15,"posx":1,"posy":5,"lastAction":5,"status":0},{"playerId":2268490,"score":1400,"energy":6,"posx":2,"posy":8,"lastAction":5,"status":0},{"playerId":2287533,"score":1325,"energy":11,"posx":1,"posy":5,"lastAction":5,"status":0}],"golds":[{"posx":0,"posy":0,"amount":650},{"posx":8,"posy":1,"amount":150},{"posx":19,"posy":1,"amount":150},{"posx":8,"posy":3,"amount":350},{"posx":12,"posy":3,"amount":400},{"posx":7,"posy":4,"amount":50},{"posx":1,"posy":5,"amount":300},{"posx":8,"posy":6,"amount":350},{"posx":19,"posy":6,"amount":300},{"posx":3,"posy":7,"amount":650},{"posx":14,"posy":7,"amount":600},{"posx":2,"posy":8,"amount":150},{"posx":17,"posy":8,"amount":600},{"posx":18,"posy":8,"amount":100}],"changedObstacles":[]},{"players":[{"playerId":5588,"score":1325,"energy":10,"posx":1,"posy":5,"lastAction":5,"status":0},{"playerId":2268490,"score":1400,"energy":18,"posx":2,"posy":8,"lastAction":4,"status":0},{"playerId":2287533,"score":1375,"energy":6,"posx":1,"posy":5,"lastAction":5,"status":0}],"golds":[{"posx":0,"posy":0,"amount":650},{"posx":8,"posy":1,"amount":150},{"posx":19,"posy":1,"amount":150},{"posx":8,"posy":3,"amount":350},{"posx":12,"posy":3,"amount":400},{"posx":7,"posy":4,"amount":50},{"posx":1,"posy":5,"amount":200},{"posx":8,"posy":6,"amount":350},{"posx":19,"posy":6,"amount":300},{"posx":3,"posy":7,"amount":650},{"posx":14,"posy":7,"amount":600},{"posx":2,"posy":8,"amount":150},{"posx":17,"posy":8,"amount":600},{"posx":18,"posy":8,"amount":100}],"changedObstacles":[]},{"players":[{"playerId":5588,"score":1325,"energy":22,"posx":1,"posy":5,"lastAction":4,"status":0},{"playerId":2268490,"score":1400,"energy":34,"posx":2,"posy":8,"lastAction":4,"status":0},{"playerId":2287533,"score":1425,"energy":1,"posx":1,"posy":5,"lastAction":5,"status":0}],"golds":[{"posx":0,"posy":0,"amount":650},{"posx":8,"posy":1,"amount":150},{"posx":19,"posy":1,"amount":150},{"posx":8,"posy":3,"amount":350},{"posx":12,"posy":3,"amount":400},{"posx":7,"posy":4,"amount":50},{"posx":1,"posy":5,"amount":150},{"posx":8,"posy":6,"amount":350},{"posx":19,"posy":6,"amount":300},{"posx":3,"posy":7,"amount":650},{"posx":14,"posy":7,"amount":600},{"posx":2,"posy":8,"amount":150},{"posx":17,"posy":8,"amount":600},{"posx":18,"posy":8,"amount":100}],"changedObstacles":[]},{"players":[{"playerId":5588,"score":1375,"energy":17,"posx":1,"posy":5,"lastAction":5,"status":0},{"playerId":2268490,"score":1450,"energy":29,"posx":2,"posy":8,"lastAction":5,"status":0},{"playerId":2287533,"score":1425,"energy":13,"posx":1,"posy":5,"lastAction":4,"status":0}],"golds":[{"posx":0,"posy":0,"amount":650},{"posx":8,"posy":1,"amount":150},{"posx":19,"posy":1,"amount":150},{"posx":8,"posy":3,"amount":350},{"posx":12,"posy":3,"amount":400},{"posx":7,"posy":4,"amount":50},{"posx":1,"posy":5,"amount":100},{"posx":8,"posy":6,"amount":350},{"posx":19,"posy":6,"amount":300},{"posx":3,"posy":7,"amount":650},{"posx":14,"posy":7,"amount":600},{"posx":2,"posy":8,"amount":100},{"posx":17,"posy":8,"amount":600},{"posx":18,"posy":8,"amount":100}],"changedObstacles":[]},{"players":[{"playerId":5588,"score":1425,"energy":12,"posx":1,"posy":5,"lastAction":5,"status":0},{"playerId":2268490,"score":1500,"energy":24,"posx":2,"posy":8,"lastAction":5,"status":0},{"playerId":2287533,"score":1475,"energy":8,"posx":1,"posy":5,"lastAction":5,"status":0}],"golds":[{"posx":0,"posy":0,"amount":650},{"posx":8,"posy":1,"amount":150},{"posx":19,"posy":1,"amount":150},{"posx":8,"posy":3,"amount":350},{"posx":12,"posy":3,"amount":400},{"posx":7,"posy":4,"amount":50},{"posx":8,"posy":6,"amount":350},{"posx":19,"posy":6,"amount":300},{"posx":3,"posy":7,"amount":650},{"posx":14,"posy":7,"amount":600},{"posx":2,"posy":8,"amount":50},{"posx":17,"posy":8,"amount":600},{"posx":18,"posy":8,"amount":100}],"changedObstacles":[{"type":0,"posx":1,"posy":5,"value":-1}]},{"players":[{"playerId":5588,"score":1425,"energy":24,"posx":1,"posy":5,"lastAction":4,"status":0},{"playerId":2268490,"score":1550,"energy":19,"posx":2,"posy":8,"lastAction":5,"status":0},{"playerId":2287533,"score":1475,"energy":20,"posx":1,"posy":5,"lastAction":4,"status":0}],"golds":[{"posx":0,"posy":0,"amount":650},{"posx":8,"posy":1,"amount":150},{"posx":19,"posy":1,"amount":150},{"posx":8,"posy":3,"amount":350},{"posx":12,"posy":3,"amount":400},{"posx":7,"posy":4,"amount":50},{"posx":8,"posy":6,"amount":350},{"posx":19,"posy":6,"amount":300},{"posx":3,"posy":7,"amount":650},{"posx":14,"posy":7,"amount":600},{"posx":17,"posy":8,"amount":600},{"posx":18,"posy":8,"amount":100}],"changedObstacles":[{"type":0,"posx":2,"posy":8,"value":-1}]},{"players":[{"playerId":5588,"score":1425,"energy":40,"posx":1,"posy":5,"lastAction":4,"status":0},{"playerId":2268490,"score":1550,"energy":18,"posx":2,"posy":7,"lastAction":2,"status":0},{"playerId":2287533,"score":1475,"energy":36,"posx":1,"posy":5,"lastAction":4,"status":0}],"golds":[{"posx":0,"posy":0,"amount":650},{"posx":8,"posy":1,"amount":150},{"posx":19,"posy":1,"amount":150},{"posx":8,"posy":3,"amount":350},{"posx":12,"posy":3,"amount":400},{"posx":7,"posy":4,"amount":50},{"posx":8,"posy":6,"amount":350},{"posx":19,"posy":6,"amount":300},{"posx":3,"posy":7,"amount":650},{"posx":14,"posy":7,"amount":600},{"posx":17,"posy":8,"amount":600},{"posx":18,"posy":8,"amount":100}],"changedObstacles":[]},{"players":[{"playerId":5588,"score":1425,"energy":50,"posx":1,"posy":5,"lastAction":4,"status":0},{"playerId":2268490,"score":1550,"energy":14,"posx":3,"posy":7,"lastAction":1,"status":0},{"playerId":2287533,"score":1475,"energy":-4,"posx":2,"posy":5,"lastAction":1,"status":2}],"golds":[{"posx":0,"posy":0,"amount":650},{"posx":8,"posy":1,"amount":150},{"posx":19,"posy":1,"amount":150},{"posx":8,"posy":3,"amount":350},{"posx":12,"posy":3,"amount":400},{"posx":7,"posy":4,"amount":50},{"posx":8,"posy":6,"amount":350},{"posx":19,"posy":6,"amount":300},{"posx":3,"posy":7,"amount":650},{"posx":14,"posy":7,"amount":600},{"posx":17,"posy":8,"amount":600},{"posx":18,"posy":8,"amount":100}],"changedObstacles":[{"type":3,"posx":2,"posy":5,"value":-100}]},{"players":[{"playerId":5588,"score":1425,"energy":50,"posx":1,"posy":5,"lastAction":4,"status":0},{"playerId":2268490,"score":1600,"energy":9,"posx":3,"posy":7,"lastAction":5,"status":0},{"playerId":2287533,"score":1475,"energy":-4,"posx":2,"posy":5,"lastAction":6,"status":2}],"golds":[{"posx":0,"posy":0,"amount":650},{"posx":8,"posy":1,"amount":150},{"posx":19,"posy":1,"amount":150},{"posx":8,"posy":3,"amount":350},{"posx":12,"posy":3,"amount":400},{"posx":7,"posy":4,"amount":50},{"posx":8,"posy":6,"amount":350},{"posx":19,"posy":6,"amount":300},{"posx":3,"posy":7,"amount":600},{"posx":14,"posy":7,"amount":600},{"posx":17,"posy":8,"amount":600},{"posx":18,"posy":8,"amount":100}],"changedObstacles":[]},{"players":[{"playerId":5588,"score":1425,"energy":50,"posx":1,"posy":5,"lastAction":4,"status":0},{"playerId":2268490,"score":1600,"energy":21,"posx":3,"posy":7,"lastAction":4,"status":0},{"playerId":2287533,"score":1475,"energy":-4,"posx":2,"posy":5,"lastAction":6,"status":2}],"golds":[{"posx":0,"posy":0,"amount":650},{"posx":8,"posy":1,"amount":150},{"posx":19,"posy":1,"amount":150},{"posx":8,"posy":3,"amount":350},{"posx":12,"posy":3,"amount":400},{"posx":7,"posy":4,"amount":50},{"posx":8,"posy":6,"amount":350},{"posx":19,"posy":6,"amount":300},{"posx":3,"posy":7,"amount":600},{"posx":14,"posy":7,"amount":600},{"posx":17,"posy":8,"amount":600},{"posx":18,"posy":8,"amount":100}],"changedObstacles":[]},{"players":[{"playerId":5588,"score":1425,"energy":50,"posx":1,"posy":5,"lastAction":4,"status":0},{"playerId":2268490,"score":1600,"energy":37,"posx":3,"posy":7,"lastAction":4,"status":0},{"playerId":2287533,"score":1475,"energy":-4,"posx":2,"posy":5,"lastAction":6,"status":2}],"golds":[{"posx":0,"posy":0,"amount":650},{"posx":8,"posy":1,"amount":150},{"posx":19,"posy":1,"amount":150},{"posx":8,"posy":3,"amount":350},{"posx":12,"posy":3,"amount":400},{"posx":7,"posy":4,"amount":50},{"posx":8,"posy":6,"amount":350},{"posx":19,"posy":6,"amount":300},{"posx":3,"posy":7,"amount":600},{"posx":14,"posy":7,"amount":600},{"posx":17,"posy":8,"amount":600},{"posx":18,"posy":8,"amount":100}],"changedObstacles":[]},{"players":[{"playerId":5588,"score":1425,"energy":50,"posx":1,"posy":5,"lastAction":4,"status":0},{"playerId":2268490,"score":1650,"energy":32,"posx":3,"posy":7,"lastAction":5,"status":0},{"playerId":2287533,"score":1475,"energy":-4,"posx":2,"posy":5,"lastAction":6,"status":2}],"golds":[{"posx":0,"posy":0,"amount":650},{"posx":8,"posy":1,"amount":150},{"posx":19,"posy":1,"amount":150},{"posx":8,"posy":3,"amount":350},{"posx":12,"posy":3,"amount":400},{"posx":7,"posy":4,"amount":50},{"posx":8,"posy":6,"amount":350},{"posx":19,"posy":6,"amount":300},{"posx":3,"posy":7,"amount":550},{"posx":14,"posy":7,"amount":600},{"posx":17,"posy":8,"amount":600},{"posx":18,"posy":8,"amount":100}],"changedObstacles":[]},{"players":[{"playerId":5588,"score":1425,"energy":50,"posx":1,"posy":5,"lastAction":4,"status":0},{"playerId":2268490,"score":1700,"energy":27,"posx":3,"posy":7,"lastAction":5,"status":0},{"playerId":2287533,"score":1475,"energy":-4,"posx":2,"posy":5,"lastAction":6,"status":2}],"golds":[{"posx":0,"posy":0,"amount":650},{"posx":8,"posy":1,"amount":150},{"posx":19,"posy":1,"amount":150},{"posx":8,"posy":3,"amount":350},{"posx":12,"posy":3,"amount":400},{"posx":7,"posy":4,"amount":50},{"posx":8,"posy":6,"amount":350},{"posx":19,"posy":6,"amount":300},{"posx":3,"posy":7,"amount":500},{"posx":14,"posy":7,"amount":600},{"posx":17,"posy":8,"amount":600},{"posx":18,"posy":8,"amount":100}],"changedObstacles":[]},{"players":[{"playerId":5588,"score":1425,"energy":50,"posx":1,"posy":5,"lastAction":4,"status":0},{"playerId":2268490,"score":1750,"energy":22,"posx":3,"posy":7,"lastAction":5,"status":0},{"playerId":2287533,"score":1475,"energy":-4,"posx":2,"posy":5,"lastAction":6,"status":2}],"golds":[{"posx":0,"posy":0,"amount":650},{"posx":8,"posy":1,"amount":150},{"posx":19,"posy":1,"amount":150},{"posx":8,"posy":3,"amount":350},{"posx":12,"posy":3,"amount":400},{"posx":7,"posy":4,"amount":50},{"posx":8,"posy":6,"amount":350},{"posx":19,"posy":6,"amount":300},{"posx":3,"posy":7,"amount":450},{"posx":14,"posy":7,"amount":600},{"posx":17,"posy":8,"amount":600},{"posx":18,"posy":8,"amount":100}],"changedObstacles":[]},{"players":[{"playerId":5588,"score":1425,"energy":50,"posx":1,"posy":5,"lastAction":4,"status":0},{"playerId":2268490,"score":1800,"energy":17,"posx":3,"posy":7,"lastAction":5,"status":0},{"playerId":2287533,"score":1475,"energy":-4,"posx":2,"posy":5,"lastAction":6,"status":2}],"golds":[{"posx":0,"posy":0,"amount":650},{"posx":8,"posy":1,"amount":150},{"posx":19,"posy":1,"amount":150},{"posx":8,"posy":3,"amount":350},{"posx":12,"posy":3,"amount":400},{"posx":7,"posy":4,"amount":50},{"posx":8,"posy":6,"amount":350},{"posx":19,"posy":6,"amount":300},{"posx":3,"posy":7,"amount":400},{"posx":14,"posy":7,"amount":600},{"posx":17,"posy":8,"amount":600},{"posx":18,"posy":8,"amount":100}],"changedObstacles":[]},{"players":[{"playerId":5588,"score":1425,"energy":50,"posx":1,"posy":5,"lastAction":4,"status":0},{"playerId":2268490,"score":1850,"energy":12,"posx":3,"posy":7,"lastAction":5,"status":0},{"playerId":2287533,"score":1475,"energy":-4,"posx":2,"posy":5,"lastAction":6,"status":2}],"golds":[{"posx":0,"posy":0,"amount":650},{"posx":8,"posy":1,"amount":150},{"posx":19,"posy":1,"amount":150},{"posx":8,"posy":3,"amount":350},{"posx":12,"posy":3,"amount":400},{"posx":7,"posy":4,"amount":50},{"posx":8,"posy":6,"amount":350},{"posx":19,"posy":6,"amount":300},{"posx":3,"posy":7,"amount":350},{"posx":14,"posy":7,"amount":600},{"posx":17,"posy":8,"amount":600},{"posx":18,"posy":8,"amount":100}],"changedObstacles":[]},{"players":[{"playerId":5588,"score":1425,"energy":50,"posx":1,"posy":5,"lastAction":4,"status":0},{"playerId":2268490,"score":1900,"energy":7,"posx":3,"posy":7,"lastAction":5,"status":0},{"playerId":2287533,"score":1475,"energy":-4,"posx":2,"posy":5,"lastAction":6,"status":2}],"golds":[{"posx":0,"posy":0,"amount":650},{"posx":8,"posy":1,"amount":150},{"posx":19,"posy":1,"amount":150},{"posx":8,"posy":3,"amount":350},{"posx":12,"posy":3,"amount":400},{"posx":7,"posy":4,"amount":50},{"posx":8,"posy":6,"amount":350},{"posx":19,"posy":6,"amount":300},{"posx":3,"posy":7,"amount":300},{"posx":14,"posy":7,"amount":600},{"posx":17,"posy":8,"amount":600},{"posx":18,"posy":8,"amount":100}],"changedObstacles":[]},{"players":[{"playerId":5588,"score":1425,"energy":50,"posx":1,"posy":5,"lastAction":4,"status":0},{"playerId":2268490,"score":1900,"energy":19,"posx":3,"posy":7,"lastAction":4,"status":0},{"playerId":2287533,"score":1475,"energy":-4,"posx":2,"posy":5,"lastAction":6,"status":2}],"golds":[{"posx":0,"posy":0,"amount":650},{"posx":8,"posy":1,"amount":150},{"posx":19,"posy":1,"amount":150},{"posx":8,"posy":3,"amount":350},{"posx":12,"posy":3,"amount":400},{"posx":7,"posy":4,"amount":50},{"posx":8,"posy":6,"amount":350},{"posx":19,"posy":6,"amount":300},{"posx":3,"posy":7,"amount":300},{"posx":14,"posy":7,"amount":600},{"posx":17,"posy":8,"amount":600},{"posx":18,"posy":8,"amount":100}],"changedObstacles":[]},{"players":[{"playerId":5588,"score":1425,"energy":50,"posx":1,"posy":5,"lastAction":4,"status":0},{"playerId":2268490,"score":1900,"energy":35,"posx":3,"posy":7,"lastAction":4,"status":0},{"playerId":2287533,"score":1475,"energy":-4,"posx":2,"posy":5,"lastAction":6,"status":2}],"golds":[{"posx":0,"posy":0,"amount":650},{"posx":8,"posy":1,"amount":150},{"posx":19,"posy":1,"amount":150},{"posx":8,"posy":3,"amount":350},{"posx":12,"posy":3,"amount":400},{"posx":7,"posy":4,"amount":50},{"posx":8,"posy":6,"amount":350},{"posx":19,"posy":6,"amount":300},{"posx":3,"posy":7,"amount":300},{"posx":14,"posy":7,"amount":600},{"posx":17,"posy":8,"amount":600},{"posx":18,"posy":8,"amount":100}],"changedObstacles":[]},{"players":[{"playerId":5588,"score":1425,"energy":50,"posx":1,"posy":5,"lastAction":4,"status":0},{"playerId":2268490,"score":1950,"energy":30,"posx":3,"posy":7,"lastAction":5,"status":0},{"playerId":2287533,"score":1475,"energy":-4,"posx":2,"posy":5,"lastAction":6,"status":2}],"golds":[{"posx":0,"posy":0,"amount":650},{"posx":8,"posy":1,"amount":150},{"posx":19,"posy":1,"amount":150},{"posx":8,"posy":3,"amount":350},{"posx":12,"posy":3,"amount":400},{"posx":7,"posy":4,"amount":50},{"posx":8,"posy":6,"amount":350},{"posx":19,"posy":6,"amount":300},{"posx":3,"posy":7,"amount":250},{"posx":14,"posy":7,"amount":600},{"posx":17,"posy":8,"amount":600},{"posx":18,"posy":8,"amount":100}],"changedObstacles":[]},{"players":[{"playerId":5588,"score":1425,"energy":50,"posx":1,"posy":5,"lastAction":4,"status":0},{"playerId":2268490,"score":2000,"energy":25,"posx":3,"posy":7,"lastAction":5,"status":0},{"playerId":2287533,"score":1475,"energy":-4,"posx":2,"posy":5,"lastAction":6,"status":2}],"golds":[{"posx":0,"posy":0,"amount":650},{"posx":8,"posy":1,"amount":150},{"posx":19,"posy":1,"amount":150},{"posx":8,"posy":3,"amount":350},{"posx":12,"posy":3,"amount":400},{"posx":7,"posy":4,"amount":50},{"posx":8,"posy":6,"amount":350},{"posx":19,"posy":6,"amount":300},{"posx":3,"posy":7,"amount":200},{"posx":14,"posy":7,"amount":600},{"posx":17,"posy":8,"amount":600},{"posx":18,"posy":8,"amount":100}],"changedObstacles":[]},{"players":[{"playerId":5588,"score":1425,"energy":50,"posx":1,"posy":5,"lastAction":4,"status":0},{"playerId":2268490,"score":2050,"energy":20,"posx":3,"posy":7,"lastAction":5,"status":0},{"playerId":2287533,"score":1475,"energy":-4,"posx":2,"posy":5,"lastAction":6,"status":2}],"golds":[{"posx":0,"posy":0,"amount":650},{"posx":8,"posy":1,"amount":150},{"posx":19,"posy":1,"amount":150},{"posx":8,"posy":3,"amount":350},{"posx":12,"posy":3,"amount":400},{"posx":7,"posy":4,"amount":50},{"posx":8,"posy":6,"amount":350},{"posx":19,"posy":6,"amount":300},{"posx":3,"posy":7,"amount":150},{"posx":14,"posy":7,"amount":600},{"posx":17,"posy":8,"amount":600},{"posx":18,"posy":8,"amount":100}],"changedObstacles":[]},{"players":[{"playerId":5588,"score":1425,"energy":50,"posx":1,"posy":5,"lastAction":4,"status":0},{"playerId":2268490,"score":2100,"energy":15,"posx":3,"posy":7,"lastAction":5,"status":0},{"playerId":2287533,"score":1475,"energy":-4,"posx":2,"posy":5,"lastAction":6,"status":2}],"golds":[{"posx":0,"posy":0,"amount":650},{"posx":8,"posy":1,"amount":150},{"posx":19,"posy":1,"amount":150},{"posx":8,"posy":3,"amount":350},{"posx":12,"posy":3,"amount":400},{"posx":7,"posy":4,"amount":50},{"posx":8,"posy":6,"amount":350},{"posx":19,"posy":6,"amount":300},{"posx":3,"posy":7,"amount":100},{"posx":14,"posy":7,"amount":600},{"posx":17,"posy":8,"amount":600},{"posx":18,"posy":8,"amount":100}],"changedObstacles":[]},{"players":[{"playerId":5588,"score":1425,"energy":50,"posx":1,"posy":5,"lastAction":4,"status":0},{"playerId":2268490,"score":2150,"energy":10,"posx":3,"posy":7,"lastAction":5,"status":0},{"playerId":2287533,"score":1475,"energy":-4,"posx":2,"posy":5,"lastAction":6,"status":2}],"golds":[{"posx":0,"posy":0,"amount":650},{"posx":8,"posy":1,"amount":150},{"posx":19,"posy":1,"amount":150},{"posx":8,"posy":3,"amount":350},{"posx":12,"posy":3,"amount":400},{"posx":7,"posy":4,"amount":50},{"posx":8,"posy":6,"amount":350},{"posx":19,"posy":6,"amount":300},{"posx":3,"posy":7,"amount":50},{"posx":14,"posy":7,"amount":600},{"posx":17,"posy":8,"amount":600},{"posx":18,"posy":8,"amount":100}],"changedObstacles":[]},{"players":[{"playerId":5588,"score":1425,"energy":50,"posx":1,"posy":5,"lastAction":4,"status":0},{"playerId":2268490,"score":2150,"energy":22,"posx":3,"posy":7,"lastAction":4,"status":0},{"playerId":2287533,"score":1475,"energy":-4,"posx":2,"posy":5,"lastAction":6,"status":2}],"golds":[{"posx":0,"posy":0,"amount":650},{"posx":8,"posy":1,"amount":150},{"posx":19,"posy":1,"amount":150},{"posx":8,"posy":3,"amount":350},{"posx":12,"posy":3,"amount":400},{"posx":7,"posy":4,"amount":50},{"posx":8,"posy":6,"amount":350},{"posx":19,"posy":6,"amount":300},{"posx":3,"posy":7,"amount":50},{"posx":14,"posy":7,"amount":600},{"posx":17,"posy":8,"amount":600},{"posx":18,"posy":8,"amount":100}],"changedObstacles":[]},{"players":[{"playerId":5588,"score":1425,"energy":50,"posx":1,"posy":5,"lastAction":4,"status":0},{"playerId":2268490,"score":2150,"energy":38,"posx":3,"posy":7,"lastAction":4,"status":0},{"playerId":2287533,"score":1475,"energy":-4,"posx":2,"posy":5,"lastAction":6,"status":2}],"golds":[{"posx":0,"posy":0,"amount":650},{"posx":8,"posy":1,"amount":150},{"posx":19,"posy":1,"amount":150},{"posx":8,"posy":3,"amount":350},{"posx":12,"posy":3,"amount":400},{"posx":7,"posy":4,"amount":50},{"posx":8,"posy":6,"amount":350},{"posx":19,"posy":6,"amount":300},{"posx":3,"posy":7,"amount":50},{"posx":14,"posy":7,"amount":600},{"posx":17,"posy":8,"amount":600},{"posx":18,"posy":8,"amount":100}],"changedObstacles":[]},{"players":[{"playerId":5588,"score":1425,"energy":50,"posx":1,"posy":5,"lastAction":4,"status":0},{"playerId":2268490,"score":2200,"energy":33,"posx":3,"posy":7,"lastAction":5,"status":0},{"playerId":2287533,"score":1475,"energy":-4,"posx":2,"posy":5,"lastAction":6,"status":2}],"golds":[{"posx":0,"posy":0,"amount":650},{"posx":8,"posy":1,"amount":150},{"posx":19,"posy":1,"amount":150},{"posx":8,"posy":3,"amount":350},{"posx":12,"posy":3,"amount":400},{"posx":7,"posy":4,"amount":50},{"posx":8,"posy":6,"amount":350},{"posx":19,"posy":6,"amount":300},{"posx":14,"posy":7,"amount":600},{"posx":17,"posy":8,"amount":600},{"posx":18,"posy":8,"amount":100}],"changedObstacles":[{"type":0,"posx":3,"posy":7,"value":-1}]},{"players":[{"playerId":5588,"score":1425,"energy":49,"posx":1,"posy":4,"lastAction":2,"status":0},{"playerId":2268490,"score":2200,"energy":32,"posx":3,"posy":6,"lastAction":2,"status":0},{"playerId":2287533,"score":1475,"energy":-4,"posx":2,"posy":5,"lastAction":6,"status":2}],"golds":[{"posx":0,"posy":0,"amount":650},{"posx":8,"posy":1,"amount":150},{"posx":19,"posy":1,"amount":150},{"posx":8,"posy":3,"amount":350},{"posx":12,"posy":3,"amount":400},{"posx":7,"posy":4,"amount":50},{"posx":8,"posy":6,"amount":350},{"posx":19,"posy":6,"amount":300},{"posx":14,"posy":7,"amount":600},{"posx":17,"posy":8,"amount":600},{"posx":18,"posy":8,"amount":100}],"changedObstacles":[]},{"players":[{"playerId":5588,"score":1425,"energy":48,"posx":1,"posy":3,"lastAction":2,"status":0},{"playerId":2268490,"score":2200,"energy":27,"posx":4,"posy":6,"lastAction":1,"status":0},{"playerId":2287533,"score":1475,"energy":-4,"posx":2,"posy":5,"lastAction":6,"status":2}],"golds":[{"posx":0,"posy":0,"amount":650},{"posx":8,"posy":1,"amount":150},{"posx":19,"posy":1,"amount":150},{"posx":8,"posy":3,"amount":350},{"posx":12,"posy":3,"amount":400},{"posx":7,"posy":4,"amount":50},{"posx":8,"posy":6,"amount":350},{"posx":19,"posy":6,"amount":300},{"posx":14,"posy":7,"amount":600},{"posx":17,"posy":8,"amount":600},{"posx":18,"posy":8,"amount":100}],"changedObstacles":[{"type":3,"posx":4,"posy":6,"value":-20}]},{"players":[{"playerId":5588,"score":1425,"energy":30,"posx":1,"posy":2,"lastAction":2,"status":0},{"playerId":2268490,"score":2200,"energy":26,"posx":4,"posy":5,"lastAction":2,"status":0},{"playerId":2287533,"score":1475,"energy":-4,"posx":2,"posy":5,"lastAction":6,"status":2}],"golds":[{"posx":0,"posy":0,"amount":650},{"posx":8,"posy":1,"amount":150},{"posx":19,"posy":1,"amount":150},{"posx":8,"posy":3,"amount":350},{"posx":12,"posy":3,"amount":400},{"posx":7,"posy":4,"amount":50},{"posx":8,"posy":6,"amount":350},{"posx":19,"posy":6,"amount":300},{"posx":14,"posy":7,"amount":600},{"posx":17,"posy":8,"amount":600},{"posx":18,"posy":8,"amount":100}],"changedObstacles":[]},{"players":[{"playerId":5588,"score":1425,"energy":29,"posx":1,"posy":1,"lastAction":2,"status":0},{"playerId":2268490,"score":2200,"energy":25,"posx":5,"posy":5,"lastAction":1,"status":0},{"playerId":2287533,"score":1475,"energy":-4,"posx":2,"posy":5,"lastAction":6,"status":2}],"golds":[{"posx":0,"posy":0,"amount":650},{"posx":8,"posy":1,"amount":150},{"posx":19,"posy":1,"amount":150},{"posx":8,"posy":3,"amount":350},{"posx":12,"posy":3,"amount":400},{"posx":7,"posy":4,"amount":50},{"posx":8,"posy":6,"amount":350},{"posx":19,"posy":6,"amount":300},{"posx":14,"posy":7,"amount":600},{"posx":17,"posy":8,"amount":600},{"posx":18,"posy":8,"amount":100}],"changedObstacles":[]},{"players":[{"playerId":5588,"score":1425,"energy":19,"posx":1,"posy":0,"lastAction":2,"status":0},{"playerId":2268490,"score":2200,"energy":24,"posx":5,"posy":4,"lastAction":2,"status":0},{"playerId":2287533,"score":1475,"energy":-4,"posx":2,"posy":5,"lastAction":6,"status":2}],"golds":[{"posx":0,"posy":0,"amount":650},{"posx":8,"posy":1,"amount":150},{"posx":19,"posy":1,"amount":150},{"posx":8,"posy":3,"amount":350},{"posx":12,"posy":3,"amount":400},{"posx":7,"posy":4,"amount":50},{"posx":8,"posy":6,"amount":350},{"posx":19,"posy":6,"amount":300},{"posx":14,"posy":7,"amount":600},{"posx":17,"posy":8,"amount":600},{"posx":18,"posy":8,"amount":100}],"changedObstacles":[{"type":0,"posx":1,"posy":0,"value":-1}]},{"players":[{"playerId":5588,"score":1425,"energy":15,"posx":0,"posy":0,"lastAction":0,"status":0},{"playerId":2268490,"score":2200,"energy":14,"posx":6,"posy":4,"lastAction":1,"status":0},{"playerId":2287533,"score":1475,"energy":-4,"posx":2,"posy":5,"lastAction":6,"status":2}],"golds":[{"posx":0,"posy":0,"amount":650},{"posx":8,"posy":1,"amount":150},{"posx":19,"posy":1,"amount":150},{"posx":8,"posy":3,"amount":350},{"posx":12,"posy":3,"amount":400},{"posx":7,"posy":4,"amount":50},{"posx":8,"posy":6,"amount":350},{"posx":19,"posy":6,"amount":300},{"posx":14,"posy":7,"amount":600},{"posx":17,"posy":8,"amount":600},{"posx":18,"posy":8,"amount":100}],"changedObstacles":[]},{"players":[{"playerId":5588,"score":1475,"energy":10,"posx":0,"posy":0,"lastAction":5,"status":0},{"playerId":2268490,"score":2200,"energy":10,"posx":7,"posy":4,"lastAction":1,"status":0},{"playerId":2287533,"score":1475,"energy":-4,"posx":2,"posy":5,"lastAction":6,"status":2}],"golds":[{"posx":0,"posy":0,"amount":600},{"posx":8,"posy":1,"amount":150},{"posx":19,"posy":1,"amount":150},{"posx":8,"posy":3,"amount":350},{"posx":12,"posy":3,"amount":400},{"posx":7,"posy":4,"amount":50},{"posx":8,"posy":6,"amount":350},{"posx":19,"posy":6,"amount":300},{"posx":14,"posy":7,"amount":600},{"posx":17,"posy":8,"amount":600},{"posx":18,"posy":8,"amount":100}],"changedObstacles":[]},{"players":[{"playerId":5588,"score":1475,"energy":22,"posx":0,"posy":0,"lastAction":4,"status":0},{"playerId":2268490,"score":2200,"energy":22,"posx":7,"posy":4,"lastAction":4,"status":0},{"playerId":2287533,"score":1475,"energy":-4,"posx":2,"posy":5,"lastAction":6,"status":2}],"golds":[{"posx":0,"posy":0,"amount":600},{"posx":8,"posy":1,"amount":150},{"posx":19,"posy":1,"amount":150},{"posx":8,"posy":3,"amount":350},{"posx":12,"posy":3,"amount":400},{"posx":7,"posy":4,"amount":50},{"posx":8,"posy":6,"amount":350},{"posx":19,"posy":6,"amount":300},{"posx":14,"posy":7,"amount":600},{"posx":17,"posy":8,"amount":600},{"posx":18,"posy":8,"amount":100}],"changedObstacles":[]},{"players":[{"playerId":5588,"score":1525,"energy":17,"posx":0,"posy":0,"lastAction":5,"status":0},{"playerId":2268490,"score":2200,"energy":38,"posx":7,"posy":4,"lastAction":4,"status":0},{"playerId":2287533,"score":1475,"energy":-4,"posx":2,"posy":5,"lastAction":6,"status":2}],"golds":[{"posx":0,"posy":0,"amount":550},{"posx":8,"posy":1,"amount":150},{"posx":19,"posy":1,"amount":150},{"posx":8,"posy":3,"amount":350},{"posx":12,"posy":3,"amount":400},{"posx":7,"posy":4,"amount":50},{"posx":8,"posy":6,"amount":350},{"posx":19,"posy":6,"amount":300},{"posx":14,"posy":7,"amount":600},{"posx":17,"posy":8,"amount":600},{"posx":18,"posy":8,"amount":100}],"changedObstacles":[]},{"players":[{"playerId":5588,"score":1575,"energy":12,"posx":0,"posy":0,"lastAction":5,"status":0},{"playerId":2268490,"score":2250,"energy":33,"posx":7,"posy":4,"lastAction":5,"status":0},{"playerId":2287533,"score":1475,"energy":-4,"posx":2,"posy":5,"lastAction":6,"status":2}],"golds":[{"posx":0,"posy":0,"amount":500},{"posx":8,"posy":1,"amount":150},{"posx":19,"posy":1,"amount":150},{"posx":8,"posy":3,"amount":350},{"posx":12,"posy":3,"amount":400},{"posx":8,"posy":6,"amount":350},{"posx":19,"posy":6,"amount":300},{"posx":14,"posy":7,"amount":600},{"posx":17,"posy":8,"amount":600},{"posx":18,"posy":8,"amount":100}],"changedObstacles":[{"type":0,"posx":7,"posy":4,"value":-1}]},{"players":[{"playerId":5588,"score":1625,"energy":7,"posx":0,"posy":0,"lastAction":5,"status":0},{"playerId":2268490,"score":2250,"energy":32,"posx":8,"posy":4,"lastAction":1,"status":0},{"playerId":2287533,"score":1475,"energy":-4,"posx":2,"posy":5,"lastAction":6,"status":2}],"golds":[{"posx":0,"posy":0,"amount":450},{"posx":8,"posy":1,"amount":150},{"posx":19,"posy":1,"amount":150},{"posx":8,"posy":3,"amount":350},{"posx":12,"posy":3,"amount":400},{"posx":8,"posy":6,"amount":350},{"posx":19,"posy":6,"amount":300},{"posx":14,"posy":7,"amount":600},{"posx":17,"posy":8,"amount":600},{"posx":18,"posy":8,"amount":100}],"changedObstacles":[]},{"players":[{"playerId":5588,"score":1625,"energy":19,"posx":0,"posy":0,"lastAction":4,"status":0},{"playerId":2268490,"score":2250,"energy":28,"posx":8,"posy":3,"lastAction":2,"status":0},{"playerId":2287533,"score":1475,"energy":-4,"posx":2,"posy":5,"lastAction":6,"status":2}],"golds":[{"posx":0,"posy":0,"amount":450},{"posx":8,"posy":1,"amount":150},{"posx":19,"posy":1,"amount":150},{"posx":8,"posy":3,"amount":350},{"posx":12,"posy":3,"amount":400},{"posx":8,"posy":6,"amount":350},{"posx":19,"posy":6,"amount":300},{"posx":14,"posy":7,"amount":600},{"posx":17,"posy":8,"amount":600},{"posx":18,"posy":8,"amount":100}],"changedObstacles":[]},{"players":[{"playerId":5588,"score":1675,"energy":14,"posx":0,"posy":0,"lastAction":5,"status":0},{"playerId":2268490,"score":2300,"energy":23,"posx":8,"posy":3,"lastAction":5,"status":0},{"playerId":2287533,"score":1475,"energy":-4,"posx":2,"posy":5,"lastAction":6,"status":2}],"golds":[{"posx":0,"posy":0,"amount":400},{"posx":8,"posy":1,"amount":150},{"posx":19,"posy":1,"amount":150},{"posx":8,"posy":3,"amount":300},{"posx":12,"posy":3,"amount":400},{"posx":8,"posy":6,"amount":350},{"posx":19,"posy":6,"amount":300},{"posx":14,"posy":7,"amount":600},{"posx":17,"posy":8,"amount":600},{"posx":18,"posy":8,"amount":100}],"changedObstacles":[]},{"players":[{"playerId":5588,"score":1725,"energy":9,"posx":0,"posy":0,"lastAction":5,"status":0},{"playerId":2268490,"score":2350,"energy":18,"posx":8,"posy":3,"lastAction":5,"status":0},{"playerId":2287533,"score":1475,"energy":-4,"posx":2,"posy":5,"lastAction":6,"status":2}],"golds":[{"posx":0,"posy":0,"amount":350},{"posx":8,"posy":1,"amount":150},{"posx":19,"posy":1,"amount":150},{"posx":8,"posy":3,"amount":250},{"posx":12,"posy":3,"amount":400},{"posx":8,"posy":6,"amount":350},{"posx":19,"posy":6,"amount":300},{"posx":14,"posy":7,"amount":600},{"posx":17,"posy":8,"amount":600},{"posx":18,"posy":8,"amount":100}],"changedObstacles":[]},{"players":[{"playerId":5588,"score":1725,"energy":21,"posx":0,"posy":0,"lastAction":4,"status":0},{"playerId":2268490,"score":2400,"energy":13,"posx":8,"posy":3,"lastAction":5,"status":0},{"playerId":2287533,"score":1475,"energy":-4,"posx":2,"posy":5,"lastAction":6,"status":2}],"golds":[{"posx":0,"posy":0,"amount":350},{"posx":8,"posy":1,"amount":150},{"posx":19,"posy":1,"amount":150},{"posx":8,"posy":3,"amount":200},{"posx":12,"posy":3,"amount":400},{"posx":8,"posy":6,"amount":350},{"posx":19,"posy":6,"amount":300},{"posx":14,"posy":7,"amount":600},{"posx":17,"posy":8,"amount":600},{"posx":18,"posy":8,"amount":100}],"changedObstacles":[]},{"players":[{"playerId":5588,"score":1775,"energy":16,"posx":0,"posy":0,"lastAction":5,"status":0},{"playerId":2268490,"score":2450,"energy":8,"posx":8,"posy":3,"lastAction":5,"status":0},{"playerId":2287533,"score":1475,"energy":-4,"posx":2,"posy":5,"lastAction":6,"status":2}],"golds":[{"posx":0,"posy":0,"amount":300},{"posx":8,"posy":1,"amount":150},{"posx":19,"posy":1,"amount":150},{"posx":8,"posy":3,"amount":150},{"posx":12,"posy":3,"amount":400},{"posx":8,"posy":6,"amount":350},{"posx":19,"posy":6,"amount":300},{"posx":14,"posy":7,"amount":600},{"posx":17,"posy":8,"amount":600},{"posx":18,"posy":8,"amount":100}],"changedObstacles":[]},{"players":[{"playerId":5588,"score":1825,"energy":11,"posx":0,"posy":0,"lastAction":5,"status":0},{"playerId":2268490,"score":2450,"energy":20,"posx":8,"posy":3,"lastAction":4,"status":0},{"playerId":2287533,"score":1475,"energy":-4,"posx":2,"posy":5,"lastAction":6,"status":2}],"golds":[{"posx":0,"posy":0,"amount":250},{"posx":8,"posy":1,"amount":150},{"posx":19,"posy":1,"amount":150},{"posx":8,"posy":3,"amount":150},{"posx":12,"posy":3,"amount":400},{"posx":8,"posy":6,"amount":350},{"posx":19,"posy":6,"amount":300},{"posx":14,"posy":7,"amount":600},{"posx":17,"posy":8,"amount":600},{"posx":18,"posy":8,"amount":100}],"changedObstacles":[]},{"players":[{"playerId":5588,"score":1875,"energy":6,"posx":0,"posy":0,"lastAction":5,"status":0},{"playerId":2268490,"score":2450,"energy":36,"posx":8,"posy":3,"lastAction":4,"status":0},{"playerId":2287533,"score":1475,"energy":-4,"posx":2,"posy":5,"lastAction":6,"status":2}],"golds":[{"posx":0,"posy":0,"amount":200},{"posx":8,"posy":1,"amount":150},{"posx":19,"posy":1,"amount":150},{"posx":8,"posy":3,"amount":150},{"posx":12,"posy":3,"amount":400},{"posx":8,"posy":6,"amount":350},{"posx":19,"posy":6,"amount":300},{"posx":14,"posy":7,"amount":600},{"posx":17,"posy":8,"amount":600},{"posx":18,"posy":8,"amount":100}],"changedObstacles":[]},{"players":[{"playerId":5588,"score":1875,"energy":18,"posx":0,"posy":0,"lastAction":4,"status":0},{"playerId":2268490,"score":2500,"energy":31,"posx":8,"posy":3,"lastAction":5,"status":0},{"playerId":2287533,"score":1475,"energy":-4,"posx":2,"posy":5,"lastAction":6,"status":2}],"golds":[{"posx":0,"posy":0,"amount":200},{"posx":8,"posy":1,"amount":150},{"posx":19,"posy":1,"amount":150},{"posx":8,"posy":3,"amount":100},{"posx":12,"posy":3,"amount":400},{"posx":8,"posy":6,"amount":350},{"posx":19,"posy":6,"amount":300},{"posx":14,"posy":7,"amount":600},{"posx":17,"posy":8,"amount":600},{"posx":18,"posy":8,"amount":100}],"changedObstacles":[]},{"players":[{"playerId":5588,"score":1925,"energy":13,"posx":0,"posy":0,"lastAction":5,"status":0},{"playerId":2268490,"score":2550,"energy":26,"posx":8,"posy":3,"lastAction":5,"status":0},{"playerId":2287533,"score":1475,"energy":-4,"posx":2,"posy":5,"lastAction":6,"status":2}],"golds":[{"posx":0,"posy":0,"amount":150},{"posx":8,"posy":1,"amount":150},{"posx":19,"posy":1,"amount":150},{"posx":8,"posy":3,"amount":50},{"posx":12,"posy":3,"amount":400},{"posx":8,"posy":6,"amount":350},{"posx":19,"posy":6,"amount":300},{"posx":14,"posy":7,"amount":600},{"posx":17,"posy":8,"amount":600},{"posx":18,"posy":8,"amount":100}],"changedObstacles":[]},{"players":[{"playerId":5588,"score":1975,"energy":8,"posx":0,"posy":0,"lastAction":5,"status":0},{"playerId":2268490,"score":2600,"energy":21,"posx":8,"posy":3,"lastAction":5,"status":0},{"playerId":2287533,"score":1475,"energy":-4,"posx":2,"posy":5,"lastAction":6,"status":2}],"golds":[{"posx":0,"posy":0,"amount":100},{"posx":8,"posy":1,"amount":150},{"posx":19,"posy":1,"amount":150},{"posx":12,"posy":3,"amount":400},{"posx":8,"posy":6,"amount":350},{"posx":19,"posy":6,"amount":300},{"posx":14,"posy":7,"amount":600},{"posx":17,"posy":8,"amount":600},{"posx":18,"posy":8,"amount":100}],"changedObstacles":[{"type":0,"posx":8,"posy":3,"value":-1}]},{"players":[{"playerId":5588,"score":1975,"energy":20,"posx":0,"posy":0,"lastAction":4,"status":0},{"playerId":2268490,"score":2600,"energy":20,"posx":8,"posy":4,"lastAction":3,"status":0},{"playerId":2287533,"score":1475,"energy":-4,"posx":2,"posy":5,"lastAction":6,"status":2}],"golds":[{"posx":0,"posy":0,"amount":100},{"posx":8,"posy":1,"amount":150},{"posx":19,"posy":1,"amount":150},{"posx":12,"posy":3,"amount":400},{"posx":8,"posy":6,"amount":350},{"posx":19,"posy":6,"amount":300},{"posx":14,"posy":7,"amount":600},{"posx":17,"posy":8,"amount":600},{"posx":18,"posy":8,"amount":100}],"changedObstacles":[]},{"players":[{"playerId":5588,"score":2025,"energy":15,"posx":0,"posy":0,"lastAction":5,"status":0},{"playerId":2268490,"score":2600,"energy":19,"posx":8,"posy":5,"lastAction":3,"status":0},{"playerId":2287533,"score":1475,"energy":-4,"posx":2,"posy":5,"lastAction":6,"status":2}],"golds":[{"posx":0,"posy":0,"amount":50},{"posx":8,"posy":1,"amount":150},{"posx":19,"posy":1,"amount":150},{"posx":12,"posy":3,"amount":400},{"posx":8,"posy":6,"amount":350},{"posx":19,"posy":6,"amount":300},{"posx":14,"posy":7,"amount":600},{"posx":17,"posy":8,"amount":600},{"posx":18,"posy":8,"amount":100}],"changedObstacles":[]},{"players":[{"playerId":5588,"score":2075,"energy":10,"posx":0,"posy":0,"lastAction":5,"status":0},{"playerId":2268490,"score":2600,"energy":15,"posx":8,"posy":6,"lastAction":3,"status":0},{"playerId":2287533,"score":1475,"energy":-4,"posx":2,"posy":5,"lastAction":6,"status":2}],"golds":[{"posx":8,"posy":1,"amount":150},{"posx":19,"posy":1,"amount":150},{"posx":12,"posy":3,"amount":400},{"posx":8,"posy":6,"amount":350},{"posx":19,"posy":6,"amount":300},{"posx":14,"posy":7,"amount":600},{"posx":17,"posy":8,"amount":600},{"posx":18,"posy":8,"amount":100}],"changedObstacles":[{"type":0,"posx":0,"posy":0,"value":-1}]},{"players":[{"playerId":5588,"score":2075,"energy":22,"posx":0,"posy":0,"lastAction":4,"status":0},{"playerId":2268490,"score":2650,"energy":10,"posx":8,"posy":6,"lastAction":5,"status":0},{"playerId":2287533,"score":1475,"energy":-4,"posx":2,"posy":5,"lastAction":6,"status":2}],"golds":[{"posx":8,"posy":1,"amount":150},{"posx":19,"posy":1,"amount":150},{"posx":12,"posy":3,"amount":400},{"posx":8,"posy":6,"amount":300},{"posx":19,"posy":6,"amount":300},{"posx":14,"posy":7,"amount":600},{"posx":17,"posy":8,"amount":600},{"posx":18,"posy":8,"amount":100}],"changedObstacles":[]},{"players":[{"playerId":5588,"score":2075,"energy":21,"posx":0,"posy":1,"lastAction":3,"status":0},{"playerId":2268490,"score":2650,"energy":22,"posx":8,"posy":6,"lastAction":4,"status":0},{"playerId":2287533,"score":1475,"energy":-4,"posx":2,"posy":5,"lastAction":6,"status":2}],"golds":[{"posx":8,"posy":1,"amount":150},{"posx":19,"posy":1,"amount":150},{"posx":12,"posy":3,"amount":400},{"posx":8,"posy":6,"amount":300},{"posx":19,"posy":6,"amount":300},{"posx":14,"posy":7,"amount":600},{"posx":17,"posy":8,"amount":600},{"posx":18,"posy":8,"amount":100}],"changedObstacles":[]}]