[{"players":[{"playerId":5588,"score":0,"energy":49,"posx":4,"posy":1,"lastAction":0,"status":0},{"playerId":2299591,"score":0,"energy":49,"posx":4,"posy":1,"lastAction":0,"status":0},{"playerId":2583616,"score":0,"energy":49,"posx":4,"posy":1,"lastAction":0,"status":0},{"playerId":69695,"score":0,"energy":40,"posx":5,"posy":0,"lastAction":2,"status":0}],"golds":[{"posx":19,"posy":6,"amount":300},{"posx":1,"posy":5,"amount":500},{"posx":4,"posy":0,"amount":600},{"posx":8,"posy":1,"amount":150},{"posx":14,"posy":7,"amount":600},{"posx":0,"posy":0,"amount":650},{"posx":3,"posy":7,"amount":650},{"posx":2,"posy":4,"amount":650},{"posx":7,"posy":4,"amount":50},{"posx":4,"posy":3,"amount":500},{"posx":19,"posy":1,"amount":150},{"posx":8,"posy":3,"amount":350},{"posx":12,"posy":3,"amount":400},{"posx":2,"posy":8,"amount":250},{"posx":17,"posy":8,"amount":600},{"posx":8,"posy":6,"amount":350},{"posx":18,"posy":8,"amount":100},{"posx":2,"posy":3,"amount":650},{"posx":4,"posy":4,"amount":550},{"posx":3,"posy":5,"amount":750}],"changedObstacles":[{"type":0,"posx":5,"posy":0,"value":-1}]},{"players":[{"playerId":5588,"score":0,"energy":45,"posx":4,"posy":0,"lastAction":2,"status":0},{"playerId":2299591,"score":0,"energy":45,"posx":4,"posy":0,"lastAction":2,"status":0},{"playerId":2583616,"score":0,"energy":44,"posx":3,"posy":1,"lastAction":0,"status":0},{"playerId":69695,"score":0,"energy":36,"posx":4,"posy":0,"lastAction":0,"status":0}],"golds":[{"posx":19,"posy":6,"amount":300},{"posx":1,"posy":5,"amount":500},{"posx":4,"posy":0,"amount":600},{"posx":8,"posy":1,"amount":150},{"posx":14,"posy":7,"amount":600},{"posx":0,"posy":0,"amount":650},{"posx":3,"posy":7,"amount":650},{"posx":2,"posy":4,"amount":650},{"posx":7,"posy":4,"amount":50},{"posx":4,"posy":3,"amount":500},{"posx":19,"posy":1,"amount":150},{"posx":8,"posy":3,"amount":350},{"posx":12,"posy":3,"amount":400},{"posx":2,"posy":8,"amount":250},{"posx":17,"posy":8,"amount":600},{"posx":8,"posy":6,"amount":350},{"posx":18,"posy":8,"amount":100},{"posx":2,"posy":3,"amount":650},{"posx":4,"posy":4,"amount":550},{"posx":3,"posy":5,"amount":750}],"changedObstacles":[{"type":3,"posx":3,"posy":1,"value":-20}]},{"players":[{"playerId":5588,"score":50,"energy":40,"posx":4,"posy":0,"lastAction":5,"status":0},{"playerId":2299591,"score":50,"energy":40,"posx":4,"posy":0,"lastAction":5,"status":0},{"playerId":2583616,"score":0,"energy":43,"posx":3,"posy":2,"lastAction":3,"status":0},{"playerId":69695,"score":50,"energy":31,"posx":4,"posy":0,"lastAction":5,"status":0}],"golds":[{"posx":0,"posy":0,"amount":650},{"posx":4,"posy":0,"amount":450},{"posx":8,"posy":1,"amount":150},{"posx":19,"posy":1,"amount":150},{"posx":2,"posy":3,"amount":650},{"posx":4,"posy":3,"amount":500},{"posx":8,"posy":3,"amount":350},{"posx":12,"posy":3,"amount":400},{"posx":2,"posy":4,"amount":650},{"posx":4,"posy":4,"amount":550},{"posx":7,"posy":4,"amount":50},{"posx":1,"posy":5,"amount":500},{"posx":3,"posy":5,"amount":750},{"posx":8,"posy":6,"amount":350},{"posx":19,"posy":6,"amount":300},{"posx":3,"posy":7,"amount":650},{"posx":14,"posy":7,"amount":600},{"posx":2,"posy":8,"amount":250},{"posx":17,"posy":8,"amount":600},{"posx":18,"posy":8,"amount":100}],"changedObstacles":[]},{"players":[{"playerId":5588,"score":100,"energy":35,"posx":4,"posy":0,"lastAction":5,"status":0},{"playerId":2299591,"score":100,"energy":35,"posx":4,"posy":0,"lastAction":5,"status":0},{"playerId":2583616,"score":0,"energy":38,"posx":3,"posy":3,"lastAction":3,"status":0},{"playerId":69695,"score":100,"energy":26,"posx":4,"posy":0,"lastAction":5,"status":0}],"golds":[{"posx":0,"posy":0,"amount":650},{"posx":4,"posy":0,"amount":300},{"posx":8,"posy":1,"amount":150},{"posx":19,"posy":1,"amount":150},{"posx":2,"posy":3,"amount":650},{"posx":4,"posy":3,"amount":500},{"posx":8,"posy":3,"amount":350},{"posx":12,"posy":3,"amount":400},{"posx":2,"posy":4,"amount":650},{"posx":4,"posy":4,"amount":550},{"posx":7,"posy":4,"amount":50},{"posx":1,"posy":5,"amount":500},{"posx":3,"posy":5,"amount":750},{"posx":8,"posy":6,"amount":350},{"posx":19,"posy":6,"amount":300},{"posx":3,"posy":7,"amount":650},{"posx":14,"posy":7,"amount":600},{"posx":2,"posy":8,"amount":250},{"posx":17,"posy":8,"amount":600},{"posx":18,"posy":8,"amount":100}],"changedObstacles":[{"type":3,"posx":3,"posy":3,"value":-20}]},{"players":[{"playerId":5588,"score":150,"energy":30,"posx":4,"posy":0,"lastAction":5,"status":0},{"playerId":2299591,"score":150,"energy":30,"posx":4,"posy":0,"lastAction":5,"status":0},{"playerId":2583616,"score":0,"energy":34,"posx":2,"posy":3,"lastAction":0,"status":0},{"playerId":69695,"score":150,"energy":21,"posx":4,"posy":0,"lastAction":5,"status":0}],"golds":[{"posx":0,"posy":0,"amount":650},{"posx":4,"posy":0,"amount":150},{"posx":8,"posy":1,"amount":150},{"posx":19,"posy":1,"amount":150},{"posx":2,"posy":3,"amount":650},{"posx":4,"posy":3,"amount":500},{"posx":8,"posy":3,"amount":350},{"posx":12,"posy":3,"amount":400},{"posx":2,"posy":4,"amount":650},{"posx":4,"posy":4,"amount":550},{"posx":7,"posy":4,"amount":50},{"posx":1,"posy":5,"amount":500},{"posx":3,"posy":5,"amount":750},{"posx":8,"posy":6,"amount":350},{"posx":19,"posy":6,"amount":300},{"posx":3,"posy":7,"amount":650},{"posx":14,"posy":7,"amount":600},{"posx":2,"posy":8,"amount":250},{"posx":17,"posy":8,"amount":600},{"posx":18,"posy":8,"amount":100}],"changedObstacles":[]},{"players":[{"playerId":5588,"score":200,"energy":25,"posx":4,"posy":0,"lastAction":5,"status":0},{"playerId":2299591,"score":200,"energy":25,"posx":4,"posy":0,"lastAction":5,"status":0},{"playerId":2583616,"score":50,"energy":29,"posx":2,"posy":3,"lastAction":5,"status":0},{"playerId":69695,"score":200,"energy":16,"posx":4,"posy":0,"lastAction":5,"status":0}],"golds":[{"posx":0,"posy":0,"amount":650},{"posx":8,"posy":1,"amount":150},{"posx":19,"posy":1,"amount":150},{"posx":2,"posy":3,"amount":600},{"posx":4,"posy":3,"amount":500},{"posx":8,"posy":3,"amount":350},{"posx":12,"posy":3,"amount":400},{"posx":2,"posy":4,"amount":650},{"posx":4,"posy":4,"amount":550},{"posx":7,"posy":4,"amount":50},{"posx":1,"posy":5,"amount":500},{"posx":3,"posy":5,"amount":750},{"posx":8,"posy":6,"amount":350},{"posx":19,"posy":6,"amount":300},{"posx":3,"posy":7,"amount":650},{"posx":14,"posy":7,"amount":600},{"posx":2,"posy":8,"amount":250},{"posx":17,"posy":8,"amount":600},{"posx":18,"posy":8,"amount":100}],"changedObstacles":[{"type":0,"posx":4,"posy":0,"value":-1}]},{"players":[{"playerId":5588,"score":200,"energy":24,"posx":4,"posy":1,"lastAction":3,"status":0},{"playerId":2299591,"score":200,"energy":24,"posx":4,"posy":1,"lastAction":3,"status":0},{"playerId":2583616,"score":100,"energy":24,"posx":2,"posy":3,"lastAction":5,"status":0},{"playerId":69695,"score":200,"energy":15,"posx":4,"posy":1,"lastAction":3,"status":0}],"golds":[{"posx":0,"posy":0,"amount":650},{"posx":8,"posy":1,"amount":150},{"posx":19,"posy":1,"amount":150},{"posx":2,"posy":3,"amount":550},{"posx":4,"posy":3,"amount":500},{"posx":8,"posy":3,"amount":350},{"posx":12,"posy":3,"amount":400},{"posx":2,"posy":4,"amount":650},{"posx":4,"posy":4,"amount":550},{"posx":7,"posy":4,"amount":50},{"posx":1,"posy":5,"amount":500},{"posx":3,"posy":5,"amount":750},{"posx":8,"posy":6,"amount":350},{"posx":19,"posy":6,"amount":300},{"posx":3,"posy":7,"amount":650},{"posx":14,"posy":7,"amount":600},{"posx":2,"posy":8,"amount":250},{"posx":17,"posy":8,"amount":600},{"posx":18,"posy":8,"amount":100}],"changedObstacles":[]},{"players":[{"playerId":5588,"score":200,"energy":14,"posx":4,"posy":2,"lastAction":3,"status":0},{"playerId":2299591,"score":200,"energy":14,"posx":4,"posy":2,"lastAction":3,"status":0},{"playerId":2583616,"score":150,"energy":19,"posx":2,"posy":3,"lastAction":5,"status":0},{"playerId":69695,"score":200,"energy":27,"posx":4,"posy":1,"lastAction":4,"status":0}],"golds":[{"posx":0,"posy":0,"amount":650},{"posx":8,"posy":1,"amount":150},{"posx":19,"posy":1,"amount":150},{"posx":2,"posy":3,"amount":500},{"posx":4,"posy":3,"amount":500},{"posx":8,"posy":3,"amount":350},{"posx":12,"posy":3,"amount":400},{"posx":2,"posy":4,"amount":650},{"posx":4,"posy":4,"amount":550},{"posx":7,"posy":4,"amount":50},{"posx":1,"posy":5,"amount":500},{"posx":3,"posy":5,"amount":750},{"posx":8,"posy":6,"amount":350},{"posx":19,"posy":6,"amount":300},{"posx":3,"posy":7,"amount":650},{"posx":14,"posy":7,"amount":600},{"posx":2,"posy":8,"amount":250},{"posx":17,"posy":8,"amount":600},{"posx":18,"posy":8,"amount":100}],"changedObstacles":[{"type":0,"posx":4,"posy":2,"value":-1}]},{"players":[{"playerId":5588,"score":200,"energy":10,"posx":4,"posy":3,"lastAction":3,"status":0},{"playerId":2299591,"score":200,"energy":26,"posx":4,"posy":2,"lastAction":4,"status":0},{"playerId":2583616,"score":200,"energy":14,"posx":2,"posy":3,"lastAction":5,"status":0},{"playerId":69695,"score":200,"energy":26,"posx":4,"posy":2,"lastAction":3,"status":0}],"golds":[{"posx":0,"posy":0,"amount":650},{"posx":8,"posy":1,"amount":150},{"posx":19,"posy":1,"amount":150},{"posx":2,"posy":3,"amount":450},{"posx":4,"posy":3,"amount":500},{"posx":8,"posy":3,"amount":350},{"posx":12,"posy":3,"amount":400},{"posx":2,"posy":4,"amount":650},{"posx":4,"posy":4,"amount":550},{"posx":7,"posy":4,"amount":50},{"posx":1,"posy":5,"amount":500},{"posx":3,"posy":5,"amount":750},{"posx":8,"posy":6,"amount":350},{"posx":19,"posy":6,"amount":300},{"posx":3,"posy":7,"amount":650},{"posx":14,"posy":7,"amount":600},{"posx":2,"posy":8,"amount":250},{"posx":17,"posy":8,"amount":600},{"posx":18,"posy":8,"amount":100}],"changedObstacles":[]},{"players":[{"playerId":5588,"score":200,"energy":22,"posx":4,"posy":3,"lastAction":4,"status":0},{"playerId":2299591,"score":200,"energy":22,"posx":4,"posy":3,"lastAction":3,"status":0},{"playerId":2583616,"score":250,"energy":9,"posx":2,"posy":3,"lastAction":5,"status":0},{"playerId":69695,"score":200,"energy":22,"posx":4,"posy":3,"lastAction":3,"status":0}],"golds":[{"posx":0,"posy":0,"amount":650},{"posx":8,"posy":1,"amount":150},{"posx":19,"posy":1,"amount":150},{"posx":2,"posy":3,"amount":400},{"posx":4,"posy":3,"amount":500},{"posx":8,"posy":3,"amount":350},{"posx":12,"posy":3,"amount":400},{"posx":2,"posy":4,"amount":650},{"posx":4,"posy":4,"amount":550},{"posx":7,"posy":4,"amount":50},{"posx":1,"posy":5,"amount":500},{"posx":3,"posy":5,"amount":750},{"posx":8,"posy":6,"amount":350},{"posx":19,"posy":6,"amount":300},{"posx":3,"posy":7,"amount":650},{"posx":14,"posy":7,"amount":600},{"posx":2,"posy":8,"amount":250},{"posx":17,"posy":8,"amount":600},{"posx":18,"posy":8,"amount":100}],"changedObstacles":[]},{"players":[{"playerId":5588,"score":250,"energy":17,"posx":4,"posy":3,"lastAction":5,"status":0},{"playerId":2299591,"score":250,"energy":17,"posx":4,"posy":3,"lastAction":5,"status":0},{"playerId":2583616,"score":300,"energy":4,"posx":2,"posy":3,"lastAction":5,"status":0},{"playerId":69695,"score":250,"energy":17,"posx":4,"posy":3,"lastAction":5,"status":0}],"golds":[{"posx":0,"posy":0,"amount":650},{"posx":8,"posy":1,"amount":150},{"posx":19,"posy":1,"amount":150},{"posx":2,"posy":3,"amount":350},{"posx":4,"posy":3,"amount":350},{"posx":8,"posy":3,"amount":350},{"posx":12,"posy":3,"amount":400},{"posx":2,"posy":4,"amount":650},{"posx":4,"posy":4,"amount":550},{"posx":7,"posy":4,"amount":50},{"posx":1,"posy":5,"amount":500},{"posx":3,"posy":5,"amount":750},{"posx":8,"posy":6,"amount":350},{"posx":19,"posy":6,"amount":300},{"posx":3,"posy":7,"amount":650},{"posx":14,"posy":7,"amount":600},{"posx":2,"posy":8,"amount":250},{"posx":17,"posy":8,"amount":600},{"posx":18,"posy":8,"amount":100}],"changedObstacles":[]},{"players":[{"playerId":5588,"score":300,"energy":12,"posx":4,"posy":3,"lastAction":5,"status":0},{"playerId":2299591,"score":300,"energy":12,"posx":4,"posy":3,"lastAction":5,"status":0},{"playerId":2583616,"score":300,"energy":16,"posx":2,"posy":3,"lastAction":4,"status":0},{"playerId":69695,"score":300,"energy":12,"posx":4,"posy":3,"lastAction":5,"status":0}],"golds":[{"posx":0,"posy":0,"amount":650},{"posx":8,"posy":1,"amount":150},{"posx":19,"posy":1,"amount":150},{"posx":2,"posy":3,"amount":350},{"posx":4,"posy":3,"amount":200},{"posx":8,"posy":3,"amount":350},{"posx":12,"posy":3,"amount":400},{"posx":2,"posy":4,"amount":650},{"posx":4,"posy":4,"amount":550},{"posx":7,"posy":4,"amount":50},{"posx":1,"posy":5,"amount":500},{"posx":3,"posy":5,"amount":750},{"posx":8,"posy":6,"amount":350},{"posx":19,"posy":6,"amount":300},{"posx":3,"posy":7,"amount":650},{"posx":14,"posy":7,"amount":600},{"posx":2,"posy":8,"amount":250},{"posx":17,"posy":8,"amount":600},{"posx":18,"posy":8,"amount":100}],"changedObstacles":[]},{"players":[{"playerId":5588,"score":350,"energy":7,"posx":4,"posy":3,"lastAction":5,"status":0},{"playerId":2299591,"score":350,"energy":7,"posx":4,"posy":3,"lastAction":5,"status":0},{"playerId":2583616,"score":300,"energy":32,"posx":2,"posy":3,"lastAction":4,"status":0},{"playerId":69695,"score":350,"energy":7,"posx":4,"posy":3,"lastAction":5,"status":0}],"golds":[{"posx":0,"posy":0,"amount":650},{"posx":8,"posy":1,"amount":150},{"posx":19,"posy":1,"amount":150},{"posx":2,"posy":3,"amount":350},{"posx":4,"posy":3,"amount":50},{"posx":8,"posy":3,"amount":350},{"posx":12,"posy":3,"amount":400},{"posx":2,"posy":4,"amount":650},{"posx":4,"posy":4,"amount":550},{"posx":7,"posy":4,"amount":50},{"posx":1,"posy":5,"amount":500},{"posx":3,"posy":5,"amount":750},{"posx":8,"posy":6,"amount":350},{"posx":19,"posy":6,"amount":300},{"posx":3,"posy":7,"amount":650},{"posx":14,"posy":7,"amount":600},{"posx":2,"posy":8,"amount":250},{"posx":17,"posy":8,"amount":600},{"posx":18,"posy":8,"amount":100}],"changedObstacles":[]},{"players":[{"playerId":5588,"score":350,"energy":19,"posx":4,"posy":3,"lastAction":4,"status":0},{"playerId":2299591,"score":375,"energy":2,"posx":4,"posy":3,"lastAction":5,"status":0},{"playerId":2583616,"score":350,"energy":27,"posx":2,"posy":3,"lastAction":5,"status":0},{"playerId":69695,"score":375,"energy":2,"posx":4,"posy":3,"lastAction":5,"status":0}],"golds":[{"posx":0,"posy":0,"amount":650},{"posx":8,"posy":1,"amount":150},{"posx":19,"posy":1,"amount":150},{"posx":2,"posy":3,"amount":300},{"posx":8,"posy":3,"amount":350},{"posx":12,"posy":3,"amount":400},{"posx":2,"posy":4,"amount":650},{"posx":4,"posy":4,"amount":550},{"posx":7,"posy":4,"amount":50},{"posx":1,"posy":5,"amount":500},{"posx":3,"posy":5,"amount":750},{"posx":8,"posy":6,"amount":350},{"posx":19,"posy":6,"amount":300},{"posx":3,"posy":7,"amount":650},{"posx":14,"posy":7,"amount":600},{"posx":2,"posy":8,"amount":250},{"posx":17,"posy":8,"amount":600},{"posx":18,"posy":8,"amount":100}],"changedObstacles":[{"type":0,"posx":4,"posy":3,"value":-1}]},{"players":[{"playerId":5588,"score":350,"energy":15,"posx":4,"posy":4,"lastAction":3,"status":0},{"playerId":2299591,"score":375,"energy":14,"posx":4,"posy":3,"lastAction":4,"status":0},{"playerId":2583616,"score":400,"energy":22,"posx":2,"posy":3,"lastAction":5,"status":0},{"playerId":69695,"score":375,"energy":14,"posx":4,"posy":3,"lastAction":4,"status":0}],"golds":[{"posx":0,"posy":0,"amount":650},{"posx":8,"posy":1,"amount":150},{"posx":19,"posy":1,"amount":150},{"posx":2,"posy":3,"amount":250},{"posx":8,"posy":3,"amount":350},{"posx":12,"posy":3,"amount":400},{"posx":2,"posy":4,"amount":650},{"posx":4,"posy":4,"amount":550},{"posx":7,"posy":4,"amount":50},{"posx":1,"posy":5,"amount":500},{"posx":3,"posy":5,"amount":750},{"posx":8,"posy":6,"amount":350},{"posx":19,"posy":6,"amount":300},{"posx":3,"posy":7,"amount":650},{"posx":14,"posy":7,"amount":600},{"posx":2,"posy":8,"amount":250},{"posx":17,"posy":8,"amount":600},{"posx":18,"posy":8,"amount":100}],"changedObstacles":[]},{"players":[{"playerId":5588,"score":400,"energy":10,"posx":4,"posy":4,"lastAction":5,"status":0},{"playerId":2299591,"score":375,"energy":30,"posx":4,"posy":3,"lastAction":4,"status":0},{"playerId":2583616,"score":450,"energy":17,"posx":2,"posy":3,"lastAction":5,"status":0},{"playerId":69695,"score":375,"energy":30,"posx":4,"posy":3,"lastAction":4,"status":0}],"golds":[{"posx":0,"posy":0,"amount":650},{"posx":8,"posy":1,"amount":150},{"posx":19,"posy":1,"amount":150},{"posx":2,"posy":3,"amount":200},{"posx":8,"posy":3,"amount":350},{"posx":12,"posy":3,"amount":400},{"posx":2,"posy":4,"amount":650},{"posx":4,"posy":4,"amount":500},{"posx":7,"posy":4,"amount":50},{"posx":1,"posy":5,"amount":500},{"posx":3,"posy":5,"amount":750},{"posx":8,"posy":6,"amount":350},{"posx":19,"posy":6,"amount":300},{"posx":3,"posy":7,"amount":650},{"posx":14,"posy":7,"amount":600},{"posx":2,"posy":8,"amount":250},{"posx":17,"posy":8,"amount":600},{"posx":18,"posy":8,"amount":100}],"changedObstacles":[]},{"players":[{"playerId":5588,"score":400,"energy":22,"posx":4,"posy":4,"lastAction":4,"status":0},{"playerId":2299591,"score":375,"energy":26,"posx":4,"posy":4,"lastAction":3,"status":0},{"playerId":2583616,"score":500,"energy":12,"posx":2,"posy":3,"lastAction":5,"status":0},{"playerId":69695,"score":375,"energy":26,"posx":4,"posy":4,"lastAction":3,"status":0}],"golds":[{"posx":0,"posy":0,"amount":650},{"posx":8,"posy":1,"amount":150},{"posx":19,"posy":1,"amount":150},{"posx":2,"posy":3,"amount":150},{"posx":8,"posy":3,"amount":350},{"posx":12,"posy":3,"amount":400},{"posx":2,"posy":4,"amount":650},{"posx":4,"posy":4,"amount":500},{"posx":7,"posy":4,"amount":50},{"posx":1,"posy":5,"amount":500},{"posx":3,"posy":5,"amount":750},{"posx":8,"posy":6,"amount":350},{"posx":19,"posy":6,"amount":300},{"posx":3,"posy":7,"amount":650},{"posx":14,"posy":7,"amount":600},{"posx":2,"posy":8,"amount":250},{"posx":17,"posy":8,"amount":600},{"posx":18,"posy":8,"amount":100}],"changedObstacles":[]},{"players":[{"playerId":5588,"score":450,"energy":17,"posx":4,"posy":4,"lastAction":5,"status":0},{"playerId":2299591,"score":425,"energy":21,"posx":4,"posy":4,"lastAction":5,"status":0},{"playerId":2583616,"score":550,"energy":7,"posx":2,"posy":3,"lastAction":5,"status":0},{"playerId":69695,"score":425,"energy":21,"posx":4,"posy":4,"lastAction":5,"status":0}],"golds":[{"posx":0,"posy":0,"amount":650},{"posx":8,"posy":1,"amount":150},{"posx":19,"posy":1,"amount":150},{"posx":2,"posy":3,"amount":100},{"posx":8,"posy":3,"amount":350},{"posx":12,"posy":3,"amount":400},{"posx":2,"posy":4,"amount":650},{"posx":4,"posy":4,"amount":350},{"posx":7,"posy":4,"amount":50},{"posx":1,"posy":5,"amount":500},{"posx":3,"posy":5,"amount":750},{"posx":8,"posy":6,"amount":350},{"posx":19,"posy":6,"amount":300},{"posx":3,"posy":7,"amount":650},{"posx":14,"posy":7,"amount":600},{"posx":2,"posy":8,"amount":250},{"posx":17,"posy":8,"amount":600},{"posx":18,"posy":8,"amount":100}],"changedObstacles":[]},{"players":[{"playerId":5588,"score":500,"energy":12,"posx":4,"posy":4,"lastAction":5,"status":0},{"playerId":2299591,"score":475,"energy":16,"posx":4,"posy":4,"lastAction":5,"status":0},{"playerId":2583616,"score":600,"energy":2,"posx":2,"posy":3,"lastAction":5,"status":0},{"playerId":69695,"score":475,"energy":16,"posx":4,"posy":4,"lastAction":5,"status":0}],"golds":[{"posx":0,"posy":0,"amount":650},{"posx":8,"posy":1,"amount":150},{"posx":19,"posy":1,"amount":150},{"posx":2,"posy":3,"amount":50},{"posx":8,"posy":3,"amount":350},{"posx":12,"posy":3,"amount":400},{"posx":2,"posy":4,"amount":650},{"posx":4,"posy":4,"amount":200},{"posx":7,"posy":4,"amount":50},{"posx":1,"posy":5,"amount":500},{"posx":3,"posy":5,"amount":750},{"posx":8,"posy":6,"amount":350},{"posx":19,"posy":6,"amount":300},{"posx":3,"posy":7,"amount":650},{"posx":14,"posy":7,"amount":600},{"posx":2,"posy":8,"amount":250},{"posx":17,"posy":8,"amount":600},{"posx":18,"posy":8,"amount":100}],"changedObstacles":[]},{"players":[{"playerId":5588,"score":550,"energy":7,"posx":4,"posy":4,"lastAction":5,"status":0},{"playerId":2299591,"score":525,"energy":11,"posx":4,"posy":4,"lastAction":5,"status":0},{"playerId":2583616,"score":600,"energy":14,"posx":2,"posy":3,"lastAction":4,"status":0},{"playerId":69695,"score":525,"energy":11,"posx":4,"posy":4,"lastAction":5,"status":0}],"golds":[{"posx":0,"posy":0,"amount":650},{"posx":8,"posy":1,"amount":150},{"posx":19,"posy":1,"amount":150},{"posx":2,"posy":3,"amount":50},{"posx":8,"posy":3,"amount":350},{"posx":12,"posy":3,"amount":400},{"posx":2,"posy":4,"amount":650},{"posx":4,"posy":4,"amount":50},{"posx":7,"posy":4,"amount":50},{"posx":1,"posy":5,"amount":500},{"posx":3,"posy":5,"amount":750},{"posx":8,"posy":6,"amount":350},{"posx":19,"posy":6,"amount":300},{"posx":3,"posy":7,"amount":650},{"posx":14,"posy":7,"amount":600},{"posx":2,"posy":8,"amount":250},{"posx":17,"posy":8,"amount":600},{"posx":18,"posy":8,"amount":100}],"changedObstacles":[]},{"players":[{"playerId":5588,"score":550,"energy":19,"posx":4,"posy":4,"lastAction":4,"status":0},{"playerId":2299591,"score":550,"energy":6,"posx":4,"posy":4,"lastAction":5,"status":0},{"playerId":2583616,"score":650,"energy":9,"posx":2,"posy":3,"lastAction":5,"status":0},{"playerId":69695,"score":550,"energy":6,"posx":4,"posy":4,"lastAction":5,"status":0}],"golds":[{"posx":0,"posy":0,"amount":650},{"posx":8,"posy":1,"amount":150},{"posx":19,"posy":1,"amount":150},{"posx":8,"posy":3,"amount":350},{"posx":12,"posy":3,"amount":400},{"posx":2,"posy":4,"amount":650},{"posx":7,"posy":4,"amount":50},{"posx":1,"posy":5,"amount":500},{"posx":3,"posy":5,"amount":750},{"posx":8,"posy":6,"amount":350},{"posx":19,"posy":6,"amount":300},{"posx":3,"posy":7,"amount":650},{"posx":14,"posy":7,"amount":600},{"posx":2,"posy":8,"amount":250},{"posx":17,"posy":8,"amount":600},{"posx":18,"posy":8,"amount":100}],"changedObstacles":[{"type":0,"posx":4,"posy":4,"value":-1},{"type":0,"posx":2,"posy":3,"value":-1}]},{"players":[{"playerId":5588,"score":550,"energy":9,"posx":4,"posy":5,"lastAction":3,"status":0},{"playerId":2299591,"score":550,"energy":18,"posx":4,"posy":4,"lastAction":4,"status":0},{"playerId":2583616,"score":650,"energy":5,"posx":2,"posy":4,"lastAction":3,"status":0},{"playerId":69695,"score":550,"energy":18,"posx":4,"posy":4,"lastAction":4,"status":0}],"golds":[{"posx":0,"posy":0,"amount":650},{"posx":8,"posy":1,"amount":150},{"posx":19,"posy":1,"amount":150},{"posx":8,"posy":3,"amount":350},{"posx":12,"posy":3,"amount":400},{"posx":2,"posy":4,"amount":650},{"posx":7,"posy":4,"amount":50},{"posx":1,"posy":5,"amount":500},{"posx":3,"posy":5,"amount":750},{"posx":8,"posy":6,"amount":350},{"posx":19,"posy":6,"amount":300},{"posx":3,"posy":7,"amount":650},{"posx":14,"posy":7,"amount":600},{"posx":2,"posy":8,"amount":250},{"posx":17,"posy":8,"amount":600},{"posx":18,"posy":8,"amount":100}],"changedObstacles":[{"type":0,"posx":4,"posy":5,"value":-1}]},{"players":[{"playerId":5588,"score":550,"energy":21,"posx":4,"posy":5,"lastAction":4,"status":0},{"playerId":2299591,"score":550,"energy":34,"posx":4,"posy":4,"lastAction":4,"status":0},{"playerId":2583616,"score":650,"energy":17,"posx":2,"posy":4,"lastAction":4,"status":0},{"playerId":69695,"score":550,"energy":17,"posx":4,"posy":5,"lastAction":3,"status":0}],"golds":[{"posx":0,"posy":0,"amount":650},{"posx":8,"posy":1,"amount":150},{"posx":19,"posy":1,"amount":150},{"posx":8,"posy":3,"amount":350},{"posx":12,"posy":3,"amount":400},{"posx":2,"posy":4,"amount":650},{"posx":7,"posy":4,"amount":50},{"posx":1,"posy":5,"amount":500},{"posx":3,"posy":5,"amount":750},{"posx":8,"posy":6,"amount":350},{"posx":19,"posy":6,"amount":300},{"posx":3,"posy":7,"amount":650},{"posx":14,"posy":7,"amount":600},{"posx":2,"posy":8,"amount":250},{"posx":17,"posy":8,"amount":600},{"posx":18,"posy":8,"amount":100}],"changedObstacles":[]},{"players":[{"playerId":5588,"score":550,"energy":17,"posx":3,"posy":5,"lastAction":0,"status":0},{"playerId":2299591,"score":550,"energy":33,"posx":4,"posy":5,"lastAction":3,"status":0},{"playerId":2583616,"score":650,"energy":33,"posx":2,"posy":4,"lastAction":4,"status":0},{"playerId":69695,"score":550,"energy":13,"posx":3,"posy":5,"lastAction":0,"status":0}],"golds":[{"posx":0,"posy":0,"amount":650},{"posx":8,"posy":1,"amount":150},{"posx":19,"posy":1,"amount":150},{"posx":8,"posy":3,"amount":350},{"posx":12,"posy":3,"amount":400},{"posx":2,"posy":4,"amount":650},{"posx":7,"posy":4,"amount":50},{"posx":1,"posy":5,"amount":500},{"posx":3,"posy":5,"amount":750},{"posx":8,"posy":6,"amount":350},{"posx":19,"posy":6,"amount":300},{"posx":3,"posy":7,"amount":650},{"posx":14,"posy":7,"amount":600},{"posx":2,"posy":8,"amount":250},{"posx":17,"posy":8,"amount":600},{"posx":18,"posy":8,"amount":100}],"changedObstacles":[]},{"players":[{"playerId":5588,"score":600,"energy":12,"posx":3,"posy":5,"lastAction":5,"status":0},{"playerId":2299591,"score":550,"energy":29,"posx":3,"posy":5,"lastAction":0,"status":0},{"playerId":2583616,"score":700,"energy":28,"posx":2,"posy":4,"lastAction":5,"status":0},{"playerId":69695,"score":600,"energy":8,"posx":3,"posy":5,"lastAction":5,"status":0}],"golds":[{"posx":0,"posy":0,"amount":650},{"posx":8,"posy":1,"amount":150},{"posx":19,"posy":1,"amount":150},{"posx":8,"posy":3,"amount":350},{"posx":12,"posy":3,"amount":400},{"posx":2,"posy":4,"amount":600},{"posx":7,"posy":4,"amount":50},{"posx":1,"posy":5,"amount":500},{"posx":3,"posy":5,"amount":650},{"posx":8,"posy":6,"amount":350},{"posx":19,"posy":6,"amount":300},{"posx":3,"posy":7,"amount":650},{"posx":14,"posy":7,"amount":600},{"posx":2,"posy":8,"amount":250},{"posx":17,"posy":8,"amount":600},{"posx":18,"posy":8,"amount":100}],"changedObstacles":[]},{"players":[{"playerId":5588,"score":650,"energy":7,"posx":3,"posy":5,"lastAction":5,"status":0},{"playerId":2299591,"score":600,"energy":24,"posx":3,"posy":5,"lastAction":5,"status":0},{"playerId":2583616,"score":750,"energy":23,"posx":2,"posy":4,"lastAction":5,"status":0},{"playerId":69695,"score":650,"energy":3,"posx":3,"posy":5,"lastAction":5,"status":0}],"golds":[{"posx":0,"posy":0,"amount":650},{"posx":8,"posy":1,"amount":150},{"posx":19,"posy":1,"amount":150},{"posx":8,"posy":3,"amount":350},{"posx":12,"posy":3,"amount":400},{"posx":2,"posy":4,"amount":550},{"posx":7,"posy":4,"amount":50},{"posx":1,"posy":5,"amount":500},{"posx":3,"posy":5,"amount":500},{"posx":8,"posy":6,"amount":350},{"posx":19,"posy":6,"amount":300},{"posx":3,"posy":7,"amount":650},{"posx":14,"posy":7,"amount":600},{"posx":2,"posy":8,"amount":250},{"posx":17,"posy":8,"amount":600},{"posx":18,"posy":8,"amount":100}],"changedObstacles":[]},{"players":[{"playerId":5588,"score":650,"energy":19,"posx":3,"posy":5,"lastAction":4,"status":0},{"playerId":2299591,"score":650,"energy":19,"posx":3,"posy":5,"lastAction":5,"status":0},{"playerId":2583616,"score":800,"energy":18,"posx":2,"posy":4,"lastAction":5,"status":0},{"playerId":69695,"score":650,"energy":15,"posx":3,"posy":5,"lastAction":4,"status":0}],"golds":[{"posx":0,"posy":0,"amount":650},{"posx":8,"posy":1,"amount":150},{"posx":19,"posy":1,"amount":150},{"posx":8,"posy":3,"amount":350},{"posx":12,"posy":3,"amount":400},{"posx":2,"posy":4,"amount":500},{"posx":7,"posy":4,"amount":50},{"posx":1,"posy":5,"amount":500},{"posx":3,"posy":5,"amount":450},{"posx":8,"posy":6,"amount":350},{"posx":19,"posy":6,"amount":300},{"posx":3,"posy":7,"amount":650},{"posx":14,"posy":7,"amount":600},{"posx":2,"posy":8,"amount":250},{"posx":17,"posy":8,"amount":600},{"posx":18,"posy":8,"amount":100}],"changedObstacles":[]},{"players":[{"playerId":5588,"score":700,"energy":14,"posx":3,"posy":5,"lastAction":5,"status":0},{"playerId":2299591,"score":700,"energy":14,"posx":3,"posy":5,"lastAction":5,"status":0},{"playerId":2583616,"score":850,"energy":13,"posx":2,"posy":4,"lastAction":5,"status":0},{"playerId":69695,"score":700,"energy":10,"posx":3,"posy":5,"lastAction":5,"status":0}],"golds":[{"posx":0,"posy":0,"amount":650},{"posx":8,"posy":1,"amount":150},{"posx":19,"posy":1,"amount":150},{"posx":8,"posy":3,"amount":350},{"posx":12,"posy":3,"amount":400},{"posx":2,"posy":4,"amount":450},{"posx":7,"posy":4,"amount":50},{"posx":1,"posy":5,"amount":500},{"posx":3,"posy":5,"amount":300},{"posx":8,"posy":6,"amount":350},{"posx":19,"posy":6,"amount":300},{"posx":3,"posy":7,"amount":650},{"posx":14,"posy":7,"amount":600},{"posx":2,"posy":8,"amount":250},{"posx":17,"posy":8,"amount":600},{"posx":18,"posy":8,"amount":100}],"changedObstacles":[]},{"players":[{"playerId":5588,"score":750,"energy":9,"posx":3,"posy":5,"lastAction":5,"status":0},{"playerId":2299591,"score":750,"energy":9,"posx":3,"posy":5,"lastAction":5,"status":0},{"playerId":2583616,"score":900,"energy":8,"posx":2,"posy":4,"lastAction":5,"status":0},{"playerId":69695,"score":750,"energy":5,"posx":3,"posy":5,"lastAction":5,"status":0}],"golds":[{"posx":0,"posy":0,"amount":650},{"posx":8,"posy":1,"amount":150},{"posx":19,"posy":1,"amount":150},{"posx":8,"posy":3,"amount":350},{"posx":12,"posy":3,"amount":400},{"posx":2,"posy":4,"amount":400},{"posx":7,"posy":4,"amount":50},{"posx":1,"posy":5,"amount":500},{"posx":3,"posy":5,"amount":150},{"posx":8,"posy":6,"amount":350},{"posx":19,"posy":6,"amount":300},{"posx":3,"posy":7,"amount":650},{"posx":14,"posy":7,"amount":600},{"posx":2,"posy":8,"amount":250},{"posx":17,"posy":8,"amount":600},{"posx":18,"posy":8,"amount":100}],"changedObstacles":[]},{"players":[{"playerId":5588,"score":750,"energy":21,"posx":3,"posy":5,"lastAction":4,"status":0},{"playerId":2299591,"score":800,"energy":4,"posx":3,"posy":5,"lastAction":5,"status":0},{"playerId":2583616,"score":950,"energy":3,"posx":2,"posy":4,"lastAction":5,"status":0},{"playerId":69695,"score":750,"energy":17,"posx":3,"posy":5,"lastAction":4,"status":0}],"golds":[{"posx":0,"posy":0,"amount":650},{"posx":8,"posy":1,"amount":150},{"posx":19,"posy":1,"amount":150},{"posx":8,"posy":3,"amount":350},{"posx":12,"posy":3,"amount":400},{"posx":2,"posy":4,"amount":350},{"posx":7,"posy":4,"amount":50},{"posx":1,"posy":5,"amount":500},{"posx":3,"posy":5,"amount":100},{"posx":8,"posy":6,"amount":350},{"posx":19,"posy":6,"amount":300},{"posx":3,"posy":7,"amount":650},{"posx":14,"posy":7,"amount":600},{"posx":2,"posy":8,"amount":250},{"posx":17,"posy":8,"amount":600},{"posx":18,"posy":8,"amount":100}],"changedObstacles":[]},{"players":[{"playerId":5588,"score":800,"energy":16,"posx":3,"posy":5,"lastAction":5,"status":0},{"playerId":2299591,"score":800,"energy":16,"posx":3,"posy":5,"lastAction":4,"status":0},{"playerId":2583616,"score":950,"energy":15,"posx":2,"posy":4,"lastAction":4,"status":0},{"playerId":69695,"score":800,"energy":12,"posx":3,"posy":5,"lastAction":5,"status":0}],"golds":[{"posx":0,"posy":0,"amount":650},{"posx":8,"posy":1,"amount":150},{"posx":19,"posy":1,"amount":150},{"posx":8,"posy":3,"amount":350},{"posx":12,"posy":3,"amount":400},{"posx":2,"posy":4,"amount":350},{"posx":7,"posy":4,"amount":50},{"posx":1,"posy":5,"amount":500},{"posx":8,"posy":6,"amount":350},{"posx":19,"posy":6,"amount":300},{"posx":3,"posy":7,"amount":650},{"posx":14,"posy":7,"amount":600},{"posx":2,"posy":8,"amount":250},{"posx":17,"posy":8,"amount":600},{"posx":18,"posy":8,"amount":100}],"changedObstacles":[{"type":0,"posx":3,"posy":5,"value":-1}]},{"players":[{"playerId":5588,"score":800,"energy":11,"posx":3,"posy":4,"lastAction":2,"status":0},{"playerId":2299591,"score":800,"energy":32,"posx":3,"posy":5,"lastAction":4,"status":0},{"playerId":2583616,"score":950,"energy":31,"posx":2,"posy":4,"lastAction":4,"status":0},{"playerId":69695,"score":800,"energy":24,"posx":3,"posy":5,"lastAction":4,"status":0}],"golds":[{"posx":0,"posy":0,"amount":650},{"posx":8,"posy":1,"amount":150},{"posx":19,"posy":1,"amount":150},{"posx":8,"posy":3,"amount":350},{"posx":12,"posy":3,"amount":400},{"posx":2,"posy":4,"amount":350},{"posx":7,"posy":4,"amount":50},{"posx":1,"posy":5,"amount":500},{"posx":8,"posy":6,"amount":350},{"posx":19,"posy":6,"amount":300},{"posx":3,"posy":7,"amount":650},{"posx":14,"posy":7,"amount":600},{"posx":2,"posy":8,"amount":250},{"posx":17,"posy":8,"amount":600},{"posx":18,"posy":8,"amount":100}],"changedObstacles":[{"type":3,"posx":3,"posy":4,"value":-20}]},{"players":[{"playerId":5588,"score":800,"energy":7,"posx":2,"posy":4,"lastAction":0,"status":0},{"playerId":2299591,"score":800,"energy":27,"posx":2,"posy":5,"lastAction":0,"status":0},{"playerId":2583616,"score":1000,"energy":26,"posx":2,"posy":4,"lastAction":5,"status":0},{"playerId":69695,"score":800,"energy":23,"posx":3,"posy":6,"lastAction":3,"status":0}],"golds":[{"posx":0,"posy":0,"amount":650},{"posx":8,"posy":1,"amount":150},{"posx":19,"posy":1,"amount":150},{"posx":8,"posy":3,"amount":350},{"posx":12,"posy":3,"amount":400},{"posx":2,"posy":4,"amount":300},{"posx":7,"posy":4,"amount":50},{"posx":1,"posy":5,"amount":500},{"posx":8,"posy":6,"amount":350},{"posx":19,"posy":6,"amount":300},{"posx":3,"posy":7,"amount":650},{"posx":14,"posy":7,"amount":600},{"posx":2,"posy":8,"amount":250},{"posx":17,"posy":8,"amount":600},{"posx":18,"posy":8,"amount":100}],"changedObstacles":[{"type":3,"posx":2,"posy":5,"value":-20}]},{"players":[{"playerId":5588,"score":800,"energy":19,"posx":2,"posy":4,"lastAction":4,"status":0},{"playerId":2299591,"score":800,"energy":23,"posx":2,"posy":4,"lastAction":2,"status":0},{"playerId":2583616,"score":1050,"energy":21,"posx":2,"posy":4,"lastAction":5,"status":0},{"playerId":69695,"score":800,"energy":19,"posx":3,"posy":7,"lastAction":3,"status":0}],"golds":[{"posx":0,"posy":0,"amount":650},{"posx":8,"posy":1,"amount":150},{"posx":19,"posy":1,"amount":150},{"posx":8,"posy":3,"amount":350},{"posx":12,"posy":3,"amount":400},{"posx":2,"posy":4,"amount":250},{"posx":7,"posy":4,"amount":50},{"posx":1,"posy":5,"amount":500},{"posx":8,"posy":6,"amount":350},{"posx":19,"posy":6,"amount":300},{"posx":3,"posy":7,"amount":650},{"posx":14,"posy":7,"amount":600},{"posx":2,"posy":8,"amount":250},{"posx":17,"posy":8,"amount":600},{"posx":18,"posy":8,"amount":100}],"changedObstacles":[]},{"players":[{"playerId":5588,"score":850,"energy":14,"posx":2,"posy":4,"lastAction":5,"status":0},{"playerId":2299591,"score":850,"energy":18,"posx":2,"posy":4,"lastAction":5,"status":0},{"playerId":2583616,"score":1100,"energy":16,"posx":2,"posy":4,"lastAction":5,"status":0},{"playerId":69695,"score":850,"energy":14,"posx":3,"posy":7,"lastAction":5,"status":0}],"golds":[{"posx":0,"posy":0,"amount":650},{"posx":8,"posy":1,"amount":150},{"posx":19,"posy":1,"amount":150},{"posx":8,"posy":3,"amount":350},{"posx":12,"posy":3,"amount":400},{"posx":2,"posy":4,"amount":100},{"posx":7,"posy":4,"amount":50},{"posx":1,"posy":5,"amount":500},{"posx":8,"posy":6,"amount":350},{"posx":19,"posy":6,"amount":300},{"posx":3,"posy":7,"amount":600},{"posx":14,"posy":7,"amount":600},{"posx":2,"posy":8,"amount":250},{"posx":17,"posy":8,"amount":600},{"posx":18,"posy":8,"amount":100}],"changedObstacles":[]},{"players":[{"playerId":5588,"score":884,"energy":9,"posx":2,"posy":4,"lastAction":5,"status":0},{"playerId":2299591,"score":884,"energy":13,"posx":2,"posy":4,"lastAction":5,"status":0},{"playerId":2583616,"score":1134,"energy":11,"posx":2,"posy":4,"lastAction":5,"status":0},{"playerId":69695,"score":900,"energy":9,"posx":3,"posy":7,"lastAction":5,"status":0}],"golds":[{"posx":0,"posy":0,"amount":650},{"posx":8,"posy":1,"amount":150},{"posx":19,"posy":1,"amount":150},{"posx":8,"posy":3,"amount":350},{"posx":12,"posy":3,"amount":400},{"posx":7,"posy":4,"amount":50},{"posx":1,"posy":5,"amount":500},{"posx":8,"posy":6,"amount":350},{"posx":19,"posy":6,"amount":300},{"posx":3,"posy":7,"amount":550},{"posx":14,"posy":7,"amount":600},{"posx":2,"posy":8,"amount":250},{"posx":17,"posy":8,"amount":600},{"posx":18,"posy":8,"amount":100}],"changedObstacles":[{"type":0,"posx":2,"posy":4,"value":-1}]},{"players":[{"playerId":5588,"score":884,"energy":21,"posx":2,"posy":4,"lastAction":4,"status":0},{"playerId":2299591,"score":884,"energy":25,"posx":2,"posy":4,"lastAction":4,"status":0},{"playerId":2583616,"score":1134,"energy":10,"posx":2,"posy":3,"lastAction":2,"status":0},{"playerId":69695,"score":950,"energy":4,"posx":3,"posy":7,"lastAction":5,"status":0}],"golds":[{"posx":0,"posy":0,"amount":650},{"posx":8,"posy":1,"amount":150},{"posx":19,"posy":1,"amount":150},{"posx":8,"posy":3,"amount":350},{"posx":12,"posy":3,"amount":400},{"posx":7,"posy":4,"amount":50},{"posx":1,"posy":5,"amount":500},{"posx":8,"posy":6,"amount":350},{"posx":19,"posy":6,"amount":300},{"posx":3,"posy":7,"amount":500},{"posx":14,"posy":7,"amount":600},{"posx":2,"posy":8,"amount":250},{"posx":17,"posy":8,"amount":600},{"posx":18,"posy":8,"amount":100}],"changedObstacles":[]},{"players":[{"playerId":5588,"score":884,"energy":37,"posx":2,"posy":4,"lastAction":4,"status":0},{"playerId":2299591,"score":884,"energy":24,"posx":1,"posy":4,"lastAction":0,"status":0},{"playerId":2583616,"score":1134,"energy":9,"posx":1,"posy":3,"lastAction":0,"status":0},{"playerId":69695,"score":950,"energy":16,"posx":3,"posy":7,"lastAction":4,"status":0}],"golds":[{"posx":0,"posy":0,"amount":650},{"posx":8,"posy":1,"amount":150},{"posx":19,"posy":1,"amount":150},{"posx":8,"posy":3,"amount":350},{"posx":12,"posy":3,"amount":400},{"posx":7,"posy":4,"amount":50},{"posx":1,"posy":5,"amount":500},{"posx":8,"posy":6,"amount":350},{"posx":19,"posy":6,"amount":300},{"posx":3,"posy":7,"amount":500},{"posx":14,"posy":7,"amount":600},{"posx":2,"posy":8,"amount":250},{"posx":17,"posy":8,"amount":600},{"posx":18,"posy":8,"amount":100}],"changedObstacles":[]},{"players":[{"playerId":5588,"score":884,"energy":17,"posx":2,"posy":5,"lastAction":3,"status":0},{"playerId":2299591,"score":884,"energy":20,"posx":1,"posy":5,"lastAction":3,"status":0},{"playerId":2583616,"score":1134,"energy":21,"posx":1,"posy":3,"lastAction":4,"status":0},{"playerId":69695,"score":1000,"energy":11,"posx":3,"posy":7,"lastAction":5,"status":0}],"golds":[{"posx":0,"posy":0,"amount":650},{"posx":8,"posy":1,"amount":150},{"posx":19,"posy":1,"amount":150},{"posx":8,"posy":3,"amount":350},{"posx":12,"posy":3,"amount":400},{"posx":7,"posy":4,"amount":50},{"posx":1,"posy":5,"amount":500},{"posx":8,"posy":6,"amount":350},{"posx":19,"posy":6,"amount":300},{"posx":3,"posy":7,"amount":450},{"posx":14,"posy":7,"amount":600},{"posx":2,"posy":8,"amount":250},{"posx":17,"posy":8,"amount":600},{"posx":18,"posy":8,"amount":100}],"changedObstacles":[{"type":3,"posx":2,"posy":5,"value":-40}]},{"players":[{"playerId":5588,"score":884,"energy":13,"posx":1,"posy":5,"lastAction":0,"status":0},{"playerId":2299591,"score":934,"energy":15,"posx":1,"posy":5,"lastAction":5,"status":0},{"playerId":2583616,"score":1134,"energy":8,"posx":1,"posy":2,"lastAction":2,"status":0},{"playerId":69695,"score":1050,"energy":6,"posx":3,"posy":7,"lastAction":5,"status":0}],"golds":[{"posx":0,"posy":0,"amount":650},{"posx":8,"posy":1,"amount":150},{"posx":19,"posy":1,"amount":150},{"posx":8,"posy":3,"amount":350},{"posx":12,"posy":3,"amount":400},{"posx":7,"posy":4,"amount":50},{"posx":1,"posy":5,"amount":450},{"posx":8,"posy":6,"amount":350},{"posx":19,"posy":6,"amount":300},{"posx":3,"posy":7,"amount":400},{"posx":14,"posy":7,"amount":600},{"posx":2,"posy":8,"amount":250},{"posx":17,"posy":8,"amount":600},{"posx":18,"posy":8,"amount":100}],"changedObstacles":[]},{"players":[{"playerId":5588,"score":934,"energy":8,"posx":1,"posy":5,"lastAction":5,"status":0},{"playerId":2299591,"score":984,"energy":10,"posx":1,"posy":5,"lastAction":5,"status":0},{"playerId":2583616,"score":1134,"energy":7,"posx":1,"posy":1,"lastAction":2,"status":0},{"playerId":69695,"score":1100,"energy":1,"posx":3,"posy":7,"lastAction":5,"status":0}],"golds":[{"posx":0,"posy":0,"amount":650},{"posx":8,"posy":1,"amount":150},{"posx":19,"posy":1,"amount":150},{"posx":8,"posy":3,"amount":350},{"posx":12,"posy":3,"amount":400},{"posx":7,"posy":4,"amount":50},{"posx":1,"posy":5,"amount":350},{"posx":8,"posy":6,"amount":350},{"posx":19,"posy":6,"amount":300},{"posx":3,"posy":7,"amount":350},{"posx":14,"posy":7,"amount":600},{"posx":2,"posy":8,"amount":250},{"posx":17,"posy":8,"amount":600},{"posx":18,"posy":8,"amount":100}],"changedObstacles":[]},{"players":[{"playerId":5588,"score":934,"energy":20,"posx":1,"posy":5,"lastAction":4,"status":0},{"playerId":2299591,"score":1034,"energy":5,"posx":1,"posy":5,"lastAction":5,"status":0},{"playerId":2583616,"score":1134,"energy":6,"posx":0,"posy":1,"lastAction":0,"status":0},{"playerId":69695,"score":1100,"energy":13,"posx":3,"posy":7,"lastAction":4,"status":0}],"golds":[{"posx":0,"posy":0,"amount":650},{"posx":8,"posy":1,"amount":150},{"posx":19,"posy":1,"amount":150},{"posx":8,"posy":3,"amount":350},{"posx":12,"posy":3,"amount":400},{"posx":7,"posy":4,"amount":50},{"posx":1,"posy":5,"amount":300},{"posx":8,"posy":6,"amount":350},{"posx":19,"posy":6,"amount":300},{"posx":3,"posy":7,"amount":350},{"posx":14,"posy":7,"amount":600},{"posx":2,"posy":8,"amount":250},{"posx":17,"posy":8,"amount":600},{"posx":18,"posy":8,"amount":100}],"changedObstacles":[]},{"players":[{"playerId":5588,"score":984,"energy":15,"posx":1,"posy":5,"lastAction":5,"status":0},{"playerId":2299591,"score":1034,"energy":17,"posx":1,"posy":5,"lastAction":4,"status":0},{"playerId":2583616,"score":1134,"energy":2,"posx":0,"posy":0,"lastAction":2,"status":0},{"playerId":69695,"score":1150,"energy":8,"posx":3,"posy":7,"lastAction":5,"status":0}],"golds":[{"posx":0,"posy":0,"amount":650},{"posx":8,"posy":1,"amount":150},{"posx":19,"posy":1,"amount":150},{"posx":8,"posy":3,"amount":350},{"posx":12,"posy":3,"amount":400},{"posx":7,"posy":4,"amount":50},{"posx":1,"posy":5,"amount":250},{"posx":8,"posy":6,"amount":350},{"posx":19,"posy":6,"amount":300},{"posx":3,"posy":7,"amount":300},{"posx":14,"posy":7,"amount":600},{"posx":2,"posy":8,"amount":250},{"posx":17,"posy":8,"amount":600},{"posx":18,"posy":8,"amount":100}],"changedObstacles":[]},{"players":[{"playerId":5588,"score":1034,"energy":10,"posx":1,"posy":5,"lastAction":5,"status":0},{"playerId":2299591,"score":1084,"energy":12,"posx":1,"posy":5,"lastAction":5,"status":0},{"playerId":2583616,"score":1134,"energy":14,"posx":0,"posy":0,"lastAction":4,"status":0},{"playerId":69695,"score":1200,"energy":3,"posx":3,"posy":7,"lastAction":5,"status":0}],"golds":[{"posx":0,"posy":0,"amount":650},{"posx":8,"posy":1,"amount":150},{"posx":19,"posy":1,"amount":150},{"posx":8,"posy":3,"amount":350},{"posx":12,"posy":3,"amount":400},{"posx":7,"posy":4,"amount":50},{"posx":1,"posy":5,"amount":150},{"posx":8,"posy":6,"amount":350},{"posx":19,"posy":6,"amount":300},{"posx":3,"posy":7,"amount":250},{"posx":14,"posy":7,"amount":600},{"posx":2,"posy":8,"amount":250},{"posx":17,"posy":8,"amount":600},{"posx":18,"posy":8,"amount":100}],"changedObstacles":[]},{"players":[{"playerId":5588,"score":1034,"energy":22,"posx":1,"posy":5,"lastAction":4,"status":0},{"playerId":2299591,"score":1134,"energy":7,"posx":1,"posy":5,"lastAction":5,"status":0},{"playerId":2583616,"score":1134,"energy":30,"posx":0,"posy":0,"lastAction":4,"status":0},{"playerId":69695,"score":1200,"energy":15,"posx":3,"posy":7,"lastAction":4,"status":0}],"golds":[{"posx":0,"posy":0,"amount":650},{"posx":8,"posy":1,"amount":150},{"posx":19,"posy":1,"amount":150},{"posx":8,"posy":3,"amount":350},{"posx":12,"posy":3,"amount":400},{"posx":7,"posy":4,"amount":50},{"posx":1,"posy":5,"amount":100},{"posx":8,"posy":6,"amount":350},{"posx":19,"posy":6,"amount":300},{"posx":3,"posy":7,"amount":250},{"posx":14,"posy":7,"amount":600},{"posx":2,"posy":8,"amount":250},{"posx":17,"posy":8,"amount":600},{"posx":18,"posy":8,"amount":100}],"changedObstacles":[]},{"players":[{"playerId":5588,"score":1084,"energy":17,"posx":1,"posy":5,"lastAction":5,"status":0},{"playerId":2299591,"score":1184,"energy":2,"posx":1,"posy":5,"lastAction":5,"status":0},{"playerId":2583616,"score":1184,"energy":25,"posx":0,"posy":0,"lastAction":5,"status":0},{"playerId":69695,"score":1250,"energy":10,"posx":3,"posy":7,"lastAction":5,"status":0}],"golds":[{"posx":0,"posy":0,"amount":600},{"posx":8,"posy":1,"amount":150},{"posx":19,"posy":1,"amount":150},{"posx":8,"posy":3,"amount":350},{"posx":12,"posy":3,"amount":400},{"posx":7,"posy":4,"amount":50},{"posx":8,"posy":6,"amount":350},{"posx":19,"posy":6,"amount":300},{"posx":3,"posy":7,"amount":200},{"posx":14,"posy":7,"amount":600},{"posx":2,"posy":8,"amount":250},{"posx":17,"posy":8,"amount":600},{"posx":18,"posy":8,"amount":100}],"changedObstacles":[{"type":0,"posx":1,"posy":5,"value":-1}]},{"players":[{"playerId":5588,"score":1084,"energy":29,"posx":1,"posy":5,"lastAction":4,"status":0},{"playerId":2299591,"score":1184,"energy":14,"posx":1,"posy":5,"lastAction":4,"status":0},{"playerId":2583616,"score":1234,"energy":20,"posx":0,"posy":0,"lastAction":5,"status":0},{"playerId":69695,"score":1300,"energy":5,"posx":3,"posy":7,"lastAction":5,"status":0}],"golds":[{"posx":0,"posy":0,"amount":550},{"posx":8,"posy":1,"amount":150},{"posx":19,"posy":1,"amount":150},{"posx":8,"posy":3,"amount":350},{"posx":12,"posy":3,"amount":400},{"posx":7,"posy":4,"amount":50},{"posx":8,"posy":6,"amount":350},{"posx":19,"posy":6,"amount":300},{"posx":3,"posy":7,"amount":150},{"posx":14,"posy":7,"amount":600},{"posx":2,"posy":8,"amount":250},{"posx":17,"posy":8,"amount":600},{"posx":18,"posy":8,"amount":100}],"changedObstacles":[]},{"players":[{"playerId":5588,"score":1084,"energy":45,"posx":1,"posy":5,"lastAction":4,"status":0},{"playerId":2299591,"score":1184,"energy":30,"posx":1,"posy":5,"lastAction":4,"status":0},{"playerId":2583616,"score":1284,"energy":15,"posx":0,"posy":0,"lastAction":5,"status":0},{"playerId":69695,"score":1300,"energy":17,"posx":3,"posy":7,"lastAction":4,"status":0}],"golds":[{"posx":0,"posy":0,"amount":500},{"posx":8,"posy":1,"amount":150},{"posx":19,"posy":1,"amount":150},{"posx":8,"posy":3,"amount":350},{"posx":12,"posy":3,"amount":400},{"posx":7,"posy":4,"amount":50},{"posx":8,"posy":6,"amount":350},{"posx":19,"posy":6,"amount":300},{"posx":3,"posy":7,"amount":150},{"posx":14,"posy":7,"amount":600},{"posx":2,"posy":8,"amount":250},{"posx":17,"posy":8,"amount":600},{"posx":18,"posy":8,"amount":100}],"changedObstacles":[]},{"players":[{"playerId":5588,"score":1084,"energy":50,"posx":1,"posy":5,"lastAction":4,"status":0},{"playerId":2299591,"score":1184,"energy":29,"posx":1,"posy":4,"lastAction":2,"status":0},{"playerId":2583616,"score":1334,"energy":10,"posx":0,"posy":0,"lastAction":5,"status":0},{"playerId":69695,"score":1350,"energy":12,"posx":3,"posy":7,"lastAction":5,"status":0}],"golds":[{"posx":0,"posy":0,"amount":450},{"posx":8,"posy":1,"amount":150},{"posx":19,"posy":1,"amount":150},{"posx":8,"posy":3,"amount":350},{"posx":12,"posy":3,"amount":400},{"posx":7,"posy":4,"amount":50},{"posx":8,"posy":6,"amount":350},{"posx":19,"posy":6,"amount":300},{"posx":3,"posy":7,"amount":100},{"posx":14,"posy":7,"amount":600},{"posx":2,"posy":8,"amount":250},{"posx":17,"posy":8,"amount":600},{"posx":18,"posy":8,"amount":100}],"changedObstacles":[]},{"players":[{"playerId":5588,"score":1084,"energy":10,"posx":2,"posy":5,"lastAction":1,"status":0},{"playerId":2299591,"score":1184,"energy":28,"posx":1,"posy":3,"lastAction":2,"status":0},{"playerId":2583616,"score":1384,"energy":5,"posx":0,"posy":0,"lastAction":5,"status":0},{"playerId":69695,"score":1400,"energy":7,"posx":3,"posy":7,"lastAction":5,"status":0}],"golds":[{"posx":0,"posy":0,"amount":400},{"posx":8,"posy":1,"amount":150},{"posx":19,"posy":1,"amount":150},{"posx":8,"posy":3,"amount":350},{"posx":12,"posy":3,"amount":400},{"posx":7,"posy":4,"amount":50},{"posx":8,"posy":6,"amount":350},{"posx":19,"posy":6,"amount":300},{"posx":3,"posy":7,"amount":50},{"posx":14,"posy":7,"amount":600},{"posx":2,"posy":8,"amount":250},{"posx":17,"posy":8,"amount":600},{"posx":18,"posy":8,"amount":100}],"changedObstacles":[{"type":3,"posx":2,"posy":5,"value":-100}]},{"players":[{"playerId":5588,"score":1084,"energy":22,"posx":2,"posy":5,"lastAction":4,"status":0},{"playerId":2299591,"score":1184,"energy":27,"posx":2,"posy":3,"lastAction":1,"status":0},{"playerId":2583616,"score":1384,"energy":17,"posx":0,"posy":0,"lastAction":4,"status":0},{"playerId":69695,"score":1450,"energy":2,"posx":3,"posy":7,"lastAction":5,"status":0}],"golds":[{"posx":0,"posy":0,"amount":400},{"posx":8,"posy":1,"amount":150},{"posx":19,"posy":1,"amount":150},{"posx":8,"posy":3,"amount":350},{"posx":12,"posy":3,"amount":400},{"posx":7,"posy":4,"amount":50},{"posx":8,"posy":6,"amount":350},{"posx":19,"posy":6,"amount":300},{"posx":14,"posy":7,"amount":600},{"posx":2,"posy":8,"amount":250},{"posx":17,"posy":8,"amount":600},{"posx":18,"posy":8,"amount":100}],"changedObstacles":[{"type":0,"posx":3,"posy":7,"value":-1}]},{"players":[{"playerId":5588,"score":1084,"energy":38,"posx":2,"posy":5,"lastAction":4,"status":0},{"playerId":2299591,"score":1184,"energy":22,"posx":2,"posy":2,"lastAction":2,"status":0},{"playerId":2583616,"score":1384,"energy":33,"posx":0,"posy":0,"lastAction":4,"status":0},{"playerId":69695,"score":1450,"energy":14,"posx":3,"posy":7,"lastAction":4,"status":0}],"golds":[{"posx":0,"posy":0,"amount":400},{"posx":8,"posy":1,"amount":150},{"posx":19,"posy":1,"amount":150},{"posx":8,"posy":3,"amount":350},{"posx":12,"posy":3,"amount":400},{"posx":7,"posy":4,"amount":50},{"posx":8,"posy":6,"amount":350},{"posx":19,"posy":6,"amount":300},{"posx":14,"posy":7,"amount":600},{"posx":2,"posy":8,"amount":250},{"posx":17,"posy":8,"amount":600},{"posx":18,"posy":8,"amount":100}],"changedObstacles":[{"type":3,"posx":2,"posy":2,"value":-20}]},{"players":[{"playerId":5588,"score":1084,"energy":29,"posx":2,"posy":6,"lastAction":3,"status":0},{"playerId":2299591,"score":1184,"energy":21,"posx":2,"posy":1,"lastAction":2,"status":0},{"playerId":2583616,"score":1434,"energy":28,"posx":0,"posy":0,"lastAction":5,"status":0},{"playerId":69695,"score":1450,"energy":30,"posx":3,"posy":7,"lastAction":4,"status":0}],"golds":[{"posx":0,"posy":0,"amount":350},{"posx":8,"posy":1,"amount":150},{"posx":19,"posy":1,"amount":150},{"posx":8,"posy":3,"amount":350},{"posx":12,"posy":3,"amount":400},{"posx":7,"posy":4,"amount":50},{"posx":8,"posy":6,"amount":350},{"posx":19,"posy":6,"amount":300},{"posx":14,"posy":7,"amount":600},{"posx":2,"posy":8,"amount":250},{"posx":17,"posy":8,"amount":600},{"posx":18,"posy":8,"amount":100}],"changedObstacles":[]},{"players":[{"playerId":5588,"score":1084,"energy":28,"posx":2,"posy":7,"lastAction":3,"status":0},{"playerId":2299591,"score":1184,"energy":20,"posx":1,"posy":1,"lastAction":0,"status":0},{"playerId":2583616,"score":1484,"energy":23,"posx":0,"posy":0,"lastAction":5,"status":0},{"playerId":69695,"score":1450,"energy":29,"posx":3,"posy":8,"lastAction":3,"status":0}],"golds":[{"posx":0,"posy":0,"amount":300},{"posx":8,"posy":1,"amount":150},{"posx":19,"posy":1,"amount":150},{"posx":8,"posy":3,"amount":350},{"posx":12,"posy":3,"amount":400},{"posx":7,"posy":4,"amount":50},{"posx":8,"posy":6,"amount":350},{"posx":19,"posy":6,"amount":300},{"posx":14,"posy":7,"amount":600},{"posx":2,"posy":8,"amount":250},{"posx":17,"posy":8,"amount":600},{"posx":18,"posy":8,"amount":100}],"changedObstacles":[]},{"players":[{"playerId":5588,"score":1084,"energy":24,"posx":2,"posy":8,"lastAction":3,"status":0},{"playerId":2299591,"score":1184,"energy":19,"posx":0,"posy":1,"lastAction":0,"status":0},{"playerId":2583616,"score":1534,"energy":18,"posx":0,"posy":0,"lastAction":5,"status":0},{"playerId":69695,"score":1450,"energy":25,"posx":2,"posy":8,"lastAction":0,"status":0}],"golds":[{"posx":0,"posy":0,"amount":250},{"posx":8,"posy":1,"amount":150},{"posx":19,"posy":1,"amount":150},{"posx":8,"posy":3,"amount":350},{"posx":12,"posy":3,"amount":400},{"posx":7,"posy":4,"amount":50},{"posx":8,"posy":6,"amount":350},{"posx":19,"posy":6,"amount":300},{"posx":14,"posy":7,"amount":600},{"posx":2,"posy":8,"amount":250},{"posx":17,"posy":8,"amount":600},{"posx":18,"posy":8,"amount":100}],"changedObstacles":[]},{"players":[{"playerId":5588,"score":1134,"energy":19,"posx":2,"posy":8,"lastAction":5,"status":0},{"playerId":2299591,"score":1184,"energy":31,"posx":0,"posy":1,"lastAction":4,"status":0},{"playerId":2583616,"score":1584,"energy":13,"posx":0,"posy":0,"lastAction":5,"status":0},{"playerId":69695,"score":1500,"energy":20,"posx":2,"posy":8,"lastAction":5,"status":0}],"golds":[{"posx":0,"posy":0,"amount":200},{"posx":8,"posy":1,"amount":150},{"posx":19,"posy":1,"amount":150},{"posx":8,"posy":3,"amount":350},{"posx":12,"posy":3,"amount":400},{"posx":7,"posy":4,"amount":50},{"posx":8,"posy":6,"amount":350},{"posx":19,"posy":6,"amount":300},{"posx":14,"posy":7,"amount":600},{"posx":2,"posy":8,"amount":150},{"posx":17,"posy":8,"amount":600},{"posx":18,"posy":8,"amount":100}],"changedObstacles":[]},{"players":[{"playerId":5588,"score":1184,"energy":14,"posx":2,"posy":8,"lastAction":5,"status":0},{"playerId":2299591,"score":1184,"energy":27,"posx":0,"posy":0,"lastAction":2,"status":0},{"playerId":2583616,"score":1634,"energy":8,"posx":0,"posy":0,"lastAction":5,"status":0},{"playerId":69695,"score":1550,"energy":15,"posx":2,"posy":8,"lastAction":5,"status":0}],"golds":[{"posx":0,"posy":0,"amount":150},{"posx":8,"posy":1,"amount":150},{"posx":19,"posy":1,"amount":150},{"posx":8,"posy":3,"amount":350},{"posx":12,"posy":3,"amount":400},{"posx":7,"posy":4,"amount":50},{"posx":8,"posy":6,"amount":350},{"posx":19,"posy":6,"amount":300},{"posx":14,"posy":7,"amount":600},{"posx":2,"posy":8,"amount":50},{"posx":17,"posy":8,"amount":600},{"posx":18,"posy":8,"amount":100}],"changedObstacles":[]},{"players":[{"playerId":5588,"score":1209,"energy":9,"posx":2,"posy":8,"lastAction":5,"status":0},{"playerId":2299591,"score":1234,"energy":22,"posx":0,"posy":0,"lastAction":5,"status":0},{"playerId":2583616,"score":1684,"energy":3,"posx":0,"posy":0,"lastAction":5,"status":0},{"playerId":69695,"score":1575,"energy":10,"posx":2,"posy":8,"lastAction":5,"status":0}],"golds":[{"posx":0,"posy":0,"amount":50},{"posx":8,"posy":1,"amount":150},{"posx":19,"posy":1,"amount":150},{"posx":8,"posy":3,"amount":350},{"posx":12,"posy":3,"amount":400},{"posx":7,"posy":4,"amount":50},{"posx":8,"posy":6,"amount":350},{"posx":19,"posy":6,"amount":300},{"posx":14,"posy":7,"amount":600},{"posx":17,"posy":8,"amount":600},{"posx":18,"posy":8,"amount":100}],"changedObstacles":[{"type":0,"posx":2,"posy":8,"value":-1}]},{"players":[{"playerId":5588,"score":1209,"energy":21,"posx":2,"posy":8,"lastAction":4,"status":0},{"playerId":2299591,"score":1284,"energy":17,"posx":0,"posy":0,"lastAction":5,"status":0},{"playerId":2583616,"score":1684,"energy":2,"posx":0,"posy":1,"lastAction":3,"status":0},{"playerId":69695,"score":1575,"energy":22,"posx":2,"posy":8,"lastAction":4,"status":0}],"golds":[{"posx":8,"posy":1,"amount":150},{"posx":19,"posy":1,"amount":150},{"posx":8,"posy":3,"amount":350},{"posx":12,"posy":3,"amount":400},{"posx":7,"posy":4,"amount":50},{"posx":8,"posy":6,"amount":350},{"posx":19,"posy":6,"amount":300},{"posx":14,"posy":7,"amount":600},{"posx":17,"posy":8,"amount":600},{"posx":18,"posy":8,"amount":100}],"changedObstacles":[{"type":0,"posx":0,"posy":0,"value":-1}]},{"players":[{"playerId":5588,"score":1209,"energy":20,"posx":3,"posy":8,"lastAction":1,"status":0},{"playerId":2299591,"score":1284,"energy":29,"posx":0,"posy":0,"lastAction":4,"status":0},{"playerId":2583616,"score":1684,"energy":1,"posx":1,"posy":1,"lastAction":1,"status":0},{"playerId":69695,"score":1575,"energy":21,"posx":2,"posy":7,"lastAction":2,"status":0}],"golds":[{"posx":8,"posy":1,"amount":150},{"posx":19,"posy":1,"amount":150},{"posx":8,"posy":3,"amount":350},{"posx":12,"posy":3,"amount":400},{"posx":7,"posy":4,"amount":50},{"posx":8,"posy":6,"amount":350},{"posx":19,"posy":6,"amount":300},{"posx":14,"posy":7,"amount":600},{"posx":17,"posy":8,"amount":600},{"posx":18,"posy":8,"amount":100}],"changedObstacles":[]},{"players":[{"playerId":5588,"score":1209,"energy":15,"posx":4,"posy":8,"lastAction":1,"status":0},{"playerId":2299591,"score":1284,"energy":28,"posx":0,"posy":1,"lastAction":3,"status":0},{"playerId":2583616,"score":1684,"energy":13,"posx":1,"posy":1,"lastAction":4,"status":0},{"playerId":69695,"score":1575,"energy":9,"posx":2,"posy":6,"lastAction":2,"status":0}],"golds":[{"posx":8,"posy":1,"amount":150},{"posx":19,"posy":1,"amount":150},{"posx":8,"posy":3,"amount":350},{"posx":12,"posy":3,"amount":400},{"posx":7,"posy":4,"amount":50},{"posx":8,"posy":6,"amount":350},{"posx":19,"posy":6,"amount":300},{"posx":14,"posy":7,"amount":600},{"posx":17,"posy":8,"amount":600},{"posx":18,"posy":8,"amount":100}],"changedObstacles":[{"type":3,"posx":4,"posy":8,"value":-20}]},{"players":[{"playerId":5588,"score":1209,"energy":14,"posx":5,"posy":8,"lastAction":1,"status":0},{"playerId":2299591,"score":1284,"energy":27,"posx":1,"posy":1,"lastAction":1,"status":0},{"playerId":2583616,"score":1684,"energy":12,"posx":2,"posy":1,"lastAction":1,"status":0},{"playerId":69695,"score":1575,"energy":21,"posx":2,"posy":6,"lastAction":4,"status":0}],"golds":[{"posx":8,"posy":1,"amount":150},{"posx":19,"posy":1,"amount":150},{"posx":8,"posy":3,"amount":350},{"posx":12,"posy":3,"amount":400},{"posx":7,"posy":4,"amount":50},{"posx":8,"posy":6,"amount":350},{"posx":19,"posy":6,"amount":300},{"posx":14,"posy":7,"amount":600},{"posx":17,"posy":8,"amount":600},{"posx":18,"posy":8,"amount":100}],"changedObstacles":[]},{"players":[{"playerId":5588,"score":1209,"energy":13,"posx":6,"posy":8,"lastAction":1,"status":0},{"playerId":2299591,"score":1284,"energy":26,"posx":2,"posy":1,"lastAction":1,"status":0},{"playerId":2583616,"score":1684,"energy":24,"posx":2,"posy":1,"lastAction":4,"status":0},{"playerId":69695,"score":1575,"energy":20,"posx":3,"posy":6,"lastAction":1,"status":0}],"golds":[{"posx":8,"posy":1,"amount":150},{"posx":19,"posy":1,"amount":150},{"posx":8,"posy":3,"amount":350},{"posx":12,"posy":3,"amount":400},{"posx":7,"posy":4,"amount":50},{"posx":8,"posy":6,"amount":350},{"posx":19,"posy":6,"amount":300},{"posx":14,"posy":7,"amount":600},{"posx":17,"posy":8,"amount":600},{"posx":18,"posy":8,"amount":100}],"changedObstacles":[]},{"players":[{"playerId":5588,"score":1209,"energy":25,"posx":6,"posy":8,"lastAction":4,"status":0},{"playerId":2299591,"score":1284,"energy":21,"posx":2,"posy":0,"lastAction":2,"status":0},{"playerId":2583616,"score":1684,"energy":4,"posx":2,"posy":2,"lastAction":3,"status":0},{"playerId":69695,"score":1575,"energy":15,"posx":4,"posy":6,"lastAction":1,"status":0}],"golds":[{"posx":8,"posy":1,"amount":150},{"posx":19,"posy":1,"amount":150},{"posx":8,"posy":3,"amount":350},{"posx":12,"posy":3,"amount":400},{"posx":7,"posy":4,"amount":50},{"posx":8,"posy":6,"amount":350},{"posx":19,"posy":6,"amount":300},{"posx":14,"posy":7,"amount":600},{"posx":17,"posy":8,"amount":600},{"posx":18,"posy":8,"amount":100}],"changedObstacles":[{"type":3,"posx":4,"posy":6,"value":-20},{"type":3,"posx":2,"posy":2,"value":-40},{"type":3,"posx":2,"posy":0,"value":-20}]},{"players":[{"playerId":5588,"score":1209,"energy":11,"posx":6,"posy":7,"lastAction":2,"status":0},{"playerId":2299591,"score":1284,"energy":20,"posx":3,"posy":0,"lastAction":1,"status":0},{"playerId":2583616,"score":1684,"energy":3,"posx":2,"posy":3,"lastAction":3,"status":0},{"playerId":69695,"score":1575,"energy":27,"posx":4,"posy":6,"lastAction":4,"status":0}],"golds":[{"posx":8,"posy":1,"amount":150},{"posx":19,"posy":1,"amount":150},{"posx":8,"posy":3,"amount":350},{"posx":12,"posy":3,"amount":400},{"posx":7,"posy":4,"amount":50},{"posx":8,"posy":6,"amount":350},{"posx":19,"posy":6,"amount":300},{"posx":14,"posy":7,"amount":600},{"posx":17,"posy":8,"amount":600},{"posx":18,"posy":8,"amount":100}],"changedObstacles":[]},{"players":[{"playerId":5588,"score":1209,"energy":10,"posx":6,"posy":6,"lastAction":2,"status":0},{"playerId":2299591,"score":1284,"energy":19,"posx":4,"posy":0,"lastAction":1,"status":0},{"playerId":2583616,"score":1684,"energy":15,"posx":2,"posy":3,"lastAction":4,"status":0},{"playerId":69695,"score":1575,"energy":26,"posx":5,"posy":6,"lastAction":1,"status":0}],"golds":[{"posx":8,"posy":1,"amount":150},{"posx":19,"posy":1,"amount":150},{"posx":8,"posy":3,"amount":350},{"posx":12,"posy":3,"amount":400},{"posx":7,"posy":4,"amount":50},{"posx":8,"posy":6,"amount":350},{"posx":19,"posy":6,"amount":300},{"posx":14,"posy":7,"amount":600},{"posx":17,"posy":8,"amount":600},{"posx":18,"posy":8,"amount":100}],"changedObstacles":[]},{"players":[{"playerId":5588,"score":1209,"energy":22,"posx":6,"posy":6,"lastAction":4,"status":0},{"playerId":2299591,"score":1284,"energy":31,"posx":4,"posy":0,"lastAction":4,"status":0},{"playerId":2583616,"score":1684,"energy":31,"posx":2,"posy":3,"lastAction":4,"status":0},{"playerId":69695,"score":1575,"energy":25,"posx":6,"posy":6,"lastAction":1,"status":0}],"golds":[{"posx":8,"posy":1,"amount":150},{"posx":19,"posy":1,"amount":150},{"posx":8,"posy":3,"amount":350},{"posx":12,"posy":3,"amount":400},{"posx":7,"posy":4,"amount":50},{"posx":8,"posy":6,"amount":350},{"posx":19,"posy":6,"amount":300},{"posx":14,"posy":7,"amount":600},{"posx":17,"posy":8,"amount":600},{"posx":18,"posy":8,"amount":100}],"changedObstacles":[]},{"players":[{"playerId":5588,"score":1209,"energy":12,"posx":7,"posy":6,"lastAction":1,"status":0},{"playerId":2299591,"score":1284,"energy":30,"posx":5,"posy":0,"lastAction":1,"status":0},{"playerId":2583616,"score":1684,"energy":11,"posx":3,"posy":3,"lastAction":1,"status":0},{"playerId":69695,"score":1575,"energy":15,"posx":7,"posy":6,"lastAction":1,"status":0}],"golds":[{"posx":8,"posy":1,"amount":150},{"posx":19,"posy":1,"amount":150},{"posx":8,"posy":3,"amount":350},{"posx":12,"posy":3,"amount":400},{"posx":7,"posy":4,"amount":50},{"posx":8,"posy":6,"amount":350},{"posx":19,"posy":6,"amount":300},{"posx":14,"posy":7,"amount":600},{"posx":17,"posy":8,"amount":600},{"posx":18,"posy":8,"amount":100}],"changedObstacles":[{"type":0,"posx":7,"posy":6,"value":-1},{"type":3,"posx":3,"posy":3,"value":-40}]},{"players":[{"playerId":5588,"score":1209,"energy":8,"posx":8,"posy":6,"lastAction":1,"status":0},{"playerId":2299591,"score":1284,"energy":29,"posx":6,"posy":0,"lastAction":1,"status":0},{"playerId":2583616,"score":1684,"energy":10,"posx":4,"posy":3,"lastAction":1,"status":0},{"playerId":69695,"score":1575,"energy":27,"posx":7,"posy":6,"lastAction":4,"status":0}],"golds":[{"posx":8,"posy":1,"amount":150},{"posx":19,"posy":1,"amount":150},{"posx":8,"posy":3,"amount":350},{"posx":12,"posy":3,"amount":400},{"posx":7,"posy":4,"amount":50},{"posx":8,"posy":6,"amount":350},{"posx":19,"posy":6,"amount":300},{"posx":14,"posy":7,"amount":600},{"posx":17,"posy":8,"amount":600},{"posx":18,"posy":8,"amount":100}],"changedObstacles":[]},{"players":[{"playerId":5588,"score":1209,"energy":20,"posx":8,"posy":6,"lastAction":4,"status":0},{"playerId":2299591,"score":1284,"energy":28,"posx":7,"posy":0,"lastAction":1,"status":0},{"playerId":2583616,"score":1684,"energy":9,"posx":5,"posy":3,"lastAction":1,"status":0},{"playerId":69695,"score":1575,"energy":23,"posx":8,"posy":6,"lastAction":1,"status":0}],"golds":[{"posx":8,"posy":1,"amount":150},{"posx":19,"posy":1,"amount":150},{"posx":8,"posy":3,"amount":350},{"posx":12,"posy":3,"amount":400},{"posx":7,"posy":4,"amount":50},{"posx":8,"posy":6,"amount":350},{"posx":19,"posy":6,"amount":300},{"posx":14,"posy":7,"amount":600},{"posx":17,"posy":8,"amount":600},{"posx":18,"posy":8,"amount":100}],"changedObstacles":[]},{"players":[{"playerId":5588,"score":1259,"energy":15,"posx":8,"posy":6,"lastAction":5,"status":0},{"playerId":2299591,"score":1284,"energy":23,"posx":8,"posy":0,"lastAction":1,"status":0},{"playerId":2583616,"score":1684,"energy":4,"posx":6,"posy":3,"lastAction":1,"status":0},{"playerId":69695,"score":1625,"energy":18,"posx":8,"posy":6,"lastAction":5,"status":0}],"golds":[{"posx":8,"posy":1,"amount":150},{"posx":19,"posy":1,"amount":150},{"posx":8,"posy":3,"amount":350},{"posx":12,"posy":3,"amount":400},{"posx":7,"posy":4,"amount":50},{"posx":8,"posy":6,"amount":250},{"posx":19,"posy":6,"amount":300},{"posx":14,"posy":7,"amount":600},{"posx":17,"posy":8,"amount":600},{"posx":18,"posy":8,"amount":100}],"changedObstacles":[{"type":3,"posx":6,"posy":3,"value":-20},{"type":3,"posx":8,"posy":0,"value":-20}]},{"players":[{"playerId":5588,"score":1309,"energy":10,"posx":8,"posy":6,"lastAction":5,"status":0},{"playerId":2299591,"score":1284,"energy":19,"posx":8,"posy":1,"lastAction":3,"status":0},{"playerId":2583616,"score":1684,"energy":3,"posx":7,"posy":3,"lastAction":1,"status":0},{"playerId":69695,"score":1675,"energy":13,"posx":8,"posy":6,"lastAction":5,"status":0}],"golds":[{"posx":8,"posy":1,"amount":150},{"posx":19,"posy":1,"amount":150},{"posx":8,"posy":3,"amount":350},{"posx":12,"posy":3,"amount":400},{"posx":7,"posy":4,"amount":50},{"posx":8,"posy":6,"amount":150},{"posx":19,"posy":6,"amount":300},{"posx":14,"posy":7,"amount":600},{"posx":17,"posy":8,"amount":600},{"posx":18,"posy":8,"amount":100}],"changedObstacles":[]},{"players":[{"playerId":5588,"score":1309,"energy":22,"posx":8,"posy":6,"lastAction":4,"status":0},{"playerId":2299591,"score":1334,"energy":14,"posx":8,"posy":1,"lastAction":5,"status":0},{"playerId":2583616,"score":1684,"energy":15,"posx":7,"posy":3,"lastAction":4,"status":0},{"playerId":69695,"score":1725,"energy":8,"posx":8,"posy":6,"lastAction":5,"status":0}],"golds":[{"posx":8,"posy":1,"amount":100},{"posx":19,"posy":1,"amount":150},{"posx":8,"posy":3,"amount":350},{"posx":12,"posy":3,"amount":400},{"posx":7,"posy":4,"amount":50},{"posx":8,"posy":6,"amount":100},{"posx":19,"posy":6,"amount":300},{"posx":14,"posy":7,"amount":600},{"posx":17,"posy":8,"amount":600},{"posx":18,"posy":8,"amount":100}],"changedObstacles":[]},{"players":[{"playerId":5588,"score":1359,"energy":17,"posx":8,"posy":6,"lastAction":5,"status":0},{"playerId":2299591,"score":1384,"energy":9,"posx":8,"posy":1,"lastAction":5,"status":0},{"playerId":2583616,"score":1684,"energy":11,"posx":8,"posy":3,"lastAction":1,"status":0},{"playerId":69695,"score":1775,"energy":3,"posx":8,"posy":6,"lastAction":5,"status":0}],"golds":[{"posx":8,"posy":1,"amount":50},{"posx":19,"posy":1,"amount":150},{"posx":8,"posy":3,"amount":350},{"posx":12,"posy":3,"amount":400},{"posx":7,"posy":4,"amount":50},{"posx":19,"posy":6,"amount":300},{"posx":14,"posy":7,"amount":600},{"posx":17,"posy":8,"amount":600},{"posx":18,"posy":8,"amount":100}],"changedObstacles":[{"type":0,"posx":8,"posy":6,"value":-1}]},{"players":[{"playerId":5588,"score":1359,"energy":16,"posx":7,"posy":6,"lastAction":0,"status":0},{"playerId":2299591,"score":1434,"energy":4,"posx":8,"posy":1,"lastAction":5,"status":0},{"playerId":2583616,"score":1734,"energy":6,"posx":8,"posy":3,"lastAction":5,"status":0},{"playerId":69695,"score":1775,"energy":15,"posx":8,"posy":6,"lastAction":4,"status":0}],"golds":[{"posx":19,"posy":1,"amount":150},{"posx":8,"posy":3,"amount":300},{"posx":12,"posy":3,"amount":400},{"posx":7,"posy":4,"amount":50},{"posx":19,"posy":6,"amount":300},{"posx":14,"posy":7,"amount":600},{"posx":17,"posy":8,"amount":600},{"posx":18,"posy":8,"amount":100}],"changedObstacles":[{"type":0,"posx":8,"posy":1,"value":-1}]},{"players":[{"playerId":5588,"score":1359,"energy":6,"posx":7,"posy":5,"lastAction":2,"status":0},{"playerId":2299591,"score":1434,"energy":16,"posx":8,"posy":1,"lastAction":4,"status":0},{"playerId":2583616,"score":1784,"energy":1,"posx":8,"posy":3,"lastAction":5,"status":0},{"playerId":69695,"score":1775,"energy":31,"posx":8,"posy":6,"lastAction":4,"status":0}],"golds":[{"posx":19,"posy":1,"amount":150},{"posx":8,"posy":3,"amount":250},{"posx":12,"posy":3,"amount":400},{"posx":7,"posy":4,"amount":50},{"posx":19,"posy":6,"amount":300},{"posx":14,"posy":7,"amount":600},{"posx":17,"posy":8,"amount":600},{"posx":18,"posy":8,"amount":100}],"changedObstacles":[{"type":0,"posx":7,"posy":5,"value":-1}]},{"players":[{"playerId":5588,"score":1359,"energy":18,"posx":7,"posy":5,"lastAction":4,"status":0},{"playerId":2299591,"score":1434,"energy":32,"posx":8,"posy":1,"lastAction":4,"status":0},{"playerId":2583616,"score":1784,"energy":13,"posx":8,"posy":3,"lastAction":4,"status":0},{"playerId":69695,"score":1775,"energy":30,"posx":8,"posy":5,"lastAction":2,"status":0}],"golds":[{"posx":19,"posy":1,"amount":150},{"posx":8,"posy":3,"amount":250},{"posx":12,"posy":3,"amount":400},{"posx":7,"posy":4,"amount":50},{"posx":19,"posy":6,"amount":300},{"posx":14,"posy":7,"amount":600},{"posx":17,"posy":8,"amount":600},{"posx":18,"posy":8,"amount":100}],"changedObstacles":[]},{"players":[{"playerId":5588,"score":1359,"energy":14,"posx":7,"posy":4,"lastAction":2,"status":0},{"playerId":2299591,"score":1434,"energy":26,"posx":8,"posy":2,"lastAction":3,"status":0},{"playerId":2583616,"score":1784,"energy":29,"posx":8,"posy":3,"lastAction":4,"status":0},{"playerId":69695,"score":1775,"energy":29,"posx":8,"posy":4,"lastAction":2,"status":0}],"golds":[{"posx":19,"posy":1,"amount":150},{"posx":8,"posy":3,"amount":250},{"posx":12,"posy":3,"amount":400},{"posx":7,"posy":4,"amount":50},{"posx":19,"posy":6,"amount":300},{"posx":14,"posy":7,"amount":600},{"posx":17,"posy":8,"amount":600},{"posx":18,"posy":8,"amount":100}],"changedObstacles":[]},{"players":[{"playerId":5588,"score":1409,"energy":9,"posx":7,"posy":4,"lastAction":5,"status":0},{"playerId":2299591,"score":1434,"energy":22,"posx":8,"posy":3,"lastAction":3,"status":0},{"playerId":2583616,"score":1834,"energy":24,"posx":8,"posy":3,"lastAction":5,"status":0},{"playerId":69695,"score":1775,"energy":25,"posx":7,"posy":4,"lastAction":0,"status":0}],"golds":[{"posx":19,"posy":1,"amount":150},{"posx":8,"posy":3,"amount":200},{"posx":12,"posy":3,"amount":400},{"posx":19,"posy":6,"amount":300},{"posx":14,"posy":7,"amount":600},{"posx":17,"posy":8,"amount":600},{"posx":18,"posy":8,"amount":100}],"changedObstacles":[{"type":0,"posx":7,"posy":4,"value":-1}]},{"players":[{"playerId":5588,"score":1409,"energy":21,"posx":7,"posy":4,"lastAction":4,"status":0},{"playerId":2299591,"score":1484,"energy":17,"posx":8,"posy":3,"lastAction":5,"status":0},{"playerId":2583616,"score":1884,"energy":19,"posx":8,"posy":3,"lastAction":5,"status":0},{"playerId":69695,"score":1775,"energy":24,"posx":7,"posy":3,"lastAction":2,"status":0}],"golds":[{"posx":19,"posy":1,"amount":150},{"posx":8,"posy":3,"amount":100},{"posx":12,"posy":3,"amount":400},{"posx":19,"posy":6,"amount":300},{"posx":14,"posy":7,"amount":600},{"posx":17,"posy":8,"amount":600},{"posx":18,"posy":8,"amount":100}],"changedObstacles":[]},{"players":[{"playerId":5588,"score":1409,"energy":20,"posx":8,"posy":4,"lastAction":1,"status":0},{"playerId":2299591,"score":1534,"energy":12,"posx":8,"posy":3,"lastAction":5,"status":0},{"playerId":2583616,"score":1934,"energy":14,"posx":8,"posy":3,"lastAction":5,"status":0},{"playerId":69695,"score":1775,"energy":20,"posx":8,"posy":3,"lastAction":1,"status":0}],"golds":[{"posx":19,"posy":1,"amount":150},{"posx":12,"posy":3,"amount":400},{"posx":19,"posy":6,"amount":300},{"posx":14,"posy":7,"amount":600},{"posx":17,"posy":8,"amount":600},{"posx":18,"posy":8,"amount":100}],"changedObstacles":[{"type":0,"posx":8,"posy":3,"value":-1}]},{"players":[{"playerId":5588,"score":1409,"energy":10,"posx":9,"posy":4,"lastAction":1,"status":0},{"playerId":2299591,"score":1534,"energy":24,"posx":8,"posy":3,"lastAction":4,"status":0},{"playerId":2583616,"score":1934,"energy":13,"posx":8,"posy":4,"lastAction":3,"status":0},{"playerId":69695,"score":1775,"energy":19,"posx":9,"posy":3,"lastAction":1,"status":0}],"golds":[{"posx":19,"posy":1,"amount":150},{"posx":12,"posy":3,"amount":400},{"posx":19,"posy":6,"amount":300},{"posx":14,"posy":7,"amount":600},{"posx":17,"posy":8,"amount":600},{"posx":18,"posy":8,"amount":100}],"changedObstacles":[{"type":0,"posx":9,"posy":4,"value":-1}]},{"players":[{"playerId":5588,"score":1409,"energy":22,"posx":9,"posy":4,"lastAction":4,"status":0},{"playerId":2299591,"score":1534,"energy":23,"posx":9,"posy":3,"lastAction":1,"status":0},{"playerId":2583616,"score":1934,"energy":12,"posx":8,"posy":5,"lastAction":3,"status":0},{"playerId":69695,"score":1775,"energy":18,"posx":10,"posy":3,"lastAction":1,"status":0}],"golds":[{"posx":19,"posy":1,"amount":150},{"posx":12,"posy":3,"amount":400},{"posx":19,"posy":6,"amount":300},{"posx":14,"posy":7,"amount":600},{"posx":17,"posy":8,"amount":600},{"posx":18,"posy":8,"amount":100}],"changedObstacles":[]},{"players":[{"playerId":5588,"score":1409,"energy":12,"posx":10,"posy":4,"lastAction":1,"status":0},{"playerId":2299591,"score":1534,"energy":22,"posx":10,"posy":3,"lastAction":1,"status":0},{"playerId":2583616,"score":1934,"energy":11,"posx":8,"posy":6,"lastAction":3,"status":0},{"playerId":69695,"score":1775,"energy":17,"posx":11,"posy":3,"lastAction":1,"status":0}],"golds":[{"posx":19,"posy":1,"amount":150},{"posx":12,"posy":3,"amount":400},{"posx":19,"posy":6,"amount":300},{"posx":14,"posy":7,"amount":600},{"posx":17,"posy":8,"amount":600},{"posx":18,"posy":8,"amount":100}],"changedObstacles":[{"type":0,"posx":10,"posy":4,"value":-1}]},{"players":[{"playerId":5588,"score":1409,"energy":11,"posx":11,"posy":4,"lastAction":1,"status":0},{"playerId":2299591,"score":1534,"energy":21,"posx":11,"posy":3,"lastAction":1,"status":0},{"playerId":2583616,"score":1934,"energy":1,"posx":9,"posy":6,"lastAction":1,"status":0},{"playerId":69695,"score":1775,"energy":13,"posx":12,"posy":3,"lastAction":1,"status":0}],"golds":[{"posx":19,"posy":1,"amount":150},{"posx":12,"posy":3,"amount":400},{"posx":19,"posy":6,"amount":300},{"posx":14,"posy":7,"amount":600},{"posx":17,"posy":8,"amount":600},{"posx":18,"posy":8,"amount":100}],"changedObstacles":[{"type":0,"posx":9,"posy":6,"value":-1}]},{"players":[{"playerId":5588,"score":1409,"energy":6,"posx":12,"posy":4,"lastAction":1,"status":0},{"playerId":2299591,"score":1534,"energy":17,"posx":12,"posy":3,"lastAction":1,"status":0},{"playerId":2583616,"score":1934,"energy":13,"posx":9,"posy":6,"lastAction":4,"status":0},{"playerId":69695,"score":1825,"energy":8,"posx":12,"posy":3,"lastAction":5,"status":0}],"golds":[{"posx":19,"posy":1,"amount":150},{"posx":12,"posy":3,"amount":350},{"posx":19,"posy":6,"amount":300},{"posx":14,"posy":7,"amount":600},{"posx":17,"posy":8,"amount":600},{"posx":18,"posy":8,"amount":100}],"changedObstacles":[{"type":3,"posx":12,"posy":4,"value":-20}]},{"players":[{"playerId":5588,"score":1409,"energy":18,"posx":12,"posy":4,"lastAction":4,"status":0},{"playerId":2299591,"score":1584,"energy":12,"posx":12,"posy":3,"lastAction":5,"status":0},{"playerId":2583616,"score":1934,"energy":12,"posx":9,"posy":7,"lastAction":3,"status":0},{"playerId":69695,"score":1875,"energy":3,"posx":12,"posy":3,"lastAction":5,"status":0}],"golds":[{"posx":19,"posy":1,"amount":150},{"posx":12,"posy":3,"amount":250},{"posx":19,"posy":6,"amount":300},{"posx":14,"posy":7,"amount":600},{"posx":17,"posy":8,"amount":600},{"posx":18,"posy":8,"amount":100}],"changedObstacles":[]},{"players":[{"playerId":5588,"score":1409,"energy":14,"posx":12,"posy":3,"lastAction":2,"status":0},{"playerId":2299591,"score":1634,"energy":7,"posx":12,"posy":3,"lastAction":5,"status":0},{"playerId":2583616,"score":1934,"energy":11,"posx":10,"posy":7,"lastAction":1,"status":0},{"playerId":69695,"score":1875,"energy":15,"posx":12,"posy":3,"lastAction":4,"status":0}],"golds":[{"posx":19,"posy":1,"amount":150},{"posx":12,"posy":3,"amount":200},{"posx":19,"posy":6,"amount":300},{"posx":14,"posy":7,"amount":600},{"posx":17,"posy":8,"amount":600},{"posx":18,"posy":8,"amount":100}],"changedObstacles":[]},{"players":[{"playerId":5588,"score":1459,"energy":9,"posx":12,"posy":3,"lastAction":5,"status":0},{"playerId":2299591,"score":1684,"energy":2,"posx":12,"posy":3,"lastAction":5,"status":0},{"playerId":2583616,"score":1934,"energy":6,"posx":11,"posy":7,"lastAction":1,"status":0},{"playerId":69695,"score":1925,"energy":10,"posx":12,"posy":3,"lastAction":5,"status":0}],"golds":[{"posx":19,"posy":1,"amount":150},{"posx":12,"posy":3,"amount":50},{"posx":19,"posy":6,"amount":300},{"posx":14,"posy":7,"amount":600},{"posx":17,"posy":8,"amount":600},{"posx":18,"posy":8,"amount":100}],"changedObstacles":[{"type":3,"posx":11,"posy":7,"value":-20}]},{"players":[{"playerId":5588,"score":1459,"energy":21,"posx":12,"posy":3,"lastAction":4,"status":0},{"playerId":2299591,"score":1684,"energy":14,"posx":12,"posy":3,"lastAction":4,"status":0},{"playerId":2583616,"score":1934,"energy":5,"posx":12,"posy":7,"lastAction":1,"status":0},{"playerId":69695,"score":1975,"energy":5,"posx":12,"posy":3,"lastAction":5,"status":0}],"golds":[{"posx":19,"posy":1,"amount":150},{"posx":19,"posy":6,"amount":300},{"posx":14,"posy":7,"amount":600},{"posx":17,"posy":8,"amount":600},{"posx":18,"posy":8,"amount":100}],"changedObstacles":[{"type":0,"posx":12,"posy":3,"value":-1}]},{"players":[{"playerId":5588,"score":1459,"energy":37,"posx":12,"posy":3,"lastAction":4,"status":0},{"playerId":2299591,"score":1684,"energy":30,"posx":12,"posy":3,"lastAction":4,"status":0},{"playerId":2583616,"score":1934,"energy":4,"posx":13,"posy":7,"lastAction":1,"status":0},{"playerId":69695,"score":1975,"energy":17,"posx":12,"posy":3,"lastAction":4,"status":0}],"golds":[{"posx":19,"posy":1,"amount":150},{"posx":19,"posy":6,"amount":300},{"posx":14,"posy":7,"amount":600},{"posx":17,"posy":8,"amount":600},{"posx":18,"posy":8,"amount":100}],"changedObstacles":[]},{"players":[{"playerId":5588,"score":1459,"energy":17,"posx":12,"posy":4,"lastAction":3,"status":0},{"playerId":2299591,"score":1684,"energy":29,"posx":13,"posy":3,"lastAction":1,"status":0},{"playerId":2583616,"score":1934,"energy":16,"posx":13,"posy":7,"lastAction":4,"status":0},{"playerId":69695,"score":1975,"energy":-3,"posx":12,"posy":4,"lastAction":3,"status":2}],"golds":[{"posx":19,"posy":1,"amount":150},{"posx":19,"posy":6,"amount":300},{"posx":14,"posy":7,"amount":600},{"posx":17,"posy":8,"amount":600},{"posx":18,"posy":8,"amount":100}],"changedObstacles":[{"type":3,"posx":12,"posy":4,"value":-40}]},{"players":[{"playerId":5588,"score":1459,"energy":16,"posx":12,"posy":5,"lastAction":3,"status":0},{"playerId":2299591,"score":1684,"energy":28,"posx":13,"posy":4,"lastAction":3,"status":0},{"playerId":2583616,"score":1934,"energy":12,"posx":14,"posy":7,"lastAction":1,"status":0},{"playerId":69695,"score":1975,"energy":-3,"posx":12,"posy":4,"lastAction":6,"status":2}],"golds":[{"posx":19,"posy":1,"amount":150},{"posx":19,"posy":6,"amount":300},{"posx":14,"posy":7,"amount":600},{"posx":17,"posy":8,"amount":600},{"posx":18,"posy":8,"amount":100}],"changedObstacles":[]},{"players":[{"playerId":5588,"score":1459,"energy":15,"posx":12,"posy":6,"lastAction":3,"status":0},{"playerId":2299591,"score":1684,"energy":18,"posx":13,"posy":5,"lastAction":3,"status":0},{"playerId":2583616,"score":1984,"energy":7,"posx":14,"posy":7,"lastAction":5,"status":0},{"playerId":69695,"score":1975,"energy":-3,"posx":12,"posy":4,"lastAction":6,"status":2}],"golds":[{"posx":19,"posy":1,"amount":150},{"posx":19,"posy":6,"amount":300},{"posx":14,"posy":7,"amount":550},{"posx":17,"posy":8,"amount":600},{"posx":18,"posy":8,"amount":100}],"changedObstacles":[{"type":0,"posx":13,"posy":5,"value":-1}]},{"players":[{"playerId":5588,"score":1459,"energy":14,"posx":12,"posy":7,"lastAction":3,"status":0},{"playerId":2299591,"score":1684,"energy":30,"posx":13,"posy":5,"lastAction":4,"status":0},{"playerId":2583616,"score":2034,"energy":2,"posx":14,"posy":7,"lastAction":5,"status":0},{"playerId":69695,"score":1975,"energy":-3,"posx":12,"posy":4,"lastAction":6,"status":2}],"golds":[{"posx":19,"posy":1,"amount":150},{"posx":19,"posy":6,"amount":300},{"posx":14,"posy":7,"amount":500},{"posx":17,"posy":8,"amount":600},{"posx":18,"posy":8,"amount":100}],"changedObstacles":[]},{"players":[{"playerId":5588,"score":1459,"energy":13,"posx":13,"posy":7,"lastAction":1,"status":0},{"playerId":2299591,"score":1684,"energy":29,"posx":14,"posy":5,"lastAction":1,"status":0},{"playerId":2583616,"score":2034,"energy":14,"posx":14,"posy":7,"lastAction":4,"status":0},{"playerId":69695,"score":1975,"energy":-3,"posx":12,"posy":4,"lastAction":6,"status":2}],"golds":[{"posx":19,"posy":1,"amount":150},{"posx":19,"posy":6,"amount":300},{"posx":14,"posy":7,"amount":500},{"posx":17,"posy":8,"amount":600},{"posx":18,"posy":8,"amount":100}],"changedObstacles":[]},{"players":[{"playerId":5588,"score":1459,"energy":9,"posx":14,"posy":7,"lastAction":1,"status":0},{"playerId":2299591,"score":1684,"energy":28,"posx":14,"posy":6,"lastAction":3,"status":0},{"playerId":2583616,"score":2034,"energy":30,"posx":14,"posy":7,"lastAction":4,"status":0},{"playerId":69695,"score":1975,"energy":-3,"posx":12,"posy":4,"lastAction":6,"status":2}],"golds":[{"posx":19,"posy":1,"amount":150},{"posx":19,"posy":6,"amount":300},{"posx":14,"posy":7,"amount":500},{"posx":17,"posy":8,"amount":600},{"posx":18,"posy":8,"amount":100}],"changedObstacles":[]},{"players":[{"playerId":5588,"score":1459,"energy":21,"posx":14,"posy":7,"lastAction":4,"status":0},{"playerId":2299591,"score":1684,"energy":24,"posx":14,"posy":7,"lastAction":3,"status":0},{"playerId":2583616,"score":2084,"energy":25,"posx":14,"posy":7,"lastAction":5,"status":0},{"playerId":69695,"score":1975,"energy":-3,"posx":12,"posy":4,"lastAction":6,"status":2}],"golds":[{"posx":19,"posy":1,"amount":150},{"posx":19,"posy":6,"amount":300},{"posx":14,"posy":7,"amount":450},{"posx":17,"posy":8,"amount":600},{"posx":18,"posy":8,"amount":100}],"changedObstacles":[]},{"players":[{"playerId":5588,"score":1509,"energy":16,"posx":14,"posy":7,"lastAction":5,"status":0},{"playerId":2299591,"score":1734,"energy":19,"posx":14,"posy":7,"lastAction":5,"status":0},{"playerId":2583616,"score":2134,"energy":20,"posx":14,"posy":7,"lastAction":5,"status":0},{"playerId":69695,"score":1975,"energy":-3,"posx":12,"posy":4,"lastAction":6,"status":2}],"golds":[{"posx":19,"posy":1,"amount":150},{"posx":19,"posy":6,"amount":300},{"posx":14,"posy":7,"amount":300},{"posx":17,"posy":8,"amount":600},{"posx":18,"posy":8,"amount":100}],"changedObstacles":[]},{"players":[{"playerId":5588,"score":1559,"energy":11,"posx":14,"posy":7,"lastAction":5,"status":0},{"playerId":2299591,"score":1784,"energy":14,"posx":14,"posy":7,"lastAction":5,"status":0},{"playerId":2583616,"score":2184,"energy":15,"posx":14,"posy":7,"lastAction":5,"status":0},{"playerId":69695,"score":1975,"energy":-3,"posx":12,"posy":4,"lastAction":6,"status":2}],"golds":[{"posx":19,"posy":1,"amount":150},{"posx":19,"posy":6,"amount":300},{"posx":14,"posy":7,"amount":150},{"posx":17,"posy":8,"amount":600},{"posx":18,"posy":8,"amount":100}],"changedObstacles":[]}]