[{"players":[{"playerId":675419,"score":0,"energy":49,"posx":4,"posy":1,"lastAction":0,"status":0},{"playerId":206247,"score":0,"energy":49,"posx":4,"posy":1,"lastAction":0,"status":0},{"playerId":239305,"score":0,"energy":49,"posx":4,"posy":1,"lastAction":0,"status":0}],"golds":[{"posx":19,"posy":6,"amount":300},{"posx":1,"posy":5,"amount":500},{"posx":4,"posy":0,"amount":600},{"posx":8,"posy":1,"amount":150},{"posx":14,"posy":7,"amount":600},{"posx":0,"posy":0,"amount":650},{"posx":3,"posy":7,"amount":650},{"posx":2,"posy":4,"amount":650},{"posx":7,"posy":4,"amount":50},{"posx":4,"posy":3,"amount":500},{"posx":19,"posy":1,"amount":150},{"posx":8,"posy":3,"amount":350},{"posx":12,"posy":3,"amount":400},{"posx":2,"posy":8,"amount":250},{"posx":17,"posy":8,"amount":600},{"posx":8,"posy":6,"amount":350},{"posx":18,"posy":8,"amount":100},{"posx":2,"posy":3,"amount":650},{"posx":4,"posy":4,"amount":550},{"posx":3,"posy":5,"amount":750}],"changedObstacles":[]},{"players":[{"playerId":675419,"score":0,"energy":45,"posx":4,"posy":0,"lastAction":2,"status":0},{"playerId":206247,"score":0,"energy":44,"posx":3,"posy":1,"lastAction":0,"status":0},{"playerId":239305,"score":0,"energy":45,"posx":4,"posy":0,"lastAction":2,"status":0}],"golds":[{"posx":19,"posy":6,"amount":300},{"posx":1,"posy":5,"amount":500},{"posx":4,"posy":0,"amount":600},{"posx":8,"posy":1,"amount":150},{"posx":14,"posy":7,"amount":600},{"posx":0,"posy":0,"amount":650},{"posx":3,"posy":7,"amount":650},{"posx":2,"posy":4,"amount":650},{"posx":7,"posy":4,"amount":50},{"posx":4,"posy":3,"amount":500},{"posx":19,"posy":1,"amount":150},{"posx":8,"posy":3,"amount":350},{"posx":12,"posy":3,"amount":400},{"posx":2,"posy":8,"amount":250},{"posx":17,"posy":8,"amount":600},{"posx":8,"posy":6,"amount":350},{"posx":18,"posy":8,"amount":100},{"posx":2,"posy":3,"amount":650},{"posx":4,"posy":4,"amount":550},{"posx":3,"posy":5,"amount":750}],"changedObstacles":[{"type":3,"posx":3,"posy":1,"value":-20}]},{"players":[{"playerId":675419,"score":50,"energy":40,"posx":4,"posy":0,"lastAction":5,"status":0},{"playerId":206247,"score":0,"energy":43,"posx":3,"posy":2,"lastAction":3,"status":0},{"playerId":239305,"score":50,"energy":40,"posx":4,"posy":0,"lastAction":5,"status":0}],"golds":[{"posx":0,"posy":0,"amount":650},{"posx":4,"posy":0,"amount":500},{"posx":8,"posy":1,"amount":150},{"posx":19,"posy":1,"amount":150},{"posx":2,"posy":3,"amount":650},{"posx":4,"posy":3,"amount":500},{"posx":8,"posy":3,"amount":350},{"posx":12,"posy":3,"amount":400},{"posx":2,"posy":4,"amount":650},{"posx":4,"posy":4,"amount":550},{"posx":7,"posy":4,"amount":50},{"posx":1,"posy":5,"amount":500},{"posx":3,"posy":5,"amount":750},{"posx":8,"posy":6,"amount":350},{"posx":19,"posy":6,"amount":300},{"posx":3,"posy":7,"amount":650},{"posx":14,"posy":7,"amount":600},{"posx":2,"posy":8,"amount":250},{"posx":17,"posy":8,"amount":600},{"posx":18,"posy":8,"amount":100}],"changedObstacles":[]},{"players":[{"playerId":675419,"score":100,"energy":35,"posx":4,"posy":0,"lastAction":5,"status":0},{"playerId":206247,"score":0,"energy":38,"posx":3,"posy":3,"lastAction":3,"status":0},{"playerId":239305,"score":100,"energy":35,"posx":4,"posy":0,"lastAction":5,"status":0}],"golds":[{"posx":0,"posy":0,"amount":650},{"posx":4,"posy":0,"amount":400},{"posx":8,"posy":1,"amount":150},{"posx":19,"posy":1,"amount":150},{"posx":2,"posy":3,"amount":650},{"posx":4,"posy":3,"amount":500},{"posx":8,"posy":3,"amount":350},{"posx":12,"posy":3,"amount":400},{"posx":2,"posy":4,"amount":650},{"posx":4,"posy":4,"amount":550},{"posx":7,"posy":4,"amount":50},{"posx":1,"posy":5,"amount":500},{"posx":3,"posy":5,"amount":750},{"posx":8,"posy":6,"amount":350},{"posx":19,"posy":6,"amount":300},{"posx":3,"posy":7,"amount":650},{"posx":14,"posy":7,"amount":600},{"posx":2,"posy":8,"amount":250},{"posx":17,"posy":8,"amount":600},{"posx":18,"posy":8,"amount":100}],"changedObstacles":[{"type":3,"posx":3,"posy":3,"value":-20}]},{"players":[{"playerId":675419,"score":150,"energy":30,"posx":4,"posy":0,"lastAction":5,"status":0},{"playerId":206247,"score":0,"energy":33,"posx":3,"posy":4,"lastAction":3,"status":0},{"playerId":239305,"score":150,"energy":30,"posx":4,"posy":0,"lastAction":5,"status":0}],"golds":[{"posx":0,"posy":0,"amount":650},{"posx":4,"posy":0,"amount":300},{"posx":8,"posy":1,"amount":150},{"posx":19,"posy":1,"amount":150},{"posx":2,"posy":3,"amount":650},{"posx":4,"posy":3,"amount":500},{"posx":8,"posy":3,"amount":350},{"posx":12,"posy":3,"amount":400},{"posx":2,"posy":4,"amount":650},{"posx":4,"posy":4,"amount":550},{"posx":7,"posy":4,"amount":50},{"posx":1,"posy":5,"amount":500},{"posx":3,"posy":5,"amount":750},{"posx":8,"posy":6,"amount":350},{"posx":19,"posy":6,"amount":300},{"posx":3,"posy":7,"amount":650},{"posx":14,"posy":7,"amount":600},{"posx":2,"posy":8,"amount":250},{"posx":17,"posy":8,"amount":600},{"posx":18,"posy":8,"amount":100}],"changedObstacles":[{"type":3,"posx":3,"posy":4,"value":-20}]},{"players":[{"playerId":675419,"score":200,"energy":25,"posx":4,"posy":0,"lastAction":5,"status":0},{"playerId":206247,"score":0,"energy":29,"posx":3,"posy":5,"lastAction":3,"status":0},{"playerId":239305,"score":200,"energy":25,"posx":4,"posy":0,"lastAction":5,"status":0}],"golds":[{"posx":0,"posy":0,"amount":650},{"posx":4,"posy":0,"amount":200},{"posx":8,"posy":1,"amount":150},{"posx":19,"posy":1,"amount":150},{"posx":2,"posy":3,"amount":650},{"posx":4,"posy":3,"amount":500},{"posx":8,"posy":3,"amount":350},{"posx":12,"posy":3,"amount":400},{"posx":2,"posy":4,"amount":650},{"posx":4,"posy":4,"amount":550},{"posx":7,"posy":4,"amount":50},{"posx":1,"posy":5,"amount":500},{"posx":3,"posy":5,"amount":750},{"posx":8,"posy":6,"amount":350},{"posx":19,"posy":6,"amount":300},{"posx":3,"posy":7,"amount":650},{"posx":14,"posy":7,"amount":600},{"posx":2,"posy":8,"amount":250},{"posx":17,"posy":8,"amount":600},{"posx":18,"posy":8,"amount":100}],"changedObstacles":[]},{"players":[{"playerId":675419,"score":250,"energy":20,"posx":4,"posy":0,"lastAction":5,"status":0},{"playerId":206247,"score":50,"energy":24,"posx":3,"posy":5,"lastAction":5,"status":0},{"playerId":239305,"score":250,"energy":20,"posx":4,"posy":0,"lastAction":5,"status":0}],"golds":[{"posx":0,"posy":0,"amount":650},{"posx":4,"posy":0,"amount":100},{"posx":8,"posy":1,"amount":150},{"posx":19,"posy":1,"amount":150},{"posx":2,"posy":3,"amount":650},{"posx":4,"posy":3,"amount":500},{"posx":8,"posy":3,"amount":350},{"posx":12,"posy":3,"amount":400},{"posx":2,"posy":4,"amount":650},{"posx":4,"posy":4,"amount":550},{"posx":7,"posy":4,"amount":50},{"posx":1,"posy":5,"amount":500},{"posx":3,"posy":5,"amount":700},{"posx":8,"posy":6,"amount":350},{"posx":19,"posy":6,"amount":300},{"posx":3,"posy":7,"amount":650},{"posx":14,"posy":7,"amount":600},{"posx":2,"posy":8,"amount":250},{"posx":17,"posy":8,"amount":600},{"posx":18,"posy":8,"amount":100}],"changedObstacles":[]},{"players":[{"playerId":675419,"score":300,"energy":15,"posx":4,"posy":0,"lastAction":5,"status":0},{"playerId":206247,"score":100,"energy":19,"posx":3,"posy":5,"lastAction":5,"status":0},{"playerId":239305,"score":300,"energy":15,"posx":4,"posy":0,"lastAction":5,"status":0}],"golds":[{"posx":0,"posy":0,"amount":650},{"posx":8,"posy":1,"amount":150},{"posx":19,"posy":1,"amount":150},{"posx":2,"posy":3,"amount":650},{"posx":4,"posy":3,"amount":500},{"posx":8,"posy":3,"amount":350},{"posx":12,"posy":3,"amount":400},{"posx":2,"posy":4,"amount":650},{"posx":4,"posy":4,"amount":550},{"posx":7,"posy":4,"amount":50},{"posx":1,"posy":5,"amount":500},{"posx":3,"posy":5,"amount":650},{"posx":8,"posy":6,"amount":350},{"posx":19,"posy":6,"amount":300},{"posx":3,"posy":7,"amount":650},{"posx":14,"posy":7,"amount":600},{"posx":2,"posy":8,"amount":250},{"posx":17,"posy":8,"amount":600},{"posx":18,"posy":8,"amount":100}],"changedObstacles":[{"type":0,"posx":4,"posy":0,"value":-1}]},{"players":[{"playerId":675419,"score":300,"energy":14,"posx":3,"posy":0,"lastAction":0,"status":0},{"playerId":206247,"score":150,"energy":14,"posx":3,"posy":5,"lastAction":5,"status":0},{"playerId":239305,"score":300,"energy":14,"posx":3,"posy":0,"lastAction":0,"status":0}],"golds":[{"posx":0,"posy":0,"amount":650},{"posx":8,"posy":1,"amount":150},{"posx":19,"posy":1,"amount":150},{"posx":2,"posy":3,"amount":650},{"posx":4,"posy":3,"amount":500},{"posx":8,"posy":3,"amount":350},{"posx":12,"posy":3,"amount":400},{"posx":2,"posy":4,"amount":650},{"posx":4,"posy":4,"amount":550},{"posx":7,"posy":4,"amount":50},{"posx":1,"posy":5,"amount":500},{"posx":3,"posy":5,"amount":600},{"posx":8,"posy":6,"amount":350},{"posx":19,"posy":6,"amount":300},{"posx":3,"posy":7,"amount":650},{"posx":14,"posy":7,"amount":600},{"posx":2,"posy":8,"amount":250},{"posx":17,"posy":8,"amount":600},{"posx":18,"posy":8,"amount":100}],"changedObstacles":[]},{"players":[{"playerId":675419,"score":300,"energy":9,"posx":2,"posy":0,"lastAction":0,"status":0},{"playerId":206247,"score":200,"energy":9,"posx":3,"posy":5,"lastAction":5,"status":0},{"playerId":239305,"score":300,"energy":9,"posx":2,"posy":0,"lastAction":0,"status":0}],"golds":[{"posx":0,"posy":0,"amount":650},{"posx":8,"posy":1,"amount":150},{"posx":19,"posy":1,"amount":150},{"posx":2,"posy":3,"amount":650},{"posx":4,"posy":3,"amount":500},{"posx":8,"posy":3,"amount":350},{"posx":12,"posy":3,"amount":400},{"posx":2,"posy":4,"amount":650},{"posx":4,"posy":4,"amount":550},{"posx":7,"posy":4,"amount":50},{"posx":1,"posy":5,"amount":500},{"posx":3,"posy":5,"amount":550},{"posx":8,"posy":6,"amount":350},{"posx":19,"posy":6,"amount":300},{"posx":3,"posy":7,"amount":650},{"posx":14,"posy":7,"amount":600},{"posx":2,"posy":8,"amount":250},{"posx":17,"posy":8,"amount":600},{"posx":18,"posy":8,"amount":100}],"changedObstacles":[{"type":3,"posx":2,"posy":0,"value":-20}]},{"players":[{"playerId":675419,"score":300,"energy":21,"posx":2,"posy":0,"lastAction":4,"status":0},{"playerId":206247,"score":250,"energy":4,"posx":3,"posy":5,"lastAction":5,"status":0},{"playerId":239305,"score":300,"energy":21,"posx":2,"posy":0,"lastAction":4,"status":0}],"golds":[{"posx":0,"posy":0,"amount":650},{"posx":8,"posy":1,"amount":150},{"posx":19,"posy":1,"amount":150},{"posx":2,"posy":3,"amount":650},{"posx":4,"posy":3,"amount":500},{"posx":8,"posy":3,"amount":350},{"posx":12,"posy":3,"amount":400},{"posx":2,"posy":4,"amount":650},{"posx":4,"posy":4,"amount":550},{"posx":7,"posy":4,"amount":50},{"posx":1,"posy":5,"amount":500},{"posx":3,"posy":5,"amount":500},{"posx":8,"posy":6,"amount":350},{"posx":19,"posy":6,"amount":300},{"posx":3,"posy":7,"amount":650},{"posx":14,"posy":7,"amount":600},{"posx":2,"posy":8,"amount":250},{"posx":17,"posy":8,"amount":600},{"posx":18,"posy":8,"amount":100}],"changedObstacles":[]},{"players":[{"playerId":675419,"score":300,"energy":11,"posx":1,"posy":0,"lastAction":0,"status":0},{"playerId":206247,"score":250,"energy":16,"posx":3,"posy":5,"lastAction":4,"status":0},{"playerId":239305,"score":300,"energy":37,"posx":2,"posy":0,"lastAction":4,"status":0}],"golds":[{"posx":0,"posy":0,"amount":650},{"posx":8,"posy":1,"amount":150},{"posx":19,"posy":1,"amount":150},{"posx":2,"posy":3,"amount":650},{"posx":4,"posy":3,"amount":500},{"posx":8,"posy":3,"amount":350},{"posx":12,"posy":3,"amount":400},{"posx":2,"posy":4,"amount":650},{"posx":4,"posy":4,"amount":550},{"posx":7,"posy":4,"amount":50},{"posx":1,"posy":5,"amount":500},{"posx":3,"posy":5,"amount":500},{"posx":8,"posy":6,"amount":350},{"posx":19,"posy":6,"amount":300},{"posx":3,"posy":7,"amount":650},{"posx":14,"posy":7,"amount":600},{"posx":2,"posy":8,"amount":250},{"posx":17,"posy":8,"amount":600},{"posx":18,"posy":8,"amount":100}],"changedObstacles":[{"type":0,"posx":1,"posy":0,"value":-1}]},{"players":[{"playerId":675419,"score":300,"energy":7,"posx":0,"posy":0,"lastAction":0,"status":0},{"playerId":206247,"score":250,"energy":32,"posx":3,"posy":5,"lastAction":4,"status":0},{"playerId":239305,"score":300,"energy":36,"posx":1,"posy":0,"lastAction":0,"status":0}],"golds":[{"posx":0,"posy":0,"amount":650},{"posx":8,"posy":1,"amount":150},{"posx":19,"posy":1,"amount":150},{"posx":2,"posy":3,"amount":650},{"posx":4,"posy":3,"amount":500},{"posx":8,"posy":3,"amount":350},{"posx":12,"posy":3,"amount":400},{"posx":2,"posy":4,"amount":650},{"posx":4,"posy":4,"amount":550},{"posx":7,"posy":4,"amount":50},{"posx":1,"posy":5,"amount":500},{"posx":3,"posy":5,"amount":500},{"posx":8,"posy":6,"amount":350},{"posx":19,"posy":6,"amount":300},{"posx":3,"posy":7,"amount":650},{"posx":14,"posy":7,"amount":600},{"posx":2,"posy":8,"amount":250},{"posx":17,"posy":8,"amount":600},{"posx":18,"posy":8,"amount":100}],"changedObstacles":[]},{"players":[{"playerId":675419,"score":350,"energy":2,"posx":0,"posy":0,"lastAction":5,"status":0},{"playerId":206247,"score":250,"energy":50,"posx":3,"posy":5,"lastAction":4,"status":0},{"playerId":239305,"score":300,"energy":32,"posx":0,"posy":0,"lastAction":0,"status":0}],"golds":[{"posx":0,"posy":0,"amount":600},{"posx":8,"posy":1,"amount":150},{"posx":19,"posy":1,"amount":150},{"posx":2,"posy":3,"amount":650},{"posx":4,"posy":3,"amount":500},{"posx":8,"posy":3,"amount":350},{"posx":12,"posy":3,"amount":400},{"posx":2,"posy":4,"amount":650},{"posx":4,"posy":4,"amount":550},{"posx":7,"posy":4,"amount":50},{"posx":1,"posy":5,"amount":500},{"posx":3,"posy":5,"amount":500},{"posx":8,"posy":6,"amount":350},{"posx":19,"posy":6,"amount":300},{"posx":3,"posy":7,"amount":650},{"posx":14,"posy":7,"amount":600},{"posx":2,"posy":8,"amount":250},{"posx":17,"posy":8,"amount":600},{"posx":18,"posy":8,"amount":100}],"changedObstacles":[]},{"players":[{"playerId":675419,"score":350,"energy":14,"posx":0,"posy":0,"lastAction":4,"status":0},{"playerId":206247,"score":300,"energy":45,"posx":3,"posy":5,"lastAction":5,"status":0},{"playerId":239305,"score":350,"energy":27,"posx":0,"posy":0,"lastAction":5,"status":0}],"golds":[{"posx":0,"posy":0,"amount":550},{"posx":8,"posy":1,"amount":150},{"posx":19,"posy":1,"amount":150},{"posx":2,"posy":3,"amount":650},{"posx":4,"posy":3,"amount":500},{"posx":8,"posy":3,"amount":350},{"posx":12,"posy":3,"amount":400},{"posx":2,"posy":4,"amount":650},{"posx":4,"posy":4,"amount":550},{"posx":7,"posy":4,"amount":50},{"posx":1,"posy":5,"amount":500},{"posx":3,"posy":5,"amount":450},{"posx":8,"posy":6,"amount":350},{"posx":19,"posy":6,"amount":300},{"posx":3,"posy":7,"amount":650},{"posx":14,"posy":7,"amount":600},{"posx":2,"posy":8,"amount":250},{"posx":17,"posy":8,"amount":600},{"posx":18,"posy":8,"amount":100}],"changedObstacles":[]},{"players":[{"playerId":675419,"score":350,"energy":30,"posx":0,"posy":0,"lastAction":4,"status":0},{"playerId":206247,"score":350,"energy":40,"posx":3,"posy":5,"lastAction":5,"status":0},{"playerId":239305,"score":400,"energy":22,"posx":0,"posy":0,"lastAction":5,"status":0}],"golds":[{"posx":0,"posy":0,"amount":500},{"posx":8,"posy":1,"amount":150},{"posx":19,"posy":1,"amount":150},{"posx":2,"posy":3,"amount":650},{"posx":4,"posy":3,"amount":500},{"posx":8,"posy":3,"amount":350},{"posx":12,"posy":3,"amount":400},{"posx":2,"posy":4,"amount":650},{"posx":4,"posy":4,"amount":550},{"posx":7,"posy":4,"amount":50},{"posx":1,"posy":5,"amount":500},{"posx":3,"posy":5,"amount":400},{"posx":8,"posy":6,"amount":350},{"posx":19,"posy":6,"amount":300},{"posx":3,"posy":7,"amount":650},{"posx":14,"posy":7,"amount":600},{"posx":2,"posy":8,"amount":250},{"posx":17,"posy":8,"amount":600},{"posx":18,"posy":8,"amount":100}],"changedObstacles":[]},{"players":[{"playerId":675419,"score":400,"energy":25,"posx":0,"posy":0,"lastAction":5,"status":0},{"playerId":206247,"score":400,"energy":35,"posx":3,"posy":5,"lastAction":5,"status":0},{"playerId":239305,"score":450,"energy":17,"posx":0,"posy":0,"lastAction":5,"status":0}],"golds":[{"posx":0,"posy":0,"amount":400},{"posx":8,"posy":1,"amount":150},{"posx":19,"posy":1,"amount":150},{"posx":2,"posy":3,"amount":650},{"posx":4,"posy":3,"amount":500},{"posx":8,"posy":3,"amount":350},{"posx":12,"posy":3,"amount":400},{"posx":2,"posy":4,"amount":650},{"posx":4,"posy":4,"amount":550},{"posx":7,"posy":4,"amount":50},{"posx":1,"posy":5,"amount":500},{"posx":3,"posy":5,"amount":350},{"posx":8,"posy":6,"amount":350},{"posx":19,"posy":6,"amount":300},{"posx":3,"posy":7,"amount":650},{"posx":14,"posy":7,"amount":600},{"posx":2,"posy":8,"amount":250},{"posx":17,"posy":8,"amount":600},{"posx":18,"posy":8,"amount":100}],"changedObstacles":[]},{"players":[{"playerId":675419,"score":450,"energy":20,"posx":0,"posy":0,"lastAction":5,"status":0},{"playerId":206247,"score":450,"energy":30,"posx":3,"posy":5,"lastAction":5,"status":0},{"playerId":239305,"score":500,"energy":12,"posx":0,"posy":0,"lastAction":5,"status":0}],"golds":[{"posx":0,"posy":0,"amount":300},{"posx":8,"posy":1,"amount":150},{"posx":19,"posy":1,"amount":150},{"posx":2,"posy":3,"amount":650},{"posx":4,"posy":3,"amount":500},{"posx":8,"posy":3,"amount":350},{"posx":12,"posy":3,"amount":400},{"posx":2,"posy":4,"amount":650},{"posx":4,"posy":4,"amount":550},{"posx":7,"posy":4,"amount":50},{"posx":1,"posy":5,"amount":500},{"posx":3,"posy":5,"amount":300},{"posx":8,"posy":6,"amount":350},{"posx":19,"posy":6,"amount":300},{"posx":3,"posy":7,"amount":650},{"posx":14,"posy":7,"amount":600},{"posx":2,"posy":8,"amount":250},{"posx":17,"posy":8,"amount":600},{"posx":18,"posy":8,"amount":100}],"changedObstacles":[]},{"players":[{"playerId":675419,"score":500,"energy":15,"posx":0,"posy":0,"lastAction":5,"status":0},{"playerId":206247,"score":500,"energy":25,"posx":3,"posy":5,"lastAction":5,"status":0},{"playerId":239305,"score":550,"energy":7,"posx":0,"posy":0,"lastAction":5,"status":0}],"golds":[{"posx":0,"posy":0,"amount":200},{"posx":8,"posy":1,"amount":150},{"posx":19,"posy":1,"amount":150},{"posx":2,"posy":3,"amount":650},{"posx":4,"posy":3,"amount":500},{"posx":8,"posy":3,"amount":350},{"posx":12,"posy":3,"amount":400},{"posx":2,"posy":4,"amount":650},{"posx":4,"posy":4,"amount":550},{"posx":7,"posy":4,"amount":50},{"posx":1,"posy":5,"amount":500},{"posx":3,"posy":5,"amount":250},{"posx":8,"posy":6,"amount":350},{"posx":19,"posy":6,"amount":300},{"posx":3,"posy":7,"amount":650},{"posx":14,"posy":7,"amount":600},{"posx":2,"posy":8,"amount":250},{"posx":17,"posy":8,"amount":600},{"posx":18,"posy":8,"amount":100}],"changedObstacles":[]},{"players":[{"playerId":675419,"score":550,"energy":10,"posx":0,"posy":0,"lastAction":5,"status":0},{"playerId":206247,"score":550,"energy":20,"posx":3,"posy":5,"lastAction":5,"status":0},{"playerId":239305,"score":600,"energy":2,"posx":0,"posy":0,"lastAction":5,"status":0}],"golds":[{"posx":0,"posy":0,"amount":100},{"posx":8,"posy":1,"amount":150},{"posx":19,"posy":1,"amount":150},{"posx":2,"posy":3,"amount":650},{"posx":4,"posy":3,"amount":500},{"posx":8,"posy":3,"amount":350},{"posx":12,"posy":3,"amount":400},{"posx":2,"posy":4,"amount":650},{"posx":4,"posy":4,"amount":550},{"posx":7,"posy":4,"amount":50},{"posx":1,"posy":5,"amount":500},{"posx":3,"posy":5,"amount":200},{"posx":8,"posy":6,"amount":350},{"posx":19,"posy":6,"amount":300},{"posx":3,"posy":7,"amount":650},{"posx":14,"posy":7,"amount":600},{"posx":2,"posy":8,"amount":250},{"posx":17,"posy":8,"amount":600},{"posx":18,"posy":8,"amount":100}],"changedObstacles":[]},{"players":[{"playerId":675419,"score":600,"energy":5,"posx":0,"posy":0,"lastAction":5,"status":0},{"playerId":206247,"score":600,"energy":15,"posx":3,"posy":5,"lastAction":5,"status":0},{"playerId":239305,"score":600,"energy":14,"posx":0,"posy":0,"lastAction":4,"status":0}],"golds":[{"posx":0,"posy":0,"amount":50},{"posx":8,"posy":1,"amount":150},{"posx":19,"posy":1,"amount":150},{"posx":2,"posy":3,"amount":650},{"posx":4,"posy":3,"amount":500},{"posx":8,"posy":3,"amount":350},{"posx":12,"posy":3,"amount":400},{"posx":2,"posy":4,"amount":650},{"posx":4,"posy":4,"amount":550},{"posx":7,"posy":4,"amount":50},{"posx":1,"posy":5,"amount":500},{"posx":3,"posy":5,"amount":150},{"posx":8,"posy":6,"amount":350},{"posx":19,"posy":6,"amount":300},{"posx":3,"posy":7,"amount":650},{"posx":14,"posy":7,"amount":600},{"posx":2,"posy":8,"amount":250},{"posx":17,"posy":8,"amount":600},{"posx":18,"posy":8,"amount":100}],"changedObstacles":[]},{"players":[{"playerId":675419,"score":600,"energy":17,"posx":0,"posy":0,"lastAction":4,"status":0},{"playerId":206247,"score":650,"energy":10,"posx":3,"posy":5,"lastAction":5,"status":0},{"playerId":239305,"score":650,"energy":9,"posx":0,"posy":0,"lastAction":5,"status":0}],"golds":[{"posx":8,"posy":1,"amount":150},{"posx":19,"posy":1,"amount":150},{"posx":2,"posy":3,"amount":650},{"posx":4,"posy":3,"amount":500},{"posx":8,"posy":3,"amount":350},{"posx":12,"posy":3,"amount":400},{"posx":2,"posy":4,"amount":650},{"posx":4,"posy":4,"amount":550},{"posx":7,"posy":4,"amount":50},{"posx":1,"posy":5,"amount":500},{"posx":3,"posy":5,"amount":100},{"posx":8,"posy":6,"amount":350},{"posx":19,"posy":6,"amount":300},{"posx":3,"posy":7,"amount":650},{"posx":14,"posy":7,"amount":600},{"posx":2,"posy":8,"amount":250},{"posx":17,"posy":8,"amount":600},{"posx":18,"posy":8,"amount":100}],"changedObstacles":[{"type":0,"posx":0,"posy":0,"value":-1}]},{"players":[{"playerId":675419,"score":600,"energy":33,"posx":0,"posy":0,"lastAction":4,"status":0},{"playerId":206247,"score":700,"energy":5,"posx":3,"posy":5,"lastAction":5,"status":0},{"playerId":239305,"score":650,"energy":8,"posx":0,"posy":1,"lastAction":3,"status":0}],"golds":[{"posx":8,"posy":1,"amount":150},{"posx":19,"posy":1,"amount":150},{"posx":2,"posy":3,"amount":650},{"posx":4,"posy":3,"amount":500},{"posx":8,"posy":3,"amount":350},{"posx":12,"posy":3,"amount":400},{"posx":2,"posy":4,"amount":650},{"posx":4,"posy":4,"amount":550},{"posx":7,"posy":4,"amount":50},{"posx":1,"posy":5,"amount":500},{"posx":3,"posy":5,"amount":50},{"posx":8,"posy":6,"amount":350},{"posx":19,"posy":6,"amount":300},{"posx":3,"posy":7,"amount":650},{"posx":14,"posy":7,"amount":600},{"posx":2,"posy":8,"amount":250},{"posx":17,"posy":8,"amount":600},{"posx":18,"posy":8,"amount":100}],"changedObstacles":[]},{"players":[{"playerId":675419,"score":600,"energy":32,"posx":1,"posy":0,"lastAction":1,"status":0},{"playerId":206247,"score":700,"energy":17,"posx":3,"posy":5,"lastAction":4,"status":0},{"playerId":239305,"score":650,"energy":20,"posx":0,"posy":1,"lastAction":4,"status":0}],"golds":[{"posx":8,"posy":1,"amount":150},{"posx":19,"posy":1,"amount":150},{"posx":2,"posy":3,"amount":650},{"posx":4,"posy":3,"amount":500},{"posx":8,"posy":3,"amount":350},{"posx":12,"posy":3,"amount":400},{"posx":2,"posy":4,"amount":650},{"posx":4,"posy":4,"amount":550},{"posx":7,"posy":4,"amount":50},{"posx":1,"posy":5,"amount":500},{"posx":3,"posy":5,"amount":50},{"posx":8,"posy":6,"amount":350},{"posx":19,"posy":6,"amount":300},{"posx":3,"posy":7,"amount":650},{"posx":14,"posy":7,"amount":600},{"posx":2,"posy":8,"amount":250},{"posx":17,"posy":8,"amount":600},{"posx":18,"posy":8,"amount":100}],"changedObstacles":[]},{"players":[{"playerId":675419,"score":600,"energy":31,"posx":1,"posy":1,"lastAction":3,"status":0},{"playerId":206247,"score":700,"energy":33,"posx":3,"posy":5,"lastAction":4,"status":0},{"playerId":239305,"score":650,"energy":36,"posx":0,"posy":1,"lastAction":4,"status":0}],"golds":[{"posx":8,"posy":1,"amount":150},{"posx":19,"posy":1,"amount":150},{"posx":2,"posy":3,"amount":650},{"posx":4,"posy":3,"amount":500},{"posx":8,"posy":3,"amount":350},{"posx":12,"posy":3,"amount":400},{"posx":2,"posy":4,"amount":650},{"posx":4,"posy":4,"amount":550},{"posx":7,"posy":4,"amount":50},{"posx":1,"posy":5,"amount":500},{"posx":3,"posy":5,"amount":50},{"posx":8,"posy":6,"amount":350},{"posx":19,"posy":6,"amount":300},{"posx":3,"posy":7,"amount":650},{"posx":14,"posy":7,"amount":600},{"posx":2,"posy":8,"amount":250},{"posx":17,"posy":8,"amount":600},{"posx":18,"posy":8,"amount":100}],"changedObstacles":[]},{"players":[{"playerId":675419,"score":600,"energy":30,"posx":2,"posy":1,"lastAction":1,"status":0},{"playerId":206247,"score":700,"energy":50,"posx":3,"posy":5,"lastAction":4,"status":0},{"playerId":239305,"score":650,"energy":35,"posx":1,"posy":1,"lastAction":1,"status":0}],"golds":[{"posx":8,"posy":1,"amount":150},{"posx":19,"posy":1,"amount":150},{"posx":2,"posy":3,"amount":650},{"posx":4,"posy":3,"amount":500},{"posx":8,"posy":3,"amount":350},{"posx":12,"posy":3,"amount":400},{"posx":2,"posy":4,"amount":650},{"posx":4,"posy":4,"amount":550},{"posx":7,"posy":4,"amount":50},{"posx":1,"posy":5,"amount":500},{"posx":3,"posy":5,"amount":50},{"posx":8,"posy":6,"amount":350},{"posx":19,"posy":6,"amount":300},{"posx":3,"posy":7,"amount":650},{"posx":14,"posy":7,"amount":600},{"posx":2,"posy":8,"amount":250},{"posx":17,"posy":8,"amount":600},{"posx":18,"posy":8,"amount":100}],"changedObstacles":[]},{"players":[{"playerId":675419,"score":600,"energy":25,"posx":2,"posy":2,"lastAction":3,"status":0},{"playerId":206247,"score":750,"energy":45,"posx":3,"posy":5,"lastAction":5,"status":0},{"playerId":239305,"score":650,"energy":34,"posx":2,"posy":1,"lastAction":1,"status":0}],"golds":[{"posx":8,"posy":1,"amount":150},{"posx":19,"posy":1,"amount":150},{"posx":2,"posy":3,"amount":650},{"posx":4,"posy":3,"amount":500},{"posx":8,"posy":3,"amount":350},{"posx":12,"posy":3,"amount":400},{"posx":2,"posy":4,"amount":650},{"posx":4,"posy":4,"amount":550},{"posx":7,"posy":4,"amount":50},{"posx":1,"posy":5,"amount":500},{"posx":8,"posy":6,"amount":350},{"posx":19,"posy":6,"amount":300},{"posx":3,"posy":7,"amount":650},{"posx":14,"posy":7,"amount":600},{"posx":2,"posy":8,"amount":250},{"posx":17,"posy":8,"amount":600},{"posx":18,"posy":8,"amount":100}],"changedObstacles":[{"type":3,"posx":2,"posy":2,"value":-20},{"type":0,"posx":3,"posy":5,"value":-1}]},{"players":[{"playerId":675419,"score":600,"energy":21,"posx":2,"posy":3,"lastAction":3,"status":0},{"playerId":206247,"score":750,"energy":40,"posx":2,"posy":5,"lastAction":0,"status":0},{"playerId":239305,"score":650,"energy":14,"posx":2,"posy":2,"lastAction":3,"status":0}],"golds":[{"posx":8,"posy":1,"amount":150},{"posx":19,"posy":1,"amount":150},{"posx":2,"posy":3,"amount":650},{"posx":4,"posy":3,"amount":500},{"posx":8,"posy":3,"amount":350},{"posx":12,"posy":3,"amount":400},{"posx":2,"posy":4,"amount":650},{"posx":4,"posy":4,"amount":550},{"posx":7,"posy":4,"amount":50},{"posx":1,"posy":5,"amount":500},{"posx":8,"posy":6,"amount":350},{"posx":19,"posy":6,"amount":300},{"posx":3,"posy":7,"amount":650},{"posx":14,"posy":7,"amount":600},{"posx":2,"posy":8,"amount":250},{"posx":17,"posy":8,"amount":600},{"posx":18,"posy":8,"amount":100}],"changedObstacles":[{"type":3,"posx":2,"posy":2,"value":-40},{"type":3,"posx":2,"posy":5,"value":-20}]},{"players":[{"playerId":675419,"score":600,"energy":17,"posx":2,"posy":4,"lastAction":3,"status":0},{"playerId":206247,"score":750,"energy":36,"posx":2,"posy":4,"lastAction":2,"status":0},{"playerId":239305,"score":650,"energy":10,"posx":2,"posy":3,"lastAction":3,"status":0}],"golds":[{"posx":8,"posy":1,"amount":150},{"posx":19,"posy":1,"amount":150},{"posx":2,"posy":3,"amount":650},{"posx":4,"posy":3,"amount":500},{"posx":8,"posy":3,"amount":350},{"posx":12,"posy":3,"amount":400},{"posx":2,"posy":4,"amount":650},{"posx":4,"posy":4,"amount":550},{"posx":7,"posy":4,"amount":50},{"posx":1,"posy":5,"amount":500},{"posx":8,"posy":6,"amount":350},{"posx":19,"posy":6,"amount":300},{"posx":3,"posy":7,"amount":650},{"posx":14,"posy":7,"amount":600},{"posx":2,"posy":8,"amount":250},{"posx":17,"posy":8,"amount":600},{"posx":18,"posy":8,"amount":100}],"changedObstacles":[]},{"players":[{"playerId":675419,"score":650,"energy":12,"posx":2,"posy":4,"lastAction":5,"status":0},{"playerId":206247,"score":800,"energy":31,"posx":2,"posy":4,"lastAction":5,"status":0},{"playerId":239305,"score":700,"energy":5,"posx":2,"posy":3,"lastAction":5,"status":0}],"golds":[{"posx":8,"posy":1,"amount":150},{"posx":19,"posy":1,"amount":150},{"posx":2,"posy":3,"amount":600},{"posx":4,"posy":3,"amount":500},{"posx":8,"posy":3,"amount":350},{"posx":12,"posy":3,"amount":400},{"posx":2,"posy":4,"amount":550},{"posx":4,"posy":4,"amount":550},{"posx":7,"posy":4,"amount":50},{"posx":1,"posy":5,"amount":500},{"posx":8,"posy":6,"amount":350},{"posx":19,"posy":6,"amount":300},{"posx":3,"posy":7,"amount":650},{"posx":14,"posy":7,"amount":600},{"posx":2,"posy":8,"amount":250},{"posx":17,"posy":8,"amount":600},{"posx":18,"posy":8,"amount":100}],"changedObstacles":[]},{"players":[{"playerId":675419,"score":700,"energy":7,"posx":2,"posy":4,"lastAction":5,"status":0},{"playerId":206247,"score":850,"energy":26,"posx":2,"posy":4,"lastAction":5,"status":0},{"playerId":239305,"score":700,"energy":17,"posx":2,"posy":3,"lastAction":4,"status":0}],"golds":[{"posx":8,"posy":1,"amount":150},{"posx":19,"posy":1,"amount":150},{"posx":2,"posy":3,"amount":600},{"posx":4,"posy":3,"amount":500},{"posx":8,"posy":3,"amount":350},{"posx":12,"posy":3,"amount":400},{"posx":2,"posy":4,"amount":450},{"posx":4,"posy":4,"amount":550},{"posx":7,"posy":4,"amount":50},{"posx":1,"posy":5,"amount":500},{"posx":8,"posy":6,"amount":350},{"posx":19,"posy":6,"amount":300},{"posx":3,"posy":7,"amount":650},{"posx":14,"posy":7,"amount":600},{"posx":2,"posy":8,"amount":250},{"posx":17,"posy":8,"amount":600},{"posx":18,"posy":8,"amount":100}],"changedObstacles":[]},{"players":[{"playerId":675419,"score":750,"energy":2,"posx":2,"posy":4,"lastAction":5,"status":0},{"playerId":206247,"score":900,"energy":21,"posx":2,"posy":4,"lastAction":5,"status":0},{"playerId":239305,"score":700,"energy":33,"posx":2,"posy":3,"lastAction":4,"status":0}],"golds":[{"posx":8,"posy":1,"amount":150},{"posx":19,"posy":1,"amount":150},{"posx":2,"posy":3,"amount":600},{"posx":4,"posy":3,"amount":500},{"posx":8,"posy":3,"amount":350},{"posx":12,"posy":3,"amount":400},{"posx":2,"posy":4,"amount":350},{"posx":4,"posy":4,"amount":550},{"posx":7,"posy":4,"amount":50},{"posx":1,"posy":5,"amount":500},{"posx":8,"posy":6,"amount":350},{"posx":19,"posy":6,"amount":300},{"posx":3,"posy":7,"amount":650},{"posx":14,"posy":7,"amount":600},{"posx":2,"posy":8,"amount":250},{"posx":17,"posy":8,"amount":600},{"posx":18,"posy":8,"amount":100}],"changedObstacles":[]},{"players":[{"playerId":675419,"score":750,"energy":14,"posx":2,"posy":4,"lastAction":4,"status":0},{"playerId":206247,"score":950,"energy":16,"posx":2,"posy":4,"lastAction":5,"status":0},{"playerId":239305,"score":750,"energy":28,"posx":2,"posy":3,"lastAction":5,"status":0}],"golds":[{"posx":8,"posy":1,"amount":150},{"posx":19,"posy":1,"amount":150},{"posx":2,"posy":3,"amount":550},{"posx":4,"posy":3,"amount":500},{"posx":8,"posy":3,"amount":350},{"posx":12,"posy":3,"amount":400},{"posx":2,"posy":4,"amount":300},{"posx":4,"posy":4,"amount":550},{"posx":7,"posy":4,"amount":50},{"posx":1,"posy":5,"amount":500},{"posx":8,"posy":6,"amount":350},{"posx":19,"posy":6,"amount":300},{"posx":3,"posy":7,"amount":650},{"posx":14,"posy":7,"amount":600},{"posx":2,"posy":8,"amount":250},{"posx":17,"posy":8,"amount":600},{"posx":18,"posy":8,"amount":100}],"changedObstacles":[]},{"players":[{"playerId":675419,"score":750,"energy":30,"posx":2,"posy":4,"lastAction":4,"status":0},{"playerId":206247,"score":1000,"energy":11,"posx":2,"posy":4,"lastAction":5,"status":0},{"playerId":239305,"score":800,"energy":23,"posx":2,"posy":3,"lastAction":5,"status":0}],"golds":[{"posx":8,"posy":1,"amount":150},{"posx":19,"posy":1,"amount":150},{"posx":2,"posy":3,"amount":500},{"posx":4,"posy":3,"amount":500},{"posx":8,"posy":3,"amount":350},{"posx":12,"posy":3,"amount":400},{"posx":2,"posy":4,"amount":250},{"posx":4,"posy":4,"amount":550},{"posx":7,"posy":4,"amount":50},{"posx":1,"posy":5,"amount":500},{"posx":8,"posy":6,"amount":350},{"posx":19,"posy":6,"amount":300},{"posx":3,"posy":7,"amount":650},{"posx":14,"posy":7,"amount":600},{"posx":2,"posy":8,"amount":250},{"posx":17,"posy":8,"amount":600},{"posx":18,"posy":8,"amount":100}],"changedObstacles":[]},{"players":[{"playerId":675419,"score":800,"energy":25,"posx":2,"posy":4,"lastAction":5,"status":0},{"playerId":206247,"score":1050,"energy":6,"posx":2,"posy":4,"lastAction":5,"status":0},{"playerId":239305,"score":850,"energy":18,"posx":2,"posy":3,"lastAction":5,"status":0}],"golds":[{"posx":8,"posy":1,"amount":150},{"posx":19,"posy":1,"amount":150},{"posx":2,"posy":3,"amount":450},{"posx":4,"posy":3,"amount":500},{"posx":8,"posy":3,"amount":350},{"posx":12,"posy":3,"amount":400},{"posx":2,"posy":4,"amount":150},{"posx":4,"posy":4,"amount":550},{"posx":7,"posy":4,"amount":50},{"posx":1,"posy":5,"amount":500},{"posx":8,"posy":6,"amount":350},{"posx":19,"posy":6,"amount":300},{"posx":3,"posy":7,"amount":650},{"posx":14,"posy":7,"amount":600},{"posx":2,"posy":8,"amount":250},{"posx":17,"posy":8,"amount":600},{"posx":18,"posy":8,"amount":100}],"changedObstacles":[]},{"players":[{"playerId":675419,"score":850,"energy":20,"posx":2,"posy":4,"lastAction":5,"status":0},{"playerId":206247,"score":1100,"energy":1,"posx":2,"posy":4,"lastAction":5,"status":0},{"playerId":239305,"score":900,"energy":13,"posx":2,"posy":3,"lastAction":5,"status":0}],"golds":[{"posx":8,"posy":1,"amount":150},{"posx":19,"posy":1,"amount":150},{"posx":2,"posy":3,"amount":400},{"posx":4,"posy":3,"amount":500},{"posx":8,"posy":3,"amount":350},{"posx":12,"posy":3,"amount":400},{"posx":2,"posy":4,"amount":50},{"posx":4,"posy":4,"amount":550},{"posx":7,"posy":4,"amount":50},{"posx":1,"posy":5,"amount":500},{"posx":8,"posy":6,"amount":350},{"posx":19,"posy":6,"amount":300},{"posx":3,"posy":7,"amount":650},{"posx":14,"posy":7,"amount":600},{"posx":2,"posy":8,"amount":250},{"posx":17,"posy":8,"amount":600},{"posx":18,"posy":8,"amount":100}],"changedObstacles":[]},{"players":[{"playerId":675419,"score":900,"energy":15,"posx":2,"posy":4,"lastAction":5,"status":0},{"playerId":206247,"score":1100,"energy":13,"posx":2,"posy":4,"lastAction":4,"status":0},{"playerId":239305,"score":950,"energy":8,"posx":2,"posy":3,"lastAction":5,"status":0}],"golds":[{"posx":8,"posy":1,"amount":150},{"posx":19,"posy":1,"amount":150},{"posx":2,"posy":3,"amount":350},{"posx":4,"posy":3,"amount":500},{"posx":8,"posy":3,"amount":350},{"posx":12,"posy":3,"amount":400},{"posx":4,"posy":4,"amount":550},{"posx":7,"posy":4,"amount":50},{"posx":1,"posy":5,"amount":500},{"posx":8,"posy":6,"amount":350},{"posx":19,"posy":6,"amount":300},{"posx":3,"posy":7,"amount":650},{"posx":14,"posy":7,"amount":600},{"posx":2,"posy":8,"amount":250},{"posx":17,"posy":8,"amount":600},{"posx":18,"posy":8,"amount":100}],"changedObstacles":[{"type":0,"posx":2,"posy":4,"value":-1}]},{"players":[{"playerId":675419,"score":900,"energy":27,"posx":2,"posy":4,"lastAction":4,"status":0},{"playerId":206247,"score":1100,"energy":29,"posx":2,"posy":4,"lastAction":4,"status":0},{"playerId":239305,"score":1000,"energy":3,"posx":2,"posy":3,"lastAction":5,"status":0}],"golds":[{"posx":8,"posy":1,"amount":150},{"posx":19,"posy":1,"amount":150},{"posx":2,"posy":3,"amount":300},{"posx":4,"posy":3,"amount":500},{"posx":8,"posy":3,"amount":350},{"posx":12,"posy":3,"amount":400},{"posx":4,"posy":4,"amount":550},{"posx":7,"posy":4,"amount":50},{"posx":1,"posy":5,"amount":500},{"posx":8,"posy":6,"amount":350},{"posx":19,"posy":6,"amount":300},{"posx":3,"posy":7,"amount":650},{"posx":14,"posy":7,"amount":600},{"posx":2,"posy":8,"amount":250},{"posx":17,"posy":8,"amount":600},{"posx":18,"posy":8,"amount":100}],"changedObstacles":[]},{"players":[{"playerId":675419,"score":900,"energy":7,"posx":3,"posy":4,"lastAction":1,"status":0},{"playerId":206247,"score":1100,"energy":50,"posx":2,"posy":4,"lastAction":4,"status":0},{"playerId":239305,"score":1000,"energy":15,"posx":2,"posy":3,"lastAction":4,"status":0}],"golds":[{"posx":8,"posy":1,"amount":150},{"posx":19,"posy":1,"amount":150},{"posx":2,"posy":3,"amount":300},{"posx":4,"posy":3,"amount":500},{"posx":8,"posy":3,"amount":350},{"posx":12,"posy":3,"amount":400},{"posx":4,"posy":4,"amount":550},{"posx":7,"posy":4,"amount":50},{"posx":1,"posy":5,"amount":500},{"posx":8,"posy":6,"amount":350},{"posx":19,"posy":6,"amount":300},{"posx":3,"posy":7,"amount":650},{"posx":14,"posy":7,"amount":600},{"posx":2,"posy":8,"amount":250},{"posx":17,"posy":8,"amount":600},{"posx":18,"posy":8,"amount":100}],"changedObstacles":[{"type":3,"posx":3,"posy":4,"value":-40}]},{"players":[{"playerId":675419,"score":900,"energy":3,"posx":4,"posy":4,"lastAction":1,"status":0},{"playerId":206247,"score":1100,"energy":46,"posx":2,"posy":3,"lastAction":2,"status":0},{"playerId":239305,"score":1050,"energy":10,"posx":2,"posy":3,"lastAction":5,"status":0}],"golds":[{"posx":8,"posy":1,"amount":150},{"posx":19,"posy":1,"amount":150},{"posx":2,"posy":3,"amount":250},{"posx":4,"posy":3,"amount":500},{"posx":8,"posy":3,"amount":350},{"posx":12,"posy":3,"amount":400},{"posx":4,"posy":4,"amount":550},{"posx":7,"posy":4,"amount":50},{"posx":1,"posy":5,"amount":500},{"posx":8,"posy":6,"amount":350},{"posx":19,"posy":6,"amount":300},{"posx":3,"posy":7,"amount":650},{"posx":14,"posy":7,"amount":600},{"posx":2,"posy":8,"amount":250},{"posx":17,"posy":8,"amount":600},{"posx":18,"posy":8,"amount":100}],"changedObstacles":[]},{"players":[{"playerId":675419,"score":900,"energy":15,"posx":4,"posy":4,"lastAction":4,"status":0},{"playerId":206247,"score":1150,"energy":41,"posx":2,"posy":3,"lastAction":5,"status":0},{"playerId":239305,"score":1100,"energy":5,"posx":2,"posy":3,"lastAction":5,"status":0}],"golds":[{"posx":8,"posy":1,"amount":150},{"posx":19,"posy":1,"amount":150},{"posx":2,"posy":3,"amount":150},{"posx":4,"posy":3,"amount":500},{"posx":8,"posy":3,"amount":350},{"posx":12,"posy":3,"amount":400},{"posx":4,"posy":4,"amount":550},{"posx":7,"posy":4,"amount":50},{"posx":1,"posy":5,"amount":500},{"posx":8,"posy":6,"amount":350},{"posx":19,"posy":6,"amount":300},{"posx":3,"posy":7,"amount":650},{"posx":14,"posy":7,"amount":600},{"posx":2,"posy":8,"amount":250},{"posx":17,"posy":8,"amount":600},{"posx":18,"posy":8,"amount":100}],"changedObstacles":[]},{"players":[{"playerId":675419,"score":900,"energy":31,"posx":4,"posy":4,"lastAction":4,"status":0},{"playerId":206247,"score":1200,"energy":36,"posx":2,"posy":3,"lastAction":5,"status":0},{"playerId":239305,"score":1100,"energy":17,"posx":2,"posy":3,"lastAction":4,"status":0}],"golds":[{"posx":8,"posy":1,"amount":150},{"posx":19,"posy":1,"amount":150},{"posx":2,"posy":3,"amount":100},{"posx":4,"posy":3,"amount":500},{"posx":8,"posy":3,"amount":350},{"posx":12,"posy":3,"amount":400},{"posx":4,"posy":4,"amount":550},{"posx":7,"posy":4,"amount":50},{"posx":1,"posy":5,"amount":500},{"posx":8,"posy":6,"amount":350},{"posx":19,"posy":6,"amount":300},{"posx":3,"posy":7,"amount":650},{"posx":14,"posy":7,"amount":600},{"posx":2,"posy":8,"amount":250},{"posx":17,"posy":8,"amount":600},{"posx":18,"posy":8,"amount":100}],"changedObstacles":[]},{"players":[{"playerId":675419,"score":950,"energy":26,"posx":4,"posy":4,"lastAction":5,"status":0},{"playerId":206247,"score":1250,"energy":31,"posx":2,"posy":3,"lastAction":5,"status":0},{"playerId":239305,"score":1150,"energy":12,"posx":2,"posy":3,"lastAction":5,"status":0}],"golds":[{"posx":8,"posy":1,"amount":150},{"posx":19,"posy":1,"amount":150},{"posx":4,"posy":3,"amount":500},{"posx":8,"posy":3,"amount":350},{"posx":12,"posy":3,"amount":400},{"posx":4,"posy":4,"amount":500},{"posx":7,"posy":4,"amount":50},{"posx":1,"posy":5,"amount":500},{"posx":8,"posy":6,"amount":350},{"posx":19,"posy":6,"amount":300},{"posx":3,"posy":7,"amount":650},{"posx":14,"posy":7,"amount":600},{"posx":2,"posy":8,"amount":250},{"posx":17,"posy":8,"amount":600},{"posx":18,"posy":8,"amount":100}],"changedObstacles":[{"type":0,"posx":2,"posy":3,"value":-1}]},{"players":[{"playerId":675419,"score":1000,"energy":21,"posx":4,"posy":4,"lastAction":5,"status":0},{"playerId":206247,"score":1250,"energy":11,"posx":3,"posy":3,"lastAction":1,"status":0},{"playerId":239305,"score":1150,"energy":11,"posx":1,"posy":3,"lastAction":0,"status":0}],"golds":[{"posx":8,"posy":1,"amount":150},{"posx":19,"posy":1,"amount":150},{"posx":4,"posy":3,"amount":500},{"posx":8,"posy":3,"amount":350},{"posx":12,"posy":3,"amount":400},{"posx":4,"posy":4,"amount":450},{"posx":7,"posy":4,"amount":50},{"posx":1,"posy":5,"amount":500},{"posx":8,"posy":6,"amount":350},{"posx":19,"posy":6,"amount":300},{"posx":3,"posy":7,"amount":650},{"posx":14,"posy":7,"amount":600},{"posx":2,"posy":8,"amount":250},{"posx":17,"posy":8,"amount":600},{"posx":18,"posy":8,"amount":100}],"changedObstacles":[{"type":3,"posx":3,"posy":3,"value":-40}]},{"players":[{"playerId":675419,"score":1050,"energy":16,"posx":4,"posy":4,"lastAction":5,"status":0},{"playerId":206247,"score":1250,"energy":7,"posx":4,"posy":3,"lastAction":1,"status":0},{"playerId":239305,"score":1150,"energy":10,"posx":1,"posy":4,"lastAction":3,"status":0}],"golds":[{"posx":8,"posy":1,"amount":150},{"posx":19,"posy":1,"amount":150},{"posx":4,"posy":3,"amount":500},{"posx":8,"posy":3,"amount":350},{"posx":12,"posy":3,"amount":400},{"posx":4,"posy":4,"amount":400},{"posx":7,"posy":4,"amount":50},{"posx":1,"posy":5,"amount":500},{"posx":8,"posy":6,"amount":350},{"posx":19,"posy":6,"amount":300},{"posx":3,"posy":7,"amount":650},{"posx":14,"posy":7,"amount":600},{"posx":2,"posy":8,"amount":250},{"posx":17,"posy":8,"amount":600},{"posx":18,"posy":8,"amount":100}],"changedObstacles":[]},{"players":[{"playerId":675419,"score":1100,"energy":11,"posx":4,"posy":4,"lastAction":5,"status":0},{"playerId":206247,"score":1300,"energy":2,"posx":4,"posy":3,"lastAction":5,"status":0},{"playerId":239305,"score":1150,"energy":6,"posx":1,"posy":5,"lastAction":3,"status":0}],"golds":[{"posx":8,"posy":1,"amount":150},{"posx":19,"posy":1,"amount":150},{"posx":4,"posy":3,"amount":450},{"posx":8,"posy":3,"amount":350},{"posx":12,"posy":3,"amount":400},{"posx":4,"posy":4,"amount":350},{"posx":7,"posy":4,"amount":50},{"posx":1,"posy":5,"amount":500},{"posx":8,"posy":6,"amount":350},{"posx":19,"posy":6,"amount":300},{"posx":3,"posy":7,"amount":650},{"posx":14,"posy":7,"amount":600},{"posx":2,"posy":8,"amount":250},{"posx":17,"posy":8,"amount":600},{"posx":18,"posy":8,"amount":100}],"changedObstacles":[]},{"players":[{"playerId":675419,"score":1150,"energy":6,"posx":4,"posy":4,"lastAction":5,"status":0},{"playerId":206247,"score":1300,"energy":14,"posx":4,"posy":3,"lastAction":4,"status":0},{"playerId":239305,"score":1200,"energy":1,"posx":1,"posy":5,"lastAction":5,"status":0}],"golds":[{"posx":8,"posy":1,"amount":150},{"posx":19,"posy":1,"amount":150},{"posx":4,"posy":3,"amount":450},{"posx":8,"posy":3,"amount":350},{"posx":12,"posy":3,"amount":400},{"posx":4,"posy":4,"amount":300},{"posx":7,"posy":4,"amount":50},{"posx":1,"posy":5,"amount":450},{"posx":8,"posy":6,"amount":350},{"posx":19,"posy":6,"amount":300},{"posx":3,"posy":7,"amount":650},{"posx":14,"posy":7,"amount":600},{"posx":2,"posy":8,"amount":250},{"posx":17,"posy":8,"amount":600},{"posx":18,"posy":8,"amount":100}],"changedObstacles":[]},{"players":[{"playerId":675419,"score":1200,"energy":1,"posx":4,"posy":4,"lastAction":5,"status":0},{"playerId":206247,"score":1300,"energy":30,"posx":4,"posy":3,"lastAction":4,"status":0},{"playerId":239305,"score":1200,"energy":13,"posx":1,"posy":5,"lastAction":4,"status":0}],"golds":[{"posx":8,"posy":1,"amount":150},{"posx":19,"posy":1,"amount":150},{"posx":4,"posy":3,"amount":450},{"posx":8,"posy":3,"amount":350},{"posx":12,"posy":3,"amount":400},{"posx":4,"posy":4,"amount":250},{"posx":7,"posy":4,"amount":50},{"posx":1,"posy":5,"amount":450},{"posx":8,"posy":6,"amount":350},{"posx":19,"posy":6,"amount":300},{"posx":3,"posy":7,"amount":650},{"posx":14,"posy":7,"amount":600},{"posx":2,"posy":8,"amount":250},{"posx":17,"posy":8,"amount":600},{"posx":18,"posy":8,"amount":100}],"changedObstacles":[]},{"players":[{"playerId":675419,"score":1200,"energy":13,"posx":4,"posy":4,"lastAction":4,"status":0},{"playerId":206247,"score":1300,"energy":50,"posx":4,"posy":3,"lastAction":4,"status":0},{"playerId":239305,"score":1200,"energy":29,"posx":1,"posy":5,"lastAction":4,"status":0}],"golds":[{"posx":8,"posy":1,"amount":150},{"posx":19,"posy":1,"amount":150},{"posx":4,"posy":3,"amount":450},{"posx":8,"posy":3,"amount":350},{"posx":12,"posy":3,"amount":400},{"posx":4,"posy":4,"amount":250},{"posx":7,"posy":4,"amount":50},{"posx":1,"posy":5,"amount":450},{"posx":8,"posy":6,"amount":350},{"posx":19,"posy":6,"amount":300},{"posx":3,"posy":7,"amount":650},{"posx":14,"posy":7,"amount":600},{"posx":2,"posy":8,"amount":250},{"posx":17,"posy":8,"amount":600},{"posx":18,"posy":8,"amount":100}],"changedObstacles":[]},{"players":[{"playerId":675419,"score":1200,"energy":29,"posx":4,"posy":4,"lastAction":4,"status":0},{"playerId":206247,"score":1350,"energy":45,"posx":4,"posy":3,"lastAction":5,"status":0},{"playerId":239305,"score":1250,"energy":24,"posx":1,"posy":5,"lastAction":5,"status":0}],"golds":[{"posx":8,"posy":1,"amount":150},{"posx":19,"posy":1,"amount":150},{"posx":4,"posy":3,"amount":400},{"posx":8,"posy":3,"amount":350},{"posx":12,"posy":3,"amount":400},{"posx":4,"posy":4,"amount":250},{"posx":7,"posy":4,"amount":50},{"posx":1,"posy":5,"amount":400},{"posx":8,"posy":6,"amount":350},{"posx":19,"posy":6,"amount":300},{"posx":3,"posy":7,"amount":650},{"posx":14,"posy":7,"amount":600},{"posx":2,"posy":8,"amount":250},{"posx":17,"posy":8,"amount":600},{"posx":18,"posy":8,"amount":100}],"changedObstacles":[]},{"players":[{"playerId":675419,"score":1250,"energy":24,"posx":4,"posy":4,"lastAction":5,"status":0},{"playerId":206247,"score":1400,"energy":40,"posx":4,"posy":3,"lastAction":5,"status":0},{"playerId":239305,"score":1300,"energy":19,"posx":1,"posy":5,"lastAction":5,"status":0}],"golds":[{"posx":8,"posy":1,"amount":150},{"posx":19,"posy":1,"amount":150},{"posx":4,"posy":3,"amount":350},{"posx":8,"posy":3,"amount":350},{"posx":12,"posy":3,"amount":400},{"posx":4,"posy":4,"amount":200},{"posx":7,"posy":4,"amount":50},{"posx":1,"posy":5,"amount":350},{"posx":8,"posy":6,"amount":350},{"posx":19,"posy":6,"amount":300},{"posx":3,"posy":7,"amount":650},{"posx":14,"posy":7,"amount":600},{"posx":2,"posy":8,"amount":250},{"posx":17,"posy":8,"amount":600},{"posx":18,"posy":8,"amount":100}],"changedObstacles":[]},{"players":[{"playerId":675419,"score":1300,"energy":19,"posx":4,"posy":4,"lastAction":5,"status":0},{"playerId":206247,"score":1450,"energy":35,"posx":4,"posy":3,"lastAction":5,"status":0},{"playerId":239305,"score":1350,"energy":14,"posx":1,"posy":5,"lastAction":5,"status":0}],"golds":[{"posx":8,"posy":1,"amount":150},{"posx":19,"posy":1,"amount":150},{"posx":4,"posy":3,"amount":300},{"posx":8,"posy":3,"amount":350},{"posx":12,"posy":3,"amount":400},{"posx":4,"posy":4,"amount":150},{"posx":7,"posy":4,"amount":50},{"posx":1,"posy":5,"amount":300},{"posx":8,"posy":6,"amount":350},{"posx":19,"posy":6,"amount":300},{"posx":3,"posy":7,"amount":650},{"posx":14,"posy":7,"amount":600},{"posx":2,"posy":8,"amount":250},{"posx":17,"posy":8,"amount":600},{"posx":18,"posy":8,"amount":100}],"changedObstacles":[]},{"players":[{"playerId":675419,"score":1350,"energy":14,"posx":4,"posy":4,"lastAction":5,"status":0},{"playerId":206247,"score":1500,"energy":30,"posx":4,"posy":3,"lastAction":5,"status":0},{"playerId":239305,"score":1400,"energy":9,"posx":1,"posy":5,"lastAction":5,"status":0}],"golds":[{"posx":8,"posy":1,"amount":150},{"posx":19,"posy":1,"amount":150},{"posx":4,"posy":3,"amount":250},{"posx":8,"posy":3,"amount":350},{"posx":12,"posy":3,"amount":400},{"posx":4,"posy":4,"amount":100},{"posx":7,"posy":4,"amount":50},{"posx":1,"posy":5,"amount":250},{"posx":8,"posy":6,"amount":350},{"posx":19,"posy":6,"amount":300},{"posx":3,"posy":7,"amount":650},{"posx":14,"posy":7,"amount":600},{"posx":2,"posy":8,"amount":250},{"posx":17,"posy":8,"amount":600},{"posx":18,"posy":8,"amount":100}],"changedObstacles":[]},{"players":[{"playerId":675419,"score":1400,"energy":9,"posx":4,"posy":4,"lastAction":5,"status":0},{"playerId":206247,"score":1550,"energy":25,"posx":4,"posy":3,"lastAction":5,"status":0},{"playerId":239305,"score":1450,"energy":4,"posx":1,"posy":5,"lastAction":5,"status":0}],"golds":[{"posx":8,"posy":1,"amount":150},{"posx":19,"posy":1,"amount":150},{"posx":4,"posy":3,"amount":200},{"posx":8,"posy":3,"amount":350},{"posx":12,"posy":3,"amount":400},{"posx":4,"posy":4,"amount":50},{"posx":7,"posy":4,"amount":50},{"posx":1,"posy":5,"amount":200},{"posx":8,"posy":6,"amount":350},{"posx":19,"posy":6,"amount":300},{"posx":3,"posy":7,"amount":650},{"posx":14,"posy":7,"amount":600},{"posx":2,"posy":8,"amount":250},{"posx":17,"posy":8,"amount":600},{"posx":18,"posy":8,"amount":100}],"changedObstacles":[]},{"players":[{"playerId":675419,"score":1450,"energy":4,"posx":4,"posy":4,"lastAction":5,"status":0},{"playerId":206247,"score":1600,"energy":20,"posx":4,"posy":3,"lastAction":5,"status":0},{"playerId":239305,"score":1450,"energy":16,"posx":1,"posy":5,"lastAction":4,"status":0}],"golds":[{"posx":8,"posy":1,"amount":150},{"posx":19,"posy":1,"amount":150},{"posx":4,"posy":3,"amount":150},{"posx":8,"posy":3,"amount":350},{"posx":12,"posy":3,"amount":400},{"posx":7,"posy":4,"amount":50},{"posx":1,"posy":5,"amount":200},{"posx":8,"posy":6,"amount":350},{"posx":19,"posy":6,"amount":300},{"posx":3,"posy":7,"amount":650},{"posx":14,"posy":7,"amount":600},{"posx":2,"posy":8,"amount":250},{"posx":17,"posy":8,"amount":600},{"posx":18,"posy":8,"amount":100}],"changedObstacles":[{"type":0,"posx":4,"posy":4,"value":-1}]},{"players":[{"playerId":675419,"score":1450,"energy":16,"posx":4,"posy":4,"lastAction":4,"status":0},{"playerId":206247,"score":1650,"energy":15,"posx":4,"posy":3,"lastAction":5,"status":0},{"playerId":239305,"score":1500,"energy":11,"posx":1,"posy":5,"lastAction":5,"status":0}],"golds":[{"posx":8,"posy":1,"amount":150},{"posx":19,"posy":1,"amount":150},{"posx":4,"posy":3,"amount":100},{"posx":8,"posy":3,"amount":350},{"posx":12,"posy":3,"amount":400},{"posx":7,"posy":4,"amount":50},{"posx":1,"posy":5,"amount":150},{"posx":8,"posy":6,"amount":350},{"posx":19,"posy":6,"amount":300},{"posx":3,"posy":7,"amount":650},{"posx":14,"posy":7,"amount":600},{"posx":2,"posy":8,"amount":250},{"posx":17,"posy":8,"amount":600},{"posx":18,"posy":8,"amount":100}],"changedObstacles":[]},{"players":[{"playerId":675419,"score":1450,"energy":6,"posx":4,"posy":5,"lastAction":3,"status":0},{"playerId":206247,"score":1700,"energy":10,"posx":4,"posy":3,"lastAction":5,"status":0},{"playerId":239305,"score":1550,"energy":6,"posx":1,"posy":5,"lastAction":5,"status":0}],"golds":[{"posx":8,"posy":1,"amount":150},{"posx":19,"posy":1,"amount":150},{"posx":4,"posy":3,"amount":50},{"posx":8,"posy":3,"amount":350},{"posx":12,"posy":3,"amount":400},{"posx":7,"posy":4,"amount":50},{"posx":1,"posy":5,"amount":100},{"posx":8,"posy":6,"amount":350},{"posx":19,"posy":6,"amount":300},{"posx":3,"posy":7,"amount":650},{"posx":14,"posy":7,"amount":600},{"posx":2,"posy":8,"amount":250},{"posx":17,"posy":8,"amount":600},{"posx":18,"posy":8,"amount":100}],"changedObstacles":[{"type":0,"posx":4,"posy":5,"value":-1}]},{"players":[{"playerId":675419,"score":1450,"energy":5,"posx":3,"posy":5,"lastAction":0,"status":0},{"playerId":206247,"score":1750,"energy":5,"posx":4,"posy":3,"lastAction":5,"status":0},{"playerId":239305,"score":1600,"energy":1,"posx":1,"posy":5,"lastAction":5,"status":0}],"golds":[{"posx":8,"posy":1,"amount":150},{"posx":19,"posy":1,"amount":150},{"posx":8,"posy":3,"amount":350},{"posx":12,"posy":3,"amount":400},{"posx":7,"posy":4,"amount":50},{"posx":1,"posy":5,"amount":50},{"posx":8,"posy":6,"amount":350},{"posx":19,"posy":6,"amount":300},{"posx":3,"posy":7,"amount":650},{"posx":14,"posy":7,"amount":600},{"posx":2,"posy":8,"amount":250},{"posx":17,"posy":8,"amount":600},{"posx":18,"posy":8,"amount":100}],"changedObstacles":[{"type":0,"posx":4,"posy":3,"value":-1}]},{"players":[{"playerId":675419,"score":1450,"energy":17,"posx":3,"posy":5,"lastAction":4,"status":0},{"playerId":206247,"score":1750,"energy":4,"posx":5,"posy":3,"lastAction":1,"status":0},{"playerId":239305,"score":1600,"energy":13,"posx":1,"posy":5,"lastAction":4,"status":0}],"golds":[{"posx":8,"posy":1,"amount":150},{"posx":19,"posy":1,"amount":150},{"posx":8,"posy":3,"amount":350},{"posx":12,"posy":3,"amount":400},{"posx":7,"posy":4,"amount":50},{"posx":1,"posy":5,"amount":50},{"posx":8,"posy":6,"amount":350},{"posx":19,"posy":6,"amount":300},{"posx":3,"posy":7,"amount":650},{"posx":14,"posy":7,"amount":600},{"posx":2,"posy":8,"amount":250},{"posx":17,"posy":8,"amount":600},{"posx":18,"posy":8,"amount":100}],"changedObstacles":[]},{"players":[{"playerId":675419,"score":1450,"energy":33,"posx":3,"posy":5,"lastAction":4,"status":0},{"playerId":206247,"score":1750,"energy":16,"posx":5,"posy":3,"lastAction":4,"status":0},{"playerId":239305,"score":1650,"energy":8,"posx":1,"posy":5,"lastAction":5,"status":0}],"golds":[{"posx":8,"posy":1,"amount":150},{"posx":19,"posy":1,"amount":150},{"posx":8,"posy":3,"amount":350},{"posx":12,"posy":3,"amount":400},{"posx":7,"posy":4,"amount":50},{"posx":8,"posy":6,"amount":350},{"posx":19,"posy":6,"amount":300},{"posx":3,"posy":7,"amount":650},{"posx":14,"posy":7,"amount":600},{"posx":2,"posy":8,"amount":250},{"posx":17,"posy":8,"amount":600},{"posx":18,"posy":8,"amount":100}],"changedObstacles":[{"type":0,"posx":1,"posy":5,"value":-1}]},{"players":[{"playerId":675419,"score":1450,"energy":13,"posx":2,"posy":5,"lastAction":0,"status":0},{"playerId":206247,"score":1750,"energy":32,"posx":5,"posy":3,"lastAction":4,"status":0},{"playerId":239305,"score":1650,"energy":20,"posx":1,"posy":5,"lastAction":4,"status":0}],"golds":[{"posx":8,"posy":1,"amount":150},{"posx":19,"posy":1,"amount":150},{"posx":8,"posy":3,"amount":350},{"posx":12,"posy":3,"amount":400},{"posx":7,"posy":4,"amount":50},{"posx":8,"posy":6,"amount":350},{"posx":19,"posy":6,"amount":300},{"posx":3,"posy":7,"amount":650},{"posx":14,"posy":7,"amount":600},{"posx":2,"posy":8,"amount":250},{"posx":17,"posy":8,"amount":600},{"posx":18,"posy":8,"amount":100}],"changedObstacles":[{"type":3,"posx":2,"posy":5,"value":-40}]},{"players":[{"playerId":675419,"score":1450,"energy":12,"posx":1,"posy":5,"lastAction":0,"status":0},{"playerId":206247,"score":1750,"energy":50,"posx":5,"posy":3,"lastAction":4,"status":0},{"playerId":239305,"score":1650,"energy":36,"posx":1,"posy":5,"lastAction":4,"status":0}],"golds":[{"posx":8,"posy":1,"amount":150},{"posx":19,"posy":1,"amount":150},{"posx":8,"posy":3,"amount":350},{"posx":12,"posy":3,"amount":400},{"posx":7,"posy":4,"amount":50},{"posx":8,"posy":6,"amount":350},{"posx":19,"posy":6,"amount":300},{"posx":3,"posy":7,"amount":650},{"posx":14,"posy":7,"amount":600},{"posx":2,"posy":8,"amount":250},{"posx":17,"posy":8,"amount":600},{"posx":18,"posy":8,"amount":100}],"changedObstacles":[]},{"players":[{"playerId":675419,"score":1450,"energy":11,"posx":1,"posy":6,"lastAction":3,"status":0},{"playerId":206247,"score":1750,"energy":45,"posx":6,"posy":3,"lastAction":1,"status":0},{"playerId":239305,"score":1650,"energy":35,"posx":1,"posy":6,"lastAction":3,"status":0}],"golds":[{"posx":8,"posy":1,"amount":150},{"posx":19,"posy":1,"amount":150},{"posx":8,"posy":3,"amount":350},{"posx":12,"posy":3,"amount":400},{"posx":7,"posy":4,"amount":50},{"posx":8,"posy":6,"amount":350},{"posx":19,"posy":6,"amount":300},{"posx":3,"posy":7,"amount":650},{"posx":14,"posy":7,"amount":600},{"posx":2,"posy":8,"amount":250},{"posx":17,"posy":8,"amount":600},{"posx":18,"posy":8,"amount":100}],"changedObstacles":[{"type":3,"posx":6,"posy":3,"value":-20}]},{"players":[{"playerId":675419,"score":1450,"energy":6,"posx":1,"posy":7,"lastAction":3,"status":0},{"playerId":206247,"score":1750,"energy":44,"posx":7,"posy":3,"lastAction":1,"status":0},{"playerId":239305,"score":1650,"energy":30,"posx":1,"posy":7,"lastAction":3,"status":0}],"golds":[{"posx":8,"posy":1,"amount":150},{"posx":19,"posy":1,"amount":150},{"posx":8,"posy":3,"amount":350},{"posx":12,"posy":3,"amount":400},{"posx":7,"posy":4,"amount":50},{"posx":8,"posy":6,"amount":350},{"posx":19,"posy":6,"amount":300},{"posx":3,"posy":7,"amount":650},{"posx":14,"posy":7,"amount":600},{"posx":2,"posy":8,"amount":250},{"posx":17,"posy":8,"amount":600},{"posx":18,"posy":8,"amount":100}],"changedObstacles":[{"type":3,"posx":1,"posy":7,"value":-20}]},{"players":[{"playerId":675419,"score":1450,"energy":5,"posx":2,"posy":7,"lastAction":1,"status":0},{"playerId":206247,"score":1750,"energy":40,"posx":8,"posy":3,"lastAction":1,"status":0},{"playerId":239305,"score":1650,"energy":29,"posx":2,"posy":7,"lastAction":1,"status":0}],"golds":[{"posx":8,"posy":1,"amount":150},{"posx":19,"posy":1,"amount":150},{"posx":8,"posy":3,"amount":350},{"posx":12,"posy":3,"amount":400},{"posx":7,"posy":4,"amount":50},{"posx":8,"posy":6,"amount":350},{"posx":19,"posy":6,"amount":300},{"posx":3,"posy":7,"amount":650},{"posx":14,"posy":7,"amount":600},{"posx":2,"posy":8,"amount":250},{"posx":17,"posy":8,"amount":600},{"posx":18,"posy":8,"amount":100}],"changedObstacles":[]},{"players":[{"playerId":675419,"score":1450,"energy":17,"posx":2,"posy":7,"lastAction":4,"status":0},{"playerId":206247,"score":1800,"energy":35,"posx":8,"posy":3,"lastAction":5,"status":0},{"playerId":239305,"score":1650,"energy":25,"posx":3,"posy":7,"lastAction":1,"status":0}],"golds":[{"posx":8,"posy":1,"amount":150},{"posx":19,"posy":1,"amount":150},{"posx":8,"posy":3,"amount":300},{"posx":12,"posy":3,"amount":400},{"posx":7,"posy":4,"amount":50},{"posx":8,"posy":6,"amount":350},{"posx":19,"posy":6,"amount":300},{"posx":3,"posy":7,"amount":650},{"posx":14,"posy":7,"amount":600},{"posx":2,"posy":8,"amount":250},{"posx":17,"posy":8,"amount":600},{"posx":18,"posy":8,"amount":100}],"changedObstacles":[]},{"players":[{"playerId":675419,"score":1450,"energy":13,"posx":2,"posy":8,"lastAction":3,"status":0},{"playerId":206247,"score":1850,"energy":30,"posx":8,"posy":3,"lastAction":5,"status":0},{"playerId":239305,"score":1700,"energy":20,"posx":3,"posy":7,"lastAction":5,"status":0}],"golds":[{"posx":8,"posy":1,"amount":150},{"posx":19,"posy":1,"amount":150},{"posx":8,"posy":3,"amount":250},{"posx":12,"posy":3,"amount":400},{"posx":7,"posy":4,"amount":50},{"posx":8,"posy":6,"amount":350},{"posx":19,"posy":6,"amount":300},{"posx":3,"posy":7,"amount":600},{"posx":14,"posy":7,"amount":600},{"posx":2,"posy":8,"amount":250},{"posx":17,"posy":8,"amount":600},{"posx":18,"posy":8,"amount":100}],"changedObstacles":[]},{"players":[{"playerId":675419,"score":1500,"energy":8,"posx":2,"posy":8,"lastAction":5,"status":0},{"playerId":206247,"score":1900,"energy":25,"posx":8,"posy":3,"lastAction":5,"status":0},{"playerId":239305,"score":1750,"energy":15,"posx":3,"posy":7,"lastAction":5,"status":0}],"golds":[{"posx":8,"posy":1,"amount":150},{"posx":19,"posy":1,"amount":150},{"posx":8,"posy":3,"amount":200},{"posx":12,"posy":3,"amount":400},{"posx":7,"posy":4,"amount":50},{"posx":8,"posy":6,"amount":350},{"posx":19,"posy":6,"amount":300},{"posx":3,"posy":7,"amount":550},{"posx":14,"posy":7,"amount":600},{"posx":2,"posy":8,"amount":200},{"posx":17,"posy":8,"amount":600},{"posx":18,"posy":8,"amount":100}],"changedObstacles":[]},{"players":[{"playerId":675419,"score":1550,"energy":3,"posx":2,"posy":8,"lastAction":5,"status":0},{"playerId":206247,"score":1950,"energy":20,"posx":8,"posy":3,"lastAction":5,"status":0},{"playerId":239305,"score":1800,"energy":10,"posx":3,"posy":7,"lastAction":5,"status":0}],"golds":[{"posx":8,"posy":1,"amount":150},{"posx":19,"posy":1,"amount":150},{"posx":8,"posy":3,"amount":150},{"posx":12,"posy":3,"amount":400},{"posx":7,"posy":4,"amount":50},{"posx":8,"posy":6,"amount":350},{"posx":19,"posy":6,"amount":300},{"posx":3,"posy":7,"amount":500},{"posx":14,"posy":7,"amount":600},{"posx":2,"posy":8,"amount":150},{"posx":17,"posy":8,"amount":600},{"posx":18,"posy":8,"amount":100}],"changedObstacles":[]},{"players":[{"playerId":675419,"score":1550,"energy":15,"posx":2,"posy":8,"lastAction":4,"status":0},{"playerId":206247,"score":2000,"energy":15,"posx":8,"posy":3,"lastAction":5,"status":0},{"playerId":239305,"score":1850,"energy":5,"posx":3,"posy":7,"lastAction":5,"status":0}],"golds":[{"posx":8,"posy":1,"amount":150},{"posx":19,"posy":1,"amount":150},{"posx":8,"posy":3,"amount":100},{"posx":12,"posy":3,"amount":400},{"posx":7,"posy":4,"amount":50},{"posx":8,"posy":6,"amount":350},{"posx":19,"posy":6,"amount":300},{"posx":3,"posy":7,"amount":450},{"posx":14,"posy":7,"amount":600},{"posx":2,"posy":8,"amount":150},{"posx":17,"posy":8,"amount":600},{"posx":18,"posy":8,"amount":100}],"changedObstacles":[]},{"players":[{"playerId":675419,"score":1550,"energy":31,"posx":2,"posy":8,"lastAction":4,"status":0},{"playerId":206247,"score":2050,"energy":10,"posx":8,"posy":3,"lastAction":5,"status":0},{"playerId":239305,"score":1850,"energy":17,"posx":3,"posy":7,"lastAction":4,"status":0}],"golds":[{"posx":8,"posy":1,"amount":150},{"posx":19,"posy":1,"amount":150},{"posx":8,"posy":3,"amount":50},{"posx":12,"posy":3,"amount":400},{"posx":7,"posy":4,"amount":50},{"posx":8,"posy":6,"amount":350},{"posx":19,"posy":6,"amount":300},{"posx":3,"posy":7,"amount":450},{"posx":14,"posy":7,"amount":600},{"posx":2,"posy":8,"amount":150},{"posx":17,"posy":8,"amount":600},{"posx":18,"posy":8,"amount":100}],"changedObstacles":[]},{"players":[{"playerId":675419,"score":1600,"energy":26,"posx":2,"posy":8,"lastAction":5,"status":0},{"playerId":206247,"score":2100,"energy":5,"posx":8,"posy":3,"lastAction":5,"status":0},{"playerId":239305,"score":1900,"energy":12,"posx":3,"posy":7,"lastAction":5,"status":0}],"golds":[{"posx":8,"posy":1,"amount":150},{"posx":19,"posy":1,"amount":150},{"posx":12,"posy":3,"amount":400},{"posx":7,"posy":4,"amount":50},{"posx":8,"posy":6,"amount":350},{"posx":19,"posy":6,"amount":300},{"posx":3,"posy":7,"amount":400},{"posx":14,"posy":7,"amount":600},{"posx":2,"posy":8,"amount":100},{"posx":17,"posy":8,"amount":600},{"posx":18,"posy":8,"amount":100}],"changedObstacles":[{"type":0,"posx":8,"posy":3,"value":-1}]},{"players":[{"playerId":675419,"score":1650,"energy":21,"posx":2,"posy":8,"lastAction":5,"status":0},{"playerId":206247,"score":2100,"energy":17,"posx":8,"posy":3,"lastAction":4,"status":0},{"playerId":239305,"score":1950,"energy":7,"posx":3,"posy":7,"lastAction":5,"status":0}],"golds":[{"posx":8,"posy":1,"amount":150},{"posx":19,"posy":1,"amount":150},{"posx":12,"posy":3,"amount":400},{"posx":7,"posy":4,"amount":50},{"posx":8,"posy":6,"amount":350},{"posx":19,"posy":6,"amount":300},{"posx":3,"posy":7,"amount":350},{"posx":14,"posy":7,"amount":600},{"posx":2,"posy":8,"amount":50},{"posx":17,"posy":8,"amount":600},{"posx":18,"posy":8,"amount":100}],"changedObstacles":[]},{"players":[{"playerId":675419,"score":1700,"energy":16,"posx":2,"posy":8,"lastAction":5,"status":0},{"playerId":206247,"score":2100,"energy":33,"posx":8,"posy":3,"lastAction":4,"status":0},{"playerId":239305,"score":2000,"energy":2,"posx":3,"posy":7,"lastAction":5,"status":0}],"golds":[{"posx":8,"posy":1,"amount":150},{"posx":19,"posy":1,"amount":150},{"posx":12,"posy":3,"amount":400},{"posx":7,"posy":4,"amount":50},{"posx":8,"posy":6,"amount":350},{"posx":19,"posy":6,"amount":300},{"posx":3,"posy":7,"amount":300},{"posx":14,"posy":7,"amount":600},{"posx":17,"posy":8,"amount":600},{"posx":18,"posy":8,"amount":100}],"changedObstacles":[{"type":0,"posx":2,"posy":8,"value":-1}]},{"players":[{"playerId":675419,"score":1700,"energy":15,"posx":3,"posy":8,"lastAction":1,"status":0},{"playerId":206247,"score":2100,"energy":50,"posx":8,"posy":3,"lastAction":4,"status":0},{"playerId":239305,"score":2000,"energy":14,"posx":3,"posy":7,"lastAction":4,"status":0}],"golds":[{"posx":8,"posy":1,"amount":150},{"posx":19,"posy":1,"amount":150},{"posx":12,"posy":3,"amount":400},{"posx":7,"posy":4,"amount":50},{"posx":8,"posy":6,"amount":350},{"posx":19,"posy":6,"amount":300},{"posx":3,"posy":7,"amount":300},{"posx":14,"posy":7,"amount":600},{"posx":17,"posy":8,"amount":600},{"posx":18,"posy":8,"amount":100}],"changedObstacles":[]},{"players":[{"playerId":675419,"score":1700,"energy":11,"posx":3,"posy":7,"lastAction":2,"status":0},{"playerId":206247,"score":2100,"energy":30,"posx":8,"posy":2,"lastAction":2,"status":0},{"playerId":239305,"score":2050,"energy":9,"posx":3,"posy":7,"lastAction":5,"status":0}],"golds":[{"posx":8,"posy":1,"amount":150},{"posx":19,"posy":1,"amount":150},{"posx":12,"posy":3,"amount":400},{"posx":7,"posy":4,"amount":50},{"posx":8,"posy":6,"amount":350},{"posx":19,"posy":6,"amount":300},{"posx":3,"posy":7,"amount":250},{"posx":14,"posy":7,"amount":600},{"posx":17,"posy":8,"amount":600},{"posx":18,"posy":8,"amount":100}],"changedObstacles":[]},{"players":[{"playerId":675419,"score":1700,"energy":10,"posx":3,"posy":6,"lastAction":2,"status":0},{"playerId":206247,"score":2100,"energy":26,"posx":8,"posy":1,"lastAction":2,"status":0},{"playerId":239305,"score":2100,"energy":4,"posx":3,"posy":7,"lastAction":5,"status":0}],"golds":[{"posx":8,"posy":1,"amount":150},{"posx":19,"posy":1,"amount":150},{"posx":12,"posy":3,"amount":400},{"posx":7,"posy":4,"amount":50},{"posx":8,"posy":6,"amount":350},{"posx":19,"posy":6,"amount":300},{"posx":3,"posy":7,"amount":200},{"posx":14,"posy":7,"amount":600},{"posx":17,"posy":8,"amount":600},{"posx":18,"posy":8,"amount":100}],"changedObstacles":[]},{"players":[{"playerId":675419,"score":1700,"energy":9,"posx":3,"posy":5,"lastAction":2,"status":0},{"playerId":206247,"score":2150,"energy":21,"posx":8,"posy":1,"lastAction":5,"status":0},{"playerId":239305,"score":2100,"energy":16,"posx":3,"posy":7,"lastAction":4,"status":0}],"golds":[{"posx":8,"posy":1,"amount":100},{"posx":19,"posy":1,"amount":150},{"posx":12,"posy":3,"amount":400},{"posx":7,"posy":4,"amount":50},{"posx":8,"posy":6,"amount":350},{"posx":19,"posy":6,"amount":300},{"posx":3,"posy":7,"amount":200},{"posx":14,"posy":7,"amount":600},{"posx":17,"posy":8,"amount":600},{"posx":18,"posy":8,"amount":100}],"changedObstacles":[]},{"players":[{"playerId":675419,"score":1700,"energy":8,"posx":4,"posy":5,"lastAction":1,"status":0},{"playerId":206247,"score":2200,"energy":16,"posx":8,"posy":1,"lastAction":5,"status":0},{"playerId":239305,"score":2150,"energy":11,"posx":3,"posy":7,"lastAction":5,"status":0}],"golds":[{"posx":8,"posy":1,"amount":50},{"posx":19,"posy":1,"amount":150},{"posx":12,"posy":3,"amount":400},{"posx":7,"posy":4,"amount":50},{"posx":8,"posy":6,"amount":350},{"posx":19,"posy":6,"amount":300},{"posx":3,"posy":7,"amount":150},{"posx":14,"posy":7,"amount":600},{"posx":17,"posy":8,"amount":600},{"posx":18,"posy":8,"amount":100}],"changedObstacles":[]},{"players":[{"playerId":675419,"score":1700,"energy":7,"posx":5,"posy":5,"lastAction":1,"status":0},{"playerId":206247,"score":2250,"energy":11,"posx":8,"posy":1,"lastAction":5,"status":0},{"playerId":239305,"score":2200,"energy":6,"posx":3,"posy":7,"lastAction":5,"status":0}],"golds":[{"posx":19,"posy":1,"amount":150},{"posx":12,"posy":3,"amount":400},{"posx":7,"posy":4,"amount":50},{"posx":8,"posy":6,"amount":350},{"posx":19,"posy":6,"amount":300},{"posx":3,"posy":7,"amount":100},{"posx":14,"posy":7,"amount":600},{"posx":17,"posy":8,"amount":600},{"posx":18,"posy":8,"amount":100}],"changedObstacles":[{"type":0,"posx":8,"posy":1,"value":-1}]},{"players":[{"playerId":675419,"score":1700,"energy":6,"posx":6,"posy":5,"lastAction":1,"status":0},{"playerId":206247,"score":2250,"energy":23,"posx":8,"posy":1,"lastAction":4,"status":0},{"playerId":239305,"score":2250,"energy":1,"posx":3,"posy":7,"lastAction":5,"status":0}],"golds":[{"posx":19,"posy":1,"amount":150},{"posx":12,"posy":3,"amount":400},{"posx":7,"posy":4,"amount":50},{"posx":8,"posy":6,"amount":350},{"posx":19,"posy":6,"amount":300},{"posx":3,"posy":7,"amount":50},{"posx":14,"posy":7,"amount":600},{"posx":17,"posy":8,"amount":600},{"posx":18,"posy":8,"amount":100}],"changedObstacles":[]},{"players":[{"playerId":675419,"score":1700,"energy":18,"posx":6,"posy":5,"lastAction":4,"status":0},{"playerId":206247,"score":2250,"energy":39,"posx":8,"posy":1,"lastAction":4,"status":0},{"playerId":239305,"score":2250,"energy":13,"posx":3,"posy":7,"lastAction":4,"status":0}],"golds":[{"posx":19,"posy":1,"amount":150},{"posx":12,"posy":3,"amount":400},{"posx":7,"posy":4,"amount":50},{"posx":8,"posy":6,"amount":350},{"posx":19,"posy":6,"amount":300},{"posx":3,"posy":7,"amount":50},{"posx":14,"posy":7,"amount":600},{"posx":17,"posy":8,"amount":600},{"posx":18,"posy":8,"amount":100}],"changedObstacles":[]},{"players":[{"playerId":675419,"score":1700,"energy":8,"posx":7,"posy":5,"lastAction":1,"status":0},{"playerId":206247,"score":2250,"energy":50,"posx":8,"posy":1,"lastAction":4,"status":0},{"playerId":239305,"score":2300,"energy":8,"posx":3,"posy":7,"lastAction":5,"status":0}],"golds":[{"posx":19,"posy":1,"amount":150},{"posx":12,"posy":3,"amount":400},{"posx":7,"posy":4,"amount":50},{"posx":8,"posy":6,"amount":350},{"posx":19,"posy":6,"amount":300},{"posx":14,"posy":7,"amount":600},{"posx":17,"posy":8,"amount":600},{"posx":18,"posy":8,"amount":100}],"changedObstacles":[{"type":0,"posx":7,"posy":5,"value":-1},{"type":0,"posx":3,"posy":7,"value":-1}]},{"players":[{"playerId":675419,"score":1700,"energy":4,"posx":7,"posy":4,"lastAction":2,"status":0},{"playerId":206247,"score":2250,"energy":40,"posx":9,"posy":1,"lastAction":1,"status":0},{"playerId":239305,"score":2300,"energy":20,"posx":3,"posy":7,"lastAction":4,"status":0}],"golds":[{"posx":19,"posy":1,"amount":150},{"posx":12,"posy":3,"amount":400},{"posx":7,"posy":4,"amount":50},{"posx":8,"posy":6,"amount":350},{"posx":19,"posy":6,"amount":300},{"posx":14,"posy":7,"amount":600},{"posx":17,"posy":8,"amount":600},{"posx":18,"posy":8,"amount":100}],"changedObstacles":[{"type":0,"posx":9,"posy":1,"value":-1}]},{"players":[{"playerId":675419,"score":1700,"energy":16,"posx":7,"posy":4,"lastAction":4,"status":0},{"playerId":206247,"score":2250,"energy":39,"posx":9,"posy":2,"lastAction":3,"status":0},{"playerId":239305,"score":2300,"energy":36,"posx":3,"posy":7,"lastAction":4,"status":0}],"golds":[{"posx":19,"posy":1,"amount":150},{"posx":12,"posy":3,"amount":400},{"posx":7,"posy":4,"amount":50},{"posx":8,"posy":6,"amount":350},{"posx":19,"posy":6,"amount":300},{"posx":14,"posy":7,"amount":600},{"posx":17,"posy":8,"amount":600},{"posx":18,"posy":8,"amount":100}],"changedObstacles":[]},{"players":[{"playerId":675419,"score":1700,"energy":32,"posx":7,"posy":4,"lastAction":4,"status":0},{"playerId":206247,"score":2250,"energy":38,"posx":9,"posy":3,"lastAction":3,"status":0},{"playerId":239305,"score":2300,"energy":35,"posx":3,"posy":6,"lastAction":2,"status":0}],"golds":[{"posx":19,"posy":1,"amount":150},{"posx":12,"posy":3,"amount":400},{"posx":7,"posy":4,"amount":50},{"posx":8,"posy":6,"amount":350},{"posx":19,"posy":6,"amount":300},{"posx":14,"posy":7,"amount":600},{"posx":17,"posy":8,"amount":600},{"posx":18,"posy":8,"amount":100}],"changedObstacles":[]},{"players":[{"playerId":675419,"score":1750,"energy":27,"posx":7,"posy":4,"lastAction":5,"status":0},{"playerId":206247,"score":2250,"energy":37,"posx":10,"posy":3,"lastAction":1,"status":0},{"playerId":239305,"score":2300,"energy":30,"posx":4,"posy":6,"lastAction":1,"status":0}],"golds":[{"posx":19,"posy":1,"amount":150},{"posx":12,"posy":3,"amount":400},{"posx":8,"posy":6,"amount":350},{"posx":19,"posy":6,"amount":300},{"posx":14,"posy":7,"amount":600},{"posx":17,"posy":8,"amount":600},{"posx":18,"posy":8,"amount":100}],"changedObstacles":[{"type":3,"posx":4,"posy":6,"value":-20},{"type":0,"posx":7,"posy":4,"value":-1}]},{"players":[{"playerId":675419,"score":1750,"energy":26,"posx":8,"posy":4,"lastAction":1,"status":0},{"playerId":206247,"score":2250,"energy":36,"posx":11,"posy":3,"lastAction":1,"status":0},{"playerId":239305,"score":2300,"energy":29,"posx":5,"posy":6,"lastAction":1,"status":0}],"golds":[{"posx":19,"posy":1,"amount":150},{"posx":12,"posy":3,"amount":400},{"posx":8,"posy":6,"amount":350},{"posx":19,"posy":6,"amount":300},{"posx":14,"posy":7,"amount":600},{"posx":17,"posy":8,"amount":600},{"posx":18,"posy":8,"amount":100}],"changedObstacles":[]},{"players":[{"playerId":675419,"score":1750,"energy":25,"posx":8,"posy":5,"lastAction":3,"status":0},{"playerId":206247,"score":2250,"energy":35,"posx":11,"posy":4,"lastAction":3,"status":0},{"playerId":239305,"score":2300,"energy":28,"posx":6,"posy":6,"lastAction":1,"status":0}],"golds":[{"posx":19,"posy":1,"amount":150},{"posx":12,"posy":3,"amount":400},{"posx":8,"posy":6,"amount":350},{"posx":19,"posy":6,"amount":300},{"posx":14,"posy":7,"amount":600},{"posx":17,"posy":8,"amount":600},{"posx":18,"posy":8,"amount":100}],"changedObstacles":[]},{"players":[{"playerId":675419,"score":1750,"energy":24,"posx":9,"posy":5,"lastAction":1,"status":0},{"playerId":206247,"score":2250,"energy":30,"posx":12,"posy":4,"lastAction":1,"status":0},{"playerId":239305,"score":2300,"energy":18,"posx":7,"posy":6,"lastAction":1,"status":0}],"golds":[{"posx":19,"posy":1,"amount":150},{"posx":12,"posy":3,"amount":400},{"posx":8,"posy":6,"amount":350},{"posx":19,"posy":6,"amount":300},{"posx":14,"posy":7,"amount":600},{"posx":17,"posy":8,"amount":600},{"posx":18,"posy":8,"amount":100}],"changedObstacles":[{"type":0,"posx":7,"posy":6,"value":-1},{"type":3,"posx":12,"posy":4,"value":-20}]},{"players":[{"playerId":675419,"score":1750,"energy":14,"posx":9,"posy":6,"lastAction":3,"status":0},{"playerId":206247,"score":2250,"energy":29,"posx":13,"posy":4,"lastAction":1,"status":0},{"playerId":239305,"score":2300,"energy":14,"posx":8,"posy":6,"lastAction":1,"status":0}],"golds":[{"posx":19,"posy":1,"amount":150},{"posx":12,"posy":3,"amount":400},{"posx":8,"posy":6,"amount":350},{"posx":19,"posy":6,"amount":300},{"posx":14,"posy":7,"amount":600},{"posx":17,"posy":8,"amount":600},{"posx":18,"posy":8,"amount":100}],"changedObstacles":[{"type":0,"posx":9,"posy":6,"value":-1}]},{"players":[{"playerId":675419,"score":1750,"energy":13,"posx":9,"posy":7,"lastAction":3,"status":0},{"playerId":206247,"score":2250,"energy":19,"posx":13,"posy":5,"lastAction":3,"status":0},{"playerId":239305,"score":2350,"energy":9,"posx":8,"posy":6,"lastAction":5,"status":0}],"golds":[{"posx":19,"posy":1,"amount":150},{"posx":12,"posy":3,"amount":400},{"posx":8,"posy":6,"amount":300},{"posx":19,"posy":6,"amount":300},{"posx":14,"posy":7,"amount":600},{"posx":17,"posy":8,"amount":600},{"posx":18,"posy":8,"amount":100}],"changedObstacles":[{"type":0,"posx":13,"posy":5,"value":-1}]},{"players":[{"playerId":675419,"score":1750,"energy":12,"posx":10,"posy":7,"lastAction":1,"status":0},{"playerId":206247,"score":2250,"energy":18,"posx":14,"posy":5,"lastAction":1,"status":0},{"playerId":239305,"score":2400,"energy":4,"posx":8,"posy":6,"lastAction":5,"status":0}],"golds":[{"posx":19,"posy":1,"amount":150},{"posx":12,"posy":3,"amount":400},{"posx":8,"posy":6,"amount":250},{"posx":19,"posy":6,"amount":300},{"posx":14,"posy":7,"amount":600},{"posx":17,"posy":8,"amount":600},{"posx":18,"posy":8,"amount":100}],"changedObstacles":[]},{"players":[{"playerId":675419,"score":1750,"energy":7,"posx":11,"posy":7,"lastAction":1,"status":0},{"playerId":206247,"score":2250,"energy":17,"posx":15,"posy":5,"lastAction":1,"status":0},{"playerId":239305,"score":2400,"energy":16,"posx":8,"posy":6,"lastAction":4,"status":0}],"golds":[{"posx":19,"posy":1,"amount":150},{"posx":12,"posy":3,"amount":400},{"posx":8,"posy":6,"amount":250},{"posx":19,"posy":6,"amount":300},{"posx":14,"posy":7,"amount":600},{"posx":17,"posy":8,"amount":600},{"posx":18,"posy":8,"amount":100}],"changedObstacles":[{"type":3,"posx":11,"posy":7,"value":-20}]},{"players":[{"playerId":675419,"score":1750,"energy":6,"posx":12,"posy":7,"lastAction":1,"status":0},{"playerId":206247,"score":2250,"energy":16,"posx":15,"posy":6,"lastAction":3,"status":0},{"playerId":239305,"score":2450,"energy":11,"posx":8,"posy":6,"lastAction":5,"status":0}],"golds":[{"posx":19,"posy":1,"amount":150},{"posx":12,"posy":3,"amount":400},{"posx":8,"posy":6,"amount":200},{"posx":19,"posy":6,"amount":300},{"posx":14,"posy":7,"amount":600},{"posx":17,"posy":8,"amount":600},{"posx":18,"posy":8,"amount":100}],"changedObstacles":[]},{"players":[{"playerId":675419,"score":1750,"energy":5,"posx":13,"posy":7,"lastAction":1,"status":0},{"playerId":206247,"score":2250,"energy":11,"posx":16,"posy":6,"lastAction":1,"status":0},{"playerId":239305,"score":2500,"energy":6,"posx":8,"posy":6,"lastAction":5,"status":0}],"golds":[{"posx":19,"posy":1,"amount":150},{"posx":12,"posy":3,"amount":400},{"posx":8,"posy":6,"amount":150},{"posx":19,"posy":6,"amount":300},{"posx":14,"posy":7,"amount":600},{"posx":17,"posy":8,"amount":600},{"posx":18,"posy":8,"amount":100}],"changedObstacles":[{"type":3,"posx":16,"posy":6,"value":-20}]},{"players":[{"playerId":675419,"score":1750,"energy":17,"posx":13,"posy":7,"lastAction":4,"status":0},{"playerId":206247,"score":2250,"energy":10,"posx":17,"posy":6,"lastAction":1,"status":0},{"playerId":239305,"score":2550,"energy":1,"posx":8,"posy":6,"lastAction":5,"status":0}],"golds":[{"posx":19,"posy":1,"amount":150},{"posx":12,"posy":3,"amount":400},{"posx":8,"posy":6,"amount":100},{"posx":19,"posy":6,"amount":300},{"posx":14,"posy":7,"amount":600},{"posx":17,"posy":8,"amount":600},{"posx":18,"posy":8,"amount":100}],"changedObstacles":[]},{"players":[{"playerId":675419,"score":1750,"energy":13,"posx":14,"posy":7,"lastAction":1,"status":0},{"playerId":206247,"score":2250,"energy":5,"posx":18,"posy":6,"lastAction":1,"status":0},{"playerId":239305,"score":2550,"energy":13,"posx":8,"posy":6,"lastAction":4,"status":0}],"golds":[{"posx":19,"posy":1,"amount":150},{"posx":12,"posy":3,"amount":400},{"posx":8,"posy":6,"amount":100},{"posx":19,"posy":6,"amount":300},{"posx":14,"posy":7,"amount":600},{"posx":17,"posy":8,"amount":600},{"posx":18,"posy":8,"amount":100}],"changedObstacles":[{"type":3,"posx":18,"posy":6,"value":-20}]},{"players":[{"playerId":675419,"score":1800,"energy":8,"posx":14,"posy":7,"lastAction":5,"status":0},{"playerId":206247,"score":2250,"energy":1,"posx":19,"posy":6,"lastAction":1,"status":0},{"playerId":239305,"score":2600,"energy":8,"posx":8,"posy":6,"lastAction":5,"status":0}],"golds":[{"posx":19,"posy":1,"amount":150},{"posx":12,"posy":3,"amount":400},{"posx":8,"posy":6,"amount":50},{"posx":19,"posy":6,"amount":300},{"posx":14,"posy":7,"amount":550},{"posx":17,"posy":8,"amount":600},{"posx":18,"posy":8,"amount":100}],"changedObstacles":[]},{"players":[{"playerId":675419,"score":1850,"energy":3,"posx":14,"posy":7,"lastAction":5,"status":0},{"playerId":206247,"score":2250,"energy":13,"posx":19,"posy":6,"lastAction":4,"status":0},{"playerId":239305,"score":2650,"energy":3,"posx":8,"posy":6,"lastAction":5,"status":0}],"golds":[{"posx":19,"posy":1,"amount":150},{"posx":12,"posy":3,"amount":400},{"posx":19,"posy":6,"amount":300},{"posx":14,"posy":7,"amount":500},{"posx":17,"posy":8,"amount":600},{"posx":18,"posy":8,"amount":100}],"changedObstacles":[{"type":0,"posx":8,"posy":6,"value":-1}]}]