[{"players":[{"playerId":675419,"score":0,"energy":49,"posx":4,"posy":1,"lastAction":0,"status":0},{"playerId":206247,"score":0,"energy":49,"posx":4,"posy":1,"lastAction":0,"status":0},{"playerId":2268490,"score":0,"energy":49,"posx":4,"posy":1,"lastAction":0,"status":0},{"playerId":2238718,"score":0,"energy":40,"posx":5,"posy":0,"lastAction":2,"status":0}],"golds":[{"posx":19,"posy":6,"amount":300},{"posx":1,"posy":5,"amount":500},{"posx":4,"posy":0,"amount":600},{"posx":8,"posy":1,"amount":150},{"posx":14,"posy":7,"amount":600},{"posx":0,"posy":0,"amount":650},{"posx":3,"posy":7,"amount":650},{"posx":2,"posy":4,"amount":650},{"posx":7,"posy":4,"amount":50},{"posx":4,"posy":3,"amount":500},{"posx":19,"posy":1,"amount":150},{"posx":8,"posy":3,"amount":350},{"posx":12,"posy":3,"amount":400},{"posx":2,"posy":8,"amount":250},{"posx":17,"posy":8,"amount":600},{"posx":8,"posy":6,"amount":350},{"posx":18,"posy":8,"amount":100},{"posx":2,"posy":3,"amount":650},{"posx":4,"posy":4,"amount":550},{"posx":3,"posy":5,"amount":750}],"changedObstacles":[{"type":0,"posx":5,"posy":0,"value":-1}]},{"players":[{"playerId":675419,"score":0,"energy":45,"posx":4,"posy":0,"lastAction":2,"status":0},{"playerId":206247,"score":0,"energy":44,"posx":3,"posy":1,"lastAction":0,"status":0},{"playerId":2268490,"score":0,"energy":39,"posx":4,"posy":2,"lastAction":3,"status":0},{"playerId":2238718,"score":0,"energy":39,"posx":6,"posy":0,"lastAction":1,"status":0}],"golds":[{"posx":19,"posy":6,"amount":300},{"posx":1,"posy":5,"amount":500},{"posx":4,"posy":0,"amount":600},{"posx":8,"posy":1,"amount":150},{"posx":14,"posy":7,"amount":600},{"posx":0,"posy":0,"amount":650},{"posx":3,"posy":7,"amount":650},{"posx":2,"posy":4,"amount":650},{"posx":7,"posy":4,"amount":50},{"posx":4,"posy":3,"amount":500},{"posx":19,"posy":1,"amount":150},{"posx":8,"posy":3,"amount":350},{"posx":12,"posy":3,"amount":400},{"posx":2,"posy":8,"amount":250},{"posx":17,"posy":8,"amount":600},{"posx":8,"posy":6,"amount":350},{"posx":18,"posy":8,"amount":100},{"posx":2,"posy":3,"amount":650},{"posx":4,"posy":4,"amount":550},{"posx":3,"posy":5,"amount":750}],"changedObstacles":[{"type":3,"posx":3,"posy":1,"value":-20},{"type":0,"posx":4,"posy":2,"value":-1}]},{"players":[{"playerId":675419,"score":50,"energy":40,"posx":4,"posy":0,"lastAction":5,"status":0},{"playerId":206247,"score":0,"energy":43,"posx":3,"posy":2,"lastAction":3,"status":0},{"playerId":2268490,"score":0,"energy":38,"posx":3,"posy":2,"lastAction":0,"status":0},{"playerId":2238718,"score":0,"energy":38,"posx":7,"posy":0,"lastAction":1,"status":0}],"golds":[{"posx":0,"posy":0,"amount":650},{"posx":4,"posy":0,"amount":550},{"posx":8,"posy":1,"amount":150},{"posx":19,"posy":1,"amount":150},{"posx":2,"posy":3,"amount":650},{"posx":4,"posy":3,"amount":500},{"posx":8,"posy":3,"amount":350},{"posx":12,"posy":3,"amount":400},{"posx":2,"posy":4,"amount":650},{"posx":4,"posy":4,"amount":550},{"posx":7,"posy":4,"amount":50},{"posx":1,"posy":5,"amount":500},{"posx":3,"posy":5,"amount":750},{"posx":8,"posy":6,"amount":350},{"posx":19,"posy":6,"amount":300},{"posx":3,"posy":7,"amount":650},{"posx":14,"posy":7,"amount":600},{"posx":2,"posy":8,"amount":250},{"posx":17,"posy":8,"amount":600},{"posx":18,"posy":8,"amount":100}],"changedObstacles":[]},{"players":[{"playerId":675419,"score":100,"energy":35,"posx":4,"posy":0,"lastAction":5,"status":0},{"playerId":206247,"score":0,"energy":38,"posx":3,"posy":3,"lastAction":3,"status":0},{"playerId":2268490,"score":0,"energy":33,"posx":3,"posy":3,"lastAction":3,"status":0},{"playerId":2238718,"score":0,"energy":33,"posx":8,"posy":0,"lastAction":1,"status":0}],"golds":[{"posx":0,"posy":0,"amount":650},{"posx":4,"posy":0,"amount":500},{"posx":8,"posy":1,"amount":150},{"posx":19,"posy":1,"amount":150},{"posx":2,"posy":3,"amount":650},{"posx":4,"posy":3,"amount":500},{"posx":8,"posy":3,"amount":350},{"posx":12,"posy":3,"amount":400},{"posx":2,"posy":4,"amount":650},{"posx":4,"posy":4,"amount":550},{"posx":7,"posy":4,"amount":50},{"posx":1,"posy":5,"amount":500},{"posx":3,"posy":5,"amount":750},{"posx":8,"posy":6,"amount":350},{"posx":19,"posy":6,"amount":300},{"posx":3,"posy":7,"amount":650},{"posx":14,"posy":7,"amount":600},{"posx":2,"posy":8,"amount":250},{"posx":17,"posy":8,"amount":600},{"posx":18,"posy":8,"amount":100}],"changedObstacles":[{"type":3,"posx":8,"posy":0,"value":-20},{"type":3,"posx":3,"posy":3,"value":-20}]},{"players":[{"playerId":675419,"score":150,"energy":30,"posx":4,"posy":0,"lastAction":5,"status":0},{"playerId":206247,"score":0,"energy":33,"posx":3,"posy":4,"lastAction":3,"status":0},{"playerId":2268490,"score":0,"energy":29,"posx":2,"posy":3,"lastAction":0,"status":0},{"playerId":2238718,"score":0,"energy":29,"posx":8,"posy":1,"lastAction":3,"status":0}],"golds":[{"posx":0,"posy":0,"amount":650},{"posx":4,"posy":0,"amount":450},{"posx":8,"posy":1,"amount":150},{"posx":19,"posy":1,"amount":150},{"posx":2,"posy":3,"amount":650},{"posx":4,"posy":3,"amount":500},{"posx":8,"posy":3,"amount":350},{"posx":12,"posy":3,"amount":400},{"posx":2,"posy":4,"amount":650},{"posx":4,"posy":4,"amount":550},{"posx":7,"posy":4,"amount":50},{"posx":1,"posy":5,"amount":500},{"posx":3,"posy":5,"amount":750},{"posx":8,"posy":6,"amount":350},{"posx":19,"posy":6,"amount":300},{"posx":3,"posy":7,"amount":650},{"posx":14,"posy":7,"amount":600},{"posx":2,"posy":8,"amount":250},{"posx":17,"posy":8,"amount":600},{"posx":18,"posy":8,"amount":100}],"changedObstacles":[{"type":3,"posx":3,"posy":4,"value":-20}]},{"players":[{"playerId":675419,"score":200,"energy":25,"posx":4,"posy":0,"lastAction":5,"status":0},{"playerId":206247,"score":0,"energy":29,"posx":3,"posy":5,"lastAction":3,"status":0},{"playerId":2268490,"score":50,"energy":24,"posx":2,"posy":3,"lastAction":5,"status":0},{"playerId":2238718,"score":50,"energy":24,"posx":8,"posy":1,"lastAction":5,"status":0}],"golds":[{"posx":0,"posy":0,"amount":650},{"posx":4,"posy":0,"amount":400},{"posx":8,"posy":1,"amount":100},{"posx":19,"posy":1,"amount":150},{"posx":2,"posy":3,"amount":600},{"posx":4,"posy":3,"amount":500},{"posx":8,"posy":3,"amount":350},{"posx":12,"posy":3,"amount":400},{"posx":2,"posy":4,"amount":650},{"posx":4,"posy":4,"amount":550},{"posx":7,"posy":4,"amount":50},{"posx":1,"posy":5,"amount":500},{"posx":3,"posy":5,"amount":750},{"posx":8,"posy":6,"amount":350},{"posx":19,"posy":6,"amount":300},{"posx":3,"posy":7,"amount":650},{"posx":14,"posy":7,"amount":600},{"posx":2,"posy":8,"amount":250},{"posx":17,"posy":8,"amount":600},{"posx":18,"posy":8,"amount":100}],"changedObstacles":[]},{"players":[{"playerId":675419,"score":250,"energy":20,"posx":4,"posy":0,"lastAction":5,"status":0},{"playerId":206247,"score":50,"energy":24,"posx":3,"posy":5,"lastAction":5,"status":0},{"playerId":2268490,"score":100,"energy":19,"posx":2,"posy":3,"lastAction":5,"status":0},{"playerId":2238718,"score":100,"energy":19,"posx":8,"posy":1,"lastAction":5,"status":0}],"golds":[{"posx":0,"posy":0,"amount":650},{"posx":4,"posy":0,"amount":350},{"posx":8,"posy":1,"amount":50},{"posx":19,"posy":1,"amount":150},{"posx":2,"posy":3,"amount":550},{"posx":4,"posy":3,"amount":500},{"posx":8,"posy":3,"amount":350},{"posx":12,"posy":3,"amount":400},{"posx":2,"posy":4,"amount":650},{"posx":4,"posy":4,"amount":550},{"posx":7,"posy":4,"amount":50},{"posx":1,"posy":5,"amount":500},{"posx":3,"posy":5,"amount":700},{"posx":8,"posy":6,"amount":350},{"posx":19,"posy":6,"amount":300},{"posx":3,"posy":7,"amount":650},{"posx":14,"posy":7,"amount":600},{"posx":2,"posy":8,"amount":250},{"posx":17,"posy":8,"amount":600},{"posx":18,"posy":8,"amount":100}],"changedObstacles":[]},{"players":[{"playerId":675419,"score":300,"energy":15,"posx":4,"posy":0,"lastAction":5,"status":0},{"playerId":206247,"score":100,"energy":19,"posx":3,"posy":5,"lastAction":5,"status":0},{"playerId":2268490,"score":150,"energy":14,"posx":2,"posy":3,"lastAction":5,"status":0},{"playerId":2238718,"score":150,"energy":14,"posx":8,"posy":1,"lastAction":5,"status":0}],"golds":[{"posx":0,"posy":0,"amount":650},{"posx":4,"posy":0,"amount":300},{"posx":19,"posy":1,"amount":150},{"posx":2,"posy":3,"amount":500},{"posx":4,"posy":3,"amount":500},{"posx":8,"posy":3,"amount":350},{"posx":12,"posy":3,"amount":400},{"posx":2,"posy":4,"amount":650},{"posx":4,"posy":4,"amount":550},{"posx":7,"posy":4,"amount":50},{"posx":1,"posy":5,"amount":500},{"posx":3,"posy":5,"amount":650},{"posx":8,"posy":6,"amount":350},{"posx":19,"posy":6,"amount":300},{"posx":3,"posy":7,"amount":650},{"posx":14,"posy":7,"amount":600},{"posx":2,"posy":8,"amount":250},{"posx":17,"posy":8,"amount":600},{"posx":18,"posy":8,"amount":100}],"changedObstacles":[{"type":0,"posx":8,"posy":1,"value":-1}]},{"players":[{"playerId":675419,"score":350,"energy":10,"posx":4,"posy":0,"lastAction":5,"status":0},{"playerId":206247,"score":150,"energy":14,"posx":3,"posy":5,"lastAction":5,"status":0},{"playerId":2268490,"score":200,"energy":9,"posx":2,"posy":3,"lastAction":5,"status":0},{"playerId":2238718,"score":150,"energy":26,"posx":8,"posy":1,"lastAction":4,"status":0}],"golds":[{"posx":0,"posy":0,"amount":650},{"posx":4,"posy":0,"amount":250},{"posx":19,"posy":1,"amount":150},{"posx":2,"posy":3,"amount":450},{"posx":4,"posy":3,"amount":500},{"posx":8,"posy":3,"amount":350},{"posx":12,"posy":3,"amount":400},{"posx":2,"posy":4,"amount":650},{"posx":4,"posy":4,"amount":550},{"posx":7,"posy":4,"amount":50},{"posx":1,"posy":5,"amount":500},{"posx":3,"posy":5,"amount":600},{"posx":8,"posy":6,"amount":350},{"posx":19,"posy":6,"amount":300},{"posx":3,"posy":7,"amount":650},{"posx":14,"posy":7,"amount":600},{"posx":2,"posy":8,"amount":250},{"posx":17,"posy":8,"amount":600},{"posx":18,"posy":8,"amount":100}],"changedObstacles":[]},{"players":[{"playerId":675419,"score":400,"energy":5,"posx":4,"posy":0,"lastAction":5,"status":0},{"playerId":206247,"score":200,"energy":9,"posx":3,"posy":5,"lastAction":5,"status":0},{"playerId":2268490,"score":200,"energy":21,"posx":2,"posy":3,"lastAction":4,"status":0},{"playerId":2238718,"score":150,"energy":17,"posx":8,"posy":2,"lastAction":3,"status":0}],"golds":[{"posx":0,"posy":0,"amount":650},{"posx":4,"posy":0,"amount":200},{"posx":19,"posy":1,"amount":150},{"posx":2,"posy":3,"amount":450},{"posx":4,"posy":3,"amount":500},{"posx":8,"posy":3,"amount":350},{"posx":12,"posy":3,"amount":400},{"posx":2,"posy":4,"amount":650},{"posx":4,"posy":4,"amount":550},{"posx":7,"posy":4,"amount":50},{"posx":1,"posy":5,"amount":500},{"posx":3,"posy":5,"amount":550},{"posx":8,"posy":6,"amount":350},{"posx":19,"posy":6,"amount":300},{"posx":3,"posy":7,"amount":650},{"posx":14,"posy":7,"amount":600},{"posx":2,"posy":8,"amount":250},{"posx":17,"posy":8,"amount":600},{"posx":18,"posy":8,"amount":100}],"changedObstacles":[]},{"players":[{"playerId":675419,"score":400,"energy":17,"posx":4,"posy":0,"lastAction":4,"status":0},{"playerId":206247,"score":250,"energy":4,"posx":3,"posy":5,"lastAction":5,"status":0},{"playerId":2268490,"score":200,"energy":37,"posx":2,"posy":3,"lastAction":4,"status":0},{"playerId":2238718,"score":150,"energy":13,"posx":8,"posy":3,"lastAction":3,"status":0}],"golds":[{"posx":0,"posy":0,"amount":650},{"posx":4,"posy":0,"amount":200},{"posx":19,"posy":1,"amount":150},{"posx":2,"posy":3,"amount":450},{"posx":4,"posy":3,"amount":500},{"posx":8,"posy":3,"amount":350},{"posx":12,"posy":3,"amount":400},{"posx":2,"posy":4,"amount":650},{"posx":4,"posy":4,"amount":550},{"posx":7,"posy":4,"amount":50},{"posx":1,"posy":5,"amount":500},{"posx":3,"posy":5,"amount":500},{"posx":8,"posy":6,"amount":350},{"posx":19,"posy":6,"amount":300},{"posx":3,"posy":7,"amount":650},{"posx":14,"posy":7,"amount":600},{"posx":2,"posy":8,"amount":250},{"posx":17,"posy":8,"amount":600},{"posx":18,"posy":8,"amount":100}],"changedObstacles":[]},{"players":[{"playerId":675419,"score":400,"energy":33,"posx":4,"posy":0,"lastAction":4,"status":0},{"playerId":206247,"score":250,"energy":16,"posx":3,"posy":5,"lastAction":4,"status":0},{"playerId":2268490,"score":250,"energy":32,"posx":2,"posy":3,"lastAction":5,"status":0},{"playerId":2238718,"score":150,"energy":12,"posx":8,"posy":4,"lastAction":3,"status":0}],"golds":[{"posx":0,"posy":0,"amount":650},{"posx":4,"posy":0,"amount":200},{"posx":19,"posy":1,"amount":150},{"posx":2,"posy":3,"amount":400},{"posx":4,"posy":3,"amount":500},{"posx":8,"posy":3,"amount":350},{"posx":12,"posy":3,"amount":400},{"posx":2,"posy":4,"amount":650},{"posx":4,"posy":4,"amount":550},{"posx":7,"posy":4,"amount":50},{"posx":1,"posy":5,"amount":500},{"posx":3,"posy":5,"amount":500},{"posx":8,"posy":6,"amount":350},{"posx":19,"posy":6,"amount":300},{"posx":3,"posy":7,"amount":650},{"posx":14,"posy":7,"amount":600},{"posx":2,"posy":8,"amount":250},{"posx":17,"posy":8,"amount":600},{"posx":18,"posy":8,"amount":100}],"changedObstacles":[]},{"players":[{"playerId":675419,"score":450,"energy":28,"posx":4,"posy":0,"lastAction":5,"status":0},{"playerId":206247,"score":250,"energy":32,"posx":3,"posy":5,"lastAction":4,"status":0},{"playerId":2268490,"score":300,"energy":27,"posx":2,"posy":3,"lastAction":5,"status":0},{"playerId":2238718,"score":150,"energy":11,"posx":8,"posy":5,"lastAction":3,"status":0}],"golds":[{"posx":0,"posy":0,"amount":650},{"posx":4,"posy":0,"amount":150},{"posx":19,"posy":1,"amount":150},{"posx":2,"posy":3,"amount":350},{"posx":4,"posy":3,"amount":500},{"posx":8,"posy":3,"amount":350},{"posx":12,"posy":3,"amount":400},{"posx":2,"posy":4,"amount":650},{"posx":4,"posy":4,"amount":550},{"posx":7,"posy":4,"amount":50},{"posx":1,"posy":5,"amount":500},{"posx":3,"posy":5,"amount":500},{"posx":8,"posy":6,"amount":350},{"posx":19,"posy":6,"amount":300},{"posx":3,"posy":7,"amount":650},{"posx":14,"posy":7,"amount":600},{"posx":2,"posy":8,"amount":250},{"posx":17,"posy":8,"amount":600},{"posx":18,"posy":8,"amount":100}],"changedObstacles":[]},{"players":[{"playerId":675419,"score":500,"energy":23,"posx":4,"posy":0,"lastAction":5,"status":0},{"playerId":206247,"score":250,"energy":50,"posx":3,"posy":5,"lastAction":4,"status":0},{"playerId":2268490,"score":350,"energy":22,"posx":2,"posy":3,"lastAction":5,"status":0},{"playerId":2238718,"score":150,"energy":7,"posx":8,"posy":6,"lastAction":3,"status":0}],"golds":[{"posx":0,"posy":0,"amount":650},{"posx":4,"posy":0,"amount":100},{"posx":19,"posy":1,"amount":150},{"posx":2,"posy":3,"amount":300},{"posx":4,"posy":3,"amount":500},{"posx":8,"posy":3,"amount":350},{"posx":12,"posy":3,"amount":400},{"posx":2,"posy":4,"amount":650},{"posx":4,"posy":4,"amount":550},{"posx":7,"posy":4,"amount":50},{"posx":1,"posy":5,"amount":500},{"posx":3,"posy":5,"amount":500},{"posx":8,"posy":6,"amount":350},{"posx":19,"posy":6,"amount":300},{"posx":3,"posy":7,"amount":650},{"posx":14,"posy":7,"amount":600},{"posx":2,"posy":8,"amount":250},{"posx":17,"posy":8,"amount":600},{"posx":18,"posy":8,"amount":100}],"changedObstacles":[]},{"players":[{"playerId":675419,"score":550,"energy":18,"posx":4,"posy":0,"lastAction":5,"status":0},{"playerId":206247,"score":300,"energy":45,"posx":3,"posy":5,"lastAction":5,"status":0},{"playerId":2268490,"score":400,"energy":17,"posx":2,"posy":3,"lastAction":5,"status":0},{"playerId":2238718,"score":150,"energy":19,"posx":8,"posy":6,"lastAction":4,"status":0}],"golds":[{"posx":0,"posy":0,"amount":650},{"posx":4,"posy":0,"amount":50},{"posx":19,"posy":1,"amount":150},{"posx":2,"posy":3,"amount":250},{"posx":4,"posy":3,"amount":500},{"posx":8,"posy":3,"amount":350},{"posx":12,"posy":3,"amount":400},{"posx":2,"posy":4,"amount":650},{"posx":4,"posy":4,"amount":550},{"posx":7,"posy":4,"amount":50},{"posx":1,"posy":5,"amount":500},{"posx":3,"posy":5,"amount":450},{"posx":8,"posy":6,"amount":350},{"posx":19,"posy":6,"amount":300},{"posx":3,"posy":7,"amount":650},{"posx":14,"posy":7,"amount":600},{"posx":2,"posy":8,"amount":250},{"posx":17,"posy":8,"amount":600},{"posx":18,"posy":8,"amount":100}],"changedObstacles":[]},{"players":[{"playerId":675419,"score":600,"energy":13,"posx":4,"posy":0,"lastAction":5,"status":0},{"playerId":206247,"score":350,"energy":40,"posx":3,"posy":5,"lastAction":5,"status":0},{"playerId":2268490,"score":450,"energy":12,"posx":2,"posy":3,"lastAction":5,"status":0},{"playerId":2238718,"score":200,"energy":14,"posx":8,"posy":6,"lastAction":5,"status":0}],"golds":[{"posx":0,"posy":0,"amount":650},{"posx":19,"posy":1,"amount":150},{"posx":2,"posy":3,"amount":200},{"posx":4,"posy":3,"amount":500},{"posx":8,"posy":3,"amount":350},{"posx":12,"posy":3,"amount":400},{"posx":2,"posy":4,"amount":650},{"posx":4,"posy":4,"amount":550},{"posx":7,"posy":4,"amount":50},{"posx":1,"posy":5,"amount":500},{"posx":3,"posy":5,"amount":400},{"posx":8,"posy":6,"amount":300},{"posx":19,"posy":6,"amount":300},{"posx":3,"posy":7,"amount":650},{"posx":14,"posy":7,"amount":600},{"posx":2,"posy":8,"amount":250},{"posx":17,"posy":8,"amount":600},{"posx":18,"posy":8,"amount":100}],"changedObstacles":[{"type":0,"posx":4,"posy":0,"value":-1}]},{"players":[{"playerId":675419,"score":600,"energy":12,"posx":3,"posy":0,"lastAction":0,"status":0},{"playerId":206247,"score":400,"energy":35,"posx":3,"posy":5,"lastAction":5,"status":0},{"playerId":2268490,"score":500,"energy":7,"posx":2,"posy":3,"lastAction":5,"status":0},{"playerId":2238718,"score":250,"energy":9,"posx":8,"posy":6,"lastAction":5,"status":0}],"golds":[{"posx":0,"posy":0,"amount":650},{"posx":19,"posy":1,"amount":150},{"posx":2,"posy":3,"amount":150},{"posx":4,"posy":3,"amount":500},{"posx":8,"posy":3,"amount":350},{"posx":12,"posy":3,"amount":400},{"posx":2,"posy":4,"amount":650},{"posx":4,"posy":4,"amount":550},{"posx":7,"posy":4,"amount":50},{"posx":1,"posy":5,"amount":500},{"posx":3,"posy":5,"amount":350},{"posx":8,"posy":6,"amount":250},{"posx":19,"posy":6,"amount":300},{"posx":3,"posy":7,"amount":650},{"posx":14,"posy":7,"amount":600},{"posx":2,"posy":8,"amount":250},{"posx":17,"posy":8,"amount":600},{"posx":18,"posy":8,"amount":100}],"changedObstacles":[]},{"players":[{"playerId":675419,"score":600,"energy":7,"posx":2,"posy":0,"lastAction":0,"status":0},{"playerId":206247,"score":450,"energy":30,"posx":3,"posy":5,"lastAction":5,"status":0},{"playerId":2268490,"score":500,"energy":19,"posx":2,"posy":3,"lastAction":4,"status":0},{"playerId":2238718,"score":250,"energy":21,"posx":8,"posy":6,"lastAction":4,"status":0}],"golds":[{"posx":0,"posy":0,"amount":650},{"posx":19,"posy":1,"amount":150},{"posx":2,"posy":3,"amount":150},{"posx":4,"posy":3,"amount":500},{"posx":8,"posy":3,"amount":350},{"posx":12,"posy":3,"amount":400},{"posx":2,"posy":4,"amount":650},{"posx":4,"posy":4,"amount":550},{"posx":7,"posy":4,"amount":50},{"posx":1,"posy":5,"amount":500},{"posx":3,"posy":5,"amount":300},{"posx":8,"posy":6,"amount":250},{"posx":19,"posy":6,"amount":300},{"posx":3,"posy":7,"amount":650},{"posx":14,"posy":7,"amount":600},{"posx":2,"posy":8,"amount":250},{"posx":17,"posy":8,"amount":600},{"posx":18,"posy":8,"amount":100}],"changedObstacles":[{"type":3,"posx":2,"posy":0,"value":-20}]},{"players":[{"playerId":675419,"score":600,"energy":19,"posx":2,"posy":0,"lastAction":4,"status":0},{"playerId":206247,"score":500,"energy":25,"posx":3,"posy":5,"lastAction":5,"status":0},{"playerId":2268490,"score":500,"energy":35,"posx":2,"posy":3,"lastAction":4,"status":0},{"playerId":2238718,"score":300,"energy":16,"posx":8,"posy":6,"lastAction":5,"status":0}],"golds":[{"posx":0,"posy":0,"amount":650},{"posx":19,"posy":1,"amount":150},{"posx":2,"posy":3,"amount":150},{"posx":4,"posy":3,"amount":500},{"posx":8,"posy":3,"amount":350},{"posx":12,"posy":3,"amount":400},{"posx":2,"posy":4,"amount":650},{"posx":4,"posy":4,"amount":550},{"posx":7,"posy":4,"amount":50},{"posx":1,"posy":5,"amount":500},{"posx":3,"posy":5,"amount":250},{"posx":8,"posy":6,"amount":200},{"posx":19,"posy":6,"amount":300},{"posx":3,"posy":7,"amount":650},{"posx":14,"posy":7,"amount":600},{"posx":2,"posy":8,"amount":250},{"posx":17,"posy":8,"amount":600},{"posx":18,"posy":8,"amount":100}],"changedObstacles":[]},{"players":[{"playerId":675419,"score":600,"energy":9,"posx":1,"posy":0,"lastAction":0,"status":0},{"playerId":206247,"score":550,"energy":20,"posx":3,"posy":5,"lastAction":5,"status":0},{"playerId":2268490,"score":550,"energy":30,"posx":2,"posy":3,"lastAction":5,"status":0},{"playerId":2238718,"score":350,"energy":11,"posx":8,"posy":6,"lastAction":5,"status":0}],"golds":[{"posx":0,"posy":0,"amount":650},{"posx":19,"posy":1,"amount":150},{"posx":2,"posy":3,"amount":100},{"posx":4,"posy":3,"amount":500},{"posx":8,"posy":3,"amount":350},{"posx":12,"posy":3,"amount":400},{"posx":2,"posy":4,"amount":650},{"posx":4,"posy":4,"amount":550},{"posx":7,"posy":4,"amount":50},{"posx":1,"posy":5,"amount":500},{"posx":3,"posy":5,"amount":200},{"posx":8,"posy":6,"amount":150},{"posx":19,"posy":6,"amount":300},{"posx":3,"posy":7,"amount":650},{"posx":14,"posy":7,"amount":600},{"posx":2,"posy":8,"amount":250},{"posx":17,"posy":8,"amount":600},{"posx":18,"posy":8,"amount":100}],"changedObstacles":[{"type":0,"posx":1,"posy":0,"value":-1}]},{"players":[{"playerId":675419,"score":600,"energy":5,"posx":0,"posy":0,"lastAction":0,"status":0},{"playerId":206247,"score":600,"energy":15,"posx":3,"posy":5,"lastAction":5,"status":0},{"playerId":2268490,"score":600,"energy":25,"posx":2,"posy":3,"lastAction":5,"status":0},{"playerId":2238718,"score":400,"energy":6,"posx":8,"posy":6,"lastAction":5,"status":0}],"golds":[{"posx":0,"posy":0,"amount":650},{"posx":19,"posy":1,"amount":150},{"posx":2,"posy":3,"amount":50},{"posx":4,"posy":3,"amount":500},{"posx":8,"posy":3,"amount":350},{"posx":12,"posy":3,"amount":400},{"posx":2,"posy":4,"amount":650},{"posx":4,"posy":4,"amount":550},{"posx":7,"posy":4,"amount":50},{"posx":1,"posy":5,"amount":500},{"posx":3,"posy":5,"amount":150},{"posx":8,"posy":6,"amount":100},{"posx":19,"posy":6,"amount":300},{"posx":3,"posy":7,"amount":650},{"posx":14,"posy":7,"amount":600},{"posx":2,"posy":8,"amount":250},{"posx":17,"posy":8,"amount":600},{"posx":18,"posy":8,"amount":100}],"changedObstacles":[]},{"players":[{"playerId":675419,"score":600,"energy":17,"posx":0,"posy":0,"lastAction":4,"status":0},{"playerId":206247,"score":650,"energy":10,"posx":3,"posy":5,"lastAction":5,"status":0},{"playerId":2268490,"score":650,"energy":20,"posx":2,"posy":3,"lastAction":5,"status":0},{"playerId":2238718,"score":400,"energy":18,"posx":8,"posy":6,"lastAction":4,"status":0}],"golds":[{"posx":0,"posy":0,"amount":650},{"posx":19,"posy":1,"amount":150},{"posx":4,"posy":3,"amount":500},{"posx":8,"posy":3,"amount":350},{"posx":12,"posy":3,"amount":400},{"posx":2,"posy":4,"amount":650},{"posx":4,"posy":4,"amount":550},{"posx":7,"posy":4,"amount":50},{"posx":1,"posy":5,"amount":500},{"posx":3,"posy":5,"amount":100},{"posx":8,"posy":6,"amount":100},{"posx":19,"posy":6,"amount":300},{"posx":3,"posy":7,"amount":650},{"posx":14,"posy":7,"amount":600},{"posx":2,"posy":8,"amount":250},{"posx":17,"posy":8,"amount":600},{"posx":18,"posy":8,"amount":100}],"changedObstacles":[{"type":0,"posx":2,"posy":3,"value":-1}]},{"players":[{"playerId":675419,"score":600,"energy":33,"posx":0,"posy":0,"lastAction":4,"status":0},{"playerId":206247,"score":700,"energy":5,"posx":3,"posy":5,"lastAction":5,"status":0},{"playerId":2268490,"score":650,"energy":16,"posx":2,"posy":4,"lastAction":3,"status":0},{"playerId":2238718,"score":450,"energy":13,"posx":8,"posy":6,"lastAction":5,"status":0}],"golds":[{"posx":0,"posy":0,"amount":650},{"posx":19,"posy":1,"amount":150},{"posx":4,"posy":3,"amount":500},{"posx":8,"posy":3,"amount":350},{"posx":12,"posy":3,"amount":400},{"posx":2,"posy":4,"amount":650},{"posx":4,"posy":4,"amount":550},{"posx":7,"posy":4,"amount":50},{"posx":1,"posy":5,"amount":500},{"posx":3,"posy":5,"amount":50},{"posx":8,"posy":6,"amount":50},{"posx":19,"posy":6,"amount":300},{"posx":3,"posy":7,"amount":650},{"posx":14,"posy":7,"amount":600},{"posx":2,"posy":8,"amount":250},{"posx":17,"posy":8,"amount":600},{"posx":18,"posy":8,"amount":100}],"changedObstacles":[]},{"players":[{"playerId":675419,"score":650,"energy":28,"posx":0,"posy":0,"lastAction":5,"status":0},{"playerId":206247,"score":700,"energy":17,"posx":3,"posy":5,"lastAction":4,"status":0},{"playerId":2268490,"score":700,"energy":11,"posx":2,"posy":4,"lastAction":5,"status":0},{"playerId":2238718,"score":500,"energy":8,"posx":8,"posy":6,"lastAction":5,"status":0}],"golds":[{"posx":0,"posy":0,"amount":600},{"posx":19,"posy":1,"amount":150},{"posx":4,"posy":3,"amount":500},{"posx":8,"posy":3,"amount":350},{"posx":12,"posy":3,"amount":400},{"posx":2,"posy":4,"amount":600},{"posx":4,"posy":4,"amount":550},{"posx":7,"posy":4,"amount":50},{"posx":1,"posy":5,"amount":500},{"posx":3,"posy":5,"amount":50},{"posx":19,"posy":6,"amount":300},{"posx":3,"posy":7,"amount":650},{"posx":14,"posy":7,"amount":600},{"posx":2,"posy":8,"amount":250},{"posx":17,"posy":8,"amount":600},{"posx":18,"posy":8,"amount":100}],"changedObstacles":[{"type":0,"posx":8,"posy":6,"value":-1}]},{"players":[{"playerId":675419,"score":700,"energy":23,"posx":0,"posy":0,"lastAction":5,"status":0},{"playerId":206247,"score":700,"energy":33,"posx":3,"posy":5,"lastAction":4,"status":0},{"playerId":2268490,"score":750,"energy":6,"posx":2,"posy":4,"lastAction":5,"status":0},{"playerId":2238718,"score":500,"energy":20,"posx":8,"posy":6,"lastAction":4,"status":0}],"golds":[{"posx":0,"posy":0,"amount":550},{"posx":19,"posy":1,"amount":150},{"posx":4,"posy":3,"amount":500},{"posx":8,"posy":3,"amount":350},{"posx":12,"posy":3,"amount":400},{"posx":2,"posy":4,"amount":550},{"posx":4,"posy":4,"amount":550},{"posx":7,"posy":4,"amount":50},{"posx":1,"posy":5,"amount":500},{"posx":3,"posy":5,"amount":50},{"posx":19,"posy":6,"amount":300},{"posx":3,"posy":7,"amount":650},{"posx":14,"posy":7,"amount":600},{"posx":2,"posy":8,"amount":250},{"posx":17,"posy":8,"amount":600},{"posx":18,"posy":8,"amount":100}],"changedObstacles":[]},{"players":[{"playerId":675419,"score":750,"energy":18,"posx":0,"posy":0,"lastAction":5,"status":0},{"playerId":206247,"score":700,"energy":50,"posx":3,"posy":5,"lastAction":4,"status":0},{"playerId":2268490,"score":750,"energy":18,"posx":2,"posy":4,"lastAction":4,"status":0},{"playerId":2238718,"score":500,"energy":10,"posx":7,"posy":6,"lastAction":0,"status":0}],"golds":[{"posx":0,"posy":0,"amount":500},{"posx":19,"posy":1,"amount":150},{"posx":4,"posy":3,"amount":500},{"posx":8,"posy":3,"amount":350},{"posx":12,"posy":3,"amount":400},{"posx":2,"posy":4,"amount":550},{"posx":4,"posy":4,"amount":550},{"posx":7,"posy":4,"amount":50},{"posx":1,"posy":5,"amount":500},{"posx":3,"posy":5,"amount":50},{"posx":19,"posy":6,"amount":300},{"posx":3,"posy":7,"amount":650},{"posx":14,"posy":7,"amount":600},{"posx":2,"posy":8,"amount":250},{"posx":17,"posy":8,"amount":600},{"posx":18,"posy":8,"amount":100}],"changedObstacles":[{"type":0,"posx":7,"posy":6,"value":-1}]},{"players":[{"playerId":675419,"score":800,"energy":13,"posx":0,"posy":0,"lastAction":5,"status":0},{"playerId":206247,"score":750,"energy":45,"posx":3,"posy":5,"lastAction":5,"status":0},{"playerId":2268490,"score":750,"energy":34,"posx":2,"posy":4,"lastAction":4,"status":0},{"playerId":2238718,"score":500,"energy":22,"posx":7,"posy":6,"lastAction":4,"status":0}],"golds":[{"posx":0,"posy":0,"amount":450},{"posx":19,"posy":1,"amount":150},{"posx":4,"posy":3,"amount":500},{"posx":8,"posy":3,"amount":350},{"posx":12,"posy":3,"amount":400},{"posx":2,"posy":4,"amount":550},{"posx":4,"posy":4,"amount":550},{"posx":7,"posy":4,"amount":50},{"posx":1,"posy":5,"amount":500},{"posx":19,"posy":6,"amount":300},{"posx":3,"posy":7,"amount":650},{"posx":14,"posy":7,"amount":600},{"posx":2,"posy":8,"amount":250},{"posx":17,"posy":8,"amount":600},{"posx":18,"posy":8,"amount":100}],"changedObstacles":[{"type":0,"posx":3,"posy":5,"value":-1}]},{"players":[{"playerId":675419,"score":850,"energy":8,"posx":0,"posy":0,"lastAction":5,"status":0},{"playerId":206247,"score":750,"energy":44,"posx":3,"posy":6,"lastAction":3,"status":0},{"playerId":2268490,"score":800,"energy":29,"posx":2,"posy":4,"lastAction":5,"status":0},{"playerId":2238718,"score":500,"energy":21,"posx":6,"posy":6,"lastAction":0,"status":0}],"golds":[{"posx":0,"posy":0,"amount":400},{"posx":19,"posy":1,"amount":150},{"posx":4,"posy":3,"amount":500},{"posx":8,"posy":3,"amount":350},{"posx":12,"posy":3,"amount":400},{"posx":2,"posy":4,"amount":500},{"posx":4,"posy":4,"amount":550},{"posx":7,"posy":4,"amount":50},{"posx":1,"posy":5,"amount":500},{"posx":19,"posy":6,"amount":300},{"posx":3,"posy":7,"amount":650},{"posx":14,"posy":7,"amount":600},{"posx":2,"posy":8,"amount":250},{"posx":17,"posy":8,"amount":600},{"posx":18,"posy":8,"amount":100}],"changedObstacles":[]},{"players":[{"playerId":675419,"score":900,"energy":3,"posx":0,"posy":0,"lastAction":5,"status":0},{"playerId":206247,"score":750,"energy":40,"posx":3,"posy":7,"lastAction":3,"status":0},{"playerId":2268490,"score":850,"energy":24,"posx":2,"posy":4,"lastAction":5,"status":0},{"playerId":2238718,"score":500,"energy":20,"posx":5,"posy":6,"lastAction":0,"status":0}],"golds":[{"posx":0,"posy":0,"amount":350},{"posx":19,"posy":1,"amount":150},{"posx":4,"posy":3,"amount":500},{"posx":8,"posy":3,"amount":350},{"posx":12,"posy":3,"amount":400},{"posx":2,"posy":4,"amount":450},{"posx":4,"posy":4,"amount":550},{"posx":7,"posy":4,"amount":50},{"posx":1,"posy":5,"amount":500},{"posx":19,"posy":6,"amount":300},{"posx":3,"posy":7,"amount":650},{"posx":14,"posy":7,"amount":600},{"posx":2,"posy":8,"amount":250},{"posx":17,"posy":8,"amount":600},{"posx":18,"posy":8,"amount":100}],"changedObstacles":[]},{"players":[{"playerId":675419,"score":900,"energy":15,"posx":0,"posy":0,"lastAction":4,"status":0},{"playerId":206247,"score":800,"energy":35,"posx":3,"posy":7,"lastAction":5,"status":0},{"playerId":2268490,"score":900,"energy":19,"posx":2,"posy":4,"lastAction":5,"status":0},{"playerId":2238718,"score":500,"energy":19,"posx":5,"posy":5,"lastAction":2,"status":0}],"golds":[{"posx":0,"posy":0,"amount":350},{"posx":19,"posy":1,"amount":150},{"posx":4,"posy":3,"amount":500},{"posx":8,"posy":3,"amount":350},{"posx":12,"posy":3,"amount":400},{"posx":2,"posy":4,"amount":400},{"posx":4,"posy":4,"amount":550},{"posx":7,"posy":4,"amount":50},{"posx":1,"posy":5,"amount":500},{"posx":19,"posy":6,"amount":300},{"posx":3,"posy":7,"amount":600},{"posx":14,"posy":7,"amount":600},{"posx":2,"posy":8,"amount":250},{"posx":17,"posy":8,"amount":600},{"posx":18,"posy":8,"amount":100}],"changedObstacles":[]},{"players":[{"playerId":675419,"score":900,"energy":31,"posx":0,"posy":0,"lastAction":4,"status":0},{"playerId":206247,"score":850,"energy":30,"posx":3,"posy":7,"lastAction":5,"status":0},{"playerId":2268490,"score":950,"energy":14,"posx":2,"posy":4,"lastAction":5,"status":0},{"playerId":2238718,"score":500,"energy":18,"posx":5,"posy":4,"lastAction":2,"status":0}],"golds":[{"posx":0,"posy":0,"amount":350},{"posx":19,"posy":1,"amount":150},{"posx":4,"posy":3,"amount":500},{"posx":8,"posy":3,"amount":350},{"posx":12,"posy":3,"amount":400},{"posx":2,"posy":4,"amount":350},{"posx":4,"posy":4,"amount":550},{"posx":7,"posy":4,"amount":50},{"posx":1,"posy":5,"amount":500},{"posx":19,"posy":6,"amount":300},{"posx":3,"posy":7,"amount":550},{"posx":14,"posy":7,"amount":600},{"posx":2,"posy":8,"amount":250},{"posx":17,"posy":8,"amount":600},{"posx":18,"posy":8,"amount":100}],"changedObstacles":[]},{"players":[{"playerId":675419,"score":950,"energy":26,"posx":0,"posy":0,"lastAction":5,"status":0},{"playerId":206247,"score":900,"energy":25,"posx":3,"posy":7,"lastAction":5,"status":0},{"playerId":2268490,"score":1000,"energy":9,"posx":2,"posy":4,"lastAction":5,"status":0},{"playerId":2238718,"score":500,"energy":14,"posx":4,"posy":4,"lastAction":0,"status":0}],"golds":[{"posx":0,"posy":0,"amount":300},{"posx":19,"posy":1,"amount":150},{"posx":4,"posy":3,"amount":500},{"posx":8,"posy":3,"amount":350},{"posx":12,"posy":3,"amount":400},{"posx":2,"posy":4,"amount":300},{"posx":4,"posy":4,"amount":550},{"posx":7,"posy":4,"amount":50},{"posx":1,"posy":5,"amount":500},{"posx":19,"posy":6,"amount":300},{"posx":3,"posy":7,"amount":500},{"posx":14,"posy":7,"amount":600},{"posx":2,"posy":8,"amount":250},{"posx":17,"posy":8,"amount":600},{"posx":18,"posy":8,"amount":100}],"changedObstacles":[]},{"players":[{"playerId":675419,"score":1000,"energy":21,"posx":0,"posy":0,"lastAction":5,"status":0},{"playerId":206247,"score":950,"energy":20,"posx":3,"posy":7,"lastAction":5,"status":0},{"playerId":2268490,"score":1000,"energy":21,"posx":2,"posy":4,"lastAction":4,"status":0},{"playerId":2238718,"score":550,"energy":9,"posx":4,"posy":4,"lastAction":5,"status":0}],"golds":[{"posx":0,"posy":0,"amount":250},{"posx":19,"posy":1,"amount":150},{"posx":4,"posy":3,"amount":500},{"posx":8,"posy":3,"amount":350},{"posx":12,"posy":3,"amount":400},{"posx":2,"posy":4,"amount":300},{"posx":4,"posy":4,"amount":500},{"posx":7,"posy":4,"amount":50},{"posx":1,"posy":5,"amount":500},{"posx":19,"posy":6,"amount":300},{"posx":3,"posy":7,"amount":450},{"posx":14,"posy":7,"amount":600},{"posx":2,"posy":8,"amount":250},{"posx":17,"posy":8,"amount":600},{"posx":18,"posy":8,"amount":100}],"changedObstacles":[]},{"players":[{"playerId":675419,"score":1050,"energy":16,"posx":0,"posy":0,"lastAction":5,"status":0},{"playerId":206247,"score":1000,"energy":15,"posx":3,"posy":7,"lastAction":5,"status":0},{"playerId":2268490,"score":1000,"energy":37,"posx":2,"posy":4,"lastAction":4,"status":0},{"playerId":2238718,"score":550,"energy":21,"posx":4,"posy":4,"lastAction":4,"status":0}],"golds":[{"posx":0,"posy":0,"amount":200},{"posx":19,"posy":1,"amount":150},{"posx":4,"posy":3,"amount":500},{"posx":8,"posy":3,"amount":350},{"posx":12,"posy":3,"amount":400},{"posx":2,"posy":4,"amount":300},{"posx":4,"posy":4,"amount":500},{"posx":7,"posy":4,"amount":50},{"posx":1,"posy":5,"amount":500},{"posx":19,"posy":6,"amount":300},{"posx":3,"posy":7,"amount":400},{"posx":14,"posy":7,"amount":600},{"posx":2,"posy":8,"amount":250},{"posx":17,"posy":8,"amount":600},{"posx":18,"posy":8,"amount":100}],"changedObstacles":[]},{"players":[{"playerId":675419,"score":1100,"energy":11,"posx":0,"posy":0,"lastAction":5,"status":0},{"playerId":206247,"score":1050,"energy":10,"posx":3,"posy":7,"lastAction":5,"status":0},{"playerId":2268490,"score":1050,"energy":32,"posx":2,"posy":4,"lastAction":5,"status":0},{"playerId":2238718,"score":600,"energy":16,"posx":4,"posy":4,"lastAction":5,"status":0}],"golds":[{"posx":0,"posy":0,"amount":150},{"posx":19,"posy":1,"amount":150},{"posx":4,"posy":3,"amount":500},{"posx":8,"posy":3,"amount":350},{"posx":12,"posy":3,"amount":400},{"posx":2,"posy":4,"amount":250},{"posx":4,"posy":4,"amount":450},{"posx":7,"posy":4,"amount":50},{"posx":1,"posy":5,"amount":500},{"posx":19,"posy":6,"amount":300},{"posx":3,"posy":7,"amount":350},{"posx":14,"posy":7,"amount":600},{"posx":2,"posy":8,"amount":250},{"posx":17,"posy":8,"amount":600},{"posx":18,"posy":8,"amount":100}],"changedObstacles":[]},{"players":[{"playerId":675419,"score":1150,"energy":6,"posx":0,"posy":0,"lastAction":5,"status":0},{"playerId":206247,"score":1100,"energy":5,"posx":3,"posy":7,"lastAction":5,"status":0},{"playerId":2268490,"score":1100,"energy":27,"posx":2,"posy":4,"lastAction":5,"status":0},{"playerId":2238718,"score":650,"energy":11,"posx":4,"posy":4,"lastAction":5,"status":0}],"golds":[{"posx":0,"posy":0,"amount":100},{"posx":19,"posy":1,"amount":150},{"posx":4,"posy":3,"amount":500},{"posx":8,"posy":3,"amount":350},{"posx":12,"posy":3,"amount":400},{"posx":2,"posy":4,"amount":200},{"posx":4,"posy":4,"amount":400},{"posx":7,"posy":4,"amount":50},{"posx":1,"posy":5,"amount":500},{"posx":19,"posy":6,"amount":300},{"posx":3,"posy":7,"amount":300},{"posx":14,"posy":7,"amount":600},{"posx":2,"posy":8,"amount":250},{"posx":17,"posy":8,"amount":600},{"posx":18,"posy":8,"amount":100}],"changedObstacles":[]},{"players":[{"playerId":675419,"score":1200,"energy":1,"posx":0,"posy":0,"lastAction":5,"status":0},{"playerId":206247,"score":1100,"energy":17,"posx":3,"posy":7,"lastAction":4,"status":0},{"playerId":2268490,"score":1150,"energy":22,"posx":2,"posy":4,"lastAction":5,"status":0},{"playerId":2238718,"score":700,"energy":6,"posx":4,"posy":4,"lastAction":5,"status":0}],"golds":[{"posx":0,"posy":0,"amount":50},{"posx":19,"posy":1,"amount":150},{"posx":4,"posy":3,"amount":500},{"posx":8,"posy":3,"amount":350},{"posx":12,"posy":3,"amount":400},{"posx":2,"posy":4,"amount":150},{"posx":4,"posy":4,"amount":350},{"posx":7,"posy":4,"amount":50},{"posx":1,"posy":5,"amount":500},{"posx":19,"posy":6,"amount":300},{"posx":3,"posy":7,"amount":300},{"posx":14,"posy":7,"amount":600},{"posx":2,"posy":8,"amount":250},{"posx":17,"posy":8,"amount":600},{"posx":18,"posy":8,"amount":100}],"changedObstacles":[]},{"players":[{"playerId":675419,"score":1200,"energy":13,"posx":0,"posy":0,"lastAction":4,"status":0},{"playerId":206247,"score":1100,"energy":33,"posx":3,"posy":7,"lastAction":4,"status":0},{"playerId":2268490,"score":1200,"energy":17,"posx":2,"posy":4,"lastAction":5,"status":0},{"playerId":2238718,"score":700,"energy":18,"posx":4,"posy":4,"lastAction":4,"status":0}],"golds":[{"posx":0,"posy":0,"amount":50},{"posx":19,"posy":1,"amount":150},{"posx":4,"posy":3,"amount":500},{"posx":8,"posy":3,"amount":350},{"posx":12,"posy":3,"amount":400},{"posx":2,"posy":4,"amount":100},{"posx":4,"posy":4,"amount":350},{"posx":7,"posy":4,"amount":50},{"posx":1,"posy":5,"amount":500},{"posx":19,"posy":6,"amount":300},{"posx":3,"posy":7,"amount":300},{"posx":14,"posy":7,"amount":600},{"posx":2,"posy":8,"amount":250},{"posx":17,"posy":8,"amount":600},{"posx":18,"posy":8,"amount":100}],"changedObstacles":[]},{"players":[{"playerId":675419,"score":1200,"energy":29,"posx":0,"posy":0,"lastAction":4,"status":0},{"playerId":206247,"score":1100,"energy":50,"posx":3,"posy":7,"lastAction":4,"status":0},{"playerId":2268490,"score":1250,"energy":12,"posx":2,"posy":4,"lastAction":5,"status":0},{"playerId":2238718,"score":750,"energy":13,"posx":4,"posy":4,"lastAction":5,"status":0}],"golds":[{"posx":0,"posy":0,"amount":50},{"posx":19,"posy":1,"amount":150},{"posx":4,"posy":3,"amount":500},{"posx":8,"posy":3,"amount":350},{"posx":12,"posy":3,"amount":400},{"posx":2,"posy":4,"amount":50},{"posx":4,"posy":4,"amount":300},{"posx":7,"posy":4,"amount":50},{"posx":1,"posy":5,"amount":500},{"posx":19,"posy":6,"amount":300},{"posx":3,"posy":7,"amount":300},{"posx":14,"posy":7,"amount":600},{"posx":2,"posy":8,"amount":250},{"posx":17,"posy":8,"amount":600},{"posx":18,"posy":8,"amount":100}],"changedObstacles":[]},{"players":[{"playerId":675419,"score":1250,"energy":24,"posx":0,"posy":0,"lastAction":5,"status":0},{"playerId":206247,"score":1150,"energy":45,"posx":3,"posy":7,"lastAction":5,"status":0},{"playerId":2268490,"score":1300,"energy":7,"posx":2,"posy":4,"lastAction":5,"status":0},{"playerId":2238718,"score":800,"energy":8,"posx":4,"posy":4,"lastAction":5,"status":0}],"golds":[{"posx":19,"posy":1,"amount":150},{"posx":4,"posy":3,"amount":500},{"posx":8,"posy":3,"amount":350},{"posx":12,"posy":3,"amount":400},{"posx":4,"posy":4,"amount":250},{"posx":7,"posy":4,"amount":50},{"posx":1,"posy":5,"amount":500},{"posx":19,"posy":6,"amount":300},{"posx":3,"posy":7,"amount":250},{"posx":14,"posy":7,"amount":600},{"posx":2,"posy":8,"amount":250},{"posx":17,"posy":8,"amount":600},{"posx":18,"posy":8,"amount":100}],"changedObstacles":[{"type":0,"posx":2,"posy":4,"value":-1},{"type":0,"posx":0,"posy":0,"value":-1}]},{"players":[{"playerId":675419,"score":1250,"energy":23,"posx":1,"posy":0,"lastAction":1,"status":0},{"playerId":206247,"score":1200,"energy":40,"posx":3,"posy":7,"lastAction":5,"status":0},{"playerId":2268490,"score":1300,"energy":6,"posx":1,"posy":4,"lastAction":0,"status":0},{"playerId":2238718,"score":800,"energy":20,"posx":4,"posy":4,"lastAction":4,"status":0}],"golds":[{"posx":19,"posy":1,"amount":150},{"posx":4,"posy":3,"amount":500},{"posx":8,"posy":3,"amount":350},{"posx":12,"posy":3,"amount":400},{"posx":4,"posy":4,"amount":250},{"posx":7,"posy":4,"amount":50},{"posx":1,"posy":5,"amount":500},{"posx":19,"posy":6,"amount":300},{"posx":3,"posy":7,"amount":200},{"posx":14,"posy":7,"amount":600},{"posx":2,"posy":8,"amount":250},{"posx":17,"posy":8,"amount":600},{"posx":18,"posy":8,"amount":100}],"changedObstacles":[]},{"players":[{"playerId":675419,"score":1250,"energy":22,"posx":1,"posy":1,"lastAction":3,"status":0},{"playerId":206247,"score":1250,"energy":35,"posx":3,"posy":7,"lastAction":5,"status":0},{"playerId":2268490,"score":1300,"energy":2,"posx":1,"posy":5,"lastAction":3,"status":0},{"playerId":2238718,"score":850,"energy":15,"posx":4,"posy":4,"lastAction":5,"status":0}],"golds":[{"posx":19,"posy":1,"amount":150},{"posx":4,"posy":3,"amount":500},{"posx":8,"posy":3,"amount":350},{"posx":12,"posy":3,"amount":400},{"posx":4,"posy":4,"amount":200},{"posx":7,"posy":4,"amount":50},{"posx":1,"posy":5,"amount":500},{"posx":19,"posy":6,"amount":300},{"posx":3,"posy":7,"amount":150},{"posx":14,"posy":7,"amount":600},{"posx":2,"posy":8,"amount":250},{"posx":17,"posy":8,"amount":600},{"posx":18,"posy":8,"amount":100}],"changedObstacles":[]},{"players":[{"playerId":675419,"score":1250,"energy":5,"posx":1,"posy":2,"lastAction":3,"status":0},{"playerId":206247,"score":1300,"energy":30,"posx":3,"posy":7,"lastAction":5,"status":0},{"playerId":2268490,"score":1300,"energy":14,"posx":1,"posy":5,"lastAction":4,"status":0},{"playerId":2238718,"score":900,"energy":10,"posx":4,"posy":4,"lastAction":5,"status":0}],"golds":[{"posx":19,"posy":1,"amount":150},{"posx":4,"posy":3,"amount":500},{"posx":8,"posy":3,"amount":350},{"posx":12,"posy":3,"amount":400},{"posx":4,"posy":4,"amount":150},{"posx":7,"posy":4,"amount":50},{"posx":1,"posy":5,"amount":500},{"posx":19,"posy":6,"amount":300},{"posx":3,"posy":7,"amount":100},{"posx":14,"posy":7,"amount":600},{"posx":2,"posy":8,"amount":250},{"posx":17,"posy":8,"amount":600},{"posx":18,"posy":8,"amount":100}],"changedObstacles":[]},{"players":[{"playerId":675419,"score":1250,"energy":4,"posx":1,"posy":3,"lastAction":3,"status":0},{"playerId":206247,"score":1350,"energy":25,"posx":3,"posy":7,"lastAction":5,"status":0},{"playerId":2268490,"score":1300,"energy":30,"posx":1,"posy":5,"lastAction":4,"status":0},{"playerId":2238718,"score":900,"energy":22,"posx":4,"posy":4,"lastAction":4,"status":0}],"golds":[{"posx":19,"posy":1,"amount":150},{"posx":4,"posy":3,"amount":500},{"posx":8,"posy":3,"amount":350},{"posx":12,"posy":3,"amount":400},{"posx":4,"posy":4,"amount":150},{"posx":7,"posy":4,"amount":50},{"posx":1,"posy":5,"amount":500},{"posx":19,"posy":6,"amount":300},{"posx":3,"posy":7,"amount":50},{"posx":14,"posy":7,"amount":600},{"posx":2,"posy":8,"amount":250},{"posx":17,"posy":8,"amount":600},{"posx":18,"posy":8,"amount":100}],"changedObstacles":[]},{"players":[{"playerId":675419,"score":1250,"energy":3,"posx":1,"posy":4,"lastAction":3,"status":0},{"playerId":206247,"score":1400,"energy":20,"posx":3,"posy":7,"lastAction":5,"status":0},{"playerId":2268490,"score":1350,"energy":25,"posx":1,"posy":5,"lastAction":5,"status":0},{"playerId":2238718,"score":950,"energy":17,"posx":4,"posy":4,"lastAction":5,"status":0}],"golds":[{"posx":19,"posy":1,"amount":150},{"posx":4,"posy":3,"amount":500},{"posx":8,"posy":3,"amount":350},{"posx":12,"posy":3,"amount":400},{"posx":4,"posy":4,"amount":100},{"posx":7,"posy":4,"amount":50},{"posx":1,"posy":5,"amount":450},{"posx":19,"posy":6,"amount":300},{"posx":14,"posy":7,"amount":600},{"posx":2,"posy":8,"amount":250},{"posx":17,"posy":8,"amount":600},{"posx":18,"posy":8,"amount":100}],"changedObstacles":[{"type":0,"posx":3,"posy":7,"value":-1}]},{"players":[{"playerId":675419,"score":1250,"energy":15,"posx":1,"posy":4,"lastAction":4,"status":0},{"playerId":206247,"score":1400,"energy":19,"posx":2,"posy":7,"lastAction":0,"status":0},{"playerId":2268490,"score":1400,"energy":20,"posx":1,"posy":5,"lastAction":5,"status":0},{"playerId":2238718,"score":1000,"energy":12,"posx":4,"posy":4,"lastAction":5,"status":0}],"golds":[{"posx":19,"posy":1,"amount":150},{"posx":4,"posy":3,"amount":500},{"posx":8,"posy":3,"amount":350},{"posx":12,"posy":3,"amount":400},{"posx":4,"posy":4,"amount":50},{"posx":7,"posy":4,"amount":50},{"posx":1,"posy":5,"amount":400},{"posx":19,"posy":6,"amount":300},{"posx":14,"posy":7,"amount":600},{"posx":2,"posy":8,"amount":250},{"posx":17,"posy":8,"amount":600},{"posx":18,"posy":8,"amount":100}],"changedObstacles":[]},{"players":[{"playerId":675419,"score":1250,"energy":11,"posx":1,"posy":5,"lastAction":3,"status":0},{"playerId":206247,"score":1400,"energy":15,"posx":2,"posy":8,"lastAction":3,"status":0},{"playerId":2268490,"score":1450,"energy":15,"posx":1,"posy":5,"lastAction":5,"status":0},{"playerId":2238718,"score":1050,"energy":7,"posx":4,"posy":4,"lastAction":5,"status":0}],"golds":[{"posx":19,"posy":1,"amount":150},{"posx":4,"posy":3,"amount":500},{"posx":8,"posy":3,"amount":350},{"posx":12,"posy":3,"amount":400},{"posx":7,"posy":4,"amount":50},{"posx":1,"posy":5,"amount":350},{"posx":19,"posy":6,"amount":300},{"posx":14,"posy":7,"amount":600},{"posx":2,"posy":8,"amount":250},{"posx":17,"posy":8,"amount":600},{"posx":18,"posy":8,"amount":100}],"changedObstacles":[{"type":0,"posx":4,"posy":4,"value":-1}]},{"players":[{"playerId":675419,"score":1300,"energy":6,"posx":1,"posy":5,"lastAction":5,"status":0},{"playerId":206247,"score":1450,"energy":10,"posx":2,"posy":8,"lastAction":5,"status":0},{"playerId":2268490,"score":1500,"energy":10,"posx":1,"posy":5,"lastAction":5,"status":0},{"playerId":2238718,"score":1050,"energy":19,"posx":4,"posy":4,"lastAction":4,"status":0}],"golds":[{"posx":19,"posy":1,"amount":150},{"posx":4,"posy":3,"amount":500},{"posx":8,"posy":3,"amount":350},{"posx":12,"posy":3,"amount":400},{"posx":7,"posy":4,"amount":50},{"posx":1,"posy":5,"amount":250},{"posx":19,"posy":6,"amount":300},{"posx":14,"posy":7,"amount":600},{"posx":2,"posy":8,"amount":200},{"posx":17,"posy":8,"amount":600},{"posx":18,"posy":8,"amount":100}],"changedObstacles":[]},{"players":[{"playerId":675419,"score":1350,"energy":1,"posx":1,"posy":5,"lastAction":5,"status":0},{"playerId":206247,"score":1500,"energy":5,"posx":2,"posy":8,"lastAction":5,"status":0},{"playerId":2268490,"score":1500,"energy":22,"posx":1,"posy":5,"lastAction":4,"status":0},{"playerId":2238718,"score":1050,"energy":18,"posx":5,"posy":4,"lastAction":1,"status":0}],"golds":[{"posx":19,"posy":1,"amount":150},{"posx":4,"posy":3,"amount":500},{"posx":8,"posy":3,"amount":350},{"posx":12,"posy":3,"amount":400},{"posx":7,"posy":4,"amount":50},{"posx":1,"posy":5,"amount":200},{"posx":19,"posy":6,"amount":300},{"posx":14,"posy":7,"amount":600},{"posx":2,"posy":8,"amount":150},{"posx":17,"posy":8,"amount":600},{"posx":18,"posy":8,"amount":100}],"changedObstacles":[]},{"players":[{"playerId":675419,"score":1350,"energy":13,"posx":1,"posy":5,"lastAction":4,"status":0},{"playerId":206247,"score":1500,"energy":17,"posx":2,"posy":8,"lastAction":4,"status":0},{"playerId":2268490,"score":1500,"energy":38,"posx":1,"posy":5,"lastAction":4,"status":0},{"playerId":2238718,"score":1050,"energy":17,"posx":5,"posy":5,"lastAction":3,"status":0}],"golds":[{"posx":19,"posy":1,"amount":150},{"posx":4,"posy":3,"amount":500},{"posx":8,"posy":3,"amount":350},{"posx":12,"posy":3,"amount":400},{"posx":7,"posy":4,"amount":50},{"posx":1,"posy":5,"amount":200},{"posx":19,"posy":6,"amount":300},{"posx":14,"posy":7,"amount":600},{"posx":2,"posy":8,"amount":150},{"posx":17,"posy":8,"amount":600},{"posx":18,"posy":8,"amount":100}],"changedObstacles":[]},{"players":[{"playerId":675419,"score":1350,"energy":29,"posx":1,"posy":5,"lastAction":4,"status":0},{"playerId":206247,"score":1500,"energy":33,"posx":2,"posy":8,"lastAction":4,"status":0},{"playerId":2268490,"score":1550,"energy":33,"posx":1,"posy":5,"lastAction":5,"status":0},{"playerId":2238718,"score":1050,"energy":16,"posx":5,"posy":6,"lastAction":3,"status":0}],"golds":[{"posx":19,"posy":1,"amount":150},{"posx":4,"posy":3,"amount":500},{"posx":8,"posy":3,"amount":350},{"posx":12,"posy":3,"amount":400},{"posx":7,"posy":4,"amount":50},{"posx":1,"posy":5,"amount":150},{"posx":19,"posy":6,"amount":300},{"posx":14,"posy":7,"amount":600},{"posx":2,"posy":8,"amount":150},{"posx":17,"posy":8,"amount":600},{"posx":18,"posy":8,"amount":100}],"changedObstacles":[]},{"players":[{"playerId":675419,"score":1400,"energy":24,"posx":1,"posy":5,"lastAction":5,"status":0},{"playerId":206247,"score":1500,"energy":50,"posx":2,"posy":8,"lastAction":4,"status":0},{"playerId":2268490,"score":1600,"energy":28,"posx":1,"posy":5,"lastAction":5,"status":0},{"playerId":2238718,"score":1050,"energy":15,"posx":6,"posy":6,"lastAction":1,"status":0}],"golds":[{"posx":19,"posy":1,"amount":150},{"posx":4,"posy":3,"amount":500},{"posx":8,"posy":3,"amount":350},{"posx":12,"posy":3,"amount":400},{"posx":7,"posy":4,"amount":50},{"posx":1,"posy":5,"amount":50},{"posx":19,"posy":6,"amount":300},{"posx":14,"posy":7,"amount":600},{"posx":2,"posy":8,"amount":150},{"posx":17,"posy":8,"amount":600},{"posx":18,"posy":8,"amount":100}],"changedObstacles":[]},{"players":[{"playerId":675419,"score":1425,"energy":19,"posx":1,"posy":5,"lastAction":5,"status":0},{"playerId":206247,"score":1550,"energy":45,"posx":2,"posy":8,"lastAction":5,"status":0},{"playerId":2268490,"score":1625,"energy":23,"posx":1,"posy":5,"lastAction":5,"status":0},{"playerId":2238718,"score":1050,"energy":14,"posx":7,"posy":6,"lastAction":1,"status":0}],"golds":[{"posx":19,"posy":1,"amount":150},{"posx":4,"posy":3,"amount":500},{"posx":8,"posy":3,"amount":350},{"posx":12,"posy":3,"amount":400},{"posx":7,"posy":4,"amount":50},{"posx":19,"posy":6,"amount":300},{"posx":14,"posy":7,"amount":600},{"posx":2,"posy":8,"amount":100},{"posx":17,"posy":8,"amount":600},{"posx":18,"posy":8,"amount":100}],"changedObstacles":[{"type":0,"posx":1,"posy":5,"value":-1}]},{"players":[{"playerId":675419,"score":1425,"energy":18,"posx":1,"posy":6,"lastAction":3,"status":0},{"playerId":206247,"score":1600,"energy":40,"posx":2,"posy":8,"lastAction":5,"status":0},{"playerId":2268490,"score":1625,"energy":22,"posx":1,"posy":4,"lastAction":2,"status":0},{"playerId":2238718,"score":1050,"energy":13,"posx":8,"posy":6,"lastAction":1,"status":0}],"golds":[{"posx":19,"posy":1,"amount":150},{"posx":4,"posy":3,"amount":500},{"posx":8,"posy":3,"amount":350},{"posx":12,"posy":3,"amount":400},{"posx":7,"posy":4,"amount":50},{"posx":19,"posy":6,"amount":300},{"posx":14,"posy":7,"amount":600},{"posx":2,"posy":8,"amount":50},{"posx":17,"posy":8,"amount":600},{"posx":18,"posy":8,"amount":100}],"changedObstacles":[]},{"players":[{"playerId":675419,"score":1425,"energy":13,"posx":1,"posy":7,"lastAction":3,"status":0},{"playerId":206247,"score":1650,"energy":35,"posx":2,"posy":8,"lastAction":5,"status":0},{"playerId":2268490,"score":1625,"energy":21,"posx":2,"posy":4,"lastAction":1,"status":0},{"playerId":2238718,"score":1050,"energy":12,"posx":8,"posy":5,"lastAction":2,"status":0}],"golds":[{"posx":19,"posy":1,"amount":150},{"posx":4,"posy":3,"amount":500},{"posx":8,"posy":3,"amount":350},{"posx":12,"posy":3,"amount":400},{"posx":7,"posy":4,"amount":50},{"posx":19,"posy":6,"amount":300},{"posx":14,"posy":7,"amount":600},{"posx":17,"posy":8,"amount":600},{"posx":18,"posy":8,"amount":100}],"changedObstacles":[{"type":3,"posx":1,"posy":7,"value":-20},{"type":0,"posx":2,"posy":8,"value":-1}]},{"players":[{"playerId":675419,"score":1425,"energy":12,"posx":2,"posy":7,"lastAction":1,"status":0},{"playerId":206247,"score":1650,"energy":34,"posx":3,"posy":8,"lastAction":1,"status":0},{"playerId":2268490,"score":1625,"energy":20,"posx":2,"posy":3,"lastAction":2,"status":0},{"playerId":2238718,"score":1050,"energy":11,"posx":8,"posy":4,"lastAction":2,"status":0}],"golds":[{"posx":19,"posy":1,"amount":150},{"posx":4,"posy":3,"amount":500},{"posx":8,"posy":3,"amount":350},{"posx":12,"posy":3,"amount":400},{"posx":7,"posy":4,"amount":50},{"posx":19,"posy":6,"amount":300},{"posx":14,"posy":7,"amount":600},{"posx":17,"posy":8,"amount":600},{"posx":18,"posy":8,"amount":100}],"changedObstacles":[]},{"players":[{"playerId":675419,"score":1425,"energy":11,"posx":2,"posy":8,"lastAction":3,"status":0},{"playerId":206247,"score":1650,"energy":33,"posx":3,"posy":7,"lastAction":2,"status":0},{"playerId":2268490,"score":1625,"energy":32,"posx":2,"posy":3,"lastAction":4,"status":0},{"playerId":2238718,"score":1050,"energy":7,"posx":7,"posy":4,"lastAction":0,"status":0}],"golds":[{"posx":19,"posy":1,"amount":150},{"posx":4,"posy":3,"amount":500},{"posx":8,"posy":3,"amount":350},{"posx":12,"posy":3,"amount":400},{"posx":7,"posy":4,"amount":50},{"posx":19,"posy":6,"amount":300},{"posx":14,"posy":7,"amount":600},{"posx":17,"posy":8,"amount":600},{"posx":18,"posy":8,"amount":100}],"changedObstacles":[]},{"players":[{"playerId":675419,"score":1425,"energy":10,"posx":3,"posy":8,"lastAction":1,"status":0},{"playerId":206247,"score":1650,"energy":32,"posx":3,"posy":6,"lastAction":2,"status":0},{"playerId":2268490,"score":1625,"energy":12,"posx":3,"posy":3,"lastAction":1,"status":0},{"playerId":2238718,"score":1050,"energy":19,"posx":7,"posy":4,"lastAction":4,"status":0}],"golds":[{"posx":19,"posy":1,"amount":150},{"posx":4,"posy":3,"amount":500},{"posx":8,"posy":3,"amount":350},{"posx":12,"posy":3,"amount":400},{"posx":7,"posy":4,"amount":50},{"posx":19,"posy":6,"amount":300},{"posx":14,"posy":7,"amount":600},{"posx":17,"posy":8,"amount":600},{"posx":18,"posy":8,"amount":100}],"changedObstacles":[{"type":3,"posx":3,"posy":3,"value":-40}]},{"players":[{"playerId":675419,"score":1425,"energy":9,"posx":3,"posy":7,"lastAction":2,"status":0},{"playerId":206247,"score":1650,"energy":31,"posx":3,"posy":5,"lastAction":2,"status":0},{"playerId":2268490,"score":1625,"energy":8,"posx":4,"posy":3,"lastAction":1,"status":0},{"playerId":2238718,"score":1100,"energy":14,"posx":7,"posy":4,"lastAction":5,"status":0}],"golds":[{"posx":19,"posy":1,"amount":150},{"posx":4,"posy":3,"amount":500},{"posx":8,"posy":3,"amount":350},{"posx":12,"posy":3,"amount":400},{"posx":19,"posy":6,"amount":300},{"posx":14,"posy":7,"amount":600},{"posx":17,"posy":8,"amount":600},{"posx":18,"posy":8,"amount":100}],"changedObstacles":[{"type":0,"posx":7,"posy":4,"value":-1}]},{"players":[{"playerId":675419,"score":1425,"energy":8,"posx":3,"posy":6,"lastAction":2,"status":0},{"playerId":206247,"score":1650,"energy":21,"posx":4,"posy":5,"lastAction":1,"status":0},{"playerId":2268490,"score":1625,"energy":20,"posx":4,"posy":3,"lastAction":4,"status":0},{"playerId":2238718,"score":1100,"energy":13,"posx":8,"posy":4,"lastAction":1,"status":0}],"golds":[{"posx":19,"posy":1,"amount":150},{"posx":4,"posy":3,"amount":500},{"posx":8,"posy":3,"amount":350},{"posx":12,"posy":3,"amount":400},{"posx":19,"posy":6,"amount":300},{"posx":14,"posy":7,"amount":600},{"posx":17,"posy":8,"amount":600},{"posx":18,"posy":8,"amount":100}],"changedObstacles":[{"type":0,"posx":4,"posy":5,"value":-1}]},{"players":[{"playerId":675419,"score":1425,"energy":3,"posx":4,"posy":6,"lastAction":1,"status":0},{"playerId":206247,"score":1650,"energy":20,"posx":4,"posy":4,"lastAction":2,"status":0},{"playerId":2268490,"score":1625,"energy":36,"posx":4,"posy":3,"lastAction":4,"status":0},{"playerId":2238718,"score":1100,"energy":12,"posx":8,"posy":5,"lastAction":3,"status":0}],"golds":[{"posx":19,"posy":1,"amount":150},{"posx":4,"posy":3,"amount":500},{"posx":8,"posy":3,"amount":350},{"posx":12,"posy":3,"amount":400},{"posx":19,"posy":6,"amount":300},{"posx":14,"posy":7,"amount":600},{"posx":17,"posy":8,"amount":600},{"posx":18,"posy":8,"amount":100}],"changedObstacles":[{"type":3,"posx":4,"posy":6,"value":-20}]},{"players":[{"playerId":675419,"score":1425,"energy":2,"posx":5,"posy":6,"lastAction":1,"status":0},{"playerId":206247,"score":1650,"energy":16,"posx":4,"posy":3,"lastAction":2,"status":0},{"playerId":2268490,"score":1675,"energy":31,"posx":4,"posy":3,"lastAction":5,"status":0},{"playerId":2238718,"score":1100,"energy":11,"posx":8,"posy":6,"lastAction":3,"status":0}],"golds":[{"posx":19,"posy":1,"amount":150},{"posx":4,"posy":3,"amount":450},{"posx":8,"posy":3,"amount":350},{"posx":12,"posy":3,"amount":400},{"posx":19,"posy":6,"amount":300},{"posx":14,"posy":7,"amount":600},{"posx":17,"posy":8,"amount":600},{"posx":18,"posy":8,"amount":100}],"changedObstacles":[]},{"players":[{"playerId":675419,"score":1425,"energy":1,"posx":6,"posy":6,"lastAction":1,"status":0},{"playerId":206247,"score":1700,"energy":11,"posx":4,"posy":3,"lastAction":5,"status":0},{"playerId":2268490,"score":1725,"energy":26,"posx":4,"posy":3,"lastAction":5,"status":0},{"playerId":2238718,"score":1100,"energy":10,"posx":7,"posy":6,"lastAction":0,"status":0}],"golds":[{"posx":19,"posy":1,"amount":150},{"posx":4,"posy":3,"amount":350},{"posx":8,"posy":3,"amount":350},{"posx":12,"posy":3,"amount":400},{"posx":19,"posy":6,"amount":300},{"posx":14,"posy":7,"amount":600},{"posx":17,"posy":8,"amount":600},{"posx":18,"posy":8,"amount":100}],"changedObstacles":[]},{"players":[{"playerId":675419,"score":1425,"energy":13,"posx":6,"posy":6,"lastAction":4,"status":0},{"playerId":206247,"score":1750,"energy":6,"posx":4,"posy":3,"lastAction":5,"status":0},{"playerId":2268490,"score":1775,"energy":21,"posx":4,"posy":3,"lastAction":5,"status":0},{"playerId":2238718,"score":1100,"energy":22,"posx":7,"posy":6,"lastAction":4,"status":0}],"golds":[{"posx":19,"posy":1,"amount":150},{"posx":4,"posy":3,"amount":250},{"posx":8,"posy":3,"amount":350},{"posx":12,"posy":3,"amount":400},{"posx":19,"posy":6,"amount":300},{"posx":14,"posy":7,"amount":600},{"posx":17,"posy":8,"amount":600},{"posx":18,"posy":8,"amount":100}],"changedObstacles":[]},{"players":[{"playerId":675419,"score":1425,"energy":12,"posx":7,"posy":6,"lastAction":1,"status":0},{"playerId":206247,"score":1800,"energy":1,"posx":4,"posy":3,"lastAction":5,"status":0},{"playerId":2268490,"score":1825,"energy":16,"posx":4,"posy":3,"lastAction":5,"status":0},{"playerId":2238718,"score":1100,"energy":21,"posx":6,"posy":6,"lastAction":0,"status":0}],"golds":[{"posx":19,"posy":1,"amount":150},{"posx":4,"posy":3,"amount":150},{"posx":8,"posy":3,"amount":350},{"posx":12,"posy":3,"amount":400},{"posx":19,"posy":6,"amount":300},{"posx":14,"posy":7,"amount":600},{"posx":17,"posy":8,"amount":600},{"posx":18,"posy":8,"amount":100}],"changedObstacles":[]},{"players":[{"playerId":675419,"score":1425,"energy":11,"posx":8,"posy":6,"lastAction":1,"status":0},{"playerId":206247,"score":1800,"energy":13,"posx":4,"posy":3,"lastAction":4,"status":0},{"playerId":2268490,"score":1875,"energy":11,"posx":4,"posy":3,"lastAction":5,"status":0},{"playerId":2238718,"score":1100,"energy":20,"posx":5,"posy":6,"lastAction":0,"status":0}],"golds":[{"posx":19,"posy":1,"amount":150},{"posx":4,"posy":3,"amount":100},{"posx":8,"posy":3,"amount":350},{"posx":12,"posy":3,"amount":400},{"posx":19,"posy":6,"amount":300},{"posx":14,"posy":7,"amount":600},{"posx":17,"posy":8,"amount":600},{"posx":18,"posy":8,"amount":100}],"changedObstacles":[]},{"players":[{"playerId":675419,"score":1425,"energy":10,"posx":8,"posy":5,"lastAction":2,"status":0},{"playerId":206247,"score":1800,"energy":29,"posx":4,"posy":3,"lastAction":4,"status":0},{"playerId":2268490,"score":1925,"energy":6,"posx":4,"posy":3,"lastAction":5,"status":0},{"playerId":2238718,"score":1100,"energy":19,"posx":5,"posy":5,"lastAction":2,"status":0}],"golds":[{"posx":19,"posy":1,"amount":150},{"posx":4,"posy":3,"amount":50},{"posx":8,"posy":3,"amount":350},{"posx":12,"posy":3,"amount":400},{"posx":19,"posy":6,"amount":300},{"posx":14,"posy":7,"amount":600},{"posx":17,"posy":8,"amount":600},{"posx":18,"posy":8,"amount":100}],"changedObstacles":[]},{"players":[{"playerId":675419,"score":1425,"energy":9,"posx":8,"posy":4,"lastAction":2,"status":0},{"playerId":206247,"score":1800,"energy":50,"posx":4,"posy":3,"lastAction":4,"status":0},{"playerId":2268490,"score":1925,"energy":18,"posx":4,"posy":3,"lastAction":4,"status":0},{"playerId":2238718,"score":1100,"energy":18,"posx":4,"posy":5,"lastAction":0,"status":0}],"golds":[{"posx":19,"posy":1,"amount":150},{"posx":4,"posy":3,"amount":50},{"posx":8,"posy":3,"amount":350},{"posx":12,"posy":3,"amount":400},{"posx":19,"posy":6,"amount":300},{"posx":14,"posy":7,"amount":600},{"posx":17,"posy":8,"amount":600},{"posx":18,"posy":8,"amount":100}],"changedObstacles":[]},{"players":[{"playerId":675419,"score":1425,"energy":5,"posx":8,"posy":3,"lastAction":2,"status":0},{"playerId":206247,"score":1800,"energy":49,"posx":5,"posy":3,"lastAction":1,"status":0},{"playerId":2268490,"score":1925,"energy":34,"posx":4,"posy":3,"lastAction":4,"status":0},{"playerId":2238718,"score":1100,"energy":17,"posx":4,"posy":4,"lastAction":2,"status":0}],"golds":[{"posx":19,"posy":1,"amount":150},{"posx":4,"posy":3,"amount":50},{"posx":8,"posy":3,"amount":350},{"posx":12,"posy":3,"amount":400},{"posx":19,"posy":6,"amount":300},{"posx":14,"posy":7,"amount":600},{"posx":17,"posy":8,"amount":600},{"posx":18,"posy":8,"amount":100}],"changedObstacles":[]},{"players":[{"playerId":675419,"score":1425,"energy":17,"posx":8,"posy":3,"lastAction":4,"status":0},{"playerId":206247,"score":1800,"energy":48,"posx":5,"posy":4,"lastAction":3,"status":0},{"playerId":2268490,"score":1975,"energy":29,"posx":4,"posy":3,"lastAction":5,"status":0},{"playerId":2238718,"score":1100,"energy":13,"posx":4,"posy":3,"lastAction":2,"status":0}],"golds":[{"posx":19,"posy":1,"amount":150},{"posx":8,"posy":3,"amount":350},{"posx":12,"posy":3,"amount":400},{"posx":19,"posy":6,"amount":300},{"posx":14,"posy":7,"amount":600},{"posx":17,"posy":8,"amount":600},{"posx":18,"posy":8,"amount":100}],"changedObstacles":[{"type":0,"posx":4,"posy":3,"value":-1}]},{"players":[{"playerId":675419,"score":1425,"energy":33,"posx":8,"posy":3,"lastAction":4,"status":0},{"playerId":206247,"score":1800,"energy":47,"posx":5,"posy":5,"lastAction":3,"status":0},{"playerId":2268490,"score":1975,"energy":28,"posx":5,"posy":3,"lastAction":1,"status":0},{"playerId":2238718,"score":1100,"energy":25,"posx":4,"posy":3,"lastAction":4,"status":0}],"golds":[{"posx":19,"posy":1,"amount":150},{"posx":8,"posy":3,"amount":350},{"posx":12,"posy":3,"amount":400},{"posx":19,"posy":6,"amount":300},{"posx":14,"posy":7,"amount":600},{"posx":17,"posy":8,"amount":600},{"posx":18,"posy":8,"amount":100}],"changedObstacles":[]},{"players":[{"playerId":675419,"score":1475,"energy":28,"posx":8,"posy":3,"lastAction":5,"status":0},{"playerId":206247,"score":1800,"energy":46,"posx":6,"posy":5,"lastAction":1,"status":0},{"playerId":2268490,"score":1975,"energy":23,"posx":6,"posy":3,"lastAction":1,"status":0},{"playerId":2238718,"score":1100,"energy":24,"posx":4,"posy":4,"lastAction":3,"status":0}],"golds":[{"posx":19,"posy":1,"amount":150},{"posx":8,"posy":3,"amount":300},{"posx":12,"posy":3,"amount":400},{"posx":19,"posy":6,"amount":300},{"posx":14,"posy":7,"amount":600},{"posx":17,"posy":8,"amount":600},{"posx":18,"posy":8,"amount":100}],"changedObstacles":[{"type":3,"posx":6,"posy":3,"value":-20}]},{"players":[{"playerId":675419,"score":1525,"energy":23,"posx":8,"posy":3,"lastAction":5,"status":0},{"playerId":206247,"score":1800,"energy":45,"posx":6,"posy":6,"lastAction":3,"status":0},{"playerId":2268490,"score":1975,"energy":22,"posx":7,"posy":3,"lastAction":1,"status":0},{"playerId":2238718,"score":1100,"energy":23,"posx":4,"posy":5,"lastAction":3,"status":0}],"golds":[{"posx":19,"posy":1,"amount":150},{"posx":8,"posy":3,"amount":250},{"posx":12,"posy":3,"amount":400},{"posx":19,"posy":6,"amount":300},{"posx":14,"posy":7,"amount":600},{"posx":17,"posy":8,"amount":600},{"posx":18,"posy":8,"amount":100}],"changedObstacles":[]},{"players":[{"playerId":675419,"score":1575,"energy":18,"posx":8,"posy":3,"lastAction":5,"status":0},{"playerId":206247,"score":1800,"energy":44,"posx":7,"posy":6,"lastAction":1,"status":0},{"playerId":2268490,"score":1975,"energy":18,"posx":8,"posy":3,"lastAction":1,"status":0},{"playerId":2238718,"score":1100,"energy":22,"posx":5,"posy":5,"lastAction":1,"status":0}],"golds":[{"posx":19,"posy":1,"amount":150},{"posx":8,"posy":3,"amount":200},{"posx":12,"posy":3,"amount":400},{"posx":19,"posy":6,"amount":300},{"posx":14,"posy":7,"amount":600},{"posx":17,"posy":8,"amount":600},{"posx":18,"posy":8,"amount":100}],"changedObstacles":[]},{"players":[{"playerId":675419,"score":1625,"energy":13,"posx":8,"posy":3,"lastAction":5,"status":0},{"playerId":206247,"score":1800,"energy":43,"posx":8,"posy":6,"lastAction":1,"status":0},{"playerId":2268490,"score":2025,"energy":13,"posx":8,"posy":3,"lastAction":5,"status":0},{"playerId":2238718,"score":1100,"energy":21,"posx":5,"posy":6,"lastAction":3,"status":0}],"golds":[{"posx":19,"posy":1,"amount":150},{"posx":8,"posy":3,"amount":100},{"posx":12,"posy":3,"amount":400},{"posx":19,"posy":6,"amount":300},{"posx":14,"posy":7,"amount":600},{"posx":17,"posy":8,"amount":600},{"posx":18,"posy":8,"amount":100}],"changedObstacles":[]},{"players":[{"playerId":675419,"score":1675,"energy":8,"posx":8,"posy":3,"lastAction":5,"status":0},{"playerId":206247,"score":1800,"energy":33,"posx":9,"posy":6,"lastAction":1,"status":0},{"playerId":2268490,"score":2075,"energy":8,"posx":8,"posy":3,"lastAction":5,"status":0},{"playerId":2238718,"score":1100,"energy":20,"posx":6,"posy":6,"lastAction":1,"status":0}],"golds":[{"posx":19,"posy":1,"amount":150},{"posx":12,"posy":3,"amount":400},{"posx":19,"posy":6,"amount":300},{"posx":14,"posy":7,"amount":600},{"posx":17,"posy":8,"amount":600},{"posx":18,"posy":8,"amount":100}],"changedObstacles":[{"type":0,"posx":9,"posy":6,"value":-1},{"type":0,"posx":8,"posy":3,"value":-1}]},{"players":[{"playerId":675419,"score":1675,"energy":7,"posx":9,"posy":3,"lastAction":1,"status":0},{"playerId":206247,"score":1800,"energy":21,"posx":10,"posy":6,"lastAction":1,"status":0},{"playerId":2268490,"score":2075,"energy":7,"posx":9,"posy":3,"lastAction":1,"status":0},{"playerId":2238718,"score":1100,"energy":19,"posx":7,"posy":6,"lastAction":1,"status":0}],"golds":[{"posx":19,"posy":1,"amount":150},{"posx":12,"posy":3,"amount":400},{"posx":19,"posy":6,"amount":300},{"posx":14,"posy":7,"amount":600},{"posx":17,"posy":8,"amount":600},{"posx":18,"posy":8,"amount":100}],"changedObstacles":[]},{"players":[{"playerId":675419,"score":1675,"energy":6,"posx":10,"posy":3,"lastAction":1,"status":0},{"playerId":206247,"score":1800,"energy":16,"posx":11,"posy":6,"lastAction":1,"status":0},{"playerId":2268490,"score":2075,"energy":6,"posx":10,"posy":3,"lastAction":1,"status":0},{"playerId":2238718,"score":1100,"energy":18,"posx":8,"posy":6,"lastAction":1,"status":0}],"golds":[{"posx":19,"posy":1,"amount":150},{"posx":12,"posy":3,"amount":400},{"posx":19,"posy":6,"amount":300},{"posx":14,"posy":7,"amount":600},{"posx":17,"posy":8,"amount":600},{"posx":18,"posy":8,"amount":100}],"changedObstacles":[{"type":3,"posx":11,"posy":6,"value":-20}]},{"players":[{"playerId":675419,"score":1675,"energy":5,"posx":11,"posy":3,"lastAction":1,"status":0},{"playerId":206247,"score":1800,"energy":15,"posx":12,"posy":6,"lastAction":1,"status":0},{"playerId":2268490,"score":2075,"energy":5,"posx":11,"posy":3,"lastAction":1,"status":0},{"playerId":2238718,"score":1100,"energy":17,"posx":8,"posy":5,"lastAction":2,"status":0}],"golds":[{"posx":19,"posy":1,"amount":150},{"posx":12,"posy":3,"amount":400},{"posx":19,"posy":6,"amount":300},{"posx":14,"posy":7,"amount":600},{"posx":17,"posy":8,"amount":600},{"posx":18,"posy":8,"amount":100}],"changedObstacles":[]},{"players":[{"playerId":675419,"score":1675,"energy":4,"posx":11,"posy":4,"lastAction":3,"status":0},{"playerId":206247,"score":1800,"energy":14,"posx":13,"posy":6,"lastAction":1,"status":0},{"playerId":2268490,"score":2075,"energy":1,"posx":12,"posy":3,"lastAction":1,"status":0},{"playerId":2238718,"score":1100,"energy":16,"posx":8,"posy":4,"lastAction":2,"status":0}],"golds":[{"posx":19,"posy":1,"amount":150},{"posx":12,"posy":3,"amount":400},{"posx":19,"posy":6,"amount":300},{"posx":14,"posy":7,"amount":600},{"posx":17,"posy":8,"amount":600},{"posx":18,"posy":8,"amount":100}],"changedObstacles":[]},{"players":[{"playerId":675419,"score":1675,"energy":16,"posx":11,"posy":4,"lastAction":4,"status":0},{"playerId":206247,"score":1800,"energy":13,"posx":14,"posy":6,"lastAction":1,"status":0},{"playerId":2268490,"score":2075,"energy":13,"posx":12,"posy":3,"lastAction":4,"status":0},{"playerId":2238718,"score":1100,"energy":15,"posx":8,"posy":3,"lastAction":2,"status":0}],"golds":[{"posx":19,"posy":1,"amount":150},{"posx":12,"posy":3,"amount":400},{"posx":19,"posy":6,"amount":300},{"posx":14,"posy":7,"amount":600},{"posx":17,"posy":8,"amount":600},{"posx":18,"posy":8,"amount":100}],"changedObstacles":[]},{"players":[{"playerId":675419,"score":1675,"energy":11,"posx":12,"posy":4,"lastAction":1,"status":0},{"playerId":206247,"score":1800,"energy":12,"posx":15,"posy":6,"lastAction":1,"status":0},{"playerId":2268490,"score":2075,"energy":29,"posx":12,"posy":3,"lastAction":4,"status":0},{"playerId":2238718,"score":1100,"energy":14,"posx":9,"posy":3,"lastAction":1,"status":0}],"golds":[{"posx":19,"posy":1,"amount":150},{"posx":12,"posy":3,"amount":400},{"posx":19,"posy":6,"amount":300},{"posx":14,"posy":7,"amount":600},{"posx":17,"posy":8,"amount":600},{"posx":18,"posy":8,"amount":100}],"changedObstacles":[{"type":3,"posx":12,"posy":4,"value":-20}]},{"players":[{"playerId":675419,"score":1675,"energy":10,"posx":12,"posy":5,"lastAction":3,"status":0},{"playerId":206247,"score":1800,"energy":7,"posx":16,"posy":6,"lastAction":1,"status":0},{"playerId":2268490,"score":2125,"energy":24,"posx":12,"posy":3,"lastAction":5,"status":0},{"playerId":2238718,"score":1100,"energy":13,"posx":10,"posy":3,"lastAction":1,"status":0}],"golds":[{"posx":19,"posy":1,"amount":150},{"posx":12,"posy":3,"amount":350},{"posx":19,"posy":6,"amount":300},{"posx":14,"posy":7,"amount":600},{"posx":17,"posy":8,"amount":600},{"posx":18,"posy":8,"amount":100}],"changedObstacles":[{"type":3,"posx":16,"posy":6,"value":-20}]},{"players":[{"playerId":675419,"score":1675,"energy":9,"posx":12,"posy":6,"lastAction":3,"status":0},{"playerId":206247,"score":1800,"energy":6,"posx":17,"posy":6,"lastAction":1,"status":0},{"playerId":2268490,"score":2175,"energy":19,"posx":12,"posy":3,"lastAction":5,"status":0},{"playerId":2238718,"score":1100,"energy":12,"posx":11,"posy":3,"lastAction":1,"status":0}],"golds":[{"posx":19,"posy":1,"amount":150},{"posx":12,"posy":3,"amount":300},{"posx":19,"posy":6,"amount":300},{"posx":14,"posy":7,"amount":600},{"posx":17,"posy":8,"amount":600},{"posx":18,"posy":8,"amount":100}],"changedObstacles":[]},{"players":[{"playerId":675419,"score":1675,"energy":8,"posx":13,"posy":6,"lastAction":1,"status":0},{"playerId":206247,"score":1800,"energy":1,"posx":18,"posy":6,"lastAction":1,"status":0},{"playerId":2268490,"score":2225,"energy":14,"posx":12,"posy":3,"lastAction":5,"status":0},{"playerId":2238718,"score":1100,"energy":8,"posx":12,"posy":3,"lastAction":1,"status":0}],"golds":[{"posx":19,"posy":1,"amount":150},{"posx":12,"posy":3,"amount":250},{"posx":19,"posy":6,"amount":300},{"posx":14,"posy":7,"amount":600},{"posx":17,"posy":8,"amount":600},{"posx":18,"posy":8,"amount":100}],"changedObstacles":[{"type":3,"posx":18,"posy":6,"value":-20}]},{"players":[{"playerId":675419,"score":1675,"energy":7,"posx":14,"posy":6,"lastAction":1,"status":0},{"playerId":206247,"score":1800,"energy":13,"posx":18,"posy":6,"lastAction":4,"status":0},{"playerId":2268490,"score":2275,"energy":9,"posx":12,"posy":3,"lastAction":5,"status":0},{"playerId":2238718,"score":1100,"energy":20,"posx":12,"posy":3,"lastAction":4,"status":0}],"golds":[{"posx":19,"posy":1,"amount":150},{"posx":12,"posy":3,"amount":200},{"posx":19,"posy":6,"amount":300},{"posx":14,"posy":7,"amount":600},{"posx":17,"posy":8,"amount":600},{"posx":18,"posy":8,"amount":100}],"changedObstacles":[]},{"players":[{"playerId":675419,"score":1675,"energy":6,"posx":15,"posy":6,"lastAction":1,"status":0},{"playerId":206247,"score":1800,"energy":29,"posx":18,"posy":6,"lastAction":4,"status":0},{"playerId":2268490,"score":2275,"energy":21,"posx":12,"posy":3,"lastAction":4,"status":0},{"playerId":2238718,"score":1150,"energy":15,"posx":12,"posy":3,"lastAction":5,"status":0}],"golds":[{"posx":19,"posy":1,"amount":150},{"posx":12,"posy":3,"amount":150},{"posx":19,"posy":6,"amount":300},{"posx":14,"posy":7,"amount":600},{"posx":17,"posy":8,"amount":600},{"posx":18,"posy":8,"amount":100}],"changedObstacles":[]},{"players":[{"playerId":675419,"score":1675,"energy":5,"posx":15,"posy":7,"lastAction":3,"status":0},{"playerId":206247,"score":1800,"energy":50,"posx":18,"posy":6,"lastAction":4,"status":0},{"playerId":2268490,"score":2275,"energy":37,"posx":12,"posy":3,"lastAction":4,"status":0},{"playerId":2238718,"score":1200,"energy":10,"posx":12,"posy":3,"lastAction":5,"status":0}],"golds":[{"posx":19,"posy":1,"amount":150},{"posx":12,"posy":3,"amount":100},{"posx":19,"posy":6,"amount":300},{"posx":14,"posy":7,"amount":600},{"posx":17,"posy":8,"amount":600},{"posx":18,"posy":8,"amount":100}],"changedObstacles":[]},{"players":[{"playerId":675419,"score":1675,"energy":4,"posx":16,"posy":7,"lastAction":1,"status":0},{"playerId":206247,"score":1800,"energy":46,"posx":19,"posy":6,"lastAction":1,"status":0},{"playerId":2268490,"score":2325,"energy":32,"posx":12,"posy":3,"lastAction":5,"status":0},{"playerId":2238718,"score":1200,"energy":22,"posx":12,"posy":3,"lastAction":4,"status":0}],"golds":[{"posx":19,"posy":1,"amount":150},{"posx":12,"posy":3,"amount":50},{"posx":19,"posy":6,"amount":300},{"posx":14,"posy":7,"amount":600},{"posx":17,"posy":8,"amount":600},{"posx":18,"posy":8,"amount":100}],"changedObstacles":[]},{"players":[{"playerId":675419,"score":1675,"energy":16,"posx":16,"posy":7,"lastAction":4,"status":0},{"playerId":206247,"score":1850,"energy":41,"posx":19,"posy":6,"lastAction":5,"status":0},{"playerId":2268490,"score":2350,"energy":27,"posx":12,"posy":3,"lastAction":5,"status":0},{"playerId":2238718,"score":1225,"energy":17,"posx":12,"posy":3,"lastAction":5,"status":0}],"golds":[{"posx":19,"posy":1,"amount":150},{"posx":19,"posy":6,"amount":250},{"posx":14,"posy":7,"amount":600},{"posx":17,"posy":8,"amount":600},{"posx":18,"posy":8,"amount":100}],"changedObstacles":[{"type":0,"posx":12,"posy":3,"value":-1}]},{"players":[{"playerId":675419,"score":1675,"energy":11,"posx":16,"posy":8,"lastAction":3,"status":0},{"playerId":206247,"score":1900,"energy":36,"posx":19,"posy":6,"lastAction":5,"status":0},{"playerId":2268490,"score":2350,"energy":26,"posx":13,"posy":3,"lastAction":1,"status":0},{"playerId":2238718,"score":1225,"energy":16,"posx":12,"posy":2,"lastAction":2,"status":0}],"golds":[{"posx":19,"posy":1,"amount":150},{"posx":19,"posy":6,"amount":200},{"posx":14,"posy":7,"amount":600},{"posx":17,"posy":8,"amount":600},{"posx":18,"posy":8,"amount":100}],"changedObstacles":[{"type":3,"posx":16,"posy":8,"value":-20}]},{"players":[{"playerId":675419,"score":1675,"energy":7,"posx":17,"posy":8,"lastAction":1,"status":0},{"playerId":206247,"score":1950,"energy":31,"posx":19,"posy":6,"lastAction":5,"status":0},{"playerId":2268490,"score":2350,"energy":25,"posx":13,"posy":4,"lastAction":3,"status":0},{"playerId":2238718,"score":1225,"energy":15,"posx":12,"posy":1,"lastAction":2,"status":0}],"golds":[{"posx":19,"posy":1,"amount":150},{"posx":19,"posy":6,"amount":150},{"posx":14,"posy":7,"amount":600},{"posx":17,"posy":8,"amount":600},{"posx":18,"posy":8,"amount":100}],"changedObstacles":[]},{"players":[{"playerId":675419,"score":1725,"energy":2,"posx":17,"posy":8,"lastAction":5,"status":0},{"playerId":206247,"score":2000,"energy":26,"posx":19,"posy":6,"lastAction":5,"status":0},{"playerId":2268490,"score":2350,"energy":10,"posx":14,"posy":4,"lastAction":1,"status":0},{"playerId":2238718,"score":1225,"energy":14,"posx":13,"posy":1,"lastAction":1,"status":0}],"golds":[{"posx":19,"posy":1,"amount":150},{"posx":19,"posy":6,"amount":100},{"posx":14,"posy":7,"amount":600},{"posx":17,"posy":8,"amount":550},{"posx":18,"posy":8,"amount":100}],"changedObstacles":[]},{"players":[{"playerId":675419,"score":1725,"energy":14,"posx":17,"posy":8,"lastAction":4,"status":0},{"playerId":206247,"score":2050,"energy":21,"posx":19,"posy":6,"lastAction":5,"status":0},{"playerId":2268490,"score":2350,"energy":9,"posx":14,"posy":5,"lastAction":3,"status":0},{"playerId":2238718,"score":1225,"energy":13,"posx":14,"posy":1,"lastAction":1,"status":0}],"golds":[{"posx":19,"posy":1,"amount":150},{"posx":19,"posy":6,"amount":50},{"posx":14,"posy":7,"amount":600},{"posx":17,"posy":8,"amount":550},{"posx":18,"posy":8,"amount":100}],"changedObstacles":[]},{"players":[{"playerId":675419,"score":1725,"energy":30,"posx":17,"posy":8,"lastAction":4,"status":0},{"playerId":206247,"score":2100,"energy":16,"posx":19,"posy":6,"lastAction":5,"status":0},{"playerId":2268490,"score":2350,"energy":8,"posx":14,"posy":6,"lastAction":3,"status":0},{"playerId":2238718,"score":1225,"energy":12,"posx":15,"posy":1,"lastAction":1,"status":0}],"golds":[{"posx":19,"posy":1,"amount":150},{"posx":14,"posy":7,"amount":600},{"posx":17,"posy":8,"amount":550},{"posx":18,"posy":8,"amount":100}],"changedObstacles":[{"type":0,"posx":19,"posy":6,"value":-1}]},{"players":[{"playerId":675419,"score":1775,"energy":25,"posx":17,"posy":8,"lastAction":5,"status":0},{"playerId":206247,"score":2100,"energy":11,"posx":19,"posy":7,"lastAction":3,"status":0},{"playerId":2268490,"score":2350,"energy":4,"posx":14,"posy":7,"lastAction":3,"status":0},{"playerId":2238718,"score":1225,"energy":11,"posx":16,"posy":1,"lastAction":1,"status":0}],"golds":[{"posx":19,"posy":1,"amount":150},{"posx":14,"posy":7,"amount":600},{"posx":17,"posy":8,"amount":500},{"posx":18,"posy":8,"amount":100}],"changedObstacles":[{"type":3,"posx":19,"posy":7,"value":-20}]},{"players":[{"playerId":675419,"score":1825,"energy":20,"posx":17,"posy":8,"lastAction":5,"status":0},{"playerId":206247,"score":2100,"energy":10,"posx":18,"posy":7,"lastAction":0,"status":0},{"playerId":2268490,"score":2350,"energy":16,"posx":14,"posy":7,"lastAction":4,"status":0},{"playerId":2238718,"score":1225,"energy":10,"posx":17,"posy":1,"lastAction":1,"status":0}],"golds":[{"posx":19,"posy":1,"amount":150},{"posx":14,"posy":7,"amount":600},{"posx":17,"posy":8,"amount":450},{"posx":18,"posy":8,"amount":100}],"changedObstacles":[]},{"players":[{"playerId":675419,"score":1875,"energy":15,"posx":17,"posy":8,"lastAction":5,"status":0},{"playerId":206247,"score":2100,"energy":6,"posx":18,"posy":8,"lastAction":3,"status":0},{"playerId":2268490,"score":2350,"energy":32,"posx":14,"posy":7,"lastAction":4,"status":0},{"playerId":2238718,"score":1225,"energy":22,"posx":17,"posy":1,"lastAction":4,"status":0}],"golds":[{"posx":19,"posy":1,"amount":150},{"posx":14,"posy":7,"amount":600},{"posx":17,"posy":8,"amount":400},{"posx":18,"posy":8,"amount":100}],"changedObstacles":[]},{"players":[{"playerId":675419,"score":1925,"energy":10,"posx":17,"posy":8,"lastAction":5,"status":0},{"playerId":206247,"score":2150,"energy":1,"posx":18,"posy":8,"lastAction":5,"status":0},{"playerId":2268490,"score":2400,"energy":27,"posx":14,"posy":7,"lastAction":5,"status":0},{"playerId":2238718,"score":1225,"energy":21,"posx":18,"posy":1,"lastAction":1,"status":0}],"golds":[{"posx":19,"posy":1,"amount":150},{"posx":14,"posy":7,"amount":550},{"posx":17,"posy":8,"amount":350},{"posx":18,"posy":8,"amount":50}],"changedObstacles":[]},{"players":[{"playerId":675419,"score":1975,"energy":5,"posx":17,"posy":8,"lastAction":5,"status":0},{"playerId":206247,"score":2150,"energy":13,"posx":18,"posy":8,"lastAction":4,"status":0},{"playerId":2268490,"score":2450,"energy":22,"posx":14,"posy":7,"lastAction":5,"status":0},{"playerId":2238718,"score":1225,"energy":17,"posx":19,"posy":1,"lastAction":1,"status":0}],"golds":[{"posx":19,"posy":1,"amount":150},{"posx":14,"posy":7,"amount":500},{"posx":17,"posy":8,"amount":300},{"posx":18,"posy":8,"amount":50}],"changedObstacles":[]}]