[{"players":[{"playerId":157815,"score":0,"energy":49,"posx":4,"posy":1,"lastAction":0,"status":0},{"playerId":2248990,"score":0,"energy":49,"posx":4,"posy":1,"lastAction":0,"status":0},{"playerId":1168092,"score":0,"energy":49,"posx":4,"posy":1,"lastAction":0,"status":0},{"playerId":2294637,"score":0,"energy":49,"posx":4,"posy":1,"lastAction":0,"status":0}],"golds":[{"posx":19,"posy":6,"amount":300},{"posx":1,"posy":5,"amount":500},{"posx":4,"posy":0,"amount":600},{"posx":8,"posy":1,"amount":150},{"posx":14,"posy":7,"amount":600},{"posx":0,"posy":0,"amount":650},{"posx":3,"posy":7,"amount":650},{"posx":2,"posy":4,"amount":650},{"posx":7,"posy":4,"amount":50},{"posx":4,"posy":3,"amount":500},{"posx":19,"posy":1,"amount":150},{"posx":8,"posy":3,"amount":350},{"posx":12,"posy":3,"amount":400},{"posx":2,"posy":8,"amount":250},{"posx":17,"posy":8,"amount":600},{"posx":8,"posy":6,"amount":350},{"posx":18,"posy":8,"amount":100},{"posx":2,"posy":3,"amount":650},{"posx":4,"posy":4,"amount":550},{"posx":3,"posy":5,"amount":750}],"changedObstacles":[]},{"players":[{"playerId":157815,"score":0,"energy":45,"posx":4,"posy":0,"lastAction":2,"status":0},{"playerId":2248990,"score":0,"energy":39,"posx":4,"posy":2,"lastAction":3,"status":0},{"playerId":1168092,"score":0,"energy":45,"posx":4,"posy":0,"lastAction":2,"status":0},{"playerId":2294637,"score":0,"energy":45,"posx":4,"posy":0,"lastAction":2,"status":0}],"golds":[{"posx":19,"posy":6,"amount":300},{"posx":1,"posy":5,"amount":500},{"posx":4,"posy":0,"amount":600},{"posx":8,"posy":1,"amount":150},{"posx":14,"posy":7,"amount":600},{"posx":0,"posy":0,"amount":650},{"posx":3,"posy":7,"amount":650},{"posx":2,"posy":4,"amount":650},{"posx":7,"posy":4,"amount":50},{"posx":4,"posy":3,"amount":500},{"posx":19,"posy":1,"amount":150},{"posx":8,"posy":3,"amount":350},{"posx":12,"posy":3,"amount":400},{"posx":2,"posy":8,"amount":250},{"posx":17,"posy":8,"amount":600},{"posx":8,"posy":6,"amount":350},{"posx":18,"posy":8,"amount":100},{"posx":2,"posy":3,"amount":650},{"posx":4,"posy":4,"amount":550},{"posx":3,"posy":5,"amount":750}],"changedObstacles":[{"type":0,"posx":4,"posy":2,"value":-1}]},{"players":[{"playerId":157815,"score":50,"energy":40,"posx":4,"posy":0,"lastAction":5,"status":0},{"playerId":2248990,"score":0,"energy":35,"posx":4,"posy":3,"lastAction":3,"status":0},{"playerId":1168092,"score":50,"energy":40,"posx":4,"posy":0,"lastAction":5,"status":0},{"playerId":2294637,"score":50,"energy":40,"posx":4,"posy":0,"lastAction":5,"status":0}],"golds":[{"posx":0,"posy":0,"amount":650},{"posx":4,"posy":0,"amount":450},{"posx":8,"posy":1,"amount":150},{"posx":19,"posy":1,"amount":150},{"posx":2,"posy":3,"amount":650},{"posx":4,"posy":3,"amount":500},{"posx":8,"posy":3,"amount":350},{"posx":12,"posy":3,"amount":400},{"posx":2,"posy":4,"amount":650},{"posx":4,"posy":4,"amount":550},{"posx":7,"posy":4,"amount":50},{"posx":1,"posy":5,"amount":500},{"posx":3,"posy":5,"amount":750},{"posx":8,"posy":6,"amount":350},{"posx":19,"posy":6,"amount":300},{"posx":3,"posy":7,"amount":650},{"posx":14,"posy":7,"amount":600},{"posx":2,"posy":8,"amount":250},{"posx":17,"posy":8,"amount":600},{"posx":18,"posy":8,"amount":100}],"changedObstacles":[]},{"players":[{"playerId":157815,"score":100,"energy":35,"posx":4,"posy":0,"lastAction":5,"status":0},{"playerId":2248990,"score":50,"energy":30,"posx":4,"posy":3,"lastAction":5,"status":0},{"playerId":1168092,"score":100,"energy":35,"posx":4,"posy":0,"lastAction":5,"status":0},{"playerId":2294637,"score":100,"energy":35,"posx":4,"posy":0,"lastAction":5,"status":0}],"golds":[{"posx":0,"posy":0,"amount":650},{"posx":4,"posy":0,"amount":300},{"posx":8,"posy":1,"amount":150},{"posx":19,"posy":1,"amount":150},{"posx":2,"posy":3,"amount":650},{"posx":4,"posy":3,"amount":450},{"posx":8,"posy":3,"amount":350},{"posx":12,"posy":3,"amount":400},{"posx":2,"posy":4,"amount":650},{"posx":4,"posy":4,"amount":550},{"posx":7,"posy":4,"amount":50},{"posx":1,"posy":5,"amount":500},{"posx":3,"posy":5,"amount":750},{"posx":8,"posy":6,"amount":350},{"posx":19,"posy":6,"amount":300},{"posx":3,"posy":7,"amount":650},{"posx":14,"posy":7,"amount":600},{"posx":2,"posy":8,"amount":250},{"posx":17,"posy":8,"amount":600},{"posx":18,"posy":8,"amount":100}],"changedObstacles":[]},{"players":[{"playerId":157815,"score":150,"energy":30,"posx":4,"posy":0,"lastAction":5,"status":0},{"playerId":2248990,"score":100,"energy":25,"posx":4,"posy":3,"lastAction":5,"status":0},{"playerId":1168092,"score":150,"energy":30,"posx":4,"posy":0,"lastAction":5,"status":0},{"playerId":2294637,"score":150,"energy":30,"posx":4,"posy":0,"lastAction":5,"status":0}],"golds":[{"posx":0,"posy":0,"amount":650},{"posx":4,"posy":0,"amount":150},{"posx":8,"posy":1,"amount":150},{"posx":19,"posy":1,"amount":150},{"posx":2,"posy":3,"amount":650},{"posx":4,"posy":3,"amount":400},{"posx":8,"posy":3,"amount":350},{"posx":12,"posy":3,"amount":400},{"posx":2,"posy":4,"amount":650},{"posx":4,"posy":4,"amount":550},{"posx":7,"posy":4,"amount":50},{"posx":1,"posy":5,"amount":500},{"posx":3,"posy":5,"amount":750},{"posx":8,"posy":6,"amount":350},{"posx":19,"posy":6,"amount":300},{"posx":3,"posy":7,"amount":650},{"posx":14,"posy":7,"amount":600},{"posx":2,"posy":8,"amount":250},{"posx":17,"posy":8,"amount":600},{"posx":18,"posy":8,"amount":100}],"changedObstacles":[]},{"players":[{"playerId":157815,"score":200,"energy":25,"posx":4,"posy":0,"lastAction":5,"status":0},{"playerId":2248990,"score":150,"energy":20,"posx":4,"posy":3,"lastAction":5,"status":0},{"playerId":1168092,"score":200,"energy":25,"posx":4,"posy":0,"lastAction":5,"status":0},{"playerId":2294637,"score":200,"energy":25,"posx":4,"posy":0,"lastAction":5,"status":0}],"golds":[{"posx":0,"posy":0,"amount":650},{"posx":8,"posy":1,"amount":150},{"posx":19,"posy":1,"amount":150},{"posx":2,"posy":3,"amount":650},{"posx":4,"posy":3,"amount":350},{"posx":8,"posy":3,"amount":350},{"posx":12,"posy":3,"amount":400},{"posx":2,"posy":4,"amount":650},{"posx":4,"posy":4,"amount":550},{"posx":7,"posy":4,"amount":50},{"posx":1,"posy":5,"amount":500},{"posx":3,"posy":5,"amount":750},{"posx":8,"posy":6,"amount":350},{"posx":19,"posy":6,"amount":300},{"posx":3,"posy":7,"amount":650},{"posx":14,"posy":7,"amount":600},{"posx":2,"posy":8,"amount":250},{"posx":17,"posy":8,"amount":600},{"posx":18,"posy":8,"amount":100}],"changedObstacles":[{"type":0,"posx":4,"posy":0,"value":-1}]},{"players":[{"playerId":157815,"score":200,"energy":24,"posx":4,"posy":1,"lastAction":3,"status":0},{"playerId":2248990,"score":200,"energy":15,"posx":4,"posy":3,"lastAction":5,"status":0},{"playerId":1168092,"score":200,"energy":24,"posx":4,"posy":1,"lastAction":3,"status":0},{"playerId":2294637,"score":200,"energy":24,"posx":3,"posy":0,"lastAction":0,"status":0}],"golds":[{"posx":0,"posy":0,"amount":650},{"posx":8,"posy":1,"amount":150},{"posx":19,"posy":1,"amount":150},{"posx":2,"posy":3,"amount":650},{"posx":4,"posy":3,"amount":300},{"posx":8,"posy":3,"amount":350},{"posx":12,"posy":3,"amount":400},{"posx":2,"posy":4,"amount":650},{"posx":4,"posy":4,"amount":550},{"posx":7,"posy":4,"amount":50},{"posx":1,"posy":5,"amount":500},{"posx":3,"posy":5,"amount":750},{"posx":8,"posy":6,"amount":350},{"posx":19,"posy":6,"amount":300},{"posx":3,"posy":7,"amount":650},{"posx":14,"posy":7,"amount":600},{"posx":2,"posy":8,"amount":250},{"posx":17,"posy":8,"amount":600},{"posx":18,"posy":8,"amount":100}],"changedObstacles":[]},{"players":[{"playerId":157815,"score":200,"energy":23,"posx":4,"posy":2,"lastAction":3,"status":0},{"playerId":2248990,"score":250,"energy":10,"posx":4,"posy":3,"lastAction":5,"status":0},{"playerId":1168092,"score":200,"energy":23,"posx":4,"posy":2,"lastAction":3,"status":0},{"playerId":2294637,"score":200,"energy":19,"posx":2,"posy":0,"lastAction":0,"status":0}],"golds":[{"posx":0,"posy":0,"amount":650},{"posx":8,"posy":1,"amount":150},{"posx":19,"posy":1,"amount":150},{"posx":2,"posy":3,"amount":650},{"posx":4,"posy":3,"amount":250},{"posx":8,"posy":3,"amount":350},{"posx":12,"posy":3,"amount":400},{"posx":2,"posy":4,"amount":650},{"posx":4,"posy":4,"amount":550},{"posx":7,"posy":4,"amount":50},{"posx":1,"posy":5,"amount":500},{"posx":3,"posy":5,"amount":750},{"posx":8,"posy":6,"amount":350},{"posx":19,"posy":6,"amount":300},{"posx":3,"posy":7,"amount":650},{"posx":14,"posy":7,"amount":600},{"posx":2,"posy":8,"amount":250},{"posx":17,"posy":8,"amount":600},{"posx":18,"posy":8,"amount":100}],"changedObstacles":[{"type":3,"posx":2,"posy":0,"value":-20}]},{"players":[{"playerId":157815,"score":200,"energy":19,"posx":4,"posy":3,"lastAction":3,"status":0},{"playerId":2248990,"score":250,"energy":22,"posx":4,"posy":3,"lastAction":4,"status":0},{"playerId":1168092,"score":200,"energy":19,"posx":4,"posy":3,"lastAction":3,"status":0},{"playerId":2294637,"score":200,"energy":9,"posx":1,"posy":0,"lastAction":0,"status":0}],"golds":[{"posx":0,"posy":0,"amount":650},{"posx":8,"posy":1,"amount":150},{"posx":19,"posy":1,"amount":150},{"posx":2,"posy":3,"amount":650},{"posx":4,"posy":3,"amount":250},{"posx":8,"posy":3,"amount":350},{"posx":12,"posy":3,"amount":400},{"posx":2,"posy":4,"amount":650},{"posx":4,"posy":4,"amount":550},{"posx":7,"posy":4,"amount":50},{"posx":1,"posy":5,"amount":500},{"posx":3,"posy":5,"amount":750},{"posx":8,"posy":6,"amount":350},{"posx":19,"posy":6,"amount":300},{"posx":3,"posy":7,"amount":650},{"posx":14,"posy":7,"amount":600},{"posx":2,"posy":8,"amount":250},{"posx":17,"posy":8,"amount":600},{"posx":18,"posy":8,"amount":100}],"changedObstacles":[{"type":0,"posx":1,"posy":0,"value":-1}]},{"players":[{"playerId":157815,"score":250,"energy":14,"posx":4,"posy":3,"lastAction":5,"status":0},{"playerId":2248990,"score":300,"energy":17,"posx":4,"posy":3,"lastAction":5,"status":0},{"playerId":1168092,"score":250,"energy":14,"posx":4,"posy":3,"lastAction":5,"status":0},{"playerId":2294637,"score":200,"energy":5,"posx":0,"posy":0,"lastAction":0,"status":0}],"golds":[{"posx":0,"posy":0,"amount":650},{"posx":8,"posy":1,"amount":150},{"posx":19,"posy":1,"amount":150},{"posx":2,"posy":3,"amount":650},{"posx":4,"posy":3,"amount":100},{"posx":8,"posy":3,"amount":350},{"posx":12,"posy":3,"amount":400},{"posx":2,"posy":4,"amount":650},{"posx":4,"posy":4,"amount":550},{"posx":7,"posy":4,"amount":50},{"posx":1,"posy":5,"amount":500},{"posx":3,"posy":5,"amount":750},{"posx":8,"posy":6,"amount":350},{"posx":19,"posy":6,"amount":300},{"posx":3,"posy":7,"amount":650},{"posx":14,"posy":7,"amount":600},{"posx":2,"posy":8,"amount":250},{"posx":17,"posy":8,"amount":600},{"posx":18,"posy":8,"amount":100}],"changedObstacles":[]},{"players":[{"playerId":157815,"score":284,"energy":9,"posx":4,"posy":3,"lastAction":5,"status":0},{"playerId":2248990,"score":334,"energy":12,"posx":4,"posy":3,"lastAction":5,"status":0},{"playerId":1168092,"score":284,"energy":9,"posx":4,"posy":3,"lastAction":5,"status":0},{"playerId":2294637,"score":200,"energy":17,"posx":0,"posy":0,"lastAction":4,"status":0}],"golds":[{"posx":0,"posy":0,"amount":650},{"posx":8,"posy":1,"amount":150},{"posx":19,"posy":1,"amount":150},{"posx":2,"posy":3,"amount":650},{"posx":8,"posy":3,"amount":350},{"posx":12,"posy":3,"amount":400},{"posx":2,"posy":4,"amount":650},{"posx":4,"posy":4,"amount":550},{"posx":7,"posy":4,"amount":50},{"posx":1,"posy":5,"amount":500},{"posx":3,"posy":5,"amount":750},{"posx":8,"posy":6,"amount":350},{"posx":19,"posy":6,"amount":300},{"posx":3,"posy":7,"amount":650},{"posx":14,"posy":7,"amount":600},{"posx":2,"posy":8,"amount":250},{"posx":17,"posy":8,"amount":600},{"posx":18,"posy":8,"amount":100}],"changedObstacles":[{"type":0,"posx":4,"posy":3,"value":-1}]},{"players":[{"playerId":157815,"score":284,"energy":5,"posx":4,"posy":4,"lastAction":3,"status":0},{"playerId":2248990,"score":334,"energy":24,"posx":4,"posy":3,"lastAction":4,"status":0},{"playerId":1168092,"score":284,"energy":5,"posx":4,"posy":4,"lastAction":3,"status":0},{"playerId":2294637,"score":200,"energy":33,"posx":0,"posy":0,"lastAction":4,"status":0}],"golds":[{"posx":0,"posy":0,"amount":650},{"posx":8,"posy":1,"amount":150},{"posx":19,"posy":1,"amount":150},{"posx":2,"posy":3,"amount":650},{"posx":8,"posy":3,"amount":350},{"posx":12,"posy":3,"amount":400},{"posx":2,"posy":4,"amount":650},{"posx":4,"posy":4,"amount":550},{"posx":7,"posy":4,"amount":50},{"posx":1,"posy":5,"amount":500},{"posx":3,"posy":5,"amount":750},{"posx":8,"posy":6,"amount":350},{"posx":19,"posy":6,"amount":300},{"posx":3,"posy":7,"amount":650},{"posx":14,"posy":7,"amount":600},{"posx":2,"posy":8,"amount":250},{"posx":17,"posy":8,"amount":600},{"posx":18,"posy":8,"amount":100}],"changedObstacles":[]},{"players":[{"playerId":157815,"score":284,"energy":17,"posx":4,"posy":4,"lastAction":4,"status":0},{"playerId":2248990,"score":334,"energy":20,"posx":4,"posy":4,"lastAction":3,"status":0},{"playerId":1168092,"score":284,"energy":17,"posx":4,"posy":4,"lastAction":4,"status":0},{"playerId":2294637,"score":200,"energy":50,"posx":0,"posy":0,"lastAction":4,"status":0}],"golds":[{"posx":0,"posy":0,"amount":650},{"posx":8,"posy":1,"amount":150},{"posx":19,"posy":1,"amount":150},{"posx":2,"posy":3,"amount":650},{"posx":8,"posy":3,"amount":350},{"posx":12,"posy":3,"amount":400},{"posx":2,"posy":4,"amount":650},{"posx":4,"posy":4,"amount":550},{"posx":7,"posy":4,"amount":50},{"posx":1,"posy":5,"amount":500},{"posx":3,"posy":5,"amount":750},{"posx":8,"posy":6,"amount":350},{"posx":19,"posy":6,"amount":300},{"posx":3,"posy":7,"amount":650},{"posx":14,"posy":7,"amount":600},{"posx":2,"posy":8,"amount":250},{"posx":17,"posy":8,"amount":600},{"posx":18,"posy":8,"amount":100}],"changedObstacles":[]},{"players":[{"playerId":157815,"score":334,"energy":12,"posx":4,"posy":4,"lastAction":5,"status":0},{"playerId":2248990,"score":384,"energy":15,"posx":4,"posy":4,"lastAction":5,"status":0},{"playerId":1168092,"score":284,"energy":33,"posx":4,"posy":4,"lastAction":4,"status":0},{"playerId":2294637,"score":250,"energy":45,"posx":0,"posy":0,"lastAction":5,"status":0}],"golds":[{"posx":0,"posy":0,"amount":600},{"posx":8,"posy":1,"amount":150},{"posx":19,"posy":1,"amount":150},{"posx":2,"posy":3,"amount":650},{"posx":8,"posy":3,"amount":350},{"posx":12,"posy":3,"amount":400},{"posx":2,"posy":4,"amount":650},{"posx":4,"posy":4,"amount":450},{"posx":7,"posy":4,"amount":50},{"posx":1,"posy":5,"amount":500},{"posx":3,"posy":5,"amount":750},{"posx":8,"posy":6,"amount":350},{"posx":19,"posy":6,"amount":300},{"posx":3,"posy":7,"amount":650},{"posx":14,"posy":7,"amount":600},{"posx":2,"posy":8,"amount":250},{"posx":17,"posy":8,"amount":600},{"posx":18,"posy":8,"amount":100}],"changedObstacles":[]},{"players":[{"playerId":157815,"score":384,"energy":7,"posx":4,"posy":4,"lastAction":5,"status":0},{"playerId":2248990,"score":384,"energy":27,"posx":4,"posy":4,"lastAction":4,"status":0},{"playerId":1168092,"score":334,"energy":28,"posx":4,"posy":4,"lastAction":5,"status":0},{"playerId":2294637,"score":300,"energy":40,"posx":0,"posy":0,"lastAction":5,"status":0}],"golds":[{"posx":0,"posy":0,"amount":550},{"posx":8,"posy":1,"amount":150},{"posx":19,"posy":1,"amount":150},{"posx":2,"posy":3,"amount":650},{"posx":8,"posy":3,"amount":350},{"posx":12,"posy":3,"amount":400},{"posx":2,"posy":4,"amount":650},{"posx":4,"posy":4,"amount":350},{"posx":7,"posy":4,"amount":50},{"posx":1,"posy":5,"amount":500},{"posx":3,"posy":5,"amount":750},{"posx":8,"posy":6,"amount":350},{"posx":19,"posy":6,"amount":300},{"posx":3,"posy":7,"amount":650},{"posx":14,"posy":7,"amount":600},{"posx":2,"posy":8,"amount":250},{"posx":17,"posy":8,"amount":600},{"posx":18,"posy":8,"amount":100}],"changedObstacles":[]},{"players":[{"playerId":157815,"score":434,"energy":2,"posx":4,"posy":4,"lastAction":5,"status":0},{"playerId":2248990,"score":434,"energy":22,"posx":4,"posy":4,"lastAction":5,"status":0},{"playerId":1168092,"score":384,"energy":23,"posx":4,"posy":4,"lastAction":5,"status":0},{"playerId":2294637,"score":350,"energy":35,"posx":0,"posy":0,"lastAction":5,"status":0}],"golds":[{"posx":0,"posy":0,"amount":500},{"posx":8,"posy":1,"amount":150},{"posx":19,"posy":1,"amount":150},{"posx":2,"posy":3,"amount":650},{"posx":8,"posy":3,"amount":350},{"posx":12,"posy":3,"amount":400},{"posx":2,"posy":4,"amount":650},{"posx":4,"posy":4,"amount":200},{"posx":7,"posy":4,"amount":50},{"posx":1,"posy":5,"amount":500},{"posx":3,"posy":5,"amount":750},{"posx":8,"posy":6,"amount":350},{"posx":19,"posy":6,"amount":300},{"posx":3,"posy":7,"amount":650},{"posx":14,"posy":7,"amount":600},{"posx":2,"posy":8,"amount":250},{"posx":17,"posy":8,"amount":600},{"posx":18,"posy":8,"amount":100}],"changedObstacles":[]},{"players":[{"playerId":157815,"score":434,"energy":14,"posx":4,"posy":4,"lastAction":4,"status":0},{"playerId":2248990,"score":484,"energy":17,"posx":4,"posy":4,"lastAction":5,"status":0},{"playerId":1168092,"score":434,"energy":18,"posx":4,"posy":4,"lastAction":5,"status":0},{"playerId":2294637,"score":400,"energy":30,"posx":0,"posy":0,"lastAction":5,"status":0}],"golds":[{"posx":0,"posy":0,"amount":450},{"posx":8,"posy":1,"amount":150},{"posx":19,"posy":1,"amount":150},{"posx":2,"posy":3,"amount":650},{"posx":8,"posy":3,"amount":350},{"posx":12,"posy":3,"amount":400},{"posx":2,"posy":4,"amount":650},{"posx":4,"posy":4,"amount":100},{"posx":7,"posy":4,"amount":50},{"posx":1,"posy":5,"amount":500},{"posx":3,"posy":5,"amount":750},{"posx":8,"posy":6,"amount":350},{"posx":19,"posy":6,"amount":300},{"posx":3,"posy":7,"amount":650},{"posx":14,"posy":7,"amount":600},{"posx":2,"posy":8,"amount":250},{"posx":17,"posy":8,"amount":600},{"posx":18,"posy":8,"amount":100}],"changedObstacles":[]},{"players":[{"playerId":157815,"score":484,"energy":9,"posx":4,"posy":4,"lastAction":5,"status":0},{"playerId":2248990,"score":484,"energy":29,"posx":4,"posy":4,"lastAction":4,"status":0},{"playerId":1168092,"score":484,"energy":13,"posx":4,"posy":4,"lastAction":5,"status":0},{"playerId":2294637,"score":450,"energy":25,"posx":0,"posy":0,"lastAction":5,"status":0}],"golds":[{"posx":0,"posy":0,"amount":400},{"posx":8,"posy":1,"amount":150},{"posx":19,"posy":1,"amount":150},{"posx":2,"posy":3,"amount":650},{"posx":8,"posy":3,"amount":350},{"posx":12,"posy":3,"amount":400},{"posx":2,"posy":4,"amount":650},{"posx":7,"posy":4,"amount":50},{"posx":1,"posy":5,"amount":500},{"posx":3,"posy":5,"amount":750},{"posx":8,"posy":6,"amount":350},{"posx":19,"posy":6,"amount":300},{"posx":3,"posy":7,"amount":650},{"posx":14,"posy":7,"amount":600},{"posx":2,"posy":8,"amount":250},{"posx":17,"posy":8,"amount":600},{"posx":18,"posy":8,"amount":100}],"changedObstacles":[{"type":0,"posx":4,"posy":4,"value":-1}]},{"players":[{"playerId":157815,"score":484,"energy":4,"posx":3,"posy":4,"lastAction":0,"status":0},{"playerId":2248990,"score":484,"energy":24,"posx":3,"posy":4,"lastAction":0,"status":0},{"playerId":1168092,"score":484,"energy":12,"posx":5,"posy":4,"lastAction":1,"status":0},{"playerId":2294637,"score":500,"energy":20,"posx":0,"posy":0,"lastAction":5,"status":0}],"golds":[{"posx":0,"posy":0,"amount":350},{"posx":8,"posy":1,"amount":150},{"posx":19,"posy":1,"amount":150},{"posx":2,"posy":3,"amount":650},{"posx":8,"posy":3,"amount":350},{"posx":12,"posy":3,"amount":400},{"posx":2,"posy":4,"amount":650},{"posx":7,"posy":4,"amount":50},{"posx":1,"posy":5,"amount":500},{"posx":3,"posy":5,"amount":750},{"posx":8,"posy":6,"amount":350},{"posx":19,"posy":6,"amount":300},{"posx":3,"posy":7,"amount":650},{"posx":14,"posy":7,"amount":600},{"posx":2,"posy":8,"amount":250},{"posx":17,"posy":8,"amount":600},{"posx":18,"posy":8,"amount":100}],"changedObstacles":[{"type":3,"posx":3,"posy":4,"value":-20}]},{"players":[{"playerId":157815,"score":484,"energy":16,"posx":3,"posy":4,"lastAction":4,"status":0},{"playerId":2248990,"score":484,"energy":20,"posx":3,"posy":5,"lastAction":3,"status":0},{"playerId":1168092,"score":484,"energy":11,"posx":5,"posy":5,"lastAction":3,"status":0},{"playerId":2294637,"score":550,"energy":15,"posx":0,"posy":0,"lastAction":5,"status":0}],"golds":[{"posx":0,"posy":0,"amount":300},{"posx":8,"posy":1,"amount":150},{"posx":19,"posy":1,"amount":150},{"posx":2,"posy":3,"amount":650},{"posx":8,"posy":3,"amount":350},{"posx":12,"posy":3,"amount":400},{"posx":2,"posy":4,"amount":650},{"posx":7,"posy":4,"amount":50},{"posx":1,"posy":5,"amount":500},{"posx":3,"posy":5,"amount":750},{"posx":8,"posy":6,"amount":350},{"posx":19,"posy":6,"amount":300},{"posx":3,"posy":7,"amount":650},{"posx":14,"posy":7,"amount":600},{"posx":2,"posy":8,"amount":250},{"posx":17,"posy":8,"amount":600},{"posx":18,"posy":8,"amount":100}],"changedObstacles":[]},{"players":[{"playerId":157815,"score":484,"energy":32,"posx":3,"posy":4,"lastAction":4,"status":0},{"playerId":2248990,"score":484,"energy":32,"posx":3,"posy":5,"lastAction":4,"status":0},{"playerId":1168092,"score":484,"energy":10,"posx":5,"posy":6,"lastAction":3,"status":0},{"playerId":2294637,"score":600,"energy":10,"posx":0,"posy":0,"lastAction":5,"status":0}],"golds":[{"posx":0,"posy":0,"amount":250},{"posx":8,"posy":1,"amount":150},{"posx":19,"posy":1,"amount":150},{"posx":2,"posy":3,"amount":650},{"posx":8,"posy":3,"amount":350},{"posx":12,"posy":3,"amount":400},{"posx":2,"posy":4,"amount":650},{"posx":7,"posy":4,"amount":50},{"posx":1,"posy":5,"amount":500},{"posx":3,"posy":5,"amount":750},{"posx":8,"posy":6,"amount":350},{"posx":19,"posy":6,"amount":300},{"posx":3,"posy":7,"amount":650},{"posx":14,"posy":7,"amount":600},{"posx":2,"posy":8,"amount":250},{"posx":17,"posy":8,"amount":600},{"posx":18,"posy":8,"amount":100}],"changedObstacles":[]},{"players":[{"playerId":157815,"score":484,"energy":50,"posx":3,"posy":4,"lastAction":4,"status":0},{"playerId":2248990,"score":534,"energy":27,"posx":3,"posy":5,"lastAction":5,"status":0},{"playerId":1168092,"score":484,"energy":9,"posx":5,"posy":7,"lastAction":3,"status":0},{"playerId":2294637,"score":650,"energy":5,"posx":0,"posy":0,"lastAction":5,"status":0}],"golds":[{"posx":0,"posy":0,"amount":200},{"posx":8,"posy":1,"amount":150},{"posx":19,"posy":1,"amount":150},{"posx":2,"posy":3,"amount":650},{"posx":8,"posy":3,"amount":350},{"posx":12,"posy":3,"amount":400},{"posx":2,"posy":4,"amount":650},{"posx":7,"posy":4,"amount":50},{"posx":1,"posy":5,"amount":500},{"posx":3,"posy":5,"amount":700},{"posx":8,"posy":6,"amount":350},{"posx":19,"posy":6,"amount":300},{"posx":3,"posy":7,"amount":650},{"posx":14,"posy":7,"amount":600},{"posx":2,"posy":8,"amount":250},{"posx":17,"posy":8,"amount":600},{"posx":18,"posy":8,"amount":100}],"changedObstacles":[]},{"players":[{"playerId":157815,"score":484,"energy":46,"posx":3,"posy":5,"lastAction":3,"status":0},{"playerId":2248990,"score":584,"energy":22,"posx":3,"posy":5,"lastAction":5,"status":0},{"playerId":1168092,"score":484,"energy":8,"posx":5,"posy":8,"lastAction":3,"status":0},{"playerId":2294637,"score":650,"energy":17,"posx":0,"posy":0,"lastAction":4,"status":0}],"golds":[{"posx":0,"posy":0,"amount":200},{"posx":8,"posy":1,"amount":150},{"posx":19,"posy":1,"amount":150},{"posx":2,"posy":3,"amount":650},{"posx":8,"posy":3,"amount":350},{"posx":12,"posy":3,"amount":400},{"posx":2,"posy":4,"amount":650},{"posx":7,"posy":4,"amount":50},{"posx":1,"posy":5,"amount":500},{"posx":3,"posy":5,"amount":650},{"posx":8,"posy":6,"amount":350},{"posx":19,"posy":6,"amount":300},{"posx":3,"posy":7,"amount":650},{"posx":14,"posy":7,"amount":600},{"posx":2,"posy":8,"amount":250},{"posx":17,"posy":8,"amount":600},{"posx":18,"posy":8,"amount":100}],"changedObstacles":[]},{"players":[{"playerId":157815,"score":534,"energy":41,"posx":3,"posy":5,"lastAction":5,"status":0},{"playerId":2248990,"score":634,"energy":17,"posx":3,"posy":5,"lastAction":5,"status":0},{"playerId":1168092,"score":484,"energy":7,"posx":6,"posy":8,"lastAction":1,"status":0},{"playerId":2294637,"score":650,"energy":33,"posx":0,"posy":0,"lastAction":4,"status":0}],"golds":[{"posx":0,"posy":0,"amount":200},{"posx":8,"posy":1,"amount":150},{"posx":19,"posy":1,"amount":150},{"posx":2,"posy":3,"amount":650},{"posx":8,"posy":3,"amount":350},{"posx":12,"posy":3,"amount":400},{"posx":2,"posy":4,"amount":650},{"posx":7,"posy":4,"amount":50},{"posx":1,"posy":5,"amount":500},{"posx":3,"posy":5,"amount":550},{"posx":8,"posy":6,"amount":350},{"posx":19,"posy":6,"amount":300},{"posx":3,"posy":7,"amount":650},{"posx":14,"posy":7,"amount":600},{"posx":2,"posy":8,"amount":250},{"posx":17,"posy":8,"amount":600},{"posx":18,"posy":8,"amount":100}],"changedObstacles":[]},{"players":[{"playerId":157815,"score":584,"energy":36,"posx":3,"posy":5,"lastAction":5,"status":0},{"playerId":2248990,"score":684,"energy":12,"posx":3,"posy":5,"lastAction":5,"status":0},{"playerId":1168092,"score":484,"energy":19,"posx":6,"posy":8,"lastAction":4,"status":0},{"playerId":2294637,"score":650,"energy":50,"posx":0,"posy":0,"lastAction":4,"status":0}],"golds":[{"posx":0,"posy":0,"amount":200},{"posx":8,"posy":1,"amount":150},{"posx":19,"posy":1,"amount":150},{"posx":2,"posy":3,"amount":650},{"posx":8,"posy":3,"amount":350},{"posx":12,"posy":3,"amount":400},{"posx":2,"posy":4,"amount":650},{"posx":7,"posy":4,"amount":50},{"posx":1,"posy":5,"amount":500},{"posx":3,"posy":5,"amount":450},{"posx":8,"posy":6,"amount":350},{"posx":19,"posy":6,"amount":300},{"posx":3,"posy":7,"amount":650},{"posx":14,"posy":7,"amount":600},{"posx":2,"posy":8,"amount":250},{"posx":17,"posy":8,"amount":600},{"posx":18,"posy":8,"amount":100}],"changedObstacles":[]},{"players":[{"playerId":157815,"score":634,"energy":31,"posx":3,"posy":5,"lastAction":5,"status":0},{"playerId":2248990,"score":684,"energy":24,"posx":3,"posy":5,"lastAction":4,"status":0},{"playerId":1168092,"score":484,"energy":9,"posx":7,"posy":8,"lastAction":1,"status":0},{"playerId":2294637,"score":700,"energy":45,"posx":0,"posy":0,"lastAction":5,"status":0}],"golds":[{"posx":0,"posy":0,"amount":150},{"posx":8,"posy":1,"amount":150},{"posx":19,"posy":1,"amount":150},{"posx":2,"posy":3,"amount":650},{"posx":8,"posy":3,"amount":350},{"posx":12,"posy":3,"amount":400},{"posx":2,"posy":4,"amount":650},{"posx":7,"posy":4,"amount":50},{"posx":1,"posy":5,"amount":500},{"posx":3,"posy":5,"amount":400},{"posx":8,"posy":6,"amount":350},{"posx":19,"posy":6,"amount":300},{"posx":3,"posy":7,"amount":650},{"posx":14,"posy":7,"amount":600},{"posx":2,"posy":8,"amount":250},{"posx":17,"posy":8,"amount":600},{"posx":18,"posy":8,"amount":100}],"changedObstacles":[{"type":0,"posx":7,"posy":8,"value":-1}]},{"players":[{"playerId":157815,"score":684,"energy":26,"posx":3,"posy":5,"lastAction":5,"status":0},{"playerId":2248990,"score":734,"energy":19,"posx":3,"posy":5,"lastAction":5,"status":0},{"playerId":1168092,"score":484,"energy":8,"posx":8,"posy":8,"lastAction":1,"status":0},{"playerId":2294637,"score":750,"energy":40,"posx":0,"posy":0,"lastAction":5,"status":0}],"golds":[{"posx":0,"posy":0,"amount":100},{"posx":8,"posy":1,"amount":150},{"posx":19,"posy":1,"amount":150},{"posx":2,"posy":3,"amount":650},{"posx":8,"posy":3,"amount":350},{"posx":12,"posy":3,"amount":400},{"posx":2,"posy":4,"amount":650},{"posx":7,"posy":4,"amount":50},{"posx":1,"posy":5,"amount":500},{"posx":3,"posy":5,"amount":300},{"posx":8,"posy":6,"amount":350},{"posx":19,"posy":6,"amount":300},{"posx":3,"posy":7,"amount":650},{"posx":14,"posy":7,"amount":600},{"posx":2,"posy":8,"amount":250},{"posx":17,"posy":8,"amount":600},{"posx":18,"posy":8,"amount":100}],"changedObstacles":[]},{"players":[{"playerId":157815,"score":734,"energy":21,"posx":3,"posy":5,"lastAction":5,"status":0},{"playerId":2248990,"score":784,"energy":14,"posx":3,"posy":5,"lastAction":5,"status":0},{"playerId":1168092,"score":484,"energy":3,"posx":9,"posy":8,"lastAction":1,"status":0},{"playerId":2294637,"score":800,"energy":35,"posx":0,"posy":0,"lastAction":5,"status":0}],"golds":[{"posx":0,"posy":0,"amount":50},{"posx":8,"posy":1,"amount":150},{"posx":19,"posy":1,"amount":150},{"posx":2,"posy":3,"amount":650},{"posx":8,"posy":3,"amount":350},{"posx":12,"posy":3,"amount":400},{"posx":2,"posy":4,"amount":650},{"posx":7,"posy":4,"amount":50},{"posx":1,"posy":5,"amount":500},{"posx":3,"posy":5,"amount":200},{"posx":8,"posy":6,"amount":350},{"posx":19,"posy":6,"amount":300},{"posx":3,"posy":7,"amount":650},{"posx":14,"posy":7,"amount":600},{"posx":2,"posy":8,"amount":250},{"posx":17,"posy":8,"amount":600},{"posx":18,"posy":8,"amount":100}],"changedObstacles":[{"type":3,"posx":9,"posy":8,"value":-20}]},{"players":[{"playerId":157815,"score":784,"energy":16,"posx":3,"posy":5,"lastAction":5,"status":0},{"playerId":2248990,"score":784,"energy":26,"posx":3,"posy":5,"lastAction":4,"status":0},{"playerId":1168092,"score":484,"energy":15,"posx":9,"posy":8,"lastAction":4,"status":0},{"playerId":2294637,"score":850,"energy":30,"posx":0,"posy":0,"lastAction":5,"status":0}],"golds":[{"posx":8,"posy":1,"amount":150},{"posx":19,"posy":1,"amount":150},{"posx":2,"posy":3,"amount":650},{"posx":8,"posy":3,"amount":350},{"posx":12,"posy":3,"amount":400},{"posx":2,"posy":4,"amount":650},{"posx":7,"posy":4,"amount":50},{"posx":1,"posy":5,"amount":500},{"posx":3,"posy":5,"amount":150},{"posx":8,"posy":6,"amount":350},{"posx":19,"posy":6,"amount":300},{"posx":3,"posy":7,"amount":650},{"posx":14,"posy":7,"amount":600},{"posx":2,"posy":8,"amount":250},{"posx":17,"posy":8,"amount":600},{"posx":18,"posy":8,"amount":100}],"changedObstacles":[{"type":0,"posx":0,"posy":0,"value":-1}]},{"players":[{"playerId":157815,"score":834,"energy":11,"posx":3,"posy":5,"lastAction":5,"status":0},{"playerId":2248990,"score":834,"energy":21,"posx":3,"posy":5,"lastAction":5,"status":0},{"playerId":1168092,"score":484,"energy":5,"posx":10,"posy":8,"lastAction":1,"status":0},{"playerId":2294637,"score":850,"energy":29,"posx":0,"posy":1,"lastAction":3,"status":0}],"golds":[{"posx":8,"posy":1,"amount":150},{"posx":19,"posy":1,"amount":150},{"posx":2,"posy":3,"amount":650},{"posx":8,"posy":3,"amount":350},{"posx":12,"posy":3,"amount":400},{"posx":2,"posy":4,"amount":650},{"posx":7,"posy":4,"amount":50},{"posx":1,"posy":5,"amount":500},{"posx":3,"posy":5,"amount":50},{"posx":8,"posy":6,"amount":350},{"posx":19,"posy":6,"amount":300},{"posx":3,"posy":7,"amount":650},{"posx":14,"posy":7,"amount":600},{"posx":2,"posy":8,"amount":250},{"posx":17,"posy":8,"amount":600},{"posx":18,"posy":8,"amount":100}],"changedObstacles":[{"type":0,"posx":10,"posy":8,"value":-1}]},{"players":[{"playerId":157815,"score":859,"energy":6,"posx":3,"posy":5,"lastAction":5,"status":0},{"playerId":2248990,"score":859,"energy":16,"posx":3,"posy":5,"lastAction":5,"status":0},{"playerId":1168092,"score":484,"energy":4,"posx":11,"posy":8,"lastAction":1,"status":0},{"playerId":2294637,"score":850,"energy":28,"posx":1,"posy":1,"lastAction":1,"status":0}],"golds":[{"posx":8,"posy":1,"amount":150},{"posx":19,"posy":1,"amount":150},{"posx":2,"posy":3,"amount":650},{"posx":8,"posy":3,"amount":350},{"posx":12,"posy":3,"amount":400},{"posx":2,"posy":4,"amount":650},{"posx":7,"posy":4,"amount":50},{"posx":1,"posy":5,"amount":500},{"posx":8,"posy":6,"amount":350},{"posx":19,"posy":6,"amount":300},{"posx":3,"posy":7,"amount":650},{"posx":14,"posy":7,"amount":600},{"posx":2,"posy":8,"amount":250},{"posx":17,"posy":8,"amount":600},{"posx":18,"posy":8,"amount":100}],"changedObstacles":[{"type":0,"posx":3,"posy":5,"value":-1}]},{"players":[{"playerId":157815,"score":859,"energy":5,"posx":3,"posy":6,"lastAction":3,"status":0},{"playerId":2248990,"score":859,"energy":28,"posx":3,"posy":5,"lastAction":4,"status":0},{"playerId":1168092,"score":484,"energy":16,"posx":11,"posy":8,"lastAction":4,"status":0},{"playerId":2294637,"score":850,"energy":27,"posx":2,"posy":1,"lastAction":1,"status":0}],"golds":[{"posx":8,"posy":1,"amount":150},{"posx":19,"posy":1,"amount":150},{"posx":2,"posy":3,"amount":650},{"posx":8,"posy":3,"amount":350},{"posx":12,"posy":3,"amount":400},{"posx":2,"posy":4,"amount":650},{"posx":7,"posy":4,"amount":50},{"posx":1,"posy":5,"amount":500},{"posx":8,"posy":6,"amount":350},{"posx":19,"posy":6,"amount":300},{"posx":3,"posy":7,"amount":650},{"posx":14,"posy":7,"amount":600},{"posx":2,"posy":8,"amount":250},{"posx":17,"posy":8,"amount":600},{"posx":18,"posy":8,"amount":100}],"changedObstacles":[]},{"players":[{"playerId":157815,"score":859,"energy":1,"posx":3,"posy":7,"lastAction":3,"status":0},{"playerId":2248990,"score":859,"energy":23,"posx":2,"posy":5,"lastAction":0,"status":0},{"playerId":1168092,"score":484,"energy":11,"posx":12,"posy":8,"lastAction":1,"status":0},{"playerId":2294637,"score":850,"energy":22,"posx":2,"posy":2,"lastAction":3,"status":0}],"golds":[{"posx":8,"posy":1,"amount":150},{"posx":19,"posy":1,"amount":150},{"posx":2,"posy":3,"amount":650},{"posx":8,"posy":3,"amount":350},{"posx":12,"posy":3,"amount":400},{"posx":2,"posy":4,"amount":650},{"posx":7,"posy":4,"amount":50},{"posx":1,"posy":5,"amount":500},{"posx":8,"posy":6,"amount":350},{"posx":19,"posy":6,"amount":300},{"posx":3,"posy":7,"amount":650},{"posx":14,"posy":7,"amount":600},{"posx":2,"posy":8,"amount":250},{"posx":17,"posy":8,"amount":600},{"posx":18,"posy":8,"amount":100}],"changedObstacles":[{"type":3,"posx":2,"posy":5,"value":-20},{"type":3,"posx":12,"posy":8,"value":-20},{"type":3,"posx":2,"posy":2,"value":-20}]},{"players":[{"playerId":157815,"score":859,"energy":13,"posx":3,"posy":7,"lastAction":4,"status":0},{"playerId":2248990,"score":859,"energy":19,"posx":2,"posy":4,"lastAction":2,"status":0},{"playerId":1168092,"score":484,"energy":1,"posx":13,"posy":8,"lastAction":1,"status":0},{"playerId":2294637,"score":850,"energy":18,"posx":2,"posy":3,"lastAction":3,"status":0}],"golds":[{"posx":8,"posy":1,"amount":150},{"posx":19,"posy":1,"amount":150},{"posx":2,"posy":3,"amount":650},{"posx":8,"posy":3,"amount":350},{"posx":12,"posy":3,"amount":400},{"posx":2,"posy":4,"amount":650},{"posx":7,"posy":4,"amount":50},{"posx":1,"posy":5,"amount":500},{"posx":8,"posy":6,"amount":350},{"posx":19,"posy":6,"amount":300},{"posx":3,"posy":7,"amount":650},{"posx":14,"posy":7,"amount":600},{"posx":2,"posy":8,"amount":250},{"posx":17,"posy":8,"amount":600},{"posx":18,"posy":8,"amount":100}],"changedObstacles":[{"type":0,"posx":13,"posy":8,"value":-1}]},{"players":[{"playerId":157815,"score":859,"energy":29,"posx":3,"posy":7,"lastAction":4,"status":0},{"playerId":2248990,"score":909,"energy":14,"posx":2,"posy":4,"lastAction":5,"status":0},{"playerId":1168092,"score":484,"energy":13,"posx":13,"posy":8,"lastAction":4,"status":0},{"playerId":2294637,"score":900,"energy":13,"posx":2,"posy":3,"lastAction":5,"status":0}],"golds":[{"posx":8,"posy":1,"amount":150},{"posx":19,"posy":1,"amount":150},{"posx":2,"posy":3,"amount":600},{"posx":8,"posy":3,"amount":350},{"posx":12,"posy":3,"amount":400},{"posx":2,"posy":4,"amount":600},{"posx":7,"posy":4,"amount":50},{"posx":1,"posy":5,"amount":500},{"posx":8,"posy":6,"amount":350},{"posx":19,"posy":6,"amount":300},{"posx":3,"posy":7,"amount":650},{"posx":14,"posy":7,"amount":600},{"posx":2,"posy":8,"amount":250},{"posx":17,"posy":8,"amount":600},{"posx":18,"posy":8,"amount":100}],"changedObstacles":[]},{"players":[{"playerId":157815,"score":859,"energy":50,"posx":3,"posy":7,"lastAction":4,"status":0},{"playerId":2248990,"score":959,"energy":9,"posx":2,"posy":4,"lastAction":5,"status":0},{"playerId":1168092,"score":484,"energy":8,"posx":14,"posy":8,"lastAction":1,"status":0},{"playerId":2294637,"score":950,"energy":8,"posx":2,"posy":3,"lastAction":5,"status":0}],"golds":[{"posx":8,"posy":1,"amount":150},{"posx":19,"posy":1,"amount":150},{"posx":2,"posy":3,"amount":550},{"posx":8,"posy":3,"amount":350},{"posx":12,"posy":3,"amount":400},{"posx":2,"posy":4,"amount":550},{"posx":7,"posy":4,"amount":50},{"posx":1,"posy":5,"amount":500},{"posx":8,"posy":6,"amount":350},{"posx":19,"posy":6,"amount":300},{"posx":3,"posy":7,"amount":650},{"posx":14,"posy":7,"amount":600},{"posx":2,"posy":8,"amount":250},{"posx":17,"posy":8,"amount":600},{"posx":18,"posy":8,"amount":100}],"changedObstacles":[{"type":3,"posx":14,"posy":8,"value":-20}]},{"players":[{"playerId":157815,"score":909,"energy":45,"posx":3,"posy":7,"lastAction":5,"status":0},{"playerId":2248990,"score":959,"energy":21,"posx":2,"posy":4,"lastAction":4,"status":0},{"playerId":1168092,"score":484,"energy":4,"posx":14,"posy":7,"lastAction":2,"status":0},{"playerId":2294637,"score":950,"energy":20,"posx":2,"posy":3,"lastAction":4,"status":0}],"golds":[{"posx":8,"posy":1,"amount":150},{"posx":19,"posy":1,"amount":150},{"posx":2,"posy":3,"amount":550},{"posx":8,"posy":3,"amount":350},{"posx":12,"posy":3,"amount":400},{"posx":2,"posy":4,"amount":550},{"posx":7,"posy":4,"amount":50},{"posx":1,"posy":5,"amount":500},{"posx":8,"posy":6,"amount":350},{"posx":19,"posy":6,"amount":300},{"posx":3,"posy":7,"amount":600},{"posx":14,"posy":7,"amount":600},{"posx":2,"posy":8,"amount":250},{"posx":17,"posy":8,"amount":600},{"posx":18,"posy":8,"amount":100}],"changedObstacles":[]},{"players":[{"playerId":157815,"score":959,"energy":40,"posx":3,"posy":7,"lastAction":5,"status":0},{"playerId":2248990,"score":1009,"energy":16,"posx":2,"posy":4,"lastAction":5,"status":0},{"playerId":1168092,"score":484,"energy":16,"posx":14,"posy":7,"lastAction":4,"status":0},{"playerId":2294637,"score":950,"energy":36,"posx":2,"posy":3,"lastAction":4,"status":0}],"golds":[{"posx":8,"posy":1,"amount":150},{"posx":19,"posy":1,"amount":150},{"posx":2,"posy":3,"amount":550},{"posx":8,"posy":3,"amount":350},{"posx":12,"posy":3,"amount":400},{"posx":2,"posy":4,"amount":500},{"posx":7,"posy":4,"amount":50},{"posx":1,"posy":5,"amount":500},{"posx":8,"posy":6,"amount":350},{"posx":19,"posy":6,"amount":300},{"posx":3,"posy":7,"amount":550},{"posx":14,"posy":7,"amount":600},{"posx":2,"posy":8,"amount":250},{"posx":17,"posy":8,"amount":600},{"posx":18,"posy":8,"amount":100}],"changedObstacles":[]},{"players":[{"playerId":157815,"score":1009,"energy":35,"posx":3,"posy":7,"lastAction":5,"status":0},{"playerId":2248990,"score":1059,"energy":11,"posx":2,"posy":4,"lastAction":5,"status":0},{"playerId":1168092,"score":484,"energy":32,"posx":14,"posy":7,"lastAction":4,"status":0},{"playerId":2294637,"score":950,"energy":50,"posx":2,"posy":3,"lastAction":4,"status":0}],"golds":[{"posx":8,"posy":1,"amount":150},{"posx":19,"posy":1,"amount":150},{"posx":2,"posy":3,"amount":550},{"posx":8,"posy":3,"amount":350},{"posx":12,"posy":3,"amount":400},{"posx":2,"posy":4,"amount":450},{"posx":7,"posy":4,"amount":50},{"posx":1,"posy":5,"amount":500},{"posx":8,"posy":6,"amount":350},{"posx":19,"posy":6,"amount":300},{"posx":3,"posy":7,"amount":500},{"posx":14,"posy":7,"amount":600},{"posx":2,"posy":8,"amount":250},{"posx":17,"posy":8,"amount":600},{"posx":18,"posy":8,"amount":100}],"changedObstacles":[]},{"players":[{"playerId":157815,"score":1059,"energy":30,"posx":3,"posy":7,"lastAction":5,"status":0},{"playerId":2248990,"score":1059,"energy":23,"posx":2,"posy":4,"lastAction":4,"status":0},{"playerId":1168092,"score":534,"energy":27,"posx":14,"posy":7,"lastAction":5,"status":0},{"playerId":2294637,"score":1000,"energy":45,"posx":2,"posy":3,"lastAction":5,"status":0}],"golds":[{"posx":8,"posy":1,"amount":150},{"posx":19,"posy":1,"amount":150},{"posx":2,"posy":3,"amount":500},{"posx":8,"posy":3,"amount":350},{"posx":12,"posy":3,"amount":400},{"posx":2,"posy":4,"amount":450},{"posx":7,"posy":4,"amount":50},{"posx":1,"posy":5,"amount":500},{"posx":8,"posy":6,"amount":350},{"posx":19,"posy":6,"amount":300},{"posx":3,"posy":7,"amount":450},{"posx":14,"posy":7,"amount":550},{"posx":2,"posy":8,"amount":250},{"posx":17,"posy":8,"amount":600},{"posx":18,"posy":8,"amount":100}],"changedObstacles":[]},{"players":[{"playerId":157815,"score":1109,"energy":25,"posx":3,"posy":7,"lastAction":5,"status":0},{"playerId":2248990,"score":1109,"energy":18,"posx":2,"posy":4,"lastAction":5,"status":0},{"playerId":1168092,"score":584,"energy":22,"posx":14,"posy":7,"lastAction":5,"status":0},{"playerId":2294637,"score":1050,"energy":40,"posx":2,"posy":3,"lastAction":5,"status":0}],"golds":[{"posx":8,"posy":1,"amount":150},{"posx":19,"posy":1,"amount":150},{"posx":2,"posy":3,"amount":450},{"posx":8,"posy":3,"amount":350},{"posx":12,"posy":3,"amount":400},{"posx":2,"posy":4,"amount":400},{"posx":7,"posy":4,"amount":50},{"posx":1,"posy":5,"amount":500},{"posx":8,"posy":6,"amount":350},{"posx":19,"posy":6,"amount":300},{"posx":3,"posy":7,"amount":400},{"posx":14,"posy":7,"amount":500},{"posx":2,"posy":8,"amount":250},{"posx":17,"posy":8,"amount":600},{"posx":18,"posy":8,"amount":100}],"changedObstacles":[]},{"players":[{"playerId":157815,"score":1159,"energy":20,"posx":3,"posy":7,"lastAction":5,"status":0},{"playerId":2248990,"score":1159,"energy":13,"posx":2,"posy":4,"lastAction":5,"status":0},{"playerId":1168092,"score":634,"energy":17,"posx":14,"posy":7,"lastAction":5,"status":0},{"playerId":2294637,"score":1100,"energy":35,"posx":2,"posy":3,"lastAction":5,"status":0}],"golds":[{"posx":8,"posy":1,"amount":150},{"posx":19,"posy":1,"amount":150},{"posx":2,"posy":3,"amount":400},{"posx":8,"posy":3,"amount":350},{"posx":12,"posy":3,"amount":400},{"posx":2,"posy":4,"amount":350},{"posx":7,"posy":4,"amount":50},{"posx":1,"posy":5,"amount":500},{"posx":8,"posy":6,"amount":350},{"posx":19,"posy":6,"amount":300},{"posx":3,"posy":7,"amount":350},{"posx":14,"posy":7,"amount":450},{"posx":2,"posy":8,"amount":250},{"posx":17,"posy":8,"amount":600},{"posx":18,"posy":8,"amount":100}],"changedObstacles":[]},{"players":[{"playerId":157815,"score":1209,"energy":15,"posx":3,"posy":7,"lastAction":5,"status":0},{"playerId":2248990,"score":1209,"energy":8,"posx":2,"posy":4,"lastAction":5,"status":0},{"playerId":1168092,"score":684,"energy":12,"posx":14,"posy":7,"lastAction":5,"status":0},{"playerId":2294637,"score":1150,"energy":30,"posx":2,"posy":3,"lastAction":5,"status":0}],"golds":[{"posx":8,"posy":1,"amount":150},{"posx":19,"posy":1,"amount":150},{"posx":2,"posy":3,"amount":350},{"posx":8,"posy":3,"amount":350},{"posx":12,"posy":3,"amount":400},{"posx":2,"posy":4,"amount":300},{"posx":7,"posy":4,"amount":50},{"posx":1,"posy":5,"amount":500},{"posx":8,"posy":6,"amount":350},{"posx":19,"posy":6,"amount":300},{"posx":3,"posy":7,"amount":300},{"posx":14,"posy":7,"amount":400},{"posx":2,"posy":8,"amount":250},{"posx":17,"posy":8,"amount":600},{"posx":18,"posy":8,"amount":100}],"changedObstacles":[]},{"players":[{"playerId":157815,"score":1259,"energy":10,"posx":3,"posy":7,"lastAction":5,"status":0},{"playerId":2248990,"score":1209,"energy":20,"posx":2,"posy":4,"lastAction":4,"status":0},{"playerId":1168092,"score":734,"energy":7,"posx":14,"posy":7,"lastAction":5,"status":0},{"playerId":2294637,"score":1200,"energy":25,"posx":2,"posy":3,"lastAction":5,"status":0}],"golds":[{"posx":8,"posy":1,"amount":150},{"posx":19,"posy":1,"amount":150},{"posx":2,"posy":3,"amount":300},{"posx":8,"posy":3,"amount":350},{"posx":12,"posy":3,"amount":400},{"posx":2,"posy":4,"amount":300},{"posx":7,"posy":4,"amount":50},{"posx":1,"posy":5,"amount":500},{"posx":8,"posy":6,"amount":350},{"posx":19,"posy":6,"amount":300},{"posx":3,"posy":7,"amount":250},{"posx":14,"posy":7,"amount":350},{"posx":2,"posy":8,"amount":250},{"posx":17,"posy":8,"amount":600},{"posx":18,"posy":8,"amount":100}],"changedObstacles":[]},{"players":[{"playerId":157815,"score":1309,"energy":5,"posx":3,"posy":7,"lastAction":5,"status":0},{"playerId":2248990,"score":1259,"energy":15,"posx":2,"posy":4,"lastAction":5,"status":0},{"playerId":1168092,"score":784,"energy":2,"posx":14,"posy":7,"lastAction":5,"status":0},{"playerId":2294637,"score":1250,"energy":20,"posx":2,"posy":3,"lastAction":5,"status":0}],"golds":[{"posx":8,"posy":1,"amount":150},{"posx":19,"posy":1,"amount":150},{"posx":2,"posy":3,"amount":250},{"posx":8,"posy":3,"amount":350},{"posx":12,"posy":3,"amount":400},{"posx":2,"posy":4,"amount":250},{"posx":7,"posy":4,"amount":50},{"posx":1,"posy":5,"amount":500},{"posx":8,"posy":6,"amount":350},{"posx":19,"posy":6,"amount":300},{"posx":3,"posy":7,"amount":200},{"posx":14,"posy":7,"amount":300},{"posx":2,"posy":8,"amount":250},{"posx":17,"posy":8,"amount":600},{"posx":18,"posy":8,"amount":100}],"changedObstacles":[]},{"players":[{"playerId":157815,"score":1309,"energy":17,"posx":3,"posy":7,"lastAction":4,"status":0},{"playerId":2248990,"score":1309,"energy":10,"posx":2,"posy":4,"lastAction":5,"status":0},{"playerId":1168092,"score":784,"energy":14,"posx":14,"posy":7,"lastAction":4,"status":0},{"playerId":2294637,"score":1300,"energy":15,"posx":2,"posy":3,"lastAction":5,"status":0}],"golds":[{"posx":8,"posy":1,"amount":150},{"posx":19,"posy":1,"amount":150},{"posx":2,"posy":3,"amount":200},{"posx":8,"posy":3,"amount":350},{"posx":12,"posy":3,"amount":400},{"posx":2,"posy":4,"amount":200},{"posx":7,"posy":4,"amount":50},{"posx":1,"posy":5,"amount":500},{"posx":8,"posy":6,"amount":350},{"posx":19,"posy":6,"amount":300},{"posx":3,"posy":7,"amount":200},{"posx":14,"posy":7,"amount":300},{"posx":2,"posy":8,"amount":250},{"posx":17,"posy":8,"amount":600},{"posx":18,"posy":8,"amount":100}],"changedObstacles":[]},{"players":[{"playerId":157815,"score":1309,"energy":33,"posx":3,"posy":7,"lastAction":4,"status":0},{"playerId":2248990,"score":1309,"energy":22,"posx":2,"posy":4,"lastAction":4,"status":0},{"playerId":1168092,"score":784,"energy":30,"posx":14,"posy":7,"lastAction":4,"status":0},{"playerId":2294637,"score":1350,"energy":10,"posx":2,"posy":3,"lastAction":5,"status":0}],"golds":[{"posx":8,"posy":1,"amount":150},{"posx":19,"posy":1,"amount":150},{"posx":2,"posy":3,"amount":150},{"posx":8,"posy":3,"amount":350},{"posx":12,"posy":3,"amount":400},{"posx":2,"posy":4,"amount":200},{"posx":7,"posy":4,"amount":50},{"posx":1,"posy":5,"amount":500},{"posx":8,"posy":6,"amount":350},{"posx":19,"posy":6,"amount":300},{"posx":3,"posy":7,"amount":200},{"posx":14,"posy":7,"amount":300},{"posx":2,"posy":8,"amount":250},{"posx":17,"posy":8,"amount":600},{"posx":18,"posy":8,"amount":100}],"changedObstacles":[]},{"players":[{"playerId":157815,"score":1309,"energy":50,"posx":3,"posy":7,"lastAction":4,"status":0},{"playerId":2248990,"score":1359,"energy":17,"posx":2,"posy":4,"lastAction":5,"status":0},{"playerId":1168092,"score":834,"energy":25,"posx":14,"posy":7,"lastAction":5,"status":0},{"playerId":2294637,"score":1400,"energy":5,"posx":2,"posy":3,"lastAction":5,"status":0}],"golds":[{"posx":8,"posy":1,"amount":150},{"posx":19,"posy":1,"amount":150},{"posx":2,"posy":3,"amount":100},{"posx":8,"posy":3,"amount":350},{"posx":12,"posy":3,"amount":400},{"posx":2,"posy":4,"amount":150},{"posx":7,"posy":4,"amount":50},{"posx":1,"posy":5,"amount":500},{"posx":8,"posy":6,"amount":350},{"posx":19,"posy":6,"amount":300},{"posx":3,"posy":7,"amount":200},{"posx":14,"posy":7,"amount":250},{"posx":2,"posy":8,"amount":250},{"posx":17,"posy":8,"amount":600},{"posx":18,"posy":8,"amount":100}],"changedObstacles":[]},{"players":[{"playerId":157815,"score":1359,"energy":45,"posx":3,"posy":7,"lastAction":5,"status":0},{"playerId":2248990,"score":1409,"energy":12,"posx":2,"posy":4,"lastAction":5,"status":0},{"playerId":1168092,"score":884,"energy":20,"posx":14,"posy":7,"lastAction":5,"status":0},{"playerId":2294637,"score":1400,"energy":17,"posx":2,"posy":3,"lastAction":4,"status":0}],"golds":[{"posx":8,"posy":1,"amount":150},{"posx":19,"posy":1,"amount":150},{"posx":2,"posy":3,"amount":100},{"posx":8,"posy":3,"amount":350},{"posx":12,"posy":3,"amount":400},{"posx":2,"posy":4,"amount":100},{"posx":7,"posy":4,"amount":50},{"posx":1,"posy":5,"amount":500},{"posx":8,"posy":6,"amount":350},{"posx":19,"posy":6,"amount":300},{"posx":3,"posy":7,"amount":150},{"posx":14,"posy":7,"amount":200},{"posx":2,"posy":8,"amount":250},{"posx":17,"posy":8,"amount":600},{"posx":18,"posy":8,"amount":100}],"changedObstacles":[]},{"players":[{"playerId":157815,"score":1409,"energy":40,"posx":3,"posy":7,"lastAction":5,"status":0},{"playerId":2248990,"score":1459,"energy":7,"posx":2,"posy":4,"lastAction":5,"status":0},{"playerId":1168092,"score":934,"energy":15,"posx":14,"posy":7,"lastAction":5,"status":0},{"playerId":2294637,"score":1400,"energy":33,"posx":2,"posy":3,"lastAction":4,"status":0}],"golds":[{"posx":8,"posy":1,"amount":150},{"posx":19,"posy":1,"amount":150},{"posx":2,"posy":3,"amount":100},{"posx":8,"posy":3,"amount":350},{"posx":12,"posy":3,"amount":400},{"posx":2,"posy":4,"amount":50},{"posx":7,"posy":4,"amount":50},{"posx":1,"posy":5,"amount":500},{"posx":8,"posy":6,"amount":350},{"posx":19,"posy":6,"amount":300},{"posx":3,"posy":7,"amount":100},{"posx":14,"posy":7,"amount":150},{"posx":2,"posy":8,"amount":250},{"posx":17,"posy":8,"amount":600},{"posx":18,"posy":8,"amount":100}],"changedObstacles":[]},{"players":[{"playerId":157815,"score":1459,"energy":35,"posx":3,"posy":7,"lastAction":5,"status":0},{"playerId":2248990,"score":1459,"energy":19,"posx":2,"posy":4,"lastAction":4,"status":0},{"playerId":1168092,"score":984,"energy":10,"posx":14,"posy":7,"lastAction":5,"status":0},{"playerId":2294637,"score":1400,"energy":50,"posx":2,"posy":3,"lastAction":4,"status":0}],"golds":[{"posx":8,"posy":1,"amount":150},{"posx":19,"posy":1,"amount":150},{"posx":2,"posy":3,"amount":100},{"posx":8,"posy":3,"amount":350},{"posx":12,"posy":3,"amount":400},{"posx":2,"posy":4,"amount":50},{"posx":7,"posy":4,"amount":50},{"posx":1,"posy":5,"amount":500},{"posx":8,"posy":6,"amount":350},{"posx":19,"posy":6,"amount":300},{"posx":3,"posy":7,"amount":50},{"posx":14,"posy":7,"amount":100},{"posx":2,"posy":8,"amount":250},{"posx":17,"posy":8,"amount":600},{"posx":18,"posy":8,"amount":100}],"changedObstacles":[]},{"players":[{"playerId":157815,"score":1509,"energy":30,"posx":3,"posy":7,"lastAction":5,"status":0},{"playerId":2248990,"score":1509,"energy":14,"posx":2,"posy":4,"lastAction":5,"status":0},{"playerId":1168092,"score":1034,"energy":5,"posx":14,"posy":7,"lastAction":5,"status":0},{"playerId":2294637,"score":1450,"energy":45,"posx":2,"posy":3,"lastAction":5,"status":0}],"golds":[{"posx":8,"posy":1,"amount":150},{"posx":19,"posy":1,"amount":150},{"posx":2,"posy":3,"amount":50},{"posx":8,"posy":3,"amount":350},{"posx":12,"posy":3,"amount":400},{"posx":7,"posy":4,"amount":50},{"posx":1,"posy":5,"amount":500},{"posx":8,"posy":6,"amount":350},{"posx":19,"posy":6,"amount":300},{"posx":14,"posy":7,"amount":50},{"posx":2,"posy":8,"amount":250},{"posx":17,"posy":8,"amount":600},{"posx":18,"posy":8,"amount":100}],"changedObstacles":[{"type":0,"posx":2,"posy":4,"value":-1},{"type":0,"posx":3,"posy":7,"value":-1}]},{"players":[{"playerId":157815,"score":1509,"energy":29,"posx":2,"posy":7,"lastAction":0,"status":0},{"playerId":2248990,"score":1509,"energy":26,"posx":2,"posy":4,"lastAction":4,"status":0},{"playerId":1168092,"score":1034,"energy":17,"posx":14,"posy":7,"lastAction":4,"status":0},{"playerId":2294637,"score":1500,"energy":40,"posx":2,"posy":3,"lastAction":5,"status":0}],"golds":[{"posx":8,"posy":1,"amount":150},{"posx":19,"posy":1,"amount":150},{"posx":8,"posy":3,"amount":350},{"posx":12,"posy":3,"amount":400},{"posx":7,"posy":4,"amount":50},{"posx":1,"posy":5,"amount":500},{"posx":8,"posy":6,"amount":350},{"posx":19,"posy":6,"amount":300},{"posx":14,"posy":7,"amount":50},{"posx":2,"posy":8,"amount":250},{"posx":17,"posy":8,"amount":600},{"posx":18,"posy":8,"amount":100}],"changedObstacles":[{"type":0,"posx":2,"posy":3,"value":-1}]},{"players":[{"playerId":157815,"score":1509,"energy":25,"posx":2,"posy":8,"lastAction":3,"status":0},{"playerId":2248990,"score":1509,"energy":25,"posx":1,"posy":4,"lastAction":0,"status":0},{"playerId":1168092,"score":1034,"energy":33,"posx":14,"posy":7,"lastAction":4,"status":0},{"playerId":2294637,"score":1500,"energy":39,"posx":1,"posy":3,"lastAction":0,"status":0}],"golds":[{"posx":8,"posy":1,"amount":150},{"posx":19,"posy":1,"amount":150},{"posx":8,"posy":3,"amount":350},{"posx":12,"posy":3,"amount":400},{"posx":7,"posy":4,"amount":50},{"posx":1,"posy":5,"amount":500},{"posx":8,"posy":6,"amount":350},{"posx":19,"posy":6,"amount":300},{"posx":14,"posy":7,"amount":50},{"posx":2,"posy":8,"amount":250},{"posx":17,"posy":8,"amount":600},{"posx":18,"posy":8,"amount":100}],"changedObstacles":[]},{"players":[{"playerId":157815,"score":1559,"energy":20,"posx":2,"posy":8,"lastAction":5,"status":0},{"playerId":2248990,"score":1509,"energy":21,"posx":1,"posy":5,"lastAction":3,"status":0},{"playerId":1168092,"score":1084,"energy":28,"posx":14,"posy":7,"lastAction":5,"status":0},{"playerId":2294637,"score":1500,"energy":38,"posx":1,"posy":4,"lastAction":3,"status":0}],"golds":[{"posx":8,"posy":1,"amount":150},{"posx":19,"posy":1,"amount":150},{"posx":8,"posy":3,"amount":350},{"posx":12,"posy":3,"amount":400},{"posx":7,"posy":4,"amount":50},{"posx":1,"posy":5,"amount":500},{"posx":8,"posy":6,"amount":350},{"posx":19,"posy":6,"amount":300},{"posx":2,"posy":8,"amount":200},{"posx":17,"posy":8,"amount":600},{"posx":18,"posy":8,"amount":100}],"changedObstacles":[{"type":0,"posx":14,"posy":7,"value":-1}]},{"players":[{"playerId":157815,"score":1609,"energy":15,"posx":2,"posy":8,"lastAction":5,"status":0},{"playerId":2248990,"score":1559,"energy":16,"posx":1,"posy":5,"lastAction":5,"status":0},{"playerId":1168092,"score":1084,"energy":27,"posx":15,"posy":7,"lastAction":1,"status":0},{"playerId":2294637,"score":1500,"energy":34,"posx":1,"posy":5,"lastAction":3,"status":0}],"golds":[{"posx":8,"posy":1,"amount":150},{"posx":19,"posy":1,"amount":150},{"posx":8,"posy":3,"amount":350},{"posx":12,"posy":3,"amount":400},{"posx":7,"posy":4,"amount":50},{"posx":1,"posy":5,"amount":450},{"posx":8,"posy":6,"amount":350},{"posx":19,"posy":6,"amount":300},{"posx":2,"posy":8,"amount":150},{"posx":17,"posy":8,"amount":600},{"posx":18,"posy":8,"amount":100}],"changedObstacles":[]},{"players":[{"playerId":157815,"score":1659,"energy":10,"posx":2,"posy":8,"lastAction":5,"status":0},{"playerId":2248990,"score":1609,"energy":11,"posx":1,"posy":5,"lastAction":5,"status":0},{"playerId":1168092,"score":1084,"energy":26,"posx":15,"posy":8,"lastAction":3,"status":0},{"playerId":2294637,"score":1550,"energy":29,"posx":1,"posy":5,"lastAction":5,"status":0}],"golds":[{"posx":8,"posy":1,"amount":150},{"posx":19,"posy":1,"amount":150},{"posx":8,"posy":3,"amount":350},{"posx":12,"posy":3,"amount":400},{"posx":7,"posy":4,"amount":50},{"posx":1,"posy":5,"amount":350},{"posx":8,"posy":6,"amount":350},{"posx":19,"posy":6,"amount":300},{"posx":2,"posy":8,"amount":100},{"posx":17,"posy":8,"amount":600},{"posx":18,"posy":8,"amount":100}],"changedObstacles":[]},{"players":[{"playerId":157815,"score":1709,"energy":5,"posx":2,"posy":8,"lastAction":5,"status":0},{"playerId":2248990,"score":1609,"energy":23,"posx":1,"posy":5,"lastAction":4,"status":0},{"playerId":1168092,"score":1084,"energy":21,"posx":16,"posy":8,"lastAction":1,"status":0},{"playerId":2294637,"score":1600,"energy":24,"posx":1,"posy":5,"lastAction":5,"status":0}],"golds":[{"posx":8,"posy":1,"amount":150},{"posx":19,"posy":1,"amount":150},{"posx":8,"posy":3,"amount":350},{"posx":12,"posy":3,"amount":400},{"posx":7,"posy":4,"amount":50},{"posx":1,"posy":5,"amount":300},{"posx":8,"posy":6,"amount":350},{"posx":19,"posy":6,"amount":300},{"posx":2,"posy":8,"amount":50},{"posx":17,"posy":8,"amount":600},{"posx":18,"posy":8,"amount":100}],"changedObstacles":[{"type":3,"posx":16,"posy":8,"value":-20}]},{"players":[{"playerId":157815,"score":1709,"energy":17,"posx":2,"posy":8,"lastAction":4,"status":0},{"playerId":2248990,"score":1659,"energy":18,"posx":1,"posy":5,"lastAction":5,"status":0},{"playerId":1168092,"score":1084,"energy":17,"posx":17,"posy":8,"lastAction":1,"status":0},{"playerId":2294637,"score":1650,"energy":19,"posx":1,"posy":5,"lastAction":5,"status":0}],"golds":[{"posx":8,"posy":1,"amount":150},{"posx":19,"posy":1,"amount":150},{"posx":8,"posy":3,"amount":350},{"posx":12,"posy":3,"amount":400},{"posx":7,"posy":4,"amount":50},{"posx":1,"posy":5,"amount":200},{"posx":8,"posy":6,"amount":350},{"posx":19,"posy":6,"amount":300},{"posx":2,"posy":8,"amount":50},{"posx":17,"posy":8,"amount":600},{"posx":18,"posy":8,"amount":100}],"changedObstacles":[]},{"players":[{"playerId":157815,"score":1709,"energy":33,"posx":2,"posy":8,"lastAction":4,"status":0},{"playerId":2248990,"score":1659,"energy":30,"posx":1,"posy":5,"lastAction":4,"status":0},{"playerId":1168092,"score":1134,"energy":12,"posx":17,"posy":8,"lastAction":5,"status":0},{"playerId":2294637,"score":1700,"energy":14,"posx":1,"posy":5,"lastAction":5,"status":0}],"golds":[{"posx":8,"posy":1,"amount":150},{"posx":19,"posy":1,"amount":150},{"posx":8,"posy":3,"amount":350},{"posx":12,"posy":3,"amount":400},{"posx":7,"posy":4,"amount":50},{"posx":1,"posy":5,"amount":150},{"posx":8,"posy":6,"amount":350},{"posx":19,"posy":6,"amount":300},{"posx":2,"posy":8,"amount":50},{"posx":17,"posy":8,"amount":550},{"posx":18,"posy":8,"amount":100}],"changedObstacles":[]},{"players":[{"playerId":157815,"score":1709,"energy":50,"posx":2,"posy":8,"lastAction":4,"status":0},{"playerId":2248990,"score":1709,"energy":25,"posx":1,"posy":5,"lastAction":5,"status":0},{"playerId":1168092,"score":1184,"energy":7,"posx":17,"posy":8,"lastAction":5,"status":0},{"playerId":2294637,"score":1750,"energy":9,"posx":1,"posy":5,"lastAction":5,"status":0}],"golds":[{"posx":8,"posy":1,"amount":150},{"posx":19,"posy":1,"amount":150},{"posx":8,"posy":3,"amount":350},{"posx":12,"posy":3,"amount":400},{"posx":7,"posy":4,"amount":50},{"posx":1,"posy":5,"amount":50},{"posx":8,"posy":6,"amount":350},{"posx":19,"posy":6,"amount":300},{"posx":2,"posy":8,"amount":50},{"posx":17,"posy":8,"amount":500},{"posx":18,"posy":8,"amount":100}],"changedObstacles":[]},{"players":[{"playerId":157815,"score":1759,"energy":45,"posx":2,"posy":8,"lastAction":5,"status":0},{"playerId":2248990,"score":1734,"energy":20,"posx":1,"posy":5,"lastAction":5,"status":0},{"playerId":1168092,"score":1234,"energy":2,"posx":17,"posy":8,"lastAction":5,"status":0},{"playerId":2294637,"score":1775,"energy":4,"posx":1,"posy":5,"lastAction":5,"status":0}],"golds":[{"posx":8,"posy":1,"amount":150},{"posx":19,"posy":1,"amount":150},{"posx":8,"posy":3,"amount":350},{"posx":12,"posy":3,"amount":400},{"posx":7,"posy":4,"amount":50},{"posx":8,"posy":6,"amount":350},{"posx":19,"posy":6,"amount":300},{"posx":17,"posy":8,"amount":450},{"posx":18,"posy":8,"amount":100}],"changedObstacles":[{"type":0,"posx":1,"posy":5,"value":-1},{"type":0,"posx":2,"posy":8,"value":-1}]},{"players":[{"playerId":157815,"score":1759,"energy":44,"posx":3,"posy":8,"lastAction":1,"status":0},{"playerId":2248990,"score":1734,"energy":32,"posx":1,"posy":5,"lastAction":4,"status":0},{"playerId":1168092,"score":1234,"energy":14,"posx":17,"posy":8,"lastAction":4,"status":0},{"playerId":2294637,"score":1775,"energy":16,"posx":1,"posy":5,"lastAction":4,"status":0}],"golds":[{"posx":8,"posy":1,"amount":150},{"posx":19,"posy":1,"amount":150},{"posx":8,"posy":3,"amount":350},{"posx":12,"posy":3,"amount":400},{"posx":7,"posy":4,"amount":50},{"posx":8,"posy":6,"amount":350},{"posx":19,"posy":6,"amount":300},{"posx":17,"posy":8,"amount":450},{"posx":18,"posy":8,"amount":100}],"changedObstacles":[]},{"players":[{"playerId":157815,"score":1759,"energy":39,"posx":4,"posy":8,"lastAction":1,"status":0},{"playerId":2248990,"score":1734,"energy":12,"posx":2,"posy":5,"lastAction":1,"status":0},{"playerId":1168092,"score":1234,"energy":30,"posx":17,"posy":8,"lastAction":4,"status":0},{"playerId":2294637,"score":1775,"energy":32,"posx":1,"posy":5,"lastAction":4,"status":0}],"golds":[{"posx":8,"posy":1,"amount":150},{"posx":19,"posy":1,"amount":150},{"posx":8,"posy":3,"amount":350},{"posx":12,"posy":3,"amount":400},{"posx":7,"posy":4,"amount":50},{"posx":8,"posy":6,"amount":350},{"posx":19,"posy":6,"amount":300},{"posx":17,"posy":8,"amount":450},{"posx":18,"posy":8,"amount":100}],"changedObstacles":[{"type":3,"posx":2,"posy":5,"value":-40},{"type":3,"posx":4,"posy":8,"value":-20}]},{"players":[{"playerId":157815,"score":1759,"energy":38,"posx":5,"posy":8,"lastAction":1,"status":0},{"playerId":2248990,"score":1734,"energy":24,"posx":2,"posy":5,"lastAction":4,"status":0},{"playerId":1168092,"score":1284,"energy":25,"posx":17,"posy":8,"lastAction":5,"status":0},{"playerId":2294637,"score":1775,"energy":50,"posx":1,"posy":5,"lastAction":4,"status":0}],"golds":[{"posx":8,"posy":1,"amount":150},{"posx":19,"posy":1,"amount":150},{"posx":8,"posy":3,"amount":350},{"posx":12,"posy":3,"amount":400},{"posx":7,"posy":4,"amount":50},{"posx":8,"posy":6,"amount":350},{"posx":19,"posy":6,"amount":300},{"posx":17,"posy":8,"amount":400},{"posx":18,"posy":8,"amount":100}],"changedObstacles":[]},{"players":[{"playerId":157815,"score":1759,"energy":37,"posx":5,"posy":7,"lastAction":2,"status":0},{"playerId":2248990,"score":1734,"energy":23,"posx":3,"posy":5,"lastAction":1,"status":0},{"playerId":1168092,"score":1334,"energy":20,"posx":17,"posy":8,"lastAction":5,"status":0},{"playerId":2294637,"score":1775,"energy":49,"posx":1,"posy":4,"lastAction":2,"status":0}],"golds":[{"posx":8,"posy":1,"amount":150},{"posx":19,"posy":1,"amount":150},{"posx":8,"posy":3,"amount":350},{"posx":12,"posy":3,"amount":400},{"posx":7,"posy":4,"amount":50},{"posx":8,"posy":6,"amount":350},{"posx":19,"posy":6,"amount":300},{"posx":17,"posy":8,"amount":350},{"posx":18,"posy":8,"amount":100}],"changedObstacles":[]},{"players":[{"playerId":157815,"score":1759,"energy":36,"posx":5,"posy":6,"lastAction":2,"status":0},{"playerId":2248990,"score":1734,"energy":13,"posx":4,"posy":5,"lastAction":1,"status":0},{"playerId":1168092,"score":1384,"energy":15,"posx":17,"posy":8,"lastAction":5,"status":0},{"playerId":2294637,"score":1775,"energy":48,"posx":1,"posy":3,"lastAction":2,"status":0}],"golds":[{"posx":8,"posy":1,"amount":150},{"posx":19,"posy":1,"amount":150},{"posx":8,"posy":3,"amount":350},{"posx":12,"posy":3,"amount":400},{"posx":7,"posy":4,"amount":50},{"posx":8,"posy":6,"amount":350},{"posx":19,"posy":6,"amount":300},{"posx":17,"posy":8,"amount":300},{"posx":18,"posy":8,"amount":100}],"changedObstacles":[{"type":0,"posx":4,"posy":5,"value":-1}]},{"players":[{"playerId":157815,"score":1759,"energy":35,"posx":6,"posy":6,"lastAction":1,"status":0},{"playerId":2248990,"score":1734,"energy":25,"posx":4,"posy":5,"lastAction":4,"status":0},{"playerId":1168092,"score":1434,"energy":10,"posx":17,"posy":8,"lastAction":5,"status":0},{"playerId":2294637,"score":1775,"energy":47,"posx":2,"posy":3,"lastAction":1,"status":0}],"golds":[{"posx":8,"posy":1,"amount":150},{"posx":19,"posy":1,"amount":150},{"posx":8,"posy":3,"amount":350},{"posx":12,"posy":3,"amount":400},{"posx":7,"posy":4,"amount":50},{"posx":8,"posy":6,"amount":350},{"posx":19,"posy":6,"amount":300},{"posx":17,"posy":8,"amount":250},{"posx":18,"posy":8,"amount":100}],"changedObstacles":[]},{"players":[{"playerId":157815,"score":1759,"energy":25,"posx":7,"posy":6,"lastAction":1,"status":0},{"playerId":2248990,"score":1734,"energy":24,"posx":5,"posy":5,"lastAction":1,"status":0},{"playerId":1168092,"score":1484,"energy":5,"posx":17,"posy":8,"lastAction":5,"status":0},{"playerId":2294637,"score":1775,"energy":42,"posx":3,"posy":3,"lastAction":1,"status":0}],"golds":[{"posx":8,"posy":1,"amount":150},{"posx":19,"posy":1,"amount":150},{"posx":8,"posy":3,"amount":350},{"posx":12,"posy":3,"amount":400},{"posx":7,"posy":4,"amount":50},{"posx":8,"posy":6,"amount":350},{"posx":19,"posy":6,"amount":300},{"posx":17,"posy":8,"amount":200},{"posx":18,"posy":8,"amount":100}],"changedObstacles":[{"type":0,"posx":7,"posy":6,"value":-1},{"type":3,"posx":3,"posy":3,"value":-20}]},{"players":[{"playerId":157815,"score":1759,"energy":21,"posx":8,"posy":6,"lastAction":1,"status":0},{"playerId":2248990,"score":1734,"energy":23,"posx":6,"posy":5,"lastAction":1,"status":0},{"playerId":1168092,"score":1484,"energy":17,"posx":17,"posy":8,"lastAction":4,"status":0},{"playerId":2294637,"score":1775,"energy":41,"posx":4,"posy":3,"lastAction":1,"status":0}],"golds":[{"posx":8,"posy":1,"amount":150},{"posx":19,"posy":1,"amount":150},{"posx":8,"posy":3,"amount":350},{"posx":12,"posy":3,"amount":400},{"posx":7,"posy":4,"amount":50},{"posx":8,"posy":6,"amount":350},{"posx":19,"posy":6,"amount":300},{"posx":17,"posy":8,"amount":200},{"posx":18,"posy":8,"amount":100}],"changedObstacles":[]},{"players":[{"playerId":157815,"score":1809,"energy":16,"posx":8,"posy":6,"lastAction":5,"status":0},{"playerId":2248990,"score":1734,"energy":13,"posx":7,"posy":5,"lastAction":1,"status":0},{"playerId":1168092,"score":1484,"energy":33,"posx":17,"posy":8,"lastAction":4,"status":0},{"playerId":2294637,"score":1775,"energy":40,"posx":5,"posy":3,"lastAction":1,"status":0}],"golds":[{"posx":8,"posy":1,"amount":150},{"posx":19,"posy":1,"amount":150},{"posx":8,"posy":3,"amount":350},{"posx":12,"posy":3,"amount":400},{"posx":7,"posy":4,"amount":50},{"posx":8,"posy":6,"amount":300},{"posx":19,"posy":6,"amount":300},{"posx":17,"posy":8,"amount":200},{"posx":18,"posy":8,"amount":100}],"changedObstacles":[{"type":0,"posx":7,"posy":5,"value":-1}]},{"players":[{"playerId":157815,"score":1859,"energy":11,"posx":8,"posy":6,"lastAction":5,"status":0},{"playerId":2248990,"score":1734,"energy":25,"posx":7,"posy":5,"lastAction":4,"status":0},{"playerId":1168092,"score":1534,"energy":28,"posx":17,"posy":8,"lastAction":5,"status":0},{"playerId":2294637,"score":1775,"energy":35,"posx":6,"posy":3,"lastAction":1,"status":0}],"golds":[{"posx":8,"posy":1,"amount":150},{"posx":19,"posy":1,"amount":150},{"posx":8,"posy":3,"amount":350},{"posx":12,"posy":3,"amount":400},{"posx":7,"posy":4,"amount":50},{"posx":8,"posy":6,"amount":250},{"posx":19,"posy":6,"amount":300},{"posx":17,"posy":8,"amount":150},{"posx":18,"posy":8,"amount":100}],"changedObstacles":[{"type":3,"posx":6,"posy":3,"value":-20}]},{"players":[{"playerId":157815,"score":1909,"energy":6,"posx":8,"posy":6,"lastAction":5,"status":0},{"playerId":2248990,"score":1734,"energy":21,"posx":7,"posy":4,"lastAction":2,"status":0},{"playerId":1168092,"score":1584,"energy":23,"posx":17,"posy":8,"lastAction":5,"status":0},{"playerId":2294637,"score":1775,"energy":34,"posx":7,"posy":3,"lastAction":1,"status":0}],"golds":[{"posx":8,"posy":1,"amount":150},{"posx":19,"posy":1,"amount":150},{"posx":8,"posy":3,"amount":350},{"posx":12,"posy":3,"amount":400},{"posx":7,"posy":4,"amount":50},{"posx":8,"posy":6,"amount":200},{"posx":19,"posy":6,"amount":300},{"posx":17,"posy":8,"amount":100},{"posx":18,"posy":8,"amount":100}],"changedObstacles":[]},{"players":[{"playerId":157815,"score":1959,"energy":1,"posx":8,"posy":6,"lastAction":5,"status":0},{"playerId":2248990,"score":1784,"energy":16,"posx":7,"posy":4,"lastAction":5,"status":0},{"playerId":1168092,"score":1634,"energy":18,"posx":17,"posy":8,"lastAction":5,"status":0},{"playerId":2294637,"score":1775,"energy":30,"posx":8,"posy":3,"lastAction":1,"status":0}],"golds":[{"posx":8,"posy":1,"amount":150},{"posx":19,"posy":1,"amount":150},{"posx":8,"posy":3,"amount":350},{"posx":12,"posy":3,"amount":400},{"posx":8,"posy":6,"amount":150},{"posx":19,"posy":6,"amount":300},{"posx":17,"posy":8,"amount":50},{"posx":18,"posy":8,"amount":100}],"changedObstacles":[{"type":0,"posx":7,"posy":4,"value":-1}]},{"players":[{"playerId":157815,"score":1959,"energy":13,"posx":8,"posy":6,"lastAction":4,"status":0},{"playerId":2248990,"score":1784,"energy":28,"posx":7,"posy":4,"lastAction":4,"status":0},{"playerId":1168092,"score":1684,"energy":13,"posx":17,"posy":8,"lastAction":5,"status":0},{"playerId":2294637,"score":1825,"energy":25,"posx":8,"posy":3,"lastAction":5,"status":0}],"golds":[{"posx":8,"posy":1,"amount":150},{"posx":19,"posy":1,"amount":150},{"posx":8,"posy":3,"amount":300},{"posx":12,"posy":3,"amount":400},{"posx":8,"posy":6,"amount":150},{"posx":19,"posy":6,"amount":300},{"posx":18,"posy":8,"amount":100}],"changedObstacles":[{"type":0,"posx":17,"posy":8,"value":-1}]},{"players":[{"playerId":157815,"score":1959,"energy":29,"posx":8,"posy":6,"lastAction":4,"status":0},{"playerId":2248990,"score":1784,"energy":27,"posx":8,"posy":4,"lastAction":1,"status":0},{"playerId":1168092,"score":1684,"energy":9,"posx":18,"posy":8,"lastAction":1,"status":0},{"playerId":2294637,"score":1875,"energy":20,"posx":8,"posy":3,"lastAction":5,"status":0}],"golds":[{"posx":8,"posy":1,"amount":150},{"posx":19,"posy":1,"amount":150},{"posx":8,"posy":3,"amount":250},{"posx":12,"posy":3,"amount":400},{"posx":8,"posy":6,"amount":150},{"posx":19,"posy":6,"amount":300},{"posx":18,"posy":8,"amount":100}],"changedObstacles":[]},{"players":[{"playerId":157815,"score":1959,"energy":50,"posx":8,"posy":6,"lastAction":4,"status":0},{"playerId":2248990,"score":1784,"energy":23,"posx":8,"posy":3,"lastAction":2,"status":0},{"playerId":1168092,"score":1734,"energy":4,"posx":18,"posy":8,"lastAction":5,"status":0},{"playerId":2294637,"score":1925,"energy":15,"posx":8,"posy":3,"lastAction":5,"status":0}],"golds":[{"posx":8,"posy":1,"amount":150},{"posx":19,"posy":1,"amount":150},{"posx":8,"posy":3,"amount":200},{"posx":12,"posy":3,"amount":400},{"posx":8,"posy":6,"amount":150},{"posx":19,"posy":6,"amount":300},{"posx":18,"posy":8,"amount":50}],"changedObstacles":[]},{"players":[{"playerId":157815,"score":2009,"energy":45,"posx":8,"posy":6,"lastAction":5,"status":0},{"playerId":2248990,"score":1834,"energy":18,"posx":8,"posy":3,"lastAction":5,"status":0},{"playerId":1168092,"score":1734,"energy":16,"posx":18,"posy":8,"lastAction":4,"status":0},{"playerId":2294637,"score":1975,"energy":10,"posx":8,"posy":3,"lastAction":5,"status":0}],"golds":[{"posx":8,"posy":1,"amount":150},{"posx":19,"posy":1,"amount":150},{"posx":8,"posy":3,"amount":100},{"posx":12,"posy":3,"amount":400},{"posx":8,"posy":6,"amount":100},{"posx":19,"posy":6,"amount":300},{"posx":18,"posy":8,"amount":50}],"changedObstacles":[]},{"players":[{"playerId":157815,"score":2059,"energy":40,"posx":8,"posy":6,"lastAction":5,"status":0},{"playerId":2248990,"score":1884,"energy":13,"posx":8,"posy":3,"lastAction":5,"status":0},{"playerId":1168092,"score":1734,"energy":32,"posx":18,"posy":8,"lastAction":4,"status":0},{"playerId":2294637,"score":2025,"energy":5,"posx":8,"posy":3,"lastAction":5,"status":0}],"golds":[{"posx":8,"posy":1,"amount":150},{"posx":19,"posy":1,"amount":150},{"posx":12,"posy":3,"amount":400},{"posx":8,"posy":6,"amount":50},{"posx":19,"posy":6,"amount":300},{"posx":18,"posy":8,"amount":50}],"changedObstacles":[{"type":0,"posx":8,"posy":3,"value":-1}]},{"players":[{"playerId":157815,"score":2109,"energy":35,"posx":8,"posy":6,"lastAction":5,"status":0},{"playerId":2248990,"score":1884,"energy":25,"posx":8,"posy":3,"lastAction":4,"status":0},{"playerId":1168092,"score":1784,"energy":27,"posx":18,"posy":8,"lastAction":5,"status":0},{"playerId":2294637,"score":2025,"energy":17,"posx":8,"posy":3,"lastAction":4,"status":0}],"golds":[{"posx":8,"posy":1,"amount":150},{"posx":19,"posy":1,"amount":150},{"posx":12,"posy":3,"amount":400},{"posx":19,"posy":6,"amount":300}],"changedObstacles":[{"type":0,"posx":8,"posy":6,"value":-1},{"type":0,"posx":18,"posy":8,"value":-1}]},{"players":[{"playerId":157815,"score":2109,"energy":34,"posx":8,"posy":5,"lastAction":2,"status":0},{"playerId":2248990,"score":1884,"energy":24,"posx":9,"posy":3,"lastAction":1,"status":0},{"playerId":1168092,"score":1784,"energy":26,"posx":18,"posy":7,"lastAction":2,"status":0},{"playerId":2294637,"score":2025,"energy":33,"posx":8,"posy":3,"lastAction":4,"status":0}],"golds":[{"posx":8,"posy":1,"amount":150},{"posx":19,"posy":1,"amount":150},{"posx":12,"posy":3,"amount":400},{"posx":19,"posy":6,"amount":300}],"changedObstacles":[]},{"players":[{"playerId":157815,"score":2109,"energy":33,"posx":8,"posy":4,"lastAction":2,"status":0},{"playerId":2248990,"score":1884,"energy":23,"posx":10,"posy":3,"lastAction":1,"status":0},{"playerId":1168092,"score":1784,"energy":21,"posx":18,"posy":6,"lastAction":2,"status":0},{"playerId":2294637,"score":2025,"energy":50,"posx":8,"posy":3,"lastAction":4,"status":0}],"golds":[{"posx":8,"posy":1,"amount":150},{"posx":19,"posy":1,"amount":150},{"posx":12,"posy":3,"amount":400},{"posx":19,"posy":6,"amount":300}],"changedObstacles":[{"type":3,"posx":18,"posy":6,"value":-20}]},{"players":[{"playerId":157815,"score":2109,"energy":32,"posx":8,"posy":3,"lastAction":2,"status":0},{"playerId":2248990,"score":1884,"energy":22,"posx":11,"posy":3,"lastAction":1,"status":0},{"playerId":1168092,"score":1784,"energy":17,"posx":19,"posy":6,"lastAction":1,"status":0},{"playerId":2294637,"score":2025,"energy":49,"posx":9,"posy":3,"lastAction":1,"status":0}],"golds":[{"posx":8,"posy":1,"amount":150},{"posx":19,"posy":1,"amount":150},{"posx":12,"posy":3,"amount":400},{"posx":19,"posy":6,"amount":300}],"changedObstacles":[]},{"players":[{"playerId":157815,"score":2109,"energy":31,"posx":9,"posy":3,"lastAction":1,"status":0},{"playerId":2248990,"score":1884,"energy":18,"posx":12,"posy":3,"lastAction":1,"status":0},{"playerId":1168092,"score":1834,"energy":12,"posx":19,"posy":6,"lastAction":5,"status":0},{"playerId":2294637,"score":2025,"energy":48,"posx":10,"posy":3,"lastAction":1,"status":0}],"golds":[{"posx":8,"posy":1,"amount":150},{"posx":19,"posy":1,"amount":150},{"posx":12,"posy":3,"amount":400},{"posx":19,"posy":6,"amount":250}],"changedObstacles":[]},{"players":[{"playerId":157815,"score":2109,"energy":30,"posx":10,"posy":3,"lastAction":1,"status":0},{"playerId":2248990,"score":1934,"energy":13,"posx":12,"posy":3,"lastAction":5,"status":0},{"playerId":1168092,"score":1884,"energy":7,"posx":19,"posy":6,"lastAction":5,"status":0},{"playerId":2294637,"score":2025,"energy":47,"posx":11,"posy":3,"lastAction":1,"status":0}],"golds":[{"posx":8,"posy":1,"amount":150},{"posx":19,"posy":1,"amount":150},{"posx":12,"posy":3,"amount":350},{"posx":19,"posy":6,"amount":200}],"changedObstacles":[]},{"players":[{"playerId":157815,"score":2109,"energy":29,"posx":11,"posy":3,"lastAction":1,"status":0},{"playerId":2248990,"score":1984,"energy":8,"posx":12,"posy":3,"lastAction":5,"status":0},{"playerId":1168092,"score":1934,"energy":2,"posx":19,"posy":6,"lastAction":5,"status":0},{"playerId":2294637,"score":2025,"energy":43,"posx":12,"posy":3,"lastAction":1,"status":0}],"golds":[{"posx":8,"posy":1,"amount":150},{"posx":19,"posy":1,"amount":150},{"posx":12,"posy":3,"amount":300},{"posx":19,"posy":6,"amount":150}],"changedObstacles":[]},{"players":[{"playerId":157815,"score":2109,"energy":25,"posx":12,"posy":3,"lastAction":1,"status":0},{"playerId":2248990,"score":2034,"energy":3,"posx":12,"posy":3,"lastAction":5,"status":0},{"playerId":1168092,"score":1934,"energy":14,"posx":19,"posy":6,"lastAction":4,"status":0},{"playerId":2294637,"score":2075,"energy":38,"posx":12,"posy":3,"lastAction":5,"status":0}],"golds":[{"posx":8,"posy":1,"amount":150},{"posx":19,"posy":1,"amount":150},{"posx":12,"posy":3,"amount":200},{"posx":19,"posy":6,"amount":150}],"changedObstacles":[]},{"players":[{"playerId":157815,"score":2159,"energy":20,"posx":12,"posy":3,"lastAction":5,"status":0},{"playerId":2248990,"score":2034,"energy":15,"posx":12,"posy":3,"lastAction":4,"status":0},{"playerId":1168092,"score":1934,"energy":30,"posx":19,"posy":6,"lastAction":4,"status":0},{"playerId":2294637,"score":2125,"energy":33,"posx":12,"posy":3,"lastAction":5,"status":0}],"golds":[{"posx":8,"posy":1,"amount":150},{"posx":19,"posy":1,"amount":150},{"posx":12,"posy":3,"amount":100},{"posx":19,"posy":6,"amount":150}],"changedObstacles":[]},{"players":[{"playerId":157815,"score":2193,"energy":15,"posx":12,"posy":3,"lastAction":5,"status":0},{"playerId":2248990,"score":2068,"energy":10,"posx":12,"posy":3,"lastAction":5,"status":0},{"playerId":1168092,"score":1984,"energy":25,"posx":19,"posy":6,"lastAction":5,"status":0},{"playerId":2294637,"score":2159,"energy":28,"posx":12,"posy":3,"lastAction":5,"status":0}],"golds":[{"posx":8,"posy":1,"amount":150},{"posx":19,"posy":1,"amount":150},{"posx":19,"posy":6,"amount":100}],"changedObstacles":[{"type":0,"posx":12,"posy":3,"value":-1}]},{"players":[{"playerId":157815,"score":2193,"energy":14,"posx":11,"posy":3,"lastAction":0,"status":0},{"playerId":2248990,"score":2068,"energy":22,"posx":12,"posy":3,"lastAction":4,"status":0},{"playerId":1168092,"score":2034,"energy":20,"posx":19,"posy":6,"lastAction":5,"status":0},{"playerId":2294637,"score":2159,"energy":27,"posx":12,"posy":2,"lastAction":2,"status":0}],"golds":[{"posx":8,"posy":1,"amount":150},{"posx":19,"posy":1,"amount":150},{"posx":19,"posy":6,"amount":50}],"changedObstacles":[]},{"players":[{"playerId":157815,"score":2193,"energy":13,"posx":10,"posy":3,"lastAction":0,"status":0},{"playerId":2248990,"score":2068,"energy":38,"posx":12,"posy":3,"lastAction":4,"status":0},{"playerId":1168092,"score":2084,"energy":15,"posx":19,"posy":6,"lastAction":5,"status":0},{"playerId":2294637,"score":2159,"energy":26,"posx":13,"posy":2,"lastAction":1,"status":0}],"golds":[{"posx":8,"posy":1,"amount":150},{"posx":19,"posy":1,"amount":150}],"changedObstacles":[{"type":0,"posx":19,"posy":6,"value":-1}]},{"players":[{"playerId":157815,"score":2193,"energy":12,"posx":9,"posy":3,"lastAction":0,"status":0},{"playerId":2248990,"score":2068,"energy":37,"posx":12,"posy":2,"lastAction":2,"status":0},{"playerId":1168092,"score":2084,"energy":14,"posx":19,"posy":5,"lastAction":2,"status":0},{"playerId":2294637,"score":2159,"energy":25,"posx":12,"posy":2,"lastAction":0,"status":0}],"golds":[{"posx":8,"posy":1,"amount":150},{"posx":19,"posy":1,"amount":150}],"changedObstacles":[]},{"players":[{"playerId":157815,"score":2193,"energy":11,"posx":9,"posy":2,"lastAction":2,"status":0},{"playerId":2248990,"score":2068,"energy":36,"posx":12,"posy":1,"lastAction":2,"status":0},{"playerId":1168092,"score":2084,"energy":26,"posx":19,"posy":5,"lastAction":4,"status":0},{"playerId":2294637,"score":2159,"energy":15,"posx":11,"posy":2,"lastAction":0,"status":0}],"golds":[{"posx":8,"posy":1,"amount":150},{"posx":19,"posy":1,"amount":150}],"changedObstacles":[{"type":0,"posx":11,"posy":2,"value":-1}]},{"players":[{"playerId":157815,"score":2193,"energy":1,"posx":9,"posy":1,"lastAction":2,"status":0},{"playerId":2248990,"score":2068,"energy":35,"posx":13,"posy":1,"lastAction":1,"status":0},{"playerId":1168092,"score":2084,"energy":6,"posx":19,"posy":4,"lastAction":2,"status":0},{"playerId":2294637,"score":2159,"energy":5,"posx":10,"posy":2,"lastAction":0,"status":0}],"golds":[{"posx":8,"posy":1,"amount":150},{"posx":19,"posy":1,"amount":150}],"changedObstacles":[{"type":0,"posx":9,"posy":1,"value":-1},{"type":0,"posx":10,"posy":2,"value":-1}]},{"players":[{"playerId":157815,"score":2193,"energy":13,"posx":9,"posy":1,"lastAction":4,"status":0},{"playerId":2248990,"score":2068,"energy":34,"posx":14,"posy":1,"lastAction":1,"status":0},{"playerId":1168092,"score":2084,"energy":18,"posx":19,"posy":4,"lastAction":4,"status":0},{"playerId":2294637,"score":2159,"energy":17,"posx":10,"posy":2,"lastAction":4,"status":0}],"golds":[{"posx":8,"posy":1,"amount":150},{"posx":19,"posy":1,"amount":150}],"changedObstacles":[]},{"players":[{"playerId":157815,"score":2193,"energy":29,"posx":9,"posy":1,"lastAction":4,"status":0},{"playerId":2248990,"score":2068,"energy":33,"posx":15,"posy":1,"lastAction":1,"status":0},{"playerId":1168092,"score":2084,"energy":8,"posx":19,"posy":3,"lastAction":2,"status":0},{"playerId":2294637,"score":2159,"energy":33,"posx":10,"posy":2,"lastAction":4,"status":0}],"golds":[{"posx":8,"posy":1,"amount":150},{"posx":19,"posy":1,"amount":150}],"changedObstacles":[{"type":0,"posx":19,"posy":3,"value":-1}]},{"players":[{"playerId":157815,"score":2193,"energy":50,"posx":9,"posy":1,"lastAction":4,"status":0},{"playerId":2248990,"score":2068,"energy":32,"posx":16,"posy":1,"lastAction":1,"status":0},{"playerId":1168092,"score":2084,"energy":3,"posx":19,"posy":2,"lastAction":2,"status":0},{"playerId":2294637,"score":2159,"energy":50,"posx":10,"posy":2,"lastAction":4,"status":0}],"golds":[{"posx":8,"posy":1,"amount":150},{"posx":19,"posy":1,"amount":150}],"changedObstacles":[{"type":3,"posx":19,"posy":2,"value":-20}]},{"players":[{"playerId":157815,"score":2193,"energy":46,"posx":8,"posy":1,"lastAction":0,"status":0},{"playerId":2248990,"score":2068,"energy":31,"posx":17,"posy":1,"lastAction":1,"status":0},{"playerId":1168092,"score":2084,"energy":15,"posx":19,"posy":2,"lastAction":4,"status":0},{"playerId":2294637,"score":2159,"energy":50,"posx":10,"posy":2,"lastAction":4,"status":0}],"golds":[{"posx":8,"posy":1,"amount":150},{"posx":19,"posy":1,"amount":150}],"changedObstacles":[]},{"players":[{"playerId":157815,"score":2243,"energy":41,"posx":8,"posy":1,"lastAction":5,"status":0},{"playerId":2248990,"score":2068,"energy":30,"posx":18,"posy":1,"lastAction":1,"status":0},{"playerId":1168092,"score":2084,"energy":11,"posx":19,"posy":1,"lastAction":2,"status":0},{"playerId":2294637,"score":2159,"energy":50,"posx":10,"posy":2,"lastAction":4,"status":0}],"golds":[{"posx":8,"posy":1,"amount":100},{"posx":19,"posy":1,"amount":150}],"changedObstacles":[]},{"players":[{"playerId":157815,"score":2293,"energy":36,"posx":8,"posy":1,"lastAction":5,"status":0},{"playerId":2248990,"score":2068,"energy":26,"posx":19,"posy":1,"lastAction":1,"status":0},{"playerId":1168092,"score":2134,"energy":6,"posx":19,"posy":1,"lastAction":5,"status":0},{"playerId":2294637,"score":2159,"energy":50,"posx":10,"posy":2,"lastAction":4,"status":0}],"golds":[{"posx":8,"posy":1,"amount":50},{"posx":19,"posy":1,"amount":100}],"changedObstacles":[]}]