[{"players":[{"playerId":2451990,"score":0,"energy":49,"posx":4,"posy":1,"lastAction":0,"status":0},{"playerId":157815,"score":0,"energy":49,"posx":4,"posy":1,"lastAction":0,"status":0},{"playerId":2248990,"score":0,"energy":49,"posx":4,"posy":1,"lastAction":0,"status":0},{"playerId":2294637,"score":0,"energy":49,"posx":4,"posy":1,"lastAction":0,"status":0}],"golds":[{"posx":19,"posy":6,"amount":300},{"posx":1,"posy":5,"amount":500},{"posx":4,"posy":0,"amount":600},{"posx":8,"posy":1,"amount":150},{"posx":14,"posy":7,"amount":600},{"posx":0,"posy":0,"amount":650},{"posx":3,"posy":7,"amount":650},{"posx":2,"posy":4,"amount":650},{"posx":7,"posy":4,"amount":50},{"posx":4,"posy":3,"amount":500},{"posx":19,"posy":1,"amount":150},{"posx":8,"posy":3,"amount":350},{"posx":12,"posy":3,"amount":400},{"posx":2,"posy":8,"amount":250},{"posx":17,"posy":8,"amount":600},{"posx":8,"posy":6,"amount":350},{"posx":18,"posy":8,"amount":100},{"posx":2,"posy":3,"amount":650},{"posx":4,"posy":4,"amount":550},{"posx":3,"posy":5,"amount":750}],"changedObstacles":[]},{"players":[{"playerId":2451990,"score":0,"energy":39,"posx":4,"posy":2,"lastAction":3,"status":0},{"playerId":157815,"score":0,"energy":45,"posx":4,"posy":0,"lastAction":2,"status":0},{"playerId":2248990,"score":0,"energy":39,"posx":4,"posy":2,"lastAction":3,"status":0},{"playerId":2294637,"score":0,"energy":45,"posx":4,"posy":0,"lastAction":2,"status":0}],"golds":[{"posx":19,"posy":6,"amount":300},{"posx":1,"posy":5,"amount":500},{"posx":4,"posy":0,"amount":600},{"posx":8,"posy":1,"amount":150},{"posx":14,"posy":7,"amount":600},{"posx":0,"posy":0,"amount":650},{"posx":3,"posy":7,"amount":650},{"posx":2,"posy":4,"amount":650},{"posx":7,"posy":4,"amount":50},{"posx":4,"posy":3,"amount":500},{"posx":19,"posy":1,"amount":150},{"posx":8,"posy":3,"amount":350},{"posx":12,"posy":3,"amount":400},{"posx":2,"posy":8,"amount":250},{"posx":17,"posy":8,"amount":600},{"posx":8,"posy":6,"amount":350},{"posx":18,"posy":8,"amount":100},{"posx":2,"posy":3,"amount":650},{"posx":4,"posy":4,"amount":550},{"posx":3,"posy":5,"amount":750}],"changedObstacles":[{"type":0,"posx":4,"posy":2,"value":-1}]},{"players":[{"playerId":2451990,"score":0,"energy":35,"posx":4,"posy":3,"lastAction":3,"status":0},{"playerId":157815,"score":50,"energy":40,"posx":4,"posy":0,"lastAction":5,"status":0},{"playerId":2248990,"score":0,"energy":35,"posx":4,"posy":3,"lastAction":3,"status":0},{"playerId":2294637,"score":50,"energy":40,"posx":4,"posy":0,"lastAction":5,"status":0}],"golds":[{"posx":0,"posy":0,"amount":650},{"posx":4,"posy":0,"amount":500},{"posx":8,"posy":1,"amount":150},{"posx":19,"posy":1,"amount":150},{"posx":2,"posy":3,"amount":650},{"posx":4,"posy":3,"amount":500},{"posx":8,"posy":3,"amount":350},{"posx":12,"posy":3,"amount":400},{"posx":2,"posy":4,"amount":650},{"posx":4,"posy":4,"amount":550},{"posx":7,"posy":4,"amount":50},{"posx":1,"posy":5,"amount":500},{"posx":3,"posy":5,"amount":750},{"posx":8,"posy":6,"amount":350},{"posx":19,"posy":6,"amount":300},{"posx":3,"posy":7,"amount":650},{"posx":14,"posy":7,"amount":600},{"posx":2,"posy":8,"amount":250},{"posx":17,"posy":8,"amount":600},{"posx":18,"posy":8,"amount":100}],"changedObstacles":[]},{"players":[{"playerId":2451990,"score":50,"energy":30,"posx":4,"posy":3,"lastAction":5,"status":0},{"playerId":157815,"score":100,"energy":35,"posx":4,"posy":0,"lastAction":5,"status":0},{"playerId":2248990,"score":50,"energy":30,"posx":4,"posy":3,"lastAction":5,"status":0},{"playerId":2294637,"score":100,"energy":35,"posx":4,"posy":0,"lastAction":5,"status":0}],"golds":[{"posx":0,"posy":0,"amount":650},{"posx":4,"posy":0,"amount":400},{"posx":8,"posy":1,"amount":150},{"posx":19,"posy":1,"amount":150},{"posx":2,"posy":3,"amount":650},{"posx":4,"posy":3,"amount":400},{"posx":8,"posy":3,"amount":350},{"posx":12,"posy":3,"amount":400},{"posx":2,"posy":4,"amount":650},{"posx":4,"posy":4,"amount":550},{"posx":7,"posy":4,"amount":50},{"posx":1,"posy":5,"amount":500},{"posx":3,"posy":5,"amount":750},{"posx":8,"posy":6,"amount":350},{"posx":19,"posy":6,"amount":300},{"posx":3,"posy":7,"amount":650},{"posx":14,"posy":7,"amount":600},{"posx":2,"posy":8,"amount":250},{"posx":17,"posy":8,"amount":600},{"posx":18,"posy":8,"amount":100}],"changedObstacles":[]},{"players":[{"playerId":2451990,"score":100,"energy":25,"posx":4,"posy":3,"lastAction":5,"status":0},{"playerId":157815,"score":150,"energy":30,"posx":4,"posy":0,"lastAction":5,"status":0},{"playerId":2248990,"score":100,"energy":25,"posx":4,"posy":3,"lastAction":5,"status":0},{"playerId":2294637,"score":150,"energy":30,"posx":4,"posy":0,"lastAction":5,"status":0}],"golds":[{"posx":0,"posy":0,"amount":650},{"posx":4,"posy":0,"amount":300},{"posx":8,"posy":1,"amount":150},{"posx":19,"posy":1,"amount":150},{"posx":2,"posy":3,"amount":650},{"posx":4,"posy":3,"amount":300},{"posx":8,"posy":3,"amount":350},{"posx":12,"posy":3,"amount":400},{"posx":2,"posy":4,"amount":650},{"posx":4,"posy":4,"amount":550},{"posx":7,"posy":4,"amount":50},{"posx":1,"posy":5,"amount":500},{"posx":3,"posy":5,"amount":750},{"posx":8,"posy":6,"amount":350},{"posx":19,"posy":6,"amount":300},{"posx":3,"posy":7,"amount":650},{"posx":14,"posy":7,"amount":600},{"posx":2,"posy":8,"amount":250},{"posx":17,"posy":8,"amount":600},{"posx":18,"posy":8,"amount":100}],"changedObstacles":[]},{"players":[{"playerId":2451990,"score":150,"energy":20,"posx":4,"posy":3,"lastAction":5,"status":0},{"playerId":157815,"score":200,"energy":25,"posx":4,"posy":0,"lastAction":5,"status":0},{"playerId":2248990,"score":150,"energy":20,"posx":4,"posy":3,"lastAction":5,"status":0},{"playerId":2294637,"score":200,"energy":25,"posx":4,"posy":0,"lastAction":5,"status":0}],"golds":[{"posx":0,"posy":0,"amount":650},{"posx":4,"posy":0,"amount":200},{"posx":8,"posy":1,"amount":150},{"posx":19,"posy":1,"amount":150},{"posx":2,"posy":3,"amount":650},{"posx":4,"posy":3,"amount":200},{"posx":8,"posy":3,"amount":350},{"posx":12,"posy":3,"amount":400},{"posx":2,"posy":4,"amount":650},{"posx":4,"posy":4,"amount":550},{"posx":7,"posy":4,"amount":50},{"posx":1,"posy":5,"amount":500},{"posx":3,"posy":5,"amount":750},{"posx":8,"posy":6,"amount":350},{"posx":19,"posy":6,"amount":300},{"posx":3,"posy":7,"amount":650},{"posx":14,"posy":7,"amount":600},{"posx":2,"posy":8,"amount":250},{"posx":17,"posy":8,"amount":600},{"posx":18,"posy":8,"amount":100}],"changedObstacles":[]},{"players":[{"playerId":2451990,"score":200,"energy":15,"posx":4,"posy":3,"lastAction":5,"status":0},{"playerId":157815,"score":250,"energy":20,"posx":4,"posy":0,"lastAction":5,"status":0},{"playerId":2248990,"score":200,"energy":15,"posx":4,"posy":3,"lastAction":5,"status":0},{"playerId":2294637,"score":250,"energy":20,"posx":4,"posy":0,"lastAction":5,"status":0}],"golds":[{"posx":0,"posy":0,"amount":650},{"posx":4,"posy":0,"amount":100},{"posx":8,"posy":1,"amount":150},{"posx":19,"posy":1,"amount":150},{"posx":2,"posy":3,"amount":650},{"posx":4,"posy":3,"amount":100},{"posx":8,"posy":3,"amount":350},{"posx":12,"posy":3,"amount":400},{"posx":2,"posy":4,"amount":650},{"posx":4,"posy":4,"amount":550},{"posx":7,"posy":4,"amount":50},{"posx":1,"posy":5,"amount":500},{"posx":3,"posy":5,"amount":750},{"posx":8,"posy":6,"amount":350},{"posx":19,"posy":6,"amount":300},{"posx":3,"posy":7,"amount":650},{"posx":14,"posy":7,"amount":600},{"posx":2,"posy":8,"amount":250},{"posx":17,"posy":8,"amount":600},{"posx":18,"posy":8,"amount":100}],"changedObstacles":[]},{"players":[{"playerId":2451990,"score":200,"energy":11,"posx":4,"posy":4,"lastAction":3,"status":0},{"playerId":157815,"score":300,"energy":15,"posx":4,"posy":0,"lastAction":5,"status":0},{"playerId":2248990,"score":250,"energy":10,"posx":4,"posy":3,"lastAction":5,"status":0},{"playerId":2294637,"score":300,"energy":15,"posx":4,"posy":0,"lastAction":5,"status":0}],"golds":[{"posx":0,"posy":0,"amount":650},{"posx":8,"posy":1,"amount":150},{"posx":19,"posy":1,"amount":150},{"posx":2,"posy":3,"amount":650},{"posx":4,"posy":3,"amount":50},{"posx":8,"posy":3,"amount":350},{"posx":12,"posy":3,"amount":400},{"posx":2,"posy":4,"amount":650},{"posx":4,"posy":4,"amount":550},{"posx":7,"posy":4,"amount":50},{"posx":1,"posy":5,"amount":500},{"posx":3,"posy":5,"amount":750},{"posx":8,"posy":6,"amount":350},{"posx":19,"posy":6,"amount":300},{"posx":3,"posy":7,"amount":650},{"posx":14,"posy":7,"amount":600},{"posx":2,"posy":8,"amount":250},{"posx":17,"posy":8,"amount":600},{"posx":18,"posy":8,"amount":100}],"changedObstacles":[{"type":0,"posx":4,"posy":0,"value":-1}]},{"players":[{"playerId":2451990,"score":250,"energy":6,"posx":4,"posy":4,"lastAction":5,"status":0},{"playerId":157815,"score":300,"energy":14,"posx":3,"posy":0,"lastAction":0,"status":0},{"playerId":2248990,"score":250,"energy":22,"posx":4,"posy":3,"lastAction":4,"status":0},{"playerId":2294637,"score":300,"energy":14,"posx":3,"posy":0,"lastAction":0,"status":0}],"golds":[{"posx":0,"posy":0,"amount":650},{"posx":8,"posy":1,"amount":150},{"posx":19,"posy":1,"amount":150},{"posx":2,"posy":3,"amount":650},{"posx":4,"posy":3,"amount":50},{"posx":8,"posy":3,"amount":350},{"posx":12,"posy":3,"amount":400},{"posx":2,"posy":4,"amount":650},{"posx":4,"posy":4,"amount":500},{"posx":7,"posy":4,"amount":50},{"posx":1,"posy":5,"amount":500},{"posx":3,"posy":5,"amount":750},{"posx":8,"posy":6,"amount":350},{"posx":19,"posy":6,"amount":300},{"posx":3,"posy":7,"amount":650},{"posx":14,"posy":7,"amount":600},{"posx":2,"posy":8,"amount":250},{"posx":17,"posy":8,"amount":600},{"posx":18,"posy":8,"amount":100}],"changedObstacles":[]},{"players":[{"playerId":2451990,"score":300,"energy":1,"posx":4,"posy":4,"lastAction":5,"status":0},{"playerId":157815,"score":300,"energy":9,"posx":2,"posy":0,"lastAction":0,"status":0},{"playerId":2248990,"score":300,"energy":17,"posx":4,"posy":3,"lastAction":5,"status":0},{"playerId":2294637,"score":300,"energy":9,"posx":2,"posy":0,"lastAction":0,"status":0}],"golds":[{"posx":0,"posy":0,"amount":650},{"posx":8,"posy":1,"amount":150},{"posx":19,"posy":1,"amount":150},{"posx":2,"posy":3,"amount":650},{"posx":8,"posy":3,"amount":350},{"posx":12,"posy":3,"amount":400},{"posx":2,"posy":4,"amount":650},{"posx":4,"posy":4,"amount":450},{"posx":7,"posy":4,"amount":50},{"posx":1,"posy":5,"amount":500},{"posx":3,"posy":5,"amount":750},{"posx":8,"posy":6,"amount":350},{"posx":19,"posy":6,"amount":300},{"posx":3,"posy":7,"amount":650},{"posx":14,"posy":7,"amount":600},{"posx":2,"posy":8,"amount":250},{"posx":17,"posy":8,"amount":600},{"posx":18,"posy":8,"amount":100}],"changedObstacles":[{"type":3,"posx":2,"posy":0,"value":-20},{"type":0,"posx":4,"posy":3,"value":-1}]},{"players":[{"playerId":2451990,"score":300,"energy":13,"posx":4,"posy":4,"lastAction":4,"status":0},{"playerId":157815,"score":300,"energy":21,"posx":2,"posy":0,"lastAction":4,"status":0},{"playerId":2248990,"score":300,"energy":29,"posx":4,"posy":3,"lastAction":4,"status":0},{"playerId":2294637,"score":300,"energy":21,"posx":2,"posy":0,"lastAction":4,"status":0}],"golds":[{"posx":0,"posy":0,"amount":650},{"posx":8,"posy":1,"amount":150},{"posx":19,"posy":1,"amount":150},{"posx":2,"posy":3,"amount":650},{"posx":8,"posy":3,"amount":350},{"posx":12,"posy":3,"amount":400},{"posx":2,"posy":4,"amount":650},{"posx":4,"posy":4,"amount":450},{"posx":7,"posy":4,"amount":50},{"posx":1,"posy":5,"amount":500},{"posx":3,"posy":5,"amount":750},{"posx":8,"posy":6,"amount":350},{"posx":19,"posy":6,"amount":300},{"posx":3,"posy":7,"amount":650},{"posx":14,"posy":7,"amount":600},{"posx":2,"posy":8,"amount":250},{"posx":17,"posy":8,"amount":600},{"posx":18,"posy":8,"amount":100}],"changedObstacles":[]},{"players":[{"playerId":2451990,"score":300,"energy":29,"posx":4,"posy":4,"lastAction":4,"status":0},{"playerId":157815,"score":300,"energy":37,"posx":2,"posy":0,"lastAction":4,"status":0},{"playerId":2248990,"score":300,"energy":25,"posx":4,"posy":4,"lastAction":3,"status":0},{"playerId":2294637,"score":300,"energy":37,"posx":2,"posy":0,"lastAction":4,"status":0}],"golds":[{"posx":0,"posy":0,"amount":650},{"posx":8,"posy":1,"amount":150},{"posx":19,"posy":1,"amount":150},{"posx":2,"posy":3,"amount":650},{"posx":8,"posy":3,"amount":350},{"posx":12,"posy":3,"amount":400},{"posx":2,"posy":4,"amount":650},{"posx":4,"posy":4,"amount":450},{"posx":7,"posy":4,"amount":50},{"posx":1,"posy":5,"amount":500},{"posx":3,"posy":5,"amount":750},{"posx":8,"posy":6,"amount":350},{"posx":19,"posy":6,"amount":300},{"posx":3,"posy":7,"amount":650},{"posx":14,"posy":7,"amount":600},{"posx":2,"posy":8,"amount":250},{"posx":17,"posy":8,"amount":600},{"posx":18,"posy":8,"amount":100}],"changedObstacles":[]},{"players":[{"playerId":2451990,"score":350,"energy":24,"posx":4,"posy":4,"lastAction":5,"status":0},{"playerId":157815,"score":300,"energy":50,"posx":2,"posy":0,"lastAction":4,"status":0},{"playerId":2248990,"score":350,"energy":20,"posx":4,"posy":4,"lastAction":5,"status":0},{"playerId":2294637,"score":300,"energy":27,"posx":1,"posy":0,"lastAction":0,"status":0}],"golds":[{"posx":0,"posy":0,"amount":650},{"posx":8,"posy":1,"amount":150},{"posx":19,"posy":1,"amount":150},{"posx":2,"posy":3,"amount":650},{"posx":8,"posy":3,"amount":350},{"posx":12,"posy":3,"amount":400},{"posx":2,"posy":4,"amount":650},{"posx":4,"posy":4,"amount":350},{"posx":7,"posy":4,"amount":50},{"posx":1,"posy":5,"amount":500},{"posx":3,"posy":5,"amount":750},{"posx":8,"posy":6,"amount":350},{"posx":19,"posy":6,"amount":300},{"posx":3,"posy":7,"amount":650},{"posx":14,"posy":7,"amount":600},{"posx":2,"posy":8,"amount":250},{"posx":17,"posy":8,"amount":600},{"posx":18,"posy":8,"amount":100}],"changedObstacles":[{"type":0,"posx":1,"posy":0,"value":-1}]},{"players":[{"playerId":2451990,"score":400,"energy":19,"posx":4,"posy":4,"lastAction":5,"status":0},{"playerId":157815,"score":300,"energy":49,"posx":1,"posy":0,"lastAction":0,"status":0},{"playerId":2248990,"score":400,"energy":15,"posx":4,"posy":4,"lastAction":5,"status":0},{"playerId":2294637,"score":300,"energy":23,"posx":0,"posy":0,"lastAction":0,"status":0}],"golds":[{"posx":0,"posy":0,"amount":650},{"posx":8,"posy":1,"amount":150},{"posx":19,"posy":1,"amount":150},{"posx":2,"posy":3,"amount":650},{"posx":8,"posy":3,"amount":350},{"posx":12,"posy":3,"amount":400},{"posx":2,"posy":4,"amount":650},{"posx":4,"posy":4,"amount":250},{"posx":7,"posy":4,"amount":50},{"posx":1,"posy":5,"amount":500},{"posx":3,"posy":5,"amount":750},{"posx":8,"posy":6,"amount":350},{"posx":19,"posy":6,"amount":300},{"posx":3,"posy":7,"amount":650},{"posx":14,"posy":7,"amount":600},{"posx":2,"posy":8,"amount":250},{"posx":17,"posy":8,"amount":600},{"posx":18,"posy":8,"amount":100}],"changedObstacles":[]},{"players":[{"playerId":2451990,"score":450,"energy":14,"posx":4,"posy":4,"lastAction":5,"status":0},{"playerId":157815,"score":300,"energy":45,"posx":0,"posy":0,"lastAction":0,"status":0},{"playerId":2248990,"score":450,"energy":10,"posx":4,"posy":4,"lastAction":5,"status":0},{"playerId":2294637,"score":350,"energy":18,"posx":0,"posy":0,"lastAction":5,"status":0}],"golds":[{"posx":0,"posy":0,"amount":600},{"posx":8,"posy":1,"amount":150},{"posx":19,"posy":1,"amount":150},{"posx":2,"posy":3,"amount":650},{"posx":8,"posy":3,"amount":350},{"posx":12,"posy":3,"amount":400},{"posx":2,"posy":4,"amount":650},{"posx":4,"posy":4,"amount":150},{"posx":7,"posy":4,"amount":50},{"posx":1,"posy":5,"amount":500},{"posx":3,"posy":5,"amount":750},{"posx":8,"posy":6,"amount":350},{"posx":19,"posy":6,"amount":300},{"posx":3,"posy":7,"amount":650},{"posx":14,"posy":7,"amount":600},{"posx":2,"posy":8,"amount":250},{"posx":17,"posy":8,"amount":600},{"posx":18,"posy":8,"amount":100}],"changedObstacles":[]},{"players":[{"playerId":2451990,"score":500,"energy":9,"posx":4,"posy":4,"lastAction":5,"status":0},{"playerId":157815,"score":350,"energy":40,"posx":0,"posy":0,"lastAction":5,"status":0},{"playerId":2248990,"score":450,"energy":22,"posx":4,"posy":4,"lastAction":4,"status":0},{"playerId":2294637,"score":400,"energy":13,"posx":0,"posy":0,"lastAction":5,"status":0}],"golds":[{"posx":0,"posy":0,"amount":500},{"posx":8,"posy":1,"amount":150},{"posx":19,"posy":1,"amount":150},{"posx":2,"posy":3,"amount":650},{"posx":8,"posy":3,"amount":350},{"posx":12,"posy":3,"amount":400},{"posx":2,"posy":4,"amount":650},{"posx":4,"posy":4,"amount":100},{"posx":7,"posy":4,"amount":50},{"posx":1,"posy":5,"amount":500},{"posx":3,"posy":5,"amount":750},{"posx":8,"posy":6,"amount":350},{"posx":19,"posy":6,"amount":300},{"posx":3,"posy":7,"amount":650},{"posx":14,"posy":7,"amount":600},{"posx":2,"posy":8,"amount":250},{"posx":17,"posy":8,"amount":600},{"posx":18,"posy":8,"amount":100}],"changedObstacles":[]},{"players":[{"playerId":2451990,"score":550,"energy":4,"posx":4,"posy":4,"lastAction":5,"status":0},{"playerId":157815,"score":400,"energy":35,"posx":0,"posy":0,"lastAction":5,"status":0},{"playerId":2248990,"score":500,"energy":17,"posx":4,"posy":4,"lastAction":5,"status":0},{"playerId":2294637,"score":450,"energy":8,"posx":0,"posy":0,"lastAction":5,"status":0}],"golds":[{"posx":0,"posy":0,"amount":400},{"posx":8,"posy":1,"amount":150},{"posx":19,"posy":1,"amount":150},{"posx":2,"posy":3,"amount":650},{"posx":8,"posy":3,"amount":350},{"posx":12,"posy":3,"amount":400},{"posx":2,"posy":4,"amount":650},{"posx":7,"posy":4,"amount":50},{"posx":1,"posy":5,"amount":500},{"posx":3,"posy":5,"amount":750},{"posx":8,"posy":6,"amount":350},{"posx":19,"posy":6,"amount":300},{"posx":3,"posy":7,"amount":650},{"posx":14,"posy":7,"amount":600},{"posx":2,"posy":8,"amount":250},{"posx":17,"posy":8,"amount":600},{"posx":18,"posy":8,"amount":100}],"changedObstacles":[{"type":0,"posx":4,"posy":4,"value":-1}]},{"players":[{"playerId":2451990,"score":550,"energy":16,"posx":4,"posy":4,"lastAction":4,"status":0},{"playerId":157815,"score":450,"energy":30,"posx":0,"posy":0,"lastAction":5,"status":0},{"playerId":2248990,"score":500,"energy":29,"posx":4,"posy":4,"lastAction":4,"status":0},{"playerId":2294637,"score":500,"energy":3,"posx":0,"posy":0,"lastAction":5,"status":0}],"golds":[{"posx":0,"posy":0,"amount":300},{"posx":8,"posy":1,"amount":150},{"posx":19,"posy":1,"amount":150},{"posx":2,"posy":3,"amount":650},{"posx":8,"posy":3,"amount":350},{"posx":12,"posy":3,"amount":400},{"posx":2,"posy":4,"amount":650},{"posx":7,"posy":4,"amount":50},{"posx":1,"posy":5,"amount":500},{"posx":3,"posy":5,"amount":750},{"posx":8,"posy":6,"amount":350},{"posx":19,"posy":6,"amount":300},{"posx":3,"posy":7,"amount":650},{"posx":14,"posy":7,"amount":600},{"posx":2,"posy":8,"amount":250},{"posx":17,"posy":8,"amount":600},{"posx":18,"posy":8,"amount":100}],"changedObstacles":[]},{"players":[{"playerId":2451990,"score":550,"energy":32,"posx":4,"posy":4,"lastAction":4,"status":0},{"playerId":157815,"score":500,"energy":25,"posx":0,"posy":0,"lastAction":5,"status":0},{"playerId":2248990,"score":500,"energy":24,"posx":3,"posy":4,"lastAction":0,"status":0},{"playerId":2294637,"score":500,"energy":15,"posx":0,"posy":0,"lastAction":4,"status":0}],"golds":[{"posx":0,"posy":0,"amount":250},{"posx":8,"posy":1,"amount":150},{"posx":19,"posy":1,"amount":150},{"posx":2,"posy":3,"amount":650},{"posx":8,"posy":3,"amount":350},{"posx":12,"posy":3,"amount":400},{"posx":2,"posy":4,"amount":650},{"posx":7,"posy":4,"amount":50},{"posx":1,"posy":5,"amount":500},{"posx":3,"posy":5,"amount":750},{"posx":8,"posy":6,"amount":350},{"posx":19,"posy":6,"amount":300},{"posx":3,"posy":7,"amount":650},{"posx":14,"posy":7,"amount":600},{"posx":2,"posy":8,"amount":250},{"posx":17,"posy":8,"amount":600},{"posx":18,"posy":8,"amount":100}],"changedObstacles":[{"type":3,"posx":3,"posy":4,"value":-20}]},{"players":[{"playerId":2451990,"score":550,"energy":50,"posx":4,"posy":4,"lastAction":4,"status":0},{"playerId":157815,"score":550,"energy":20,"posx":0,"posy":0,"lastAction":5,"status":0},{"playerId":2248990,"score":500,"energy":20,"posx":3,"posy":5,"lastAction":3,"status":0},{"playerId":2294637,"score":550,"energy":10,"posx":0,"posy":0,"lastAction":5,"status":0}],"golds":[{"posx":0,"posy":0,"amount":150},{"posx":8,"posy":1,"amount":150},{"posx":19,"posy":1,"amount":150},{"posx":2,"posy":3,"amount":650},{"posx":8,"posy":3,"amount":350},{"posx":12,"posy":3,"amount":400},{"posx":2,"posy":4,"amount":650},{"posx":7,"posy":4,"amount":50},{"posx":1,"posy":5,"amount":500},{"posx":3,"posy":5,"amount":750},{"posx":8,"posy":6,"amount":350},{"posx":19,"posy":6,"amount":300},{"posx":3,"posy":7,"amount":650},{"posx":14,"posy":7,"amount":600},{"posx":2,"posy":8,"amount":250},{"posx":17,"posy":8,"amount":600},{"posx":18,"posy":8,"amount":100}],"changedObstacles":[]},{"players":[{"playerId":2451990,"score":550,"energy":49,"posx":5,"posy":4,"lastAction":1,"status":0},{"playerId":157815,"score":600,"energy":15,"posx":0,"posy":0,"lastAction":5,"status":0},{"playerId":2248990,"score":500,"energy":32,"posx":3,"posy":5,"lastAction":4,"status":0},{"playerId":2294637,"score":600,"energy":5,"posx":0,"posy":0,"lastAction":5,"status":0}],"golds":[{"posx":0,"posy":0,"amount":50},{"posx":8,"posy":1,"amount":150},{"posx":19,"posy":1,"amount":150},{"posx":2,"posy":3,"amount":650},{"posx":8,"posy":3,"amount":350},{"posx":12,"posy":3,"amount":400},{"posx":2,"posy":4,"amount":650},{"posx":7,"posy":4,"amount":50},{"posx":1,"posy":5,"amount":500},{"posx":3,"posy":5,"amount":750},{"posx":8,"posy":6,"amount":350},{"posx":19,"posy":6,"amount":300},{"posx":3,"posy":7,"amount":650},{"posx":14,"posy":7,"amount":600},{"posx":2,"posy":8,"amount":250},{"posx":17,"posy":8,"amount":600},{"posx":18,"posy":8,"amount":100}],"changedObstacles":[]},{"players":[{"playerId":2451990,"score":550,"energy":37,"posx":6,"posy":4,"lastAction":1,"status":0},{"playerId":157815,"score":650,"energy":10,"posx":0,"posy":0,"lastAction":5,"status":0},{"playerId":2248990,"score":550,"energy":27,"posx":3,"posy":5,"lastAction":5,"status":0},{"playerId":2294637,"score":600,"energy":17,"posx":0,"posy":0,"lastAction":4,"status":0}],"golds":[{"posx":8,"posy":1,"amount":150},{"posx":19,"posy":1,"amount":150},{"posx":2,"posy":3,"amount":650},{"posx":8,"posy":3,"amount":350},{"posx":12,"posy":3,"amount":400},{"posx":2,"posy":4,"amount":650},{"posx":7,"posy":4,"amount":50},{"posx":1,"posy":5,"amount":500},{"posx":3,"posy":5,"amount":700},{"posx":8,"posy":6,"amount":350},{"posx":19,"posy":6,"amount":300},{"posx":3,"posy":7,"amount":650},{"posx":14,"posy":7,"amount":600},{"posx":2,"posy":8,"amount":250},{"posx":17,"posy":8,"amount":600},{"posx":18,"posy":8,"amount":100}],"changedObstacles":[{"type":0,"posx":0,"posy":0,"value":-1}]},{"players":[{"playerId":2451990,"score":550,"energy":33,"posx":7,"posy":4,"lastAction":1,"status":0},{"playerId":157815,"score":650,"energy":9,"posx":1,"posy":0,"lastAction":1,"status":0},{"playerId":2248990,"score":550,"energy":27,"posx":3,"posy":5,"lastAction":5,"status":3},{"playerId":2294637,"score":600,"energy":16,"posx":0,"posy":1,"lastAction":3,"status":0}],"golds":[{"posx":8,"posy":1,"amount":150},{"posx":19,"posy":1,"amount":150},{"posx":2,"posy":3,"amount":650},{"posx":8,"posy":3,"amount":350},{"posx":12,"posy":3,"amount":400},{"posx":2,"posy":4,"amount":650},{"posx":7,"posy":4,"amount":50},{"posx":1,"posy":5,"amount":500},{"posx":3,"posy":5,"amount":700},{"posx":8,"posy":6,"amount":350},{"posx":19,"posy":6,"amount":300},{"posx":3,"posy":7,"amount":650},{"posx":14,"posy":7,"amount":600},{"posx":2,"posy":8,"amount":250},{"posx":17,"posy":8,"amount":600},{"posx":18,"posy":8,"amount":100}],"changedObstacles":[]},{"players":[{"playerId":2451990,"score":600,"energy":28,"posx":7,"posy":4,"lastAction":5,"status":0},{"playerId":157815,"score":650,"energy":8,"posx":1,"posy":1,"lastAction":3,"status":0},{"playerId":2248990,"score":550,"energy":27,"posx":3,"posy":5,"lastAction":6,"status":3},{"playerId":2294637,"score":600,"energy":15,"posx":1,"posy":1,"lastAction":1,"status":0}],"golds":[{"posx":8,"posy":1,"amount":150},{"posx":19,"posy":1,"amount":150},{"posx":2,"posy":3,"amount":650},{"posx":8,"posy":3,"amount":350},{"posx":12,"posy":3,"amount":400},{"posx":2,"posy":4,"amount":650},{"posx":1,"posy":5,"amount":500},{"posx":3,"posy":5,"amount":700},{"posx":8,"posy":6,"amount":350},{"posx":19,"posy":6,"amount":300},{"posx":3,"posy":7,"amount":650},{"posx":14,"posy":7,"amount":600},{"posx":2,"posy":8,"amount":250},{"posx":17,"posy":8,"amount":600},{"posx":18,"posy":8,"amount":100}],"changedObstacles":[{"type":0,"posx":7,"posy":4,"value":-1}]},{"players":[{"playerId":2451990,"score":600,"energy":18,"posx":7,"posy":5,"lastAction":3,"status":0},{"playerId":157815,"score":650,"energy":7,"posx":2,"posy":1,"lastAction":1,"status":0},{"playerId":2248990,"score":550,"energy":27,"posx":3,"posy":5,"lastAction":6,"status":3},{"playerId":2294637,"score":600,"energy":14,"posx":2,"posy":1,"lastAction":1,"status":0}],"golds":[{"posx":8,"posy":1,"amount":150},{"posx":19,"posy":1,"amount":150},{"posx":2,"posy":3,"amount":650},{"posx":8,"posy":3,"amount":350},{"posx":12,"posy":3,"amount":400},{"posx":2,"posy":4,"amount":650},{"posx":1,"posy":5,"amount":500},{"posx":3,"posy":5,"amount":700},{"posx":8,"posy":6,"amount":350},{"posx":19,"posy":6,"amount":300},{"posx":3,"posy":7,"amount":650},{"posx":14,"posy":7,"amount":600},{"posx":2,"posy":8,"amount":250},{"posx":17,"posy":8,"amount":600},{"posx":18,"posy":8,"amount":100}],"changedObstacles":[{"type":0,"posx":7,"posy":5,"value":-1}]},{"players":[{"playerId":2451990,"score":600,"energy":17,"posx":6,"posy":5,"lastAction":0,"status":0},{"playerId":157815,"score":650,"energy":2,"posx":2,"posy":2,"lastAction":3,"status":0},{"playerId":2248990,"score":550,"energy":27,"posx":3,"posy":5,"lastAction":6,"status":3},{"playerId":2294637,"score":600,"energy":9,"posx":2,"posy":2,"lastAction":3,"status":0}],"golds":[{"posx":8,"posy":1,"amount":150},{"posx":19,"posy":1,"amount":150},{"posx":2,"posy":3,"amount":650},{"posx":8,"posy":3,"amount":350},{"posx":12,"posy":3,"amount":400},{"posx":2,"posy":4,"amount":650},{"posx":1,"posy":5,"amount":500},{"posx":3,"posy":5,"amount":700},{"posx":8,"posy":6,"amount":350},{"posx":19,"posy":6,"amount":300},{"posx":3,"posy":7,"amount":650},{"posx":14,"posy":7,"amount":600},{"posx":2,"posy":8,"amount":250},{"posx":17,"posy":8,"amount":600},{"posx":18,"posy":8,"amount":100}],"changedObstacles":[{"type":3,"posx":2,"posy":2,"value":-20}]},{"players":[{"playerId":2451990,"score":600,"energy":16,"posx":5,"posy":5,"lastAction":0,"status":0},{"playerId":157815,"score":650,"energy":14,"posx":2,"posy":2,"lastAction":4,"status":0},{"playerId":2248990,"score":550,"energy":27,"posx":3,"posy":5,"lastAction":6,"status":3},{"playerId":2294637,"score":600,"energy":5,"posx":2,"posy":3,"lastAction":3,"status":0}],"golds":[{"posx":8,"posy":1,"amount":150},{"posx":19,"posy":1,"amount":150},{"posx":2,"posy":3,"amount":650},{"posx":8,"posy":3,"amount":350},{"posx":12,"posy":3,"amount":400},{"posx":2,"posy":4,"amount":650},{"posx":1,"posy":5,"amount":500},{"posx":3,"posy":5,"amount":700},{"posx":8,"posy":6,"amount":350},{"posx":19,"posy":6,"amount":300},{"posx":3,"posy":7,"amount":650},{"posx":14,"posy":7,"amount":600},{"posx":2,"posy":8,"amount":250},{"posx":17,"posy":8,"amount":600},{"posx":18,"posy":8,"amount":100}],"changedObstacles":[]},{"players":[{"playerId":2451990,"score":600,"energy":6,"posx":4,"posy":5,"lastAction":0,"status":0},{"playerId":157815,"score":650,"energy":30,"posx":2,"posy":2,"lastAction":4,"status":0},{"playerId":2248990,"score":550,"energy":27,"posx":3,"posy":5,"lastAction":6,"status":3},{"playerId":2294637,"score":600,"energy":17,"posx":2,"posy":3,"lastAction":4,"status":0}],"golds":[{"posx":8,"posy":1,"amount":150},{"posx":19,"posy":1,"amount":150},{"posx":2,"posy":3,"amount":650},{"posx":8,"posy":3,"amount":350},{"posx":12,"posy":3,"amount":400},{"posx":2,"posy":4,"amount":650},{"posx":1,"posy":5,"amount":500},{"posx":3,"posy":5,"amount":700},{"posx":8,"posy":6,"amount":350},{"posx":19,"posy":6,"amount":300},{"posx":3,"posy":7,"amount":650},{"posx":14,"posy":7,"amount":600},{"posx":2,"posy":8,"amount":250},{"posx":17,"posy":8,"amount":600},{"posx":18,"posy":8,"amount":100}],"changedObstacles":[{"type":0,"posx":4,"posy":5,"value":-1}]},{"players":[{"playerId":2451990,"score":600,"energy":2,"posx":3,"posy":5,"lastAction":0,"status":0},{"playerId":157815,"score":650,"energy":50,"posx":2,"posy":2,"lastAction":4,"status":0},{"playerId":2248990,"score":550,"energy":27,"posx":3,"posy":5,"lastAction":6,"status":3},{"playerId":2294637,"score":600,"energy":33,"posx":2,"posy":3,"lastAction":4,"status":0}],"golds":[{"posx":8,"posy":1,"amount":150},{"posx":19,"posy":1,"amount":150},{"posx":2,"posy":3,"amount":650},{"posx":8,"posy":3,"amount":350},{"posx":12,"posy":3,"amount":400},{"posx":2,"posy":4,"amount":650},{"posx":1,"posy":5,"amount":500},{"posx":3,"posy":5,"amount":700},{"posx":8,"posy":6,"amount":350},{"posx":19,"posy":6,"amount":300},{"posx":3,"posy":7,"amount":650},{"posx":14,"posy":7,"amount":600},{"posx":2,"posy":8,"amount":250},{"posx":17,"posy":8,"amount":600},{"posx":18,"posy":8,"amount":100}],"changedObstacles":[]},{"players":[{"playerId":2451990,"score":600,"energy":14,"posx":3,"posy":5,"lastAction":4,"status":0},{"playerId":157815,"score":650,"energy":46,"posx":2,"posy":3,"lastAction":3,"status":0},{"playerId":2248990,"score":550,"energy":27,"posx":3,"posy":5,"lastAction":6,"status":3},{"playerId":2294637,"score":600,"energy":50,"posx":2,"posy":3,"lastAction":4,"status":0}],"golds":[{"posx":8,"posy":1,"amount":150},{"posx":19,"posy":1,"amount":150},{"posx":2,"posy":3,"amount":650},{"posx":8,"posy":3,"amount":350},{"posx":12,"posy":3,"amount":400},{"posx":2,"posy":4,"amount":650},{"posx":1,"posy":5,"amount":500},{"posx":3,"posy":5,"amount":700},{"posx":8,"posy":6,"amount":350},{"posx":19,"posy":6,"amount":300},{"posx":3,"posy":7,"amount":650},{"posx":14,"posy":7,"amount":600},{"posx":2,"posy":8,"amount":250},{"posx":17,"posy":8,"amount":600},{"posx":18,"posy":8,"amount":100}],"changedObstacles":[]},{"players":[{"playerId":2451990,"score":600,"energy":30,"posx":3,"posy":5,"lastAction":4,"status":0},{"playerId":157815,"score":700,"energy":41,"posx":2,"posy":3,"lastAction":5,"status":0},{"playerId":2248990,"score":550,"energy":27,"posx":3,"posy":5,"lastAction":6,"status":3},{"playerId":2294637,"score":650,"energy":45,"posx":2,"posy":3,"lastAction":5,"status":0}],"golds":[{"posx":8,"posy":1,"amount":150},{"posx":19,"posy":1,"amount":150},{"posx":2,"posy":3,"amount":550},{"posx":8,"posy":3,"amount":350},{"posx":12,"posy":3,"amount":400},{"posx":2,"posy":4,"amount":650},{"posx":1,"posy":5,"amount":500},{"posx":3,"posy":5,"amount":700},{"posx":8,"posy":6,"amount":350},{"posx":19,"posy":6,"amount":300},{"posx":3,"posy":7,"amount":650},{"posx":14,"posy":7,"amount":600},{"posx":2,"posy":8,"amount":250},{"posx":17,"posy":8,"amount":600},{"posx":18,"posy":8,"amount":100}],"changedObstacles":[]},{"players":[{"playerId":2451990,"score":600,"energy":50,"posx":3,"posy":5,"lastAction":4,"status":0},{"playerId":157815,"score":750,"energy":36,"posx":2,"posy":3,"lastAction":5,"status":0},{"playerId":2248990,"score":550,"energy":27,"posx":3,"posy":5,"lastAction":6,"status":3},{"playerId":2294637,"score":700,"energy":40,"posx":2,"posy":3,"lastAction":5,"status":0}],"golds":[{"posx":8,"posy":1,"amount":150},{"posx":19,"posy":1,"amount":150},{"posx":2,"posy":3,"amount":450},{"posx":8,"posy":3,"amount":350},{"posx":12,"posy":3,"amount":400},{"posx":2,"posy":4,"amount":650},{"posx":1,"posy":5,"amount":500},{"posx":3,"posy":5,"amount":700},{"posx":8,"posy":6,"amount":350},{"posx":19,"posy":6,"amount":300},{"posx":3,"posy":7,"amount":650},{"posx":14,"posy":7,"amount":600},{"posx":2,"posy":8,"amount":250},{"posx":17,"posy":8,"amount":600},{"posx":18,"posy":8,"amount":100}],"changedObstacles":[]},{"players":[{"playerId":2451990,"score":650,"energy":45,"posx":3,"posy":5,"lastAction":5,"status":0},{"playerId":157815,"score":800,"energy":31,"posx":2,"posy":3,"lastAction":5,"status":0},{"playerId":2248990,"score":550,"energy":27,"posx":3,"posy":5,"lastAction":6,"status":3},{"playerId":2294637,"score":750,"energy":35,"posx":2,"posy":3,"lastAction":5,"status":0}],"golds":[{"posx":8,"posy":1,"amount":150},{"posx":19,"posy":1,"amount":150},{"posx":2,"posy":3,"amount":350},{"posx":8,"posy":3,"amount":350},{"posx":12,"posy":3,"amount":400},{"posx":2,"posy":4,"amount":650},{"posx":1,"posy":5,"amount":500},{"posx":3,"posy":5,"amount":650},{"posx":8,"posy":6,"amount":350},{"posx":19,"posy":6,"amount":300},{"posx":3,"posy":7,"amount":650},{"posx":14,"posy":7,"amount":600},{"posx":2,"posy":8,"amount":250},{"posx":17,"posy":8,"amount":600},{"posx":18,"posy":8,"amount":100}],"changedObstacles":[]},{"players":[{"playerId":2451990,"score":700,"energy":40,"posx":3,"posy":5,"lastAction":5,"status":0},{"playerId":157815,"score":850,"energy":26,"posx":2,"posy":3,"lastAction":5,"status":0},{"playerId":2248990,"score":550,"energy":27,"posx":3,"posy":5,"lastAction":6,"status":3},{"playerId":2294637,"score":800,"energy":30,"posx":2,"posy":3,"lastAction":5,"status":0}],"golds":[{"posx":8,"posy":1,"amount":150},{"posx":19,"posy":1,"amount":150},{"posx":2,"posy":3,"amount":250},{"posx":8,"posy":3,"amount":350},{"posx":12,"posy":3,"amount":400},{"posx":2,"posy":4,"amount":650},{"posx":1,"posy":5,"amount":500},{"posx":3,"posy":5,"amount":600},{"posx":8,"posy":6,"amount":350},{"posx":19,"posy":6,"amount":300},{"posx":3,"posy":7,"amount":650},{"posx":14,"posy":7,"amount":600},{"posx":2,"posy":8,"amount":250},{"posx":17,"posy":8,"amount":600},{"posx":18,"posy":8,"amount":100}],"changedObstacles":[]},{"players":[{"playerId":2451990,"score":750,"energy":35,"posx":3,"posy":5,"lastAction":5,"status":0},{"playerId":157815,"score":900,"energy":21,"posx":2,"posy":3,"lastAction":5,"status":0},{"playerId":2248990,"score":550,"energy":27,"posx":3,"posy":5,"lastAction":6,"status":3},{"playerId":2294637,"score":850,"energy":25,"posx":2,"posy":3,"lastAction":5,"status":0}],"golds":[{"posx":8,"posy":1,"amount":150},{"posx":19,"posy":1,"amount":150},{"posx":2,"posy":3,"amount":150},{"posx":8,"posy":3,"amount":350},{"posx":12,"posy":3,"amount":400},{"posx":2,"posy":4,"amount":650},{"posx":1,"posy":5,"amount":500},{"posx":3,"posy":5,"amount":550},{"posx":8,"posy":6,"amount":350},{"posx":19,"posy":6,"amount":300},{"posx":3,"posy":7,"amount":650},{"posx":14,"posy":7,"amount":600},{"posx":2,"posy":8,"amount":250},{"posx":17,"posy":8,"amount":600},{"posx":18,"posy":8,"amount":100}],"changedObstacles":[]},{"players":[{"playerId":2451990,"score":800,"energy":30,"posx":3,"posy":5,"lastAction":5,"status":0},{"playerId":157815,"score":950,"energy":16,"posx":2,"posy":3,"lastAction":5,"status":0},{"playerId":2248990,"score":550,"energy":27,"posx":3,"posy":5,"lastAction":6,"status":3},{"playerId":2294637,"score":900,"energy":20,"posx":2,"posy":3,"lastAction":5,"status":0}],"golds":[{"posx":8,"posy":1,"amount":150},{"posx":19,"posy":1,"amount":150},{"posx":2,"posy":3,"amount":50},{"posx":8,"posy":3,"amount":350},{"posx":12,"posy":3,"amount":400},{"posx":2,"posy":4,"amount":650},{"posx":1,"posy":5,"amount":500},{"posx":3,"posy":5,"amount":500},{"posx":8,"posy":6,"amount":350},{"posx":19,"posy":6,"amount":300},{"posx":3,"posy":7,"amount":650},{"posx":14,"posy":7,"amount":600},{"posx":2,"posy":8,"amount":250},{"posx":17,"posy":8,"amount":600},{"posx":18,"posy":8,"amount":100}],"changedObstacles":[]},{"players":[{"playerId":2451990,"score":850,"energy":25,"posx":3,"posy":5,"lastAction":5,"status":0},{"playerId":157815,"score":975,"energy":11,"posx":2,"posy":3,"lastAction":5,"status":0},{"playerId":2248990,"score":550,"energy":27,"posx":3,"posy":5,"lastAction":6,"status":3},{"playerId":2294637,"score":925,"energy":15,"posx":2,"posy":3,"lastAction":5,"status":0}],"golds":[{"posx":8,"posy":1,"amount":150},{"posx":19,"posy":1,"amount":150},{"posx":8,"posy":3,"amount":350},{"posx":12,"posy":3,"amount":400},{"posx":2,"posy":4,"amount":650},{"posx":1,"posy":5,"amount":500},{"posx":3,"posy":5,"amount":450},{"posx":8,"posy":6,"amount":350},{"posx":19,"posy":6,"amount":300},{"posx":3,"posy":7,"amount":650},{"posx":14,"posy":7,"amount":600},{"posx":2,"posy":8,"amount":250},{"posx":17,"posy":8,"amount":600},{"posx":18,"posy":8,"amount":100}],"changedObstacles":[{"type":0,"posx":2,"posy":3,"value":-1}]},{"players":[{"playerId":2451990,"score":900,"energy":20,"posx":3,"posy":5,"lastAction":5,"status":0},{"playerId":157815,"score":975,"energy":7,"posx":2,"posy":4,"lastAction":3,"status":0},{"playerId":2248990,"score":550,"energy":27,"posx":3,"posy":5,"lastAction":6,"status":3},{"playerId":2294637,"score":925,"energy":11,"posx":2,"posy":4,"lastAction":3,"status":0}],"golds":[{"posx":8,"posy":1,"amount":150},{"posx":19,"posy":1,"amount":150},{"posx":8,"posy":3,"amount":350},{"posx":12,"posy":3,"amount":400},{"posx":2,"posy":4,"amount":650},{"posx":1,"posy":5,"amount":500},{"posx":3,"posy":5,"amount":400},{"posx":8,"posy":6,"amount":350},{"posx":19,"posy":6,"amount":300},{"posx":3,"posy":7,"amount":650},{"posx":14,"posy":7,"amount":600},{"posx":2,"posy":8,"amount":250},{"posx":17,"posy":8,"amount":600},{"posx":18,"posy":8,"amount":100}],"changedObstacles":[]},{"players":[{"playerId":2451990,"score":950,"energy":15,"posx":3,"posy":5,"lastAction":5,"status":0},{"playerId":157815,"score":1025,"energy":2,"posx":2,"posy":4,"lastAction":5,"status":0},{"playerId":2248990,"score":550,"energy":27,"posx":3,"posy":5,"lastAction":6,"status":3},{"playerId":2294637,"score":975,"energy":6,"posx":2,"posy":4,"lastAction":5,"status":0}],"golds":[{"posx":8,"posy":1,"amount":150},{"posx":19,"posy":1,"amount":150},{"posx":8,"posy":3,"amount":350},{"posx":12,"posy":3,"amount":400},{"posx":2,"posy":4,"amount":550},{"posx":1,"posy":5,"amount":500},{"posx":3,"posy":5,"amount":350},{"posx":8,"posy":6,"amount":350},{"posx":19,"posy":6,"amount":300},{"posx":3,"posy":7,"amount":650},{"posx":14,"posy":7,"amount":600},{"posx":2,"posy":8,"amount":250},{"posx":17,"posy":8,"amount":600},{"posx":18,"posy":8,"amount":100}],"changedObstacles":[]},{"players":[{"playerId":2451990,"score":1000,"energy":10,"posx":3,"posy":5,"lastAction":5,"status":0},{"playerId":157815,"score":1025,"energy":14,"posx":2,"posy":4,"lastAction":4,"status":0},{"playerId":2248990,"score":550,"energy":27,"posx":3,"posy":5,"lastAction":6,"status":3},{"playerId":2294637,"score":975,"energy":18,"posx":2,"posy":4,"lastAction":4,"status":0}],"golds":[{"posx":8,"posy":1,"amount":150},{"posx":19,"posy":1,"amount":150},{"posx":8,"posy":3,"amount":350},{"posx":12,"posy":3,"amount":400},{"posx":2,"posy":4,"amount":550},{"posx":1,"posy":5,"amount":500},{"posx":3,"posy":5,"amount":300},{"posx":8,"posy":6,"amount":350},{"posx":19,"posy":6,"amount":300},{"posx":3,"posy":7,"amount":650},{"posx":14,"posy":7,"amount":600},{"posx":2,"posy":8,"amount":250},{"posx":17,"posy":8,"amount":600},{"posx":18,"posy":8,"amount":100}],"changedObstacles":[]},{"players":[{"playerId":2451990,"score":1050,"energy":5,"posx":3,"posy":5,"lastAction":5,"status":0},{"playerId":157815,"score":1025,"energy":30,"posx":2,"posy":4,"lastAction":4,"status":0},{"playerId":2248990,"score":550,"energy":27,"posx":3,"posy":5,"lastAction":6,"status":3},{"playerId":2294637,"score":975,"energy":34,"posx":2,"posy":4,"lastAction":4,"status":0}],"golds":[{"posx":8,"posy":1,"amount":150},{"posx":19,"posy":1,"amount":150},{"posx":8,"posy":3,"amount":350},{"posx":12,"posy":3,"amount":400},{"posx":2,"posy":4,"amount":550},{"posx":1,"posy":5,"amount":500},{"posx":3,"posy":5,"amount":250},{"posx":8,"posy":6,"amount":350},{"posx":19,"posy":6,"amount":300},{"posx":3,"posy":7,"amount":650},{"posx":14,"posy":7,"amount":600},{"posx":2,"posy":8,"amount":250},{"posx":17,"posy":8,"amount":600},{"posx":18,"posy":8,"amount":100}],"changedObstacles":[]},{"players":[{"playerId":2451990,"score":1050,"energy":17,"posx":3,"posy":5,"lastAction":4,"status":0},{"playerId":157815,"score":1075,"energy":25,"posx":2,"posy":4,"lastAction":5,"status":0},{"playerId":2248990,"score":550,"energy":27,"posx":3,"posy":5,"lastAction":6,"status":3},{"playerId":2294637,"score":975,"energy":50,"posx":2,"posy":4,"lastAction":4,"status":0}],"golds":[{"posx":8,"posy":1,"amount":150},{"posx":19,"posy":1,"amount":150},{"posx":8,"posy":3,"amount":350},{"posx":12,"posy":3,"amount":400},{"posx":2,"posy":4,"amount":500},{"posx":1,"posy":5,"amount":500},{"posx":3,"posy":5,"amount":250},{"posx":8,"posy":6,"amount":350},{"posx":19,"posy":6,"amount":300},{"posx":3,"posy":7,"amount":650},{"posx":14,"posy":7,"amount":600},{"posx":2,"posy":8,"amount":250},{"posx":17,"posy":8,"amount":600},{"posx":18,"posy":8,"amount":100}],"changedObstacles":[]},{"players":[{"playerId":2451990,"score":1050,"energy":33,"posx":3,"posy":5,"lastAction":4,"status":0},{"playerId":157815,"score":1125,"energy":20,"posx":2,"posy":4,"lastAction":5,"status":0},{"playerId":2248990,"score":550,"energy":27,"posx":3,"posy":5,"lastAction":6,"status":3},{"playerId":2294637,"score":1025,"energy":45,"posx":2,"posy":4,"lastAction":5,"status":0}],"golds":[{"posx":8,"posy":1,"amount":150},{"posx":19,"posy":1,"amount":150},{"posx":8,"posy":3,"amount":350},{"posx":12,"posy":3,"amount":400},{"posx":2,"posy":4,"amount":400},{"posx":1,"posy":5,"amount":500},{"posx":3,"posy":5,"amount":250},{"posx":8,"posy":6,"amount":350},{"posx":19,"posy":6,"amount":300},{"posx":3,"posy":7,"amount":650},{"posx":14,"posy":7,"amount":600},{"posx":2,"posy":8,"amount":250},{"posx":17,"posy":8,"amount":600},{"posx":18,"posy":8,"amount":100}],"changedObstacles":[]},{"players":[{"playerId":2451990,"score":1050,"energy":50,"posx":3,"posy":5,"lastAction":4,"status":0},{"playerId":157815,"score":1175,"energy":15,"posx":2,"posy":4,"lastAction":5,"status":0},{"playerId":2248990,"score":550,"energy":27,"posx":3,"posy":5,"lastAction":6,"status":3},{"playerId":2294637,"score":1075,"energy":40,"posx":2,"posy":4,"lastAction":5,"status":0}],"golds":[{"posx":8,"posy":1,"amount":150},{"posx":19,"posy":1,"amount":150},{"posx":8,"posy":3,"amount":350},{"posx":12,"posy":3,"amount":400},{"posx":2,"posy":4,"amount":300},{"posx":1,"posy":5,"amount":500},{"posx":3,"posy":5,"amount":250},{"posx":8,"posy":6,"amount":350},{"posx":19,"posy":6,"amount":300},{"posx":3,"posy":7,"amount":650},{"posx":14,"posy":7,"amount":600},{"posx":2,"posy":8,"amount":250},{"posx":17,"posy":8,"amount":600},{"posx":18,"posy":8,"amount":100}],"changedObstacles":[]},{"players":[{"playerId":2451990,"score":1100,"energy":45,"posx":3,"posy":5,"lastAction":5,"status":0},{"playerId":157815,"score":1225,"energy":10,"posx":2,"posy":4,"lastAction":5,"status":0},{"playerId":2248990,"score":550,"energy":27,"posx":3,"posy":5,"lastAction":6,"status":3},{"playerId":2294637,"score":1125,"energy":35,"posx":2,"posy":4,"lastAction":5,"status":0}],"golds":[{"posx":8,"posy":1,"amount":150},{"posx":19,"posy":1,"amount":150},{"posx":8,"posy":3,"amount":350},{"posx":12,"posy":3,"amount":400},{"posx":2,"posy":4,"amount":200},{"posx":1,"posy":5,"amount":500},{"posx":3,"posy":5,"amount":200},{"posx":8,"posy":6,"amount":350},{"posx":19,"posy":6,"amount":300},{"posx":3,"posy":7,"amount":650},{"posx":14,"posy":7,"amount":600},{"posx":2,"posy":8,"amount":250},{"posx":17,"posy":8,"amount":600},{"posx":18,"posy":8,"amount":100}],"changedObstacles":[]},{"players":[{"playerId":2451990,"score":1150,"energy":40,"posx":3,"posy":5,"lastAction":5,"status":0},{"playerId":157815,"score":1275,"energy":5,"posx":2,"posy":4,"lastAction":5,"status":0},{"playerId":2248990,"score":550,"energy":27,"posx":3,"posy":5,"lastAction":6,"status":3},{"playerId":2294637,"score":1175,"energy":30,"posx":2,"posy":4,"lastAction":5,"status":0}],"golds":[{"posx":8,"posy":1,"amount":150},{"posx":19,"posy":1,"amount":150},{"posx":8,"posy":3,"amount":350},{"posx":12,"posy":3,"amount":400},{"posx":2,"posy":4,"amount":100},{"posx":1,"posy":5,"amount":500},{"posx":3,"posy":5,"amount":150},{"posx":8,"posy":6,"amount":350},{"posx":19,"posy":6,"amount":300},{"posx":3,"posy":7,"amount":650},{"posx":14,"posy":7,"amount":600},{"posx":2,"posy":8,"amount":250},{"posx":17,"posy":8,"amount":600},{"posx":18,"posy":8,"amount":100}],"changedObstacles":[]},{"players":[{"playerId":2451990,"score":1200,"energy":35,"posx":3,"posy":5,"lastAction":5,"status":0},{"playerId":157815,"score":1275,"energy":17,"posx":2,"posy":4,"lastAction":4,"status":0},{"playerId":2248990,"score":550,"energy":27,"posx":3,"posy":5,"lastAction":6,"status":3},{"playerId":2294637,"score":1225,"energy":25,"posx":2,"posy":4,"lastAction":5,"status":0}],"golds":[{"posx":8,"posy":1,"amount":150},{"posx":19,"posy":1,"amount":150},{"posx":8,"posy":3,"amount":350},{"posx":12,"posy":3,"amount":400},{"posx":2,"posy":4,"amount":50},{"posx":1,"posy":5,"amount":500},{"posx":3,"posy":5,"amount":100},{"posx":8,"posy":6,"amount":350},{"posx":19,"posy":6,"amount":300},{"posx":3,"posy":7,"amount":650},{"posx":14,"posy":7,"amount":600},{"posx":2,"posy":8,"amount":250},{"posx":17,"posy":8,"amount":600},{"posx":18,"posy":8,"amount":100}],"changedObstacles":[]},{"players":[{"playerId":2451990,"score":1250,"energy":30,"posx":3,"posy":5,"lastAction":5,"status":0},{"playerId":157815,"score":1300,"energy":12,"posx":2,"posy":4,"lastAction":5,"status":0},{"playerId":2248990,"score":550,"energy":27,"posx":3,"posy":5,"lastAction":6,"status":3},{"playerId":2294637,"score":1250,"energy":20,"posx":2,"posy":4,"lastAction":5,"status":0}],"golds":[{"posx":8,"posy":1,"amount":150},{"posx":19,"posy":1,"amount":150},{"posx":8,"posy":3,"amount":350},{"posx":12,"posy":3,"amount":400},{"posx":1,"posy":5,"amount":500},{"posx":3,"posy":5,"amount":50},{"posx":8,"posy":6,"amount":350},{"posx":19,"posy":6,"amount":300},{"posx":3,"posy":7,"amount":650},{"posx":14,"posy":7,"amount":600},{"posx":2,"posy":8,"amount":250},{"posx":17,"posy":8,"amount":600},{"posx":18,"posy":8,"amount":100}],"changedObstacles":[{"type":0,"posx":2,"posy":4,"value":-1}]},{"players":[{"playerId":2451990,"score":1300,"energy":25,"posx":3,"posy":5,"lastAction":5,"status":0},{"playerId":157815,"score":1300,"energy":11,"posx":1,"posy":4,"lastAction":0,"status":0},{"playerId":2248990,"score":550,"energy":27,"posx":3,"posy":5,"lastAction":6,"status":3},{"playerId":2294637,"score":1250,"energy":19,"posx":1,"posy":4,"lastAction":0,"status":0}],"golds":[{"posx":8,"posy":1,"amount":150},{"posx":19,"posy":1,"amount":150},{"posx":8,"posy":3,"amount":350},{"posx":12,"posy":3,"amount":400},{"posx":1,"posy":5,"amount":500},{"posx":8,"posy":6,"amount":350},{"posx":19,"posy":6,"amount":300},{"posx":3,"posy":7,"amount":650},{"posx":14,"posy":7,"amount":600},{"posx":2,"posy":8,"amount":250},{"posx":17,"posy":8,"amount":600},{"posx":18,"posy":8,"amount":100}],"changedObstacles":[{"type":0,"posx":3,"posy":5,"value":-1}]},{"players":[{"playerId":2451990,"score":1300,"energy":24,"posx":3,"posy":6,"lastAction":3,"status":0},{"playerId":157815,"score":1300,"energy":7,"posx":1,"posy":5,"lastAction":3,"status":0},{"playerId":2248990,"score":550,"energy":27,"posx":3,"posy":5,"lastAction":6,"status":3},{"playerId":2294637,"score":1250,"energy":15,"posx":1,"posy":5,"lastAction":3,"status":0}],"golds":[{"posx":8,"posy":1,"amount":150},{"posx":19,"posy":1,"amount":150},{"posx":8,"posy":3,"amount":350},{"posx":12,"posy":3,"amount":400},{"posx":1,"posy":5,"amount":500},{"posx":8,"posy":6,"amount":350},{"posx":19,"posy":6,"amount":300},{"posx":3,"posy":7,"amount":650},{"posx":14,"posy":7,"amount":600},{"posx":2,"posy":8,"amount":250},{"posx":17,"posy":8,"amount":600},{"posx":18,"posy":8,"amount":100}],"changedObstacles":[]},{"players":[{"playerId":2451990,"score":1300,"energy":20,"posx":3,"posy":7,"lastAction":3,"status":0},{"playerId":157815,"score":1350,"energy":2,"posx":1,"posy":5,"lastAction":5,"status":0},{"playerId":2248990,"score":550,"energy":27,"posx":3,"posy":5,"lastAction":6,"status":3},{"playerId":2294637,"score":1300,"energy":10,"posx":1,"posy":5,"lastAction":5,"status":0}],"golds":[{"posx":8,"posy":1,"amount":150},{"posx":19,"posy":1,"amount":150},{"posx":8,"posy":3,"amount":350},{"posx":12,"posy":3,"amount":400},{"posx":1,"posy":5,"amount":400},{"posx":8,"posy":6,"amount":350},{"posx":19,"posy":6,"amount":300},{"posx":3,"posy":7,"amount":650},{"posx":14,"posy":7,"amount":600},{"posx":2,"posy":8,"amount":250},{"posx":17,"posy":8,"amount":600},{"posx":18,"posy":8,"amount":100}],"changedObstacles":[]},{"players":[{"playerId":2451990,"score":1350,"energy":15,"posx":3,"posy":7,"lastAction":5,"status":0},{"playerId":157815,"score":1350,"energy":14,"posx":1,"posy":5,"lastAction":4,"status":0},{"playerId":2248990,"score":550,"energy":27,"posx":3,"posy":5,"lastAction":6,"status":3},{"playerId":2294637,"score":1350,"energy":5,"posx":1,"posy":5,"lastAction":5,"status":0}],"golds":[{"posx":8,"posy":1,"amount":150},{"posx":19,"posy":1,"amount":150},{"posx":8,"posy":3,"amount":350},{"posx":12,"posy":3,"amount":400},{"posx":1,"posy":5,"amount":350},{"posx":8,"posy":6,"amount":350},{"posx":19,"posy":6,"amount":300},{"posx":3,"posy":7,"amount":600},{"posx":14,"posy":7,"amount":600},{"posx":2,"posy":8,"amount":250},{"posx":17,"posy":8,"amount":600},{"posx":18,"posy":8,"amount":100}],"changedObstacles":[]},{"players":[{"playerId":2451990,"score":1400,"energy":10,"posx":3,"posy":7,"lastAction":5,"status":0},{"playerId":157815,"score":1350,"energy":30,"posx":1,"posy":5,"lastAction":4,"status":0},{"playerId":2248990,"score":550,"energy":27,"posx":3,"posy":5,"lastAction":6,"status":3},{"playerId":2294637,"score":1350,"energy":17,"posx":1,"posy":5,"lastAction":4,"status":0}],"golds":[{"posx":8,"posy":1,"amount":150},{"posx":19,"posy":1,"amount":150},{"posx":8,"posy":3,"amount":350},{"posx":12,"posy":3,"amount":400},{"posx":1,"posy":5,"amount":350},{"posx":8,"posy":6,"amount":350},{"posx":19,"posy":6,"amount":300},{"posx":3,"posy":7,"amount":550},{"posx":14,"posy":7,"amount":600},{"posx":2,"posy":8,"amount":250},{"posx":17,"posy":8,"amount":600},{"posx":18,"posy":8,"amount":100}],"changedObstacles":[]},{"players":[{"playerId":2451990,"score":1450,"energy":5,"posx":3,"posy":7,"lastAction":5,"status":0},{"playerId":157815,"score":1400,"energy":25,"posx":1,"posy":5,"lastAction":5,"status":0},{"playerId":2248990,"score":550,"energy":27,"posx":3,"posy":5,"lastAction":6,"status":3},{"playerId":2294637,"score":1400,"energy":12,"posx":1,"posy":5,"lastAction":5,"status":0}],"golds":[{"posx":8,"posy":1,"amount":150},{"posx":19,"posy":1,"amount":150},{"posx":8,"posy":3,"amount":350},{"posx":12,"posy":3,"amount":400},{"posx":1,"posy":5,"amount":250},{"posx":8,"posy":6,"amount":350},{"posx":19,"posy":6,"amount":300},{"posx":3,"posy":7,"amount":500},{"posx":14,"posy":7,"amount":600},{"posx":2,"posy":8,"amount":250},{"posx":17,"posy":8,"amount":600},{"posx":18,"posy":8,"amount":100}],"changedObstacles":[]},{"players":[{"playerId":2451990,"score":1450,"energy":17,"posx":3,"posy":7,"lastAction":4,"status":0},{"playerId":157815,"score":1450,"energy":20,"posx":1,"posy":5,"lastAction":5,"status":0},{"playerId":2248990,"score":550,"energy":27,"posx":3,"posy":5,"lastAction":6,"status":3},{"playerId":2294637,"score":1450,"energy":7,"posx":1,"posy":5,"lastAction":5,"status":0}],"golds":[{"posx":8,"posy":1,"amount":150},{"posx":19,"posy":1,"amount":150},{"posx":8,"posy":3,"amount":350},{"posx":12,"posy":3,"amount":400},{"posx":1,"posy":5,"amount":150},{"posx":8,"posy":6,"amount":350},{"posx":19,"posy":6,"amount":300},{"posx":3,"posy":7,"amount":500},{"posx":14,"posy":7,"amount":600},{"posx":2,"posy":8,"amount":250},{"posx":17,"posy":8,"amount":600},{"posx":18,"posy":8,"amount":100}],"changedObstacles":[]},{"players":[{"playerId":2451990,"score":1450,"energy":33,"posx":3,"posy":7,"lastAction":4,"status":0},{"playerId":157815,"score":1500,"energy":15,"posx":1,"posy":5,"lastAction":5,"status":0},{"playerId":2248990,"score":550,"energy":27,"posx":3,"posy":5,"lastAction":6,"status":3},{"playerId":2294637,"score":1500,"energy":2,"posx":1,"posy":5,"lastAction":5,"status":0}],"golds":[{"posx":8,"posy":1,"amount":150},{"posx":19,"posy":1,"amount":150},{"posx":8,"posy":3,"amount":350},{"posx":12,"posy":3,"amount":400},{"posx":1,"posy":5,"amount":50},{"posx":8,"posy":6,"amount":350},{"posx":19,"posy":6,"amount":300},{"posx":3,"posy":7,"amount":500},{"posx":14,"posy":7,"amount":600},{"posx":2,"posy":8,"amount":250},{"posx":17,"posy":8,"amount":600},{"posx":18,"posy":8,"amount":100}],"changedObstacles":[]},{"players":[{"playerId":2451990,"score":1450,"energy":50,"posx":3,"posy":7,"lastAction":4,"status":0},{"playerId":157815,"score":1550,"energy":10,"posx":1,"posy":5,"lastAction":5,"status":0},{"playerId":2248990,"score":550,"energy":27,"posx":3,"posy":5,"lastAction":6,"status":3},{"playerId":2294637,"score":1500,"energy":14,"posx":1,"posy":5,"lastAction":4,"status":0}],"golds":[{"posx":8,"posy":1,"amount":150},{"posx":19,"posy":1,"amount":150},{"posx":8,"posy":3,"amount":350},{"posx":12,"posy":3,"amount":400},{"posx":8,"posy":6,"amount":350},{"posx":19,"posy":6,"amount":300},{"posx":3,"posy":7,"amount":500},{"posx":14,"posy":7,"amount":600},{"posx":2,"posy":8,"amount":250},{"posx":17,"posy":8,"amount":600},{"posx":18,"posy":8,"amount":100}],"changedObstacles":[{"type":0,"posx":1,"posy":5,"value":-1}]},{"players":[{"playerId":2451990,"score":1500,"energy":45,"posx":3,"posy":7,"lastAction":5,"status":0},{"playerId":157815,"score":1550,"energy":5,"posx":2,"posy":5,"lastAction":1,"status":0},{"playerId":2248990,"score":550,"energy":27,"posx":3,"posy":5,"lastAction":6,"status":3},{"playerId":2294637,"score":1500,"energy":9,"posx":2,"posy":5,"lastAction":1,"status":0}],"golds":[{"posx":8,"posy":1,"amount":150},{"posx":19,"posy":1,"amount":150},{"posx":8,"posy":3,"amount":350},{"posx":12,"posy":3,"amount":400},{"posx":8,"posy":6,"amount":350},{"posx":19,"posy":6,"amount":300},{"posx":3,"posy":7,"amount":450},{"posx":14,"posy":7,"amount":600},{"posx":2,"posy":8,"amount":250},{"posx":17,"posy":8,"amount":600},{"posx":18,"posy":8,"amount":100}],"changedObstacles":[{"type":3,"posx":2,"posy":5,"value":-20}]},{"players":[{"playerId":2451990,"score":1550,"energy":40,"posx":3,"posy":7,"lastAction":5,"status":0},{"playerId":157815,"score":1550,"energy":4,"posx":3,"posy":5,"lastAction":1,"status":0},{"playerId":2248990,"score":550,"energy":27,"posx":3,"posy":5,"lastAction":6,"status":3},{"playerId":2294637,"score":1500,"energy":8,"posx":3,"posy":5,"lastAction":1,"status":0}],"golds":[{"posx":8,"posy":1,"amount":150},{"posx":19,"posy":1,"amount":150},{"posx":8,"posy":3,"amount":350},{"posx":12,"posy":3,"amount":400},{"posx":8,"posy":6,"amount":350},{"posx":19,"posy":6,"amount":300},{"posx":3,"posy":7,"amount":400},{"posx":14,"posy":7,"amount":600},{"posx":2,"posy":8,"amount":250},{"posx":17,"posy":8,"amount":600},{"posx":18,"posy":8,"amount":100}],"changedObstacles":[]},{"players":[{"playerId":2451990,"score":1600,"energy":35,"posx":3,"posy":7,"lastAction":5,"status":0},{"playerId":157815,"score":1550,"energy":3,"posx":3,"posy":6,"lastAction":3,"status":0},{"playerId":2248990,"score":550,"energy":27,"posx":3,"posy":5,"lastAction":6,"status":3},{"playerId":2294637,"score":1500,"energy":20,"posx":3,"posy":5,"lastAction":4,"status":0}],"golds":[{"posx":8,"posy":1,"amount":150},{"posx":19,"posy":1,"amount":150},{"posx":8,"posy":3,"amount":350},{"posx":12,"posy":3,"amount":400},{"posx":8,"posy":6,"amount":350},{"posx":19,"posy":6,"amount":300},{"posx":3,"posy":7,"amount":350},{"posx":14,"posy":7,"amount":600},{"posx":2,"posy":8,"amount":250},{"posx":17,"posy":8,"amount":600},{"posx":18,"posy":8,"amount":100}],"changedObstacles":[]},{"players":[{"playerId":2451990,"score":1650,"energy":30,"posx":3,"posy":7,"lastAction":5,"status":0},{"playerId":157815,"score":1550,"energy":15,"posx":3,"posy":6,"lastAction":4,"status":0},{"playerId":2248990,"score":550,"energy":27,"posx":3,"posy":5,"lastAction":6,"status":3},{"playerId":2294637,"score":1500,"energy":36,"posx":3,"posy":5,"lastAction":4,"status":0}],"golds":[{"posx":8,"posy":1,"amount":150},{"posx":19,"posy":1,"amount":150},{"posx":8,"posy":3,"amount":350},{"posx":12,"posy":3,"amount":400},{"posx":8,"posy":6,"amount":350},{"posx":19,"posy":6,"amount":300},{"posx":3,"posy":7,"amount":300},{"posx":14,"posy":7,"amount":600},{"posx":2,"posy":8,"amount":250},{"posx":17,"posy":8,"amount":600},{"posx":18,"posy":8,"amount":100}],"changedObstacles":[]},{"players":[{"playerId":2451990,"score":1700,"energy":25,"posx":3,"posy":7,"lastAction":5,"status":0},{"playerId":157815,"score":1550,"energy":31,"posx":3,"posy":6,"lastAction":4,"status":0},{"playerId":2248990,"score":550,"energy":27,"posx":3,"posy":5,"lastAction":6,"status":3},{"playerId":2294637,"score":1500,"energy":50,"posx":3,"posy":5,"lastAction":4,"status":0}],"golds":[{"posx":8,"posy":1,"amount":150},{"posx":19,"posy":1,"amount":150},{"posx":8,"posy":3,"amount":350},{"posx":12,"posy":3,"amount":400},{"posx":8,"posy":6,"amount":350},{"posx":19,"posy":6,"amount":300},{"posx":3,"posy":7,"amount":250},{"posx":14,"posy":7,"amount":600},{"posx":2,"posy":8,"amount":250},{"posx":17,"posy":8,"amount":600},{"posx":18,"posy":8,"amount":100}],"changedObstacles":[]},{"players":[{"playerId":2451990,"score":1750,"energy":20,"posx":3,"posy":7,"lastAction":5,"status":0},{"playerId":157815,"score":1550,"energy":50,"posx":3,"posy":6,"lastAction":4,"status":0},{"playerId":2248990,"score":550,"energy":27,"posx":3,"posy":5,"lastAction":6,"status":3},{"playerId":2294637,"score":1500,"energy":49,"posx":4,"posy":5,"lastAction":1,"status":0}],"golds":[{"posx":8,"posy":1,"amount":150},{"posx":19,"posy":1,"amount":150},{"posx":8,"posy":3,"amount":350},{"posx":12,"posy":3,"amount":400},{"posx":8,"posy":6,"amount":350},{"posx":19,"posy":6,"amount":300},{"posx":3,"posy":7,"amount":200},{"posx":14,"posy":7,"amount":600},{"posx":2,"posy":8,"amount":250},{"posx":17,"posy":8,"amount":600},{"posx":18,"posy":8,"amount":100}],"changedObstacles":[]},{"players":[{"playerId":2451990,"score":1800,"energy":15,"posx":3,"posy":7,"lastAction":5,"status":0},{"playerId":157815,"score":1550,"energy":46,"posx":3,"posy":7,"lastAction":3,"status":0},{"playerId":2248990,"score":550,"energy":27,"posx":3,"posy":5,"lastAction":6,"status":3},{"playerId":2294637,"score":1500,"energy":48,"posx":5,"posy":5,"lastAction":1,"status":0}],"golds":[{"posx":8,"posy":1,"amount":150},{"posx":19,"posy":1,"amount":150},{"posx":8,"posy":3,"amount":350},{"posx":12,"posy":3,"amount":400},{"posx":8,"posy":6,"amount":350},{"posx":19,"posy":6,"amount":300},{"posx":3,"posy":7,"amount":150},{"posx":14,"posy":7,"amount":600},{"posx":2,"posy":8,"amount":250},{"posx":17,"posy":8,"amount":600},{"posx":18,"posy":8,"amount":100}],"changedObstacles":[]},{"players":[{"playerId":2451990,"score":1850,"energy":10,"posx":3,"posy":7,"lastAction":5,"status":0},{"playerId":157815,"score":1600,"energy":41,"posx":3,"posy":7,"lastAction":5,"status":0},{"playerId":2248990,"score":550,"energy":27,"posx":3,"posy":5,"lastAction":6,"status":3},{"playerId":2294637,"score":1500,"energy":47,"posx":6,"posy":5,"lastAction":1,"status":0}],"golds":[{"posx":8,"posy":1,"amount":150},{"posx":19,"posy":1,"amount":150},{"posx":8,"posy":3,"amount":350},{"posx":12,"posy":3,"amount":400},{"posx":8,"posy":6,"amount":350},{"posx":19,"posy":6,"amount":300},{"posx":3,"posy":7,"amount":50},{"posx":14,"posy":7,"amount":600},{"posx":2,"posy":8,"amount":250},{"posx":17,"posy":8,"amount":600},{"posx":18,"posy":8,"amount":100}],"changedObstacles":[]},{"players":[{"playerId":2451990,"score":1875,"energy":5,"posx":3,"posy":7,"lastAction":5,"status":0},{"playerId":157815,"score":1625,"energy":36,"posx":3,"posy":7,"lastAction":5,"status":0},{"playerId":2248990,"score":550,"energy":27,"posx":3,"posy":5,"lastAction":6,"status":3},{"playerId":2294637,"score":1500,"energy":46,"posx":7,"posy":5,"lastAction":1,"status":0}],"golds":[{"posx":8,"posy":1,"amount":150},{"posx":19,"posy":1,"amount":150},{"posx":8,"posy":3,"amount":350},{"posx":12,"posy":3,"amount":400},{"posx":8,"posy":6,"amount":350},{"posx":19,"posy":6,"amount":300},{"posx":14,"posy":7,"amount":600},{"posx":2,"posy":8,"amount":250},{"posx":17,"posy":8,"amount":600},{"posx":18,"posy":8,"amount":100}],"changedObstacles":[{"type":0,"posx":3,"posy":7,"value":-1}]},{"players":[{"playerId":2451990,"score":1875,"energy":17,"posx":3,"posy":7,"lastAction":4,"status":0},{"playerId":157815,"score":1625,"energy":35,"posx":2,"posy":7,"lastAction":0,"status":0},{"playerId":2248990,"score":550,"energy":27,"posx":3,"posy":5,"lastAction":6,"status":3},{"playerId":2294637,"score":1500,"energy":45,"posx":7,"posy":4,"lastAction":2,"status":0}],"golds":[{"posx":8,"posy":1,"amount":150},{"posx":19,"posy":1,"amount":150},{"posx":8,"posy":3,"amount":350},{"posx":12,"posy":3,"amount":400},{"posx":8,"posy":6,"amount":350},{"posx":19,"posy":6,"amount":300},{"posx":14,"posy":7,"amount":600},{"posx":2,"posy":8,"amount":250},{"posx":17,"posy":8,"amount":600},{"posx":18,"posy":8,"amount":100}],"changedObstacles":[]},{"players":[{"playerId":2451990,"score":1875,"energy":33,"posx":3,"posy":7,"lastAction":4,"status":0},{"playerId":157815,"score":1625,"energy":31,"posx":2,"posy":8,"lastAction":3,"status":0},{"playerId":2248990,"score":550,"energy":27,"posx":3,"posy":5,"lastAction":6,"status":3},{"playerId":2294637,"score":1500,"energy":44,"posx":7,"posy":3,"lastAction":2,"status":0}],"golds":[{"posx":8,"posy":1,"amount":150},{"posx":19,"posy":1,"amount":150},{"posx":8,"posy":3,"amount":350},{"posx":12,"posy":3,"amount":400},{"posx":8,"posy":6,"amount":350},{"posx":19,"posy":6,"amount":300},{"posx":14,"posy":7,"amount":600},{"posx":2,"posy":8,"amount":250},{"posx":17,"posy":8,"amount":600},{"posx":18,"posy":8,"amount":100}],"changedObstacles":[]},{"players":[{"playerId":2451990,"score":1875,"energy":50,"posx":3,"posy":7,"lastAction":4,"status":0},{"playerId":157815,"score":1675,"energy":26,"posx":2,"posy":8,"lastAction":5,"status":0},{"playerId":2248990,"score":550,"energy":27,"posx":3,"posy":5,"lastAction":6,"status":3},{"playerId":2294637,"score":1500,"energy":40,"posx":8,"posy":3,"lastAction":1,"status":0}],"golds":[{"posx":8,"posy":1,"amount":150},{"posx":19,"posy":1,"amount":150},{"posx":8,"posy":3,"amount":350},{"posx":12,"posy":3,"amount":400},{"posx":8,"posy":6,"amount":350},{"posx":19,"posy":6,"amount":300},{"posx":14,"posy":7,"amount":600},{"posx":2,"posy":8,"amount":200},{"posx":17,"posy":8,"amount":600},{"posx":18,"posy":8,"amount":100}],"changedObstacles":[]},{"players":[{"playerId":2451990,"score":1875,"energy":40,"posx":4,"posy":7,"lastAction":1,"status":0},{"playerId":157815,"score":1725,"energy":21,"posx":2,"posy":8,"lastAction":5,"status":0},{"playerId":2248990,"score":550,"energy":27,"posx":3,"posy":5,"lastAction":6,"status":3},{"playerId":2294637,"score":1550,"energy":35,"posx":8,"posy":3,"lastAction":5,"status":0}],"golds":[{"posx":8,"posy":1,"amount":150},{"posx":19,"posy":1,"amount":150},{"posx":8,"posy":3,"amount":300},{"posx":12,"posy":3,"amount":400},{"posx":8,"posy":6,"amount":350},{"posx":19,"posy":6,"amount":300},{"posx":14,"posy":7,"amount":600},{"posx":2,"posy":8,"amount":150},{"posx":17,"posy":8,"amount":600},{"posx":18,"posy":8,"amount":100}],"changedObstacles":[{"type":0,"posx":4,"posy":7,"value":-1}]},{"players":[{"playerId":2451990,"score":1875,"energy":39,"posx":5,"posy":7,"lastAction":1,"status":0},{"playerId":157815,"score":1775,"energy":16,"posx":2,"posy":8,"lastAction":5,"status":0},{"playerId":2248990,"score":550,"energy":27,"posx":3,"posy":5,"lastAction":6,"status":3},{"playerId":2294637,"score":1600,"energy":30,"posx":8,"posy":3,"lastAction":5,"status":0}],"golds":[{"posx":8,"posy":1,"amount":150},{"posx":19,"posy":1,"amount":150},{"posx":8,"posy":3,"amount":250},{"posx":12,"posy":3,"amount":400},{"posx":8,"posy":6,"amount":350},{"posx":19,"posy":6,"amount":300},{"posx":14,"posy":7,"amount":600},{"posx":2,"posy":8,"amount":100},{"posx":17,"posy":8,"amount":600},{"posx":18,"posy":8,"amount":100}],"changedObstacles":[]},{"players":[{"playerId":2451990,"score":1875,"energy":23,"posx":6,"posy":7,"lastAction":1,"status":0},{"playerId":157815,"score":1825,"energy":11,"posx":2,"posy":8,"lastAction":5,"status":0},{"playerId":2248990,"score":550,"energy":27,"posx":3,"posy":5,"lastAction":6,"status":3},{"playerId":2294637,"score":1650,"energy":25,"posx":8,"posy":3,"lastAction":5,"status":0}],"golds":[{"posx":8,"posy":1,"amount":150},{"posx":19,"posy":1,"amount":150},{"posx":8,"posy":3,"amount":200},{"posx":12,"posy":3,"amount":400},{"posx":8,"posy":6,"amount":350},{"posx":19,"posy":6,"amount":300},{"posx":14,"posy":7,"amount":600},{"posx":2,"posy":8,"amount":50},{"posx":17,"posy":8,"amount":600},{"posx":18,"posy":8,"amount":100}],"changedObstacles":[]},{"players":[{"playerId":2451990,"score":1875,"energy":22,"posx":7,"posy":7,"lastAction":1,"status":0},{"playerId":157815,"score":1875,"energy":6,"posx":2,"posy":8,"lastAction":5,"status":0},{"playerId":2248990,"score":550,"energy":27,"posx":3,"posy":5,"lastAction":6,"status":3},{"playerId":2294637,"score":1700,"energy":20,"posx":8,"posy":3,"lastAction":5,"status":0}],"golds":[{"posx":8,"posy":1,"amount":150},{"posx":19,"posy":1,"amount":150},{"posx":8,"posy":3,"amount":150},{"posx":12,"posy":3,"amount":400},{"posx":8,"posy":6,"amount":350},{"posx":19,"posy":6,"amount":300},{"posx":14,"posy":7,"amount":600},{"posx":17,"posy":8,"amount":600},{"posx":18,"posy":8,"amount":100}],"changedObstacles":[{"type":0,"posx":2,"posy":8,"value":-1}]},{"players":[{"playerId":2451990,"score":1875,"energy":11,"posx":8,"posy":7,"lastAction":1,"status":0},{"playerId":157815,"score":1875,"energy":5,"posx":3,"posy":8,"lastAction":1,"status":0},{"playerId":2248990,"score":550,"energy":27,"posx":3,"posy":5,"lastAction":6,"status":3},{"playerId":2294637,"score":1750,"energy":15,"posx":8,"posy":3,"lastAction":5,"status":0}],"golds":[{"posx":8,"posy":1,"amount":150},{"posx":19,"posy":1,"amount":150},{"posx":8,"posy":3,"amount":100},{"posx":12,"posy":3,"amount":400},{"posx":8,"posy":6,"amount":350},{"posx":19,"posy":6,"amount":300},{"posx":14,"posy":7,"amount":600},{"posx":17,"posy":8,"amount":600},{"posx":18,"posy":8,"amount":100}],"changedObstacles":[]},{"players":[{"playerId":2451990,"score":1875,"energy":10,"posx":9,"posy":7,"lastAction":1,"status":0},{"playerId":157815,"score":1875,"energy":4,"posx":3,"posy":7,"lastAction":2,"status":0},{"playerId":2248990,"score":550,"energy":27,"posx":3,"posy":5,"lastAction":6,"status":3},{"playerId":2294637,"score":1800,"energy":10,"posx":8,"posy":3,"lastAction":5,"status":0}],"golds":[{"posx":8,"posy":1,"amount":150},{"posx":19,"posy":1,"amount":150},{"posx":8,"posy":3,"amount":50},{"posx":12,"posy":3,"amount":400},{"posx":8,"posy":6,"amount":350},{"posx":19,"posy":6,"amount":300},{"posx":14,"posy":7,"amount":600},{"posx":17,"posy":8,"amount":600},{"posx":18,"posy":8,"amount":100}],"changedObstacles":[]},{"players":[{"playerId":2451990,"score":1875,"energy":9,"posx":10,"posy":7,"lastAction":1,"status":0},{"playerId":157815,"score":1875,"energy":3,"posx":4,"posy":7,"lastAction":1,"status":0},{"playerId":2248990,"score":550,"energy":27,"posx":3,"posy":5,"lastAction":6,"status":3},{"playerId":2294637,"score":1850,"energy":5,"posx":8,"posy":3,"lastAction":5,"status":0}],"golds":[{"posx":8,"posy":1,"amount":150},{"posx":19,"posy":1,"amount":150},{"posx":12,"posy":3,"amount":400},{"posx":8,"posy":6,"amount":350},{"posx":19,"posy":6,"amount":300},{"posx":14,"posy":7,"amount":600},{"posx":17,"posy":8,"amount":600},{"posx":18,"posy":8,"amount":100}],"changedObstacles":[{"type":0,"posx":8,"posy":3,"value":-1}]},{"players":[{"playerId":2451990,"score":1875,"energy":4,"posx":11,"posy":7,"lastAction":1,"status":0},{"playerId":157815,"score":1875,"energy":2,"posx":5,"posy":7,"lastAction":1,"status":0},{"playerId":2248990,"score":550,"energy":27,"posx":3,"posy":5,"lastAction":6,"status":3},{"playerId":2294637,"score":1850,"energy":17,"posx":8,"posy":3,"lastAction":4,"status":0}],"golds":[{"posx":8,"posy":1,"amount":150},{"posx":19,"posy":1,"amount":150},{"posx":12,"posy":3,"amount":400},{"posx":8,"posy":6,"amount":350},{"posx":19,"posy":6,"amount":300},{"posx":14,"posy":7,"amount":600},{"posx":17,"posy":8,"amount":600},{"posx":18,"posy":8,"amount":100}],"changedObstacles":[{"type":3,"posx":11,"posy":7,"value":-20}]},{"players":[{"playerId":2451990,"score":1875,"energy":3,"posx":12,"posy":7,"lastAction":1,"status":0},{"playerId":157815,"score":1875,"energy":1,"posx":5,"posy":6,"lastAction":2,"status":0},{"playerId":2248990,"score":550,"energy":27,"posx":3,"posy":5,"lastAction":6,"status":3},{"playerId":2294637,"score":1850,"energy":33,"posx":8,"posy":3,"lastAction":4,"status":0}],"golds":[{"posx":8,"posy":1,"amount":150},{"posx":19,"posy":1,"amount":150},{"posx":12,"posy":3,"amount":400},{"posx":8,"posy":6,"amount":350},{"posx":19,"posy":6,"amount":300},{"posx":14,"posy":7,"amount":600},{"posx":17,"posy":8,"amount":600},{"posx":18,"posy":8,"amount":100}],"changedObstacles":[]},{"players":[{"playerId":2451990,"score":1875,"energy":2,"posx":13,"posy":7,"lastAction":1,"status":0},{"playerId":157815,"score":1875,"energy":13,"posx":5,"posy":6,"lastAction":4,"status":0},{"playerId":2248990,"score":550,"energy":27,"posx":3,"posy":5,"lastAction":6,"status":3},{"playerId":2294637,"score":1850,"energy":50,"posx":8,"posy":3,"lastAction":4,"status":0}],"golds":[{"posx":8,"posy":1,"amount":150},{"posx":19,"posy":1,"amount":150},{"posx":12,"posy":3,"amount":400},{"posx":8,"posy":6,"amount":350},{"posx":19,"posy":6,"amount":300},{"posx":14,"posy":7,"amount":600},{"posx":17,"posy":8,"amount":600},{"posx":18,"posy":8,"amount":100}],"changedObstacles":[]},{"players":[{"playerId":2451990,"score":1875,"energy":14,"posx":13,"posy":7,"lastAction":4,"status":0},{"playerId":157815,"score":1875,"energy":29,"posx":5,"posy":6,"lastAction":4,"status":0},{"playerId":2248990,"score":550,"energy":27,"posx":3,"posy":5,"lastAction":6,"status":3},{"playerId":2294637,"score":1850,"energy":49,"posx":9,"posy":3,"lastAction":1,"status":0}],"golds":[{"posx":8,"posy":1,"amount":150},{"posx":19,"posy":1,"amount":150},{"posx":12,"posy":3,"amount":400},{"posx":8,"posy":6,"amount":350},{"posx":19,"posy":6,"amount":300},{"posx":14,"posy":7,"amount":600},{"posx":17,"posy":8,"amount":600},{"posx":18,"posy":8,"amount":100}],"changedObstacles":[]},{"players":[{"playerId":2451990,"score":1875,"energy":30,"posx":13,"posy":7,"lastAction":4,"status":0},{"playerId":157815,"score":1875,"energy":50,"posx":5,"posy":6,"lastAction":4,"status":0},{"playerId":2248990,"score":550,"energy":27,"posx":3,"posy":5,"lastAction":6,"status":3},{"playerId":2294637,"score":1850,"energy":48,"posx":10,"posy":3,"lastAction":1,"status":0}],"golds":[{"posx":8,"posy":1,"amount":150},{"posx":19,"posy":1,"amount":150},{"posx":12,"posy":3,"amount":400},{"posx":8,"posy":6,"amount":350},{"posx":19,"posy":6,"amount":300},{"posx":14,"posy":7,"amount":600},{"posx":17,"posy":8,"amount":600},{"posx":18,"posy":8,"amount":100}],"changedObstacles":[]},{"players":[{"playerId":2451990,"score":1875,"energy":50,"posx":13,"posy":7,"lastAction":4,"status":0},{"playerId":157815,"score":1875,"energy":49,"posx":6,"posy":6,"lastAction":1,"status":0},{"playerId":2248990,"score":550,"energy":27,"posx":3,"posy":5,"lastAction":6,"status":3},{"playerId":2294637,"score":1850,"energy":47,"posx":11,"posy":3,"lastAction":1,"status":0}],"golds":[{"posx":8,"posy":1,"amount":150},{"posx":19,"posy":1,"amount":150},{"posx":12,"posy":3,"amount":400},{"posx":8,"posy":6,"amount":350},{"posx":19,"posy":6,"amount":300},{"posx":14,"posy":7,"amount":600},{"posx":17,"posy":8,"amount":600},{"posx":18,"posy":8,"amount":100}],"changedObstacles":[]},{"players":[{"playerId":2451990,"score":1875,"energy":46,"posx":14,"posy":7,"lastAction":1,"status":0},{"playerId":157815,"score":1875,"energy":39,"posx":7,"posy":6,"lastAction":1,"status":0},{"playerId":2248990,"score":550,"energy":27,"posx":3,"posy":5,"lastAction":6,"status":3},{"playerId":2294637,"score":1850,"energy":43,"posx":12,"posy":3,"lastAction":1,"status":0}],"golds":[{"posx":8,"posy":1,"amount":150},{"posx":19,"posy":1,"amount":150},{"posx":12,"posy":3,"amount":400},{"posx":8,"posy":6,"amount":350},{"posx":19,"posy":6,"amount":300},{"posx":14,"posy":7,"amount":600},{"posx":17,"posy":8,"amount":600},{"posx":18,"posy":8,"amount":100}],"changedObstacles":[{"type":0,"posx":7,"posy":6,"value":-1}]},{"players":[{"playerId":2451990,"score":1925,"energy":41,"posx":14,"posy":7,"lastAction":5,"status":0},{"playerId":157815,"score":1875,"energy":35,"posx":8,"posy":6,"lastAction":1,"status":0},{"playerId":2248990,"score":550,"energy":27,"posx":3,"posy":5,"lastAction":6,"status":3},{"playerId":2294637,"score":1900,"energy":38,"posx":12,"posy":3,"lastAction":5,"status":0}],"golds":[{"posx":8,"posy":1,"amount":150},{"posx":19,"posy":1,"amount":150},{"posx":12,"posy":3,"amount":350},{"posx":8,"posy":6,"amount":350},{"posx":19,"posy":6,"amount":300},{"posx":14,"posy":7,"amount":550},{"posx":17,"posy":8,"amount":600},{"posx":18,"posy":8,"amount":100}],"changedObstacles":[]},{"players":[{"playerId":2451990,"score":1975,"energy":36,"posx":14,"posy":7,"lastAction":5,"status":0},{"playerId":157815,"score":1925,"energy":30,"posx":8,"posy":6,"lastAction":5,"status":0},{"playerId":2248990,"score":550,"energy":27,"posx":3,"posy":5,"lastAction":6,"status":3},{"playerId":2294637,"score":1950,"energy":33,"posx":12,"posy":3,"lastAction":5,"status":0}],"golds":[{"posx":8,"posy":1,"amount":150},{"posx":19,"posy":1,"amount":150},{"posx":12,"posy":3,"amount":300},{"posx":8,"posy":6,"amount":300},{"posx":19,"posy":6,"amount":300},{"posx":14,"posy":7,"amount":500},{"posx":17,"posy":8,"amount":600},{"posx":18,"posy":8,"amount":100}],"changedObstacles":[]},{"players":[{"playerId":2451990,"score":2025,"energy":31,"posx":14,"posy":7,"lastAction":5,"status":0},{"playerId":157815,"score":1975,"energy":25,"posx":8,"posy":6,"lastAction":5,"status":0},{"playerId":2248990,"score":550,"energy":27,"posx":3,"posy":5,"lastAction":6,"status":3},{"playerId":2294637,"score":2000,"energy":28,"posx":12,"posy":3,"lastAction":5,"status":0}],"golds":[{"posx":8,"posy":1,"amount":150},{"posx":19,"posy":1,"amount":150},{"posx":12,"posy":3,"amount":250},{"posx":8,"posy":6,"amount":250},{"posx":19,"posy":6,"amount":300},{"posx":14,"posy":7,"amount":450},{"posx":17,"posy":8,"amount":600},{"posx":18,"posy":8,"amount":100}],"changedObstacles":[]},{"players":[{"playerId":2451990,"score":2075,"energy":26,"posx":14,"posy":7,"lastAction":5,"status":0},{"playerId":157815,"score":2025,"energy":20,"posx":8,"posy":6,"lastAction":5,"status":0},{"playerId":2248990,"score":550,"energy":27,"posx":3,"posy":5,"lastAction":6,"status":3},{"playerId":2294637,"score":2050,"energy":23,"posx":12,"posy":3,"lastAction":5,"status":0}],"golds":[{"posx":8,"posy":1,"amount":150},{"posx":19,"posy":1,"amount":150},{"posx":12,"posy":3,"amount":200},{"posx":8,"posy":6,"amount":200},{"posx":19,"posy":6,"amount":300},{"posx":14,"posy":7,"amount":400},{"posx":17,"posy":8,"amount":600},{"posx":18,"posy":8,"amount":100}],"changedObstacles":[]},{"players":[{"playerId":2451990,"score":2125,"energy":21,"posx":14,"posy":7,"lastAction":5,"status":0},{"playerId":157815,"score":2075,"energy":15,"posx":8,"posy":6,"lastAction":5,"status":0},{"playerId":2248990,"score":550,"energy":27,"posx":3,"posy":5,"lastAction":6,"status":3},{"playerId":2294637,"score":2100,"energy":18,"posx":12,"posy":3,"lastAction":5,"status":0}],"golds":[{"posx":8,"posy":1,"amount":150},{"posx":19,"posy":1,"amount":150},{"posx":12,"posy":3,"amount":150},{"posx":8,"posy":6,"amount":150},{"posx":19,"posy":6,"amount":300},{"posx":14,"posy":7,"amount":350},{"posx":17,"posy":8,"amount":600},{"posx":18,"posy":8,"amount":100}],"changedObstacles":[]},{"players":[{"playerId":2451990,"score":2175,"energy":16,"posx":14,"posy":7,"lastAction":5,"status":0},{"playerId":157815,"score":2125,"energy":10,"posx":8,"posy":6,"lastAction":5,"status":0},{"playerId":2248990,"score":550,"energy":27,"posx":3,"posy":5,"lastAction":6,"status":3},{"playerId":2294637,"score":2150,"energy":13,"posx":12,"posy":3,"lastAction":5,"status":0}],"golds":[{"posx":8,"posy":1,"amount":150},{"posx":19,"posy":1,"amount":150},{"posx":12,"posy":3,"amount":100},{"posx":8,"posy":6,"amount":100},{"posx":19,"posy":6,"amount":300},{"posx":14,"posy":7,"amount":300},{"posx":17,"posy":8,"amount":600},{"posx":18,"posy":8,"amount":100}],"changedObstacles":[]},{"players":[{"playerId":2451990,"score":2225,"energy":11,"posx":14,"posy":7,"lastAction":5,"status":0},{"playerId":157815,"score":2175,"energy":5,"posx":8,"posy":6,"lastAction":5,"status":0},{"playerId":2248990,"score":550,"energy":27,"posx":3,"posy":5,"lastAction":6,"status":3},{"playerId":2294637,"score":2200,"energy":8,"posx":12,"posy":3,"lastAction":5,"status":0}],"golds":[{"posx":8,"posy":1,"amount":150},{"posx":19,"posy":1,"amount":150},{"posx":12,"posy":3,"amount":50},{"posx":8,"posy":6,"amount":50},{"posx":19,"posy":6,"amount":300},{"posx":14,"posy":7,"amount":250},{"posx":17,"posy":8,"amount":600},{"posx":18,"posy":8,"amount":100}],"changedObstacles":[]},{"players":[{"playerId":2451990,"score":2275,"energy":6,"posx":14,"posy":7,"lastAction":5,"status":0},{"playerId":157815,"score":2175,"energy":17,"posx":8,"posy":6,"lastAction":4,"status":0},{"playerId":2248990,"score":550,"energy":27,"posx":3,"posy":5,"lastAction":6,"status":3},{"playerId":2294637,"score":2200,"energy":20,"posx":12,"posy":3,"lastAction":4,"status":0}],"golds":[{"posx":8,"posy":1,"amount":150},{"posx":19,"posy":1,"amount":150},{"posx":12,"posy":3,"amount":50},{"posx":8,"posy":6,"amount":50},{"posx":19,"posy":6,"amount":300},{"posx":14,"posy":7,"amount":200},{"posx":17,"posy":8,"amount":600},{"posx":18,"posy":8,"amount":100}],"changedObstacles":[]},{"players":[{"playerId":2451990,"score":2325,"energy":1,"posx":14,"posy":7,"lastAction":5,"status":0},{"playerId":157815,"score":2175,"energy":33,"posx":8,"posy":6,"lastAction":4,"status":0},{"playerId":2248990,"score":550,"energy":27,"posx":3,"posy":5,"lastAction":6,"status":3},{"playerId":2294637,"score":2200,"energy":36,"posx":12,"posy":3,"lastAction":4,"status":0}],"golds":[{"posx":8,"posy":1,"amount":150},{"posx":19,"posy":1,"amount":150},{"posx":12,"posy":3,"amount":50},{"posx":8,"posy":6,"amount":50},{"posx":19,"posy":6,"amount":300},{"posx":14,"posy":7,"amount":150},{"posx":17,"posy":8,"amount":600},{"posx":18,"posy":8,"amount":100}],"changedObstacles":[]},{"players":[{"playerId":2451990,"score":2325,"energy":13,"posx":14,"posy":7,"lastAction":4,"status":0},{"playerId":157815,"score":2175,"energy":50,"posx":8,"posy":6,"lastAction":4,"status":0},{"playerId":2248990,"score":550,"energy":27,"posx":3,"posy":5,"lastAction":6,"status":3},{"playerId":2294637,"score":2200,"energy":50,"posx":12,"posy":3,"lastAction":4,"status":0}],"golds":[{"posx":8,"posy":1,"amount":150},{"posx":19,"posy":1,"amount":150},{"posx":12,"posy":3,"amount":50},{"posx":8,"posy":6,"amount":50},{"posx":19,"posy":6,"amount":300},{"posx":14,"posy":7,"amount":150},{"posx":17,"posy":8,"amount":600},{"posx":18,"posy":8,"amount":100}],"changedObstacles":[]},{"players":[{"playerId":2451990,"score":2325,"energy":29,"posx":14,"posy":7,"lastAction":4,"status":0},{"playerId":157815,"score":2225,"energy":45,"posx":8,"posy":6,"lastAction":5,"status":0},{"playerId":2248990,"score":550,"energy":27,"posx":3,"posy":5,"lastAction":6,"status":3},{"playerId":2294637,"score":2250,"energy":45,"posx":12,"posy":3,"lastAction":5,"status":0}],"golds":[{"posx":8,"posy":1,"amount":150},{"posx":19,"posy":1,"amount":150},{"posx":19,"posy":6,"amount":300},{"posx":14,"posy":7,"amount":150},{"posx":17,"posy":8,"amount":600},{"posx":18,"posy":8,"amount":100}],"changedObstacles":[{"type":0,"posx":8,"posy":6,"value":-1},{"type":0,"posx":12,"posy":3,"value":-1}]},{"players":[{"playerId":2451990,"score":2375,"energy":24,"posx":14,"posy":7,"lastAction":5,"status":0},{"playerId":157815,"score":2225,"energy":35,"posx":9,"posy":6,"lastAction":1,"status":0},{"playerId":2248990,"score":550,"energy":27,"posx":3,"posy":5,"lastAction":6,"status":3},{"playerId":2294637,"score":2250,"energy":50,"posx":12,"posy":3,"lastAction":4,"status":0}],"golds":[{"posx":8,"posy":1,"amount":150},{"posx":19,"posy":1,"amount":150},{"posx":19,"posy":6,"amount":300},{"posx":14,"posy":7,"amount":100},{"posx":17,"posy":8,"amount":600},{"posx":18,"posy":8,"amount":100}],"changedObstacles":[{"type":0,"posx":9,"posy":6,"value":-1}]},{"players":[{"playerId":2451990,"score":2425,"energy":19,"posx":14,"posy":7,"lastAction":5,"status":0},{"playerId":157815,"score":2225,"energy":18,"posx":10,"posy":6,"lastAction":1,"status":0},{"playerId":2248990,"score":550,"energy":27,"posx":3,"posy":5,"lastAction":6,"status":3},{"playerId":2294637,"score":2250,"energy":50,"posx":12,"posy":3,"lastAction":4,"status":0}],"golds":[{"posx":8,"posy":1,"amount":150},{"posx":19,"posy":1,"amount":150},{"posx":19,"posy":6,"amount":300},{"posx":14,"posy":7,"amount":50},{"posx":17,"posy":8,"amount":600},{"posx":18,"posy":8,"amount":100}],"changedObstacles":[]},{"players":[{"playerId":2451990,"score":2475,"energy":14,"posx":14,"posy":7,"lastAction":5,"status":0},{"playerId":157815,"score":2225,"energy":13,"posx":11,"posy":6,"lastAction":1,"status":0},{"playerId":2248990,"score":550,"energy":27,"posx":3,"posy":5,"lastAction":6,"status":3},{"playerId":2294637,"score":2250,"energy":50,"posx":12,"posy":3,"lastAction":4,"status":0}],"golds":[{"posx":8,"posy":1,"amount":150},{"posx":19,"posy":1,"amount":150},{"posx":19,"posy":6,"amount":300},{"posx":17,"posy":8,"amount":600},{"posx":18,"posy":8,"amount":100}],"changedObstacles":[{"type":3,"posx":11,"posy":6,"value":-20},{"type":0,"posx":14,"posy":7,"value":-1}]},{"players":[{"playerId":2451990,"score":2475,"energy":13,"posx":15,"posy":7,"lastAction":1,"status":0},{"playerId":157815,"score":2225,"energy":12,"posx":12,"posy":6,"lastAction":1,"status":0},{"playerId":2248990,"score":550,"energy":27,"posx":3,"posy":5,"lastAction":6,"status":3},{"playerId":2294637,"score":2250,"energy":50,"posx":12,"posy":3,"lastAction":4,"status":0}],"golds":[{"posx":8,"posy":1,"amount":150},{"posx":19,"posy":1,"amount":150},{"posx":19,"posy":6,"amount":300},{"posx":17,"posy":8,"amount":600},{"posx":18,"posy":8,"amount":100}],"changedObstacles":[]},{"players":[{"playerId":2451990,"score":2475,"energy":12,"posx":16,"posy":7,"lastAction":1,"status":0},{"playerId":157815,"score":2225,"energy":11,"posx":13,"posy":6,"lastAction":1,"status":0},{"playerId":2248990,"score":550,"energy":27,"posx":3,"posy":5,"lastAction":6,"status":3},{"playerId":2294637,"score":2250,"energy":50,"posx":12,"posy":3,"lastAction":4,"status":0}],"golds":[{"posx":8,"posy":1,"amount":150},{"posx":19,"posy":1,"amount":150},{"posx":19,"posy":6,"amount":300},{"posx":17,"posy":8,"amount":600},{"posx":18,"posy":8,"amount":100}],"changedObstacles":[]},{"players":[{"playerId":2451990,"score":2475,"energy":24,"posx":16,"posy":7,"lastAction":4,"status":0},{"playerId":157815,"score":2225,"energy":10,"posx":14,"posy":6,"lastAction":1,"status":0},{"playerId":2248990,"score":550,"energy":27,"posx":3,"posy":5,"lastAction":6,"status":3},{"playerId":2294637,"score":2250,"energy":50,"posx":12,"posy":3,"lastAction":4,"status":0}],"golds":[{"posx":8,"posy":1,"amount":150},{"posx":19,"posy":1,"amount":150},{"posx":19,"posy":6,"amount":300},{"posx":17,"posy":8,"amount":600},{"posx":18,"posy":8,"amount":100}],"changedObstacles":[]}]