[{"players":[{"playerId":2450708,"score":0,"energy":49,"posx":9,"posy":3,"lastAction":3,"status":0},{"playerId":2003,"score":0,"energy":49,"posx":9,"posy":3,"lastAction":3,"status":0},{"playerId":2451990,"score":0,"energy":49,"posx":8,"posy":2,"lastAction":0,"status":0},{"playerId":1166,"score":0,"energy":49,"posx":8,"posy":2,"lastAction":0,"status":0}],"golds":[{"posx":4,"posy":8,"amount":100},{"posx":8,"posy":7,"amount":450},{"posx":0,"posy":1,"amount":150},{"posx":16,"posy":6,"amount":500},{"posx":20,"posy":0,"amount":100},{"posx":3,"posy":3,"amount":700},{"posx":14,"posy":6,"amount":50},{"posx":2,"posy":6,"amount":500},{"posx":0,"posy":6,"amount":50},{"posx":3,"posy":8,"amount":50},{"posx":6,"posy":4,"amount":150},{"posx":18,"posy":4,"amount":600},{"posx":4,"posy":1,"amount":50},{"posx":12,"posy":8,"amount":300},{"posx":1,"posy":8,"amount":650},{"posx":17,"posy":5,"amount":300},{"posx":18,"posy":7,"amount":200},{"posx":6,"posy":8,"amount":100},{"posx":14,"posy":1,"amount":150},{"posx":10,"posy":3,"amount":100}],"changedObstacles":[]},{"players":[{"playerId":2450708,"score":0,"energy":48,"posx":9,"posy":4,"lastAction":3,"status":0},{"playerId":2003,"score":0,"energy":45,"posx":10,"posy":3,"lastAction":1,"status":0},{"playerId":2451990,"score":0,"energy":48,"posx":7,"posy":2,"lastAction":0,"status":0},{"playerId":1166,"score":0,"energy":48,"posx":7,"posy":2,"lastAction":0,"status":0}],"golds":[{"posx":4,"posy":8,"amount":100},{"posx":8,"posy":7,"amount":450},{"posx":0,"posy":1,"amount":150},{"posx":16,"posy":6,"amount":500},{"posx":20,"posy":0,"amount":100},{"posx":3,"posy":3,"amount":700},{"posx":14,"posy":6,"amount":50},{"posx":2,"posy":6,"amount":500},{"posx":0,"posy":6,"amount":50},{"posx":3,"posy":8,"amount":50},{"posx":6,"posy":4,"amount":150},{"posx":18,"posy":4,"amount":600},{"posx":4,"posy":1,"amount":50},{"posx":12,"posy":8,"amount":300},{"posx":1,"posy":8,"amount":650},{"posx":17,"posy":5,"amount":300},{"posx":18,"posy":7,"amount":200},{"posx":6,"posy":8,"amount":100},{"posx":14,"posy":1,"amount":150},{"posx":10,"posy":3,"amount":100}],"changedObstacles":[]},{"players":[{"playerId":2450708,"score":0,"energy":47,"posx":9,"posy":5,"lastAction":3,"status":0},{"playerId":2003,"score":50,"energy":40,"posx":10,"posy":3,"lastAction":5,"status":0},{"playerId":2451990,"score":0,"energy":47,"posx":7,"posy":1,"lastAction":2,"status":0},{"playerId":1166,"score":0,"energy":43,"posx":6,"posy":2,"lastAction":0,"status":0}],"golds":[{"posx":20,"posy":0,"amount":100},{"posx":0,"posy":1,"amount":150},{"posx":4,"posy":1,"amount":50},{"posx":14,"posy":1,"amount":150},{"posx":3,"posy":3,"amount":700},{"posx":10,"posy":3,"amount":50},{"posx":6,"posy":4,"amount":150},{"posx":18,"posy":4,"amount":600},{"posx":17,"posy":5,"amount":300},{"posx":0,"posy":6,"amount":50},{"posx":2,"posy":6,"amount":500},{"posx":14,"posy":6,"amount":50},{"posx":16,"posy":6,"amount":500},{"posx":8,"posy":7,"amount":450},{"posx":18,"posy":7,"amount":200},{"posx":1,"posy":8,"amount":650},{"posx":3,"posy":8,"amount":50},{"posx":4,"posy":8,"amount":100},{"posx":6,"posy":8,"amount":100},{"posx":12,"posy":8,"amount":300}],"changedObstacles":[{"type":3,"posx":6,"posy":2,"value":-20}]},{"players":[{"playerId":2450708,"score":0,"energy":46,"posx":8,"posy":5,"lastAction":0,"status":0},{"playerId":2003,"score":100,"energy":35,"posx":10,"posy":3,"lastAction":5,"status":0},{"playerId":2451990,"score":0,"energy":46,"posx":6,"posy":1,"lastAction":0,"status":0},{"playerId":1166,"score":0,"energy":42,"posx":5,"posy":2,"lastAction":0,"status":0}],"golds":[{"posx":20,"posy":0,"amount":100},{"posx":0,"posy":1,"amount":150},{"posx":4,"posy":1,"amount":50},{"posx":14,"posy":1,"amount":150},{"posx":3,"posy":3,"amount":700},{"posx":6,"posy":4,"amount":150},{"posx":18,"posy":4,"amount":600},{"posx":17,"posy":5,"amount":300},{"posx":0,"posy":6,"amount":50},{"posx":2,"posy":6,"amount":500},{"posx":14,"posy":6,"amount":50},{"posx":16,"posy":6,"amount":500},{"posx":8,"posy":7,"amount":450},{"posx":18,"posy":7,"amount":200},{"posx":1,"posy":8,"amount":650},{"posx":3,"posy":8,"amount":50},{"posx":4,"posy":8,"amount":100},{"posx":6,"posy":8,"amount":100},{"posx":12,"posy":8,"amount":300}],"changedObstacles":[{"type":0,"posx":10,"posy":3,"value":-1}]},{"players":[{"playerId":2450708,"score":0,"energy":45,"posx":8,"posy":6,"lastAction":3,"status":0},{"playerId":2003,"score":100,"energy":34,"posx":9,"posy":3,"lastAction":0,"status":0},{"playerId":2451990,"score":0,"energy":45,"posx":5,"posy":1,"lastAction":0,"status":0},{"playerId":1166,"score":0,"energy":41,"posx":4,"posy":2,"lastAction":0,"status":0}],"golds":[{"posx":20,"posy":0,"amount":100},{"posx":0,"posy":1,"amount":150},{"posx":4,"posy":1,"amount":50},{"posx":14,"posy":1,"amount":150},{"posx":3,"posy":3,"amount":700},{"posx":6,"posy":4,"amount":150},{"posx":18,"posy":4,"amount":600},{"posx":17,"posy":5,"amount":300},{"posx":0,"posy":6,"amount":50},{"posx":2,"posy":6,"amount":500},{"posx":14,"posy":6,"amount":50},{"posx":16,"posy":6,"amount":500},{"posx":8,"posy":7,"amount":450},{"posx":18,"posy":7,"amount":200},{"posx":1,"posy":8,"amount":650},{"posx":3,"posy":8,"amount":50},{"posx":4,"posy":8,"amount":100},{"posx":6,"posy":8,"amount":100},{"posx":12,"posy":8,"amount":300}],"changedObstacles":[]},{"players":[{"playerId":2450708,"score":0,"energy":41,"posx":8,"posy":7,"lastAction":3,"status":0},{"playerId":2003,"score":100,"energy":33,"posx":9,"posy":4,"lastAction":3,"status":0},{"playerId":2451990,"score":0,"energy":41,"posx":4,"posy":1,"lastAction":0,"status":0},{"playerId":1166,"score":0,"energy":31,"posx":4,"posy":3,"lastAction":3,"status":0}],"golds":[{"posx":20,"posy":0,"amount":100},{"posx":0,"posy":1,"amount":150},{"posx":4,"posy":1,"amount":50},{"posx":14,"posy":1,"amount":150},{"posx":3,"posy":3,"amount":700},{"posx":6,"posy":4,"amount":150},{"posx":18,"posy":4,"amount":600},{"posx":17,"posy":5,"amount":300},{"posx":0,"posy":6,"amount":50},{"posx":2,"posy":6,"amount":500},{"posx":14,"posy":6,"amount":50},{"posx":16,"posy":6,"amount":500},{"posx":8,"posy":7,"amount":450},{"posx":18,"posy":7,"amount":200},{"posx":1,"posy":8,"amount":650},{"posx":3,"posy":8,"amount":50},{"posx":4,"posy":8,"amount":100},{"posx":6,"posy":8,"amount":100},{"posx":12,"posy":8,"amount":300}],"changedObstacles":[{"type":0,"posx":4,"posy":3,"value":-1}]},{"players":[{"playerId":2450708,"score":50,"energy":36,"posx":8,"posy":7,"lastAction":5,"status":0},{"playerId":2003,"score":100,"energy":32,"posx":9,"posy":5,"lastAction":3,"status":0},{"playerId":2451990,"score":50,"energy":36,"posx":4,"posy":1,"lastAction":5,"status":0},{"playerId":1166,"score":0,"energy":27,"posx":3,"posy":3,"lastAction":0,"status":0}],"golds":[{"posx":20,"posy":0,"amount":100},{"posx":0,"posy":1,"amount":150},{"posx":14,"posy":1,"amount":150},{"posx":3,"posy":3,"amount":700},{"posx":6,"posy":4,"amount":150},{"posx":18,"posy":4,"amount":600},{"posx":17,"posy":5,"amount":300},{"posx":0,"posy":6,"amount":50},{"posx":2,"posy":6,"amount":500},{"posx":14,"posy":6,"amount":50},{"posx":16,"posy":6,"amount":500},{"posx":8,"posy":7,"amount":400},{"posx":18,"posy":7,"amount":200},{"posx":1,"posy":8,"amount":650},{"posx":3,"posy":8,"amount":50},{"posx":4,"posy":8,"amount":100},{"posx":6,"posy":8,"amount":100},{"posx":12,"posy":8,"amount":300}],"changedObstacles":[{"type":0,"posx":4,"posy":1,"value":-1}]},{"players":[{"playerId":2450708,"score":100,"energy":31,"posx":8,"posy":7,"lastAction":5,"status":0},{"playerId":2003,"score":100,"energy":31,"posx":8,"posy":5,"lastAction":0,"status":0},{"playerId":2451990,"score":50,"energy":35,"posx":4,"posy":2,"lastAction":3,"status":0},{"playerId":1166,"score":50,"energy":22,"posx":3,"posy":3,"lastAction":5,"status":0}],"golds":[{"posx":20,"posy":0,"amount":100},{"posx":0,"posy":1,"amount":150},{"posx":14,"posy":1,"amount":150},{"posx":3,"posy":3,"amount":650},{"posx":6,"posy":4,"amount":150},{"posx":18,"posy":4,"amount":600},{"posx":17,"posy":5,"amount":300},{"posx":0,"posy":6,"amount":50},{"posx":2,"posy":6,"amount":500},{"posx":14,"posy":6,"amount":50},{"posx":16,"posy":6,"amount":500},{"posx":8,"posy":7,"amount":350},{"posx":18,"posy":7,"amount":200},{"posx":1,"posy":8,"amount":650},{"posx":3,"posy":8,"amount":50},{"posx":4,"posy":8,"amount":100},{"posx":6,"posy":8,"amount":100},{"posx":12,"posy":8,"amount":300}],"changedObstacles":[]},{"players":[{"playerId":2450708,"score":150,"energy":26,"posx":8,"posy":7,"lastAction":5,"status":0},{"playerId":2003,"score":100,"energy":30,"posx":8,"posy":6,"lastAction":3,"status":0},{"playerId":2451990,"score":50,"energy":34,"posx":4,"posy":3,"lastAction":3,"status":0},{"playerId":1166,"score":100,"energy":17,"posx":3,"posy":3,"lastAction":5,"status":0}],"golds":[{"posx":20,"posy":0,"amount":100},{"posx":0,"posy":1,"amount":150},{"posx":14,"posy":1,"amount":150},{"posx":3,"posy":3,"amount":600},{"posx":6,"posy":4,"amount":150},{"posx":18,"posy":4,"amount":600},{"posx":17,"posy":5,"amount":300},{"posx":0,"posy":6,"amount":50},{"posx":2,"posy":6,"amount":500},{"posx":14,"posy":6,"amount":50},{"posx":16,"posy":6,"amount":500},{"posx":8,"posy":7,"amount":300},{"posx":18,"posy":7,"amount":200},{"posx":1,"posy":8,"amount":650},{"posx":3,"posy":8,"amount":50},{"posx":4,"posy":8,"amount":100},{"posx":6,"posy":8,"amount":100},{"posx":12,"posy":8,"amount":300}],"changedObstacles":[]},{"players":[{"playerId":2450708,"score":200,"energy":21,"posx":8,"posy":7,"lastAction":5,"status":0},{"playerId":2003,"score":100,"energy":26,"posx":8,"posy":7,"lastAction":3,"status":0},{"playerId":2451990,"score":50,"energy":30,"posx":3,"posy":3,"lastAction":0,"status":0},{"playerId":1166,"score":150,"energy":12,"posx":3,"posy":3,"lastAction":5,"status":0}],"golds":[{"posx":20,"posy":0,"amount":100},{"posx":0,"posy":1,"amount":150},{"posx":14,"posy":1,"amount":150},{"posx":3,"posy":3,"amount":550},{"posx":6,"posy":4,"amount":150},{"posx":18,"posy":4,"amount":600},{"posx":17,"posy":5,"amount":300},{"posx":0,"posy":6,"amount":50},{"posx":2,"posy":6,"amount":500},{"posx":14,"posy":6,"amount":50},{"posx":16,"posy":6,"amount":500},{"posx":8,"posy":7,"amount":250},{"posx":18,"posy":7,"amount":200},{"posx":1,"posy":8,"amount":650},{"posx":3,"posy":8,"amount":50},{"posx":4,"posy":8,"amount":100},{"posx":6,"posy":8,"amount":100},{"posx":12,"posy":8,"amount":300}],"changedObstacles":[]},{"players":[{"playerId":2450708,"score":250,"energy":16,"posx":8,"posy":7,"lastAction":5,"status":0},{"playerId":2003,"score":150,"energy":21,"posx":8,"posy":7,"lastAction":5,"status":0},{"playerId":2451990,"score":100,"energy":25,"posx":3,"posy":3,"lastAction":5,"status":0},{"playerId":1166,"score":200,"energy":7,"posx":3,"posy":3,"lastAction":5,"status":0}],"golds":[{"posx":20,"posy":0,"amount":100},{"posx":0,"posy":1,"amount":150},{"posx":14,"posy":1,"amount":150},{"posx":3,"posy":3,"amount":450},{"posx":6,"posy":4,"amount":150},{"posx":18,"posy":4,"amount":600},{"posx":17,"posy":5,"amount":300},{"posx":0,"posy":6,"amount":50},{"posx":2,"posy":6,"amount":500},{"posx":14,"posy":6,"amount":50},{"posx":16,"posy":6,"amount":500},{"posx":8,"posy":7,"amount":150},{"posx":18,"posy":7,"amount":200},{"posx":1,"posy":8,"amount":650},{"posx":3,"posy":8,"amount":50},{"posx":4,"posy":8,"amount":100},{"posx":6,"posy":8,"amount":100},{"posx":12,"posy":8,"amount":300}],"changedObstacles":[]},{"players":[{"playerId":2450708,"score":300,"energy":11,"posx":8,"posy":7,"lastAction":5,"status":0},{"playerId":2003,"score":200,"energy":16,"posx":8,"posy":7,"lastAction":5,"status":0},{"playerId":2451990,"score":150,"energy":20,"posx":3,"posy":3,"lastAction":5,"status":0},{"playerId":1166,"score":250,"energy":2,"posx":3,"posy":3,"lastAction":5,"status":0}],"golds":[{"posx":20,"posy":0,"amount":100},{"posx":0,"posy":1,"amount":150},{"posx":14,"posy":1,"amount":150},{"posx":3,"posy":3,"amount":350},{"posx":6,"posy":4,"amount":150},{"posx":18,"posy":4,"amount":600},{"posx":17,"posy":5,"amount":300},{"posx":0,"posy":6,"amount":50},{"posx":2,"posy":6,"amount":500},{"posx":14,"posy":6,"amount":50},{"posx":16,"posy":6,"amount":500},{"posx":8,"posy":7,"amount":50},{"posx":18,"posy":7,"amount":200},{"posx":1,"posy":8,"amount":650},{"posx":3,"posy":8,"amount":50},{"posx":4,"posy":8,"amount":100},{"posx":6,"posy":8,"amount":100},{"posx":12,"posy":8,"amount":300}],"changedObstacles":[]},{"players":[{"playerId":2450708,"score":325,"energy":6,"posx":8,"posy":7,"lastAction":5,"status":0},{"playerId":2003,"score":225,"energy":11,"posx":8,"posy":7,"lastAction":5,"status":0},{"playerId":2451990,"score":200,"energy":15,"posx":3,"posy":3,"lastAction":5,"status":0},{"playerId":1166,"score":250,"energy":14,"posx":3,"posy":3,"lastAction":4,"status":0}],"golds":[{"posx":20,"posy":0,"amount":100},{"posx":0,"posy":1,"amount":150},{"posx":14,"posy":1,"amount":150},{"posx":3,"posy":3,"amount":300},{"posx":6,"posy":4,"amount":150},{"posx":18,"posy":4,"amount":600},{"posx":17,"posy":5,"amount":300},{"posx":0,"posy":6,"amount":50},{"posx":2,"posy":6,"amount":500},{"posx":14,"posy":6,"amount":50},{"posx":16,"posy":6,"amount":500},{"posx":18,"posy":7,"amount":200},{"posx":1,"posy":8,"amount":650},{"posx":3,"posy":8,"amount":50},{"posx":4,"posy":8,"amount":100},{"posx":6,"posy":8,"amount":100},{"posx":12,"posy":8,"amount":300}],"changedObstacles":[{"type":0,"posx":8,"posy":7,"value":-1}]},{"players":[{"playerId":2450708,"score":325,"energy":18,"posx":8,"posy":7,"lastAction":4,"status":0},{"playerId":2003,"score":225,"energy":10,"posx":7,"posy":7,"lastAction":0,"status":0},{"playerId":2451990,"score":250,"energy":10,"posx":3,"posy":3,"lastAction":5,"status":0},{"playerId":1166,"score":300,"energy":9,"posx":3,"posy":3,"lastAction":5,"status":0}],"golds":[{"posx":20,"posy":0,"amount":100},{"posx":0,"posy":1,"amount":150},{"posx":14,"posy":1,"amount":150},{"posx":3,"posy":3,"amount":200},{"posx":6,"posy":4,"amount":150},{"posx":18,"posy":4,"amount":600},{"posx":17,"posy":5,"amount":300},{"posx":0,"posy":6,"amount":50},{"posx":2,"posy":6,"amount":500},{"posx":14,"posy":6,"amount":50},{"posx":16,"posy":6,"amount":500},{"posx":18,"posy":7,"amount":200},{"posx":1,"posy":8,"amount":650},{"posx":3,"posy":8,"amount":50},{"posx":4,"posy":8,"amount":100},{"posx":6,"posy":8,"amount":100},{"posx":12,"posy":8,"amount":300}],"changedObstacles":[]},{"players":[{"playerId":2450708,"score":325,"energy":34,"posx":8,"posy":7,"lastAction":4,"status":0},{"playerId":2003,"score":225,"energy":9,"posx":7,"posy":8,"lastAction":3,"status":0},{"playerId":2451990,"score":300,"energy":5,"posx":3,"posy":3,"lastAction":5,"status":0},{"playerId":1166,"score":350,"energy":4,"posx":3,"posy":3,"lastAction":5,"status":0}],"golds":[{"posx":20,"posy":0,"amount":100},{"posx":0,"posy":1,"amount":150},{"posx":14,"posy":1,"amount":150},{"posx":3,"posy":3,"amount":100},{"posx":6,"posy":4,"amount":150},{"posx":18,"posy":4,"amount":600},{"posx":17,"posy":5,"amount":300},{"posx":0,"posy":6,"amount":50},{"posx":2,"posy":6,"amount":500},{"posx":14,"posy":6,"amount":50},{"posx":16,"posy":6,"amount":500},{"posx":18,"posy":7,"amount":200},{"posx":1,"posy":8,"amount":650},{"posx":3,"posy":8,"amount":50},{"posx":4,"posy":8,"amount":100},{"posx":6,"posy":8,"amount":100},{"posx":12,"posy":8,"amount":300}],"changedObstacles":[]},{"players":[{"playerId":2450708,"score":325,"energy":50,"posx":8,"posy":7,"lastAction":4,"status":0},{"playerId":2003,"score":225,"energy":5,"posx":6,"posy":8,"lastAction":0,"status":0},{"playerId":2451990,"score":300,"energy":4,"posx":3,"posy":4,"lastAction":3,"status":0},{"playerId":1166,"score":350,"energy":16,"posx":3,"posy":3,"lastAction":4,"status":0}],"golds":[{"posx":20,"posy":0,"amount":100},{"posx":0,"posy":1,"amount":150},{"posx":14,"posy":1,"amount":150},{"posx":3,"posy":3,"amount":100},{"posx":6,"posy":4,"amount":150},{"posx":18,"posy":4,"amount":600},{"posx":17,"posy":5,"amount":300},{"posx":0,"posy":6,"amount":50},{"posx":2,"posy":6,"amount":500},{"posx":14,"posy":6,"amount":50},{"posx":16,"posy":6,"amount":500},{"posx":18,"posy":7,"amount":200},{"posx":1,"posy":8,"amount":650},{"posx":3,"posy":8,"amount":50},{"posx":4,"posy":8,"amount":100},{"posx":6,"posy":8,"amount":100},{"posx":12,"posy":8,"amount":300}],"changedObstacles":[]},{"players":[{"playerId":2450708,"score":325,"energy":35,"posx":9,"posy":7,"lastAction":1,"status":0},{"playerId":2003,"score":225,"energy":17,"posx":6,"posy":8,"lastAction":4,"status":0},{"playerId":2451990,"score":300,"energy":3,"posx":3,"posy":5,"lastAction":3,"status":0},{"playerId":1166,"score":400,"energy":11,"posx":3,"posy":3,"lastAction":5,"status":0}],"golds":[{"posx":20,"posy":0,"amount":100},{"posx":0,"posy":1,"amount":150},{"posx":14,"posy":1,"amount":150},{"posx":3,"posy":3,"amount":50},{"posx":6,"posy":4,"amount":150},{"posx":18,"posy":4,"amount":600},{"posx":17,"posy":5,"amount":300},{"posx":0,"posy":6,"amount":50},{"posx":2,"posy":6,"amount":500},{"posx":14,"posy":6,"amount":50},{"posx":16,"posy":6,"amount":500},{"posx":18,"posy":7,"amount":200},{"posx":1,"posy":8,"amount":650},{"posx":3,"posy":8,"amount":50},{"posx":4,"posy":8,"amount":100},{"posx":6,"posy":8,"amount":100},{"posx":12,"posy":8,"amount":300}],"changedObstacles":[]},{"players":[{"playerId":2450708,"score":325,"energy":34,"posx":10,"posy":7,"lastAction":1,"status":0},{"playerId":2003,"score":275,"energy":12,"posx":6,"posy":8,"lastAction":5,"status":0},{"playerId":2451990,"score":300,"energy":2,"posx":2,"posy":5,"lastAction":0,"status":0},{"playerId":1166,"score":450,"energy":6,"posx":3,"posy":3,"lastAction":5,"status":0}],"golds":[{"posx":20,"posy":0,"amount":100},{"posx":0,"posy":1,"amount":150},{"posx":14,"posy":1,"amount":150},{"posx":6,"posy":4,"amount":150},{"posx":18,"posy":4,"amount":600},{"posx":17,"posy":5,"amount":300},{"posx":0,"posy":6,"amount":50},{"posx":2,"posy":6,"amount":500},{"posx":14,"posy":6,"amount":50},{"posx":16,"posy":6,"amount":500},{"posx":18,"posy":7,"amount":200},{"posx":1,"posy":8,"amount":650},{"posx":3,"posy":8,"amount":50},{"posx":4,"posy":8,"amount":100},{"posx":6,"posy":8,"amount":50},{"posx":12,"posy":8,"amount":300}],"changedObstacles":[{"type":0,"posx":3,"posy":3,"value":-1}]},{"players":[{"playerId":2450708,"score":325,"energy":33,"posx":11,"posy":7,"lastAction":1,"status":0},{"playerId":2003,"score":325,"energy":7,"posx":6,"posy":8,"lastAction":5,"status":0},{"playerId":2451990,"score":300,"energy":14,"posx":2,"posy":5,"lastAction":4,"status":0},{"playerId":1166,"score":450,"energy":5,"posx":4,"posy":3,"lastAction":1,"status":0}],"golds":[{"posx":20,"posy":0,"amount":100},{"posx":0,"posy":1,"amount":150},{"posx":14,"posy":1,"amount":150},{"posx":6,"posy":4,"amount":150},{"posx":18,"posy":4,"amount":600},{"posx":17,"posy":5,"amount":300},{"posx":0,"posy":6,"amount":50},{"posx":2,"posy":6,"amount":500},{"posx":14,"posy":6,"amount":50},{"posx":16,"posy":6,"amount":500},{"posx":18,"posy":7,"amount":200},{"posx":1,"posy":8,"amount":650},{"posx":3,"posy":8,"amount":50},{"posx":4,"posy":8,"amount":100},{"posx":12,"posy":8,"amount":300}],"changedObstacles":[{"type":0,"posx":6,"posy":8,"value":-1}]},{"players":[{"playerId":2450708,"score":325,"energy":32,"posx":12,"posy":7,"lastAction":1,"status":0},{"playerId":2003,"score":325,"energy":6,"posx":5,"posy":8,"lastAction":0,"status":0},{"playerId":2451990,"score":300,"energy":30,"posx":2,"posy":5,"lastAction":4,"status":0},{"playerId":1166,"score":450,"energy":4,"posx":5,"posy":3,"lastAction":1,"status":0}],"golds":[{"posx":20,"posy":0,"amount":100},{"posx":0,"posy":1,"amount":150},{"posx":14,"posy":1,"amount":150},{"posx":6,"posy":4,"amount":150},{"posx":18,"posy":4,"amount":600},{"posx":17,"posy":5,"amount":300},{"posx":0,"posy":6,"amount":50},{"posx":2,"posy":6,"amount":500},{"posx":14,"posy":6,"amount":50},{"posx":16,"posy":6,"amount":500},{"posx":18,"posy":7,"amount":200},{"posx":1,"posy":8,"amount":650},{"posx":3,"posy":8,"amount":50},{"posx":4,"posy":8,"amount":100},{"posx":12,"posy":8,"amount":300}],"changedObstacles":[]},{"players":[{"playerId":2450708,"score":325,"energy":28,"posx":12,"posy":8,"lastAction":3,"status":0},{"playerId":2003,"score":325,"energy":2,"posx":4,"posy":8,"lastAction":0,"status":0},{"playerId":2451990,"score":300,"energy":50,"posx":2,"posy":5,"lastAction":4,"status":0},{"playerId":1166,"score":450,"energy":3,"posx":6,"posy":3,"lastAction":1,"status":0}],"golds":[{"posx":20,"posy":0,"amount":100},{"posx":0,"posy":1,"amount":150},{"posx":14,"posy":1,"amount":150},{"posx":6,"posy":4,"amount":150},{"posx":18,"posy":4,"amount":600},{"posx":17,"posy":5,"amount":300},{"posx":0,"posy":6,"amount":50},{"posx":2,"posy":6,"amount":500},{"posx":14,"posy":6,"amount":50},{"posx":16,"posy":6,"amount":500},{"posx":18,"posy":7,"amount":200},{"posx":1,"posy":8,"amount":650},{"posx":3,"posy":8,"amount":50},{"posx":4,"posy":8,"amount":100},{"posx":12,"posy":8,"amount":300}],"changedObstacles":[]},{"players":[{"playerId":2450708,"score":375,"energy":23,"posx":12,"posy":8,"lastAction":5,"status":0},{"playerId":2003,"score":325,"energy":14,"posx":4,"posy":8,"lastAction":4,"status":0},{"playerId":2451990,"score":300,"energy":46,"posx":2,"posy":6,"lastAction":3,"status":0},{"playerId":1166,"score":450,"energy":15,"posx":6,"posy":3,"lastAction":4,"status":0}],"golds":[{"posx":20,"posy":0,"amount":100},{"posx":0,"posy":1,"amount":150},{"posx":14,"posy":1,"amount":150},{"posx":6,"posy":4,"amount":150},{"posx":18,"posy":4,"amount":600},{"posx":17,"posy":5,"amount":300},{"posx":0,"posy":6,"amount":50},{"posx":2,"posy":6,"amount":500},{"posx":14,"posy":6,"amount":50},{"posx":16,"posy":6,"amount":500},{"posx":18,"posy":7,"amount":200},{"posx":1,"posy":8,"amount":650},{"posx":3,"posy":8,"amount":50},{"posx":4,"posy":8,"amount":100},{"posx":12,"posy":8,"amount":250}],"changedObstacles":[]},{"players":[{"playerId":2450708,"score":425,"energy":18,"posx":12,"posy":8,"lastAction":5,"status":0},{"playerId":2003,"score":375,"energy":9,"posx":4,"posy":8,"lastAction":5,"status":0},{"playerId":2451990,"score":350,"energy":41,"posx":2,"posy":6,"lastAction":5,"status":0},{"playerId":1166,"score":450,"energy":31,"posx":6,"posy":3,"lastAction":4,"status":0}],"golds":[{"posx":20,"posy":0,"amount":100},{"posx":0,"posy":1,"amount":150},{"posx":14,"posy":1,"amount":150},{"posx":6,"posy":4,"amount":150},{"posx":18,"posy":4,"amount":600},{"posx":17,"posy":5,"amount":300},{"posx":0,"posy":6,"amount":50},{"posx":2,"posy":6,"amount":450},{"posx":14,"posy":6,"amount":50},{"posx":16,"posy":6,"amount":500},{"posx":18,"posy":7,"amount":200},{"posx":1,"posy":8,"amount":650},{"posx":3,"posy":8,"amount":50},{"posx":4,"posy":8,"amount":50},{"posx":12,"posy":8,"amount":200}],"changedObstacles":[]},{"players":[{"playerId":2450708,"score":475,"energy":13,"posx":12,"posy":8,"lastAction":5,"status":0},{"playerId":2003,"score":425,"energy":4,"posx":4,"posy":8,"lastAction":5,"status":0},{"playerId":2451990,"score":400,"energy":36,"posx":2,"posy":6,"lastAction":5,"status":0},{"playerId":1166,"score":450,"energy":50,"posx":6,"posy":3,"lastAction":4,"status":0}],"golds":[{"posx":20,"posy":0,"amount":100},{"posx":0,"posy":1,"amount":150},{"posx":14,"posy":1,"amount":150},{"posx":6,"posy":4,"amount":150},{"posx":18,"posy":4,"amount":600},{"posx":17,"posy":5,"amount":300},{"posx":0,"posy":6,"amount":50},{"posx":2,"posy":6,"amount":400},{"posx":14,"posy":6,"amount":50},{"posx":16,"posy":6,"amount":500},{"posx":18,"posy":7,"amount":200},{"posx":1,"posy":8,"amount":650},{"posx":3,"posy":8,"amount":50},{"posx":12,"posy":8,"amount":150}],"changedObstacles":[{"type":0,"posx":4,"posy":8,"value":-1}]},{"players":[{"playerId":2450708,"score":525,"energy":8,"posx":12,"posy":8,"lastAction":5,"status":0},{"playerId":2003,"score":425,"energy":16,"posx":4,"posy":8,"lastAction":4,"status":0},{"playerId":2451990,"score":450,"energy":31,"posx":2,"posy":6,"lastAction":5,"status":0},{"playerId":1166,"score":450,"energy":46,"posx":6,"posy":4,"lastAction":3,"status":0}],"golds":[{"posx":20,"posy":0,"amount":100},{"posx":0,"posy":1,"amount":150},{"posx":14,"posy":1,"amount":150},{"posx":6,"posy":4,"amount":150},{"posx":18,"posy":4,"amount":600},{"posx":17,"posy":5,"amount":300},{"posx":0,"posy":6,"amount":50},{"posx":2,"posy":6,"amount":350},{"posx":14,"posy":6,"amount":50},{"posx":16,"posy":6,"amount":500},{"posx":18,"posy":7,"amount":200},{"posx":1,"posy":8,"amount":650},{"posx":3,"posy":8,"amount":50},{"posx":12,"posy":8,"amount":100}],"changedObstacles":[]},{"players":[{"playerId":2450708,"score":575,"energy":3,"posx":12,"posy":8,"lastAction":5,"status":0},{"playerId":2003,"score":425,"energy":12,"posx":3,"posy":8,"lastAction":0,"status":0},{"playerId":2451990,"score":500,"energy":26,"posx":2,"posy":6,"lastAction":5,"status":0},{"playerId":1166,"score":500,"energy":41,"posx":6,"posy":4,"lastAction":5,"status":0}],"golds":[{"posx":20,"posy":0,"amount":100},{"posx":0,"posy":1,"amount":150},{"posx":14,"posy":1,"amount":150},{"posx":6,"posy":4,"amount":100},{"posx":18,"posy":4,"amount":600},{"posx":17,"posy":5,"amount":300},{"posx":0,"posy":6,"amount":50},{"posx":2,"posy":6,"amount":300},{"posx":14,"posy":6,"amount":50},{"posx":16,"posy":6,"amount":500},{"posx":18,"posy":7,"amount":200},{"posx":1,"posy":8,"amount":650},{"posx":3,"posy":8,"amount":50},{"posx":12,"posy":8,"amount":50}],"changedObstacles":[]},{"players":[{"playerId":2450708,"score":575,"energy":15,"posx":12,"posy":8,"lastAction":4,"status":0},{"playerId":2003,"score":475,"energy":7,"posx":3,"posy":8,"lastAction":5,"status":0},{"playerId":2451990,"score":550,"energy":21,"posx":2,"posy":6,"lastAction":5,"status":0},{"playerId":1166,"score":550,"energy":36,"posx":6,"posy":4,"lastAction":5,"status":0}],"golds":[{"posx":20,"posy":0,"amount":100},{"posx":0,"posy":1,"amount":150},{"posx":14,"posy":1,"amount":150},{"posx":6,"posy":4,"amount":50},{"posx":18,"posy":4,"amount":600},{"posx":17,"posy":5,"amount":300},{"posx":0,"posy":6,"amount":50},{"posx":2,"posy":6,"amount":250},{"posx":14,"posy":6,"amount":50},{"posx":16,"posy":6,"amount":500},{"posx":18,"posy":7,"amount":200},{"posx":1,"posy":8,"amount":650},{"posx":12,"posy":8,"amount":50}],"changedObstacles":[{"type":0,"posx":3,"posy":8,"value":-1}]},{"players":[{"playerId":2450708,"score":575,"energy":31,"posx":12,"posy":8,"lastAction":4,"status":0},{"playerId":2003,"score":475,"energy":6,"posx":2,"posy":8,"lastAction":0,"status":0},{"playerId":2451990,"score":600,"energy":16,"posx":2,"posy":6,"lastAction":5,"status":0},{"playerId":1166,"score":600,"energy":31,"posx":6,"posy":4,"lastAction":5,"status":0}],"golds":[{"posx":20,"posy":0,"amount":100},{"posx":0,"posy":1,"amount":150},{"posx":14,"posy":1,"amount":150},{"posx":18,"posy":4,"amount":600},{"posx":17,"posy":5,"amount":300},{"posx":0,"posy":6,"amount":50},{"posx":2,"posy":6,"amount":200},{"posx":14,"posy":6,"amount":50},{"posx":16,"posy":6,"amount":500},{"posx":18,"posy":7,"amount":200},{"posx":1,"posy":8,"amount":650},{"posx":12,"posy":8,"amount":50}],"changedObstacles":[{"type":0,"posx":6,"posy":4,"value":-1}]},{"players":[{"playerId":2450708,"score":575,"energy":50,"posx":12,"posy":8,"lastAction":4,"status":0},{"playerId":2003,"score":475,"energy":2,"posx":1,"posy":8,"lastAction":0,"status":0},{"playerId":2451990,"score":650,"energy":11,"posx":2,"posy":6,"lastAction":5,"status":0},{"playerId":1166,"score":600,"energy":30,"posx":7,"posy":4,"lastAction":1,"status":0}],"golds":[{"posx":20,"posy":0,"amount":100},{"posx":0,"posy":1,"amount":150},{"posx":14,"posy":1,"amount":150},{"posx":18,"posy":4,"amount":600},{"posx":17,"posy":5,"amount":300},{"posx":0,"posy":6,"amount":50},{"posx":2,"posy":6,"amount":150},{"posx":14,"posy":6,"amount":50},{"posx":16,"posy":6,"amount":500},{"posx":18,"posy":7,"amount":200},{"posx":1,"posy":8,"amount":650},{"posx":12,"posy":8,"amount":50}],"changedObstacles":[]},{"players":[{"playerId":2450708,"score":625,"energy":45,"posx":12,"posy":8,"lastAction":5,"status":0},{"playerId":2003,"score":475,"energy":14,"posx":1,"posy":8,"lastAction":4,"status":0},{"playerId":2451990,"score":700,"energy":6,"posx":2,"posy":6,"lastAction":5,"status":0},{"playerId":1166,"score":600,"energy":25,"posx":8,"posy":4,"lastAction":1,"status":0}],"golds":[{"posx":20,"posy":0,"amount":100},{"posx":0,"posy":1,"amount":150},{"posx":14,"posy":1,"amount":150},{"posx":18,"posy":4,"amount":600},{"posx":17,"posy":5,"amount":300},{"posx":0,"posy":6,"amount":50},{"posx":2,"posy":6,"amount":100},{"posx":14,"posy":6,"amount":50},{"posx":16,"posy":6,"amount":500},{"posx":18,"posy":7,"amount":200},{"posx":1,"posy":8,"amount":650}],"changedObstacles":[{"type":3,"posx":8,"posy":4,"value":-20},{"type":0,"posx":12,"posy":8,"value":-1}]},{"players":[{"playerId":2450708,"score":625,"energy":44,"posx":12,"posy":7,"lastAction":2,"status":0},{"playerId":2003,"score":525,"energy":9,"posx":1,"posy":8,"lastAction":5,"status":0},{"playerId":2451990,"score":750,"energy":1,"posx":2,"posy":6,"lastAction":5,"status":0},{"playerId":1166,"score":600,"energy":24,"posx":9,"posy":4,"lastAction":1,"status":0}],"golds":[{"posx":20,"posy":0,"amount":100},{"posx":0,"posy":1,"amount":150},{"posx":14,"posy":1,"amount":150},{"posx":18,"posy":4,"amount":600},{"posx":17,"posy":5,"amount":300},{"posx":0,"posy":6,"amount":50},{"posx":2,"posy":6,"amount":50},{"posx":14,"posy":6,"amount":50},{"posx":16,"posy":6,"amount":500},{"posx":18,"posy":7,"amount":200},{"posx":1,"posy":8,"amount":600}],"changedObstacles":[]},{"players":[{"playerId":2450708,"score":625,"energy":39,"posx":12,"posy":6,"lastAction":2,"status":0},{"playerId":2003,"score":575,"energy":4,"posx":1,"posy":8,"lastAction":5,"status":0},{"playerId":2451990,"score":750,"energy":13,"posx":2,"posy":6,"lastAction":4,"status":0},{"playerId":1166,"score":600,"energy":14,"posx":10,"posy":4,"lastAction":1,"status":0}],"golds":[{"posx":20,"posy":0,"amount":100},{"posx":0,"posy":1,"amount":150},{"posx":14,"posy":1,"amount":150},{"posx":18,"posy":4,"amount":600},{"posx":17,"posy":5,"amount":300},{"posx":0,"posy":6,"amount":50},{"posx":2,"posy":6,"amount":50},{"posx":14,"posy":6,"amount":50},{"posx":16,"posy":6,"amount":500},{"posx":18,"posy":7,"amount":200},{"posx":1,"posy":8,"amount":550}],"changedObstacles":[{"type":0,"posx":10,"posy":4,"value":-1},{"type":3,"posx":12,"posy":6,"value":-20}]},{"players":[{"playerId":2450708,"score":625,"energy":38,"posx":13,"posy":6,"lastAction":1,"status":0},{"playerId":2003,"score":575,"energy":16,"posx":1,"posy":8,"lastAction":4,"status":0},{"playerId":2451990,"score":800,"energy":8,"posx":2,"posy":6,"lastAction":5,"status":0},{"playerId":1166,"score":600,"energy":13,"posx":11,"posy":4,"lastAction":1,"status":0}],"golds":[{"posx":20,"posy":0,"amount":100},{"posx":0,"posy":1,"amount":150},{"posx":14,"posy":1,"amount":150},{"posx":18,"posy":4,"amount":600},{"posx":17,"posy":5,"amount":300},{"posx":0,"posy":6,"amount":50},{"posx":14,"posy":6,"amount":50},{"posx":16,"posy":6,"amount":500},{"posx":18,"posy":7,"amount":200},{"posx":1,"posy":8,"amount":550}],"changedObstacles":[{"type":0,"posx":2,"posy":6,"value":-1}]},{"players":[{"playerId":2450708,"score":625,"energy":34,"posx":14,"posy":6,"lastAction":1,"status":0},{"playerId":2003,"score":625,"energy":11,"posx":1,"posy":8,"lastAction":5,"status":0},{"playerId":2451990,"score":800,"energy":7,"posx":3,"posy":6,"lastAction":1,"status":0},{"playerId":1166,"score":600,"energy":12,"posx":12,"posy":4,"lastAction":1,"status":0}],"golds":[{"posx":20,"posy":0,"amount":100},{"posx":0,"posy":1,"amount":150},{"posx":14,"posy":1,"amount":150},{"posx":18,"posy":4,"amount":600},{"posx":17,"posy":5,"amount":300},{"posx":0,"posy":6,"amount":50},{"posx":14,"posy":6,"amount":50},{"posx":16,"posy":6,"amount":500},{"posx":18,"posy":7,"amount":200},{"posx":1,"posy":8,"amount":500}],"changedObstacles":[]},{"players":[{"playerId":2450708,"score":675,"energy":29,"posx":14,"posy":6,"lastAction":5,"status":0},{"playerId":2003,"score":675,"energy":6,"posx":1,"posy":8,"lastAction":5,"status":0},{"playerId":2451990,"score":800,"energy":2,"posx":4,"posy":6,"lastAction":1,"status":0},{"playerId":1166,"score":600,"energy":11,"posx":13,"posy":4,"lastAction":1,"status":0}],"golds":[{"posx":20,"posy":0,"amount":100},{"posx":0,"posy":1,"amount":150},{"posx":14,"posy":1,"amount":150},{"posx":18,"posy":4,"amount":600},{"posx":17,"posy":5,"amount":300},{"posx":0,"posy":6,"amount":50},{"posx":16,"posy":6,"amount":500},{"posx":18,"posy":7,"amount":200},{"posx":1,"posy":8,"amount":450}],"changedObstacles":[{"type":3,"posx":4,"posy":6,"value":-20},{"type":0,"posx":14,"posy":6,"value":-1}]},{"players":[{"playerId":2450708,"score":675,"energy":24,"posx":15,"posy":6,"lastAction":1,"status":0},{"playerId":2003,"score":725,"energy":1,"posx":1,"posy":8,"lastAction":5,"status":0},{"playerId":2451990,"score":800,"energy":14,"posx":4,"posy":6,"lastAction":4,"status":0},{"playerId":1166,"score":600,"energy":23,"posx":13,"posy":4,"lastAction":4,"status":0}],"golds":[{"posx":20,"posy":0,"amount":100},{"posx":0,"posy":1,"amount":150},{"posx":14,"posy":1,"amount":150},{"posx":18,"posy":4,"amount":600},{"posx":17,"posy":5,"amount":300},{"posx":0,"posy":6,"amount":50},{"posx":16,"posy":6,"amount":500},{"posx":18,"posy":7,"amount":200},{"posx":1,"posy":8,"amount":400}],"changedObstacles":[{"type":3,"posx":15,"posy":6,"value":-20}]},{"players":[{"playerId":2450708,"score":675,"energy":20,"posx":16,"posy":6,"lastAction":1,"status":0},{"playerId":2003,"score":725,"energy":13,"posx":1,"posy":8,"lastAction":4,"status":0},{"playerId":2451990,"score":800,"energy":30,"posx":4,"posy":6,"lastAction":4,"status":0},{"playerId":1166,"score":600,"energy":39,"posx":13,"posy":4,"lastAction":4,"status":0}],"golds":[{"posx":20,"posy":0,"amount":100},{"posx":0,"posy":1,"amount":150},{"posx":14,"posy":1,"amount":150},{"posx":18,"posy":4,"amount":600},{"posx":17,"posy":5,"amount":300},{"posx":0,"posy":6,"amount":50},{"posx":16,"posy":6,"amount":500},{"posx":18,"posy":7,"amount":200},{"posx":1,"posy":8,"amount":400}],"changedObstacles":[]},{"players":[{"playerId":2450708,"score":725,"energy":15,"posx":16,"posy":6,"lastAction":5,"status":0},{"playerId":2003,"score":775,"energy":8,"posx":1,"posy":8,"lastAction":5,"status":0},{"playerId":2451990,"score":800,"energy":50,"posx":4,"posy":6,"lastAction":4,"status":0},{"playerId":1166,"score":600,"energy":33,"posx":14,"posy":4,"lastAction":1,"status":0}],"golds":[{"posx":20,"posy":0,"amount":100},{"posx":0,"posy":1,"amount":150},{"posx":14,"posy":1,"amount":150},{"posx":18,"posy":4,"amount":600},{"posx":17,"posy":5,"amount":300},{"posx":0,"posy":6,"amount":50},{"posx":16,"posy":6,"amount":450},{"posx":18,"posy":7,"amount":200},{"posx":1,"posy":8,"amount":350}],"changedObstacles":[]},{"players":[{"playerId":2450708,"score":775,"energy":10,"posx":16,"posy":6,"lastAction":5,"status":0},{"playerId":2003,"score":825,"energy":3,"posx":1,"posy":8,"lastAction":5,"status":0},{"playerId":2451990,"score":800,"energy":40,"posx":5,"posy":6,"lastAction":1,"status":0},{"playerId":1166,"score":600,"energy":32,"posx":15,"posy":4,"lastAction":1,"status":0}],"golds":[{"posx":20,"posy":0,"amount":100},{"posx":0,"posy":1,"amount":150},{"posx":14,"posy":1,"amount":150},{"posx":18,"posy":4,"amount":600},{"posx":17,"posy":5,"amount":300},{"posx":0,"posy":6,"amount":50},{"posx":16,"posy":6,"amount":400},{"posx":18,"posy":7,"amount":200},{"posx":1,"posy":8,"amount":300}],"changedObstacles":[{"type":0,"posx":5,"posy":6,"value":-1}]},{"players":[{"playerId":2450708,"score":825,"energy":5,"posx":16,"posy":6,"lastAction":5,"status":0},{"playerId":2003,"score":825,"energy":15,"posx":1,"posy":8,"lastAction":4,"status":0},{"playerId":2451990,"score":800,"energy":39,"posx":6,"posy":6,"lastAction":1,"status":0},{"playerId":1166,"score":600,"energy":21,"posx":16,"posy":4,"lastAction":1,"status":0}],"golds":[{"posx":20,"posy":0,"amount":100},{"posx":0,"posy":1,"amount":150},{"posx":14,"posy":1,"amount":150},{"posx":18,"posy":4,"amount":600},{"posx":17,"posy":5,"amount":300},{"posx":0,"posy":6,"amount":50},{"posx":16,"posy":6,"amount":350},{"posx":18,"posy":7,"amount":200},{"posx":1,"posy":8,"amount":300}],"changedObstacles":[]},{"players":[{"playerId":2450708,"score":825,"energy":17,"posx":16,"posy":6,"lastAction":4,"status":0},{"playerId":2003,"score":875,"energy":10,"posx":1,"posy":8,"lastAction":5,"status":0},{"playerId":2451990,"score":800,"energy":38,"posx":7,"posy":6,"lastAction":1,"status":0},{"playerId":1166,"score":600,"energy":12,"posx":17,"posy":4,"lastAction":1,"status":0}],"golds":[{"posx":20,"posy":0,"amount":100},{"posx":0,"posy":1,"amount":150},{"posx":14,"posy":1,"amount":150},{"posx":18,"posy":4,"amount":600},{"posx":17,"posy":5,"amount":300},{"posx":0,"posy":6,"amount":50},{"posx":16,"posy":6,"amount":350},{"posx":18,"posy":7,"amount":200},{"posx":1,"posy":8,"amount":250}],"changedObstacles":[]},{"players":[{"playerId":2450708,"score":825,"energy":33,"posx":16,"posy":6,"lastAction":4,"status":0},{"playerId":2003,"score":925,"energy":5,"posx":1,"posy":8,"lastAction":5,"status":0},{"playerId":2451990,"score":800,"energy":37,"posx":8,"posy":6,"lastAction":1,"status":0},{"playerId":1166,"score":600,"energy":8,"posx":18,"posy":4,"lastAction":1,"status":0}],"golds":[{"posx":20,"posy":0,"amount":100},{"posx":0,"posy":1,"amount":150},{"posx":14,"posy":1,"amount":150},{"posx":18,"posy":4,"amount":600},{"posx":17,"posy":5,"amount":300},{"posx":0,"posy":6,"amount":50},{"posx":16,"posy":6,"amount":350},{"posx":18,"posy":7,"amount":200},{"posx":1,"posy":8,"amount":200}],"changedObstacles":[]},{"players":[{"playerId":2450708,"score":825,"energy":50,"posx":16,"posy":6,"lastAction":4,"status":0},{"playerId":2003,"score":925,"energy":17,"posx":1,"posy":8,"lastAction":4,"status":0},{"playerId":2451990,"score":800,"energy":36,"posx":9,"posy":6,"lastAction":1,"status":0},{"playerId":1166,"score":650,"energy":3,"posx":18,"posy":4,"lastAction":5,"status":0}],"golds":[{"posx":20,"posy":0,"amount":100},{"posx":0,"posy":1,"amount":150},{"posx":14,"posy":1,"amount":150},{"posx":18,"posy":4,"amount":550},{"posx":17,"posy":5,"amount":300},{"posx":0,"posy":6,"amount":50},{"posx":16,"posy":6,"amount":350},{"posx":18,"posy":7,"amount":200},{"posx":1,"posy":8,"amount":200}],"changedObstacles":[]},{"players":[{"playerId":2450708,"score":875,"energy":45,"posx":16,"posy":6,"lastAction":5,"status":0},{"playerId":2003,"score":975,"energy":12,"posx":1,"posy":8,"lastAction":5,"status":0},{"playerId":2451990,"score":800,"energy":35,"posx":10,"posy":6,"lastAction":1,"status":0},{"playerId":1166,"score":650,"energy":15,"posx":18,"posy":4,"lastAction":4,"status":0}],"golds":[{"posx":20,"posy":0,"amount":100},{"posx":0,"posy":1,"amount":150},{"posx":14,"posy":1,"amount":150},{"posx":18,"posy":4,"amount":550},{"posx":17,"posy":5,"amount":300},{"posx":0,"posy":6,"amount":50},{"posx":16,"posy":6,"amount":300},{"posx":18,"posy":7,"amount":200},{"posx":1,"posy":8,"amount":150}],"changedObstacles":[]},{"players":[{"playerId":2450708,"score":925,"energy":40,"posx":16,"posy":6,"lastAction":5,"status":0},{"playerId":2003,"score":1025,"energy":7,"posx":1,"posy":8,"lastAction":5,"status":0},{"playerId":2451990,"score":800,"energy":30,"posx":11,"posy":6,"lastAction":1,"status":0},{"playerId":1166,"score":650,"energy":31,"posx":18,"posy":4,"lastAction":4,"status":0}],"golds":[{"posx":20,"posy":0,"amount":100},{"posx":0,"posy":1,"amount":150},{"posx":14,"posy":1,"amount":150},{"posx":18,"posy":4,"amount":550},{"posx":17,"posy":5,"amount":300},{"posx":0,"posy":6,"amount":50},{"posx":16,"posy":6,"amount":250},{"posx":18,"posy":7,"amount":200},{"posx":1,"posy":8,"amount":100}],"changedObstacles":[{"type":3,"posx":11,"posy":6,"value":-20}]},{"players":[{"playerId":2450708,"score":975,"energy":35,"posx":16,"posy":6,"lastAction":5,"status":0},{"playerId":2003,"score":1075,"energy":2,"posx":1,"posy":8,"lastAction":5,"status":0},{"playerId":2451990,"score":800,"energy":10,"posx":12,"posy":6,"lastAction":1,"status":0},{"playerId":1166,"score":700,"energy":26,"posx":18,"posy":4,"lastAction":5,"status":0}],"golds":[{"posx":20,"posy":0,"amount":100},{"posx":0,"posy":1,"amount":150},{"posx":14,"posy":1,"amount":150},{"posx":18,"posy":4,"amount":500},{"posx":17,"posy":5,"amount":300},{"posx":0,"posy":6,"amount":50},{"posx":16,"posy":6,"amount":200},{"posx":18,"posy":7,"amount":200},{"posx":1,"posy":8,"amount":50}],"changedObstacles":[{"type":3,"posx":12,"posy":6,"value":-40}]},{"players":[{"playerId":2450708,"score":1025,"energy":30,"posx":16,"posy":6,"lastAction":5,"status":0},{"playerId":2003,"score":1075,"energy":14,"posx":1,"posy":8,"lastAction":4,"status":0},{"playerId":2451990,"score":800,"energy":9,"posx":13,"posy":6,"lastAction":1,"status":0},{"playerId":1166,"score":750,"energy":21,"posx":18,"posy":4,"lastAction":5,"status":0}],"golds":[{"posx":20,"posy":0,"amount":100},{"posx":0,"posy":1,"amount":150},{"posx":14,"posy":1,"amount":150},{"posx":18,"posy":4,"amount":450},{"posx":17,"posy":5,"amount":300},{"posx":0,"posy":6,"amount":50},{"posx":16,"posy":6,"amount":150},{"posx":18,"posy":7,"amount":200},{"posx":1,"posy":8,"amount":50}],"changedObstacles":[]},{"players":[{"playerId":2450708,"score":1075,"energy":25,"posx":16,"posy":6,"lastAction":5,"status":0},{"playerId":2003,"score":1125,"energy":9,"posx":1,"posy":8,"lastAction":5,"status":0},{"playerId":2451990,"score":800,"energy":8,"posx":14,"posy":6,"lastAction":1,"status":0},{"playerId":1166,"score":800,"energy":16,"posx":18,"posy":4,"lastAction":5,"status":0}],"golds":[{"posx":20,"posy":0,"amount":100},{"posx":0,"posy":1,"amount":150},{"posx":14,"posy":1,"amount":150},{"posx":18,"posy":4,"amount":400},{"posx":17,"posy":5,"amount":300},{"posx":0,"posy":6,"amount":50},{"posx":16,"posy":6,"amount":100},{"posx":18,"posy":7,"amount":200}],"changedObstacles":[{"type":0,"posx":1,"posy":8,"value":-1}]},{"players":[{"playerId":2450708,"score":1125,"energy":20,"posx":16,"posy":6,"lastAction":5,"status":0},{"playerId":2003,"score":1125,"energy":8,"posx":2,"posy":8,"lastAction":1,"status":0},{"playerId":2451990,"score":800,"energy":20,"posx":14,"posy":6,"lastAction":4,"status":0},{"playerId":1166,"score":850,"energy":11,"posx":18,"posy":4,"lastAction":5,"status":0}],"golds":[{"posx":20,"posy":0,"amount":100},{"posx":0,"posy":1,"amount":150},{"posx":14,"posy":1,"amount":150},{"posx":18,"posy":4,"amount":350},{"posx":17,"posy":5,"amount":300},{"posx":0,"posy":6,"amount":50},{"posx":16,"posy":6,"amount":50},{"posx":18,"posy":7,"amount":200}],"changedObstacles":[]},{"players":[{"playerId":2450708,"score":1175,"energy":15,"posx":16,"posy":6,"lastAction":5,"status":0},{"playerId":2003,"score":1125,"energy":7,"posx":3,"posy":8,"lastAction":1,"status":0},{"playerId":2451990,"score":800,"energy":36,"posx":14,"posy":6,"lastAction":4,"status":0},{"playerId":1166,"score":900,"energy":6,"posx":18,"posy":4,"lastAction":5,"status":0}],"golds":[{"posx":20,"posy":0,"amount":100},{"posx":0,"posy":1,"amount":150},{"posx":14,"posy":1,"amount":150},{"posx":18,"posy":4,"amount":300},{"posx":17,"posy":5,"amount":300},{"posx":0,"posy":6,"amount":50},{"posx":18,"posy":7,"amount":200}],"changedObstacles":[{"type":0,"posx":16,"posy":6,"value":-1}]},{"players":[{"playerId":2450708,"score":1175,"energy":14,"posx":16,"posy":5,"lastAction":2,"status":0},{"playerId":2003,"score":1125,"energy":6,"posx":4,"posy":8,"lastAction":1,"status":0},{"playerId":2451990,"score":800,"energy":31,"posx":14,"posy":5,"lastAction":2,"status":0},{"playerId":1166,"score":950,"energy":1,"posx":18,"posy":4,"lastAction":5,"status":0}],"golds":[{"posx":20,"posy":0,"amount":100},{"posx":0,"posy":1,"amount":150},{"posx":14,"posy":1,"amount":150},{"posx":18,"posy":4,"amount":250},{"posx":17,"posy":5,"amount":300},{"posx":0,"posy":6,"amount":50},{"posx":18,"posy":7,"amount":200}],"changedObstacles":[{"type":3,"posx":14,"posy":5,"value":-20}]},{"players":[{"playerId":2450708,"score":1175,"energy":10,"posx":17,"posy":5,"lastAction":1,"status":0},{"playerId":2003,"score":1125,"energy":5,"posx":5,"posy":8,"lastAction":1,"status":0},{"playerId":2451990,"score":800,"energy":30,"posx":15,"posy":5,"lastAction":1,"status":0},{"playerId":1166,"score":950,"energy":13,"posx":18,"posy":4,"lastAction":4,"status":0}],"golds":[{"posx":20,"posy":0,"amount":100},{"posx":0,"posy":1,"amount":150},{"posx":14,"posy":1,"amount":150},{"posx":18,"posy":4,"amount":250},{"posx":17,"posy":5,"amount":300},{"posx":0,"posy":6,"amount":50},{"posx":18,"posy":7,"amount":200}],"changedObstacles":[]},{"players":[{"playerId":2450708,"score":1225,"energy":5,"posx":17,"posy":5,"lastAction":5,"status":0},{"playerId":2003,"score":1125,"energy":4,"posx":6,"posy":8,"lastAction":1,"status":0},{"playerId":2451990,"score":800,"energy":29,"posx":16,"posy":5,"lastAction":1,"status":0},{"playerId":1166,"score":950,"energy":29,"posx":18,"posy":4,"lastAction":4,"status":0}],"golds":[{"posx":20,"posy":0,"amount":100},{"posx":0,"posy":1,"amount":150},{"posx":14,"posy":1,"amount":150},{"posx":18,"posy":4,"amount":250},{"posx":17,"posy":5,"amount":250},{"posx":0,"posy":6,"amount":50},{"posx":18,"posy":7,"amount":200}],"changedObstacles":[]},{"players":[{"playerId":2450708,"score":1225,"energy":17,"posx":17,"posy":5,"lastAction":4,"status":0},{"playerId":2003,"score":1125,"energy":3,"posx":7,"posy":8,"lastAction":1,"status":0},{"playerId":2451990,"score":800,"energy":16,"posx":16,"posy":4,"lastAction":2,"status":0},{"playerId":1166,"score":1000,"energy":24,"posx":18,"posy":4,"lastAction":5,"status":0}],"golds":[{"posx":20,"posy":0,"amount":100},{"posx":0,"posy":1,"amount":150},{"posx":14,"posy":1,"amount":150},{"posx":18,"posy":4,"amount":200},{"posx":17,"posy":5,"amount":250},{"posx":0,"posy":6,"amount":50},{"posx":18,"posy":7,"amount":200}],"changedObstacles":[]},{"players":[{"playerId":2450708,"score":1225,"energy":33,"posx":17,"posy":5,"lastAction":4,"status":0},{"playerId":2003,"score":1125,"energy":2,"posx":8,"posy":8,"lastAction":1,"status":0},{"playerId":2451990,"score":800,"energy":15,"posx":16,"posy":5,"lastAction":3,"status":0},{"playerId":1166,"score":1050,"energy":19,"posx":18,"posy":4,"lastAction":5,"status":0}],"golds":[{"posx":20,"posy":0,"amount":100},{"posx":0,"posy":1,"amount":150},{"posx":14,"posy":1,"amount":150},{"posx":18,"posy":4,"amount":150},{"posx":17,"posy":5,"amount":250},{"posx":0,"posy":6,"amount":50},{"posx":18,"posy":7,"amount":200}],"changedObstacles":[]},{"players":[{"playerId":2450708,"score":1225,"energy":50,"posx":17,"posy":5,"lastAction":4,"status":0},{"playerId":2003,"score":1125,"energy":1,"posx":8,"posy":7,"lastAction":2,"status":0},{"playerId":2451990,"score":800,"energy":11,"posx":17,"posy":5,"lastAction":1,"status":0},{"playerId":1166,"score":1100,"energy":14,"posx":18,"posy":4,"lastAction":5,"status":0}],"golds":[{"posx":20,"posy":0,"amount":100},{"posx":0,"posy":1,"amount":150},{"posx":14,"posy":1,"amount":150},{"posx":18,"posy":4,"amount":100},{"posx":17,"posy":5,"amount":250},{"posx":0,"posy":6,"amount":50},{"posx":18,"posy":7,"amount":200}],"changedObstacles":[]},{"players":[{"playerId":2450708,"score":1275,"energy":45,"posx":17,"posy":5,"lastAction":5,"status":0},{"playerId":2003,"score":1125,"energy":13,"posx":8,"posy":7,"lastAction":4,"status":0},{"playerId":2451990,"score":850,"energy":6,"posx":17,"posy":5,"lastAction":5,"status":0},{"playerId":1166,"score":1150,"energy":9,"posx":18,"posy":4,"lastAction":5,"status":0}],"golds":[{"posx":20,"posy":0,"amount":100},{"posx":0,"posy":1,"amount":150},{"posx":14,"posy":1,"amount":150},{"posx":18,"posy":4,"amount":50},{"posx":17,"posy":5,"amount":150},{"posx":0,"posy":6,"amount":50},{"posx":18,"posy":7,"amount":200}],"changedObstacles":[]},{"players":[{"playerId":2450708,"score":1325,"energy":40,"posx":17,"posy":5,"lastAction":5,"status":0},{"playerId":2003,"score":1125,"energy":12,"posx":8,"posy":6,"lastAction":2,"status":0},{"playerId":2451990,"score":900,"energy":1,"posx":17,"posy":5,"lastAction":5,"status":0},{"playerId":1166,"score":1200,"energy":4,"posx":18,"posy":4,"lastAction":5,"status":0}],"golds":[{"posx":20,"posy":0,"amount":100},{"posx":0,"posy":1,"amount":150},{"posx":14,"posy":1,"amount":150},{"posx":17,"posy":5,"amount":50},{"posx":0,"posy":6,"amount":50},{"posx":18,"posy":7,"amount":200}],"changedObstacles":[{"type":0,"posx":18,"posy":4,"value":-1}]},{"players":[{"playerId":2450708,"score":1375,"energy":35,"posx":17,"posy":5,"lastAction":5,"status":0},{"playerId":2003,"score":1125,"energy":11,"posx":9,"posy":6,"lastAction":1,"status":0},{"playerId":2451990,"score":900,"energy":13,"posx":17,"posy":5,"lastAction":4,"status":0},{"playerId":1166,"score":1200,"energy":16,"posx":18,"posy":4,"lastAction":4,"status":0}],"golds":[{"posx":20,"posy":0,"amount":100},{"posx":0,"posy":1,"amount":150},{"posx":14,"posy":1,"amount":150},{"posx":0,"posy":6,"amount":50},{"posx":18,"posy":7,"amount":200}],"changedObstacles":[{"type":0,"posx":17,"posy":5,"value":-1}]},{"players":[{"playerId":2450708,"score":1375,"energy":34,"posx":17,"posy":6,"lastAction":3,"status":0},{"playerId":2003,"score":1125,"energy":10,"posx":10,"posy":6,"lastAction":1,"status":0},{"playerId":2451990,"score":900,"energy":29,"posx":17,"posy":5,"lastAction":4,"status":0},{"playerId":1166,"score":1200,"energy":32,"posx":18,"posy":4,"lastAction":4,"status":0}],"golds":[{"posx":20,"posy":0,"amount":100},{"posx":0,"posy":1,"amount":150},{"posx":14,"posy":1,"amount":150},{"posx":0,"posy":6,"amount":50},{"posx":18,"posy":7,"amount":200}],"changedObstacles":[]},{"players":[{"playerId":2450708,"score":1375,"energy":33,"posx":18,"posy":6,"lastAction":1,"status":0},{"playerId":2003,"score":1125,"energy":22,"posx":10,"posy":6,"lastAction":4,"status":0},{"playerId":2451990,"score":900,"energy":50,"posx":17,"posy":5,"lastAction":4,"status":0},{"playerId":1166,"score":1200,"energy":50,"posx":18,"posy":4,"lastAction":4,"status":0}],"golds":[{"posx":20,"posy":0,"amount":100},{"posx":0,"posy":1,"amount":150},{"posx":14,"posy":1,"amount":150},{"posx":0,"posy":6,"amount":50},{"posx":18,"posy":7,"amount":200}],"changedObstacles":[]},{"players":[{"playerId":2450708,"score":1375,"energy":29,"posx":18,"posy":7,"lastAction":3,"status":0},{"playerId":2003,"score":1125,"energy":12,"posx":10,"posy":5,"lastAction":2,"status":0},{"playerId":2451990,"score":900,"energy":49,"posx":17,"posy":6,"lastAction":3,"status":0},{"playerId":1166,"score":1200,"energy":34,"posx":18,"posy":5,"lastAction":3,"status":0}],"golds":[{"posx":20,"posy":0,"amount":100},{"posx":0,"posy":1,"amount":150},{"posx":14,"posy":1,"amount":150},{"posx":0,"posy":6,"amount":50},{"posx":18,"posy":7,"amount":200}],"changedObstacles":[{"type":0,"posx":10,"posy":5,"value":-1}]},{"players":[{"playerId":2450708,"score":1425,"energy":24,"posx":18,"posy":7,"lastAction":5,"status":0},{"playerId":2003,"score":1125,"energy":11,"posx":10,"posy":4,"lastAction":2,"status":0},{"playerId":2451990,"score":900,"energy":48,"posx":18,"posy":6,"lastAction":1,"status":0},{"playerId":1166,"score":1200,"energy":33,"posx":18,"posy":6,"lastAction":3,"status":0}],"golds":[{"posx":20,"posy":0,"amount":100},{"posx":0,"posy":1,"amount":150},{"posx":14,"posy":1,"amount":150},{"posx":0,"posy":6,"amount":50},{"posx":18,"posy":7,"amount":150}],"changedObstacles":[]},{"players":[{"playerId":2450708,"score":1475,"energy":19,"posx":18,"posy":7,"lastAction":5,"status":0},{"playerId":2003,"score":1125,"energy":10,"posx":11,"posy":4,"lastAction":1,"status":0},{"playerId":2451990,"score":900,"energy":44,"posx":18,"posy":7,"lastAction":3,"status":0},{"playerId":1166,"score":1200,"energy":29,"posx":18,"posy":7,"lastAction":3,"status":0}],"golds":[{"posx":20,"posy":0,"amount":100},{"posx":0,"posy":1,"amount":150},{"posx":14,"posy":1,"amount":150},{"posx":0,"posy":6,"amount":50},{"posx":18,"posy":7,"amount":100}],"changedObstacles":[]},{"players":[{"playerId":2450708,"score":1509,"energy":14,"posx":18,"posy":7,"lastAction":5,"status":0},{"playerId":2003,"score":1125,"energy":9,"posx":12,"posy":4,"lastAction":1,"status":0},{"playerId":2451990,"score":934,"energy":39,"posx":18,"posy":7,"lastAction":5,"status":0},{"playerId":1166,"score":1234,"energy":24,"posx":18,"posy":7,"lastAction":5,"status":0}],"golds":[{"posx":20,"posy":0,"amount":100},{"posx":0,"posy":1,"amount":150},{"posx":14,"posy":1,"amount":150},{"posx":0,"posy":6,"amount":50}],"changedObstacles":[{"type":0,"posx":18,"posy":7,"value":-1}]},{"players":[{"playerId":2450708,"score":1509,"energy":13,"posx":18,"posy":6,"lastAction":2,"status":0},{"playerId":2003,"score":1125,"energy":8,"posx":13,"posy":4,"lastAction":1,"status":0},{"playerId":2451990,"score":934,"energy":38,"posx":17,"posy":7,"lastAction":0,"status":0},{"playerId":1166,"score":1234,"energy":7,"posx":19,"posy":7,"lastAction":1,"status":0}],"golds":[{"posx":20,"posy":0,"amount":100},{"posx":0,"posy":1,"amount":150},{"posx":14,"posy":1,"amount":150},{"posx":0,"posy":6,"amount":50}],"changedObstacles":[]},{"players":[{"playerId":2450708,"score":1509,"energy":12,"posx":17,"posy":6,"lastAction":0,"status":0},{"playerId":2003,"score":1125,"energy":3,"posx":13,"posy":3,"lastAction":2,"status":0},{"playerId":2451990,"score":934,"energy":37,"posx":16,"posy":7,"lastAction":0,"status":0},{"playerId":1166,"score":1234,"energy":2,"posx":19,"posy":6,"lastAction":2,"status":0}],"golds":[{"posx":20,"posy":0,"amount":100},{"posx":0,"posy":1,"amount":150},{"posx":14,"posy":1,"amount":150},{"posx":0,"posy":6,"amount":50}],"changedObstacles":[{"type":3,"posx":13,"posy":3,"value":-20},{"type":3,"posx":19,"posy":6,"value":-20}]},{"players":[{"playerId":2450708,"score":1509,"energy":11,"posx":17,"posy":5,"lastAction":2,"status":0},{"playerId":2003,"score":1125,"energy":2,"posx":14,"posy":3,"lastAction":1,"status":0},{"playerId":2451990,"score":934,"energy":36,"posx":16,"posy":6,"lastAction":2,"status":0},{"playerId":1166,"score":1234,"energy":1,"posx":20,"posy":6,"lastAction":1,"status":0}],"golds":[{"posx":20,"posy":0,"amount":100},{"posx":0,"posy":1,"amount":150},{"posx":14,"posy":1,"amount":150},{"posx":0,"posy":6,"amount":50}],"changedObstacles":[]},{"players":[{"playerId":2450708,"score":1509,"energy":10,"posx":16,"posy":5,"lastAction":0,"status":0},{"playerId":2003,"score":1125,"energy":14,"posx":14,"posy":3,"lastAction":4,"status":0},{"playerId":2451990,"score":934,"energy":35,"posx":16,"posy":5,"lastAction":2,"status":0},{"playerId":1166,"score":1234,"energy":13,"posx":20,"posy":6,"lastAction":4,"status":0}],"golds":[{"posx":20,"posy":0,"amount":100},{"posx":0,"posy":1,"amount":150},{"posx":14,"posy":1,"amount":150},{"posx":0,"posy":6,"amount":50}],"changedObstacles":[]},{"players":[{"playerId":2450708,"score":1509,"energy":9,"posx":15,"posy":5,"lastAction":0,"status":0},{"playerId":2003,"score":1125,"energy":4,"posx":14,"posy":2,"lastAction":2,"status":0},{"playerId":2451990,"score":934,"energy":34,"posx":15,"posy":5,"lastAction":0,"status":0},{"playerId":1166,"score":1234,"energy":29,"posx":20,"posy":6,"lastAction":4,"status":0}],"golds":[{"posx":20,"posy":0,"amount":100},{"posx":0,"posy":1,"amount":150},{"posx":14,"posy":1,"amount":150},{"posx":0,"posy":6,"amount":50}],"changedObstacles":[{"type":0,"posx":14,"posy":2,"value":-1}]},{"players":[{"playerId":2450708,"score":1509,"energy":8,"posx":15,"posy":4,"lastAction":2,"status":0},{"playerId":2003,"score":1125,"energy":16,"posx":14,"posy":2,"lastAction":4,"status":0},{"playerId":2451990,"score":934,"energy":33,"posx":15,"posy":4,"lastAction":2,"status":0},{"playerId":1166,"score":1234,"energy":50,"posx":20,"posy":6,"lastAction":4,"status":0}],"golds":[{"posx":20,"posy":0,"amount":100},{"posx":0,"posy":1,"amount":150},{"posx":14,"posy":1,"amount":150},{"posx":0,"posy":6,"amount":50}],"changedObstacles":[]},{"players":[{"playerId":2450708,"score":1509,"energy":20,"posx":15,"posy":4,"lastAction":4,"status":0},{"playerId":2003,"score":1125,"energy":12,"posx":14,"posy":1,"lastAction":2,"status":0},{"playerId":2451990,"score":934,"energy":18,"posx":14,"posy":4,"lastAction":0,"status":0},{"playerId":1166,"score":1234,"energy":49,"posx":20,"posy":5,"lastAction":2,"status":0}],"golds":[{"posx":20,"posy":0,"amount":100},{"posx":0,"posy":1,"amount":150},{"posx":14,"posy":1,"amount":150},{"posx":0,"posy":6,"amount":50}],"changedObstacles":[]},{"players":[{"playerId":2450708,"score":1509,"energy":36,"posx":15,"posy":4,"lastAction":4,"status":0},{"playerId":2003,"score":1175,"energy":7,"posx":14,"posy":1,"lastAction":5,"status":0},{"playerId":2451990,"score":934,"energy":17,"posx":14,"posy":3,"lastAction":2,"status":0},{"playerId":1166,"score":1234,"energy":48,"posx":20,"posy":4,"lastAction":2,"status":0}],"golds":[{"posx":20,"posy":0,"amount":100},{"posx":0,"posy":1,"amount":150},{"posx":14,"posy":1,"amount":100},{"posx":0,"posy":6,"amount":50}],"changedObstacles":[]},{"players":[{"playerId":2450708,"score":1509,"energy":29,"posx":15,"posy":3,"lastAction":2,"status":0},{"playerId":2003,"score":1225,"energy":2,"posx":14,"posy":1,"lastAction":5,"status":0},{"playerId":2451990,"score":934,"energy":16,"posx":14,"posy":2,"lastAction":2,"status":0},{"playerId":1166,"score":1234,"energy":38,"posx":20,"posy":3,"lastAction":2,"status":0}],"golds":[{"posx":20,"posy":0,"amount":100},{"posx":0,"posy":1,"amount":150},{"posx":14,"posy":1,"amount":50},{"posx":0,"posy":6,"amount":50}],"changedObstacles":[{"type":0,"posx":20,"posy":3,"value":-1}]},{"players":[{"playerId":2450708,"score":1509,"energy":28,"posx":15,"posy":2,"lastAction":2,"status":0},{"playerId":2003,"score":1225,"energy":14,"posx":14,"posy":1,"lastAction":4,"status":0},{"playerId":2451990,"score":934,"energy":12,"posx":14,"posy":1,"lastAction":2,"status":0},{"playerId":1166,"score":1234,"energy":33,"posx":20,"posy":2,"lastAction":2,"status":0}],"golds":[{"posx":20,"posy":0,"amount":100},{"posx":0,"posy":1,"amount":150},{"posx":14,"posy":1,"amount":50},{"posx":0,"posy":6,"amount":50}],"changedObstacles":[{"type":3,"posx":20,"posy":2,"value":-20}]},{"players":[{"playerId":2450708,"score":1509,"energy":27,"posx":15,"posy":1,"lastAction":2,"status":0},{"playerId":2003,"score":1250,"energy":9,"posx":14,"posy":1,"lastAction":5,"status":0},{"playerId":2451990,"score":959,"energy":7,"posx":14,"posy":1,"lastAction":5,"status":0},{"playerId":1166,"score":1234,"energy":32,"posx":20,"posy":1,"lastAction":2,"status":0}],"golds":[{"posx":20,"posy":0,"amount":100},{"posx":0,"posy":1,"amount":150},{"posx":0,"posy":6,"amount":50}],"changedObstacles":[{"type":0,"posx":14,"posy":1,"value":-1}]},{"players":[{"playerId":2450708,"score":1509,"energy":26,"posx":15,"posy":0,"lastAction":2,"status":0},{"playerId":2003,"score":1250,"energy":8,"posx":15,"posy":1,"lastAction":1,"status":0},{"playerId":2451990,"score":959,"energy":6,"posx":15,"posy":1,"lastAction":1,"status":0},{"playerId":1166,"score":1234,"energy":28,"posx":20,"posy":0,"lastAction":2,"status":0}],"golds":[{"posx":20,"posy":0,"amount":100},{"posx":0,"posy":1,"amount":150},{"posx":0,"posy":6,"amount":50}],"changedObstacles":[]},{"players":[{"playerId":2450708,"score":1509,"energy":25,"posx":16,"posy":0,"lastAction":1,"status":0},{"playerId":2003,"score":1250,"energy":7,"posx":16,"posy":1,"lastAction":1,"status":0},{"playerId":2451990,"score":959,"energy":5,"posx":16,"posy":1,"lastAction":1,"status":0},{"playerId":1166,"score":1284,"energy":23,"posx":20,"posy":0,"lastAction":5,"status":0}],"golds":[{"posx":20,"posy":0,"amount":50},{"posx":0,"posy":1,"amount":150},{"posx":0,"posy":6,"amount":50}],"changedObstacles":[]},{"players":[{"playerId":2450708,"score":1509,"energy":24,"posx":15,"posy":0,"lastAction":0,"status":0},{"playerId":2003,"score":1250,"energy":6,"posx":15,"posy":1,"lastAction":0,"status":0},{"playerId":2451990,"score":959,"energy":4,"posx":16,"posy":0,"lastAction":2,"status":0},{"playerId":1166,"score":1334,"energy":18,"posx":20,"posy":0,"lastAction":5,"status":0}],"golds":[{"posx":0,"posy":1,"amount":150},{"posx":0,"posy":6,"amount":50}],"changedObstacles":[{"type":0,"posx":20,"posy":0,"value":-1}]},{"players":[{"playerId":2450708,"score":1509,"energy":14,"posx":14,"posy":0,"lastAction":0,"status":0},{"playerId":2003,"score":1250,"energy":5,"posx":14,"posy":1,"lastAction":0,"status":0},{"playerId":2451990,"score":959,"energy":3,"posx":15,"posy":0,"lastAction":0,"status":0},{"playerId":1166,"score":1334,"energy":17,"posx":20,"posy":1,"lastAction":3,"status":0}],"golds":[{"posx":0,"posy":1,"amount":150},{"posx":0,"posy":6,"amount":50}],"changedObstacles":[{"type":0,"posx":14,"posy":0,"value":-1}]},{"players":[{"playerId":2450708,"score":1509,"energy":13,"posx":13,"posy":0,"lastAction":0,"status":0},{"playerId":2003,"score":1250,"energy":17,"posx":14,"posy":1,"lastAction":4,"status":0},{"playerId":2451990,"score":959,"energy":2,"posx":14,"posy":0,"lastAction":0,"status":0},{"playerId":1166,"score":1334,"energy":29,"posx":20,"posy":1,"lastAction":4,"status":0}],"golds":[{"posx":0,"posy":1,"amount":150},{"posx":0,"posy":6,"amount":50}],"changedObstacles":[]},{"players":[{"playerId":2450708,"score":1509,"energy":12,"posx":12,"posy":0,"lastAction":0,"status":0},{"playerId":2003,"score":1250,"energy":7,"posx":13,"posy":1,"lastAction":0,"status":0},{"playerId":2451990,"score":959,"energy":1,"posx":13,"posy":0,"lastAction":0,"status":0},{"playerId":1166,"score":1334,"energy":45,"posx":20,"posy":1,"lastAction":4,"status":0}],"golds":[{"posx":0,"posy":1,"amount":150},{"posx":0,"posy":6,"amount":50}],"changedObstacles":[{"type":0,"posx":13,"posy":1,"value":-1}]},{"players":[{"playerId":2450708,"score":1509,"energy":24,"posx":12,"posy":0,"lastAction":4,"status":0},{"playerId":2003,"score":1250,"energy":6,"posx":12,"posy":1,"lastAction":0,"status":0},{"playerId":2451990,"score":959,"energy":13,"posx":13,"posy":0,"lastAction":4,"status":0},{"playerId":1166,"score":1334,"energy":33,"posx":19,"posy":1,"lastAction":0,"status":0}],"golds":[{"posx":0,"posy":1,"amount":150},{"posx":0,"posy":6,"amount":50}],"changedObstacles":[]},{"players":[{"playerId":2450708,"score":1509,"energy":13,"posx":11,"posy":0,"lastAction":0,"status":0},{"playerId":2003,"score":1250,"energy":18,"posx":12,"posy":1,"lastAction":4,"status":0},{"playerId":2451990,"score":959,"energy":29,"posx":13,"posy":0,"lastAction":4,"status":0},{"playerId":1166,"score":1334,"energy":15,"posx":18,"posy":1,"lastAction":0,"status":0}],"golds":[{"posx":0,"posy":1,"amount":150},{"posx":0,"posy":6,"amount":50}],"changedObstacles":[]},{"players":[{"playerId":2450708,"score":1509,"energy":12,"posx":10,"posy":0,"lastAction":0,"status":0},{"playerId":2003,"score":1250,"energy":8,"posx":11,"posy":1,"lastAction":0,"status":0},{"playerId":2451990,"score":959,"energy":50,"posx":13,"posy":0,"lastAction":4,"status":0},{"playerId":1166,"score":1334,"energy":5,"posx":17,"posy":1,"lastAction":0,"status":0}],"golds":[{"posx":0,"posy":1,"amount":150},{"posx":0,"posy":6,"amount":50}],"changedObstacles":[{"type":0,"posx":11,"posy":1,"value":-1},{"type":0,"posx":17,"posy":1,"value":-1}]},{"players":[{"playerId":2450708,"score":1509,"energy":11,"posx":9,"posy":0,"lastAction":0,"status":0},{"playerId":2003,"score":1250,"energy":20,"posx":11,"posy":1,"lastAction":4,"status":0},{"playerId":2451990,"score":959,"energy":49,"posx":12,"posy":0,"lastAction":0,"status":0},{"playerId":1166,"score":1334,"energy":4,"posx":16,"posy":1,"lastAction":0,"status":0}],"golds":[{"posx":0,"posy":1,"amount":150},{"posx":0,"posy":6,"amount":50}],"changedObstacles":[]},{"players":[{"playerId":2450708,"score":1509,"energy":6,"posx":9,"posy":1,"lastAction":3,"status":0},{"playerId":2003,"score":1250,"energy":36,"posx":11,"posy":1,"lastAction":4,"status":0},{"playerId":2451990,"score":959,"energy":37,"posx":11,"posy":0,"lastAction":0,"status":0},{"playerId":1166,"score":1334,"energy":3,"posx":15,"posy":1,"lastAction":0,"status":0}],"golds":[{"posx":0,"posy":1,"amount":150},{"posx":0,"posy":6,"amount":50}],"changedObstacles":[{"type":3,"posx":9,"posy":1,"value":-20}]},{"players":[{"playerId":2450708,"score":1509,"energy":1,"posx":8,"posy":1,"lastAction":0,"status":0},{"playerId":2003,"score":1250,"energy":26,"posx":10,"posy":1,"lastAction":0,"status":0},{"playerId":2451990,"score":959,"energy":36,"posx":10,"posy":0,"lastAction":0,"status":0},{"playerId":1166,"score":1334,"energy":2,"posx":14,"posy":1,"lastAction":0,"status":0}],"golds":[{"posx":0,"posy":1,"amount":150},{"posx":0,"posy":6,"amount":50}],"changedObstacles":[{"type":3,"posx":8,"posy":1,"value":-20}]},{"players":[{"playerId":2450708,"score":1509,"energy":13,"posx":8,"posy":1,"lastAction":4,"status":0},{"playerId":2003,"score":1250,"energy":6,"posx":9,"posy":1,"lastAction":0,"status":0},{"playerId":2451990,"score":959,"energy":35,"posx":9,"posy":0,"lastAction":0,"status":0},{"playerId":1166,"score":1334,"energy":1,"posx":13,"posy":1,"lastAction":0,"status":0}],"golds":[{"posx":0,"posy":1,"amount":150},{"posx":0,"posy":6,"amount":50}],"changedObstacles":[{"type":3,"posx":9,"posy":1,"value":-40}]},{"players":[{"playerId":2450708,"score":1509,"energy":12,"posx":7,"posy":1,"lastAction":0,"status":0},{"playerId":2003,"score":1250,"energy":18,"posx":9,"posy":1,"lastAction":4,"status":0},{"playerId":2451990,"score":959,"energy":27,"posx":8,"posy":0,"lastAction":0,"status":0},{"playerId":1166,"score":1334,"energy":13,"posx":13,"posy":1,"lastAction":4,"status":0}],"golds":[{"posx":0,"posy":1,"amount":150},{"posx":0,"posy":6,"amount":50}],"changedObstacles":[]},{"players":[{"playerId":2450708,"score":1509,"energy":11,"posx":6,"posy":1,"lastAction":0,"status":0},{"playerId":2003,"score":1250,"energy":34,"posx":9,"posy":1,"lastAction":4,"status":0},{"playerId":2451990,"score":959,"energy":26,"posx":7,"posy":0,"lastAction":0,"status":0},{"playerId":1166,"score":1334,"energy":29,"posx":13,"posy":1,"lastAction":4,"status":0}],"golds":[{"posx":0,"posy":1,"amount":150},{"posx":0,"posy":6,"amount":50}],"changedObstacles":[]},{"players":[{"playerId":2450708,"score":1509,"energy":10,"posx":5,"posy":1,"lastAction":0,"status":0},{"playerId":2003,"score":1250,"energy":14,"posx":8,"posy":1,"lastAction":0,"status":0},{"playerId":2451990,"score":959,"energy":25,"posx":7,"posy":1,"lastAction":3,"status":0},{"playerId":1166,"score":1334,"energy":50,"posx":13,"posy":1,"lastAction":4,"status":0}],"golds":[{"posx":0,"posy":1,"amount":150},{"posx":0,"posy":6,"amount":50}],"changedObstacles":[{"type":3,"posx":8,"posy":1,"value":-40}]},{"players":[{"playerId":2450708,"score":1509,"energy":9,"posx":4,"posy":1,"lastAction":0,"status":0},{"playerId":2003,"score":1250,"energy":13,"posx":7,"posy":1,"lastAction":0,"status":0},{"playerId":2451990,"score":959,"energy":24,"posx":6,"posy":1,"lastAction":0,"status":0},{"playerId":1166,"score":1334,"energy":49,"posx":12,"posy":1,"lastAction":0,"status":0}],"golds":[{"posx":0,"posy":1,"amount":150},{"posx":0,"posy":6,"amount":50}],"changedObstacles":[]},{"players":[{"playerId":2450708,"score":1509,"energy":21,"posx":4,"posy":1,"lastAction":4,"status":0},{"playerId":2003,"score":1250,"energy":12,"posx":6,"posy":1,"lastAction":0,"status":0},{"playerId":2451990,"score":959,"energy":23,"posx":5,"posy":1,"lastAction":0,"status":0},{"playerId":1166,"score":1334,"energy":48,"posx":11,"posy":1,"lastAction":0,"status":0}],"golds":[{"posx":0,"posy":1,"amount":150},{"posx":0,"posy":6,"amount":50}],"changedObstacles":[]},{"players":[{"playerId":2450708,"score":1509,"energy":37,"posx":4,"posy":1,"lastAction":4,"status":0},{"playerId":2003,"score":1250,"energy":11,"posx":5,"posy":1,"lastAction":0,"status":0},{"playerId":2451990,"score":959,"energy":22,"posx":4,"posy":1,"lastAction":0,"status":0},{"playerId":1166,"score":1334,"energy":36,"posx":10,"posy":1,"lastAction":0,"status":0}],"golds":[{"posx":0,"posy":1,"amount":150},{"posx":0,"posy":6,"amount":50}],"changedObstacles":[]},{"players":[{"playerId":2450708,"score":1509,"energy":27,"posx":3,"posy":1,"lastAction":0,"status":0},{"playerId":2003,"score":1250,"energy":10,"posx":4,"posy":1,"lastAction":0,"status":0},{"playerId":2451990,"score":959,"energy":12,"posx":3,"posy":1,"lastAction":0,"status":0},{"playerId":1166,"score":1334,"energy":48,"posx":10,"posy":1,"lastAction":4,"status":0}],"golds":[{"posx":0,"posy":1,"amount":150},{"posx":0,"posy":6,"amount":50}],"changedObstacles":[{"type":0,"posx":3,"posy":1,"value":-1}]},{"players":[{"playerId":2450708,"score":1509,"energy":26,"posx":2,"posy":1,"lastAction":0,"status":0},{"playerId":2003,"score":1250,"energy":9,"posx":3,"posy":1,"lastAction":0,"status":0},{"playerId":2451990,"score":959,"energy":11,"posx":2,"posy":1,"lastAction":0,"status":0},{"playerId":1166,"score":1334,"energy":8,"posx":9,"posy":1,"lastAction":0,"status":0}],"golds":[{"posx":0,"posy":1,"amount":150},{"posx":0,"posy":6,"amount":50}],"changedObstacles":[{"type":3,"posx":9,"posy":1,"value":-100}]},{"players":[{"playerId":2450708,"score":1509,"energy":21,"posx":1,"posy":1,"lastAction":0,"status":0},{"playerId":2003,"score":1250,"energy":8,"posx":2,"posy":1,"lastAction":0,"status":0},{"playerId":2451990,"score":959,"energy":6,"posx":1,"posy":1,"lastAction":0,"status":0},{"playerId":1166,"score":1334,"energy":20,"posx":9,"posy":1,"lastAction":4,"status":0}],"golds":[{"posx":0,"posy":1,"amount":150},{"posx":0,"posy":6,"amount":50}],"changedObstacles":[{"type":3,"posx":1,"posy":1,"value":-20}]},{"players":[{"playerId":2450708,"score":1509,"energy":17,"posx":0,"posy":1,"lastAction":0,"status":0},{"playerId":2003,"score":1250,"energy":20,"posx":2,"posy":1,"lastAction":4,"status":0},{"playerId":2451990,"score":959,"energy":2,"posx":0,"posy":1,"lastAction":0,"status":0},{"playerId":1166,"score":1334,"energy":36,"posx":9,"posy":1,"lastAction":4,"status":0}],"golds":[{"posx":0,"posy":1,"amount":150},{"posx":0,"posy":6,"amount":50}],"changedObstacles":[]},{"players":[{"playerId":2450708,"score":1559,"energy":12,"posx":0,"posy":1,"lastAction":5,"status":0},{"playerId":2003,"score":1250,"energy":36,"posx":2,"posy":1,"lastAction":4,"status":0},{"playerId":2451990,"score":959,"energy":14,"posx":0,"posy":1,"lastAction":4,"status":0},{"playerId":1166,"score":1334,"energy":50,"posx":9,"posy":1,"lastAction":4,"status":0}],"golds":[{"posx":0,"posy":1,"amount":100},{"posx":0,"posy":6,"amount":50}],"changedObstacles":[]}]