[{"players":[{"playerId":2349571,"score":0,"energy":49,"posx":9,"posy":3,"lastAction":3,"status":0},{"playerId":2611188,"score":0,"energy":49,"posx":9,"posy":3,"lastAction":3,"status":0},{"playerId":206247,"score":0,"energy":49,"posx":9,"posy":3,"lastAction":3,"status":0},{"playerId":2287533,"score":0,"energy":50,"posx":9,"posy":2,"lastAction":4,"status":0}],"golds":[{"posx":4,"posy":8,"amount":100},{"posx":8,"posy":7,"amount":450},{"posx":0,"posy":1,"amount":150},{"posx":16,"posy":6,"amount":500},{"posx":20,"posy":0,"amount":100},{"posx":3,"posy":3,"amount":700},{"posx":14,"posy":6,"amount":50},{"posx":2,"posy":6,"amount":500},{"posx":0,"posy":6,"amount":50},{"posx":3,"posy":8,"amount":50},{"posx":6,"posy":4,"amount":150},{"posx":18,"posy":4,"amount":600},{"posx":4,"posy":1,"amount":50},{"posx":12,"posy":8,"amount":300},{"posx":1,"posy":8,"amount":650},{"posx":17,"posy":5,"amount":300},{"posx":18,"posy":7,"amount":200},{"posx":6,"posy":8,"amount":100},{"posx":14,"posy":1,"amount":150},{"posx":10,"posy":3,"amount":100}],"changedObstacles":[]},{"players":[{"playerId":2349571,"score":0,"energy":45,"posx":10,"posy":3,"lastAction":1,"status":0},{"playerId":2611188,"score":0,"energy":48,"posx":9,"posy":4,"lastAction":3,"status":0},{"playerId":206247,"score":0,"energy":48,"posx":9,"posy":4,"lastAction":3,"status":0},{"playerId":2287533,"score":0,"energy":40,"posx":10,"posy":2,"lastAction":1,"status":0}],"golds":[{"posx":4,"posy":8,"amount":100},{"posx":8,"posy":7,"amount":450},{"posx":0,"posy":1,"amount":150},{"posx":16,"posy":6,"amount":500},{"posx":20,"posy":0,"amount":100},{"posx":3,"posy":3,"amount":700},{"posx":14,"posy":6,"amount":50},{"posx":2,"posy":6,"amount":500},{"posx":0,"posy":6,"amount":50},{"posx":3,"posy":8,"amount":50},{"posx":6,"posy":4,"amount":150},{"posx":18,"posy":4,"amount":600},{"posx":4,"posy":1,"amount":50},{"posx":12,"posy":8,"amount":300},{"posx":1,"posy":8,"amount":650},{"posx":17,"posy":5,"amount":300},{"posx":18,"posy":7,"amount":200},{"posx":6,"posy":8,"amount":100},{"posx":14,"posy":1,"amount":150},{"posx":10,"posy":3,"amount":100}],"changedObstacles":[{"type":0,"posx":10,"posy":2,"value":-1}]},{"players":[{"playerId":2349571,"score":50,"energy":40,"posx":10,"posy":3,"lastAction":5,"status":0},{"playerId":2611188,"score":0,"energy":47,"posx":9,"posy":5,"lastAction":3,"status":0},{"playerId":206247,"score":0,"energy":47,"posx":9,"posy":5,"lastAction":3,"status":0},{"playerId":2287533,"score":0,"energy":36,"posx":10,"posy":3,"lastAction":3,"status":0}],"golds":[{"posx":20,"posy":0,"amount":100},{"posx":0,"posy":1,"amount":150},{"posx":4,"posy":1,"amount":50},{"posx":14,"posy":1,"amount":150},{"posx":3,"posy":3,"amount":700},{"posx":10,"posy":3,"amount":50},{"posx":6,"posy":4,"amount":150},{"posx":18,"posy":4,"amount":600},{"posx":17,"posy":5,"amount":300},{"posx":0,"posy":6,"amount":50},{"posx":2,"posy":6,"amount":500},{"posx":14,"posy":6,"amount":50},{"posx":16,"posy":6,"amount":500},{"posx":8,"posy":7,"amount":450},{"posx":18,"posy":7,"amount":200},{"posx":1,"posy":8,"amount":650},{"posx":3,"posy":8,"amount":50},{"posx":4,"posy":8,"amount":100},{"posx":6,"posy":8,"amount":100},{"posx":12,"posy":8,"amount":300}],"changedObstacles":[]},{"players":[{"playerId":2349571,"score":75,"energy":35,"posx":10,"posy":3,"lastAction":5,"status":0},{"playerId":2611188,"score":0,"energy":46,"posx":9,"posy":6,"lastAction":3,"status":0},{"playerId":206247,"score":0,"energy":46,"posx":9,"posy":6,"lastAction":3,"status":0},{"playerId":2287533,"score":25,"energy":31,"posx":10,"posy":3,"lastAction":5,"status":0}],"golds":[{"posx":20,"posy":0,"amount":100},{"posx":0,"posy":1,"amount":150},{"posx":4,"posy":1,"amount":50},{"posx":14,"posy":1,"amount":150},{"posx":3,"posy":3,"amount":700},{"posx":6,"posy":4,"amount":150},{"posx":18,"posy":4,"amount":600},{"posx":17,"posy":5,"amount":300},{"posx":0,"posy":6,"amount":50},{"posx":2,"posy":6,"amount":500},{"posx":14,"posy":6,"amount":50},{"posx":16,"posy":6,"amount":500},{"posx":8,"posy":7,"amount":450},{"posx":18,"posy":7,"amount":200},{"posx":1,"posy":8,"amount":650},{"posx":3,"posy":8,"amount":50},{"posx":4,"posy":8,"amount":100},{"posx":6,"posy":8,"amount":100},{"posx":12,"posy":8,"amount":300}],"changedObstacles":[{"type":0,"posx":10,"posy":3,"value":-1}]},{"players":[{"playerId":2349571,"score":75,"energy":19,"posx":11,"posy":3,"lastAction":1,"status":0},{"playerId":2611188,"score":0,"energy":45,"posx":10,"posy":6,"lastAction":1,"status":0},{"playerId":206247,"score":0,"energy":45,"posx":10,"posy":6,"lastAction":1,"status":0},{"playerId":2287533,"score":25,"energy":30,"posx":9,"posy":3,"lastAction":0,"status":0}],"golds":[{"posx":20,"posy":0,"amount":100},{"posx":0,"posy":1,"amount":150},{"posx":4,"posy":1,"amount":50},{"posx":14,"posy":1,"amount":150},{"posx":3,"posy":3,"amount":700},{"posx":6,"posy":4,"amount":150},{"posx":18,"posy":4,"amount":600},{"posx":17,"posy":5,"amount":300},{"posx":0,"posy":6,"amount":50},{"posx":2,"posy":6,"amount":500},{"posx":14,"posy":6,"amount":50},{"posx":16,"posy":6,"amount":500},{"posx":8,"posy":7,"amount":450},{"posx":18,"posy":7,"amount":200},{"posx":1,"posy":8,"amount":650},{"posx":3,"posy":8,"amount":50},{"posx":4,"posy":8,"amount":100},{"posx":6,"posy":8,"amount":100},{"posx":12,"posy":8,"amount":300}],"changedObstacles":[]},{"players":[{"playerId":2349571,"score":75,"energy":31,"posx":11,"posy":3,"lastAction":4,"status":0},{"playerId":2611188,"score":0,"energy":40,"posx":11,"posy":6,"lastAction":1,"status":0},{"playerId":206247,"score":0,"energy":40,"posx":11,"posy":6,"lastAction":1,"status":0},{"playerId":2287533,"score":25,"energy":25,"posx":8,"posy":3,"lastAction":0,"status":0}],"golds":[{"posx":20,"posy":0,"amount":100},{"posx":0,"posy":1,"amount":150},{"posx":4,"posy":1,"amount":50},{"posx":14,"posy":1,"amount":150},{"posx":3,"posy":3,"amount":700},{"posx":6,"posy":4,"amount":150},{"posx":18,"posy":4,"amount":600},{"posx":17,"posy":5,"amount":300},{"posx":0,"posy":6,"amount":50},{"posx":2,"posy":6,"amount":500},{"posx":14,"posy":6,"amount":50},{"posx":16,"posy":6,"amount":500},{"posx":8,"posy":7,"amount":450},{"posx":18,"posy":7,"amount":200},{"posx":1,"posy":8,"amount":650},{"posx":3,"posy":8,"amount":50},{"posx":4,"posy":8,"amount":100},{"posx":6,"posy":8,"amount":100},{"posx":12,"posy":8,"amount":300}],"changedObstacles":[{"type":3,"posx":8,"posy":3,"value":-20},{"type":3,"posx":11,"posy":6,"value":-20}]},{"players":[{"playerId":2349571,"score":75,"energy":30,"posx":11,"posy":4,"lastAction":3,"status":0},{"playerId":2611188,"score":0,"energy":35,"posx":12,"posy":6,"lastAction":1,"status":0},{"playerId":206247,"score":0,"energy":35,"posx":12,"posy":6,"lastAction":1,"status":0},{"playerId":2287533,"score":25,"energy":20,"posx":7,"posy":3,"lastAction":0,"status":0}],"golds":[{"posx":20,"posy":0,"amount":100},{"posx":0,"posy":1,"amount":150},{"posx":4,"posy":1,"amount":50},{"posx":14,"posy":1,"amount":150},{"posx":3,"posy":3,"amount":700},{"posx":6,"posy":4,"amount":150},{"posx":18,"posy":4,"amount":600},{"posx":17,"posy":5,"amount":300},{"posx":0,"posy":6,"amount":50},{"posx":2,"posy":6,"amount":500},{"posx":14,"posy":6,"amount":50},{"posx":16,"posy":6,"amount":500},{"posx":8,"posy":7,"amount":450},{"posx":18,"posy":7,"amount":200},{"posx":1,"posy":8,"amount":650},{"posx":3,"posy":8,"amount":50},{"posx":4,"posy":8,"amount":100},{"posx":6,"posy":8,"amount":100},{"posx":12,"posy":8,"amount":300}],"changedObstacles":[{"type":3,"posx":7,"posy":3,"value":-20},{"type":3,"posx":12,"posy":6,"value":-20}]},{"players":[{"playerId":2349571,"score":75,"energy":14,"posx":11,"posy":5,"lastAction":3,"status":0},{"playerId":2611188,"score":0,"energy":34,"posx":13,"posy":6,"lastAction":1,"status":0},{"playerId":206247,"score":0,"energy":34,"posx":13,"posy":6,"lastAction":1,"status":0},{"playerId":2287533,"score":25,"energy":32,"posx":7,"posy":3,"lastAction":4,"status":0}],"golds":[{"posx":20,"posy":0,"amount":100},{"posx":0,"posy":1,"amount":150},{"posx":4,"posy":1,"amount":50},{"posx":14,"posy":1,"amount":150},{"posx":3,"posy":3,"amount":700},{"posx":6,"posy":4,"amount":150},{"posx":18,"posy":4,"amount":600},{"posx":17,"posy":5,"amount":300},{"posx":0,"posy":6,"amount":50},{"posx":2,"posy":6,"amount":500},{"posx":14,"posy":6,"amount":50},{"posx":16,"posy":6,"amount":500},{"posx":8,"posy":7,"amount":450},{"posx":18,"posy":7,"amount":200},{"posx":1,"posy":8,"amount":650},{"posx":3,"posy":8,"amount":50},{"posx":4,"posy":8,"amount":100},{"posx":6,"posy":8,"amount":100},{"posx":12,"posy":8,"amount":300}],"changedObstacles":[]},{"players":[{"playerId":2349571,"score":75,"energy":26,"posx":11,"posy":5,"lastAction":4,"status":0},{"playerId":2611188,"score":0,"energy":30,"posx":14,"posy":6,"lastAction":1,"status":0},{"playerId":206247,"score":0,"energy":30,"posx":14,"posy":6,"lastAction":1,"status":0},{"playerId":2287533,"score":25,"energy":31,"posx":7,"posy":4,"lastAction":3,"status":0}],"golds":[{"posx":20,"posy":0,"amount":100},{"posx":0,"posy":1,"amount":150},{"posx":4,"posy":1,"amount":50},{"posx":14,"posy":1,"amount":150},{"posx":3,"posy":3,"amount":700},{"posx":6,"posy":4,"amount":150},{"posx":18,"posy":4,"amount":600},{"posx":17,"posy":5,"amount":300},{"posx":0,"posy":6,"amount":50},{"posx":2,"posy":6,"amount":500},{"posx":14,"posy":6,"amount":50},{"posx":16,"posy":6,"amount":500},{"posx":8,"posy":7,"amount":450},{"posx":18,"posy":7,"amount":200},{"posx":1,"posy":8,"amount":650},{"posx":3,"posy":8,"amount":50},{"posx":4,"posy":8,"amount":100},{"posx":6,"posy":8,"amount":100},{"posx":12,"posy":8,"amount":300}],"changedObstacles":[]},{"players":[{"playerId":2349571,"score":75,"energy":6,"posx":11,"posy":6,"lastAction":3,"status":0},{"playerId":2611188,"score":50,"energy":25,"posx":14,"posy":6,"lastAction":5,"status":0},{"playerId":206247,"score":0,"energy":25,"posx":15,"posy":6,"lastAction":1,"status":0},{"playerId":2287533,"score":25,"energy":27,"posx":6,"posy":4,"lastAction":0,"status":0}],"golds":[{"posx":20,"posy":0,"amount":100},{"posx":0,"posy":1,"amount":150},{"posx":4,"posy":1,"amount":50},{"posx":14,"posy":1,"amount":150},{"posx":3,"posy":3,"amount":700},{"posx":6,"posy":4,"amount":150},{"posx":18,"posy":4,"amount":600},{"posx":17,"posy":5,"amount":300},{"posx":0,"posy":6,"amount":50},{"posx":2,"posy":6,"amount":500},{"posx":16,"posy":6,"amount":500},{"posx":8,"posy":7,"amount":450},{"posx":18,"posy":7,"amount":200},{"posx":1,"posy":8,"amount":650},{"posx":3,"posy":8,"amount":50},{"posx":4,"posy":8,"amount":100},{"posx":6,"posy":8,"amount":100},{"posx":12,"posy":8,"amount":300}],"changedObstacles":[{"type":3,"posx":15,"posy":6,"value":-20},{"type":3,"posx":11,"posy":6,"value":-40},{"type":0,"posx":14,"posy":6,"value":-1}]},{"players":[{"playerId":2349571,"score":75,"energy":18,"posx":11,"posy":6,"lastAction":4,"status":0},{"playerId":2611188,"score":50,"energy":20,"posx":14,"posy":5,"lastAction":2,"status":0},{"playerId":206247,"score":0,"energy":21,"posx":16,"posy":6,"lastAction":1,"status":0},{"playerId":2287533,"score":75,"energy":22,"posx":6,"posy":4,"lastAction":5,"status":0}],"golds":[{"posx":20,"posy":0,"amount":100},{"posx":0,"posy":1,"amount":150},{"posx":4,"posy":1,"amount":50},{"posx":14,"posy":1,"amount":150},{"posx":3,"posy":3,"amount":700},{"posx":6,"posy":4,"amount":100},{"posx":18,"posy":4,"amount":600},{"posx":17,"posy":5,"amount":300},{"posx":0,"posy":6,"amount":50},{"posx":2,"posy":6,"amount":500},{"posx":16,"posy":6,"amount":500},{"posx":8,"posy":7,"amount":450},{"posx":18,"posy":7,"amount":200},{"posx":1,"posy":8,"amount":650},{"posx":3,"posy":8,"amount":50},{"posx":4,"posy":8,"amount":100},{"posx":6,"posy":8,"amount":100},{"posx":12,"posy":8,"amount":300}],"changedObstacles":[{"type":3,"posx":14,"posy":5,"value":-20}]},{"players":[{"playerId":2349571,"score":75,"energy":34,"posx":11,"posy":6,"lastAction":4,"status":0},{"playerId":2611188,"score":50,"energy":19,"posx":15,"posy":5,"lastAction":1,"status":0},{"playerId":206247,"score":50,"energy":16,"posx":16,"posy":6,"lastAction":5,"status":0},{"playerId":2287533,"score":125,"energy":17,"posx":6,"posy":4,"lastAction":5,"status":0}],"golds":[{"posx":20,"posy":0,"amount":100},{"posx":0,"posy":1,"amount":150},{"posx":4,"posy":1,"amount":50},{"posx":14,"posy":1,"amount":150},{"posx":3,"posy":3,"amount":700},{"posx":6,"posy":4,"amount":50},{"posx":18,"posy":4,"amount":600},{"posx":17,"posy":5,"amount":300},{"posx":0,"posy":6,"amount":50},{"posx":2,"posy":6,"amount":500},{"posx":16,"posy":6,"amount":450},{"posx":8,"posy":7,"amount":450},{"posx":18,"posy":7,"amount":200},{"posx":1,"posy":8,"amount":650},{"posx":3,"posy":8,"amount":50},{"posx":4,"posy":8,"amount":100},{"posx":6,"posy":8,"amount":100},{"posx":12,"posy":8,"amount":300}],"changedObstacles":[]},{"players":[{"playerId":2349571,"score":75,"energy":33,"posx":11,"posy":7,"lastAction":3,"status":0},{"playerId":2611188,"score":50,"energy":18,"posx":16,"posy":5,"lastAction":1,"status":0},{"playerId":206247,"score":100,"energy":11,"posx":16,"posy":6,"lastAction":5,"status":0},{"playerId":2287533,"score":175,"energy":12,"posx":6,"posy":4,"lastAction":5,"status":0}],"golds":[{"posx":20,"posy":0,"amount":100},{"posx":0,"posy":1,"amount":150},{"posx":4,"posy":1,"amount":50},{"posx":14,"posy":1,"amount":150},{"posx":3,"posy":3,"amount":700},{"posx":18,"posy":4,"amount":600},{"posx":17,"posy":5,"amount":300},{"posx":0,"posy":6,"amount":50},{"posx":2,"posy":6,"amount":500},{"posx":16,"posy":6,"amount":400},{"posx":8,"posy":7,"amount":450},{"posx":18,"posy":7,"amount":200},{"posx":1,"posy":8,"amount":650},{"posx":3,"posy":8,"amount":50},{"posx":4,"posy":8,"amount":100},{"posx":6,"posy":8,"amount":100},{"posx":12,"posy":8,"amount":300}],"changedObstacles":[{"type":0,"posx":6,"posy":4,"value":-1}]},{"players":[{"playerId":2349571,"score":75,"energy":32,"posx":12,"posy":7,"lastAction":1,"status":0},{"playerId":2611188,"score":50,"energy":14,"posx":16,"posy":6,"lastAction":3,"status":0},{"playerId":206247,"score":150,"energy":6,"posx":16,"posy":6,"lastAction":5,"status":0},{"playerId":2287533,"score":175,"energy":24,"posx":6,"posy":4,"lastAction":4,"status":0}],"golds":[{"posx":20,"posy":0,"amount":100},{"posx":0,"posy":1,"amount":150},{"posx":4,"posy":1,"amount":50},{"posx":14,"posy":1,"amount":150},{"posx":3,"posy":3,"amount":700},{"posx":18,"posy":4,"amount":600},{"posx":17,"posy":5,"amount":300},{"posx":0,"posy":6,"amount":50},{"posx":2,"posy":6,"amount":500},{"posx":16,"posy":6,"amount":350},{"posx":8,"posy":7,"amount":450},{"posx":18,"posy":7,"amount":200},{"posx":1,"posy":8,"amount":650},{"posx":3,"posy":8,"amount":50},{"posx":4,"posy":8,"amount":100},{"posx":6,"posy":8,"amount":100},{"posx":12,"posy":8,"amount":300}],"changedObstacles":[]},{"players":[{"playerId":2349571,"score":75,"energy":28,"posx":12,"posy":8,"lastAction":3,"status":0},{"playerId":2611188,"score":100,"energy":9,"posx":16,"posy":6,"lastAction":5,"status":0},{"playerId":206247,"score":200,"energy":1,"posx":16,"posy":6,"lastAction":5,"status":0},{"playerId":2287533,"score":175,"energy":14,"posx":5,"posy":4,"lastAction":0,"status":0}],"golds":[{"posx":20,"posy":0,"amount":100},{"posx":0,"posy":1,"amount":150},{"posx":4,"posy":1,"amount":50},{"posx":14,"posy":1,"amount":150},{"posx":3,"posy":3,"amount":700},{"posx":18,"posy":4,"amount":600},{"posx":17,"posy":5,"amount":300},{"posx":0,"posy":6,"amount":50},{"posx":2,"posy":6,"amount":500},{"posx":16,"posy":6,"amount":250},{"posx":8,"posy":7,"amount":450},{"posx":18,"posy":7,"amount":200},{"posx":1,"posy":8,"amount":650},{"posx":3,"posy":8,"amount":50},{"posx":4,"posy":8,"amount":100},{"posx":6,"posy":8,"amount":100},{"posx":12,"posy":8,"amount":300}],"changedObstacles":[{"type":0,"posx":5,"posy":4,"value":-1}]},{"players":[{"playerId":2349571,"score":125,"energy":23,"posx":12,"posy":8,"lastAction":5,"status":0},{"playerId":2611188,"score":150,"energy":4,"posx":16,"posy":6,"lastAction":5,"status":0},{"playerId":206247,"score":200,"energy":13,"posx":16,"posy":6,"lastAction":4,"status":0},{"playerId":2287533,"score":175,"energy":26,"posx":5,"posy":4,"lastAction":4,"status":0}],"golds":[{"posx":20,"posy":0,"amount":100},{"posx":0,"posy":1,"amount":150},{"posx":4,"posy":1,"amount":50},{"posx":14,"posy":1,"amount":150},{"posx":3,"posy":3,"amount":700},{"posx":18,"posy":4,"amount":600},{"posx":17,"posy":5,"amount":300},{"posx":0,"posy":6,"amount":50},{"posx":2,"posy":6,"amount":500},{"posx":16,"posy":6,"amount":200},{"posx":8,"posy":7,"amount":450},{"posx":18,"posy":7,"amount":200},{"posx":1,"posy":8,"amount":650},{"posx":3,"posy":8,"amount":50},{"posx":4,"posy":8,"amount":100},{"posx":6,"posy":8,"amount":100},{"posx":12,"posy":8,"amount":250}],"changedObstacles":[]},{"players":[{"playerId":2349571,"score":175,"energy":18,"posx":12,"posy":8,"lastAction":5,"status":0},{"playerId":2611188,"score":150,"energy":16,"posx":16,"posy":6,"lastAction":4,"status":0},{"playerId":206247,"score":200,"energy":29,"posx":16,"posy":6,"lastAction":4,"status":0},{"playerId":2287533,"score":175,"energy":21,"posx":4,"posy":4,"lastAction":0,"status":0}],"golds":[{"posx":20,"posy":0,"amount":100},{"posx":0,"posy":1,"amount":150},{"posx":4,"posy":1,"amount":50},{"posx":14,"posy":1,"amount":150},{"posx":3,"posy":3,"amount":700},{"posx":18,"posy":4,"amount":600},{"posx":17,"posy":5,"amount":300},{"posx":0,"posy":6,"amount":50},{"posx":2,"posy":6,"amount":500},{"posx":16,"posy":6,"amount":200},{"posx":8,"posy":7,"amount":450},{"posx":18,"posy":7,"amount":200},{"posx":1,"posy":8,"amount":650},{"posx":3,"posy":8,"amount":50},{"posx":4,"posy":8,"amount":100},{"posx":6,"posy":8,"amount":100},{"posx":12,"posy":8,"amount":200}],"changedObstacles":[{"type":3,"posx":4,"posy":4,"value":-20}]},{"players":[{"playerId":2349571,"score":175,"energy":30,"posx":12,"posy":8,"lastAction":4,"status":0},{"playerId":2611188,"score":150,"energy":32,"posx":16,"posy":6,"lastAction":4,"status":0},{"playerId":206247,"score":200,"energy":50,"posx":16,"posy":6,"lastAction":4,"status":0},{"playerId":2287533,"score":175,"energy":20,"posx":3,"posy":4,"lastAction":0,"status":0}],"golds":[{"posx":20,"posy":0,"amount":100},{"posx":0,"posy":1,"amount":150},{"posx":4,"posy":1,"amount":50},{"posx":14,"posy":1,"amount":150},{"posx":3,"posy":3,"amount":700},{"posx":18,"posy":4,"amount":600},{"posx":17,"posy":5,"amount":300},{"posx":0,"posy":6,"amount":50},{"posx":2,"posy":6,"amount":500},{"posx":16,"posy":6,"amount":200},{"posx":8,"posy":7,"amount":450},{"posx":18,"posy":7,"amount":200},{"posx":1,"posy":8,"amount":650},{"posx":3,"posy":8,"amount":50},{"posx":4,"posy":8,"amount":100},{"posx":6,"posy":8,"amount":100},{"posx":12,"posy":8,"amount":200}],"changedObstacles":[]},{"players":[{"playerId":2349571,"score":225,"energy":25,"posx":12,"posy":8,"lastAction":5,"status":0},{"playerId":2611188,"score":200,"energy":27,"posx":16,"posy":6,"lastAction":5,"status":0},{"playerId":206247,"score":250,"energy":45,"posx":16,"posy":6,"lastAction":5,"status":0},{"playerId":2287533,"score":175,"energy":32,"posx":3,"posy":4,"lastAction":4,"status":0}],"golds":[{"posx":20,"posy":0,"amount":100},{"posx":0,"posy":1,"amount":150},{"posx":4,"posy":1,"amount":50},{"posx":14,"posy":1,"amount":150},{"posx":3,"posy":3,"amount":700},{"posx":18,"posy":4,"amount":600},{"posx":17,"posy":5,"amount":300},{"posx":0,"posy":6,"amount":50},{"posx":2,"posy":6,"amount":500},{"posx":16,"posy":6,"amount":100},{"posx":8,"posy":7,"amount":450},{"posx":18,"posy":7,"amount":200},{"posx":1,"posy":8,"amount":650},{"posx":3,"posy":8,"amount":50},{"posx":4,"posy":8,"amount":100},{"posx":6,"posy":8,"amount":100},{"posx":12,"posy":8,"amount":150}],"changedObstacles":[]},{"players":[{"playerId":2349571,"score":275,"energy":20,"posx":12,"posy":8,"lastAction":5,"status":0},{"playerId":2611188,"score":250,"energy":22,"posx":16,"posy":6,"lastAction":5,"status":0},{"playerId":206247,"score":300,"energy":40,"posx":16,"posy":6,"lastAction":5,"status":0},{"playerId":2287533,"score":175,"energy":28,"posx":3,"posy":3,"lastAction":2,"status":0}],"golds":[{"posx":20,"posy":0,"amount":100},{"posx":0,"posy":1,"amount":150},{"posx":4,"posy":1,"amount":50},{"posx":14,"posy":1,"amount":150},{"posx":3,"posy":3,"amount":700},{"posx":18,"posy":4,"amount":600},{"posx":17,"posy":5,"amount":300},{"posx":0,"posy":6,"amount":50},{"posx":2,"posy":6,"amount":500},{"posx":8,"posy":7,"amount":450},{"posx":18,"posy":7,"amount":200},{"posx":1,"posy":8,"amount":650},{"posx":3,"posy":8,"amount":50},{"posx":4,"posy":8,"amount":100},{"posx":6,"posy":8,"amount":100},{"posx":12,"posy":8,"amount":100}],"changedObstacles":[{"type":0,"posx":16,"posy":6,"value":-1}]},{"players":[{"playerId":2349571,"score":325,"energy":15,"posx":12,"posy":8,"lastAction":5,"status":0},{"playerId":2611188,"score":250,"energy":21,"posx":17,"posy":6,"lastAction":1,"status":0},{"playerId":206247,"score":300,"energy":39,"posx":17,"posy":6,"lastAction":1,"status":0},{"playerId":2287533,"score":225,"energy":23,"posx":3,"posy":3,"lastAction":5,"status":0}],"golds":[{"posx":20,"posy":0,"amount":100},{"posx":0,"posy":1,"amount":150},{"posx":4,"posy":1,"amount":50},{"posx":14,"posy":1,"amount":150},{"posx":3,"posy":3,"amount":650},{"posx":18,"posy":4,"amount":600},{"posx":17,"posy":5,"amount":300},{"posx":0,"posy":6,"amount":50},{"posx":2,"posy":6,"amount":500},{"posx":8,"posy":7,"amount":450},{"posx":18,"posy":7,"amount":200},{"posx":1,"posy":8,"amount":650},{"posx":3,"posy":8,"amount":50},{"posx":4,"posy":8,"amount":100},{"posx":6,"posy":8,"amount":100},{"posx":12,"posy":8,"amount":50}],"changedObstacles":[]},{"players":[{"playerId":2349571,"score":325,"energy":27,"posx":12,"posy":8,"lastAction":4,"status":0},{"playerId":2611188,"score":250,"energy":17,"posx":17,"posy":5,"lastAction":2,"status":0},{"playerId":206247,"score":300,"energy":35,"posx":17,"posy":5,"lastAction":2,"status":0},{"playerId":2287533,"score":275,"energy":18,"posx":3,"posy":3,"lastAction":5,"status":0}],"golds":[{"posx":20,"posy":0,"amount":100},{"posx":0,"posy":1,"amount":150},{"posx":4,"posy":1,"amount":50},{"posx":14,"posy":1,"amount":150},{"posx":3,"posy":3,"amount":600},{"posx":18,"posy":4,"amount":600},{"posx":17,"posy":5,"amount":300},{"posx":0,"posy":6,"amount":50},{"posx":2,"posy":6,"amount":500},{"posx":8,"posy":7,"amount":450},{"posx":18,"posy":7,"amount":200},{"posx":1,"posy":8,"amount":650},{"posx":3,"posy":8,"amount":50},{"posx":4,"posy":8,"amount":100},{"posx":6,"posy":8,"amount":100},{"posx":12,"posy":8,"amount":50}],"changedObstacles":[]},{"players":[{"playerId":2349571,"score":375,"energy":22,"posx":12,"posy":8,"lastAction":5,"status":0},{"playerId":2611188,"score":300,"energy":12,"posx":17,"posy":5,"lastAction":5,"status":0},{"playerId":206247,"score":350,"energy":30,"posx":17,"posy":5,"lastAction":5,"status":0},{"playerId":2287533,"score":325,"energy":13,"posx":3,"posy":3,"lastAction":5,"status":0}],"golds":[{"posx":20,"posy":0,"amount":100},{"posx":0,"posy":1,"amount":150},{"posx":4,"posy":1,"amount":50},{"posx":14,"posy":1,"amount":150},{"posx":3,"posy":3,"amount":550},{"posx":18,"posy":4,"amount":600},{"posx":17,"posy":5,"amount":200},{"posx":0,"posy":6,"amount":50},{"posx":2,"posy":6,"amount":500},{"posx":8,"posy":7,"amount":450},{"posx":18,"posy":7,"amount":200},{"posx":1,"posy":8,"amount":650},{"posx":3,"posy":8,"amount":50},{"posx":4,"posy":8,"amount":100},{"posx":6,"posy":8,"amount":100}],"changedObstacles":[{"type":0,"posx":12,"posy":8,"value":-1}]},{"players":[{"playerId":2349571,"score":375,"energy":17,"posx":11,"posy":8,"lastAction":0,"status":0},{"playerId":2611188,"score":350,"energy":7,"posx":17,"posy":5,"lastAction":5,"status":0},{"playerId":206247,"score":400,"energy":25,"posx":17,"posy":5,"lastAction":5,"status":0},{"playerId":2287533,"score":375,"energy":8,"posx":3,"posy":3,"lastAction":5,"status":0}],"golds":[{"posx":20,"posy":0,"amount":100},{"posx":0,"posy":1,"amount":150},{"posx":4,"posy":1,"amount":50},{"posx":14,"posy":1,"amount":150},{"posx":3,"posy":3,"amount":500},{"posx":18,"posy":4,"amount":600},{"posx":17,"posy":5,"amount":100},{"posx":0,"posy":6,"amount":50},{"posx":2,"posy":6,"amount":500},{"posx":8,"posy":7,"amount":450},{"posx":18,"posy":7,"amount":200},{"posx":1,"posy":8,"amount":650},{"posx":3,"posy":8,"amount":50},{"posx":4,"posy":8,"amount":100},{"posx":6,"posy":8,"amount":100}],"changedObstacles":[{"type":3,"posx":11,"posy":8,"value":-20}]},{"players":[{"playerId":2349571,"score":375,"energy":29,"posx":11,"posy":8,"lastAction":4,"status":0},{"playerId":2611188,"score":400,"energy":2,"posx":17,"posy":5,"lastAction":5,"status":0},{"playerId":206247,"score":450,"energy":20,"posx":17,"posy":5,"lastAction":5,"status":0},{"playerId":2287533,"score":425,"energy":3,"posx":3,"posy":3,"lastAction":5,"status":0}],"golds":[{"posx":20,"posy":0,"amount":100},{"posx":0,"posy":1,"amount":150},{"posx":4,"posy":1,"amount":50},{"posx":14,"posy":1,"amount":150},{"posx":3,"posy":3,"amount":450},{"posx":18,"posy":4,"amount":600},{"posx":0,"posy":6,"amount":50},{"posx":2,"posy":6,"amount":500},{"posx":8,"posy":7,"amount":450},{"posx":18,"posy":7,"amount":200},{"posx":1,"posy":8,"amount":650},{"posx":3,"posy":8,"amount":50},{"posx":4,"posy":8,"amount":100},{"posx":6,"posy":8,"amount":100}],"changedObstacles":[{"type":0,"posx":17,"posy":5,"value":-1}]},{"players":[{"playerId":2349571,"score":375,"energy":28,"posx":10,"posy":8,"lastAction":0,"status":0},{"playerId":2611188,"score":400,"energy":14,"posx":17,"posy":5,"lastAction":4,"status":0},{"playerId":206247,"score":450,"energy":32,"posx":17,"posy":5,"lastAction":4,"status":0},{"playerId":2287533,"score":425,"energy":15,"posx":3,"posy":3,"lastAction":4,"status":0}],"golds":[{"posx":20,"posy":0,"amount":100},{"posx":0,"posy":1,"amount":150},{"posx":4,"posy":1,"amount":50},{"posx":14,"posy":1,"amount":150},{"posx":3,"posy":3,"amount":450},{"posx":18,"posy":4,"amount":600},{"posx":0,"posy":6,"amount":50},{"posx":2,"posy":6,"amount":500},{"posx":8,"posy":7,"amount":450},{"posx":18,"posy":7,"amount":200},{"posx":1,"posy":8,"amount":650},{"posx":3,"posy":8,"amount":50},{"posx":4,"posy":8,"amount":100},{"posx":6,"posy":8,"amount":100}],"changedObstacles":[]},{"players":[{"playerId":2349571,"score":375,"energy":21,"posx":9,"posy":8,"lastAction":0,"status":0},{"playerId":2611188,"score":400,"energy":30,"posx":17,"posy":5,"lastAction":4,"status":0},{"playerId":206247,"score":450,"energy":48,"posx":17,"posy":5,"lastAction":4,"status":0},{"playerId":2287533,"score":475,"energy":10,"posx":3,"posy":3,"lastAction":5,"status":0}],"golds":[{"posx":20,"posy":0,"amount":100},{"posx":0,"posy":1,"amount":150},{"posx":4,"posy":1,"amount":50},{"posx":14,"posy":1,"amount":150},{"posx":3,"posy":3,"amount":400},{"posx":18,"posy":4,"amount":600},{"posx":0,"posy":6,"amount":50},{"posx":2,"posy":6,"amount":500},{"posx":8,"posy":7,"amount":450},{"posx":18,"posy":7,"amount":200},{"posx":1,"posy":8,"amount":650},{"posx":3,"posy":8,"amount":50},{"posx":4,"posy":8,"amount":100},{"posx":6,"posy":8,"amount":100}],"changedObstacles":[]},{"players":[{"playerId":2349571,"score":375,"energy":20,"posx":8,"posy":8,"lastAction":0,"status":0},{"playerId":2611188,"score":400,"energy":50,"posx":17,"posy":5,"lastAction":4,"status":0},{"playerId":206247,"score":450,"energy":50,"posx":17,"posy":5,"lastAction":4,"status":0},{"playerId":2287533,"score":525,"energy":5,"posx":3,"posy":3,"lastAction":5,"status":0}],"golds":[{"posx":20,"posy":0,"amount":100},{"posx":0,"posy":1,"amount":150},{"posx":4,"posy":1,"amount":50},{"posx":14,"posy":1,"amount":150},{"posx":3,"posy":3,"amount":350},{"posx":18,"posy":4,"amount":600},{"posx":0,"posy":6,"amount":50},{"posx":2,"posy":6,"amount":500},{"posx":8,"posy":7,"amount":450},{"posx":18,"posy":7,"amount":200},{"posx":1,"posy":8,"amount":650},{"posx":3,"posy":8,"amount":50},{"posx":4,"posy":8,"amount":100},{"posx":6,"posy":8,"amount":100}],"changedObstacles":[]},{"players":[{"playerId":2349571,"score":375,"energy":19,"posx":7,"posy":8,"lastAction":0,"status":0},{"playerId":2611188,"score":400,"energy":39,"posx":18,"posy":5,"lastAction":1,"status":0},{"playerId":206247,"score":450,"energy":34,"posx":18,"posy":5,"lastAction":1,"status":0},{"playerId":2287533,"score":525,"energy":17,"posx":3,"posy":3,"lastAction":4,"status":0}],"golds":[{"posx":20,"posy":0,"amount":100},{"posx":0,"posy":1,"amount":150},{"posx":4,"posy":1,"amount":50},{"posx":14,"posy":1,"amount":150},{"posx":3,"posy":3,"amount":350},{"posx":18,"posy":4,"amount":600},{"posx":0,"posy":6,"amount":50},{"posx":2,"posy":6,"amount":500},{"posx":8,"posy":7,"amount":450},{"posx":18,"posy":7,"amount":200},{"posx":1,"posy":8,"amount":650},{"posx":3,"posy":8,"amount":50},{"posx":4,"posy":8,"amount":100},{"posx":6,"posy":8,"amount":100}],"changedObstacles":[]},{"players":[{"playerId":2349571,"score":375,"energy":31,"posx":7,"posy":8,"lastAction":4,"status":0},{"playerId":2611188,"score":400,"energy":35,"posx":18,"posy":4,"lastAction":2,"status":0},{"playerId":206247,"score":450,"energy":30,"posx":18,"posy":4,"lastAction":2,"status":0},{"playerId":2287533,"score":575,"energy":12,"posx":3,"posy":3,"lastAction":5,"status":0}],"golds":[{"posx":20,"posy":0,"amount":100},{"posx":0,"posy":1,"amount":150},{"posx":4,"posy":1,"amount":50},{"posx":14,"posy":1,"amount":150},{"posx":3,"posy":3,"amount":300},{"posx":18,"posy":4,"amount":600},{"posx":0,"posy":6,"amount":50},{"posx":2,"posy":6,"amount":500},{"posx":8,"posy":7,"amount":450},{"posx":18,"posy":7,"amount":200},{"posx":1,"posy":8,"amount":650},{"posx":3,"posy":8,"amount":50},{"posx":4,"posy":8,"amount":100},{"posx":6,"posy":8,"amount":100}],"changedObstacles":[]},{"players":[{"playerId":2349571,"score":375,"energy":27,"posx":6,"posy":8,"lastAction":0,"status":0},{"playerId":2611188,"score":450,"energy":30,"posx":18,"posy":4,"lastAction":5,"status":0},{"playerId":206247,"score":500,"energy":25,"posx":18,"posy":4,"lastAction":5,"status":0},{"playerId":2287533,"score":625,"energy":7,"posx":3,"posy":3,"lastAction":5,"status":0}],"golds":[{"posx":20,"posy":0,"amount":100},{"posx":0,"posy":1,"amount":150},{"posx":4,"posy":1,"amount":50},{"posx":14,"posy":1,"amount":150},{"posx":3,"posy":3,"amount":250},{"posx":18,"posy":4,"amount":500},{"posx":0,"posy":6,"amount":50},{"posx":2,"posy":6,"amount":500},{"posx":8,"posy":7,"amount":450},{"posx":18,"posy":7,"amount":200},{"posx":1,"posy":8,"amount":650},{"posx":3,"posy":8,"amount":50},{"posx":4,"posy":8,"amount":100},{"posx":6,"posy":8,"amount":100}],"changedObstacles":[]},{"players":[{"playerId":2349571,"score":425,"energy":22,"posx":6,"posy":8,"lastAction":5,"status":0},{"playerId":2611188,"score":500,"energy":25,"posx":18,"posy":4,"lastAction":5,"status":0},{"playerId":206247,"score":550,"energy":20,"posx":18,"posy":4,"lastAction":5,"status":0},{"playerId":2287533,"score":675,"energy":2,"posx":3,"posy":3,"lastAction":5,"status":0}],"golds":[{"posx":20,"posy":0,"amount":100},{"posx":0,"posy":1,"amount":150},{"posx":4,"posy":1,"amount":50},{"posx":14,"posy":1,"amount":150},{"posx":3,"posy":3,"amount":200},{"posx":18,"posy":4,"amount":400},{"posx":0,"posy":6,"amount":50},{"posx":2,"posy":6,"amount":500},{"posx":8,"posy":7,"amount":450},{"posx":18,"posy":7,"amount":200},{"posx":1,"posy":8,"amount":650},{"posx":3,"posy":8,"amount":50},{"posx":4,"posy":8,"amount":100},{"posx":6,"posy":8,"amount":50}],"changedObstacles":[]},{"players":[{"playerId":2349571,"score":475,"energy":17,"posx":6,"posy":8,"lastAction":5,"status":0},{"playerId":2611188,"score":550,"energy":20,"posx":18,"posy":4,"lastAction":5,"status":0},{"playerId":206247,"score":600,"energy":15,"posx":18,"posy":4,"lastAction":5,"status":0},{"playerId":2287533,"score":675,"energy":14,"posx":3,"posy":3,"lastAction":4,"status":0}],"golds":[{"posx":20,"posy":0,"amount":100},{"posx":0,"posy":1,"amount":150},{"posx":4,"posy":1,"amount":50},{"posx":14,"posy":1,"amount":150},{"posx":3,"posy":3,"amount":200},{"posx":18,"posy":4,"amount":300},{"posx":0,"posy":6,"amount":50},{"posx":2,"posy":6,"amount":500},{"posx":8,"posy":7,"amount":450},{"posx":18,"posy":7,"amount":200},{"posx":1,"posy":8,"amount":650},{"posx":3,"posy":8,"amount":50},{"posx":4,"posy":8,"amount":100}],"changedObstacles":[{"type":0,"posx":6,"posy":8,"value":-1}]},{"players":[{"playerId":2349571,"score":475,"energy":29,"posx":6,"posy":8,"lastAction":4,"status":0},{"playerId":2611188,"score":600,"energy":15,"posx":18,"posy":4,"lastAction":5,"status":0},{"playerId":206247,"score":650,"energy":10,"posx":18,"posy":4,"lastAction":5,"status":0},{"playerId":2287533,"score":725,"energy":9,"posx":3,"posy":3,"lastAction":5,"status":0}],"golds":[{"posx":20,"posy":0,"amount":100},{"posx":0,"posy":1,"amount":150},{"posx":4,"posy":1,"amount":50},{"posx":14,"posy":1,"amount":150},{"posx":3,"posy":3,"amount":150},{"posx":18,"posy":4,"amount":200},{"posx":0,"posy":6,"amount":50},{"posx":2,"posy":6,"amount":500},{"posx":8,"posy":7,"amount":450},{"posx":18,"posy":7,"amount":200},{"posx":1,"posy":8,"amount":650},{"posx":3,"posy":8,"amount":50},{"posx":4,"posy":8,"amount":100}],"changedObstacles":[]},{"players":[{"playerId":2349571,"score":475,"energy":28,"posx":5,"posy":8,"lastAction":0,"status":0},{"playerId":2611188,"score":650,"energy":10,"posx":18,"posy":4,"lastAction":5,"status":0},{"playerId":206247,"score":700,"energy":5,"posx":18,"posy":4,"lastAction":5,"status":0},{"playerId":2287533,"score":775,"energy":4,"posx":3,"posy":3,"lastAction":5,"status":0}],"golds":[{"posx":20,"posy":0,"amount":100},{"posx":0,"posy":1,"amount":150},{"posx":4,"posy":1,"amount":50},{"posx":14,"posy":1,"amount":150},{"posx":3,"posy":3,"amount":100},{"posx":18,"posy":4,"amount":100},{"posx":0,"posy":6,"amount":50},{"posx":2,"posy":6,"amount":500},{"posx":8,"posy":7,"amount":450},{"posx":18,"posy":7,"amount":200},{"posx":1,"posy":8,"amount":650},{"posx":3,"posy":8,"amount":50},{"posx":4,"posy":8,"amount":100}],"changedObstacles":[]},{"players":[{"playerId":2349571,"score":475,"energy":24,"posx":4,"posy":8,"lastAction":0,"status":0},{"playerId":2611188,"score":700,"energy":5,"posx":18,"posy":4,"lastAction":5,"status":0},{"playerId":206247,"score":700,"energy":17,"posx":18,"posy":4,"lastAction":4,"status":0},{"playerId":2287533,"score":775,"energy":16,"posx":3,"posy":3,"lastAction":4,"status":0}],"golds":[{"posx":20,"posy":0,"amount":100},{"posx":0,"posy":1,"amount":150},{"posx":4,"posy":1,"amount":50},{"posx":14,"posy":1,"amount":150},{"posx":3,"posy":3,"amount":100},{"posx":18,"posy":4,"amount":50},{"posx":0,"posy":6,"amount":50},{"posx":2,"posy":6,"amount":500},{"posx":8,"posy":7,"amount":450},{"posx":18,"posy":7,"amount":200},{"posx":1,"posy":8,"amount":650},{"posx":3,"posy":8,"amount":50},{"posx":4,"posy":8,"amount":100}],"changedObstacles":[]},{"players":[{"playerId":2349571,"score":525,"energy":19,"posx":4,"posy":8,"lastAction":5,"status":0},{"playerId":2611188,"score":700,"energy":17,"posx":18,"posy":4,"lastAction":4,"status":0},{"playerId":206247,"score":700,"energy":33,"posx":18,"posy":4,"lastAction":4,"status":0},{"playerId":2287533,"score":825,"energy":11,"posx":3,"posy":3,"lastAction":5,"status":0}],"golds":[{"posx":20,"posy":0,"amount":100},{"posx":0,"posy":1,"amount":150},{"posx":4,"posy":1,"amount":50},{"posx":14,"posy":1,"amount":150},{"posx":3,"posy":3,"amount":50},{"posx":18,"posy":4,"amount":50},{"posx":0,"posy":6,"amount":50},{"posx":2,"posy":6,"amount":500},{"posx":8,"posy":7,"amount":450},{"posx":18,"posy":7,"amount":200},{"posx":1,"posy":8,"amount":650},{"posx":3,"posy":8,"amount":50},{"posx":4,"posy":8,"amount":50}],"changedObstacles":[]},{"players":[{"playerId":2349571,"score":525,"energy":31,"posx":4,"posy":8,"lastAction":4,"status":0},{"playerId":2611188,"score":700,"energy":33,"posx":18,"posy":4,"lastAction":4,"status":0},{"playerId":206247,"score":700,"energy":50,"posx":18,"posy":4,"lastAction":4,"status":0},{"playerId":2287533,"score":875,"energy":6,"posx":3,"posy":3,"lastAction":5,"status":0}],"golds":[{"posx":20,"posy":0,"amount":100},{"posx":0,"posy":1,"amount":150},{"posx":4,"posy":1,"amount":50},{"posx":14,"posy":1,"amount":150},{"posx":18,"posy":4,"amount":50},{"posx":0,"posy":6,"amount":50},{"posx":2,"posy":6,"amount":500},{"posx":8,"posy":7,"amount":450},{"posx":18,"posy":7,"amount":200},{"posx":1,"posy":8,"amount":650},{"posx":3,"posy":8,"amount":50},{"posx":4,"posy":8,"amount":50}],"changedObstacles":[{"type":0,"posx":3,"posy":3,"value":-1}]},{"players":[{"playerId":2349571,"score":575,"energy":26,"posx":4,"posy":8,"lastAction":5,"status":0},{"playerId":2611188,"score":725,"energy":28,"posx":18,"posy":4,"lastAction":5,"status":0},{"playerId":206247,"score":725,"energy":45,"posx":18,"posy":4,"lastAction":5,"status":0},{"playerId":2287533,"score":875,"energy":18,"posx":3,"posy":3,"lastAction":4,"status":0}],"golds":[{"posx":20,"posy":0,"amount":100},{"posx":0,"posy":1,"amount":150},{"posx":4,"posy":1,"amount":50},{"posx":14,"posy":1,"amount":150},{"posx":0,"posy":6,"amount":50},{"posx":2,"posy":6,"amount":500},{"posx":8,"posy":7,"amount":450},{"posx":18,"posy":7,"amount":200},{"posx":1,"posy":8,"amount":650},{"posx":3,"posy":8,"amount":50}],"changedObstacles":[{"type":0,"posx":18,"posy":4,"value":-1},{"type":0,"posx":4,"posy":8,"value":-1}]},{"players":[{"playerId":2349571,"score":575,"energy":22,"posx":3,"posy":8,"lastAction":0,"status":0},{"playerId":2611188,"score":725,"energy":10,"posx":17,"posy":4,"lastAction":0,"status":0},{"playerId":206247,"score":725,"energy":26,"posx":18,"posy":5,"lastAction":3,"status":0},{"playerId":2287533,"score":875,"energy":34,"posx":3,"posy":3,"lastAction":4,"status":0}],"golds":[{"posx":20,"posy":0,"amount":100},{"posx":0,"posy":1,"amount":150},{"posx":4,"posy":1,"amount":50},{"posx":14,"posy":1,"amount":150},{"posx":0,"posy":6,"amount":50},{"posx":2,"posy":6,"amount":500},{"posx":8,"posy":7,"amount":450},{"posx":18,"posy":7,"amount":200},{"posx":1,"posy":8,"amount":650},{"posx":3,"posy":8,"amount":50}],"changedObstacles":[]},{"players":[{"playerId":2349571,"score":625,"energy":17,"posx":3,"posy":8,"lastAction":5,"status":0},{"playerId":2611188,"score":725,"energy":9,"posx":17,"posy":5,"lastAction":3,"status":0},{"playerId":206247,"score":725,"energy":25,"posx":18,"posy":6,"lastAction":3,"status":0},{"playerId":2287533,"score":875,"energy":24,"posx":4,"posy":3,"lastAction":1,"status":0}],"golds":[{"posx":20,"posy":0,"amount":100},{"posx":0,"posy":1,"amount":150},{"posx":4,"posy":1,"amount":50},{"posx":14,"posy":1,"amount":150},{"posx":0,"posy":6,"amount":50},{"posx":2,"posy":6,"amount":500},{"posx":8,"posy":7,"amount":450},{"posx":18,"posy":7,"amount":200},{"posx":1,"posy":8,"amount":650}],"changedObstacles":[{"type":0,"posx":4,"posy":3,"value":-1},{"type":0,"posx":3,"posy":8,"value":-1}]},{"players":[{"playerId":2349571,"score":625,"energy":29,"posx":3,"posy":8,"lastAction":4,"status":0},{"playerId":2611188,"score":725,"energy":8,"posx":16,"posy":5,"lastAction":0,"status":0},{"playerId":206247,"score":725,"energy":21,"posx":18,"posy":7,"lastAction":3,"status":0},{"playerId":2287533,"score":875,"energy":23,"posx":4,"posy":2,"lastAction":2,"status":0}],"golds":[{"posx":20,"posy":0,"amount":100},{"posx":0,"posy":1,"amount":150},{"posx":4,"posy":1,"amount":50},{"posx":14,"posy":1,"amount":150},{"posx":0,"posy":6,"amount":50},{"posx":2,"posy":6,"amount":500},{"posx":8,"posy":7,"amount":450},{"posx":18,"posy":7,"amount":200},{"posx":1,"posy":8,"amount":650}],"changedObstacles":[]},{"players":[{"playerId":2349571,"score":625,"energy":28,"posx":2,"posy":8,"lastAction":0,"status":0},{"playerId":2611188,"score":725,"energy":7,"posx":16,"posy":6,"lastAction":3,"status":0},{"playerId":206247,"score":775,"energy":16,"posx":18,"posy":7,"lastAction":5,"status":0},{"playerId":2287533,"score":875,"energy":19,"posx":4,"posy":1,"lastAction":2,"status":0}],"golds":[{"posx":20,"posy":0,"amount":100},{"posx":0,"posy":1,"amount":150},{"posx":4,"posy":1,"amount":50},{"posx":14,"posy":1,"amount":150},{"posx":0,"posy":6,"amount":50},{"posx":2,"posy":6,"amount":500},{"posx":8,"posy":7,"amount":450},{"posx":18,"posy":7,"amount":150},{"posx":1,"posy":8,"amount":650}],"changedObstacles":[]},{"players":[{"playerId":2349571,"score":625,"energy":24,"posx":1,"posy":8,"lastAction":0,"status":0},{"playerId":2611188,"score":725,"energy":6,"posx":16,"posy":7,"lastAction":3,"status":0},{"playerId":206247,"score":825,"energy":11,"posx":18,"posy":7,"lastAction":5,"status":0},{"playerId":2287533,"score":925,"energy":14,"posx":4,"posy":1,"lastAction":5,"status":0}],"golds":[{"posx":20,"posy":0,"amount":100},{"posx":0,"posy":1,"amount":150},{"posx":14,"posy":1,"amount":150},{"posx":0,"posy":6,"amount":50},{"posx":2,"posy":6,"amount":500},{"posx":8,"posy":7,"amount":450},{"posx":18,"posy":7,"amount":100},{"posx":1,"posy":8,"amount":650}],"changedObstacles":[{"type":0,"posx":4,"posy":1,"value":-1}]},{"players":[{"playerId":2349571,"score":675,"energy":19,"posx":1,"posy":8,"lastAction":5,"status":0},{"playerId":2611188,"score":725,"energy":1,"posx":15,"posy":7,"lastAction":0,"status":0},{"playerId":206247,"score":875,"energy":6,"posx":18,"posy":7,"lastAction":5,"status":0},{"playerId":2287533,"score":925,"energy":26,"posx":4,"posy":1,"lastAction":4,"status":0}],"golds":[{"posx":20,"posy":0,"amount":100},{"posx":0,"posy":1,"amount":150},{"posx":14,"posy":1,"amount":150},{"posx":0,"posy":6,"amount":50},{"posx":2,"posy":6,"amount":500},{"posx":8,"posy":7,"amount":450},{"posx":18,"posy":7,"amount":50},{"posx":1,"posy":8,"amount":600}],"changedObstacles":[{"type":3,"posx":15,"posy":7,"value":-20}]},{"players":[{"playerId":2349571,"score":675,"energy":31,"posx":1,"posy":8,"lastAction":4,"status":0},{"playerId":2611188,"score":725,"energy":13,"posx":15,"posy":7,"lastAction":4,"status":0},{"playerId":206247,"score":875,"energy":5,"posx":17,"posy":7,"lastAction":0,"status":0},{"playerId":2287533,"score":925,"energy":16,"posx":3,"posy":1,"lastAction":0,"status":0}],"golds":[{"posx":20,"posy":0,"amount":100},{"posx":0,"posy":1,"amount":150},{"posx":14,"posy":1,"amount":150},{"posx":0,"posy":6,"amount":50},{"posx":2,"posy":6,"amount":500},{"posx":8,"posy":7,"amount":450},{"posx":18,"posy":7,"amount":50},{"posx":1,"posy":8,"amount":600}],"changedObstacles":[{"type":0,"posx":3,"posy":1,"value":-1}]},{"players":[{"playerId":2349571,"score":725,"energy":26,"posx":1,"posy":8,"lastAction":5,"status":0},{"playerId":2611188,"score":725,"energy":29,"posx":15,"posy":7,"lastAction":4,"status":0},{"playerId":206247,"score":875,"energy":4,"posx":16,"posy":7,"lastAction":0,"status":0},{"playerId":2287533,"score":925,"energy":28,"posx":3,"posy":1,"lastAction":4,"status":0}],"golds":[{"posx":20,"posy":0,"amount":100},{"posx":0,"posy":1,"amount":150},{"posx":14,"posy":1,"amount":150},{"posx":0,"posy":6,"amount":50},{"posx":2,"posy":6,"amount":500},{"posx":8,"posy":7,"amount":450},{"posx":18,"posy":7,"amount":50},{"posx":1,"posy":8,"amount":550}],"changedObstacles":[]},{"players":[{"playerId":2349571,"score":775,"energy":21,"posx":1,"posy":8,"lastAction":5,"status":0},{"playerId":2611188,"score":725,"energy":50,"posx":15,"posy":7,"lastAction":4,"status":0},{"playerId":206247,"score":875,"energy":3,"posx":16,"posy":6,"lastAction":2,"status":0},{"playerId":2287533,"score":925,"energy":27,"posx":2,"posy":1,"lastAction":0,"status":0}],"golds":[{"posx":20,"posy":0,"amount":100},{"posx":0,"posy":1,"amount":150},{"posx":14,"posy":1,"amount":150},{"posx":0,"posy":6,"amount":50},{"posx":2,"posy":6,"amount":500},{"posx":8,"posy":7,"amount":450},{"posx":18,"posy":7,"amount":50},{"posx":1,"posy":8,"amount":500}],"changedObstacles":[]},{"players":[{"playerId":2349571,"score":825,"energy":16,"posx":1,"posy":8,"lastAction":5,"status":0},{"playerId":2611188,"score":725,"energy":49,"posx":14,"posy":7,"lastAction":0,"status":0},{"playerId":206247,"score":875,"energy":15,"posx":16,"posy":6,"lastAction":4,"status":0},{"playerId":2287533,"score":925,"energy":22,"posx":1,"posy":1,"lastAction":0,"status":0}],"golds":[{"posx":20,"posy":0,"amount":100},{"posx":0,"posy":1,"amount":150},{"posx":14,"posy":1,"amount":150},{"posx":0,"posy":6,"amount":50},{"posx":2,"posy":6,"amount":500},{"posx":8,"posy":7,"amount":450},{"posx":18,"posy":7,"amount":50},{"posx":1,"posy":8,"amount":450}],"changedObstacles":[{"type":3,"posx":1,"posy":1,"value":-20}]},{"players":[{"playerId":2349571,"score":825,"energy":28,"posx":1,"posy":8,"lastAction":4,"status":0},{"playerId":2611188,"score":725,"energy":44,"posx":13,"posy":7,"lastAction":0,"status":0},{"playerId":206247,"score":875,"energy":31,"posx":16,"posy":6,"lastAction":4,"status":0},{"playerId":2287533,"score":925,"energy":18,"posx":0,"posy":1,"lastAction":0,"status":0}],"golds":[{"posx":20,"posy":0,"amount":100},{"posx":0,"posy":1,"amount":150},{"posx":14,"posy":1,"amount":150},{"posx":0,"posy":6,"amount":50},{"posx":2,"posy":6,"amount":500},{"posx":8,"posy":7,"amount":450},{"posx":18,"posy":7,"amount":50},{"posx":1,"posy":8,"amount":450}],"changedObstacles":[]},{"players":[{"playerId":2349571,"score":875,"energy":23,"posx":1,"posy":8,"lastAction":5,"status":0},{"playerId":2611188,"score":725,"energy":43,"posx":12,"posy":7,"lastAction":0,"status":0},{"playerId":206247,"score":875,"energy":50,"posx":16,"posy":6,"lastAction":4,"status":0},{"playerId":2287533,"score":975,"energy":13,"posx":0,"posy":1,"lastAction":5,"status":0}],"golds":[{"posx":20,"posy":0,"amount":100},{"posx":0,"posy":1,"amount":100},{"posx":14,"posy":1,"amount":150},{"posx":0,"posy":6,"amount":50},{"posx":2,"posy":6,"amount":500},{"posx":8,"posy":7,"amount":450},{"posx":18,"posy":7,"amount":50},{"posx":1,"posy":8,"amount":400}],"changedObstacles":[]},{"players":[{"playerId":2349571,"score":925,"energy":18,"posx":1,"posy":8,"lastAction":5,"status":0},{"playerId":2611188,"score":725,"energy":42,"posx":11,"posy":7,"lastAction":0,"status":0},{"playerId":206247,"score":875,"energy":30,"posx":15,"posy":6,"lastAction":0,"status":0},{"playerId":2287533,"score":1025,"energy":8,"posx":0,"posy":1,"lastAction":5,"status":0}],"golds":[{"posx":20,"posy":0,"amount":100},{"posx":0,"posy":1,"amount":50},{"posx":14,"posy":1,"amount":150},{"posx":0,"posy":6,"amount":50},{"posx":2,"posy":6,"amount":500},{"posx":8,"posy":7,"amount":450},{"posx":18,"posy":7,"amount":50},{"posx":1,"posy":8,"amount":350}],"changedObstacles":[{"type":3,"posx":15,"posy":6,"value":-40}]},{"players":[{"playerId":2349571,"score":925,"energy":30,"posx":1,"posy":8,"lastAction":4,"status":0},{"playerId":2611188,"score":725,"energy":41,"posx":10,"posy":7,"lastAction":0,"status":0},{"playerId":206247,"score":875,"energy":29,"posx":14,"posy":6,"lastAction":0,"status":0},{"playerId":2287533,"score":1075,"energy":3,"posx":0,"posy":1,"lastAction":5,"status":0}],"golds":[{"posx":20,"posy":0,"amount":100},{"posx":14,"posy":1,"amount":150},{"posx":0,"posy":6,"amount":50},{"posx":2,"posy":6,"amount":500},{"posx":8,"posy":7,"amount":450},{"posx":18,"posy":7,"amount":50},{"posx":1,"posy":8,"amount":350}],"changedObstacles":[{"type":0,"posx":0,"posy":1,"value":-1}]},{"players":[{"playerId":2349571,"score":975,"energy":25,"posx":1,"posy":8,"lastAction":5,"status":0},{"playerId":2611188,"score":725,"energy":40,"posx":10,"posy":8,"lastAction":3,"status":0},{"playerId":206247,"score":875,"energy":28,"posx":13,"posy":6,"lastAction":0,"status":0},{"playerId":2287533,"score":1075,"energy":15,"posx":0,"posy":1,"lastAction":4,"status":0}],"golds":[{"posx":20,"posy":0,"amount":100},{"posx":14,"posy":1,"amount":150},{"posx":0,"posy":6,"amount":50},{"posx":2,"posy":6,"amount":500},{"posx":8,"posy":7,"amount":450},{"posx":18,"posy":7,"amount":50},{"posx":1,"posy":8,"amount":300}],"changedObstacles":[]},{"players":[{"playerId":2349571,"score":1025,"energy":20,"posx":1,"posy":8,"lastAction":5,"status":0},{"playerId":2611188,"score":725,"energy":33,"posx":9,"posy":8,"lastAction":0,"status":0},{"playerId":206247,"score":875,"energy":8,"posx":12,"posy":6,"lastAction":0,"status":0},{"playerId":2287533,"score":1075,"energy":31,"posx":0,"posy":1,"lastAction":4,"status":0}],"golds":[{"posx":20,"posy":0,"amount":100},{"posx":14,"posy":1,"amount":150},{"posx":0,"posy":6,"amount":50},{"posx":2,"posy":6,"amount":500},{"posx":8,"posy":7,"amount":450},{"posx":18,"posy":7,"amount":50},{"posx":1,"posy":8,"amount":250}],"changedObstacles":[{"type":3,"posx":12,"posy":6,"value":-40}]},{"players":[{"playerId":2349571,"score":1075,"energy":15,"posx":1,"posy":8,"lastAction":5,"status":0},{"playerId":2611188,"score":725,"energy":32,"posx":8,"posy":8,"lastAction":0,"status":0},{"playerId":206247,"score":875,"energy":20,"posx":12,"posy":6,"lastAction":4,"status":0},{"playerId":2287533,"score":1075,"energy":20,"posx":0,"posy":2,"lastAction":3,"status":0}],"golds":[{"posx":20,"posy":0,"amount":100},{"posx":14,"posy":1,"amount":150},{"posx":0,"posy":6,"amount":50},{"posx":2,"posy":6,"amount":500},{"posx":8,"posy":7,"amount":450},{"posx":18,"posy":7,"amount":50},{"posx":1,"posy":8,"amount":200}],"changedObstacles":[]},{"players":[{"playerId":2349571,"score":1075,"energy":27,"posx":1,"posy":8,"lastAction":4,"status":0},{"playerId":2611188,"score":725,"energy":31,"posx":7,"posy":8,"lastAction":0,"status":0},{"playerId":206247,"score":875,"energy":36,"posx":12,"posy":6,"lastAction":4,"status":0},{"playerId":2287533,"score":1075,"energy":32,"posx":0,"posy":2,"lastAction":4,"status":0}],"golds":[{"posx":20,"posy":0,"amount":100},{"posx":14,"posy":1,"amount":150},{"posx":0,"posy":6,"amount":50},{"posx":2,"posy":6,"amount":500},{"posx":8,"posy":7,"amount":450},{"posx":18,"posy":7,"amount":50},{"posx":1,"posy":8,"amount":200}],"changedObstacles":[]},{"players":[{"playerId":2349571,"score":1125,"energy":22,"posx":1,"posy":8,"lastAction":5,"status":0},{"playerId":2611188,"score":725,"energy":30,"posx":6,"posy":8,"lastAction":0,"status":0},{"playerId":206247,"score":875,"energy":50,"posx":12,"posy":6,"lastAction":4,"status":0},{"playerId":2287533,"score":1075,"energy":31,"posx":0,"posy":3,"lastAction":3,"status":0}],"golds":[{"posx":20,"posy":0,"amount":100},{"posx":14,"posy":1,"amount":150},{"posx":0,"posy":6,"amount":50},{"posx":2,"posy":6,"amount":500},{"posx":8,"posy":7,"amount":450},{"posx":18,"posy":7,"amount":50},{"posx":1,"posy":8,"amount":150}],"changedObstacles":[]},{"players":[{"playerId":2349571,"score":1175,"energy":17,"posx":1,"posy":8,"lastAction":5,"status":0},{"playerId":2611188,"score":725,"energy":29,"posx":5,"posy":8,"lastAction":0,"status":0},{"playerId":206247,"score":875,"energy":10,"posx":11,"posy":6,"lastAction":0,"status":0},{"playerId":2287533,"score":1075,"energy":30,"posx":0,"posy":4,"lastAction":3,"status":0}],"golds":[{"posx":20,"posy":0,"amount":100},{"posx":14,"posy":1,"amount":150},{"posx":0,"posy":6,"amount":50},{"posx":2,"posy":6,"amount":500},{"posx":8,"posy":7,"amount":450},{"posx":18,"posy":7,"amount":50},{"posx":1,"posy":8,"amount":100}],"changedObstacles":[{"type":3,"posx":11,"posy":6,"value":-100}]},{"players":[{"playerId":2349571,"score":1175,"energy":29,"posx":1,"posy":8,"lastAction":4,"status":0},{"playerId":2611188,"score":725,"energy":28,"posx":4,"posy":8,"lastAction":0,"status":0},{"playerId":206247,"score":875,"energy":9,"posx":10,"posy":6,"lastAction":0,"status":0},{"playerId":2287533,"score":1075,"energy":22,"posx":0,"posy":5,"lastAction":3,"status":0}],"golds":[{"posx":20,"posy":0,"amount":100},{"posx":14,"posy":1,"amount":150},{"posx":0,"posy":6,"amount":50},{"posx":2,"posy":6,"amount":500},{"posx":8,"posy":7,"amount":450},{"posx":18,"posy":7,"amount":50},{"posx":1,"posy":8,"amount":100}],"changedObstacles":[]},{"players":[{"playerId":2349571,"score":1225,"energy":24,"posx":1,"posy":8,"lastAction":5,"status":0},{"playerId":2611188,"score":725,"energy":27,"posx":3,"posy":8,"lastAction":0,"status":0},{"playerId":206247,"score":875,"energy":8,"posx":9,"posy":6,"lastAction":0,"status":0},{"playerId":2287533,"score":1075,"energy":18,"posx":0,"posy":6,"lastAction":3,"status":0}],"golds":[{"posx":20,"posy":0,"amount":100},{"posx":14,"posy":1,"amount":150},{"posx":0,"posy":6,"amount":50},{"posx":2,"posy":6,"amount":500},{"posx":8,"posy":7,"amount":450},{"posx":18,"posy":7,"amount":50},{"posx":1,"posy":8,"amount":50}],"changedObstacles":[]},{"players":[{"playerId":2349571,"score":1275,"energy":19,"posx":1,"posy":8,"lastAction":5,"status":0},{"playerId":2611188,"score":725,"energy":26,"posx":2,"posy":8,"lastAction":0,"status":0},{"playerId":206247,"score":875,"energy":7,"posx":8,"posy":6,"lastAction":0,"status":0},{"playerId":2287533,"score":1125,"energy":13,"posx":0,"posy":6,"lastAction":5,"status":0}],"golds":[{"posx":20,"posy":0,"amount":100},{"posx":14,"posy":1,"amount":150},{"posx":2,"posy":6,"amount":500},{"posx":8,"posy":7,"amount":450},{"posx":18,"posy":7,"amount":50}],"changedObstacles":[{"type":0,"posx":0,"posy":6,"value":-1},{"type":0,"posx":1,"posy":8,"value":-1}]},{"players":[{"playerId":2349571,"score":1275,"energy":31,"posx":1,"posy":8,"lastAction":4,"status":0},{"playerId":2611188,"score":725,"energy":16,"posx":2,"posy":7,"lastAction":2,"status":0},{"playerId":206247,"score":875,"energy":6,"posx":7,"posy":6,"lastAction":0,"status":0},{"playerId":2287533,"score":1125,"energy":25,"posx":0,"posy":6,"lastAction":4,"status":0}],"golds":[{"posx":20,"posy":0,"amount":100},{"posx":14,"posy":1,"amount":150},{"posx":2,"posy":6,"amount":500},{"posx":8,"posy":7,"amount":450},{"posx":18,"posy":7,"amount":50}],"changedObstacles":[{"type":0,"posx":2,"posy":7,"value":-1}]},{"players":[{"playerId":2349571,"score":1275,"energy":30,"posx":2,"posy":8,"lastAction":1,"status":0},{"playerId":2611188,"score":725,"energy":12,"posx":2,"posy":6,"lastAction":2,"status":0},{"playerId":206247,"score":875,"energy":5,"posx":6,"posy":6,"lastAction":0,"status":0},{"playerId":2287533,"score":1125,"energy":24,"posx":1,"posy":6,"lastAction":1,"status":0}],"golds":[{"posx":20,"posy":0,"amount":100},{"posx":14,"posy":1,"amount":150},{"posx":2,"posy":6,"amount":500},{"posx":8,"posy":7,"amount":450},{"posx":18,"posy":7,"amount":50}],"changedObstacles":[]},{"players":[{"playerId":2349571,"score":1275,"energy":29,"posx":3,"posy":8,"lastAction":1,"status":0},{"playerId":2611188,"score":775,"energy":7,"posx":2,"posy":6,"lastAction":5,"status":0},{"playerId":206247,"score":875,"energy":17,"posx":6,"posy":6,"lastAction":4,"status":0},{"playerId":2287533,"score":1125,"energy":20,"posx":2,"posy":6,"lastAction":1,"status":0}],"golds":[{"posx":20,"posy":0,"amount":100},{"posx":14,"posy":1,"amount":150},{"posx":2,"posy":6,"amount":450},{"posx":8,"posy":7,"amount":450},{"posx":18,"posy":7,"amount":50}],"changedObstacles":[]},{"players":[{"playerId":2349571,"score":1275,"energy":28,"posx":4,"posy":8,"lastAction":1,"status":0},{"playerId":2611188,"score":825,"energy":2,"posx":2,"posy":6,"lastAction":5,"status":0},{"playerId":206247,"score":875,"energy":33,"posx":6,"posy":6,"lastAction":4,"status":0},{"playerId":2287533,"score":1175,"energy":15,"posx":2,"posy":6,"lastAction":5,"status":0}],"golds":[{"posx":20,"posy":0,"amount":100},{"posx":14,"posy":1,"amount":150},{"posx":2,"posy":6,"amount":350},{"posx":8,"posy":7,"amount":450},{"posx":18,"posy":7,"amount":50}],"changedObstacles":[]},{"players":[{"playerId":2349571,"score":1275,"energy":27,"posx":5,"posy":8,"lastAction":1,"status":0},{"playerId":2611188,"score":825,"energy":14,"posx":2,"posy":6,"lastAction":4,"status":0},{"playerId":206247,"score":875,"energy":50,"posx":6,"posy":6,"lastAction":4,"status":0},{"playerId":2287533,"score":1225,"energy":10,"posx":2,"posy":6,"lastAction":5,"status":0}],"golds":[{"posx":20,"posy":0,"amount":100},{"posx":14,"posy":1,"amount":150},{"posx":2,"posy":6,"amount":300},{"posx":8,"posy":7,"amount":450},{"posx":18,"posy":7,"amount":50}],"changedObstacles":[]},{"players":[{"playerId":2349571,"score":1275,"energy":26,"posx":6,"posy":8,"lastAction":1,"status":0},{"playerId":2611188,"score":825,"energy":30,"posx":2,"posy":6,"lastAction":4,"status":0},{"playerId":206247,"score":875,"energy":40,"posx":5,"posy":6,"lastAction":0,"status":0},{"playerId":2287533,"score":1275,"energy":5,"posx":2,"posy":6,"lastAction":5,"status":0}],"golds":[{"posx":20,"posy":0,"amount":100},{"posx":14,"posy":1,"amount":150},{"posx":2,"posy":6,"amount":250},{"posx":8,"posy":7,"amount":450},{"posx":18,"posy":7,"amount":50}],"changedObstacles":[{"type":0,"posx":5,"posy":6,"value":-1}]},{"players":[{"playerId":2349571,"score":1275,"energy":25,"posx":7,"posy":8,"lastAction":1,"status":0},{"playerId":2611188,"score":875,"energy":25,"posx":2,"posy":6,"lastAction":5,"status":0},{"playerId":206247,"score":875,"energy":35,"posx":4,"posy":6,"lastAction":0,"status":0},{"playerId":2287533,"score":1275,"energy":17,"posx":2,"posy":6,"lastAction":4,"status":0}],"golds":[{"posx":20,"posy":0,"amount":100},{"posx":14,"posy":1,"amount":150},{"posx":2,"posy":6,"amount":200},{"posx":8,"posy":7,"amount":450},{"posx":18,"posy":7,"amount":50}],"changedObstacles":[{"type":3,"posx":4,"posy":6,"value":-20}]},{"players":[{"playerId":2349571,"score":1275,"energy":24,"posx":7,"posy":7,"lastAction":2,"status":0},{"playerId":2611188,"score":925,"energy":20,"posx":2,"posy":6,"lastAction":5,"status":0},{"playerId":206247,"score":875,"energy":34,"posx":3,"posy":6,"lastAction":0,"status":0},{"playerId":2287533,"score":1325,"energy":12,"posx":2,"posy":6,"lastAction":5,"status":0}],"golds":[{"posx":20,"posy":0,"amount":100},{"posx":14,"posy":1,"amount":150},{"posx":2,"posy":6,"amount":100},{"posx":8,"posy":7,"amount":450},{"posx":18,"posy":7,"amount":50}],"changedObstacles":[]},{"players":[{"playerId":2349571,"score":1275,"energy":20,"posx":8,"posy":7,"lastAction":1,"status":0},{"playerId":2611188,"score":975,"energy":15,"posx":2,"posy":6,"lastAction":5,"status":0},{"playerId":206247,"score":875,"energy":30,"posx":2,"posy":6,"lastAction":0,"status":0},{"playerId":2287533,"score":1375,"energy":7,"posx":2,"posy":6,"lastAction":5,"status":0}],"golds":[{"posx":20,"posy":0,"amount":100},{"posx":14,"posy":1,"amount":150},{"posx":8,"posy":7,"amount":450},{"posx":18,"posy":7,"amount":50}],"changedObstacles":[{"type":0,"posx":2,"posy":6,"value":-1}]},{"players":[{"playerId":2349571,"score":1325,"energy":15,"posx":8,"posy":7,"lastAction":5,"status":0},{"playerId":2611188,"score":975,"energy":14,"posx":1,"posy":6,"lastAction":0,"status":0},{"playerId":206247,"score":875,"energy":29,"posx":3,"posy":6,"lastAction":1,"status":0},{"playerId":2287533,"score":1375,"energy":19,"posx":2,"posy":6,"lastAction":4,"status":0}],"golds":[{"posx":20,"posy":0,"amount":100},{"posx":14,"posy":1,"amount":150},{"posx":8,"posy":7,"amount":400},{"posx":18,"posy":7,"amount":50}],"changedObstacles":[]},{"players":[{"playerId":2349571,"score":1325,"energy":27,"posx":8,"posy":7,"lastAction":4,"status":0},{"playerId":2611188,"score":975,"energy":13,"posx":2,"posy":6,"lastAction":1,"status":0},{"playerId":206247,"score":875,"energy":19,"posx":3,"posy":7,"lastAction":3,"status":0},{"playerId":2287533,"score":1375,"energy":35,"posx":2,"posy":6,"lastAction":4,"status":0}],"golds":[{"posx":20,"posy":0,"amount":100},{"posx":14,"posy":1,"amount":150},{"posx":8,"posy":7,"amount":400},{"posx":18,"posy":7,"amount":50}],"changedObstacles":[{"type":0,"posx":3,"posy":7,"value":-1}]},{"players":[{"playerId":2349571,"score":1375,"energy":22,"posx":8,"posy":7,"lastAction":5,"status":0},{"playerId":2611188,"score":975,"energy":12,"posx":3,"posy":6,"lastAction":1,"status":0},{"playerId":206247,"score":875,"energy":9,"posx":4,"posy":7,"lastAction":1,"status":0},{"playerId":2287533,"score":1375,"energy":34,"posx":3,"posy":6,"lastAction":1,"status":0}],"golds":[{"posx":20,"posy":0,"amount":100},{"posx":14,"posy":1,"amount":150},{"posx":8,"posy":7,"amount":350},{"posx":18,"posy":7,"amount":50}],"changedObstacles":[{"type":0,"posx":4,"posy":7,"value":-1}]},{"players":[{"playerId":2349571,"score":1425,"energy":17,"posx":8,"posy":7,"lastAction":5,"status":0},{"playerId":2611188,"score":975,"energy":11,"posx":3,"posy":7,"lastAction":3,"status":0},{"playerId":206247,"score":875,"energy":8,"posx":5,"posy":7,"lastAction":1,"status":0},{"playerId":2287533,"score":1375,"energy":14,"posx":4,"posy":6,"lastAction":1,"status":0}],"golds":[{"posx":20,"posy":0,"amount":100},{"posx":14,"posy":1,"amount":150},{"posx":8,"posy":7,"amount":300},{"posx":18,"posy":7,"amount":50}],"changedObstacles":[{"type":3,"posx":4,"posy":6,"value":-40}]},{"players":[{"playerId":2349571,"score":1425,"energy":29,"posx":8,"posy":7,"lastAction":4,"status":0},{"playerId":2611188,"score":975,"energy":10,"posx":4,"posy":7,"lastAction":1,"status":0},{"playerId":206247,"score":875,"energy":3,"posx":6,"posy":7,"lastAction":1,"status":0},{"playerId":2287533,"score":1375,"energy":26,"posx":4,"posy":6,"lastAction":4,"status":0}],"golds":[{"posx":20,"posy":0,"amount":100},{"posx":14,"posy":1,"amount":150},{"posx":8,"posy":7,"amount":300},{"posx":18,"posy":7,"amount":50}],"changedObstacles":[{"type":3,"posx":6,"posy":7,"value":-20}]},{"players":[{"playerId":2349571,"score":1475,"energy":24,"posx":8,"posy":7,"lastAction":5,"status":0},{"playerId":2611188,"score":975,"energy":9,"posx":5,"posy":7,"lastAction":1,"status":0},{"playerId":206247,"score":875,"energy":2,"posx":7,"posy":7,"lastAction":1,"status":0},{"playerId":2287533,"score":1375,"energy":25,"posx":5,"posy":6,"lastAction":1,"status":0}],"golds":[{"posx":20,"posy":0,"amount":100},{"posx":14,"posy":1,"amount":150},{"posx":8,"posy":7,"amount":250},{"posx":18,"posy":7,"amount":50}],"changedObstacles":[]},{"players":[{"playerId":2349571,"score":1525,"energy":19,"posx":8,"posy":7,"lastAction":5,"status":0},{"playerId":2611188,"score":975,"energy":21,"posx":5,"posy":7,"lastAction":4,"status":0},{"playerId":206247,"score":875,"energy":14,"posx":7,"posy":7,"lastAction":4,"status":0},{"playerId":2287533,"score":1375,"energy":24,"posx":6,"posy":6,"lastAction":1,"status":0}],"golds":[{"posx":20,"posy":0,"amount":100},{"posx":14,"posy":1,"amount":150},{"posx":8,"posy":7,"amount":200},{"posx":18,"posy":7,"amount":50}],"changedObstacles":[]},{"players":[{"playerId":2349571,"score":1525,"energy":31,"posx":8,"posy":7,"lastAction":4,"status":0},{"playerId":2611188,"score":975,"energy":37,"posx":5,"posy":7,"lastAction":4,"status":0},{"playerId":206247,"score":875,"energy":30,"posx":7,"posy":7,"lastAction":4,"status":0},{"playerId":2287533,"score":1375,"energy":23,"posx":7,"posy":6,"lastAction":1,"status":0}],"golds":[{"posx":20,"posy":0,"amount":100},{"posx":14,"posy":1,"amount":150},{"posx":8,"posy":7,"amount":200},{"posx":18,"posy":7,"amount":50}],"changedObstacles":[]},{"players":[{"playerId":2349571,"score":1575,"energy":26,"posx":8,"posy":7,"lastAction":5,"status":0},{"playerId":2611188,"score":975,"energy":17,"posx":6,"posy":7,"lastAction":1,"status":0},{"playerId":206247,"score":875,"energy":50,"posx":7,"posy":7,"lastAction":4,"status":0},{"playerId":2287533,"score":1375,"energy":22,"posx":8,"posy":6,"lastAction":1,"status":0}],"golds":[{"posx":20,"posy":0,"amount":100},{"posx":14,"posy":1,"amount":150},{"posx":8,"posy":7,"amount":150},{"posx":18,"posy":7,"amount":50}],"changedObstacles":[{"type":3,"posx":6,"posy":7,"value":-40}]},{"players":[{"playerId":2349571,"score":1625,"energy":21,"posx":8,"posy":7,"lastAction":5,"status":0},{"playerId":2611188,"score":975,"energy":16,"posx":7,"posy":7,"lastAction":1,"status":0},{"playerId":206247,"score":875,"energy":46,"posx":8,"posy":7,"lastAction":1,"status":0},{"playerId":2287533,"score":1375,"energy":18,"posx":8,"posy":7,"lastAction":3,"status":0}],"golds":[{"posx":20,"posy":0,"amount":100},{"posx":14,"posy":1,"amount":150},{"posx":8,"posy":7,"amount":100},{"posx":18,"posy":7,"amount":50}],"changedObstacles":[]},{"players":[{"playerId":2349571,"score":1659,"energy":16,"posx":8,"posy":7,"lastAction":5,"status":0},{"playerId":2611188,"score":975,"energy":12,"posx":8,"posy":7,"lastAction":1,"status":0},{"playerId":206247,"score":909,"energy":41,"posx":8,"posy":7,"lastAction":5,"status":0},{"playerId":2287533,"score":1409,"energy":13,"posx":8,"posy":7,"lastAction":5,"status":0}],"golds":[{"posx":20,"posy":0,"amount":100},{"posx":14,"posy":1,"amount":150},{"posx":18,"posy":7,"amount":50}],"changedObstacles":[{"type":0,"posx":8,"posy":7,"value":-1}]},{"players":[{"playerId":2349571,"score":1659,"energy":28,"posx":8,"posy":7,"lastAction":4,"status":0},{"playerId":2611188,"score":975,"energy":11,"posx":7,"posy":7,"lastAction":0,"status":0},{"playerId":206247,"score":909,"energy":40,"posx":8,"posy":6,"lastAction":2,"status":0},{"playerId":2287533,"score":1409,"energy":25,"posx":8,"posy":7,"lastAction":4,"status":0}],"golds":[{"posx":20,"posy":0,"amount":100},{"posx":14,"posy":1,"amount":150},{"posx":18,"posy":7,"amount":50}],"changedObstacles":[]},{"players":[{"playerId":2349571,"score":1659,"energy":14,"posx":9,"posy":7,"lastAction":1,"status":0},{"playerId":2611188,"score":975,"energy":10,"posx":8,"posy":7,"lastAction":1,"status":0},{"playerId":206247,"score":909,"energy":39,"posx":9,"posy":6,"lastAction":1,"status":0},{"playerId":2287533,"score":1409,"energy":41,"posx":8,"posy":7,"lastAction":4,"status":0}],"golds":[{"posx":20,"posy":0,"amount":100},{"posx":14,"posy":1,"amount":150},{"posx":18,"posy":7,"amount":50}],"changedObstacles":[]},{"players":[{"playerId":2349571,"score":1659,"energy":26,"posx":9,"posy":7,"lastAction":4,"status":0},{"playerId":2611188,"score":975,"energy":9,"posx":8,"posy":6,"lastAction":2,"status":0},{"playerId":206247,"score":909,"energy":38,"posx":10,"posy":6,"lastAction":1,"status":0},{"playerId":2287533,"score":1409,"energy":27,"posx":9,"posy":7,"lastAction":1,"status":0}],"golds":[{"posx":20,"posy":0,"amount":100},{"posx":14,"posy":1,"amount":150},{"posx":18,"posy":7,"amount":50}],"changedObstacles":[]},{"players":[{"playerId":2349571,"score":1659,"energy":25,"posx":10,"posy":7,"lastAction":1,"status":0},{"playerId":2611188,"score":975,"energy":8,"posx":9,"posy":6,"lastAction":1,"status":0},{"playerId":206247,"score":909,"energy":28,"posx":10,"posy":5,"lastAction":2,"status":0},{"playerId":2287533,"score":1409,"energy":26,"posx":10,"posy":7,"lastAction":1,"status":0}],"golds":[{"posx":20,"posy":0,"amount":100},{"posx":14,"posy":1,"amount":150},{"posx":18,"posy":7,"amount":50}],"changedObstacles":[{"type":0,"posx":10,"posy":5,"value":-1}]},{"players":[{"playerId":2349571,"score":1659,"energy":24,"posx":11,"posy":7,"lastAction":1,"status":0},{"playerId":2611188,"score":975,"energy":7,"posx":9,"posy":5,"lastAction":2,"status":0},{"playerId":206247,"score":909,"energy":18,"posx":10,"posy":4,"lastAction":2,"status":0},{"playerId":2287533,"score":1409,"energy":38,"posx":10,"posy":7,"lastAction":4,"status":0}],"golds":[{"posx":20,"posy":0,"amount":100},{"posx":14,"posy":1,"amount":150},{"posx":18,"posy":7,"amount":50}],"changedObstacles":[{"type":0,"posx":10,"posy":4,"value":-1}]},{"players":[{"playerId":2349571,"score":1659,"energy":23,"posx":12,"posy":7,"lastAction":1,"status":0},{"playerId":2611188,"score":975,"energy":6,"posx":10,"posy":5,"lastAction":1,"status":0},{"playerId":206247,"score":909,"energy":17,"posx":11,"posy":4,"lastAction":1,"status":0},{"playerId":2287533,"score":1409,"energy":37,"posx":11,"posy":7,"lastAction":1,"status":0}],"golds":[{"posx":20,"posy":0,"amount":100},{"posx":14,"posy":1,"amount":150},{"posx":18,"posy":7,"amount":50}],"changedObstacles":[]},{"players":[{"playerId":2349571,"score":1659,"energy":9,"posx":13,"posy":7,"lastAction":1,"status":0},{"playerId":2611188,"score":975,"energy":5,"posx":10,"posy":4,"lastAction":2,"status":0},{"playerId":206247,"score":909,"energy":16,"posx":12,"posy":4,"lastAction":1,"status":0},{"playerId":2287533,"score":1409,"energy":36,"posx":12,"posy":7,"lastAction":1,"status":0}],"golds":[{"posx":20,"posy":0,"amount":100},{"posx":14,"posy":1,"amount":150},{"posx":18,"posy":7,"amount":50}],"changedObstacles":[]},{"players":[{"playerId":2349571,"score":1659,"energy":21,"posx":13,"posy":7,"lastAction":4,"status":0},{"playerId":2611188,"score":975,"energy":4,"posx":11,"posy":4,"lastAction":1,"status":0},{"playerId":206247,"score":909,"energy":15,"posx":13,"posy":4,"lastAction":1,"status":0},{"playerId":2287533,"score":1409,"energy":17,"posx":13,"posy":7,"lastAction":1,"status":0}],"golds":[{"posx":20,"posy":0,"amount":100},{"posx":14,"posy":1,"amount":150},{"posx":18,"posy":7,"amount":50}],"changedObstacles":[]},{"players":[{"playerId":2349571,"score":1659,"energy":20,"posx":14,"posy":7,"lastAction":1,"status":0},{"playerId":2611188,"score":975,"energy":3,"posx":12,"posy":4,"lastAction":1,"status":0},{"playerId":206247,"score":909,"energy":10,"posx":13,"posy":3,"lastAction":2,"status":0},{"playerId":2287533,"score":1409,"energy":29,"posx":13,"posy":7,"lastAction":4,"status":0}],"golds":[{"posx":20,"posy":0,"amount":100},{"posx":14,"posy":1,"amount":150},{"posx":18,"posy":7,"amount":50}],"changedObstacles":[{"type":3,"posx":13,"posy":3,"value":-20}]},{"players":[{"playerId":2349571,"score":1659,"energy":0,"posx":15,"posy":7,"lastAction":1,"status":2},{"playerId":2611188,"score":975,"energy":2,"posx":12,"posy":3,"lastAction":2,"status":0},{"playerId":206247,"score":909,"energy":9,"posx":14,"posy":3,"lastAction":1,"status":0},{"playerId":2287533,"score":1409,"energy":28,"posx":14,"posy":7,"lastAction":1,"status":0}],"golds":[{"posx":20,"posy":0,"amount":100},{"posx":14,"posy":1,"amount":150},{"posx":18,"posy":7,"amount":50}],"changedObstacles":[{"type":3,"posx":15,"posy":7,"value":-40}]},{"players":[{"playerId":2349571,"score":1659,"energy":0,"posx":15,"posy":7,"lastAction":6,"status":2},{"playerId":2611188,"score":975,"energy":1,"posx":12,"posy":2,"lastAction":2,"status":0},{"playerId":206247,"score":909,"energy":21,"posx":14,"posy":3,"lastAction":4,"status":0},{"playerId":2287533,"score":1409,"energy":-12,"posx":15,"posy":7,"lastAction":1,"status":2}],"golds":[{"posx":20,"posy":0,"amount":100},{"posx":14,"posy":1,"amount":150},{"posx":18,"posy":7,"amount":50}],"changedObstacles":[{"type":3,"posx":15,"posy":7,"value":-100}]},{"players":[{"playerId":2349571,"score":1659,"energy":0,"posx":15,"posy":7,"lastAction":6,"status":2},{"playerId":2611188,"score":975,"energy":13,"posx":12,"posy":2,"lastAction":4,"status":0},{"playerId":206247,"score":909,"energy":37,"posx":14,"posy":3,"lastAction":4,"status":0},{"playerId":2287533,"score":1409,"energy":-12,"posx":15,"posy":7,"lastAction":6,"status":2}],"golds":[{"posx":20,"posy":0,"amount":100},{"posx":14,"posy":1,"amount":150},{"posx":18,"posy":7,"amount":50}],"changedObstacles":[]},{"players":[{"playerId":2349571,"score":1659,"energy":0,"posx":15,"posy":7,"lastAction":6,"status":2},{"playerId":2611188,"score":975,"energy":29,"posx":12,"posy":2,"lastAction":4,"status":0},{"playerId":206247,"score":909,"energy":50,"posx":14,"posy":3,"lastAction":4,"status":0},{"playerId":2287533,"score":1409,"energy":-12,"posx":15,"posy":7,"lastAction":6,"status":2}],"golds":[{"posx":20,"posy":0,"amount":100},{"posx":14,"posy":1,"amount":150},{"posx":18,"posy":7,"amount":50}],"changedObstacles":[]},{"players":[{"playerId":2349571,"score":1659,"energy":0,"posx":15,"posy":7,"lastAction":6,"status":2},{"playerId":2611188,"score":975,"energy":28,"posx":12,"posy":1,"lastAction":2,"status":0},{"playerId":206247,"score":909,"energy":40,"posx":14,"posy":2,"lastAction":2,"status":0},{"playerId":2287533,"score":1409,"energy":-12,"posx":15,"posy":7,"lastAction":6,"status":2}],"golds":[{"posx":20,"posy":0,"amount":100},{"posx":14,"posy":1,"amount":150},{"posx":18,"posy":7,"amount":50}],"changedObstacles":[{"type":0,"posx":14,"posy":2,"value":-1}]},{"players":[{"playerId":2349571,"score":1659,"energy":0,"posx":15,"posy":7,"lastAction":6,"status":2},{"playerId":2611188,"score":975,"energy":27,"posx":12,"posy":0,"lastAction":2,"status":0},{"playerId":206247,"score":909,"energy":36,"posx":14,"posy":1,"lastAction":2,"status":0},{"playerId":2287533,"score":1409,"energy":-12,"posx":15,"posy":7,"lastAction":6,"status":2}],"golds":[{"posx":20,"posy":0,"amount":100},{"posx":14,"posy":1,"amount":150},{"posx":18,"posy":7,"amount":50}],"changedObstacles":[]},{"players":[{"playerId":2349571,"score":1659,"energy":0,"posx":15,"posy":7,"lastAction":6,"status":2},{"playerId":2611188,"score":975,"energy":26,"posx":13,"posy":0,"lastAction":1,"status":0},{"playerId":206247,"score":959,"energy":31,"posx":14,"posy":1,"lastAction":5,"status":0},{"playerId":2287533,"score":1409,"energy":-12,"posx":15,"posy":7,"lastAction":6,"status":2}],"golds":[{"posx":20,"posy":0,"amount":100},{"posx":14,"posy":1,"amount":100},{"posx":18,"posy":7,"amount":50}],"changedObstacles":[]},{"players":[{"playerId":2349571,"score":1659,"energy":0,"posx":15,"posy":7,"lastAction":6,"status":2},{"playerId":2611188,"score":975,"energy":16,"posx":14,"posy":0,"lastAction":1,"status":0},{"playerId":206247,"score":1009,"energy":26,"posx":14,"posy":1,"lastAction":5,"status":0},{"playerId":2287533,"score":1409,"energy":-12,"posx":15,"posy":7,"lastAction":6,"status":2}],"golds":[{"posx":20,"posy":0,"amount":100},{"posx":14,"posy":1,"amount":50},{"posx":18,"posy":7,"amount":50}],"changedObstacles":[{"type":0,"posx":14,"posy":0,"value":-1}]},{"players":[{"playerId":2349571,"score":1659,"energy":0,"posx":15,"posy":7,"lastAction":6,"status":2},{"playerId":2611188,"score":975,"energy":15,"posx":15,"posy":0,"lastAction":1,"status":0},{"playerId":206247,"score":1009,"energy":25,"posx":15,"posy":1,"lastAction":1,"status":0},{"playerId":2287533,"score":1409,"energy":-12,"posx":15,"posy":7,"lastAction":6,"status":2}],"golds":[{"posx":20,"posy":0,"amount":100},{"posx":14,"posy":1,"amount":50},{"posx":18,"posy":7,"amount":50}],"changedObstacles":[]}]