[{"players":[{"playerId":2451397,"score":0,"energy":49,"posx":8,"posy":2,"lastAction":0,"status":0},{"playerId":2611188,"score":0,"energy":49,"posx":9,"posy":3,"lastAction":3,"status":0},{"playerId":206247,"score":0,"energy":49,"posx":9,"posy":3,"lastAction":3,"status":0},{"playerId":2375363,"score":0,"energy":49,"posx":9,"posy":3,"lastAction":3,"status":0}],"golds":[{"posx":4,"posy":8,"amount":100},{"posx":8,"posy":7,"amount":450},{"posx":0,"posy":1,"amount":150},{"posx":16,"posy":6,"amount":500},{"posx":20,"posy":0,"amount":100},{"posx":3,"posy":3,"amount":700},{"posx":14,"posy":6,"amount":50},{"posx":2,"posy":6,"amount":500},{"posx":0,"posy":6,"amount":50},{"posx":3,"posy":8,"amount":50},{"posx":6,"posy":4,"amount":150},{"posx":18,"posy":4,"amount":600},{"posx":4,"posy":1,"amount":50},{"posx":12,"posy":8,"amount":300},{"posx":1,"posy":8,"amount":650},{"posx":17,"posy":5,"amount":300},{"posx":18,"posy":7,"amount":200},{"posx":6,"posy":8,"amount":100},{"posx":14,"posy":1,"amount":150},{"posx":10,"posy":3,"amount":100}],"changedObstacles":[]},{"players":[{"playerId":2451397,"score":0,"energy":48,"posx":7,"posy":2,"lastAction":0,"status":0},{"playerId":2611188,"score":0,"energy":48,"posx":9,"posy":4,"lastAction":3,"status":0},{"playerId":206247,"score":0,"energy":48,"posx":9,"posy":4,"lastAction":3,"status":0},{"playerId":2375363,"score":0,"energy":45,"posx":10,"posy":3,"lastAction":1,"status":0}],"golds":[{"posx":4,"posy":8,"amount":100},{"posx":8,"posy":7,"amount":450},{"posx":0,"posy":1,"amount":150},{"posx":16,"posy":6,"amount":500},{"posx":20,"posy":0,"amount":100},{"posx":3,"posy":3,"amount":700},{"posx":14,"posy":6,"amount":50},{"posx":2,"posy":6,"amount":500},{"posx":0,"posy":6,"amount":50},{"posx":3,"posy":8,"amount":50},{"posx":6,"posy":4,"amount":150},{"posx":18,"posy":4,"amount":600},{"posx":4,"posy":1,"amount":50},{"posx":12,"posy":8,"amount":300},{"posx":1,"posy":8,"amount":650},{"posx":17,"posy":5,"amount":300},{"posx":18,"posy":7,"amount":200},{"posx":6,"posy":8,"amount":100},{"posx":14,"posy":1,"amount":150},{"posx":10,"posy":3,"amount":100}],"changedObstacles":[]},{"players":[{"playerId":2451397,"score":0,"energy":43,"posx":6,"posy":2,"lastAction":0,"status":0},{"playerId":2611188,"score":0,"energy":47,"posx":9,"posy":5,"lastAction":3,"status":0},{"playerId":206247,"score":0,"energy":47,"posx":9,"posy":5,"lastAction":3,"status":0},{"playerId":2375363,"score":50,"energy":40,"posx":10,"posy":3,"lastAction":5,"status":0}],"golds":[{"posx":20,"posy":0,"amount":100},{"posx":0,"posy":1,"amount":150},{"posx":4,"posy":1,"amount":50},{"posx":14,"posy":1,"amount":150},{"posx":3,"posy":3,"amount":700},{"posx":10,"posy":3,"amount":50},{"posx":6,"posy":4,"amount":150},{"posx":18,"posy":4,"amount":600},{"posx":17,"posy":5,"amount":300},{"posx":0,"posy":6,"amount":50},{"posx":2,"posy":6,"amount":500},{"posx":14,"posy":6,"amount":50},{"posx":16,"posy":6,"amount":500},{"posx":8,"posy":7,"amount":450},{"posx":18,"posy":7,"amount":200},{"posx":1,"posy":8,"amount":650},{"posx":3,"posy":8,"amount":50},{"posx":4,"posy":8,"amount":100},{"posx":6,"posy":8,"amount":100},{"posx":12,"posy":8,"amount":300}],"changedObstacles":[{"type":3,"posx":6,"posy":2,"value":-20}]},{"players":[{"playerId":2451397,"score":0,"energy":42,"posx":6,"posy":3,"lastAction":3,"status":0},{"playerId":2611188,"score":0,"energy":46,"posx":9,"posy":6,"lastAction":3,"status":0},{"playerId":206247,"score":0,"energy":46,"posx":9,"posy":6,"lastAction":3,"status":0},{"playerId":2375363,"score":100,"energy":35,"posx":10,"posy":3,"lastAction":5,"status":0}],"golds":[{"posx":20,"posy":0,"amount":100},{"posx":0,"posy":1,"amount":150},{"posx":4,"posy":1,"amount":50},{"posx":14,"posy":1,"amount":150},{"posx":3,"posy":3,"amount":700},{"posx":6,"posy":4,"amount":150},{"posx":18,"posy":4,"amount":600},{"posx":17,"posy":5,"amount":300},{"posx":0,"posy":6,"amount":50},{"posx":2,"posy":6,"amount":500},{"posx":14,"posy":6,"amount":50},{"posx":16,"posy":6,"amount":500},{"posx":8,"posy":7,"amount":450},{"posx":18,"posy":7,"amount":200},{"posx":1,"posy":8,"amount":650},{"posx":3,"posy":8,"amount":50},{"posx":4,"posy":8,"amount":100},{"posx":6,"posy":8,"amount":100},{"posx":12,"posy":8,"amount":300}],"changedObstacles":[{"type":0,"posx":10,"posy":3,"value":-1}]},{"players":[{"playerId":2451397,"score":0,"energy":38,"posx":6,"posy":4,"lastAction":3,"status":0},{"playerId":2611188,"score":0,"energy":45,"posx":10,"posy":6,"lastAction":1,"status":0},{"playerId":206247,"score":0,"energy":45,"posx":10,"posy":6,"lastAction":1,"status":0},{"playerId":2375363,"score":100,"energy":34,"posx":9,"posy":3,"lastAction":0,"status":0}],"golds":[{"posx":20,"posy":0,"amount":100},{"posx":0,"posy":1,"amount":150},{"posx":4,"posy":1,"amount":50},{"posx":14,"posy":1,"amount":150},{"posx":3,"posy":3,"amount":700},{"posx":6,"posy":4,"amount":150},{"posx":18,"posy":4,"amount":600},{"posx":17,"posy":5,"amount":300},{"posx":0,"posy":6,"amount":50},{"posx":2,"posy":6,"amount":500},{"posx":14,"posy":6,"amount":50},{"posx":16,"posy":6,"amount":500},{"posx":8,"posy":7,"amount":450},{"posx":18,"posy":7,"amount":200},{"posx":1,"posy":8,"amount":650},{"posx":3,"posy":8,"amount":50},{"posx":4,"posy":8,"amount":100},{"posx":6,"posy":8,"amount":100},{"posx":12,"posy":8,"amount":300}],"changedObstacles":[]},{"players":[{"playerId":2451397,"score":50,"energy":33,"posx":6,"posy":4,"lastAction":5,"status":0},{"playerId":2611188,"score":0,"energy":40,"posx":11,"posy":6,"lastAction":1,"status":0},{"playerId":206247,"score":0,"energy":40,"posx":11,"posy":6,"lastAction":1,"status":0},{"playerId":2375363,"score":100,"energy":33,"posx":9,"posy":4,"lastAction":3,"status":0}],"golds":[{"posx":20,"posy":0,"amount":100},{"posx":0,"posy":1,"amount":150},{"posx":4,"posy":1,"amount":50},{"posx":14,"posy":1,"amount":150},{"posx":3,"posy":3,"amount":700},{"posx":6,"posy":4,"amount":100},{"posx":18,"posy":4,"amount":600},{"posx":17,"posy":5,"amount":300},{"posx":0,"posy":6,"amount":50},{"posx":2,"posy":6,"amount":500},{"posx":14,"posy":6,"amount":50},{"posx":16,"posy":6,"amount":500},{"posx":8,"posy":7,"amount":450},{"posx":18,"posy":7,"amount":200},{"posx":1,"posy":8,"amount":650},{"posx":3,"posy":8,"amount":50},{"posx":4,"posy":8,"amount":100},{"posx":6,"posy":8,"amount":100},{"posx":12,"posy":8,"amount":300}],"changedObstacles":[{"type":3,"posx":11,"posy":6,"value":-20}]},{"players":[{"playerId":2451397,"score":100,"energy":28,"posx":6,"posy":4,"lastAction":5,"status":0},{"playerId":2611188,"score":0,"energy":35,"posx":12,"posy":6,"lastAction":1,"status":0},{"playerId":206247,"score":0,"energy":35,"posx":12,"posy":6,"lastAction":1,"status":0},{"playerId":2375363,"score":100,"energy":32,"posx":9,"posy":5,"lastAction":3,"status":0}],"golds":[{"posx":20,"posy":0,"amount":100},{"posx":0,"posy":1,"amount":150},{"posx":4,"posy":1,"amount":50},{"posx":14,"posy":1,"amount":150},{"posx":3,"posy":3,"amount":700},{"posx":6,"posy":4,"amount":50},{"posx":18,"posy":4,"amount":600},{"posx":17,"posy":5,"amount":300},{"posx":0,"posy":6,"amount":50},{"posx":2,"posy":6,"amount":500},{"posx":14,"posy":6,"amount":50},{"posx":16,"posy":6,"amount":500},{"posx":8,"posy":7,"amount":450},{"posx":18,"posy":7,"amount":200},{"posx":1,"posy":8,"amount":650},{"posx":3,"posy":8,"amount":50},{"posx":4,"posy":8,"amount":100},{"posx":6,"posy":8,"amount":100},{"posx":12,"posy":8,"amount":300}],"changedObstacles":[{"type":3,"posx":12,"posy":6,"value":-20}]},{"players":[{"playerId":2451397,"score":150,"energy":23,"posx":6,"posy":4,"lastAction":5,"status":0},{"playerId":2611188,"score":0,"energy":34,"posx":13,"posy":6,"lastAction":1,"status":0},{"playerId":206247,"score":0,"energy":34,"posx":13,"posy":6,"lastAction":1,"status":0},{"playerId":2375363,"score":100,"energy":31,"posx":9,"posy":6,"lastAction":3,"status":0}],"golds":[{"posx":20,"posy":0,"amount":100},{"posx":0,"posy":1,"amount":150},{"posx":4,"posy":1,"amount":50},{"posx":14,"posy":1,"amount":150},{"posx":3,"posy":3,"amount":700},{"posx":18,"posy":4,"amount":600},{"posx":17,"posy":5,"amount":300},{"posx":0,"posy":6,"amount":50},{"posx":2,"posy":6,"amount":500},{"posx":14,"posy":6,"amount":50},{"posx":16,"posy":6,"amount":500},{"posx":8,"posy":7,"amount":450},{"posx":18,"posy":7,"amount":200},{"posx":1,"posy":8,"amount":650},{"posx":3,"posy":8,"amount":50},{"posx":4,"posy":8,"amount":100},{"posx":6,"posy":8,"amount":100},{"posx":12,"posy":8,"amount":300}],"changedObstacles":[{"type":0,"posx":6,"posy":4,"value":-1}]},{"players":[{"playerId":2451397,"score":150,"energy":22,"posx":6,"posy":3,"lastAction":2,"status":0},{"playerId":2611188,"score":0,"energy":30,"posx":14,"posy":6,"lastAction":1,"status":0},{"playerId":206247,"score":0,"energy":30,"posx":14,"posy":6,"lastAction":1,"status":0},{"playerId":2375363,"score":100,"energy":30,"posx":8,"posy":6,"lastAction":0,"status":0}],"golds":[{"posx":20,"posy":0,"amount":100},{"posx":0,"posy":1,"amount":150},{"posx":4,"posy":1,"amount":50},{"posx":14,"posy":1,"amount":150},{"posx":3,"posy":3,"amount":700},{"posx":18,"posy":4,"amount":600},{"posx":17,"posy":5,"amount":300},{"posx":0,"posy":6,"amount":50},{"posx":2,"posy":6,"amount":500},{"posx":14,"posy":6,"amount":50},{"posx":16,"posy":6,"amount":500},{"posx":8,"posy":7,"amount":450},{"posx":18,"posy":7,"amount":200},{"posx":1,"posy":8,"amount":650},{"posx":3,"posy":8,"amount":50},{"posx":4,"posy":8,"amount":100},{"posx":6,"posy":8,"amount":100},{"posx":12,"posy":8,"amount":300}],"changedObstacles":[]},{"players":[{"playerId":2451397,"score":150,"energy":21,"posx":5,"posy":3,"lastAction":0,"status":0},{"playerId":2611188,"score":50,"energy":25,"posx":14,"posy":6,"lastAction":5,"status":0},{"playerId":206247,"score":0,"energy":25,"posx":15,"posy":6,"lastAction":1,"status":0},{"playerId":2375363,"score":100,"energy":26,"posx":8,"posy":7,"lastAction":3,"status":0}],"golds":[{"posx":20,"posy":0,"amount":100},{"posx":0,"posy":1,"amount":150},{"posx":4,"posy":1,"amount":50},{"posx":14,"posy":1,"amount":150},{"posx":3,"posy":3,"amount":700},{"posx":18,"posy":4,"amount":600},{"posx":17,"posy":5,"amount":300},{"posx":0,"posy":6,"amount":50},{"posx":2,"posy":6,"amount":500},{"posx":16,"posy":6,"amount":500},{"posx":8,"posy":7,"amount":450},{"posx":18,"posy":7,"amount":200},{"posx":1,"posy":8,"amount":650},{"posx":3,"posy":8,"amount":50},{"posx":4,"posy":8,"amount":100},{"posx":6,"posy":8,"amount":100},{"posx":12,"posy":8,"amount":300}],"changedObstacles":[{"type":3,"posx":15,"posy":6,"value":-20},{"type":0,"posx":14,"posy":6,"value":-1}]},{"players":[{"playerId":2451397,"score":150,"energy":11,"posx":4,"posy":3,"lastAction":0,"status":0},{"playerId":2611188,"score":50,"energy":20,"posx":14,"posy":5,"lastAction":2,"status":0},{"playerId":206247,"score":0,"energy":21,"posx":16,"posy":6,"lastAction":1,"status":0},{"playerId":2375363,"score":150,"energy":21,"posx":8,"posy":7,"lastAction":5,"status":0}],"golds":[{"posx":20,"posy":0,"amount":100},{"posx":0,"posy":1,"amount":150},{"posx":4,"posy":1,"amount":50},{"posx":14,"posy":1,"amount":150},{"posx":3,"posy":3,"amount":700},{"posx":18,"posy":4,"amount":600},{"posx":17,"posy":5,"amount":300},{"posx":0,"posy":6,"amount":50},{"posx":2,"posy":6,"amount":500},{"posx":16,"posy":6,"amount":500},{"posx":8,"posy":7,"amount":400},{"posx":18,"posy":7,"amount":200},{"posx":1,"posy":8,"amount":650},{"posx":3,"posy":8,"amount":50},{"posx":4,"posy":8,"amount":100},{"posx":6,"posy":8,"amount":100},{"posx":12,"posy":8,"amount":300}],"changedObstacles":[{"type":3,"posx":14,"posy":5,"value":-20},{"type":0,"posx":4,"posy":3,"value":-1}]},{"players":[{"playerId":2451397,"score":150,"energy":7,"posx":3,"posy":3,"lastAction":0,"status":0},{"playerId":2611188,"score":50,"energy":19,"posx":15,"posy":5,"lastAction":1,"status":0},{"playerId":206247,"score":50,"energy":16,"posx":16,"posy":6,"lastAction":5,"status":0},{"playerId":2375363,"score":200,"energy":16,"posx":8,"posy":7,"lastAction":5,"status":0}],"golds":[{"posx":20,"posy":0,"amount":100},{"posx":0,"posy":1,"amount":150},{"posx":4,"posy":1,"amount":50},{"posx":14,"posy":1,"amount":150},{"posx":3,"posy":3,"amount":700},{"posx":18,"posy":4,"amount":600},{"posx":17,"posy":5,"amount":300},{"posx":0,"posy":6,"amount":50},{"posx":2,"posy":6,"amount":500},{"posx":16,"posy":6,"amount":450},{"posx":8,"posy":7,"amount":350},{"posx":18,"posy":7,"amount":200},{"posx":1,"posy":8,"amount":650},{"posx":3,"posy":8,"amount":50},{"posx":4,"posy":8,"amount":100},{"posx":6,"posy":8,"amount":100},{"posx":12,"posy":8,"amount":300}],"changedObstacles":[]},{"players":[{"playerId":2451397,"score":200,"energy":2,"posx":3,"posy":3,"lastAction":5,"status":0},{"playerId":2611188,"score":50,"energy":18,"posx":16,"posy":5,"lastAction":1,"status":0},{"playerId":206247,"score":100,"energy":11,"posx":16,"posy":6,"lastAction":5,"status":0},{"playerId":2375363,"score":250,"energy":11,"posx":8,"posy":7,"lastAction":5,"status":0}],"golds":[{"posx":20,"posy":0,"amount":100},{"posx":0,"posy":1,"amount":150},{"posx":4,"posy":1,"amount":50},{"posx":14,"posy":1,"amount":150},{"posx":3,"posy":3,"amount":650},{"posx":18,"posy":4,"amount":600},{"posx":17,"posy":5,"amount":300},{"posx":0,"posy":6,"amount":50},{"posx":2,"posy":6,"amount":500},{"posx":16,"posy":6,"amount":400},{"posx":8,"posy":7,"amount":300},{"posx":18,"posy":7,"amount":200},{"posx":1,"posy":8,"amount":650},{"posx":3,"posy":8,"amount":50},{"posx":4,"posy":8,"amount":100},{"posx":6,"posy":8,"amount":100},{"posx":12,"posy":8,"amount":300}],"changedObstacles":[]},{"players":[{"playerId":2451397,"score":200,"energy":14,"posx":3,"posy":3,"lastAction":4,"status":0},{"playerId":2611188,"score":50,"energy":14,"posx":16,"posy":6,"lastAction":3,"status":0},{"playerId":206247,"score":150,"energy":6,"posx":16,"posy":6,"lastAction":5,"status":0},{"playerId":2375363,"score":300,"energy":6,"posx":8,"posy":7,"lastAction":5,"status":0}],"golds":[{"posx":20,"posy":0,"amount":100},{"posx":0,"posy":1,"amount":150},{"posx":4,"posy":1,"amount":50},{"posx":14,"posy":1,"amount":150},{"posx":3,"posy":3,"amount":650},{"posx":18,"posy":4,"amount":600},{"posx":17,"posy":5,"amount":300},{"posx":0,"posy":6,"amount":50},{"posx":2,"posy":6,"amount":500},{"posx":16,"posy":6,"amount":350},{"posx":8,"posy":7,"amount":250},{"posx":18,"posy":7,"amount":200},{"posx":1,"posy":8,"amount":650},{"posx":3,"posy":8,"amount":50},{"posx":4,"posy":8,"amount":100},{"posx":6,"posy":8,"amount":100},{"posx":12,"posy":8,"amount":300}],"changedObstacles":[]},{"players":[{"playerId":2451397,"score":200,"energy":30,"posx":3,"posy":3,"lastAction":4,"status":0},{"playerId":2611188,"score":100,"energy":9,"posx":16,"posy":6,"lastAction":5,"status":0},{"playerId":206247,"score":200,"energy":1,"posx":16,"posy":6,"lastAction":5,"status":0},{"playerId":2375363,"score":350,"energy":1,"posx":8,"posy":7,"lastAction":5,"status":0}],"golds":[{"posx":20,"posy":0,"amount":100},{"posx":0,"posy":1,"amount":150},{"posx":4,"posy":1,"amount":50},{"posx":14,"posy":1,"amount":150},{"posx":3,"posy":3,"amount":650},{"posx":18,"posy":4,"amount":600},{"posx":17,"posy":5,"amount":300},{"posx":0,"posy":6,"amount":50},{"posx":2,"posy":6,"amount":500},{"posx":16,"posy":6,"amount":250},{"posx":8,"posy":7,"amount":200},{"posx":18,"posy":7,"amount":200},{"posx":1,"posy":8,"amount":650},{"posx":3,"posy":8,"amount":50},{"posx":4,"posy":8,"amount":100},{"posx":6,"posy":8,"amount":100},{"posx":12,"posy":8,"amount":300}],"changedObstacles":[]},{"players":[{"playerId":2451397,"score":200,"energy":50,"posx":3,"posy":3,"lastAction":4,"status":0},{"playerId":2611188,"score":150,"energy":4,"posx":16,"posy":6,"lastAction":5,"status":0},{"playerId":206247,"score":200,"energy":13,"posx":16,"posy":6,"lastAction":4,"status":0},{"playerId":2375363,"score":350,"energy":13,"posx":8,"posy":7,"lastAction":4,"status":0}],"golds":[{"posx":20,"posy":0,"amount":100},{"posx":0,"posy":1,"amount":150},{"posx":4,"posy":1,"amount":50},{"posx":14,"posy":1,"amount":150},{"posx":3,"posy":3,"amount":650},{"posx":18,"posy":4,"amount":600},{"posx":17,"posy":5,"amount":300},{"posx":0,"posy":6,"amount":50},{"posx":2,"posy":6,"amount":500},{"posx":16,"posy":6,"amount":200},{"posx":8,"posy":7,"amount":200},{"posx":18,"posy":7,"amount":200},{"posx":1,"posy":8,"amount":650},{"posx":3,"posy":8,"amount":50},{"posx":4,"posy":8,"amount":100},{"posx":6,"posy":8,"amount":100},{"posx":12,"posy":8,"amount":300}],"changedObstacles":[]},{"players":[{"playerId":2451397,"score":250,"energy":45,"posx":3,"posy":3,"lastAction":5,"status":0},{"playerId":2611188,"score":150,"energy":16,"posx":16,"posy":6,"lastAction":4,"status":0},{"playerId":206247,"score":200,"energy":29,"posx":16,"posy":6,"lastAction":4,"status":0},{"playerId":2375363,"score":350,"energy":29,"posx":8,"posy":7,"lastAction":4,"status":0}],"golds":[{"posx":20,"posy":0,"amount":100},{"posx":0,"posy":1,"amount":150},{"posx":4,"posy":1,"amount":50},{"posx":14,"posy":1,"amount":150},{"posx":3,"posy":3,"amount":600},{"posx":18,"posy":4,"amount":600},{"posx":17,"posy":5,"amount":300},{"posx":0,"posy":6,"amount":50},{"posx":2,"posy":6,"amount":500},{"posx":16,"posy":6,"amount":200},{"posx":8,"posy":7,"amount":200},{"posx":18,"posy":7,"amount":200},{"posx":1,"posy":8,"amount":650},{"posx":3,"posy":8,"amount":50},{"posx":4,"posy":8,"amount":100},{"posx":6,"posy":8,"amount":100},{"posx":12,"posy":8,"amount":300}],"changedObstacles":[]},{"players":[{"playerId":2451397,"score":300,"energy":40,"posx":3,"posy":3,"lastAction":5,"status":0},{"playerId":2611188,"score":150,"energy":32,"posx":16,"posy":6,"lastAction":4,"status":0},{"playerId":206247,"score":200,"energy":50,"posx":16,"posy":6,"lastAction":4,"status":0},{"playerId":2375363,"score":350,"energy":50,"posx":8,"posy":7,"lastAction":4,"status":0}],"golds":[{"posx":20,"posy":0,"amount":100},{"posx":0,"posy":1,"amount":150},{"posx":4,"posy":1,"amount":50},{"posx":14,"posy":1,"amount":150},{"posx":3,"posy":3,"amount":550},{"posx":18,"posy":4,"amount":600},{"posx":17,"posy":5,"amount":300},{"posx":0,"posy":6,"amount":50},{"posx":2,"posy":6,"amount":500},{"posx":16,"posy":6,"amount":200},{"posx":8,"posy":7,"amount":200},{"posx":18,"posy":7,"amount":200},{"posx":1,"posy":8,"amount":650},{"posx":3,"posy":8,"amount":50},{"posx":4,"posy":8,"amount":100},{"posx":6,"posy":8,"amount":100},{"posx":12,"posy":8,"amount":300}],"changedObstacles":[]},{"players":[{"playerId":2451397,"score":350,"energy":35,"posx":3,"posy":3,"lastAction":5,"status":0},{"playerId":2611188,"score":200,"energy":27,"posx":16,"posy":6,"lastAction":5,"status":0},{"playerId":206247,"score":250,"energy":45,"posx":16,"posy":6,"lastAction":5,"status":0},{"playerId":2375363,"score":400,"energy":45,"posx":8,"posy":7,"lastAction":5,"status":0}],"golds":[{"posx":20,"posy":0,"amount":100},{"posx":0,"posy":1,"amount":150},{"posx":4,"posy":1,"amount":50},{"posx":14,"posy":1,"amount":150},{"posx":3,"posy":3,"amount":500},{"posx":18,"posy":4,"amount":600},{"posx":17,"posy":5,"amount":300},{"posx":0,"posy":6,"amount":50},{"posx":2,"posy":6,"amount":500},{"posx":16,"posy":6,"amount":100},{"posx":8,"posy":7,"amount":150},{"posx":18,"posy":7,"amount":200},{"posx":1,"posy":8,"amount":650},{"posx":3,"posy":8,"amount":50},{"posx":4,"posy":8,"amount":100},{"posx":6,"posy":8,"amount":100},{"posx":12,"posy":8,"amount":300}],"changedObstacles":[]},{"players":[{"playerId":2451397,"score":400,"energy":30,"posx":3,"posy":3,"lastAction":5,"status":0},{"playerId":2611188,"score":250,"energy":22,"posx":16,"posy":6,"lastAction":5,"status":0},{"playerId":206247,"score":300,"energy":40,"posx":16,"posy":6,"lastAction":5,"status":0},{"playerId":2375363,"score":450,"energy":40,"posx":8,"posy":7,"lastAction":5,"status":0}],"golds":[{"posx":20,"posy":0,"amount":100},{"posx":0,"posy":1,"amount":150},{"posx":4,"posy":1,"amount":50},{"posx":14,"posy":1,"amount":150},{"posx":3,"posy":3,"amount":450},{"posx":18,"posy":4,"amount":600},{"posx":17,"posy":5,"amount":300},{"posx":0,"posy":6,"amount":50},{"posx":2,"posy":6,"amount":500},{"posx":8,"posy":7,"amount":100},{"posx":18,"posy":7,"amount":200},{"posx":1,"posy":8,"amount":650},{"posx":3,"posy":8,"amount":50},{"posx":4,"posy":8,"amount":100},{"posx":6,"posy":8,"amount":100},{"posx":12,"posy":8,"amount":300}],"changedObstacles":[{"type":0,"posx":16,"posy":6,"value":-1}]},{"players":[{"playerId":2451397,"score":450,"energy":25,"posx":3,"posy":3,"lastAction":5,"status":0},{"playerId":2611188,"score":250,"energy":21,"posx":17,"posy":6,"lastAction":1,"status":0},{"playerId":206247,"score":300,"energy":39,"posx":17,"posy":6,"lastAction":1,"status":0},{"playerId":2375363,"score":500,"energy":35,"posx":8,"posy":7,"lastAction":5,"status":0}],"golds":[{"posx":20,"posy":0,"amount":100},{"posx":0,"posy":1,"amount":150},{"posx":4,"posy":1,"amount":50},{"posx":14,"posy":1,"amount":150},{"posx":3,"posy":3,"amount":400},{"posx":18,"posy":4,"amount":600},{"posx":17,"posy":5,"amount":300},{"posx":0,"posy":6,"amount":50},{"posx":2,"posy":6,"amount":500},{"posx":8,"posy":7,"amount":50},{"posx":18,"posy":7,"amount":200},{"posx":1,"posy":8,"amount":650},{"posx":3,"posy":8,"amount":50},{"posx":4,"posy":8,"amount":100},{"posx":6,"posy":8,"amount":100},{"posx":12,"posy":8,"amount":300}],"changedObstacles":[]},{"players":[{"playerId":2451397,"score":500,"energy":20,"posx":3,"posy":3,"lastAction":5,"status":0},{"playerId":2611188,"score":250,"energy":17,"posx":17,"posy":5,"lastAction":2,"status":0},{"playerId":206247,"score":300,"energy":35,"posx":17,"posy":5,"lastAction":2,"status":0},{"playerId":2375363,"score":550,"energy":30,"posx":8,"posy":7,"lastAction":5,"status":0}],"golds":[{"posx":20,"posy":0,"amount":100},{"posx":0,"posy":1,"amount":150},{"posx":4,"posy":1,"amount":50},{"posx":14,"posy":1,"amount":150},{"posx":3,"posy":3,"amount":350},{"posx":18,"posy":4,"amount":600},{"posx":17,"posy":5,"amount":300},{"posx":0,"posy":6,"amount":50},{"posx":2,"posy":6,"amount":500},{"posx":18,"posy":7,"amount":200},{"posx":1,"posy":8,"amount":650},{"posx":3,"posy":8,"amount":50},{"posx":4,"posy":8,"amount":100},{"posx":6,"posy":8,"amount":100},{"posx":12,"posy":8,"amount":300}],"changedObstacles":[{"type":0,"posx":8,"posy":7,"value":-1}]},{"players":[{"playerId":2451397,"score":550,"energy":15,"posx":3,"posy":3,"lastAction":5,"status":0},{"playerId":2611188,"score":300,"energy":12,"posx":17,"posy":5,"lastAction":5,"status":0},{"playerId":206247,"score":350,"energy":30,"posx":17,"posy":5,"lastAction":5,"status":0},{"playerId":2375363,"score":550,"energy":29,"posx":7,"posy":7,"lastAction":0,"status":0}],"golds":[{"posx":20,"posy":0,"amount":100},{"posx":0,"posy":1,"amount":150},{"posx":4,"posy":1,"amount":50},{"posx":14,"posy":1,"amount":150},{"posx":3,"posy":3,"amount":300},{"posx":18,"posy":4,"amount":600},{"posx":17,"posy":5,"amount":200},{"posx":0,"posy":6,"amount":50},{"posx":2,"posy":6,"amount":500},{"posx":18,"posy":7,"amount":200},{"posx":1,"posy":8,"amount":650},{"posx":3,"posy":8,"amount":50},{"posx":4,"posy":8,"amount":100},{"posx":6,"posy":8,"amount":100},{"posx":12,"posy":8,"amount":300}],"changedObstacles":[]},{"players":[{"playerId":2451397,"score":600,"energy":10,"posx":3,"posy":3,"lastAction":5,"status":0},{"playerId":2611188,"score":350,"energy":7,"posx":17,"posy":5,"lastAction":5,"status":0},{"playerId":206247,"score":400,"energy":25,"posx":17,"posy":5,"lastAction":5,"status":0},{"playerId":2375363,"score":550,"energy":24,"posx":6,"posy":7,"lastAction":0,"status":0}],"golds":[{"posx":20,"posy":0,"amount":100},{"posx":0,"posy":1,"amount":150},{"posx":4,"posy":1,"amount":50},{"posx":14,"posy":1,"amount":150},{"posx":3,"posy":3,"amount":250},{"posx":18,"posy":4,"amount":600},{"posx":17,"posy":5,"amount":100},{"posx":0,"posy":6,"amount":50},{"posx":2,"posy":6,"amount":500},{"posx":18,"posy":7,"amount":200},{"posx":1,"posy":8,"amount":650},{"posx":3,"posy":8,"amount":50},{"posx":4,"posy":8,"amount":100},{"posx":6,"posy":8,"amount":100},{"posx":12,"posy":8,"amount":300}],"changedObstacles":[{"type":3,"posx":6,"posy":7,"value":-20}]},{"players":[{"playerId":2451397,"score":650,"energy":5,"posx":3,"posy":3,"lastAction":5,"status":0},{"playerId":2611188,"score":400,"energy":2,"posx":17,"posy":5,"lastAction":5,"status":0},{"playerId":206247,"score":450,"energy":20,"posx":17,"posy":5,"lastAction":5,"status":0},{"playerId":2375363,"score":550,"energy":23,"posx":5,"posy":7,"lastAction":0,"status":0}],"golds":[{"posx":20,"posy":0,"amount":100},{"posx":0,"posy":1,"amount":150},{"posx":4,"posy":1,"amount":50},{"posx":14,"posy":1,"amount":150},{"posx":3,"posy":3,"amount":200},{"posx":18,"posy":4,"amount":600},{"posx":0,"posy":6,"amount":50},{"posx":2,"posy":6,"amount":500},{"posx":18,"posy":7,"amount":200},{"posx":1,"posy":8,"amount":650},{"posx":3,"posy":8,"amount":50},{"posx":4,"posy":8,"amount":100},{"posx":6,"posy":8,"amount":100},{"posx":12,"posy":8,"amount":300}],"changedObstacles":[{"type":0,"posx":17,"posy":5,"value":-1}]},{"players":[{"playerId":2451397,"score":650,"energy":17,"posx":3,"posy":3,"lastAction":4,"status":0},{"playerId":2611188,"score":400,"energy":14,"posx":17,"posy":5,"lastAction":4,"status":0},{"playerId":206247,"score":450,"energy":32,"posx":17,"posy":5,"lastAction":4,"status":0},{"playerId":2375363,"score":550,"energy":22,"posx":5,"posy":8,"lastAction":3,"status":0}],"golds":[{"posx":20,"posy":0,"amount":100},{"posx":0,"posy":1,"amount":150},{"posx":4,"posy":1,"amount":50},{"posx":14,"posy":1,"amount":150},{"posx":3,"posy":3,"amount":200},{"posx":18,"posy":4,"amount":600},{"posx":0,"posy":6,"amount":50},{"posx":2,"posy":6,"amount":500},{"posx":18,"posy":7,"amount":200},{"posx":1,"posy":8,"amount":650},{"posx":3,"posy":8,"amount":50},{"posx":4,"posy":8,"amount":100},{"posx":6,"posy":8,"amount":100},{"posx":12,"posy":8,"amount":300}],"changedObstacles":[]},{"players":[{"playerId":2451397,"score":650,"energy":33,"posx":3,"posy":3,"lastAction":4,"status":0},{"playerId":2611188,"score":400,"energy":30,"posx":17,"posy":5,"lastAction":4,"status":0},{"playerId":206247,"score":450,"energy":48,"posx":17,"posy":5,"lastAction":4,"status":0},{"playerId":2375363,"score":550,"energy":18,"posx":4,"posy":8,"lastAction":0,"status":0}],"golds":[{"posx":20,"posy":0,"amount":100},{"posx":0,"posy":1,"amount":150},{"posx":4,"posy":1,"amount":50},{"posx":14,"posy":1,"amount":150},{"posx":3,"posy":3,"amount":200},{"posx":18,"posy":4,"amount":600},{"posx":0,"posy":6,"amount":50},{"posx":2,"posy":6,"amount":500},{"posx":18,"posy":7,"amount":200},{"posx":1,"posy":8,"amount":650},{"posx":3,"posy":8,"amount":50},{"posx":4,"posy":8,"amount":100},{"posx":6,"posy":8,"amount":100},{"posx":12,"posy":8,"amount":300}],"changedObstacles":[]},{"players":[{"playerId":2451397,"score":700,"energy":28,"posx":3,"posy":3,"lastAction":5,"status":0},{"playerId":2611188,"score":400,"energy":50,"posx":17,"posy":5,"lastAction":4,"status":0},{"playerId":206247,"score":450,"energy":50,"posx":17,"posy":5,"lastAction":4,"status":0},{"playerId":2375363,"score":600,"energy":13,"posx":4,"posy":8,"lastAction":5,"status":0}],"golds":[{"posx":20,"posy":0,"amount":100},{"posx":0,"posy":1,"amount":150},{"posx":4,"posy":1,"amount":50},{"posx":14,"posy":1,"amount":150},{"posx":3,"posy":3,"amount":150},{"posx":18,"posy":4,"amount":600},{"posx":0,"posy":6,"amount":50},{"posx":2,"posy":6,"amount":500},{"posx":18,"posy":7,"amount":200},{"posx":1,"posy":8,"amount":650},{"posx":3,"posy":8,"amount":50},{"posx":4,"posy":8,"amount":50},{"posx":6,"posy":8,"amount":100},{"posx":12,"posy":8,"amount":300}],"changedObstacles":[]},{"players":[{"playerId":2451397,"score":750,"energy":23,"posx":3,"posy":3,"lastAction":5,"status":0},{"playerId":2611188,"score":400,"energy":38,"posx":18,"posy":5,"lastAction":1,"status":0},{"playerId":206247,"score":450,"energy":39,"posx":18,"posy":5,"lastAction":1,"status":0},{"playerId":2375363,"score":650,"energy":8,"posx":4,"posy":8,"lastAction":5,"status":0}],"golds":[{"posx":20,"posy":0,"amount":100},{"posx":0,"posy":1,"amount":150},{"posx":4,"posy":1,"amount":50},{"posx":14,"posy":1,"amount":150},{"posx":3,"posy":3,"amount":100},{"posx":18,"posy":4,"amount":600},{"posx":0,"posy":6,"amount":50},{"posx":2,"posy":6,"amount":500},{"posx":18,"posy":7,"amount":200},{"posx":1,"posy":8,"amount":650},{"posx":3,"posy":8,"amount":50},{"posx":6,"posy":8,"amount":100},{"posx":12,"posy":8,"amount":300}],"changedObstacles":[{"type":0,"posx":4,"posy":8,"value":-1}]},{"players":[{"playerId":2451397,"score":800,"energy":18,"posx":3,"posy":3,"lastAction":5,"status":0},{"playerId":2611188,"score":400,"energy":34,"posx":18,"posy":4,"lastAction":2,"status":0},{"playerId":206247,"score":450,"energy":35,"posx":18,"posy":4,"lastAction":2,"status":0},{"playerId":2375363,"score":650,"energy":20,"posx":4,"posy":8,"lastAction":4,"status":0}],"golds":[{"posx":20,"posy":0,"amount":100},{"posx":0,"posy":1,"amount":150},{"posx":4,"posy":1,"amount":50},{"posx":14,"posy":1,"amount":150},{"posx":3,"posy":3,"amount":50},{"posx":18,"posy":4,"amount":600},{"posx":0,"posy":6,"amount":50},{"posx":2,"posy":6,"amount":500},{"posx":18,"posy":7,"amount":200},{"posx":1,"posy":8,"amount":650},{"posx":3,"posy":8,"amount":50},{"posx":6,"posy":8,"amount":100},{"posx":12,"posy":8,"amount":300}],"changedObstacles":[]},{"players":[{"playerId":2451397,"score":850,"energy":13,"posx":3,"posy":3,"lastAction":5,"status":0},{"playerId":2611188,"score":450,"energy":29,"posx":18,"posy":4,"lastAction":5,"status":0},{"playerId":206247,"score":500,"energy":30,"posx":18,"posy":4,"lastAction":5,"status":0},{"playerId":2375363,"score":650,"energy":16,"posx":3,"posy":8,"lastAction":0,"status":0}],"golds":[{"posx":20,"posy":0,"amount":100},{"posx":0,"posy":1,"amount":150},{"posx":4,"posy":1,"amount":50},{"posx":14,"posy":1,"amount":150},{"posx":18,"posy":4,"amount":500},{"posx":0,"posy":6,"amount":50},{"posx":2,"posy":6,"amount":500},{"posx":18,"posy":7,"amount":200},{"posx":1,"posy":8,"amount":650},{"posx":3,"posy":8,"amount":50},{"posx":6,"posy":8,"amount":100},{"posx":12,"posy":8,"amount":300}],"changedObstacles":[{"type":0,"posx":3,"posy":3,"value":-1}]},{"players":[{"playerId":2451397,"score":850,"energy":12,"posx":3,"posy":4,"lastAction":3,"status":0},{"playerId":2611188,"score":500,"energy":24,"posx":18,"posy":4,"lastAction":5,"status":0},{"playerId":206247,"score":550,"energy":25,"posx":18,"posy":4,"lastAction":5,"status":0},{"playerId":2375363,"score":700,"energy":11,"posx":3,"posy":8,"lastAction":5,"status":0}],"golds":[{"posx":20,"posy":0,"amount":100},{"posx":0,"posy":1,"amount":150},{"posx":4,"posy":1,"amount":50},{"posx":14,"posy":1,"amount":150},{"posx":18,"posy":4,"amount":400},{"posx":0,"posy":6,"amount":50},{"posx":2,"posy":6,"amount":500},{"posx":18,"posy":7,"amount":200},{"posx":1,"posy":8,"amount":650},{"posx":6,"posy":8,"amount":100},{"posx":12,"posy":8,"amount":300}],"changedObstacles":[{"type":0,"posx":3,"posy":8,"value":-1}]},{"players":[{"playerId":2451397,"score":850,"energy":11,"posx":3,"posy":5,"lastAction":3,"status":0},{"playerId":2611188,"score":550,"energy":19,"posx":18,"posy":4,"lastAction":5,"status":0},{"playerId":206247,"score":600,"energy":20,"posx":18,"posy":4,"lastAction":5,"status":0},{"playerId":2375363,"score":700,"energy":10,"posx":2,"posy":8,"lastAction":0,"status":0}],"golds":[{"posx":20,"posy":0,"amount":100},{"posx":0,"posy":1,"amount":150},{"posx":4,"posy":1,"amount":50},{"posx":14,"posy":1,"amount":150},{"posx":18,"posy":4,"amount":300},{"posx":0,"posy":6,"amount":50},{"posx":2,"posy":6,"amount":500},{"posx":18,"posy":7,"amount":200},{"posx":1,"posy":8,"amount":650},{"posx":6,"posy":8,"amount":100},{"posx":12,"posy":8,"amount":300}],"changedObstacles":[]},{"players":[{"playerId":2451397,"score":850,"energy":10,"posx":3,"posy":6,"lastAction":3,"status":0},{"playerId":2611188,"score":600,"energy":14,"posx":18,"posy":4,"lastAction":5,"status":0},{"playerId":206247,"score":650,"energy":15,"posx":18,"posy":4,"lastAction":5,"status":0},{"playerId":2375363,"score":700,"energy":6,"posx":1,"posy":8,"lastAction":0,"status":0}],"golds":[{"posx":20,"posy":0,"amount":100},{"posx":0,"posy":1,"amount":150},{"posx":4,"posy":1,"amount":50},{"posx":14,"posy":1,"amount":150},{"posx":18,"posy":4,"amount":200},{"posx":0,"posy":6,"amount":50},{"posx":2,"posy":6,"amount":500},{"posx":18,"posy":7,"amount":200},{"posx":1,"posy":8,"amount":650},{"posx":6,"posy":8,"amount":100},{"posx":12,"posy":8,"amount":300}],"changedObstacles":[]},{"players":[{"playerId":2451397,"score":850,"energy":6,"posx":2,"posy":6,"lastAction":0,"status":0},{"playerId":2611188,"score":650,"energy":9,"posx":18,"posy":4,"lastAction":5,"status":0},{"playerId":206247,"score":700,"energy":10,"posx":18,"posy":4,"lastAction":5,"status":0},{"playerId":2375363,"score":750,"energy":1,"posx":1,"posy":8,"lastAction":5,"status":0}],"golds":[{"posx":20,"posy":0,"amount":100},{"posx":0,"posy":1,"amount":150},{"posx":4,"posy":1,"amount":50},{"posx":14,"posy":1,"amount":150},{"posx":18,"posy":4,"amount":100},{"posx":0,"posy":6,"amount":50},{"posx":2,"posy":6,"amount":500},{"posx":18,"posy":7,"amount":200},{"posx":1,"posy":8,"amount":600},{"posx":6,"posy":8,"amount":100},{"posx":12,"posy":8,"amount":300}],"changedObstacles":[]},{"players":[{"playerId":2451397,"score":900,"energy":1,"posx":2,"posy":6,"lastAction":5,"status":0},{"playerId":2611188,"score":700,"energy":4,"posx":18,"posy":4,"lastAction":5,"status":0},{"playerId":206247,"score":750,"energy":5,"posx":18,"posy":4,"lastAction":5,"status":0},{"playerId":2375363,"score":750,"energy":13,"posx":1,"posy":8,"lastAction":4,"status":0}],"golds":[{"posx":20,"posy":0,"amount":100},{"posx":0,"posy":1,"amount":150},{"posx":4,"posy":1,"amount":50},{"posx":14,"posy":1,"amount":150},{"posx":0,"posy":6,"amount":50},{"posx":2,"posy":6,"amount":450},{"posx":18,"posy":7,"amount":200},{"posx":1,"posy":8,"amount":600},{"posx":6,"posy":8,"amount":100},{"posx":12,"posy":8,"amount":300}],"changedObstacles":[{"type":0,"posx":18,"posy":4,"value":-1}]},{"players":[{"playerId":2451397,"score":900,"energy":13,"posx":2,"posy":6,"lastAction":4,"status":0},{"playerId":2611188,"score":700,"energy":16,"posx":18,"posy":4,"lastAction":4,"status":0},{"playerId":206247,"score":750,"energy":17,"posx":18,"posy":4,"lastAction":4,"status":0},{"playerId":2375363,"score":750,"energy":29,"posx":1,"posy":8,"lastAction":4,"status":0}],"golds":[{"posx":20,"posy":0,"amount":100},{"posx":0,"posy":1,"amount":150},{"posx":4,"posy":1,"amount":50},{"posx":14,"posy":1,"amount":150},{"posx":0,"posy":6,"amount":50},{"posx":2,"posy":6,"amount":450},{"posx":18,"posy":7,"amount":200},{"posx":1,"posy":8,"amount":600},{"posx":6,"posy":8,"amount":100},{"posx":12,"posy":8,"amount":300}],"changedObstacles":[]},{"players":[{"playerId":2451397,"score":900,"energy":29,"posx":2,"posy":6,"lastAction":4,"status":0},{"playerId":2611188,"score":700,"energy":32,"posx":18,"posy":4,"lastAction":4,"status":0},{"playerId":206247,"score":750,"energy":33,"posx":18,"posy":4,"lastAction":4,"status":0},{"playerId":2375363,"score":750,"energy":50,"posx":1,"posy":8,"lastAction":4,"status":0}],"golds":[{"posx":20,"posy":0,"amount":100},{"posx":0,"posy":1,"amount":150},{"posx":4,"posy":1,"amount":50},{"posx":14,"posy":1,"amount":150},{"posx":0,"posy":6,"amount":50},{"posx":2,"posy":6,"amount":450},{"posx":18,"posy":7,"amount":200},{"posx":1,"posy":8,"amount":600},{"posx":6,"posy":8,"amount":100},{"posx":12,"posy":8,"amount":300}],"changedObstacles":[]},{"players":[{"playerId":2451397,"score":900,"energy":50,"posx":2,"posy":6,"lastAction":4,"status":0},{"playerId":2611188,"score":700,"energy":50,"posx":18,"posy":4,"lastAction":4,"status":0},{"playerId":206247,"score":750,"energy":50,"posx":18,"posy":4,"lastAction":4,"status":0},{"playerId":2375363,"score":800,"energy":45,"posx":1,"posy":8,"lastAction":5,"status":0}],"golds":[{"posx":20,"posy":0,"amount":100},{"posx":0,"posy":1,"amount":150},{"posx":4,"posy":1,"amount":50},{"posx":14,"posy":1,"amount":150},{"posx":0,"posy":6,"amount":50},{"posx":2,"posy":6,"amount":450},{"posx":18,"posy":7,"amount":200},{"posx":1,"posy":8,"amount":550},{"posx":6,"posy":8,"amount":100},{"posx":12,"posy":8,"amount":300}],"changedObstacles":[]},{"players":[{"playerId":2451397,"score":950,"energy":45,"posx":2,"posy":6,"lastAction":5,"status":0},{"playerId":2611188,"score":700,"energy":35,"posx":17,"posy":4,"lastAction":0,"status":0},{"playerId":206247,"score":750,"energy":38,"posx":18,"posy":5,"lastAction":3,"status":0},{"playerId":2375363,"score":850,"energy":40,"posx":1,"posy":8,"lastAction":5,"status":0}],"golds":[{"posx":20,"posy":0,"amount":100},{"posx":0,"posy":1,"amount":150},{"posx":4,"posy":1,"amount":50},{"posx":14,"posy":1,"amount":150},{"posx":0,"posy":6,"amount":50},{"posx":2,"posy":6,"amount":400},{"posx":18,"posy":7,"amount":200},{"posx":1,"posy":8,"amount":500},{"posx":6,"posy":8,"amount":100},{"posx":12,"posy":8,"amount":300}],"changedObstacles":[]},{"players":[{"playerId":2451397,"score":1000,"energy":40,"posx":2,"posy":6,"lastAction":5,"status":0},{"playerId":2611188,"score":700,"energy":34,"posx":17,"posy":5,"lastAction":3,"status":0},{"playerId":206247,"score":750,"energy":37,"posx":18,"posy":6,"lastAction":3,"status":0},{"playerId":2375363,"score":900,"energy":35,"posx":1,"posy":8,"lastAction":5,"status":0}],"golds":[{"posx":20,"posy":0,"amount":100},{"posx":0,"posy":1,"amount":150},{"posx":4,"posy":1,"amount":50},{"posx":14,"posy":1,"amount":150},{"posx":0,"posy":6,"amount":50},{"posx":2,"posy":6,"amount":350},{"posx":18,"posy":7,"amount":200},{"posx":1,"posy":8,"amount":450},{"posx":6,"posy":8,"amount":100},{"posx":12,"posy":8,"amount":300}],"changedObstacles":[]},{"players":[{"playerId":2451397,"score":1050,"energy":35,"posx":2,"posy":6,"lastAction":5,"status":0},{"playerId":2611188,"score":700,"energy":33,"posx":16,"posy":5,"lastAction":0,"status":0},{"playerId":206247,"score":750,"energy":33,"posx":18,"posy":7,"lastAction":3,"status":0},{"playerId":2375363,"score":950,"energy":30,"posx":1,"posy":8,"lastAction":5,"status":0}],"golds":[{"posx":20,"posy":0,"amount":100},{"posx":0,"posy":1,"amount":150},{"posx":4,"posy":1,"amount":50},{"posx":14,"posy":1,"amount":150},{"posx":0,"posy":6,"amount":50},{"posx":2,"posy":6,"amount":300},{"posx":18,"posy":7,"amount":200},{"posx":1,"posy":8,"amount":400},{"posx":6,"posy":8,"amount":100},{"posx":12,"posy":8,"amount":300}],"changedObstacles":[]},{"players":[{"playerId":2451397,"score":1100,"energy":30,"posx":2,"posy":6,"lastAction":5,"status":0},{"playerId":2611188,"score":700,"energy":32,"posx":16,"posy":6,"lastAction":3,"status":0},{"playerId":206247,"score":800,"energy":28,"posx":18,"posy":7,"lastAction":5,"status":0},{"playerId":2375363,"score":950,"energy":42,"posx":1,"posy":8,"lastAction":4,"status":0}],"golds":[{"posx":20,"posy":0,"amount":100},{"posx":0,"posy":1,"amount":150},{"posx":4,"posy":1,"amount":50},{"posx":14,"posy":1,"amount":150},{"posx":0,"posy":6,"amount":50},{"posx":2,"posy":6,"amount":250},{"posx":18,"posy":7,"amount":150},{"posx":1,"posy":8,"amount":400},{"posx":6,"posy":8,"amount":100},{"posx":12,"posy":8,"amount":300}],"changedObstacles":[]},{"players":[{"playerId":2451397,"score":1150,"energy":25,"posx":2,"posy":6,"lastAction":5,"status":0},{"playerId":2611188,"score":700,"energy":31,"posx":16,"posy":7,"lastAction":3,"status":0},{"playerId":206247,"score":850,"energy":23,"posx":18,"posy":7,"lastAction":5,"status":0},{"playerId":2375363,"score":1000,"energy":37,"posx":1,"posy":8,"lastAction":5,"status":0}],"golds":[{"posx":20,"posy":0,"amount":100},{"posx":0,"posy":1,"amount":150},{"posx":4,"posy":1,"amount":50},{"posx":14,"posy":1,"amount":150},{"posx":0,"posy":6,"amount":50},{"posx":2,"posy":6,"amount":200},{"posx":18,"posy":7,"amount":100},{"posx":1,"posy":8,"amount":350},{"posx":6,"posy":8,"amount":100},{"posx":12,"posy":8,"amount":300}],"changedObstacles":[]},{"players":[{"playerId":2451397,"score":1200,"energy":20,"posx":2,"posy":6,"lastAction":5,"status":0},{"playerId":2611188,"score":700,"energy":26,"posx":15,"posy":7,"lastAction":0,"status":0},{"playerId":206247,"score":900,"energy":18,"posx":18,"posy":7,"lastAction":5,"status":0},{"playerId":2375363,"score":1050,"energy":32,"posx":1,"posy":8,"lastAction":5,"status":0}],"golds":[{"posx":20,"posy":0,"amount":100},{"posx":0,"posy":1,"amount":150},{"posx":4,"posy":1,"amount":50},{"posx":14,"posy":1,"amount":150},{"posx":0,"posy":6,"amount":50},{"posx":2,"posy":6,"amount":150},{"posx":18,"posy":7,"amount":50},{"posx":1,"posy":8,"amount":300},{"posx":6,"posy":8,"amount":100},{"posx":12,"posy":8,"amount":300}],"changedObstacles":[{"type":3,"posx":15,"posy":7,"value":-20}]},{"players":[{"playerId":2451397,"score":1250,"energy":15,"posx":2,"posy":6,"lastAction":5,"status":0},{"playerId":2611188,"score":700,"energy":25,"posx":14,"posy":7,"lastAction":0,"status":0},{"playerId":206247,"score":900,"energy":17,"posx":17,"posy":7,"lastAction":0,"status":0},{"playerId":2375363,"score":1100,"energy":27,"posx":1,"posy":8,"lastAction":5,"status":0}],"golds":[{"posx":20,"posy":0,"amount":100},{"posx":0,"posy":1,"amount":150},{"posx":4,"posy":1,"amount":50},{"posx":14,"posy":1,"amount":150},{"posx":0,"posy":6,"amount":50},{"posx":2,"posy":6,"amount":100},{"posx":18,"posy":7,"amount":50},{"posx":1,"posy":8,"amount":250},{"posx":6,"posy":8,"amount":100},{"posx":12,"posy":8,"amount":300}],"changedObstacles":[]},{"players":[{"playerId":2451397,"score":1300,"energy":10,"posx":2,"posy":6,"lastAction":5,"status":0},{"playerId":2611188,"score":700,"energy":9,"posx":13,"posy":7,"lastAction":0,"status":0},{"playerId":206247,"score":900,"energy":16,"posx":16,"posy":7,"lastAction":0,"status":0},{"playerId":2375363,"score":1150,"energy":22,"posx":1,"posy":8,"lastAction":5,"status":0}],"golds":[{"posx":20,"posy":0,"amount":100},{"posx":0,"posy":1,"amount":150},{"posx":4,"posy":1,"amount":50},{"posx":14,"posy":1,"amount":150},{"posx":0,"posy":6,"amount":50},{"posx":2,"posy":6,"amount":50},{"posx":18,"posy":7,"amount":50},{"posx":1,"posy":8,"amount":200},{"posx":6,"posy":8,"amount":100},{"posx":12,"posy":8,"amount":300}],"changedObstacles":[]},{"players":[{"playerId":2451397,"score":1350,"energy":5,"posx":2,"posy":6,"lastAction":5,"status":0},{"playerId":2611188,"score":700,"energy":8,"posx":12,"posy":7,"lastAction":0,"status":0},{"playerId":206247,"score":900,"energy":15,"posx":16,"posy":6,"lastAction":2,"status":0},{"playerId":2375363,"score":1200,"energy":17,"posx":1,"posy":8,"lastAction":5,"status":0}],"golds":[{"posx":20,"posy":0,"amount":100},{"posx":0,"posy":1,"amount":150},{"posx":4,"posy":1,"amount":50},{"posx":14,"posy":1,"amount":150},{"posx":0,"posy":6,"amount":50},{"posx":18,"posy":7,"amount":50},{"posx":1,"posy":8,"amount":150},{"posx":6,"posy":8,"amount":100},{"posx":12,"posy":8,"amount":300}],"changedObstacles":[{"type":0,"posx":2,"posy":6,"value":-1}]},{"players":[{"playerId":2451397,"score":1350,"energy":4,"posx":3,"posy":6,"lastAction":1,"status":0},{"playerId":2611188,"score":700,"energy":7,"posx":11,"posy":7,"lastAction":0,"status":0},{"playerId":206247,"score":900,"energy":27,"posx":16,"posy":6,"lastAction":4,"status":0},{"playerId":2375363,"score":1250,"energy":12,"posx":1,"posy":8,"lastAction":5,"status":0}],"golds":[{"posx":20,"posy":0,"amount":100},{"posx":0,"posy":1,"amount":150},{"posx":4,"posy":1,"amount":50},{"posx":14,"posy":1,"amount":150},{"posx":0,"posy":6,"amount":50},{"posx":18,"posy":7,"amount":50},{"posx":1,"posy":8,"amount":100},{"posx":6,"posy":8,"amount":100},{"posx":12,"posy":8,"amount":300}],"changedObstacles":[]},{"players":[{"playerId":2451397,"score":1350,"energy":16,"posx":3,"posy":6,"lastAction":4,"status":0},{"playerId":2611188,"score":700,"energy":6,"posx":10,"posy":7,"lastAction":0,"status":0},{"playerId":206247,"score":900,"energy":43,"posx":16,"posy":6,"lastAction":4,"status":0},{"playerId":2375363,"score":1300,"energy":7,"posx":1,"posy":8,"lastAction":5,"status":0}],"golds":[{"posx":20,"posy":0,"amount":100},{"posx":0,"posy":1,"amount":150},{"posx":4,"posy":1,"amount":50},{"posx":14,"posy":1,"amount":150},{"posx":0,"posy":6,"amount":50},{"posx":18,"posy":7,"amount":50},{"posx":1,"posy":8,"amount":50},{"posx":6,"posy":8,"amount":100},{"posx":12,"posy":8,"amount":300}],"changedObstacles":[]},{"players":[{"playerId":2451397,"score":1350,"energy":6,"posx":3,"posy":7,"lastAction":3,"status":0},{"playerId":2611188,"score":700,"energy":18,"posx":10,"posy":7,"lastAction":4,"status":0},{"playerId":206247,"score":900,"energy":50,"posx":16,"posy":6,"lastAction":4,"status":0},{"playerId":2375363,"score":1350,"energy":2,"posx":1,"posy":8,"lastAction":5,"status":0}],"golds":[{"posx":20,"posy":0,"amount":100},{"posx":0,"posy":1,"amount":150},{"posx":4,"posy":1,"amount":50},{"posx":14,"posy":1,"amount":150},{"posx":0,"posy":6,"amount":50},{"posx":18,"posy":7,"amount":50},{"posx":6,"posy":8,"amount":100},{"posx":12,"posy":8,"amount":300}],"changedObstacles":[{"type":0,"posx":3,"posy":7,"value":-1},{"type":0,"posx":1,"posy":8,"value":-1}]},{"players":[{"playerId":2451397,"score":1350,"energy":5,"posx":3,"posy":8,"lastAction":3,"status":0},{"playerId":2611188,"score":700,"energy":34,"posx":10,"posy":7,"lastAction":4,"status":0},{"playerId":206247,"score":900,"energy":49,"posx":16,"posy":7,"lastAction":3,"status":0},{"playerId":2375363,"score":1350,"energy":14,"posx":1,"posy":8,"lastAction":4,"status":0}],"golds":[{"posx":20,"posy":0,"amount":100},{"posx":0,"posy":1,"amount":150},{"posx":4,"posy":1,"amount":50},{"posx":14,"posy":1,"amount":150},{"posx":0,"posy":6,"amount":50},{"posx":18,"posy":7,"amount":50},{"posx":6,"posy":8,"amount":100},{"posx":12,"posy":8,"amount":300}],"changedObstacles":[]},{"players":[{"playerId":2451397,"score":1350,"energy":4,"posx":4,"posy":8,"lastAction":1,"status":0},{"playerId":2611188,"score":700,"energy":50,"posx":10,"posy":7,"lastAction":4,"status":0},{"playerId":206247,"score":900,"energy":48,"posx":16,"posy":8,"lastAction":3,"status":0},{"playerId":2375363,"score":1350,"energy":30,"posx":1,"posy":8,"lastAction":4,"status":0}],"golds":[{"posx":20,"posy":0,"amount":100},{"posx":0,"posy":1,"amount":150},{"posx":4,"posy":1,"amount":50},{"posx":14,"posy":1,"amount":150},{"posx":0,"posy":6,"amount":50},{"posx":18,"posy":7,"amount":50},{"posx":6,"posy":8,"amount":100},{"posx":12,"posy":8,"amount":300}],"changedObstacles":[]},{"players":[{"playerId":2451397,"score":1350,"energy":3,"posx":5,"posy":8,"lastAction":1,"status":0},{"playerId":2611188,"score":700,"energy":44,"posx":9,"posy":7,"lastAction":0,"status":0},{"playerId":206247,"score":900,"energy":47,"posx":15,"posy":8,"lastAction":0,"status":0},{"playerId":2375363,"score":1350,"energy":50,"posx":1,"posy":8,"lastAction":4,"status":0}],"golds":[{"posx":20,"posy":0,"amount":100},{"posx":0,"posy":1,"amount":150},{"posx":4,"posy":1,"amount":50},{"posx":14,"posy":1,"amount":150},{"posx":0,"posy":6,"amount":50},{"posx":18,"posy":7,"amount":50},{"posx":6,"posy":8,"amount":100},{"posx":12,"posy":8,"amount":300}],"changedObstacles":[]},{"players":[{"playerId":2451397,"score":1350,"energy":15,"posx":5,"posy":8,"lastAction":4,"status":0},{"playerId":2611188,"score":700,"energy":43,"posx":8,"posy":7,"lastAction":0,"status":0},{"playerId":206247,"score":900,"energy":37,"posx":14,"posy":8,"lastAction":0,"status":0},{"playerId":2375363,"score":1350,"energy":40,"posx":1,"posy":7,"lastAction":2,"status":0}],"golds":[{"posx":20,"posy":0,"amount":100},{"posx":0,"posy":1,"amount":150},{"posx":4,"posy":1,"amount":50},{"posx":14,"posy":1,"amount":150},{"posx":0,"posy":6,"amount":50},{"posx":18,"posy":7,"amount":50},{"posx":6,"posy":8,"amount":100},{"posx":12,"posy":8,"amount":300}],"changedObstacles":[{"type":0,"posx":1,"posy":7,"value":-1},{"type":0,"posx":14,"posy":8,"value":-1}]},{"players":[{"playerId":2451397,"score":1350,"energy":11,"posx":6,"posy":8,"lastAction":1,"status":0},{"playerId":2611188,"score":700,"energy":42,"posx":7,"posy":7,"lastAction":0,"status":0},{"playerId":206247,"score":900,"energy":27,"posx":13,"posy":8,"lastAction":0,"status":0},{"playerId":2375363,"score":1350,"energy":39,"posx":1,"posy":6,"lastAction":2,"status":0}],"golds":[{"posx":20,"posy":0,"amount":100},{"posx":0,"posy":1,"amount":150},{"posx":4,"posy":1,"amount":50},{"posx":14,"posy":1,"amount":150},{"posx":0,"posy":6,"amount":50},{"posx":18,"posy":7,"amount":50},{"posx":6,"posy":8,"amount":100},{"posx":12,"posy":8,"amount":300}],"changedObstacles":[{"type":0,"posx":13,"posy":8,"value":-1}]},{"players":[{"playerId":2451397,"score":1400,"energy":6,"posx":6,"posy":8,"lastAction":5,"status":0},{"playerId":2611188,"score":700,"energy":41,"posx":7,"posy":8,"lastAction":3,"status":0},{"playerId":206247,"score":900,"energy":23,"posx":12,"posy":8,"lastAction":0,"status":0},{"playerId":2375363,"score":1350,"energy":35,"posx":0,"posy":6,"lastAction":0,"status":0}],"golds":[{"posx":20,"posy":0,"amount":100},{"posx":0,"posy":1,"amount":150},{"posx":4,"posy":1,"amount":50},{"posx":14,"posy":1,"amount":150},{"posx":0,"posy":6,"amount":50},{"posx":18,"posy":7,"amount":50},{"posx":6,"posy":8,"amount":50},{"posx":12,"posy":8,"amount":300}],"changedObstacles":[]},{"players":[{"playerId":2451397,"score":1450,"energy":1,"posx":6,"posy":8,"lastAction":5,"status":0},{"playerId":2611188,"score":700,"energy":37,"posx":6,"posy":8,"lastAction":0,"status":0},{"playerId":206247,"score":950,"energy":18,"posx":12,"posy":8,"lastAction":5,"status":0},{"playerId":2375363,"score":1400,"energy":30,"posx":0,"posy":6,"lastAction":5,"status":0}],"golds":[{"posx":20,"posy":0,"amount":100},{"posx":0,"posy":1,"amount":150},{"posx":4,"posy":1,"amount":50},{"posx":14,"posy":1,"amount":150},{"posx":18,"posy":7,"amount":50},{"posx":12,"posy":8,"amount":250}],"changedObstacles":[{"type":0,"posx":0,"posy":6,"value":-1},{"type":0,"posx":6,"posy":8,"value":-1}]},{"players":[{"playerId":2451397,"score":1450,"energy":13,"posx":6,"posy":8,"lastAction":4,"status":0},{"playerId":2611188,"score":700,"energy":36,"posx":5,"posy":8,"lastAction":0,"status":0},{"playerId":206247,"score":1000,"energy":13,"posx":12,"posy":8,"lastAction":5,"status":0},{"playerId":2375363,"score":1400,"energy":29,"posx":1,"posy":6,"lastAction":1,"status":0}],"golds":[{"posx":20,"posy":0,"amount":100},{"posx":0,"posy":1,"amount":150},{"posx":4,"posy":1,"amount":50},{"posx":14,"posy":1,"amount":150},{"posx":18,"posy":7,"amount":50},{"posx":12,"posy":8,"amount":200}],"changedObstacles":[]},{"players":[{"playerId":2451397,"score":1450,"energy":12,"posx":5,"posy":8,"lastAction":0,"status":0},{"playerId":2611188,"score":700,"energy":35,"posx":4,"posy":8,"lastAction":0,"status":0},{"playerId":206247,"score":1050,"energy":8,"posx":12,"posy":8,"lastAction":5,"status":0},{"playerId":2375363,"score":1400,"energy":28,"posx":1,"posy":7,"lastAction":3,"status":0}],"golds":[{"posx":20,"posy":0,"amount":100},{"posx":0,"posy":1,"amount":150},{"posx":4,"posy":1,"amount":50},{"posx":14,"posy":1,"amount":150},{"posx":18,"posy":7,"amount":50},{"posx":12,"posy":8,"amount":150}],"changedObstacles":[]},{"players":[{"playerId":2451397,"score":1450,"energy":11,"posx":4,"posy":8,"lastAction":0,"status":0},{"playerId":2611188,"score":700,"energy":34,"posx":3,"posy":8,"lastAction":0,"status":0},{"playerId":206247,"score":1100,"energy":3,"posx":12,"posy":8,"lastAction":5,"status":0},{"playerId":2375363,"score":1400,"energy":23,"posx":0,"posy":7,"lastAction":0,"status":0}],"golds":[{"posx":20,"posy":0,"amount":100},{"posx":0,"posy":1,"amount":150},{"posx":4,"posy":1,"amount":50},{"posx":14,"posy":1,"amount":150},{"posx":18,"posy":7,"amount":50},{"posx":12,"posy":8,"amount":100}],"changedObstacles":[{"type":3,"posx":0,"posy":7,"value":-20}]},{"players":[{"playerId":2451397,"score":1450,"energy":10,"posx":3,"posy":8,"lastAction":0,"status":0},{"playerId":2611188,"score":700,"energy":33,"posx":3,"posy":7,"lastAction":2,"status":0},{"playerId":206247,"score":1100,"energy":15,"posx":12,"posy":8,"lastAction":4,"status":0},{"playerId":2375363,"score":1400,"energy":22,"posx":0,"posy":6,"lastAction":2,"status":0}],"golds":[{"posx":20,"posy":0,"amount":100},{"posx":0,"posy":1,"amount":150},{"posx":4,"posy":1,"amount":50},{"posx":14,"posy":1,"amount":150},{"posx":18,"posy":7,"amount":50},{"posx":12,"posy":8,"amount":100}],"changedObstacles":[]},{"players":[{"playerId":2451397,"score":1450,"energy":9,"posx":3,"posy":7,"lastAction":2,"status":0},{"playerId":2611188,"score":700,"energy":32,"posx":3,"posy":6,"lastAction":2,"status":0},{"playerId":206247,"score":1100,"energy":31,"posx":12,"posy":8,"lastAction":4,"status":0},{"playerId":2375363,"score":1400,"energy":21,"posx":1,"posy":6,"lastAction":1,"status":0}],"golds":[{"posx":20,"posy":0,"amount":100},{"posx":0,"posy":1,"amount":150},{"posx":4,"posy":1,"amount":50},{"posx":14,"posy":1,"amount":150},{"posx":18,"posy":7,"amount":50},{"posx":12,"posy":8,"amount":100}],"changedObstacles":[]},{"players":[{"playerId":2451397,"score":1450,"energy":8,"posx":3,"posy":6,"lastAction":2,"status":0},{"playerId":2611188,"score":700,"energy":31,"posx":3,"posy":5,"lastAction":2,"status":0},{"playerId":206247,"score":1100,"energy":50,"posx":12,"posy":8,"lastAction":4,"status":0},{"playerId":2375363,"score":1400,"energy":33,"posx":1,"posy":6,"lastAction":4,"status":0}],"golds":[{"posx":20,"posy":0,"amount":100},{"posx":0,"posy":1,"amount":150},{"posx":4,"posy":1,"amount":50},{"posx":14,"posy":1,"amount":150},{"posx":18,"posy":7,"amount":50},{"posx":12,"posy":8,"amount":100}],"changedObstacles":[]},{"players":[{"playerId":2451397,"score":1450,"energy":7,"posx":3,"posy":5,"lastAction":2,"status":0},{"playerId":2611188,"score":700,"energy":30,"posx":3,"posy":4,"lastAction":2,"status":0},{"playerId":206247,"score":1150,"energy":45,"posx":12,"posy":8,"lastAction":5,"status":0},{"playerId":2375363,"score":1400,"energy":14,"posx":1,"posy":5,"lastAction":2,"status":0}],"golds":[{"posx":20,"posy":0,"amount":100},{"posx":0,"posy":1,"amount":150},{"posx":4,"posy":1,"amount":50},{"posx":14,"posy":1,"amount":150},{"posx":18,"posy":7,"amount":50},{"posx":12,"posy":8,"amount":50}],"changedObstacles":[]},{"players":[{"playerId":2451397,"score":1450,"energy":6,"posx":3,"posy":4,"lastAction":2,"status":0},{"playerId":2611188,"score":700,"energy":29,"posx":3,"posy":3,"lastAction":2,"status":0},{"playerId":206247,"score":1150,"energy":44,"posx":12,"posy":7,"lastAction":2,"status":0},{"playerId":2375363,"score":1400,"energy":26,"posx":1,"posy":5,"lastAction":4,"status":0}],"golds":[{"posx":20,"posy":0,"amount":100},{"posx":0,"posy":1,"amount":150},{"posx":4,"posy":1,"amount":50},{"posx":14,"posy":1,"amount":150},{"posx":18,"posy":7,"amount":50},{"posx":12,"posy":8,"amount":50}],"changedObstacles":[]},{"players":[{"playerId":2451397,"score":1450,"energy":5,"posx":3,"posy":3,"lastAction":2,"status":0},{"playerId":2611188,"score":700,"energy":28,"posx":2,"posy":3,"lastAction":0,"status":0},{"playerId":206247,"score":1150,"energy":43,"posx":11,"posy":7,"lastAction":0,"status":0},{"playerId":2375363,"score":1400,"energy":25,"posx":2,"posy":5,"lastAction":1,"status":0}],"golds":[{"posx":20,"posy":0,"amount":100},{"posx":0,"posy":1,"amount":150},{"posx":4,"posy":1,"amount":50},{"posx":14,"posy":1,"amount":150},{"posx":18,"posy":7,"amount":50},{"posx":12,"posy":8,"amount":50}],"changedObstacles":[]},{"players":[{"playerId":2451397,"score":1450,"energy":4,"posx":2,"posy":3,"lastAction":0,"status":0},{"playerId":2611188,"score":700,"energy":27,"posx":2,"posy":2,"lastAction":2,"status":0},{"playerId":206247,"score":1150,"energy":42,"posx":10,"posy":7,"lastAction":0,"status":0},{"playerId":2375363,"score":1400,"energy":24,"posx":3,"posy":5,"lastAction":1,"status":0}],"golds":[{"posx":20,"posy":0,"amount":100},{"posx":0,"posy":1,"amount":150},{"posx":4,"posy":1,"amount":50},{"posx":14,"posy":1,"amount":150},{"posx":18,"posy":7,"amount":50},{"posx":12,"posy":8,"amount":50}],"changedObstacles":[]},{"players":[{"playerId":2451397,"score":1450,"energy":3,"posx":2,"posy":2,"lastAction":2,"status":0},{"playerId":2611188,"score":700,"energy":26,"posx":2,"posy":1,"lastAction":2,"status":0},{"playerId":206247,"score":1150,"energy":41,"posx":10,"posy":6,"lastAction":2,"status":0},{"playerId":2375363,"score":1400,"energy":23,"posx":3,"posy":6,"lastAction":3,"status":0}],"golds":[{"posx":20,"posy":0,"amount":100},{"posx":0,"posy":1,"amount":150},{"posx":4,"posy":1,"amount":50},{"posx":14,"posy":1,"amount":150},{"posx":18,"posy":7,"amount":50},{"posx":12,"posy":8,"amount":50}],"changedObstacles":[]},{"players":[{"playerId":2451397,"score":1450,"energy":2,"posx":2,"posy":1,"lastAction":2,"status":0},{"playerId":2611188,"score":700,"energy":21,"posx":1,"posy":1,"lastAction":0,"status":0},{"playerId":206247,"score":1150,"energy":40,"posx":9,"posy":6,"lastAction":0,"status":0},{"playerId":2375363,"score":1400,"energy":18,"posx":4,"posy":6,"lastAction":1,"status":0}],"golds":[{"posx":20,"posy":0,"amount":100},{"posx":0,"posy":1,"amount":150},{"posx":4,"posy":1,"amount":50},{"posx":14,"posy":1,"amount":150},{"posx":18,"posy":7,"amount":50},{"posx":12,"posy":8,"amount":50}],"changedObstacles":[{"type":3,"posx":4,"posy":6,"value":-20},{"type":3,"posx":1,"posy":1,"value":-20}]},{"players":[{"playerId":2451397,"score":1450,"energy":14,"posx":2,"posy":1,"lastAction":4,"status":0},{"playerId":2611188,"score":700,"energy":17,"posx":0,"posy":1,"lastAction":0,"status":0},{"playerId":206247,"score":1150,"energy":39,"posx":8,"posy":6,"lastAction":0,"status":0},{"playerId":2375363,"score":1400,"energy":17,"posx":4,"posy":5,"lastAction":2,"status":0}],"golds":[{"posx":20,"posy":0,"amount":100},{"posx":0,"posy":1,"amount":150},{"posx":4,"posy":1,"amount":50},{"posx":14,"posy":1,"amount":150},{"posx":18,"posy":7,"amount":50},{"posx":12,"posy":8,"amount":50}],"changedObstacles":[]},{"players":[{"playerId":2451397,"score":1450,"energy":30,"posx":2,"posy":1,"lastAction":4,"status":0},{"playerId":2611188,"score":750,"energy":12,"posx":0,"posy":1,"lastAction":5,"status":0},{"playerId":206247,"score":1150,"energy":38,"posx":7,"posy":6,"lastAction":0,"status":0},{"playerId":2375363,"score":1400,"energy":29,"posx":4,"posy":5,"lastAction":4,"status":0}],"golds":[{"posx":20,"posy":0,"amount":100},{"posx":0,"posy":1,"amount":100},{"posx":4,"posy":1,"amount":50},{"posx":14,"posy":1,"amount":150},{"posx":18,"posy":7,"amount":50},{"posx":12,"posy":8,"amount":50}],"changedObstacles":[]},{"players":[{"playerId":2451397,"score":1450,"energy":20,"posx":3,"posy":1,"lastAction":1,"status":0},{"playerId":2611188,"score":800,"energy":7,"posx":0,"posy":1,"lastAction":5,"status":0},{"playerId":206247,"score":1150,"energy":37,"posx":6,"posy":6,"lastAction":0,"status":0},{"playerId":2375363,"score":1400,"energy":28,"posx":5,"posy":5,"lastAction":1,"status":0}],"golds":[{"posx":20,"posy":0,"amount":100},{"posx":0,"posy":1,"amount":50},{"posx":4,"posy":1,"amount":50},{"posx":14,"posy":1,"amount":150},{"posx":18,"posy":7,"amount":50},{"posx":12,"posy":8,"amount":50}],"changedObstacles":[{"type":0,"posx":3,"posy":1,"value":-1}]},{"players":[{"playerId":2451397,"score":1450,"energy":16,"posx":4,"posy":1,"lastAction":1,"status":0},{"playerId":2611188,"score":850,"energy":2,"posx":0,"posy":1,"lastAction":5,"status":0},{"playerId":206247,"score":1150,"energy":36,"posx":7,"posy":6,"lastAction":1,"status":0},{"playerId":2375363,"score":1400,"energy":27,"posx":6,"posy":5,"lastAction":1,"status":0}],"golds":[{"posx":20,"posy":0,"amount":100},{"posx":4,"posy":1,"amount":50},{"posx":14,"posy":1,"amount":150},{"posx":18,"posy":7,"amount":50},{"posx":12,"posy":8,"amount":50}],"changedObstacles":[{"type":0,"posx":0,"posy":1,"value":-1}]},{"players":[{"playerId":2451397,"score":1500,"energy":11,"posx":4,"posy":1,"lastAction":5,"status":0},{"playerId":2611188,"score":850,"energy":14,"posx":0,"posy":1,"lastAction":4,"status":0},{"playerId":206247,"score":1150,"energy":35,"posx":8,"posy":6,"lastAction":1,"status":0},{"playerId":2375363,"score":1400,"energy":26,"posx":6,"posy":6,"lastAction":3,"status":0}],"golds":[{"posx":20,"posy":0,"amount":100},{"posx":14,"posy":1,"amount":150},{"posx":18,"posy":7,"amount":50},{"posx":12,"posy":8,"amount":50}],"changedObstacles":[{"type":0,"posx":4,"posy":1,"value":-1}]},{"players":[{"playerId":2451397,"score":1500,"energy":10,"posx":5,"posy":1,"lastAction":1,"status":0},{"playerId":2611188,"score":850,"energy":30,"posx":0,"posy":1,"lastAction":4,"status":0},{"playerId":206247,"score":1150,"energy":34,"posx":9,"posy":6,"lastAction":1,"status":0},{"playerId":2375363,"score":1400,"energy":25,"posx":7,"posy":6,"lastAction":1,"status":0}],"golds":[{"posx":20,"posy":0,"amount":100},{"posx":14,"posy":1,"amount":150},{"posx":18,"posy":7,"amount":50},{"posx":12,"posy":8,"amount":50}],"changedObstacles":[]},{"players":[{"playerId":2451397,"score":1500,"energy":9,"posx":6,"posy":1,"lastAction":1,"status":0},{"playerId":2611188,"score":850,"energy":10,"posx":1,"posy":1,"lastAction":1,"status":0},{"playerId":206247,"score":1150,"energy":33,"posx":10,"posy":6,"lastAction":1,"status":0},{"playerId":2375363,"score":1400,"energy":24,"posx":8,"posy":6,"lastAction":1,"status":0}],"golds":[{"posx":20,"posy":0,"amount":100},{"posx":14,"posy":1,"amount":150},{"posx":18,"posy":7,"amount":50},{"posx":12,"posy":8,"amount":50}],"changedObstacles":[{"type":3,"posx":1,"posy":1,"value":-40}]},{"players":[{"playerId":2451397,"score":1500,"energy":8,"posx":7,"posy":1,"lastAction":1,"status":0},{"playerId":2611188,"score":850,"energy":9,"posx":2,"posy":1,"lastAction":1,"status":0},{"playerId":206247,"score":1150,"energy":23,"posx":10,"posy":5,"lastAction":2,"status":0},{"playerId":2375363,"score":1400,"energy":23,"posx":9,"posy":6,"lastAction":1,"status":0}],"golds":[{"posx":20,"posy":0,"amount":100},{"posx":14,"posy":1,"amount":150},{"posx":18,"posy":7,"amount":50},{"posx":12,"posy":8,"amount":50}],"changedObstacles":[{"type":0,"posx":10,"posy":5,"value":-1}]},{"players":[{"playerId":2451397,"score":1500,"energy":3,"posx":8,"posy":1,"lastAction":1,"status":0},{"playerId":2611188,"score":850,"energy":8,"posx":3,"posy":1,"lastAction":1,"status":0},{"playerId":206247,"score":1150,"energy":13,"posx":10,"posy":4,"lastAction":2,"status":0},{"playerId":2375363,"score":1400,"energy":35,"posx":9,"posy":6,"lastAction":4,"status":0}],"golds":[{"posx":20,"posy":0,"amount":100},{"posx":14,"posy":1,"amount":150},{"posx":18,"posy":7,"amount":50},{"posx":12,"posy":8,"amount":50}],"changedObstacles":[{"type":0,"posx":10,"posy":4,"value":-1},{"type":3,"posx":8,"posy":1,"value":-20}]},{"players":[{"playerId":2451397,"score":1500,"energy":15,"posx":8,"posy":1,"lastAction":4,"status":0},{"playerId":2611188,"score":850,"energy":7,"posx":4,"posy":1,"lastAction":1,"status":0},{"playerId":206247,"score":1150,"energy":12,"posx":11,"posy":4,"lastAction":1,"status":0},{"playerId":2375363,"score":1400,"energy":50,"posx":9,"posy":6,"lastAction":4,"status":0}],"golds":[{"posx":20,"posy":0,"amount":100},{"posx":14,"posy":1,"amount":150},{"posx":18,"posy":7,"amount":50},{"posx":12,"posy":8,"amount":50}],"changedObstacles":[]},{"players":[{"playerId":2451397,"score":1500,"energy":10,"posx":9,"posy":1,"lastAction":1,"status":0},{"playerId":2611188,"score":850,"energy":6,"posx":5,"posy":1,"lastAction":1,"status":0},{"playerId":206247,"score":1150,"energy":11,"posx":12,"posy":4,"lastAction":1,"status":0},{"playerId":2375363,"score":1400,"energy":49,"posx":10,"posy":6,"lastAction":1,"status":0}],"golds":[{"posx":20,"posy":0,"amount":100},{"posx":14,"posy":1,"amount":150},{"posx":18,"posy":7,"amount":50},{"posx":12,"posy":8,"amount":50}],"changedObstacles":[{"type":3,"posx":9,"posy":1,"value":-20}]},{"players":[{"playerId":2451397,"score":1500,"energy":22,"posx":9,"posy":1,"lastAction":4,"status":0},{"playerId":2611188,"score":850,"energy":5,"posx":6,"posy":1,"lastAction":1,"status":0},{"playerId":206247,"score":1150,"energy":10,"posx":13,"posy":4,"lastAction":1,"status":0},{"playerId":2375363,"score":1400,"energy":48,"posx":10,"posy":7,"lastAction":3,"status":0}],"golds":[{"posx":20,"posy":0,"amount":100},{"posx":14,"posy":1,"amount":150},{"posx":18,"posy":7,"amount":50},{"posx":12,"posy":8,"amount":50}],"changedObstacles":[]},{"players":[{"playerId":2451397,"score":1500,"energy":10,"posx":10,"posy":1,"lastAction":1,"status":0},{"playerId":2611188,"score":850,"energy":4,"posx":7,"posy":1,"lastAction":1,"status":0},{"playerId":206247,"score":1150,"energy":5,"posx":13,"posy":3,"lastAction":2,"status":0},{"playerId":2375363,"score":1400,"energy":47,"posx":10,"posy":8,"lastAction":3,"status":0}],"golds":[{"posx":20,"posy":0,"amount":100},{"posx":14,"posy":1,"amount":150},{"posx":18,"posy":7,"amount":50},{"posx":12,"posy":8,"amount":50}],"changedObstacles":[{"type":3,"posx":13,"posy":3,"value":-20}]},{"players":[{"playerId":2451397,"score":1500,"energy":22,"posx":10,"posy":1,"lastAction":4,"status":0},{"playerId":2611188,"score":850,"energy":3,"posx":7,"posy":0,"lastAction":2,"status":0},{"playerId":206247,"score":1150,"energy":4,"posx":14,"posy":3,"lastAction":1,"status":0},{"playerId":2375363,"score":1400,"energy":42,"posx":11,"posy":8,"lastAction":1,"status":0}],"golds":[{"posx":20,"posy":0,"amount":100},{"posx":14,"posy":1,"amount":150},{"posx":18,"posy":7,"amount":50},{"posx":12,"posy":8,"amount":50}],"changedObstacles":[{"type":3,"posx":11,"posy":8,"value":-20}]},{"players":[{"playerId":2451397,"score":1500,"energy":12,"posx":11,"posy":1,"lastAction":1,"status":0},{"playerId":2611188,"score":850,"energy":15,"posx":7,"posy":0,"lastAction":4,"status":0},{"playerId":206247,"score":1150,"energy":16,"posx":14,"posy":3,"lastAction":4,"status":0},{"playerId":2375363,"score":1400,"energy":38,"posx":12,"posy":8,"lastAction":1,"status":0}],"golds":[{"posx":20,"posy":0,"amount":100},{"posx":14,"posy":1,"amount":150},{"posx":18,"posy":7,"amount":50},{"posx":12,"posy":8,"amount":50}],"changedObstacles":[{"type":0,"posx":11,"posy":1,"value":-1}]},{"players":[{"playerId":2451397,"score":1500,"energy":11,"posx":12,"posy":1,"lastAction":1,"status":0},{"playerId":2611188,"score":850,"energy":31,"posx":7,"posy":0,"lastAction":4,"status":0},{"playerId":206247,"score":1150,"energy":32,"posx":14,"posy":3,"lastAction":4,"status":0},{"playerId":2375363,"score":1450,"energy":33,"posx":12,"posy":8,"lastAction":5,"status":0}],"golds":[{"posx":20,"posy":0,"amount":100},{"posx":14,"posy":1,"amount":150},{"posx":18,"posy":7,"amount":50}],"changedObstacles":[{"type":0,"posx":12,"posy":8,"value":-1}]},{"players":[{"playerId":2451397,"score":1500,"energy":1,"posx":13,"posy":1,"lastAction":1,"status":0},{"playerId":2611188,"score":850,"energy":17,"posx":8,"posy":0,"lastAction":1,"status":0},{"playerId":206247,"score":1150,"energy":50,"posx":14,"posy":3,"lastAction":4,"status":0},{"playerId":2375363,"score":1450,"energy":32,"posx":13,"posy":8,"lastAction":1,"status":0}],"golds":[{"posx":20,"posy":0,"amount":100},{"posx":14,"posy":1,"amount":150},{"posx":18,"posy":7,"amount":50}],"changedObstacles":[{"type":0,"posx":13,"posy":1,"value":-1}]},{"players":[{"playerId":2451397,"score":1500,"energy":13,"posx":13,"posy":1,"lastAction":4,"status":0},{"playerId":2611188,"score":850,"energy":16,"posx":9,"posy":0,"lastAction":1,"status":0},{"playerId":206247,"score":1150,"energy":40,"posx":14,"posy":2,"lastAction":2,"status":0},{"playerId":2375363,"score":1450,"energy":31,"posx":14,"posy":8,"lastAction":1,"status":0}],"golds":[{"posx":20,"posy":0,"amount":100},{"posx":14,"posy":1,"amount":150},{"posx":18,"posy":7,"amount":50}],"changedObstacles":[{"type":0,"posx":14,"posy":2,"value":-1}]},{"players":[{"playerId":2451397,"score":1500,"energy":9,"posx":14,"posy":1,"lastAction":1,"status":0},{"playerId":2611188,"score":850,"energy":15,"posx":10,"posy":0,"lastAction":1,"status":0},{"playerId":206247,"score":1150,"energy":36,"posx":14,"posy":1,"lastAction":2,"status":0},{"playerId":2375363,"score":1450,"energy":30,"posx":15,"posy":8,"lastAction":1,"status":0}],"golds":[{"posx":20,"posy":0,"amount":100},{"posx":14,"posy":1,"amount":150},{"posx":18,"posy":7,"amount":50}],"changedObstacles":[]},{"players":[{"playerId":2451397,"score":1550,"energy":4,"posx":14,"posy":1,"lastAction":5,"status":0},{"playerId":2611188,"score":850,"energy":27,"posx":10,"posy":0,"lastAction":4,"status":0},{"playerId":206247,"score":1200,"energy":31,"posx":14,"posy":1,"lastAction":5,"status":0},{"playerId":2375363,"score":1450,"energy":29,"posx":16,"posy":8,"lastAction":1,"status":0}],"golds":[{"posx":20,"posy":0,"amount":100},{"posx":14,"posy":1,"amount":50},{"posx":18,"posy":7,"amount":50}],"changedObstacles":[]},{"players":[{"playerId":2451397,"score":1550,"energy":16,"posx":14,"posy":1,"lastAction":4,"status":0},{"playerId":2611188,"score":850,"energy":20,"posx":11,"posy":0,"lastAction":1,"status":0},{"playerId":206247,"score":1200,"energy":30,"posx":15,"posy":1,"lastAction":1,"status":0},{"playerId":2375363,"score":1450,"energy":28,"posx":17,"posy":8,"lastAction":1,"status":0}],"golds":[{"posx":20,"posy":0,"amount":100},{"posx":14,"posy":1,"amount":50},{"posx":18,"posy":7,"amount":50}],"changedObstacles":[]},{"players":[{"playerId":2451397,"score":1600,"energy":11,"posx":14,"posy":1,"lastAction":5,"status":0},{"playerId":2611188,"score":850,"energy":19,"posx":12,"posy":0,"lastAction":1,"status":0},{"playerId":206247,"score":1200,"energy":29,"posx":16,"posy":1,"lastAction":1,"status":0},{"playerId":2375363,"score":1450,"energy":27,"posx":17,"posy":7,"lastAction":2,"status":0}],"golds":[{"posx":20,"posy":0,"amount":100},{"posx":18,"posy":7,"amount":50}],"changedObstacles":[{"type":0,"posx":14,"posy":1,"value":-1}]},{"players":[{"playerId":2451397,"score":1600,"energy":10,"posx":15,"posy":1,"lastAction":1,"status":0},{"playerId":2611188,"score":850,"energy":18,"posx":13,"posy":0,"lastAction":1,"status":0},{"playerId":206247,"score":1200,"energy":28,"posx":16,"posy":0,"lastAction":2,"status":0},{"playerId":2375363,"score":1450,"energy":23,"posx":18,"posy":7,"lastAction":1,"status":0}],"golds":[{"posx":20,"posy":0,"amount":100},{"posx":18,"posy":7,"amount":50}],"changedObstacles":[]},{"players":[{"playerId":2451397,"score":1600,"energy":9,"posx":16,"posy":1,"lastAction":1,"status":0},{"playerId":2611188,"score":850,"energy":8,"posx":14,"posy":0,"lastAction":1,"status":0},{"playerId":206247,"score":1200,"energy":27,"posx":17,"posy":0,"lastAction":1,"status":0},{"playerId":2375363,"score":1500,"energy":18,"posx":18,"posy":7,"lastAction":5,"status":0}],"golds":[{"posx":20,"posy":0,"amount":100}],"changedObstacles":[{"type":0,"posx":14,"posy":0,"value":-1},{"type":0,"posx":18,"posy":7,"value":-1}]},{"players":[{"playerId":2451397,"score":1600,"energy":8,"posx":16,"posy":0,"lastAction":2,"status":0},{"playerId":2611188,"score":850,"energy":7,"posx":15,"posy":0,"lastAction":1,"status":0},{"playerId":206247,"score":1200,"energy":26,"posx":18,"posy":0,"lastAction":1,"status":0},{"playerId":2375363,"score":1500,"energy":30,"posx":18,"posy":7,"lastAction":4,"status":0}],"golds":[{"posx":20,"posy":0,"amount":100}],"changedObstacles":[]},{"players":[{"playerId":2451397,"score":1600,"energy":7,"posx":17,"posy":0,"lastAction":1,"status":0},{"playerId":2611188,"score":850,"energy":6,"posx":16,"posy":0,"lastAction":1,"status":0},{"playerId":206247,"score":1200,"energy":15,"posx":19,"posy":0,"lastAction":1,"status":0},{"playerId":2375363,"score":1500,"energy":46,"posx":18,"posy":7,"lastAction":4,"status":0}],"golds":[{"posx":20,"posy":0,"amount":100}],"changedObstacles":[]},{"players":[{"playerId":2451397,"score":1600,"energy":6,"posx":18,"posy":0,"lastAction":1,"status":0},{"playerId":2611188,"score":850,"energy":5,"posx":17,"posy":0,"lastAction":1,"status":0},{"playerId":206247,"score":1200,"energy":11,"posx":20,"posy":0,"lastAction":1,"status":0},{"playerId":2375363,"score":1500,"energy":50,"posx":18,"posy":7,"lastAction":4,"status":0}],"golds":[{"posx":20,"posy":0,"amount":100}],"changedObstacles":[]},{"players":[{"playerId":2451397,"score":1600,"energy":18,"posx":18,"posy":0,"lastAction":4,"status":0},{"playerId":2611188,"score":850,"energy":4,"posx":18,"posy":0,"lastAction":1,"status":0},{"playerId":206247,"score":1250,"energy":6,"posx":20,"posy":0,"lastAction":5,"status":0},{"playerId":2375363,"score":1500,"energy":50,"posx":18,"posy":7,"lastAction":4,"status":0}],"golds":[{"posx":20,"posy":0,"amount":50}],"changedObstacles":[]},{"players":[{"playerId":2451397,"score":1600,"energy":34,"posx":18,"posy":0,"lastAction":4,"status":0},{"playerId":2611188,"score":850,"energy":16,"posx":18,"posy":0,"lastAction":4,"status":0},{"playerId":206247,"score":1300,"energy":1,"posx":20,"posy":0,"lastAction":5,"status":0},{"playerId":2375363,"score":1500,"energy":50,"posx":18,"posy":7,"lastAction":4,"status":0}],"golds":[],"changedObstacles":[{"type":0,"posx":20,"posy":0,"value":-1}]}]