[{"players":[{"playerId":2451397,"score":0,"energy":49,"posx":8,"posy":2,"lastAction":0,"status":0},{"playerId":2375363,"score":0,"energy":49,"posx":9,"posy":3,"lastAction":3,"status":0},{"playerId":75082,"score":0,"energy":49,"posx":9,"posy":3,"lastAction":3,"status":0},{"playerId":2287533,"score":0,"energy":50,"posx":9,"posy":2,"lastAction":4,"status":0}],"golds":[{"posx":4,"posy":8,"amount":100},{"posx":8,"posy":7,"amount":450},{"posx":0,"posy":1,"amount":150},{"posx":16,"posy":6,"amount":500},{"posx":20,"posy":0,"amount":100},{"posx":3,"posy":3,"amount":700},{"posx":14,"posy":6,"amount":50},{"posx":2,"posy":6,"amount":500},{"posx":0,"posy":6,"amount":50},{"posx":3,"posy":8,"amount":50},{"posx":6,"posy":4,"amount":150},{"posx":18,"posy":4,"amount":600},{"posx":4,"posy":1,"amount":50},{"posx":12,"posy":8,"amount":300},{"posx":1,"posy":8,"amount":650},{"posx":17,"posy":5,"amount":300},{"posx":18,"posy":7,"amount":200},{"posx":6,"posy":8,"amount":100},{"posx":14,"posy":1,"amount":150},{"posx":10,"posy":3,"amount":100}],"changedObstacles":[]},{"players":[{"playerId":2451397,"score":0,"energy":48,"posx":7,"posy":2,"lastAction":0,"status":0},{"playerId":2375363,"score":0,"energy":45,"posx":10,"posy":3,"lastAction":1,"status":0},{"playerId":75082,"score":0,"energy":48,"posx":9,"posy":4,"lastAction":3,"status":0},{"playerId":2287533,"score":0,"energy":40,"posx":10,"posy":2,"lastAction":1,"status":0}],"golds":[{"posx":4,"posy":8,"amount":100},{"posx":8,"posy":7,"amount":450},{"posx":0,"posy":1,"amount":150},{"posx":16,"posy":6,"amount":500},{"posx":20,"posy":0,"amount":100},{"posx":3,"posy":3,"amount":700},{"posx":14,"posy":6,"amount":50},{"posx":2,"posy":6,"amount":500},{"posx":0,"posy":6,"amount":50},{"posx":3,"posy":8,"amount":50},{"posx":6,"posy":4,"amount":150},{"posx":18,"posy":4,"amount":600},{"posx":4,"posy":1,"amount":50},{"posx":12,"posy":8,"amount":300},{"posx":1,"posy":8,"amount":650},{"posx":17,"posy":5,"amount":300},{"posx":18,"posy":7,"amount":200},{"posx":6,"posy":8,"amount":100},{"posx":14,"posy":1,"amount":150},{"posx":10,"posy":3,"amount":100}],"changedObstacles":[{"type":0,"posx":10,"posy":2,"value":-1}]},{"players":[{"playerId":2451397,"score":0,"energy":43,"posx":6,"posy":2,"lastAction":0,"status":0},{"playerId":2375363,"score":50,"energy":40,"posx":10,"posy":3,"lastAction":5,"status":0},{"playerId":75082,"score":0,"energy":43,"posx":8,"posy":4,"lastAction":0,"status":0},{"playerId":2287533,"score":0,"energy":36,"posx":10,"posy":3,"lastAction":3,"status":0}],"golds":[{"posx":20,"posy":0,"amount":100},{"posx":0,"posy":1,"amount":150},{"posx":4,"posy":1,"amount":50},{"posx":14,"posy":1,"amount":150},{"posx":3,"posy":3,"amount":700},{"posx":10,"posy":3,"amount":50},{"posx":6,"posy":4,"amount":150},{"posx":18,"posy":4,"amount":600},{"posx":17,"posy":5,"amount":300},{"posx":0,"posy":6,"amount":50},{"posx":2,"posy":6,"amount":500},{"posx":14,"posy":6,"amount":50},{"posx":16,"posy":6,"amount":500},{"posx":8,"posy":7,"amount":450},{"posx":18,"posy":7,"amount":200},{"posx":1,"posy":8,"amount":650},{"posx":3,"posy":8,"amount":50},{"posx":4,"posy":8,"amount":100},{"posx":6,"posy":8,"amount":100},{"posx":12,"posy":8,"amount":300}],"changedObstacles":[{"type":3,"posx":8,"posy":4,"value":-20},{"type":3,"posx":6,"posy":2,"value":-20}]},{"players":[{"playerId":2451397,"score":0,"energy":42,"posx":5,"posy":2,"lastAction":0,"status":0},{"playerId":2375363,"score":75,"energy":35,"posx":10,"posy":3,"lastAction":5,"status":0},{"playerId":75082,"score":0,"energy":42,"posx":7,"posy":4,"lastAction":0,"status":0},{"playerId":2287533,"score":25,"energy":31,"posx":10,"posy":3,"lastAction":5,"status":0}],"golds":[{"posx":20,"posy":0,"amount":100},{"posx":0,"posy":1,"amount":150},{"posx":4,"posy":1,"amount":50},{"posx":14,"posy":1,"amount":150},{"posx":3,"posy":3,"amount":700},{"posx":6,"posy":4,"amount":150},{"posx":18,"posy":4,"amount":600},{"posx":17,"posy":5,"amount":300},{"posx":0,"posy":6,"amount":50},{"posx":2,"posy":6,"amount":500},{"posx":14,"posy":6,"amount":50},{"posx":16,"posy":6,"amount":500},{"posx":8,"posy":7,"amount":450},{"posx":18,"posy":7,"amount":200},{"posx":1,"posy":8,"amount":650},{"posx":3,"posy":8,"amount":50},{"posx":4,"posy":8,"amount":100},{"posx":6,"posy":8,"amount":100},{"posx":12,"posy":8,"amount":300}],"changedObstacles":[{"type":0,"posx":10,"posy":3,"value":-1}]},{"players":[{"playerId":2451397,"score":0,"energy":41,"posx":4,"posy":2,"lastAction":0,"status":0},{"playerId":2375363,"score":75,"energy":25,"posx":10,"posy":4,"lastAction":3,"status":0},{"playerId":75082,"score":0,"energy":38,"posx":6,"posy":4,"lastAction":0,"status":0},{"playerId":2287533,"score":25,"energy":30,"posx":9,"posy":3,"lastAction":0,"status":0}],"golds":[{"posx":20,"posy":0,"amount":100},{"posx":0,"posy":1,"amount":150},{"posx":4,"posy":1,"amount":50},{"posx":14,"posy":1,"amount":150},{"posx":3,"posy":3,"amount":700},{"posx":6,"posy":4,"amount":150},{"posx":18,"posy":4,"amount":600},{"posx":17,"posy":5,"amount":300},{"posx":0,"posy":6,"amount":50},{"posx":2,"posy":6,"amount":500},{"posx":14,"posy":6,"amount":50},{"posx":16,"posy":6,"amount":500},{"posx":8,"posy":7,"amount":450},{"posx":18,"posy":7,"amount":200},{"posx":1,"posy":8,"amount":650},{"posx":3,"posy":8,"amount":50},{"posx":4,"posy":8,"amount":100},{"posx":6,"posy":8,"amount":100},{"posx":12,"posy":8,"amount":300}],"changedObstacles":[{"type":0,"posx":10,"posy":4,"value":-1}]},{"players":[{"playerId":2451397,"score":0,"energy":37,"posx":4,"posy":1,"lastAction":2,"status":0},{"playerId":2375363,"score":75,"energy":15,"posx":10,"posy":5,"lastAction":3,"status":0},{"playerId":75082,"score":50,"energy":33,"posx":6,"posy":4,"lastAction":5,"status":0},{"playerId":2287533,"score":25,"energy":25,"posx":8,"posy":3,"lastAction":0,"status":0}],"golds":[{"posx":20,"posy":0,"amount":100},{"posx":0,"posy":1,"amount":150},{"posx":4,"posy":1,"amount":50},{"posx":14,"posy":1,"amount":150},{"posx":3,"posy":3,"amount":700},{"posx":6,"posy":4,"amount":100},{"posx":18,"posy":4,"amount":600},{"posx":17,"posy":5,"amount":300},{"posx":0,"posy":6,"amount":50},{"posx":2,"posy":6,"amount":500},{"posx":14,"posy":6,"amount":50},{"posx":16,"posy":6,"amount":500},{"posx":8,"posy":7,"amount":450},{"posx":18,"posy":7,"amount":200},{"posx":1,"posy":8,"amount":650},{"posx":3,"posy":8,"amount":50},{"posx":4,"posy":8,"amount":100},{"posx":6,"posy":8,"amount":100},{"posx":12,"posy":8,"amount":300}],"changedObstacles":[{"type":0,"posx":10,"posy":5,"value":-1},{"type":3,"posx":8,"posy":3,"value":-20}]},{"players":[{"playerId":2451397,"score":50,"energy":32,"posx":4,"posy":1,"lastAction":5,"status":0},{"playerId":2375363,"score":75,"energy":14,"posx":10,"posy":6,"lastAction":3,"status":0},{"playerId":75082,"score":100,"energy":28,"posx":6,"posy":4,"lastAction":5,"status":0},{"playerId":2287533,"score":25,"energy":20,"posx":7,"posy":3,"lastAction":0,"status":0}],"golds":[{"posx":20,"posy":0,"amount":100},{"posx":0,"posy":1,"amount":150},{"posx":14,"posy":1,"amount":150},{"posx":3,"posy":3,"amount":700},{"posx":6,"posy":4,"amount":50},{"posx":18,"posy":4,"amount":600},{"posx":17,"posy":5,"amount":300},{"posx":0,"posy":6,"amount":50},{"posx":2,"posy":6,"amount":500},{"posx":14,"posy":6,"amount":50},{"posx":16,"posy":6,"amount":500},{"posx":8,"posy":7,"amount":450},{"posx":18,"posy":7,"amount":200},{"posx":1,"posy":8,"amount":650},{"posx":3,"posy":8,"amount":50},{"posx":4,"posy":8,"amount":100},{"posx":6,"posy":8,"amount":100},{"posx":12,"posy":8,"amount":300}],"changedObstacles":[{"type":3,"posx":7,"posy":3,"value":-20},{"type":0,"posx":4,"posy":1,"value":-1}]},{"players":[{"playerId":2451397,"score":50,"energy":31,"posx":4,"posy":2,"lastAction":3,"status":0},{"playerId":2375363,"score":75,"energy":26,"posx":10,"posy":6,"lastAction":4,"status":0},{"playerId":75082,"score":150,"energy":23,"posx":6,"posy":4,"lastAction":5,"status":0},{"playerId":2287533,"score":25,"energy":32,"posx":7,"posy":3,"lastAction":4,"status":0}],"golds":[{"posx":20,"posy":0,"amount":100},{"posx":0,"posy":1,"amount":150},{"posx":14,"posy":1,"amount":150},{"posx":3,"posy":3,"amount":700},{"posx":18,"posy":4,"amount":600},{"posx":17,"posy":5,"amount":300},{"posx":0,"posy":6,"amount":50},{"posx":2,"posy":6,"amount":500},{"posx":14,"posy":6,"amount":50},{"posx":16,"posy":6,"amount":500},{"posx":8,"posy":7,"amount":450},{"posx":18,"posy":7,"amount":200},{"posx":1,"posy":8,"amount":650},{"posx":3,"posy":8,"amount":50},{"posx":4,"posy":8,"amount":100},{"posx":6,"posy":8,"amount":100},{"posx":12,"posy":8,"amount":300}],"changedObstacles":[{"type":0,"posx":6,"posy":4,"value":-1}]},{"players":[{"playerId":2451397,"score":50,"energy":21,"posx":4,"posy":3,"lastAction":3,"status":0},{"playerId":2375363,"score":75,"energy":25,"posx":9,"posy":6,"lastAction":0,"status":0},{"playerId":75082,"score":150,"energy":13,"posx":5,"posy":4,"lastAction":0,"status":0},{"playerId":2287533,"score":25,"energy":31,"posx":6,"posy":3,"lastAction":0,"status":0}],"golds":[{"posx":20,"posy":0,"amount":100},{"posx":0,"posy":1,"amount":150},{"posx":14,"posy":1,"amount":150},{"posx":3,"posy":3,"amount":700},{"posx":18,"posy":4,"amount":600},{"posx":17,"posy":5,"amount":300},{"posx":0,"posy":6,"amount":50},{"posx":2,"posy":6,"amount":500},{"posx":14,"posy":6,"amount":50},{"posx":16,"posy":6,"amount":500},{"posx":8,"posy":7,"amount":450},{"posx":18,"posy":7,"amount":200},{"posx":1,"posy":8,"amount":650},{"posx":3,"posy":8,"amount":50},{"posx":4,"posy":8,"amount":100},{"posx":6,"posy":8,"amount":100},{"posx":12,"posy":8,"amount":300}],"changedObstacles":[{"type":0,"posx":5,"posy":4,"value":-1},{"type":0,"posx":4,"posy":3,"value":-1}]},{"players":[{"playerId":2451397,"score":50,"energy":17,"posx":3,"posy":3,"lastAction":0,"status":0},{"playerId":2375363,"score":75,"energy":24,"posx":8,"posy":6,"lastAction":0,"status":0},{"playerId":75082,"score":150,"energy":8,"posx":4,"posy":4,"lastAction":0,"status":0},{"playerId":2287533,"score":25,"energy":30,"posx":5,"posy":3,"lastAction":0,"status":0}],"golds":[{"posx":20,"posy":0,"amount":100},{"posx":0,"posy":1,"amount":150},{"posx":14,"posy":1,"amount":150},{"posx":3,"posy":3,"amount":700},{"posx":18,"posy":4,"amount":600},{"posx":17,"posy":5,"amount":300},{"posx":0,"posy":6,"amount":50},{"posx":2,"posy":6,"amount":500},{"posx":14,"posy":6,"amount":50},{"posx":16,"posy":6,"amount":500},{"posx":8,"posy":7,"amount":450},{"posx":18,"posy":7,"amount":200},{"posx":1,"posy":8,"amount":650},{"posx":3,"posy":8,"amount":50},{"posx":4,"posy":8,"amount":100},{"posx":6,"posy":8,"amount":100},{"posx":12,"posy":8,"amount":300}],"changedObstacles":[{"type":3,"posx":4,"posy":4,"value":-20}]},{"players":[{"playerId":2451397,"score":100,"energy":12,"posx":3,"posy":3,"lastAction":5,"status":0},{"playerId":2375363,"score":75,"energy":20,"posx":8,"posy":7,"lastAction":3,"status":0},{"playerId":75082,"score":150,"energy":7,"posx":3,"posy":4,"lastAction":0,"status":0},{"playerId":2287533,"score":25,"energy":29,"posx":4,"posy":3,"lastAction":0,"status":0}],"golds":[{"posx":20,"posy":0,"amount":100},{"posx":0,"posy":1,"amount":150},{"posx":14,"posy":1,"amount":150},{"posx":3,"posy":3,"amount":650},{"posx":18,"posy":4,"amount":600},{"posx":17,"posy":5,"amount":300},{"posx":0,"posy":6,"amount":50},{"posx":2,"posy":6,"amount":500},{"posx":14,"posy":6,"amount":50},{"posx":16,"posy":6,"amount":500},{"posx":8,"posy":7,"amount":450},{"posx":18,"posy":7,"amount":200},{"posx":1,"posy":8,"amount":650},{"posx":3,"posy":8,"amount":50},{"posx":4,"posy":8,"amount":100},{"posx":6,"posy":8,"amount":100},{"posx":12,"posy":8,"amount":300}],"changedObstacles":[]},{"players":[{"playerId":2451397,"score":150,"energy":7,"posx":3,"posy":3,"lastAction":5,"status":0},{"playerId":2375363,"score":125,"energy":15,"posx":8,"posy":7,"lastAction":5,"status":0},{"playerId":75082,"score":150,"energy":3,"posx":3,"posy":3,"lastAction":2,"status":0},{"playerId":2287533,"score":25,"energy":25,"posx":3,"posy":3,"lastAction":0,"status":0}],"golds":[{"posx":20,"posy":0,"amount":100},{"posx":0,"posy":1,"amount":150},{"posx":14,"posy":1,"amount":150},{"posx":3,"posy":3,"amount":600},{"posx":18,"posy":4,"amount":600},{"posx":17,"posy":5,"amount":300},{"posx":0,"posy":6,"amount":50},{"posx":2,"posy":6,"amount":500},{"posx":14,"posy":6,"amount":50},{"posx":16,"posy":6,"amount":500},{"posx":8,"posy":7,"amount":400},{"posx":18,"posy":7,"amount":200},{"posx":1,"posy":8,"amount":650},{"posx":3,"posy":8,"amount":50},{"posx":4,"posy":8,"amount":100},{"posx":6,"posy":8,"amount":100},{"posx":12,"posy":8,"amount":300}],"changedObstacles":[]},{"players":[{"playerId":2451397,"score":200,"energy":2,"posx":3,"posy":3,"lastAction":5,"status":0},{"playerId":2375363,"score":175,"energy":10,"posx":8,"posy":7,"lastAction":5,"status":0},{"playerId":75082,"score":150,"energy":15,"posx":3,"posy":3,"lastAction":4,"status":0},{"playerId":2287533,"score":75,"energy":20,"posx":3,"posy":3,"lastAction":5,"status":0}],"golds":[{"posx":20,"posy":0,"amount":100},{"posx":0,"posy":1,"amount":150},{"posx":14,"posy":1,"amount":150},{"posx":3,"posy":3,"amount":500},{"posx":18,"posy":4,"amount":600},{"posx":17,"posy":5,"amount":300},{"posx":0,"posy":6,"amount":50},{"posx":2,"posy":6,"amount":500},{"posx":14,"posy":6,"amount":50},{"posx":16,"posy":6,"amount":500},{"posx":8,"posy":7,"amount":350},{"posx":18,"posy":7,"amount":200},{"posx":1,"posy":8,"amount":650},{"posx":3,"posy":8,"amount":50},{"posx":4,"posy":8,"amount":100},{"posx":6,"posy":8,"amount":100},{"posx":12,"posy":8,"amount":300}],"changedObstacles":[]},{"players":[{"playerId":2451397,"score":200,"energy":14,"posx":3,"posy":3,"lastAction":4,"status":0},{"playerId":2375363,"score":225,"energy":5,"posx":8,"posy":7,"lastAction":5,"status":0},{"playerId":75082,"score":200,"energy":10,"posx":3,"posy":3,"lastAction":5,"status":0},{"playerId":2287533,"score":125,"energy":15,"posx":3,"posy":3,"lastAction":5,"status":0}],"golds":[{"posx":20,"posy":0,"amount":100},{"posx":0,"posy":1,"amount":150},{"posx":14,"posy":1,"amount":150},{"posx":3,"posy":3,"amount":400},{"posx":18,"posy":4,"amount":600},{"posx":17,"posy":5,"amount":300},{"posx":0,"posy":6,"amount":50},{"posx":2,"posy":6,"amount":500},{"posx":14,"posy":6,"amount":50},{"posx":16,"posy":6,"amount":500},{"posx":8,"posy":7,"amount":300},{"posx":18,"posy":7,"amount":200},{"posx":1,"posy":8,"amount":650},{"posx":3,"posy":8,"amount":50},{"posx":4,"posy":8,"amount":100},{"posx":6,"posy":8,"amount":100},{"posx":12,"posy":8,"amount":300}],"changedObstacles":[]},{"players":[{"playerId":2451397,"score":200,"energy":30,"posx":3,"posy":3,"lastAction":4,"status":0},{"playerId":2375363,"score":225,"energy":17,"posx":8,"posy":7,"lastAction":4,"status":0},{"playerId":75082,"score":250,"energy":5,"posx":3,"posy":3,"lastAction":5,"status":0},{"playerId":2287533,"score":175,"energy":10,"posx":3,"posy":3,"lastAction":5,"status":0}],"golds":[{"posx":20,"posy":0,"amount":100},{"posx":0,"posy":1,"amount":150},{"posx":14,"posy":1,"amount":150},{"posx":3,"posy":3,"amount":300},{"posx":18,"posy":4,"amount":600},{"posx":17,"posy":5,"amount":300},{"posx":0,"posy":6,"amount":50},{"posx":2,"posy":6,"amount":500},{"posx":14,"posy":6,"amount":50},{"posx":16,"posy":6,"amount":500},{"posx":8,"posy":7,"amount":300},{"posx":18,"posy":7,"amount":200},{"posx":1,"posy":8,"amount":650},{"posx":3,"posy":8,"amount":50},{"posx":4,"posy":8,"amount":100},{"posx":6,"posy":8,"amount":100},{"posx":12,"posy":8,"amount":300}],"changedObstacles":[]},{"players":[{"playerId":2451397,"score":200,"energy":50,"posx":3,"posy":3,"lastAction":4,"status":0},{"playerId":2375363,"score":225,"energy":33,"posx":8,"posy":7,"lastAction":4,"status":0},{"playerId":75082,"score":250,"energy":17,"posx":3,"posy":3,"lastAction":4,"status":0},{"playerId":2287533,"score":225,"energy":5,"posx":3,"posy":3,"lastAction":5,"status":0}],"golds":[{"posx":20,"posy":0,"amount":100},{"posx":0,"posy":1,"amount":150},{"posx":14,"posy":1,"amount":150},{"posx":3,"posy":3,"amount":250},{"posx":18,"posy":4,"amount":600},{"posx":17,"posy":5,"amount":300},{"posx":0,"posy":6,"amount":50},{"posx":2,"posy":6,"amount":500},{"posx":14,"posy":6,"amount":50},{"posx":16,"posy":6,"amount":500},{"posx":8,"posy":7,"amount":300},{"posx":18,"posy":7,"amount":200},{"posx":1,"posy":8,"amount":650},{"posx":3,"posy":8,"amount":50},{"posx":4,"posy":8,"amount":100},{"posx":6,"posy":8,"amount":100},{"posx":12,"posy":8,"amount":300}],"changedObstacles":[]},{"players":[{"playerId":2451397,"score":250,"energy":45,"posx":3,"posy":3,"lastAction":5,"status":0},{"playerId":2375363,"score":275,"energy":28,"posx":8,"posy":7,"lastAction":5,"status":0},{"playerId":75082,"score":300,"energy":12,"posx":3,"posy":3,"lastAction":5,"status":0},{"playerId":2287533,"score":225,"energy":17,"posx":3,"posy":3,"lastAction":4,"status":0}],"golds":[{"posx":20,"posy":0,"amount":100},{"posx":0,"posy":1,"amount":150},{"posx":14,"posy":1,"amount":150},{"posx":3,"posy":3,"amount":150},{"posx":18,"posy":4,"amount":600},{"posx":17,"posy":5,"amount":300},{"posx":0,"posy":6,"amount":50},{"posx":2,"posy":6,"amount":500},{"posx":14,"posy":6,"amount":50},{"posx":16,"posy":6,"amount":500},{"posx":8,"posy":7,"amount":250},{"posx":18,"posy":7,"amount":200},{"posx":1,"posy":8,"amount":650},{"posx":3,"posy":8,"amount":50},{"posx":4,"posy":8,"amount":100},{"posx":6,"posy":8,"amount":100},{"posx":12,"posy":8,"amount":300}],"changedObstacles":[]},{"players":[{"playerId":2451397,"score":300,"energy":40,"posx":3,"posy":3,"lastAction":5,"status":0},{"playerId":2375363,"score":325,"energy":23,"posx":8,"posy":7,"lastAction":5,"status":0},{"playerId":75082,"score":350,"energy":7,"posx":3,"posy":3,"lastAction":5,"status":0},{"playerId":2287533,"score":275,"energy":12,"posx":3,"posy":3,"lastAction":5,"status":0}],"golds":[{"posx":20,"posy":0,"amount":100},{"posx":0,"posy":1,"amount":150},{"posx":14,"posy":1,"amount":150},{"posx":18,"posy":4,"amount":600},{"posx":17,"posy":5,"amount":300},{"posx":0,"posy":6,"amount":50},{"posx":2,"posy":6,"amount":500},{"posx":14,"posy":6,"amount":50},{"posx":16,"posy":6,"amount":500},{"posx":8,"posy":7,"amount":200},{"posx":18,"posy":7,"amount":200},{"posx":1,"posy":8,"amount":650},{"posx":3,"posy":8,"amount":50},{"posx":4,"posy":8,"amount":100},{"posx":6,"posy":8,"amount":100},{"posx":12,"posy":8,"amount":300}],"changedObstacles":[{"type":0,"posx":3,"posy":3,"value":-1}]},{"players":[{"playerId":2451397,"score":300,"energy":39,"posx":3,"posy":4,"lastAction":3,"status":0},{"playerId":2375363,"score":375,"energy":18,"posx":8,"posy":7,"lastAction":5,"status":0},{"playerId":75082,"score":350,"energy":6,"posx":3,"posy":4,"lastAction":3,"status":0},{"playerId":2287533,"score":275,"energy":24,"posx":3,"posy":3,"lastAction":4,"status":0}],"golds":[{"posx":20,"posy":0,"amount":100},{"posx":0,"posy":1,"amount":150},{"posx":14,"posy":1,"amount":150},{"posx":18,"posy":4,"amount":600},{"posx":17,"posy":5,"amount":300},{"posx":0,"posy":6,"amount":50},{"posx":2,"posy":6,"amount":500},{"posx":14,"posy":6,"amount":50},{"posx":16,"posy":6,"amount":500},{"posx":8,"posy":7,"amount":150},{"posx":18,"posy":7,"amount":200},{"posx":1,"posy":8,"amount":650},{"posx":3,"posy":8,"amount":50},{"posx":4,"posy":8,"amount":100},{"posx":6,"posy":8,"amount":100},{"posx":12,"posy":8,"amount":300}],"changedObstacles":[]},{"players":[{"playerId":2451397,"score":300,"energy":38,"posx":3,"posy":5,"lastAction":3,"status":0},{"playerId":2375363,"score":425,"energy":13,"posx":8,"posy":7,"lastAction":5,"status":0},{"playerId":75082,"score":350,"energy":5,"posx":3,"posy":5,"lastAction":3,"status":0},{"playerId":2287533,"score":275,"energy":23,"posx":2,"posy":3,"lastAction":0,"status":0}],"golds":[{"posx":20,"posy":0,"amount":100},{"posx":0,"posy":1,"amount":150},{"posx":14,"posy":1,"amount":150},{"posx":18,"posy":4,"amount":600},{"posx":17,"posy":5,"amount":300},{"posx":0,"posy":6,"amount":50},{"posx":2,"posy":6,"amount":500},{"posx":14,"posy":6,"amount":50},{"posx":16,"posy":6,"amount":500},{"posx":8,"posy":7,"amount":100},{"posx":18,"posy":7,"amount":200},{"posx":1,"posy":8,"amount":650},{"posx":3,"posy":8,"amount":50},{"posx":4,"posy":8,"amount":100},{"posx":6,"posy":8,"amount":100},{"posx":12,"posy":8,"amount":300}],"changedObstacles":[]},{"players":[{"playerId":2451397,"score":300,"energy":37,"posx":2,"posy":5,"lastAction":0,"status":0},{"playerId":2375363,"score":475,"energy":8,"posx":8,"posy":7,"lastAction":5,"status":0},{"playerId":75082,"score":350,"energy":4,"posx":3,"posy":6,"lastAction":3,"status":0},{"playerId":2287533,"score":275,"energy":13,"posx":2,"posy":4,"lastAction":3,"status":0}],"golds":[{"posx":20,"posy":0,"amount":100},{"posx":0,"posy":1,"amount":150},{"posx":14,"posy":1,"amount":150},{"posx":18,"posy":4,"amount":600},{"posx":17,"posy":5,"amount":300},{"posx":0,"posy":6,"amount":50},{"posx":2,"posy":6,"amount":500},{"posx":14,"posy":6,"amount":50},{"posx":16,"posy":6,"amount":500},{"posx":8,"posy":7,"amount":50},{"posx":18,"posy":7,"amount":200},{"posx":1,"posy":8,"amount":650},{"posx":3,"posy":8,"amount":50},{"posx":4,"posy":8,"amount":100},{"posx":6,"posy":8,"amount":100},{"posx":12,"posy":8,"amount":300}],"changedObstacles":[{"type":0,"posx":2,"posy":4,"value":-1}]},{"players":[{"playerId":2451397,"score":300,"energy":33,"posx":2,"posy":6,"lastAction":3,"status":0},{"playerId":2375363,"score":525,"energy":3,"posx":8,"posy":7,"lastAction":5,"status":0},{"playerId":75082,"score":350,"energy":16,"posx":3,"posy":6,"lastAction":4,"status":0},{"playerId":2287533,"score":275,"energy":25,"posx":2,"posy":4,"lastAction":4,"status":0}],"golds":[{"posx":20,"posy":0,"amount":100},{"posx":0,"posy":1,"amount":150},{"posx":14,"posy":1,"amount":150},{"posx":18,"posy":4,"amount":600},{"posx":17,"posy":5,"amount":300},{"posx":0,"posy":6,"amount":50},{"posx":2,"posy":6,"amount":500},{"posx":14,"posy":6,"amount":50},{"posx":16,"posy":6,"amount":500},{"posx":18,"posy":7,"amount":200},{"posx":1,"posy":8,"amount":650},{"posx":3,"posy":8,"amount":50},{"posx":4,"posy":8,"amount":100},{"posx":6,"posy":8,"amount":100},{"posx":12,"posy":8,"amount":300}],"changedObstacles":[{"type":0,"posx":8,"posy":7,"value":-1}]},{"players":[{"playerId":2451397,"score":350,"energy":28,"posx":2,"posy":6,"lastAction":5,"status":0},{"playerId":2375363,"score":525,"energy":15,"posx":8,"posy":7,"lastAction":4,"status":0},{"playerId":75082,"score":350,"energy":12,"posx":2,"posy":6,"lastAction":0,"status":0},{"playerId":2287533,"score":275,"energy":24,"posx":2,"posy":5,"lastAction":3,"status":0}],"golds":[{"posx":20,"posy":0,"amount":100},{"posx":0,"posy":1,"amount":150},{"posx":14,"posy":1,"amount":150},{"posx":18,"posy":4,"amount":600},{"posx":17,"posy":5,"amount":300},{"posx":0,"posy":6,"amount":50},{"posx":2,"posy":6,"amount":450},{"posx":14,"posy":6,"amount":50},{"posx":16,"posy":6,"amount":500},{"posx":18,"posy":7,"amount":200},{"posx":1,"posy":8,"amount":650},{"posx":3,"posy":8,"amount":50},{"posx":4,"posy":8,"amount":100},{"posx":6,"posy":8,"amount":100},{"posx":12,"posy":8,"amount":300}],"changedObstacles":[]},{"players":[{"playerId":2451397,"score":400,"energy":23,"posx":2,"posy":6,"lastAction":5,"status":0},{"playerId":2375363,"score":525,"energy":31,"posx":8,"posy":7,"lastAction":4,"status":0},{"playerId":75082,"score":400,"energy":7,"posx":2,"posy":6,"lastAction":5,"status":0},{"playerId":2287533,"score":275,"energy":20,"posx":2,"posy":6,"lastAction":3,"status":0}],"golds":[{"posx":20,"posy":0,"amount":100},{"posx":0,"posy":1,"amount":150},{"posx":14,"posy":1,"amount":150},{"posx":18,"posy":4,"amount":600},{"posx":17,"posy":5,"amount":300},{"posx":0,"posy":6,"amount":50},{"posx":2,"posy":6,"amount":350},{"posx":14,"posy":6,"amount":50},{"posx":16,"posy":6,"amount":500},{"posx":18,"posy":7,"amount":200},{"posx":1,"posy":8,"amount":650},{"posx":3,"posy":8,"amount":50},{"posx":4,"posy":8,"amount":100},{"posx":6,"posy":8,"amount":100},{"posx":12,"posy":8,"amount":300}],"changedObstacles":[]},{"players":[{"playerId":2451397,"score":450,"energy":18,"posx":2,"posy":6,"lastAction":5,"status":0},{"playerId":2375363,"score":525,"energy":50,"posx":8,"posy":7,"lastAction":4,"status":0},{"playerId":75082,"score":450,"energy":2,"posx":2,"posy":6,"lastAction":5,"status":0},{"playerId":2287533,"score":325,"energy":15,"posx":2,"posy":6,"lastAction":5,"status":0}],"golds":[{"posx":20,"posy":0,"amount":100},{"posx":0,"posy":1,"amount":150},{"posx":14,"posy":1,"amount":150},{"posx":18,"posy":4,"amount":600},{"posx":17,"posy":5,"amount":300},{"posx":0,"posy":6,"amount":50},{"posx":2,"posy":6,"amount":200},{"posx":14,"posy":6,"amount":50},{"posx":16,"posy":6,"amount":500},{"posx":18,"posy":7,"amount":200},{"posx":1,"posy":8,"amount":650},{"posx":3,"posy":8,"amount":50},{"posx":4,"posy":8,"amount":100},{"posx":6,"posy":8,"amount":100},{"posx":12,"posy":8,"amount":300}],"changedObstacles":[]},{"players":[{"playerId":2451397,"score":500,"energy":13,"posx":2,"posy":6,"lastAction":5,"status":0},{"playerId":2375363,"score":525,"energy":41,"posx":9,"posy":7,"lastAction":1,"status":0},{"playerId":75082,"score":450,"energy":14,"posx":2,"posy":6,"lastAction":4,"status":0},{"playerId":2287533,"score":375,"energy":10,"posx":2,"posy":6,"lastAction":5,"status":0}],"golds":[{"posx":20,"posy":0,"amount":100},{"posx":0,"posy":1,"amount":150},{"posx":14,"posy":1,"amount":150},{"posx":18,"posy":4,"amount":600},{"posx":17,"posy":5,"amount":300},{"posx":0,"posy":6,"amount":50},{"posx":2,"posy":6,"amount":100},{"posx":14,"posy":6,"amount":50},{"posx":16,"posy":6,"amount":500},{"posx":18,"posy":7,"amount":200},{"posx":1,"posy":8,"amount":650},{"posx":3,"posy":8,"amount":50},{"posx":4,"posy":8,"amount":100},{"posx":6,"posy":8,"amount":100},{"posx":12,"posy":8,"amount":300}],"changedObstacles":[]},{"players":[{"playerId":2451397,"score":534,"energy":8,"posx":2,"posy":6,"lastAction":5,"status":0},{"playerId":2375363,"score":525,"energy":40,"posx":10,"posy":7,"lastAction":1,"status":0},{"playerId":75082,"score":484,"energy":9,"posx":2,"posy":6,"lastAction":5,"status":0},{"playerId":2287533,"score":409,"energy":5,"posx":2,"posy":6,"lastAction":5,"status":0}],"golds":[{"posx":20,"posy":0,"amount":100},{"posx":0,"posy":1,"amount":150},{"posx":14,"posy":1,"amount":150},{"posx":18,"posy":4,"amount":600},{"posx":17,"posy":5,"amount":300},{"posx":0,"posy":6,"amount":50},{"posx":14,"posy":6,"amount":50},{"posx":16,"posy":6,"amount":500},{"posx":18,"posy":7,"amount":200},{"posx":1,"posy":8,"amount":650},{"posx":3,"posy":8,"amount":50},{"posx":4,"posy":8,"amount":100},{"posx":6,"posy":8,"amount":100},{"posx":12,"posy":8,"amount":300}],"changedObstacles":[{"type":0,"posx":2,"posy":6,"value":-1}]},{"players":[{"playerId":2451397,"score":534,"energy":20,"posx":2,"posy":6,"lastAction":4,"status":0},{"playerId":2375363,"score":525,"energy":39,"posx":11,"posy":7,"lastAction":1,"status":0},{"playerId":75082,"score":484,"energy":21,"posx":2,"posy":6,"lastAction":4,"status":0},{"playerId":2287533,"score":409,"energy":17,"posx":2,"posy":6,"lastAction":4,"status":0}],"golds":[{"posx":20,"posy":0,"amount":100},{"posx":0,"posy":1,"amount":150},{"posx":14,"posy":1,"amount":150},{"posx":18,"posy":4,"amount":600},{"posx":17,"posy":5,"amount":300},{"posx":0,"posy":6,"amount":50},{"posx":14,"posy":6,"amount":50},{"posx":16,"posy":6,"amount":500},{"posx":18,"posy":7,"amount":200},{"posx":1,"posy":8,"amount":650},{"posx":3,"posy":8,"amount":50},{"posx":4,"posy":8,"amount":100},{"posx":6,"posy":8,"amount":100},{"posx":12,"posy":8,"amount":300}],"changedObstacles":[]},{"players":[{"playerId":2451397,"score":534,"energy":10,"posx":2,"posy":7,"lastAction":3,"status":0},{"playerId":2375363,"score":525,"energy":38,"posx":12,"posy":7,"lastAction":1,"status":0},{"playerId":75082,"score":484,"energy":11,"posx":2,"posy":7,"lastAction":3,"status":0},{"playerId":2287533,"score":409,"energy":33,"posx":2,"posy":6,"lastAction":4,"status":0}],"golds":[{"posx":20,"posy":0,"amount":100},{"posx":0,"posy":1,"amount":150},{"posx":14,"posy":1,"amount":150},{"posx":18,"posy":4,"amount":600},{"posx":17,"posy":5,"amount":300},{"posx":0,"posy":6,"amount":50},{"posx":14,"posy":6,"amount":50},{"posx":16,"posy":6,"amount":500},{"posx":18,"posy":7,"amount":200},{"posx":1,"posy":8,"amount":650},{"posx":3,"posy":8,"amount":50},{"posx":4,"posy":8,"amount":100},{"posx":6,"posy":8,"amount":100},{"posx":12,"posy":8,"amount":300}],"changedObstacles":[{"type":0,"posx":2,"posy":7,"value":-1}]},{"players":[{"playerId":2451397,"score":534,"energy":9,"posx":2,"posy":8,"lastAction":3,"status":0},{"playerId":2375363,"score":525,"energy":34,"posx":12,"posy":8,"lastAction":3,"status":0},{"playerId":75082,"score":484,"energy":10,"posx":2,"posy":8,"lastAction":3,"status":0},{"playerId":2287533,"score":409,"energy":32,"posx":1,"posy":6,"lastAction":0,"status":0}],"golds":[{"posx":20,"posy":0,"amount":100},{"posx":0,"posy":1,"amount":150},{"posx":14,"posy":1,"amount":150},{"posx":18,"posy":4,"amount":600},{"posx":17,"posy":5,"amount":300},{"posx":0,"posy":6,"amount":50},{"posx":14,"posy":6,"amount":50},{"posx":16,"posy":6,"amount":500},{"posx":18,"posy":7,"amount":200},{"posx":1,"posy":8,"amount":650},{"posx":3,"posy":8,"amount":50},{"posx":4,"posy":8,"amount":100},{"posx":6,"posy":8,"amount":100},{"posx":12,"posy":8,"amount":300}],"changedObstacles":[]},{"players":[{"playerId":2451397,"score":534,"energy":5,"posx":1,"posy":8,"lastAction":0,"status":0},{"playerId":2375363,"score":575,"energy":29,"posx":12,"posy":8,"lastAction":5,"status":0},{"playerId":75082,"score":484,"energy":6,"posx":1,"posy":8,"lastAction":0,"status":0},{"playerId":2287533,"score":409,"energy":28,"posx":0,"posy":6,"lastAction":0,"status":0}],"golds":[{"posx":20,"posy":0,"amount":100},{"posx":0,"posy":1,"amount":150},{"posx":14,"posy":1,"amount":150},{"posx":18,"posy":4,"amount":600},{"posx":17,"posy":5,"amount":300},{"posx":0,"posy":6,"amount":50},{"posx":14,"posy":6,"amount":50},{"posx":16,"posy":6,"amount":500},{"posx":18,"posy":7,"amount":200},{"posx":1,"posy":8,"amount":650},{"posx":3,"posy":8,"amount":50},{"posx":4,"posy":8,"amount":100},{"posx":6,"posy":8,"amount":100},{"posx":12,"posy":8,"amount":250}],"changedObstacles":[]},{"players":[{"playerId":2451397,"score":534,"energy":17,"posx":1,"posy":8,"lastAction":4,"status":0},{"playerId":2375363,"score":625,"energy":24,"posx":12,"posy":8,"lastAction":5,"status":0},{"playerId":75082,"score":534,"energy":1,"posx":1,"posy":8,"lastAction":5,"status":0},{"playerId":2287533,"score":459,"energy":23,"posx":0,"posy":6,"lastAction":5,"status":0}],"golds":[{"posx":20,"posy":0,"amount":100},{"posx":0,"posy":1,"amount":150},{"posx":14,"posy":1,"amount":150},{"posx":18,"posy":4,"amount":600},{"posx":17,"posy":5,"amount":300},{"posx":14,"posy":6,"amount":50},{"posx":16,"posy":6,"amount":500},{"posx":18,"posy":7,"amount":200},{"posx":1,"posy":8,"amount":600},{"posx":3,"posy":8,"amount":50},{"posx":4,"posy":8,"amount":100},{"posx":6,"posy":8,"amount":100},{"posx":12,"posy":8,"amount":200}],"changedObstacles":[{"type":0,"posx":0,"posy":6,"value":-1}]},{"players":[{"playerId":2451397,"score":534,"energy":33,"posx":1,"posy":8,"lastAction":4,"status":0},{"playerId":2375363,"score":675,"energy":19,"posx":12,"posy":8,"lastAction":5,"status":0},{"playerId":75082,"score":534,"energy":13,"posx":1,"posy":8,"lastAction":4,"status":0},{"playerId":2287533,"score":459,"energy":18,"posx":0,"posy":7,"lastAction":3,"status":0}],"golds":[{"posx":20,"posy":0,"amount":100},{"posx":0,"posy":1,"amount":150},{"posx":14,"posy":1,"amount":150},{"posx":18,"posy":4,"amount":600},{"posx":17,"posy":5,"amount":300},{"posx":14,"posy":6,"amount":50},{"posx":16,"posy":6,"amount":500},{"posx":18,"posy":7,"amount":200},{"posx":1,"posy":8,"amount":600},{"posx":3,"posy":8,"amount":50},{"posx":4,"posy":8,"amount":100},{"posx":6,"posy":8,"amount":100},{"posx":12,"posy":8,"amount":150}],"changedObstacles":[{"type":3,"posx":0,"posy":7,"value":-20}]},{"players":[{"playerId":2451397,"score":534,"energy":50,"posx":1,"posy":8,"lastAction":4,"status":0},{"playerId":2375363,"score":725,"energy":14,"posx":12,"posy":8,"lastAction":5,"status":0},{"playerId":75082,"score":584,"energy":8,"posx":1,"posy":8,"lastAction":5,"status":0},{"playerId":2287533,"score":459,"energy":30,"posx":0,"posy":7,"lastAction":4,"status":0}],"golds":[{"posx":20,"posy":0,"amount":100},{"posx":0,"posy":1,"amount":150},{"posx":14,"posy":1,"amount":150},{"posx":18,"posy":4,"amount":600},{"posx":17,"posy":5,"amount":300},{"posx":14,"posy":6,"amount":50},{"posx":16,"posy":6,"amount":500},{"posx":18,"posy":7,"amount":200},{"posx":1,"posy":8,"amount":550},{"posx":3,"posy":8,"amount":50},{"posx":4,"posy":8,"amount":100},{"posx":6,"posy":8,"amount":100},{"posx":12,"posy":8,"amount":100}],"changedObstacles":[]},{"players":[{"playerId":2451397,"score":584,"energy":45,"posx":1,"posy":8,"lastAction":5,"status":0},{"playerId":2375363,"score":775,"energy":9,"posx":12,"posy":8,"lastAction":5,"status":0},{"playerId":75082,"score":634,"energy":3,"posx":1,"posy":8,"lastAction":5,"status":0},{"playerId":2287533,"score":459,"energy":20,"posx":1,"posy":7,"lastAction":1,"status":0}],"golds":[{"posx":20,"posy":0,"amount":100},{"posx":0,"posy":1,"amount":150},{"posx":14,"posy":1,"amount":150},{"posx":18,"posy":4,"amount":600},{"posx":17,"posy":5,"amount":300},{"posx":14,"posy":6,"amount":50},{"posx":16,"posy":6,"amount":500},{"posx":18,"posy":7,"amount":200},{"posx":1,"posy":8,"amount":450},{"posx":3,"posy":8,"amount":50},{"posx":4,"posy":8,"amount":100},{"posx":6,"posy":8,"amount":100},{"posx":12,"posy":8,"amount":50}],"changedObstacles":[{"type":0,"posx":1,"posy":7,"value":-1}]},{"players":[{"playerId":2451397,"score":634,"energy":40,"posx":1,"posy":8,"lastAction":5,"status":0},{"playerId":2375363,"score":825,"energy":4,"posx":12,"posy":8,"lastAction":5,"status":0},{"playerId":75082,"score":634,"energy":15,"posx":1,"posy":8,"lastAction":4,"status":0},{"playerId":2287533,"score":459,"energy":32,"posx":1,"posy":7,"lastAction":4,"status":0}],"golds":[{"posx":20,"posy":0,"amount":100},{"posx":0,"posy":1,"amount":150},{"posx":14,"posy":1,"amount":150},{"posx":18,"posy":4,"amount":600},{"posx":17,"posy":5,"amount":300},{"posx":14,"posy":6,"amount":50},{"posx":16,"posy":6,"amount":500},{"posx":18,"posy":7,"amount":200},{"posx":1,"posy":8,"amount":400},{"posx":3,"posy":8,"amount":50},{"posx":4,"posy":8,"amount":100},{"posx":6,"posy":8,"amount":100}],"changedObstacles":[{"type":0,"posx":12,"posy":8,"value":-1}]},{"players":[{"playerId":2451397,"score":684,"energy":35,"posx":1,"posy":8,"lastAction":5,"status":0},{"playerId":2375363,"score":825,"energy":16,"posx":12,"posy":8,"lastAction":4,"status":0},{"playerId":75082,"score":684,"energy":10,"posx":1,"posy":8,"lastAction":5,"status":0},{"playerId":2287533,"score":459,"energy":28,"posx":1,"posy":8,"lastAction":3,"status":0}],"golds":[{"posx":20,"posy":0,"amount":100},{"posx":0,"posy":1,"amount":150},{"posx":14,"posy":1,"amount":150},{"posx":18,"posy":4,"amount":600},{"posx":17,"posy":5,"amount":300},{"posx":14,"posy":6,"amount":50},{"posx":16,"posy":6,"amount":500},{"posx":18,"posy":7,"amount":200},{"posx":1,"posy":8,"amount":300},{"posx":3,"posy":8,"amount":50},{"posx":4,"posy":8,"amount":100},{"posx":6,"posy":8,"amount":100}],"changedObstacles":[]},{"players":[{"playerId":2451397,"score":734,"energy":30,"posx":1,"posy":8,"lastAction":5,"status":0},{"playerId":2375363,"score":825,"energy":32,"posx":12,"posy":8,"lastAction":4,"status":0},{"playerId":75082,"score":734,"energy":5,"posx":1,"posy":8,"lastAction":5,"status":0},{"playerId":2287533,"score":509,"energy":23,"posx":1,"posy":8,"lastAction":5,"status":0}],"golds":[{"posx":20,"posy":0,"amount":100},{"posx":0,"posy":1,"amount":150},{"posx":14,"posy":1,"amount":150},{"posx":18,"posy":4,"amount":600},{"posx":17,"posy":5,"amount":300},{"posx":14,"posy":6,"amount":50},{"posx":16,"posy":6,"amount":500},{"posx":18,"posy":7,"amount":200},{"posx":1,"posy":8,"amount":150},{"posx":3,"posy":8,"amount":50},{"posx":4,"posy":8,"amount":100},{"posx":6,"posy":8,"amount":100}],"changedObstacles":[]},{"players":[{"playerId":2451397,"score":784,"energy":25,"posx":1,"posy":8,"lastAction":5,"status":0},{"playerId":2375363,"score":825,"energy":22,"posx":13,"posy":8,"lastAction":1,"status":0},{"playerId":75082,"score":734,"energy":17,"posx":1,"posy":8,"lastAction":4,"status":0},{"playerId":2287533,"score":559,"energy":18,"posx":1,"posy":8,"lastAction":5,"status":0}],"golds":[{"posx":20,"posy":0,"amount":100},{"posx":0,"posy":1,"amount":150},{"posx":14,"posy":1,"amount":150},{"posx":18,"posy":4,"amount":600},{"posx":17,"posy":5,"amount":300},{"posx":14,"posy":6,"amount":50},{"posx":16,"posy":6,"amount":500},{"posx":18,"posy":7,"amount":200},{"posx":1,"posy":8,"amount":50},{"posx":3,"posy":8,"amount":50},{"posx":4,"posy":8,"amount":100},{"posx":6,"posy":8,"amount":100}],"changedObstacles":[{"type":0,"posx":13,"posy":8,"value":-1}]},{"players":[{"playerId":2451397,"score":801,"energy":20,"posx":1,"posy":8,"lastAction":5,"status":0},{"playerId":2375363,"score":825,"energy":12,"posx":14,"posy":8,"lastAction":1,"status":0},{"playerId":75082,"score":751,"energy":12,"posx":1,"posy":8,"lastAction":5,"status":0},{"playerId":2287533,"score":576,"energy":13,"posx":1,"posy":8,"lastAction":5,"status":0}],"golds":[{"posx":20,"posy":0,"amount":100},{"posx":0,"posy":1,"amount":150},{"posx":14,"posy":1,"amount":150},{"posx":18,"posy":4,"amount":600},{"posx":17,"posy":5,"amount":300},{"posx":14,"posy":6,"amount":50},{"posx":16,"posy":6,"amount":500},{"posx":18,"posy":7,"amount":200},{"posx":3,"posy":8,"amount":50},{"posx":4,"posy":8,"amount":100},{"posx":6,"posy":8,"amount":100}],"changedObstacles":[{"type":0,"posx":14,"posy":8,"value":-1},{"type":0,"posx":1,"posy":8,"value":-1}]},{"players":[{"playerId":2451397,"score":801,"energy":19,"posx":2,"posy":8,"lastAction":1,"status":0},{"playerId":2375363,"score":825,"energy":24,"posx":14,"posy":8,"lastAction":4,"status":0},{"playerId":75082,"score":751,"energy":24,"posx":1,"posy":8,"lastAction":4,"status":0},{"playerId":2287533,"score":576,"energy":25,"posx":1,"posy":8,"lastAction":4,"status":0}],"golds":[{"posx":20,"posy":0,"amount":100},{"posx":0,"posy":1,"amount":150},{"posx":14,"posy":1,"amount":150},{"posx":18,"posy":4,"amount":600},{"posx":17,"posy":5,"amount":300},{"posx":14,"posy":6,"amount":50},{"posx":16,"posy":6,"amount":500},{"posx":18,"posy":7,"amount":200},{"posx":3,"posy":8,"amount":50},{"posx":4,"posy":8,"amount":100},{"posx":6,"posy":8,"amount":100}],"changedObstacles":[]},{"players":[{"playerId":2451397,"score":801,"energy":15,"posx":3,"posy":8,"lastAction":1,"status":0},{"playerId":2375363,"score":825,"energy":40,"posx":14,"posy":8,"lastAction":4,"status":0},{"playerId":75082,"score":751,"energy":23,"posx":2,"posy":8,"lastAction":1,"status":0},{"playerId":2287533,"score":576,"energy":24,"posx":2,"posy":8,"lastAction":1,"status":0}],"golds":[{"posx":20,"posy":0,"amount":100},{"posx":0,"posy":1,"amount":150},{"posx":14,"posy":1,"amount":150},{"posx":18,"posy":4,"amount":600},{"posx":17,"posy":5,"amount":300},{"posx":14,"posy":6,"amount":50},{"posx":16,"posy":6,"amount":500},{"posx":18,"posy":7,"amount":200},{"posx":3,"posy":8,"amount":50},{"posx":4,"posy":8,"amount":100},{"posx":6,"posy":8,"amount":100}],"changedObstacles":[]},{"players":[{"playerId":2451397,"score":851,"energy":10,"posx":3,"posy":8,"lastAction":5,"status":0},{"playerId":2375363,"score":825,"energy":50,"posx":14,"posy":8,"lastAction":4,"status":0},{"playerId":75082,"score":751,"energy":19,"posx":3,"posy":8,"lastAction":1,"status":0},{"playerId":2287533,"score":576,"energy":20,"posx":3,"posy":8,"lastAction":1,"status":0}],"golds":[{"posx":20,"posy":0,"amount":100},{"posx":0,"posy":1,"amount":150},{"posx":14,"posy":1,"amount":150},{"posx":18,"posy":4,"amount":600},{"posx":17,"posy":5,"amount":300},{"posx":14,"posy":6,"amount":50},{"posx":16,"posy":6,"amount":500},{"posx":18,"posy":7,"amount":200},{"posx":4,"posy":8,"amount":100},{"posx":6,"posy":8,"amount":100}],"changedObstacles":[{"type":0,"posx":3,"posy":8,"value":-1}]},{"players":[{"playerId":2451397,"score":851,"energy":6,"posx":4,"posy":8,"lastAction":1,"status":0},{"playerId":2375363,"score":825,"energy":49,"posx":14,"posy":7,"lastAction":2,"status":0},{"playerId":75082,"score":751,"energy":31,"posx":3,"posy":8,"lastAction":4,"status":0},{"playerId":2287533,"score":576,"energy":32,"posx":3,"posy":8,"lastAction":4,"status":0}],"golds":[{"posx":20,"posy":0,"amount":100},{"posx":0,"posy":1,"amount":150},{"posx":14,"posy":1,"amount":150},{"posx":18,"posy":4,"amount":600},{"posx":17,"posy":5,"amount":300},{"posx":14,"posy":6,"amount":50},{"posx":16,"posy":6,"amount":500},{"posx":18,"posy":7,"amount":200},{"posx":4,"posy":8,"amount":100},{"posx":6,"posy":8,"amount":100}],"changedObstacles":[]},{"players":[{"playerId":2451397,"score":901,"energy":1,"posx":4,"posy":8,"lastAction":5,"status":0},{"playerId":2375363,"score":825,"energy":45,"posx":14,"posy":6,"lastAction":2,"status":0},{"playerId":75082,"score":751,"energy":27,"posx":4,"posy":8,"lastAction":1,"status":0},{"playerId":2287533,"score":576,"energy":28,"posx":4,"posy":8,"lastAction":1,"status":0}],"golds":[{"posx":20,"posy":0,"amount":100},{"posx":0,"posy":1,"amount":150},{"posx":14,"posy":1,"amount":150},{"posx":18,"posy":4,"amount":600},{"posx":17,"posy":5,"amount":300},{"posx":14,"posy":6,"amount":50},{"posx":16,"posy":6,"amount":500},{"posx":18,"posy":7,"amount":200},{"posx":4,"posy":8,"amount":50},{"posx":6,"posy":8,"amount":100}],"changedObstacles":[]},{"players":[{"playerId":2451397,"score":901,"energy":13,"posx":4,"posy":8,"lastAction":4,"status":0},{"playerId":2375363,"score":875,"energy":40,"posx":14,"posy":6,"lastAction":5,"status":0},{"playerId":75082,"score":776,"energy":22,"posx":4,"posy":8,"lastAction":5,"status":0},{"playerId":2287533,"score":601,"energy":23,"posx":4,"posy":8,"lastAction":5,"status":0}],"golds":[{"posx":20,"posy":0,"amount":100},{"posx":0,"posy":1,"amount":150},{"posx":14,"posy":1,"amount":150},{"posx":18,"posy":4,"amount":600},{"posx":17,"posy":5,"amount":300},{"posx":16,"posy":6,"amount":500},{"posx":18,"posy":7,"amount":200},{"posx":6,"posy":8,"amount":100}],"changedObstacles":[{"type":0,"posx":14,"posy":6,"value":-1},{"type":0,"posx":4,"posy":8,"value":-1}]},{"players":[{"playerId":2451397,"score":901,"energy":12,"posx":5,"posy":8,"lastAction":1,"status":0},{"playerId":2375363,"score":875,"energy":35,"posx":15,"posy":6,"lastAction":1,"status":0},{"playerId":75082,"score":776,"energy":21,"posx":5,"posy":8,"lastAction":1,"status":0},{"playerId":2287533,"score":601,"energy":22,"posx":5,"posy":8,"lastAction":1,"status":0}],"golds":[{"posx":20,"posy":0,"amount":100},{"posx":0,"posy":1,"amount":150},{"posx":14,"posy":1,"amount":150},{"posx":18,"posy":4,"amount":600},{"posx":17,"posy":5,"amount":300},{"posx":16,"posy":6,"amount":500},{"posx":18,"posy":7,"amount":200},{"posx":6,"posy":8,"amount":100}],"changedObstacles":[{"type":3,"posx":15,"posy":6,"value":-20}]},{"players":[{"playerId":2451397,"score":901,"energy":8,"posx":6,"posy":8,"lastAction":1,"status":0},{"playerId":2375363,"score":875,"energy":47,"posx":15,"posy":6,"lastAction":4,"status":0},{"playerId":75082,"score":776,"energy":17,"posx":6,"posy":8,"lastAction":1,"status":0},{"playerId":2287533,"score":601,"energy":18,"posx":6,"posy":8,"lastAction":1,"status":0}],"golds":[{"posx":20,"posy":0,"amount":100},{"posx":0,"posy":1,"amount":150},{"posx":14,"posy":1,"amount":150},{"posx":18,"posy":4,"amount":600},{"posx":17,"posy":5,"amount":300},{"posx":16,"posy":6,"amount":500},{"posx":18,"posy":7,"amount":200},{"posx":6,"posy":8,"amount":100}],"changedObstacles":[]},{"players":[{"playerId":2451397,"score":935,"energy":3,"posx":6,"posy":8,"lastAction":5,"status":0},{"playerId":2375363,"score":875,"energy":43,"posx":16,"posy":6,"lastAction":1,"status":0},{"playerId":75082,"score":810,"energy":12,"posx":6,"posy":8,"lastAction":5,"status":0},{"playerId":2287533,"score":635,"energy":13,"posx":6,"posy":8,"lastAction":5,"status":0}],"golds":[{"posx":20,"posy":0,"amount":100},{"posx":0,"posy":1,"amount":150},{"posx":14,"posy":1,"amount":150},{"posx":18,"posy":4,"amount":600},{"posx":17,"posy":5,"amount":300},{"posx":16,"posy":6,"amount":500},{"posx":18,"posy":7,"amount":200}],"changedObstacles":[{"type":0,"posx":6,"posy":8,"value":-1}]},{"players":[{"playerId":2451397,"score":935,"energy":2,"posx":7,"posy":8,"lastAction":1,"status":0},{"playerId":2375363,"score":925,"energy":38,"posx":16,"posy":6,"lastAction":5,"status":0},{"playerId":75082,"score":810,"energy":11,"posx":7,"posy":8,"lastAction":1,"status":0},{"playerId":2287533,"score":635,"energy":25,"posx":6,"posy":8,"lastAction":4,"status":0}],"golds":[{"posx":20,"posy":0,"amount":100},{"posx":0,"posy":1,"amount":150},{"posx":14,"posy":1,"amount":150},{"posx":18,"posy":4,"amount":600},{"posx":17,"posy":5,"amount":300},{"posx":16,"posy":6,"amount":450},{"posx":18,"posy":7,"amount":200}],"changedObstacles":[]},{"players":[{"playerId":2451397,"score":935,"energy":1,"posx":7,"posy":7,"lastAction":2,"status":0},{"playerId":2375363,"score":975,"energy":33,"posx":16,"posy":6,"lastAction":5,"status":0},{"playerId":75082,"score":810,"energy":10,"posx":8,"posy":8,"lastAction":1,"status":0},{"playerId":2287533,"score":635,"energy":41,"posx":6,"posy":8,"lastAction":4,"status":0}],"golds":[{"posx":20,"posy":0,"amount":100},{"posx":0,"posy":1,"amount":150},{"posx":14,"posy":1,"amount":150},{"posx":18,"posy":4,"amount":600},{"posx":17,"posy":5,"amount":300},{"posx":16,"posy":6,"amount":400},{"posx":18,"posy":7,"amount":200}],"changedObstacles":[]},{"players":[{"playerId":2451397,"score":935,"energy":13,"posx":7,"posy":7,"lastAction":4,"status":0},{"playerId":2375363,"score":1025,"energy":28,"posx":16,"posy":6,"lastAction":5,"status":0},{"playerId":75082,"score":810,"energy":22,"posx":8,"posy":8,"lastAction":4,"status":0},{"playerId":2287533,"score":635,"energy":40,"posx":7,"posy":8,"lastAction":1,"status":0}],"golds":[{"posx":20,"posy":0,"amount":100},{"posx":0,"posy":1,"amount":150},{"posx":14,"posy":1,"amount":150},{"posx":18,"posy":4,"amount":600},{"posx":17,"posy":5,"amount":300},{"posx":16,"posy":6,"amount":350},{"posx":18,"posy":7,"amount":200}],"changedObstacles":[]},{"players":[{"playerId":2451397,"score":935,"energy":12,"posx":8,"posy":7,"lastAction":1,"status":0},{"playerId":2375363,"score":1075,"energy":23,"posx":16,"posy":6,"lastAction":5,"status":0},{"playerId":75082,"score":810,"energy":16,"posx":9,"posy":8,"lastAction":1,"status":0},{"playerId":2287533,"score":635,"energy":39,"posx":8,"posy":8,"lastAction":1,"status":0}],"golds":[{"posx":20,"posy":0,"amount":100},{"posx":0,"posy":1,"amount":150},{"posx":14,"posy":1,"amount":150},{"posx":18,"posy":4,"amount":600},{"posx":17,"posy":5,"amount":300},{"posx":16,"posy":6,"amount":300},{"posx":18,"posy":7,"amount":200}],"changedObstacles":[]},{"players":[{"playerId":2451397,"score":935,"energy":11,"posx":8,"posy":6,"lastAction":2,"status":0},{"playerId":2375363,"score":1125,"energy":18,"posx":16,"posy":6,"lastAction":5,"status":0},{"playerId":75082,"score":810,"energy":15,"posx":10,"posy":8,"lastAction":1,"status":0},{"playerId":2287533,"score":635,"energy":20,"posx":9,"posy":8,"lastAction":1,"status":0}],"golds":[{"posx":20,"posy":0,"amount":100},{"posx":0,"posy":1,"amount":150},{"posx":14,"posy":1,"amount":150},{"posx":18,"posy":4,"amount":600},{"posx":17,"posy":5,"amount":300},{"posx":16,"posy":6,"amount":250},{"posx":18,"posy":7,"amount":200}],"changedObstacles":[]},{"players":[{"playerId":2451397,"score":935,"energy":10,"posx":9,"posy":6,"lastAction":1,"status":0},{"playerId":2375363,"score":1175,"energy":13,"posx":16,"posy":6,"lastAction":5,"status":0},{"playerId":75082,"score":810,"energy":10,"posx":11,"posy":8,"lastAction":1,"status":0},{"playerId":2287533,"score":635,"energy":32,"posx":9,"posy":8,"lastAction":4,"status":0}],"golds":[{"posx":20,"posy":0,"amount":100},{"posx":0,"posy":1,"amount":150},{"posx":14,"posy":1,"amount":150},{"posx":18,"posy":4,"amount":600},{"posx":17,"posy":5,"amount":300},{"posx":16,"posy":6,"amount":200},{"posx":18,"posy":7,"amount":200}],"changedObstacles":[{"type":3,"posx":11,"posy":8,"value":-20}]},{"players":[{"playerId":2451397,"score":935,"energy":9,"posx":10,"posy":6,"lastAction":1,"status":0},{"playerId":2375363,"score":1225,"energy":8,"posx":16,"posy":6,"lastAction":5,"status":0},{"playerId":75082,"score":810,"energy":9,"posx":12,"posy":8,"lastAction":1,"status":0},{"playerId":2287533,"score":635,"energy":31,"posx":10,"posy":8,"lastAction":1,"status":0}],"golds":[{"posx":20,"posy":0,"amount":100},{"posx":0,"posy":1,"amount":150},{"posx":14,"posy":1,"amount":150},{"posx":18,"posy":4,"amount":600},{"posx":17,"posy":5,"amount":300},{"posx":16,"posy":6,"amount":150},{"posx":18,"posy":7,"amount":200}],"changedObstacles":[]},{"players":[{"playerId":2451397,"score":935,"energy":8,"posx":10,"posy":5,"lastAction":2,"status":0},{"playerId":2375363,"score":1275,"energy":3,"posx":16,"posy":6,"lastAction":5,"status":0},{"playerId":75082,"score":810,"energy":8,"posx":13,"posy":8,"lastAction":1,"status":0},{"playerId":2287533,"score":635,"energy":11,"posx":11,"posy":8,"lastAction":1,"status":0}],"golds":[{"posx":20,"posy":0,"amount":100},{"posx":0,"posy":1,"amount":150},{"posx":14,"posy":1,"amount":150},{"posx":18,"posy":4,"amount":600},{"posx":17,"posy":5,"amount":300},{"posx":16,"posy":6,"amount":100},{"posx":18,"posy":7,"amount":200}],"changedObstacles":[{"type":3,"posx":11,"posy":8,"value":-40}]},{"players":[{"playerId":2451397,"score":935,"energy":7,"posx":10,"posy":4,"lastAction":2,"status":0},{"playerId":2375363,"score":1275,"energy":15,"posx":16,"posy":6,"lastAction":4,"status":0},{"playerId":75082,"score":810,"energy":7,"posx":14,"posy":8,"lastAction":1,"status":0},{"playerId":2287533,"score":635,"energy":23,"posx":11,"posy":8,"lastAction":4,"status":0}],"golds":[{"posx":20,"posy":0,"amount":100},{"posx":0,"posy":1,"amount":150},{"posx":14,"posy":1,"amount":150},{"posx":18,"posy":4,"amount":600},{"posx":17,"posy":5,"amount":300},{"posx":16,"posy":6,"amount":100},{"posx":18,"posy":7,"amount":200}],"changedObstacles":[]},{"players":[{"playerId":2451397,"score":935,"energy":6,"posx":11,"posy":4,"lastAction":1,"status":0},{"playerId":2375363,"score":1325,"energy":10,"posx":16,"posy":6,"lastAction":5,"status":0},{"playerId":75082,"score":810,"energy":19,"posx":14,"posy":8,"lastAction":4,"status":0},{"playerId":2287533,"score":635,"energy":22,"posx":12,"posy":8,"lastAction":1,"status":0}],"golds":[{"posx":20,"posy":0,"amount":100},{"posx":0,"posy":1,"amount":150},{"posx":14,"posy":1,"amount":150},{"posx":18,"posy":4,"amount":600},{"posx":17,"posy":5,"amount":300},{"posx":16,"posy":6,"amount":50},{"posx":18,"posy":7,"amount":200}],"changedObstacles":[]},{"players":[{"playerId":2451397,"score":935,"energy":5,"posx":12,"posy":4,"lastAction":1,"status":0},{"playerId":2375363,"score":1375,"energy":5,"posx":16,"posy":6,"lastAction":5,"status":0},{"playerId":75082,"score":810,"energy":18,"posx":15,"posy":8,"lastAction":1,"status":0},{"playerId":2287533,"score":635,"energy":34,"posx":12,"posy":8,"lastAction":4,"status":0}],"golds":[{"posx":20,"posy":0,"amount":100},{"posx":0,"posy":1,"amount":150},{"posx":14,"posy":1,"amount":150},{"posx":18,"posy":4,"amount":600},{"posx":17,"posy":5,"amount":300},{"posx":18,"posy":7,"amount":200}],"changedObstacles":[{"type":0,"posx":16,"posy":6,"value":-1}]},{"players":[{"playerId":2451397,"score":935,"energy":4,"posx":13,"posy":4,"lastAction":1,"status":0},{"playerId":2375363,"score":1375,"energy":17,"posx":16,"posy":6,"lastAction":4,"status":0},{"playerId":75082,"score":810,"energy":17,"posx":16,"posy":8,"lastAction":1,"status":0},{"playerId":2287533,"score":635,"energy":33,"posx":13,"posy":8,"lastAction":1,"status":0}],"golds":[{"posx":20,"posy":0,"amount":100},{"posx":0,"posy":1,"amount":150},{"posx":14,"posy":1,"amount":150},{"posx":18,"posy":4,"amount":600},{"posx":17,"posy":5,"amount":300},{"posx":18,"posy":7,"amount":200}],"changedObstacles":[]},{"players":[{"playerId":2451397,"score":935,"energy":16,"posx":13,"posy":4,"lastAction":4,"status":0},{"playerId":2375363,"score":1375,"energy":16,"posx":16,"posy":5,"lastAction":2,"status":0},{"playerId":75082,"score":810,"energy":29,"posx":16,"posy":8,"lastAction":4,"status":0},{"playerId":2287533,"score":635,"energy":32,"posx":14,"posy":8,"lastAction":1,"status":0}],"golds":[{"posx":20,"posy":0,"amount":100},{"posx":0,"posy":1,"amount":150},{"posx":14,"posy":1,"amount":150},{"posx":18,"posy":4,"amount":600},{"posx":17,"posy":5,"amount":300},{"posx":18,"posy":7,"amount":200}],"changedObstacles":[]},{"players":[{"playerId":2451397,"score":935,"energy":32,"posx":13,"posy":4,"lastAction":4,"status":0},{"playerId":2375363,"score":1375,"energy":12,"posx":17,"posy":5,"lastAction":1,"status":0},{"playerId":75082,"score":810,"energy":28,"posx":17,"posy":8,"lastAction":1,"status":0},{"playerId":2287533,"score":635,"energy":31,"posx":15,"posy":8,"lastAction":1,"status":0}],"golds":[{"posx":20,"posy":0,"amount":100},{"posx":0,"posy":1,"amount":150},{"posx":14,"posy":1,"amount":150},{"posx":18,"posy":4,"amount":600},{"posx":17,"posy":5,"amount":300},{"posx":18,"posy":7,"amount":200}],"changedObstacles":[]},{"players":[{"playerId":2451397,"score":935,"energy":18,"posx":14,"posy":4,"lastAction":1,"status":0},{"playerId":2375363,"score":1425,"energy":7,"posx":17,"posy":5,"lastAction":5,"status":0},{"playerId":75082,"score":810,"energy":18,"posx":18,"posy":8,"lastAction":1,"status":0},{"playerId":2287533,"score":635,"energy":30,"posx":16,"posy":8,"lastAction":1,"status":0}],"golds":[{"posx":20,"posy":0,"amount":100},{"posx":0,"posy":1,"amount":150},{"posx":14,"posy":1,"amount":150},{"posx":18,"posy":4,"amount":600},{"posx":17,"posy":5,"amount":250},{"posx":18,"posy":7,"amount":200}],"changedObstacles":[{"type":0,"posx":18,"posy":8,"value":-1}]},{"players":[{"playerId":2451397,"score":935,"energy":17,"posx":15,"posy":4,"lastAction":1,"status":0},{"playerId":2375363,"score":1475,"energy":2,"posx":17,"posy":5,"lastAction":5,"status":0},{"playerId":75082,"score":810,"energy":17,"posx":17,"posy":8,"lastAction":0,"status":0},{"playerId":2287533,"score":635,"energy":29,"posx":17,"posy":8,"lastAction":1,"status":0}],"golds":[{"posx":20,"posy":0,"amount":100},{"posx":0,"posy":1,"amount":150},{"posx":14,"posy":1,"amount":150},{"posx":18,"posy":4,"amount":600},{"posx":17,"posy":5,"amount":200},{"posx":18,"posy":7,"amount":200}],"changedObstacles":[]},{"players":[{"playerId":2451397,"score":935,"energy":29,"posx":15,"posy":4,"lastAction":4,"status":0},{"playerId":2375363,"score":1475,"energy":14,"posx":17,"posy":5,"lastAction":4,"status":0},{"playerId":75082,"score":810,"energy":16,"posx":17,"posy":7,"lastAction":2,"status":0},{"playerId":2287533,"score":635,"energy":28,"posx":18,"posy":8,"lastAction":1,"status":0}],"golds":[{"posx":20,"posy":0,"amount":100},{"posx":0,"posy":1,"amount":150},{"posx":14,"posy":1,"amount":150},{"posx":18,"posy":4,"amount":600},{"posx":17,"posy":5,"amount":200},{"posx":18,"posy":7,"amount":200}],"changedObstacles":[]},{"players":[{"playerId":2451397,"score":935,"energy":17,"posx":16,"posy":4,"lastAction":1,"status":0},{"playerId":2375363,"score":1475,"energy":30,"posx":17,"posy":5,"lastAction":4,"status":0},{"playerId":75082,"score":810,"energy":12,"posx":18,"posy":7,"lastAction":1,"status":0},{"playerId":2287533,"score":635,"energy":24,"posx":18,"posy":7,"lastAction":2,"status":0}],"golds":[{"posx":20,"posy":0,"amount":100},{"posx":0,"posy":1,"amount":150},{"posx":14,"posy":1,"amount":150},{"posx":18,"posy":4,"amount":600},{"posx":17,"posy":5,"amount":200},{"posx":18,"posy":7,"amount":200}],"changedObstacles":[]},{"players":[{"playerId":2451397,"score":935,"energy":29,"posx":16,"posy":4,"lastAction":4,"status":0},{"playerId":2375363,"score":1475,"energy":50,"posx":17,"posy":5,"lastAction":4,"status":0},{"playerId":75082,"score":860,"energy":7,"posx":18,"posy":7,"lastAction":5,"status":0},{"playerId":2287533,"score":685,"energy":19,"posx":18,"posy":7,"lastAction":5,"status":0}],"golds":[{"posx":20,"posy":0,"amount":100},{"posx":0,"posy":1,"amount":150},{"posx":14,"posy":1,"amount":150},{"posx":18,"posy":4,"amount":600},{"posx":17,"posy":5,"amount":200},{"posx":18,"posy":7,"amount":100}],"changedObstacles":[]},{"players":[{"playerId":2451397,"score":935,"energy":24,"posx":17,"posy":4,"lastAction":1,"status":0},{"playerId":2375363,"score":1525,"energy":45,"posx":17,"posy":5,"lastAction":5,"status":0},{"playerId":75082,"score":910,"energy":2,"posx":18,"posy":7,"lastAction":5,"status":0},{"playerId":2287533,"score":735,"energy":14,"posx":18,"posy":7,"lastAction":5,"status":0}],"golds":[{"posx":20,"posy":0,"amount":100},{"posx":0,"posy":1,"amount":150},{"posx":14,"posy":1,"amount":150},{"posx":18,"posy":4,"amount":600},{"posx":17,"posy":5,"amount":150}],"changedObstacles":[{"type":0,"posx":18,"posy":7,"value":-1}]},{"players":[{"playerId":2451397,"score":935,"energy":20,"posx":18,"posy":4,"lastAction":1,"status":0},{"playerId":2375363,"score":1575,"energy":40,"posx":17,"posy":5,"lastAction":5,"status":0},{"playerId":75082,"score":910,"energy":1,"posx":18,"posy":6,"lastAction":2,"status":0},{"playerId":2287533,"score":735,"energy":26,"posx":18,"posy":7,"lastAction":4,"status":0}],"golds":[{"posx":20,"posy":0,"amount":100},{"posx":0,"posy":1,"amount":150},{"posx":14,"posy":1,"amount":150},{"posx":18,"posy":4,"amount":600},{"posx":17,"posy":5,"amount":100}],"changedObstacles":[]},{"players":[{"playerId":2451397,"score":985,"energy":15,"posx":18,"posy":4,"lastAction":5,"status":0},{"playerId":2375363,"score":1625,"energy":35,"posx":17,"posy":5,"lastAction":5,"status":0},{"playerId":75082,"score":910,"energy":13,"posx":18,"posy":6,"lastAction":4,"status":0},{"playerId":2287533,"score":735,"energy":25,"posx":18,"posy":6,"lastAction":2,"status":0}],"golds":[{"posx":20,"posy":0,"amount":100},{"posx":0,"posy":1,"amount":150},{"posx":14,"posy":1,"amount":150},{"posx":18,"posy":4,"amount":550},{"posx":17,"posy":5,"amount":50}],"changedObstacles":[]},{"players":[{"playerId":2451397,"score":1035,"energy":10,"posx":18,"posy":4,"lastAction":5,"status":0},{"playerId":2375363,"score":1675,"energy":30,"posx":17,"posy":5,"lastAction":5,"status":0},{"playerId":75082,"score":910,"energy":12,"posx":17,"posy":6,"lastAction":0,"status":0},{"playerId":2287533,"score":735,"energy":24,"posx":17,"posy":6,"lastAction":0,"status":0}],"golds":[{"posx":20,"posy":0,"amount":100},{"posx":0,"posy":1,"amount":150},{"posx":14,"posy":1,"amount":150},{"posx":18,"posy":4,"amount":500}],"changedObstacles":[{"type":0,"posx":17,"posy":5,"value":-1}]},{"players":[{"playerId":2451397,"score":1085,"energy":5,"posx":18,"posy":4,"lastAction":5,"status":0},{"playerId":2375363,"score":1675,"energy":42,"posx":17,"posy":5,"lastAction":4,"status":0},{"playerId":75082,"score":910,"energy":11,"posx":17,"posy":5,"lastAction":2,"status":0},{"playerId":2287533,"score":735,"energy":23,"posx":18,"posy":6,"lastAction":1,"status":0}],"golds":[{"posx":20,"posy":0,"amount":100},{"posx":0,"posy":1,"amount":150},{"posx":14,"posy":1,"amount":150},{"posx":18,"posy":4,"amount":450}],"changedObstacles":[]},{"players":[{"playerId":2451397,"score":1085,"energy":17,"posx":18,"posy":4,"lastAction":4,"status":0},{"playerId":2375363,"score":1675,"energy":26,"posx":18,"posy":5,"lastAction":1,"status":0},{"playerId":75082,"score":910,"energy":10,"posx":16,"posy":5,"lastAction":0,"status":0},{"playerId":2287533,"score":735,"energy":17,"posx":18,"posy":5,"lastAction":2,"status":0}],"golds":[{"posx":20,"posy":0,"amount":100},{"posx":0,"posy":1,"amount":150},{"posx":14,"posy":1,"amount":150},{"posx":18,"posy":4,"amount":450}],"changedObstacles":[]},{"players":[{"playerId":2451397,"score":1085,"energy":33,"posx":18,"posy":4,"lastAction":4,"status":0},{"playerId":2375363,"score":1675,"energy":22,"posx":18,"posy":4,"lastAction":2,"status":0},{"playerId":75082,"score":910,"energy":22,"posx":16,"posy":5,"lastAction":4,"status":0},{"playerId":2287533,"score":735,"energy":29,"posx":18,"posy":5,"lastAction":4,"status":0}],"golds":[{"posx":20,"posy":0,"amount":100},{"posx":0,"posy":1,"amount":150},{"posx":14,"posy":1,"amount":150},{"posx":18,"posy":4,"amount":450}],"changedObstacles":[]},{"players":[{"playerId":2451397,"score":1085,"energy":50,"posx":18,"posy":4,"lastAction":4,"status":0},{"playerId":2375363,"score":1725,"energy":17,"posx":18,"posy":4,"lastAction":5,"status":0},{"playerId":75082,"score":910,"energy":12,"posx":16,"posy":4,"lastAction":2,"status":0},{"playerId":2287533,"score":735,"energy":25,"posx":18,"posy":4,"lastAction":2,"status":0}],"golds":[{"posx":20,"posy":0,"amount":100},{"posx":0,"posy":1,"amount":150},{"posx":14,"posy":1,"amount":150},{"posx":18,"posy":4,"amount":400}],"changedObstacles":[]},{"players":[{"playerId":2451397,"score":1135,"energy":45,"posx":18,"posy":4,"lastAction":5,"status":0},{"playerId":2375363,"score":1775,"energy":12,"posx":18,"posy":4,"lastAction":5,"status":0},{"playerId":75082,"score":910,"energy":7,"posx":16,"posy":3,"lastAction":2,"status":0},{"playerId":2287533,"score":785,"energy":20,"posx":18,"posy":4,"lastAction":5,"status":0}],"golds":[{"posx":20,"posy":0,"amount":100},{"posx":0,"posy":1,"amount":150},{"posx":14,"posy":1,"amount":150},{"posx":18,"posy":4,"amount":250}],"changedObstacles":[{"type":3,"posx":16,"posy":3,"value":-20}]},{"players":[{"playerId":2451397,"score":1185,"energy":40,"posx":18,"posy":4,"lastAction":5,"status":0},{"playerId":2375363,"score":1825,"energy":7,"posx":18,"posy":4,"lastAction":5,"status":0},{"playerId":75082,"score":910,"energy":19,"posx":16,"posy":3,"lastAction":4,"status":0},{"playerId":2287533,"score":835,"energy":15,"posx":18,"posy":4,"lastAction":5,"status":0}],"golds":[{"posx":20,"posy":0,"amount":100},{"posx":0,"posy":1,"amount":150},{"posx":14,"posy":1,"amount":150},{"posx":18,"posy":4,"amount":100}],"changedObstacles":[]},{"players":[{"playerId":2451397,"score":1219,"energy":35,"posx":18,"posy":4,"lastAction":5,"status":0},{"playerId":2375363,"score":1859,"energy":2,"posx":18,"posy":4,"lastAction":5,"status":0},{"playerId":75082,"score":910,"energy":35,"posx":16,"posy":3,"lastAction":4,"status":0},{"playerId":2287533,"score":869,"energy":10,"posx":18,"posy":4,"lastAction":5,"status":0}],"golds":[{"posx":20,"posy":0,"amount":100},{"posx":0,"posy":1,"amount":150},{"posx":14,"posy":1,"amount":150}],"changedObstacles":[{"type":0,"posx":18,"posy":4,"value":-1}]},{"players":[{"playerId":2451397,"score":1219,"energy":34,"posx":18,"posy":3,"lastAction":2,"status":0},{"playerId":2375363,"score":1859,"energy":14,"posx":18,"posy":4,"lastAction":4,"status":0},{"playerId":75082,"score":910,"energy":15,"posx":16,"posy":2,"lastAction":2,"status":0},{"playerId":2287533,"score":869,"energy":22,"posx":18,"posy":4,"lastAction":4,"status":0}],"golds":[{"posx":20,"posy":0,"amount":100},{"posx":0,"posy":1,"amount":150},{"posx":14,"posy":1,"amount":150}],"changedObstacles":[]},{"players":[{"playerId":2451397,"score":1219,"energy":33,"posx":18,"posy":2,"lastAction":2,"status":0},{"playerId":2375363,"score":1859,"energy":13,"posx":18,"posy":3,"lastAction":2,"status":0},{"playerId":75082,"score":910,"energy":27,"posx":16,"posy":2,"lastAction":4,"status":0},{"playerId":2287533,"score":869,"energy":12,"posx":19,"posy":4,"lastAction":1,"status":0}],"golds":[{"posx":20,"posy":0,"amount":100},{"posx":0,"posy":1,"amount":150},{"posx":14,"posy":1,"amount":150}],"changedObstacles":[{"type":0,"posx":19,"posy":4,"value":-1}]},{"players":[{"playerId":2451397,"score":1219,"energy":32,"posx":17,"posy":2,"lastAction":0,"status":0},{"playerId":2375363,"score":1859,"energy":25,"posx":18,"posy":3,"lastAction":4,"status":0},{"playerId":75082,"score":910,"energy":26,"posx":17,"posy":2,"lastAction":1,"status":0},{"playerId":2287533,"score":869,"energy":24,"posx":19,"posy":4,"lastAction":4,"status":0}],"golds":[{"posx":20,"posy":0,"amount":100},{"posx":0,"posy":1,"amount":150},{"posx":14,"posy":1,"amount":150}],"changedObstacles":[]},{"players":[{"playerId":2451397,"score":1219,"energy":21,"posx":16,"posy":2,"lastAction":0,"status":0},{"playerId":2375363,"score":1859,"energy":41,"posx":18,"posy":3,"lastAction":4,"status":0},{"playerId":75082,"score":910,"energy":16,"posx":17,"posy":3,"lastAction":3,"status":0},{"playerId":2287533,"score":869,"energy":23,"posx":20,"posy":4,"lastAction":1,"status":0}],"golds":[{"posx":20,"posy":0,"amount":100},{"posx":0,"posy":1,"amount":150},{"posx":14,"posy":1,"amount":150}],"changedObstacles":[{"type":0,"posx":17,"posy":3,"value":-1}]},{"players":[{"playerId":2451397,"score":1219,"energy":20,"posx":15,"posy":2,"lastAction":0,"status":0},{"playerId":2375363,"score":1859,"energy":40,"posx":17,"posy":3,"lastAction":0,"status":0},{"playerId":75082,"score":910,"energy":15,"posx":18,"posy":3,"lastAction":1,"status":0},{"playerId":2287533,"score":869,"energy":13,"posx":20,"posy":3,"lastAction":2,"status":0}],"golds":[{"posx":20,"posy":0,"amount":100},{"posx":0,"posy":1,"amount":150},{"posx":14,"posy":1,"amount":150}],"changedObstacles":[{"type":0,"posx":20,"posy":3,"value":-1}]},{"players":[{"playerId":2451397,"score":1219,"energy":19,"posx":15,"posy":1,"lastAction":2,"status":0},{"playerId":2375363,"score":1859,"energy":39,"posx":17,"posy":2,"lastAction":2,"status":0},{"playerId":75082,"score":910,"energy":27,"posx":18,"posy":3,"lastAction":4,"status":0},{"playerId":2287533,"score":869,"energy":25,"posx":20,"posy":3,"lastAction":4,"status":0}],"golds":[{"posx":20,"posy":0,"amount":100},{"posx":0,"posy":1,"amount":150},{"posx":14,"posy":1,"amount":150}],"changedObstacles":[]},{"players":[{"playerId":2451397,"score":1219,"energy":15,"posx":14,"posy":1,"lastAction":0,"status":0},{"playerId":2375363,"score":1859,"energy":38,"posx":18,"posy":2,"lastAction":1,"status":0},{"playerId":75082,"score":910,"energy":26,"posx":18,"posy":4,"lastAction":3,"status":0},{"playerId":2287533,"score":869,"energy":20,"posx":20,"posy":2,"lastAction":2,"status":0}],"golds":[{"posx":20,"posy":0,"amount":100},{"posx":0,"posy":1,"amount":150},{"posx":14,"posy":1,"amount":150}],"changedObstacles":[{"type":3,"posx":20,"posy":2,"value":-20}]},{"players":[{"playerId":2451397,"score":1269,"energy":10,"posx":14,"posy":1,"lastAction":5,"status":0},{"playerId":2375363,"score":1859,"energy":37,"posx":18,"posy":3,"lastAction":3,"status":0},{"playerId":75082,"score":910,"energy":25,"posx":19,"posy":4,"lastAction":1,"status":0},{"playerId":2287533,"score":869,"energy":32,"posx":20,"posy":2,"lastAction":4,"status":0}],"golds":[{"posx":20,"posy":0,"amount":100},{"posx":0,"posy":1,"amount":150},{"posx":14,"posy":1,"amount":100}],"changedObstacles":[]},{"players":[{"playerId":2451397,"score":1319,"energy":5,"posx":14,"posy":1,"lastAction":5,"status":0},{"playerId":2375363,"score":1859,"energy":36,"posx":19,"posy":3,"lastAction":1,"status":0},{"playerId":75082,"score":910,"energy":24,"posx":20,"posy":4,"lastAction":1,"status":0},{"playerId":2287533,"score":869,"energy":31,"posx":20,"posy":1,"lastAction":2,"status":0}],"golds":[{"posx":20,"posy":0,"amount":100},{"posx":0,"posy":1,"amount":150},{"posx":14,"posy":1,"amount":50}],"changedObstacles":[]},{"players":[{"playerId":2451397,"score":1319,"energy":17,"posx":14,"posy":1,"lastAction":4,"status":0},{"playerId":2375363,"score":1859,"energy":35,"posx":19,"posy":4,"lastAction":3,"status":0},{"playerId":75082,"score":910,"energy":23,"posx":19,"posy":4,"lastAction":0,"status":0},{"playerId":2287533,"score":869,"energy":27,"posx":20,"posy":0,"lastAction":2,"status":0}],"golds":[{"posx":20,"posy":0,"amount":100},{"posx":0,"posy":1,"amount":150},{"posx":14,"posy":1,"amount":50}],"changedObstacles":[]},{"players":[{"playerId":2451397,"score":1369,"energy":12,"posx":14,"posy":1,"lastAction":5,"status":0},{"playerId":2375363,"score":1859,"energy":34,"posx":19,"posy":5,"lastAction":3,"status":0},{"playerId":75082,"score":910,"energy":22,"posx":19,"posy":3,"lastAction":2,"status":0},{"playerId":2287533,"score":919,"energy":22,"posx":20,"posy":0,"lastAction":5,"status":0}],"golds":[{"posx":20,"posy":0,"amount":50},{"posx":0,"posy":1,"amount":150}],"changedObstacles":[{"type":0,"posx":14,"posy":1,"value":-1}]},{"players":[{"playerId":2451397,"score":1369,"energy":11,"posx":15,"posy":1,"lastAction":1,"status":0},{"playerId":2375363,"score":1859,"energy":33,"posx":19,"posy":4,"lastAction":2,"status":0},{"playerId":75082,"score":910,"energy":21,"posx":20,"posy":3,"lastAction":1,"status":0},{"playerId":2287533,"score":969,"energy":17,"posx":20,"posy":0,"lastAction":5,"status":0}],"golds":[{"posx":0,"posy":1,"amount":150}],"changedObstacles":[{"type":0,"posx":20,"posy":0,"value":-1}]},{"players":[{"playerId":2451397,"score":1369,"energy":10,"posx":16,"posy":1,"lastAction":1,"status":0},{"playerId":2375363,"score":1859,"energy":45,"posx":19,"posy":4,"lastAction":4,"status":0},{"playerId":75082,"score":910,"energy":20,"posx":19,"posy":3,"lastAction":0,"status":0},{"playerId":2287533,"score":969,"energy":29,"posx":20,"posy":0,"lastAction":4,"status":0}],"golds":[{"posx":0,"posy":1,"amount":150}],"changedObstacles":[]},{"players":[{"playerId":2451397,"score":1369,"energy":9,"posx":16,"posy":0,"lastAction":2,"status":0},{"playerId":2375363,"score":1859,"energy":50,"posx":19,"posy":4,"lastAction":4,"status":0},{"playerId":75082,"score":910,"energy":32,"posx":19,"posy":3,"lastAction":4,"status":0},{"playerId":2287533,"score":969,"energy":29,"posx":21,"posy":0,"lastAction":1,"status":1}],"golds":[{"posx":0,"posy":1,"amount":150}],"changedObstacles":[]},{"players":[{"playerId":2451397,"score":1369,"energy":8,"posx":17,"posy":0,"lastAction":1,"status":0},{"playerId":2375363,"score":1859,"energy":50,"posx":19,"posy":4,"lastAction":4,"status":0},{"playerId":75082,"score":910,"energy":31,"posx":20,"posy":3,"lastAction":1,"status":0},{"playerId":2287533,"score":969,"energy":29,"posx":21,"posy":0,"lastAction":6,"status":1}],"golds":[{"posx":0,"posy":1,"amount":150}],"changedObstacles":[]},{"players":[{"playerId":2451397,"score":1369,"energy":7,"posx":18,"posy":0,"lastAction":1,"status":0},{"playerId":2375363,"score":1859,"energy":50,"posx":19,"posy":4,"lastAction":4,"status":0},{"playerId":75082,"score":910,"energy":11,"posx":20,"posy":2,"lastAction":2,"status":0},{"playerId":2287533,"score":969,"energy":29,"posx":21,"posy":0,"lastAction":6,"status":1}],"golds":[{"posx":0,"posy":1,"amount":150}],"changedObstacles":[{"type":3,"posx":20,"posy":2,"value":-40}]},{"players":[{"playerId":2451397,"score":1369,"energy":6,"posx":17,"posy":0,"lastAction":0,"status":0},{"playerId":2375363,"score":1859,"energy":50,"posx":19,"posy":4,"lastAction":4,"status":0},{"playerId":75082,"score":910,"energy":10,"posx":20,"posy":1,"lastAction":2,"status":0},{"playerId":2287533,"score":969,"energy":29,"posx":21,"posy":0,"lastAction":6,"status":1}],"golds":[{"posx":0,"posy":1,"amount":150}],"changedObstacles":[]},{"players":[{"playerId":2451397,"score":1369,"energy":5,"posx":18,"posy":0,"lastAction":1,"status":0},{"playerId":2375363,"score":1859,"energy":50,"posx":19,"posy":4,"lastAction":4,"status":0},{"playerId":75082,"score":910,"energy":9,"posx":20,"posy":0,"lastAction":2,"status":0},{"playerId":2287533,"score":969,"energy":29,"posx":21,"posy":0,"lastAction":6,"status":1}],"golds":[{"posx":0,"posy":1,"amount":150}],"changedObstacles":[]},{"players":[{"playerId":2451397,"score":1369,"energy":4,"posx":17,"posy":0,"lastAction":0,"status":0},{"playerId":2375363,"score":1859,"energy":50,"posx":19,"posy":4,"lastAction":4,"status":0},{"playerId":75082,"score":910,"energy":8,"posx":20,"posy":1,"lastAction":3,"status":0},{"playerId":2287533,"score":969,"energy":29,"posx":21,"posy":0,"lastAction":6,"status":1}],"golds":[{"posx":0,"posy":1,"amount":150}],"changedObstacles":[]},{"players":[{"playerId":2451397,"score":1369,"energy":3,"posx":18,"posy":0,"lastAction":1,"status":0},{"playerId":2375363,"score":1859,"energy":50,"posx":19,"posy":4,"lastAction":4,"status":0},{"playerId":75082,"score":910,"energy":7,"posx":20,"posy":0,"lastAction":2,"status":0},{"playerId":2287533,"score":969,"energy":29,"posx":21,"posy":0,"lastAction":6,"status":1}],"golds":[{"posx":0,"posy":1,"amount":150}],"changedObstacles":[]},{"players":[{"playerId":2451397,"score":1369,"energy":15,"posx":18,"posy":0,"lastAction":4,"status":0},{"playerId":2375363,"score":1859,"energy":50,"posx":19,"posy":4,"lastAction":4,"status":0},{"playerId":75082,"score":910,"energy":6,"posx":20,"posy":1,"lastAction":3,"status":0},{"playerId":2287533,"score":969,"energy":29,"posx":21,"posy":0,"lastAction":6,"status":1}],"golds":[{"posx":0,"posy":1,"amount":150}],"changedObstacles":[]}]