[{"players":[{"playerId":2451397,"score":0,"energy":49,"posx":8,"posy":2,"lastAction":0,"status":0},{"playerId":675419,"score":0,"energy":49,"posx":8,"posy":2,"lastAction":0,"status":0},{"playerId":206247,"score":0,"energy":49,"posx":9,"posy":3,"lastAction":3,"status":0},{"playerId":75082,"score":0,"energy":49,"posx":9,"posy":3,"lastAction":3,"status":0}],"golds":[{"posx":4,"posy":8,"amount":100},{"posx":8,"posy":7,"amount":450},{"posx":0,"posy":1,"amount":150},{"posx":16,"posy":6,"amount":500},{"posx":20,"posy":0,"amount":100},{"posx":3,"posy":3,"amount":700},{"posx":14,"posy":6,"amount":50},{"posx":2,"posy":6,"amount":500},{"posx":0,"posy":6,"amount":50},{"posx":3,"posy":8,"amount":50},{"posx":6,"posy":4,"amount":150},{"posx":18,"posy":4,"amount":600},{"posx":4,"posy":1,"amount":50},{"posx":12,"posy":8,"amount":300},{"posx":1,"posy":8,"amount":650},{"posx":17,"posy":5,"amount":300},{"posx":18,"posy":7,"amount":200},{"posx":6,"posy":8,"amount":100},{"posx":14,"posy":1,"amount":150},{"posx":10,"posy":3,"amount":100}],"changedObstacles":[]},{"players":[{"playerId":2451397,"score":0,"energy":48,"posx":7,"posy":2,"lastAction":0,"status":0},{"playerId":675419,"score":0,"energy":48,"posx":7,"posy":2,"lastAction":0,"status":0},{"playerId":206247,"score":0,"energy":48,"posx":9,"posy":4,"lastAction":3,"status":0},{"playerId":75082,"score":0,"energy":48,"posx":9,"posy":4,"lastAction":3,"status":0}],"golds":[{"posx":4,"posy":8,"amount":100},{"posx":8,"posy":7,"amount":450},{"posx":0,"posy":1,"amount":150},{"posx":16,"posy":6,"amount":500},{"posx":20,"posy":0,"amount":100},{"posx":3,"posy":3,"amount":700},{"posx":14,"posy":6,"amount":50},{"posx":2,"posy":6,"amount":500},{"posx":0,"posy":6,"amount":50},{"posx":3,"posy":8,"amount":50},{"posx":6,"posy":4,"amount":150},{"posx":18,"posy":4,"amount":600},{"posx":4,"posy":1,"amount":50},{"posx":12,"posy":8,"amount":300},{"posx":1,"posy":8,"amount":650},{"posx":17,"posy":5,"amount":300},{"posx":18,"posy":7,"amount":200},{"posx":6,"posy":8,"amount":100},{"posx":14,"posy":1,"amount":150},{"posx":10,"posy":3,"amount":100}],"changedObstacles":[]},{"players":[{"playerId":2451397,"score":0,"energy":43,"posx":6,"posy":2,"lastAction":0,"status":0},{"playerId":675419,"score":0,"energy":43,"posx":6,"posy":2,"lastAction":0,"status":0},{"playerId":206247,"score":0,"energy":47,"posx":9,"posy":5,"lastAction":3,"status":0},{"playerId":75082,"score":0,"energy":43,"posx":8,"posy":4,"lastAction":0,"status":0}],"golds":[{"posx":4,"posy":8,"amount":100},{"posx":8,"posy":7,"amount":450},{"posx":0,"posy":1,"amount":150},{"posx":16,"posy":6,"amount":500},{"posx":20,"posy":0,"amount":100},{"posx":3,"posy":3,"amount":700},{"posx":14,"posy":6,"amount":50},{"posx":2,"posy":6,"amount":500},{"posx":0,"posy":6,"amount":50},{"posx":3,"posy":8,"amount":50},{"posx":6,"posy":4,"amount":150},{"posx":18,"posy":4,"amount":600},{"posx":4,"posy":1,"amount":50},{"posx":12,"posy":8,"amount":300},{"posx":1,"posy":8,"amount":650},{"posx":17,"posy":5,"amount":300},{"posx":18,"posy":7,"amount":200},{"posx":6,"posy":8,"amount":100},{"posx":14,"posy":1,"amount":150},{"posx":10,"posy":3,"amount":100}],"changedObstacles":[{"type":3,"posx":6,"posy":2,"value":-20},{"type":3,"posx":8,"posy":4,"value":-20}]},{"players":[{"playerId":2451397,"score":0,"energy":42,"posx":5,"posy":2,"lastAction":0,"status":0},{"playerId":675419,"score":0,"energy":42,"posx":6,"posy":3,"lastAction":3,"status":0},{"playerId":206247,"score":0,"energy":46,"posx":9,"posy":6,"lastAction":3,"status":0},{"playerId":75082,"score":0,"energy":42,"posx":7,"posy":4,"lastAction":0,"status":0}],"golds":[{"posx":4,"posy":8,"amount":100},{"posx":8,"posy":7,"amount":450},{"posx":0,"posy":1,"amount":150},{"posx":16,"posy":6,"amount":500},{"posx":20,"posy":0,"amount":100},{"posx":3,"posy":3,"amount":700},{"posx":14,"posy":6,"amount":50},{"posx":2,"posy":6,"amount":500},{"posx":0,"posy":6,"amount":50},{"posx":3,"posy":8,"amount":50},{"posx":6,"posy":4,"amount":150},{"posx":18,"posy":4,"amount":600},{"posx":4,"posy":1,"amount":50},{"posx":12,"posy":8,"amount":300},{"posx":1,"posy":8,"amount":650},{"posx":17,"posy":5,"amount":300},{"posx":18,"posy":7,"amount":200},{"posx":6,"posy":8,"amount":100},{"posx":14,"posy":1,"amount":150},{"posx":10,"posy":3,"amount":100}],"changedObstacles":[]},{"players":[{"playerId":2451397,"score":0,"energy":41,"posx":5,"posy":3,"lastAction":3,"status":0},{"playerId":675419,"score":0,"energy":38,"posx":6,"posy":4,"lastAction":3,"status":0},{"playerId":206247,"score":0,"energy":45,"posx":10,"posy":6,"lastAction":1,"status":0},{"playerId":75082,"score":0,"energy":38,"posx":6,"posy":4,"lastAction":0,"status":0}],"golds":[{"posx":4,"posy":8,"amount":100},{"posx":8,"posy":7,"amount":450},{"posx":0,"posy":1,"amount":150},{"posx":16,"posy":6,"amount":500},{"posx":20,"posy":0,"amount":100},{"posx":3,"posy":3,"amount":700},{"posx":14,"posy":6,"amount":50},{"posx":2,"posy":6,"amount":500},{"posx":0,"posy":6,"amount":50},{"posx":3,"posy":8,"amount":50},{"posx":6,"posy":4,"amount":150},{"posx":18,"posy":4,"amount":600},{"posx":4,"posy":1,"amount":50},{"posx":12,"posy":8,"amount":300},{"posx":1,"posy":8,"amount":650},{"posx":17,"posy":5,"amount":300},{"posx":18,"posy":7,"amount":200},{"posx":6,"posy":8,"amount":100},{"posx":14,"posy":1,"amount":150},{"posx":10,"posy":3,"amount":100}],"changedObstacles":[]},{"players":[{"playerId":2451397,"score":0,"energy":31,"posx":4,"posy":3,"lastAction":0,"status":0},{"playerId":675419,"score":50,"energy":33,"posx":6,"posy":4,"lastAction":5,"status":0},{"playerId":206247,"score":0,"energy":40,"posx":11,"posy":6,"lastAction":1,"status":0},{"playerId":75082,"score":50,"energy":33,"posx":6,"posy":4,"lastAction":5,"status":0}],"golds":[{"posx":20,"posy":0,"amount":100},{"posx":0,"posy":1,"amount":150},{"posx":4,"posy":1,"amount":50},{"posx":14,"posy":1,"amount":150},{"posx":3,"posy":3,"amount":700},{"posx":10,"posy":3,"amount":100},{"posx":6,"posy":4,"amount":50},{"posx":18,"posy":4,"amount":600},{"posx":17,"posy":5,"amount":300},{"posx":0,"posy":6,"amount":50},{"posx":2,"posy":6,"amount":500},{"posx":14,"posy":6,"amount":50},{"posx":16,"posy":6,"amount":500},{"posx":8,"posy":7,"amount":450},{"posx":18,"posy":7,"amount":200},{"posx":1,"posy":8,"amount":650},{"posx":3,"posy":8,"amount":50},{"posx":4,"posy":8,"amount":100},{"posx":6,"posy":8,"amount":100},{"posx":12,"posy":8,"amount":300}],"changedObstacles":[{"type":3,"posx":11,"posy":6,"value":-20},{"type":0,"posx":4,"posy":3,"value":-1}]},{"players":[{"playerId":2451397,"score":0,"energy":27,"posx":3,"posy":3,"lastAction":0,"status":0},{"playerId":675419,"score":75,"energy":28,"posx":6,"posy":4,"lastAction":5,"status":0},{"playerId":206247,"score":0,"energy":35,"posx":12,"posy":6,"lastAction":1,"status":0},{"playerId":75082,"score":75,"energy":28,"posx":6,"posy":4,"lastAction":5,"status":0}],"golds":[{"posx":20,"posy":0,"amount":100},{"posx":0,"posy":1,"amount":150},{"posx":4,"posy":1,"amount":50},{"posx":14,"posy":1,"amount":150},{"posx":3,"posy":3,"amount":700},{"posx":10,"posy":3,"amount":100},{"posx":18,"posy":4,"amount":600},{"posx":17,"posy":5,"amount":300},{"posx":0,"posy":6,"amount":50},{"posx":2,"posy":6,"amount":500},{"posx":14,"posy":6,"amount":50},{"posx":16,"posy":6,"amount":500},{"posx":8,"posy":7,"amount":450},{"posx":18,"posy":7,"amount":200},{"posx":1,"posy":8,"amount":650},{"posx":3,"posy":8,"amount":50},{"posx":4,"posy":8,"amount":100},{"posx":6,"posy":8,"amount":100},{"posx":12,"posy":8,"amount":300}],"changedObstacles":[{"type":3,"posx":12,"posy":6,"value":-20},{"type":0,"posx":6,"posy":4,"value":-1}]},{"players":[{"playerId":2451397,"score":50,"energy":22,"posx":3,"posy":3,"lastAction":5,"status":0},{"playerId":675419,"score":75,"energy":27,"posx":6,"posy":5,"lastAction":3,"status":0},{"playerId":206247,"score":0,"energy":34,"posx":13,"posy":6,"lastAction":1,"status":0},{"playerId":75082,"score":75,"energy":18,"posx":5,"posy":4,"lastAction":0,"status":0}],"golds":[{"posx":20,"posy":0,"amount":100},{"posx":0,"posy":1,"amount":150},{"posx":4,"posy":1,"amount":50},{"posx":14,"posy":1,"amount":150},{"posx":3,"posy":3,"amount":650},{"posx":10,"posy":3,"amount":100},{"posx":18,"posy":4,"amount":600},{"posx":17,"posy":5,"amount":300},{"posx":0,"posy":6,"amount":50},{"posx":2,"posy":6,"amount":500},{"posx":14,"posy":6,"amount":50},{"posx":16,"posy":6,"amount":500},{"posx":8,"posy":7,"amount":450},{"posx":18,"posy":7,"amount":200},{"posx":1,"posy":8,"amount":650},{"posx":3,"posy":8,"amount":50},{"posx":4,"posy":8,"amount":100},{"posx":6,"posy":8,"amount":100},{"posx":12,"posy":8,"amount":300}],"changedObstacles":[{"type":0,"posx":5,"posy":4,"value":-1}]},{"players":[{"playerId":2451397,"score":100,"energy":17,"posx":3,"posy":3,"lastAction":5,"status":0},{"playerId":675419,"score":75,"energy":26,"posx":6,"posy":6,"lastAction":3,"status":0},{"playerId":206247,"score":0,"energy":30,"posx":14,"posy":6,"lastAction":1,"status":0},{"playerId":75082,"score":75,"energy":13,"posx":4,"posy":4,"lastAction":0,"status":0}],"golds":[{"posx":20,"posy":0,"amount":100},{"posx":0,"posy":1,"amount":150},{"posx":4,"posy":1,"amount":50},{"posx":14,"posy":1,"amount":150},{"posx":3,"posy":3,"amount":600},{"posx":10,"posy":3,"amount":100},{"posx":18,"posy":4,"amount":600},{"posx":17,"posy":5,"amount":300},{"posx":0,"posy":6,"amount":50},{"posx":2,"posy":6,"amount":500},{"posx":14,"posy":6,"amount":50},{"posx":16,"posy":6,"amount":500},{"posx":8,"posy":7,"amount":450},{"posx":18,"posy":7,"amount":200},{"posx":1,"posy":8,"amount":650},{"posx":3,"posy":8,"amount":50},{"posx":4,"posy":8,"amount":100},{"posx":6,"posy":8,"amount":100},{"posx":12,"posy":8,"amount":300}],"changedObstacles":[{"type":3,"posx":4,"posy":4,"value":-20}]},{"players":[{"playerId":2451397,"score":150,"energy":12,"posx":3,"posy":3,"lastAction":5,"status":0},{"playerId":675419,"score":75,"energy":25,"posx":7,"posy":6,"lastAction":1,"status":0},{"playerId":206247,"score":0,"energy":25,"posx":15,"posy":6,"lastAction":1,"status":0},{"playerId":75082,"score":75,"energy":12,"posx":3,"posy":4,"lastAction":0,"status":0}],"golds":[{"posx":20,"posy":0,"amount":100},{"posx":0,"posy":1,"amount":150},{"posx":4,"posy":1,"amount":50},{"posx":14,"posy":1,"amount":150},{"posx":3,"posy":3,"amount":550},{"posx":10,"posy":3,"amount":100},{"posx":18,"posy":4,"amount":600},{"posx":17,"posy":5,"amount":300},{"posx":0,"posy":6,"amount":50},{"posx":2,"posy":6,"amount":500},{"posx":14,"posy":6,"amount":50},{"posx":16,"posy":6,"amount":500},{"posx":8,"posy":7,"amount":450},{"posx":18,"posy":7,"amount":200},{"posx":1,"posy":8,"amount":650},{"posx":3,"posy":8,"amount":50},{"posx":4,"posy":8,"amount":100},{"posx":6,"posy":8,"amount":100},{"posx":12,"posy":8,"amount":300}],"changedObstacles":[{"type":3,"posx":15,"posy":6,"value":-20}]},{"players":[{"playerId":2451397,"score":200,"energy":7,"posx":3,"posy":3,"lastAction":5,"status":0},{"playerId":675419,"score":75,"energy":24,"posx":8,"posy":6,"lastAction":1,"status":0},{"playerId":206247,"score":0,"energy":21,"posx":16,"posy":6,"lastAction":1,"status":0},{"playerId":75082,"score":75,"energy":8,"posx":3,"posy":3,"lastAction":2,"status":0}],"golds":[{"posx":20,"posy":0,"amount":100},{"posx":0,"posy":1,"amount":150},{"posx":4,"posy":1,"amount":50},{"posx":14,"posy":1,"amount":150},{"posx":3,"posy":3,"amount":500},{"posx":10,"posy":3,"amount":100},{"posx":18,"posy":4,"amount":600},{"posx":17,"posy":5,"amount":300},{"posx":0,"posy":6,"amount":50},{"posx":2,"posy":6,"amount":500},{"posx":14,"posy":6,"amount":50},{"posx":16,"posy":6,"amount":500},{"posx":8,"posy":7,"amount":450},{"posx":18,"posy":7,"amount":200},{"posx":1,"posy":8,"amount":650},{"posx":3,"posy":8,"amount":50},{"posx":4,"posy":8,"amount":100},{"posx":6,"posy":8,"amount":100},{"posx":12,"posy":8,"amount":300}],"changedObstacles":[]},{"players":[{"playerId":2451397,"score":250,"energy":2,"posx":3,"posy":3,"lastAction":5,"status":0},{"playerId":675419,"score":75,"energy":20,"posx":8,"posy":7,"lastAction":3,"status":0},{"playerId":206247,"score":50,"energy":16,"posx":16,"posy":6,"lastAction":5,"status":0},{"playerId":75082,"score":125,"energy":3,"posx":3,"posy":3,"lastAction":5,"status":0}],"golds":[{"posx":20,"posy":0,"amount":100},{"posx":0,"posy":1,"amount":150},{"posx":4,"posy":1,"amount":50},{"posx":14,"posy":1,"amount":150},{"posx":3,"posy":3,"amount":400},{"posx":10,"posy":3,"amount":100},{"posx":18,"posy":4,"amount":600},{"posx":17,"posy":5,"amount":300},{"posx":0,"posy":6,"amount":50},{"posx":2,"posy":6,"amount":500},{"posx":14,"posy":6,"amount":50},{"posx":16,"posy":6,"amount":450},{"posx":8,"posy":7,"amount":450},{"posx":18,"posy":7,"amount":200},{"posx":1,"posy":8,"amount":650},{"posx":3,"posy":8,"amount":50},{"posx":4,"posy":8,"amount":100},{"posx":6,"posy":8,"amount":100},{"posx":12,"posy":8,"amount":300}],"changedObstacles":[]},{"players":[{"playerId":2451397,"score":250,"energy":14,"posx":3,"posy":3,"lastAction":4,"status":0},{"playerId":675419,"score":125,"energy":15,"posx":8,"posy":7,"lastAction":5,"status":0},{"playerId":206247,"score":100,"energy":11,"posx":16,"posy":6,"lastAction":5,"status":0},{"playerId":75082,"score":125,"energy":15,"posx":3,"posy":3,"lastAction":4,"status":0}],"golds":[{"posx":20,"posy":0,"amount":100},{"posx":0,"posy":1,"amount":150},{"posx":4,"posy":1,"amount":50},{"posx":14,"posy":1,"amount":150},{"posx":3,"posy":3,"amount":400},{"posx":10,"posy":3,"amount":100},{"posx":18,"posy":4,"amount":600},{"posx":17,"posy":5,"amount":300},{"posx":0,"posy":6,"amount":50},{"posx":2,"posy":6,"amount":500},{"posx":14,"posy":6,"amount":50},{"posx":16,"posy":6,"amount":400},{"posx":8,"posy":7,"amount":400},{"posx":18,"posy":7,"amount":200},{"posx":1,"posy":8,"amount":650},{"posx":3,"posy":8,"amount":50},{"posx":4,"posy":8,"amount":100},{"posx":6,"posy":8,"amount":100},{"posx":12,"posy":8,"amount":300}],"changedObstacles":[]},{"players":[{"playerId":2451397,"score":250,"energy":30,"posx":3,"posy":3,"lastAction":4,"status":0},{"playerId":675419,"score":175,"energy":10,"posx":8,"posy":7,"lastAction":5,"status":0},{"playerId":206247,"score":150,"energy":6,"posx":16,"posy":6,"lastAction":5,"status":0},{"playerId":75082,"score":175,"energy":10,"posx":3,"posy":3,"lastAction":5,"status":0}],"golds":[{"posx":20,"posy":0,"amount":100},{"posx":0,"posy":1,"amount":150},{"posx":4,"posy":1,"amount":50},{"posx":14,"posy":1,"amount":150},{"posx":3,"posy":3,"amount":350},{"posx":10,"posy":3,"amount":100},{"posx":18,"posy":4,"amount":600},{"posx":17,"posy":5,"amount":300},{"posx":0,"posy":6,"amount":50},{"posx":2,"posy":6,"amount":500},{"posx":14,"posy":6,"amount":50},{"posx":16,"posy":6,"amount":350},{"posx":8,"posy":7,"amount":350},{"posx":18,"posy":7,"amount":200},{"posx":1,"posy":8,"amount":650},{"posx":3,"posy":8,"amount":50},{"posx":4,"posy":8,"amount":100},{"posx":6,"posy":8,"amount":100},{"posx":12,"posy":8,"amount":300}],"changedObstacles":[]},{"players":[{"playerId":2451397,"score":250,"energy":50,"posx":3,"posy":3,"lastAction":4,"status":0},{"playerId":675419,"score":225,"energy":5,"posx":8,"posy":7,"lastAction":5,"status":0},{"playerId":206247,"score":200,"energy":1,"posx":16,"posy":6,"lastAction":5,"status":0},{"playerId":75082,"score":225,"energy":5,"posx":3,"posy":3,"lastAction":5,"status":0}],"golds":[{"posx":20,"posy":0,"amount":100},{"posx":0,"posy":1,"amount":150},{"posx":4,"posy":1,"amount":50},{"posx":14,"posy":1,"amount":150},{"posx":3,"posy":3,"amount":300},{"posx":10,"posy":3,"amount":100},{"posx":18,"posy":4,"amount":600},{"posx":17,"posy":5,"amount":300},{"posx":0,"posy":6,"amount":50},{"posx":2,"posy":6,"amount":500},{"posx":14,"posy":6,"amount":50},{"posx":16,"posy":6,"amount":300},{"posx":8,"posy":7,"amount":300},{"posx":18,"posy":7,"amount":200},{"posx":1,"posy":8,"amount":650},{"posx":3,"posy":8,"amount":50},{"posx":4,"posy":8,"amount":100},{"posx":6,"posy":8,"amount":100},{"posx":12,"posy":8,"amount":300}],"changedObstacles":[]},{"players":[{"playerId":2451397,"score":300,"energy":45,"posx":3,"posy":3,"lastAction":5,"status":0},{"playerId":675419,"score":225,"energy":17,"posx":8,"posy":7,"lastAction":4,"status":0},{"playerId":206247,"score":200,"energy":13,"posx":16,"posy":6,"lastAction":4,"status":0},{"playerId":75082,"score":225,"energy":17,"posx":3,"posy":3,"lastAction":4,"status":0}],"golds":[{"posx":20,"posy":0,"amount":100},{"posx":0,"posy":1,"amount":150},{"posx":4,"posy":1,"amount":50},{"posx":14,"posy":1,"amount":150},{"posx":3,"posy":3,"amount":250},{"posx":10,"posy":3,"amount":100},{"posx":18,"posy":4,"amount":600},{"posx":17,"posy":5,"amount":300},{"posx":0,"posy":6,"amount":50},{"posx":2,"posy":6,"amount":500},{"posx":14,"posy":6,"amount":50},{"posx":16,"posy":6,"amount":300},{"posx":8,"posy":7,"amount":300},{"posx":18,"posy":7,"amount":200},{"posx":1,"posy":8,"amount":650},{"posx":3,"posy":8,"amount":50},{"posx":4,"posy":8,"amount":100},{"posx":6,"posy":8,"amount":100},{"posx":12,"posy":8,"amount":300}],"changedObstacles":[]},{"players":[{"playerId":2451397,"score":350,"energy":40,"posx":3,"posy":3,"lastAction":5,"status":0},{"playerId":675419,"score":225,"energy":33,"posx":8,"posy":7,"lastAction":4,"status":0},{"playerId":206247,"score":200,"energy":29,"posx":16,"posy":6,"lastAction":4,"status":0},{"playerId":75082,"score":275,"energy":12,"posx":3,"posy":3,"lastAction":5,"status":0}],"golds":[{"posx":20,"posy":0,"amount":100},{"posx":0,"posy":1,"amount":150},{"posx":4,"posy":1,"amount":50},{"posx":14,"posy":1,"amount":150},{"posx":3,"posy":3,"amount":150},{"posx":10,"posy":3,"amount":100},{"posx":18,"posy":4,"amount":600},{"posx":17,"posy":5,"amount":300},{"posx":0,"posy":6,"amount":50},{"posx":2,"posy":6,"amount":500},{"posx":14,"posy":6,"amount":50},{"posx":16,"posy":6,"amount":300},{"posx":8,"posy":7,"amount":300},{"posx":18,"posy":7,"amount":200},{"posx":1,"posy":8,"amount":650},{"posx":3,"posy":8,"amount":50},{"posx":4,"posy":8,"amount":100},{"posx":6,"posy":8,"amount":100},{"posx":12,"posy":8,"amount":300}],"changedObstacles":[]},{"players":[{"playerId":2451397,"score":400,"energy":35,"posx":3,"posy":3,"lastAction":5,"status":0},{"playerId":675419,"score":275,"energy":28,"posx":8,"posy":7,"lastAction":5,"status":0},{"playerId":206247,"score":200,"energy":50,"posx":16,"posy":6,"lastAction":4,"status":0},{"playerId":75082,"score":325,"energy":7,"posx":3,"posy":3,"lastAction":5,"status":0}],"golds":[{"posx":20,"posy":0,"amount":100},{"posx":0,"posy":1,"amount":150},{"posx":4,"posy":1,"amount":50},{"posx":14,"posy":1,"amount":150},{"posx":3,"posy":3,"amount":50},{"posx":10,"posy":3,"amount":100},{"posx":18,"posy":4,"amount":600},{"posx":17,"posy":5,"amount":300},{"posx":0,"posy":6,"amount":50},{"posx":2,"posy":6,"amount":500},{"posx":14,"posy":6,"amount":50},{"posx":16,"posy":6,"amount":300},{"posx":8,"posy":7,"amount":250},{"posx":18,"posy":7,"amount":200},{"posx":1,"posy":8,"amount":650},{"posx":3,"posy":8,"amount":50},{"posx":4,"posy":8,"amount":100},{"posx":6,"posy":8,"amount":100},{"posx":12,"posy":8,"amount":300}],"changedObstacles":[]},{"players":[{"playerId":2451397,"score":425,"energy":30,"posx":3,"posy":3,"lastAction":5,"status":0},{"playerId":675419,"score":325,"energy":23,"posx":8,"posy":7,"lastAction":5,"status":0},{"playerId":206247,"score":250,"energy":45,"posx":16,"posy":6,"lastAction":5,"status":0},{"playerId":75082,"score":350,"energy":2,"posx":3,"posy":3,"lastAction":5,"status":0}],"golds":[{"posx":20,"posy":0,"amount":100},{"posx":0,"posy":1,"amount":150},{"posx":4,"posy":1,"amount":50},{"posx":14,"posy":1,"amount":150},{"posx":10,"posy":3,"amount":100},{"posx":18,"posy":4,"amount":600},{"posx":17,"posy":5,"amount":300},{"posx":0,"posy":6,"amount":50},{"posx":2,"posy":6,"amount":500},{"posx":14,"posy":6,"amount":50},{"posx":16,"posy":6,"amount":250},{"posx":8,"posy":7,"amount":200},{"posx":18,"posy":7,"amount":200},{"posx":1,"posy":8,"amount":650},{"posx":3,"posy":8,"amount":50},{"posx":4,"posy":8,"amount":100},{"posx":6,"posy":8,"amount":100},{"posx":12,"posy":8,"amount":300}],"changedObstacles":[{"type":0,"posx":3,"posy":3,"value":-1}]},{"players":[{"playerId":2451397,"score":425,"energy":29,"posx":3,"posy":4,"lastAction":3,"status":0},{"playerId":675419,"score":375,"energy":18,"posx":8,"posy":7,"lastAction":5,"status":0},{"playerId":206247,"score":300,"energy":40,"posx":16,"posy":6,"lastAction":5,"status":0},{"playerId":75082,"score":350,"energy":14,"posx":3,"posy":3,"lastAction":4,"status":0}],"golds":[{"posx":20,"posy":0,"amount":100},{"posx":0,"posy":1,"amount":150},{"posx":4,"posy":1,"amount":50},{"posx":14,"posy":1,"amount":150},{"posx":10,"posy":3,"amount":100},{"posx":18,"posy":4,"amount":600},{"posx":17,"posy":5,"amount":300},{"posx":0,"posy":6,"amount":50},{"posx":2,"posy":6,"amount":500},{"posx":14,"posy":6,"amount":50},{"posx":16,"posy":6,"amount":200},{"posx":8,"posy":7,"amount":150},{"posx":18,"posy":7,"amount":200},{"posx":1,"posy":8,"amount":650},{"posx":3,"posy":8,"amount":50},{"posx":4,"posy":8,"amount":100},{"posx":6,"posy":8,"amount":100},{"posx":12,"posy":8,"amount":300}],"changedObstacles":[]},{"players":[{"playerId":2451397,"score":425,"energy":28,"posx":3,"posy":5,"lastAction":3,"status":0},{"playerId":675419,"score":425,"energy":13,"posx":8,"posy":7,"lastAction":5,"status":0},{"playerId":206247,"score":350,"energy":35,"posx":16,"posy":6,"lastAction":5,"status":0},{"playerId":75082,"score":350,"energy":30,"posx":3,"posy":3,"lastAction":4,"status":0}],"golds":[{"posx":20,"posy":0,"amount":100},{"posx":0,"posy":1,"amount":150},{"posx":4,"posy":1,"amount":50},{"posx":14,"posy":1,"amount":150},{"posx":10,"posy":3,"amount":100},{"posx":18,"posy":4,"amount":600},{"posx":17,"posy":5,"amount":300},{"posx":0,"posy":6,"amount":50},{"posx":2,"posy":6,"amount":500},{"posx":14,"posy":6,"amount":50},{"posx":16,"posy":6,"amount":150},{"posx":8,"posy":7,"amount":100},{"posx":18,"posy":7,"amount":200},{"posx":1,"posy":8,"amount":650},{"posx":3,"posy":8,"amount":50},{"posx":4,"posy":8,"amount":100},{"posx":6,"posy":8,"amount":100},{"posx":12,"posy":8,"amount":300}],"changedObstacles":[]},{"players":[{"playerId":2451397,"score":425,"energy":27,"posx":3,"posy":6,"lastAction":3,"status":0},{"playerId":675419,"score":475,"energy":8,"posx":8,"posy":7,"lastAction":5,"status":0},{"playerId":206247,"score":400,"energy":30,"posx":16,"posy":6,"lastAction":5,"status":0},{"playerId":75082,"score":350,"energy":50,"posx":3,"posy":3,"lastAction":4,"status":0}],"golds":[{"posx":20,"posy":0,"amount":100},{"posx":0,"posy":1,"amount":150},{"posx":4,"posy":1,"amount":50},{"posx":14,"posy":1,"amount":150},{"posx":10,"posy":3,"amount":100},{"posx":18,"posy":4,"amount":600},{"posx":17,"posy":5,"amount":300},{"posx":0,"posy":6,"amount":50},{"posx":2,"posy":6,"amount":500},{"posx":14,"posy":6,"amount":50},{"posx":16,"posy":6,"amount":100},{"posx":8,"posy":7,"amount":50},{"posx":18,"posy":7,"amount":200},{"posx":1,"posy":8,"amount":650},{"posx":3,"posy":8,"amount":50},{"posx":4,"posy":8,"amount":100},{"posx":6,"posy":8,"amount":100},{"posx":12,"posy":8,"amount":300}],"changedObstacles":[]},{"players":[{"playerId":2451397,"score":425,"energy":23,"posx":2,"posy":6,"lastAction":0,"status":0},{"playerId":675419,"score":525,"energy":3,"posx":8,"posy":7,"lastAction":5,"status":0},{"playerId":206247,"score":450,"energy":25,"posx":16,"posy":6,"lastAction":5,"status":0},{"playerId":75082,"score":350,"energy":49,"posx":2,"posy":3,"lastAction":0,"status":0}],"golds":[{"posx":20,"posy":0,"amount":100},{"posx":0,"posy":1,"amount":150},{"posx":4,"posy":1,"amount":50},{"posx":14,"posy":1,"amount":150},{"posx":10,"posy":3,"amount":100},{"posx":18,"posy":4,"amount":600},{"posx":17,"posy":5,"amount":300},{"posx":0,"posy":6,"amount":50},{"posx":2,"posy":6,"amount":500},{"posx":14,"posy":6,"amount":50},{"posx":16,"posy":6,"amount":50},{"posx":18,"posy":7,"amount":200},{"posx":1,"posy":8,"amount":650},{"posx":3,"posy":8,"amount":50},{"posx":4,"posy":8,"amount":100},{"posx":6,"posy":8,"amount":100},{"posx":12,"posy":8,"amount":300}],"changedObstacles":[{"type":0,"posx":8,"posy":7,"value":-1}]},{"players":[{"playerId":2451397,"score":475,"energy":18,"posx":2,"posy":6,"lastAction":5,"status":0},{"playerId":675419,"score":525,"energy":2,"posx":7,"posy":7,"lastAction":0,"status":0},{"playerId":206247,"score":500,"energy":20,"posx":16,"posy":6,"lastAction":5,"status":0},{"playerId":75082,"score":350,"energy":48,"posx":1,"posy":3,"lastAction":0,"status":0}],"golds":[{"posx":20,"posy":0,"amount":100},{"posx":0,"posy":1,"amount":150},{"posx":4,"posy":1,"amount":50},{"posx":14,"posy":1,"amount":150},{"posx":10,"posy":3,"amount":100},{"posx":18,"posy":4,"amount":600},{"posx":17,"posy":5,"amount":300},{"posx":0,"posy":6,"amount":50},{"posx":2,"posy":6,"amount":450},{"posx":14,"posy":6,"amount":50},{"posx":18,"posy":7,"amount":200},{"posx":1,"posy":8,"amount":650},{"posx":3,"posy":8,"amount":50},{"posx":4,"posy":8,"amount":100},{"posx":6,"posy":8,"amount":100},{"posx":12,"posy":8,"amount":300}],"changedObstacles":[{"type":0,"posx":16,"posy":6,"value":-1}]},{"players":[{"playerId":2451397,"score":525,"energy":13,"posx":2,"posy":6,"lastAction":5,"status":0},{"playerId":675419,"score":525,"energy":1,"posx":7,"posy":8,"lastAction":3,"status":0},{"playerId":206247,"score":500,"energy":19,"posx":17,"posy":6,"lastAction":1,"status":0},{"playerId":75082,"score":350,"energy":37,"posx":1,"posy":4,"lastAction":3,"status":0}],"golds":[{"posx":20,"posy":0,"amount":100},{"posx":0,"posy":1,"amount":150},{"posx":4,"posy":1,"amount":50},{"posx":14,"posy":1,"amount":150},{"posx":10,"posy":3,"amount":100},{"posx":18,"posy":4,"amount":600},{"posx":17,"posy":5,"amount":300},{"posx":0,"posy":6,"amount":50},{"posx":2,"posy":6,"amount":400},{"posx":14,"posy":6,"amount":50},{"posx":18,"posy":7,"amount":200},{"posx":1,"posy":8,"amount":650},{"posx":3,"posy":8,"amount":50},{"posx":4,"posy":8,"amount":100},{"posx":6,"posy":8,"amount":100},{"posx":12,"posy":8,"amount":300}],"changedObstacles":[]},{"players":[{"playerId":2451397,"score":575,"energy":8,"posx":2,"posy":6,"lastAction":5,"status":0},{"playerId":675419,"score":525,"energy":13,"posx":7,"posy":8,"lastAction":4,"status":0},{"playerId":206247,"score":500,"energy":15,"posx":17,"posy":5,"lastAction":2,"status":0},{"playerId":75082,"score":350,"energy":18,"posx":1,"posy":5,"lastAction":3,"status":0}],"golds":[{"posx":20,"posy":0,"amount":100},{"posx":0,"posy":1,"amount":150},{"posx":4,"posy":1,"amount":50},{"posx":14,"posy":1,"amount":150},{"posx":10,"posy":3,"amount":100},{"posx":18,"posy":4,"amount":600},{"posx":17,"posy":5,"amount":300},{"posx":0,"posy":6,"amount":50},{"posx":2,"posy":6,"amount":350},{"posx":14,"posy":6,"amount":50},{"posx":18,"posy":7,"amount":200},{"posx":1,"posy":8,"amount":650},{"posx":3,"posy":8,"amount":50},{"posx":4,"posy":8,"amount":100},{"posx":6,"posy":8,"amount":100},{"posx":12,"posy":8,"amount":300}],"changedObstacles":[]},{"players":[{"playerId":2451397,"score":625,"energy":3,"posx":2,"posy":6,"lastAction":5,"status":0},{"playerId":675419,"score":525,"energy":9,"posx":6,"posy":8,"lastAction":0,"status":0},{"playerId":206247,"score":550,"energy":10,"posx":17,"posy":5,"lastAction":5,"status":0},{"playerId":75082,"score":350,"energy":30,"posx":1,"posy":5,"lastAction":4,"status":0}],"golds":[{"posx":20,"posy":0,"amount":100},{"posx":0,"posy":1,"amount":150},{"posx":4,"posy":1,"amount":50},{"posx":14,"posy":1,"amount":150},{"posx":10,"posy":3,"amount":100},{"posx":18,"posy":4,"amount":600},{"posx":17,"posy":5,"amount":250},{"posx":0,"posy":6,"amount":50},{"posx":2,"posy":6,"amount":300},{"posx":14,"posy":6,"amount":50},{"posx":18,"posy":7,"amount":200},{"posx":1,"posy":8,"amount":650},{"posx":3,"posy":8,"amount":50},{"posx":4,"posy":8,"amount":100},{"posx":6,"posy":8,"amount":100},{"posx":12,"posy":8,"amount":300}],"changedObstacles":[]},{"players":[{"playerId":2451397,"score":625,"energy":15,"posx":2,"posy":6,"lastAction":4,"status":0},{"playerId":675419,"score":525,"energy":8,"posx":5,"posy":8,"lastAction":0,"status":0},{"playerId":206247,"score":600,"energy":5,"posx":17,"posy":5,"lastAction":5,"status":0},{"playerId":75082,"score":350,"energy":46,"posx":1,"posy":5,"lastAction":4,"status":0}],"golds":[{"posx":20,"posy":0,"amount":100},{"posx":0,"posy":1,"amount":150},{"posx":4,"posy":1,"amount":50},{"posx":14,"posy":1,"amount":150},{"posx":10,"posy":3,"amount":100},{"posx":18,"posy":4,"amount":600},{"posx":17,"posy":5,"amount":200},{"posx":0,"posy":6,"amount":50},{"posx":2,"posy":6,"amount":300},{"posx":14,"posy":6,"amount":50},{"posx":18,"posy":7,"amount":200},{"posx":1,"posy":8,"amount":650},{"posx":3,"posy":8,"amount":50},{"posx":4,"posy":8,"amount":100},{"posx":6,"posy":8,"amount":100},{"posx":12,"posy":8,"amount":300}],"changedObstacles":[]},{"players":[{"playerId":2451397,"score":625,"energy":31,"posx":2,"posy":6,"lastAction":4,"status":0},{"playerId":675419,"score":525,"energy":4,"posx":4,"posy":8,"lastAction":0,"status":0},{"playerId":206247,"score":600,"energy":17,"posx":17,"posy":5,"lastAction":4,"status":0},{"playerId":75082,"score":350,"energy":45,"posx":1,"posy":6,"lastAction":3,"status":0}],"golds":[{"posx":20,"posy":0,"amount":100},{"posx":0,"posy":1,"amount":150},{"posx":4,"posy":1,"amount":50},{"posx":14,"posy":1,"amount":150},{"posx":10,"posy":3,"amount":100},{"posx":18,"posy":4,"amount":600},{"posx":17,"posy":5,"amount":200},{"posx":0,"posy":6,"amount":50},{"posx":2,"posy":6,"amount":300},{"posx":14,"posy":6,"amount":50},{"posx":18,"posy":7,"amount":200},{"posx":1,"posy":8,"amount":650},{"posx":3,"posy":8,"amount":50},{"posx":4,"posy":8,"amount":100},{"posx":6,"posy":8,"amount":100},{"posx":12,"posy":8,"amount":300}],"changedObstacles":[]},{"players":[{"playerId":2451397,"score":675,"energy":26,"posx":2,"posy":6,"lastAction":5,"status":0},{"playerId":675419,"score":525,"energy":16,"posx":4,"posy":8,"lastAction":4,"status":0},{"playerId":206247,"score":600,"energy":33,"posx":17,"posy":5,"lastAction":4,"status":0},{"playerId":75082,"score":350,"energy":41,"posx":2,"posy":6,"lastAction":1,"status":0}],"golds":[{"posx":20,"posy":0,"amount":100},{"posx":0,"posy":1,"amount":150},{"posx":4,"posy":1,"amount":50},{"posx":14,"posy":1,"amount":150},{"posx":10,"posy":3,"amount":100},{"posx":18,"posy":4,"amount":600},{"posx":17,"posy":5,"amount":200},{"posx":0,"posy":6,"amount":50},{"posx":2,"posy":6,"amount":250},{"posx":14,"posy":6,"amount":50},{"posx":18,"posy":7,"amount":200},{"posx":1,"posy":8,"amount":650},{"posx":3,"posy":8,"amount":50},{"posx":4,"posy":8,"amount":100},{"posx":6,"posy":8,"amount":100},{"posx":12,"posy":8,"amount":300}],"changedObstacles":[]},{"players":[{"playerId":2451397,"score":725,"energy":21,"posx":2,"posy":6,"lastAction":5,"status":0},{"playerId":675419,"score":525,"energy":32,"posx":4,"posy":8,"lastAction":4,"status":0},{"playerId":206247,"score":600,"energy":50,"posx":17,"posy":5,"lastAction":4,"status":0},{"playerId":75082,"score":400,"energy":36,"posx":2,"posy":6,"lastAction":5,"status":0}],"golds":[{"posx":20,"posy":0,"amount":100},{"posx":0,"posy":1,"amount":150},{"posx":4,"posy":1,"amount":50},{"posx":14,"posy":1,"amount":150},{"posx":10,"posy":3,"amount":100},{"posx":18,"posy":4,"amount":600},{"posx":17,"posy":5,"amount":200},{"posx":0,"posy":6,"amount":50},{"posx":2,"posy":6,"amount":150},{"posx":14,"posy":6,"amount":50},{"posx":18,"posy":7,"amount":200},{"posx":1,"posy":8,"amount":650},{"posx":3,"posy":8,"amount":50},{"posx":4,"posy":8,"amount":100},{"posx":6,"posy":8,"amount":100},{"posx":12,"posy":8,"amount":300}],"changedObstacles":[]},{"players":[{"playerId":2451397,"score":775,"energy":16,"posx":2,"posy":6,"lastAction":5,"status":0},{"playerId":675419,"score":575,"energy":27,"posx":4,"posy":8,"lastAction":5,"status":0},{"playerId":206247,"score":650,"energy":45,"posx":17,"posy":5,"lastAction":5,"status":0},{"playerId":75082,"score":450,"energy":31,"posx":2,"posy":6,"lastAction":5,"status":0}],"golds":[{"posx":20,"posy":0,"amount":100},{"posx":0,"posy":1,"amount":150},{"posx":4,"posy":1,"amount":50},{"posx":14,"posy":1,"amount":150},{"posx":10,"posy":3,"amount":100},{"posx":18,"posy":4,"amount":600},{"posx":17,"posy":5,"amount":150},{"posx":0,"posy":6,"amount":50},{"posx":2,"posy":6,"amount":50},{"posx":14,"posy":6,"amount":50},{"posx":18,"posy":7,"amount":200},{"posx":1,"posy":8,"amount":650},{"posx":3,"posy":8,"amount":50},{"posx":4,"posy":8,"amount":50},{"posx":6,"posy":8,"amount":100},{"posx":12,"posy":8,"amount":300}],"changedObstacles":[]},{"players":[{"playerId":2451397,"score":825,"energy":11,"posx":2,"posy":6,"lastAction":5,"status":0},{"playerId":675419,"score":625,"energy":22,"posx":4,"posy":8,"lastAction":5,"status":0},{"playerId":206247,"score":700,"energy":40,"posx":17,"posy":5,"lastAction":5,"status":0},{"playerId":75082,"score":450,"energy":43,"posx":2,"posy":6,"lastAction":4,"status":0}],"golds":[{"posx":20,"posy":0,"amount":100},{"posx":0,"posy":1,"amount":150},{"posx":4,"posy":1,"amount":50},{"posx":14,"posy":1,"amount":150},{"posx":10,"posy":3,"amount":100},{"posx":18,"posy":4,"amount":600},{"posx":17,"posy":5,"amount":100},{"posx":0,"posy":6,"amount":50},{"posx":14,"posy":6,"amount":50},{"posx":18,"posy":7,"amount":200},{"posx":1,"posy":8,"amount":650},{"posx":3,"posy":8,"amount":50},{"posx":6,"posy":8,"amount":100},{"posx":12,"posy":8,"amount":300}],"changedObstacles":[{"type":0,"posx":4,"posy":8,"value":-1},{"type":0,"posx":2,"posy":6,"value":-1}]},{"players":[{"playerId":2451397,"score":825,"energy":10,"posx":1,"posy":6,"lastAction":0,"status":0},{"playerId":675419,"score":625,"energy":18,"posx":3,"posy":8,"lastAction":0,"status":0},{"playerId":206247,"score":750,"energy":35,"posx":17,"posy":5,"lastAction":5,"status":0},{"playerId":75082,"score":450,"energy":33,"posx":2,"posy":7,"lastAction":3,"status":0}],"golds":[{"posx":20,"posy":0,"amount":100},{"posx":0,"posy":1,"amount":150},{"posx":4,"posy":1,"amount":50},{"posx":14,"posy":1,"amount":150},{"posx":10,"posy":3,"amount":100},{"posx":18,"posy":4,"amount":600},{"posx":17,"posy":5,"amount":50},{"posx":0,"posy":6,"amount":50},{"posx":14,"posy":6,"amount":50},{"posx":18,"posy":7,"amount":200},{"posx":1,"posy":8,"amount":650},{"posx":3,"posy":8,"amount":50},{"posx":6,"posy":8,"amount":100},{"posx":12,"posy":8,"amount":300}],"changedObstacles":[{"type":0,"posx":2,"posy":7,"value":-1}]},{"players":[{"playerId":2451397,"score":825,"energy":6,"posx":0,"posy":6,"lastAction":0,"status":0},{"playerId":675419,"score":625,"energy":17,"posx":2,"posy":8,"lastAction":0,"status":0},{"playerId":206247,"score":800,"energy":30,"posx":17,"posy":5,"lastAction":5,"status":0},{"playerId":75082,"score":450,"energy":32,"posx":2,"posy":8,"lastAction":3,"status":0}],"golds":[{"posx":20,"posy":0,"amount":100},{"posx":0,"posy":1,"amount":150},{"posx":4,"posy":1,"amount":50},{"posx":14,"posy":1,"amount":150},{"posx":10,"posy":3,"amount":100},{"posx":18,"posy":4,"amount":600},{"posx":0,"posy":6,"amount":50},{"posx":14,"posy":6,"amount":50},{"posx":18,"posy":7,"amount":200},{"posx":1,"posy":8,"amount":650},{"posx":3,"posy":8,"amount":50},{"posx":6,"posy":8,"amount":100},{"posx":12,"posy":8,"amount":300}],"changedObstacles":[{"type":0,"posx":17,"posy":5,"value":-1}]},{"players":[{"playerId":2451397,"score":875,"energy":1,"posx":0,"posy":6,"lastAction":5,"status":0},{"playerId":675419,"score":625,"energy":13,"posx":1,"posy":8,"lastAction":0,"status":0},{"playerId":206247,"score":800,"energy":20,"posx":18,"posy":5,"lastAction":1,"status":0},{"playerId":75082,"score":450,"energy":28,"posx":1,"posy":8,"lastAction":0,"status":0}],"golds":[{"posx":20,"posy":0,"amount":100},{"posx":0,"posy":1,"amount":150},{"posx":4,"posy":1,"amount":50},{"posx":14,"posy":1,"amount":150},{"posx":10,"posy":3,"amount":100},{"posx":18,"posy":4,"amount":600},{"posx":14,"posy":6,"amount":50},{"posx":18,"posy":7,"amount":200},{"posx":1,"posy":8,"amount":650},{"posx":3,"posy":8,"amount":50},{"posx":6,"posy":8,"amount":100},{"posx":12,"posy":8,"amount":300}],"changedObstacles":[{"type":0,"posx":0,"posy":6,"value":-1}]},{"players":[{"playerId":2451397,"score":875,"energy":13,"posx":0,"posy":6,"lastAction":4,"status":0},{"playerId":675419,"score":675,"energy":8,"posx":1,"posy":8,"lastAction":5,"status":0},{"playerId":206247,"score":800,"energy":16,"posx":18,"posy":4,"lastAction":2,"status":0},{"playerId":75082,"score":500,"energy":23,"posx":1,"posy":8,"lastAction":5,"status":0}],"golds":[{"posx":20,"posy":0,"amount":100},{"posx":0,"posy":1,"amount":150},{"posx":4,"posy":1,"amount":50},{"posx":14,"posy":1,"amount":150},{"posx":10,"posy":3,"amount":100},{"posx":18,"posy":4,"amount":600},{"posx":14,"posy":6,"amount":50},{"posx":18,"posy":7,"amount":200},{"posx":1,"posy":8,"amount":550},{"posx":3,"posy":8,"amount":50},{"posx":6,"posy":8,"amount":100},{"posx":12,"posy":8,"amount":300}],"changedObstacles":[]},{"players":[{"playerId":2451397,"score":875,"energy":12,"posx":1,"posy":6,"lastAction":1,"status":0},{"playerId":675419,"score":725,"energy":3,"posx":1,"posy":8,"lastAction":5,"status":0},{"playerId":206247,"score":850,"energy":11,"posx":18,"posy":4,"lastAction":5,"status":0},{"playerId":75082,"score":550,"energy":18,"posx":1,"posy":8,"lastAction":5,"status":0}],"golds":[{"posx":20,"posy":0,"amount":100},{"posx":0,"posy":1,"amount":150},{"posx":4,"posy":1,"amount":50},{"posx":14,"posy":1,"amount":150},{"posx":10,"posy":3,"amount":100},{"posx":18,"posy":4,"amount":550},{"posx":14,"posy":6,"amount":50},{"posx":18,"posy":7,"amount":200},{"posx":1,"posy":8,"amount":450},{"posx":3,"posy":8,"amount":50},{"posx":6,"posy":8,"amount":100},{"posx":12,"posy":8,"amount":300}],"changedObstacles":[]},{"players":[{"playerId":2451397,"score":875,"energy":2,"posx":1,"posy":7,"lastAction":3,"status":0},{"playerId":675419,"score":725,"energy":15,"posx":1,"posy":8,"lastAction":4,"status":0},{"playerId":206247,"score":900,"energy":6,"posx":18,"posy":4,"lastAction":5,"status":0},{"playerId":75082,"score":600,"energy":13,"posx":1,"posy":8,"lastAction":5,"status":0}],"golds":[{"posx":20,"posy":0,"amount":100},{"posx":0,"posy":1,"amount":150},{"posx":4,"posy":1,"amount":50},{"posx":14,"posy":1,"amount":150},{"posx":10,"posy":3,"amount":100},{"posx":18,"posy":4,"amount":500},{"posx":14,"posy":6,"amount":50},{"posx":18,"posy":7,"amount":200},{"posx":1,"posy":8,"amount":400},{"posx":3,"posy":8,"amount":50},{"posx":6,"posy":8,"amount":100},{"posx":12,"posy":8,"amount":300}],"changedObstacles":[{"type":0,"posx":1,"posy":7,"value":-1}]},{"players":[{"playerId":2451397,"score":875,"energy":14,"posx":1,"posy":7,"lastAction":4,"status":0},{"playerId":675419,"score":725,"energy":31,"posx":1,"posy":8,"lastAction":4,"status":0},{"playerId":206247,"score":950,"energy":1,"posx":18,"posy":4,"lastAction":5,"status":0},{"playerId":75082,"score":650,"energy":8,"posx":1,"posy":8,"lastAction":5,"status":0}],"golds":[{"posx":20,"posy":0,"amount":100},{"posx":0,"posy":1,"amount":150},{"posx":4,"posy":1,"amount":50},{"posx":14,"posy":1,"amount":150},{"posx":10,"posy":3,"amount":100},{"posx":18,"posy":4,"amount":450},{"posx":14,"posy":6,"amount":50},{"posx":18,"posy":7,"amount":200},{"posx":1,"posy":8,"amount":350},{"posx":3,"posy":8,"amount":50},{"posx":6,"posy":8,"amount":100},{"posx":12,"posy":8,"amount":300}],"changedObstacles":[]},{"players":[{"playerId":2451397,"score":875,"energy":10,"posx":1,"posy":8,"lastAction":3,"status":0},{"playerId":675419,"score":775,"energy":26,"posx":1,"posy":8,"lastAction":5,"status":0},{"playerId":206247,"score":950,"energy":13,"posx":18,"posy":4,"lastAction":4,"status":0},{"playerId":75082,"score":700,"energy":3,"posx":1,"posy":8,"lastAction":5,"status":0}],"golds":[{"posx":20,"posy":0,"amount":100},{"posx":0,"posy":1,"amount":150},{"posx":4,"posy":1,"amount":50},{"posx":14,"posy":1,"amount":150},{"posx":10,"posy":3,"amount":100},{"posx":18,"posy":4,"amount":450},{"posx":14,"posy":6,"amount":50},{"posx":18,"posy":7,"amount":200},{"posx":1,"posy":8,"amount":250},{"posx":3,"posy":8,"amount":50},{"posx":6,"posy":8,"amount":100},{"posx":12,"posy":8,"amount":300}],"changedObstacles":[]},{"players":[{"playerId":2451397,"score":925,"energy":5,"posx":1,"posy":8,"lastAction":5,"status":0},{"playerId":675419,"score":825,"energy":21,"posx":1,"posy":8,"lastAction":5,"status":0},{"playerId":206247,"score":950,"energy":29,"posx":18,"posy":4,"lastAction":4,"status":0},{"playerId":75082,"score":700,"energy":15,"posx":1,"posy":8,"lastAction":4,"status":0}],"golds":[{"posx":20,"posy":0,"amount":100},{"posx":0,"posy":1,"amount":150},{"posx":4,"posy":1,"amount":50},{"posx":14,"posy":1,"amount":150},{"posx":10,"posy":3,"amount":100},{"posx":18,"posy":4,"amount":450},{"posx":14,"posy":6,"amount":50},{"posx":18,"posy":7,"amount":200},{"posx":1,"posy":8,"amount":150},{"posx":3,"posy":8,"amount":50},{"posx":6,"posy":8,"amount":100},{"posx":12,"posy":8,"amount":300}],"changedObstacles":[]},{"players":[{"playerId":2451397,"score":925,"energy":17,"posx":1,"posy":8,"lastAction":4,"status":0},{"playerId":675419,"score":875,"energy":16,"posx":1,"posy":8,"lastAction":5,"status":0},{"playerId":206247,"score":950,"energy":50,"posx":18,"posy":4,"lastAction":4,"status":0},{"playerId":75082,"score":750,"energy":10,"posx":1,"posy":8,"lastAction":5,"status":0}],"golds":[{"posx":20,"posy":0,"amount":100},{"posx":0,"posy":1,"amount":150},{"posx":4,"posy":1,"amount":50},{"posx":14,"posy":1,"amount":150},{"posx":10,"posy":3,"amount":100},{"posx":18,"posy":4,"amount":450},{"posx":14,"posy":6,"amount":50},{"posx":18,"posy":7,"amount":200},{"posx":1,"posy":8,"amount":50},{"posx":3,"posy":8,"amount":50},{"posx":6,"posy":8,"amount":100},{"posx":12,"posy":8,"amount":300}],"changedObstacles":[]},{"players":[{"playerId":2451397,"score":942,"energy":12,"posx":1,"posy":8,"lastAction":5,"status":0},{"playerId":675419,"score":892,"energy":11,"posx":1,"posy":8,"lastAction":5,"status":0},{"playerId":206247,"score":1000,"energy":45,"posx":18,"posy":4,"lastAction":5,"status":0},{"playerId":75082,"score":767,"energy":5,"posx":1,"posy":8,"lastAction":5,"status":0}],"golds":[{"posx":20,"posy":0,"amount":100},{"posx":0,"posy":1,"amount":150},{"posx":4,"posy":1,"amount":50},{"posx":14,"posy":1,"amount":150},{"posx":10,"posy":3,"amount":100},{"posx":18,"posy":4,"amount":400},{"posx":14,"posy":6,"amount":50},{"posx":18,"posy":7,"amount":200},{"posx":3,"posy":8,"amount":50},{"posx":6,"posy":8,"amount":100},{"posx":12,"posy":8,"amount":300}],"changedObstacles":[{"type":0,"posx":1,"posy":8,"value":-1}]},{"players":[{"playerId":2451397,"score":942,"energy":11,"posx":2,"posy":8,"lastAction":1,"status":0},{"playerId":675419,"score":892,"energy":10,"posx":2,"posy":8,"lastAction":1,"status":0},{"playerId":206247,"score":1050,"energy":40,"posx":18,"posy":4,"lastAction":5,"status":0},{"playerId":75082,"score":767,"energy":4,"posx":2,"posy":8,"lastAction":1,"status":0}],"golds":[{"posx":20,"posy":0,"amount":100},{"posx":0,"posy":1,"amount":150},{"posx":4,"posy":1,"amount":50},{"posx":14,"posy":1,"amount":150},{"posx":10,"posy":3,"amount":100},{"posx":18,"posy":4,"amount":350},{"posx":14,"posy":6,"amount":50},{"posx":18,"posy":7,"amount":200},{"posx":3,"posy":8,"amount":50},{"posx":6,"posy":8,"amount":100},{"posx":12,"posy":8,"amount":300}],"changedObstacles":[]},{"players":[{"playerId":2451397,"score":942,"energy":7,"posx":3,"posy":8,"lastAction":1,"status":0},{"playerId":675419,"score":892,"energy":6,"posx":3,"posy":8,"lastAction":1,"status":0},{"playerId":206247,"score":1100,"energy":35,"posx":18,"posy":4,"lastAction":5,"status":0},{"playerId":75082,"score":767,"energy":16,"posx":2,"posy":8,"lastAction":4,"status":0}],"golds":[{"posx":20,"posy":0,"amount":100},{"posx":0,"posy":1,"amount":150},{"posx":4,"posy":1,"amount":50},{"posx":14,"posy":1,"amount":150},{"posx":10,"posy":3,"amount":100},{"posx":18,"posy":4,"amount":300},{"posx":14,"posy":6,"amount":50},{"posx":18,"posy":7,"amount":200},{"posx":3,"posy":8,"amount":50},{"posx":6,"posy":8,"amount":100},{"posx":12,"posy":8,"amount":300}],"changedObstacles":[]},{"players":[{"playerId":2451397,"score":992,"energy":2,"posx":3,"posy":8,"lastAction":5,"status":0},{"playerId":675419,"score":892,"energy":5,"posx":4,"posy":8,"lastAction":1,"status":0},{"playerId":206247,"score":1150,"energy":30,"posx":18,"posy":4,"lastAction":5,"status":0},{"playerId":75082,"score":767,"energy":12,"posx":3,"posy":8,"lastAction":1,"status":0}],"golds":[{"posx":20,"posy":0,"amount":100},{"posx":0,"posy":1,"amount":150},{"posx":4,"posy":1,"amount":50},{"posx":14,"posy":1,"amount":150},{"posx":10,"posy":3,"amount":100},{"posx":18,"posy":4,"amount":250},{"posx":14,"posy":6,"amount":50},{"posx":18,"posy":7,"amount":200},{"posx":6,"posy":8,"amount":100},{"posx":12,"posy":8,"amount":300}],"changedObstacles":[{"type":0,"posx":3,"posy":8,"value":-1}]},{"players":[{"playerId":2451397,"score":992,"energy":1,"posx":4,"posy":8,"lastAction":1,"status":0},{"playerId":675419,"score":892,"energy":4,"posx":5,"posy":8,"lastAction":1,"status":0},{"playerId":206247,"score":1200,"energy":25,"posx":18,"posy":4,"lastAction":5,"status":0},{"playerId":75082,"score":767,"energy":11,"posx":4,"posy":8,"lastAction":1,"status":0}],"golds":[{"posx":20,"posy":0,"amount":100},{"posx":0,"posy":1,"amount":150},{"posx":4,"posy":1,"amount":50},{"posx":14,"posy":1,"amount":150},{"posx":10,"posy":3,"amount":100},{"posx":18,"posy":4,"amount":200},{"posx":14,"posy":6,"amount":50},{"posx":18,"posy":7,"amount":200},{"posx":6,"posy":8,"amount":100},{"posx":12,"posy":8,"amount":300}],"changedObstacles":[]},{"players":[{"playerId":2451397,"score":992,"energy":13,"posx":4,"posy":8,"lastAction":4,"status":0},{"playerId":675419,"score":892,"energy":16,"posx":5,"posy":8,"lastAction":4,"status":0},{"playerId":206247,"score":1250,"energy":20,"posx":18,"posy":4,"lastAction":5,"status":0},{"playerId":75082,"score":767,"energy":23,"posx":4,"posy":8,"lastAction":4,"status":0}],"golds":[{"posx":20,"posy":0,"amount":100},{"posx":0,"posy":1,"amount":150},{"posx":4,"posy":1,"amount":50},{"posx":14,"posy":1,"amount":150},{"posx":10,"posy":3,"amount":100},{"posx":18,"posy":4,"amount":150},{"posx":14,"posy":6,"amount":50},{"posx":18,"posy":7,"amount":200},{"posx":6,"posy":8,"amount":100},{"posx":12,"posy":8,"amount":300}],"changedObstacles":[]},{"players":[{"playerId":2451397,"score":992,"energy":12,"posx":5,"posy":8,"lastAction":1,"status":0},{"playerId":675419,"score":892,"energy":12,"posx":6,"posy":8,"lastAction":1,"status":0},{"playerId":206247,"score":1300,"energy":15,"posx":18,"posy":4,"lastAction":5,"status":0},{"playerId":75082,"score":767,"energy":22,"posx":5,"posy":8,"lastAction":1,"status":0}],"golds":[{"posx":20,"posy":0,"amount":100},{"posx":0,"posy":1,"amount":150},{"posx":4,"posy":1,"amount":50},{"posx":14,"posy":1,"amount":150},{"posx":10,"posy":3,"amount":100},{"posx":18,"posy":4,"amount":100},{"posx":14,"posy":6,"amount":50},{"posx":18,"posy":7,"amount":200},{"posx":6,"posy":8,"amount":100},{"posx":12,"posy":8,"amount":300}],"changedObstacles":[]},{"players":[{"playerId":2451397,"score":992,"energy":8,"posx":6,"posy":8,"lastAction":1,"status":0},{"playerId":675419,"score":942,"energy":7,"posx":6,"posy":8,"lastAction":5,"status":0},{"playerId":206247,"score":1350,"energy":10,"posx":18,"posy":4,"lastAction":5,"status":0},{"playerId":75082,"score":767,"energy":34,"posx":5,"posy":8,"lastAction":4,"status":0}],"golds":[{"posx":20,"posy":0,"amount":100},{"posx":0,"posy":1,"amount":150},{"posx":4,"posy":1,"amount":50},{"posx":14,"posy":1,"amount":150},{"posx":10,"posy":3,"amount":100},{"posx":18,"posy":4,"amount":50},{"posx":14,"posy":6,"amount":50},{"posx":18,"posy":7,"amount":200},{"posx":6,"posy":8,"amount":50},{"posx":12,"posy":8,"amount":300}],"changedObstacles":[]},{"players":[{"playerId":2451397,"score":1017,"energy":3,"posx":6,"posy":8,"lastAction":5,"status":0},{"playerId":675419,"score":967,"energy":2,"posx":6,"posy":8,"lastAction":5,"status":0},{"playerId":206247,"score":1400,"energy":5,"posx":18,"posy":4,"lastAction":5,"status":0},{"playerId":75082,"score":767,"energy":30,"posx":6,"posy":8,"lastAction":1,"status":0}],"golds":[{"posx":20,"posy":0,"amount":100},{"posx":0,"posy":1,"amount":150},{"posx":4,"posy":1,"amount":50},{"posx":14,"posy":1,"amount":150},{"posx":10,"posy":3,"amount":100},{"posx":14,"posy":6,"amount":50},{"posx":18,"posy":7,"amount":200},{"posx":12,"posy":8,"amount":300}],"changedObstacles":[{"type":0,"posx":6,"posy":8,"value":-1},{"type":0,"posx":18,"posy":4,"value":-1}]},{"players":[{"playerId":2451397,"score":1017,"energy":2,"posx":7,"posy":8,"lastAction":1,"status":0},{"playerId":675419,"score":967,"energy":1,"posx":7,"posy":8,"lastAction":1,"status":0},{"playerId":206247,"score":1400,"energy":17,"posx":18,"posy":4,"lastAction":4,"status":0},{"playerId":75082,"score":767,"energy":42,"posx":6,"posy":8,"lastAction":4,"status":0}],"golds":[{"posx":20,"posy":0,"amount":100},{"posx":0,"posy":1,"amount":150},{"posx":4,"posy":1,"amount":50},{"posx":14,"posy":1,"amount":150},{"posx":10,"posy":3,"amount":100},{"posx":14,"posy":6,"amount":50},{"posx":18,"posy":7,"amount":200},{"posx":12,"posy":8,"amount":300}],"changedObstacles":[]},{"players":[{"playerId":2451397,"score":1017,"energy":1,"posx":8,"posy":8,"lastAction":1,"status":0},{"playerId":675419,"score":967,"energy":13,"posx":7,"posy":8,"lastAction":4,"status":0},{"playerId":206247,"score":1400,"energy":33,"posx":18,"posy":4,"lastAction":4,"status":0},{"playerId":75082,"score":767,"energy":41,"posx":7,"posy":8,"lastAction":1,"status":0}],"golds":[{"posx":20,"posy":0,"amount":100},{"posx":0,"posy":1,"amount":150},{"posx":4,"posy":1,"amount":50},{"posx":14,"posy":1,"amount":150},{"posx":10,"posy":3,"amount":100},{"posx":14,"posy":6,"amount":50},{"posx":18,"posy":7,"amount":200},{"posx":12,"posy":8,"amount":300}],"changedObstacles":[]},{"players":[{"playerId":2451397,"score":1017,"energy":13,"posx":8,"posy":8,"lastAction":4,"status":0},{"playerId":675419,"score":967,"energy":12,"posx":8,"posy":8,"lastAction":1,"status":0},{"playerId":206247,"score":1400,"energy":50,"posx":18,"posy":4,"lastAction":4,"status":0},{"playerId":75082,"score":767,"energy":40,"posx":8,"posy":8,"lastAction":1,"status":0}],"golds":[{"posx":20,"posy":0,"amount":100},{"posx":0,"posy":1,"amount":150},{"posx":4,"posy":1,"amount":50},{"posx":14,"posy":1,"amount":150},{"posx":10,"posy":3,"amount":100},{"posx":14,"posy":6,"amount":50},{"posx":18,"posy":7,"amount":200},{"posx":12,"posy":8,"amount":300}],"changedObstacles":[]},{"players":[{"playerId":2451397,"score":1017,"energy":29,"posx":8,"posy":8,"lastAction":4,"status":0},{"playerId":675419,"score":967,"energy":24,"posx":8,"posy":8,"lastAction":4,"status":0},{"playerId":206247,"score":1400,"energy":31,"posx":18,"posy":5,"lastAction":3,"status":0},{"playerId":75082,"score":767,"energy":21,"posx":9,"posy":8,"lastAction":1,"status":0}],"golds":[{"posx":20,"posy":0,"amount":100},{"posx":0,"posy":1,"amount":150},{"posx":4,"posy":1,"amount":50},{"posx":14,"posy":1,"amount":150},{"posx":10,"posy":3,"amount":100},{"posx":14,"posy":6,"amount":50},{"posx":18,"posy":7,"amount":200},{"posx":12,"posy":8,"amount":300}],"changedObstacles":[]},{"players":[{"playerId":2451397,"score":1017,"energy":11,"posx":9,"posy":8,"lastAction":1,"status":0},{"playerId":675419,"score":967,"energy":16,"posx":9,"posy":8,"lastAction":1,"status":0},{"playerId":206247,"score":1400,"energy":30,"posx":18,"posy":6,"lastAction":3,"status":0},{"playerId":75082,"score":767,"energy":20,"posx":10,"posy":8,"lastAction":1,"status":0}],"golds":[{"posx":20,"posy":0,"amount":100},{"posx":0,"posy":1,"amount":150},{"posx":4,"posy":1,"amount":50},{"posx":14,"posy":1,"amount":150},{"posx":10,"posy":3,"amount":100},{"posx":14,"posy":6,"amount":50},{"posx":18,"posy":7,"amount":200},{"posx":12,"posy":8,"amount":300}],"changedObstacles":[]},{"players":[{"playerId":2451397,"score":1017,"energy":10,"posx":10,"posy":8,"lastAction":1,"status":0},{"playerId":675419,"score":967,"energy":15,"posx":10,"posy":8,"lastAction":1,"status":0},{"playerId":206247,"score":1400,"energy":26,"posx":18,"posy":7,"lastAction":3,"status":0},{"playerId":75082,"score":767,"energy":15,"posx":11,"posy":8,"lastAction":1,"status":0}],"golds":[{"posx":20,"posy":0,"amount":100},{"posx":0,"posy":1,"amount":150},{"posx":4,"posy":1,"amount":50},{"posx":14,"posy":1,"amount":150},{"posx":10,"posy":3,"amount":100},{"posx":14,"posy":6,"amount":50},{"posx":18,"posy":7,"amount":200},{"posx":12,"posy":8,"amount":300}],"changedObstacles":[{"type":3,"posx":11,"posy":8,"value":-20}]},{"players":[{"playerId":2451397,"score":1017,"energy":22,"posx":10,"posy":8,"lastAction":4,"status":0},{"playerId":675419,"score":967,"energy":27,"posx":10,"posy":8,"lastAction":4,"status":0},{"playerId":206247,"score":1450,"energy":21,"posx":18,"posy":7,"lastAction":5,"status":0},{"playerId":75082,"score":767,"energy":11,"posx":12,"posy":8,"lastAction":1,"status":0}],"golds":[{"posx":20,"posy":0,"amount":100},{"posx":0,"posy":1,"amount":150},{"posx":4,"posy":1,"amount":50},{"posx":14,"posy":1,"amount":150},{"posx":10,"posy":3,"amount":100},{"posx":14,"posy":6,"amount":50},{"posx":18,"posy":7,"amount":150},{"posx":12,"posy":8,"amount":300}],"changedObstacles":[]},{"players":[{"playerId":2451397,"score":1017,"energy":2,"posx":11,"posy":8,"lastAction":1,"status":0},{"playerId":675419,"score":967,"energy":7,"posx":11,"posy":8,"lastAction":1,"status":0},{"playerId":206247,"score":1500,"energy":16,"posx":18,"posy":7,"lastAction":5,"status":0},{"playerId":75082,"score":817,"energy":6,"posx":12,"posy":8,"lastAction":5,"status":0}],"golds":[{"posx":20,"posy":0,"amount":100},{"posx":0,"posy":1,"amount":150},{"posx":4,"posy":1,"amount":50},{"posx":14,"posy":1,"amount":150},{"posx":10,"posy":3,"amount":100},{"posx":14,"posy":6,"amount":50},{"posx":18,"posy":7,"amount":100},{"posx":12,"posy":8,"amount":250}],"changedObstacles":[{"type":3,"posx":11,"posy":8,"value":-40}]},{"players":[{"playerId":2451397,"score":1017,"energy":14,"posx":11,"posy":8,"lastAction":4,"status":0},{"playerId":675419,"score":967,"energy":3,"posx":12,"posy":8,"lastAction":1,"status":0},{"playerId":206247,"score":1550,"energy":11,"posx":18,"posy":7,"lastAction":5,"status":0},{"playerId":75082,"score":867,"energy":1,"posx":12,"posy":8,"lastAction":5,"status":0}],"golds":[{"posx":20,"posy":0,"amount":100},{"posx":0,"posy":1,"amount":150},{"posx":4,"posy":1,"amount":50},{"posx":14,"posy":1,"amount":150},{"posx":10,"posy":3,"amount":100},{"posx":14,"posy":6,"amount":50},{"posx":18,"posy":7,"amount":50},{"posx":12,"posy":8,"amount":200}],"changedObstacles":[]},{"players":[{"playerId":2451397,"score":1017,"energy":10,"posx":12,"posy":8,"lastAction":1,"status":0},{"playerId":675419,"score":967,"energy":15,"posx":12,"posy":8,"lastAction":4,"status":0},{"playerId":206247,"score":1600,"energy":6,"posx":18,"posy":7,"lastAction":5,"status":0},{"playerId":75082,"score":867,"energy":13,"posx":12,"posy":8,"lastAction":4,"status":0}],"golds":[{"posx":20,"posy":0,"amount":100},{"posx":0,"posy":1,"amount":150},{"posx":4,"posy":1,"amount":50},{"posx":14,"posy":1,"amount":150},{"posx":10,"posy":3,"amount":100},{"posx":14,"posy":6,"amount":50},{"posx":12,"posy":8,"amount":200}],"changedObstacles":[{"type":0,"posx":18,"posy":7,"value":-1}]},{"players":[{"playerId":2451397,"score":1067,"energy":5,"posx":12,"posy":8,"lastAction":5,"status":0},{"playerId":675419,"score":967,"energy":31,"posx":12,"posy":8,"lastAction":4,"status":0},{"playerId":206247,"score":1600,"energy":5,"posx":17,"posy":7,"lastAction":0,"status":0},{"playerId":75082,"score":917,"energy":8,"posx":12,"posy":8,"lastAction":5,"status":0}],"golds":[{"posx":20,"posy":0,"amount":100},{"posx":0,"posy":1,"amount":150},{"posx":4,"posy":1,"amount":50},{"posx":14,"posy":1,"amount":150},{"posx":10,"posy":3,"amount":100},{"posx":14,"posy":6,"amount":50},{"posx":12,"posy":8,"amount":100}],"changedObstacles":[]},{"players":[{"playerId":2451397,"score":1067,"energy":17,"posx":12,"posy":8,"lastAction":4,"status":0},{"playerId":675419,"score":1017,"energy":26,"posx":12,"posy":8,"lastAction":5,"status":0},{"playerId":206247,"score":1600,"energy":4,"posx":16,"posy":7,"lastAction":0,"status":0},{"playerId":75082,"score":967,"energy":3,"posx":12,"posy":8,"lastAction":5,"status":0}],"golds":[{"posx":20,"posy":0,"amount":100},{"posx":0,"posy":1,"amount":150},{"posx":4,"posy":1,"amount":50},{"posx":14,"posy":1,"amount":150},{"posx":10,"posy":3,"amount":100},{"posx":14,"posy":6,"amount":50}],"changedObstacles":[{"type":0,"posx":12,"posy":8,"value":-1}]},{"players":[{"playerId":2451397,"score":1067,"energy":16,"posx":12,"posy":7,"lastAction":2,"status":0},{"playerId":675419,"score":1017,"energy":25,"posx":12,"posy":7,"lastAction":2,"status":0},{"playerId":206247,"score":1600,"energy":3,"posx":16,"posy":6,"lastAction":2,"status":0},{"playerId":75082,"score":967,"energy":15,"posx":12,"posy":8,"lastAction":4,"status":0}],"golds":[{"posx":20,"posy":0,"amount":100},{"posx":0,"posy":1,"amount":150},{"posx":4,"posy":1,"amount":50},{"posx":14,"posy":1,"amount":150},{"posx":10,"posy":3,"amount":100},{"posx":14,"posy":6,"amount":50}],"changedObstacles":[]},{"players":[{"playerId":2451397,"score":1067,"energy":28,"posx":12,"posy":7,"lastAction":4,"status":0},{"playerId":675419,"score":1017,"energy":17,"posx":13,"posy":7,"lastAction":1,"status":0},{"playerId":206247,"score":1600,"energy":2,"posx":16,"posy":5,"lastAction":2,"status":0},{"playerId":75082,"score":967,"energy":31,"posx":12,"posy":8,"lastAction":4,"status":0}],"golds":[{"posx":20,"posy":0,"amount":100},{"posx":0,"posy":1,"amount":150},{"posx":4,"posy":1,"amount":50},{"posx":14,"posy":1,"amount":150},{"posx":10,"posy":3,"amount":100},{"posx":14,"posy":6,"amount":50}],"changedObstacles":[]},{"players":[{"playerId":2451397,"score":1067,"energy":16,"posx":13,"posy":7,"lastAction":1,"status":0},{"playerId":675419,"score":1017,"energy":16,"posx":13,"posy":6,"lastAction":2,"status":0},{"playerId":206247,"score":1600,"energy":1,"posx":15,"posy":5,"lastAction":0,"status":0},{"playerId":75082,"score":967,"energy":50,"posx":12,"posy":8,"lastAction":4,"status":0}],"golds":[{"posx":20,"posy":0,"amount":100},{"posx":0,"posy":1,"amount":150},{"posx":4,"posy":1,"amount":50},{"posx":14,"posy":1,"amount":150},{"posx":10,"posy":3,"amount":100},{"posx":14,"posy":6,"amount":50}],"changedObstacles":[]},{"players":[{"playerId":2451397,"score":1067,"energy":15,"posx":13,"posy":6,"lastAction":2,"status":0},{"playerId":675419,"score":1017,"energy":15,"posx":13,"posy":5,"lastAction":2,"status":0},{"playerId":206247,"score":1600,"energy":13,"posx":15,"posy":5,"lastAction":4,"status":0},{"playerId":75082,"score":967,"energy":49,"posx":12,"posy":7,"lastAction":2,"status":0}],"golds":[{"posx":20,"posy":0,"amount":100},{"posx":0,"posy":1,"amount":150},{"posx":4,"posy":1,"amount":50},{"posx":14,"posy":1,"amount":150},{"posx":10,"posy":3,"amount":100},{"posx":14,"posy":6,"amount":50}],"changedObstacles":[]},{"players":[{"playerId":2451397,"score":1067,"energy":11,"posx":14,"posy":6,"lastAction":1,"status":0},{"playerId":675419,"score":1017,"energy":14,"posx":13,"posy":4,"lastAction":2,"status":0},{"playerId":206247,"score":1600,"energy":29,"posx":15,"posy":5,"lastAction":4,"status":0},{"playerId":75082,"score":967,"energy":48,"posx":12,"posy":8,"lastAction":3,"status":0}],"golds":[{"posx":20,"posy":0,"amount":100},{"posx":0,"posy":1,"amount":150},{"posx":4,"posy":1,"amount":50},{"posx":14,"posy":1,"amount":150},{"posx":10,"posy":3,"amount":100},{"posx":14,"posy":6,"amount":50}],"changedObstacles":[]},{"players":[{"playerId":2451397,"score":1117,"energy":6,"posx":14,"posy":6,"lastAction":5,"status":0},{"playerId":675419,"score":1017,"energy":9,"posx":13,"posy":3,"lastAction":2,"status":0},{"playerId":206247,"score":1600,"energy":50,"posx":15,"posy":5,"lastAction":4,"status":0},{"playerId":75082,"score":967,"energy":8,"posx":11,"posy":8,"lastAction":0,"status":0}],"golds":[{"posx":20,"posy":0,"amount":100},{"posx":0,"posy":1,"amount":150},{"posx":4,"posy":1,"amount":50},{"posx":14,"posy":1,"amount":150},{"posx":10,"posy":3,"amount":100}],"changedObstacles":[{"type":3,"posx":13,"posy":3,"value":-20},{"type":3,"posx":11,"posy":8,"value":-100},{"type":0,"posx":14,"posy":6,"value":-1}]},{"players":[{"playerId":2451397,"score":1117,"energy":1,"posx":14,"posy":5,"lastAction":2,"status":0},{"playerId":675419,"score":1017,"energy":8,"posx":14,"posy":3,"lastAction":1,"status":0},{"playerId":206247,"score":1600,"energy":49,"posx":15,"posy":4,"lastAction":2,"status":0},{"playerId":75082,"score":967,"energy":7,"posx":10,"posy":8,"lastAction":0,"status":0}],"golds":[{"posx":20,"posy":0,"amount":100},{"posx":0,"posy":1,"amount":150},{"posx":4,"posy":1,"amount":50},{"posx":14,"posy":1,"amount":150},{"posx":10,"posy":3,"amount":100}],"changedObstacles":[{"type":3,"posx":14,"posy":5,"value":-20}]},{"players":[{"playerId":2451397,"score":1117,"energy":13,"posx":14,"posy":5,"lastAction":4,"status":0},{"playerId":675419,"score":1017,"energy":20,"posx":14,"posy":3,"lastAction":4,"status":0},{"playerId":206247,"score":1600,"energy":38,"posx":14,"posy":4,"lastAction":0,"status":0},{"playerId":75082,"score":967,"energy":19,"posx":10,"posy":8,"lastAction":4,"status":0}],"golds":[{"posx":20,"posy":0,"amount":100},{"posx":0,"posy":1,"amount":150},{"posx":4,"posy":1,"amount":50},{"posx":14,"posy":1,"amount":150},{"posx":10,"posy":3,"amount":100}],"changedObstacles":[]},{"players":[{"playerId":2451397,"score":1117,"energy":29,"posx":14,"posy":5,"lastAction":4,"status":0},{"playerId":675419,"score":1017,"energy":10,"posx":14,"posy":2,"lastAction":2,"status":0},{"playerId":206247,"score":1600,"energy":37,"posx":13,"posy":4,"lastAction":0,"status":0},{"playerId":75082,"score":967,"energy":35,"posx":10,"posy":8,"lastAction":4,"status":0}],"golds":[{"posx":20,"posy":0,"amount":100},{"posx":0,"posy":1,"amount":150},{"posx":4,"posy":1,"amount":50},{"posx":14,"posy":1,"amount":150},{"posx":10,"posy":3,"amount":100}],"changedObstacles":[{"type":0,"posx":14,"posy":2,"value":-1}]},{"players":[{"playerId":2451397,"score":1117,"energy":21,"posx":14,"posy":4,"lastAction":2,"status":0},{"playerId":675419,"score":1017,"energy":6,"posx":14,"posy":1,"lastAction":2,"status":0},{"playerId":206247,"score":1600,"energy":36,"posx":12,"posy":4,"lastAction":0,"status":0},{"playerId":75082,"score":967,"energy":16,"posx":9,"posy":8,"lastAction":0,"status":0}],"golds":[{"posx":20,"posy":0,"amount":100},{"posx":0,"posy":1,"amount":150},{"posx":4,"posy":1,"amount":50},{"posx":14,"posy":1,"amount":150},{"posx":10,"posy":3,"amount":100}],"changedObstacles":[]},{"players":[{"playerId":2451397,"score":1117,"energy":20,"posx":13,"posy":4,"lastAction":0,"status":0},{"playerId":675419,"score":1067,"energy":1,"posx":14,"posy":1,"lastAction":5,"status":0},{"playerId":206247,"score":1600,"energy":35,"posx":11,"posy":4,"lastAction":0,"status":0},{"playerId":75082,"score":967,"energy":15,"posx":8,"posy":8,"lastAction":0,"status":0}],"golds":[{"posx":20,"posy":0,"amount":100},{"posx":0,"posy":1,"amount":150},{"posx":4,"posy":1,"amount":50},{"posx":14,"posy":1,"amount":100},{"posx":10,"posy":3,"amount":100}],"changedObstacles":[]},{"players":[{"playerId":2451397,"score":1117,"energy":19,"posx":12,"posy":4,"lastAction":0,"status":0},{"playerId":675419,"score":1067,"energy":13,"posx":14,"posy":1,"lastAction":4,"status":0},{"playerId":206247,"score":1600,"energy":25,"posx":10,"posy":4,"lastAction":0,"status":0},{"playerId":75082,"score":967,"energy":14,"posx":7,"posy":8,"lastAction":0,"status":0}],"golds":[{"posx":20,"posy":0,"amount":100},{"posx":0,"posy":1,"amount":150},{"posx":4,"posy":1,"amount":50},{"posx":14,"posy":1,"amount":100},{"posx":10,"posy":3,"amount":100}],"changedObstacles":[{"type":0,"posx":10,"posy":4,"value":-1}]},{"players":[{"playerId":2451397,"score":1117,"energy":18,"posx":11,"posy":4,"lastAction":0,"status":0},{"playerId":675419,"score":1067,"energy":29,"posx":14,"posy":1,"lastAction":4,"status":0},{"playerId":206247,"score":1600,"energy":24,"posx":9,"posy":4,"lastAction":0,"status":0},{"playerId":75082,"score":967,"energy":26,"posx":7,"posy":8,"lastAction":4,"status":0}],"golds":[{"posx":20,"posy":0,"amount":100},{"posx":0,"posy":1,"amount":150},{"posx":4,"posy":1,"amount":50},{"posx":14,"posy":1,"amount":100},{"posx":10,"posy":3,"amount":100}],"changedObstacles":[]},{"players":[{"playerId":2451397,"score":1117,"energy":17,"posx":10,"posy":4,"lastAction":0,"status":0},{"playerId":675419,"score":1117,"energy":24,"posx":14,"posy":1,"lastAction":5,"status":0},{"playerId":206247,"score":1600,"energy":23,"posx":9,"posy":3,"lastAction":2,"status":0},{"playerId":75082,"score":967,"energy":25,"posx":6,"posy":8,"lastAction":0,"status":0}],"golds":[{"posx":20,"posy":0,"amount":100},{"posx":0,"posy":1,"amount":150},{"posx":4,"posy":1,"amount":50},{"posx":14,"posy":1,"amount":50},{"posx":10,"posy":3,"amount":100}],"changedObstacles":[]},{"players":[{"playerId":2451397,"score":1117,"energy":13,"posx":10,"posy":3,"lastAction":2,"status":0},{"playerId":675419,"score":1167,"energy":19,"posx":14,"posy":1,"lastAction":5,"status":0},{"playerId":206247,"score":1600,"energy":22,"posx":9,"posy":2,"lastAction":2,"status":0},{"playerId":75082,"score":967,"energy":37,"posx":6,"posy":8,"lastAction":4,"status":0}],"golds":[{"posx":20,"posy":0,"amount":100},{"posx":0,"posy":1,"amount":150},{"posx":4,"posy":1,"amount":50},{"posx":10,"posy":3,"amount":100}],"changedObstacles":[{"type":0,"posx":14,"posy":1,"value":-1}]},{"players":[{"playerId":2451397,"score":1167,"energy":8,"posx":10,"posy":3,"lastAction":5,"status":0},{"playerId":675419,"score":1167,"energy":18,"posx":15,"posy":1,"lastAction":1,"status":0},{"playerId":206247,"score":1600,"energy":21,"posx":8,"posy":2,"lastAction":0,"status":0},{"playerId":75082,"score":967,"energy":50,"posx":6,"posy":8,"lastAction":4,"status":0}],"golds":[{"posx":20,"posy":0,"amount":100},{"posx":0,"posy":1,"amount":150},{"posx":4,"posy":1,"amount":50},{"posx":10,"posy":3,"amount":50}],"changedObstacles":[]},{"players":[{"playerId":2451397,"score":1217,"energy":3,"posx":10,"posy":3,"lastAction":5,"status":0},{"playerId":675419,"score":1167,"energy":17,"posx":16,"posy":1,"lastAction":1,"status":0},{"playerId":206247,"score":1600,"energy":20,"posx":7,"posy":2,"lastAction":0,"status":0},{"playerId":75082,"score":967,"energy":49,"posx":7,"posy":8,"lastAction":1,"status":0}],"golds":[{"posx":20,"posy":0,"amount":100},{"posx":0,"posy":1,"amount":150},{"posx":4,"posy":1,"amount":50}],"changedObstacles":[{"type":0,"posx":10,"posy":3,"value":-1}]},{"players":[{"playerId":2451397,"score":1217,"energy":2,"posx":9,"posy":3,"lastAction":0,"status":0},{"playerId":675419,"score":1167,"energy":16,"posx":16,"posy":0,"lastAction":2,"status":0},{"playerId":206247,"score":1600,"energy":19,"posx":7,"posy":1,"lastAction":2,"status":0},{"playerId":75082,"score":967,"energy":48,"posx":6,"posy":8,"lastAction":0,"status":0}],"golds":[{"posx":20,"posy":0,"amount":100},{"posx":0,"posy":1,"amount":150},{"posx":4,"posy":1,"amount":50}],"changedObstacles":[]},{"players":[{"playerId":2451397,"score":1217,"energy":1,"posx":9,"posy":2,"lastAction":2,"status":0},{"playerId":675419,"score":1167,"energy":15,"posx":17,"posy":0,"lastAction":1,"status":0},{"playerId":206247,"score":1600,"energy":18,"posx":6,"posy":1,"lastAction":0,"status":0},{"playerId":75082,"score":967,"energy":47,"posx":7,"posy":8,"lastAction":1,"status":0}],"golds":[{"posx":20,"posy":0,"amount":100},{"posx":0,"posy":1,"amount":150},{"posx":4,"posy":1,"amount":50}],"changedObstacles":[]},{"players":[{"playerId":2451397,"score":1217,"energy":13,"posx":9,"posy":2,"lastAction":4,"status":0},{"playerId":675419,"score":1167,"energy":14,"posx":18,"posy":0,"lastAction":1,"status":0},{"playerId":206247,"score":1600,"energy":17,"posx":5,"posy":1,"lastAction":0,"status":0},{"playerId":75082,"score":967,"energy":46,"posx":7,"posy":7,"lastAction":2,"status":0}],"golds":[{"posx":20,"posy":0,"amount":100},{"posx":0,"posy":1,"amount":150},{"posx":4,"posy":1,"amount":50}],"changedObstacles":[]},{"players":[{"playerId":2451397,"score":1217,"energy":12,"posx":8,"posy":2,"lastAction":0,"status":0},{"playerId":675419,"score":1167,"energy":26,"posx":18,"posy":0,"lastAction":4,"status":0},{"playerId":206247,"score":1600,"energy":13,"posx":4,"posy":1,"lastAction":0,"status":0},{"playerId":75082,"score":967,"energy":45,"posx":7,"posy":8,"lastAction":3,"status":0}],"golds":[{"posx":20,"posy":0,"amount":100},{"posx":0,"posy":1,"amount":150},{"posx":4,"posy":1,"amount":50}],"changedObstacles":[]},{"players":[{"playerId":2451397,"score":1217,"energy":11,"posx":7,"posy":2,"lastAction":0,"status":0},{"playerId":675419,"score":1167,"energy":18,"posx":19,"posy":0,"lastAction":1,"status":0},{"playerId":206247,"score":1600,"energy":3,"posx":3,"posy":1,"lastAction":0,"status":0},{"playerId":75082,"score":967,"energy":44,"posx":8,"posy":8,"lastAction":1,"status":0}],"golds":[{"posx":20,"posy":0,"amount":100},{"posx":0,"posy":1,"amount":150},{"posx":4,"posy":1,"amount":50}],"changedObstacles":[{"type":0,"posx":3,"posy":1,"value":-1}]},{"players":[{"playerId":2451397,"score":1217,"energy":10,"posx":7,"posy":1,"lastAction":2,"status":0},{"playerId":675419,"score":1167,"energy":14,"posx":20,"posy":0,"lastAction":1,"status":0},{"playerId":206247,"score":1600,"energy":2,"posx":2,"posy":1,"lastAction":0,"status":0},{"playerId":75082,"score":967,"energy":26,"posx":9,"posy":8,"lastAction":1,"status":0}],"golds":[{"posx":20,"posy":0,"amount":100},{"posx":0,"posy":1,"amount":150},{"posx":4,"posy":1,"amount":50}],"changedObstacles":[]},{"players":[{"playerId":2451397,"score":1217,"energy":9,"posx":6,"posy":1,"lastAction":0,"status":0},{"playerId":675419,"score":1217,"energy":9,"posx":20,"posy":0,"lastAction":5,"status":0},{"playerId":206247,"score":1600,"energy":14,"posx":2,"posy":1,"lastAction":4,"status":0},{"playerId":75082,"score":967,"energy":25,"posx":10,"posy":8,"lastAction":1,"status":0}],"golds":[{"posx":20,"posy":0,"amount":50},{"posx":0,"posy":1,"amount":150},{"posx":4,"posy":1,"amount":50}],"changedObstacles":[]},{"players":[{"playerId":2451397,"score":1217,"energy":8,"posx":5,"posy":1,"lastAction":0,"status":0},{"playerId":675419,"score":1267,"energy":4,"posx":20,"posy":0,"lastAction":5,"status":0},{"playerId":206247,"score":1600,"energy":30,"posx":2,"posy":1,"lastAction":4,"status":0},{"playerId":75082,"score":967,"energy":24,"posx":10,"posy":7,"lastAction":2,"status":0}],"golds":[{"posx":0,"posy":1,"amount":150},{"posx":4,"posy":1,"amount":50}],"changedObstacles":[{"type":0,"posx":20,"posy":0,"value":-1}]},{"players":[{"playerId":2451397,"score":1217,"energy":4,"posx":4,"posy":1,"lastAction":0,"status":0},{"playerId":675419,"score":1267,"energy":4,"posx":20,"posy":0,"lastAction":5,"status":3},{"playerId":206247,"score":1600,"energy":50,"posx":2,"posy":1,"lastAction":4,"status":0},{"playerId":75082,"score":967,"energy":23,"posx":10,"posy":8,"lastAction":3,"status":0}],"golds":[{"posx":0,"posy":1,"amount":150},{"posx":4,"posy":1,"amount":50}],"changedObstacles":[]},{"players":[{"playerId":2451397,"score":1217,"energy":16,"posx":4,"posy":1,"lastAction":4,"status":0},{"playerId":675419,"score":1267,"energy":4,"posx":20,"posy":0,"lastAction":6,"status":3},{"playerId":206247,"score":1600,"energy":45,"posx":1,"posy":1,"lastAction":0,"status":0},{"playerId":75082,"score":967,"energy":6,"posx":9,"posy":8,"lastAction":0,"status":0}],"golds":[{"posx":0,"posy":1,"amount":150},{"posx":4,"posy":1,"amount":50}],"changedObstacles":[{"type":3,"posx":1,"posy":1,"value":-20}]},{"players":[{"playerId":2451397,"score":1267,"energy":11,"posx":4,"posy":1,"lastAction":5,"status":0},{"playerId":675419,"score":1267,"energy":4,"posx":20,"posy":0,"lastAction":6,"status":3},{"playerId":206247,"score":1600,"energy":41,"posx":0,"posy":1,"lastAction":0,"status":0},{"playerId":75082,"score":967,"energy":5,"posx":10,"posy":8,"lastAction":1,"status":0}],"golds":[{"posx":0,"posy":1,"amount":150}],"changedObstacles":[{"type":0,"posx":4,"posy":1,"value":-1}]},{"players":[{"playerId":2451397,"score":1267,"energy":23,"posx":4,"posy":1,"lastAction":4,"status":0},{"playerId":675419,"score":1267,"energy":4,"posx":20,"posy":0,"lastAction":6,"status":3},{"playerId":206247,"score":1650,"energy":36,"posx":0,"posy":1,"lastAction":5,"status":0},{"playerId":75082,"score":967,"energy":4,"posx":10,"posy":7,"lastAction":2,"status":0}],"golds":[{"posx":0,"posy":1,"amount":100}],"changedObstacles":[]},{"players":[{"playerId":2451397,"score":1267,"energy":22,"posx":5,"posy":1,"lastAction":1,"status":0},{"playerId":675419,"score":1267,"energy":4,"posx":20,"posy":0,"lastAction":6,"status":3},{"playerId":206247,"score":1700,"energy":31,"posx":0,"posy":1,"lastAction":5,"status":0},{"playerId":75082,"score":967,"energy":3,"posx":11,"posy":7,"lastAction":1,"status":0}],"golds":[{"posx":0,"posy":1,"amount":50}],"changedObstacles":[]},{"players":[{"playerId":2451397,"score":1267,"energy":21,"posx":6,"posy":1,"lastAction":1,"status":0},{"playerId":675419,"score":1267,"energy":4,"posx":20,"posy":0,"lastAction":6,"status":3},{"playerId":206247,"score":1750,"energy":26,"posx":0,"posy":1,"lastAction":5,"status":0},{"playerId":75082,"score":967,"energy":2,"posx":12,"posy":7,"lastAction":1,"status":0}],"golds":[],"changedObstacles":[{"type":0,"posx":0,"posy":1,"value":-1}]}]