[{"players":[{"playerId":2451397,"score":0,"energy":49,"posx":8,"posy":2,"lastAction":0,"status":0},{"playerId":206247,"score":0,"energy":49,"posx":9,"posy":3,"lastAction":3,"status":0},{"playerId":2375363,"score":0,"energy":49,"posx":9,"posy":3,"lastAction":3,"status":0},{"playerId":75082,"score":0,"energy":49,"posx":9,"posy":3,"lastAction":3,"status":0}],"golds":[{"posx":4,"posy":8,"amount":100},{"posx":8,"posy":7,"amount":450},{"posx":0,"posy":1,"amount":150},{"posx":16,"posy":6,"amount":500},{"posx":20,"posy":0,"amount":100},{"posx":3,"posy":3,"amount":700},{"posx":14,"posy":6,"amount":50},{"posx":2,"posy":6,"amount":500},{"posx":0,"posy":6,"amount":50},{"posx":3,"posy":8,"amount":50},{"posx":6,"posy":4,"amount":150},{"posx":18,"posy":4,"amount":600},{"posx":4,"posy":1,"amount":50},{"posx":12,"posy":8,"amount":300},{"posx":1,"posy":8,"amount":650},{"posx":17,"posy":5,"amount":300},{"posx":18,"posy":7,"amount":200},{"posx":6,"posy":8,"amount":100},{"posx":14,"posy":1,"amount":150},{"posx":10,"posy":3,"amount":100}],"changedObstacles":[]},{"players":[{"playerId":2451397,"score":0,"energy":48,"posx":7,"posy":2,"lastAction":0,"status":0},{"playerId":206247,"score":0,"energy":48,"posx":9,"posy":4,"lastAction":3,"status":0},{"playerId":2375363,"score":0,"energy":45,"posx":10,"posy":3,"lastAction":1,"status":0},{"playerId":75082,"score":0,"energy":48,"posx":9,"posy":4,"lastAction":3,"status":0}],"golds":[{"posx":4,"posy":8,"amount":100},{"posx":8,"posy":7,"amount":450},{"posx":0,"posy":1,"amount":150},{"posx":16,"posy":6,"amount":500},{"posx":20,"posy":0,"amount":100},{"posx":3,"posy":3,"amount":700},{"posx":14,"posy":6,"amount":50},{"posx":2,"posy":6,"amount":500},{"posx":0,"posy":6,"amount":50},{"posx":3,"posy":8,"amount":50},{"posx":6,"posy":4,"amount":150},{"posx":18,"posy":4,"amount":600},{"posx":4,"posy":1,"amount":50},{"posx":12,"posy":8,"amount":300},{"posx":1,"posy":8,"amount":650},{"posx":17,"posy":5,"amount":300},{"posx":18,"posy":7,"amount":200},{"posx":6,"posy":8,"amount":100},{"posx":14,"posy":1,"amount":150},{"posx":10,"posy":3,"amount":100}],"changedObstacles":[]},{"players":[{"playerId":2451397,"score":0,"energy":43,"posx":7,"posy":3,"lastAction":3,"status":0},{"playerId":206247,"score":0,"energy":47,"posx":9,"posy":5,"lastAction":3,"status":0},{"playerId":2375363,"score":50,"energy":40,"posx":10,"posy":3,"lastAction":5,"status":0},{"playerId":75082,"score":0,"energy":43,"posx":8,"posy":4,"lastAction":0,"status":0}],"golds":[{"posx":20,"posy":0,"amount":100},{"posx":0,"posy":1,"amount":150},{"posx":4,"posy":1,"amount":50},{"posx":14,"posy":1,"amount":150},{"posx":3,"posy":3,"amount":700},{"posx":10,"posy":3,"amount":50},{"posx":6,"posy":4,"amount":150},{"posx":18,"posy":4,"amount":600},{"posx":17,"posy":5,"amount":300},{"posx":0,"posy":6,"amount":50},{"posx":2,"posy":6,"amount":500},{"posx":14,"posy":6,"amount":50},{"posx":16,"posy":6,"amount":500},{"posx":8,"posy":7,"amount":450},{"posx":18,"posy":7,"amount":200},{"posx":1,"posy":8,"amount":650},{"posx":3,"posy":8,"amount":50},{"posx":4,"posy":8,"amount":100},{"posx":6,"posy":8,"amount":100},{"posx":12,"posy":8,"amount":300}],"changedObstacles":[{"type":3,"posx":8,"posy":4,"value":-20},{"type":3,"posx":7,"posy":3,"value":-20}]},{"players":[{"playerId":2451397,"score":0,"energy":42,"posx":6,"posy":3,"lastAction":0,"status":0},{"playerId":206247,"score":0,"energy":46,"posx":9,"posy":6,"lastAction":3,"status":0},{"playerId":2375363,"score":100,"energy":35,"posx":10,"posy":3,"lastAction":5,"status":0},{"playerId":75082,"score":0,"energy":42,"posx":7,"posy":4,"lastAction":0,"status":0}],"golds":[{"posx":20,"posy":0,"amount":100},{"posx":0,"posy":1,"amount":150},{"posx":4,"posy":1,"amount":50},{"posx":14,"posy":1,"amount":150},{"posx":3,"posy":3,"amount":700},{"posx":6,"posy":4,"amount":150},{"posx":18,"posy":4,"amount":600},{"posx":17,"posy":5,"amount":300},{"posx":0,"posy":6,"amount":50},{"posx":2,"posy":6,"amount":500},{"posx":14,"posy":6,"amount":50},{"posx":16,"posy":6,"amount":500},{"posx":8,"posy":7,"amount":450},{"posx":18,"posy":7,"amount":200},{"posx":1,"posy":8,"amount":650},{"posx":3,"posy":8,"amount":50},{"posx":4,"posy":8,"amount":100},{"posx":6,"posy":8,"amount":100},{"posx":12,"posy":8,"amount":300}],"changedObstacles":[{"type":0,"posx":10,"posy":3,"value":-1}]},{"players":[{"playerId":2451397,"score":0,"energy":38,"posx":6,"posy":4,"lastAction":3,"status":0},{"playerId":206247,"score":0,"energy":45,"posx":10,"posy":6,"lastAction":1,"status":0},{"playerId":2375363,"score":100,"energy":47,"posx":10,"posy":3,"lastAction":4,"status":0},{"playerId":75082,"score":0,"energy":38,"posx":6,"posy":4,"lastAction":0,"status":0}],"golds":[{"posx":20,"posy":0,"amount":100},{"posx":0,"posy":1,"amount":150},{"posx":4,"posy":1,"amount":50},{"posx":14,"posy":1,"amount":150},{"posx":3,"posy":3,"amount":700},{"posx":6,"posy":4,"amount":150},{"posx":18,"posy":4,"amount":600},{"posx":17,"posy":5,"amount":300},{"posx":0,"posy":6,"amount":50},{"posx":2,"posy":6,"amount":500},{"posx":14,"posy":6,"amount":50},{"posx":16,"posy":6,"amount":500},{"posx":8,"posy":7,"amount":450},{"posx":18,"posy":7,"amount":200},{"posx":1,"posy":8,"amount":650},{"posx":3,"posy":8,"amount":50},{"posx":4,"posy":8,"amount":100},{"posx":6,"posy":8,"amount":100},{"posx":12,"posy":8,"amount":300}],"changedObstacles":[]},{"players":[{"playerId":2451397,"score":50,"energy":33,"posx":6,"posy":4,"lastAction":5,"status":0},{"playerId":206247,"score":0,"energy":40,"posx":11,"posy":6,"lastAction":1,"status":0},{"playerId":2375363,"score":100,"energy":46,"posx":9,"posy":3,"lastAction":0,"status":0},{"playerId":75082,"score":50,"energy":33,"posx":6,"posy":4,"lastAction":5,"status":0}],"golds":[{"posx":20,"posy":0,"amount":100},{"posx":0,"posy":1,"amount":150},{"posx":4,"posy":1,"amount":50},{"posx":14,"posy":1,"amount":150},{"posx":3,"posy":3,"amount":700},{"posx":6,"posy":4,"amount":50},{"posx":18,"posy":4,"amount":600},{"posx":17,"posy":5,"amount":300},{"posx":0,"posy":6,"amount":50},{"posx":2,"posy":6,"amount":500},{"posx":14,"posy":6,"amount":50},{"posx":16,"posy":6,"amount":500},{"posx":8,"posy":7,"amount":450},{"posx":18,"posy":7,"amount":200},{"posx":1,"posy":8,"amount":650},{"posx":3,"posy":8,"amount":50},{"posx":4,"posy":8,"amount":100},{"posx":6,"posy":8,"amount":100},{"posx":12,"posy":8,"amount":300}],"changedObstacles":[{"type":3,"posx":11,"posy":6,"value":-20}]},{"players":[{"playerId":2451397,"score":75,"energy":28,"posx":6,"posy":4,"lastAction":5,"status":0},{"playerId":206247,"score":0,"energy":35,"posx":12,"posy":6,"lastAction":1,"status":0},{"playerId":2375363,"score":100,"energy":45,"posx":9,"posy":4,"lastAction":3,"status":0},{"playerId":75082,"score":75,"energy":28,"posx":6,"posy":4,"lastAction":5,"status":0}],"golds":[{"posx":20,"posy":0,"amount":100},{"posx":0,"posy":1,"amount":150},{"posx":4,"posy":1,"amount":50},{"posx":14,"posy":1,"amount":150},{"posx":3,"posy":3,"amount":700},{"posx":18,"posy":4,"amount":600},{"posx":17,"posy":5,"amount":300},{"posx":0,"posy":6,"amount":50},{"posx":2,"posy":6,"amount":500},{"posx":14,"posy":6,"amount":50},{"posx":16,"posy":6,"amount":500},{"posx":8,"posy":7,"amount":450},{"posx":18,"posy":7,"amount":200},{"posx":1,"posy":8,"amount":650},{"posx":3,"posy":8,"amount":50},{"posx":4,"posy":8,"amount":100},{"posx":6,"posy":8,"amount":100},{"posx":12,"posy":8,"amount":300}],"changedObstacles":[{"type":3,"posx":12,"posy":6,"value":-20},{"type":0,"posx":6,"posy":4,"value":-1}]},{"players":[{"playerId":2451397,"score":75,"energy":27,"posx":6,"posy":3,"lastAction":2,"status":0},{"playerId":206247,"score":0,"energy":34,"posx":13,"posy":6,"lastAction":1,"status":0},{"playerId":2375363,"score":100,"energy":44,"posx":9,"posy":5,"lastAction":3,"status":0},{"playerId":75082,"score":75,"energy":18,"posx":5,"posy":4,"lastAction":0,"status":0}],"golds":[{"posx":20,"posy":0,"amount":100},{"posx":0,"posy":1,"amount":150},{"posx":4,"posy":1,"amount":50},{"posx":14,"posy":1,"amount":150},{"posx":3,"posy":3,"amount":700},{"posx":18,"posy":4,"amount":600},{"posx":17,"posy":5,"amount":300},{"posx":0,"posy":6,"amount":50},{"posx":2,"posy":6,"amount":500},{"posx":14,"posy":6,"amount":50},{"posx":16,"posy":6,"amount":500},{"posx":8,"posy":7,"amount":450},{"posx":18,"posy":7,"amount":200},{"posx":1,"posy":8,"amount":650},{"posx":3,"posy":8,"amount":50},{"posx":4,"posy":8,"amount":100},{"posx":6,"posy":8,"amount":100},{"posx":12,"posy":8,"amount":300}],"changedObstacles":[{"type":0,"posx":5,"posy":4,"value":-1}]},{"players":[{"playerId":2451397,"score":75,"energy":26,"posx":5,"posy":3,"lastAction":0,"status":0},{"playerId":206247,"score":0,"energy":30,"posx":14,"posy":6,"lastAction":1,"status":0},{"playerId":2375363,"score":100,"energy":43,"posx":9,"posy":6,"lastAction":3,"status":0},{"playerId":75082,"score":75,"energy":13,"posx":4,"posy":4,"lastAction":0,"status":0}],"golds":[{"posx":20,"posy":0,"amount":100},{"posx":0,"posy":1,"amount":150},{"posx":4,"posy":1,"amount":50},{"posx":14,"posy":1,"amount":150},{"posx":3,"posy":3,"amount":700},{"posx":18,"posy":4,"amount":600},{"posx":17,"posy":5,"amount":300},{"posx":0,"posy":6,"amount":50},{"posx":2,"posy":6,"amount":500},{"posx":14,"posy":6,"amount":50},{"posx":16,"posy":6,"amount":500},{"posx":8,"posy":7,"amount":450},{"posx":18,"posy":7,"amount":200},{"posx":1,"posy":8,"amount":650},{"posx":3,"posy":8,"amount":50},{"posx":4,"posy":8,"amount":100},{"posx":6,"posy":8,"amount":100},{"posx":12,"posy":8,"amount":300}],"changedObstacles":[{"type":3,"posx":4,"posy":4,"value":-20}]},{"players":[{"playerId":2451397,"score":75,"energy":16,"posx":4,"posy":3,"lastAction":0,"status":0},{"playerId":206247,"score":0,"energy":25,"posx":15,"posy":6,"lastAction":1,"status":0},{"playerId":2375363,"score":100,"energy":42,"posx":8,"posy":6,"lastAction":0,"status":0},{"playerId":75082,"score":75,"energy":25,"posx":4,"posy":4,"lastAction":4,"status":0}],"golds":[{"posx":20,"posy":0,"amount":100},{"posx":0,"posy":1,"amount":150},{"posx":4,"posy":1,"amount":50},{"posx":14,"posy":1,"amount":150},{"posx":3,"posy":3,"amount":700},{"posx":18,"posy":4,"amount":600},{"posx":17,"posy":5,"amount":300},{"posx":0,"posy":6,"amount":50},{"posx":2,"posy":6,"amount":500},{"posx":14,"posy":6,"amount":50},{"posx":16,"posy":6,"amount":500},{"posx":8,"posy":7,"amount":450},{"posx":18,"posy":7,"amount":200},{"posx":1,"posy":8,"amount":650},{"posx":3,"posy":8,"amount":50},{"posx":4,"posy":8,"amount":100},{"posx":6,"posy":8,"amount":100},{"posx":12,"posy":8,"amount":300}],"changedObstacles":[{"type":3,"posx":15,"posy":6,"value":-20},{"type":0,"posx":4,"posy":3,"value":-1}]},{"players":[{"playerId":2451397,"score":75,"energy":12,"posx":3,"posy":3,"lastAction":0,"status":0},{"playerId":206247,"score":0,"energy":21,"posx":16,"posy":6,"lastAction":1,"status":0},{"playerId":2375363,"score":100,"energy":38,"posx":8,"posy":7,"lastAction":3,"status":0},{"playerId":75082,"score":75,"energy":24,"posx":3,"posy":4,"lastAction":0,"status":0}],"golds":[{"posx":20,"posy":0,"amount":100},{"posx":0,"posy":1,"amount":150},{"posx":4,"posy":1,"amount":50},{"posx":14,"posy":1,"amount":150},{"posx":3,"posy":3,"amount":700},{"posx":18,"posy":4,"amount":600},{"posx":17,"posy":5,"amount":300},{"posx":0,"posy":6,"amount":50},{"posx":2,"posy":6,"amount":500},{"posx":14,"posy":6,"amount":50},{"posx":16,"posy":6,"amount":500},{"posx":8,"posy":7,"amount":450},{"posx":18,"posy":7,"amount":200},{"posx":1,"posy":8,"amount":650},{"posx":3,"posy":8,"amount":50},{"posx":4,"posy":8,"amount":100},{"posx":6,"posy":8,"amount":100},{"posx":12,"posy":8,"amount":300}],"changedObstacles":[]},{"players":[{"playerId":2451397,"score":125,"energy":7,"posx":3,"posy":3,"lastAction":5,"status":0},{"playerId":206247,"score":50,"energy":16,"posx":16,"posy":6,"lastAction":5,"status":0},{"playerId":2375363,"score":150,"energy":33,"posx":8,"posy":7,"lastAction":5,"status":0},{"playerId":75082,"score":75,"energy":20,"posx":3,"posy":3,"lastAction":2,"status":0}],"golds":[{"posx":20,"posy":0,"amount":100},{"posx":0,"posy":1,"amount":150},{"posx":4,"posy":1,"amount":50},{"posx":14,"posy":1,"amount":150},{"posx":3,"posy":3,"amount":650},{"posx":18,"posy":4,"amount":600},{"posx":17,"posy":5,"amount":300},{"posx":0,"posy":6,"amount":50},{"posx":2,"posy":6,"amount":500},{"posx":14,"posy":6,"amount":50},{"posx":16,"posy":6,"amount":450},{"posx":8,"posy":7,"amount":400},{"posx":18,"posy":7,"amount":200},{"posx":1,"posy":8,"amount":650},{"posx":3,"posy":8,"amount":50},{"posx":4,"posy":8,"amount":100},{"posx":6,"posy":8,"amount":100},{"posx":12,"posy":8,"amount":300}],"changedObstacles":[]},{"players":[{"playerId":2451397,"score":175,"energy":2,"posx":3,"posy":3,"lastAction":5,"status":0},{"playerId":206247,"score":100,"energy":11,"posx":16,"posy":6,"lastAction":5,"status":0},{"playerId":2375363,"score":200,"energy":28,"posx":8,"posy":7,"lastAction":5,"status":0},{"playerId":75082,"score":125,"energy":15,"posx":3,"posy":3,"lastAction":5,"status":0}],"golds":[{"posx":20,"posy":0,"amount":100},{"posx":0,"posy":1,"amount":150},{"posx":4,"posy":1,"amount":50},{"posx":14,"posy":1,"amount":150},{"posx":3,"posy":3,"amount":550},{"posx":18,"posy":4,"amount":600},{"posx":17,"posy":5,"amount":300},{"posx":0,"posy":6,"amount":50},{"posx":2,"posy":6,"amount":500},{"posx":14,"posy":6,"amount":50},{"posx":16,"posy":6,"amount":400},{"posx":8,"posy":7,"amount":350},{"posx":18,"posy":7,"amount":200},{"posx":1,"posy":8,"amount":650},{"posx":3,"posy":8,"amount":50},{"posx":4,"posy":8,"amount":100},{"posx":6,"posy":8,"amount":100},{"posx":12,"posy":8,"amount":300}],"changedObstacles":[]},{"players":[{"playerId":2451397,"score":175,"energy":14,"posx":3,"posy":3,"lastAction":4,"status":0},{"playerId":206247,"score":150,"energy":6,"posx":16,"posy":6,"lastAction":5,"status":0},{"playerId":2375363,"score":250,"energy":23,"posx":8,"posy":7,"lastAction":5,"status":0},{"playerId":75082,"score":175,"energy":10,"posx":3,"posy":3,"lastAction":5,"status":0}],"golds":[{"posx":20,"posy":0,"amount":100},{"posx":0,"posy":1,"amount":150},{"posx":4,"posy":1,"amount":50},{"posx":14,"posy":1,"amount":150},{"posx":3,"posy":3,"amount":500},{"posx":18,"posy":4,"amount":600},{"posx":17,"posy":5,"amount":300},{"posx":0,"posy":6,"amount":50},{"posx":2,"posy":6,"amount":500},{"posx":14,"posy":6,"amount":50},{"posx":16,"posy":6,"amount":350},{"posx":8,"posy":7,"amount":300},{"posx":18,"posy":7,"amount":200},{"posx":1,"posy":8,"amount":650},{"posx":3,"posy":8,"amount":50},{"posx":4,"posy":8,"amount":100},{"posx":6,"posy":8,"amount":100},{"posx":12,"posy":8,"amount":300}],"changedObstacles":[]},{"players":[{"playerId":2451397,"score":175,"energy":30,"posx":3,"posy":3,"lastAction":4,"status":0},{"playerId":206247,"score":200,"energy":1,"posx":16,"posy":6,"lastAction":5,"status":0},{"playerId":2375363,"score":300,"energy":18,"posx":8,"posy":7,"lastAction":5,"status":0},{"playerId":75082,"score":225,"energy":5,"posx":3,"posy":3,"lastAction":5,"status":0}],"golds":[{"posx":20,"posy":0,"amount":100},{"posx":0,"posy":1,"amount":150},{"posx":4,"posy":1,"amount":50},{"posx":14,"posy":1,"amount":150},{"posx":3,"posy":3,"amount":450},{"posx":18,"posy":4,"amount":600},{"posx":17,"posy":5,"amount":300},{"posx":0,"posy":6,"amount":50},{"posx":2,"posy":6,"amount":500},{"posx":14,"posy":6,"amount":50},{"posx":16,"posy":6,"amount":300},{"posx":8,"posy":7,"amount":250},{"posx":18,"posy":7,"amount":200},{"posx":1,"posy":8,"amount":650},{"posx":3,"posy":8,"amount":50},{"posx":4,"posy":8,"amount":100},{"posx":6,"posy":8,"amount":100},{"posx":12,"posy":8,"amount":300}],"changedObstacles":[]},{"players":[{"playerId":2451397,"score":175,"energy":50,"posx":3,"posy":3,"lastAction":4,"status":0},{"playerId":206247,"score":200,"energy":13,"posx":16,"posy":6,"lastAction":4,"status":0},{"playerId":2375363,"score":350,"energy":13,"posx":8,"posy":7,"lastAction":5,"status":0},{"playerId":75082,"score":225,"energy":17,"posx":3,"posy":3,"lastAction":4,"status":0}],"golds":[{"posx":20,"posy":0,"amount":100},{"posx":0,"posy":1,"amount":150},{"posx":4,"posy":1,"amount":50},{"posx":14,"posy":1,"amount":150},{"posx":3,"posy":3,"amount":450},{"posx":18,"posy":4,"amount":600},{"posx":17,"posy":5,"amount":300},{"posx":0,"posy":6,"amount":50},{"posx":2,"posy":6,"amount":500},{"posx":14,"posy":6,"amount":50},{"posx":16,"posy":6,"amount":300},{"posx":8,"posy":7,"amount":200},{"posx":18,"posy":7,"amount":200},{"posx":1,"posy":8,"amount":650},{"posx":3,"posy":8,"amount":50},{"posx":4,"posy":8,"amount":100},{"posx":6,"posy":8,"amount":100},{"posx":12,"posy":8,"amount":300}],"changedObstacles":[]},{"players":[{"playerId":2451397,"score":225,"energy":45,"posx":3,"posy":3,"lastAction":5,"status":0},{"playerId":206247,"score":200,"energy":29,"posx":16,"posy":6,"lastAction":4,"status":0},{"playerId":2375363,"score":400,"energy":8,"posx":8,"posy":7,"lastAction":5,"status":0},{"playerId":75082,"score":275,"energy":12,"posx":3,"posy":3,"lastAction":5,"status":0}],"golds":[{"posx":20,"posy":0,"amount":100},{"posx":0,"posy":1,"amount":150},{"posx":4,"posy":1,"amount":50},{"posx":14,"posy":1,"amount":150},{"posx":3,"posy":3,"amount":350},{"posx":18,"posy":4,"amount":600},{"posx":17,"posy":5,"amount":300},{"posx":0,"posy":6,"amount":50},{"posx":2,"posy":6,"amount":500},{"posx":14,"posy":6,"amount":50},{"posx":16,"posy":6,"amount":300},{"posx":8,"posy":7,"amount":150},{"posx":18,"posy":7,"amount":200},{"posx":1,"posy":8,"amount":650},{"posx":3,"posy":8,"amount":50},{"posx":4,"posy":8,"amount":100},{"posx":6,"posy":8,"amount":100},{"posx":12,"posy":8,"amount":300}],"changedObstacles":[]},{"players":[{"playerId":2451397,"score":275,"energy":40,"posx":3,"posy":3,"lastAction":5,"status":0},{"playerId":206247,"score":200,"energy":50,"posx":16,"posy":6,"lastAction":4,"status":0},{"playerId":2375363,"score":450,"energy":3,"posx":8,"posy":7,"lastAction":5,"status":0},{"playerId":75082,"score":325,"energy":7,"posx":3,"posy":3,"lastAction":5,"status":0}],"golds":[{"posx":20,"posy":0,"amount":100},{"posx":0,"posy":1,"amount":150},{"posx":4,"posy":1,"amount":50},{"posx":14,"posy":1,"amount":150},{"posx":3,"posy":3,"amount":250},{"posx":18,"posy":4,"amount":600},{"posx":17,"posy":5,"amount":300},{"posx":0,"posy":6,"amount":50},{"posx":2,"posy":6,"amount":500},{"posx":14,"posy":6,"amount":50},{"posx":16,"posy":6,"amount":300},{"posx":8,"posy":7,"amount":100},{"posx":18,"posy":7,"amount":200},{"posx":1,"posy":8,"amount":650},{"posx":3,"posy":8,"amount":50},{"posx":4,"posy":8,"amount":100},{"posx":6,"posy":8,"amount":100},{"posx":12,"posy":8,"amount":300}],"changedObstacles":[]},{"players":[{"playerId":2451397,"score":325,"energy":35,"posx":3,"posy":3,"lastAction":5,"status":0},{"playerId":206247,"score":250,"energy":45,"posx":16,"posy":6,"lastAction":5,"status":0},{"playerId":2375363,"score":450,"energy":15,"posx":8,"posy":7,"lastAction":4,"status":0},{"playerId":75082,"score":375,"energy":2,"posx":3,"posy":3,"lastAction":5,"status":0}],"golds":[{"posx":20,"posy":0,"amount":100},{"posx":0,"posy":1,"amount":150},{"posx":4,"posy":1,"amount":50},{"posx":14,"posy":1,"amount":150},{"posx":3,"posy":3,"amount":150},{"posx":18,"posy":4,"amount":600},{"posx":17,"posy":5,"amount":300},{"posx":0,"posy":6,"amount":50},{"posx":2,"posy":6,"amount":500},{"posx":14,"posy":6,"amount":50},{"posx":16,"posy":6,"amount":250},{"posx":8,"posy":7,"amount":100},{"posx":18,"posy":7,"amount":200},{"posx":1,"posy":8,"amount":650},{"posx":3,"posy":8,"amount":50},{"posx":4,"posy":8,"amount":100},{"posx":6,"posy":8,"amount":100},{"posx":12,"posy":8,"amount":300}],"changedObstacles":[]},{"players":[{"playerId":2451397,"score":375,"energy":30,"posx":3,"posy":3,"lastAction":5,"status":0},{"playerId":206247,"score":300,"energy":40,"posx":16,"posy":6,"lastAction":5,"status":0},{"playerId":2375363,"score":500,"energy":10,"posx":8,"posy":7,"lastAction":5,"status":0},{"playerId":75082,"score":375,"energy":14,"posx":3,"posy":3,"lastAction":4,"status":0}],"golds":[{"posx":20,"posy":0,"amount":100},{"posx":0,"posy":1,"amount":150},{"posx":4,"posy":1,"amount":50},{"posx":14,"posy":1,"amount":150},{"posx":3,"posy":3,"amount":100},{"posx":18,"posy":4,"amount":600},{"posx":17,"posy":5,"amount":300},{"posx":0,"posy":6,"amount":50},{"posx":2,"posy":6,"amount":500},{"posx":14,"posy":6,"amount":50},{"posx":16,"posy":6,"amount":200},{"posx":8,"posy":7,"amount":50},{"posx":18,"posy":7,"amount":200},{"posx":1,"posy":8,"amount":650},{"posx":3,"posy":8,"amount":50},{"posx":4,"posy":8,"amount":100},{"posx":6,"posy":8,"amount":100},{"posx":12,"posy":8,"amount":300}],"changedObstacles":[]},{"players":[{"playerId":2451397,"score":425,"energy":25,"posx":3,"posy":3,"lastAction":5,"status":0},{"playerId":206247,"score":350,"energy":35,"posx":16,"posy":6,"lastAction":5,"status":0},{"playerId":2375363,"score":550,"energy":5,"posx":8,"posy":7,"lastAction":5,"status":0},{"playerId":75082,"score":425,"energy":9,"posx":3,"posy":3,"lastAction":5,"status":0}],"golds":[{"posx":20,"posy":0,"amount":100},{"posx":0,"posy":1,"amount":150},{"posx":4,"posy":1,"amount":50},{"posx":14,"posy":1,"amount":150},{"posx":18,"posy":4,"amount":600},{"posx":17,"posy":5,"amount":300},{"posx":0,"posy":6,"amount":50},{"posx":2,"posy":6,"amount":500},{"posx":14,"posy":6,"amount":50},{"posx":16,"posy":6,"amount":150},{"posx":18,"posy":7,"amount":200},{"posx":1,"posy":8,"amount":650},{"posx":3,"posy":8,"amount":50},{"posx":4,"posy":8,"amount":100},{"posx":6,"posy":8,"amount":100},{"posx":12,"posy":8,"amount":300}],"changedObstacles":[{"type":0,"posx":8,"posy":7,"value":-1},{"type":0,"posx":3,"posy":3,"value":-1}]},{"players":[{"playerId":2451397,"score":425,"energy":24,"posx":3,"posy":4,"lastAction":3,"status":0},{"playerId":206247,"score":400,"energy":30,"posx":16,"posy":6,"lastAction":5,"status":0},{"playerId":2375363,"score":550,"energy":17,"posx":8,"posy":7,"lastAction":4,"status":0},{"playerId":75082,"score":425,"energy":8,"posx":2,"posy":3,"lastAction":0,"status":0}],"golds":[{"posx":20,"posy":0,"amount":100},{"posx":0,"posy":1,"amount":150},{"posx":4,"posy":1,"amount":50},{"posx":14,"posy":1,"amount":150},{"posx":18,"posy":4,"amount":600},{"posx":17,"posy":5,"amount":300},{"posx":0,"posy":6,"amount":50},{"posx":2,"posy":6,"amount":500},{"posx":14,"posy":6,"amount":50},{"posx":16,"posy":6,"amount":100},{"posx":18,"posy":7,"amount":200},{"posx":1,"posy":8,"amount":650},{"posx":3,"posy":8,"amount":50},{"posx":4,"posy":8,"amount":100},{"posx":6,"posy":8,"amount":100},{"posx":12,"posy":8,"amount":300}],"changedObstacles":[]},{"players":[{"playerId":2451397,"score":425,"energy":23,"posx":3,"posy":5,"lastAction":3,"status":0},{"playerId":206247,"score":450,"energy":25,"posx":16,"posy":6,"lastAction":5,"status":0},{"playerId":2375363,"score":550,"energy":33,"posx":8,"posy":7,"lastAction":4,"status":0},{"playerId":75082,"score":425,"energy":7,"posx":1,"posy":3,"lastAction":0,"status":0}],"golds":[{"posx":20,"posy":0,"amount":100},{"posx":0,"posy":1,"amount":150},{"posx":4,"posy":1,"amount":50},{"posx":14,"posy":1,"amount":150},{"posx":18,"posy":4,"amount":600},{"posx":17,"posy":5,"amount":300},{"posx":0,"posy":6,"amount":50},{"posx":2,"posy":6,"amount":500},{"posx":14,"posy":6,"amount":50},{"posx":16,"posy":6,"amount":50},{"posx":18,"posy":7,"amount":200},{"posx":1,"posy":8,"amount":650},{"posx":3,"posy":8,"amount":50},{"posx":4,"posy":8,"amount":100},{"posx":6,"posy":8,"amount":100},{"posx":12,"posy":8,"amount":300}],"changedObstacles":[]},{"players":[{"playerId":2451397,"score":425,"energy":22,"posx":3,"posy":6,"lastAction":3,"status":0},{"playerId":206247,"score":500,"energy":20,"posx":16,"posy":6,"lastAction":5,"status":0},{"playerId":2375363,"score":550,"energy":32,"posx":7,"posy":7,"lastAction":0,"status":0},{"playerId":75082,"score":425,"energy":6,"posx":0,"posy":3,"lastAction":0,"status":0}],"golds":[{"posx":20,"posy":0,"amount":100},{"posx":0,"posy":1,"amount":150},{"posx":4,"posy":1,"amount":50},{"posx":14,"posy":1,"amount":150},{"posx":18,"posy":4,"amount":600},{"posx":17,"posy":5,"amount":300},{"posx":0,"posy":6,"amount":50},{"posx":2,"posy":6,"amount":500},{"posx":14,"posy":6,"amount":50},{"posx":18,"posy":7,"amount":200},{"posx":1,"posy":8,"amount":650},{"posx":3,"posy":8,"amount":50},{"posx":4,"posy":8,"amount":100},{"posx":6,"posy":8,"amount":100},{"posx":12,"posy":8,"amount":300}],"changedObstacles":[{"type":0,"posx":16,"posy":6,"value":-1}]},{"players":[{"playerId":2451397,"score":425,"energy":18,"posx":2,"posy":6,"lastAction":0,"status":0},{"playerId":206247,"score":500,"energy":19,"posx":17,"posy":6,"lastAction":1,"status":0},{"playerId":2375363,"score":550,"energy":31,"posx":7,"posy":8,"lastAction":3,"status":0},{"playerId":75082,"score":425,"energy":5,"posx":0,"posy":4,"lastAction":3,"status":0}],"golds":[{"posx":20,"posy":0,"amount":100},{"posx":0,"posy":1,"amount":150},{"posx":4,"posy":1,"amount":50},{"posx":14,"posy":1,"amount":150},{"posx":18,"posy":4,"amount":600},{"posx":17,"posy":5,"amount":300},{"posx":0,"posy":6,"amount":50},{"posx":2,"posy":6,"amount":500},{"posx":14,"posy":6,"amount":50},{"posx":18,"posy":7,"amount":200},{"posx":1,"posy":8,"amount":650},{"posx":3,"posy":8,"amount":50},{"posx":4,"posy":8,"amount":100},{"posx":6,"posy":8,"amount":100},{"posx":12,"posy":8,"amount":300}],"changedObstacles":[]},{"players":[{"playerId":2451397,"score":475,"energy":13,"posx":2,"posy":6,"lastAction":5,"status":0},{"playerId":206247,"score":500,"energy":15,"posx":17,"posy":5,"lastAction":2,"status":0},{"playerId":2375363,"score":550,"energy":27,"posx":6,"posy":8,"lastAction":0,"status":0},{"playerId":75082,"score":425,"energy":17,"posx":0,"posy":4,"lastAction":4,"status":0}],"golds":[{"posx":20,"posy":0,"amount":100},{"posx":0,"posy":1,"amount":150},{"posx":4,"posy":1,"amount":50},{"posx":14,"posy":1,"amount":150},{"posx":18,"posy":4,"amount":600},{"posx":17,"posy":5,"amount":300},{"posx":0,"posy":6,"amount":50},{"posx":2,"posy":6,"amount":450},{"posx":14,"posy":6,"amount":50},{"posx":18,"posy":7,"amount":200},{"posx":1,"posy":8,"amount":650},{"posx":3,"posy":8,"amount":50},{"posx":4,"posy":8,"amount":100},{"posx":6,"posy":8,"amount":100},{"posx":12,"posy":8,"amount":300}],"changedObstacles":[]},{"players":[{"playerId":2451397,"score":525,"energy":8,"posx":2,"posy":6,"lastAction":5,"status":0},{"playerId":206247,"score":550,"energy":10,"posx":17,"posy":5,"lastAction":5,"status":0},{"playerId":2375363,"score":600,"energy":22,"posx":6,"posy":8,"lastAction":5,"status":0},{"playerId":75082,"score":425,"energy":33,"posx":0,"posy":4,"lastAction":4,"status":0}],"golds":[{"posx":20,"posy":0,"amount":100},{"posx":0,"posy":1,"amount":150},{"posx":4,"posy":1,"amount":50},{"posx":14,"posy":1,"amount":150},{"posx":18,"posy":4,"amount":600},{"posx":17,"posy":5,"amount":250},{"posx":0,"posy":6,"amount":50},{"posx":2,"posy":6,"amount":400},{"posx":14,"posy":6,"amount":50},{"posx":18,"posy":7,"amount":200},{"posx":1,"posy":8,"amount":650},{"posx":3,"posy":8,"amount":50},{"posx":4,"posy":8,"amount":100},{"posx":6,"posy":8,"amount":50},{"posx":12,"posy":8,"amount":300}],"changedObstacles":[]},{"players":[{"playerId":2451397,"score":575,"energy":3,"posx":2,"posy":6,"lastAction":5,"status":0},{"playerId":206247,"score":600,"energy":5,"posx":17,"posy":5,"lastAction":5,"status":0},{"playerId":2375363,"score":650,"energy":17,"posx":6,"posy":8,"lastAction":5,"status":0},{"playerId":75082,"score":425,"energy":24,"posx":0,"posy":5,"lastAction":3,"status":0}],"golds":[{"posx":20,"posy":0,"amount":100},{"posx":0,"posy":1,"amount":150},{"posx":4,"posy":1,"amount":50},{"posx":14,"posy":1,"amount":150},{"posx":18,"posy":4,"amount":600},{"posx":17,"posy":5,"amount":200},{"posx":0,"posy":6,"amount":50},{"posx":2,"posy":6,"amount":350},{"posx":14,"posy":6,"amount":50},{"posx":18,"posy":7,"amount":200},{"posx":1,"posy":8,"amount":650},{"posx":3,"posy":8,"amount":50},{"posx":4,"posy":8,"amount":100},{"posx":12,"posy":8,"amount":300}],"changedObstacles":[{"type":0,"posx":6,"posy":8,"value":-1}]},{"players":[{"playerId":2451397,"score":575,"energy":15,"posx":2,"posy":6,"lastAction":4,"status":0},{"playerId":206247,"score":600,"energy":17,"posx":17,"posy":5,"lastAction":4,"status":0},{"playerId":2375363,"score":650,"energy":16,"posx":5,"posy":8,"lastAction":0,"status":0},{"playerId":75082,"score":425,"energy":20,"posx":0,"posy":6,"lastAction":3,"status":0}],"golds":[{"posx":20,"posy":0,"amount":100},{"posx":0,"posy":1,"amount":150},{"posx":4,"posy":1,"amount":50},{"posx":14,"posy":1,"amount":150},{"posx":18,"posy":4,"amount":600},{"posx":17,"posy":5,"amount":200},{"posx":0,"posy":6,"amount":50},{"posx":2,"posy":6,"amount":350},{"posx":14,"posy":6,"amount":50},{"posx":18,"posy":7,"amount":200},{"posx":1,"posy":8,"amount":650},{"posx":3,"posy":8,"amount":50},{"posx":4,"posy":8,"amount":100},{"posx":12,"posy":8,"amount":300}],"changedObstacles":[]},{"players":[{"playerId":2451397,"score":575,"energy":31,"posx":2,"posy":6,"lastAction":4,"status":0},{"playerId":206247,"score":600,"energy":33,"posx":17,"posy":5,"lastAction":4,"status":0},{"playerId":2375363,"score":650,"energy":12,"posx":4,"posy":8,"lastAction":0,"status":0},{"playerId":75082,"score":425,"energy":15,"posx":0,"posy":7,"lastAction":3,"status":0}],"golds":[{"posx":20,"posy":0,"amount":100},{"posx":0,"posy":1,"amount":150},{"posx":4,"posy":1,"amount":50},{"posx":14,"posy":1,"amount":150},{"posx":18,"posy":4,"amount":600},{"posx":17,"posy":5,"amount":200},{"posx":0,"posy":6,"amount":50},{"posx":2,"posy":6,"amount":350},{"posx":14,"posy":6,"amount":50},{"posx":18,"posy":7,"amount":200},{"posx":1,"posy":8,"amount":650},{"posx":3,"posy":8,"amount":50},{"posx":4,"posy":8,"amount":100},{"posx":12,"posy":8,"amount":300}],"changedObstacles":[{"type":3,"posx":0,"posy":7,"value":-20}]},{"players":[{"playerId":2451397,"score":575,"energy":50,"posx":2,"posy":6,"lastAction":4,"status":0},{"playerId":206247,"score":600,"energy":50,"posx":17,"posy":5,"lastAction":4,"status":0},{"playerId":2375363,"score":700,"energy":7,"posx":4,"posy":8,"lastAction":5,"status":0},{"playerId":75082,"score":425,"energy":27,"posx":0,"posy":7,"lastAction":4,"status":0}],"golds":[{"posx":20,"posy":0,"amount":100},{"posx":0,"posy":1,"amount":150},{"posx":4,"posy":1,"amount":50},{"posx":14,"posy":1,"amount":150},{"posx":18,"posy":4,"amount":600},{"posx":17,"posy":5,"amount":200},{"posx":0,"posy":6,"amount":50},{"posx":2,"posy":6,"amount":350},{"posx":14,"posy":6,"amount":50},{"posx":18,"posy":7,"amount":200},{"posx":1,"posy":8,"amount":650},{"posx":3,"posy":8,"amount":50},{"posx":4,"posy":8,"amount":50},{"posx":12,"posy":8,"amount":300}],"changedObstacles":[]},{"players":[{"playerId":2451397,"score":625,"energy":45,"posx":2,"posy":6,"lastAction":5,"status":0},{"playerId":206247,"score":650,"energy":45,"posx":17,"posy":5,"lastAction":5,"status":0},{"playerId":2375363,"score":750,"energy":2,"posx":4,"posy":8,"lastAction":5,"status":0},{"playerId":75082,"score":425,"energy":7,"posx":0,"posy":8,"lastAction":3,"status":0}],"golds":[{"posx":20,"posy":0,"amount":100},{"posx":0,"posy":1,"amount":150},{"posx":4,"posy":1,"amount":50},{"posx":14,"posy":1,"amount":150},{"posx":18,"posy":4,"amount":600},{"posx":17,"posy":5,"amount":150},{"posx":0,"posy":6,"amount":50},{"posx":2,"posy":6,"amount":300},{"posx":14,"posy":6,"amount":50},{"posx":18,"posy":7,"amount":200},{"posx":1,"posy":8,"amount":650},{"posx":3,"posy":8,"amount":50},{"posx":12,"posy":8,"amount":300}],"changedObstacles":[{"type":0,"posx":4,"posy":8,"value":-1}]},{"players":[{"playerId":2451397,"score":675,"energy":40,"posx":2,"posy":6,"lastAction":5,"status":0},{"playerId":206247,"score":700,"energy":40,"posx":17,"posy":5,"lastAction":5,"status":0},{"playerId":2375363,"score":750,"energy":14,"posx":4,"posy":8,"lastAction":4,"status":0},{"playerId":75082,"score":425,"energy":3,"posx":1,"posy":8,"lastAction":1,"status":0}],"golds":[{"posx":20,"posy":0,"amount":100},{"posx":0,"posy":1,"amount":150},{"posx":4,"posy":1,"amount":50},{"posx":14,"posy":1,"amount":150},{"posx":18,"posy":4,"amount":600},{"posx":17,"posy":5,"amount":100},{"posx":0,"posy":6,"amount":50},{"posx":2,"posy":6,"amount":250},{"posx":14,"posy":6,"amount":50},{"posx":18,"posy":7,"amount":200},{"posx":1,"posy":8,"amount":650},{"posx":3,"posy":8,"amount":50},{"posx":12,"posy":8,"amount":300}],"changedObstacles":[]},{"players":[{"playerId":2451397,"score":725,"energy":35,"posx":2,"posy":6,"lastAction":5,"status":0},{"playerId":206247,"score":750,"energy":35,"posx":17,"posy":5,"lastAction":5,"status":0},{"playerId":2375363,"score":750,"energy":30,"posx":4,"posy":8,"lastAction":4,"status":0},{"playerId":75082,"score":425,"energy":15,"posx":1,"posy":8,"lastAction":4,"status":0}],"golds":[{"posx":20,"posy":0,"amount":100},{"posx":0,"posy":1,"amount":150},{"posx":4,"posy":1,"amount":50},{"posx":14,"posy":1,"amount":150},{"posx":18,"posy":4,"amount":600},{"posx":17,"posy":5,"amount":50},{"posx":0,"posy":6,"amount":50},{"posx":2,"posy":6,"amount":200},{"posx":14,"posy":6,"amount":50},{"posx":18,"posy":7,"amount":200},{"posx":1,"posy":8,"amount":650},{"posx":3,"posy":8,"amount":50},{"posx":12,"posy":8,"amount":300}],"changedObstacles":[]},{"players":[{"playerId":2451397,"score":775,"energy":30,"posx":2,"posy":6,"lastAction":5,"status":0},{"playerId":206247,"score":800,"energy":30,"posx":17,"posy":5,"lastAction":5,"status":0},{"playerId":2375363,"score":750,"energy":50,"posx":4,"posy":8,"lastAction":4,"status":0},{"playerId":75082,"score":475,"energy":10,"posx":1,"posy":8,"lastAction":5,"status":0}],"golds":[{"posx":20,"posy":0,"amount":100},{"posx":0,"posy":1,"amount":150},{"posx":4,"posy":1,"amount":50},{"posx":14,"posy":1,"amount":150},{"posx":18,"posy":4,"amount":600},{"posx":0,"posy":6,"amount":50},{"posx":2,"posy":6,"amount":150},{"posx":14,"posy":6,"amount":50},{"posx":18,"posy":7,"amount":200},{"posx":1,"posy":8,"amount":600},{"posx":3,"posy":8,"amount":50},{"posx":12,"posy":8,"amount":300}],"changedObstacles":[{"type":0,"posx":17,"posy":5,"value":-1}]},{"players":[{"playerId":2451397,"score":825,"energy":25,"posx":2,"posy":6,"lastAction":5,"status":0},{"playerId":206247,"score":800,"energy":14,"posx":18,"posy":5,"lastAction":1,"status":0},{"playerId":2375363,"score":750,"energy":46,"posx":3,"posy":8,"lastAction":0,"status":0},{"playerId":75082,"score":525,"energy":5,"posx":1,"posy":8,"lastAction":5,"status":0}],"golds":[{"posx":20,"posy":0,"amount":100},{"posx":0,"posy":1,"amount":150},{"posx":4,"posy":1,"amount":50},{"posx":14,"posy":1,"amount":150},{"posx":18,"posy":4,"amount":600},{"posx":0,"posy":6,"amount":50},{"posx":2,"posy":6,"amount":100},{"posx":14,"posy":6,"amount":50},{"posx":18,"posy":7,"amount":200},{"posx":1,"posy":8,"amount":550},{"posx":3,"posy":8,"amount":50},{"posx":12,"posy":8,"amount":300}],"changedObstacles":[]},{"players":[{"playerId":2451397,"score":875,"energy":20,"posx":2,"posy":6,"lastAction":5,"status":0},{"playerId":206247,"score":800,"energy":10,"posx":18,"posy":4,"lastAction":2,"status":0},{"playerId":2375363,"score":800,"energy":41,"posx":3,"posy":8,"lastAction":5,"status":0},{"playerId":75082,"score":525,"energy":17,"posx":1,"posy":8,"lastAction":4,"status":0}],"golds":[{"posx":20,"posy":0,"amount":100},{"posx":0,"posy":1,"amount":150},{"posx":4,"posy":1,"amount":50},{"posx":14,"posy":1,"amount":150},{"posx":18,"posy":4,"amount":600},{"posx":0,"posy":6,"amount":50},{"posx":2,"posy":6,"amount":50},{"posx":14,"posy":6,"amount":50},{"posx":18,"posy":7,"amount":200},{"posx":1,"posy":8,"amount":550},{"posx":12,"posy":8,"amount":300}],"changedObstacles":[{"type":0,"posx":3,"posy":8,"value":-1}]},{"players":[{"playerId":2451397,"score":925,"energy":15,"posx":2,"posy":6,"lastAction":5,"status":0},{"playerId":206247,"score":850,"energy":5,"posx":18,"posy":4,"lastAction":5,"status":0},{"playerId":2375363,"score":800,"energy":40,"posx":2,"posy":8,"lastAction":0,"status":0},{"playerId":75082,"score":575,"energy":12,"posx":1,"posy":8,"lastAction":5,"status":0}],"golds":[{"posx":20,"posy":0,"amount":100},{"posx":0,"posy":1,"amount":150},{"posx":4,"posy":1,"amount":50},{"posx":14,"posy":1,"amount":150},{"posx":18,"posy":4,"amount":550},{"posx":0,"posy":6,"amount":50},{"posx":14,"posy":6,"amount":50},{"posx":18,"posy":7,"amount":200},{"posx":1,"posy":8,"amount":500},{"posx":12,"posy":8,"amount":300}],"changedObstacles":[{"type":0,"posx":2,"posy":6,"value":-1}]},{"players":[{"playerId":2451397,"score":925,"energy":5,"posx":2,"posy":7,"lastAction":3,"status":0},{"playerId":206247,"score":850,"energy":17,"posx":18,"posy":4,"lastAction":4,"status":0},{"playerId":2375363,"score":800,"energy":36,"posx":1,"posy":8,"lastAction":0,"status":0},{"playerId":75082,"score":625,"energy":7,"posx":1,"posy":8,"lastAction":5,"status":0}],"golds":[{"posx":20,"posy":0,"amount":100},{"posx":0,"posy":1,"amount":150},{"posx":4,"posy":1,"amount":50},{"posx":14,"posy":1,"amount":150},{"posx":18,"posy":4,"amount":550},{"posx":0,"posy":6,"amount":50},{"posx":14,"posy":6,"amount":50},{"posx":18,"posy":7,"amount":200},{"posx":1,"posy":8,"amount":450},{"posx":12,"posy":8,"amount":300}],"changedObstacles":[{"type":0,"posx":2,"posy":7,"value":-1}]},{"players":[{"playerId":2451397,"score":925,"energy":4,"posx":2,"posy":8,"lastAction":3,"status":0},{"playerId":206247,"score":850,"energy":33,"posx":18,"posy":4,"lastAction":4,"status":0},{"playerId":2375363,"score":850,"energy":31,"posx":1,"posy":8,"lastAction":5,"status":0},{"playerId":75082,"score":675,"energy":2,"posx":1,"posy":8,"lastAction":5,"status":0}],"golds":[{"posx":20,"posy":0,"amount":100},{"posx":0,"posy":1,"amount":150},{"posx":4,"posy":1,"amount":50},{"posx":14,"posy":1,"amount":150},{"posx":18,"posy":4,"amount":550},{"posx":0,"posy":6,"amount":50},{"posx":14,"posy":6,"amount":50},{"posx":18,"posy":7,"amount":200},{"posx":1,"posy":8,"amount":350},{"posx":12,"posy":8,"amount":300}],"changedObstacles":[]},{"players":[{"playerId":2451397,"score":925,"energy":16,"posx":2,"posy":8,"lastAction":4,"status":0},{"playerId":206247,"score":850,"energy":50,"posx":18,"posy":4,"lastAction":4,"status":0},{"playerId":2375363,"score":900,"energy":26,"posx":1,"posy":8,"lastAction":5,"status":0},{"playerId":75082,"score":675,"energy":14,"posx":1,"posy":8,"lastAction":4,"status":0}],"golds":[{"posx":20,"posy":0,"amount":100},{"posx":0,"posy":1,"amount":150},{"posx":4,"posy":1,"amount":50},{"posx":14,"posy":1,"amount":150},{"posx":18,"posy":4,"amount":550},{"posx":0,"posy":6,"amount":50},{"posx":14,"posy":6,"amount":50},{"posx":18,"posy":7,"amount":200},{"posx":1,"posy":8,"amount":300},{"posx":12,"posy":8,"amount":300}],"changedObstacles":[]},{"players":[{"playerId":2451397,"score":925,"energy":12,"posx":1,"posy":8,"lastAction":0,"status":0},{"playerId":206247,"score":900,"energy":45,"posx":18,"posy":4,"lastAction":5,"status":0},{"playerId":2375363,"score":950,"energy":21,"posx":1,"posy":8,"lastAction":5,"status":0},{"playerId":75082,"score":725,"energy":9,"posx":1,"posy":8,"lastAction":5,"status":0}],"golds":[{"posx":20,"posy":0,"amount":100},{"posx":0,"posy":1,"amount":150},{"posx":4,"posy":1,"amount":50},{"posx":14,"posy":1,"amount":150},{"posx":18,"posy":4,"amount":500},{"posx":0,"posy":6,"amount":50},{"posx":14,"posy":6,"amount":50},{"posx":18,"posy":7,"amount":200},{"posx":1,"posy":8,"amount":200},{"posx":12,"posy":8,"amount":300}],"changedObstacles":[]},{"players":[{"playerId":2451397,"score":975,"energy":7,"posx":1,"posy":8,"lastAction":5,"status":0},{"playerId":206247,"score":950,"energy":40,"posx":18,"posy":4,"lastAction":5,"status":0},{"playerId":2375363,"score":1000,"energy":16,"posx":1,"posy":8,"lastAction":5,"status":0},{"playerId":75082,"score":775,"energy":4,"posx":1,"posy":8,"lastAction":5,"status":0}],"golds":[{"posx":20,"posy":0,"amount":100},{"posx":0,"posy":1,"amount":150},{"posx":4,"posy":1,"amount":50},{"posx":14,"posy":1,"amount":150},{"posx":18,"posy":4,"amount":450},{"posx":0,"posy":6,"amount":50},{"posx":14,"posy":6,"amount":50},{"posx":18,"posy":7,"amount":200},{"posx":1,"posy":8,"amount":50},{"posx":12,"posy":8,"amount":300}],"changedObstacles":[]},{"players":[{"playerId":2451397,"score":1000,"energy":2,"posx":1,"posy":8,"lastAction":5,"status":0},{"playerId":206247,"score":1000,"energy":35,"posx":18,"posy":4,"lastAction":5,"status":0},{"playerId":2375363,"score":1025,"energy":11,"posx":1,"posy":8,"lastAction":5,"status":0},{"playerId":75082,"score":775,"energy":3,"posx":2,"posy":8,"lastAction":1,"status":0}],"golds":[{"posx":20,"posy":0,"amount":100},{"posx":0,"posy":1,"amount":150},{"posx":4,"posy":1,"amount":50},{"posx":14,"posy":1,"amount":150},{"posx":18,"posy":4,"amount":400},{"posx":0,"posy":6,"amount":50},{"posx":14,"posy":6,"amount":50},{"posx":18,"posy":7,"amount":200},{"posx":12,"posy":8,"amount":300}],"changedObstacles":[{"type":0,"posx":1,"posy":8,"value":-1}]},{"players":[{"playerId":2451397,"score":1000,"energy":1,"posx":2,"posy":8,"lastAction":1,"status":0},{"playerId":206247,"score":1050,"energy":30,"posx":18,"posy":4,"lastAction":5,"status":0},{"playerId":2375363,"score":1025,"energy":23,"posx":1,"posy":8,"lastAction":4,"status":0},{"playerId":75082,"score":775,"energy":2,"posx":3,"posy":8,"lastAction":1,"status":0}],"golds":[{"posx":20,"posy":0,"amount":100},{"posx":0,"posy":1,"amount":150},{"posx":4,"posy":1,"amount":50},{"posx":14,"posy":1,"amount":150},{"posx":18,"posy":4,"amount":350},{"posx":0,"posy":6,"amount":50},{"posx":14,"posy":6,"amount":50},{"posx":18,"posy":7,"amount":200},{"posx":12,"posy":8,"amount":300}],"changedObstacles":[]},{"players":[{"playerId":2451397,"score":1000,"energy":13,"posx":2,"posy":8,"lastAction":4,"status":0},{"playerId":206247,"score":1100,"energy":25,"posx":18,"posy":4,"lastAction":5,"status":0},{"playerId":2375363,"score":1025,"energy":13,"posx":1,"posy":7,"lastAction":2,"status":0},{"playerId":75082,"score":775,"energy":1,"posx":4,"posy":8,"lastAction":1,"status":0}],"golds":[{"posx":20,"posy":0,"amount":100},{"posx":0,"posy":1,"amount":150},{"posx":4,"posy":1,"amount":50},{"posx":14,"posy":1,"amount":150},{"posx":18,"posy":4,"amount":300},{"posx":0,"posy":6,"amount":50},{"posx":14,"posy":6,"amount":50},{"posx":18,"posy":7,"amount":200},{"posx":12,"posy":8,"amount":300}],"changedObstacles":[{"type":0,"posx":1,"posy":7,"value":-1}]},{"players":[{"playerId":2451397,"score":1000,"energy":12,"posx":3,"posy":8,"lastAction":1,"status":0},{"playerId":206247,"score":1150,"energy":20,"posx":18,"posy":4,"lastAction":5,"status":0},{"playerId":2375363,"score":1025,"energy":12,"posx":1,"posy":6,"lastAction":2,"status":0},{"playerId":75082,"score":775,"energy":13,"posx":4,"posy":8,"lastAction":4,"status":0}],"golds":[{"posx":20,"posy":0,"amount":100},{"posx":0,"posy":1,"amount":150},{"posx":4,"posy":1,"amount":50},{"posx":14,"posy":1,"amount":150},{"posx":18,"posy":4,"amount":250},{"posx":0,"posy":6,"amount":50},{"posx":14,"posy":6,"amount":50},{"posx":18,"posy":7,"amount":200},{"posx":12,"posy":8,"amount":300}],"changedObstacles":[]},{"players":[{"playerId":2451397,"score":1000,"energy":11,"posx":4,"posy":8,"lastAction":1,"status":0},{"playerId":206247,"score":1200,"energy":15,"posx":18,"posy":4,"lastAction":5,"status":0},{"playerId":2375363,"score":1025,"energy":24,"posx":1,"posy":6,"lastAction":4,"status":0},{"playerId":75082,"score":775,"energy":12,"posx":5,"posy":8,"lastAction":1,"status":0}],"golds":[{"posx":20,"posy":0,"amount":100},{"posx":0,"posy":1,"amount":150},{"posx":4,"posy":1,"amount":50},{"posx":14,"posy":1,"amount":150},{"posx":18,"posy":4,"amount":200},{"posx":0,"posy":6,"amount":50},{"posx":14,"posy":6,"amount":50},{"posx":18,"posy":7,"amount":200},{"posx":12,"posy":8,"amount":300}],"changedObstacles":[]},{"players":[{"playerId":2451397,"score":1000,"energy":10,"posx":5,"posy":8,"lastAction":1,"status":0},{"playerId":206247,"score":1250,"energy":10,"posx":18,"posy":4,"lastAction":5,"status":0},{"playerId":2375363,"score":1025,"energy":20,"posx":0,"posy":6,"lastAction":0,"status":0},{"playerId":75082,"score":775,"energy":11,"posx":6,"posy":8,"lastAction":1,"status":0}],"golds":[{"posx":20,"posy":0,"amount":100},{"posx":0,"posy":1,"amount":150},{"posx":4,"posy":1,"amount":50},{"posx":14,"posy":1,"amount":150},{"posx":18,"posy":4,"amount":150},{"posx":0,"posy":6,"amount":50},{"posx":14,"posy":6,"amount":50},{"posx":18,"posy":7,"amount":200},{"posx":12,"posy":8,"amount":300}],"changedObstacles":[]},{"players":[{"playerId":2451397,"score":1000,"energy":9,"posx":6,"posy":8,"lastAction":1,"status":0},{"playerId":206247,"score":1300,"energy":5,"posx":18,"posy":4,"lastAction":5,"status":0},{"playerId":2375363,"score":1075,"energy":15,"posx":0,"posy":6,"lastAction":5,"status":0},{"playerId":75082,"score":775,"energy":10,"posx":7,"posy":8,"lastAction":1,"status":0}],"golds":[{"posx":20,"posy":0,"amount":100},{"posx":0,"posy":1,"amount":150},{"posx":4,"posy":1,"amount":50},{"posx":14,"posy":1,"amount":150},{"posx":18,"posy":4,"amount":100},{"posx":14,"posy":6,"amount":50},{"posx":18,"posy":7,"amount":200},{"posx":12,"posy":8,"amount":300}],"changedObstacles":[{"type":0,"posx":0,"posy":6,"value":-1}]},{"players":[{"playerId":2451397,"score":1000,"energy":8,"posx":7,"posy":8,"lastAction":1,"status":0},{"playerId":206247,"score":1300,"energy":17,"posx":18,"posy":4,"lastAction":4,"status":0},{"playerId":2375363,"score":1075,"energy":14,"posx":1,"posy":6,"lastAction":1,"status":0},{"playerId":75082,"score":775,"energy":9,"posx":8,"posy":8,"lastAction":1,"status":0}],"golds":[{"posx":20,"posy":0,"amount":100},{"posx":0,"posy":1,"amount":150},{"posx":4,"posy":1,"amount":50},{"posx":14,"posy":1,"amount":150},{"posx":18,"posy":4,"amount":100},{"posx":14,"posy":6,"amount":50},{"posx":18,"posy":7,"amount":200},{"posx":12,"posy":8,"amount":300}],"changedObstacles":[]},{"players":[{"playerId":2451397,"score":1000,"energy":7,"posx":8,"posy":8,"lastAction":1,"status":0},{"playerId":206247,"score":1300,"energy":33,"posx":18,"posy":4,"lastAction":4,"status":0},{"playerId":2375363,"score":1075,"energy":26,"posx":1,"posy":6,"lastAction":4,"status":0},{"playerId":75082,"score":775,"energy":21,"posx":8,"posy":8,"lastAction":4,"status":0}],"golds":[{"posx":20,"posy":0,"amount":100},{"posx":0,"posy":1,"amount":150},{"posx":4,"posy":1,"amount":50},{"posx":14,"posy":1,"amount":150},{"posx":18,"posy":4,"amount":100},{"posx":14,"posy":6,"amount":50},{"posx":18,"posy":7,"amount":200},{"posx":12,"posy":8,"amount":300}],"changedObstacles":[]},{"players":[{"playerId":2451397,"score":1000,"energy":19,"posx":8,"posy":8,"lastAction":4,"status":0},{"playerId":206247,"score":1300,"energy":50,"posx":18,"posy":4,"lastAction":4,"status":0},{"playerId":2375363,"score":1075,"energy":42,"posx":1,"posy":6,"lastAction":4,"status":0},{"playerId":75082,"score":775,"energy":15,"posx":9,"posy":8,"lastAction":1,"status":0}],"golds":[{"posx":20,"posy":0,"amount":100},{"posx":0,"posy":1,"amount":150},{"posx":4,"posy":1,"amount":50},{"posx":14,"posy":1,"amount":150},{"posx":18,"posy":4,"amount":100},{"posx":14,"posy":6,"amount":50},{"posx":18,"posy":7,"amount":200},{"posx":12,"posy":8,"amount":300}],"changedObstacles":[]},{"players":[{"playerId":2451397,"score":1000,"energy":35,"posx":8,"posy":8,"lastAction":4,"status":0},{"playerId":206247,"score":1350,"energy":45,"posx":18,"posy":4,"lastAction":5,"status":0},{"playerId":2375363,"score":1075,"energy":41,"posx":2,"posy":6,"lastAction":1,"status":0},{"playerId":75082,"score":775,"energy":14,"posx":10,"posy":8,"lastAction":1,"status":0}],"golds":[{"posx":20,"posy":0,"amount":100},{"posx":0,"posy":1,"amount":150},{"posx":4,"posy":1,"amount":50},{"posx":14,"posy":1,"amount":150},{"posx":18,"posy":4,"amount":50},{"posx":14,"posy":6,"amount":50},{"posx":18,"posy":7,"amount":200},{"posx":12,"posy":8,"amount":300}],"changedObstacles":[]},{"players":[{"playerId":2451397,"score":1000,"energy":19,"posx":9,"posy":8,"lastAction":1,"status":0},{"playerId":206247,"score":1400,"energy":40,"posx":18,"posy":4,"lastAction":5,"status":0},{"playerId":2375363,"score":1075,"energy":40,"posx":2,"posy":5,"lastAction":2,"status":0},{"playerId":75082,"score":775,"energy":9,"posx":11,"posy":8,"lastAction":1,"status":0}],"golds":[{"posx":20,"posy":0,"amount":100},{"posx":0,"posy":1,"amount":150},{"posx":4,"posy":1,"amount":50},{"posx":14,"posy":1,"amount":150},{"posx":14,"posy":6,"amount":50},{"posx":18,"posy":7,"amount":200},{"posx":12,"posy":8,"amount":300}],"changedObstacles":[{"type":3,"posx":11,"posy":8,"value":-20},{"type":0,"posx":18,"posy":4,"value":-1}]},{"players":[{"playerId":2451397,"score":1000,"energy":18,"posx":10,"posy":8,"lastAction":1,"status":0},{"playerId":206247,"score":1400,"energy":28,"posx":18,"posy":5,"lastAction":3,"status":0},{"playerId":2375363,"score":1075,"energy":30,"posx":2,"posy":4,"lastAction":2,"status":0},{"playerId":75082,"score":775,"energy":5,"posx":12,"posy":8,"lastAction":1,"status":0}],"golds":[{"posx":20,"posy":0,"amount":100},{"posx":0,"posy":1,"amount":150},{"posx":4,"posy":1,"amount":50},{"posx":14,"posy":1,"amount":150},{"posx":14,"posy":6,"amount":50},{"posx":18,"posy":7,"amount":200},{"posx":12,"posy":8,"amount":300}],"changedObstacles":[{"type":0,"posx":2,"posy":4,"value":-1}]},{"players":[{"playerId":2451397,"score":1000,"energy":30,"posx":10,"posy":8,"lastAction":4,"status":0},{"playerId":206247,"score":1400,"energy":27,"posx":18,"posy":6,"lastAction":3,"status":0},{"playerId":2375363,"score":1075,"energy":29,"posx":2,"posy":3,"lastAction":2,"status":0},{"playerId":75082,"score":775,"energy":17,"posx":12,"posy":8,"lastAction":4,"status":0}],"golds":[{"posx":20,"posy":0,"amount":100},{"posx":0,"posy":1,"amount":150},{"posx":4,"posy":1,"amount":50},{"posx":14,"posy":1,"amount":150},{"posx":14,"posy":6,"amount":50},{"posx":18,"posy":7,"amount":200},{"posx":12,"posy":8,"amount":300}],"changedObstacles":[]},{"players":[{"playerId":2451397,"score":1000,"energy":10,"posx":11,"posy":8,"lastAction":1,"status":0},{"playerId":206247,"score":1400,"energy":23,"posx":18,"posy":7,"lastAction":3,"status":0},{"playerId":2375363,"score":1075,"energy":28,"posx":2,"posy":2,"lastAction":2,"status":0},{"playerId":75082,"score":825,"energy":12,"posx":12,"posy":8,"lastAction":5,"status":0}],"golds":[{"posx":20,"posy":0,"amount":100},{"posx":0,"posy":1,"amount":150},{"posx":4,"posy":1,"amount":50},{"posx":14,"posy":1,"amount":150},{"posx":14,"posy":6,"amount":50},{"posx":18,"posy":7,"amount":200},{"posx":12,"posy":8,"amount":250}],"changedObstacles":[{"type":3,"posx":11,"posy":8,"value":-40}]},{"players":[{"playerId":2451397,"score":1000,"energy":6,"posx":12,"posy":8,"lastAction":1,"status":0},{"playerId":206247,"score":1450,"energy":18,"posx":18,"posy":7,"lastAction":5,"status":0},{"playerId":2375363,"score":1075,"energy":27,"posx":2,"posy":1,"lastAction":2,"status":0},{"playerId":75082,"score":875,"energy":7,"posx":12,"posy":8,"lastAction":5,"status":0}],"golds":[{"posx":20,"posy":0,"amount":100},{"posx":0,"posy":1,"amount":150},{"posx":4,"posy":1,"amount":50},{"posx":14,"posy":1,"amount":150},{"posx":14,"posy":6,"amount":50},{"posx":18,"posy":7,"amount":150},{"posx":12,"posy":8,"amount":200}],"changedObstacles":[]},{"players":[{"playerId":2451397,"score":1050,"energy":1,"posx":12,"posy":8,"lastAction":5,"status":0},{"playerId":206247,"score":1500,"energy":13,"posx":18,"posy":7,"lastAction":5,"status":0},{"playerId":2375363,"score":1075,"energy":22,"posx":1,"posy":1,"lastAction":0,"status":0},{"playerId":75082,"score":925,"energy":2,"posx":12,"posy":8,"lastAction":5,"status":0}],"golds":[{"posx":20,"posy":0,"amount":100},{"posx":0,"posy":1,"amount":150},{"posx":4,"posy":1,"amount":50},{"posx":14,"posy":1,"amount":150},{"posx":14,"posy":6,"amount":50},{"posx":18,"posy":7,"amount":100},{"posx":12,"posy":8,"amount":100}],"changedObstacles":[{"type":3,"posx":1,"posy":1,"value":-20}]},{"players":[{"playerId":2451397,"score":1050,"energy":13,"posx":12,"posy":8,"lastAction":4,"status":0},{"playerId":206247,"score":1550,"energy":8,"posx":18,"posy":7,"lastAction":5,"status":0},{"playerId":2375363,"score":1075,"energy":18,"posx":0,"posy":1,"lastAction":0,"status":0},{"playerId":75082,"score":925,"energy":14,"posx":12,"posy":8,"lastAction":4,"status":0}],"golds":[{"posx":20,"posy":0,"amount":100},{"posx":0,"posy":1,"amount":150},{"posx":4,"posy":1,"amount":50},{"posx":14,"posy":1,"amount":150},{"posx":14,"posy":6,"amount":50},{"posx":18,"posy":7,"amount":50},{"posx":12,"posy":8,"amount":100}],"changedObstacles":[]},{"players":[{"playerId":2451397,"score":1100,"energy":8,"posx":12,"posy":8,"lastAction":5,"status":0},{"playerId":206247,"score":1600,"energy":3,"posx":18,"posy":7,"lastAction":5,"status":0},{"playerId":2375363,"score":1125,"energy":13,"posx":0,"posy":1,"lastAction":5,"status":0},{"playerId":75082,"score":975,"energy":9,"posx":12,"posy":8,"lastAction":5,"status":0}],"golds":[{"posx":20,"posy":0,"amount":100},{"posx":0,"posy":1,"amount":100},{"posx":4,"posy":1,"amount":50},{"posx":14,"posy":1,"amount":150},{"posx":14,"posy":6,"amount":50}],"changedObstacles":[{"type":0,"posx":18,"posy":7,"value":-1},{"type":0,"posx":12,"posy":8,"value":-1}]},{"players":[{"playerId":2451397,"score":1100,"energy":7,"posx":12,"posy":7,"lastAction":2,"status":0},{"playerId":206247,"score":1600,"energy":2,"posx":17,"posy":7,"lastAction":0,"status":0},{"playerId":2375363,"score":1175,"energy":8,"posx":0,"posy":1,"lastAction":5,"status":0},{"playerId":75082,"score":975,"energy":8,"posx":12,"posy":7,"lastAction":2,"status":0}],"golds":[{"posx":20,"posy":0,"amount":100},{"posx":0,"posy":1,"amount":50},{"posx":4,"posy":1,"amount":50},{"posx":14,"posy":1,"amount":150},{"posx":14,"posy":6,"amount":50}],"changedObstacles":[]},{"players":[{"playerId":2451397,"score":1100,"energy":19,"posx":12,"posy":7,"lastAction":4,"status":0},{"playerId":206247,"score":1600,"energy":1,"posx":16,"posy":7,"lastAction":0,"status":0},{"playerId":2375363,"score":1225,"energy":3,"posx":0,"posy":1,"lastAction":5,"status":0},{"playerId":75082,"score":975,"energy":20,"posx":12,"posy":7,"lastAction":4,"status":0}],"golds":[{"posx":20,"posy":0,"amount":100},{"posx":4,"posy":1,"amount":50},{"posx":14,"posy":1,"amount":150},{"posx":14,"posy":6,"amount":50}],"changedObstacles":[{"type":0,"posx":0,"posy":1,"value":-1}]},{"players":[{"playerId":2451397,"score":1100,"energy":35,"posx":12,"posy":7,"lastAction":4,"status":0},{"playerId":206247,"score":1600,"energy":13,"posx":16,"posy":7,"lastAction":4,"status":0},{"playerId":2375363,"score":1225,"energy":15,"posx":0,"posy":1,"lastAction":4,"status":0},{"playerId":75082,"score":975,"energy":36,"posx":12,"posy":7,"lastAction":4,"status":0}],"golds":[{"posx":20,"posy":0,"amount":100},{"posx":4,"posy":1,"amount":50},{"posx":14,"posy":1,"amount":150},{"posx":14,"posy":6,"amount":50}],"changedObstacles":[]},{"players":[{"playerId":2451397,"score":1100,"energy":24,"posx":13,"posy":7,"lastAction":1,"status":0},{"playerId":206247,"score":1600,"energy":29,"posx":16,"posy":7,"lastAction":4,"status":0},{"playerId":2375363,"score":1225,"energy":31,"posx":0,"posy":1,"lastAction":4,"status":0},{"playerId":75082,"score":975,"energy":24,"posx":13,"posy":7,"lastAction":1,"status":0}],"golds":[{"posx":20,"posy":0,"amount":100},{"posx":4,"posy":1,"amount":50},{"posx":14,"posy":1,"amount":150},{"posx":14,"posy":6,"amount":50}],"changedObstacles":[]},{"players":[{"playerId":2451397,"score":1100,"energy":23,"posx":13,"posy":6,"lastAction":2,"status":0},{"playerId":206247,"score":1600,"energy":50,"posx":16,"posy":7,"lastAction":4,"status":0},{"playerId":2375363,"score":1225,"energy":50,"posx":0,"posy":1,"lastAction":4,"status":0},{"playerId":75082,"score":975,"energy":23,"posx":13,"posy":6,"lastAction":2,"status":0}],"golds":[{"posx":20,"posy":0,"amount":100},{"posx":4,"posy":1,"amount":50},{"posx":14,"posy":1,"amount":150},{"posx":14,"posy":6,"amount":50}],"changedObstacles":[]},{"players":[{"playerId":2451397,"score":1100,"energy":19,"posx":14,"posy":6,"lastAction":1,"status":0},{"playerId":206247,"score":1600,"energy":49,"posx":16,"posy":6,"lastAction":2,"status":0},{"playerId":2375363,"score":1225,"energy":49,"posx":0,"posy":0,"lastAction":2,"status":0},{"playerId":75082,"score":975,"energy":19,"posx":14,"posy":6,"lastAction":1,"status":0}],"golds":[{"posx":20,"posy":0,"amount":100},{"posx":4,"posy":1,"amount":50},{"posx":14,"posy":1,"amount":150},{"posx":14,"posy":6,"amount":50}],"changedObstacles":[]},{"players":[{"playerId":2451397,"score":1125,"energy":14,"posx":14,"posy":6,"lastAction":5,"status":0},{"playerId":206247,"score":1600,"energy":48,"posx":16,"posy":5,"lastAction":2,"status":0},{"playerId":2375363,"score":1225,"energy":48,"posx":1,"posy":0,"lastAction":1,"status":0},{"playerId":75082,"score":1000,"energy":14,"posx":14,"posy":6,"lastAction":5,"status":0}],"golds":[{"posx":20,"posy":0,"amount":100},{"posx":4,"posy":1,"amount":50},{"posx":14,"posy":1,"amount":150}],"changedObstacles":[{"type":0,"posx":14,"posy":6,"value":-1}]},{"players":[{"playerId":2451397,"score":1125,"energy":9,"posx":14,"posy":5,"lastAction":2,"status":0},{"playerId":206247,"score":1600,"energy":47,"posx":15,"posy":5,"lastAction":0,"status":0},{"playerId":2375363,"score":1225,"energy":38,"posx":2,"posy":0,"lastAction":1,"status":0},{"playerId":75082,"score":1000,"energy":9,"posx":14,"posy":5,"lastAction":2,"status":0}],"golds":[{"posx":20,"posy":0,"amount":100},{"posx":4,"posy":1,"amount":50},{"posx":14,"posy":1,"amount":150}],"changedObstacles":[{"type":0,"posx":2,"posy":0,"value":-1},{"type":3,"posx":14,"posy":5,"value":-20}]},{"players":[{"playerId":2451397,"score":1125,"energy":21,"posx":14,"posy":5,"lastAction":4,"status":0},{"playerId":206247,"score":1600,"energy":46,"posx":15,"posy":4,"lastAction":2,"status":0},{"playerId":2375363,"score":1225,"energy":37,"posx":2,"posy":1,"lastAction":3,"status":0},{"playerId":75082,"score":1000,"energy":21,"posx":14,"posy":5,"lastAction":4,"status":0}],"golds":[{"posx":20,"posy":0,"amount":100},{"posx":4,"posy":1,"amount":50},{"posx":14,"posy":1,"amount":150}],"changedObstacles":[]},{"players":[{"playerId":2451397,"score":1125,"energy":2,"posx":14,"posy":4,"lastAction":2,"status":0},{"playerId":206247,"score":1600,"energy":30,"posx":14,"posy":4,"lastAction":0,"status":0},{"playerId":2375363,"score":1225,"energy":27,"posx":3,"posy":1,"lastAction":1,"status":0},{"playerId":75082,"score":1000,"energy":37,"posx":14,"posy":5,"lastAction":4,"status":0}],"golds":[{"posx":20,"posy":0,"amount":100},{"posx":4,"posy":1,"amount":50},{"posx":14,"posy":1,"amount":150}],"changedObstacles":[{"type":0,"posx":3,"posy":1,"value":-1}]},{"players":[{"playerId":2451397,"score":1125,"energy":1,"posx":14,"posy":3,"lastAction":2,"status":0},{"playerId":206247,"score":1600,"energy":29,"posx":14,"posy":3,"lastAction":2,"status":0},{"playerId":2375363,"score":1225,"energy":23,"posx":4,"posy":1,"lastAction":1,"status":0},{"playerId":75082,"score":1000,"energy":36,"posx":15,"posy":5,"lastAction":1,"status":0}],"golds":[{"posx":20,"posy":0,"amount":100},{"posx":4,"posy":1,"amount":50},{"posx":14,"posy":1,"amount":150}],"changedObstacles":[]},{"players":[{"playerId":2451397,"score":1125,"energy":13,"posx":14,"posy":3,"lastAction":4,"status":0},{"playerId":206247,"score":1600,"energy":19,"posx":14,"posy":2,"lastAction":2,"status":0},{"playerId":2375363,"score":1275,"energy":18,"posx":4,"posy":1,"lastAction":5,"status":0},{"playerId":75082,"score":1000,"energy":35,"posx":16,"posy":5,"lastAction":1,"status":0}],"golds":[{"posx":20,"posy":0,"amount":100},{"posx":14,"posy":1,"amount":150}],"changedObstacles":[{"type":0,"posx":14,"posy":2,"value":-1},{"type":0,"posx":4,"posy":1,"value":-1}]},{"players":[{"playerId":2451397,"score":1125,"energy":12,"posx":14,"posy":2,"lastAction":2,"status":0},{"playerId":206247,"score":1600,"energy":15,"posx":14,"posy":1,"lastAction":2,"status":0},{"playerId":2375363,"score":1275,"energy":17,"posx":5,"posy":1,"lastAction":1,"status":0},{"playerId":75082,"score":1000,"energy":34,"posx":17,"posy":5,"lastAction":1,"status":0}],"golds":[{"posx":20,"posy":0,"amount":100},{"posx":14,"posy":1,"amount":150}],"changedObstacles":[]},{"players":[{"playerId":2451397,"score":1125,"energy":8,"posx":14,"posy":1,"lastAction":2,"status":0},{"playerId":206247,"score":1650,"energy":10,"posx":14,"posy":1,"lastAction":5,"status":0},{"playerId":2375363,"score":1275,"energy":12,"posx":5,"posy":0,"lastAction":2,"status":0},{"playerId":75082,"score":1000,"energy":17,"posx":18,"posy":5,"lastAction":1,"status":0}],"golds":[{"posx":20,"posy":0,"amount":100},{"posx":14,"posy":1,"amount":100}],"changedObstacles":[{"type":3,"posx":5,"posy":0,"value":-20}]},{"players":[{"playerId":2451397,"score":1175,"energy":3,"posx":14,"posy":1,"lastAction":5,"status":0},{"playerId":206247,"score":1700,"energy":5,"posx":14,"posy":1,"lastAction":5,"status":0},{"playerId":2375363,"score":1275,"energy":2,"posx":6,"posy":0,"lastAction":1,"status":0},{"playerId":75082,"score":1000,"energy":16,"posx":19,"posy":5,"lastAction":1,"status":0}],"golds":[{"posx":20,"posy":0,"amount":100}],"changedObstacles":[{"type":0,"posx":6,"posy":0,"value":-1},{"type":0,"posx":14,"posy":1,"value":-1}]},{"players":[{"playerId":2451397,"score":1175,"energy":2,"posx":15,"posy":1,"lastAction":1,"status":0},{"playerId":206247,"score":1700,"energy":4,"posx":15,"posy":1,"lastAction":1,"status":0},{"playerId":2375363,"score":1275,"energy":1,"posx":7,"posy":0,"lastAction":1,"status":0},{"playerId":75082,"score":1000,"energy":15,"posx":20,"posy":5,"lastAction":1,"status":0}],"golds":[{"posx":20,"posy":0,"amount":100}],"changedObstacles":[]},{"players":[{"playerId":2451397,"score":1175,"energy":1,"posx":16,"posy":1,"lastAction":1,"status":0},{"playerId":206247,"score":1700,"energy":3,"posx":16,"posy":1,"lastAction":1,"status":0},{"playerId":2375363,"score":1275,"energy":13,"posx":7,"posy":0,"lastAction":4,"status":0},{"playerId":75082,"score":1000,"energy":14,"posx":20,"posy":4,"lastAction":2,"status":0}],"golds":[{"posx":20,"posy":0,"amount":100}],"changedObstacles":[]},{"players":[{"playerId":2451397,"score":1175,"energy":13,"posx":16,"posy":1,"lastAction":4,"status":0},{"playerId":206247,"score":1700,"energy":2,"posx":16,"posy":0,"lastAction":2,"status":0},{"playerId":2375363,"score":1275,"energy":29,"posx":7,"posy":0,"lastAction":4,"status":0},{"playerId":75082,"score":1000,"energy":4,"posx":19,"posy":4,"lastAction":0,"status":0}],"golds":[{"posx":20,"posy":0,"amount":100}],"changedObstacles":[{"type":0,"posx":19,"posy":4,"value":-1}]},{"players":[{"playerId":2451397,"score":1175,"energy":12,"posx":16,"posy":0,"lastAction":2,"status":0},{"playerId":206247,"score":1700,"energy":1,"posx":17,"posy":0,"lastAction":1,"status":0},{"playerId":2375363,"score":1275,"energy":22,"posx":8,"posy":0,"lastAction":1,"status":0},{"playerId":75082,"score":1000,"energy":3,"posx":20,"posy":4,"lastAction":1,"status":0}],"golds":[{"posx":20,"posy":0,"amount":100}],"changedObstacles":[]},{"players":[{"playerId":2451397,"score":1175,"energy":11,"posx":17,"posy":0,"lastAction":1,"status":0},{"playerId":206247,"score":1700,"energy":13,"posx":17,"posy":0,"lastAction":4,"status":0},{"playerId":2375363,"score":1275,"energy":21,"posx":9,"posy":0,"lastAction":1,"status":0},{"playerId":75082,"score":1000,"energy":2,"posx":19,"posy":4,"lastAction":0,"status":0}],"golds":[{"posx":20,"posy":0,"amount":100}],"changedObstacles":[]},{"players":[{"playerId":2451397,"score":1175,"energy":10,"posx":18,"posy":0,"lastAction":1,"status":0},{"playerId":206247,"score":1700,"energy":29,"posx":17,"posy":0,"lastAction":4,"status":0},{"playerId":2375363,"score":1275,"energy":20,"posx":10,"posy":0,"lastAction":1,"status":0},{"playerId":75082,"score":1000,"energy":1,"posx":19,"posy":3,"lastAction":2,"status":0}],"golds":[{"posx":20,"posy":0,"amount":100}],"changedObstacles":[]},{"players":[{"playerId":2451397,"score":1175,"energy":22,"posx":18,"posy":0,"lastAction":4,"status":0},{"playerId":206247,"score":1700,"energy":50,"posx":17,"posy":0,"lastAction":4,"status":0},{"playerId":2375363,"score":1275,"energy":32,"posx":10,"posy":0,"lastAction":4,"status":0},{"playerId":75082,"score":1000,"energy":13,"posx":19,"posy":3,"lastAction":4,"status":0}],"golds":[{"posx":20,"posy":0,"amount":100}],"changedObstacles":[]},{"players":[{"playerId":2451397,"score":1175,"energy":8,"posx":19,"posy":0,"lastAction":1,"status":0},{"playerId":206247,"score":1700,"energy":49,"posx":18,"posy":0,"lastAction":1,"status":0},{"playerId":2375363,"score":1275,"energy":26,"posx":11,"posy":0,"lastAction":1,"status":0},{"playerId":75082,"score":1000,"energy":3,"posx":20,"posy":3,"lastAction":1,"status":0}],"golds":[{"posx":20,"posy":0,"amount":100}],"changedObstacles":[{"type":0,"posx":20,"posy":3,"value":-1}]},{"players":[{"playerId":2451397,"score":1175,"energy":4,"posx":20,"posy":0,"lastAction":1,"status":0},{"playerId":206247,"score":1700,"energy":44,"posx":19,"posy":0,"lastAction":1,"status":0},{"playerId":2375363,"score":1275,"energy":25,"posx":12,"posy":0,"lastAction":1,"status":0},{"playerId":75082,"score":1000,"energy":15,"posx":20,"posy":3,"lastAction":4,"status":0}],"golds":[{"posx":20,"posy":0,"amount":100}],"changedObstacles":[]},{"players":[{"playerId":2451397,"score":1175,"energy":16,"posx":20,"posy":0,"lastAction":4,"status":0},{"playerId":206247,"score":1700,"energy":40,"posx":20,"posy":0,"lastAction":1,"status":0},{"playerId":2375363,"score":1275,"energy":24,"posx":13,"posy":0,"lastAction":1,"status":0},{"playerId":75082,"score":1000,"energy":14,"posx":20,"posy":4,"lastAction":3,"status":0}],"golds":[{"posx":20,"posy":0,"amount":100}],"changedObstacles":[]},{"players":[{"playerId":2451397,"score":1225,"energy":11,"posx":20,"posy":0,"lastAction":5,"status":0},{"playerId":206247,"score":1750,"energy":35,"posx":20,"posy":0,"lastAction":5,"status":0},{"playerId":2375363,"score":1275,"energy":14,"posx":14,"posy":0,"lastAction":1,"status":0},{"playerId":75082,"score":1000,"energy":13,"posx":20,"posy":5,"lastAction":3,"status":0}],"golds":[],"changedObstacles":[{"type":0,"posx":14,"posy":0,"value":-1},{"type":0,"posx":20,"posy":0,"value":-1}]}]