[{"players":[{"playerId":2299591,"score":0,"energy":49,"posx":9,"posy":3,"lastAction":3,"status":0},{"playerId":2413234,"score":0,"energy":49,"posx":9,"posy":3,"lastAction":3,"status":0},{"playerId":61319,"score":0,"energy":49,"posx":9,"posy":3,"lastAction":3,"status":0},{"playerId":803122,"score":0,"energy":40,"posx":10,"posy":2,"lastAction":1,"status":0}],"golds":[{"posx":4,"posy":8,"amount":100},{"posx":8,"posy":7,"amount":450},{"posx":0,"posy":1,"amount":150},{"posx":16,"posy":6,"amount":500},{"posx":20,"posy":0,"amount":100},{"posx":3,"posy":3,"amount":700},{"posx":14,"posy":6,"amount":50},{"posx":2,"posy":6,"amount":500},{"posx":0,"posy":6,"amount":50},{"posx":3,"posy":8,"amount":50},{"posx":6,"posy":4,"amount":150},{"posx":18,"posy":4,"amount":600},{"posx":4,"posy":1,"amount":50},{"posx":12,"posy":8,"amount":300},{"posx":1,"posy":8,"amount":650},{"posx":17,"posy":5,"amount":300},{"posx":18,"posy":7,"amount":200},{"posx":6,"posy":8,"amount":100},{"posx":14,"posy":1,"amount":150},{"posx":10,"posy":3,"amount":100}],"changedObstacles":[{"type":0,"posx":10,"posy":2,"value":-1}]},{"players":[{"playerId":2299591,"score":0,"energy":45,"posx":10,"posy":3,"lastAction":1,"status":0},{"playerId":2413234,"score":0,"energy":48,"posx":9,"posy":4,"lastAction":3,"status":0},{"playerId":61319,"score":0,"energy":45,"posx":10,"posy":3,"lastAction":1,"status":0},{"playerId":803122,"score":0,"energy":36,"posx":10,"posy":3,"lastAction":3,"status":0}],"golds":[{"posx":4,"posy":8,"amount":100},{"posx":8,"posy":7,"amount":450},{"posx":0,"posy":1,"amount":150},{"posx":16,"posy":6,"amount":500},{"posx":20,"posy":0,"amount":100},{"posx":3,"posy":3,"amount":700},{"posx":14,"posy":6,"amount":50},{"posx":2,"posy":6,"amount":500},{"posx":0,"posy":6,"amount":50},{"posx":3,"posy":8,"amount":50},{"posx":6,"posy":4,"amount":150},{"posx":18,"posy":4,"amount":600},{"posx":4,"posy":1,"amount":50},{"posx":12,"posy":8,"amount":300},{"posx":1,"posy":8,"amount":650},{"posx":17,"posy":5,"amount":300},{"posx":18,"posy":7,"amount":200},{"posx":6,"posy":8,"amount":100},{"posx":14,"posy":1,"amount":150},{"posx":10,"posy":3,"amount":100}],"changedObstacles":[]},{"players":[{"playerId":2299591,"score":34,"energy":40,"posx":10,"posy":3,"lastAction":5,"status":0},{"playerId":2413234,"score":0,"energy":47,"posx":9,"posy":5,"lastAction":3,"status":0},{"playerId":61319,"score":34,"energy":40,"posx":10,"posy":3,"lastAction":5,"status":0},{"playerId":803122,"score":34,"energy":31,"posx":10,"posy":3,"lastAction":5,"status":0}],"golds":[{"posx":20,"posy":0,"amount":100},{"posx":0,"posy":1,"amount":150},{"posx":4,"posy":1,"amount":50},{"posx":14,"posy":1,"amount":150},{"posx":3,"posy":3,"amount":700},{"posx":6,"posy":4,"amount":150},{"posx":18,"posy":4,"amount":600},{"posx":17,"posy":5,"amount":300},{"posx":0,"posy":6,"amount":50},{"posx":2,"posy":6,"amount":500},{"posx":14,"posy":6,"amount":50},{"posx":16,"posy":6,"amount":500},{"posx":8,"posy":7,"amount":450},{"posx":18,"posy":7,"amount":200},{"posx":1,"posy":8,"amount":650},{"posx":3,"posy":8,"amount":50},{"posx":4,"posy":8,"amount":100},{"posx":6,"posy":8,"amount":100},{"posx":12,"posy":8,"amount":300}],"changedObstacles":[{"type":0,"posx":10,"posy":3,"value":-1}]},{"players":[{"playerId":2299591,"score":34,"energy":39,"posx":9,"posy":3,"lastAction":0,"status":0},{"playerId":2413234,"score":0,"energy":46,"posx":8,"posy":5,"lastAction":0,"status":0},{"playerId":61319,"score":34,"energy":39,"posx":9,"posy":3,"lastAction":0,"status":0},{"playerId":803122,"score":34,"energy":21,"posx":10,"posy":4,"lastAction":3,"status":0}],"golds":[{"posx":20,"posy":0,"amount":100},{"posx":0,"posy":1,"amount":150},{"posx":4,"posy":1,"amount":50},{"posx":14,"posy":1,"amount":150},{"posx":3,"posy":3,"amount":700},{"posx":6,"posy":4,"amount":150},{"posx":18,"posy":4,"amount":600},{"posx":17,"posy":5,"amount":300},{"posx":0,"posy":6,"amount":50},{"posx":2,"posy":6,"amount":500},{"posx":14,"posy":6,"amount":50},{"posx":16,"posy":6,"amount":500},{"posx":8,"posy":7,"amount":450},{"posx":18,"posy":7,"amount":200},{"posx":1,"posy":8,"amount":650},{"posx":3,"posy":8,"amount":50},{"posx":4,"posy":8,"amount":100},{"posx":6,"posy":8,"amount":100},{"posx":12,"posy":8,"amount":300}],"changedObstacles":[{"type":0,"posx":10,"posy":4,"value":-1}]},{"players":[{"playerId":2299591,"score":34,"energy":38,"posx":9,"posy":4,"lastAction":3,"status":0},{"playerId":2413234,"score":0,"energy":45,"posx":8,"posy":6,"lastAction":3,"status":0},{"playerId":61319,"score":34,"energy":38,"posx":9,"posy":4,"lastAction":3,"status":0},{"playerId":803122,"score":34,"energy":11,"posx":10,"posy":5,"lastAction":3,"status":0}],"golds":[{"posx":20,"posy":0,"amount":100},{"posx":0,"posy":1,"amount":150},{"posx":4,"posy":1,"amount":50},{"posx":14,"posy":1,"amount":150},{"posx":3,"posy":3,"amount":700},{"posx":6,"posy":4,"amount":150},{"posx":18,"posy":4,"amount":600},{"posx":17,"posy":5,"amount":300},{"posx":0,"posy":6,"amount":50},{"posx":2,"posy":6,"amount":500},{"posx":14,"posy":6,"amount":50},{"posx":16,"posy":6,"amount":500},{"posx":8,"posy":7,"amount":450},{"posx":18,"posy":7,"amount":200},{"posx":1,"posy":8,"amount":650},{"posx":3,"posy":8,"amount":50},{"posx":4,"posy":8,"amount":100},{"posx":6,"posy":8,"amount":100},{"posx":12,"posy":8,"amount":300}],"changedObstacles":[{"type":0,"posx":10,"posy":5,"value":-1}]},{"players":[{"playerId":2299591,"score":34,"energy":33,"posx":8,"posy":4,"lastAction":0,"status":0},{"playerId":2413234,"score":0,"energy":41,"posx":8,"posy":7,"lastAction":3,"status":0},{"playerId":61319,"score":34,"energy":33,"posx":8,"posy":4,"lastAction":0,"status":0},{"playerId":803122,"score":34,"energy":10,"posx":10,"posy":6,"lastAction":3,"status":0}],"golds":[{"posx":20,"posy":0,"amount":100},{"posx":0,"posy":1,"amount":150},{"posx":4,"posy":1,"amount":50},{"posx":14,"posy":1,"amount":150},{"posx":3,"posy":3,"amount":700},{"posx":6,"posy":4,"amount":150},{"posx":18,"posy":4,"amount":600},{"posx":17,"posy":5,"amount":300},{"posx":0,"posy":6,"amount":50},{"posx":2,"posy":6,"amount":500},{"posx":14,"posy":6,"amount":50},{"posx":16,"posy":6,"amount":500},{"posx":8,"posy":7,"amount":450},{"posx":18,"posy":7,"amount":200},{"posx":1,"posy":8,"amount":650},{"posx":3,"posy":8,"amount":50},{"posx":4,"posy":8,"amount":100},{"posx":6,"posy":8,"amount":100},{"posx":12,"posy":8,"amount":300}],"changedObstacles":[{"type":3,"posx":8,"posy":4,"value":-20}]},{"players":[{"playerId":2299591,"score":34,"energy":32,"posx":7,"posy":4,"lastAction":0,"status":0},{"playerId":2413234,"score":50,"energy":36,"posx":8,"posy":7,"lastAction":5,"status":0},{"playerId":61319,"score":34,"energy":32,"posx":7,"posy":4,"lastAction":0,"status":0},{"playerId":803122,"score":34,"energy":9,"posx":10,"posy":7,"lastAction":3,"status":0}],"golds":[{"posx":20,"posy":0,"amount":100},{"posx":0,"posy":1,"amount":150},{"posx":4,"posy":1,"amount":50},{"posx":14,"posy":1,"amount":150},{"posx":3,"posy":3,"amount":700},{"posx":6,"posy":4,"amount":150},{"posx":18,"posy":4,"amount":600},{"posx":17,"posy":5,"amount":300},{"posx":0,"posy":6,"amount":50},{"posx":2,"posy":6,"amount":500},{"posx":14,"posy":6,"amount":50},{"posx":16,"posy":6,"amount":500},{"posx":8,"posy":7,"amount":400},{"posx":18,"posy":7,"amount":200},{"posx":1,"posy":8,"amount":650},{"posx":3,"posy":8,"amount":50},{"posx":4,"posy":8,"amount":100},{"posx":6,"posy":8,"amount":100},{"posx":12,"posy":8,"amount":300}],"changedObstacles":[]},{"players":[{"playerId":2299591,"score":34,"energy":28,"posx":6,"posy":4,"lastAction":0,"status":0},{"playerId":2413234,"score":100,"energy":31,"posx":8,"posy":7,"lastAction":5,"status":0},{"playerId":61319,"score":34,"energy":28,"posx":6,"posy":4,"lastAction":0,"status":0},{"playerId":803122,"score":34,"energy":21,"posx":10,"posy":7,"lastAction":4,"status":0}],"golds":[{"posx":20,"posy":0,"amount":100},{"posx":0,"posy":1,"amount":150},{"posx":4,"posy":1,"amount":50},{"posx":14,"posy":1,"amount":150},{"posx":3,"posy":3,"amount":700},{"posx":6,"posy":4,"amount":150},{"posx":18,"posy":4,"amount":600},{"posx":17,"posy":5,"amount":300},{"posx":0,"posy":6,"amount":50},{"posx":2,"posy":6,"amount":500},{"posx":14,"posy":6,"amount":50},{"posx":16,"posy":6,"amount":500},{"posx":8,"posy":7,"amount":350},{"posx":18,"posy":7,"amount":200},{"posx":1,"posy":8,"amount":650},{"posx":3,"posy":8,"amount":50},{"posx":4,"posy":8,"amount":100},{"posx":6,"posy":8,"amount":100},{"posx":12,"posy":8,"amount":300}],"changedObstacles":[]},{"players":[{"playerId":2299591,"score":84,"energy":23,"posx":6,"posy":4,"lastAction":5,"status":0},{"playerId":2413234,"score":150,"energy":26,"posx":8,"posy":7,"lastAction":5,"status":0},{"playerId":61319,"score":84,"energy":23,"posx":6,"posy":4,"lastAction":5,"status":0},{"playerId":803122,"score":34,"energy":15,"posx":9,"posy":7,"lastAction":0,"status":0}],"golds":[{"posx":20,"posy":0,"amount":100},{"posx":0,"posy":1,"amount":150},{"posx":4,"posy":1,"amount":50},{"posx":14,"posy":1,"amount":150},{"posx":3,"posy":3,"amount":700},{"posx":6,"posy":4,"amount":50},{"posx":18,"posy":4,"amount":600},{"posx":17,"posy":5,"amount":300},{"posx":0,"posy":6,"amount":50},{"posx":2,"posy":6,"amount":500},{"posx":14,"posy":6,"amount":50},{"posx":16,"posy":6,"amount":500},{"posx":8,"posy":7,"amount":300},{"posx":18,"posy":7,"amount":200},{"posx":1,"posy":8,"amount":650},{"posx":3,"posy":8,"amount":50},{"posx":4,"posy":8,"amount":100},{"posx":6,"posy":8,"amount":100},{"posx":12,"posy":8,"amount":300}],"changedObstacles":[]},{"players":[{"playerId":2299591,"score":109,"energy":18,"posx":6,"posy":4,"lastAction":5,"status":0},{"playerId":2413234,"score":200,"energy":21,"posx":8,"posy":7,"lastAction":5,"status":0},{"playerId":61319,"score":109,"energy":18,"posx":6,"posy":4,"lastAction":5,"status":0},{"playerId":803122,"score":34,"energy":11,"posx":8,"posy":7,"lastAction":0,"status":0}],"golds":[{"posx":20,"posy":0,"amount":100},{"posx":0,"posy":1,"amount":150},{"posx":4,"posy":1,"amount":50},{"posx":14,"posy":1,"amount":150},{"posx":3,"posy":3,"amount":700},{"posx":18,"posy":4,"amount":600},{"posx":17,"posy":5,"amount":300},{"posx":0,"posy":6,"amount":50},{"posx":2,"posy":6,"amount":500},{"posx":14,"posy":6,"amount":50},{"posx":16,"posy":6,"amount":500},{"posx":8,"posy":7,"amount":250},{"posx":18,"posy":7,"amount":200},{"posx":1,"posy":8,"amount":650},{"posx":3,"posy":8,"amount":50},{"posx":4,"posy":8,"amount":100},{"posx":6,"posy":8,"amount":100},{"posx":12,"posy":8,"amount":300}],"changedObstacles":[{"type":0,"posx":6,"posy":4,"value":-1}]},{"players":[{"playerId":2299591,"score":109,"energy":30,"posx":6,"posy":4,"lastAction":4,"status":0},{"playerId":2413234,"score":250,"energy":16,"posx":8,"posy":7,"lastAction":5,"status":0},{"playerId":61319,"score":109,"energy":17,"posx":6,"posy":3,"lastAction":2,"status":0},{"playerId":803122,"score":84,"energy":6,"posx":8,"posy":7,"lastAction":5,"status":0}],"golds":[{"posx":20,"posy":0,"amount":100},{"posx":0,"posy":1,"amount":150},{"posx":4,"posy":1,"amount":50},{"posx":14,"posy":1,"amount":150},{"posx":3,"posy":3,"amount":700},{"posx":18,"posy":4,"amount":600},{"posx":17,"posy":5,"amount":300},{"posx":0,"posy":6,"amount":50},{"posx":2,"posy":6,"amount":500},{"posx":14,"posy":6,"amount":50},{"posx":16,"posy":6,"amount":500},{"posx":8,"posy":7,"amount":150},{"posx":18,"posy":7,"amount":200},{"posx":1,"posy":8,"amount":650},{"posx":3,"posy":8,"amount":50},{"posx":4,"posy":8,"amount":100},{"posx":6,"posy":8,"amount":100},{"posx":12,"posy":8,"amount":300}],"changedObstacles":[]},{"players":[{"playerId":2299591,"score":109,"energy":29,"posx":6,"posy":5,"lastAction":3,"status":0},{"playerId":2413234,"score":300,"energy":11,"posx":8,"posy":7,"lastAction":5,"status":0},{"playerId":61319,"score":109,"energy":16,"posx":5,"posy":3,"lastAction":0,"status":0},{"playerId":803122,"score":134,"energy":1,"posx":8,"posy":7,"lastAction":5,"status":0}],"golds":[{"posx":20,"posy":0,"amount":100},{"posx":0,"posy":1,"amount":150},{"posx":4,"posy":1,"amount":50},{"posx":14,"posy":1,"amount":150},{"posx":3,"posy":3,"amount":700},{"posx":18,"posy":4,"amount":600},{"posx":17,"posy":5,"amount":300},{"posx":0,"posy":6,"amount":50},{"posx":2,"posy":6,"amount":500},{"posx":14,"posy":6,"amount":50},{"posx":16,"posy":6,"amount":500},{"posx":8,"posy":7,"amount":50},{"posx":18,"posy":7,"amount":200},{"posx":1,"posy":8,"amount":650},{"posx":3,"posy":8,"amount":50},{"posx":4,"posy":8,"amount":100},{"posx":6,"posy":8,"amount":100},{"posx":12,"posy":8,"amount":300}],"changedObstacles":[]},{"players":[{"playerId":2299591,"score":109,"energy":28,"posx":6,"posy":6,"lastAction":3,"status":0},{"playerId":2413234,"score":350,"energy":6,"posx":8,"posy":7,"lastAction":5,"status":0},{"playerId":61319,"score":109,"energy":6,"posx":4,"posy":3,"lastAction":0,"status":0},{"playerId":803122,"score":134,"energy":13,"posx":8,"posy":7,"lastAction":4,"status":0}],"golds":[{"posx":20,"posy":0,"amount":100},{"posx":0,"posy":1,"amount":150},{"posx":4,"posy":1,"amount":50},{"posx":14,"posy":1,"amount":150},{"posx":3,"posy":3,"amount":700},{"posx":18,"posy":4,"amount":600},{"posx":17,"posy":5,"amount":300},{"posx":0,"posy":6,"amount":50},{"posx":2,"posy":6,"amount":500},{"posx":14,"posy":6,"amount":50},{"posx":16,"posy":6,"amount":500},{"posx":18,"posy":7,"amount":200},{"posx":1,"posy":8,"amount":650},{"posx":3,"posy":8,"amount":50},{"posx":4,"posy":8,"amount":100},{"posx":6,"posy":8,"amount":100},{"posx":12,"posy":8,"amount":300}],"changedObstacles":[{"type":0,"posx":4,"posy":3,"value":-1},{"type":0,"posx":8,"posy":7,"value":-1}]},{"players":[{"playerId":2299591,"score":109,"energy":27,"posx":7,"posy":6,"lastAction":1,"status":0},{"playerId":2413234,"score":350,"energy":5,"posx":8,"posy":6,"lastAction":2,"status":0},{"playerId":61319,"score":109,"energy":2,"posx":3,"posy":3,"lastAction":0,"status":0},{"playerId":803122,"score":134,"energy":12,"posx":7,"posy":7,"lastAction":0,"status":0}],"golds":[{"posx":20,"posy":0,"amount":100},{"posx":0,"posy":1,"amount":150},{"posx":4,"posy":1,"amount":50},{"posx":14,"posy":1,"amount":150},{"posx":3,"posy":3,"amount":700},{"posx":18,"posy":4,"amount":600},{"posx":17,"posy":5,"amount":300},{"posx":0,"posy":6,"amount":50},{"posx":2,"posy":6,"amount":500},{"posx":14,"posy":6,"amount":50},{"posx":16,"posy":6,"amount":500},{"posx":18,"posy":7,"amount":200},{"posx":1,"posy":8,"amount":650},{"posx":3,"posy":8,"amount":50},{"posx":4,"posy":8,"amount":100},{"posx":6,"posy":8,"amount":100},{"posx":12,"posy":8,"amount":300}],"changedObstacles":[]},{"players":[{"playerId":2299591,"score":109,"energy":26,"posx":7,"posy":7,"lastAction":3,"status":0},{"playerId":2413234,"score":350,"energy":4,"posx":7,"posy":6,"lastAction":0,"status":0},{"playerId":61319,"score":109,"energy":14,"posx":3,"posy":3,"lastAction":4,"status":0},{"playerId":803122,"score":134,"energy":7,"posx":6,"posy":7,"lastAction":0,"status":0}],"golds":[{"posx":20,"posy":0,"amount":100},{"posx":0,"posy":1,"amount":150},{"posx":4,"posy":1,"amount":50},{"posx":14,"posy":1,"amount":150},{"posx":3,"posy":3,"amount":700},{"posx":18,"posy":4,"amount":600},{"posx":17,"posy":5,"amount":300},{"posx":0,"posy":6,"amount":50},{"posx":2,"posy":6,"amount":500},{"posx":14,"posy":6,"amount":50},{"posx":16,"posy":6,"amount":500},{"posx":18,"posy":7,"amount":200},{"posx":1,"posy":8,"amount":650},{"posx":3,"posy":8,"amount":50},{"posx":4,"posy":8,"amount":100},{"posx":6,"posy":8,"amount":100},{"posx":12,"posy":8,"amount":300}],"changedObstacles":[{"type":3,"posx":6,"posy":7,"value":-20}]},{"players":[{"playerId":2299591,"score":109,"energy":25,"posx":7,"posy":8,"lastAction":3,"status":0},{"playerId":2413234,"score":350,"energy":3,"posx":6,"posy":6,"lastAction":0,"status":0},{"playerId":61319,"score":109,"energy":30,"posx":3,"posy":3,"lastAction":4,"status":0},{"playerId":803122,"score":134,"energy":6,"posx":5,"posy":7,"lastAction":0,"status":0}],"golds":[{"posx":20,"posy":0,"amount":100},{"posx":0,"posy":1,"amount":150},{"posx":4,"posy":1,"amount":50},{"posx":14,"posy":1,"amount":150},{"posx":3,"posy":3,"amount":700},{"posx":18,"posy":4,"amount":600},{"posx":17,"posy":5,"amount":300},{"posx":0,"posy":6,"amount":50},{"posx":2,"posy":6,"amount":500},{"posx":14,"posy":6,"amount":50},{"posx":16,"posy":6,"amount":500},{"posx":18,"posy":7,"amount":200},{"posx":1,"posy":8,"amount":650},{"posx":3,"posy":8,"amount":50},{"posx":4,"posy":8,"amount":100},{"posx":6,"posy":8,"amount":100},{"posx":12,"posy":8,"amount":300}],"changedObstacles":[]},{"players":[{"playerId":2299591,"score":109,"energy":21,"posx":6,"posy":8,"lastAction":0,"status":0},{"playerId":2413234,"score":350,"energy":15,"posx":6,"posy":6,"lastAction":4,"status":0},{"playerId":61319,"score":109,"energy":50,"posx":3,"posy":3,"lastAction":4,"status":0},{"playerId":803122,"score":134,"energy":18,"posx":5,"posy":7,"lastAction":4,"status":0}],"golds":[{"posx":20,"posy":0,"amount":100},{"posx":0,"posy":1,"amount":150},{"posx":4,"posy":1,"amount":50},{"posx":14,"posy":1,"amount":150},{"posx":3,"posy":3,"amount":700},{"posx":18,"posy":4,"amount":600},{"posx":17,"posy":5,"amount":300},{"posx":0,"posy":6,"amount":50},{"posx":2,"posy":6,"amount":500},{"posx":14,"posy":6,"amount":50},{"posx":16,"posy":6,"amount":500},{"posx":18,"posy":7,"amount":200},{"posx":1,"posy":8,"amount":650},{"posx":3,"posy":8,"amount":50},{"posx":4,"posy":8,"amount":100},{"posx":6,"posy":8,"amount":100},{"posx":12,"posy":8,"amount":300}],"changedObstacles":[]},{"players":[{"playerId":2299591,"score":159,"energy":16,"posx":6,"posy":8,"lastAction":5,"status":0},{"playerId":2413234,"score":350,"energy":31,"posx":6,"posy":6,"lastAction":4,"status":0},{"playerId":61319,"score":159,"energy":45,"posx":3,"posy":3,"lastAction":5,"status":0},{"playerId":803122,"score":134,"energy":8,"posx":4,"posy":7,"lastAction":0,"status":0}],"golds":[{"posx":20,"posy":0,"amount":100},{"posx":0,"posy":1,"amount":150},{"posx":4,"posy":1,"amount":50},{"posx":14,"posy":1,"amount":150},{"posx":3,"posy":3,"amount":650},{"posx":18,"posy":4,"amount":600},{"posx":17,"posy":5,"amount":300},{"posx":0,"posy":6,"amount":50},{"posx":2,"posy":6,"amount":500},{"posx":14,"posy":6,"amount":50},{"posx":16,"posy":6,"amount":500},{"posx":18,"posy":7,"amount":200},{"posx":1,"posy":8,"amount":650},{"posx":3,"posy":8,"amount":50},{"posx":4,"posy":8,"amount":100},{"posx":6,"posy":8,"amount":50},{"posx":12,"posy":8,"amount":300}],"changedObstacles":[{"type":0,"posx":4,"posy":7,"value":-1}]},{"players":[{"playerId":2299591,"score":209,"energy":11,"posx":6,"posy":8,"lastAction":5,"status":0},{"playerId":2413234,"score":350,"energy":21,"posx":5,"posy":6,"lastAction":0,"status":0},{"playerId":61319,"score":209,"energy":40,"posx":3,"posy":3,"lastAction":5,"status":0},{"playerId":803122,"score":134,"energy":20,"posx":4,"posy":7,"lastAction":4,"status":0}],"golds":[{"posx":20,"posy":0,"amount":100},{"posx":0,"posy":1,"amount":150},{"posx":4,"posy":1,"amount":50},{"posx":14,"posy":1,"amount":150},{"posx":3,"posy":3,"amount":600},{"posx":18,"posy":4,"amount":600},{"posx":17,"posy":5,"amount":300},{"posx":0,"posy":6,"amount":50},{"posx":2,"posy":6,"amount":500},{"posx":14,"posy":6,"amount":50},{"posx":16,"posy":6,"amount":500},{"posx":18,"posy":7,"amount":200},{"posx":1,"posy":8,"amount":650},{"posx":3,"posy":8,"amount":50},{"posx":4,"posy":8,"amount":100},{"posx":12,"posy":8,"amount":300}],"changedObstacles":[{"type":0,"posx":5,"posy":6,"value":-1},{"type":0,"posx":6,"posy":8,"value":-1}]},{"players":[{"playerId":2299591,"score":209,"energy":23,"posx":6,"posy":8,"lastAction":4,"status":0},{"playerId":2413234,"score":350,"energy":16,"posx":4,"posy":6,"lastAction":0,"status":0},{"playerId":61319,"score":259,"energy":35,"posx":3,"posy":3,"lastAction":5,"status":0},{"playerId":803122,"score":134,"energy":10,"posx":3,"posy":7,"lastAction":0,"status":0}],"golds":[{"posx":20,"posy":0,"amount":100},{"posx":0,"posy":1,"amount":150},{"posx":4,"posy":1,"amount":50},{"posx":14,"posy":1,"amount":150},{"posx":3,"posy":3,"amount":550},{"posx":18,"posy":4,"amount":600},{"posx":17,"posy":5,"amount":300},{"posx":0,"posy":6,"amount":50},{"posx":2,"posy":6,"amount":500},{"posx":14,"posy":6,"amount":50},{"posx":16,"posy":6,"amount":500},{"posx":18,"posy":7,"amount":200},{"posx":1,"posy":8,"amount":650},{"posx":3,"posy":8,"amount":50},{"posx":4,"posy":8,"amount":100},{"posx":12,"posy":8,"amount":300}],"changedObstacles":[{"type":3,"posx":4,"posy":6,"value":-20},{"type":0,"posx":3,"posy":7,"value":-1}]},{"players":[{"playerId":2299591,"score":209,"energy":22,"posx":5,"posy":8,"lastAction":0,"status":0},{"playerId":2413234,"score":350,"energy":15,"posx":3,"posy":6,"lastAction":0,"status":0},{"playerId":61319,"score":309,"energy":30,"posx":3,"posy":3,"lastAction":5,"status":0},{"playerId":803122,"score":134,"energy":22,"posx":3,"posy":7,"lastAction":4,"status":0}],"golds":[{"posx":20,"posy":0,"amount":100},{"posx":0,"posy":1,"amount":150},{"posx":4,"posy":1,"amount":50},{"posx":14,"posy":1,"amount":150},{"posx":3,"posy":3,"amount":500},{"posx":18,"posy":4,"amount":600},{"posx":17,"posy":5,"amount":300},{"posx":0,"posy":6,"amount":50},{"posx":2,"posy":6,"amount":500},{"posx":14,"posy":6,"amount":50},{"posx":16,"posy":6,"amount":500},{"posx":18,"posy":7,"amount":200},{"posx":1,"posy":8,"amount":650},{"posx":3,"posy":8,"amount":50},{"posx":4,"posy":8,"amount":100},{"posx":12,"posy":8,"amount":300}],"changedObstacles":[]},{"players":[{"playerId":2299591,"score":209,"energy":18,"posx":4,"posy":8,"lastAction":0,"status":0},{"playerId":2413234,"score":350,"energy":11,"posx":2,"posy":6,"lastAction":0,"status":0},{"playerId":61319,"score":359,"energy":25,"posx":3,"posy":3,"lastAction":5,"status":0},{"playerId":803122,"score":134,"energy":12,"posx":2,"posy":7,"lastAction":0,"status":0}],"golds":[{"posx":20,"posy":0,"amount":100},{"posx":0,"posy":1,"amount":150},{"posx":4,"posy":1,"amount":50},{"posx":14,"posy":1,"amount":150},{"posx":3,"posy":3,"amount":450},{"posx":18,"posy":4,"amount":600},{"posx":17,"posy":5,"amount":300},{"posx":0,"posy":6,"amount":50},{"posx":2,"posy":6,"amount":500},{"posx":14,"posy":6,"amount":50},{"posx":16,"posy":6,"amount":500},{"posx":18,"posy":7,"amount":200},{"posx":1,"posy":8,"amount":650},{"posx":3,"posy":8,"amount":50},{"posx":4,"posy":8,"amount":100},{"posx":12,"posy":8,"amount":300}],"changedObstacles":[{"type":0,"posx":2,"posy":7,"value":-1}]},{"players":[{"playerId":2299591,"score":259,"energy":13,"posx":4,"posy":8,"lastAction":5,"status":0},{"playerId":2413234,"score":400,"energy":6,"posx":2,"posy":6,"lastAction":5,"status":0},{"playerId":61319,"score":409,"energy":20,"posx":3,"posy":3,"lastAction":5,"status":0},{"playerId":803122,"score":134,"energy":8,"posx":2,"posy":6,"lastAction":2,"status":0}],"golds":[{"posx":20,"posy":0,"amount":100},{"posx":0,"posy":1,"amount":150},{"posx":4,"posy":1,"amount":50},{"posx":14,"posy":1,"amount":150},{"posx":3,"posy":3,"amount":400},{"posx":18,"posy":4,"amount":600},{"posx":17,"posy":5,"amount":300},{"posx":0,"posy":6,"amount":50},{"posx":2,"posy":6,"amount":450},{"posx":14,"posy":6,"amount":50},{"posx":16,"posy":6,"amount":500},{"posx":18,"posy":7,"amount":200},{"posx":1,"posy":8,"amount":650},{"posx":3,"posy":8,"amount":50},{"posx":4,"posy":8,"amount":50},{"posx":12,"posy":8,"amount":300}],"changedObstacles":[]},{"players":[{"playerId":2299591,"score":309,"energy":8,"posx":4,"posy":8,"lastAction":5,"status":0},{"playerId":2413234,"score":450,"energy":1,"posx":2,"posy":6,"lastAction":5,"status":0},{"playerId":61319,"score":459,"energy":15,"posx":3,"posy":3,"lastAction":5,"status":0},{"playerId":803122,"score":184,"energy":3,"posx":2,"posy":6,"lastAction":5,"status":0}],"golds":[{"posx":20,"posy":0,"amount":100},{"posx":0,"posy":1,"amount":150},{"posx":4,"posy":1,"amount":50},{"posx":14,"posy":1,"amount":150},{"posx":3,"posy":3,"amount":350},{"posx":18,"posy":4,"amount":600},{"posx":17,"posy":5,"amount":300},{"posx":0,"posy":6,"amount":50},{"posx":2,"posy":6,"amount":350},{"posx":14,"posy":6,"amount":50},{"posx":16,"posy":6,"amount":500},{"posx":18,"posy":7,"amount":200},{"posx":1,"posy":8,"amount":650},{"posx":3,"posy":8,"amount":50},{"posx":12,"posy":8,"amount":300}],"changedObstacles":[{"type":0,"posx":4,"posy":8,"value":-1}]},{"players":[{"playerId":2299591,"score":309,"energy":20,"posx":4,"posy":8,"lastAction":4,"status":0},{"playerId":2413234,"score":450,"energy":13,"posx":2,"posy":6,"lastAction":4,"status":0},{"playerId":61319,"score":509,"energy":10,"posx":3,"posy":3,"lastAction":5,"status":0},{"playerId":803122,"score":184,"energy":15,"posx":2,"posy":6,"lastAction":4,"status":0}],"golds":[{"posx":20,"posy":0,"amount":100},{"posx":0,"posy":1,"amount":150},{"posx":4,"posy":1,"amount":50},{"posx":14,"posy":1,"amount":150},{"posx":3,"posy":3,"amount":300},{"posx":18,"posy":4,"amount":600},{"posx":17,"posy":5,"amount":300},{"posx":0,"posy":6,"amount":50},{"posx":2,"posy":6,"amount":350},{"posx":14,"posy":6,"amount":50},{"posx":16,"posy":6,"amount":500},{"posx":18,"posy":7,"amount":200},{"posx":1,"posy":8,"amount":650},{"posx":3,"posy":8,"amount":50},{"posx":12,"posy":8,"amount":300}],"changedObstacles":[]},{"players":[{"playerId":2299591,"score":309,"energy":16,"posx":3,"posy":8,"lastAction":0,"status":0},{"playerId":2413234,"score":450,"energy":29,"posx":2,"posy":6,"lastAction":4,"status":0},{"playerId":61319,"score":559,"energy":5,"posx":3,"posy":3,"lastAction":5,"status":0},{"playerId":803122,"score":234,"energy":10,"posx":2,"posy":6,"lastAction":5,"status":0}],"golds":[{"posx":20,"posy":0,"amount":100},{"posx":0,"posy":1,"amount":150},{"posx":4,"posy":1,"amount":50},{"posx":14,"posy":1,"amount":150},{"posx":3,"posy":3,"amount":250},{"posx":18,"posy":4,"amount":600},{"posx":17,"posy":5,"amount":300},{"posx":0,"posy":6,"amount":50},{"posx":2,"posy":6,"amount":300},{"posx":14,"posy":6,"amount":50},{"posx":16,"posy":6,"amount":500},{"posx":18,"posy":7,"amount":200},{"posx":1,"posy":8,"amount":650},{"posx":3,"posy":8,"amount":50},{"posx":12,"posy":8,"amount":300}],"changedObstacles":[]},{"players":[{"playerId":2299591,"score":359,"energy":11,"posx":3,"posy":8,"lastAction":5,"status":0},{"playerId":2413234,"score":500,"energy":24,"posx":2,"posy":6,"lastAction":5,"status":0},{"playerId":61319,"score":559,"energy":17,"posx":3,"posy":3,"lastAction":4,"status":0},{"playerId":803122,"score":284,"energy":5,"posx":2,"posy":6,"lastAction":5,"status":0}],"golds":[{"posx":20,"posy":0,"amount":100},{"posx":0,"posy":1,"amount":150},{"posx":4,"posy":1,"amount":50},{"posx":14,"posy":1,"amount":150},{"posx":3,"posy":3,"amount":250},{"posx":18,"posy":4,"amount":600},{"posx":17,"posy":5,"amount":300},{"posx":0,"posy":6,"amount":50},{"posx":2,"posy":6,"amount":200},{"posx":14,"posy":6,"amount":50},{"posx":16,"posy":6,"amount":500},{"posx":18,"posy":7,"amount":200},{"posx":1,"posy":8,"amount":650},{"posx":12,"posy":8,"amount":300}],"changedObstacles":[{"type":0,"posx":3,"posy":8,"value":-1}]},{"players":[{"playerId":2299591,"score":359,"energy":23,"posx":3,"posy":8,"lastAction":4,"status":0},{"playerId":2413234,"score":550,"energy":19,"posx":2,"posy":6,"lastAction":5,"status":0},{"playerId":61319,"score":559,"energy":33,"posx":3,"posy":3,"lastAction":4,"status":0},{"playerId":803122,"score":284,"energy":17,"posx":2,"posy":6,"lastAction":4,"status":0}],"golds":[{"posx":20,"posy":0,"amount":100},{"posx":0,"posy":1,"amount":150},{"posx":4,"posy":1,"amount":50},{"posx":14,"posy":1,"amount":150},{"posx":3,"posy":3,"amount":250},{"posx":18,"posy":4,"amount":600},{"posx":17,"posy":5,"amount":300},{"posx":0,"posy":6,"amount":50},{"posx":2,"posy":6,"amount":150},{"posx":14,"posy":6,"amount":50},{"posx":16,"posy":6,"amount":500},{"posx":18,"posy":7,"amount":200},{"posx":1,"posy":8,"amount":650},{"posx":12,"posy":8,"amount":300}],"changedObstacles":[]},{"players":[{"playerId":2299591,"score":359,"energy":22,"posx":2,"posy":8,"lastAction":0,"status":0},{"playerId":2413234,"score":600,"energy":14,"posx":2,"posy":6,"lastAction":5,"status":0},{"playerId":61319,"score":609,"energy":28,"posx":3,"posy":3,"lastAction":5,"status":0},{"playerId":803122,"score":334,"energy":12,"posx":2,"posy":6,"lastAction":5,"status":0}],"golds":[{"posx":20,"posy":0,"amount":100},{"posx":0,"posy":1,"amount":150},{"posx":4,"posy":1,"amount":50},{"posx":14,"posy":1,"amount":150},{"posx":3,"posy":3,"amount":200},{"posx":18,"posy":4,"amount":600},{"posx":17,"posy":5,"amount":300},{"posx":0,"posy":6,"amount":50},{"posx":2,"posy":6,"amount":50},{"posx":14,"posy":6,"amount":50},{"posx":16,"posy":6,"amount":500},{"posx":18,"posy":7,"amount":200},{"posx":1,"posy":8,"amount":650},{"posx":12,"posy":8,"amount":300}],"changedObstacles":[]},{"players":[{"playerId":2299591,"score":359,"energy":18,"posx":1,"posy":8,"lastAction":0,"status":0},{"playerId":2413234,"score":625,"energy":9,"posx":2,"posy":6,"lastAction":5,"status":0},{"playerId":61319,"score":659,"energy":23,"posx":3,"posy":3,"lastAction":5,"status":0},{"playerId":803122,"score":359,"energy":7,"posx":2,"posy":6,"lastAction":5,"status":0}],"golds":[{"posx":20,"posy":0,"amount":100},{"posx":0,"posy":1,"amount":150},{"posx":4,"posy":1,"amount":50},{"posx":14,"posy":1,"amount":150},{"posx":3,"posy":3,"amount":150},{"posx":18,"posy":4,"amount":600},{"posx":17,"posy":5,"amount":300},{"posx":0,"posy":6,"amount":50},{"posx":14,"posy":6,"amount":50},{"posx":16,"posy":6,"amount":500},{"posx":18,"posy":7,"amount":200},{"posx":1,"posy":8,"amount":650},{"posx":12,"posy":8,"amount":300}],"changedObstacles":[{"type":0,"posx":2,"posy":6,"value":-1}]},{"players":[{"playerId":2299591,"score":409,"energy":13,"posx":1,"posy":8,"lastAction":5,"status":0},{"playerId":2413234,"score":625,"energy":8,"posx":2,"posy":7,"lastAction":3,"status":0},{"playerId":61319,"score":709,"energy":18,"posx":3,"posy":3,"lastAction":5,"status":0},{"playerId":803122,"score":359,"energy":6,"posx":1,"posy":6,"lastAction":0,"status":0}],"golds":[{"posx":20,"posy":0,"amount":100},{"posx":0,"posy":1,"amount":150},{"posx":4,"posy":1,"amount":50},{"posx":14,"posy":1,"amount":150},{"posx":3,"posy":3,"amount":100},{"posx":18,"posy":4,"amount":600},{"posx":17,"posy":5,"amount":300},{"posx":0,"posy":6,"amount":50},{"posx":14,"posy":6,"amount":50},{"posx":16,"posy":6,"amount":500},{"posx":18,"posy":7,"amount":200},{"posx":1,"posy":8,"amount":600},{"posx":12,"posy":8,"amount":300}],"changedObstacles":[]},{"players":[{"playerId":2299591,"score":459,"energy":8,"posx":1,"posy":8,"lastAction":5,"status":0},{"playerId":2413234,"score":625,"energy":7,"posx":2,"posy":8,"lastAction":3,"status":0},{"playerId":61319,"score":759,"energy":13,"posx":3,"posy":3,"lastAction":5,"status":0},{"playerId":803122,"score":359,"energy":2,"posx":0,"posy":6,"lastAction":0,"status":0}],"golds":[{"posx":20,"posy":0,"amount":100},{"posx":0,"posy":1,"amount":150},{"posx":4,"posy":1,"amount":50},{"posx":14,"posy":1,"amount":150},{"posx":3,"posy":3,"amount":50},{"posx":18,"posy":4,"amount":600},{"posx":17,"posy":5,"amount":300},{"posx":0,"posy":6,"amount":50},{"posx":14,"posy":6,"amount":50},{"posx":16,"posy":6,"amount":500},{"posx":18,"posy":7,"amount":200},{"posx":1,"posy":8,"amount":550},{"posx":12,"posy":8,"amount":300}],"changedObstacles":[]},{"players":[{"playerId":2299591,"score":509,"energy":3,"posx":1,"posy":8,"lastAction":5,"status":0},{"playerId":2413234,"score":625,"energy":3,"posx":1,"posy":8,"lastAction":0,"status":0},{"playerId":61319,"score":809,"energy":8,"posx":3,"posy":3,"lastAction":5,"status":0},{"playerId":803122,"score":359,"energy":14,"posx":0,"posy":6,"lastAction":4,"status":0}],"golds":[{"posx":20,"posy":0,"amount":100},{"posx":0,"posy":1,"amount":150},{"posx":4,"posy":1,"amount":50},{"posx":14,"posy":1,"amount":150},{"posx":18,"posy":4,"amount":600},{"posx":17,"posy":5,"amount":300},{"posx":0,"posy":6,"amount":50},{"posx":14,"posy":6,"amount":50},{"posx":16,"posy":6,"amount":500},{"posx":18,"posy":7,"amount":200},{"posx":1,"posy":8,"amount":500},{"posx":12,"posy":8,"amount":300}],"changedObstacles":[{"type":0,"posx":3,"posy":3,"value":-1}]},{"players":[{"playerId":2299591,"score":509,"energy":15,"posx":1,"posy":8,"lastAction":4,"status":0},{"playerId":2413234,"score":625,"energy":15,"posx":1,"posy":8,"lastAction":4,"status":0},{"playerId":61319,"score":809,"energy":7,"posx":4,"posy":3,"lastAction":1,"status":0},{"playerId":803122,"score":409,"energy":9,"posx":0,"posy":6,"lastAction":5,"status":0}],"golds":[{"posx":20,"posy":0,"amount":100},{"posx":0,"posy":1,"amount":150},{"posx":4,"posy":1,"amount":50},{"posx":14,"posy":1,"amount":150},{"posx":18,"posy":4,"amount":600},{"posx":17,"posy":5,"amount":300},{"posx":14,"posy":6,"amount":50},{"posx":16,"posy":6,"amount":500},{"posx":18,"posy":7,"amount":200},{"posx":1,"posy":8,"amount":500},{"posx":12,"posy":8,"amount":300}],"changedObstacles":[{"type":0,"posx":0,"posy":6,"value":-1}]},{"players":[{"playerId":2299591,"score":559,"energy":10,"posx":1,"posy":8,"lastAction":5,"status":0},{"playerId":2413234,"score":625,"energy":31,"posx":1,"posy":8,"lastAction":4,"status":0},{"playerId":61319,"score":809,"energy":6,"posx":4,"posy":2,"lastAction":2,"status":0},{"playerId":803122,"score":409,"energy":21,"posx":0,"posy":6,"lastAction":4,"status":0}],"golds":[{"posx":20,"posy":0,"amount":100},{"posx":0,"posy":1,"amount":150},{"posx":4,"posy":1,"amount":50},{"posx":14,"posy":1,"amount":150},{"posx":18,"posy":4,"amount":600},{"posx":17,"posy":5,"amount":300},{"posx":14,"posy":6,"amount":50},{"posx":16,"posy":6,"amount":500},{"posx":18,"posy":7,"amount":200},{"posx":1,"posy":8,"amount":450},{"posx":12,"posy":8,"amount":300}],"changedObstacles":[]},{"players":[{"playerId":2299591,"score":609,"energy":5,"posx":1,"posy":8,"lastAction":5,"status":0},{"playerId":2413234,"score":675,"energy":26,"posx":1,"posy":8,"lastAction":5,"status":0},{"playerId":61319,"score":809,"energy":2,"posx":4,"posy":1,"lastAction":2,"status":0},{"playerId":803122,"score":409,"energy":1,"posx":0,"posy":5,"lastAction":2,"status":0}],"golds":[{"posx":20,"posy":0,"amount":100},{"posx":0,"posy":1,"amount":150},{"posx":4,"posy":1,"amount":50},{"posx":14,"posy":1,"amount":150},{"posx":18,"posy":4,"amount":600},{"posx":17,"posy":5,"amount":300},{"posx":14,"posy":6,"amount":50},{"posx":16,"posy":6,"amount":500},{"posx":18,"posy":7,"amount":200},{"posx":1,"posy":8,"amount":350},{"posx":12,"posy":8,"amount":300}],"changedObstacles":[]},{"players":[{"playerId":2299591,"score":609,"energy":17,"posx":1,"posy":8,"lastAction":4,"status":0},{"playerId":2413234,"score":725,"energy":21,"posx":1,"posy":8,"lastAction":5,"status":0},{"playerId":61319,"score":809,"energy":14,"posx":4,"posy":1,"lastAction":4,"status":0},{"playerId":803122,"score":409,"energy":13,"posx":0,"posy":5,"lastAction":4,"status":0}],"golds":[{"posx":20,"posy":0,"amount":100},{"posx":0,"posy":1,"amount":150},{"posx":4,"posy":1,"amount":50},{"posx":14,"posy":1,"amount":150},{"posx":18,"posy":4,"amount":600},{"posx":17,"posy":5,"amount":300},{"posx":14,"posy":6,"amount":50},{"posx":16,"posy":6,"amount":500},{"posx":18,"posy":7,"amount":200},{"posx":1,"posy":8,"amount":300},{"posx":12,"posy":8,"amount":300}],"changedObstacles":[]},{"players":[{"playerId":2299591,"score":659,"energy":12,"posx":1,"posy":8,"lastAction":5,"status":0},{"playerId":2413234,"score":775,"energy":16,"posx":1,"posy":8,"lastAction":5,"status":0},{"playerId":61319,"score":859,"energy":9,"posx":4,"posy":1,"lastAction":5,"status":0},{"playerId":803122,"score":409,"energy":12,"posx":0,"posy":4,"lastAction":2,"status":0}],"golds":[{"posx":20,"posy":0,"amount":100},{"posx":0,"posy":1,"amount":150},{"posx":14,"posy":1,"amount":150},{"posx":18,"posy":4,"amount":600},{"posx":17,"posy":5,"amount":300},{"posx":14,"posy":6,"amount":50},{"posx":16,"posy":6,"amount":500},{"posx":18,"posy":7,"amount":200},{"posx":1,"posy":8,"amount":200},{"posx":12,"posy":8,"amount":300}],"changedObstacles":[{"type":0,"posx":4,"posy":1,"value":-1}]},{"players":[{"playerId":2299591,"score":709,"energy":7,"posx":1,"posy":8,"lastAction":5,"status":0},{"playerId":2413234,"score":825,"energy":11,"posx":1,"posy":8,"lastAction":5,"status":0},{"playerId":61319,"score":859,"energy":21,"posx":4,"posy":1,"lastAction":4,"status":0},{"playerId":803122,"score":409,"energy":11,"posx":0,"posy":3,"lastAction":2,"status":0}],"golds":[{"posx":20,"posy":0,"amount":100},{"posx":0,"posy":1,"amount":150},{"posx":14,"posy":1,"amount":150},{"posx":18,"posy":4,"amount":600},{"posx":17,"posy":5,"amount":300},{"posx":14,"posy":6,"amount":50},{"posx":16,"posy":6,"amount":500},{"posx":18,"posy":7,"amount":200},{"posx":1,"posy":8,"amount":100},{"posx":12,"posy":8,"amount":300}],"changedObstacles":[]},{"players":[{"playerId":2299591,"score":759,"energy":2,"posx":1,"posy":8,"lastAction":5,"status":0},{"playerId":2413234,"score":875,"energy":6,"posx":1,"posy":8,"lastAction":5,"status":0},{"playerId":61319,"score":859,"energy":11,"posx":3,"posy":1,"lastAction":0,"status":0},{"playerId":803122,"score":409,"energy":23,"posx":0,"posy":3,"lastAction":4,"status":0}],"golds":[{"posx":20,"posy":0,"amount":100},{"posx":0,"posy":1,"amount":150},{"posx":14,"posy":1,"amount":150},{"posx":18,"posy":4,"amount":600},{"posx":17,"posy":5,"amount":300},{"posx":14,"posy":6,"amount":50},{"posx":16,"posy":6,"amount":500},{"posx":18,"posy":7,"amount":200},{"posx":12,"posy":8,"amount":300}],"changedObstacles":[{"type":0,"posx":3,"posy":1,"value":-1},{"type":0,"posx":1,"posy":8,"value":-1}]},{"players":[{"playerId":2299591,"score":759,"energy":14,"posx":1,"posy":8,"lastAction":4,"status":0},{"playerId":2413234,"score":875,"energy":5,"posx":2,"posy":8,"lastAction":1,"status":0},{"playerId":61319,"score":859,"energy":10,"posx":2,"posy":1,"lastAction":0,"status":0},{"playerId":803122,"score":409,"energy":17,"posx":0,"posy":2,"lastAction":2,"status":0}],"golds":[{"posx":20,"posy":0,"amount":100},{"posx":0,"posy":1,"amount":150},{"posx":14,"posy":1,"amount":150},{"posx":18,"posy":4,"amount":600},{"posx":17,"posy":5,"amount":300},{"posx":14,"posy":6,"amount":50},{"posx":16,"posy":6,"amount":500},{"posx":18,"posy":7,"amount":200},{"posx":12,"posy":8,"amount":300}],"changedObstacles":[]},{"players":[{"playerId":2299591,"score":759,"energy":30,"posx":1,"posy":8,"lastAction":4,"status":0},{"playerId":2413234,"score":875,"energy":4,"posx":2,"posy":7,"lastAction":2,"status":0},{"playerId":61319,"score":859,"energy":5,"posx":1,"posy":1,"lastAction":0,"status":0},{"playerId":803122,"score":409,"energy":13,"posx":0,"posy":1,"lastAction":2,"status":0}],"golds":[{"posx":20,"posy":0,"amount":100},{"posx":0,"posy":1,"amount":150},{"posx":14,"posy":1,"amount":150},{"posx":18,"posy":4,"amount":600},{"posx":17,"posy":5,"amount":300},{"posx":14,"posy":6,"amount":50},{"posx":16,"posy":6,"amount":500},{"posx":18,"posy":7,"amount":200},{"posx":12,"posy":8,"amount":300}],"changedObstacles":[{"type":3,"posx":1,"posy":1,"value":-20}]},{"players":[{"playerId":2299591,"score":759,"energy":29,"posx":2,"posy":8,"lastAction":1,"status":0},{"playerId":2413234,"score":875,"energy":3,"posx":3,"posy":7,"lastAction":1,"status":0},{"playerId":61319,"score":859,"energy":1,"posx":0,"posy":1,"lastAction":0,"status":0},{"playerId":803122,"score":459,"energy":8,"posx":0,"posy":1,"lastAction":5,"status":0}],"golds":[{"posx":20,"posy":0,"amount":100},{"posx":0,"posy":1,"amount":100},{"posx":14,"posy":1,"amount":150},{"posx":18,"posy":4,"amount":600},{"posx":17,"posy":5,"amount":300},{"posx":14,"posy":6,"amount":50},{"posx":16,"posy":6,"amount":500},{"posx":18,"posy":7,"amount":200},{"posx":12,"posy":8,"amount":300}],"changedObstacles":[]},{"players":[{"playerId":2299591,"score":759,"energy":28,"posx":2,"posy":7,"lastAction":2,"status":0},{"playerId":2413234,"score":875,"energy":2,"posx":4,"posy":7,"lastAction":1,"status":0},{"playerId":61319,"score":859,"energy":13,"posx":0,"posy":1,"lastAction":4,"status":0},{"playerId":803122,"score":509,"energy":3,"posx":0,"posy":1,"lastAction":5,"status":0}],"golds":[{"posx":20,"posy":0,"amount":100},{"posx":0,"posy":1,"amount":50},{"posx":14,"posy":1,"amount":150},{"posx":18,"posy":4,"amount":600},{"posx":17,"posy":5,"amount":300},{"posx":14,"posy":6,"amount":50},{"posx":16,"posy":6,"amount":500},{"posx":18,"posy":7,"amount":200},{"posx":12,"posy":8,"amount":300}],"changedObstacles":[]},{"players":[{"playerId":2299591,"score":759,"energy":27,"posx":2,"posy":6,"lastAction":2,"status":0},{"playerId":2413234,"score":875,"energy":1,"posx":5,"posy":7,"lastAction":1,"status":0},{"playerId":61319,"score":909,"energy":8,"posx":0,"posy":1,"lastAction":5,"status":0},{"playerId":803122,"score":509,"energy":15,"posx":0,"posy":1,"lastAction":4,"status":0}],"golds":[{"posx":20,"posy":0,"amount":100},{"posx":14,"posy":1,"amount":150},{"posx":18,"posy":4,"amount":600},{"posx":17,"posy":5,"amount":300},{"posx":14,"posy":6,"amount":50},{"posx":16,"posy":6,"amount":500},{"posx":18,"posy":7,"amount":200},{"posx":12,"posy":8,"amount":300}],"changedObstacles":[{"type":0,"posx":0,"posy":1,"value":-1}]},{"players":[{"playerId":2299591,"score":759,"energy":26,"posx":3,"posy":6,"lastAction":1,"status":0},{"playerId":2413234,"score":875,"energy":13,"posx":5,"posy":7,"lastAction":4,"status":0},{"playerId":61319,"score":909,"energy":20,"posx":0,"posy":1,"lastAction":4,"status":0},{"playerId":803122,"score":509,"energy":31,"posx":0,"posy":1,"lastAction":4,"status":0}],"golds":[{"posx":20,"posy":0,"amount":100},{"posx":14,"posy":1,"amount":150},{"posx":18,"posy":4,"amount":600},{"posx":17,"posy":5,"amount":300},{"posx":14,"posy":6,"amount":50},{"posx":16,"posy":6,"amount":500},{"posx":18,"posy":7,"amount":200},{"posx":12,"posy":8,"amount":300}],"changedObstacles":[]},{"players":[{"playerId":2299591,"score":759,"energy":25,"posx":3,"posy":7,"lastAction":3,"status":0},{"playerId":2413234,"score":875,"energy":29,"posx":5,"posy":7,"lastAction":4,"status":0},{"playerId":61319,"score":909,"energy":36,"posx":0,"posy":1,"lastAction":4,"status":0},{"playerId":803122,"score":509,"energy":11,"posx":1,"posy":1,"lastAction":1,"status":0}],"golds":[{"posx":20,"posy":0,"amount":100},{"posx":14,"posy":1,"amount":150},{"posx":18,"posy":4,"amount":600},{"posx":17,"posy":5,"amount":300},{"posx":14,"posy":6,"amount":50},{"posx":16,"posy":6,"amount":500},{"posx":18,"posy":7,"amount":200},{"posx":12,"posy":8,"amount":300}],"changedObstacles":[{"type":3,"posx":1,"posy":1,"value":-40}]},{"players":[{"playerId":2299591,"score":759,"energy":24,"posx":4,"posy":7,"lastAction":1,"status":0},{"playerId":2413234,"score":875,"energy":28,"posx":5,"posy":6,"lastAction":2,"status":0},{"playerId":61319,"score":909,"energy":50,"posx":0,"posy":1,"lastAction":4,"status":0},{"playerId":803122,"score":509,"energy":10,"posx":2,"posy":1,"lastAction":1,"status":0}],"golds":[{"posx":20,"posy":0,"amount":100},{"posx":14,"posy":1,"amount":150},{"posx":18,"posy":4,"amount":600},{"posx":17,"posy":5,"amount":300},{"posx":14,"posy":6,"amount":50},{"posx":16,"posy":6,"amount":500},{"posx":18,"posy":7,"amount":200},{"posx":12,"posy":8,"amount":300}],"changedObstacles":[]},{"players":[{"playerId":2299591,"score":759,"energy":23,"posx":5,"posy":7,"lastAction":1,"status":0},{"playerId":2413234,"score":875,"energy":27,"posx":6,"posy":6,"lastAction":1,"status":0},{"playerId":61319,"score":909,"energy":10,"posx":1,"posy":1,"lastAction":1,"status":0},{"playerId":803122,"score":509,"energy":9,"posx":3,"posy":1,"lastAction":1,"status":0}],"golds":[{"posx":20,"posy":0,"amount":100},{"posx":14,"posy":1,"amount":150},{"posx":18,"posy":4,"amount":600},{"posx":17,"posy":5,"amount":300},{"posx":14,"posy":6,"amount":50},{"posx":16,"posy":6,"amount":500},{"posx":18,"posy":7,"amount":200},{"posx":12,"posy":8,"amount":300}],"changedObstacles":[{"type":3,"posx":1,"posy":1,"value":-100}]},{"players":[{"playerId":2299591,"score":759,"energy":22,"posx":5,"posy":6,"lastAction":2,"status":0},{"playerId":2413234,"score":875,"energy":26,"posx":7,"posy":6,"lastAction":1,"status":0},{"playerId":61319,"score":909,"energy":9,"posx":2,"posy":1,"lastAction":1,"status":0},{"playerId":803122,"score":509,"energy":21,"posx":3,"posy":1,"lastAction":4,"status":0}],"golds":[{"posx":20,"posy":0,"amount":100},{"posx":14,"posy":1,"amount":150},{"posx":18,"posy":4,"amount":600},{"posx":17,"posy":5,"amount":300},{"posx":14,"posy":6,"amount":50},{"posx":16,"posy":6,"amount":500},{"posx":18,"posy":7,"amount":200},{"posx":12,"posy":8,"amount":300}],"changedObstacles":[]},{"players":[{"playerId":2299591,"score":759,"energy":21,"posx":6,"posy":6,"lastAction":1,"status":0},{"playerId":2413234,"score":875,"energy":25,"posx":8,"posy":6,"lastAction":1,"status":0},{"playerId":61319,"score":909,"energy":8,"posx":3,"posy":1,"lastAction":1,"status":0},{"playerId":803122,"score":509,"energy":15,"posx":3,"posy":2,"lastAction":3,"status":0}],"golds":[{"posx":20,"posy":0,"amount":100},{"posx":14,"posy":1,"amount":150},{"posx":18,"posy":4,"amount":600},{"posx":17,"posy":5,"amount":300},{"posx":14,"posy":6,"amount":50},{"posx":16,"posy":6,"amount":500},{"posx":18,"posy":7,"amount":200},{"posx":12,"posy":8,"amount":300}],"changedObstacles":[]},{"players":[{"playerId":2299591,"score":759,"energy":20,"posx":7,"posy":6,"lastAction":1,"status":0},{"playerId":2413234,"score":875,"energy":24,"posx":9,"posy":6,"lastAction":1,"status":0},{"playerId":61319,"score":909,"energy":7,"posx":4,"posy":1,"lastAction":1,"status":0},{"playerId":803122,"score":509,"energy":14,"posx":4,"posy":2,"lastAction":1,"status":0}],"golds":[{"posx":20,"posy":0,"amount":100},{"posx":14,"posy":1,"amount":150},{"posx":18,"posy":4,"amount":600},{"posx":17,"posy":5,"amount":300},{"posx":14,"posy":6,"amount":50},{"posx":16,"posy":6,"amount":500},{"posx":18,"posy":7,"amount":200},{"posx":12,"posy":8,"amount":300}],"changedObstacles":[]},{"players":[{"playerId":2299591,"score":759,"energy":19,"posx":8,"posy":6,"lastAction":1,"status":0},{"playerId":2413234,"score":875,"energy":23,"posx":10,"posy":6,"lastAction":1,"status":0},{"playerId":61319,"score":909,"energy":6,"posx":5,"posy":1,"lastAction":1,"status":0},{"playerId":803122,"score":509,"energy":13,"posx":5,"posy":2,"lastAction":1,"status":0}],"golds":[{"posx":20,"posy":0,"amount":100},{"posx":14,"posy":1,"amount":150},{"posx":18,"posy":4,"amount":600},{"posx":17,"posy":5,"amount":300},{"posx":14,"posy":6,"amount":50},{"posx":16,"posy":6,"amount":500},{"posx":18,"posy":7,"amount":200},{"posx":12,"posy":8,"amount":300}],"changedObstacles":[]},{"players":[{"playerId":2299591,"score":759,"energy":31,"posx":8,"posy":6,"lastAction":4,"status":0},{"playerId":2413234,"score":875,"energy":18,"posx":11,"posy":6,"lastAction":1,"status":0},{"playerId":61319,"score":909,"energy":5,"posx":6,"posy":1,"lastAction":1,"status":0},{"playerId":803122,"score":509,"energy":8,"posx":6,"posy":2,"lastAction":1,"status":0}],"golds":[{"posx":20,"posy":0,"amount":100},{"posx":14,"posy":1,"amount":150},{"posx":18,"posy":4,"amount":600},{"posx":17,"posy":5,"amount":300},{"posx":14,"posy":6,"amount":50},{"posx":16,"posy":6,"amount":500},{"posx":18,"posy":7,"amount":200},{"posx":12,"posy":8,"amount":300}],"changedObstacles":[{"type":3,"posx":11,"posy":6,"value":-20},{"type":3,"posx":6,"posy":2,"value":-20}]},{"players":[{"playerId":2299591,"score":759,"energy":30,"posx":9,"posy":6,"lastAction":1,"status":0},{"playerId":2413234,"score":875,"energy":13,"posx":12,"posy":6,"lastAction":1,"status":0},{"playerId":61319,"score":909,"energy":4,"posx":7,"posy":1,"lastAction":1,"status":0},{"playerId":803122,"score":509,"energy":7,"posx":7,"posy":2,"lastAction":1,"status":0}],"golds":[{"posx":20,"posy":0,"amount":100},{"posx":14,"posy":1,"amount":150},{"posx":18,"posy":4,"amount":600},{"posx":17,"posy":5,"amount":300},{"posx":14,"posy":6,"amount":50},{"posx":16,"posy":6,"amount":500},{"posx":18,"posy":7,"amount":200},{"posx":12,"posy":8,"amount":300}],"changedObstacles":[{"type":3,"posx":12,"posy":6,"value":-20}]},{"players":[{"playerId":2299591,"score":759,"energy":29,"posx":10,"posy":6,"lastAction":1,"status":0},{"playerId":2413234,"score":875,"energy":12,"posx":13,"posy":6,"lastAction":1,"status":0},{"playerId":61319,"score":909,"energy":3,"posx":7,"posy":2,"lastAction":3,"status":0},{"playerId":803122,"score":509,"energy":2,"posx":7,"posy":3,"lastAction":3,"status":0}],"golds":[{"posx":20,"posy":0,"amount":100},{"posx":14,"posy":1,"amount":150},{"posx":18,"posy":4,"amount":600},{"posx":17,"posy":5,"amount":300},{"posx":14,"posy":6,"amount":50},{"posx":16,"posy":6,"amount":500},{"posx":18,"posy":7,"amount":200},{"posx":12,"posy":8,"amount":300}],"changedObstacles":[{"type":3,"posx":7,"posy":3,"value":-20}]},{"players":[{"playerId":2299591,"score":759,"energy":28,"posx":10,"posy":7,"lastAction":3,"status":0},{"playerId":2413234,"score":875,"energy":8,"posx":14,"posy":6,"lastAction":1,"status":0},{"playerId":61319,"score":909,"energy":2,"posx":8,"posy":2,"lastAction":1,"status":0},{"playerId":803122,"score":509,"energy":1,"posx":7,"posy":4,"lastAction":3,"status":0}],"golds":[{"posx":20,"posy":0,"amount":100},{"posx":14,"posy":1,"amount":150},{"posx":18,"posy":4,"amount":600},{"posx":17,"posy":5,"amount":300},{"posx":14,"posy":6,"amount":50},{"posx":16,"posy":6,"amount":500},{"posx":18,"posy":7,"amount":200},{"posx":12,"posy":8,"amount":300}],"changedObstacles":[]},{"players":[{"playerId":2299591,"score":759,"energy":27,"posx":11,"posy":7,"lastAction":1,"status":0},{"playerId":2413234,"score":925,"energy":3,"posx":14,"posy":6,"lastAction":5,"status":0},{"playerId":61319,"score":909,"energy":1,"posx":9,"posy":2,"lastAction":1,"status":0},{"playerId":803122,"score":509,"energy":13,"posx":7,"posy":4,"lastAction":4,"status":0}],"golds":[{"posx":20,"posy":0,"amount":100},{"posx":14,"posy":1,"amount":150},{"posx":18,"posy":4,"amount":600},{"posx":17,"posy":5,"amount":300},{"posx":16,"posy":6,"amount":500},{"posx":18,"posy":7,"amount":200},{"posx":12,"posy":8,"amount":300}],"changedObstacles":[{"type":0,"posx":14,"posy":6,"value":-1}]},{"players":[{"playerId":2299591,"score":759,"energy":26,"posx":12,"posy":7,"lastAction":1,"status":0},{"playerId":2413234,"score":925,"energy":15,"posx":14,"posy":6,"lastAction":4,"status":0},{"playerId":61319,"score":909,"energy":13,"posx":9,"posy":2,"lastAction":4,"status":0},{"playerId":803122,"score":509,"energy":29,"posx":7,"posy":4,"lastAction":4,"status":0}],"golds":[{"posx":20,"posy":0,"amount":100},{"posx":14,"posy":1,"amount":150},{"posx":18,"posy":4,"amount":600},{"posx":17,"posy":5,"amount":300},{"posx":16,"posy":6,"amount":500},{"posx":18,"posy":7,"amount":200},{"posx":12,"posy":8,"amount":300}],"changedObstacles":[]},{"players":[{"playerId":2299591,"score":759,"energy":22,"posx":12,"posy":8,"lastAction":3,"status":0},{"playerId":2413234,"score":925,"energy":31,"posx":14,"posy":6,"lastAction":4,"status":0},{"playerId":61319,"score":909,"energy":29,"posx":9,"posy":2,"lastAction":4,"status":0},{"playerId":803122,"score":509,"energy":9,"posx":8,"posy":4,"lastAction":1,"status":0}],"golds":[{"posx":20,"posy":0,"amount":100},{"posx":14,"posy":1,"amount":150},{"posx":18,"posy":4,"amount":600},{"posx":17,"posy":5,"amount":300},{"posx":16,"posy":6,"amount":500},{"posx":18,"posy":7,"amount":200},{"posx":12,"posy":8,"amount":300}],"changedObstacles":[{"type":3,"posx":8,"posy":4,"value":-40}]},{"players":[{"playerId":2299591,"score":809,"energy":17,"posx":12,"posy":8,"lastAction":5,"status":0},{"playerId":2413234,"score":925,"energy":26,"posx":15,"posy":6,"lastAction":1,"status":0},{"playerId":61319,"score":909,"energy":28,"posx":10,"posy":2,"lastAction":1,"status":0},{"playerId":803122,"score":509,"energy":8,"posx":9,"posy":4,"lastAction":1,"status":0}],"golds":[{"posx":20,"posy":0,"amount":100},{"posx":14,"posy":1,"amount":150},{"posx":18,"posy":4,"amount":600},{"posx":17,"posy":5,"amount":300},{"posx":16,"posy":6,"amount":500},{"posx":18,"posy":7,"amount":200},{"posx":12,"posy":8,"amount":250}],"changedObstacles":[{"type":3,"posx":15,"posy":6,"value":-20}]},{"players":[{"playerId":2299591,"score":859,"energy":12,"posx":12,"posy":8,"lastAction":5,"status":0},{"playerId":2413234,"score":925,"energy":22,"posx":16,"posy":6,"lastAction":1,"status":0},{"playerId":61319,"score":909,"energy":27,"posx":11,"posy":2,"lastAction":1,"status":0},{"playerId":803122,"score":509,"energy":7,"posx":10,"posy":4,"lastAction":1,"status":0}],"golds":[{"posx":20,"posy":0,"amount":100},{"posx":14,"posy":1,"amount":150},{"posx":18,"posy":4,"amount":600},{"posx":17,"posy":5,"amount":300},{"posx":16,"posy":6,"amount":500},{"posx":18,"posy":7,"amount":200},{"posx":12,"posy":8,"amount":200}],"changedObstacles":[]},{"players":[{"playerId":2299591,"score":909,"energy":7,"posx":12,"posy":8,"lastAction":5,"status":0},{"playerId":2413234,"score":975,"energy":17,"posx":16,"posy":6,"lastAction":5,"status":0},{"playerId":61319,"score":909,"energy":26,"posx":12,"posy":2,"lastAction":1,"status":0},{"playerId":803122,"score":509,"energy":6,"posx":11,"posy":4,"lastAction":1,"status":0}],"golds":[{"posx":20,"posy":0,"amount":100},{"posx":14,"posy":1,"amount":150},{"posx":18,"posy":4,"amount":600},{"posx":17,"posy":5,"amount":300},{"posx":16,"posy":6,"amount":450},{"posx":18,"posy":7,"amount":200},{"posx":12,"posy":8,"amount":150}],"changedObstacles":[]},{"players":[{"playerId":2299591,"score":959,"energy":2,"posx":12,"posy":8,"lastAction":5,"status":0},{"playerId":2413234,"score":1025,"energy":12,"posx":16,"posy":6,"lastAction":5,"status":0},{"playerId":61319,"score":909,"energy":25,"posx":12,"posy":1,"lastAction":2,"status":0},{"playerId":803122,"score":509,"energy":5,"posx":12,"posy":4,"lastAction":1,"status":0}],"golds":[{"posx":20,"posy":0,"amount":100},{"posx":14,"posy":1,"amount":150},{"posx":18,"posy":4,"amount":600},{"posx":17,"posy":5,"amount":300},{"posx":16,"posy":6,"amount":400},{"posx":18,"posy":7,"amount":200},{"posx":12,"posy":8,"amount":100}],"changedObstacles":[]},{"players":[{"playerId":2299591,"score":959,"energy":14,"posx":12,"posy":8,"lastAction":4,"status":0},{"playerId":2413234,"score":1075,"energy":7,"posx":16,"posy":6,"lastAction":5,"status":0},{"playerId":61319,"score":909,"energy":15,"posx":13,"posy":1,"lastAction":1,"status":0},{"playerId":803122,"score":509,"energy":17,"posx":12,"posy":4,"lastAction":4,"status":0}],"golds":[{"posx":20,"posy":0,"amount":100},{"posx":14,"posy":1,"amount":150},{"posx":18,"posy":4,"amount":600},{"posx":17,"posy":5,"amount":300},{"posx":16,"posy":6,"amount":350},{"posx":18,"posy":7,"amount":200},{"posx":12,"posy":8,"amount":100}],"changedObstacles":[{"type":0,"posx":13,"posy":1,"value":-1}]},{"players":[{"playerId":2299591,"score":1009,"energy":9,"posx":12,"posy":8,"lastAction":5,"status":0},{"playerId":2413234,"score":1125,"energy":2,"posx":16,"posy":6,"lastAction":5,"status":0},{"playerId":61319,"score":909,"energy":11,"posx":14,"posy":1,"lastAction":1,"status":0},{"playerId":803122,"score":509,"energy":7,"posx":12,"posy":5,"lastAction":3,"status":0}],"golds":[{"posx":20,"posy":0,"amount":100},{"posx":14,"posy":1,"amount":150},{"posx":18,"posy":4,"amount":600},{"posx":17,"posy":5,"amount":300},{"posx":16,"posy":6,"amount":300},{"posx":18,"posy":7,"amount":200},{"posx":12,"posy":8,"amount":50}],"changedObstacles":[{"type":0,"posx":12,"posy":5,"value":-1}]},{"players":[{"playerId":2299591,"score":1059,"energy":4,"posx":12,"posy":8,"lastAction":5,"status":0},{"playerId":2413234,"score":1125,"energy":14,"posx":16,"posy":6,"lastAction":4,"status":0},{"playerId":61319,"score":959,"energy":6,"posx":14,"posy":1,"lastAction":5,"status":0},{"playerId":803122,"score":509,"energy":19,"posx":12,"posy":5,"lastAction":4,"status":0}],"golds":[{"posx":20,"posy":0,"amount":100},{"posx":14,"posy":1,"amount":100},{"posx":18,"posy":4,"amount":600},{"posx":17,"posy":5,"amount":300},{"posx":16,"posy":6,"amount":300},{"posx":18,"posy":7,"amount":200}],"changedObstacles":[{"type":0,"posx":12,"posy":8,"value":-1}]},{"players":[{"playerId":2299591,"score":1059,"energy":16,"posx":12,"posy":8,"lastAction":4,"status":0},{"playerId":2413234,"score":1125,"energy":30,"posx":16,"posy":6,"lastAction":4,"status":0},{"playerId":61319,"score":1009,"energy":1,"posx":14,"posy":1,"lastAction":5,"status":0},{"playerId":803122,"score":509,"energy":35,"posx":12,"posy":5,"lastAction":4,"status":0}],"golds":[{"posx":20,"posy":0,"amount":100},{"posx":14,"posy":1,"amount":50},{"posx":18,"posy":4,"amount":600},{"posx":17,"posy":5,"amount":300},{"posx":16,"posy":6,"amount":300},{"posx":18,"posy":7,"amount":200}],"changedObstacles":[]},{"players":[{"playerId":2299591,"score":1059,"energy":32,"posx":12,"posy":8,"lastAction":4,"status":0},{"playerId":2413234,"score":1175,"energy":25,"posx":16,"posy":6,"lastAction":5,"status":0},{"playerId":61319,"score":1009,"energy":13,"posx":14,"posy":1,"lastAction":4,"status":0},{"playerId":803122,"score":509,"energy":15,"posx":12,"posy":6,"lastAction":3,"status":0}],"golds":[{"posx":20,"posy":0,"amount":100},{"posx":14,"posy":1,"amount":50},{"posx":18,"posy":4,"amount":600},{"posx":17,"posy":5,"amount":300},{"posx":16,"posy":6,"amount":250},{"posx":18,"posy":7,"amount":200}],"changedObstacles":[{"type":3,"posx":12,"posy":6,"value":-40}]},{"players":[{"playerId":2299591,"score":1059,"energy":31,"posx":12,"posy":7,"lastAction":2,"status":0},{"playerId":2413234,"score":1225,"energy":20,"posx":16,"posy":6,"lastAction":5,"status":0},{"playerId":61319,"score":1059,"energy":8,"posx":14,"posy":1,"lastAction":5,"status":0},{"playerId":803122,"score":509,"energy":14,"posx":13,"posy":6,"lastAction":1,"status":0}],"golds":[{"posx":20,"posy":0,"amount":100},{"posx":18,"posy":4,"amount":600},{"posx":17,"posy":5,"amount":300},{"posx":16,"posy":6,"amount":200},{"posx":18,"posy":7,"amount":200}],"changedObstacles":[{"type":0,"posx":14,"posy":1,"value":-1}]},{"players":[{"playerId":2299591,"score":1059,"energy":30,"posx":11,"posy":7,"lastAction":0,"status":0},{"playerId":2413234,"score":1275,"energy":15,"posx":16,"posy":6,"lastAction":5,"status":0},{"playerId":61319,"score":1059,"energy":7,"posx":15,"posy":1,"lastAction":1,"status":0},{"playerId":803122,"score":509,"energy":13,"posx":14,"posy":6,"lastAction":1,"status":0}],"golds":[{"posx":20,"posy":0,"amount":100},{"posx":18,"posy":4,"amount":600},{"posx":17,"posy":5,"amount":300},{"posx":16,"posy":6,"amount":150},{"posx":18,"posy":7,"amount":200}],"changedObstacles":[]},{"players":[{"playerId":2299591,"score":1059,"energy":29,"posx":10,"posy":7,"lastAction":0,"status":0},{"playerId":2413234,"score":1325,"energy":10,"posx":16,"posy":6,"lastAction":5,"status":0},{"playerId":61319,"score":1059,"energy":6,"posx":15,"posy":2,"lastAction":3,"status":0},{"playerId":803122,"score":509,"energy":25,"posx":14,"posy":6,"lastAction":4,"status":0}],"golds":[{"posx":20,"posy":0,"amount":100},{"posx":18,"posy":4,"amount":600},{"posx":17,"posy":5,"amount":300},{"posx":16,"posy":6,"amount":100},{"posx":18,"posy":7,"amount":200}],"changedObstacles":[]},{"players":[{"playerId":2299591,"score":1059,"energy":28,"posx":10,"posy":6,"lastAction":2,"status":0},{"playerId":2413234,"score":1375,"energy":5,"posx":16,"posy":6,"lastAction":5,"status":0},{"playerId":61319,"score":1059,"energy":18,"posx":15,"posy":2,"lastAction":4,"status":0},{"playerId":803122,"score":509,"energy":5,"posx":15,"posy":6,"lastAction":1,"status":0}],"golds":[{"posx":20,"posy":0,"amount":100},{"posx":18,"posy":4,"amount":600},{"posx":17,"posy":5,"amount":300},{"posx":16,"posy":6,"amount":50},{"posx":18,"posy":7,"amount":200}],"changedObstacles":[{"type":3,"posx":15,"posy":6,"value":-40}]},{"players":[{"playerId":2299591,"score":1059,"energy":27,"posx":10,"posy":5,"lastAction":2,"status":0},{"playerId":2413234,"score":1375,"energy":17,"posx":16,"posy":6,"lastAction":4,"status":0},{"playerId":61319,"score":1059,"energy":34,"posx":15,"posy":2,"lastAction":4,"status":0},{"playerId":803122,"score":509,"energy":1,"posx":16,"posy":6,"lastAction":1,"status":0}],"golds":[{"posx":20,"posy":0,"amount":100},{"posx":18,"posy":4,"amount":600},{"posx":17,"posy":5,"amount":300},{"posx":16,"posy":6,"amount":50},{"posx":18,"posy":7,"amount":200}],"changedObstacles":[]},{"players":[{"playerId":2299591,"score":1059,"energy":26,"posx":10,"posy":4,"lastAction":2,"status":0},{"playerId":2413234,"score":1375,"energy":33,"posx":16,"posy":6,"lastAction":4,"status":0},{"playerId":61319,"score":1059,"energy":29,"posx":15,"posy":3,"lastAction":3,"status":0},{"playerId":803122,"score":509,"energy":13,"posx":16,"posy":6,"lastAction":4,"status":0}],"golds":[{"posx":20,"posy":0,"amount":100},{"posx":18,"posy":4,"amount":600},{"posx":17,"posy":5,"amount":300},{"posx":16,"posy":6,"amount":50},{"posx":18,"posy":7,"amount":200}],"changedObstacles":[]},{"players":[{"playerId":2299591,"score":1059,"energy":25,"posx":11,"posy":4,"lastAction":1,"status":0},{"playerId":2413234,"score":1400,"energy":28,"posx":16,"posy":6,"lastAction":5,"status":0},{"playerId":61319,"score":1059,"energy":28,"posx":15,"posy":4,"lastAction":3,"status":0},{"playerId":803122,"score":534,"energy":8,"posx":16,"posy":6,"lastAction":5,"status":0}],"golds":[{"posx":20,"posy":0,"amount":100},{"posx":18,"posy":4,"amount":600},{"posx":17,"posy":5,"amount":300},{"posx":18,"posy":7,"amount":200}],"changedObstacles":[{"type":0,"posx":16,"posy":6,"value":-1}]},{"players":[{"playerId":2299591,"score":1059,"energy":24,"posx":12,"posy":4,"lastAction":1,"status":0},{"playerId":2413234,"score":1400,"energy":27,"posx":17,"posy":6,"lastAction":1,"status":0},{"playerId":61319,"score":1059,"energy":27,"posx":15,"posy":5,"lastAction":3,"status":0},{"playerId":803122,"score":534,"energy":7,"posx":17,"posy":6,"lastAction":1,"status":0}],"golds":[{"posx":20,"posy":0,"amount":100},{"posx":18,"posy":4,"amount":600},{"posx":17,"posy":5,"amount":300},{"posx":18,"posy":7,"amount":200}],"changedObstacles":[]},{"players":[{"playerId":2299591,"score":1059,"energy":23,"posx":12,"posy":3,"lastAction":2,"status":0},{"playerId":2413234,"score":1400,"energy":26,"posx":18,"posy":6,"lastAction":1,"status":0},{"playerId":61319,"score":1059,"energy":26,"posx":16,"posy":5,"lastAction":1,"status":0},{"playerId":803122,"score":534,"energy":3,"posx":17,"posy":5,"lastAction":2,"status":0}],"golds":[{"posx":20,"posy":0,"amount":100},{"posx":18,"posy":4,"amount":600},{"posx":17,"posy":5,"amount":300},{"posx":18,"posy":7,"amount":200}],"changedObstacles":[]},{"players":[{"playerId":2299591,"score":1059,"energy":22,"posx":12,"posy":2,"lastAction":2,"status":0},{"playerId":2413234,"score":1400,"energy":16,"posx":18,"posy":5,"lastAction":2,"status":0},{"playerId":61319,"score":1059,"energy":22,"posx":17,"posy":5,"lastAction":1,"status":0},{"playerId":803122,"score":534,"energy":15,"posx":17,"posy":5,"lastAction":4,"status":0}],"golds":[{"posx":20,"posy":0,"amount":100},{"posx":18,"posy":4,"amount":600},{"posx":17,"posy":5,"amount":300},{"posx":18,"posy":7,"amount":200}],"changedObstacles":[]},{"players":[{"playerId":2299591,"score":1059,"energy":21,"posx":12,"posy":1,"lastAction":2,"status":0},{"playerId":2413234,"score":1400,"energy":12,"posx":18,"posy":4,"lastAction":2,"status":0},{"playerId":61319,"score":1109,"energy":17,"posx":17,"posy":5,"lastAction":5,"status":0},{"playerId":803122,"score":584,"energy":10,"posx":17,"posy":5,"lastAction":5,"status":0}],"golds":[{"posx":20,"posy":0,"amount":100},{"posx":18,"posy":4,"amount":600},{"posx":17,"posy":5,"amount":200},{"posx":18,"posy":7,"amount":200}],"changedObstacles":[]},{"players":[{"playerId":2299591,"score":1059,"energy":20,"posx":13,"posy":1,"lastAction":1,"status":0},{"playerId":2413234,"score":1450,"energy":7,"posx":18,"posy":4,"lastAction":5,"status":0},{"playerId":61319,"score":1159,"energy":12,"posx":17,"posy":5,"lastAction":5,"status":0},{"playerId":803122,"score":634,"energy":5,"posx":17,"posy":5,"lastAction":5,"status":0}],"golds":[{"posx":20,"posy":0,"amount":100},{"posx":18,"posy":4,"amount":550},{"posx":17,"posy":5,"amount":100},{"posx":18,"posy":7,"amount":200}],"changedObstacles":[]},{"players":[{"playerId":2299591,"score":1059,"energy":19,"posx":14,"posy":1,"lastAction":1,"status":0},{"playerId":2413234,"score":1500,"energy":2,"posx":18,"posy":4,"lastAction":5,"status":0},{"playerId":61319,"score":1209,"energy":7,"posx":17,"posy":5,"lastAction":5,"status":0},{"playerId":803122,"score":634,"energy":17,"posx":17,"posy":5,"lastAction":4,"status":0}],"golds":[{"posx":20,"posy":0,"amount":100},{"posx":18,"posy":4,"amount":500},{"posx":17,"posy":5,"amount":50},{"posx":18,"posy":7,"amount":200}],"changedObstacles":[]},{"players":[{"playerId":2299591,"score":1059,"energy":31,"posx":14,"posy":1,"lastAction":4,"status":0},{"playerId":2413234,"score":1500,"energy":14,"posx":18,"posy":4,"lastAction":4,"status":0},{"playerId":61319,"score":1234,"energy":2,"posx":17,"posy":5,"lastAction":5,"status":0},{"playerId":803122,"score":659,"energy":12,"posx":17,"posy":5,"lastAction":5,"status":0}],"golds":[{"posx":20,"posy":0,"amount":100},{"posx":18,"posy":4,"amount":500},{"posx":18,"posy":7,"amount":200}],"changedObstacles":[{"type":0,"posx":17,"posy":5,"value":-1}]},{"players":[{"playerId":2299591,"score":1059,"energy":30,"posx":15,"posy":1,"lastAction":1,"status":0},{"playerId":2413234,"score":1500,"energy":30,"posx":18,"posy":4,"lastAction":4,"status":0},{"playerId":61319,"score":1234,"energy":14,"posx":17,"posy":5,"lastAction":4,"status":0},{"playerId":803122,"score":659,"energy":24,"posx":17,"posy":5,"lastAction":4,"status":0}],"golds":[{"posx":20,"posy":0,"amount":100},{"posx":18,"posy":4,"amount":500},{"posx":18,"posy":7,"amount":200}],"changedObstacles":[]},{"players":[{"playerId":2299591,"score":1059,"energy":29,"posx":16,"posy":1,"lastAction":1,"status":0},{"playerId":2413234,"score":1550,"energy":25,"posx":18,"posy":4,"lastAction":5,"status":0},{"playerId":61319,"score":1234,"energy":30,"posx":17,"posy":5,"lastAction":4,"status":0},{"playerId":803122,"score":659,"energy":15,"posx":18,"posy":5,"lastAction":1,"status":0}],"golds":[{"posx":20,"posy":0,"amount":100},{"posx":18,"posy":4,"amount":450},{"posx":18,"posy":7,"amount":200}],"changedObstacles":[]},{"players":[{"playerId":2299591,"score":1059,"energy":19,"posx":17,"posy":1,"lastAction":1,"status":0},{"playerId":2413234,"score":1600,"energy":20,"posx":18,"posy":4,"lastAction":5,"status":0},{"playerId":61319,"score":1234,"energy":24,"posx":18,"posy":5,"lastAction":1,"status":0},{"playerId":803122,"score":659,"energy":11,"posx":18,"posy":4,"lastAction":2,"status":0}],"golds":[{"posx":20,"posy":0,"amount":100},{"posx":18,"posy":4,"amount":400},{"posx":18,"posy":7,"amount":200}],"changedObstacles":[{"type":0,"posx":17,"posy":1,"value":-1}]},{"players":[{"playerId":2299591,"score":1059,"energy":31,"posx":17,"posy":1,"lastAction":4,"status":0},{"playerId":2413234,"score":1650,"energy":15,"posx":18,"posy":4,"lastAction":5,"status":0},{"playerId":61319,"score":1234,"energy":20,"posx":18,"posy":4,"lastAction":2,"status":0},{"playerId":803122,"score":709,"energy":6,"posx":18,"posy":4,"lastAction":5,"status":0}],"golds":[{"posx":20,"posy":0,"amount":100},{"posx":18,"posy":4,"amount":300},{"posx":18,"posy":7,"amount":200}],"changedObstacles":[]},{"players":[{"playerId":2299591,"score":1059,"energy":30,"posx":17,"posy":2,"lastAction":3,"status":0},{"playerId":2413234,"score":1700,"energy":10,"posx":18,"posy":4,"lastAction":5,"status":0},{"playerId":61319,"score":1284,"energy":15,"posx":18,"posy":4,"lastAction":5,"status":0},{"playerId":803122,"score":759,"energy":1,"posx":18,"posy":4,"lastAction":5,"status":0}],"golds":[{"posx":20,"posy":0,"amount":100},{"posx":18,"posy":4,"amount":150},{"posx":18,"posy":7,"amount":200}],"changedObstacles":[]},{"players":[{"playerId":2299591,"score":1059,"energy":29,"posx":18,"posy":2,"lastAction":1,"status":0},{"playerId":2413234,"score":1750,"energy":5,"posx":18,"posy":4,"lastAction":5,"status":0},{"playerId":61319,"score":1334,"energy":10,"posx":18,"posy":4,"lastAction":5,"status":0},{"playerId":803122,"score":759,"energy":13,"posx":18,"posy":4,"lastAction":4,"status":0}],"golds":[{"posx":20,"posy":0,"amount":100},{"posx":18,"posy":4,"amount":50},{"posx":18,"posy":7,"amount":200}],"changedObstacles":[]},{"players":[{"playerId":2299591,"score":1059,"energy":28,"posx":18,"posy":3,"lastAction":3,"status":0},{"playerId":2413234,"score":1750,"energy":17,"posx":18,"posy":4,"lastAction":4,"status":0},{"playerId":61319,"score":1359,"energy":5,"posx":18,"posy":4,"lastAction":5,"status":0},{"playerId":803122,"score":784,"energy":8,"posx":18,"posy":4,"lastAction":5,"status":0}],"golds":[{"posx":20,"posy":0,"amount":100},{"posx":18,"posy":7,"amount":200}],"changedObstacles":[{"type":0,"posx":18,"posy":4,"value":-1}]},{"players":[{"playerId":2299591,"score":1059,"energy":27,"posx":18,"posy":2,"lastAction":2,"status":0},{"playerId":2413234,"score":1750,"energy":33,"posx":18,"posy":4,"lastAction":4,"status":0},{"playerId":61319,"score":1359,"energy":17,"posx":18,"posy":4,"lastAction":4,"status":0},{"playerId":803122,"score":784,"energy":20,"posx":18,"posy":4,"lastAction":4,"status":0}],"golds":[{"posx":20,"posy":0,"amount":100},{"posx":18,"posy":7,"amount":200}],"changedObstacles":[]},{"players":[{"playerId":2299591,"score":1059,"energy":22,"posx":19,"posy":2,"lastAction":1,"status":0},{"playerId":2413234,"score":1750,"energy":26,"posx":18,"posy":5,"lastAction":3,"status":0},{"playerId":61319,"score":1359,"energy":33,"posx":18,"posy":4,"lastAction":4,"status":0},{"playerId":803122,"score":784,"energy":36,"posx":18,"posy":4,"lastAction":4,"status":0}],"golds":[{"posx":20,"posy":0,"amount":100},{"posx":18,"posy":7,"amount":200}],"changedObstacles":[{"type":3,"posx":19,"posy":2,"value":-20}]},{"players":[{"playerId":2299591,"score":1059,"energy":17,"posx":20,"posy":2,"lastAction":1,"status":0},{"playerId":2413234,"score":1750,"energy":25,"posx":18,"posy":6,"lastAction":3,"status":0},{"playerId":61319,"score":1359,"energy":27,"posx":18,"posy":5,"lastAction":3,"status":0},{"playerId":803122,"score":784,"energy":27,"posx":18,"posy":5,"lastAction":3,"status":0}],"golds":[{"posx":20,"posy":0,"amount":100},{"posx":18,"posy":7,"amount":200}],"changedObstacles":[{"type":3,"posx":20,"posy":2,"value":-20}]},{"players":[{"playerId":2299591,"score":1059,"energy":29,"posx":20,"posy":2,"lastAction":4,"status":0},{"playerId":2413234,"score":1750,"energy":21,"posx":18,"posy":7,"lastAction":3,"status":0},{"playerId":61319,"score":1359,"energy":26,"posx":18,"posy":6,"lastAction":3,"status":0},{"playerId":803122,"score":784,"energy":26,"posx":18,"posy":6,"lastAction":3,"status":0}],"golds":[{"posx":20,"posy":0,"amount":100},{"posx":18,"posy":7,"amount":200}],"changedObstacles":[]},{"players":[{"playerId":2299591,"score":1059,"energy":28,"posx":20,"posy":1,"lastAction":2,"status":0},{"playerId":2413234,"score":1800,"energy":16,"posx":18,"posy":7,"lastAction":5,"status":0},{"playerId":61319,"score":1359,"energy":22,"posx":18,"posy":7,"lastAction":3,"status":0},{"playerId":803122,"score":784,"energy":22,"posx":18,"posy":7,"lastAction":3,"status":0}],"golds":[{"posx":20,"posy":0,"amount":100},{"posx":18,"posy":7,"amount":150}],"changedObstacles":[]},{"players":[{"playerId":2299591,"score":1059,"energy":24,"posx":20,"posy":0,"lastAction":2,"status":0},{"playerId":2413234,"score":1850,"energy":11,"posx":18,"posy":7,"lastAction":5,"status":0},{"playerId":61319,"score":1409,"energy":17,"posx":18,"posy":7,"lastAction":5,"status":0},{"playerId":803122,"score":834,"energy":17,"posx":18,"posy":7,"lastAction":5,"status":0}],"golds":[{"posx":20,"posy":0,"amount":100}],"changedObstacles":[{"type":0,"posx":18,"posy":7,"value":-1}]},{"players":[{"playerId":2299591,"score":1109,"energy":19,"posx":20,"posy":0,"lastAction":5,"status":0},{"playerId":2413234,"score":1850,"energy":23,"posx":18,"posy":7,"lastAction":4,"status":0},{"playerId":61319,"score":1409,"energy":16,"posx":18,"posy":6,"lastAction":2,"status":0},{"playerId":803122,"score":834,"energy":29,"posx":18,"posy":7,"lastAction":4,"status":0}],"golds":[{"posx":20,"posy":0,"amount":50}],"changedObstacles":[]},{"players":[{"playerId":2299591,"score":1159,"energy":14,"posx":20,"posy":0,"lastAction":5,"status":0},{"playerId":2413234,"score":1850,"energy":39,"posx":18,"posy":7,"lastAction":4,"status":0},{"playerId":61319,"score":1409,"energy":11,"posx":19,"posy":6,"lastAction":1,"status":0},{"playerId":803122,"score":834,"energy":45,"posx":18,"posy":7,"lastAction":4,"status":0}],"golds":[],"changedObstacles":[{"type":3,"posx":19,"posy":6,"value":-20},{"type":0,"posx":20,"posy":0,"value":-1}]}]