[{"players":[{"playerId":2410245,"score":0,"energy":49,"posx":8,"posy":2,"lastAction":0,"status":0},{"playerId":2483603,"score":0,"energy":49,"posx":9,"posy":3,"lastAction":3,"status":0},{"playerId":2415753,"score":0,"energy":49,"posx":8,"posy":2,"lastAction":0,"status":0},{"playerId":2233933,"score":0,"energy":49,"posx":9,"posy":3,"lastAction":3,"status":0}],"golds":[{"posx":4,"posy":8,"amount":100},{"posx":8,"posy":7,"amount":450},{"posx":0,"posy":1,"amount":150},{"posx":16,"posy":6,"amount":500},{"posx":20,"posy":0,"amount":100},{"posx":3,"posy":3,"amount":700},{"posx":14,"posy":6,"amount":50},{"posx":2,"posy":6,"amount":500},{"posx":0,"posy":6,"amount":50},{"posx":3,"posy":8,"amount":50},{"posx":6,"posy":4,"amount":150},{"posx":18,"posy":4,"amount":600},{"posx":4,"posy":1,"amount":50},{"posx":12,"posy":8,"amount":300},{"posx":1,"posy":8,"amount":650},{"posx":17,"posy":5,"amount":300},{"posx":18,"posy":7,"amount":200},{"posx":6,"posy":8,"amount":100},{"posx":14,"posy":1,"amount":150},{"posx":10,"posy":3,"amount":100}],"changedObstacles":[]},{"players":[{"playerId":2410245,"score":0,"energy":48,"posx":7,"posy":2,"lastAction":0,"status":0},{"playerId":2483603,"score":0,"energy":45,"posx":10,"posy":3,"lastAction":1,"status":0},{"playerId":2415753,"score":0,"energy":48,"posx":7,"posy":2,"lastAction":0,"status":0},{"playerId":2233933,"score":0,"energy":45,"posx":10,"posy":3,"lastAction":1,"status":0}],"golds":[{"posx":4,"posy":8,"amount":100},{"posx":8,"posy":7,"amount":450},{"posx":0,"posy":1,"amount":150},{"posx":16,"posy":6,"amount":500},{"posx":20,"posy":0,"amount":100},{"posx":3,"posy":3,"amount":700},{"posx":14,"posy":6,"amount":50},{"posx":2,"posy":6,"amount":500},{"posx":0,"posy":6,"amount":50},{"posx":3,"posy":8,"amount":50},{"posx":6,"posy":4,"amount":150},{"posx":18,"posy":4,"amount":600},{"posx":4,"posy":1,"amount":50},{"posx":12,"posy":8,"amount":300},{"posx":1,"posy":8,"amount":650},{"posx":17,"posy":5,"amount":300},{"posx":18,"posy":7,"amount":200},{"posx":6,"posy":8,"amount":100},{"posx":14,"posy":1,"amount":150},{"posx":10,"posy":3,"amount":100}],"changedObstacles":[]},{"players":[{"playerId":2410245,"score":0,"energy":43,"posx":6,"posy":2,"lastAction":0,"status":0},{"playerId":2483603,"score":50,"energy":40,"posx":10,"posy":3,"lastAction":5,"status":0},{"playerId":2415753,"score":0,"energy":43,"posx":6,"posy":2,"lastAction":0,"status":0},{"playerId":2233933,"score":50,"energy":40,"posx":10,"posy":3,"lastAction":5,"status":0}],"golds":[{"posx":20,"posy":0,"amount":100},{"posx":0,"posy":1,"amount":150},{"posx":4,"posy":1,"amount":50},{"posx":14,"posy":1,"amount":150},{"posx":3,"posy":3,"amount":700},{"posx":6,"posy":4,"amount":150},{"posx":18,"posy":4,"amount":600},{"posx":17,"posy":5,"amount":300},{"posx":0,"posy":6,"amount":50},{"posx":2,"posy":6,"amount":500},{"posx":14,"posy":6,"amount":50},{"posx":16,"posy":6,"amount":500},{"posx":8,"posy":7,"amount":450},{"posx":18,"posy":7,"amount":200},{"posx":1,"posy":8,"amount":650},{"posx":3,"posy":8,"amount":50},{"posx":4,"posy":8,"amount":100},{"posx":6,"posy":8,"amount":100},{"posx":12,"posy":8,"amount":300}],"changedObstacles":[{"type":3,"posx":6,"posy":2,"value":-20},{"type":0,"posx":10,"posy":3,"value":-1}]},{"players":[{"playerId":2410245,"score":0,"energy":42,"posx":5,"posy":2,"lastAction":0,"status":0},{"playerId":2483603,"score":50,"energy":30,"posx":10,"posy":4,"lastAction":3,"status":0},{"playerId":2415753,"score":0,"energy":42,"posx":5,"posy":2,"lastAction":0,"status":0},{"playerId":2233933,"score":50,"energy":39,"posx":9,"posy":3,"lastAction":0,"status":0}],"golds":[{"posx":20,"posy":0,"amount":100},{"posx":0,"posy":1,"amount":150},{"posx":4,"posy":1,"amount":50},{"posx":14,"posy":1,"amount":150},{"posx":3,"posy":3,"amount":700},{"posx":6,"posy":4,"amount":150},{"posx":18,"posy":4,"amount":600},{"posx":17,"posy":5,"amount":300},{"posx":0,"posy":6,"amount":50},{"posx":2,"posy":6,"amount":500},{"posx":14,"posy":6,"amount":50},{"posx":16,"posy":6,"amount":500},{"posx":8,"posy":7,"amount":450},{"posx":18,"posy":7,"amount":200},{"posx":1,"posy":8,"amount":650},{"posx":3,"posy":8,"amount":50},{"posx":4,"posy":8,"amount":100},{"posx":6,"posy":8,"amount":100},{"posx":12,"posy":8,"amount":300}],"changedObstacles":[{"type":0,"posx":10,"posy":4,"value":-1}]},{"players":[{"playerId":2410245,"score":0,"energy":41,"posx":4,"posy":2,"lastAction":0,"status":0},{"playerId":2483603,"score":50,"energy":29,"posx":11,"posy":4,"lastAction":1,"status":0},{"playerId":2415753,"score":0,"energy":41,"posx":4,"posy":2,"lastAction":0,"status":0},{"playerId":2233933,"score":50,"energy":38,"posx":9,"posy":4,"lastAction":3,"status":0}],"golds":[{"posx":20,"posy":0,"amount":100},{"posx":0,"posy":1,"amount":150},{"posx":4,"posy":1,"amount":50},{"posx":14,"posy":1,"amount":150},{"posx":3,"posy":3,"amount":700},{"posx":6,"posy":4,"amount":150},{"posx":18,"posy":4,"amount":600},{"posx":17,"posy":5,"amount":300},{"posx":0,"posy":6,"amount":50},{"posx":2,"posy":6,"amount":500},{"posx":14,"posy":6,"amount":50},{"posx":16,"posy":6,"amount":500},{"posx":8,"posy":7,"amount":450},{"posx":18,"posy":7,"amount":200},{"posx":1,"posy":8,"amount":650},{"posx":3,"posy":8,"amount":50},{"posx":4,"posy":8,"amount":100},{"posx":6,"posy":8,"amount":100},{"posx":12,"posy":8,"amount":300}],"changedObstacles":[]},{"players":[{"playerId":2410245,"score":0,"energy":37,"posx":4,"posy":1,"lastAction":2,"status":0},{"playerId":2483603,"score":50,"energy":28,"posx":12,"posy":4,"lastAction":1,"status":0},{"playerId":2415753,"score":0,"energy":31,"posx":4,"posy":3,"lastAction":3,"status":0},{"playerId":2233933,"score":50,"energy":33,"posx":8,"posy":4,"lastAction":0,"status":0}],"golds":[{"posx":20,"posy":0,"amount":100},{"posx":0,"posy":1,"amount":150},{"posx":4,"posy":1,"amount":50},{"posx":14,"posy":1,"amount":150},{"posx":3,"posy":3,"amount":700},{"posx":6,"posy":4,"amount":150},{"posx":18,"posy":4,"amount":600},{"posx":17,"posy":5,"amount":300},{"posx":0,"posy":6,"amount":50},{"posx":2,"posy":6,"amount":500},{"posx":14,"posy":6,"amount":50},{"posx":16,"posy":6,"amount":500},{"posx":8,"posy":7,"amount":450},{"posx":18,"posy":7,"amount":200},{"posx":1,"posy":8,"amount":650},{"posx":3,"posy":8,"amount":50},{"posx":4,"posy":8,"amount":100},{"posx":6,"posy":8,"amount":100},{"posx":12,"posy":8,"amount":300}],"changedObstacles":[{"type":0,"posx":4,"posy":3,"value":-1},{"type":3,"posx":8,"posy":4,"value":-20}]},{"players":[{"playerId":2410245,"score":50,"energy":32,"posx":4,"posy":1,"lastAction":5,"status":0},{"playerId":2483603,"score":50,"energy":27,"posx":13,"posy":4,"lastAction":1,"status":0},{"playerId":2415753,"score":0,"energy":27,"posx":3,"posy":3,"lastAction":0,"status":0},{"playerId":2233933,"score":50,"energy":32,"posx":7,"posy":4,"lastAction":0,"status":0}],"golds":[{"posx":20,"posy":0,"amount":100},{"posx":0,"posy":1,"amount":150},{"posx":14,"posy":1,"amount":150},{"posx":3,"posy":3,"amount":700},{"posx":6,"posy":4,"amount":150},{"posx":18,"posy":4,"amount":600},{"posx":17,"posy":5,"amount":300},{"posx":0,"posy":6,"amount":50},{"posx":2,"posy":6,"amount":500},{"posx":14,"posy":6,"amount":50},{"posx":16,"posy":6,"amount":500},{"posx":8,"posy":7,"amount":450},{"posx":18,"posy":7,"amount":200},{"posx":1,"posy":8,"amount":650},{"posx":3,"posy":8,"amount":50},{"posx":4,"posy":8,"amount":100},{"posx":6,"posy":8,"amount":100},{"posx":12,"posy":8,"amount":300}],"changedObstacles":[{"type":0,"posx":4,"posy":1,"value":-1}]},{"players":[{"playerId":2410245,"score":50,"energy":31,"posx":4,"posy":2,"lastAction":3,"status":0},{"playerId":2483603,"score":50,"energy":26,"posx":13,"posy":5,"lastAction":3,"status":0},{"playerId":2415753,"score":50,"energy":22,"posx":3,"posy":3,"lastAction":5,"status":0},{"playerId":2233933,"score":50,"energy":28,"posx":6,"posy":4,"lastAction":0,"status":0}],"golds":[{"posx":20,"posy":0,"amount":100},{"posx":0,"posy":1,"amount":150},{"posx":14,"posy":1,"amount":150},{"posx":3,"posy":3,"amount":650},{"posx":6,"posy":4,"amount":150},{"posx":18,"posy":4,"amount":600},{"posx":17,"posy":5,"amount":300},{"posx":0,"posy":6,"amount":50},{"posx":2,"posy":6,"amount":500},{"posx":14,"posy":6,"amount":50},{"posx":16,"posy":6,"amount":500},{"posx":8,"posy":7,"amount":450},{"posx":18,"posy":7,"amount":200},{"posx":1,"posy":8,"amount":650},{"posx":3,"posy":8,"amount":50},{"posx":4,"posy":8,"amount":100},{"posx":6,"posy":8,"amount":100},{"posx":12,"posy":8,"amount":300}],"changedObstacles":[]},{"players":[{"playerId":2410245,"score":50,"energy":30,"posx":4,"posy":3,"lastAction":3,"status":0},{"playerId":2483603,"score":50,"energy":25,"posx":13,"posy":6,"lastAction":3,"status":0},{"playerId":2415753,"score":100,"energy":17,"posx":3,"posy":3,"lastAction":5,"status":0},{"playerId":2233933,"score":100,"energy":23,"posx":6,"posy":4,"lastAction":5,"status":0}],"golds":[{"posx":20,"posy":0,"amount":100},{"posx":0,"posy":1,"amount":150},{"posx":14,"posy":1,"amount":150},{"posx":3,"posy":3,"amount":600},{"posx":6,"posy":4,"amount":100},{"posx":18,"posy":4,"amount":600},{"posx":17,"posy":5,"amount":300},{"posx":0,"posy":6,"amount":50},{"posx":2,"posy":6,"amount":500},{"posx":14,"posy":6,"amount":50},{"posx":16,"posy":6,"amount":500},{"posx":8,"posy":7,"amount":450},{"posx":18,"posy":7,"amount":200},{"posx":1,"posy":8,"amount":650},{"posx":3,"posy":8,"amount":50},{"posx":4,"posy":8,"amount":100},{"posx":6,"posy":8,"amount":100},{"posx":12,"posy":8,"amount":300}],"changedObstacles":[]},{"players":[{"playerId":2410245,"score":50,"energy":26,"posx":3,"posy":3,"lastAction":0,"status":0},{"playerId":2483603,"score":50,"energy":21,"posx":14,"posy":6,"lastAction":1,"status":0},{"playerId":2415753,"score":150,"energy":12,"posx":3,"posy":3,"lastAction":5,"status":0},{"playerId":2233933,"score":150,"energy":18,"posx":6,"posy":4,"lastAction":5,"status":0}],"golds":[{"posx":20,"posy":0,"amount":100},{"posx":0,"posy":1,"amount":150},{"posx":14,"posy":1,"amount":150},{"posx":3,"posy":3,"amount":550},{"posx":6,"posy":4,"amount":50},{"posx":18,"posy":4,"amount":600},{"posx":17,"posy":5,"amount":300},{"posx":0,"posy":6,"amount":50},{"posx":2,"posy":6,"amount":500},{"posx":14,"posy":6,"amount":50},{"posx":16,"posy":6,"amount":500},{"posx":8,"posy":7,"amount":450},{"posx":18,"posy":7,"amount":200},{"posx":1,"posy":8,"amount":650},{"posx":3,"posy":8,"amount":50},{"posx":4,"posy":8,"amount":100},{"posx":6,"posy":8,"amount":100},{"posx":12,"posy":8,"amount":300}],"changedObstacles":[]},{"players":[{"playerId":2410245,"score":100,"energy":21,"posx":3,"posy":3,"lastAction":5,"status":0},{"playerId":2483603,"score":100,"energy":16,"posx":14,"posy":6,"lastAction":5,"status":0},{"playerId":2415753,"score":200,"energy":7,"posx":3,"posy":3,"lastAction":5,"status":0},{"playerId":2233933,"score":200,"energy":13,"posx":6,"posy":4,"lastAction":5,"status":0}],"golds":[{"posx":20,"posy":0,"amount":100},{"posx":0,"posy":1,"amount":150},{"posx":14,"posy":1,"amount":150},{"posx":3,"posy":3,"amount":450},{"posx":18,"posy":4,"amount":600},{"posx":17,"posy":5,"amount":300},{"posx":0,"posy":6,"amount":50},{"posx":2,"posy":6,"amount":500},{"posx":16,"posy":6,"amount":500},{"posx":8,"posy":7,"amount":450},{"posx":18,"posy":7,"amount":200},{"posx":1,"posy":8,"amount":650},{"posx":3,"posy":8,"amount":50},{"posx":4,"posy":8,"amount":100},{"posx":6,"posy":8,"amount":100},{"posx":12,"posy":8,"amount":300}],"changedObstacles":[{"type":0,"posx":14,"posy":6,"value":-1},{"type":0,"posx":6,"posy":4,"value":-1}]},{"players":[{"playerId":2410245,"score":150,"energy":16,"posx":3,"posy":3,"lastAction":5,"status":0},{"playerId":2483603,"score":100,"energy":11,"posx":15,"posy":6,"lastAction":1,"status":0},{"playerId":2415753,"score":250,"energy":2,"posx":3,"posy":3,"lastAction":5,"status":0},{"playerId":2233933,"score":200,"energy":12,"posx":6,"posy":3,"lastAction":2,"status":0}],"golds":[{"posx":20,"posy":0,"amount":100},{"posx":0,"posy":1,"amount":150},{"posx":14,"posy":1,"amount":150},{"posx":3,"posy":3,"amount":350},{"posx":18,"posy":4,"amount":600},{"posx":17,"posy":5,"amount":300},{"posx":0,"posy":6,"amount":50},{"posx":2,"posy":6,"amount":500},{"posx":16,"posy":6,"amount":500},{"posx":8,"posy":7,"amount":450},{"posx":18,"posy":7,"amount":200},{"posx":1,"posy":8,"amount":650},{"posx":3,"posy":8,"amount":50},{"posx":4,"posy":8,"amount":100},{"posx":6,"posy":8,"amount":100},{"posx":12,"posy":8,"amount":300}],"changedObstacles":[{"type":3,"posx":15,"posy":6,"value":-20}]},{"players":[{"playerId":2410245,"score":200,"energy":11,"posx":3,"posy":3,"lastAction":5,"status":0},{"playerId":2483603,"score":100,"energy":7,"posx":16,"posy":6,"lastAction":1,"status":0},{"playerId":2415753,"score":250,"energy":14,"posx":3,"posy":3,"lastAction":4,"status":0},{"playerId":2233933,"score":200,"energy":11,"posx":5,"posy":3,"lastAction":0,"status":0}],"golds":[{"posx":20,"posy":0,"amount":100},{"posx":0,"posy":1,"amount":150},{"posx":14,"posy":1,"amount":150},{"posx":3,"posy":3,"amount":300},{"posx":18,"posy":4,"amount":600},{"posx":17,"posy":5,"amount":300},{"posx":0,"posy":6,"amount":50},{"posx":2,"posy":6,"amount":500},{"posx":16,"posy":6,"amount":500},{"posx":8,"posy":7,"amount":450},{"posx":18,"posy":7,"amount":200},{"posx":1,"posy":8,"amount":650},{"posx":3,"posy":8,"amount":50},{"posx":4,"posy":8,"amount":100},{"posx":6,"posy":8,"amount":100},{"posx":12,"posy":8,"amount":300}],"changedObstacles":[]},{"players":[{"playerId":2410245,"score":250,"energy":6,"posx":3,"posy":3,"lastAction":5,"status":0},{"playerId":2483603,"score":150,"energy":2,"posx":16,"posy":6,"lastAction":5,"status":0},{"playerId":2415753,"score":300,"energy":9,"posx":3,"posy":3,"lastAction":5,"status":0},{"playerId":2233933,"score":200,"energy":10,"posx":4,"posy":3,"lastAction":0,"status":0}],"golds":[{"posx":20,"posy":0,"amount":100},{"posx":0,"posy":1,"amount":150},{"posx":14,"posy":1,"amount":150},{"posx":3,"posy":3,"amount":200},{"posx":18,"posy":4,"amount":600},{"posx":17,"posy":5,"amount":300},{"posx":0,"posy":6,"amount":50},{"posx":2,"posy":6,"amount":500},{"posx":16,"posy":6,"amount":450},{"posx":8,"posy":7,"amount":450},{"posx":18,"posy":7,"amount":200},{"posx":1,"posy":8,"amount":650},{"posx":3,"posy":8,"amount":50},{"posx":4,"posy":8,"amount":100},{"posx":6,"posy":8,"amount":100},{"posx":12,"posy":8,"amount":300}],"changedObstacles":[]},{"players":[{"playerId":2410245,"score":300,"energy":1,"posx":3,"posy":3,"lastAction":5,"status":0},{"playerId":2483603,"score":150,"energy":14,"posx":16,"posy":6,"lastAction":4,"status":0},{"playerId":2415753,"score":350,"energy":4,"posx":3,"posy":3,"lastAction":5,"status":0},{"playerId":2233933,"score":200,"energy":6,"posx":3,"posy":3,"lastAction":0,"status":0}],"golds":[{"posx":20,"posy":0,"amount":100},{"posx":0,"posy":1,"amount":150},{"posx":14,"posy":1,"amount":150},{"posx":3,"posy":3,"amount":100},{"posx":18,"posy":4,"amount":600},{"posx":17,"posy":5,"amount":300},{"posx":0,"posy":6,"amount":50},{"posx":2,"posy":6,"amount":500},{"posx":16,"posy":6,"amount":450},{"posx":8,"posy":7,"amount":450},{"posx":18,"posy":7,"amount":200},{"posx":1,"posy":8,"amount":650},{"posx":3,"posy":8,"amount":50},{"posx":4,"posy":8,"amount":100},{"posx":6,"posy":8,"amount":100},{"posx":12,"posy":8,"amount":300}],"changedObstacles":[]},{"players":[{"playerId":2410245,"score":300,"energy":13,"posx":3,"posy":3,"lastAction":4,"status":0},{"playerId":2483603,"score":150,"energy":30,"posx":16,"posy":6,"lastAction":4,"status":0},{"playerId":2415753,"score":350,"energy":16,"posx":3,"posy":3,"lastAction":4,"status":0},{"playerId":2233933,"score":250,"energy":1,"posx":3,"posy":3,"lastAction":5,"status":0}],"golds":[{"posx":20,"posy":0,"amount":100},{"posx":0,"posy":1,"amount":150},{"posx":14,"posy":1,"amount":150},{"posx":3,"posy":3,"amount":50},{"posx":18,"posy":4,"amount":600},{"posx":17,"posy":5,"amount":300},{"posx":0,"posy":6,"amount":50},{"posx":2,"posy":6,"amount":500},{"posx":16,"posy":6,"amount":450},{"posx":8,"posy":7,"amount":450},{"posx":18,"posy":7,"amount":200},{"posx":1,"posy":8,"amount":650},{"posx":3,"posy":8,"amount":50},{"posx":4,"posy":8,"amount":100},{"posx":6,"posy":8,"amount":100},{"posx":12,"posy":8,"amount":300}],"changedObstacles":[]},{"players":[{"playerId":2410245,"score":325,"energy":8,"posx":3,"posy":3,"lastAction":5,"status":0},{"playerId":2483603,"score":200,"energy":25,"posx":16,"posy":6,"lastAction":5,"status":0},{"playerId":2415753,"score":375,"energy":11,"posx":3,"posy":3,"lastAction":5,"status":0},{"playerId":2233933,"score":250,"energy":13,"posx":3,"posy":3,"lastAction":4,"status":0}],"golds":[{"posx":20,"posy":0,"amount":100},{"posx":0,"posy":1,"amount":150},{"posx":14,"posy":1,"amount":150},{"posx":18,"posy":4,"amount":600},{"posx":17,"posy":5,"amount":300},{"posx":0,"posy":6,"amount":50},{"posx":2,"posy":6,"amount":500},{"posx":16,"posy":6,"amount":400},{"posx":8,"posy":7,"amount":450},{"posx":18,"posy":7,"amount":200},{"posx":1,"posy":8,"amount":650},{"posx":3,"posy":8,"amount":50},{"posx":4,"posy":8,"amount":100},{"posx":6,"posy":8,"amount":100},{"posx":12,"posy":8,"amount":300}],"changedObstacles":[{"type":0,"posx":3,"posy":3,"value":-1}]},{"players":[{"playerId":2410245,"score":325,"energy":7,"posx":3,"posy":4,"lastAction":3,"status":0},{"playerId":2483603,"score":250,"energy":20,"posx":16,"posy":6,"lastAction":5,"status":0},{"playerId":2415753,"score":375,"energy":10,"posx":3,"posy":4,"lastAction":3,"status":0},{"playerId":2233933,"score":250,"energy":12,"posx":3,"posy":4,"lastAction":3,"status":0}],"golds":[{"posx":20,"posy":0,"amount":100},{"posx":0,"posy":1,"amount":150},{"posx":14,"posy":1,"amount":150},{"posx":18,"posy":4,"amount":600},{"posx":17,"posy":5,"amount":300},{"posx":0,"posy":6,"amount":50},{"posx":2,"posy":6,"amount":500},{"posx":16,"posy":6,"amount":350},{"posx":8,"posy":7,"amount":450},{"posx":18,"posy":7,"amount":200},{"posx":1,"posy":8,"amount":650},{"posx":3,"posy":8,"amount":50},{"posx":4,"posy":8,"amount":100},{"posx":6,"posy":8,"amount":100},{"posx":12,"posy":8,"amount":300}],"changedObstacles":[]},{"players":[{"playerId":2410245,"score":325,"energy":6,"posx":3,"posy":5,"lastAction":3,"status":0},{"playerId":2483603,"score":300,"energy":15,"posx":16,"posy":6,"lastAction":5,"status":0},{"playerId":2415753,"score":375,"energy":9,"posx":3,"posy":5,"lastAction":3,"status":0},{"playerId":2233933,"score":250,"energy":11,"posx":3,"posy":5,"lastAction":3,"status":0}],"golds":[{"posx":20,"posy":0,"amount":100},{"posx":0,"posy":1,"amount":150},{"posx":14,"posy":1,"amount":150},{"posx":18,"posy":4,"amount":600},{"posx":17,"posy":5,"amount":300},{"posx":0,"posy":6,"amount":50},{"posx":2,"posy":6,"amount":500},{"posx":16,"posy":6,"amount":300},{"posx":8,"posy":7,"amount":450},{"posx":18,"posy":7,"amount":200},{"posx":1,"posy":8,"amount":650},{"posx":3,"posy":8,"amount":50},{"posx":4,"posy":8,"amount":100},{"posx":6,"posy":8,"amount":100},{"posx":12,"posy":8,"amount":300}],"changedObstacles":[]},{"players":[{"playerId":2410245,"score":325,"energy":5,"posx":3,"posy":6,"lastAction":3,"status":0},{"playerId":2483603,"score":350,"energy":10,"posx":16,"posy":6,"lastAction":5,"status":0},{"playerId":2415753,"score":375,"energy":8,"posx":2,"posy":5,"lastAction":0,"status":0},{"playerId":2233933,"score":250,"energy":10,"posx":2,"posy":5,"lastAction":0,"status":0}],"golds":[{"posx":20,"posy":0,"amount":100},{"posx":0,"posy":1,"amount":150},{"posx":14,"posy":1,"amount":150},{"posx":18,"posy":4,"amount":600},{"posx":17,"posy":5,"amount":300},{"posx":0,"posy":6,"amount":50},{"posx":2,"posy":6,"amount":500},{"posx":16,"posy":6,"amount":250},{"posx":8,"posy":7,"amount":450},{"posx":18,"posy":7,"amount":200},{"posx":1,"posy":8,"amount":650},{"posx":3,"posy":8,"amount":50},{"posx":4,"posy":8,"amount":100},{"posx":6,"posy":8,"amount":100},{"posx":12,"posy":8,"amount":300}],"changedObstacles":[]},{"players":[{"playerId":2410245,"score":325,"energy":1,"posx":2,"posy":6,"lastAction":0,"status":0},{"playerId":2483603,"score":400,"energy":5,"posx":16,"posy":6,"lastAction":5,"status":0},{"playerId":2415753,"score":375,"energy":4,"posx":2,"posy":6,"lastAction":3,"status":0},{"playerId":2233933,"score":250,"energy":6,"posx":2,"posy":6,"lastAction":3,"status":0}],"golds":[{"posx":20,"posy":0,"amount":100},{"posx":0,"posy":1,"amount":150},{"posx":14,"posy":1,"amount":150},{"posx":18,"posy":4,"amount":600},{"posx":17,"posy":5,"amount":300},{"posx":0,"posy":6,"amount":50},{"posx":2,"posy":6,"amount":500},{"posx":16,"posy":6,"amount":200},{"posx":8,"posy":7,"amount":450},{"posx":18,"posy":7,"amount":200},{"posx":1,"posy":8,"amount":650},{"posx":3,"posy":8,"amount":50},{"posx":4,"posy":8,"amount":100},{"posx":6,"posy":8,"amount":100},{"posx":12,"posy":8,"amount":300}],"changedObstacles":[]},{"players":[{"playerId":2410245,"score":325,"energy":13,"posx":2,"posy":6,"lastAction":4,"status":0},{"playerId":2483603,"score":400,"energy":17,"posx":16,"posy":6,"lastAction":4,"status":0},{"playerId":2415753,"score":375,"energy":16,"posx":2,"posy":6,"lastAction":4,"status":0},{"playerId":2233933,"score":300,"energy":1,"posx":2,"posy":6,"lastAction":5,"status":0}],"golds":[{"posx":20,"posy":0,"amount":100},{"posx":0,"posy":1,"amount":150},{"posx":14,"posy":1,"amount":150},{"posx":18,"posy":4,"amount":600},{"posx":17,"posy":5,"amount":300},{"posx":0,"posy":6,"amount":50},{"posx":2,"posy":6,"amount":450},{"posx":16,"posy":6,"amount":200},{"posx":8,"posy":7,"amount":450},{"posx":18,"posy":7,"amount":200},{"posx":1,"posy":8,"amount":650},{"posx":3,"posy":8,"amount":50},{"posx":4,"posy":8,"amount":100},{"posx":6,"posy":8,"amount":100},{"posx":12,"posy":8,"amount":300}],"changedObstacles":[]},{"players":[{"playerId":2410245,"score":375,"energy":8,"posx":2,"posy":6,"lastAction":5,"status":0},{"playerId":2483603,"score":400,"energy":33,"posx":16,"posy":6,"lastAction":4,"status":0},{"playerId":2415753,"score":425,"energy":11,"posx":2,"posy":6,"lastAction":5,"status":0},{"playerId":2233933,"score":300,"energy":13,"posx":2,"posy":6,"lastAction":4,"status":0}],"golds":[{"posx":20,"posy":0,"amount":100},{"posx":0,"posy":1,"amount":150},{"posx":14,"posy":1,"amount":150},{"posx":18,"posy":4,"amount":600},{"posx":17,"posy":5,"amount":300},{"posx":0,"posy":6,"amount":50},{"posx":2,"posy":6,"amount":350},{"posx":16,"posy":6,"amount":200},{"posx":8,"posy":7,"amount":450},{"posx":18,"posy":7,"amount":200},{"posx":1,"posy":8,"amount":650},{"posx":3,"posy":8,"amount":50},{"posx":4,"posy":8,"amount":100},{"posx":6,"posy":8,"amount":100},{"posx":12,"posy":8,"amount":300}],"changedObstacles":[]},{"players":[{"playerId":2410245,"score":425,"energy":3,"posx":2,"posy":6,"lastAction":5,"status":0},{"playerId":2483603,"score":450,"energy":28,"posx":16,"posy":6,"lastAction":5,"status":0},{"playerId":2415753,"score":475,"energy":6,"posx":2,"posy":6,"lastAction":5,"status":0},{"playerId":2233933,"score":350,"energy":8,"posx":2,"posy":6,"lastAction":5,"status":0}],"golds":[{"posx":20,"posy":0,"amount":100},{"posx":0,"posy":1,"amount":150},{"posx":14,"posy":1,"amount":150},{"posx":18,"posy":4,"amount":600},{"posx":17,"posy":5,"amount":300},{"posx":0,"posy":6,"amount":50},{"posx":2,"posy":6,"amount":200},{"posx":16,"posy":6,"amount":150},{"posx":8,"posy":7,"amount":450},{"posx":18,"posy":7,"amount":200},{"posx":1,"posy":8,"amount":650},{"posx":3,"posy":8,"amount":50},{"posx":4,"posy":8,"amount":100},{"posx":6,"posy":8,"amount":100},{"posx":12,"posy":8,"amount":300}],"changedObstacles":[]},{"players":[{"playerId":2410245,"score":425,"energy":15,"posx":2,"posy":6,"lastAction":4,"status":0},{"playerId":2483603,"score":500,"energy":23,"posx":16,"posy":6,"lastAction":5,"status":0},{"playerId":2415753,"score":525,"energy":1,"posx":2,"posy":6,"lastAction":5,"status":0},{"playerId":2233933,"score":400,"energy":3,"posx":2,"posy":6,"lastAction":5,"status":0}],"golds":[{"posx":20,"posy":0,"amount":100},{"posx":0,"posy":1,"amount":150},{"posx":14,"posy":1,"amount":150},{"posx":18,"posy":4,"amount":600},{"posx":17,"posy":5,"amount":300},{"posx":0,"posy":6,"amount":50},{"posx":2,"posy":6,"amount":100},{"posx":16,"posy":6,"amount":100},{"posx":8,"posy":7,"amount":450},{"posx":18,"posy":7,"amount":200},{"posx":1,"posy":8,"amount":650},{"posx":3,"posy":8,"amount":50},{"posx":4,"posy":8,"amount":100},{"posx":6,"posy":8,"amount":100},{"posx":12,"posy":8,"amount":300}],"changedObstacles":[]},{"players":[{"playerId":2410245,"score":475,"energy":10,"posx":2,"posy":6,"lastAction":5,"status":0},{"playerId":2483603,"score":550,"energy":18,"posx":16,"posy":6,"lastAction":5,"status":0},{"playerId":2415753,"score":525,"energy":13,"posx":2,"posy":6,"lastAction":4,"status":0},{"playerId":2233933,"score":400,"energy":15,"posx":2,"posy":6,"lastAction":4,"status":0}],"golds":[{"posx":20,"posy":0,"amount":100},{"posx":0,"posy":1,"amount":150},{"posx":14,"posy":1,"amount":150},{"posx":18,"posy":4,"amount":600},{"posx":17,"posy":5,"amount":300},{"posx":0,"posy":6,"amount":50},{"posx":2,"posy":6,"amount":50},{"posx":16,"posy":6,"amount":50},{"posx":8,"posy":7,"amount":450},{"posx":18,"posy":7,"amount":200},{"posx":1,"posy":8,"amount":650},{"posx":3,"posy":8,"amount":50},{"posx":4,"posy":8,"amount":100},{"posx":6,"posy":8,"amount":100},{"posx":12,"posy":8,"amount":300}],"changedObstacles":[]},{"players":[{"playerId":2410245,"score":492,"energy":5,"posx":2,"posy":6,"lastAction":5,"status":0},{"playerId":2483603,"score":600,"energy":13,"posx":16,"posy":6,"lastAction":5,"status":0},{"playerId":2415753,"score":542,"energy":8,"posx":2,"posy":6,"lastAction":5,"status":0},{"playerId":2233933,"score":417,"energy":10,"posx":2,"posy":6,"lastAction":5,"status":0}],"golds":[{"posx":20,"posy":0,"amount":100},{"posx":0,"posy":1,"amount":150},{"posx":14,"posy":1,"amount":150},{"posx":18,"posy":4,"amount":600},{"posx":17,"posy":5,"amount":300},{"posx":0,"posy":6,"amount":50},{"posx":8,"posy":7,"amount":450},{"posx":18,"posy":7,"amount":200},{"posx":1,"posy":8,"amount":650},{"posx":3,"posy":8,"amount":50},{"posx":4,"posy":8,"amount":100},{"posx":6,"posy":8,"amount":100},{"posx":12,"posy":8,"amount":300}],"changedObstacles":[{"type":0,"posx":16,"posy":6,"value":-1},{"type":0,"posx":2,"posy":6,"value":-1}]},{"players":[{"playerId":2410245,"score":492,"energy":4,"posx":1,"posy":6,"lastAction":0,"status":0},{"playerId":2483603,"score":600,"energy":12,"posx":16,"posy":5,"lastAction":2,"status":0},{"playerId":2415753,"score":542,"energy":7,"posx":1,"posy":6,"lastAction":0,"status":0},{"playerId":2233933,"score":417,"energy":9,"posx":1,"posy":6,"lastAction":0,"status":0}],"golds":[{"posx":20,"posy":0,"amount":100},{"posx":0,"posy":1,"amount":150},{"posx":14,"posy":1,"amount":150},{"posx":18,"posy":4,"amount":600},{"posx":17,"posy":5,"amount":300},{"posx":0,"posy":6,"amount":50},{"posx":8,"posy":7,"amount":450},{"posx":18,"posy":7,"amount":200},{"posx":1,"posy":8,"amount":650},{"posx":3,"posy":8,"amount":50},{"posx":4,"posy":8,"amount":100},{"posx":6,"posy":8,"amount":100},{"posx":12,"posy":8,"amount":300}],"changedObstacles":[]},{"players":[{"playerId":2410245,"score":492,"energy":16,"posx":1,"posy":6,"lastAction":4,"status":0},{"playerId":2483603,"score":600,"energy":8,"posx":17,"posy":5,"lastAction":1,"status":0},{"playerId":2415753,"score":542,"energy":19,"posx":1,"posy":6,"lastAction":4,"status":0},{"playerId":2233933,"score":417,"energy":5,"posx":0,"posy":6,"lastAction":0,"status":0}],"golds":[{"posx":20,"posy":0,"amount":100},{"posx":0,"posy":1,"amount":150},{"posx":14,"posy":1,"amount":150},{"posx":18,"posy":4,"amount":600},{"posx":17,"posy":5,"amount":300},{"posx":0,"posy":6,"amount":50},{"posx":8,"posy":7,"amount":450},{"posx":18,"posy":7,"amount":200},{"posx":1,"posy":8,"amount":650},{"posx":3,"posy":8,"amount":50},{"posx":4,"posy":8,"amount":100},{"posx":6,"posy":8,"amount":100},{"posx":12,"posy":8,"amount":300}],"changedObstacles":[]},{"players":[{"playerId":2410245,"score":492,"energy":12,"posx":0,"posy":6,"lastAction":0,"status":0},{"playerId":2483603,"score":650,"energy":3,"posx":17,"posy":5,"lastAction":5,"status":0},{"playerId":2415753,"score":542,"energy":9,"posx":1,"posy":7,"lastAction":3,"status":0},{"playerId":2233933,"score":417,"energy":17,"posx":0,"posy":6,"lastAction":4,"status":0}],"golds":[{"posx":20,"posy":0,"amount":100},{"posx":0,"posy":1,"amount":150},{"posx":14,"posy":1,"amount":150},{"posx":18,"posy":4,"amount":600},{"posx":17,"posy":5,"amount":250},{"posx":0,"posy":6,"amount":50},{"posx":8,"posy":7,"amount":450},{"posx":18,"posy":7,"amount":200},{"posx":1,"posy":8,"amount":650},{"posx":3,"posy":8,"amount":50},{"posx":4,"posy":8,"amount":100},{"posx":6,"posy":8,"amount":100},{"posx":12,"posy":8,"amount":300}],"changedObstacles":[{"type":0,"posx":1,"posy":7,"value":-1}]},{"players":[{"playerId":2410245,"score":542,"energy":7,"posx":0,"posy":6,"lastAction":5,"status":0},{"playerId":2483603,"score":650,"energy":15,"posx":17,"posy":5,"lastAction":4,"status":0},{"playerId":2415753,"score":542,"energy":5,"posx":1,"posy":8,"lastAction":3,"status":0},{"playerId":2233933,"score":417,"energy":33,"posx":0,"posy":6,"lastAction":4,"status":0}],"golds":[{"posx":20,"posy":0,"amount":100},{"posx":0,"posy":1,"amount":150},{"posx":14,"posy":1,"amount":150},{"posx":18,"posy":4,"amount":600},{"posx":17,"posy":5,"amount":250},{"posx":8,"posy":7,"amount":450},{"posx":18,"posy":7,"amount":200},{"posx":1,"posy":8,"amount":650},{"posx":3,"posy":8,"amount":50},{"posx":4,"posy":8,"amount":100},{"posx":6,"posy":8,"amount":100},{"posx":12,"posy":8,"amount":300}],"changedObstacles":[{"type":0,"posx":0,"posy":6,"value":-1}]},{"players":[{"playerId":2410245,"score":542,"energy":6,"posx":1,"posy":6,"lastAction":1,"status":0},{"playerId":2483603,"score":650,"energy":31,"posx":17,"posy":5,"lastAction":4,"status":0},{"playerId":2415753,"score":542,"energy":17,"posx":1,"posy":8,"lastAction":4,"status":0},{"playerId":2233933,"score":417,"energy":32,"posx":1,"posy":6,"lastAction":1,"status":0}],"golds":[{"posx":20,"posy":0,"amount":100},{"posx":0,"posy":1,"amount":150},{"posx":14,"posy":1,"amount":150},{"posx":18,"posy":4,"amount":600},{"posx":17,"posy":5,"amount":250},{"posx":8,"posy":7,"amount":450},{"posx":18,"posy":7,"amount":200},{"posx":1,"posy":8,"amount":650},{"posx":3,"posy":8,"amount":50},{"posx":4,"posy":8,"amount":100},{"posx":6,"posy":8,"amount":100},{"posx":12,"posy":8,"amount":300}],"changedObstacles":[]},{"players":[{"playerId":2410245,"score":542,"energy":5,"posx":1,"posy":7,"lastAction":3,"status":0},{"playerId":2483603,"score":700,"energy":26,"posx":17,"posy":5,"lastAction":5,"status":0},{"playerId":2415753,"score":592,"energy":12,"posx":1,"posy":8,"lastAction":5,"status":0},{"playerId":2233933,"score":417,"energy":31,"posx":1,"posy":7,"lastAction":3,"status":0}],"golds":[{"posx":20,"posy":0,"amount":100},{"posx":0,"posy":1,"amount":150},{"posx":14,"posy":1,"amount":150},{"posx":18,"posy":4,"amount":600},{"posx":17,"posy":5,"amount":200},{"posx":8,"posy":7,"amount":450},{"posx":18,"posy":7,"amount":200},{"posx":1,"posy":8,"amount":600},{"posx":3,"posy":8,"amount":50},{"posx":4,"posy":8,"amount":100},{"posx":6,"posy":8,"amount":100},{"posx":12,"posy":8,"amount":300}],"changedObstacles":[]},{"players":[{"playerId":2410245,"score":542,"energy":1,"posx":1,"posy":8,"lastAction":3,"status":0},{"playerId":2483603,"score":750,"energy":21,"posx":17,"posy":5,"lastAction":5,"status":0},{"playerId":2415753,"score":642,"energy":7,"posx":1,"posy":8,"lastAction":5,"status":0},{"playerId":2233933,"score":417,"energy":21,"posx":2,"posy":7,"lastAction":1,"status":0}],"golds":[{"posx":20,"posy":0,"amount":100},{"posx":0,"posy":1,"amount":150},{"posx":14,"posy":1,"amount":150},{"posx":18,"posy":4,"amount":600},{"posx":17,"posy":5,"amount":150},{"posx":8,"posy":7,"amount":450},{"posx":18,"posy":7,"amount":200},{"posx":1,"posy":8,"amount":550},{"posx":3,"posy":8,"amount":50},{"posx":4,"posy":8,"amount":100},{"posx":6,"posy":8,"amount":100},{"posx":12,"posy":8,"amount":300}],"changedObstacles":[{"type":0,"posx":2,"posy":7,"value":-1}]},{"players":[{"playerId":2410245,"score":542,"energy":13,"posx":1,"posy":8,"lastAction":4,"status":0},{"playerId":2483603,"score":800,"energy":16,"posx":17,"posy":5,"lastAction":5,"status":0},{"playerId":2415753,"score":692,"energy":2,"posx":1,"posy":8,"lastAction":5,"status":0},{"playerId":2233933,"score":417,"energy":11,"posx":3,"posy":7,"lastAction":1,"status":0}],"golds":[{"posx":20,"posy":0,"amount":100},{"posx":0,"posy":1,"amount":150},{"posx":14,"posy":1,"amount":150},{"posx":18,"posy":4,"amount":600},{"posx":17,"posy":5,"amount":100},{"posx":8,"posy":7,"amount":450},{"posx":18,"posy":7,"amount":200},{"posx":1,"posy":8,"amount":500},{"posx":3,"posy":8,"amount":50},{"posx":4,"posy":8,"amount":100},{"posx":6,"posy":8,"amount":100},{"posx":12,"posy":8,"amount":300}],"changedObstacles":[{"type":0,"posx":3,"posy":7,"value":-1}]},{"players":[{"playerId":2410245,"score":592,"energy":8,"posx":1,"posy":8,"lastAction":5,"status":0},{"playerId":2483603,"score":850,"energy":11,"posx":17,"posy":5,"lastAction":5,"status":0},{"playerId":2415753,"score":692,"energy":14,"posx":1,"posy":8,"lastAction":4,"status":0},{"playerId":2233933,"score":417,"energy":7,"posx":3,"posy":8,"lastAction":3,"status":0}],"golds":[{"posx":20,"posy":0,"amount":100},{"posx":0,"posy":1,"amount":150},{"posx":14,"posy":1,"amount":150},{"posx":18,"posy":4,"amount":600},{"posx":17,"posy":5,"amount":50},{"posx":8,"posy":7,"amount":450},{"posx":18,"posy":7,"amount":200},{"posx":1,"posy":8,"amount":450},{"posx":3,"posy":8,"amount":50},{"posx":4,"posy":8,"amount":100},{"posx":6,"posy":8,"amount":100},{"posx":12,"posy":8,"amount":300}],"changedObstacles":[]},{"players":[{"playerId":2410245,"score":642,"energy":3,"posx":1,"posy":8,"lastAction":5,"status":0},{"playerId":2483603,"score":900,"energy":6,"posx":17,"posy":5,"lastAction":5,"status":0},{"playerId":2415753,"score":742,"energy":9,"posx":1,"posy":8,"lastAction":5,"status":0},{"playerId":2233933,"score":417,"energy":19,"posx":3,"posy":8,"lastAction":4,"status":0}],"golds":[{"posx":20,"posy":0,"amount":100},{"posx":0,"posy":1,"amount":150},{"posx":14,"posy":1,"amount":150},{"posx":18,"posy":4,"amount":600},{"posx":8,"posy":7,"amount":450},{"posx":18,"posy":7,"amount":200},{"posx":1,"posy":8,"amount":350},{"posx":3,"posy":8,"amount":50},{"posx":4,"posy":8,"amount":100},{"posx":6,"posy":8,"amount":100},{"posx":12,"posy":8,"amount":300}],"changedObstacles":[{"type":0,"posx":17,"posy":5,"value":-1}]},{"players":[{"playerId":2410245,"score":642,"energy":15,"posx":1,"posy":8,"lastAction":4,"status":0},{"playerId":2483603,"score":900,"energy":18,"posx":17,"posy":5,"lastAction":4,"status":0},{"playerId":2415753,"score":792,"energy":4,"posx":1,"posy":8,"lastAction":5,"status":0},{"playerId":2233933,"score":417,"energy":35,"posx":3,"posy":8,"lastAction":4,"status":0}],"golds":[{"posx":20,"posy":0,"amount":100},{"posx":0,"posy":1,"amount":150},{"posx":14,"posy":1,"amount":150},{"posx":18,"posy":4,"amount":600},{"posx":8,"posy":7,"amount":450},{"posx":18,"posy":7,"amount":200},{"posx":1,"posy":8,"amount":300},{"posx":3,"posy":8,"amount":50},{"posx":4,"posy":8,"amount":100},{"posx":6,"posy":8,"amount":100},{"posx":12,"posy":8,"amount":300}],"changedObstacles":[]},{"players":[{"playerId":2410245,"score":692,"energy":10,"posx":1,"posy":8,"lastAction":5,"status":0},{"playerId":2483603,"score":900,"energy":34,"posx":17,"posy":5,"lastAction":4,"status":0},{"playerId":2415753,"score":792,"energy":16,"posx":1,"posy":8,"lastAction":4,"status":0},{"playerId":2233933,"score":417,"energy":50,"posx":3,"posy":8,"lastAction":4,"status":0}],"golds":[{"posx":20,"posy":0,"amount":100},{"posx":0,"posy":1,"amount":150},{"posx":14,"posy":1,"amount":150},{"posx":18,"posy":4,"amount":600},{"posx":8,"posy":7,"amount":450},{"posx":18,"posy":7,"amount":200},{"posx":1,"posy":8,"amount":250},{"posx":3,"posy":8,"amount":50},{"posx":4,"posy":8,"amount":100},{"posx":6,"posy":8,"amount":100},{"posx":12,"posy":8,"amount":300}],"changedObstacles":[]},{"players":[{"playerId":2410245,"score":742,"energy":5,"posx":1,"posy":8,"lastAction":5,"status":0},{"playerId":2483603,"score":900,"energy":26,"posx":17,"posy":4,"lastAction":2,"status":0},{"playerId":2415753,"score":842,"energy":11,"posx":1,"posy":8,"lastAction":5,"status":0},{"playerId":2233933,"score":467,"energy":45,"posx":3,"posy":8,"lastAction":5,"status":0}],"golds":[{"posx":20,"posy":0,"amount":100},{"posx":0,"posy":1,"amount":150},{"posx":14,"posy":1,"amount":150},{"posx":18,"posy":4,"amount":600},{"posx":8,"posy":7,"amount":450},{"posx":18,"posy":7,"amount":200},{"posx":1,"posy":8,"amount":150},{"posx":4,"posy":8,"amount":100},{"posx":6,"posy":8,"amount":100},{"posx":12,"posy":8,"amount":300}],"changedObstacles":[{"type":0,"posx":3,"posy":8,"value":-1}]},{"players":[{"playerId":2410245,"score":742,"energy":17,"posx":1,"posy":8,"lastAction":4,"status":0},{"playerId":2483603,"score":900,"energy":22,"posx":18,"posy":4,"lastAction":1,"status":0},{"playerId":2415753,"score":892,"energy":6,"posx":1,"posy":8,"lastAction":5,"status":0},{"playerId":2233933,"score":467,"energy":41,"posx":4,"posy":8,"lastAction":1,"status":0}],"golds":[{"posx":20,"posy":0,"amount":100},{"posx":0,"posy":1,"amount":150},{"posx":14,"posy":1,"amount":150},{"posx":18,"posy":4,"amount":600},{"posx":8,"posy":7,"amount":450},{"posx":18,"posy":7,"amount":200},{"posx":1,"posy":8,"amount":100},{"posx":4,"posy":8,"amount":100},{"posx":6,"posy":8,"amount":100},{"posx":12,"posy":8,"amount":300}],"changedObstacles":[]},{"players":[{"playerId":2410245,"score":792,"energy":12,"posx":1,"posy":8,"lastAction":5,"status":0},{"playerId":2483603,"score":950,"energy":17,"posx":18,"posy":4,"lastAction":5,"status":0},{"playerId":2415753,"score":942,"energy":1,"posx":1,"posy":8,"lastAction":5,"status":0},{"playerId":2233933,"score":517,"energy":36,"posx":4,"posy":8,"lastAction":5,"status":0}],"golds":[{"posx":20,"posy":0,"amount":100},{"posx":0,"posy":1,"amount":150},{"posx":14,"posy":1,"amount":150},{"posx":18,"posy":4,"amount":550},{"posx":8,"posy":7,"amount":450},{"posx":18,"posy":7,"amount":200},{"posx":4,"posy":8,"amount":50},{"posx":6,"posy":8,"amount":100},{"posx":12,"posy":8,"amount":300}],"changedObstacles":[{"type":0,"posx":1,"posy":8,"value":-1}]},{"players":[{"playerId":2410245,"score":792,"energy":11,"posx":2,"posy":8,"lastAction":1,"status":0},{"playerId":2483603,"score":1000,"energy":12,"posx":18,"posy":4,"lastAction":5,"status":0},{"playerId":2415753,"score":942,"energy":13,"posx":1,"posy":8,"lastAction":4,"status":0},{"playerId":2233933,"score":567,"energy":31,"posx":4,"posy":8,"lastAction":5,"status":0}],"golds":[{"posx":20,"posy":0,"amount":100},{"posx":0,"posy":1,"amount":150},{"posx":14,"posy":1,"amount":150},{"posx":18,"posy":4,"amount":500},{"posx":8,"posy":7,"amount":450},{"posx":18,"posy":7,"amount":200},{"posx":6,"posy":8,"amount":100},{"posx":12,"posy":8,"amount":300}],"changedObstacles":[{"type":0,"posx":4,"posy":8,"value":-1}]},{"players":[{"playerId":2410245,"score":792,"energy":10,"posx":3,"posy":8,"lastAction":1,"status":0},{"playerId":2483603,"score":1050,"energy":7,"posx":18,"posy":4,"lastAction":5,"status":0},{"playerId":2415753,"score":942,"energy":12,"posx":2,"posy":8,"lastAction":1,"status":0},{"playerId":2233933,"score":567,"energy":30,"posx":5,"posy":8,"lastAction":1,"status":0}],"golds":[{"posx":20,"posy":0,"amount":100},{"posx":0,"posy":1,"amount":150},{"posx":14,"posy":1,"amount":150},{"posx":18,"posy":4,"amount":450},{"posx":8,"posy":7,"amount":450},{"posx":18,"posy":7,"amount":200},{"posx":6,"posy":8,"amount":100},{"posx":12,"posy":8,"amount":300}],"changedObstacles":[]},{"players":[{"playerId":2410245,"score":792,"energy":9,"posx":4,"posy":8,"lastAction":1,"status":0},{"playerId":2483603,"score":1100,"energy":2,"posx":18,"posy":4,"lastAction":5,"status":0},{"playerId":2415753,"score":942,"energy":11,"posx":3,"posy":8,"lastAction":1,"status":0},{"playerId":2233933,"score":567,"energy":26,"posx":6,"posy":8,"lastAction":1,"status":0}],"golds":[{"posx":20,"posy":0,"amount":100},{"posx":0,"posy":1,"amount":150},{"posx":14,"posy":1,"amount":150},{"posx":18,"posy":4,"amount":400},{"posx":8,"posy":7,"amount":450},{"posx":18,"posy":7,"amount":200},{"posx":6,"posy":8,"amount":100},{"posx":12,"posy":8,"amount":300}],"changedObstacles":[]},{"players":[{"playerId":2410245,"score":792,"energy":8,"posx":5,"posy":8,"lastAction":1,"status":0},{"playerId":2483603,"score":1100,"energy":14,"posx":18,"posy":4,"lastAction":4,"status":0},{"playerId":2415753,"score":942,"energy":10,"posx":4,"posy":8,"lastAction":1,"status":0},{"playerId":2233933,"score":617,"energy":21,"posx":6,"posy":8,"lastAction":5,"status":0}],"golds":[{"posx":20,"posy":0,"amount":100},{"posx":0,"posy":1,"amount":150},{"posx":14,"posy":1,"amount":150},{"posx":18,"posy":4,"amount":400},{"posx":8,"posy":7,"amount":450},{"posx":18,"posy":7,"amount":200},{"posx":6,"posy":8,"amount":50},{"posx":12,"posy":8,"amount":300}],"changedObstacles":[]},{"players":[{"playerId":2410245,"score":792,"energy":4,"posx":6,"posy":8,"lastAction":1,"status":0},{"playerId":2483603,"score":1100,"energy":30,"posx":18,"posy":4,"lastAction":4,"status":0},{"playerId":2415753,"score":942,"energy":9,"posx":5,"posy":8,"lastAction":1,"status":0},{"playerId":2233933,"score":667,"energy":16,"posx":6,"posy":8,"lastAction":5,"status":0}],"golds":[{"posx":20,"posy":0,"amount":100},{"posx":0,"posy":1,"amount":150},{"posx":14,"posy":1,"amount":150},{"posx":18,"posy":4,"amount":400},{"posx":8,"posy":7,"amount":450},{"posx":18,"posy":7,"amount":200},{"posx":12,"posy":8,"amount":300}],"changedObstacles":[{"type":0,"posx":6,"posy":8,"value":-1}]},{"players":[{"playerId":2410245,"score":792,"energy":16,"posx":6,"posy":8,"lastAction":4,"status":0},{"playerId":2483603,"score":1150,"energy":25,"posx":18,"posy":4,"lastAction":5,"status":0},{"playerId":2415753,"score":942,"energy":8,"posx":6,"posy":8,"lastAction":1,"status":0},{"playerId":2233933,"score":667,"energy":15,"posx":7,"posy":8,"lastAction":1,"status":0}],"golds":[{"posx":20,"posy":0,"amount":100},{"posx":0,"posy":1,"amount":150},{"posx":14,"posy":1,"amount":150},{"posx":18,"posy":4,"amount":350},{"posx":8,"posy":7,"amount":450},{"posx":18,"posy":7,"amount":200},{"posx":12,"posy":8,"amount":300}],"changedObstacles":[]},{"players":[{"playerId":2410245,"score":792,"energy":15,"posx":7,"posy":8,"lastAction":1,"status":0},{"playerId":2483603,"score":1200,"energy":20,"posx":18,"posy":4,"lastAction":5,"status":0},{"playerId":2415753,"score":942,"energy":7,"posx":7,"posy":8,"lastAction":1,"status":0},{"playerId":2233933,"score":667,"energy":14,"posx":7,"posy":7,"lastAction":2,"status":0}],"golds":[{"posx":20,"posy":0,"amount":100},{"posx":0,"posy":1,"amount":150},{"posx":14,"posy":1,"amount":150},{"posx":18,"posy":4,"amount":300},{"posx":8,"posy":7,"amount":450},{"posx":18,"posy":7,"amount":200},{"posx":12,"posy":8,"amount":300}],"changedObstacles":[]},{"players":[{"playerId":2410245,"score":792,"energy":14,"posx":7,"posy":7,"lastAction":2,"status":0},{"playerId":2483603,"score":1250,"energy":15,"posx":18,"posy":4,"lastAction":5,"status":0},{"playerId":2415753,"score":942,"energy":6,"posx":7,"posy":7,"lastAction":2,"status":0},{"playerId":2233933,"score":667,"energy":10,"posx":8,"posy":7,"lastAction":1,"status":0}],"golds":[{"posx":20,"posy":0,"amount":100},{"posx":0,"posy":1,"amount":150},{"posx":14,"posy":1,"amount":150},{"posx":18,"posy":4,"amount":250},{"posx":8,"posy":7,"amount":450},{"posx":18,"posy":7,"amount":200},{"posx":12,"posy":8,"amount":300}],"changedObstacles":[]},{"players":[{"playerId":2410245,"score":792,"energy":10,"posx":8,"posy":7,"lastAction":1,"status":0},{"playerId":2483603,"score":1300,"energy":10,"posx":18,"posy":4,"lastAction":5,"status":0},{"playerId":2415753,"score":942,"energy":2,"posx":8,"posy":7,"lastAction":1,"status":0},{"playerId":2233933,"score":717,"energy":5,"posx":8,"posy":7,"lastAction":5,"status":0}],"golds":[{"posx":20,"posy":0,"amount":100},{"posx":0,"posy":1,"amount":150},{"posx":14,"posy":1,"amount":150},{"posx":18,"posy":4,"amount":200},{"posx":8,"posy":7,"amount":400},{"posx":18,"posy":7,"amount":200},{"posx":12,"posy":8,"amount":300}],"changedObstacles":[]},{"players":[{"playerId":2410245,"score":842,"energy":5,"posx":8,"posy":7,"lastAction":5,"status":0},{"playerId":2483603,"score":1350,"energy":5,"posx":18,"posy":4,"lastAction":5,"status":0},{"playerId":2415753,"score":942,"energy":14,"posx":8,"posy":7,"lastAction":4,"status":0},{"playerId":2233933,"score":717,"energy":17,"posx":8,"posy":7,"lastAction":4,"status":0}],"golds":[{"posx":20,"posy":0,"amount":100},{"posx":0,"posy":1,"amount":150},{"posx":14,"posy":1,"amount":150},{"posx":18,"posy":4,"amount":150},{"posx":8,"posy":7,"amount":350},{"posx":18,"posy":7,"amount":200},{"posx":12,"posy":8,"amount":300}],"changedObstacles":[]},{"players":[{"playerId":2410245,"score":842,"energy":17,"posx":8,"posy":7,"lastAction":4,"status":0},{"playerId":2483603,"score":1350,"energy":17,"posx":18,"posy":4,"lastAction":4,"status":0},{"playerId":2415753,"score":992,"energy":9,"posx":8,"posy":7,"lastAction":5,"status":0},{"playerId":2233933,"score":767,"energy":12,"posx":8,"posy":7,"lastAction":5,"status":0}],"golds":[{"posx":20,"posy":0,"amount":100},{"posx":0,"posy":1,"amount":150},{"posx":14,"posy":1,"amount":150},{"posx":18,"posy":4,"amount":150},{"posx":8,"posy":7,"amount":250},{"posx":18,"posy":7,"amount":200},{"posx":12,"posy":8,"amount":300}],"changedObstacles":[]},{"players":[{"playerId":2410245,"score":892,"energy":12,"posx":8,"posy":7,"lastAction":5,"status":0},{"playerId":2483603,"score":1350,"energy":33,"posx":18,"posy":4,"lastAction":4,"status":0},{"playerId":2415753,"score":1042,"energy":4,"posx":8,"posy":7,"lastAction":5,"status":0},{"playerId":2233933,"score":817,"energy":7,"posx":8,"posy":7,"lastAction":5,"status":0}],"golds":[{"posx":20,"posy":0,"amount":100},{"posx":0,"posy":1,"amount":150},{"posx":14,"posy":1,"amount":150},{"posx":18,"posy":4,"amount":150},{"posx":8,"posy":7,"amount":100},{"posx":18,"posy":7,"amount":200},{"posx":12,"posy":8,"amount":300}],"changedObstacles":[]},{"players":[{"playerId":2410245,"score":942,"energy":7,"posx":8,"posy":7,"lastAction":5,"status":0},{"playerId":2483603,"score":1400,"energy":28,"posx":18,"posy":4,"lastAction":5,"status":0},{"playerId":2415753,"score":1042,"energy":16,"posx":8,"posy":7,"lastAction":4,"status":0},{"playerId":2233933,"score":867,"energy":2,"posx":8,"posy":7,"lastAction":5,"status":0}],"golds":[{"posx":20,"posy":0,"amount":100},{"posx":0,"posy":1,"amount":150},{"posx":14,"posy":1,"amount":150},{"posx":18,"posy":4,"amount":100},{"posx":18,"posy":7,"amount":200},{"posx":12,"posy":8,"amount":300}],"changedObstacles":[{"type":0,"posx":8,"posy":7,"value":-1}]},{"players":[{"playerId":2410245,"score":942,"energy":6,"posx":8,"posy":6,"lastAction":2,"status":0},{"playerId":2483603,"score":1450,"energy":23,"posx":18,"posy":4,"lastAction":5,"status":0},{"playerId":2415753,"score":1042,"energy":32,"posx":8,"posy":7,"lastAction":4,"status":0},{"playerId":2233933,"score":867,"energy":1,"posx":8,"posy":6,"lastAction":2,"status":0}],"golds":[{"posx":20,"posy":0,"amount":100},{"posx":0,"posy":1,"amount":150},{"posx":14,"posy":1,"amount":150},{"posx":18,"posy":4,"amount":50},{"posx":18,"posy":7,"amount":200},{"posx":12,"posy":8,"amount":300}],"changedObstacles":[]},{"players":[{"playerId":2410245,"score":942,"energy":5,"posx":9,"posy":6,"lastAction":1,"status":0},{"playerId":2483603,"score":1500,"energy":18,"posx":18,"posy":4,"lastAction":5,"status":0},{"playerId":2415753,"score":1042,"energy":15,"posx":9,"posy":7,"lastAction":1,"status":0},{"playerId":2233933,"score":867,"energy":13,"posx":8,"posy":6,"lastAction":4,"status":0}],"golds":[{"posx":20,"posy":0,"amount":100},{"posx":0,"posy":1,"amount":150},{"posx":14,"posy":1,"amount":150},{"posx":18,"posy":7,"amount":200},{"posx":12,"posy":8,"amount":300}],"changedObstacles":[{"type":0,"posx":18,"posy":4,"value":-1}]},{"players":[{"playerId":2410245,"score":942,"energy":4,"posx":10,"posy":6,"lastAction":1,"status":0},{"playerId":2483603,"score":1500,"energy":30,"posx":18,"posy":4,"lastAction":4,"status":0},{"playerId":2415753,"score":1042,"energy":14,"posx":10,"posy":7,"lastAction":1,"status":0},{"playerId":2233933,"score":867,"energy":29,"posx":8,"posy":6,"lastAction":4,"status":0}],"golds":[{"posx":20,"posy":0,"amount":100},{"posx":0,"posy":1,"amount":150},{"posx":14,"posy":1,"amount":150},{"posx":18,"posy":7,"amount":200},{"posx":12,"posy":8,"amount":300}],"changedObstacles":[]},{"players":[{"playerId":2410245,"score":942,"energy":16,"posx":10,"posy":6,"lastAction":4,"status":0},{"playerId":2483603,"score":1500,"energy":11,"posx":18,"posy":5,"lastAction":3,"status":0},{"playerId":2415753,"score":1042,"energy":13,"posx":11,"posy":7,"lastAction":1,"status":0},{"playerId":2233933,"score":867,"energy":50,"posx":8,"posy":6,"lastAction":4,"status":0}],"golds":[{"posx":20,"posy":0,"amount":100},{"posx":0,"posy":1,"amount":150},{"posx":14,"posy":1,"amount":150},{"posx":18,"posy":7,"amount":200},{"posx":12,"posy":8,"amount":300}],"changedObstacles":[]},{"players":[{"playerId":2410245,"score":942,"energy":15,"posx":10,"posy":7,"lastAction":3,"status":0},{"playerId":2483603,"score":1500,"energy":10,"posx":18,"posy":6,"lastAction":3,"status":0},{"playerId":2415753,"score":1042,"energy":12,"posx":12,"posy":7,"lastAction":1,"status":0},{"playerId":2233933,"score":867,"energy":49,"posx":8,"posy":5,"lastAction":2,"status":0}],"golds":[{"posx":20,"posy":0,"amount":100},{"posx":0,"posy":1,"amount":150},{"posx":14,"posy":1,"amount":150},{"posx":18,"posy":7,"amount":200},{"posx":12,"posy":8,"amount":300}],"changedObstacles":[]},{"players":[{"playerId":2410245,"score":942,"energy":14,"posx":11,"posy":7,"lastAction":1,"status":0},{"playerId":2483603,"score":1500,"energy":6,"posx":18,"posy":7,"lastAction":3,"status":0},{"playerId":2415753,"score":1042,"energy":8,"posx":12,"posy":8,"lastAction":3,"status":0},{"playerId":2233933,"score":867,"energy":39,"posx":7,"posy":5,"lastAction":0,"status":0}],"golds":[{"posx":20,"posy":0,"amount":100},{"posx":0,"posy":1,"amount":150},{"posx":14,"posy":1,"amount":150},{"posx":18,"posy":7,"amount":200},{"posx":12,"posy":8,"amount":300}],"changedObstacles":[{"type":0,"posx":7,"posy":5,"value":-1}]},{"players":[{"playerId":2410245,"score":942,"energy":13,"posx":12,"posy":7,"lastAction":1,"status":0},{"playerId":2483603,"score":1550,"energy":1,"posx":18,"posy":7,"lastAction":5,"status":0},{"playerId":2415753,"score":1092,"energy":3,"posx":12,"posy":8,"lastAction":5,"status":0},{"playerId":2233933,"score":867,"energy":38,"posx":6,"posy":5,"lastAction":0,"status":0}],"golds":[{"posx":20,"posy":0,"amount":100},{"posx":0,"posy":1,"amount":150},{"posx":14,"posy":1,"amount":150},{"posx":18,"posy":7,"amount":150},{"posx":12,"posy":8,"amount":250}],"changedObstacles":[]},{"players":[{"playerId":2410245,"score":942,"energy":9,"posx":12,"posy":8,"lastAction":3,"status":0},{"playerId":2483603,"score":1550,"energy":13,"posx":18,"posy":7,"lastAction":4,"status":0},{"playerId":2415753,"score":1092,"energy":15,"posx":12,"posy":8,"lastAction":4,"status":0},{"playerId":2233933,"score":867,"energy":37,"posx":6,"posy":4,"lastAction":2,"status":0}],"golds":[{"posx":20,"posy":0,"amount":100},{"posx":0,"posy":1,"amount":150},{"posx":14,"posy":1,"amount":150},{"posx":18,"posy":7,"amount":150},{"posx":12,"posy":8,"amount":250}],"changedObstacles":[]},{"players":[{"playerId":2410245,"score":992,"energy":4,"posx":12,"posy":8,"lastAction":5,"status":0},{"playerId":2483603,"score":1550,"energy":29,"posx":18,"posy":7,"lastAction":4,"status":0},{"playerId":2415753,"score":1142,"energy":10,"posx":12,"posy":8,"lastAction":5,"status":0},{"playerId":2233933,"score":867,"energy":36,"posx":6,"posy":3,"lastAction":2,"status":0}],"golds":[{"posx":20,"posy":0,"amount":100},{"posx":0,"posy":1,"amount":150},{"posx":14,"posy":1,"amount":150},{"posx":18,"posy":7,"amount":150},{"posx":12,"posy":8,"amount":150}],"changedObstacles":[]},{"players":[{"playerId":2410245,"score":992,"energy":16,"posx":12,"posy":8,"lastAction":4,"status":0},{"playerId":2483603,"score":1600,"energy":24,"posx":18,"posy":7,"lastAction":5,"status":0},{"playerId":2415753,"score":1192,"energy":5,"posx":12,"posy":8,"lastAction":5,"status":0},{"playerId":2233933,"score":867,"energy":35,"posx":5,"posy":3,"lastAction":0,"status":0}],"golds":[{"posx":20,"posy":0,"amount":100},{"posx":0,"posy":1,"amount":150},{"posx":14,"posy":1,"amount":150},{"posx":18,"posy":7,"amount":100},{"posx":12,"posy":8,"amount":100}],"changedObstacles":[]},{"players":[{"playerId":2410245,"score":1042,"energy":11,"posx":12,"posy":8,"lastAction":5,"status":0},{"playerId":2483603,"score":1650,"energy":19,"posx":18,"posy":7,"lastAction":5,"status":0},{"playerId":2415753,"score":1192,"energy":17,"posx":12,"posy":8,"lastAction":4,"status":0},{"playerId":2233933,"score":867,"energy":34,"posx":4,"posy":3,"lastAction":0,"status":0}],"golds":[{"posx":20,"posy":0,"amount":100},{"posx":0,"posy":1,"amount":150},{"posx":14,"posy":1,"amount":150},{"posx":18,"posy":7,"amount":50},{"posx":12,"posy":8,"amount":50}],"changedObstacles":[]},{"players":[{"playerId":2410245,"score":1067,"energy":6,"posx":12,"posy":8,"lastAction":5,"status":0},{"playerId":2483603,"score":1700,"energy":14,"posx":18,"posy":7,"lastAction":5,"status":0},{"playerId":2415753,"score":1217,"energy":12,"posx":12,"posy":8,"lastAction":5,"status":0},{"playerId":2233933,"score":867,"energy":33,"posx":3,"posy":3,"lastAction":0,"status":0}],"golds":[{"posx":20,"posy":0,"amount":100},{"posx":0,"posy":1,"amount":150},{"posx":14,"posy":1,"amount":150}],"changedObstacles":[{"type":0,"posx":18,"posy":7,"value":-1},{"type":0,"posx":12,"posy":8,"value":-1}]},{"players":[{"playerId":2410245,"score":1067,"energy":5,"posx":12,"posy":7,"lastAction":2,"status":0},{"playerId":2483603,"score":1700,"energy":13,"posx":17,"posy":7,"lastAction":0,"status":0},{"playerId":2415753,"score":1217,"energy":11,"posx":12,"posy":7,"lastAction":2,"status":0},{"playerId":2233933,"score":867,"energy":32,"posx":2,"posy":3,"lastAction":0,"status":0}],"golds":[{"posx":20,"posy":0,"amount":100},{"posx":0,"posy":1,"amount":150},{"posx":14,"posy":1,"amount":150}],"changedObstacles":[]},{"players":[{"playerId":2410245,"score":1067,"energy":17,"posx":12,"posy":7,"lastAction":4,"status":0},{"playerId":2483603,"score":1700,"energy":12,"posx":16,"posy":7,"lastAction":0,"status":0},{"playerId":2415753,"score":1217,"energy":10,"posx":11,"posy":7,"lastAction":0,"status":0},{"playerId":2233933,"score":867,"energy":31,"posx":2,"posy":2,"lastAction":2,"status":0}],"golds":[{"posx":20,"posy":0,"amount":100},{"posx":0,"posy":1,"amount":150},{"posx":14,"posy":1,"amount":150}],"changedObstacles":[]},{"players":[{"playerId":2410245,"score":1067,"energy":12,"posx":12,"posy":6,"lastAction":2,"status":0},{"playerId":2483603,"score":1700,"energy":11,"posx":16,"posy":6,"lastAction":2,"status":0},{"playerId":2415753,"score":1217,"energy":9,"posx":10,"posy":7,"lastAction":0,"status":0},{"playerId":2233933,"score":867,"energy":30,"posx":2,"posy":1,"lastAction":2,"status":0}],"golds":[{"posx":20,"posy":0,"amount":100},{"posx":0,"posy":1,"amount":150},{"posx":14,"posy":1,"amount":150}],"changedObstacles":[{"type":3,"posx":12,"posy":6,"value":-20}]},{"players":[{"playerId":2410245,"score":1067,"energy":11,"posx":13,"posy":6,"lastAction":1,"status":0},{"playerId":2483603,"score":1700,"energy":10,"posx":16,"posy":5,"lastAction":2,"status":0},{"playerId":2415753,"score":1217,"energy":8,"posx":10,"posy":6,"lastAction":2,"status":0},{"playerId":2233933,"score":867,"energy":25,"posx":1,"posy":1,"lastAction":0,"status":0}],"golds":[{"posx":20,"posy":0,"amount":100},{"posx":0,"posy":1,"amount":150},{"posx":14,"posy":1,"amount":150}],"changedObstacles":[{"type":3,"posx":1,"posy":1,"value":-20}]},{"players":[{"playerId":2410245,"score":1067,"energy":10,"posx":13,"posy":5,"lastAction":2,"status":0},{"playerId":2483603,"score":1700,"energy":9,"posx":15,"posy":5,"lastAction":0,"status":0},{"playerId":2415753,"score":1217,"energy":20,"posx":10,"posy":6,"lastAction":4,"status":0},{"playerId":2233933,"score":867,"energy":21,"posx":0,"posy":1,"lastAction":0,"status":0}],"golds":[{"posx":20,"posy":0,"amount":100},{"posx":0,"posy":1,"amount":150},{"posx":14,"posy":1,"amount":150}],"changedObstacles":[]},{"players":[{"playerId":2410245,"score":1067,"energy":9,"posx":13,"posy":4,"lastAction":2,"status":0},{"playerId":2483603,"score":1700,"energy":8,"posx":15,"posy":4,"lastAction":2,"status":0},{"playerId":2415753,"score":1217,"energy":10,"posx":10,"posy":5,"lastAction":2,"status":0},{"playerId":2233933,"score":917,"energy":16,"posx":0,"posy":1,"lastAction":5,"status":0}],"golds":[{"posx":20,"posy":0,"amount":100},{"posx":0,"posy":1,"amount":100},{"posx":14,"posy":1,"amount":150}],"changedObstacles":[{"type":0,"posx":10,"posy":5,"value":-1}]},{"players":[{"playerId":2410245,"score":1067,"energy":4,"posx":13,"posy":3,"lastAction":2,"status":0},{"playerId":2483603,"score":1700,"energy":20,"posx":15,"posy":4,"lastAction":4,"status":0},{"playerId":2415753,"score":1217,"energy":9,"posx":10,"posy":4,"lastAction":2,"status":0},{"playerId":2233933,"score":967,"energy":11,"posx":0,"posy":1,"lastAction":5,"status":0}],"golds":[{"posx":20,"posy":0,"amount":100},{"posx":0,"posy":1,"amount":50},{"posx":14,"posy":1,"amount":150}],"changedObstacles":[{"type":3,"posx":13,"posy":3,"value":-20}]},{"players":[{"playerId":2410245,"score":1067,"energy":16,"posx":13,"posy":3,"lastAction":4,"status":0},{"playerId":2483603,"score":1700,"energy":36,"posx":15,"posy":4,"lastAction":4,"status":0},{"playerId":2415753,"score":1217,"energy":8,"posx":11,"posy":4,"lastAction":1,"status":0},{"playerId":2233933,"score":1017,"energy":6,"posx":0,"posy":1,"lastAction":5,"status":0}],"golds":[{"posx":20,"posy":0,"amount":100},{"posx":14,"posy":1,"amount":150}],"changedObstacles":[{"type":0,"posx":0,"posy":1,"value":-1}]},{"players":[{"playerId":2410245,"score":1067,"energy":15,"posx":14,"posy":3,"lastAction":1,"status":0},{"playerId":2483603,"score":1700,"energy":17,"posx":15,"posy":3,"lastAction":2,"status":0},{"playerId":2415753,"score":1217,"energy":7,"posx":12,"posy":4,"lastAction":1,"status":0},{"playerId":2233933,"score":1017,"energy":18,"posx":0,"posy":1,"lastAction":4,"status":0}],"golds":[{"posx":20,"posy":0,"amount":100},{"posx":14,"posy":1,"amount":150}],"changedObstacles":[]},{"players":[{"playerId":2410245,"score":1067,"energy":5,"posx":14,"posy":2,"lastAction":2,"status":0},{"playerId":2483603,"score":1700,"energy":16,"posx":15,"posy":2,"lastAction":2,"status":0},{"playerId":2415753,"score":1217,"energy":6,"posx":12,"posy":3,"lastAction":2,"status":0},{"playerId":2233933,"score":1017,"energy":34,"posx":0,"posy":1,"lastAction":4,"status":0}],"golds":[{"posx":20,"posy":0,"amount":100},{"posx":14,"posy":1,"amount":150}],"changedObstacles":[{"type":0,"posx":14,"posy":2,"value":-1}]},{"players":[{"playerId":2410245,"score":1067,"energy":1,"posx":14,"posy":1,"lastAction":2,"status":0},{"playerId":2483603,"score":1700,"energy":15,"posx":14,"posy":2,"lastAction":0,"status":0},{"playerId":2415753,"score":1217,"energy":5,"posx":12,"posy":2,"lastAction":2,"status":0},{"playerId":2233933,"score":1017,"energy":14,"posx":1,"posy":1,"lastAction":1,"status":0}],"golds":[{"posx":20,"posy":0,"amount":100},{"posx":14,"posy":1,"amount":150}],"changedObstacles":[{"type":3,"posx":1,"posy":1,"value":-40}]},{"players":[{"playerId":2410245,"score":1067,"energy":13,"posx":14,"posy":1,"lastAction":4,"status":0},{"playerId":2483603,"score":1700,"energy":11,"posx":14,"posy":1,"lastAction":2,"status":0},{"playerId":2415753,"score":1217,"energy":4,"posx":12,"posy":1,"lastAction":2,"status":0},{"playerId":2233933,"score":1017,"energy":13,"posx":2,"posy":1,"lastAction":1,"status":0}],"golds":[{"posx":20,"posy":0,"amount":100},{"posx":14,"posy":1,"amount":150}],"changedObstacles":[]},{"players":[{"playerId":2410245,"score":1117,"energy":8,"posx":14,"posy":1,"lastAction":5,"status":0},{"playerId":2483603,"score":1750,"energy":6,"posx":14,"posy":1,"lastAction":5,"status":0},{"playerId":2415753,"score":1217,"energy":16,"posx":12,"posy":1,"lastAction":4,"status":0},{"playerId":2233933,"score":1017,"energy":3,"posx":3,"posy":1,"lastAction":1,"status":0}],"golds":[{"posx":20,"posy":0,"amount":100},{"posx":14,"posy":1,"amount":50}],"changedObstacles":[{"type":0,"posx":3,"posy":1,"value":-1}]},{"players":[{"playerId":2410245,"score":1142,"energy":3,"posx":14,"posy":1,"lastAction":5,"status":0},{"playerId":2483603,"score":1775,"energy":1,"posx":14,"posy":1,"lastAction":5,"status":0},{"playerId":2415753,"score":1217,"energy":6,"posx":13,"posy":1,"lastAction":1,"status":0},{"playerId":2233933,"score":1017,"energy":2,"posx":4,"posy":1,"lastAction":1,"status":0}],"golds":[{"posx":20,"posy":0,"amount":100}],"changedObstacles":[{"type":0,"posx":13,"posy":1,"value":-1},{"type":0,"posx":14,"posy":1,"value":-1}]},{"players":[{"playerId":2410245,"score":1142,"energy":15,"posx":14,"posy":1,"lastAction":4,"status":0},{"playerId":2483603,"score":1775,"energy":13,"posx":14,"posy":1,"lastAction":4,"status":0},{"playerId":2415753,"score":1217,"energy":5,"posx":14,"posy":1,"lastAction":1,"status":0},{"playerId":2233933,"score":1017,"energy":1,"posx":5,"posy":1,"lastAction":1,"status":0}],"golds":[{"posx":20,"posy":0,"amount":100}],"changedObstacles":[]},{"players":[{"playerId":2410245,"score":1142,"energy":14,"posx":15,"posy":1,"lastAction":1,"status":0},{"playerId":2483603,"score":1775,"energy":29,"posx":14,"posy":1,"lastAction":4,"status":0},{"playerId":2415753,"score":1217,"energy":4,"posx":15,"posy":1,"lastAction":1,"status":0},{"playerId":2233933,"score":1017,"energy":13,"posx":5,"posy":1,"lastAction":4,"status":0}],"golds":[{"posx":20,"posy":0,"amount":100}],"changedObstacles":[]},{"players":[{"playerId":2410245,"score":1142,"energy":13,"posx":16,"posy":1,"lastAction":1,"status":0},{"playerId":2483603,"score":1775,"energy":50,"posx":14,"posy":1,"lastAction":4,"status":0},{"playerId":2415753,"score":1217,"energy":3,"posx":15,"posy":0,"lastAction":2,"status":0},{"playerId":2233933,"score":1017,"energy":29,"posx":5,"posy":1,"lastAction":4,"status":0}],"golds":[{"posx":20,"posy":0,"amount":100}],"changedObstacles":[]},{"players":[{"playerId":2410245,"score":1142,"energy":12,"posx":16,"posy":0,"lastAction":2,"status":0},{"playerId":2483603,"score":1775,"energy":50,"posx":14,"posy":1,"lastAction":4,"status":0},{"playerId":2415753,"score":1217,"energy":2,"posx":16,"posy":0,"lastAction":1,"status":0},{"playerId":2233933,"score":1017,"energy":50,"posx":5,"posy":1,"lastAction":4,"status":0}],"golds":[{"posx":20,"posy":0,"amount":100}],"changedObstacles":[]},{"players":[{"playerId":2410245,"score":1142,"energy":11,"posx":17,"posy":0,"lastAction":1,"status":0},{"playerId":2483603,"score":1775,"energy":50,"posx":14,"posy":1,"lastAction":4,"status":0},{"playerId":2415753,"score":1217,"energy":1,"posx":17,"posy":0,"lastAction":1,"status":0},{"playerId":2233933,"score":1017,"energy":50,"posx":5,"posy":1,"lastAction":4,"status":0}],"golds":[{"posx":20,"posy":0,"amount":100}],"changedObstacles":[]},{"players":[{"playerId":2410245,"score":1142,"energy":10,"posx":18,"posy":0,"lastAction":1,"status":0},{"playerId":2483603,"score":1775,"energy":50,"posx":14,"posy":1,"lastAction":4,"status":0},{"playerId":2415753,"score":1217,"energy":13,"posx":17,"posy":0,"lastAction":4,"status":0},{"playerId":2233933,"score":1017,"energy":50,"posx":5,"posy":1,"lastAction":4,"status":0}],"golds":[{"posx":20,"posy":0,"amount":100}],"changedObstacles":[]},{"players":[{"playerId":2410245,"score":1142,"energy":22,"posx":18,"posy":0,"lastAction":4,"status":0},{"playerId":2483603,"score":1775,"energy":50,"posx":14,"posy":1,"lastAction":4,"status":0},{"playerId":2415753,"score":1217,"energy":12,"posx":18,"posy":0,"lastAction":1,"status":0},{"playerId":2233933,"score":1017,"energy":50,"posx":5,"posy":1,"lastAction":4,"status":0}],"golds":[{"posx":20,"posy":0,"amount":100}],"changedObstacles":[]},{"players":[{"playerId":2410245,"score":1142,"energy":5,"posx":19,"posy":0,"lastAction":1,"status":0},{"playerId":2483603,"score":1775,"energy":50,"posx":14,"posy":1,"lastAction":4,"status":0},{"playerId":2415753,"score":1217,"energy":24,"posx":18,"posy":0,"lastAction":4,"status":0},{"playerId":2233933,"score":1017,"energy":50,"posx":5,"posy":1,"lastAction":4,"status":0}],"golds":[{"posx":20,"posy":0,"amount":100}],"changedObstacles":[]},{"players":[{"playerId":2410245,"score":1142,"energy":1,"posx":20,"posy":0,"lastAction":1,"status":0},{"playerId":2483603,"score":1775,"energy":50,"posx":14,"posy":1,"lastAction":4,"status":0},{"playerId":2415753,"score":1217,"energy":19,"posx":19,"posy":0,"lastAction":1,"status":0},{"playerId":2233933,"score":1017,"energy":50,"posx":5,"posy":1,"lastAction":4,"status":0}],"golds":[{"posx":20,"posy":0,"amount":100}],"changedObstacles":[]},{"players":[{"playerId":2410245,"score":1142,"energy":13,"posx":20,"posy":0,"lastAction":4,"status":0},{"playerId":2483603,"score":1775,"energy":50,"posx":14,"posy":1,"lastAction":4,"status":0},{"playerId":2415753,"score":1217,"energy":15,"posx":20,"posy":0,"lastAction":1,"status":0},{"playerId":2233933,"score":1017,"energy":50,"posx":5,"posy":1,"lastAction":4,"status":0}],"golds":[{"posx":20,"posy":0,"amount":100}],"changedObstacles":[]},{"players":[{"playerId":2410245,"score":1192,"energy":8,"posx":20,"posy":0,"lastAction":5,"status":0},{"playerId":2483603,"score":1775,"energy":50,"posx":14,"posy":1,"lastAction":4,"status":0},{"playerId":2415753,"score":1267,"energy":10,"posx":20,"posy":0,"lastAction":5,"status":0},{"playerId":2233933,"score":1017,"energy":50,"posx":5,"posy":1,"lastAction":4,"status":0}],"golds":[],"changedObstacles":[{"type":0,"posx":20,"posy":0,"value":-1}]}]