[{"players":[{"playerId":1879247,"score":0,"energy":49,"posx":9,"posy":3,"lastAction":3,"status":0},{"playerId":2619262,"score":0,"energy":40,"posx":10,"posy":2,"lastAction":1,"status":0},{"playerId":1658775,"score":0,"energy":49,"posx":8,"posy":2,"lastAction":0,"status":0},{"playerId":2294637,"score":0,"energy":49,"posx":8,"posy":2,"lastAction":0,"status":0}],"golds":[{"posx":4,"posy":8,"amount":100},{"posx":8,"posy":7,"amount":450},{"posx":0,"posy":1,"amount":150},{"posx":16,"posy":6,"amount":500},{"posx":20,"posy":0,"amount":100},{"posx":3,"posy":3,"amount":700},{"posx":14,"posy":6,"amount":50},{"posx":2,"posy":6,"amount":500},{"posx":0,"posy":6,"amount":50},{"posx":3,"posy":8,"amount":50},{"posx":6,"posy":4,"amount":150},{"posx":18,"posy":4,"amount":600},{"posx":4,"posy":1,"amount":50},{"posx":12,"posy":8,"amount":300},{"posx":1,"posy":8,"amount":650},{"posx":17,"posy":5,"amount":300},{"posx":18,"posy":7,"amount":200},{"posx":6,"posy":8,"amount":100},{"posx":14,"posy":1,"amount":150},{"posx":10,"posy":3,"amount":100}],"changedObstacles":[{"type":0,"posx":10,"posy":2,"value":-1}]},{"players":[{"playerId":1879247,"score":0,"energy":45,"posx":10,"posy":3,"lastAction":1,"status":0},{"playerId":2619262,"score":0,"energy":36,"posx":10,"posy":3,"lastAction":3,"status":0},{"playerId":1658775,"score":0,"energy":39,"posx":8,"posy":2,"lastAction":5,"status":0},{"playerId":2294637,"score":0,"energy":48,"posx":7,"posy":2,"lastAction":0,"status":0}],"golds":[{"posx":4,"posy":8,"amount":100},{"posx":8,"posy":7,"amount":450},{"posx":0,"posy":1,"amount":150},{"posx":16,"posy":6,"amount":500},{"posx":20,"posy":0,"amount":100},{"posx":3,"posy":3,"amount":700},{"posx":14,"posy":6,"amount":50},{"posx":2,"posy":6,"amount":500},{"posx":0,"posy":6,"amount":50},{"posx":3,"posy":8,"amount":50},{"posx":6,"posy":4,"amount":150},{"posx":18,"posy":4,"amount":600},{"posx":4,"posy":1,"amount":50},{"posx":12,"posy":8,"amount":300},{"posx":1,"posy":8,"amount":650},{"posx":17,"posy":5,"amount":300},{"posx":18,"posy":7,"amount":200},{"posx":6,"posy":8,"amount":100},{"posx":14,"posy":1,"amount":150},{"posx":10,"posy":3,"amount":100}],"changedObstacles":[]},{"players":[{"playerId":1879247,"score":50,"energy":40,"posx":10,"posy":3,"lastAction":5,"status":0},{"playerId":2619262,"score":50,"energy":31,"posx":10,"posy":3,"lastAction":5,"status":0},{"playerId":1658775,"score":0,"energy":38,"posx":7,"posy":2,"lastAction":0,"status":0},{"playerId":2294637,"score":0,"energy":43,"posx":6,"posy":2,"lastAction":0,"status":0}],"golds":[{"posx":20,"posy":0,"amount":100},{"posx":0,"posy":1,"amount":150},{"posx":4,"posy":1,"amount":50},{"posx":14,"posy":1,"amount":150},{"posx":3,"posy":3,"amount":700},{"posx":6,"posy":4,"amount":150},{"posx":18,"posy":4,"amount":600},{"posx":17,"posy":5,"amount":300},{"posx":0,"posy":6,"amount":50},{"posx":2,"posy":6,"amount":500},{"posx":14,"posy":6,"amount":50},{"posx":16,"posy":6,"amount":500},{"posx":8,"posy":7,"amount":450},{"posx":18,"posy":7,"amount":200},{"posx":1,"posy":8,"amount":650},{"posx":3,"posy":8,"amount":50},{"posx":4,"posy":8,"amount":100},{"posx":6,"posy":8,"amount":100},{"posx":12,"posy":8,"amount":300}],"changedObstacles":[{"type":3,"posx":6,"posy":2,"value":-20},{"type":0,"posx":10,"posy":3,"value":-1}]},{"players":[{"playerId":1879247,"score":50,"energy":39,"posx":9,"posy":3,"lastAction":0,"status":0},{"playerId":2619262,"score":50,"energy":21,"posx":10,"posy":4,"lastAction":3,"status":0},{"playerId":1658775,"score":0,"energy":37,"posx":8,"posy":2,"lastAction":1,"status":0},{"playerId":2294637,"score":0,"energy":42,"posx":5,"posy":2,"lastAction":0,"status":0}],"golds":[{"posx":20,"posy":0,"amount":100},{"posx":0,"posy":1,"amount":150},{"posx":4,"posy":1,"amount":50},{"posx":14,"posy":1,"amount":150},{"posx":3,"posy":3,"amount":700},{"posx":6,"posy":4,"amount":150},{"posx":18,"posy":4,"amount":600},{"posx":17,"posy":5,"amount":300},{"posx":0,"posy":6,"amount":50},{"posx":2,"posy":6,"amount":500},{"posx":14,"posy":6,"amount":50},{"posx":16,"posy":6,"amount":500},{"posx":8,"posy":7,"amount":450},{"posx":18,"posy":7,"amount":200},{"posx":1,"posy":8,"amount":650},{"posx":3,"posy":8,"amount":50},{"posx":4,"posy":8,"amount":100},{"posx":6,"posy":8,"amount":100},{"posx":12,"posy":8,"amount":300}],"changedObstacles":[{"type":0,"posx":10,"posy":4,"value":-1}]},{"players":[{"playerId":1879247,"score":50,"energy":38,"posx":9,"posy":4,"lastAction":3,"status":0},{"playerId":2619262,"score":50,"energy":20,"posx":9,"posy":4,"lastAction":0,"status":0},{"playerId":1658775,"score":0,"energy":36,"posx":7,"posy":2,"lastAction":0,"status":0},{"playerId":2294637,"score":0,"energy":41,"posx":4,"posy":2,"lastAction":0,"status":0}],"golds":[{"posx":20,"posy":0,"amount":100},{"posx":0,"posy":1,"amount":150},{"posx":4,"posy":1,"amount":50},{"posx":14,"posy":1,"amount":150},{"posx":3,"posy":3,"amount":700},{"posx":6,"posy":4,"amount":150},{"posx":18,"posy":4,"amount":600},{"posx":17,"posy":5,"amount":300},{"posx":0,"posy":6,"amount":50},{"posx":2,"posy":6,"amount":500},{"posx":14,"posy":6,"amount":50},{"posx":16,"posy":6,"amount":500},{"posx":8,"posy":7,"amount":450},{"posx":18,"posy":7,"amount":200},{"posx":1,"posy":8,"amount":650},{"posx":3,"posy":8,"amount":50},{"posx":4,"posy":8,"amount":100},{"posx":6,"posy":8,"amount":100},{"posx":12,"posy":8,"amount":300}],"changedObstacles":[]},{"players":[{"playerId":1879247,"score":50,"energy":33,"posx":8,"posy":4,"lastAction":0,"status":0},{"playerId":2619262,"score":50,"energy":15,"posx":8,"posy":4,"lastAction":0,"status":0},{"playerId":1658775,"score":0,"energy":16,"posx":6,"posy":2,"lastAction":0,"status":0},{"playerId":2294637,"score":0,"energy":27,"posx":3,"posy":2,"lastAction":0,"status":0}],"golds":[{"posx":20,"posy":0,"amount":100},{"posx":0,"posy":1,"amount":150},{"posx":4,"posy":1,"amount":50},{"posx":14,"posy":1,"amount":150},{"posx":3,"posy":3,"amount":700},{"posx":6,"posy":4,"amount":150},{"posx":18,"posy":4,"amount":600},{"posx":17,"posy":5,"amount":300},{"posx":0,"posy":6,"amount":50},{"posx":2,"posy":6,"amount":500},{"posx":14,"posy":6,"amount":50},{"posx":16,"posy":6,"amount":500},{"posx":8,"posy":7,"amount":450},{"posx":18,"posy":7,"amount":200},{"posx":1,"posy":8,"amount":650},{"posx":3,"posy":8,"amount":50},{"posx":4,"posy":8,"amount":100},{"posx":6,"posy":8,"amount":100},{"posx":12,"posy":8,"amount":300}],"changedObstacles":[{"type":3,"posx":6,"posy":2,"value":-40},{"type":3,"posx":8,"posy":4,"value":-20}]},{"players":[{"playerId":1879247,"score":50,"energy":32,"posx":7,"posy":4,"lastAction":0,"status":0},{"playerId":2619262,"score":50,"energy":14,"posx":7,"posy":4,"lastAction":0,"status":0},{"playerId":1658775,"score":0,"energy":15,"posx":6,"posy":3,"lastAction":3,"status":0},{"playerId":2294637,"score":0,"energy":23,"posx":3,"posy":3,"lastAction":3,"status":0}],"golds":[{"posx":20,"posy":0,"amount":100},{"posx":0,"posy":1,"amount":150},{"posx":4,"posy":1,"amount":50},{"posx":14,"posy":1,"amount":150},{"posx":3,"posy":3,"amount":700},{"posx":6,"posy":4,"amount":150},{"posx":18,"posy":4,"amount":600},{"posx":17,"posy":5,"amount":300},{"posx":0,"posy":6,"amount":50},{"posx":2,"posy":6,"amount":500},{"posx":14,"posy":6,"amount":50},{"posx":16,"posy":6,"amount":500},{"posx":8,"posy":7,"amount":450},{"posx":18,"posy":7,"amount":200},{"posx":1,"posy":8,"amount":650},{"posx":3,"posy":8,"amount":50},{"posx":4,"posy":8,"amount":100},{"posx":6,"posy":8,"amount":100},{"posx":12,"posy":8,"amount":300}],"changedObstacles":[]},{"players":[{"playerId":1879247,"score":50,"energy":28,"posx":6,"posy":4,"lastAction":0,"status":0},{"playerId":2619262,"score":50,"energy":10,"posx":6,"posy":4,"lastAction":0,"status":0},{"playerId":1658775,"score":0,"energy":11,"posx":6,"posy":4,"lastAction":3,"status":0},{"playerId":2294637,"score":50,"energy":18,"posx":3,"posy":3,"lastAction":5,"status":0}],"golds":[{"posx":20,"posy":0,"amount":100},{"posx":0,"posy":1,"amount":150},{"posx":4,"posy":1,"amount":50},{"posx":14,"posy":1,"amount":150},{"posx":3,"posy":3,"amount":650},{"posx":6,"posy":4,"amount":150},{"posx":18,"posy":4,"amount":600},{"posx":17,"posy":5,"amount":300},{"posx":0,"posy":6,"amount":50},{"posx":2,"posy":6,"amount":500},{"posx":14,"posy":6,"amount":50},{"posx":16,"posy":6,"amount":500},{"posx":8,"posy":7,"amount":450},{"posx":18,"posy":7,"amount":200},{"posx":1,"posy":8,"amount":650},{"posx":3,"posy":8,"amount":50},{"posx":4,"posy":8,"amount":100},{"posx":6,"posy":8,"amount":100},{"posx":12,"posy":8,"amount":300}],"changedObstacles":[]},{"players":[{"playerId":1879247,"score":100,"energy":23,"posx":6,"posy":4,"lastAction":5,"status":0},{"playerId":2619262,"score":100,"energy":5,"posx":6,"posy":4,"lastAction":5,"status":0},{"playerId":1658775,"score":50,"energy":6,"posx":6,"posy":4,"lastAction":5,"status":0},{"playerId":2294637,"score":100,"energy":13,"posx":3,"posy":3,"lastAction":5,"status":0}],"golds":[{"posx":20,"posy":0,"amount":100},{"posx":0,"posy":1,"amount":150},{"posx":4,"posy":1,"amount":50},{"posx":14,"posy":1,"amount":150},{"posx":3,"posy":3,"amount":600},{"posx":18,"posy":4,"amount":600},{"posx":17,"posy":5,"amount":300},{"posx":0,"posy":6,"amount":50},{"posx":2,"posy":6,"amount":500},{"posx":14,"posy":6,"amount":50},{"posx":16,"posy":6,"amount":500},{"posx":8,"posy":7,"amount":450},{"posx":18,"posy":7,"amount":200},{"posx":1,"posy":8,"amount":650},{"posx":3,"posy":8,"amount":50},{"posx":4,"posy":8,"amount":100},{"posx":6,"posy":8,"amount":100},{"posx":12,"posy":8,"amount":300}],"changedObstacles":[{"type":0,"posx":6,"posy":4,"value":-1}]},{"players":[{"playerId":1879247,"score":100,"energy":22,"posx":6,"posy":3,"lastAction":2,"status":0},{"playerId":2619262,"score":100,"energy":4,"posx":6,"posy":5,"lastAction":3,"status":0},{"playerId":1658775,"score":50,"energy":18,"posx":6,"posy":4,"lastAction":4,"status":0},{"playerId":2294637,"score":150,"energy":8,"posx":3,"posy":3,"lastAction":5,"status":0}],"golds":[{"posx":20,"posy":0,"amount":100},{"posx":0,"posy":1,"amount":150},{"posx":4,"posy":1,"amount":50},{"posx":14,"posy":1,"amount":150},{"posx":3,"posy":3,"amount":550},{"posx":18,"posy":4,"amount":600},{"posx":17,"posy":5,"amount":300},{"posx":0,"posy":6,"amount":50},{"posx":2,"posy":6,"amount":500},{"posx":14,"posy":6,"amount":50},{"posx":16,"posy":6,"amount":500},{"posx":8,"posy":7,"amount":450},{"posx":18,"posy":7,"amount":200},{"posx":1,"posy":8,"amount":650},{"posx":3,"posy":8,"amount":50},{"posx":4,"posy":8,"amount":100},{"posx":6,"posy":8,"amount":100},{"posx":12,"posy":8,"amount":300}],"changedObstacles":[]},{"players":[{"playerId":1879247,"score":100,"energy":21,"posx":5,"posy":3,"lastAction":0,"status":0},{"playerId":2619262,"score":100,"energy":3,"posx":6,"posy":6,"lastAction":3,"status":0},{"playerId":1658775,"score":50,"energy":8,"posx":5,"posy":4,"lastAction":0,"status":0},{"playerId":2294637,"score":150,"energy":20,"posx":3,"posy":3,"lastAction":4,"status":0}],"golds":[{"posx":20,"posy":0,"amount":100},{"posx":0,"posy":1,"amount":150},{"posx":4,"posy":1,"amount":50},{"posx":14,"posy":1,"amount":150},{"posx":3,"posy":3,"amount":550},{"posx":18,"posy":4,"amount":600},{"posx":17,"posy":5,"amount":300},{"posx":0,"posy":6,"amount":50},{"posx":2,"posy":6,"amount":500},{"posx":14,"posy":6,"amount":50},{"posx":16,"posy":6,"amount":500},{"posx":8,"posy":7,"amount":450},{"posx":18,"posy":7,"amount":200},{"posx":1,"posy":8,"amount":650},{"posx":3,"posy":8,"amount":50},{"posx":4,"posy":8,"amount":100},{"posx":6,"posy":8,"amount":100},{"posx":12,"posy":8,"amount":300}],"changedObstacles":[{"type":0,"posx":5,"posy":4,"value":-1}]},{"players":[{"playerId":1879247,"score":100,"energy":11,"posx":4,"posy":3,"lastAction":0,"status":0},{"playerId":2619262,"score":100,"energy":15,"posx":6,"posy":6,"lastAction":4,"status":0},{"playerId":1658775,"score":50,"energy":20,"posx":5,"posy":4,"lastAction":4,"status":0},{"playerId":2294637,"score":150,"energy":36,"posx":3,"posy":3,"lastAction":4,"status":0}],"golds":[{"posx":20,"posy":0,"amount":100},{"posx":0,"posy":1,"amount":150},{"posx":4,"posy":1,"amount":50},{"posx":14,"posy":1,"amount":150},{"posx":3,"posy":3,"amount":550},{"posx":18,"posy":4,"amount":600},{"posx":17,"posy":5,"amount":300},{"posx":0,"posy":6,"amount":50},{"posx":2,"posy":6,"amount":500},{"posx":14,"posy":6,"amount":50},{"posx":16,"posy":6,"amount":500},{"posx":8,"posy":7,"amount":450},{"posx":18,"posy":7,"amount":200},{"posx":1,"posy":8,"amount":650},{"posx":3,"posy":8,"amount":50},{"posx":4,"posy":8,"amount":100},{"posx":6,"posy":8,"amount":100},{"posx":12,"posy":8,"amount":300}],"changedObstacles":[{"type":0,"posx":4,"posy":3,"value":-1}]},{"players":[{"playerId":1879247,"score":100,"energy":7,"posx":3,"posy":3,"lastAction":0,"status":0},{"playerId":2619262,"score":100,"energy":10,"posx":6,"posy":7,"lastAction":3,"status":0},{"playerId":1658775,"score":50,"energy":15,"posx":4,"posy":4,"lastAction":0,"status":0},{"playerId":2294637,"score":150,"energy":50,"posx":3,"posy":3,"lastAction":4,"status":0}],"golds":[{"posx":20,"posy":0,"amount":100},{"posx":0,"posy":1,"amount":150},{"posx":4,"posy":1,"amount":50},{"posx":14,"posy":1,"amount":150},{"posx":3,"posy":3,"amount":550},{"posx":18,"posy":4,"amount":600},{"posx":17,"posy":5,"amount":300},{"posx":0,"posy":6,"amount":50},{"posx":2,"posy":6,"amount":500},{"posx":14,"posy":6,"amount":50},{"posx":16,"posy":6,"amount":500},{"posx":8,"posy":7,"amount":450},{"posx":18,"posy":7,"amount":200},{"posx":1,"posy":8,"amount":650},{"posx":3,"posy":8,"amount":50},{"posx":4,"posy":8,"amount":100},{"posx":6,"posy":8,"amount":100},{"posx":12,"posy":8,"amount":300}],"changedObstacles":[{"type":3,"posx":4,"posy":4,"value":-20},{"type":3,"posx":6,"posy":7,"value":-20}]},{"players":[{"playerId":1879247,"score":150,"energy":2,"posx":3,"posy":3,"lastAction":5,"status":0},{"playerId":2619262,"score":100,"energy":6,"posx":6,"posy":8,"lastAction":3,"status":0},{"playerId":1658775,"score":50,"energy":14,"posx":3,"posy":4,"lastAction":0,"status":0},{"playerId":2294637,"score":200,"energy":45,"posx":3,"posy":3,"lastAction":5,"status":0}],"golds":[{"posx":20,"posy":0,"amount":100},{"posx":0,"posy":1,"amount":150},{"posx":4,"posy":1,"amount":50},{"posx":14,"posy":1,"amount":150},{"posx":3,"posy":3,"amount":450},{"posx":18,"posy":4,"amount":600},{"posx":17,"posy":5,"amount":300},{"posx":0,"posy":6,"amount":50},{"posx":2,"posy":6,"amount":500},{"posx":14,"posy":6,"amount":50},{"posx":16,"posy":6,"amount":500},{"posx":8,"posy":7,"amount":450},{"posx":18,"posy":7,"amount":200},{"posx":1,"posy":8,"amount":650},{"posx":3,"posy":8,"amount":50},{"posx":4,"posy":8,"amount":100},{"posx":6,"posy":8,"amount":100},{"posx":12,"posy":8,"amount":300}],"changedObstacles":[]},{"players":[{"playerId":1879247,"score":150,"energy":14,"posx":3,"posy":3,"lastAction":4,"status":0},{"playerId":2619262,"score":150,"energy":1,"posx":6,"posy":8,"lastAction":5,"status":0},{"playerId":1658775,"score":50,"energy":10,"posx":3,"posy":3,"lastAction":2,"status":0},{"playerId":2294637,"score":250,"energy":40,"posx":3,"posy":3,"lastAction":5,"status":0}],"golds":[{"posx":20,"posy":0,"amount":100},{"posx":0,"posy":1,"amount":150},{"posx":4,"posy":1,"amount":50},{"posx":14,"posy":1,"amount":150},{"posx":3,"posy":3,"amount":400},{"posx":18,"posy":4,"amount":600},{"posx":17,"posy":5,"amount":300},{"posx":0,"posy":6,"amount":50},{"posx":2,"posy":6,"amount":500},{"posx":14,"posy":6,"amount":50},{"posx":16,"posy":6,"amount":500},{"posx":8,"posy":7,"amount":450},{"posx":18,"posy":7,"amount":200},{"posx":1,"posy":8,"amount":650},{"posx":3,"posy":8,"amount":50},{"posx":4,"posy":8,"amount":100},{"posx":6,"posy":8,"amount":50},{"posx":12,"posy":8,"amount":300}],"changedObstacles":[]},{"players":[{"playerId":1879247,"score":200,"energy":9,"posx":3,"posy":3,"lastAction":5,"status":0},{"playerId":2619262,"score":150,"energy":13,"posx":6,"posy":8,"lastAction":4,"status":0},{"playerId":1658775,"score":100,"energy":5,"posx":3,"posy":3,"lastAction":5,"status":0},{"playerId":2294637,"score":300,"energy":35,"posx":3,"posy":3,"lastAction":5,"status":0}],"golds":[{"posx":20,"posy":0,"amount":100},{"posx":0,"posy":1,"amount":150},{"posx":4,"posy":1,"amount":50},{"posx":14,"posy":1,"amount":150},{"posx":3,"posy":3,"amount":250},{"posx":18,"posy":4,"amount":600},{"posx":17,"posy":5,"amount":300},{"posx":0,"posy":6,"amount":50},{"posx":2,"posy":6,"amount":500},{"posx":14,"posy":6,"amount":50},{"posx":16,"posy":6,"amount":500},{"posx":8,"posy":7,"amount":450},{"posx":18,"posy":7,"amount":200},{"posx":1,"posy":8,"amount":650},{"posx":3,"posy":8,"amount":50},{"posx":4,"posy":8,"amount":100},{"posx":6,"posy":8,"amount":50},{"posx":12,"posy":8,"amount":300}],"changedObstacles":[]},{"players":[{"playerId":1879247,"score":250,"energy":4,"posx":3,"posy":3,"lastAction":5,"status":0},{"playerId":2619262,"score":200,"energy":8,"posx":6,"posy":8,"lastAction":5,"status":0},{"playerId":1658775,"score":100,"energy":17,"posx":3,"posy":3,"lastAction":4,"status":0},{"playerId":2294637,"score":350,"energy":30,"posx":3,"posy":3,"lastAction":5,"status":0}],"golds":[{"posx":20,"posy":0,"amount":100},{"posx":0,"posy":1,"amount":150},{"posx":4,"posy":1,"amount":50},{"posx":14,"posy":1,"amount":150},{"posx":3,"posy":3,"amount":150},{"posx":18,"posy":4,"amount":600},{"posx":17,"posy":5,"amount":300},{"posx":0,"posy":6,"amount":50},{"posx":2,"posy":6,"amount":500},{"posx":14,"posy":6,"amount":50},{"posx":16,"posy":6,"amount":500},{"posx":8,"posy":7,"amount":450},{"posx":18,"posy":7,"amount":200},{"posx":1,"posy":8,"amount":650},{"posx":3,"posy":8,"amount":50},{"posx":4,"posy":8,"amount":100},{"posx":12,"posy":8,"amount":300}],"changedObstacles":[{"type":0,"posx":6,"posy":8,"value":-1}]},{"players":[{"playerId":1879247,"score":250,"energy":16,"posx":3,"posy":3,"lastAction":4,"status":0},{"playerId":2619262,"score":200,"energy":7,"posx":5,"posy":8,"lastAction":0,"status":0},{"playerId":1658775,"score":150,"energy":12,"posx":3,"posy":3,"lastAction":5,"status":0},{"playerId":2294637,"score":400,"energy":25,"posx":3,"posy":3,"lastAction":5,"status":0}],"golds":[{"posx":20,"posy":0,"amount":100},{"posx":0,"posy":1,"amount":150},{"posx":4,"posy":1,"amount":50},{"posx":14,"posy":1,"amount":150},{"posx":3,"posy":3,"amount":50},{"posx":18,"posy":4,"amount":600},{"posx":17,"posy":5,"amount":300},{"posx":0,"posy":6,"amount":50},{"posx":2,"posy":6,"amount":500},{"posx":14,"posy":6,"amount":50},{"posx":16,"posy":6,"amount":500},{"posx":8,"posy":7,"amount":450},{"posx":18,"posy":7,"amount":200},{"posx":1,"posy":8,"amount":650},{"posx":3,"posy":8,"amount":50},{"posx":4,"posy":8,"amount":100},{"posx":12,"posy":8,"amount":300}],"changedObstacles":[]},{"players":[{"playerId":1879247,"score":275,"energy":11,"posx":3,"posy":3,"lastAction":5,"status":0},{"playerId":2619262,"score":200,"energy":3,"posx":4,"posy":8,"lastAction":0,"status":0},{"playerId":1658775,"score":175,"energy":7,"posx":3,"posy":3,"lastAction":5,"status":0},{"playerId":2294637,"score":400,"energy":24,"posx":3,"posy":4,"lastAction":3,"status":0}],"golds":[{"posx":20,"posy":0,"amount":100},{"posx":0,"posy":1,"amount":150},{"posx":4,"posy":1,"amount":50},{"posx":14,"posy":1,"amount":150},{"posx":18,"posy":4,"amount":600},{"posx":17,"posy":5,"amount":300},{"posx":0,"posy":6,"amount":50},{"posx":2,"posy":6,"amount":500},{"posx":14,"posy":6,"amount":50},{"posx":16,"posy":6,"amount":500},{"posx":8,"posy":7,"amount":450},{"posx":18,"posy":7,"amount":200},{"posx":1,"posy":8,"amount":650},{"posx":3,"posy":8,"amount":50},{"posx":4,"posy":8,"amount":100},{"posx":12,"posy":8,"amount":300}],"changedObstacles":[{"type":0,"posx":3,"posy":3,"value":-1}]},{"players":[{"playerId":1879247,"score":275,"energy":10,"posx":4,"posy":3,"lastAction":1,"status":0},{"playerId":2619262,"score":200,"energy":15,"posx":4,"posy":8,"lastAction":4,"status":0},{"playerId":1658775,"score":175,"energy":19,"posx":3,"posy":3,"lastAction":4,"status":0},{"playerId":2294637,"score":400,"energy":23,"posx":3,"posy":5,"lastAction":3,"status":0}],"golds":[{"posx":20,"posy":0,"amount":100},{"posx":0,"posy":1,"amount":150},{"posx":4,"posy":1,"amount":50},{"posx":14,"posy":1,"amount":150},{"posx":18,"posy":4,"amount":600},{"posx":17,"posy":5,"amount":300},{"posx":0,"posy":6,"amount":50},{"posx":2,"posy":6,"amount":500},{"posx":14,"posy":6,"amount":50},{"posx":16,"posy":6,"amount":500},{"posx":8,"posy":7,"amount":450},{"posx":18,"posy":7,"amount":200},{"posx":1,"posy":8,"amount":650},{"posx":3,"posy":8,"amount":50},{"posx":4,"posy":8,"amount":100},{"posx":12,"posy":8,"amount":300}],"changedObstacles":[]},{"players":[{"playerId":1879247,"score":275,"energy":9,"posx":4,"posy":2,"lastAction":2,"status":0},{"playerId":2619262,"score":250,"energy":10,"posx":4,"posy":8,"lastAction":5,"status":0},{"playerId":1658775,"score":175,"energy":18,"posx":2,"posy":3,"lastAction":0,"status":0},{"playerId":2294637,"score":400,"energy":22,"posx":3,"posy":6,"lastAction":3,"status":0}],"golds":[{"posx":20,"posy":0,"amount":100},{"posx":0,"posy":1,"amount":150},{"posx":4,"posy":1,"amount":50},{"posx":14,"posy":1,"amount":150},{"posx":18,"posy":4,"amount":600},{"posx":17,"posy":5,"amount":300},{"posx":0,"posy":6,"amount":50},{"posx":2,"posy":6,"amount":500},{"posx":14,"posy":6,"amount":50},{"posx":16,"posy":6,"amount":500},{"posx":8,"posy":7,"amount":450},{"posx":18,"posy":7,"amount":200},{"posx":1,"posy":8,"amount":650},{"posx":3,"posy":8,"amount":50},{"posx":4,"posy":8,"amount":50},{"posx":12,"posy":8,"amount":300}],"changedObstacles":[]},{"players":[{"playerId":1879247,"score":275,"energy":5,"posx":4,"posy":1,"lastAction":2,"status":0},{"playerId":2619262,"score":300,"energy":5,"posx":4,"posy":8,"lastAction":5,"status":0},{"playerId":1658775,"score":175,"energy":8,"posx":2,"posy":4,"lastAction":3,"status":0},{"playerId":2294637,"score":400,"energy":18,"posx":2,"posy":6,"lastAction":0,"status":0}],"golds":[{"posx":20,"posy":0,"amount":100},{"posx":0,"posy":1,"amount":150},{"posx":4,"posy":1,"amount":50},{"posx":14,"posy":1,"amount":150},{"posx":18,"posy":4,"amount":600},{"posx":17,"posy":5,"amount":300},{"posx":0,"posy":6,"amount":50},{"posx":2,"posy":6,"amount":500},{"posx":14,"posy":6,"amount":50},{"posx":16,"posy":6,"amount":500},{"posx":8,"posy":7,"amount":450},{"posx":18,"posy":7,"amount":200},{"posx":1,"posy":8,"amount":650},{"posx":3,"posy":8,"amount":50},{"posx":12,"posy":8,"amount":300}],"changedObstacles":[{"type":0,"posx":2,"posy":4,"value":-1},{"type":0,"posx":4,"posy":8,"value":-1}]},{"players":[{"playerId":1879247,"score":275,"energy":17,"posx":4,"posy":1,"lastAction":4,"status":0},{"playerId":2619262,"score":300,"energy":1,"posx":3,"posy":8,"lastAction":0,"status":0},{"playerId":1658775,"score":175,"energy":20,"posx":2,"posy":4,"lastAction":4,"status":0},{"playerId":2294637,"score":450,"energy":13,"posx":2,"posy":6,"lastAction":5,"status":0}],"golds":[{"posx":20,"posy":0,"amount":100},{"posx":0,"posy":1,"amount":150},{"posx":4,"posy":1,"amount":50},{"posx":14,"posy":1,"amount":150},{"posx":18,"posy":4,"amount":600},{"posx":17,"posy":5,"amount":300},{"posx":0,"posy":6,"amount":50},{"posx":2,"posy":6,"amount":450},{"posx":14,"posy":6,"amount":50},{"posx":16,"posy":6,"amount":500},{"posx":8,"posy":7,"amount":450},{"posx":18,"posy":7,"amount":200},{"posx":1,"posy":8,"amount":650},{"posx":3,"posy":8,"amount":50},{"posx":12,"posy":8,"amount":300}],"changedObstacles":[]},{"players":[{"playerId":1879247,"score":325,"energy":12,"posx":4,"posy":1,"lastAction":5,"status":0},{"playerId":2619262,"score":300,"energy":13,"posx":3,"posy":8,"lastAction":4,"status":0},{"playerId":1658775,"score":175,"energy":19,"posx":2,"posy":5,"lastAction":3,"status":0},{"playerId":2294637,"score":500,"energy":8,"posx":2,"posy":6,"lastAction":5,"status":0}],"golds":[{"posx":20,"posy":0,"amount":100},{"posx":0,"posy":1,"amount":150},{"posx":14,"posy":1,"amount":150},{"posx":18,"posy":4,"amount":600},{"posx":17,"posy":5,"amount":300},{"posx":0,"posy":6,"amount":50},{"posx":2,"posy":6,"amount":400},{"posx":14,"posy":6,"amount":50},{"posx":16,"posy":6,"amount":500},{"posx":8,"posy":7,"amount":450},{"posx":18,"posy":7,"amount":200},{"posx":1,"posy":8,"amount":650},{"posx":3,"posy":8,"amount":50},{"posx":12,"posy":8,"amount":300}],"changedObstacles":[{"type":0,"posx":4,"posy":1,"value":-1}]},{"players":[{"playerId":1879247,"score":325,"energy":2,"posx":3,"posy":1,"lastAction":0,"status":0},{"playerId":2619262,"score":350,"energy":8,"posx":3,"posy":8,"lastAction":5,"status":0},{"playerId":1658775,"score":175,"energy":15,"posx":2,"posy":6,"lastAction":3,"status":0},{"playerId":2294637,"score":500,"energy":20,"posx":2,"posy":6,"lastAction":4,"status":0}],"golds":[{"posx":20,"posy":0,"amount":100},{"posx":0,"posy":1,"amount":150},{"posx":14,"posy":1,"amount":150},{"posx":18,"posy":4,"amount":600},{"posx":17,"posy":5,"amount":300},{"posx":0,"posy":6,"amount":50},{"posx":2,"posy":6,"amount":400},{"posx":14,"posy":6,"amount":50},{"posx":16,"posy":6,"amount":500},{"posx":8,"posy":7,"amount":450},{"posx":18,"posy":7,"amount":200},{"posx":1,"posy":8,"amount":650},{"posx":12,"posy":8,"amount":300}],"changedObstacles":[{"type":0,"posx":3,"posy":1,"value":-1},{"type":0,"posx":3,"posy":8,"value":-1}]},{"players":[{"playerId":1879247,"score":325,"energy":1,"posx":2,"posy":1,"lastAction":0,"status":0},{"playerId":2619262,"score":350,"energy":7,"posx":2,"posy":8,"lastAction":0,"status":0},{"playerId":1658775,"score":225,"energy":10,"posx":2,"posy":6,"lastAction":5,"status":0},{"playerId":2294637,"score":500,"energy":36,"posx":2,"posy":6,"lastAction":4,"status":0}],"golds":[{"posx":20,"posy":0,"amount":100},{"posx":0,"posy":1,"amount":150},{"posx":14,"posy":1,"amount":150},{"posx":18,"posy":4,"amount":600},{"posx":17,"posy":5,"amount":300},{"posx":0,"posy":6,"amount":50},{"posx":2,"posy":6,"amount":350},{"posx":14,"posy":6,"amount":50},{"posx":16,"posy":6,"amount":500},{"posx":8,"posy":7,"amount":450},{"posx":18,"posy":7,"amount":200},{"posx":1,"posy":8,"amount":650},{"posx":12,"posy":8,"amount":300}],"changedObstacles":[]},{"players":[{"playerId":1879247,"score":325,"energy":13,"posx":2,"posy":1,"lastAction":4,"status":0},{"playerId":2619262,"score":350,"energy":3,"posx":1,"posy":8,"lastAction":0,"status":0},{"playerId":1658775,"score":275,"energy":5,"posx":2,"posy":6,"lastAction":5,"status":0},{"playerId":2294637,"score":500,"energy":50,"posx":2,"posy":6,"lastAction":4,"status":0}],"golds":[{"posx":20,"posy":0,"amount":100},{"posx":0,"posy":1,"amount":150},{"posx":14,"posy":1,"amount":150},{"posx":18,"posy":4,"amount":600},{"posx":17,"posy":5,"amount":300},{"posx":0,"posy":6,"amount":50},{"posx":2,"posy":6,"amount":300},{"posx":14,"posy":6,"amount":50},{"posx":16,"posy":6,"amount":500},{"posx":8,"posy":7,"amount":450},{"posx":18,"posy":7,"amount":200},{"posx":1,"posy":8,"amount":650},{"posx":12,"posy":8,"amount":300}],"changedObstacles":[]},{"players":[{"playerId":1879247,"score":325,"energy":8,"posx":1,"posy":1,"lastAction":0,"status":0},{"playerId":2619262,"score":350,"energy":15,"posx":1,"posy":8,"lastAction":4,"status":0},{"playerId":1658775,"score":275,"energy":17,"posx":2,"posy":6,"lastAction":4,"status":0},{"playerId":2294637,"score":550,"energy":45,"posx":2,"posy":6,"lastAction":5,"status":0}],"golds":[{"posx":20,"posy":0,"amount":100},{"posx":0,"posy":1,"amount":150},{"posx":14,"posy":1,"amount":150},{"posx":18,"posy":4,"amount":600},{"posx":17,"posy":5,"amount":300},{"posx":0,"posy":6,"amount":50},{"posx":2,"posy":6,"amount":250},{"posx":14,"posy":6,"amount":50},{"posx":16,"posy":6,"amount":500},{"posx":8,"posy":7,"amount":450},{"posx":18,"posy":7,"amount":200},{"posx":1,"posy":8,"amount":650},{"posx":12,"posy":8,"amount":300}],"changedObstacles":[{"type":3,"posx":1,"posy":1,"value":-20}]},{"players":[{"playerId":1879247,"score":325,"energy":4,"posx":0,"posy":1,"lastAction":0,"status":0},{"playerId":2619262,"score":400,"energy":10,"posx":1,"posy":8,"lastAction":5,"status":0},{"playerId":1658775,"score":325,"energy":12,"posx":2,"posy":6,"lastAction":5,"status":0},{"playerId":2294637,"score":600,"energy":40,"posx":2,"posy":6,"lastAction":5,"status":0}],"golds":[{"posx":20,"posy":0,"amount":100},{"posx":0,"posy":1,"amount":150},{"posx":14,"posy":1,"amount":150},{"posx":18,"posy":4,"amount":600},{"posx":17,"posy":5,"amount":300},{"posx":0,"posy":6,"amount":50},{"posx":2,"posy":6,"amount":150},{"posx":14,"posy":6,"amount":50},{"posx":16,"posy":6,"amount":500},{"posx":8,"posy":7,"amount":450},{"posx":18,"posy":7,"amount":200},{"posx":1,"posy":8,"amount":600},{"posx":12,"posy":8,"amount":300}],"changedObstacles":[]},{"players":[{"playerId":1879247,"score":325,"energy":16,"posx":0,"posy":1,"lastAction":4,"status":0},{"playerId":2619262,"score":450,"energy":5,"posx":1,"posy":8,"lastAction":5,"status":0},{"playerId":1658775,"score":375,"energy":7,"posx":2,"posy":6,"lastAction":5,"status":0},{"playerId":2294637,"score":650,"energy":35,"posx":2,"posy":6,"lastAction":5,"status":0}],"golds":[{"posx":20,"posy":0,"amount":100},{"posx":0,"posy":1,"amount":150},{"posx":14,"posy":1,"amount":150},{"posx":18,"posy":4,"amount":600},{"posx":17,"posy":5,"amount":300},{"posx":0,"posy":6,"amount":50},{"posx":2,"posy":6,"amount":50},{"posx":14,"posy":6,"amount":50},{"posx":16,"posy":6,"amount":500},{"posx":8,"posy":7,"amount":450},{"posx":18,"posy":7,"amount":200},{"posx":1,"posy":8,"amount":550},{"posx":12,"posy":8,"amount":300}],"changedObstacles":[]},{"players":[{"playerId":1879247,"score":375,"energy":11,"posx":0,"posy":1,"lastAction":5,"status":0},{"playerId":2619262,"score":450,"energy":17,"posx":1,"posy":8,"lastAction":4,"status":0},{"playerId":1658775,"score":400,"energy":2,"posx":2,"posy":6,"lastAction":5,"status":0},{"playerId":2294637,"score":675,"energy":30,"posx":2,"posy":6,"lastAction":5,"status":0}],"golds":[{"posx":20,"posy":0,"amount":100},{"posx":0,"posy":1,"amount":100},{"posx":14,"posy":1,"amount":150},{"posx":18,"posy":4,"amount":600},{"posx":17,"posy":5,"amount":300},{"posx":0,"posy":6,"amount":50},{"posx":14,"posy":6,"amount":50},{"posx":16,"posy":6,"amount":500},{"posx":8,"posy":7,"amount":450},{"posx":18,"posy":7,"amount":200},{"posx":1,"posy":8,"amount":550},{"posx":12,"posy":8,"amount":300}],"changedObstacles":[{"type":0,"posx":2,"posy":6,"value":-1}]},{"players":[{"playerId":1879247,"score":425,"energy":6,"posx":0,"posy":1,"lastAction":5,"status":0},{"playerId":2619262,"score":500,"energy":12,"posx":1,"posy":8,"lastAction":5,"status":0},{"playerId":1658775,"score":400,"energy":14,"posx":2,"posy":6,"lastAction":4,"status":0},{"playerId":2294637,"score":675,"energy":20,"posx":2,"posy":7,"lastAction":3,"status":0}],"golds":[{"posx":20,"posy":0,"amount":100},{"posx":0,"posy":1,"amount":50},{"posx":14,"posy":1,"amount":150},{"posx":18,"posy":4,"amount":600},{"posx":17,"posy":5,"amount":300},{"posx":0,"posy":6,"amount":50},{"posx":14,"posy":6,"amount":50},{"posx":16,"posy":6,"amount":500},{"posx":8,"posy":7,"amount":450},{"posx":18,"posy":7,"amount":200},{"posx":1,"posy":8,"amount":500},{"posx":12,"posy":8,"amount":300}],"changedObstacles":[{"type":0,"posx":2,"posy":7,"value":-1}]},{"players":[{"playerId":1879247,"score":475,"energy":1,"posx":0,"posy":1,"lastAction":5,"status":0},{"playerId":2619262,"score":550,"energy":7,"posx":1,"posy":8,"lastAction":5,"status":0},{"playerId":1658775,"score":400,"energy":13,"posx":1,"posy":6,"lastAction":0,"status":0},{"playerId":2294637,"score":675,"energy":19,"posx":2,"posy":8,"lastAction":3,"status":0}],"golds":[{"posx":20,"posy":0,"amount":100},{"posx":14,"posy":1,"amount":150},{"posx":18,"posy":4,"amount":600},{"posx":17,"posy":5,"amount":300},{"posx":0,"posy":6,"amount":50},{"posx":14,"posy":6,"amount":50},{"posx":16,"posy":6,"amount":500},{"posx":8,"posy":7,"amount":450},{"posx":18,"posy":7,"amount":200},{"posx":1,"posy":8,"amount":450},{"posx":12,"posy":8,"amount":300}],"changedObstacles":[{"type":0,"posx":0,"posy":1,"value":-1}]},{"players":[{"playerId":1879247,"score":475,"energy":13,"posx":0,"posy":1,"lastAction":4,"status":0},{"playerId":2619262,"score":600,"energy":2,"posx":1,"posy":8,"lastAction":5,"status":0},{"playerId":1658775,"score":400,"energy":3,"posx":1,"posy":7,"lastAction":3,"status":0},{"playerId":2294637,"score":675,"energy":15,"posx":1,"posy":8,"lastAction":0,"status":0}],"golds":[{"posx":20,"posy":0,"amount":100},{"posx":14,"posy":1,"amount":150},{"posx":18,"posy":4,"amount":600},{"posx":17,"posy":5,"amount":300},{"posx":0,"posy":6,"amount":50},{"posx":14,"posy":6,"amount":50},{"posx":16,"posy":6,"amount":500},{"posx":8,"posy":7,"amount":450},{"posx":18,"posy":7,"amount":200},{"posx":1,"posy":8,"amount":400},{"posx":12,"posy":8,"amount":300}],"changedObstacles":[{"type":0,"posx":1,"posy":7,"value":-1}]},{"players":[{"playerId":1879247,"score":475,"energy":29,"posx":0,"posy":1,"lastAction":4,"status":0},{"playerId":2619262,"score":600,"energy":14,"posx":1,"posy":8,"lastAction":4,"status":0},{"playerId":1658775,"score":400,"energy":15,"posx":1,"posy":7,"lastAction":4,"status":0},{"playerId":2294637,"score":725,"energy":10,"posx":1,"posy":8,"lastAction":5,"status":0}],"golds":[{"posx":20,"posy":0,"amount":100},{"posx":14,"posy":1,"amount":150},{"posx":18,"posy":4,"amount":600},{"posx":17,"posy":5,"amount":300},{"posx":0,"posy":6,"amount":50},{"posx":14,"posy":6,"amount":50},{"posx":16,"posy":6,"amount":500},{"posx":8,"posy":7,"amount":450},{"posx":18,"posy":7,"amount":200},{"posx":1,"posy":8,"amount":350},{"posx":12,"posy":8,"amount":300}],"changedObstacles":[]},{"players":[{"playerId":1879247,"score":475,"energy":22,"posx":0,"posy":2,"lastAction":3,"status":0},{"playerId":2619262,"score":650,"energy":9,"posx":1,"posy":8,"lastAction":5,"status":0},{"playerId":1658775,"score":400,"energy":11,"posx":1,"posy":8,"lastAction":3,"status":0},{"playerId":2294637,"score":775,"energy":5,"posx":1,"posy":8,"lastAction":5,"status":0}],"golds":[{"posx":20,"posy":0,"amount":100},{"posx":14,"posy":1,"amount":150},{"posx":18,"posy":4,"amount":600},{"posx":17,"posy":5,"amount":300},{"posx":0,"posy":6,"amount":50},{"posx":14,"posy":6,"amount":50},{"posx":16,"posy":6,"amount":500},{"posx":8,"posy":7,"amount":450},{"posx":18,"posy":7,"amount":200},{"posx":1,"posy":8,"amount":250},{"posx":12,"posy":8,"amount":300}],"changedObstacles":[]},{"players":[{"playerId":1879247,"score":475,"energy":21,"posx":0,"posy":3,"lastAction":3,"status":0},{"playerId":2619262,"score":700,"energy":4,"posx":1,"posy":8,"lastAction":5,"status":0},{"playerId":1658775,"score":450,"energy":6,"posx":1,"posy":8,"lastAction":5,"status":0},{"playerId":2294637,"score":775,"energy":17,"posx":1,"posy":8,"lastAction":4,"status":0}],"golds":[{"posx":20,"posy":0,"amount":100},{"posx":14,"posy":1,"amount":150},{"posx":18,"posy":4,"amount":600},{"posx":17,"posy":5,"amount":300},{"posx":0,"posy":6,"amount":50},{"posx":14,"posy":6,"amount":50},{"posx":16,"posy":6,"amount":500},{"posx":8,"posy":7,"amount":450},{"posx":18,"posy":7,"amount":200},{"posx":1,"posy":8,"amount":150},{"posx":12,"posy":8,"amount":300}],"changedObstacles":[]},{"players":[{"playerId":1879247,"score":475,"energy":20,"posx":0,"posy":4,"lastAction":3,"status":0},{"playerId":2619262,"score":700,"energy":16,"posx":1,"posy":8,"lastAction":4,"status":0},{"playerId":1658775,"score":500,"energy":1,"posx":1,"posy":8,"lastAction":5,"status":0},{"playerId":2294637,"score":825,"energy":12,"posx":1,"posy":8,"lastAction":5,"status":0}],"golds":[{"posx":20,"posy":0,"amount":100},{"posx":14,"posy":1,"amount":150},{"posx":18,"posy":4,"amount":600},{"posx":17,"posy":5,"amount":300},{"posx":0,"posy":6,"amount":50},{"posx":14,"posy":6,"amount":50},{"posx":16,"posy":6,"amount":500},{"posx":8,"posy":7,"amount":450},{"posx":18,"posy":7,"amount":200},{"posx":1,"posy":8,"amount":50},{"posx":12,"posy":8,"amount":300}],"changedObstacles":[]},{"players":[{"playerId":1879247,"score":475,"energy":32,"posx":0,"posy":4,"lastAction":4,"status":0},{"playerId":2619262,"score":750,"energy":11,"posx":1,"posy":8,"lastAction":5,"status":0},{"playerId":1658775,"score":500,"energy":13,"posx":1,"posy":8,"lastAction":4,"status":0},{"playerId":2294637,"score":825,"energy":11,"posx":2,"posy":8,"lastAction":1,"status":0}],"golds":[{"posx":20,"posy":0,"amount":100},{"posx":14,"posy":1,"amount":150},{"posx":18,"posy":4,"amount":600},{"posx":17,"posy":5,"amount":300},{"posx":0,"posy":6,"amount":50},{"posx":14,"posy":6,"amount":50},{"posx":16,"posy":6,"amount":500},{"posx":8,"posy":7,"amount":450},{"posx":18,"posy":7,"amount":200},{"posx":12,"posy":8,"amount":300}],"changedObstacles":[{"type":0,"posx":1,"posy":8,"value":-1}]},{"players":[{"playerId":1879247,"score":475,"energy":16,"posx":0,"posy":5,"lastAction":3,"status":0},{"playerId":2619262,"score":750,"energy":10,"posx":1,"posy":7,"lastAction":2,"status":0},{"playerId":1658775,"score":500,"energy":12,"posx":2,"posy":8,"lastAction":1,"status":0},{"playerId":2294637,"score":825,"energy":10,"posx":3,"posy":8,"lastAction":1,"status":0}],"golds":[{"posx":20,"posy":0,"amount":100},{"posx":14,"posy":1,"amount":150},{"posx":18,"posy":4,"amount":600},{"posx":17,"posy":5,"amount":300},{"posx":0,"posy":6,"amount":50},{"posx":14,"posy":6,"amount":50},{"posx":16,"posy":6,"amount":500},{"posx":8,"posy":7,"amount":450},{"posx":18,"posy":7,"amount":200},{"posx":12,"posy":8,"amount":300}],"changedObstacles":[]},{"players":[{"playerId":1879247,"score":475,"energy":12,"posx":0,"posy":6,"lastAction":3,"status":0},{"playerId":2619262,"score":750,"energy":5,"posx":0,"posy":7,"lastAction":0,"status":0},{"playerId":1658775,"score":500,"energy":11,"posx":3,"posy":8,"lastAction":1,"status":0},{"playerId":2294637,"score":825,"energy":9,"posx":4,"posy":8,"lastAction":1,"status":0}],"golds":[{"posx":20,"posy":0,"amount":100},{"posx":14,"posy":1,"amount":150},{"posx":18,"posy":4,"amount":600},{"posx":17,"posy":5,"amount":300},{"posx":0,"posy":6,"amount":50},{"posx":14,"posy":6,"amount":50},{"posx":16,"posy":6,"amount":500},{"posx":8,"posy":7,"amount":450},{"posx":18,"posy":7,"amount":200},{"posx":12,"posy":8,"amount":300}],"changedObstacles":[{"type":3,"posx":0,"posy":7,"value":-20}]},{"players":[{"playerId":1879247,"score":525,"energy":7,"posx":0,"posy":6,"lastAction":5,"status":0},{"playerId":2619262,"score":750,"energy":1,"posx":0,"posy":6,"lastAction":2,"status":0},{"playerId":1658775,"score":500,"energy":10,"posx":4,"posy":8,"lastAction":1,"status":0},{"playerId":2294637,"score":825,"energy":8,"posx":5,"posy":8,"lastAction":1,"status":0}],"golds":[{"posx":20,"posy":0,"amount":100},{"posx":14,"posy":1,"amount":150},{"posx":18,"posy":4,"amount":600},{"posx":17,"posy":5,"amount":300},{"posx":14,"posy":6,"amount":50},{"posx":16,"posy":6,"amount":500},{"posx":8,"posy":7,"amount":450},{"posx":18,"posy":7,"amount":200},{"posx":12,"posy":8,"amount":300}],"changedObstacles":[{"type":0,"posx":0,"posy":6,"value":-1}]},{"players":[{"playerId":1879247,"score":525,"energy":6,"posx":1,"posy":6,"lastAction":1,"status":0},{"playerId":2619262,"score":750,"energy":13,"posx":0,"posy":6,"lastAction":4,"status":0},{"playerId":1658775,"score":500,"energy":22,"posx":4,"posy":8,"lastAction":4,"status":0},{"playerId":2294637,"score":825,"energy":20,"posx":5,"posy":8,"lastAction":4,"status":0}],"golds":[{"posx":20,"posy":0,"amount":100},{"posx":14,"posy":1,"amount":150},{"posx":18,"posy":4,"amount":600},{"posx":17,"posy":5,"amount":300},{"posx":14,"posy":6,"amount":50},{"posx":16,"posy":6,"amount":500},{"posx":8,"posy":7,"amount":450},{"posx":18,"posy":7,"amount":200},{"posx":12,"posy":8,"amount":300}],"changedObstacles":[]},{"players":[{"playerId":1879247,"score":525,"energy":5,"posx":2,"posy":6,"lastAction":1,"status":0},{"playerId":2619262,"score":750,"energy":12,"posx":1,"posy":6,"lastAction":1,"status":0},{"playerId":1658775,"score":500,"energy":21,"posx":5,"posy":8,"lastAction":1,"status":0},{"playerId":2294637,"score":825,"energy":36,"posx":5,"posy":8,"lastAction":4,"status":0}],"golds":[{"posx":20,"posy":0,"amount":100},{"posx":14,"posy":1,"amount":150},{"posx":18,"posy":4,"amount":600},{"posx":17,"posy":5,"amount":300},{"posx":14,"posy":6,"amount":50},{"posx":16,"posy":6,"amount":500},{"posx":8,"posy":7,"amount":450},{"posx":18,"posy":7,"amount":200},{"posx":12,"posy":8,"amount":300}],"changedObstacles":[]},{"players":[{"playerId":1879247,"score":525,"energy":4,"posx":3,"posy":6,"lastAction":1,"status":0},{"playerId":2619262,"score":750,"energy":11,"posx":2,"posy":6,"lastAction":1,"status":0},{"playerId":1658775,"score":500,"energy":20,"posx":6,"posy":8,"lastAction":1,"status":0},{"playerId":2294637,"score":825,"energy":50,"posx":5,"posy":8,"lastAction":4,"status":0}],"golds":[{"posx":20,"posy":0,"amount":100},{"posx":14,"posy":1,"amount":150},{"posx":18,"posy":4,"amount":600},{"posx":17,"posy":5,"amount":300},{"posx":14,"posy":6,"amount":50},{"posx":16,"posy":6,"amount":500},{"posx":8,"posy":7,"amount":450},{"posx":18,"posy":7,"amount":200},{"posx":12,"posy":8,"amount":300}],"changedObstacles":[]},{"players":[{"playerId":1879247,"score":525,"energy":16,"posx":3,"posy":6,"lastAction":4,"status":0},{"playerId":2619262,"score":750,"energy":10,"posx":3,"posy":6,"lastAction":1,"status":0},{"playerId":1658775,"score":500,"energy":19,"posx":7,"posy":8,"lastAction":1,"status":0},{"playerId":2294637,"score":825,"energy":49,"posx":6,"posy":8,"lastAction":1,"status":0}],"golds":[{"posx":20,"posy":0,"amount":100},{"posx":14,"posy":1,"amount":150},{"posx":18,"posy":4,"amount":600},{"posx":17,"posy":5,"amount":300},{"posx":14,"posy":6,"amount":50},{"posx":16,"posy":6,"amount":500},{"posx":8,"posy":7,"amount":450},{"posx":18,"posy":7,"amount":200},{"posx":12,"posy":8,"amount":300}],"changedObstacles":[]},{"players":[{"playerId":1879247,"score":525,"energy":6,"posx":3,"posy":7,"lastAction":3,"status":0},{"playerId":2619262,"score":750,"energy":5,"posx":4,"posy":6,"lastAction":1,"status":0},{"playerId":1658775,"score":500,"energy":18,"posx":8,"posy":8,"lastAction":1,"status":0},{"playerId":2294637,"score":825,"energy":48,"posx":7,"posy":8,"lastAction":1,"status":0}],"golds":[{"posx":20,"posy":0,"amount":100},{"posx":14,"posy":1,"amount":150},{"posx":18,"posy":4,"amount":600},{"posx":17,"posy":5,"amount":300},{"posx":14,"posy":6,"amount":50},{"posx":16,"posy":6,"amount":500},{"posx":8,"posy":7,"amount":450},{"posx":18,"posy":7,"amount":200},{"posx":12,"posy":8,"amount":300}],"changedObstacles":[{"type":0,"posx":3,"posy":7,"value":-1},{"type":3,"posx":4,"posy":6,"value":-20}]},{"players":[{"playerId":1879247,"score":525,"energy":18,"posx":3,"posy":7,"lastAction":4,"status":0},{"playerId":2619262,"score":750,"energy":17,"posx":4,"posy":6,"lastAction":4,"status":0},{"playerId":1658775,"score":500,"energy":30,"posx":8,"posy":8,"lastAction":4,"status":0},{"playerId":2294637,"score":825,"energy":47,"posx":8,"posy":8,"lastAction":1,"status":0}],"golds":[{"posx":20,"posy":0,"amount":100},{"posx":14,"posy":1,"amount":150},{"posx":18,"posy":4,"amount":600},{"posx":17,"posy":5,"amount":300},{"posx":14,"posy":6,"amount":50},{"posx":16,"posy":6,"amount":500},{"posx":8,"posy":7,"amount":450},{"posx":18,"posy":7,"amount":200},{"posx":12,"posy":8,"amount":300}],"changedObstacles":[]},{"players":[{"playerId":1879247,"score":525,"energy":8,"posx":4,"posy":7,"lastAction":1,"status":0},{"playerId":2619262,"score":750,"energy":7,"posx":5,"posy":6,"lastAction":1,"status":0},{"playerId":1658775,"score":500,"energy":26,"posx":8,"posy":7,"lastAction":2,"status":0},{"playerId":2294637,"score":825,"energy":43,"posx":8,"posy":7,"lastAction":2,"status":0}],"golds":[{"posx":20,"posy":0,"amount":100},{"posx":14,"posy":1,"amount":150},{"posx":18,"posy":4,"amount":600},{"posx":17,"posy":5,"amount":300},{"posx":14,"posy":6,"amount":50},{"posx":16,"posy":6,"amount":500},{"posx":8,"posy":7,"amount":450},{"posx":18,"posy":7,"amount":200},{"posx":12,"posy":8,"amount":300}],"changedObstacles":[{"type":0,"posx":4,"posy":7,"value":-1},{"type":0,"posx":5,"posy":6,"value":-1}]},{"players":[{"playerId":1879247,"score":525,"energy":7,"posx":5,"posy":7,"lastAction":1,"status":0},{"playerId":2619262,"score":750,"energy":6,"posx":6,"posy":6,"lastAction":1,"status":0},{"playerId":1658775,"score":550,"energy":21,"posx":8,"posy":7,"lastAction":5,"status":0},{"playerId":2294637,"score":875,"energy":38,"posx":8,"posy":7,"lastAction":5,"status":0}],"golds":[{"posx":20,"posy":0,"amount":100},{"posx":14,"posy":1,"amount":150},{"posx":18,"posy":4,"amount":600},{"posx":17,"posy":5,"amount":300},{"posx":14,"posy":6,"amount":50},{"posx":16,"posy":6,"amount":500},{"posx":8,"posy":7,"amount":350},{"posx":18,"posy":7,"amount":200},{"posx":12,"posy":8,"amount":300}],"changedObstacles":[]},{"players":[{"playerId":1879247,"score":525,"energy":19,"posx":5,"posy":7,"lastAction":4,"status":0},{"playerId":2619262,"score":750,"energy":5,"posx":7,"posy":6,"lastAction":1,"status":0},{"playerId":1658775,"score":600,"energy":16,"posx":8,"posy":7,"lastAction":5,"status":0},{"playerId":2294637,"score":925,"energy":33,"posx":8,"posy":7,"lastAction":5,"status":0}],"golds":[{"posx":20,"posy":0,"amount":100},{"posx":14,"posy":1,"amount":150},{"posx":18,"posy":4,"amount":600},{"posx":17,"posy":5,"amount":300},{"posx":14,"posy":6,"amount":50},{"posx":16,"posy":6,"amount":500},{"posx":8,"posy":7,"amount":250},{"posx":18,"posy":7,"amount":200},{"posx":12,"posy":8,"amount":300}],"changedObstacles":[]},{"players":[{"playerId":1879247,"score":525,"energy":35,"posx":5,"posy":7,"lastAction":4,"status":0},{"playerId":2619262,"score":750,"energy":4,"posx":7,"posy":7,"lastAction":3,"status":0},{"playerId":1658775,"score":650,"energy":11,"posx":8,"posy":7,"lastAction":5,"status":0},{"playerId":2294637,"score":975,"energy":28,"posx":8,"posy":7,"lastAction":5,"status":0}],"golds":[{"posx":20,"posy":0,"amount":100},{"posx":14,"posy":1,"amount":150},{"posx":18,"posy":4,"amount":600},{"posx":17,"posy":5,"amount":300},{"posx":14,"posy":6,"amount":50},{"posx":16,"posy":6,"amount":500},{"posx":8,"posy":7,"amount":150},{"posx":18,"posy":7,"amount":200},{"posx":12,"posy":8,"amount":300}],"changedObstacles":[]},{"players":[{"playerId":1879247,"score":525,"energy":15,"posx":6,"posy":7,"lastAction":1,"status":0},{"playerId":2619262,"score":750,"energy":16,"posx":7,"posy":7,"lastAction":4,"status":0},{"playerId":1658775,"score":700,"energy":6,"posx":8,"posy":7,"lastAction":5,"status":0},{"playerId":2294637,"score":1025,"energy":23,"posx":8,"posy":7,"lastAction":5,"status":0}],"golds":[{"posx":20,"posy":0,"amount":100},{"posx":14,"posy":1,"amount":150},{"posx":18,"posy":4,"amount":600},{"posx":17,"posy":5,"amount":300},{"posx":14,"posy":6,"amount":50},{"posx":16,"posy":6,"amount":500},{"posx":8,"posy":7,"amount":50},{"posx":18,"posy":7,"amount":200},{"posx":12,"posy":8,"amount":300}],"changedObstacles":[{"type":3,"posx":6,"posy":7,"value":-40}]},{"players":[{"playerId":1879247,"score":525,"energy":14,"posx":7,"posy":7,"lastAction":1,"status":0},{"playerId":2619262,"score":750,"energy":12,"posx":8,"posy":7,"lastAction":1,"status":0},{"playerId":1658775,"score":725,"energy":1,"posx":8,"posy":7,"lastAction":5,"status":0},{"playerId":2294637,"score":1050,"energy":18,"posx":8,"posy":7,"lastAction":5,"status":0}],"golds":[{"posx":20,"posy":0,"amount":100},{"posx":14,"posy":1,"amount":150},{"posx":18,"posy":4,"amount":600},{"posx":17,"posy":5,"amount":300},{"posx":14,"posy":6,"amount":50},{"posx":16,"posy":6,"amount":500},{"posx":18,"posy":7,"amount":200},{"posx":12,"posy":8,"amount":300}],"changedObstacles":[{"type":0,"posx":8,"posy":7,"value":-1}]},{"players":[{"playerId":1879247,"score":525,"energy":13,"posx":8,"posy":7,"lastAction":1,"status":0},{"playerId":2619262,"score":750,"energy":11,"posx":8,"posy":6,"lastAction":2,"status":0},{"playerId":1658775,"score":725,"energy":13,"posx":8,"posy":7,"lastAction":4,"status":0},{"playerId":2294637,"score":1050,"energy":30,"posx":8,"posy":7,"lastAction":4,"status":0}],"golds":[{"posx":20,"posy":0,"amount":100},{"posx":14,"posy":1,"amount":150},{"posx":18,"posy":4,"amount":600},{"posx":17,"posy":5,"amount":300},{"posx":14,"posy":6,"amount":50},{"posx":16,"posy":6,"amount":500},{"posx":18,"posy":7,"amount":200},{"posx":12,"posy":8,"amount":300}],"changedObstacles":[]},{"players":[{"playerId":1879247,"score":525,"energy":12,"posx":8,"posy":8,"lastAction":3,"status":0},{"playerId":2619262,"score":750,"energy":10,"posx":9,"posy":6,"lastAction":1,"status":0},{"playerId":1658775,"score":725,"energy":29,"posx":8,"posy":7,"lastAction":4,"status":0},{"playerId":2294637,"score":1050,"energy":46,"posx":8,"posy":7,"lastAction":4,"status":0}],"golds":[{"posx":20,"posy":0,"amount":100},{"posx":14,"posy":1,"amount":150},{"posx":18,"posy":4,"amount":600},{"posx":17,"posy":5,"amount":300},{"posx":14,"posy":6,"amount":50},{"posx":16,"posy":6,"amount":500},{"posx":18,"posy":7,"amount":200},{"posx":12,"posy":8,"amount":300}],"changedObstacles":[]},{"players":[{"playerId":1879247,"score":525,"energy":24,"posx":8,"posy":8,"lastAction":4,"status":0},{"playerId":2619262,"score":750,"energy":9,"posx":10,"posy":6,"lastAction":1,"status":0},{"playerId":1658775,"score":725,"energy":9,"posx":9,"posy":7,"lastAction":1,"status":0},{"playerId":2294637,"score":1050,"energy":45,"posx":8,"posy":6,"lastAction":2,"status":0}],"golds":[{"posx":20,"posy":0,"amount":100},{"posx":14,"posy":1,"amount":150},{"posx":18,"posy":4,"amount":600},{"posx":17,"posy":5,"amount":300},{"posx":14,"posy":6,"amount":50},{"posx":16,"posy":6,"amount":500},{"posx":18,"posy":7,"amount":200},{"posx":12,"posy":8,"amount":300}],"changedObstacles":[]},{"players":[{"playerId":1879247,"score":525,"energy":8,"posx":9,"posy":8,"lastAction":1,"status":0},{"playerId":2619262,"score":750,"energy":4,"posx":11,"posy":6,"lastAction":1,"status":0},{"playerId":1658775,"score":725,"energy":21,"posx":9,"posy":7,"lastAction":4,"status":0},{"playerId":2294637,"score":1050,"energy":44,"posx":9,"posy":6,"lastAction":1,"status":0}],"golds":[{"posx":20,"posy":0,"amount":100},{"posx":14,"posy":1,"amount":150},{"posx":18,"posy":4,"amount":600},{"posx":17,"posy":5,"amount":300},{"posx":14,"posy":6,"amount":50},{"posx":16,"posy":6,"amount":500},{"posx":18,"posy":7,"amount":200},{"posx":12,"posy":8,"amount":300}],"changedObstacles":[{"type":3,"posx":11,"posy":6,"value":-20}]},{"players":[{"playerId":1879247,"score":525,"energy":7,"posx":10,"posy":8,"lastAction":1,"status":0},{"playerId":2619262,"score":750,"energy":3,"posx":11,"posy":7,"lastAction":3,"status":0},{"playerId":1658775,"score":725,"energy":20,"posx":10,"posy":7,"lastAction":1,"status":0},{"playerId":2294637,"score":1050,"energy":43,"posx":10,"posy":6,"lastAction":1,"status":0}],"golds":[{"posx":20,"posy":0,"amount":100},{"posx":14,"posy":1,"amount":150},{"posx":18,"posy":4,"amount":600},{"posx":17,"posy":5,"amount":300},{"posx":14,"posy":6,"amount":50},{"posx":16,"posy":6,"amount":500},{"posx":18,"posy":7,"amount":200},{"posx":12,"posy":8,"amount":300}],"changedObstacles":[]},{"players":[{"playerId":1879247,"score":525,"energy":2,"posx":11,"posy":8,"lastAction":1,"status":0},{"playerId":2619262,"score":750,"energy":15,"posx":11,"posy":7,"lastAction":4,"status":0},{"playerId":1658775,"score":725,"energy":19,"posx":11,"posy":7,"lastAction":1,"status":0},{"playerId":2294637,"score":1050,"energy":23,"posx":11,"posy":6,"lastAction":1,"status":0}],"golds":[{"posx":20,"posy":0,"amount":100},{"posx":14,"posy":1,"amount":150},{"posx":18,"posy":4,"amount":600},{"posx":17,"posy":5,"amount":300},{"posx":14,"posy":6,"amount":50},{"posx":16,"posy":6,"amount":500},{"posx":18,"posy":7,"amount":200},{"posx":12,"posy":8,"amount":300}],"changedObstacles":[{"type":3,"posx":11,"posy":6,"value":-40},{"type":3,"posx":11,"posy":8,"value":-20}]},{"players":[{"playerId":1879247,"score":525,"energy":14,"posx":11,"posy":8,"lastAction":4,"status":0},{"playerId":2619262,"score":750,"energy":14,"posx":12,"posy":7,"lastAction":1,"status":0},{"playerId":1658775,"score":725,"energy":18,"posx":12,"posy":7,"lastAction":1,"status":0},{"playerId":2294637,"score":1050,"energy":18,"posx":12,"posy":6,"lastAction":1,"status":0}],"golds":[{"posx":20,"posy":0,"amount":100},{"posx":14,"posy":1,"amount":150},{"posx":18,"posy":4,"amount":600},{"posx":17,"posy":5,"amount":300},{"posx":14,"posy":6,"amount":50},{"posx":16,"posy":6,"amount":500},{"posx":18,"posy":7,"amount":200},{"posx":12,"posy":8,"amount":300}],"changedObstacles":[{"type":3,"posx":12,"posy":6,"value":-20}]},{"players":[{"playerId":1879247,"score":525,"energy":10,"posx":12,"posy":8,"lastAction":1,"status":0},{"playerId":2619262,"score":750,"energy":10,"posx":12,"posy":8,"lastAction":3,"status":0},{"playerId":1658775,"score":725,"energy":30,"posx":12,"posy":7,"lastAction":4,"status":0},{"playerId":2294637,"score":1050,"energy":17,"posx":13,"posy":6,"lastAction":1,"status":0}],"golds":[{"posx":20,"posy":0,"amount":100},{"posx":14,"posy":1,"amount":150},{"posx":18,"posy":4,"amount":600},{"posx":17,"posy":5,"amount":300},{"posx":14,"posy":6,"amount":50},{"posx":16,"posy":6,"amount":500},{"posx":18,"posy":7,"amount":200},{"posx":12,"posy":8,"amount":300}],"changedObstacles":[]},{"players":[{"playerId":1879247,"score":575,"energy":5,"posx":12,"posy":8,"lastAction":5,"status":0},{"playerId":2619262,"score":800,"energy":5,"posx":12,"posy":8,"lastAction":5,"status":0},{"playerId":1658775,"score":725,"energy":11,"posx":13,"posy":7,"lastAction":1,"status":0},{"playerId":2294637,"score":1050,"energy":13,"posx":14,"posy":6,"lastAction":1,"status":0}],"golds":[{"posx":20,"posy":0,"amount":100},{"posx":14,"posy":1,"amount":150},{"posx":18,"posy":4,"amount":600},{"posx":17,"posy":5,"amount":300},{"posx":14,"posy":6,"amount":50},{"posx":16,"posy":6,"amount":500},{"posx":18,"posy":7,"amount":200},{"posx":12,"posy":8,"amount":200}],"changedObstacles":[]},{"players":[{"playerId":1879247,"score":575,"energy":17,"posx":12,"posy":8,"lastAction":4,"status":0},{"playerId":2619262,"score":800,"energy":17,"posx":12,"posy":8,"lastAction":4,"status":0},{"playerId":1658775,"score":725,"energy":10,"posx":14,"posy":7,"lastAction":1,"status":0},{"playerId":2294637,"score":1100,"energy":8,"posx":14,"posy":6,"lastAction":5,"status":0}],"golds":[{"posx":20,"posy":0,"amount":100},{"posx":14,"posy":1,"amount":150},{"posx":18,"posy":4,"amount":600},{"posx":17,"posy":5,"amount":300},{"posx":16,"posy":6,"amount":500},{"posx":18,"posy":7,"amount":200},{"posx":12,"posy":8,"amount":200}],"changedObstacles":[{"type":0,"posx":14,"posy":6,"value":-1}]},{"players":[{"playerId":1879247,"score":625,"energy":12,"posx":12,"posy":8,"lastAction":5,"status":0},{"playerId":2619262,"score":850,"energy":12,"posx":12,"posy":8,"lastAction":5,"status":0},{"playerId":1658775,"score":725,"energy":22,"posx":14,"posy":7,"lastAction":4,"status":0},{"playerId":2294637,"score":1100,"energy":3,"posx":15,"posy":6,"lastAction":1,"status":0}],"golds":[{"posx":20,"posy":0,"amount":100},{"posx":14,"posy":1,"amount":150},{"posx":18,"posy":4,"amount":600},{"posx":17,"posy":5,"amount":300},{"posx":16,"posy":6,"amount":500},{"posx":18,"posy":7,"amount":200},{"posx":12,"posy":8,"amount":100}],"changedObstacles":[{"type":3,"posx":15,"posy":6,"value":-20}]},{"players":[{"playerId":1879247,"score":675,"energy":7,"posx":12,"posy":8,"lastAction":5,"status":0},{"playerId":2619262,"score":900,"energy":7,"posx":12,"posy":8,"lastAction":5,"status":0},{"playerId":1658775,"score":725,"energy":17,"posx":15,"posy":7,"lastAction":1,"status":0},{"playerId":2294637,"score":1100,"energy":15,"posx":15,"posy":6,"lastAction":4,"status":0}],"golds":[{"posx":20,"posy":0,"amount":100},{"posx":14,"posy":1,"amount":150},{"posx":18,"posy":4,"amount":600},{"posx":17,"posy":5,"amount":300},{"posx":16,"posy":6,"amount":500},{"posx":18,"posy":7,"amount":200}],"changedObstacles":[{"type":3,"posx":15,"posy":7,"value":-20},{"type":0,"posx":12,"posy":8,"value":-1}]},{"players":[{"playerId":1879247,"score":675,"energy":6,"posx":12,"posy":7,"lastAction":2,"status":0},{"playerId":2619262,"score":900,"energy":19,"posx":12,"posy":8,"lastAction":4,"status":0},{"playerId":1658775,"score":725,"energy":16,"posx":16,"posy":7,"lastAction":1,"status":0},{"playerId":2294637,"score":1100,"energy":31,"posx":15,"posy":6,"lastAction":4,"status":0}],"golds":[{"posx":20,"posy":0,"amount":100},{"posx":14,"posy":1,"amount":150},{"posx":18,"posy":4,"amount":600},{"posx":17,"posy":5,"amount":300},{"posx":16,"posy":6,"amount":500},{"posx":18,"posy":7,"amount":200}],"changedObstacles":[]},{"players":[{"playerId":1879247,"score":675,"energy":18,"posx":12,"posy":7,"lastAction":4,"status":0},{"playerId":2619262,"score":900,"energy":9,"posx":13,"posy":8,"lastAction":1,"status":0},{"playerId":1658775,"score":725,"energy":12,"posx":16,"posy":6,"lastAction":2,"status":0},{"playerId":2294637,"score":1100,"energy":50,"posx":15,"posy":6,"lastAction":4,"status":0}],"golds":[{"posx":20,"posy":0,"amount":100},{"posx":14,"posy":1,"amount":150},{"posx":18,"posy":4,"amount":600},{"posx":17,"posy":5,"amount":300},{"posx":16,"posy":6,"amount":500},{"posx":18,"posy":7,"amount":200}],"changedObstacles":[{"type":0,"posx":13,"posy":8,"value":-1}]},{"players":[{"playerId":1879247,"score":675,"energy":34,"posx":12,"posy":7,"lastAction":4,"status":0},{"playerId":2619262,"score":900,"energy":21,"posx":13,"posy":8,"lastAction":4,"status":0},{"playerId":1658775,"score":775,"energy":7,"posx":16,"posy":6,"lastAction":5,"status":0},{"playerId":2294637,"score":1100,"energy":46,"posx":16,"posy":6,"lastAction":1,"status":0}],"golds":[{"posx":20,"posy":0,"amount":100},{"posx":14,"posy":1,"amount":150},{"posx":18,"posy":4,"amount":600},{"posx":17,"posy":5,"amount":300},{"posx":16,"posy":6,"amount":450},{"posx":18,"posy":7,"amount":200}],"changedObstacles":[]},{"players":[{"playerId":1879247,"score":675,"energy":22,"posx":13,"posy":7,"lastAction":1,"status":0},{"playerId":2619262,"score":900,"energy":11,"posx":14,"posy":8,"lastAction":1,"status":0},{"playerId":1658775,"score":825,"energy":2,"posx":16,"posy":6,"lastAction":5,"status":0},{"playerId":2294637,"score":1150,"energy":41,"posx":16,"posy":6,"lastAction":5,"status":0}],"golds":[{"posx":20,"posy":0,"amount":100},{"posx":14,"posy":1,"amount":150},{"posx":18,"posy":4,"amount":600},{"posx":17,"posy":5,"amount":300},{"posx":16,"posy":6,"amount":350},{"posx":18,"posy":7,"amount":200}],"changedObstacles":[{"type":0,"posx":14,"posy":8,"value":-1}]},{"players":[{"playerId":1879247,"score":675,"energy":21,"posx":14,"posy":7,"lastAction":1,"status":0},{"playerId":2619262,"score":900,"energy":10,"posx":15,"posy":8,"lastAction":1,"status":0},{"playerId":1658775,"score":825,"energy":14,"posx":16,"posy":6,"lastAction":4,"status":0},{"playerId":2294637,"score":1200,"energy":36,"posx":16,"posy":6,"lastAction":5,"status":0}],"golds":[{"posx":20,"posy":0,"amount":100},{"posx":14,"posy":1,"amount":150},{"posx":18,"posy":4,"amount":600},{"posx":17,"posy":5,"amount":300},{"posx":16,"posy":6,"amount":300},{"posx":18,"posy":7,"amount":200}],"changedObstacles":[]},{"players":[{"playerId":1879247,"score":675,"energy":20,"posx":14,"posy":6,"lastAction":2,"status":0},{"playerId":2619262,"score":900,"energy":9,"posx":16,"posy":8,"lastAction":1,"status":0},{"playerId":1658775,"score":875,"energy":9,"posx":16,"posy":6,"lastAction":5,"status":0},{"playerId":2294637,"score":1250,"energy":31,"posx":16,"posy":6,"lastAction":5,"status":0}],"golds":[{"posx":20,"posy":0,"amount":100},{"posx":14,"posy":1,"amount":150},{"posx":18,"posy":4,"amount":600},{"posx":17,"posy":5,"amount":300},{"posx":16,"posy":6,"amount":200},{"posx":18,"posy":7,"amount":200}],"changedObstacles":[]},{"players":[{"playerId":1879247,"score":675,"energy":32,"posx":14,"posy":6,"lastAction":4,"status":0},{"playerId":2619262,"score":900,"energy":8,"posx":16,"posy":7,"lastAction":2,"status":0},{"playerId":1658775,"score":925,"energy":4,"posx":16,"posy":6,"lastAction":5,"status":0},{"playerId":2294637,"score":1300,"energy":26,"posx":16,"posy":6,"lastAction":5,"status":0}],"golds":[{"posx":20,"posy":0,"amount":100},{"posx":14,"posy":1,"amount":150},{"posx":18,"posy":4,"amount":600},{"posx":17,"posy":5,"amount":300},{"posx":16,"posy":6,"amount":100},{"posx":18,"posy":7,"amount":200}],"changedObstacles":[]},{"players":[{"playerId":1879247,"score":675,"energy":12,"posx":15,"posy":6,"lastAction":1,"status":0},{"playerId":2619262,"score":900,"energy":4,"posx":16,"posy":6,"lastAction":2,"status":0},{"playerId":1658775,"score":925,"energy":16,"posx":16,"posy":6,"lastAction":4,"status":0},{"playerId":2294637,"score":1350,"energy":21,"posx":16,"posy":6,"lastAction":5,"status":0}],"golds":[{"posx":20,"posy":0,"amount":100},{"posx":14,"posy":1,"amount":150},{"posx":18,"posy":4,"amount":600},{"posx":17,"posy":5,"amount":300},{"posx":16,"posy":6,"amount":50},{"posx":18,"posy":7,"amount":200}],"changedObstacles":[{"type":3,"posx":15,"posy":6,"value":-40}]},{"players":[{"playerId":1879247,"score":675,"energy":8,"posx":16,"posy":6,"lastAction":1,"status":0},{"playerId":2619262,"score":900,"energy":16,"posx":16,"posy":6,"lastAction":4,"status":0},{"playerId":1658775,"score":975,"energy":11,"posx":16,"posy":6,"lastAction":5,"status":0},{"playerId":2294637,"score":1350,"energy":20,"posx":17,"posy":6,"lastAction":1,"status":0}],"golds":[{"posx":20,"posy":0,"amount":100},{"posx":14,"posy":1,"amount":150},{"posx":18,"posy":4,"amount":600},{"posx":17,"posy":5,"amount":300},{"posx":18,"posy":7,"amount":200}],"changedObstacles":[{"type":0,"posx":16,"posy":6,"value":-1}]},{"players":[{"playerId":1879247,"score":675,"energy":7,"posx":17,"posy":6,"lastAction":1,"status":0},{"playerId":2619262,"score":900,"energy":15,"posx":17,"posy":6,"lastAction":1,"status":0},{"playerId":1658775,"score":975,"energy":10,"posx":17,"posy":6,"lastAction":1,"status":0},{"playerId":2294637,"score":1350,"energy":19,"posx":18,"posy":6,"lastAction":1,"status":0}],"golds":[{"posx":20,"posy":0,"amount":100},{"posx":14,"posy":1,"amount":150},{"posx":18,"posy":4,"amount":600},{"posx":17,"posy":5,"amount":300},{"posx":18,"posy":7,"amount":200}],"changedObstacles":[]},{"players":[{"playerId":1879247,"score":675,"energy":3,"posx":17,"posy":5,"lastAction":2,"status":0},{"playerId":2619262,"score":900,"energy":11,"posx":17,"posy":5,"lastAction":2,"status":0},{"playerId":1658775,"score":975,"energy":22,"posx":17,"posy":6,"lastAction":4,"status":0},{"playerId":2294637,"score":1350,"energy":31,"posx":18,"posy":6,"lastAction":4,"status":0}],"golds":[{"posx":20,"posy":0,"amount":100},{"posx":14,"posy":1,"amount":150},{"posx":18,"posy":4,"amount":600},{"posx":17,"posy":5,"amount":300},{"posx":18,"posy":7,"amount":200}],"changedObstacles":[]},{"players":[{"playerId":1879247,"score":675,"energy":15,"posx":17,"posy":5,"lastAction":4,"status":0},{"playerId":2619262,"score":950,"energy":6,"posx":17,"posy":5,"lastAction":5,"status":0},{"playerId":1658775,"score":975,"energy":18,"posx":17,"posy":5,"lastAction":2,"status":0},{"playerId":2294637,"score":1350,"energy":47,"posx":18,"posy":6,"lastAction":4,"status":0}],"golds":[{"posx":20,"posy":0,"amount":100},{"posx":14,"posy":1,"amount":150},{"posx":18,"posy":4,"amount":600},{"posx":17,"posy":5,"amount":250},{"posx":18,"posy":7,"amount":200}],"changedObstacles":[]},{"players":[{"playerId":1879247,"score":725,"energy":10,"posx":17,"posy":5,"lastAction":5,"status":0},{"playerId":2619262,"score":1000,"energy":1,"posx":17,"posy":5,"lastAction":5,"status":0},{"playerId":1658775,"score":1025,"energy":13,"posx":17,"posy":5,"lastAction":5,"status":0},{"playerId":2294637,"score":1350,"energy":35,"posx":18,"posy":5,"lastAction":2,"status":0}],"golds":[{"posx":20,"posy":0,"amount":100},{"posx":14,"posy":1,"amount":150},{"posx":18,"posy":4,"amount":600},{"posx":17,"posy":5,"amount":100},{"posx":18,"posy":7,"amount":200}],"changedObstacles":[]},{"players":[{"playerId":1879247,"score":775,"energy":5,"posx":17,"posy":5,"lastAction":5,"status":0},{"playerId":2619262,"score":1000,"energy":13,"posx":17,"posy":5,"lastAction":4,"status":0},{"playerId":1658775,"score":1075,"energy":8,"posx":17,"posy":5,"lastAction":5,"status":0},{"playerId":2294637,"score":1350,"energy":31,"posx":18,"posy":4,"lastAction":2,"status":0}],"golds":[{"posx":20,"posy":0,"amount":100},{"posx":14,"posy":1,"amount":150},{"posx":18,"posy":4,"amount":600},{"posx":18,"posy":7,"amount":200}],"changedObstacles":[{"type":0,"posx":17,"posy":5,"value":-1}]},{"players":[{"playerId":1879247,"score":775,"energy":17,"posx":17,"posy":5,"lastAction":4,"status":0},{"playerId":2619262,"score":1000,"energy":12,"posx":17,"posy":6,"lastAction":3,"status":0},{"playerId":1658775,"score":1075,"energy":20,"posx":17,"posy":5,"lastAction":4,"status":0},{"playerId":2294637,"score":1400,"energy":26,"posx":18,"posy":4,"lastAction":5,"status":0}],"golds":[{"posx":20,"posy":0,"amount":100},{"posx":14,"posy":1,"amount":150},{"posx":18,"posy":4,"amount":550},{"posx":18,"posy":7,"amount":200}],"changedObstacles":[]},{"players":[{"playerId":1879247,"score":775,"energy":33,"posx":17,"posy":5,"lastAction":4,"status":0},{"playerId":2619262,"score":1000,"energy":11,"posx":17,"posy":7,"lastAction":3,"status":0},{"playerId":1658775,"score":1075,"energy":36,"posx":17,"posy":5,"lastAction":4,"status":0},{"playerId":2294637,"score":1450,"energy":21,"posx":18,"posy":4,"lastAction":5,"status":0}],"golds":[{"posx":20,"posy":0,"amount":100},{"posx":14,"posy":1,"amount":150},{"posx":18,"posy":4,"amount":500},{"posx":18,"posy":7,"amount":200}],"changedObstacles":[]},{"players":[{"playerId":1879247,"score":775,"energy":20,"posx":18,"posy":5,"lastAction":1,"status":0},{"playerId":2619262,"score":1000,"energy":7,"posx":18,"posy":7,"lastAction":1,"status":0},{"playerId":1658775,"score":1075,"energy":19,"posx":18,"posy":5,"lastAction":1,"status":0},{"playerId":2294637,"score":1500,"energy":16,"posx":18,"posy":4,"lastAction":5,"status":0}],"golds":[{"posx":20,"posy":0,"amount":100},{"posx":14,"posy":1,"amount":150},{"posx":18,"posy":4,"amount":450},{"posx":18,"posy":7,"amount":200}],"changedObstacles":[]},{"players":[{"playerId":1879247,"score":775,"energy":16,"posx":18,"posy":4,"lastAction":2,"status":0},{"playerId":2619262,"score":1050,"energy":2,"posx":18,"posy":7,"lastAction":5,"status":0},{"playerId":1658775,"score":1075,"energy":15,"posx":18,"posy":4,"lastAction":2,"status":0},{"playerId":2294637,"score":1550,"energy":11,"posx":18,"posy":4,"lastAction":5,"status":0}],"golds":[{"posx":20,"posy":0,"amount":100},{"posx":14,"posy":1,"amount":150},{"posx":18,"posy":4,"amount":400},{"posx":18,"posy":7,"amount":150}],"changedObstacles":[]},{"players":[{"playerId":1879247,"score":825,"energy":11,"posx":18,"posy":4,"lastAction":5,"status":0},{"playerId":2619262,"score":1050,"energy":14,"posx":18,"posy":7,"lastAction":4,"status":0},{"playerId":1658775,"score":1125,"energy":10,"posx":18,"posy":4,"lastAction":5,"status":0},{"playerId":2294637,"score":1600,"energy":6,"posx":18,"posy":4,"lastAction":5,"status":0}],"golds":[{"posx":20,"posy":0,"amount":100},{"posx":14,"posy":1,"amount":150},{"posx":18,"posy":4,"amount":250},{"posx":18,"posy":7,"amount":150}],"changedObstacles":[]},{"players":[{"playerId":1879247,"score":875,"energy":6,"posx":18,"posy":4,"lastAction":5,"status":0},{"playerId":2619262,"score":1100,"energy":9,"posx":18,"posy":7,"lastAction":5,"status":0},{"playerId":1658775,"score":1175,"energy":5,"posx":18,"posy":4,"lastAction":5,"status":0},{"playerId":2294637,"score":1650,"energy":1,"posx":18,"posy":4,"lastAction":5,"status":0}],"golds":[{"posx":20,"posy":0,"amount":100},{"posx":14,"posy":1,"amount":150},{"posx":18,"posy":4,"amount":100},{"posx":18,"posy":7,"amount":100}],"changedObstacles":[]},{"players":[{"playerId":1879247,"score":925,"energy":1,"posx":18,"posy":4,"lastAction":5,"status":0},{"playerId":2619262,"score":1150,"energy":4,"posx":18,"posy":7,"lastAction":5,"status":0},{"playerId":1658775,"score":1175,"energy":17,"posx":18,"posy":4,"lastAction":4,"status":0},{"playerId":2294637,"score":1650,"energy":13,"posx":18,"posy":4,"lastAction":4,"status":0}],"golds":[{"posx":20,"posy":0,"amount":100},{"posx":14,"posy":1,"amount":150},{"posx":18,"posy":4,"amount":50},{"posx":18,"posy":7,"amount":50}],"changedObstacles":[]},{"players":[{"playerId":1879247,"score":925,"energy":13,"posx":18,"posy":4,"lastAction":4,"status":0},{"playerId":2619262,"score":1150,"energy":16,"posx":18,"posy":7,"lastAction":4,"status":0},{"playerId":1658775,"score":1225,"energy":12,"posx":18,"posy":4,"lastAction":5,"status":0},{"playerId":2294637,"score":1650,"energy":12,"posx":18,"posy":3,"lastAction":2,"status":0}],"golds":[{"posx":20,"posy":0,"amount":100},{"posx":14,"posy":1,"amount":150},{"posx":18,"posy":7,"amount":50}],"changedObstacles":[{"type":0,"posx":18,"posy":4,"value":-1}]},{"players":[{"playerId":1879247,"score":925,"energy":29,"posx":18,"posy":4,"lastAction":4,"status":0},{"playerId":2619262,"score":1200,"energy":11,"posx":18,"posy":7,"lastAction":5,"status":0},{"playerId":1658775,"score":1225,"energy":11,"posx":18,"posy":3,"lastAction":2,"status":0},{"playerId":2294637,"score":1650,"energy":11,"posx":18,"posy":2,"lastAction":2,"status":0}],"golds":[{"posx":20,"posy":0,"amount":100},{"posx":14,"posy":1,"amount":150}],"changedObstacles":[{"type":0,"posx":18,"posy":7,"value":-1}]},{"players":[{"playerId":1879247,"score":925,"energy":28,"posx":18,"posy":3,"lastAction":2,"status":0},{"playerId":2619262,"score":1200,"energy":10,"posx":18,"posy":6,"lastAction":2,"status":0},{"playerId":1658775,"score":1225,"energy":10,"posx":18,"posy":2,"lastAction":2,"status":0},{"playerId":2294637,"score":1650,"energy":6,"posx":19,"posy":2,"lastAction":1,"status":0}],"golds":[{"posx":20,"posy":0,"amount":100},{"posx":14,"posy":1,"amount":150}],"changedObstacles":[{"type":3,"posx":19,"posy":2,"value":-20}]},{"players":[{"playerId":1879247,"score":925,"energy":27,"posx":19,"posy":3,"lastAction":1,"status":0},{"playerId":2619262,"score":1200,"energy":5,"posx":19,"posy":6,"lastAction":1,"status":0},{"playerId":1658775,"score":1225,"energy":22,"posx":18,"posy":2,"lastAction":4,"status":0},{"playerId":2294637,"score":1650,"energy":1,"posx":20,"posy":2,"lastAction":1,"status":0}],"golds":[{"posx":20,"posy":0,"amount":100},{"posx":14,"posy":1,"amount":150}],"changedObstacles":[{"type":3,"posx":20,"posy":2,"value":-20},{"type":3,"posx":19,"posy":6,"value":-20}]},{"players":[{"playerId":1879247,"score":925,"energy":17,"posx":20,"posy":3,"lastAction":1,"status":0},{"playerId":2619262,"score":1200,"energy":4,"posx":19,"posy":5,"lastAction":2,"status":0},{"playerId":1658775,"score":1225,"energy":21,"posx":17,"posy":2,"lastAction":0,"status":0},{"playerId":2294637,"score":1650,"energy":13,"posx":20,"posy":2,"lastAction":4,"status":0}],"golds":[{"posx":20,"posy":0,"amount":100},{"posx":14,"posy":1,"amount":150}],"changedObstacles":[{"type":0,"posx":20,"posy":3,"value":-1}]},{"players":[{"playerId":1879247,"score":925,"energy":29,"posx":20,"posy":3,"lastAction":4,"status":0},{"playerId":2619262,"score":1200,"energy":16,"posx":19,"posy":5,"lastAction":4,"status":0},{"playerId":1658775,"score":1225,"energy":11,"posx":17,"posy":1,"lastAction":2,"status":0},{"playerId":2294637,"score":1650,"energy":29,"posx":20,"posy":2,"lastAction":4,"status":0}],"golds":[{"posx":20,"posy":0,"amount":100},{"posx":14,"posy":1,"amount":150}],"changedObstacles":[{"type":0,"posx":17,"posy":1,"value":-1}]},{"players":[{"playerId":1879247,"score":925,"energy":9,"posx":20,"posy":2,"lastAction":2,"status":0},{"playerId":2619262,"score":1200,"energy":6,"posx":19,"posy":4,"lastAction":2,"status":0},{"playerId":1658775,"score":1225,"energy":10,"posx":16,"posy":1,"lastAction":0,"status":0},{"playerId":2294637,"score":1650,"energy":50,"posx":20,"posy":2,"lastAction":4,"status":0}],"golds":[{"posx":20,"posy":0,"amount":100},{"posx":14,"posy":1,"amount":150}],"changedObstacles":[{"type":3,"posx":20,"posy":2,"value":-40},{"type":0,"posx":19,"posy":4,"value":-1}]},{"players":[{"playerId":1879247,"score":925,"energy":8,"posx":20,"posy":1,"lastAction":2,"status":0},{"playerId":2619262,"score":1200,"energy":5,"posx":18,"posy":4,"lastAction":0,"status":0},{"playerId":1658775,"score":1225,"energy":22,"posx":16,"posy":1,"lastAction":4,"status":0},{"playerId":2294637,"score":1650,"energy":49,"posx":20,"posy":1,"lastAction":2,"status":0}],"golds":[{"posx":20,"posy":0,"amount":100},{"posx":14,"posy":1,"amount":150}],"changedObstacles":[]},{"players":[{"playerId":1879247,"score":925,"energy":4,"posx":20,"posy":0,"lastAction":2,"status":0},{"playerId":2619262,"score":1200,"energy":4,"posx":18,"posy":3,"lastAction":2,"status":0},{"playerId":1658775,"score":1225,"energy":21,"posx":15,"posy":1,"lastAction":0,"status":0},{"playerId":2294637,"score":1650,"energy":45,"posx":20,"posy":0,"lastAction":2,"status":0}],"golds":[{"posx":20,"posy":0,"amount":100},{"posx":14,"posy":1,"amount":150}],"changedObstacles":[]},{"players":[{"playerId":1879247,"score":925,"energy":16,"posx":20,"posy":0,"lastAction":4,"status":0},{"playerId":2619262,"score":1200,"energy":3,"posx":19,"posy":3,"lastAction":1,"status":0},{"playerId":1658775,"score":1225,"energy":17,"posx":14,"posy":1,"lastAction":0,"status":0},{"playerId":2294637,"score":1700,"energy":40,"posx":20,"posy":0,"lastAction":5,"status":0}],"golds":[{"posx":20,"posy":0,"amount":50},{"posx":14,"posy":1,"amount":150}],"changedObstacles":[]},{"players":[{"playerId":1879247,"score":950,"energy":11,"posx":20,"posy":0,"lastAction":5,"status":0},{"playerId":2619262,"score":1200,"energy":15,"posx":19,"posy":3,"lastAction":4,"status":0},{"playerId":1658775,"score":1275,"energy":12,"posx":14,"posy":1,"lastAction":5,"status":0},{"playerId":2294637,"score":1725,"energy":35,"posx":20,"posy":0,"lastAction":5,"status":0}],"golds":[{"posx":14,"posy":1,"amount":100}],"changedObstacles":[{"type":0,"posx":20,"posy":0,"value":-1}]},{"players":[{"playerId":1879247,"score":950,"energy":10,"posx":20,"posy":1,"lastAction":3,"status":0},{"playerId":2619262,"score":1200,"energy":14,"posx":18,"posy":3,"lastAction":0,"status":0},{"playerId":1658775,"score":1325,"energy":7,"posx":14,"posy":1,"lastAction":5,"status":0},{"playerId":2294637,"score":1725,"energy":47,"posx":20,"posy":0,"lastAction":4,"status":0}],"golds":[{"posx":14,"posy":1,"amount":50}],"changedObstacles":[]},{"players":[{"playerId":1879247,"score":950,"energy":22,"posx":20,"posy":1,"lastAction":4,"status":0},{"playerId":2619262,"score":1200,"energy":4,"posx":17,"posy":3,"lastAction":0,"status":0},{"playerId":1658775,"score":1375,"energy":2,"posx":14,"posy":1,"lastAction":5,"status":0},{"playerId":2294637,"score":1725,"energy":50,"posx":20,"posy":0,"lastAction":4,"status":0}],"golds":[],"changedObstacles":[{"type":0,"posx":17,"posy":3,"value":-1},{"type":0,"posx":14,"posy":1,"value":-1}]}]