[{"players":[{"playerId":2277,"score":0,"energy":49,"posx":8,"posy":2,"lastAction":0,"status":0},{"playerId":2260837,"score":0,"energy":49,"posx":8,"posy":2,"lastAction":0,"status":0},{"playerId":2534350,"score":0,"energy":49,"posx":8,"posy":2,"lastAction":0,"status":0},{"playerId":2241039,"score":0,"energy":40,"posx":10,"posy":2,"lastAction":1,"status":0}],"golds":[{"posx":4,"posy":8,"amount":100},{"posx":8,"posy":7,"amount":450},{"posx":0,"posy":1,"amount":150},{"posx":16,"posy":6,"amount":500},{"posx":20,"posy":0,"amount":100},{"posx":3,"posy":3,"amount":700},{"posx":14,"posy":6,"amount":50},{"posx":2,"posy":6,"amount":500},{"posx":0,"posy":6,"amount":50},{"posx":3,"posy":8,"amount":50},{"posx":6,"posy":4,"amount":150},{"posx":18,"posy":4,"amount":600},{"posx":4,"posy":1,"amount":50},{"posx":12,"posy":8,"amount":300},{"posx":1,"posy":8,"amount":650},{"posx":17,"posy":5,"amount":300},{"posx":18,"posy":7,"amount":200},{"posx":6,"posy":8,"amount":100},{"posx":14,"posy":1,"amount":150},{"posx":10,"posy":3,"amount":100}],"changedObstacles":[{"type":0,"posx":10,"posy":2,"value":-1}]},{"players":[{"playerId":2277,"score":0,"energy":48,"posx":7,"posy":2,"lastAction":0,"status":0},{"playerId":2260837,"score":0,"energy":48,"posx":7,"posy":2,"lastAction":0,"status":0},{"playerId":2534350,"score":0,"energy":48,"posx":7,"posy":2,"lastAction":0,"status":0},{"playerId":2241039,"score":0,"energy":36,"posx":10,"posy":3,"lastAction":3,"status":0}],"golds":[{"posx":4,"posy":8,"amount":100},{"posx":8,"posy":7,"amount":450},{"posx":0,"posy":1,"amount":150},{"posx":16,"posy":6,"amount":500},{"posx":20,"posy":0,"amount":100},{"posx":3,"posy":3,"amount":700},{"posx":14,"posy":6,"amount":50},{"posx":2,"posy":6,"amount":500},{"posx":0,"posy":6,"amount":50},{"posx":3,"posy":8,"amount":50},{"posx":6,"posy":4,"amount":150},{"posx":18,"posy":4,"amount":600},{"posx":4,"posy":1,"amount":50},{"posx":12,"posy":8,"amount":300},{"posx":1,"posy":8,"amount":650},{"posx":17,"posy":5,"amount":300},{"posx":18,"posy":7,"amount":200},{"posx":6,"posy":8,"amount":100},{"posx":14,"posy":1,"amount":150},{"posx":10,"posy":3,"amount":100}],"changedObstacles":[]},{"players":[{"playerId":2277,"score":0,"energy":43,"posx":6,"posy":2,"lastAction":0,"status":0},{"playerId":2260837,"score":0,"energy":43,"posx":6,"posy":2,"lastAction":0,"status":0},{"playerId":2534350,"score":0,"energy":43,"posx":7,"posy":3,"lastAction":3,"status":0},{"playerId":2241039,"score":50,"energy":31,"posx":10,"posy":3,"lastAction":5,"status":0}],"golds":[{"posx":20,"posy":0,"amount":100},{"posx":0,"posy":1,"amount":150},{"posx":4,"posy":1,"amount":50},{"posx":14,"posy":1,"amount":150},{"posx":3,"posy":3,"amount":700},{"posx":10,"posy":3,"amount":50},{"posx":6,"posy":4,"amount":150},{"posx":18,"posy":4,"amount":600},{"posx":17,"posy":5,"amount":300},{"posx":0,"posy":6,"amount":50},{"posx":2,"posy":6,"amount":500},{"posx":14,"posy":6,"amount":50},{"posx":16,"posy":6,"amount":500},{"posx":8,"posy":7,"amount":450},{"posx":18,"posy":7,"amount":200},{"posx":1,"posy":8,"amount":650},{"posx":3,"posy":8,"amount":50},{"posx":4,"posy":8,"amount":100},{"posx":6,"posy":8,"amount":100},{"posx":12,"posy":8,"amount":300}],"changedObstacles":[{"type":3,"posx":7,"posy":3,"value":-20},{"type":3,"posx":6,"posy":2,"value":-20}]},{"players":[{"playerId":2277,"score":0,"energy":42,"posx":5,"posy":2,"lastAction":0,"status":0},{"playerId":2260837,"score":0,"energy":42,"posx":5,"posy":2,"lastAction":0,"status":0},{"playerId":2534350,"score":0,"energy":42,"posx":6,"posy":3,"lastAction":0,"status":0},{"playerId":2241039,"score":100,"energy":26,"posx":10,"posy":3,"lastAction":5,"status":0}],"golds":[{"posx":20,"posy":0,"amount":100},{"posx":0,"posy":1,"amount":150},{"posx":4,"posy":1,"amount":50},{"posx":14,"posy":1,"amount":150},{"posx":3,"posy":3,"amount":700},{"posx":6,"posy":4,"amount":150},{"posx":18,"posy":4,"amount":600},{"posx":17,"posy":5,"amount":300},{"posx":0,"posy":6,"amount":50},{"posx":2,"posy":6,"amount":500},{"posx":14,"posy":6,"amount":50},{"posx":16,"posy":6,"amount":500},{"posx":8,"posy":7,"amount":450},{"posx":18,"posy":7,"amount":200},{"posx":1,"posy":8,"amount":650},{"posx":3,"posy":8,"amount":50},{"posx":4,"posy":8,"amount":100},{"posx":6,"posy":8,"amount":100},{"posx":12,"posy":8,"amount":300}],"changedObstacles":[{"type":0,"posx":10,"posy":3,"value":-1}]},{"players":[{"playerId":2277,"score":0,"energy":41,"posx":4,"posy":2,"lastAction":0,"status":0},{"playerId":2260837,"score":0,"energy":41,"posx":4,"posy":2,"lastAction":0,"status":0},{"playerId":2534350,"score":0,"energy":38,"posx":6,"posy":4,"lastAction":3,"status":0},{"playerId":2241039,"score":100,"energy":25,"posx":9,"posy":3,"lastAction":0,"status":0}],"golds":[{"posx":20,"posy":0,"amount":100},{"posx":0,"posy":1,"amount":150},{"posx":4,"posy":1,"amount":50},{"posx":14,"posy":1,"amount":150},{"posx":3,"posy":3,"amount":700},{"posx":6,"posy":4,"amount":150},{"posx":18,"posy":4,"amount":600},{"posx":17,"posy":5,"amount":300},{"posx":0,"posy":6,"amount":50},{"posx":2,"posy":6,"amount":500},{"posx":14,"posy":6,"amount":50},{"posx":16,"posy":6,"amount":500},{"posx":8,"posy":7,"amount":450},{"posx":18,"posy":7,"amount":200},{"posx":1,"posy":8,"amount":650},{"posx":3,"posy":8,"amount":50},{"posx":4,"posy":8,"amount":100},{"posx":6,"posy":8,"amount":100},{"posx":12,"posy":8,"amount":300}],"changedObstacles":[]},{"players":[{"playerId":2277,"score":0,"energy":31,"posx":4,"posy":3,"lastAction":3,"status":0},{"playerId":2260837,"score":0,"energy":31,"posx":4,"posy":3,"lastAction":3,"status":0},{"playerId":2534350,"score":50,"energy":33,"posx":6,"posy":4,"lastAction":5,"status":0},{"playerId":2241039,"score":100,"energy":20,"posx":8,"posy":3,"lastAction":0,"status":0}],"golds":[{"posx":20,"posy":0,"amount":100},{"posx":0,"posy":1,"amount":150},{"posx":4,"posy":1,"amount":50},{"posx":14,"posy":1,"amount":150},{"posx":3,"posy":3,"amount":700},{"posx":6,"posy":4,"amount":100},{"posx":18,"posy":4,"amount":600},{"posx":17,"posy":5,"amount":300},{"posx":0,"posy":6,"amount":50},{"posx":2,"posy":6,"amount":500},{"posx":14,"posy":6,"amount":50},{"posx":16,"posy":6,"amount":500},{"posx":8,"posy":7,"amount":450},{"posx":18,"posy":7,"amount":200},{"posx":1,"posy":8,"amount":650},{"posx":3,"posy":8,"amount":50},{"posx":4,"posy":8,"amount":100},{"posx":6,"posy":8,"amount":100},{"posx":12,"posy":8,"amount":300}],"changedObstacles":[{"type":3,"posx":8,"posy":3,"value":-20},{"type":0,"posx":4,"posy":3,"value":-1}]},{"players":[{"playerId":2277,"score":0,"energy":27,"posx":3,"posy":3,"lastAction":0,"status":0},{"playerId":2260837,"score":0,"energy":27,"posx":3,"posy":3,"lastAction":0,"status":0},{"playerId":2534350,"score":100,"energy":28,"posx":6,"posy":4,"lastAction":5,"status":0},{"playerId":2241039,"score":100,"energy":32,"posx":8,"posy":3,"lastAction":4,"status":0}],"golds":[{"posx":20,"posy":0,"amount":100},{"posx":0,"posy":1,"amount":150},{"posx":4,"posy":1,"amount":50},{"posx":14,"posy":1,"amount":150},{"posx":3,"posy":3,"amount":700},{"posx":6,"posy":4,"amount":50},{"posx":18,"posy":4,"amount":600},{"posx":17,"posy":5,"amount":300},{"posx":0,"posy":6,"amount":50},{"posx":2,"posy":6,"amount":500},{"posx":14,"posy":6,"amount":50},{"posx":16,"posy":6,"amount":500},{"posx":8,"posy":7,"amount":450},{"posx":18,"posy":7,"amount":200},{"posx":1,"posy":8,"amount":650},{"posx":3,"posy":8,"amount":50},{"posx":4,"posy":8,"amount":100},{"posx":6,"posy":8,"amount":100},{"posx":12,"posy":8,"amount":300}],"changedObstacles":[]},{"players":[{"playerId":2277,"score":50,"energy":22,"posx":3,"posy":3,"lastAction":5,"status":0},{"playerId":2260837,"score":50,"energy":22,"posx":3,"posy":3,"lastAction":5,"status":0},{"playerId":2534350,"score":150,"energy":23,"posx":6,"posy":4,"lastAction":5,"status":0},{"playerId":2241039,"score":100,"energy":48,"posx":8,"posy":3,"lastAction":4,"status":0}],"golds":[{"posx":20,"posy":0,"amount":100},{"posx":0,"posy":1,"amount":150},{"posx":4,"posy":1,"amount":50},{"posx":14,"posy":1,"amount":150},{"posx":3,"posy":3,"amount":600},{"posx":18,"posy":4,"amount":600},{"posx":17,"posy":5,"amount":300},{"posx":0,"posy":6,"amount":50},{"posx":2,"posy":6,"amount":500},{"posx":14,"posy":6,"amount":50},{"posx":16,"posy":6,"amount":500},{"posx":8,"posy":7,"amount":450},{"posx":18,"posy":7,"amount":200},{"posx":1,"posy":8,"amount":650},{"posx":3,"posy":8,"amount":50},{"posx":4,"posy":8,"amount":100},{"posx":6,"posy":8,"amount":100},{"posx":12,"posy":8,"amount":300}],"changedObstacles":[{"type":0,"posx":6,"posy":4,"value":-1}]},{"players":[{"playerId":2277,"score":100,"energy":17,"posx":3,"posy":3,"lastAction":5,"status":0},{"playerId":2260837,"score":100,"energy":17,"posx":3,"posy":3,"lastAction":5,"status":0},{"playerId":2534350,"score":150,"energy":13,"posx":5,"posy":4,"lastAction":0,"status":0},{"playerId":2241039,"score":100,"energy":43,"posx":8,"posy":4,"lastAction":3,"status":0}],"golds":[{"posx":20,"posy":0,"amount":100},{"posx":0,"posy":1,"amount":150},{"posx":4,"posy":1,"amount":50},{"posx":14,"posy":1,"amount":150},{"posx":3,"posy":3,"amount":500},{"posx":18,"posy":4,"amount":600},{"posx":17,"posy":5,"amount":300},{"posx":0,"posy":6,"amount":50},{"posx":2,"posy":6,"amount":500},{"posx":14,"posy":6,"amount":50},{"posx":16,"posy":6,"amount":500},{"posx":8,"posy":7,"amount":450},{"posx":18,"posy":7,"amount":200},{"posx":1,"posy":8,"amount":650},{"posx":3,"posy":8,"amount":50},{"posx":4,"posy":8,"amount":100},{"posx":6,"posy":8,"amount":100},{"posx":12,"posy":8,"amount":300}],"changedObstacles":[{"type":3,"posx":8,"posy":4,"value":-20},{"type":0,"posx":5,"posy":4,"value":-1}]},{"players":[{"playerId":2277,"score":150,"energy":12,"posx":3,"posy":3,"lastAction":5,"status":0},{"playerId":2260837,"score":150,"energy":12,"posx":3,"posy":3,"lastAction":5,"status":0},{"playerId":2534350,"score":150,"energy":25,"posx":5,"posy":4,"lastAction":4,"status":0},{"playerId":2241039,"score":100,"energy":42,"posx":8,"posy":5,"lastAction":3,"status":0}],"golds":[{"posx":20,"posy":0,"amount":100},{"posx":0,"posy":1,"amount":150},{"posx":4,"posy":1,"amount":50},{"posx":14,"posy":1,"amount":150},{"posx":3,"posy":3,"amount":400},{"posx":18,"posy":4,"amount":600},{"posx":17,"posy":5,"amount":300},{"posx":0,"posy":6,"amount":50},{"posx":2,"posy":6,"amount":500},{"posx":14,"posy":6,"amount":50},{"posx":16,"posy":6,"amount":500},{"posx":8,"posy":7,"amount":450},{"posx":18,"posy":7,"amount":200},{"posx":1,"posy":8,"amount":650},{"posx":3,"posy":8,"amount":50},{"posx":4,"posy":8,"amount":100},{"posx":6,"posy":8,"amount":100},{"posx":12,"posy":8,"amount":300}],"changedObstacles":[]},{"players":[{"playerId":2277,"score":200,"energy":7,"posx":3,"posy":3,"lastAction":5,"status":0},{"playerId":2260837,"score":200,"energy":7,"posx":3,"posy":3,"lastAction":5,"status":0},{"playerId":2534350,"score":150,"energy":24,"posx":5,"posy":5,"lastAction":3,"status":0},{"playerId":2241039,"score":100,"energy":41,"posx":8,"posy":6,"lastAction":3,"status":0}],"golds":[{"posx":20,"posy":0,"amount":100},{"posx":0,"posy":1,"amount":150},{"posx":4,"posy":1,"amount":50},{"posx":14,"posy":1,"amount":150},{"posx":3,"posy":3,"amount":300},{"posx":18,"posy":4,"amount":600},{"posx":17,"posy":5,"amount":300},{"posx":0,"posy":6,"amount":50},{"posx":2,"posy":6,"amount":500},{"posx":14,"posy":6,"amount":50},{"posx":16,"posy":6,"amount":500},{"posx":8,"posy":7,"amount":450},{"posx":18,"posy":7,"amount":200},{"posx":1,"posy":8,"amount":650},{"posx":3,"posy":8,"amount":50},{"posx":4,"posy":8,"amount":100},{"posx":6,"posy":8,"amount":100},{"posx":12,"posy":8,"amount":300}],"changedObstacles":[]},{"players":[{"playerId":2277,"score":250,"energy":2,"posx":3,"posy":3,"lastAction":5,"status":0},{"playerId":2260837,"score":250,"energy":2,"posx":3,"posy":3,"lastAction":5,"status":0},{"playerId":2534350,"score":150,"energy":23,"posx":4,"posy":5,"lastAction":0,"status":0},{"playerId":2241039,"score":100,"energy":37,"posx":8,"posy":7,"lastAction":3,"status":0}],"golds":[{"posx":20,"posy":0,"amount":100},{"posx":0,"posy":1,"amount":150},{"posx":4,"posy":1,"amount":50},{"posx":14,"posy":1,"amount":150},{"posx":3,"posy":3,"amount":200},{"posx":18,"posy":4,"amount":600},{"posx":17,"posy":5,"amount":300},{"posx":0,"posy":6,"amount":50},{"posx":2,"posy":6,"amount":500},{"posx":14,"posy":6,"amount":50},{"posx":16,"posy":6,"amount":500},{"posx":8,"posy":7,"amount":450},{"posx":18,"posy":7,"amount":200},{"posx":1,"posy":8,"amount":650},{"posx":3,"posy":8,"amount":50},{"posx":4,"posy":8,"amount":100},{"posx":6,"posy":8,"amount":100},{"posx":12,"posy":8,"amount":300}],"changedObstacles":[]},{"players":[{"playerId":2277,"score":250,"energy":14,"posx":3,"posy":3,"lastAction":4,"status":0},{"playerId":2260837,"score":250,"energy":14,"posx":3,"posy":3,"lastAction":4,"status":0},{"playerId":2534350,"score":150,"energy":18,"posx":4,"posy":6,"lastAction":3,"status":0},{"playerId":2241039,"score":150,"energy":32,"posx":8,"posy":7,"lastAction":5,"status":0}],"golds":[{"posx":20,"posy":0,"amount":100},{"posx":0,"posy":1,"amount":150},{"posx":4,"posy":1,"amount":50},{"posx":14,"posy":1,"amount":150},{"posx":3,"posy":3,"amount":200},{"posx":18,"posy":4,"amount":600},{"posx":17,"posy":5,"amount":300},{"posx":0,"posy":6,"amount":50},{"posx":2,"posy":6,"amount":500},{"posx":14,"posy":6,"amount":50},{"posx":16,"posy":6,"amount":500},{"posx":8,"posy":7,"amount":400},{"posx":18,"posy":7,"amount":200},{"posx":1,"posy":8,"amount":650},{"posx":3,"posy":8,"amount":50},{"posx":4,"posy":8,"amount":100},{"posx":6,"posy":8,"amount":100},{"posx":12,"posy":8,"amount":300}],"changedObstacles":[{"type":3,"posx":4,"posy":6,"value":-20}]},{"players":[{"playerId":2277,"score":250,"energy":30,"posx":3,"posy":3,"lastAction":4,"status":0},{"playerId":2260837,"score":300,"energy":9,"posx":3,"posy":3,"lastAction":5,"status":0},{"playerId":2534350,"score":150,"energy":30,"posx":4,"posy":6,"lastAction":4,"status":0},{"playerId":2241039,"score":200,"energy":27,"posx":8,"posy":7,"lastAction":5,"status":0}],"golds":[{"posx":20,"posy":0,"amount":100},{"posx":0,"posy":1,"amount":150},{"posx":4,"posy":1,"amount":50},{"posx":14,"posy":1,"amount":150},{"posx":3,"posy":3,"amount":150},{"posx":18,"posy":4,"amount":600},{"posx":17,"posy":5,"amount":300},{"posx":0,"posy":6,"amount":50},{"posx":2,"posy":6,"amount":500},{"posx":14,"posy":6,"amount":50},{"posx":16,"posy":6,"amount":500},{"posx":8,"posy":7,"amount":350},{"posx":18,"posy":7,"amount":200},{"posx":1,"posy":8,"amount":650},{"posx":3,"posy":8,"amount":50},{"posx":4,"posy":8,"amount":100},{"posx":6,"posy":8,"amount":100},{"posx":12,"posy":8,"amount":300}],"changedObstacles":[]},{"players":[{"playerId":2277,"score":250,"energy":50,"posx":3,"posy":3,"lastAction":4,"status":0},{"playerId":2260837,"score":350,"energy":4,"posx":3,"posy":3,"lastAction":5,"status":0},{"playerId":2534350,"score":150,"energy":29,"posx":3,"posy":6,"lastAction":0,"status":0},{"playerId":2241039,"score":250,"energy":22,"posx":8,"posy":7,"lastAction":5,"status":0}],"golds":[{"posx":20,"posy":0,"amount":100},{"posx":0,"posy":1,"amount":150},{"posx":4,"posy":1,"amount":50},{"posx":14,"posy":1,"amount":150},{"posx":3,"posy":3,"amount":100},{"posx":18,"posy":4,"amount":600},{"posx":17,"posy":5,"amount":300},{"posx":0,"posy":6,"amount":50},{"posx":2,"posy":6,"amount":500},{"posx":14,"posy":6,"amount":50},{"posx":16,"posy":6,"amount":500},{"posx":8,"posy":7,"amount":300},{"posx":18,"posy":7,"amount":200},{"posx":1,"posy":8,"amount":650},{"posx":3,"posy":8,"amount":50},{"posx":4,"posy":8,"amount":100},{"posx":6,"posy":8,"amount":100},{"posx":12,"posy":8,"amount":300}],"changedObstacles":[]},{"players":[{"playerId":2277,"score":300,"energy":45,"posx":3,"posy":3,"lastAction":5,"status":0},{"playerId":2260837,"score":350,"energy":16,"posx":3,"posy":3,"lastAction":4,"status":0},{"playerId":2534350,"score":150,"energy":19,"posx":3,"posy":7,"lastAction":3,"status":0},{"playerId":2241039,"score":300,"energy":17,"posx":8,"posy":7,"lastAction":5,"status":0}],"golds":[{"posx":20,"posy":0,"amount":100},{"posx":0,"posy":1,"amount":150},{"posx":4,"posy":1,"amount":50},{"posx":14,"posy":1,"amount":150},{"posx":3,"posy":3,"amount":50},{"posx":18,"posy":4,"amount":600},{"posx":17,"posy":5,"amount":300},{"posx":0,"posy":6,"amount":50},{"posx":2,"posy":6,"amount":500},{"posx":14,"posy":6,"amount":50},{"posx":16,"posy":6,"amount":500},{"posx":8,"posy":7,"amount":250},{"posx":18,"posy":7,"amount":200},{"posx":1,"posy":8,"amount":650},{"posx":3,"posy":8,"amount":50},{"posx":4,"posy":8,"amount":100},{"posx":6,"posy":8,"amount":100},{"posx":12,"posy":8,"amount":300}],"changedObstacles":[{"type":0,"posx":3,"posy":7,"value":-1}]},{"players":[{"playerId":2277,"score":350,"energy":40,"posx":3,"posy":3,"lastAction":5,"status":0},{"playerId":2260837,"score":350,"energy":15,"posx":4,"posy":3,"lastAction":1,"status":0},{"playerId":2534350,"score":150,"energy":31,"posx":3,"posy":7,"lastAction":4,"status":0},{"playerId":2241039,"score":350,"energy":12,"posx":8,"posy":7,"lastAction":5,"status":0}],"golds":[{"posx":20,"posy":0,"amount":100},{"posx":0,"posy":1,"amount":150},{"posx":4,"posy":1,"amount":50},{"posx":14,"posy":1,"amount":150},{"posx":18,"posy":4,"amount":600},{"posx":17,"posy":5,"amount":300},{"posx":0,"posy":6,"amount":50},{"posx":2,"posy":6,"amount":500},{"posx":14,"posy":6,"amount":50},{"posx":16,"posy":6,"amount":500},{"posx":8,"posy":7,"amount":200},{"posx":18,"posy":7,"amount":200},{"posx":1,"posy":8,"amount":650},{"posx":3,"posy":8,"amount":50},{"posx":4,"posy":8,"amount":100},{"posx":6,"posy":8,"amount":100},{"posx":12,"posy":8,"amount":300}],"changedObstacles":[{"type":0,"posx":3,"posy":3,"value":-1}]},{"players":[{"playerId":2277,"score":350,"energy":39,"posx":4,"posy":3,"lastAction":1,"status":0},{"playerId":2260837,"score":350,"energy":14,"posx":5,"posy":3,"lastAction":1,"status":0},{"playerId":2534350,"score":150,"energy":21,"posx":2,"posy":7,"lastAction":0,"status":0},{"playerId":2241039,"score":400,"energy":7,"posx":8,"posy":7,"lastAction":5,"status":0}],"golds":[{"posx":20,"posy":0,"amount":100},{"posx":0,"posy":1,"amount":150},{"posx":4,"posy":1,"amount":50},{"posx":14,"posy":1,"amount":150},{"posx":18,"posy":4,"amount":600},{"posx":17,"posy":5,"amount":300},{"posx":0,"posy":6,"amount":50},{"posx":2,"posy":6,"amount":500},{"posx":14,"posy":6,"amount":50},{"posx":16,"posy":6,"amount":500},{"posx":8,"posy":7,"amount":150},{"posx":18,"posy":7,"amount":200},{"posx":1,"posy":8,"amount":650},{"posx":3,"posy":8,"amount":50},{"posx":4,"posy":8,"amount":100},{"posx":6,"posy":8,"amount":100},{"posx":12,"posy":8,"amount":300}],"changedObstacles":[{"type":0,"posx":2,"posy":7,"value":-1}]},{"players":[{"playerId":2277,"score":350,"energy":38,"posx":4,"posy":2,"lastAction":2,"status":0},{"playerId":2260837,"score":350,"energy":13,"posx":5,"posy":4,"lastAction":3,"status":0},{"playerId":2534350,"score":150,"energy":20,"posx":2,"posy":8,"lastAction":3,"status":0},{"playerId":2241039,"score":450,"energy":2,"posx":8,"posy":7,"lastAction":5,"status":0}],"golds":[{"posx":20,"posy":0,"amount":100},{"posx":0,"posy":1,"amount":150},{"posx":4,"posy":1,"amount":50},{"posx":14,"posy":1,"amount":150},{"posx":18,"posy":4,"amount":600},{"posx":17,"posy":5,"amount":300},{"posx":0,"posy":6,"amount":50},{"posx":2,"posy":6,"amount":500},{"posx":14,"posy":6,"amount":50},{"posx":16,"posy":6,"amount":500},{"posx":8,"posy":7,"amount":100},{"posx":18,"posy":7,"amount":200},{"posx":1,"posy":8,"amount":650},{"posx":3,"posy":8,"amount":50},{"posx":4,"posy":8,"amount":100},{"posx":6,"posy":8,"amount":100},{"posx":12,"posy":8,"amount":300}],"changedObstacles":[]},{"players":[{"playerId":2277,"score":350,"energy":34,"posx":4,"posy":1,"lastAction":2,"status":0},{"playerId":2260837,"score":350,"energy":12,"posx":6,"posy":4,"lastAction":1,"status":0},{"playerId":2534350,"score":150,"energy":16,"posx":1,"posy":8,"lastAction":0,"status":0},{"playerId":2241039,"score":450,"energy":14,"posx":8,"posy":7,"lastAction":4,"status":0}],"golds":[{"posx":20,"posy":0,"amount":100},{"posx":0,"posy":1,"amount":150},{"posx":4,"posy":1,"amount":50},{"posx":14,"posy":1,"amount":150},{"posx":18,"posy":4,"amount":600},{"posx":17,"posy":5,"amount":300},{"posx":0,"posy":6,"amount":50},{"posx":2,"posy":6,"amount":500},{"posx":14,"posy":6,"amount":50},{"posx":16,"posy":6,"amount":500},{"posx":8,"posy":7,"amount":100},{"posx":18,"posy":7,"amount":200},{"posx":1,"posy":8,"amount":650},{"posx":3,"posy":8,"amount":50},{"posx":4,"posy":8,"amount":100},{"posx":6,"posy":8,"amount":100},{"posx":12,"posy":8,"amount":300}],"changedObstacles":[]},{"players":[{"playerId":2277,"score":400,"energy":29,"posx":4,"posy":1,"lastAction":5,"status":0},{"playerId":2260837,"score":350,"energy":11,"posx":7,"posy":4,"lastAction":1,"status":0},{"playerId":2534350,"score":200,"energy":11,"posx":1,"posy":8,"lastAction":5,"status":0},{"playerId":2241039,"score":500,"energy":9,"posx":8,"posy":7,"lastAction":5,"status":0}],"golds":[{"posx":20,"posy":0,"amount":100},{"posx":0,"posy":1,"amount":150},{"posx":14,"posy":1,"amount":150},{"posx":18,"posy":4,"amount":600},{"posx":17,"posy":5,"amount":300},{"posx":0,"posy":6,"amount":50},{"posx":2,"posy":6,"amount":500},{"posx":14,"posy":6,"amount":50},{"posx":16,"posy":6,"amount":500},{"posx":8,"posy":7,"amount":50},{"posx":18,"posy":7,"amount":200},{"posx":1,"posy":8,"amount":600},{"posx":3,"posy":8,"amount":50},{"posx":4,"posy":8,"amount":100},{"posx":6,"posy":8,"amount":100},{"posx":12,"posy":8,"amount":300}],"changedObstacles":[{"type":0,"posx":4,"posy":1,"value":-1}]},{"players":[{"playerId":2277,"score":400,"energy":19,"posx":3,"posy":1,"lastAction":0,"status":0},{"playerId":2260837,"score":350,"energy":23,"posx":7,"posy":4,"lastAction":4,"status":0},{"playerId":2534350,"score":250,"energy":6,"posx":1,"posy":8,"lastAction":5,"status":0},{"playerId":2241039,"score":550,"energy":4,"posx":8,"posy":7,"lastAction":5,"status":0}],"golds":[{"posx":20,"posy":0,"amount":100},{"posx":0,"posy":1,"amount":150},{"posx":14,"posy":1,"amount":150},{"posx":18,"posy":4,"amount":600},{"posx":17,"posy":5,"amount":300},{"posx":0,"posy":6,"amount":50},{"posx":2,"posy":6,"amount":500},{"posx":14,"posy":6,"amount":50},{"posx":16,"posy":6,"amount":500},{"posx":18,"posy":7,"amount":200},{"posx":1,"posy":8,"amount":550},{"posx":3,"posy":8,"amount":50},{"posx":4,"posy":8,"amount":100},{"posx":6,"posy":8,"amount":100},{"posx":12,"posy":8,"amount":300}],"changedObstacles":[{"type":0,"posx":3,"posy":1,"value":-1},{"type":0,"posx":8,"posy":7,"value":-1}]},{"players":[{"playerId":2277,"score":400,"energy":18,"posx":2,"posy":1,"lastAction":0,"status":0},{"playerId":2260837,"score":350,"energy":3,"posx":8,"posy":4,"lastAction":1,"status":0},{"playerId":2534350,"score":300,"energy":1,"posx":1,"posy":8,"lastAction":5,"status":0},{"playerId":2241039,"score":550,"energy":16,"posx":8,"posy":7,"lastAction":4,"status":0}],"golds":[{"posx":20,"posy":0,"amount":100},{"posx":0,"posy":1,"amount":150},{"posx":14,"posy":1,"amount":150},{"posx":18,"posy":4,"amount":600},{"posx":17,"posy":5,"amount":300},{"posx":0,"posy":6,"amount":50},{"posx":2,"posy":6,"amount":500},{"posx":14,"posy":6,"amount":50},{"posx":16,"posy":6,"amount":500},{"posx":18,"posy":7,"amount":200},{"posx":1,"posy":8,"amount":500},{"posx":3,"posy":8,"amount":50},{"posx":4,"posy":8,"amount":100},{"posx":6,"posy":8,"amount":100},{"posx":12,"posy":8,"amount":300}],"changedObstacles":[{"type":3,"posx":8,"posy":4,"value":-40}]},{"players":[{"playerId":2277,"score":400,"energy":13,"posx":1,"posy":1,"lastAction":0,"status":0},{"playerId":2260837,"score":350,"energy":2,"posx":9,"posy":4,"lastAction":1,"status":0},{"playerId":2534350,"score":300,"energy":13,"posx":1,"posy":8,"lastAction":4,"status":0},{"playerId":2241039,"score":550,"energy":15,"posx":7,"posy":7,"lastAction":0,"status":0}],"golds":[{"posx":20,"posy":0,"amount":100},{"posx":0,"posy":1,"amount":150},{"posx":14,"posy":1,"amount":150},{"posx":18,"posy":4,"amount":600},{"posx":17,"posy":5,"amount":300},{"posx":0,"posy":6,"amount":50},{"posx":2,"posy":6,"amount":500},{"posx":14,"posy":6,"amount":50},{"posx":16,"posy":6,"amount":500},{"posx":18,"posy":7,"amount":200},{"posx":1,"posy":8,"amount":500},{"posx":3,"posy":8,"amount":50},{"posx":4,"posy":8,"amount":100},{"posx":6,"posy":8,"amount":100},{"posx":12,"posy":8,"amount":300}],"changedObstacles":[{"type":3,"posx":1,"posy":1,"value":-20}]},{"players":[{"playerId":2277,"score":400,"energy":9,"posx":0,"posy":1,"lastAction":0,"status":0},{"playerId":2260837,"score":350,"energy":14,"posx":9,"posy":4,"lastAction":4,"status":0},{"playerId":2534350,"score":350,"energy":8,"posx":1,"posy":8,"lastAction":5,"status":0},{"playerId":2241039,"score":550,"energy":10,"posx":6,"posy":7,"lastAction":0,"status":0}],"golds":[{"posx":20,"posy":0,"amount":100},{"posx":0,"posy":1,"amount":150},{"posx":14,"posy":1,"amount":150},{"posx":18,"posy":4,"amount":600},{"posx":17,"posy":5,"amount":300},{"posx":0,"posy":6,"amount":50},{"posx":2,"posy":6,"amount":500},{"posx":14,"posy":6,"amount":50},{"posx":16,"posy":6,"amount":500},{"posx":18,"posy":7,"amount":200},{"posx":1,"posy":8,"amount":450},{"posx":3,"posy":8,"amount":50},{"posx":4,"posy":8,"amount":100},{"posx":6,"posy":8,"amount":100},{"posx":12,"posy":8,"amount":300}],"changedObstacles":[{"type":3,"posx":6,"posy":7,"value":-20}]},{"players":[{"playerId":2277,"score":450,"energy":4,"posx":0,"posy":1,"lastAction":5,"status":0},{"playerId":2260837,"score":350,"energy":30,"posx":9,"posy":4,"lastAction":4,"status":0},{"playerId":2534350,"score":400,"energy":3,"posx":1,"posy":8,"lastAction":5,"status":0},{"playerId":2241039,"score":550,"energy":22,"posx":6,"posy":7,"lastAction":4,"status":0}],"golds":[{"posx":20,"posy":0,"amount":100},{"posx":0,"posy":1,"amount":100},{"posx":14,"posy":1,"amount":150},{"posx":18,"posy":4,"amount":600},{"posx":17,"posy":5,"amount":300},{"posx":0,"posy":6,"amount":50},{"posx":2,"posy":6,"amount":500},{"posx":14,"posy":6,"amount":50},{"posx":16,"posy":6,"amount":500},{"posx":18,"posy":7,"amount":200},{"posx":1,"posy":8,"amount":400},{"posx":3,"posy":8,"amount":50},{"posx":4,"posy":8,"amount":100},{"posx":6,"posy":8,"amount":100},{"posx":12,"posy":8,"amount":300}],"changedObstacles":[]},{"players":[{"playerId":2277,"score":450,"energy":16,"posx":0,"posy":1,"lastAction":4,"status":0},{"playerId":2260837,"score":350,"energy":50,"posx":9,"posy":4,"lastAction":4,"status":0},{"playerId":2534350,"score":400,"energy":15,"posx":1,"posy":8,"lastAction":4,"status":0},{"playerId":2241039,"score":550,"energy":18,"posx":6,"posy":8,"lastAction":3,"status":0}],"golds":[{"posx":20,"posy":0,"amount":100},{"posx":0,"posy":1,"amount":100},{"posx":14,"posy":1,"amount":150},{"posx":18,"posy":4,"amount":600},{"posx":17,"posy":5,"amount":300},{"posx":0,"posy":6,"amount":50},{"posx":2,"posy":6,"amount":500},{"posx":14,"posy":6,"amount":50},{"posx":16,"posy":6,"amount":500},{"posx":18,"posy":7,"amount":200},{"posx":1,"posy":8,"amount":400},{"posx":3,"posy":8,"amount":50},{"posx":4,"posy":8,"amount":100},{"posx":6,"posy":8,"amount":100},{"posx":12,"posy":8,"amount":300}],"changedObstacles":[]},{"players":[{"playerId":2277,"score":450,"energy":32,"posx":0,"posy":1,"lastAction":4,"status":0},{"playerId":2260837,"score":350,"energy":40,"posx":10,"posy":4,"lastAction":1,"status":0},{"playerId":2534350,"score":450,"energy":10,"posx":1,"posy":8,"lastAction":5,"status":0},{"playerId":2241039,"score":600,"energy":13,"posx":6,"posy":8,"lastAction":5,"status":0}],"golds":[{"posx":20,"posy":0,"amount":100},{"posx":0,"posy":1,"amount":100},{"posx":14,"posy":1,"amount":150},{"posx":18,"posy":4,"amount":600},{"posx":17,"posy":5,"amount":300},{"posx":0,"posy":6,"amount":50},{"posx":2,"posy":6,"amount":500},{"posx":14,"posy":6,"amount":50},{"posx":16,"posy":6,"amount":500},{"posx":18,"posy":7,"amount":200},{"posx":1,"posy":8,"amount":350},{"posx":3,"posy":8,"amount":50},{"posx":4,"posy":8,"amount":100},{"posx":6,"posy":8,"amount":50},{"posx":12,"posy":8,"amount":300}],"changedObstacles":[{"type":0,"posx":10,"posy":4,"value":-1}]},{"players":[{"playerId":2277,"score":450,"energy":50,"posx":0,"posy":1,"lastAction":4,"status":0},{"playerId":2260837,"score":350,"energy":39,"posx":11,"posy":4,"lastAction":1,"status":0},{"playerId":2534350,"score":500,"energy":5,"posx":1,"posy":8,"lastAction":5,"status":0},{"playerId":2241039,"score":650,"energy":8,"posx":6,"posy":8,"lastAction":5,"status":0}],"golds":[{"posx":20,"posy":0,"amount":100},{"posx":0,"posy":1,"amount":100},{"posx":14,"posy":1,"amount":150},{"posx":18,"posy":4,"amount":600},{"posx":17,"posy":5,"amount":300},{"posx":0,"posy":6,"amount":50},{"posx":2,"posy":6,"amount":500},{"posx":14,"posy":6,"amount":50},{"posx":16,"posy":6,"amount":500},{"posx":18,"posy":7,"amount":200},{"posx":1,"posy":8,"amount":300},{"posx":3,"posy":8,"amount":50},{"posx":4,"posy":8,"amount":100},{"posx":12,"posy":8,"amount":300}],"changedObstacles":[{"type":0,"posx":6,"posy":8,"value":-1}]},{"players":[{"playerId":2277,"score":500,"energy":45,"posx":0,"posy":1,"lastAction":5,"status":0},{"playerId":2260837,"score":350,"energy":38,"posx":12,"posy":4,"lastAction":1,"status":0},{"playerId":2534350,"score":500,"energy":17,"posx":1,"posy":8,"lastAction":4,"status":0},{"playerId":2241039,"score":650,"energy":7,"posx":5,"posy":8,"lastAction":0,"status":0}],"golds":[{"posx":20,"posy":0,"amount":100},{"posx":0,"posy":1,"amount":50},{"posx":14,"posy":1,"amount":150},{"posx":18,"posy":4,"amount":600},{"posx":17,"posy":5,"amount":300},{"posx":0,"posy":6,"amount":50},{"posx":2,"posy":6,"amount":500},{"posx":14,"posy":6,"amount":50},{"posx":16,"posy":6,"amount":500},{"posx":18,"posy":7,"amount":200},{"posx":1,"posy":8,"amount":300},{"posx":3,"posy":8,"amount":50},{"posx":4,"posy":8,"amount":100},{"posx":12,"posy":8,"amount":300}],"changedObstacles":[]},{"players":[{"playerId":2277,"score":550,"energy":40,"posx":0,"posy":1,"lastAction":5,"status":0},{"playerId":2260837,"score":350,"energy":37,"posx":13,"posy":4,"lastAction":1,"status":0},{"playerId":2534350,"score":550,"energy":12,"posx":1,"posy":8,"lastAction":5,"status":0},{"playerId":2241039,"score":650,"energy":3,"posx":4,"posy":8,"lastAction":0,"status":0}],"golds":[{"posx":20,"posy":0,"amount":100},{"posx":14,"posy":1,"amount":150},{"posx":18,"posy":4,"amount":600},{"posx":17,"posy":5,"amount":300},{"posx":0,"posy":6,"amount":50},{"posx":2,"posy":6,"amount":500},{"posx":14,"posy":6,"amount":50},{"posx":16,"posy":6,"amount":500},{"posx":18,"posy":7,"amount":200},{"posx":1,"posy":8,"amount":250},{"posx":3,"posy":8,"amount":50},{"posx":4,"posy":8,"amount":100},{"posx":12,"posy":8,"amount":300}],"changedObstacles":[{"type":0,"posx":0,"posy":1,"value":-1}]},{"players":[{"playerId":2277,"score":550,"energy":30,"posx":0,"posy":2,"lastAction":3,"status":0},{"playerId":2260837,"score":350,"energy":19,"posx":14,"posy":4,"lastAction":1,"status":0},{"playerId":2534350,"score":600,"energy":7,"posx":1,"posy":8,"lastAction":5,"status":0},{"playerId":2241039,"score":650,"energy":15,"posx":4,"posy":8,"lastAction":4,"status":0}],"golds":[{"posx":20,"posy":0,"amount":100},{"posx":14,"posy":1,"amount":150},{"posx":18,"posy":4,"amount":600},{"posx":17,"posy":5,"amount":300},{"posx":0,"posy":6,"amount":50},{"posx":2,"posy":6,"amount":500},{"posx":14,"posy":6,"amount":50},{"posx":16,"posy":6,"amount":500},{"posx":18,"posy":7,"amount":200},{"posx":1,"posy":8,"amount":200},{"posx":3,"posy":8,"amount":50},{"posx":4,"posy":8,"amount":100},{"posx":12,"posy":8,"amount":300}],"changedObstacles":[]},{"players":[{"playerId":2277,"score":550,"energy":29,"posx":0,"posy":3,"lastAction":3,"status":0},{"playerId":2260837,"score":350,"energy":18,"posx":15,"posy":4,"lastAction":1,"status":0},{"playerId":2534350,"score":650,"energy":2,"posx":1,"posy":8,"lastAction":5,"status":0},{"playerId":2241039,"score":700,"energy":10,"posx":4,"posy":8,"lastAction":5,"status":0}],"golds":[{"posx":20,"posy":0,"amount":100},{"posx":14,"posy":1,"amount":150},{"posx":18,"posy":4,"amount":600},{"posx":17,"posy":5,"amount":300},{"posx":0,"posy":6,"amount":50},{"posx":2,"posy":6,"amount":500},{"posx":14,"posy":6,"amount":50},{"posx":16,"posy":6,"amount":500},{"posx":18,"posy":7,"amount":200},{"posx":1,"posy":8,"amount":150},{"posx":3,"posy":8,"amount":50},{"posx":4,"posy":8,"amount":50},{"posx":12,"posy":8,"amount":300}],"changedObstacles":[]},{"players":[{"playerId":2277,"score":550,"energy":28,"posx":0,"posy":4,"lastAction":3,"status":0},{"playerId":2260837,"score":350,"energy":30,"posx":15,"posy":4,"lastAction":4,"status":0},{"playerId":2534350,"score":650,"energy":14,"posx":1,"posy":8,"lastAction":4,"status":0},{"playerId":2241039,"score":700,"energy":22,"posx":4,"posy":8,"lastAction":4,"status":0}],"golds":[{"posx":20,"posy":0,"amount":100},{"posx":14,"posy":1,"amount":150},{"posx":18,"posy":4,"amount":600},{"posx":17,"posy":5,"amount":300},{"posx":0,"posy":6,"amount":50},{"posx":2,"posy":6,"amount":500},{"posx":14,"posy":6,"amount":50},{"posx":16,"posy":6,"amount":500},{"posx":18,"posy":7,"amount":200},{"posx":1,"posy":8,"amount":150},{"posx":3,"posy":8,"amount":50},{"posx":4,"posy":8,"amount":50},{"posx":12,"posy":8,"amount":300}],"changedObstacles":[]},{"players":[{"playerId":2277,"score":550,"energy":23,"posx":0,"posy":5,"lastAction":3,"status":0},{"playerId":2260837,"score":350,"energy":46,"posx":15,"posy":4,"lastAction":4,"status":0},{"playerId":2534350,"score":700,"energy":9,"posx":1,"posy":8,"lastAction":5,"status":0},{"playerId":2241039,"score":750,"energy":17,"posx":4,"posy":8,"lastAction":5,"status":0}],"golds":[{"posx":20,"posy":0,"amount":100},{"posx":14,"posy":1,"amount":150},{"posx":18,"posy":4,"amount":600},{"posx":17,"posy":5,"amount":300},{"posx":0,"posy":6,"amount":50},{"posx":2,"posy":6,"amount":500},{"posx":14,"posy":6,"amount":50},{"posx":16,"posy":6,"amount":500},{"posx":18,"posy":7,"amount":200},{"posx":1,"posy":8,"amount":100},{"posx":3,"posy":8,"amount":50},{"posx":12,"posy":8,"amount":300}],"changedObstacles":[{"type":0,"posx":4,"posy":8,"value":-1}]},{"players":[{"playerId":2277,"score":550,"energy":19,"posx":0,"posy":6,"lastAction":3,"status":0},{"playerId":2260837,"score":350,"energy":27,"posx":16,"posy":4,"lastAction":1,"status":0},{"playerId":2534350,"score":750,"energy":4,"posx":1,"posy":8,"lastAction":5,"status":0},{"playerId":2241039,"score":750,"energy":13,"posx":3,"posy":8,"lastAction":0,"status":0}],"golds":[{"posx":20,"posy":0,"amount":100},{"posx":14,"posy":1,"amount":150},{"posx":18,"posy":4,"amount":600},{"posx":17,"posy":5,"amount":300},{"posx":0,"posy":6,"amount":50},{"posx":2,"posy":6,"amount":500},{"posx":14,"posy":6,"amount":50},{"posx":16,"posy":6,"amount":500},{"posx":18,"posy":7,"amount":200},{"posx":1,"posy":8,"amount":50},{"posx":3,"posy":8,"amount":50},{"posx":12,"posy":8,"amount":300}],"changedObstacles":[]},{"players":[{"playerId":2277,"score":600,"energy":14,"posx":0,"posy":6,"lastAction":5,"status":0},{"playerId":2260837,"score":350,"energy":17,"posx":17,"posy":4,"lastAction":1,"status":0},{"playerId":2534350,"score":750,"energy":16,"posx":1,"posy":8,"lastAction":4,"status":0},{"playerId":2241039,"score":800,"energy":8,"posx":3,"posy":8,"lastAction":5,"status":0}],"golds":[{"posx":20,"posy":0,"amount":100},{"posx":14,"posy":1,"amount":150},{"posx":18,"posy":4,"amount":600},{"posx":17,"posy":5,"amount":300},{"posx":2,"posy":6,"amount":500},{"posx":14,"posy":6,"amount":50},{"posx":16,"posy":6,"amount":500},{"posx":18,"posy":7,"amount":200},{"posx":1,"posy":8,"amount":50},{"posx":12,"posy":8,"amount":300}],"changedObstacles":[{"type":0,"posx":3,"posy":8,"value":-1},{"type":0,"posx":0,"posy":6,"value":-1}]},{"players":[{"playerId":2277,"score":600,"energy":13,"posx":1,"posy":6,"lastAction":1,"status":0},{"playerId":2260837,"score":350,"energy":13,"posx":18,"posy":4,"lastAction":1,"status":0},{"playerId":2534350,"score":800,"energy":11,"posx":1,"posy":8,"lastAction":5,"status":0},{"playerId":2241039,"score":800,"energy":7,"posx":2,"posy":8,"lastAction":0,"status":0}],"golds":[{"posx":20,"posy":0,"amount":100},{"posx":14,"posy":1,"amount":150},{"posx":18,"posy":4,"amount":600},{"posx":17,"posy":5,"amount":300},{"posx":2,"posy":6,"amount":500},{"posx":14,"posy":6,"amount":50},{"posx":16,"posy":6,"amount":500},{"posx":18,"posy":7,"amount":200},{"posx":12,"posy":8,"amount":300}],"changedObstacles":[{"type":0,"posx":1,"posy":8,"value":-1}]},{"players":[{"playerId":2277,"score":600,"energy":9,"posx":2,"posy":6,"lastAction":1,"status":0},{"playerId":2260837,"score":400,"energy":8,"posx":18,"posy":4,"lastAction":5,"status":0},{"playerId":2534350,"score":800,"energy":23,"posx":1,"posy":8,"lastAction":4,"status":0},{"playerId":2241039,"score":800,"energy":6,"posx":2,"posy":7,"lastAction":2,"status":0}],"golds":[{"posx":20,"posy":0,"amount":100},{"posx":14,"posy":1,"amount":150},{"posx":18,"posy":4,"amount":550},{"posx":17,"posy":5,"amount":300},{"posx":2,"posy":6,"amount":500},{"posx":14,"posy":6,"amount":50},{"posx":16,"posy":6,"amount":500},{"posx":18,"posy":7,"amount":200},{"posx":12,"posy":8,"amount":300}],"changedObstacles":[]},{"players":[{"playerId":2277,"score":650,"energy":4,"posx":2,"posy":6,"lastAction":5,"status":0},{"playerId":2260837,"score":450,"energy":3,"posx":18,"posy":4,"lastAction":5,"status":0},{"playerId":2534350,"score":800,"energy":22,"posx":2,"posy":8,"lastAction":1,"status":0},{"playerId":2241039,"score":800,"energy":2,"posx":2,"posy":6,"lastAction":2,"status":0}],"golds":[{"posx":20,"posy":0,"amount":100},{"posx":14,"posy":1,"amount":150},{"posx":18,"posy":4,"amount":500},{"posx":17,"posy":5,"amount":300},{"posx":2,"posy":6,"amount":450},{"posx":14,"posy":6,"amount":50},{"posx":16,"posy":6,"amount":500},{"posx":18,"posy":7,"amount":200},{"posx":12,"posy":8,"amount":300}],"changedObstacles":[]},{"players":[{"playerId":2277,"score":650,"energy":16,"posx":2,"posy":6,"lastAction":4,"status":0},{"playerId":2260837,"score":450,"energy":15,"posx":18,"posy":4,"lastAction":4,"status":0},{"playerId":2534350,"score":800,"energy":21,"posx":3,"posy":8,"lastAction":1,"status":0},{"playerId":2241039,"score":800,"energy":14,"posx":2,"posy":6,"lastAction":4,"status":0}],"golds":[{"posx":20,"posy":0,"amount":100},{"posx":14,"posy":1,"amount":150},{"posx":18,"posy":4,"amount":500},{"posx":17,"posy":5,"amount":300},{"posx":2,"posy":6,"amount":450},{"posx":14,"posy":6,"amount":50},{"posx":16,"posy":6,"amount":500},{"posx":18,"posy":7,"amount":200},{"posx":12,"posy":8,"amount":300}],"changedObstacles":[]},{"players":[{"playerId":2277,"score":650,"energy":32,"posx":2,"posy":6,"lastAction":4,"status":0},{"playerId":2260837,"score":450,"energy":31,"posx":18,"posy":4,"lastAction":4,"status":0},{"playerId":2534350,"score":800,"energy":20,"posx":4,"posy":8,"lastAction":1,"status":0},{"playerId":2241039,"score":850,"energy":9,"posx":2,"posy":6,"lastAction":5,"status":0}],"golds":[{"posx":20,"posy":0,"amount":100},{"posx":14,"posy":1,"amount":150},{"posx":18,"posy":4,"amount":500},{"posx":17,"posy":5,"amount":300},{"posx":2,"posy":6,"amount":400},{"posx":14,"posy":6,"amount":50},{"posx":16,"posy":6,"amount":500},{"posx":18,"posy":7,"amount":200},{"posx":12,"posy":8,"amount":300}],"changedObstacles":[]},{"players":[{"playerId":2277,"score":650,"energy":50,"posx":2,"posy":6,"lastAction":4,"status":0},{"playerId":2260837,"score":450,"energy":50,"posx":18,"posy":4,"lastAction":4,"status":0},{"playerId":2534350,"score":800,"energy":32,"posx":4,"posy":8,"lastAction":4,"status":0},{"playerId":2241039,"score":900,"energy":4,"posx":2,"posy":6,"lastAction":5,"status":0}],"golds":[{"posx":20,"posy":0,"amount":100},{"posx":14,"posy":1,"amount":150},{"posx":18,"posy":4,"amount":500},{"posx":17,"posy":5,"amount":300},{"posx":2,"posy":6,"amount":350},{"posx":14,"posy":6,"amount":50},{"posx":16,"posy":6,"amount":500},{"posx":18,"posy":7,"amount":200},{"posx":12,"posy":8,"amount":300}],"changedObstacles":[]},{"players":[{"playerId":2277,"score":700,"energy":45,"posx":2,"posy":6,"lastAction":5,"status":0},{"playerId":2260837,"score":500,"energy":45,"posx":18,"posy":4,"lastAction":5,"status":0},{"playerId":2534350,"score":800,"energy":31,"posx":5,"posy":8,"lastAction":1,"status":0},{"playerId":2241039,"score":900,"energy":16,"posx":2,"posy":6,"lastAction":4,"status":0}],"golds":[{"posx":20,"posy":0,"amount":100},{"posx":14,"posy":1,"amount":150},{"posx":18,"posy":4,"amount":450},{"posx":17,"posy":5,"amount":300},{"posx":2,"posy":6,"amount":300},{"posx":14,"posy":6,"amount":50},{"posx":16,"posy":6,"amount":500},{"posx":18,"posy":7,"amount":200},{"posx":12,"posy":8,"amount":300}],"changedObstacles":[]},{"players":[{"playerId":2277,"score":750,"energy":40,"posx":2,"posy":6,"lastAction":5,"status":0},{"playerId":2260837,"score":550,"energy":40,"posx":18,"posy":4,"lastAction":5,"status":0},{"playerId":2534350,"score":800,"energy":30,"posx":6,"posy":8,"lastAction":1,"status":0},{"playerId":2241039,"score":950,"energy":11,"posx":2,"posy":6,"lastAction":5,"status":0}],"golds":[{"posx":20,"posy":0,"amount":100},{"posx":14,"posy":1,"amount":150},{"posx":18,"posy":4,"amount":400},{"posx":17,"posy":5,"amount":300},{"posx":2,"posy":6,"amount":200},{"posx":14,"posy":6,"amount":50},{"posx":16,"posy":6,"amount":500},{"posx":18,"posy":7,"amount":200},{"posx":12,"posy":8,"amount":300}],"changedObstacles":[]},{"players":[{"playerId":2277,"score":800,"energy":35,"posx":2,"posy":6,"lastAction":5,"status":0},{"playerId":2260837,"score":600,"energy":35,"posx":18,"posy":4,"lastAction":5,"status":0},{"playerId":2534350,"score":800,"energy":29,"posx":7,"posy":8,"lastAction":1,"status":0},{"playerId":2241039,"score":1000,"energy":6,"posx":2,"posy":6,"lastAction":5,"status":0}],"golds":[{"posx":20,"posy":0,"amount":100},{"posx":14,"posy":1,"amount":150},{"posx":18,"posy":4,"amount":350},{"posx":17,"posy":5,"amount":300},{"posx":2,"posy":6,"amount":100},{"posx":14,"posy":6,"amount":50},{"posx":16,"posy":6,"amount":500},{"posx":18,"posy":7,"amount":200},{"posx":12,"posy":8,"amount":300}],"changedObstacles":[]},{"players":[{"playerId":2277,"score":850,"energy":30,"posx":2,"posy":6,"lastAction":5,"status":0},{"playerId":2260837,"score":650,"energy":30,"posx":18,"posy":4,"lastAction":5,"status":0},{"playerId":2534350,"score":800,"energy":28,"posx":8,"posy":8,"lastAction":1,"status":0},{"playerId":2241039,"score":1050,"energy":1,"posx":2,"posy":6,"lastAction":5,"status":0}],"golds":[{"posx":20,"posy":0,"amount":100},{"posx":14,"posy":1,"amount":150},{"posx":18,"posy":4,"amount":300},{"posx":17,"posy":5,"amount":300},{"posx":14,"posy":6,"amount":50},{"posx":16,"posy":6,"amount":500},{"posx":18,"posy":7,"amount":200},{"posx":12,"posy":8,"amount":300}],"changedObstacles":[{"type":0,"posx":2,"posy":6,"value":-1}]},{"players":[{"playerId":2277,"score":850,"energy":29,"posx":3,"posy":6,"lastAction":1,"status":0},{"playerId":2260837,"score":700,"energy":25,"posx":18,"posy":4,"lastAction":5,"status":0},{"playerId":2534350,"score":800,"energy":13,"posx":9,"posy":8,"lastAction":1,"status":0},{"playerId":2241039,"score":1050,"energy":13,"posx":2,"posy":6,"lastAction":4,"status":0}],"golds":[{"posx":20,"posy":0,"amount":100},{"posx":14,"posy":1,"amount":150},{"posx":18,"posy":4,"amount":250},{"posx":17,"posy":5,"amount":300},{"posx":14,"posy":6,"amount":50},{"posx":16,"posy":6,"amount":500},{"posx":18,"posy":7,"amount":200},{"posx":12,"posy":8,"amount":300}],"changedObstacles":[]},{"players":[{"playerId":2277,"score":850,"energy":28,"posx":3,"posy":7,"lastAction":3,"status":0},{"playerId":2260837,"score":750,"energy":20,"posx":18,"posy":4,"lastAction":5,"status":0},{"playerId":2534350,"score":800,"energy":25,"posx":9,"posy":8,"lastAction":4,"status":0},{"playerId":2241039,"score":1050,"energy":29,"posx":2,"posy":6,"lastAction":4,"status":0}],"golds":[{"posx":20,"posy":0,"amount":100},{"posx":14,"posy":1,"amount":150},{"posx":18,"posy":4,"amount":200},{"posx":17,"posy":5,"amount":300},{"posx":14,"posy":6,"amount":50},{"posx":16,"posy":6,"amount":500},{"posx":18,"posy":7,"amount":200},{"posx":12,"posy":8,"amount":300}],"changedObstacles":[]},{"players":[{"playerId":2277,"score":850,"energy":27,"posx":3,"posy":8,"lastAction":3,"status":0},{"playerId":2260837,"score":800,"energy":15,"posx":18,"posy":4,"lastAction":5,"status":0},{"playerId":2534350,"score":800,"energy":24,"posx":10,"posy":8,"lastAction":1,"status":0},{"playerId":2241039,"score":1050,"energy":50,"posx":2,"posy":6,"lastAction":4,"status":0}],"golds":[{"posx":20,"posy":0,"amount":100},{"posx":14,"posy":1,"amount":150},{"posx":18,"posy":4,"amount":150},{"posx":17,"posy":5,"amount":300},{"posx":14,"posy":6,"amount":50},{"posx":16,"posy":6,"amount":500},{"posx":18,"posy":7,"amount":200},{"posx":12,"posy":8,"amount":300}],"changedObstacles":[]},{"players":[{"playerId":2277,"score":850,"energy":26,"posx":4,"posy":8,"lastAction":1,"status":0},{"playerId":2260837,"score":850,"energy":10,"posx":18,"posy":4,"lastAction":5,"status":0},{"playerId":2534350,"score":800,"energy":19,"posx":11,"posy":8,"lastAction":1,"status":0},{"playerId":2241039,"score":1050,"energy":49,"posx":3,"posy":6,"lastAction":1,"status":0}],"golds":[{"posx":20,"posy":0,"amount":100},{"posx":14,"posy":1,"amount":150},{"posx":18,"posy":4,"amount":100},{"posx":17,"posy":5,"amount":300},{"posx":14,"posy":6,"amount":50},{"posx":16,"posy":6,"amount":500},{"posx":18,"posy":7,"amount":200},{"posx":12,"posy":8,"amount":300}],"changedObstacles":[{"type":3,"posx":11,"posy":8,"value":-20}]},{"players":[{"playerId":2277,"score":850,"energy":25,"posx":5,"posy":8,"lastAction":1,"status":0},{"playerId":2260837,"score":900,"energy":5,"posx":18,"posy":4,"lastAction":5,"status":0},{"playerId":2534350,"score":800,"energy":15,"posx":12,"posy":8,"lastAction":1,"status":0},{"playerId":2241039,"score":1050,"energy":29,"posx":4,"posy":6,"lastAction":1,"status":0}],"golds":[{"posx":20,"posy":0,"amount":100},{"posx":14,"posy":1,"amount":150},{"posx":18,"posy":4,"amount":50},{"posx":17,"posy":5,"amount":300},{"posx":14,"posy":6,"amount":50},{"posx":16,"posy":6,"amount":500},{"posx":18,"posy":7,"amount":200},{"posx":12,"posy":8,"amount":300}],"changedObstacles":[{"type":3,"posx":4,"posy":6,"value":-40}]},{"players":[{"playerId":2277,"score":850,"energy":24,"posx":6,"posy":8,"lastAction":1,"status":0},{"playerId":2260837,"score":900,"energy":17,"posx":18,"posy":4,"lastAction":4,"status":0},{"playerId":2534350,"score":850,"energy":10,"posx":12,"posy":8,"lastAction":5,"status":0},{"playerId":2241039,"score":1050,"energy":41,"posx":4,"posy":6,"lastAction":4,"status":0}],"golds":[{"posx":20,"posy":0,"amount":100},{"posx":14,"posy":1,"amount":150},{"posx":18,"posy":4,"amount":50},{"posx":17,"posy":5,"amount":300},{"posx":14,"posy":6,"amount":50},{"posx":16,"posy":6,"amount":500},{"posx":18,"posy":7,"amount":200},{"posx":12,"posy":8,"amount":250}],"changedObstacles":[]},{"players":[{"playerId":2277,"score":850,"energy":23,"posx":7,"posy":8,"lastAction":1,"status":0},{"playerId":2260837,"score":900,"energy":33,"posx":18,"posy":4,"lastAction":4,"status":0},{"playerId":2534350,"score":900,"energy":5,"posx":12,"posy":8,"lastAction":5,"status":0},{"playerId":2241039,"score":1050,"energy":31,"posx":5,"posy":6,"lastAction":1,"status":0}],"golds":[{"posx":20,"posy":0,"amount":100},{"posx":14,"posy":1,"amount":150},{"posx":18,"posy":4,"amount":50},{"posx":17,"posy":5,"amount":300},{"posx":14,"posy":6,"amount":50},{"posx":16,"posy":6,"amount":500},{"posx":18,"posy":7,"amount":200},{"posx":12,"posy":8,"amount":200}],"changedObstacles":[{"type":0,"posx":5,"posy":6,"value":-1}]},{"players":[{"playerId":2277,"score":850,"energy":22,"posx":8,"posy":8,"lastAction":1,"status":0},{"playerId":2260837,"score":900,"energy":50,"posx":18,"posy":4,"lastAction":4,"status":0},{"playerId":2534350,"score":900,"energy":17,"posx":12,"posy":8,"lastAction":4,"status":0},{"playerId":2241039,"score":1050,"energy":43,"posx":5,"posy":6,"lastAction":4,"status":0}],"golds":[{"posx":20,"posy":0,"amount":100},{"posx":14,"posy":1,"amount":150},{"posx":18,"posy":4,"amount":50},{"posx":17,"posy":5,"amount":300},{"posx":14,"posy":6,"amount":50},{"posx":16,"posy":6,"amount":500},{"posx":18,"posy":7,"amount":200},{"posx":12,"posy":8,"amount":200}],"changedObstacles":[]},{"players":[{"playerId":2277,"score":850,"energy":13,"posx":9,"posy":8,"lastAction":1,"status":0},{"playerId":2260837,"score":950,"energy":45,"posx":18,"posy":4,"lastAction":5,"status":0},{"playerId":2534350,"score":950,"energy":12,"posx":12,"posy":8,"lastAction":5,"status":0},{"playerId":2241039,"score":1050,"energy":42,"posx":6,"posy":6,"lastAction":1,"status":0}],"golds":[{"posx":20,"posy":0,"amount":100},{"posx":14,"posy":1,"amount":150},{"posx":17,"posy":5,"amount":300},{"posx":14,"posy":6,"amount":50},{"posx":16,"posy":6,"amount":500},{"posx":18,"posy":7,"amount":200},{"posx":12,"posy":8,"amount":150}],"changedObstacles":[{"type":0,"posx":18,"posy":4,"value":-1}]},{"players":[{"playerId":2277,"score":850,"energy":12,"posx":10,"posy":8,"lastAction":1,"status":0},{"playerId":2260837,"score":950,"energy":32,"posx":17,"posy":4,"lastAction":0,"status":0},{"playerId":2534350,"score":1000,"energy":7,"posx":12,"posy":8,"lastAction":5,"status":0},{"playerId":2241039,"score":1050,"energy":41,"posx":7,"posy":6,"lastAction":1,"status":0}],"golds":[{"posx":20,"posy":0,"amount":100},{"posx":14,"posy":1,"amount":150},{"posx":17,"posy":5,"amount":300},{"posx":14,"posy":6,"amount":50},{"posx":16,"posy":6,"amount":500},{"posx":18,"posy":7,"amount":200},{"posx":12,"posy":8,"amount":100}],"changedObstacles":[]},{"players":[{"playerId":2277,"score":850,"energy":24,"posx":10,"posy":8,"lastAction":4,"status":0},{"playerId":2260837,"score":950,"energy":28,"posx":17,"posy":5,"lastAction":3,"status":0},{"playerId":2534350,"score":1050,"energy":2,"posx":12,"posy":8,"lastAction":5,"status":0},{"playerId":2241039,"score":1050,"energy":40,"posx":8,"posy":6,"lastAction":1,"status":0}],"golds":[{"posx":20,"posy":0,"amount":100},{"posx":14,"posy":1,"amount":150},{"posx":17,"posy":5,"amount":300},{"posx":14,"posy":6,"amount":50},{"posx":16,"posy":6,"amount":500},{"posx":18,"posy":7,"amount":200},{"posx":12,"posy":8,"amount":50}],"changedObstacles":[]},{"players":[{"playerId":2277,"score":850,"energy":40,"posx":10,"posy":8,"lastAction":4,"status":0},{"playerId":2260837,"score":1000,"energy":23,"posx":17,"posy":5,"lastAction":5,"status":0},{"playerId":2534350,"score":1050,"energy":14,"posx":12,"posy":8,"lastAction":4,"status":0},{"playerId":2241039,"score":1050,"energy":39,"posx":9,"posy":6,"lastAction":1,"status":0}],"golds":[{"posx":20,"posy":0,"amount":100},{"posx":14,"posy":1,"amount":150},{"posx":17,"posy":5,"amount":250},{"posx":14,"posy":6,"amount":50},{"posx":16,"posy":6,"amount":500},{"posx":18,"posy":7,"amount":200},{"posx":12,"posy":8,"amount":50}],"changedObstacles":[]},{"players":[{"playerId":2277,"score":850,"energy":20,"posx":11,"posy":8,"lastAction":1,"status":0},{"playerId":2260837,"score":1050,"energy":18,"posx":17,"posy":5,"lastAction":5,"status":0},{"playerId":2534350,"score":1100,"energy":9,"posx":12,"posy":8,"lastAction":5,"status":0},{"playerId":2241039,"score":1050,"energy":50,"posx":9,"posy":6,"lastAction":4,"status":0}],"golds":[{"posx":20,"posy":0,"amount":100},{"posx":14,"posy":1,"amount":150},{"posx":17,"posy":5,"amount":200},{"posx":14,"posy":6,"amount":50},{"posx":16,"posy":6,"amount":500},{"posx":18,"posy":7,"amount":200}],"changedObstacles":[{"type":3,"posx":11,"posy":8,"value":-40},{"type":0,"posx":12,"posy":8,"value":-1}]},{"players":[{"playerId":2277,"score":850,"energy":19,"posx":12,"posy":8,"lastAction":1,"status":0},{"playerId":2260837,"score":1100,"energy":13,"posx":17,"posy":5,"lastAction":5,"status":0},{"playerId":2534350,"score":1100,"energy":21,"posx":12,"posy":8,"lastAction":4,"status":0},{"playerId":2241039,"score":1050,"energy":49,"posx":10,"posy":6,"lastAction":1,"status":0}],"golds":[{"posx":20,"posy":0,"amount":100},{"posx":14,"posy":1,"amount":150},{"posx":17,"posy":5,"amount":150},{"posx":14,"posy":6,"amount":50},{"posx":16,"posy":6,"amount":500},{"posx":18,"posy":7,"amount":200}],"changedObstacles":[]},{"players":[{"playerId":2277,"score":850,"energy":18,"posx":12,"posy":7,"lastAction":2,"status":0},{"playerId":2260837,"score":1150,"energy":8,"posx":17,"posy":5,"lastAction":5,"status":0},{"playerId":2534350,"score":1100,"energy":11,"posx":13,"posy":8,"lastAction":1,"status":0},{"playerId":2241039,"score":1050,"energy":44,"posx":11,"posy":6,"lastAction":1,"status":0}],"golds":[{"posx":20,"posy":0,"amount":100},{"posx":14,"posy":1,"amount":150},{"posx":17,"posy":5,"amount":100},{"posx":14,"posy":6,"amount":50},{"posx":16,"posy":6,"amount":500},{"posx":18,"posy":7,"amount":200}],"changedObstacles":[{"type":3,"posx":11,"posy":6,"value":-20},{"type":0,"posx":13,"posy":8,"value":-1}]},{"players":[{"playerId":2277,"score":850,"energy":13,"posx":12,"posy":6,"lastAction":2,"status":0},{"playerId":2260837,"score":1200,"energy":3,"posx":17,"posy":5,"lastAction":5,"status":0},{"playerId":2534350,"score":1100,"energy":23,"posx":13,"posy":8,"lastAction":4,"status":0},{"playerId":2241039,"score":1050,"energy":39,"posx":12,"posy":6,"lastAction":1,"status":0}],"golds":[{"posx":20,"posy":0,"amount":100},{"posx":14,"posy":1,"amount":150},{"posx":17,"posy":5,"amount":50},{"posx":14,"posy":6,"amount":50},{"posx":16,"posy":6,"amount":500},{"posx":18,"posy":7,"amount":200}],"changedObstacles":[{"type":3,"posx":12,"posy":6,"value":-20}]},{"players":[{"playerId":2277,"score":850,"energy":12,"posx":13,"posy":6,"lastAction":1,"status":0},{"playerId":2260837,"score":1200,"energy":15,"posx":17,"posy":5,"lastAction":4,"status":0},{"playerId":2534350,"score":1100,"energy":13,"posx":14,"posy":8,"lastAction":1,"status":0},{"playerId":2241039,"score":1050,"energy":38,"posx":13,"posy":6,"lastAction":1,"status":0}],"golds":[{"posx":20,"posy":0,"amount":100},{"posx":14,"posy":1,"amount":150},{"posx":17,"posy":5,"amount":50},{"posx":14,"posy":6,"amount":50},{"posx":16,"posy":6,"amount":500},{"posx":18,"posy":7,"amount":200}],"changedObstacles":[{"type":0,"posx":14,"posy":8,"value":-1}]},{"players":[{"playerId":2277,"score":850,"energy":8,"posx":14,"posy":6,"lastAction":1,"status":0},{"playerId":2260837,"score":1200,"energy":31,"posx":17,"posy":5,"lastAction":4,"status":0},{"playerId":2534350,"score":1100,"energy":25,"posx":14,"posy":8,"lastAction":4,"status":0},{"playerId":2241039,"score":1050,"energy":50,"posx":13,"posy":6,"lastAction":4,"status":0}],"golds":[{"posx":20,"posy":0,"amount":100},{"posx":14,"posy":1,"amount":150},{"posx":17,"posy":5,"amount":50},{"posx":14,"posy":6,"amount":50},{"posx":16,"posy":6,"amount":500},{"posx":18,"posy":7,"amount":200}],"changedObstacles":[]},{"players":[{"playerId":2277,"score":900,"energy":3,"posx":14,"posy":6,"lastAction":5,"status":0},{"playerId":2260837,"score":1200,"energy":50,"posx":17,"posy":5,"lastAction":4,"status":0},{"playerId":2534350,"score":1100,"energy":24,"posx":14,"posy":7,"lastAction":2,"status":0},{"playerId":2241039,"score":1050,"energy":46,"posx":14,"posy":6,"lastAction":1,"status":0}],"golds":[{"posx":20,"posy":0,"amount":100},{"posx":14,"posy":1,"amount":150},{"posx":17,"posy":5,"amount":50},{"posx":16,"posy":6,"amount":500},{"posx":18,"posy":7,"amount":200}],"changedObstacles":[{"type":0,"posx":14,"posy":6,"value":-1}]},{"players":[{"playerId":2277,"score":900,"energy":15,"posx":14,"posy":6,"lastAction":4,"status":0},{"playerId":2260837,"score":1250,"energy":45,"posx":17,"posy":5,"lastAction":5,"status":0},{"playerId":2534350,"score":1100,"energy":19,"posx":15,"posy":7,"lastAction":1,"status":0},{"playerId":2241039,"score":1050,"energy":41,"posx":15,"posy":6,"lastAction":1,"status":0}],"golds":[{"posx":20,"posy":0,"amount":100},{"posx":14,"posy":1,"amount":150},{"posx":16,"posy":6,"amount":500},{"posx":18,"posy":7,"amount":200}],"changedObstacles":[{"type":3,"posx":15,"posy":6,"value":-20},{"type":3,"posx":15,"posy":7,"value":-20},{"type":0,"posx":17,"posy":5,"value":-1}]},{"players":[{"playerId":2277,"score":900,"energy":31,"posx":14,"posy":6,"lastAction":4,"status":0},{"playerId":2260837,"score":1250,"energy":44,"posx":16,"posy":5,"lastAction":0,"status":0},{"playerId":2534350,"score":1100,"energy":31,"posx":15,"posy":7,"lastAction":4,"status":0},{"playerId":2241039,"score":1050,"energy":37,"posx":16,"posy":6,"lastAction":1,"status":0}],"golds":[{"posx":20,"posy":0,"amount":100},{"posx":14,"posy":1,"amount":150},{"posx":16,"posy":6,"amount":500},{"posx":18,"posy":7,"amount":200}],"changedObstacles":[]},{"players":[{"playerId":2277,"score":900,"energy":50,"posx":14,"posy":6,"lastAction":4,"status":0},{"playerId":2260837,"score":1250,"energy":40,"posx":16,"posy":6,"lastAction":3,"status":0},{"playerId":2534350,"score":1100,"energy":11,"posx":15,"posy":6,"lastAction":2,"status":0},{"playerId":2241039,"score":1100,"energy":32,"posx":16,"posy":6,"lastAction":5,"status":0}],"golds":[{"posx":20,"posy":0,"amount":100},{"posx":14,"posy":1,"amount":150},{"posx":16,"posy":6,"amount":450},{"posx":18,"posy":7,"amount":200}],"changedObstacles":[{"type":3,"posx":15,"posy":6,"value":-40}]},{"players":[{"playerId":2277,"score":900,"energy":10,"posx":15,"posy":6,"lastAction":1,"status":0},{"playerId":2260837,"score":1300,"energy":35,"posx":16,"posy":6,"lastAction":5,"status":0},{"playerId":2534350,"score":1100,"energy":7,"posx":16,"posy":6,"lastAction":1,"status":0},{"playerId":2241039,"score":1150,"energy":27,"posx":16,"posy":6,"lastAction":5,"status":0}],"golds":[{"posx":20,"posy":0,"amount":100},{"posx":14,"posy":1,"amount":150},{"posx":16,"posy":6,"amount":350},{"posx":18,"posy":7,"amount":200}],"changedObstacles":[{"type":3,"posx":15,"posy":6,"value":-100}]},{"players":[{"playerId":2277,"score":900,"energy":6,"posx":16,"posy":6,"lastAction":1,"status":0},{"playerId":2260837,"score":1350,"energy":30,"posx":16,"posy":6,"lastAction":5,"status":0},{"playerId":2534350,"score":1150,"energy":2,"posx":16,"posy":6,"lastAction":5,"status":0},{"playerId":2241039,"score":1200,"energy":22,"posx":16,"posy":6,"lastAction":5,"status":0}],"golds":[{"posx":20,"posy":0,"amount":100},{"posx":14,"posy":1,"amount":150},{"posx":16,"posy":6,"amount":200},{"posx":18,"posy":7,"amount":200}],"changedObstacles":[]},{"players":[{"playerId":2277,"score":950,"energy":1,"posx":16,"posy":6,"lastAction":5,"status":0},{"playerId":2260837,"score":1400,"energy":25,"posx":16,"posy":6,"lastAction":5,"status":0},{"playerId":2534350,"score":1150,"energy":14,"posx":16,"posy":6,"lastAction":4,"status":0},{"playerId":2241039,"score":1250,"energy":17,"posx":16,"posy":6,"lastAction":5,"status":0}],"golds":[{"posx":20,"posy":0,"amount":100},{"posx":14,"posy":1,"amount":150},{"posx":16,"posy":6,"amount":50},{"posx":18,"posy":7,"amount":200}],"changedObstacles":[]},{"players":[{"playerId":2277,"score":950,"energy":13,"posx":16,"posy":6,"lastAction":4,"status":0},{"playerId":2260837,"score":1417,"energy":20,"posx":16,"posy":6,"lastAction":5,"status":0},{"playerId":2534350,"score":1167,"energy":9,"posx":16,"posy":6,"lastAction":5,"status":0},{"playerId":2241039,"score":1267,"energy":12,"posx":16,"posy":6,"lastAction":5,"status":0}],"golds":[{"posx":20,"posy":0,"amount":100},{"posx":14,"posy":1,"amount":150},{"posx":18,"posy":7,"amount":200}],"changedObstacles":[{"type":0,"posx":16,"posy":6,"value":-1}]},{"players":[{"playerId":2277,"score":950,"energy":29,"posx":16,"posy":6,"lastAction":4,"status":0},{"playerId":2260837,"score":1417,"energy":19,"posx":16,"posy":7,"lastAction":3,"status":0},{"playerId":2534350,"score":1167,"energy":21,"posx":16,"posy":6,"lastAction":4,"status":0},{"playerId":2241039,"score":1267,"energy":11,"posx":17,"posy":6,"lastAction":1,"status":0}],"golds":[{"posx":20,"posy":0,"amount":100},{"posx":14,"posy":1,"amount":150},{"posx":18,"posy":7,"amount":200}],"changedObstacles":[]},{"players":[{"playerId":2277,"score":950,"energy":50,"posx":16,"posy":6,"lastAction":4,"status":0},{"playerId":2260837,"score":1417,"energy":18,"posx":17,"posy":7,"lastAction":1,"status":0},{"playerId":2534350,"score":1167,"energy":20,"posx":17,"posy":6,"lastAction":1,"status":0},{"playerId":2241039,"score":1267,"energy":10,"posx":18,"posy":6,"lastAction":1,"status":0}],"golds":[{"posx":20,"posy":0,"amount":100},{"posx":14,"posy":1,"amount":150},{"posx":18,"posy":7,"amount":200}],"changedObstacles":[]},{"players":[{"playerId":2277,"score":950,"energy":49,"posx":17,"posy":6,"lastAction":1,"status":0},{"playerId":2260837,"score":1417,"energy":14,"posx":18,"posy":7,"lastAction":1,"status":0},{"playerId":2534350,"score":1167,"energy":32,"posx":17,"posy":6,"lastAction":4,"status":0},{"playerId":2241039,"score":1267,"energy":6,"posx":18,"posy":7,"lastAction":3,"status":0}],"golds":[{"posx":20,"posy":0,"amount":100},{"posx":14,"posy":1,"amount":150},{"posx":18,"posy":7,"amount":200}],"changedObstacles":[]},{"players":[{"playerId":2277,"score":950,"energy":48,"posx":18,"posy":6,"lastAction":1,"status":0},{"playerId":2260837,"score":1467,"energy":9,"posx":18,"posy":7,"lastAction":5,"status":0},{"playerId":2534350,"score":1167,"energy":31,"posx":18,"posy":6,"lastAction":1,"status":0},{"playerId":2241039,"score":1317,"energy":1,"posx":18,"posy":7,"lastAction":5,"status":0}],"golds":[{"posx":20,"posy":0,"amount":100},{"posx":14,"posy":1,"amount":150},{"posx":18,"posy":7,"amount":100}],"changedObstacles":[]},{"players":[{"playerId":2277,"score":950,"energy":44,"posx":18,"posy":7,"lastAction":3,"status":0},{"playerId":2260837,"score":1517,"energy":4,"posx":18,"posy":7,"lastAction":5,"status":0},{"playerId":2534350,"score":1167,"energy":17,"posx":18,"posy":5,"lastAction":2,"status":0},{"playerId":2241039,"score":1317,"energy":13,"posx":18,"posy":7,"lastAction":4,"status":0}],"golds":[{"posx":20,"posy":0,"amount":100},{"posx":14,"posy":1,"amount":150},{"posx":18,"posy":7,"amount":50}],"changedObstacles":[]},{"players":[{"playerId":2277,"score":975,"energy":39,"posx":18,"posy":7,"lastAction":5,"status":0},{"playerId":2260837,"score":1517,"energy":16,"posx":18,"posy":7,"lastAction":4,"status":0},{"playerId":2534350,"score":1167,"energy":29,"posx":18,"posy":5,"lastAction":4,"status":0},{"playerId":2241039,"score":1342,"energy":8,"posx":18,"posy":7,"lastAction":5,"status":0}],"golds":[{"posx":20,"posy":0,"amount":100},{"posx":14,"posy":1,"amount":150}],"changedObstacles":[{"type":0,"posx":18,"posy":7,"value":-1}]},{"players":[{"playerId":2277,"score":975,"energy":38,"posx":18,"posy":6,"lastAction":2,"status":0},{"playerId":2260837,"score":1517,"energy":15,"posx":18,"posy":6,"lastAction":2,"status":0},{"playerId":2534350,"score":1167,"energy":28,"posx":18,"posy":4,"lastAction":2,"status":0},{"playerId":2241039,"score":1342,"energy":20,"posx":18,"posy":7,"lastAction":4,"status":0}],"golds":[{"posx":20,"posy":0,"amount":100},{"posx":14,"posy":1,"amount":150}],"changedObstacles":[]},{"players":[{"playerId":2277,"score":975,"energy":33,"posx":19,"posy":6,"lastAction":1,"status":0},{"playerId":2260837,"score":1517,"energy":14,"posx":17,"posy":6,"lastAction":0,"status":0},{"playerId":2534350,"score":1167,"energy":20,"posx":17,"posy":4,"lastAction":0,"status":0},{"playerId":2241039,"score":1342,"energy":19,"posx":18,"posy":6,"lastAction":2,"status":0}],"golds":[{"posx":20,"posy":0,"amount":100},{"posx":14,"posy":1,"amount":150}],"changedObstacles":[{"type":3,"posx":19,"posy":6,"value":-20}]},{"players":[{"playerId":2277,"score":975,"energy":32,"posx":20,"posy":6,"lastAction":1,"status":0},{"playerId":2260837,"score":1517,"energy":13,"posx":17,"posy":5,"lastAction":2,"status":0},{"playerId":2534350,"score":1167,"energy":32,"posx":17,"posy":4,"lastAction":4,"status":0},{"playerId":2241039,"score":1342,"energy":31,"posx":18,"posy":6,"lastAction":4,"status":0}],"golds":[{"posx":20,"posy":0,"amount":100},{"posx":14,"posy":1,"amount":150}],"changedObstacles":[]},{"players":[{"playerId":2277,"score":975,"energy":31,"posx":20,"posy":5,"lastAction":2,"status":0},{"playerId":2260837,"score":1517,"energy":12,"posx":16,"posy":5,"lastAction":0,"status":0},{"playerId":2534350,"score":1167,"energy":22,"posx":17,"posy":3,"lastAction":2,"status":0},{"playerId":2241039,"score":1342,"energy":15,"posx":18,"posy":5,"lastAction":2,"status":0}],"golds":[{"posx":20,"posy":0,"amount":100},{"posx":14,"posy":1,"amount":150}],"changedObstacles":[{"type":0,"posx":17,"posy":3,"value":-1}]},{"players":[{"playerId":2277,"score":975,"energy":30,"posx":20,"posy":4,"lastAction":2,"status":0},{"playerId":2260837,"score":1517,"energy":11,"posx":15,"posy":5,"lastAction":0,"status":0},{"playerId":2534350,"score":1167,"energy":17,"posx":16,"posy":3,"lastAction":0,"status":0},{"playerId":2241039,"score":1342,"energy":14,"posx":18,"posy":4,"lastAction":2,"status":0}],"golds":[{"posx":20,"posy":0,"amount":100},{"posx":14,"posy":1,"amount":150}],"changedObstacles":[{"type":3,"posx":16,"posy":3,"value":-20}]},{"players":[{"playerId":2277,"score":975,"energy":20,"posx":20,"posy":3,"lastAction":2,"status":0},{"playerId":2260837,"score":1517,"energy":10,"posx":15,"posy":4,"lastAction":2,"status":0},{"playerId":2534350,"score":1167,"energy":29,"posx":16,"posy":3,"lastAction":4,"status":0},{"playerId":2241039,"score":1342,"energy":13,"posx":18,"posy":3,"lastAction":2,"status":0}],"golds":[{"posx":20,"posy":0,"amount":100},{"posx":14,"posy":1,"amount":150}],"changedObstacles":[{"type":0,"posx":20,"posy":3,"value":-1}]},{"players":[{"playerId":2277,"score":975,"energy":15,"posx":20,"posy":2,"lastAction":2,"status":0},{"playerId":2260837,"score":1517,"energy":22,"posx":15,"posy":4,"lastAction":4,"status":0},{"playerId":2534350,"score":1167,"energy":15,"posx":16,"posy":2,"lastAction":2,"status":0},{"playerId":2241039,"score":1342,"energy":12,"posx":19,"posy":3,"lastAction":1,"status":0}],"golds":[{"posx":20,"posy":0,"amount":100},{"posx":14,"posy":1,"amount":150}],"changedObstacles":[{"type":3,"posx":20,"posy":2,"value":-20}]},{"players":[{"playerId":2277,"score":975,"energy":14,"posx":20,"posy":1,"lastAction":2,"status":0},{"playerId":2260837,"score":1517,"energy":38,"posx":15,"posy":4,"lastAction":4,"status":0},{"playerId":2534350,"score":1167,"energy":27,"posx":16,"posy":2,"lastAction":4,"status":0},{"playerId":2241039,"score":1342,"energy":11,"posx":20,"posy":3,"lastAction":1,"status":0}],"golds":[{"posx":20,"posy":0,"amount":100},{"posx":14,"posy":1,"amount":150}],"changedObstacles":[]},{"players":[{"playerId":2277,"score":975,"energy":10,"posx":20,"posy":0,"lastAction":2,"status":0},{"playerId":2260837,"score":1517,"energy":23,"posx":15,"posy":3,"lastAction":2,"status":0},{"playerId":2534350,"score":1167,"energy":26,"posx":15,"posy":2,"lastAction":0,"status":0},{"playerId":2241039,"score":1342,"energy":23,"posx":20,"posy":3,"lastAction":4,"status":0}],"golds":[{"posx":20,"posy":0,"amount":100},{"posx":14,"posy":1,"amount":150}],"changedObstacles":[]},{"players":[{"playerId":2277,"score":1025,"energy":5,"posx":20,"posy":0,"lastAction":5,"status":0},{"playerId":2260837,"score":1517,"energy":22,"posx":15,"posy":2,"lastAction":2,"status":0},{"playerId":2534350,"score":1167,"energy":25,"posx":15,"posy":1,"lastAction":2,"status":0},{"playerId":2241039,"score":1342,"energy":22,"posx":19,"posy":3,"lastAction":0,"status":0}],"golds":[{"posx":20,"posy":0,"amount":50},{"posx":14,"posy":1,"amount":150}],"changedObstacles":[]},{"players":[{"playerId":2277,"score":1025,"energy":17,"posx":20,"posy":0,"lastAction":4,"status":0},{"playerId":2260837,"score":1517,"energy":21,"posx":15,"posy":1,"lastAction":2,"status":0},{"playerId":2534350,"score":1167,"energy":21,"posx":14,"posy":1,"lastAction":0,"status":0},{"playerId":2241039,"score":1342,"energy":17,"posx":19,"posy":2,"lastAction":2,"status":0}],"golds":[{"posx":20,"posy":0,"amount":50},{"posx":14,"posy":1,"amount":150}],"changedObstacles":[{"type":3,"posx":19,"posy":2,"value":-20}]},{"players":[{"playerId":2277,"score":1025,"energy":33,"posx":20,"posy":0,"lastAction":4,"status":0},{"playerId":2260837,"score":1517,"energy":17,"posx":14,"posy":1,"lastAction":0,"status":0},{"playerId":2534350,"score":1217,"energy":16,"posx":14,"posy":1,"lastAction":5,"status":0},{"playerId":2241039,"score":1342,"energy":29,"posx":19,"posy":2,"lastAction":4,"status":0}],"golds":[{"posx":20,"posy":0,"amount":50},{"posx":14,"posy":1,"amount":100}],"changedObstacles":[]},{"players":[{"playerId":2277,"score":1025,"energy":50,"posx":20,"posy":0,"lastAction":4,"status":0},{"playerId":2260837,"score":1567,"energy":12,"posx":14,"posy":1,"lastAction":5,"status":0},{"playerId":2534350,"score":1267,"energy":11,"posx":14,"posy":1,"lastAction":5,"status":0},{"playerId":2241039,"score":1342,"energy":9,"posx":20,"posy":2,"lastAction":1,"status":0}],"golds":[{"posx":20,"posy":0,"amount":50}],"changedObstacles":[{"type":3,"posx":20,"posy":2,"value":-40},{"type":0,"posx":14,"posy":1,"value":-1}]},{"players":[{"playerId":2277,"score":1075,"energy":45,"posx":20,"posy":0,"lastAction":5,"status":0},{"playerId":2260837,"score":1567,"energy":2,"posx":14,"posy":0,"lastAction":2,"status":0},{"playerId":2534350,"score":1267,"energy":23,"posx":14,"posy":1,"lastAction":4,"status":0},{"playerId":2241039,"score":1342,"energy":8,"posx":20,"posy":1,"lastAction":2,"status":0}],"golds":[],"changedObstacles":[{"type":0,"posx":14,"posy":0,"value":-1},{"type":0,"posx":20,"posy":0,"value":-1}]}]