[{"players":[{"playerId":2483603,"score":0,"energy":46,"posx":5,"posy":5,"lastAction":1,"status":0},{"playerId":277917,"score":0,"energy":49,"posx":3,"posy":5,"lastAction":0,"status":0},{"playerId":2251128,"score":0,"energy":49,"posx":3,"posy":5,"lastAction":0,"status":0},{"playerId":1168092,"score":0,"energy":46,"posx":5,"posy":5,"lastAction":1,"status":0}],"golds":[{"posx":1,"posy":1,"amount":500},{"posx":13,"posy":2,"amount":550},{"posx":5,"posy":3,"amount":350},{"posx":12,"posy":4,"amount":50},{"posx":20,"posy":1,"amount":500},{"posx":5,"posy":5,"amount":650},{"posx":6,"posy":3,"amount":650},{"posx":2,"posy":7,"amount":50},{"posx":2,"posy":2,"amount":550},{"posx":20,"posy":2,"amount":750},{"posx":4,"posy":8,"amount":500},{"posx":11,"posy":7,"amount":300},{"posx":3,"posy":3,"amount":750},{"posx":13,"posy":7,"amount":500},{"posx":20,"posy":8,"amount":500},{"posx":12,"posy":3,"amount":250},{"posx":6,"posy":1,"amount":300},{"posx":13,"posy":5,"amount":450},{"posx":2,"posy":8,"amount":350},{"posx":19,"posy":0,"amount":250}],"changedObstacles":[]},{"players":[{"playerId":2483603,"score":50,"energy":41,"posx":5,"posy":5,"lastAction":5,"status":0},{"playerId":277917,"score":0,"energy":48,"posx":3,"posy":4,"lastAction":2,"status":0},{"playerId":2251128,"score":0,"energy":48,"posx":3,"posy":6,"lastAction":3,"status":0},{"playerId":1168092,"score":50,"energy":41,"posx":5,"posy":5,"lastAction":5,"status":0}],"golds":[{"posx":19,"posy":0,"amount":250},{"posx":1,"posy":1,"amount":500},{"posx":6,"posy":1,"amount":300},{"posx":20,"posy":1,"amount":500},{"posx":2,"posy":2,"amount":550},{"posx":13,"posy":2,"amount":550},{"posx":20,"posy":2,"amount":750},{"posx":3,"posy":3,"amount":750},{"posx":5,"posy":3,"amount":350},{"posx":6,"posy":3,"amount":650},{"posx":12,"posy":3,"amount":250},{"posx":12,"posy":4,"amount":50},{"posx":5,"posy":5,"amount":550},{"posx":13,"posy":5,"amount":450},{"posx":2,"posy":7,"amount":50},{"posx":11,"posy":7,"amount":300},{"posx":13,"posy":7,"amount":500},{"posx":2,"posy":8,"amount":350},{"posx":4,"posy":8,"amount":500},{"posx":20,"posy":8,"amount":500}],"changedObstacles":[]},{"players":[{"playerId":2483603,"score":100,"energy":36,"posx":5,"posy":5,"lastAction":5,"status":0},{"playerId":277917,"score":0,"energy":44,"posx":3,"posy":3,"lastAction":2,"status":0},{"playerId":2251128,"score":0,"energy":47,"posx":3,"posy":7,"lastAction":3,"status":0},{"playerId":1168092,"score":100,"energy":36,"posx":5,"posy":5,"lastAction":5,"status":0}],"golds":[{"posx":19,"posy":0,"amount":250},{"posx":1,"posy":1,"amount":500},{"posx":6,"posy":1,"amount":300},{"posx":20,"posy":1,"amount":500},{"posx":2,"posy":2,"amount":550},{"posx":13,"posy":2,"amount":550},{"posx":20,"posy":2,"amount":750},{"posx":3,"posy":3,"amount":750},{"posx":5,"posy":3,"amount":350},{"posx":6,"posy":3,"amount":650},{"posx":12,"posy":3,"amount":250},{"posx":12,"posy":4,"amount":50},{"posx":5,"posy":5,"amount":450},{"posx":13,"posy":5,"amount":450},{"posx":2,"posy":7,"amount":50},{"posx":11,"posy":7,"amount":300},{"posx":13,"posy":7,"amount":500},{"posx":2,"posy":8,"amount":350},{"posx":4,"posy":8,"amount":500},{"posx":20,"posy":8,"amount":500}],"changedObstacles":[]},{"players":[{"playerId":2483603,"score":150,"energy":31,"posx":5,"posy":5,"lastAction":5,"status":0},{"playerId":277917,"score":50,"energy":39,"posx":3,"posy":3,"lastAction":5,"status":0},{"playerId":2251128,"score":0,"energy":46,"posx":3,"posy":8,"lastAction":3,"status":0},{"playerId":1168092,"score":150,"energy":31,"posx":5,"posy":5,"lastAction":5,"status":0}],"golds":[{"posx":19,"posy":0,"amount":250},{"posx":1,"posy":1,"amount":500},{"posx":6,"posy":1,"amount":300},{"posx":20,"posy":1,"amount":500},{"posx":2,"posy":2,"amount":550},{"posx":13,"posy":2,"amount":550},{"posx":20,"posy":2,"amount":750},{"posx":3,"posy":3,"amount":700},{"posx":5,"posy":3,"amount":350},{"posx":6,"posy":3,"amount":650},{"posx":12,"posy":3,"amount":250},{"posx":12,"posy":4,"amount":50},{"posx":5,"posy":5,"amount":350},{"posx":13,"posy":5,"amount":450},{"posx":2,"posy":7,"amount":50},{"posx":11,"posy":7,"amount":300},{"posx":13,"posy":7,"amount":500},{"posx":2,"posy":8,"amount":350},{"posx":4,"posy":8,"amount":500},{"posx":20,"posy":8,"amount":500}],"changedObstacles":[]},{"players":[{"playerId":2483603,"score":200,"energy":26,"posx":5,"posy":5,"lastAction":5,"status":0},{"playerId":277917,"score":100,"energy":34,"posx":3,"posy":3,"lastAction":5,"status":0},{"playerId":2251128,"score":0,"energy":45,"posx":3,"posy":7,"lastAction":2,"status":0},{"playerId":1168092,"score":200,"energy":26,"posx":5,"posy":5,"lastAction":5,"status":0}],"golds":[{"posx":19,"posy":0,"amount":250},{"posx":1,"posy":1,"amount":500},{"posx":6,"posy":1,"amount":300},{"posx":20,"posy":1,"amount":500},{"posx":2,"posy":2,"amount":550},{"posx":13,"posy":2,"amount":550},{"posx":20,"posy":2,"amount":750},{"posx":3,"posy":3,"amount":650},{"posx":5,"posy":3,"amount":350},{"posx":6,"posy":3,"amount":650},{"posx":12,"posy":3,"amount":250},{"posx":12,"posy":4,"amount":50},{"posx":5,"posy":5,"amount":250},{"posx":13,"posy":5,"amount":450},{"posx":2,"posy":7,"amount":50},{"posx":11,"posy":7,"amount":300},{"posx":13,"posy":7,"amount":500},{"posx":2,"posy":8,"amount":350},{"posx":4,"posy":8,"amount":500},{"posx":20,"posy":8,"amount":500}],"changedObstacles":[]},{"players":[{"playerId":2483603,"score":250,"energy":21,"posx":5,"posy":5,"lastAction":5,"status":0},{"playerId":277917,"score":150,"energy":29,"posx":3,"posy":3,"lastAction":5,"status":0},{"playerId":2251128,"score":0,"energy":44,"posx":3,"posy":6,"lastAction":2,"status":0},{"playerId":1168092,"score":250,"energy":21,"posx":5,"posy":5,"lastAction":5,"status":0}],"golds":[{"posx":19,"posy":0,"amount":250},{"posx":1,"posy":1,"amount":500},{"posx":6,"posy":1,"amount":300},{"posx":20,"posy":1,"amount":500},{"posx":2,"posy":2,"amount":550},{"posx":13,"posy":2,"amount":550},{"posx":20,"posy":2,"amount":750},{"posx":3,"posy":3,"amount":600},{"posx":5,"posy":3,"amount":350},{"posx":6,"posy":3,"amount":650},{"posx":12,"posy":3,"amount":250},{"posx":12,"posy":4,"amount":50},{"posx":5,"posy":5,"amount":150},{"posx":13,"posy":5,"amount":450},{"posx":2,"posy":7,"amount":50},{"posx":11,"posy":7,"amount":300},{"posx":13,"posy":7,"amount":500},{"posx":2,"posy":8,"amount":350},{"posx":4,"posy":8,"amount":500},{"posx":20,"posy":8,"amount":500}],"changedObstacles":[]},{"players":[{"playerId":2483603,"score":300,"energy":16,"posx":5,"posy":5,"lastAction":5,"status":0},{"playerId":277917,"score":200,"energy":24,"posx":3,"posy":3,"lastAction":5,"status":0},{"playerId":2251128,"score":0,"energy":43,"posx":4,"posy":6,"lastAction":1,"status":0},{"playerId":1168092,"score":300,"energy":16,"posx":5,"posy":5,"lastAction":5,"status":0}],"golds":[{"posx":19,"posy":0,"amount":250},{"posx":1,"posy":1,"amount":500},{"posx":6,"posy":1,"amount":300},{"posx":20,"posy":1,"amount":500},{"posx":2,"posy":2,"amount":550},{"posx":13,"posy":2,"amount":550},{"posx":20,"posy":2,"amount":750},{"posx":3,"posy":3,"amount":550},{"posx":5,"posy":3,"amount":350},{"posx":6,"posy":3,"amount":650},{"posx":12,"posy":3,"amount":250},{"posx":12,"posy":4,"amount":50},{"posx":5,"posy":5,"amount":50},{"posx":13,"posy":5,"amount":450},{"posx":2,"posy":7,"amount":50},{"posx":11,"posy":7,"amount":300},{"posx":13,"posy":7,"amount":500},{"posx":2,"posy":8,"amount":350},{"posx":4,"posy":8,"amount":500},{"posx":20,"posy":8,"amount":500}],"changedObstacles":[]},{"players":[{"playerId":2483603,"score":325,"energy":11,"posx":5,"posy":5,"lastAction":5,"status":0},{"playerId":277917,"score":250,"energy":19,"posx":3,"posy":3,"lastAction":5,"status":0},{"playerId":2251128,"score":0,"energy":42,"posx":5,"posy":6,"lastAction":1,"status":0},{"playerId":1168092,"score":325,"energy":11,"posx":5,"posy":5,"lastAction":5,"status":0}],"golds":[{"posx":19,"posy":0,"amount":250},{"posx":1,"posy":1,"amount":500},{"posx":6,"posy":1,"amount":300},{"posx":20,"posy":1,"amount":500},{"posx":2,"posy":2,"amount":550},{"posx":13,"posy":2,"amount":550},{"posx":20,"posy":2,"amount":750},{"posx":3,"posy":3,"amount":500},{"posx":5,"posy":3,"amount":350},{"posx":6,"posy":3,"amount":650},{"posx":12,"posy":3,"amount":250},{"posx":12,"posy":4,"amount":50},{"posx":13,"posy":5,"amount":450},{"posx":2,"posy":7,"amount":50},{"posx":11,"posy":7,"amount":300},{"posx":13,"posy":7,"amount":500},{"posx":2,"posy":8,"amount":350},{"posx":4,"posy":8,"amount":500},{"posx":20,"posy":8,"amount":500}],"changedObstacles":[{"type":0,"posx":5,"posy":5,"value":-1}]},{"players":[{"playerId":2483603,"score":325,"energy":10,"posx":5,"posy":4,"lastAction":2,"status":0},{"playerId":277917,"score":300,"energy":14,"posx":3,"posy":3,"lastAction":5,"status":0},{"playerId":2251128,"score":0,"energy":41,"posx":6,"posy":6,"lastAction":1,"status":0},{"playerId":1168092,"score":325,"energy":10,"posx":5,"posy":4,"lastAction":2,"status":0}],"golds":[{"posx":19,"posy":0,"amount":250},{"posx":1,"posy":1,"amount":500},{"posx":6,"posy":1,"amount":300},{"posx":20,"posy":1,"amount":500},{"posx":2,"posy":2,"amount":550},{"posx":13,"posy":2,"amount":550},{"posx":20,"posy":2,"amount":750},{"posx":3,"posy":3,"amount":450},{"posx":5,"posy":3,"amount":350},{"posx":6,"posy":3,"amount":650},{"posx":12,"posy":3,"amount":250},{"posx":12,"posy":4,"amount":50},{"posx":13,"posy":5,"amount":450},{"posx":2,"posy":7,"amount":50},{"posx":11,"posy":7,"amount":300},{"posx":13,"posy":7,"amount":500},{"posx":2,"posy":8,"amount":350},{"posx":4,"posy":8,"amount":500},{"posx":20,"posy":8,"amount":500}],"changedObstacles":[]},{"players":[{"playerId":2483603,"score":325,"energy":6,"posx":5,"posy":3,"lastAction":2,"status":0},{"playerId":277917,"score":350,"energy":9,"posx":3,"posy":3,"lastAction":5,"status":0},{"playerId":2251128,"score":0,"energy":40,"posx":7,"posy":6,"lastAction":1,"status":0},{"playerId":1168092,"score":325,"energy":6,"posx":5,"posy":3,"lastAction":2,"status":0}],"golds":[{"posx":19,"posy":0,"amount":250},{"posx":1,"posy":1,"amount":500},{"posx":6,"posy":1,"amount":300},{"posx":20,"posy":1,"amount":500},{"posx":2,"posy":2,"amount":550},{"posx":13,"posy":2,"amount":550},{"posx":20,"posy":2,"amount":750},{"posx":3,"posy":3,"amount":400},{"posx":5,"posy":3,"amount":350},{"posx":6,"posy":3,"amount":650},{"posx":12,"posy":3,"amount":250},{"posx":12,"posy":4,"amount":50},{"posx":13,"posy":5,"amount":450},{"posx":2,"posy":7,"amount":50},{"posx":11,"posy":7,"amount":300},{"posx":13,"posy":7,"amount":500},{"posx":2,"posy":8,"amount":350},{"posx":4,"posy":8,"amount":500},{"posx":20,"posy":8,"amount":500}],"changedObstacles":[]},{"players":[{"playerId":2483603,"score":375,"energy":1,"posx":5,"posy":3,"lastAction":5,"status":0},{"playerId":277917,"score":400,"energy":4,"posx":3,"posy":3,"lastAction":5,"status":0},{"playerId":2251128,"score":0,"energy":39,"posx":8,"posy":6,"lastAction":1,"status":0},{"playerId":1168092,"score":375,"energy":1,"posx":5,"posy":3,"lastAction":5,"status":0}],"golds":[{"posx":19,"posy":0,"amount":250},{"posx":1,"posy":1,"amount":500},{"posx":6,"posy":1,"amount":300},{"posx":20,"posy":1,"amount":500},{"posx":2,"posy":2,"amount":550},{"posx":13,"posy":2,"amount":550},{"posx":20,"posy":2,"amount":750},{"posx":3,"posy":3,"amount":350},{"posx":5,"posy":3,"amount":250},{"posx":6,"posy":3,"amount":650},{"posx":12,"posy":3,"amount":250},{"posx":12,"posy":4,"amount":50},{"posx":13,"posy":5,"amount":450},{"posx":2,"posy":7,"amount":50},{"posx":11,"posy":7,"amount":300},{"posx":13,"posy":7,"amount":500},{"posx":2,"posy":8,"amount":350},{"posx":4,"posy":8,"amount":500},{"posx":20,"posy":8,"amount":500}],"changedObstacles":[]},{"players":[{"playerId":2483603,"score":375,"energy":13,"posx":5,"posy":3,"lastAction":4,"status":0},{"playerId":277917,"score":400,"energy":16,"posx":3,"posy":3,"lastAction":4,"status":0},{"playerId":2251128,"score":0,"energy":38,"posx":9,"posy":6,"lastAction":1,"status":0},{"playerId":1168092,"score":375,"energy":13,"posx":5,"posy":3,"lastAction":4,"status":0}],"golds":[{"posx":19,"posy":0,"amount":250},{"posx":1,"posy":1,"amount":500},{"posx":6,"posy":1,"amount":300},{"posx":20,"posy":1,"amount":500},{"posx":2,"posy":2,"amount":550},{"posx":13,"posy":2,"amount":550},{"posx":20,"posy":2,"amount":750},{"posx":3,"posy":3,"amount":350},{"posx":5,"posy":3,"amount":250},{"posx":6,"posy":3,"amount":650},{"posx":12,"posy":3,"amount":250},{"posx":12,"posy":4,"amount":50},{"posx":13,"posy":5,"amount":450},{"posx":2,"posy":7,"amount":50},{"posx":11,"posy":7,"amount":300},{"posx":13,"posy":7,"amount":500},{"posx":2,"posy":8,"amount":350},{"posx":4,"posy":8,"amount":500},{"posx":20,"posy":8,"amount":500}],"changedObstacles":[]},{"players":[{"playerId":2483603,"score":375,"energy":29,"posx":5,"posy":3,"lastAction":4,"status":0},{"playerId":277917,"score":400,"energy":32,"posx":3,"posy":3,"lastAction":4,"status":0},{"playerId":2251128,"score":0,"energy":37,"posx":10,"posy":6,"lastAction":1,"status":0},{"playerId":1168092,"score":375,"energy":29,"posx":5,"posy":3,"lastAction":4,"status":0}],"golds":[{"posx":19,"posy":0,"amount":250},{"posx":1,"posy":1,"amount":500},{"posx":6,"posy":1,"amount":300},{"posx":20,"posy":1,"amount":500},{"posx":2,"posy":2,"amount":550},{"posx":13,"posy":2,"amount":550},{"posx":20,"posy":2,"amount":750},{"posx":3,"posy":3,"amount":350},{"posx":5,"posy":3,"amount":250},{"posx":6,"posy":3,"amount":650},{"posx":12,"posy":3,"amount":250},{"posx":12,"posy":4,"amount":50},{"posx":13,"posy":5,"amount":450},{"posx":2,"posy":7,"amount":50},{"posx":11,"posy":7,"amount":300},{"posx":13,"posy":7,"amount":500},{"posx":2,"posy":8,"amount":350},{"posx":4,"posy":8,"amount":500},{"posx":20,"posy":8,"amount":500}],"changedObstacles":[]},{"players":[{"playerId":2483603,"score":425,"energy":24,"posx":5,"posy":3,"lastAction":5,"status":0},{"playerId":277917,"score":400,"energy":50,"posx":3,"posy":3,"lastAction":4,"status":0},{"playerId":2251128,"score":0,"energy":36,"posx":11,"posy":6,"lastAction":1,"status":0},{"playerId":1168092,"score":425,"energy":24,"posx":5,"posy":3,"lastAction":5,"status":0}],"golds":[{"posx":19,"posy":0,"amount":250},{"posx":1,"posy":1,"amount":500},{"posx":6,"posy":1,"amount":300},{"posx":20,"posy":1,"amount":500},{"posx":2,"posy":2,"amount":550},{"posx":13,"posy":2,"amount":550},{"posx":20,"posy":2,"amount":750},{"posx":3,"posy":3,"amount":350},{"posx":5,"posy":3,"amount":150},{"posx":6,"posy":3,"amount":650},{"posx":12,"posy":3,"amount":250},{"posx":12,"posy":4,"amount":50},{"posx":13,"posy":5,"amount":450},{"posx":2,"posy":7,"amount":50},{"posx":11,"posy":7,"amount":300},{"posx":13,"posy":7,"amount":500},{"posx":2,"posy":8,"amount":350},{"posx":4,"posy":8,"amount":500},{"posx":20,"posy":8,"amount":500}],"changedObstacles":[]},{"players":[{"playerId":2483603,"score":475,"energy":19,"posx":5,"posy":3,"lastAction":5,"status":0},{"playerId":277917,"score":450,"energy":45,"posx":3,"posy":3,"lastAction":5,"status":0},{"playerId":2251128,"score":0,"energy":35,"posx":12,"posy":6,"lastAction":1,"status":0},{"playerId":1168092,"score":475,"energy":19,"posx":5,"posy":3,"lastAction":5,"status":0}],"golds":[{"posx":19,"posy":0,"amount":250},{"posx":1,"posy":1,"amount":500},{"posx":6,"posy":1,"amount":300},{"posx":20,"posy":1,"amount":500},{"posx":2,"posy":2,"amount":550},{"posx":13,"posy":2,"amount":550},{"posx":20,"posy":2,"amount":750},{"posx":3,"posy":3,"amount":300},{"posx":5,"posy":3,"amount":50},{"posx":6,"posy":3,"amount":650},{"posx":12,"posy":3,"amount":250},{"posx":12,"posy":4,"amount":50},{"posx":13,"posy":5,"amount":450},{"posx":2,"posy":7,"amount":50},{"posx":11,"posy":7,"amount":300},{"posx":13,"posy":7,"amount":500},{"posx":2,"posy":8,"amount":350},{"posx":4,"posy":8,"amount":500},{"posx":20,"posy":8,"amount":500}],"changedObstacles":[]},{"players":[{"playerId":2483603,"score":500,"energy":14,"posx":5,"posy":3,"lastAction":5,"status":0},{"playerId":277917,"score":500,"energy":40,"posx":3,"posy":3,"lastAction":5,"status":0},{"playerId":2251128,"score":0,"energy":34,"posx":13,"posy":6,"lastAction":1,"status":0},{"playerId":1168092,"score":500,"energy":14,"posx":5,"posy":3,"lastAction":5,"status":0}],"golds":[{"posx":19,"posy":0,"amount":250},{"posx":1,"posy":1,"amount":500},{"posx":6,"posy":1,"amount":300},{"posx":20,"posy":1,"amount":500},{"posx":2,"posy":2,"amount":550},{"posx":13,"posy":2,"amount":550},{"posx":20,"posy":2,"amount":750},{"posx":3,"posy":3,"amount":250},{"posx":6,"posy":3,"amount":650},{"posx":12,"posy":3,"amount":250},{"posx":12,"posy":4,"amount":50},{"posx":13,"posy":5,"amount":450},{"posx":2,"posy":7,"amount":50},{"posx":11,"posy":7,"amount":300},{"posx":13,"posy":7,"amount":500},{"posx":2,"posy":8,"amount":350},{"posx":4,"posy":8,"amount":500},{"posx":20,"posy":8,"amount":500}],"changedObstacles":[{"type":0,"posx":5,"posy":3,"value":-1}]},{"players":[{"playerId":2483603,"score":500,"energy":10,"posx":6,"posy":3,"lastAction":1,"status":0},{"playerId":277917,"score":550,"energy":35,"posx":3,"posy":3,"lastAction":5,"status":0},{"playerId":2251128,"score":0,"energy":33,"posx":14,"posy":6,"lastAction":1,"status":0},{"playerId":1168092,"score":500,"energy":10,"posx":6,"posy":3,"lastAction":1,"status":0}],"golds":[{"posx":19,"posy":0,"amount":250},{"posx":1,"posy":1,"amount":500},{"posx":6,"posy":1,"amount":300},{"posx":20,"posy":1,"amount":500},{"posx":2,"posy":2,"amount":550},{"posx":13,"posy":2,"amount":550},{"posx":20,"posy":2,"amount":750},{"posx":3,"posy":3,"amount":200},{"posx":6,"posy":3,"amount":650},{"posx":12,"posy":3,"amount":250},{"posx":12,"posy":4,"amount":50},{"posx":13,"posy":5,"amount":450},{"posx":2,"posy":7,"amount":50},{"posx":11,"posy":7,"amount":300},{"posx":13,"posy":7,"amount":500},{"posx":2,"posy":8,"amount":350},{"posx":4,"posy":8,"amount":500},{"posx":20,"posy":8,"amount":500}],"changedObstacles":[]},{"players":[{"playerId":2483603,"score":550,"energy":5,"posx":6,"posy":3,"lastAction":5,"status":0},{"playerId":277917,"score":600,"energy":30,"posx":3,"posy":3,"lastAction":5,"status":0},{"playerId":2251128,"score":0,"energy":32,"posx":14,"posy":5,"lastAction":2,"status":0},{"playerId":1168092,"score":550,"energy":5,"posx":6,"posy":3,"lastAction":5,"status":0}],"golds":[{"posx":19,"posy":0,"amount":250},{"posx":1,"posy":1,"amount":500},{"posx":6,"posy":1,"amount":300},{"posx":20,"posy":1,"amount":500},{"posx":2,"posy":2,"amount":550},{"posx":13,"posy":2,"amount":550},{"posx":20,"posy":2,"amount":750},{"posx":3,"posy":3,"amount":150},{"posx":6,"posy":3,"amount":550},{"posx":12,"posy":3,"amount":250},{"posx":12,"posy":4,"amount":50},{"posx":13,"posy":5,"amount":450},{"posx":2,"posy":7,"amount":50},{"posx":11,"posy":7,"amount":300},{"posx":13,"posy":7,"amount":500},{"posx":2,"posy":8,"amount":350},{"posx":4,"posy":8,"amount":500},{"posx":20,"posy":8,"amount":500}],"changedObstacles":[]},{"players":[{"playerId":2483603,"score":550,"energy":17,"posx":6,"posy":3,"lastAction":4,"status":0},{"playerId":277917,"score":650,"energy":25,"posx":3,"posy":3,"lastAction":5,"status":0},{"playerId":2251128,"score":0,"energy":31,"posx":14,"posy":4,"lastAction":2,"status":0},{"playerId":1168092,"score":550,"energy":17,"posx":6,"posy":3,"lastAction":4,"status":0}],"golds":[{"posx":19,"posy":0,"amount":250},{"posx":1,"posy":1,"amount":500},{"posx":6,"posy":1,"amount":300},{"posx":20,"posy":1,"amount":500},{"posx":2,"posy":2,"amount":550},{"posx":13,"posy":2,"amount":550},{"posx":20,"posy":2,"amount":750},{"posx":3,"posy":3,"amount":100},{"posx":6,"posy":3,"amount":550},{"posx":12,"posy":3,"amount":250},{"posx":12,"posy":4,"amount":50},{"posx":13,"posy":5,"amount":450},{"posx":2,"posy":7,"amount":50},{"posx":11,"posy":7,"amount":300},{"posx":13,"posy":7,"amount":500},{"posx":2,"posy":8,"amount":350},{"posx":4,"posy":8,"amount":500},{"posx":20,"posy":8,"amount":500}],"changedObstacles":[]},{"players":[{"playerId":2483603,"score":550,"energy":33,"posx":6,"posy":3,"lastAction":4,"status":0},{"playerId":277917,"score":700,"energy":20,"posx":3,"posy":3,"lastAction":5,"status":0},{"playerId":2251128,"score":0,"energy":30,"posx":14,"posy":3,"lastAction":2,"status":0},{"playerId":1168092,"score":550,"energy":33,"posx":6,"posy":3,"lastAction":4,"status":0}],"golds":[{"posx":19,"posy":0,"amount":250},{"posx":1,"posy":1,"amount":500},{"posx":6,"posy":1,"amount":300},{"posx":20,"posy":1,"amount":500},{"posx":2,"posy":2,"amount":550},{"posx":13,"posy":2,"amount":550},{"posx":20,"posy":2,"amount":750},{"posx":3,"posy":3,"amount":50},{"posx":6,"posy":3,"amount":550},{"posx":12,"posy":3,"amount":250},{"posx":12,"posy":4,"amount":50},{"posx":13,"posy":5,"amount":450},{"posx":2,"posy":7,"amount":50},{"posx":11,"posy":7,"amount":300},{"posx":13,"posy":7,"amount":500},{"posx":2,"posy":8,"amount":350},{"posx":4,"posy":8,"amount":500},{"posx":20,"posy":8,"amount":500}],"changedObstacles":[]},{"players":[{"playerId":2483603,"score":600,"energy":28,"posx":6,"posy":3,"lastAction":5,"status":0},{"playerId":277917,"score":750,"energy":15,"posx":3,"posy":3,"lastAction":5,"status":0},{"playerId":2251128,"score":0,"energy":29,"posx":14,"posy":2,"lastAction":2,"status":0},{"playerId":1168092,"score":600,"energy":28,"posx":6,"posy":3,"lastAction":5,"status":0}],"golds":[{"posx":19,"posy":0,"amount":250},{"posx":1,"posy":1,"amount":500},{"posx":6,"posy":1,"amount":300},{"posx":20,"posy":1,"amount":500},{"posx":2,"posy":2,"amount":550},{"posx":13,"posy":2,"amount":550},{"posx":20,"posy":2,"amount":750},{"posx":6,"posy":3,"amount":450},{"posx":12,"posy":3,"amount":250},{"posx":12,"posy":4,"amount":50},{"posx":13,"posy":5,"amount":450},{"posx":2,"posy":7,"amount":50},{"posx":11,"posy":7,"amount":300},{"posx":13,"posy":7,"amount":500},{"posx":2,"posy":8,"amount":350},{"posx":4,"posy":8,"amount":500},{"posx":20,"posy":8,"amount":500}],"changedObstacles":[{"type":0,"posx":3,"posy":3,"value":-1}]},{"players":[{"playerId":2483603,"score":650,"energy":23,"posx":6,"posy":3,"lastAction":5,"status":0},{"playerId":277917,"score":750,"energy":14,"posx":2,"posy":3,"lastAction":0,"status":0},{"playerId":2251128,"score":0,"energy":28,"posx":15,"posy":2,"lastAction":1,"status":0},{"playerId":1168092,"score":650,"energy":23,"posx":6,"posy":3,"lastAction":5,"status":0}],"golds":[{"posx":19,"posy":0,"amount":250},{"posx":1,"posy":1,"amount":500},{"posx":6,"posy":1,"amount":300},{"posx":20,"posy":1,"amount":500},{"posx":2,"posy":2,"amount":550},{"posx":13,"posy":2,"amount":550},{"posx":20,"posy":2,"amount":750},{"posx":6,"posy":3,"amount":350},{"posx":12,"posy":3,"amount":250},{"posx":12,"posy":4,"amount":50},{"posx":13,"posy":5,"amount":450},{"posx":2,"posy":7,"amount":50},{"posx":11,"posy":7,"amount":300},{"posx":13,"posy":7,"amount":500},{"posx":2,"posy":8,"amount":350},{"posx":4,"posy":8,"amount":500},{"posx":20,"posy":8,"amount":500}],"changedObstacles":[]},{"players":[{"playerId":2483603,"score":700,"energy":18,"posx":6,"posy":3,"lastAction":5,"status":0},{"playerId":277917,"score":750,"energy":10,"posx":2,"posy":2,"lastAction":2,"status":0},{"playerId":2251128,"score":0,"energy":27,"posx":16,"posy":2,"lastAction":1,"status":0},{"playerId":1168092,"score":700,"energy":18,"posx":6,"posy":3,"lastAction":5,"status":0}],"golds":[{"posx":19,"posy":0,"amount":250},{"posx":1,"posy":1,"amount":500},{"posx":6,"posy":1,"amount":300},{"posx":20,"posy":1,"amount":500},{"posx":2,"posy":2,"amount":550},{"posx":13,"posy":2,"amount":550},{"posx":20,"posy":2,"amount":750},{"posx":6,"posy":3,"amount":250},{"posx":12,"posy":3,"amount":250},{"posx":12,"posy":4,"amount":50},{"posx":13,"posy":5,"amount":450},{"posx":2,"posy":7,"amount":50},{"posx":11,"posy":7,"amount":300},{"posx":13,"posy":7,"amount":500},{"posx":2,"posy":8,"amount":350},{"posx":4,"posy":8,"amount":500},{"posx":20,"posy":8,"amount":500}],"changedObstacles":[]},{"players":[{"playerId":2483603,"score":750,"energy":13,"posx":6,"posy":3,"lastAction":5,"status":0},{"playerId":277917,"score":800,"energy":5,"posx":2,"posy":2,"lastAction":5,"status":0},{"playerId":2251128,"score":0,"energy":26,"posx":17,"posy":2,"lastAction":1,"status":0},{"playerId":1168092,"score":750,"energy":13,"posx":6,"posy":3,"lastAction":5,"status":0}],"golds":[{"posx":19,"posy":0,"amount":250},{"posx":1,"posy":1,"amount":500},{"posx":6,"posy":1,"amount":300},{"posx":20,"posy":1,"amount":500},{"posx":2,"posy":2,"amount":500},{"posx":13,"posy":2,"amount":550},{"posx":20,"posy":2,"amount":750},{"posx":6,"posy":3,"amount":150},{"posx":12,"posy":3,"amount":250},{"posx":12,"posy":4,"amount":50},{"posx":13,"posy":5,"amount":450},{"posx":2,"posy":7,"amount":50},{"posx":11,"posy":7,"amount":300},{"posx":13,"posy":7,"amount":500},{"posx":2,"posy":8,"amount":350},{"posx":4,"posy":8,"amount":500},{"posx":20,"posy":8,"amount":500}],"changedObstacles":[]},{"players":[{"playerId":2483603,"score":800,"energy":8,"posx":6,"posy":3,"lastAction":5,"status":0},{"playerId":277917,"score":800,"energy":17,"posx":2,"posy":2,"lastAction":4,"status":0},{"playerId":2251128,"score":0,"energy":25,"posx":18,"posy":2,"lastAction":1,"status":0},{"playerId":1168092,"score":800,"energy":8,"posx":6,"posy":3,"lastAction":5,"status":0}],"golds":[{"posx":19,"posy":0,"amount":250},{"posx":1,"posy":1,"amount":500},{"posx":6,"posy":1,"amount":300},{"posx":20,"posy":1,"amount":500},{"posx":2,"posy":2,"amount":500},{"posx":13,"posy":2,"amount":550},{"posx":20,"posy":2,"amount":750},{"posx":6,"posy":3,"amount":50},{"posx":12,"posy":3,"amount":250},{"posx":12,"posy":4,"amount":50},{"posx":13,"posy":5,"amount":450},{"posx":2,"posy":7,"amount":50},{"posx":11,"posy":7,"amount":300},{"posx":13,"posy":7,"amount":500},{"posx":2,"posy":8,"amount":350},{"posx":4,"posy":8,"amount":500},{"posx":20,"posy":8,"amount":500}],"changedObstacles":[]},{"players":[{"playerId":2483603,"score":825,"energy":3,"posx":6,"posy":3,"lastAction":5,"status":0},{"playerId":277917,"score":800,"energy":33,"posx":2,"posy":2,"lastAction":4,"status":0},{"playerId":2251128,"score":0,"energy":24,"posx":19,"posy":2,"lastAction":1,"status":0},{"playerId":1168092,"score":825,"energy":3,"posx":6,"posy":3,"lastAction":5,"status":0}],"golds":[{"posx":19,"posy":0,"amount":250},{"posx":1,"posy":1,"amount":500},{"posx":6,"posy":1,"amount":300},{"posx":20,"posy":1,"amount":500},{"posx":2,"posy":2,"amount":500},{"posx":13,"posy":2,"amount":550},{"posx":20,"posy":2,"amount":750},{"posx":12,"posy":3,"amount":250},{"posx":12,"posy":4,"amount":50},{"posx":13,"posy":5,"amount":450},{"posx":2,"posy":7,"amount":50},{"posx":11,"posy":7,"amount":300},{"posx":13,"posy":7,"amount":500},{"posx":2,"posy":8,"amount":350},{"posx":4,"posy":8,"amount":500},{"posx":20,"posy":8,"amount":500}],"changedObstacles":[{"type":0,"posx":6,"posy":3,"value":-1}]},{"players":[{"playerId":2483603,"score":825,"energy":2,"posx":6,"posy":2,"lastAction":2,"status":0},{"playerId":277917,"score":800,"energy":50,"posx":2,"posy":2,"lastAction":4,"status":0},{"playerId":2251128,"score":0,"energy":20,"posx":20,"posy":2,"lastAction":1,"status":0},{"playerId":1168092,"score":825,"energy":2,"posx":7,"posy":3,"lastAction":1,"status":0}],"golds":[{"posx":19,"posy":0,"amount":250},{"posx":1,"posy":1,"amount":500},{"posx":6,"posy":1,"amount":300},{"posx":20,"posy":1,"amount":500},{"posx":2,"posy":2,"amount":500},{"posx":13,"posy":2,"amount":550},{"posx":20,"posy":2,"amount":750},{"posx":12,"posy":3,"amount":250},{"posx":12,"posy":4,"amount":50},{"posx":13,"posy":5,"amount":450},{"posx":2,"posy":7,"amount":50},{"posx":11,"posy":7,"amount":300},{"posx":13,"posy":7,"amount":500},{"posx":2,"posy":8,"amount":350},{"posx":4,"posy":8,"amount":500},{"posx":20,"posy":8,"amount":500}],"changedObstacles":[]},{"players":[{"playerId":2483603,"score":825,"energy":14,"posx":6,"posy":2,"lastAction":4,"status":0},{"playerId":277917,"score":850,"energy":45,"posx":2,"posy":2,"lastAction":5,"status":0},{"playerId":2251128,"score":50,"energy":15,"posx":20,"posy":2,"lastAction":5,"status":0},{"playerId":1168092,"score":825,"energy":1,"posx":8,"posy":3,"lastAction":1,"status":0}],"golds":[{"posx":19,"posy":0,"amount":250},{"posx":1,"posy":1,"amount":500},{"posx":6,"posy":1,"amount":300},{"posx":20,"posy":1,"amount":500},{"posx":2,"posy":2,"amount":450},{"posx":13,"posy":2,"amount":550},{"posx":20,"posy":2,"amount":700},{"posx":12,"posy":3,"amount":250},{"posx":12,"posy":4,"amount":50},{"posx":13,"posy":5,"amount":450},{"posx":2,"posy":7,"amount":50},{"posx":11,"posy":7,"amount":300},{"posx":13,"posy":7,"amount":500},{"posx":2,"posy":8,"amount":350},{"posx":4,"posy":8,"amount":500},{"posx":20,"posy":8,"amount":500}],"changedObstacles":[]},{"players":[{"playerId":2483603,"score":825,"energy":30,"posx":6,"posy":2,"lastAction":4,"status":0},{"playerId":277917,"score":900,"energy":40,"posx":2,"posy":2,"lastAction":5,"status":0},{"playerId":2251128,"score":100,"energy":10,"posx":20,"posy":2,"lastAction":5,"status":0},{"playerId":1168092,"score":825,"energy":13,"posx":8,"posy":3,"lastAction":4,"status":0}],"golds":[{"posx":19,"posy":0,"amount":250},{"posx":1,"posy":1,"amount":500},{"posx":6,"posy":1,"amount":300},{"posx":20,"posy":1,"amount":500},{"posx":2,"posy":2,"amount":400},{"posx":13,"posy":2,"amount":550},{"posx":20,"posy":2,"amount":650},{"posx":12,"posy":3,"amount":250},{"posx":12,"posy":4,"amount":50},{"posx":13,"posy":5,"amount":450},{"posx":2,"posy":7,"amount":50},{"posx":11,"posy":7,"amount":300},{"posx":13,"posy":7,"amount":500},{"posx":2,"posy":8,"amount":350},{"posx":4,"posy":8,"amount":500},{"posx":20,"posy":8,"amount":500}],"changedObstacles":[]},{"players":[{"playerId":2483603,"score":825,"energy":26,"posx":6,"posy":1,"lastAction":2,"status":0},{"playerId":277917,"score":950,"energy":35,"posx":2,"posy":2,"lastAction":5,"status":0},{"playerId":2251128,"score":150,"energy":5,"posx":20,"posy":2,"lastAction":5,"status":0},{"playerId":1168092,"score":825,"energy":12,"posx":8,"posy":2,"lastAction":2,"status":0}],"golds":[{"posx":19,"posy":0,"amount":250},{"posx":1,"posy":1,"amount":500},{"posx":6,"posy":1,"amount":300},{"posx":20,"posy":1,"amount":500},{"posx":2,"posy":2,"amount":350},{"posx":13,"posy":2,"amount":550},{"posx":20,"posy":2,"amount":600},{"posx":12,"posy":3,"amount":250},{"posx":12,"posy":4,"amount":50},{"posx":13,"posy":5,"amount":450},{"posx":2,"posy":7,"amount":50},{"posx":11,"posy":7,"amount":300},{"posx":13,"posy":7,"amount":500},{"posx":2,"posy":8,"amount":350},{"posx":4,"posy":8,"amount":500},{"posx":20,"posy":8,"amount":500}],"changedObstacles":[]},{"players":[{"playerId":2483603,"score":875,"energy":21,"posx":6,"posy":1,"lastAction":5,"status":0},{"playerId":277917,"score":1000,"energy":30,"posx":2,"posy":2,"lastAction":5,"status":0},{"playerId":2251128,"score":150,"energy":17,"posx":20,"posy":2,"lastAction":4,"status":0},{"playerId":1168092,"score":825,"energy":11,"posx":9,"posy":2,"lastAction":1,"status":0}],"golds":[{"posx":19,"posy":0,"amount":250},{"posx":1,"posy":1,"amount":500},{"posx":6,"posy":1,"amount":250},{"posx":20,"posy":1,"amount":500},{"posx":2,"posy":2,"amount":300},{"posx":13,"posy":2,"amount":550},{"posx":20,"posy":2,"amount":600},{"posx":12,"posy":3,"amount":250},{"posx":12,"posy":4,"amount":50},{"posx":13,"posy":5,"amount":450},{"posx":2,"posy":7,"amount":50},{"posx":11,"posy":7,"amount":300},{"posx":13,"posy":7,"amount":500},{"posx":2,"posy":8,"amount":350},{"posx":4,"posy":8,"amount":500},{"posx":20,"posy":8,"amount":500}],"changedObstacles":[]},{"players":[{"playerId":2483603,"score":925,"energy":16,"posx":6,"posy":1,"lastAction":5,"status":0},{"playerId":277917,"score":1050,"energy":25,"posx":2,"posy":2,"lastAction":5,"status":0},{"playerId":2251128,"score":150,"energy":33,"posx":20,"posy":2,"lastAction":4,"status":0},{"playerId":1168092,"score":825,"energy":10,"posx":10,"posy":2,"lastAction":1,"status":0}],"golds":[{"posx":19,"posy":0,"amount":250},{"posx":1,"posy":1,"amount":500},{"posx":6,"posy":1,"amount":200},{"posx":20,"posy":1,"amount":500},{"posx":2,"posy":2,"amount":250},{"posx":13,"posy":2,"amount":550},{"posx":20,"posy":2,"amount":600},{"posx":12,"posy":3,"amount":250},{"posx":12,"posy":4,"amount":50},{"posx":13,"posy":5,"amount":450},{"posx":2,"posy":7,"amount":50},{"posx":11,"posy":7,"amount":300},{"posx":13,"posy":7,"amount":500},{"posx":2,"posy":8,"amount":350},{"posx":4,"posy":8,"amount":500},{"posx":20,"posy":8,"amount":500}],"changedObstacles":[]},{"players":[{"playerId":2483603,"score":975,"energy":11,"posx":6,"posy":1,"lastAction":5,"status":0},{"playerId":277917,"score":1100,"energy":20,"posx":2,"posy":2,"lastAction":5,"status":0},{"playerId":2251128,"score":150,"energy":50,"posx":20,"posy":2,"lastAction":4,"status":0},{"playerId":1168092,"score":825,"energy":9,"posx":11,"posy":2,"lastAction":1,"status":0}],"golds":[{"posx":19,"posy":0,"amount":250},{"posx":1,"posy":1,"amount":500},{"posx":6,"posy":1,"amount":150},{"posx":20,"posy":1,"amount":500},{"posx":2,"posy":2,"amount":200},{"posx":13,"posy":2,"amount":550},{"posx":20,"posy":2,"amount":600},{"posx":12,"posy":3,"amount":250},{"posx":12,"posy":4,"amount":50},{"posx":13,"posy":5,"amount":450},{"posx":2,"posy":7,"amount":50},{"posx":11,"posy":7,"amount":300},{"posx":13,"posy":7,"amount":500},{"posx":2,"posy":8,"amount":350},{"posx":4,"posy":8,"amount":500},{"posx":20,"posy":8,"amount":500}],"changedObstacles":[]},{"players":[{"playerId":2483603,"score":1025,"energy":6,"posx":6,"posy":1,"lastAction":5,"status":0},{"playerId":277917,"score":1150,"energy":15,"posx":2,"posy":2,"lastAction":5,"status":0},{"playerId":2251128,"score":200,"energy":45,"posx":20,"posy":2,"lastAction":5,"status":0},{"playerId":1168092,"score":825,"energy":8,"posx":12,"posy":2,"lastAction":1,"status":0}],"golds":[{"posx":19,"posy":0,"amount":250},{"posx":1,"posy":1,"amount":500},{"posx":6,"posy":1,"amount":100},{"posx":20,"posy":1,"amount":500},{"posx":2,"posy":2,"amount":150},{"posx":13,"posy":2,"amount":550},{"posx":20,"posy":2,"amount":550},{"posx":12,"posy":3,"amount":250},{"posx":12,"posy":4,"amount":50},{"posx":13,"posy":5,"amount":450},{"posx":2,"posy":7,"amount":50},{"posx":11,"posy":7,"amount":300},{"posx":13,"posy":7,"amount":500},{"posx":2,"posy":8,"amount":350},{"posx":4,"posy":8,"amount":500},{"posx":20,"posy":8,"amount":500}],"changedObstacles":[]},{"players":[{"playerId":2483603,"score":1075,"energy":1,"posx":6,"posy":1,"lastAction":5,"status":0},{"playerId":277917,"score":1200,"energy":10,"posx":2,"posy":2,"lastAction":5,"status":0},{"playerId":2251128,"score":250,"energy":40,"posx":20,"posy":2,"lastAction":5,"status":0},{"playerId":1168092,"score":825,"energy":4,"posx":13,"posy":2,"lastAction":1,"status":0}],"golds":[{"posx":19,"posy":0,"amount":250},{"posx":1,"posy":1,"amount":500},{"posx":6,"posy":1,"amount":50},{"posx":20,"posy":1,"amount":500},{"posx":2,"posy":2,"amount":100},{"posx":13,"posy":2,"amount":550},{"posx":20,"posy":2,"amount":500},{"posx":12,"posy":3,"amount":250},{"posx":12,"posy":4,"amount":50},{"posx":13,"posy":5,"amount":450},{"posx":2,"posy":7,"amount":50},{"posx":11,"posy":7,"amount":300},{"posx":13,"posy":7,"amount":500},{"posx":2,"posy":8,"amount":350},{"posx":4,"posy":8,"amount":500},{"posx":20,"posy":8,"amount":500}],"changedObstacles":[]},{"players":[{"playerId":2483603,"score":1075,"energy":13,"posx":6,"posy":1,"lastAction":4,"status":0},{"playerId":277917,"score":1250,"energy":5,"posx":2,"posy":2,"lastAction":5,"status":0},{"playerId":2251128,"score":300,"energy":35,"posx":20,"posy":2,"lastAction":5,"status":0},{"playerId":1168092,"score":825,"energy":16,"posx":13,"posy":2,"lastAction":4,"status":0}],"golds":[{"posx":19,"posy":0,"amount":250},{"posx":1,"posy":1,"amount":500},{"posx":6,"posy":1,"amount":50},{"posx":20,"posy":1,"amount":500},{"posx":2,"posy":2,"amount":50},{"posx":13,"posy":2,"amount":550},{"posx":20,"posy":2,"amount":450},{"posx":12,"posy":3,"amount":250},{"posx":12,"posy":4,"amount":50},{"posx":13,"posy":5,"amount":450},{"posx":2,"posy":7,"amount":50},{"posx":11,"posy":7,"amount":300},{"posx":13,"posy":7,"amount":500},{"posx":2,"posy":8,"amount":350},{"posx":4,"posy":8,"amount":500},{"posx":20,"posy":8,"amount":500}],"changedObstacles":[]},{"players":[{"playerId":2483603,"score":1075,"energy":29,"posx":6,"posy":1,"lastAction":4,"status":0},{"playerId":277917,"score":1250,"energy":17,"posx":2,"posy":2,"lastAction":4,"status":0},{"playerId":2251128,"score":350,"energy":30,"posx":20,"posy":2,"lastAction":5,"status":0},{"playerId":1168092,"score":825,"energy":32,"posx":13,"posy":2,"lastAction":4,"status":0}],"golds":[{"posx":19,"posy":0,"amount":250},{"posx":1,"posy":1,"amount":500},{"posx":6,"posy":1,"amount":50},{"posx":20,"posy":1,"amount":500},{"posx":2,"posy":2,"amount":50},{"posx":13,"posy":2,"amount":550},{"posx":20,"posy":2,"amount":400},{"posx":12,"posy":3,"amount":250},{"posx":12,"posy":4,"amount":50},{"posx":13,"posy":5,"amount":450},{"posx":2,"posy":7,"amount":50},{"posx":11,"posy":7,"amount":300},{"posx":13,"posy":7,"amount":500},{"posx":2,"posy":8,"amount":350},{"posx":4,"posy":8,"amount":500},{"posx":20,"posy":8,"amount":500}],"changedObstacles":[]},{"players":[{"playerId":2483603,"score":1125,"energy":24,"posx":6,"posy":1,"lastAction":5,"status":0},{"playerId":277917,"score":1250,"energy":33,"posx":2,"posy":2,"lastAction":4,"status":0},{"playerId":2251128,"score":400,"energy":25,"posx":20,"posy":2,"lastAction":5,"status":0},{"playerId":1168092,"score":875,"energy":27,"posx":13,"posy":2,"lastAction":5,"status":0}],"golds":[{"posx":19,"posy":0,"amount":250},{"posx":1,"posy":1,"amount":500},{"posx":20,"posy":1,"amount":500},{"posx":2,"posy":2,"amount":50},{"posx":13,"posy":2,"amount":500},{"posx":20,"posy":2,"amount":350},{"posx":12,"posy":3,"amount":250},{"posx":12,"posy":4,"amount":50},{"posx":13,"posy":5,"amount":450},{"posx":2,"posy":7,"amount":50},{"posx":11,"posy":7,"amount":300},{"posx":13,"posy":7,"amount":500},{"posx":2,"posy":8,"amount":350},{"posx":4,"posy":8,"amount":500},{"posx":20,"posy":8,"amount":500}],"changedObstacles":[{"type":0,"posx":6,"posy":1,"value":-1}]},{"players":[{"playerId":2483603,"score":1125,"energy":23,"posx":5,"posy":1,"lastAction":0,"status":0},{"playerId":277917,"score":1250,"energy":50,"posx":2,"posy":2,"lastAction":4,"status":0},{"playerId":2251128,"score":450,"energy":20,"posx":20,"posy":2,"lastAction":5,"status":0},{"playerId":1168092,"score":925,"energy":22,"posx":13,"posy":2,"lastAction":5,"status":0}],"golds":[{"posx":19,"posy":0,"amount":250},{"posx":1,"posy":1,"amount":500},{"posx":20,"posy":1,"amount":500},{"posx":2,"posy":2,"amount":50},{"posx":13,"posy":2,"amount":450},{"posx":20,"posy":2,"amount":300},{"posx":12,"posy":3,"amount":250},{"posx":12,"posy":4,"amount":50},{"posx":13,"posy":5,"amount":450},{"posx":2,"posy":7,"amount":50},{"posx":11,"posy":7,"amount":300},{"posx":13,"posy":7,"amount":500},{"posx":2,"posy":8,"amount":350},{"posx":4,"posy":8,"amount":500},{"posx":20,"posy":8,"amount":500}],"changedObstacles":[]},{"players":[{"playerId":2483603,"score":1125,"energy":22,"posx":4,"posy":1,"lastAction":0,"status":0},{"playerId":277917,"score":1300,"energy":45,"posx":2,"posy":2,"lastAction":5,"status":0},{"playerId":2251128,"score":500,"energy":15,"posx":20,"posy":2,"lastAction":5,"status":0},{"playerId":1168092,"score":975,"energy":17,"posx":13,"posy":2,"lastAction":5,"status":0}],"golds":[{"posx":19,"posy":0,"amount":250},{"posx":1,"posy":1,"amount":500},{"posx":20,"posy":1,"amount":500},{"posx":13,"posy":2,"amount":400},{"posx":20,"posy":2,"amount":250},{"posx":12,"posy":3,"amount":250},{"posx":12,"posy":4,"amount":50},{"posx":13,"posy":5,"amount":450},{"posx":2,"posy":7,"amount":50},{"posx":11,"posy":7,"amount":300},{"posx":13,"posy":7,"amount":500},{"posx":2,"posy":8,"amount":350},{"posx":4,"posy":8,"amount":500},{"posx":20,"posy":8,"amount":500}],"changedObstacles":[{"type":0,"posx":2,"posy":2,"value":-1}]},{"players":[{"playerId":2483603,"score":1125,"energy":21,"posx":3,"posy":1,"lastAction":0,"status":0},{"playerId":277917,"score":1300,"energy":44,"posx":1,"posy":2,"lastAction":0,"status":0},{"playerId":2251128,"score":550,"energy":10,"posx":20,"posy":2,"lastAction":5,"status":0},{"playerId":1168092,"score":1025,"energy":12,"posx":13,"posy":2,"lastAction":5,"status":0}],"golds":[{"posx":19,"posy":0,"amount":250},{"posx":1,"posy":1,"amount":500},{"posx":20,"posy":1,"amount":500},{"posx":13,"posy":2,"amount":350},{"posx":20,"posy":2,"amount":200},{"posx":12,"posy":3,"amount":250},{"posx":12,"posy":4,"amount":50},{"posx":13,"posy":5,"amount":450},{"posx":2,"posy":7,"amount":50},{"posx":11,"posy":7,"amount":300},{"posx":13,"posy":7,"amount":500},{"posx":2,"posy":8,"amount":350},{"posx":4,"posy":8,"amount":500},{"posx":20,"posy":8,"amount":500}],"changedObstacles":[]},{"players":[{"playerId":2483603,"score":1125,"energy":20,"posx":2,"posy":1,"lastAction":0,"status":0},{"playerId":277917,"score":1300,"energy":40,"posx":1,"posy":1,"lastAction":2,"status":0},{"playerId":2251128,"score":600,"energy":5,"posx":20,"posy":2,"lastAction":5,"status":0},{"playerId":1168092,"score":1075,"energy":7,"posx":13,"posy":2,"lastAction":5,"status":0}],"golds":[{"posx":19,"posy":0,"amount":250},{"posx":1,"posy":1,"amount":500},{"posx":20,"posy":1,"amount":500},{"posx":13,"posy":2,"amount":300},{"posx":20,"posy":2,"amount":150},{"posx":12,"posy":3,"amount":250},{"posx":12,"posy":4,"amount":50},{"posx":13,"posy":5,"amount":450},{"posx":2,"posy":7,"amount":50},{"posx":11,"posy":7,"amount":300},{"posx":13,"posy":7,"amount":500},{"posx":2,"posy":8,"amount":350},{"posx":4,"posy":8,"amount":500},{"posx":20,"posy":8,"amount":500}],"changedObstacles":[]},{"players":[{"playerId":2483603,"score":1125,"energy":16,"posx":1,"posy":1,"lastAction":0,"status":0},{"playerId":277917,"score":1350,"energy":35,"posx":1,"posy":1,"lastAction":5,"status":0},{"playerId":2251128,"score":600,"energy":17,"posx":20,"posy":2,"lastAction":4,"status":0},{"playerId":1168092,"score":1125,"energy":2,"posx":13,"posy":2,"lastAction":5,"status":0}],"golds":[{"posx":19,"posy":0,"amount":250},{"posx":1,"posy":1,"amount":450},{"posx":20,"posy":1,"amount":500},{"posx":13,"posy":2,"amount":250},{"posx":20,"posy":2,"amount":150},{"posx":12,"posy":3,"amount":250},{"posx":12,"posy":4,"amount":50},{"posx":13,"posy":5,"amount":450},{"posx":2,"posy":7,"amount":50},{"posx":11,"posy":7,"amount":300},{"posx":13,"posy":7,"amount":500},{"posx":2,"posy":8,"amount":350},{"posx":4,"posy":8,"amount":500},{"posx":20,"posy":8,"amount":500}],"changedObstacles":[]},{"players":[{"playerId":2483603,"score":1175,"energy":11,"posx":1,"posy":1,"lastAction":5,"status":0},{"playerId":277917,"score":1400,"energy":30,"posx":1,"posy":1,"lastAction":5,"status":0},{"playerId":2251128,"score":650,"energy":12,"posx":20,"posy":2,"lastAction":5,"status":0},{"playerId":1168092,"score":1125,"energy":14,"posx":13,"posy":2,"lastAction":4,"status":0}],"golds":[{"posx":19,"posy":0,"amount":250},{"posx":1,"posy":1,"amount":350},{"posx":20,"posy":1,"amount":500},{"posx":13,"posy":2,"amount":250},{"posx":20,"posy":2,"amount":100},{"posx":12,"posy":3,"amount":250},{"posx":12,"posy":4,"amount":50},{"posx":13,"posy":5,"amount":450},{"posx":2,"posy":7,"amount":50},{"posx":11,"posy":7,"amount":300},{"posx":13,"posy":7,"amount":500},{"posx":2,"posy":8,"amount":350},{"posx":4,"posy":8,"amount":500},{"posx":20,"posy":8,"amount":500}],"changedObstacles":[]},{"players":[{"playerId":2483603,"score":1225,"energy":6,"posx":1,"posy":1,"lastAction":5,"status":0},{"playerId":277917,"score":1450,"energy":25,"posx":1,"posy":1,"lastAction":5,"status":0},{"playerId":2251128,"score":700,"energy":7,"posx":20,"posy":2,"lastAction":5,"status":0},{"playerId":1168092,"score":1125,"energy":30,"posx":13,"posy":2,"lastAction":4,"status":0}],"golds":[{"posx":19,"posy":0,"amount":250},{"posx":1,"posy":1,"amount":250},{"posx":20,"posy":1,"amount":500},{"posx":13,"posy":2,"amount":250},{"posx":20,"posy":2,"amount":50},{"posx":12,"posy":3,"amount":250},{"posx":12,"posy":4,"amount":50},{"posx":13,"posy":5,"amount":450},{"posx":2,"posy":7,"amount":50},{"posx":11,"posy":7,"amount":300},{"posx":13,"posy":7,"amount":500},{"posx":2,"posy":8,"amount":350},{"posx":4,"posy":8,"amount":500},{"posx":20,"posy":8,"amount":500}],"changedObstacles":[]},{"players":[{"playerId":2483603,"score":1275,"energy":1,"posx":1,"posy":1,"lastAction":5,"status":0},{"playerId":277917,"score":1500,"energy":20,"posx":1,"posy":1,"lastAction":5,"status":0},{"playerId":2251128,"score":750,"energy":2,"posx":20,"posy":2,"lastAction":5,"status":0},{"playerId":1168092,"score":1175,"energy":25,"posx":13,"posy":2,"lastAction":5,"status":0}],"golds":[{"posx":19,"posy":0,"amount":250},{"posx":1,"posy":1,"amount":150},{"posx":20,"posy":1,"amount":500},{"posx":13,"posy":2,"amount":200},{"posx":12,"posy":3,"amount":250},{"posx":12,"posy":4,"amount":50},{"posx":13,"posy":5,"amount":450},{"posx":2,"posy":7,"amount":50},{"posx":11,"posy":7,"amount":300},{"posx":13,"posy":7,"amount":500},{"posx":2,"posy":8,"amount":350},{"posx":4,"posy":8,"amount":500},{"posx":20,"posy":8,"amount":500}],"changedObstacles":[{"type":0,"posx":20,"posy":2,"value":-1}]},{"players":[{"playerId":2483603,"score":1275,"energy":13,"posx":1,"posy":1,"lastAction":4,"status":0},{"playerId":277917,"score":1550,"energy":15,"posx":1,"posy":1,"lastAction":5,"status":0},{"playerId":2251128,"score":750,"energy":14,"posx":20,"posy":2,"lastAction":4,"status":0},{"playerId":1168092,"score":1225,"energy":20,"posx":13,"posy":2,"lastAction":5,"status":0}],"golds":[{"posx":19,"posy":0,"amount":250},{"posx":1,"posy":1,"amount":100},{"posx":20,"posy":1,"amount":500},{"posx":13,"posy":2,"amount":150},{"posx":12,"posy":3,"amount":250},{"posx":12,"posy":4,"amount":50},{"posx":13,"posy":5,"amount":450},{"posx":2,"posy":7,"amount":50},{"posx":11,"posy":7,"amount":300},{"posx":13,"posy":7,"amount":500},{"posx":2,"posy":8,"amount":350},{"posx":4,"posy":8,"amount":500},{"posx":20,"posy":8,"amount":500}],"changedObstacles":[]},{"players":[{"playerId":2483603,"score":1275,"energy":29,"posx":1,"posy":1,"lastAction":4,"status":0},{"playerId":277917,"score":1600,"energy":10,"posx":1,"posy":1,"lastAction":5,"status":0},{"playerId":2251128,"score":750,"energy":30,"posx":20,"posy":2,"lastAction":4,"status":0},{"playerId":1168092,"score":1275,"energy":15,"posx":13,"posy":2,"lastAction":5,"status":0}],"golds":[{"posx":19,"posy":0,"amount":250},{"posx":1,"posy":1,"amount":50},{"posx":20,"posy":1,"amount":500},{"posx":13,"posy":2,"amount":100},{"posx":12,"posy":3,"amount":250},{"posx":12,"posy":4,"amount":50},{"posx":13,"posy":5,"amount":450},{"posx":2,"posy":7,"amount":50},{"posx":11,"posy":7,"amount":300},{"posx":13,"posy":7,"amount":500},{"posx":2,"posy":8,"amount":350},{"posx":4,"posy":8,"amount":500},{"posx":20,"posy":8,"amount":500}],"changedObstacles":[]},{"players":[{"playerId":2483603,"score":1300,"energy":24,"posx":1,"posy":1,"lastAction":5,"status":0},{"playerId":277917,"score":1625,"energy":5,"posx":1,"posy":1,"lastAction":5,"status":0},{"playerId":2251128,"score":750,"energy":50,"posx":20,"posy":2,"lastAction":4,"status":0},{"playerId":1168092,"score":1325,"energy":10,"posx":13,"posy":2,"lastAction":5,"status":0}],"golds":[{"posx":19,"posy":0,"amount":250},{"posx":20,"posy":1,"amount":500},{"posx":13,"posy":2,"amount":50},{"posx":12,"posy":3,"amount":250},{"posx":12,"posy":4,"amount":50},{"posx":13,"posy":5,"amount":450},{"posx":2,"posy":7,"amount":50},{"posx":11,"posy":7,"amount":300},{"posx":13,"posy":7,"amount":500},{"posx":2,"posy":8,"amount":350},{"posx":4,"posy":8,"amount":500},{"posx":20,"posy":8,"amount":500}],"changedObstacles":[{"type":0,"posx":1,"posy":1,"value":-1}]},{"players":[{"playerId":2483603,"score":1300,"energy":23,"posx":1,"posy":2,"lastAction":3,"status":0},{"playerId":277917,"score":1625,"energy":4,"posx":1,"posy":2,"lastAction":3,"status":0},{"playerId":2251128,"score":750,"energy":40,"posx":20,"posy":3,"lastAction":3,"status":0},{"playerId":1168092,"score":1375,"energy":5,"posx":13,"posy":2,"lastAction":5,"status":0}],"golds":[{"posx":19,"posy":0,"amount":250},{"posx":20,"posy":1,"amount":500},{"posx":12,"posy":3,"amount":250},{"posx":12,"posy":4,"amount":50},{"posx":13,"posy":5,"amount":450},{"posx":2,"posy":7,"amount":50},{"posx":11,"posy":7,"amount":300},{"posx":13,"posy":7,"amount":500},{"posx":2,"posy":8,"amount":350},{"posx":4,"posy":8,"amount":500},{"posx":20,"posy":8,"amount":500}],"changedObstacles":[{"type":0,"posx":20,"posy":3,"value":-1},{"type":0,"posx":13,"posy":2,"value":-1}]},{"players":[{"playerId":2483603,"score":1300,"energy":22,"posx":1,"posy":3,"lastAction":3,"status":0},{"playerId":277917,"score":1625,"energy":3,"posx":1,"posy":3,"lastAction":3,"status":0},{"playerId":2251128,"score":750,"energy":39,"posx":20,"posy":4,"lastAction":3,"status":0},{"playerId":1168092,"score":1375,"energy":4,"posx":13,"posy":3,"lastAction":3,"status":0}],"golds":[{"posx":19,"posy":0,"amount":250},{"posx":20,"posy":1,"amount":500},{"posx":12,"posy":3,"amount":250},{"posx":12,"posy":4,"amount":50},{"posx":13,"posy":5,"amount":450},{"posx":2,"posy":7,"amount":50},{"posx":11,"posy":7,"amount":300},{"posx":13,"posy":7,"amount":500},{"posx":2,"posy":8,"amount":350},{"posx":4,"posy":8,"amount":500},{"posx":20,"posy":8,"amount":500}],"changedObstacles":[]},{"players":[{"playerId":2483603,"score":1300,"energy":21,"posx":2,"posy":3,"lastAction":1,"status":0},{"playerId":277917,"score":1625,"energy":2,"posx":2,"posy":3,"lastAction":1,"status":0},{"playerId":2251128,"score":750,"energy":38,"posx":20,"posy":5,"lastAction":3,"status":0},{"playerId":1168092,"score":1375,"energy":16,"posx":13,"posy":3,"lastAction":4,"status":0}],"golds":[{"posx":19,"posy":0,"amount":250},{"posx":20,"posy":1,"amount":500},{"posx":12,"posy":3,"amount":250},{"posx":12,"posy":4,"amount":50},{"posx":13,"posy":5,"amount":450},{"posx":2,"posy":7,"amount":50},{"posx":11,"posy":7,"amount":300},{"posx":13,"posy":7,"amount":500},{"posx":2,"posy":8,"amount":350},{"posx":4,"posy":8,"amount":500},{"posx":20,"posy":8,"amount":500}],"changedObstacles":[]},{"players":[{"playerId":2483603,"score":1300,"energy":20,"posx":2,"posy":4,"lastAction":3,"status":0},{"playerId":277917,"score":1625,"energy":1,"posx":2,"posy":4,"lastAction":3,"status":0},{"playerId":2251128,"score":750,"energy":37,"posx":20,"posy":6,"lastAction":3,"status":0},{"playerId":1168092,"score":1375,"energy":12,"posx":12,"posy":3,"lastAction":0,"status":0}],"golds":[{"posx":19,"posy":0,"amount":250},{"posx":20,"posy":1,"amount":500},{"posx":12,"posy":3,"amount":250},{"posx":12,"posy":4,"amount":50},{"posx":13,"posy":5,"amount":450},{"posx":2,"posy":7,"amount":50},{"posx":11,"posy":7,"amount":300},{"posx":13,"posy":7,"amount":500},{"posx":2,"posy":8,"amount":350},{"posx":4,"posy":8,"amount":500},{"posx":20,"posy":8,"amount":500}],"changedObstacles":[]},{"players":[{"playerId":2483603,"score":1300,"energy":19,"posx":2,"posy":5,"lastAction":3,"status":0},{"playerId":277917,"score":1625,"energy":13,"posx":2,"posy":4,"lastAction":4,"status":0},{"playerId":2251128,"score":750,"energy":36,"posx":20,"posy":7,"lastAction":3,"status":0},{"playerId":1168092,"score":1425,"energy":7,"posx":12,"posy":3,"lastAction":5,"status":0}],"golds":[{"posx":19,"posy":0,"amount":250},{"posx":20,"posy":1,"amount":500},{"posx":12,"posy":3,"amount":200},{"posx":12,"posy":4,"amount":50},{"posx":13,"posy":5,"amount":450},{"posx":2,"posy":7,"amount":50},{"posx":11,"posy":7,"amount":300},{"posx":13,"posy":7,"amount":500},{"posx":2,"posy":8,"amount":350},{"posx":4,"posy":8,"amount":500},{"posx":20,"posy":8,"amount":500}],"changedObstacles":[]},{"players":[{"playerId":2483603,"score":1300,"energy":14,"posx":2,"posy":6,"lastAction":3,"status":0},{"playerId":277917,"score":1625,"energy":29,"posx":2,"posy":4,"lastAction":4,"status":0},{"playerId":2251128,"score":750,"energy":32,"posx":20,"posy":8,"lastAction":3,"status":0},{"playerId":1168092,"score":1475,"energy":2,"posx":12,"posy":3,"lastAction":5,"status":0}],"golds":[{"posx":19,"posy":0,"amount":250},{"posx":20,"posy":1,"amount":500},{"posx":12,"posy":3,"amount":150},{"posx":12,"posy":4,"amount":50},{"posx":13,"posy":5,"amount":450},{"posx":2,"posy":7,"amount":50},{"posx":11,"posy":7,"amount":300},{"posx":13,"posy":7,"amount":500},{"posx":2,"posy":8,"amount":350},{"posx":4,"posy":8,"amount":500},{"posx":20,"posy":8,"amount":500}],"changedObstacles":[{"type":3,"posx":2,"posy":6,"value":-20}]},{"players":[{"playerId":2483603,"score":1300,"energy":10,"posx":2,"posy":7,"lastAction":3,"status":0},{"playerId":277917,"score":1625,"energy":50,"posx":2,"posy":4,"lastAction":4,"status":0},{"playerId":2251128,"score":800,"energy":27,"posx":20,"posy":8,"lastAction":5,"status":0},{"playerId":1168092,"score":1475,"energy":14,"posx":12,"posy":3,"lastAction":4,"status":0}],"golds":[{"posx":19,"posy":0,"amount":250},{"posx":20,"posy":1,"amount":500},{"posx":12,"posy":3,"amount":150},{"posx":12,"posy":4,"amount":50},{"posx":13,"posy":5,"amount":450},{"posx":2,"posy":7,"amount":50},{"posx":11,"posy":7,"amount":300},{"posx":13,"posy":7,"amount":500},{"posx":2,"posy":8,"amount":350},{"posx":4,"posy":8,"amount":500},{"posx":20,"posy":8,"amount":450}],"changedObstacles":[]},{"players":[{"playerId":2483603,"score":1350,"energy":5,"posx":2,"posy":7,"lastAction":5,"status":0},{"playerId":277917,"score":1625,"energy":49,"posx":2,"posy":5,"lastAction":3,"status":0},{"playerId":2251128,"score":850,"energy":22,"posx":20,"posy":8,"lastAction":5,"status":0},{"playerId":1168092,"score":1475,"energy":30,"posx":12,"posy":3,"lastAction":4,"status":0}],"golds":[{"posx":19,"posy":0,"amount":250},{"posx":20,"posy":1,"amount":500},{"posx":12,"posy":3,"amount":150},{"posx":12,"posy":4,"amount":50},{"posx":13,"posy":5,"amount":450},{"posx":11,"posy":7,"amount":300},{"posx":13,"posy":7,"amount":500},{"posx":2,"posy":8,"amount":350},{"posx":4,"posy":8,"amount":500},{"posx":20,"posy":8,"amount":400}],"changedObstacles":[{"type":0,"posx":2,"posy":7,"value":-1}]},{"players":[{"playerId":2483603,"score":1350,"energy":1,"posx":2,"posy":8,"lastAction":3,"status":0},{"playerId":277917,"score":1625,"energy":29,"posx":2,"posy":6,"lastAction":3,"status":0},{"playerId":2251128,"score":900,"energy":17,"posx":20,"posy":8,"lastAction":5,"status":0},{"playerId":1168092,"score":1525,"energy":25,"posx":12,"posy":3,"lastAction":5,"status":0}],"golds":[{"posx":19,"posy":0,"amount":250},{"posx":20,"posy":1,"amount":500},{"posx":12,"posy":3,"amount":100},{"posx":12,"posy":4,"amount":50},{"posx":13,"posy":5,"amount":450},{"posx":11,"posy":7,"amount":300},{"posx":13,"posy":7,"amount":500},{"posx":2,"posy":8,"amount":350},{"posx":4,"posy":8,"amount":500},{"posx":20,"posy":8,"amount":350}],"changedObstacles":[{"type":3,"posx":2,"posy":6,"value":-40}]},{"players":[{"playerId":2483603,"score":1350,"energy":13,"posx":2,"posy":8,"lastAction":4,"status":0},{"playerId":277917,"score":1625,"energy":28,"posx":2,"posy":7,"lastAction":3,"status":0},{"playerId":2251128,"score":950,"energy":12,"posx":20,"posy":8,"lastAction":5,"status":0},{"playerId":1168092,"score":1575,"energy":20,"posx":12,"posy":3,"lastAction":5,"status":0}],"golds":[{"posx":19,"posy":0,"amount":250},{"posx":20,"posy":1,"amount":500},{"posx":12,"posy":3,"amount":50},{"posx":12,"posy":4,"amount":50},{"posx":13,"posy":5,"amount":450},{"posx":11,"posy":7,"amount":300},{"posx":13,"posy":7,"amount":500},{"posx":2,"posy":8,"amount":350},{"posx":4,"posy":8,"amount":500},{"posx":20,"posy":8,"amount":300}],"changedObstacles":[]},{"players":[{"playerId":2483603,"score":1350,"energy":29,"posx":2,"posy":8,"lastAction":4,"status":0},{"playerId":277917,"score":1625,"energy":24,"posx":2,"posy":8,"lastAction":3,"status":0},{"playerId":2251128,"score":1000,"energy":7,"posx":20,"posy":8,"lastAction":5,"status":0},{"playerId":1168092,"score":1625,"energy":15,"posx":12,"posy":3,"lastAction":5,"status":0}],"golds":[{"posx":19,"posy":0,"amount":250},{"posx":20,"posy":1,"amount":500},{"posx":12,"posy":4,"amount":50},{"posx":13,"posy":5,"amount":450},{"posx":11,"posy":7,"amount":300},{"posx":13,"posy":7,"amount":500},{"posx":2,"posy":8,"amount":350},{"posx":4,"posy":8,"amount":500},{"posx":20,"posy":8,"amount":250}],"changedObstacles":[{"type":0,"posx":12,"posy":3,"value":-1}]},{"players":[{"playerId":2483603,"score":1400,"energy":24,"posx":2,"posy":8,"lastAction":5,"status":0},{"playerId":277917,"score":1675,"energy":19,"posx":2,"posy":8,"lastAction":5,"status":0},{"playerId":2251128,"score":1050,"energy":2,"posx":20,"posy":8,"lastAction":5,"status":0},{"playerId":1168092,"score":1625,"energy":11,"posx":12,"posy":4,"lastAction":3,"status":0}],"golds":[{"posx":19,"posy":0,"amount":250},{"posx":20,"posy":1,"amount":500},{"posx":12,"posy":4,"amount":50},{"posx":13,"posy":5,"amount":450},{"posx":11,"posy":7,"amount":300},{"posx":13,"posy":7,"amount":500},{"posx":2,"posy":8,"amount":250},{"posx":4,"posy":8,"amount":500},{"posx":20,"posy":8,"amount":200}],"changedObstacles":[]},{"players":[{"playerId":2483603,"score":1450,"energy":19,"posx":2,"posy":8,"lastAction":5,"status":0},{"playerId":277917,"score":1725,"energy":14,"posx":2,"posy":8,"lastAction":5,"status":0},{"playerId":2251128,"score":1050,"energy":14,"posx":20,"posy":8,"lastAction":4,"status":0},{"playerId":1168092,"score":1675,"energy":6,"posx":12,"posy":4,"lastAction":5,"status":0}],"golds":[{"posx":19,"posy":0,"amount":250},{"posx":20,"posy":1,"amount":500},{"posx":13,"posy":5,"amount":450},{"posx":11,"posy":7,"amount":300},{"posx":13,"posy":7,"amount":500},{"posx":2,"posy":8,"amount":150},{"posx":4,"posy":8,"amount":500},{"posx":20,"posy":8,"amount":200}],"changedObstacles":[{"type":0,"posx":12,"posy":4,"value":-1}]},{"players":[{"playerId":2483603,"score":1500,"energy":14,"posx":2,"posy":8,"lastAction":5,"status":0},{"playerId":277917,"score":1775,"energy":9,"posx":2,"posy":8,"lastAction":5,"status":0},{"playerId":2251128,"score":1100,"energy":9,"posx":20,"posy":8,"lastAction":5,"status":0},{"playerId":1168092,"score":1675,"energy":5,"posx":12,"posy":5,"lastAction":3,"status":0}],"golds":[{"posx":19,"posy":0,"amount":250},{"posx":20,"posy":1,"amount":500},{"posx":13,"posy":5,"amount":450},{"posx":11,"posy":7,"amount":300},{"posx":13,"posy":7,"amount":500},{"posx":2,"posy":8,"amount":50},{"posx":4,"posy":8,"amount":500},{"posx":20,"posy":8,"amount":150}],"changedObstacles":[]},{"players":[{"playerId":2483603,"score":1525,"energy":9,"posx":2,"posy":8,"lastAction":5,"status":0},{"playerId":277917,"score":1800,"energy":4,"posx":2,"posy":8,"lastAction":5,"status":0},{"playerId":2251128,"score":1150,"energy":4,"posx":20,"posy":8,"lastAction":5,"status":0},{"playerId":1168092,"score":1675,"energy":1,"posx":13,"posy":5,"lastAction":1,"status":0}],"golds":[{"posx":19,"posy":0,"amount":250},{"posx":20,"posy":1,"amount":500},{"posx":13,"posy":5,"amount":450},{"posx":11,"posy":7,"amount":300},{"posx":13,"posy":7,"amount":500},{"posx":4,"posy":8,"amount":500},{"posx":20,"posy":8,"amount":100}],"changedObstacles":[{"type":0,"posx":2,"posy":8,"value":-1}]},{"players":[{"playerId":2483603,"score":1525,"energy":8,"posx":3,"posy":8,"lastAction":1,"status":0},{"playerId":277917,"score":1800,"energy":3,"posx":3,"posy":8,"lastAction":1,"status":0},{"playerId":2251128,"score":1150,"energy":16,"posx":20,"posy":8,"lastAction":4,"status":0},{"playerId":1168092,"score":1675,"energy":13,"posx":13,"posy":5,"lastAction":4,"status":0}],"golds":[{"posx":19,"posy":0,"amount":250},{"posx":20,"posy":1,"amount":500},{"posx":13,"posy":5,"amount":450},{"posx":11,"posy":7,"amount":300},{"posx":13,"posy":7,"amount":500},{"posx":4,"posy":8,"amount":500},{"posx":20,"posy":8,"amount":100}],"changedObstacles":[]},{"players":[{"playerId":2483603,"score":1525,"energy":4,"posx":4,"posy":8,"lastAction":1,"status":0},{"playerId":277917,"score":1800,"energy":15,"posx":3,"posy":8,"lastAction":4,"status":0},{"playerId":2251128,"score":1200,"energy":11,"posx":20,"posy":8,"lastAction":5,"status":0},{"playerId":1168092,"score":1675,"energy":29,"posx":13,"posy":5,"lastAction":4,"status":0}],"golds":[{"posx":19,"posy":0,"amount":250},{"posx":20,"posy":1,"amount":500},{"posx":13,"posy":5,"amount":450},{"posx":11,"posy":7,"amount":300},{"posx":13,"posy":7,"amount":500},{"posx":4,"posy":8,"amount":500},{"posx":20,"posy":8,"amount":50}],"changedObstacles":[]},{"players":[{"playerId":2483603,"score":1525,"energy":16,"posx":4,"posy":8,"lastAction":4,"status":0},{"playerId":277917,"score":1800,"energy":31,"posx":3,"posy":8,"lastAction":4,"status":0},{"playerId":2251128,"score":1250,"energy":6,"posx":20,"posy":8,"lastAction":5,"status":0},{"playerId":1168092,"score":1725,"energy":24,"posx":13,"posy":5,"lastAction":5,"status":0}],"golds":[{"posx":19,"posy":0,"amount":250},{"posx":20,"posy":1,"amount":500},{"posx":13,"posy":5,"amount":400},{"posx":11,"posy":7,"amount":300},{"posx":13,"posy":7,"amount":500},{"posx":4,"posy":8,"amount":500}],"changedObstacles":[{"type":0,"posx":20,"posy":8,"value":-1}]},{"players":[{"playerId":2483603,"score":1525,"energy":32,"posx":4,"posy":8,"lastAction":4,"status":0},{"playerId":277917,"score":1800,"energy":50,"posx":3,"posy":8,"lastAction":4,"status":0},{"playerId":2251128,"score":1250,"energy":5,"posx":20,"posy":7,"lastAction":2,"status":0},{"playerId":1168092,"score":1775,"energy":19,"posx":13,"posy":5,"lastAction":5,"status":0}],"golds":[{"posx":19,"posy":0,"amount":250},{"posx":20,"posy":1,"amount":500},{"posx":13,"posy":5,"amount":350},{"posx":11,"posy":7,"amount":300},{"posx":13,"posy":7,"amount":500},{"posx":4,"posy":8,"amount":500}],"changedObstacles":[]},{"players":[{"playerId":2483603,"score":1575,"energy":27,"posx":4,"posy":8,"lastAction":5,"status":0},{"playerId":277917,"score":1800,"energy":46,"posx":4,"posy":8,"lastAction":1,"status":0},{"playerId":2251128,"score":1250,"energy":4,"posx":20,"posy":6,"lastAction":2,"status":0},{"playerId":1168092,"score":1825,"energy":14,"posx":13,"posy":5,"lastAction":5,"status":0}],"golds":[{"posx":19,"posy":0,"amount":250},{"posx":20,"posy":1,"amount":500},{"posx":13,"posy":5,"amount":300},{"posx":11,"posy":7,"amount":300},{"posx":13,"posy":7,"amount":500},{"posx":4,"posy":8,"amount":450}],"changedObstacles":[]},{"players":[{"playerId":2483603,"score":1625,"energy":22,"posx":4,"posy":8,"lastAction":5,"status":0},{"playerId":277917,"score":1850,"energy":41,"posx":4,"posy":8,"lastAction":5,"status":0},{"playerId":2251128,"score":1250,"energy":3,"posx":20,"posy":5,"lastAction":2,"status":0},{"playerId":1168092,"score":1875,"energy":9,"posx":13,"posy":5,"lastAction":5,"status":0}],"golds":[{"posx":19,"posy":0,"amount":250},{"posx":20,"posy":1,"amount":500},{"posx":13,"posy":5,"amount":250},{"posx":11,"posy":7,"amount":300},{"posx":13,"posy":7,"amount":500},{"posx":4,"posy":8,"amount":350}],"changedObstacles":[]},{"players":[{"playerId":2483603,"score":1675,"energy":17,"posx":4,"posy":8,"lastAction":5,"status":0},{"playerId":277917,"score":1900,"energy":36,"posx":4,"posy":8,"lastAction":5,"status":0},{"playerId":2251128,"score":1250,"energy":2,"posx":20,"posy":4,"lastAction":2,"status":0},{"playerId":1168092,"score":1925,"energy":4,"posx":13,"posy":5,"lastAction":5,"status":0}],"golds":[{"posx":19,"posy":0,"amount":250},{"posx":20,"posy":1,"amount":500},{"posx":13,"posy":5,"amount":200},{"posx":11,"posy":7,"amount":300},{"posx":13,"posy":7,"amount":500},{"posx":4,"posy":8,"amount":250}],"changedObstacles":[]},{"players":[{"playerId":2483603,"score":1725,"energy":12,"posx":4,"posy":8,"lastAction":5,"status":0},{"playerId":277917,"score":1950,"energy":31,"posx":4,"posy":8,"lastAction":5,"status":0},{"playerId":2251128,"score":1250,"energy":1,"posx":20,"posy":3,"lastAction":2,"status":0},{"playerId":1168092,"score":1925,"energy":16,"posx":13,"posy":5,"lastAction":4,"status":0}],"golds":[{"posx":19,"posy":0,"amount":250},{"posx":20,"posy":1,"amount":500},{"posx":13,"posy":5,"amount":200},{"posx":11,"posy":7,"amount":300},{"posx":13,"posy":7,"amount":500},{"posx":4,"posy":8,"amount":150}],"changedObstacles":[]},{"players":[{"playerId":2483603,"score":1775,"energy":7,"posx":4,"posy":8,"lastAction":5,"status":0},{"playerId":277917,"score":2000,"energy":26,"posx":4,"posy":8,"lastAction":5,"status":0},{"playerId":2251128,"score":1250,"energy":13,"posx":20,"posy":3,"lastAction":4,"status":0},{"playerId":1168092,"score":1925,"energy":32,"posx":13,"posy":5,"lastAction":4,"status":0}],"golds":[{"posx":19,"posy":0,"amount":250},{"posx":20,"posy":1,"amount":500},{"posx":13,"posy":5,"amount":200},{"posx":11,"posy":7,"amount":300},{"posx":13,"posy":7,"amount":500},{"posx":4,"posy":8,"amount":50}],"changedObstacles":[]},{"players":[{"playerId":2483603,"score":1800,"energy":2,"posx":4,"posy":8,"lastAction":5,"status":0},{"playerId":277917,"score":2025,"energy":21,"posx":4,"posy":8,"lastAction":5,"status":0},{"playerId":2251128,"score":1250,"energy":29,"posx":20,"posy":3,"lastAction":4,"status":0},{"playerId":1168092,"score":1975,"energy":27,"posx":13,"posy":5,"lastAction":5,"status":0}],"golds":[{"posx":19,"posy":0,"amount":250},{"posx":20,"posy":1,"amount":500},{"posx":13,"posy":5,"amount":150},{"posx":11,"posy":7,"amount":300},{"posx":13,"posy":7,"amount":500}],"changedObstacles":[{"type":0,"posx":4,"posy":8,"value":-1}]},{"players":[{"playerId":2483603,"score":1800,"energy":1,"posx":4,"posy":7,"lastAction":2,"status":0},{"playerId":277917,"score":2025,"energy":20,"posx":4,"posy":7,"lastAction":2,"status":0},{"playerId":2251128,"score":1250,"energy":50,"posx":20,"posy":3,"lastAction":4,"status":0},{"playerId":1168092,"score":2025,"energy":22,"posx":13,"posy":5,"lastAction":5,"status":0}],"golds":[{"posx":19,"posy":0,"amount":250},{"posx":20,"posy":1,"amount":500},{"posx":13,"posy":5,"amount":100},{"posx":11,"posy":7,"amount":300},{"posx":13,"posy":7,"amount":500}],"changedObstacles":[]},{"players":[{"playerId":2483603,"score":1800,"energy":13,"posx":4,"posy":7,"lastAction":4,"status":0},{"playerId":277917,"score":2025,"energy":19,"posx":5,"posy":7,"lastAction":1,"status":0},{"playerId":2251128,"score":1250,"energy":49,"posx":20,"posy":2,"lastAction":2,"status":0},{"playerId":1168092,"score":2075,"energy":17,"posx":13,"posy":5,"lastAction":5,"status":0}],"golds":[{"posx":19,"posy":0,"amount":250},{"posx":20,"posy":1,"amount":500},{"posx":13,"posy":5,"amount":50},{"posx":11,"posy":7,"amount":300},{"posx":13,"posy":7,"amount":500}],"changedObstacles":[]},{"players":[{"playerId":2483603,"score":1800,"energy":29,"posx":4,"posy":7,"lastAction":4,"status":0},{"playerId":277917,"score":2025,"energy":18,"posx":6,"posy":7,"lastAction":1,"status":0},{"playerId":2251128,"score":1250,"energy":45,"posx":20,"posy":1,"lastAction":2,"status":0},{"playerId":1168092,"score":2125,"energy":12,"posx":13,"posy":5,"lastAction":5,"status":0}],"golds":[{"posx":19,"posy":0,"amount":250},{"posx":20,"posy":1,"amount":500},{"posx":11,"posy":7,"amount":300},{"posx":13,"posy":7,"amount":500}],"changedObstacles":[{"type":0,"posx":13,"posy":5,"value":-1}]},{"players":[{"playerId":2483603,"score":1800,"energy":28,"posx":5,"posy":7,"lastAction":1,"status":0},{"playerId":277917,"score":2025,"energy":17,"posx":7,"posy":7,"lastAction":1,"status":0},{"playerId":2251128,"score":1300,"energy":40,"posx":20,"posy":1,"lastAction":5,"status":0},{"playerId":1168092,"score":2125,"energy":11,"posx":13,"posy":6,"lastAction":3,"status":0}],"golds":[{"posx":19,"posy":0,"amount":250},{"posx":20,"posy":1,"amount":450},{"posx":11,"posy":7,"amount":300},{"posx":13,"posy":7,"amount":500}],"changedObstacles":[]},{"players":[{"playerId":2483603,"score":1800,"energy":27,"posx":6,"posy":7,"lastAction":1,"status":0},{"playerId":277917,"score":2025,"energy":16,"posx":8,"posy":7,"lastAction":1,"status":0},{"playerId":2251128,"score":1350,"energy":35,"posx":20,"posy":1,"lastAction":5,"status":0},{"playerId":1168092,"score":2125,"energy":7,"posx":13,"posy":7,"lastAction":3,"status":0}],"golds":[{"posx":19,"posy":0,"amount":250},{"posx":20,"posy":1,"amount":400},{"posx":11,"posy":7,"amount":300},{"posx":13,"posy":7,"amount":500}],"changedObstacles":[]},{"players":[{"playerId":2483603,"score":1800,"energy":26,"posx":7,"posy":7,"lastAction":1,"status":0},{"playerId":277917,"score":2025,"energy":15,"posx":9,"posy":7,"lastAction":1,"status":0},{"playerId":2251128,"score":1400,"energy":30,"posx":20,"posy":1,"lastAction":5,"status":0},{"playerId":1168092,"score":2175,"energy":2,"posx":13,"posy":7,"lastAction":5,"status":0}],"golds":[{"posx":19,"posy":0,"amount":250},{"posx":20,"posy":1,"amount":350},{"posx":11,"posy":7,"amount":300},{"posx":13,"posy":7,"amount":450}],"changedObstacles":[]},{"players":[{"playerId":2483603,"score":1800,"energy":25,"posx":8,"posy":7,"lastAction":1,"status":0},{"playerId":277917,"score":2025,"energy":14,"posx":10,"posy":7,"lastAction":1,"status":0},{"playerId":2251128,"score":1450,"energy":25,"posx":20,"posy":1,"lastAction":5,"status":0},{"playerId":1168092,"score":2175,"energy":14,"posx":13,"posy":7,"lastAction":4,"status":0}],"golds":[{"posx":19,"posy":0,"amount":250},{"posx":20,"posy":1,"amount":300},{"posx":11,"posy":7,"amount":300},{"posx":13,"posy":7,"amount":450}],"changedObstacles":[]},{"players":[{"playerId":2483603,"score":1800,"energy":24,"posx":9,"posy":7,"lastAction":1,"status":0},{"playerId":277917,"score":2025,"energy":10,"posx":11,"posy":7,"lastAction":1,"status":0},{"playerId":2251128,"score":1500,"energy":20,"posx":20,"posy":1,"lastAction":5,"status":0},{"playerId":1168092,"score":2175,"energy":30,"posx":13,"posy":7,"lastAction":4,"status":0}],"golds":[{"posx":19,"posy":0,"amount":250},{"posx":20,"posy":1,"amount":250},{"posx":11,"posy":7,"amount":300},{"posx":13,"posy":7,"amount":450}],"changedObstacles":[]},{"players":[{"playerId":2483603,"score":1800,"energy":23,"posx":10,"posy":7,"lastAction":1,"status":0},{"playerId":277917,"score":2075,"energy":5,"posx":11,"posy":7,"lastAction":5,"status":0},{"playerId":2251128,"score":1550,"energy":15,"posx":20,"posy":1,"lastAction":5,"status":0},{"playerId":1168092,"score":2225,"energy":25,"posx":13,"posy":7,"lastAction":5,"status":0}],"golds":[{"posx":19,"posy":0,"amount":250},{"posx":20,"posy":1,"amount":200},{"posx":11,"posy":7,"amount":250},{"posx":13,"posy":7,"amount":400}],"changedObstacles":[]},{"players":[{"playerId":2483603,"score":1800,"energy":19,"posx":11,"posy":7,"lastAction":1,"status":0},{"playerId":277917,"score":2075,"energy":17,"posx":11,"posy":7,"lastAction":4,"status":0},{"playerId":2251128,"score":1600,"energy":10,"posx":20,"posy":1,"lastAction":5,"status":0},{"playerId":1168092,"score":2275,"energy":20,"posx":13,"posy":7,"lastAction":5,"status":0}],"golds":[{"posx":19,"posy":0,"amount":250},{"posx":20,"posy":1,"amount":150},{"posx":11,"posy":7,"amount":250},{"posx":13,"posy":7,"amount":350}],"changedObstacles":[]},{"players":[{"playerId":2483603,"score":1850,"energy":14,"posx":11,"posy":7,"lastAction":5,"status":0},{"playerId":277917,"score":2075,"energy":33,"posx":11,"posy":7,"lastAction":4,"status":0},{"playerId":2251128,"score":1650,"energy":5,"posx":20,"posy":1,"lastAction":5,"status":0},{"playerId":1168092,"score":2325,"energy":15,"posx":13,"posy":7,"lastAction":5,"status":0}],"golds":[{"posx":19,"posy":0,"amount":250},{"posx":20,"posy":1,"amount":100},{"posx":11,"posy":7,"amount":200},{"posx":13,"posy":7,"amount":300}],"changedObstacles":[]},{"players":[{"playerId":2483603,"score":1900,"energy":9,"posx":11,"posy":7,"lastAction":5,"status":0},{"playerId":277917,"score":2075,"energy":50,"posx":11,"posy":7,"lastAction":4,"status":0},{"playerId":2251128,"score":1650,"energy":17,"posx":20,"posy":1,"lastAction":4,"status":0},{"playerId":1168092,"score":2375,"energy":10,"posx":13,"posy":7,"lastAction":5,"status":0}],"golds":[{"posx":19,"posy":0,"amount":250},{"posx":20,"posy":1,"amount":100},{"posx":11,"posy":7,"amount":150},{"posx":13,"posy":7,"amount":250}],"changedObstacles":[]},{"players":[{"playerId":2483603,"score":1950,"energy":4,"posx":11,"posy":7,"lastAction":5,"status":0},{"playerId":277917,"score":2125,"energy":45,"posx":11,"posy":7,"lastAction":5,"status":0},{"playerId":2251128,"score":1700,"energy":12,"posx":20,"posy":1,"lastAction":5,"status":0},{"playerId":1168092,"score":2425,"energy":5,"posx":13,"posy":7,"lastAction":5,"status":0}],"golds":[{"posx":19,"posy":0,"amount":250},{"posx":20,"posy":1,"amount":50},{"posx":11,"posy":7,"amount":50},{"posx":13,"posy":7,"amount":200}],"changedObstacles":[]},{"players":[{"playerId":2483603,"score":1950,"energy":16,"posx":11,"posy":7,"lastAction":4,"status":0},{"playerId":277917,"score":2175,"energy":40,"posx":11,"posy":7,"lastAction":5,"status":0},{"playerId":2251128,"score":1750,"energy":7,"posx":20,"posy":1,"lastAction":5,"status":0},{"playerId":1168092,"score":2425,"energy":17,"posx":13,"posy":7,"lastAction":4,"status":0}],"golds":[{"posx":19,"posy":0,"amount":250},{"posx":13,"posy":7,"amount":200}],"changedObstacles":[{"type":0,"posx":11,"posy":7,"value":-1},{"type":0,"posx":20,"posy":1,"value":-1}]},{"players":[{"playerId":2483603,"score":1950,"energy":32,"posx":11,"posy":7,"lastAction":4,"status":0},{"playerId":277917,"score":2175,"energy":39,"posx":12,"posy":7,"lastAction":1,"status":0},{"playerId":2251128,"score":1750,"energy":6,"posx":20,"posy":0,"lastAction":2,"status":0},{"playerId":1168092,"score":2425,"energy":33,"posx":13,"posy":7,"lastAction":4,"status":0}],"golds":[{"posx":19,"posy":0,"amount":250},{"posx":13,"posy":7,"amount":200}],"changedObstacles":[]},{"players":[{"playerId":2483603,"score":1950,"energy":31,"posx":12,"posy":7,"lastAction":1,"status":0},{"playerId":277917,"score":2175,"energy":35,"posx":13,"posy":7,"lastAction":1,"status":0},{"playerId":2251128,"score":1750,"energy":2,"posx":19,"posy":0,"lastAction":0,"status":0},{"playerId":1168092,"score":2475,"energy":28,"posx":13,"posy":7,"lastAction":5,"status":0}],"golds":[{"posx":19,"posy":0,"amount":250},{"posx":13,"posy":7,"amount":150}],"changedObstacles":[]},{"players":[{"playerId":2483603,"score":1950,"energy":27,"posx":13,"posy":7,"lastAction":1,"status":0},{"playerId":277917,"score":2225,"energy":30,"posx":13,"posy":7,"lastAction":5,"status":0},{"playerId":2251128,"score":1750,"energy":14,"posx":19,"posy":0,"lastAction":4,"status":0},{"playerId":1168092,"score":2525,"energy":23,"posx":13,"posy":7,"lastAction":5,"status":0}],"golds":[{"posx":19,"posy":0,"amount":250},{"posx":13,"posy":7,"amount":50}],"changedObstacles":[]},{"players":[{"playerId":2483603,"score":1967,"energy":22,"posx":13,"posy":7,"lastAction":5,"status":0},{"playerId":277917,"score":2242,"energy":25,"posx":13,"posy":7,"lastAction":5,"status":0},{"playerId":2251128,"score":1800,"energy":9,"posx":19,"posy":0,"lastAction":5,"status":0},{"playerId":1168092,"score":2542,"energy":18,"posx":13,"posy":7,"lastAction":5,"status":0}],"golds":[{"posx":19,"posy":0,"amount":200}],"changedObstacles":[{"type":0,"posx":13,"posy":7,"value":-1}]},{"players":[{"playerId":2483603,"score":1967,"energy":34,"posx":13,"posy":7,"lastAction":4,"status":0},{"playerId":277917,"score":2242,"energy":37,"posx":13,"posy":7,"lastAction":4,"status":0},{"playerId":2251128,"score":1850,"energy":4,"posx":19,"posy":0,"lastAction":5,"status":0},{"playerId":1168092,"score":2542,"energy":17,"posx":14,"posy":7,"lastAction":1,"status":0}],"golds":[{"posx":19,"posy":0,"amount":150}],"changedObstacles":[]},{"players":[{"playerId":2483603,"score":1967,"energy":50,"posx":13,"posy":7,"lastAction":4,"status":0},{"playerId":277917,"score":2242,"energy":50,"posx":13,"posy":7,"lastAction":4,"status":0},{"playerId":2251128,"score":1850,"energy":16,"posx":19,"posy":0,"lastAction":4,"status":0},{"playerId":1168092,"score":2542,"energy":16,"posx":15,"posy":7,"lastAction":1,"status":0}],"golds":[{"posx":19,"posy":0,"amount":150}],"changedObstacles":[]},{"players":[{"playerId":2483603,"score":1967,"energy":50,"posx":13,"posy":7,"lastAction":4,"status":0},{"playerId":277917,"score":2242,"energy":50,"posx":13,"posy":7,"lastAction":4,"status":0},{"playerId":2251128,"score":1900,"energy":11,"posx":19,"posy":0,"lastAction":5,"status":0},{"playerId":1168092,"score":2542,"energy":15,"posx":16,"posy":7,"lastAction":1,"status":0}],"golds":[{"posx":19,"posy":0,"amount":100}],"changedObstacles":[]},{"players":[{"playerId":2483603,"score":1967,"energy":50,"posx":13,"posy":7,"lastAction":4,"status":0},{"playerId":277917,"score":2242,"energy":50,"posx":13,"posy":7,"lastAction":4,"status":0},{"playerId":2251128,"score":1950,"energy":6,"posx":19,"posy":0,"lastAction":5,"status":0},{"playerId":1168092,"score":2542,"energy":14,"posx":17,"posy":7,"lastAction":1,"status":0}],"golds":[{"posx":19,"posy":0,"amount":50}],"changedObstacles":[]},{"players":[{"playerId":2483603,"score":1967,"energy":50,"posx":13,"posy":7,"lastAction":4,"status":0},{"playerId":277917,"score":2242,"energy":50,"posx":13,"posy":7,"lastAction":4,"status":0},{"playerId":2251128,"score":2000,"energy":1,"posx":19,"posy":0,"lastAction":5,"status":0},{"playerId":1168092,"score":2542,"energy":13,"posx":17,"posy":6,"lastAction":2,"status":0}],"golds":[],"changedObstacles":[{"type":0,"posx":19,"posy":0,"value":-1}]}]